CRASH_RECORD_ID,CRASH_DATE,POSTED_SPEED_LIMIT,WEATHER_CONDITION,LIGHTING_CONDITION,FIRST_CRASH_TYPE,TRAFFICWAY_TYPE,TRAFFIC_CONTROL_DEVICE,PRIM_CONTRIBUTORY_CAUSE,SEC_CONTRIBUTORY_CAUSE,INJURIES_FATAL,INJURIES_INCAPACITATING,INJURIES_NON_INCAPACITATING,INJURIES_TOTAL,CRASH_HOUR,CRASH_DAY_OF_WEEK,CRASH_MONTH,BEAT_OF_OCCURRENCE,STREET_NAME,LATITUDE,LONGITUDE,DATE_POLICE_NOTIFIED,year
CR00000163,02/09/2017 09:48:00 PM,30,CLEAR,DAYLIGHT,REAR END,NOT DIVIDED,UNKNOWN,UNABLE TO DETERMINE,DISREGARDING TRAFFIC SIGNALS,0,0,0,0,21,5,2,2061,MICHIGAN AVE,41.901435,-87.774044,02/09/2017 10:15:00 PM,2017
CR00000164,10/20/2022 05:45:00 PM,30,CLEAR,DAYLIGHT,ANGLE,FOUR WAY,TRAFFIC SIGNAL,FOLLOWING TOO CLOSELY,FOLLOWING TOO CLOSELY,0,0,0,0,17,5,10,1573,OGDEN AVE,41.974538,-87.656772,10/20/2022 07:25:00 PM,2022
CR00000165,11/24/2024 03:29:00 PM,30,CLEAR,DAYLIGHT,SIDESWIPE SAME DIRECTION,DIVIDED - W/MEDIAN (NOT RAISED),NO CONTROLS,IMPROPER LANE USAGE,NOT APPLICABLE,0,0,0,0,15,1,11,1006,ROOSEVELT RD,41.994396,-87.685678,11/24/2024 05:17:00 PM,2024
CR00000166,08/20/2016 01:16:00 AM,25,CLEAR,DAYLIGHT,SIDESWIPE SAME DIRECTION,DIVIDED - W/MEDIAN (NOT RAISED),STOP SIGN/FLASHER,FOLLOWING TOO CLOSELY,IMPROPER OVERTAKING/PASSING,0,0,0,0,1,7,8,2355,79TH ST,41.87521,-87.597996,08/20/2016 01:54:00 AM,2016
CR00000167,09/06/2022 11:16:00 AM,35,CLEAR,DAYLIGHT,PEDESTRIAN,DIVIDED - W/MEDIAN (NOT RAISED),NO CONTROLS,UNABLE TO DETERMINE,DISREGARDING TRAFFIC SIGNALS,0,0,0,0,11,3,9,2338,LAKE SHORE DR,41.846586,-87.596755,09/06/2022 12:51:00 PM,2022
CR00000168,01/23/2017 04:41:00 PM,15,CLEAR,DAYLIGHT,PARKED MOTOR VEHICLE,NOT DIVIDED,NO CONTROLS,FAILING TO REDUCE SPEED,UNABLE TO DETERMINE,0,0,1,1,16,2,1,137,KEDZIE AVE,41.983556,-87.616125,01/23/2017 06:19:00 PM,2017
CR00000169,09/02/2020 02:23:00 PM,35,SNOW,DARKNESS - LIGHTED ROAD,REAR END,NOT DIVIDED,TRAFFIC SIGNAL,DRIVING SKILLS/KNOWLEDGE/EXPERIENCE,FAILING TO YIELD RIGHT-OF-WAY,0,0,0,0,14,4,9,148,WESTERN AVE,41.891319,-87.523134,09/02/2020 04:20:00 PM,2020
CR00000170,12/08/2020 07:17:00 PM,35,CLEAR,DAYLIGHT,REAR END,ONE-WAY,NO CONTROLS,FOLLOWING TOO CLOSELY,UNABLE TO DETERMINE,0,0,0,0,19,3,12,2256,STATE ST,41.786007,-87.674224,12/08/2020 08:47:00 PM,2020
CR00000171,02/22/2024 12:17:00 PM,30,SNOW,DAYLIGHT,PARKED MOTOR VEHICLE,FOUR WAY,YIELD,UNABLE TO DETERMINE,UNABLE TO DETERMINE,0,0,2,2,12,5,2,1760,BROADWAY,41.869501,-87.503418,02/22/2024 12:46:00 PM,2024
CR00000172,03/25/2019 04:30:00 PM,35,SNOW,DAYLIGHT,ANGLE,NOT DIVIDED,TRAFFIC SIGNAL,UNABLE TO DETERMINE,UNABLE TO DETERMINE,0,0,0,0,16,2,3,965,47TH ST,41.702835,-87.790016,03/25/2019 05:34:00 PM,2019
CR00000173,12/14/2024 04:30:00 PM,40,RAIN,DARKNESS - LIGHTED ROAD,REAR END,NOT DIVIDED,TRAFFIC SIGNAL,UNABLE TO DETERMINE,UNABLE TO DETERMINE,0,0,0,0,16,7,12,2504,HALSTED ST,41.977248,-87.61045,12/14/2024 05:06:00 PM,2024
CR00000174,06/09/2023 10:45:00 PM,40,CLEAR,DAYLIGHT,REAR TO FRONT,DIVIDED - W/MEDIAN BARRIER,NO CONTROLS,FAILING TO REDUCE SPEED,DISREGARDING TRAFFIC SIGNALS,0,2,1,3,22,6,6,421,OGDEN AVE,41.870009,-87.552695,06/10/2023 12:12:00 AM,2023
CR00000175,05/12/2023 11:03:00 AM,45,RAIN,DAYLIGHT,REAR TO FRONT,DIVIDED - W/MEDIAN (NOT RAISED),NO CONTROLS,DISTRACTION - FROM INSIDE VEHICLE,FOLLOWING TOO CLOSELY,0,0,0,0,11,6,5,1945,LAKE SHORE DR,41.769643,-87.823394,05/12/2023 12:21:00 PM,2023
CR00000176,07/23/2017 12:35:00 PM,30,CLOUDY/OVERCAST,DAYLIGHT,REAR END,NOT DIVIDED,NO CONTROLS,FAILING TO YIELD RIGHT-OF-WAY,FAILING TO REDUCE SPEED,0,0,2,2,12,1,7,731,ROOSEVELT RD,41.725708,-87.633484,07/23/2017 02:18:00 PM,2017
CR00000177,05/15/2019 11:23:00 AM,30,CLEAR,DAYLIGHT,REAR END,NOT DIVIDED,TRAFFIC SIGNAL,IMPROPER OVERTAKING/PASSING,DRIVING SKILLS/KNOWLEDGE/EXPERIENCE,0,0,0,0,11,4,5,2372,OGDEN AVE,41.701559,-87.742106,05/15/2019 12:10:00 PM,2019
CR00000178,07/30/2019 06:01:00 AM,30,CLEAR,DAYLIGHT,SIDESWIPE SAME DIRECTION,DIVIDED - W/MEDIAN (NOT RAISED),TRAFFIC SIGNAL,WEATHER,UNABLE TO DETERMINE,0,0,0,0,6,3,7,2391,MICHIGAN AVE,41.866266,-87.641076,07/30/2019 07:42:00 AM,2019
CR00000179,05/31/2021 03:10:00 PM,35,CLEAR,DAYLIGHT,REAR END,DIVIDED - W/MEDIAN (NOT RAISED),NO CONTROLS,FAILING TO YIELD RIGHT-OF-WAY,FOLLOWING TOO CLOSELY,0,0,0,0,15,2,5,2083,CICERO AVE,41.750851,-87.755878,05/31/2021 03:45:00 PM,2021
CR00000180,01/19/2019 09:15:00 AM,20,CLEAR,DAYLIGHT,REAR END,DIVIDED - W/MEDIAN (NOT RAISED),TRAFFIC SIGNAL,DISTRACTION - FROM INSIDE VEHICLE,FAILING TO YIELD RIGHT-OF-WAY,0,0,0,0,9,7,1,1449,CALIFORNIA AVE,41.848741,-87.634166,01/19/2019 10:14:00 AM,2019
CR00000181,10/03/2018 02:52:00 PM,35,CLEAR,DAYLIGHT,TURNING,DIVIDED - W/MEDIAN (NOT RAISED),NO CONTROLS,DISREGARDING TRAFFIC SIGNALS,FAILING TO REDUCE SPEED,0,0,1,1,14,4,10,2111,FULLERTON AVE,41.7962,-87.518452,10/03/2018 03:18:00 PM,2018
CR00000182,10/08/2023 09:20:00 AM,45,CLEAR,DARKNESS - LIGHTED ROAD,ANGLE,NOT DIVIDED,STOP SIGN/FLASHER,WEATHER,DRIVING SKILLS/KNOWLEDGE/EXPERIENCE,0,0,0,0,9,1,10,210,ROOSEVELT RD,41.944948,-87.712473,10/08/2023 09:35:00 AM,2023
CR00000183,03/05/2020 06:13:00 PM,35,SNOW,DARKNESS - LIGHTED ROAD,REAR END,FOUR WAY,NO CONTROLS,FOLLOWING TOO CLOSELY,FOLLOWING TOO CLOSELY,0,0,0,0,18,5,3,731,47TH ST,41.787399,-87.607508,03/05/2020 07:58:00 PM,2020
CR00000184,09/30/2019 08:24:00 PM,40,CLEAR,DARKNESS,TURNING,ONE-WAY,NO CONTROLS,FAILING TO YIELD RIGHT-OF-WAY,FAILING TO REDUCE SPEED,0,0,0,0,20,2,9,2299,DIVISION ST,41.99721,-87.682268,09/30/2019 09:16:00 PM,2019
CR00000185,02/26/2022 05:06:00 AM,45,CLEAR,DARKNESS - LIGHTED ROAD,PARKED MOTOR VEHICLE,DIVIDED - W/MEDIAN BARRIER,STOP SIGN/FLASHER,FAILING TO YIELD RIGHT-OF-WAY,DISREGARDING TRAFFIC SIGNALS,0,0,0,0,5,7,2,1458,DAMEN AVE,41.89728,-87.725747,02/26/2022 06:29:00 AM,2022
CR00000186,03/09/2016 12:06:00 AM,45,CLEAR,DAYLIGHT,TURNING,DIVIDED - W/MEDIAN (NOT RAISED),TRAFFIC SIGNAL,WEATHER,FAILING TO REDUCE SPEED,0,0,0,0,0,4,3,2510,47TH ST,41.853203,-87.668421,03/09/2016 01:21:00 AM,2016
CR00000187,08/11/2020 07:22:00 AM,30,CLEAR,DAYLIGHT,REAR END,ONE-WAY,TRAFFIC SIGNAL,FAILING TO YIELD RIGHT-OF-WAY,IMPROPER OVERTAKING/PASSING,0,0,1,1,7,3,8,499,CALIFORNIA AVE,41.949395,-87.594447,08/11/2020 08:07:00 AM,2020
CR00000188,02/05/2023 06:28:00 PM,15,CLEAR,DARKNESS - LIGHTED ROAD,REAR END,DIVIDED - W/MEDIAN BARRIER,NO CONTROLS,DISREGARDING TRAFFIC SIGNALS,FOLLOWING TOO CLOSELY,0,0,0,0,18,1,2,2213,STONY ISLAND AVE,41.790079,-87.566435,02/05/2023 06:43:00 PM,2023
CR00000189,03/10/2021 07:21:00 AM,25,CLEAR,DARKNESS - LIGHTED ROAD,FIXED OBJECT,DIVIDED - W/MEDIAN (NOT RAISED),TRAFFIC SIGNAL,UNABLE TO DETERMINE,DISREGARDING TRAFFIC SIGNALS,0,0,0,0,7,4,3,908,CALIFORNIA AVE,41.987539,-87.768851,03/10/2021 08:13:00 AM,2021
CR00000190,08/22/2021 01:24:00 PM,20,RAIN,DAYLIGHT,ANGLE,NOT DIVIDED,TRAFFIC SIGNAL,FOLLOWING TOO CLOSELY,UNABLE TO DETERMINE,0,0,0,0,13,1,8,1974,ASHLAND AVE,41.764439,-87.752579,08/22/2021 02:55:00 PM,2021
CR00000191,12/10/2017 06:55:00 PM,45,CLEAR,DARKNESS - LIGHTED ROAD,REAR END,DIVIDED - W/MEDIAN (NOT RAISED),TRAFFIC SIGNAL,IMPROPER OVERTAKING/PASSING,DISTRACTION - FROM INSIDE VEHICLE,0,0,0,0,18,1,12,806,63RD ST,41.989775,-87.740309,12/10/2017 07:45:00 PM,2017
CR00000192,12/01/2022 09:19:00 PM,30,CLOUDY/OVERCAST,DAYLIGHT,ANGLE,DIVIDED - W/MEDIAN (NOT RAISED),TRAFFIC SIGNAL,IMPROPER LANE USAGE,UNABLE TO DETERMINE,0,0,1,1,21,5,12,2454,BROADWAY,41.735358,-87.743117,12/01/2022 09:43:00 PM,2022
CR00000193,09/29/2019 08:31:00 AM,40,CLEAR,DARKNESS - LIGHTED ROAD,SIDESWIPE SAME DIRECTION,NOT DIVIDED,NO CONTROLS,FOLLOWING TOO CLOSELY,NOT APPLICABLE,0,0,0,0,8,1,9,1947,DIVISION ST,41.90803,-87.624159,09/29/2019 08:54:00 AM,2019
CR00000194,08/08/2015 12:00:00 PM,40,SNOW,DARKNESS - LIGHTED ROAD,TURNING,DIVIDED - W/MEDIAN BARRIER,TRAFFIC SIGNAL,FAILING TO YIELD RIGHT-OF-WAY,FAILING TO REDUCE SPEED,0,0,0,0,12,7,8,1918,LAKE SHORE DR,41.758539,-87.71562,08/08/2015 01:12:00 PM,2015
CR00000195,11/16/2016 05:36:00 AM,30,CLEAR,DAYLIGHT,REAR END,T-INTERSECTION,TRAFFIC SIGNAL,IMPROPER LANE USAGE,DISREGARDING TRAFFIC SIGNALS,0,0,0,0,5,4,11,2128,ELSTON AVE,41.928317,-87.747769,11/16/2016 06:12:00 AM,2016
CR00000196,09/23/2020 07:36:00 AM,40,FOG/SMOKE/HAZE,DAYLIGHT,REAR TO FRONT,DIVIDED - W/MEDIAN BARRIER,TRAFFIC SIGNAL,DRIVING SKILLS/KNOWLEDGE/EXPERIENCE,UNABLE TO DETERMINE,0,0,0,0,7,4,9,1841,ASHLAND AVE,41.932534,-87.561851,09/23/2020 08:23:00 AM,2020
CR00000197,04/03/2023 11:41:00 PM,30,CLEAR,DAYLIGHT,TURNING,NOT DIVIDED,PEDESTRIAN CROSSING SIGN,FOLLOWING TOO CLOSELY,UNABLE TO DETERMINE,0,0,0,0,23,2,4,2508,47TH ST,41.789313,-87.500241,04/04/2023 12:39:00 AM,2023
CR00000198,12/07/2018 06:39:00 PM,30,CLEAR,DARKNESS - LIGHTED ROAD,TURNING,ONE-WAY,NO CONTROLS,IMPROPER LANE USAGE,DRIVING SKILLS/KNOWLEDGE/EXPERIENCE,0,0,0,0,18,6,12,789,MILWAUKEE AVE,41.749794,-87.801268,12/07/2018 07:06:00 PM,2018
CR00000199,11/23/2022 10:18:00 AM,20,CLEAR,DUSK,TURNING,NOT DIVIDED,NO CONTROLS,DISTRACTION - FROM INSIDE VEHICLE,UNABLE TO DETERMINE,0,0,0,0,10,4,11,643,MICHIGAN AVE,41.985719,-87.669955,11/23/2022 12:14:00 PM,2022
CR00000200,08/22/2016 06:20:00 PM,35,CLEAR,DAYLIGHT,REAR END,FOUR WAY,PEDESTRIAN CROSSING SIGN,UNABLE TO DETERMINE,FAILING TO YIELD RIGHT-OF-WAY,0,0,2,2,18,2,8,2211,ROOSEVELT RD,41.742651,-87.628659,08/22/2016 07:41:00 PM,2016
CR00000201,02/13/2018 06:59:00 PM,20,CLOUDY/OVERCAST,DAYLIGHT,PARKED MOTOR VEHICLE,DIVIDED - W/MEDIAN BARRIER,UNKNOWN,FAILING TO YIELD RIGHT-OF-WAY,NOT APPLICABLE,0,0,3,3,18,3,2,359,ELSTON AVE,41.700742,-87.579053,02/13/2018 08:33:00 PM,2018
CR00000202,06/18/2019 08:27:00 AM,35,CLEAR,DARKNESS,REAR TO FRONT,NOT DIVIDED,NO CONTROLS,UNABLE TO DETERMINE,DISTRACTION - FROM INSIDE VEHICLE,0,1,1,2,8,3,6,1982,WESTERN AVE,41.864193,-87.804292,06/18/2019 10:17:00 AM,2019
CR00000203,05/23/2016 07:28:00 AM,25,SNOW,DAYLIGHT,REAR END,NOT DIVIDED,NO CONTROLS,DISTRACTION - FROM INSIDE VEHICLE,FAILING TO YIELD RIGHT-OF-WAY,0,0,0,0,7,2,5,1125,CICERO AVE,41.997551,-87.70027,05/23/2016 08:57:00 AM,2016
CR00000204,03/04/2019 06:57:00 PM,30,CLEAR,DARKNESS - LIGHTED ROAD,REAR END,DIVIDED - W/MEDIAN BARRIER,NO CONTROLS,UNABLE TO DETERMINE,UNABLE TO DETERMINE,0,0,0,0,18,2,3,2053,CICERO AVE,41.715536,-87.631039,03/04/2019 08:30:00 PM,2019
CR00000205,06/27/2016 04:14:00 PM,20,CLEAR,DARKNESS,REAR END,ONE-WAY,NO CONTROLS,UNABLE TO DETERMINE,FAILING TO YIELD RIGHT-OF-WAY,0,0,0,0,16,2,6,465,ROOSEVELT RD,41.83352,-87.847178,06/27/2016 04:58:00 PM,2016
CR00000206,01/15/2024 06:06:00 AM,25,SNOW,DARKNESS,REAR END,NOT DIVIDED,TRAFFIC SIGNAL,IMPROPER LANE USAGE,UNABLE TO DETERMINE,0,0,0,0,6,2,1,772,CALIFORNIA AVE,41.964297,-87.802005,01/15/2024 07:46:00 AM,2024
CR00000207,12/09/2018 07:13:00 PM,35,CLEAR,DAYLIGHT,REAR END,NOT DIVIDED,YIELD,UNABLE TO DETERMINE,IMPROPER LANE USAGE,0,0,0,0,19,1,12,1672,ARCHER AVE,41.745412,-87.705902,12/09/2018 08:41:00 PM,2018
CR00000208,10/25/2019 11:50:00 AM,45,RAIN,DUSK,PARKED MOTOR VEHICLE,NOT DIVIDED,PEDESTRIAN CROSSING SIGN,FAILING TO REDUCE SPEED,UNABLE TO DETERMINE,0,0,0,0,11,6,10,1335,KEDZIE AVE,41.78309,-87.820513,10/25/2019 01:01:00 PM,2019
CR00000209,10/21/2020 05:32:00 PM,30,CLEAR,DAYLIGHT,REAR END,NOT DIVIDED,TRAFFIC SIGNAL,DISTRACTION - FROM INSIDE VEHICLE,IMPROPER LANE USAGE,0,0,0,0,17,4,10,390,OGDEN AVE,41.817525,-87.623841,10/21/2020 07:13:00 PM,2020
CR00000210,12/19/2024 12:23:00 AM,35,FREEZING RAIN/DRIZZLE,DAYLIGHT,REAR END,FOUR WAY,NO CONTROLS,UNABLE TO DETERMINE,FOLLOWING TOO CLOSELY,0,0,3,3,0,5,12,983,PULASKI RD,41.826259,-87.658775,12/19/2024 12:46:00 AM,2024
CR00000211,09/05/2015 08:25:00 PM,35,CLOUDY/OVERCAST,DAYLIGHT,REAR END,FOUR WAY,TRAFFIC SIGNAL,DRIVING SKILLS/KNOWLEDGE/EXPERIENCE,IMPROPER LANE USAGE,0,0,0,0,20,7,9,725,STATE ST,41.888571,-87.674633,09/05/2015 09:19:00 PM,2015
CR00000212,12/09/2015 10:05:00 AM,30,CLEAR,DARKNESS - LIGHTED ROAD,PARKED MOTOR VEHICLE,T-INTERSECTION,STOP SIGN/FLASHER,FAILING TO REDUCE SPEED,DISTRACTION - FROM INSIDE VEHICLE,0,0,0,0,10,4,12,370,CLARK ST,41.760959,-87.567179,12/09/2015 11:14:00 AM,2015
CR00000213,11/01/2022 02:46:00 PM,25,CLEAR,DAYLIGHT,PEDESTRIAN,NOT DIVIDED,UNKNOWN,UNABLE TO DETERMINE,UNABLE TO DETERMINE,0,1,0,1,14,3,11,2133,ARCHER AVE,41.836012,-87.636909,11/01/2022 03:26:00 PM,2022
CR00000214,11/12/2020 03:50:00 PM,35,CLEAR,DARKNESS - LIGHTED ROAD,REAR END,NOT DIVIDED,UNKNOWN,IMPROPER LANE USAGE,DISTRACTION - FROM INSIDE VEHICLE,0,1,0,1,15,5,11,415,LAKE SHORE DR,41.931429,-87.839725,11/12/2020 05:34:00 PM,2020
CR00000215,02/08/2020 03:23:00 PM,30,FREEZING RAIN/DRIZZLE,DAYLIGHT,ANGLE,DIVIDED - W/MEDIAN BARRIER,UNKNOWN,UNABLE TO DETERMINE,UNABLE TO DETERMINE,0,0,0,0,15,7,2,2184,WESTERN AVE,41.957808,-87.791592,02/08/2020 03:44:00 PM,2020
CR00000216,06/30/2015 12:15:00 AM,15,RAIN,DARKNESS,REAR TO FRONT,FOUR WAY,TRAFFIC SIGNAL,UNABLE TO DETERMINE,FOLLOWING TOO CLOSELY,0,0,0,0,0,3,6,1116,DAMEN AVE,41.809193,-87.527921,06/30/2015 12:38:00 AM,2015
CR00000217,01/29/2023 11:17:00 AM,35,CLEAR,DAYLIGHT,SIDESWIPE SAME DIRECTION,T-INTERSECTION,NO CONTROLS,FOLLOWING TOO CLOSELY,UNABLE TO DETERMINE,0,0,1,1,11,1,1,2365,CALIFORNIA AVE,41.766956,-87.669479,01/29/2023 11:23:00 AM,2023
CR00000218,02/02/2015 12:12:00 PM,35,CLEAR,DARKNESS - LIGHTED ROAD,ANGLE,T-INTERSECTION,PEDESTRIAN CROSSING SIGN,UNABLE TO DETERMINE,DISREGARDING TRAFFIC SIGNALS,0,0,0,0,12,2,2,2338,IRVING PARK RD,41.935352,-87.591148,02/02/2015 12:44:00 PM,2015
CR00000219,12/05/2023 09:09:00 AM,15,CLEAR,DAYLIGHT,REAR TO FRONT,FOUR WAY,TRAFFIC SIGNAL,DISREGARDING TRAFFIC SIGNALS,DISREGARDING TRAFFIC SIGNALS,0,0,0,0,9,3,12,1359,ASHLAND AVE,41.823011,-87.768451,12/05/2023 09:54:00 AM,2023
CR00000220,04/20/2017 03:15:00 PM,30,CLEAR,DAYLIGHT,SIDESWIPE SAME DIRECTION,ONE-WAY,TRAFFIC SIGNAL,FAILING TO REDUCE SPEED,NOT APPLICABLE,0,0,0,0,15,5,4,1625,CALIFORNIA AVE,41.988356,-87.509604,04/20/2017 03:34:00 PM,2017
CR00000221,05/22/2023 05:37:00 AM,45,RAIN,DAYLIGHT,TURNING,FOUR WAY,NO CONTROLS,FOLLOWING TOO CLOSELY,FOLLOWING TOO CLOSELY,0,0,0,0,5,2,5,1169,MILWAUKEE AVE,41.740054,-87.563013,05/22/2023 05:47:00 AM,2023
CR00000222,12/25/2023 01:44:00 PM,45,CLEAR,DAYLIGHT,REAR END,NOT DIVIDED,TRAFFIC SIGNAL,IMPROPER OVERTAKING/PASSING,FOLLOWING TOO CLOSELY,0,0,1,1,13,2,12,1765,ASHLAND AVE,41.722406,-87.779051,12/25/2023 03:24:00 PM,2023
CR00000223,01/04/2021 12:49:00 PM,20,CLEAR,DARKNESS,SIDESWIPE SAME DIRECTION,DIVIDED - W/MEDIAN BARRIER,UNKNOWN,IMPROPER LANE USAGE,UNABLE TO DETERMINE,0,0,0,0,12,2,1,980,MILWAUKEE AVE,41.792492,-87.757247,01/04/2021 01:05:00 PM,2021
CR00000224,08/30/2016 05:45:00 AM,30,CLEAR,DAYLIGHT,REAR END,DIVIDED - W/MEDIAN (NOT RAISED),TRAFFIC SIGNAL,DRIVING SKILLS/KNOWLEDGE/EXPERIENCE,DISREGARDING TRAFFIC SIGNALS,0,0,0,0,5,3,8,2353,MICHIGAN AVE,41.806723,-87.670289,08/30/2016 07:12:00 AM,2016
CR00000225,01/23/2016 02:06:00 PM,20,RAIN,DARKNESS - LIGHTED ROAD,SIDESWIPE SAME DIRECTION,NOT DIVIDED,NO CONTROLS,UNABLE TO DETERMINE,UNABLE TO DETERMINE,0,0,1,1,14,7,1,1916,HALSTED ST,41.75944,-87.709796,01/23/2016 03:34:00 PM,2016
CR00000226,01/12/2016 11:51:00 PM,45,CLEAR,DUSK,TURNING,ONE-WAY,NO CONTROLS,FAILING TO YIELD RIGHT-OF-WAY,FAILING TO REDUCE SPEED,0,0,0,0,23,3,1,1847,STONY ISLAND AVE,41.712809,-87.688652,01/13/2016 12:13:00 AM,2016
CR00000227,12/20/2018 08:58:00 AM,45,RAIN,DARKNESS - LIGHTED ROAD,SIDESWIPE SAME DIRECTION,FOUR WAY,NO CONTROLS,IMPROPER OVERTAKING/PASSING,FAILING TO YIELD RIGHT-OF-WAY,0,0,0,0,8,5,12,2355,LAKE SHORE DR,41.783956,-87.540802,12/20/2018 09:03:00 AM,2018
CR00000228,09/07/2015 05:17:00 AM,40,CLEAR,DARKNESS - LIGHTED ROAD,ANGLE,NOT DIVIDED,TRAFFIC SIGNAL,FAILING TO REDUCE SPEED,FAILING TO YIELD RIGHT-OF-WAY,0,0,0,0,5,2,9,2064,ELSTON AVE,41.82577,-87.625072,09/07/2015 07:00:00 AM,2015
CR00000229,10/06/2023 03:22:00 PM,30,CLEAR,DARKNESS - LIGHTED ROAD,ANGLE,DIVIDED - W/MEDIAN (NOT RAISED),PEDESTRIAN CROSSING SIGN,IMPROPER LANE USAGE,UNABLE TO DETERMINE,0,0,1,1,15,6,10,753,ASHLAND AVE,41.795663,-87.773343,10/06/2023 05:17:00 PM,2023
CR00000230,10/12/2017 06:15:00 PM,30,RAIN,DAYLIGHT,TURNING,NOT DIVIDED,NO CONTROLS,FOLLOWING TOO CLOSELY,IMPROPER LANE USAGE,0,0,0,0,18,5,10,1402,ROOSEVELT RD,41.944886,-87.528959,10/12/2017 06:23:00 PM,2017
CR00000231,10/28/2022 12:58:00 PM,45,CLEAR,DARKNESS - LIGHTED ROAD,REAR END,ONE-WAY,TRAFFIC SIGNAL,FOLLOWING TOO CLOSELY,UNABLE TO DETERMINE,0,0,0,0,12,6,10,2108,PULASKI RD,41.911036,-87.726911,10/28/2022 02:11:00 PM,2022
CR00000232,01/05/2016 03:14:00 AM,45,CLEAR,DAYLIGHT,TURNING,DIVIDED - W/MEDIAN BARRIER,NO CONTROLS,FOLLOWING TOO CLOSELY,UNABLE TO DETERMINE,0,0,0,0,3,3,1,189,HALSTED ST,41.705978,-87.682704,01/05/2016 03:57:00 AM,2016
CR00000233,07/30/2021 06:58:00 PM,20,CLEAR,DARKNESS,FIXED OBJECT,DIVIDED - W/MEDIAN (NOT RAISED),STOP SIGN/FLASHER,UNABLE TO DETERMINE,FOLLOWING TOO CLOSELY,0,0,0,0,18,6,7,1336,MILWAUKEE AVE,41.733276,-87.665797,07/30/2021 07:45:00 PM,2021
CR00000234,07/12/2016 07:46:00 AM,45,CLEAR,DAYLIGHT,FIXED OBJECT,FOUR WAY,NO CONTROLS,FAILING TO YIELD RIGHT-OF-WAY,FOLLOWING TOO CLOSELY,0,0,1,1,7,3,7,1306,HALSTED ST,41.752261,-87.51094,07/12/2016 09:15:00 AM,2016
CR00000235,12/28/2016 07:00:00 PM,45,CLEAR,DARKNESS - LIGHTED ROAD,ANGLE,NOT DIVIDED,TRAFFIC SIGNAL,UNABLE TO DETERMINE,FOLLOWING TOO CLOSELY,0,2,0,2,19,4,12,418,MICHIGAN AVE,41.754625,-87.738624,12/28/2016 08:44:00 PM,2016
CR00000236,11/21/2018 11:10:00 AM,30,CLEAR,DAYLIGHT,SIDESWIPE SAME DIRECTION,NOT DIVIDED,NO CONTROLS,FAILING TO REDUCE SPEED,UNABLE TO DETERMINE,0,0,0,0,11,4,11,1535,STATE ST,41.988924,-87.562418,11/21/2018 12:36:00 PM,2018
CR00000237,10/29/2023 06:46:00 AM,35,CLEAR,DAYLIGHT,TURNING,ONE-WAY,TRAFFIC SIGNAL,UNABLE TO DETERMINE,NOT APPLICABLE,0,0,0,0,6,1,10,2063,FULLERTON AVE,41.815781,-87.593595,10/29/2023 07:08:00 AM,2023
CR00000238,04/20/2022 08:43:00 PM,30,CLEAR,DAYLIGHT,SIDESWIPE SAME DIRECTION,NOT DIVIDED,NO CONTROLS,FOLLOWING TOO CLOSELY,UNABLE TO DETERMINE,0,0,0,0,20,4,4,1637,STONY ISLAND AVE,41.835386,-87.570282,04/20/2022 08:48:00 PM,2022
CR00000239,03/18/2023 04:35:00 AM,25,RAIN,DAYLIGHT,REAR END,NOT DIVIDED,NO CONTROLS,FOLLOWING TOO CLOSELY,UNABLE TO DETERMINE,0,2,2,4,4,7,3,878,DAMEN AVE,41.911351,-87.699037,03/18/2023 05:59:00 AM,2023
CR00000240,10/26/2022 04:46:00 PM,40,CLEAR,DAYLIGHT,REAR END,DIVIDED - W/MEDIAN (NOT RAISED),NO CONTROLS,FAILING TO YIELD RIGHT-OF-WAY,UNABLE TO DETERMINE,0,0,1,1,16,4,10,1306,63RD ST,41.771264,-87.832628,10/26/2022 06:00:00 PM,2022
CR00000241,01/04/2022 05:30:00 PM,20,CLEAR,DAYLIGHT,SIDESWIPE SAME DIRECTION,DIVIDED - W/MEDIAN (NOT RAISED),TRAFFIC SIGNAL,IMPROPER OVERTAKING/PASSING,NOT APPLICABLE,0,0,0,0,17,3,1,1185,CICERO AVE,41.707721,-87.790209,01/04/2022 06:08:00 PM,2022
CR00000242,03/14/2022 04:24:00 PM,15,CLEAR,DAYLIGHT,TURNING,NOT DIVIDED,NO CONTROLS,FOLLOWING TOO CLOSELY,IMPROPER LANE USAGE,0,0,0,0,16,2,3,352,HALSTED ST,41.965648,-87.720709,03/14/2022 05:22:00 PM,2022
CR00000243,06/09/2023 06:42:00 PM,45,CLEAR,DARKNESS - LIGHTED ROAD,REAR END,DIVIDED - W/MEDIAN (NOT RAISED),TRAFFIC SIGNAL,FAILING TO YIELD RIGHT-OF-WAY,DRIVING SKILLS/KNOWLEDGE/EXPERIENCE,0,0,0,0,18,6,6,2044,FULLERTON AVE,41.900442,-87.567137,06/09/2023 07:35:00 PM,2023
CR00000244,11/20/2024 09:30:00 AM,40,RAIN,DARKNESS - LIGHTED ROAD,ANGLE,DIVIDED - W/MEDIAN BARRIER,STOP SIGN/FLASHER,UNABLE TO DETERMINE,UNABLE TO DETERMINE,0,0,0,0,9,4,11,1939,STONY ISLAND AVE,41.818441,-87.551121,11/20/2024 09:35:00 AM,2024