CRASH_RECORD_ID,CRASH_DATE,POSTED_SPEED_LIMIT,WEATHER_CONDITION,LIGHTING_CONDITION,FIRST_CRASH_TYPE,TRAFFICWAY_TYPE,TRAFFIC_CONTROL_DEVICE,PRIM_CONTRIBUTORY_CAUSE,SEC_CONTRIBUTORY_CAUSE,INJURIES_FATAL,INJURIES_INCAPACITATING,INJURIES_NON_INCAPACITATING,INJURIES_TOTAL,CRASH_HOUR,CRASH_DAY_OF_WEEK,CRASH_MONTH,BEAT_OF_OCCURRENCE,STREET_NAME,LATITUDE,LONGITUDE,DATE_POLICE_NOTIFIED,year
CR00000245,11/15/2016 08:51:00 AM,35,CLEAR,DARKNESS - LIGHTED ROAD,REAR END,FOUR WAY,NO CONTROLS,FOLLOWING TOO CLOSELY,NOT APPLICABLE,0,0,0,0,8,3,11,374,CICERO AVE,41.712803,-87.822571,11/15/2016 10:19:00 AM,2016
CR00000246,05/09/2019 04:25:00 PM,15,CLOUDY/OVERCAST,DARKNESS - LIGHTED ROAD,PARKED MOTOR VEHICLE,ONE-WAY,TRAFFIC SIGNAL,UNABLE TO DETERMINE,FAILING TO YIELD RIGHT-OF-WAY,0,0,0,0,16,5,5,712,HALSTED ST,41.956987,-87.668109,05/09/2019 06:23:00 PM,2019
CR00000247,05/09/2021 04:37:00 PM,20,CLEAR,DARKNESS - LIGHTED ROAD,TURNING,DIVIDED - W/MEDIAN (NOT RAISED),NO CONTROLS,FAILING TO YIELD RIGHT-OF-WAY,DISTRACTION - FROM INSIDE VEHICLE,0,0,0,0,16,1,5,2088,FULLERTON AVE,41.981895,-87.526275,05/09/2021 05:50:00 PM,2021
CR00000248,10/30/2021 03:02:00 PM,35,CLEAR,DAYLIGHT,TURNING,DIVIDED - W/MEDIAN BARRIER,NO CONTROLS,UNABLE TO DETERMINE,DISREGARDING TRAFFIC SIGNALS,0,0,0,0,15,7,10,2046,STATE ST,41.820892,-87.633614,10/30/2021 04:30:00 PM,2021
CR00000249,03/06/2019 01:21:00 AM,35,FREEZING RAIN/DRIZZLE,DAYLIGHT,SIDESWIPE SAME DIRECTION,DIVIDED - W/MEDIAN BARRIER,TRAFFIC SIGNAL,IMPROPER LANE USAGE,DISTRACTION - FROM INSIDE VEHICLE,0,1,0,1,1,4,3,465,KEDZIE AVE,41.991749,-87.770215,03/06/2019 02:00:00 AM,2019
CR00000250,12/15/2019 08:58:00 AM,20,CLEAR,DARKNESS,ANGLE,DIVIDED - W/MEDIAN (NOT RAISED),NO CONTROLS,WEATHER,NOT APPLICABLE,0,0,1,1,8,1,12,2247,FULLERTON AVE,41.946305,-87.669656,12/15/2019 09:19:00 AM,2019
CR00000251,04/29/2015 08:12:00 AM,30,CLEAR,DAYLIGHT,ANGLE,DIVIDED - W/MEDIAN (NOT RAISED),STOP SIGN/FLASHER,UNABLE TO DETERMINE,FAILING TO REDUCE SPEED,0,0,2,2,8,4,4,225,MICHIGAN AVE,41.715168,-87.723869,04/29/2015 08:38:00 AM,2015
CR00000252,03/06/2019 03:38:00 PM,30,CLEAR,DAYLIGHT,SIDESWIPE SAME DIRECTION,T-INTERSECTION,UNKNOWN,UNABLE TO DETERMINE,FOLLOWING TOO CLOSELY,0,0,0,0,15,4,3,212,BROADWAY,41.988156,-87.683896,03/06/2019 04:49:00 PM,2019
CR00000253,07/23/2015 07:54:00 AM,30,SNOW,DAYLIGHT,SIDESWIPE SAME DIRECTION,FOUR WAY,TRAFFIC SIGNAL,DRIVING SKILLS/KNOWLEDGE/EXPERIENCE,UNABLE TO DETERMINE,0,0,0,0,7,5,7,136,LAKE SHORE DR,41.989475,-87.550011,07/23/2015 09:17:00 AM,2015
CR00000254,06/25/2016 05:11:00 PM,30,CLOUDY/OVERCAST,DARKNESS,PARKED MOTOR VEHICLE,NOT DIVIDED,TRAFFIC SIGNAL,FAILING TO YIELD RIGHT-OF-WAY,NOT APPLICABLE,0,0,0,0,17,7,6,1528,CALIFORNIA AVE,41.702539,-87.761663,06/25/2016 06:55:00 PM,2016
CR00000255,10/29/2017 08:29:00 AM,20,CLEAR,DARKNESS - LIGHTED ROAD,FIXED OBJECT,DIVIDED - W/MEDIAN (NOT RAISED),STOP SIGN/FLASHER,DISTRACTION - FROM INSIDE VEHICLE,IMPROPER LANE USAGE,0,0,0,0,8,1,10,1257,CLARK ST,41.856191,-87.631738,10/29/2017 09:44:00 AM,2017
CR00000256,09/04/2022 06:30:00 AM,30,CLEAR,DARKNESS - LIGHTED ROAD,PEDESTRIAN,FOUR WAY,NO CONTROLS,UNABLE TO DETERMINE,UNABLE TO DETERMINE,0,0,0,0,6,1,9,2218,IRVING PARK RD,41.996508,-87.625792,09/04/2022 08:21:00 AM,2022
CR00000257,09/11/2017 03:51:00 AM,35,CLEAR,DAYLIGHT,TURNING,DIVIDED - W/MEDIAN (NOT RAISED),TRAFFIC SIGNAL,DISREGARDING TRAFFIC SIGNALS,UNABLE TO DETERMINE,0,0,1,1,3,2,9,2488,47TH ST,41.904227,-87.597551,09/11/2017 05:15:00 AM,2017
CR00000258,06/01/2021 10:12:00 PM,35,SNOW,DAYLIGHT,ANGLE,NOT DIVIDED,NO CONTROLS,DISTRACTION - FROM INSIDE VEHICLE,NOT APPLICABLE,0,0,0,0,22,3,6,2386,STONY ISLAND AVE,41.914011,-87.609789,06/01/2021 11:34:00 PM,2021
CR00000259,04/18/2018 06:30:00 AM,25,SNOW,DAYLIGHT,PARKED MOTOR VEHICLE,NOT DIVIDED,NO CONTROLS,FAILING TO YIELD RIGHT-OF-WAY,UNABLE TO DETERMINE,0,0,0,0,6,4,4,1357,DAMEN AVE,41.777596,-87.56708,04/18/2018 08:08:00 AM,2018
CR00000260,11/03/2023 11:23:00 AM,15,RAIN,DARKNESS - LIGHTED ROAD,PARKED MOTOR VEHICLE,FOUR WAY,NO CONTROLS,IMPROPER OVERTAKING/PASSING,NOT APPLICABLE,0,0,0,0,11,6,11,896,OGDEN AVE,41.788215,-87.552075,11/03/2023 12:24:00 PM,2023
CR00000261,05/05/2016 06:24:00 PM,25,CLEAR,DAYLIGHT,TURNING,ONE-WAY,TRAFFIC SIGNAL,UNABLE TO DETERMINE,FOLLOWING TOO CLOSELY,0,0,0,0,18,5,5,838,IRVING PARK RD,41.823932,-87.545203,05/05/2016 06:44:00 PM,2016
CR00000262,11/28/2015 03:21:00 PM,35,CLEAR,DAYLIGHT,REAR TO FRONT,T-INTERSECTION,NO CONTROLS,IMPROPER LANE USAGE,WEATHER,0,0,0,0,15,7,11,748,LAKE SHORE DR,41.753047,-87.627925,11/28/2015 03:22:00 PM,2015
CR00000263,10/22/2023 08:49:00 PM,35,CLEAR,DAYLIGHT,REAR END,NOT DIVIDED,TRAFFIC SIGNAL,UNABLE TO DETERMINE,DISREGARDING TRAFFIC SIGNALS,0,0,0,0,20,1,10,1628,WESTERN AVE,41.884344,-87.628279,10/22/2023 09:41:00 PM,2023
CR00000264,08/12/2018 07:53:00 PM,30,CLEAR,DARKNESS,TURNING,NOT DIVIDED,NO CONTROLS,UNABLE TO DETERMINE,FAILING TO YIELD RIGHT-OF-WAY,0,0,0,0,19,1,8,2161,FULLERTON AVE,41.705375,-87.848557,08/12/2018 09:27:00 PM,2018
CR00000265,06/07/2018 07:04:00 AM,25,CLEAR,DARKNESS - LIGHTED ROAD,TURNING,T-INTERSECTION,NO CONTROLS,UNABLE TO DETERMINE,NOT APPLICABLE,0,2,3,5,7,5,6,1752,WESTERN AVE,41.857235,-87.698217,06/07/2018 08:32:00 AM,2018
CR00000266,07/24/2017 08:46:00 AM,15,CLEAR,DARKNESS - LIGHTED ROAD,SIDESWIPE SAME DIRECTION,T-INTERSECTION,TRAFFIC SIGNAL,DISTRACTION - FROM INSIDE VEHICLE,UNABLE TO DETERMINE,0,2,1,3,8,2,7,2532,PULASKI RD,41.736949,-87.601111,07/24/2017 10:28:00 AM,2017
CR00000267,06/04/2022 06:41:00 AM,25,CLEAR,DARKNESS,FIXED OBJECT,FOUR WAY,NO CONTROLS,FOLLOWING TOO CLOSELY,FAILING TO YIELD RIGHT-OF-WAY,0,1,2,3,6,7,6,513,63RD ST,41.737079,-87.761542,06/04/2022 08:11:00 AM,2022
CR00000268,11/01/2020 09:39:00 AM,40,CLOUDY/OVERCAST,DARKNESS - LIGHTED ROAD,REAR END,NOT DIVIDED,NO CONTROLS,UNABLE TO DETERMINE,IMPROPER OVERTAKING/PASSING,0,0,0,0,9,1,11,913,DIVISION ST,41.741149,-87.559272,11/01/2020 09:53:00 AM,2020
CR00000269,03/29/2017 08:16:00 PM,30,CLOUDY/OVERCAST,DARKNESS - LIGHTED ROAD,TURNING,NOT DIVIDED,NO CONTROLS,UNABLE TO DETERMINE,DISTRACTION - FROM INSIDE VEHICLE,0,1,1,2,20,4,3,464,ASHLAND AVE,41.748112,-87.658151,03/29/2017 10:13:00 PM,2017
CR00000270,05/14/2024 04:42:00 PM,20,CLEAR,DARKNESS - LIGHTED ROAD,SIDESWIPE SAME DIRECTION,DIVIDED - W/MEDIAN (NOT RAISED),NO CONTROLS,FOLLOWING TOO CLOSELY,IMPROPER OVERTAKING/PASSING,0,0,0,0,16,3,5,305,ASHLAND AVE,41.984834,-87.577166,05/14/2024 04:52:00 PM,2024
CR00000271,02/13/2024 08:55:00 AM,35,CLOUDY/OVERCAST,DAYLIGHT,REAR END,T-INTERSECTION,NO CONTROLS,UNABLE TO DETERMINE,NOT APPLICABLE,0,0,0,0,8,3,2,666,63RD ST,41.78717,-87.569441,02/13/2024 09:36:00 AM,2024
CR00000272,04/04/2022 07:21:00 AM,20,CLEAR,DAYLIGHT,REAR END,NOT DIVIDED,TRAFFIC SIGNAL,FAILING TO YIELD RIGHT-OF-WAY,IMPROPER OVERTAKING/PASSING,0,0,0,0,7,2,4,1213,BROADWAY,41.831314,-87.632368,04/04/2022 09:14:00 AM,2022
CR00000273,09/26/2022 03:51:00 PM,15,CLEAR,DAYLIGHT,TURNING,FOUR WAY,TRAFFIC SIGNAL,IMPROPER LANE USAGE,FAILING TO REDUCE SPEED,0,0,0,0,15,2,9,1894,STONY ISLAND AVE,41.965837,-87.791627,09/26/2022 04:08:00 PM,2022
CR00000274,11/08/2021 12:49:00 PM,25,CLEAR,DARKNESS - LIGHTED ROAD,REAR END,DIVIDED - W/MEDIAN (NOT RAISED),TRAFFIC SIGNAL,UNABLE TO DETERMINE,UNABLE TO DETERMINE,0,0,0,0,12,2,11,1171,79TH ST,41.708645,-87.610438,11/08/2021 02:37:00 PM,2021
CR00000275,07/11/2018 12:45:00 AM,30,CLEAR,DARKNESS - LIGHTED ROAD,FIXED OBJECT,DIVIDED - W/MEDIAN BARRIER,STOP SIGN/FLASHER,UNABLE TO DETERMINE,FAILING TO YIELD RIGHT-OF-WAY,0,0,3,3,0,4,7,1118,LAKE SHORE DR,41.767195,-87.515483,07/11/2018 02:37:00 AM,2018
CR00000276,11/17/2018 06:43:00 PM,45,CLEAR,DAYLIGHT,PARKED MOTOR VEHICLE,NOT DIVIDED,TRAFFIC SIGNAL,IMPROPER OVERTAKING/PASSING,NOT APPLICABLE,0,0,0,0,18,7,11,2130,STONY ISLAND AVE,41.744596,-87.560747,11/17/2018 08:38:00 PM,2018
CR00000277,11/03/2015 07:31:00 PM,30,RAIN,DARKNESS - LIGHTED ROAD,TURNING,DIVIDED - W/MEDIAN (NOT RAISED),NO CONTROLS,UNABLE TO DETERMINE,IMPROPER OVERTAKING/PASSING,0,0,0,0,19,3,11,1919,FULLERTON AVE,41.799268,-87.752645,11/03/2015 08:36:00 PM,2015
CR00000278,01/10/2020 05:54:00 AM,15,CLEAR,DAYLIGHT,TURNING,NOT DIVIDED,STOP SIGN/FLASHER,DRIVING SKILLS/KNOWLEDGE/EXPERIENCE,UNABLE TO DETERMINE,0,0,0,0,5,6,1,472,DIVISION ST,41.794818,-87.506765,01/10/2020 07:30:00 AM,2020
CR00000279,12/10/2021 05:19:00 PM,30,CLEAR,DAYLIGHT,ANGLE,T-INTERSECTION,STOP SIGN/FLASHER,IMPROPER LANE USAGE,IMPROPER OVERTAKING/PASSING,0,0,2,2,17,6,12,1588,47TH ST,41.985107,-87.72283,12/10/2021 05:26:00 PM,2021
CR00000280,01/28/2020 07:06:00 AM,30,RAIN,DARKNESS - LIGHTED ROAD,TURNING,DIVIDED - W/MEDIAN BARRIER,NO CONTROLS,UNABLE TO DETERMINE,NOT APPLICABLE,0,0,0,0,7,3,1,772,LAKE SHORE DR,41.766524,-87.730525,01/28/2020 08:53:00 AM,2020
CR00000281,07/29/2016 10:45:00 PM,30,CLEAR,DAYLIGHT,REAR END,DIVIDED - W/MEDIAN (NOT RAISED),NO CONTROLS,FAILING TO REDUCE SPEED,FOLLOWING TOO CLOSELY,0,0,0,0,22,6,7,541,IRVING PARK RD,41.822763,-87.760999,07/29/2016 11:11:00 PM,2016
CR00000282,08/25/2019 02:59:00 AM,35,CLEAR,DARKNESS - LIGHTED ROAD,PARKED MOTOR VEHICLE,ONE-WAY,NO CONTROLS,IMPROPER OVERTAKING/PASSING,UNABLE TO DETERMINE,0,0,0,0,2,1,8,2272,ROOSEVELT RD,41.901643,-87.806873,08/25/2019 04:54:00 AM,2019
CR00000283,07/18/2015 04:59:00 PM,25,CLOUDY/OVERCAST,DARKNESS - LIGHTED ROAD,REAR END,DIVIDED - W/MEDIAN BARRIER,NO CONTROLS,UNABLE TO DETERMINE,FAILING TO YIELD RIGHT-OF-WAY,0,0,0,0,16,7,7,1418,OGDEN AVE,41.875536,-87.52647,07/18/2015 06:39:00 PM,2015
CR00000284,11/19/2024 12:26:00 PM,35,CLEAR,DAYLIGHT,TURNING,FOUR WAY,UNKNOWN,DISREGARDING TRAFFIC SIGNALS,DRIVING SKILLS/KNOWLEDGE/EXPERIENCE,0,0,1,1,12,3,11,1324,47TH ST,41.819361,-87.729999,11/19/2024 01:04:00 PM,2024
CR00000285,02/21/2021 11:45:00 AM,45,CLOUDY/OVERCAST,DAYLIGHT,FIXED OBJECT,DIVIDED - W/MEDIAN (NOT RAISED),STOP SIGN/FLASHER,UNABLE TO DETERMINE,FAILING TO REDUCE SPEED,0,0,0,0,11,1,2,828,OGDEN AVE,41.866074,-87.77393,02/21/2021 12:12:00 PM,2021
CR00000286,01/31/2021 06:40:00 PM,45,RAIN,DARKNESS,PEDESTRIAN,DIVIDED - W/MEDIAN (NOT RAISED),STOP SIGN/FLASHER,DISREGARDING TRAFFIC SIGNALS,NOT APPLICABLE,0,0,0,0,18,1,1,2286,CLARK ST,41.734622,-87.726717,01/31/2021 07:42:00 PM,2021
CR00000287,11/03/2024 01:51:00 PM,15,CLEAR,DAYLIGHT,REAR TO FRONT,NOT DIVIDED,NO CONTROLS,FAILING TO REDUCE SPEED,FOLLOWING TOO CLOSELY,0,0,0,0,13,1,11,699,PULASKI RD,41.731941,-87.716695,11/03/2024 01:58:00 PM,2024
CR00000288,09/29/2022 08:18:00 PM,20,RAIN,DARKNESS,REAR TO FRONT,ONE-WAY,NO CONTROLS,DISREGARDING TRAFFIC SIGNALS,DISTRACTION - FROM INSIDE VEHICLE,0,0,0,0,20,5,9,2398,BROADWAY,41.862352,-87.724461,09/29/2022 09:16:00 PM,2022
CR00000289,08/31/2017 03:50:00 PM,30,RAIN,DAYLIGHT,REAR END,T-INTERSECTION,NO CONTROLS,UNABLE TO DETERMINE,DISTRACTION - FROM INSIDE VEHICLE,0,0,1,1,15,5,8,1914,MICHIGAN AVE,41.977945,-87.714356,08/31/2017 05:31:00 PM,2017
CR00000290,02/08/2022 06:45:00 PM,30,FREEZING RAIN/DRIZZLE,DUSK,REAR END,NOT DIVIDED,TRAFFIC SIGNAL,UNABLE TO DETERMINE,FAILING TO REDUCE SPEED,0,0,0,0,18,3,2,405,STONY ISLAND AVE,41.926532,-87.658685,02/08/2022 08:03:00 PM,2022
CR00000291,12/12/2016 07:32:00 PM,25,CLEAR,DARKNESS - LIGHTED ROAD,SIDESWIPE SAME DIRECTION,NOT DIVIDED,TRAFFIC SIGNAL,IMPROPER OVERTAKING/PASSING,FAILING TO REDUCE SPEED,0,0,0,0,19,2,12,734,PULASKI RD,41.71219,-87.752311,12/12/2016 08:06:00 PM,2016
CR00000292,09/21/2016 11:38:00 AM,30,CLEAR,DARKNESS - LIGHTED ROAD,ANGLE,DIVIDED - W/MEDIAN (NOT RAISED),NO CONTROLS,FAILING TO REDUCE SPEED,FOLLOWING TOO CLOSELY,0,0,0,0,11,4,9,2252,MICHIGAN AVE,41.979715,-87.634537,09/21/2016 01:03:00 PM,2016
CR00000293,01/23/2017 03:04:00 PM,30,CLEAR,DAYLIGHT,SIDESWIPE SAME DIRECTION,NOT DIVIDED,YIELD,DISTRACTION - FROM INSIDE VEHICLE,DRIVING SKILLS/KNOWLEDGE/EXPERIENCE,0,0,2,2,15,2,1,2045,ELSTON AVE,41.727584,-87.772581,01/23/2017 03:32:00 PM,2017
CR00000294,03/27/2024 07:41:00 PM,45,RAIN,DAYLIGHT,REAR END,DIVIDED - W/MEDIAN BARRIER,TRAFFIC SIGNAL,FAILING TO YIELD RIGHT-OF-WAY,NOT APPLICABLE,0,0,0,0,19,4,3,564,BROADWAY,41.900682,-87.694016,03/27/2024 09:37:00 PM,2024
CR00000295,11/16/2017 04:46:00 PM,40,CLEAR,DAYLIGHT,ANGLE,NOT DIVIDED,NO CONTROLS,DISTRACTION - FROM INSIDE VEHICLE,UNABLE TO DETERMINE,0,0,0,0,16,5,11,1412,OGDEN AVE,41.973401,-87.562262,11/16/2017 05:34:00 PM,2017
CR00000296,12/04/2015 06:10:00 AM,35,CLEAR,DAYLIGHT,ANGLE,DIVIDED - W/MEDIAN BARRIER,UNKNOWN,WEATHER,FAILING TO YIELD RIGHT-OF-WAY,0,0,1,1,6,6,12,395,ROOSEVELT RD,41.763234,-87.62967,12/04/2015 06:38:00 AM,2015
CR00000297,09/11/2022 07:01:00 AM,25,CLEAR,DARKNESS - LIGHTED ROAD,REAR END,ONE-WAY,NO CONTROLS,FOLLOWING TOO CLOSELY,FAILING TO YIELD RIGHT-OF-WAY,0,0,0,0,7,1,9,1689,CALIFORNIA AVE,41.799515,-87.819368,09/11/2022 07:08:00 AM,2022
CR00000298,01/25/2022 01:27:00 PM,45,CLEAR,DUSK,REAR TO FRONT,ONE-WAY,NO CONTROLS,FAILING TO REDUCE SPEED,NOT APPLICABLE,0,0,0,0,13,3,1,397,ARCHER AVE,41.816851,-87.808593,01/25/2022 01:28:00 PM,2022
CR00000299,08/21/2020 06:18:00 AM,25,CLEAR,DAYLIGHT,REAR END,T-INTERSECTION,TRAFFIC SIGNAL,DRIVING SKILLS/KNOWLEDGE/EXPERIENCE,FOLLOWING TOO CLOSELY,0,1,2,3,6,6,8,690,CLARK ST,41.818534,-87.618747,08/21/2020 07:19:00 AM,2020
CR00000300,08/06/2022 08:55:00 PM,40,CLEAR,DAYLIGHT,REAR END,NOT DIVIDED,STOP SIGN/FLASHER,IMPROPER LANE USAGE,FAILING TO YIELD RIGHT-OF-WAY,0,0,0,0,20,7,8,2300,ELSTON AVE,41.811939,-87.517687,08/06/2022 10:06:00 PM,2022
CR00000301,12/15/2015 10:13:00 AM,40,CLEAR,DAYLIGHT,REAR END,NOT DIVIDED,STOP SIGN/FLASHER,FOLLOWING TOO CLOSELY,UNABLE TO DETERMINE,0,0,0,0,10,3,12,569,STONY ISLAND AVE,41.971064,-87.729652,12/15/2015 11:06:00 AM,2015
CR00000302,07/11/2022 09:36:00 PM,20,CLEAR,DAYLIGHT,REAR END,DIVIDED - W/MEDIAN BARRIER,STOP SIGN/FLASHER,IMPROPER OVERTAKING/PASSING,FOLLOWING TOO CLOSELY,0,0,3,3,21,2,7,1562,HALSTED ST,41.83838,-87.657617,07/11/2022 10:14:00 PM,2022
CR00000303,07/12/2022 05:15:00 PM,35,CLEAR,DAYLIGHT,PARKED MOTOR VEHICLE,FOUR WAY,NO CONTROLS,FAILING TO REDUCE SPEED,IMPROPER LANE USAGE,0,0,0,0,17,3,7,724,FULLERTON AVE,41.885855,-87.534958,07/12/2022 05:56:00 PM,2022
CR00000304,05/10/2021 12:51:00 PM,30,CLOUDY/OVERCAST,DUSK,PARKED MOTOR VEHICLE,DIVIDED - W/MEDIAN (NOT RAISED),NO CONTROLS,FAILING TO YIELD RIGHT-OF-WAY,UNABLE TO DETERMINE,0,0,0,0,12,2,5,1458,LAKE SHORE DR,41.828492,-87.848309,05/10/2021 01:23:00 PM,2021
CR00000305,03/10/2020 02:22:00 PM,45,CLEAR,DAYLIGHT,REAR END,ONE-WAY,NO CONTROLS,FOLLOWING TOO CLOSELY,DISREGARDING TRAFFIC SIGNALS,0,0,0,0,14,3,3,413,ROOSEVELT RD,41.846091,-87.811909,03/10/2020 03:45:00 PM,2020
CR00000306,11/05/2015 01:54:00 AM,45,CLEAR,DAYLIGHT,ANGLE,NOT DIVIDED,TRAFFIC SIGNAL,DRIVING SKILLS/KNOWLEDGE/EXPERIENCE,IMPROPER OVERTAKING/PASSING,0,0,0,0,1,5,11,708,ARCHER AVE,41.709358,-87.646338,11/05/2015 02:46:00 AM,2015
CR00000307,05/27/2019 08:57:00 AM,40,CLEAR,DAYLIGHT,TURNING,DIVIDED - W/MEDIAN (NOT RAISED),TRAFFIC SIGNAL,UNABLE TO DETERMINE,DISTRACTION - FROM INSIDE VEHICLE,0,0,0,0,8,2,5,1078,DIVISION ST,41.919968,-87.74815,05/27/2019 09:57:00 AM,2019
CR00000308,09/03/2022 07:48:00 AM,25,CLOUDY/OVERCAST,DUSK,ANGLE,DIVIDED - W/MEDIAN (NOT RAISED),NO CONTROLS,UNABLE TO DETERMINE,WEATHER,0,0,0,0,7,7,9,2097,MICHIGAN AVE,41.833866,-87.787299,09/03/2022 09:01:00 AM,2022
CR00000309,09/15/2015 09:23:00 AM,30,CLEAR,DARKNESS - LIGHTED ROAD,TURNING,NOT DIVIDED,NO CONTROLS,DISTRACTION - FROM INSIDE VEHICLE,FOLLOWING TOO CLOSELY,0,0,0,0,9,3,9,522,47TH ST,41.900576,-87.66874,09/15/2015 11:05:00 AM,2015
CR00000310,11/05/2020 05:53:00 PM,25,CLEAR,DARKNESS - LIGHTED ROAD,TURNING,DIVIDED - W/MEDIAN (NOT RAISED),STOP SIGN/FLASHER,DISTRACTION - FROM INSIDE VEHICLE,NOT APPLICABLE,0,0,0,0,17,5,11,418,OGDEN AVE,41.922573,-87.647479,11/05/2020 07:06:00 PM,2020
CR00000311,10/27/2017 12:58:00 PM,35,CLEAR,DARKNESS - LIGHTED ROAD,REAR END,ONE-WAY,NO CONTROLS,IMPROPER OVERTAKING/PASSING,UNABLE TO DETERMINE,0,0,0,0,12,6,10,1042,CICERO AVE,41.821753,-87.563967,10/27/2017 01:43:00 PM,2017
CR00000312,10/08/2020 05:17:00 PM,20,SNOW,DAYLIGHT,TURNING,DIVIDED - W/MEDIAN (NOT RAISED),UNKNOWN,UNABLE TO DETERMINE,IMPROPER OVERTAKING/PASSING,0,0,0,0,17,5,10,2061,LAKE SHORE DR,41.756072,-87.723222,10/08/2020 06:49:00 PM,2020
CR00000313,05/13/2017 04:10:00 PM,45,RAIN,DAYLIGHT,REAR END,FOUR WAY,TRAFFIC SIGNAL,UNABLE TO DETERMINE,NOT APPLICABLE,0,0,0,0,16,7,5,2444,HALSTED ST,41.82327,-87.764715,05/13/2017 04:27:00 PM,2017
CR00000314,08/18/2015 07:16:00 AM,30,CLEAR,DAYLIGHT,TURNING,FOUR WAY,TRAFFIC SIGNAL,IMPROPER OVERTAKING/PASSING,UNABLE TO DETERMINE,0,0,3,3,7,3,8,998,DAMEN AVE,41.891287,-87.542522,08/18/2015 08:50:00 AM,2015
CR00000315,09/27/2021 07:50:00 AM,30,CLEAR,DUSK,FIXED OBJECT,DIVIDED - W/MEDIAN (NOT RAISED),TRAFFIC SIGNAL,IMPROPER LANE USAGE,IMPROPER LANE USAGE,0,0,0,0,7,2,9,381,MICHIGAN AVE,41.930247,-87.631876,09/27/2021 08:56:00 AM,2021
CR00000316,03/30/2019 12:08:00 PM,35,CLEAR,DARKNESS - LIGHTED ROAD,REAR END,NOT DIVIDED,TRAFFIC SIGNAL,IMPROPER LANE USAGE,IMPROPER LANE USAGE,0,0,0,0,12,7,3,259,ELSTON AVE,41.760705,-87.549143,03/30/2019 01:13:00 PM,2019
CR00000317,08/23/2020 07:07:00 PM,15,FREEZING RAIN/DRIZZLE,DARKNESS,PARKED MOTOR VEHICLE,DIVIDED - W/MEDIAN (NOT RAISED),TRAFFIC SIGNAL,FAILING TO YIELD RIGHT-OF-WAY,FAILING TO YIELD RIGHT-OF-WAY,0,0,0,0,19,1,8,277,47TH ST,41.897818,-87.534305,08/23/2020 08:17:00 PM,2020
CR00000318,12/10/2020 01:14:00 PM,45,CLEAR,DAYLIGHT,REAR END,NOT DIVIDED,TRAFFIC SIGNAL,WEATHER,UNABLE TO DETERMINE,0,0,1,1,13,5,12,443,CLARK ST,41.876714,-87.590512,12/10/2020 02:52:00 PM,2020
CR00000319,09/16/2021 04:26:00 PM,45,CLEAR,DAYLIGHT,ANGLE,NOT DIVIDED,TRAFFIC SIGNAL,DISTRACTION - FROM INSIDE VEHICLE,UNABLE TO DETERMINE,0,0,0,0,16,5,9,1393,DAMEN AVE,41.701641,-87.589724,09/16/2021 04:27:00 PM,2021
CR00000320,01/23/2019 06:09:00 AM,35,RAIN,DAYLIGHT,PARKED MOTOR VEHICLE,NOT DIVIDED,STOP SIGN/FLASHER,FAILING TO YIELD RIGHT-OF-WAY,DISREGARDING TRAFFIC SIGNALS,0,0,0,0,6,4,1,934,DAMEN AVE,41.875611,-87.758544,01/23/2019 07:18:00 AM,2019
CR00000321,03/11/2021 08:35:00 PM,30,RAIN,DAYLIGHT,REAR TO FRONT,DIVIDED - W/MEDIAN BARRIER,TRAFFIC SIGNAL,DISREGARDING TRAFFIC SIGNALS,UNABLE TO DETERMINE,0,0,0,0,20,5,3,587,ROOSEVELT RD,41.811064,-87.655781,03/11/2021 09:08:00 PM,2021
CR00000322,07/30/2017 02:50:00 PM,30,RAIN,DARKNESS - LIGHTED ROAD,FIXED OBJECT,DIVIDED - W/MEDIAN BARRIER,UNKNOWN,UNABLE TO DETERMINE,UNABLE TO DETERMINE,0,0,0,0,14,1,7,1693,79TH ST,41.748539,-87.77494,07/30/2017 03:42:00 PM,2017
CR00000323,01/22/2015 09:05:00 PM,45,CLEAR,DUSK,TURNING,DIVIDED - W/MEDIAN (NOT RAISED),STOP SIGN/FLASHER,DISTRACTION - FROM INSIDE VEHICLE,DRIVING SKILLS/KNOWLEDGE/EXPERIENCE,0,0,1,1,21,5,1,1273,47TH ST,41.719224,-87.77238,01/22/2015 09:16:00 PM,2015
CR00000324,09/13/2021 03:49:00 AM,30,CLEAR,DAYLIGHT,PARKED MOTOR VEHICLE,ONE-WAY,TRAFFIC SIGNAL,FAILING TO REDUCE SPEED,UNABLE TO DETERMINE,0,0,1,1,3,2,9,794,63RD ST,41.95517,-87.524235,09/13/2021 04:56:00 AM,2021
CR00000325,05/28/2015 12:15:00 PM,35,CLEAR,DARKNESS,TURNING,DIVIDED - W/MEDIAN (NOT RAISED),STOP SIGN/FLASHER,UNABLE TO DETERMINE,DRIVING SKILLS/KNOWLEDGE/EXPERIENCE,0,0,0,0,12,5,5,162,ROOSEVELT RD,41.992694,-87.819605,05/28/2015 12:51:00 PM,2015