CRASH_RECORD_ID,CRASH_DATE,POSTED_SPEED_LIMIT,WEATHER_CONDITION,LIGHTING_CONDITION,FIRST_CRASH_TYPE,TRAFFICWAY_TYPE,TRAFFIC_CONTROL_DEVICE,PRIM_CONTRIBUTORY_CAUSE,SEC_CONTRIBUTORY_CAUSE,INJURIES_FATAL,INJURIES_INCAPACITATING,INJURIES_NON_INCAPACITATING,INJURIES_TOTAL,CRASH_HOUR,CRASH_DAY_OF_WEEK,CRASH_MONTH,BEAT_OF_OCCURRENCE,STREET_NAME,LATITUDE,LONGITUDE,DATE_POLICE_NOTIFIED,year
CR00000326,11/22/2022 04:58:00 AM,45,CLEAR,DAYLIGHT,SIDESWIPE SAME DIRECTION,NOT DIVIDED,STOP SIGN/FLASHER,UNABLE TO DETERMINE,IMPROPER OVERTAKING/PASSING,0,0,0,0,4,3,11,1754,FULLERTON AVE,41.785348,-87.559582,11/22/2022 06:56:00 AM,2022
CR00000327,01/20/2015 09:11:00 AM,30,CLEAR,DARKNESS - LIGHTED ROAD,SIDESWIPE SAME DIRECTION,ONE-WAY,STOP SIGN/FLASHER,FOLLOWING TOO CLOSELY,FAILING TO REDUCE SPEED,0,0,0,0,9,3,1,1913,BROADWAY,41.731939,-87.824665,01/20/2015 09:49:00 AM,2015
CR00000328,04/25/2021 03:49:00 PM,35,RAIN,DAYLIGHT,ANGLE,NOT DIVIDED,NO CONTROLS,UNABLE TO DETERMINE,FAILING TO YIELD RIGHT-OF-WAY,0,0,0,0,15,1,4,1002,63RD ST,41.801898,-87.57854,04/25/2021 05:17:00 PM,2021
CR00000329,11/12/2022 08:51:00 AM,30,CLEAR,DAYLIGHT,REAR END,DIVIDED - W/MEDIAN (NOT RAISED),STOP SIGN/FLASHER,DISREGARDING TRAFFIC SIGNALS,NOT APPLICABLE,0,0,0,0,8,7,11,1500,CICERO AVE,41.986634,-87.669224,11/12/2022 08:53:00 AM,2022
CR00000330,03/21/2021 08:30:00 AM,30,CLEAR,DUSK,REAR END,NOT DIVIDED,UNKNOWN,FOLLOWING TOO CLOSELY,NOT APPLICABLE,0,0,0,0,8,1,3,1187,KEDZIE AVE,41.76557,-87.649201,03/21/2021 08:54:00 AM,2021
CR00000331,07/27/2017 08:53:00 AM,20,CLEAR,DARKNESS,FIXED OBJECT,ONE-WAY,STOP SIGN/FLASHER,UNABLE TO DETERMINE,WEATHER,0,0,0,0,8,5,7,2317,PULASKI RD,41.885579,-87.795402,07/27/2017 09:07:00 AM,2017
CR00000332,07/05/2024 03:23:00 PM,45,CLEAR,DARKNESS - LIGHTED ROAD,REAR END,T-INTERSECTION,TRAFFIC SIGNAL,FOLLOWING TOO CLOSELY,FAILING TO YIELD RIGHT-OF-WAY,0,0,0,0,15,6,7,1009,IRVING PARK RD,41.847702,-87.505124,07/05/2024 05:18:00 PM,2024
CR00000333,06/20/2021 07:03:00 AM,40,CLEAR,DAYLIGHT,FIXED OBJECT,T-INTERSECTION,NO CONTROLS,IMPROPER OVERTAKING/PASSING,UNABLE TO DETERMINE,0,0,0,0,7,1,6,2222,CALIFORNIA AVE,41.826953,-87.521121,06/20/2021 07:08:00 AM,2021
CR00000334,07/16/2018 06:00:00 PM,30,RAIN,DAYLIGHT,REAR END,ONE-WAY,NO CONTROLS,FOLLOWING TOO CLOSELY,FOLLOWING TOO CLOSELY,0,0,0,0,18,2,7,2030,DIVISION ST,41.763226,-87.646647,07/16/2018 06:42:00 PM,2018
CR00000335,11/06/2018 12:11:00 PM,30,CLEAR,DAYLIGHT,TURNING,NOT DIVIDED,STOP SIGN/FLASHER,UNABLE TO DETERMINE,IMPROPER LANE USAGE,0,0,0,0,12,3,11,1036,ASHLAND AVE,41.76316,-87.604751,11/06/2018 12:59:00 PM,2018
CR00000336,01/31/2023 09:51:00 AM,25,CLEAR,DAYLIGHT,REAR END,DIVIDED - W/MEDIAN (NOT RAISED),TRAFFIC SIGNAL,UNABLE TO DETERMINE,NOT APPLICABLE,0,0,0,0,9,3,1,2217,ELSTON AVE,41.829666,-87.716691,01/31/2023 10:10:00 AM,2023
CR00000337,01/30/2023 11:50:00 AM,35,CLEAR,DARKNESS,REAR END,NOT DIVIDED,NO CONTROLS,FOLLOWING TOO CLOSELY,IMPROPER OVERTAKING/PASSING,0,0,0,0,11,2,1,494,CALIFORNIA AVE,41.775292,-87.549524,01/30/2023 11:57:00 AM,2023
CR00000338,05/08/2023 11:16:00 AM,30,CLEAR,DAYLIGHT,REAR END,DIVIDED - W/MEDIAN (NOT RAISED),STOP SIGN/FLASHER,IMPROPER LANE USAGE,UNABLE TO DETERMINE,0,0,0,0,11,2,5,2462,FULLERTON AVE,41.868105,-87.523854,05/08/2023 11:49:00 AM,2023
CR00000339,04/15/2022 05:34:00 PM,40,CLEAR,DAWN,REAR TO FRONT,DIVIDED - W/MEDIAN (NOT RAISED),NO CONTROLS,FAILING TO YIELD RIGHT-OF-WAY,IMPROPER LANE USAGE,0,0,0,0,17,6,4,1273,CALIFORNIA AVE,41.934093,-87.725712,04/15/2022 07:01:00 PM,2022
CR00000340,01/31/2022 07:55:00 AM,45,RAIN,DAYLIGHT,REAR END,NOT DIVIDED,NO CONTROLS,FOLLOWING TOO CLOSELY,UNABLE TO DETERMINE,0,0,0,0,7,2,1,1384,MILWAUKEE AVE,41.942315,-87.731914,01/31/2022 09:16:00 AM,2022
CR00000341,04/28/2022 10:45:00 AM,30,CLOUDY/OVERCAST,DARKNESS - LIGHTED ROAD,ANGLE,DIVIDED - W/MEDIAN (NOT RAISED),TRAFFIC SIGNAL,UNABLE TO DETERMINE,UNABLE TO DETERMINE,0,0,0,0,10,5,4,194,HALSTED ST,41.893393,-87.755063,04/28/2022 11:42:00 AM,2022
CR00000342,02/28/2023 09:42:00 AM,25,CLEAR,DAYLIGHT,REAR END,NOT DIVIDED,TRAFFIC SIGNAL,DRIVING SKILLS/KNOWLEDGE/EXPERIENCE,UNABLE TO DETERMINE,0,0,0,0,9,3,2,207,IRVING PARK RD,41.923163,-87.587591,02/28/2023 10:09:00 AM,2023
CR00000343,06/15/2019 03:48:00 PM,30,CLEAR,DUSK,SIDESWIPE SAME DIRECTION,DIVIDED - W/MEDIAN (NOT RAISED),STOP SIGN/FLASHER,UNABLE TO DETERMINE,UNABLE TO DETERMINE,0,0,1,1,15,7,6,2257,STONY ISLAND AVE,41.89645,-87.540085,06/15/2019 04:28:00 PM,2019
CR00000344,04/28/2015 02:42:00 AM,40,CLEAR,DARKNESS - LIGHTED ROAD,TURNING,NOT DIVIDED,UNKNOWN,DRIVING SKILLS/KNOWLEDGE/EXPERIENCE,UNABLE TO DETERMINE,0,0,0,0,2,3,4,2520,DIVISION ST,41.974582,-87.547516,04/28/2015 03:42:00 AM,2015
CR00000345,02/14/2020 05:47:00 PM,40,CLEAR,DAYLIGHT,ANGLE,ONE-WAY,NO CONTROLS,UNABLE TO DETERMINE,IMPROPER OVERTAKING/PASSING,0,0,0,0,17,6,2,1361,ARCHER AVE,41.869195,-87.666789,02/14/2020 07:09:00 PM,2020
CR00000346,08/16/2019 09:09:00 AM,25,CLEAR,DAYLIGHT,ANGLE,ONE-WAY,NO CONTROLS,FAILING TO REDUCE SPEED,NOT APPLICABLE,0,0,0,0,9,6,8,2114,IRVING PARK RD,41.700028,-87.564617,08/16/2019 10:58:00 AM,2019
CR00000347,05/08/2020 10:00:00 AM,15,RAIN,DAYLIGHT,REAR END,DIVIDED - W/MEDIAN (NOT RAISED),STOP SIGN/FLASHER,FAILING TO YIELD RIGHT-OF-WAY,FAILING TO YIELD RIGHT-OF-WAY,0,0,0,0,10,6,5,1123,STONY ISLAND AVE,41.939389,-87.641049,05/08/2020 11:42:00 AM,2020
CR00000348,01/07/2023 07:41:00 PM,30,CLEAR,DAWN,PARKED MOTOR VEHICLE,DIVIDED - W/MEDIAN BARRIER,STOP SIGN/FLASHER,FOLLOWING TOO CLOSELY,FOLLOWING TOO CLOSELY,0,0,0,0,19,7,1,2278,STATE ST,41.813507,-87.757957,01/07/2023 08:36:00 PM,2023
CR00000349,08/19/2019 08:54:00 AM,45,CLEAR,DAYLIGHT,FIXED OBJECT,FOUR WAY,TRAFFIC SIGNAL,UNABLE TO DETERMINE,FOLLOWING TOO CLOSELY,0,0,0,0,8,2,8,179,HALSTED ST,41.740987,-87.811375,08/19/2019 09:53:00 AM,2019
CR00000350,07/23/2015 04:01:00 PM,35,CLOUDY/OVERCAST,DAYLIGHT,SIDESWIPE SAME DIRECTION,NOT DIVIDED,NO CONTROLS,UNABLE TO DETERMINE,IMPROPER OVERTAKING/PASSING,0,0,0,0,16,5,7,989,MILWAUKEE AVE,41.730682,-87.755782,07/23/2015 05:33:00 PM,2015
CR00000351,09/18/2019 10:50:00 AM,15,CLEAR,DAWN,TURNING,NOT DIVIDED,TRAFFIC SIGNAL,IMPROPER OVERTAKING/PASSING,UNABLE TO DETERMINE,0,0,1,1,10,4,9,887,STATE ST,41.799075,-87.554759,09/18/2019 11:09:00 AM,2019
CR00000352,03/01/2024 12:53:00 PM,35,CLEAR,DUSK,REAR END,NOT DIVIDED,TRAFFIC SIGNAL,DISREGARDING TRAFFIC SIGNALS,WEATHER,0,0,0,0,12,6,3,484,OGDEN AVE,41.99238,-87.599861,03/01/2024 01:43:00 PM,2024
CR00000353,06/20/2022 08:30:00 AM,15,CLOUDY/OVERCAST,DARKNESS - LIGHTED ROAD,ANGLE,NOT DIVIDED,NO CONTROLS,IMPROPER OVERTAKING/PASSING,DISTRACTION - FROM INSIDE VEHICLE,0,0,0,0,8,2,6,1323,KEDZIE AVE,41.988364,-87.522325,06/20/2022 08:51:00 AM,2022
CR00000354,01/16/2019 03:55:00 AM,30,CLEAR,DAYLIGHT,SIDESWIPE SAME DIRECTION,ONE-WAY,NO CONTROLS,FAILING TO YIELD RIGHT-OF-WAY,NOT APPLICABLE,0,0,0,0,3,4,1,1095,WESTERN AVE,41.991982,-87.767412,01/16/2019 04:51:00 AM,2019
CR00000355,06/22/2015 04:50:00 PM,20,CLEAR,DAYLIGHT,ANGLE,NOT DIVIDED,STOP SIGN/FLASHER,DISTRACTION - FROM INSIDE VEHICLE,FOLLOWING TOO CLOSELY,0,0,0,0,16,2,6,345,PULASKI RD,41.906522,-87.795753,06/22/2015 06:29:00 PM,2015
CR00000356,12/27/2018 05:09:00 PM,30,RAIN,DARKNESS - LIGHTED ROAD,REAR TO FRONT,DIVIDED - W/MEDIAN (NOT RAISED),TRAFFIC SIGNAL,DISREGARDING TRAFFIC SIGNALS,UNABLE TO DETERMINE,0,0,0,0,17,5,12,187,47TH ST,41.93744,-87.80596,12/27/2018 05:39:00 PM,2018
CR00000357,03/28/2019 12:46:00 PM,40,CLEAR,DARKNESS - LIGHTED ROAD,FIXED OBJECT,ONE-WAY,NO CONTROLS,IMPROPER LANE USAGE,UNABLE TO DETERMINE,0,0,0,0,12,5,3,2326,ARCHER AVE,41.969599,-87.680144,03/28/2019 01:43:00 PM,2019
CR00000358,08/18/2018 07:29:00 PM,25,CLEAR,DARKNESS - LIGHTED ROAD,REAR END,DIVIDED - W/MEDIAN (NOT RAISED),NO CONTROLS,FOLLOWING TOO CLOSELY,DRIVING SKILLS/KNOWLEDGE/EXPERIENCE,0,0,0,0,19,7,8,1603,CALIFORNIA AVE,41.949405,-87.529934,08/18/2018 08:40:00 PM,2018
CR00000359,01/03/2015 08:40:00 PM,30,FREEZING RAIN/DRIZZLE,DARKNESS - LIGHTED ROAD,SIDESWIPE SAME DIRECTION,DIVIDED - W/MEDIAN (NOT RAISED),UNKNOWN,UNABLE TO DETERMINE,DISTRACTION - FROM INSIDE VEHICLE,0,0,0,0,20,7,1,2307,BROADWAY,41.920097,-87.540974,01/03/2015 10:00:00 PM,2015
CR00000360,02/16/2017 03:43:00 PM,35,SNOW,DAYLIGHT,REAR END,NOT DIVIDED,TRAFFIC SIGNAL,DISTRACTION - FROM INSIDE VEHICLE,UNABLE TO DETERMINE,0,0,0,0,15,5,2,279,HALSTED ST,41.86544,-87.635436,02/16/2017 04:25:00 PM,2017
CR00000361,01/01/2017 02:12:00 AM,35,SNOW,DARKNESS - LIGHTED ROAD,ANGLE,FOUR WAY,UNKNOWN,IMPROPER LANE USAGE,FOLLOWING TOO CLOSELY,0,0,0,0,2,1,1,301,ARCHER AVE,41.757485,-87.838864,01/01/2017 03:35:00 AM,2017
CR00000362,06/23/2017 05:45:00 PM,20,CLEAR,DARKNESS - LIGHTED ROAD,REAR END,DIVIDED - W/MEDIAN (NOT RAISED),STOP SIGN/FLASHER,DISREGARDING TRAFFIC SIGNALS,NOT APPLICABLE,0,0,0,0,17,6,6,1803,ARCHER AVE,41.979063,-87.776942,06/23/2017 06:48:00 PM,2017
CR00000363,11/28/2023 06:03:00 PM,20,CLEAR,DUSK,SIDESWIPE SAME DIRECTION,ONE-WAY,TRAFFIC SIGNAL,UNABLE TO DETERMINE,UNABLE TO DETERMINE,0,0,1,1,18,3,11,2255,63RD ST,41.723381,-87.774435,11/28/2023 07:10:00 PM,2023
CR00000364,10/15/2017 04:40:00 PM,35,CLOUDY/OVERCAST,DARKNESS,TURNING,NOT DIVIDED,NO CONTROLS,UNABLE TO DETERMINE,DRIVING SKILLS/KNOWLEDGE/EXPERIENCE,0,0,1,1,16,1,10,1744,OGDEN AVE,41.929885,-87.648203,10/15/2017 06:07:00 PM,2017
CR00000365,10/14/2018 06:10:00 PM,30,RAIN,DAYLIGHT,TURNING,DIVIDED - W/MEDIAN (NOT RAISED),YIELD,DISTRACTION - FROM INSIDE VEHICLE,FAILING TO YIELD RIGHT-OF-WAY,0,0,0,0,18,1,10,1424,DIVISION ST,41.879975,-87.523268,10/14/2018 08:06:00 PM,2018
CR00000366,09/12/2017 04:34:00 PM,30,CLEAR,DAYLIGHT,TURNING,NOT DIVIDED,UNKNOWN,UNABLE TO DETERMINE,FOLLOWING TOO CLOSELY,0,0,0,0,16,3,9,166,OGDEN AVE,41.929712,-87.525849,09/12/2017 05:07:00 PM,2017
CR00000367,07/07/2016 10:00:00 AM,30,RAIN,DARKNESS - LIGHTED ROAD,ANGLE,ONE-WAY,STOP SIGN/FLASHER,UNABLE TO DETERMINE,UNABLE TO DETERMINE,0,0,0,0,10,5,7,254,CALIFORNIA AVE,41.766566,-87.550498,07/07/2016 10:03:00 AM,2016
CR00000368,12/27/2018 07:08:00 AM,30,CLEAR,DARKNESS - LIGHTED ROAD,TURNING,ONE-WAY,NO CONTROLS,DISREGARDING TRAFFIC SIGNALS,UNABLE TO DETERMINE,0,0,0,0,7,5,12,1429,LAKE SHORE DR,41.966888,-87.76255,12/27/2018 07:41:00 AM,2018
CR00000369,12/09/2016 03:52:00 PM,45,CLEAR,DAYLIGHT,REAR TO FRONT,NOT DIVIDED,PEDESTRIAN CROSSING SIGN,FOLLOWING TOO CLOSELY,FAILING TO YIELD RIGHT-OF-WAY,0,0,1,1,15,6,12,1878,DAMEN AVE,41.878569,-87.744862,12/09/2016 05:26:00 PM,2016
CR00000370,09/24/2024 07:55:00 AM,15,RAIN,DAWN,PARKED MOTOR VEHICLE,DIVIDED - W/MEDIAN (NOT RAISED),NO CONTROLS,FOLLOWING TOO CLOSELY,DRIVING SKILLS/KNOWLEDGE/EXPERIENCE,0,0,0,0,7,3,9,268,MILWAUKEE AVE,41.924304,-87.552683,09/24/2024 09:54:00 AM,2024
CR00000371,01/20/2021 04:09:00 PM,35,CLEAR,DUSK,PARKED MOTOR VEHICLE,ONE-WAY,TRAFFIC SIGNAL,UNABLE TO DETERMINE,UNABLE TO DETERMINE,0,0,0,0,16,4,1,1869,CLARK ST,41.909331,-87.796381,01/20/2021 05:36:00 PM,2021
CR00000372,10/26/2023 01:09:00 PM,40,CLEAR,DAYLIGHT,REAR END,DIVIDED - W/MEDIAN (NOT RAISED),TRAFFIC SIGNAL,FAILING TO YIELD RIGHT-OF-WAY,WEATHER,0,0,0,0,13,5,10,634,IRVING PARK RD,41.724764,-87.649996,10/26/2023 01:16:00 PM,2023
CR00000373,07/06/2016 03:35:00 PM,45,CLOUDY/OVERCAST,DARKNESS - LIGHTED ROAD,SIDESWIPE SAME DIRECTION,NOT DIVIDED,NO CONTROLS,FOLLOWING TOO CLOSELY,WEATHER,0,0,0,0,15,4,7,1861,MILWAUKEE AVE,41.818596,-87.650034,07/06/2016 04:47:00 PM,2016
CR00000374,09/05/2022 04:05:00 PM,30,CLEAR,DARKNESS - LIGHTED ROAD,PARKED MOTOR VEHICLE,NOT DIVIDED,PEDESTRIAN CROSSING SIGN,FOLLOWING TOO CLOSELY,UNABLE TO DETERMINE,0,0,0,0,16,2,9,1532,DIVISION ST,41.824075,-87.722156,09/05/2022 04:30:00 PM,2022
CR00000375,03/19/2024 09:28:00 PM,30,SNOW,DAYLIGHT,REAR END,T-INTERSECTION,UNKNOWN,UNABLE TO DETERMINE,UNABLE TO DETERMINE,0,0,0,0,21,3,3,323,MICHIGAN AVE,41.832139,-87.526525,03/19/2024 09:58:00 PM,2024
CR00000376,12/18/2021 07:55:00 AM,40,CLEAR,DAYLIGHT,ANGLE,ONE-WAY,YIELD,FOLLOWING TOO CLOSELY,DRIVING SKILLS/KNOWLEDGE/EXPERIENCE,0,0,1,1,7,7,12,2078,DIVISION ST,41.835018,-87.842038,12/18/2021 08:22:00 AM,2021
CR00000377,03/09/2023 07:44:00 AM,40,CLEAR,DAYLIGHT,REAR END,NOT DIVIDED,NO CONTROLS,UNABLE TO DETERMINE,NOT APPLICABLE,0,0,0,0,7,5,3,1211,PULASKI RD,41.705517,-87.645948,03/09/2023 09:09:00 AM,2023
CR00000378,03/19/2020 05:00:00 PM,30,CLEAR,DAYLIGHT,SIDESWIPE SAME DIRECTION,FOUR WAY,TRAFFIC SIGNAL,UNABLE TO DETERMINE,FAILING TO YIELD RIGHT-OF-WAY,0,0,0,0,17,5,3,2182,47TH ST,41.898112,-87.617956,03/19/2020 06:57:00 PM,2020
CR00000379,02/12/2016 11:31:00 AM,30,CLEAR,DAYLIGHT,TURNING,ONE-WAY,TRAFFIC SIGNAL,DISREGARDING TRAFFIC SIGNALS,UNABLE TO DETERMINE,0,2,2,4,11,6,2,175,ARCHER AVE,41.868206,-87.600636,02/12/2016 11:37:00 AM,2016
CR00000380,09/03/2022 12:22:00 PM,30,CLEAR,DARKNESS - LIGHTED ROAD,SIDESWIPE SAME DIRECTION,DIVIDED - W/MEDIAN (NOT RAISED),NO CONTROLS,DRIVING SKILLS/KNOWLEDGE/EXPERIENCE,FOLLOWING TOO CLOSELY,0,0,0,0,12,7,9,1023,HALSTED ST,41.770861,-87.507615,09/03/2022 01:27:00 PM,2022
CR00000381,10/31/2018 01:42:00 PM,45,RAIN,DARKNESS,SIDESWIPE SAME DIRECTION,DIVIDED - W/MEDIAN (NOT RAISED),NO CONTROLS,IMPROPER LANE USAGE,UNABLE TO DETERMINE,0,0,0,0,13,4,10,1846,CLARK ST,41.918967,-87.667749,10/31/2018 03:09:00 PM,2018
CR00000382,10/15/2021 11:28:00 AM,30,CLEAR,DAYLIGHT,FIXED OBJECT,DIVIDED - W/MEDIAN BARRIER,TRAFFIC SIGNAL,UNABLE TO DETERMINE,FAILING TO YIELD RIGHT-OF-WAY,0,0,0,0,11,6,10,694,79TH ST,41.762027,-87.801498,10/15/2021 12:38:00 PM,2021
CR00000383,05/02/2021 07:20:00 AM,30,CLEAR,DUSK,REAR END,T-INTERSECTION,TRAFFIC SIGNAL,FAILING TO YIELD RIGHT-OF-WAY,FAILING TO YIELD RIGHT-OF-WAY,0,0,0,0,7,1,5,1342,CALIFORNIA AVE,41.859888,-87.598196,05/02/2021 07:44:00 AM,2021
CR00000384,05/13/2023 10:57:00 PM,20,CLEAR,DAYLIGHT,REAR END,T-INTERSECTION,STOP SIGN/FLASHER,IMPROPER LANE USAGE,FOLLOWING TOO CLOSELY,0,0,0,0,22,7,5,2422,DIVISION ST,41.921502,-87.796815,05/13/2023 11:22:00 PM,2023
CR00000385,08/03/2017 05:14:00 PM,35,CLEAR,DARKNESS - LIGHTED ROAD,PARKED MOTOR VEHICLE,ONE-WAY,UNKNOWN,DISTRACTION - FROM INSIDE VEHICLE,FAILING TO YIELD RIGHT-OF-WAY,0,0,0,0,17,5,8,853,BROADWAY,41.707825,-87.822184,08/03/2017 06:54:00 PM,2017
CR00000386,07/05/2020 03:08:00 PM,30,CLEAR,DAYLIGHT,REAR TO FRONT,DIVIDED - W/MEDIAN BARRIER,NO CONTROLS,DISREGARDING TRAFFIC SIGNALS,UNABLE TO DETERMINE,0,0,0,0,15,1,7,370,STONY ISLAND AVE,41.767882,-87.706994,07/05/2020 03:10:00 PM,2020
CR00000387,12/05/2019 05:31:00 PM,35,FREEZING RAIN/DRIZZLE,DAYLIGHT,PARKED MOTOR VEHICLE,DIVIDED - W/MEDIAN BARRIER,TRAFFIC SIGNAL,DISREGARDING TRAFFIC SIGNALS,FOLLOWING TOO CLOSELY,0,0,0,0,17,5,12,1714,DIVISION ST,41.960032,-87.539345,12/05/2019 06:26:00 PM,2019
CR00000388,04/30/2023 04:38:00 PM,40,CLEAR,DAYLIGHT,TURNING,NOT DIVIDED,NO CONTROLS,DRIVING SKILLS/KNOWLEDGE/EXPERIENCE,DRIVING SKILLS/KNOWLEDGE/EXPERIENCE,0,0,0,0,16,1,4,1720,ROOSEVELT RD,41.892418,-87.603561,04/30/2023 04:43:00 PM,2023
CR00000389,06/10/2015 04:24:00 PM,35,CLEAR,DAYLIGHT,REAR TO FRONT,NOT DIVIDED,TRAFFIC SIGNAL,UNABLE TO DETERMINE,FAILING TO YIELD RIGHT-OF-WAY,0,0,0,0,16,4,6,1305,DIVISION ST,41.889195,-87.832747,06/10/2015 05:02:00 PM,2015
CR00000390,08/12/2015 06:33:00 PM,45,CLOUDY/OVERCAST,DARKNESS - LIGHTED ROAD,REAR END,DIVIDED - W/MEDIAN (NOT RAISED),TRAFFIC SIGNAL,FOLLOWING TOO CLOSELY,IMPROPER OVERTAKING/PASSING,0,0,1,1,18,4,8,202,STONY ISLAND AVE,41.916794,-87.81039,08/12/2015 08:13:00 PM,2015
CR00000391,02/02/2020 04:57:00 PM,30,CLOUDY/OVERCAST,DARKNESS - LIGHTED ROAD,PEDESTRIAN,NOT DIVIDED,UNKNOWN,DISREGARDING TRAFFIC SIGNALS,UNABLE TO DETERMINE,0,0,0,0,16,1,2,473,ASHLAND AVE,41.76058,-87.690861,02/02/2020 05:30:00 PM,2020
CR00000392,12/02/2022 02:40:00 PM,40,RAIN,DAYLIGHT,TURNING,ONE-WAY,TRAFFIC SIGNAL,UNABLE TO DETERMINE,WEATHER,0,0,0,0,14,6,12,799,MILWAUKEE AVE,41.857145,-87.715569,12/02/2022 04:22:00 PM,2022
CR00000393,05/05/2021 06:55:00 PM,15,CLEAR,DAYLIGHT,SIDESWIPE SAME DIRECTION,DIVIDED - W/MEDIAN BARRIER,PEDESTRIAN CROSSING SIGN,IMPROPER OVERTAKING/PASSING,FOLLOWING TOO CLOSELY,0,0,0,0,18,4,5,840,ASHLAND AVE,41.960646,-87.787397,05/05/2021 08:27:00 PM,2021
CR00000394,06/22/2016 08:00:00 AM,35,CLEAR,DAYLIGHT,PARKED MOTOR VEHICLE,ONE-WAY,NO CONTROLS,UNABLE TO DETERMINE,IMPROPER LANE USAGE,0,0,0,0,8,4,6,2048,CALIFORNIA AVE,41.775933,-87.689475,06/22/2016 09:50:00 AM,2016
CR00000395,08/07/2019 02:05:00 PM,45,RAIN,DARKNESS - LIGHTED ROAD,REAR END,NOT DIVIDED,NO CONTROLS,UNABLE TO DETERMINE,UNABLE TO DETERMINE,0,0,0,0,14,4,8,1529,PULASKI RD,41.701972,-87.541241,08/07/2019 02:41:00 PM,2019
CR00000396,08/18/2016 02:42:00 AM,15,CLEAR,DAYLIGHT,REAR END,NOT DIVIDED,STOP SIGN/FLASHER,FOLLOWING TOO CLOSELY,IMPROPER LANE USAGE,0,0,0,0,2,5,8,2444,ELSTON AVE,41.880986,-87.734111,08/18/2016 02:54:00 AM,2016
CR00000397,12/27/2016 02:47:00 PM,30,CLEAR,DAYLIGHT,REAR END,T-INTERSECTION,TRAFFIC SIGNAL,DRIVING SKILLS/KNOWLEDGE/EXPERIENCE,UNABLE TO DETERMINE,0,0,0,0,14,3,12,1299,LAKE SHORE DR,41.979444,-87.817406,12/27/2016 03:26:00 PM,2016
CR00000398,07/05/2016 07:44:00 AM,45,CLOUDY/OVERCAST,DARKNESS - LIGHTED ROAD,ANGLE,NOT DIVIDED,TRAFFIC SIGNAL,DISREGARDING TRAFFIC SIGNALS,FAILING TO REDUCE SPEED,0,0,1,1,7,3,7,1276,DAMEN AVE,41.908749,-87.635781,07/05/2016 07:58:00 AM,2016
CR00000399,10/29/2021 11:16:00 AM,45,RAIN,DARKNESS - LIGHTED ROAD,ANGLE,DIVIDED - W/MEDIAN BARRIER,STOP SIGN/FLASHER,IMPROPER OVERTAKING/PASSING,IMPROPER OVERTAKING/PASSING,0,0,0,0,11,6,10,836,DIVISION ST,41.998507,-87.726151,10/29/2021 11:33:00 AM,2021
CR00000400,08/11/2017 06:18:00 PM,15,CLEAR,DAYLIGHT,ANGLE,FOUR WAY,NO CONTROLS,UNABLE TO DETERMINE,DISTRACTION - FROM INSIDE VEHICLE,1,0,1,2,18,6,8,924,47TH ST,41.939869,-87.500355,08/11/2017 07:11:00 PM,2017
CR00000401,02/27/2018 09:50:00 AM,15,CLEAR,DARKNESS,TURNING,DIVIDED - W/MEDIAN (NOT RAISED),TRAFFIC SIGNAL,DISREGARDING TRAFFIC SIGNALS,IMPROPER LANE USAGE,0,0,0,0,9,3,2,219,STONY ISLAND AVE,41.790085,-87.657502,02/27/2018 11:29:00 AM,2018
CR00000402,03/05/2017 11:53:00 AM,15,SNOW,DAYLIGHT,ANGLE,NOT DIVIDED,STOP SIGN/FLASHER,IMPROPER OVERTAKING/PASSING,NOT APPLICABLE,0,0,0,0,11,1,3,2299,MILWAUKEE AVE,41.901742,-87.529343,03/05/2017 01:36:00 PM,2017
CR00000403,03/09/2020 08:52:00 PM,45,CLOUDY/OVERCAST,DARKNESS,SIDESWIPE SAME DIRECTION,ONE-WAY,TRAFFIC SIGNAL,UNABLE TO DETERMINE,UNABLE TO DETERMINE,0,0,0,0,20,2,3,2465,63RD ST,41.922775,-87.557713,03/09/2020 09:31:00 PM,2020
CR00000404,09/20/2018 09:58:00 PM,40,CLEAR,DARKNESS - LIGHTED ROAD,PARKED MOTOR VEHICLE,DIVIDED - W/MEDIAN (NOT RAISED),NO CONTROLS,IMPROPER LANE USAGE,UNABLE TO DETERMINE,0,0,1,1,21,5,9,1362,47TH ST,41.952222,-87.731297,09/20/2018 10:47:00 PM,2018
CR00000405,08/14/2024 11:45:00 AM,30,CLEAR,DAYLIGHT,REAR END,ONE-WAY,NO CONTROLS,UNABLE TO DETERMINE,UNABLE TO DETERMINE,0,0,0,0,11,4,8,1632,PULASKI RD,41.824161,-87.676031,08/14/2024 12:16:00 PM,2024
CR00000406,09/21/2023 08:58:00 AM,40,CLEAR,DAYLIGHT,TURNING,ONE-WAY,UNKNOWN,DRIVING SKILLS/KNOWLEDGE/EXPERIENCE,FOLLOWING TOO CLOSELY,0,0,0,0,8,5,9,1440,HALSTED ST,41.851798,-87.570341,09/21/2023 10:54:00 AM,2023
CR00000407,08/18/2023 06:52:00 AM,40,CLEAR,DAYLIGHT,SIDESWIPE SAME DIRECTION,NOT DIVIDED,STOP SIGN/FLASHER,IMPROPER LANE USAGE,NOT APPLICABLE,0,0,1,1,6,6,8,456,MILWAUKEE AVE,41.917371,-87.689221,08/18/2023 08:24:00 AM,2023