CRASH_RECORD_ID,CRASH_DATE,POSTED_SPEED_LIMIT,WEATHER_CONDITION,LIGHTING_CONDITION,FIRST_CRASH_TYPE,TRAFFICWAY_TYPE,TRAFFIC_CONTROL_DEVICE,PRIM_CONTRIBUTORY_CAUSE,SEC_CONTRIBUTORY_CAUSE,INJURIES_FATAL,INJURIES_INCAPACITATING,INJURIES_NON_INCAPACITATING,INJURIES_TOTAL,CRASH_HOUR,CRASH_DAY_OF_WEEK,CRASH_MONTH,BEAT_OF_OCCURRENCE,STREET_NAME,LATITUDE,LONGITUDE,DATE_POLICE_NOTIFIED,year
CR00000408,03/27/2020 02:06:00 AM,30,RAIN,DAYLIGHT,SIDESWIPE SAME DIRECTION,NOT DIVIDED,NO CONTROLS,FOLLOWING TOO CLOSELY,FOLLOWING TOO CLOSELY,0,0,0,0,2,6,3,2280,MILWAUKEE AVE,41.897695,-87.740632,03/27/2020 03:20:00 AM,2020
CR00000409,09/01/2023 02:42:00 PM,45,RAIN,DARKNESS - LIGHTED ROAD,REAR END,NOT DIVIDED,TRAFFIC SIGNAL,FAILING TO YIELD RIGHT-OF-WAY,DRIVING SKILLS/KNOWLEDGE/EXPERIENCE,0,0,0,0,14,6,9,1404,STATE ST,41.744796,-87.754227,09/01/2023 02:44:00 PM,2023
CR00000410,08/02/2016 06:51:00 PM,30,CLEAR,DAYLIGHT,REAR END,NOT DIVIDED,NO CONTROLS,IMPROPER OVERTAKING/PASSING,NOT APPLICABLE,0,0,0,0,18,3,8,306,ASHLAND AVE,41.773448,-87.825065,08/02/2016 08:10:00 PM,2016
CR00000411,04/21/2019 03:05:00 AM,35,RAIN,DAYLIGHT,SIDESWIPE SAME DIRECTION,DIVIDED - W/MEDIAN (NOT RAISED),NO CONTROLS,FAILING TO REDUCE SPEED,WEATHER,0,0,0,0,3,1,4,2285,CICERO AVE,41.753695,-87.641358,04/21/2019 04:21:00 AM,2019
CR00000412,06/23/2023 08:29:00 PM,35,CLEAR,DAYLIGHT,SIDESWIPE SAME DIRECTION,DIVIDED - W/MEDIAN BARRIER,STOP SIGN/FLASHER,FAILING TO REDUCE SPEED,WEATHER,0,0,0,0,20,6,6,2006,LAKE SHORE DR,41.727875,-87.569177,06/23/2023 09:59:00 PM,2023
CR00000413,08/07/2017 08:09:00 AM,30,CLEAR,DARKNESS - LIGHTED ROAD,REAR END,NOT DIVIDED,TRAFFIC SIGNAL,UNABLE TO DETERMINE,FAILING TO YIELD RIGHT-OF-WAY,0,0,2,2,8,2,8,2060,CALIFORNIA AVE,41.755006,-87.528957,08/07/2017 08:52:00 AM,2017
CR00000414,06/26/2024 07:18:00 AM,35,CLOUDY/OVERCAST,DAYLIGHT,SIDESWIPE SAME DIRECTION,ONE-WAY,STOP SIGN/FLASHER,UNABLE TO DETERMINE,NOT APPLICABLE,0,0,0,0,7,4,6,1337,ELSTON AVE,41.881332,-87.805412,06/26/2024 07:32:00 AM,2024
CR00000415,03/03/2020 01:37:00 PM,35,CLEAR,DAYLIGHT,REAR END,DIVIDED - W/MEDIAN BARRIER,STOP SIGN/FLASHER,FAILING TO YIELD RIGHT-OF-WAY,NOT APPLICABLE,0,0,0,0,13,3,3,1883,FULLERTON AVE,41.886262,-87.658218,03/03/2020 02:39:00 PM,2020
CR00000416,10/30/2023 11:34:00 AM,45,CLEAR,DAYLIGHT,PARKED MOTOR VEHICLE,FOUR WAY,TRAFFIC SIGNAL,FOLLOWING TOO CLOSELY,DRIVING SKILLS/KNOWLEDGE/EXPERIENCE,0,0,0,0,11,2,10,499,CALIFORNIA AVE,41.751926,-87.615638,10/30/2023 01:09:00 PM,2023
CR00000417,12/22/2016 10:25:00 AM,35,CLEAR,DARKNESS - LIGHTED ROAD,PARKED MOTOR VEHICLE,FOUR WAY,NO CONTROLS,UNABLE TO DETERMINE,UNABLE TO DETERMINE,0,0,0,0,10,5,12,669,FULLERTON AVE,41.732623,-87.565077,12/22/2016 12:04:00 PM,2016
CR00000418,06/20/2023 05:51:00 PM,30,CLEAR,DARKNESS - LIGHTED ROAD,ANGLE,DIVIDED - W/MEDIAN (NOT RAISED),NO CONTROLS,UNABLE TO DETERMINE,FAILING TO REDUCE SPEED,0,0,0,0,17,3,6,1396,CLARK ST,41.744018,-87.797774,06/20/2023 07:00:00 PM,2023
CR00000419,05/24/2021 08:58:00 PM,30,CLEAR,DARKNESS - LIGHTED ROAD,REAR END,FOUR WAY,TRAFFIC SIGNAL,FAILING TO YIELD RIGHT-OF-WAY,NOT APPLICABLE,0,0,0,0,20,2,5,622,CLARK ST,41.97555,-87.522163,05/24/2021 10:30:00 PM,2021
CR00000420,09/13/2015 12:57:00 PM,30,CLEAR,DAYLIGHT,REAR END,NOT DIVIDED,TRAFFIC SIGNAL,FAILING TO REDUCE SPEED,IMPROPER LANE USAGE,0,0,0,0,12,1,9,1714,79TH ST,41.715938,-87.603826,09/13/2015 02:43:00 PM,2015
CR00000421,07/27/2018 06:24:00 PM,35,CLEAR,DAYLIGHT,ANGLE,DIVIDED - W/MEDIAN (NOT RAISED),TRAFFIC SIGNAL,FAILING TO YIELD RIGHT-OF-WAY,UNABLE TO DETERMINE,0,0,0,0,18,6,7,1281,63RD ST,41.830557,-87.776074,07/27/2018 06:47:00 PM,2018
CR00000422,05/29/2016 07:00:00 AM,35,CLEAR,DAYLIGHT,REAR END,FOUR WAY,TRAFFIC SIGNAL,IMPROPER OVERTAKING/PASSING,NOT APPLICABLE,0,0,0,0,7,1,5,1843,DIVISION ST,41.704712,-87.597531,05/29/2016 08:03:00 AM,2016
CR00000423,01/06/2017 02:32:00 PM,25,CLEAR,DARKNESS - LIGHTED ROAD,REAR END,ONE-WAY,TRAFFIC SIGNAL,DISREGARDING TRAFFIC SIGNALS,FOLLOWING TOO CLOSELY,0,0,0,0,14,6,1,2155,STATE ST,41.946021,-87.71535,01/06/2017 03:01:00 PM,2017
CR00000424,08/10/2019 04:36:00 PM,30,CLEAR,DARKNESS - LIGHTED ROAD,ANGLE,DIVIDED - W/MEDIAN BARRIER,NO CONTROLS,UNABLE TO DETERMINE,DISREGARDING TRAFFIC SIGNALS,0,0,0,0,16,7,8,2256,IRVING PARK RD,41.99347,-87.651148,08/10/2019 06:07:00 PM,2019
CR00000425,09/26/2023 10:29:00 AM,35,RAIN,DUSK,FIXED OBJECT,DIVIDED - W/MEDIAN BARRIER,NO CONTROLS,FAILING TO REDUCE SPEED,DISTRACTION - FROM INSIDE VEHICLE,0,0,0,0,10,3,9,2308,FULLERTON AVE,41.857007,-87.636475,09/26/2023 11:01:00 AM,2023
CR00000426,07/03/2018 05:03:00 PM,35,CLEAR,DAYLIGHT,SIDESWIPE SAME DIRECTION,NOT DIVIDED,NO CONTROLS,FAILING TO REDUCE SPEED,NOT APPLICABLE,0,1,3,4,17,3,7,1345,ROOSEVELT RD,41.971817,-87.649112,07/03/2018 05:46:00 PM,2018
CR00000427,10/21/2023 04:16:00 PM,30,CLOUDY/OVERCAST,DARKNESS - LIGHTED ROAD,REAR END,NOT DIVIDED,TRAFFIC SIGNAL,UNABLE TO DETERMINE,UNABLE TO DETERMINE,0,0,0,0,16,7,10,2170,CICERO AVE,41.841948,-87.790822,10/21/2023 04:23:00 PM,2023
CR00000428,07/19/2024 08:17:00 PM,15,CLOUDY/OVERCAST,DAYLIGHT,PARKED MOTOR VEHICLE,NOT DIVIDED,STOP SIGN/FLASHER,DISREGARDING TRAFFIC SIGNALS,UNABLE TO DETERMINE,0,0,0,0,20,6,7,1929,ARCHER AVE,41.884739,-87.753674,07/19/2024 08:50:00 PM,2024
CR00000429,01/22/2024 08:16:00 AM,45,CLEAR,DARKNESS - LIGHTED ROAD,REAR TO FRONT,DIVIDED - W/MEDIAN (NOT RAISED),PEDESTRIAN CROSSING SIGN,FAILING TO YIELD RIGHT-OF-WAY,FOLLOWING TOO CLOSELY,0,2,0,2,8,2,1,1902,ROOSEVELT RD,41.802854,-87.820459,01/22/2024 08:35:00 AM,2024
CR00000430,02/24/2022 07:13:00 AM,20,CLEAR,DAYLIGHT,TURNING,DIVIDED - W/MEDIAN (NOT RAISED),TRAFFIC SIGNAL,FOLLOWING TOO CLOSELY,IMPROPER OVERTAKING/PASSING,0,0,0,0,7,5,2,2281,MICHIGAN AVE,41.95255,-87.830986,02/24/2022 07:47:00 AM,2022
CR00000431,04/05/2019 06:45:00 PM,15,CLEAR,DAYLIGHT,TURNING,DIVIDED - W/MEDIAN BARRIER,TRAFFIC SIGNAL,DRIVING SKILLS/KNOWLEDGE/EXPERIENCE,FAILING TO REDUCE SPEED,0,0,0,0,18,6,4,268,ASHLAND AVE,41.778788,-87.664345,04/05/2019 07:41:00 PM,2019
CR00000432,12/16/2020 05:22:00 PM,30,SNOW,DARKNESS - LIGHTED ROAD,TURNING,DIVIDED - W/MEDIAN (NOT RAISED),PEDESTRIAN CROSSING SIGN,FAILING TO REDUCE SPEED,DISREGARDING TRAFFIC SIGNALS,0,0,1,1,17,4,12,1090,ROOSEVELT RD,41.80049,-87.756519,12/16/2020 05:35:00 PM,2020
CR00000433,07/15/2022 04:49:00 PM,30,RAIN,DAYLIGHT,FIXED OBJECT,NOT DIVIDED,NO CONTROLS,UNABLE TO DETERMINE,FAILING TO YIELD RIGHT-OF-WAY,0,0,0,0,16,6,7,500,OGDEN AVE,41.801222,-87.608403,07/15/2022 05:13:00 PM,2022
CR00000434,03/01/2016 06:28:00 PM,15,RAIN,DAYLIGHT,REAR END,FOUR WAY,STOP SIGN/FLASHER,UNABLE TO DETERMINE,IMPROPER LANE USAGE,0,0,0,0,18,3,3,598,47TH ST,41.917575,-87.761836,03/01/2016 06:33:00 PM,2016
CR00000435,05/06/2016 05:54:00 AM,45,CLEAR,DAYLIGHT,FIXED OBJECT,NOT DIVIDED,NO CONTROLS,FOLLOWING TOO CLOSELY,IMPROPER OVERTAKING/PASSING,0,0,0,0,5,6,5,410,79TH ST,41.812788,-87.58265,05/06/2016 07:17:00 AM,2016
CR00000436,02/01/2020 10:49:00 AM,30,CLEAR,DAWN,REAR END,NOT DIVIDED,PEDESTRIAN CROSSING SIGN,UNABLE TO DETERMINE,FAILING TO YIELD RIGHT-OF-WAY,0,0,0,0,10,7,2,1691,MILWAUKEE AVE,41.971017,-87.580542,02/01/2020 11:31:00 AM,2020
CR00000437,09/04/2015 09:52:00 AM,30,RAIN,DAYLIGHT,REAR END,FOUR WAY,TRAFFIC SIGNAL,UNABLE TO DETERMINE,UNABLE TO DETERMINE,0,0,0,0,9,6,9,2314,IRVING PARK RD,41.832172,-87.677897,09/04/2015 11:51:00 AM,2015
CR00000438,11/02/2019 08:39:00 AM,15,CLEAR,DAYLIGHT,ANGLE,DIVIDED - W/MEDIAN BARRIER,NO CONTROLS,WEATHER,IMPROPER OVERTAKING/PASSING,0,0,0,0,8,7,11,176,LAKE SHORE DR,41.973783,-87.59961,11/02/2019 08:53:00 AM,2019
CR00000439,09/01/2016 05:40:00 PM,30,CLEAR,DARKNESS - LIGHTED ROAD,REAR END,ONE-WAY,UNKNOWN,WEATHER,IMPROPER OVERTAKING/PASSING,0,0,0,0,17,5,9,2058,DAMEN AVE,41.711351,-87.713331,09/01/2016 06:00:00 PM,2016
CR00000440,07/13/2019 07:49:00 PM,30,SNOW,DAYLIGHT,TURNING,NOT DIVIDED,STOP SIGN/FLASHER,DISTRACTION - FROM INSIDE VEHICLE,UNABLE TO DETERMINE,0,1,2,3,19,7,7,1596,ELSTON AVE,41.736361,-87.662644,07/13/2019 08:35:00 PM,2019
CR00000441,07/27/2024 11:05:00 AM,30,CLEAR,DARKNESS,TURNING,NOT DIVIDED,STOP SIGN/FLASHER,FAILING TO REDUCE SPEED,FAILING TO YIELD RIGHT-OF-WAY,0,0,1,1,11,7,7,2092,CICERO AVE,41.866343,-87.51137,07/27/2024 12:30:00 PM,2024
CR00000442,12/04/2024 05:28:00 PM,45,CLEAR,DARKNESS - LIGHTED ROAD,TURNING,NOT DIVIDED,TRAFFIC SIGNAL,DISTRACTION - FROM INSIDE VEHICLE,FOLLOWING TOO CLOSELY,0,0,0,0,17,4,12,2146,ELSTON AVE,41.741983,-87.782418,12/04/2024 07:01:00 PM,2024
CR00000443,05/10/2024 09:28:00 PM,40,CLEAR,DARKNESS,ANGLE,NOT DIVIDED,UNKNOWN,IMPROPER LANE USAGE,UNABLE TO DETERMINE,0,1,0,1,21,6,5,395,PULASKI RD,41.821652,-87.775913,05/10/2024 10:52:00 PM,2024
CR00000444,04/01/2023 07:31:00 AM,30,CLOUDY/OVERCAST,DARKNESS - LIGHTED ROAD,REAR END,NOT DIVIDED,NO CONTROLS,DISTRACTION - FROM INSIDE VEHICLE,UNABLE TO DETERMINE,0,0,0,0,7,7,4,1358,ASHLAND AVE,41.841366,-87.528693,04/01/2023 07:37:00 AM,2023
CR00000445,02/12/2020 05:10:00 PM,20,CLEAR,DAYLIGHT,TURNING,DIVIDED - W/MEDIAN BARRIER,STOP SIGN/FLASHER,FAILING TO YIELD RIGHT-OF-WAY,FOLLOWING TOO CLOSELY,0,0,1,1,17,4,2,594,63RD ST,41.849143,-87.570289,02/12/2020 05:39:00 PM,2020
CR00000446,06/17/2021 04:08:00 PM,45,CLEAR,DAYLIGHT,REAR END,NOT DIVIDED,NO CONTROLS,UNABLE TO DETERMINE,DISREGARDING TRAFFIC SIGNALS,0,0,0,0,16,5,6,1800,STONY ISLAND AVE,41.989408,-87.775369,06/17/2021 04:14:00 PM,2021
CR00000447,10/23/2022 12:35:00 PM,20,RAIN,DARKNESS - LIGHTED ROAD,TURNING,T-INTERSECTION,NO CONTROLS,UNABLE TO DETERMINE,NOT APPLICABLE,0,0,0,0,12,1,10,2094,CICERO AVE,41.773093,-87.646305,10/23/2022 12:53:00 PM,2022
CR00000448,01/27/2015 12:11:00 AM,35,CLOUDY/OVERCAST,DAYLIGHT,REAR END,NOT DIVIDED,STOP SIGN/FLASHER,FOLLOWING TOO CLOSELY,DRIVING SKILLS/KNOWLEDGE/EXPERIENCE,0,0,1,1,0,3,1,1944,DAMEN AVE,41.824867,-87.567406,01/27/2015 01:50:00 AM,2015
CR00000449,09/06/2017 08:39:00 AM,20,RAIN,DAYLIGHT,TURNING,DIVIDED - W/MEDIAN (NOT RAISED),NO CONTROLS,DRIVING SKILLS/KNOWLEDGE/EXPERIENCE,FOLLOWING TOO CLOSELY,0,0,0,0,8,4,9,886,ASHLAND AVE,41.878882,-87.59898,09/06/2017 09:58:00 AM,2017
CR00000450,12/11/2020 06:39:00 AM,35,FREEZING RAIN/DRIZZLE,DARKNESS - LIGHTED ROAD,FIXED OBJECT,NOT DIVIDED,NO CONTROLS,UNABLE TO DETERMINE,UNABLE TO DETERMINE,0,0,0,0,6,6,12,561,HALSTED ST,41.928338,-87.661097,12/11/2020 07:08:00 AM,2020
CR00000451,09/07/2022 03:31:00 PM,30,CLEAR,DAYLIGHT,TURNING,NOT DIVIDED,TRAFFIC SIGNAL,IMPROPER LANE USAGE,NOT APPLICABLE,0,0,0,0,15,4,9,1956,PULASKI RD,41.901043,-87.83491,09/07/2022 04:54:00 PM,2022
CR00000452,03/03/2016 07:03:00 PM,35,RAIN,DARKNESS - LIGHTED ROAD,SIDESWIPE SAME DIRECTION,DIVIDED - W/MEDIAN (NOT RAISED),NO CONTROLS,DISREGARDING TRAFFIC SIGNALS,FAILING TO REDUCE SPEED,0,0,2,2,19,5,3,1434,MICHIGAN AVE,41.854471,-87.825199,03/03/2016 07:34:00 PM,2016
CR00000453,09/26/2023 07:20:00 AM,35,CLEAR,DAYLIGHT,ANGLE,ONE-WAY,TRAFFIC SIGNAL,UNABLE TO DETERMINE,NOT APPLICABLE,0,0,0,0,7,3,9,1885,HALSTED ST,41.771136,-87.705592,09/26/2023 07:46:00 AM,2023
CR00000454,06/04/2017 05:29:00 PM,30,CLEAR,DAYLIGHT,TURNING,NOT DIVIDED,NO CONTROLS,FAILING TO REDUCE SPEED,IMPROPER LANE USAGE,0,0,0,0,17,1,6,344,STATE ST,41.812046,-87.689791,06/04/2017 05:54:00 PM,2017
CR00000455,07/13/2016 07:54:00 AM,30,RAIN,DAYLIGHT,PARKED MOTOR VEHICLE,FOUR WAY,NO CONTROLS,IMPROPER LANE USAGE,DRIVING SKILLS/KNOWLEDGE/EXPERIENCE,0,0,0,0,7,4,7,1040,CICERO AVE,41.825467,-87.583881,07/13/2016 08:23:00 AM,2016
CR00000456,08/14/2019 03:31:00 PM,30,CLEAR,DAYLIGHT,TURNING,ONE-WAY,NO CONTROLS,IMPROPER LANE USAGE,UNABLE TO DETERMINE,0,0,2,2,15,4,8,2449,WESTERN AVE,41.783751,-87.594494,08/14/2019 05:06:00 PM,2019
CR00000457,09/08/2019 02:02:00 AM,20,CLEAR,DARKNESS - LIGHTED ROAD,SIDESWIPE SAME DIRECTION,NOT DIVIDED,STOP SIGN/FLASHER,DISREGARDING TRAFFIC SIGNALS,UNABLE TO DETERMINE,0,0,2,2,2,1,9,1765,KEDZIE AVE,41.859337,-87.682256,09/08/2019 03:45:00 AM,2019
CR00000458,06/27/2016 12:18:00 PM,30,CLEAR,DARKNESS,TURNING,ONE-WAY,YIELD,IMPROPER LANE USAGE,UNABLE TO DETERMINE,0,0,0,0,12,2,6,1963,CALIFORNIA AVE,41.999685,-87.844424,06/27/2016 01:44:00 PM,2016
CR00000459,08/28/2023 07:55:00 AM,35,CLOUDY/OVERCAST,DARKNESS - LIGHTED ROAD,REAR END,FOUR WAY,NO CONTROLS,FAILING TO YIELD RIGHT-OF-WAY,NOT APPLICABLE,0,0,0,0,7,2,8,1463,OGDEN AVE,41.755484,-87.544957,08/28/2023 09:16:00 AM,2023
CR00000460,05/14/2015 10:27:00 AM,30,SNOW,DAYLIGHT,PARKED MOTOR VEHICLE,DIVIDED - W/MEDIAN (NOT RAISED),UNKNOWN,UNABLE TO DETERMINE,DRIVING SKILLS/KNOWLEDGE/EXPERIENCE,0,0,0,0,10,5,5,1590,PULASKI RD,41.909416,-87.635625,05/14/2015 11:41:00 AM,2015
CR00000461,03/30/2016 12:23:00 PM,40,CLOUDY/OVERCAST,DAYLIGHT,ANGLE,DIVIDED - W/MEDIAN BARRIER,PEDESTRIAN CROSSING SIGN,UNABLE TO DETERMINE,UNABLE TO DETERMINE,0,0,0,0,12,4,3,1471,MICHIGAN AVE,41.712262,-87.721748,03/30/2016 01:46:00 PM,2016
CR00000462,01/19/2021 07:41:00 AM,30,FOG/SMOKE/HAZE,DUSK,REAR TO FRONT,NOT DIVIDED,TRAFFIC SIGNAL,FAILING TO YIELD RIGHT-OF-WAY,NOT APPLICABLE,0,0,0,0,7,3,1,1195,OGDEN AVE,41.981744,-87.646958,01/19/2021 09:11:00 AM,2021
CR00000463,08/18/2022 01:17:00 PM,40,CLEAR,DARKNESS - LIGHTED ROAD,PEDESTRIAN,ONE-WAY,STOP SIGN/FLASHER,DRIVING SKILLS/KNOWLEDGE/EXPERIENCE,NOT APPLICABLE,0,0,0,0,13,5,8,1297,CALIFORNIA AVE,41.811844,-87.691656,08/18/2022 02:22:00 PM,2022
CR00000464,12/18/2021 12:51:00 PM,20,CLEAR,DAYLIGHT,REAR END,NOT DIVIDED,TRAFFIC SIGNAL,UNABLE TO DETERMINE,FOLLOWING TOO CLOSELY,0,0,0,0,12,7,12,415,ASHLAND AVE,41.907967,-87.50767,12/18/2021 02:45:00 PM,2021
CR00000465,11/05/2016 10:07:00 AM,15,CLEAR,DAYLIGHT,FIXED OBJECT,ONE-WAY,NO CONTROLS,IMPROPER OVERTAKING/PASSING,FAILING TO YIELD RIGHT-OF-WAY,0,0,0,0,10,7,11,1820,CALIFORNIA AVE,41.848899,-87.543752,11/05/2016 11:14:00 AM,2016
CR00000466,04/10/2023 05:01:00 PM,40,SNOW,DAYLIGHT,TURNING,ONE-WAY,TRAFFIC SIGNAL,DISTRACTION - FROM INSIDE VEHICLE,DISTRACTION - FROM INSIDE VEHICLE,0,0,0,0,17,2,4,1436,LAKE SHORE DR,41.718885,-87.544872,04/10/2023 05:31:00 PM,2023
CR00000467,08/27/2021 06:44:00 PM,25,CLEAR,DAYLIGHT,SIDESWIPE SAME DIRECTION,NOT DIVIDED,TRAFFIC SIGNAL,FAILING TO YIELD RIGHT-OF-WAY,FOLLOWING TOO CLOSELY,0,0,0,0,18,6,8,293,HALSTED ST,41.864541,-87.689698,08/27/2021 07:57:00 PM,2021
CR00000468,12/17/2018 10:29:00 AM,25,CLEAR,DAYLIGHT,REAR END,NOT DIVIDED,TRAFFIC SIGNAL,IMPROPER LANE USAGE,UNABLE TO DETERMINE,0,2,1,3,10,2,12,1905,STATE ST,41.754684,-87.788624,12/17/2018 12:00:00 PM,2018
CR00000469,02/23/2019 08:13:00 AM,25,CLEAR,DAYLIGHT,ANGLE,NOT DIVIDED,TRAFFIC SIGNAL,FOLLOWING TOO CLOSELY,UNABLE TO DETERMINE,0,0,0,0,8,7,2,202,BROADWAY,41.710407,-87.73907,02/23/2019 08:58:00 AM,2019
CR00000470,08/07/2020 08:09:00 PM,30,FOG/SMOKE/HAZE,DARKNESS - LIGHTED ROAD,FIXED OBJECT,NOT DIVIDED,STOP SIGN/FLASHER,DISREGARDING TRAFFIC SIGNALS,NOT APPLICABLE,0,2,3,5,20,6,8,1910,MILWAUKEE AVE,41.799384,-87.603092,08/07/2020 09:10:00 PM,2020
CR00000471,09/23/2022 07:46:00 AM,30,CLEAR,DAYLIGHT,PARKED MOTOR VEHICLE,NOT DIVIDED,TRAFFIC SIGNAL,FAILING TO YIELD RIGHT-OF-WAY,UNABLE TO DETERMINE,0,0,0,0,7,6,9,1436,PULASKI RD,41.712024,-87.612697,09/23/2022 08:01:00 AM,2022
CR00000472,10/26/2021 05:12:00 PM,30,CLEAR,DAYLIGHT,ANGLE,DIVIDED - W/MEDIAN (NOT RAISED),STOP SIGN/FLASHER,DISTRACTION - FROM INSIDE VEHICLE,UNABLE TO DETERMINE,0,0,0,0,17,3,10,2196,BROADWAY,41.766643,-87.522517,10/26/2021 05:48:00 PM,2021
CR00000473,03/07/2017 03:20:00 PM,30,CLEAR,DAYLIGHT,PEDESTRIAN,DIVIDED - W/MEDIAN (NOT RAISED),TRAFFIC SIGNAL,FAILING TO YIELD RIGHT-OF-WAY,FAILING TO YIELD RIGHT-OF-WAY,0,0,0,0,15,3,3,149,CLARK ST,41.853467,-87.830383,03/07/2017 04:46:00 PM,2017
CR00000474,11/13/2018 11:19:00 AM,35,CLOUDY/OVERCAST,DAYLIGHT,REAR END,FOUR WAY,STOP SIGN/FLASHER,UNABLE TO DETERMINE,UNABLE TO DETERMINE,0,1,2,3,11,3,11,951,CLARK ST,41.941106,-87.748978,11/13/2018 01:03:00 PM,2018
CR00000475,04/28/2020 03:21:00 PM,15,CLEAR,DARKNESS - LIGHTED ROAD,SIDESWIPE SAME DIRECTION,DIVIDED - W/MEDIAN (NOT RAISED),NO CONTROLS,DRIVING SKILLS/KNOWLEDGE/EXPERIENCE,IMPROPER OVERTAKING/PASSING,0,0,0,0,15,3,4,2426,IRVING PARK RD,41.988029,-87.58536,04/28/2020 03:33:00 PM,2020
CR00000476,07/14/2016 08:11:00 AM,35,CLEAR,DAYLIGHT,REAR END,NOT DIVIDED,NO CONTROLS,FOLLOWING TOO CLOSELY,DISTRACTION - FROM INSIDE VEHICLE,0,0,1,1,8,5,7,2035,ASHLAND AVE,41.950376,-87.74363,07/14/2016 09:23:00 AM,2016
CR00000477,05/02/2022 06:57:00 PM,30,CLEAR,DAYLIGHT,REAR TO FRONT,NOT DIVIDED,TRAFFIC SIGNAL,UNABLE TO DETERMINE,IMPROPER LANE USAGE,0,0,0,0,18,2,5,1581,FULLERTON AVE,41.753812,-87.532622,05/02/2022 08:20:00 PM,2022
CR00000478,05/22/2020 04:27:00 PM,30,CLEAR,DARKNESS - LIGHTED ROAD,REAR END,NOT DIVIDED,TRAFFIC SIGNAL,IMPROPER OVERTAKING/PASSING,NOT APPLICABLE,0,0,1,1,16,6,5,654,ARCHER AVE,41.811961,-87.593465,05/22/2020 04:30:00 PM,2020
CR00000479,10/30/2016 03:17:00 AM,30,CLEAR,DARKNESS - LIGHTED ROAD,PARKED MOTOR VEHICLE,NOT DIVIDED,TRAFFIC SIGNAL,UNABLE TO DETERMINE,WEATHER,0,0,0,0,3,1,10,850,IRVING PARK RD,41.890874,-87.515695,10/30/2016 03:24:00 AM,2016
CR00000480,01/23/2016 05:48:00 PM,30,CLEAR,DARKNESS,FIXED OBJECT,DIVIDED - W/MEDIAN BARRIER,TRAFFIC SIGNAL,UNABLE TO DETERMINE,DRIVING SKILLS/KNOWLEDGE/EXPERIENCE,0,0,0,0,17,7,1,2475,ARCHER AVE,41.796782,-87.739326,01/23/2016 07:37:00 PM,2016
CR00000481,03/26/2024 07:00:00 AM,30,CLEAR,DAYLIGHT,REAR END,NOT DIVIDED,TRAFFIC SIGNAL,UNABLE TO DETERMINE,NOT APPLICABLE,0,0,0,0,7,3,3,871,ELSTON AVE,41.784425,-87.577417,03/26/2024 07:53:00 AM,2024
CR00000482,11/17/2021 06:53:00 PM,25,CLEAR,DARKNESS - LIGHTED ROAD,TURNING,NOT DIVIDED,UNKNOWN,FAILING TO YIELD RIGHT-OF-WAY,UNABLE TO DETERMINE,0,0,1,1,18,4,11,1910,DIVISION ST,41.825204,-87.529389,11/17/2021 07:08:00 PM,2021
CR00000483,11/12/2020 08:21:00 PM,30,CLEAR,DARKNESS,REAR END,DIVIDED - W/MEDIAN BARRIER,NO CONTROLS,FOLLOWING TOO CLOSELY,UNABLE TO DETERMINE,0,0,0,0,20,5,11,959,HALSTED ST,41.791405,-87.589439,11/12/2020 08:37:00 PM,2020
CR00000484,11/18/2015 01:44:00 PM,35,CLEAR,DAYLIGHT,REAR END,NOT DIVIDED,STOP SIGN/FLASHER,DRIVING SKILLS/KNOWLEDGE/EXPERIENCE,IMPROPER LANE USAGE,0,0,0,0,13,4,11,342,LAKE SHORE DR,41.733517,-87.843418,11/18/2015 02:46:00 PM,2015
CR00000485,05/02/2016 09:02:00 AM,20,RAIN,DAYLIGHT,PARKED MOTOR VEHICLE,NOT DIVIDED,NO CONTROLS,DISTRACTION - FROM INSIDE VEHICLE,FAILING TO YIELD RIGHT-OF-WAY,0,0,0,0,9,2,5,219,CICERO AVE,41.900276,-87.585907,05/02/2016 10:43:00 AM,2016
CR00000486,08/19/2016 07:17:00 PM,45,FOG/SMOKE/HAZE,DAYLIGHT,ANGLE,NOT DIVIDED,UNKNOWN,UNABLE TO DETERMINE,FOLLOWING TOO CLOSELY,0,2,3,5,19,6,8,803,IRVING PARK RD,41.772547,-87.650418,08/19/2016 07:30:00 PM,2016
CR00000487,01/09/2021 12:46:00 AM,35,CLEAR,DARKNESS,PARKED MOTOR VEHICLE,NOT DIVIDED,TRAFFIC SIGNAL,FAILING TO REDUCE SPEED,UNABLE TO DETERMINE,0,0,0,0,0,7,1,840,ARCHER AVE,41.764205,-87.673532,01/09/2021 02:17:00 AM,2021
CR00000488,04/04/2019 01:13:00 PM,20,CLEAR,DAYLIGHT,ANGLE,NOT DIVIDED,TRAFFIC SIGNAL,WEATHER,FAILING TO YIELD RIGHT-OF-WAY,0,0,0,0,13,5,4,1280,ELSTON AVE,41.822273,-87.583507,04/04/2019 01:54:00 PM,2019
CR00000489,02/05/2023 02:05:00 AM,30,SNOW,DAYLIGHT,SIDESWIPE SAME DIRECTION,ONE-WAY,TRAFFIC SIGNAL,FOLLOWING TOO CLOSELY,NOT APPLICABLE,0,0,0,0,2,1,2,1852,KEDZIE AVE,41.734717,-87.750736,02/05/2023 03:22:00 AM,2023