CRASH_RECORD_ID,CRASH_DATE,POSTED_SPEED_LIMIT,WEATHER_CONDITION,LIGHTING_CONDITION,FIRST_CRASH_TYPE,TRAFFICWAY_TYPE,TRAFFIC_CONTROL_DEVICE,PRIM_CONTRIBUTORY_CAUSE,SEC_CONTRIBUTORY_CAUSE,INJURIES_FATAL,INJURIES_INCAPACITATING,INJURIES_NON_INCAPACITATING,INJURIES_TOTAL,CRASH_HOUR,CRASH_DAY_OF_WEEK,CRASH_MONTH,BEAT_OF_OCCURRENCE,STREET_NAME,LATITUDE,LONGITUDE,DATE_POLICE_NOTIFIED,year
CR00000490,08/10/2024 04:57:00 AM,20,CLEAR,DAYLIGHT,ANGLE,FOUR WAY,STOP SIGN/FLASHER,UNABLE TO DETERMINE,UNABLE TO DETERMINE,0,0,1,1,4,7,8,687,BROADWAY,41.703836,-87.614044,08/10/2024 06:24:00 AM,2024
CR00000491,06/29/2019 06:37:00 PM,30,RAIN,DAYLIGHT,REAR END,NOT DIVIDED,TRAFFIC SIGNAL,DISREGARDING TRAFFIC SIGNALS,IMPROPER OVERTAKING/PASSING,0,0,1,1,18,7,6,1240,IRVING PARK RD,41.719413,-87.508677,06/29/2019 07:21:00 PM,2019
CR00000492,01/01/2023 08:37:00 PM,30,CLEAR,DARKNESS,PARKED MOTOR VEHICLE,DIVIDED - W/MEDIAN (NOT RAISED),TRAFFIC SIGNAL,DRIVING SKILLS/KNOWLEDGE/EXPERIENCE,FOLLOWING TOO CLOSELY,0,0,0,0,20,1,1,703,IRVING PARK RD,41.926891,-87.569656,01/01/2023 09:29:00 PM,2023
CR00000493,02/06/2020 06:07:00 AM,15,CLEAR,DUSK,REAR END,NOT DIVIDED,TRAFFIC SIGNAL,FAILING TO REDUCE SPEED,UNABLE TO DETERMINE,0,0,0,0,6,5,2,833,BROADWAY,41.849182,-87.63007,02/06/2020 06:25:00 AM,2020
CR00000494,10/12/2021 06:20:00 PM,40,FREEZING RAIN/DRIZZLE,DARKNESS - LIGHTED ROAD,TURNING,NOT DIVIDED,NO CONTROLS,DISTRACTION - FROM INSIDE VEHICLE,IMPROPER OVERTAKING/PASSING,0,0,0,0,18,3,10,2108,OGDEN AVE,41.88659,-87.816283,10/12/2021 06:30:00 PM,2021
CR00000495,12/07/2017 04:21:00 PM,30,CLEAR,DAYLIGHT,TURNING,NOT DIVIDED,NO CONTROLS,UNABLE TO DETERMINE,DRIVING SKILLS/KNOWLEDGE/EXPERIENCE,0,0,2,2,16,5,12,1341,47TH ST,41.964038,-87.808303,12/07/2017 05:19:00 PM,2017
CR00000496,11/03/2016 03:27:00 PM,45,SNOW,DARKNESS - LIGHTED ROAD,FIXED OBJECT,ONE-WAY,STOP SIGN/FLASHER,DRIVING SKILLS/KNOWLEDGE/EXPERIENCE,IMPROPER LANE USAGE,0,0,0,0,15,5,11,2024,LAKE SHORE DR,41.914717,-87.679391,11/03/2016 03:42:00 PM,2016
CR00000497,04/21/2021 07:32:00 AM,45,SNOW,DAYLIGHT,REAR TO FRONT,NOT DIVIDED,TRAFFIC SIGNAL,UNABLE TO DETERMINE,UNABLE TO DETERMINE,0,0,0,0,7,4,4,2518,PULASKI RD,41.779017,-87.643134,04/21/2021 08:21:00 AM,2021
CR00000498,06/09/2016 11:23:00 PM,30,CLEAR,DAYLIGHT,TURNING,DIVIDED - W/MEDIAN (NOT RAISED),TRAFFIC SIGNAL,FAILING TO YIELD RIGHT-OF-WAY,FAILING TO YIELD RIGHT-OF-WAY,0,0,0,0,23,5,6,331,63RD ST,41.922617,-87.840585,06/10/2016 01:18:00 AM,2016
CR00000499,09/27/2017 09:15:00 AM,30,CLEAR,DAYLIGHT,REAR END,NOT DIVIDED,TRAFFIC SIGNAL,FOLLOWING TOO CLOSELY,UNABLE TO DETERMINE,0,0,0,0,9,4,9,1987,63RD ST,41.87776,-87.531364,09/27/2017 09:24:00 AM,2017
CR00000500,09/06/2024 01:36:00 PM,45,CLEAR,DAYLIGHT,TURNING,ONE-WAY,TRAFFIC SIGNAL,FOLLOWING TOO CLOSELY,IMPROPER LANE USAGE,0,0,0,0,13,6,9,500,LAKE SHORE DR,41.826352,-87.842859,09/06/2024 02:37:00 PM,2024
CR00000501,02/14/2016 06:43:00 PM,30,CLEAR,DARKNESS - LIGHTED ROAD,SIDESWIPE SAME DIRECTION,DIVIDED - W/MEDIAN (NOT RAISED),TRAFFIC SIGNAL,UNABLE TO DETERMINE,IMPROPER OVERTAKING/PASSING,0,0,0,0,18,1,2,408,ELSTON AVE,41.849019,-87.56599,02/14/2016 08:09:00 PM,2016
CR00000502,05/26/2017 10:16:00 AM,45,CLOUDY/OVERCAST,DAYLIGHT,PEDESTRIAN,ONE-WAY,NO CONTROLS,IMPROPER LANE USAGE,FOLLOWING TOO CLOSELY,0,0,0,0,10,6,5,1219,CICERO AVE,41.998868,-87.70929,05/26/2017 10:45:00 AM,2017
CR00000503,05/09/2021 09:33:00 PM,30,CLEAR,DAYLIGHT,TURNING,FOUR WAY,TRAFFIC SIGNAL,FOLLOWING TOO CLOSELY,UNABLE TO DETERMINE,0,0,0,0,21,1,5,1797,BROADWAY,41.762922,-87.571522,05/09/2021 10:57:00 PM,2021
CR00000504,10/26/2017 05:32:00 PM,40,CLEAR,DARKNESS - LIGHTED ROAD,ANGLE,NOT DIVIDED,STOP SIGN/FLASHER,DISREGARDING TRAFFIC SIGNALS,IMPROPER OVERTAKING/PASSING,0,0,0,0,17,5,10,1197,79TH ST,41.929033,-87.78679,10/26/2017 05:35:00 PM,2017
CR00000505,12/22/2020 09:39:00 PM,30,CLEAR,DUSK,FIXED OBJECT,T-INTERSECTION,NO CONTROLS,FAILING TO YIELD RIGHT-OF-WAY,FAILING TO YIELD RIGHT-OF-WAY,0,0,1,1,21,3,12,1405,CICERO AVE,41.856681,-87.722504,12/22/2020 09:58:00 PM,2020
CR00000506,02/09/2022 08:54:00 AM,45,CLEAR,DAYLIGHT,SIDESWIPE SAME DIRECTION,NOT DIVIDED,NO CONTROLS,UNABLE TO DETERMINE,UNABLE TO DETERMINE,0,0,0,0,8,4,2,1105,CLARK ST,41.947113,-87.623885,02/09/2022 09:27:00 AM,2022
CR00000507,03/16/2020 03:35:00 PM,30,SNOW,DARKNESS - LIGHTED ROAD,REAR END,FOUR WAY,NO CONTROLS,DISREGARDING TRAFFIC SIGNALS,IMPROPER OVERTAKING/PASSING,0,0,1,1,15,2,3,181,PULASKI RD,41.747808,-87.802249,03/16/2020 04:09:00 PM,2020
CR00000508,08/21/2024 05:20:00 AM,30,SNOW,DARKNESS - LIGHTED ROAD,REAR END,DIVIDED - W/MEDIAN (NOT RAISED),UNKNOWN,UNABLE TO DETERMINE,FOLLOWING TOO CLOSELY,0,0,0,0,5,4,8,558,FULLERTON AVE,41.960152,-87.534799,08/21/2024 06:13:00 AM,2024
CR00000509,03/28/2023 03:59:00 PM,40,CLEAR,DARKNESS - LIGHTED ROAD,REAR END,NOT DIVIDED,STOP SIGN/FLASHER,UNABLE TO DETERMINE,WEATHER,0,0,0,0,15,3,3,1383,MILWAUKEE AVE,41.899265,-87.646853,03/28/2023 05:39:00 PM,2023
CR00000510,05/02/2024 04:47:00 PM,30,CLEAR,DAYLIGHT,REAR END,NOT DIVIDED,NO CONTROLS,IMPROPER OVERTAKING/PASSING,FAILING TO YIELD RIGHT-OF-WAY,0,0,0,0,16,5,5,1141,FULLERTON AVE,41.924512,-87.767422,05/02/2024 05:42:00 PM,2024
CR00000511,08/18/2015 03:34:00 PM,35,SNOW,DAYLIGHT,SIDESWIPE SAME DIRECTION,NOT DIVIDED,TRAFFIC SIGNAL,IMPROPER OVERTAKING/PASSING,FAILING TO REDUCE SPEED,0,0,0,0,15,3,8,1606,CLARK ST,41.984613,-87.739229,08/18/2015 04:29:00 PM,2015
CR00000512,03/28/2015 05:57:00 PM,30,CLEAR,DARKNESS - LIGHTED ROAD,TURNING,NOT DIVIDED,STOP SIGN/FLASHER,FAILING TO REDUCE SPEED,FAILING TO YIELD RIGHT-OF-WAY,0,0,0,0,17,7,3,599,ELSTON AVE,41.952442,-87.618222,03/28/2015 06:04:00 PM,2015
CR00000513,09/21/2024 09:54:00 AM,30,CLEAR,DAYLIGHT,REAR TO FRONT,NOT DIVIDED,NO CONTROLS,UNABLE TO DETERMINE,NOT APPLICABLE,0,0,0,0,9,7,9,756,CALIFORNIA AVE,41.70236,-87.513738,09/21/2024 11:53:00 AM,2024
CR00000514,01/30/2022 11:56:00 AM,35,CLOUDY/OVERCAST,DAYLIGHT,TURNING,DIVIDED - W/MEDIAN BARRIER,TRAFFIC SIGNAL,UNABLE TO DETERMINE,NOT APPLICABLE,0,0,1,1,11,1,1,756,47TH ST,41.959933,-87.561881,01/30/2022 12:59:00 PM,2022
CR00000515,12/04/2017 03:04:00 PM,30,CLEAR,DARKNESS,REAR END,T-INTERSECTION,NO CONTROLS,DISTRACTION - FROM INSIDE VEHICLE,DISTRACTION - FROM INSIDE VEHICLE,0,0,0,0,15,2,12,852,79TH ST,41.880635,-87.5653,12/04/2017 04:39:00 PM,2017
CR00000516,12/22/2019 08:41:00 PM,45,CLEAR,DAYLIGHT,REAR END,NOT DIVIDED,TRAFFIC SIGNAL,FAILING TO REDUCE SPEED,WEATHER,0,0,0,0,20,1,12,632,DIVISION ST,41.820199,-87.630096,12/22/2019 09:22:00 PM,2019
CR00000517,09/09/2022 01:50:00 PM,30,CLEAR,DAYLIGHT,REAR END,DIVIDED - W/MEDIAN (NOT RAISED),TRAFFIC SIGNAL,UNABLE TO DETERMINE,FAILING TO YIELD RIGHT-OF-WAY,0,0,1,1,13,6,9,1645,FULLERTON AVE,41.778204,-87.609387,09/09/2022 03:36:00 PM,2022
CR00000518,07/08/2017 01:01:00 AM,25,CLEAR,DAYLIGHT,PARKED MOTOR VEHICLE,DIVIDED - W/MEDIAN (NOT RAISED),STOP SIGN/FLASHER,FOLLOWING TOO CLOSELY,UNABLE TO DETERMINE,0,0,1,1,1,7,7,464,ARCHER AVE,41.992238,-87.780607,07/08/2017 02:31:00 AM,2017
CR00000519,11/27/2016 04:07:00 PM,35,SNOW,DARKNESS - LIGHTED ROAD,REAR END,NOT DIVIDED,UNKNOWN,UNABLE TO DETERMINE,UNABLE TO DETERMINE,0,0,0,0,16,1,11,1190,CLARK ST,41.857751,-87.579324,11/27/2016 06:06:00 PM,2016
CR00000520,05/16/2023 03:24:00 PM,30,CLOUDY/OVERCAST,DARKNESS,REAR END,DIVIDED - W/MEDIAN (NOT RAISED),NO CONTROLS,FAILING TO YIELD RIGHT-OF-WAY,NOT APPLICABLE,0,0,0,0,15,3,5,697,WESTERN AVE,41.956901,-87.639971,05/16/2023 05:10:00 PM,2023
CR00000521,04/03/2018 09:15:00 AM,35,CLEAR,DAYLIGHT,ANGLE,NOT DIVIDED,TRAFFIC SIGNAL,FAILING TO REDUCE SPEED,FAILING TO YIELD RIGHT-OF-WAY,0,0,0,0,9,3,4,969,47TH ST,41.972198,-87.720627,04/03/2018 10:43:00 AM,2018
CR00000522,04/20/2019 06:27:00 PM,15,CLEAR,DAYLIGHT,ANGLE,DIVIDED - W/MEDIAN (NOT RAISED),STOP SIGN/FLASHER,DISTRACTION - FROM INSIDE VEHICLE,NOT APPLICABLE,0,0,0,0,18,7,4,286,WESTERN AVE,41.776868,-87.816652,04/20/2019 06:35:00 PM,2019
CR00000523,11/04/2017 03:39:00 PM,40,CLEAR,DARKNESS - LIGHTED ROAD,REAR END,NOT DIVIDED,NO CONTROLS,DRIVING SKILLS/KNOWLEDGE/EXPERIENCE,IMPROPER OVERTAKING/PASSING,0,0,0,0,15,7,11,1489,CALIFORNIA AVE,41.993257,-87.615058,11/04/2017 03:56:00 PM,2017
CR00000524,06/24/2016 05:20:00 AM,15,CLEAR,DARKNESS - LIGHTED ROAD,SIDESWIPE SAME DIRECTION,T-INTERSECTION,TRAFFIC SIGNAL,FAILING TO YIELD RIGHT-OF-WAY,FOLLOWING TOO CLOSELY,0,0,0,0,5,6,6,1178,DIVISION ST,41.829879,-87.758858,06/24/2016 06:01:00 AM,2016
CR00000525,04/20/2024 08:59:00 PM,35,FOG/SMOKE/HAZE,DAYLIGHT,ANGLE,FOUR WAY,STOP SIGN/FLASHER,IMPROPER OVERTAKING/PASSING,UNABLE TO DETERMINE,0,0,0,0,20,7,4,873,HALSTED ST,41.793903,-87.537565,04/20/2024 09:40:00 PM,2024
CR00000526,08/12/2015 08:11:00 AM,20,CLEAR,DAYLIGHT,TURNING,DIVIDED - W/MEDIAN (NOT RAISED),UNKNOWN,DRIVING SKILLS/KNOWLEDGE/EXPERIENCE,IMPROPER OVERTAKING/PASSING,0,0,0,0,8,4,8,1974,LAKE SHORE DR,41.778067,-87.602913,08/12/2015 09:07:00 AM,2015
CR00000527,04/05/2016 07:55:00 PM,25,CLEAR,DUSK,ANGLE,NOT DIVIDED,STOP SIGN/FLASHER,DISTRACTION - FROM INSIDE VEHICLE,IMPROPER LANE USAGE,0,0,0,0,19,3,4,969,FULLERTON AVE,41.804881,-87.778693,04/05/2016 08:32:00 PM,2016
CR00000528,01/17/2015 03:49:00 PM,35,SNOW,DAYLIGHT,TURNING,NOT DIVIDED,NO CONTROLS,FAILING TO REDUCE SPEED,FAILING TO REDUCE SPEED,0,0,0,0,15,7,1,599,BROADWAY,41.824926,-87.823108,01/17/2015 05:28:00 PM,2015
CR00000529,03/11/2019 04:59:00 PM,30,RAIN,DARKNESS - LIGHTED ROAD,REAR END,DIVIDED - W/MEDIAN (NOT RAISED),NO CONTROLS,DISTRACTION - FROM INSIDE VEHICLE,DISTRACTION - FROM INSIDE VEHICLE,0,0,2,2,16,2,3,1955,MILWAUKEE AVE,41.94921,-87.619161,03/11/2019 05:58:00 PM,2019
CR00000530,03/16/2023 07:58:00 PM,40,RAIN,DAYLIGHT,REAR END,DIVIDED - W/MEDIAN (NOT RAISED),NO CONTROLS,UNABLE TO DETERMINE,FOLLOWING TOO CLOSELY,0,0,1,1,19,5,3,1733,CICERO AVE,41.796951,-87.830563,03/16/2023 08:08:00 PM,2023
CR00000531,03/26/2015 08:10:00 AM,25,CLEAR,DAYLIGHT,ANGLE,DIVIDED - W/MEDIAN (NOT RAISED),UNKNOWN,FOLLOWING TOO CLOSELY,NOT APPLICABLE,0,0,0,0,8,5,3,637,ARCHER AVE,41.820719,-87.623491,03/26/2015 09:34:00 AM,2015
CR00000532,06/18/2022 06:53:00 AM,35,CLEAR,DARKNESS - LIGHTED ROAD,PARKED MOTOR VEHICLE,DIVIDED - W/MEDIAN (NOT RAISED),NO CONTROLS,DISREGARDING TRAFFIC SIGNALS,FAILING TO YIELD RIGHT-OF-WAY,0,0,0,0,6,7,6,1608,DIVISION ST,41.759961,-87.694095,06/18/2022 07:43:00 AM,2022
CR00000533,02/02/2017 02:40:00 PM,30,SNOW,DARKNESS,PEDESTRIAN,NOT DIVIDED,TRAFFIC SIGNAL,DRIVING SKILLS/KNOWLEDGE/EXPERIENCE,DISTRACTION - FROM INSIDE VEHICLE,0,0,0,0,14,5,2,2249,CICERO AVE,41.712131,-87.730389,02/02/2017 03:40:00 PM,2017
CR00000534,04/05/2018 02:27:00 PM,30,CLEAR,DARKNESS - LIGHTED ROAD,TURNING,NOT DIVIDED,STOP SIGN/FLASHER,UNABLE TO DETERMINE,DRIVING SKILLS/KNOWLEDGE/EXPERIENCE,0,0,0,0,14,5,4,413,PULASKI RD,41.940463,-87.744862,04/05/2018 02:44:00 PM,2018
CR00000535,10/03/2020 06:32:00 AM,30,CLEAR,DAYLIGHT,PARKED MOTOR VEHICLE,NOT DIVIDED,PEDESTRIAN CROSSING SIGN,DRIVING SKILLS/KNOWLEDGE/EXPERIENCE,UNABLE TO DETERMINE,0,0,0,0,6,7,10,566,ROOSEVELT RD,41.728345,-87.618701,10/03/2020 07:45:00 AM,2020
CR00000536,06/02/2022 02:11:00 PM,35,RAIN,DAYLIGHT,TURNING,NOT DIVIDED,NO CONTROLS,UNABLE TO DETERMINE,UNABLE TO DETERMINE,0,1,1,2,14,5,6,1162,63RD ST,41.794184,-87.596567,06/02/2022 03:48:00 PM,2022
CR00000537,03/11/2016 02:34:00 PM,35,CLEAR,DARKNESS,TURNING,FOUR WAY,YIELD,IMPROPER LANE USAGE,DISREGARDING TRAFFIC SIGNALS,0,0,0,0,14,6,3,2093,CLARK ST,41.81848,-87.845343,03/11/2016 03:58:00 PM,2016
CR00000538,12/08/2021 10:39:00 PM,30,CLEAR,DAYLIGHT,REAR END,NOT DIVIDED,NO CONTROLS,UNABLE TO DETERMINE,NOT APPLICABLE,0,0,0,0,22,4,12,165,47TH ST,41.902141,-87.608397,12/08/2021 11:30:00 PM,2021
CR00000539,02/09/2017 01:13:00 AM,40,CLEAR,DAYLIGHT,SIDESWIPE SAME DIRECTION,T-INTERSECTION,TRAFFIC SIGNAL,UNABLE TO DETERMINE,IMPROPER OVERTAKING/PASSING,0,0,0,0,1,5,2,1828,WESTERN AVE,41.743546,-87.765377,02/09/2017 03:01:00 AM,2017
CR00000540,04/22/2016 07:57:00 AM,15,CLEAR,DARKNESS - LIGHTED ROAD,SIDESWIPE SAME DIRECTION,NOT DIVIDED,NO CONTROLS,IMPROPER LANE USAGE,NOT APPLICABLE,0,0,0,0,7,6,4,1704,PULASKI RD,41.910779,-87.512647,04/22/2016 08:58:00 AM,2016
CR00000541,09/29/2018 12:06:00 AM,35,CLOUDY/OVERCAST,DARKNESS - LIGHTED ROAD,PARKED MOTOR VEHICLE,DIVIDED - W/MEDIAN BARRIER,STOP SIGN/FLASHER,FOLLOWING TOO CLOSELY,UNABLE TO DETERMINE,0,0,0,0,0,7,9,2096,BROADWAY,41.913928,-87.50718,09/29/2018 01:55:00 AM,2018
CR00000542,06/14/2020 03:37:00 PM,35,CLEAR,DARKNESS,REAR END,ONE-WAY,NO CONTROLS,FAILING TO YIELD RIGHT-OF-WAY,IMPROPER LANE USAGE,0,0,0,0,15,1,6,1393,ELSTON AVE,41.980584,-87.533224,06/14/2020 05:29:00 PM,2020
CR00000543,09/18/2015 09:57:00 AM,30,CLEAR,DARKNESS,TURNING,NOT DIVIDED,NO CONTROLS,FOLLOWING TOO CLOSELY,DISREGARDING TRAFFIC SIGNALS,0,0,0,0,9,6,9,887,LAKE SHORE DR,41.966742,-87.809071,09/18/2015 11:17:00 AM,2015
CR00000544,11/09/2018 02:14:00 PM,45,CLOUDY/OVERCAST,DARKNESS - LIGHTED ROAD,TURNING,NOT DIVIDED,NO CONTROLS,DISREGARDING TRAFFIC SIGNALS,FAILING TO REDUCE SPEED,0,0,0,0,14,6,11,1698,DAMEN AVE,41.876298,-87.610259,11/09/2018 04:12:00 PM,2018
CR00000545,05/05/2024 06:41:00 PM,25,RAIN,DAYLIGHT,SIDESWIPE SAME DIRECTION,DIVIDED - W/MEDIAN BARRIER,YIELD,UNABLE TO DETERMINE,DISTRACTION - FROM INSIDE VEHICLE,0,0,0,0,18,1,5,2077,HALSTED ST,41.938792,-87.570086,05/05/2024 08:30:00 PM,2024
CR00000546,12/10/2016 08:10:00 AM,30,CLEAR,DAYLIGHT,ANGLE,NOT DIVIDED,NO CONTROLS,FAILING TO YIELD RIGHT-OF-WAY,NOT APPLICABLE,0,0,0,0,8,7,12,1168,ARCHER AVE,41.730271,-87.704405,12/10/2016 09:14:00 AM,2016
CR00000547,08/04/2022 07:11:00 AM,40,CLEAR,DARKNESS - LIGHTED ROAD,SIDESWIPE SAME DIRECTION,DIVIDED - W/MEDIAN (NOT RAISED),TRAFFIC SIGNAL,WEATHER,UNABLE TO DETERMINE,0,0,1,1,7,5,8,2381,STATE ST,41.829186,-87.633853,08/04/2022 07:27:00 AM,2022
CR00000548,09/11/2016 06:55:00 PM,35,CLEAR,DUSK,REAR END,NOT DIVIDED,STOP SIGN/FLASHER,IMPROPER LANE USAGE,NOT APPLICABLE,0,0,0,0,18,1,9,517,ELSTON AVE,41.900846,-87.602758,09/11/2016 08:54:00 PM,2016
CR00000549,06/21/2015 03:06:00 PM,25,CLOUDY/OVERCAST,DAYLIGHT,PEDESTRIAN,DIVIDED - W/MEDIAN (NOT RAISED),YIELD,DRIVING SKILLS/KNOWLEDGE/EXPERIENCE,IMPROPER OVERTAKING/PASSING,0,0,0,0,15,1,6,506,HALSTED ST,41.735418,-87.778115,06/21/2015 03:53:00 PM,2015
CR00000550,04/04/2022 12:21:00 PM,30,CLEAR,DAYLIGHT,REAR END,NOT DIVIDED,TRAFFIC SIGNAL,FAILING TO REDUCE SPEED,DISREGARDING TRAFFIC SIGNALS,0,1,0,1,12,2,4,1799,ARCHER AVE,41.773595,-87.566799,04/04/2022 01:05:00 PM,2022
CR00000551,01/22/2022 06:15:00 PM,25,CLEAR,DAYLIGHT,TURNING,DIVIDED - W/MEDIAN (NOT RAISED),TRAFFIC SIGNAL,FAILING TO REDUCE SPEED,FAILING TO YIELD RIGHT-OF-WAY,0,0,0,0,18,7,1,221,CALIFORNIA AVE,41.926052,-87.702397,01/22/2022 06:45:00 PM,2022
CR00000552,08/19/2016 08:00:00 PM,30,CLEAR,DAWN,REAR END,DIVIDED - W/MEDIAN (NOT RAISED),NO CONTROLS,FAILING TO YIELD RIGHT-OF-WAY,WEATHER,0,0,0,0,20,6,8,251,63RD ST,41.855205,-87.825647,08/19/2016 08:44:00 PM,2016
CR00000553,03/12/2022 07:57:00 AM,40,CLEAR,DAYLIGHT,TURNING,DIVIDED - W/MEDIAN BARRIER,UNKNOWN,DRIVING SKILLS/KNOWLEDGE/EXPERIENCE,NOT APPLICABLE,0,0,0,0,7,7,3,1346,ROOSEVELT RD,41.99332,-87.506984,03/12/2022 09:40:00 AM,2022
CR00000554,05/01/2023 11:58:00 AM,25,CLOUDY/OVERCAST,DAYLIGHT,TURNING,FOUR WAY,NO CONTROLS,DRIVING SKILLS/KNOWLEDGE/EXPERIENCE,DISTRACTION - FROM INSIDE VEHICLE,0,0,0,0,11,2,5,1911,47TH ST,41.948101,-87.534927,05/01/2023 01:17:00 PM,2023
CR00000555,11/15/2018 09:50:00 PM,15,CLEAR,DAYLIGHT,TURNING,DIVIDED - W/MEDIAN BARRIER,UNKNOWN,DISREGARDING TRAFFIC SIGNALS,NOT APPLICABLE,0,0,0,0,21,5,11,616,OGDEN AVE,41.93262,-87.541659,11/15/2018 10:01:00 PM,2018
CR00000556,01/24/2021 10:13:00 AM,25,CLEAR,DAYLIGHT,ANGLE,FOUR WAY,NO CONTROLS,FOLLOWING TOO CLOSELY,NOT APPLICABLE,0,0,0,0,10,1,1,1344,ROOSEVELT RD,41.865536,-87.667532,01/24/2021 11:50:00 AM,2021
CR00000557,09/28/2019 03:07:00 PM,30,CLEAR,DAYLIGHT,REAR TO FRONT,FOUR WAY,NO CONTROLS,IMPROPER OVERTAKING/PASSING,FOLLOWING TOO CLOSELY,0,0,0,0,15,7,9,2444,ROOSEVELT RD,41.952475,-87.759085,09/28/2019 04:12:00 PM,2019
CR00000558,01/22/2015 02:21:00 PM,40,RAIN,DAYLIGHT,TURNING,NOT DIVIDED,NO CONTROLS,DISTRACTION - FROM INSIDE VEHICLE,NOT APPLICABLE,0,0,3,3,14,5,1,2446,63RD ST,41.914394,-87.521861,01/22/2015 03:47:00 PM,2015
CR00000559,07/27/2016 06:24:00 PM,30,FREEZING RAIN/DRIZZLE,DAYLIGHT,TURNING,NOT DIVIDED,NO CONTROLS,FAILING TO REDUCE SPEED,FAILING TO YIELD RIGHT-OF-WAY,0,0,0,0,18,4,7,1787,CICERO AVE,41.77429,-87.735254,07/27/2016 07:39:00 PM,2016
CR00000560,01/13/2016 03:27:00 AM,40,FREEZING RAIN/DRIZZLE,DAYLIGHT,SIDESWIPE SAME DIRECTION,ONE-WAY,TRAFFIC SIGNAL,DISTRACTION - FROM INSIDE VEHICLE,FAILING TO YIELD RIGHT-OF-WAY,0,0,1,1,3,4,1,1902,47TH ST,41.903047,-87.709036,01/13/2016 04:39:00 AM,2016
CR00000561,06/28/2020 07:26:00 PM,20,CLOUDY/OVERCAST,DAYLIGHT,TURNING,ONE-WAY,NO CONTROLS,DISREGARDING TRAFFIC SIGNALS,UNABLE TO DETERMINE,0,1,1,2,19,1,6,2389,ARCHER AVE,41.99041,-87.670385,06/28/2020 08:34:00 PM,2020
CR00000562,05/01/2016 05:54:00 PM,40,CLEAR,DAYLIGHT,TURNING,NOT DIVIDED,TRAFFIC SIGNAL,FOLLOWING TOO CLOSELY,FOLLOWING TOO CLOSELY,0,0,0,0,17,1,5,2090,WESTERN AVE,41.73626,-87.649882,05/01/2016 06:00:00 PM,2016
CR00000563,11/15/2023 07:09:00 AM,35,CLEAR,DAYLIGHT,ANGLE,DIVIDED - W/MEDIAN (NOT RAISED),NO CONTROLS,UNABLE TO DETERMINE,FAILING TO YIELD RIGHT-OF-WAY,0,0,1,1,7,4,11,2070,FULLERTON AVE,41.966717,-87.774546,11/15/2023 08:54:00 AM,2023
CR00000564,06/22/2018 04:28:00 PM,35,FOG/SMOKE/HAZE,DAYLIGHT,FIXED OBJECT,DIVIDED - W/MEDIAN (NOT RAISED),NO CONTROLS,DISREGARDING TRAFFIC SIGNALS,FOLLOWING TOO CLOSELY,0,0,3,3,16,6,6,465,DIVISION ST,41.739843,-87.801517,06/22/2018 05:50:00 PM,2018
CR00000565,06/14/2022 05:26:00 PM,35,CLOUDY/OVERCAST,DAYLIGHT,PARKED MOTOR VEHICLE,NOT DIVIDED,NO CONTROLS,FAILING TO REDUCE SPEED,UNABLE TO DETERMINE,0,0,0,0,17,3,6,2442,79TH ST,41.970073,-87.731351,06/14/2022 05:32:00 PM,2022
CR00000566,12/06/2023 08:45:00 PM,30,RAIN,DARKNESS - LIGHTED ROAD,ANGLE,T-INTERSECTION,NO CONTROLS,IMPROPER LANE USAGE,DRIVING SKILLS/KNOWLEDGE/EXPERIENCE,0,0,0,0,20,4,12,875,IRVING PARK RD,41.893548,-87.62463,12/06/2023 08:56:00 PM,2023
CR00000567,05/03/2020 03:57:00 PM,30,CLEAR,DAYLIGHT,PEDESTRIAN,ONE-WAY,TRAFFIC SIGNAL,UNABLE TO DETERMINE,NOT APPLICABLE,0,0,0,0,15,1,5,2285,DIVISION ST,41.897476,-87.663849,05/03/2020 04:00:00 PM,2020
CR00000568,08/05/2018 01:37:00 PM,25,CLEAR,DAYLIGHT,ANGLE,DIVIDED - W/MEDIAN (NOT RAISED),TRAFFIC SIGNAL,FOLLOWING TOO CLOSELY,UNABLE TO DETERMINE,0,0,0,0,13,1,8,569,ASHLAND AVE,41.958592,-87.841858,08/05/2018 02:33:00 PM,2018
CR00000569,01/28/2021 07:18:00 AM,35,SNOW,DAYLIGHT,REAR END,FOUR WAY,TRAFFIC SIGNAL,UNABLE TO DETERMINE,UNABLE TO DETERMINE,0,0,0,0,7,5,1,339,CLARK ST,41.776666,-87.81863,01/28/2021 07:58:00 AM,2021
CR00000570,05/17/2019 06:20:00 AM,20,CLEAR,DAYLIGHT,SIDESWIPE SAME DIRECTION,T-INTERSECTION,STOP SIGN/FLASHER,IMPROPER LANE USAGE,FOLLOWING TOO CLOSELY,0,0,0,0,6,6,5,2119,OGDEN AVE,41.967903,-87.759723,05/17/2019 08:06:00 AM,2019
CR00000571,06/09/2023 03:24:00 PM,30,CLEAR,DAYLIGHT,ANGLE,FOUR WAY,STOP SIGN/FLASHER,UNABLE TO DETERMINE,FOLLOWING TOO CLOSELY,0,2,2,4,15,6,6,2372,79TH ST,41.719637,-87.839883,06/09/2023 04:46:00 PM,2023
CR00000572,10/22/2023 07:19:00 AM,30,CLEAR,DAYLIGHT,ANGLE,NOT DIVIDED,NO CONTROLS,DRIVING SKILLS/KNOWLEDGE/EXPERIENCE,FAILING TO YIELD RIGHT-OF-WAY,0,0,0,0,7,1,10,2373,CALIFORNIA AVE,41.833795,-87.553803,10/22/2023 08:24:00 AM,2023