CRASH_RECORD_ID,CRASH_DATE,POSTED_SPEED_LIMIT,WEATHER_CONDITION,LIGHTING_CONDITION,FIRST_CRASH_TYPE,TRAFFICWAY_TYPE,TRAFFIC_CONTROL_DEVICE,PRIM_CONTRIBUTORY_CAUSE,SEC_CONTRIBUTORY_CAUSE,INJURIES_FATAL,INJURIES_INCAPACITATING,INJURIES_NON_INCAPACITATING,INJURIES_TOTAL,CRASH_HOUR,CRASH_DAY_OF_WEEK,CRASH_MONTH,BEAT_OF_OCCURRENCE,STREET_NAME,LATITUDE,LONGITUDE,DATE_POLICE_NOTIFIED,year
CR00000573,06/21/2015 12:52:00 AM,15,CLEAR,DARKNESS - LIGHTED ROAD,SIDESWIPE SAME DIRECTION,FOUR WAY,NO CONTROLS,FAILING TO REDUCE SPEED,FAILING TO YIELD RIGHT-OF-WAY,0,0,0,0,0,1,6,1539,79TH ST,41.948812,-87.748763,06/21/2015 01:14:00 AM,2015
CR00000574,05/21/2017 04:53:00 PM,20,CLEAR,DAYLIGHT,TURNING,DIVIDED - W/MEDIAN BARRIER,NO CONTROLS,UNABLE TO DETERMINE,DISREGARDING TRAFFIC SIGNALS,0,0,0,0,16,1,5,2379,STATE ST,41.713645,-87.591286,05/21/2017 06:06:00 PM,2017
CR00000575,11/06/2024 02:13:00 PM,30,RAIN,DAYLIGHT,REAR TO FRONT,DIVIDED - W/MEDIAN BARRIER,TRAFFIC SIGNAL,FOLLOWING TOO CLOSELY,FOLLOWING TOO CLOSELY,0,0,0,0,14,4,11,1417,MILWAUKEE AVE,41.987225,-87.738594,11/06/2024 03:41:00 PM,2024
CR00000576,05/12/2017 02:38:00 PM,15,RAIN,DARKNESS - LIGHTED ROAD,REAR END,NOT DIVIDED,STOP SIGN/FLASHER,UNABLE TO DETERMINE,FAILING TO YIELD RIGHT-OF-WAY,0,0,0,0,14,6,5,2376,47TH ST,41.974205,-87.803196,05/12/2017 04:37:00 PM,2017
CR00000577,11/20/2022 03:48:00 PM,20,CLEAR,DAYLIGHT,FIXED OBJECT,DIVIDED - W/MEDIAN (NOT RAISED),STOP SIGN/FLASHER,UNABLE TO DETERMINE,FAILING TO YIELD RIGHT-OF-WAY,0,0,0,0,15,1,11,1641,DIVISION ST,41.724345,-87.543148,11/20/2022 05:12:00 PM,2022
CR00000578,01/06/2019 12:11:00 PM,15,CLEAR,DUSK,REAR END,T-INTERSECTION,NO CONTROLS,FAILING TO REDUCE SPEED,NOT APPLICABLE,0,0,1,1,12,1,1,1565,KEDZIE AVE,41.838808,-87.522313,01/06/2019 01:08:00 PM,2019
CR00000579,01/04/2016 10:39:00 PM,30,CLEAR,DAYLIGHT,ANGLE,DIVIDED - W/MEDIAN BARRIER,UNKNOWN,IMPROPER LANE USAGE,UNABLE TO DETERMINE,0,0,0,0,22,2,1,129,KEDZIE AVE,41.942524,-87.772598,01/04/2016 11:43:00 PM,2016
CR00000580,03/17/2024 05:25:00 PM,40,CLEAR,DARKNESS - LIGHTED ROAD,REAR TO FRONT,ONE-WAY,STOP SIGN/FLASHER,FAILING TO REDUCE SPEED,IMPROPER LANE USAGE,0,0,0,0,17,1,3,2414,STONY ISLAND AVE,41.783204,-87.674886,03/17/2024 05:47:00 PM,2024
CR00000581,09/25/2015 04:08:00 PM,30,CLEAR,DUSK,SIDESWIPE SAME DIRECTION,NOT DIVIDED,STOP SIGN/FLASHER,UNABLE TO DETERMINE,FAILING TO REDUCE SPEED,0,0,0,0,16,6,9,2282,DIVISION ST,41.738229,-87.523253,09/25/2015 05:58:00 PM,2015
CR00000582,11/01/2017 06:35:00 PM,35,CLEAR,DAYLIGHT,FIXED OBJECT,ONE-WAY,TRAFFIC SIGNAL,IMPROPER OVERTAKING/PASSING,FAILING TO YIELD RIGHT-OF-WAY,1,0,0,1,18,4,11,2218,IRVING PARK RD,41.956158,-87.73695,11/01/2017 08:24:00 PM,2017
CR00000583,06/28/2015 07:14:00 PM,15,CLEAR,DAYLIGHT,TURNING,NOT DIVIDED,STOP SIGN/FLASHER,UNABLE TO DETERMINE,DISREGARDING TRAFFIC SIGNALS,0,0,0,0,19,1,6,1024,47TH ST,41.975517,-87.663656,06/28/2015 07:55:00 PM,2015
CR00000584,10/02/2019 04:58:00 AM,20,CLEAR,DARKNESS - LIGHTED ROAD,TURNING,NOT DIVIDED,STOP SIGN/FLASHER,DISTRACTION - FROM INSIDE VEHICLE,NOT APPLICABLE,0,0,0,0,4,4,10,1469,STATE ST,41.749344,-87.741218,10/02/2019 06:19:00 AM,2019
CR00000585,10/09/2017 06:30:00 AM,40,CLEAR,DAYLIGHT,REAR TO FRONT,FOUR WAY,STOP SIGN/FLASHER,IMPROPER OVERTAKING/PASSING,WEATHER,0,0,0,0,6,2,10,491,79TH ST,41.802241,-87.830948,10/09/2017 07:13:00 AM,2017
CR00000586,01/03/2020 04:07:00 PM,20,CLEAR,DAYLIGHT,TURNING,NOT DIVIDED,NO CONTROLS,IMPROPER LANE USAGE,DISTRACTION - FROM INSIDE VEHICLE,0,0,0,0,16,6,1,1868,CICERO AVE,41.718206,-87.83833,01/03/2020 04:48:00 PM,2020
CR00000587,02/22/2016 06:03:00 PM,45,FOG/SMOKE/HAZE,DAYLIGHT,SIDESWIPE SAME DIRECTION,FOUR WAY,STOP SIGN/FLASHER,DISTRACTION - FROM INSIDE VEHICLE,UNABLE TO DETERMINE,0,0,0,0,18,2,2,1957,BROADWAY,41.788475,-87.716491,02/22/2016 06:16:00 PM,2016
CR00000588,03/16/2020 08:27:00 PM,20,CLEAR,DARKNESS - LIGHTED ROAD,PEDESTRIAN,NOT DIVIDED,STOP SIGN/FLASHER,UNABLE TO DETERMINE,NOT APPLICABLE,0,0,2,2,20,2,3,2447,HALSTED ST,41.855164,-87.644265,03/16/2020 08:41:00 PM,2020
CR00000589,02/23/2022 03:16:00 PM,30,CLEAR,DAYLIGHT,REAR END,NOT DIVIDED,NO CONTROLS,IMPROPER LANE USAGE,FAILING TO YIELD RIGHT-OF-WAY,0,0,0,0,15,4,2,2201,79TH ST,41.84442,-87.632702,02/23/2022 03:40:00 PM,2022
CR00000590,06/17/2023 12:19:00 PM,30,RAIN,DAYLIGHT,SIDESWIPE SAME DIRECTION,DIVIDED - W/MEDIAN (NOT RAISED),NO CONTROLS,DRIVING SKILLS/KNOWLEDGE/EXPERIENCE,IMPROPER LANE USAGE,0,0,0,0,12,7,6,692,PULASKI RD,41.862343,-87.799031,06/17/2023 01:20:00 PM,2023
CR00000591,08/30/2017 03:52:00 PM,20,CLEAR,DAYLIGHT,FIXED OBJECT,ONE-WAY,UNKNOWN,FAILING TO REDUCE SPEED,IMPROPER OVERTAKING/PASSING,0,0,1,1,15,4,8,1456,FULLERTON AVE,41.992953,-87.625806,08/30/2017 04:18:00 PM,2017
CR00000592,05/07/2021 11:39:00 AM,15,CLEAR,DAYLIGHT,REAR END,FOUR WAY,NO CONTROLS,FAILING TO REDUCE SPEED,UNABLE TO DETERMINE,0,0,0,0,11,6,5,2010,DIVISION ST,41.798586,-87.813303,05/07/2021 01:32:00 PM,2021
CR00000593,05/23/2017 09:30:00 AM,35,CLEAR,DAYLIGHT,REAR END,NOT DIVIDED,TRAFFIC SIGNAL,UNABLE TO DETERMINE,UNABLE TO DETERMINE,0,0,0,0,9,3,5,1565,WESTERN AVE,41.985776,-87.73397,05/23/2017 11:05:00 AM,2017
CR00000594,03/22/2021 07:09:00 AM,30,CLEAR,DAYLIGHT,REAR END,NOT DIVIDED,NO CONTROLS,UNABLE TO DETERMINE,UNABLE TO DETERMINE,0,0,0,0,7,2,3,1173,ROOSEVELT RD,41.758321,-87.64501,03/22/2021 08:47:00 AM,2021
CR00000595,12/14/2016 11:54:00 AM,30,CLEAR,DAYLIGHT,FIXED OBJECT,NOT DIVIDED,TRAFFIC SIGNAL,DISTRACTION - FROM INSIDE VEHICLE,NOT APPLICABLE,0,0,0,0,11,4,12,554,MILWAUKEE AVE,41.753562,-87.842478,12/14/2016 01:42:00 PM,2016
CR00000596,05/11/2017 10:29:00 AM,45,CLEAR,DARKNESS,REAR END,NOT DIVIDED,NO CONTROLS,UNABLE TO DETERMINE,NOT APPLICABLE,0,0,0,0,10,5,5,876,KEDZIE AVE,41.942846,-87.618682,05/11/2017 11:37:00 AM,2017
CR00000597,12/21/2020 12:44:00 PM,15,FOG/SMOKE/HAZE,DARKNESS - LIGHTED ROAD,PARKED MOTOR VEHICLE,NOT DIVIDED,TRAFFIC SIGNAL,FOLLOWING TOO CLOSELY,NOT APPLICABLE,0,0,0,0,12,2,12,708,MILWAUKEE AVE,41.879865,-87.508056,12/21/2020 01:16:00 PM,2020
CR00000598,10/09/2017 03:40:00 AM,35,SNOW,DARKNESS - LIGHTED ROAD,REAR END,NOT DIVIDED,TRAFFIC SIGNAL,FAILING TO YIELD RIGHT-OF-WAY,DISREGARDING TRAFFIC SIGNALS,0,0,3,3,3,2,10,2185,ARCHER AVE,41.96575,-87.776767,10/09/2017 03:51:00 AM,2017
CR00000599,08/04/2020 03:29:00 PM,35,CLEAR,DAYLIGHT,PARKED MOTOR VEHICLE,DIVIDED - W/MEDIAN (NOT RAISED),STOP SIGN/FLASHER,IMPROPER LANE USAGE,DISTRACTION - FROM INSIDE VEHICLE,0,0,0,0,15,3,8,249,KEDZIE AVE,41.913746,-87.666084,08/04/2020 04:31:00 PM,2020
CR00000600,06/18/2017 08:28:00 AM,40,CLEAR,DAYLIGHT,REAR TO FRONT,NOT DIVIDED,NO CONTROLS,IMPROPER OVERTAKING/PASSING,DRIVING SKILLS/KNOWLEDGE/EXPERIENCE,0,1,3,4,8,1,6,1540,MICHIGAN AVE,41.747163,-87.555149,06/18/2017 09:01:00 AM,2017
CR00000601,07/19/2021 02:29:00 AM,35,CLEAR,DARKNESS - LIGHTED ROAD,SIDESWIPE SAME DIRECTION,NOT DIVIDED,TRAFFIC SIGNAL,UNABLE TO DETERMINE,UNABLE TO DETERMINE,0,0,0,0,2,2,7,1909,MICHIGAN AVE,41.800912,-87.692097,07/19/2021 03:25:00 AM,2021
CR00000602,12/23/2017 05:04:00 PM,40,SNOW,DAYLIGHT,SIDESWIPE SAME DIRECTION,NOT DIVIDED,NO CONTROLS,UNABLE TO DETERMINE,UNABLE TO DETERMINE,0,0,0,0,17,7,12,1575,PULASKI RD,41.724726,-87.555089,12/23/2017 06:10:00 PM,2017
CR00000603,02/14/2021 08:21:00 AM,30,CLEAR,DARKNESS,PARKED MOTOR VEHICLE,NOT DIVIDED,YIELD,FAILING TO REDUCE SPEED,DISREGARDING TRAFFIC SIGNALS,0,0,0,0,8,1,2,2324,STATE ST,41.798772,-87.74405,02/14/2021 10:06:00 AM,2021
CR00000604,02/04/2015 08:19:00 PM,45,FOG/SMOKE/HAZE,DARKNESS - LIGHTED ROAD,REAR END,ONE-WAY,STOP SIGN/FLASHER,DRIVING SKILLS/KNOWLEDGE/EXPERIENCE,WEATHER,0,0,0,0,20,4,2,711,BROADWAY,41.80399,-87.501105,02/04/2015 09:11:00 PM,2015
CR00000605,07/21/2017 08:46:00 AM,40,FOG/SMOKE/HAZE,DAYLIGHT,PEDESTRIAN,DIVIDED - W/MEDIAN (NOT RAISED),TRAFFIC SIGNAL,UNABLE TO DETERMINE,FOLLOWING TOO CLOSELY,0,0,0,0,8,6,7,869,DAMEN AVE,41.842331,-87.669461,07/21/2017 10:27:00 AM,2017
CR00000606,08/21/2023 06:26:00 PM,25,RAIN,DAYLIGHT,SIDESWIPE SAME DIRECTION,DIVIDED - W/MEDIAN BARRIER,NO CONTROLS,IMPROPER OVERTAKING/PASSING,NOT APPLICABLE,0,0,0,0,18,2,8,1552,MILWAUKEE AVE,41.834992,-87.654544,08/21/2023 07:14:00 PM,2023
CR00000607,07/12/2017 01:27:00 PM,30,CLEAR,DARKNESS - LIGHTED ROAD,REAR END,ONE-WAY,NO CONTROLS,UNABLE TO DETERMINE,UNABLE TO DETERMINE,0,0,0,0,13,4,7,1452,FULLERTON AVE,41.821011,-87.577475,07/12/2017 02:36:00 PM,2017
CR00000608,01/23/2022 09:38:00 PM,30,CLEAR,DAYLIGHT,TURNING,ONE-WAY,TRAFFIC SIGNAL,DISTRACTION - FROM INSIDE VEHICLE,NOT APPLICABLE,0,1,1,2,21,1,1,1347,CICERO AVE,41.984608,-87.827702,01/23/2022 10:28:00 PM,2022
CR00000609,12/03/2016 06:43:00 AM,15,CLEAR,DAYLIGHT,REAR END,DIVIDED - W/MEDIAN (NOT RAISED),NO CONTROLS,UNABLE TO DETERMINE,UNABLE TO DETERMINE,0,0,0,0,6,7,12,1292,63RD ST,41.709618,-87.608841,12/03/2016 07:46:00 AM,2016
CR00000610,11/17/2020 04:29:00 AM,35,CLEAR,DAYLIGHT,REAR END,NOT DIVIDED,TRAFFIC SIGNAL,FAILING TO YIELD RIGHT-OF-WAY,IMPROPER OVERTAKING/PASSING,0,0,0,0,4,3,11,381,BROADWAY,41.85556,-87.789861,11/17/2020 06:20:00 AM,2020
CR00000611,09/15/2024 08:08:00 AM,45,CLEAR,DARKNESS - LIGHTED ROAD,PEDESTRIAN,DIVIDED - W/MEDIAN BARRIER,TRAFFIC SIGNAL,FOLLOWING TOO CLOSELY,UNABLE TO DETERMINE,0,0,2,2,8,1,9,130,HALSTED ST,41.747634,-87.648718,09/15/2024 08:48:00 AM,2024
CR00000612,12/31/2019 04:52:00 AM,45,CLEAR,DAYLIGHT,TURNING,ONE-WAY,NO CONTROLS,DISREGARDING TRAFFIC SIGNALS,UNABLE TO DETERMINE,0,0,0,0,4,3,12,1279,79TH ST,41.94227,-87.66595,12/31/2019 06:49:00 AM,2019
CR00000613,11/17/2024 02:22:00 PM,25,CLEAR,DAYLIGHT,REAR END,FOUR WAY,UNKNOWN,FAILING TO YIELD RIGHT-OF-WAY,IMPROPER OVERTAKING/PASSING,0,0,0,0,14,1,11,1675,63RD ST,41.913494,-87.745893,11/17/2024 03:41:00 PM,2024
CR00000614,01/21/2017 06:36:00 PM,25,CLEAR,DARKNESS - LIGHTED ROAD,ANGLE,NOT DIVIDED,STOP SIGN/FLASHER,UNABLE TO DETERMINE,FAILING TO REDUCE SPEED,0,0,0,0,18,7,1,989,LAKE SHORE DR,41.909593,-87.834717,01/21/2017 08:30:00 PM,2017
CR00000615,08/12/2019 08:35:00 PM,30,CLEAR,DAYLIGHT,REAR END,NOT DIVIDED,NO CONTROLS,DRIVING SKILLS/KNOWLEDGE/EXPERIENCE,UNABLE TO DETERMINE,0,0,0,0,20,2,8,1993,WESTERN AVE,41.81062,-87.585611,08/12/2019 09:40:00 PM,2019
CR00000616,10/27/2015 05:44:00 PM,30,CLEAR,DAYLIGHT,REAR END,NOT DIVIDED,NO CONTROLS,FAILING TO REDUCE SPEED,NOT APPLICABLE,0,0,0,0,17,3,10,659,MILWAUKEE AVE,41.838571,-87.72972,10/27/2015 06:36:00 PM,2015
CR00000617,07/08/2022 07:29:00 PM,35,CLEAR,DARKNESS - LIGHTED ROAD,SIDESWIPE SAME DIRECTION,NOT DIVIDED,NO CONTROLS,UNABLE TO DETERMINE,IMPROPER LANE USAGE,0,0,0,0,19,6,7,511,STONY ISLAND AVE,41.720471,-87.65805,07/08/2022 08:01:00 PM,2022
CR00000618,04/19/2018 07:34:00 AM,30,CLEAR,DAYLIGHT,TURNING,NOT DIVIDED,NO CONTROLS,FAILING TO REDUCE SPEED,UNABLE TO DETERMINE,0,0,0,0,7,5,4,2280,KEDZIE AVE,41.750536,-87.615013,04/19/2018 07:36:00 AM,2018
CR00000619,12/16/2019 06:03:00 PM,45,CLEAR,DAYLIGHT,REAR TO FRONT,DIVIDED - W/MEDIAN (NOT RAISED),PEDESTRIAN CROSSING SIGN,UNABLE TO DETERMINE,NOT APPLICABLE,0,0,1,1,18,2,12,1122,ARCHER AVE,41.817186,-87.742087,12/16/2019 06:10:00 PM,2019
CR00000620,09/04/2017 08:05:00 AM,30,SNOW,DARKNESS,REAR END,NOT DIVIDED,NO CONTROLS,DISTRACTION - FROM INSIDE VEHICLE,UNABLE TO DETERMINE,0,0,0,0,8,2,9,784,PULASKI RD,41.708383,-87.844904,09/04/2017 09:51:00 AM,2017
CR00000621,08/30/2019 03:06:00 PM,20,CLEAR,DAYLIGHT,REAR END,DIVIDED - W/MEDIAN (NOT RAISED),TRAFFIC SIGNAL,UNABLE TO DETERMINE,UNABLE TO DETERMINE,0,0,3,3,15,6,8,1747,79TH ST,41.762136,-87.660404,08/30/2019 04:01:00 PM,2019
CR00000622,07/19/2018 12:24:00 AM,45,CLEAR,DAYLIGHT,REAR END,NOT DIVIDED,TRAFFIC SIGNAL,FOLLOWING TOO CLOSELY,WEATHER,0,0,0,0,0,5,7,2146,ASHLAND AVE,41.766029,-87.619713,07/19/2018 01:00:00 AM,2018
CR00000623,12/28/2022 04:50:00 PM,25,CLEAR,DAYLIGHT,PARKED MOTOR VEHICLE,T-INTERSECTION,UNKNOWN,FOLLOWING TOO CLOSELY,NOT APPLICABLE,0,0,3,3,16,4,12,2074,CICERO AVE,41.797306,-87.629194,12/28/2022 05:40:00 PM,2022
CR00000624,10/04/2018 01:38:00 AM,30,CLEAR,DARKNESS - LIGHTED ROAD,REAR TO FRONT,NOT DIVIDED,NO CONTROLS,FOLLOWING TOO CLOSELY,DISREGARDING TRAFFIC SIGNALS,0,0,1,1,1,5,10,1855,IRVING PARK RD,41.851026,-87.60338,10/04/2018 01:40:00 AM,2018
CR00000625,09/24/2017 05:05:00 PM,35,CLEAR,DARKNESS - LIGHTED ROAD,REAR END,NOT DIVIDED,UNKNOWN,IMPROPER LANE USAGE,IMPROPER OVERTAKING/PASSING,0,0,0,0,17,1,9,1446,HALSTED ST,41.812357,-87.746185,09/24/2017 05:25:00 PM,2017
CR00000626,02/13/2018 11:41:00 AM,30,CLOUDY/OVERCAST,DAYLIGHT,TURNING,NOT DIVIDED,NO CONTROLS,DRIVING SKILLS/KNOWLEDGE/EXPERIENCE,UNABLE TO DETERMINE,0,0,2,2,11,3,2,1117,63RD ST,41.894414,-87.749041,02/13/2018 11:45:00 AM,2018
CR00000627,10/22/2022 07:14:00 PM,15,CLEAR,DARKNESS - LIGHTED ROAD,REAR END,NOT DIVIDED,NO CONTROLS,DISTRACTION - FROM INSIDE VEHICLE,UNABLE TO DETERMINE,0,0,0,0,19,7,10,936,HALSTED ST,41.814446,-87.737427,10/22/2022 08:11:00 PM,2022
CR00000628,01/11/2016 08:37:00 AM,20,CLEAR,DUSK,TURNING,NOT DIVIDED,NO CONTROLS,DISREGARDING TRAFFIC SIGNALS,UNABLE TO DETERMINE,0,0,0,0,8,2,1,1103,DAMEN AVE,41.93857,-87.778469,01/11/2016 09:42:00 AM,2016
CR00000629,12/23/2016 05:15:00 PM,30,CLEAR,DAYLIGHT,TURNING,DIVIDED - W/MEDIAN (NOT RAISED),TRAFFIC SIGNAL,UNABLE TO DETERMINE,IMPROPER OVERTAKING/PASSING,0,0,0,0,17,6,12,1907,DAMEN AVE,41.872927,-87.511296,12/23/2016 05:41:00 PM,2016
CR00000630,08/31/2020 05:47:00 PM,15,FOG/SMOKE/HAZE,DAYLIGHT,TURNING,NOT DIVIDED,YIELD,FOLLOWING TOO CLOSELY,IMPROPER LANE USAGE,0,0,0,0,17,2,8,2300,HALSTED ST,41.746764,-87.516185,08/31/2020 06:49:00 PM,2020
CR00000631,03/14/2021 07:11:00 PM,40,RAIN,DARKNESS - LIGHTED ROAD,REAR END,DIVIDED - W/MEDIAN (NOT RAISED),NO CONTROLS,FAILING TO REDUCE SPEED,IMPROPER OVERTAKING/PASSING,0,0,0,0,19,1,3,901,HALSTED ST,41.839095,-87.691239,03/14/2021 08:00:00 PM,2021
CR00000632,02/15/2017 12:00:00 AM,35,CLEAR,DAYLIGHT,PARKED MOTOR VEHICLE,FOUR WAY,NO CONTROLS,FAILING TO YIELD RIGHT-OF-WAY,NOT APPLICABLE,0,1,2,3,0,4,2,259,ASHLAND AVE,41.982085,-87.510328,02/15/2017 12:48:00 AM,2017
CR00000633,04/26/2019 04:10:00 PM,30,CLEAR,DARKNESS,ANGLE,FOUR WAY,UNKNOWN,FAILING TO YIELD RIGHT-OF-WAY,FAILING TO REDUCE SPEED,0,0,0,0,16,6,4,336,79TH ST,41.830889,-87.76066,04/26/2019 06:07:00 PM,2019
CR00000634,04/28/2019 01:47:00 PM,15,CLOUDY/OVERCAST,DARKNESS,PARKED MOTOR VEHICLE,NOT DIVIDED,NO CONTROLS,IMPROPER LANE USAGE,IMPROPER OVERTAKING/PASSING,0,0,0,0,13,1,4,703,STATE ST,41.843318,-87.527486,04/28/2019 02:34:00 PM,2019
CR00000635,10/10/2017 05:37:00 PM,20,CLEAR,DAYLIGHT,TURNING,NOT DIVIDED,TRAFFIC SIGNAL,FOLLOWING TOO CLOSELY,FAILING TO REDUCE SPEED,0,0,2,2,17,3,10,1337,OGDEN AVE,41.8193,-87.644844,10/10/2017 07:33:00 PM,2017
CR00000636,12/23/2020 06:56:00 PM,20,CLEAR,DARKNESS - LIGHTED ROAD,ANGLE,T-INTERSECTION,TRAFFIC SIGNAL,UNABLE TO DETERMINE,FOLLOWING TOO CLOSELY,0,0,0,0,18,4,12,958,ROOSEVELT RD,41.792394,-87.705937,12/23/2020 08:49:00 PM,2020
CR00000637,06/19/2019 06:19:00 PM,20,FREEZING RAIN/DRIZZLE,DARKNESS,TURNING,ONE-WAY,TRAFFIC SIGNAL,DISTRACTION - FROM INSIDE VEHICLE,FOLLOWING TOO CLOSELY,0,0,0,0,18,4,6,1865,STONY ISLAND AVE,41.75052,-87.677897,06/19/2019 06:32:00 PM,2019
CR00000638,12/23/2016 12:11:00 PM,35,RAIN,DAYLIGHT,REAR END,NOT DIVIDED,NO CONTROLS,DISREGARDING TRAFFIC SIGNALS,UNABLE TO DETERMINE,0,0,0,0,12,6,12,885,STATE ST,41.759406,-87.786305,12/23/2016 12:26:00 PM,2016
CR00000639,10/10/2024 01:28:00 PM,20,CLEAR,DAYLIGHT,TURNING,NOT DIVIDED,NO CONTROLS,UNABLE TO DETERMINE,FOLLOWING TOO CLOSELY,0,0,0,0,13,5,10,221,FULLERTON AVE,41.887326,-87.546073,10/10/2024 01:50:00 PM,2024
CR00000640,08/19/2017 03:31:00 PM,15,SNOW,DARKNESS - LIGHTED ROAD,REAR END,NOT DIVIDED,NO CONTROLS,DRIVING SKILLS/KNOWLEDGE/EXPERIENCE,NOT APPLICABLE,0,0,0,0,15,7,8,129,BROADWAY,41.730243,-87.82863,08/19/2017 05:08:00 PM,2017
CR00000641,10/05/2021 03:48:00 PM,35,CLEAR,DAYLIGHT,FIXED OBJECT,DIVIDED - W/MEDIAN (NOT RAISED),TRAFFIC SIGNAL,FOLLOWING TOO CLOSELY,FAILING TO YIELD RIGHT-OF-WAY,0,0,0,0,15,3,10,1732,BROADWAY,41.845778,-87.585081,10/05/2021 05:06:00 PM,2021
CR00000642,11/06/2021 03:22:00 AM,30,CLOUDY/OVERCAST,DUSK,SIDESWIPE SAME DIRECTION,DIVIDED - W/MEDIAN (NOT RAISED),TRAFFIC SIGNAL,DISTRACTION - FROM INSIDE VEHICLE,FAILING TO REDUCE SPEED,0,1,1,2,3,7,11,2046,OGDEN AVE,41.707704,-87.806987,11/06/2021 04:30:00 AM,2021
CR00000643,08/20/2019 06:12:00 PM,15,RAIN,DAYLIGHT,REAR END,DIVIDED - W/MEDIAN BARRIER,TRAFFIC SIGNAL,FAILING TO REDUCE SPEED,IMPROPER OVERTAKING/PASSING,0,0,0,0,18,3,8,1056,DIVISION ST,41.891422,-87.520322,08/20/2019 06:54:00 PM,2019
CR00000644,06/07/2020 01:47:00 PM,35,SNOW,DARKNESS,REAR END,DIVIDED - W/MEDIAN BARRIER,TRAFFIC SIGNAL,FOLLOWING TOO CLOSELY,IMPROPER LANE USAGE,0,0,0,0,13,1,6,899,47TH ST,41.724411,-87.700229,06/07/2020 03:47:00 PM,2020
CR00000645,08/09/2016 03:56:00 PM,35,CLEAR,DAYLIGHT,FIXED OBJECT,ONE-WAY,TRAFFIC SIGNAL,UNABLE TO DETERMINE,NOT APPLICABLE,0,0,0,0,15,3,8,1927,ASHLAND AVE,41.957041,-87.673377,08/09/2016 04:13:00 PM,2016
CR00000646,05/28/2020 06:34:00 PM,20,CLEAR,DAYLIGHT,PEDESTRIAN,NOT DIVIDED,NO CONTROLS,FOLLOWING TOO CLOSELY,NOT APPLICABLE,0,0,0,0,18,5,5,1670,IRVING PARK RD,41.763492,-87.586362,05/28/2020 07:59:00 PM,2020
CR00000647,02/22/2018 08:46:00 AM,25,CLEAR,DARKNESS - LIGHTED ROAD,PEDESTRIAN,ONE-WAY,NO CONTROLS,FAILING TO REDUCE SPEED,FOLLOWING TOO CLOSELY,0,0,0,0,8,5,2,1016,FULLERTON AVE,41.842891,-87.535871,02/22/2018 09:02:00 AM,2018
CR00000648,08/05/2023 05:04:00 PM,35,SNOW,DARKNESS - LIGHTED ROAD,ANGLE,DIVIDED - W/MEDIAN (NOT RAISED),NO CONTROLS,UNABLE TO DETERMINE,FOLLOWING TOO CLOSELY,0,0,0,0,17,7,8,573,CLARK ST,41.813103,-87.598895,08/05/2023 06:39:00 PM,2023
CR00000649,12/26/2015 07:05:00 AM,45,CLEAR,DAYLIGHT,SIDESWIPE SAME DIRECTION,DIVIDED - W/MEDIAN (NOT RAISED),STOP SIGN/FLASHER,DISREGARDING TRAFFIC SIGNALS,UNABLE TO DETERMINE,0,0,0,0,7,7,12,1373,PULASKI RD,41.87766,-87.784145,12/26/2015 07:20:00 AM,2015
CR00000650,08/13/2021 04:12:00 PM,20,CLEAR,DAYLIGHT,ANGLE,DIVIDED - W/MEDIAN (NOT RAISED),TRAFFIC SIGNAL,UNABLE TO DETERMINE,NOT APPLICABLE,0,1,1,2,16,6,8,1315,MICHIGAN AVE,41.855925,-87.639434,08/13/2021 04:41:00 PM,2021
CR00000651,08/09/2020 06:29:00 PM,15,RAIN,DAYLIGHT,SIDESWIPE SAME DIRECTION,ONE-WAY,UNKNOWN,UNABLE TO DETERMINE,FOLLOWING TOO CLOSELY,0,0,0,0,18,1,8,2450,LAKE SHORE DR,41.785018,-87.588529,08/09/2020 08:18:00 PM,2020
CR00000652,01/28/2022 11:13:00 PM,30,CLEAR,DARKNESS,REAR END,DIVIDED - W/MEDIAN BARRIER,NO CONTROLS,FAILING TO REDUCE SPEED,DISREGARDING TRAFFIC SIGNALS,0,0,0,0,23,6,1,315,IRVING PARK RD,41.911242,-87.718152,01/29/2022 12:57:00 AM,2022
CR00000653,01/03/2017 03:46:00 PM,25,CLEAR,DARKNESS - LIGHTED ROAD,TURNING,DIVIDED - W/MEDIAN (NOT RAISED),TRAFFIC SIGNAL,FAILING TO REDUCE SPEED,IMPROPER OVERTAKING/PASSING,0,0,0,0,15,3,1,1526,IRVING PARK RD,41.995317,-87.619262,01/03/2017 05:35:00 PM,2017
CR00000654,05/23/2019 01:04:00 PM,40,CLEAR,DAYLIGHT,REAR END,DIVIDED - W/MEDIAN (NOT RAISED),YIELD,IMPROPER LANE USAGE,NOT APPLICABLE,0,0,0,0,13,5,5,321,47TH ST,41.784912,-87.606268,05/23/2019 01:29:00 PM,2019