CRASH_RECORD_ID,CRASH_DATE,POSTED_SPEED_LIMIT,WEATHER_CONDITION,LIGHTING_CONDITION,FIRST_CRASH_TYPE,TRAFFICWAY_TYPE,TRAFFIC_CONTROL_DEVICE,PRIM_CONTRIBUTORY_CAUSE,SEC_CONTRIBUTORY_CAUSE,INJURIES_FATAL,INJURIES_INCAPACITATING,INJURIES_NON_INCAPACITATING,INJURIES_TOTAL,CRASH_HOUR,CRASH_DAY_OF_WEEK,CRASH_MONTH,BEAT_OF_OCCURRENCE,STREET_NAME,LATITUDE,LONGITUDE,DATE_POLICE_NOTIFIED,year
CR00000819,05/23/2023 07:44:00 AM,20,CLEAR,DARKNESS - LIGHTED ROAD,ANGLE,NOT DIVIDED,TRAFFIC SIGNAL,DISTRACTION - FROM INSIDE VEHICLE,IMPROPER OVERTAKING/PASSING,0,0,0,0,7,3,5,1043,CALIFORNIA AVE,41.919839,-87.541921,05/23/2023 08:31:00 AM,2023
CR00000820,10/26/2023 01:14:00 PM,30,FREEZING RAIN/DRIZZLE,DAYLIGHT,FIXED OBJECT,ONE-WAY,STOP SIGN/FLASHER,UNABLE TO DETERMINE,IMPROPER LANE USAGE,0,0,0,0,13,5,10,1166,CLARK ST,41.948035,-87.806152,10/26/2023 02:23:00 PM,2023
CR00000821,10/31/2018 11:07:00 AM,35,RAIN,DAWN,REAR END,NOT DIVIDED,TRAFFIC SIGNAL,UNABLE TO DETERMINE,UNABLE TO DETERMINE,0,0,0,0,11,4,10,594,DAMEN AVE,41.826307,-87.505863,10/31/2018 12:21:00 PM,2018
CR00000822,12/14/2017 08:35:00 PM,15,CLEAR,DAYLIGHT,FIXED OBJECT,NOT DIVIDED,NO CONTROLS,UNABLE TO DETERMINE,DRIVING SKILLS/KNOWLEDGE/EXPERIENCE,0,0,0,0,20,5,12,2268,BROADWAY,41.840958,-87.814652,12/14/2017 10:27:00 PM,2017
CR00000823,09/26/2019 12:08:00 PM,30,CLEAR,DARKNESS - LIGHTED ROAD,PARKED MOTOR VEHICLE,FOUR WAY,NO CONTROLS,DISREGARDING TRAFFIC SIGNALS,UNABLE TO DETERMINE,0,0,0,0,12,5,9,402,ROOSEVELT RD,41.867082,-87.600806,09/26/2019 12:24:00 PM,2019
CR00000824,12/24/2018 02:58:00 PM,35,CLOUDY/OVERCAST,DAYLIGHT,PEDESTRIAN,NOT DIVIDED,UNKNOWN,WEATHER,IMPROPER LANE USAGE,0,0,0,0,14,2,12,2186,CICERO AVE,41.834926,-87.557818,12/24/2018 03:36:00 PM,2018
CR00000825,09/15/2016 12:37:00 AM,35,CLEAR,DARKNESS - LIGHTED ROAD,PEDESTRIAN,FOUR WAY,NO CONTROLS,WEATHER,UNABLE TO DETERMINE,0,0,0,0,0,5,9,1051,CLARK ST,41.902172,-87.691265,09/15/2016 01:19:00 AM,2016
CR00000826,07/13/2020 11:03:00 AM,35,CLEAR,DAYLIGHT,TURNING,DIVIDED - W/MEDIAN (NOT RAISED),YIELD,UNABLE TO DETERMINE,UNABLE TO DETERMINE,0,0,0,0,11,2,7,271,ROOSEVELT RD,41.96919,-87.64706,07/13/2020 12:52:00 PM,2020
CR00000827,11/23/2024 07:13:00 PM,20,CLEAR,DAYLIGHT,REAR END,NOT DIVIDED,NO CONTROLS,FOLLOWING TOO CLOSELY,IMPROPER OVERTAKING/PASSING,0,0,0,0,19,7,11,1897,MICHIGAN AVE,41.783477,-87.542146,11/23/2024 07:54:00 PM,2024
CR00000828,12/05/2024 07:18:00 AM,20,CLEAR,DARKNESS - LIGHTED ROAD,ANGLE,T-INTERSECTION,NO CONTROLS,UNABLE TO DETERMINE,IMPROPER LANE USAGE,0,0,1,1,7,5,12,262,ELSTON AVE,41.977355,-87.616748,12/05/2024 07:37:00 AM,2024
CR00000829,01/12/2021 09:12:00 PM,30,RAIN,DAYLIGHT,PEDESTRIAN,DIVIDED - W/MEDIAN (NOT RAISED),TRAFFIC SIGNAL,UNABLE TO DETERMINE,NOT APPLICABLE,0,0,0,0,21,3,1,1958,CLARK ST,41.949751,-87.840978,01/12/2021 09:39:00 PM,2021
CR00000830,03/24/2016 06:45:00 PM,20,CLEAR,DAYLIGHT,REAR TO FRONT,NOT DIVIDED,UNKNOWN,UNABLE TO DETERMINE,FOLLOWING TOO CLOSELY,0,0,2,2,18,5,3,741,OGDEN AVE,41.778917,-87.547424,03/24/2016 07:21:00 PM,2016
CR00000831,10/05/2018 10:29:00 AM,30,CLEAR,DAYLIGHT,REAR END,DIVIDED - W/MEDIAN BARRIER,TRAFFIC SIGNAL,FOLLOWING TOO CLOSELY,UNABLE TO DETERMINE,0,0,0,0,10,6,10,2386,63RD ST,41.853853,-87.578034,10/05/2018 12:00:00 PM,2018
CR00000832,05/23/2024 05:02:00 PM,30,CLEAR,DAYLIGHT,ANGLE,NOT DIVIDED,UNKNOWN,IMPROPER OVERTAKING/PASSING,FOLLOWING TOO CLOSELY,0,2,2,4,17,5,5,639,KEDZIE AVE,41.961634,-87.772927,05/23/2024 05:28:00 PM,2024
CR00000833,02/13/2022 05:33:00 AM,15,CLEAR,DARKNESS,SIDESWIPE SAME DIRECTION,FOUR WAY,TRAFFIC SIGNAL,DISTRACTION - FROM INSIDE VEHICLE,IMPROPER LANE USAGE,0,0,2,2,5,1,2,1061,79TH ST,41.867321,-87.777009,02/13/2022 05:56:00 AM,2022
CR00000834,11/29/2018 03:33:00 PM,30,SNOW,DARKNESS - LIGHTED ROAD,ANGLE,FOUR WAY,TRAFFIC SIGNAL,IMPROPER LANE USAGE,FAILING TO YIELD RIGHT-OF-WAY,0,0,0,0,15,5,11,2325,LAKE SHORE DR,41.754019,-87.744965,11/29/2018 04:03:00 PM,2018
CR00000835,04/25/2018 06:14:00 AM,35,CLEAR,DAYLIGHT,SIDESWIPE SAME DIRECTION,FOUR WAY,TRAFFIC SIGNAL,UNABLE TO DETERMINE,UNABLE TO DETERMINE,0,0,0,0,6,4,4,2003,MILWAUKEE AVE,41.964269,-87.585764,04/25/2018 06:51:00 AM,2018
CR00000836,05/29/2022 07:22:00 AM,35,RAIN,DAYLIGHT,FIXED OBJECT,NOT DIVIDED,NO CONTROLS,FOLLOWING TOO CLOSELY,FOLLOWING TOO CLOSELY,0,0,0,0,7,1,5,2178,KEDZIE AVE,41.911446,-87.579211,05/29/2022 08:24:00 AM,2022
CR00000837,12/23/2024 08:26:00 PM,35,CLEAR,DAYLIGHT,TURNING,DIVIDED - W/MEDIAN (NOT RAISED),NO CONTROLS,UNABLE TO DETERMINE,FOLLOWING TOO CLOSELY,0,0,0,0,20,2,12,2088,ROOSEVELT RD,41.93154,-87.758438,12/23/2024 09:07:00 PM,2024
CR00000838,06/15/2017 11:40:00 AM,20,RAIN,DARKNESS - LIGHTED ROAD,TURNING,NOT DIVIDED,STOP SIGN/FLASHER,DRIVING SKILLS/KNOWLEDGE/EXPERIENCE,UNABLE TO DETERMINE,0,0,3,3,11,5,6,186,BROADWAY,41.962687,-87.662395,06/15/2017 01:20:00 PM,2017
CR00000839,01/05/2016 08:45:00 PM,15,CLEAR,DAYLIGHT,TURNING,ONE-WAY,NO CONTROLS,UNABLE TO DETERMINE,NOT APPLICABLE,0,0,0,0,20,3,1,2294,BROADWAY,41.80581,-87.581895,01/05/2016 08:54:00 PM,2016
CR00000840,08/22/2024 06:14:00 PM,30,RAIN,DUSK,SIDESWIPE SAME DIRECTION,NOT DIVIDED,NO CONTROLS,UNABLE TO DETERMINE,DISREGARDING TRAFFIC SIGNALS,0,0,0,0,18,5,8,2256,ASHLAND AVE,41.748421,-87.719142,08/22/2024 07:07:00 PM,2024
CR00000841,08/16/2020 01:50:00 PM,30,CLEAR,DAYLIGHT,REAR TO FRONT,NOT DIVIDED,TRAFFIC SIGNAL,DISTRACTION - FROM INSIDE VEHICLE,FAILING TO YIELD RIGHT-OF-WAY,0,0,0,0,13,1,8,637,ROOSEVELT RD,41.747084,-87.744487,08/16/2020 02:20:00 PM,2020
CR00000842,10/30/2024 09:55:00 AM,35,CLEAR,DAYLIGHT,REAR TO FRONT,ONE-WAY,STOP SIGN/FLASHER,UNABLE TO DETERMINE,UNABLE TO DETERMINE,0,0,0,0,9,4,10,2509,BROADWAY,41.722167,-87.59726,10/30/2024 11:33:00 AM,2024
CR00000843,03/06/2017 11:38:00 PM,30,SNOW,DARKNESS - LIGHTED ROAD,ANGLE,DIVIDED - W/MEDIAN (NOT RAISED),NO CONTROLS,FAILING TO YIELD RIGHT-OF-WAY,UNABLE TO DETERMINE,0,0,1,1,23,2,3,1010,DAMEN AVE,41.790646,-87.689383,03/06/2017 11:51:00 PM,2017
CR00000844,04/16/2021 10:30:00 AM,15,CLEAR,DUSK,TURNING,DIVIDED - W/MEDIAN (NOT RAISED),YIELD,DRIVING SKILLS/KNOWLEDGE/EXPERIENCE,FAILING TO REDUCE SPEED,0,0,0,0,10,6,4,543,CALIFORNIA AVE,41.910864,-87.672692,04/16/2021 11:19:00 AM,2021
CR00000845,07/06/2017 04:01:00 PM,20,SNOW,DAYLIGHT,TURNING,NOT DIVIDED,STOP SIGN/FLASHER,UNABLE TO DETERMINE,UNABLE TO DETERMINE,0,0,0,0,16,5,7,2397,STONY ISLAND AVE,41.769635,-87.720562,07/06/2017 05:14:00 PM,2017
CR00000846,04/30/2017 03:37:00 PM,40,CLOUDY/OVERCAST,DARKNESS - LIGHTED ROAD,REAR TO FRONT,NOT DIVIDED,NO CONTROLS,WEATHER,IMPROPER OVERTAKING/PASSING,0,0,0,0,15,1,4,1132,DAMEN AVE,41.742399,-87.634229,04/30/2017 04:38:00 PM,2017
CR00000847,06/29/2018 07:21:00 PM,30,FOG/SMOKE/HAZE,DARKNESS - LIGHTED ROAD,ANGLE,ONE-WAY,TRAFFIC SIGNAL,FOLLOWING TOO CLOSELY,DISTRACTION - FROM INSIDE VEHICLE,0,0,3,3,19,6,6,1065,MILWAUKEE AVE,41.82196,-87.84805,06/29/2018 08:50:00 PM,2018
CR00000848,03/04/2020 06:30:00 PM,20,CLEAR,DARKNESS,REAR END,DIVIDED - W/MEDIAN (NOT RAISED),NO CONTROLS,DISREGARDING TRAFFIC SIGNALS,UNABLE TO DETERMINE,0,0,0,0,18,4,3,763,OGDEN AVE,41.957596,-87.502536,03/04/2020 06:41:00 PM,2020
CR00000849,05/23/2023 07:10:00 AM,35,CLEAR,DAYLIGHT,PARKED MOTOR VEHICLE,ONE-WAY,TRAFFIC SIGNAL,UNABLE TO DETERMINE,DISREGARDING TRAFFIC SIGNALS,0,0,0,0,7,3,5,2340,DAMEN AVE,41.960925,-87.810217,05/23/2023 09:04:00 AM,2023
CR00000850,06/24/2019 12:18:00 AM,30,CLEAR,DAYLIGHT,PARKED MOTOR VEHICLE,DIVIDED - W/MEDIAN (NOT RAISED),STOP SIGN/FLASHER,DISTRACTION - FROM INSIDE VEHICLE,UNABLE TO DETERMINE,0,0,0,0,0,2,6,679,CLARK ST,41.998723,-87.59802,06/24/2019 02:11:00 AM,2019
CR00000851,11/13/2020 06:13:00 PM,25,CLEAR,DARKNESS - LIGHTED ROAD,PEDESTRIAN,ONE-WAY,NO CONTROLS,FOLLOWING TOO CLOSELY,FAILING TO YIELD RIGHT-OF-WAY,0,2,1,3,18,6,11,834,HALSTED ST,41.841633,-87.776284,11/13/2020 06:56:00 PM,2020
CR00000852,04/11/2020 04:00:00 AM,35,CLEAR,DAYLIGHT,REAR END,FOUR WAY,TRAFFIC SIGNAL,IMPROPER LANE USAGE,UNABLE TO DETERMINE,0,0,0,0,4,7,4,373,ARCHER AVE,41.756302,-87.607084,04/11/2020 05:09:00 AM,2020
CR00000853,02/19/2022 04:56:00 PM,30,CLEAR,DARKNESS - LIGHTED ROAD,PEDESTRIAN,NOT DIVIDED,TRAFFIC SIGNAL,DISTRACTION - FROM INSIDE VEHICLE,WEATHER,0,0,0,0,16,7,2,1751,STATE ST,41.888647,-87.525242,02/19/2022 05:32:00 PM,2022
CR00000854,04/17/2021 04:41:00 PM,30,CLEAR,DAYLIGHT,SIDESWIPE SAME DIRECTION,ONE-WAY,NO CONTROLS,UNABLE TO DETERMINE,NOT APPLICABLE,0,0,0,0,16,7,4,2239,FULLERTON AVE,41.723243,-87.796652,04/17/2021 06:15:00 PM,2021
CR00000855,03/26/2022 08:24:00 PM,45,SNOW,DARKNESS - LIGHTED ROAD,REAR END,NOT DIVIDED,NO CONTROLS,UNABLE TO DETERMINE,UNABLE TO DETERMINE,0,0,0,0,20,7,3,474,DIVISION ST,41.931594,-87.642741,03/26/2022 09:00:00 PM,2022
CR00000856,08/23/2016 07:10:00 AM,25,CLEAR,DAYLIGHT,TURNING,DIVIDED - W/MEDIAN BARRIER,TRAFFIC SIGNAL,FOLLOWING TOO CLOSELY,FOLLOWING TOO CLOSELY,0,0,0,0,7,3,8,2149,IRVING PARK RD,41.700074,-87.822774,08/23/2016 07:17:00 AM,2016
CR00000857,04/25/2016 09:35:00 AM,30,CLEAR,DAYLIGHT,ANGLE,NOT DIVIDED,STOP SIGN/FLASHER,UNABLE TO DETERMINE,UNABLE TO DETERMINE,0,0,0,0,9,2,4,1237,47TH ST,41.932176,-87.602814,04/25/2016 10:21:00 AM,2016
CR00000858,08/08/2016 11:27:00 PM,20,RAIN,DAYLIGHT,PARKED MOTOR VEHICLE,DIVIDED - W/MEDIAN (NOT RAISED),NO CONTROLS,UNABLE TO DETERMINE,NOT APPLICABLE,0,0,0,0,23,2,8,1597,CALIFORNIA AVE,41.847028,-87.573862,08/09/2016 12:55:00 AM,2016
CR00000859,08/23/2023 06:22:00 PM,30,CLEAR,DAYLIGHT,REAR END,T-INTERSECTION,NO CONTROLS,UNABLE TO DETERMINE,IMPROPER OVERTAKING/PASSING,0,0,0,0,18,4,8,1578,OGDEN AVE,41.764134,-87.654072,08/23/2023 08:20:00 PM,2023
CR00000860,03/09/2017 12:37:00 AM,40,CLEAR,DARKNESS - LIGHTED ROAD,SIDESWIPE SAME DIRECTION,NOT DIVIDED,STOP SIGN/FLASHER,FOLLOWING TOO CLOSELY,DISTRACTION - FROM INSIDE VEHICLE,0,0,0,0,0,5,3,2060,BROADWAY,41.728233,-87.720896,03/09/2017 01:10:00 AM,2017
CR00000861,06/29/2015 06:45:00 PM,15,CLOUDY/OVERCAST,DARKNESS - LIGHTED ROAD,PARKED MOTOR VEHICLE,FOUR WAY,TRAFFIC SIGNAL,IMPROPER OVERTAKING/PASSING,UNABLE TO DETERMINE,0,0,0,0,18,2,6,2039,ROOSEVELT RD,41.887581,-87.510101,06/29/2015 08:31:00 PM,2015
CR00000862,10/23/2024 05:48:00 PM,25,CLOUDY/OVERCAST,DUSK,REAR END,NOT DIVIDED,NO CONTROLS,FAILING TO YIELD RIGHT-OF-WAY,NOT APPLICABLE,0,0,0,0,17,4,10,589,PULASKI RD,41.731166,-87.720663,10/23/2024 07:07:00 PM,2024
CR00000863,12/22/2019 05:45:00 PM,30,SNOW,DARKNESS - LIGHTED ROAD,REAR TO FRONT,NOT DIVIDED,TRAFFIC SIGNAL,FAILING TO REDUCE SPEED,NOT APPLICABLE,0,0,0,0,17,1,12,1396,47TH ST,41.729243,-87.659571,12/22/2019 07:35:00 PM,2019
CR00000864,11/24/2016 04:46:00 PM,20,CLEAR,DAWN,ANGLE,NOT DIVIDED,UNKNOWN,FOLLOWING TOO CLOSELY,UNABLE TO DETERMINE,0,0,2,2,16,5,11,806,CALIFORNIA AVE,41.824914,-87.616297,11/24/2016 04:54:00 PM,2016
CR00000865,07/02/2015 10:38:00 AM,15,CLEAR,DAYLIGHT,ANGLE,DIVIDED - W/MEDIAN (NOT RAISED),NO CONTROLS,FOLLOWING TOO CLOSELY,IMPROPER OVERTAKING/PASSING,0,0,0,0,10,5,7,2427,47TH ST,41.85164,-87.789461,07/02/2015 12:14:00 PM,2015
CR00000866,12/19/2015 04:59:00 PM,20,CLEAR,DAYLIGHT,PARKED MOTOR VEHICLE,FOUR WAY,NO CONTROLS,WEATHER,UNABLE TO DETERMINE,0,0,0,0,16,7,12,142,KEDZIE AVE,41.734879,-87.818303,12/19/2015 06:33:00 PM,2015
CR00000867,02/26/2022 12:29:00 PM,30,CLOUDY/OVERCAST,DUSK,REAR TO FRONT,NOT DIVIDED,NO CONTROLS,UNABLE TO DETERMINE,FAILING TO YIELD RIGHT-OF-WAY,0,0,0,0,12,7,2,1275,STONY ISLAND AVE,41.917283,-87.763644,02/26/2022 02:17:00 PM,2022
CR00000868,02/16/2018 07:36:00 AM,30,CLEAR,DAYLIGHT,SIDESWIPE SAME DIRECTION,DIVIDED - W/MEDIAN BARRIER,TRAFFIC SIGNAL,FOLLOWING TOO CLOSELY,UNABLE TO DETERMINE,0,0,0,0,7,6,2,2106,ARCHER AVE,41.767788,-87.784114,02/16/2018 09:30:00 AM,2018
CR00000869,06/28/2021 12:22:00 PM,25,CLEAR,DARKNESS - LIGHTED ROAD,TURNING,NOT DIVIDED,TRAFFIC SIGNAL,IMPROPER LANE USAGE,UNABLE TO DETERMINE,0,0,0,0,12,2,6,1877,ARCHER AVE,41.856913,-87.559675,06/28/2021 01:50:00 PM,2021
CR00000870,03/31/2022 09:43:00 PM,20,CLEAR,DAWN,REAR END,NOT DIVIDED,NO CONTROLS,IMPROPER OVERTAKING/PASSING,FOLLOWING TOO CLOSELY,0,0,3,3,21,5,3,228,ASHLAND AVE,41.865483,-87.589904,03/31/2022 10:18:00 PM,2022
CR00000871,10/18/2020 06:40:00 PM,45,CLEAR,DARKNESS - LIGHTED ROAD,PARKED MOTOR VEHICLE,NOT DIVIDED,TRAFFIC SIGNAL,FAILING TO REDUCE SPEED,UNABLE TO DETERMINE,0,0,0,0,18,1,10,1569,WESTERN AVE,41.741945,-87.644613,10/18/2020 07:28:00 PM,2020
CR00000872,10/12/2016 01:30:00 PM,30,CLEAR,DAYLIGHT,TURNING,ONE-WAY,NO CONTROLS,DISREGARDING TRAFFIC SIGNALS,UNABLE TO DETERMINE,0,0,0,0,13,4,10,1898,DIVISION ST,41.894364,-87.814927,10/12/2016 03:27:00 PM,2016
CR00000873,02/13/2020 04:36:00 PM,30,CLOUDY/OVERCAST,DAYLIGHT,PARKED MOTOR VEHICLE,DIVIDED - W/MEDIAN (NOT RAISED),TRAFFIC SIGNAL,FAILING TO REDUCE SPEED,FAILING TO YIELD RIGHT-OF-WAY,0,0,0,0,16,5,2,1329,PULASKI RD,41.919286,-87.68425,02/13/2020 05:08:00 PM,2020
CR00000874,11/02/2024 08:48:00 AM,25,CLEAR,DAYLIGHT,SIDESWIPE SAME DIRECTION,FOUR WAY,UNKNOWN,DRIVING SKILLS/KNOWLEDGE/EXPERIENCE,UNABLE TO DETERMINE,0,1,1,2,8,7,11,2426,IRVING PARK RD,41.986195,-87.709737,11/02/2024 08:52:00 AM,2024
CR00000875,07/25/2016 07:42:00 AM,25,CLEAR,DAYLIGHT,TURNING,NOT DIVIDED,TRAFFIC SIGNAL,UNABLE TO DETERMINE,DISTRACTION - FROM INSIDE VEHICLE,0,0,0,0,7,2,7,704,KEDZIE AVE,41.987974,-87.510386,07/25/2016 08:22:00 AM,2016
CR00000876,11/25/2024 08:19:00 AM,20,CLOUDY/OVERCAST,DAYLIGHT,REAR END,DIVIDED - W/MEDIAN BARRIER,STOP SIGN/FLASHER,WEATHER,FAILING TO YIELD RIGHT-OF-WAY,0,0,0,0,8,2,11,120,LAKE SHORE DR,41.755378,-87.549783,11/25/2024 09:15:00 AM,2024
CR00000877,10/14/2016 11:06:00 AM,35,SNOW,DAYLIGHT,TURNING,DIVIDED - W/MEDIAN BARRIER,NO CONTROLS,WEATHER,NOT APPLICABLE,0,0,0,0,11,6,10,492,BROADWAY,41.906036,-87.605427,10/14/2016 01:03:00 PM,2016
CR00000878,06/10/2016 11:48:00 AM,35,SNOW,DUSK,PARKED MOTOR VEHICLE,NOT DIVIDED,NO CONTROLS,IMPROPER LANE USAGE,UNABLE TO DETERMINE,0,1,2,3,11,6,6,1063,ARCHER AVE,41.879082,-87.66306,06/10/2016 12:33:00 PM,2016
CR00000879,01/23/2019 11:32:00 AM,15,CLEAR,DAYLIGHT,TURNING,NOT DIVIDED,TRAFFIC SIGNAL,FAILING TO YIELD RIGHT-OF-WAY,DISTRACTION - FROM INSIDE VEHICLE,0,0,1,1,11,4,1,836,DAMEN AVE,41.893673,-87.801672,01/23/2019 11:57:00 AM,2019
CR00000880,09/09/2016 10:19:00 AM,25,CLEAR,DAYLIGHT,FIXED OBJECT,ONE-WAY,NO CONTROLS,IMPROPER OVERTAKING/PASSING,NOT APPLICABLE,0,0,0,0,10,6,9,438,ARCHER AVE,41.946383,-87.837811,09/09/2016 11:13:00 AM,2016
CR00000881,09/11/2022 07:06:00 PM,30,CLEAR,DARKNESS - LIGHTED ROAD,ANGLE,DIVIDED - W/MEDIAN (NOT RAISED),STOP SIGN/FLASHER,IMPROPER OVERTAKING/PASSING,UNABLE TO DETERMINE,0,0,0,0,19,1,9,2091,79TH ST,41.821342,-87.56758,09/11/2022 07:27:00 PM,2022
CR00000882,07/08/2022 01:27:00 PM,20,RAIN,DAYLIGHT,ANGLE,DIVIDED - W/MEDIAN (NOT RAISED),PEDESTRIAN CROSSING SIGN,IMPROPER OVERTAKING/PASSING,FAILING TO REDUCE SPEED,0,0,0,0,13,6,7,1472,ELSTON AVE,41.790886,-87.759473,07/08/2022 02:49:00 PM,2022
CR00000883,02/03/2019 07:50:00 AM,20,CLEAR,DAYLIGHT,TURNING,DIVIDED - W/MEDIAN BARRIER,STOP SIGN/FLASHER,FOLLOWING TOO CLOSELY,UNABLE TO DETERMINE,0,0,0,0,7,1,2,2209,DIVISION ST,41.82722,-87.584136,02/03/2019 09:42:00 AM,2019
CR00000884,02/28/2023 02:27:00 PM,35,CLEAR,DAYLIGHT,PARKED MOTOR VEHICLE,DIVIDED - W/MEDIAN BARRIER,TRAFFIC SIGNAL,FOLLOWING TOO CLOSELY,FAILING TO YIELD RIGHT-OF-WAY,0,0,0,0,14,3,2,1482,63RD ST,41.784514,-87.807457,02/28/2023 03:30:00 PM,2023
CR00000885,04/28/2018 08:52:00 PM,15,CLEAR,DAYLIGHT,SIDESWIPE SAME DIRECTION,FOUR WAY,NO CONTROLS,IMPROPER LANE USAGE,UNABLE TO DETERMINE,0,0,0,0,20,7,4,1563,ROOSEVELT RD,41.780171,-87.747366,04/28/2018 09:46:00 PM,2018
CR00000886,05/30/2015 04:47:00 PM,25,RAIN,DARKNESS - LIGHTED ROAD,TURNING,NOT DIVIDED,TRAFFIC SIGNAL,IMPROPER OVERTAKING/PASSING,FAILING TO REDUCE SPEED,0,0,0,0,16,7,5,1099,ROOSEVELT RD,41.75257,-87.662755,05/30/2015 05:04:00 PM,2015
CR00000887,03/14/2024 03:36:00 PM,45,CLOUDY/OVERCAST,DARKNESS - LIGHTED ROAD,REAR END,DIVIDED - W/MEDIAN (NOT RAISED),TRAFFIC SIGNAL,DISREGARDING TRAFFIC SIGNALS,UNABLE TO DETERMINE,0,0,0,0,15,5,3,1483,79TH ST,41.722961,-87.719522,03/14/2024 03:55:00 PM,2024
CR00000888,05/27/2023 10:27:00 AM,20,CLEAR,DAYLIGHT,REAR END,ONE-WAY,NO CONTROLS,FOLLOWING TOO CLOSELY,IMPROPER LANE USAGE,0,0,0,0,10,7,5,2205,ELSTON AVE,41.755179,-87.588632,05/27/2023 12:00:00 PM,2023
CR00000889,07/30/2024 08:15:00 PM,35,CLEAR,DUSK,FIXED OBJECT,T-INTERSECTION,NO CONTROLS,FOLLOWING TOO CLOSELY,DRIVING SKILLS/KNOWLEDGE/EXPERIENCE,0,0,0,0,20,3,7,287,DIVISION ST,41.714649,-87.649332,07/30/2024 08:43:00 PM,2024
CR00000890,06/21/2019 08:43:00 AM,35,SNOW,DAYLIGHT,SIDESWIPE SAME DIRECTION,NOT DIVIDED,TRAFFIC SIGNAL,IMPROPER LANE USAGE,NOT APPLICABLE,0,0,0,0,8,6,6,1403,ASHLAND AVE,41.701515,-87.777502,06/21/2019 10:24:00 AM,2019
CR00000891,06/25/2017 08:01:00 AM,45,CLEAR,DARKNESS - LIGHTED ROAD,TURNING,FOUR WAY,STOP SIGN/FLASHER,FOLLOWING TOO CLOSELY,DRIVING SKILLS/KNOWLEDGE/EXPERIENCE,0,0,0,0,8,1,6,1693,LAKE SHORE DR,41.766317,-87.636015,06/25/2017 09:35:00 AM,2017
CR00000892,04/03/2021 12:21:00 AM,35,CLEAR,DARKNESS - LIGHTED ROAD,FIXED OBJECT,NOT DIVIDED,STOP SIGN/FLASHER,FAILING TO YIELD RIGHT-OF-WAY,FOLLOWING TOO CLOSELY,0,0,0,0,0,7,4,1750,PULASKI RD,41.80391,-87.694466,04/03/2021 01:21:00 AM,2021
CR00000893,05/30/2022 04:05:00 PM,40,CLEAR,DAYLIGHT,SIDESWIPE SAME DIRECTION,T-INTERSECTION,TRAFFIC SIGNAL,IMPROPER OVERTAKING/PASSING,FAILING TO REDUCE SPEED,0,0,0,0,16,2,5,2014,WESTERN AVE,41.868398,-87.729145,05/30/2022 04:32:00 PM,2022
CR00000894,09/30/2016 05:37:00 PM,15,FOG/SMOKE/HAZE,DAYLIGHT,ANGLE,T-INTERSECTION,TRAFFIC SIGNAL,FOLLOWING TOO CLOSELY,FAILING TO YIELD RIGHT-OF-WAY,0,0,0,0,17,6,9,2301,HALSTED ST,41.805488,-87.698964,09/30/2016 07:15:00 PM,2016
CR00000895,03/31/2019 05:54:00 PM,45,CLEAR,DAYLIGHT,REAR END,T-INTERSECTION,PEDESTRIAN CROSSING SIGN,DISREGARDING TRAFFIC SIGNALS,FAILING TO YIELD RIGHT-OF-WAY,0,0,0,0,17,1,3,2353,DAMEN AVE,41.818725,-87.776043,03/31/2019 06:09:00 PM,2019
CR00000896,12/12/2018 07:13:00 PM,20,SNOW,DARKNESS,PARKED MOTOR VEHICLE,T-INTERSECTION,STOP SIGN/FLASHER,FOLLOWING TOO CLOSELY,DRIVING SKILLS/KNOWLEDGE/EXPERIENCE,0,0,0,0,19,4,12,2293,ELSTON AVE,41.879775,-87.738209,12/12/2018 08:00:00 PM,2018
CR00000897,05/26/2019 08:54:00 AM,35,CLEAR,DAYLIGHT,TURNING,NOT DIVIDED,NO CONTROLS,DRIVING SKILLS/KNOWLEDGE/EXPERIENCE,NOT APPLICABLE,0,0,0,0,8,1,5,1468,IRVING PARK RD,41.927048,-87.749801,05/26/2019 10:53:00 AM,2019
CR00000898,03/15/2020 05:11:00 PM,35,CLEAR,DAYLIGHT,PARKED MOTOR VEHICLE,NOT DIVIDED,STOP SIGN/FLASHER,UNABLE TO DETERMINE,UNABLE TO DETERMINE,0,0,0,0,17,1,3,2161,CICERO AVE,41.729497,-87.646945,03/15/2020 06:05:00 PM,2020
CR00000899,09/21/2021 04:46:00 PM,45,RAIN,DARKNESS - LIGHTED ROAD,FIXED OBJECT,NOT DIVIDED,TRAFFIC SIGNAL,UNABLE TO DETERMINE,DISREGARDING TRAFFIC SIGNALS,0,0,0,0,16,3,9,1694,ELSTON AVE,41.70685,-87.636566,09/21/2021 05:08:00 PM,2021
CR00000900,09/25/2020 08:54:00 AM,30,CLEAR,DAYLIGHT,SIDESWIPE SAME DIRECTION,NOT DIVIDED,NO CONTROLS,UNABLE TO DETERMINE,IMPROPER LANE USAGE,0,0,1,1,8,6,9,1988,CALIFORNIA AVE,41.752563,-87.522001,09/25/2020 10:52:00 AM,2020
CR00000901,09/30/2017 06:38:00 PM,40,SNOW,DAYLIGHT,PARKED MOTOR VEHICLE,DIVIDED - W/MEDIAN (NOT RAISED),NO CONTROLS,FOLLOWING TOO CLOSELY,IMPROPER OVERTAKING/PASSING,0,0,0,0,18,7,9,386,WESTERN AVE,41.772565,-87.788093,09/30/2017 07:38:00 PM,2017