CRASH_RECORD_ID,CRASH_DATE,POSTED_SPEED_LIMIT,WEATHER_CONDITION,LIGHTING_CONDITION,FIRST_CRASH_TYPE,TRAFFICWAY_TYPE,TRAFFIC_CONTROL_DEVICE,PRIM_CONTRIBUTORY_CAUSE,SEC_CONTRIBUTORY_CAUSE,INJURIES_FATAL,INJURIES_INCAPACITATING,INJURIES_NON_INCAPACITATING,INJURIES_TOTAL,CRASH_HOUR,CRASH_DAY_OF_WEEK,CRASH_MONTH,BEAT_OF_OCCURRENCE,STREET_NAME,LATITUDE,LONGITUDE,DATE_POLICE_NOTIFIED,year
CR00000902,05/25/2023 02:43:00 AM,35,CLEAR,DAYLIGHT,SIDESWIPE SAME DIRECTION,DIVIDED - W/MEDIAN BARRIER,TRAFFIC SIGNAL,UNABLE TO DETERMINE,FAILING TO REDUCE SPEED,0,0,0,0,2,5,5,2287,47TH ST,41.960119,-87.501563,05/25/2023 04:34:00 AM,2023
CR00000903,04/08/2015 02:30:00 PM,35,CLEAR,DAYLIGHT,REAR END,NOT DIVIDED,NO CONTROLS,WEATHER,NOT APPLICABLE,0,0,1,1,14,4,4,2474,IRVING PARK RD,41.809012,-87.599181,04/08/2015 03:36:00 PM,2015
CR00000904,11/17/2023 07:46:00 AM,30,CLEAR,DAYLIGHT,SIDESWIPE SAME DIRECTION,NOT DIVIDED,TRAFFIC SIGNAL,DISTRACTION - FROM INSIDE VEHICLE,FAILING TO REDUCE SPEED,0,0,0,0,7,6,11,403,CALIFORNIA AVE,41.823868,-87.731058,11/17/2023 09:43:00 AM,2023
CR00000905,12/14/2022 03:48:00 PM,30,CLEAR,DARKNESS,SIDESWIPE SAME DIRECTION,ONE-WAY,NO CONTROLS,IMPROPER LANE USAGE,UNABLE TO DETERMINE,0,0,0,0,15,4,12,673,HALSTED ST,41.778,-87.746648,12/14/2022 04:45:00 PM,2022
CR00000906,11/07/2020 10:01:00 AM,30,CLOUDY/OVERCAST,DAYLIGHT,ANGLE,FOUR WAY,NO CONTROLS,IMPROPER OVERTAKING/PASSING,FAILING TO REDUCE SPEED,0,0,0,0,10,7,11,1901,63RD ST,41.811255,-87.723047,11/07/2020 10:39:00 AM,2020
CR00000907,04/22/2018 07:47:00 AM,30,RAIN,DAYLIGHT,REAR END,ONE-WAY,NO CONTROLS,FOLLOWING TOO CLOSELY,FAILING TO YIELD RIGHT-OF-WAY,0,0,2,2,7,1,4,2183,ROOSEVELT RD,41.777192,-87.770229,04/22/2018 09:36:00 AM,2018
CR00000908,10/04/2024 03:25:00 PM,25,RAIN,DARKNESS - LIGHTED ROAD,SIDESWIPE SAME DIRECTION,ONE-WAY,TRAFFIC SIGNAL,FAILING TO YIELD RIGHT-OF-WAY,NOT APPLICABLE,0,0,0,0,15,6,10,2087,79TH ST,41.970001,-87.509659,10/04/2024 04:48:00 PM,2024
CR00000909,11/23/2016 03:30:00 PM,30,CLEAR,DAYLIGHT,REAR END,NOT DIVIDED,NO CONTROLS,FOLLOWING TOO CLOSELY,IMPROPER LANE USAGE,0,0,0,0,15,4,11,589,79TH ST,41.96914,-87.845019,11/23/2016 03:39:00 PM,2016
CR00000910,03/17/2017 12:31:00 PM,40,CLEAR,DUSK,REAR END,DIVIDED - W/MEDIAN (NOT RAISED),STOP SIGN/FLASHER,UNABLE TO DETERMINE,FAILING TO YIELD RIGHT-OF-WAY,0,0,0,0,12,6,3,504,MILWAUKEE AVE,41.973811,-87.532794,03/17/2017 02:19:00 PM,2017
CR00000911,09/09/2020 04:17:00 AM,20,CLEAR,DAYLIGHT,ANGLE,ONE-WAY,NO CONTROLS,FOLLOWING TOO CLOSELY,FOLLOWING TOO CLOSELY,0,0,0,0,4,4,9,848,47TH ST,41.860426,-87.59056,09/09/2020 06:09:00 AM,2020
CR00000912,04/19/2022 09:14:00 AM,30,RAIN,DAYLIGHT,REAR END,T-INTERSECTION,NO CONTROLS,DISREGARDING TRAFFIC SIGNALS,NOT APPLICABLE,0,0,0,0,9,3,4,360,HALSTED ST,41.83682,-87.835919,04/19/2022 10:32:00 AM,2022
CR00000913,11/10/2020 10:03:00 AM,35,CLEAR,DARKNESS - LIGHTED ROAD,REAR END,DIVIDED - W/MEDIAN (NOT RAISED),STOP SIGN/FLASHER,UNABLE TO DETERMINE,UNABLE TO DETERMINE,0,0,0,0,10,3,11,2059,ASHLAND AVE,41.773182,-87.583412,11/10/2020 11:05:00 AM,2020
CR00000914,12/16/2019 05:30:00 AM,30,RAIN,DAYLIGHT,PARKED MOTOR VEHICLE,DIVIDED - W/MEDIAN (NOT RAISED),NO CONTROLS,DISREGARDING TRAFFIC SIGNALS,NOT APPLICABLE,0,0,0,0,5,2,12,1913,IRVING PARK RD,41.862711,-87.774752,12/16/2019 06:33:00 AM,2019
CR00000915,03/17/2022 08:37:00 AM,35,RAIN,DAYLIGHT,TURNING,ONE-WAY,TRAFFIC SIGNAL,DRIVING SKILLS/KNOWLEDGE/EXPERIENCE,FOLLOWING TOO CLOSELY,0,0,1,1,8,5,3,1327,STATE ST,41.775524,-87.707491,03/17/2022 09:12:00 AM,2022
CR00000916,09/22/2024 04:15:00 PM,35,CLEAR,DUSK,REAR END,ONE-WAY,NO CONTROLS,FOLLOWING TOO CLOSELY,NOT APPLICABLE,0,0,0,0,16,1,9,2187,LAKE SHORE DR,41.903353,-87.673928,09/22/2024 05:36:00 PM,2024
CR00000917,07/23/2020 07:11:00 AM,35,CLEAR,DARKNESS - LIGHTED ROAD,FIXED OBJECT,ONE-WAY,NO CONTROLS,UNABLE TO DETERMINE,WEATHER,0,0,0,0,7,5,7,545,IRVING PARK RD,41.829604,-87.743376,07/23/2020 09:10:00 AM,2020
CR00000918,08/07/2017 08:19:00 AM,30,RAIN,DAYLIGHT,ANGLE,DIVIDED - W/MEDIAN BARRIER,NO CONTROLS,FOLLOWING TOO CLOSELY,UNABLE TO DETERMINE,0,0,0,0,8,2,8,886,IRVING PARK RD,41.796005,-87.66436,08/07/2017 08:33:00 AM,2017
CR00000919,06/11/2019 08:10:00 PM,30,CLEAR,DAYLIGHT,ANGLE,NOT DIVIDED,TRAFFIC SIGNAL,UNABLE TO DETERMINE,FOLLOWING TOO CLOSELY,0,2,2,4,20,3,6,1466,ROOSEVELT RD,41.896047,-87.573938,06/11/2019 09:50:00 PM,2019
CR00000920,12/20/2018 11:47:00 PM,35,CLEAR,DAWN,TURNING,NOT DIVIDED,TRAFFIC SIGNAL,FAILING TO YIELD RIGHT-OF-WAY,DISTRACTION - FROM INSIDE VEHICLE,0,0,0,0,23,5,12,673,CALIFORNIA AVE,41.792405,-87.65285,12/21/2018 01:25:00 AM,2018
CR00000921,08/08/2023 10:01:00 AM,35,CLEAR,DAYLIGHT,ANGLE,ONE-WAY,UNKNOWN,UNABLE TO DETERMINE,NOT APPLICABLE,0,0,1,1,10,3,8,980,DIVISION ST,41.788439,-87.719284,08/08/2023 10:43:00 AM,2023
CR00000922,08/22/2020 02:54:00 PM,35,CLOUDY/OVERCAST,DARKNESS - LIGHTED ROAD,ANGLE,NOT DIVIDED,PEDESTRIAN CROSSING SIGN,DISTRACTION - FROM INSIDE VEHICLE,FAILING TO YIELD RIGHT-OF-WAY,0,0,0,0,14,7,8,2094,MICHIGAN AVE,41.722328,-87.793854,08/22/2020 04:27:00 PM,2020
CR00000923,02/21/2018 05:37:00 PM,40,CLEAR,DAYLIGHT,SIDESWIPE SAME DIRECTION,NOT DIVIDED,TRAFFIC SIGNAL,UNABLE TO DETERMINE,NOT APPLICABLE,0,0,0,0,17,4,2,403,MILWAUKEE AVE,41.730432,-87.62613,02/21/2018 06:13:00 PM,2018
CR00000924,09/11/2023 07:26:00 PM,30,RAIN,DARKNESS - LIGHTED ROAD,REAR TO FRONT,FOUR WAY,NO CONTROLS,DRIVING SKILLS/KNOWLEDGE/EXPERIENCE,DRIVING SKILLS/KNOWLEDGE/EXPERIENCE,0,0,3,3,19,2,9,1293,47TH ST,41.759998,-87.819198,09/11/2023 07:58:00 PM,2023
CR00000925,03/31/2015 07:49:00 AM,30,CLEAR,DAWN,TURNING,T-INTERSECTION,NO CONTROLS,UNABLE TO DETERMINE,FOLLOWING TOO CLOSELY,0,0,0,0,7,3,3,2018,MICHIGAN AVE,41.961218,-87.605262,03/31/2015 09:24:00 AM,2015
CR00000926,03/02/2020 12:21:00 PM,15,CLEAR,DAYLIGHT,PARKED MOTOR VEHICLE,DIVIDED - W/MEDIAN (NOT RAISED),TRAFFIC SIGNAL,FAILING TO YIELD RIGHT-OF-WAY,NOT APPLICABLE,0,0,0,0,12,2,3,2092,PULASKI RD,41.991432,-87.759341,03/02/2020 01:39:00 PM,2020
CR00000927,04/29/2024 03:03:00 PM,40,CLEAR,DAYLIGHT,ANGLE,DIVIDED - W/MEDIAN (NOT RAISED),STOP SIGN/FLASHER,UNABLE TO DETERMINE,DISREGARDING TRAFFIC SIGNALS,0,1,0,1,15,2,4,409,FULLERTON AVE,41.987936,-87.544422,04/29/2024 03:45:00 PM,2024
CR00000928,01/13/2016 04:49:00 PM,20,RAIN,DAYLIGHT,PARKED MOTOR VEHICLE,FOUR WAY,NO CONTROLS,DISREGARDING TRAFFIC SIGNALS,UNABLE TO DETERMINE,0,0,0,0,16,4,1,1865,STATE ST,41.747467,-87.670275,01/13/2016 06:38:00 PM,2016
CR00000929,03/22/2020 02:56:00 PM,40,FREEZING RAIN/DRIZZLE,DARKNESS,REAR TO FRONT,DIVIDED - W/MEDIAN (NOT RAISED),NO CONTROLS,FAILING TO YIELD RIGHT-OF-WAY,IMPROPER LANE USAGE,0,0,1,1,14,1,3,1303,WESTERN AVE,41.754502,-87.648672,03/22/2020 03:55:00 PM,2020
CR00000930,12/29/2021 11:24:00 PM,30,RAIN,DARKNESS,REAR TO FRONT,DIVIDED - W/MEDIAN (NOT RAISED),TRAFFIC SIGNAL,IMPROPER OVERTAKING/PASSING,DISTRACTION - FROM INSIDE VEHICLE,0,0,0,0,23,4,12,920,IRVING PARK RD,41.767569,-87.700498,12/29/2021 11:58:00 PM,2021
CR00000931,03/18/2024 04:59:00 PM,30,FREEZING RAIN/DRIZZLE,DAYLIGHT,REAR END,NOT DIVIDED,NO CONTROLS,UNABLE TO DETERMINE,UNABLE TO DETERMINE,0,0,0,0,16,2,3,2284,DIVISION ST,41.964094,-87.546465,03/18/2024 05:19:00 PM,2024
CR00000932,06/21/2024 02:49:00 AM,30,CLEAR,DARKNESS - LIGHTED ROAD,REAR END,NOT DIVIDED,NO CONTROLS,UNABLE TO DETERMINE,FAILING TO YIELD RIGHT-OF-WAY,0,0,0,0,2,6,6,1210,MICHIGAN AVE,41.804556,-87.825757,06/21/2024 04:41:00 AM,2024
CR00000933,06/08/2017 08:22:00 PM,35,CLEAR,DAYLIGHT,REAR TO FRONT,DIVIDED - W/MEDIAN BARRIER,NO CONTROLS,FAILING TO YIELD RIGHT-OF-WAY,UNABLE TO DETERMINE,0,0,0,0,20,5,6,1930,CALIFORNIA AVE,41.963291,-87.519465,06/08/2017 08:38:00 PM,2017
CR00000934,06/24/2019 08:13:00 AM,40,RAIN,DUSK,ANGLE,NOT DIVIDED,NO CONTROLS,DISREGARDING TRAFFIC SIGNALS,UNABLE TO DETERMINE,0,0,0,0,8,2,6,592,LAKE SHORE DR,41.877065,-87.806373,06/24/2019 08:36:00 AM,2019
CR00000935,04/22/2023 05:22:00 PM,40,CLEAR,DARKNESS - LIGHTED ROAD,SIDESWIPE SAME DIRECTION,ONE-WAY,NO CONTROLS,IMPROPER OVERTAKING/PASSING,UNABLE TO DETERMINE,0,0,0,0,17,7,4,129,BROADWAY,41.795064,-87.783157,04/22/2023 05:34:00 PM,2023
CR00000936,01/04/2024 01:25:00 PM,30,CLOUDY/OVERCAST,DAYLIGHT,PARKED MOTOR VEHICLE,FOUR WAY,TRAFFIC SIGNAL,IMPROPER OVERTAKING/PASSING,UNABLE TO DETERMINE,0,1,0,1,13,5,1,1225,ROOSEVELT RD,41.830245,-87.553267,01/04/2024 02:04:00 PM,2024
CR00000937,04/05/2022 11:02:00 AM,40,CLEAR,DAYLIGHT,FIXED OBJECT,ONE-WAY,YIELD,UNABLE TO DETERMINE,UNABLE TO DETERMINE,0,0,0,0,11,3,4,959,ROOSEVELT RD,41.774699,-87.652397,04/05/2022 11:19:00 AM,2022
CR00000938,05/31/2022 10:23:00 AM,40,CLEAR,DUSK,FIXED OBJECT,NOT DIVIDED,TRAFFIC SIGNAL,UNABLE TO DETERMINE,NOT APPLICABLE,0,0,0,0,10,3,5,765,WESTERN AVE,41.946975,-87.703266,05/31/2022 10:46:00 AM,2022
CR00000939,07/30/2020 08:19:00 AM,30,CLEAR,DAYLIGHT,TURNING,NOT DIVIDED,TRAFFIC SIGNAL,UNABLE TO DETERMINE,DISREGARDING TRAFFIC SIGNALS,0,0,0,0,8,5,7,691,DAMEN AVE,41.811955,-87.555501,07/30/2020 09:39:00 AM,2020
CR00000940,07/10/2015 04:24:00 PM,15,CLEAR,DAYLIGHT,REAR END,DIVIDED - W/MEDIAN (NOT RAISED),NO CONTROLS,UNABLE TO DETERMINE,IMPROPER OVERTAKING/PASSING,0,0,0,0,16,6,7,2002,DAMEN AVE,41.916757,-87.790591,07/10/2015 04:37:00 PM,2015
CR00000941,08/07/2024 04:28:00 PM,35,CLEAR,DAYLIGHT,REAR END,DIVIDED - W/MEDIAN (NOT RAISED),STOP SIGN/FLASHER,DRIVING SKILLS/KNOWLEDGE/EXPERIENCE,FAILING TO YIELD RIGHT-OF-WAY,0,0,0,0,16,4,8,494,LAKE SHORE DR,41.880981,-87.627101,08/07/2024 05:08:00 PM,2024
CR00000942,07/11/2020 07:53:00 PM,35,CLEAR,DARKNESS - LIGHTED ROAD,REAR END,NOT DIVIDED,NO CONTROLS,FOLLOWING TOO CLOSELY,UNABLE TO DETERMINE,0,0,1,1,19,7,7,1333,MILWAUKEE AVE,41.767666,-87.821234,07/11/2020 08:06:00 PM,2020
CR00000943,12/20/2022 02:42:00 PM,25,CLEAR,DAYLIGHT,TURNING,FOUR WAY,NO CONTROLS,IMPROPER LANE USAGE,DISREGARDING TRAFFIC SIGNALS,0,0,0,0,14,3,12,240,ROOSEVELT RD,41.855071,-87.504325,12/20/2022 03:17:00 PM,2022
CR00000944,12/20/2023 12:40:00 PM,15,CLEAR,DAYLIGHT,TURNING,DIVIDED - W/MEDIAN (NOT RAISED),NO CONTROLS,IMPROPER LANE USAGE,IMPROPER OVERTAKING/PASSING,0,0,0,0,12,4,12,2081,ARCHER AVE,41.759369,-87.78624,12/20/2023 12:59:00 PM,2023
CR00000945,02/08/2017 05:55:00 PM,20,CLOUDY/OVERCAST,DAYLIGHT,PARKED MOTOR VEHICLE,T-INTERSECTION,TRAFFIC SIGNAL,FOLLOWING TOO CLOSELY,FOLLOWING TOO CLOSELY,0,0,1,1,17,4,2,863,STATE ST,41.835958,-87.758018,02/08/2017 06:52:00 PM,2017
CR00000946,10/28/2018 09:55:00 PM,30,FOG/SMOKE/HAZE,DARKNESS - LIGHTED ROAD,SIDESWIPE SAME DIRECTION,NOT DIVIDED,TRAFFIC SIGNAL,FAILING TO YIELD RIGHT-OF-WAY,DISTRACTION - FROM INSIDE VEHICLE,0,0,0,0,21,1,10,204,ELSTON AVE,41.86467,-87.617863,10/28/2018 11:21:00 PM,2018
CR00000947,06/01/2016 06:14:00 AM,40,CLEAR,DARKNESS - LIGHTED ROAD,REAR END,DIVIDED - W/MEDIAN (NOT RAISED),TRAFFIC SIGNAL,UNABLE TO DETERMINE,UNABLE TO DETERMINE,0,1,1,2,6,4,6,1008,IRVING PARK RD,41.961992,-87.742539,06/01/2016 07:10:00 AM,2016
CR00000948,03/10/2015 08:46:00 AM,40,CLEAR,DAYLIGHT,ANGLE,DIVIDED - W/MEDIAN (NOT RAISED),TRAFFIC SIGNAL,UNABLE TO DETERMINE,FAILING TO REDUCE SPEED,0,0,0,0,8,3,3,2274,STONY ISLAND AVE,41.857672,-87.577022,03/10/2015 09:59:00 AM,2015
CR00000949,03/14/2019 07:06:00 AM,25,CLEAR,DARKNESS - LIGHTED ROAD,TURNING,NOT DIVIDED,NO CONTROLS,UNABLE TO DETERMINE,FAILING TO YIELD RIGHT-OF-WAY,0,0,0,0,7,5,3,1314,BROADWAY,41.890472,-87.549371,03/14/2019 07:35:00 AM,2019
CR00000950,11/07/2020 01:57:00 PM,15,CLEAR,DAYLIGHT,PEDESTRIAN,ONE-WAY,STOP SIGN/FLASHER,FOLLOWING TOO CLOSELY,UNABLE TO DETERMINE,0,0,0,0,13,7,11,2532,CICERO AVE,41.796576,-87.597458,11/07/2020 02:36:00 PM,2020
CR00000951,08/31/2015 07:26:00 PM,30,CLEAR,DAYLIGHT,PARKED MOTOR VEHICLE,DIVIDED - W/MEDIAN (NOT RAISED),TRAFFIC SIGNAL,IMPROPER LANE USAGE,UNABLE TO DETERMINE,0,0,0,0,19,2,8,1118,ARCHER AVE,41.84428,-87.793911,08/31/2015 09:10:00 PM,2015
CR00000952,10/16/2015 08:17:00 AM,25,CLEAR,DAYLIGHT,REAR END,DIVIDED - W/MEDIAN BARRIER,NO CONTROLS,WEATHER,FOLLOWING TOO CLOSELY,0,0,0,0,8,6,10,144,79TH ST,41.820432,-87.595907,10/16/2015 09:32:00 AM,2015
CR00000953,04/25/2016 03:19:00 PM,35,CLEAR,DAYLIGHT,ANGLE,T-INTERSECTION,STOP SIGN/FLASHER,IMPROPER OVERTAKING/PASSING,UNABLE TO DETERMINE,0,0,0,0,15,2,4,388,IRVING PARK RD,41.931497,-87.640544,04/25/2016 03:49:00 PM,2016
CR00000954,01/28/2023 11:56:00 AM,30,CLEAR,DARKNESS - LIGHTED ROAD,TURNING,DIVIDED - W/MEDIAN (NOT RAISED),STOP SIGN/FLASHER,UNABLE TO DETERMINE,NOT APPLICABLE,0,0,0,0,11,7,1,2095,IRVING PARK RD,41.996388,-87.716474,01/28/2023 01:51:00 PM,2023
CR00000955,04/07/2018 08:33:00 AM,30,CLEAR,DARKNESS,ANGLE,DIVIDED - W/MEDIAN BARRIER,TRAFFIC SIGNAL,FAILING TO YIELD RIGHT-OF-WAY,UNABLE TO DETERMINE,0,0,0,0,8,7,4,530,IRVING PARK RD,41.999282,-87.638839,04/07/2018 09:50:00 AM,2018
CR00000956,02/21/2018 11:46:00 PM,35,SNOW,DAYLIGHT,TURNING,NOT DIVIDED,NO CONTROLS,UNABLE TO DETERMINE,FAILING TO REDUCE SPEED,0,0,0,0,23,4,2,2088,MICHIGAN AVE,41.971419,-87.625907,02/22/2018 12:29:00 AM,2018
CR00000957,07/27/2021 03:14:00 PM,35,RAIN,DARKNESS - LIGHTED ROAD,ANGLE,DIVIDED - W/MEDIAN (NOT RAISED),STOP SIGN/FLASHER,DRIVING SKILLS/KNOWLEDGE/EXPERIENCE,NOT APPLICABLE,0,0,0,0,15,3,7,1667,PULASKI RD,41.899689,-87.813612,07/27/2021 04:54:00 PM,2021
CR00000958,09/30/2021 06:37:00 AM,45,CLEAR,DAYLIGHT,PEDESTRIAN,T-INTERSECTION,NO CONTROLS,FAILING TO YIELD RIGHT-OF-WAY,DISTRACTION - FROM INSIDE VEHICLE,0,0,1,1,6,5,9,1903,CALIFORNIA AVE,41.990019,-87.766485,09/30/2021 07:52:00 AM,2021
CR00000959,06/06/2021 03:02:00 PM,25,CLEAR,DARKNESS - LIGHTED ROAD,TURNING,NOT DIVIDED,NO CONTROLS,FAILING TO YIELD RIGHT-OF-WAY,NOT APPLICABLE,0,0,2,2,15,1,6,216,ROOSEVELT RD,41.900721,-87.841026,06/06/2021 04:15:00 PM,2021
CR00000960,02/14/2020 09:22:00 AM,35,CLOUDY/OVERCAST,DARKNESS - LIGHTED ROAD,SIDESWIPE SAME DIRECTION,T-INTERSECTION,NO CONTROLS,UNABLE TO DETERMINE,DRIVING SKILLS/KNOWLEDGE/EXPERIENCE,0,0,1,1,9,6,2,2341,79TH ST,41.78299,-87.575702,02/14/2020 10:04:00 AM,2020
CR00000961,08/11/2018 07:25:00 PM,20,CLEAR,DAYLIGHT,PARKED MOTOR VEHICLE,ONE-WAY,UNKNOWN,UNABLE TO DETERMINE,FOLLOWING TOO CLOSELY,0,0,0,0,19,7,8,1352,ASHLAND AVE,41.93429,-87.78978,08/11/2018 08:29:00 PM,2018
CR00000962,02/05/2023 05:40:00 AM,35,CLEAR,DAYLIGHT,PEDESTRIAN,ONE-WAY,TRAFFIC SIGNAL,FOLLOWING TOO CLOSELY,NOT APPLICABLE,0,0,0,0,5,1,2,1893,ARCHER AVE,41.88654,-87.626184,02/05/2023 07:17:00 AM,2023
CR00000963,06/19/2023 07:10:00 AM,40,CLOUDY/OVERCAST,DARKNESS - LIGHTED ROAD,ANGLE,NOT DIVIDED,YIELD,DRIVING SKILLS/KNOWLEDGE/EXPERIENCE,DRIVING SKILLS/KNOWLEDGE/EXPERIENCE,0,0,0,0,7,2,6,828,BROADWAY,41.733444,-87.646354,06/19/2023 09:07:00 AM,2023
CR00000964,12/08/2021 06:04:00 PM,35,CLEAR,DAYLIGHT,PEDESTRIAN,DIVIDED - W/MEDIAN (NOT RAISED),TRAFFIC SIGNAL,FAILING TO YIELD RIGHT-OF-WAY,FAILING TO YIELD RIGHT-OF-WAY,0,0,0,0,18,4,12,644,BROADWAY,41.727163,-87.640711,12/08/2021 07:57:00 PM,2021
CR00000965,02/29/2016 07:52:00 PM,15,CLEAR,DARKNESS - LIGHTED ROAD,REAR END,DIVIDED - W/MEDIAN BARRIER,NO CONTROLS,UNABLE TO DETERMINE,IMPROPER OVERTAKING/PASSING,0,0,1,1,19,2,2,1019,47TH ST,41.797151,-87.771311,02/29/2016 09:38:00 PM,2016
CR00000966,06/15/2017 09:56:00 AM,30,CLEAR,DAYLIGHT,PARKED MOTOR VEHICLE,ONE-WAY,TRAFFIC SIGNAL,FAILING TO YIELD RIGHT-OF-WAY,DRIVING SKILLS/KNOWLEDGE/EXPERIENCE,0,0,0,0,9,5,6,2357,FULLERTON AVE,41.894369,-87.774411,06/15/2017 09:58:00 AM,2017
CR00000967,02/26/2017 01:11:00 PM,30,CLEAR,DAYLIGHT,TURNING,NOT DIVIDED,TRAFFIC SIGNAL,DRIVING SKILLS/KNOWLEDGE/EXPERIENCE,FAILING TO YIELD RIGHT-OF-WAY,0,0,2,2,13,1,2,415,47TH ST,41.924038,-87.602639,02/26/2017 01:58:00 PM,2017
CR00000968,07/04/2016 11:55:00 AM,40,CLOUDY/OVERCAST,DARKNESS - LIGHTED ROAD,ANGLE,DIVIDED - W/MEDIAN (NOT RAISED),NO CONTROLS,IMPROPER LANE USAGE,UNABLE TO DETERMINE,0,0,3,3,11,2,7,1526,47TH ST,41.738629,-87.506646,07/04/2016 01:36:00 PM,2016
CR00000969,11/15/2022 05:35:00 PM,20,CLEAR,DAYLIGHT,ANGLE,DIVIDED - W/MEDIAN (NOT RAISED),STOP SIGN/FLASHER,DISTRACTION - FROM INSIDE VEHICLE,UNABLE TO DETERMINE,0,0,2,2,17,3,11,1523,LAKE SHORE DR,41.885642,-87.676003,11/15/2022 06:31:00 PM,2022
CR00000970,09/23/2024 06:09:00 PM,45,CLEAR,DUSK,REAR END,DIVIDED - W/MEDIAN BARRIER,STOP SIGN/FLASHER,IMPROPER OVERTAKING/PASSING,FAILING TO YIELD RIGHT-OF-WAY,0,0,0,0,18,2,9,646,BROADWAY,41.806324,-87.515843,09/23/2024 06:45:00 PM,2024
CR00000971,05/31/2017 06:28:00 PM,45,CLEAR,DAYLIGHT,REAR END,T-INTERSECTION,TRAFFIC SIGNAL,FAILING TO REDUCE SPEED,IMPROPER LANE USAGE,0,0,0,0,18,4,5,1388,WESTERN AVE,41.909162,-87.743369,05/31/2017 06:58:00 PM,2017
CR00000972,11/01/2021 03:45:00 AM,45,CLEAR,DARKNESS - LIGHTED ROAD,TURNING,DIVIDED - W/MEDIAN BARRIER,NO CONTROLS,DISREGARDING TRAFFIC SIGNALS,UNABLE TO DETERMINE,0,0,0,0,3,2,11,1119,DIVISION ST,41.876234,-87.578883,11/01/2021 03:55:00 AM,2021
CR00000973,09/05/2023 08:11:00 PM,45,CLOUDY/OVERCAST,DARKNESS,TURNING,DIVIDED - W/MEDIAN (NOT RAISED),TRAFFIC SIGNAL,FAILING TO REDUCE SPEED,IMPROPER OVERTAKING/PASSING,0,0,1,1,20,3,9,667,MILWAUKEE AVE,41.799537,-87.817044,09/05/2023 09:03:00 PM,2023
CR00000974,01/19/2017 06:19:00 AM,20,CLEAR,DAYLIGHT,TURNING,NOT DIVIDED,NO CONTROLS,FAILING TO YIELD RIGHT-OF-WAY,DISTRACTION - FROM INSIDE VEHICLE,0,0,0,0,6,5,1,434,MILWAUKEE AVE,41.912179,-87.542327,01/19/2017 07:23:00 AM,2017
CR00000975,01/25/2020 07:06:00 PM,15,SNOW,DAYLIGHT,REAR END,NOT DIVIDED,NO CONTROLS,DRIVING SKILLS/KNOWLEDGE/EXPERIENCE,UNABLE TO DETERMINE,0,0,0,0,19,7,1,119,MILWAUKEE AVE,41.70612,-87.637844,01/25/2020 08:18:00 PM,2020
CR00000976,04/25/2019 10:01:00 AM,40,CLEAR,DAYLIGHT,REAR END,DIVIDED - W/MEDIAN BARRIER,NO CONTROLS,IMPROPER LANE USAGE,FAILING TO YIELD RIGHT-OF-WAY,0,0,1,1,10,5,4,2451,STONY ISLAND AVE,41.756545,-87.632695,04/25/2019 10:25:00 AM,2019
CR00000977,12/30/2024 02:45:00 PM,20,CLEAR,DAYLIGHT,REAR END,DIVIDED - W/MEDIAN (NOT RAISED),STOP SIGN/FLASHER,UNABLE TO DETERMINE,IMPROPER LANE USAGE,0,0,2,2,14,2,12,2223,STONY ISLAND AVE,41.709103,-87.836429,12/30/2024 03:54:00 PM,2024
CR00000978,02/13/2016 03:12:00 PM,40,CLEAR,DAYLIGHT,REAR END,DIVIDED - W/MEDIAN BARRIER,STOP SIGN/FLASHER,UNABLE TO DETERMINE,FOLLOWING TOO CLOSELY,0,0,0,0,15,7,2,1108,ARCHER AVE,41.999203,-87.528,02/13/2016 04:11:00 PM,2016
CR00000979,08/02/2016 09:52:00 AM,35,SNOW,DARKNESS,REAR TO FRONT,FOUR WAY,NO CONTROLS,DRIVING SKILLS/KNOWLEDGE/EXPERIENCE,UNABLE TO DETERMINE,0,0,0,0,9,3,8,1412,OGDEN AVE,41.938216,-87.835443,08/02/2016 10:00:00 AM,2016
CR00000980,04/25/2021 04:44:00 PM,30,CLEAR,DAYLIGHT,TURNING,T-INTERSECTION,NO CONTROLS,FOLLOWING TOO CLOSELY,DISTRACTION - FROM INSIDE VEHICLE,0,0,0,0,16,1,4,1846,BROADWAY,41.818255,-87.658767,04/25/2021 05:10:00 PM,2021
CR00000981,11/18/2019 12:05:00 PM,45,CLEAR,DAYLIGHT,ANGLE,T-INTERSECTION,NO CONTROLS,WEATHER,FAILING TO REDUCE SPEED,0,0,0,0,12,2,11,325,OGDEN AVE,41.847372,-87.73747,11/18/2019 01:07:00 PM,2019
CR00000982,04/27/2024 02:12:00 AM,15,CLEAR,DAYLIGHT,REAR END,NOT DIVIDED,TRAFFIC SIGNAL,UNABLE TO DETERMINE,FAILING TO YIELD RIGHT-OF-WAY,0,0,3,3,2,7,4,2302,PULASKI RD,41.862836,-87.625674,04/27/2024 03:47:00 AM,2024
CR00000983,03/28/2024 10:43:00 PM,30,CLEAR,DAYLIGHT,REAR END,NOT DIVIDED,UNKNOWN,FOLLOWING TOO CLOSELY,UNABLE TO DETERMINE,0,0,1,1,22,5,3,933,LAKE SHORE DR,41.852624,-87.611603,03/28/2024 10:49:00 PM,2024