CRASH_RECORD_ID,CRASH_DATE,POSTED_SPEED_LIMIT,WEATHER_CONDITION,LIGHTING_CONDITION,FIRST_CRASH_TYPE,TRAFFICWAY_TYPE,TRAFFIC_CONTROL_DEVICE,PRIM_CONTRIBUTORY_CAUSE,SEC_CONTRIBUTORY_CAUSE,INJURIES_FATAL,INJURIES_INCAPACITATING,INJURIES_NON_INCAPACITATING,INJURIES_TOTAL,CRASH_HOUR,CRASH_DAY_OF_WEEK,CRASH_MONTH,BEAT_OF_OCCURRENCE,STREET_NAME,LATITUDE,LONGITUDE,DATE_POLICE_NOTIFIED,year
CR00000984,04/26/2017 04:40:00 PM,20,CLEAR,DAYLIGHT,SIDESWIPE SAME DIRECTION,FOUR WAY,TRAFFIC SIGNAL,UNABLE TO DETERMINE,FAILING TO YIELD RIGHT-OF-WAY,0,0,0,0,16,4,4,1035,ARCHER AVE,41.71357,-87.716479,04/26/2017 06:36:00 PM,2017
CR00000985,05/24/2024 01:02:00 PM,35,SNOW,DARKNESS - LIGHTED ROAD,PEDESTRIAN,FOUR WAY,NO CONTROLS,UNABLE TO DETERMINE,NOT APPLICABLE,0,0,0,0,13,6,5,1216,DAMEN AVE,41.879625,-87.632383,05/24/2024 01:36:00 PM,2024
CR00000986,09/28/2022 12:26:00 AM,15,RAIN,DARKNESS,TURNING,NOT DIVIDED,UNKNOWN,WEATHER,IMPROPER OVERTAKING/PASSING,0,0,1,1,0,4,9,627,63RD ST,41.945017,-87.679124,09/28/2022 01:43:00 AM,2022
CR00000987,09/25/2022 08:04:00 AM,20,CLEAR,DARKNESS - LIGHTED ROAD,SIDESWIPE SAME DIRECTION,NOT DIVIDED,UNKNOWN,FOLLOWING TOO CLOSELY,FAILING TO REDUCE SPEED,0,0,0,0,8,1,9,1731,CLARK ST,41.734584,-87.534224,09/25/2022 09:07:00 AM,2022
CR00000988,01/05/2021 10:18:00 AM,40,CLEAR,DAYLIGHT,REAR END,ONE-WAY,NO CONTROLS,IMPROPER OVERTAKING/PASSING,IMPROPER OVERTAKING/PASSING,0,0,2,2,10,3,1,547,ASHLAND AVE,41.946863,-87.540591,01/05/2021 10:30:00 AM,2021
CR00000989,07/25/2017 02:53:00 AM,30,CLEAR,DARKNESS - LIGHTED ROAD,TURNING,DIVIDED - W/MEDIAN (NOT RAISED),UNKNOWN,UNABLE TO DETERMINE,IMPROPER OVERTAKING/PASSING,0,0,0,0,2,3,7,268,63RD ST,41.725082,-87.607234,07/25/2017 03:02:00 AM,2017
CR00000990,08/24/2020 08:12:00 PM,25,CLEAR,DAYLIGHT,REAR END,DIVIDED - W/MEDIAN (NOT RAISED),TRAFFIC SIGNAL,UNABLE TO DETERMINE,NOT APPLICABLE,0,0,0,0,20,2,8,331,BROADWAY,41.917473,-87.834685,08/24/2020 08:14:00 PM,2020
CR00000991,04/06/2019 07:18:00 AM,35,CLEAR,DAYLIGHT,REAR END,NOT DIVIDED,STOP SIGN/FLASHER,DRIVING SKILLS/KNOWLEDGE/EXPERIENCE,FOLLOWING TOO CLOSELY,0,0,0,0,7,7,4,2380,STONY ISLAND AVE,41.767571,-87.630475,04/06/2019 08:01:00 AM,2019
CR00000992,08/10/2016 04:20:00 PM,15,RAIN,DUSK,REAR END,DIVIDED - W/MEDIAN BARRIER,TRAFFIC SIGNAL,FAILING TO YIELD RIGHT-OF-WAY,UNABLE TO DETERMINE,0,0,0,0,16,4,8,687,ASHLAND AVE,41.905429,-87.706527,08/10/2016 05:29:00 PM,2016
CR00000993,09/03/2022 08:00:00 AM,45,CLEAR,DAYLIGHT,REAR TO FRONT,FOUR WAY,NO CONTROLS,IMPROPER LANE USAGE,DRIVING SKILLS/KNOWLEDGE/EXPERIENCE,0,0,0,0,8,7,9,402,WESTERN AVE,41.868813,-87.565203,09/03/2022 09:39:00 AM,2022
CR00000994,04/11/2022 10:58:00 PM,45,CLEAR,DAYLIGHT,REAR TO FRONT,NOT DIVIDED,STOP SIGN/FLASHER,IMPROPER OVERTAKING/PASSING,IMPROPER LANE USAGE,0,0,0,0,22,2,4,1124,ARCHER AVE,41.871448,-87.714881,04/12/2022 12:26:00 AM,2022
CR00000995,02/20/2022 02:30:00 PM,25,CLEAR,DAYLIGHT,REAR END,DIVIDED - W/MEDIAN (NOT RAISED),UNKNOWN,UNABLE TO DETERMINE,FAILING TO YIELD RIGHT-OF-WAY,0,0,1,1,14,1,2,1328,HALSTED ST,41.767152,-87.749598,02/20/2022 04:04:00 PM,2022
CR00000996,06/24/2015 02:26:00 PM,25,RAIN,DAYLIGHT,REAR END,DIVIDED - W/MEDIAN (NOT RAISED),TRAFFIC SIGNAL,FAILING TO YIELD RIGHT-OF-WAY,IMPROPER OVERTAKING/PASSING,0,0,0,0,14,4,6,1952,CALIFORNIA AVE,41.86245,-87.770555,06/24/2015 03:18:00 PM,2015
CR00000997,05/11/2019 02:23:00 PM,30,CLEAR,DAYLIGHT,PEDESTRIAN,NOT DIVIDED,STOP SIGN/FLASHER,UNABLE TO DETERMINE,NOT APPLICABLE,0,0,0,0,14,7,5,1588,CALIFORNIA AVE,41.899612,-87.80341,05/11/2019 03:31:00 PM,2019
CR00000998,02/23/2021 08:50:00 PM,35,CLEAR,DARKNESS - LIGHTED ROAD,PARKED MOTOR VEHICLE,DIVIDED - W/MEDIAN (NOT RAISED),NO CONTROLS,WEATHER,NOT APPLICABLE,0,0,0,0,20,3,2,1788,PULASKI RD,41.8932,-87.77527,02/23/2021 09:09:00 PM,2021
CR00000999,03/27/2017 08:21:00 AM,35,CLEAR,DAYLIGHT,REAR END,DIVIDED - W/MEDIAN BARRIER,NO CONTROLS,FAILING TO YIELD RIGHT-OF-WAY,IMPROPER LANE USAGE,0,0,0,0,8,2,3,805,STATE ST,41.747016,-87.715498,03/27/2017 09:28:00 AM,2017
CR00001000,05/14/2023 06:36:00 PM,30,CLEAR,DAYLIGHT,SIDESWIPE SAME DIRECTION,DIVIDED - W/MEDIAN (NOT RAISED),NO CONTROLS,DISREGARDING TRAFFIC SIGNALS,UNABLE TO DETERMINE,0,0,0,0,18,1,5,2093,MILWAUKEE AVE,41.892371,-87.648726,05/14/2023 08:19:00 PM,2023
CR00001001,11/05/2021 08:39:00 PM,20,CLEAR,DAYLIGHT,REAR END,NOT DIVIDED,TRAFFIC SIGNAL,UNABLE TO DETERMINE,FOLLOWING TOO CLOSELY,0,0,0,0,20,6,11,1561,KEDZIE AVE,41.888426,-87.837644,11/05/2021 08:52:00 PM,2021
CR00001002,05/04/2023 07:13:00 AM,45,CLEAR,DARKNESS - LIGHTED ROAD,TURNING,DIVIDED - W/MEDIAN BARRIER,NO CONTROLS,FOLLOWING TOO CLOSELY,FOLLOWING TOO CLOSELY,0,0,0,0,7,5,5,515,ELSTON AVE,41.719807,-87.631869,05/04/2023 07:54:00 AM,2023
CR00001003,10/16/2016 07:10:00 AM,40,RAIN,DARKNESS - LIGHTED ROAD,ANGLE,DIVIDED - W/MEDIAN BARRIER,NO CONTROLS,FAILING TO REDUCE SPEED,NOT APPLICABLE,0,0,0,0,7,1,10,1121,ASHLAND AVE,41.859692,-87.633599,10/16/2016 07:31:00 AM,2016
CR00001004,06/12/2022 07:58:00 AM,35,CLEAR,DARKNESS - LIGHTED ROAD,REAR END,T-INTERSECTION,NO CONTROLS,IMPROPER LANE USAGE,FAILING TO REDUCE SPEED,0,0,0,0,7,1,6,1584,CALIFORNIA AVE,41.926702,-87.80254,06/12/2022 08:47:00 AM,2022
CR00001005,07/23/2021 04:11:00 PM,45,CLEAR,DAYLIGHT,REAR END,DIVIDED - W/MEDIAN (NOT RAISED),NO CONTROLS,UNABLE TO DETERMINE,UNABLE TO DETERMINE,0,0,0,0,16,6,7,1329,63RD ST,41.705957,-87.677882,07/23/2021 05:37:00 PM,2021
CR00001006,06/01/2019 07:07:00 AM,20,CLEAR,DARKNESS - LIGHTED ROAD,ANGLE,NOT DIVIDED,STOP SIGN/FLASHER,IMPROPER LANE USAGE,FAILING TO YIELD RIGHT-OF-WAY,0,0,1,1,7,7,6,792,ARCHER AVE,41.787705,-87.572526,06/01/2019 08:48:00 AM,2019
CR00001007,07/18/2024 09:12:00 AM,35,CLEAR,DAYLIGHT,REAR END,FOUR WAY,NO CONTROLS,FAILING TO REDUCE SPEED,FOLLOWING TOO CLOSELY,0,0,0,0,9,5,7,1177,CALIFORNIA AVE,41.994611,-87.533502,07/18/2024 09:16:00 AM,2024
CR00001008,11/09/2019 11:02:00 AM,20,CLEAR,DARKNESS - LIGHTED ROAD,REAR END,NOT DIVIDED,STOP SIGN/FLASHER,UNABLE TO DETERMINE,DISREGARDING TRAFFIC SIGNALS,0,0,0,0,11,7,11,2449,WESTERN AVE,41.998529,-87.620157,11/09/2019 12:27:00 PM,2019
CR00001009,05/24/2018 12:12:00 PM,35,CLEAR,DARKNESS,TURNING,NOT DIVIDED,TRAFFIC SIGNAL,DISREGARDING TRAFFIC SIGNALS,FOLLOWING TOO CLOSELY,0,1,2,3,12,5,5,2362,KEDZIE AVE,41.80069,-87.568899,05/24/2018 02:02:00 PM,2018
CR00001010,06/25/2020 10:17:00 AM,30,CLEAR,DAYLIGHT,REAR END,NOT DIVIDED,YIELD,UNABLE TO DETERMINE,FOLLOWING TOO CLOSELY,0,0,0,0,10,5,6,404,STONY ISLAND AVE,41.834962,-87.614867,06/25/2020 12:01:00 PM,2020
CR00001011,03/10/2019 04:09:00 AM,15,CLOUDY/OVERCAST,DAYLIGHT,REAR TO FRONT,DIVIDED - W/MEDIAN (NOT RAISED),STOP SIGN/FLASHER,UNABLE TO DETERMINE,UNABLE TO DETERMINE,0,0,0,0,4,1,3,2486,79TH ST,41.771084,-87.819415,03/10/2019 04:19:00 AM,2019
CR00001012,10/09/2024 02:40:00 PM,20,CLEAR,DAYLIGHT,PEDESTRIAN,NOT DIVIDED,NO CONTROLS,FAILING TO YIELD RIGHT-OF-WAY,NOT APPLICABLE,0,0,1,1,14,4,10,1054,KEDZIE AVE,41.911244,-87.780168,10/09/2024 04:16:00 PM,2024
CR00001013,07/24/2015 06:05:00 PM,30,CLOUDY/OVERCAST,DARKNESS - LIGHTED ROAD,PARKED MOTOR VEHICLE,DIVIDED - W/MEDIAN BARRIER,NO CONTROLS,IMPROPER OVERTAKING/PASSING,FOLLOWING TOO CLOSELY,0,0,0,0,18,6,7,2524,PULASKI RD,41.887636,-87.782576,07/24/2015 07:50:00 PM,2015
CR00001014,12/18/2019 08:32:00 AM,40,RAIN,DAYLIGHT,FIXED OBJECT,NOT DIVIDED,UNKNOWN,WEATHER,UNABLE TO DETERMINE,0,0,0,0,8,4,12,870,STONY ISLAND AVE,41.752755,-87.780798,12/18/2019 08:51:00 AM,2019
CR00001015,07/07/2024 11:48:00 AM,30,CLEAR,DAYLIGHT,SIDESWIPE SAME DIRECTION,DIVIDED - W/MEDIAN (NOT RAISED),UNKNOWN,FOLLOWING TOO CLOSELY,DRIVING SKILLS/KNOWLEDGE/EXPERIENCE,0,0,3,3,11,1,7,128,79TH ST,41.789016,-87.705701,07/07/2024 01:10:00 PM,2024
CR00001016,12/26/2024 06:16:00 PM,30,CLOUDY/OVERCAST,DAYLIGHT,PARKED MOTOR VEHICLE,T-INTERSECTION,TRAFFIC SIGNAL,UNABLE TO DETERMINE,FAILING TO REDUCE SPEED,0,0,0,0,18,5,12,1926,WESTERN AVE,41.748379,-87.828433,12/26/2024 07:20:00 PM,2024
CR00001017,05/07/2023 06:05:00 PM,45,SNOW,DAYLIGHT,ANGLE,NOT DIVIDED,UNKNOWN,FOLLOWING TOO CLOSELY,IMPROPER OVERTAKING/PASSING,0,0,0,0,18,1,5,1566,ROOSEVELT RD,41.931416,-87.529933,05/07/2023 07:35:00 PM,2023
CR00001018,02/04/2024 03:23:00 PM,30,CLEAR,DARKNESS - LIGHTED ROAD,REAR END,NOT DIVIDED,UNKNOWN,FAILING TO YIELD RIGHT-OF-WAY,FAILING TO YIELD RIGHT-OF-WAY,0,0,0,0,15,1,2,2004,CALIFORNIA AVE,41.929024,-87.740284,02/04/2024 04:59:00 PM,2024
CR00001019,08/21/2018 08:54:00 PM,35,CLEAR,DAYLIGHT,REAR END,DIVIDED - W/MEDIAN (NOT RAISED),TRAFFIC SIGNAL,DISTRACTION - FROM INSIDE VEHICLE,UNABLE TO DETERMINE,0,0,2,2,20,3,8,1736,ARCHER AVE,41.835653,-87.800271,08/21/2018 10:31:00 PM,2018
CR00001020,02/27/2015 02:50:00 PM,30,CLEAR,DAYLIGHT,REAR END,ONE-WAY,TRAFFIC SIGNAL,UNABLE TO DETERMINE,FOLLOWING TOO CLOSELY,0,0,1,1,14,6,2,2350,STATE ST,41.728454,-87.713048,02/27/2015 03:10:00 PM,2015
CR00001021,07/21/2017 08:31:00 AM,25,CLEAR,DARKNESS,REAR END,DIVIDED - W/MEDIAN (NOT RAISED),NO CONTROLS,UNABLE TO DETERMINE,FOLLOWING TOO CLOSELY,0,0,0,0,8,6,7,2052,DIVISION ST,41.849741,-87.697712,07/21/2017 10:21:00 AM,2017
CR00001022,03/31/2018 07:15:00 AM,15,CLEAR,DARKNESS - LIGHTED ROAD,REAR END,DIVIDED - W/MEDIAN (NOT RAISED),STOP SIGN/FLASHER,FOLLOWING TOO CLOSELY,FAILING TO REDUCE SPEED,0,0,0,0,7,7,3,1857,DIVISION ST,41.848269,-87.774259,03/31/2018 08:18:00 AM,2018
CR00001023,05/14/2016 05:08:00 PM,25,CLEAR,DARKNESS - LIGHTED ROAD,ANGLE,NOT DIVIDED,NO CONTROLS,IMPROPER OVERTAKING/PASSING,FAILING TO YIELD RIGHT-OF-WAY,0,0,0,0,17,7,5,1808,MICHIGAN AVE,41.802329,-87.719326,05/14/2016 06:37:00 PM,2016
CR00001024,05/07/2017 11:44:00 AM,35,CLEAR,DARKNESS - LIGHTED ROAD,TURNING,ONE-WAY,TRAFFIC SIGNAL,FAILING TO REDUCE SPEED,UNABLE TO DETERMINE,0,0,0,0,11,1,5,620,MILWAUKEE AVE,41.961562,-87.740612,05/07/2017 01:42:00 PM,2017
CR00001025,10/07/2023 05:36:00 PM,35,CLEAR,DAYLIGHT,ANGLE,NOT DIVIDED,TRAFFIC SIGNAL,DISREGARDING TRAFFIC SIGNALS,UNABLE TO DETERMINE,0,0,1,1,17,7,10,1417,CICERO AVE,41.943997,-87.762815,10/07/2023 06:49:00 PM,2023
CR00001026,12/07/2020 03:29:00 PM,20,CLEAR,DAYLIGHT,REAR TO FRONT,NOT DIVIDED,PEDESTRIAN CROSSING SIGN,FOLLOWING TOO CLOSELY,FAILING TO REDUCE SPEED,0,0,0,0,15,2,12,686,ARCHER AVE,41.967273,-87.514605,12/07/2020 04:04:00 PM,2020
CR00001027,07/04/2024 08:03:00 PM,45,CLEAR,DARKNESS - LIGHTED ROAD,REAR END,NOT DIVIDED,TRAFFIC SIGNAL,IMPROPER OVERTAKING/PASSING,FOLLOWING TOO CLOSELY,0,0,0,0,20,5,7,2296,KEDZIE AVE,41.767,-87.848931,07/04/2024 08:49:00 PM,2024
CR00001028,03/29/2024 09:41:00 PM,15,CLOUDY/OVERCAST,DAYLIGHT,ANGLE,ONE-WAY,NO CONTROLS,FOLLOWING TOO CLOSELY,NOT APPLICABLE,0,0,0,0,21,6,3,1640,DAMEN AVE,41.977113,-87.638222,03/29/2024 10:19:00 PM,2024
CR00001029,11/09/2022 10:54:00 PM,15,SNOW,DARKNESS - LIGHTED ROAD,REAR TO FRONT,DIVIDED - W/MEDIAN (NOT RAISED),NO CONTROLS,FAILING TO YIELD RIGHT-OF-WAY,IMPROPER OVERTAKING/PASSING,0,0,0,0,22,4,11,704,CALIFORNIA AVE,41.778296,-87.799579,11/09/2022 10:58:00 PM,2022
CR00001030,01/07/2022 12:35:00 PM,30,CLEAR,DAYLIGHT,REAR END,DIVIDED - W/MEDIAN BARRIER,STOP SIGN/FLASHER,IMPROPER OVERTAKING/PASSING,FOLLOWING TOO CLOSELY,0,0,0,0,12,6,1,767,FULLERTON AVE,41.833242,-87.74007,01/07/2022 02:35:00 PM,2022
CR00001031,06/10/2016 11:01:00 AM,25,CLEAR,DUSK,TURNING,ONE-WAY,NO CONTROLS,DISTRACTION - FROM INSIDE VEHICLE,FAILING TO YIELD RIGHT-OF-WAY,0,0,0,0,11,6,6,1426,BROADWAY,41.960321,-87.656599,06/10/2016 11:49:00 AM,2016
CR00001032,12/30/2016 11:39:00 AM,25,CLEAR,DAYLIGHT,REAR END,NOT DIVIDED,NO CONTROLS,UNABLE TO DETERMINE,DRIVING SKILLS/KNOWLEDGE/EXPERIENCE,0,2,3,5,11,6,12,769,47TH ST,41.711814,-87.670902,12/30/2016 01:12:00 PM,2016
CR00001033,08/20/2017 05:48:00 AM,20,CLEAR,DAYLIGHT,ANGLE,NOT DIVIDED,TRAFFIC SIGNAL,FAILING TO YIELD RIGHT-OF-WAY,DISTRACTION - FROM INSIDE VEHICLE,0,0,0,0,5,1,8,1721,47TH ST,41.807124,-87.821594,08/20/2017 06:32:00 AM,2017
CR00001034,09/26/2016 04:52:00 PM,30,CLEAR,DAYLIGHT,REAR END,FOUR WAY,STOP SIGN/FLASHER,DRIVING SKILLS/KNOWLEDGE/EXPERIENCE,UNABLE TO DETERMINE,0,0,0,0,16,2,9,314,79TH ST,41.762176,-87.794329,09/26/2016 06:30:00 PM,2016
CR00001035,06/14/2024 06:14:00 PM,25,CLEAR,DAYLIGHT,SIDESWIPE SAME DIRECTION,DIVIDED - W/MEDIAN (NOT RAISED),YIELD,DISTRACTION - FROM INSIDE VEHICLE,DISTRACTION - FROM INSIDE VEHICLE,0,0,0,0,18,6,6,1721,WESTERN AVE,41.712653,-87.584515,06/14/2024 06:34:00 PM,2024
CR00001036,09/20/2020 08:18:00 PM,20,CLEAR,DAYLIGHT,PARKED MOTOR VEHICLE,NOT DIVIDED,NO CONTROLS,UNABLE TO DETERMINE,IMPROPER LANE USAGE,0,0,0,0,20,1,9,2113,WESTERN AVE,41.900893,-87.606006,09/20/2020 09:29:00 PM,2020
CR00001037,12/02/2018 06:05:00 PM,35,CLEAR,DAYLIGHT,ANGLE,NOT DIVIDED,STOP SIGN/FLASHER,DISREGARDING TRAFFIC SIGNALS,DISTRACTION - FROM INSIDE VEHICLE,0,0,0,0,18,1,12,1252,STATE ST,41.810435,-87.535497,12/02/2018 06:27:00 PM,2018
CR00001038,03/28/2021 12:32:00 PM,30,CLEAR,DAYLIGHT,SIDESWIPE SAME DIRECTION,DIVIDED - W/MEDIAN (NOT RAISED),NO CONTROLS,DISTRACTION - FROM INSIDE VEHICLE,FOLLOWING TOO CLOSELY,0,0,0,0,12,1,3,1949,WESTERN AVE,41.950447,-87.58604,03/28/2021 01:05:00 PM,2021
CR00001039,12/30/2019 05:41:00 PM,15,CLEAR,DAYLIGHT,REAR TO FRONT,NOT DIVIDED,NO CONTROLS,WEATHER,IMPROPER LANE USAGE,0,0,0,0,17,2,12,1323,47TH ST,41.931005,-87.778393,12/30/2019 05:56:00 PM,2019
CR00001040,07/24/2022 08:56:00 AM,30,RAIN,DAYLIGHT,REAR END,ONE-WAY,NO CONTROLS,FOLLOWING TOO CLOSELY,UNABLE TO DETERMINE,0,0,0,0,8,1,7,986,STONY ISLAND AVE,41.791011,-87.687677,07/24/2022 10:19:00 AM,2022
CR00001041,08/25/2024 11:13:00 AM,35,RAIN,DUSK,REAR END,ONE-WAY,TRAFFIC SIGNAL,DRIVING SKILLS/KNOWLEDGE/EXPERIENCE,IMPROPER LANE USAGE,0,0,0,0,11,1,8,1268,63RD ST,41.915983,-87.598011,08/25/2024 12:12:00 PM,2024
CR00001042,08/12/2024 09:04:00 AM,15,CLEAR,DAYLIGHT,REAR END,NOT DIVIDED,TRAFFIC SIGNAL,FAILING TO YIELD RIGHT-OF-WAY,DISREGARDING TRAFFIC SIGNALS,0,0,0,0,9,2,8,2426,STONY ISLAND AVE,41.965324,-87.551562,08/12/2024 10:24:00 AM,2024
CR00001043,02/03/2016 03:23:00 AM,30,CLEAR,DAYLIGHT,TURNING,FOUR WAY,NO CONTROLS,FOLLOWING TOO CLOSELY,WEATHER,0,0,0,0,3,4,2,243,ASHLAND AVE,41.757236,-87.701892,02/03/2016 05:16:00 AM,2016
CR00001044,05/22/2018 07:16:00 AM,30,CLEAR,DARKNESS - LIGHTED ROAD,REAR TO FRONT,DIVIDED - W/MEDIAN BARRIER,NO CONTROLS,IMPROPER OVERTAKING/PASSING,UNABLE TO DETERMINE,0,0,0,0,7,3,5,158,ASHLAND AVE,41.979674,-87.505851,05/22/2018 09:14:00 AM,2018
CR00001045,12/19/2015 07:15:00 PM,30,CLEAR,DARKNESS,ANGLE,ONE-WAY,NO CONTROLS,DISREGARDING TRAFFIC SIGNALS,FAILING TO REDUCE SPEED,0,0,0,0,19,7,12,727,KEDZIE AVE,41.965932,-87.606778,12/19/2015 07:50:00 PM,2015
CR00001046,09/24/2015 01:43:00 PM,35,CLEAR,DAYLIGHT,ANGLE,NOT DIVIDED,STOP SIGN/FLASHER,UNABLE TO DETERMINE,WEATHER,0,0,0,0,13,5,9,1250,47TH ST,41.711148,-87.698629,09/24/2015 02:43:00 PM,2015
CR00001047,02/27/2018 07:30:00 PM,30,CLEAR,DARKNESS,TURNING,NOT DIVIDED,STOP SIGN/FLASHER,UNABLE TO DETERMINE,NOT APPLICABLE,0,0,0,0,19,3,2,2406,DAMEN AVE,41.780185,-87.615065,02/27/2018 09:22:00 PM,2018
CR00001048,04/08/2021 06:31:00 PM,35,CLEAR,DAYLIGHT,TURNING,FOUR WAY,TRAFFIC SIGNAL,DISREGARDING TRAFFIC SIGNALS,DRIVING SKILLS/KNOWLEDGE/EXPERIENCE,0,0,1,1,18,5,4,2314,HALSTED ST,41.80921,-87.640683,04/08/2021 07:30:00 PM,2021
CR00001049,08/06/2018 07:40:00 PM,30,FREEZING RAIN/DRIZZLE,DAYLIGHT,REAR END,DIVIDED - W/MEDIAN BARRIER,YIELD,IMPROPER OVERTAKING/PASSING,FAILING TO REDUCE SPEED,0,0,0,0,19,2,8,2321,DAMEN AVE,41.752189,-87.709377,08/06/2018 08:40:00 PM,2018
CR00001050,01/15/2019 02:05:00 PM,35,CLEAR,DUSK,ANGLE,DIVIDED - W/MEDIAN BARRIER,NO CONTROLS,UNABLE TO DETERMINE,FOLLOWING TOO CLOSELY,0,0,0,0,14,3,1,2174,79TH ST,41.965432,-87.733519,01/15/2019 02:51:00 PM,2019
CR00001051,08/17/2016 05:21:00 PM,45,CLEAR,DAYLIGHT,FIXED OBJECT,DIVIDED - W/MEDIAN (NOT RAISED),NO CONTROLS,FAILING TO YIELD RIGHT-OF-WAY,NOT APPLICABLE,0,0,0,0,17,4,8,558,OGDEN AVE,41.949604,-87.7942,08/17/2016 07:04:00 PM,2016
CR00001052,02/06/2021 02:33:00 AM,25,CLOUDY/OVERCAST,DAYLIGHT,FIXED OBJECT,DIVIDED - W/MEDIAN BARRIER,TRAFFIC SIGNAL,IMPROPER OVERTAKING/PASSING,UNABLE TO DETERMINE,0,0,0,0,2,7,2,1433,ROOSEVELT RD,41.701212,-87.522923,02/06/2021 03:59:00 AM,2021
CR00001053,05/19/2024 09:23:00 PM,30,RAIN,DAYLIGHT,REAR TO FRONT,DIVIDED - W/MEDIAN (NOT RAISED),UNKNOWN,DISREGARDING TRAFFIC SIGNALS,UNABLE TO DETERMINE,0,0,0,0,21,1,5,1024,79TH ST,41.818488,-87.620088,05/19/2024 10:14:00 PM,2024
CR00001054,03/22/2022 02:09:00 PM,20,CLOUDY/OVERCAST,DAYLIGHT,SIDESWIPE SAME DIRECTION,T-INTERSECTION,TRAFFIC SIGNAL,FOLLOWING TOO CLOSELY,NOT APPLICABLE,0,0,3,3,14,3,3,957,ELSTON AVE,41.939981,-87.676679,03/22/2022 04:07:00 PM,2022
CR00001055,02/27/2022 06:52:00 AM,25,FREEZING RAIN/DRIZZLE,DARKNESS,REAR END,NOT DIVIDED,NO CONTROLS,IMPROPER OVERTAKING/PASSING,UNABLE TO DETERMINE,0,0,0,0,6,1,2,1828,ARCHER AVE,41.704866,-87.746476,02/27/2022 07:19:00 AM,2022
CR00001056,06/02/2022 01:00:00 PM,30,CLEAR,DARKNESS - LIGHTED ROAD,PARKED MOTOR VEHICLE,ONE-WAY,STOP SIGN/FLASHER,IMPROPER LANE USAGE,IMPROPER LANE USAGE,0,0,0,0,13,5,6,271,63RD ST,41.790065,-87.714288,06/02/2022 01:27:00 PM,2022
CR00001057,07/05/2020 02:31:00 AM,35,FOG/SMOKE/HAZE,DARKNESS - LIGHTED ROAD,REAR TO FRONT,NOT DIVIDED,TRAFFIC SIGNAL,FAILING TO REDUCE SPEED,IMPROPER LANE USAGE,0,0,0,0,2,1,7,1537,63RD ST,41.709312,-87.604779,07/05/2020 04:22:00 AM,2020
CR00001058,07/01/2020 01:24:00 AM,30,CLEAR,DAYLIGHT,REAR END,NOT DIVIDED,UNKNOWN,FAILING TO REDUCE SPEED,DISTRACTION - FROM INSIDE VEHICLE,0,0,0,0,1,4,7,485,CALIFORNIA AVE,41.846235,-87.532944,07/01/2020 02:25:00 AM,2020
CR00001059,04/05/2019 07:21:00 PM,40,FREEZING RAIN/DRIZZLE,DARKNESS,TURNING,NOT DIVIDED,STOP SIGN/FLASHER,FAILING TO YIELD RIGHT-OF-WAY,UNABLE TO DETERMINE,0,0,0,0,19,6,4,142,63RD ST,41.9952,-87.83798,04/05/2019 08:01:00 PM,2019
CR00001060,06/09/2016 04:55:00 PM,40,CLEAR,DAYLIGHT,SIDESWIPE SAME DIRECTION,DIVIDED - W/MEDIAN BARRIER,STOP SIGN/FLASHER,FAILING TO YIELD RIGHT-OF-WAY,NOT APPLICABLE,0,0,0,0,16,5,6,2294,79TH ST,41.708471,-87.672797,06/09/2016 05:04:00 PM,2016
CR00001061,02/14/2023 03:16:00 AM,35,CLEAR,DAYLIGHT,REAR END,NOT DIVIDED,STOP SIGN/FLASHER,FOLLOWING TOO CLOSELY,FAILING TO YIELD RIGHT-OF-WAY,0,0,0,0,3,3,2,549,63RD ST,41.909465,-87.678115,02/14/2023 05:12:00 AM,2023
CR00001062,09/26/2016 11:04:00 PM,25,FREEZING RAIN/DRIZZLE,DAYLIGHT,REAR END,NOT DIVIDED,NO CONTROLS,UNABLE TO DETERMINE,FOLLOWING TOO CLOSELY,0,0,0,0,23,2,9,2490,LAKE SHORE DR,41.845874,-87.848008,09/27/2016 12:44:00 AM,2016
CR00001063,07/25/2017 06:28:00 PM,45,CLEAR,DAYLIGHT,ANGLE,DIVIDED - W/MEDIAN (NOT RAISED),UNKNOWN,FAILING TO YIELD RIGHT-OF-WAY,UNABLE TO DETERMINE,0,0,1,1,18,3,7,2251,47TH ST,41.7396,-87.507421,07/25/2017 07:46:00 PM,2017
CR00001064,02/17/2019 05:34:00 PM,35,CLEAR,DAYLIGHT,REAR END,NOT DIVIDED,STOP SIGN/FLASHER,FAILING TO YIELD RIGHT-OF-WAY,IMPROPER OVERTAKING/PASSING,0,0,0,0,17,1,2,1743,OGDEN AVE,41.842097,-87.752384,02/17/2019 06:46:00 PM,2019
CR00001065,09/23/2017 07:07:00 AM,35,SNOW,DARKNESS - LIGHTED ROAD,TURNING,ONE-WAY,NO CONTROLS,IMPROPER OVERTAKING/PASSING,UNABLE TO DETERMINE,0,0,0,0,7,7,9,859,FULLERTON AVE,41.725913,-87.784623,09/23/2017 07:33:00 AM,2017
CR00001066,08/20/2019 07:35:00 AM,35,CLEAR,DAYLIGHT,REAR END,ONE-WAY,NO CONTROLS,UNABLE TO DETERMINE,DRIVING SKILLS/KNOWLEDGE/EXPERIENCE,0,0,0,0,7,3,8,1189,FULLERTON AVE,41.760734,-87.74488,08/20/2019 09:11:00 AM,2019