CRASH_RECORD_ID,CRASH_DATE,POSTED_SPEED_LIMIT,WEATHER_CONDITION,LIGHTING_CONDITION,FIRST_CRASH_TYPE,TRAFFICWAY_TYPE,TRAFFIC_CONTROL_DEVICE,PRIM_CONTRIBUTORY_CAUSE,SEC_CONTRIBUTORY_CAUSE,INJURIES_FATAL,INJURIES_INCAPACITATING,INJURIES_NON_INCAPACITATING,INJURIES_TOTAL,CRASH_HOUR,CRASH_DAY_OF_WEEK,CRASH_MONTH,BEAT_OF_OCCURRENCE,STREET_NAME,LATITUDE,LONGITUDE,DATE_POLICE_NOTIFIED,year
CR00001067,12/13/2020 12:19:00 AM,35,CLEAR,DAYLIGHT,REAR END,NOT DIVIDED,TRAFFIC SIGNAL,DRIVING SKILLS/KNOWLEDGE/EXPERIENCE,DISTRACTION - FROM INSIDE VEHICLE,0,0,2,2,0,1,12,2317,CICERO AVE,41.940368,-87.783967,12/13/2020 01:20:00 AM,2020
CR00001068,08/21/2016 06:08:00 PM,25,CLEAR,DARKNESS - LIGHTED ROAD,REAR TO FRONT,DIVIDED - W/MEDIAN (NOT RAISED),STOP SIGN/FLASHER,FAILING TO YIELD RIGHT-OF-WAY,UNABLE TO DETERMINE,0,0,2,2,18,1,8,1175,DAMEN AVE,41.854015,-87.504423,08/21/2016 07:21:00 PM,2016
CR00001069,09/02/2015 07:27:00 PM,30,CLEAR,DAYLIGHT,PARKED MOTOR VEHICLE,NOT DIVIDED,YIELD,UNABLE TO DETERMINE,IMPROPER OVERTAKING/PASSING,0,0,0,0,19,4,9,2187,DAMEN AVE,41.796146,-87.71188,09/02/2015 07:52:00 PM,2015
CR00001070,03/31/2022 07:40:00 PM,20,CLEAR,DARKNESS - LIGHTED ROAD,REAR END,DIVIDED - W/MEDIAN (NOT RAISED),NO CONTROLS,DRIVING SKILLS/KNOWLEDGE/EXPERIENCE,UNABLE TO DETERMINE,0,0,0,0,19,5,3,696,IRVING PARK RD,41.879694,-87.74933,03/31/2022 09:19:00 PM,2022
CR00001071,03/12/2022 02:23:00 AM,30,CLEAR,DARKNESS - LIGHTED ROAD,PARKED MOTOR VEHICLE,DIVIDED - W/MEDIAN (NOT RAISED),NO CONTROLS,IMPROPER OVERTAKING/PASSING,DRIVING SKILLS/KNOWLEDGE/EXPERIENCE,0,0,0,0,2,7,3,2097,BROADWAY,41.78425,-87.622442,03/12/2022 04:21:00 AM,2022
CR00001072,06/30/2023 11:44:00 PM,45,CLEAR,DARKNESS - LIGHTED ROAD,TURNING,NOT DIVIDED,UNKNOWN,IMPROPER OVERTAKING/PASSING,FOLLOWING TOO CLOSELY,0,0,0,0,23,6,6,2282,OGDEN AVE,41.868056,-87.611236,07/01/2023 01:01:00 AM,2023
CR00001073,11/29/2021 05:04:00 PM,45,CLEAR,DAYLIGHT,SIDESWIPE SAME DIRECTION,DIVIDED - W/MEDIAN (NOT RAISED),NO CONTROLS,IMPROPER LANE USAGE,UNABLE TO DETERMINE,0,0,0,0,17,2,11,1527,CLARK ST,41.780463,-87.755062,11/29/2021 05:41:00 PM,2021
CR00001074,02/24/2017 10:21:00 PM,30,FREEZING RAIN/DRIZZLE,DARKNESS - LIGHTED ROAD,REAR END,T-INTERSECTION,UNKNOWN,FOLLOWING TOO CLOSELY,UNABLE TO DETERMINE,0,0,0,0,22,6,2,1580,47TH ST,41.823462,-87.757631,02/24/2017 11:16:00 PM,2017
CR00001075,02/01/2021 04:20:00 PM,30,RAIN,DAYLIGHT,REAR END,FOUR WAY,STOP SIGN/FLASHER,FOLLOWING TOO CLOSELY,UNABLE TO DETERMINE,0,0,0,0,16,2,2,2135,ARCHER AVE,41.838807,-87.667961,02/01/2021 04:36:00 PM,2021
CR00001076,10/03/2017 01:30:00 PM,25,CLEAR,DARKNESS - LIGHTED ROAD,REAR END,NOT DIVIDED,NO CONTROLS,FAILING TO YIELD RIGHT-OF-WAY,NOT APPLICABLE,0,0,0,0,13,3,10,2355,BROADWAY,41.979745,-87.689322,10/03/2017 02:14:00 PM,2017
CR00001077,01/14/2015 04:12:00 AM,35,CLEAR,DAYLIGHT,REAR END,DIVIDED - W/MEDIAN (NOT RAISED),STOP SIGN/FLASHER,IMPROPER OVERTAKING/PASSING,IMPROPER LANE USAGE,0,0,3,3,4,4,1,542,LAKE SHORE DR,41.875075,-87.753018,01/14/2015 05:25:00 AM,2015
CR00001078,11/26/2019 12:20:00 PM,15,CLEAR,DAYLIGHT,SIDESWIPE SAME DIRECTION,NOT DIVIDED,STOP SIGN/FLASHER,DRIVING SKILLS/KNOWLEDGE/EXPERIENCE,FOLLOWING TOO CLOSELY,0,0,0,0,12,3,11,621,ASHLAND AVE,41.754331,-87.723533,11/26/2019 02:03:00 PM,2019
CR00001079,05/02/2023 06:27:00 PM,20,CLEAR,DARKNESS - LIGHTED ROAD,PEDESTRIAN,NOT DIVIDED,NO CONTROLS,FAILING TO YIELD RIGHT-OF-WAY,FOLLOWING TOO CLOSELY,0,0,0,0,18,3,5,1044,MICHIGAN AVE,41.967393,-87.651701,05/02/2023 06:29:00 PM,2023
CR00001080,12/07/2021 05:36:00 PM,25,CLEAR,DARKNESS - LIGHTED ROAD,PARKED MOTOR VEHICLE,DIVIDED - W/MEDIAN (NOT RAISED),YIELD,UNABLE TO DETERMINE,UNABLE TO DETERMINE,0,0,0,0,17,3,12,1669,KEDZIE AVE,41.978355,-87.726257,12/07/2021 06:07:00 PM,2021
CR00001081,01/27/2021 05:01:00 PM,35,CLEAR,DAYLIGHT,TURNING,FOUR WAY,NO CONTROLS,UNABLE TO DETERMINE,NOT APPLICABLE,0,0,1,1,17,4,1,1002,STATE ST,41.942865,-87.806403,01/27/2021 05:33:00 PM,2021
CR00001082,03/15/2016 12:15:00 AM,35,CLEAR,DAYLIGHT,SIDESWIPE SAME DIRECTION,NOT DIVIDED,NO CONTROLS,FAILING TO YIELD RIGHT-OF-WAY,FAILING TO REDUCE SPEED,0,0,0,0,0,3,3,1919,CALIFORNIA AVE,41.830558,-87.548687,03/15/2016 02:04:00 AM,2016
CR00001083,09/07/2016 07:56:00 PM,30,CLEAR,DARKNESS,ANGLE,DIVIDED - W/MEDIAN (NOT RAISED),TRAFFIC SIGNAL,FOLLOWING TOO CLOSELY,FOLLOWING TOO CLOSELY,0,0,0,0,19,4,9,184,LAKE SHORE DR,41.884516,-87.716943,09/07/2016 09:06:00 PM,2016
CR00001084,09/09/2020 05:24:00 PM,35,CLEAR,DAYLIGHT,SIDESWIPE SAME DIRECTION,DIVIDED - W/MEDIAN (NOT RAISED),TRAFFIC SIGNAL,FOLLOWING TOO CLOSELY,FOLLOWING TOO CLOSELY,0,0,3,3,17,4,9,1290,MICHIGAN AVE,41.951082,-87.610853,09/09/2020 05:46:00 PM,2020
CR00001085,04/04/2019 05:56:00 PM,20,CLEAR,DARKNESS,REAR END,DIVIDED - W/MEDIAN (NOT RAISED),STOP SIGN/FLASHER,FAILING TO YIELD RIGHT-OF-WAY,FAILING TO YIELD RIGHT-OF-WAY,0,0,0,0,17,5,4,1660,WESTERN AVE,41.707283,-87.522657,04/04/2019 06:28:00 PM,2019
CR00001086,07/03/2020 02:46:00 PM,30,CLEAR,DAYLIGHT,SIDESWIPE SAME DIRECTION,ONE-WAY,NO CONTROLS,UNABLE TO DETERMINE,UNABLE TO DETERMINE,0,0,0,0,14,6,7,2498,79TH ST,41.827241,-87.696923,07/03/2020 03:31:00 PM,2020
CR00001087,10/19/2020 05:33:00 PM,25,CLEAR,DARKNESS - LIGHTED ROAD,FIXED OBJECT,ONE-WAY,NO CONTROLS,FOLLOWING TOO CLOSELY,UNABLE TO DETERMINE,0,0,1,1,17,2,10,2251,STATE ST,41.714394,-87.769997,10/19/2020 07:04:00 PM,2020
CR00001088,01/30/2020 07:18:00 AM,30,CLEAR,DAYLIGHT,REAR END,ONE-WAY,NO CONTROLS,UNABLE TO DETERMINE,NOT APPLICABLE,0,0,0,0,7,5,1,477,DIVISION ST,41.830768,-87.545147,01/30/2020 07:42:00 AM,2020
CR00001089,08/02/2015 04:41:00 PM,25,CLEAR,DAYLIGHT,REAR END,FOUR WAY,UNKNOWN,UNABLE TO DETERMINE,UNABLE TO DETERMINE,0,0,1,1,16,1,8,515,STATE ST,41.786473,-87.685413,08/02/2015 05:36:00 PM,2015
CR00001090,03/01/2024 08:11:00 PM,25,CLEAR,DARKNESS - LIGHTED ROAD,REAR END,NOT DIVIDED,NO CONTROLS,FOLLOWING TOO CLOSELY,NOT APPLICABLE,0,0,0,0,20,6,3,803,IRVING PARK RD,41.933718,-87.656296,03/01/2024 08:59:00 PM,2024
CR00001091,01/20/2018 03:52:00 PM,25,CLEAR,DARKNESS - LIGHTED ROAD,REAR END,NOT DIVIDED,NO CONTROLS,IMPROPER LANE USAGE,NOT APPLICABLE,0,0,0,0,15,7,1,1604,FULLERTON AVE,41.851353,-87.830102,01/20/2018 04:10:00 PM,2018
CR00001092,10/13/2023 10:29:00 AM,25,RAIN,DARKNESS - LIGHTED ROAD,REAR TO FRONT,NOT DIVIDED,NO CONTROLS,FAILING TO YIELD RIGHT-OF-WAY,UNABLE TO DETERMINE,0,0,0,0,10,6,10,102,CLARK ST,41.752544,-87.811543,10/13/2023 11:01:00 AM,2023
CR00001093,03/02/2020 03:51:00 PM,35,CLEAR,DAYLIGHT,PARKED MOTOR VEHICLE,ONE-WAY,TRAFFIC SIGNAL,IMPROPER LANE USAGE,IMPROPER LANE USAGE,0,0,0,0,15,2,3,1759,IRVING PARK RD,41.926278,-87.657389,03/02/2020 05:24:00 PM,2020
CR00001094,10/26/2017 03:59:00 PM,15,CLEAR,DAYLIGHT,PARKED MOTOR VEHICLE,DIVIDED - W/MEDIAN (NOT RAISED),NO CONTROLS,UNABLE TO DETERMINE,IMPROPER LANE USAGE,0,0,0,0,15,5,10,1789,BROADWAY,41.850946,-87.675096,10/26/2017 05:43:00 PM,2017
CR00001095,03/20/2019 10:23:00 AM,35,FREEZING RAIN/DRIZZLE,DARKNESS - LIGHTED ROAD,REAR TO FRONT,NOT DIVIDED,TRAFFIC SIGNAL,IMPROPER LANE USAGE,NOT APPLICABLE,0,0,0,0,10,4,3,672,79TH ST,41.846166,-87.587391,03/20/2019 10:51:00 AM,2019
CR00001096,11/26/2023 10:25:00 AM,30,CLEAR,DAYLIGHT,TURNING,DIVIDED - W/MEDIAN BARRIER,TRAFFIC SIGNAL,FAILING TO YIELD RIGHT-OF-WAY,NOT APPLICABLE,0,0,0,0,10,1,11,938,CALIFORNIA AVE,41.704913,-87.770525,11/26/2023 11:22:00 AM,2023
CR00001097,06/18/2016 01:03:00 PM,30,CLEAR,DAYLIGHT,TURNING,DIVIDED - W/MEDIAN (NOT RAISED),TRAFFIC SIGNAL,DISTRACTION - FROM INSIDE VEHICLE,NOT APPLICABLE,0,0,0,0,13,7,6,1875,CICERO AVE,41.743661,-87.625992,06/18/2016 01:16:00 PM,2016
CR00001098,09/16/2021 10:22:00 AM,40,CLEAR,DAYLIGHT,REAR END,NOT DIVIDED,YIELD,FAILING TO REDUCE SPEED,DRIVING SKILLS/KNOWLEDGE/EXPERIENCE,0,1,0,1,10,5,9,1204,PULASKI RD,41.805745,-87.782282,09/16/2021 12:21:00 PM,2021
CR00001099,04/12/2015 03:13:00 PM,45,CLEAR,DAYLIGHT,PARKED MOTOR VEHICLE,DIVIDED - W/MEDIAN (NOT RAISED),NO CONTROLS,FAILING TO YIELD RIGHT-OF-WAY,UNABLE TO DETERMINE,0,0,0,0,15,1,4,2217,FULLERTON AVE,41.81138,-87.693074,04/12/2015 03:56:00 PM,2015
CR00001100,05/20/2016 02:48:00 PM,40,CLOUDY/OVERCAST,DUSK,ANGLE,ONE-WAY,NO CONTROLS,UNABLE TO DETERMINE,NOT APPLICABLE,0,0,0,0,14,6,5,1647,MILWAUKEE AVE,41.929092,-87.837345,05/20/2016 04:28:00 PM,2016
CR00001101,05/29/2022 06:28:00 PM,30,CLEAR,DARKNESS - LIGHTED ROAD,TURNING,NOT DIVIDED,TRAFFIC SIGNAL,UNABLE TO DETERMINE,UNABLE TO DETERMINE,0,0,0,0,18,1,5,280,CLARK ST,41.890561,-87.799617,05/29/2022 08:06:00 PM,2022
CR00001102,02/19/2015 07:12:00 AM,25,CLEAR,DARKNESS - LIGHTED ROAD,ANGLE,NOT DIVIDED,NO CONTROLS,UNABLE TO DETERMINE,UNABLE TO DETERMINE,0,0,0,0,7,5,2,769,PULASKI RD,41.758099,-87.570185,02/19/2015 09:06:00 AM,2015
CR00001103,12/23/2017 07:30:00 PM,35,CLEAR,DARKNESS - LIGHTED ROAD,PEDESTRIAN,DIVIDED - W/MEDIAN (NOT RAISED),TRAFFIC SIGNAL,FOLLOWING TOO CLOSELY,IMPROPER LANE USAGE,0,0,1,1,19,7,12,2387,ELSTON AVE,41.977447,-87.677281,12/23/2017 07:41:00 PM,2017
CR00001104,12/21/2024 10:47:00 PM,45,CLEAR,DARKNESS,SIDESWIPE SAME DIRECTION,FOUR WAY,PEDESTRIAN CROSSING SIGN,FOLLOWING TOO CLOSELY,UNABLE TO DETERMINE,0,0,0,0,22,7,12,191,DAMEN AVE,41.899482,-87.665652,12/22/2024 12:13:00 AM,2024
CR00001105,06/02/2020 09:21:00 AM,30,CLEAR,DAYLIGHT,ANGLE,NOT DIVIDED,NO CONTROLS,FOLLOWING TOO CLOSELY,IMPROPER OVERTAKING/PASSING,0,0,2,2,9,3,6,727,ASHLAND AVE,41.715386,-87.642908,06/02/2020 11:04:00 AM,2020
CR00001106,10/27/2022 04:32:00 PM,30,CLEAR,DAYLIGHT,REAR END,FOUR WAY,TRAFFIC SIGNAL,DISTRACTION - FROM INSIDE VEHICLE,UNABLE TO DETERMINE,0,0,0,0,16,5,10,1385,PULASKI RD,41.922757,-87.703248,10/27/2022 05:15:00 PM,2022
CR00001107,11/20/2019 01:52:00 PM,30,CLEAR,DAYLIGHT,SIDESWIPE SAME DIRECTION,ONE-WAY,TRAFFIC SIGNAL,FAILING TO YIELD RIGHT-OF-WAY,IMPROPER LANE USAGE,0,0,0,0,13,4,11,976,BROADWAY,41.824267,-87.507574,11/20/2019 02:35:00 PM,2019
CR00001108,10/28/2019 09:18:00 AM,30,RAIN,DAYLIGHT,REAR END,NOT DIVIDED,NO CONTROLS,UNABLE TO DETERMINE,NOT APPLICABLE,0,0,0,0,9,2,10,134,HALSTED ST,41.941359,-87.732361,10/28/2019 10:35:00 AM,2019
CR00001109,01/22/2021 01:31:00 PM,15,CLEAR,DAYLIGHT,TURNING,DIVIDED - W/MEDIAN BARRIER,STOP SIGN/FLASHER,FAILING TO REDUCE SPEED,FAILING TO YIELD RIGHT-OF-WAY,0,0,1,1,13,6,1,2442,CICERO AVE,41.997551,-87.849269,01/22/2021 01:54:00 PM,2021
CR00001110,06/15/2015 07:57:00 AM,15,RAIN,DAYLIGHT,REAR END,NOT DIVIDED,TRAFFIC SIGNAL,IMPROPER OVERTAKING/PASSING,UNABLE TO DETERMINE,0,0,0,0,7,2,6,1194,FULLERTON AVE,41.729991,-87.50129,06/15/2015 08:08:00 AM,2015
CR00001111,04/08/2018 05:53:00 PM,35,RAIN,DAYLIGHT,REAR END,FOUR WAY,PEDESTRIAN CROSSING SIGN,FAILING TO REDUCE SPEED,DRIVING SKILLS/KNOWLEDGE/EXPERIENCE,0,0,0,0,17,1,4,493,LAKE SHORE DR,41.949541,-87.750444,04/08/2018 06:02:00 PM,2018
CR00001112,10/20/2021 08:44:00 AM,35,CLEAR,DAYLIGHT,ANGLE,NOT DIVIDED,NO CONTROLS,DISTRACTION - FROM INSIDE VEHICLE,FAILING TO REDUCE SPEED,0,0,0,0,8,4,10,1742,DAMEN AVE,41.818018,-87.73147,10/20/2021 09:05:00 AM,2021
CR00001113,01/19/2024 09:50:00 AM,15,RAIN,DAYLIGHT,REAR END,NOT DIVIDED,TRAFFIC SIGNAL,UNABLE TO DETERMINE,UNABLE TO DETERMINE,0,0,2,2,9,6,1,400,CLARK ST,41.744616,-87.795673,01/19/2024 10:01:00 AM,2024
CR00001114,08/22/2023 11:44:00 AM,20,SNOW,DARKNESS,FIXED OBJECT,ONE-WAY,UNKNOWN,IMPROPER LANE USAGE,FOLLOWING TOO CLOSELY,0,0,0,0,11,3,8,959,LAKE SHORE DR,41.771776,-87.681441,08/22/2023 12:37:00 PM,2023
CR00001115,05/11/2022 02:23:00 AM,30,CLEAR,DAYLIGHT,ANGLE,DIVIDED - W/MEDIAN (NOT RAISED),STOP SIGN/FLASHER,FAILING TO YIELD RIGHT-OF-WAY,NOT APPLICABLE,0,0,0,0,2,4,5,1425,CALIFORNIA AVE,41.757447,-87.826881,05/11/2022 02:28:00 AM,2022
CR00001116,06/28/2016 10:20:00 PM,45,CLOUDY/OVERCAST,DAYLIGHT,REAR END,NOT DIVIDED,NO CONTROLS,FAILING TO YIELD RIGHT-OF-WAY,UNABLE TO DETERMINE,0,0,0,0,22,3,6,2094,MILWAUKEE AVE,41.912215,-87.619558,06/29/2016 12:18:00 AM,2016
CR00001117,08/29/2016 02:56:00 AM,30,CLOUDY/OVERCAST,DAYLIGHT,TURNING,NOT DIVIDED,PEDESTRIAN CROSSING SIGN,UNABLE TO DETERMINE,DISTRACTION - FROM INSIDE VEHICLE,0,0,0,0,2,2,8,1577,47TH ST,41.853835,-87.676625,08/29/2016 03:32:00 AM,2016
CR00001118,11/05/2018 09:39:00 PM,40,CLEAR,DAYLIGHT,REAR END,DIVIDED - W/MEDIAN (NOT RAISED),STOP SIGN/FLASHER,DISTRACTION - FROM INSIDE VEHICLE,NOT APPLICABLE,0,0,0,0,21,2,11,2168,STATE ST,41.700821,-87.681021,11/05/2018 11:25:00 PM,2018
CR00001119,12/14/2020 01:56:00 PM,35,FREEZING RAIN/DRIZZLE,DUSK,REAR END,DIVIDED - W/MEDIAN (NOT RAISED),UNKNOWN,IMPROPER LANE USAGE,DRIVING SKILLS/KNOWLEDGE/EXPERIENCE,0,0,0,0,13,2,12,1288,ELSTON AVE,41.877146,-87.525698,12/14/2020 02:22:00 PM,2020
CR00001120,06/23/2023 02:02:00 PM,20,CLEAR,DAYLIGHT,TURNING,FOUR WAY,STOP SIGN/FLASHER,UNABLE TO DETERMINE,NOT APPLICABLE,0,0,0,0,14,6,6,1390,FULLERTON AVE,41.705374,-87.643738,06/23/2023 03:44:00 PM,2023
CR00001121,07/01/2017 02:16:00 PM,45,CLEAR,DAYLIGHT,SIDESWIPE SAME DIRECTION,NOT DIVIDED,TRAFFIC SIGNAL,UNABLE TO DETERMINE,UNABLE TO DETERMINE,0,0,0,0,14,7,7,1008,CALIFORNIA AVE,41.895616,-87.836451,07/01/2017 02:46:00 PM,2017
CR00001122,09/05/2017 01:00:00 PM,40,CLEAR,DAYLIGHT,REAR END,ONE-WAY,UNKNOWN,WEATHER,DISTRACTION - FROM INSIDE VEHICLE,0,0,0,0,13,3,9,1354,IRVING PARK RD,41.987591,-87.569163,09/05/2017 01:36:00 PM,2017
CR00001123,09/24/2021 06:03:00 PM,30,FREEZING RAIN/DRIZZLE,DAYLIGHT,SIDESWIPE SAME DIRECTION,DIVIDED - W/MEDIAN (NOT RAISED),STOP SIGN/FLASHER,DISREGARDING TRAFFIC SIGNALS,FOLLOWING TOO CLOSELY,0,0,0,0,18,6,9,825,ELSTON AVE,41.874053,-87.663068,09/24/2021 07:14:00 PM,2021
CR00001124,05/11/2022 08:00:00 AM,15,CLEAR,DAYLIGHT,REAR TO FRONT,DIVIDED - W/MEDIAN BARRIER,NO CONTROLS,UNABLE TO DETERMINE,DISTRACTION - FROM INSIDE VEHICLE,0,0,0,0,8,4,5,1297,63RD ST,41.723903,-87.623605,05/11/2022 09:02:00 AM,2022
CR00001125,11/19/2017 01:10:00 PM,20,CLEAR,DAYLIGHT,REAR END,NOT DIVIDED,NO CONTROLS,UNABLE TO DETERMINE,WEATHER,0,0,1,1,13,1,11,1206,STONY ISLAND AVE,41.792848,-87.660188,11/19/2017 02:21:00 PM,2017
CR00001126,04/09/2016 08:28:00 PM,35,CLEAR,DAYLIGHT,ANGLE,DIVIDED - W/MEDIAN BARRIER,STOP SIGN/FLASHER,FOLLOWING TOO CLOSELY,NOT APPLICABLE,0,0,0,0,20,7,4,441,ARCHER AVE,41.850139,-87.557683,04/09/2016 09:37:00 PM,2016
CR00001127,11/06/2023 05:22:00 AM,15,RAIN,DAWN,REAR END,NOT DIVIDED,NO CONTROLS,UNABLE TO DETERMINE,FOLLOWING TOO CLOSELY,0,0,0,0,5,2,11,756,OGDEN AVE,41.941981,-87.659143,11/06/2023 05:55:00 AM,2023
CR00001128,02/22/2024 06:34:00 PM,15,CLEAR,DAYLIGHT,REAR TO FRONT,DIVIDED - W/MEDIAN (NOT RAISED),NO CONTROLS,DRIVING SKILLS/KNOWLEDGE/EXPERIENCE,WEATHER,0,0,0,0,18,5,2,1748,KEDZIE AVE,41.997334,-87.58494,02/22/2024 07:19:00 PM,2024
CR00001129,11/17/2016 08:39:00 AM,30,SNOW,DAWN,ANGLE,ONE-WAY,PEDESTRIAN CROSSING SIGN,IMPROPER OVERTAKING/PASSING,FAILING TO YIELD RIGHT-OF-WAY,0,0,0,0,8,5,11,1419,79TH ST,41.932039,-87.588293,11/17/2016 08:48:00 AM,2016
CR00001130,02/19/2019 08:57:00 AM,15,SNOW,DAYLIGHT,PARKED MOTOR VEHICLE,DIVIDED - W/MEDIAN (NOT RAISED),TRAFFIC SIGNAL,DISREGARDING TRAFFIC SIGNALS,NOT APPLICABLE,0,0,0,0,8,3,2,130,MILWAUKEE AVE,41.835873,-87.848697,02/19/2019 09:43:00 AM,2019
CR00001131,08/31/2024 02:05:00 PM,20,RAIN,DAYLIGHT,ANGLE,ONE-WAY,STOP SIGN/FLASHER,DRIVING SKILLS/KNOWLEDGE/EXPERIENCE,DISREGARDING TRAFFIC SIGNALS,0,0,0,0,14,7,8,1495,ASHLAND AVE,41.728793,-87.66782,08/31/2024 03:44:00 PM,2024
CR00001132,01/03/2022 09:02:00 PM,30,SNOW,DAYLIGHT,FIXED OBJECT,NOT DIVIDED,TRAFFIC SIGNAL,UNABLE TO DETERMINE,FOLLOWING TOO CLOSELY,0,2,2,4,21,2,1,1492,DAMEN AVE,41.788035,-87.54947,01/03/2022 09:10:00 PM,2022
CR00001133,11/01/2015 03:23:00 PM,15,CLEAR,DAYLIGHT,REAR END,DIVIDED - W/MEDIAN BARRIER,NO CONTROLS,UNABLE TO DETERMINE,NOT APPLICABLE,0,0,0,0,15,1,11,2250,DIVISION ST,41.792516,-87.745063,11/01/2015 03:26:00 PM,2015
CR00001134,09/21/2021 06:23:00 AM,20,CLEAR,DARKNESS - LIGHTED ROAD,REAR END,ONE-WAY,NO CONTROLS,UNABLE TO DETERMINE,UNABLE TO DETERMINE,0,0,0,0,6,3,9,1232,CLARK ST,41.992392,-87.5812,09/21/2021 07:04:00 AM,2021
CR00001135,06/08/2024 08:35:00 PM,40,RAIN,DARKNESS,ANGLE,NOT DIVIDED,STOP SIGN/FLASHER,DISTRACTION - FROM INSIDE VEHICLE,FOLLOWING TOO CLOSELY,0,0,0,0,20,7,6,511,BROADWAY,41.973892,-87.822118,06/08/2024 10:07:00 PM,2024
CR00001136,06/09/2023 02:19:00 AM,45,CLEAR,DAYLIGHT,ANGLE,NOT DIVIDED,TRAFFIC SIGNAL,FAILING TO YIELD RIGHT-OF-WAY,FAILING TO YIELD RIGHT-OF-WAY,0,0,1,1,2,6,6,2319,ASHLAND AVE,41.922328,-87.802088,06/09/2023 02:32:00 AM,2023
CR00001137,12/18/2017 07:37:00 AM,20,RAIN,DAYLIGHT,ANGLE,NOT DIVIDED,UNKNOWN,FAILING TO REDUCE SPEED,UNABLE TO DETERMINE,0,1,1,2,7,2,12,793,ROOSEVELT RD,41.755539,-87.528643,12/18/2017 09:07:00 AM,2017
CR00001138,03/21/2024 06:32:00 PM,30,RAIN,DUSK,REAR TO FRONT,NOT DIVIDED,TRAFFIC SIGNAL,DRIVING SKILLS/KNOWLEDGE/EXPERIENCE,FOLLOWING TOO CLOSELY,0,0,0,0,18,5,3,343,DAMEN AVE,41.822373,-87.611506,03/21/2024 08:25:00 PM,2024
CR00001139,05/14/2017 05:42:00 PM,35,RAIN,DAYLIGHT,PARKED MOTOR VEHICLE,NOT DIVIDED,NO CONTROLS,FOLLOWING TOO CLOSELY,IMPROPER LANE USAGE,0,0,0,0,17,1,5,610,47TH ST,41.947508,-87.747553,05/14/2017 06:00:00 PM,2017
CR00001140,09/18/2019 09:41:00 AM,30,CLOUDY/OVERCAST,DAYLIGHT,FIXED OBJECT,NOT DIVIDED,STOP SIGN/FLASHER,UNABLE TO DETERMINE,NOT APPLICABLE,0,0,0,0,9,4,9,2476,ASHLAND AVE,41.700436,-87.809886,09/18/2019 10:57:00 AM,2019
CR00001141,07/11/2022 09:08:00 AM,20,SNOW,DAYLIGHT,REAR END,NOT DIVIDED,NO CONTROLS,UNABLE TO DETERMINE,IMPROPER LANE USAGE,0,0,0,0,9,2,7,111,79TH ST,41.769257,-87.762501,07/11/2022 09:14:00 AM,2022
CR00001142,05/10/2017 06:07:00 PM,20,CLEAR,DAYLIGHT,TURNING,DIVIDED - W/MEDIAN (NOT RAISED),STOP SIGN/FLASHER,DRIVING SKILLS/KNOWLEDGE/EXPERIENCE,FAILING TO REDUCE SPEED,0,0,2,2,18,4,5,1226,CALIFORNIA AVE,41.743315,-87.59649,05/10/2017 07:48:00 PM,2017
CR00001143,06/09/2022 08:54:00 AM,30,CLEAR,DARKNESS - LIGHTED ROAD,SIDESWIPE SAME DIRECTION,DIVIDED - W/MEDIAN (NOT RAISED),NO CONTROLS,FOLLOWING TOO CLOSELY,UNABLE TO DETERMINE,0,0,0,0,8,5,6,1874,CALIFORNIA AVE,41.762034,-87.726388,06/09/2022 10:46:00 AM,2022
CR00001144,10/11/2016 03:50:00 AM,25,CLEAR,DAYLIGHT,REAR END,DIVIDED - W/MEDIAN (NOT RAISED),PEDESTRIAN CROSSING SIGN,UNABLE TO DETERMINE,IMPROPER OVERTAKING/PASSING,0,0,1,1,3,3,10,2269,CICERO AVE,41.761152,-87.811354,10/11/2016 04:27:00 AM,2016
CR00001145,07/30/2021 02:22:00 PM,30,CLEAR,DAYLIGHT,SIDESWIPE SAME DIRECTION,NOT DIVIDED,TRAFFIC SIGNAL,UNABLE TO DETERMINE,IMPROPER OVERTAKING/PASSING,0,0,0,0,14,6,7,646,WESTERN AVE,41.767295,-87.779677,07/30/2021 04:13:00 PM,2021
CR00001146,10/05/2023 09:41:00 AM,25,CLEAR,DAYLIGHT,PEDESTRIAN,DIVIDED - W/MEDIAN (NOT RAISED),TRAFFIC SIGNAL,FOLLOWING TOO CLOSELY,FAILING TO REDUCE SPEED,0,0,0,0,9,5,10,504,STATE ST,41.765662,-87.51802,10/05/2023 10:47:00 AM,2023
CR00001147,08/31/2024 06:33:00 PM,30,FOG/SMOKE/HAZE,DARKNESS,ANGLE,FOUR WAY,STOP SIGN/FLASHER,DRIVING SKILLS/KNOWLEDGE/EXPERIENCE,NOT APPLICABLE,0,2,0,2,18,7,8,849,79TH ST,41.772368,-87.751015,08/31/2024 08:17:00 PM,2024
CR00001148,07/28/2020 03:00:00 PM,40,CLEAR,DARKNESS - LIGHTED ROAD,TURNING,NOT DIVIDED,TRAFFIC SIGNAL,UNABLE TO DETERMINE,UNABLE TO DETERMINE,0,0,0,0,15,3,7,544,ROOSEVELT RD,41.705871,-87.581027,07/28/2020 04:39:00 PM,2020