CRASH_RECORD_ID,CRASH_DATE,POSTED_SPEED_LIMIT,WEATHER_CONDITION,LIGHTING_CONDITION,FIRST_CRASH_TYPE,TRAFFICWAY_TYPE,TRAFFIC_CONTROL_DEVICE,PRIM_CONTRIBUTORY_CAUSE,SEC_CONTRIBUTORY_CAUSE,INJURIES_FATAL,INJURIES_INCAPACITATING,INJURIES_NON_INCAPACITATING,INJURIES_TOTAL,CRASH_HOUR,CRASH_DAY_OF_WEEK,CRASH_MONTH,BEAT_OF_OCCURRENCE,STREET_NAME,LATITUDE,LONGITUDE,DATE_POLICE_NOTIFIED,year
CR00001149,06/08/2018 07:48:00 PM,35,SNOW,DARKNESS - LIGHTED ROAD,ANGLE,ONE-WAY,TRAFFIC SIGNAL,UNABLE TO DETERMINE,FAILING TO YIELD RIGHT-OF-WAY,0,0,0,0,19,6,6,2032,DIVISION ST,41.908808,-87.75482,06/08/2018 08:14:00 PM,2018
CR00001150,03/14/2017 09:20:00 AM,40,CLEAR,DARKNESS - LIGHTED ROAD,SIDESWIPE SAME DIRECTION,DIVIDED - W/MEDIAN (NOT RAISED),STOP SIGN/FLASHER,UNABLE TO DETERMINE,FAILING TO REDUCE SPEED,0,0,0,0,9,3,3,412,ASHLAND AVE,41.800844,-87.685016,03/14/2017 09:51:00 AM,2017
CR00001151,05/03/2021 07:14:00 AM,20,CLEAR,DARKNESS,ANGLE,DIVIDED - W/MEDIAN (NOT RAISED),UNKNOWN,UNABLE TO DETERMINE,UNABLE TO DETERMINE,0,0,0,0,7,2,5,978,KEDZIE AVE,41.713163,-87.686521,05/03/2021 08:23:00 AM,2021
CR00001152,02/28/2019 06:02:00 AM,45,CLEAR,DAYLIGHT,REAR END,DIVIDED - W/MEDIAN (NOT RAISED),NO CONTROLS,IMPROPER LANE USAGE,UNABLE TO DETERMINE,0,0,0,0,6,5,2,483,STATE ST,41.975461,-87.706802,02/28/2019 06:38:00 AM,2019
CR00001153,11/15/2023 05:34:00 PM,30,CLEAR,DAYLIGHT,FIXED OBJECT,T-INTERSECTION,UNKNOWN,DISREGARDING TRAFFIC SIGNALS,UNABLE TO DETERMINE,0,0,0,0,17,4,11,2105,KEDZIE AVE,41.981482,-87.765577,11/15/2023 06:35:00 PM,2023
CR00001154,12/04/2023 01:56:00 PM,45,CLEAR,DAYLIGHT,TURNING,DIVIDED - W/MEDIAN BARRIER,TRAFFIC SIGNAL,FAILING TO YIELD RIGHT-OF-WAY,DISREGARDING TRAFFIC SIGNALS,0,0,0,0,13,2,12,1952,ELSTON AVE,41.726613,-87.645992,12/04/2023 03:55:00 PM,2023
CR00001155,10/21/2022 07:01:00 AM,30,CLEAR,DAYLIGHT,REAR END,NOT DIVIDED,UNKNOWN,UNABLE TO DETERMINE,DISREGARDING TRAFFIC SIGNALS,0,0,0,0,7,6,10,834,KEDZIE AVE,41.994211,-87.649904,10/21/2022 08:27:00 AM,2022
CR00001156,04/11/2024 08:12:00 AM,45,CLEAR,DAYLIGHT,REAR END,DIVIDED - W/MEDIAN BARRIER,UNKNOWN,UNABLE TO DETERMINE,FAILING TO YIELD RIGHT-OF-WAY,0,0,0,0,8,5,4,1327,63RD ST,41.838257,-87.618419,04/11/2024 08:41:00 AM,2024
CR00001157,11/04/2019 07:44:00 AM,25,CLEAR,DAYLIGHT,ANGLE,NOT DIVIDED,STOP SIGN/FLASHER,FAILING TO YIELD RIGHT-OF-WAY,UNABLE TO DETERMINE,0,0,0,0,7,2,11,447,IRVING PARK RD,41.970347,-87.684194,11/04/2019 07:45:00 AM,2019
CR00001158,10/07/2016 08:04:00 AM,25,CLEAR,DARKNESS,ANGLE,DIVIDED - W/MEDIAN BARRIER,STOP SIGN/FLASHER,FAILING TO REDUCE SPEED,DRIVING SKILLS/KNOWLEDGE/EXPERIENCE,0,0,0,0,8,6,10,2523,FULLERTON AVE,41.732532,-87.76976,10/07/2016 09:49:00 AM,2016
CR00001159,09/13/2018 02:10:00 PM,35,CLEAR,DAYLIGHT,SIDESWIPE SAME DIRECTION,FOUR WAY,NO CONTROLS,DISREGARDING TRAFFIC SIGNALS,NOT APPLICABLE,0,0,1,1,14,5,9,182,KEDZIE AVE,41.986085,-87.70129,09/13/2018 03:29:00 PM,2018
CR00001160,07/21/2019 10:24:00 AM,20,CLOUDY/OVERCAST,DAYLIGHT,REAR END,NOT DIVIDED,UNKNOWN,FAILING TO REDUCE SPEED,DRIVING SKILLS/KNOWLEDGE/EXPERIENCE,0,0,0,0,10,1,7,563,ELSTON AVE,41.839461,-87.818141,07/21/2019 11:39:00 AM,2019
CR00001161,05/17/2020 01:58:00 PM,40,CLEAR,DARKNESS - LIGHTED ROAD,SIDESWIPE SAME DIRECTION,NOT DIVIDED,NO CONTROLS,UNABLE TO DETERMINE,DRIVING SKILLS/KNOWLEDGE/EXPERIENCE,0,0,0,0,13,1,5,2326,CICERO AVE,41.913735,-87.564153,05/17/2020 02:05:00 PM,2020
CR00001162,09/16/2017 04:35:00 PM,30,RAIN,DAYLIGHT,REAR END,NOT DIVIDED,TRAFFIC SIGNAL,IMPROPER OVERTAKING/PASSING,NOT APPLICABLE,0,0,0,0,16,7,9,940,HALSTED ST,41.857523,-87.817262,09/16/2017 05:09:00 PM,2017
CR00001163,01/02/2024 08:14:00 PM,20,CLEAR,DUSK,PARKED MOTOR VEHICLE,ONE-WAY,NO CONTROLS,DISREGARDING TRAFFIC SIGNALS,WEATHER,0,0,0,0,20,3,1,1418,CALIFORNIA AVE,41.726815,-87.798262,01/02/2024 09:11:00 PM,2024
CR00001164,11/05/2016 06:17:00 PM,15,CLEAR,DAYLIGHT,REAR END,T-INTERSECTION,YIELD,DISTRACTION - FROM INSIDE VEHICLE,IMPROPER LANE USAGE,0,0,1,1,18,7,11,432,CICERO AVE,41.932591,-87.608191,11/05/2016 08:08:00 PM,2016
CR00001165,09/18/2022 08:30:00 AM,45,CLEAR,DUSK,REAR END,DIVIDED - W/MEDIAN (NOT RAISED),TRAFFIC SIGNAL,FAILING TO YIELD RIGHT-OF-WAY,FAILING TO REDUCE SPEED,0,0,3,3,8,1,9,571,OGDEN AVE,41.894264,-87.829963,09/18/2022 09:51:00 AM,2022
CR00001166,03/29/2022 10:48:00 AM,45,SNOW,DARKNESS - LIGHTED ROAD,ANGLE,ONE-WAY,NO CONTROLS,IMPROPER OVERTAKING/PASSING,DRIVING SKILLS/KNOWLEDGE/EXPERIENCE,0,0,0,0,10,3,3,413,HALSTED ST,41.747782,-87.658979,03/29/2022 11:07:00 AM,2022
CR00001167,12/20/2016 10:48:00 PM,35,CLEAR,DARKNESS - LIGHTED ROAD,TURNING,DIVIDED - W/MEDIAN (NOT RAISED),NO CONTROLS,UNABLE TO DETERMINE,IMPROPER LANE USAGE,0,0,0,0,22,3,12,300,WESTERN AVE,41.886496,-87.835139,12/20/2016 11:37:00 PM,2016
CR00001168,06/04/2022 09:56:00 AM,40,CLEAR,DARKNESS - LIGHTED ROAD,REAR END,DIVIDED - W/MEDIAN (NOT RAISED),TRAFFIC SIGNAL,IMPROPER LANE USAGE,UNABLE TO DETERMINE,0,0,0,0,9,7,6,1065,DAMEN AVE,41.803606,-87.730479,06/04/2022 10:43:00 AM,2022
CR00001169,09/03/2016 09:17:00 PM,30,CLEAR,DAYLIGHT,ANGLE,DIVIDED - W/MEDIAN (NOT RAISED),UNKNOWN,UNABLE TO DETERMINE,DRIVING SKILLS/KNOWLEDGE/EXPERIENCE,0,0,0,0,21,7,9,261,79TH ST,41.9972,-87.720652,09/03/2016 09:24:00 PM,2016
CR00001170,04/08/2020 03:26:00 AM,35,RAIN,DAYLIGHT,REAR END,T-INTERSECTION,STOP SIGN/FLASHER,WEATHER,DISTRACTION - FROM INSIDE VEHICLE,0,0,0,0,3,4,4,2253,STONY ISLAND AVE,41.823055,-87.550391,04/08/2020 04:38:00 AM,2020
CR00001171,05/30/2016 04:03:00 AM,30,CLEAR,DAYLIGHT,ANGLE,ONE-WAY,UNKNOWN,UNABLE TO DETERMINE,FOLLOWING TOO CLOSELY,0,0,0,0,4,2,5,1159,79TH ST,41.714096,-87.807156,05/30/2016 04:54:00 AM,2016
CR00001172,12/27/2016 04:30:00 PM,30,CLEAR,DARKNESS - LIGHTED ROAD,REAR END,DIVIDED - W/MEDIAN (NOT RAISED),NO CONTROLS,FOLLOWING TOO CLOSELY,UNABLE TO DETERMINE,0,0,0,0,16,3,12,368,HALSTED ST,41.97927,-87.669518,12/27/2016 05:19:00 PM,2016
CR00001173,10/24/2022 01:39:00 PM,30,CLEAR,DAYLIGHT,REAR END,NOT DIVIDED,NO CONTROLS,FAILING TO YIELD RIGHT-OF-WAY,DISREGARDING TRAFFIC SIGNALS,0,0,0,0,13,2,10,634,ARCHER AVE,41.917797,-87.667397,10/24/2022 03:02:00 PM,2022
CR00001174,02/06/2023 07:54:00 PM,30,CLEAR,DAYLIGHT,REAR END,DIVIDED - W/MEDIAN (NOT RAISED),NO CONTROLS,DISTRACTION - FROM INSIDE VEHICLE,FAILING TO YIELD RIGHT-OF-WAY,0,0,0,0,19,2,2,741,ARCHER AVE,41.764162,-87.741645,02/06/2023 09:34:00 PM,2023
CR00001175,06/01/2023 12:48:00 PM,30,CLOUDY/OVERCAST,DARKNESS,TURNING,DIVIDED - W/MEDIAN (NOT RAISED),TRAFFIC SIGNAL,FAILING TO REDUCE SPEED,UNABLE TO DETERMINE,0,0,0,0,12,5,6,1303,KEDZIE AVE,41.96204,-87.784694,06/01/2023 02:29:00 PM,2023
CR00001176,09/14/2024 07:01:00 PM,30,CLEAR,DARKNESS - LIGHTED ROAD,ANGLE,ONE-WAY,TRAFFIC SIGNAL,UNABLE TO DETERMINE,WEATHER,0,0,0,0,19,7,9,1025,ROOSEVELT RD,41.84095,-87.742295,09/14/2024 08:43:00 PM,2024
CR00001177,03/22/2016 12:15:00 PM,30,CLOUDY/OVERCAST,DAYLIGHT,TURNING,FOUR WAY,UNKNOWN,UNABLE TO DETERMINE,FAILING TO REDUCE SPEED,0,0,0,0,12,3,3,1492,PULASKI RD,41.850291,-87.787541,03/22/2016 12:51:00 PM,2016
CR00001178,04/01/2018 06:40:00 PM,30,CLEAR,DAWN,TURNING,NOT DIVIDED,TRAFFIC SIGNAL,FOLLOWING TOO CLOSELY,IMPROPER LANE USAGE,0,0,0,0,18,1,4,1390,47TH ST,41.95589,-87.766414,04/01/2018 08:38:00 PM,2018
CR00001179,05/15/2016 01:46:00 PM,45,CLEAR,DARKNESS - LIGHTED ROAD,TURNING,DIVIDED - W/MEDIAN BARRIER,NO CONTROLS,DRIVING SKILLS/KNOWLEDGE/EXPERIENCE,UNABLE TO DETERMINE,0,0,0,0,13,1,5,913,MICHIGAN AVE,41.742425,-87.814239,05/15/2016 01:59:00 PM,2016
CR00001180,08/27/2021 05:40:00 AM,30,CLEAR,DAYLIGHT,TURNING,NOT DIVIDED,UNKNOWN,UNABLE TO DETERMINE,UNABLE TO DETERMINE,0,0,0,0,5,6,8,2168,LAKE SHORE DR,41.847774,-87.802853,08/27/2021 07:03:00 AM,2021
CR00001181,07/04/2023 11:24:00 AM,40,CLOUDY/OVERCAST,DARKNESS - LIGHTED ROAD,REAR END,NOT DIVIDED,NO CONTROLS,UNABLE TO DETERMINE,NOT APPLICABLE,0,0,0,0,11,3,7,208,WESTERN AVE,41.988222,-87.549568,07/04/2023 01:04:00 PM,2023
CR00001182,07/28/2021 06:21:00 AM,40,CLEAR,DAYLIGHT,FIXED OBJECT,DIVIDED - W/MEDIAN (NOT RAISED),TRAFFIC SIGNAL,IMPROPER OVERTAKING/PASSING,DISTRACTION - FROM INSIDE VEHICLE,0,0,0,0,6,4,7,2137,STATE ST,41.733604,-87.805233,07/28/2021 07:38:00 AM,2021
CR00001183,03/07/2023 10:52:00 AM,30,CLEAR,DAYLIGHT,PARKED MOTOR VEHICLE,DIVIDED - W/MEDIAN (NOT RAISED),NO CONTROLS,UNABLE TO DETERMINE,UNABLE TO DETERMINE,0,0,2,2,10,3,3,1374,DIVISION ST,41.975002,-87.541202,03/07/2023 12:20:00 PM,2023
CR00001184,10/18/2015 09:07:00 PM,40,CLEAR,DAYLIGHT,REAR END,FOUR WAY,NO CONTROLS,DISREGARDING TRAFFIC SIGNALS,FAILING TO YIELD RIGHT-OF-WAY,0,0,1,1,21,1,10,897,STONY ISLAND AVE,41.861769,-87.770955,10/18/2015 09:58:00 PM,2015
CR00001185,02/21/2024 07:10:00 PM,35,CLEAR,DAYLIGHT,SIDESWIPE SAME DIRECTION,NOT DIVIDED,UNKNOWN,DISREGARDING TRAFFIC SIGNALS,NOT APPLICABLE,0,0,1,1,19,4,2,1304,HALSTED ST,41.772043,-87.753743,02/21/2024 07:54:00 PM,2024
CR00001186,10/29/2020 04:26:00 PM,35,CLOUDY/OVERCAST,DAYLIGHT,ANGLE,DIVIDED - W/MEDIAN BARRIER,NO CONTROLS,UNABLE TO DETERMINE,DISREGARDING TRAFFIC SIGNALS,0,0,1,1,16,5,10,627,DAMEN AVE,41.771295,-87.522543,10/29/2020 05:21:00 PM,2020
CR00001187,10/02/2023 01:02:00 AM,15,CLEAR,DAYLIGHT,FIXED OBJECT,DIVIDED - W/MEDIAN (NOT RAISED),NO CONTROLS,FOLLOWING TOO CLOSELY,DISREGARDING TRAFFIC SIGNALS,0,0,1,1,1,2,10,971,ASHLAND AVE,41.817177,-87.540411,10/02/2023 01:14:00 AM,2023
CR00001188,12/19/2016 08:13:00 PM,40,RAIN,DAYLIGHT,TURNING,ONE-WAY,NO CONTROLS,IMPROPER OVERTAKING/PASSING,DISTRACTION - FROM INSIDE VEHICLE,0,0,0,0,20,2,12,2087,DAMEN AVE,41.80216,-87.831782,12/19/2016 09:09:00 PM,2016
CR00001189,07/23/2023 04:41:00 PM,30,CLEAR,DARKNESS - LIGHTED ROAD,REAR END,ONE-WAY,TRAFFIC SIGNAL,WEATHER,UNABLE TO DETERMINE,0,0,1,1,16,1,7,1503,CLARK ST,41.78712,-87.512905,07/23/2023 04:56:00 PM,2023
CR00001190,08/30/2017 03:55:00 PM,35,CLEAR,DAYLIGHT,SIDESWIPE SAME DIRECTION,FOUR WAY,TRAFFIC SIGNAL,IMPROPER LANE USAGE,DISREGARDING TRAFFIC SIGNALS,0,0,0,0,15,4,8,608,PULASKI RD,41.865086,-87.537196,08/30/2017 04:13:00 PM,2017
CR00001191,02/24/2016 06:23:00 PM,40,CLEAR,DARKNESS - LIGHTED ROAD,PARKED MOTOR VEHICLE,DIVIDED - W/MEDIAN BARRIER,NO CONTROLS,FOLLOWING TOO CLOSELY,FOLLOWING TOO CLOSELY,0,0,0,0,18,4,2,2451,STONY ISLAND AVE,41.90819,-87.638011,02/24/2016 06:30:00 PM,2016
CR00001192,03/06/2015 06:28:00 PM,45,RAIN,DAYLIGHT,REAR TO FRONT,FOUR WAY,NO CONTROLS,DRIVING SKILLS/KNOWLEDGE/EXPERIENCE,DISTRACTION - FROM INSIDE VEHICLE,0,2,3,5,18,6,3,1968,CICERO AVE,41.887133,-87.630913,03/06/2015 08:07:00 PM,2015
CR00001193,12/20/2024 03:18:00 PM,45,CLEAR,DAYLIGHT,TURNING,ONE-WAY,NO CONTROLS,FOLLOWING TOO CLOSELY,UNABLE TO DETERMINE,0,0,0,0,15,6,12,2149,CLARK ST,41.935059,-87.647252,12/20/2024 04:40:00 PM,2024
CR00001194,05/21/2021 05:50:00 PM,30,CLEAR,DAWN,REAR END,T-INTERSECTION,TRAFFIC SIGNAL,FAILING TO YIELD RIGHT-OF-WAY,IMPROPER LANE USAGE,0,0,1,1,17,6,5,2393,PULASKI RD,41.755486,-87.576883,05/21/2021 07:35:00 PM,2021
CR00001195,07/29/2019 05:44:00 PM,20,CLEAR,DAWN,TURNING,NOT DIVIDED,STOP SIGN/FLASHER,IMPROPER OVERTAKING/PASSING,UNABLE TO DETERMINE,0,0,0,0,17,2,7,984,CLARK ST,41.867373,-87.79575,07/29/2019 07:06:00 PM,2019
CR00001196,04/19/2021 07:14:00 PM,30,SNOW,DAYLIGHT,ANGLE,NOT DIVIDED,STOP SIGN/FLASHER,DRIVING SKILLS/KNOWLEDGE/EXPERIENCE,DISREGARDING TRAFFIC SIGNALS,0,0,0,0,19,2,4,171,CLARK ST,41.766119,-87.615449,04/19/2021 08:32:00 PM,2021
CR00001197,04/14/2024 12:57:00 AM,45,RAIN,DAYLIGHT,TURNING,NOT DIVIDED,STOP SIGN/FLASHER,UNABLE TO DETERMINE,FAILING TO YIELD RIGHT-OF-WAY,0,0,0,0,0,1,4,2518,IRVING PARK RD,41.822242,-87.617746,04/14/2024 01:16:00 AM,2024
CR00001198,01/09/2019 04:43:00 PM,35,RAIN,DAYLIGHT,TURNING,DIVIDED - W/MEDIAN (NOT RAISED),STOP SIGN/FLASHER,UNABLE TO DETERMINE,NOT APPLICABLE,0,0,0,0,16,4,1,987,WESTERN AVE,41.898276,-87.817276,01/09/2019 05:54:00 PM,2019
CR00001199,04/20/2021 03:51:00 PM,30,CLEAR,DAYLIGHT,ANGLE,DIVIDED - W/MEDIAN (NOT RAISED),YIELD,UNABLE TO DETERMINE,FOLLOWING TOO CLOSELY,0,0,0,0,15,3,4,886,IRVING PARK RD,41.901603,-87.610015,04/20/2021 04:10:00 PM,2021
CR00001200,12/29/2017 01:34:00 PM,40,CLEAR,DARKNESS - LIGHTED ROAD,REAR END,NOT DIVIDED,NO CONTROLS,IMPROPER OVERTAKING/PASSING,DISREGARDING TRAFFIC SIGNALS,0,0,0,0,13,6,12,1016,WESTERN AVE,41.876283,-87.579399,12/29/2017 03:23:00 PM,2017
CR00001201,01/27/2015 06:54:00 PM,20,CLEAR,DAYLIGHT,REAR TO FRONT,DIVIDED - W/MEDIAN (NOT RAISED),TRAFFIC SIGNAL,UNABLE TO DETERMINE,UNABLE TO DETERMINE,0,0,0,0,18,3,1,432,63RD ST,41.880118,-87.532431,01/27/2015 07:44:00 PM,2015
CR00001202,03/02/2017 10:39:00 PM,20,CLEAR,DARKNESS - LIGHTED ROAD,REAR END,FOUR WAY,STOP SIGN/FLASHER,FOLLOWING TOO CLOSELY,UNABLE TO DETERMINE,0,0,0,0,22,5,3,1300,79TH ST,41.990848,-87.550943,03/02/2017 10:46:00 PM,2017
CR00001203,10/20/2021 04:54:00 AM,40,CLEAR,DARKNESS - LIGHTED ROAD,TURNING,FOUR WAY,TRAFFIC SIGNAL,DISTRACTION - FROM INSIDE VEHICLE,UNABLE TO DETERMINE,0,0,0,0,4,4,10,306,ROOSEVELT RD,41.716297,-87.707273,10/20/2021 05:17:00 AM,2021
CR00001204,02/17/2019 08:40:00 AM,45,CLEAR,DAYLIGHT,REAR END,NOT DIVIDED,UNKNOWN,IMPROPER OVERTAKING/PASSING,NOT APPLICABLE,0,0,0,0,8,1,2,672,ROOSEVELT RD,41.705045,-87.676656,02/17/2019 09:37:00 AM,2019
CR00001205,07/10/2019 08:55:00 PM,40,CLEAR,DUSK,ANGLE,DIVIDED - W/MEDIAN BARRIER,STOP SIGN/FLASHER,IMPROPER OVERTAKING/PASSING,NOT APPLICABLE,0,0,0,0,20,4,7,1674,PULASKI RD,41.739009,-87.801982,07/10/2019 08:58:00 PM,2019
CR00001206,10/21/2016 04:44:00 PM,30,CLEAR,DAYLIGHT,REAR END,NOT DIVIDED,TRAFFIC SIGNAL,UNABLE TO DETERMINE,UNABLE TO DETERMINE,0,0,1,1,16,6,10,643,MILWAUKEE AVE,41.819184,-87.666606,10/21/2016 05:53:00 PM,2016
CR00001207,01/05/2019 06:59:00 PM,35,CLEAR,DAYLIGHT,TURNING,NOT DIVIDED,NO CONTROLS,UNABLE TO DETERMINE,FAILING TO REDUCE SPEED,0,0,0,0,18,7,1,516,CICERO AVE,41.803422,-87.513645,01/05/2019 07:13:00 PM,2019
CR00001208,10/05/2021 07:00:00 AM,40,SNOW,DAYLIGHT,REAR END,DIVIDED - W/MEDIAN (NOT RAISED),TRAFFIC SIGNAL,DRIVING SKILLS/KNOWLEDGE/EXPERIENCE,IMPROPER LANE USAGE,0,0,0,0,7,3,10,1512,BROADWAY,41.765661,-87.702335,10/05/2021 08:46:00 AM,2021
CR00001209,05/11/2016 08:13:00 AM,30,RAIN,DAYLIGHT,PEDESTRIAN,NOT DIVIDED,STOP SIGN/FLASHER,FOLLOWING TOO CLOSELY,UNABLE TO DETERMINE,0,0,0,0,8,4,5,676,BROADWAY,41.96742,-87.659184,05/11/2016 08:53:00 AM,2016
CR00001210,04/19/2018 03:02:00 PM,20,CLEAR,DARKNESS - LIGHTED ROAD,ANGLE,NOT DIVIDED,NO CONTROLS,IMPROPER OVERTAKING/PASSING,DISREGARDING TRAFFIC SIGNALS,0,0,1,1,15,5,4,2146,63RD ST,41.835522,-87.611283,04/19/2018 04:49:00 PM,2018
CR00001211,10/03/2020 07:58:00 AM,35,RAIN,DARKNESS - LIGHTED ROAD,REAR END,NOT DIVIDED,STOP SIGN/FLASHER,UNABLE TO DETERMINE,FOLLOWING TOO CLOSELY,0,0,0,0,7,7,10,2227,DAMEN AVE,41.704204,-87.793483,10/03/2020 08:10:00 AM,2020
CR00001212,12/03/2016 04:34:00 PM,45,CLEAR,DAYLIGHT,REAR TO FRONT,DIVIDED - W/MEDIAN (NOT RAISED),NO CONTROLS,DRIVING SKILLS/KNOWLEDGE/EXPERIENCE,FOLLOWING TOO CLOSELY,0,0,0,0,16,7,12,570,OGDEN AVE,41.948924,-87.575462,12/03/2016 06:02:00 PM,2016
CR00001213,12/26/2016 04:43:00 PM,45,CLEAR,DUSK,PARKED MOTOR VEHICLE,DIVIDED - W/MEDIAN (NOT RAISED),TRAFFIC SIGNAL,FAILING TO REDUCE SPEED,NOT APPLICABLE,0,2,2,4,16,2,12,587,CALIFORNIA AVE,41.98793,-87.841978,12/26/2016 06:24:00 PM,2016
CR00001214,05/13/2020 06:03:00 PM,40,FREEZING RAIN/DRIZZLE,DAYLIGHT,REAR END,DIVIDED - W/MEDIAN (NOT RAISED),YIELD,UNABLE TO DETERMINE,FAILING TO YIELD RIGHT-OF-WAY,0,0,0,0,18,4,5,2314,HALSTED ST,41.981458,-87.767418,05/13/2020 06:55:00 PM,2020
CR00001215,12/12/2015 06:53:00 PM,25,CLEAR,DAYLIGHT,FIXED OBJECT,FOUR WAY,TRAFFIC SIGNAL,UNABLE TO DETERMINE,WEATHER,0,0,0,0,18,7,12,1472,ELSTON AVE,41.767172,-87.727744,12/12/2015 08:20:00 PM,2015
CR00001216,01/07/2020 06:43:00 AM,25,CLEAR,DARKNESS - LIGHTED ROAD,REAR END,DIVIDED - W/MEDIAN (NOT RAISED),STOP SIGN/FLASHER,FAILING TO YIELD RIGHT-OF-WAY,IMPROPER OVERTAKING/PASSING,0,0,0,0,6,3,1,2533,PULASKI RD,41.87083,-87.593629,01/07/2020 07:50:00 AM,2020
CR00001217,04/02/2021 04:34:00 PM,40,CLEAR,DARKNESS - LIGHTED ROAD,REAR END,NOT DIVIDED,NO CONTROLS,UNABLE TO DETERMINE,NOT APPLICABLE,0,0,0,0,16,6,4,1455,PULASKI RD,41.780555,-87.699514,04/02/2021 05:52:00 PM,2021
CR00001218,10/14/2021 06:46:00 PM,45,CLOUDY/OVERCAST,DARKNESS,SIDESWIPE SAME DIRECTION,ONE-WAY,NO CONTROLS,DISTRACTION - FROM INSIDE VEHICLE,UNABLE TO DETERMINE,0,0,0,0,18,5,10,1321,DIVISION ST,41.952529,-87.698397,10/14/2021 08:19:00 PM,2021
CR00001219,10/15/2018 07:39:00 PM,30,CLEAR,DARKNESS - LIGHTED ROAD,ANGLE,ONE-WAY,TRAFFIC SIGNAL,DISREGARDING TRAFFIC SIGNALS,NOT APPLICABLE,0,0,0,0,19,2,10,246,47TH ST,41.888855,-87.623455,10/15/2018 08:16:00 PM,2018
CR00001220,05/06/2022 02:05:00 PM,35,CLEAR,DARKNESS - LIGHTED ROAD,REAR END,ONE-WAY,PEDESTRIAN CROSSING SIGN,DISTRACTION - FROM INSIDE VEHICLE,UNABLE TO DETERMINE,0,0,0,0,14,6,5,207,DIVISION ST,41.753713,-87.536681,05/06/2022 02:57:00 PM,2022
CR00001221,01/26/2020 10:24:00 AM,25,RAIN,DARKNESS - LIGHTED ROAD,TURNING,ONE-WAY,TRAFFIC SIGNAL,FAILING TO REDUCE SPEED,NOT APPLICABLE,0,1,2,3,10,1,1,730,HALSTED ST,41.88313,-87.677635,01/26/2020 11:34:00 AM,2020
CR00001222,08/04/2018 03:36:00 PM,40,CLEAR,DARKNESS,ANGLE,NOT DIVIDED,TRAFFIC SIGNAL,DISTRACTION - FROM INSIDE VEHICLE,UNABLE TO DETERMINE,0,0,0,0,15,7,8,1072,ARCHER AVE,41.998258,-87.836637,08/04/2018 04:59:00 PM,2018
CR00001223,08/01/2015 06:17:00 PM,35,RAIN,DAYLIGHT,REAR END,DIVIDED - W/MEDIAN BARRIER,NO CONTROLS,UNABLE TO DETERMINE,FOLLOWING TOO CLOSELY,0,0,2,2,18,7,8,2319,STONY ISLAND AVE,41.814282,-87.633161,08/01/2015 07:45:00 PM,2015
CR00001224,09/24/2023 07:21:00 PM,30,RAIN,DAYLIGHT,REAR END,FOUR WAY,NO CONTROLS,DISTRACTION - FROM INSIDE VEHICLE,UNABLE TO DETERMINE,0,2,2,4,19,1,9,2281,ROOSEVELT RD,41.838206,-87.712077,09/24/2023 07:39:00 PM,2023
CR00001225,06/17/2021 09:50:00 AM,40,RAIN,DAYLIGHT,TURNING,DIVIDED - W/MEDIAN (NOT RAISED),NO CONTROLS,FOLLOWING TOO CLOSELY,UNABLE TO DETERMINE,0,0,0,0,9,5,6,1442,STONY ISLAND AVE,41.959912,-87.546798,06/17/2021 10:15:00 AM,2021
CR00001226,12/23/2020 08:21:00 PM,35,CLEAR,DARKNESS - LIGHTED ROAD,REAR END,DIVIDED - W/MEDIAN (NOT RAISED),STOP SIGN/FLASHER,UNABLE TO DETERMINE,NOT APPLICABLE,0,0,0,0,20,4,12,1010,MILWAUKEE AVE,41.979648,-87.787735,12/23/2020 09:05:00 PM,2020
CR00001227,12/09/2020 05:50:00 PM,20,RAIN,DARKNESS,TURNING,DIVIDED - W/MEDIAN (NOT RAISED),TRAFFIC SIGNAL,UNABLE TO DETERMINE,DISTRACTION - FROM INSIDE VEHICLE,0,0,0,0,17,4,12,2105,OGDEN AVE,41.730666,-87.548842,12/09/2020 06:55:00 PM,2020
CR00001228,12/12/2017 12:54:00 PM,30,CLEAR,DAYLIGHT,REAR END,NOT DIVIDED,NO CONTROLS,DISTRACTION - FROM INSIDE VEHICLE,DISTRACTION - FROM INSIDE VEHICLE,0,0,0,0,12,3,12,591,63RD ST,41.70469,-87.737846,12/12/2017 01:57:00 PM,2017
CR00001229,09/29/2020 10:36:00 PM,35,CLEAR,DAYLIGHT,REAR END,ONE-WAY,UNKNOWN,FOLLOWING TOO CLOSELY,IMPROPER LANE USAGE,0,0,0,0,22,3,9,1066,STATE ST,41.949719,-87.530142,09/29/2020 11:53:00 PM,2020
CR00001230,11/24/2023 02:05:00 AM,30,CLEAR,DAYLIGHT,PEDESTRIAN,NOT DIVIDED,TRAFFIC SIGNAL,DISTRACTION - FROM INSIDE VEHICLE,NOT APPLICABLE,0,1,1,2,2,6,11,978,DAMEN AVE,41.836103,-87.735631,11/24/2023 02:47:00 AM,2023
CR00001231,05/03/2020 07:54:00 PM,30,CLEAR,DARKNESS,PARKED MOTOR VEHICLE,NOT DIVIDED,NO CONTROLS,WEATHER,NOT APPLICABLE,0,0,2,2,19,1,5,456,PULASKI RD,41.955468,-87.833973,05/03/2020 09:14:00 PM,2020