CRASH_RECORD_ID,CRASH_DATE,POSTED_SPEED_LIMIT,WEATHER_CONDITION,LIGHTING_CONDITION,FIRST_CRASH_TYPE,TRAFFICWAY_TYPE,TRAFFIC_CONTROL_DEVICE,PRIM_CONTRIBUTORY_CAUSE,SEC_CONTRIBUTORY_CAUSE,INJURIES_FATAL,INJURIES_INCAPACITATING,INJURIES_NON_INCAPACITATING,INJURIES_TOTAL,CRASH_HOUR,CRASH_DAY_OF_WEEK,CRASH_MONTH,BEAT_OF_OCCURRENCE,STREET_NAME,LATITUDE,LONGITUDE,DATE_POLICE_NOTIFIED,year
CR00001232,09/15/2023 12:11:00 PM,45,CLEAR,DARKNESS - LIGHTED ROAD,ANGLE,NOT DIVIDED,STOP SIGN/FLASHER,DISREGARDING TRAFFIC SIGNALS,NOT APPLICABLE,0,0,0,0,12,6,9,639,IRVING PARK RD,41.884716,-87.518209,09/15/2023 12:27:00 PM,2023
CR00001233,05/11/2020 12:17:00 AM,30,CLEAR,DAYLIGHT,REAR END,DIVIDED - W/MEDIAN (NOT RAISED),STOP SIGN/FLASHER,WEATHER,FAILING TO YIELD RIGHT-OF-WAY,0,0,0,0,0,2,5,1804,PULASKI RD,41.770503,-87.67001,05/11/2020 01:29:00 AM,2020
CR00001234,08/21/2018 08:37:00 PM,30,CLEAR,DAYLIGHT,REAR END,ONE-WAY,UNKNOWN,FOLLOWING TOO CLOSELY,DRIVING SKILLS/KNOWLEDGE/EXPERIENCE,0,0,0,0,20,3,8,1481,ROOSEVELT RD,41.937689,-87.692577,08/21/2018 09:34:00 PM,2018
CR00001235,07/04/2022 10:34:00 AM,30,CLOUDY/OVERCAST,DARKNESS - LIGHTED ROAD,SIDESWIPE SAME DIRECTION,NOT DIVIDED,TRAFFIC SIGNAL,UNABLE TO DETERMINE,FOLLOWING TOO CLOSELY,0,0,0,0,10,2,7,586,CICERO AVE,41.919866,-87.702312,07/04/2022 11:21:00 AM,2022
CR00001236,02/10/2024 06:27:00 PM,30,CLEAR,DARKNESS - LIGHTED ROAD,SIDESWIPE SAME DIRECTION,FOUR WAY,STOP SIGN/FLASHER,UNABLE TO DETERMINE,UNABLE TO DETERMINE,0,0,1,1,18,7,2,1068,HALSTED ST,41.964747,-87.834994,02/10/2024 08:10:00 PM,2024
CR00001237,03/17/2022 10:56:00 PM,15,CLEAR,DAYLIGHT,PARKED MOTOR VEHICLE,FOUR WAY,TRAFFIC SIGNAL,DRIVING SKILLS/KNOWLEDGE/EXPERIENCE,DISREGARDING TRAFFIC SIGNALS,0,1,0,1,22,5,3,846,63RD ST,41.762503,-87.736608,03/17/2022 11:58:00 PM,2022
CR00001238,02/16/2016 10:19:00 AM,45,RAIN,DARKNESS,ANGLE,NOT DIVIDED,TRAFFIC SIGNAL,FAILING TO REDUCE SPEED,NOT APPLICABLE,0,0,0,0,10,3,2,1009,DAMEN AVE,41.855943,-87.634082,02/16/2016 11:09:00 AM,2016
CR00001239,01/14/2020 05:50:00 PM,15,CLEAR,DAYLIGHT,ANGLE,DIVIDED - W/MEDIAN BARRIER,UNKNOWN,UNABLE TO DETERMINE,NOT APPLICABLE,0,0,0,0,17,3,1,1610,CLARK ST,41.984837,-87.624899,01/14/2020 06:10:00 PM,2020
CR00001240,05/06/2017 04:33:00 AM,20,CLOUDY/OVERCAST,DAYLIGHT,REAR END,NOT DIVIDED,NO CONTROLS,UNABLE TO DETERMINE,IMPROPER LANE USAGE,0,0,0,0,4,7,5,686,79TH ST,41.94407,-87.602352,05/06/2017 06:17:00 AM,2017
CR00001241,01/30/2015 05:19:00 PM,20,CLEAR,DAYLIGHT,TURNING,NOT DIVIDED,TRAFFIC SIGNAL,UNABLE TO DETERMINE,UNABLE TO DETERMINE,0,0,0,0,17,6,1,2364,CALIFORNIA AVE,41.717695,-87.591596,01/30/2015 07:13:00 PM,2015
CR00001242,11/14/2018 01:34:00 AM,35,CLEAR,DAYLIGHT,TURNING,ONE-WAY,TRAFFIC SIGNAL,FOLLOWING TOO CLOSELY,FOLLOWING TOO CLOSELY,0,0,0,0,1,4,11,1587,ELSTON AVE,41.841498,-87.668462,11/14/2018 01:46:00 AM,2018
CR00001243,01/15/2022 09:30:00 AM,30,CLEAR,DARKNESS - LIGHTED ROAD,REAR END,ONE-WAY,PEDESTRIAN CROSSING SIGN,DISTRACTION - FROM INSIDE VEHICLE,DISREGARDING TRAFFIC SIGNALS,0,0,0,0,9,7,1,1957,BROADWAY,41.746426,-87.650073,01/15/2022 09:35:00 AM,2022
CR00001244,05/17/2022 04:15:00 PM,35,CLEAR,DARKNESS - LIGHTED ROAD,ANGLE,NOT DIVIDED,NO CONTROLS,IMPROPER OVERTAKING/PASSING,FAILING TO REDUCE SPEED,0,0,0,0,16,3,5,980,KEDZIE AVE,41.817749,-87.657719,05/17/2022 04:39:00 PM,2022
CR00001245,12/20/2019 08:45:00 PM,15,CLEAR,DAYLIGHT,REAR END,NOT DIVIDED,STOP SIGN/FLASHER,IMPROPER LANE USAGE,NOT APPLICABLE,0,0,0,0,20,6,12,976,ROOSEVELT RD,41.977738,-87.620611,12/20/2019 09:09:00 PM,2019
CR00001246,08/15/2019 07:06:00 AM,20,RAIN,DAYLIGHT,SIDESWIPE SAME DIRECTION,ONE-WAY,STOP SIGN/FLASHER,UNABLE TO DETERMINE,FOLLOWING TOO CLOSELY,0,0,0,0,7,5,8,782,MILWAUKEE AVE,41.939821,-87.619964,08/15/2019 08:21:00 AM,2019
CR00001247,04/29/2022 12:44:00 PM,30,CLEAR,DAYLIGHT,ANGLE,DIVIDED - W/MEDIAN BARRIER,STOP SIGN/FLASHER,IMPROPER OVERTAKING/PASSING,DISREGARDING TRAFFIC SIGNALS,0,0,3,3,12,6,4,2119,MICHIGAN AVE,41.760956,-87.65542,04/29/2022 01:24:00 PM,2022
CR00001248,10/23/2016 09:25:00 PM,30,RAIN,DAWN,ANGLE,FOUR WAY,UNKNOWN,DISREGARDING TRAFFIC SIGNALS,UNABLE TO DETERMINE,0,0,0,0,21,1,10,839,CALIFORNIA AVE,41.98257,-87.650135,10/23/2016 09:59:00 PM,2016
CR00001249,10/08/2021 10:54:00 PM,45,CLEAR,DAWN,ANGLE,ONE-WAY,UNKNOWN,UNABLE TO DETERMINE,UNABLE TO DETERMINE,0,0,2,2,22,6,10,2108,47TH ST,41.720965,-87.830597,10/08/2021 11:26:00 PM,2021
CR00001250,03/02/2024 11:08:00 AM,25,CLEAR,DAYLIGHT,FIXED OBJECT,T-INTERSECTION,NO CONTROLS,UNABLE TO DETERMINE,NOT APPLICABLE,0,0,0,0,11,7,3,1592,BROADWAY,41.867494,-87.529757,03/02/2024 11:40:00 AM,2024
CR00001251,03/06/2023 08:46:00 PM,35,CLEAR,DARKNESS - LIGHTED ROAD,ANGLE,ONE-WAY,TRAFFIC SIGNAL,FAILING TO YIELD RIGHT-OF-WAY,FAILING TO REDUCE SPEED,0,0,1,1,20,2,3,962,47TH ST,41.928299,-87.678869,03/06/2023 10:30:00 PM,2023
CR00001252,04/19/2023 07:45:00 PM,15,CLEAR,DAYLIGHT,SIDESWIPE SAME DIRECTION,NOT DIVIDED,NO CONTROLS,FAILING TO YIELD RIGHT-OF-WAY,DISTRACTION - FROM INSIDE VEHICLE,0,0,3,3,19,4,4,435,FULLERTON AVE,41.818304,-87.828692,04/19/2023 09:33:00 PM,2023
CR00001253,08/03/2024 08:36:00 PM,25,CLEAR,DUSK,ANGLE,NOT DIVIDED,NO CONTROLS,WEATHER,UNABLE TO DETERMINE,0,0,0,0,20,7,8,2464,STONY ISLAND AVE,41.838064,-87.728589,08/03/2024 10:28:00 PM,2024
CR00001254,09/27/2023 07:37:00 PM,35,CLEAR,DARKNESS - LIGHTED ROAD,REAR TO FRONT,ONE-WAY,NO CONTROLS,UNABLE TO DETERMINE,IMPROPER LANE USAGE,0,0,0,0,19,4,9,904,WESTERN AVE,41.899203,-87.817634,09/27/2023 08:03:00 PM,2023
CR00001255,06/19/2021 01:30:00 PM,20,CLEAR,DAYLIGHT,REAR END,FOUR WAY,NO CONTROLS,DISREGARDING TRAFFIC SIGNALS,UNABLE TO DETERMINE,0,0,0,0,13,7,6,573,KEDZIE AVE,41.906032,-87.675047,06/19/2021 02:48:00 PM,2021
CR00001256,10/06/2016 07:55:00 AM,25,CLEAR,DAYLIGHT,PARKED MOTOR VEHICLE,T-INTERSECTION,YIELD,FAILING TO REDUCE SPEED,UNABLE TO DETERMINE,0,0,0,0,7,5,10,574,ASHLAND AVE,41.910121,-87.688879,10/06/2016 08:55:00 AM,2016
CR00001257,04/17/2019 01:06:00 PM,15,CLEAR,DAYLIGHT,PEDESTRIAN,DIVIDED - W/MEDIAN (NOT RAISED),STOP SIGN/FLASHER,DISREGARDING TRAFFIC SIGNALS,NOT APPLICABLE,0,0,0,0,13,4,4,2267,IRVING PARK RD,41.754212,-87.807665,04/17/2019 02:39:00 PM,2019
CR00001258,11/28/2019 09:12:00 AM,40,CLEAR,DARKNESS - LIGHTED ROAD,REAR END,DIVIDED - W/MEDIAN (NOT RAISED),STOP SIGN/FLASHER,DISTRACTION - FROM INSIDE VEHICLE,NOT APPLICABLE,0,1,3,4,9,5,11,1334,IRVING PARK RD,41.757733,-87.716901,11/28/2019 09:39:00 AM,2019
CR00001259,11/03/2020 06:09:00 AM,15,RAIN,DARKNESS,TURNING,FOUR WAY,TRAFFIC SIGNAL,UNABLE TO DETERMINE,NOT APPLICABLE,0,0,0,0,6,3,11,1480,WESTERN AVE,41.784613,-87.814839,11/03/2020 06:46:00 AM,2020
CR00001260,06/19/2021 06:20:00 PM,30,CLEAR,DUSK,TURNING,NOT DIVIDED,UNKNOWN,DISREGARDING TRAFFIC SIGNALS,DISTRACTION - FROM INSIDE VEHICLE,0,0,1,1,18,7,6,105,KEDZIE AVE,41.951997,-87.64301,06/19/2021 07:50:00 PM,2021
CR00001261,01/10/2023 06:36:00 PM,15,FREEZING RAIN/DRIZZLE,DAYLIGHT,SIDESWIPE SAME DIRECTION,DIVIDED - W/MEDIAN (NOT RAISED),NO CONTROLS,UNABLE TO DETERMINE,FOLLOWING TOO CLOSELY,0,0,0,0,18,3,1,881,DAMEN AVE,41.738461,-87.606904,01/10/2023 07:40:00 PM,2023
CR00001262,01/10/2019 04:20:00 PM,30,CLEAR,DAYLIGHT,REAR END,T-INTERSECTION,PEDESTRIAN CROSSING SIGN,UNABLE TO DETERMINE,UNABLE TO DETERMINE,0,0,0,0,16,5,1,676,LAKE SHORE DR,41.816211,-87.5831,01/10/2019 04:37:00 PM,2019
CR00001263,08/09/2015 01:07:00 PM,30,CLEAR,DAYLIGHT,PARKED MOTOR VEHICLE,FOUR WAY,NO CONTROLS,IMPROPER OVERTAKING/PASSING,DISREGARDING TRAFFIC SIGNALS,0,0,0,0,13,1,8,449,DAMEN AVE,41.748586,-87.769218,08/09/2015 02:11:00 PM,2015
CR00001264,10/12/2019 04:01:00 PM,20,CLEAR,DAYLIGHT,SIDESWIPE SAME DIRECTION,NOT DIVIDED,STOP SIGN/FLASHER,DISTRACTION - FROM INSIDE VEHICLE,DISTRACTION - FROM INSIDE VEHICLE,0,0,0,0,16,7,10,131,MICHIGAN AVE,41.738996,-87.548996,10/12/2019 05:09:00 PM,2019
CR00001265,11/12/2022 06:55:00 PM,30,CLEAR,DARKNESS - LIGHTED ROAD,ANGLE,T-INTERSECTION,STOP SIGN/FLASHER,IMPROPER OVERTAKING/PASSING,FAILING TO YIELD RIGHT-OF-WAY,0,0,0,0,18,7,11,1833,CLARK ST,41.774909,-87.806357,11/12/2022 08:14:00 PM,2022
CR00001266,12/26/2021 04:23:00 AM,30,CLEAR,DAYLIGHT,SIDESWIPE SAME DIRECTION,NOT DIVIDED,TRAFFIC SIGNAL,UNABLE TO DETERMINE,UNABLE TO DETERMINE,0,0,0,0,4,1,12,1128,CALIFORNIA AVE,41.903121,-87.500686,12/26/2021 05:11:00 AM,2021
CR00001267,11/14/2019 12:07:00 AM,40,CLEAR,DAYLIGHT,REAR END,NOT DIVIDED,UNKNOWN,FAILING TO YIELD RIGHT-OF-WAY,DRIVING SKILLS/KNOWLEDGE/EXPERIENCE,0,0,0,0,0,5,11,1041,ASHLAND AVE,41.71782,-87.808522,11/14/2019 01:48:00 AM,2019
CR00001268,01/15/2020 01:17:00 PM,15,CLEAR,DAYLIGHT,ANGLE,NOT DIVIDED,UNKNOWN,DISTRACTION - FROM INSIDE VEHICLE,FAILING TO YIELD RIGHT-OF-WAY,0,0,0,0,13,4,1,1934,ASHLAND AVE,41.726994,-87.793344,01/15/2020 02:24:00 PM,2020
CR00001269,08/29/2016 04:01:00 PM,35,CLEAR,DAYLIGHT,REAR END,DIVIDED - W/MEDIAN (NOT RAISED),UNKNOWN,UNABLE TO DETERMINE,FOLLOWING TOO CLOSELY,0,0,2,2,16,2,8,426,PULASKI RD,41.72533,-87.672073,08/29/2016 04:54:00 PM,2016
CR00001270,02/13/2024 10:23:00 AM,30,CLEAR,DAYLIGHT,ANGLE,DIVIDED - W/MEDIAN (NOT RAISED),NO CONTROLS,FAILING TO YIELD RIGHT-OF-WAY,DRIVING SKILLS/KNOWLEDGE/EXPERIENCE,0,0,1,1,10,3,2,2263,63RD ST,41.940308,-87.788757,02/13/2024 11:54:00 AM,2024
CR00001271,12/26/2018 02:27:00 PM,20,RAIN,DAYLIGHT,TURNING,NOT DIVIDED,STOP SIGN/FLASHER,WEATHER,UNABLE TO DETERMINE,0,0,0,0,14,4,12,1748,STONY ISLAND AVE,41.878848,-87.676339,12/26/2018 02:54:00 PM,2018
CR00001272,03/23/2024 09:58:00 PM,45,CLEAR,DARKNESS - LIGHTED ROAD,SIDESWIPE SAME DIRECTION,NOT DIVIDED,UNKNOWN,IMPROPER OVERTAKING/PASSING,UNABLE TO DETERMINE,0,0,2,2,21,7,3,231,PULASKI RD,41.831043,-87.79788,03/23/2024 10:44:00 PM,2024
CR00001273,12/25/2017 01:26:00 PM,15,FOG/SMOKE/HAZE,DAYLIGHT,REAR END,NOT DIVIDED,TRAFFIC SIGNAL,IMPROPER LANE USAGE,IMPROPER OVERTAKING/PASSING,0,0,0,0,13,2,12,2014,ASHLAND AVE,41.79318,-87.734384,12/25/2017 02:42:00 PM,2017
CR00001274,10/30/2017 02:01:00 AM,40,CLEAR,DARKNESS,ANGLE,T-INTERSECTION,UNKNOWN,FAILING TO REDUCE SPEED,DISTRACTION - FROM INSIDE VEHICLE,0,0,0,0,2,2,10,1204,FULLERTON AVE,41.778808,-87.767417,10/30/2017 03:40:00 AM,2017
CR00001275,01/13/2015 11:15:00 AM,15,CLEAR,DARKNESS - LIGHTED ROAD,PARKED MOTOR VEHICLE,ONE-WAY,NO CONTROLS,IMPROPER LANE USAGE,FOLLOWING TOO CLOSELY,0,0,0,0,11,3,1,2135,BROADWAY,41.912319,-87.739167,01/13/2015 11:38:00 AM,2015
CR00001276,10/14/2023 05:33:00 PM,35,CLEAR,DARKNESS - LIGHTED ROAD,ANGLE,T-INTERSECTION,NO CONTROLS,UNABLE TO DETERMINE,FAILING TO YIELD RIGHT-OF-WAY,0,0,1,1,17,7,10,1664,ASHLAND AVE,41.838974,-87.696344,10/14/2023 05:49:00 PM,2023
CR00001277,08/31/2016 08:31:00 AM,30,CLEAR,DAYLIGHT,REAR TO FRONT,DIVIDED - W/MEDIAN (NOT RAISED),TRAFFIC SIGNAL,UNABLE TO DETERMINE,UNABLE TO DETERMINE,0,0,0,0,8,4,8,2211,63RD ST,41.714731,-87.682038,08/31/2016 09:06:00 AM,2016
CR00001278,08/17/2021 05:18:00 PM,15,CLEAR,DARKNESS,SIDESWIPE SAME DIRECTION,NOT DIVIDED,TRAFFIC SIGNAL,DISTRACTION - FROM INSIDE VEHICLE,UNABLE TO DETERMINE,0,0,0,0,17,3,8,207,KEDZIE AVE,41.973591,-87.501515,08/17/2021 06:16:00 PM,2021
CR00001279,03/28/2020 03:32:00 AM,20,CLEAR,DAYLIGHT,REAR END,FOUR WAY,STOP SIGN/FLASHER,DISTRACTION - FROM INSIDE VEHICLE,UNABLE TO DETERMINE,0,0,0,0,3,7,3,1162,ASHLAND AVE,41.971223,-87.554512,03/28/2020 03:46:00 AM,2020
CR00001280,07/12/2024 04:51:00 PM,45,CLEAR,DARKNESS - LIGHTED ROAD,ANGLE,T-INTERSECTION,STOP SIGN/FLASHER,IMPROPER OVERTAKING/PASSING,NOT APPLICABLE,0,0,0,0,16,6,7,700,ASHLAND AVE,41.810813,-87.604364,07/12/2024 06:10:00 PM,2024
CR00001281,12/09/2015 02:01:00 PM,40,CLEAR,DAYLIGHT,ANGLE,DIVIDED - W/MEDIAN (NOT RAISED),NO CONTROLS,FOLLOWING TOO CLOSELY,DRIVING SKILLS/KNOWLEDGE/EXPERIENCE,0,0,0,0,14,4,12,666,STONY ISLAND AVE,41.861251,-87.630914,12/09/2015 02:39:00 PM,2015
CR00001282,07/02/2023 07:28:00 AM,30,CLEAR,DAYLIGHT,ANGLE,NOT DIVIDED,NO CONTROLS,UNABLE TO DETERMINE,FOLLOWING TOO CLOSELY,0,0,1,1,7,1,7,2312,PULASKI RD,41.871326,-87.695876,07/02/2023 08:33:00 AM,2023
CR00001283,09/12/2019 03:20:00 PM,30,CLEAR,DARKNESS - LIGHTED ROAD,REAR END,NOT DIVIDED,STOP SIGN/FLASHER,FAILING TO YIELD RIGHT-OF-WAY,UNABLE TO DETERMINE,0,0,0,0,15,5,9,444,STONY ISLAND AVE,41.728109,-87.555093,09/12/2019 05:08:00 PM,2019
CR00001284,09/23/2020 03:43:00 PM,35,RAIN,DARKNESS,ANGLE,DIVIDED - W/MEDIAN BARRIER,STOP SIGN/FLASHER,UNABLE TO DETERMINE,FOLLOWING TOO CLOSELY,0,1,3,4,15,4,9,276,FULLERTON AVE,41.971143,-87.797347,09/23/2020 05:16:00 PM,2020
CR00001285,12/23/2018 08:45:00 AM,35,CLEAR,DAYLIGHT,TURNING,NOT DIVIDED,TRAFFIC SIGNAL,DRIVING SKILLS/KNOWLEDGE/EXPERIENCE,DISTRACTION - FROM INSIDE VEHICLE,0,0,0,0,8,1,12,1116,STONY ISLAND AVE,41.971416,-87.819047,12/23/2018 10:00:00 AM,2018
CR00001286,06/19/2020 10:43:00 AM,35,RAIN,DARKNESS - LIGHTED ROAD,FIXED OBJECT,FOUR WAY,TRAFFIC SIGNAL,UNABLE TO DETERMINE,FOLLOWING TOO CLOSELY,0,0,1,1,10,6,6,285,DIVISION ST,41.91686,-87.726085,06/19/2020 12:23:00 PM,2020
CR00001287,09/24/2019 06:40:00 PM,30,RAIN,DAYLIGHT,REAR END,NOT DIVIDED,TRAFFIC SIGNAL,DRIVING SKILLS/KNOWLEDGE/EXPERIENCE,FOLLOWING TOO CLOSELY,0,0,0,0,18,3,9,721,CICERO AVE,41.882947,-87.715694,09/24/2019 07:12:00 PM,2019
CR00001288,12/24/2019 12:09:00 AM,30,RAIN,DAWN,SIDESWIPE SAME DIRECTION,FOUR WAY,TRAFFIC SIGNAL,FOLLOWING TOO CLOSELY,DRIVING SKILLS/KNOWLEDGE/EXPERIENCE,0,0,0,0,0,3,12,2339,HALSTED ST,41.730663,-87.800181,12/24/2019 02:09:00 AM,2019
CR00001289,01/02/2015 03:36:00 PM,35,CLEAR,DAYLIGHT,TURNING,ONE-WAY,NO CONTROLS,DISREGARDING TRAFFIC SIGNALS,DRIVING SKILLS/KNOWLEDGE/EXPERIENCE,0,1,3,4,15,6,1,1923,DIVISION ST,41.909006,-87.770217,01/02/2015 03:42:00 PM,2015
CR00001290,06/16/2021 04:27:00 AM,30,CLEAR,DARKNESS - LIGHTED ROAD,REAR TO FRONT,DIVIDED - W/MEDIAN BARRIER,NO CONTROLS,FAILING TO YIELD RIGHT-OF-WAY,DISTRACTION - FROM INSIDE VEHICLE,0,0,0,0,4,4,6,768,KEDZIE AVE,41.949906,-87.818786,06/16/2021 04:37:00 AM,2021
CR00001291,01/06/2023 01:06:00 PM,30,CLEAR,DAYLIGHT,REAR END,NOT DIVIDED,TRAFFIC SIGNAL,DRIVING SKILLS/KNOWLEDGE/EXPERIENCE,DRIVING SKILLS/KNOWLEDGE/EXPERIENCE,0,0,0,0,13,6,1,486,BROADWAY,41.842533,-87.707329,01/06/2023 01:07:00 PM,2023
CR00001292,09/23/2018 08:53:00 PM,30,CLEAR,DAYLIGHT,SIDESWIPE SAME DIRECTION,NOT DIVIDED,STOP SIGN/FLASHER,UNABLE TO DETERMINE,FAILING TO YIELD RIGHT-OF-WAY,0,0,0,0,20,1,9,1402,79TH ST,41.973003,-87.723889,09/23/2018 09:29:00 PM,2018
CR00001293,05/10/2015 08:44:00 AM,20,CLEAR,DUSK,REAR TO FRONT,ONE-WAY,YIELD,UNABLE TO DETERMINE,WEATHER,0,0,0,0,8,1,5,2212,HALSTED ST,41.708476,-87.651473,05/10/2015 09:36:00 AM,2015
CR00001294,11/07/2022 09:38:00 AM,40,CLOUDY/OVERCAST,DAYLIGHT,TURNING,DIVIDED - W/MEDIAN (NOT RAISED),STOP SIGN/FLASHER,UNABLE TO DETERMINE,UNABLE TO DETERMINE,0,0,0,0,9,2,11,1212,CICERO AVE,41.925902,-87.62933,11/07/2022 10:48:00 AM,2022
CR00001295,12/19/2019 09:26:00 AM,30,RAIN,DAYLIGHT,TURNING,FOUR WAY,TRAFFIC SIGNAL,FOLLOWING TOO CLOSELY,DRIVING SKILLS/KNOWLEDGE/EXPERIENCE,0,0,0,0,9,5,12,1829,DIVISION ST,41.998583,-87.574453,12/19/2019 11:14:00 AM,2019
CR00001296,06/09/2022 04:39:00 PM,40,CLEAR,DARKNESS - LIGHTED ROAD,SIDESWIPE SAME DIRECTION,DIVIDED - W/MEDIAN BARRIER,NO CONTROLS,FOLLOWING TOO CLOSELY,FOLLOWING TOO CLOSELY,0,0,2,2,16,5,6,2509,STATE ST,41.908944,-87.657657,06/09/2022 05:19:00 PM,2022
CR00001297,07/08/2018 09:42:00 PM,25,CLEAR,DARKNESS,REAR TO FRONT,ONE-WAY,TRAFFIC SIGNAL,FOLLOWING TOO CLOSELY,FAILING TO REDUCE SPEED,0,0,0,0,21,1,7,1662,47TH ST,41.737235,-87.802831,07/08/2018 10:59:00 PM,2018
CR00001298,07/02/2015 11:07:00 AM,30,RAIN,DARKNESS - LIGHTED ROAD,REAR TO FRONT,T-INTERSECTION,STOP SIGN/FLASHER,FAILING TO YIELD RIGHT-OF-WAY,UNABLE TO DETERMINE,0,0,0,0,11,5,7,1825,MILWAUKEE AVE,41.723582,-87.611032,07/02/2015 11:15:00 AM,2015
CR00001299,10/15/2017 01:45:00 PM,30,RAIN,DAYLIGHT,TURNING,ONE-WAY,NO CONTROLS,UNABLE TO DETERMINE,UNABLE TO DETERMINE,0,0,0,0,13,1,10,2533,79TH ST,41.730002,-87.647256,10/15/2017 02:27:00 PM,2017
CR00001300,04/21/2022 04:19:00 PM,35,SNOW,DAYLIGHT,REAR TO FRONT,ONE-WAY,STOP SIGN/FLASHER,FAILING TO YIELD RIGHT-OF-WAY,FAILING TO YIELD RIGHT-OF-WAY,0,0,1,1,16,5,4,2137,DAMEN AVE,41.753678,-87.747339,04/21/2022 05:08:00 PM,2022
CR00001301,07/24/2015 11:50:00 AM,30,CLEAR,DAYLIGHT,TURNING,ONE-WAY,YIELD,IMPROPER OVERTAKING/PASSING,FOLLOWING TOO CLOSELY,0,0,0,0,11,6,7,2301,WESTERN AVE,41.748549,-87.562933,07/24/2015 01:50:00 PM,2015
CR00001302,05/28/2021 02:50:00 PM,35,CLEAR,DAYLIGHT,TURNING,NOT DIVIDED,TRAFFIC SIGNAL,FAILING TO YIELD RIGHT-OF-WAY,NOT APPLICABLE,0,0,1,1,14,6,5,635,79TH ST,41.934378,-87.568157,05/28/2021 02:54:00 PM,2021
CR00001303,01/24/2017 08:26:00 PM,30,RAIN,DARKNESS - LIGHTED ROAD,TURNING,NOT DIVIDED,NO CONTROLS,UNABLE TO DETERMINE,FAILING TO REDUCE SPEED,0,0,0,0,20,3,1,1842,STONY ISLAND AVE,41.786757,-87.81206,01/24/2017 09:47:00 PM,2017
CR00001304,08/05/2024 08:07:00 AM,35,CLEAR,DARKNESS - LIGHTED ROAD,FIXED OBJECT,FOUR WAY,TRAFFIC SIGNAL,FOLLOWING TOO CLOSELY,FAILING TO YIELD RIGHT-OF-WAY,0,0,0,0,8,2,8,650,IRVING PARK RD,41.788234,-87.512852,08/05/2024 09:50:00 AM,2024
CR00001305,07/18/2018 05:04:00 PM,20,CLEAR,DAYLIGHT,ANGLE,NOT DIVIDED,TRAFFIC SIGNAL,DRIVING SKILLS/KNOWLEDGE/EXPERIENCE,DISTRACTION - FROM INSIDE VEHICLE,0,0,0,0,17,4,7,1690,PULASKI RD,41.731097,-87.788093,07/18/2018 06:35:00 PM,2018
CR00001306,01/26/2015 08:57:00 PM,40,CLEAR,DAYLIGHT,REAR END,NOT DIVIDED,STOP SIGN/FLASHER,IMPROPER LANE USAGE,NOT APPLICABLE,0,0,3,3,20,2,1,1567,CALIFORNIA AVE,41.994594,-87.68158,01/26/2015 10:01:00 PM,2015
CR00001307,10/23/2023 12:59:00 AM,35,CLEAR,DAYLIGHT,PEDESTRIAN,NOT DIVIDED,NO CONTROLS,UNABLE TO DETERMINE,UNABLE TO DETERMINE,0,0,2,2,0,2,10,2265,STATE ST,41.937758,-87.55154,10/23/2023 02:21:00 AM,2023
CR00001308,07/26/2017 07:48:00 PM,15,CLEAR,DARKNESS - LIGHTED ROAD,TURNING,FOUR WAY,NO CONTROLS,FAILING TO YIELD RIGHT-OF-WAY,FOLLOWING TOO CLOSELY,0,0,3,3,19,4,7,2205,STONY ISLAND AVE,41.918849,-87.546761,07/26/2017 08:57:00 PM,2017
CR00001309,06/22/2018 07:07:00 AM,30,CLEAR,DUSK,SIDESWIPE SAME DIRECTION,NOT DIVIDED,NO CONTROLS,FAILING TO REDUCE SPEED,FAILING TO YIELD RIGHT-OF-WAY,0,0,0,0,7,6,6,1142,CLARK ST,41.908415,-87.768604,06/22/2018 07:49:00 AM,2018
CR00001310,04/27/2022 12:18:00 PM,20,CLEAR,DAYLIGHT,REAR END,NOT DIVIDED,UNKNOWN,IMPROPER OVERTAKING/PASSING,FOLLOWING TOO CLOSELY,0,0,0,0,12,4,4,2300,DIVISION ST,41.801562,-87.799025,04/27/2022 12:44:00 PM,2022
CR00001311,08/01/2023 07:46:00 PM,30,CLEAR,DARKNESS,SIDESWIPE SAME DIRECTION,FOUR WAY,STOP SIGN/FLASHER,FAILING TO REDUCE SPEED,DISREGARDING TRAFFIC SIGNALS,0,0,1,1,19,3,8,781,LAKE SHORE DR,41.835225,-87.53459,08/01/2023 08:37:00 PM,2023
CR00001312,11/26/2016 01:12:00 AM,40,CLEAR,DAYLIGHT,PARKED MOTOR VEHICLE,DIVIDED - W/MEDIAN (NOT RAISED),NO CONTROLS,UNABLE TO DETERMINE,FOLLOWING TOO CLOSELY,0,0,1,1,1,7,11,1447,47TH ST,41.969322,-87.726229,11/26/2016 01:14:00 AM,2016
CR00001313,02/15/2022 08:02:00 AM,40,CLEAR,DAYLIGHT,SIDESWIPE SAME DIRECTION,FOUR WAY,NO CONTROLS,FOLLOWING TOO CLOSELY,NOT APPLICABLE,0,0,0,0,8,3,2,1040,CLARK ST,41.998299,-87.507399,02/15/2022 08:44:00 AM,2022
CR00001314,02/18/2015 02:54:00 AM,35,CLEAR,DARKNESS - LIGHTED ROAD,SIDESWIPE SAME DIRECTION,ONE-WAY,NO CONTROLS,FAILING TO YIELD RIGHT-OF-WAY,FAILING TO YIELD RIGHT-OF-WAY,0,0,1,1,2,4,2,805,STATE ST,41.854411,-87.599696,02/18/2015 03:45:00 AM,2015