CRASH_RECORD_ID,CRASH_DATE,POSTED_SPEED_LIMIT,WEATHER_CONDITION,LIGHTING_CONDITION,FIRST_CRASH_TYPE,TRAFFICWAY_TYPE,TRAFFIC_CONTROL_DEVICE,PRIM_CONTRIBUTORY_CAUSE,SEC_CONTRIBUTORY_CAUSE,INJURIES_FATAL,INJURIES_INCAPACITATING,INJURIES_NON_INCAPACITATING,INJURIES_TOTAL,CRASH_HOUR,CRASH_DAY_OF_WEEK,CRASH_MONTH,BEAT_OF_OCCURRENCE,STREET_NAME,LATITUDE,LONGITUDE,DATE_POLICE_NOTIFIED,year
CR00001315,11/06/2017 09:58:00 AM,40,CLEAR,DARKNESS - LIGHTED ROAD,TURNING,DIVIDED - W/MEDIAN BARRIER,NO CONTROLS,IMPROPER OVERTAKING/PASSING,IMPROPER LANE USAGE,0,0,0,0,9,2,11,990,CALIFORNIA AVE,41.807839,-87.758339,11/06/2017 10:05:00 AM,2017
CR00001316,11/25/2022 08:35:00 PM,30,CLEAR,DARKNESS - LIGHTED ROAD,PARKED MOTOR VEHICLE,NOT DIVIDED,NO CONTROLS,DRIVING SKILLS/KNOWLEDGE/EXPERIENCE,IMPROPER OVERTAKING/PASSING,0,0,0,0,20,6,11,2157,OGDEN AVE,41.892536,-87.622181,11/25/2022 10:32:00 PM,2022
CR00001317,05/31/2022 09:55:00 AM,35,RAIN,DARKNESS - LIGHTED ROAD,ANGLE,T-INTERSECTION,NO CONTROLS,WEATHER,FAILING TO REDUCE SPEED,0,0,0,0,9,3,5,349,CLARK ST,41.815799,-87.632265,05/31/2022 11:10:00 AM,2022
CR00001318,07/12/2018 03:37:00 PM,35,SNOW,DAYLIGHT,SIDESWIPE SAME DIRECTION,DIVIDED - W/MEDIAN (NOT RAISED),NO CONTROLS,UNABLE TO DETERMINE,NOT APPLICABLE,0,0,0,0,15,5,7,466,ROOSEVELT RD,41.951253,-87.813371,07/12/2018 05:25:00 PM,2018
CR00001319,09/16/2021 04:47:00 PM,35,CLEAR,DARKNESS - LIGHTED ROAD,SIDESWIPE SAME DIRECTION,NOT DIVIDED,STOP SIGN/FLASHER,UNABLE TO DETERMINE,UNABLE TO DETERMINE,0,0,1,1,16,5,9,561,79TH ST,41.949492,-87.622956,09/16/2021 06:03:00 PM,2021
CR00001320,05/25/2022 04:31:00 PM,45,CLEAR,DAYLIGHT,ANGLE,ONE-WAY,NO CONTROLS,FAILING TO REDUCE SPEED,IMPROPER LANE USAGE,0,0,0,0,16,4,5,2381,KEDZIE AVE,41.975985,-87.795009,05/25/2022 06:24:00 PM,2022
CR00001321,11/18/2016 07:07:00 AM,15,CLEAR,DAYLIGHT,FIXED OBJECT,ONE-WAY,TRAFFIC SIGNAL,IMPROPER OVERTAKING/PASSING,FAILING TO YIELD RIGHT-OF-WAY,0,0,0,0,7,6,11,1654,ASHLAND AVE,41.735092,-87.78521,11/18/2016 07:30:00 AM,2016
CR00001322,07/05/2015 01:32:00 AM,20,CLEAR,DAYLIGHT,TURNING,DIVIDED - W/MEDIAN (NOT RAISED),NO CONTROLS,FOLLOWING TOO CLOSELY,UNABLE TO DETERMINE,0,0,2,2,1,1,7,1063,ELSTON AVE,41.91446,-87.807404,07/05/2015 02:43:00 AM,2015
CR00001323,03/31/2018 11:41:00 AM,15,CLEAR,DAYLIGHT,TURNING,T-INTERSECTION,PEDESTRIAN CROSSING SIGN,DRIVING SKILLS/KNOWLEDGE/EXPERIENCE,DISTRACTION - FROM INSIDE VEHICLE,0,0,0,0,11,7,3,666,KEDZIE AVE,41.983022,-87.643629,03/31/2018 01:18:00 PM,2018
CR00001324,07/13/2018 10:26:00 AM,15,CLEAR,DUSK,TURNING,NOT DIVIDED,NO CONTROLS,FAILING TO YIELD RIGHT-OF-WAY,NOT APPLICABLE,0,0,1,1,10,6,7,1242,MILWAUKEE AVE,41.710461,-87.780505,07/13/2018 12:05:00 PM,2018
CR00001325,04/29/2023 04:24:00 PM,15,CLEAR,DAYLIGHT,FIXED OBJECT,DIVIDED - W/MEDIAN (NOT RAISED),TRAFFIC SIGNAL,FOLLOWING TOO CLOSELY,UNABLE TO DETERMINE,0,0,0,0,16,7,4,402,WESTERN AVE,41.72236,-87.843159,04/29/2023 05:53:00 PM,2023
CR00001326,04/05/2022 01:58:00 PM,30,CLEAR,DAYLIGHT,TURNING,ONE-WAY,TRAFFIC SIGNAL,UNABLE TO DETERMINE,FAILING TO YIELD RIGHT-OF-WAY,0,0,0,0,13,3,4,2522,STATE ST,41.960251,-87.601864,04/05/2022 03:29:00 PM,2022
CR00001327,08/30/2023 05:30:00 PM,30,CLEAR,DAYLIGHT,ANGLE,NOT DIVIDED,NO CONTROLS,DRIVING SKILLS/KNOWLEDGE/EXPERIENCE,UNABLE TO DETERMINE,0,0,0,0,17,4,8,1647,ELSTON AVE,41.884553,-87.721451,08/30/2023 06:42:00 PM,2023
CR00001328,02/20/2023 04:36:00 PM,15,CLEAR,DAYLIGHT,ANGLE,DIVIDED - W/MEDIAN (NOT RAISED),STOP SIGN/FLASHER,DRIVING SKILLS/KNOWLEDGE/EXPERIENCE,DRIVING SKILLS/KNOWLEDGE/EXPERIENCE,0,0,0,0,16,2,2,2417,ASHLAND AVE,41.747792,-87.637573,02/20/2023 06:17:00 PM,2023
CR00001329,04/19/2020 03:43:00 PM,15,CLEAR,DARKNESS - LIGHTED ROAD,TURNING,NOT DIVIDED,TRAFFIC SIGNAL,IMPROPER OVERTAKING/PASSING,NOT APPLICABLE,0,0,0,0,15,1,4,417,FULLERTON AVE,41.845589,-87.634972,04/19/2020 04:30:00 PM,2020
CR00001330,02/05/2020 12:01:00 PM,25,CLEAR,DARKNESS,REAR TO FRONT,DIVIDED - W/MEDIAN (NOT RAISED),TRAFFIC SIGNAL,DISTRACTION - FROM INSIDE VEHICLE,DRIVING SKILLS/KNOWLEDGE/EXPERIENCE,0,0,0,0,12,4,2,2464,ELSTON AVE,41.771024,-87.842203,02/05/2020 12:13:00 PM,2020
CR00001331,04/26/2024 08:24:00 AM,45,CLEAR,DAYLIGHT,REAR END,DIVIDED - W/MEDIAN (NOT RAISED),TRAFFIC SIGNAL,FOLLOWING TOO CLOSELY,DRIVING SKILLS/KNOWLEDGE/EXPERIENCE,0,0,0,0,8,6,4,1387,ASHLAND AVE,41.993333,-87.656346,04/26/2024 08:25:00 AM,2024
CR00001332,03/01/2020 03:29:00 PM,30,CLEAR,DARKNESS - LIGHTED ROAD,REAR END,NOT DIVIDED,NO CONTROLS,DRIVING SKILLS/KNOWLEDGE/EXPERIENCE,FAILING TO REDUCE SPEED,0,0,0,0,15,1,3,2358,HALSTED ST,41.727064,-87.588216,03/01/2020 04:32:00 PM,2020
CR00001333,02/22/2018 05:38:00 AM,25,CLEAR,DAYLIGHT,PARKED MOTOR VEHICLE,ONE-WAY,TRAFFIC SIGNAL,DRIVING SKILLS/KNOWLEDGE/EXPERIENCE,IMPROPER LANE USAGE,0,0,0,0,5,5,2,404,CALIFORNIA AVE,41.820844,-87.80178,02/22/2018 06:13:00 AM,2018
CR00001334,08/07/2015 09:45:00 PM,30,SNOW,DAYLIGHT,TURNING,ONE-WAY,NO CONTROLS,FOLLOWING TOO CLOSELY,FAILING TO YIELD RIGHT-OF-WAY,0,1,1,2,21,6,8,2171,HALSTED ST,41.974874,-87.813167,08/07/2015 10:56:00 PM,2015
CR00001335,01/12/2015 04:09:00 PM,45,CLEAR,DUSK,REAR END,NOT DIVIDED,STOP SIGN/FLASHER,FAILING TO YIELD RIGHT-OF-WAY,UNABLE TO DETERMINE,0,0,0,0,16,2,1,1501,DAMEN AVE,41.960893,-87.676069,01/12/2015 04:10:00 PM,2015
CR00001336,01/31/2018 03:29:00 AM,35,CLEAR,DARKNESS - LIGHTED ROAD,REAR END,ONE-WAY,STOP SIGN/FLASHER,FOLLOWING TOO CLOSELY,NOT APPLICABLE,0,0,0,0,3,4,1,1246,WESTERN AVE,41.948184,-87.752544,01/31/2018 05:20:00 AM,2018
CR00001337,08/28/2015 05:31:00 AM,25,CLOUDY/OVERCAST,DAYLIGHT,PEDESTRIAN,DIVIDED - W/MEDIAN (NOT RAISED),NO CONTROLS,UNABLE TO DETERMINE,UNABLE TO DETERMINE,0,0,0,0,5,6,8,1819,CICERO AVE,41.983596,-87.564111,08/28/2015 05:55:00 AM,2015
CR00001338,05/15/2019 04:59:00 PM,15,CLEAR,DAYLIGHT,ANGLE,DIVIDED - W/MEDIAN (NOT RAISED),NO CONTROLS,IMPROPER LANE USAGE,UNABLE TO DETERMINE,0,0,1,1,16,4,5,1999,ASHLAND AVE,41.93589,-87.51996,05/15/2019 06:22:00 PM,2019
CR00001339,02/26/2024 06:05:00 PM,30,CLEAR,DAYLIGHT,REAR END,ONE-WAY,NO CONTROLS,UNABLE TO DETERMINE,UNABLE TO DETERMINE,0,0,0,0,18,2,2,234,CALIFORNIA AVE,41.828221,-87.588364,02/26/2024 06:11:00 PM,2024
CR00001340,10/18/2015 09:27:00 PM,30,CLOUDY/OVERCAST,DARKNESS - LIGHTED ROAD,REAR END,ONE-WAY,STOP SIGN/FLASHER,FOLLOWING TOO CLOSELY,DRIVING SKILLS/KNOWLEDGE/EXPERIENCE,0,0,0,0,21,1,10,1440,47TH ST,41.904146,-87.848389,10/18/2015 10:29:00 PM,2015
CR00001341,04/15/2018 08:51:00 AM,45,RAIN,DARKNESS - LIGHTED ROAD,REAR END,DIVIDED - W/MEDIAN (NOT RAISED),TRAFFIC SIGNAL,UNABLE TO DETERMINE,IMPROPER LANE USAGE,0,0,0,0,8,1,4,1153,STATE ST,41.939235,-87.667334,04/15/2018 09:44:00 AM,2018
CR00001342,04/18/2020 08:07:00 PM,40,CLEAR,DARKNESS - LIGHTED ROAD,REAR END,NOT DIVIDED,TRAFFIC SIGNAL,UNABLE TO DETERMINE,UNABLE TO DETERMINE,0,0,0,0,20,7,4,389,PULASKI RD,41.919811,-87.514232,04/18/2020 09:49:00 PM,2020
CR00001343,11/22/2017 11:02:00 AM,30,SNOW,DAYLIGHT,REAR END,DIVIDED - W/MEDIAN (NOT RAISED),NO CONTROLS,UNABLE TO DETERMINE,NOT APPLICABLE,0,0,0,0,11,4,11,1574,CALIFORNIA AVE,41.932405,-87.617604,11/22/2017 11:54:00 AM,2017
CR00001344,11/14/2017 03:48:00 PM,30,CLEAR,DAYLIGHT,REAR END,T-INTERSECTION,TRAFFIC SIGNAL,IMPROPER OVERTAKING/PASSING,UNABLE TO DETERMINE,0,0,1,1,15,3,11,2509,ELSTON AVE,41.826203,-87.828834,11/14/2017 05:39:00 PM,2017
CR00001345,06/16/2017 06:16:00 PM,30,CLEAR,DARKNESS - LIGHTED ROAD,SIDESWIPE SAME DIRECTION,DIVIDED - W/MEDIAN (NOT RAISED),NO CONTROLS,DRIVING SKILLS/KNOWLEDGE/EXPERIENCE,UNABLE TO DETERMINE,0,0,3,3,18,6,6,1455,MILWAUKEE AVE,41.791092,-87.788093,06/16/2017 07:59:00 PM,2017
CR00001346,08/06/2015 02:52:00 PM,35,RAIN,DAYLIGHT,TURNING,NOT DIVIDED,TRAFFIC SIGNAL,FAILING TO YIELD RIGHT-OF-WAY,UNABLE TO DETERMINE,0,0,0,0,14,5,8,943,FULLERTON AVE,41.78301,-87.832458,08/06/2015 03:39:00 PM,2015
CR00001347,01/18/2017 07:52:00 PM,30,CLEAR,DAYLIGHT,ANGLE,FOUR WAY,UNKNOWN,FOLLOWING TOO CLOSELY,DISREGARDING TRAFFIC SIGNALS,0,0,0,0,19,4,1,212,63RD ST,41.710204,-87.522079,01/18/2017 09:48:00 PM,2017
CR00001348,09/23/2021 06:56:00 AM,40,CLEAR,DAYLIGHT,PARKED MOTOR VEHICLE,DIVIDED - W/MEDIAN BARRIER,NO CONTROLS,UNABLE TO DETERMINE,FOLLOWING TOO CLOSELY,0,0,0,0,6,5,9,1308,47TH ST,41.985313,-87.501127,09/23/2021 07:56:00 AM,2021
CR00001349,12/29/2019 06:24:00 PM,35,CLOUDY/OVERCAST,DARKNESS - LIGHTED ROAD,TURNING,NOT DIVIDED,TRAFFIC SIGNAL,FOLLOWING TOO CLOSELY,FAILING TO REDUCE SPEED,0,0,0,0,18,1,12,440,63RD ST,41.910809,-87.791133,12/29/2019 06:28:00 PM,2019
CR00001350,12/26/2016 12:57:00 AM,45,CLEAR,DAYLIGHT,REAR END,NOT DIVIDED,TRAFFIC SIGNAL,WEATHER,NOT APPLICABLE,0,0,0,0,0,2,12,307,CICERO AVE,41.74057,-87.696792,12/26/2016 01:38:00 AM,2016
CR00001351,08/01/2018 07:21:00 AM,30,SNOW,DARKNESS,FIXED OBJECT,FOUR WAY,NO CONTROLS,IMPROPER OVERTAKING/PASSING,DISTRACTION - FROM INSIDE VEHICLE,0,0,0,0,7,4,8,1491,PULASKI RD,41.915842,-87.785918,08/01/2018 09:14:00 AM,2018
CR00001352,11/30/2019 10:02:00 AM,15,CLEAR,DARKNESS,REAR TO FRONT,FOUR WAY,STOP SIGN/FLASHER,FAILING TO YIELD RIGHT-OF-WAY,DISTRACTION - FROM INSIDE VEHICLE,0,0,1,1,10,7,11,214,MICHIGAN AVE,41.953357,-87.687707,11/30/2019 11:13:00 AM,2019
CR00001353,06/22/2022 07:53:00 PM,45,CLEAR,DAYLIGHT,REAR TO FRONT,DIVIDED - W/MEDIAN BARRIER,NO CONTROLS,UNABLE TO DETERMINE,FAILING TO REDUCE SPEED,0,0,0,0,19,4,6,2471,ASHLAND AVE,41.702917,-87.712565,06/22/2022 09:20:00 PM,2022
CR00001354,01/13/2015 10:22:00 AM,40,RAIN,DARKNESS,REAR TO FRONT,NOT DIVIDED,NO CONTROLS,UNABLE TO DETERMINE,DRIVING SKILLS/KNOWLEDGE/EXPERIENCE,0,0,0,0,10,3,1,1328,79TH ST,41.70943,-87.77492,01/13/2015 10:28:00 AM,2015
CR00001355,11/17/2021 06:14:00 AM,30,CLEAR,DARKNESS,ANGLE,DIVIDED - W/MEDIAN (NOT RAISED),NO CONTROLS,UNABLE TO DETERMINE,FAILING TO YIELD RIGHT-OF-WAY,0,0,1,1,6,4,11,1688,CICERO AVE,41.987953,-87.724289,11/17/2021 07:52:00 AM,2021
CR00001356,05/17/2015 03:26:00 AM,40,CLEAR,DAYLIGHT,ANGLE,DIVIDED - W/MEDIAN (NOT RAISED),UNKNOWN,IMPROPER OVERTAKING/PASSING,IMPROPER OVERTAKING/PASSING,0,0,1,1,3,1,5,1176,PULASKI RD,41.819335,-87.700034,05/17/2015 05:23:00 AM,2015
CR00001357,09/23/2023 06:57:00 PM,25,CLOUDY/OVERCAST,DAYLIGHT,FIXED OBJECT,NOT DIVIDED,STOP SIGN/FLASHER,FOLLOWING TOO CLOSELY,FOLLOWING TOO CLOSELY,0,0,0,0,18,7,9,2479,47TH ST,41.843695,-87.75653,09/23/2023 08:25:00 PM,2023
CR00001358,03/16/2019 08:01:00 AM,25,CLEAR,DAYLIGHT,REAR END,NOT DIVIDED,NO CONTROLS,DISTRACTION - FROM INSIDE VEHICLE,FAILING TO YIELD RIGHT-OF-WAY,0,0,0,0,8,7,3,145,CICERO AVE,41.847233,-87.718058,03/16/2019 09:50:00 AM,2019
CR00001359,07/13/2020 08:24:00 AM,20,CLEAR,DARKNESS - LIGHTED ROAD,SIDESWIPE SAME DIRECTION,NOT DIVIDED,STOP SIGN/FLASHER,UNABLE TO DETERMINE,DISTRACTION - FROM INSIDE VEHICLE,0,0,0,0,8,2,7,865,63RD ST,41.739002,-87.713093,07/13/2020 09:01:00 AM,2020
CR00001360,06/03/2021 06:49:00 PM,20,CLEAR,DAYLIGHT,REAR TO FRONT,NOT DIVIDED,STOP SIGN/FLASHER,UNABLE TO DETERMINE,DISTRACTION - FROM INSIDE VEHICLE,0,0,0,0,18,5,6,1827,63RD ST,41.936783,-87.7423,06/03/2021 08:39:00 PM,2021
CR00001361,07/10/2015 12:15:00 PM,35,CLEAR,DAYLIGHT,SIDESWIPE SAME DIRECTION,NOT DIVIDED,NO CONTROLS,UNABLE TO DETERMINE,UNABLE TO DETERMINE,0,0,0,0,12,6,7,1672,BROADWAY,41.929292,-87.660645,07/10/2015 02:12:00 PM,2015
CR00001362,12/24/2019 08:50:00 AM,30,CLEAR,DAYLIGHT,REAR TO FRONT,ONE-WAY,STOP SIGN/FLASHER,DRIVING SKILLS/KNOWLEDGE/EXPERIENCE,IMPROPER OVERTAKING/PASSING,0,0,0,0,8,3,12,1424,FULLERTON AVE,41.978256,-87.751444,12/24/2019 10:17:00 AM,2019
CR00001363,08/26/2024 08:05:00 AM,25,CLEAR,DAYLIGHT,SIDESWIPE SAME DIRECTION,NOT DIVIDED,TRAFFIC SIGNAL,DISTRACTION - FROM INSIDE VEHICLE,NOT APPLICABLE,0,0,0,0,8,2,8,833,WESTERN AVE,41.921084,-87.580127,08/26/2024 08:45:00 AM,2024
CR00001364,12/02/2024 06:09:00 PM,35,CLEAR,DAYLIGHT,FIXED OBJECT,FOUR WAY,NO CONTROLS,UNABLE TO DETERMINE,NOT APPLICABLE,0,0,0,0,18,2,12,1922,ASHLAND AVE,41.806117,-87.784711,12/02/2024 06:42:00 PM,2024
CR00001365,01/08/2016 09:22:00 PM,20,SNOW,DARKNESS - LIGHTED ROAD,PEDESTRIAN,FOUR WAY,NO CONTROLS,UNABLE TO DETERMINE,FAILING TO YIELD RIGHT-OF-WAY,0,0,1,1,21,6,1,2248,ASHLAND AVE,41.75428,-87.698993,01/08/2016 09:44:00 PM,2016
CR00001366,11/09/2020 04:58:00 PM,35,CLEAR,DAWN,REAR END,ONE-WAY,TRAFFIC SIGNAL,UNABLE TO DETERMINE,DRIVING SKILLS/KNOWLEDGE/EXPERIENCE,0,0,0,0,16,2,11,1621,MILWAUKEE AVE,41.701283,-87.721885,11/09/2020 05:11:00 PM,2020
CR00001367,03/03/2021 04:05:00 PM,35,CLEAR,DARKNESS,FIXED OBJECT,NOT DIVIDED,TRAFFIC SIGNAL,DRIVING SKILLS/KNOWLEDGE/EXPERIENCE,DRIVING SKILLS/KNOWLEDGE/EXPERIENCE,0,0,0,0,16,4,3,282,47TH ST,41.964217,-87.650859,03/03/2021 05:05:00 PM,2021
CR00001368,07/26/2015 07:49:00 PM,45,CLEAR,DAYLIGHT,ANGLE,DIVIDED - W/MEDIAN (NOT RAISED),STOP SIGN/FLASHER,UNABLE TO DETERMINE,DRIVING SKILLS/KNOWLEDGE/EXPERIENCE,0,0,0,0,19,1,7,2483,LAKE SHORE DR,41.7709,-87.662758,07/26/2015 09:33:00 PM,2015
CR00001369,12/07/2016 09:32:00 PM,20,CLEAR,DAYLIGHT,REAR END,DIVIDED - W/MEDIAN BARRIER,YIELD,IMPROPER OVERTAKING/PASSING,UNABLE TO DETERMINE,0,0,0,0,21,4,12,104,PULASKI RD,41.988433,-87.741153,12/07/2016 09:39:00 PM,2016
CR00001370,12/28/2016 04:13:00 PM,30,CLEAR,DARKNESS - LIGHTED ROAD,REAR END,NOT DIVIDED,NO CONTROLS,UNABLE TO DETERMINE,FOLLOWING TOO CLOSELY,0,0,0,0,16,4,12,1241,LAKE SHORE DR,41.860996,-87.631155,12/28/2016 06:01:00 PM,2016
CR00001371,02/15/2018 05:13:00 PM,20,CLEAR,DAYLIGHT,TURNING,ONE-WAY,STOP SIGN/FLASHER,FAILING TO REDUCE SPEED,UNABLE TO DETERMINE,0,0,0,0,17,5,2,141,63RD ST,41.977366,-87.548911,02/15/2018 06:49:00 PM,2018
CR00001372,06/02/2016 07:40:00 PM,30,CLOUDY/OVERCAST,DARKNESS,REAR END,NOT DIVIDED,NO CONTROLS,UNABLE TO DETERMINE,FAILING TO REDUCE SPEED,0,0,0,0,19,5,6,1897,LAKE SHORE DR,41.738274,-87.628085,06/02/2016 07:47:00 PM,2016
CR00001373,01/11/2019 07:44:00 AM,20,CLEAR,DAYLIGHT,REAR END,DIVIDED - W/MEDIAN (NOT RAISED),NO CONTROLS,FAILING TO YIELD RIGHT-OF-WAY,UNABLE TO DETERMINE,0,0,1,1,7,6,1,111,63RD ST,41.969553,-87.584244,01/11/2019 08:49:00 AM,2019
CR00001374,04/01/2024 03:22:00 AM,35,CLEAR,DAYLIGHT,TURNING,ONE-WAY,NO CONTROLS,IMPROPER LANE USAGE,DRIVING SKILLS/KNOWLEDGE/EXPERIENCE,0,0,0,0,3,2,4,1018,HALSTED ST,41.878461,-87.522784,04/01/2024 04:19:00 AM,2024
CR00001375,08/12/2023 04:43:00 AM,20,CLEAR,DAYLIGHT,TURNING,FOUR WAY,NO CONTROLS,UNABLE TO DETERMINE,IMPROPER LANE USAGE,0,0,0,0,4,7,8,2274,KEDZIE AVE,41.74857,-87.640625,08/12/2023 05:37:00 AM,2023
CR00001376,05/03/2016 08:01:00 PM,30,CLEAR,DARKNESS - LIGHTED ROAD,TURNING,DIVIDED - W/MEDIAN (NOT RAISED),NO CONTROLS,UNABLE TO DETERMINE,IMPROPER LANE USAGE,0,0,0,0,20,3,5,432,KEDZIE AVE,41.952644,-87.590344,05/03/2016 09:47:00 PM,2016
CR00001377,04/30/2016 01:31:00 PM,30,CLEAR,DAYLIGHT,TURNING,T-INTERSECTION,NO CONTROLS,FAILING TO YIELD RIGHT-OF-WAY,UNABLE TO DETERMINE,0,0,0,0,13,7,4,1713,HALSTED ST,41.716763,-87.707948,04/30/2016 03:25:00 PM,2016
CR00001378,12/11/2015 04:32:00 PM,15,CLEAR,DAYLIGHT,TURNING,NOT DIVIDED,STOP SIGN/FLASHER,FOLLOWING TOO CLOSELY,IMPROPER LANE USAGE,0,2,1,3,16,6,12,872,47TH ST,41.933641,-87.575872,12/11/2015 05:11:00 PM,2015
CR00001379,07/09/2017 04:26:00 PM,35,CLEAR,DAYLIGHT,REAR END,DIVIDED - W/MEDIAN (NOT RAISED),NO CONTROLS,FAILING TO YIELD RIGHT-OF-WAY,NOT APPLICABLE,0,0,0,0,16,1,7,581,CICERO AVE,41.79069,-87.638419,07/09/2017 04:48:00 PM,2017
CR00001380,04/25/2018 07:16:00 AM,30,SNOW,DARKNESS - LIGHTED ROAD,FIXED OBJECT,DIVIDED - W/MEDIAN (NOT RAISED),NO CONTROLS,FAILING TO REDUCE SPEED,UNABLE TO DETERMINE,0,0,0,0,7,4,4,515,63RD ST,41.823281,-87.801894,04/25/2018 09:03:00 AM,2018
CR00001381,10/09/2020 03:40:00 PM,45,CLEAR,DAYLIGHT,PARKED MOTOR VEHICLE,NOT DIVIDED,UNKNOWN,FOLLOWING TOO CLOSELY,NOT APPLICABLE,0,0,3,3,15,6,10,446,63RD ST,41.985111,-87.633805,10/09/2020 05:15:00 PM,2020
CR00001382,09/26/2021 04:43:00 PM,30,CLEAR,DUSK,SIDESWIPE SAME DIRECTION,DIVIDED - W/MEDIAN (NOT RAISED),NO CONTROLS,FAILING TO YIELD RIGHT-OF-WAY,DISTRACTION - FROM INSIDE VEHICLE,0,0,0,0,16,1,9,335,ARCHER AVE,41.766181,-87.654103,09/26/2021 06:27:00 PM,2021
CR00001383,12/17/2020 09:14:00 AM,30,CLEAR,DAYLIGHT,PEDESTRIAN,DIVIDED - W/MEDIAN (NOT RAISED),STOP SIGN/FLASHER,DRIVING SKILLS/KNOWLEDGE/EXPERIENCE,IMPROPER OVERTAKING/PASSING,0,0,0,0,9,5,12,1761,WESTERN AVE,41.984771,-87.517723,12/17/2020 09:19:00 AM,2020
CR00001384,03/12/2019 07:17:00 PM,45,SNOW,DAYLIGHT,ANGLE,DIVIDED - W/MEDIAN (NOT RAISED),TRAFFIC SIGNAL,FAILING TO YIELD RIGHT-OF-WAY,IMPROPER LANE USAGE,0,0,0,0,19,3,3,1198,ROOSEVELT RD,41.840071,-87.595283,03/12/2019 09:15:00 PM,2019
CR00001385,08/29/2023 05:21:00 PM,35,CLOUDY/OVERCAST,DARKNESS - LIGHTED ROAD,REAR TO FRONT,ONE-WAY,TRAFFIC SIGNAL,UNABLE TO DETERMINE,FAILING TO YIELD RIGHT-OF-WAY,0,1,3,4,17,3,8,954,STATE ST,41.841656,-87.549964,08/29/2023 06:12:00 PM,2023
CR00001386,06/02/2016 05:11:00 AM,15,RAIN,DAYLIGHT,PARKED MOTOR VEHICLE,NOT DIVIDED,TRAFFIC SIGNAL,UNABLE TO DETERMINE,NOT APPLICABLE,0,0,0,0,5,5,6,1499,STONY ISLAND AVE,41.810982,-87.66258,06/02/2016 07:08:00 AM,2016
CR00001387,07/12/2023 01:38:00 PM,35,CLEAR,DAYLIGHT,REAR END,NOT DIVIDED,NO CONTROLS,UNABLE TO DETERMINE,IMPROPER OVERTAKING/PASSING,0,0,0,0,13,4,7,1231,HALSTED ST,41.935958,-87.720075,07/12/2023 02:27:00 PM,2023
CR00001388,09/08/2017 12:49:00 PM,20,CLEAR,DAYLIGHT,FIXED OBJECT,NOT DIVIDED,STOP SIGN/FLASHER,DRIVING SKILLS/KNOWLEDGE/EXPERIENCE,IMPROPER LANE USAGE,0,0,0,0,12,6,9,900,MICHIGAN AVE,41.99619,-87.757007,09/08/2017 01:39:00 PM,2017
CR00001389,11/21/2023 07:26:00 AM,35,CLEAR,DARKNESS - LIGHTED ROAD,REAR TO FRONT,DIVIDED - W/MEDIAN (NOT RAISED),NO CONTROLS,UNABLE TO DETERMINE,NOT APPLICABLE,0,1,1,2,7,3,11,174,WESTERN AVE,41.915518,-87.830457,11/21/2023 08:39:00 AM,2023
CR00001390,12/27/2020 05:43:00 PM,25,CLEAR,DAYLIGHT,REAR END,DIVIDED - W/MEDIAN (NOT RAISED),UNKNOWN,DRIVING SKILLS/KNOWLEDGE/EXPERIENCE,IMPROPER OVERTAKING/PASSING,0,0,0,0,17,1,12,478,ELSTON AVE,41.848705,-87.664209,12/27/2020 06:29:00 PM,2020
CR00001391,02/24/2018 11:10:00 AM,25,CLEAR,DARKNESS - LIGHTED ROAD,TURNING,NOT DIVIDED,NO CONTROLS,FAILING TO REDUCE SPEED,DISTRACTION - FROM INSIDE VEHICLE,0,0,0,0,11,7,2,2140,PULASKI RD,41.944694,-87.61972,02/24/2018 12:45:00 PM,2018
CR00001392,04/05/2016 03:12:00 PM,15,CLOUDY/OVERCAST,DARKNESS - LIGHTED ROAD,TURNING,DIVIDED - W/MEDIAN (NOT RAISED),UNKNOWN,UNABLE TO DETERMINE,UNABLE TO DETERMINE,0,0,0,0,15,3,4,1921,CALIFORNIA AVE,41.74908,-87.623163,04/05/2016 04:57:00 PM,2016
CR00001393,01/30/2020 07:36:00 AM,35,CLEAR,DAYLIGHT,SIDESWIPE SAME DIRECTION,NOT DIVIDED,STOP SIGN/FLASHER,UNABLE TO DETERMINE,NOT APPLICABLE,0,0,0,0,7,5,1,1562,HALSTED ST,41.904591,-87.707642,01/30/2020 08:01:00 AM,2020
CR00001394,02/15/2024 02:59:00 PM,40,SNOW,DAYLIGHT,REAR END,NOT DIVIDED,NO CONTROLS,IMPROPER OVERTAKING/PASSING,NOT APPLICABLE,0,0,0,0,14,5,2,829,ROOSEVELT RD,41.707376,-87.522382,02/15/2024 03:41:00 PM,2024
CR00001395,06/08/2016 04:19:00 AM,20,CLEAR,DAYLIGHT,PARKED MOTOR VEHICLE,NOT DIVIDED,NO CONTROLS,IMPROPER LANE USAGE,FAILING TO REDUCE SPEED,0,0,0,0,4,4,6,605,IRVING PARK RD,41.838934,-87.553661,06/08/2016 04:44:00 AM,2016
CR00001396,06/10/2017 08:25:00 PM,15,CLEAR,DAYLIGHT,REAR END,DIVIDED - W/MEDIAN (NOT RAISED),STOP SIGN/FLASHER,FAILING TO YIELD RIGHT-OF-WAY,FAILING TO YIELD RIGHT-OF-WAY,0,0,0,0,20,7,6,731,OGDEN AVE,41.888264,-87.819604,06/10/2017 08:47:00 PM,2017