CRASH_RECORD_ID,CRASH_DATE,POSTED_SPEED_LIMIT,WEATHER_CONDITION,LIGHTING_CONDITION,FIRST_CRASH_TYPE,TRAFFICWAY_TYPE,TRAFFIC_CONTROL_DEVICE,PRIM_CONTRIBUTORY_CAUSE,SEC_CONTRIBUTORY_CAUSE,INJURIES_FATAL,INJURIES_INCAPACITATING,INJURIES_NON_INCAPACITATING,INJURIES_TOTAL,CRASH_HOUR,CRASH_DAY_OF_WEEK,CRASH_MONTH,BEAT_OF_OCCURRENCE,STREET_NAME,LATITUDE,LONGITUDE,DATE_POLICE_NOTIFIED,year
CR00001397,09/12/2023 01:11:00 PM,30,CLEAR,DAYLIGHT,PEDESTRIAN,DIVIDED - W/MEDIAN (NOT RAISED),STOP SIGN/FLASHER,FAILING TO YIELD RIGHT-OF-WAY,NOT APPLICABLE,0,0,3,3,13,3,9,973,MICHIGAN AVE,41.917876,-87.550419,09/12/2023 02:52:00 PM,2023
CR00001398,08/30/2016 07:09:00 AM,45,CLEAR,DARKNESS - LIGHTED ROAD,PARKED MOTOR VEHICLE,FOUR WAY,NO CONTROLS,UNABLE TO DETERMINE,FOLLOWING TOO CLOSELY,0,0,0,0,7,3,8,1589,LAKE SHORE DR,41.931257,-87.695057,08/30/2016 08:39:00 AM,2016
CR00001399,10/02/2022 06:53:00 PM,40,CLEAR,DAYLIGHT,ANGLE,DIVIDED - W/MEDIAN (NOT RAISED),NO CONTROLS,UNABLE TO DETERMINE,DRIVING SKILLS/KNOWLEDGE/EXPERIENCE,0,0,1,1,18,1,10,1980,PULASKI RD,41.738761,-87.701871,10/02/2022 07:05:00 PM,2022
CR00001400,09/25/2020 08:24:00 AM,25,CLEAR,DAYLIGHT,REAR END,NOT DIVIDED,NO CONTROLS,IMPROPER OVERTAKING/PASSING,UNABLE TO DETERMINE,0,0,0,0,8,6,9,738,BROADWAY,41.936374,-87.807722,09/25/2020 09:29:00 AM,2020
CR00001401,02/13/2016 12:41:00 PM,20,CLEAR,DARKNESS,PARKED MOTOR VEHICLE,DIVIDED - W/MEDIAN (NOT RAISED),UNKNOWN,WEATHER,FOLLOWING TOO CLOSELY,0,0,3,3,12,7,2,2287,STATE ST,41.903331,-87.628758,02/13/2016 01:05:00 PM,2016
CR00001402,09/28/2023 01:30:00 PM,30,CLEAR,DARKNESS,REAR END,NOT DIVIDED,NO CONTROLS,FAILING TO REDUCE SPEED,DRIVING SKILLS/KNOWLEDGE/EXPERIENCE,0,0,0,0,13,5,9,169,79TH ST,41.832785,-87.758071,09/28/2023 01:49:00 PM,2023
CR00001403,03/10/2016 07:38:00 PM,45,CLEAR,DARKNESS,FIXED OBJECT,DIVIDED - W/MEDIAN BARRIER,STOP SIGN/FLASHER,UNABLE TO DETERMINE,UNABLE TO DETERMINE,0,0,0,0,19,5,3,1548,BROADWAY,41.999141,-87.728863,03/10/2016 09:04:00 PM,2016
CR00001404,08/23/2015 12:11:00 PM,30,RAIN,DUSK,ANGLE,NOT DIVIDED,NO CONTROLS,DISTRACTION - FROM INSIDE VEHICLE,UNABLE TO DETERMINE,0,0,1,1,12,1,8,2277,PULASKI RD,41.811477,-87.832742,08/23/2015 01:01:00 PM,2015
CR00001405,01/17/2018 01:43:00 PM,40,CLEAR,DAWN,REAR END,FOUR WAY,STOP SIGN/FLASHER,FOLLOWING TOO CLOSELY,UNABLE TO DETERMINE,0,0,1,1,13,4,1,155,63RD ST,41.84567,-87.739661,01/17/2018 03:33:00 PM,2018
CR00001406,10/21/2015 08:49:00 AM,30,SNOW,DAYLIGHT,SIDESWIPE SAME DIRECTION,ONE-WAY,UNKNOWN,IMPROPER OVERTAKING/PASSING,DISTRACTION - FROM INSIDE VEHICLE,0,0,0,0,8,4,10,1596,BROADWAY,41.820388,-87.829934,10/21/2015 10:30:00 AM,2015
CR00001407,09/17/2015 11:46:00 AM,45,CLEAR,DAYLIGHT,PARKED MOTOR VEHICLE,FOUR WAY,NO CONTROLS,FAILING TO YIELD RIGHT-OF-WAY,UNABLE TO DETERMINE,0,0,0,0,11,5,9,1853,ROOSEVELT RD,41.842843,-87.723464,09/17/2015 12:19:00 PM,2015
CR00001408,01/01/2018 04:04:00 AM,30,CLEAR,DARKNESS - LIGHTED ROAD,FIXED OBJECT,NOT DIVIDED,STOP SIGN/FLASHER,DISREGARDING TRAFFIC SIGNALS,FAILING TO YIELD RIGHT-OF-WAY,0,0,0,0,4,2,1,2526,KEDZIE AVE,41.975494,-87.730223,01/01/2018 04:59:00 AM,2018
CR00001409,08/17/2021 11:28:00 AM,15,CLEAR,DAYLIGHT,SIDESWIPE SAME DIRECTION,NOT DIVIDED,TRAFFIC SIGNAL,UNABLE TO DETERMINE,DISTRACTION - FROM INSIDE VEHICLE,0,0,0,0,11,3,8,161,CICERO AVE,41.807326,-87.785298,08/17/2021 12:30:00 PM,2021
CR00001410,12/25/2021 05:31:00 PM,20,CLEAR,DARKNESS - LIGHTED ROAD,SIDESWIPE SAME DIRECTION,T-INTERSECTION,UNKNOWN,FAILING TO YIELD RIGHT-OF-WAY,NOT APPLICABLE,0,0,0,0,17,7,12,1752,CALIFORNIA AVE,41.918689,-87.818568,12/25/2021 06:11:00 PM,2021
CR00001411,12/18/2020 04:41:00 PM,30,CLEAR,DAYLIGHT,TURNING,ONE-WAY,TRAFFIC SIGNAL,UNABLE TO DETERMINE,UNABLE TO DETERMINE,0,0,0,0,16,6,12,859,HALSTED ST,41.710901,-87.515788,12/18/2020 05:42:00 PM,2020
CR00001412,11/29/2019 05:24:00 PM,45,CLEAR,DARKNESS - LIGHTED ROAD,PARKED MOTOR VEHICLE,ONE-WAY,STOP SIGN/FLASHER,DRIVING SKILLS/KNOWLEDGE/EXPERIENCE,FAILING TO YIELD RIGHT-OF-WAY,0,0,0,0,17,6,11,1543,MICHIGAN AVE,41.708496,-87.5143,11/29/2019 06:54:00 PM,2019
CR00001413,06/05/2024 05:59:00 PM,30,CLEAR,DAYLIGHT,PARKED MOTOR VEHICLE,NOT DIVIDED,STOP SIGN/FLASHER,WEATHER,FAILING TO YIELD RIGHT-OF-WAY,0,0,0,0,17,4,6,1446,CLARK ST,41.88929,-87.649917,06/05/2024 07:57:00 PM,2024
CR00001414,02/10/2017 01:32:00 AM,30,CLEAR,DAYLIGHT,REAR END,NOT DIVIDED,NO CONTROLS,IMPROPER LANE USAGE,UNABLE TO DETERMINE,0,0,0,0,1,6,2,1541,WESTERN AVE,41.935691,-87.627073,02/10/2017 01:56:00 AM,2017
CR00001415,09/08/2023 11:31:00 AM,25,CLEAR,DARKNESS - LIGHTED ROAD,TURNING,DIVIDED - W/MEDIAN (NOT RAISED),NO CONTROLS,FOLLOWING TOO CLOSELY,DRIVING SKILLS/KNOWLEDGE/EXPERIENCE,0,1,1,2,11,6,9,1882,LAKE SHORE DR,41.843981,-87.601162,09/08/2023 11:32:00 AM,2023
CR00001416,07/01/2019 10:36:00 AM,35,CLEAR,DAYLIGHT,TURNING,DIVIDED - W/MEDIAN (NOT RAISED),UNKNOWN,UNABLE TO DETERMINE,FOLLOWING TOO CLOSELY,0,0,0,0,10,2,7,1454,PULASKI RD,41.835042,-87.741672,07/01/2019 10:48:00 AM,2019
CR00001417,04/05/2015 01:15:00 PM,45,CLOUDY/OVERCAST,DAYLIGHT,SIDESWIPE SAME DIRECTION,ONE-WAY,TRAFFIC SIGNAL,IMPROPER LANE USAGE,UNABLE TO DETERMINE,0,0,0,0,13,1,4,2002,CALIFORNIA AVE,41.909709,-87.685409,04/05/2015 01:20:00 PM,2015
CR00001418,11/20/2015 07:56:00 AM,35,CLEAR,DAYLIGHT,REAR END,NOT DIVIDED,UNKNOWN,FAILING TO YIELD RIGHT-OF-WAY,IMPROPER LANE USAGE,0,0,0,0,7,6,11,2008,ROOSEVELT RD,41.895022,-87.801926,11/20/2015 09:26:00 AM,2015
CR00001419,02/02/2015 08:23:00 AM,30,CLEAR,DAYLIGHT,SIDESWIPE SAME DIRECTION,NOT DIVIDED,TRAFFIC SIGNAL,IMPROPER LANE USAGE,FOLLOWING TOO CLOSELY,0,0,0,0,8,2,2,2248,DIVISION ST,41.748454,-87.793614,02/02/2015 09:16:00 AM,2015
CR00001420,07/13/2024 04:53:00 PM,30,CLEAR,DARKNESS - LIGHTED ROAD,TURNING,NOT DIVIDED,NO CONTROLS,FOLLOWING TOO CLOSELY,DISREGARDING TRAFFIC SIGNALS,0,0,0,0,16,7,7,1172,CLARK ST,41.80062,-87.712285,07/13/2024 06:52:00 PM,2024
CR00001421,05/11/2023 08:19:00 AM,45,CLEAR,DAYLIGHT,ANGLE,FOUR WAY,STOP SIGN/FLASHER,FOLLOWING TOO CLOSELY,DISREGARDING TRAFFIC SIGNALS,0,0,0,0,8,5,5,1093,47TH ST,41.935669,-87.572903,05/11/2023 08:59:00 AM,2023
CR00001422,08/14/2024 09:17:00 AM,35,CLEAR,DAYLIGHT,ANGLE,T-INTERSECTION,STOP SIGN/FLASHER,DISTRACTION - FROM INSIDE VEHICLE,FAILING TO REDUCE SPEED,0,0,0,0,9,4,8,2399,STONY ISLAND AVE,41.785527,-87.648778,08/14/2024 09:52:00 AM,2024
CR00001423,08/21/2016 08:03:00 AM,35,CLOUDY/OVERCAST,DAYLIGHT,ANGLE,DIVIDED - W/MEDIAN BARRIER,TRAFFIC SIGNAL,DISTRACTION - FROM INSIDE VEHICLE,WEATHER,0,0,0,0,8,1,8,2239,FULLERTON AVE,41.850151,-87.805094,08/21/2016 09:36:00 AM,2016
CR00001424,08/15/2024 09:06:00 AM,45,CLEAR,DAYLIGHT,REAR END,DIVIDED - W/MEDIAN BARRIER,NO CONTROLS,UNABLE TO DETERMINE,NOT APPLICABLE,0,0,0,0,9,5,8,2060,IRVING PARK RD,41.731083,-87.847208,08/15/2024 11:01:00 AM,2024
CR00001425,06/27/2015 03:20:00 PM,35,CLEAR,DAYLIGHT,ANGLE,ONE-WAY,NO CONTROLS,WEATHER,UNABLE TO DETERMINE,0,0,0,0,15,7,6,252,MICHIGAN AVE,41.955488,-87.728288,06/27/2015 03:57:00 PM,2015
CR00001426,02/11/2015 02:19:00 AM,20,CLEAR,DUSK,PARKED MOTOR VEHICLE,NOT DIVIDED,STOP SIGN/FLASHER,UNABLE TO DETERMINE,NOT APPLICABLE,0,0,0,0,2,4,2,212,HALSTED ST,41.829851,-87.743465,02/11/2015 04:18:00 AM,2015
CR00001427,04/08/2023 12:06:00 PM,30,CLEAR,DAYLIGHT,ANGLE,DIVIDED - W/MEDIAN BARRIER,STOP SIGN/FLASHER,FAILING TO YIELD RIGHT-OF-WAY,UNABLE TO DETERMINE,0,0,0,0,12,7,4,1454,FULLERTON AVE,41.73444,-87.593156,04/08/2023 01:06:00 PM,2023
CR00001428,10/13/2018 05:43:00 PM,45,CLEAR,DAYLIGHT,SIDESWIPE SAME DIRECTION,DIVIDED - W/MEDIAN BARRIER,TRAFFIC SIGNAL,DRIVING SKILLS/KNOWLEDGE/EXPERIENCE,FOLLOWING TOO CLOSELY,0,0,2,2,17,7,10,874,STATE ST,41.991256,-87.822392,10/13/2018 06:57:00 PM,2018
CR00001429,10/20/2022 11:25:00 AM,40,CLEAR,DAYLIGHT,REAR END,NOT DIVIDED,NO CONTROLS,UNABLE TO DETERMINE,NOT APPLICABLE,0,0,0,0,11,5,10,1768,STONY ISLAND AVE,41.725393,-87.772012,10/20/2022 12:35:00 PM,2022
CR00001430,07/10/2022 07:08:00 PM,25,CLEAR,DAYLIGHT,REAR END,FOUR WAY,NO CONTROLS,UNABLE TO DETERMINE,FOLLOWING TOO CLOSELY,0,0,0,0,19,1,7,1050,63RD ST,41.774598,-87.74149,07/10/2022 07:46:00 PM,2022
CR00001431,01/21/2020 06:37:00 PM,35,CLEAR,DAYLIGHT,REAR END,ONE-WAY,STOP SIGN/FLASHER,FOLLOWING TOO CLOSELY,FAILING TO REDUCE SPEED,0,0,0,0,18,3,1,676,FULLERTON AVE,41.922435,-87.613821,01/21/2020 08:02:00 PM,2020
CR00001432,08/25/2024 10:24:00 AM,20,SNOW,DARKNESS - LIGHTED ROAD,ANGLE,DIVIDED - W/MEDIAN (NOT RAISED),NO CONTROLS,UNABLE TO DETERMINE,IMPROPER OVERTAKING/PASSING,0,0,0,0,10,1,8,1179,KEDZIE AVE,41.987779,-87.796453,08/25/2024 12:08:00 PM,2024
CR00001433,06/03/2015 10:13:00 AM,30,CLEAR,DAYLIGHT,TURNING,NOT DIVIDED,TRAFFIC SIGNAL,DISREGARDING TRAFFIC SIGNALS,FOLLOWING TOO CLOSELY,0,1,0,1,10,4,6,753,KEDZIE AVE,41.749011,-87.564727,06/03/2015 11:32:00 AM,2015
CR00001434,04/03/2017 07:33:00 AM,30,CLEAR,DAYLIGHT,SIDESWIPE SAME DIRECTION,NOT DIVIDED,NO CONTROLS,UNABLE TO DETERMINE,FOLLOWING TOO CLOSELY,0,0,1,1,7,2,4,1772,CALIFORNIA AVE,41.740333,-87.709555,04/03/2017 07:47:00 AM,2017
CR00001435,12/12/2019 04:46:00 AM,30,CLEAR,DAYLIGHT,TURNING,NOT DIVIDED,PEDESTRIAN CROSSING SIGN,IMPROPER OVERTAKING/PASSING,IMPROPER LANE USAGE,0,0,0,0,4,5,12,1522,IRVING PARK RD,41.901098,-87.700278,12/12/2019 05:45:00 AM,2019
CR00001436,02/16/2024 11:15:00 AM,30,CLOUDY/OVERCAST,DARKNESS - LIGHTED ROAD,ANGLE,T-INTERSECTION,NO CONTROLS,IMPROPER OVERTAKING/PASSING,UNABLE TO DETERMINE,0,1,1,2,11,6,2,1062,WESTERN AVE,41.716815,-87.520453,02/16/2024 11:38:00 AM,2024
CR00001437,06/06/2017 09:45:00 AM,45,CLOUDY/OVERCAST,DAWN,REAR END,NOT DIVIDED,TRAFFIC SIGNAL,FAILING TO REDUCE SPEED,UNABLE TO DETERMINE,0,2,1,3,9,3,6,769,63RD ST,41.837536,-87.518708,06/06/2017 11:28:00 AM,2017
CR00001438,12/09/2023 07:18:00 AM,35,CLEAR,DARKNESS - LIGHTED ROAD,ANGLE,DIVIDED - W/MEDIAN (NOT RAISED),UNKNOWN,WEATHER,UNABLE TO DETERMINE,0,0,0,0,7,7,12,2050,79TH ST,41.81199,-87.696229,12/09/2023 09:11:00 AM,2023
CR00001439,02/18/2022 06:31:00 PM,45,CLEAR,DAYLIGHT,REAR END,DIVIDED - W/MEDIAN (NOT RAISED),TRAFFIC SIGNAL,DISTRACTION - FROM INSIDE VEHICLE,DRIVING SKILLS/KNOWLEDGE/EXPERIENCE,0,0,0,0,18,6,2,1031,ELSTON AVE,41.778135,-87.812945,02/18/2022 08:12:00 PM,2022
CR00001440,10/13/2024 02:09:00 PM,45,CLOUDY/OVERCAST,DAYLIGHT,TURNING,DIVIDED - W/MEDIAN (NOT RAISED),YIELD,DRIVING SKILLS/KNOWLEDGE/EXPERIENCE,FOLLOWING TOO CLOSELY,0,2,0,2,14,1,10,1143,OGDEN AVE,41.753964,-87.73917,10/13/2024 02:15:00 PM,2024
CR00001441,02/16/2023 07:09:00 PM,25,CLEAR,DAYLIGHT,REAR END,NOT DIVIDED,NO CONTROLS,UNABLE TO DETERMINE,DRIVING SKILLS/KNOWLEDGE/EXPERIENCE,0,0,2,2,19,5,2,1975,OGDEN AVE,41.872021,-87.520829,02/16/2023 08:51:00 PM,2023
CR00001442,06/21/2015 09:44:00 AM,45,CLEAR,DARKNESS,REAR END,DIVIDED - W/MEDIAN (NOT RAISED),NO CONTROLS,IMPROPER OVERTAKING/PASSING,FOLLOWING TOO CLOSELY,0,0,0,0,9,1,6,247,79TH ST,41.906508,-87.704425,06/21/2015 11:42:00 AM,2015
CR00001443,07/12/2017 05:09:00 PM,30,CLEAR,DARKNESS - LIGHTED ROAD,SIDESWIPE SAME DIRECTION,DIVIDED - W/MEDIAN BARRIER,YIELD,UNABLE TO DETERMINE,IMPROPER OVERTAKING/PASSING,0,0,0,0,17,4,7,517,STONY ISLAND AVE,41.876327,-87.633201,07/12/2017 05:42:00 PM,2017
CR00001444,12/19/2016 07:57:00 AM,40,CLEAR,DAYLIGHT,REAR END,NOT DIVIDED,TRAFFIC SIGNAL,FOLLOWING TOO CLOSELY,UNABLE TO DETERMINE,0,0,0,0,7,2,12,691,ASHLAND AVE,41.816343,-87.760915,12/19/2016 08:26:00 AM,2016
CR00001445,03/19/2019 08:24:00 AM,35,CLEAR,DAYLIGHT,REAR TO FRONT,DIVIDED - W/MEDIAN BARRIER,NO CONTROLS,FAILING TO REDUCE SPEED,DRIVING SKILLS/KNOWLEDGE/EXPERIENCE,0,0,0,0,8,3,3,900,KEDZIE AVE,41.90553,-87.758764,03/19/2019 10:17:00 AM,2019
CR00001446,04/02/2018 10:19:00 AM,40,CLEAR,DARKNESS - LIGHTED ROAD,PARKED MOTOR VEHICLE,ONE-WAY,TRAFFIC SIGNAL,UNABLE TO DETERMINE,FOLLOWING TOO CLOSELY,0,0,0,0,10,2,4,2003,WESTERN AVE,41.971453,-87.843517,04/02/2018 11:24:00 AM,2018
CR00001447,01/08/2024 07:00:00 AM,30,SNOW,DAYLIGHT,ANGLE,NOT DIVIDED,STOP SIGN/FLASHER,FAILING TO REDUCE SPEED,NOT APPLICABLE,0,2,1,3,7,2,1,844,BROADWAY,41.721411,-87.581869,01/08/2024 07:41:00 AM,2024
CR00001448,10/16/2019 05:42:00 PM,35,CLEAR,DAYLIGHT,REAR END,DIVIDED - W/MEDIAN (NOT RAISED),TRAFFIC SIGNAL,IMPROPER OVERTAKING/PASSING,FOLLOWING TOO CLOSELY,0,0,0,0,17,4,10,798,STONY ISLAND AVE,41.984289,-87.640794,10/16/2019 06:23:00 PM,2019
CR00001449,01/09/2019 04:09:00 PM,20,CLEAR,DARKNESS - LIGHTED ROAD,REAR END,NOT DIVIDED,STOP SIGN/FLASHER,FAILING TO YIELD RIGHT-OF-WAY,IMPROPER LANE USAGE,0,0,0,0,16,4,1,745,HALSTED ST,41.724166,-87.710221,01/09/2019 05:19:00 PM,2019
CR00001450,08/23/2021 10:07:00 AM,35,CLEAR,DAYLIGHT,REAR END,FOUR WAY,TRAFFIC SIGNAL,FOLLOWING TOO CLOSELY,DISREGARDING TRAFFIC SIGNALS,0,0,0,0,10,2,8,2482,BROADWAY,41.977218,-87.515732,08/23/2021 11:46:00 AM,2021
CR00001451,08/10/2017 02:15:00 PM,25,RAIN,DUSK,SIDESWIPE SAME DIRECTION,DIVIDED - W/MEDIAN BARRIER,YIELD,UNABLE TO DETERMINE,UNABLE TO DETERMINE,0,0,0,0,14,5,8,1867,BROADWAY,41.91606,-87.796041,08/10/2017 03:08:00 PM,2017
CR00001452,11/08/2015 11:42:00 AM,30,CLEAR,DAYLIGHT,REAR END,DIVIDED - W/MEDIAN BARRIER,NO CONTROLS,UNABLE TO DETERMINE,DISTRACTION - FROM INSIDE VEHICLE,0,0,0,0,11,1,11,2304,IRVING PARK RD,41.854312,-87.623793,11/08/2015 12:53:00 PM,2015
CR00001453,07/19/2024 02:02:00 AM,25,CLEAR,DARKNESS - LIGHTED ROAD,REAR END,NOT DIVIDED,NO CONTROLS,UNABLE TO DETERMINE,NOT APPLICABLE,0,0,0,0,2,6,7,808,CICERO AVE,41.86033,-87.552153,07/19/2024 03:33:00 AM,2024
CR00001454,03/05/2019 07:18:00 PM,40,CLEAR,DAYLIGHT,ANGLE,DIVIDED - W/MEDIAN (NOT RAISED),TRAFFIC SIGNAL,IMPROPER OVERTAKING/PASSING,FAILING TO YIELD RIGHT-OF-WAY,0,0,0,0,19,3,3,1320,WESTERN AVE,41.973509,-87.810572,03/05/2019 08:06:00 PM,2019
CR00001455,03/01/2016 08:37:00 PM,35,CLEAR,DAYLIGHT,REAR TO FRONT,NOT DIVIDED,STOP SIGN/FLASHER,UNABLE TO DETERMINE,UNABLE TO DETERMINE,0,0,0,0,20,3,3,1690,STONY ISLAND AVE,41.798015,-87.655305,03/01/2016 08:45:00 PM,2016
CR00001456,05/23/2021 03:58:00 PM,35,RAIN,DAYLIGHT,SIDESWIPE SAME DIRECTION,DIVIDED - W/MEDIAN (NOT RAISED),YIELD,FOLLOWING TOO CLOSELY,WEATHER,0,0,1,1,15,1,5,586,DIVISION ST,41.949572,-87.667727,05/23/2021 05:38:00 PM,2021
CR00001457,11/19/2019 07:08:00 PM,35,CLEAR,DAYLIGHT,REAR END,NOT DIVIDED,NO CONTROLS,UNABLE TO DETERMINE,FOLLOWING TOO CLOSELY,0,0,0,0,19,3,11,361,PULASKI RD,41.897551,-87.810872,11/19/2019 07:27:00 PM,2019
CR00001458,03/10/2018 07:39:00 AM,35,CLEAR,DARKNESS - LIGHTED ROAD,REAR TO FRONT,DIVIDED - W/MEDIAN BARRIER,NO CONTROLS,UNABLE TO DETERMINE,IMPROPER OVERTAKING/PASSING,0,0,0,0,7,7,3,1928,HALSTED ST,41.765087,-87.509597,03/10/2018 08:16:00 AM,2018
CR00001459,04/03/2024 08:26:00 PM,40,CLEAR,DARKNESS - LIGHTED ROAD,REAR END,ONE-WAY,UNKNOWN,UNABLE TO DETERMINE,UNABLE TO DETERMINE,0,0,0,0,20,4,4,2350,WESTERN AVE,41.878218,-87.635462,04/03/2024 09:40:00 PM,2024
CR00001460,08/22/2015 08:56:00 AM,25,CLOUDY/OVERCAST,DAYLIGHT,REAR END,NOT DIVIDED,TRAFFIC SIGNAL,UNABLE TO DETERMINE,DISREGARDING TRAFFIC SIGNALS,0,0,0,0,8,7,8,760,ELSTON AVE,41.822946,-87.591875,08/22/2015 10:32:00 AM,2015
CR00001461,10/10/2018 08:34:00 AM,15,CLEAR,DAYLIGHT,SIDESWIPE SAME DIRECTION,NOT DIVIDED,TRAFFIC SIGNAL,FOLLOWING TOO CLOSELY,DRIVING SKILLS/KNOWLEDGE/EXPERIENCE,0,0,0,0,8,4,10,107,ARCHER AVE,41.96189,-87.848653,10/10/2018 09:55:00 AM,2018
CR00001462,03/15/2021 06:10:00 PM,35,CLEAR,DARKNESS,TURNING,NOT DIVIDED,TRAFFIC SIGNAL,DISREGARDING TRAFFIC SIGNALS,FAILING TO YIELD RIGHT-OF-WAY,0,0,3,3,18,2,3,1099,MICHIGAN AVE,41.930192,-87.828143,03/15/2021 07:08:00 PM,2021
CR00001463,12/27/2016 04:56:00 PM,30,CLEAR,DARKNESS - LIGHTED ROAD,TURNING,T-INTERSECTION,NO CONTROLS,DRIVING SKILLS/KNOWLEDGE/EXPERIENCE,FOLLOWING TOO CLOSELY,0,0,0,0,16,3,12,567,79TH ST,41.961624,-87.636705,12/27/2016 05:46:00 PM,2016
CR00001464,01/30/2021 09:48:00 PM,20,CLEAR,DAYLIGHT,REAR END,NOT DIVIDED,STOP SIGN/FLASHER,DRIVING SKILLS/KNOWLEDGE/EXPERIENCE,NOT APPLICABLE,0,0,1,1,21,7,1,742,KEDZIE AVE,41.830216,-87.743354,01/30/2021 11:28:00 PM,2021
CR00001465,07/13/2017 06:38:00 PM,30,CLEAR,DAYLIGHT,TURNING,DIVIDED - W/MEDIAN BARRIER,STOP SIGN/FLASHER,DISREGARDING TRAFFIC SIGNALS,NOT APPLICABLE,0,0,0,0,18,5,7,359,OGDEN AVE,41.901908,-87.552798,07/13/2017 08:12:00 PM,2017
CR00001466,05/07/2020 11:45:00 AM,20,SNOW,DAYLIGHT,TURNING,T-INTERSECTION,STOP SIGN/FLASHER,DISREGARDING TRAFFIC SIGNALS,FAILING TO YIELD RIGHT-OF-WAY,0,0,2,2,11,5,5,2483,STONY ISLAND AVE,41.9858,-87.681203,05/07/2020 12:35:00 PM,2020
CR00001467,01/26/2015 05:57:00 PM,35,RAIN,DAYLIGHT,TURNING,NOT DIVIDED,TRAFFIC SIGNAL,DRIVING SKILLS/KNOWLEDGE/EXPERIENCE,FAILING TO REDUCE SPEED,0,0,1,1,17,2,1,553,ARCHER AVE,41.774209,-87.823729,01/26/2015 06:14:00 PM,2015
CR00001468,08/27/2021 01:37:00 PM,15,CLOUDY/OVERCAST,DUSK,REAR END,DIVIDED - W/MEDIAN BARRIER,TRAFFIC SIGNAL,FAILING TO YIELD RIGHT-OF-WAY,FAILING TO YIELD RIGHT-OF-WAY,0,0,1,1,13,6,8,1735,ELSTON AVE,41.804983,-87.675883,08/27/2021 03:12:00 PM,2021
CR00001469,04/24/2019 08:10:00 PM,30,CLEAR,DAYLIGHT,SIDESWIPE SAME DIRECTION,FOUR WAY,TRAFFIC SIGNAL,IMPROPER LANE USAGE,IMPROPER LANE USAGE,0,0,0,0,20,4,4,765,MILWAUKEE AVE,41.806171,-87.559698,04/24/2019 08:28:00 PM,2019
CR00001470,08/28/2018 08:38:00 AM,35,CLOUDY/OVERCAST,DAYLIGHT,REAR END,ONE-WAY,STOP SIGN/FLASHER,UNABLE TO DETERMINE,IMPROPER OVERTAKING/PASSING,0,0,0,0,8,3,8,1198,79TH ST,41.830547,-87.627238,08/28/2018 10:16:00 AM,2018
CR00001471,04/30/2020 07:48:00 AM,20,FOG/SMOKE/HAZE,DAYLIGHT,ANGLE,FOUR WAY,TRAFFIC SIGNAL,IMPROPER OVERTAKING/PASSING,UNABLE TO DETERMINE,0,0,0,0,7,5,4,2403,WESTERN AVE,41.826915,-87.504038,04/30/2020 08:27:00 AM,2020
CR00001472,03/16/2021 08:38:00 PM,30,SNOW,DARKNESS - LIGHTED ROAD,ANGLE,NOT DIVIDED,TRAFFIC SIGNAL,FOLLOWING TOO CLOSELY,UNABLE TO DETERMINE,0,0,0,0,20,3,3,2185,KEDZIE AVE,41.9058,-87.675689,03/16/2021 09:50:00 PM,2021
CR00001473,01/01/2024 05:51:00 PM,30,CLEAR,DARKNESS - LIGHTED ROAD,PARKED MOTOR VEHICLE,DIVIDED - W/MEDIAN (NOT RAISED),NO CONTROLS,FAILING TO YIELD RIGHT-OF-WAY,DISREGARDING TRAFFIC SIGNALS,0,0,0,0,17,2,1,2481,ELSTON AVE,41.790681,-87.706166,01/01/2024 06:23:00 PM,2024
CR00001474,01/25/2024 04:06:00 PM,45,CLEAR,DARKNESS - LIGHTED ROAD,PARKED MOTOR VEHICLE,ONE-WAY,TRAFFIC SIGNAL,UNABLE TO DETERMINE,FOLLOWING TOO CLOSELY,0,0,1,1,16,5,1,800,ASHLAND AVE,41.779566,-87.739387,01/25/2024 05:48:00 PM,2024
CR00001475,05/16/2024 02:10:00 AM,30,RAIN,DARKNESS - LIGHTED ROAD,REAR END,NOT DIVIDED,TRAFFIC SIGNAL,UNABLE TO DETERMINE,FOLLOWING TOO CLOSELY,0,0,0,0,2,5,5,2289,STATE ST,41.988354,-87.83632,05/16/2024 03:02:00 AM,2024
CR00001476,01/08/2019 03:06:00 PM,40,CLEAR,DARKNESS,REAR END,DIVIDED - W/MEDIAN (NOT RAISED),TRAFFIC SIGNAL,FOLLOWING TOO CLOSELY,DISTRACTION - FROM INSIDE VEHICLE,0,0,0,0,15,3,1,2315,ELSTON AVE,41.700163,-87.542959,01/08/2019 04:20:00 PM,2019
CR00001477,08/28/2017 05:38:00 PM,40,CLEAR,DAYLIGHT,SIDESWIPE SAME DIRECTION,NOT DIVIDED,NO CONTROLS,IMPROPER OVERTAKING/PASSING,NOT APPLICABLE,0,0,0,0,17,2,8,1617,WESTERN AVE,41.778573,-87.550886,08/28/2017 05:52:00 PM,2017
CR00001478,07/13/2015 12:13:00 AM,35,CLEAR,DARKNESS - LIGHTED ROAD,REAR TO FRONT,FOUR WAY,TRAFFIC SIGNAL,DISTRACTION - FROM INSIDE VEHICLE,UNABLE TO DETERMINE,0,0,0,0,0,2,7,170,ARCHER AVE,41.803474,-87.713368,07/13/2015 01:40:00 AM,2015