CRASH_RECORD_ID,CRASH_DATE,POSTED_SPEED_LIMIT,WEATHER_CONDITION,LIGHTING_CONDITION,FIRST_CRASH_TYPE,TRAFFICWAY_TYPE,TRAFFIC_CONTROL_DEVICE,PRIM_CONTRIBUTORY_CAUSE,SEC_CONTRIBUTORY_CAUSE,INJURIES_FATAL,INJURIES_INCAPACITATING,INJURIES_NON_INCAPACITATING,INJURIES_TOTAL,CRASH_HOUR,CRASH_DAY_OF_WEEK,CRASH_MONTH,BEAT_OF_OCCURRENCE,STREET_NAME,LATITUDE,LONGITUDE,DATE_POLICE_NOTIFIED,year
CR00001479,05/06/2019 10:06:00 AM,40,SNOW,DAYLIGHT,TURNING,DIVIDED - W/MEDIAN (NOT RAISED),STOP SIGN/FLASHER,UNABLE TO DETERMINE,DRIVING SKILLS/KNOWLEDGE/EXPERIENCE,0,0,0,0,10,2,5,2065,ROOSEVELT RD,41.930176,-87.782946,05/06/2019 11:03:00 AM,2019
CR00001480,03/21/2015 05:07:00 PM,15,CLEAR,DAYLIGHT,PARKED MOTOR VEHICLE,T-INTERSECTION,NO CONTROLS,FAILING TO YIELD RIGHT-OF-WAY,FAILING TO YIELD RIGHT-OF-WAY,0,0,0,0,17,7,3,603,PULASKI RD,41.748599,-87.542635,03/21/2015 06:50:00 PM,2015
CR00001481,08/03/2017 09:58:00 AM,45,CLEAR,DAYLIGHT,ANGLE,NOT DIVIDED,STOP SIGN/FLASHER,FOLLOWING TOO CLOSELY,FAILING TO YIELD RIGHT-OF-WAY,0,0,0,0,9,5,8,2388,BROADWAY,41.984908,-87.761777,08/03/2017 11:15:00 AM,2017
CR00001482,03/06/2024 12:10:00 PM,25,CLEAR,DAYLIGHT,TURNING,FOUR WAY,STOP SIGN/FLASHER,FAILING TO YIELD RIGHT-OF-WAY,NOT APPLICABLE,0,0,0,0,12,4,3,2056,HALSTED ST,41.711586,-87.800383,03/06/2024 01:50:00 PM,2024
CR00001483,07/15/2018 01:49:00 PM,15,CLEAR,DAYLIGHT,REAR END,FOUR WAY,STOP SIGN/FLASHER,DISTRACTION - FROM INSIDE VEHICLE,FOLLOWING TOO CLOSELY,0,0,0,0,13,1,7,1900,WESTERN AVE,41.981682,-87.78672,07/15/2018 03:07:00 PM,2018
CR00001484,11/25/2017 03:19:00 PM,30,CLEAR,DARKNESS - LIGHTED ROAD,SIDESWIPE SAME DIRECTION,FOUR WAY,TRAFFIC SIGNAL,FOLLOWING TOO CLOSELY,UNABLE TO DETERMINE,0,0,0,0,15,7,11,494,MICHIGAN AVE,41.816639,-87.660586,11/25/2017 04:47:00 PM,2017
CR00001485,12/28/2020 08:20:00 AM,30,CLOUDY/OVERCAST,DAYLIGHT,REAR END,NOT DIVIDED,NO CONTROLS,FAILING TO REDUCE SPEED,NOT APPLICABLE,0,0,0,0,8,2,12,330,WESTERN AVE,41.949131,-87.510693,12/28/2020 08:57:00 AM,2020
CR00001486,04/24/2023 09:25:00 AM,20,CLOUDY/OVERCAST,DAWN,ANGLE,NOT DIVIDED,PEDESTRIAN CROSSING SIGN,DISTRACTION - FROM INSIDE VEHICLE,UNABLE TO DETERMINE,0,0,0,0,9,2,4,1997,LAKE SHORE DR,41.75545,-87.818008,04/24/2023 11:17:00 AM,2023
CR00001487,10/05/2016 01:49:00 PM,30,RAIN,DAYLIGHT,PEDESTRIAN,DIVIDED - W/MEDIAN BARRIER,TRAFFIC SIGNAL,DRIVING SKILLS/KNOWLEDGE/EXPERIENCE,FOLLOWING TOO CLOSELY,0,0,0,0,13,4,10,800,STONY ISLAND AVE,41.892761,-87.593973,10/05/2016 03:09:00 PM,2016
CR00001488,07/21/2021 06:19:00 PM,30,CLEAR,DAYLIGHT,REAR END,ONE-WAY,TRAFFIC SIGNAL,IMPROPER OVERTAKING/PASSING,FAILING TO YIELD RIGHT-OF-WAY,0,0,0,0,18,4,7,444,CALIFORNIA AVE,41.952509,-87.80102,07/21/2021 08:09:00 PM,2021
CR00001489,09/30/2015 03:21:00 AM,35,CLEAR,DAYLIGHT,ANGLE,NOT DIVIDED,YIELD,FAILING TO YIELD RIGHT-OF-WAY,DISTRACTION - FROM INSIDE VEHICLE,0,0,1,1,3,4,9,979,ARCHER AVE,41.792554,-87.817539,09/30/2015 04:19:00 AM,2015
CR00001490,08/30/2023 07:19:00 AM,30,CLEAR,DAYLIGHT,REAR END,DIVIDED - W/MEDIAN (NOT RAISED),STOP SIGN/FLASHER,FOLLOWING TOO CLOSELY,FAILING TO REDUCE SPEED,0,0,0,0,7,4,8,2439,CALIFORNIA AVE,41.858677,-87.589828,08/30/2023 08:53:00 AM,2023
CR00001491,03/27/2017 09:18:00 AM,20,CLEAR,DAYLIGHT,TURNING,NOT DIVIDED,NO CONTROLS,FAILING TO REDUCE SPEED,UNABLE TO DETERMINE,0,0,2,2,9,2,3,1081,79TH ST,41.853164,-87.8394,03/27/2017 09:43:00 AM,2017
CR00001492,11/04/2020 05:11:00 PM,25,RAIN,DAYLIGHT,TURNING,NOT DIVIDED,TRAFFIC SIGNAL,DRIVING SKILLS/KNOWLEDGE/EXPERIENCE,IMPROPER OVERTAKING/PASSING,0,0,0,0,17,4,11,904,WESTERN AVE,41.71123,-87.683948,11/04/2020 06:20:00 PM,2020
CR00001493,03/14/2018 10:35:00 PM,20,CLEAR,DARKNESS,SIDESWIPE SAME DIRECTION,DIVIDED - W/MEDIAN (NOT RAISED),TRAFFIC SIGNAL,DISTRACTION - FROM INSIDE VEHICLE,UNABLE TO DETERMINE,0,0,0,0,22,4,3,1441,ROOSEVELT RD,41.794791,-87.828092,03/14/2018 10:59:00 PM,2018
CR00001494,07/16/2017 03:51:00 PM,30,CLEAR,DAYLIGHT,ANGLE,NOT DIVIDED,UNKNOWN,IMPROPER OVERTAKING/PASSING,IMPROPER OVERTAKING/PASSING,0,2,0,2,15,1,7,1651,STONY ISLAND AVE,41.806872,-87.610054,07/16/2017 04:16:00 PM,2017
CR00001495,08/23/2021 09:25:00 PM,35,CLEAR,DARKNESS - LIGHTED ROAD,PARKED MOTOR VEHICLE,ONE-WAY,NO CONTROLS,FAILING TO YIELD RIGHT-OF-WAY,DISTRACTION - FROM INSIDE VEHICLE,0,0,0,0,21,2,8,1861,STATE ST,41.719591,-87.741363,08/23/2021 09:52:00 PM,2021
CR00001496,10/30/2018 03:39:00 AM,20,CLEAR,DARKNESS - LIGHTED ROAD,PARKED MOTOR VEHICLE,ONE-WAY,TRAFFIC SIGNAL,IMPROPER OVERTAKING/PASSING,UNABLE TO DETERMINE,0,0,0,0,3,3,10,2465,WESTERN AVE,41.875751,-87.839852,10/30/2018 03:44:00 AM,2018
CR00001497,12/16/2020 08:53:00 AM,30,CLEAR,DARKNESS - LIGHTED ROAD,SIDESWIPE SAME DIRECTION,DIVIDED - W/MEDIAN (NOT RAISED),NO CONTROLS,DISREGARDING TRAFFIC SIGNALS,DRIVING SKILLS/KNOWLEDGE/EXPERIENCE,0,0,3,3,8,4,12,2216,CLARK ST,41.878335,-87.61775,12/16/2020 09:31:00 AM,2020
CR00001498,12/11/2021 07:57:00 PM,30,FREEZING RAIN/DRIZZLE,DARKNESS - LIGHTED ROAD,TURNING,FOUR WAY,UNKNOWN,IMPROPER LANE USAGE,FAILING TO YIELD RIGHT-OF-WAY,0,0,1,1,19,7,12,2229,HALSTED ST,41.831412,-87.653636,12/11/2021 09:50:00 PM,2021
CR00001499,10/24/2020 07:07:00 PM,20,CLEAR,DAYLIGHT,ANGLE,ONE-WAY,NO CONTROLS,DISTRACTION - FROM INSIDE VEHICLE,IMPROPER LANE USAGE,0,1,3,4,19,7,10,1950,CICERO AVE,41.838828,-87.661415,10/24/2020 08:32:00 PM,2020
CR00001500,03/07/2020 12:59:00 AM,30,CLEAR,DAYLIGHT,REAR END,DIVIDED - W/MEDIAN (NOT RAISED),TRAFFIC SIGNAL,WEATHER,NOT APPLICABLE,0,0,0,0,0,7,3,754,OGDEN AVE,41.87418,-87.745263,03/07/2020 01:33:00 AM,2020
CR00001501,05/22/2019 03:06:00 PM,40,CLEAR,DAYLIGHT,REAR TO FRONT,DIVIDED - W/MEDIAN (NOT RAISED),TRAFFIC SIGNAL,UNABLE TO DETERMINE,WEATHER,0,0,0,0,15,4,5,435,FULLERTON AVE,41.917836,-87.626632,05/22/2019 03:33:00 PM,2019
CR00001502,10/03/2017 05:31:00 PM,45,SNOW,DUSK,ANGLE,FOUR WAY,NO CONTROLS,UNABLE TO DETERMINE,IMPROPER OVERTAKING/PASSING,0,0,1,1,17,3,10,2016,FULLERTON AVE,41.872931,-87.539372,10/03/2017 05:34:00 PM,2017
CR00001503,07/12/2015 12:20:00 PM,30,CLEAR,DAYLIGHT,REAR END,FOUR WAY,STOP SIGN/FLASHER,FOLLOWING TOO CLOSELY,DISREGARDING TRAFFIC SIGNALS,0,0,0,0,12,1,7,2166,ELSTON AVE,41.958433,-87.526386,07/12/2015 01:35:00 PM,2015
CR00001504,06/03/2023 01:48:00 AM,30,CLEAR,DAYLIGHT,FIXED OBJECT,DIVIDED - W/MEDIAN (NOT RAISED),NO CONTROLS,DISREGARDING TRAFFIC SIGNALS,DISREGARDING TRAFFIC SIGNALS,0,0,0,0,1,7,6,597,ASHLAND AVE,41.988355,-87.845839,06/03/2023 03:36:00 AM,2023
CR00001505,06/15/2021 09:50:00 AM,25,RAIN,DARKNESS - LIGHTED ROAD,SIDESWIPE SAME DIRECTION,NOT DIVIDED,STOP SIGN/FLASHER,FOLLOWING TOO CLOSELY,FAILING TO YIELD RIGHT-OF-WAY,0,0,0,0,9,3,6,596,MICHIGAN AVE,41.703131,-87.514516,06/15/2021 10:59:00 AM,2021
CR00001506,02/11/2023 01:02:00 PM,20,CLEAR,DARKNESS,REAR END,NOT DIVIDED,NO CONTROLS,FOLLOWING TOO CLOSELY,UNABLE TO DETERMINE,0,0,0,0,13,7,2,655,CLARK ST,41.907025,-87.735168,02/11/2023 02:11:00 PM,2023
CR00001507,05/19/2017 06:29:00 PM,40,CLEAR,DAYLIGHT,TURNING,T-INTERSECTION,TRAFFIC SIGNAL,UNABLE TO DETERMINE,NOT APPLICABLE,0,0,0,0,18,6,5,1901,CICERO AVE,41.720904,-87.729862,05/19/2017 07:59:00 PM,2017
CR00001508,06/07/2017 06:22:00 PM,30,CLEAR,DARKNESS - LIGHTED ROAD,REAR END,DIVIDED - W/MEDIAN BARRIER,NO CONTROLS,DISTRACTION - FROM INSIDE VEHICLE,FOLLOWING TOO CLOSELY,0,0,0,0,18,4,6,2330,MILWAUKEE AVE,41.879875,-87.651078,06/07/2017 06:49:00 PM,2017
CR00001509,10/19/2024 07:53:00 PM,30,CLEAR,DAYLIGHT,SIDESWIPE SAME DIRECTION,ONE-WAY,TRAFFIC SIGNAL,IMPROPER LANE USAGE,UNABLE TO DETERMINE,0,0,1,1,19,7,10,1562,ARCHER AVE,41.835109,-87.763791,10/19/2024 09:17:00 PM,2024
CR00001510,11/10/2023 07:06:00 AM,15,SNOW,DAYLIGHT,ANGLE,NOT DIVIDED,TRAFFIC SIGNAL,IMPROPER OVERTAKING/PASSING,UNABLE TO DETERMINE,0,0,0,0,7,6,11,1971,WESTERN AVE,41.77383,-87.515218,11/10/2023 08:25:00 AM,2023
CR00001511,08/04/2024 07:34:00 AM,15,CLEAR,DAYLIGHT,SIDESWIPE SAME DIRECTION,NOT DIVIDED,TRAFFIC SIGNAL,UNABLE TO DETERMINE,FAILING TO YIELD RIGHT-OF-WAY,0,0,0,0,7,1,8,1144,STATE ST,41.999031,-87.622445,08/04/2024 08:27:00 AM,2024
CR00001512,10/09/2015 10:45:00 PM,35,CLEAR,DARKNESS - LIGHTED ROAD,REAR END,DIVIDED - W/MEDIAN (NOT RAISED),TRAFFIC SIGNAL,DISTRACTION - FROM INSIDE VEHICLE,NOT APPLICABLE,0,0,0,0,22,6,10,1327,DAMEN AVE,41.722963,-87.537345,10/10/2015 12:05:00 AM,2015
CR00001513,04/15/2024 09:02:00 AM,15,CLEAR,DAYLIGHT,ANGLE,DIVIDED - W/MEDIAN (NOT RAISED),NO CONTROLS,FAILING TO YIELD RIGHT-OF-WAY,UNABLE TO DETERMINE,0,2,3,5,9,2,4,2185,ASHLAND AVE,41.700367,-87.678355,04/15/2024 09:30:00 AM,2024
CR00001514,12/14/2017 05:16:00 PM,30,RAIN,DAYLIGHT,REAR END,NOT DIVIDED,STOP SIGN/FLASHER,FAILING TO YIELD RIGHT-OF-WAY,IMPROPER LANE USAGE,0,0,0,0,17,5,12,283,DAMEN AVE,41.835986,-87.664896,12/14/2017 06:31:00 PM,2017
CR00001515,07/21/2020 01:16:00 PM,15,RAIN,DAYLIGHT,REAR END,ONE-WAY,TRAFFIC SIGNAL,WEATHER,NOT APPLICABLE,0,0,0,0,13,3,7,1239,DIVISION ST,41.958169,-87.619254,07/21/2020 02:34:00 PM,2020
CR00001516,09/16/2020 02:48:00 PM,30,FREEZING RAIN/DRIZZLE,DAYLIGHT,ANGLE,T-INTERSECTION,TRAFFIC SIGNAL,UNABLE TO DETERMINE,NOT APPLICABLE,0,0,0,0,14,4,9,2110,ASHLAND AVE,41.79597,-87.513679,09/16/2020 03:03:00 PM,2020
CR00001517,02/01/2020 09:56:00 AM,40,CLEAR,DAYLIGHT,REAR TO FRONT,DIVIDED - W/MEDIAN (NOT RAISED),NO CONTROLS,WEATHER,DISREGARDING TRAFFIC SIGNALS,0,0,0,0,9,7,2,243,KEDZIE AVE,41.892541,-87.701314,02/01/2020 11:07:00 AM,2020
CR00001518,06/03/2018 08:37:00 AM,30,RAIN,DARKNESS - LIGHTED ROAD,TURNING,FOUR WAY,YIELD,FAILING TO YIELD RIGHT-OF-WAY,DRIVING SKILLS/KNOWLEDGE/EXPERIENCE,0,0,0,0,8,1,6,1011,ROOSEVELT RD,41.856815,-87.827248,06/03/2018 09:41:00 AM,2018
CR00001519,08/16/2017 08:25:00 AM,20,CLEAR,DARKNESS,REAR END,FOUR WAY,NO CONTROLS,DISTRACTION - FROM INSIDE VEHICLE,NOT APPLICABLE,0,0,0,0,8,4,8,561,ARCHER AVE,41.842469,-87.845126,08/16/2017 08:58:00 AM,2017
CR00001520,03/01/2017 03:52:00 PM,25,CLEAR,DAYLIGHT,TURNING,NOT DIVIDED,NO CONTROLS,UNABLE TO DETERMINE,NOT APPLICABLE,0,0,0,0,15,4,3,1173,CICERO AVE,41.825739,-87.841883,03/01/2017 05:02:00 PM,2017
CR00001521,05/07/2022 07:55:00 AM,30,CLEAR,DAYLIGHT,REAR END,DIVIDED - W/MEDIAN BARRIER,UNKNOWN,IMPROPER OVERTAKING/PASSING,FAILING TO REDUCE SPEED,0,0,1,1,7,7,5,2523,47TH ST,41.835063,-87.803117,05/07/2022 08:30:00 AM,2022
CR00001522,01/19/2018 06:36:00 AM,40,SNOW,DAYLIGHT,REAR END,FOUR WAY,TRAFFIC SIGNAL,FAILING TO REDUCE SPEED,IMPROPER LANE USAGE,0,0,0,0,6,6,1,1367,ASHLAND AVE,41.781217,-87.500759,01/19/2018 07:07:00 AM,2018
CR00001523,02/11/2022 07:09:00 AM,40,CLEAR,DAYLIGHT,REAR TO FRONT,DIVIDED - W/MEDIAN (NOT RAISED),NO CONTROLS,IMPROPER LANE USAGE,FAILING TO YIELD RIGHT-OF-WAY,0,0,0,0,7,6,2,938,STONY ISLAND AVE,41.863196,-87.687034,02/11/2022 08:25:00 AM,2022
CR00001524,12/27/2016 12:05:00 PM,30,CLEAR,DAYLIGHT,REAR END,NOT DIVIDED,TRAFFIC SIGNAL,DISTRACTION - FROM INSIDE VEHICLE,UNABLE TO DETERMINE,0,0,1,1,12,3,12,245,KEDZIE AVE,41.786884,-87.757245,12/27/2016 01:59:00 PM,2016
CR00001525,06/05/2018 12:33:00 PM,15,CLEAR,DARKNESS - LIGHTED ROAD,TURNING,DIVIDED - W/MEDIAN (NOT RAISED),UNKNOWN,DISTRACTION - FROM INSIDE VEHICLE,UNABLE TO DETERMINE,0,0,0,0,12,3,6,329,HALSTED ST,41.906263,-87.774711,06/05/2018 01:34:00 PM,2018
CR00001526,09/26/2023 02:02:00 AM,35,CLOUDY/OVERCAST,DAYLIGHT,REAR END,ONE-WAY,TRAFFIC SIGNAL,UNABLE TO DETERMINE,FAILING TO YIELD RIGHT-OF-WAY,0,0,0,0,2,3,9,2327,FULLERTON AVE,41.93383,-87.767244,09/26/2023 03:57:00 AM,2023
CR00001527,05/08/2015 12:21:00 AM,35,CLEAR,DAYLIGHT,TURNING,ONE-WAY,NO CONTROLS,UNABLE TO DETERMINE,NOT APPLICABLE,0,0,0,0,0,6,5,1989,KEDZIE AVE,41.881475,-87.839491,05/08/2015 12:34:00 AM,2015
CR00001528,11/25/2021 02:05:00 PM,25,CLEAR,DAYLIGHT,REAR END,ONE-WAY,TRAFFIC SIGNAL,IMPROPER LANE USAGE,UNABLE TO DETERMINE,0,0,0,0,14,5,11,2186,LAKE SHORE DR,41.933608,-87.620978,11/25/2021 02:27:00 PM,2021
CR00001529,12/02/2024 04:41:00 AM,30,CLEAR,DARKNESS,REAR TO FRONT,NOT DIVIDED,YIELD,FAILING TO YIELD RIGHT-OF-WAY,NOT APPLICABLE,0,0,0,0,4,2,12,558,LAKE SHORE DR,41.742761,-87.808017,12/02/2024 06:24:00 AM,2024
CR00001530,03/30/2016 04:10:00 PM,15,CLEAR,DAYLIGHT,SIDESWIPE SAME DIRECTION,NOT DIVIDED,TRAFFIC SIGNAL,UNABLE TO DETERMINE,UNABLE TO DETERMINE,0,0,0,0,16,4,3,1023,IRVING PARK RD,41.997843,-87.826059,03/30/2016 05:57:00 PM,2016
CR00001531,05/20/2018 10:54:00 AM,25,CLEAR,DARKNESS - LIGHTED ROAD,SIDESWIPE SAME DIRECTION,T-INTERSECTION,NO CONTROLS,UNABLE TO DETERMINE,DISREGARDING TRAFFIC SIGNALS,0,0,1,1,10,1,5,169,FULLERTON AVE,41.894384,-87.844611,05/20/2018 11:38:00 AM,2018
CR00001532,01/17/2018 10:47:00 AM,25,CLEAR,DARKNESS - LIGHTED ROAD,PARKED MOTOR VEHICLE,DIVIDED - W/MEDIAN (NOT RAISED),TRAFFIC SIGNAL,UNABLE TO DETERMINE,UNABLE TO DETERMINE,0,0,1,1,10,4,1,634,LAKE SHORE DR,41.812748,-87.842089,01/17/2018 12:14:00 PM,2018
CR00001533,08/03/2019 05:41:00 AM,25,CLEAR,DAYLIGHT,FIXED OBJECT,DIVIDED - W/MEDIAN (NOT RAISED),STOP SIGN/FLASHER,DRIVING SKILLS/KNOWLEDGE/EXPERIENCE,FAILING TO YIELD RIGHT-OF-WAY,0,0,0,0,5,7,8,558,BROADWAY,41.945502,-87.59793,08/03/2019 05:45:00 AM,2019
CR00001534,06/01/2015 07:06:00 AM,40,RAIN,DAYLIGHT,REAR END,DIVIDED - W/MEDIAN (NOT RAISED),TRAFFIC SIGNAL,FAILING TO YIELD RIGHT-OF-WAY,DISREGARDING TRAFFIC SIGNALS,0,0,0,0,7,2,6,1269,ROOSEVELT RD,41.900224,-87.738116,06/01/2015 09:06:00 AM,2015
CR00001535,10/20/2021 09:34:00 PM,35,CLEAR,DAYLIGHT,ANGLE,ONE-WAY,NO CONTROLS,FOLLOWING TOO CLOSELY,IMPROPER OVERTAKING/PASSING,0,0,3,3,21,4,10,1160,WESTERN AVE,41.902339,-87.805584,10/20/2021 10:34:00 PM,2021
CR00001536,09/24/2020 07:14:00 PM,20,RAIN,DAYLIGHT,ANGLE,NOT DIVIDED,STOP SIGN/FLASHER,IMPROPER LANE USAGE,UNABLE TO DETERMINE,0,0,0,0,19,5,9,451,DAMEN AVE,41.897205,-87.508252,09/24/2020 08:27:00 PM,2020
CR00001537,05/16/2018 02:03:00 AM,30,CLEAR,DARKNESS - LIGHTED ROAD,PEDESTRIAN,FOUR WAY,NO CONTROLS,UNABLE TO DETERMINE,NOT APPLICABLE,0,0,0,0,2,4,5,1435,MICHIGAN AVE,41.921093,-87.582568,05/16/2018 04:03:00 AM,2018
CR00001538,02/15/2018 04:17:00 PM,40,CLEAR,DAYLIGHT,SIDESWIPE SAME DIRECTION,ONE-WAY,TRAFFIC SIGNAL,FAILING TO YIELD RIGHT-OF-WAY,FOLLOWING TOO CLOSELY,0,0,0,0,16,5,2,1223,DAMEN AVE,41.781126,-87.519408,02/15/2018 04:23:00 PM,2018
CR00001539,02/06/2017 07:45:00 AM,25,CLEAR,DAYLIGHT,TURNING,NOT DIVIDED,NO CONTROLS,WEATHER,UNABLE TO DETERMINE,0,0,1,1,7,2,2,108,PULASKI RD,41.923044,-87.677916,02/06/2017 09:21:00 AM,2017
CR00001540,03/26/2015 01:35:00 AM,35,CLEAR,DAYLIGHT,PARKED MOTOR VEHICLE,NOT DIVIDED,STOP SIGN/FLASHER,UNABLE TO DETERMINE,UNABLE TO DETERMINE,0,0,0,0,1,5,3,2214,OGDEN AVE,41.7746,-87.747908,03/26/2015 03:07:00 AM,2015
CR00001541,05/30/2021 08:49:00 PM,15,CLEAR,DARKNESS - LIGHTED ROAD,REAR END,DIVIDED - W/MEDIAN (NOT RAISED),STOP SIGN/FLASHER,DISREGARDING TRAFFIC SIGNALS,DISREGARDING TRAFFIC SIGNALS,0,0,0,0,20,1,5,723,MICHIGAN AVE,41.726994,-87.761757,05/30/2021 09:41:00 PM,2021
CR00001542,07/22/2016 06:31:00 PM,40,FREEZING RAIN/DRIZZLE,DARKNESS - LIGHTED ROAD,PEDESTRIAN,DIVIDED - W/MEDIAN (NOT RAISED),UNKNOWN,FAILING TO REDUCE SPEED,DISTRACTION - FROM INSIDE VEHICLE,0,0,0,0,18,6,7,283,BROADWAY,41.837024,-87.558916,07/22/2016 07:58:00 PM,2016
CR00001543,02/06/2015 04:50:00 PM,40,CLEAR,DARKNESS - LIGHTED ROAD,SIDESWIPE SAME DIRECTION,DIVIDED - W/MEDIAN (NOT RAISED),NO CONTROLS,UNABLE TO DETERMINE,UNABLE TO DETERMINE,0,0,0,0,16,6,2,194,DIVISION ST,41.79006,-87.503853,02/06/2015 05:01:00 PM,2015
CR00001544,02/25/2024 11:37:00 PM,20,CLOUDY/OVERCAST,DAYLIGHT,TURNING,NOT DIVIDED,NO CONTROLS,DRIVING SKILLS/KNOWLEDGE/EXPERIENCE,NOT APPLICABLE,0,0,0,0,23,1,2,448,MILWAUKEE AVE,41.905289,-87.762836,02/25/2024 11:53:00 PM,2024
CR00001545,01/14/2016 06:38:00 PM,25,FOG/SMOKE/HAZE,DARKNESS - LIGHTED ROAD,SIDESWIPE SAME DIRECTION,NOT DIVIDED,NO CONTROLS,UNABLE TO DETERMINE,DISTRACTION - FROM INSIDE VEHICLE,0,0,0,0,18,5,1,1164,63RD ST,41.810814,-87.759302,01/14/2016 07:43:00 PM,2016
CR00001546,02/19/2015 04:23:00 AM,15,CLEAR,DAYLIGHT,TURNING,ONE-WAY,STOP SIGN/FLASHER,IMPROPER LANE USAGE,FOLLOWING TOO CLOSELY,0,0,0,0,4,5,2,1260,FULLERTON AVE,41.928792,-87.752793,02/19/2015 05:16:00 AM,2015
CR00001547,12/26/2024 06:17:00 PM,15,CLEAR,DARKNESS,REAR TO FRONT,ONE-WAY,NO CONTROLS,FAILING TO REDUCE SPEED,DRIVING SKILLS/KNOWLEDGE/EXPERIENCE,0,0,1,1,18,5,12,723,HALSTED ST,41.717568,-87.801718,12/26/2024 08:10:00 PM,2024
CR00001548,04/27/2022 08:32:00 AM,25,CLEAR,DAYLIGHT,REAR END,ONE-WAY,TRAFFIC SIGNAL,DRIVING SKILLS/KNOWLEDGE/EXPERIENCE,NOT APPLICABLE,0,0,0,0,8,4,4,386,LAKE SHORE DR,41.976733,-87.748855,04/27/2022 08:33:00 AM,2022
CR00001549,12/09/2017 06:20:00 PM,25,CLEAR,DAYLIGHT,TURNING,NOT DIVIDED,NO CONTROLS,FOLLOWING TOO CLOSELY,UNABLE TO DETERMINE,0,0,1,1,18,7,12,753,DIVISION ST,41.891152,-87.782571,12/09/2017 07:00:00 PM,2017
CR00001550,01/23/2016 08:35:00 PM,25,RAIN,DAYLIGHT,TURNING,ONE-WAY,NO CONTROLS,FOLLOWING TOO CLOSELY,DISTRACTION - FROM INSIDE VEHICLE,0,2,0,2,20,7,1,1728,ASHLAND AVE,41.905986,-87.521606,01/23/2016 09:56:00 PM,2016
CR00001551,11/27/2024 02:03:00 AM,35,CLEAR,DAYLIGHT,REAR END,NOT DIVIDED,STOP SIGN/FLASHER,FOLLOWING TOO CLOSELY,DRIVING SKILLS/KNOWLEDGE/EXPERIENCE,0,0,0,0,2,4,11,687,CALIFORNIA AVE,41.751868,-87.830617,11/27/2024 02:58:00 AM,2024
CR00001552,12/21/2015 01:05:00 AM,25,RAIN,DUSK,PARKED MOTOR VEHICLE,DIVIDED - W/MEDIAN (NOT RAISED),NO CONTROLS,FAILING TO YIELD RIGHT-OF-WAY,UNABLE TO DETERMINE,0,0,0,0,1,2,12,612,WESTERN AVE,41.923691,-87.788477,12/21/2015 03:01:00 AM,2015
CR00001553,05/06/2022 09:34:00 AM,30,CLEAR,DAWN,PEDESTRIAN,T-INTERSECTION,NO CONTROLS,FOLLOWING TOO CLOSELY,FAILING TO YIELD RIGHT-OF-WAY,0,0,0,0,9,6,5,288,CLARK ST,41.703459,-87.5926,05/06/2022 10:30:00 AM,2022
CR00001554,05/07/2022 08:57:00 AM,30,CLEAR,DAYLIGHT,REAR END,FOUR WAY,NO CONTROLS,FOLLOWING TOO CLOSELY,FOLLOWING TOO CLOSELY,0,0,0,0,8,7,5,128,ARCHER AVE,41.831942,-87.504348,05/07/2022 10:47:00 AM,2022
CR00001555,08/06/2020 07:47:00 PM,30,RAIN,DAYLIGHT,REAR END,ONE-WAY,TRAFFIC SIGNAL,DRIVING SKILLS/KNOWLEDGE/EXPERIENCE,UNABLE TO DETERMINE,0,0,1,1,19,5,8,768,MILWAUKEE AVE,41.847545,-87.797885,08/06/2020 08:18:00 PM,2020
CR00001556,06/28/2023 06:47:00 AM,35,CLEAR,DAYLIGHT,ANGLE,DIVIDED - W/MEDIAN (NOT RAISED),TRAFFIC SIGNAL,FAILING TO REDUCE SPEED,NOT APPLICABLE,0,0,0,0,6,4,6,1686,ARCHER AVE,41.947815,-87.616138,06/28/2023 07:11:00 AM,2023
CR00001557,11/02/2022 08:25:00 PM,40,CLEAR,DARKNESS - LIGHTED ROAD,SIDESWIPE SAME DIRECTION,FOUR WAY,NO CONTROLS,IMPROPER OVERTAKING/PASSING,IMPROPER OVERTAKING/PASSING,0,0,3,3,20,4,11,429,63RD ST,41.963796,-87.540644,11/02/2022 09:18:00 PM,2022
CR00001558,10/15/2016 04:03:00 PM,20,CLEAR,DAYLIGHT,ANGLE,ONE-WAY,TRAFFIC SIGNAL,FOLLOWING TOO CLOSELY,UNABLE TO DETERMINE,0,0,0,0,16,7,10,614,MICHIGAN AVE,41.808482,-87.837225,10/15/2016 06:03:00 PM,2016
CR00001559,07/06/2018 09:51:00 AM,35,RAIN,DAYLIGHT,REAR END,NOT DIVIDED,NO CONTROLS,FOLLOWING TOO CLOSELY,NOT APPLICABLE,0,0,0,0,9,6,7,1872,STATE ST,41.716094,-87.59588,07/06/2018 11:44:00 AM,2018
CR00001560,10/12/2021 07:48:00 PM,15,CLEAR,DARKNESS - LIGHTED ROAD,FIXED OBJECT,NOT DIVIDED,NO CONTROLS,DISTRACTION - FROM INSIDE VEHICLE,NOT APPLICABLE,0,0,0,0,19,3,10,460,IRVING PARK RD,41.807075,-87.648809,10/12/2021 08:11:00 PM,2021