CRASH_RECORD_ID,CRASH_DATE,POSTED_SPEED_LIMIT,WEATHER_CONDITION,LIGHTING_CONDITION,FIRST_CRASH_TYPE,TRAFFICWAY_TYPE,TRAFFIC_CONTROL_DEVICE,PRIM_CONTRIBUTORY_CAUSE,SEC_CONTRIBUTORY_CAUSE,INJURIES_FATAL,INJURIES_INCAPACITATING,INJURIES_NON_INCAPACITATING,INJURIES_TOTAL,CRASH_HOUR,CRASH_DAY_OF_WEEK,CRASH_MONTH,BEAT_OF_OCCURRENCE,STREET_NAME,LATITUDE,LONGITUDE,DATE_POLICE_NOTIFIED,year
CR00001561,05/21/2016 06:42:00 AM,20,CLEAR,DAYLIGHT,TURNING,NOT DIVIDED,NO CONTROLS,DISTRACTION - FROM INSIDE VEHICLE,FAILING TO YIELD RIGHT-OF-WAY,0,0,0,0,6,7,5,1056,CLARK ST,41.847917,-87.781552,05/21/2016 07:53:00 AM,2016
CR00001562,07/12/2017 11:43:00 AM,25,CLOUDY/OVERCAST,DAYLIGHT,ANGLE,ONE-WAY,NO CONTROLS,IMPROPER LANE USAGE,NOT APPLICABLE,0,0,0,0,11,4,7,1819,ELSTON AVE,41.78625,-87.543949,07/12/2017 12:48:00 PM,2017
CR00001563,04/06/2015 01:25:00 PM,20,CLEAR,DAYLIGHT,REAR END,NOT DIVIDED,TRAFFIC SIGNAL,FOLLOWING TOO CLOSELY,UNABLE TO DETERMINE,0,0,0,0,13,2,4,1242,CICERO AVE,41.932239,-87.728439,04/06/2015 01:38:00 PM,2015
CR00001564,12/30/2023 07:11:00 PM,30,RAIN,DUSK,ANGLE,DIVIDED - W/MEDIAN (NOT RAISED),NO CONTROLS,FOLLOWING TOO CLOSELY,IMPROPER OVERTAKING/PASSING,0,0,0,0,19,7,12,682,ASHLAND AVE,41.708792,-87.602118,12/30/2023 07:18:00 PM,2023
CR00001565,01/01/2023 07:41:00 PM,20,RAIN,DAYLIGHT,ANGLE,FOUR WAY,STOP SIGN/FLASHER,IMPROPER LANE USAGE,NOT APPLICABLE,0,0,1,1,19,1,1,302,CICERO AVE,41.748947,-87.500174,01/01/2023 08:07:00 PM,2023
CR00001566,01/02/2016 09:17:00 PM,35,CLEAR,DAYLIGHT,REAR END,T-INTERSECTION,UNKNOWN,IMPROPER OVERTAKING/PASSING,DISREGARDING TRAFFIC SIGNALS,0,0,0,0,21,7,1,505,FULLERTON AVE,41.703962,-87.745765,01/02/2016 11:17:00 PM,2016
CR00001567,03/23/2024 02:48:00 PM,35,CLEAR,DAWN,TURNING,DIVIDED - W/MEDIAN BARRIER,UNKNOWN,IMPROPER LANE USAGE,DISREGARDING TRAFFIC SIGNALS,0,0,0,0,14,7,3,308,ROOSEVELT RD,41.824482,-87.576764,03/23/2024 03:02:00 PM,2024
CR00001568,09/09/2020 09:06:00 AM,40,CLEAR,DAYLIGHT,REAR END,FOUR WAY,NO CONTROLS,UNABLE TO DETERMINE,UNABLE TO DETERMINE,0,0,0,0,9,4,9,1892,MILWAUKEE AVE,41.785469,-87.507636,09/09/2020 10:06:00 AM,2020
CR00001569,07/04/2017 11:33:00 AM,40,CLEAR,DARKNESS,TURNING,ONE-WAY,YIELD,UNABLE TO DETERMINE,IMPROPER OVERTAKING/PASSING,0,0,0,0,11,3,7,663,IRVING PARK RD,41.735814,-87.684608,07/04/2017 11:55:00 AM,2017
CR00001570,03/31/2020 05:48:00 PM,20,CLEAR,DAYLIGHT,ANGLE,DIVIDED - W/MEDIAN BARRIER,TRAFFIC SIGNAL,UNABLE TO DETERMINE,WEATHER,0,0,0,0,17,3,3,2025,HALSTED ST,41.768009,-87.810817,03/31/2020 06:42:00 PM,2020
CR00001571,06/15/2016 08:43:00 AM,30,CLEAR,DARKNESS - LIGHTED ROAD,REAR TO FRONT,NOT DIVIDED,TRAFFIC SIGNAL,UNABLE TO DETERMINE,IMPROPER OVERTAKING/PASSING,0,0,0,0,8,4,6,1487,MICHIGAN AVE,41.92745,-87.62819,06/15/2016 09:33:00 AM,2016
CR00001572,06/15/2015 02:56:00 PM,25,CLEAR,DARKNESS - LIGHTED ROAD,REAR END,DIVIDED - W/MEDIAN BARRIER,UNKNOWN,FAILING TO REDUCE SPEED,DRIVING SKILLS/KNOWLEDGE/EXPERIENCE,0,0,0,0,14,2,6,1600,ARCHER AVE,41.958987,-87.535115,06/15/2015 02:57:00 PM,2015
CR00001573,03/21/2020 03:02:00 PM,30,FREEZING RAIN/DRIZZLE,DAYLIGHT,REAR END,DIVIDED - W/MEDIAN (NOT RAISED),NO CONTROLS,UNABLE TO DETERMINE,NOT APPLICABLE,0,0,0,0,15,7,3,597,BROADWAY,41.8954,-87.615805,03/21/2020 03:40:00 PM,2020
CR00001574,07/24/2021 02:50:00 AM,35,CLEAR,DAYLIGHT,TURNING,DIVIDED - W/MEDIAN BARRIER,STOP SIGN/FLASHER,FAILING TO YIELD RIGHT-OF-WAY,UNABLE TO DETERMINE,0,0,3,3,2,7,7,1889,DIVISION ST,41.805723,-87.690437,07/24/2021 03:41:00 AM,2021
CR00001575,09/27/2022 07:15:00 AM,25,CLEAR,DAYLIGHT,REAR END,DIVIDED - W/MEDIAN BARRIER,NO CONTROLS,FAILING TO YIELD RIGHT-OF-WAY,NOT APPLICABLE,0,0,0,0,7,3,9,1321,HALSTED ST,41.994763,-87.523969,09/27/2022 08:45:00 AM,2022
CR00001576,05/10/2019 04:00:00 AM,40,FREEZING RAIN/DRIZZLE,DAYLIGHT,REAR END,NOT DIVIDED,NO CONTROLS,FAILING TO REDUCE SPEED,DISREGARDING TRAFFIC SIGNALS,0,0,0,0,4,6,5,560,DIVISION ST,41.702894,-87.780831,05/10/2019 04:06:00 AM,2019
CR00001577,01/13/2021 08:36:00 AM,30,CLEAR,DAYLIGHT,SIDESWIPE SAME DIRECTION,NOT DIVIDED,UNKNOWN,FAILING TO YIELD RIGHT-OF-WAY,IMPROPER LANE USAGE,0,0,0,0,8,4,1,405,WESTERN AVE,41.862549,-87.747508,01/13/2021 08:45:00 AM,2021
CR00001578,07/19/2018 08:02:00 AM,30,FOG/SMOKE/HAZE,DARKNESS,ANGLE,DIVIDED - W/MEDIAN (NOT RAISED),UNKNOWN,FOLLOWING TOO CLOSELY,FAILING TO YIELD RIGHT-OF-WAY,0,0,0,0,8,5,7,1103,MICHIGAN AVE,41.81049,-87.825056,07/19/2018 09:03:00 AM,2018
CR00001579,06/28/2022 05:55:00 PM,30,CLEAR,DAYLIGHT,REAR TO FRONT,NOT DIVIDED,TRAFFIC SIGNAL,FAILING TO YIELD RIGHT-OF-WAY,FOLLOWING TOO CLOSELY,0,0,0,0,17,3,6,736,LAKE SHORE DR,41.792957,-87.81825,06/28/2022 05:56:00 PM,2022
CR00001580,09/01/2020 10:51:00 PM,35,CLEAR,DARKNESS - LIGHTED ROAD,TURNING,DIVIDED - W/MEDIAN (NOT RAISED),YIELD,WEATHER,NOT APPLICABLE,0,0,0,0,22,3,9,555,HALSTED ST,41.827346,-87.514295,09/01/2020 11:32:00 PM,2020
CR00001581,02/14/2021 08:04:00 PM,35,CLEAR,DAYLIGHT,TURNING,DIVIDED - W/MEDIAN (NOT RAISED),NO CONTROLS,UNABLE TO DETERMINE,FAILING TO YIELD RIGHT-OF-WAY,0,0,1,1,20,1,2,286,IRVING PARK RD,41.770263,-87.719759,02/14/2021 09:17:00 PM,2021
CR00001582,07/13/2022 09:38:00 PM,30,CLEAR,DAYLIGHT,REAR TO FRONT,DIVIDED - W/MEDIAN BARRIER,TRAFFIC SIGNAL,WEATHER,FOLLOWING TOO CLOSELY,0,0,0,0,21,4,7,1831,IRVING PARK RD,41.768125,-87.715827,07/13/2022 09:58:00 PM,2022
CR00001583,03/09/2020 02:09:00 PM,30,CLEAR,DARKNESS - LIGHTED ROAD,TURNING,NOT DIVIDED,TRAFFIC SIGNAL,FAILING TO YIELD RIGHT-OF-WAY,NOT APPLICABLE,0,0,0,0,14,2,3,1179,IRVING PARK RD,41.719397,-87.814389,03/09/2020 03:08:00 PM,2020
CR00001584,04/25/2022 03:34:00 PM,30,CLEAR,DAYLIGHT,REAR TO FRONT,NOT DIVIDED,TRAFFIC SIGNAL,FOLLOWING TOO CLOSELY,NOT APPLICABLE,0,0,1,1,15,2,4,398,CLARK ST,41.764954,-87.679663,04/25/2022 04:14:00 PM,2022
CR00001585,08/23/2020 11:45:00 AM,25,CLEAR,DAYLIGHT,REAR TO FRONT,T-INTERSECTION,TRAFFIC SIGNAL,FAILING TO REDUCE SPEED,DRIVING SKILLS/KNOWLEDGE/EXPERIENCE,0,0,0,0,11,1,8,1749,HALSTED ST,41.75432,-87.832566,08/23/2020 12:58:00 PM,2020
CR00001586,01/21/2020 08:35:00 AM,35,CLEAR,DAYLIGHT,REAR END,DIVIDED - W/MEDIAN (NOT RAISED),STOP SIGN/FLASHER,FAILING TO YIELD RIGHT-OF-WAY,FAILING TO REDUCE SPEED,0,0,0,0,8,3,1,947,HALSTED ST,41.790077,-87.834007,01/21/2020 09:29:00 AM,2020
CR00001587,05/12/2020 04:55:00 AM,45,CLEAR,DAYLIGHT,ANGLE,DIVIDED - W/MEDIAN (NOT RAISED),UNKNOWN,DRIVING SKILLS/KNOWLEDGE/EXPERIENCE,NOT APPLICABLE,0,2,2,4,4,3,5,2046,DIVISION ST,41.842766,-87.60793,05/12/2020 05:41:00 AM,2020
CR00001588,08/02/2015 01:57:00 PM,40,CLEAR,DARKNESS - LIGHTED ROAD,FIXED OBJECT,NOT DIVIDED,NO CONTROLS,UNABLE TO DETERMINE,FAILING TO REDUCE SPEED,0,0,0,0,13,1,8,1470,IRVING PARK RD,41.709063,-87.757864,08/02/2015 03:55:00 PM,2015
CR00001589,02/26/2019 08:15:00 PM,45,FREEZING RAIN/DRIZZLE,DAYLIGHT,ANGLE,NOT DIVIDED,STOP SIGN/FLASHER,FAILING TO YIELD RIGHT-OF-WAY,DISREGARDING TRAFFIC SIGNALS,0,0,0,0,20,3,2,443,MILWAUKEE AVE,41.804056,-87.84111,02/26/2019 09:23:00 PM,2019
CR00001590,09/07/2021 02:27:00 PM,45,CLEAR,DARKNESS - LIGHTED ROAD,PEDESTRIAN,DIVIDED - W/MEDIAN (NOT RAISED),TRAFFIC SIGNAL,FOLLOWING TOO CLOSELY,UNABLE TO DETERMINE,0,1,2,3,14,3,9,1887,CICERO AVE,41.83507,-87.592139,09/07/2021 03:32:00 PM,2021
CR00001591,07/31/2021 06:55:00 PM,25,CLEAR,DAYLIGHT,TURNING,T-INTERSECTION,NO CONTROLS,IMPROPER OVERTAKING/PASSING,DISREGARDING TRAFFIC SIGNALS,0,0,0,0,18,7,7,944,STONY ISLAND AVE,41.949352,-87.665561,07/31/2021 07:14:00 PM,2021
CR00001592,09/02/2015 06:11:00 PM,20,CLEAR,DAYLIGHT,PARKED MOTOR VEHICLE,ONE-WAY,TRAFFIC SIGNAL,IMPROPER LANE USAGE,UNABLE TO DETERMINE,0,0,0,0,18,4,9,2114,ASHLAND AVE,41.893039,-87.681249,09/02/2015 06:25:00 PM,2015
CR00001593,09/29/2019 07:03:00 AM,20,CLEAR,DAYLIGHT,ANGLE,DIVIDED - W/MEDIAN (NOT RAISED),STOP SIGN/FLASHER,DRIVING SKILLS/KNOWLEDGE/EXPERIENCE,UNABLE TO DETERMINE,0,0,0,0,7,1,9,232,ARCHER AVE,41.747284,-87.540936,09/29/2019 07:51:00 AM,2019
CR00001594,12/20/2016 06:53:00 AM,25,CLEAR,DAYLIGHT,REAR END,T-INTERSECTION,TRAFFIC SIGNAL,IMPROPER LANE USAGE,NOT APPLICABLE,0,0,0,0,6,3,12,2351,WESTERN AVE,41.873575,-87.777434,12/20/2016 08:43:00 AM,2016
CR00001595,01/27/2016 09:11:00 AM,35,CLEAR,DAYLIGHT,REAR END,DIVIDED - W/MEDIAN (NOT RAISED),TRAFFIC SIGNAL,WEATHER,UNABLE TO DETERMINE,0,0,0,0,9,4,1,984,CICERO AVE,41.780591,-87.559911,01/27/2016 09:19:00 AM,2016
CR00001596,06/27/2019 08:28:00 AM,35,CLEAR,DAYLIGHT,SIDESWIPE SAME DIRECTION,NOT DIVIDED,TRAFFIC SIGNAL,IMPROPER LANE USAGE,UNABLE TO DETERMINE,0,0,1,1,8,5,6,563,CALIFORNIA AVE,41.787362,-87.7806,06/27/2019 08:52:00 AM,2019
CR00001597,10/16/2016 04:17:00 PM,35,FOG/SMOKE/HAZE,DAYLIGHT,SIDESWIPE SAME DIRECTION,NOT DIVIDED,NO CONTROLS,FAILING TO YIELD RIGHT-OF-WAY,IMPROPER LANE USAGE,0,2,0,2,16,1,10,2352,MILWAUKEE AVE,41.861979,-87.514734,10/16/2016 04:22:00 PM,2016
CR00001598,03/21/2016 06:38:00 PM,25,FOG/SMOKE/HAZE,DARKNESS - LIGHTED ROAD,REAR END,ONE-WAY,NO CONTROLS,UNABLE TO DETERMINE,NOT APPLICABLE,0,0,0,0,18,2,3,2445,ASHLAND AVE,41.881413,-87.805473,03/21/2016 08:08:00 PM,2016
CR00001599,03/21/2024 12:14:00 PM,35,CLEAR,DAYLIGHT,TURNING,DIVIDED - W/MEDIAN BARRIER,TRAFFIC SIGNAL,IMPROPER OVERTAKING/PASSING,FAILING TO YIELD RIGHT-OF-WAY,0,0,0,0,12,5,3,1456,STONY ISLAND AVE,41.714327,-87.508771,03/21/2024 01:27:00 PM,2024
CR00001600,02/02/2020 07:35:00 AM,30,RAIN,DUSK,PARKED MOTOR VEHICLE,FOUR WAY,TRAFFIC SIGNAL,UNABLE TO DETERMINE,IMPROPER OVERTAKING/PASSING,0,0,0,0,7,1,2,102,OGDEN AVE,41.806769,-87.778107,02/02/2020 08:38:00 AM,2020
CR00001601,08/20/2024 04:27:00 PM,35,CLEAR,DAYLIGHT,REAR END,ONE-WAY,NO CONTROLS,DISTRACTION - FROM INSIDE VEHICLE,FAILING TO REDUCE SPEED,0,0,0,0,16,3,8,523,FULLERTON AVE,41.700837,-87.588136,08/20/2024 05:14:00 PM,2024
CR00001602,06/12/2024 07:38:00 AM,30,CLEAR,DARKNESS - LIGHTED ROAD,REAR END,NOT DIVIDED,NO CONTROLS,DRIVING SKILLS/KNOWLEDGE/EXPERIENCE,IMPROPER LANE USAGE,0,0,0,0,7,4,6,241,FULLERTON AVE,41.755851,-87.822786,06/12/2024 08:26:00 AM,2024
CR00001603,07/11/2017 08:57:00 AM,15,CLEAR,DAYLIGHT,TURNING,NOT DIVIDED,NO CONTROLS,UNABLE TO DETERMINE,NOT APPLICABLE,0,0,0,0,8,3,7,1632,79TH ST,41.987136,-87.763457,07/11/2017 09:20:00 AM,2017
CR00001604,01/12/2024 11:22:00 AM,15,CLEAR,DAYLIGHT,PARKED MOTOR VEHICLE,ONE-WAY,STOP SIGN/FLASHER,DRIVING SKILLS/KNOWLEDGE/EXPERIENCE,FOLLOWING TOO CLOSELY,0,0,1,1,11,6,1,952,DIVISION ST,41.996793,-87.750712,01/12/2024 01:04:00 PM,2024
CR00001605,03/04/2017 07:49:00 PM,35,CLEAR,DARKNESS - LIGHTED ROAD,TURNING,NOT DIVIDED,NO CONTROLS,DRIVING SKILLS/KNOWLEDGE/EXPERIENCE,UNABLE TO DETERMINE,0,0,0,0,19,7,3,1520,FULLERTON AVE,41.962544,-87.74691,03/04/2017 08:21:00 PM,2017
CR00001606,05/17/2023 07:34:00 PM,35,FREEZING RAIN/DRIZZLE,DAYLIGHT,REAR TO FRONT,FOUR WAY,TRAFFIC SIGNAL,FOLLOWING TOO CLOSELY,NOT APPLICABLE,0,1,1,2,19,4,5,648,PULASKI RD,41.72714,-87.542104,05/17/2023 07:42:00 PM,2023
CR00001607,04/27/2016 07:15:00 AM,15,CLEAR,DAYLIGHT,PARKED MOTOR VEHICLE,T-INTERSECTION,NO CONTROLS,DISTRACTION - FROM INSIDE VEHICLE,UNABLE TO DETERMINE,0,1,1,2,7,4,4,2419,KEDZIE AVE,41.876399,-87.752751,04/27/2016 07:24:00 AM,2016
CR00001608,01/10/2020 11:39:00 AM,30,CLEAR,DUSK,TURNING,NOT DIVIDED,TRAFFIC SIGNAL,FOLLOWING TOO CLOSELY,IMPROPER OVERTAKING/PASSING,0,1,2,3,11,6,1,1404,HALSTED ST,41.722804,-87.769822,01/10/2020 12:41:00 PM,2020
CR00001609,06/28/2022 03:40:00 PM,30,CLEAR,DAYLIGHT,ANGLE,FOUR WAY,NO CONTROLS,DISTRACTION - FROM INSIDE VEHICLE,DISREGARDING TRAFFIC SIGNALS,0,0,1,1,15,3,6,2283,STATE ST,41.967107,-87.700997,06/28/2022 04:38:00 PM,2022
CR00001610,07/15/2018 07:17:00 AM,30,CLEAR,DAYLIGHT,REAR END,DIVIDED - W/MEDIAN (NOT RAISED),NO CONTROLS,FOLLOWING TOO CLOSELY,UNABLE TO DETERMINE,0,0,0,0,7,1,7,671,ASHLAND AVE,41.749865,-87.812937,07/15/2018 08:03:00 AM,2018
CR00001611,07/11/2021 05:06:00 PM,35,CLEAR,DARKNESS - LIGHTED ROAD,TURNING,FOUR WAY,NO CONTROLS,FOLLOWING TOO CLOSELY,IMPROPER OVERTAKING/PASSING,0,0,0,0,17,1,7,619,ARCHER AVE,41.899857,-87.832721,07/11/2021 06:55:00 PM,2021
CR00001612,10/07/2022 07:16:00 PM,30,CLOUDY/OVERCAST,DARKNESS - LIGHTED ROAD,REAR END,FOUR WAY,NO CONTROLS,DISREGARDING TRAFFIC SIGNALS,NOT APPLICABLE,0,2,1,3,19,6,10,130,CLARK ST,41.912459,-87.76097,10/07/2022 08:59:00 PM,2022
CR00001613,08/27/2023 04:30:00 PM,45,CLEAR,DAYLIGHT,SIDESWIPE SAME DIRECTION,T-INTERSECTION,NO CONTROLS,IMPROPER LANE USAGE,IMPROPER LANE USAGE,0,0,0,0,16,1,8,2386,DAMEN AVE,41.829427,-87.628083,08/27/2023 06:17:00 PM,2023
CR00001614,12/22/2018 06:22:00 AM,15,CLEAR,DAYLIGHT,PARKED MOTOR VEHICLE,ONE-WAY,TRAFFIC SIGNAL,DISREGARDING TRAFFIC SIGNALS,DRIVING SKILLS/KNOWLEDGE/EXPERIENCE,0,1,3,4,6,7,12,2272,KEDZIE AVE,41.899654,-87.513988,12/22/2018 06:58:00 AM,2018
CR00001615,04/20/2024 07:34:00 PM,35,CLEAR,DAYLIGHT,REAR END,NOT DIVIDED,UNKNOWN,DRIVING SKILLS/KNOWLEDGE/EXPERIENCE,FOLLOWING TOO CLOSELY,0,0,0,0,19,7,4,1729,LAKE SHORE DR,41.932451,-87.605185,04/20/2024 09:05:00 PM,2024
CR00001616,05/28/2016 06:37:00 PM,30,CLOUDY/OVERCAST,DAYLIGHT,REAR END,ONE-WAY,TRAFFIC SIGNAL,UNABLE TO DETERMINE,DRIVING SKILLS/KNOWLEDGE/EXPERIENCE,0,0,0,0,18,7,5,751,STONY ISLAND AVE,41.808724,-87.526608,05/28/2016 08:28:00 PM,2016
CR00001617,01/21/2017 11:00:00 AM,35,CLEAR,DUSK,SIDESWIPE SAME DIRECTION,DIVIDED - W/MEDIAN (NOT RAISED),NO CONTROLS,DRIVING SKILLS/KNOWLEDGE/EXPERIENCE,FAILING TO YIELD RIGHT-OF-WAY,0,0,0,0,11,7,1,872,FULLERTON AVE,41.859985,-87.726566,01/21/2017 12:42:00 PM,2017
CR00001618,07/12/2023 09:56:00 AM,25,CLEAR,DAYLIGHT,REAR END,NOT DIVIDED,STOP SIGN/FLASHER,IMPROPER LANE USAGE,UNABLE TO DETERMINE,0,0,0,0,9,4,7,2533,WESTERN AVE,41.703814,-87.552121,07/12/2023 10:18:00 AM,2023
CR00001619,11/02/2023 12:38:00 AM,35,CLEAR,DAYLIGHT,TURNING,DIVIDED - W/MEDIAN (NOT RAISED),NO CONTROLS,FOLLOWING TOO CLOSELY,NOT APPLICABLE,0,0,0,0,0,5,11,1503,PULASKI RD,41.825252,-87.790416,11/02/2023 02:07:00 AM,2023
CR00001620,07/06/2021 12:27:00 PM,15,CLEAR,DARKNESS,SIDESWIPE SAME DIRECTION,FOUR WAY,NO CONTROLS,UNABLE TO DETERMINE,DISREGARDING TRAFFIC SIGNALS,0,0,0,0,12,3,7,445,FULLERTON AVE,41.720026,-87.557416,07/06/2021 01:50:00 PM,2021
CR00001621,06/18/2017 09:23:00 AM,30,CLEAR,DAYLIGHT,REAR END,FOUR WAY,NO CONTROLS,FAILING TO YIELD RIGHT-OF-WAY,NOT APPLICABLE,0,0,0,0,9,1,6,123,47TH ST,41.861623,-87.787827,06/18/2017 09:44:00 AM,2017
CR00001622,07/11/2015 01:01:00 PM,35,CLEAR,DARKNESS - LIGHTED ROAD,TURNING,NOT DIVIDED,TRAFFIC SIGNAL,FOLLOWING TOO CLOSELY,UNABLE TO DETERMINE,0,0,1,1,13,7,7,2253,47TH ST,41.796111,-87.751655,07/11/2015 01:16:00 PM,2015
CR00001623,12/20/2018 12:00:00 AM,35,CLEAR,DAYLIGHT,TURNING,FOUR WAY,NO CONTROLS,UNABLE TO DETERMINE,FAILING TO REDUCE SPEED,0,0,0,0,0,5,12,555,KEDZIE AVE,41.768481,-87.789288,12/20/2018 12:35:00 AM,2018
CR00001624,09/22/2024 08:50:00 AM,30,CLEAR,DARKNESS,REAR END,DIVIDED - W/MEDIAN (NOT RAISED),NO CONTROLS,UNABLE TO DETERMINE,UNABLE TO DETERMINE,0,0,0,0,8,1,9,506,BROADWAY,41.703729,-87.5221,09/22/2024 10:10:00 AM,2024
CR00001625,11/30/2018 10:57:00 AM,35,CLEAR,DAYLIGHT,ANGLE,DIVIDED - W/MEDIAN (NOT RAISED),YIELD,UNABLE TO DETERMINE,FAILING TO YIELD RIGHT-OF-WAY,0,0,2,2,10,6,11,953,STATE ST,41.753603,-87.685546,11/30/2018 12:52:00 PM,2018
CR00001626,10/11/2021 10:11:00 AM,20,CLEAR,DAYLIGHT,TURNING,NOT DIVIDED,TRAFFIC SIGNAL,DRIVING SKILLS/KNOWLEDGE/EXPERIENCE,IMPROPER OVERTAKING/PASSING,0,0,0,0,10,2,10,180,CICERO AVE,41.713501,-87.752895,10/11/2021 11:06:00 AM,2021
CR00001627,05/16/2024 03:39:00 PM,15,CLEAR,DAYLIGHT,ANGLE,NOT DIVIDED,TRAFFIC SIGNAL,FOLLOWING TOO CLOSELY,FOLLOWING TOO CLOSELY,0,0,0,0,15,5,5,1194,CICERO AVE,41.756636,-87.745077,05/16/2024 04:03:00 PM,2024
CR00001628,08/15/2023 03:10:00 PM,30,CLEAR,DAYLIGHT,ANGLE,NOT DIVIDED,TRAFFIC SIGNAL,IMPROPER LANE USAGE,WEATHER,0,0,0,0,15,3,8,144,STONY ISLAND AVE,41.803605,-87.576683,08/15/2023 04:52:00 PM,2023
CR00001629,01/10/2019 10:49:00 AM,25,CLEAR,DARKNESS - LIGHTED ROAD,ANGLE,NOT DIVIDED,NO CONTROLS,FAILING TO REDUCE SPEED,IMPROPER OVERTAKING/PASSING,0,0,0,0,10,5,1,808,KEDZIE AVE,41.923607,-87.717525,01/10/2019 12:27:00 PM,2019
CR00001630,10/13/2020 02:46:00 PM,45,CLEAR,DAYLIGHT,ANGLE,DIVIDED - W/MEDIAN (NOT RAISED),STOP SIGN/FLASHER,FOLLOWING TOO CLOSELY,IMPROPER OVERTAKING/PASSING,0,0,0,0,14,3,10,1197,STONY ISLAND AVE,41.718966,-87.845769,10/13/2020 02:47:00 PM,2020
CR00001631,01/10/2016 01:46:00 PM,15,RAIN,DAWN,SIDESWIPE SAME DIRECTION,ONE-WAY,TRAFFIC SIGNAL,UNABLE TO DETERMINE,FOLLOWING TOO CLOSELY,0,0,0,0,13,1,1,1850,PULASKI RD,41.796386,-87.643512,01/10/2016 01:49:00 PM,2016
CR00001632,06/02/2018 03:54:00 PM,35,CLEAR,DARKNESS - LIGHTED ROAD,SIDESWIPE SAME DIRECTION,NOT DIVIDED,NO CONTROLS,IMPROPER OVERTAKING/PASSING,UNABLE TO DETERMINE,0,0,0,0,15,7,6,1722,ROOSEVELT RD,41.82317,-87.817148,06/02/2018 04:23:00 PM,2018
CR00001633,03/17/2019 05:34:00 AM,35,CLEAR,DAYLIGHT,TURNING,NOT DIVIDED,STOP SIGN/FLASHER,FAILING TO YIELD RIGHT-OF-WAY,DISREGARDING TRAFFIC SIGNALS,0,0,0,0,5,1,3,1057,BROADWAY,41.952972,-87.512943,03/17/2019 06:19:00 AM,2019
CR00001634,03/16/2021 09:57:00 PM,45,RAIN,DAYLIGHT,REAR END,NOT DIVIDED,TRAFFIC SIGNAL,IMPROPER OVERTAKING/PASSING,NOT APPLICABLE,0,0,1,1,21,3,3,783,FULLERTON AVE,41.85584,-87.564233,03/16/2021 11:33:00 PM,2021
CR00001635,06/15/2024 07:00:00 AM,40,CLEAR,DAYLIGHT,SIDESWIPE SAME DIRECTION,NOT DIVIDED,TRAFFIC SIGNAL,FAILING TO YIELD RIGHT-OF-WAY,DISREGARDING TRAFFIC SIGNALS,0,0,0,0,7,7,6,1854,PULASKI RD,41.79242,-87.835647,06/15/2024 07:59:00 AM,2024
CR00001636,10/14/2018 02:14:00 AM,40,CLEAR,DAYLIGHT,REAR END,DIVIDED - W/MEDIAN (NOT RAISED),TRAFFIC SIGNAL,DISTRACTION - FROM INSIDE VEHICLE,IMPROPER OVERTAKING/PASSING,0,0,0,0,2,1,10,964,WESTERN AVE,41.833262,-87.529804,10/14/2018 03:30:00 AM,2018
CR00001637,03/02/2024 01:30:00 PM,25,CLEAR,DUSK,REAR END,DIVIDED - W/MEDIAN (NOT RAISED),TRAFFIC SIGNAL,IMPROPER OVERTAKING/PASSING,NOT APPLICABLE,0,0,0,0,13,7,3,2453,79TH ST,41.966299,-87.807915,03/02/2024 03:30:00 PM,2024
CR00001638,02/25/2018 08:05:00 PM,40,CLEAR,DAYLIGHT,REAR END,ONE-WAY,YIELD,FOLLOWING TOO CLOSELY,FAILING TO REDUCE SPEED,0,0,0,0,20,1,2,291,BROADWAY,41.931329,-87.691757,02/25/2018 09:28:00 PM,2018
CR00001639,04/12/2020 07:13:00 PM,40,CLOUDY/OVERCAST,DARKNESS - LIGHTED ROAD,ANGLE,T-INTERSECTION,TRAFFIC SIGNAL,FAILING TO YIELD RIGHT-OF-WAY,UNABLE TO DETERMINE,0,0,0,0,19,1,4,1389,79TH ST,41.761305,-87.612092,04/12/2020 07:35:00 PM,2020
CR00001640,08/14/2018 01:54:00 AM,20,CLOUDY/OVERCAST,DAYLIGHT,REAR END,NOT DIVIDED,STOP SIGN/FLASHER,DRIVING SKILLS/KNOWLEDGE/EXPERIENCE,FAILING TO YIELD RIGHT-OF-WAY,0,0,0,0,1,3,8,418,ELSTON AVE,41.790805,-87.801682,08/14/2018 03:41:00 AM,2018
CR00001641,09/10/2024 01:43:00 PM,15,FOG/SMOKE/HAZE,DAYLIGHT,TURNING,T-INTERSECTION,NO CONTROLS,IMPROPER LANE USAGE,NOT APPLICABLE,0,0,0,0,13,3,9,160,LAKE SHORE DR,41.708922,-87.713236,09/10/2024 02:07:00 PM,2024
CR00001642,02/24/2017 09:37:00 PM,20,SNOW,DARKNESS - LIGHTED ROAD,ANGLE,NOT DIVIDED,TRAFFIC SIGNAL,UNABLE TO DETERMINE,DRIVING SKILLS/KNOWLEDGE/EXPERIENCE,0,0,0,0,21,6,2,730,DAMEN AVE,41.930021,-87.67186,02/24/2017 10:56:00 PM,2017
CR00001643,11/17/2022 11:56:00 AM,35,CLOUDY/OVERCAST,DAYLIGHT,ANGLE,DIVIDED - W/MEDIAN (NOT RAISED),NO CONTROLS,IMPROPER LANE USAGE,FOLLOWING TOO CLOSELY,0,0,0,0,11,5,11,802,BROADWAY,41.931785,-87.768317,11/17/2022 12:08:00 PM,2022