CRASH_RECORD_ID,CRASH_DATE,POSTED_SPEED_LIMIT,WEATHER_CONDITION,LIGHTING_CONDITION,FIRST_CRASH_TYPE,TRAFFICWAY_TYPE,TRAFFIC_CONTROL_DEVICE,PRIM_CONTRIBUTORY_CAUSE,SEC_CONTRIBUTORY_CAUSE,INJURIES_FATAL,INJURIES_INCAPACITATING,INJURIES_NON_INCAPACITATING,INJURIES_TOTAL,CRASH_HOUR,CRASH_DAY_OF_WEEK,CRASH_MONTH,BEAT_OF_OCCURRENCE,STREET_NAME,LATITUDE,LONGITUDE,DATE_POLICE_NOTIFIED,year
CR00001644,08/02/2021 10:10:00 AM,30,CLEAR,DARKNESS,REAR TO FRONT,NOT DIVIDED,TRAFFIC SIGNAL,FOLLOWING TOO CLOSELY,FAILING TO REDUCE SPEED,0,0,0,0,10,2,8,178,ASHLAND AVE,41.915389,-87.643025,08/02/2021 11:38:00 AM,2021
CR00001645,03/02/2018 12:49:00 PM,45,CLEAR,DAYLIGHT,PARKED MOTOR VEHICLE,DIVIDED - W/MEDIAN (NOT RAISED),TRAFFIC SIGNAL,IMPROPER OVERTAKING/PASSING,UNABLE TO DETERMINE,0,0,0,0,12,6,3,108,ARCHER AVE,41.993518,-87.692626,03/02/2018 01:38:00 PM,2018
CR00001646,11/24/2017 05:33:00 PM,40,CLOUDY/OVERCAST,DAWN,SIDESWIPE SAME DIRECTION,FOUR WAY,NO CONTROLS,UNABLE TO DETERMINE,FAILING TO REDUCE SPEED,0,0,0,0,17,6,11,700,47TH ST,41.999802,-87.7688,11/24/2017 07:30:00 PM,2017
CR00001647,08/10/2022 10:47:00 PM,40,CLEAR,DAYLIGHT,PARKED MOTOR VEHICLE,DIVIDED - W/MEDIAN (NOT RAISED),STOP SIGN/FLASHER,FOLLOWING TOO CLOSELY,DISTRACTION - FROM INSIDE VEHICLE,0,0,0,0,22,4,8,1008,63RD ST,41.917404,-87.810924,08/10/2022 11:48:00 PM,2022
CR00001648,04/11/2016 11:56:00 AM,15,CLEAR,DAYLIGHT,PARKED MOTOR VEHICLE,NOT DIVIDED,PEDESTRIAN CROSSING SIGN,IMPROPER LANE USAGE,NOT APPLICABLE,0,0,0,0,11,2,4,681,79TH ST,41.87397,-87.585538,04/11/2016 01:52:00 PM,2016
CR00001649,09/24/2020 05:21:00 AM,35,CLEAR,DARKNESS - LIGHTED ROAD,REAR END,DIVIDED - W/MEDIAN (NOT RAISED),STOP SIGN/FLASHER,FOLLOWING TOO CLOSELY,UNABLE TO DETERMINE,0,0,0,0,5,5,9,1927,PULASKI RD,41.981845,-87.578851,09/24/2020 05:36:00 AM,2020
CR00001650,04/13/2017 01:32:00 AM,20,CLEAR,DAYLIGHT,TURNING,NOT DIVIDED,TRAFFIC SIGNAL,UNABLE TO DETERMINE,IMPROPER LANE USAGE,0,0,0,0,1,5,4,1798,ELSTON AVE,41.709434,-87.625782,04/13/2017 03:23:00 AM,2017
CR00001651,12/13/2016 05:55:00 PM,15,SNOW,DAYLIGHT,TURNING,NOT DIVIDED,TRAFFIC SIGNAL,DRIVING SKILLS/KNOWLEDGE/EXPERIENCE,DISTRACTION - FROM INSIDE VEHICLE,0,0,0,0,17,3,12,2473,MILWAUKEE AVE,41.949877,-87.555143,12/13/2016 06:37:00 PM,2016
CR00001652,05/03/2021 08:41:00 AM,40,CLEAR,DAYLIGHT,PARKED MOTOR VEHICLE,DIVIDED - W/MEDIAN BARRIER,NO CONTROLS,DISREGARDING TRAFFIC SIGNALS,IMPROPER LANE USAGE,0,0,0,0,8,2,5,1676,ASHLAND AVE,41.889404,-87.818914,05/03/2021 09:35:00 AM,2021
CR00001653,12/03/2016 09:30:00 PM,25,CLEAR,DAYLIGHT,PARKED MOTOR VEHICLE,NOT DIVIDED,TRAFFIC SIGNAL,UNABLE TO DETERMINE,DISTRACTION - FROM INSIDE VEHICLE,0,0,0,0,21,7,12,817,DAMEN AVE,41.73973,-87.654886,12/03/2016 10:38:00 PM,2016
CR00001654,03/08/2017 06:57:00 PM,30,CLEAR,DARKNESS,ANGLE,NOT DIVIDED,NO CONTROLS,UNABLE TO DETERMINE,UNABLE TO DETERMINE,0,2,2,4,18,4,3,1309,63RD ST,41.889064,-87.785642,03/08/2017 07:30:00 PM,2017
CR00001655,05/18/2022 07:19:00 AM,15,RAIN,DAYLIGHT,REAR END,NOT DIVIDED,TRAFFIC SIGNAL,FAILING TO YIELD RIGHT-OF-WAY,FOLLOWING TOO CLOSELY,0,0,0,0,7,4,5,136,STONY ISLAND AVE,41.963072,-87.774768,05/18/2022 08:36:00 AM,2022
CR00001656,03/08/2021 09:36:00 AM,30,RAIN,DAYLIGHT,PARKED MOTOR VEHICLE,T-INTERSECTION,TRAFFIC SIGNAL,UNABLE TO DETERMINE,UNABLE TO DETERMINE,0,0,0,0,9,2,3,1302,MICHIGAN AVE,41.946875,-87.525604,03/08/2021 09:44:00 AM,2021
CR00001657,03/18/2019 11:08:00 AM,40,FOG/SMOKE/HAZE,DAYLIGHT,FIXED OBJECT,ONE-WAY,TRAFFIC SIGNAL,FAILING TO YIELD RIGHT-OF-WAY,WEATHER,0,1,1,2,11,2,3,1240,63RD ST,41.766692,-87.582566,03/18/2019 11:41:00 AM,2019
CR00001658,03/08/2015 09:55:00 AM,40,CLEAR,DAYLIGHT,REAR END,DIVIDED - W/MEDIAN (NOT RAISED),UNKNOWN,IMPROPER LANE USAGE,IMPROPER OVERTAKING/PASSING,0,0,0,0,9,1,3,2141,MICHIGAN AVE,41.910506,-87.55586,03/08/2015 11:51:00 AM,2015
CR00001659,10/21/2020 12:17:00 PM,35,RAIN,DAWN,PARKED MOTOR VEHICLE,ONE-WAY,TRAFFIC SIGNAL,FOLLOWING TOO CLOSELY,IMPROPER LANE USAGE,0,0,1,1,12,4,10,401,HALSTED ST,41.769246,-87.836546,10/21/2020 01:09:00 PM,2020
CR00001660,03/08/2019 04:19:00 PM,25,CLEAR,DUSK,REAR END,NOT DIVIDED,NO CONTROLS,IMPROPER LANE USAGE,DRIVING SKILLS/KNOWLEDGE/EXPERIENCE,0,0,0,0,16,6,3,1684,STONY ISLAND AVE,41.845381,-87.53102,03/08/2019 06:13:00 PM,2019
CR00001661,11/10/2016 01:36:00 PM,35,RAIN,DARKNESS - LIGHTED ROAD,TURNING,NOT DIVIDED,NO CONTROLS,FAILING TO YIELD RIGHT-OF-WAY,FAILING TO YIELD RIGHT-OF-WAY,0,0,0,0,13,5,11,2516,DIVISION ST,41.703324,-87.704066,11/10/2016 01:46:00 PM,2016
CR00001662,05/16/2022 10:09:00 PM,40,CLEAR,DAYLIGHT,SIDESWIPE SAME DIRECTION,T-INTERSECTION,STOP SIGN/FLASHER,DISREGARDING TRAFFIC SIGNALS,IMPROPER OVERTAKING/PASSING,0,0,0,0,22,2,5,1737,ELSTON AVE,41.921171,-87.573106,05/16/2022 11:43:00 PM,2022
CR00001663,10/09/2020 02:45:00 PM,35,CLEAR,DAYLIGHT,REAR END,NOT DIVIDED,NO CONTROLS,DRIVING SKILLS/KNOWLEDGE/EXPERIENCE,UNABLE TO DETERMINE,0,0,0,0,14,6,10,300,OGDEN AVE,41.883275,-87.719741,10/09/2020 04:25:00 PM,2020
CR00001664,09/20/2024 09:16:00 PM,45,CLEAR,DAYLIGHT,REAR END,DIVIDED - W/MEDIAN (NOT RAISED),NO CONTROLS,UNABLE TO DETERMINE,UNABLE TO DETERMINE,0,0,3,3,21,6,9,372,CLARK ST,41.858364,-87.78364,09/20/2024 10:54:00 PM,2024
CR00001665,05/03/2018 03:41:00 AM,30,CLOUDY/OVERCAST,DARKNESS - LIGHTED ROAD,FIXED OBJECT,NOT DIVIDED,NO CONTROLS,FOLLOWING TOO CLOSELY,DISREGARDING TRAFFIC SIGNALS,0,0,1,1,3,5,5,2410,CICERO AVE,41.952023,-87.596468,05/03/2018 03:50:00 AM,2018
CR00001666,06/10/2017 10:07:00 AM,25,RAIN,DARKNESS - LIGHTED ROAD,ANGLE,NOT DIVIDED,NO CONTROLS,IMPROPER LANE USAGE,IMPROPER LANE USAGE,0,0,0,0,10,7,6,2312,DAMEN AVE,41.854976,-87.648781,06/10/2017 10:49:00 AM,2017
CR00001667,03/24/2022 11:53:00 AM,25,CLEAR,DAYLIGHT,TURNING,FOUR WAY,UNKNOWN,DISTRACTION - FROM INSIDE VEHICLE,UNABLE TO DETERMINE,0,0,0,0,11,5,3,327,OGDEN AVE,41.789137,-87.590201,03/24/2022 01:19:00 PM,2022
CR00001668,01/18/2017 08:21:00 AM,45,CLEAR,DARKNESS - LIGHTED ROAD,PARKED MOTOR VEHICLE,DIVIDED - W/MEDIAN (NOT RAISED),NO CONTROLS,IMPROPER LANE USAGE,NOT APPLICABLE,0,0,2,2,8,4,1,2333,PULASKI RD,41.828432,-87.520157,01/18/2017 08:35:00 AM,2017
CR00001669,04/12/2022 12:25:00 PM,30,CLEAR,DARKNESS - LIGHTED ROAD,REAR END,DIVIDED - W/MEDIAN (NOT RAISED),STOP SIGN/FLASHER,FAILING TO YIELD RIGHT-OF-WAY,FAILING TO YIELD RIGHT-OF-WAY,0,0,0,0,12,3,4,511,OGDEN AVE,41.963804,-87.820189,04/12/2022 01:50:00 PM,2022
CR00001670,10/30/2019 04:21:00 PM,30,CLEAR,DAYLIGHT,REAR END,DIVIDED - W/MEDIAN BARRIER,NO CONTROLS,FOLLOWING TOO CLOSELY,UNABLE TO DETERMINE,0,0,1,1,16,4,10,397,63RD ST,41.954872,-87.847645,10/30/2019 04:53:00 PM,2019
CR00001671,03/06/2017 03:42:00 PM,35,CLEAR,DARKNESS - LIGHTED ROAD,REAR END,FOUR WAY,NO CONTROLS,UNABLE TO DETERMINE,IMPROPER OVERTAKING/PASSING,0,0,0,0,15,2,3,1532,PULASKI RD,41.955126,-87.816073,03/06/2017 03:49:00 PM,2017
CR00001672,07/13/2017 01:05:00 PM,25,CLOUDY/OVERCAST,DAYLIGHT,PARKED MOTOR VEHICLE,T-INTERSECTION,STOP SIGN/FLASHER,IMPROPER LANE USAGE,DISREGARDING TRAFFIC SIGNALS,0,0,0,0,13,5,7,390,FULLERTON AVE,41.928539,-87.787231,07/13/2017 01:11:00 PM,2017
CR00001673,03/23/2017 03:30:00 PM,25,CLEAR,DAYLIGHT,SIDESWIPE SAME DIRECTION,DIVIDED - W/MEDIAN (NOT RAISED),NO CONTROLS,DRIVING SKILLS/KNOWLEDGE/EXPERIENCE,IMPROPER LANE USAGE,0,0,0,0,15,5,3,100,IRVING PARK RD,41.837887,-87.783543,03/23/2017 05:04:00 PM,2017
CR00001674,01/14/2018 03:27:00 PM,25,FREEZING RAIN/DRIZZLE,DAYLIGHT,SIDESWIPE SAME DIRECTION,NOT DIVIDED,NO CONTROLS,FAILING TO REDUCE SPEED,NOT APPLICABLE,0,0,0,0,15,1,1,2026,DAMEN AVE,41.924938,-87.662909,01/14/2018 05:18:00 PM,2018
CR00001675,08/09/2018 04:49:00 AM,40,FREEZING RAIN/DRIZZLE,DAYLIGHT,REAR END,ONE-WAY,UNKNOWN,FOLLOWING TOO CLOSELY,DISTRACTION - FROM INSIDE VEHICLE,0,0,0,0,4,5,8,781,ELSTON AVE,41.721388,-87.685074,08/09/2018 04:54:00 AM,2018
CR00001676,08/26/2021 11:05:00 AM,45,CLEAR,DARKNESS - LIGHTED ROAD,TURNING,ONE-WAY,NO CONTROLS,FAILING TO YIELD RIGHT-OF-WAY,FAILING TO YIELD RIGHT-OF-WAY,0,0,0,0,11,5,8,2330,ROOSEVELT RD,41.815058,-87.50994,08/26/2021 11:10:00 AM,2021
CR00001677,11/20/2015 07:47:00 PM,30,CLEAR,DARKNESS - LIGHTED ROAD,FIXED OBJECT,NOT DIVIDED,TRAFFIC SIGNAL,UNABLE TO DETERMINE,DISTRACTION - FROM INSIDE VEHICLE,0,0,1,1,19,6,11,2114,LAKE SHORE DR,41.781375,-87.569732,11/20/2015 08:38:00 PM,2015
CR00001678,01/12/2015 03:18:00 AM,30,CLEAR,DAYLIGHT,REAR END,ONE-WAY,NO CONTROLS,UNABLE TO DETERMINE,WEATHER,0,0,0,0,3,2,1,1118,DIVISION ST,41.773749,-87.559894,01/12/2015 03:20:00 AM,2015
CR00001679,11/04/2023 06:34:00 PM,30,RAIN,DAYLIGHT,TURNING,T-INTERSECTION,NO CONTROLS,WEATHER,DISREGARDING TRAFFIC SIGNALS,0,0,0,0,18,7,11,263,MICHIGAN AVE,41.72443,-87.66113,11/04/2023 08:02:00 PM,2023
CR00001680,10/05/2020 12:58:00 PM,35,CLEAR,DARKNESS - LIGHTED ROAD,REAR END,NOT DIVIDED,TRAFFIC SIGNAL,FOLLOWING TOO CLOSELY,UNABLE TO DETERMINE,0,0,1,1,12,2,10,1484,CICERO AVE,41.888503,-87.607319,10/05/2020 01:01:00 PM,2020
CR00001681,04/15/2019 10:44:00 AM,30,CLEAR,DUSK,TURNING,NOT DIVIDED,NO CONTROLS,UNABLE TO DETERMINE,NOT APPLICABLE,0,0,0,0,10,2,4,877,DIVISION ST,41.880094,-87.546567,04/15/2019 12:17:00 PM,2019
CR00001682,04/02/2020 10:16:00 AM,15,CLEAR,DUSK,PARKED MOTOR VEHICLE,ONE-WAY,TRAFFIC SIGNAL,UNABLE TO DETERMINE,IMPROPER LANE USAGE,0,0,1,1,10,5,4,788,PULASKI RD,41.928626,-87.555849,04/02/2020 11:19:00 AM,2020
CR00001683,08/15/2022 06:07:00 PM,30,CLEAR,DAYLIGHT,REAR END,NOT DIVIDED,STOP SIGN/FLASHER,UNABLE TO DETERMINE,NOT APPLICABLE,0,0,0,0,18,2,8,1696,BROADWAY,41.88454,-87.660702,08/15/2022 07:40:00 PM,2022
CR00001684,02/15/2016 06:21:00 AM,25,CLEAR,DAYLIGHT,REAR END,FOUR WAY,NO CONTROLS,UNABLE TO DETERMINE,IMPROPER LANE USAGE,0,0,0,0,6,2,2,1751,PULASKI RD,41.866063,-87.653693,02/15/2016 07:05:00 AM,2016
CR00001685,04/24/2018 02:51:00 PM,30,RAIN,DARKNESS - LIGHTED ROAD,FIXED OBJECT,NOT DIVIDED,TRAFFIC SIGNAL,IMPROPER OVERTAKING/PASSING,FOLLOWING TOO CLOSELY,0,0,0,0,14,3,4,1588,47TH ST,41.996337,-87.798641,04/24/2018 03:32:00 PM,2018
CR00001686,02/14/2018 10:30:00 AM,25,RAIN,DAYLIGHT,REAR END,DIVIDED - W/MEDIAN (NOT RAISED),YIELD,UNABLE TO DETERMINE,FOLLOWING TOO CLOSELY,0,0,0,0,10,4,2,1699,ROOSEVELT RD,41.987574,-87.830153,02/14/2018 11:39:00 AM,2018
CR00001687,10/28/2015 10:39:00 PM,35,CLEAR,DAYLIGHT,REAR END,DIVIDED - W/MEDIAN (NOT RAISED),NO CONTROLS,FOLLOWING TOO CLOSELY,FOLLOWING TOO CLOSELY,0,0,0,0,22,4,10,2460,BROADWAY,41.918758,-87.648197,10/28/2015 11:33:00 PM,2015
CR00001688,01/12/2015 12:14:00 PM,40,CLEAR,DAYLIGHT,REAR END,DIVIDED - W/MEDIAN (NOT RAISED),TRAFFIC SIGNAL,FAILING TO YIELD RIGHT-OF-WAY,UNABLE TO DETERMINE,0,2,1,3,12,2,1,1454,PULASKI RD,41.704933,-87.71911,01/12/2015 01:59:00 PM,2015
CR00001689,05/31/2019 09:02:00 AM,15,CLEAR,DUSK,ANGLE,FOUR WAY,NO CONTROLS,DISTRACTION - FROM INSIDE VEHICLE,DISTRACTION - FROM INSIDE VEHICLE,0,0,0,0,9,6,5,1856,STATE ST,41.771612,-87.559768,05/31/2019 09:50:00 AM,2019
CR00001690,05/23/2024 12:39:00 AM,15,RAIN,DAYLIGHT,REAR END,NOT DIVIDED,UNKNOWN,FOLLOWING TOO CLOSELY,DISTRACTION - FROM INSIDE VEHICLE,0,0,0,0,0,5,5,218,HALSTED ST,41.736205,-87.549147,05/23/2024 01:55:00 AM,2024
CR00001691,02/03/2019 07:01:00 AM,35,FOG/SMOKE/HAZE,DAYLIGHT,ANGLE,DIVIDED - W/MEDIAN (NOT RAISED),UNKNOWN,IMPROPER LANE USAGE,FAILING TO YIELD RIGHT-OF-WAY,0,0,0,0,7,1,2,1047,ASHLAND AVE,41.80169,-87.609004,02/03/2019 08:40:00 AM,2019
CR00001692,06/11/2021 05:52:00 PM,40,CLEAR,DAYLIGHT,REAR END,DIVIDED - W/MEDIAN (NOT RAISED),TRAFFIC SIGNAL,IMPROPER OVERTAKING/PASSING,NOT APPLICABLE,0,0,0,0,17,6,6,1309,63RD ST,41.817727,-87.832661,06/11/2021 07:24:00 PM,2021
CR00001693,08/10/2018 09:51:00 AM,30,CLEAR,DUSK,ANGLE,FOUR WAY,NO CONTROLS,FAILING TO REDUCE SPEED,FOLLOWING TOO CLOSELY,0,0,0,0,9,6,8,1449,MICHIGAN AVE,41.889049,-87.516863,08/10/2018 09:57:00 AM,2018
CR00001694,10/05/2020 05:07:00 AM,45,CLEAR,DAYLIGHT,PARKED MOTOR VEHICLE,DIVIDED - W/MEDIAN (NOT RAISED),TRAFFIC SIGNAL,UNABLE TO DETERMINE,FOLLOWING TOO CLOSELY,0,0,0,0,5,2,10,1259,IRVING PARK RD,41.889187,-87.807729,10/05/2020 06:18:00 AM,2020
CR00001695,09/14/2018 01:25:00 PM,25,CLEAR,DARKNESS - LIGHTED ROAD,PARKED MOTOR VEHICLE,ONE-WAY,NO CONTROLS,FOLLOWING TOO CLOSELY,FAILING TO REDUCE SPEED,0,0,0,0,13,6,9,1768,BROADWAY,41.750362,-87.572029,09/14/2018 02:13:00 PM,2018
CR00001696,02/19/2015 09:51:00 AM,40,CLEAR,DAYLIGHT,TURNING,NOT DIVIDED,NO CONTROLS,IMPROPER OVERTAKING/PASSING,NOT APPLICABLE,0,0,0,0,9,5,2,731,IRVING PARK RD,41.943258,-87.555875,02/19/2015 10:31:00 AM,2015
CR00001697,09/23/2019 01:01:00 PM,40,CLEAR,DAYLIGHT,REAR END,DIVIDED - W/MEDIAN (NOT RAISED),NO CONTROLS,FAILING TO REDUCE SPEED,UNABLE TO DETERMINE,0,0,0,0,13,2,9,377,CALIFORNIA AVE,41.805996,-87.501993,09/23/2019 01:48:00 PM,2019
CR00001698,08/01/2017 06:46:00 PM,30,CLEAR,DAYLIGHT,TURNING,ONE-WAY,TRAFFIC SIGNAL,IMPROPER LANE USAGE,UNABLE TO DETERMINE,0,0,0,0,18,3,8,1629,HALSTED ST,41.72705,-87.676032,08/01/2017 06:59:00 PM,2017
CR00001699,01/04/2017 09:19:00 AM,45,CLEAR,DAYLIGHT,PEDESTRIAN,DIVIDED - W/MEDIAN (NOT RAISED),NO CONTROLS,DISREGARDING TRAFFIC SIGNALS,DISREGARDING TRAFFIC SIGNALS,0,0,0,0,9,4,1,1596,KEDZIE AVE,41.773588,-87.735761,01/04/2017 10:16:00 AM,2017
CR00001700,02/02/2016 06:51:00 PM,15,CLEAR,DUSK,TURNING,NOT DIVIDED,STOP SIGN/FLASHER,DISREGARDING TRAFFIC SIGNALS,UNABLE TO DETERMINE,0,0,0,0,18,3,2,2249,79TH ST,41.981691,-87.528735,02/02/2016 08:06:00 PM,2016
CR00001701,06/15/2021 04:25:00 PM,35,RAIN,DAYLIGHT,TURNING,DIVIDED - W/MEDIAN (NOT RAISED),TRAFFIC SIGNAL,UNABLE TO DETERMINE,DRIVING SKILLS/KNOWLEDGE/EXPERIENCE,0,0,0,0,16,3,6,1062,KEDZIE AVE,41.923078,-87.74488,06/15/2021 05:57:00 PM,2021
CR00001702,11/18/2024 11:45:00 AM,35,RAIN,DAYLIGHT,TURNING,DIVIDED - W/MEDIAN BARRIER,TRAFFIC SIGNAL,UNABLE TO DETERMINE,WEATHER,0,0,0,0,11,2,11,860,MICHIGAN AVE,41.779153,-87.615307,11/18/2024 12:44:00 PM,2024
CR00001703,05/14/2023 06:30:00 PM,45,CLEAR,DAYLIGHT,REAR END,FOUR WAY,TRAFFIC SIGNAL,FAILING TO YIELD RIGHT-OF-WAY,IMPROPER OVERTAKING/PASSING,0,1,1,2,18,1,5,1090,KEDZIE AVE,41.956662,-87.568001,05/14/2023 06:43:00 PM,2023
CR00001704,02/15/2017 10:09:00 PM,25,CLEAR,DARKNESS - LIGHTED ROAD,TURNING,NOT DIVIDED,NO CONTROLS,UNABLE TO DETERMINE,UNABLE TO DETERMINE,0,0,0,0,22,4,2,2396,HALSTED ST,41.881111,-87.68233,02/15/2017 11:50:00 PM,2017
CR00001705,08/12/2018 09:48:00 AM,35,RAIN,DARKNESS - LIGHTED ROAD,PARKED MOTOR VEHICLE,NOT DIVIDED,NO CONTROLS,UNABLE TO DETERMINE,IMPROPER OVERTAKING/PASSING,0,0,0,0,9,1,8,2039,MICHIGAN AVE,41.818435,-87.568637,08/12/2018 10:47:00 AM,2018
CR00001706,12/22/2021 06:10:00 PM,15,CLEAR,DAYLIGHT,FIXED OBJECT,NOT DIVIDED,NO CONTROLS,IMPROPER LANE USAGE,UNABLE TO DETERMINE,0,0,0,0,18,4,12,1129,47TH ST,41.860475,-87.731648,12/22/2021 06:29:00 PM,2021
CR00001707,01/01/2015 04:27:00 AM,30,CLEAR,DAYLIGHT,REAR END,NOT DIVIDED,TRAFFIC SIGNAL,DISTRACTION - FROM INSIDE VEHICLE,UNABLE TO DETERMINE,0,0,0,0,4,5,1,2520,OGDEN AVE,41.768386,-87.570568,01/01/2015 05:34:00 AM,2015
CR00001708,09/03/2016 05:00:00 PM,25,CLEAR,DAYLIGHT,TURNING,DIVIDED - W/MEDIAN (NOT RAISED),TRAFFIC SIGNAL,IMPROPER LANE USAGE,FAILING TO REDUCE SPEED,0,0,1,1,17,7,9,384,KEDZIE AVE,41.798477,-87.755945,09/03/2016 05:44:00 PM,2016
CR00001709,03/07/2021 08:07:00 AM,30,CLEAR,DARKNESS,REAR END,NOT DIVIDED,PEDESTRIAN CROSSING SIGN,WEATHER,FAILING TO YIELD RIGHT-OF-WAY,0,0,0,0,8,1,3,716,HALSTED ST,41.914986,-87.712328,03/07/2021 08:44:00 AM,2021
CR00001710,07/11/2020 02:29:00 PM,40,CLOUDY/OVERCAST,DAYLIGHT,TURNING,DIVIDED - W/MEDIAN (NOT RAISED),NO CONTROLS,DISREGARDING TRAFFIC SIGNALS,IMPROPER OVERTAKING/PASSING,0,0,0,0,14,7,7,215,CALIFORNIA AVE,41.761126,-87.823599,07/11/2020 04:23:00 PM,2020
CR00001711,01/15/2015 08:35:00 AM,45,CLEAR,DAYLIGHT,PARKED MOTOR VEHICLE,ONE-WAY,NO CONTROLS,UNABLE TO DETERMINE,DISTRACTION - FROM INSIDE VEHICLE,0,0,0,0,8,5,1,1278,CICERO AVE,41.771412,-87.57085,01/15/2015 09:18:00 AM,2015
CR00001712,03/01/2023 10:02:00 PM,25,CLEAR,DAYLIGHT,REAR END,DIVIDED - W/MEDIAN BARRIER,STOP SIGN/FLASHER,FAILING TO YIELD RIGHT-OF-WAY,IMPROPER OVERTAKING/PASSING,0,0,0,0,22,4,3,1602,OGDEN AVE,41.937326,-87.745871,03/01/2023 10:09:00 PM,2023
CR00001713,11/15/2016 01:29:00 PM,35,CLEAR,DAYLIGHT,REAR END,NOT DIVIDED,UNKNOWN,FAILING TO YIELD RIGHT-OF-WAY,UNABLE TO DETERMINE,0,0,0,0,13,3,11,2182,63RD ST,41.811375,-87.525899,11/15/2016 03:17:00 PM,2016
CR00001714,01/01/2019 05:54:00 PM,45,CLEAR,DAYLIGHT,SIDESWIPE SAME DIRECTION,FOUR WAY,TRAFFIC SIGNAL,DISTRACTION - FROM INSIDE VEHICLE,IMPROPER LANE USAGE,0,0,1,1,17,3,1,955,ASHLAND AVE,41.983759,-87.594875,01/01/2019 06:31:00 PM,2019
CR00001715,11/11/2020 08:37:00 AM,40,CLOUDY/OVERCAST,DAYLIGHT,PARKED MOTOR VEHICLE,NOT DIVIDED,NO CONTROLS,IMPROPER LANE USAGE,NOT APPLICABLE,0,0,0,0,8,4,11,2172,DAMEN AVE,41.87122,-87.680458,11/11/2020 09:51:00 AM,2020
CR00001716,05/21/2015 04:47:00 PM,30,RAIN,DARKNESS,FIXED OBJECT,NOT DIVIDED,NO CONTROLS,FAILING TO YIELD RIGHT-OF-WAY,WEATHER,0,0,0,0,16,5,5,1887,CLARK ST,41.794498,-87.740246,05/21/2015 06:38:00 PM,2015
CR00001717,06/05/2017 07:08:00 AM,20,CLEAR,DAYLIGHT,REAR END,DIVIDED - W/MEDIAN BARRIER,STOP SIGN/FLASHER,IMPROPER LANE USAGE,FAILING TO REDUCE SPEED,0,0,0,0,7,2,6,2285,79TH ST,41.992608,-87.759959,06/05/2017 07:57:00 AM,2017
CR00001718,11/02/2015 06:55:00 PM,25,SNOW,DAYLIGHT,TURNING,DIVIDED - W/MEDIAN BARRIER,UNKNOWN,UNABLE TO DETERMINE,UNABLE TO DETERMINE,0,1,1,2,18,2,11,890,FULLERTON AVE,41.775443,-87.848571,11/02/2015 07:05:00 PM,2015
CR00001719,12/15/2020 06:58:00 PM,25,CLEAR,DAYLIGHT,PEDESTRIAN,DIVIDED - W/MEDIAN (NOT RAISED),YIELD,DRIVING SKILLS/KNOWLEDGE/EXPERIENCE,FAILING TO REDUCE SPEED,0,0,0,0,18,3,12,2113,CICERO AVE,41.849312,-87.789581,12/15/2020 08:52:00 PM,2020
CR00001720,07/02/2024 03:49:00 PM,35,CLEAR,DARKNESS - LIGHTED ROAD,ANGLE,FOUR WAY,TRAFFIC SIGNAL,UNABLE TO DETERMINE,FOLLOWING TOO CLOSELY,0,0,0,0,15,3,7,2339,CLARK ST,41.742403,-87.512183,07/02/2024 04:16:00 PM,2024
CR00001721,10/04/2015 12:33:00 PM,30,RAIN,DARKNESS - LIGHTED ROAD,TURNING,DIVIDED - W/MEDIAN (NOT RAISED),NO CONTROLS,IMPROPER OVERTAKING/PASSING,DISREGARDING TRAFFIC SIGNALS,0,0,0,0,12,1,10,2455,DIVISION ST,41.909259,-87.504393,10/04/2015 12:59:00 PM,2015
CR00001722,01/06/2021 09:25:00 AM,35,RAIN,DAYLIGHT,ANGLE,T-INTERSECTION,TRAFFIC SIGNAL,UNABLE TO DETERMINE,NOT APPLICABLE,0,0,0,0,9,4,1,2318,MICHIGAN AVE,41.903834,-87.66964,01/06/2021 10:53:00 AM,2021
CR00001723,01/16/2015 05:54:00 PM,25,CLEAR,DAYLIGHT,TURNING,DIVIDED - W/MEDIAN (NOT RAISED),NO CONTROLS,UNABLE TO DETERMINE,UNABLE TO DETERMINE,0,0,1,1,17,6,1,1814,MILWAUKEE AVE,41.951823,-87.829226,01/16/2015 07:47:00 PM,2015
CR00001724,12/30/2018 11:46:00 AM,35,SNOW,DARKNESS - LIGHTED ROAD,TURNING,DIVIDED - W/MEDIAN (NOT RAISED),TRAFFIC SIGNAL,DISREGARDING TRAFFIC SIGNALS,WEATHER,0,0,0,0,11,1,12,1568,LAKE SHORE DR,41.85197,-87.517121,12/30/2018 12:29:00 PM,2018
CR00001725,12/13/2018 06:11:00 AM,35,CLEAR,DAYLIGHT,TURNING,ONE-WAY,TRAFFIC SIGNAL,DRIVING SKILLS/KNOWLEDGE/EXPERIENCE,NOT APPLICABLE,0,0,0,0,6,5,12,643,CLARK ST,41.829286,-87.847998,12/13/2018 06:18:00 AM,2018
CR00001726,08/30/2022 03:22:00 AM,25,CLEAR,DAYLIGHT,SIDESWIPE SAME DIRECTION,NOT DIVIDED,NO CONTROLS,WEATHER,DRIVING SKILLS/KNOWLEDGE/EXPERIENCE,0,0,0,0,3,3,8,2511,DIVISION ST,41.814784,-87.760626,08/30/2022 03:36:00 AM,2022