CRASH_RECORD_ID,CRASH_DATE,POSTED_SPEED_LIMIT,WEATHER_CONDITION,LIGHTING_CONDITION,FIRST_CRASH_TYPE,TRAFFICWAY_TYPE,TRAFFIC_CONTROL_DEVICE,PRIM_CONTRIBUTORY_CAUSE,SEC_CONTRIBUTORY_CAUSE,INJURIES_FATAL,INJURIES_INCAPACITATING,INJURIES_NON_INCAPACITATING,INJURIES_TOTAL,CRASH_HOUR,CRASH_DAY_OF_WEEK,CRASH_MONTH,BEAT_OF_OCCURRENCE,STREET_NAME,LATITUDE,LONGITUDE,DATE_POLICE_NOTIFIED,year
CR00001727,04/18/2020 10:00:00 AM,35,CLEAR,DAYLIGHT,REAR END,ONE-WAY,PEDESTRIAN CROSSING SIGN,UNABLE TO DETERMINE,NOT APPLICABLE,0,0,0,0,10,7,4,1403,LAKE SHORE DR,41.954409,-87.779399,04/18/2020 11:08:00 AM,2020
CR00001728,09/22/2024 02:46:00 AM,15,RAIN,DAYLIGHT,SIDESWIPE SAME DIRECTION,NOT DIVIDED,NO CONTROLS,DRIVING SKILLS/KNOWLEDGE/EXPERIENCE,DISTRACTION - FROM INSIDE VEHICLE,0,0,0,0,2,1,9,1784,PULASKI RD,41.705964,-87.764197,09/22/2024 03:11:00 AM,2024
CR00001729,12/11/2016 02:51:00 AM,40,CLEAR,DAYLIGHT,PARKED MOTOR VEHICLE,T-INTERSECTION,NO CONTROLS,DISREGARDING TRAFFIC SIGNALS,UNABLE TO DETERMINE,0,0,0,0,2,1,12,970,STATE ST,41.919397,-87.660805,12/11/2016 04:26:00 AM,2016
CR00001730,06/29/2022 04:00:00 PM,35,RAIN,DARKNESS - LIGHTED ROAD,ANGLE,ONE-WAY,NO CONTROLS,FOLLOWING TOO CLOSELY,FOLLOWING TOO CLOSELY,0,0,0,0,16,4,6,726,ELSTON AVE,41.829978,-87.826825,06/29/2022 05:18:00 PM,2022
CR00001731,01/05/2018 07:13:00 AM,30,CLEAR,DAYLIGHT,REAR END,DIVIDED - W/MEDIAN (NOT RAISED),YIELD,WEATHER,FAILING TO YIELD RIGHT-OF-WAY,0,0,0,0,7,6,1,2115,CLARK ST,41.882818,-87.665681,01/05/2018 07:52:00 AM,2018
CR00001732,09/17/2020 12:36:00 AM,30,SNOW,DAYLIGHT,TURNING,ONE-WAY,STOP SIGN/FLASHER,WEATHER,DRIVING SKILLS/KNOWLEDGE/EXPERIENCE,0,0,0,0,0,5,9,284,HALSTED ST,41.892066,-87.516331,09/17/2020 01:50:00 AM,2020
CR00001733,05/18/2022 02:00:00 PM,15,CLEAR,DAYLIGHT,TURNING,ONE-WAY,STOP SIGN/FLASHER,WEATHER,UNABLE TO DETERMINE,0,0,0,0,14,4,5,1460,OGDEN AVE,41.885097,-87.755407,05/18/2022 03:24:00 PM,2022
CR00001734,02/22/2018 05:53:00 PM,35,SNOW,DAYLIGHT,ANGLE,NOT DIVIDED,TRAFFIC SIGNAL,FAILING TO YIELD RIGHT-OF-WAY,IMPROPER OVERTAKING/PASSING,0,0,1,1,17,5,2,1585,DIVISION ST,41.712261,-87.816271,02/22/2018 07:29:00 PM,2018
CR00001735,02/05/2019 07:42:00 AM,40,CLOUDY/OVERCAST,DAYLIGHT,REAR END,NOT DIVIDED,TRAFFIC SIGNAL,DRIVING SKILLS/KNOWLEDGE/EXPERIENCE,DISREGARDING TRAFFIC SIGNALS,0,0,0,0,7,3,2,628,DIVISION ST,41.854046,-87.701124,02/05/2019 08:17:00 AM,2019
CR00001736,08/03/2018 08:41:00 PM,20,RAIN,DAYLIGHT,REAR END,NOT DIVIDED,STOP SIGN/FLASHER,WEATHER,UNABLE TO DETERMINE,0,0,0,0,20,6,8,789,DAMEN AVE,41.81893,-87.669994,08/03/2018 09:17:00 PM,2018
CR00001737,05/08/2015 07:41:00 PM,30,CLEAR,DAYLIGHT,TURNING,ONE-WAY,NO CONTROLS,DRIVING SKILLS/KNOWLEDGE/EXPERIENCE,UNABLE TO DETERMINE,0,0,0,0,19,6,5,504,CALIFORNIA AVE,41.864591,-87.599249,05/08/2015 09:18:00 PM,2015
CR00001738,02/27/2017 06:00:00 PM,20,CLEAR,DAYLIGHT,ANGLE,T-INTERSECTION,NO CONTROLS,IMPROPER OVERTAKING/PASSING,DRIVING SKILLS/KNOWLEDGE/EXPERIENCE,0,0,0,0,18,2,2,2150,HALSTED ST,41.754538,-87.643376,02/27/2017 07:25:00 PM,2017
CR00001739,04/22/2018 08:09:00 PM,15,CLEAR,DAYLIGHT,SIDESWIPE SAME DIRECTION,NOT DIVIDED,TRAFFIC SIGNAL,DISREGARDING TRAFFIC SIGNALS,UNABLE TO DETERMINE,0,0,3,3,20,1,4,1001,79TH ST,41.793723,-87.632,04/22/2018 09:25:00 PM,2018
CR00001740,04/24/2020 07:28:00 AM,25,CLEAR,DARKNESS - LIGHTED ROAD,FIXED OBJECT,ONE-WAY,NO CONTROLS,UNABLE TO DETERMINE,FAILING TO REDUCE SPEED,0,0,0,0,7,6,4,1854,MILWAUKEE AVE,41.983752,-87.840559,04/24/2020 07:48:00 AM,2020
CR00001741,03/28/2024 09:55:00 AM,35,CLEAR,DARKNESS - LIGHTED ROAD,SIDESWIPE SAME DIRECTION,DIVIDED - W/MEDIAN BARRIER,NO CONTROLS,UNABLE TO DETERMINE,DISTRACTION - FROM INSIDE VEHICLE,0,0,1,1,9,5,3,1923,DAMEN AVE,41.90133,-87.656734,03/28/2024 11:39:00 AM,2024
CR00001742,07/26/2020 11:20:00 AM,40,CLEAR,DARKNESS - LIGHTED ROAD,FIXED OBJECT,NOT DIVIDED,TRAFFIC SIGNAL,DISREGARDING TRAFFIC SIGNALS,UNABLE TO DETERMINE,0,0,0,0,11,1,7,1995,OGDEN AVE,41.857449,-87.503908,07/26/2020 01:13:00 PM,2020
CR00001743,09/29/2015 12:37:00 PM,30,CLEAR,DARKNESS - LIGHTED ROAD,PARKED MOTOR VEHICLE,T-INTERSECTION,UNKNOWN,DISTRACTION - FROM INSIDE VEHICLE,FAILING TO YIELD RIGHT-OF-WAY,0,0,0,0,12,3,9,786,BROADWAY,41.848234,-87.829673,09/29/2015 01:52:00 PM,2015
CR00001744,04/09/2024 04:13:00 PM,40,CLEAR,DAYLIGHT,REAR END,DIVIDED - W/MEDIAN BARRIER,TRAFFIC SIGNAL,FAILING TO YIELD RIGHT-OF-WAY,UNABLE TO DETERMINE,0,0,0,0,16,3,4,718,MICHIGAN AVE,41.865148,-87.694847,04/09/2024 04:40:00 PM,2024
CR00001745,08/28/2021 01:43:00 PM,45,CLEAR,DARKNESS - LIGHTED ROAD,TURNING,DIVIDED - W/MEDIAN BARRIER,NO CONTROLS,DRIVING SKILLS/KNOWLEDGE/EXPERIENCE,NOT APPLICABLE,0,0,0,0,13,7,8,2339,ASHLAND AVE,41.734355,-87.628941,08/28/2021 03:09:00 PM,2021
CR00001746,09/25/2016 04:41:00 PM,35,CLEAR,DAYLIGHT,TURNING,DIVIDED - W/MEDIAN BARRIER,YIELD,IMPROPER LANE USAGE,UNABLE TO DETERMINE,0,0,3,3,16,1,9,585,PULASKI RD,41.930105,-87.564582,09/25/2016 04:45:00 PM,2016
CR00001747,02/06/2020 04:08:00 PM,35,RAIN,DARKNESS - LIGHTED ROAD,SIDESWIPE SAME DIRECTION,NOT DIVIDED,NO CONTROLS,FAILING TO REDUCE SPEED,DRIVING SKILLS/KNOWLEDGE/EXPERIENCE,0,0,0,0,16,5,2,1888,63RD ST,41.933801,-87.643682,02/06/2020 04:27:00 PM,2020
CR00001748,05/29/2018 05:57:00 PM,35,CLEAR,DAYLIGHT,TURNING,ONE-WAY,STOP SIGN/FLASHER,FAILING TO YIELD RIGHT-OF-WAY,NOT APPLICABLE,0,0,0,0,17,3,5,2224,ROOSEVELT RD,41.713866,-87.600153,05/29/2018 06:03:00 PM,2018
CR00001749,09/13/2024 08:12:00 AM,35,CLEAR,DUSK,REAR END,T-INTERSECTION,NO CONTROLS,DISTRACTION - FROM INSIDE VEHICLE,NOT APPLICABLE,0,0,0,0,8,6,9,993,ASHLAND AVE,41.907155,-87.845356,09/13/2024 09:15:00 AM,2024
CR00001750,08/15/2018 11:21:00 AM,15,CLEAR,DAYLIGHT,PARKED MOTOR VEHICLE,NOT DIVIDED,TRAFFIC SIGNAL,IMPROPER OVERTAKING/PASSING,DISTRACTION - FROM INSIDE VEHICLE,0,0,0,0,11,4,8,1011,OGDEN AVE,41.904404,-87.581329,08/15/2018 12:18:00 PM,2018
CR00001751,01/26/2018 06:52:00 PM,40,CLEAR,DAYLIGHT,REAR END,NOT DIVIDED,NO CONTROLS,FOLLOWING TOO CLOSELY,NOT APPLICABLE,0,0,0,0,18,6,1,2079,PULASKI RD,41.713414,-87.721324,01/26/2018 07:58:00 PM,2018
CR00001752,04/22/2022 06:06:00 PM,30,CLEAR,DAYLIGHT,TURNING,ONE-WAY,TRAFFIC SIGNAL,UNABLE TO DETERMINE,FOLLOWING TOO CLOSELY,0,0,0,0,18,6,4,1711,IRVING PARK RD,41.980863,-87.507778,04/22/2022 07:48:00 PM,2022
CR00001753,12/26/2020 05:04:00 PM,35,RAIN,DAYLIGHT,ANGLE,NOT DIVIDED,NO CONTROLS,UNABLE TO DETERMINE,DISTRACTION - FROM INSIDE VEHICLE,0,0,0,0,17,7,12,1339,IRVING PARK RD,41.874834,-87.696731,12/26/2020 06:56:00 PM,2020
CR00001754,01/14/2022 09:22:00 AM,45,CLEAR,DAYLIGHT,REAR TO FRONT,NOT DIVIDED,PEDESTRIAN CROSSING SIGN,FAILING TO YIELD RIGHT-OF-WAY,DISREGARDING TRAFFIC SIGNALS,0,0,0,0,9,6,1,1850,CLARK ST,41.787577,-87.705795,01/14/2022 10:23:00 AM,2022
CR00001755,02/18/2024 01:04:00 AM,30,FOG/SMOKE/HAZE,DARKNESS - LIGHTED ROAD,ANGLE,FOUR WAY,NO CONTROLS,UNABLE TO DETERMINE,FAILING TO YIELD RIGHT-OF-WAY,0,0,0,0,1,1,2,2485,LAKE SHORE DR,41.98129,-87.635395,02/18/2024 02:06:00 AM,2024
CR00001756,02/08/2019 02:45:00 PM,35,RAIN,DAWN,REAR TO FRONT,NOT DIVIDED,UNKNOWN,UNABLE TO DETERMINE,UNABLE TO DETERMINE,0,0,1,1,14,6,2,2413,CICERO AVE,41.898764,-87.768268,02/08/2019 03:51:00 PM,2019
CR00001757,09/19/2018 04:23:00 PM,30,CLEAR,DARKNESS - LIGHTED ROAD,TURNING,FOUR WAY,UNKNOWN,FOLLOWING TOO CLOSELY,DRIVING SKILLS/KNOWLEDGE/EXPERIENCE,0,0,1,1,16,4,9,1113,FULLERTON AVE,41.767992,-87.74497,09/19/2018 05:12:00 PM,2018
CR00001758,11/08/2019 09:24:00 PM,35,CLEAR,DARKNESS,SIDESWIPE SAME DIRECTION,DIVIDED - W/MEDIAN (NOT RAISED),NO CONTROLS,DISREGARDING TRAFFIC SIGNALS,UNABLE TO DETERMINE,0,0,0,0,21,6,11,1514,ROOSEVELT RD,41.839969,-87.777444,11/08/2019 10:02:00 PM,2019
CR00001759,02/02/2022 04:22:00 PM,30,CLOUDY/OVERCAST,DARKNESS - LIGHTED ROAD,REAR END,DIVIDED - W/MEDIAN (NOT RAISED),NO CONTROLS,IMPROPER OVERTAKING/PASSING,UNABLE TO DETERMINE,0,0,0,0,16,4,2,1479,WESTERN AVE,41.895091,-87.527448,02/02/2022 05:25:00 PM,2022
CR00001760,10/23/2016 07:04:00 AM,30,CLEAR,DAYLIGHT,REAR TO FRONT,NOT DIVIDED,NO CONTROLS,DISTRACTION - FROM INSIDE VEHICLE,IMPROPER OVERTAKING/PASSING,0,0,0,0,7,1,10,1683,47TH ST,41.728213,-87.65241,10/23/2016 07:14:00 AM,2016
CR00001761,12/21/2024 03:45:00 AM,35,CLEAR,DAYLIGHT,REAR TO FRONT,NOT DIVIDED,STOP SIGN/FLASHER,DISREGARDING TRAFFIC SIGNALS,NOT APPLICABLE,0,0,0,0,3,7,12,613,ELSTON AVE,41.94519,-87.778812,12/21/2024 04:48:00 AM,2024
CR00001762,07/18/2019 10:42:00 AM,15,CLEAR,DAYLIGHT,PARKED MOTOR VEHICLE,DIVIDED - W/MEDIAN (NOT RAISED),YIELD,UNABLE TO DETERMINE,IMPROPER LANE USAGE,0,0,0,0,10,5,7,2496,BROADWAY,41.772409,-87.779551,07/18/2019 12:42:00 PM,2019
CR00001763,12/06/2022 10:11:00 PM,35,CLEAR,DARKNESS - LIGHTED ROAD,REAR TO FRONT,DIVIDED - W/MEDIAN (NOT RAISED),TRAFFIC SIGNAL,FAILING TO YIELD RIGHT-OF-WAY,FAILING TO YIELD RIGHT-OF-WAY,0,0,0,0,22,3,12,419,WESTERN AVE,41.967208,-87.704534,12/06/2022 11:09:00 PM,2022
CR00001764,07/25/2016 11:47:00 AM,15,CLEAR,DAYLIGHT,REAR END,DIVIDED - W/MEDIAN BARRIER,UNKNOWN,UNABLE TO DETERMINE,FOLLOWING TOO CLOSELY,0,0,0,0,11,2,7,2510,ELSTON AVE,41.772153,-87.789136,07/25/2016 01:45:00 PM,2016
CR00001765,06/12/2015 04:57:00 AM,45,CLOUDY/OVERCAST,DAYLIGHT,REAR END,ONE-WAY,TRAFFIC SIGNAL,IMPROPER LANE USAGE,UNABLE TO DETERMINE,0,0,3,3,4,6,6,1441,HALSTED ST,41.766212,-87.702658,06/12/2015 05:43:00 AM,2015
CR00001766,02/16/2022 10:17:00 AM,20,CLEAR,DAYLIGHT,TURNING,DIVIDED - W/MEDIAN (NOT RAISED),TRAFFIC SIGNAL,FOLLOWING TOO CLOSELY,UNABLE TO DETERMINE,0,2,1,3,10,4,2,1643,PULASKI RD,41.763387,-87.578098,02/16/2022 11:02:00 AM,2022
CR00001767,03/26/2016 04:24:00 PM,45,RAIN,DUSK,TURNING,DIVIDED - W/MEDIAN BARRIER,STOP SIGN/FLASHER,FAILING TO YIELD RIGHT-OF-WAY,NOT APPLICABLE,0,0,0,0,16,7,3,1471,ARCHER AVE,41.925482,-87.717136,03/26/2016 04:33:00 PM,2016
CR00001768,07/14/2021 08:10:00 PM,30,CLEAR,DAYLIGHT,PARKED MOTOR VEHICLE,NOT DIVIDED,NO CONTROLS,UNABLE TO DETERMINE,NOT APPLICABLE,0,0,0,0,20,4,7,2342,MILWAUKEE AVE,41.84579,-87.696465,07/14/2021 09:59:00 PM,2021
CR00001769,01/11/2015 08:47:00 AM,30,SNOW,DAYLIGHT,ANGLE,DIVIDED - W/MEDIAN (NOT RAISED),TRAFFIC SIGNAL,UNABLE TO DETERMINE,UNABLE TO DETERMINE,0,0,1,1,8,1,1,2284,ELSTON AVE,41.949523,-87.576372,01/11/2015 09:22:00 AM,2015
CR00001770,07/25/2017 04:00:00 PM,30,CLEAR,DAYLIGHT,TURNING,DIVIDED - W/MEDIAN BARRIER,UNKNOWN,FAILING TO REDUCE SPEED,UNABLE TO DETERMINE,0,0,0,0,16,3,7,1631,63RD ST,41.926508,-87.515154,07/25/2017 04:09:00 PM,2017
CR00001771,05/29/2020 10:37:00 AM,30,CLEAR,DAYLIGHT,REAR END,DIVIDED - W/MEDIAN BARRIER,NO CONTROLS,FOLLOWING TOO CLOSELY,UNABLE TO DETERMINE,0,1,3,4,10,6,5,2488,MILWAUKEE AVE,41.837397,-87.669029,05/29/2020 11:53:00 AM,2020
CR00001772,03/15/2018 09:28:00 AM,15,CLOUDY/OVERCAST,DARKNESS - LIGHTED ROAD,TURNING,ONE-WAY,NO CONTROLS,UNABLE TO DETERMINE,UNABLE TO DETERMINE,0,0,0,0,9,5,3,2295,LAKE SHORE DR,41.830634,-87.816834,03/15/2018 09:53:00 AM,2018
CR00001773,09/23/2017 05:19:00 AM,30,CLEAR,DAYLIGHT,ANGLE,ONE-WAY,TRAFFIC SIGNAL,UNABLE TO DETERMINE,DISTRACTION - FROM INSIDE VEHICLE,0,0,0,0,5,7,9,525,WESTERN AVE,41.725292,-87.817765,09/23/2017 05:28:00 AM,2017
CR00001774,06/13/2020 09:35:00 PM,35,RAIN,DARKNESS - LIGHTED ROAD,SIDESWIPE SAME DIRECTION,DIVIDED - W/MEDIAN (NOT RAISED),NO CONTROLS,UNABLE TO DETERMINE,FOLLOWING TOO CLOSELY,0,0,0,0,21,7,6,1960,PULASKI RD,41.836832,-87.834132,06/13/2020 11:01:00 PM,2020
CR00001775,07/24/2019 05:35:00 PM,45,SNOW,DAYLIGHT,SIDESWIPE SAME DIRECTION,DIVIDED - W/MEDIAN BARRIER,NO CONTROLS,FAILING TO YIELD RIGHT-OF-WAY,FOLLOWING TOO CLOSELY,0,0,0,0,17,4,7,834,47TH ST,41.70069,-87.547696,07/24/2019 07:21:00 PM,2019
CR00001776,05/02/2023 08:00:00 AM,40,CLEAR,DAYLIGHT,PARKED MOTOR VEHICLE,DIVIDED - W/MEDIAN BARRIER,TRAFFIC SIGNAL,FAILING TO REDUCE SPEED,UNABLE TO DETERMINE,0,0,0,0,8,3,5,1437,HALSTED ST,41.715838,-87.781667,05/02/2023 08:24:00 AM,2023
CR00001777,11/19/2016 10:47:00 AM,35,CLEAR,DAYLIGHT,REAR END,DIVIDED - W/MEDIAN (NOT RAISED),NO CONTROLS,FOLLOWING TOO CLOSELY,FOLLOWING TOO CLOSELY,0,0,0,0,10,7,11,2511,FULLERTON AVE,41.786783,-87.796309,11/19/2016 11:39:00 AM,2016
CR00001778,08/03/2016 01:06:00 AM,25,CLEAR,DAYLIGHT,REAR END,NOT DIVIDED,TRAFFIC SIGNAL,UNABLE TO DETERMINE,NOT APPLICABLE,0,0,1,1,1,4,8,2504,HALSTED ST,41.954641,-87.668243,08/03/2016 01:23:00 AM,2016
CR00001779,01/24/2017 06:11:00 PM,45,FOG/SMOKE/HAZE,DAYLIGHT,REAR END,NOT DIVIDED,YIELD,UNABLE TO DETERMINE,FOLLOWING TOO CLOSELY,0,0,0,0,18,3,1,2288,CLARK ST,41.813334,-87.620745,01/24/2017 06:24:00 PM,2017
CR00001780,05/06/2017 08:36:00 AM,40,CLEAR,DAYLIGHT,REAR END,NOT DIVIDED,NO CONTROLS,DISREGARDING TRAFFIC SIGNALS,IMPROPER LANE USAGE,0,0,0,0,8,7,5,1141,MILWAUKEE AVE,41.768347,-87.788992,05/06/2017 09:00:00 AM,2017
CR00001781,05/02/2024 01:43:00 PM,35,CLEAR,DAWN,SIDESWIPE SAME DIRECTION,FOUR WAY,TRAFFIC SIGNAL,FAILING TO YIELD RIGHT-OF-WAY,NOT APPLICABLE,0,0,0,0,13,5,5,120,STONY ISLAND AVE,41.737872,-87.743502,05/02/2024 02:48:00 PM,2024
CR00001782,12/16/2017 04:32:00 PM,45,CLEAR,DAYLIGHT,TURNING,T-INTERSECTION,TRAFFIC SIGNAL,DISTRACTION - FROM INSIDE VEHICLE,DISTRACTION - FROM INSIDE VEHICLE,0,0,0,0,16,7,12,2039,79TH ST,41.757998,-87.789146,12/16/2017 04:39:00 PM,2017
CR00001783,09/21/2024 10:15:00 PM,25,RAIN,DARKNESS - LIGHTED ROAD,SIDESWIPE SAME DIRECTION,DIVIDED - W/MEDIAN (NOT RAISED),TRAFFIC SIGNAL,WEATHER,UNABLE TO DETERMINE,0,0,0,0,22,7,9,1470,47TH ST,41.871855,-87.627058,09/21/2024 11:02:00 PM,2024
CR00001784,12/28/2016 12:25:00 PM,35,FOG/SMOKE/HAZE,DAYLIGHT,REAR END,DIVIDED - W/MEDIAN (NOT RAISED),NO CONTROLS,DISTRACTION - FROM INSIDE VEHICLE,DRIVING SKILLS/KNOWLEDGE/EXPERIENCE,0,0,0,0,12,4,12,348,DIVISION ST,41.799755,-87.553528,12/28/2016 01:00:00 PM,2016
CR00001785,09/03/2019 01:19:00 PM,30,CLEAR,DARKNESS - LIGHTED ROAD,FIXED OBJECT,DIVIDED - W/MEDIAN (NOT RAISED),NO CONTROLS,FOLLOWING TOO CLOSELY,NOT APPLICABLE,0,0,0,0,13,3,9,1908,IRVING PARK RD,41.84182,-87.502583,09/03/2019 01:48:00 PM,2019
CR00001786,01/14/2018 08:25:00 PM,40,RAIN,DARKNESS,FIXED OBJECT,DIVIDED - W/MEDIAN BARRIER,TRAFFIC SIGNAL,UNABLE TO DETERMINE,WEATHER,0,0,0,0,20,1,1,2461,ELSTON AVE,41.795334,-87.768336,01/14/2018 08:52:00 PM,2018
CR00001787,12/17/2024 11:47:00 AM,35,CLEAR,DARKNESS - LIGHTED ROAD,REAR END,NOT DIVIDED,NO CONTROLS,FOLLOWING TOO CLOSELY,IMPROPER OVERTAKING/PASSING,0,0,0,0,11,3,12,435,STONY ISLAND AVE,41.786891,-87.5429,12/17/2024 01:18:00 PM,2024
CR00001788,03/10/2022 02:55:00 PM,40,CLEAR,DAYLIGHT,SIDESWIPE SAME DIRECTION,NOT DIVIDED,STOP SIGN/FLASHER,FOLLOWING TOO CLOSELY,FAILING TO YIELD RIGHT-OF-WAY,0,0,0,0,14,5,3,2346,MILWAUKEE AVE,41.980204,-87.517184,03/10/2022 04:31:00 PM,2022
CR00001789,08/10/2020 07:27:00 PM,35,CLOUDY/OVERCAST,DARKNESS - LIGHTED ROAD,REAR END,NOT DIVIDED,STOP SIGN/FLASHER,IMPROPER OVERTAKING/PASSING,IMPROPER LANE USAGE,0,0,0,0,19,2,8,1068,DIVISION ST,41.873325,-87.705464,08/10/2020 07:40:00 PM,2020
CR00001790,10/28/2021 07:56:00 PM,30,CLEAR,DARKNESS,ANGLE,NOT DIVIDED,NO CONTROLS,FAILING TO YIELD RIGHT-OF-WAY,NOT APPLICABLE,0,0,0,0,19,5,10,2210,79TH ST,41.936198,-87.822993,10/28/2021 08:09:00 PM,2021
CR00001791,03/16/2017 06:29:00 PM,35,CLEAR,DAYLIGHT,REAR END,ONE-WAY,UNKNOWN,UNABLE TO DETERMINE,WEATHER,0,0,0,0,18,5,3,116,ASHLAND AVE,41.773453,-87.676014,03/16/2017 06:56:00 PM,2017
CR00001792,01/26/2018 04:39:00 PM,15,RAIN,DAYLIGHT,TURNING,DIVIDED - W/MEDIAN BARRIER,NO CONTROLS,IMPROPER LANE USAGE,UNABLE TO DETERMINE,0,0,0,0,16,6,1,582,HALSTED ST,41.844592,-87.656138,01/26/2018 06:11:00 PM,2018
CR00001793,05/16/2016 10:25:00 AM,25,CLOUDY/OVERCAST,DARKNESS - LIGHTED ROAD,PARKED MOTOR VEHICLE,NOT DIVIDED,TRAFFIC SIGNAL,FAILING TO REDUCE SPEED,FOLLOWING TOO CLOSELY,0,1,2,3,10,2,5,1510,IRVING PARK RD,41.755183,-87.625145,05/16/2016 12:13:00 PM,2016
CR00001794,07/19/2019 08:58:00 AM,30,CLEAR,DAYLIGHT,TURNING,ONE-WAY,NO CONTROLS,DRIVING SKILLS/KNOWLEDGE/EXPERIENCE,NOT APPLICABLE,0,0,3,3,8,6,7,427,63RD ST,41.958172,-87.643979,07/19/2019 10:54:00 AM,2019
CR00001795,03/25/2016 08:41:00 AM,35,CLEAR,DARKNESS - LIGHTED ROAD,TURNING,DIVIDED - W/MEDIAN (NOT RAISED),STOP SIGN/FLASHER,UNABLE TO DETERMINE,FAILING TO YIELD RIGHT-OF-WAY,0,0,0,0,8,6,3,2355,MICHIGAN AVE,41.973313,-87.598488,03/25/2016 09:54:00 AM,2016
CR00001796,06/13/2017 11:14:00 AM,25,CLEAR,DAWN,ANGLE,NOT DIVIDED,NO CONTROLS,FAILING TO YIELD RIGHT-OF-WAY,WEATHER,0,0,0,0,11,3,6,1111,FULLERTON AVE,41.709858,-87.515424,06/13/2017 11:28:00 AM,2017
CR00001797,09/30/2021 09:46:00 AM,30,CLEAR,DAYLIGHT,REAR END,ONE-WAY,STOP SIGN/FLASHER,FAILING TO YIELD RIGHT-OF-WAY,NOT APPLICABLE,0,0,0,0,9,5,9,2074,63RD ST,41.928426,-87.821544,09/30/2021 10:15:00 AM,2021
CR00001798,12/22/2023 08:43:00 AM,45,CLEAR,DARKNESS,SIDESWIPE SAME DIRECTION,NOT DIVIDED,UNKNOWN,UNABLE TO DETERMINE,UNABLE TO DETERMINE,0,0,0,0,8,6,12,1878,LAKE SHORE DR,41.93837,-87.751494,12/22/2023 10:29:00 AM,2023
CR00001799,09/25/2021 08:02:00 AM,35,CLEAR,DAYLIGHT,PARKED MOTOR VEHICLE,FOUR WAY,UNKNOWN,IMPROPER LANE USAGE,DISTRACTION - FROM INSIDE VEHICLE,0,0,0,0,8,7,9,440,IRVING PARK RD,41.775314,-87.659459,09/25/2021 08:16:00 AM,2021
CR00001800,04/13/2015 03:54:00 AM,15,CLEAR,DARKNESS - LIGHTED ROAD,ANGLE,DIVIDED - W/MEDIAN (NOT RAISED),TRAFFIC SIGNAL,UNABLE TO DETERMINE,FAILING TO YIELD RIGHT-OF-WAY,0,0,0,0,3,2,4,2329,PULASKI RD,41.969688,-87.793458,04/13/2015 05:51:00 AM,2015
CR00001801,05/22/2023 04:56:00 AM,30,CLEAR,DARKNESS - LIGHTED ROAD,REAR TO FRONT,DIVIDED - W/MEDIAN (NOT RAISED),NO CONTROLS,DRIVING SKILLS/KNOWLEDGE/EXPERIENCE,FOLLOWING TOO CLOSELY,0,0,0,0,4,2,5,738,PULASKI RD,41.711867,-87.747808,05/22/2023 05:12:00 AM,2023
CR00001802,05/08/2017 11:12:00 AM,20,CLEAR,DARKNESS - LIGHTED ROAD,REAR END,NOT DIVIDED,TRAFFIC SIGNAL,FAILING TO YIELD RIGHT-OF-WAY,UNABLE TO DETERMINE,0,0,0,0,11,2,5,427,MILWAUKEE AVE,41.718415,-87.682681,05/08/2017 12:38:00 PM,2017
CR00001803,10/30/2023 03:06:00 PM,20,RAIN,DARKNESS,SIDESWIPE SAME DIRECTION,NOT DIVIDED,NO CONTROLS,FOLLOWING TOO CLOSELY,NOT APPLICABLE,0,0,1,1,15,2,10,2000,63RD ST,41.760983,-87.802669,10/30/2023 04:37:00 PM,2023
CR00001804,09/23/2024 12:10:00 AM,40,CLEAR,DARKNESS - LIGHTED ROAD,SIDESWIPE SAME DIRECTION,DIVIDED - W/MEDIAN (NOT RAISED),NO CONTROLS,IMPROPER OVERTAKING/PASSING,NOT APPLICABLE,0,0,1,1,0,2,9,407,IRVING PARK RD,41.786798,-87.808269,09/23/2024 01:58:00 AM,2024
CR00001805,10/24/2021 08:27:00 AM,35,CLEAR,DARKNESS - LIGHTED ROAD,REAR END,NOT DIVIDED,STOP SIGN/FLASHER,UNABLE TO DETERMINE,UNABLE TO DETERMINE,0,0,0,0,8,1,10,2145,CLARK ST,41.853023,-87.678199,10/24/2021 09:05:00 AM,2021
CR00001806,11/22/2021 07:42:00 AM,30,CLEAR,DAYLIGHT,REAR END,DIVIDED - W/MEDIAN BARRIER,NO CONTROLS,UNABLE TO DETERMINE,NOT APPLICABLE,0,0,1,1,7,2,11,1474,KEDZIE AVE,41.750796,-87.625505,11/22/2021 07:58:00 AM,2021
CR00001807,09/19/2018 03:26:00 AM,20,CLEAR,DARKNESS - LIGHTED ROAD,SIDESWIPE SAME DIRECTION,DIVIDED - W/MEDIAN (NOT RAISED),TRAFFIC SIGNAL,UNABLE TO DETERMINE,FOLLOWING TOO CLOSELY,0,0,0,0,3,4,9,818,IRVING PARK RD,41.830003,-87.618339,09/19/2018 04:16:00 AM,2018
CR00001808,05/10/2022 03:47:00 PM,30,CLEAR,DUSK,REAR END,DIVIDED - W/MEDIAN BARRIER,TRAFFIC SIGNAL,IMPROPER LANE USAGE,DRIVING SKILLS/KNOWLEDGE/EXPERIENCE,0,0,0,0,15,3,5,1230,OGDEN AVE,41.722516,-87.801374,05/10/2022 04:34:00 PM,2022