CRASH_RECORD_ID,CRASH_DATE,POSTED_SPEED_LIMIT,WEATHER_CONDITION,LIGHTING_CONDITION,FIRST_CRASH_TYPE,TRAFFICWAY_TYPE,TRAFFIC_CONTROL_DEVICE,PRIM_CONTRIBUTORY_CAUSE,SEC_CONTRIBUTORY_CAUSE,INJURIES_FATAL,INJURIES_INCAPACITATING,INJURIES_NON_INCAPACITATING,INJURIES_TOTAL,CRASH_HOUR,CRASH_DAY_OF_WEEK,CRASH_MONTH,BEAT_OF_OCCURRENCE,STREET_NAME,LATITUDE,LONGITUDE,DATE_POLICE_NOTIFIED,year
CR00001809,11/23/2020 12:27:00 PM,30,CLEAR,DAYLIGHT,TURNING,NOT DIVIDED,STOP SIGN/FLASHER,DISTRACTION - FROM INSIDE VEHICLE,FAILING TO REDUCE SPEED,0,0,0,0,12,2,11,1495,DAMEN AVE,41.784698,-87.650425,11/23/2020 01:44:00 PM,2020
CR00001810,01/24/2020 11:42:00 AM,35,RAIN,DUSK,REAR END,DIVIDED - W/MEDIAN (NOT RAISED),NO CONTROLS,FAILING TO YIELD RIGHT-OF-WAY,FAILING TO YIELD RIGHT-OF-WAY,0,2,1,3,11,6,1,645,IRVING PARK RD,41.965954,-87.551892,01/24/2020 12:06:00 PM,2020
CR00001811,04/30/2022 12:25:00 PM,15,SNOW,DAYLIGHT,REAR END,NOT DIVIDED,STOP SIGN/FLASHER,FOLLOWING TOO CLOSELY,UNABLE TO DETERMINE,0,0,0,0,12,7,4,1011,WESTERN AVE,41.777697,-87.544112,04/30/2022 01:26:00 PM,2022
CR00001812,03/06/2024 12:32:00 PM,15,CLOUDY/OVERCAST,DARKNESS - LIGHTED ROAD,TURNING,T-INTERSECTION,NO CONTROLS,UNABLE TO DETERMINE,UNABLE TO DETERMINE,0,0,0,0,12,4,3,1786,DAMEN AVE,41.988306,-87.548599,03/06/2024 01:06:00 PM,2024
CR00001813,01/26/2021 05:03:00 PM,35,CLEAR,DARKNESS - LIGHTED ROAD,REAR END,NOT DIVIDED,TRAFFIC SIGNAL,FAILING TO YIELD RIGHT-OF-WAY,UNABLE TO DETERMINE,0,0,0,0,17,3,1,887,OGDEN AVE,41.996483,-87.568528,01/26/2021 05:16:00 PM,2021
CR00001814,01/28/2023 07:07:00 AM,25,RAIN,DAYLIGHT,REAR END,NOT DIVIDED,STOP SIGN/FLASHER,UNABLE TO DETERMINE,FOLLOWING TOO CLOSELY,0,0,0,0,7,7,1,153,ELSTON AVE,41.937823,-87.793532,01/28/2023 07:37:00 AM,2023
CR00001815,02/11/2018 03:20:00 PM,20,CLEAR,DUSK,REAR TO FRONT,ONE-WAY,NO CONTROLS,IMPROPER OVERTAKING/PASSING,IMPROPER LANE USAGE,0,2,3,5,15,1,2,574,MICHIGAN AVE,41.878649,-87.838818,02/11/2018 03:55:00 PM,2018
CR00001816,03/08/2019 08:06:00 PM,30,CLEAR,DAYLIGHT,REAR TO FRONT,DIVIDED - W/MEDIAN (NOT RAISED),NO CONTROLS,UNABLE TO DETERMINE,WEATHER,0,0,0,0,20,6,3,2273,FULLERTON AVE,41.980804,-87.72854,03/08/2019 08:10:00 PM,2019
CR00001817,06/21/2016 10:00:00 PM,35,CLEAR,DAYLIGHT,REAR END,NOT DIVIDED,TRAFFIC SIGNAL,UNABLE TO DETERMINE,NOT APPLICABLE,0,1,2,3,22,3,6,398,WESTERN AVE,41.866957,-87.835673,06/21/2016 11:38:00 PM,2016
CR00001818,05/14/2018 06:39:00 AM,30,CLEAR,DARKNESS - LIGHTED ROAD,TURNING,T-INTERSECTION,NO CONTROLS,WEATHER,DRIVING SKILLS/KNOWLEDGE/EXPERIENCE,0,0,0,0,6,2,5,491,79TH ST,41.960017,-87.519872,05/14/2018 07:11:00 AM,2018
CR00001819,12/11/2017 10:30:00 AM,25,RAIN,DAYLIGHT,REAR END,NOT DIVIDED,STOP SIGN/FLASHER,DRIVING SKILLS/KNOWLEDGE/EXPERIENCE,FAILING TO REDUCE SPEED,0,0,0,0,10,2,12,2375,DIVISION ST,41.93996,-87.749257,12/11/2017 12:24:00 PM,2017
CR00001820,07/03/2017 01:24:00 AM,15,SNOW,DAYLIGHT,TURNING,ONE-WAY,STOP SIGN/FLASHER,WEATHER,UNABLE TO DETERMINE,0,0,0,0,1,2,7,697,ASHLAND AVE,41.803306,-87.506531,07/03/2017 02:36:00 AM,2017
CR00001821,06/27/2017 10:42:00 PM,30,CLOUDY/OVERCAST,DAYLIGHT,PARKED MOTOR VEHICLE,ONE-WAY,NO CONTROLS,FOLLOWING TOO CLOSELY,NOT APPLICABLE,0,0,0,0,22,3,6,1459,ELSTON AVE,41.97147,-87.694379,06/28/2017 12:42:00 AM,2017
CR00001822,08/16/2018 11:58:00 AM,15,CLEAR,DAWN,SIDESWIPE SAME DIRECTION,NOT DIVIDED,STOP SIGN/FLASHER,DISREGARDING TRAFFIC SIGNALS,UNABLE TO DETERMINE,0,0,0,0,11,5,8,1816,DIVISION ST,41.811624,-87.649742,08/16/2018 01:28:00 PM,2018
CR00001823,10/27/2019 04:40:00 PM,45,CLEAR,DAYLIGHT,REAR END,DIVIDED - W/MEDIAN (NOT RAISED),NO CONTROLS,DISREGARDING TRAFFIC SIGNALS,UNABLE TO DETERMINE,0,0,0,0,16,1,10,1691,MILWAUKEE AVE,41.789411,-87.537148,10/27/2019 05:47:00 PM,2019
CR00001824,09/18/2019 02:15:00 PM,15,CLEAR,DAYLIGHT,SIDESWIPE SAME DIRECTION,NOT DIVIDED,TRAFFIC SIGNAL,FAILING TO YIELD RIGHT-OF-WAY,UNABLE TO DETERMINE,0,0,0,0,14,4,9,1012,DAMEN AVE,41.926844,-87.720061,09/18/2019 04:10:00 PM,2019
CR00001825,06/12/2022 04:04:00 PM,30,RAIN,DAYLIGHT,ANGLE,NOT DIVIDED,NO CONTROLS,IMPROPER OVERTAKING/PASSING,DISREGARDING TRAFFIC SIGNALS,0,0,0,0,16,1,6,1732,DIVISION ST,41.969675,-87.829495,06/12/2022 04:50:00 PM,2022
CR00001826,11/19/2021 07:40:00 AM,35,CLEAR,DAYLIGHT,REAR END,ONE-WAY,NO CONTROLS,FAILING TO REDUCE SPEED,UNABLE TO DETERMINE,0,0,0,0,7,6,11,1084,ROOSEVELT RD,41.819331,-87.755726,11/19/2021 08:39:00 AM,2021
CR00001827,07/30/2016 09:11:00 AM,20,CLEAR,DARKNESS,REAR END,NOT DIVIDED,NO CONTROLS,DISREGARDING TRAFFIC SIGNALS,FOLLOWING TOO CLOSELY,0,0,0,0,9,7,7,1500,MICHIGAN AVE,41.853685,-87.581623,07/30/2016 09:47:00 AM,2016
CR00001828,10/16/2024 01:38:00 PM,45,CLEAR,DAYLIGHT,REAR END,ONE-WAY,STOP SIGN/FLASHER,FAILING TO YIELD RIGHT-OF-WAY,UNABLE TO DETERMINE,0,0,0,0,13,4,10,764,STATE ST,41.860373,-87.739636,10/16/2024 02:15:00 PM,2024
CR00001829,11/04/2016 12:28:00 PM,25,RAIN,DAYLIGHT,FIXED OBJECT,FOUR WAY,NO CONTROLS,FAILING TO YIELD RIGHT-OF-WAY,UNABLE TO DETERMINE,0,0,0,0,12,6,11,1010,CICERO AVE,41.999025,-87.775487,11/04/2016 01:53:00 PM,2016
CR00001830,08/12/2018 05:34:00 PM,35,CLEAR,DAYLIGHT,FIXED OBJECT,FOUR WAY,STOP SIGN/FLASHER,UNABLE TO DETERMINE,IMPROPER OVERTAKING/PASSING,0,0,1,1,17,1,8,746,ASHLAND AVE,41.706077,-87.560151,08/12/2018 06:52:00 PM,2018
CR00001831,06/11/2020 10:10:00 AM,35,CLEAR,DARKNESS - LIGHTED ROAD,REAR TO FRONT,NOT DIVIDED,NO CONTROLS,FAILING TO YIELD RIGHT-OF-WAY,FAILING TO REDUCE SPEED,0,0,0,0,10,5,6,1086,FULLERTON AVE,41.948766,-87.840745,06/11/2020 10:22:00 AM,2020
CR00001832,12/22/2016 01:24:00 PM,35,CLEAR,DAYLIGHT,TURNING,T-INTERSECTION,NO CONTROLS,UNABLE TO DETERMINE,UNABLE TO DETERMINE,0,0,0,0,13,5,12,1044,FULLERTON AVE,41.842452,-87.503319,12/22/2016 01:25:00 PM,2016
CR00001833,10/04/2016 03:02:00 PM,25,CLEAR,DAYLIGHT,TURNING,NOT DIVIDED,STOP SIGN/FLASHER,IMPROPER LANE USAGE,UNABLE TO DETERMINE,0,0,0,0,15,3,10,535,FULLERTON AVE,41.934071,-87.562537,10/04/2016 03:03:00 PM,2016
CR00001834,09/07/2017 05:15:00 PM,20,RAIN,DAYLIGHT,REAR END,NOT DIVIDED,STOP SIGN/FLASHER,UNABLE TO DETERMINE,UNABLE TO DETERMINE,0,0,0,0,17,5,9,2482,79TH ST,41.885699,-87.678707,09/07/2017 06:18:00 PM,2017
CR00001835,10/31/2018 02:06:00 PM,30,CLOUDY/OVERCAST,DARKNESS - LIGHTED ROAD,REAR END,ONE-WAY,UNKNOWN,FAILING TO YIELD RIGHT-OF-WAY,FAILING TO YIELD RIGHT-OF-WAY,0,0,0,0,14,4,10,1366,WESTERN AVE,41.755262,-87.730821,10/31/2018 03:38:00 PM,2018
CR00001836,02/26/2023 02:37:00 PM,30,CLEAR,DUSK,SIDESWIPE SAME DIRECTION,NOT DIVIDED,TRAFFIC SIGNAL,DISTRACTION - FROM INSIDE VEHICLE,DISTRACTION - FROM INSIDE VEHICLE,0,0,1,1,14,1,2,2019,CALIFORNIA AVE,41.938177,-87.729555,02/26/2023 04:20:00 PM,2023
CR00001837,10/08/2023 04:49:00 PM,30,CLEAR,DAYLIGHT,REAR END,DIVIDED - W/MEDIAN BARRIER,NO CONTROLS,IMPROPER LANE USAGE,FOLLOWING TOO CLOSELY,0,0,0,0,16,1,10,1544,KEDZIE AVE,41.799449,-87.748631,10/08/2023 06:23:00 PM,2023
CR00001838,08/07/2022 05:44:00 PM,30,CLEAR,DAYLIGHT,REAR END,FOUR WAY,TRAFFIC SIGNAL,DISTRACTION - FROM INSIDE VEHICLE,NOT APPLICABLE,0,0,2,2,17,1,8,1812,CICERO AVE,41.828372,-87.702748,08/07/2022 06:39:00 PM,2022
CR00001839,05/27/2016 01:50:00 AM,30,CLEAR,DARKNESS - LIGHTED ROAD,REAR END,DIVIDED - W/MEDIAN (NOT RAISED),STOP SIGN/FLASHER,UNABLE TO DETERMINE,NOT APPLICABLE,0,0,0,0,1,6,5,345,HALSTED ST,41.866132,-87.562522,05/27/2016 03:13:00 AM,2016
CR00001840,06/24/2016 09:04:00 AM,35,CLEAR,DAYLIGHT,PARKED MOTOR VEHICLE,ONE-WAY,STOP SIGN/FLASHER,FAILING TO YIELD RIGHT-OF-WAY,UNABLE TO DETERMINE,0,0,0,0,9,6,6,1473,MICHIGAN AVE,41.817237,-87.630878,06/24/2016 10:32:00 AM,2016
CR00001841,07/08/2016 07:12:00 AM,20,CLEAR,DAYLIGHT,PARKED MOTOR VEHICLE,ONE-WAY,UNKNOWN,FOLLOWING TOO CLOSELY,DISTRACTION - FROM INSIDE VEHICLE,0,0,0,0,7,6,7,2199,ARCHER AVE,41.736931,-87.725492,07/08/2016 07:32:00 AM,2016
CR00001842,08/24/2019 08:58:00 AM,30,CLEAR,DAYLIGHT,REAR END,NOT DIVIDED,YIELD,FOLLOWING TOO CLOSELY,IMPROPER OVERTAKING/PASSING,0,0,0,0,8,7,8,1478,IRVING PARK RD,41.724938,-87.553969,08/24/2019 10:16:00 AM,2019
CR00001843,10/03/2017 04:48:00 PM,20,CLEAR,DAYLIGHT,SIDESWIPE SAME DIRECTION,DIVIDED - W/MEDIAN (NOT RAISED),TRAFFIC SIGNAL,IMPROPER LANE USAGE,DISTRACTION - FROM INSIDE VEHICLE,0,0,0,0,16,3,10,2157,BROADWAY,41.972359,-87.798024,10/03/2017 05:20:00 PM,2017
CR00001844,04/06/2019 05:13:00 PM,30,CLEAR,DARKNESS - LIGHTED ROAD,FIXED OBJECT,ONE-WAY,NO CONTROLS,FAILING TO REDUCE SPEED,IMPROPER OVERTAKING/PASSING,0,0,0,0,17,7,4,1790,MILWAUKEE AVE,41.843624,-87.512445,04/06/2019 06:45:00 PM,2019
CR00001845,05/24/2021 04:56:00 AM,15,CLEAR,DAYLIGHT,REAR END,DIVIDED - W/MEDIAN BARRIER,TRAFFIC SIGNAL,FAILING TO YIELD RIGHT-OF-WAY,FOLLOWING TOO CLOSELY,0,0,1,1,4,2,5,853,DAMEN AVE,41.712373,-87.815573,05/24/2021 05:32:00 AM,2021
CR00001846,12/29/2019 08:56:00 PM,35,CLEAR,DAYLIGHT,SIDESWIPE SAME DIRECTION,DIVIDED - W/MEDIAN (NOT RAISED),NO CONTROLS,FOLLOWING TOO CLOSELY,IMPROPER OVERTAKING/PASSING,0,0,0,0,20,1,12,1596,63RD ST,41.966246,-87.827735,12/29/2019 09:15:00 PM,2019
CR00001847,05/26/2019 11:59:00 AM,40,CLEAR,DARKNESS - LIGHTED ROAD,SIDESWIPE SAME DIRECTION,FOUR WAY,TRAFFIC SIGNAL,UNABLE TO DETERMINE,UNABLE TO DETERMINE,0,0,0,0,11,1,5,1241,FULLERTON AVE,41.884079,-87.5079,05/26/2019 12:33:00 PM,2019
CR00001848,03/25/2018 06:23:00 PM,25,RAIN,DAYLIGHT,SIDESWIPE SAME DIRECTION,DIVIDED - W/MEDIAN (NOT RAISED),TRAFFIC SIGNAL,FOLLOWING TOO CLOSELY,NOT APPLICABLE,0,0,1,1,18,1,3,549,HALSTED ST,41.79447,-87.514499,03/25/2018 07:38:00 PM,2018
CR00001849,03/06/2024 06:03:00 PM,30,CLOUDY/OVERCAST,DAYLIGHT,PARKED MOTOR VEHICLE,DIVIDED - W/MEDIAN (NOT RAISED),STOP SIGN/FLASHER,WEATHER,UNABLE TO DETERMINE,0,0,2,2,18,4,3,1154,63RD ST,41.913289,-87.787237,03/06/2024 06:33:00 PM,2024
CR00001850,11/02/2024 09:55:00 AM,30,CLEAR,DAYLIGHT,REAR END,NOT DIVIDED,NO CONTROLS,IMPROPER OVERTAKING/PASSING,IMPROPER OVERTAKING/PASSING,0,0,0,0,9,7,11,2353,47TH ST,41.739297,-87.811414,11/02/2024 10:51:00 AM,2024
CR00001851,08/01/2024 06:42:00 PM,45,CLEAR,DAYLIGHT,TURNING,NOT DIVIDED,TRAFFIC SIGNAL,FOLLOWING TOO CLOSELY,FAILING TO REDUCE SPEED,0,0,0,0,18,5,8,312,CALIFORNIA AVE,41.701876,-87.531252,08/01/2024 07:46:00 PM,2024
CR00001852,04/10/2015 08:14:00 AM,40,SNOW,DAYLIGHT,REAR TO FRONT,NOT DIVIDED,NO CONTROLS,IMPROPER OVERTAKING/PASSING,DISTRACTION - FROM INSIDE VEHICLE,0,0,0,0,8,6,4,739,47TH ST,41.85891,-87.817237,04/10/2015 09:12:00 AM,2015
CR00001853,08/18/2015 04:44:00 PM,35,CLEAR,DAWN,PEDESTRIAN,DIVIDED - W/MEDIAN (NOT RAISED),NO CONTROLS,FAILING TO YIELD RIGHT-OF-WAY,UNABLE TO DETERMINE,0,0,0,0,16,3,8,1767,79TH ST,41.794997,-87.598781,08/18/2015 05:35:00 PM,2015
CR00001854,06/18/2017 06:08:00 PM,25,CLEAR,DAYLIGHT,PEDESTRIAN,DIVIDED - W/MEDIAN BARRIER,TRAFFIC SIGNAL,FOLLOWING TOO CLOSELY,DRIVING SKILLS/KNOWLEDGE/EXPERIENCE,0,0,2,2,18,1,6,1199,HALSTED ST,41.760138,-87.810512,06/18/2017 06:26:00 PM,2017
CR00001855,05/08/2019 10:16:00 PM,30,CLEAR,DAYLIGHT,FIXED OBJECT,ONE-WAY,TRAFFIC SIGNAL,UNABLE TO DETERMINE,NOT APPLICABLE,0,0,0,0,22,4,5,2186,STONY ISLAND AVE,41.960903,-87.778761,05/08/2019 11:53:00 PM,2019
CR00001856,10/02/2022 04:38:00 PM,30,CLEAR,DAYLIGHT,TURNING,FOUR WAY,STOP SIGN/FLASHER,FOLLOWING TOO CLOSELY,IMPROPER LANE USAGE,0,0,0,0,16,1,10,1271,DAMEN AVE,41.917134,-87.626652,10/02/2022 06:08:00 PM,2022
CR00001857,10/30/2024 05:08:00 PM,45,CLOUDY/OVERCAST,DAYLIGHT,REAR END,NOT DIVIDED,NO CONTROLS,FOLLOWING TOO CLOSELY,DISTRACTION - FROM INSIDE VEHICLE,0,0,0,0,17,4,10,1613,IRVING PARK RD,41.995612,-87.528971,10/30/2024 05:44:00 PM,2024
CR00001858,09/21/2024 05:58:00 AM,15,CLEAR,DAYLIGHT,TURNING,NOT DIVIDED,TRAFFIC SIGNAL,UNABLE TO DETERMINE,IMPROPER OVERTAKING/PASSING,0,0,0,0,5,7,9,1513,OGDEN AVE,41.764545,-87.832529,09/21/2024 07:22:00 AM,2024
CR00001859,01/09/2023 06:57:00 PM,40,CLOUDY/OVERCAST,DARKNESS - LIGHTED ROAD,ANGLE,FOUR WAY,YIELD,DISREGARDING TRAFFIC SIGNALS,DISREGARDING TRAFFIC SIGNALS,0,0,0,0,18,2,1,246,CLARK ST,41.718004,-87.542779,01/09/2023 07:25:00 PM,2023
CR00001860,11/11/2017 05:04:00 PM,35,CLEAR,DARKNESS - LIGHTED ROAD,TURNING,NOT DIVIDED,STOP SIGN/FLASHER,UNABLE TO DETERMINE,NOT APPLICABLE,0,0,0,0,17,7,11,1452,KEDZIE AVE,41.718431,-87.765303,11/11/2017 05:49:00 PM,2017
CR00001861,11/09/2020 05:41:00 PM,35,CLEAR,DAYLIGHT,ANGLE,NOT DIVIDED,NO CONTROLS,UNABLE TO DETERMINE,DISTRACTION - FROM INSIDE VEHICLE,0,0,0,0,17,2,11,149,ASHLAND AVE,41.854515,-87.773965,11/09/2020 06:21:00 PM,2020
CR00001862,07/10/2019 03:59:00 PM,35,RAIN,DAYLIGHT,REAR END,NOT DIVIDED,STOP SIGN/FLASHER,UNABLE TO DETERMINE,UNABLE TO DETERMINE,0,0,0,0,15,4,7,1994,63RD ST,41.78455,-87.811504,07/10/2019 05:47:00 PM,2019
CR00001863,02/25/2016 01:57:00 PM,35,CLOUDY/OVERCAST,DAYLIGHT,TURNING,NOT DIVIDED,NO CONTROLS,FAILING TO YIELD RIGHT-OF-WAY,DRIVING SKILLS/KNOWLEDGE/EXPERIENCE,0,0,0,0,13,5,2,1694,DAMEN AVE,41.908174,-87.623957,02/25/2016 02:24:00 PM,2016
CR00001864,12/17/2023 03:27:00 PM,35,CLEAR,DAYLIGHT,PARKED MOTOR VEHICLE,DIVIDED - W/MEDIAN BARRIER,UNKNOWN,DRIVING SKILLS/KNOWLEDGE/EXPERIENCE,UNABLE TO DETERMINE,0,0,0,0,15,1,12,915,STONY ISLAND AVE,41.870625,-87.685492,12/17/2023 05:14:00 PM,2023
CR00001865,08/23/2019 04:30:00 AM,30,CLEAR,DAYLIGHT,PARKED MOTOR VEHICLE,ONE-WAY,NO CONTROLS,IMPROPER LANE USAGE,FAILING TO YIELD RIGHT-OF-WAY,0,0,1,1,4,6,8,1828,MILWAUKEE AVE,41.990894,-87.662292,08/23/2019 05:18:00 AM,2019
CR00001866,12/07/2019 06:09:00 PM,45,SNOW,DARKNESS - LIGHTED ROAD,REAR TO FRONT,T-INTERSECTION,TRAFFIC SIGNAL,UNABLE TO DETERMINE,FOLLOWING TOO CLOSELY,0,0,0,0,18,7,12,752,BROADWAY,41.774074,-87.516851,12/07/2019 06:41:00 PM,2019
CR00001867,06/28/2019 06:09:00 PM,40,CLEAR,DAYLIGHT,FIXED OBJECT,DIVIDED - W/MEDIAN (NOT RAISED),TRAFFIC SIGNAL,FOLLOWING TOO CLOSELY,NOT APPLICABLE,0,0,0,0,18,6,6,1842,DAMEN AVE,41.971626,-87.60486,06/28/2019 06:52:00 PM,2019
CR00001868,02/22/2021 03:38:00 PM,30,CLEAR,DAYLIGHT,REAR END,ONE-WAY,YIELD,FAILING TO YIELD RIGHT-OF-WAY,FAILING TO YIELD RIGHT-OF-WAY,0,0,1,1,15,2,2,2526,ELSTON AVE,41.701938,-87.573957,02/22/2021 04:22:00 PM,2021
CR00001869,02/05/2024 05:14:00 PM,15,CLEAR,DAYLIGHT,REAR END,ONE-WAY,TRAFFIC SIGNAL,FOLLOWING TOO CLOSELY,FAILING TO YIELD RIGHT-OF-WAY,0,0,0,0,17,2,2,536,MICHIGAN AVE,41.72089,-87.720159,02/05/2024 06:49:00 PM,2024
CR00001870,01/19/2015 09:34:00 PM,45,CLEAR,DAYLIGHT,PEDESTRIAN,NOT DIVIDED,STOP SIGN/FLASHER,IMPROPER OVERTAKING/PASSING,WEATHER,0,0,0,0,21,2,1,1016,ELSTON AVE,41.757133,-87.529657,01/19/2015 10:43:00 PM,2015
CR00001871,09/13/2024 06:54:00 PM,20,CLEAR,DAWN,ANGLE,NOT DIVIDED,NO CONTROLS,FOLLOWING TOO CLOSELY,UNABLE TO DETERMINE,0,0,0,0,18,6,9,2069,79TH ST,41.845134,-87.683709,09/13/2024 07:53:00 PM,2024
CR00001872,08/26/2020 12:12:00 PM,20,CLEAR,DAYLIGHT,REAR END,NOT DIVIDED,UNKNOWN,FOLLOWING TOO CLOSELY,UNABLE TO DETERMINE,0,0,0,0,12,4,8,892,CLARK ST,41.880762,-87.846983,08/26/2020 02:09:00 PM,2020
CR00001873,07/28/2022 10:31:00 AM,35,CLOUDY/OVERCAST,DARKNESS - LIGHTED ROAD,TURNING,ONE-WAY,NO CONTROLS,DISREGARDING TRAFFIC SIGNALS,DISTRACTION - FROM INSIDE VEHICLE,0,0,0,0,10,5,7,1849,ASHLAND AVE,41.903343,-87.83186,07/28/2022 12:06:00 PM,2022
CR00001874,08/08/2022 04:37:00 PM,35,CLEAR,DAWN,TURNING,DIVIDED - W/MEDIAN (NOT RAISED),PEDESTRIAN CROSSING SIGN,IMPROPER OVERTAKING/PASSING,FAILING TO YIELD RIGHT-OF-WAY,0,0,0,0,16,2,8,1312,PULASKI RD,41.732501,-87.722332,08/08/2022 05:56:00 PM,2022
CR00001875,10/23/2021 05:46:00 PM,30,CLEAR,DAYLIGHT,PARKED MOTOR VEHICLE,DIVIDED - W/MEDIAN BARRIER,TRAFFIC SIGNAL,UNABLE TO DETERMINE,UNABLE TO DETERMINE,0,0,0,0,17,7,10,1253,HALSTED ST,41.857205,-87.767915,10/23/2021 06:23:00 PM,2021
CR00001876,07/25/2022 12:43:00 PM,25,CLEAR,DAYLIGHT,PARKED MOTOR VEHICLE,NOT DIVIDED,YIELD,FOLLOWING TOO CLOSELY,FOLLOWING TOO CLOSELY,0,0,0,0,12,2,7,154,CALIFORNIA AVE,41.758883,-87.689387,07/25/2022 01:09:00 PM,2022
CR00001877,03/29/2015 12:44:00 PM,20,CLEAR,DARKNESS - LIGHTED ROAD,PARKED MOTOR VEHICLE,FOUR WAY,NO CONTROLS,UNABLE TO DETERMINE,NOT APPLICABLE,0,0,0,0,12,1,3,1446,PULASKI RD,41.901529,-87.702533,03/29/2015 02:22:00 PM,2015
CR00001878,05/11/2023 06:06:00 PM,35,CLEAR,DAYLIGHT,ANGLE,NOT DIVIDED,NO CONTROLS,FAILING TO YIELD RIGHT-OF-WAY,FAILING TO YIELD RIGHT-OF-WAY,0,0,0,0,18,5,5,2395,FULLERTON AVE,41.81909,-87.559919,05/11/2023 06:26:00 PM,2023
CR00001879,01/18/2023 08:42:00 AM,40,CLEAR,DAYLIGHT,SIDESWIPE SAME DIRECTION,NOT DIVIDED,TRAFFIC SIGNAL,DRIVING SKILLS/KNOWLEDGE/EXPERIENCE,FAILING TO REDUCE SPEED,0,0,0,0,8,4,1,947,ARCHER AVE,41.840618,-87.732308,01/18/2023 09:41:00 AM,2023
CR00001880,07/08/2020 05:38:00 AM,20,CLEAR,DAYLIGHT,SIDESWIPE SAME DIRECTION,DIVIDED - W/MEDIAN BARRIER,TRAFFIC SIGNAL,FAILING TO YIELD RIGHT-OF-WAY,DISTRACTION - FROM INSIDE VEHICLE,0,0,0,0,5,4,7,1686,CLARK ST,41.785106,-87.708978,07/08/2020 06:51:00 AM,2020
CR00001881,08/12/2022 11:15:00 PM,25,FREEZING RAIN/DRIZZLE,DARKNESS - LIGHTED ROAD,REAR END,NOT DIVIDED,TRAFFIC SIGNAL,DRIVING SKILLS/KNOWLEDGE/EXPERIENCE,FOLLOWING TOO CLOSELY,0,1,1,2,23,6,8,1180,FULLERTON AVE,41.945186,-87.707316,08/13/2022 12:02:00 AM,2022
CR00001882,11/12/2016 07:31:00 PM,25,CLEAR,DARKNESS - LIGHTED ROAD,TURNING,DIVIDED - W/MEDIAN BARRIER,NO CONTROLS,UNABLE TO DETERMINE,FOLLOWING TOO CLOSELY,0,0,0,0,19,7,11,1644,WESTERN AVE,41.787029,-87.836211,11/12/2016 07:36:00 PM,2016
CR00001883,08/02/2018 05:37:00 AM,25,CLEAR,DAYLIGHT,TURNING,FOUR WAY,NO CONTROLS,DISREGARDING TRAFFIC SIGNALS,UNABLE TO DETERMINE,0,0,0,0,5,5,8,911,MICHIGAN AVE,41.929707,-87.752069,08/02/2018 07:23:00 AM,2018
CR00001884,08/04/2018 01:54:00 PM,30,CLEAR,DAYLIGHT,REAR END,NOT DIVIDED,UNKNOWN,UNABLE TO DETERMINE,IMPROPER LANE USAGE,0,0,0,0,13,7,8,314,OGDEN AVE,41.765121,-87.640605,08/04/2018 03:32:00 PM,2018
CR00001885,03/15/2024 05:37:00 PM,15,CLEAR,DARKNESS - LIGHTED ROAD,REAR END,NOT DIVIDED,TRAFFIC SIGNAL,DISTRACTION - FROM INSIDE VEHICLE,UNABLE TO DETERMINE,0,0,0,0,17,6,3,1475,47TH ST,41.865913,-87.667636,03/15/2024 07:11:00 PM,2024
CR00001886,02/15/2018 04:21:00 AM,15,RAIN,DUSK,SIDESWIPE SAME DIRECTION,NOT DIVIDED,NO CONTROLS,FAILING TO REDUCE SPEED,UNABLE TO DETERMINE,0,0,0,0,4,5,2,1916,DAMEN AVE,41.982998,-87.585401,02/15/2018 05:41:00 AM,2018
CR00001887,10/06/2019 05:15:00 AM,15,CLEAR,DAYLIGHT,REAR END,NOT DIVIDED,STOP SIGN/FLASHER,DISTRACTION - FROM INSIDE VEHICLE,FAILING TO YIELD RIGHT-OF-WAY,0,0,0,0,5,1,10,2229,CICERO AVE,41.818172,-87.663174,10/06/2019 06:38:00 AM,2019
CR00001888,11/29/2018 08:36:00 PM,35,CLEAR,DAYLIGHT,PEDESTRIAN,NOT DIVIDED,NO CONTROLS,UNABLE TO DETERMINE,UNABLE TO DETERMINE,0,0,0,0,20,5,11,1528,63RD ST,41.837659,-87.605907,11/29/2018 09:09:00 PM,2018
CR00001889,02/24/2021 08:43:00 AM,35,CLEAR,DARKNESS - LIGHTED ROAD,TURNING,FOUR WAY,TRAFFIC SIGNAL,FOLLOWING TOO CLOSELY,UNABLE TO DETERMINE,0,0,0,0,8,4,2,487,ELSTON AVE,41.773352,-87.548294,02/24/2021 09:39:00 AM,2021
CR00001890,07/22/2021 07:47:00 AM,35,CLOUDY/OVERCAST,DAYLIGHT,PARKED MOTOR VEHICLE,NOT DIVIDED,YIELD,DISREGARDING TRAFFIC SIGNALS,UNABLE TO DETERMINE,0,0,0,0,7,5,7,1761,LAKE SHORE DR,41.90018,-87.637759,07/22/2021 08:48:00 AM,2021
CR00001891,10/16/2019 03:44:00 PM,35,CLEAR,DAYLIGHT,ANGLE,ONE-WAY,STOP SIGN/FLASHER,DISTRACTION - FROM INSIDE VEHICLE,FAILING TO YIELD RIGHT-OF-WAY,0,0,1,1,15,4,10,200,CICERO AVE,41.897461,-87.660058,10/16/2019 04:12:00 PM,2019