CRASH_RECORD_ID,CRASH_DATE,POSTED_SPEED_LIMIT,WEATHER_CONDITION,LIGHTING_CONDITION,FIRST_CRASH_TYPE,TRAFFICWAY_TYPE,TRAFFIC_CONTROL_DEVICE,PRIM_CONTRIBUTORY_CAUSE,SEC_CONTRIBUTORY_CAUSE,INJURIES_FATAL,INJURIES_INCAPACITATING,INJURIES_NON_INCAPACITATING,INJURIES_TOTAL,CRASH_HOUR,CRASH_DAY_OF_WEEK,CRASH_MONTH,BEAT_OF_OCCURRENCE,STREET_NAME,LATITUDE,LONGITUDE,DATE_POLICE_NOTIFIED,year
CR00001892,03/04/2023 05:25:00 PM,35,CLEAR,DARKNESS - LIGHTED ROAD,FIXED OBJECT,ONE-WAY,NO CONTROLS,IMPROPER LANE USAGE,FAILING TO REDUCE SPEED,0,1,1,2,17,7,3,897,CALIFORNIA AVE,41.877637,-87.785574,03/04/2023 06:21:00 PM,2023
CR00001893,03/21/2022 01:05:00 PM,40,RAIN,DAYLIGHT,TURNING,NOT DIVIDED,STOP SIGN/FLASHER,IMPROPER LANE USAGE,FOLLOWING TOO CLOSELY,0,0,3,3,13,2,3,1402,FULLERTON AVE,41.975033,-87.639221,03/21/2022 03:00:00 PM,2022
CR00001894,01/02/2021 06:08:00 AM,35,CLEAR,DARKNESS - LIGHTED ROAD,ANGLE,DIVIDED - W/MEDIAN (NOT RAISED),NO CONTROLS,UNABLE TO DETERMINE,DRIVING SKILLS/KNOWLEDGE/EXPERIENCE,0,0,0,0,6,7,1,869,ELSTON AVE,41.886746,-87.681905,01/02/2021 06:28:00 AM,2021
CR00001895,02/21/2019 07:34:00 PM,30,CLEAR,DAWN,TURNING,NOT DIVIDED,PEDESTRIAN CROSSING SIGN,FAILING TO YIELD RIGHT-OF-WAY,FOLLOWING TOO CLOSELY,0,0,0,0,19,5,2,2077,ELSTON AVE,41.708798,-87.824646,02/21/2019 09:05:00 PM,2019
CR00001896,07/14/2021 08:36:00 AM,30,CLEAR,DAYLIGHT,REAR END,ONE-WAY,TRAFFIC SIGNAL,IMPROPER OVERTAKING/PASSING,UNABLE TO DETERMINE,0,0,0,0,8,4,7,567,CLARK ST,41.946889,-87.643419,07/14/2021 10:27:00 AM,2021
CR00001897,11/22/2020 01:02:00 PM,45,CLEAR,DAYLIGHT,SIDESWIPE SAME DIRECTION,FOUR WAY,UNKNOWN,DISTRACTION - FROM INSIDE VEHICLE,UNABLE TO DETERMINE,0,0,0,0,13,1,11,2241,CALIFORNIA AVE,41.895446,-87.579146,11/22/2020 01:03:00 PM,2020
CR00001898,04/17/2021 11:56:00 PM,30,SNOW,DAYLIGHT,REAR TO FRONT,NOT DIVIDED,STOP SIGN/FLASHER,UNABLE TO DETERMINE,UNABLE TO DETERMINE,0,0,0,0,23,7,4,605,ASHLAND AVE,41.891836,-87.502654,04/18/2021 01:17:00 AM,2021
CR00001899,03/14/2023 07:21:00 AM,15,CLEAR,DAYLIGHT,REAR END,ONE-WAY,YIELD,UNABLE TO DETERMINE,FAILING TO YIELD RIGHT-OF-WAY,0,0,0,0,7,3,3,1511,HALSTED ST,41.719142,-87.672488,03/14/2023 09:08:00 AM,2023
CR00001900,01/12/2017 07:14:00 AM,15,CLEAR,DARKNESS - LIGHTED ROAD,REAR END,NOT DIVIDED,NO CONTROLS,FOLLOWING TOO CLOSELY,NOT APPLICABLE,0,0,3,3,7,5,1,807,BROADWAY,41.704703,-87.791148,01/12/2017 07:20:00 AM,2017
CR00001901,04/21/2022 06:27:00 PM,30,CLEAR,DUSK,PARKED MOTOR VEHICLE,NOT DIVIDED,NO CONTROLS,FAILING TO REDUCE SPEED,NOT APPLICABLE,0,0,0,0,18,5,4,1437,LAKE SHORE DR,41.910525,-87.649024,04/21/2022 07:14:00 PM,2022
CR00001902,11/30/2024 08:44:00 PM,45,CLEAR,DAYLIGHT,FIXED OBJECT,T-INTERSECTION,TRAFFIC SIGNAL,FOLLOWING TOO CLOSELY,UNABLE TO DETERMINE,0,0,0,0,20,7,11,1658,ELSTON AVE,41.8926,-87.753019,11/30/2024 09:35:00 PM,2024
CR00001903,07/12/2020 08:13:00 PM,30,CLEAR,DUSK,REAR END,NOT DIVIDED,TRAFFIC SIGNAL,DISTRACTION - FROM INSIDE VEHICLE,FAILING TO YIELD RIGHT-OF-WAY,0,0,0,0,20,1,7,2348,ELSTON AVE,41.791179,-87.52109,07/12/2020 08:42:00 PM,2020
CR00001904,06/07/2022 10:26:00 PM,30,CLEAR,DAYLIGHT,SIDESWIPE SAME DIRECTION,ONE-WAY,UNKNOWN,UNABLE TO DETERMINE,DISTRACTION - FROM INSIDE VEHICLE,0,0,0,0,22,3,6,1546,79TH ST,41.9622,-87.780481,06/08/2022 12:02:00 AM,2022
CR00001905,02/18/2021 01:40:00 PM,35,CLEAR,DARKNESS - LIGHTED ROAD,SIDESWIPE SAME DIRECTION,NOT DIVIDED,NO CONTROLS,UNABLE TO DETERMINE,NOT APPLICABLE,0,0,0,0,13,5,2,1987,LAKE SHORE DR,41.824947,-87.676917,02/18/2021 02:36:00 PM,2021
CR00001906,02/03/2019 03:30:00 PM,25,FREEZING RAIN/DRIZZLE,DARKNESS - LIGHTED ROAD,TURNING,T-INTERSECTION,STOP SIGN/FLASHER,DRIVING SKILLS/KNOWLEDGE/EXPERIENCE,UNABLE TO DETERMINE,0,0,0,0,15,1,2,1131,CLARK ST,41.852368,-87.636868,02/03/2019 04:02:00 PM,2019
CR00001907,09/25/2017 07:27:00 PM,30,CLEAR,DAYLIGHT,TURNING,DIVIDED - W/MEDIAN BARRIER,NO CONTROLS,IMPROPER LANE USAGE,UNABLE TO DETERMINE,0,0,1,1,19,2,9,2279,STATE ST,41.806809,-87.582894,09/25/2017 09:09:00 PM,2017
CR00001908,07/01/2019 02:10:00 PM,25,FOG/SMOKE/HAZE,DARKNESS - LIGHTED ROAD,REAR TO FRONT,NOT DIVIDED,STOP SIGN/FLASHER,UNABLE TO DETERMINE,FAILING TO REDUCE SPEED,0,0,0,0,14,2,7,2014,CALIFORNIA AVE,41.702457,-87.68974,07/01/2019 02:46:00 PM,2019
CR00001909,07/19/2017 07:31:00 PM,15,CLEAR,DARKNESS - LIGHTED ROAD,REAR END,NOT DIVIDED,TRAFFIC SIGNAL,UNABLE TO DETERMINE,FOLLOWING TOO CLOSELY,0,0,1,1,19,4,7,2390,ARCHER AVE,41.890481,-87.52727,07/19/2017 08:57:00 PM,2017
CR00001910,03/26/2016 12:02:00 PM,30,CLEAR,DARKNESS - LIGHTED ROAD,REAR END,ONE-WAY,NO CONTROLS,FOLLOWING TOO CLOSELY,UNABLE TO DETERMINE,0,0,0,0,12,7,3,1506,MICHIGAN AVE,41.906738,-87.627391,03/26/2016 12:41:00 PM,2016
CR00001911,12/02/2024 04:08:00 AM,30,CLEAR,DAYLIGHT,PEDESTRIAN,DIVIDED - W/MEDIAN BARRIER,NO CONTROLS,UNABLE TO DETERMINE,UNABLE TO DETERMINE,0,0,1,1,4,2,12,1078,63RD ST,41.947309,-87.587291,12/02/2024 05:28:00 AM,2024
CR00001912,12/15/2018 04:01:00 PM,35,CLEAR,DAYLIGHT,ANGLE,DIVIDED - W/MEDIAN (NOT RAISED),STOP SIGN/FLASHER,FAILING TO YIELD RIGHT-OF-WAY,NOT APPLICABLE,0,0,0,0,16,7,12,850,63RD ST,41.960681,-87.709613,12/15/2018 04:25:00 PM,2018
CR00001913,11/09/2018 07:44:00 AM,40,CLOUDY/OVERCAST,DARKNESS,TURNING,DIVIDED - W/MEDIAN (NOT RAISED),NO CONTROLS,FOLLOWING TOO CLOSELY,UNABLE TO DETERMINE,0,0,0,0,7,6,11,1163,79TH ST,41.809043,-87.771794,11/09/2018 08:09:00 AM,2018
CR00001914,06/27/2023 02:02:00 PM,30,CLEAR,DAYLIGHT,SIDESWIPE SAME DIRECTION,T-INTERSECTION,STOP SIGN/FLASHER,UNABLE TO DETERMINE,FAILING TO REDUCE SPEED,0,0,3,3,14,3,6,1958,47TH ST,41.769645,-87.817182,06/27/2023 03:04:00 PM,2023
CR00001915,05/09/2015 08:26:00 PM,35,CLEAR,DAYLIGHT,TURNING,NOT DIVIDED,TRAFFIC SIGNAL,UNABLE TO DETERMINE,NOT APPLICABLE,0,0,0,0,20,7,5,675,CICERO AVE,41.755943,-87.55418,05/09/2015 09:20:00 PM,2015
CR00001916,06/28/2022 11:53:00 AM,25,FOG/SMOKE/HAZE,DAYLIGHT,SIDESWIPE SAME DIRECTION,NOT DIVIDED,NO CONTROLS,DISREGARDING TRAFFIC SIGNALS,FAILING TO YIELD RIGHT-OF-WAY,0,0,0,0,11,3,6,217,OGDEN AVE,41.988997,-87.5983,06/28/2022 01:31:00 PM,2022
CR00001917,11/20/2017 03:07:00 PM,15,RAIN,DARKNESS - LIGHTED ROAD,REAR END,DIVIDED - W/MEDIAN (NOT RAISED),STOP SIGN/FLASHER,UNABLE TO DETERMINE,UNABLE TO DETERMINE,0,0,0,0,15,2,11,1867,MICHIGAN AVE,41.935061,-87.695274,11/20/2017 03:28:00 PM,2017
CR00001918,03/24/2015 08:54:00 PM,35,CLOUDY/OVERCAST,DARKNESS - LIGHTED ROAD,REAR END,NOT DIVIDED,TRAFFIC SIGNAL,UNABLE TO DETERMINE,FAILING TO REDUCE SPEED,0,0,0,0,20,3,3,1451,ROOSEVELT RD,41.88554,-87.732391,03/24/2015 09:04:00 PM,2015
CR00001919,11/26/2021 10:37:00 PM,35,CLEAR,DAYLIGHT,FIXED OBJECT,NOT DIVIDED,NO CONTROLS,WEATHER,UNABLE TO DETERMINE,0,0,0,0,22,6,11,1248,MICHIGAN AVE,41.975306,-87.806235,11/27/2021 12:04:00 AM,2021
CR00001920,04/13/2024 08:33:00 PM,25,CLEAR,DAYLIGHT,TURNING,FOUR WAY,NO CONTROLS,FAILING TO YIELD RIGHT-OF-WAY,FOLLOWING TOO CLOSELY,0,2,1,3,20,7,4,1600,PULASKI RD,41.955063,-87.818342,04/13/2024 09:11:00 PM,2024
CR00001921,08/19/2024 06:09:00 PM,30,CLEAR,DARKNESS - LIGHTED ROAD,TURNING,T-INTERSECTION,TRAFFIC SIGNAL,IMPROPER OVERTAKING/PASSING,FAILING TO YIELD RIGHT-OF-WAY,0,0,0,0,18,2,8,2011,STONY ISLAND AVE,41.93563,-87.766859,08/19/2024 06:41:00 PM,2024
CR00001922,10/19/2021 05:04:00 PM,30,RAIN,DAYLIGHT,REAR END,NOT DIVIDED,TRAFFIC SIGNAL,FAILING TO REDUCE SPEED,UNABLE TO DETERMINE,0,0,0,0,17,3,10,1325,MICHIGAN AVE,41.799371,-87.643335,10/19/2021 06:40:00 PM,2021
CR00001923,11/21/2019 05:23:00 PM,25,SNOW,DARKNESS - LIGHTED ROAD,ANGLE,ONE-WAY,NO CONTROLS,FAILING TO REDUCE SPEED,DISTRACTION - FROM INSIDE VEHICLE,0,0,0,0,17,5,11,539,MILWAUKEE AVE,41.938664,-87.53969,11/21/2019 06:51:00 PM,2019
CR00001924,03/06/2015 01:09:00 PM,45,CLEAR,DAYLIGHT,TURNING,NOT DIVIDED,TRAFFIC SIGNAL,UNABLE TO DETERMINE,NOT APPLICABLE,0,0,0,0,13,6,3,762,OGDEN AVE,41.734408,-87.614399,03/06/2015 02:09:00 PM,2015
CR00001925,04/01/2016 11:27:00 PM,40,CLEAR,DAYLIGHT,PARKED MOTOR VEHICLE,NOT DIVIDED,NO CONTROLS,UNABLE TO DETERMINE,IMPROPER LANE USAGE,0,0,0,0,23,6,4,2352,MICHIGAN AVE,41.884315,-87.589726,04/02/2016 01:01:00 AM,2016
CR00001926,06/15/2019 04:57:00 PM,35,FREEZING RAIN/DRIZZLE,DARKNESS - LIGHTED ROAD,REAR END,T-INTERSECTION,NO CONTROLS,FAILING TO YIELD RIGHT-OF-WAY,UNABLE TO DETERMINE,0,0,0,0,16,7,6,2413,OGDEN AVE,41.796679,-87.773759,06/15/2019 05:56:00 PM,2019
CR00001927,08/27/2022 02:31:00 PM,45,CLOUDY/OVERCAST,DAYLIGHT,TURNING,NOT DIVIDED,NO CONTROLS,FOLLOWING TOO CLOSELY,FOLLOWING TOO CLOSELY,0,0,0,0,14,7,8,1401,PULASKI RD,41.893041,-87.72881,08/27/2022 03:48:00 PM,2022
CR00001928,02/12/2015 09:11:00 PM,40,CLEAR,DARKNESS - LIGHTED ROAD,ANGLE,ONE-WAY,STOP SIGN/FLASHER,UNABLE TO DETERMINE,NOT APPLICABLE,0,0,0,0,21,5,2,972,ROOSEVELT RD,41.932834,-87.717951,02/12/2015 10:55:00 PM,2015
CR00001929,06/22/2018 05:22:00 PM,15,CLEAR,DAYLIGHT,PARKED MOTOR VEHICLE,T-INTERSECTION,UNKNOWN,UNABLE TO DETERMINE,FOLLOWING TOO CLOSELY,0,1,2,3,17,6,6,1771,63RD ST,41.92837,-87.833469,06/22/2018 06:46:00 PM,2018
CR00001930,09/26/2022 02:43:00 PM,25,CLEAR,DAYLIGHT,ANGLE,ONE-WAY,NO CONTROLS,UNABLE TO DETERMINE,UNABLE TO DETERMINE,0,0,0,0,14,2,9,1097,ELSTON AVE,41.88763,-87.662236,09/26/2022 04:16:00 PM,2022
CR00001931,06/16/2022 07:28:00 AM,30,CLEAR,DAYLIGHT,TURNING,NOT DIVIDED,NO CONTROLS,DRIVING SKILLS/KNOWLEDGE/EXPERIENCE,FOLLOWING TOO CLOSELY,0,0,0,0,7,5,6,754,HALSTED ST,41.71454,-87.58738,06/16/2022 07:41:00 AM,2022
CR00001932,01/12/2015 06:15:00 AM,25,CLEAR,DAWN,ANGLE,DIVIDED - W/MEDIAN BARRIER,NO CONTROLS,FAILING TO REDUCE SPEED,DISREGARDING TRAFFIC SIGNALS,0,0,0,0,6,2,1,414,IRVING PARK RD,41.864071,-87.723418,01/12/2015 06:46:00 AM,2015
CR00001933,07/15/2022 12:33:00 PM,15,CLEAR,DARKNESS - LIGHTED ROAD,ANGLE,DIVIDED - W/MEDIAN BARRIER,STOP SIGN/FLASHER,FAILING TO REDUCE SPEED,UNABLE TO DETERMINE,0,0,0,0,12,6,7,2061,MICHIGAN AVE,41.933921,-87.706124,07/15/2022 01:27:00 PM,2022
CR00001934,04/12/2023 12:38:00 PM,35,CLEAR,DARKNESS - LIGHTED ROAD,REAR END,NOT DIVIDED,NO CONTROLS,UNABLE TO DETERMINE,FAILING TO YIELD RIGHT-OF-WAY,0,0,0,0,12,4,4,630,CICERO AVE,41.924726,-87.642621,04/12/2023 01:18:00 PM,2023
CR00001935,11/18/2017 06:45:00 PM,35,CLEAR,DAYLIGHT,SIDESWIPE SAME DIRECTION,NOT DIVIDED,STOP SIGN/FLASHER,FAILING TO YIELD RIGHT-OF-WAY,NOT APPLICABLE,0,0,0,0,18,7,11,212,79TH ST,41.715106,-87.684139,11/18/2017 06:47:00 PM,2017
CR00001936,07/12/2022 04:53:00 PM,40,CLEAR,DAYLIGHT,REAR TO FRONT,NOT DIVIDED,PEDESTRIAN CROSSING SIGN,IMPROPER LANE USAGE,DISREGARDING TRAFFIC SIGNALS,0,0,0,0,16,3,7,429,DIVISION ST,41.73126,-87.774158,07/12/2022 04:54:00 PM,2022
CR00001937,12/20/2017 09:41:00 PM,35,CLEAR,DARKNESS - LIGHTED ROAD,TURNING,DIVIDED - W/MEDIAN (NOT RAISED),TRAFFIC SIGNAL,FAILING TO YIELD RIGHT-OF-WAY,NOT APPLICABLE,0,0,0,0,21,4,12,570,DIVISION ST,41.777863,-87.722821,12/20/2017 10:59:00 PM,2017
CR00001938,02/01/2017 02:27:00 PM,20,CLOUDY/OVERCAST,DUSK,FIXED OBJECT,ONE-WAY,TRAFFIC SIGNAL,FAILING TO YIELD RIGHT-OF-WAY,DISREGARDING TRAFFIC SIGNALS,0,0,0,0,14,4,2,679,DAMEN AVE,41.770898,-87.693848,02/01/2017 03:55:00 PM,2017
CR00001939,09/12/2017 04:22:00 PM,35,FREEZING RAIN/DRIZZLE,DAYLIGHT,ANGLE,NOT DIVIDED,NO CONTROLS,FAILING TO YIELD RIGHT-OF-WAY,FAILING TO YIELD RIGHT-OF-WAY,0,0,0,0,16,3,9,2125,KEDZIE AVE,41.740342,-87.709396,09/12/2017 06:09:00 PM,2017
CR00001940,02/23/2020 06:12:00 AM,15,CLEAR,DUSK,REAR END,NOT DIVIDED,STOP SIGN/FLASHER,DISTRACTION - FROM INSIDE VEHICLE,NOT APPLICABLE,0,0,0,0,6,1,2,1282,63RD ST,41.955622,-87.68276,02/23/2020 06:49:00 AM,2020
CR00001941,04/09/2019 04:19:00 AM,35,CLEAR,DUSK,REAR END,NOT DIVIDED,NO CONTROLS,FAILING TO REDUCE SPEED,UNABLE TO DETERMINE,0,0,0,0,4,3,4,393,CALIFORNIA AVE,41.817295,-87.716558,04/09/2019 05:23:00 AM,2019
CR00001942,09/01/2019 08:06:00 PM,25,CLEAR,DARKNESS - LIGHTED ROAD,SIDESWIPE SAME DIRECTION,NOT DIVIDED,STOP SIGN/FLASHER,FAILING TO YIELD RIGHT-OF-WAY,DRIVING SKILLS/KNOWLEDGE/EXPERIENCE,0,0,0,0,20,1,9,1826,KEDZIE AVE,41.752235,-87.61517,09/01/2019 08:54:00 PM,2019
CR00001943,12/12/2024 01:16:00 PM,40,RAIN,DAYLIGHT,PARKED MOTOR VEHICLE,ONE-WAY,TRAFFIC SIGNAL,UNABLE TO DETERMINE,UNABLE TO DETERMINE,0,0,0,0,13,5,12,1645,ELSTON AVE,41.952516,-87.714096,12/12/2024 02:05:00 PM,2024
CR00001944,04/07/2021 08:14:00 PM,45,SNOW,DAYLIGHT,TURNING,DIVIDED - W/MEDIAN BARRIER,NO CONTROLS,FAILING TO REDUCE SPEED,NOT APPLICABLE,0,0,0,0,20,4,4,422,IRVING PARK RD,41.783491,-87.773039,04/07/2021 09:42:00 PM,2021
CR00001945,11/12/2018 04:11:00 PM,20,SNOW,DARKNESS - LIGHTED ROAD,REAR END,ONE-WAY,NO CONTROLS,FAILING TO YIELD RIGHT-OF-WAY,FOLLOWING TOO CLOSELY,0,0,0,0,16,2,11,1013,STATE ST,41.74349,-87.515769,11/12/2018 05:28:00 PM,2018
CR00001946,09/21/2015 02:58:00 AM,45,CLEAR,DAYLIGHT,ANGLE,DIVIDED - W/MEDIAN (NOT RAISED),NO CONTROLS,UNABLE TO DETERMINE,DRIVING SKILLS/KNOWLEDGE/EXPERIENCE,0,0,0,0,2,2,9,742,STATE ST,41.813136,-87.522176,09/21/2015 03:17:00 AM,2015
CR00001947,05/19/2020 07:33:00 AM,45,FREEZING RAIN/DRIZZLE,DAYLIGHT,PARKED MOTOR VEHICLE,NOT DIVIDED,TRAFFIC SIGNAL,FOLLOWING TOO CLOSELY,FAILING TO REDUCE SPEED,0,0,0,0,7,3,5,1935,OGDEN AVE,41.726252,-87.810026,05/19/2020 09:03:00 AM,2020
CR00001948,11/15/2021 07:50:00 PM,45,RAIN,DAYLIGHT,SIDESWIPE SAME DIRECTION,NOT DIVIDED,NO CONTROLS,UNABLE TO DETERMINE,IMPROPER OVERTAKING/PASSING,0,2,2,4,19,2,11,608,ASHLAND AVE,41.968317,-87.646428,11/15/2021 08:48:00 PM,2021
CR00001949,02/17/2018 04:54:00 PM,20,RAIN,DARKNESS - LIGHTED ROAD,ANGLE,FOUR WAY,NO CONTROLS,UNABLE TO DETERMINE,FAILING TO YIELD RIGHT-OF-WAY,0,0,0,0,16,7,2,415,LAKE SHORE DR,41.800725,-87.703872,02/17/2018 06:01:00 PM,2018
CR00001950,05/15/2017 05:51:00 PM,30,CLEAR,DAYLIGHT,REAR END,NOT DIVIDED,NO CONTROLS,IMPROPER LANE USAGE,IMPROPER OVERTAKING/PASSING,0,0,0,0,17,2,5,1601,ARCHER AVE,41.987271,-87.602702,05/15/2017 06:44:00 PM,2017
CR00001951,01/12/2020 10:11:00 PM,30,RAIN,DAYLIGHT,REAR END,ONE-WAY,STOP SIGN/FLASHER,DRIVING SKILLS/KNOWLEDGE/EXPERIENCE,UNABLE TO DETERMINE,0,0,0,0,22,1,1,463,FULLERTON AVE,41.925988,-87.813825,01/12/2020 11:28:00 PM,2020
CR00001952,05/30/2024 08:33:00 AM,15,CLEAR,DAWN,REAR END,FOUR WAY,NO CONTROLS,IMPROPER OVERTAKING/PASSING,UNABLE TO DETERMINE,0,0,3,3,8,5,5,1844,LAKE SHORE DR,41.716066,-87.66436,05/30/2024 08:55:00 AM,2024
CR00001953,11/26/2018 08:50:00 AM,30,CLEAR,DAYLIGHT,SIDESWIPE SAME DIRECTION,NOT DIVIDED,TRAFFIC SIGNAL,IMPROPER LANE USAGE,NOT APPLICABLE,0,0,0,0,8,2,11,2258,MILWAUKEE AVE,41.751522,-87.713844,11/26/2018 10:33:00 AM,2018
CR00001954,01/01/2018 04:02:00 PM,15,CLEAR,DARKNESS - LIGHTED ROAD,FIXED OBJECT,NOT DIVIDED,STOP SIGN/FLASHER,FAILING TO YIELD RIGHT-OF-WAY,DISREGARDING TRAFFIC SIGNALS,0,0,0,0,16,2,1,1311,ARCHER AVE,41.713623,-87.608764,01/01/2018 05:49:00 PM,2018
CR00001955,10/14/2020 08:21:00 PM,30,SNOW,DARKNESS - LIGHTED ROAD,PARKED MOTOR VEHICLE,ONE-WAY,YIELD,UNABLE TO DETERMINE,UNABLE TO DETERMINE,0,0,0,0,20,4,10,2073,STATE ST,41.802524,-87.702616,10/14/2020 10:07:00 PM,2020
CR00001956,03/20/2023 08:38:00 AM,30,CLEAR,DAYLIGHT,SIDESWIPE SAME DIRECTION,NOT DIVIDED,STOP SIGN/FLASHER,FAILING TO REDUCE SPEED,DISREGARDING TRAFFIC SIGNALS,0,0,0,0,8,2,3,854,MILWAUKEE AVE,41.74365,-87.737245,03/20/2023 10:33:00 AM,2023
CR00001957,04/03/2021 04:40:00 AM,35,CLEAR,DAYLIGHT,REAR END,DIVIDED - W/MEDIAN BARRIER,NO CONTROLS,FAILING TO REDUCE SPEED,UNABLE TO DETERMINE,0,0,0,0,4,7,4,1762,PULASKI RD,41.994436,-87.517962,04/03/2021 05:13:00 AM,2021
CR00001958,05/12/2016 06:34:00 PM,20,CLEAR,DUSK,REAR TO FRONT,ONE-WAY,NO CONTROLS,FOLLOWING TOO CLOSELY,UNABLE TO DETERMINE,0,0,0,0,18,5,5,484,MILWAUKEE AVE,41.871434,-87.758608,05/12/2016 07:08:00 PM,2016
CR00001959,05/15/2019 08:49:00 AM,35,RAIN,DAYLIGHT,ANGLE,FOUR WAY,UNKNOWN,FOLLOWING TOO CLOSELY,WEATHER,0,0,0,0,8,4,5,288,79TH ST,41.772708,-87.536835,05/15/2019 10:32:00 AM,2019
CR00001960,08/01/2021 01:44:00 PM,35,CLEAR,DARKNESS - LIGHTED ROAD,SIDESWIPE SAME DIRECTION,DIVIDED - W/MEDIAN BARRIER,NO CONTROLS,DRIVING SKILLS/KNOWLEDGE/EXPERIENCE,DISREGARDING TRAFFIC SIGNALS,0,0,0,0,13,1,8,820,47TH ST,41.808709,-87.574109,08/01/2021 02:53:00 PM,2021
CR00001961,03/16/2016 02:30:00 PM,20,CLEAR,DAYLIGHT,ANGLE,NOT DIVIDED,NO CONTROLS,UNABLE TO DETERMINE,UNABLE TO DETERMINE,0,0,0,0,14,4,3,2027,KEDZIE AVE,41.967611,-87.734982,03/16/2016 04:08:00 PM,2016
CR00001962,10/23/2019 02:01:00 PM,30,CLEAR,DARKNESS,REAR END,NOT DIVIDED,NO CONTROLS,DISTRACTION - FROM INSIDE VEHICLE,UNABLE TO DETERMINE,0,0,0,0,14,4,10,799,ROOSEVELT RD,41.740826,-87.682412,10/23/2019 02:30:00 PM,2019
CR00001963,07/17/2024 09:06:00 AM,30,CLEAR,DAYLIGHT,FIXED OBJECT,NOT DIVIDED,NO CONTROLS,DISREGARDING TRAFFIC SIGNALS,FOLLOWING TOO CLOSELY,0,0,0,0,9,4,7,1877,MILWAUKEE AVE,41.857563,-87.572831,07/17/2024 10:39:00 AM,2024
CR00001964,06/17/2018 12:06:00 AM,30,CLEAR,DARKNESS,FIXED OBJECT,NOT DIVIDED,NO CONTROLS,FAILING TO REDUCE SPEED,FOLLOWING TOO CLOSELY,0,0,1,1,0,1,6,1102,IRVING PARK RD,41.780537,-87.746214,06/17/2018 01:17:00 AM,2018
CR00001965,02/15/2019 12:44:00 AM,20,CLEAR,DARKNESS,REAR TO FRONT,ONE-WAY,TRAFFIC SIGNAL,DISTRACTION - FROM INSIDE VEHICLE,UNABLE TO DETERMINE,0,0,0,0,0,6,2,1477,DAMEN AVE,41.831765,-87.727137,02/15/2019 02:39:00 AM,2019
CR00001966,01/27/2018 12:39:00 AM,30,CLEAR,DAYLIGHT,SIDESWIPE SAME DIRECTION,NOT DIVIDED,STOP SIGN/FLASHER,UNABLE TO DETERMINE,FOLLOWING TOO CLOSELY,0,1,1,2,0,7,1,1430,CICERO AVE,41.886299,-87.632986,01/27/2018 12:48:00 AM,2018
CR00001967,09/04/2022 05:39:00 PM,20,SNOW,DAWN,REAR END,NOT DIVIDED,STOP SIGN/FLASHER,UNABLE TO DETERMINE,FOLLOWING TOO CLOSELY,0,0,0,0,17,1,9,1670,MILWAUKEE AVE,41.97279,-87.787321,09/04/2022 07:30:00 PM,2022
CR00001968,11/30/2021 09:11:00 AM,25,CLEAR,DARKNESS - LIGHTED ROAD,TURNING,DIVIDED - W/MEDIAN BARRIER,TRAFFIC SIGNAL,FAILING TO YIELD RIGHT-OF-WAY,IMPROPER LANE USAGE,0,0,0,0,9,3,11,1834,DIVISION ST,41.87809,-87.7886,11/30/2021 10:33:00 AM,2021
CR00001969,12/10/2016 08:10:00 PM,45,CLEAR,DAYLIGHT,REAR END,FOUR WAY,TRAFFIC SIGNAL,DISREGARDING TRAFFIC SIGNALS,UNABLE TO DETERMINE,0,0,0,0,20,7,12,166,DIVISION ST,41.770118,-87.661959,12/10/2016 08:22:00 PM,2016
CR00001970,11/23/2023 08:50:00 AM,25,CLEAR,DUSK,REAR END,NOT DIVIDED,TRAFFIC SIGNAL,UNABLE TO DETERMINE,UNABLE TO DETERMINE,0,0,1,1,8,5,11,1328,63RD ST,41.788217,-87.717509,11/23/2023 10:17:00 AM,2023
CR00001971,10/20/2020 04:38:00 PM,20,CLOUDY/OVERCAST,DARKNESS - LIGHTED ROAD,TURNING,DIVIDED - W/MEDIAN (NOT RAISED),STOP SIGN/FLASHER,FOLLOWING TOO CLOSELY,DISREGARDING TRAFFIC SIGNALS,0,0,0,0,16,3,10,252,OGDEN AVE,41.771439,-87.77696,10/20/2020 05:26:00 PM,2020
CR00001972,11/16/2019 08:51:00 PM,40,CLEAR,DAYLIGHT,PARKED MOTOR VEHICLE,NOT DIVIDED,STOP SIGN/FLASHER,FOLLOWING TOO CLOSELY,FOLLOWING TOO CLOSELY,0,0,0,0,20,7,11,185,CALIFORNIA AVE,41.786391,-87.750502,11/16/2019 10:25:00 PM,2019
CR00001973,01/06/2018 08:21:00 AM,40,RAIN,DAYLIGHT,PARKED MOTOR VEHICLE,NOT DIVIDED,TRAFFIC SIGNAL,DISTRACTION - FROM INSIDE VEHICLE,NOT APPLICABLE,0,0,1,1,8,7,1,133,MICHIGAN AVE,41.992224,-87.551602,01/06/2018 09:43:00 AM,2018
CR00001974,05/20/2021 01:51:00 PM,35,CLEAR,DAYLIGHT,REAR END,NOT DIVIDED,TRAFFIC SIGNAL,UNABLE TO DETERMINE,NOT APPLICABLE,0,0,1,1,13,5,5,2350,OGDEN AVE,41.762859,-87.639671,05/20/2021 03:39:00 PM,2021