CRASH_RECORD_ID,CRASH_DATE,POSTED_SPEED_LIMIT,WEATHER_CONDITION,LIGHTING_CONDITION,FIRST_CRASH_TYPE,TRAFFICWAY_TYPE,TRAFFIC_CONTROL_DEVICE,PRIM_CONTRIBUTORY_CAUSE,SEC_CONTRIBUTORY_CAUSE,INJURIES_FATAL,INJURIES_INCAPACITATING,INJURIES_NON_INCAPACITATING,INJURIES_TOTAL,CRASH_HOUR,CRASH_DAY_OF_WEEK,CRASH_MONTH,BEAT_OF_OCCURRENCE,STREET_NAME,LATITUDE,LONGITUDE,DATE_POLICE_NOTIFIED,year
CR00001975,04/04/2017 12:02:00 AM,40,CLEAR,DAYLIGHT,REAR END,NOT DIVIDED,NO CONTROLS,DISREGARDING TRAFFIC SIGNALS,DISREGARDING TRAFFIC SIGNALS,0,0,0,0,0,3,4,1746,63RD ST,41.939451,-87.730922,04/04/2017 12:20:00 AM,2017
CR00001976,03/26/2019 03:27:00 PM,35,CLEAR,DAYLIGHT,FIXED OBJECT,NOT DIVIDED,TRAFFIC SIGNAL,FAILING TO REDUCE SPEED,NOT APPLICABLE,0,0,0,0,15,3,3,191,DAMEN AVE,41.876713,-87.636048,03/26/2019 04:01:00 PM,2019
CR00001977,07/21/2021 03:05:00 AM,40,CLEAR,DARKNESS,TURNING,NOT DIVIDED,TRAFFIC SIGNAL,FAILING TO YIELD RIGHT-OF-WAY,IMPROPER OVERTAKING/PASSING,0,0,1,1,3,4,7,1568,DAMEN AVE,41.707895,-87.584449,07/21/2021 04:48:00 AM,2021
CR00001978,11/06/2019 07:20:00 PM,35,CLEAR,DARKNESS,REAR END,DIVIDED - W/MEDIAN (NOT RAISED),TRAFFIC SIGNAL,DISTRACTION - FROM INSIDE VEHICLE,FOLLOWING TOO CLOSELY,0,0,0,0,19,4,11,1168,FULLERTON AVE,41.801612,-87.660013,11/06/2019 08:25:00 PM,2019
CR00001979,12/11/2024 07:43:00 PM,45,RAIN,DAYLIGHT,ANGLE,ONE-WAY,TRAFFIC SIGNAL,UNABLE TO DETERMINE,NOT APPLICABLE,0,0,0,0,19,4,12,1239,MILWAUKEE AVE,41.785226,-87.777379,12/11/2024 08:31:00 PM,2024
CR00001980,07/08/2023 01:41:00 AM,30,CLEAR,DAYLIGHT,SIDESWIPE SAME DIRECTION,NOT DIVIDED,NO CONTROLS,FAILING TO REDUCE SPEED,DISREGARDING TRAFFIC SIGNALS,0,0,0,0,1,7,7,1182,STONY ISLAND AVE,41.822688,-87.550095,07/08/2023 02:55:00 AM,2023
CR00001981,12/02/2023 04:27:00 PM,30,CLEAR,DAYLIGHT,SIDESWIPE SAME DIRECTION,NOT DIVIDED,NO CONTROLS,FOLLOWING TOO CLOSELY,UNABLE TO DETERMINE,0,0,0,0,16,7,12,1085,ELSTON AVE,41.949432,-87.662029,12/02/2023 04:49:00 PM,2023
CR00001982,08/18/2018 06:31:00 PM,30,CLEAR,DAYLIGHT,PARKED MOTOR VEHICLE,DIVIDED - W/MEDIAN (NOT RAISED),YIELD,DISREGARDING TRAFFIC SIGNALS,FOLLOWING TOO CLOSELY,0,0,0,0,18,7,8,2218,79TH ST,41.751729,-87.718263,08/18/2018 08:18:00 PM,2018
CR00001983,03/23/2018 04:15:00 PM,35,CLEAR,DAYLIGHT,ANGLE,DIVIDED - W/MEDIAN (NOT RAISED),NO CONTROLS,UNABLE TO DETERMINE,DISREGARDING TRAFFIC SIGNALS,0,0,0,0,16,6,3,446,WESTERN AVE,41.822161,-87.654249,03/23/2018 04:22:00 PM,2018
CR00001984,08/20/2023 05:54:00 AM,30,CLEAR,DARKNESS - LIGHTED ROAD,PARKED MOTOR VEHICLE,NOT DIVIDED,NO CONTROLS,WEATHER,FOLLOWING TOO CLOSELY,0,0,0,0,5,1,8,2163,ARCHER AVE,41.831782,-87.647663,08/20/2023 07:11:00 AM,2023
CR00001985,08/26/2016 06:31:00 PM,30,CLEAR,DAYLIGHT,TURNING,NOT DIVIDED,NO CONTROLS,UNABLE TO DETERMINE,DISREGARDING TRAFFIC SIGNALS,0,0,0,0,18,6,8,1830,KEDZIE AVE,41.857254,-87.584355,08/26/2016 06:38:00 PM,2016
CR00001986,11/05/2017 10:43:00 AM,45,CLEAR,DUSK,REAR TO FRONT,DIVIDED - W/MEDIAN BARRIER,NO CONTROLS,UNABLE TO DETERMINE,UNABLE TO DETERMINE,0,0,0,0,10,1,11,2300,CICERO AVE,41.88866,-87.759642,11/05/2017 11:49:00 AM,2017
CR00001987,07/24/2022 07:12:00 AM,15,CLEAR,DAYLIGHT,REAR END,DIVIDED - W/MEDIAN (NOT RAISED),NO CONTROLS,FOLLOWING TOO CLOSELY,NOT APPLICABLE,0,0,0,0,7,1,7,1563,CALIFORNIA AVE,41.831923,-87.702412,07/24/2022 08:14:00 AM,2022
CR00001988,03/05/2020 01:11:00 PM,35,CLEAR,DAYLIGHT,FIXED OBJECT,NOT DIVIDED,TRAFFIC SIGNAL,IMPROPER LANE USAGE,NOT APPLICABLE,0,0,0,0,13,5,3,2370,DIVISION ST,41.967058,-87.714157,03/05/2020 02:02:00 PM,2020
CR00001989,06/23/2020 10:31:00 PM,45,CLEAR,DARKNESS,SIDESWIPE SAME DIRECTION,FOUR WAY,NO CONTROLS,FOLLOWING TOO CLOSELY,NOT APPLICABLE,0,0,0,0,22,3,6,2157,47TH ST,41.848739,-87.579316,06/23/2020 11:19:00 PM,2020
CR00001990,10/01/2018 07:37:00 AM,30,CLEAR,DUSK,SIDESWIPE SAME DIRECTION,ONE-WAY,TRAFFIC SIGNAL,IMPROPER OVERTAKING/PASSING,FAILING TO YIELD RIGHT-OF-WAY,0,0,0,0,7,2,10,2383,LAKE SHORE DR,41.757077,-87.587533,10/01/2018 09:18:00 AM,2018
CR00001991,02/26/2018 01:16:00 AM,35,CLEAR,DAYLIGHT,SIDESWIPE SAME DIRECTION,NOT DIVIDED,NO CONTROLS,FOLLOWING TOO CLOSELY,DISREGARDING TRAFFIC SIGNALS,0,0,2,2,1,2,2,2029,IRVING PARK RD,41.840174,-87.821819,02/26/2018 02:33:00 AM,2018
CR00001992,04/30/2017 05:49:00 PM,15,RAIN,DAYLIGHT,REAR TO FRONT,NOT DIVIDED,TRAFFIC SIGNAL,FAILING TO YIELD RIGHT-OF-WAY,FAILING TO YIELD RIGHT-OF-WAY,0,0,0,0,17,1,4,1562,ROOSEVELT RD,41.886597,-87.829634,04/30/2017 05:54:00 PM,2017
CR00001993,09/04/2020 07:15:00 AM,30,SNOW,DARKNESS - LIGHTED ROAD,TURNING,DIVIDED - W/MEDIAN (NOT RAISED),NO CONTROLS,FOLLOWING TOO CLOSELY,UNABLE TO DETERMINE,0,0,0,0,7,6,9,920,63RD ST,41.916705,-87.729808,09/04/2020 08:23:00 AM,2020
CR00001994,06/17/2016 01:27:00 PM,15,RAIN,DUSK,REAR END,NOT DIVIDED,NO CONTROLS,DISREGARDING TRAFFIC SIGNALS,FOLLOWING TOO CLOSELY,0,0,1,1,13,6,6,1360,FULLERTON AVE,41.95851,-87.837113,06/17/2016 02:27:00 PM,2016
CR00001995,06/14/2023 06:23:00 PM,30,CLEAR,DAYLIGHT,ANGLE,NOT DIVIDED,STOP SIGN/FLASHER,FOLLOWING TOO CLOSELY,DRIVING SKILLS/KNOWLEDGE/EXPERIENCE,0,0,3,3,18,4,6,980,ROOSEVELT RD,41.850559,-87.642951,06/14/2023 07:15:00 PM,2023
CR00001996,01/09/2020 08:59:00 PM,35,CLEAR,DAYLIGHT,REAR END,ONE-WAY,STOP SIGN/FLASHER,WEATHER,DISTRACTION - FROM INSIDE VEHICLE,0,0,0,0,20,5,1,1772,OGDEN AVE,41.827916,-87.740814,01/09/2020 09:39:00 PM,2020
CR00001997,06/17/2020 06:00:00 PM,35,RAIN,DAYLIGHT,PEDESTRIAN,FOUR WAY,NO CONTROLS,DISREGARDING TRAFFIC SIGNALS,FAILING TO YIELD RIGHT-OF-WAY,0,0,0,0,18,4,6,645,ARCHER AVE,41.838467,-87.645757,06/17/2020 06:52:00 PM,2020
CR00001998,07/14/2019 11:38:00 AM,30,CLOUDY/OVERCAST,DAYLIGHT,FIXED OBJECT,NOT DIVIDED,UNKNOWN,UNABLE TO DETERMINE,UNABLE TO DETERMINE,0,0,0,0,11,1,7,839,FULLERTON AVE,41.705033,-87.625334,07/14/2019 11:47:00 AM,2019
CR00001999,11/25/2022 08:31:00 AM,35,SNOW,DAYLIGHT,PARKED MOTOR VEHICLE,ONE-WAY,TRAFFIC SIGNAL,UNABLE TO DETERMINE,NOT APPLICABLE,0,0,0,0,8,6,11,737,CICERO AVE,41.785732,-87.843928,11/25/2022 09:07:00 AM,2022
CR00002000,11/03/2017 03:22:00 AM,15,CLEAR,DARKNESS - LIGHTED ROAD,SIDESWIPE SAME DIRECTION,DIVIDED - W/MEDIAN (NOT RAISED),NO CONTROLS,UNABLE TO DETERMINE,DRIVING SKILLS/KNOWLEDGE/EXPERIENCE,0,0,0,0,3,6,11,2519,CICERO AVE,41.962701,-87.663823,11/03/2017 04:11:00 AM,2017
CR00002001,11/03/2017 02:46:00 PM,30,CLEAR,DAYLIGHT,REAR END,DIVIDED - W/MEDIAN (NOT RAISED),STOP SIGN/FLASHER,FOLLOWING TOO CLOSELY,FOLLOWING TOO CLOSELY,0,0,0,0,14,6,11,522,WESTERN AVE,41.801875,-87.758597,11/03/2017 03:25:00 PM,2017
CR00002002,05/15/2023 06:10:00 PM,35,CLEAR,DAYLIGHT,ANGLE,ONE-WAY,NO CONTROLS,UNABLE TO DETERMINE,UNABLE TO DETERMINE,0,0,1,1,18,2,5,469,KEDZIE AVE,41.951491,-87.502761,05/15/2023 07:19:00 PM,2023
CR00002003,02/10/2019 04:32:00 AM,30,CLEAR,DAYLIGHT,REAR TO FRONT,DIVIDED - W/MEDIAN (NOT RAISED),TRAFFIC SIGNAL,UNABLE TO DETERMINE,FAILING TO YIELD RIGHT-OF-WAY,0,0,0,0,4,1,2,960,DIVISION ST,41.702599,-87.72563,02/10/2019 05:20:00 AM,2019
CR00002004,11/29/2020 08:34:00 PM,45,CLEAR,DAYLIGHT,PARKED MOTOR VEHICLE,FOUR WAY,NO CONTROLS,IMPROPER LANE USAGE,DRIVING SKILLS/KNOWLEDGE/EXPERIENCE,0,0,0,0,20,1,11,1343,47TH ST,41.750336,-87.808375,11/29/2020 09:45:00 PM,2020
CR00002005,12/08/2024 06:50:00 PM,40,CLEAR,DAYLIGHT,TURNING,DIVIDED - W/MEDIAN (NOT RAISED),YIELD,DISTRACTION - FROM INSIDE VEHICLE,UNABLE TO DETERMINE,0,0,3,3,18,1,12,981,ELSTON AVE,41.993762,-87.734398,12/08/2024 08:34:00 PM,2024
CR00002006,04/21/2017 06:37:00 AM,40,CLOUDY/OVERCAST,DAWN,REAR END,DIVIDED - W/MEDIAN BARRIER,NO CONTROLS,UNABLE TO DETERMINE,DRIVING SKILLS/KNOWLEDGE/EXPERIENCE,0,0,0,0,6,6,4,366,STATE ST,41.859748,-87.515892,04/21/2017 06:49:00 AM,2017
CR00002007,09/17/2024 12:12:00 PM,30,CLEAR,DAYLIGHT,FIXED OBJECT,FOUR WAY,TRAFFIC SIGNAL,IMPROPER LANE USAGE,IMPROPER OVERTAKING/PASSING,0,0,0,0,12,3,9,1091,IRVING PARK RD,41.911073,-87.50629,09/17/2024 12:35:00 PM,2024
CR00002008,07/01/2024 03:53:00 AM,30,CLEAR,DARKNESS - LIGHTED ROAD,REAR END,NOT DIVIDED,NO CONTROLS,UNABLE TO DETERMINE,FOLLOWING TOO CLOSELY,0,0,0,0,3,2,7,1744,CICERO AVE,41.977122,-87.789314,07/01/2024 04:59:00 AM,2024
CR00002009,03/16/2017 09:05:00 AM,15,CLEAR,DAYLIGHT,SIDESWIPE SAME DIRECTION,NOT DIVIDED,NO CONTROLS,UNABLE TO DETERMINE,NOT APPLICABLE,0,0,0,0,9,5,3,1358,CLARK ST,41.892334,-87.723145,03/16/2017 10:54:00 AM,2017
CR00002010,02/12/2015 02:28:00 PM,45,CLOUDY/OVERCAST,DAYLIGHT,TURNING,FOUR WAY,STOP SIGN/FLASHER,FOLLOWING TOO CLOSELY,DISTRACTION - FROM INSIDE VEHICLE,0,0,0,0,14,5,2,1381,MILWAUKEE AVE,41.901516,-87.815067,02/12/2015 02:35:00 PM,2015
CR00002011,02/14/2020 01:47:00 PM,40,CLOUDY/OVERCAST,DAYLIGHT,PARKED MOTOR VEHICLE,FOUR WAY,NO CONTROLS,UNABLE TO DETERMINE,FAILING TO YIELD RIGHT-OF-WAY,0,0,1,1,13,6,2,1193,MILWAUKEE AVE,41.797661,-87.539779,02/14/2020 02:03:00 PM,2020
CR00002012,09/17/2016 03:26:00 AM,20,CLEAR,DAYLIGHT,REAR END,DIVIDED - W/MEDIAN BARRIER,YIELD,FAILING TO YIELD RIGHT-OF-WAY,DISTRACTION - FROM INSIDE VEHICLE,0,0,0,0,3,7,9,1658,47TH ST,41.72461,-87.633657,09/17/2016 05:00:00 AM,2016
CR00002013,11/27/2021 05:01:00 AM,40,RAIN,DAYLIGHT,REAR END,DIVIDED - W/MEDIAN BARRIER,NO CONTROLS,UNABLE TO DETERMINE,NOT APPLICABLE,0,0,0,0,5,7,11,605,BROADWAY,41.926127,-87.555929,11/27/2021 06:31:00 AM,2021
CR00002014,01/02/2021 07:26:00 AM,35,RAIN,DARKNESS - LIGHTED ROAD,REAR TO FRONT,DIVIDED - W/MEDIAN (NOT RAISED),NO CONTROLS,UNABLE TO DETERMINE,DRIVING SKILLS/KNOWLEDGE/EXPERIENCE,0,0,2,2,7,7,1,892,79TH ST,41.806752,-87.626687,01/02/2021 07:48:00 AM,2021
CR00002015,01/14/2018 03:36:00 PM,30,CLEAR,DAYLIGHT,REAR TO FRONT,NOT DIVIDED,STOP SIGN/FLASHER,DISTRACTION - FROM INSIDE VEHICLE,IMPROPER OVERTAKING/PASSING,0,0,1,1,15,1,1,301,47TH ST,41.803579,-87.769362,01/14/2018 05:01:00 PM,2018
CR00002016,04/04/2017 07:09:00 AM,30,RAIN,DAYLIGHT,PARKED MOTOR VEHICLE,ONE-WAY,UNKNOWN,UNABLE TO DETERMINE,FOLLOWING TOO CLOSELY,0,0,0,0,7,3,4,883,ELSTON AVE,41.988049,-87.618647,04/04/2017 09:06:00 AM,2017
CR00002017,03/11/2020 07:09:00 AM,15,CLEAR,DARKNESS,ANGLE,FOUR WAY,NO CONTROLS,FAILING TO REDUCE SPEED,NOT APPLICABLE,0,0,0,0,7,4,3,703,79TH ST,41.726512,-87.732863,03/11/2020 09:05:00 AM,2020
CR00002018,10/14/2020 01:01:00 PM,15,CLEAR,DAYLIGHT,SIDESWIPE SAME DIRECTION,ONE-WAY,NO CONTROLS,IMPROPER OVERTAKING/PASSING,NOT APPLICABLE,0,0,1,1,13,4,10,1734,47TH ST,41.937388,-87.558886,10/14/2020 01:35:00 PM,2020
CR00002019,10/22/2021 11:02:00 AM,40,CLOUDY/OVERCAST,DARKNESS - LIGHTED ROAD,ANGLE,DIVIDED - W/MEDIAN (NOT RAISED),TRAFFIC SIGNAL,FAILING TO YIELD RIGHT-OF-WAY,FAILING TO REDUCE SPEED,0,0,0,0,11,6,10,1163,KEDZIE AVE,41.706988,-87.545281,10/22/2021 12:24:00 PM,2021
CR00002020,05/25/2015 06:57:00 AM,25,CLEAR,DARKNESS - LIGHTED ROAD,ANGLE,ONE-WAY,TRAFFIC SIGNAL,DRIVING SKILLS/KNOWLEDGE/EXPERIENCE,NOT APPLICABLE,0,0,0,0,6,2,5,2190,CALIFORNIA AVE,41.888101,-87.725953,05/25/2015 08:41:00 AM,2015
CR00002021,03/01/2023 12:22:00 PM,30,CLEAR,DAYLIGHT,TURNING,FOUR WAY,NO CONTROLS,FAILING TO YIELD RIGHT-OF-WAY,DISTRACTION - FROM INSIDE VEHICLE,0,0,0,0,12,4,3,624,HALSTED ST,41.994761,-87.508174,03/01/2023 01:42:00 PM,2023
CR00002022,06/16/2024 04:01:00 PM,35,RAIN,DAYLIGHT,FIXED OBJECT,T-INTERSECTION,TRAFFIC SIGNAL,UNABLE TO DETERMINE,DISREGARDING TRAFFIC SIGNALS,0,0,1,1,16,1,6,2465,DIVISION ST,41.866804,-87.846807,06/16/2024 04:37:00 PM,2024
CR00002023,03/05/2015 08:32:00 AM,30,CLEAR,DARKNESS - LIGHTED ROAD,REAR TO FRONT,DIVIDED - W/MEDIAN (NOT RAISED),UNKNOWN,FOLLOWING TOO CLOSELY,DRIVING SKILLS/KNOWLEDGE/EXPERIENCE,0,0,0,0,8,5,3,790,47TH ST,41.798781,-87.584025,03/05/2015 10:06:00 AM,2015
CR00002024,05/21/2021 10:19:00 AM,45,CLOUDY/OVERCAST,DAYLIGHT,TURNING,NOT DIVIDED,NO CONTROLS,IMPROPER OVERTAKING/PASSING,UNABLE TO DETERMINE,0,0,0,0,10,6,5,2397,MICHIGAN AVE,41.913389,-87.807288,05/21/2021 11:18:00 AM,2021
CR00002025,08/07/2021 12:56:00 PM,15,RAIN,DAYLIGHT,PEDESTRIAN,NOT DIVIDED,NO CONTROLS,DISTRACTION - FROM INSIDE VEHICLE,DISREGARDING TRAFFIC SIGNALS,0,0,0,0,12,7,8,1713,LAKE SHORE DR,41.920625,-87.684019,08/07/2021 02:18:00 PM,2021
CR00002026,02/02/2015 09:35:00 PM,40,CLOUDY/OVERCAST,DAWN,TURNING,DIVIDED - W/MEDIAN (NOT RAISED),TRAFFIC SIGNAL,FAILING TO REDUCE SPEED,DISTRACTION - FROM INSIDE VEHICLE,0,0,0,0,21,2,2,711,FULLERTON AVE,41.85316,-87.669026,02/02/2015 11:20:00 PM,2015
CR00002027,12/28/2024 07:23:00 AM,25,CLEAR,DAYLIGHT,PEDESTRIAN,ONE-WAY,NO CONTROLS,WEATHER,WEATHER,0,0,0,0,7,7,12,553,OGDEN AVE,41.981778,-87.662821,12/28/2024 07:47:00 AM,2024
CR00002028,06/13/2017 07:15:00 AM,30,CLEAR,DARKNESS - LIGHTED ROAD,PEDESTRIAN,NOT DIVIDED,STOP SIGN/FLASHER,FAILING TO YIELD RIGHT-OF-WAY,IMPROPER OVERTAKING/PASSING,0,0,0,0,7,3,6,1777,79TH ST,41.71252,-87.535603,06/13/2017 08:21:00 AM,2017
CR00002029,07/21/2020 03:01:00 PM,30,CLEAR,DAYLIGHT,PEDESTRIAN,NOT DIVIDED,STOP SIGN/FLASHER,FOLLOWING TOO CLOSELY,NOT APPLICABLE,0,0,0,0,15,3,7,2454,LAKE SHORE DR,41.819767,-87.736618,07/21/2020 04:12:00 PM,2020
CR00002030,10/03/2018 07:05:00 AM,30,CLEAR,DARKNESS,PEDESTRIAN,DIVIDED - W/MEDIAN (NOT RAISED),STOP SIGN/FLASHER,DISTRACTION - FROM INSIDE VEHICLE,UNABLE TO DETERMINE,0,0,0,0,7,4,10,2160,47TH ST,41.890854,-87.821594,10/03/2018 08:07:00 AM,2018
CR00002031,12/25/2021 03:17:00 PM,20,CLOUDY/OVERCAST,DARKNESS - LIGHTED ROAD,SIDESWIPE SAME DIRECTION,ONE-WAY,TRAFFIC SIGNAL,FAILING TO REDUCE SPEED,NOT APPLICABLE,0,0,0,0,15,7,12,740,DAMEN AVE,41.837206,-87.753248,12/25/2021 04:45:00 PM,2021
CR00002032,12/23/2019 11:48:00 AM,45,CLEAR,DAYLIGHT,SIDESWIPE SAME DIRECTION,DIVIDED - W/MEDIAN (NOT RAISED),NO CONTROLS,FOLLOWING TOO CLOSELY,IMPROPER LANE USAGE,0,0,0,0,11,2,12,1764,ARCHER AVE,41.924458,-87.808764,12/23/2019 01:07:00 PM,2019
CR00002033,10/30/2023 11:04:00 AM,20,RAIN,DAYLIGHT,TURNING,ONE-WAY,STOP SIGN/FLASHER,FAILING TO YIELD RIGHT-OF-WAY,FOLLOWING TOO CLOSELY,0,0,0,0,11,2,10,132,PULASKI RD,41.933595,-87.697459,10/30/2023 12:58:00 PM,2023
CR00002034,05/06/2021 08:22:00 AM,35,CLEAR,DAYLIGHT,REAR END,T-INTERSECTION,UNKNOWN,FOLLOWING TOO CLOSELY,IMPROPER LANE USAGE,0,0,0,0,8,5,5,2047,79TH ST,41.945453,-87.828641,05/06/2021 08:37:00 AM,2021
CR00002035,03/03/2022 07:11:00 AM,45,CLEAR,DARKNESS - LIGHTED ROAD,TURNING,DIVIDED - W/MEDIAN (NOT RAISED),STOP SIGN/FLASHER,UNABLE TO DETERMINE,IMPROPER LANE USAGE,0,0,3,3,7,5,3,2229,IRVING PARK RD,41.937564,-87.774762,03/03/2022 08:50:00 AM,2022
CR00002036,11/06/2017 02:41:00 PM,40,CLEAR,DAYLIGHT,REAR END,NOT DIVIDED,NO CONTROLS,FOLLOWING TOO CLOSELY,DRIVING SKILLS/KNOWLEDGE/EXPERIENCE,0,0,0,0,14,2,11,120,CICERO AVE,41.986475,-87.568437,11/06/2017 04:33:00 PM,2017
CR00002037,05/27/2024 11:55:00 AM,40,CLEAR,DAYLIGHT,REAR TO FRONT,ONE-WAY,NO CONTROLS,FAILING TO YIELD RIGHT-OF-WAY,FOLLOWING TOO CLOSELY,0,0,0,0,11,2,5,1169,STATE ST,41.924325,-87.718845,05/27/2024 01:48:00 PM,2024
CR00002038,09/04/2019 01:22:00 AM,35,CLEAR,DAYLIGHT,REAR TO FRONT,DIVIDED - W/MEDIAN (NOT RAISED),STOP SIGN/FLASHER,FAILING TO REDUCE SPEED,UNABLE TO DETERMINE,0,0,0,0,1,4,9,2130,HALSTED ST,41.746272,-87.712467,09/04/2019 02:41:00 AM,2019
CR00002039,07/16/2015 05:21:00 PM,30,RAIN,DARKNESS - LIGHTED ROAD,REAR END,NOT DIVIDED,STOP SIGN/FLASHER,FAILING TO REDUCE SPEED,UNABLE TO DETERMINE,0,0,0,0,17,5,7,2273,ARCHER AVE,41.818526,-87.606133,07/16/2015 07:03:00 PM,2015
CR00002040,08/02/2019 02:47:00 PM,15,CLEAR,DAYLIGHT,TURNING,DIVIDED - W/MEDIAN (NOT RAISED),UNKNOWN,DISTRACTION - FROM INSIDE VEHICLE,NOT APPLICABLE,0,0,0,0,14,6,8,990,ELSTON AVE,41.90484,-87.568943,08/02/2019 03:34:00 PM,2019
CR00002041,10/04/2017 01:43:00 AM,20,CLEAR,DAYLIGHT,REAR END,DIVIDED - W/MEDIAN (NOT RAISED),NO CONTROLS,UNABLE TO DETERMINE,IMPROPER LANE USAGE,0,0,0,0,1,4,10,1618,BROADWAY,41.802055,-87.737991,10/04/2017 02:01:00 AM,2017
CR00002042,05/10/2020 05:32:00 PM,45,FREEZING RAIN/DRIZZLE,DAYLIGHT,ANGLE,DIVIDED - W/MEDIAN (NOT RAISED),NO CONTROLS,DISTRACTION - FROM INSIDE VEHICLE,NOT APPLICABLE,0,0,0,0,17,1,5,2404,47TH ST,41.924516,-87.849115,05/10/2020 06:44:00 PM,2020
CR00002043,05/21/2021 06:38:00 AM,25,RAIN,DARKNESS,FIXED OBJECT,NOT DIVIDED,NO CONTROLS,UNABLE TO DETERMINE,NOT APPLICABLE,0,0,0,0,6,6,5,1356,DIVISION ST,41.836825,-87.718874,05/21/2021 06:47:00 AM,2021
CR00002044,10/03/2023 07:21:00 AM,40,CLEAR,DARKNESS - LIGHTED ROAD,REAR TO FRONT,DIVIDED - W/MEDIAN BARRIER,YIELD,FOLLOWING TOO CLOSELY,DRIVING SKILLS/KNOWLEDGE/EXPERIENCE,0,0,0,0,7,3,10,1477,63RD ST,41.730093,-87.528821,10/03/2023 08:41:00 AM,2023
CR00002045,05/25/2021 03:17:00 PM,45,CLEAR,DARKNESS - LIGHTED ROAD,REAR END,DIVIDED - W/MEDIAN (NOT RAISED),TRAFFIC SIGNAL,FOLLOWING TOO CLOSELY,DISREGARDING TRAFFIC SIGNALS,0,0,0,0,15,3,5,1178,79TH ST,41.830312,-87.717268,05/25/2021 03:58:00 PM,2021
CR00002046,11/26/2023 06:13:00 PM,40,CLEAR,DARKNESS - LIGHTED ROAD,ANGLE,NOT DIVIDED,TRAFFIC SIGNAL,FAILING TO YIELD RIGHT-OF-WAY,NOT APPLICABLE,0,0,0,0,18,1,11,2408,STONY ISLAND AVE,41.791775,-87.505603,11/26/2023 07:09:00 PM,2023
CR00002047,07/30/2016 07:00:00 PM,30,CLEAR,DAYLIGHT,TURNING,NOT DIVIDED,TRAFFIC SIGNAL,IMPROPER LANE USAGE,IMPROPER OVERTAKING/PASSING,0,0,1,1,19,7,7,2011,ASHLAND AVE,41.846063,-87.518687,07/30/2016 08:29:00 PM,2016
CR00002048,07/28/2015 06:03:00 PM,35,CLEAR,DAWN,SIDESWIPE SAME DIRECTION,FOUR WAY,NO CONTROLS,FOLLOWING TOO CLOSELY,DISTRACTION - FROM INSIDE VEHICLE,0,0,0,0,18,3,7,393,63RD ST,41.984924,-87.624793,07/28/2015 07:03:00 PM,2015
CR00002049,12/10/2017 06:34:00 PM,40,CLEAR,DAYLIGHT,SIDESWIPE SAME DIRECTION,NOT DIVIDED,NO CONTROLS,FOLLOWING TOO CLOSELY,FOLLOWING TOO CLOSELY,0,0,0,0,18,1,12,2098,CLARK ST,41.751885,-87.520096,12/10/2017 07:34:00 PM,2017
CR00002050,01/26/2016 01:34:00 PM,30,CLEAR,DAYLIGHT,REAR END,ONE-WAY,TRAFFIC SIGNAL,FAILING TO YIELD RIGHT-OF-WAY,FAILING TO YIELD RIGHT-OF-WAY,0,0,0,0,13,3,1,2363,WESTERN AVE,41.89461,-87.686342,01/26/2016 02:54:00 PM,2016
CR00002051,05/09/2024 08:43:00 PM,45,CLEAR,DARKNESS - LIGHTED ROAD,TURNING,ONE-WAY,NO CONTROLS,DISTRACTION - FROM INSIDE VEHICLE,FAILING TO YIELD RIGHT-OF-WAY,0,0,0,0,20,5,5,1748,PULASKI RD,41.935727,-87.557164,05/09/2024 09:46:00 PM,2024
CR00002052,09/28/2016 08:57:00 PM,30,CLEAR,DAYLIGHT,SIDESWIPE SAME DIRECTION,NOT DIVIDED,TRAFFIC SIGNAL,UNABLE TO DETERMINE,FOLLOWING TOO CLOSELY,0,0,1,1,20,4,9,1740,FULLERTON AVE,41.823163,-87.766582,09/28/2016 10:32:00 PM,2016
CR00002053,12/27/2019 05:45:00 PM,35,CLOUDY/OVERCAST,DARKNESS,SIDESWIPE SAME DIRECTION,NOT DIVIDED,NO CONTROLS,DRIVING SKILLS/KNOWLEDGE/EXPERIENCE,FAILING TO YIELD RIGHT-OF-WAY,0,0,0,0,17,6,12,1408,FULLERTON AVE,41.91886,-87.677555,12/27/2019 07:01:00 PM,2019
CR00002054,10/24/2018 02:33:00 AM,35,CLEAR,DAYLIGHT,TURNING,NOT DIVIDED,NO CONTROLS,IMPROPER LANE USAGE,NOT APPLICABLE,0,0,0,0,2,4,10,1690,ASHLAND AVE,41.849794,-87.75081,10/24/2018 04:05:00 AM,2018
CR00002055,03/21/2015 04:29:00 AM,20,CLEAR,DUSK,REAR END,DIVIDED - W/MEDIAN (NOT RAISED),TRAFFIC SIGNAL,IMPROPER LANE USAGE,NOT APPLICABLE,0,0,0,0,4,7,3,1204,FULLERTON AVE,41.903341,-87.619331,03/21/2015 04:35:00 AM,2015
CR00002056,05/17/2015 03:34:00 PM,30,SNOW,DAYLIGHT,TURNING,DIVIDED - W/MEDIAN BARRIER,NO CONTROLS,UNABLE TO DETERMINE,DISREGARDING TRAFFIC SIGNALS,0,0,0,0,15,1,5,1595,FULLERTON AVE,41.879215,-87.519544,05/17/2015 04:15:00 PM,2015
CR00002057,02/02/2024 08:15:00 PM,35,CLEAR,DARKNESS,SIDESWIPE SAME DIRECTION,DIVIDED - W/MEDIAN (NOT RAISED),NO CONTROLS,FAILING TO YIELD RIGHT-OF-WAY,IMPROPER OVERTAKING/PASSING,0,0,0,0,20,6,2,1083,ARCHER AVE,41.931195,-87.526829,02/02/2024 09:10:00 PM,2024