CRASH_RECORD_ID,CRASH_DATE,POSTED_SPEED_LIMIT,WEATHER_CONDITION,LIGHTING_CONDITION,FIRST_CRASH_TYPE,TRAFFICWAY_TYPE,TRAFFIC_CONTROL_DEVICE,PRIM_CONTRIBUTORY_CAUSE,SEC_CONTRIBUTORY_CAUSE,INJURIES_FATAL,INJURIES_INCAPACITATING,INJURIES_NON_INCAPACITATING,INJURIES_TOTAL,CRASH_HOUR,CRASH_DAY_OF_WEEK,CRASH_MONTH,BEAT_OF_OCCURRENCE,STREET_NAME,LATITUDE,LONGITUDE,DATE_POLICE_NOTIFIED,year
CR00002058,11/10/2024 06:50:00 PM,15,CLEAR,DAYLIGHT,REAR END,ONE-WAY,TRAFFIC SIGNAL,UNABLE TO DETERMINE,FOLLOWING TOO CLOSELY,0,0,0,0,18,1,11,449,KEDZIE AVE,41.858156,-87.707368,11/10/2024 07:53:00 PM,2024
CR00002059,08/02/2017 09:22:00 PM,30,CLEAR,DARKNESS - LIGHTED ROAD,PARKED MOTOR VEHICLE,NOT DIVIDED,STOP SIGN/FLASHER,UNABLE TO DETERMINE,FAILING TO YIELD RIGHT-OF-WAY,0,0,1,1,21,4,8,1759,63RD ST,41.781631,-87.833505,08/02/2017 10:22:00 PM,2017
CR00002060,07/10/2017 11:30:00 AM,20,CLOUDY/OVERCAST,DAYLIGHT,ANGLE,NOT DIVIDED,NO CONTROLS,FAILING TO REDUCE SPEED,WEATHER,0,0,0,0,11,2,7,145,63RD ST,41.918154,-87.705084,07/10/2017 01:09:00 PM,2017
CR00002061,07/31/2015 02:43:00 PM,30,RAIN,DAYLIGHT,TURNING,NOT DIVIDED,TRAFFIC SIGNAL,UNABLE TO DETERMINE,NOT APPLICABLE,0,0,0,0,14,6,7,1503,STONY ISLAND AVE,41.941378,-87.579037,07/31/2015 03:39:00 PM,2015
CR00002062,07/04/2022 01:15:00 PM,40,FOG/SMOKE/HAZE,DARKNESS - LIGHTED ROAD,TURNING,DIVIDED - W/MEDIAN (NOT RAISED),STOP SIGN/FLASHER,UNABLE TO DETERMINE,UNABLE TO DETERMINE,0,0,1,1,13,2,7,617,63RD ST,41.912263,-87.570028,07/04/2022 01:34:00 PM,2022
CR00002063,06/10/2016 08:50:00 AM,20,CLEAR,DARKNESS - LIGHTED ROAD,ANGLE,FOUR WAY,TRAFFIC SIGNAL,IMPROPER LANE USAGE,NOT APPLICABLE,0,0,1,1,8,6,6,701,MILWAUKEE AVE,41.796681,-87.794327,06/10/2016 09:39:00 AM,2016
CR00002064,01/31/2024 05:55:00 PM,30,RAIN,DARKNESS - LIGHTED ROAD,SIDESWIPE SAME DIRECTION,DIVIDED - W/MEDIAN (NOT RAISED),TRAFFIC SIGNAL,FAILING TO REDUCE SPEED,UNABLE TO DETERMINE,0,0,0,0,17,4,1,840,ARCHER AVE,41.993024,-87.584427,01/31/2024 06:53:00 PM,2024
CR00002065,09/12/2022 10:20:00 PM,40,SNOW,DAWN,FIXED OBJECT,DIVIDED - W/MEDIAN (NOT RAISED),NO CONTROLS,UNABLE TO DETERMINE,FAILING TO YIELD RIGHT-OF-WAY,0,0,0,0,22,2,9,1943,KEDZIE AVE,41.97736,-87.811719,09/12/2022 10:33:00 PM,2022
CR00002066,09/24/2020 01:43:00 AM,40,CLEAR,DARKNESS,PARKED MOTOR VEHICLE,NOT DIVIDED,TRAFFIC SIGNAL,DISREGARDING TRAFFIC SIGNALS,FAILING TO YIELD RIGHT-OF-WAY,0,0,0,0,1,5,9,2201,CLARK ST,41.717382,-87.656584,09/24/2020 03:06:00 AM,2020
CR00002067,10/02/2023 06:34:00 AM,30,CLEAR,DARKNESS,REAR END,NOT DIVIDED,NO CONTROLS,UNABLE TO DETERMINE,FOLLOWING TOO CLOSELY,0,0,0,0,6,2,10,2239,MICHIGAN AVE,41.783837,-87.676171,10/02/2023 06:45:00 AM,2023
CR00002068,03/23/2017 09:20:00 AM,35,CLEAR,DARKNESS - LIGHTED ROAD,REAR END,DIVIDED - W/MEDIAN (NOT RAISED),NO CONTROLS,UNABLE TO DETERMINE,UNABLE TO DETERMINE,0,0,0,0,9,5,3,2181,LAKE SHORE DR,41.7179,-87.815894,03/23/2017 09:44:00 AM,2017
CR00002069,11/07/2024 08:25:00 PM,35,CLEAR,DAYLIGHT,ANGLE,NOT DIVIDED,PEDESTRIAN CROSSING SIGN,IMPROPER OVERTAKING/PASSING,FAILING TO YIELD RIGHT-OF-WAY,0,0,3,3,20,5,11,691,ROOSEVELT RD,41.70317,-87.702374,11/07/2024 09:51:00 PM,2024
CR00002070,10/08/2021 12:00:00 PM,35,CLEAR,DAYLIGHT,ANGLE,NOT DIVIDED,NO CONTROLS,FOLLOWING TOO CLOSELY,DRIVING SKILLS/KNOWLEDGE/EXPERIENCE,0,0,0,0,12,6,10,2244,OGDEN AVE,41.896262,-87.608835,10/08/2021 12:09:00 PM,2021
CR00002071,06/05/2019 04:03:00 PM,30,CLEAR,DAYLIGHT,FIXED OBJECT,NOT DIVIDED,TRAFFIC SIGNAL,FOLLOWING TOO CLOSELY,DISTRACTION - FROM INSIDE VEHICLE,0,0,0,0,16,4,6,1445,BROADWAY,41.730893,-87.713524,06/05/2019 05:17:00 PM,2019
CR00002072,11/17/2017 05:27:00 PM,15,CLEAR,DARKNESS,FIXED OBJECT,T-INTERSECTION,NO CONTROLS,IMPROPER LANE USAGE,FAILING TO REDUCE SPEED,0,0,0,0,17,6,11,183,BROADWAY,41.732756,-87.635494,11/17/2017 06:19:00 PM,2017
CR00002073,10/19/2023 09:50:00 AM,30,SNOW,DAYLIGHT,PEDESTRIAN,FOUR WAY,TRAFFIC SIGNAL,FAILING TO REDUCE SPEED,UNABLE TO DETERMINE,0,0,2,2,9,5,10,605,ELSTON AVE,41.893552,-87.769686,10/19/2023 10:07:00 AM,2023
CR00002074,10/11/2015 07:55:00 PM,25,RAIN,DAYLIGHT,TURNING,NOT DIVIDED,TRAFFIC SIGNAL,FOLLOWING TOO CLOSELY,UNABLE TO DETERMINE,0,0,0,0,19,1,10,582,MILWAUKEE AVE,41.87216,-87.78426,10/11/2015 09:05:00 PM,2015
CR00002075,10/07/2017 04:38:00 AM,30,CLEAR,DAYLIGHT,REAR END,NOT DIVIDED,NO CONTROLS,UNABLE TO DETERMINE,FAILING TO YIELD RIGHT-OF-WAY,0,0,0,0,4,7,10,2440,ROOSEVELT RD,41.970398,-87.594981,10/07/2017 06:18:00 AM,2017
CR00002076,06/27/2023 01:35:00 AM,15,CLEAR,DARKNESS - LIGHTED ROAD,SIDESWIPE SAME DIRECTION,NOT DIVIDED,PEDESTRIAN CROSSING SIGN,FAILING TO YIELD RIGHT-OF-WAY,DRIVING SKILLS/KNOWLEDGE/EXPERIENCE,0,0,0,0,1,3,6,1045,IRVING PARK RD,41.836649,-87.572566,06/27/2023 02:41:00 AM,2023
CR00002077,08/24/2020 10:19:00 PM,35,CLEAR,DAYLIGHT,SIDESWIPE SAME DIRECTION,DIVIDED - W/MEDIAN (NOT RAISED),NO CONTROLS,IMPROPER OVERTAKING/PASSING,FOLLOWING TOO CLOSELY,0,0,0,0,22,2,8,1484,STATE ST,41.951759,-87.626428,08/24/2020 10:20:00 PM,2020
CR00002078,03/26/2019 04:13:00 PM,25,CLOUDY/OVERCAST,DAYLIGHT,SIDESWIPE SAME DIRECTION,NOT DIVIDED,YIELD,UNABLE TO DETERMINE,UNABLE TO DETERMINE,0,0,0,0,16,3,3,2324,MICHIGAN AVE,41.911806,-87.807259,03/26/2019 06:06:00 PM,2019
CR00002079,02/14/2017 05:36:00 AM,35,RAIN,DARKNESS - LIGHTED ROAD,REAR END,NOT DIVIDED,TRAFFIC SIGNAL,WEATHER,NOT APPLICABLE,0,0,0,0,5,3,2,1958,ASHLAND AVE,41.853968,-87.627825,02/14/2017 07:07:00 AM,2017
CR00002080,07/11/2020 03:05:00 PM,45,CLEAR,DAYLIGHT,REAR END,NOT DIVIDED,UNKNOWN,FAILING TO YIELD RIGHT-OF-WAY,UNABLE TO DETERMINE,0,1,2,3,15,7,7,1451,CICERO AVE,41.850095,-87.532356,07/11/2020 05:00:00 PM,2020
CR00002081,05/26/2019 09:34:00 AM,40,CLEAR,DAYLIGHT,REAR TO FRONT,ONE-WAY,TRAFFIC SIGNAL,WEATHER,NOT APPLICABLE,0,0,3,3,9,1,5,1753,CALIFORNIA AVE,41.796228,-87.766326,05/26/2019 10:24:00 AM,2019
CR00002082,03/18/2020 06:27:00 PM,45,CLOUDY/OVERCAST,DAYLIGHT,FIXED OBJECT,FOUR WAY,STOP SIGN/FLASHER,UNABLE TO DETERMINE,NOT APPLICABLE,0,1,1,2,18,4,3,427,79TH ST,41.982523,-87.620381,03/18/2020 07:59:00 PM,2020
CR00002083,07/21/2023 03:48:00 PM,35,CLOUDY/OVERCAST,DUSK,PEDESTRIAN,DIVIDED - W/MEDIAN (NOT RAISED),TRAFFIC SIGNAL,DISREGARDING TRAFFIC SIGNALS,IMPROPER OVERTAKING/PASSING,0,0,0,0,15,6,7,1181,MILWAUKEE AVE,41.768294,-87.788034,07/21/2023 05:03:00 PM,2023
CR00002084,04/21/2016 08:00:00 PM,45,CLEAR,DARKNESS,TURNING,DIVIDED - W/MEDIAN BARRIER,NO CONTROLS,UNABLE TO DETERMINE,DRIVING SKILLS/KNOWLEDGE/EXPERIENCE,0,0,0,0,20,5,4,479,ARCHER AVE,41.784272,-87.663335,04/21/2016 08:06:00 PM,2016
CR00002085,05/05/2019 01:54:00 AM,45,FREEZING RAIN/DRIZZLE,DARKNESS - LIGHTED ROAD,TURNING,ONE-WAY,UNKNOWN,FOLLOWING TOO CLOSELY,NOT APPLICABLE,0,0,0,0,1,1,5,2055,DAMEN AVE,41.786853,-87.680723,05/05/2019 02:53:00 AM,2019
CR00002086,04/30/2024 07:06:00 AM,35,CLEAR,DAYLIGHT,TURNING,NOT DIVIDED,STOP SIGN/FLASHER,DISREGARDING TRAFFIC SIGNALS,FAILING TO YIELD RIGHT-OF-WAY,0,0,0,0,7,3,4,1813,MILWAUKEE AVE,41.845235,-87.50237,04/30/2024 08:07:00 AM,2024
CR00002087,03/04/2020 07:32:00 AM,45,CLEAR,DAYLIGHT,ANGLE,DIVIDED - W/MEDIAN (NOT RAISED),NO CONTROLS,FAILING TO REDUCE SPEED,UNABLE TO DETERMINE,0,0,0,0,7,4,3,932,FULLERTON AVE,41.836775,-87.791753,03/04/2020 09:00:00 AM,2020
CR00002088,02/12/2015 05:32:00 PM,35,CLEAR,DAYLIGHT,TURNING,DIVIDED - W/MEDIAN BARRIER,STOP SIGN/FLASHER,DISREGARDING TRAFFIC SIGNALS,IMPROPER LANE USAGE,0,0,0,0,17,5,2,845,79TH ST,41.905584,-87.665051,02/12/2015 06:17:00 PM,2015
CR00002089,01/19/2023 01:04:00 PM,35,CLEAR,DARKNESS - LIGHTED ROAD,REAR TO FRONT,DIVIDED - W/MEDIAN (NOT RAISED),TRAFFIC SIGNAL,IMPROPER OVERTAKING/PASSING,IMPROPER OVERTAKING/PASSING,0,0,0,0,13,5,1,1634,CALIFORNIA AVE,41.739665,-87.706582,01/19/2023 02:15:00 PM,2023
CR00002090,06/17/2015 07:41:00 PM,35,CLEAR,DARKNESS - LIGHTED ROAD,TURNING,FOUR WAY,NO CONTROLS,DISREGARDING TRAFFIC SIGNALS,NOT APPLICABLE,0,0,0,0,19,4,6,1918,CICERO AVE,41.8695,-87.561105,06/17/2015 08:00:00 PM,2015
CR00002091,07/07/2022 08:05:00 PM,20,CLEAR,DARKNESS - LIGHTED ROAD,PARKED MOTOR VEHICLE,DIVIDED - W/MEDIAN (NOT RAISED),NO CONTROLS,UNABLE TO DETERMINE,DISTRACTION - FROM INSIDE VEHICLE,0,0,0,0,20,5,7,233,DAMEN AVE,41.831341,-87.766573,07/07/2022 08:51:00 PM,2022
CR00002092,01/19/2021 05:58:00 PM,30,CLEAR,DAYLIGHT,REAR END,FOUR WAY,STOP SIGN/FLASHER,UNABLE TO DETERMINE,FOLLOWING TOO CLOSELY,0,0,0,0,17,3,1,1246,BROADWAY,41.760515,-87.76886,01/19/2021 07:26:00 PM,2021
CR00002093,04/03/2015 08:25:00 PM,30,SNOW,DAYLIGHT,TURNING,FOUR WAY,TRAFFIC SIGNAL,DISTRACTION - FROM INSIDE VEHICLE,UNABLE TO DETERMINE,0,0,2,2,20,6,4,881,MILWAUKEE AVE,41.8698,-87.508991,04/03/2015 09:56:00 PM,2015
CR00002094,11/28/2019 04:56:00 PM,25,CLEAR,DAYLIGHT,SIDESWIPE SAME DIRECTION,ONE-WAY,UNKNOWN,UNABLE TO DETERMINE,UNABLE TO DETERMINE,0,0,0,0,16,5,11,1666,STATE ST,41.933558,-87.640425,11/28/2019 05:08:00 PM,2019
CR00002095,11/05/2017 03:56:00 PM,40,CLEAR,DAYLIGHT,REAR END,DIVIDED - W/MEDIAN (NOT RAISED),TRAFFIC SIGNAL,FOLLOWING TOO CLOSELY,NOT APPLICABLE,0,0,1,1,15,1,11,686,OGDEN AVE,41.773623,-87.809243,11/05/2017 05:11:00 PM,2017
CR00002096,12/30/2023 12:20:00 AM,25,CLEAR,DAYLIGHT,REAR END,ONE-WAY,STOP SIGN/FLASHER,FAILING TO YIELD RIGHT-OF-WAY,DRIVING SKILLS/KNOWLEDGE/EXPERIENCE,0,0,0,0,0,7,12,2271,79TH ST,41.83322,-87.583954,12/30/2023 12:59:00 AM,2023
CR00002097,01/04/2020 04:25:00 PM,25,CLEAR,DAYLIGHT,SIDESWIPE SAME DIRECTION,NOT DIVIDED,TRAFFIC SIGNAL,UNABLE TO DETERMINE,NOT APPLICABLE,0,0,0,0,16,7,1,481,DIVISION ST,41.754128,-87.76996,01/04/2020 05:41:00 PM,2020
CR00002098,01/16/2023 11:35:00 AM,45,SNOW,DAYLIGHT,ANGLE,ONE-WAY,STOP SIGN/FLASHER,DRIVING SKILLS/KNOWLEDGE/EXPERIENCE,WEATHER,0,0,0,0,11,2,1,2082,STONY ISLAND AVE,41.824412,-87.776903,01/16/2023 12:51:00 PM,2023
CR00002099,12/06/2024 03:31:00 PM,25,CLEAR,DARKNESS - LIGHTED ROAD,TURNING,DIVIDED - W/MEDIAN (NOT RAISED),NO CONTROLS,IMPROPER LANE USAGE,NOT APPLICABLE,0,0,0,0,15,6,12,563,LAKE SHORE DR,41.939274,-87.823299,12/06/2024 05:14:00 PM,2024
CR00002100,06/23/2022 04:25:00 PM,25,CLEAR,DARKNESS - LIGHTED ROAD,ANGLE,NOT DIVIDED,TRAFFIC SIGNAL,UNABLE TO DETERMINE,UNABLE TO DETERMINE,0,0,0,0,16,5,6,1427,CICERO AVE,41.734457,-87.84708,06/23/2022 04:50:00 PM,2022
CR00002101,11/13/2022 02:11:00 AM,15,CLEAR,DARKNESS,REAR END,DIVIDED - W/MEDIAN BARRIER,UNKNOWN,DISTRACTION - FROM INSIDE VEHICLE,DISREGARDING TRAFFIC SIGNALS,0,0,0,0,2,1,11,114,CICERO AVE,41.793666,-87.610329,11/13/2022 02:31:00 AM,2022
CR00002102,02/10/2023 03:23:00 PM,40,CLEAR,DARKNESS - LIGHTED ROAD,REAR END,FOUR WAY,UNKNOWN,UNABLE TO DETERMINE,UNABLE TO DETERMINE,0,0,0,0,15,6,2,1202,BROADWAY,41.984135,-87.826612,02/10/2023 03:59:00 PM,2023
CR00002103,08/28/2019 07:55:00 AM,30,CLEAR,DAYLIGHT,FIXED OBJECT,DIVIDED - W/MEDIAN BARRIER,STOP SIGN/FLASHER,IMPROPER OVERTAKING/PASSING,FOLLOWING TOO CLOSELY,0,0,0,0,7,4,8,1229,STONY ISLAND AVE,41.89507,-87.843733,08/28/2019 08:08:00 AM,2019
CR00002104,04/03/2024 03:14:00 AM,30,CLEAR,DAYLIGHT,ANGLE,DIVIDED - W/MEDIAN (NOT RAISED),TRAFFIC SIGNAL,IMPROPER OVERTAKING/PASSING,UNABLE TO DETERMINE,0,0,1,1,3,4,4,1074,47TH ST,41.787706,-87.660001,04/03/2024 04:58:00 AM,2024
CR00002105,03/24/2021 08:25:00 AM,20,CLEAR,DAYLIGHT,TURNING,FOUR WAY,NO CONTROLS,UNABLE TO DETERMINE,UNABLE TO DETERMINE,0,0,0,0,8,4,3,1743,LAKE SHORE DR,41.893279,-87.700814,03/24/2021 10:07:00 AM,2021
CR00002106,11/06/2015 09:47:00 AM,35,CLEAR,DAYLIGHT,TURNING,NOT DIVIDED,UNKNOWN,UNABLE TO DETERMINE,IMPROPER LANE USAGE,0,0,0,0,9,6,11,1870,LAKE SHORE DR,41.802672,-87.603707,11/06/2015 11:07:00 AM,2015
CR00002107,10/31/2021 03:42:00 PM,25,CLEAR,DAYLIGHT,ANGLE,NOT DIVIDED,STOP SIGN/FLASHER,DISREGARDING TRAFFIC SIGNALS,DISREGARDING TRAFFIC SIGNALS,0,0,0,0,15,1,10,1545,HALSTED ST,41.885228,-87.727361,10/31/2021 04:56:00 PM,2021
CR00002108,09/02/2017 08:45:00 AM,30,RAIN,DARKNESS - LIGHTED ROAD,REAR END,T-INTERSECTION,TRAFFIC SIGNAL,IMPROPER LANE USAGE,FOLLOWING TOO CLOSELY,0,0,0,0,8,7,9,2170,STONY ISLAND AVE,41.869531,-87.555378,09/02/2017 10:32:00 AM,2017
CR00002109,08/27/2021 06:21:00 AM,30,CLEAR,DAYLIGHT,TURNING,NOT DIVIDED,STOP SIGN/FLASHER,DISTRACTION - FROM INSIDE VEHICLE,IMPROPER OVERTAKING/PASSING,0,0,0,0,6,6,8,441,CLARK ST,41.981373,-87.532006,08/27/2021 08:19:00 AM,2021
CR00002110,09/29/2021 07:01:00 AM,30,CLEAR,DAYLIGHT,ANGLE,DIVIDED - W/MEDIAN (NOT RAISED),NO CONTROLS,IMPROPER LANE USAGE,FAILING TO YIELD RIGHT-OF-WAY,0,0,2,2,7,4,9,749,BROADWAY,41.790811,-87.549276,09/29/2021 08:43:00 AM,2021
CR00002111,06/17/2016 11:38:00 AM,25,CLEAR,DARKNESS - LIGHTED ROAD,ANGLE,ONE-WAY,UNKNOWN,IMPROPER OVERTAKING/PASSING,FOLLOWING TOO CLOSELY,0,0,0,0,11,6,6,1878,47TH ST,41.977703,-87.766793,06/17/2016 11:47:00 AM,2016
CR00002112,11/08/2023 02:30:00 PM,30,CLEAR,DARKNESS - LIGHTED ROAD,TURNING,NOT DIVIDED,STOP SIGN/FLASHER,IMPROPER OVERTAKING/PASSING,DRIVING SKILLS/KNOWLEDGE/EXPERIENCE,0,0,0,0,14,4,11,2129,STONY ISLAND AVE,41.925449,-87.746027,11/08/2023 03:52:00 PM,2023
CR00002113,10/08/2021 12:23:00 PM,30,CLEAR,DARKNESS - LIGHTED ROAD,FIXED OBJECT,FOUR WAY,NO CONTROLS,UNABLE TO DETERMINE,IMPROPER LANE USAGE,0,0,0,0,12,6,10,2440,PULASKI RD,41.801268,-87.707865,10/08/2021 01:55:00 PM,2021
CR00002114,07/22/2023 09:14:00 PM,25,CLEAR,DARKNESS - LIGHTED ROAD,PARKED MOTOR VEHICLE,DIVIDED - W/MEDIAN (NOT RAISED),NO CONTROLS,DISTRACTION - FROM INSIDE VEHICLE,UNABLE TO DETERMINE,0,0,0,0,21,7,7,304,FULLERTON AVE,41.860182,-87.843433,07/22/2023 09:52:00 PM,2023
CR00002115,03/21/2018 12:38:00 AM,35,CLEAR,DAYLIGHT,REAR END,DIVIDED - W/MEDIAN (NOT RAISED),TRAFFIC SIGNAL,FAILING TO REDUCE SPEED,WEATHER,0,0,0,0,0,4,3,666,HALSTED ST,41.909701,-87.680975,03/21/2018 01:40:00 AM,2018
CR00002116,02/08/2019 09:38:00 AM,30,CLEAR,DARKNESS - LIGHTED ROAD,REAR TO FRONT,NOT DIVIDED,UNKNOWN,FOLLOWING TOO CLOSELY,NOT APPLICABLE,0,0,0,0,9,6,2,340,ASHLAND AVE,41.709916,-87.705593,02/08/2019 10:55:00 AM,2019
CR00002117,08/12/2022 11:09:00 AM,35,CLEAR,DAYLIGHT,TURNING,NOT DIVIDED,NO CONTROLS,FOLLOWING TOO CLOSELY,IMPROPER OVERTAKING/PASSING,0,0,0,0,11,6,8,1444,DAMEN AVE,41.73262,-87.601239,08/12/2022 12:46:00 PM,2022
CR00002118,05/30/2021 08:00:00 PM,30,RAIN,DARKNESS - LIGHTED ROAD,REAR TO FRONT,NOT DIVIDED,TRAFFIC SIGNAL,FOLLOWING TOO CLOSELY,UNABLE TO DETERMINE,0,0,1,1,20,1,5,746,FULLERTON AVE,41.975522,-87.570985,05/30/2021 08:28:00 PM,2021
CR00002119,01/15/2021 05:15:00 PM,35,CLEAR,DAYLIGHT,TURNING,NOT DIVIDED,STOP SIGN/FLASHER,UNABLE TO DETERMINE,NOT APPLICABLE,0,0,1,1,17,6,1,791,STONY ISLAND AVE,41.884937,-87.610463,01/15/2021 07:12:00 PM,2021
CR00002120,11/02/2019 08:58:00 PM,35,CLEAR,DAYLIGHT,REAR END,DIVIDED - W/MEDIAN BARRIER,NO CONTROLS,UNABLE TO DETERMINE,IMPROPER LANE USAGE,0,0,0,0,20,7,11,2405,WESTERN AVE,41.790358,-87.594992,11/02/2019 09:29:00 PM,2019
CR00002121,06/11/2021 02:45:00 AM,30,CLEAR,DAYLIGHT,ANGLE,ONE-WAY,NO CONTROLS,DISREGARDING TRAFFIC SIGNALS,FAILING TO REDUCE SPEED,0,1,2,3,2,6,6,1430,MILWAUKEE AVE,41.720266,-87.555751,06/11/2021 03:25:00 AM,2021
CR00002122,11/30/2017 06:03:00 PM,35,RAIN,DARKNESS - LIGHTED ROAD,PARKED MOTOR VEHICLE,NOT DIVIDED,UNKNOWN,FAILING TO REDUCE SPEED,DISREGARDING TRAFFIC SIGNALS,0,0,0,0,18,5,11,350,ROOSEVELT RD,41.785242,-87.625546,11/30/2017 06:19:00 PM,2017
CR00002123,11/09/2019 02:23:00 PM,45,CLEAR,DARKNESS - LIGHTED ROAD,REAR END,NOT DIVIDED,TRAFFIC SIGNAL,UNABLE TO DETERMINE,DISREGARDING TRAFFIC SIGNALS,0,0,3,3,14,7,11,2516,STONY ISLAND AVE,41.758936,-87.515415,11/09/2019 03:51:00 PM,2019
CR00002124,11/15/2023 06:22:00 PM,35,CLEAR,DAYLIGHT,ANGLE,NOT DIVIDED,NO CONTROLS,FOLLOWING TOO CLOSELY,UNABLE TO DETERMINE,0,0,0,0,18,4,11,2071,MICHIGAN AVE,41.840643,-87.60713,11/15/2023 07:05:00 PM,2023
CR00002125,02/09/2018 11:15:00 AM,30,CLEAR,DAYLIGHT,REAR END,NOT DIVIDED,NO CONTROLS,FOLLOWING TOO CLOSELY,WEATHER,0,0,0,0,11,6,2,2048,STATE ST,41.951477,-87.777133,02/09/2018 11:39:00 AM,2018
CR00002126,03/30/2015 05:36:00 PM,15,CLEAR,DAYLIGHT,TURNING,NOT DIVIDED,TRAFFIC SIGNAL,UNABLE TO DETERMINE,FAILING TO YIELD RIGHT-OF-WAY,0,0,0,0,17,2,3,297,HALSTED ST,41.757263,-87.563374,03/30/2015 05:57:00 PM,2015
CR00002127,10/15/2017 10:08:00 PM,30,CLEAR,DAYLIGHT,ANGLE,ONE-WAY,NO CONTROLS,IMPROPER LANE USAGE,FOLLOWING TOO CLOSELY,0,0,0,0,22,1,10,314,STATE ST,41.945656,-87.679384,10/15/2017 10:20:00 PM,2017
CR00002128,09/14/2016 07:57:00 AM,35,CLEAR,DAYLIGHT,REAR END,FOUR WAY,STOP SIGN/FLASHER,UNABLE TO DETERMINE,FAILING TO YIELD RIGHT-OF-WAY,0,0,0,0,7,4,9,1624,CICERO AVE,41.906123,-87.745296,09/14/2016 08:41:00 AM,2016
CR00002129,06/23/2016 11:14:00 AM,40,CLEAR,DARKNESS - LIGHTED ROAD,REAR END,NOT DIVIDED,UNKNOWN,FAILING TO YIELD RIGHT-OF-WAY,NOT APPLICABLE,0,0,0,0,11,5,6,187,ARCHER AVE,41.943798,-87.520517,06/23/2016 12:53:00 PM,2016
CR00002130,01/09/2023 07:14:00 PM,20,RAIN,DARKNESS,ANGLE,NOT DIVIDED,TRAFFIC SIGNAL,FAILING TO REDUCE SPEED,IMPROPER OVERTAKING/PASSING,0,0,0,0,19,2,1,1386,ARCHER AVE,41.793018,-87.513651,01/09/2023 09:14:00 PM,2023
CR00002131,07/25/2020 07:57:00 AM,35,CLEAR,DUSK,TURNING,NOT DIVIDED,NO CONTROLS,DISTRACTION - FROM INSIDE VEHICLE,DISTRACTION - FROM INSIDE VEHICLE,0,2,1,3,7,7,7,2297,63RD ST,41.994198,-87.706647,07/25/2020 08:00:00 AM,2020
CR00002132,02/02/2019 06:27:00 PM,35,CLEAR,DAYLIGHT,SIDESWIPE SAME DIRECTION,NOT DIVIDED,NO CONTROLS,UNABLE TO DETERMINE,UNABLE TO DETERMINE,0,0,0,0,18,7,2,1387,DIVISION ST,41.739427,-87.5441,02/02/2019 06:28:00 PM,2019
CR00002133,04/22/2021 06:24:00 PM,35,CLEAR,DAYLIGHT,SIDESWIPE SAME DIRECTION,NOT DIVIDED,STOP SIGN/FLASHER,UNABLE TO DETERMINE,FAILING TO REDUCE SPEED,0,0,0,0,18,5,4,1830,WESTERN AVE,41.80755,-87.621754,04/22/2021 07:41:00 PM,2021
CR00002134,08/31/2020 02:47:00 AM,30,FOG/SMOKE/HAZE,DUSK,TURNING,DIVIDED - W/MEDIAN BARRIER,NO CONTROLS,UNABLE TO DETERMINE,DISREGARDING TRAFFIC SIGNALS,0,0,0,0,2,2,8,986,DIVISION ST,41.711383,-87.834554,08/31/2020 04:45:00 AM,2020
CR00002135,09/01/2016 03:53:00 PM,30,CLEAR,DAYLIGHT,TURNING,FOUR WAY,NO CONTROLS,FAILING TO YIELD RIGHT-OF-WAY,FOLLOWING TOO CLOSELY,0,0,0,0,15,5,9,2372,OGDEN AVE,41.850251,-87.815643,09/01/2016 05:10:00 PM,2016
CR00002136,04/11/2016 01:32:00 PM,30,CLEAR,DARKNESS - LIGHTED ROAD,REAR END,DIVIDED - W/MEDIAN (NOT RAISED),STOP SIGN/FLASHER,UNABLE TO DETERMINE,DISTRACTION - FROM INSIDE VEHICLE,0,0,0,0,13,2,4,2521,BROADWAY,41.860697,-87.72669,04/11/2016 02:40:00 PM,2016
CR00002137,09/30/2018 01:48:00 PM,40,CLEAR,DAYLIGHT,ANGLE,NOT DIVIDED,UNKNOWN,IMPROPER OVERTAKING/PASSING,UNABLE TO DETERMINE,0,0,0,0,13,1,9,107,ROOSEVELT RD,41.927599,-87.716932,09/30/2018 02:11:00 PM,2018
CR00002138,02/27/2022 04:07:00 PM,30,CLEAR,DAYLIGHT,TURNING,DIVIDED - W/MEDIAN (NOT RAISED),NO CONTROLS,UNABLE TO DETERMINE,IMPROPER OVERTAKING/PASSING,0,0,0,0,16,1,2,2212,MICHIGAN AVE,41.983092,-87.748366,02/27/2022 04:27:00 PM,2022
CR00002139,02/26/2023 07:45:00 PM,45,RAIN,DARKNESS - LIGHTED ROAD,ANGLE,DIVIDED - W/MEDIAN (NOT RAISED),NO CONTROLS,DISTRACTION - FROM INSIDE VEHICLE,FOLLOWING TOO CLOSELY,0,1,3,4,19,1,2,1519,CLARK ST,41.833033,-87.540492,02/26/2023 09:23:00 PM,2023