CRASH_RECORD_ID,CRASH_DATE,POSTED_SPEED_LIMIT,WEATHER_CONDITION,LIGHTING_CONDITION,FIRST_CRASH_TYPE,TRAFFICWAY_TYPE,TRAFFIC_CONTROL_DEVICE,PRIM_CONTRIBUTORY_CAUSE,SEC_CONTRIBUTORY_CAUSE,INJURIES_FATAL,INJURIES_INCAPACITATING,INJURIES_NON_INCAPACITATING,INJURIES_TOTAL,CRASH_HOUR,CRASH_DAY_OF_WEEK,CRASH_MONTH,BEAT_OF_OCCURRENCE,STREET_NAME,LATITUDE,LONGITUDE,DATE_POLICE_NOTIFIED,year
CR00002140,10/24/2021 04:13:00 PM,30,RAIN,DAYLIGHT,TURNING,DIVIDED - W/MEDIAN (NOT RAISED),TRAFFIC SIGNAL,DRIVING SKILLS/KNOWLEDGE/EXPERIENCE,DISREGARDING TRAFFIC SIGNALS,0,0,0,0,16,1,10,1811,CALIFORNIA AVE,41.96751,-87.758926,10/24/2021 05:15:00 PM,2021
CR00002141,03/07/2019 04:55:00 AM,35,CLEAR,DAYLIGHT,TURNING,NOT DIVIDED,TRAFFIC SIGNAL,DISTRACTION - FROM INSIDE VEHICLE,IMPROPER LANE USAGE,0,0,0,0,4,5,3,1596,BROADWAY,41.928858,-87.537375,03/07/2019 05:06:00 AM,2019
CR00002142,04/28/2017 10:15:00 AM,15,CLEAR,DAYLIGHT,ANGLE,DIVIDED - W/MEDIAN (NOT RAISED),TRAFFIC SIGNAL,FOLLOWING TOO CLOSELY,WEATHER,0,1,1,2,10,6,4,976,MICHIGAN AVE,41.876571,-87.798708,04/28/2017 11:48:00 AM,2017
CR00002143,08/23/2023 03:45:00 PM,20,CLEAR,DARKNESS - LIGHTED ROAD,FIXED OBJECT,ONE-WAY,TRAFFIC SIGNAL,UNABLE TO DETERMINE,IMPROPER LANE USAGE,0,0,0,0,15,4,8,758,DAMEN AVE,41.938381,-87.84355,08/23/2023 04:11:00 PM,2023
CR00002144,03/17/2016 12:18:00 PM,25,CLEAR,DARKNESS,REAR END,NOT DIVIDED,TRAFFIC SIGNAL,FOLLOWING TOO CLOSELY,FOLLOWING TOO CLOSELY,0,0,0,0,12,5,3,1415,WESTERN AVE,41.901989,-87.845585,03/17/2016 12:32:00 PM,2016
CR00002145,05/19/2022 03:21:00 AM,15,SNOW,DARKNESS - LIGHTED ROAD,PARKED MOTOR VEHICLE,ONE-WAY,NO CONTROLS,IMPROPER LANE USAGE,NOT APPLICABLE,0,0,0,0,3,5,5,2131,BROADWAY,41.997766,-87.672452,05/19/2022 04:57:00 AM,2022
CR00002146,01/28/2022 02:15:00 PM,35,CLEAR,DAYLIGHT,REAR END,T-INTERSECTION,NO CONTROLS,FOLLOWING TOO CLOSELY,DRIVING SKILLS/KNOWLEDGE/EXPERIENCE,0,0,0,0,14,6,1,1000,IRVING PARK RD,41.843493,-87.74155,01/28/2022 02:28:00 PM,2022
CR00002147,07/12/2022 03:01:00 AM,45,CLEAR,DARKNESS - LIGHTED ROAD,SIDESWIPE SAME DIRECTION,NOT DIVIDED,TRAFFIC SIGNAL,FAILING TO REDUCE SPEED,FAILING TO REDUCE SPEED,0,0,0,0,3,3,7,1238,ASHLAND AVE,41.72384,-87.771809,07/12/2022 03:22:00 AM,2022
CR00002148,11/28/2019 04:36:00 PM,35,CLOUDY/OVERCAST,DAYLIGHT,TURNING,NOT DIVIDED,TRAFFIC SIGNAL,IMPROPER LANE USAGE,NOT APPLICABLE,0,0,2,2,16,5,11,1646,STONY ISLAND AVE,41.926378,-87.796589,11/28/2019 05:56:00 PM,2019
CR00002149,08/18/2016 11:09:00 AM,25,CLEAR,DAYLIGHT,REAR END,NOT DIVIDED,NO CONTROLS,FOLLOWING TOO CLOSELY,UNABLE TO DETERMINE,0,0,0,0,11,5,8,1624,BROADWAY,41.798192,-87.708523,08/18/2016 11:10:00 AM,2016
CR00002150,05/04/2023 02:28:00 PM,15,CLEAR,DAYLIGHT,ANGLE,FOUR WAY,NO CONTROLS,WEATHER,NOT APPLICABLE,0,1,0,1,14,5,5,2176,WESTERN AVE,41.897789,-87.66847,05/04/2023 04:03:00 PM,2023
CR00002151,10/11/2018 04:26:00 AM,25,CLEAR,DARKNESS - LIGHTED ROAD,REAR END,ONE-WAY,TRAFFIC SIGNAL,DRIVING SKILLS/KNOWLEDGE/EXPERIENCE,FOLLOWING TOO CLOSELY,0,0,0,0,4,5,10,1228,LAKE SHORE DR,41.713033,-87.660207,10/11/2018 04:41:00 AM,2018
CR00002152,02/13/2022 05:02:00 PM,30,CLEAR,DARKNESS - LIGHTED ROAD,TURNING,FOUR WAY,TRAFFIC SIGNAL,DRIVING SKILLS/KNOWLEDGE/EXPERIENCE,NOT APPLICABLE,0,0,0,0,17,1,2,1254,CLARK ST,41.814485,-87.782205,02/13/2022 05:13:00 PM,2022
CR00002153,05/25/2018 07:00:00 AM,25,CLEAR,DARKNESS - LIGHTED ROAD,ANGLE,DIVIDED - W/MEDIAN (NOT RAISED),NO CONTROLS,DISREGARDING TRAFFIC SIGNALS,UNABLE TO DETERMINE,0,0,0,0,7,6,5,1100,CALIFORNIA AVE,41.939773,-87.759167,05/25/2018 08:12:00 AM,2018
CR00002154,08/19/2017 02:04:00 PM,20,CLEAR,DAYLIGHT,FIXED OBJECT,NOT DIVIDED,TRAFFIC SIGNAL,FAILING TO REDUCE SPEED,FAILING TO YIELD RIGHT-OF-WAY,0,0,0,0,14,7,8,2505,ASHLAND AVE,41.712466,-87.519942,08/19/2017 03:52:00 PM,2017
CR00002155,12/15/2017 08:07:00 PM,35,CLEAR,DAYLIGHT,SIDESWIPE SAME DIRECTION,DIVIDED - W/MEDIAN (NOT RAISED),NO CONTROLS,DRIVING SKILLS/KNOWLEDGE/EXPERIENCE,IMPROPER LANE USAGE,0,0,0,0,20,6,12,608,ASHLAND AVE,41.774561,-87.649186,12/15/2017 08:08:00 PM,2017
CR00002156,02/19/2024 04:51:00 PM,35,RAIN,DARKNESS - LIGHTED ROAD,FIXED OBJECT,T-INTERSECTION,NO CONTROLS,FOLLOWING TOO CLOSELY,UNABLE TO DETERMINE,0,1,3,4,16,2,2,285,MICHIGAN AVE,41.742904,-87.743679,02/19/2024 05:54:00 PM,2024
CR00002157,12/08/2017 05:17:00 AM,40,RAIN,DAYLIGHT,SIDESWIPE SAME DIRECTION,NOT DIVIDED,TRAFFIC SIGNAL,UNABLE TO DETERMINE,FAILING TO REDUCE SPEED,0,0,0,0,5,6,12,1048,STONY ISLAND AVE,41.926686,-87.669516,12/08/2017 05:32:00 AM,2017
CR00002158,07/13/2018 05:07:00 PM,35,CLEAR,DARKNESS - LIGHTED ROAD,TURNING,DIVIDED - W/MEDIAN (NOT RAISED),NO CONTROLS,IMPROPER LANE USAGE,DISREGARDING TRAFFIC SIGNALS,0,0,0,0,17,6,7,1225,PULASKI RD,41.876174,-87.849221,07/13/2018 05:47:00 PM,2018
CR00002159,01/18/2024 12:29:00 PM,30,CLEAR,DAYLIGHT,REAR END,NOT DIVIDED,NO CONTROLS,FAILING TO YIELD RIGHT-OF-WAY,WEATHER,0,0,0,0,12,5,1,1696,STATE ST,41.898175,-87.673835,01/18/2024 01:37:00 PM,2024
CR00002160,07/13/2018 03:08:00 PM,30,CLEAR,DAYLIGHT,REAR END,DIVIDED - W/MEDIAN (NOT RAISED),NO CONTROLS,FOLLOWING TOO CLOSELY,DISTRACTION - FROM INSIDE VEHICLE,0,1,3,4,15,6,7,2478,DIVISION ST,41.780638,-87.830872,07/13/2018 04:41:00 PM,2018
CR00002161,11/21/2020 02:00:00 PM,30,CLEAR,DUSK,PARKED MOTOR VEHICLE,NOT DIVIDED,NO CONTROLS,UNABLE TO DETERMINE,NOT APPLICABLE,0,0,0,0,14,7,11,1756,CLARK ST,41.768901,-87.637039,11/21/2020 03:31:00 PM,2020
CR00002162,10/18/2015 12:53:00 AM,35,CLEAR,DAYLIGHT,REAR END,DIVIDED - W/MEDIAN BARRIER,STOP SIGN/FLASHER,DRIVING SKILLS/KNOWLEDGE/EXPERIENCE,UNABLE TO DETERMINE,0,0,0,0,0,1,10,1524,LAKE SHORE DR,41.767244,-87.70068,10/18/2015 02:37:00 AM,2015
CR00002163,06/13/2019 09:05:00 AM,45,CLEAR,DARKNESS - LIGHTED ROAD,TURNING,NOT DIVIDED,TRAFFIC SIGNAL,UNABLE TO DETERMINE,UNABLE TO DETERMINE,0,0,0,0,9,5,6,1419,MICHIGAN AVE,41.710862,-87.840633,06/13/2019 10:14:00 AM,2019
CR00002164,06/11/2019 02:24:00 AM,40,CLEAR,DAWN,PARKED MOTOR VEHICLE,FOUR WAY,STOP SIGN/FLASHER,DRIVING SKILLS/KNOWLEDGE/EXPERIENCE,IMPROPER LANE USAGE,0,1,3,4,2,3,6,1212,OGDEN AVE,41.820002,-87.640194,06/11/2019 04:17:00 AM,2019
CR00002165,10/30/2017 03:04:00 PM,20,CLEAR,DAYLIGHT,TURNING,DIVIDED - W/MEDIAN (NOT RAISED),NO CONTROLS,DISREGARDING TRAFFIC SIGNALS,UNABLE TO DETERMINE,0,0,0,0,15,2,10,1920,LAKE SHORE DR,41.969455,-87.76374,10/30/2017 04:48:00 PM,2017
CR00002166,08/01/2023 08:41:00 AM,30,CLEAR,DAYLIGHT,ANGLE,NOT DIVIDED,NO CONTROLS,UNABLE TO DETERMINE,IMPROPER OVERTAKING/PASSING,0,0,0,0,8,3,8,536,FULLERTON AVE,41.872237,-87.74152,08/01/2023 09:07:00 AM,2023
CR00002167,11/21/2022 08:27:00 PM,20,CLEAR,DAYLIGHT,PARKED MOTOR VEHICLE,DIVIDED - W/MEDIAN (NOT RAISED),TRAFFIC SIGNAL,FOLLOWING TOO CLOSELY,UNABLE TO DETERMINE,0,0,1,1,20,2,11,1051,MICHIGAN AVE,41.976574,-87.756183,11/21/2022 09:05:00 PM,2022
CR00002168,06/19/2022 06:33:00 PM,30,CLEAR,DAYLIGHT,SIDESWIPE SAME DIRECTION,ONE-WAY,NO CONTROLS,IMPROPER OVERTAKING/PASSING,WEATHER,0,0,0,0,18,1,6,208,KEDZIE AVE,41.869393,-87.707495,06/19/2022 08:03:00 PM,2022
CR00002169,02/25/2023 08:23:00 AM,30,RAIN,DARKNESS,PARKED MOTOR VEHICLE,ONE-WAY,NO CONTROLS,FAILING TO YIELD RIGHT-OF-WAY,DISTRACTION - FROM INSIDE VEHICLE,0,0,0,0,8,7,2,1755,ARCHER AVE,41.700379,-87.52212,02/25/2023 08:31:00 AM,2023
CR00002170,05/28/2017 07:24:00 PM,35,CLEAR,DAYLIGHT,TURNING,NOT DIVIDED,STOP SIGN/FLASHER,FOLLOWING TOO CLOSELY,WEATHER,0,0,0,0,19,1,5,1851,47TH ST,41.987173,-87.635302,05/28/2017 08:47:00 PM,2017
CR00002171,09/25/2016 09:32:00 AM,40,CLEAR,DARKNESS - LIGHTED ROAD,TURNING,DIVIDED - W/MEDIAN (NOT RAISED),STOP SIGN/FLASHER,FOLLOWING TOO CLOSELY,NOT APPLICABLE,0,0,0,0,9,1,9,728,LAKE SHORE DR,41.916832,-87.524817,09/25/2016 09:58:00 AM,2016
CR00002172,05/22/2022 09:24:00 PM,30,CLEAR,DARKNESS - LIGHTED ROAD,REAR END,NOT DIVIDED,YIELD,IMPROPER OVERTAKING/PASSING,NOT APPLICABLE,0,0,0,0,21,1,5,1699,CALIFORNIA AVE,41.899134,-87.758729,05/22/2022 09:35:00 PM,2022
CR00002173,05/17/2015 02:00:00 PM,30,CLEAR,DAYLIGHT,PARKED MOTOR VEHICLE,NOT DIVIDED,NO CONTROLS,FAILING TO REDUCE SPEED,UNABLE TO DETERMINE,0,0,0,0,14,1,5,1691,HALSTED ST,41.867765,-87.814556,05/17/2015 03:52:00 PM,2015
CR00002174,10/20/2018 01:25:00 AM,30,FOG/SMOKE/HAZE,DAYLIGHT,TURNING,NOT DIVIDED,TRAFFIC SIGNAL,UNABLE TO DETERMINE,NOT APPLICABLE,0,0,0,0,1,7,10,2527,ELSTON AVE,41.876234,-87.635676,10/20/2018 03:25:00 AM,2018
CR00002175,10/13/2022 05:28:00 PM,30,CLEAR,DARKNESS - LIGHTED ROAD,REAR END,NOT DIVIDED,STOP SIGN/FLASHER,FAILING TO REDUCE SPEED,FOLLOWING TOO CLOSELY,0,0,0,0,17,5,10,1126,63RD ST,41.981601,-87.618082,10/13/2022 06:49:00 PM,2022
CR00002176,06/25/2016 03:44:00 PM,30,CLEAR,DAYLIGHT,PARKED MOTOR VEHICLE,FOUR WAY,NO CONTROLS,FOLLOWING TOO CLOSELY,UNABLE TO DETERMINE,0,0,2,2,15,7,6,811,BROADWAY,41.81926,-87.588423,06/25/2016 04:04:00 PM,2016
CR00002177,08/08/2015 12:03:00 AM,15,CLEAR,DAYLIGHT,TURNING,NOT DIVIDED,TRAFFIC SIGNAL,UNABLE TO DETERMINE,NOT APPLICABLE,0,0,0,0,0,7,8,2497,CALIFORNIA AVE,41.935131,-87.571305,08/08/2015 12:18:00 AM,2015
CR00002178,02/27/2017 04:16:00 PM,30,CLEAR,DAYLIGHT,FIXED OBJECT,DIVIDED - W/MEDIAN BARRIER,STOP SIGN/FLASHER,DRIVING SKILLS/KNOWLEDGE/EXPERIENCE,UNABLE TO DETERMINE,0,0,3,3,16,2,2,891,OGDEN AVE,41.72457,-87.518354,02/27/2017 06:06:00 PM,2017
CR00002179,07/28/2024 10:42:00 AM,30,CLEAR,DAYLIGHT,SIDESWIPE SAME DIRECTION,DIVIDED - W/MEDIAN BARRIER,NO CONTROLS,DRIVING SKILLS/KNOWLEDGE/EXPERIENCE,UNABLE TO DETERMINE,0,0,3,3,10,1,7,2122,63RD ST,41.955809,-87.682675,07/28/2024 11:08:00 AM,2024
CR00002180,12/20/2024 02:40:00 PM,30,CLOUDY/OVERCAST,DAYLIGHT,REAR END,FOUR WAY,NO CONTROLS,UNABLE TO DETERMINE,UNABLE TO DETERMINE,0,0,0,0,14,6,12,2272,ELSTON AVE,41.997557,-87.550373,12/20/2024 03:27:00 PM,2024
CR00002181,07/11/2016 07:01:00 AM,30,CLEAR,DARKNESS - LIGHTED ROAD,TURNING,NOT DIVIDED,STOP SIGN/FLASHER,DISTRACTION - FROM INSIDE VEHICLE,DISTRACTION - FROM INSIDE VEHICLE,0,0,0,0,7,2,7,1014,WESTERN AVE,41.925196,-87.665806,07/11/2016 07:52:00 AM,2016
CR00002182,09/29/2016 08:26:00 AM,30,CLEAR,DARKNESS - LIGHTED ROAD,REAR END,DIVIDED - W/MEDIAN (NOT RAISED),STOP SIGN/FLASHER,IMPROPER LANE USAGE,IMPROPER LANE USAGE,0,0,0,0,8,5,9,370,DAMEN AVE,41.734911,-87.630273,09/29/2016 09:44:00 AM,2016
CR00002183,07/03/2024 02:27:00 PM,45,SNOW,DAYLIGHT,PEDESTRIAN,ONE-WAY,UNKNOWN,UNABLE TO DETERMINE,DISTRACTION - FROM INSIDE VEHICLE,0,0,0,0,14,4,7,835,MILWAUKEE AVE,41.95098,-87.79843,07/03/2024 04:08:00 PM,2024
CR00002184,07/27/2016 08:57:00 PM,35,CLEAR,DAYLIGHT,TURNING,FOUR WAY,NO CONTROLS,IMPROPER OVERTAKING/PASSING,IMPROPER LANE USAGE,0,0,0,0,20,4,7,1165,DIVISION ST,41.965653,-87.627727,07/27/2016 09:49:00 PM,2016
CR00002185,06/26/2024 05:36:00 PM,25,RAIN,DAYLIGHT,REAR TO FRONT,NOT DIVIDED,NO CONTROLS,FOLLOWING TOO CLOSELY,FAILING TO REDUCE SPEED,0,0,0,0,17,4,6,2230,STATE ST,41.958023,-87.522301,06/26/2024 06:17:00 PM,2024
CR00002186,07/11/2023 09:51:00 AM,20,CLEAR,DAYLIGHT,SIDESWIPE SAME DIRECTION,NOT DIVIDED,NO CONTROLS,FAILING TO YIELD RIGHT-OF-WAY,FOLLOWING TOO CLOSELY,0,0,3,3,9,3,7,199,DIVISION ST,41.830502,-87.810462,07/11/2023 11:45:00 AM,2023
CR00002187,12/08/2022 03:01:00 PM,30,CLOUDY/OVERCAST,DAYLIGHT,PARKED MOTOR VEHICLE,DIVIDED - W/MEDIAN BARRIER,STOP SIGN/FLASHER,FAILING TO REDUCE SPEED,UNABLE TO DETERMINE,0,0,0,0,15,5,12,1691,47TH ST,41.849905,-87.820189,12/08/2022 03:44:00 PM,2022
CR00002188,12/19/2024 07:49:00 AM,30,RAIN,DAYLIGHT,FIXED OBJECT,NOT DIVIDED,NO CONTROLS,FAILING TO REDUCE SPEED,DISREGARDING TRAFFIC SIGNALS,0,0,0,0,7,5,12,1191,BROADWAY,41.843673,-87.636588,12/19/2024 08:11:00 AM,2024
CR00002189,08/22/2017 02:10:00 PM,35,CLOUDY/OVERCAST,DAYLIGHT,REAR END,NOT DIVIDED,NO CONTROLS,FOLLOWING TOO CLOSELY,DRIVING SKILLS/KNOWLEDGE/EXPERIENCE,0,0,0,0,14,3,8,1316,CICERO AVE,41.753573,-87.596433,08/22/2017 03:01:00 PM,2017
CR00002190,01/01/2021 08:00:00 PM,45,CLEAR,DAYLIGHT,REAR TO FRONT,NOT DIVIDED,UNKNOWN,IMPROPER OVERTAKING/PASSING,NOT APPLICABLE,0,0,0,0,20,6,1,2439,KEDZIE AVE,41.795842,-87.619737,01/01/2021 09:16:00 PM,2021
CR00002191,09/30/2021 11:22:00 PM,30,CLOUDY/OVERCAST,DAYLIGHT,SIDESWIPE SAME DIRECTION,DIVIDED - W/MEDIAN BARRIER,NO CONTROLS,UNABLE TO DETERMINE,UNABLE TO DETERMINE,0,1,0,1,23,5,9,2063,63RD ST,41.869298,-87.624775,09/30/2021 11:41:00 PM,2021
CR00002192,06/06/2017 01:59:00 PM,30,CLEAR,DARKNESS - LIGHTED ROAD,TURNING,DIVIDED - W/MEDIAN (NOT RAISED),NO CONTROLS,UNABLE TO DETERMINE,UNABLE TO DETERMINE,0,0,0,0,13,3,6,1594,ELSTON AVE,41.765525,-87.665303,06/06/2017 02:18:00 PM,2017
CR00002193,04/09/2018 07:54:00 PM,15,CLEAR,DAYLIGHT,SIDESWIPE SAME DIRECTION,NOT DIVIDED,YIELD,DRIVING SKILLS/KNOWLEDGE/EXPERIENCE,FAILING TO REDUCE SPEED,0,0,0,0,19,2,4,698,FULLERTON AVE,41.762398,-87.571231,04/09/2018 09:04:00 PM,2018
CR00002194,11/11/2016 05:16:00 PM,20,CLEAR,DARKNESS - LIGHTED ROAD,FIXED OBJECT,DIVIDED - W/MEDIAN BARRIER,TRAFFIC SIGNAL,DRIVING SKILLS/KNOWLEDGE/EXPERIENCE,UNABLE TO DETERMINE,0,0,1,1,17,6,11,440,STONY ISLAND AVE,41.988465,-87.556504,11/11/2016 05:38:00 PM,2016
CR00002195,02/20/2022 02:14:00 PM,40,CLEAR,DAYLIGHT,REAR END,NOT DIVIDED,TRAFFIC SIGNAL,UNABLE TO DETERMINE,UNABLE TO DETERMINE,0,0,0,0,14,1,2,362,DIVISION ST,41.994477,-87.583126,02/20/2022 02:52:00 PM,2022
CR00002196,01/14/2020 01:35:00 AM,20,CLEAR,DARKNESS,PEDESTRIAN,NOT DIVIDED,TRAFFIC SIGNAL,IMPROPER LANE USAGE,FAILING TO REDUCE SPEED,0,0,0,0,1,3,1,1860,IRVING PARK RD,41.863431,-87.761315,01/14/2020 03:02:00 AM,2020
CR00002197,12/16/2024 08:40:00 AM,30,CLEAR,DAYLIGHT,REAR END,DIVIDED - W/MEDIAN BARRIER,UNKNOWN,UNABLE TO DETERMINE,UNABLE TO DETERMINE,0,0,0,0,8,2,12,1588,CICERO AVE,41.719867,-87.631353,12/16/2024 10:14:00 AM,2024
CR00002198,05/13/2015 03:07:00 PM,25,CLEAR,DAYLIGHT,REAR END,NOT DIVIDED,UNKNOWN,UNABLE TO DETERMINE,UNABLE TO DETERMINE,0,0,0,0,15,4,5,959,DAMEN AVE,41.906591,-87.580996,05/13/2015 04:38:00 PM,2015
CR00002199,02/13/2015 02:08:00 PM,40,CLEAR,DAYLIGHT,PEDESTRIAN,NOT DIVIDED,STOP SIGN/FLASHER,FOLLOWING TOO CLOSELY,FAILING TO REDUCE SPEED,0,0,0,0,14,6,2,683,79TH ST,41.796672,-87.796261,02/13/2015 03:32:00 PM,2015
CR00002200,01/29/2018 08:29:00 AM,45,CLEAR,DARKNESS - LIGHTED ROAD,REAR END,FOUR WAY,NO CONTROLS,FAILING TO YIELD RIGHT-OF-WAY,FAILING TO REDUCE SPEED,0,0,0,0,8,2,1,1723,MICHIGAN AVE,41.761413,-87.809845,01/29/2018 09:25:00 AM,2018
CR00002201,05/22/2016 01:53:00 PM,30,CLEAR,DAYLIGHT,TURNING,NOT DIVIDED,NO CONTROLS,UNABLE TO DETERMINE,UNABLE TO DETERMINE,0,2,2,4,13,1,5,1695,ASHLAND AVE,41.918065,-87.743058,05/22/2016 02:25:00 PM,2016
CR00002202,11/21/2019 01:16:00 PM,30,CLOUDY/OVERCAST,DAYLIGHT,ANGLE,NOT DIVIDED,NO CONTROLS,FOLLOWING TOO CLOSELY,DISREGARDING TRAFFIC SIGNALS,0,0,0,0,13,5,11,489,LAKE SHORE DR,41.701285,-87.609979,11/21/2019 01:53:00 PM,2019
CR00002203,07/26/2019 10:09:00 AM,15,RAIN,DAYLIGHT,SIDESWIPE SAME DIRECTION,NOT DIVIDED,NO CONTROLS,FAILING TO YIELD RIGHT-OF-WAY,UNABLE TO DETERMINE,0,0,0,0,10,6,7,1401,WESTERN AVE,41.823862,-87.607346,07/26/2019 11:16:00 AM,2019
CR00002204,05/03/2022 05:51:00 PM,30,CLEAR,DAYLIGHT,REAR END,DIVIDED - W/MEDIAN BARRIER,TRAFFIC SIGNAL,FAILING TO YIELD RIGHT-OF-WAY,UNABLE TO DETERMINE,0,0,0,0,17,3,5,1101,47TH ST,41.871944,-87.603222,05/03/2022 06:04:00 PM,2022
CR00002205,10/28/2016 07:42:00 AM,30,CLEAR,DAYLIGHT,SIDESWIPE SAME DIRECTION,DIVIDED - W/MEDIAN BARRIER,NO CONTROLS,FAILING TO REDUCE SPEED,NOT APPLICABLE,0,2,3,5,7,6,10,1353,LAKE SHORE DR,41.757932,-87.69039,10/28/2016 08:39:00 AM,2016
CR00002206,07/16/2019 08:21:00 AM,20,CLEAR,DAYLIGHT,TURNING,T-INTERSECTION,NO CONTROLS,FOLLOWING TOO CLOSELY,FOLLOWING TOO CLOSELY,0,0,0,0,8,3,7,2174,63RD ST,41.902909,-87.641465,07/16/2019 08:27:00 AM,2019
CR00002207,11/19/2019 11:11:00 PM,35,CLEAR,DAYLIGHT,REAR END,DIVIDED - W/MEDIAN (NOT RAISED),NO CONTROLS,DRIVING SKILLS/KNOWLEDGE/EXPERIENCE,IMPROPER LANE USAGE,0,0,0,0,23,3,11,176,MICHIGAN AVE,41.911237,-87.656743,11/19/2019 11:34:00 PM,2019
CR00002208,03/23/2015 09:58:00 AM,20,CLEAR,DAYLIGHT,REAR END,NOT DIVIDED,NO CONTROLS,UNABLE TO DETERMINE,IMPROPER LANE USAGE,0,0,3,3,9,2,3,1001,ARCHER AVE,41.702098,-87.584269,03/23/2015 10:59:00 AM,2015
CR00002209,11/17/2022 11:44:00 AM,25,CLEAR,DAYLIGHT,REAR TO FRONT,DIVIDED - W/MEDIAN (NOT RAISED),STOP SIGN/FLASHER,FAILING TO YIELD RIGHT-OF-WAY,IMPROPER OVERTAKING/PASSING,0,0,0,0,11,5,11,1415,CALIFORNIA AVE,41.898225,-87.722437,11/17/2022 01:37:00 PM,2022
CR00002210,07/24/2020 05:38:00 PM,15,CLOUDY/OVERCAST,DAYLIGHT,REAR TO FRONT,DIVIDED - W/MEDIAN (NOT RAISED),TRAFFIC SIGNAL,FAILING TO YIELD RIGHT-OF-WAY,UNABLE TO DETERMINE,0,0,2,2,17,6,7,1911,STATE ST,41.996832,-87.570882,07/24/2020 06:07:00 PM,2020
CR00002211,08/24/2018 08:55:00 PM,45,CLEAR,DARKNESS - LIGHTED ROAD,ANGLE,DIVIDED - W/MEDIAN (NOT RAISED),NO CONTROLS,DISREGARDING TRAFFIC SIGNALS,UNABLE TO DETERMINE,0,0,0,0,20,6,8,1527,63RD ST,41.726329,-87.713831,08/24/2018 10:06:00 PM,2018
CR00002212,11/18/2016 08:07:00 AM,35,CLEAR,DAYLIGHT,ANGLE,NOT DIVIDED,NO CONTROLS,IMPROPER OVERTAKING/PASSING,FAILING TO YIELD RIGHT-OF-WAY,0,0,0,0,8,6,11,388,HALSTED ST,41.760425,-87.601738,11/18/2016 09:24:00 AM,2016
CR00002213,07/13/2022 03:40:00 PM,15,SNOW,DARKNESS - LIGHTED ROAD,SIDESWIPE SAME DIRECTION,DIVIDED - W/MEDIAN (NOT RAISED),NO CONTROLS,DISREGARDING TRAFFIC SIGNALS,UNABLE TO DETERMINE,0,0,0,0,15,4,7,1109,ROOSEVELT RD,41.854865,-87.6339,07/13/2022 04:10:00 PM,2022
CR00002214,05/21/2024 04:38:00 PM,45,CLEAR,DAYLIGHT,REAR END,FOUR WAY,TRAFFIC SIGNAL,FAILING TO REDUCE SPEED,FAILING TO YIELD RIGHT-OF-WAY,0,0,0,0,16,3,5,299,MICHIGAN AVE,41.843749,-87.54065,05/21/2024 06:27:00 PM,2024
CR00002215,05/15/2017 03:43:00 PM,25,CLEAR,DAYLIGHT,PEDESTRIAN,FOUR WAY,STOP SIGN/FLASHER,IMPROPER LANE USAGE,DRIVING SKILLS/KNOWLEDGE/EXPERIENCE,0,0,0,0,15,2,5,1724,OGDEN AVE,41.862301,-87.668333,05/15/2017 04:29:00 PM,2017
CR00002216,04/24/2022 06:34:00 AM,35,CLEAR,DARKNESS,SIDESWIPE SAME DIRECTION,NOT DIVIDED,UNKNOWN,IMPROPER LANE USAGE,UNABLE TO DETERMINE,0,0,0,0,6,1,4,116,LAKE SHORE DR,41.777461,-87.767802,04/24/2022 07:48:00 AM,2022
CR00002217,08/29/2017 03:37:00 PM,30,CLEAR,DAYLIGHT,TURNING,DIVIDED - W/MEDIAN BARRIER,STOP SIGN/FLASHER,DISTRACTION - FROM INSIDE VEHICLE,FOLLOWING TOO CLOSELY,0,0,0,0,15,3,8,1368,STATE ST,41.874718,-87.635898,08/29/2017 05:18:00 PM,2017
CR00002218,03/27/2016 02:28:00 AM,25,CLEAR,DARKNESS - LIGHTED ROAD,REAR TO FRONT,DIVIDED - W/MEDIAN (NOT RAISED),NO CONTROLS,DISTRACTION - FROM INSIDE VEHICLE,UNABLE TO DETERMINE,0,0,0,0,2,1,3,1319,IRVING PARK RD,41.971688,-87.790375,03/27/2016 03:23:00 AM,2016
CR00002219,01/26/2020 11:22:00 PM,30,RAIN,DARKNESS - LIGHTED ROAD,TURNING,FOUR WAY,STOP SIGN/FLASHER,FAILING TO REDUCE SPEED,NOT APPLICABLE,0,1,1,2,23,1,1,2425,ROOSEVELT RD,41.802265,-87.621709,01/27/2020 12:28:00 AM,2020
CR00002220,08/10/2015 02:51:00 PM,40,CLEAR,DAYLIGHT,ANGLE,T-INTERSECTION,NO CONTROLS,FAILING TO REDUCE SPEED,IMPROPER OVERTAKING/PASSING,0,0,0,0,14,2,8,1451,DAMEN AVE,41.934845,-87.511856,08/10/2015 03:38:00 PM,2015
CR00002221,06/20/2022 09:35:00 PM,30,CLEAR,DARKNESS,REAR END,ONE-WAY,UNKNOWN,UNABLE TO DETERMINE,UNABLE TO DETERMINE,0,0,0,0,21,2,6,1913,79TH ST,41.843085,-87.741699,06/20/2022 11:21:00 PM,2022
CR00002222,07/07/2022 06:51:00 AM,30,CLEAR,DARKNESS - LIGHTED ROAD,REAR END,FOUR WAY,STOP SIGN/FLASHER,UNABLE TO DETERMINE,IMPROPER OVERTAKING/PASSING,0,0,0,0,6,5,7,2180,ELSTON AVE,41.839791,-87.514944,07/07/2022 07:04:00 AM,2022