CRASH_RECORD_ID,CRASH_DATE,POSTED_SPEED_LIMIT,WEATHER_CONDITION,LIGHTING_CONDITION,FIRST_CRASH_TYPE,TRAFFICWAY_TYPE,TRAFFIC_CONTROL_DEVICE,PRIM_CONTRIBUTORY_CAUSE,SEC_CONTRIBUTORY_CAUSE,INJURIES_FATAL,INJURIES_INCAPACITATING,INJURIES_NON_INCAPACITATING,INJURIES_TOTAL,CRASH_HOUR,CRASH_DAY_OF_WEEK,CRASH_MONTH,BEAT_OF_OCCURRENCE,STREET_NAME,LATITUDE,LONGITUDE,DATE_POLICE_NOTIFIED,year
CR00002223,06/11/2017 12:37:00 PM,30,CLEAR,DAYLIGHT,SIDESWIPE SAME DIRECTION,NOT DIVIDED,TRAFFIC SIGNAL,IMPROPER LANE USAGE,IMPROPER LANE USAGE,0,0,0,0,12,1,6,1492,HALSTED ST,41.757224,-87.599576,06/11/2017 01:42:00 PM,2017
CR00002224,03/20/2021 11:43:00 AM,25,SNOW,DAYLIGHT,SIDESWIPE SAME DIRECTION,NOT DIVIDED,NO CONTROLS,IMPROPER OVERTAKING/PASSING,FOLLOWING TOO CLOSELY,0,0,0,0,11,7,3,1384,47TH ST,41.918414,-87.771527,03/20/2021 01:21:00 PM,2021
CR00002225,07/11/2022 06:21:00 PM,25,CLEAR,DAYLIGHT,ANGLE,ONE-WAY,NO CONTROLS,FOLLOWING TOO CLOSELY,FAILING TO YIELD RIGHT-OF-WAY,0,0,1,1,18,2,7,1450,PULASKI RD,41.878271,-87.831229,07/11/2022 06:39:00 PM,2022
CR00002226,07/24/2021 09:45:00 AM,25,CLEAR,DAYLIGHT,TURNING,NOT DIVIDED,TRAFFIC SIGNAL,FOLLOWING TOO CLOSELY,UNABLE TO DETERMINE,0,0,0,0,9,7,7,896,DAMEN AVE,41.810443,-87.606799,07/24/2021 09:51:00 AM,2021
CR00002227,06/20/2018 09:59:00 AM,45,CLEAR,DARKNESS - LIGHTED ROAD,PARKED MOTOR VEHICLE,NOT DIVIDED,STOP SIGN/FLASHER,UNABLE TO DETERMINE,IMPROPER OVERTAKING/PASSING,0,1,2,3,9,4,6,158,DAMEN AVE,41.733347,-87.793959,06/20/2018 11:10:00 AM,2018
CR00002228,08/23/2018 01:28:00 AM,25,CLEAR,DARKNESS - LIGHTED ROAD,SIDESWIPE SAME DIRECTION,FOUR WAY,UNKNOWN,DISTRACTION - FROM INSIDE VEHICLE,UNABLE TO DETERMINE,0,0,0,0,1,5,8,1593,BROADWAY,41.73101,-87.796163,08/23/2018 03:20:00 AM,2018
CR00002229,04/27/2018 10:26:00 AM,30,CLEAR,DAYLIGHT,SIDESWIPE SAME DIRECTION,DIVIDED - W/MEDIAN (NOT RAISED),STOP SIGN/FLASHER,FOLLOWING TOO CLOSELY,UNABLE TO DETERMINE,0,0,0,0,10,6,4,616,DAMEN AVE,41.80581,-87.615081,04/27/2018 12:26:00 PM,2018
CR00002230,05/19/2017 06:21:00 PM,45,SNOW,DAYLIGHT,REAR END,NOT DIVIDED,STOP SIGN/FLASHER,UNABLE TO DETERMINE,IMPROPER OVERTAKING/PASSING,0,0,0,0,18,6,5,1779,KEDZIE AVE,41.849917,-87.679449,05/19/2017 07:30:00 PM,2017
CR00002231,06/19/2021 07:38:00 PM,40,CLEAR,DARKNESS,REAR TO FRONT,NOT DIVIDED,TRAFFIC SIGNAL,IMPROPER LANE USAGE,FAILING TO YIELD RIGHT-OF-WAY,0,0,0,0,19,7,6,682,DAMEN AVE,41.903512,-87.706129,06/19/2021 07:42:00 PM,2021
CR00002232,12/23/2024 04:01:00 PM,35,CLEAR,DAYLIGHT,FIXED OBJECT,NOT DIVIDED,TRAFFIC SIGNAL,UNABLE TO DETERMINE,IMPROPER OVERTAKING/PASSING,0,0,0,0,16,2,12,252,DAMEN AVE,41.905696,-87.797617,12/23/2024 05:14:00 PM,2024
CR00002233,03/20/2022 02:01:00 PM,30,CLEAR,DAYLIGHT,PARKED MOTOR VEHICLE,NOT DIVIDED,TRAFFIC SIGNAL,FAILING TO YIELD RIGHT-OF-WAY,IMPROPER LANE USAGE,0,0,1,1,14,1,3,2048,STONY ISLAND AVE,41.711602,-87.777478,03/20/2022 03:50:00 PM,2022
CR00002234,04/14/2016 12:11:00 PM,30,RAIN,DUSK,PARKED MOTOR VEHICLE,NOT DIVIDED,UNKNOWN,IMPROPER LANE USAGE,UNABLE TO DETERMINE,0,0,0,0,12,5,4,2467,BROADWAY,41.86537,-87.782227,04/14/2016 12:42:00 PM,2016
CR00002235,10/13/2023 05:39:00 PM,35,CLEAR,DAYLIGHT,REAR END,DIVIDED - W/MEDIAN (NOT RAISED),NO CONTROLS,UNABLE TO DETERMINE,NOT APPLICABLE,0,0,0,0,17,6,10,2390,HALSTED ST,41.700733,-87.731989,10/13/2023 05:43:00 PM,2023
CR00002236,12/01/2024 07:32:00 AM,35,FREEZING RAIN/DRIZZLE,DAYLIGHT,SIDESWIPE SAME DIRECTION,NOT DIVIDED,STOP SIGN/FLASHER,DRIVING SKILLS/KNOWLEDGE/EXPERIENCE,FOLLOWING TOO CLOSELY,0,0,0,0,7,1,12,2111,ROOSEVELT RD,41.83899,-87.587991,12/01/2024 07:56:00 AM,2024
CR00002237,01/26/2021 04:56:00 PM,15,CLEAR,DAYLIGHT,REAR END,NOT DIVIDED,UNKNOWN,DISTRACTION - FROM INSIDE VEHICLE,DRIVING SKILLS/KNOWLEDGE/EXPERIENCE,0,0,0,0,16,3,1,205,CICERO AVE,41.749954,-87.658374,01/26/2021 05:15:00 PM,2021
CR00002238,11/16/2016 01:36:00 PM,35,CLEAR,DARKNESS - LIGHTED ROAD,PARKED MOTOR VEHICLE,DIVIDED - W/MEDIAN (NOT RAISED),NO CONTROLS,DISREGARDING TRAFFIC SIGNALS,NOT APPLICABLE,0,0,0,0,13,4,11,1208,LAKE SHORE DR,41.970461,-87.75946,11/16/2016 03:07:00 PM,2016
CR00002239,07/31/2019 12:54:00 AM,35,CLEAR,DAYLIGHT,REAR END,DIVIDED - W/MEDIAN BARRIER,STOP SIGN/FLASHER,FOLLOWING TOO CLOSELY,NOT APPLICABLE,0,0,0,0,0,4,7,1503,STONY ISLAND AVE,41.945542,-87.56233,07/31/2019 02:17:00 AM,2019
CR00002240,01/21/2019 02:13:00 PM,40,CLEAR,DAYLIGHT,REAR END,DIVIDED - W/MEDIAN (NOT RAISED),NO CONTROLS,FAILING TO REDUCE SPEED,FAILING TO REDUCE SPEED,0,0,0,0,14,2,1,1216,DAMEN AVE,41.839733,-87.762287,01/21/2019 03:17:00 PM,2019
CR00002241,07/26/2018 03:29:00 PM,25,RAIN,DARKNESS - LIGHTED ROAD,ANGLE,FOUR WAY,TRAFFIC SIGNAL,UNABLE TO DETERMINE,DRIVING SKILLS/KNOWLEDGE/EXPERIENCE,0,0,0,0,15,5,7,1354,HALSTED ST,41.960258,-87.502097,07/26/2018 03:41:00 PM,2018
CR00002242,06/22/2019 03:03:00 PM,35,CLEAR,DAYLIGHT,TURNING,NOT DIVIDED,NO CONTROLS,FOLLOWING TOO CLOSELY,UNABLE TO DETERMINE,0,0,1,1,15,7,6,2118,CICERO AVE,41.968074,-87.609544,06/22/2019 03:13:00 PM,2019
CR00002243,03/28/2022 03:27:00 PM,40,CLEAR,DAYLIGHT,REAR END,DIVIDED - W/MEDIAN BARRIER,STOP SIGN/FLASHER,FAILING TO YIELD RIGHT-OF-WAY,FAILING TO YIELD RIGHT-OF-WAY,0,0,0,0,15,2,3,1351,LAKE SHORE DR,41.816158,-87.598968,03/28/2022 04:37:00 PM,2022
CR00002244,10/03/2024 04:53:00 PM,30,CLEAR,DAYLIGHT,REAR TO FRONT,T-INTERSECTION,NO CONTROLS,UNABLE TO DETERMINE,DRIVING SKILLS/KNOWLEDGE/EXPERIENCE,0,0,0,0,16,5,10,1578,MICHIGAN AVE,41.719231,-87.686826,10/03/2024 06:01:00 PM,2024
CR00002245,03/09/2019 06:43:00 PM,45,RAIN,DAYLIGHT,PARKED MOTOR VEHICLE,ONE-WAY,STOP SIGN/FLASHER,FOLLOWING TOO CLOSELY,DRIVING SKILLS/KNOWLEDGE/EXPERIENCE,0,0,0,0,18,7,3,180,OGDEN AVE,41.951536,-87.572869,03/09/2019 06:54:00 PM,2019
CR00002246,12/08/2019 12:59:00 AM,35,CLEAR,DAYLIGHT,TURNING,NOT DIVIDED,NO CONTROLS,IMPROPER OVERTAKING/PASSING,IMPROPER OVERTAKING/PASSING,0,0,0,0,0,1,12,523,ROOSEVELT RD,41.841384,-87.607751,12/08/2019 02:39:00 AM,2019
CR00002247,08/13/2015 03:52:00 PM,45,CLEAR,DUSK,TURNING,FOUR WAY,TRAFFIC SIGNAL,IMPROPER OVERTAKING/PASSING,FAILING TO REDUCE SPEED,0,0,0,0,15,5,8,721,79TH ST,41.785494,-87.771273,08/13/2015 05:03:00 PM,2015
CR00002248,04/17/2018 01:05:00 PM,45,CLEAR,DAYLIGHT,FIXED OBJECT,ONE-WAY,NO CONTROLS,UNABLE TO DETERMINE,IMPROPER OVERTAKING/PASSING,0,0,0,0,13,3,4,2374,ROOSEVELT RD,41.798257,-87.826419,04/17/2018 01:10:00 PM,2018
CR00002249,01/23/2019 01:46:00 AM,30,RAIN,DARKNESS - LIGHTED ROAD,REAR END,DIVIDED - W/MEDIAN BARRIER,YIELD,DISTRACTION - FROM INSIDE VEHICLE,UNABLE TO DETERMINE,0,0,0,0,1,4,1,819,PULASKI RD,41.811667,-87.797991,01/23/2019 03:12:00 AM,2019
CR00002250,12/02/2015 12:43:00 AM,45,RAIN,DARKNESS - LIGHTED ROAD,SIDESWIPE SAME DIRECTION,FOUR WAY,TRAFFIC SIGNAL,FAILING TO REDUCE SPEED,FAILING TO REDUCE SPEED,0,0,0,0,0,4,12,1467,79TH ST,41.970366,-87.685266,12/02/2015 02:39:00 AM,2015
CR00002251,07/31/2017 05:27:00 PM,30,CLEAR,DAWN,REAR END,DIVIDED - W/MEDIAN (NOT RAISED),NO CONTROLS,FAILING TO YIELD RIGHT-OF-WAY,DISTRACTION - FROM INSIDE VEHICLE,0,0,0,0,17,2,7,1156,63RD ST,41.96012,-87.504283,07/31/2017 07:03:00 PM,2017
CR00002252,04/10/2022 07:03:00 AM,30,CLEAR,DAYLIGHT,REAR END,DIVIDED - W/MEDIAN BARRIER,TRAFFIC SIGNAL,UNABLE TO DETERMINE,NOT APPLICABLE,0,0,0,0,7,1,4,868,MICHIGAN AVE,41.821339,-87.810448,04/10/2022 08:43:00 AM,2022
CR00002253,02/22/2020 08:39:00 PM,35,CLOUDY/OVERCAST,DARKNESS - LIGHTED ROAD,REAR TO FRONT,DIVIDED - W/MEDIAN BARRIER,STOP SIGN/FLASHER,IMPROPER OVERTAKING/PASSING,FAILING TO YIELD RIGHT-OF-WAY,0,0,0,0,20,7,2,2285,ASHLAND AVE,41.960519,-87.573705,02/22/2020 10:21:00 PM,2020
CR00002254,05/04/2023 06:57:00 PM,30,CLEAR,DAWN,REAR END,DIVIDED - W/MEDIAN (NOT RAISED),NO CONTROLS,IMPROPER LANE USAGE,DISTRACTION - FROM INSIDE VEHICLE,0,0,0,0,18,5,5,290,ARCHER AVE,41.97517,-87.556881,05/04/2023 07:38:00 PM,2023
CR00002255,11/03/2020 10:39:00 AM,45,RAIN,DAYLIGHT,ANGLE,NOT DIVIDED,NO CONTROLS,FOLLOWING TOO CLOSELY,DRIVING SKILLS/KNOWLEDGE/EXPERIENCE,0,0,0,0,10,3,11,1741,STONY ISLAND AVE,41.854863,-87.822406,11/03/2020 11:14:00 AM,2020
CR00002256,03/06/2018 07:02:00 PM,45,RAIN,DARKNESS - LIGHTED ROAD,ANGLE,DIVIDED - W/MEDIAN (NOT RAISED),NO CONTROLS,UNABLE TO DETERMINE,FOLLOWING TOO CLOSELY,0,0,0,0,19,3,3,1631,IRVING PARK RD,41.833263,-87.757063,03/06/2018 07:06:00 PM,2018
CR00002257,09/24/2017 11:09:00 AM,40,CLEAR,DARKNESS,REAR END,ONE-WAY,NO CONTROLS,FAILING TO YIELD RIGHT-OF-WAY,FAILING TO REDUCE SPEED,0,0,1,1,11,1,9,1837,OGDEN AVE,41.907442,-87.830136,09/24/2017 12:39:00 PM,2017
CR00002258,11/02/2021 04:42:00 PM,20,CLEAR,DARKNESS,REAR END,NOT DIVIDED,STOP SIGN/FLASHER,IMPROPER OVERTAKING/PASSING,DISREGARDING TRAFFIC SIGNALS,0,0,1,1,16,3,11,913,79TH ST,41.772829,-87.560637,11/02/2021 05:35:00 PM,2021
CR00002259,01/31/2018 06:59:00 PM,25,CLEAR,DARKNESS - LIGHTED ROAD,ANGLE,FOUR WAY,NO CONTROLS,UNABLE TO DETERMINE,FOLLOWING TOO CLOSELY,0,0,1,1,18,4,1,1459,CLARK ST,41.744339,-87.549551,01/31/2018 07:33:00 PM,2018
CR00002260,02/17/2021 10:10:00 PM,45,CLEAR,DAYLIGHT,REAR TO FRONT,NOT DIVIDED,TRAFFIC SIGNAL,FAILING TO REDUCE SPEED,FOLLOWING TOO CLOSELY,0,0,2,2,22,4,2,2311,STATE ST,41.976417,-87.658179,02/17/2021 10:24:00 PM,2021
CR00002261,01/05/2020 10:24:00 AM,20,CLEAR,DUSK,ANGLE,NOT DIVIDED,STOP SIGN/FLASHER,IMPROPER OVERTAKING/PASSING,NOT APPLICABLE,0,0,0,0,10,1,1,838,CICERO AVE,41.752351,-87.763233,01/05/2020 11:23:00 AM,2020
CR00002262,12/10/2017 02:05:00 PM,30,CLEAR,DAYLIGHT,PARKED MOTOR VEHICLE,NOT DIVIDED,TRAFFIC SIGNAL,IMPROPER OVERTAKING/PASSING,NOT APPLICABLE,0,0,0,0,14,1,12,1852,DIVISION ST,41.849711,-87.662633,12/10/2017 03:49:00 PM,2017
CR00002263,08/24/2020 03:41:00 PM,35,CLEAR,DAYLIGHT,SIDESWIPE SAME DIRECTION,DIVIDED - W/MEDIAN (NOT RAISED),TRAFFIC SIGNAL,FOLLOWING TOO CLOSELY,NOT APPLICABLE,0,0,0,0,15,2,8,1951,IRVING PARK RD,41.876904,-87.660385,08/24/2020 04:41:00 PM,2020
CR00002264,04/22/2018 04:15:00 AM,45,CLOUDY/OVERCAST,DAYLIGHT,TURNING,NOT DIVIDED,UNKNOWN,FOLLOWING TOO CLOSELY,IMPROPER LANE USAGE,0,0,0,0,4,1,4,1881,STONY ISLAND AVE,41.734664,-87.636368,04/22/2018 04:33:00 AM,2018
CR00002265,10/19/2022 02:21:00 PM,30,CLEAR,DAYLIGHT,ANGLE,FOUR WAY,NO CONTROLS,UNABLE TO DETERMINE,UNABLE TO DETERMINE,0,0,0,0,14,4,10,1241,OGDEN AVE,41.719201,-87.605597,10/19/2022 02:48:00 PM,2022
CR00002266,03/18/2018 08:18:00 PM,30,CLEAR,DAYLIGHT,REAR END,DIVIDED - W/MEDIAN (NOT RAISED),TRAFFIC SIGNAL,DRIVING SKILLS/KNOWLEDGE/EXPERIENCE,NOT APPLICABLE,0,0,0,0,20,1,3,1746,HALSTED ST,41.77272,-87.598432,03/18/2018 09:44:00 PM,2018
CR00002267,11/28/2022 07:44:00 AM,40,CLEAR,DAYLIGHT,SIDESWIPE SAME DIRECTION,NOT DIVIDED,TRAFFIC SIGNAL,UNABLE TO DETERMINE,UNABLE TO DETERMINE,0,1,0,1,7,2,11,634,CALIFORNIA AVE,41.897169,-87.732649,11/28/2022 08:17:00 AM,2022
CR00002268,02/16/2022 10:15:00 AM,25,SNOW,DARKNESS,REAR TO FRONT,ONE-WAY,NO CONTROLS,DRIVING SKILLS/KNOWLEDGE/EXPERIENCE,FAILING TO YIELD RIGHT-OF-WAY,0,0,0,0,10,4,2,763,CLARK ST,41.763954,-87.696003,02/16/2022 11:42:00 AM,2022
CR00002269,05/06/2018 02:55:00 PM,15,CLEAR,DARKNESS - LIGHTED ROAD,REAR END,ONE-WAY,TRAFFIC SIGNAL,DRIVING SKILLS/KNOWLEDGE/EXPERIENCE,WEATHER,0,0,1,1,14,1,5,294,BROADWAY,41.739018,-87.823226,05/06/2018 04:05:00 PM,2018
CR00002270,09/01/2019 04:20:00 AM,30,CLEAR,DAYLIGHT,TURNING,NOT DIVIDED,TRAFFIC SIGNAL,FAILING TO YIELD RIGHT-OF-WAY,FOLLOWING TOO CLOSELY,0,0,0,0,4,1,9,1314,CICERO AVE,41.789642,-87.632096,09/01/2019 05:26:00 AM,2019
CR00002271,11/11/2020 01:10:00 AM,25,CLEAR,DAYLIGHT,FIXED OBJECT,ONE-WAY,UNKNOWN,DRIVING SKILLS/KNOWLEDGE/EXPERIENCE,FAILING TO YIELD RIGHT-OF-WAY,0,0,0,0,1,4,11,1872,FULLERTON AVE,41.865293,-87.667211,11/11/2020 01:54:00 AM,2020
CR00002272,06/19/2015 11:53:00 AM,40,CLEAR,DARKNESS,ANGLE,NOT DIVIDED,TRAFFIC SIGNAL,UNABLE TO DETERMINE,FOLLOWING TOO CLOSELY,0,0,3,3,11,6,6,731,PULASKI RD,41.857792,-87.741443,06/19/2015 01:02:00 PM,2015
CR00002273,09/20/2017 05:42:00 AM,40,CLEAR,DAYLIGHT,PEDESTRIAN,T-INTERSECTION,NO CONTROLS,UNABLE TO DETERMINE,DISREGARDING TRAFFIC SIGNALS,0,0,0,0,5,4,9,752,WESTERN AVE,41.902354,-87.564928,09/20/2017 06:52:00 AM,2017
CR00002274,05/01/2017 02:24:00 PM,35,CLEAR,DAYLIGHT,REAR END,DIVIDED - W/MEDIAN (NOT RAISED),TRAFFIC SIGNAL,FAILING TO REDUCE SPEED,DISTRACTION - FROM INSIDE VEHICLE,0,0,0,0,14,2,5,1484,STONY ISLAND AVE,41.994049,-87.805628,05/01/2017 03:21:00 PM,2017
CR00002275,04/14/2020 07:33:00 AM,25,CLEAR,DARKNESS - LIGHTED ROAD,ANGLE,DIVIDED - W/MEDIAN (NOT RAISED),STOP SIGN/FLASHER,UNABLE TO DETERMINE,NOT APPLICABLE,0,0,0,0,7,3,4,1200,CALIFORNIA AVE,41.813616,-87.839829,04/14/2020 08:05:00 AM,2020
CR00002276,11/24/2015 07:00:00 PM,30,RAIN,DARKNESS - LIGHTED ROAD,TURNING,T-INTERSECTION,YIELD,DISTRACTION - FROM INSIDE VEHICLE,FAILING TO REDUCE SPEED,0,0,0,0,19,3,11,1608,LAKE SHORE DR,41.899751,-87.770355,11/24/2015 07:29:00 PM,2015
CR00002277,09/21/2017 11:57:00 AM,35,CLEAR,DARKNESS - LIGHTED ROAD,PEDESTRIAN,T-INTERSECTION,NO CONTROLS,UNABLE TO DETERMINE,FOLLOWING TOO CLOSELY,0,0,0,0,11,5,9,1454,KEDZIE AVE,41.757863,-87.622369,09/21/2017 01:47:00 PM,2017
CR00002278,10/23/2018 03:22:00 PM,35,CLEAR,DUSK,PARKED MOTOR VEHICLE,DIVIDED - W/MEDIAN BARRIER,NO CONTROLS,UNABLE TO DETERMINE,DRIVING SKILLS/KNOWLEDGE/EXPERIENCE,0,0,0,0,15,3,10,1510,CALIFORNIA AVE,41.840945,-87.828687,10/23/2018 03:39:00 PM,2018
CR00002279,04/03/2015 10:45:00 AM,30,CLEAR,DAYLIGHT,SIDESWIPE SAME DIRECTION,DIVIDED - W/MEDIAN (NOT RAISED),TRAFFIC SIGNAL,IMPROPER LANE USAGE,DISREGARDING TRAFFIC SIGNALS,0,0,0,0,10,6,4,1013,FULLERTON AVE,41.776372,-87.582844,04/03/2015 11:05:00 AM,2015
CR00002280,12/04/2023 02:57:00 PM,20,CLEAR,DARKNESS - LIGHTED ROAD,TURNING,FOUR WAY,NO CONTROLS,FAILING TO YIELD RIGHT-OF-WAY,NOT APPLICABLE,0,0,1,1,14,2,12,1985,MICHIGAN AVE,41.824671,-87.510127,12/04/2023 04:06:00 PM,2023
CR00002281,12/01/2020 01:53:00 PM,30,CLOUDY/OVERCAST,DARKNESS,TURNING,ONE-WAY,YIELD,UNABLE TO DETERMINE,UNABLE TO DETERMINE,0,0,1,1,13,3,12,867,47TH ST,41.989173,-87.752512,12/01/2020 03:19:00 PM,2020
CR00002282,12/31/2016 05:54:00 PM,30,CLEAR,DARKNESS - LIGHTED ROAD,TURNING,DIVIDED - W/MEDIAN BARRIER,TRAFFIC SIGNAL,UNABLE TO DETERMINE,UNABLE TO DETERMINE,0,0,0,0,17,7,12,1833,STONY ISLAND AVE,41.906935,-87.750802,12/31/2016 07:12:00 PM,2016
CR00002283,09/06/2017 06:39:00 PM,30,CLEAR,DAYLIGHT,SIDESWIPE SAME DIRECTION,NOT DIVIDED,TRAFFIC SIGNAL,FAILING TO YIELD RIGHT-OF-WAY,UNABLE TO DETERMINE,0,0,0,0,18,4,9,2373,DIVISION ST,41.793836,-87.555893,09/06/2017 08:06:00 PM,2017
CR00002284,08/16/2018 08:03:00 AM,30,RAIN,DARKNESS - LIGHTED ROAD,REAR END,DIVIDED - W/MEDIAN BARRIER,NO CONTROLS,FOLLOWING TOO CLOSELY,DISREGARDING TRAFFIC SIGNALS,0,0,0,0,8,5,8,2166,LAKE SHORE DR,41.983216,-87.833481,08/16/2018 09:54:00 AM,2018
CR00002285,01/09/2016 08:24:00 PM,45,CLEAR,DAYLIGHT,ANGLE,T-INTERSECTION,NO CONTROLS,UNABLE TO DETERMINE,DRIVING SKILLS/KNOWLEDGE/EXPERIENCE,0,0,0,0,20,7,1,169,ASHLAND AVE,41.767154,-87.725451,01/09/2016 09:35:00 PM,2016
CR00002286,02/08/2019 10:13:00 PM,35,CLEAR,DAYLIGHT,REAR END,FOUR WAY,STOP SIGN/FLASHER,IMPROPER OVERTAKING/PASSING,IMPROPER OVERTAKING/PASSING,0,0,0,0,22,6,2,778,OGDEN AVE,41.784061,-87.567159,02/08/2019 10:55:00 PM,2019
CR00002287,08/08/2023 02:04:00 PM,30,CLEAR,DARKNESS - LIGHTED ROAD,TURNING,ONE-WAY,TRAFFIC SIGNAL,IMPROPER LANE USAGE,IMPROPER LANE USAGE,0,1,3,4,14,3,8,1619,ARCHER AVE,41.810427,-87.606107,08/08/2023 03:19:00 PM,2023
CR00002288,04/15/2015 11:20:00 AM,20,CLEAR,DARKNESS - LIGHTED ROAD,TURNING,NOT DIVIDED,NO CONTROLS,DRIVING SKILLS/KNOWLEDGE/EXPERIENCE,UNABLE TO DETERMINE,0,0,1,1,11,4,4,1513,STONY ISLAND AVE,41.868944,-87.628961,04/15/2015 12:17:00 PM,2015
CR00002289,09/25/2022 11:08:00 AM,15,CLEAR,DARKNESS,REAR TO FRONT,ONE-WAY,STOP SIGN/FLASHER,DRIVING SKILLS/KNOWLEDGE/EXPERIENCE,UNABLE TO DETERMINE,0,0,0,0,11,1,9,404,BROADWAY,41.898841,-87.721559,09/25/2022 12:52:00 PM,2022
CR00002290,04/16/2022 11:06:00 AM,30,CLOUDY/OVERCAST,DAYLIGHT,SIDESWIPE SAME DIRECTION,NOT DIVIDED,NO CONTROLS,UNABLE TO DETERMINE,UNABLE TO DETERMINE,0,0,1,1,11,7,4,655,LAKE SHORE DR,41.789811,-87.532313,04/16/2022 12:09:00 PM,2022
CR00002291,01/27/2022 12:48:00 PM,40,CLEAR,DAYLIGHT,REAR END,NOT DIVIDED,UNKNOWN,FAILING TO YIELD RIGHT-OF-WAY,FAILING TO REDUCE SPEED,0,0,0,0,12,5,1,1091,STONY ISLAND AVE,41.778623,-87.779132,01/27/2022 01:54:00 PM,2022
CR00002292,02/11/2023 05:50:00 AM,15,CLOUDY/OVERCAST,DARKNESS,REAR END,ONE-WAY,NO CONTROLS,WEATHER,FAILING TO YIELD RIGHT-OF-WAY,0,0,0,0,5,7,2,1056,CLARK ST,41.997605,-87.542681,02/11/2023 06:27:00 AM,2023
CR00002293,03/22/2022 11:50:00 PM,25,CLEAR,DARKNESS - LIGHTED ROAD,ANGLE,DIVIDED - W/MEDIAN (NOT RAISED),STOP SIGN/FLASHER,IMPROPER LANE USAGE,UNABLE TO DETERMINE,0,0,3,3,23,3,3,210,CLARK ST,41.970353,-87.723406,03/23/2022 01:37:00 AM,2022
CR00002294,03/01/2024 03:38:00 PM,15,CLEAR,DARKNESS - LIGHTED ROAD,PARKED MOTOR VEHICLE,NOT DIVIDED,NO CONTROLS,UNABLE TO DETERMINE,NOT APPLICABLE,0,0,1,1,15,6,3,1339,ROOSEVELT RD,41.971271,-87.736279,03/01/2024 04:31:00 PM,2024
CR00002295,03/09/2023 08:16:00 AM,35,CLOUDY/OVERCAST,DAYLIGHT,TURNING,DIVIDED - W/MEDIAN (NOT RAISED),TRAFFIC SIGNAL,FAILING TO YIELD RIGHT-OF-WAY,UNABLE TO DETERMINE,0,0,1,1,8,5,3,860,LAKE SHORE DR,41.764302,-87.581502,03/09/2023 09:36:00 AM,2023
CR00002296,09/06/2017 10:52:00 AM,25,RAIN,DAYLIGHT,FIXED OBJECT,DIVIDED - W/MEDIAN BARRIER,NO CONTROLS,DRIVING SKILLS/KNOWLEDGE/EXPERIENCE,UNABLE TO DETERMINE,0,0,0,0,10,4,9,1016,PULASKI RD,41.930401,-87.797242,09/06/2017 12:31:00 PM,2017
CR00002297,01/13/2016 10:37:00 AM,20,RAIN,DAYLIGHT,FIXED OBJECT,DIVIDED - W/MEDIAN (NOT RAISED),NO CONTROLS,FAILING TO YIELD RIGHT-OF-WAY,UNABLE TO DETERMINE,0,2,3,5,10,4,1,871,ASHLAND AVE,41.715222,-87.659237,01/13/2016 11:45:00 AM,2016
CR00002298,03/31/2024 04:06:00 PM,20,SNOW,DAYLIGHT,REAR END,DIVIDED - W/MEDIAN (NOT RAISED),TRAFFIC SIGNAL,DRIVING SKILLS/KNOWLEDGE/EXPERIENCE,DISREGARDING TRAFFIC SIGNALS,0,0,0,0,16,1,3,947,ASHLAND AVE,41.960658,-87.837365,03/31/2024 04:26:00 PM,2024
CR00002299,12/17/2019 07:14:00 AM,15,CLEAR,DARKNESS,FIXED OBJECT,NOT DIVIDED,TRAFFIC SIGNAL,UNABLE TO DETERMINE,UNABLE TO DETERMINE,0,0,0,0,7,3,12,991,47TH ST,41.9643,-87.630888,12/17/2019 08:17:00 AM,2019
CR00002300,02/22/2021 04:05:00 PM,30,CLEAR,DAYLIGHT,REAR END,NOT DIVIDED,NO CONTROLS,DISREGARDING TRAFFIC SIGNALS,UNABLE TO DETERMINE,0,0,0,0,16,2,2,750,WESTERN AVE,41.966357,-87.572386,02/22/2021 05:07:00 PM,2021
CR00002301,07/25/2023 09:17:00 AM,35,CLEAR,DAYLIGHT,PEDESTRIAN,ONE-WAY,TRAFFIC SIGNAL,FAILING TO YIELD RIGHT-OF-WAY,DISREGARDING TRAFFIC SIGNALS,0,0,2,2,9,3,7,728,ARCHER AVE,41.722984,-87.536972,07/25/2023 10:18:00 AM,2023
CR00002302,12/07/2022 05:29:00 PM,30,CLEAR,DAYLIGHT,REAR END,NOT DIVIDED,STOP SIGN/FLASHER,IMPROPER OVERTAKING/PASSING,DISTRACTION - FROM INSIDE VEHICLE,0,0,0,0,17,4,12,2163,ROOSEVELT RD,41.722572,-87.717936,12/07/2022 07:05:00 PM,2022
CR00002303,11/11/2015 05:41:00 AM,35,CLEAR,DAYLIGHT,REAR TO FRONT,ONE-WAY,STOP SIGN/FLASHER,FAILING TO YIELD RIGHT-OF-WAY,NOT APPLICABLE,0,0,1,1,5,4,11,942,PULASKI RD,41.794637,-87.538916,11/11/2015 07:18:00 AM,2015
CR00002304,10/05/2019 01:55:00 PM,35,RAIN,DAYLIGHT,TURNING,DIVIDED - W/MEDIAN BARRIER,STOP SIGN/FLASHER,FOLLOWING TOO CLOSELY,NOT APPLICABLE,0,0,0,0,13,7,10,660,IRVING PARK RD,41.704099,-87.642167,10/05/2019 02:31:00 PM,2019