CRASH_RECORD_ID,CRASH_DATE,POSTED_SPEED_LIMIT,WEATHER_CONDITION,LIGHTING_CONDITION,FIRST_CRASH_TYPE,TRAFFICWAY_TYPE,TRAFFIC_CONTROL_DEVICE,PRIM_CONTRIBUTORY_CAUSE,SEC_CONTRIBUTORY_CAUSE,INJURIES_FATAL,INJURIES_INCAPACITATING,INJURIES_NON_INCAPACITATING,INJURIES_TOTAL,CRASH_HOUR,CRASH_DAY_OF_WEEK,CRASH_MONTH,BEAT_OF_OCCURRENCE,STREET_NAME,LATITUDE,LONGITUDE,DATE_POLICE_NOTIFIED,year
CR00002305,10/12/2017 08:44:00 AM,30,CLEAR,DAYLIGHT,REAR END,ONE-WAY,TRAFFIC SIGNAL,UNABLE TO DETERMINE,FOLLOWING TOO CLOSELY,0,0,0,0,8,5,10,298,ELSTON AVE,41.708783,-87.812167,10/12/2017 10:12:00 AM,2017
CR00002306,09/20/2019 08:15:00 AM,35,CLEAR,DARKNESS - LIGHTED ROAD,REAR TO FRONT,ONE-WAY,NO CONTROLS,FOLLOWING TOO CLOSELY,NOT APPLICABLE,0,0,0,0,8,6,9,2318,47TH ST,41.789473,-87.554467,09/20/2019 09:58:00 AM,2019
CR00002307,11/25/2020 04:12:00 PM,45,CLOUDY/OVERCAST,DAYLIGHT,ANGLE,ONE-WAY,NO CONTROLS,UNABLE TO DETERMINE,DRIVING SKILLS/KNOWLEDGE/EXPERIENCE,0,0,0,0,16,4,11,1431,ELSTON AVE,41.895327,-87.764808,11/25/2020 04:55:00 PM,2020
CR00002308,05/27/2024 06:09:00 PM,30,CLEAR,DAYLIGHT,REAR END,FOUR WAY,PEDESTRIAN CROSSING SIGN,UNABLE TO DETERMINE,NOT APPLICABLE,0,0,0,0,18,2,5,2459,DAMEN AVE,41.865123,-87.731817,05/27/2024 06:45:00 PM,2024
CR00002309,10/07/2023 01:13:00 AM,40,CLOUDY/OVERCAST,DARKNESS - LIGHTED ROAD,REAR END,DIVIDED - W/MEDIAN (NOT RAISED),STOP SIGN/FLASHER,DISTRACTION - FROM INSIDE VEHICLE,UNABLE TO DETERMINE,0,0,2,2,1,7,10,695,MICHIGAN AVE,41.848683,-87.653722,10/07/2023 01:40:00 AM,2023
CR00002310,12/18/2020 01:02:00 AM,40,CLEAR,DAYLIGHT,TURNING,NOT DIVIDED,TRAFFIC SIGNAL,FAILING TO YIELD RIGHT-OF-WAY,DISREGARDING TRAFFIC SIGNALS,0,0,0,0,1,6,12,2064,47TH ST,41.770616,-87.760632,12/18/2020 01:49:00 AM,2020
CR00002311,12/24/2017 06:25:00 AM,30,CLEAR,DAYLIGHT,TURNING,DIVIDED - W/MEDIAN (NOT RAISED),NO CONTROLS,IMPROPER LANE USAGE,IMPROPER OVERTAKING/PASSING,0,0,0,0,6,1,12,2069,BROADWAY,41.930017,-87.804406,12/24/2017 07:17:00 AM,2017
CR00002312,06/02/2015 07:16:00 AM,30,CLEAR,DAYLIGHT,TURNING,DIVIDED - W/MEDIAN (NOT RAISED),NO CONTROLS,DRIVING SKILLS/KNOWLEDGE/EXPERIENCE,UNABLE TO DETERMINE,0,0,0,0,7,3,6,1376,47TH ST,41.790573,-87.670495,06/02/2015 07:31:00 AM,2015
CR00002313,05/27/2017 06:24:00 PM,30,CLEAR,DAYLIGHT,REAR END,ONE-WAY,STOP SIGN/FLASHER,UNABLE TO DETERMINE,FAILING TO YIELD RIGHT-OF-WAY,0,0,1,1,18,7,5,190,MILWAUKEE AVE,41.730593,-87.714651,05/27/2017 06:28:00 PM,2017
CR00002314,10/31/2018 11:45:00 AM,25,CLOUDY/OVERCAST,DAYLIGHT,ANGLE,NOT DIVIDED,TRAFFIC SIGNAL,DRIVING SKILLS/KNOWLEDGE/EXPERIENCE,DISREGARDING TRAFFIC SIGNALS,0,0,0,0,11,4,10,1146,IRVING PARK RD,41.813725,-87.727278,10/31/2018 12:19:00 PM,2018
CR00002315,06/25/2024 08:31:00 AM,30,SNOW,DAYLIGHT,PARKED MOTOR VEHICLE,DIVIDED - W/MEDIAN BARRIER,TRAFFIC SIGNAL,FOLLOWING TOO CLOSELY,FOLLOWING TOO CLOSELY,0,0,0,0,8,3,6,2420,ARCHER AVE,41.996592,-87.567566,06/25/2024 08:57:00 AM,2024
CR00002316,07/26/2022 01:50:00 PM,20,CLEAR,DARKNESS - LIGHTED ROAD,TURNING,FOUR WAY,NO CONTROLS,UNABLE TO DETERMINE,IMPROPER OVERTAKING/PASSING,0,0,0,0,13,3,7,713,MICHIGAN AVE,41.70266,-87.502633,07/26/2022 03:39:00 PM,2022
CR00002317,11/10/2020 12:51:00 PM,20,SNOW,DUSK,REAR TO FRONT,DIVIDED - W/MEDIAN (NOT RAISED),YIELD,UNABLE TO DETERMINE,FAILING TO YIELD RIGHT-OF-WAY,0,0,0,0,12,3,11,2272,MICHIGAN AVE,41.972129,-87.609554,11/10/2020 02:20:00 PM,2020
CR00002318,12/31/2020 12:42:00 PM,30,CLEAR,DAWN,PEDESTRIAN,FOUR WAY,STOP SIGN/FLASHER,UNABLE TO DETERMINE,FAILING TO YIELD RIGHT-OF-WAY,0,0,2,2,12,5,12,1577,PULASKI RD,41.706443,-87.573502,12/31/2020 01:07:00 PM,2020
CR00002319,02/04/2021 07:04:00 AM,15,CLEAR,DAYLIGHT,ANGLE,FOUR WAY,NO CONTROLS,DRIVING SKILLS/KNOWLEDGE/EXPERIENCE,FOLLOWING TOO CLOSELY,0,0,0,0,7,5,2,873,ROOSEVELT RD,41.941058,-87.573248,02/04/2021 08:54:00 AM,2021
CR00002320,04/24/2020 10:29:00 PM,45,CLEAR,DARKNESS,FIXED OBJECT,ONE-WAY,TRAFFIC SIGNAL,FAILING TO REDUCE SPEED,UNABLE TO DETERMINE,0,0,0,0,22,6,4,1348,STONY ISLAND AVE,41.907308,-87.789548,04/24/2020 11:32:00 PM,2020
CR00002321,08/29/2021 12:16:00 PM,30,CLEAR,DAYLIGHT,REAR TO FRONT,T-INTERSECTION,UNKNOWN,IMPROPER OVERTAKING/PASSING,NOT APPLICABLE,0,0,0,0,12,1,8,1548,DAMEN AVE,41.924654,-87.700289,08/29/2021 12:59:00 PM,2021
CR00002322,06/18/2016 03:21:00 PM,20,SNOW,DAYLIGHT,REAR END,NOT DIVIDED,NO CONTROLS,IMPROPER OVERTAKING/PASSING,IMPROPER LANE USAGE,0,0,0,0,15,7,6,1265,47TH ST,41.702326,-87.845807,06/18/2016 04:15:00 PM,2016
CR00002323,06/05/2023 11:37:00 AM,30,RAIN,DAYLIGHT,REAR END,DIVIDED - W/MEDIAN (NOT RAISED),NO CONTROLS,DISREGARDING TRAFFIC SIGNALS,DRIVING SKILLS/KNOWLEDGE/EXPERIENCE,0,0,0,0,11,2,6,2092,47TH ST,41.793913,-87.80886,06/05/2023 12:30:00 PM,2023
CR00002324,01/09/2016 06:43:00 PM,45,CLEAR,DARKNESS - LIGHTED ROAD,PARKED MOTOR VEHICLE,DIVIDED - W/MEDIAN (NOT RAISED),TRAFFIC SIGNAL,FAILING TO YIELD RIGHT-OF-WAY,UNABLE TO DETERMINE,0,0,2,2,18,7,1,1080,PULASKI RD,41.866856,-87.51892,01/09/2016 07:00:00 PM,2016
CR00002325,08/08/2024 09:55:00 AM,30,CLEAR,DARKNESS - LIGHTED ROAD,PEDESTRIAN,FOUR WAY,NO CONTROLS,FOLLOWING TOO CLOSELY,FAILING TO REDUCE SPEED,0,0,3,3,9,5,8,1536,IRVING PARK RD,41.784552,-87.605402,08/08/2024 11:45:00 AM,2024
CR00002326,09/05/2016 08:56:00 PM,30,CLEAR,DARKNESS - LIGHTED ROAD,ANGLE,ONE-WAY,STOP SIGN/FLASHER,UNABLE TO DETERMINE,DISTRACTION - FROM INSIDE VEHICLE,0,0,2,2,20,2,9,952,PULASKI RD,41.750695,-87.662794,09/05/2016 09:57:00 PM,2016
CR00002327,07/21/2016 01:56:00 PM,35,CLEAR,DAYLIGHT,TURNING,ONE-WAY,STOP SIGN/FLASHER,UNABLE TO DETERMINE,NOT APPLICABLE,0,0,0,0,13,5,7,365,OGDEN AVE,41.782176,-87.690279,07/21/2016 03:28:00 PM,2016
CR00002328,09/14/2024 02:02:00 PM,15,CLEAR,DUSK,ANGLE,NOT DIVIDED,NO CONTROLS,FAILING TO YIELD RIGHT-OF-WAY,UNABLE TO DETERMINE,0,0,0,0,14,7,9,411,CLARK ST,41.856522,-87.641919,09/14/2024 02:12:00 PM,2024
CR00002329,07/02/2019 09:16:00 AM,40,CLEAR,DAYLIGHT,REAR TO FRONT,ONE-WAY,TRAFFIC SIGNAL,FAILING TO YIELD RIGHT-OF-WAY,NOT APPLICABLE,0,0,0,0,9,3,7,1342,STONY ISLAND AVE,41.894891,-87.511257,07/02/2019 10:31:00 AM,2019
CR00002330,03/16/2023 08:19:00 PM,30,CLOUDY/OVERCAST,DAYLIGHT,SIDESWIPE SAME DIRECTION,ONE-WAY,UNKNOWN,DISTRACTION - FROM INSIDE VEHICLE,IMPROPER OVERTAKING/PASSING,0,0,3,3,20,5,3,1297,ELSTON AVE,41.975174,-87.549707,03/16/2023 09:57:00 PM,2023
CR00002331,07/26/2022 11:46:00 PM,20,RAIN,DAYLIGHT,TURNING,NOT DIVIDED,NO CONTROLS,FOLLOWING TOO CLOSELY,NOT APPLICABLE,0,0,0,0,23,3,7,488,STONY ISLAND AVE,41.70142,-87.685935,07/27/2022 12:58:00 AM,2022
CR00002332,12/21/2015 07:41:00 PM,25,CLEAR,DARKNESS - LIGHTED ROAD,ANGLE,ONE-WAY,NO CONTROLS,IMPROPER LANE USAGE,FAILING TO YIELD RIGHT-OF-WAY,0,0,0,0,19,2,12,1762,DAMEN AVE,41.866478,-87.839222,12/21/2015 08:02:00 PM,2015
CR00002333,03/01/2023 01:09:00 AM,40,CLEAR,DARKNESS - LIGHTED ROAD,PARKED MOTOR VEHICLE,DIVIDED - W/MEDIAN (NOT RAISED),TRAFFIC SIGNAL,UNABLE TO DETERMINE,FAILING TO YIELD RIGHT-OF-WAY,0,0,0,0,1,4,3,1359,BROADWAY,41.808176,-87.598376,03/01/2023 01:36:00 AM,2023
CR00002334,07/02/2023 10:42:00 PM,15,CLEAR,DARKNESS,REAR TO FRONT,ONE-WAY,NO CONTROLS,DISREGARDING TRAFFIC SIGNALS,DISREGARDING TRAFFIC SIGNALS,0,0,0,0,22,1,7,2531,WESTERN AVE,41.992527,-87.581012,07/02/2023 10:43:00 PM,2023
CR00002335,01/05/2020 02:51:00 AM,40,FOG/SMOKE/HAZE,DUSK,TURNING,DIVIDED - W/MEDIAN BARRIER,UNKNOWN,WEATHER,FAILING TO YIELD RIGHT-OF-WAY,0,0,0,0,2,1,1,2475,MICHIGAN AVE,41.856056,-87.82873,01/05/2020 04:12:00 AM,2020
CR00002336,11/03/2016 02:31:00 AM,30,CLEAR,DAYLIGHT,PARKED MOTOR VEHICLE,NOT DIVIDED,STOP SIGN/FLASHER,FAILING TO REDUCE SPEED,FAILING TO REDUCE SPEED,0,0,3,3,2,5,11,1882,LAKE SHORE DR,41.989171,-87.538458,11/03/2016 03:02:00 AM,2016
CR00002337,02/07/2023 10:34:00 AM,35,CLEAR,DAYLIGHT,ANGLE,NOT DIVIDED,STOP SIGN/FLASHER,FOLLOWING TOO CLOSELY,NOT APPLICABLE,0,0,0,0,10,3,2,1493,BROADWAY,41.82281,-87.61056,02/07/2023 11:53:00 AM,2023
CR00002338,07/21/2018 02:08:00 PM,45,CLEAR,DAYLIGHT,ANGLE,NOT DIVIDED,TRAFFIC SIGNAL,IMPROPER LANE USAGE,FOLLOWING TOO CLOSELY,0,0,0,0,14,7,7,2141,LAKE SHORE DR,41.81855,-87.613056,07/21/2018 02:20:00 PM,2018
CR00002339,06/23/2021 11:00:00 AM,25,CLEAR,DARKNESS - LIGHTED ROAD,SIDESWIPE SAME DIRECTION,NOT DIVIDED,NO CONTROLS,UNABLE TO DETERMINE,NOT APPLICABLE,0,1,1,2,11,4,6,1693,63RD ST,41.926439,-87.828646,06/23/2021 11:56:00 AM,2021
CR00002340,11/13/2017 11:10:00 AM,15,CLEAR,DUSK,REAR TO FRONT,NOT DIVIDED,PEDESTRIAN CROSSING SIGN,WEATHER,UNABLE TO DETERMINE,0,0,1,1,11,2,11,1660,MICHIGAN AVE,41.703033,-87.531318,11/13/2017 12:48:00 PM,2017
CR00002341,10/04/2018 05:27:00 AM,35,CLOUDY/OVERCAST,DARKNESS - LIGHTED ROAD,TURNING,NOT DIVIDED,NO CONTROLS,FOLLOWING TOO CLOSELY,FAILING TO REDUCE SPEED,0,0,0,0,5,5,10,2385,KEDZIE AVE,41.743991,-87.79803,10/04/2018 06:27:00 AM,2018
CR00002342,05/29/2020 08:40:00 PM,30,CLEAR,DAYLIGHT,PEDESTRIAN,T-INTERSECTION,TRAFFIC SIGNAL,IMPROPER LANE USAGE,NOT APPLICABLE,0,0,0,0,20,6,5,955,KEDZIE AVE,41.995033,-87.828353,05/29/2020 10:23:00 PM,2020
CR00002343,07/11/2016 03:27:00 PM,30,CLOUDY/OVERCAST,DAYLIGHT,REAR END,T-INTERSECTION,PEDESTRIAN CROSSING SIGN,DRIVING SKILLS/KNOWLEDGE/EXPERIENCE,UNABLE TO DETERMINE,0,0,0,0,15,2,7,2006,HALSTED ST,41.997873,-87.804669,07/11/2016 04:36:00 PM,2016
CR00002344,10/27/2023 11:54:00 PM,30,CLOUDY/OVERCAST,DARKNESS - LIGHTED ROAD,REAR TO FRONT,DIVIDED - W/MEDIAN BARRIER,UNKNOWN,FAILING TO REDUCE SPEED,NOT APPLICABLE,0,1,3,4,23,6,10,317,WESTERN AVE,41.762369,-87.837629,10/28/2023 01:38:00 AM,2023
CR00002345,02/03/2021 06:37:00 PM,15,CLEAR,DUSK,TURNING,NOT DIVIDED,NO CONTROLS,UNABLE TO DETERMINE,UNABLE TO DETERMINE,0,0,0,0,18,4,2,1055,IRVING PARK RD,41.896494,-87.762156,02/03/2021 08:32:00 PM,2021
CR00002346,03/16/2017 06:07:00 PM,40,CLEAR,DAYLIGHT,TURNING,FOUR WAY,PEDESTRIAN CROSSING SIGN,UNABLE TO DETERMINE,UNABLE TO DETERMINE,0,0,0,0,18,5,3,1574,79TH ST,41.861222,-87.566256,03/16/2017 06:34:00 PM,2017
CR00002347,06/17/2020 04:40:00 PM,30,FOG/SMOKE/HAZE,DARKNESS,FIXED OBJECT,NOT DIVIDED,TRAFFIC SIGNAL,FAILING TO YIELD RIGHT-OF-WAY,IMPROPER LANE USAGE,0,0,3,3,16,4,6,1679,ELSTON AVE,41.857129,-87.601198,06/17/2020 06:01:00 PM,2020
CR00002348,03/09/2015 05:40:00 PM,30,CLOUDY/OVERCAST,DARKNESS,REAR END,NOT DIVIDED,TRAFFIC SIGNAL,IMPROPER OVERTAKING/PASSING,DISTRACTION - FROM INSIDE VEHICLE,0,0,0,0,17,2,3,2309,MICHIGAN AVE,41.810859,-87.602893,03/09/2015 06:20:00 PM,2015
CR00002349,03/13/2020 05:42:00 PM,25,RAIN,DAYLIGHT,REAR END,FOUR WAY,STOP SIGN/FLASHER,FAILING TO YIELD RIGHT-OF-WAY,DRIVING SKILLS/KNOWLEDGE/EXPERIENCE,0,0,0,0,17,6,3,2268,ARCHER AVE,41.78681,-87.736877,03/13/2020 07:14:00 PM,2020
CR00002350,12/01/2021 08:16:00 AM,45,CLEAR,DAYLIGHT,PARKED MOTOR VEHICLE,DIVIDED - W/MEDIAN (NOT RAISED),STOP SIGN/FLASHER,IMPROPER LANE USAGE,IMPROPER OVERTAKING/PASSING,0,0,0,0,8,4,12,2221,KEDZIE AVE,41.739836,-87.502784,12/01/2021 08:44:00 AM,2021
CR00002351,08/07/2022 08:05:00 AM,40,CLEAR,DUSK,PARKED MOTOR VEHICLE,DIVIDED - W/MEDIAN BARRIER,TRAFFIC SIGNAL,FAILING TO YIELD RIGHT-OF-WAY,NOT APPLICABLE,0,0,0,0,8,1,8,1586,IRVING PARK RD,41.706857,-87.792257,08/07/2022 09:22:00 AM,2022
CR00002352,11/27/2015 06:43:00 PM,35,CLOUDY/OVERCAST,DARKNESS - LIGHTED ROAD,ANGLE,DIVIDED - W/MEDIAN (NOT RAISED),STOP SIGN/FLASHER,DISTRACTION - FROM INSIDE VEHICLE,WEATHER,0,0,0,0,18,6,11,250,BROADWAY,41.73833,-87.845911,11/27/2015 07:39:00 PM,2015
CR00002353,03/31/2022 02:14:00 PM,35,CLEAR,DAYLIGHT,ANGLE,ONE-WAY,TRAFFIC SIGNAL,DISREGARDING TRAFFIC SIGNALS,IMPROPER LANE USAGE,0,0,1,1,14,5,3,464,ROOSEVELT RD,41.948651,-87.648048,03/31/2022 03:23:00 PM,2022
CR00002354,01/04/2015 08:33:00 AM,25,CLEAR,DAYLIGHT,SIDESWIPE SAME DIRECTION,DIVIDED - W/MEDIAN (NOT RAISED),STOP SIGN/FLASHER,WEATHER,FAILING TO YIELD RIGHT-OF-WAY,0,0,0,0,8,1,1,1091,63RD ST,41.793126,-87.550219,01/04/2015 09:22:00 AM,2015
CR00002355,12/15/2019 10:13:00 AM,30,RAIN,DAYLIGHT,PARKED MOTOR VEHICLE,NOT DIVIDED,NO CONTROLS,UNABLE TO DETERMINE,DRIVING SKILLS/KNOWLEDGE/EXPERIENCE,0,0,0,0,10,1,12,2405,ARCHER AVE,41.995736,-87.770252,12/15/2019 11:31:00 AM,2019
CR00002356,08/05/2018 08:47:00 PM,30,CLEAR,DAYLIGHT,ANGLE,NOT DIVIDED,TRAFFIC SIGNAL,IMPROPER OVERTAKING/PASSING,UNABLE TO DETERMINE,0,0,0,0,20,1,8,228,PULASKI RD,41.808688,-87.577457,08/05/2018 10:11:00 PM,2018
CR00002357,09/04/2016 07:54:00 PM,30,CLEAR,DARKNESS,TURNING,NOT DIVIDED,STOP SIGN/FLASHER,DISREGARDING TRAFFIC SIGNALS,UNABLE TO DETERMINE,0,0,0,0,19,1,9,1537,ROOSEVELT RD,41.898656,-87.592295,09/04/2016 08:54:00 PM,2016
CR00002358,05/19/2019 06:50:00 PM,30,CLEAR,DARKNESS - LIGHTED ROAD,TURNING,NOT DIVIDED,STOP SIGN/FLASHER,UNABLE TO DETERMINE,IMPROPER LANE USAGE,0,0,0,0,18,1,5,367,DAMEN AVE,41.915945,-87.56061,05/19/2019 07:12:00 PM,2019
CR00002359,06/27/2022 01:00:00 PM,15,CLOUDY/OVERCAST,DAYLIGHT,REAR END,T-INTERSECTION,NO CONTROLS,FAILING TO YIELD RIGHT-OF-WAY,FOLLOWING TOO CLOSELY,0,0,1,1,13,2,6,1346,IRVING PARK RD,41.864615,-87.699223,06/27/2022 02:33:00 PM,2022
CR00002360,01/07/2020 08:49:00 PM,35,CLEAR,DAYLIGHT,PARKED MOTOR VEHICLE,DIVIDED - W/MEDIAN (NOT RAISED),STOP SIGN/FLASHER,FOLLOWING TOO CLOSELY,UNABLE TO DETERMINE,0,0,0,0,20,3,1,2083,DAMEN AVE,41.871306,-87.608202,01/07/2020 10:15:00 PM,2020
CR00002361,12/01/2023 03:50:00 AM,30,RAIN,DARKNESS - LIGHTED ROAD,REAR END,NOT DIVIDED,NO CONTROLS,FAILING TO YIELD RIGHT-OF-WAY,DISREGARDING TRAFFIC SIGNALS,0,0,2,2,3,6,12,2110,MICHIGAN AVE,41.729018,-87.704808,12/01/2023 05:48:00 AM,2023
CR00002362,01/10/2023 09:26:00 AM,35,CLEAR,DARKNESS,SIDESWIPE SAME DIRECTION,ONE-WAY,TRAFFIC SIGNAL,WEATHER,DRIVING SKILLS/KNOWLEDGE/EXPERIENCE,0,0,0,0,9,3,1,333,ROOSEVELT RD,41.872395,-87.744949,01/10/2023 11:24:00 AM,2023
CR00002363,08/24/2023 08:57:00 PM,30,CLEAR,DARKNESS - LIGHTED ROAD,REAR END,DIVIDED - W/MEDIAN (NOT RAISED),TRAFFIC SIGNAL,FOLLOWING TOO CLOSELY,DISREGARDING TRAFFIC SIGNALS,0,0,3,3,20,5,8,1940,CALIFORNIA AVE,41.708998,-87.733886,08/24/2023 09:53:00 PM,2023
CR00002364,01/06/2016 04:33:00 PM,45,CLEAR,DARKNESS - LIGHTED ROAD,SIDESWIPE SAME DIRECTION,FOUR WAY,NO CONTROLS,DRIVING SKILLS/KNOWLEDGE/EXPERIENCE,UNABLE TO DETERMINE,0,1,1,2,16,4,1,1718,STONY ISLAND AVE,41.773653,-87.757592,01/06/2016 04:39:00 PM,2016
CR00002365,05/18/2023 11:03:00 AM,45,SNOW,DAYLIGHT,SIDESWIPE SAME DIRECTION,DIVIDED - W/MEDIAN (NOT RAISED),STOP SIGN/FLASHER,DISTRACTION - FROM INSIDE VEHICLE,UNABLE TO DETERMINE,0,0,0,0,11,5,5,1186,MICHIGAN AVE,41.713524,-87.548799,05/18/2023 12:26:00 PM,2023
CR00002366,05/06/2018 08:55:00 PM,25,CLEAR,DAYLIGHT,REAR END,DIVIDED - W/MEDIAN BARRIER,TRAFFIC SIGNAL,FAILING TO YIELD RIGHT-OF-WAY,UNABLE TO DETERMINE,0,0,0,0,20,1,5,1063,OGDEN AVE,41.775341,-87.708005,05/06/2018 09:38:00 PM,2018
CR00002367,01/25/2020 04:00:00 AM,35,RAIN,DAYLIGHT,TURNING,DIVIDED - W/MEDIAN (NOT RAISED),NO CONTROLS,FOLLOWING TOO CLOSELY,IMPROPER LANE USAGE,0,0,0,0,4,7,1,340,KEDZIE AVE,41.713502,-87.734459,01/25/2020 04:40:00 AM,2020
CR00002368,05/07/2020 01:16:00 PM,20,SNOW,DUSK,REAR END,DIVIDED - W/MEDIAN (NOT RAISED),NO CONTROLS,UNABLE TO DETERMINE,UNABLE TO DETERMINE,0,0,0,0,13,5,5,574,MILWAUKEE AVE,41.837867,-87.592871,05/07/2020 02:31:00 PM,2020
CR00002369,07/01/2015 07:15:00 PM,30,RAIN,DAYLIGHT,PEDESTRIAN,ONE-WAY,UNKNOWN,FAILING TO REDUCE SPEED,UNABLE TO DETERMINE,0,0,0,0,19,4,7,2406,79TH ST,41.944844,-87.708229,07/01/2015 07:56:00 PM,2015
CR00002370,07/01/2015 02:50:00 AM,40,CLEAR,DARKNESS,PEDESTRIAN,FOUR WAY,TRAFFIC SIGNAL,UNABLE TO DETERMINE,UNABLE TO DETERMINE,0,0,1,1,2,4,7,1015,OGDEN AVE,41.764457,-87.719518,07/01/2015 04:39:00 AM,2015
CR00002371,07/09/2018 11:47:00 AM,35,CLEAR,DARKNESS - LIGHTED ROAD,REAR END,NOT DIVIDED,NO CONTROLS,UNABLE TO DETERMINE,UNABLE TO DETERMINE,0,0,0,0,11,2,7,1305,ARCHER AVE,41.958782,-87.791427,07/09/2018 12:31:00 PM,2018
CR00002372,08/07/2024 02:06:00 PM,45,CLEAR,DARKNESS - LIGHTED ROAD,ANGLE,T-INTERSECTION,STOP SIGN/FLASHER,UNABLE TO DETERMINE,UNABLE TO DETERMINE,0,0,2,2,14,4,8,1743,79TH ST,41.924302,-87.621074,08/07/2024 02:18:00 PM,2024
CR00002373,10/18/2023 07:23:00 PM,45,CLEAR,DARKNESS - LIGHTED ROAD,TURNING,ONE-WAY,TRAFFIC SIGNAL,UNABLE TO DETERMINE,DRIVING SKILLS/KNOWLEDGE/EXPERIENCE,0,0,0,0,19,4,10,1873,63RD ST,41.806872,-87.807715,10/18/2023 07:36:00 PM,2023
CR00002374,07/10/2020 04:30:00 AM,45,CLEAR,DARKNESS,REAR END,T-INTERSECTION,STOP SIGN/FLASHER,FAILING TO REDUCE SPEED,NOT APPLICABLE,0,0,0,0,4,6,7,1597,WESTERN AVE,41.70344,-87.741084,07/10/2020 04:49:00 AM,2020
CR00002375,07/01/2020 06:06:00 PM,30,CLEAR,DAYLIGHT,REAR TO FRONT,NOT DIVIDED,NO CONTROLS,IMPROPER LANE USAGE,FAILING TO YIELD RIGHT-OF-WAY,0,0,0,0,18,4,7,768,HALSTED ST,41.725119,-87.513006,07/01/2020 06:35:00 PM,2020
CR00002376,06/22/2015 04:55:00 PM,35,CLEAR,DAYLIGHT,ANGLE,ONE-WAY,TRAFFIC SIGNAL,FAILING TO YIELD RIGHT-OF-WAY,UNABLE TO DETERMINE,0,0,1,1,16,2,6,1938,STATE ST,41.8434,-87.613322,06/22/2015 06:55:00 PM,2015
CR00002377,01/24/2021 12:24:00 AM,35,CLOUDY/OVERCAST,DAYLIGHT,PEDESTRIAN,NOT DIVIDED,STOP SIGN/FLASHER,UNABLE TO DETERMINE,NOT APPLICABLE,0,0,0,0,0,1,1,343,BROADWAY,41.720488,-87.528651,01/24/2021 12:48:00 AM,2021
CR00002378,08/21/2021 11:23:00 PM,15,SNOW,DAYLIGHT,ANGLE,NOT DIVIDED,NO CONTROLS,DISTRACTION - FROM INSIDE VEHICLE,DISREGARDING TRAFFIC SIGNALS,0,0,1,1,23,7,8,639,63RD ST,41.750406,-87.808742,08/22/2021 12:19:00 AM,2021
CR00002379,12/20/2022 05:49:00 PM,30,CLEAR,DAYLIGHT,REAR END,DIVIDED - W/MEDIAN (NOT RAISED),TRAFFIC SIGNAL,IMPROPER LANE USAGE,NOT APPLICABLE,0,0,0,0,17,3,12,2180,IRVING PARK RD,41.903864,-87.554685,12/20/2022 07:48:00 PM,2022
CR00002380,07/21/2020 04:46:00 PM,30,RAIN,DAYLIGHT,ANGLE,FOUR WAY,UNKNOWN,DRIVING SKILLS/KNOWLEDGE/EXPERIENCE,FAILING TO REDUCE SPEED,0,0,1,1,16,3,7,531,WESTERN AVE,41.734507,-87.750429,07/21/2020 06:11:00 PM,2020
CR00002381,11/19/2024 04:45:00 PM,40,CLEAR,DAYLIGHT,TURNING,NOT DIVIDED,TRAFFIC SIGNAL,UNABLE TO DETERMINE,UNABLE TO DETERMINE,0,0,0,0,16,3,11,366,HALSTED ST,41.732321,-87.583016,11/19/2024 06:36:00 PM,2024
CR00002382,06/18/2023 03:53:00 AM,30,FREEZING RAIN/DRIZZLE,DAYLIGHT,FIXED OBJECT,ONE-WAY,PEDESTRIAN CROSSING SIGN,UNABLE TO DETERMINE,FOLLOWING TOO CLOSELY,0,0,0,0,3,1,6,1144,ROOSEVELT RD,41.826658,-87.668397,06/18/2023 04:45:00 AM,2023
CR00002383,12/06/2023 09:26:00 PM,40,CLEAR,DAYLIGHT,TURNING,ONE-WAY,TRAFFIC SIGNAL,FOLLOWING TOO CLOSELY,FOLLOWING TOO CLOSELY,0,0,3,3,21,4,12,2418,ARCHER AVE,41.849869,-87.814228,12/06/2023 09:31:00 PM,2023
CR00002384,05/03/2015 10:25:00 PM,40,CLEAR,DAYLIGHT,REAR END,DIVIDED - W/MEDIAN BARRIER,TRAFFIC SIGNAL,FOLLOWING TOO CLOSELY,FOLLOWING TOO CLOSELY,0,0,0,0,22,1,5,1731,DAMEN AVE,41.904031,-87.552625,05/03/2015 11:08:00 PM,2015
CR00002385,08/30/2021 04:14:00 PM,45,SNOW,DAYLIGHT,ANGLE,NOT DIVIDED,NO CONTROLS,IMPROPER LANE USAGE,FOLLOWING TOO CLOSELY,0,0,0,0,16,2,8,420,CLARK ST,41.891303,-87.529907,08/30/2021 04:59:00 PM,2021
CR00002386,08/09/2016 06:39:00 PM,35,CLEAR,DAYLIGHT,SIDESWIPE SAME DIRECTION,NOT DIVIDED,STOP SIGN/FLASHER,WEATHER,DISTRACTION - FROM INSIDE VEHICLE,0,0,0,0,18,3,8,2285,CLARK ST,41.787107,-87.72432,08/09/2016 08:39:00 PM,2016