CRASH_RECORD_ID,CRASH_DATE,POSTED_SPEED_LIMIT,WEATHER_CONDITION,LIGHTING_CONDITION,FIRST_CRASH_TYPE,TRAFFICWAY_TYPE,TRAFFIC_CONTROL_DEVICE,PRIM_CONTRIBUTORY_CAUSE,SEC_CONTRIBUTORY_CAUSE,INJURIES_FATAL,INJURIES_INCAPACITATING,INJURIES_NON_INCAPACITATING,INJURIES_TOTAL,CRASH_HOUR,CRASH_DAY_OF_WEEK,CRASH_MONTH,BEAT_OF_OCCURRENCE,STREET_NAME,LATITUDE,LONGITUDE,DATE_POLICE_NOTIFIED,year
CR00002387,02/04/2020 01:48:00 PM,30,CLEAR,DAYLIGHT,TURNING,NOT DIVIDED,TRAFFIC SIGNAL,UNABLE TO DETERMINE,DRIVING SKILLS/KNOWLEDGE/EXPERIENCE,0,0,0,0,13,3,2,1741,ASHLAND AVE,41.725673,-87.6398,02/04/2020 02:33:00 PM,2020
CR00002388,04/06/2020 10:43:00 AM,15,CLEAR,DARKNESS,TURNING,NOT DIVIDED,STOP SIGN/FLASHER,IMPROPER OVERTAKING/PASSING,FAILING TO YIELD RIGHT-OF-WAY,0,0,0,0,10,2,4,447,ASHLAND AVE,41.967041,-87.737941,04/06/2020 12:40:00 PM,2020
CR00002389,07/05/2023 12:24:00 PM,30,CLEAR,DARKNESS - LIGHTED ROAD,ANGLE,NOT DIVIDED,NO CONTROLS,FAILING TO YIELD RIGHT-OF-WAY,NOT APPLICABLE,0,0,0,0,12,4,7,2346,DIVISION ST,41.915748,-87.710344,07/05/2023 12:26:00 PM,2023
CR00002390,01/29/2022 08:43:00 PM,35,CLEAR,DARKNESS - LIGHTED ROAD,REAR TO FRONT,ONE-WAY,STOP SIGN/FLASHER,FOLLOWING TOO CLOSELY,UNABLE TO DETERMINE,0,0,0,0,20,7,1,747,CICERO AVE,41.89514,-87.806272,01/29/2022 09:31:00 PM,2022
CR00002391,01/30/2019 10:59:00 PM,30,CLEAR,DAYLIGHT,REAR END,NOT DIVIDED,TRAFFIC SIGNAL,UNABLE TO DETERMINE,FOLLOWING TOO CLOSELY,0,0,0,0,22,4,1,1698,PULASKI RD,41.739641,-87.819642,01/30/2019 11:18:00 PM,2019
CR00002392,01/03/2015 03:20:00 PM,35,CLEAR,DAYLIGHT,REAR END,NOT DIVIDED,TRAFFIC SIGNAL,UNABLE TO DETERMINE,FOLLOWING TOO CLOSELY,0,0,0,0,15,7,1,715,WESTERN AVE,41.856744,-87.633245,01/03/2015 04:37:00 PM,2015
CR00002393,01/07/2022 12:58:00 PM,30,CLOUDY/OVERCAST,DAYLIGHT,ANGLE,NOT DIVIDED,TRAFFIC SIGNAL,FAILING TO YIELD RIGHT-OF-WAY,UNABLE TO DETERMINE,0,0,0,0,12,6,1,1449,DIVISION ST,41.768299,-87.780274,01/07/2022 01:10:00 PM,2022
CR00002394,04/19/2024 05:14:00 PM,20,CLEAR,DARKNESS - LIGHTED ROAD,REAR END,NOT DIVIDED,STOP SIGN/FLASHER,FOLLOWING TOO CLOSELY,NOT APPLICABLE,0,0,0,0,17,6,4,1157,ROOSEVELT RD,41.744824,-87.797702,04/19/2024 06:47:00 PM,2024
CR00002395,07/15/2017 07:06:00 PM,40,CLEAR,DARKNESS - LIGHTED ROAD,SIDESWIPE SAME DIRECTION,NOT DIVIDED,UNKNOWN,UNABLE TO DETERMINE,FAILING TO REDUCE SPEED,0,0,1,1,19,7,7,2007,LAKE SHORE DR,41.784311,-87.839161,07/15/2017 09:02:00 PM,2017
CR00002396,08/20/2021 08:34:00 PM,20,CLEAR,DAYLIGHT,ANGLE,NOT DIVIDED,NO CONTROLS,UNABLE TO DETERMINE,UNABLE TO DETERMINE,0,0,0,0,20,6,8,2115,DIVISION ST,41.962161,-87.834204,08/20/2021 08:54:00 PM,2021
CR00002397,05/06/2021 06:57:00 PM,15,SNOW,DARKNESS - LIGHTED ROAD,TURNING,NOT DIVIDED,NO CONTROLS,UNABLE TO DETERMINE,FAILING TO YIELD RIGHT-OF-WAY,0,0,0,0,18,5,5,1508,CALIFORNIA AVE,41.724243,-87.811833,05/06/2021 06:59:00 PM,2021
CR00002398,10/28/2020 08:39:00 PM,30,CLEAR,DARKNESS - LIGHTED ROAD,TURNING,NOT DIVIDED,PEDESTRIAN CROSSING SIGN,FAILING TO YIELD RIGHT-OF-WAY,NOT APPLICABLE,0,0,0,0,20,4,10,622,DAMEN AVE,41.830566,-87.774034,10/28/2020 09:22:00 PM,2020
CR00002399,05/23/2017 08:44:00 PM,35,RAIN,DAYLIGHT,SIDESWIPE SAME DIRECTION,NOT DIVIDED,NO CONTROLS,DISREGARDING TRAFFIC SIGNALS,UNABLE TO DETERMINE,0,0,0,0,20,3,5,625,79TH ST,41.856804,-87.663385,05/23/2017 09:10:00 PM,2017
CR00002400,08/11/2018 08:20:00 AM,40,FOG/SMOKE/HAZE,DAYLIGHT,ANGLE,NOT DIVIDED,TRAFFIC SIGNAL,UNABLE TO DETERMINE,FOLLOWING TOO CLOSELY,0,0,0,0,8,7,8,1131,MILWAUKEE AVE,41.969711,-87.510501,08/11/2018 09:47:00 AM,2018
CR00002401,02/06/2019 08:35:00 AM,15,CLEAR,DAYLIGHT,TURNING,ONE-WAY,TRAFFIC SIGNAL,FAILING TO YIELD RIGHT-OF-WAY,NOT APPLICABLE,0,0,0,0,8,4,2,1651,47TH ST,41.756006,-87.513236,02/06/2019 08:56:00 AM,2019
CR00002402,07/01/2015 04:08:00 PM,40,CLEAR,DAYLIGHT,PEDESTRIAN,DIVIDED - W/MEDIAN BARRIER,NO CONTROLS,UNABLE TO DETERMINE,DISTRACTION - FROM INSIDE VEHICLE,0,0,0,0,16,4,7,2035,MILWAUKEE AVE,41.990961,-87.74527,07/01/2015 05:39:00 PM,2015
CR00002403,04/30/2017 04:43:00 AM,25,CLEAR,DAYLIGHT,REAR END,FOUR WAY,STOP SIGN/FLASHER,UNABLE TO DETERMINE,IMPROPER OVERTAKING/PASSING,0,0,3,3,4,1,4,1310,47TH ST,41.807972,-87.783646,04/30/2017 05:31:00 AM,2017
CR00002404,12/03/2015 09:50:00 AM,30,CLEAR,DAYLIGHT,PARKED MOTOR VEHICLE,FOUR WAY,TRAFFIC SIGNAL,FOLLOWING TOO CLOSELY,FAILING TO YIELD RIGHT-OF-WAY,0,0,1,1,9,5,12,1989,CLARK ST,41.704568,-87.714309,12/03/2015 10:26:00 AM,2015
CR00002405,01/15/2018 08:13:00 AM,20,SNOW,DAYLIGHT,SIDESWIPE SAME DIRECTION,NOT DIVIDED,NO CONTROLS,FOLLOWING TOO CLOSELY,NOT APPLICABLE,0,0,0,0,8,2,1,2478,CALIFORNIA AVE,41.938709,-87.552429,01/15/2018 08:26:00 AM,2018
CR00002406,11/05/2016 05:27:00 PM,30,RAIN,DARKNESS - LIGHTED ROAD,ANGLE,DIVIDED - W/MEDIAN (NOT RAISED),UNKNOWN,FAILING TO REDUCE SPEED,DRIVING SKILLS/KNOWLEDGE/EXPERIENCE,0,0,1,1,17,7,11,1557,ELSTON AVE,41.937547,-87.744109,11/05/2016 06:05:00 PM,2016
CR00002407,01/15/2023 01:40:00 PM,35,CLEAR,DAYLIGHT,REAR END,DIVIDED - W/MEDIAN BARRIER,NO CONTROLS,UNABLE TO DETERMINE,FAILING TO YIELD RIGHT-OF-WAY,0,0,0,0,13,1,1,2445,FULLERTON AVE,41.859205,-87.672694,01/15/2023 03:28:00 PM,2023
CR00002408,09/20/2016 03:38:00 PM,40,CLEAR,DARKNESS - LIGHTED ROAD,SIDESWIPE SAME DIRECTION,ONE-WAY,NO CONTROLS,UNABLE TO DETERMINE,UNABLE TO DETERMINE,0,0,0,0,15,3,9,581,STONY ISLAND AVE,41.836903,-87.507829,09/20/2016 04:07:00 PM,2016
CR00002409,11/16/2016 08:14:00 AM,20,CLEAR,DUSK,REAR TO FRONT,ONE-WAY,NO CONTROLS,FAILING TO YIELD RIGHT-OF-WAY,DRIVING SKILLS/KNOWLEDGE/EXPERIENCE,0,0,2,2,8,4,11,1997,CLARK ST,41.704134,-87.692336,11/16/2016 09:42:00 AM,2016
CR00002410,02/27/2020 03:46:00 PM,30,CLEAR,DAYLIGHT,REAR END,DIVIDED - W/MEDIAN BARRIER,TRAFFIC SIGNAL,FAILING TO YIELD RIGHT-OF-WAY,FAILING TO REDUCE SPEED,0,0,1,1,15,5,2,670,STONY ISLAND AVE,41.820807,-87.706104,02/27/2020 05:24:00 PM,2020
CR00002411,08/02/2024 04:54:00 PM,40,CLEAR,DAYLIGHT,PARKED MOTOR VEHICLE,NOT DIVIDED,TRAFFIC SIGNAL,FAILING TO YIELD RIGHT-OF-WAY,NOT APPLICABLE,0,0,0,0,16,6,8,2300,STONY ISLAND AVE,41.959637,-87.786655,08/02/2024 06:22:00 PM,2024
CR00002412,05/23/2020 04:50:00 PM,30,RAIN,DAYLIGHT,REAR END,NOT DIVIDED,NO CONTROLS,DISREGARDING TRAFFIC SIGNALS,WEATHER,0,0,0,0,16,7,5,1575,79TH ST,41.832109,-87.700668,05/23/2020 06:21:00 PM,2020
CR00002413,07/29/2021 11:27:00 PM,35,SNOW,DAYLIGHT,REAR END,NOT DIVIDED,TRAFFIC SIGNAL,FAILING TO YIELD RIGHT-OF-WAY,UNABLE TO DETERMINE,0,0,0,0,23,5,7,487,STONY ISLAND AVE,41.898677,-87.837161,07/30/2021 12:19:00 AM,2021
CR00002414,04/08/2017 09:41:00 AM,40,SNOW,DAYLIGHT,TURNING,DIVIDED - W/MEDIAN (NOT RAISED),NO CONTROLS,UNABLE TO DETERMINE,FOLLOWING TOO CLOSELY,0,1,3,4,9,7,4,842,ASHLAND AVE,41.963484,-87.653152,04/08/2017 09:56:00 AM,2017
CR00002415,04/30/2015 12:47:00 PM,15,CLEAR,DARKNESS - LIGHTED ROAD,PEDESTRIAN,DIVIDED - W/MEDIAN BARRIER,NO CONTROLS,FAILING TO YIELD RIGHT-OF-WAY,FOLLOWING TOO CLOSELY,0,0,0,0,12,5,4,2266,ASHLAND AVE,41.867199,-87.819078,04/30/2015 02:24:00 PM,2015
CR00002416,12/07/2015 06:26:00 PM,40,RAIN,DARKNESS,TURNING,ONE-WAY,NO CONTROLS,UNABLE TO DETERMINE,UNABLE TO DETERMINE,0,0,0,0,18,2,12,1110,LAKE SHORE DR,41.873815,-87.525999,12/07/2015 08:01:00 PM,2015
CR00002417,06/08/2021 07:12:00 PM,35,CLEAR,DARKNESS - LIGHTED ROAD,TURNING,DIVIDED - W/MEDIAN (NOT RAISED),TRAFFIC SIGNAL,DRIVING SKILLS/KNOWLEDGE/EXPERIENCE,IMPROPER OVERTAKING/PASSING,0,0,1,1,19,3,6,2050,LAKE SHORE DR,41.972877,-87.712143,06/08/2021 08:26:00 PM,2021
CR00002418,02/08/2019 04:13:00 PM,30,CLEAR,DARKNESS - LIGHTED ROAD,SIDESWIPE SAME DIRECTION,FOUR WAY,NO CONTROLS,IMPROPER LANE USAGE,FAILING TO YIELD RIGHT-OF-WAY,0,0,0,0,16,6,2,1001,IRVING PARK RD,41.8677,-87.824834,02/08/2019 06:00:00 PM,2019
CR00002419,02/17/2024 04:01:00 PM,30,CLEAR,DARKNESS - LIGHTED ROAD,PARKED MOTOR VEHICLE,NOT DIVIDED,STOP SIGN/FLASHER,IMPROPER OVERTAKING/PASSING,NOT APPLICABLE,0,0,1,1,16,7,2,1763,ASHLAND AVE,41.829706,-87.678014,02/17/2024 04:18:00 PM,2024
CR00002420,01/28/2019 01:02:00 AM,30,CLEAR,DAYLIGHT,SIDESWIPE SAME DIRECTION,NOT DIVIDED,NO CONTROLS,DISREGARDING TRAFFIC SIGNALS,UNABLE TO DETERMINE,0,0,0,0,1,2,1,1790,STATE ST,41.724599,-87.636574,01/28/2019 01:45:00 AM,2019
CR00002421,08/07/2020 05:10:00 PM,20,CLEAR,DUSK,ANGLE,DIVIDED - W/MEDIAN (NOT RAISED),NO CONTROLS,FAILING TO YIELD RIGHT-OF-WAY,WEATHER,0,0,0,0,17,6,8,1124,CALIFORNIA AVE,41.778465,-87.645241,08/07/2020 05:12:00 PM,2020
CR00002422,11/23/2022 05:01:00 PM,45,CLEAR,DAYLIGHT,ANGLE,NOT DIVIDED,TRAFFIC SIGNAL,DISTRACTION - FROM INSIDE VEHICLE,NOT APPLICABLE,0,0,0,0,17,4,11,209,BROADWAY,41.888652,-87.569744,11/23/2022 06:19:00 PM,2022
CR00002423,02/04/2020 05:36:00 PM,15,RAIN,DARKNESS,TURNING,NOT DIVIDED,NO CONTROLS,UNABLE TO DETERMINE,WEATHER,0,0,0,0,17,3,2,893,CALIFORNIA AVE,41.899892,-87.714513,02/04/2020 06:00:00 PM,2020
CR00002424,01/12/2017 02:19:00 PM,35,RAIN,DARKNESS - LIGHTED ROAD,TURNING,NOT DIVIDED,NO CONTROLS,FAILING TO YIELD RIGHT-OF-WAY,DISTRACTION - FROM INSIDE VEHICLE,0,0,0,0,14,5,1,2020,ASHLAND AVE,41.752035,-87.722658,01/12/2017 04:02:00 PM,2017
CR00002425,06/15/2022 07:41:00 PM,25,FREEZING RAIN/DRIZZLE,DARKNESS - LIGHTED ROAD,TURNING,NOT DIVIDED,NO CONTROLS,UNABLE TO DETERMINE,FAILING TO REDUCE SPEED,0,0,0,0,19,4,6,1474,CLARK ST,41.974502,-87.694624,06/15/2022 08:07:00 PM,2022
CR00002426,08/08/2022 05:06:00 PM,45,CLEAR,DARKNESS - LIGHTED ROAD,TURNING,DIVIDED - W/MEDIAN (NOT RAISED),TRAFFIC SIGNAL,DRIVING SKILLS/KNOWLEDGE/EXPERIENCE,FAILING TO REDUCE SPEED,0,0,1,1,17,2,8,2295,79TH ST,41.919047,-87.552483,08/08/2022 05:07:00 PM,2022
CR00002427,09/13/2022 04:26:00 PM,45,CLEAR,DAYLIGHT,TURNING,ONE-WAY,TRAFFIC SIGNAL,IMPROPER OVERTAKING/PASSING,NOT APPLICABLE,0,0,0,0,16,3,9,2521,CLARK ST,41.71048,-87.585334,09/13/2022 05:10:00 PM,2022
CR00002428,04/19/2024 08:44:00 AM,30,CLEAR,DARKNESS - LIGHTED ROAD,TURNING,ONE-WAY,STOP SIGN/FLASHER,FAILING TO YIELD RIGHT-OF-WAY,NOT APPLICABLE,0,0,1,1,8,6,4,1536,DIVISION ST,41.965112,-87.832129,04/19/2024 09:33:00 AM,2024
CR00002429,06/01/2019 09:55:00 PM,30,CLEAR,DUSK,REAR END,DIVIDED - W/MEDIAN (NOT RAISED),TRAFFIC SIGNAL,DISTRACTION - FROM INSIDE VEHICLE,NOT APPLICABLE,0,0,2,2,21,7,6,1077,STATE ST,41.815503,-87.759251,06/01/2019 11:10:00 PM,2019
CR00002430,07/28/2024 02:58:00 PM,25,CLEAR,DAYLIGHT,REAR TO FRONT,DIVIDED - W/MEDIAN (NOT RAISED),NO CONTROLS,IMPROPER OVERTAKING/PASSING,IMPROPER OVERTAKING/PASSING,0,0,0,0,14,1,7,794,DIVISION ST,41.795915,-87.837372,07/28/2024 04:20:00 PM,2024
CR00002431,04/05/2022 12:35:00 AM,35,CLEAR,DAYLIGHT,PARKED MOTOR VEHICLE,FOUR WAY,NO CONTROLS,FOLLOWING TOO CLOSELY,NOT APPLICABLE,0,0,0,0,0,3,4,210,MICHIGAN AVE,41.903768,-87.588187,04/05/2022 01:54:00 AM,2022
CR00002432,12/12/2019 09:52:00 PM,35,CLEAR,DAYLIGHT,TURNING,NOT DIVIDED,TRAFFIC SIGNAL,UNABLE TO DETERMINE,UNABLE TO DETERMINE,0,0,0,0,21,5,12,2285,ARCHER AVE,41.86619,-87.520353,12/12/2019 11:31:00 PM,2019
CR00002433,07/09/2019 04:12:00 PM,35,CLEAR,DUSK,ANGLE,NOT DIVIDED,UNKNOWN,FOLLOWING TOO CLOSELY,NOT APPLICABLE,0,0,0,0,16,3,7,219,LAKE SHORE DR,41.882149,-87.763314,07/09/2019 05:29:00 PM,2019
CR00002434,06/25/2017 02:13:00 PM,15,CLOUDY/OVERCAST,DAYLIGHT,REAR END,NOT DIVIDED,UNKNOWN,FOLLOWING TOO CLOSELY,NOT APPLICABLE,0,0,0,0,14,1,6,220,MILWAUKEE AVE,41.940879,-87.753807,06/25/2017 02:59:00 PM,2017
CR00002435,02/28/2016 02:51:00 AM,40,CLEAR,DARKNESS - LIGHTED ROAD,PARKED MOTOR VEHICLE,DIVIDED - W/MEDIAN (NOT RAISED),NO CONTROLS,UNABLE TO DETERMINE,NOT APPLICABLE,0,0,0,0,2,1,2,1293,BROADWAY,41.742346,-87.723663,02/28/2016 03:21:00 AM,2016
CR00002436,03/28/2020 10:41:00 AM,35,CLEAR,DUSK,REAR END,NOT DIVIDED,NO CONTROLS,UNABLE TO DETERMINE,NOT APPLICABLE,0,0,0,0,10,7,3,2089,KEDZIE AVE,41.907497,-87.500768,03/28/2020 12:37:00 PM,2020
CR00002437,03/21/2024 08:36:00 PM,15,CLOUDY/OVERCAST,DAWN,ANGLE,NOT DIVIDED,NO CONTROLS,UNABLE TO DETERMINE,NOT APPLICABLE,0,0,0,0,20,5,3,463,WESTERN AVE,41.779337,-87.732514,03/21/2024 08:55:00 PM,2024
CR00002438,01/03/2017 05:31:00 PM,45,CLEAR,DAYLIGHT,TURNING,NOT DIVIDED,TRAFFIC SIGNAL,FOLLOWING TOO CLOSELY,IMPROPER LANE USAGE,0,0,0,0,17,3,1,1990,LAKE SHORE DR,41.844882,-87.663338,01/03/2017 06:59:00 PM,2017
CR00002439,05/06/2021 05:30:00 PM,15,CLEAR,DAYLIGHT,SIDESWIPE SAME DIRECTION,NOT DIVIDED,NO CONTROLS,FOLLOWING TOO CLOSELY,IMPROPER OVERTAKING/PASSING,0,0,0,0,17,5,5,1620,STATE ST,41.758894,-87.767379,05/06/2021 07:17:00 PM,2021
CR00002440,12/01/2022 03:33:00 PM,30,SNOW,DUSK,REAR TO FRONT,FOUR WAY,STOP SIGN/FLASHER,UNABLE TO DETERMINE,FAILING TO YIELD RIGHT-OF-WAY,0,0,0,0,15,5,12,229,STONY ISLAND AVE,41.956504,-87.841976,12/01/2022 05:17:00 PM,2022
CR00002441,07/13/2023 02:01:00 PM,35,CLEAR,DARKNESS - LIGHTED ROAD,REAR END,FOUR WAY,UNKNOWN,DRIVING SKILLS/KNOWLEDGE/EXPERIENCE,FAILING TO REDUCE SPEED,0,0,0,0,14,5,7,590,STONY ISLAND AVE,41.958215,-87.68537,07/13/2023 02:57:00 PM,2023
CR00002442,09/22/2021 08:15:00 AM,30,CLEAR,DARKNESS - LIGHTED ROAD,PARKED MOTOR VEHICLE,FOUR WAY,TRAFFIC SIGNAL,FOLLOWING TOO CLOSELY,FAILING TO REDUCE SPEED,0,0,3,3,8,4,9,519,47TH ST,41.732936,-87.784339,09/22/2021 09:15:00 AM,2021
CR00002443,04/05/2023 08:58:00 AM,15,CLEAR,DARKNESS - LIGHTED ROAD,REAR END,T-INTERSECTION,NO CONTROLS,DISTRACTION - FROM INSIDE VEHICLE,NOT APPLICABLE,0,0,2,2,8,4,4,1756,79TH ST,41.702694,-87.529167,04/05/2023 10:03:00 AM,2023
CR00002444,01/28/2019 07:56:00 AM,35,CLEAR,DAYLIGHT,REAR TO FRONT,ONE-WAY,STOP SIGN/FLASHER,DISTRACTION - FROM INSIDE VEHICLE,FOLLOWING TOO CLOSELY,0,0,0,0,7,2,1,1907,OGDEN AVE,41.828195,-87.83571,01/28/2019 08:01:00 AM,2019
CR00002445,03/13/2023 09:32:00 AM,30,SNOW,DAYLIGHT,FIXED OBJECT,DIVIDED - W/MEDIAN BARRIER,NO CONTROLS,FOLLOWING TOO CLOSELY,NOT APPLICABLE,0,2,1,3,9,2,3,1174,DIVISION ST,41.838732,-87.698499,03/13/2023 11:23:00 AM,2023
CR00002446,06/13/2016 03:11:00 PM,35,RAIN,DARKNESS - LIGHTED ROAD,SIDESWIPE SAME DIRECTION,FOUR WAY,TRAFFIC SIGNAL,FOLLOWING TOO CLOSELY,FOLLOWING TOO CLOSELY,0,0,0,0,15,2,6,438,DAMEN AVE,41.884302,-87.7838,06/13/2016 05:02:00 PM,2016
CR00002447,07/10/2020 07:33:00 PM,30,CLEAR,DARKNESS - LIGHTED ROAD,ANGLE,FOUR WAY,STOP SIGN/FLASHER,FOLLOWING TOO CLOSELY,DISREGARDING TRAFFIC SIGNALS,0,0,0,0,19,6,7,2506,KEDZIE AVE,41.887252,-87.55998,07/10/2020 08:07:00 PM,2020
CR00002448,04/09/2015 08:11:00 AM,30,CLEAR,DAYLIGHT,PARKED MOTOR VEHICLE,FOUR WAY,PEDESTRIAN CROSSING SIGN,UNABLE TO DETERMINE,UNABLE TO DETERMINE,0,0,1,1,8,5,4,1581,STONY ISLAND AVE,41.830714,-87.55434,04/09/2015 09:57:00 AM,2015
CR00002449,04/26/2017 11:58:00 PM,45,CLEAR,DAYLIGHT,REAR END,NOT DIVIDED,NO CONTROLS,IMPROPER LANE USAGE,NOT APPLICABLE,0,0,0,0,23,4,4,776,MICHIGAN AVE,41.96968,-87.637532,04/27/2017 01:15:00 AM,2017
CR00002450,01/07/2019 01:22:00 PM,45,SNOW,DARKNESS - LIGHTED ROAD,REAR END,DIVIDED - W/MEDIAN (NOT RAISED),NO CONTROLS,UNABLE TO DETERMINE,NOT APPLICABLE,0,0,0,0,13,2,1,837,63RD ST,41.700965,-87.764311,01/07/2019 02:19:00 PM,2019
CR00002451,03/11/2020 08:59:00 AM,45,CLEAR,DAYLIGHT,REAR END,ONE-WAY,TRAFFIC SIGNAL,UNABLE TO DETERMINE,UNABLE TO DETERMINE,0,0,0,0,8,4,3,1296,HALSTED ST,41.735243,-87.546766,03/11/2020 10:20:00 AM,2020
CR00002452,04/01/2017 05:42:00 AM,40,CLEAR,DARKNESS,REAR END,ONE-WAY,NO CONTROLS,UNABLE TO DETERMINE,NOT APPLICABLE,0,1,3,4,5,7,4,1519,CLARK ST,41.737895,-87.532002,04/01/2017 06:21:00 AM,2017
CR00002453,12/13/2020 10:45:00 AM,35,RAIN,DAYLIGHT,REAR END,FOUR WAY,TRAFFIC SIGNAL,DISREGARDING TRAFFIC SIGNALS,UNABLE TO DETERMINE,0,0,0,0,10,1,12,1209,47TH ST,41.974566,-87.72438,12/13/2020 12:22:00 PM,2020
CR00002454,09/11/2018 05:43:00 PM,20,CLEAR,DAYLIGHT,ANGLE,NOT DIVIDED,STOP SIGN/FLASHER,UNABLE TO DETERMINE,WEATHER,0,0,0,0,17,3,9,2210,HALSTED ST,41.85788,-87.813258,09/11/2018 07:33:00 PM,2018
CR00002455,11/24/2019 10:54:00 AM,30,CLEAR,DAYLIGHT,TURNING,FOUR WAY,TRAFFIC SIGNAL,FAILING TO REDUCE SPEED,FAILING TO YIELD RIGHT-OF-WAY,0,0,0,0,10,1,11,2262,OGDEN AVE,41.806511,-87.515159,11/24/2019 11:59:00 AM,2019
CR00002456,06/02/2022 07:05:00 PM,40,CLEAR,DARKNESS - LIGHTED ROAD,TURNING,DIVIDED - W/MEDIAN BARRIER,UNKNOWN,DISTRACTION - FROM INSIDE VEHICLE,FOLLOWING TOO CLOSELY,0,0,0,0,19,5,6,1342,STATE ST,41.801534,-87.835643,06/02/2022 07:12:00 PM,2022
CR00002457,04/27/2023 03:29:00 PM,30,CLEAR,DARKNESS - LIGHTED ROAD,SIDESWIPE SAME DIRECTION,ONE-WAY,UNKNOWN,UNABLE TO DETERMINE,NOT APPLICABLE,0,0,0,0,15,5,4,1432,ROOSEVELT RD,41.902562,-87.731496,04/27/2023 05:15:00 PM,2023
CR00002458,05/05/2015 03:36:00 PM,15,CLEAR,DAYLIGHT,REAR END,DIVIDED - W/MEDIAN (NOT RAISED),TRAFFIC SIGNAL,IMPROPER LANE USAGE,NOT APPLICABLE,0,0,0,0,15,3,5,1579,ARCHER AVE,41.776592,-87.707472,05/05/2015 04:14:00 PM,2015
CR00002459,10/16/2023 12:38:00 PM,30,CLEAR,DARKNESS - LIGHTED ROAD,REAR END,NOT DIVIDED,TRAFFIC SIGNAL,DISREGARDING TRAFFIC SIGNALS,FAILING TO REDUCE SPEED,0,0,0,0,12,2,10,649,63RD ST,41.932077,-87.776384,10/16/2023 02:29:00 PM,2023
CR00002460,09/16/2016 02:28:00 PM,35,CLEAR,DAYLIGHT,TURNING,ONE-WAY,NO CONTROLS,FAILING TO YIELD RIGHT-OF-WAY,FOLLOWING TOO CLOSELY,0,0,0,0,14,6,9,581,HALSTED ST,41.790008,-87.581326,09/16/2016 03:26:00 PM,2016
CR00002461,06/07/2017 03:28:00 PM,30,CLEAR,DARKNESS - LIGHTED ROAD,ANGLE,FOUR WAY,NO CONTROLS,UNABLE TO DETERMINE,IMPROPER OVERTAKING/PASSING,0,0,0,0,15,4,6,354,47TH ST,41.786537,-87.644622,06/07/2017 05:12:00 PM,2017
CR00002462,03/13/2018 11:57:00 AM,45,CLOUDY/OVERCAST,DUSK,TURNING,DIVIDED - W/MEDIAN (NOT RAISED),NO CONTROLS,DISREGARDING TRAFFIC SIGNALS,NOT APPLICABLE,0,0,0,0,11,3,3,532,DAMEN AVE,41.994982,-87.658403,03/13/2018 12:37:00 PM,2018
CR00002463,10/13/2019 07:12:00 AM,35,CLEAR,DAYLIGHT,TURNING,DIVIDED - W/MEDIAN (NOT RAISED),STOP SIGN/FLASHER,UNABLE TO DETERMINE,FOLLOWING TOO CLOSELY,0,0,0,0,7,1,10,222,STONY ISLAND AVE,41.802276,-87.702379,10/13/2019 09:01:00 AM,2019
CR00002464,09/16/2023 02:27:00 PM,30,CLEAR,DAYLIGHT,REAR TO FRONT,NOT DIVIDED,TRAFFIC SIGNAL,UNABLE TO DETERMINE,FAILING TO REDUCE SPEED,0,0,0,0,14,7,9,2077,BROADWAY,41.88722,-87.573068,09/16/2023 03:16:00 PM,2023
CR00002465,01/16/2019 08:51:00 AM,30,CLEAR,DAYLIGHT,ANGLE,FOUR WAY,NO CONTROLS,UNABLE TO DETERMINE,FOLLOWING TOO CLOSELY,0,0,0,0,8,4,1,1258,ARCHER AVE,41.784908,-87.721264,01/16/2019 09:06:00 AM,2019
CR00002466,10/09/2018 04:15:00 PM,25,CLEAR,DAYLIGHT,ANGLE,FOUR WAY,NO CONTROLS,UNABLE TO DETERMINE,FAILING TO YIELD RIGHT-OF-WAY,0,0,1,1,16,3,10,2081,47TH ST,41.966319,-87.722764,10/09/2018 05:11:00 PM,2018
CR00002467,08/26/2024 08:26:00 PM,30,FOG/SMOKE/HAZE,DAYLIGHT,SIDESWIPE SAME DIRECTION,T-INTERSECTION,STOP SIGN/FLASHER,UNABLE TO DETERMINE,UNABLE TO DETERMINE,0,0,0,0,20,2,8,2159,DAMEN AVE,41.716191,-87.56287,08/26/2024 09:45:00 PM,2024
CR00002468,07/07/2023 06:03:00 PM,30,SNOW,DARKNESS - LIGHTED ROAD,ANGLE,DIVIDED - W/MEDIAN (NOT RAISED),PEDESTRIAN CROSSING SIGN,UNABLE TO DETERMINE,UNABLE TO DETERMINE,0,0,0,0,18,6,7,2471,CALIFORNIA AVE,41.723837,-87.818922,07/07/2023 08:00:00 PM,2023
CR00002469,07/16/2021 08:14:00 AM,30,CLEAR,DARKNESS,FIXED OBJECT,DIVIDED - W/MEDIAN (NOT RAISED),NO CONTROLS,DRIVING SKILLS/KNOWLEDGE/EXPERIENCE,IMPROPER LANE USAGE,0,0,0,0,8,6,7,2220,OGDEN AVE,41.815115,-87.833821,07/16/2021 09:33:00 AM,2021
CR00002470,02/15/2021 11:41:00 AM,40,CLEAR,DARKNESS - LIGHTED ROAD,REAR END,NOT DIVIDED,NO CONTROLS,FAILING TO YIELD RIGHT-OF-WAY,NOT APPLICABLE,0,0,0,0,11,2,2,938,STONY ISLAND AVE,41.993856,-87.838306,02/15/2021 12:29:00 PM,2021