CRASH_RECORD_ID,CRASH_DATE,POSTED_SPEED_LIMIT,WEATHER_CONDITION,LIGHTING_CONDITION,FIRST_CRASH_TYPE,TRAFFICWAY_TYPE,TRAFFIC_CONTROL_DEVICE,PRIM_CONTRIBUTORY_CAUSE,SEC_CONTRIBUTORY_CAUSE,INJURIES_FATAL,INJURIES_INCAPACITATING,INJURIES_NON_INCAPACITATING,INJURIES_TOTAL,CRASH_HOUR,CRASH_DAY_OF_WEEK,CRASH_MONTH,BEAT_OF_OCCURRENCE,STREET_NAME,LATITUDE,LONGITUDE,DATE_POLICE_NOTIFIED,year
CR00002471,06/29/2015 07:25:00 AM,30,CLOUDY/OVERCAST,DAYLIGHT,ANGLE,DIVIDED - W/MEDIAN (NOT RAISED),NO CONTROLS,IMPROPER OVERTAKING/PASSING,IMPROPER LANE USAGE,0,0,0,0,7,2,6,274,STONY ISLAND AVE,41.709893,-87.602143,06/29/2015 08:53:00 AM,2015
CR00002472,01/10/2015 06:42:00 PM,40,CLEAR,DARKNESS - LIGHTED ROAD,REAR END,ONE-WAY,NO CONTROLS,FOLLOWING TOO CLOSELY,IMPROPER OVERTAKING/PASSING,0,0,3,3,18,7,1,2228,ASHLAND AVE,41.750868,-87.620791,01/10/2015 06:51:00 PM,2015
CR00002473,06/11/2023 07:26:00 PM,30,CLEAR,DUSK,REAR END,ONE-WAY,NO CONTROLS,FOLLOWING TOO CLOSELY,DRIVING SKILLS/KNOWLEDGE/EXPERIENCE,0,0,0,0,19,1,6,479,STONY ISLAND AVE,41.829683,-87.763037,06/11/2023 09:19:00 PM,2023
CR00002474,04/19/2018 08:47:00 AM,35,CLEAR,DAYLIGHT,REAR END,NOT DIVIDED,TRAFFIC SIGNAL,DISTRACTION - FROM INSIDE VEHICLE,DRIVING SKILLS/KNOWLEDGE/EXPERIENCE,0,0,0,0,8,5,4,895,IRVING PARK RD,41.830489,-87.681743,04/19/2018 09:07:00 AM,2018
CR00002475,09/03/2022 08:10:00 PM,35,RAIN,DARKNESS - LIGHTED ROAD,SIDESWIPE SAME DIRECTION,ONE-WAY,NO CONTROLS,FAILING TO REDUCE SPEED,FAILING TO REDUCE SPEED,0,0,0,0,20,7,9,2351,LAKE SHORE DR,41.879781,-87.698067,09/03/2022 08:41:00 PM,2022
CR00002476,12/23/2019 10:54:00 PM,40,CLEAR,DARKNESS - LIGHTED ROAD,REAR END,NOT DIVIDED,NO CONTROLS,FAILING TO YIELD RIGHT-OF-WAY,NOT APPLICABLE,0,0,0,0,22,2,12,989,FULLERTON AVE,41.882815,-87.790932,12/23/2019 11:44:00 PM,2019
CR00002477,11/30/2021 06:21:00 PM,35,CLEAR,DARKNESS - LIGHTED ROAD,REAR END,NOT DIVIDED,STOP SIGN/FLASHER,FOLLOWING TOO CLOSELY,UNABLE TO DETERMINE,0,0,0,0,18,3,11,725,79TH ST,41.943112,-87.734402,11/30/2021 07:17:00 PM,2021
CR00002478,04/01/2019 08:50:00 PM,35,CLEAR,DAWN,PARKED MOTOR VEHICLE,DIVIDED - W/MEDIAN (NOT RAISED),TRAFFIC SIGNAL,FAILING TO YIELD RIGHT-OF-WAY,DISTRACTION - FROM INSIDE VEHICLE,0,0,0,0,20,2,4,2227,CICERO AVE,41.703333,-87.655568,04/01/2019 10:03:00 PM,2019
CR00002479,05/13/2016 06:34:00 PM,30,SNOW,DAWN,PARKED MOTOR VEHICLE,FOUR WAY,STOP SIGN/FLASHER,UNABLE TO DETERMINE,FOLLOWING TOO CLOSELY,0,0,0,0,18,6,5,1671,ELSTON AVE,41.741732,-87.576474,05/13/2016 06:53:00 PM,2016
CR00002480,07/02/2020 07:11:00 AM,20,CLEAR,DARKNESS - LIGHTED ROAD,TURNING,ONE-WAY,NO CONTROLS,FAILING TO REDUCE SPEED,NOT APPLICABLE,0,1,3,4,7,5,7,2233,MILWAUKEE AVE,41.932061,-87.831368,07/02/2020 08:01:00 AM,2020
CR00002481,07/23/2020 03:15:00 PM,35,SNOW,DAYLIGHT,FIXED OBJECT,T-INTERSECTION,TRAFFIC SIGNAL,DISTRACTION - FROM INSIDE VEHICLE,FAILING TO YIELD RIGHT-OF-WAY,0,0,0,0,15,5,7,1623,CALIFORNIA AVE,41.779649,-87.734604,07/23/2020 04:30:00 PM,2020
CR00002482,08/19/2020 12:35:00 PM,25,CLEAR,DARKNESS - LIGHTED ROAD,REAR TO FRONT,ONE-WAY,STOP SIGN/FLASHER,FAILING TO YIELD RIGHT-OF-WAY,FOLLOWING TOO CLOSELY,0,0,0,0,12,4,8,1146,DIVISION ST,41.716234,-87.726603,08/19/2020 12:44:00 PM,2020
CR00002483,12/17/2017 08:26:00 AM,30,CLEAR,DAYLIGHT,REAR END,NOT DIVIDED,NO CONTROLS,UNABLE TO DETERMINE,UNABLE TO DETERMINE,0,1,0,1,8,1,12,2189,DAMEN AVE,41.776608,-87.697962,12/17/2017 08:51:00 AM,2017
CR00002484,12/20/2019 09:29:00 AM,30,CLEAR,DARKNESS - LIGHTED ROAD,ANGLE,NOT DIVIDED,STOP SIGN/FLASHER,DRIVING SKILLS/KNOWLEDGE/EXPERIENCE,FAILING TO YIELD RIGHT-OF-WAY,0,0,0,0,9,6,12,188,MILWAUKEE AVE,41.959638,-87.801949,12/20/2019 10:01:00 AM,2019
CR00002485,08/02/2019 12:40:00 PM,30,CLEAR,DARKNESS - LIGHTED ROAD,REAR END,FOUR WAY,NO CONTROLS,UNABLE TO DETERMINE,NOT APPLICABLE,0,0,0,0,12,6,8,860,STONY ISLAND AVE,41.767139,-87.542307,08/02/2019 01:51:00 PM,2019
CR00002486,12/16/2022 04:32:00 PM,15,FREEZING RAIN/DRIZZLE,DAYLIGHT,REAR END,NOT DIVIDED,NO CONTROLS,DRIVING SKILLS/KNOWLEDGE/EXPERIENCE,UNABLE TO DETERMINE,0,0,1,1,16,6,12,106,BROADWAY,41.75585,-87.678511,12/16/2022 05:48:00 PM,2022
CR00002487,06/16/2015 07:51:00 PM,15,CLEAR,DAYLIGHT,REAR END,NOT DIVIDED,STOP SIGN/FLASHER,UNABLE TO DETERMINE,DRIVING SKILLS/KNOWLEDGE/EXPERIENCE,0,0,0,0,19,3,6,1194,ARCHER AVE,41.991163,-87.592163,06/16/2015 08:54:00 PM,2015
CR00002488,02/24/2020 11:41:00 PM,35,CLEAR,DARKNESS - LIGHTED ROAD,PARKED MOTOR VEHICLE,NOT DIVIDED,TRAFFIC SIGNAL,UNABLE TO DETERMINE,IMPROPER OVERTAKING/PASSING,0,0,0,0,23,2,2,177,47TH ST,41.975491,-87.646867,02/25/2020 01:20:00 AM,2020
CR00002489,01/08/2017 11:39:00 AM,30,CLEAR,DARKNESS - LIGHTED ROAD,REAR END,NOT DIVIDED,NO CONTROLS,UNABLE TO DETERMINE,DISTRACTION - FROM INSIDE VEHICLE,0,0,0,0,11,1,1,2082,LAKE SHORE DR,41.728705,-87.810428,01/08/2017 12:17:00 PM,2017
CR00002490,03/16/2023 07:46:00 PM,45,FOG/SMOKE/HAZE,DAYLIGHT,REAR END,NOT DIVIDED,TRAFFIC SIGNAL,DRIVING SKILLS/KNOWLEDGE/EXPERIENCE,IMPROPER LANE USAGE,0,0,0,0,19,5,3,1966,CLARK ST,41.766248,-87.700163,03/16/2023 07:48:00 PM,2023
CR00002491,10/21/2018 09:59:00 PM,30,CLEAR,DAYLIGHT,SIDESWIPE SAME DIRECTION,NOT DIVIDED,NO CONTROLS,IMPROPER LANE USAGE,UNABLE TO DETERMINE,0,0,0,0,21,1,10,1916,CLARK ST,41.83797,-87.751119,10/21/2018 10:57:00 PM,2018
CR00002492,10/16/2017 09:05:00 PM,15,CLEAR,DAYLIGHT,REAR END,DIVIDED - W/MEDIAN (NOT RAISED),NO CONTROLS,FAILING TO YIELD RIGHT-OF-WAY,FAILING TO YIELD RIGHT-OF-WAY,0,0,0,0,21,2,10,1491,OGDEN AVE,41.827496,-87.727013,10/16/2017 10:55:00 PM,2017
CR00002493,04/01/2015 01:48:00 PM,35,CLEAR,DAYLIGHT,REAR END,DIVIDED - W/MEDIAN BARRIER,NO CONTROLS,FAILING TO YIELD RIGHT-OF-WAY,DISTRACTION - FROM INSIDE VEHICLE,0,0,0,0,13,4,4,2037,ROOSEVELT RD,41.836107,-87.733885,04/01/2015 02:08:00 PM,2015
CR00002494,08/24/2015 07:29:00 AM,35,RAIN,DARKNESS - LIGHTED ROAD,REAR END,DIVIDED - W/MEDIAN (NOT RAISED),STOP SIGN/FLASHER,UNABLE TO DETERMINE,FOLLOWING TOO CLOSELY,0,0,0,0,7,2,8,1993,CICERO AVE,41.73382,-87.847304,08/24/2015 08:15:00 AM,2015
CR00002495,08/31/2023 04:11:00 AM,45,CLEAR,DAYLIGHT,SIDESWIPE SAME DIRECTION,DIVIDED - W/MEDIAN (NOT RAISED),NO CONTROLS,IMPROPER LANE USAGE,NOT APPLICABLE,0,0,0,0,4,5,8,1040,IRVING PARK RD,41.856765,-87.552713,08/31/2023 05:10:00 AM,2023
CR00002496,10/22/2022 08:01:00 AM,45,CLOUDY/OVERCAST,DAYLIGHT,REAR END,DIVIDED - W/MEDIAN (NOT RAISED),TRAFFIC SIGNAL,IMPROPER OVERTAKING/PASSING,NOT APPLICABLE,0,0,0,0,8,7,10,329,CALIFORNIA AVE,41.811173,-87.664596,10/22/2022 09:35:00 AM,2022
CR00002497,07/10/2021 10:12:00 AM,25,CLEAR,DAYLIGHT,TURNING,DIVIDED - W/MEDIAN BARRIER,NO CONTROLS,FAILING TO YIELD RIGHT-OF-WAY,DISREGARDING TRAFFIC SIGNALS,0,0,0,0,10,7,7,2264,MILWAUKEE AVE,41.732482,-87.665195,07/10/2021 10:17:00 AM,2021
CR00002498,01/16/2022 06:21:00 PM,30,CLEAR,DAWN,PARKED MOTOR VEHICLE,NOT DIVIDED,TRAFFIC SIGNAL,FAILING TO REDUCE SPEED,FOLLOWING TOO CLOSELY,0,0,0,0,18,1,1,2329,OGDEN AVE,41.872061,-87.80006,01/16/2022 06:26:00 PM,2022
CR00002499,05/15/2015 08:20:00 PM,30,CLOUDY/OVERCAST,DAYLIGHT,SIDESWIPE SAME DIRECTION,DIVIDED - W/MEDIAN (NOT RAISED),NO CONTROLS,WEATHER,FOLLOWING TOO CLOSELY,0,0,0,0,20,6,5,126,MILWAUKEE AVE,41.882038,-87.783374,05/15/2015 09:11:00 PM,2015
CR00002500,05/28/2020 06:49:00 PM,15,CLEAR,DARKNESS - LIGHTED ROAD,ANGLE,NOT DIVIDED,NO CONTROLS,FAILING TO YIELD RIGHT-OF-WAY,WEATHER,0,0,0,0,18,5,5,1179,MICHIGAN AVE,41.790797,-87.687088,05/28/2020 08:41:00 PM,2020
CR00002501,01/21/2020 02:02:00 PM,30,CLEAR,DAYLIGHT,REAR END,NOT DIVIDED,TRAFFIC SIGNAL,FAILING TO REDUCE SPEED,FAILING TO REDUCE SPEED,0,0,0,0,14,3,1,794,ELSTON AVE,41.744017,-87.574799,01/21/2020 02:04:00 PM,2020
CR00002502,08/17/2022 11:51:00 PM,45,CLOUDY/OVERCAST,DARKNESS - LIGHTED ROAD,REAR END,DIVIDED - W/MEDIAN (NOT RAISED),STOP SIGN/FLASHER,DRIVING SKILLS/KNOWLEDGE/EXPERIENCE,FAILING TO YIELD RIGHT-OF-WAY,0,0,0,0,23,4,8,1659,OGDEN AVE,41.763651,-87.531093,08/18/2022 01:36:00 AM,2022
CR00002503,03/20/2016 02:24:00 PM,35,CLOUDY/OVERCAST,DAYLIGHT,FIXED OBJECT,T-INTERSECTION,STOP SIGN/FLASHER,FOLLOWING TOO CLOSELY,UNABLE TO DETERMINE,0,0,0,0,14,1,3,383,PULASKI RD,41.812493,-87.725888,03/20/2016 02:37:00 PM,2016
CR00002504,09/09/2022 11:46:00 AM,45,FREEZING RAIN/DRIZZLE,DARKNESS - LIGHTED ROAD,REAR END,NOT DIVIDED,UNKNOWN,DISTRACTION - FROM INSIDE VEHICLE,UNABLE TO DETERMINE,0,0,0,0,11,6,9,2099,FULLERTON AVE,41.947592,-87.820613,09/09/2022 12:35:00 PM,2022
CR00002505,05/17/2017 12:18:00 PM,30,CLOUDY/OVERCAST,DAYLIGHT,REAR END,DIVIDED - W/MEDIAN (NOT RAISED),TRAFFIC SIGNAL,FAILING TO REDUCE SPEED,FAILING TO REDUCE SPEED,0,0,0,0,12,4,5,1312,ARCHER AVE,41.708379,-87.639245,05/17/2017 02:03:00 PM,2017
CR00002506,04/14/2024 07:47:00 AM,15,SNOW,DARKNESS - LIGHTED ROAD,TURNING,DIVIDED - W/MEDIAN (NOT RAISED),NO CONTROLS,IMPROPER LANE USAGE,FOLLOWING TOO CLOSELY,0,0,0,0,7,1,4,1705,STONY ISLAND AVE,41.76079,-87.555672,04/14/2024 08:47:00 AM,2024
CR00002507,09/30/2024 12:30:00 AM,25,CLEAR,DAYLIGHT,PARKED MOTOR VEHICLE,FOUR WAY,NO CONTROLS,FAILING TO YIELD RIGHT-OF-WAY,UNABLE TO DETERMINE,0,0,0,0,0,2,9,627,79TH ST,41.89441,-87.701117,09/30/2024 01:54:00 AM,2024
CR00002508,05/17/2022 12:50:00 PM,40,CLEAR,DUSK,REAR END,NOT DIVIDED,STOP SIGN/FLASHER,UNABLE TO DETERMINE,FAILING TO YIELD RIGHT-OF-WAY,0,0,0,0,12,3,5,113,FULLERTON AVE,41.987837,-87.807552,05/17/2022 01:46:00 PM,2022
CR00002509,04/13/2022 04:37:00 AM,35,CLEAR,DAYLIGHT,REAR END,NOT DIVIDED,TRAFFIC SIGNAL,FAILING TO REDUCE SPEED,FAILING TO YIELD RIGHT-OF-WAY,0,0,0,0,4,4,4,788,OGDEN AVE,41.871531,-87.564896,04/13/2022 04:46:00 AM,2022
CR00002510,04/09/2015 11:59:00 AM,15,CLEAR,DAYLIGHT,FIXED OBJECT,FOUR WAY,TRAFFIC SIGNAL,UNABLE TO DETERMINE,FAILING TO REDUCE SPEED,0,0,2,2,11,5,4,1679,OGDEN AVE,41.839482,-87.678168,04/09/2015 01:03:00 PM,2015
CR00002511,06/14/2016 06:06:00 AM,45,CLEAR,DAYLIGHT,TURNING,NOT DIVIDED,TRAFFIC SIGNAL,IMPROPER OVERTAKING/PASSING,UNABLE TO DETERMINE,0,0,0,0,6,3,6,1402,DIVISION ST,41.828041,-87.620387,06/14/2016 07:41:00 AM,2016
CR00002512,01/22/2019 12:44:00 PM,20,CLEAR,DAYLIGHT,TURNING,NOT DIVIDED,UNKNOWN,IMPROPER LANE USAGE,NOT APPLICABLE,0,0,1,1,12,3,1,1982,CLARK ST,41.744789,-87.726065,01/22/2019 02:29:00 PM,2019
CR00002513,03/12/2023 03:50:00 PM,30,CLEAR,DAYLIGHT,TURNING,T-INTERSECTION,NO CONTROLS,DISREGARDING TRAFFIC SIGNALS,DRIVING SKILLS/KNOWLEDGE/EXPERIENCE,0,0,0,0,15,1,3,1804,79TH ST,41.752412,-87.834291,03/12/2023 04:54:00 PM,2023
CR00002514,04/20/2020 08:23:00 AM,35,CLEAR,DARKNESS - LIGHTED ROAD,TURNING,NOT DIVIDED,TRAFFIC SIGNAL,IMPROPER OVERTAKING/PASSING,IMPROPER LANE USAGE,0,0,0,0,8,2,4,1077,ARCHER AVE,41.865299,-87.594212,04/20/2020 09:26:00 AM,2020
CR00002515,09/06/2024 05:59:00 PM,30,CLEAR,DARKNESS - LIGHTED ROAD,SIDESWIPE SAME DIRECTION,DIVIDED - W/MEDIAN (NOT RAISED),TRAFFIC SIGNAL,IMPROPER LANE USAGE,IMPROPER LANE USAGE,0,0,0,0,17,6,9,2517,LAKE SHORE DR,41.903428,-87.733418,09/06/2024 07:10:00 PM,2024
CR00002516,06/07/2023 07:11:00 AM,30,CLEAR,DARKNESS,TURNING,NOT DIVIDED,TRAFFIC SIGNAL,DISTRACTION - FROM INSIDE VEHICLE,IMPROPER LANE USAGE,0,0,0,0,7,4,6,604,HALSTED ST,41.931906,-87.555176,06/07/2023 08:30:00 AM,2023
CR00002517,04/12/2019 09:31:00 PM,45,CLEAR,DAYLIGHT,TURNING,NOT DIVIDED,STOP SIGN/FLASHER,UNABLE TO DETERMINE,UNABLE TO DETERMINE,0,0,0,0,21,6,4,412,MICHIGAN AVE,41.726714,-87.70292,04/12/2019 10:46:00 PM,2019
CR00002518,07/30/2023 04:30:00 PM,25,CLEAR,DUSK,PEDESTRIAN,ONE-WAY,TRAFFIC SIGNAL,UNABLE TO DETERMINE,FOLLOWING TOO CLOSELY,0,0,0,0,16,1,7,1449,MILWAUKEE AVE,41.711882,-87.625512,07/30/2023 05:38:00 PM,2023
CR00002519,12/29/2016 01:44:00 PM,40,CLEAR,DAYLIGHT,ANGLE,ONE-WAY,NO CONTROLS,UNABLE TO DETERMINE,UNABLE TO DETERMINE,0,0,0,0,13,5,12,2387,STONY ISLAND AVE,41.740725,-87.613562,12/29/2016 03:24:00 PM,2016
CR00002520,07/10/2019 04:54:00 PM,35,CLEAR,DARKNESS - LIGHTED ROAD,REAR END,NOT DIVIDED,NO CONTROLS,IMPROPER LANE USAGE,UNABLE TO DETERMINE,0,0,0,0,16,4,7,438,CALIFORNIA AVE,41.75909,-87.588897,07/10/2019 05:10:00 PM,2019
CR00002521,03/26/2022 02:32:00 PM,45,SNOW,DAYLIGHT,FIXED OBJECT,DIVIDED - W/MEDIAN BARRIER,TRAFFIC SIGNAL,FAILING TO YIELD RIGHT-OF-WAY,NOT APPLICABLE,0,0,0,0,14,7,3,327,MILWAUKEE AVE,41.9717,-87.847174,03/26/2022 03:04:00 PM,2022
CR00002522,08/26/2018 03:44:00 PM,20,CLEAR,DAYLIGHT,REAR END,NOT DIVIDED,NO CONTROLS,DISTRACTION - FROM INSIDE VEHICLE,FOLLOWING TOO CLOSELY,0,0,0,0,15,1,8,967,CLARK ST,41.917431,-87.576659,08/26/2018 04:57:00 PM,2018
CR00002523,03/09/2022 11:13:00 AM,30,CLEAR,DAYLIGHT,REAR END,FOUR WAY,NO CONTROLS,IMPROPER OVERTAKING/PASSING,UNABLE TO DETERMINE,0,0,0,0,11,4,3,305,DIVISION ST,41.850871,-87.606516,03/09/2022 11:22:00 AM,2022
CR00002524,01/17/2018 03:02:00 PM,30,CLEAR,DARKNESS - LIGHTED ROAD,TURNING,DIVIDED - W/MEDIAN (NOT RAISED),NO CONTROLS,IMPROPER LANE USAGE,FOLLOWING TOO CLOSELY,0,0,0,0,15,4,1,907,KEDZIE AVE,41.756429,-87.642967,01/17/2018 04:52:00 PM,2018
CR00002525,06/19/2021 06:26:00 AM,40,CLEAR,DAYLIGHT,SIDESWIPE SAME DIRECTION,NOT DIVIDED,TRAFFIC SIGNAL,IMPROPER LANE USAGE,WEATHER,0,0,0,0,6,7,6,1215,MICHIGAN AVE,41.966974,-87.573153,06/19/2021 06:27:00 AM,2021
CR00002526,09/06/2023 04:41:00 PM,45,CLEAR,DAYLIGHT,PARKED MOTOR VEHICLE,NOT DIVIDED,TRAFFIC SIGNAL,FOLLOWING TOO CLOSELY,NOT APPLICABLE,0,0,1,1,16,4,9,2494,HALSTED ST,41.789953,-87.549662,09/06/2023 06:21:00 PM,2023
CR00002527,04/14/2016 12:06:00 AM,20,CLEAR,DAYLIGHT,REAR TO FRONT,FOUR WAY,STOP SIGN/FLASHER,FOLLOWING TOO CLOSELY,FAILING TO YIELD RIGHT-OF-WAY,0,0,3,3,0,5,4,1936,MILWAUKEE AVE,41.824698,-87.537222,04/14/2016 01:26:00 AM,2016
CR00002528,05/10/2017 03:19:00 PM,30,CLEAR,DAYLIGHT,TURNING,NOT DIVIDED,STOP SIGN/FLASHER,UNABLE TO DETERMINE,NOT APPLICABLE,0,0,1,1,15,4,5,1787,CLARK ST,41.914992,-87.836846,05/10/2017 03:44:00 PM,2017
CR00002529,06/09/2024 06:10:00 PM,30,CLEAR,DAYLIGHT,REAR END,NOT DIVIDED,NO CONTROLS,UNABLE TO DETERMINE,NOT APPLICABLE,0,0,0,0,18,1,6,1044,MILWAUKEE AVE,41.790566,-87.520717,06/09/2024 08:07:00 PM,2024
CR00002530,12/14/2022 09:50:00 AM,30,RAIN,DAYLIGHT,REAR END,ONE-WAY,NO CONTROLS,DISREGARDING TRAFFIC SIGNALS,IMPROPER OVERTAKING/PASSING,0,0,0,0,9,4,12,1108,63RD ST,41.912759,-87.790634,12/14/2022 11:15:00 AM,2022
CR00002531,04/23/2018 08:17:00 AM,45,CLEAR,DAYLIGHT,ANGLE,DIVIDED - W/MEDIAN BARRIER,NO CONTROLS,DISREGARDING TRAFFIC SIGNALS,DISTRACTION - FROM INSIDE VEHICLE,0,0,0,0,8,2,4,307,DAMEN AVE,41.973921,-87.528586,04/23/2018 10:00:00 AM,2018
CR00002532,07/27/2015 08:50:00 PM,15,CLEAR,DARKNESS - LIGHTED ROAD,REAR TO FRONT,DIVIDED - W/MEDIAN (NOT RAISED),NO CONTROLS,FAILING TO YIELD RIGHT-OF-WAY,UNABLE TO DETERMINE,0,0,0,0,20,2,7,1481,HALSTED ST,41.871204,-87.551368,07/27/2015 09:00:00 PM,2015
CR00002533,11/02/2015 09:40:00 AM,25,CLEAR,DAYLIGHT,PARKED MOTOR VEHICLE,NOT DIVIDED,TRAFFIC SIGNAL,FOLLOWING TOO CLOSELY,FAILING TO YIELD RIGHT-OF-WAY,0,0,0,0,9,2,11,375,BROADWAY,41.725622,-87.787938,11/02/2015 11:37:00 AM,2015
CR00002534,10/08/2020 02:57:00 AM,40,CLOUDY/OVERCAST,DAYLIGHT,SIDESWIPE SAME DIRECTION,NOT DIVIDED,NO CONTROLS,UNABLE TO DETERMINE,FAILING TO REDUCE SPEED,0,0,0,0,2,5,10,907,DAMEN AVE,41.830837,-87.61744,10/08/2020 03:08:00 AM,2020
CR00002535,05/25/2019 12:46:00 PM,30,RAIN,DAYLIGHT,TURNING,FOUR WAY,STOP SIGN/FLASHER,UNABLE TO DETERMINE,DISTRACTION - FROM INSIDE VEHICLE,0,2,0,2,12,7,5,1628,ROOSEVELT RD,41.798622,-87.699117,05/25/2019 02:24:00 PM,2019
CR00002536,04/23/2020 04:10:00 PM,30,RAIN,DAYLIGHT,REAR END,NOT DIVIDED,STOP SIGN/FLASHER,UNABLE TO DETERMINE,DISTRACTION - FROM INSIDE VEHICLE,0,0,0,0,16,5,4,520,79TH ST,41.911167,-87.787812,04/23/2020 05:53:00 PM,2020
CR00002537,03/05/2018 07:36:00 AM,20,CLEAR,DAYLIGHT,REAR TO FRONT,NOT DIVIDED,NO CONTROLS,DRIVING SKILLS/KNOWLEDGE/EXPERIENCE,FAILING TO YIELD RIGHT-OF-WAY,0,0,0,0,7,2,3,1725,FULLERTON AVE,41.882281,-87.673678,03/05/2018 08:14:00 AM,2018
CR00002538,07/08/2021 08:37:00 AM,15,CLEAR,DAYLIGHT,PEDESTRIAN,NOT DIVIDED,NO CONTROLS,IMPROPER OVERTAKING/PASSING,FOLLOWING TOO CLOSELY,0,0,0,0,8,5,7,275,HALSTED ST,41.956416,-87.705734,07/08/2021 08:57:00 AM,2021
CR00002539,07/31/2015 05:57:00 PM,40,CLEAR,DARKNESS - LIGHTED ROAD,TURNING,DIVIDED - W/MEDIAN (NOT RAISED),TRAFFIC SIGNAL,DISTRACTION - FROM INSIDE VEHICLE,FOLLOWING TOO CLOSELY,0,0,0,0,17,6,7,2327,CICERO AVE,41.790818,-87.742472,07/31/2015 07:17:00 PM,2015
CR00002540,10/01/2022 04:09:00 PM,35,CLEAR,DARKNESS,SIDESWIPE SAME DIRECTION,FOUR WAY,NO CONTROLS,FAILING TO YIELD RIGHT-OF-WAY,FOLLOWING TOO CLOSELY,0,0,0,0,16,7,10,1218,47TH ST,41.981849,-87.64005,10/01/2022 04:41:00 PM,2022
CR00002541,03/03/2022 04:07:00 PM,20,CLEAR,DAYLIGHT,ANGLE,DIVIDED - W/MEDIAN (NOT RAISED),NO CONTROLS,UNABLE TO DETERMINE,UNABLE TO DETERMINE,0,0,1,1,16,5,3,1571,BROADWAY,41.867924,-87.841097,03/03/2022 04:20:00 PM,2022
CR00002542,04/17/2024 04:49:00 PM,30,CLOUDY/OVERCAST,DAYLIGHT,PEDESTRIAN,NOT DIVIDED,NO CONTROLS,DISREGARDING TRAFFIC SIGNALS,NOT APPLICABLE,0,0,0,0,16,4,4,1131,BROADWAY,41.989393,-87.748563,04/17/2024 05:59:00 PM,2024
CR00002543,12/14/2016 01:30:00 PM,30,CLEAR,DAYLIGHT,ANGLE,DIVIDED - W/MEDIAN (NOT RAISED),TRAFFIC SIGNAL,UNABLE TO DETERMINE,NOT APPLICABLE,0,0,1,1,13,4,12,1935,LAKE SHORE DR,41.703008,-87.801197,12/14/2016 02:02:00 PM,2016
CR00002544,04/26/2019 01:19:00 AM,45,FOG/SMOKE/HAZE,DARKNESS - LIGHTED ROAD,ANGLE,FOUR WAY,UNKNOWN,FAILING TO YIELD RIGHT-OF-WAY,FAILING TO REDUCE SPEED,0,0,0,0,1,6,4,1718,LAKE SHORE DR,41.885724,-87.593891,04/26/2019 02:43:00 AM,2019
CR00002545,05/23/2018 03:34:00 AM,25,CLEAR,DAYLIGHT,TURNING,FOUR WAY,TRAFFIC SIGNAL,UNABLE TO DETERMINE,NOT APPLICABLE,0,0,0,0,3,4,5,1296,47TH ST,41.968707,-87.675278,05/23/2018 05:25:00 AM,2018
CR00002546,08/01/2015 01:15:00 AM,45,CLOUDY/OVERCAST,DARKNESS - LIGHTED ROAD,REAR END,NOT DIVIDED,TRAFFIC SIGNAL,UNABLE TO DETERMINE,FAILING TO YIELD RIGHT-OF-WAY,0,0,1,1,1,7,8,1232,STONY ISLAND AVE,41.956342,-87.843465,08/01/2015 02:42:00 AM,2015
CR00002547,11/06/2019 11:18:00 AM,35,CLEAR,DUSK,PEDESTRIAN,T-INTERSECTION,UNKNOWN,FAILING TO REDUCE SPEED,UNABLE TO DETERMINE,0,0,3,3,11,4,11,2479,ELSTON AVE,41.877783,-87.777421,11/06/2019 11:41:00 AM,2019
CR00002548,07/30/2018 06:11:00 PM,40,RAIN,DAYLIGHT,TURNING,FOUR WAY,NO CONTROLS,DISTRACTION - FROM INSIDE VEHICLE,DISTRACTION - FROM INSIDE VEHICLE,0,0,0,0,18,2,7,781,IRVING PARK RD,41.897269,-87.568272,07/30/2018 06:33:00 PM,2018
CR00002549,05/09/2024 02:35:00 PM,15,CLEAR,DAYLIGHT,PARKED MOTOR VEHICLE,NOT DIVIDED,TRAFFIC SIGNAL,IMPROPER OVERTAKING/PASSING,WEATHER,0,0,0,0,14,5,5,1046,CICERO AVE,41.854792,-87.682664,05/09/2024 04:10:00 PM,2024
CR00002550,11/04/2020 05:38:00 PM,35,SNOW,DARKNESS - LIGHTED ROAD,PARKED MOTOR VEHICLE,NOT DIVIDED,STOP SIGN/FLASHER,UNABLE TO DETERMINE,DISTRACTION - FROM INSIDE VEHICLE,0,0,0,0,17,4,11,883,MILWAUKEE AVE,41.770579,-87.562783,11/04/2020 07:11:00 PM,2020
CR00002551,10/18/2017 10:45:00 AM,15,CLEAR,DARKNESS - LIGHTED ROAD,TURNING,NOT DIVIDED,UNKNOWN,DRIVING SKILLS/KNOWLEDGE/EXPERIENCE,DRIVING SKILLS/KNOWLEDGE/EXPERIENCE,0,0,0,0,10,4,10,1318,FULLERTON AVE,41.717109,-87.847607,10/18/2017 11:46:00 AM,2017
CR00002552,03/03/2018 06:36:00 PM,30,CLEAR,DAYLIGHT,ANGLE,DIVIDED - W/MEDIAN (NOT RAISED),UNKNOWN,FAILING TO YIELD RIGHT-OF-WAY,UNABLE TO DETERMINE,0,0,0,0,18,7,3,389,MICHIGAN AVE,41.937711,-87.710175,03/03/2018 08:17:00 PM,2018