CRASH_RECORD_ID,CRASH_DATE,POSTED_SPEED_LIMIT,WEATHER_CONDITION,LIGHTING_CONDITION,FIRST_CRASH_TYPE,TRAFFICWAY_TYPE,TRAFFIC_CONTROL_DEVICE,PRIM_CONTRIBUTORY_CAUSE,SEC_CONTRIBUTORY_CAUSE,INJURIES_FATAL,INJURIES_INCAPACITATING,INJURIES_NON_INCAPACITATING,INJURIES_TOTAL,CRASH_HOUR,CRASH_DAY_OF_WEEK,CRASH_MONTH,BEAT_OF_OCCURRENCE,STREET_NAME,LATITUDE,LONGITUDE,DATE_POLICE_NOTIFIED,year
CR00002553,02/17/2021 12:51:00 AM,30,RAIN,DAYLIGHT,REAR TO FRONT,DIVIDED - W/MEDIAN (NOT RAISED),NO CONTROLS,DISREGARDING TRAFFIC SIGNALS,UNABLE TO DETERMINE,0,0,0,0,0,4,2,767,ARCHER AVE,41.87364,-87.824464,02/17/2021 02:31:00 AM,2021
CR00002554,07/14/2021 11:21:00 AM,15,CLOUDY/OVERCAST,DAYLIGHT,PARKED MOTOR VEHICLE,NOT DIVIDED,TRAFFIC SIGNAL,FOLLOWING TOO CLOSELY,UNABLE TO DETERMINE,0,0,0,0,11,4,7,2483,DAMEN AVE,41.94514,-87.561436,07/14/2021 12:52:00 PM,2021
CR00002555,05/02/2017 06:44:00 PM,20,CLEAR,DARKNESS - LIGHTED ROAD,TURNING,ONE-WAY,NO CONTROLS,FOLLOWING TOO CLOSELY,UNABLE TO DETERMINE,0,0,0,0,18,3,5,1043,DAMEN AVE,41.976216,-87.6036,05/02/2017 08:42:00 PM,2017
CR00002556,07/28/2017 01:48:00 PM,15,CLEAR,DAYLIGHT,ANGLE,NOT DIVIDED,TRAFFIC SIGNAL,UNABLE TO DETERMINE,UNABLE TO DETERMINE,0,0,0,0,13,6,7,1071,STATE ST,41.881622,-87.520026,07/28/2017 02:31:00 PM,2017
CR00002557,07/04/2016 01:55:00 PM,15,CLOUDY/OVERCAST,DAYLIGHT,FIXED OBJECT,NOT DIVIDED,NO CONTROLS,DISTRACTION - FROM INSIDE VEHICLE,NOT APPLICABLE,0,0,0,0,13,2,7,2332,ASHLAND AVE,41.952983,-87.574604,07/04/2016 02:55:00 PM,2016
CR00002558,07/27/2016 03:05:00 PM,45,SNOW,DUSK,ANGLE,T-INTERSECTION,NO CONTROLS,FAILING TO YIELD RIGHT-OF-WAY,NOT APPLICABLE,0,0,0,0,15,4,7,1358,63RD ST,41.966053,-87.544379,07/27/2016 04:50:00 PM,2016
CR00002559,12/21/2019 07:43:00 PM,45,CLEAR,DAYLIGHT,REAR TO FRONT,ONE-WAY,NO CONTROLS,UNABLE TO DETERMINE,UNABLE TO DETERMINE,0,0,1,1,19,7,12,1352,DIVISION ST,41.970947,-87.695567,12/21/2019 08:24:00 PM,2019
CR00002560,06/07/2024 08:15:00 AM,35,CLOUDY/OVERCAST,DAWN,TURNING,ONE-WAY,NO CONTROLS,FAILING TO REDUCE SPEED,NOT APPLICABLE,0,2,3,5,8,6,6,207,WESTERN AVE,41.820825,-87.509104,06/07/2024 08:22:00 AM,2024
CR00002561,08/20/2017 10:59:00 PM,35,CLEAR,DARKNESS - LIGHTED ROAD,TURNING,DIVIDED - W/MEDIAN BARRIER,NO CONTROLS,FAILING TO REDUCE SPEED,UNABLE TO DETERMINE,0,0,0,0,22,1,8,282,HALSTED ST,41.852829,-87.843451,08/21/2017 12:30:00 AM,2017
CR00002562,10/05/2015 03:09:00 PM,35,CLEAR,DAYLIGHT,ANGLE,NOT DIVIDED,TRAFFIC SIGNAL,UNABLE TO DETERMINE,FAILING TO YIELD RIGHT-OF-WAY,0,0,0,0,15,2,10,2353,LAKE SHORE DR,41.911927,-87.841693,10/05/2015 03:21:00 PM,2015
CR00002563,12/22/2020 02:41:00 PM,15,CLEAR,DARKNESS,REAR END,NOT DIVIDED,NO CONTROLS,UNABLE TO DETERMINE,DISTRACTION - FROM INSIDE VEHICLE,0,0,1,1,14,3,12,1375,63RD ST,41.870362,-87.64912,12/22/2020 04:32:00 PM,2020
CR00002564,07/22/2020 09:13:00 AM,35,CLEAR,DAYLIGHT,REAR END,NOT DIVIDED,NO CONTROLS,FAILING TO YIELD RIGHT-OF-WAY,UNABLE TO DETERMINE,0,0,0,0,9,4,7,368,WESTERN AVE,41.792036,-87.804602,07/22/2020 09:19:00 AM,2020
CR00002565,01/20/2022 10:07:00 AM,35,RAIN,DAYLIGHT,REAR END,NOT DIVIDED,UNKNOWN,IMPROPER OVERTAKING/PASSING,WEATHER,0,0,0,0,10,5,1,701,63RD ST,41.770324,-87.721765,01/20/2022 11:43:00 AM,2022
CR00002566,08/21/2022 07:43:00 AM,35,CLEAR,DARKNESS - LIGHTED ROAD,REAR END,ONE-WAY,TRAFFIC SIGNAL,WEATHER,UNABLE TO DETERMINE,0,0,0,0,7,1,8,2241,IRVING PARK RD,41.988029,-87.701858,08/21/2022 09:34:00 AM,2022
CR00002567,09/23/2021 08:35:00 PM,30,CLEAR,DAYLIGHT,ANGLE,ONE-WAY,TRAFFIC SIGNAL,DISTRACTION - FROM INSIDE VEHICLE,UNABLE TO DETERMINE,0,0,2,2,20,5,9,627,KEDZIE AVE,41.847332,-87.683358,09/23/2021 09:32:00 PM,2021
CR00002568,10/20/2021 04:05:00 PM,25,CLEAR,DAYLIGHT,ANGLE,ONE-WAY,NO CONTROLS,UNABLE TO DETERMINE,FOLLOWING TOO CLOSELY,0,0,0,0,16,4,10,1579,ASHLAND AVE,41.872128,-87.634847,10/20/2021 05:28:00 PM,2021
CR00002569,08/01/2021 09:20:00 AM,20,SNOW,DUSK,TURNING,DIVIDED - W/MEDIAN BARRIER,NO CONTROLS,FOLLOWING TOO CLOSELY,UNABLE TO DETERMINE,0,0,0,0,9,1,8,2305,ELSTON AVE,41.850387,-87.524713,08/01/2021 11:04:00 AM,2021
CR00002570,09/09/2022 01:31:00 AM,20,CLEAR,DARKNESS - LIGHTED ROAD,SIDESWIPE SAME DIRECTION,ONE-WAY,TRAFFIC SIGNAL,DISTRACTION - FROM INSIDE VEHICLE,UNABLE TO DETERMINE,0,0,1,1,1,6,9,2429,ASHLAND AVE,41.918374,-87.835982,09/09/2022 02:52:00 AM,2022
CR00002571,08/09/2023 04:40:00 PM,30,CLEAR,DAYLIGHT,PARKED MOTOR VEHICLE,NOT DIVIDED,PEDESTRIAN CROSSING SIGN,FOLLOWING TOO CLOSELY,IMPROPER LANE USAGE,0,0,0,0,16,4,8,848,CALIFORNIA AVE,41.898502,-87.597898,08/09/2023 04:45:00 PM,2023
CR00002572,11/29/2015 06:36:00 PM,30,CLEAR,DAYLIGHT,REAR END,NOT DIVIDED,NO CONTROLS,DISREGARDING TRAFFIC SIGNALS,IMPROPER OVERTAKING/PASSING,0,0,0,0,18,1,11,405,IRVING PARK RD,41.709329,-87.706298,11/29/2015 07:43:00 PM,2015
CR00002573,12/25/2018 08:29:00 AM,30,CLEAR,DARKNESS,PARKED MOTOR VEHICLE,DIVIDED - W/MEDIAN (NOT RAISED),UNKNOWN,FOLLOWING TOO CLOSELY,DISREGARDING TRAFFIC SIGNALS,0,0,0,0,8,3,12,997,63RD ST,41.783731,-87.830691,12/25/2018 10:24:00 AM,2018
CR00002574,08/02/2018 09:18:00 AM,35,CLOUDY/OVERCAST,DARKNESS - LIGHTED ROAD,ANGLE,ONE-WAY,STOP SIGN/FLASHER,UNABLE TO DETERMINE,DISTRACTION - FROM INSIDE VEHICLE,0,0,3,3,9,5,8,654,ASHLAND AVE,41.912462,-87.612864,08/02/2018 10:17:00 AM,2018
CR00002575,07/20/2023 02:47:00 AM,30,CLEAR,DAWN,REAR TO FRONT,FOUR WAY,NO CONTROLS,IMPROPER OVERTAKING/PASSING,WEATHER,0,0,0,0,2,5,7,378,ASHLAND AVE,41.933888,-87.612302,07/20/2023 02:49:00 AM,2023
CR00002576,10/10/2023 08:18:00 AM,40,CLOUDY/OVERCAST,DAYLIGHT,SIDESWIPE SAME DIRECTION,NOT DIVIDED,NO CONTROLS,FAILING TO REDUCE SPEED,FOLLOWING TOO CLOSELY,0,0,0,0,8,3,10,2360,DAMEN AVE,41.906425,-87.721529,10/10/2023 09:21:00 AM,2023
CR00002577,08/02/2019 03:05:00 PM,25,FREEZING RAIN/DRIZZLE,DAYLIGHT,SIDESWIPE SAME DIRECTION,ONE-WAY,NO CONTROLS,FAILING TO REDUCE SPEED,FOLLOWING TOO CLOSELY,0,0,0,0,15,6,8,2405,ELSTON AVE,41.777134,-87.754303,08/02/2019 04:01:00 PM,2019
CR00002578,08/25/2019 03:05:00 PM,35,FREEZING RAIN/DRIZZLE,DAYLIGHT,SIDESWIPE SAME DIRECTION,NOT DIVIDED,NO CONTROLS,FOLLOWING TOO CLOSELY,IMPROPER OVERTAKING/PASSING,0,0,0,0,15,1,8,292,47TH ST,41.704701,-87.808885,08/25/2019 04:05:00 PM,2019
CR00002579,03/14/2018 06:18:00 PM,30,CLEAR,DARKNESS - LIGHTED ROAD,TURNING,T-INTERSECTION,TRAFFIC SIGNAL,IMPROPER LANE USAGE,IMPROPER LANE USAGE,0,0,0,0,18,4,3,2077,63RD ST,41.926415,-87.687747,03/14/2018 06:36:00 PM,2018
CR00002580,11/16/2017 05:51:00 PM,35,CLEAR,DARKNESS - LIGHTED ROAD,PARKED MOTOR VEHICLE,DIVIDED - W/MEDIAN BARRIER,TRAFFIC SIGNAL,IMPROPER LANE USAGE,IMPROPER LANE USAGE,0,0,1,1,17,5,11,684,STATE ST,41.939428,-87.770347,11/16/2017 06:04:00 PM,2017
CR00002581,07/13/2019 11:36:00 PM,20,CLEAR,DARKNESS,REAR END,NOT DIVIDED,NO CONTROLS,DRIVING SKILLS/KNOWLEDGE/EXPERIENCE,FAILING TO YIELD RIGHT-OF-WAY,0,0,0,0,23,7,7,1281,MICHIGAN AVE,41.840135,-87.751122,07/14/2019 12:44:00 AM,2019
CR00002582,07/10/2016 09:05:00 AM,35,CLEAR,DARKNESS - LIGHTED ROAD,REAR END,ONE-WAY,NO CONTROLS,UNABLE TO DETERMINE,FOLLOWING TOO CLOSELY,0,0,1,1,9,1,7,1210,MICHIGAN AVE,41.729069,-87.5745,07/10/2016 09:27:00 AM,2016
CR00002583,07/06/2023 02:17:00 PM,35,CLEAR,DAYLIGHT,FIXED OBJECT,DIVIDED - W/MEDIAN (NOT RAISED),NO CONTROLS,FAILING TO YIELD RIGHT-OF-WAY,UNABLE TO DETERMINE,0,0,0,0,14,5,7,1391,CICERO AVE,41.952863,-87.726065,07/06/2023 03:06:00 PM,2023
CR00002584,10/25/2024 05:42:00 PM,20,RAIN,DAYLIGHT,REAR END,FOUR WAY,NO CONTROLS,DISTRACTION - FROM INSIDE VEHICLE,UNABLE TO DETERMINE,0,0,0,0,17,6,10,213,BROADWAY,41.737042,-87.562433,10/25/2024 06:16:00 PM,2024
CR00002585,02/17/2015 03:06:00 PM,15,CLEAR,DAYLIGHT,REAR END,NOT DIVIDED,STOP SIGN/FLASHER,FOLLOWING TOO CLOSELY,FOLLOWING TOO CLOSELY,0,0,0,0,15,3,2,771,79TH ST,41.820603,-87.64593,02/17/2015 03:13:00 PM,2015
CR00002586,09/11/2024 01:50:00 PM,25,CLEAR,DAWN,TURNING,NOT DIVIDED,NO CONTROLS,FAILING TO YIELD RIGHT-OF-WAY,UNABLE TO DETERMINE,0,0,1,1,13,4,9,1380,63RD ST,41.944891,-87.653812,09/11/2024 03:16:00 PM,2024
CR00002587,07/29/2023 05:36:00 PM,20,CLEAR,DAYLIGHT,TURNING,DIVIDED - W/MEDIAN (NOT RAISED),NO CONTROLS,IMPROPER OVERTAKING/PASSING,WEATHER,0,0,0,0,17,7,7,1397,ELSTON AVE,41.793325,-87.592905,07/29/2023 06:29:00 PM,2023
CR00002588,09/23/2016 01:33:00 PM,20,CLEAR,DARKNESS - LIGHTED ROAD,PARKED MOTOR VEHICLE,FOUR WAY,NO CONTROLS,UNABLE TO DETERMINE,UNABLE TO DETERMINE,0,0,0,0,13,6,9,884,HALSTED ST,41.892347,-87.72094,09/23/2016 02:42:00 PM,2016
CR00002589,03/09/2017 11:35:00 AM,30,SNOW,DUSK,PARKED MOTOR VEHICLE,DIVIDED - W/MEDIAN (NOT RAISED),STOP SIGN/FLASHER,UNABLE TO DETERMINE,DRIVING SKILLS/KNOWLEDGE/EXPERIENCE,0,0,0,0,11,5,3,2221,WESTERN AVE,41.768997,-87.728265,03/09/2017 11:43:00 AM,2017
CR00002590,10/08/2018 01:59:00 AM,35,CLEAR,DAYLIGHT,SIDESWIPE SAME DIRECTION,NOT DIVIDED,NO CONTROLS,FAILING TO YIELD RIGHT-OF-WAY,UNABLE TO DETERMINE,0,0,3,3,1,2,10,1248,47TH ST,41.726409,-87.609856,10/08/2018 03:54:00 AM,2018
CR00002591,11/12/2022 03:31:00 PM,45,CLEAR,DAYLIGHT,PARKED MOTOR VEHICLE,NOT DIVIDED,NO CONTROLS,FOLLOWING TOO CLOSELY,FAILING TO YIELD RIGHT-OF-WAY,0,0,0,0,15,7,11,1256,PULASKI RD,41.775934,-87.577488,11/12/2022 04:07:00 PM,2022
CR00002592,07/19/2015 02:00:00 PM,35,CLEAR,DARKNESS - LIGHTED ROAD,TURNING,NOT DIVIDED,UNKNOWN,DISTRACTION - FROM INSIDE VEHICLE,IMPROPER OVERTAKING/PASSING,0,0,0,0,14,1,7,1591,ARCHER AVE,41.859622,-87.671138,07/19/2015 02:18:00 PM,2015
CR00002593,12/31/2023 08:31:00 AM,30,SNOW,DAYLIGHT,PARKED MOTOR VEHICLE,DIVIDED - W/MEDIAN (NOT RAISED),NO CONTROLS,IMPROPER LANE USAGE,UNABLE TO DETERMINE,0,0,0,0,8,1,12,672,ASHLAND AVE,41.768361,-87.539911,12/31/2023 09:43:00 AM,2023
CR00002594,04/01/2015 09:01:00 AM,30,RAIN,DAYLIGHT,REAR END,NOT DIVIDED,YIELD,FAILING TO YIELD RIGHT-OF-WAY,UNABLE TO DETERMINE,0,0,0,0,9,4,4,2449,DIVISION ST,41.957912,-87.761352,04/01/2015 09:47:00 AM,2015
CR00002595,07/31/2024 10:14:00 PM,35,RAIN,DAYLIGHT,TURNING,NOT DIVIDED,TRAFFIC SIGNAL,DISTRACTION - FROM INSIDE VEHICLE,NOT APPLICABLE,0,0,0,0,22,4,7,526,47TH ST,41.88967,-87.761495,07/31/2024 10:18:00 PM,2024
CR00002596,05/07/2020 10:12:00 AM,30,CLEAR,DARKNESS - LIGHTED ROAD,SIDESWIPE SAME DIRECTION,T-INTERSECTION,STOP SIGN/FLASHER,FAILING TO REDUCE SPEED,WEATHER,0,0,0,0,10,5,5,2494,CLARK ST,41.818273,-87.83013,05/07/2020 10:29:00 AM,2020
CR00002597,10/06/2017 06:40:00 PM,25,CLEAR,DARKNESS - LIGHTED ROAD,ANGLE,DIVIDED - W/MEDIAN (NOT RAISED),NO CONTROLS,FAILING TO REDUCE SPEED,NOT APPLICABLE,0,0,0,0,18,6,10,1094,DAMEN AVE,41.980327,-87.75947,10/06/2017 07:15:00 PM,2017
CR00002598,01/07/2016 08:54:00 PM,30,CLEAR,DAYLIGHT,PARKED MOTOR VEHICLE,DIVIDED - W/MEDIAN BARRIER,YIELD,FAILING TO YIELD RIGHT-OF-WAY,FAILING TO REDUCE SPEED,0,0,0,0,20,5,1,1550,CALIFORNIA AVE,41.973098,-87.650532,01/07/2016 10:27:00 PM,2016
CR00002599,03/22/2023 03:56:00 PM,35,CLOUDY/OVERCAST,DAYLIGHT,FIXED OBJECT,DIVIDED - W/MEDIAN BARRIER,STOP SIGN/FLASHER,UNABLE TO DETERMINE,IMPROPER OVERTAKING/PASSING,0,0,0,0,15,4,3,536,OGDEN AVE,41.834588,-87.782434,03/22/2023 04:10:00 PM,2023
CR00002600,07/25/2017 07:54:00 AM,30,RAIN,DAYLIGHT,TURNING,DIVIDED - W/MEDIAN BARRIER,NO CONTROLS,IMPROPER OVERTAKING/PASSING,FAILING TO YIELD RIGHT-OF-WAY,0,0,0,0,7,3,7,519,CALIFORNIA AVE,41.904833,-87.534218,07/25/2017 08:15:00 AM,2017
CR00002601,08/01/2019 10:17:00 PM,30,CLOUDY/OVERCAST,DAYLIGHT,TURNING,FOUR WAY,TRAFFIC SIGNAL,UNABLE TO DETERMINE,UNABLE TO DETERMINE,0,0,0,0,22,5,8,769,ELSTON AVE,41.929934,-87.753129,08/01/2019 10:23:00 PM,2019
CR00002602,03/28/2019 08:32:00 AM,25,CLOUDY/OVERCAST,DAYLIGHT,ANGLE,DIVIDED - W/MEDIAN BARRIER,STOP SIGN/FLASHER,UNABLE TO DETERMINE,UNABLE TO DETERMINE,0,0,0,0,8,5,3,2053,IRVING PARK RD,41.736831,-87.844432,03/28/2019 08:33:00 AM,2019
CR00002603,04/15/2022 10:43:00 AM,40,CLOUDY/OVERCAST,DAYLIGHT,TURNING,T-INTERSECTION,TRAFFIC SIGNAL,IMPROPER OVERTAKING/PASSING,IMPROPER OVERTAKING/PASSING,0,0,0,0,10,6,4,1217,STONY ISLAND AVE,41.876299,-87.790602,04/15/2022 12:43:00 PM,2022
CR00002604,04/24/2017 05:13:00 PM,35,CLEAR,DUSK,REAR END,DIVIDED - W/MEDIAN BARRIER,TRAFFIC SIGNAL,DRIVING SKILLS/KNOWLEDGE/EXPERIENCE,UNABLE TO DETERMINE,0,0,0,0,17,2,4,1813,IRVING PARK RD,41.779498,-87.531271,04/24/2017 05:43:00 PM,2017
CR00002605,05/15/2023 04:11:00 PM,25,CLEAR,DAYLIGHT,ANGLE,DIVIDED - W/MEDIAN (NOT RAISED),YIELD,UNABLE TO DETERMINE,UNABLE TO DETERMINE,0,0,0,0,16,2,5,1154,KEDZIE AVE,41.987555,-87.808107,05/15/2023 04:13:00 PM,2023
CR00002606,01/16/2022 05:16:00 PM,30,CLEAR,DAYLIGHT,TURNING,DIVIDED - W/MEDIAN (NOT RAISED),TRAFFIC SIGNAL,FOLLOWING TOO CLOSELY,UNABLE TO DETERMINE,0,2,2,4,17,1,1,207,ARCHER AVE,41.991375,-87.525744,01/16/2022 06:00:00 PM,2022
CR00002607,01/13/2017 12:35:00 AM,15,SNOW,DARKNESS - LIGHTED ROAD,TURNING,NOT DIVIDED,TRAFFIC SIGNAL,DISTRACTION - FROM INSIDE VEHICLE,UNABLE TO DETERMINE,0,0,0,0,0,6,1,1054,CALIFORNIA AVE,41.758364,-87.65536,01/13/2017 01:04:00 AM,2017
CR00002608,01/15/2020 11:57:00 PM,30,CLEAR,DUSK,SIDESWIPE SAME DIRECTION,ONE-WAY,TRAFFIC SIGNAL,UNABLE TO DETERMINE,NOT APPLICABLE,0,0,0,0,23,4,1,754,63RD ST,41.994722,-87.635695,01/16/2020 12:22:00 AM,2020
CR00002609,09/28/2022 02:42:00 PM,15,CLEAR,DARKNESS - LIGHTED ROAD,REAR END,ONE-WAY,NO CONTROLS,UNABLE TO DETERMINE,UNABLE TO DETERMINE,0,0,1,1,14,4,9,2396,79TH ST,41.857646,-87.705809,09/28/2022 04:14:00 PM,2022
CR00002610,01/17/2022 03:05:00 PM,30,RAIN,DAYLIGHT,REAR TO FRONT,NOT DIVIDED,NO CONTROLS,FOLLOWING TOO CLOSELY,UNABLE TO DETERMINE,0,2,1,3,15,2,1,408,MILWAUKEE AVE,41.804151,-87.764141,01/17/2022 04:28:00 PM,2022
CR00002611,02/03/2024 05:58:00 PM,20,CLEAR,DAYLIGHT,TURNING,FOUR WAY,NO CONTROLS,UNABLE TO DETERMINE,UNABLE TO DETERMINE,0,0,0,0,17,7,2,905,WESTERN AVE,41.887151,-87.597447,02/03/2024 06:43:00 PM,2024
CR00002612,03/08/2024 04:33:00 PM,45,CLEAR,DAYLIGHT,TURNING,DIVIDED - W/MEDIAN (NOT RAISED),NO CONTROLS,UNABLE TO DETERMINE,NOT APPLICABLE,0,0,0,0,16,6,3,1245,ASHLAND AVE,41.93831,-87.547697,03/08/2024 06:27:00 PM,2024
CR00002613,06/24/2017 01:03:00 AM,30,CLEAR,DARKNESS,ANGLE,DIVIDED - W/MEDIAN (NOT RAISED),TRAFFIC SIGNAL,FAILING TO REDUCE SPEED,DRIVING SKILLS/KNOWLEDGE/EXPERIENCE,0,0,0,0,1,7,6,1484,WESTERN AVE,41.887582,-87.701881,06/24/2017 02:27:00 AM,2017
CR00002614,08/04/2021 11:36:00 AM,35,CLEAR,DAYLIGHT,TURNING,DIVIDED - W/MEDIAN (NOT RAISED),STOP SIGN/FLASHER,FOLLOWING TOO CLOSELY,FAILING TO REDUCE SPEED,0,0,0,0,11,4,8,1711,HALSTED ST,41.791098,-87.834917,08/04/2021 12:56:00 PM,2021
CR00002615,12/30/2019 08:32:00 AM,30,FREEZING RAIN/DRIZZLE,DARKNESS,REAR END,NOT DIVIDED,NO CONTROLS,UNABLE TO DETERMINE,DISTRACTION - FROM INSIDE VEHICLE,0,0,0,0,8,2,12,2366,STATE ST,41.801735,-87.660938,12/30/2019 08:48:00 AM,2019
CR00002616,08/02/2023 06:20:00 PM,30,SNOW,DAYLIGHT,SIDESWIPE SAME DIRECTION,FOUR WAY,NO CONTROLS,IMPROPER LANE USAGE,NOT APPLICABLE,0,0,2,2,18,4,8,1273,ASHLAND AVE,41.743871,-87.679552,08/02/2023 07:10:00 PM,2023
CR00002617,10/10/2019 08:56:00 PM,40,SNOW,DARKNESS,TURNING,ONE-WAY,TRAFFIC SIGNAL,DISREGARDING TRAFFIC SIGNALS,NOT APPLICABLE,0,0,2,2,20,5,10,1574,ELSTON AVE,41.776923,-87.838271,10/10/2019 10:08:00 PM,2019
CR00002618,07/12/2018 02:17:00 PM,35,CLEAR,DARKNESS - LIGHTED ROAD,REAR END,DIVIDED - W/MEDIAN (NOT RAISED),NO CONTROLS,UNABLE TO DETERMINE,DRIVING SKILLS/KNOWLEDGE/EXPERIENCE,0,0,0,0,14,5,7,1933,DIVISION ST,41.987321,-87.819885,07/12/2018 03:08:00 PM,2018
CR00002619,08/25/2017 05:37:00 PM,35,CLEAR,DAYLIGHT,REAR END,NOT DIVIDED,STOP SIGN/FLASHER,UNABLE TO DETERMINE,NOT APPLICABLE,0,0,0,0,17,6,8,548,DAMEN AVE,41.883345,-87.739039,08/25/2017 06:36:00 PM,2017
CR00002620,04/22/2023 09:22:00 AM,30,CLEAR,DAYLIGHT,ANGLE,NOT DIVIDED,NO CONTROLS,IMPROPER OVERTAKING/PASSING,UNABLE TO DETERMINE,0,0,0,0,9,7,4,1299,PULASKI RD,41.879291,-87.50058,04/22/2023 11:21:00 AM,2023
CR00002621,05/30/2020 05:37:00 PM,35,CLEAR,DAYLIGHT,PARKED MOTOR VEHICLE,NOT DIVIDED,TRAFFIC SIGNAL,FAILING TO REDUCE SPEED,NOT APPLICABLE,0,0,0,0,17,7,5,2514,HALSTED ST,41.803368,-87.56937,05/30/2020 07:25:00 PM,2020
CR00002622,06/28/2023 03:53:00 AM,35,CLEAR,DAYLIGHT,TURNING,DIVIDED - W/MEDIAN (NOT RAISED),TRAFFIC SIGNAL,UNABLE TO DETERMINE,UNABLE TO DETERMINE,0,0,1,1,3,4,6,732,MICHIGAN AVE,41.840887,-87.77708,06/28/2023 04:37:00 AM,2023
CR00002623,01/20/2015 01:35:00 AM,30,CLEAR,DARKNESS,SIDESWIPE SAME DIRECTION,NOT DIVIDED,TRAFFIC SIGNAL,WEATHER,FAILING TO YIELD RIGHT-OF-WAY,0,0,3,3,1,3,1,1659,WESTERN AVE,41.804678,-87.644558,01/20/2015 02:23:00 AM,2015
CR00002624,01/29/2015 04:34:00 PM,35,SNOW,DARKNESS - LIGHTED ROAD,REAR END,DIVIDED - W/MEDIAN BARRIER,NO CONTROLS,UNABLE TO DETERMINE,UNABLE TO DETERMINE,0,0,1,1,16,5,1,1200,CICERO AVE,41.975062,-87.566081,01/29/2015 05:02:00 PM,2015
CR00002625,03/17/2024 09:52:00 AM,40,CLEAR,DAYLIGHT,PEDESTRIAN,ONE-WAY,NO CONTROLS,IMPROPER LANE USAGE,NOT APPLICABLE,0,0,0,0,9,1,3,1917,ROOSEVELT RD,41.801513,-87.783833,03/17/2024 11:08:00 AM,2024
CR00002626,01/01/2024 02:52:00 PM,20,CLEAR,DAYLIGHT,SIDESWIPE SAME DIRECTION,DIVIDED - W/MEDIAN (NOT RAISED),NO CONTROLS,UNABLE TO DETERMINE,NOT APPLICABLE,0,0,2,2,14,2,1,1237,ROOSEVELT RD,41.713193,-87.675448,01/01/2024 03:41:00 PM,2024
CR00002627,08/18/2021 05:46:00 AM,35,CLEAR,DARKNESS - LIGHTED ROAD,FIXED OBJECT,DIVIDED - W/MEDIAN (NOT RAISED),TRAFFIC SIGNAL,UNABLE TO DETERMINE,NOT APPLICABLE,0,1,1,2,5,4,8,424,ARCHER AVE,41.816256,-87.696811,08/18/2021 07:11:00 AM,2021
CR00002628,05/11/2020 06:31:00 PM,35,CLEAR,DARKNESS - LIGHTED ROAD,REAR END,NOT DIVIDED,YIELD,DRIVING SKILLS/KNOWLEDGE/EXPERIENCE,DISREGARDING TRAFFIC SIGNALS,0,0,1,1,18,2,5,2145,CLARK ST,41.991671,-87.558331,05/11/2020 07:27:00 PM,2020
CR00002629,10/02/2015 10:10:00 AM,30,CLEAR,DUSK,PEDESTRIAN,FOUR WAY,TRAFFIC SIGNAL,DRIVING SKILLS/KNOWLEDGE/EXPERIENCE,IMPROPER OVERTAKING/PASSING,0,0,0,0,10,6,10,809,DAMEN AVE,41.808464,-87.768147,10/02/2015 10:19:00 AM,2015
CR00002630,04/28/2017 06:16:00 PM,30,CLOUDY/OVERCAST,DAYLIGHT,ANGLE,ONE-WAY,TRAFFIC SIGNAL,UNABLE TO DETERMINE,UNABLE TO DETERMINE,0,0,0,0,18,6,4,1386,FULLERTON AVE,41.751608,-87.628452,04/28/2017 06:34:00 PM,2017
CR00002631,10/23/2023 01:00:00 AM,15,CLEAR,DARKNESS,SIDESWIPE SAME DIRECTION,ONE-WAY,NO CONTROLS,WEATHER,FAILING TO YIELD RIGHT-OF-WAY,0,0,0,0,1,2,10,1819,CALIFORNIA AVE,41.94666,-87.775932,10/23/2023 01:18:00 AM,2023
CR00002632,12/01/2023 03:04:00 PM,35,SNOW,DARKNESS,TURNING,DIVIDED - W/MEDIAN (NOT RAISED),NO CONTROLS,FOLLOWING TOO CLOSELY,FOLLOWING TOO CLOSELY,0,0,0,0,15,6,12,1810,ELSTON AVE,41.948288,-87.756929,12/01/2023 04:38:00 PM,2023
CR00002633,08/09/2021 11:14:00 PM,30,CLEAR,DAYLIGHT,PARKED MOTOR VEHICLE,DIVIDED - W/MEDIAN (NOT RAISED),TRAFFIC SIGNAL,DISTRACTION - FROM INSIDE VEHICLE,IMPROPER OVERTAKING/PASSING,0,0,0,0,23,2,8,1736,ARCHER AVE,41.967583,-87.709346,08/10/2021 12:59:00 AM,2021
CR00002634,02/27/2024 03:46:00 PM,15,RAIN,DAYLIGHT,REAR END,NOT DIVIDED,TRAFFIC SIGNAL,DISTRACTION - FROM INSIDE VEHICLE,DISREGARDING TRAFFIC SIGNALS,0,0,0,0,15,3,2,1500,79TH ST,41.820261,-87.761902,02/27/2024 04:37:00 PM,2024
CR00002635,07/26/2016 04:27:00 PM,35,CLEAR,DAYLIGHT,SIDESWIPE SAME DIRECTION,ONE-WAY,STOP SIGN/FLASHER,DRIVING SKILLS/KNOWLEDGE/EXPERIENCE,DRIVING SKILLS/KNOWLEDGE/EXPERIENCE,0,0,0,0,16,3,7,2127,OGDEN AVE,41.964139,-87.525699,07/26/2016 04:37:00 PM,2016