CRASH_RECORD_ID,CRASH_DATE,POSTED_SPEED_LIMIT,WEATHER_CONDITION,LIGHTING_CONDITION,FIRST_CRASH_TYPE,TRAFFICWAY_TYPE,TRAFFIC_CONTROL_DEVICE,PRIM_CONTRIBUTORY_CAUSE,SEC_CONTRIBUTORY_CAUSE,INJURIES_FATAL,INJURIES_INCAPACITATING,INJURIES_NON_INCAPACITATING,INJURIES_TOTAL,CRASH_HOUR,CRASH_DAY_OF_WEEK,CRASH_MONTH,BEAT_OF_OCCURRENCE,STREET_NAME,LATITUDE,LONGITUDE,DATE_POLICE_NOTIFIED,year
CR00002636,07/04/2016 04:35:00 PM,30,CLEAR,DAYLIGHT,REAR END,DIVIDED - W/MEDIAN (NOT RAISED),NO CONTROLS,FAILING TO REDUCE SPEED,FAILING TO REDUCE SPEED,0,0,0,0,16,2,7,2369,ARCHER AVE,41.99882,-87.686193,07/04/2016 05:14:00 PM,2016
CR00002637,10/06/2022 02:26:00 AM,35,SNOW,DAYLIGHT,REAR END,NOT DIVIDED,TRAFFIC SIGNAL,IMPROPER OVERTAKING/PASSING,UNABLE TO DETERMINE,0,0,2,2,2,5,10,1350,DAMEN AVE,41.935091,-87.768744,10/06/2022 03:34:00 AM,2022
CR00002638,08/27/2024 02:12:00 PM,30,CLEAR,DAYLIGHT,REAR END,NOT DIVIDED,TRAFFIC SIGNAL,FAILING TO REDUCE SPEED,UNABLE TO DETERMINE,0,0,0,0,14,3,8,2421,MICHIGAN AVE,41.773726,-87.569965,08/27/2024 02:24:00 PM,2024
CR00002639,09/17/2017 10:01:00 PM,40,CLEAR,DAYLIGHT,TURNING,ONE-WAY,TRAFFIC SIGNAL,FOLLOWING TOO CLOSELY,FAILING TO YIELD RIGHT-OF-WAY,0,2,1,3,22,1,9,646,47TH ST,41.900575,-87.709831,09/17/2017 10:34:00 PM,2017
CR00002640,03/31/2018 12:09:00 PM,35,RAIN,DAYLIGHT,SIDESWIPE SAME DIRECTION,DIVIDED - W/MEDIAN (NOT RAISED),TRAFFIC SIGNAL,FAILING TO REDUCE SPEED,DRIVING SKILLS/KNOWLEDGE/EXPERIENCE,0,0,0,0,12,7,3,964,MILWAUKEE AVE,41.731303,-87.823813,03/31/2018 12:34:00 PM,2018
CR00002641,10/26/2015 02:36:00 PM,35,RAIN,DAYLIGHT,SIDESWIPE SAME DIRECTION,FOUR WAY,NO CONTROLS,DRIVING SKILLS/KNOWLEDGE/EXPERIENCE,FAILING TO REDUCE SPEED,0,0,1,1,14,2,10,2455,ARCHER AVE,41.897019,-87.735138,10/26/2015 03:27:00 PM,2015
CR00002642,12/20/2022 07:34:00 PM,25,CLEAR,DARKNESS,TURNING,NOT DIVIDED,UNKNOWN,UNABLE TO DETERMINE,IMPROPER LANE USAGE,0,0,0,0,19,3,12,2488,ASHLAND AVE,41.775101,-87.687609,12/20/2022 08:43:00 PM,2022
CR00002643,09/10/2023 10:58:00 PM,45,CLEAR,DARKNESS - LIGHTED ROAD,ANGLE,DIVIDED - W/MEDIAN (NOT RAISED),UNKNOWN,UNABLE TO DETERMINE,IMPROPER LANE USAGE,0,0,0,0,22,1,9,902,BROADWAY,41.738673,-87.548751,09/11/2023 12:58:00 AM,2023
CR00002644,12/28/2023 06:59:00 PM,20,CLEAR,DARKNESS - LIGHTED ROAD,TURNING,NOT DIVIDED,TRAFFIC SIGNAL,IMPROPER OVERTAKING/PASSING,IMPROPER LANE USAGE,0,0,0,0,18,5,12,299,CICERO AVE,41.741216,-87.666176,12/28/2023 07:46:00 PM,2023
CR00002645,02/11/2024 12:08:00 AM,20,RAIN,DAWN,REAR END,DIVIDED - W/MEDIAN BARRIER,STOP SIGN/FLASHER,FOLLOWING TOO CLOSELY,NOT APPLICABLE,0,0,0,0,0,1,2,621,WESTERN AVE,41.979164,-87.552781,02/11/2024 01:53:00 AM,2024
CR00002646,02/08/2017 04:42:00 PM,30,RAIN,DAYLIGHT,ANGLE,NOT DIVIDED,STOP SIGN/FLASHER,FOLLOWING TOO CLOSELY,NOT APPLICABLE,0,0,0,0,16,4,2,1541,ROOSEVELT RD,41.730258,-87.804988,02/08/2017 06:22:00 PM,2017
CR00002647,12/07/2023 12:10:00 PM,35,CLEAR,DAYLIGHT,TURNING,NOT DIVIDED,STOP SIGN/FLASHER,FOLLOWING TOO CLOSELY,IMPROPER LANE USAGE,0,0,2,2,12,5,12,968,63RD ST,41.906588,-87.797323,12/07/2023 12:23:00 PM,2023
CR00002648,12/16/2018 02:33:00 AM,30,CLEAR,DARKNESS,ANGLE,NOT DIVIDED,NO CONTROLS,UNABLE TO DETERMINE,FOLLOWING TOO CLOSELY,0,0,0,0,2,1,12,319,79TH ST,41.756583,-87.803983,12/16/2018 02:50:00 AM,2018
CR00002649,07/18/2020 11:20:00 AM,15,CLEAR,DAYLIGHT,ANGLE,NOT DIVIDED,NO CONTROLS,DISREGARDING TRAFFIC SIGNALS,FAILING TO YIELD RIGHT-OF-WAY,0,0,1,1,11,7,7,301,LAKE SHORE DR,41.719664,-87.754221,07/18/2020 11:41:00 AM,2020
CR00002650,02/20/2018 12:00:00 PM,30,CLEAR,DARKNESS - LIGHTED ROAD,REAR END,ONE-WAY,STOP SIGN/FLASHER,IMPROPER LANE USAGE,IMPROPER LANE USAGE,0,0,0,0,12,3,2,2007,WESTERN AVE,41.923689,-87.775675,02/20/2018 01:51:00 PM,2018
CR00002651,07/26/2016 09:17:00 AM,45,CLEAR,DAYLIGHT,ANGLE,NOT DIVIDED,STOP SIGN/FLASHER,DRIVING SKILLS/KNOWLEDGE/EXPERIENCE,UNABLE TO DETERMINE,0,0,0,0,9,3,7,1065,63RD ST,41.978362,-87.779226,07/26/2016 09:21:00 AM,2016
CR00002652,09/07/2018 06:44:00 PM,35,RAIN,DARKNESS - LIGHTED ROAD,SIDESWIPE SAME DIRECTION,ONE-WAY,TRAFFIC SIGNAL,FAILING TO YIELD RIGHT-OF-WAY,FOLLOWING TOO CLOSELY,0,0,0,0,18,6,9,1153,CALIFORNIA AVE,41.978585,-87.585228,09/07/2018 07:47:00 PM,2018
CR00002653,06/18/2019 04:28:00 AM,30,CLEAR,DARKNESS - LIGHTED ROAD,REAR END,NOT DIVIDED,TRAFFIC SIGNAL,UNABLE TO DETERMINE,UNABLE TO DETERMINE,0,0,0,0,4,3,6,1695,DAMEN AVE,41.80709,-87.518545,06/18/2019 05:12:00 AM,2019
CR00002654,10/20/2019 06:21:00 AM,15,CLEAR,DAYLIGHT,TURNING,NOT DIVIDED,STOP SIGN/FLASHER,UNABLE TO DETERMINE,UNABLE TO DETERMINE,0,2,1,3,6,1,10,1143,MICHIGAN AVE,41.882165,-87.787269,10/20/2019 07:52:00 AM,2019
CR00002655,02/20/2022 09:36:00 AM,40,RAIN,DARKNESS - LIGHTED ROAD,TURNING,ONE-WAY,NO CONTROLS,FOLLOWING TOO CLOSELY,NOT APPLICABLE,0,0,0,0,9,1,2,1928,LAKE SHORE DR,41.747279,-87.633444,02/20/2022 11:11:00 AM,2022
CR00002656,02/12/2017 08:45:00 AM,35,CLEAR,DARKNESS,PARKED MOTOR VEHICLE,NOT DIVIDED,NO CONTROLS,IMPROPER OVERTAKING/PASSING,FAILING TO YIELD RIGHT-OF-WAY,0,0,3,3,8,1,2,1092,FULLERTON AVE,41.95946,-87.547407,02/12/2017 09:14:00 AM,2017
CR00002657,10/25/2022 08:23:00 PM,25,CLEAR,DUSK,REAR END,DIVIDED - W/MEDIAN (NOT RAISED),STOP SIGN/FLASHER,UNABLE TO DETERMINE,UNABLE TO DETERMINE,0,0,0,0,20,3,10,237,47TH ST,41.900387,-87.819363,10/25/2022 09:00:00 PM,2022
CR00002658,05/23/2019 05:46:00 PM,30,CLEAR,DAYLIGHT,TURNING,NOT DIVIDED,NO CONTROLS,FAILING TO YIELD RIGHT-OF-WAY,FOLLOWING TOO CLOSELY,0,0,0,0,17,5,5,1288,STATE ST,41.879412,-87.83395,05/23/2019 07:18:00 PM,2019
CR00002659,05/11/2017 10:10:00 PM,20,CLEAR,DAYLIGHT,REAR END,DIVIDED - W/MEDIAN BARRIER,YIELD,FAILING TO REDUCE SPEED,UNABLE TO DETERMINE,0,0,0,0,22,5,5,330,CALIFORNIA AVE,41.869028,-87.571966,05/11/2017 11:26:00 PM,2017
CR00002660,01/21/2022 07:10:00 AM,40,CLEAR,DARKNESS - LIGHTED ROAD,SIDESWIPE SAME DIRECTION,DIVIDED - W/MEDIAN BARRIER,TRAFFIC SIGNAL,UNABLE TO DETERMINE,UNABLE TO DETERMINE,0,2,1,3,7,6,1,994,KEDZIE AVE,41.795742,-87.688365,01/21/2022 07:17:00 AM,2022
CR00002661,01/22/2021 07:23:00 PM,15,SNOW,DAYLIGHT,REAR END,FOUR WAY,NO CONTROLS,FOLLOWING TOO CLOSELY,DRIVING SKILLS/KNOWLEDGE/EXPERIENCE,0,0,0,0,19,6,1,1837,79TH ST,41.704279,-87.644199,01/22/2021 09:19:00 PM,2021
CR00002662,05/03/2020 02:56:00 PM,35,CLEAR,DARKNESS - LIGHTED ROAD,FIXED OBJECT,NOT DIVIDED,TRAFFIC SIGNAL,DISTRACTION - FROM INSIDE VEHICLE,UNABLE TO DETERMINE,0,0,0,0,14,1,5,1088,CLARK ST,41.820746,-87.656965,05/03/2020 03:12:00 PM,2020
CR00002663,01/28/2018 09:26:00 PM,35,CLEAR,DARKNESS - LIGHTED ROAD,REAR TO FRONT,DIVIDED - W/MEDIAN BARRIER,TRAFFIC SIGNAL,DRIVING SKILLS/KNOWLEDGE/EXPERIENCE,FOLLOWING TOO CLOSELY,0,0,0,0,21,1,1,366,MILWAUKEE AVE,41.766066,-87.600892,01/28/2018 11:11:00 PM,2018
CR00002664,04/30/2018 07:26:00 PM,30,CLEAR,DUSK,REAR END,ONE-WAY,TRAFFIC SIGNAL,UNABLE TO DETERMINE,NOT APPLICABLE,0,0,0,0,19,2,4,2146,BROADWAY,41.799869,-87.687061,04/30/2018 08:30:00 PM,2018
CR00002665,05/19/2021 06:24:00 PM,35,CLEAR,DAYLIGHT,REAR END,NOT DIVIDED,STOP SIGN/FLASHER,WEATHER,NOT APPLICABLE,0,0,0,0,18,4,5,1036,47TH ST,41.945104,-87.723674,05/19/2021 07:39:00 PM,2021
CR00002666,06/15/2017 02:47:00 PM,30,CLEAR,DAYLIGHT,PARKED MOTOR VEHICLE,NOT DIVIDED,NO CONTROLS,UNABLE TO DETERMINE,IMPROPER LANE USAGE,0,0,0,0,14,5,6,754,STONY ISLAND AVE,41.754701,-87.554947,06/15/2017 04:22:00 PM,2017
CR00002667,12/13/2024 07:20:00 AM,45,RAIN,DAYLIGHT,PEDESTRIAN,NOT DIVIDED,TRAFFIC SIGNAL,DISTRACTION - FROM INSIDE VEHICLE,UNABLE TO DETERMINE,0,0,0,0,7,6,12,1041,LAKE SHORE DR,41.77967,-87.726406,12/13/2024 09:18:00 AM,2024
CR00002668,06/13/2019 01:02:00 PM,30,CLEAR,DAYLIGHT,PARKED MOTOR VEHICLE,ONE-WAY,NO CONTROLS,DRIVING SKILLS/KNOWLEDGE/EXPERIENCE,UNABLE TO DETERMINE,0,0,0,0,13,5,6,1003,LAKE SHORE DR,41.785422,-87.5225,06/13/2019 01:42:00 PM,2019
CR00002669,09/27/2016 08:37:00 AM,30,RAIN,DUSK,REAR END,NOT DIVIDED,STOP SIGN/FLASHER,UNABLE TO DETERMINE,IMPROPER LANE USAGE,0,0,0,0,8,3,9,725,STONY ISLAND AVE,41.736558,-87.633023,09/27/2016 09:03:00 AM,2016
CR00002670,10/23/2021 05:23:00 PM,30,RAIN,DAYLIGHT,REAR END,ONE-WAY,NO CONTROLS,UNABLE TO DETERMINE,IMPROPER OVERTAKING/PASSING,0,0,0,0,17,7,10,1871,63RD ST,41.91489,-87.614202,10/23/2021 07:23:00 PM,2021
CR00002671,04/01/2022 06:37:00 PM,30,FOG/SMOKE/HAZE,DARKNESS - LIGHTED ROAD,TURNING,DIVIDED - W/MEDIAN (NOT RAISED),STOP SIGN/FLASHER,DISTRACTION - FROM INSIDE VEHICLE,UNABLE TO DETERMINE,0,2,2,4,18,6,4,306,CALIFORNIA AVE,41.861549,-87.775654,04/01/2022 08:02:00 PM,2022
CR00002672,09/02/2020 07:19:00 AM,30,CLOUDY/OVERCAST,DARKNESS - LIGHTED ROAD,SIDESWIPE SAME DIRECTION,DIVIDED - W/MEDIAN (NOT RAISED),STOP SIGN/FLASHER,UNABLE TO DETERMINE,FAILING TO REDUCE SPEED,0,0,0,0,7,4,9,2414,79TH ST,41.829282,-87.712754,09/02/2020 08:37:00 AM,2020
CR00002673,06/20/2018 08:33:00 AM,15,CLEAR,DAYLIGHT,TURNING,ONE-WAY,NO CONTROLS,FOLLOWING TOO CLOSELY,NOT APPLICABLE,0,0,0,0,8,4,6,1849,STONY ISLAND AVE,41.747631,-87.611203,06/20/2018 09:19:00 AM,2018
CR00002674,05/27/2021 03:50:00 PM,30,FREEZING RAIN/DRIZZLE,DAYLIGHT,SIDESWIPE SAME DIRECTION,DIVIDED - W/MEDIAN (NOT RAISED),UNKNOWN,UNABLE TO DETERMINE,IMPROPER OVERTAKING/PASSING,0,0,0,0,15,5,5,1103,79TH ST,41.814097,-87.587227,05/27/2021 04:09:00 PM,2021
CR00002675,05/30/2018 06:52:00 PM,30,CLEAR,DAYLIGHT,REAR END,T-INTERSECTION,STOP SIGN/FLASHER,FAILING TO REDUCE SPEED,FOLLOWING TOO CLOSELY,0,0,3,3,18,4,5,1137,79TH ST,41.913481,-87.684248,05/30/2018 07:00:00 PM,2018
CR00002676,10/26/2017 02:26:00 PM,45,CLOUDY/OVERCAST,DUSK,TURNING,NOT DIVIDED,TRAFFIC SIGNAL,UNABLE TO DETERMINE,FAILING TO YIELD RIGHT-OF-WAY,0,0,0,0,14,5,10,2202,BROADWAY,41.713792,-87.814954,10/26/2017 03:05:00 PM,2017
CR00002677,11/22/2016 03:52:00 PM,40,CLEAR,DARKNESS - LIGHTED ROAD,REAR END,NOT DIVIDED,NO CONTROLS,IMPROPER LANE USAGE,NOT APPLICABLE,0,0,0,0,15,3,11,1143,WESTERN AVE,41.927325,-87.588827,11/22/2016 05:22:00 PM,2016
CR00002678,06/16/2023 09:43:00 AM,45,CLOUDY/OVERCAST,DAYLIGHT,TURNING,NOT DIVIDED,NO CONTROLS,DISTRACTION - FROM INSIDE VEHICLE,FOLLOWING TOO CLOSELY,0,0,3,3,9,6,6,1218,PULASKI RD,41.808068,-87.66795,06/16/2023 10:38:00 AM,2023
CR00002679,07/13/2024 04:34:00 PM,30,CLEAR,DAYLIGHT,REAR END,DIVIDED - W/MEDIAN (NOT RAISED),STOP SIGN/FLASHER,DISREGARDING TRAFFIC SIGNALS,UNABLE TO DETERMINE,0,0,0,0,16,7,7,1197,LAKE SHORE DR,41.896732,-87.545911,07/13/2024 05:44:00 PM,2024
CR00002680,09/20/2019 04:04:00 PM,30,RAIN,DARKNESS - LIGHTED ROAD,ANGLE,NOT DIVIDED,NO CONTROLS,WEATHER,FAILING TO REDUCE SPEED,0,0,1,1,16,6,9,746,STONY ISLAND AVE,41.848188,-87.677158,09/20/2019 05:45:00 PM,2019
CR00002681,12/20/2023 01:04:00 AM,15,CLEAR,DARKNESS - LIGHTED ROAD,REAR END,NOT DIVIDED,STOP SIGN/FLASHER,UNABLE TO DETERMINE,FAILING TO YIELD RIGHT-OF-WAY,0,0,0,0,1,4,12,722,KEDZIE AVE,41.72874,-87.582466,12/20/2023 01:28:00 AM,2023
CR00002682,10/27/2015 08:15:00 AM,45,RAIN,DAYLIGHT,REAR END,NOT DIVIDED,TRAFFIC SIGNAL,UNABLE TO DETERMINE,UNABLE TO DETERMINE,0,0,1,1,8,3,10,1101,ASHLAND AVE,41.903667,-87.748119,10/27/2015 08:16:00 AM,2015
CR00002683,02/27/2021 05:58:00 PM,45,CLEAR,DARKNESS - LIGHTED ROAD,REAR END,NOT DIVIDED,NO CONTROLS,DISTRACTION - FROM INSIDE VEHICLE,WEATHER,0,0,0,0,17,7,2,1969,LAKE SHORE DR,41.756189,-87.55819,02/27/2021 06:22:00 PM,2021
CR00002684,02/16/2022 11:25:00 AM,20,CLEAR,DAYLIGHT,TURNING,NOT DIVIDED,YIELD,UNABLE TO DETERMINE,FOLLOWING TOO CLOSELY,0,0,1,1,11,4,2,1365,OGDEN AVE,41.896847,-87.626401,02/16/2022 01:02:00 PM,2022
CR00002685,09/03/2017 09:13:00 AM,35,CLEAR,DAYLIGHT,PARKED MOTOR VEHICLE,NOT DIVIDED,NO CONTROLS,IMPROPER OVERTAKING/PASSING,DISTRACTION - FROM INSIDE VEHICLE,0,0,1,1,9,1,9,339,47TH ST,41.811815,-87.824544,09/03/2017 09:50:00 AM,2017
CR00002686,09/27/2022 04:28:00 PM,15,CLEAR,DAYLIGHT,REAR END,FOUR WAY,NO CONTROLS,DISTRACTION - FROM INSIDE VEHICLE,DISREGARDING TRAFFIC SIGNALS,0,0,0,0,16,3,9,2228,WESTERN AVE,41.84479,-87.663436,09/27/2022 04:52:00 PM,2022
CR00002687,08/27/2024 04:59:00 PM,20,CLEAR,DAYLIGHT,REAR END,NOT DIVIDED,TRAFFIC SIGNAL,DISTRACTION - FROM INSIDE VEHICLE,FAILING TO REDUCE SPEED,0,0,0,0,16,3,8,151,WESTERN AVE,41.78491,-87.600311,08/27/2024 06:22:00 PM,2024
CR00002688,03/15/2019 05:55:00 PM,30,CLEAR,DARKNESS,REAR TO FRONT,T-INTERSECTION,TRAFFIC SIGNAL,UNABLE TO DETERMINE,FAILING TO REDUCE SPEED,0,0,0,0,17,6,3,1946,BROADWAY,41.753385,-87.605737,03/15/2019 07:05:00 PM,2019
CR00002689,10/18/2016 12:09:00 PM,20,CLEAR,DAYLIGHT,TURNING,ONE-WAY,TRAFFIC SIGNAL,DISREGARDING TRAFFIC SIGNALS,FOLLOWING TOO CLOSELY,0,0,0,0,12,3,10,778,OGDEN AVE,41.712879,-87.792591,10/18/2016 12:38:00 PM,2016
CR00002690,05/10/2023 08:10:00 AM,35,CLEAR,DUSK,ANGLE,DIVIDED - W/MEDIAN (NOT RAISED),UNKNOWN,UNABLE TO DETERMINE,IMPROPER LANE USAGE,0,0,2,2,8,4,5,128,STONY ISLAND AVE,41.83378,-87.811214,05/10/2023 09:53:00 AM,2023
CR00002691,08/03/2018 06:21:00 AM,35,CLEAR,DAYLIGHT,REAR TO FRONT,NOT DIVIDED,NO CONTROLS,UNABLE TO DETERMINE,UNABLE TO DETERMINE,0,0,0,0,6,6,8,2448,CLARK ST,41.819093,-87.760194,08/03/2018 06:43:00 AM,2018
CR00002692,12/09/2015 03:43:00 PM,30,CLEAR,DARKNESS - LIGHTED ROAD,ANGLE,NOT DIVIDED,PEDESTRIAN CROSSING SIGN,UNABLE TO DETERMINE,UNABLE TO DETERMINE,0,0,1,1,15,4,12,1503,WESTERN AVE,41.983627,-87.845826,12/09/2015 05:25:00 PM,2015
CR00002693,01/07/2020 11:50:00 AM,40,CLEAR,DAYLIGHT,ANGLE,DIVIDED - W/MEDIAN (NOT RAISED),NO CONTROLS,UNABLE TO DETERMINE,NOT APPLICABLE,0,0,0,0,11,3,1,2133,OGDEN AVE,41.858285,-87.67437,01/07/2020 12:11:00 PM,2020
CR00002694,10/23/2017 02:28:00 PM,30,CLEAR,DARKNESS - LIGHTED ROAD,TURNING,DIVIDED - W/MEDIAN (NOT RAISED),NO CONTROLS,DISTRACTION - FROM INSIDE VEHICLE,FOLLOWING TOO CLOSELY,0,0,0,0,14,2,10,265,MILWAUKEE AVE,41.714853,-87.847572,10/23/2017 03:52:00 PM,2017
CR00002695,09/19/2020 08:20:00 AM,25,CLEAR,DAYLIGHT,TURNING,FOUR WAY,STOP SIGN/FLASHER,IMPROPER OVERTAKING/PASSING,FOLLOWING TOO CLOSELY,0,0,0,0,8,7,9,663,ELSTON AVE,41.968739,-87.820526,09/19/2020 10:16:00 AM,2020
CR00002696,02/06/2017 04:01:00 PM,15,CLEAR,DAYLIGHT,REAR END,T-INTERSECTION,NO CONTROLS,UNABLE TO DETERMINE,NOT APPLICABLE,0,0,0,0,16,2,2,891,STATE ST,41.906881,-87.532279,02/06/2017 04:18:00 PM,2017
CR00002697,04/24/2015 01:57:00 PM,45,RAIN,DAYLIGHT,TURNING,NOT DIVIDED,NO CONTROLS,FOLLOWING TOO CLOSELY,UNABLE TO DETERMINE,0,0,0,0,13,6,4,1743,MILWAUKEE AVE,41.815006,-87.839138,04/24/2015 03:51:00 PM,2015
CR00002698,09/21/2015 04:43:00 AM,20,CLOUDY/OVERCAST,DAYLIGHT,TURNING,NOT DIVIDED,STOP SIGN/FLASHER,FAILING TO YIELD RIGHT-OF-WAY,FOLLOWING TOO CLOSELY,0,0,0,0,4,2,9,2314,ARCHER AVE,41.913977,-87.754392,09/21/2015 05:44:00 AM,2015
CR00002699,02/08/2024 02:36:00 PM,20,CLEAR,DAYLIGHT,REAR END,DIVIDED - W/MEDIAN (NOT RAISED),UNKNOWN,DISTRACTION - FROM INSIDE VEHICLE,IMPROPER LANE USAGE,0,0,0,0,14,5,2,203,CLARK ST,41.853065,-87.708061,02/08/2024 03:01:00 PM,2024
CR00002700,02/12/2022 10:34:00 AM,40,CLEAR,DARKNESS - LIGHTED ROAD,REAR END,NOT DIVIDED,NO CONTROLS,DISREGARDING TRAFFIC SIGNALS,NOT APPLICABLE,0,0,0,0,10,7,2,1223,MILWAUKEE AVE,41.98201,-87.660157,02/12/2022 11:59:00 AM,2022
CR00002701,11/01/2022 01:31:00 PM,45,CLEAR,DUSK,REAR END,NOT DIVIDED,TRAFFIC SIGNAL,UNABLE TO DETERMINE,IMPROPER LANE USAGE,0,0,1,1,13,3,11,727,ASHLAND AVE,41.875341,-87.731585,11/01/2022 02:06:00 PM,2022
CR00002702,01/17/2020 01:19:00 PM,15,CLEAR,DAYLIGHT,FIXED OBJECT,NOT DIVIDED,STOP SIGN/FLASHER,UNABLE TO DETERMINE,FOLLOWING TOO CLOSELY,0,0,0,0,13,6,1,1533,MICHIGAN AVE,41.979596,-87.68089,01/17/2020 02:19:00 PM,2020
CR00002703,06/04/2018 02:32:00 PM,45,CLEAR,DARKNESS - LIGHTED ROAD,PARKED MOTOR VEHICLE,FOUR WAY,UNKNOWN,UNABLE TO DETERMINE,DRIVING SKILLS/KNOWLEDGE/EXPERIENCE,0,0,1,1,14,2,6,1196,OGDEN AVE,41.958611,-87.595015,06/04/2018 02:40:00 PM,2018
CR00002704,04/29/2021 04:30:00 PM,45,CLEAR,DAYLIGHT,PARKED MOTOR VEHICLE,DIVIDED - W/MEDIAN BARRIER,TRAFFIC SIGNAL,FAILING TO REDUCE SPEED,IMPROPER OVERTAKING/PASSING,0,0,1,1,16,5,4,165,STONY ISLAND AVE,41.993541,-87.514939,04/29/2021 05:50:00 PM,2021
CR00002705,11/07/2022 09:01:00 AM,40,CLEAR,DAWN,TURNING,NOT DIVIDED,TRAFFIC SIGNAL,FOLLOWING TOO CLOSELY,FOLLOWING TOO CLOSELY,0,0,2,2,9,2,11,654,63RD ST,41.899793,-87.781593,11/07/2022 10:19:00 AM,2022
CR00002706,02/07/2020 09:37:00 AM,30,CLEAR,DARKNESS,SIDESWIPE SAME DIRECTION,FOUR WAY,NO CONTROLS,DRIVING SKILLS/KNOWLEDGE/EXPERIENCE,DISREGARDING TRAFFIC SIGNALS,0,0,0,0,9,6,2,2364,DAMEN AVE,41.795729,-87.584421,02/07/2020 11:19:00 AM,2020
CR00002707,06/02/2022 02:25:00 PM,30,CLEAR,DAYLIGHT,REAR END,DIVIDED - W/MEDIAN (NOT RAISED),STOP SIGN/FLASHER,UNABLE TO DETERMINE,UNABLE TO DETERMINE,0,0,0,0,14,5,6,527,DAMEN AVE,41.991365,-87.684338,06/02/2022 03:08:00 PM,2022
CR00002708,10/04/2019 08:15:00 AM,25,CLEAR,DAYLIGHT,TURNING,DIVIDED - W/MEDIAN BARRIER,NO CONTROLS,FOLLOWING TOO CLOSELY,NOT APPLICABLE,0,0,0,0,8,6,10,1506,STONY ISLAND AVE,41.71773,-87.758369,10/04/2019 10:08:00 AM,2019
CR00002709,10/18/2024 01:13:00 PM,25,CLEAR,DAYLIGHT,TURNING,DIVIDED - W/MEDIAN (NOT RAISED),NO CONTROLS,FOLLOWING TOO CLOSELY,FOLLOWING TOO CLOSELY,0,0,0,0,13,6,10,1190,ARCHER AVE,41.939913,-87.665137,10/18/2024 02:07:00 PM,2024
CR00002710,01/27/2019 09:45:00 PM,30,CLEAR,DAYLIGHT,REAR END,NOT DIVIDED,NO CONTROLS,UNABLE TO DETERMINE,IMPROPER OVERTAKING/PASSING,0,0,0,0,21,1,1,1490,STATE ST,41.972328,-87.621658,01/27/2019 10:25:00 PM,2019
CR00002711,12/22/2024 04:16:00 PM,25,FOG/SMOKE/HAZE,DAYLIGHT,PARKED MOTOR VEHICLE,ONE-WAY,TRAFFIC SIGNAL,FAILING TO REDUCE SPEED,FOLLOWING TOO CLOSELY,0,0,0,0,16,1,12,835,79TH ST,41.870289,-87.682682,12/22/2024 04:53:00 PM,2024
CR00002712,08/13/2023 10:24:00 AM,45,CLEAR,DAYLIGHT,TURNING,NOT DIVIDED,YIELD,IMPROPER OVERTAKING/PASSING,DISTRACTION - FROM INSIDE VEHICLE,0,0,0,0,10,1,8,811,STATE ST,41.732898,-87.721519,08/13/2023 10:45:00 AM,2023
CR00002713,05/29/2022 12:18:00 PM,25,CLEAR,DAYLIGHT,PEDESTRIAN,NOT DIVIDED,TRAFFIC SIGNAL,UNABLE TO DETERMINE,DISTRACTION - FROM INSIDE VEHICLE,0,0,0,0,12,1,5,2263,LAKE SHORE DR,41.87887,-87.674612,05/29/2022 01:15:00 PM,2022
CR00002714,03/15/2019 08:41:00 PM,15,CLEAR,DAYLIGHT,REAR END,NOT DIVIDED,TRAFFIC SIGNAL,DISTRACTION - FROM INSIDE VEHICLE,UNABLE TO DETERMINE,0,0,0,0,20,6,3,2266,MICHIGAN AVE,41.735477,-87.766047,03/15/2019 08:42:00 PM,2019
CR00002715,08/09/2024 10:30:00 AM,40,CLEAR,DAYLIGHT,SIDESWIPE SAME DIRECTION,DIVIDED - W/MEDIAN BARRIER,NO CONTROLS,UNABLE TO DETERMINE,UNABLE TO DETERMINE,0,0,1,1,10,6,8,2160,CICERO AVE,41.714615,-87.514749,08/09/2024 12:15:00 PM,2024
CR00002716,07/28/2016 09:25:00 AM,25,CLEAR,DAYLIGHT,REAR TO FRONT,NOT DIVIDED,STOP SIGN/FLASHER,UNABLE TO DETERMINE,NOT APPLICABLE,0,1,3,4,9,5,7,1200,79TH ST,41.891986,-87.560938,07/28/2016 10:15:00 AM,2016
CR00002717,08/30/2019 12:27:00 AM,15,CLEAR,DARKNESS - LIGHTED ROAD,PARKED MOTOR VEHICLE,DIVIDED - W/MEDIAN (NOT RAISED),NO CONTROLS,DISREGARDING TRAFFIC SIGNALS,IMPROPER OVERTAKING/PASSING,0,0,0,0,0,6,8,1367,DIVISION ST,41.923034,-87.71376,08/30/2019 02:00:00 AM,2019
CR00002718,02/24/2016 09:09:00 PM,35,CLEAR,DAYLIGHT,TURNING,NOT DIVIDED,PEDESTRIAN CROSSING SIGN,FOLLOWING TOO CLOSELY,IMPROPER OVERTAKING/PASSING,0,0,2,2,21,4,2,442,ARCHER AVE,41.879316,-87.604981,02/24/2016 09:14:00 PM,2016