CRASH_RECORD_ID,CRASH_DATE,POSTED_SPEED_LIMIT,WEATHER_CONDITION,LIGHTING_CONDITION,FIRST_CRASH_TYPE,TRAFFICWAY_TYPE,TRAFFIC_CONTROL_DEVICE,PRIM_CONTRIBUTORY_CAUSE,SEC_CONTRIBUTORY_CAUSE,INJURIES_FATAL,INJURIES_INCAPACITATING,INJURIES_NON_INCAPACITATING,INJURIES_TOTAL,CRASH_HOUR,CRASH_DAY_OF_WEEK,CRASH_MONTH,BEAT_OF_OCCURRENCE,STREET_NAME,LATITUDE,LONGITUDE,DATE_POLICE_NOTIFIED,year
CR00002719,07/09/2021 12:06:00 AM,30,CLEAR,DAYLIGHT,REAR END,NOT DIVIDED,NO CONTROLS,WEATHER,UNABLE TO DETERMINE,0,0,0,0,0,6,7,866,LAKE SHORE DR,41.749407,-87.849221,07/09/2021 01:40:00 AM,2021
CR00002720,11/07/2016 04:59:00 PM,25,CLEAR,DARKNESS - LIGHTED ROAD,TURNING,NOT DIVIDED,NO CONTROLS,DISREGARDING TRAFFIC SIGNALS,FAILING TO REDUCE SPEED,0,0,3,3,16,2,11,2344,CLARK ST,41.988577,-87.626395,11/07/2016 05:14:00 PM,2016
CR00002721,07/31/2016 12:02:00 PM,40,CLEAR,DAYLIGHT,REAR END,NOT DIVIDED,STOP SIGN/FLASHER,UNABLE TO DETERMINE,FOLLOWING TOO CLOSELY,0,0,3,3,12,1,7,447,STATE ST,41.881353,-87.627172,07/31/2016 01:00:00 PM,2016
CR00002722,05/26/2024 09:08:00 AM,35,CLEAR,DAYLIGHT,PEDESTRIAN,ONE-WAY,TRAFFIC SIGNAL,UNABLE TO DETERMINE,FAILING TO REDUCE SPEED,0,0,0,0,9,1,5,1549,FULLERTON AVE,41.704152,-87.68351,05/26/2024 10:56:00 AM,2024
CR00002723,02/17/2019 07:33:00 AM,45,CLEAR,DAYLIGHT,SIDESWIPE SAME DIRECTION,FOUR WAY,TRAFFIC SIGNAL,FAILING TO REDUCE SPEED,FAILING TO YIELD RIGHT-OF-WAY,0,0,0,0,7,1,2,973,IRVING PARK RD,41.952917,-87.591046,02/17/2019 09:04:00 AM,2019
CR00002724,06/29/2020 06:48:00 PM,30,CLEAR,DARKNESS - LIGHTED ROAD,ANGLE,ONE-WAY,STOP SIGN/FLASHER,IMPROPER LANE USAGE,DISTRACTION - FROM INSIDE VEHICLE,0,0,0,0,18,2,6,2289,KEDZIE AVE,41.751131,-87.769632,06/29/2020 07:32:00 PM,2020
CR00002725,05/17/2019 02:27:00 PM,30,RAIN,DAYLIGHT,PARKED MOTOR VEHICLE,NOT DIVIDED,UNKNOWN,FAILING TO REDUCE SPEED,DRIVING SKILLS/KNOWLEDGE/EXPERIENCE,0,0,0,0,14,6,5,523,MILWAUKEE AVE,41.793565,-87.630993,05/17/2019 02:33:00 PM,2019
CR00002726,01/19/2015 08:17:00 PM,25,CLEAR,DAYLIGHT,REAR TO FRONT,ONE-WAY,STOP SIGN/FLASHER,FAILING TO YIELD RIGHT-OF-WAY,DISTRACTION - FROM INSIDE VEHICLE,0,0,1,1,20,2,1,1669,DAMEN AVE,41.991925,-87.698222,01/19/2015 08:21:00 PM,2015
CR00002727,01/14/2023 12:54:00 AM,35,CLEAR,DARKNESS - LIGHTED ROAD,SIDESWIPE SAME DIRECTION,NOT DIVIDED,NO CONTROLS,UNABLE TO DETERMINE,UNABLE TO DETERMINE,0,0,0,0,0,7,1,462,OGDEN AVE,41.763444,-87.742461,01/14/2023 01:54:00 AM,2023
CR00002728,04/06/2018 07:24:00 AM,30,CLEAR,DARKNESS - LIGHTED ROAD,REAR END,NOT DIVIDED,NO CONTROLS,FAILING TO YIELD RIGHT-OF-WAY,IMPROPER LANE USAGE,0,0,0,0,7,6,4,1301,PULASKI RD,41.741033,-87.741219,04/06/2018 08:48:00 AM,2018
CR00002729,08/17/2020 11:50:00 AM,30,CLEAR,DAYLIGHT,PARKED MOTOR VEHICLE,NOT DIVIDED,TRAFFIC SIGNAL,WEATHER,IMPROPER OVERTAKING/PASSING,0,0,0,0,11,2,8,2519,MILWAUKEE AVE,41.77024,-87.708152,08/17/2020 12:21:00 PM,2020
CR00002730,06/05/2015 10:28:00 PM,30,CLEAR,DAYLIGHT,ANGLE,NOT DIVIDED,STOP SIGN/FLASHER,DISREGARDING TRAFFIC SIGNALS,NOT APPLICABLE,0,0,0,0,22,6,6,1544,ROOSEVELT RD,41.825207,-87.611369,06/05/2015 11:15:00 PM,2015
CR00002731,05/30/2023 07:21:00 AM,40,CLEAR,DAYLIGHT,TURNING,FOUR WAY,STOP SIGN/FLASHER,UNABLE TO DETERMINE,UNABLE TO DETERMINE,0,0,0,0,7,3,5,2114,MILWAUKEE AVE,41.75116,-87.734165,05/30/2023 09:06:00 AM,2023
CR00002732,09/01/2023 07:54:00 AM,25,RAIN,DAYLIGHT,ANGLE,DIVIDED - W/MEDIAN BARRIER,YIELD,FAILING TO YIELD RIGHT-OF-WAY,FOLLOWING TOO CLOSELY,0,0,0,0,7,6,9,763,KEDZIE AVE,41.844088,-87.58697,09/01/2023 09:51:00 AM,2023
CR00002733,10/27/2023 05:25:00 PM,45,RAIN,DAYLIGHT,REAR END,NOT DIVIDED,NO CONTROLS,DISTRACTION - FROM INSIDE VEHICLE,DRIVING SKILLS/KNOWLEDGE/EXPERIENCE,0,0,0,0,17,6,10,1490,STATE ST,41.903593,-87.64532,10/27/2023 07:25:00 PM,2023
CR00002734,06/05/2015 02:00:00 PM,20,CLEAR,DAYLIGHT,REAR END,DIVIDED - W/MEDIAN (NOT RAISED),STOP SIGN/FLASHER,DISREGARDING TRAFFIC SIGNALS,FOLLOWING TOO CLOSELY,0,0,0,0,14,6,6,2024,MILWAUKEE AVE,41.778668,-87.818613,06/05/2015 03:14:00 PM,2015
CR00002735,06/25/2017 11:44:00 PM,45,CLEAR,DAYLIGHT,PEDESTRIAN,NOT DIVIDED,TRAFFIC SIGNAL,UNABLE TO DETERMINE,IMPROPER LANE USAGE,0,0,0,0,23,1,6,1264,DAMEN AVE,41.720757,-87.502383,06/26/2017 01:11:00 AM,2017
CR00002736,10/16/2015 10:08:00 AM,40,CLEAR,DAYLIGHT,REAR END,DIVIDED - W/MEDIAN (NOT RAISED),NO CONTROLS,UNABLE TO DETERMINE,FOLLOWING TOO CLOSELY,0,0,0,0,10,6,10,1769,CICERO AVE,41.924351,-87.842382,10/16/2015 10:16:00 AM,2015
CR00002737,10/10/2015 03:38:00 PM,25,SNOW,DAYLIGHT,TURNING,FOUR WAY,NO CONTROLS,DISTRACTION - FROM INSIDE VEHICLE,UNABLE TO DETERMINE,0,0,0,0,15,7,10,2179,PULASKI RD,41.848808,-87.692912,10/10/2015 04:45:00 PM,2015
CR00002738,03/20/2018 06:45:00 AM,30,CLEAR,DARKNESS - LIGHTED ROAD,TURNING,NOT DIVIDED,NO CONTROLS,UNABLE TO DETERMINE,DRIVING SKILLS/KNOWLEDGE/EXPERIENCE,0,1,0,1,6,3,3,1334,MICHIGAN AVE,41.997715,-87.779184,03/20/2018 08:32:00 AM,2018
CR00002739,09/15/2019 05:51:00 PM,40,CLEAR,DAYLIGHT,PEDESTRIAN,NOT DIVIDED,STOP SIGN/FLASHER,UNABLE TO DETERMINE,UNABLE TO DETERMINE,0,0,3,3,17,1,9,2477,MICHIGAN AVE,41.975409,-87.819493,09/15/2019 06:52:00 PM,2019
CR00002740,08/29/2019 03:46:00 PM,35,CLEAR,DAWN,TURNING,DIVIDED - W/MEDIAN (NOT RAISED),NO CONTROLS,FAILING TO YIELD RIGHT-OF-WAY,FAILING TO YIELD RIGHT-OF-WAY,0,0,2,2,15,5,8,1323,MILWAUKEE AVE,41.934937,-87.690778,08/29/2019 05:36:00 PM,2019
CR00002741,12/04/2021 03:13:00 AM,30,CLEAR,DAYLIGHT,REAR TO FRONT,DIVIDED - W/MEDIAN BARRIER,UNKNOWN,UNABLE TO DETERMINE,UNABLE TO DETERMINE,0,0,0,0,3,7,12,306,HALSTED ST,41.988822,-87.811211,12/04/2021 03:56:00 AM,2021
CR00002742,04/13/2019 05:13:00 PM,40,RAIN,DUSK,REAR TO FRONT,NOT DIVIDED,NO CONTROLS,FAILING TO REDUCE SPEED,FOLLOWING TOO CLOSELY,0,0,0,0,17,7,4,872,79TH ST,41.811439,-87.767736,04/13/2019 05:20:00 PM,2019
CR00002743,11/08/2024 05:13:00 AM,40,CLEAR,DAYLIGHT,REAR TO FRONT,NOT DIVIDED,TRAFFIC SIGNAL,UNABLE TO DETERMINE,UNABLE TO DETERMINE,0,0,0,0,5,6,11,1642,STATE ST,41.923562,-87.825558,11/08/2024 06:37:00 AM,2024
CR00002744,03/13/2015 02:08:00 PM,30,CLEAR,DARKNESS - LIGHTED ROAD,ANGLE,DIVIDED - W/MEDIAN (NOT RAISED),NO CONTROLS,UNABLE TO DETERMINE,NOT APPLICABLE,0,1,0,1,14,6,3,1820,CLARK ST,41.795948,-87.500324,03/13/2015 03:44:00 PM,2015
CR00002745,04/22/2021 09:47:00 AM,30,CLEAR,DAYLIGHT,ANGLE,DIVIDED - W/MEDIAN (NOT RAISED),TRAFFIC SIGNAL,UNABLE TO DETERMINE,FAILING TO YIELD RIGHT-OF-WAY,0,0,3,3,9,5,4,787,63RD ST,41.836084,-87.830914,04/22/2021 11:02:00 AM,2021
CR00002746,05/18/2015 07:14:00 AM,30,CLEAR,DAYLIGHT,REAR TO FRONT,NOT DIVIDED,NO CONTROLS,FAILING TO YIELD RIGHT-OF-WAY,DRIVING SKILLS/KNOWLEDGE/EXPERIENCE,0,0,0,0,7,2,5,840,ELSTON AVE,41.932495,-87.723571,05/18/2015 08:34:00 AM,2015
CR00002747,12/19/2017 03:49:00 PM,45,CLEAR,DARKNESS - LIGHTED ROAD,TURNING,NOT DIVIDED,TRAFFIC SIGNAL,FAILING TO REDUCE SPEED,DISREGARDING TRAFFIC SIGNALS,0,0,0,0,15,3,12,1467,DIVISION ST,41.968204,-87.642891,12/19/2017 05:43:00 PM,2017
CR00002748,07/13/2021 04:47:00 AM,35,SNOW,DAYLIGHT,SIDESWIPE SAME DIRECTION,DIVIDED - W/MEDIAN (NOT RAISED),NO CONTROLS,WEATHER,FOLLOWING TOO CLOSELY,0,0,0,0,4,3,7,691,MICHIGAN AVE,41.875193,-87.740251,07/13/2021 06:32:00 AM,2021
CR00002749,03/31/2024 04:00:00 PM,25,CLOUDY/OVERCAST,DARKNESS - LIGHTED ROAD,TURNING,ONE-WAY,TRAFFIC SIGNAL,FAILING TO YIELD RIGHT-OF-WAY,FOLLOWING TOO CLOSELY,0,0,0,0,16,1,3,1147,LAKE SHORE DR,41.721765,-87.72036,03/31/2024 04:39:00 PM,2024
CR00002750,12/26/2024 12:50:00 AM,30,FOG/SMOKE/HAZE,DAYLIGHT,REAR END,DIVIDED - W/MEDIAN BARRIER,NO CONTROLS,FAILING TO YIELD RIGHT-OF-WAY,IMPROPER OVERTAKING/PASSING,0,0,0,0,0,5,12,278,ROOSEVELT RD,41.876377,-87.583268,12/26/2024 02:07:00 AM,2024
CR00002751,11/28/2021 06:48:00 PM,15,CLOUDY/OVERCAST,DAYLIGHT,ANGLE,DIVIDED - W/MEDIAN BARRIER,NO CONTROLS,UNABLE TO DETERMINE,NOT APPLICABLE,0,0,0,0,18,1,11,1368,63RD ST,41.847028,-87.58443,11/28/2021 07:32:00 PM,2021
CR00002752,11/11/2015 02:30:00 PM,30,CLEAR,DAYLIGHT,REAR END,NOT DIVIDED,STOP SIGN/FLASHER,FOLLOWING TOO CLOSELY,UNABLE TO DETERMINE,0,0,1,1,14,4,11,2096,FULLERTON AVE,41.780955,-87.552285,11/11/2015 02:36:00 PM,2015
CR00002753,12/06/2021 07:51:00 AM,35,CLEAR,DAYLIGHT,ANGLE,DIVIDED - W/MEDIAN (NOT RAISED),NO CONTROLS,DISTRACTION - FROM INSIDE VEHICLE,UNABLE TO DETERMINE,0,0,0,0,7,2,12,2159,47TH ST,41.726341,-87.540165,12/06/2021 08:36:00 AM,2021
CR00002754,06/23/2022 08:55:00 AM,40,CLEAR,DAYLIGHT,TURNING,DIVIDED - W/MEDIAN BARRIER,NO CONTROLS,FAILING TO YIELD RIGHT-OF-WAY,NOT APPLICABLE,0,0,0,0,8,5,6,1702,OGDEN AVE,41.868465,-87.710136,06/23/2022 10:23:00 AM,2022
CR00002755,09/12/2020 04:22:00 AM,35,SNOW,DAYLIGHT,REAR END,DIVIDED - W/MEDIAN (NOT RAISED),TRAFFIC SIGNAL,DRIVING SKILLS/KNOWLEDGE/EXPERIENCE,IMPROPER LANE USAGE,0,0,0,0,4,7,9,1335,PULASKI RD,41.840429,-87.607601,09/12/2020 05:09:00 AM,2020
CR00002756,05/05/2021 09:26:00 AM,35,CLEAR,DAYLIGHT,SIDESWIPE SAME DIRECTION,NOT DIVIDED,STOP SIGN/FLASHER,FOLLOWING TOO CLOSELY,FAILING TO YIELD RIGHT-OF-WAY,0,0,1,1,9,4,5,869,STONY ISLAND AVE,41.870602,-87.720326,05/05/2021 09:42:00 AM,2021
CR00002757,06/23/2016 09:58:00 AM,45,CLEAR,DAYLIGHT,PARKED MOTOR VEHICLE,NOT DIVIDED,NO CONTROLS,UNABLE TO DETERMINE,DISTRACTION - FROM INSIDE VEHICLE,0,0,0,0,9,5,6,1859,FULLERTON AVE,41.722392,-87.797993,06/23/2016 10:49:00 AM,2016
CR00002758,01/22/2020 07:57:00 PM,45,CLEAR,DARKNESS - LIGHTED ROAD,SIDESWIPE SAME DIRECTION,ONE-WAY,TRAFFIC SIGNAL,IMPROPER LANE USAGE,DISREGARDING TRAFFIC SIGNALS,0,0,0,0,19,4,1,2178,79TH ST,41.951852,-87.605098,01/22/2020 08:47:00 PM,2020
CR00002759,10/20/2021 01:47:00 PM,30,CLEAR,DARKNESS - LIGHTED ROAD,PARKED MOTOR VEHICLE,NOT DIVIDED,NO CONTROLS,FAILING TO REDUCE SPEED,UNABLE TO DETERMINE,0,0,0,0,13,4,10,1692,FULLERTON AVE,41.871496,-87.5246,10/20/2021 01:55:00 PM,2021
CR00002760,10/24/2024 11:11:00 PM,35,CLEAR,DAYLIGHT,SIDESWIPE SAME DIRECTION,NOT DIVIDED,NO CONTROLS,UNABLE TO DETERMINE,IMPROPER OVERTAKING/PASSING,0,0,0,0,23,5,10,1253,BROADWAY,41.804263,-87.65281,10/24/2024 11:22:00 PM,2024
CR00002761,07/29/2021 06:49:00 PM,45,CLEAR,DARKNESS - LIGHTED ROAD,ANGLE,DIVIDED - W/MEDIAN (NOT RAISED),NO CONTROLS,IMPROPER OVERTAKING/PASSING,FAILING TO REDUCE SPEED,0,0,0,0,18,5,7,169,OGDEN AVE,41.846357,-87.77867,07/29/2021 07:03:00 PM,2021
CR00002762,01/26/2019 06:22:00 PM,25,CLEAR,DAYLIGHT,TURNING,NOT DIVIDED,TRAFFIC SIGNAL,FAILING TO YIELD RIGHT-OF-WAY,IMPROPER OVERTAKING/PASSING,0,0,0,0,18,7,1,944,79TH ST,41.816492,-87.702979,01/26/2019 06:42:00 PM,2019
CR00002763,04/07/2023 12:31:00 PM,45,CLEAR,DAYLIGHT,REAR END,NOT DIVIDED,NO CONTROLS,UNABLE TO DETERMINE,NOT APPLICABLE,0,0,0,0,12,6,4,244,KEDZIE AVE,41.817478,-87.594006,04/07/2023 12:53:00 PM,2023
CR00002764,08/03/2024 07:10:00 PM,40,CLEAR,DARKNESS,TURNING,NOT DIVIDED,UNKNOWN,FAILING TO YIELD RIGHT-OF-WAY,UNABLE TO DETERMINE,0,0,0,0,19,7,8,1430,HALSTED ST,41.70554,-87.586661,08/03/2024 07:50:00 PM,2024
CR00002765,08/31/2022 07:14:00 PM,40,CLEAR,DARKNESS,TURNING,DIVIDED - W/MEDIAN BARRIER,UNKNOWN,DISREGARDING TRAFFIC SIGNALS,IMPROPER LANE USAGE,0,2,3,5,19,4,8,1449,OGDEN AVE,41.907151,-87.797064,08/31/2022 07:46:00 PM,2022
CR00002766,06/21/2022 01:08:00 PM,20,CLOUDY/OVERCAST,DAYLIGHT,REAR END,FOUR WAY,NO CONTROLS,DRIVING SKILLS/KNOWLEDGE/EXPERIENCE,WEATHER,0,0,0,0,13,3,6,421,CALIFORNIA AVE,41.868655,-87.780045,06/21/2022 02:32:00 PM,2022
CR00002767,06/07/2020 08:38:00 PM,35,CLEAR,DAYLIGHT,TURNING,FOUR WAY,UNKNOWN,IMPROPER LANE USAGE,FOLLOWING TOO CLOSELY,0,0,0,0,20,1,6,2066,STONY ISLAND AVE,41.981777,-87.626858,06/07/2020 09:33:00 PM,2020
CR00002768,09/08/2020 04:41:00 AM,40,CLEAR,DAYLIGHT,REAR END,NOT DIVIDED,NO CONTROLS,FAILING TO REDUCE SPEED,IMPROPER OVERTAKING/PASSING,0,0,0,0,4,3,9,301,47TH ST,41.824244,-87.552833,09/08/2020 05:56:00 AM,2020
CR00002769,12/09/2016 06:42:00 PM,35,CLEAR,DAYLIGHT,TURNING,FOUR WAY,UNKNOWN,UNABLE TO DETERMINE,DISTRACTION - FROM INSIDE VEHICLE,0,0,0,0,18,6,12,540,63RD ST,41.996367,-87.839197,12/09/2016 07:11:00 PM,2016
CR00002770,04/02/2017 07:45:00 AM,30,CLEAR,DAYLIGHT,REAR END,ONE-WAY,STOP SIGN/FLASHER,FOLLOWING TOO CLOSELY,UNABLE TO DETERMINE,0,0,0,0,7,1,4,1122,PULASKI RD,41.802885,-87.554102,04/02/2017 08:43:00 AM,2017
CR00002771,02/21/2019 01:32:00 PM,35,CLEAR,DAYLIGHT,SIDESWIPE SAME DIRECTION,FOUR WAY,NO CONTROLS,DRIVING SKILLS/KNOWLEDGE/EXPERIENCE,IMPROPER LANE USAGE,0,0,0,0,13,5,2,395,OGDEN AVE,41.718476,-87.57361,02/21/2019 01:49:00 PM,2019
CR00002772,12/27/2018 07:51:00 AM,25,CLEAR,DARKNESS,REAR END,DIVIDED - W/MEDIAN (NOT RAISED),NO CONTROLS,FOLLOWING TOO CLOSELY,IMPROPER LANE USAGE,0,0,0,0,7,5,12,2012,CALIFORNIA AVE,41.98686,-87.766714,12/27/2018 08:56:00 AM,2018
CR00002773,07/27/2020 01:17:00 PM,30,CLEAR,DAYLIGHT,TURNING,NOT DIVIDED,TRAFFIC SIGNAL,UNABLE TO DETERMINE,UNABLE TO DETERMINE,0,0,0,0,13,2,7,1684,ASHLAND AVE,41.773828,-87.595941,07/27/2020 02:10:00 PM,2020
CR00002774,06/01/2024 04:41:00 PM,15,CLEAR,DARKNESS - LIGHTED ROAD,SIDESWIPE SAME DIRECTION,ONE-WAY,NO CONTROLS,IMPROPER LANE USAGE,WEATHER,0,0,0,0,16,7,6,1314,KEDZIE AVE,41.780668,-87.524862,06/01/2024 06:07:00 PM,2024
CR00002775,07/11/2022 07:52:00 PM,35,CLEAR,DAYLIGHT,PEDESTRIAN,NOT DIVIDED,TRAFFIC SIGNAL,DRIVING SKILLS/KNOWLEDGE/EXPERIENCE,NOT APPLICABLE,0,0,0,0,19,2,7,1889,MILWAUKEE AVE,41.957512,-87.689694,07/11/2022 09:39:00 PM,2022
CR00002776,01/05/2022 11:01:00 AM,45,CLEAR,DARKNESS,TURNING,FOUR WAY,TRAFFIC SIGNAL,DISREGARDING TRAFFIC SIGNALS,FAILING TO YIELD RIGHT-OF-WAY,0,0,0,0,11,4,1,1916,OGDEN AVE,41.986985,-87.529529,01/05/2022 12:32:00 PM,2022
CR00002777,02/07/2017 07:13:00 AM,30,FOG/SMOKE/HAZE,DARKNESS - LIGHTED ROAD,REAR TO FRONT,NOT DIVIDED,TRAFFIC SIGNAL,UNABLE TO DETERMINE,NOT APPLICABLE,0,0,0,0,7,3,2,579,FULLERTON AVE,41.895352,-87.590563,02/07/2017 08:51:00 AM,2017
CR00002778,10/01/2023 10:05:00 AM,40,FREEZING RAIN/DRIZZLE,DAYLIGHT,FIXED OBJECT,NOT DIVIDED,TRAFFIC SIGNAL,UNABLE TO DETERMINE,FAILING TO REDUCE SPEED,0,0,0,0,10,1,10,2275,LAKE SHORE DR,41.837902,-87.704726,10/01/2023 10:19:00 AM,2023
CR00002779,12/30/2020 02:59:00 AM,30,RAIN,DARKNESS,REAR END,ONE-WAY,STOP SIGN/FLASHER,UNABLE TO DETERMINE,UNABLE TO DETERMINE,0,0,0,0,2,4,12,746,WESTERN AVE,41.700215,-87.801051,12/30/2020 04:55:00 AM,2020
CR00002780,07/04/2023 04:39:00 PM,35,CLEAR,DAYLIGHT,REAR END,FOUR WAY,TRAFFIC SIGNAL,UNABLE TO DETERMINE,FOLLOWING TOO CLOSELY,0,0,0,0,16,3,7,1124,OGDEN AVE,41.955728,-87.699986,07/04/2023 05:08:00 PM,2023
CR00002781,07/05/2017 12:23:00 PM,15,CLEAR,DAYLIGHT,FIXED OBJECT,DIVIDED - W/MEDIAN (NOT RAISED),TRAFFIC SIGNAL,FOLLOWING TOO CLOSELY,NOT APPLICABLE,0,0,0,0,12,4,7,893,FULLERTON AVE,41.700288,-87.62579,07/05/2017 01:38:00 PM,2017
CR00002782,07/30/2019 03:30:00 PM,45,CLEAR,DAYLIGHT,TURNING,NOT DIVIDED,UNKNOWN,IMPROPER LANE USAGE,UNABLE TO DETERMINE,0,0,0,0,15,3,7,2518,ROOSEVELT RD,41.778192,-87.563455,07/30/2019 03:56:00 PM,2019
CR00002783,10/31/2018 09:27:00 AM,40,CLEAR,DAYLIGHT,ANGLE,NOT DIVIDED,NO CONTROLS,UNABLE TO DETERMINE,FOLLOWING TOO CLOSELY,0,0,1,1,9,4,10,969,ASHLAND AVE,41.915605,-87.832473,10/31/2018 10:13:00 AM,2018
CR00002784,07/13/2016 04:51:00 PM,30,CLEAR,DAWN,ANGLE,NOT DIVIDED,STOP SIGN/FLASHER,UNABLE TO DETERMINE,IMPROPER LANE USAGE,0,0,0,0,16,4,7,1442,OGDEN AVE,41.951736,-87.703149,07/13/2016 05:32:00 PM,2016
CR00002785,07/31/2015 10:00:00 AM,15,CLEAR,DAYLIGHT,PARKED MOTOR VEHICLE,DIVIDED - W/MEDIAN BARRIER,NO CONTROLS,UNABLE TO DETERMINE,IMPROPER OVERTAKING/PASSING,0,1,3,4,10,6,7,958,OGDEN AVE,41.936239,-87.581002,07/31/2015 10:02:00 AM,2015
CR00002786,09/05/2020 11:16:00 AM,30,CLOUDY/OVERCAST,DARKNESS - LIGHTED ROAD,SIDESWIPE SAME DIRECTION,NOT DIVIDED,TRAFFIC SIGNAL,DISREGARDING TRAFFIC SIGNALS,IMPROPER LANE USAGE,0,0,0,0,11,7,9,1050,FULLERTON AVE,41.975302,-87.601817,09/05/2020 12:37:00 PM,2020
CR00002787,02/18/2022 02:35:00 AM,30,RAIN,DAYLIGHT,ANGLE,NOT DIVIDED,TRAFFIC SIGNAL,UNABLE TO DETERMINE,UNABLE TO DETERMINE,0,0,0,0,2,6,2,547,KEDZIE AVE,41.73139,-87.812441,02/18/2022 03:43:00 AM,2022
CR00002788,02/24/2015 11:18:00 AM,25,CLEAR,DARKNESS - LIGHTED ROAD,REAR END,NOT DIVIDED,NO CONTROLS,IMPROPER LANE USAGE,DISTRACTION - FROM INSIDE VEHICLE,0,0,0,0,11,3,2,271,KEDZIE AVE,41.898089,-87.62691,02/24/2015 12:42:00 PM,2015
CR00002789,06/23/2023 12:38:00 PM,45,CLEAR,DAYLIGHT,REAR END,DIVIDED - W/MEDIAN (NOT RAISED),STOP SIGN/FLASHER,IMPROPER OVERTAKING/PASSING,DISTRACTION - FROM INSIDE VEHICLE,0,0,0,0,12,6,6,2515,PULASKI RD,41.924397,-87.647762,06/23/2023 01:00:00 PM,2023
CR00002790,03/04/2023 06:14:00 PM,35,SNOW,DAYLIGHT,TURNING,DIVIDED - W/MEDIAN (NOT RAISED),TRAFFIC SIGNAL,UNABLE TO DETERMINE,DISTRACTION - FROM INSIDE VEHICLE,0,0,0,0,18,7,3,1686,STONY ISLAND AVE,41.741857,-87.654762,03/04/2023 07:45:00 PM,2023
CR00002791,06/08/2024 07:33:00 PM,30,FREEZING RAIN/DRIZZLE,DAYLIGHT,REAR END,FOUR WAY,NO CONTROLS,IMPROPER LANE USAGE,IMPROPER LANE USAGE,0,0,0,0,19,7,6,2026,ELSTON AVE,41.796054,-87.501626,06/08/2024 07:43:00 PM,2024
CR00002792,06/11/2017 04:29:00 PM,40,CLEAR,DARKNESS - LIGHTED ROAD,REAR END,DIVIDED - W/MEDIAN (NOT RAISED),NO CONTROLS,UNABLE TO DETERMINE,FAILING TO REDUCE SPEED,0,0,0,0,16,1,6,2428,63RD ST,41.900736,-87.621633,06/11/2017 04:32:00 PM,2017
CR00002793,04/17/2017 05:39:00 PM,25,CLEAR,DARKNESS - LIGHTED ROAD,REAR END,DIVIDED - W/MEDIAN (NOT RAISED),NO CONTROLS,DRIVING SKILLS/KNOWLEDGE/EXPERIENCE,UNABLE TO DETERMINE,0,0,1,1,17,2,4,2356,MILWAUKEE AVE,41.815449,-87.716342,04/17/2017 06:45:00 PM,2017
CR00002794,04/25/2016 08:14:00 AM,35,CLEAR,DAYLIGHT,ANGLE,NOT DIVIDED,STOP SIGN/FLASHER,UNABLE TO DETERMINE,FAILING TO REDUCE SPEED,0,0,3,3,8,2,4,2388,ELSTON AVE,41.824488,-87.730608,04/25/2016 10:01:00 AM,2016
CR00002795,10/21/2021 07:48:00 AM,35,CLEAR,DAYLIGHT,SIDESWIPE SAME DIRECTION,NOT DIVIDED,TRAFFIC SIGNAL,DRIVING SKILLS/KNOWLEDGE/EXPERIENCE,DISTRACTION - FROM INSIDE VEHICLE,0,0,0,0,7,5,10,860,MICHIGAN AVE,41.768301,-87.527346,10/21/2021 08:56:00 AM,2021
CR00002796,08/15/2022 11:00:00 PM,35,CLEAR,DARKNESS - LIGHTED ROAD,PARKED MOTOR VEHICLE,NOT DIVIDED,NO CONTROLS,WEATHER,IMPROPER LANE USAGE,0,0,0,0,23,2,8,2033,63RD ST,41.703888,-87.696733,08/16/2022 12:08:00 AM,2022
CR00002797,12/17/2016 12:20:00 PM,35,CLEAR,DARKNESS - LIGHTED ROAD,TURNING,ONE-WAY,NO CONTROLS,FAILING TO REDUCE SPEED,FAILING TO YIELD RIGHT-OF-WAY,0,0,0,0,12,7,12,488,47TH ST,41.964133,-87.827549,12/17/2016 02:19:00 PM,2016
CR00002798,05/10/2023 10:20:00 AM,30,CLEAR,DARKNESS,ANGLE,ONE-WAY,NO CONTROLS,FOLLOWING TOO CLOSELY,UNABLE TO DETERMINE,0,0,0,0,10,4,5,1817,79TH ST,41.80692,-87.787806,05/10/2023 11:17:00 AM,2023
CR00002799,06/17/2024 05:36:00 PM,20,CLEAR,DUSK,TURNING,ONE-WAY,NO CONTROLS,UNABLE TO DETERMINE,DRIVING SKILLS/KNOWLEDGE/EXPERIENCE,0,0,1,1,17,2,6,1510,CICERO AVE,41.984484,-87.583336,06/17/2024 05:50:00 PM,2024
CR00002800,08/02/2018 02:27:00 PM,30,CLEAR,DARKNESS - LIGHTED ROAD,TURNING,T-INTERSECTION,TRAFFIC SIGNAL,UNABLE TO DETERMINE,IMPROPER LANE USAGE,0,0,0,0,14,5,8,2330,KEDZIE AVE,41.826138,-87.502385,08/02/2018 03:51:00 PM,2018
CR00002801,08/26/2020 07:13:00 PM,30,CLEAR,DAYLIGHT,REAR END,NOT DIVIDED,STOP SIGN/FLASHER,FOLLOWING TOO CLOSELY,DISREGARDING TRAFFIC SIGNALS,0,1,1,2,19,4,8,1509,BROADWAY,41.910764,-87.787883,08/26/2020 08:16:00 PM,2020