CRASH_RECORD_ID,CRASH_DATE,POSTED_SPEED_LIMIT,WEATHER_CONDITION,LIGHTING_CONDITION,FIRST_CRASH_TYPE,TRAFFICWAY_TYPE,TRAFFIC_CONTROL_DEVICE,PRIM_CONTRIBUTORY_CAUSE,SEC_CONTRIBUTORY_CAUSE,INJURIES_FATAL,INJURIES_INCAPACITATING,INJURIES_NON_INCAPACITATING,INJURIES_TOTAL,CRASH_HOUR,CRASH_DAY_OF_WEEK,CRASH_MONTH,BEAT_OF_OCCURRENCE,STREET_NAME,LATITUDE,LONGITUDE,DATE_POLICE_NOTIFIED,year
CR00002802,04/10/2017 06:15:00 PM,25,CLEAR,DAWN,SIDESWIPE SAME DIRECTION,DIVIDED - W/MEDIAN (NOT RAISED),NO CONTROLS,FOLLOWING TOO CLOSELY,UNABLE TO DETERMINE,0,0,1,1,18,2,4,1397,MILWAUKEE AVE,41.790196,-87.509951,04/10/2017 07:02:00 PM,2017
CR00002803,02/07/2023 03:54:00 PM,40,CLEAR,DAYLIGHT,PARKED MOTOR VEHICLE,NOT DIVIDED,NO CONTROLS,FOLLOWING TOO CLOSELY,FAILING TO REDUCE SPEED,0,0,0,0,15,3,2,695,CALIFORNIA AVE,41.985808,-87.803283,02/07/2023 04:19:00 PM,2023
CR00002804,12/30/2015 12:07:00 PM,40,RAIN,DAYLIGHT,PARKED MOTOR VEHICLE,DIVIDED - W/MEDIAN (NOT RAISED),UNKNOWN,FOLLOWING TOO CLOSELY,IMPROPER OVERTAKING/PASSING,0,0,0,0,12,4,12,1811,ROOSEVELT RD,41.924232,-87.713611,12/30/2015 12:28:00 PM,2015
CR00002805,01/13/2024 08:57:00 AM,35,FOG/SMOKE/HAZE,DARKNESS,REAR END,DIVIDED - W/MEDIAN (NOT RAISED),TRAFFIC SIGNAL,UNABLE TO DETERMINE,IMPROPER LANE USAGE,0,2,1,3,8,7,1,875,ASHLAND AVE,41.895436,-87.752312,01/13/2024 10:09:00 AM,2024
CR00002806,12/07/2023 05:09:00 PM,25,CLOUDY/OVERCAST,DAYLIGHT,REAR END,ONE-WAY,YIELD,FAILING TO REDUCE SPEED,UNABLE TO DETERMINE,0,0,0,0,17,5,12,1704,STONY ISLAND AVE,41.871573,-87.751819,12/07/2023 06:48:00 PM,2023
CR00002807,11/28/2018 09:43:00 AM,30,CLEAR,DAYLIGHT,TURNING,NOT DIVIDED,NO CONTROLS,DRIVING SKILLS/KNOWLEDGE/EXPERIENCE,IMPROPER LANE USAGE,0,0,0,0,9,4,11,772,MILWAUKEE AVE,41.960262,-87.816822,11/28/2018 10:48:00 AM,2018
CR00002808,01/15/2021 03:56:00 PM,15,CLEAR,DAYLIGHT,ANGLE,NOT DIVIDED,TRAFFIC SIGNAL,IMPROPER OVERTAKING/PASSING,UNABLE TO DETERMINE,0,0,1,1,15,6,1,1436,63RD ST,41.967162,-87.728495,01/15/2021 04:25:00 PM,2021
CR00002809,05/25/2018 05:00:00 PM,35,CLEAR,DAYLIGHT,REAR END,DIVIDED - W/MEDIAN (NOT RAISED),TRAFFIC SIGNAL,IMPROPER LANE USAGE,FAILING TO REDUCE SPEED,0,0,0,0,17,6,5,1888,79TH ST,41.834033,-87.565337,05/25/2018 06:10:00 PM,2018
CR00002810,07/24/2016 05:12:00 AM,35,CLEAR,DARKNESS - LIGHTED ROAD,TURNING,ONE-WAY,TRAFFIC SIGNAL,FAILING TO YIELD RIGHT-OF-WAY,FOLLOWING TOO CLOSELY,0,0,0,0,5,1,7,961,CLARK ST,41.921743,-87.72166,07/24/2016 06:20:00 AM,2016
CR00002811,12/01/2019 12:03:00 PM,25,CLEAR,DAYLIGHT,ANGLE,NOT DIVIDED,TRAFFIC SIGNAL,DRIVING SKILLS/KNOWLEDGE/EXPERIENCE,IMPROPER OVERTAKING/PASSING,0,0,0,0,12,1,12,825,OGDEN AVE,41.857155,-87.544371,12/01/2019 01:12:00 PM,2019
CR00002812,09/15/2021 08:41:00 PM,30,CLEAR,DAYLIGHT,REAR END,DIVIDED - W/MEDIAN (NOT RAISED),NO CONTROLS,FOLLOWING TOO CLOSELY,UNABLE TO DETERMINE,0,0,0,0,20,4,9,2369,CLARK ST,41.818518,-87.523482,09/15/2021 10:07:00 PM,2021
CR00002813,05/06/2019 02:06:00 AM,40,FREEZING RAIN/DRIZZLE,DAYLIGHT,SIDESWIPE SAME DIRECTION,NOT DIVIDED,UNKNOWN,FAILING TO YIELD RIGHT-OF-WAY,FOLLOWING TOO CLOSELY,0,0,0,0,2,2,5,301,OGDEN AVE,41.923266,-87.511393,05/06/2019 02:26:00 AM,2019
CR00002814,04/03/2024 09:18:00 PM,30,SNOW,DAYLIGHT,SIDESWIPE SAME DIRECTION,NOT DIVIDED,NO CONTROLS,FAILING TO REDUCE SPEED,FAILING TO REDUCE SPEED,0,0,1,1,21,4,4,501,BROADWAY,41.829932,-87.500441,04/03/2024 09:51:00 PM,2024
CR00002815,08/15/2019 09:49:00 AM,40,CLEAR,DAYLIGHT,SIDESWIPE SAME DIRECTION,NOT DIVIDED,NO CONTROLS,FOLLOWING TOO CLOSELY,DISREGARDING TRAFFIC SIGNALS,0,0,0,0,9,5,8,110,ELSTON AVE,41.753677,-87.586892,08/15/2019 10:08:00 AM,2019
CR00002816,02/16/2022 11:29:00 AM,25,RAIN,DAYLIGHT,REAR END,T-INTERSECTION,NO CONTROLS,DISTRACTION - FROM INSIDE VEHICLE,UNABLE TO DETERMINE,0,0,0,0,11,4,2,2194,CLARK ST,41.97793,-87.517038,02/16/2022 11:49:00 AM,2022
CR00002817,11/28/2020 01:05:00 PM,15,CLOUDY/OVERCAST,DARKNESS - LIGHTED ROAD,REAR END,NOT DIVIDED,TRAFFIC SIGNAL,UNABLE TO DETERMINE,FOLLOWING TOO CLOSELY,0,0,0,0,13,7,11,1815,FULLERTON AVE,41.919334,-87.579052,11/28/2020 02:41:00 PM,2020
CR00002818,03/14/2015 05:06:00 PM,45,CLEAR,DUSK,TURNING,NOT DIVIDED,NO CONTROLS,FOLLOWING TOO CLOSELY,UNABLE TO DETERMINE,0,0,0,0,17,7,3,197,DAMEN AVE,41.883745,-87.732575,03/14/2015 06:12:00 PM,2015
CR00002819,05/12/2019 05:31:00 PM,30,CLEAR,DAYLIGHT,TURNING,DIVIDED - W/MEDIAN (NOT RAISED),NO CONTROLS,UNABLE TO DETERMINE,NOT APPLICABLE,0,0,0,0,17,1,5,1221,HALSTED ST,41.786367,-87.504637,05/12/2019 07:23:00 PM,2019
CR00002820,05/16/2017 08:33:00 PM,15,CLEAR,DAYLIGHT,REAR END,FOUR WAY,NO CONTROLS,FAILING TO REDUCE SPEED,IMPROPER OVERTAKING/PASSING,0,0,0,0,20,3,5,802,DIVISION ST,41.803964,-87.590112,05/16/2017 10:22:00 PM,2017
CR00002821,10/13/2020 12:01:00 PM,15,CLEAR,DAYLIGHT,TURNING,NOT DIVIDED,NO CONTROLS,DRIVING SKILLS/KNOWLEDGE/EXPERIENCE,FOLLOWING TOO CLOSELY,0,0,0,0,12,3,10,1058,MICHIGAN AVE,41.898367,-87.841063,10/13/2020 12:46:00 PM,2020
CR00002822,05/15/2022 08:49:00 AM,30,CLEAR,DAYLIGHT,REAR TO FRONT,NOT DIVIDED,NO CONTROLS,IMPROPER LANE USAGE,NOT APPLICABLE,0,0,0,0,8,1,5,2362,47TH ST,41.929188,-87.760846,05/15/2022 10:03:00 AM,2022
CR00002823,11/10/2016 10:48:00 AM,25,CLEAR,DARKNESS,ANGLE,NOT DIVIDED,TRAFFIC SIGNAL,DISTRACTION - FROM INSIDE VEHICLE,UNABLE TO DETERMINE,0,0,0,0,10,5,11,294,OGDEN AVE,41.753332,-87.847975,11/10/2016 12:29:00 PM,2016
CR00002824,07/30/2021 06:22:00 PM,15,CLEAR,DAYLIGHT,TURNING,FOUR WAY,TRAFFIC SIGNAL,UNABLE TO DETERMINE,FOLLOWING TOO CLOSELY,0,0,0,0,18,6,7,286,MILWAUKEE AVE,41.953423,-87.544471,07/30/2021 07:33:00 PM,2021
CR00002825,07/07/2023 03:30:00 AM,45,CLEAR,DAYLIGHT,PARKED MOTOR VEHICLE,NOT DIVIDED,NO CONTROLS,UNABLE TO DETERMINE,FOLLOWING TOO CLOSELY,0,0,0,0,3,6,7,791,ARCHER AVE,41.996056,-87.802445,07/07/2023 05:06:00 AM,2023
CR00002826,07/07/2015 07:48:00 PM,30,RAIN,DAYLIGHT,ANGLE,NOT DIVIDED,NO CONTROLS,UNABLE TO DETERMINE,WEATHER,0,0,0,0,19,3,7,1050,LAKE SHORE DR,41.775181,-87.710898,07/07/2015 08:08:00 PM,2015
CR00002827,03/16/2022 01:22:00 PM,40,FOG/SMOKE/HAZE,DAYLIGHT,REAR TO FRONT,ONE-WAY,NO CONTROLS,UNABLE TO DETERMINE,UNABLE TO DETERMINE,0,0,0,0,13,4,3,207,OGDEN AVE,41.878837,-87.642845,03/16/2022 01:42:00 PM,2022
CR00002828,08/10/2019 05:16:00 PM,40,CLEAR,DAYLIGHT,TURNING,NOT DIVIDED,YIELD,FOLLOWING TOO CLOSELY,NOT APPLICABLE,0,0,1,1,17,7,8,2193,LAKE SHORE DR,41.948846,-87.643226,08/10/2019 05:22:00 PM,2019
CR00002829,05/30/2022 06:21:00 AM,30,CLEAR,DARKNESS - LIGHTED ROAD,REAR END,NOT DIVIDED,NO CONTROLS,IMPROPER LANE USAGE,UNABLE TO DETERMINE,0,0,0,0,6,2,5,2079,STATE ST,41.95088,-87.808729,05/30/2022 06:38:00 AM,2022
CR00002830,03/29/2018 09:30:00 AM,35,CLEAR,DARKNESS - LIGHTED ROAD,SIDESWIPE SAME DIRECTION,DIVIDED - W/MEDIAN BARRIER,NO CONTROLS,UNABLE TO DETERMINE,UNABLE TO DETERMINE,0,0,0,0,9,5,3,1149,ARCHER AVE,41.769451,-87.812472,03/29/2018 09:40:00 AM,2018
CR00002831,06/04/2019 03:43:00 PM,30,CLEAR,DAYLIGHT,REAR TO FRONT,NOT DIVIDED,STOP SIGN/FLASHER,FAILING TO YIELD RIGHT-OF-WAY,FAILING TO YIELD RIGHT-OF-WAY,0,0,3,3,15,3,6,1644,WESTERN AVE,41.818838,-87.614027,06/04/2019 04:46:00 PM,2019
CR00002832,12/18/2019 07:14:00 AM,35,CLEAR,DAYLIGHT,REAR END,NOT DIVIDED,STOP SIGN/FLASHER,UNABLE TO DETERMINE,DRIVING SKILLS/KNOWLEDGE/EXPERIENCE,0,0,0,0,7,4,12,106,KEDZIE AVE,41.918883,-87.581379,12/18/2019 09:03:00 AM,2019
CR00002833,11/23/2019 03:38:00 PM,25,CLEAR,DARKNESS,PARKED MOTOR VEHICLE,FOUR WAY,NO CONTROLS,UNABLE TO DETERMINE,FOLLOWING TOO CLOSELY,0,0,0,0,15,7,11,984,FULLERTON AVE,41.891822,-87.725543,11/23/2019 05:28:00 PM,2019
CR00002834,10/08/2017 08:23:00 PM,30,CLEAR,DAYLIGHT,TURNING,NOT DIVIDED,UNKNOWN,FAILING TO YIELD RIGHT-OF-WAY,FAILING TO YIELD RIGHT-OF-WAY,0,0,0,0,20,1,10,2396,CLARK ST,41.705464,-87.711427,10/08/2017 10:03:00 PM,2017
CR00002835,04/08/2021 03:13:00 AM,40,CLEAR,DAYLIGHT,SIDESWIPE SAME DIRECTION,NOT DIVIDED,NO CONTROLS,DISTRACTION - FROM INSIDE VEHICLE,DRIVING SKILLS/KNOWLEDGE/EXPERIENCE,0,0,0,0,3,5,4,374,MICHIGAN AVE,41.729594,-87.781295,04/08/2021 04:14:00 AM,2021
CR00002836,10/17/2018 09:31:00 AM,40,CLEAR,DUSK,PARKED MOTOR VEHICLE,NOT DIVIDED,NO CONTROLS,UNABLE TO DETERMINE,DISTRACTION - FROM INSIDE VEHICLE,0,0,0,0,9,4,10,1565,MICHIGAN AVE,41.78029,-87.636565,10/17/2018 11:24:00 AM,2018
CR00002837,09/21/2021 12:08:00 PM,40,CLEAR,DAYLIGHT,REAR END,FOUR WAY,STOP SIGN/FLASHER,IMPROPER OVERTAKING/PASSING,NOT APPLICABLE,0,0,0,0,12,3,9,1069,CLARK ST,41.964742,-87.711004,09/21/2021 01:15:00 PM,2021
CR00002838,11/26/2022 01:05:00 AM,30,CLEAR,DAYLIGHT,SIDESWIPE SAME DIRECTION,DIVIDED - W/MEDIAN BARRIER,TRAFFIC SIGNAL,UNABLE TO DETERMINE,FAILING TO REDUCE SPEED,0,0,0,0,1,7,11,1941,CALIFORNIA AVE,41.88582,-87.639156,11/26/2022 02:52:00 AM,2022
CR00002839,06/01/2015 10:48:00 AM,35,CLEAR,DAYLIGHT,PARKED MOTOR VEHICLE,NOT DIVIDED,TRAFFIC SIGNAL,FAILING TO YIELD RIGHT-OF-WAY,NOT APPLICABLE,0,0,0,0,10,2,6,1477,FULLERTON AVE,41.884788,-87.648427,06/01/2015 11:42:00 AM,2015
CR00002840,05/17/2020 02:14:00 PM,30,FREEZING RAIN/DRIZZLE,DARKNESS,SIDESWIPE SAME DIRECTION,NOT DIVIDED,TRAFFIC SIGNAL,IMPROPER OVERTAKING/PASSING,UNABLE TO DETERMINE,0,0,0,0,14,1,5,1744,ELSTON AVE,41.728228,-87.524688,05/17/2020 03:39:00 PM,2020
CR00002841,07/09/2024 07:37:00 PM,30,CLEAR,DARKNESS,FIXED OBJECT,ONE-WAY,TRAFFIC SIGNAL,FAILING TO YIELD RIGHT-OF-WAY,DISTRACTION - FROM INSIDE VEHICLE,0,0,0,0,19,3,7,1238,KEDZIE AVE,41.715354,-87.547167,07/09/2024 07:40:00 PM,2024
CR00002842,05/10/2015 03:54:00 PM,40,SNOW,DARKNESS - LIGHTED ROAD,TURNING,FOUR WAY,TRAFFIC SIGNAL,UNABLE TO DETERMINE,FAILING TO REDUCE SPEED,0,0,0,0,15,1,5,1838,FULLERTON AVE,41.748464,-87.813574,05/10/2015 05:22:00 PM,2015
CR00002843,08/06/2021 06:24:00 AM,30,FOG/SMOKE/HAZE,DAYLIGHT,REAR END,NOT DIVIDED,NO CONTROLS,DRIVING SKILLS/KNOWLEDGE/EXPERIENCE,NOT APPLICABLE,0,0,0,0,6,6,8,1459,CALIFORNIA AVE,41.838778,-87.76894,08/06/2021 06:56:00 AM,2021
CR00002844,03/27/2021 06:26:00 PM,30,CLEAR,DARKNESS,REAR END,ONE-WAY,NO CONTROLS,DRIVING SKILLS/KNOWLEDGE/EXPERIENCE,UNABLE TO DETERMINE,0,0,0,0,18,7,3,2503,ASHLAND AVE,41.973873,-87.520689,03/27/2021 07:16:00 PM,2021
CR00002845,11/11/2016 03:48:00 PM,25,CLEAR,DARKNESS - LIGHTED ROAD,FIXED OBJECT,ONE-WAY,NO CONTROLS,DISTRACTION - FROM INSIDE VEHICLE,NOT APPLICABLE,0,0,0,0,15,6,11,1756,WESTERN AVE,41.892401,-87.66309,11/11/2016 04:35:00 PM,2016
CR00002846,02/26/2022 03:18:00 PM,30,CLEAR,DAYLIGHT,TURNING,DIVIDED - W/MEDIAN BARRIER,NO CONTROLS,UNABLE TO DETERMINE,FAILING TO REDUCE SPEED,0,0,0,0,15,7,2,1239,KEDZIE AVE,41.908707,-87.612914,02/26/2022 04:30:00 PM,2022
CR00002847,02/10/2020 01:13:00 PM,15,CLEAR,DAYLIGHT,TURNING,T-INTERSECTION,STOP SIGN/FLASHER,FOLLOWING TOO CLOSELY,FOLLOWING TOO CLOSELY,0,0,0,0,13,2,2,2342,47TH ST,41.796259,-87.65208,02/10/2020 02:17:00 PM,2020
CR00002848,07/02/2024 06:17:00 AM,30,CLEAR,DAYLIGHT,TURNING,DIVIDED - W/MEDIAN (NOT RAISED),NO CONTROLS,UNABLE TO DETERMINE,FOLLOWING TOO CLOSELY,0,0,0,0,6,3,7,603,PULASKI RD,41.70068,-87.829312,07/02/2024 07:51:00 AM,2024
CR00002849,02/24/2023 01:19:00 PM,25,CLEAR,DUSK,ANGLE,ONE-WAY,STOP SIGN/FLASHER,FOLLOWING TOO CLOSELY,DISREGARDING TRAFFIC SIGNALS,0,0,3,3,13,6,2,1351,HALSTED ST,41.84588,-87.645491,02/24/2023 02:27:00 PM,2023
CR00002850,02/01/2020 08:47:00 AM,45,CLEAR,DAYLIGHT,REAR END,FOUR WAY,STOP SIGN/FLASHER,IMPROPER OVERTAKING/PASSING,FAILING TO REDUCE SPEED,0,0,0,0,8,7,2,898,DAMEN AVE,41.998467,-87.601086,02/01/2020 10:01:00 AM,2020
CR00002851,07/29/2019 05:52:00 PM,40,CLOUDY/OVERCAST,DARKNESS,PEDESTRIAN,NOT DIVIDED,STOP SIGN/FLASHER,IMPROPER OVERTAKING/PASSING,NOT APPLICABLE,0,0,1,1,17,2,7,374,PULASKI RD,41.852619,-87.557466,07/29/2019 07:40:00 PM,2019
CR00002852,05/31/2024 06:20:00 PM,45,CLEAR,DAYLIGHT,FIXED OBJECT,ONE-WAY,TRAFFIC SIGNAL,UNABLE TO DETERMINE,DRIVING SKILLS/KNOWLEDGE/EXPERIENCE,0,0,0,0,18,6,5,1426,KEDZIE AVE,41.876091,-87.60645,05/31/2024 07:06:00 PM,2024
CR00002853,01/06/2023 01:00:00 PM,15,CLEAR,DAYLIGHT,REAR END,DIVIDED - W/MEDIAN (NOT RAISED),TRAFFIC SIGNAL,UNABLE TO DETERMINE,UNABLE TO DETERMINE,0,0,0,0,13,6,1,1302,ASHLAND AVE,41.732045,-87.748683,01/06/2023 01:29:00 PM,2023
CR00002854,04/03/2017 06:26:00 AM,35,FREEZING RAIN/DRIZZLE,DAYLIGHT,TURNING,NOT DIVIDED,NO CONTROLS,IMPROPER OVERTAKING/PASSING,IMPROPER LANE USAGE,0,0,0,0,6,2,4,2019,ASHLAND AVE,41.954017,-87.687303,04/03/2017 06:45:00 AM,2017
CR00002855,12/04/2019 02:13:00 PM,30,CLEAR,DARKNESS,TURNING,NOT DIVIDED,STOP SIGN/FLASHER,DISREGARDING TRAFFIC SIGNALS,IMPROPER LANE USAGE,0,0,0,0,14,4,12,196,47TH ST,41.797739,-87.706348,12/04/2019 03:55:00 PM,2019
CR00002856,04/19/2018 08:32:00 AM,35,CLEAR,DAYLIGHT,REAR END,DIVIDED - W/MEDIAN (NOT RAISED),NO CONTROLS,UNABLE TO DETERMINE,DISREGARDING TRAFFIC SIGNALS,0,0,0,0,8,5,4,1524,CLARK ST,41.730208,-87.532043,04/19/2018 09:25:00 AM,2018
CR00002857,10/06/2017 04:25:00 AM,40,CLEAR,DAYLIGHT,SIDESWIPE SAME DIRECTION,ONE-WAY,NO CONTROLS,FOLLOWING TOO CLOSELY,FAILING TO YIELD RIGHT-OF-WAY,0,0,0,0,4,6,10,321,CLARK ST,41.997395,-87.648906,10/06/2017 05:06:00 AM,2017
CR00002858,04/22/2019 09:29:00 PM,35,CLOUDY/OVERCAST,DAYLIGHT,SIDESWIPE SAME DIRECTION,DIVIDED - W/MEDIAN BARRIER,UNKNOWN,FAILING TO YIELD RIGHT-OF-WAY,UNABLE TO DETERMINE,0,0,1,1,21,2,4,856,BROADWAY,41.904616,-87.697457,04/22/2019 09:32:00 PM,2019
CR00002859,09/22/2015 09:16:00 AM,20,CLEAR,DAYLIGHT,REAR TO FRONT,DIVIDED - W/MEDIAN BARRIER,NO CONTROLS,FAILING TO REDUCE SPEED,FAILING TO YIELD RIGHT-OF-WAY,0,0,0,0,9,3,9,1672,CALIFORNIA AVE,41.88715,-87.503256,09/22/2015 09:45:00 AM,2015
CR00002860,11/19/2019 01:20:00 PM,25,CLEAR,DAYLIGHT,PARKED MOTOR VEHICLE,FOUR WAY,NO CONTROLS,FAILING TO REDUCE SPEED,NOT APPLICABLE,0,0,0,0,13,3,11,1787,FULLERTON AVE,41.701276,-87.767991,11/19/2019 02:42:00 PM,2019
CR00002861,02/10/2018 08:21:00 AM,35,CLEAR,DAYLIGHT,ANGLE,DIVIDED - W/MEDIAN BARRIER,NO CONTROLS,FAILING TO YIELD RIGHT-OF-WAY,DRIVING SKILLS/KNOWLEDGE/EXPERIENCE,0,0,0,0,8,7,2,377,MICHIGAN AVE,41.749999,-87.511789,02/10/2018 09:57:00 AM,2018
CR00002862,10/28/2020 02:21:00 AM,35,RAIN,DUSK,PARKED MOTOR VEHICLE,ONE-WAY,TRAFFIC SIGNAL,FOLLOWING TOO CLOSELY,FAILING TO YIELD RIGHT-OF-WAY,0,0,0,0,2,4,10,1460,ARCHER AVE,41.756037,-87.771748,10/28/2020 04:01:00 AM,2020
CR00002863,06/30/2016 01:07:00 PM,30,SNOW,DAYLIGHT,ANGLE,NOT DIVIDED,TRAFFIC SIGNAL,UNABLE TO DETERMINE,DISTRACTION - FROM INSIDE VEHICLE,0,0,0,0,13,5,6,1629,PULASKI RD,41.709052,-87.846103,06/30/2016 02:42:00 PM,2016
CR00002864,04/21/2021 01:34:00 PM,30,CLEAR,DARKNESS,PARKED MOTOR VEHICLE,ONE-WAY,UNKNOWN,DRIVING SKILLS/KNOWLEDGE/EXPERIENCE,IMPROPER LANE USAGE,0,0,0,0,13,4,4,1877,79TH ST,41.939353,-87.748747,04/21/2021 01:51:00 PM,2021
CR00002865,12/10/2016 11:35:00 AM,35,CLEAR,DAYLIGHT,TURNING,FOUR WAY,NO CONTROLS,FOLLOWING TOO CLOSELY,DISTRACTION - FROM INSIDE VEHICLE,0,0,0,0,11,7,12,1516,CICERO AVE,41.745141,-87.710291,12/10/2016 12:16:00 PM,2016
CR00002866,02/08/2019 05:30:00 AM,45,CLEAR,DARKNESS - LIGHTED ROAD,ANGLE,NOT DIVIDED,STOP SIGN/FLASHER,FOLLOWING TOO CLOSELY,UNABLE TO DETERMINE,0,0,2,2,5,6,2,374,STONY ISLAND AVE,41.908436,-87.722869,02/08/2019 07:21:00 AM,2019
CR00002867,02/04/2020 09:12:00 PM,40,SNOW,DAYLIGHT,FIXED OBJECT,NOT DIVIDED,STOP SIGN/FLASHER,IMPROPER OVERTAKING/PASSING,FAILING TO YIELD RIGHT-OF-WAY,0,0,0,0,21,3,2,753,ASHLAND AVE,41.960491,-87.567468,02/04/2020 09:55:00 PM,2020
CR00002868,03/19/2017 09:26:00 AM,30,CLEAR,DARKNESS,TURNING,T-INTERSECTION,TRAFFIC SIGNAL,FOLLOWING TOO CLOSELY,UNABLE TO DETERMINE,0,0,0,0,9,1,3,678,HALSTED ST,41.819013,-87.610865,03/19/2017 09:36:00 AM,2017
CR00002869,06/30/2024 06:50:00 PM,40,CLEAR,DAYLIGHT,REAR END,NOT DIVIDED,TRAFFIC SIGNAL,FAILING TO REDUCE SPEED,UNABLE TO DETERMINE,0,0,0,0,18,1,6,787,FULLERTON AVE,41.963624,-87.692622,06/30/2024 08:25:00 PM,2024
CR00002870,01/30/2023 02:04:00 PM,40,RAIN,DARKNESS - LIGHTED ROAD,SIDESWIPE SAME DIRECTION,NOT DIVIDED,TRAFFIC SIGNAL,WEATHER,NOT APPLICABLE,0,0,0,0,14,2,1,1337,ELSTON AVE,41.860573,-87.834754,01/30/2023 03:52:00 PM,2023
CR00002871,06/21/2022 08:58:00 PM,20,CLEAR,DUSK,PARKED MOTOR VEHICLE,NOT DIVIDED,NO CONTROLS,DISREGARDING TRAFFIC SIGNALS,UNABLE TO DETERMINE,0,0,1,1,20,3,6,2234,WESTERN AVE,41.942849,-87.537015,06/21/2022 10:04:00 PM,2022
CR00002872,08/18/2018 03:34:00 PM,30,CLEAR,DARKNESS,REAR END,DIVIDED - W/MEDIAN (NOT RAISED),NO CONTROLS,DRIVING SKILLS/KNOWLEDGE/EXPERIENCE,NOT APPLICABLE,0,2,0,2,15,7,8,560,47TH ST,41.863952,-87.75628,08/18/2018 03:59:00 PM,2018
CR00002873,02/04/2023 03:21:00 AM,40,CLOUDY/OVERCAST,DARKNESS - LIGHTED ROAD,TURNING,FOUR WAY,STOP SIGN/FLASHER,UNABLE TO DETERMINE,DISTRACTION - FROM INSIDE VEHICLE,0,0,0,0,3,7,2,855,ASHLAND AVE,41.984662,-87.772525,02/04/2023 04:44:00 AM,2023
CR00002874,09/22/2023 09:04:00 AM,15,CLEAR,DARKNESS - LIGHTED ROAD,REAR END,NOT DIVIDED,NO CONTROLS,FAILING TO YIELD RIGHT-OF-WAY,IMPROPER OVERTAKING/PASSING,0,0,0,0,9,6,9,1828,IRVING PARK RD,41.910497,-87.651062,09/22/2023 09:58:00 AM,2023
CR00002875,11/23/2017 07:32:00 AM,45,CLEAR,DAYLIGHT,TURNING,T-INTERSECTION,NO CONTROLS,UNABLE TO DETERMINE,IMPROPER OVERTAKING/PASSING,0,0,0,0,7,5,11,1195,DIVISION ST,41.911696,-87.596569,11/23/2017 08:17:00 AM,2017
CR00002876,09/16/2020 10:35:00 PM,15,RAIN,DAYLIGHT,REAR END,NOT DIVIDED,NO CONTROLS,UNABLE TO DETERMINE,DISREGARDING TRAFFIC SIGNALS,0,0,1,1,22,4,9,1163,ROOSEVELT RD,41.879645,-87.553468,09/16/2020 11:25:00 PM,2020
CR00002877,11/08/2019 12:26:00 PM,40,RAIN,DAYLIGHT,REAR END,NOT DIVIDED,NO CONTROLS,IMPROPER LANE USAGE,DISTRACTION - FROM INSIDE VEHICLE,0,0,1,1,12,6,11,1514,PULASKI RD,41.927704,-87.71324,11/08/2019 01:29:00 PM,2019
CR00002878,05/26/2018 09:59:00 AM,20,CLEAR,DAYLIGHT,TURNING,NOT DIVIDED,TRAFFIC SIGNAL,FAILING TO YIELD RIGHT-OF-WAY,UNABLE TO DETERMINE,0,0,0,0,9,7,5,2408,MILWAUKEE AVE,41.902624,-87.711367,05/26/2018 11:23:00 AM,2018
CR00002879,02/17/2017 08:56:00 PM,25,CLEAR,DUSK,ANGLE,ONE-WAY,TRAFFIC SIGNAL,FOLLOWING TOO CLOSELY,UNABLE TO DETERMINE,0,0,0,0,20,6,2,863,DAMEN AVE,41.738123,-87.770862,02/17/2017 09:57:00 PM,2017
CR00002880,02/09/2016 08:42:00 AM,20,CLEAR,DUSK,REAR END,DIVIDED - W/MEDIAN BARRIER,TRAFFIC SIGNAL,DRIVING SKILLS/KNOWLEDGE/EXPERIENCE,UNABLE TO DETERMINE,0,0,1,1,8,3,2,2461,MICHIGAN AVE,41.847002,-87.737792,02/09/2016 09:33:00 AM,2016
CR00002881,07/03/2018 02:33:00 AM,25,SNOW,DARKNESS - LIGHTED ROAD,ANGLE,ONE-WAY,TRAFFIC SIGNAL,FAILING TO YIELD RIGHT-OF-WAY,IMPROPER LANE USAGE,0,0,0,0,2,3,7,2335,OGDEN AVE,41.781389,-87.564547,07/03/2018 03:09:00 AM,2018
CR00002882,05/26/2016 04:11:00 PM,30,CLEAR,DAYLIGHT,FIXED OBJECT,FOUR WAY,TRAFFIC SIGNAL,UNABLE TO DETERMINE,IMPROPER OVERTAKING/PASSING,0,0,0,0,16,5,5,1884,47TH ST,41.883574,-87.719489,05/26/2016 05:30:00 PM,2016
CR00002883,10/30/2016 07:15:00 AM,30,CLEAR,DAYLIGHT,REAR END,ONE-WAY,NO CONTROLS,IMPROPER LANE USAGE,DISREGARDING TRAFFIC SIGNALS,0,0,0,0,7,1,10,1510,MILWAUKEE AVE,41.770787,-87.56783,10/30/2016 08:16:00 AM,2016
CR00002884,02/13/2022 03:53:00 PM,25,CLEAR,DAYLIGHT,REAR END,DIVIDED - W/MEDIAN (NOT RAISED),TRAFFIC SIGNAL,UNABLE TO DETERMINE,FAILING TO REDUCE SPEED,0,0,0,0,15,1,2,209,DAMEN AVE,41.92452,-87.517162,02/13/2022 04:14:00 PM,2022
CR00002885,06/16/2016 04:18:00 PM,45,CLEAR,DAYLIGHT,TURNING,NOT DIVIDED,PEDESTRIAN CROSSING SIGN,FAILING TO YIELD RIGHT-OF-WAY,DISTRACTION - FROM INSIDE VEHICLE,0,0,0,0,16,5,6,974,STATE ST,41.974252,-87.803268,06/16/2016 05:08:00 PM,2016