CRASH_RECORD_ID,CRASH_DATE,POSTED_SPEED_LIMIT,WEATHER_CONDITION,LIGHTING_CONDITION,FIRST_CRASH_TYPE,TRAFFICWAY_TYPE,TRAFFIC_CONTROL_DEVICE,PRIM_CONTRIBUTORY_CAUSE,SEC_CONTRIBUTORY_CAUSE,INJURIES_FATAL,INJURIES_INCAPACITATING,INJURIES_NON_INCAPACITATING,INJURIES_TOTAL,CRASH_HOUR,CRASH_DAY_OF_WEEK,CRASH_MONTH,BEAT_OF_OCCURRENCE,STREET_NAME,LATITUDE,LONGITUDE,DATE_POLICE_NOTIFIED,year
CR00002886,01/27/2016 11:41:00 PM,30,CLEAR,DAYLIGHT,REAR TO FRONT,DIVIDED - W/MEDIAN BARRIER,NO CONTROLS,DRIVING SKILLS/KNOWLEDGE/EXPERIENCE,FAILING TO YIELD RIGHT-OF-WAY,0,0,0,0,23,4,1,1848,CALIFORNIA AVE,41.774013,-87.824372,01/28/2016 01:17:00 AM,2016
CR00002887,08/10/2024 04:40:00 PM,30,CLEAR,DARKNESS - LIGHTED ROAD,PARKED MOTOR VEHICLE,FOUR WAY,NO CONTROLS,DISREGARDING TRAFFIC SIGNALS,UNABLE TO DETERMINE,0,0,0,0,16,7,8,499,CICERO AVE,41.827365,-87.626094,08/10/2024 06:16:00 PM,2024
CR00002888,06/04/2022 03:18:00 AM,35,RAIN,DAYLIGHT,TURNING,NOT DIVIDED,NO CONTROLS,DISTRACTION - FROM INSIDE VEHICLE,DRIVING SKILLS/KNOWLEDGE/EXPERIENCE,0,0,0,0,3,7,6,1930,LAKE SHORE DR,41.769138,-87.762387,06/04/2022 04:53:00 AM,2022
CR00002889,12/24/2022 03:50:00 PM,30,CLEAR,DAYLIGHT,SIDESWIPE SAME DIRECTION,NOT DIVIDED,STOP SIGN/FLASHER,UNABLE TO DETERMINE,IMPROPER LANE USAGE,0,0,0,0,15,7,12,631,HALSTED ST,41.803738,-87.772409,12/24/2022 05:41:00 PM,2022
CR00002890,12/16/2017 07:23:00 AM,30,CLEAR,DAYLIGHT,REAR END,FOUR WAY,TRAFFIC SIGNAL,DRIVING SKILLS/KNOWLEDGE/EXPERIENCE,NOT APPLICABLE,0,0,1,1,7,7,12,1510,STONY ISLAND AVE,41.836796,-87.761711,12/16/2017 08:21:00 AM,2017
CR00002891,01/17/2016 06:59:00 AM,30,RAIN,DAYLIGHT,PEDESTRIAN,T-INTERSECTION,TRAFFIC SIGNAL,IMPROPER OVERTAKING/PASSING,DRIVING SKILLS/KNOWLEDGE/EXPERIENCE,0,0,1,1,6,1,1,2170,CLARK ST,41.768182,-87.717538,01/17/2016 08:07:00 AM,2016
CR00002892,12/23/2016 09:50:00 PM,30,CLOUDY/OVERCAST,DARKNESS - LIGHTED ROAD,FIXED OBJECT,FOUR WAY,PEDESTRIAN CROSSING SIGN,DRIVING SKILLS/KNOWLEDGE/EXPERIENCE,FOLLOWING TOO CLOSELY,0,0,0,0,21,6,12,1609,63RD ST,41.924424,-87.616497,12/23/2016 10:50:00 PM,2016
CR00002893,08/22/2020 08:38:00 PM,45,CLOUDY/OVERCAST,DUSK,SIDESWIPE SAME DIRECTION,DIVIDED - W/MEDIAN BARRIER,STOP SIGN/FLASHER,UNABLE TO DETERMINE,DRIVING SKILLS/KNOWLEDGE/EXPERIENCE,0,0,0,0,20,7,8,1494,MICHIGAN AVE,41.925845,-87.830408,08/22/2020 09:28:00 PM,2020
CR00002894,06/19/2016 05:40:00 PM,35,CLEAR,DAYLIGHT,PEDESTRIAN,DIVIDED - W/MEDIAN BARRIER,UNKNOWN,DISTRACTION - FROM INSIDE VEHICLE,IMPROPER OVERTAKING/PASSING,0,0,0,0,17,1,6,2525,CLARK ST,41.997234,-87.523201,06/19/2016 06:20:00 PM,2016
CR00002895,08/13/2019 07:28:00 PM,45,CLEAR,DAYLIGHT,REAR END,DIVIDED - W/MEDIAN BARRIER,TRAFFIC SIGNAL,DISREGARDING TRAFFIC SIGNALS,NOT APPLICABLE,0,0,0,0,19,3,8,421,MICHIGAN AVE,41.857602,-87.572413,08/13/2019 08:35:00 PM,2019
CR00002896,10/02/2024 04:20:00 PM,45,CLEAR,DARKNESS,REAR END,NOT DIVIDED,UNKNOWN,DRIVING SKILLS/KNOWLEDGE/EXPERIENCE,FOLLOWING TOO CLOSELY,0,0,0,0,16,4,10,1894,STONY ISLAND AVE,41.787173,-87.626975,10/02/2024 06:01:00 PM,2024
CR00002897,07/29/2017 05:21:00 PM,25,CLEAR,DARKNESS,REAR END,ONE-WAY,STOP SIGN/FLASHER,FAILING TO YIELD RIGHT-OF-WAY,NOT APPLICABLE,0,0,2,2,17,7,7,1546,CLARK ST,41.764129,-87.679405,07/29/2017 06:16:00 PM,2017
CR00002898,08/03/2023 04:39:00 PM,25,CLEAR,DAYLIGHT,ANGLE,DIVIDED - W/MEDIAN BARRIER,STOP SIGN/FLASHER,UNABLE TO DETERMINE,UNABLE TO DETERMINE,0,0,2,2,16,5,8,223,ASHLAND AVE,41.866187,-87.628918,08/03/2023 06:23:00 PM,2023
CR00002899,04/29/2023 09:11:00 AM,35,CLEAR,DAYLIGHT,REAR END,DIVIDED - W/MEDIAN (NOT RAISED),TRAFFIC SIGNAL,FOLLOWING TOO CLOSELY,IMPROPER LANE USAGE,0,0,0,0,9,7,4,1493,ASHLAND AVE,41.82234,-87.704324,04/29/2023 09:19:00 AM,2023
CR00002900,11/03/2017 04:49:00 PM,20,RAIN,DARKNESS,FIXED OBJECT,NOT DIVIDED,STOP SIGN/FLASHER,DRIVING SKILLS/KNOWLEDGE/EXPERIENCE,UNABLE TO DETERMINE,0,0,0,0,16,6,11,106,47TH ST,41.712823,-87.60525,11/03/2017 05:46:00 PM,2017
CR00002901,12/22/2017 05:22:00 PM,25,CLEAR,DARKNESS,PARKED MOTOR VEHICLE,NOT DIVIDED,UNKNOWN,FAILING TO REDUCE SPEED,IMPROPER LANE USAGE,0,0,0,0,17,6,12,1714,DAMEN AVE,41.845124,-87.785813,12/22/2017 05:43:00 PM,2017
CR00002902,12/02/2018 06:42:00 PM,15,CLEAR,DAYLIGHT,TURNING,NOT DIVIDED,STOP SIGN/FLASHER,IMPROPER OVERTAKING/PASSING,UNABLE TO DETERMINE,0,0,0,0,18,1,12,1459,CICERO AVE,41.789223,-87.669304,12/02/2018 08:32:00 PM,2018
CR00002903,01/07/2017 05:13:00 PM,30,SNOW,DAYLIGHT,FIXED OBJECT,ONE-WAY,TRAFFIC SIGNAL,IMPROPER OVERTAKING/PASSING,UNABLE TO DETERMINE,0,0,1,1,17,7,1,1126,ROOSEVELT RD,41.798264,-87.519409,01/07/2017 06:13:00 PM,2017
CR00002904,10/29/2023 10:08:00 PM,35,CLEAR,DAYLIGHT,REAR END,DIVIDED - W/MEDIAN BARRIER,NO CONTROLS,UNABLE TO DETERMINE,FOLLOWING TOO CLOSELY,0,0,0,0,22,1,10,2517,CALIFORNIA AVE,41.949893,-87.732818,10/29/2023 11:58:00 PM,2023
CR00002905,09/20/2021 05:16:00 AM,25,CLEAR,DAYLIGHT,TURNING,NOT DIVIDED,STOP SIGN/FLASHER,IMPROPER LANE USAGE,IMPROPER LANE USAGE,0,0,0,0,5,2,9,244,LAKE SHORE DR,41.973738,-87.823746,09/20/2021 07:11:00 AM,2021
CR00002906,06/12/2024 09:25:00 AM,35,SNOW,DAYLIGHT,ANGLE,NOT DIVIDED,YIELD,UNABLE TO DETERMINE,IMPROPER OVERTAKING/PASSING,0,0,0,0,9,4,6,590,IRVING PARK RD,41.912395,-87.705694,06/12/2024 11:03:00 AM,2024
CR00002907,11/28/2016 10:49:00 AM,30,CLOUDY/OVERCAST,DAYLIGHT,REAR END,NOT DIVIDED,TRAFFIC SIGNAL,DISREGARDING TRAFFIC SIGNALS,UNABLE TO DETERMINE,0,0,0,0,10,2,11,1684,FULLERTON AVE,41.817014,-87.674842,11/28/2016 12:33:00 PM,2016
CR00002908,03/03/2019 06:09:00 PM,35,RAIN,DAWN,REAR END,T-INTERSECTION,NO CONTROLS,DISTRACTION - FROM INSIDE VEHICLE,IMPROPER OVERTAKING/PASSING,0,0,2,2,18,1,3,820,OGDEN AVE,41.846886,-87.737938,03/03/2019 06:11:00 PM,2019
CR00002909,09/21/2022 08:41:00 AM,35,CLOUDY/OVERCAST,DARKNESS,REAR END,NOT DIVIDED,STOP SIGN/FLASHER,FAILING TO YIELD RIGHT-OF-WAY,UNABLE TO DETERMINE,0,0,0,0,8,4,9,1166,DIVISION ST,41.943508,-87.555602,09/21/2022 09:16:00 AM,2022
CR00002910,10/28/2022 05:50:00 PM,20,FREEZING RAIN/DRIZZLE,DARKNESS - LIGHTED ROAD,TURNING,NOT DIVIDED,TRAFFIC SIGNAL,FOLLOWING TOO CLOSELY,FAILING TO YIELD RIGHT-OF-WAY,0,0,0,0,17,6,10,1321,STATE ST,41.896878,-87.615437,10/28/2022 06:21:00 PM,2022
CR00002911,07/02/2017 04:55:00 PM,30,CLEAR,DAYLIGHT,REAR END,NOT DIVIDED,NO CONTROLS,DISTRACTION - FROM INSIDE VEHICLE,FAILING TO YIELD RIGHT-OF-WAY,0,0,0,0,16,1,7,922,BROADWAY,41.874921,-87.827728,07/02/2017 06:13:00 PM,2017
CR00002912,08/17/2016 06:59:00 PM,35,CLEAR,DAYLIGHT,TURNING,ONE-WAY,TRAFFIC SIGNAL,DISREGARDING TRAFFIC SIGNALS,NOT APPLICABLE,0,0,0,0,18,4,8,327,CLARK ST,41.997178,-87.724454,08/17/2016 07:09:00 PM,2016
CR00002913,05/30/2024 03:06:00 PM,30,CLOUDY/OVERCAST,DUSK,ANGLE,T-INTERSECTION,STOP SIGN/FLASHER,DISTRACTION - FROM INSIDE VEHICLE,DISTRACTION - FROM INSIDE VEHICLE,0,0,0,0,15,5,5,1109,DIVISION ST,41.922269,-87.722619,05/30/2024 04:57:00 PM,2024
CR00002914,08/30/2019 12:59:00 PM,45,CLEAR,DARKNESS - LIGHTED ROAD,REAR TO FRONT,ONE-WAY,TRAFFIC SIGNAL,IMPROPER OVERTAKING/PASSING,IMPROPER OVERTAKING/PASSING,0,0,0,0,12,6,8,2020,47TH ST,41.976574,-87.539607,08/30/2019 02:37:00 PM,2019
CR00002915,09/08/2015 11:23:00 AM,35,CLEAR,DAYLIGHT,FIXED OBJECT,FOUR WAY,STOP SIGN/FLASHER,FAILING TO YIELD RIGHT-OF-WAY,IMPROPER LANE USAGE,0,0,0,0,11,3,9,493,MILWAUKEE AVE,41.877817,-87.60002,09/08/2015 11:28:00 AM,2015
CR00002916,04/12/2018 06:35:00 PM,25,RAIN,DAYLIGHT,REAR END,T-INTERSECTION,UNKNOWN,UNABLE TO DETERMINE,UNABLE TO DETERMINE,0,0,0,0,18,5,4,627,BROADWAY,41.946628,-87.68261,04/12/2018 06:42:00 PM,2018
CR00002917,09/17/2020 04:12:00 PM,30,CLEAR,DAWN,ANGLE,ONE-WAY,NO CONTROLS,UNABLE TO DETERMINE,FAILING TO YIELD RIGHT-OF-WAY,0,0,0,0,16,5,9,2146,LAKE SHORE DR,41.778546,-87.843101,09/17/2020 04:21:00 PM,2020
CR00002918,12/09/2015 06:08:00 PM,30,CLEAR,DUSK,PARKED MOTOR VEHICLE,DIVIDED - W/MEDIAN (NOT RAISED),TRAFFIC SIGNAL,DISREGARDING TRAFFIC SIGNALS,UNABLE TO DETERMINE,0,0,0,0,18,4,12,2037,DAMEN AVE,41.997248,-87.665795,12/09/2015 06:31:00 PM,2015
CR00002919,06/22/2022 12:21:00 PM,30,CLEAR,DARKNESS,ANGLE,DIVIDED - W/MEDIAN (NOT RAISED),STOP SIGN/FLASHER,IMPROPER OVERTAKING/PASSING,DISTRACTION - FROM INSIDE VEHICLE,0,0,0,0,12,4,6,205,DAMEN AVE,41.746953,-87.77296,06/22/2022 01:09:00 PM,2022
CR00002920,03/09/2017 12:50:00 AM,25,RAIN,DAYLIGHT,SIDESWIPE SAME DIRECTION,DIVIDED - W/MEDIAN (NOT RAISED),NO CONTROLS,DRIVING SKILLS/KNOWLEDGE/EXPERIENCE,NOT APPLICABLE,0,0,0,0,0,5,3,1897,OGDEN AVE,41.930334,-87.658572,03/09/2017 02:42:00 AM,2017
CR00002921,11/13/2021 03:06:00 PM,45,SNOW,DAYLIGHT,SIDESWIPE SAME DIRECTION,ONE-WAY,NO CONTROLS,FAILING TO YIELD RIGHT-OF-WAY,DRIVING SKILLS/KNOWLEDGE/EXPERIENCE,0,0,0,0,15,7,11,1368,ROOSEVELT RD,41.968132,-87.727238,11/13/2021 05:02:00 PM,2021
CR00002922,08/05/2020 09:26:00 AM,25,CLEAR,DAYLIGHT,REAR END,T-INTERSECTION,NO CONTROLS,UNABLE TO DETERMINE,DRIVING SKILLS/KNOWLEDGE/EXPERIENCE,0,0,0,0,9,4,8,1547,ROOSEVELT RD,41.807981,-87.83816,08/05/2020 10:54:00 AM,2020
CR00002923,09/03/2022 03:33:00 AM,30,CLEAR,DUSK,REAR END,T-INTERSECTION,STOP SIGN/FLASHER,FOLLOWING TOO CLOSELY,DRIVING SKILLS/KNOWLEDGE/EXPERIENCE,0,0,0,0,3,7,9,555,79TH ST,41.980389,-87.681936,09/03/2022 04:25:00 AM,2022
CR00002924,02/19/2015 11:33:00 AM,35,CLEAR,DARKNESS - LIGHTED ROAD,ANGLE,NOT DIVIDED,NO CONTROLS,IMPROPER OVERTAKING/PASSING,FAILING TO YIELD RIGHT-OF-WAY,0,0,0,0,11,5,2,425,FULLERTON AVE,41.700453,-87.533432,02/19/2015 12:45:00 PM,2015
CR00002925,05/18/2017 02:34:00 PM,30,CLEAR,DAWN,TURNING,NOT DIVIDED,NO CONTROLS,UNABLE TO DETERMINE,FOLLOWING TOO CLOSELY,0,0,2,2,14,5,5,1919,CALIFORNIA AVE,41.758158,-87.715566,05/18/2017 03:56:00 PM,2017
CR00002926,02/06/2018 07:36:00 PM,25,CLEAR,DARKNESS,TURNING,NOT DIVIDED,TRAFFIC SIGNAL,UNABLE TO DETERMINE,IMPROPER LANE USAGE,0,0,0,0,19,3,2,404,ARCHER AVE,41.768661,-87.516565,02/06/2018 08:50:00 PM,2018
CR00002927,01/03/2015 08:13:00 AM,30,CLEAR,DAYLIGHT,REAR END,DIVIDED - W/MEDIAN (NOT RAISED),NO CONTROLS,UNABLE TO DETERMINE,IMPROPER LANE USAGE,0,0,0,0,8,7,1,1286,WESTERN AVE,41.762021,-87.539876,01/03/2015 09:17:00 AM,2015
CR00002928,08/01/2018 05:00:00 PM,35,SNOW,DARKNESS - LIGHTED ROAD,TURNING,NOT DIVIDED,STOP SIGN/FLASHER,UNABLE TO DETERMINE,FOLLOWING TOO CLOSELY,0,0,0,0,17,4,8,1555,FULLERTON AVE,41.739169,-87.704152,08/01/2018 06:20:00 PM,2018
CR00002929,06/16/2020 02:15:00 PM,35,FOG/SMOKE/HAZE,DAYLIGHT,ANGLE,DIVIDED - W/MEDIAN BARRIER,NO CONTROLS,FAILING TO YIELD RIGHT-OF-WAY,FAILING TO YIELD RIGHT-OF-WAY,0,2,1,3,14,3,6,1594,KEDZIE AVE,41.87418,-87.637726,06/16/2020 02:27:00 PM,2020
CR00002930,11/19/2021 02:41:00 PM,40,CLOUDY/OVERCAST,DARKNESS - LIGHTED ROAD,FIXED OBJECT,DIVIDED - W/MEDIAN BARRIER,TRAFFIC SIGNAL,DISTRACTION - FROM INSIDE VEHICLE,NOT APPLICABLE,0,0,0,0,14,6,11,1583,CALIFORNIA AVE,41.805022,-87.69236,11/19/2021 03:20:00 PM,2021
CR00002931,04/22/2016 09:07:00 AM,35,CLEAR,DAYLIGHT,SIDESWIPE SAME DIRECTION,ONE-WAY,TRAFFIC SIGNAL,UNABLE TO DETERMINE,FOLLOWING TOO CLOSELY,0,1,1,2,9,6,4,2061,STATE ST,41.987429,-87.597029,04/22/2016 11:07:00 AM,2016
CR00002932,05/09/2020 03:30:00 PM,30,CLEAR,DAYLIGHT,ANGLE,DIVIDED - W/MEDIAN (NOT RAISED),TRAFFIC SIGNAL,FAILING TO YIELD RIGHT-OF-WAY,FAILING TO YIELD RIGHT-OF-WAY,0,0,0,0,15,7,5,397,DIVISION ST,41.831576,-87.794766,05/09/2020 03:49:00 PM,2020
CR00002933,11/30/2015 04:48:00 PM,45,SNOW,DARKNESS - LIGHTED ROAD,SIDESWIPE SAME DIRECTION,NOT DIVIDED,UNKNOWN,UNABLE TO DETERMINE,NOT APPLICABLE,0,0,0,0,16,2,11,2535,PULASKI RD,41.855745,-87.733761,11/30/2015 05:52:00 PM,2015
CR00002934,03/03/2022 08:01:00 PM,30,RAIN,DAYLIGHT,SIDESWIPE SAME DIRECTION,NOT DIVIDED,TRAFFIC SIGNAL,DISREGARDING TRAFFIC SIGNALS,IMPROPER LANE USAGE,0,1,1,2,20,5,3,375,FULLERTON AVE,41.921832,-87.696647,03/03/2022 08:50:00 PM,2022
CR00002935,07/06/2017 10:19:00 AM,30,CLEAR,DAWN,REAR TO FRONT,DIVIDED - W/MEDIAN (NOT RAISED),TRAFFIC SIGNAL,FOLLOWING TOO CLOSELY,UNABLE TO DETERMINE,0,1,0,1,10,5,7,1623,KEDZIE AVE,41.994203,-87.784045,07/06/2017 10:49:00 AM,2017
CR00002936,10/31/2024 06:23:00 PM,45,SNOW,DARKNESS - LIGHTED ROAD,REAR END,ONE-WAY,TRAFFIC SIGNAL,UNABLE TO DETERMINE,DRIVING SKILLS/KNOWLEDGE/EXPERIENCE,0,0,0,0,18,5,10,861,ROOSEVELT RD,41.841691,-87.523554,10/31/2024 08:09:00 PM,2024
CR00002937,11/23/2022 07:38:00 AM,30,RAIN,DARKNESS - LIGHTED ROAD,ANGLE,FOUR WAY,STOP SIGN/FLASHER,UNABLE TO DETERMINE,WEATHER,0,0,0,0,7,4,11,2050,KEDZIE AVE,41.700028,-87.67847,11/23/2022 08:41:00 AM,2022
CR00002938,03/19/2020 01:15:00 PM,40,CLOUDY/OVERCAST,DAYLIGHT,TURNING,DIVIDED - W/MEDIAN (NOT RAISED),TRAFFIC SIGNAL,UNABLE TO DETERMINE,IMPROPER LANE USAGE,0,0,0,0,13,5,3,2146,63RD ST,41.97959,-87.69052,03/19/2020 02:30:00 PM,2020
CR00002939,05/21/2021 03:32:00 PM,15,CLEAR,DARKNESS,REAR END,FOUR WAY,TRAFFIC SIGNAL,UNABLE TO DETERMINE,IMPROPER LANE USAGE,0,0,1,1,15,6,5,211,63RD ST,41.905835,-87.747682,05/21/2021 04:19:00 PM,2021
CR00002940,12/01/2015 01:59:00 AM,35,CLEAR,DAYLIGHT,TURNING,ONE-WAY,NO CONTROLS,FAILING TO YIELD RIGHT-OF-WAY,FOLLOWING TOO CLOSELY,0,0,0,0,1,3,12,1680,MICHIGAN AVE,41.769397,-87.786312,12/01/2015 02:18:00 AM,2015
CR00002941,03/06/2015 11:39:00 AM,20,CLEAR,DAYLIGHT,TURNING,DIVIDED - W/MEDIAN (NOT RAISED),NO CONTROLS,IMPROPER LANE USAGE,DRIVING SKILLS/KNOWLEDGE/EXPERIENCE,0,0,0,0,11,6,3,1911,STONY ISLAND AVE,41.723523,-87.72707,03/06/2015 12:43:00 PM,2015
CR00002942,02/12/2018 09:40:00 PM,40,CLEAR,DARKNESS,REAR END,ONE-WAY,STOP SIGN/FLASHER,DRIVING SKILLS/KNOWLEDGE/EXPERIENCE,FOLLOWING TOO CLOSELY,0,0,0,0,21,2,2,129,LAKE SHORE DR,41.727168,-87.542255,02/12/2018 11:21:00 PM,2018
CR00002943,09/10/2018 06:20:00 PM,30,CLOUDY/OVERCAST,DAYLIGHT,TURNING,FOUR WAY,STOP SIGN/FLASHER,IMPROPER OVERTAKING/PASSING,UNABLE TO DETERMINE,0,0,0,0,18,2,9,1891,OGDEN AVE,41.907205,-87.567755,09/10/2018 07:07:00 PM,2018
CR00002944,06/07/2017 05:23:00 PM,30,CLEAR,DAYLIGHT,REAR END,DIVIDED - W/MEDIAN (NOT RAISED),STOP SIGN/FLASHER,FAILING TO YIELD RIGHT-OF-WAY,IMPROPER OVERTAKING/PASSING,0,0,0,0,17,4,6,844,CICERO AVE,41.836032,-87.605625,06/07/2017 05:27:00 PM,2017
CR00002945,09/28/2023 07:34:00 AM,15,CLEAR,DARKNESS - LIGHTED ROAD,ANGLE,DIVIDED - W/MEDIAN (NOT RAISED),NO CONTROLS,IMPROPER OVERTAKING/PASSING,IMPROPER LANE USAGE,0,0,0,0,7,5,9,2380,IRVING PARK RD,41.816438,-87.765184,09/28/2023 08:32:00 AM,2023
CR00002946,09/29/2016 07:18:00 AM,35,CLOUDY/OVERCAST,DAYLIGHT,ANGLE,NOT DIVIDED,TRAFFIC SIGNAL,FAILING TO YIELD RIGHT-OF-WAY,DRIVING SKILLS/KNOWLEDGE/EXPERIENCE,0,0,1,1,7,5,9,983,PULASKI RD,41.84194,-87.682195,09/29/2016 07:19:00 AM,2016
CR00002947,07/30/2019 04:16:00 PM,40,CLEAR,DAYLIGHT,TURNING,NOT DIVIDED,NO CONTROLS,DRIVING SKILLS/KNOWLEDGE/EXPERIENCE,FAILING TO YIELD RIGHT-OF-WAY,0,0,0,0,16,3,7,1843,MILWAUKEE AVE,41.850558,-87.507778,07/30/2019 05:11:00 PM,2019
CR00002948,06/23/2022 01:02:00 PM,30,CLEAR,DAYLIGHT,REAR END,DIVIDED - W/MEDIAN (NOT RAISED),YIELD,DISREGARDING TRAFFIC SIGNALS,DISTRACTION - FROM INSIDE VEHICLE,0,1,3,4,13,5,6,1910,LAKE SHORE DR,41.806718,-87.575368,06/23/2022 02:37:00 PM,2022
CR00002949,05/23/2022 07:22:00 AM,40,CLEAR,DAYLIGHT,ANGLE,DIVIDED - W/MEDIAN (NOT RAISED),NO CONTROLS,UNABLE TO DETERMINE,FOLLOWING TOO CLOSELY,0,2,3,5,7,2,5,2084,OGDEN AVE,41.921217,-87.658157,05/23/2022 07:26:00 AM,2022
CR00002950,04/10/2018 07:23:00 PM,30,CLEAR,DAYLIGHT,REAR END,DIVIDED - W/MEDIAN (NOT RAISED),UNKNOWN,WEATHER,FOLLOWING TOO CLOSELY,0,0,1,1,19,3,4,2475,MICHIGAN AVE,41.786439,-87.810051,04/10/2018 09:05:00 PM,2018
CR00002951,04/23/2016 01:24:00 PM,20,CLEAR,DAYLIGHT,PARKED MOTOR VEHICLE,DIVIDED - W/MEDIAN (NOT RAISED),STOP SIGN/FLASHER,FAILING TO YIELD RIGHT-OF-WAY,FAILING TO YIELD RIGHT-OF-WAY,0,0,0,0,13,7,4,465,MICHIGAN AVE,41.901335,-87.700157,04/23/2016 02:52:00 PM,2016
CR00002952,04/07/2022 10:01:00 AM,15,CLEAR,DAYLIGHT,TURNING,ONE-WAY,NO CONTROLS,UNABLE TO DETERMINE,DISTRACTION - FROM INSIDE VEHICLE,0,0,0,0,10,5,4,2368,FULLERTON AVE,41.832135,-87.620958,04/07/2022 10:07:00 AM,2022
CR00002953,07/18/2016 07:40:00 AM,15,SNOW,DAYLIGHT,SIDESWIPE SAME DIRECTION,FOUR WAY,NO CONTROLS,DISTRACTION - FROM INSIDE VEHICLE,FOLLOWING TOO CLOSELY,0,0,0,0,7,2,7,1460,DAMEN AVE,41.821841,-87.537857,07/18/2016 09:00:00 AM,2016
CR00002954,04/12/2022 11:47:00 AM,30,SNOW,DAYLIGHT,REAR END,ONE-WAY,NO CONTROLS,FAILING TO YIELD RIGHT-OF-WAY,FOLLOWING TOO CLOSELY,0,0,0,0,11,3,4,2095,HALSTED ST,41.96869,-87.561462,04/12/2022 11:53:00 AM,2022
CR00002955,10/06/2024 07:19:00 AM,35,CLEAR,DARKNESS - LIGHTED ROAD,PEDESTRIAN,NOT DIVIDED,NO CONTROLS,FAILING TO YIELD RIGHT-OF-WAY,UNABLE TO DETERMINE,0,0,0,0,7,1,10,1315,79TH ST,41.931365,-87.529293,10/06/2024 07:32:00 AM,2024
CR00002956,06/28/2022 08:16:00 AM,35,CLEAR,DARKNESS,SIDESWIPE SAME DIRECTION,DIVIDED - W/MEDIAN BARRIER,STOP SIGN/FLASHER,UNABLE TO DETERMINE,WEATHER,0,0,0,0,8,3,6,266,ROOSEVELT RD,41.890815,-87.5758,06/28/2022 09:37:00 AM,2022
CR00002957,05/23/2015 09:22:00 AM,30,CLOUDY/OVERCAST,DUSK,ANGLE,T-INTERSECTION,TRAFFIC SIGNAL,DISREGARDING TRAFFIC SIGNALS,FAILING TO YIELD RIGHT-OF-WAY,0,0,0,0,9,7,5,2130,79TH ST,41.972154,-87.601481,05/23/2015 09:25:00 AM,2015
CR00002958,11/09/2016 11:20:00 PM,35,CLEAR,DARKNESS - LIGHTED ROAD,PARKED MOTOR VEHICLE,ONE-WAY,TRAFFIC SIGNAL,UNABLE TO DETERMINE,UNABLE TO DETERMINE,0,0,0,0,23,4,11,2139,WESTERN AVE,41.703074,-87.648626,11/09/2016 11:35:00 PM,2016
CR00002959,08/13/2021 03:07:00 PM,40,CLEAR,DAYLIGHT,PARKED MOTOR VEHICLE,NOT DIVIDED,STOP SIGN/FLASHER,UNABLE TO DETERMINE,DRIVING SKILLS/KNOWLEDGE/EXPERIENCE,0,0,3,3,15,6,8,492,ARCHER AVE,41.730794,-87.537339,08/13/2021 03:37:00 PM,2021
CR00002960,08/12/2015 06:24:00 AM,30,CLEAR,DAYLIGHT,REAR END,NOT DIVIDED,TRAFFIC SIGNAL,UNABLE TO DETERMINE,FAILING TO YIELD RIGHT-OF-WAY,0,0,0,0,6,4,8,542,HALSTED ST,41.778333,-87.706901,08/12/2015 06:44:00 AM,2015
CR00002961,12/13/2019 01:37:00 PM,45,CLEAR,DARKNESS - LIGHTED ROAD,REAR TO FRONT,FOUR WAY,STOP SIGN/FLASHER,FOLLOWING TOO CLOSELY,IMPROPER OVERTAKING/PASSING,0,0,0,0,13,6,12,1247,ARCHER AVE,41.818399,-87.580403,12/13/2019 01:58:00 PM,2019
CR00002962,06/02/2015 04:03:00 PM,20,CLEAR,DAYLIGHT,PARKED MOTOR VEHICLE,NOT DIVIDED,NO CONTROLS,WEATHER,FOLLOWING TOO CLOSELY,0,0,0,0,16,3,6,2131,ASHLAND AVE,41.894269,-87.634087,06/02/2015 05:01:00 PM,2015
CR00002963,10/04/2019 02:57:00 AM,30,FREEZING RAIN/DRIZZLE,DAYLIGHT,TURNING,NOT DIVIDED,TRAFFIC SIGNAL,FOLLOWING TOO CLOSELY,UNABLE TO DETERMINE,0,0,0,0,2,6,10,1185,STATE ST,41.814796,-87.519691,10/04/2019 03:08:00 AM,2019
CR00002964,08/04/2023 06:23:00 AM,40,CLOUDY/OVERCAST,DARKNESS - LIGHTED ROAD,REAR END,FOUR WAY,TRAFFIC SIGNAL,DISREGARDING TRAFFIC SIGNALS,IMPROPER LANE USAGE,0,0,0,0,6,6,8,1270,ROOSEVELT RD,41.778371,-87.511009,08/04/2023 07:51:00 AM,2023
CR00002965,02/20/2019 09:05:00 AM,30,CLOUDY/OVERCAST,DAYLIGHT,ANGLE,NOT DIVIDED,NO CONTROLS,IMPROPER LANE USAGE,DRIVING SKILLS/KNOWLEDGE/EXPERIENCE,0,0,0,0,9,4,2,2086,DAMEN AVE,41.951784,-87.570643,02/20/2019 09:20:00 AM,2019
CR00002966,07/07/2016 01:38:00 AM,45,CLEAR,DAYLIGHT,REAR TO FRONT,NOT DIVIDED,NO CONTROLS,UNABLE TO DETERMINE,NOT APPLICABLE,0,0,0,0,1,5,7,2046,63RD ST,41.864274,-87.782684,07/07/2016 02:10:00 AM,2016
CR00002967,09/04/2019 12:45:00 AM,30,CLEAR,DAYLIGHT,TURNING,DIVIDED - W/MEDIAN BARRIER,NO CONTROLS,UNABLE TO DETERMINE,FAILING TO YIELD RIGHT-OF-WAY,0,0,1,1,0,4,9,883,CLARK ST,41.830967,-87.5543,09/04/2019 02:40:00 AM,2019