CRASH_RECORD_ID,CRASH_DATE,POSTED_SPEED_LIMIT,WEATHER_CONDITION,LIGHTING_CONDITION,FIRST_CRASH_TYPE,TRAFFICWAY_TYPE,TRAFFIC_CONTROL_DEVICE,PRIM_CONTRIBUTORY_CAUSE,SEC_CONTRIBUTORY_CAUSE,INJURIES_FATAL,INJURIES_INCAPACITATING,INJURIES_NON_INCAPACITATING,INJURIES_TOTAL,CRASH_HOUR,CRASH_DAY_OF_WEEK,CRASH_MONTH,BEAT_OF_OCCURRENCE,STREET_NAME,LATITUDE,LONGITUDE,DATE_POLICE_NOTIFIED,year
CR00002968,09/26/2016 11:22:00 AM,35,CLOUDY/OVERCAST,DAYLIGHT,REAR END,NOT DIVIDED,TRAFFIC SIGNAL,FOLLOWING TOO CLOSELY,UNABLE TO DETERMINE,0,0,0,0,11,2,9,1574,ARCHER AVE,41.725894,-87.78089,09/26/2016 01:07:00 PM,2016
CR00002969,10/24/2015 11:00:00 PM,30,FREEZING RAIN/DRIZZLE,DAYLIGHT,ANGLE,DIVIDED - W/MEDIAN (NOT RAISED),NO CONTROLS,FAILING TO YIELD RIGHT-OF-WAY,FAILING TO YIELD RIGHT-OF-WAY,0,0,0,0,23,7,10,2316,OGDEN AVE,41.805472,-87.524593,10/25/2015 12:52:00 AM,2015
CR00002970,02/28/2022 03:32:00 AM,20,CLEAR,DAYLIGHT,REAR END,NOT DIVIDED,NO CONTROLS,UNABLE TO DETERMINE,FAILING TO REDUCE SPEED,0,0,1,1,3,2,2,855,63RD ST,41.909137,-87.696489,02/28/2022 04:33:00 AM,2022
CR00002971,12/07/2021 08:31:00 AM,35,CLEAR,DAYLIGHT,TURNING,NOT DIVIDED,NO CONTROLS,UNABLE TO DETERMINE,NOT APPLICABLE,0,0,0,0,8,3,12,1777,HALSTED ST,41.731596,-87.575944,12/07/2021 08:51:00 AM,2021
CR00002972,01/13/2020 02:58:00 PM,30,CLEAR,DARKNESS - LIGHTED ROAD,REAR END,ONE-WAY,STOP SIGN/FLASHER,FOLLOWING TOO CLOSELY,WEATHER,0,0,0,0,14,2,1,1676,ELSTON AVE,41.83169,-87.697954,01/13/2020 04:17:00 PM,2020
CR00002973,01/03/2020 05:45:00 PM,30,CLEAR,DARKNESS - LIGHTED ROAD,PARKED MOTOR VEHICLE,NOT DIVIDED,NO CONTROLS,UNABLE TO DETERMINE,FAILING TO YIELD RIGHT-OF-WAY,0,0,0,0,17,6,1,2102,ARCHER AVE,41.788267,-87.609902,01/03/2020 06:59:00 PM,2020
CR00002974,02/22/2022 03:10:00 PM,45,CLEAR,DARKNESS,TURNING,NOT DIVIDED,TRAFFIC SIGNAL,DISTRACTION - FROM INSIDE VEHICLE,FAILING TO YIELD RIGHT-OF-WAY,0,0,2,2,15,3,2,1898,79TH ST,41.822661,-87.758778,02/22/2022 04:55:00 PM,2022
CR00002975,08/15/2020 08:48:00 AM,30,CLEAR,DARKNESS - LIGHTED ROAD,TURNING,FOUR WAY,NO CONTROLS,FOLLOWING TOO CLOSELY,FOLLOWING TOO CLOSELY,0,0,0,0,8,7,8,1338,PULASKI RD,41.757417,-87.711109,08/15/2020 10:44:00 AM,2020
CR00002976,04/29/2017 04:43:00 PM,20,CLEAR,DAYLIGHT,REAR END,DIVIDED - W/MEDIAN (NOT RAISED),TRAFFIC SIGNAL,FOLLOWING TOO CLOSELY,DRIVING SKILLS/KNOWLEDGE/EXPERIENCE,0,0,0,0,16,7,4,146,STONY ISLAND AVE,41.756823,-87.814367,04/29/2017 05:24:00 PM,2017
CR00002977,10/19/2017 01:08:00 PM,40,CLEAR,DARKNESS,REAR TO FRONT,FOUR WAY,STOP SIGN/FLASHER,FAILING TO YIELD RIGHT-OF-WAY,UNABLE TO DETERMINE,0,0,0,0,13,5,10,394,ASHLAND AVE,41.960615,-87.545044,10/19/2017 01:37:00 PM,2017
CR00002978,12/19/2018 10:49:00 AM,30,CLEAR,DAYLIGHT,PARKED MOTOR VEHICLE,NOT DIVIDED,NO CONTROLS,FAILING TO REDUCE SPEED,FAILING TO YIELD RIGHT-OF-WAY,0,0,3,3,10,4,12,1846,WESTERN AVE,41.972727,-87.724182,12/19/2018 11:21:00 AM,2018
CR00002979,08/10/2020 01:54:00 PM,35,CLEAR,DAYLIGHT,TURNING,FOUR WAY,NO CONTROLS,UNABLE TO DETERMINE,FOLLOWING TOO CLOSELY,0,0,0,0,13,2,8,2125,ELSTON AVE,41.914717,-87.726374,08/10/2020 02:32:00 PM,2020
CR00002980,03/02/2022 05:08:00 PM,40,CLOUDY/OVERCAST,DAYLIGHT,TURNING,FOUR WAY,NO CONTROLS,WEATHER,FOLLOWING TOO CLOSELY,0,0,0,0,17,4,3,1481,PULASKI RD,41.977089,-87.732088,03/02/2022 06:30:00 PM,2022
CR00002981,08/31/2019 07:04:00 AM,35,RAIN,DARKNESS - LIGHTED ROAD,ANGLE,FOUR WAY,NO CONTROLS,FAILING TO YIELD RIGHT-OF-WAY,UNABLE TO DETERMINE,0,0,0,0,7,7,8,2244,CICERO AVE,41.786727,-87.822915,08/31/2019 08:55:00 AM,2019
CR00002982,06/02/2015 04:39:00 PM,40,CLEAR,DAYLIGHT,TURNING,NOT DIVIDED,TRAFFIC SIGNAL,UNABLE TO DETERMINE,FAILING TO YIELD RIGHT-OF-WAY,0,0,0,0,16,3,6,2362,CICERO AVE,41.806145,-87.546459,06/02/2015 05:34:00 PM,2015
CR00002983,07/22/2023 01:35:00 PM,15,CLEAR,DARKNESS,TURNING,NOT DIVIDED,NO CONTROLS,DISREGARDING TRAFFIC SIGNALS,UNABLE TO DETERMINE,0,1,0,1,13,7,7,2469,WESTERN AVE,41.832757,-87.770888,07/22/2023 02:01:00 PM,2023
CR00002984,03/09/2017 05:00:00 PM,30,CLOUDY/OVERCAST,DARKNESS,TURNING,NOT DIVIDED,TRAFFIC SIGNAL,UNABLE TO DETERMINE,IMPROPER OVERTAKING/PASSING,0,0,0,0,17,5,3,129,79TH ST,41.986215,-87.840842,03/09/2017 05:07:00 PM,2017
CR00002985,12/27/2016 05:59:00 PM,35,RAIN,DARKNESS - LIGHTED ROAD,PEDESTRIAN,ONE-WAY,TRAFFIC SIGNAL,IMPROPER LANE USAGE,UNABLE TO DETERMINE,0,0,0,0,17,3,12,358,MICHIGAN AVE,41.785625,-87.561136,12/27/2016 07:54:00 PM,2016
CR00002986,11/20/2016 02:14:00 PM,45,CLEAR,DAYLIGHT,REAR END,ONE-WAY,TRAFFIC SIGNAL,DISTRACTION - FROM INSIDE VEHICLE,FAILING TO REDUCE SPEED,0,0,0,0,14,1,11,815,IRVING PARK RD,41.966927,-87.52125,11/20/2016 02:34:00 PM,2016
CR00002987,09/05/2018 09:02:00 AM,40,SNOW,DAYLIGHT,ANGLE,T-INTERSECTION,TRAFFIC SIGNAL,FOLLOWING TOO CLOSELY,FOLLOWING TOO CLOSELY,0,0,0,0,9,4,9,449,OGDEN AVE,41.877798,-87.551278,09/05/2018 09:34:00 AM,2018
CR00002988,01/08/2021 01:50:00 PM,15,CLEAR,DARKNESS - LIGHTED ROAD,ANGLE,NOT DIVIDED,UNKNOWN,FOLLOWING TOO CLOSELY,DISREGARDING TRAFFIC SIGNALS,0,0,0,0,13,6,1,1855,KEDZIE AVE,41.880046,-87.690917,01/08/2021 01:57:00 PM,2021
CR00002989,06/26/2019 01:38:00 PM,15,CLEAR,DAYLIGHT,ANGLE,NOT DIVIDED,TRAFFIC SIGNAL,IMPROPER OVERTAKING/PASSING,FAILING TO YIELD RIGHT-OF-WAY,0,0,1,1,13,4,6,258,WESTERN AVE,41.993421,-87.622651,06/26/2019 03:01:00 PM,2019
CR00002990,10/21/2024 07:31:00 PM,30,CLEAR,DAYLIGHT,REAR END,NOT DIVIDED,STOP SIGN/FLASHER,UNABLE TO DETERMINE,NOT APPLICABLE,0,0,0,0,19,2,10,1029,IRVING PARK RD,41.990792,-87.634025,10/21/2024 07:38:00 PM,2024
CR00002991,01/25/2019 04:45:00 PM,30,SNOW,DAYLIGHT,PARKED MOTOR VEHICLE,DIVIDED - W/MEDIAN (NOT RAISED),NO CONTROLS,UNABLE TO DETERMINE,UNABLE TO DETERMINE,0,0,0,0,16,6,1,299,CICERO AVE,41.784826,-87.776683,01/25/2019 05:00:00 PM,2019
CR00002992,07/03/2018 01:01:00 PM,30,CLEAR,DAYLIGHT,REAR END,DIVIDED - W/MEDIAN (NOT RAISED),NO CONTROLS,UNABLE TO DETERMINE,NOT APPLICABLE,0,0,0,0,13,3,7,1669,PULASKI RD,41.885426,-87.780036,07/03/2018 02:59:00 PM,2018
CR00002993,09/13/2022 04:13:00 PM,35,CLEAR,DAYLIGHT,SIDESWIPE SAME DIRECTION,NOT DIVIDED,TRAFFIC SIGNAL,UNABLE TO DETERMINE,FOLLOWING TOO CLOSELY,0,0,0,0,16,3,9,314,ELSTON AVE,41.816321,-87.753285,09/13/2022 05:51:00 PM,2022
CR00002994,10/01/2016 08:06:00 AM,45,RAIN,DAYLIGHT,SIDESWIPE SAME DIRECTION,DIVIDED - W/MEDIAN (NOT RAISED),UNKNOWN,FOLLOWING TOO CLOSELY,UNABLE TO DETERMINE,0,0,0,0,8,7,10,1469,IRVING PARK RD,41.842608,-87.608116,10/01/2016 08:22:00 AM,2016
CR00002995,03/27/2016 05:42:00 PM,15,CLEAR,DUSK,TURNING,DIVIDED - W/MEDIAN (NOT RAISED),PEDESTRIAN CROSSING SIGN,IMPROPER OVERTAKING/PASSING,NOT APPLICABLE,0,0,0,0,17,1,3,1053,79TH ST,41.808594,-87.656072,03/27/2016 06:59:00 PM,2016
CR00002996,01/06/2019 07:51:00 AM,35,CLEAR,DAYLIGHT,TURNING,NOT DIVIDED,NO CONTROLS,UNABLE TO DETERMINE,FOLLOWING TOO CLOSELY,0,0,0,0,7,1,1,215,HALSTED ST,41.767749,-87.640665,01/06/2019 08:03:00 AM,2019
CR00002997,11/25/2022 08:51:00 AM,30,CLOUDY/OVERCAST,DAYLIGHT,REAR END,NOT DIVIDED,NO CONTROLS,IMPROPER LANE USAGE,UNABLE TO DETERMINE,0,0,2,2,8,6,11,891,ARCHER AVE,41.998274,-87.830987,11/25/2022 09:45:00 AM,2022
CR00002998,11/28/2024 02:28:00 PM,30,CLEAR,DAYLIGHT,ANGLE,DIVIDED - W/MEDIAN (NOT RAISED),NO CONTROLS,UNABLE TO DETERMINE,UNABLE TO DETERMINE,0,0,0,0,14,5,11,2131,63RD ST,41.724346,-87.744645,11/28/2024 02:34:00 PM,2024
CR00002999,12/31/2021 05:54:00 PM,40,CLEAR,DARKNESS - LIGHTED ROAD,PARKED MOTOR VEHICLE,DIVIDED - W/MEDIAN BARRIER,TRAFFIC SIGNAL,IMPROPER LANE USAGE,NOT APPLICABLE,0,0,1,1,17,6,12,572,BROADWAY,41.748964,-87.50524,12/31/2021 06:35:00 PM,2021
CR00003000,02/23/2024 07:35:00 PM,30,CLEAR,DUSK,SIDESWIPE SAME DIRECTION,NOT DIVIDED,NO CONTROLS,FOLLOWING TOO CLOSELY,FAILING TO REDUCE SPEED,0,0,1,1,19,6,2,2151,CLARK ST,41.959731,-87.810336,02/23/2024 07:44:00 PM,2024
CR00003001,02/01/2019 10:26:00 AM,35,CLEAR,DUSK,ANGLE,DIVIDED - W/MEDIAN BARRIER,NO CONTROLS,UNABLE TO DETERMINE,IMPROPER LANE USAGE,0,0,0,0,10,6,2,102,63RD ST,41.722309,-87.614522,02/01/2019 10:53:00 AM,2019
CR00003002,08/06/2019 01:38:00 PM,40,CLEAR,DARKNESS - LIGHTED ROAD,REAR TO FRONT,NOT DIVIDED,NO CONTROLS,FOLLOWING TOO CLOSELY,UNABLE TO DETERMINE,0,0,0,0,13,3,8,600,79TH ST,41.971409,-87.738882,08/06/2019 01:45:00 PM,2019
CR00003003,12/01/2023 05:59:00 AM,35,CLEAR,DAYLIGHT,PARKED MOTOR VEHICLE,NOT DIVIDED,NO CONTROLS,UNABLE TO DETERMINE,FAILING TO REDUCE SPEED,0,0,0,0,5,6,12,614,CALIFORNIA AVE,41.96488,-87.818733,12/01/2023 06:03:00 AM,2023
CR00003004,05/23/2017 04:14:00 PM,30,CLEAR,DARKNESS - LIGHTED ROAD,TURNING,DIVIDED - W/MEDIAN (NOT RAISED),TRAFFIC SIGNAL,FOLLOWING TOO CLOSELY,UNABLE TO DETERMINE,0,0,1,1,16,3,5,225,CICERO AVE,41.836523,-87.839635,05/23/2017 04:46:00 PM,2017
CR00003005,05/22/2021 04:42:00 AM,30,CLEAR,DAWN,TURNING,DIVIDED - W/MEDIAN BARRIER,NO CONTROLS,FAILING TO REDUCE SPEED,NOT APPLICABLE,0,0,0,0,4,7,5,1892,ELSTON AVE,41.894988,-87.592459,05/22/2021 05:23:00 AM,2021
CR00003006,03/12/2024 07:54:00 AM,30,FOG/SMOKE/HAZE,DARKNESS,REAR END,NOT DIVIDED,STOP SIGN/FLASHER,FAILING TO REDUCE SPEED,NOT APPLICABLE,0,0,0,0,7,3,3,385,ASHLAND AVE,41.736892,-87.545476,03/12/2024 08:21:00 AM,2024
CR00003007,11/04/2017 03:20:00 PM,25,CLEAR,DAYLIGHT,PARKED MOTOR VEHICLE,DIVIDED - W/MEDIAN (NOT RAISED),NO CONTROLS,UNABLE TO DETERMINE,DISREGARDING TRAFFIC SIGNALS,0,0,1,1,15,7,11,400,CICERO AVE,41.782425,-87.586487,11/04/2017 03:39:00 PM,2017
CR00003008,09/28/2019 03:16:00 PM,30,CLEAR,DARKNESS - LIGHTED ROAD,FIXED OBJECT,DIVIDED - W/MEDIAN (NOT RAISED),STOP SIGN/FLASHER,UNABLE TO DETERMINE,FOLLOWING TOO CLOSELY,0,0,0,0,15,7,9,1243,47TH ST,41.767295,-87.567657,09/28/2019 04:33:00 PM,2019
CR00003009,09/27/2019 01:20:00 PM,30,CLEAR,DAYLIGHT,REAR TO FRONT,NOT DIVIDED,NO CONTROLS,FAILING TO YIELD RIGHT-OF-WAY,DISREGARDING TRAFFIC SIGNALS,0,0,0,0,13,6,9,1207,FULLERTON AVE,41.95365,-87.676664,09/27/2019 02:15:00 PM,2019
CR00003010,11/21/2023 11:00:00 AM,20,CLEAR,DARKNESS,REAR END,ONE-WAY,STOP SIGN/FLASHER,UNABLE TO DETERMINE,NOT APPLICABLE,0,0,0,0,11,3,11,1016,79TH ST,41.933738,-87.624049,11/21/2023 11:37:00 AM,2023
CR00003011,07/24/2022 10:41:00 AM,15,CLEAR,DARKNESS - LIGHTED ROAD,PARKED MOTOR VEHICLE,DIVIDED - W/MEDIAN BARRIER,NO CONTROLS,DISTRACTION - FROM INSIDE VEHICLE,IMPROPER OVERTAKING/PASSING,0,0,0,0,10,1,7,2293,DAMEN AVE,41.965439,-87.765265,07/24/2022 10:55:00 AM,2022
CR00003012,06/19/2021 11:43:00 PM,40,FREEZING RAIN/DRIZZLE,DARKNESS - LIGHTED ROAD,SIDESWIPE SAME DIRECTION,NOT DIVIDED,NO CONTROLS,UNABLE TO DETERMINE,FAILING TO REDUCE SPEED,0,0,0,0,23,7,6,1421,79TH ST,41.835861,-87.718491,06/19/2021 11:58:00 PM,2021
CR00003013,08/18/2024 10:40:00 AM,30,CLOUDY/OVERCAST,DAYLIGHT,TURNING,FOUR WAY,STOP SIGN/FLASHER,IMPROPER LANE USAGE,IMPROPER OVERTAKING/PASSING,0,0,0,0,10,1,8,1118,DAMEN AVE,41.791933,-87.675592,08/18/2024 11:11:00 AM,2024
CR00003014,07/07/2023 05:30:00 PM,25,CLEAR,DAYLIGHT,REAR END,DIVIDED - W/MEDIAN BARRIER,UNKNOWN,IMPROPER OVERTAKING/PASSING,NOT APPLICABLE,0,0,0,0,17,6,7,1409,PULASKI RD,41.899456,-87.674313,07/07/2023 06:17:00 PM,2023
CR00003015,11/06/2017 12:50:00 AM,20,CLEAR,DAYLIGHT,PARKED MOTOR VEHICLE,DIVIDED - W/MEDIAN (NOT RAISED),STOP SIGN/FLASHER,IMPROPER LANE USAGE,FAILING TO REDUCE SPEED,0,0,0,0,0,2,11,1933,STATE ST,41.84213,-87.821088,11/06/2017 02:26:00 AM,2017
CR00003016,03/23/2022 01:47:00 AM,30,CLEAR,DARKNESS - LIGHTED ROAD,TURNING,ONE-WAY,STOP SIGN/FLASHER,UNABLE TO DETERMINE,DRIVING SKILLS/KNOWLEDGE/EXPERIENCE,0,0,0,0,1,4,3,376,OGDEN AVE,41.750746,-87.842564,03/23/2022 03:20:00 AM,2022
CR00003017,12/29/2017 02:46:00 PM,45,RAIN,DARKNESS - LIGHTED ROAD,REAR END,NOT DIVIDED,NO CONTROLS,FAILING TO YIELD RIGHT-OF-WAY,DISTRACTION - FROM INSIDE VEHICLE,0,0,0,0,14,6,12,488,CICERO AVE,41.819466,-87.83263,12/29/2017 03:13:00 PM,2017
CR00003018,09/10/2021 11:55:00 AM,35,CLEAR,DUSK,ANGLE,ONE-WAY,STOP SIGN/FLASHER,IMPROPER LANE USAGE,UNABLE TO DETERMINE,0,0,0,0,11,6,9,2191,ELSTON AVE,41.943749,-87.597629,09/10/2021 01:54:00 PM,2021
CR00003019,04/02/2023 07:41:00 PM,20,CLEAR,DARKNESS,REAR END,DIVIDED - W/MEDIAN (NOT RAISED),STOP SIGN/FLASHER,FOLLOWING TOO CLOSELY,IMPROPER LANE USAGE,0,0,0,0,19,1,4,671,ELSTON AVE,41.850691,-87.779516,04/02/2023 09:19:00 PM,2023
CR00003020,08/31/2016 08:52:00 PM,30,CLEAR,DARKNESS,PEDESTRIAN,NOT DIVIDED,TRAFFIC SIGNAL,FAILING TO YIELD RIGHT-OF-WAY,DISREGARDING TRAFFIC SIGNALS,0,0,1,1,20,4,8,1856,ASHLAND AVE,41.798797,-87.679884,08/31/2016 09:10:00 PM,2016
CR00003021,10/06/2019 08:44:00 AM,30,CLEAR,DAYLIGHT,ANGLE,FOUR WAY,UNKNOWN,IMPROPER OVERTAKING/PASSING,UNABLE TO DETERMINE,0,0,0,0,8,1,10,689,KEDZIE AVE,41.734838,-87.512276,10/06/2019 08:56:00 AM,2019
CR00003022,07/16/2018 05:31:00 PM,20,SNOW,DAYLIGHT,PEDESTRIAN,NOT DIVIDED,NO CONTROLS,IMPROPER LANE USAGE,FOLLOWING TOO CLOSELY,0,0,0,0,17,2,7,858,PULASKI RD,41.847022,-87.760967,07/16/2018 07:28:00 PM,2018
CR00003023,12/05/2019 05:15:00 PM,25,CLEAR,DAYLIGHT,FIXED OBJECT,DIVIDED - W/MEDIAN (NOT RAISED),STOP SIGN/FLASHER,UNABLE TO DETERMINE,DISTRACTION - FROM INSIDE VEHICLE,0,2,2,4,17,5,12,1451,MICHIGAN AVE,41.719652,-87.601882,12/05/2019 05:52:00 PM,2019
CR00003024,10/03/2024 05:51:00 PM,35,CLEAR,DARKNESS - LIGHTED ROAD,PEDESTRIAN,FOUR WAY,NO CONTROLS,FAILING TO YIELD RIGHT-OF-WAY,FOLLOWING TOO CLOSELY,0,0,1,1,17,5,10,846,LAKE SHORE DR,41.906726,-87.591283,10/03/2024 07:02:00 PM,2024
CR00003025,05/13/2017 02:37:00 PM,20,CLEAR,DARKNESS,REAR END,NOT DIVIDED,STOP SIGN/FLASHER,UNABLE TO DETERMINE,UNABLE TO DETERMINE,0,0,0,0,14,7,5,1080,MILWAUKEE AVE,41.744689,-87.6678,05/13/2017 03:58:00 PM,2017
CR00003026,02/29/2016 06:42:00 AM,30,FOG/SMOKE/HAZE,DARKNESS,REAR END,NOT DIVIDED,NO CONTROLS,FAILING TO YIELD RIGHT-OF-WAY,IMPROPER LANE USAGE,0,0,1,1,6,2,2,1242,OGDEN AVE,41.732071,-87.683602,02/29/2016 07:07:00 AM,2016
CR00003027,05/02/2024 08:52:00 PM,25,CLOUDY/OVERCAST,DAYLIGHT,REAR END,NOT DIVIDED,NO CONTROLS,UNABLE TO DETERMINE,DRIVING SKILLS/KNOWLEDGE/EXPERIENCE,0,0,0,0,20,5,5,2082,MICHIGAN AVE,41.91951,-87.813744,05/02/2024 09:20:00 PM,2024
CR00003028,11/15/2020 07:20:00 PM,20,CLEAR,DARKNESS - LIGHTED ROAD,REAR END,ONE-WAY,TRAFFIC SIGNAL,DRIVING SKILLS/KNOWLEDGE/EXPERIENCE,NOT APPLICABLE,0,0,3,3,19,1,11,1900,OGDEN AVE,41.791322,-87.645332,11/15/2020 09:07:00 PM,2020
CR00003029,04/20/2017 03:39:00 PM,40,CLEAR,DAYLIGHT,TURNING,FOUR WAY,NO CONTROLS,DRIVING SKILLS/KNOWLEDGE/EXPERIENCE,UNABLE TO DETERMINE,0,0,0,0,15,5,4,956,CALIFORNIA AVE,41.767557,-87.504397,04/20/2017 04:34:00 PM,2017
CR00003030,10/04/2015 12:06:00 PM,30,CLEAR,DARKNESS,PARKED MOTOR VEHICLE,ONE-WAY,STOP SIGN/FLASHER,WEATHER,NOT APPLICABLE,0,0,0,0,12,1,10,1109,ELSTON AVE,41.722354,-87.692801,10/04/2015 01:16:00 PM,2015
CR00003031,01/13/2015 08:28:00 AM,30,CLEAR,DAYLIGHT,REAR END,NOT DIVIDED,NO CONTROLS,IMPROPER OVERTAKING/PASSING,UNABLE TO DETERMINE,0,0,0,0,8,3,1,1124,FULLERTON AVE,41.995382,-87.696815,01/13/2015 10:03:00 AM,2015
CR00003032,12/27/2017 01:10:00 PM,35,CLEAR,DAYLIGHT,SIDESWIPE SAME DIRECTION,NOT DIVIDED,TRAFFIC SIGNAL,FOLLOWING TOO CLOSELY,DISTRACTION - FROM INSIDE VEHICLE,0,0,0,0,13,4,12,2179,OGDEN AVE,41.809874,-87.741995,12/27/2017 02:07:00 PM,2017
CR00003033,06/17/2016 08:58:00 AM,40,CLEAR,DARKNESS,ANGLE,NOT DIVIDED,STOP SIGN/FLASHER,DISTRACTION - FROM INSIDE VEHICLE,DISREGARDING TRAFFIC SIGNALS,0,0,0,0,8,6,6,1051,OGDEN AVE,41.917063,-87.616502,06/17/2016 10:38:00 AM,2016
CR00003034,08/11/2018 03:51:00 AM,25,CLEAR,DARKNESS - LIGHTED ROAD,ANGLE,DIVIDED - W/MEDIAN BARRIER,TRAFFIC SIGNAL,UNABLE TO DETERMINE,IMPROPER OVERTAKING/PASSING,0,0,2,2,3,7,8,387,ARCHER AVE,41.844373,-87.50865,08/11/2018 05:29:00 AM,2018
CR00003035,10/12/2019 08:18:00 PM,30,CLOUDY/OVERCAST,DAYLIGHT,TURNING,T-INTERSECTION,NO CONTROLS,FAILING TO YIELD RIGHT-OF-WAY,FAILING TO YIELD RIGHT-OF-WAY,0,0,0,0,20,7,10,1804,63RD ST,41.965276,-87.567599,10/12/2019 08:49:00 PM,2019
CR00003036,12/31/2024 03:03:00 PM,30,CLEAR,DAYLIGHT,ANGLE,NOT DIVIDED,UNKNOWN,FAILING TO YIELD RIGHT-OF-WAY,FAILING TO REDUCE SPEED,0,0,0,0,15,3,12,482,ASHLAND AVE,41.89875,-87.709444,12/31/2024 04:41:00 PM,2024
CR00003037,08/14/2021 11:21:00 AM,20,CLEAR,DAYLIGHT,FIXED OBJECT,NOT DIVIDED,NO CONTROLS,IMPROPER OVERTAKING/PASSING,IMPROPER OVERTAKING/PASSING,0,0,0,0,11,7,8,416,CALIFORNIA AVE,41.707669,-87.764284,08/14/2021 11:48:00 AM,2021
CR00003038,02/04/2015 08:13:00 PM,20,CLEAR,DARKNESS - LIGHTED ROAD,REAR END,NOT DIVIDED,NO CONTROLS,FOLLOWING TOO CLOSELY,NOT APPLICABLE,0,0,0,0,20,4,2,1619,OGDEN AVE,41.889307,-87.776077,02/04/2015 09:07:00 PM,2015
CR00003039,06/14/2016 02:30:00 AM,35,CLOUDY/OVERCAST,DAYLIGHT,REAR END,NOT DIVIDED,TRAFFIC SIGNAL,DRIVING SKILLS/KNOWLEDGE/EXPERIENCE,FOLLOWING TOO CLOSELY,0,0,0,0,2,3,6,2058,MICHIGAN AVE,41.72895,-87.786121,06/14/2016 03:05:00 AM,2016
CR00003040,08/26/2016 12:56:00 PM,15,CLEAR,DARKNESS,SIDESWIPE SAME DIRECTION,DIVIDED - W/MEDIAN (NOT RAISED),TRAFFIC SIGNAL,DISTRACTION - FROM INSIDE VEHICLE,DISTRACTION - FROM INSIDE VEHICLE,0,0,1,1,12,6,8,590,HALSTED ST,41.950343,-87.648563,08/26/2016 02:14:00 PM,2016
CR00003041,04/10/2015 10:28:00 PM,45,CLEAR,DAYLIGHT,SIDESWIPE SAME DIRECTION,DIVIDED - W/MEDIAN BARRIER,UNKNOWN,FOLLOWING TOO CLOSELY,UNABLE TO DETERMINE,0,0,1,1,22,6,4,2300,ASHLAND AVE,41.886419,-87.68316,04/11/2015 12:13:00 AM,2015
CR00003042,05/17/2021 05:48:00 PM,35,CLOUDY/OVERCAST,DARKNESS,PEDESTRIAN,ONE-WAY,PEDESTRIAN CROSSING SIGN,UNABLE TO DETERMINE,NOT APPLICABLE,0,0,1,1,17,2,5,1931,STATE ST,41.783304,-87.697598,05/17/2021 07:19:00 PM,2021
CR00003043,04/20/2018 08:02:00 AM,30,CLOUDY/OVERCAST,DARKNESS,SIDESWIPE SAME DIRECTION,DIVIDED - W/MEDIAN (NOT RAISED),TRAFFIC SIGNAL,FOLLOWING TOO CLOSELY,UNABLE TO DETERMINE,0,0,1,1,8,6,4,2410,STONY ISLAND AVE,41.971255,-87.509189,04/20/2018 10:00:00 AM,2018
CR00003044,07/18/2015 07:46:00 AM,45,SNOW,DAYLIGHT,REAR END,NOT DIVIDED,NO CONTROLS,UNABLE TO DETERMINE,NOT APPLICABLE,0,0,0,0,7,7,7,1154,79TH ST,41.849524,-87.739414,07/18/2015 09:21:00 AM,2015
CR00003045,11/18/2015 10:55:00 AM,35,CLEAR,DARKNESS - LIGHTED ROAD,REAR END,NOT DIVIDED,NO CONTROLS,FAILING TO YIELD RIGHT-OF-WAY,FAILING TO YIELD RIGHT-OF-WAY,0,0,0,0,10,4,11,1367,OGDEN AVE,41.921318,-87.661405,11/18/2015 11:45:00 AM,2015
CR00003046,11/20/2017 12:03:00 AM,35,CLEAR,DAYLIGHT,SIDESWIPE SAME DIRECTION,FOUR WAY,TRAFFIC SIGNAL,FAILING TO YIELD RIGHT-OF-WAY,DRIVING SKILLS/KNOWLEDGE/EXPERIENCE,0,0,0,0,0,2,11,964,CLARK ST,41.966838,-87.836906,11/20/2017 12:41:00 AM,2017
CR00003047,03/17/2023 04:51:00 PM,40,RAIN,DARKNESS - LIGHTED ROAD,REAR END,NOT DIVIDED,TRAFFIC SIGNAL,FAILING TO YIELD RIGHT-OF-WAY,UNABLE TO DETERMINE,0,0,0,0,16,6,3,1395,CALIFORNIA AVE,41.751119,-87.707799,03/17/2023 05:28:00 PM,2023
CR00003048,09/25/2019 03:05:00 AM,20,CLEAR,DARKNESS,REAR END,DIVIDED - W/MEDIAN (NOT RAISED),TRAFFIC SIGNAL,UNABLE TO DETERMINE,FAILING TO REDUCE SPEED,0,0,3,3,3,4,9,1627,PULASKI RD,41.79942,-87.822308,09/25/2019 04:10:00 AM,2019
CR00003049,03/30/2021 06:07:00 PM,20,CLEAR,DAYLIGHT,TURNING,NOT DIVIDED,PEDESTRIAN CROSSING SIGN,IMPROPER OVERTAKING/PASSING,FOLLOWING TOO CLOSELY,0,0,0,0,18,3,3,391,79TH ST,41.79897,-87.842127,03/30/2021 06:38:00 PM,2021