CRASH_RECORD_ID,CRASH_DATE,POSTED_SPEED_LIMIT,WEATHER_CONDITION,LIGHTING_CONDITION,FIRST_CRASH_TYPE,TRAFFICWAY_TYPE,TRAFFIC_CONTROL_DEVICE,PRIM_CONTRIBUTORY_CAUSE,SEC_CONTRIBUTORY_CAUSE,INJURIES_FATAL,INJURIES_INCAPACITATING,INJURIES_NON_INCAPACITATING,INJURIES_TOTAL,CRASH_HOUR,CRASH_DAY_OF_WEEK,CRASH_MONTH,BEAT_OF_OCCURRENCE,STREET_NAME,LATITUDE,LONGITUDE,DATE_POLICE_NOTIFIED,year
CR00003050,11/08/2019 06:17:00 PM,35,CLEAR,DAWN,REAR END,FOUR WAY,NO CONTROLS,FAILING TO REDUCE SPEED,NOT APPLICABLE,0,0,0,0,18,6,11,1036,IRVING PARK RD,41.941186,-87.550135,11/08/2019 07:50:00 PM,2019
CR00003051,03/24/2024 07:44:00 AM,25,CLEAR,DAYLIGHT,TURNING,NOT DIVIDED,TRAFFIC SIGNAL,DRIVING SKILLS/KNOWLEDGE/EXPERIENCE,FOLLOWING TOO CLOSELY,0,0,0,0,7,1,3,1298,STATE ST,41.875182,-87.7093,03/24/2024 07:52:00 AM,2024
CR00003052,04/05/2019 04:26:00 PM,25,CLEAR,DARKNESS,SIDESWIPE SAME DIRECTION,NOT DIVIDED,STOP SIGN/FLASHER,DRIVING SKILLS/KNOWLEDGE/EXPERIENCE,UNABLE TO DETERMINE,0,0,0,0,16,6,4,858,OGDEN AVE,41.928324,-87.624729,04/05/2019 05:44:00 PM,2019
CR00003053,08/31/2023 04:55:00 AM,25,CLEAR,DUSK,FIXED OBJECT,DIVIDED - W/MEDIAN BARRIER,NO CONTROLS,WEATHER,IMPROPER OVERTAKING/PASSING,0,0,0,0,4,5,8,743,IRVING PARK RD,41.939709,-87.765272,08/31/2023 05:52:00 AM,2023
CR00003054,06/26/2021 02:47:00 PM,30,CLEAR,DARKNESS - LIGHTED ROAD,ANGLE,NOT DIVIDED,NO CONTROLS,UNABLE TO DETERMINE,IMPROPER LANE USAGE,0,0,0,0,14,7,6,1367,BROADWAY,41.99374,-87.817689,06/26/2021 04:37:00 PM,2021
CR00003055,10/23/2018 08:55:00 PM,45,CLEAR,DARKNESS - LIGHTED ROAD,REAR TO FRONT,NOT DIVIDED,STOP SIGN/FLASHER,DISREGARDING TRAFFIC SIGNALS,NOT APPLICABLE,0,0,0,0,20,3,10,2160,LAKE SHORE DR,41.969112,-87.76788,10/23/2018 10:37:00 PM,2018
CR00003056,04/13/2021 01:41:00 AM,35,CLEAR,DAYLIGHT,ANGLE,NOT DIVIDED,TRAFFIC SIGNAL,FOLLOWING TOO CLOSELY,FOLLOWING TOO CLOSELY,0,0,2,2,1,3,4,706,ARCHER AVE,41.825419,-87.760875,04/13/2021 02:55:00 AM,2021
CR00003057,04/01/2016 04:06:00 PM,35,CLEAR,DAYLIGHT,FIXED OBJECT,DIVIDED - W/MEDIAN (NOT RAISED),YIELD,UNABLE TO DETERMINE,FAILING TO REDUCE SPEED,0,0,3,3,16,6,4,434,FULLERTON AVE,41.871495,-87.742686,04/01/2016 05:02:00 PM,2016
CR00003058,05/08/2016 05:12:00 PM,30,CLEAR,DAYLIGHT,TURNING,ONE-WAY,TRAFFIC SIGNAL,UNABLE TO DETERMINE,DRIVING SKILLS/KNOWLEDGE/EXPERIENCE,0,0,1,1,17,1,5,1554,DAMEN AVE,41.802753,-87.619763,05/08/2016 06:31:00 PM,2016
CR00003059,06/08/2023 02:20:00 PM,35,CLOUDY/OVERCAST,DAYLIGHT,PEDESTRIAN,FOUR WAY,STOP SIGN/FLASHER,DISTRACTION - FROM INSIDE VEHICLE,NOT APPLICABLE,0,0,0,0,14,5,6,1802,LAKE SHORE DR,41.707847,-87.718831,06/08/2023 03:44:00 PM,2023
CR00003060,07/10/2015 06:19:00 PM,15,CLEAR,DAYLIGHT,TURNING,NOT DIVIDED,NO CONTROLS,FAILING TO YIELD RIGHT-OF-WAY,DISREGARDING TRAFFIC SIGNALS,0,0,2,2,18,6,7,174,47TH ST,41.975011,-87.501975,07/10/2015 06:54:00 PM,2015
CR00003061,12/17/2015 12:23:00 PM,30,CLEAR,DAYLIGHT,TURNING,FOUR WAY,NO CONTROLS,IMPROPER OVERTAKING/PASSING,FOLLOWING TOO CLOSELY,0,2,3,5,12,5,12,1194,ROOSEVELT RD,41.963417,-87.737752,12/17/2015 02:07:00 PM,2015
CR00003062,03/01/2021 09:22:00 AM,35,FOG/SMOKE/HAZE,DARKNESS,TURNING,NOT DIVIDED,NO CONTROLS,FOLLOWING TOO CLOSELY,FAILING TO REDUCE SPEED,0,0,0,0,9,2,3,1212,STONY ISLAND AVE,41.801049,-87.615814,03/01/2021 10:23:00 AM,2021
CR00003063,01/14/2015 06:57:00 PM,35,CLEAR,DARKNESS - LIGHTED ROAD,PEDESTRIAN,ONE-WAY,NO CONTROLS,DRIVING SKILLS/KNOWLEDGE/EXPERIENCE,DISTRACTION - FROM INSIDE VEHICLE,0,0,1,1,18,4,1,685,LAKE SHORE DR,41.985604,-87.576879,01/14/2015 08:25:00 PM,2015
CR00003064,05/13/2019 04:20:00 PM,40,RAIN,DAYLIGHT,REAR END,DIVIDED - W/MEDIAN BARRIER,STOP SIGN/FLASHER,FAILING TO YIELD RIGHT-OF-WAY,NOT APPLICABLE,0,0,0,0,16,2,5,1751,WESTERN AVE,41.96422,-87.675707,05/13/2019 05:52:00 PM,2019
CR00003065,08/19/2017 01:59:00 PM,25,FREEZING RAIN/DRIZZLE,DAYLIGHT,TURNING,DIVIDED - W/MEDIAN BARRIER,NO CONTROLS,FOLLOWING TOO CLOSELY,DRIVING SKILLS/KNOWLEDGE/EXPERIENCE,0,0,0,0,13,7,8,806,79TH ST,41.883038,-87.839111,08/19/2017 03:21:00 PM,2017
CR00003066,08/22/2023 05:52:00 PM,35,CLEAR,DAYLIGHT,TURNING,NOT DIVIDED,TRAFFIC SIGNAL,IMPROPER OVERTAKING/PASSING,NOT APPLICABLE,0,0,1,1,17,3,8,2012,63RD ST,41.71699,-87.681319,08/22/2023 07:39:00 PM,2023
CR00003067,11/22/2020 09:08:00 AM,20,RAIN,DAYLIGHT,TURNING,NOT DIVIDED,STOP SIGN/FLASHER,FAILING TO YIELD RIGHT-OF-WAY,IMPROPER LANE USAGE,0,0,0,0,9,1,11,1466,WESTERN AVE,41.731851,-87.502187,11/22/2020 10:21:00 AM,2020
CR00003068,08/01/2024 11:43:00 PM,15,CLEAR,DAYLIGHT,PARKED MOTOR VEHICLE,NOT DIVIDED,TRAFFIC SIGNAL,FAILING TO YIELD RIGHT-OF-WAY,IMPROPER LANE USAGE,0,0,0,0,23,5,8,2051,OGDEN AVE,41.75208,-87.637415,08/02/2024 12:28:00 AM,2024
CR00003069,09/11/2015 03:39:00 PM,15,CLEAR,DAYLIGHT,REAR END,NOT DIVIDED,YIELD,DISREGARDING TRAFFIC SIGNALS,FOLLOWING TOO CLOSELY,0,0,0,0,15,6,9,2473,WESTERN AVE,41.762448,-87.682613,09/11/2015 03:45:00 PM,2015
CR00003070,08/02/2016 08:49:00 AM,45,CLOUDY/OVERCAST,DAYLIGHT,REAR TO FRONT,T-INTERSECTION,NO CONTROLS,DISTRACTION - FROM INSIDE VEHICLE,FOLLOWING TOO CLOSELY,0,0,0,0,8,3,8,500,ELSTON AVE,41.76951,-87.559079,08/02/2016 09:45:00 AM,2016
CR00003071,01/16/2015 05:44:00 AM,45,CLEAR,DAYLIGHT,PARKED MOTOR VEHICLE,DIVIDED - W/MEDIAN BARRIER,NO CONTROLS,IMPROPER LANE USAGE,NOT APPLICABLE,0,0,0,0,5,6,1,1330,DAMEN AVE,41.873165,-87.72664,01/16/2015 07:03:00 AM,2015
CR00003072,12/12/2017 02:15:00 AM,45,CLEAR,DAYLIGHT,TURNING,DIVIDED - W/MEDIAN (NOT RAISED),STOP SIGN/FLASHER,FAILING TO YIELD RIGHT-OF-WAY,UNABLE TO DETERMINE,0,0,0,0,2,3,12,436,79TH ST,41.732094,-87.795509,12/12/2017 03:15:00 AM,2017
CR00003073,08/17/2016 01:51:00 AM,15,CLEAR,DARKNESS - LIGHTED ROAD,TURNING,DIVIDED - W/MEDIAN (NOT RAISED),STOP SIGN/FLASHER,FAILING TO YIELD RIGHT-OF-WAY,DISTRACTION - FROM INSIDE VEHICLE,0,0,0,0,1,4,8,2474,STATE ST,41.769146,-87.56524,08/17/2016 03:27:00 AM,2016
CR00003074,09/23/2016 08:36:00 AM,30,CLEAR,DARKNESS - LIGHTED ROAD,ANGLE,NOT DIVIDED,TRAFFIC SIGNAL,FOLLOWING TOO CLOSELY,IMPROPER OVERTAKING/PASSING,0,0,2,2,8,6,9,2063,MICHIGAN AVE,41.807174,-87.548378,09/23/2016 10:12:00 AM,2016
CR00003075,06/09/2018 05:35:00 PM,25,CLEAR,DARKNESS - LIGHTED ROAD,REAR END,DIVIDED - W/MEDIAN BARRIER,NO CONTROLS,IMPROPER OVERTAKING/PASSING,IMPROPER LANE USAGE,0,0,0,0,17,7,6,937,CICERO AVE,41.797351,-87.592711,06/09/2018 05:37:00 PM,2018
CR00003076,07/01/2019 07:22:00 AM,35,CLEAR,DARKNESS - LIGHTED ROAD,PARKED MOTOR VEHICLE,NOT DIVIDED,NO CONTROLS,DISTRACTION - FROM INSIDE VEHICLE,DISTRACTION - FROM INSIDE VEHICLE,0,0,0,0,7,2,7,1350,63RD ST,41.95243,-87.726625,07/01/2019 07:43:00 AM,2019
CR00003077,09/06/2023 06:32:00 PM,35,FOG/SMOKE/HAZE,DARKNESS,ANGLE,FOUR WAY,NO CONTROLS,DISREGARDING TRAFFIC SIGNALS,DRIVING SKILLS/KNOWLEDGE/EXPERIENCE,0,0,0,0,18,4,9,2256,FULLERTON AVE,41.839756,-87.711899,09/06/2023 07:44:00 PM,2023
CR00003078,05/01/2024 09:55:00 AM,35,CLEAR,DARKNESS - LIGHTED ROAD,ANGLE,ONE-WAY,NO CONTROLS,IMPROPER OVERTAKING/PASSING,NOT APPLICABLE,0,0,0,0,9,4,5,2305,BROADWAY,41.940401,-87.550739,05/01/2024 10:51:00 AM,2024
CR00003079,11/30/2021 05:03:00 AM,25,RAIN,DAYLIGHT,PARKED MOTOR VEHICLE,DIVIDED - W/MEDIAN (NOT RAISED),TRAFFIC SIGNAL,UNABLE TO DETERMINE,NOT APPLICABLE,0,0,0,0,5,3,11,1253,ASHLAND AVE,41.832934,-87.603264,11/30/2021 06:53:00 AM,2021
CR00003080,05/05/2023 11:31:00 AM,30,CLEAR,DAYLIGHT,REAR END,DIVIDED - W/MEDIAN BARRIER,NO CONTROLS,IMPROPER OVERTAKING/PASSING,NOT APPLICABLE,0,0,0,0,11,6,5,518,FULLERTON AVE,41.899716,-87.832432,05/05/2023 11:34:00 AM,2023
CR00003081,10/10/2015 07:38:00 AM,35,CLEAR,DAYLIGHT,TURNING,DIVIDED - W/MEDIAN (NOT RAISED),TRAFFIC SIGNAL,DRIVING SKILLS/KNOWLEDGE/EXPERIENCE,NOT APPLICABLE,0,0,0,0,7,7,10,508,CLARK ST,41.783949,-87.57465,10/10/2015 08:10:00 AM,2015
CR00003082,12/15/2021 01:14:00 PM,15,CLEAR,DUSK,SIDESWIPE SAME DIRECTION,ONE-WAY,NO CONTROLS,FAILING TO YIELD RIGHT-OF-WAY,FAILING TO YIELD RIGHT-OF-WAY,0,0,1,1,13,4,12,1914,MICHIGAN AVE,41.762708,-87.827915,12/15/2021 01:25:00 PM,2021
CR00003083,10/25/2024 05:52:00 AM,20,SNOW,DARKNESS,TURNING,NOT DIVIDED,STOP SIGN/FLASHER,UNABLE TO DETERMINE,UNABLE TO DETERMINE,0,0,0,0,5,6,10,1947,ARCHER AVE,41.717261,-87.833787,10/25/2024 07:22:00 AM,2024
CR00003084,08/27/2019 01:51:00 AM,35,CLEAR,DAYLIGHT,REAR END,NOT DIVIDED,STOP SIGN/FLASHER,IMPROPER OVERTAKING/PASSING,NOT APPLICABLE,0,0,0,0,1,3,8,281,CICERO AVE,41.769965,-87.78529,08/27/2019 02:05:00 AM,2019
CR00003085,06/08/2024 12:06:00 AM,25,CLEAR,DARKNESS - LIGHTED ROAD,PARKED MOTOR VEHICLE,NOT DIVIDED,NO CONTROLS,DISREGARDING TRAFFIC SIGNALS,FAILING TO REDUCE SPEED,0,0,0,0,0,7,6,1169,WESTERN AVE,41.983227,-87.652012,06/08/2024 12:59:00 AM,2024
CR00003086,01/01/2015 01:04:00 PM,45,CLEAR,DAYLIGHT,REAR END,NOT DIVIDED,STOP SIGN/FLASHER,FOLLOWING TOO CLOSELY,NOT APPLICABLE,0,0,0,0,13,5,1,448,STATE ST,41.81438,-87.755527,01/01/2015 02:33:00 PM,2015
CR00003087,10/19/2017 11:34:00 AM,20,RAIN,DARKNESS,REAR END,NOT DIVIDED,NO CONTROLS,FOLLOWING TOO CLOSELY,UNABLE TO DETERMINE,0,0,0,0,11,5,10,439,MILWAUKEE AVE,41.950362,-87.559965,10/19/2017 11:45:00 AM,2017
CR00003088,05/16/2023 09:59:00 AM,35,CLEAR,DAYLIGHT,ANGLE,DIVIDED - W/MEDIAN (NOT RAISED),STOP SIGN/FLASHER,WEATHER,UNABLE TO DETERMINE,0,0,0,0,9,3,5,1222,IRVING PARK RD,41.733752,-87.519695,05/16/2023 11:18:00 AM,2023
CR00003089,07/18/2020 03:38:00 PM,40,CLEAR,DAYLIGHT,REAR END,DIVIDED - W/MEDIAN (NOT RAISED),TRAFFIC SIGNAL,FAILING TO YIELD RIGHT-OF-WAY,UNABLE TO DETERMINE,0,0,0,0,15,7,7,1219,STONY ISLAND AVE,41.714906,-87.735433,07/18/2020 05:35:00 PM,2020
CR00003090,01/05/2017 10:25:00 AM,35,CLEAR,DAYLIGHT,REAR END,DIVIDED - W/MEDIAN BARRIER,TRAFFIC SIGNAL,UNABLE TO DETERMINE,IMPROPER OVERTAKING/PASSING,0,1,3,4,10,5,1,2143,ASHLAND AVE,41.824509,-87.81163,01/05/2017 11:59:00 AM,2017
CR00003091,11/24/2023 07:19:00 AM,30,RAIN,DAYLIGHT,REAR END,ONE-WAY,TRAFFIC SIGNAL,DISTRACTION - FROM INSIDE VEHICLE,NOT APPLICABLE,0,0,0,0,7,6,11,1452,ARCHER AVE,41.948201,-87.816002,11/24/2023 07:27:00 AM,2023
CR00003092,06/30/2020 02:35:00 AM,30,CLEAR,DAYLIGHT,SIDESWIPE SAME DIRECTION,DIVIDED - W/MEDIAN BARRIER,NO CONTROLS,UNABLE TO DETERMINE,NOT APPLICABLE,0,0,0,0,2,3,6,1324,STATE ST,41.847571,-87.658059,06/30/2020 04:24:00 AM,2020
CR00003093,05/17/2023 07:39:00 AM,15,CLOUDY/OVERCAST,DAYLIGHT,REAR END,NOT DIVIDED,TRAFFIC SIGNAL,UNABLE TO DETERMINE,UNABLE TO DETERMINE,0,1,2,3,7,4,5,1895,63RD ST,41.937292,-87.843426,05/17/2023 08:48:00 AM,2023
CR00003094,09/27/2020 06:26:00 PM,15,CLEAR,DAYLIGHT,SIDESWIPE SAME DIRECTION,NOT DIVIDED,TRAFFIC SIGNAL,DISREGARDING TRAFFIC SIGNALS,IMPROPER LANE USAGE,0,0,1,1,18,1,9,2168,ASHLAND AVE,41.96333,-87.518422,09/27/2020 07:23:00 PM,2020
CR00003095,04/22/2018 07:55:00 AM,35,CLEAR,DAYLIGHT,SIDESWIPE SAME DIRECTION,NOT DIVIDED,TRAFFIC SIGNAL,FAILING TO YIELD RIGHT-OF-WAY,IMPROPER LANE USAGE,0,0,3,3,7,1,4,2034,HALSTED ST,41.723579,-87.621317,04/22/2018 08:01:00 AM,2018
CR00003096,07/14/2022 08:38:00 AM,20,SNOW,DAYLIGHT,SIDESWIPE SAME DIRECTION,NOT DIVIDED,NO CONTROLS,IMPROPER OVERTAKING/PASSING,NOT APPLICABLE,0,0,0,0,8,5,7,442,MILWAUKEE AVE,41.936043,-87.712998,07/14/2022 10:13:00 AM,2022
CR00003097,06/04/2015 01:50:00 AM,35,CLEAR,DUSK,REAR END,DIVIDED - W/MEDIAN BARRIER,YIELD,DRIVING SKILLS/KNOWLEDGE/EXPERIENCE,NOT APPLICABLE,0,0,0,0,1,5,6,124,WESTERN AVE,41.704171,-87.609266,06/04/2015 03:42:00 AM,2015
CR00003098,01/13/2020 03:35:00 PM,35,CLEAR,DAYLIGHT,ANGLE,FOUR WAY,TRAFFIC SIGNAL,IMPROPER OVERTAKING/PASSING,IMPROPER OVERTAKING/PASSING,0,0,0,0,15,2,1,287,DAMEN AVE,41.852071,-87.509128,01/13/2020 04:22:00 PM,2020
CR00003099,10/19/2019 03:08:00 PM,25,RAIN,DAWN,SIDESWIPE SAME DIRECTION,NOT DIVIDED,STOP SIGN/FLASHER,UNABLE TO DETERMINE,FOLLOWING TOO CLOSELY,0,0,0,0,15,7,10,940,WESTERN AVE,41.881234,-87.794237,10/19/2019 04:54:00 PM,2019
CR00003100,02/14/2022 04:50:00 PM,30,RAIN,DARKNESS - LIGHTED ROAD,ANGLE,NOT DIVIDED,NO CONTROLS,FAILING TO YIELD RIGHT-OF-WAY,NOT APPLICABLE,0,0,0,0,16,2,2,1999,STATE ST,41.808714,-87.691634,02/14/2022 05:13:00 PM,2022
CR00003101,10/21/2023 06:03:00 PM,30,CLOUDY/OVERCAST,DAYLIGHT,PARKED MOTOR VEHICLE,T-INTERSECTION,TRAFFIC SIGNAL,IMPROPER LANE USAGE,DISREGARDING TRAFFIC SIGNALS,0,0,1,1,18,7,10,2284,ELSTON AVE,41.877903,-87.567057,10/21/2023 07:47:00 PM,2023
CR00003102,04/30/2015 05:11:00 AM,25,CLEAR,DARKNESS - LIGHTED ROAD,REAR END,DIVIDED - W/MEDIAN (NOT RAISED),NO CONTROLS,DISREGARDING TRAFFIC SIGNALS,UNABLE TO DETERMINE,0,0,0,0,5,5,4,2391,ELSTON AVE,41.749552,-87.58563,04/30/2015 06:54:00 AM,2015
CR00003103,06/06/2015 07:22:00 AM,35,SNOW,DAYLIGHT,PEDESTRIAN,NOT DIVIDED,UNKNOWN,DISTRACTION - FROM INSIDE VEHICLE,FAILING TO YIELD RIGHT-OF-WAY,0,0,0,0,7,7,6,1086,CALIFORNIA AVE,41.897454,-87.572756,06/06/2015 09:11:00 AM,2015
CR00003104,09/13/2015 08:57:00 AM,45,CLEAR,DAYLIGHT,REAR END,DIVIDED - W/MEDIAN (NOT RAISED),TRAFFIC SIGNAL,FAILING TO YIELD RIGHT-OF-WAY,DISREGARDING TRAFFIC SIGNALS,0,0,0,0,8,1,9,414,DAMEN AVE,41.801115,-87.72689,09/13/2015 10:51:00 AM,2015
CR00003105,11/28/2022 01:09:00 PM,30,CLEAR,DAYLIGHT,REAR END,T-INTERSECTION,TRAFFIC SIGNAL,FOLLOWING TOO CLOSELY,NOT APPLICABLE,0,0,1,1,13,2,11,1638,OGDEN AVE,41.862506,-87.711201,11/28/2022 03:01:00 PM,2022
CR00003106,06/22/2020 08:59:00 AM,30,CLEAR,DAYLIGHT,ANGLE,NOT DIVIDED,TRAFFIC SIGNAL,IMPROPER LANE USAGE,FOLLOWING TOO CLOSELY,0,0,0,0,8,2,6,175,DIVISION ST,41.718184,-87.79814,06/22/2020 09:41:00 AM,2020
CR00003107,12/04/2019 04:51:00 PM,40,CLEAR,DARKNESS - LIGHTED ROAD,SIDESWIPE SAME DIRECTION,NOT DIVIDED,YIELD,UNABLE TO DETERMINE,UNABLE TO DETERMINE,0,0,3,3,16,4,12,118,DAMEN AVE,41.849405,-87.816085,12/04/2019 06:39:00 PM,2019
CR00003108,05/15/2019 11:34:00 AM,45,CLEAR,DAYLIGHT,REAR TO FRONT,NOT DIVIDED,NO CONTROLS,FAILING TO YIELD RIGHT-OF-WAY,UNABLE TO DETERMINE,0,0,0,0,11,4,5,1022,47TH ST,41.786159,-87.513949,05/15/2019 12:05:00 PM,2019
CR00003109,02/08/2024 11:53:00 AM,35,CLEAR,DAYLIGHT,SIDESWIPE SAME DIRECTION,ONE-WAY,STOP SIGN/FLASHER,FOLLOWING TOO CLOSELY,IMPROPER OVERTAKING/PASSING,0,0,0,0,11,5,2,1627,DIVISION ST,41.824227,-87.601878,02/08/2024 01:11:00 PM,2024
CR00003110,12/08/2023 12:18:00 AM,30,CLOUDY/OVERCAST,DARKNESS - LIGHTED ROAD,SIDESWIPE SAME DIRECTION,NOT DIVIDED,NO CONTROLS,IMPROPER OVERTAKING/PASSING,UNABLE TO DETERMINE,0,0,0,0,0,6,12,618,LAKE SHORE DR,41.965073,-87.507865,12/08/2023 01:40:00 AM,2023
CR00003111,05/06/2022 03:36:00 PM,20,CLEAR,DAYLIGHT,FIXED OBJECT,T-INTERSECTION,NO CONTROLS,FOLLOWING TOO CLOSELY,NOT APPLICABLE,0,0,0,0,15,6,5,304,ASHLAND AVE,41.954629,-87.701092,05/06/2022 04:24:00 PM,2022
CR00003112,12/27/2021 04:59:00 PM,40,CLEAR,DAYLIGHT,ANGLE,NOT DIVIDED,NO CONTROLS,FAILING TO YIELD RIGHT-OF-WAY,UNABLE TO DETERMINE,0,1,1,2,16,2,12,2191,STONY ISLAND AVE,41.970871,-87.67222,12/27/2021 05:00:00 PM,2021
CR00003113,08/15/2020 11:50:00 AM,15,CLEAR,DARKNESS,REAR END,ONE-WAY,TRAFFIC SIGNAL,UNABLE TO DETERMINE,FOLLOWING TOO CLOSELY,0,0,0,0,11,7,8,1614,PULASKI RD,41.749139,-87.739843,08/15/2020 12:14:00 PM,2020
CR00003114,04/24/2016 08:21:00 AM,40,CLEAR,DARKNESS - LIGHTED ROAD,FIXED OBJECT,T-INTERSECTION,PEDESTRIAN CROSSING SIGN,FAILING TO YIELD RIGHT-OF-WAY,UNABLE TO DETERMINE,0,0,0,0,8,1,4,1580,ASHLAND AVE,41.840435,-87.817845,04/24/2016 09:18:00 AM,2016
CR00003115,05/03/2017 05:47:00 PM,40,CLEAR,DAYLIGHT,REAR TO FRONT,NOT DIVIDED,NO CONTROLS,UNABLE TO DETERMINE,UNABLE TO DETERMINE,0,0,0,0,17,4,5,190,47TH ST,41.963172,-87.627714,05/03/2017 05:59:00 PM,2017
CR00003116,04/01/2024 12:31:00 AM,30,CLEAR,DAYLIGHT,TURNING,ONE-WAY,STOP SIGN/FLASHER,UNABLE TO DETERMINE,UNABLE TO DETERMINE,0,0,0,0,0,2,4,730,LAKE SHORE DR,41.977508,-87.507863,04/01/2024 02:06:00 AM,2024
CR00003117,07/26/2019 06:39:00 PM,45,CLEAR,DAYLIGHT,SIDESWIPE SAME DIRECTION,ONE-WAY,TRAFFIC SIGNAL,IMPROPER LANE USAGE,UNABLE TO DETERMINE,0,0,0,0,18,6,7,272,FULLERTON AVE,41.932291,-87.653386,07/26/2019 08:34:00 PM,2019
CR00003118,09/09/2016 06:23:00 PM,30,CLEAR,DAYLIGHT,TURNING,NOT DIVIDED,TRAFFIC SIGNAL,UNABLE TO DETERMINE,UNABLE TO DETERMINE,0,0,0,0,18,6,9,1335,ASHLAND AVE,41.761096,-87.833047,09/09/2016 06:30:00 PM,2016
CR00003119,04/13/2017 03:13:00 PM,30,CLEAR,DAYLIGHT,ANGLE,NOT DIVIDED,TRAFFIC SIGNAL,FAILING TO YIELD RIGHT-OF-WAY,IMPROPER LANE USAGE,0,0,0,0,15,5,4,1276,KEDZIE AVE,41.789123,-87.819708,04/13/2017 04:36:00 PM,2017
CR00003120,10/31/2019 10:13:00 AM,45,CLEAR,DAYLIGHT,TURNING,ONE-WAY,YIELD,UNABLE TO DETERMINE,FAILING TO YIELD RIGHT-OF-WAY,0,0,1,1,10,5,10,229,IRVING PARK RD,41.897336,-87.534605,10/31/2019 10:54:00 AM,2019
CR00003121,02/02/2021 04:20:00 PM,35,CLEAR,DAWN,SIDESWIPE SAME DIRECTION,NOT DIVIDED,STOP SIGN/FLASHER,WEATHER,UNABLE TO DETERMINE,0,0,1,1,16,3,2,627,KEDZIE AVE,41.860233,-87.633921,02/02/2021 05:35:00 PM,2021
CR00003122,02/02/2015 10:09:00 AM,45,CLEAR,DAYLIGHT,REAR TO FRONT,NOT DIVIDED,TRAFFIC SIGNAL,UNABLE TO DETERMINE,IMPROPER LANE USAGE,0,0,3,3,10,2,2,728,LAKE SHORE DR,41.857546,-87.584385,02/02/2015 10:23:00 AM,2015
CR00003123,03/08/2015 09:00:00 AM,35,CLEAR,DAYLIGHT,ANGLE,NOT DIVIDED,TRAFFIC SIGNAL,UNABLE TO DETERMINE,NOT APPLICABLE,0,0,0,0,9,1,3,2146,79TH ST,41.7931,-87.578826,03/08/2015 10:10:00 AM,2015
CR00003124,09/17/2016 12:02:00 PM,45,CLEAR,DAYLIGHT,REAR END,DIVIDED - W/MEDIAN (NOT RAISED),TRAFFIC SIGNAL,UNABLE TO DETERMINE,FAILING TO YIELD RIGHT-OF-WAY,0,0,0,0,12,7,9,940,LAKE SHORE DR,41.839233,-87.683179,09/17/2016 01:07:00 PM,2016
CR00003125,03/03/2017 03:03:00 PM,45,CLEAR,DAYLIGHT,REAR END,FOUR WAY,STOP SIGN/FLASHER,DRIVING SKILLS/KNOWLEDGE/EXPERIENCE,UNABLE TO DETERMINE,0,0,1,1,15,6,3,1306,CALIFORNIA AVE,41.760374,-87.540975,03/03/2017 03:09:00 PM,2017
CR00003126,08/09/2020 03:40:00 AM,35,CLEAR,DAYLIGHT,REAR END,ONE-WAY,TRAFFIC SIGNAL,DISTRACTION - FROM INSIDE VEHICLE,DISTRACTION - FROM INSIDE VEHICLE,0,0,0,0,3,1,8,1795,KEDZIE AVE,41.808581,-87.666727,08/09/2020 05:39:00 AM,2020
CR00003127,07/12/2019 02:33:00 PM,35,CLEAR,DAYLIGHT,TURNING,T-INTERSECTION,TRAFFIC SIGNAL,DRIVING SKILLS/KNOWLEDGE/EXPERIENCE,FAILING TO REDUCE SPEED,0,0,1,1,14,6,7,2244,CICERO AVE,41.963808,-87.659445,07/12/2019 03:47:00 PM,2019
CR00003128,10/24/2024 07:31:00 AM,25,CLEAR,DARKNESS,SIDESWIPE SAME DIRECTION,DIVIDED - W/MEDIAN (NOT RAISED),TRAFFIC SIGNAL,DRIVING SKILLS/KNOWLEDGE/EXPERIENCE,NOT APPLICABLE,0,0,0,0,7,5,10,195,DAMEN AVE,41.793473,-87.547044,10/24/2024 08:19:00 AM,2024
CR00003129,02/14/2021 08:04:00 PM,20,SNOW,DARKNESS - LIGHTED ROAD,PARKED MOTOR VEHICLE,DIVIDED - W/MEDIAN (NOT RAISED),STOP SIGN/FLASHER,IMPROPER OVERTAKING/PASSING,UNABLE TO DETERMINE,0,0,0,0,20,1,2,988,ASHLAND AVE,41.879035,-87.795126,02/14/2021 08:41:00 PM,2021
CR00003130,06/19/2015 04:03:00 PM,40,CLEAR,DUSK,SIDESWIPE SAME DIRECTION,NOT DIVIDED,TRAFFIC SIGNAL,IMPROPER OVERTAKING/PASSING,DRIVING SKILLS/KNOWLEDGE/EXPERIENCE,0,0,0,0,16,6,6,2449,PULASKI RD,41.779321,-87.596292,06/19/2015 05:23:00 PM,2015
CR00003131,03/12/2024 09:17:00 PM,25,CLEAR,DAYLIGHT,REAR END,NOT DIVIDED,NO CONTROLS,UNABLE TO DETERMINE,DISTRACTION - FROM INSIDE VEHICLE,0,1,1,2,21,3,3,2165,47TH ST,41.861756,-87.528722,03/12/2024 10:16:00 PM,2024
CR00003132,05/02/2015 01:45:00 PM,45,RAIN,DARKNESS - LIGHTED ROAD,PARKED MOTOR VEHICLE,DIVIDED - W/MEDIAN BARRIER,NO CONTROLS,UNABLE TO DETERMINE,DISTRACTION - FROM INSIDE VEHICLE,0,0,0,0,13,7,5,199,OGDEN AVE,41.918139,-87.745824,05/02/2015 02:26:00 PM,2015