CRASH_RECORD_ID,CRASH_DATE,POSTED_SPEED_LIMIT,WEATHER_CONDITION,LIGHTING_CONDITION,FIRST_CRASH_TYPE,TRAFFICWAY_TYPE,TRAFFIC_CONTROL_DEVICE,PRIM_CONTRIBUTORY_CAUSE,SEC_CONTRIBUTORY_CAUSE,INJURIES_FATAL,INJURIES_INCAPACITATING,INJURIES_NON_INCAPACITATING,INJURIES_TOTAL,CRASH_HOUR,CRASH_DAY_OF_WEEK,CRASH_MONTH,BEAT_OF_OCCURRENCE,STREET_NAME,LATITUDE,LONGITUDE,DATE_POLICE_NOTIFIED,year
CR00003133,08/04/2020 07:35:00 PM,30,CLOUDY/OVERCAST,DAYLIGHT,TURNING,NOT DIVIDED,NO CONTROLS,FAILING TO YIELD RIGHT-OF-WAY,DISREGARDING TRAFFIC SIGNALS,0,0,0,0,19,3,8,2254,OGDEN AVE,41.910812,-87.694204,08/04/2020 07:58:00 PM,2020
CR00003134,07/26/2020 01:18:00 AM,30,RAIN,DUSK,TURNING,NOT DIVIDED,UNKNOWN,UNABLE TO DETERMINE,FOLLOWING TOO CLOSELY,0,0,1,1,1,1,7,784,ASHLAND AVE,41.845983,-87.51734,07/26/2020 01:31:00 AM,2020
CR00003135,06/05/2024 03:42:00 PM,45,CLEAR,DUSK,SIDESWIPE SAME DIRECTION,NOT DIVIDED,NO CONTROLS,UNABLE TO DETERMINE,IMPROPER OVERTAKING/PASSING,0,0,0,0,15,4,6,2330,STONY ISLAND AVE,41.994655,-87.755465,06/05/2024 04:59:00 PM,2024
CR00003136,01/16/2020 08:46:00 AM,30,CLEAR,DAYLIGHT,ANGLE,NOT DIVIDED,UNKNOWN,FAILING TO YIELD RIGHT-OF-WAY,FOLLOWING TOO CLOSELY,0,0,2,2,8,5,1,155,IRVING PARK RD,41.822551,-87.802798,01/16/2020 09:54:00 AM,2020
CR00003137,04/15/2016 11:28:00 AM,45,RAIN,DARKNESS,ANGLE,ONE-WAY,STOP SIGN/FLASHER,FOLLOWING TOO CLOSELY,NOT APPLICABLE,0,0,0,0,11,6,4,1850,MILWAUKEE AVE,41.821885,-87.714832,04/15/2016 11:43:00 AM,2016
CR00003138,01/29/2022 07:20:00 AM,25,RAIN,DAYLIGHT,ANGLE,FOUR WAY,NO CONTROLS,IMPROPER OVERTAKING/PASSING,UNABLE TO DETERMINE,0,1,1,2,7,7,1,654,47TH ST,41.868665,-87.702331,01/29/2022 08:19:00 AM,2022
CR00003139,09/17/2019 03:39:00 PM,30,CLEAR,DAYLIGHT,ANGLE,NOT DIVIDED,TRAFFIC SIGNAL,FAILING TO REDUCE SPEED,NOT APPLICABLE,0,0,0,0,15,3,9,1055,ELSTON AVE,41.830036,-87.841785,09/17/2019 04:20:00 PM,2019
CR00003140,07/26/2019 06:34:00 PM,30,CLEAR,DARKNESS,REAR TO FRONT,FOUR WAY,TRAFFIC SIGNAL,FAILING TO YIELD RIGHT-OF-WAY,UNABLE TO DETERMINE,0,0,0,0,18,6,7,735,ARCHER AVE,41.996707,-87.634348,07/26/2019 08:17:00 PM,2019
CR00003141,04/03/2022 09:27:00 AM,35,CLEAR,DAYLIGHT,SIDESWIPE SAME DIRECTION,DIVIDED - W/MEDIAN (NOT RAISED),TRAFFIC SIGNAL,FAILING TO YIELD RIGHT-OF-WAY,IMPROPER OVERTAKING/PASSING,0,0,0,0,9,1,4,1200,79TH ST,41.921892,-87.784649,04/03/2022 10:20:00 AM,2022
CR00003142,03/21/2021 03:35:00 AM,25,CLEAR,DAYLIGHT,ANGLE,NOT DIVIDED,STOP SIGN/FLASHER,FAILING TO YIELD RIGHT-OF-WAY,UNABLE TO DETERMINE,0,0,1,1,3,1,3,1733,PULASKI RD,41.91181,-87.558648,03/21/2021 04:50:00 AM,2021
CR00003143,08/03/2015 07:04:00 PM,35,RAIN,DAYLIGHT,PARKED MOTOR VEHICLE,DIVIDED - W/MEDIAN (NOT RAISED),NO CONTROLS,FOLLOWING TOO CLOSELY,IMPROPER LANE USAGE,0,0,0,0,19,2,8,248,FULLERTON AVE,41.828387,-87.548379,08/03/2015 08:54:00 PM,2015
CR00003144,08/11/2024 05:00:00 AM,45,CLEAR,DAYLIGHT,TURNING,NOT DIVIDED,UNKNOWN,FOLLOWING TOO CLOSELY,UNABLE TO DETERMINE,0,0,0,0,5,1,8,323,ASHLAND AVE,41.731914,-87.71272,08/11/2024 06:47:00 AM,2024
CR00003145,04/27/2020 03:55:00 PM,35,CLOUDY/OVERCAST,DAYLIGHT,REAR TO FRONT,FOUR WAY,UNKNOWN,UNABLE TO DETERMINE,NOT APPLICABLE,0,0,0,0,15,2,4,117,79TH ST,41.820041,-87.620916,04/27/2020 05:47:00 PM,2020
CR00003146,07/13/2018 08:52:00 AM,40,CLEAR,DARKNESS,REAR END,NOT DIVIDED,TRAFFIC SIGNAL,WEATHER,UNABLE TO DETERMINE,0,0,0,0,8,6,7,746,ASHLAND AVE,41.801962,-87.613826,07/13/2018 10:06:00 AM,2018
CR00003147,08/14/2019 01:23:00 PM,40,SNOW,DARKNESS,TURNING,T-INTERSECTION,NO CONTROLS,UNABLE TO DETERMINE,NOT APPLICABLE,0,0,1,1,13,4,8,2126,CICERO AVE,41.713755,-87.693398,08/14/2019 02:44:00 PM,2019
CR00003148,05/24/2017 06:58:00 PM,35,CLEAR,DAYLIGHT,REAR END,DIVIDED - W/MEDIAN (NOT RAISED),TRAFFIC SIGNAL,FOLLOWING TOO CLOSELY,FOLLOWING TOO CLOSELY,0,0,0,0,18,4,5,1370,FULLERTON AVE,41.891799,-87.72484,05/24/2017 07:01:00 PM,2017
CR00003149,04/01/2022 10:48:00 AM,30,CLEAR,DAYLIGHT,REAR END,NOT DIVIDED,TRAFFIC SIGNAL,IMPROPER OVERTAKING/PASSING,FAILING TO REDUCE SPEED,0,0,0,0,10,6,4,1178,CICERO AVE,41.801529,-87.528835,04/01/2022 12:15:00 PM,2022
CR00003150,12/01/2015 01:00:00 PM,30,CLOUDY/OVERCAST,DARKNESS - LIGHTED ROAD,ANGLE,DIVIDED - W/MEDIAN BARRIER,TRAFFIC SIGNAL,FOLLOWING TOO CLOSELY,FAILING TO YIELD RIGHT-OF-WAY,0,0,0,0,13,3,12,2397,LAKE SHORE DR,41.812203,-87.649445,12/01/2015 01:46:00 PM,2015
CR00003151,07/20/2018 04:59:00 PM,30,CLEAR,DAYLIGHT,ANGLE,DIVIDED - W/MEDIAN BARRIER,NO CONTROLS,WEATHER,UNABLE TO DETERMINE,0,0,0,0,16,6,7,303,ASHLAND AVE,41.7178,-87.596727,07/20/2018 06:26:00 PM,2018
CR00003152,06/24/2019 10:46:00 AM,45,CLEAR,DAYLIGHT,PEDESTRIAN,NOT DIVIDED,NO CONTROLS,DISTRACTION - FROM INSIDE VEHICLE,WEATHER,0,0,0,0,10,2,6,1276,MICHIGAN AVE,41.973087,-87.763866,06/24/2019 11:04:00 AM,2019
CR00003153,07/22/2017 08:45:00 PM,30,CLOUDY/OVERCAST,DAYLIGHT,SIDESWIPE SAME DIRECTION,ONE-WAY,TRAFFIC SIGNAL,UNABLE TO DETERMINE,FOLLOWING TOO CLOSELY,0,1,3,4,20,7,7,1711,ROOSEVELT RD,41.828576,-87.528373,07/22/2017 09:49:00 PM,2017
CR00003154,01/27/2018 05:30:00 PM,30,SNOW,DAWN,SIDESWIPE SAME DIRECTION,NOT DIVIDED,STOP SIGN/FLASHER,UNABLE TO DETERMINE,FAILING TO YIELD RIGHT-OF-WAY,0,0,0,0,17,7,1,1945,79TH ST,41.960356,-87.591439,01/27/2018 06:36:00 PM,2018
CR00003155,11/20/2023 06:55:00 PM,30,CLEAR,DAYLIGHT,PARKED MOTOR VEHICLE,ONE-WAY,NO CONTROLS,IMPROPER LANE USAGE,IMPROPER LANE USAGE,0,0,0,0,18,2,11,1114,CICERO AVE,41.709657,-87.649693,11/20/2023 08:07:00 PM,2023
CR00003156,04/03/2019 05:16:00 PM,40,CLEAR,DARKNESS - LIGHTED ROAD,ANGLE,T-INTERSECTION,NO CONTROLS,WEATHER,UNABLE TO DETERMINE,0,0,0,0,17,4,4,1264,OGDEN AVE,41.738603,-87.805673,04/03/2019 06:02:00 PM,2019
CR00003157,08/22/2021 04:00:00 AM,20,CLEAR,DAWN,ANGLE,T-INTERSECTION,NO CONTROLS,UNABLE TO DETERMINE,FOLLOWING TOO CLOSELY,0,0,0,0,4,1,8,1536,BROADWAY,41.809118,-87.652686,08/22/2021 05:13:00 AM,2021
CR00003158,12/05/2018 07:41:00 AM,30,CLEAR,DAYLIGHT,PEDESTRIAN,DIVIDED - W/MEDIAN (NOT RAISED),UNKNOWN,UNABLE TO DETERMINE,DRIVING SKILLS/KNOWLEDGE/EXPERIENCE,0,0,0,0,7,4,12,182,DAMEN AVE,41.931175,-87.749612,12/05/2018 09:39:00 AM,2018
CR00003159,07/27/2024 05:13:00 PM,30,CLEAR,DAYLIGHT,TURNING,ONE-WAY,YIELD,DISTRACTION - FROM INSIDE VEHICLE,NOT APPLICABLE,0,0,0,0,17,7,7,1203,MILWAUKEE AVE,41.920124,-87.643178,07/27/2024 06:32:00 PM,2024
CR00003160,12/11/2021 01:47:00 AM,25,CLEAR,DAYLIGHT,REAR END,FOUR WAY,NO CONTROLS,UNABLE TO DETERMINE,UNABLE TO DETERMINE,0,0,0,0,1,7,12,1711,CLARK ST,41.999045,-87.595118,12/11/2021 02:03:00 AM,2021
CR00003161,02/23/2022 07:06:00 AM,35,RAIN,DAYLIGHT,REAR END,ONE-WAY,NO CONTROLS,FAILING TO YIELD RIGHT-OF-WAY,NOT APPLICABLE,0,1,2,3,7,4,2,215,CALIFORNIA AVE,41.992403,-87.673173,02/23/2022 07:34:00 AM,2022
CR00003162,04/13/2015 05:23:00 PM,35,CLEAR,DAYLIGHT,PEDESTRIAN,FOUR WAY,YIELD,UNABLE TO DETERMINE,UNABLE TO DETERMINE,0,0,1,1,17,2,4,1850,MILWAUKEE AVE,41.815449,-87.77394,04/13/2015 06:20:00 PM,2015
CR00003163,01/30/2020 07:00:00 AM,45,CLOUDY/OVERCAST,DARKNESS - LIGHTED ROAD,SIDESWIPE SAME DIRECTION,DIVIDED - W/MEDIAN (NOT RAISED),STOP SIGN/FLASHER,DRIVING SKILLS/KNOWLEDGE/EXPERIENCE,IMPROPER OVERTAKING/PASSING,0,0,1,1,7,5,1,2126,63RD ST,41.921613,-87.835967,01/30/2020 08:06:00 AM,2020
CR00003164,09/08/2018 07:44:00 AM,20,CLEAR,DAYLIGHT,TURNING,NOT DIVIDED,NO CONTROLS,UNABLE TO DETERMINE,NOT APPLICABLE,0,0,2,2,7,7,9,2501,ELSTON AVE,41.950741,-87.781692,09/08/2018 08:57:00 AM,2018
CR00003165,07/22/2022 08:32:00 AM,25,CLOUDY/OVERCAST,DARKNESS - LIGHTED ROAD,REAR END,NOT DIVIDED,TRAFFIC SIGNAL,FAILING TO YIELD RIGHT-OF-WAY,UNABLE TO DETERMINE,0,0,3,3,8,6,7,1393,DIVISION ST,41.746084,-87.792048,07/22/2022 10:16:00 AM,2022
CR00003166,02/11/2023 04:20:00 PM,40,CLOUDY/OVERCAST,DARKNESS - LIGHTED ROAD,REAR END,DIVIDED - W/MEDIAN (NOT RAISED),STOP SIGN/FLASHER,FOLLOWING TOO CLOSELY,DISREGARDING TRAFFIC SIGNALS,0,0,0,0,16,7,2,1017,KEDZIE AVE,41.978556,-87.693783,02/11/2023 06:03:00 PM,2023
CR00003167,04/18/2017 04:41:00 AM,30,SNOW,DAYLIGHT,ANGLE,DIVIDED - W/MEDIAN (NOT RAISED),TRAFFIC SIGNAL,UNABLE TO DETERMINE,IMPROPER LANE USAGE,0,0,0,0,4,3,4,1832,ROOSEVELT RD,41.982234,-87.770298,04/18/2017 06:23:00 AM,2017
CR00003168,01/24/2016 02:24:00 PM,15,CLEAR,DAYLIGHT,ANGLE,ONE-WAY,TRAFFIC SIGNAL,FOLLOWING TOO CLOSELY,DISTRACTION - FROM INSIDE VEHICLE,0,0,0,0,14,1,1,2406,ARCHER AVE,41.715176,-87.810604,01/24/2016 02:27:00 PM,2016
CR00003169,12/15/2024 10:52:00 PM,15,FREEZING RAIN/DRIZZLE,DAYLIGHT,TURNING,NOT DIVIDED,STOP SIGN/FLASHER,UNABLE TO DETERMINE,FOLLOWING TOO CLOSELY,0,0,0,0,22,1,12,1031,OGDEN AVE,41.974574,-87.546084,12/15/2024 11:52:00 PM,2024
CR00003170,04/23/2022 03:55:00 AM,15,CLEAR,DAYLIGHT,ANGLE,DIVIDED - W/MEDIAN (NOT RAISED),STOP SIGN/FLASHER,UNABLE TO DETERMINE,UNABLE TO DETERMINE,0,0,0,0,3,7,4,2378,CALIFORNIA AVE,41.826541,-87.816556,04/23/2022 05:25:00 AM,2022
CR00003171,02/08/2022 04:58:00 PM,25,CLEAR,DAYLIGHT,ANGLE,DIVIDED - W/MEDIAN BARRIER,STOP SIGN/FLASHER,IMPROPER OVERTAKING/PASSING,FOLLOWING TOO CLOSELY,0,0,2,2,16,3,2,896,CICERO AVE,41.786095,-87.55511,02/08/2022 05:48:00 PM,2022
CR00003172,11/11/2015 07:56:00 PM,40,CLEAR,DAYLIGHT,FIXED OBJECT,NOT DIVIDED,TRAFFIC SIGNAL,FOLLOWING TOO CLOSELY,IMPROPER OVERTAKING/PASSING,0,0,0,0,19,4,11,889,ROOSEVELT RD,41.9005,-87.584122,11/11/2015 08:23:00 PM,2015
CR00003173,02/02/2016 10:55:00 AM,20,RAIN,DARKNESS,ANGLE,DIVIDED - W/MEDIAN (NOT RAISED),STOP SIGN/FLASHER,FOLLOWING TOO CLOSELY,FOLLOWING TOO CLOSELY,0,0,0,0,10,3,2,2453,IRVING PARK RD,41.775329,-87.636952,02/02/2016 12:39:00 PM,2016
CR00003174,07/22/2023 05:24:00 PM,15,RAIN,DARKNESS,REAR END,T-INTERSECTION,TRAFFIC SIGNAL,IMPROPER OVERTAKING/PASSING,DISTRACTION - FROM INSIDE VEHICLE,0,0,0,0,17,7,7,404,ARCHER AVE,41.77881,-87.779122,07/22/2023 06:00:00 PM,2023
CR00003175,01/20/2020 08:42:00 AM,15,CLEAR,DARKNESS,REAR END,ONE-WAY,NO CONTROLS,FAILING TO YIELD RIGHT-OF-WAY,UNABLE TO DETERMINE,0,0,0,0,8,2,1,585,WESTERN AVE,41.858383,-87.848061,01/20/2020 09:39:00 AM,2020
CR00003176,02/23/2017 05:41:00 AM,30,RAIN,DAYLIGHT,SIDESWIPE SAME DIRECTION,NOT DIVIDED,UNKNOWN,FAILING TO YIELD RIGHT-OF-WAY,FAILING TO YIELD RIGHT-OF-WAY,0,0,0,0,5,5,2,1859,CICERO AVE,41.835879,-87.500974,02/23/2017 06:43:00 AM,2017
CR00003177,12/11/2021 01:51:00 PM,20,CLOUDY/OVERCAST,DAYLIGHT,REAR END,DIVIDED - W/MEDIAN BARRIER,NO CONTROLS,FOLLOWING TOO CLOSELY,FOLLOWING TOO CLOSELY,0,0,0,0,13,7,12,106,IRVING PARK RD,41.837736,-87.718247,12/11/2021 01:53:00 PM,2021
CR00003178,11/29/2015 12:11:00 AM,30,CLEAR,DAYLIGHT,TURNING,FOUR WAY,PEDESTRIAN CROSSING SIGN,FAILING TO YIELD RIGHT-OF-WAY,FAILING TO YIELD RIGHT-OF-WAY,0,0,0,0,0,1,11,1975,KEDZIE AVE,41.811612,-87.691239,11/29/2015 01:40:00 AM,2015
CR00003179,02/18/2023 07:37:00 AM,15,CLEAR,DAYLIGHT,TURNING,ONE-WAY,TRAFFIC SIGNAL,IMPROPER LANE USAGE,UNABLE TO DETERMINE,0,0,0,0,7,7,2,722,MICHIGAN AVE,41.843908,-87.744699,02/18/2023 09:15:00 AM,2023
CR00003180,09/25/2017 03:39:00 AM,15,CLEAR,DAYLIGHT,TURNING,DIVIDED - W/MEDIAN (NOT RAISED),NO CONTROLS,IMPROPER OVERTAKING/PASSING,UNABLE TO DETERMINE,0,0,1,1,3,2,9,151,MILWAUKEE AVE,41.735184,-87.603959,09/25/2017 05:01:00 AM,2017
CR00003181,04/14/2017 08:56:00 PM,35,CLEAR,DARKNESS - LIGHTED ROAD,REAR END,NOT DIVIDED,STOP SIGN/FLASHER,DISTRACTION - FROM INSIDE VEHICLE,FAILING TO YIELD RIGHT-OF-WAY,0,0,2,2,20,6,4,556,ARCHER AVE,41.912802,-87.825394,04/14/2017 10:51:00 PM,2017
CR00003182,09/23/2024 03:30:00 AM,35,RAIN,DAYLIGHT,SIDESWIPE SAME DIRECTION,DIVIDED - W/MEDIAN (NOT RAISED),TRAFFIC SIGNAL,UNABLE TO DETERMINE,FOLLOWING TOO CLOSELY,0,0,0,0,3,2,9,2460,PULASKI RD,41.952669,-87.698859,09/23/2024 03:46:00 AM,2024
CR00003183,01/07/2018 07:07:00 AM,35,CLEAR,DARKNESS - LIGHTED ROAD,TURNING,DIVIDED - W/MEDIAN BARRIER,NO CONTROLS,UNABLE TO DETERMINE,IMPROPER LANE USAGE,0,0,0,0,7,1,1,2456,CLARK ST,41.951956,-87.626075,01/07/2018 08:35:00 AM,2018
CR00003184,08/17/2019 02:02:00 PM,35,CLEAR,DARKNESS - LIGHTED ROAD,TURNING,NOT DIVIDED,NO CONTROLS,UNABLE TO DETERMINE,IMPROPER LANE USAGE,0,0,0,0,14,7,8,2194,MICHIGAN AVE,41.886578,-87.614415,08/17/2019 03:13:00 PM,2019
CR00003185,03/17/2015 03:42:00 PM,35,RAIN,DARKNESS - LIGHTED ROAD,ANGLE,ONE-WAY,NO CONTROLS,FOLLOWING TOO CLOSELY,WEATHER,0,0,0,0,15,3,3,987,CALIFORNIA AVE,41.862317,-87.74116,03/17/2015 04:43:00 PM,2015
CR00003186,11/27/2018 05:25:00 PM,40,CLEAR,DARKNESS,SIDESWIPE SAME DIRECTION,NOT DIVIDED,PEDESTRIAN CROSSING SIGN,UNABLE TO DETERMINE,IMPROPER LANE USAGE,0,0,2,2,17,3,11,1903,CICERO AVE,41.99887,-87.693553,11/27/2018 05:58:00 PM,2018
CR00003187,08/21/2018 09:31:00 AM,35,CLEAR,DAYLIGHT,PEDESTRIAN,FOUR WAY,NO CONTROLS,UNABLE TO DETERMINE,NOT APPLICABLE,0,0,1,1,9,3,8,1441,BROADWAY,41.955608,-87.569348,08/21/2018 09:59:00 AM,2018
CR00003188,01/02/2020 08:46:00 PM,40,CLEAR,DAYLIGHT,REAR TO FRONT,DIVIDED - W/MEDIAN (NOT RAISED),NO CONTROLS,IMPROPER LANE USAGE,DISTRACTION - FROM INSIDE VEHICLE,0,0,0,0,20,5,1,587,79TH ST,41.71984,-87.843783,01/02/2020 09:07:00 PM,2020
CR00003189,09/09/2017 02:05:00 PM,25,SNOW,DAYLIGHT,FIXED OBJECT,NOT DIVIDED,TRAFFIC SIGNAL,IMPROPER LANE USAGE,FAILING TO YIELD RIGHT-OF-WAY,0,0,0,0,14,7,9,1065,LAKE SHORE DR,41.797816,-87.651235,09/09/2017 03:31:00 PM,2017
CR00003190,01/15/2021 05:50:00 AM,30,CLEAR,DARKNESS - LIGHTED ROAD,PEDESTRIAN,NOT DIVIDED,UNKNOWN,FOLLOWING TOO CLOSELY,FAILING TO YIELD RIGHT-OF-WAY,0,0,0,0,5,6,1,2476,WESTERN AVE,41.964596,-87.559613,01/15/2021 05:59:00 AM,2021
CR00003191,04/18/2015 10:57:00 AM,30,RAIN,DAYLIGHT,REAR END,T-INTERSECTION,TRAFFIC SIGNAL,FAILING TO REDUCE SPEED,NOT APPLICABLE,0,0,0,0,10,7,4,2337,CICERO AVE,41.714448,-87.698727,04/18/2015 11:37:00 AM,2015
CR00003192,09/07/2018 06:38:00 AM,40,RAIN,DAYLIGHT,PEDESTRIAN,FOUR WAY,NO CONTROLS,DISTRACTION - FROM INSIDE VEHICLE,FAILING TO REDUCE SPEED,0,0,0,0,6,6,9,757,DAMEN AVE,41.884868,-87.532275,09/07/2018 07:42:00 AM,2018
CR00003193,11/09/2023 11:34:00 PM,15,RAIN,DAYLIGHT,ANGLE,NOT DIVIDED,NO CONTROLS,FOLLOWING TOO CLOSELY,NOT APPLICABLE,0,0,0,0,23,5,11,430,DAMEN AVE,41.706333,-87.674814,11/10/2023 12:29:00 AM,2023
CR00003194,03/01/2022 01:55:00 PM,25,RAIN,DAYLIGHT,REAR END,NOT DIVIDED,TRAFFIC SIGNAL,IMPROPER OVERTAKING/PASSING,UNABLE TO DETERMINE,0,0,0,0,13,3,3,2381,WESTERN AVE,41.728805,-87.683082,03/01/2022 02:55:00 PM,2022
CR00003195,11/03/2018 07:33:00 PM,15,CLEAR,DARKNESS - LIGHTED ROAD,PARKED MOTOR VEHICLE,ONE-WAY,TRAFFIC SIGNAL,FAILING TO REDUCE SPEED,FAILING TO REDUCE SPEED,0,0,0,0,19,7,11,2514,47TH ST,41.803392,-87.796248,11/03/2018 09:00:00 PM,2018
CR00003196,08/13/2018 06:30:00 PM,30,CLEAR,DAYLIGHT,REAR END,T-INTERSECTION,TRAFFIC SIGNAL,FAILING TO YIELD RIGHT-OF-WAY,UNABLE TO DETERMINE,0,0,0,0,18,2,8,1932,ARCHER AVE,41.99954,-87.838281,08/13/2018 06:38:00 PM,2018
CR00003197,08/11/2021 04:38:00 PM,30,RAIN,DAYLIGHT,TURNING,NOT DIVIDED,STOP SIGN/FLASHER,UNABLE TO DETERMINE,IMPROPER LANE USAGE,0,0,0,0,16,4,8,1207,FULLERTON AVE,41.931953,-87.609809,08/11/2021 05:57:00 PM,2021
CR00003198,06/14/2024 11:55:00 AM,45,RAIN,DAYLIGHT,REAR END,NOT DIVIDED,NO CONTROLS,FAILING TO YIELD RIGHT-OF-WAY,UNABLE TO DETERMINE,0,0,0,0,11,6,6,969,STATE ST,41.763561,-87.501609,06/14/2024 12:05:00 PM,2024
CR00003199,12/25/2021 11:08:00 PM,25,CLEAR,DARKNESS - LIGHTED ROAD,REAR END,NOT DIVIDED,STOP SIGN/FLASHER,DISTRACTION - FROM INSIDE VEHICLE,DISREGARDING TRAFFIC SIGNALS,0,0,2,2,23,7,12,1576,ROOSEVELT RD,41.71646,-87.735419,12/25/2021 11:48:00 PM,2021
CR00003200,02/27/2019 09:12:00 AM,30,CLEAR,DARKNESS - LIGHTED ROAD,REAR END,NOT DIVIDED,NO CONTROLS,FOLLOWING TOO CLOSELY,DISTRACTION - FROM INSIDE VEHICLE,0,0,0,0,9,4,2,1488,LAKE SHORE DR,41.77682,-87.574256,02/27/2019 09:24:00 AM,2019
CR00003201,07/19/2019 05:17:00 PM,30,RAIN,DARKNESS - LIGHTED ROAD,REAR TO FRONT,DIVIDED - W/MEDIAN (NOT RAISED),TRAFFIC SIGNAL,FOLLOWING TOO CLOSELY,UNABLE TO DETERMINE,0,0,0,0,17,6,7,938,LAKE SHORE DR,41.90166,-87.72027,07/19/2019 05:31:00 PM,2019
CR00003202,01/21/2019 12:32:00 AM,30,CLEAR,DAYLIGHT,REAR END,DIVIDED - W/MEDIAN BARRIER,UNKNOWN,UNABLE TO DETERMINE,UNABLE TO DETERMINE,0,0,0,0,0,2,1,1241,MICHIGAN AVE,41.882938,-87.765225,01/21/2019 01:32:00 AM,2019
CR00003203,10/25/2017 06:09:00 PM,35,RAIN,DAYLIGHT,SIDESWIPE SAME DIRECTION,DIVIDED - W/MEDIAN (NOT RAISED),NO CONTROLS,DRIVING SKILLS/KNOWLEDGE/EXPERIENCE,UNABLE TO DETERMINE,0,0,0,0,18,4,10,2110,KEDZIE AVE,41.761355,-87.727698,10/25/2017 07:44:00 PM,2017
CR00003204,12/10/2024 08:23:00 AM,30,FREEZING RAIN/DRIZZLE,DAYLIGHT,PEDESTRIAN,ONE-WAY,NO CONTROLS,FOLLOWING TOO CLOSELY,NOT APPLICABLE,0,0,0,0,8,3,12,2223,STONY ISLAND AVE,41.826095,-87.75934,12/10/2024 09:52:00 AM,2024
CR00003205,11/16/2021 10:02:00 AM,25,CLEAR,DUSK,TURNING,ONE-WAY,TRAFFIC SIGNAL,DISREGARDING TRAFFIC SIGNALS,UNABLE TO DETERMINE,0,0,0,0,10,3,11,2461,KEDZIE AVE,41.903622,-87.794267,11/16/2021 10:51:00 AM,2021
CR00003206,09/22/2024 07:47:00 PM,30,CLEAR,DAYLIGHT,PEDESTRIAN,NOT DIVIDED,TRAFFIC SIGNAL,UNABLE TO DETERMINE,DRIVING SKILLS/KNOWLEDGE/EXPERIENCE,0,0,0,0,19,1,9,347,ARCHER AVE,41.929846,-87.543173,09/22/2024 08:08:00 PM,2024
CR00003207,12/13/2018 04:08:00 PM,15,CLEAR,DAYLIGHT,TURNING,NOT DIVIDED,NO CONTROLS,DISTRACTION - FROM INSIDE VEHICLE,IMPROPER OVERTAKING/PASSING,0,0,1,1,16,5,12,200,IRVING PARK RD,41.991588,-87.502234,12/13/2018 04:56:00 PM,2018
CR00003208,05/30/2017 11:19:00 PM,35,CLEAR,DAYLIGHT,REAR TO FRONT,DIVIDED - W/MEDIAN (NOT RAISED),UNKNOWN,DRIVING SKILLS/KNOWLEDGE/EXPERIENCE,DRIVING SKILLS/KNOWLEDGE/EXPERIENCE,0,0,0,0,23,3,5,1826,KEDZIE AVE,41.948829,-87.543956,05/31/2017 01:19:00 AM,2017
CR00003209,04/04/2023 03:05:00 PM,35,CLEAR,DARKNESS - LIGHTED ROAD,REAR END,DIVIDED - W/MEDIAN BARRIER,TRAFFIC SIGNAL,FOLLOWING TOO CLOSELY,DRIVING SKILLS/KNOWLEDGE/EXPERIENCE,0,0,0,0,15,3,4,854,ELSTON AVE,41.831874,-87.643461,04/04/2023 04:14:00 PM,2023
CR00003210,07/17/2021 04:47:00 PM,30,CLEAR,DARKNESS,REAR TO FRONT,DIVIDED - W/MEDIAN (NOT RAISED),NO CONTROLS,WEATHER,DISTRACTION - FROM INSIDE VEHICLE,0,0,1,1,16,7,7,2093,IRVING PARK RD,41.995335,-87.545891,07/17/2021 05:37:00 PM,2021
CR00003211,05/13/2019 09:51:00 AM,35,CLEAR,DAYLIGHT,REAR END,NOT DIVIDED,TRAFFIC SIGNAL,DISTRACTION - FROM INSIDE VEHICLE,UNABLE TO DETERMINE,0,0,0,0,9,2,5,1249,IRVING PARK RD,41.734132,-87.630808,05/13/2019 11:50:00 AM,2019
CR00003212,07/29/2019 11:16:00 PM,35,CLEAR,DAYLIGHT,ANGLE,NOT DIVIDED,TRAFFIC SIGNAL,UNABLE TO DETERMINE,DRIVING SKILLS/KNOWLEDGE/EXPERIENCE,0,0,0,0,23,2,7,1640,PULASKI RD,41.939995,-87.803971,07/30/2019 12:29:00 AM,2019
CR00003213,03/05/2023 02:36:00 PM,30,CLEAR,DAYLIGHT,TURNING,FOUR WAY,TRAFFIC SIGNAL,UNABLE TO DETERMINE,DRIVING SKILLS/KNOWLEDGE/EXPERIENCE,0,0,0,0,14,1,3,722,DIVISION ST,41.895658,-87.638176,03/05/2023 03:10:00 PM,2023
CR00003214,07/31/2016 04:24:00 AM,15,CLEAR,DARKNESS,REAR END,ONE-WAY,TRAFFIC SIGNAL,FAILING TO YIELD RIGHT-OF-WAY,FAILING TO REDUCE SPEED,0,0,0,0,4,1,7,2129,ASHLAND AVE,41.874664,-87.500024,07/31/2016 05:13:00 AM,2016
CR00003215,05/31/2023 03:15:00 AM,45,CLEAR,DARKNESS - LIGHTED ROAD,PARKED MOTOR VEHICLE,T-INTERSECTION,TRAFFIC SIGNAL,UNABLE TO DETERMINE,FOLLOWING TOO CLOSELY,0,0,0,0,3,4,5,241,63RD ST,41.757195,-87.845637,05/31/2023 04:04:00 AM,2023