CRASH_RECORD_ID,CRASH_DATE,POSTED_SPEED_LIMIT,WEATHER_CONDITION,LIGHTING_CONDITION,FIRST_CRASH_TYPE,TRAFFICWAY_TYPE,TRAFFIC_CONTROL_DEVICE,PRIM_CONTRIBUTORY_CAUSE,SEC_CONTRIBUTORY_CAUSE,INJURIES_FATAL,INJURIES_INCAPACITATING,INJURIES_NON_INCAPACITATING,INJURIES_TOTAL,CRASH_HOUR,CRASH_DAY_OF_WEEK,CRASH_MONTH,BEAT_OF_OCCURRENCE,STREET_NAME,LATITUDE,LONGITUDE,DATE_POLICE_NOTIFIED,year
CR00003216,07/08/2021 12:39:00 PM,40,CLEAR,DARKNESS - LIGHTED ROAD,PARKED MOTOR VEHICLE,DIVIDED - W/MEDIAN BARRIER,NO CONTROLS,FAILING TO REDUCE SPEED,DRIVING SKILLS/KNOWLEDGE/EXPERIENCE,0,0,0,0,12,5,7,2207,IRVING PARK RD,41.742051,-87.738314,07/08/2021 01:50:00 PM,2021
CR00003217,07/24/2023 03:59:00 PM,15,CLEAR,DAYLIGHT,SIDESWIPE SAME DIRECTION,FOUR WAY,YIELD,UNABLE TO DETERMINE,NOT APPLICABLE,0,0,0,0,15,2,7,936,47TH ST,41.709316,-87.825994,07/24/2023 05:53:00 PM,2023
CR00003218,06/28/2019 01:15:00 AM,30,RAIN,DARKNESS - LIGHTED ROAD,ANGLE,NOT DIVIDED,NO CONTROLS,WEATHER,FOLLOWING TOO CLOSELY,0,0,0,0,1,6,6,957,LAKE SHORE DR,41.824199,-87.839729,06/28/2019 02:39:00 AM,2019
CR00003219,07/04/2016 08:07:00 PM,40,CLEAR,DAWN,REAR END,DIVIDED - W/MEDIAN BARRIER,STOP SIGN/FLASHER,UNABLE TO DETERMINE,FAILING TO REDUCE SPEED,0,0,2,2,20,2,7,2165,PULASKI RD,41.998074,-87.551213,07/04/2016 08:35:00 PM,2016
CR00003220,12/26/2023 10:14:00 AM,45,CLEAR,DARKNESS - LIGHTED ROAD,ANGLE,DIVIDED - W/MEDIAN (NOT RAISED),PEDESTRIAN CROSSING SIGN,FAILING TO YIELD RIGHT-OF-WAY,DRIVING SKILLS/KNOWLEDGE/EXPERIENCE,0,0,0,0,10,3,12,1170,STONY ISLAND AVE,41.789112,-87.765758,12/26/2023 11:53:00 AM,2023
CR00003221,04/25/2016 04:07:00 PM,35,CLEAR,DAYLIGHT,REAR END,FOUR WAY,NO CONTROLS,FAILING TO REDUCE SPEED,FAILING TO REDUCE SPEED,0,0,0,0,16,2,4,1035,ASHLAND AVE,41.988229,-87.827003,04/25/2016 05:15:00 PM,2016
CR00003222,05/18/2016 07:24:00 AM,30,CLEAR,DAYLIGHT,FIXED OBJECT,NOT DIVIDED,NO CONTROLS,UNABLE TO DETERMINE,UNABLE TO DETERMINE,0,0,0,0,7,4,5,2104,OGDEN AVE,41.907526,-87.741791,05/18/2016 07:25:00 AM,2016
CR00003223,04/09/2016 02:50:00 PM,25,CLEAR,DAYLIGHT,ANGLE,ONE-WAY,STOP SIGN/FLASHER,UNABLE TO DETERMINE,NOT APPLICABLE,0,0,0,0,14,7,4,425,ELSTON AVE,41.792526,-87.603862,04/09/2016 04:42:00 PM,2016
CR00003224,07/24/2018 05:51:00 PM,20,CLEAR,DAYLIGHT,REAR END,DIVIDED - W/MEDIAN (NOT RAISED),NO CONTROLS,FAILING TO YIELD RIGHT-OF-WAY,UNABLE TO DETERMINE,0,0,0,0,17,3,7,2366,FULLERTON AVE,41.824352,-87.841493,07/24/2018 06:25:00 PM,2018
CR00003225,02/26/2016 12:36:00 AM,20,CLEAR,DARKNESS - LIGHTED ROAD,FIXED OBJECT,NOT DIVIDED,YIELD,FOLLOWING TOO CLOSELY,UNABLE TO DETERMINE,0,0,0,0,0,6,2,1023,BROADWAY,41.729059,-87.835117,02/26/2016 02:32:00 AM,2016
CR00003226,09/23/2024 05:10:00 PM,35,CLEAR,DAYLIGHT,REAR END,ONE-WAY,STOP SIGN/FLASHER,DRIVING SKILLS/KNOWLEDGE/EXPERIENCE,NOT APPLICABLE,0,0,0,0,17,2,9,472,DIVISION ST,41.862966,-87.843698,09/23/2024 05:38:00 PM,2024
CR00003227,06/30/2018 12:04:00 AM,15,CLEAR,DARKNESS - LIGHTED ROAD,REAR END,ONE-WAY,NO CONTROLS,UNABLE TO DETERMINE,DISTRACTION - FROM INSIDE VEHICLE,0,1,0,1,0,7,6,1256,ARCHER AVE,41.959592,-87.767323,06/30/2018 12:56:00 AM,2018
CR00003228,07/18/2015 06:45:00 PM,30,CLOUDY/OVERCAST,DARKNESS,TURNING,NOT DIVIDED,NO CONTROLS,UNABLE TO DETERMINE,FAILING TO YIELD RIGHT-OF-WAY,0,0,0,0,18,7,7,211,ASHLAND AVE,41.865422,-87.698133,07/18/2015 08:33:00 PM,2015
CR00003229,07/06/2019 06:11:00 PM,45,CLEAR,DAYLIGHT,REAR END,ONE-WAY,NO CONTROLS,UNABLE TO DETERMINE,NOT APPLICABLE,0,0,0,0,18,7,7,1587,63RD ST,41.797638,-87.826118,07/06/2019 06:51:00 PM,2019
CR00003230,11/02/2015 09:46:00 PM,45,CLEAR,DAYLIGHT,REAR END,ONE-WAY,NO CONTROLS,UNABLE TO DETERMINE,DISTRACTION - FROM INSIDE VEHICLE,0,0,1,1,21,2,11,925,MILWAUKEE AVE,41.877505,-87.694904,11/02/2015 09:54:00 PM,2015
CR00003231,05/11/2021 05:43:00 PM,30,CLEAR,DAYLIGHT,FIXED OBJECT,ONE-WAY,TRAFFIC SIGNAL,IMPROPER OVERTAKING/PASSING,FOLLOWING TOO CLOSELY,0,0,0,0,17,3,5,921,MICHIGAN AVE,41.80123,-87.767225,05/11/2021 05:50:00 PM,2021
CR00003232,10/14/2021 06:37:00 AM,40,CLEAR,DAYLIGHT,TURNING,NOT DIVIDED,STOP SIGN/FLASHER,FAILING TO YIELD RIGHT-OF-WAY,IMPROPER OVERTAKING/PASSING,0,0,0,0,6,5,10,1576,PULASKI RD,41.851311,-87.6041,10/14/2021 06:41:00 AM,2021
CR00003233,01/14/2016 06:19:00 PM,30,CLEAR,DAYLIGHT,SIDESWIPE SAME DIRECTION,ONE-WAY,NO CONTROLS,WEATHER,DISTRACTION - FROM INSIDE VEHICLE,0,0,0,0,18,5,1,1616,ARCHER AVE,41.77235,-87.807553,01/14/2016 07:10:00 PM,2016
CR00003234,09/23/2020 06:43:00 PM,30,SNOW,DAYLIGHT,REAR END,NOT DIVIDED,TRAFFIC SIGNAL,UNABLE TO DETERMINE,WEATHER,0,0,0,0,18,4,9,187,HALSTED ST,41.985179,-87.714021,09/23/2020 08:19:00 PM,2020
CR00003235,05/24/2017 07:00:00 AM,40,RAIN,DAYLIGHT,TURNING,T-INTERSECTION,NO CONTROLS,IMPROPER LANE USAGE,UNABLE TO DETERMINE,0,0,0,0,7,4,5,2093,IRVING PARK RD,41.993261,-87.813194,05/24/2017 08:07:00 AM,2017
CR00003236,11/30/2018 02:29:00 AM,35,CLEAR,DARKNESS - LIGHTED ROAD,TURNING,NOT DIVIDED,NO CONTROLS,FAILING TO YIELD RIGHT-OF-WAY,UNABLE TO DETERMINE,0,0,3,3,2,6,11,1703,79TH ST,41.977496,-87.713541,11/30/2018 04:25:00 AM,2018
CR00003237,10/15/2016 06:09:00 PM,30,CLOUDY/OVERCAST,DARKNESS - LIGHTED ROAD,FIXED OBJECT,DIVIDED - W/MEDIAN (NOT RAISED),TRAFFIC SIGNAL,FAILING TO YIELD RIGHT-OF-WAY,DRIVING SKILLS/KNOWLEDGE/EXPERIENCE,0,0,0,0,18,7,10,2385,IRVING PARK RD,41.972243,-87.630447,10/15/2016 06:46:00 PM,2016
CR00003238,03/02/2022 03:50:00 PM,20,CLEAR,DAYLIGHT,TURNING,DIVIDED - W/MEDIAN BARRIER,TRAFFIC SIGNAL,UNABLE TO DETERMINE,FOLLOWING TOO CLOSELY,0,0,1,1,15,4,3,2098,BROADWAY,41.953595,-87.519005,03/02/2022 04:53:00 PM,2022
CR00003239,06/08/2023 10:05:00 AM,35,CLEAR,DARKNESS,PARKED MOTOR VEHICLE,DIVIDED - W/MEDIAN (NOT RAISED),NO CONTROLS,FOLLOWING TOO CLOSELY,UNABLE TO DETERMINE,0,0,0,0,10,5,6,363,CLARK ST,41.935558,-87.597096,06/08/2023 11:36:00 AM,2023
CR00003240,01/28/2019 04:23:00 PM,25,RAIN,DARKNESS - LIGHTED ROAD,REAR END,DIVIDED - W/MEDIAN (NOT RAISED),UNKNOWN,IMPROPER LANE USAGE,FAILING TO YIELD RIGHT-OF-WAY,0,0,0,0,16,2,1,1349,LAKE SHORE DR,41.987157,-87.51367,01/28/2019 04:30:00 PM,2019
CR00003241,03/12/2017 11:27:00 AM,20,CLEAR,DARKNESS - LIGHTED ROAD,REAR END,ONE-WAY,TRAFFIC SIGNAL,UNABLE TO DETERMINE,FOLLOWING TOO CLOSELY,0,0,1,1,11,1,3,1424,PULASKI RD,41.878051,-87.778905,03/12/2017 12:48:00 PM,2017
CR00003242,03/26/2022 03:07:00 PM,25,CLEAR,DAYLIGHT,REAR END,DIVIDED - W/MEDIAN (NOT RAISED),NO CONTROLS,UNABLE TO DETERMINE,IMPROPER OVERTAKING/PASSING,0,0,0,0,15,7,3,342,DAMEN AVE,41.829182,-87.746005,03/26/2022 03:13:00 PM,2022
CR00003243,02/22/2015 07:11:00 AM,20,CLEAR,DAYLIGHT,REAR TO FRONT,NOT DIVIDED,TRAFFIC SIGNAL,FAILING TO YIELD RIGHT-OF-WAY,UNABLE TO DETERMINE,0,0,0,0,7,1,2,864,ELSTON AVE,41.800688,-87.532177,02/22/2015 07:37:00 AM,2015
CR00003244,04/26/2015 04:22:00 PM,15,CLEAR,DAYLIGHT,SIDESWIPE SAME DIRECTION,DIVIDED - W/MEDIAN (NOT RAISED),STOP SIGN/FLASHER,UNABLE TO DETERMINE,FAILING TO YIELD RIGHT-OF-WAY,0,0,0,0,16,1,4,2350,STATE ST,41.720779,-87.720508,04/26/2015 05:49:00 PM,2015
CR00003245,03/21/2021 07:35:00 AM,45,CLOUDY/OVERCAST,DAYLIGHT,PARKED MOTOR VEHICLE,FOUR WAY,NO CONTROLS,UNABLE TO DETERMINE,WEATHER,0,0,0,0,7,1,3,2324,STONY ISLAND AVE,41.756378,-87.778542,03/21/2021 09:12:00 AM,2021
CR00003246,12/27/2023 04:27:00 PM,25,CLEAR,DAYLIGHT,SIDESWIPE SAME DIRECTION,DIVIDED - W/MEDIAN (NOT RAISED),NO CONTROLS,DISREGARDING TRAFFIC SIGNALS,FAILING TO YIELD RIGHT-OF-WAY,0,0,0,0,16,4,12,2064,BROADWAY,41.99268,-87.698077,12/27/2023 04:41:00 PM,2023
CR00003247,11/29/2017 02:35:00 PM,20,SNOW,DAYLIGHT,SIDESWIPE SAME DIRECTION,ONE-WAY,STOP SIGN/FLASHER,IMPROPER LANE USAGE,UNABLE TO DETERMINE,0,0,3,3,14,4,11,1558,CALIFORNIA AVE,41.778445,-87.726453,11/29/2017 04:11:00 PM,2017
CR00003248,11/24/2024 12:56:00 AM,15,CLEAR,DARKNESS - LIGHTED ROAD,TURNING,FOUR WAY,TRAFFIC SIGNAL,WEATHER,NOT APPLICABLE,0,0,0,0,0,1,11,538,STATE ST,41.965243,-87.669875,11/24/2024 01:12:00 AM,2024
CR00003249,09/03/2017 03:43:00 PM,40,FOG/SMOKE/HAZE,DAYLIGHT,TURNING,ONE-WAY,NO CONTROLS,DRIVING SKILLS/KNOWLEDGE/EXPERIENCE,WEATHER,0,0,1,1,15,1,9,600,FULLERTON AVE,41.755697,-87.526075,09/03/2017 05:35:00 PM,2017
CR00003250,11/17/2023 03:02:00 PM,45,FREEZING RAIN/DRIZZLE,DAYLIGHT,TURNING,NOT DIVIDED,NO CONTROLS,FAILING TO YIELD RIGHT-OF-WAY,IMPROPER OVERTAKING/PASSING,0,0,0,0,15,6,11,998,WESTERN AVE,41.755703,-87.550313,11/17/2023 04:46:00 PM,2023
CR00003251,03/26/2023 06:34:00 PM,30,CLEAR,DAYLIGHT,REAR TO FRONT,DIVIDED - W/MEDIAN (NOT RAISED),STOP SIGN/FLASHER,IMPROPER OVERTAKING/PASSING,IMPROPER OVERTAKING/PASSING,0,0,0,0,18,1,3,1745,FULLERTON AVE,41.715925,-87.653296,03/26/2023 07:42:00 PM,2023
CR00003252,08/05/2016 06:44:00 PM,20,RAIN,DAYLIGHT,REAR END,FOUR WAY,TRAFFIC SIGNAL,IMPROPER OVERTAKING/PASSING,FOLLOWING TOO CLOSELY,0,0,1,1,18,6,8,1355,ARCHER AVE,41.798515,-87.554391,08/05/2016 08:37:00 PM,2016
CR00003253,12/04/2022 10:01:00 AM,35,CLEAR,DAYLIGHT,ANGLE,FOUR WAY,NO CONTROLS,FOLLOWING TOO CLOSELY,UNABLE TO DETERMINE,0,0,1,1,10,1,12,1400,ROOSEVELT RD,41.966888,-87.763468,12/04/2022 11:00:00 AM,2022
CR00003254,12/25/2023 12:26:00 PM,45,CLEAR,DARKNESS - LIGHTED ROAD,TURNING,NOT DIVIDED,UNKNOWN,FAILING TO YIELD RIGHT-OF-WAY,UNABLE TO DETERMINE,0,0,0,0,12,2,12,772,47TH ST,41.882485,-87.640188,12/25/2023 01:26:00 PM,2023
CR00003255,05/03/2020 08:10:00 AM,20,RAIN,DARKNESS,REAR END,DIVIDED - W/MEDIAN (NOT RAISED),TRAFFIC SIGNAL,FAILING TO YIELD RIGHT-OF-WAY,WEATHER,0,0,1,1,8,1,5,1415,63RD ST,41.757197,-87.548397,05/03/2020 09:29:00 AM,2020
CR00003256,01/14/2024 06:59:00 AM,30,CLEAR,DARKNESS - LIGHTED ROAD,REAR TO FRONT,ONE-WAY,TRAFFIC SIGNAL,FAILING TO YIELD RIGHT-OF-WAY,NOT APPLICABLE,0,0,1,1,6,1,1,2341,CICERO AVE,41.967835,-87.710988,01/14/2024 08:23:00 AM,2024
CR00003257,03/10/2022 05:47:00 PM,20,RAIN,DAYLIGHT,ANGLE,NOT DIVIDED,NO CONTROLS,FAILING TO REDUCE SPEED,FOLLOWING TOO CLOSELY,0,0,0,0,17,5,3,862,MICHIGAN AVE,41.979782,-87.566378,03/10/2022 07:08:00 PM,2022
CR00003258,10/19/2019 07:15:00 PM,40,CLEAR,DAYLIGHT,REAR END,NOT DIVIDED,TRAFFIC SIGNAL,FOLLOWING TOO CLOSELY,UNABLE TO DETERMINE,0,0,0,0,19,7,10,1276,CICERO AVE,41.918666,-87.774743,10/19/2019 07:47:00 PM,2019
CR00003259,02/10/2017 11:55:00 AM,40,CLEAR,DAYLIGHT,REAR END,NOT DIVIDED,NO CONTROLS,DISREGARDING TRAFFIC SIGNALS,FOLLOWING TOO CLOSELY,0,0,0,0,11,6,2,1989,BROADWAY,41.914724,-87.568323,02/10/2017 01:31:00 PM,2017
CR00003260,11/29/2016 01:28:00 AM,30,CLOUDY/OVERCAST,DAYLIGHT,SIDESWIPE SAME DIRECTION,NOT DIVIDED,NO CONTROLS,FOLLOWING TOO CLOSELY,NOT APPLICABLE,0,0,0,0,1,3,11,1529,DAMEN AVE,41.838379,-87.681483,11/29/2016 03:10:00 AM,2016
CR00003261,10/06/2024 10:28:00 AM,35,CLEAR,DAYLIGHT,ANGLE,FOUR WAY,UNKNOWN,UNABLE TO DETERMINE,UNABLE TO DETERMINE,0,0,2,2,10,1,10,2334,79TH ST,41.853557,-87.735614,10/06/2024 10:51:00 AM,2024
CR00003262,11/10/2020 05:17:00 PM,30,CLEAR,DARKNESS - LIGHTED ROAD,REAR TO FRONT,NOT DIVIDED,TRAFFIC SIGNAL,FAILING TO YIELD RIGHT-OF-WAY,NOT APPLICABLE,0,0,0,0,17,3,11,1875,WESTERN AVE,41.758303,-87.806399,11/10/2020 06:28:00 PM,2020
CR00003263,10/27/2020 03:03:00 PM,25,CLEAR,DAYLIGHT,TURNING,DIVIDED - W/MEDIAN BARRIER,NO CONTROLS,DRIVING SKILLS/KNOWLEDGE/EXPERIENCE,DRIVING SKILLS/KNOWLEDGE/EXPERIENCE,0,0,3,3,15,3,10,798,DAMEN AVE,41.905136,-87.836788,10/27/2020 04:29:00 PM,2020
CR00003264,09/26/2015 02:13:00 PM,40,CLEAR,DAYLIGHT,REAR TO FRONT,DIVIDED - W/MEDIAN (NOT RAISED),NO CONTROLS,UNABLE TO DETERMINE,FOLLOWING TOO CLOSELY,0,0,0,0,14,7,9,2410,KEDZIE AVE,41.81326,-87.525373,09/26/2015 03:57:00 PM,2015
CR00003265,09/25/2022 05:33:00 AM,45,CLOUDY/OVERCAST,DAYLIGHT,ANGLE,T-INTERSECTION,NO CONTROLS,FOLLOWING TOO CLOSELY,FOLLOWING TOO CLOSELY,0,0,0,0,5,1,9,127,79TH ST,41.835427,-87.803206,09/25/2022 05:53:00 AM,2022
CR00003266,07/27/2017 12:49:00 AM,30,CLEAR,DAYLIGHT,SIDESWIPE SAME DIRECTION,ONE-WAY,NO CONTROLS,DISREGARDING TRAFFIC SIGNALS,IMPROPER OVERTAKING/PASSING,0,0,1,1,0,5,7,909,ELSTON AVE,41.870306,-87.620914,07/27/2017 01:41:00 AM,2017
CR00003267,09/29/2022 01:35:00 PM,40,CLEAR,DARKNESS - LIGHTED ROAD,REAR END,DIVIDED - W/MEDIAN (NOT RAISED),TRAFFIC SIGNAL,UNABLE TO DETERMINE,DISTRACTION - FROM INSIDE VEHICLE,0,1,1,2,13,5,9,2474,STONY ISLAND AVE,41.966416,-87.793522,09/29/2022 02:38:00 PM,2022
CR00003268,02/04/2019 06:32:00 PM,35,CLEAR,DAYLIGHT,TURNING,NOT DIVIDED,STOP SIGN/FLASHER,FOLLOWING TOO CLOSELY,FOLLOWING TOO CLOSELY,0,0,0,0,18,2,2,2162,CLARK ST,41.710253,-87.788783,02/04/2019 06:58:00 PM,2019
CR00003269,10/25/2015 07:30:00 PM,35,CLEAR,DARKNESS - LIGHTED ROAD,REAR END,ONE-WAY,NO CONTROLS,FAILING TO YIELD RIGHT-OF-WAY,NOT APPLICABLE,0,0,0,0,19,1,10,1127,OGDEN AVE,41.836523,-87.845331,10/25/2015 08:36:00 PM,2015
CR00003270,09/15/2020 04:00:00 AM,35,CLEAR,DAYLIGHT,REAR END,ONE-WAY,TRAFFIC SIGNAL,DISTRACTION - FROM INSIDE VEHICLE,FOLLOWING TOO CLOSELY,0,0,0,0,4,3,9,1919,DIVISION ST,41.709085,-87.644319,09/15/2020 04:54:00 AM,2020
CR00003271,02/08/2022 08:38:00 AM,15,FREEZING RAIN/DRIZZLE,DARKNESS - LIGHTED ROAD,REAR END,NOT DIVIDED,TRAFFIC SIGNAL,DISTRACTION - FROM INSIDE VEHICLE,DRIVING SKILLS/KNOWLEDGE/EXPERIENCE,0,0,0,0,8,3,2,494,STATE ST,41.798681,-87.628029,02/08/2022 09:07:00 AM,2022
CR00003272,10/10/2019 04:22:00 PM,45,CLEAR,DUSK,REAR END,NOT DIVIDED,PEDESTRIAN CROSSING SIGN,UNABLE TO DETERMINE,UNABLE TO DETERMINE,0,0,0,0,16,5,10,1896,STONY ISLAND AVE,41.795011,-87.560363,10/10/2019 05:16:00 PM,2019
CR00003273,02/03/2022 10:52:00 AM,35,SNOW,DAWN,REAR TO FRONT,NOT DIVIDED,NO CONTROLS,UNABLE TO DETERMINE,NOT APPLICABLE,0,0,0,0,10,5,2,1692,LAKE SHORE DR,41.72974,-87.612309,02/03/2022 11:36:00 AM,2022
CR00003274,03/13/2021 01:04:00 AM,30,CLOUDY/OVERCAST,DAYLIGHT,REAR END,ONE-WAY,NO CONTROLS,FOLLOWING TOO CLOSELY,FOLLOWING TOO CLOSELY,0,0,0,0,1,7,3,1892,ASHLAND AVE,41.783832,-87.678075,03/13/2021 01:15:00 AM,2021
CR00003275,12/12/2024 07:02:00 AM,35,CLEAR,DAYLIGHT,TURNING,ONE-WAY,STOP SIGN/FLASHER,DRIVING SKILLS/KNOWLEDGE/EXPERIENCE,FAILING TO YIELD RIGHT-OF-WAY,0,0,1,1,7,5,12,387,LAKE SHORE DR,41.86455,-87.74235,12/12/2024 07:45:00 AM,2024
CR00003276,06/25/2017 09:51:00 PM,35,FOG/SMOKE/HAZE,DAYLIGHT,PARKED MOTOR VEHICLE,FOUR WAY,STOP SIGN/FLASHER,FOLLOWING TOO CLOSELY,DISTRACTION - FROM INSIDE VEHICLE,0,0,0,0,21,1,6,371,47TH ST,41.835631,-87.510898,06/25/2017 09:55:00 PM,2017
CR00003277,09/10/2017 01:35:00 PM,35,CLEAR,DAYLIGHT,FIXED OBJECT,DIVIDED - W/MEDIAN (NOT RAISED),STOP SIGN/FLASHER,DRIVING SKILLS/KNOWLEDGE/EXPERIENCE,FOLLOWING TOO CLOSELY,0,0,0,0,13,1,9,998,DAMEN AVE,41.874639,-87.700675,09/10/2017 03:14:00 PM,2017
CR00003278,07/16/2019 06:15:00 PM,35,FREEZING RAIN/DRIZZLE,DAYLIGHT,ANGLE,NOT DIVIDED,TRAFFIC SIGNAL,UNABLE TO DETERMINE,FOLLOWING TOO CLOSELY,0,0,0,0,18,3,7,2073,CALIFORNIA AVE,41.842688,-87.557994,07/16/2019 07:03:00 PM,2019
CR00003279,05/26/2020 06:31:00 PM,20,CLEAR,DARKNESS,ANGLE,DIVIDED - W/MEDIAN BARRIER,NO CONTROLS,IMPROPER OVERTAKING/PASSING,FOLLOWING TOO CLOSELY,0,2,1,3,18,3,5,1378,ELSTON AVE,41.989362,-87.673214,05/26/2020 07:24:00 PM,2020
CR00003280,10/28/2024 04:57:00 PM,15,CLEAR,DAYLIGHT,SIDESWIPE SAME DIRECTION,NOT DIVIDED,TRAFFIC SIGNAL,UNABLE TO DETERMINE,UNABLE TO DETERMINE,0,0,0,0,16,2,10,1539,BROADWAY,41.927575,-87.539659,10/28/2024 05:46:00 PM,2024
CR00003281,07/26/2020 05:03:00 PM,45,CLEAR,DARKNESS - LIGHTED ROAD,ANGLE,ONE-WAY,NO CONTROLS,FAILING TO YIELD RIGHT-OF-WAY,WEATHER,0,0,0,0,17,1,7,544,ROOSEVELT RD,41.995828,-87.565796,07/26/2020 05:26:00 PM,2020
CR00003282,01/14/2015 08:28:00 AM,15,CLEAR,DARKNESS - LIGHTED ROAD,PEDESTRIAN,NOT DIVIDED,NO CONTROLS,UNABLE TO DETERMINE,IMPROPER OVERTAKING/PASSING,0,0,0,0,8,4,1,1146,CICERO AVE,41.762497,-87.793353,01/14/2015 09:06:00 AM,2015
CR00003283,01/04/2022 07:27:00 AM,35,CLEAR,DAYLIGHT,REAR END,NOT DIVIDED,TRAFFIC SIGNAL,FAILING TO YIELD RIGHT-OF-WAY,WEATHER,0,0,0,0,7,3,1,516,DIVISION ST,41.946596,-87.521765,01/04/2022 08:33:00 AM,2022
CR00003284,04/04/2024 04:29:00 PM,20,CLEAR,DAYLIGHT,PARKED MOTOR VEHICLE,NOT DIVIDED,NO CONTROLS,UNABLE TO DETERMINE,FAILING TO REDUCE SPEED,1,0,3,4,16,5,4,2029,ARCHER AVE,41.762093,-87.573254,04/04/2024 05:56:00 PM,2024
CR00003285,08/05/2021 10:11:00 AM,30,CLEAR,DAYLIGHT,TURNING,DIVIDED - W/MEDIAN (NOT RAISED),TRAFFIC SIGNAL,FOLLOWING TOO CLOSELY,DRIVING SKILLS/KNOWLEDGE/EXPERIENCE,0,0,0,0,10,5,8,1648,KEDZIE AVE,41.712842,-87.539427,08/05/2021 11:03:00 AM,2021
CR00003286,02/12/2022 07:35:00 AM,15,CLEAR,DAYLIGHT,REAR END,DIVIDED - W/MEDIAN (NOT RAISED),TRAFFIC SIGNAL,IMPROPER OVERTAKING/PASSING,UNABLE TO DETERMINE,0,0,0,0,7,7,2,2243,47TH ST,41.703227,-87.532694,02/12/2022 08:39:00 AM,2022
CR00003287,01/06/2022 08:53:00 PM,15,CLOUDY/OVERCAST,DAYLIGHT,TURNING,NOT DIVIDED,TRAFFIC SIGNAL,FAILING TO REDUCE SPEED,NOT APPLICABLE,0,0,0,0,20,5,1,373,63RD ST,41.715238,-87.708346,01/06/2022 10:33:00 PM,2022
CR00003288,11/05/2018 08:05:00 AM,30,CLEAR,DARKNESS,TURNING,DIVIDED - W/MEDIAN (NOT RAISED),STOP SIGN/FLASHER,IMPROPER OVERTAKING/PASSING,FAILING TO REDUCE SPEED,0,0,0,0,8,2,11,2516,CICERO AVE,41.821762,-87.568423,11/05/2018 08:27:00 AM,2018
CR00003289,09/21/2020 05:18:00 AM,35,RAIN,DAYLIGHT,TURNING,DIVIDED - W/MEDIAN (NOT RAISED),TRAFFIC SIGNAL,FAILING TO YIELD RIGHT-OF-WAY,FOLLOWING TOO CLOSELY,0,0,0,0,5,2,9,1710,WESTERN AVE,41.927744,-87.53637,09/21/2020 07:03:00 AM,2020
CR00003290,04/24/2019 04:12:00 PM,30,CLEAR,DARKNESS - LIGHTED ROAD,ANGLE,NOT DIVIDED,STOP SIGN/FLASHER,FOLLOWING TOO CLOSELY,IMPROPER LANE USAGE,0,0,0,0,16,4,4,2511,DAMEN AVE,41.999856,-87.703728,04/24/2019 05:00:00 PM,2019
CR00003291,08/07/2021 01:24:00 PM,20,CLEAR,DAYLIGHT,REAR TO FRONT,DIVIDED - W/MEDIAN (NOT RAISED),TRAFFIC SIGNAL,DRIVING SKILLS/KNOWLEDGE/EXPERIENCE,UNABLE TO DETERMINE,0,0,0,0,13,7,8,1281,ASHLAND AVE,41.86402,-87.576512,08/07/2021 03:24:00 PM,2021
CR00003292,03/30/2018 05:01:00 PM,35,CLEAR,DAYLIGHT,REAR END,NOT DIVIDED,YIELD,FAILING TO YIELD RIGHT-OF-WAY,UNABLE TO DETERMINE,0,0,0,0,17,6,3,2409,MICHIGAN AVE,41.994339,-87.521813,03/30/2018 06:09:00 PM,2018
CR00003293,09/19/2024 02:39:00 PM,45,CLEAR,DAYLIGHT,PARKED MOTOR VEHICLE,FOUR WAY,UNKNOWN,FOLLOWING TOO CLOSELY,FOLLOWING TOO CLOSELY,0,0,0,0,14,5,9,982,CICERO AVE,41.749415,-87.620766,09/19/2024 04:34:00 PM,2024
CR00003294,09/12/2022 07:05:00 AM,45,CLEAR,DAYLIGHT,ANGLE,NOT DIVIDED,TRAFFIC SIGNAL,FAILING TO YIELD RIGHT-OF-WAY,FAILING TO YIELD RIGHT-OF-WAY,0,0,1,1,7,2,9,2381,LAKE SHORE DR,41.799108,-87.696166,09/12/2022 08:24:00 AM,2022
CR00003295,06/21/2016 09:03:00 AM,40,CLEAR,DAYLIGHT,FIXED OBJECT,NOT DIVIDED,STOP SIGN/FLASHER,FAILING TO REDUCE SPEED,FAILING TO YIELD RIGHT-OF-WAY,0,0,0,0,9,3,6,547,PULASKI RD,41.762922,-87.703316,06/21/2016 10:01:00 AM,2016
CR00003296,03/12/2018 06:15:00 AM,45,CLEAR,DARKNESS - LIGHTED ROAD,FIXED OBJECT,DIVIDED - W/MEDIAN BARRIER,STOP SIGN/FLASHER,UNABLE TO DETERMINE,DISREGARDING TRAFFIC SIGNALS,0,0,0,0,6,2,3,626,ROOSEVELT RD,41.83663,-87.515962,03/12/2018 07:18:00 AM,2018
CR00003297,06/27/2016 09:55:00 AM,35,CLEAR,DAYLIGHT,TURNING,T-INTERSECTION,TRAFFIC SIGNAL,IMPROPER LANE USAGE,UNABLE TO DETERMINE,0,0,0,0,9,2,6,641,WESTERN AVE,41.843832,-87.68623,06/27/2016 11:11:00 AM,2016
CR00003298,05/23/2024 05:19:00 PM,45,CLOUDY/OVERCAST,DAYLIGHT,SIDESWIPE SAME DIRECTION,NOT DIVIDED,STOP SIGN/FLASHER,DISREGARDING TRAFFIC SIGNALS,DRIVING SKILLS/KNOWLEDGE/EXPERIENCE,0,0,0,0,17,5,5,666,BROADWAY,41.901005,-87.527096,05/23/2024 06:28:00 PM,2024