CRASH_RECORD_ID,CRASH_DATE,POSTED_SPEED_LIMIT,WEATHER_CONDITION,LIGHTING_CONDITION,FIRST_CRASH_TYPE,TRAFFICWAY_TYPE,TRAFFIC_CONTROL_DEVICE,PRIM_CONTRIBUTORY_CAUSE,SEC_CONTRIBUTORY_CAUSE,INJURIES_FATAL,INJURIES_INCAPACITATING,INJURIES_NON_INCAPACITATING,INJURIES_TOTAL,CRASH_HOUR,CRASH_DAY_OF_WEEK,CRASH_MONTH,BEAT_OF_OCCURRENCE,STREET_NAME,LATITUDE,LONGITUDE,DATE_POLICE_NOTIFIED,year
CR00003299,06/04/2024 04:28:00 PM,35,CLEAR,DARKNESS - LIGHTED ROAD,SIDESWIPE SAME DIRECTION,T-INTERSECTION,TRAFFIC SIGNAL,DRIVING SKILLS/KNOWLEDGE/EXPERIENCE,FAILING TO YIELD RIGHT-OF-WAY,0,0,0,0,16,3,6,2173,DIVISION ST,41.783649,-87.807621,06/04/2024 05:55:00 PM,2024
CR00003300,07/16/2021 01:38:00 PM,20,CLEAR,DARKNESS,SIDESWIPE SAME DIRECTION,DIVIDED - W/MEDIAN (NOT RAISED),STOP SIGN/FLASHER,UNABLE TO DETERMINE,DISREGARDING TRAFFIC SIGNALS,0,0,2,2,13,6,7,1268,DIVISION ST,41.769584,-87.530481,07/16/2021 02:17:00 PM,2021
CR00003301,08/05/2015 06:18:00 PM,30,CLOUDY/OVERCAST,DAYLIGHT,ANGLE,ONE-WAY,TRAFFIC SIGNAL,UNABLE TO DETERMINE,UNABLE TO DETERMINE,0,1,0,1,18,4,8,1468,STATE ST,41.835819,-87.723195,08/05/2015 06:53:00 PM,2015
CR00003302,02/28/2020 10:41:00 PM,30,CLEAR,DARKNESS - LIGHTED ROAD,SIDESWIPE SAME DIRECTION,FOUR WAY,NO CONTROLS,FOLLOWING TOO CLOSELY,FAILING TO YIELD RIGHT-OF-WAY,0,0,0,0,22,6,2,129,MICHIGAN AVE,41.842576,-87.533309,02/28/2020 11:40:00 PM,2020
CR00003303,01/13/2020 04:10:00 PM,20,SNOW,DAYLIGHT,ANGLE,FOUR WAY,STOP SIGN/FLASHER,FAILING TO YIELD RIGHT-OF-WAY,DRIVING SKILLS/KNOWLEDGE/EXPERIENCE,0,1,2,3,16,2,1,2126,LAKE SHORE DR,41.856958,-87.640584,01/13/2020 05:39:00 PM,2020
CR00003304,02/24/2020 12:57:00 AM,45,CLEAR,DARKNESS - LIGHTED ROAD,PARKED MOTOR VEHICLE,NOT DIVIDED,TRAFFIC SIGNAL,FAILING TO YIELD RIGHT-OF-WAY,IMPROPER OVERTAKING/PASSING,0,0,0,0,0,2,2,2058,47TH ST,41.807469,-87.812791,02/24/2020 02:11:00 AM,2020
CR00003305,08/27/2023 10:49:00 AM,35,FREEZING RAIN/DRIZZLE,DARKNESS - LIGHTED ROAD,REAR END,ONE-WAY,TRAFFIC SIGNAL,UNABLE TO DETERMINE,FAILING TO YIELD RIGHT-OF-WAY,0,0,0,0,10,1,8,1764,ROOSEVELT RD,41.818324,-87.76431,08/27/2023 12:27:00 PM,2023
CR00003306,12/06/2019 07:48:00 PM,30,CLEAR,DAYLIGHT,SIDESWIPE SAME DIRECTION,NOT DIVIDED,NO CONTROLS,UNABLE TO DETERMINE,DISREGARDING TRAFFIC SIGNALS,0,0,1,1,19,6,12,1779,HALSTED ST,41.938659,-87.582039,12/06/2019 08:39:00 PM,2019
CR00003307,05/26/2018 06:52:00 PM,35,CLEAR,DAYLIGHT,SIDESWIPE SAME DIRECTION,ONE-WAY,TRAFFIC SIGNAL,IMPROPER OVERTAKING/PASSING,UNABLE TO DETERMINE,0,0,0,0,18,7,5,1381,MICHIGAN AVE,41.826414,-87.840471,05/26/2018 07:25:00 PM,2018
CR00003308,06/03/2019 10:17:00 AM,20,SNOW,DAYLIGHT,TURNING,NOT DIVIDED,NO CONTROLS,DRIVING SKILLS/KNOWLEDGE/EXPERIENCE,DISTRACTION - FROM INSIDE VEHICLE,0,0,3,3,10,2,6,228,CICERO AVE,41.894952,-87.749458,06/03/2019 10:34:00 AM,2019
CR00003309,11/09/2022 08:55:00 AM,25,CLEAR,DAYLIGHT,REAR END,DIVIDED - W/MEDIAN BARRIER,STOP SIGN/FLASHER,UNABLE TO DETERMINE,NOT APPLICABLE,0,0,0,0,8,4,11,176,ARCHER AVE,41.77486,-87.760868,11/09/2022 10:00:00 AM,2022
CR00003310,10/05/2017 12:20:00 PM,45,CLEAR,DARKNESS - LIGHTED ROAD,REAR END,NOT DIVIDED,NO CONTROLS,IMPROPER LANE USAGE,UNABLE TO DETERMINE,0,0,0,0,12,5,10,994,KEDZIE AVE,41.889895,-87.710215,10/05/2017 01:15:00 PM,2017
CR00003311,01/02/2016 08:57:00 PM,20,CLEAR,DARKNESS - LIGHTED ROAD,TURNING,DIVIDED - W/MEDIAN (NOT RAISED),TRAFFIC SIGNAL,FAILING TO REDUCE SPEED,FOLLOWING TOO CLOSELY,0,0,0,0,20,7,1,695,CALIFORNIA AVE,41.941844,-87.844897,01/02/2016 09:32:00 PM,2016
CR00003312,09/30/2019 03:26:00 PM,45,CLOUDY/OVERCAST,DAYLIGHT,SIDESWIPE SAME DIRECTION,NOT DIVIDED,NO CONTROLS,FOLLOWING TOO CLOSELY,FAILING TO YIELD RIGHT-OF-WAY,0,0,2,2,15,2,9,1372,HALSTED ST,41.83472,-87.528986,09/30/2019 05:14:00 PM,2019
CR00003313,03/23/2015 05:35:00 AM,20,CLEAR,DARKNESS,FIXED OBJECT,NOT DIVIDED,STOP SIGN/FLASHER,FAILING TO REDUCE SPEED,WEATHER,0,0,0,0,5,2,3,1590,PULASKI RD,41.938957,-87.693288,03/23/2015 06:24:00 AM,2015
CR00003314,03/15/2023 01:18:00 PM,35,CLEAR,DARKNESS,REAR END,FOUR WAY,TRAFFIC SIGNAL,FAILING TO YIELD RIGHT-OF-WAY,NOT APPLICABLE,0,0,0,0,13,4,3,675,KEDZIE AVE,41.764142,-87.662878,03/15/2023 01:27:00 PM,2023
CR00003315,11/13/2017 05:27:00 PM,20,CLEAR,DARKNESS - LIGHTED ROAD,REAR END,NOT DIVIDED,YIELD,WEATHER,DRIVING SKILLS/KNOWLEDGE/EXPERIENCE,0,0,0,0,17,2,11,1248,ROOSEVELT RD,41.967963,-87.723299,11/13/2017 06:22:00 PM,2017
CR00003316,08/12/2019 02:43:00 PM,45,FOG/SMOKE/HAZE,DARKNESS - LIGHTED ROAD,PARKED MOTOR VEHICLE,NOT DIVIDED,UNKNOWN,DRIVING SKILLS/KNOWLEDGE/EXPERIENCE,NOT APPLICABLE,0,0,0,0,14,2,8,569,CLARK ST,41.778093,-87.613797,08/12/2019 02:53:00 PM,2019
CR00003317,08/15/2022 08:52:00 AM,30,CLEAR,DAYLIGHT,PARKED MOTOR VEHICLE,DIVIDED - W/MEDIAN BARRIER,TRAFFIC SIGNAL,UNABLE TO DETERMINE,NOT APPLICABLE,0,0,0,0,8,2,8,2282,63RD ST,41.763606,-87.54323,08/15/2022 10:14:00 AM,2022
CR00003318,09/06/2024 01:51:00 PM,20,FOG/SMOKE/HAZE,DAYLIGHT,ANGLE,NOT DIVIDED,UNKNOWN,IMPROPER OVERTAKING/PASSING,NOT APPLICABLE,0,0,0,0,13,6,9,1464,CICERO AVE,41.7007,-87.607253,09/06/2024 02:57:00 PM,2024
CR00003319,09/29/2017 07:48:00 PM,20,CLEAR,DUSK,SIDESWIPE SAME DIRECTION,NOT DIVIDED,TRAFFIC SIGNAL,FAILING TO REDUCE SPEED,NOT APPLICABLE,0,0,0,0,19,6,9,2294,HALSTED ST,41.71301,-87.614569,09/29/2017 09:08:00 PM,2017
CR00003320,07/06/2022 09:03:00 AM,35,CLOUDY/OVERCAST,DAYLIGHT,REAR END,NOT DIVIDED,NO CONTROLS,FAILING TO YIELD RIGHT-OF-WAY,IMPROPER LANE USAGE,0,0,0,0,9,4,7,194,63RD ST,41.901486,-87.739656,07/06/2022 09:38:00 AM,2022
CR00003321,01/13/2022 05:27:00 PM,45,CLEAR,DAYLIGHT,PARKED MOTOR VEHICLE,DIVIDED - W/MEDIAN (NOT RAISED),NO CONTROLS,FOLLOWING TOO CLOSELY,FOLLOWING TOO CLOSELY,0,0,0,0,17,5,1,104,MICHIGAN AVE,41.887271,-87.57621,01/13/2022 06:12:00 PM,2022
CR00003322,05/01/2016 11:34:00 AM,30,CLEAR,DAWN,REAR END,ONE-WAY,NO CONTROLS,FAILING TO REDUCE SPEED,FOLLOWING TOO CLOSELY,0,0,0,0,11,1,5,1141,63RD ST,41.792813,-87.511928,05/01/2016 12:51:00 PM,2016
CR00003323,03/11/2015 03:37:00 AM,15,CLEAR,DARKNESS - LIGHTED ROAD,ANGLE,NOT DIVIDED,NO CONTROLS,FOLLOWING TOO CLOSELY,FAILING TO REDUCE SPEED,0,0,1,1,3,4,3,873,FULLERTON AVE,41.73224,-87.725778,03/11/2015 05:36:00 AM,2015
CR00003324,04/21/2015 02:15:00 AM,25,CLOUDY/OVERCAST,DARKNESS - LIGHTED ROAD,REAR END,DIVIDED - W/MEDIAN (NOT RAISED),NO CONTROLS,UNABLE TO DETERMINE,NOT APPLICABLE,0,0,0,0,2,3,4,1455,63RD ST,41.890206,-87.58275,04/21/2015 02:42:00 AM,2015
CR00003325,02/01/2019 08:45:00 PM,25,CLEAR,DAYLIGHT,PARKED MOTOR VEHICLE,ONE-WAY,TRAFFIC SIGNAL,FAILING TO YIELD RIGHT-OF-WAY,NOT APPLICABLE,0,0,0,0,20,6,2,1513,ROOSEVELT RD,41.803858,-87.525038,02/01/2019 09:34:00 PM,2019
CR00003326,12/18/2019 04:44:00 PM,45,RAIN,DAWN,SIDESWIPE SAME DIRECTION,NOT DIVIDED,NO CONTROLS,UNABLE TO DETERMINE,IMPROPER LANE USAGE,0,0,0,0,16,4,12,1538,CICERO AVE,41.995262,-87.769697,12/18/2019 05:16:00 PM,2019
CR00003327,01/18/2021 03:32:00 PM,25,CLEAR,DAYLIGHT,FIXED OBJECT,ONE-WAY,TRAFFIC SIGNAL,IMPROPER OVERTAKING/PASSING,UNABLE TO DETERMINE,0,0,0,0,15,2,1,2187,MICHIGAN AVE,41.833476,-87.696038,01/18/2021 05:30:00 PM,2021
CR00003328,10/09/2021 02:33:00 PM,40,CLEAR,DAYLIGHT,PARKED MOTOR VEHICLE,FOUR WAY,STOP SIGN/FLASHER,WEATHER,FAILING TO REDUCE SPEED,0,0,0,0,14,7,10,2240,CLARK ST,41.904636,-87.825085,10/09/2021 03:51:00 PM,2021
CR00003329,07/14/2019 07:50:00 PM,30,CLEAR,DAYLIGHT,REAR END,DIVIDED - W/MEDIAN BARRIER,TRAFFIC SIGNAL,FAILING TO REDUCE SPEED,DISREGARDING TRAFFIC SIGNALS,0,0,0,0,19,1,7,1644,79TH ST,41.919373,-87.558598,07/14/2019 09:27:00 PM,2019
CR00003330,03/30/2020 12:57:00 AM,40,CLEAR,DAYLIGHT,ANGLE,DIVIDED - W/MEDIAN (NOT RAISED),TRAFFIC SIGNAL,UNABLE TO DETERMINE,NOT APPLICABLE,0,0,0,0,0,2,3,2474,ELSTON AVE,41.746963,-87.815208,03/30/2020 02:06:00 AM,2020
CR00003331,10/06/2024 02:42:00 AM,25,CLEAR,DAYLIGHT,TURNING,ONE-WAY,NO CONTROLS,IMPROPER OVERTAKING/PASSING,FOLLOWING TOO CLOSELY,0,0,0,0,2,1,10,952,FULLERTON AVE,41.845691,-87.539876,10/06/2024 04:07:00 AM,2024
CR00003332,03/27/2015 05:25:00 PM,30,FREEZING RAIN/DRIZZLE,DAYLIGHT,REAR END,DIVIDED - W/MEDIAN BARRIER,TRAFFIC SIGNAL,FOLLOWING TOO CLOSELY,DISTRACTION - FROM INSIDE VEHICLE,0,1,1,2,17,6,3,514,FULLERTON AVE,41.884163,-87.835498,03/27/2015 06:04:00 PM,2015
CR00003333,06/04/2020 05:58:00 AM,20,CLEAR,DAYLIGHT,REAR TO FRONT,NOT DIVIDED,YIELD,FAILING TO YIELD RIGHT-OF-WAY,IMPROPER OVERTAKING/PASSING,0,0,0,0,5,5,6,836,DIVISION ST,41.887243,-87.61457,06/04/2020 06:14:00 AM,2020
CR00003334,08/21/2022 05:04:00 PM,25,CLEAR,DAYLIGHT,PARKED MOTOR VEHICLE,T-INTERSECTION,TRAFFIC SIGNAL,FAILING TO YIELD RIGHT-OF-WAY,DISTRACTION - FROM INSIDE VEHICLE,0,0,0,0,17,1,8,1821,STATE ST,41.885516,-87.629431,08/21/2022 07:03:00 PM,2022
CR00003335,06/03/2020 04:01:00 AM,30,CLEAR,DAYLIGHT,REAR END,DIVIDED - W/MEDIAN BARRIER,UNKNOWN,UNABLE TO DETERMINE,DRIVING SKILLS/KNOWLEDGE/EXPERIENCE,0,0,0,0,4,4,6,1115,ASHLAND AVE,41.871942,-87.728701,06/03/2020 04:58:00 AM,2020
CR00003336,09/05/2022 08:48:00 PM,20,RAIN,DARKNESS - LIGHTED ROAD,SIDESWIPE SAME DIRECTION,NOT DIVIDED,NO CONTROLS,FOLLOWING TOO CLOSELY,UNABLE TO DETERMINE,0,0,0,0,20,2,9,2429,PULASKI RD,41.895426,-87.823668,09/05/2022 09:38:00 PM,2022
CR00003337,09/01/2015 11:31:00 PM,30,CLEAR,DAYLIGHT,ANGLE,DIVIDED - W/MEDIAN (NOT RAISED),NO CONTROLS,FOLLOWING TOO CLOSELY,UNABLE TO DETERMINE,0,0,0,0,23,3,9,2378,63RD ST,41.942202,-87.715885,09/02/2015 12:20:00 AM,2015
CR00003338,08/21/2017 06:25:00 AM,35,CLOUDY/OVERCAST,DAYLIGHT,SIDESWIPE SAME DIRECTION,ONE-WAY,NO CONTROLS,UNABLE TO DETERMINE,FAILING TO YIELD RIGHT-OF-WAY,0,0,0,0,6,2,8,297,BROADWAY,41.763678,-87.552044,08/21/2017 07:04:00 AM,2017
CR00003339,09/09/2015 02:29:00 PM,30,CLEAR,DARKNESS - LIGHTED ROAD,REAR END,NOT DIVIDED,NO CONTROLS,IMPROPER OVERTAKING/PASSING,UNABLE TO DETERMINE,0,0,3,3,14,4,9,204,OGDEN AVE,41.85949,-87.633504,09/09/2015 02:39:00 PM,2015
CR00003340,05/30/2022 09:30:00 AM,20,SNOW,DAYLIGHT,TURNING,NOT DIVIDED,UNKNOWN,FAILING TO YIELD RIGHT-OF-WAY,WEATHER,0,0,0,0,9,2,5,1700,STATE ST,41.983206,-87.663428,05/30/2022 09:36:00 AM,2022
CR00003341,03/19/2020 05:55:00 PM,35,FOG/SMOKE/HAZE,DAYLIGHT,TURNING,FOUR WAY,NO CONTROLS,UNABLE TO DETERMINE,NOT APPLICABLE,0,0,0,0,17,5,3,1021,BROADWAY,41.92206,-87.661227,03/19/2020 06:43:00 PM,2020
CR00003342,01/18/2022 02:55:00 PM,30,FREEZING RAIN/DRIZZLE,DARKNESS - LIGHTED ROAD,PARKED MOTOR VEHICLE,NOT DIVIDED,NO CONTROLS,IMPROPER LANE USAGE,WEATHER,0,0,0,0,14,3,1,2491,79TH ST,41.889969,-87.587375,01/18/2022 04:53:00 PM,2022
CR00003343,06/09/2017 07:52:00 PM,40,CLEAR,DAYLIGHT,SIDESWIPE SAME DIRECTION,NOT DIVIDED,NO CONTROLS,FOLLOWING TOO CLOSELY,NOT APPLICABLE,0,0,2,2,19,6,6,968,WESTERN AVE,41.794347,-87.773976,06/09/2017 07:58:00 PM,2017
CR00003344,12/16/2017 05:52:00 PM,15,CLEAR,DAYLIGHT,TURNING,T-INTERSECTION,TRAFFIC SIGNAL,FAILING TO YIELD RIGHT-OF-WAY,FOLLOWING TOO CLOSELY,0,0,0,0,17,7,12,1172,CALIFORNIA AVE,41.707812,-87.687947,12/16/2017 05:57:00 PM,2017
CR00003345,11/23/2018 08:51:00 AM,20,CLEAR,DAYLIGHT,ANGLE,NOT DIVIDED,TRAFFIC SIGNAL,UNABLE TO DETERMINE,UNABLE TO DETERMINE,0,0,0,0,8,6,11,2029,HALSTED ST,41.884819,-87.56827,11/23/2018 10:33:00 AM,2018
CR00003346,03/13/2024 05:12:00 PM,20,CLEAR,DAYLIGHT,TURNING,NOT DIVIDED,STOP SIGN/FLASHER,FOLLOWING TOO CLOSELY,NOT APPLICABLE,0,0,0,0,17,4,3,219,ELSTON AVE,41.952806,-87.727865,03/13/2024 05:33:00 PM,2024
CR00003347,08/07/2023 03:50:00 AM,35,CLOUDY/OVERCAST,DAYLIGHT,REAR END,NOT DIVIDED,PEDESTRIAN CROSSING SIGN,FAILING TO YIELD RIGHT-OF-WAY,DRIVING SKILLS/KNOWLEDGE/EXPERIENCE,0,0,1,1,3,2,8,184,CLARK ST,41.86058,-87.608019,08/07/2023 05:22:00 AM,2023
CR00003348,06/01/2018 06:56:00 PM,35,CLEAR,DAYLIGHT,REAR END,NOT DIVIDED,NO CONTROLS,IMPROPER OVERTAKING/PASSING,UNABLE TO DETERMINE,0,0,0,0,18,6,6,1757,OGDEN AVE,41.819342,-87.738504,06/01/2018 08:43:00 PM,2018
CR00003349,03/08/2016 12:36:00 AM,35,CLEAR,DAYLIGHT,SIDESWIPE SAME DIRECTION,DIVIDED - W/MEDIAN (NOT RAISED),NO CONTROLS,UNABLE TO DETERMINE,FOLLOWING TOO CLOSELY,0,0,0,0,0,3,3,723,DAMEN AVE,41.728426,-87.505561,03/08/2016 02:01:00 AM,2016
CR00003350,06/05/2020 08:52:00 AM,15,CLEAR,DARKNESS - LIGHTED ROAD,TURNING,ONE-WAY,STOP SIGN/FLASHER,FAILING TO YIELD RIGHT-OF-WAY,FOLLOWING TOO CLOSELY,0,0,0,0,8,6,6,1816,ROOSEVELT RD,41.734364,-87.845627,06/05/2020 10:30:00 AM,2020
CR00003351,04/28/2024 10:06:00 AM,30,CLEAR,DARKNESS - LIGHTED ROAD,ANGLE,DIVIDED - W/MEDIAN (NOT RAISED),NO CONTROLS,DISTRACTION - FROM INSIDE VEHICLE,IMPROPER OVERTAKING/PASSING,0,0,0,0,10,1,4,1295,STONY ISLAND AVE,41.965912,-87.727529,04/28/2024 11:24:00 AM,2024
CR00003352,11/05/2018 08:20:00 AM,45,RAIN,DARKNESS,ANGLE,DIVIDED - W/MEDIAN BARRIER,TRAFFIC SIGNAL,DISREGARDING TRAFFIC SIGNALS,UNABLE TO DETERMINE,0,0,0,0,8,2,11,2445,ARCHER AVE,41.977615,-87.661571,11/05/2018 10:07:00 AM,2018
CR00003353,12/29/2015 12:40:00 PM,20,CLEAR,DARKNESS,PEDESTRIAN,NOT DIVIDED,STOP SIGN/FLASHER,FAILING TO YIELD RIGHT-OF-WAY,FAILING TO REDUCE SPEED,0,0,1,1,12,3,12,353,63RD ST,41.896976,-87.59114,12/29/2015 12:44:00 PM,2015
CR00003354,12/07/2019 08:41:00 PM,30,CLEAR,DAYLIGHT,REAR END,FOUR WAY,NO CONTROLS,IMPROPER OVERTAKING/PASSING,NOT APPLICABLE,0,0,1,1,20,7,12,2112,HALSTED ST,41.886296,-87.518907,12/07/2019 10:15:00 PM,2019
CR00003355,10/11/2018 06:37:00 PM,45,CLOUDY/OVERCAST,DAYLIGHT,FIXED OBJECT,DIVIDED - W/MEDIAN BARRIER,STOP SIGN/FLASHER,UNABLE TO DETERMINE,UNABLE TO DETERMINE,0,0,0,0,18,5,10,2168,IRVING PARK RD,41.910605,-87.723511,10/11/2018 08:00:00 PM,2018
CR00003356,04/07/2018 05:25:00 AM,15,CLEAR,DAYLIGHT,ANGLE,DIVIDED - W/MEDIAN BARRIER,YIELD,DRIVING SKILLS/KNOWLEDGE/EXPERIENCE,UNABLE TO DETERMINE,0,0,0,0,5,7,4,1414,ROOSEVELT RD,41.927029,-87.610817,04/07/2018 06:40:00 AM,2018
CR00003357,10/20/2022 07:26:00 PM,15,RAIN,DARKNESS - LIGHTED ROAD,REAR END,DIVIDED - W/MEDIAN (NOT RAISED),NO CONTROLS,DISTRACTION - FROM INSIDE VEHICLE,DRIVING SKILLS/KNOWLEDGE/EXPERIENCE,0,0,0,0,19,5,10,982,STATE ST,41.898492,-87.57295,10/20/2022 07:51:00 PM,2022
CR00003358,03/30/2017 10:52:00 AM,15,CLOUDY/OVERCAST,DARKNESS - LIGHTED ROAD,ANGLE,DIVIDED - W/MEDIAN (NOT RAISED),STOP SIGN/FLASHER,DISTRACTION - FROM INSIDE VEHICLE,NOT APPLICABLE,0,0,0,0,10,5,3,1119,CLARK ST,41.822224,-87.737394,03/30/2017 12:00:00 PM,2017
CR00003359,06/18/2020 07:18:00 AM,35,CLOUDY/OVERCAST,DAYLIGHT,SIDESWIPE SAME DIRECTION,NOT DIVIDED,STOP SIGN/FLASHER,FAILING TO YIELD RIGHT-OF-WAY,FOLLOWING TOO CLOSELY,0,0,2,2,7,5,6,2147,CLARK ST,41.816292,-87.816982,06/18/2020 08:27:00 AM,2020
CR00003360,06/18/2016 05:40:00 PM,40,CLEAR,DAYLIGHT,PARKED MOTOR VEHICLE,DIVIDED - W/MEDIAN BARRIER,STOP SIGN/FLASHER,UNABLE TO DETERMINE,IMPROPER LANE USAGE,0,0,0,0,17,7,6,1474,ASHLAND AVE,41.817252,-87.76731,06/18/2016 06:19:00 PM,2016
CR00003361,09/19/2019 06:10:00 PM,30,CLEAR,DAYLIGHT,TURNING,NOT DIVIDED,TRAFFIC SIGNAL,IMPROPER OVERTAKING/PASSING,NOT APPLICABLE,0,0,0,0,18,5,9,942,MICHIGAN AVE,41.87677,-87.655229,09/19/2019 06:55:00 PM,2019
CR00003362,02/23/2016 08:21:00 AM,40,CLEAR,DAYLIGHT,TURNING,NOT DIVIDED,NO CONTROLS,UNABLE TO DETERMINE,FOLLOWING TOO CLOSELY,0,0,0,0,8,3,2,527,DIVISION ST,41.73919,-87.581008,02/23/2016 10:09:00 AM,2016
CR00003363,12/17/2019 07:16:00 PM,25,FREEZING RAIN/DRIZZLE,DAYLIGHT,SIDESWIPE SAME DIRECTION,DIVIDED - W/MEDIAN (NOT RAISED),STOP SIGN/FLASHER,FAILING TO YIELD RIGHT-OF-WAY,DRIVING SKILLS/KNOWLEDGE/EXPERIENCE,0,0,0,0,19,3,12,1456,IRVING PARK RD,41.996194,-87.701136,12/17/2019 08:48:00 PM,2019
CR00003364,04/15/2016 01:37:00 PM,30,CLEAR,DARKNESS,FIXED OBJECT,NOT DIVIDED,STOP SIGN/FLASHER,DRIVING SKILLS/KNOWLEDGE/EXPERIENCE,FOLLOWING TOO CLOSELY,0,0,0,0,13,6,4,1442,STATE ST,41.842999,-87.824747,04/15/2016 01:51:00 PM,2016
CR00003365,03/16/2022 02:01:00 PM,30,CLEAR,DAYLIGHT,FIXED OBJECT,DIVIDED - W/MEDIAN (NOT RAISED),UNKNOWN,DRIVING SKILLS/KNOWLEDGE/EXPERIENCE,UNABLE TO DETERMINE,0,0,0,0,14,4,3,2085,DAMEN AVE,41.950203,-87.847513,03/16/2022 02:04:00 PM,2022
CR00003366,09/15/2019 10:34:00 AM,30,CLEAR,DAYLIGHT,TURNING,DIVIDED - W/MEDIAN (NOT RAISED),NO CONTROLS,IMPROPER OVERTAKING/PASSING,DRIVING SKILLS/KNOWLEDGE/EXPERIENCE,0,0,0,0,10,1,9,1062,KEDZIE AVE,41.789435,-87.770954,09/15/2019 12:00:00 PM,2019
CR00003367,12/05/2018 05:18:00 PM,30,CLEAR,DAYLIGHT,SIDESWIPE SAME DIRECTION,T-INTERSECTION,TRAFFIC SIGNAL,DRIVING SKILLS/KNOWLEDGE/EXPERIENCE,UNABLE TO DETERMINE,0,0,0,0,17,4,12,1684,WESTERN AVE,41.891162,-87.544208,12/05/2018 05:35:00 PM,2018
CR00003368,06/10/2022 08:56:00 AM,30,CLEAR,DAYLIGHT,REAR END,NOT DIVIDED,NO CONTROLS,UNABLE TO DETERMINE,DISTRACTION - FROM INSIDE VEHICLE,0,0,0,0,8,6,6,2470,79TH ST,41.774496,-87.812241,06/10/2022 09:51:00 AM,2022
CR00003369,03/23/2016 02:41:00 AM,45,SNOW,DARKNESS - LIGHTED ROAD,FIXED OBJECT,NOT DIVIDED,STOP SIGN/FLASHER,UNABLE TO DETERMINE,NOT APPLICABLE,0,0,0,0,2,4,3,2463,OGDEN AVE,41.902075,-87.688133,03/23/2016 03:10:00 AM,2016
CR00003370,03/10/2024 05:15:00 PM,20,CLEAR,DAYLIGHT,ANGLE,DIVIDED - W/MEDIAN BARRIER,NO CONTROLS,FOLLOWING TOO CLOSELY,FAILING TO YIELD RIGHT-OF-WAY,0,2,0,2,17,1,3,2155,MILWAUKEE AVE,41.90226,-87.802866,03/10/2024 06:16:00 PM,2024
CR00003371,03/08/2017 10:53:00 PM,30,CLEAR,DARKNESS - LIGHTED ROAD,ANGLE,NOT DIVIDED,NO CONTROLS,DRIVING SKILLS/KNOWLEDGE/EXPERIENCE,UNABLE TO DETERMINE,0,0,0,0,22,4,3,887,WESTERN AVE,41.949919,-87.816361,03/08/2017 11:51:00 PM,2017
CR00003372,11/24/2023 09:56:00 PM,15,CLEAR,DAYLIGHT,REAR END,FOUR WAY,STOP SIGN/FLASHER,WEATHER,FAILING TO YIELD RIGHT-OF-WAY,0,0,0,0,21,6,11,1434,ELSTON AVE,41.87853,-87.794009,11/24/2023 11:09:00 PM,2023
CR00003373,05/26/2023 10:02:00 AM,30,CLEAR,DAYLIGHT,PARKED MOTOR VEHICLE,DIVIDED - W/MEDIAN (NOT RAISED),STOP SIGN/FLASHER,IMPROPER OVERTAKING/PASSING,UNABLE TO DETERMINE,0,0,0,0,10,6,5,2249,WESTERN AVE,41.869514,-87.687396,05/26/2023 10:35:00 AM,2023
CR00003374,11/21/2016 09:35:00 AM,45,CLEAR,DAYLIGHT,FIXED OBJECT,NOT DIVIDED,TRAFFIC SIGNAL,WEATHER,DRIVING SKILLS/KNOWLEDGE/EXPERIENCE,0,1,0,1,9,2,11,2194,WESTERN AVE,41.996264,-87.655952,11/21/2016 10:22:00 AM,2016
CR00003375,01/29/2015 06:15:00 PM,25,CLEAR,DAYLIGHT,ANGLE,DIVIDED - W/MEDIAN BARRIER,TRAFFIC SIGNAL,DISTRACTION - FROM INSIDE VEHICLE,UNABLE TO DETERMINE,0,0,0,0,18,5,1,733,PULASKI RD,41.799654,-87.781709,01/29/2015 07:24:00 PM,2015
CR00003376,06/23/2023 08:00:00 AM,35,RAIN,DUSK,REAR END,NOT DIVIDED,NO CONTROLS,FAILING TO REDUCE SPEED,IMPROPER LANE USAGE,0,0,0,0,8,6,6,2014,BROADWAY,41.718424,-87.549454,06/23/2023 08:09:00 AM,2023
CR00003377,04/06/2022 01:10:00 PM,20,RAIN,DARKNESS - LIGHTED ROAD,REAR END,DIVIDED - W/MEDIAN (NOT RAISED),NO CONTROLS,WEATHER,FAILING TO REDUCE SPEED,0,0,0,0,13,4,4,619,CALIFORNIA AVE,41.780734,-87.728061,04/06/2022 02:40:00 PM,2022
CR00003378,03/25/2023 07:39:00 AM,25,SNOW,DARKNESS - LIGHTED ROAD,TURNING,NOT DIVIDED,TRAFFIC SIGNAL,DRIVING SKILLS/KNOWLEDGE/EXPERIENCE,WEATHER,0,0,0,0,7,7,3,1073,CLARK ST,41.949546,-87.606913,03/25/2023 08:19:00 AM,2023
CR00003379,07/19/2021 07:45:00 AM,30,CLEAR,DARKNESS - LIGHTED ROAD,REAR END,NOT DIVIDED,STOP SIGN/FLASHER,UNABLE TO DETERMINE,WEATHER,0,0,3,3,7,2,7,1040,MICHIGAN AVE,41.846198,-87.620747,07/19/2021 09:04:00 AM,2021