CRASH_RECORD_ID,CRASH_DATE,POSTED_SPEED_LIMIT,WEATHER_CONDITION,LIGHTING_CONDITION,FIRST_CRASH_TYPE,TRAFFICWAY_TYPE,TRAFFIC_CONTROL_DEVICE,PRIM_CONTRIBUTORY_CAUSE,SEC_CONTRIBUTORY_CAUSE,INJURIES_FATAL,INJURIES_INCAPACITATING,INJURIES_NON_INCAPACITATING,INJURIES_TOTAL,CRASH_HOUR,CRASH_DAY_OF_WEEK,CRASH_MONTH,BEAT_OF_OCCURRENCE,STREET_NAME,LATITUDE,LONGITUDE,DATE_POLICE_NOTIFIED,year
CR00003380,01/12/2019 12:54:00 PM,40,SNOW,DAYLIGHT,SIDESWIPE SAME DIRECTION,DIVIDED - W/MEDIAN (NOT RAISED),STOP SIGN/FLASHER,UNABLE TO DETERMINE,DISTRACTION - FROM INSIDE VEHICLE,0,0,0,0,12,7,1,2212,DIVISION ST,41.804531,-87.554169,01/12/2019 01:14:00 PM,2019
CR00003381,02/04/2016 02:05:00 PM,40,CLEAR,DAYLIGHT,REAR END,NOT DIVIDED,UNKNOWN,DISTRACTION - FROM INSIDE VEHICLE,UNABLE TO DETERMINE,0,0,0,0,14,5,2,2504,DAMEN AVE,41.708023,-87.737587,02/04/2016 04:02:00 PM,2016
CR00003382,12/20/2015 09:46:00 AM,45,CLEAR,DAYLIGHT,TURNING,DIVIDED - W/MEDIAN (NOT RAISED),STOP SIGN/FLASHER,FOLLOWING TOO CLOSELY,DISTRACTION - FROM INSIDE VEHICLE,0,0,0,0,9,1,12,742,79TH ST,41.900773,-87.830015,12/20/2015 11:28:00 AM,2015
CR00003383,06/22/2015 08:29:00 AM,20,CLEAR,DAYLIGHT,SIDESWIPE SAME DIRECTION,ONE-WAY,NO CONTROLS,UNABLE TO DETERMINE,DRIVING SKILLS/KNOWLEDGE/EXPERIENCE,0,0,0,0,8,2,6,595,LAKE SHORE DR,41.974932,-87.634701,06/22/2015 10:03:00 AM,2015
CR00003384,01/09/2022 07:32:00 AM,35,CLEAR,DARKNESS - LIGHTED ROAD,SIDESWIPE SAME DIRECTION,NOT DIVIDED,NO CONTROLS,IMPROPER LANE USAGE,NOT APPLICABLE,0,0,0,0,7,1,1,813,DAMEN AVE,41.934961,-87.744702,01/09/2022 09:07:00 AM,2022
CR00003385,01/23/2017 04:58:00 PM,15,CLEAR,DARKNESS - LIGHTED ROAD,REAR END,NOT DIVIDED,NO CONTROLS,DRIVING SKILLS/KNOWLEDGE/EXPERIENCE,DISTRACTION - FROM INSIDE VEHICLE,0,0,0,0,16,2,1,192,ARCHER AVE,41.991047,-87.728692,01/23/2017 06:08:00 PM,2017
CR00003386,02/15/2020 09:01:00 PM,30,CLEAR,DAYLIGHT,FIXED OBJECT,NOT DIVIDED,STOP SIGN/FLASHER,IMPROPER LANE USAGE,UNABLE TO DETERMINE,0,0,0,0,21,7,2,1452,ARCHER AVE,41.971033,-87.750171,02/15/2020 09:28:00 PM,2020
CR00003387,03/09/2024 06:48:00 PM,40,CLEAR,DAYLIGHT,PARKED MOTOR VEHICLE,DIVIDED - W/MEDIAN BARRIER,NO CONTROLS,UNABLE TO DETERMINE,UNABLE TO DETERMINE,0,0,0,0,18,7,3,1490,47TH ST,41.890894,-87.674924,03/09/2024 08:18:00 PM,2024
CR00003388,04/29/2022 04:07:00 PM,25,CLEAR,DARKNESS - LIGHTED ROAD,PARKED MOTOR VEHICLE,DIVIDED - W/MEDIAN BARRIER,NO CONTROLS,IMPROPER OVERTAKING/PASSING,FAILING TO REDUCE SPEED,0,0,0,0,16,6,4,252,WESTERN AVE,41.763319,-87.549984,04/29/2022 04:42:00 PM,2022
CR00003389,07/08/2016 11:07:00 AM,25,CLEAR,DARKNESS,SIDESWIPE SAME DIRECTION,T-INTERSECTION,TRAFFIC SIGNAL,UNABLE TO DETERMINE,DISTRACTION - FROM INSIDE VEHICLE,0,0,0,0,11,6,7,1572,LAKE SHORE DR,41.711936,-87.536304,07/08/2016 12:05:00 PM,2016
CR00003390,09/23/2022 03:57:00 PM,35,CLEAR,DAYLIGHT,REAR END,DIVIDED - W/MEDIAN BARRIER,TRAFFIC SIGNAL,UNABLE TO DETERMINE,FOLLOWING TOO CLOSELY,0,0,0,0,15,6,9,1900,HALSTED ST,41.786179,-87.682278,09/23/2022 04:34:00 PM,2022
CR00003391,07/04/2022 04:38:00 PM,15,CLEAR,DARKNESS,FIXED OBJECT,DIVIDED - W/MEDIAN (NOT RAISED),NO CONTROLS,FOLLOWING TOO CLOSELY,DISTRACTION - FROM INSIDE VEHICLE,0,0,0,0,16,2,7,1984,CLARK ST,41.885392,-87.549471,07/04/2022 06:05:00 PM,2022
CR00003392,01/14/2022 08:43:00 PM,25,CLEAR,DARKNESS,REAR END,NOT DIVIDED,NO CONTROLS,UNABLE TO DETERMINE,FOLLOWING TOO CLOSELY,0,0,0,0,20,6,1,2408,LAKE SHORE DR,41.704308,-87.757545,01/14/2022 10:23:00 PM,2022
CR00003393,10/26/2024 11:29:00 AM,25,CLEAR,DARKNESS - LIGHTED ROAD,TURNING,DIVIDED - W/MEDIAN (NOT RAISED),TRAFFIC SIGNAL,FAILING TO YIELD RIGHT-OF-WAY,DISREGARDING TRAFFIC SIGNALS,0,0,0,0,11,7,10,1563,ARCHER AVE,41.995226,-87.560854,10/26/2024 12:41:00 PM,2024
CR00003394,07/22/2016 11:32:00 AM,30,CLEAR,DUSK,TURNING,T-INTERSECTION,TRAFFIC SIGNAL,FOLLOWING TOO CLOSELY,DRIVING SKILLS/KNOWLEDGE/EXPERIENCE,0,0,0,0,11,6,7,2053,OGDEN AVE,41.797132,-87.715539,07/22/2016 12:42:00 PM,2016
CR00003395,11/18/2016 06:25:00 PM,15,CLEAR,DAYLIGHT,REAR END,DIVIDED - W/MEDIAN (NOT RAISED),TRAFFIC SIGNAL,FOLLOWING TOO CLOSELY,FAILING TO YIELD RIGHT-OF-WAY,0,0,0,0,18,6,11,1185,MILWAUKEE AVE,41.991963,-87.684459,11/18/2016 06:54:00 PM,2016
CR00003396,07/07/2024 09:15:00 AM,30,RAIN,DARKNESS - LIGHTED ROAD,ANGLE,NOT DIVIDED,NO CONTROLS,IMPROPER OVERTAKING/PASSING,UNABLE TO DETERMINE,0,0,0,0,9,1,7,1274,ASHLAND AVE,41.886511,-87.727807,07/07/2024 10:30:00 AM,2024
CR00003397,09/24/2022 06:19:00 PM,30,CLEAR,DAYLIGHT,TURNING,FOUR WAY,TRAFFIC SIGNAL,DISTRACTION - FROM INSIDE VEHICLE,UNABLE TO DETERMINE,0,0,0,0,18,7,9,368,OGDEN AVE,41.798682,-87.589184,09/24/2022 06:47:00 PM,2022
CR00003398,03/03/2016 04:25:00 PM,30,SNOW,DARKNESS - LIGHTED ROAD,TURNING,DIVIDED - W/MEDIAN (NOT RAISED),STOP SIGN/FLASHER,FOLLOWING TOO CLOSELY,UNABLE TO DETERMINE,0,0,0,0,16,5,3,829,FULLERTON AVE,41.759347,-87.624272,03/03/2016 06:15:00 PM,2016
CR00003399,11/18/2020 06:42:00 AM,20,RAIN,DARKNESS,PARKED MOTOR VEHICLE,DIVIDED - W/MEDIAN (NOT RAISED),TRAFFIC SIGNAL,DISREGARDING TRAFFIC SIGNALS,UNABLE TO DETERMINE,0,0,0,0,6,4,11,431,OGDEN AVE,41.965351,-87.62331,11/18/2020 07:19:00 AM,2020
CR00003400,01/24/2015 06:45:00 AM,30,CLEAR,DAYLIGHT,SIDESWIPE SAME DIRECTION,ONE-WAY,STOP SIGN/FLASHER,UNABLE TO DETERMINE,NOT APPLICABLE,0,0,0,0,6,7,1,2529,OGDEN AVE,41.832446,-87.575679,01/24/2015 07:23:00 AM,2015
CR00003401,09/21/2018 05:09:00 PM,45,FREEZING RAIN/DRIZZLE,DAYLIGHT,ANGLE,NOT DIVIDED,STOP SIGN/FLASHER,UNABLE TO DETERMINE,DISTRACTION - FROM INSIDE VEHICLE,0,0,0,0,17,6,9,1352,IRVING PARK RD,41.998431,-87.771827,09/21/2018 06:03:00 PM,2018
CR00003402,05/19/2020 12:44:00 PM,40,SNOW,DARKNESS - LIGHTED ROAD,TURNING,DIVIDED - W/MEDIAN (NOT RAISED),NO CONTROLS,DISREGARDING TRAFFIC SIGNALS,FOLLOWING TOO CLOSELY,0,2,2,4,12,3,5,2244,63RD ST,41.724449,-87.628851,05/19/2020 12:56:00 PM,2020
CR00003403,08/17/2015 04:18:00 PM,25,CLOUDY/OVERCAST,DAYLIGHT,FIXED OBJECT,DIVIDED - W/MEDIAN (NOT RAISED),STOP SIGN/FLASHER,DISREGARDING TRAFFIC SIGNALS,UNABLE TO DETERMINE,0,0,0,0,16,2,8,213,MILWAUKEE AVE,41.936825,-87.705009,08/17/2015 04:59:00 PM,2015
CR00003404,03/04/2017 06:04:00 PM,35,CLEAR,DAYLIGHT,REAR END,FOUR WAY,TRAFFIC SIGNAL,DISREGARDING TRAFFIC SIGNALS,NOT APPLICABLE,0,0,0,0,18,7,3,1336,MILWAUKEE AVE,41.825976,-87.720322,03/04/2017 07:34:00 PM,2017
CR00003405,12/19/2021 12:34:00 PM,30,RAIN,DAYLIGHT,PARKED MOTOR VEHICLE,NOT DIVIDED,TRAFFIC SIGNAL,DRIVING SKILLS/KNOWLEDGE/EXPERIENCE,UNABLE TO DETERMINE,0,0,0,0,12,1,12,1030,PULASKI RD,41.982731,-87.701789,12/19/2021 01:16:00 PM,2021
CR00003406,07/24/2020 03:15:00 PM,30,CLEAR,DARKNESS - LIGHTED ROAD,SIDESWIPE SAME DIRECTION,NOT DIVIDED,NO CONTROLS,DISREGARDING TRAFFIC SIGNALS,FOLLOWING TOO CLOSELY,0,0,0,0,15,6,7,1171,MILWAUKEE AVE,41.762911,-87.576548,07/24/2020 04:44:00 PM,2020
CR00003407,07/15/2021 06:11:00 PM,25,CLEAR,DAYLIGHT,SIDESWIPE SAME DIRECTION,ONE-WAY,NO CONTROLS,UNABLE TO DETERMINE,WEATHER,0,0,0,0,18,5,7,1669,STONY ISLAND AVE,41.943272,-87.607437,07/15/2021 06:19:00 PM,2021
CR00003408,02/04/2024 06:29:00 PM,30,RAIN,DAYLIGHT,ANGLE,DIVIDED - W/MEDIAN (NOT RAISED),NO CONTROLS,UNABLE TO DETERMINE,IMPROPER OVERTAKING/PASSING,0,0,0,0,18,1,2,324,HALSTED ST,41.762298,-87.814061,02/04/2024 08:10:00 PM,2024
CR00003409,04/21/2017 06:29:00 AM,20,CLEAR,DAYLIGHT,REAR END,T-INTERSECTION,STOP SIGN/FLASHER,IMPROPER OVERTAKING/PASSING,FAILING TO YIELD RIGHT-OF-WAY,0,0,0,0,6,6,4,1051,CLARK ST,41.970833,-87.838346,04/21/2017 07:37:00 AM,2017
CR00003410,01/26/2018 08:13:00 AM,35,CLEAR,DAYLIGHT,PEDESTRIAN,DIVIDED - W/MEDIAN (NOT RAISED),TRAFFIC SIGNAL,FOLLOWING TOO CLOSELY,UNABLE TO DETERMINE,0,0,0,0,8,6,1,1752,79TH ST,41.824536,-87.78649,01/26/2018 10:07:00 AM,2018
CR00003411,01/04/2017 04:51:00 PM,30,CLEAR,DAYLIGHT,TURNING,DIVIDED - W/MEDIAN BARRIER,UNKNOWN,UNABLE TO DETERMINE,FOLLOWING TOO CLOSELY,0,0,0,0,16,4,1,1032,ARCHER AVE,41.982782,-87.836795,01/04/2017 05:13:00 PM,2017
CR00003412,07/31/2024 06:30:00 AM,30,CLEAR,DAYLIGHT,PEDESTRIAN,T-INTERSECTION,STOP SIGN/FLASHER,FOLLOWING TOO CLOSELY,DRIVING SKILLS/KNOWLEDGE/EXPERIENCE,0,0,0,0,6,4,7,1589,STONY ISLAND AVE,41.759397,-87.716536,07/31/2024 07:35:00 AM,2024
CR00003413,05/11/2019 03:40:00 AM,25,CLEAR,DAYLIGHT,SIDESWIPE SAME DIRECTION,DIVIDED - W/MEDIAN BARRIER,TRAFFIC SIGNAL,FOLLOWING TOO CLOSELY,UNABLE TO DETERMINE,0,0,1,1,3,7,5,1761,CICERO AVE,41.80014,-87.620702,05/11/2019 04:00:00 AM,2019
CR00003414,04/19/2016 08:39:00 AM,45,CLEAR,DARKNESS - LIGHTED ROAD,TURNING,FOUR WAY,NO CONTROLS,UNABLE TO DETERMINE,FOLLOWING TOO CLOSELY,0,0,0,0,8,3,4,310,OGDEN AVE,41.779903,-87.620392,04/19/2016 10:36:00 AM,2016
CR00003415,07/07/2020 02:48:00 AM,30,CLEAR,DAYLIGHT,TURNING,DIVIDED - W/MEDIAN (NOT RAISED),TRAFFIC SIGNAL,FOLLOWING TOO CLOSELY,DRIVING SKILLS/KNOWLEDGE/EXPERIENCE,0,0,0,0,2,3,7,1618,FULLERTON AVE,41.868723,-87.534098,07/07/2020 04:14:00 AM,2020
CR00003416,03/22/2021 04:33:00 AM,45,FREEZING RAIN/DRIZZLE,DAYLIGHT,SIDESWIPE SAME DIRECTION,ONE-WAY,TRAFFIC SIGNAL,IMPROPER LANE USAGE,DRIVING SKILLS/KNOWLEDGE/EXPERIENCE,0,0,0,0,4,2,3,273,PULASKI RD,41.866963,-87.540964,03/22/2021 05:52:00 AM,2021
CR00003417,10/20/2024 11:45:00 AM,30,CLEAR,DAYLIGHT,TURNING,FOUR WAY,UNKNOWN,UNABLE TO DETERMINE,FAILING TO YIELD RIGHT-OF-WAY,0,0,0,0,11,1,10,1690,WESTERN AVE,41.913432,-87.777025,10/20/2024 01:36:00 PM,2024
CR00003418,06/25/2021 06:18:00 PM,15,CLEAR,DAYLIGHT,SIDESWIPE SAME DIRECTION,NOT DIVIDED,TRAFFIC SIGNAL,FAILING TO YIELD RIGHT-OF-WAY,FAILING TO REDUCE SPEED,0,0,0,0,18,6,6,1704,ARCHER AVE,41.775561,-87.540432,06/25/2021 07:06:00 PM,2021
CR00003419,10/08/2023 11:33:00 AM,35,CLEAR,DARKNESS - LIGHTED ROAD,TURNING,FOUR WAY,TRAFFIC SIGNAL,DISREGARDING TRAFFIC SIGNALS,FAILING TO REDUCE SPEED,0,0,0,0,11,1,10,645,STONY ISLAND AVE,41.883584,-87.511759,10/08/2023 11:38:00 AM,2023
CR00003420,04/07/2017 07:18:00 AM,30,CLOUDY/OVERCAST,DAYLIGHT,ANGLE,NOT DIVIDED,NO CONTROLS,FAILING TO YIELD RIGHT-OF-WAY,NOT APPLICABLE,0,0,0,0,7,6,4,2408,LAKE SHORE DR,41.775617,-87.84365,04/07/2017 08:10:00 AM,2017
CR00003421,05/25/2024 06:47:00 AM,30,CLOUDY/OVERCAST,DAYLIGHT,REAR END,NOT DIVIDED,STOP SIGN/FLASHER,FAILING TO YIELD RIGHT-OF-WAY,UNABLE TO DETERMINE,0,2,0,2,6,7,5,647,HALSTED ST,41.928532,-87.571061,05/25/2024 06:59:00 AM,2024
CR00003422,06/04/2017 07:35:00 AM,30,CLEAR,DARKNESS,REAR TO FRONT,NOT DIVIDED,STOP SIGN/FLASHER,FOLLOWING TOO CLOSELY,NOT APPLICABLE,0,0,0,0,7,1,6,1451,CLARK ST,41.956875,-87.509852,06/04/2017 07:51:00 AM,2017
CR00003423,07/12/2016 07:16:00 AM,25,CLEAR,DARKNESS,REAR END,T-INTERSECTION,UNKNOWN,UNABLE TO DETERMINE,UNABLE TO DETERMINE,0,0,0,0,7,3,7,211,ASHLAND AVE,41.74686,-87.749465,07/12/2016 07:19:00 AM,2016
CR00003424,02/20/2017 07:28:00 AM,25,CLEAR,DARKNESS - LIGHTED ROAD,SIDESWIPE SAME DIRECTION,DIVIDED - W/MEDIAN (NOT RAISED),NO CONTROLS,DISTRACTION - FROM INSIDE VEHICLE,IMPROPER LANE USAGE,0,0,0,0,7,2,2,2100,FULLERTON AVE,41.881081,-87.659399,02/20/2017 08:55:00 AM,2017
CR00003425,01/28/2016 06:59:00 PM,35,CLEAR,DARKNESS - LIGHTED ROAD,ANGLE,DIVIDED - W/MEDIAN (NOT RAISED),NO CONTROLS,IMPROPER LANE USAGE,FOLLOWING TOO CLOSELY,0,0,0,0,18,5,1,2227,STATE ST,41.769076,-87.79337,01/28/2016 07:41:00 PM,2016
CR00003426,07/29/2019 07:31:00 PM,35,CLEAR,DARKNESS - LIGHTED ROAD,TURNING,NOT DIVIDED,TRAFFIC SIGNAL,UNABLE TO DETERMINE,NOT APPLICABLE,0,0,3,3,19,2,7,1226,WESTERN AVE,41.926085,-87.535614,07/29/2019 08:48:00 PM,2019
CR00003427,03/10/2021 08:00:00 AM,30,CLEAR,DAYLIGHT,REAR END,ONE-WAY,NO CONTROLS,UNABLE TO DETERMINE,DISREGARDING TRAFFIC SIGNALS,0,0,0,0,8,4,3,1469,DAMEN AVE,41.711923,-87.831186,03/10/2021 08:32:00 AM,2021
CR00003428,04/08/2020 11:46:00 PM,30,CLEAR,DAYLIGHT,PARKED MOTOR VEHICLE,NOT DIVIDED,NO CONTROLS,FOLLOWING TOO CLOSELY,NOT APPLICABLE,0,0,0,0,23,4,4,2333,FULLERTON AVE,41.720658,-87.58894,04/09/2020 01:44:00 AM,2020
CR00003429,04/11/2020 06:28:00 PM,25,CLEAR,DAYLIGHT,TURNING,NOT DIVIDED,STOP SIGN/FLASHER,UNABLE TO DETERMINE,UNABLE TO DETERMINE,0,0,1,1,18,7,4,862,STONY ISLAND AVE,41.907363,-87.782014,04/11/2020 07:33:00 PM,2020
CR00003430,12/11/2020 08:12:00 AM,30,CLEAR,DUSK,REAR END,NOT DIVIDED,TRAFFIC SIGNAL,IMPROPER LANE USAGE,UNABLE TO DETERMINE,0,0,0,0,8,6,12,1676,HALSTED ST,41.93591,-87.781103,12/11/2020 10:11:00 AM,2020
CR00003431,06/10/2020 06:01:00 PM,15,CLOUDY/OVERCAST,DARKNESS,REAR END,NOT DIVIDED,NO CONTROLS,UNABLE TO DETERMINE,UNABLE TO DETERMINE,0,0,0,0,18,4,6,1375,MILWAUKEE AVE,41.958539,-87.748056,06/10/2020 07:46:00 PM,2020
CR00003432,10/19/2016 08:37:00 AM,30,RAIN,DARKNESS,SIDESWIPE SAME DIRECTION,DIVIDED - W/MEDIAN BARRIER,STOP SIGN/FLASHER,FAILING TO YIELD RIGHT-OF-WAY,UNABLE TO DETERMINE,0,1,0,1,8,4,10,1245,DAMEN AVE,41.856721,-87.561549,10/19/2016 09:50:00 AM,2016
CR00003433,10/02/2016 06:39:00 PM,20,CLEAR,DAYLIGHT,TURNING,ONE-WAY,UNKNOWN,UNABLE TO DETERMINE,UNABLE TO DETERMINE,0,0,0,0,18,1,10,2239,CALIFORNIA AVE,41.758985,-87.515941,10/02/2016 07:15:00 PM,2016
CR00003434,09/13/2020 05:37:00 PM,45,CLEAR,DAYLIGHT,SIDESWIPE SAME DIRECTION,T-INTERSECTION,NO CONTROLS,IMPROPER LANE USAGE,DISTRACTION - FROM INSIDE VEHICLE,0,0,0,0,17,1,9,1197,MILWAUKEE AVE,41.887242,-87.594022,09/13/2020 07:21:00 PM,2020
CR00003435,04/18/2021 03:23:00 PM,30,CLEAR,DAYLIGHT,SIDESWIPE SAME DIRECTION,NOT DIVIDED,UNKNOWN,FAILING TO REDUCE SPEED,FAILING TO REDUCE SPEED,0,0,0,0,15,1,4,882,WESTERN AVE,41.717759,-87.60524,04/18/2021 03:47:00 PM,2021
CR00003436,01/24/2015 03:00:00 PM,45,CLEAR,DARKNESS - LIGHTED ROAD,SIDESWIPE SAME DIRECTION,DIVIDED - W/MEDIAN (NOT RAISED),STOP SIGN/FLASHER,IMPROPER OVERTAKING/PASSING,FOLLOWING TOO CLOSELY,0,0,0,0,15,7,1,2010,ROOSEVELT RD,41.962193,-87.825486,01/24/2015 03:56:00 PM,2015
CR00003437,01/24/2022 07:22:00 PM,30,SNOW,DAYLIGHT,TURNING,NOT DIVIDED,STOP SIGN/FLASHER,DISTRACTION - FROM INSIDE VEHICLE,WEATHER,0,0,0,0,19,2,1,1660,FULLERTON AVE,41.885931,-87.755893,01/24/2022 07:54:00 PM,2022
CR00003438,07/12/2016 06:53:00 PM,15,CLOUDY/OVERCAST,DAYLIGHT,TURNING,NOT DIVIDED,STOP SIGN/FLASHER,FAILING TO REDUCE SPEED,FAILING TO YIELD RIGHT-OF-WAY,0,0,0,0,18,3,7,1182,79TH ST,41.953333,-87.547418,07/12/2016 08:18:00 PM,2016
CR00003439,02/28/2016 08:07:00 PM,30,CLOUDY/OVERCAST,DAYLIGHT,REAR END,FOUR WAY,NO CONTROLS,UNABLE TO DETERMINE,UNABLE TO DETERMINE,0,0,0,0,20,1,2,1831,63RD ST,41.71863,-87.587348,02/28/2016 08:55:00 PM,2016
CR00003440,07/30/2019 02:26:00 PM,30,RAIN,DAYLIGHT,SIDESWIPE SAME DIRECTION,ONE-WAY,NO CONTROLS,FOLLOWING TOO CLOSELY,UNABLE TO DETERMINE,0,0,3,3,14,3,7,1837,STATE ST,41.948221,-87.517617,07/30/2019 04:01:00 PM,2019
CR00003441,11/29/2016 11:18:00 PM,30,CLEAR,DAYLIGHT,PARKED MOTOR VEHICLE,NOT DIVIDED,NO CONTROLS,UNABLE TO DETERMINE,FOLLOWING TOO CLOSELY,0,0,1,1,23,3,11,340,47TH ST,41.829053,-87.755271,11/30/2016 12:51:00 AM,2016
CR00003442,06/19/2022 11:49:00 PM,20,CLEAR,DARKNESS,TURNING,ONE-WAY,NO CONTROLS,DISTRACTION - FROM INSIDE VEHICLE,NOT APPLICABLE,0,0,1,1,23,1,6,223,DIVISION ST,41.757019,-87.808083,06/20/2022 01:07:00 AM,2022
CR00003443,04/08/2023 12:15:00 PM,25,CLEAR,DAYLIGHT,REAR TO FRONT,T-INTERSECTION,TRAFFIC SIGNAL,FOLLOWING TOO CLOSELY,IMPROPER LANE USAGE,0,0,0,0,12,7,4,1919,CLARK ST,41.984458,-87.588396,04/08/2023 12:39:00 PM,2023
CR00003444,11/30/2019 04:29:00 PM,30,CLEAR,DAYLIGHT,ANGLE,DIVIDED - W/MEDIAN (NOT RAISED),STOP SIGN/FLASHER,UNABLE TO DETERMINE,UNABLE TO DETERMINE,0,0,0,0,16,7,11,2011,63RD ST,41.831495,-87.630876,11/30/2019 05:18:00 PM,2019
CR00003445,04/07/2023 01:29:00 AM,15,CLEAR,DAYLIGHT,SIDESWIPE SAME DIRECTION,NOT DIVIDED,TRAFFIC SIGNAL,WEATHER,UNABLE TO DETERMINE,0,0,0,0,1,6,4,1623,BROADWAY,41.920362,-87.593892,04/07/2023 03:03:00 AM,2023
CR00003446,10/18/2021 05:19:00 PM,15,CLEAR,DAYLIGHT,PARKED MOTOR VEHICLE,NOT DIVIDED,NO CONTROLS,DISTRACTION - FROM INSIDE VEHICLE,WEATHER,0,0,2,2,17,2,10,352,CALIFORNIA AVE,41.792217,-87.644756,10/18/2021 05:22:00 PM,2021
CR00003447,11/25/2016 06:12:00 PM,45,CLEAR,DAYLIGHT,SIDESWIPE SAME DIRECTION,ONE-WAY,STOP SIGN/FLASHER,UNABLE TO DETERMINE,UNABLE TO DETERMINE,0,0,0,0,18,6,11,1796,CLARK ST,41.91959,-87.568039,11/25/2016 08:10:00 PM,2016
CR00003448,08/20/2015 09:05:00 AM,30,SNOW,DAYLIGHT,REAR END,NOT DIVIDED,TRAFFIC SIGNAL,FAILING TO YIELD RIGHT-OF-WAY,NOT APPLICABLE,0,0,0,0,9,5,8,138,KEDZIE AVE,41.717699,-87.835965,08/20/2015 10:54:00 AM,2015
CR00003449,12/28/2015 12:46:00 PM,35,CLEAR,DAWN,TURNING,DIVIDED - W/MEDIAN (NOT RAISED),TRAFFIC SIGNAL,DISTRACTION - FROM INSIDE VEHICLE,UNABLE TO DETERMINE,0,0,0,0,12,2,12,1194,ASHLAND AVE,41.836713,-87.739226,12/28/2015 01:36:00 PM,2015
CR00003450,12/20/2017 03:14:00 PM,30,CLEAR,DAYLIGHT,PEDESTRIAN,NOT DIVIDED,TRAFFIC SIGNAL,IMPROPER OVERTAKING/PASSING,UNABLE TO DETERMINE,0,0,0,0,15,4,12,739,CICERO AVE,41.721592,-87.708902,12/20/2017 04:27:00 PM,2017
CR00003451,11/04/2018 08:14:00 PM,20,CLEAR,DARKNESS,TURNING,NOT DIVIDED,UNKNOWN,IMPROPER OVERTAKING/PASSING,NOT APPLICABLE,0,0,0,0,20,1,11,494,STATE ST,41.734457,-87.512385,11/04/2018 08:30:00 PM,2018
CR00003452,05/01/2017 07:23:00 PM,35,CLEAR,DAYLIGHT,PARKED MOTOR VEHICLE,NOT DIVIDED,UNKNOWN,IMPROPER OVERTAKING/PASSING,UNABLE TO DETERMINE,0,0,0,0,19,2,5,1400,ARCHER AVE,41.778973,-87.837484,05/01/2017 07:37:00 PM,2017
CR00003453,06/01/2017 07:54:00 AM,25,CLEAR,DAYLIGHT,TURNING,NOT DIVIDED,TRAFFIC SIGNAL,DISREGARDING TRAFFIC SIGNALS,UNABLE TO DETERMINE,0,0,0,0,7,5,6,2335,79TH ST,41.849033,-87.675258,06/01/2017 08:04:00 AM,2017
CR00003454,06/08/2018 11:52:00 AM,40,CLEAR,DUSK,REAR END,DIVIDED - W/MEDIAN BARRIER,STOP SIGN/FLASHER,FAILING TO YIELD RIGHT-OF-WAY,FAILING TO REDUCE SPEED,0,0,0,0,11,6,6,2528,HALSTED ST,41.75304,-87.525758,06/08/2018 01:03:00 PM,2018
CR00003455,07/24/2018 08:14:00 PM,20,RAIN,DAYLIGHT,REAR TO FRONT,DIVIDED - W/MEDIAN BARRIER,NO CONTROLS,WEATHER,UNABLE TO DETERMINE,0,0,3,3,20,3,7,205,DIVISION ST,41.920615,-87.635415,07/24/2018 08:45:00 PM,2018
CR00003456,11/08/2021 06:32:00 PM,20,RAIN,DAYLIGHT,FIXED OBJECT,DIVIDED - W/MEDIAN BARRIER,STOP SIGN/FLASHER,UNABLE TO DETERMINE,DRIVING SKILLS/KNOWLEDGE/EXPERIENCE,0,0,0,0,18,2,11,2233,CALIFORNIA AVE,41.950391,-87.548499,11/08/2021 07:30:00 PM,2021
CR00003457,08/13/2024 10:46:00 AM,45,CLEAR,DAYLIGHT,SIDESWIPE SAME DIRECTION,FOUR WAY,NO CONTROLS,FOLLOWING TOO CLOSELY,FAILING TO REDUCE SPEED,0,0,0,0,10,3,8,1454,PULASKI RD,41.912993,-87.547753,08/13/2024 11:19:00 AM,2024
CR00003458,08/31/2016 01:27:00 PM,35,RAIN,DARKNESS - LIGHTED ROAD,TURNING,DIVIDED - W/MEDIAN (NOT RAISED),NO CONTROLS,DRIVING SKILLS/KNOWLEDGE/EXPERIENCE,UNABLE TO DETERMINE,0,0,0,0,13,4,8,440,PULASKI RD,41.752113,-87.765003,08/31/2016 03:27:00 PM,2016
CR00003459,10/01/2018 04:49:00 AM,35,CLEAR,DAYLIGHT,REAR END,NOT DIVIDED,UNKNOWN,FAILING TO YIELD RIGHT-OF-WAY,IMPROPER OVERTAKING/PASSING,0,0,0,0,4,2,10,2028,LAKE SHORE DR,41.892163,-87.802515,10/01/2018 06:42:00 AM,2018
CR00003460,12/04/2021 03:14:00 PM,35,CLEAR,DARKNESS - LIGHTED ROAD,FIXED OBJECT,NOT DIVIDED,NO CONTROLS,UNABLE TO DETERMINE,DRIVING SKILLS/KNOWLEDGE/EXPERIENCE,0,0,0,0,15,7,12,1013,79TH ST,41.836655,-87.67234,12/04/2021 03:16:00 PM,2021
CR00003461,01/08/2019 05:45:00 AM,20,CLEAR,DAYLIGHT,ANGLE,NOT DIVIDED,NO CONTROLS,DRIVING SKILLS/KNOWLEDGE/EXPERIENCE,UNABLE TO DETERMINE,0,0,0,0,5,3,1,1119,DAMEN AVE,41.965923,-87.783152,01/08/2019 07:23:00 AM,2019