CRASH_RECORD_ID,CRASH_DATE,POSTED_SPEED_LIMIT,WEATHER_CONDITION,LIGHTING_CONDITION,FIRST_CRASH_TYPE,TRAFFICWAY_TYPE,TRAFFIC_CONTROL_DEVICE,PRIM_CONTRIBUTORY_CAUSE,SEC_CONTRIBUTORY_CAUSE,INJURIES_FATAL,INJURIES_INCAPACITATING,INJURIES_NON_INCAPACITATING,INJURIES_TOTAL,CRASH_HOUR,CRASH_DAY_OF_WEEK,CRASH_MONTH,BEAT_OF_OCCURRENCE,STREET_NAME,LATITUDE,LONGITUDE,DATE_POLICE_NOTIFIED,year
CR00003462,04/28/2019 05:53:00 AM,25,RAIN,DAYLIGHT,PEDESTRIAN,NOT DIVIDED,STOP SIGN/FLASHER,UNABLE TO DETERMINE,FAILING TO YIELD RIGHT-OF-WAY,0,0,0,0,5,1,4,1743,PULASKI RD,41.89288,-87.844347,04/28/2019 06:51:00 AM,2019
CR00003463,11/20/2024 06:35:00 PM,40,CLEAR,DAYLIGHT,FIXED OBJECT,NOT DIVIDED,STOP SIGN/FLASHER,UNABLE TO DETERMINE,DISREGARDING TRAFFIC SIGNALS,0,0,1,1,18,4,11,2426,STONY ISLAND AVE,41.993266,-87.5522,11/20/2024 06:38:00 PM,2024
CR00003464,05/20/2022 05:42:00 PM,35,CLEAR,DAYLIGHT,REAR END,ONE-WAY,STOP SIGN/FLASHER,DISTRACTION - FROM INSIDE VEHICLE,FAILING TO YIELD RIGHT-OF-WAY,0,0,1,1,17,6,5,280,BROADWAY,41.927223,-87.842777,05/20/2022 06:50:00 PM,2022
CR00003465,05/21/2019 06:25:00 PM,30,CLEAR,DAYLIGHT,ANGLE,FOUR WAY,NO CONTROLS,DISTRACTION - FROM INSIDE VEHICLE,UNABLE TO DETERMINE,0,0,0,0,18,3,5,1491,PULASKI RD,41.847968,-87.846994,05/21/2019 07:57:00 PM,2019
CR00003466,08/12/2022 05:03:00 PM,30,CLEAR,DARKNESS,PEDESTRIAN,FOUR WAY,YIELD,DRIVING SKILLS/KNOWLEDGE/EXPERIENCE,NOT APPLICABLE,0,0,0,0,17,6,8,246,ARCHER AVE,41.712915,-87.630993,08/12/2022 05:27:00 PM,2022
CR00003467,02/27/2019 02:59:00 PM,30,FREEZING RAIN/DRIZZLE,DAYLIGHT,REAR END,NOT DIVIDED,NO CONTROLS,FAILING TO YIELD RIGHT-OF-WAY,UNABLE TO DETERMINE,0,0,0,0,14,4,2,1707,PULASKI RD,41.939996,-87.645236,02/27/2019 04:35:00 PM,2019
CR00003468,03/03/2019 12:44:00 AM,15,CLEAR,DAYLIGHT,REAR END,ONE-WAY,NO CONTROLS,WEATHER,DISTRACTION - FROM INSIDE VEHICLE,0,0,0,0,0,1,3,2167,ASHLAND AVE,41.890708,-87.516615,03/03/2019 02:03:00 AM,2019
CR00003469,04/28/2023 10:39:00 AM,20,CLEAR,DAYLIGHT,SIDESWIPE SAME DIRECTION,ONE-WAY,UNKNOWN,UNABLE TO DETERMINE,UNABLE TO DETERMINE,0,0,1,1,10,6,4,2058,DAMEN AVE,41.882974,-87.767046,04/28/2023 12:27:00 PM,2023
CR00003470,12/03/2019 11:23:00 AM,30,CLEAR,DARKNESS - LIGHTED ROAD,TURNING,FOUR WAY,NO CONTROLS,DISREGARDING TRAFFIC SIGNALS,NOT APPLICABLE,0,0,0,0,11,3,12,530,MILWAUKEE AVE,41.90793,-87.616241,12/03/2019 11:29:00 AM,2019
CR00003471,03/06/2024 02:22:00 PM,45,CLEAR,DAYLIGHT,PEDESTRIAN,ONE-WAY,NO CONTROLS,DRIVING SKILLS/KNOWLEDGE/EXPERIENCE,FAILING TO YIELD RIGHT-OF-WAY,0,0,0,0,14,4,3,246,KEDZIE AVE,41.899446,-87.803705,03/06/2024 02:45:00 PM,2024
CR00003472,07/16/2021 03:13:00 AM,30,CLEAR,DARKNESS - LIGHTED ROAD,TURNING,NOT DIVIDED,PEDESTRIAN CROSSING SIGN,FOLLOWING TOO CLOSELY,UNABLE TO DETERMINE,0,0,0,0,3,6,7,1392,MICHIGAN AVE,41.787341,-87.699728,07/16/2021 05:02:00 AM,2021
CR00003473,11/25/2017 06:44:00 PM,35,CLEAR,DAYLIGHT,REAR TO FRONT,DIVIDED - W/MEDIAN BARRIER,NO CONTROLS,UNABLE TO DETERMINE,IMPROPER OVERTAKING/PASSING,0,0,2,2,18,7,11,2310,CICERO AVE,41.700312,-87.813371,11/25/2017 06:52:00 PM,2017
CR00003474,08/08/2024 12:07:00 AM,40,CLEAR,DAYLIGHT,SIDESWIPE SAME DIRECTION,NOT DIVIDED,PEDESTRIAN CROSSING SIGN,FAILING TO YIELD RIGHT-OF-WAY,UNABLE TO DETERMINE,0,0,0,0,0,5,8,200,FULLERTON AVE,41.890204,-87.569229,08/08/2024 12:08:00 AM,2024
CR00003475,03/15/2020 11:31:00 AM,35,CLEAR,DAYLIGHT,ANGLE,NOT DIVIDED,TRAFFIC SIGNAL,FAILING TO YIELD RIGHT-OF-WAY,FOLLOWING TOO CLOSELY,0,0,0,0,11,1,3,1379,STATE ST,41.860431,-87.571111,03/15/2020 11:46:00 AM,2020
CR00003476,09/20/2021 03:17:00 AM,35,CLOUDY/OVERCAST,DAYLIGHT,TURNING,FOUR WAY,NO CONTROLS,UNABLE TO DETERMINE,FAILING TO REDUCE SPEED,0,0,0,0,3,2,9,791,CALIFORNIA AVE,41.876994,-87.5893,09/20/2021 04:48:00 AM,2021
CR00003477,09/26/2022 11:56:00 PM,15,CLEAR,DUSK,TURNING,NOT DIVIDED,YIELD,UNABLE TO DETERMINE,DRIVING SKILLS/KNOWLEDGE/EXPERIENCE,0,0,0,0,23,2,9,1338,DAMEN AVE,41.829458,-87.843471,09/27/2022 12:31:00 AM,2022
CR00003478,12/27/2018 07:21:00 PM,30,CLEAR,DARKNESS - LIGHTED ROAD,ANGLE,DIVIDED - W/MEDIAN (NOT RAISED),NO CONTROLS,DISTRACTION - FROM INSIDE VEHICLE,IMPROPER LANE USAGE,0,0,0,0,19,5,12,989,KEDZIE AVE,41.970851,-87.602448,12/27/2018 08:37:00 PM,2018
CR00003479,07/01/2022 04:28:00 PM,30,RAIN,DAYLIGHT,TURNING,NOT DIVIDED,STOP SIGN/FLASHER,FOLLOWING TOO CLOSELY,FOLLOWING TOO CLOSELY,0,0,1,1,16,6,7,1144,MICHIGAN AVE,41.859672,-87.788321,07/01/2022 05:38:00 PM,2022
CR00003480,03/17/2023 06:54:00 PM,35,FREEZING RAIN/DRIZZLE,DARKNESS - LIGHTED ROAD,PARKED MOTOR VEHICLE,NOT DIVIDED,STOP SIGN/FLASHER,UNABLE TO DETERMINE,DRIVING SKILLS/KNOWLEDGE/EXPERIENCE,0,0,0,0,18,6,3,1448,CALIFORNIA AVE,41.902756,-87.695591,03/17/2023 07:24:00 PM,2023
CR00003481,10/22/2018 08:49:00 AM,30,CLEAR,DARKNESS - LIGHTED ROAD,PEDESTRIAN,NOT DIVIDED,STOP SIGN/FLASHER,FOLLOWING TOO CLOSELY,UNABLE TO DETERMINE,0,0,0,0,8,2,10,2444,WESTERN AVE,41.880855,-87.695024,10/22/2018 10:26:00 AM,2018
CR00003482,02/23/2015 07:18:00 AM,20,CLEAR,DAYLIGHT,REAR END,NOT DIVIDED,YIELD,FAILING TO YIELD RIGHT-OF-WAY,IMPROPER OVERTAKING/PASSING,0,0,1,1,7,2,2,1751,ROOSEVELT RD,41.747121,-87.779068,02/23/2015 08:10:00 AM,2015
CR00003483,01/19/2015 10:33:00 PM,35,CLEAR,DARKNESS,REAR END,DIVIDED - W/MEDIAN BARRIER,NO CONTROLS,UNABLE TO DETERMINE,DISREGARDING TRAFFIC SIGNALS,0,1,2,3,22,2,1,1613,DAMEN AVE,41.962111,-87.673014,01/19/2015 11:53:00 PM,2015
CR00003484,01/16/2019 04:08:00 PM,15,RAIN,DARKNESS - LIGHTED ROAD,SIDESWIPE SAME DIRECTION,DIVIDED - W/MEDIAN BARRIER,NO CONTROLS,DISTRACTION - FROM INSIDE VEHICLE,FOLLOWING TOO CLOSELY,0,0,0,0,16,4,1,172,47TH ST,41.76556,-87.563705,01/16/2019 04:41:00 PM,2019
CR00003485,08/10/2017 04:35:00 PM,30,CLEAR,DAYLIGHT,PARKED MOTOR VEHICLE,T-INTERSECTION,NO CONTROLS,DRIVING SKILLS/KNOWLEDGE/EXPERIENCE,UNABLE TO DETERMINE,0,0,0,0,16,5,8,1154,CLARK ST,41.858102,-87.533193,08/10/2017 06:11:00 PM,2017
CR00003486,10/22/2021 03:25:00 PM,30,CLEAR,DAYLIGHT,FIXED OBJECT,NOT DIVIDED,NO CONTROLS,IMPROPER OVERTAKING/PASSING,UNABLE TO DETERMINE,0,0,1,1,15,6,10,2009,DIVISION ST,41.996464,-87.785842,10/22/2021 04:37:00 PM,2021
CR00003487,12/13/2023 06:39:00 AM,40,CLEAR,DAYLIGHT,REAR END,DIVIDED - W/MEDIAN (NOT RAISED),NO CONTROLS,DRIVING SKILLS/KNOWLEDGE/EXPERIENCE,FAILING TO REDUCE SPEED,0,0,0,0,6,4,12,1025,MICHIGAN AVE,41.787446,-87.6656,12/13/2023 07:43:00 AM,2023
CR00003488,02/09/2018 09:20:00 PM,30,CLEAR,DAYLIGHT,REAR TO FRONT,NOT DIVIDED,TRAFFIC SIGNAL,UNABLE TO DETERMINE,UNABLE TO DETERMINE,0,0,0,0,21,6,2,2132,ELSTON AVE,41.881854,-87.797861,02/09/2018 10:43:00 PM,2018
CR00003489,11/03/2020 06:19:00 AM,30,CLEAR,DAYLIGHT,SIDESWIPE SAME DIRECTION,NOT DIVIDED,TRAFFIC SIGNAL,UNABLE TO DETERMINE,UNABLE TO DETERMINE,0,0,0,0,6,3,11,919,DIVISION ST,41.925829,-87.602031,11/03/2020 06:38:00 AM,2020
CR00003490,12/27/2018 10:43:00 PM,35,CLEAR,DAYLIGHT,TURNING,DIVIDED - W/MEDIAN (NOT RAISED),NO CONTROLS,UNABLE TO DETERMINE,WEATHER,0,0,0,0,22,5,12,1414,KEDZIE AVE,41.913297,-87.830574,12/27/2018 11:49:00 PM,2018
CR00003491,05/30/2023 11:30:00 AM,35,CLEAR,DAYLIGHT,TURNING,NOT DIVIDED,NO CONTROLS,UNABLE TO DETERMINE,FOLLOWING TOO CLOSELY,0,0,2,2,11,3,5,2032,STATE ST,41.913894,-87.621691,05/30/2023 12:21:00 PM,2023
CR00003492,12/13/2015 12:48:00 PM,20,SNOW,DAYLIGHT,ANGLE,T-INTERSECTION,UNKNOWN,UNABLE TO DETERMINE,FAILING TO REDUCE SPEED,0,0,1,1,12,1,12,1183,79TH ST,41.884746,-87.697142,12/13/2015 02:19:00 PM,2015
CR00003493,09/18/2017 01:19:00 PM,35,SNOW,DAYLIGHT,REAR TO FRONT,ONE-WAY,TRAFFIC SIGNAL,UNABLE TO DETERMINE,UNABLE TO DETERMINE,0,0,0,0,13,2,9,1684,CICERO AVE,41.722558,-87.665377,09/18/2017 02:49:00 PM,2017
CR00003494,12/02/2017 01:01:00 PM,35,CLEAR,DAYLIGHT,PEDESTRIAN,NOT DIVIDED,NO CONTROLS,DISREGARDING TRAFFIC SIGNALS,IMPROPER LANE USAGE,0,0,0,0,13,7,12,735,MILWAUKEE AVE,41.90091,-87.581939,12/02/2017 02:18:00 PM,2017
CR00003495,08/16/2019 06:32:00 PM,35,CLEAR,DAYLIGHT,PARKED MOTOR VEHICLE,ONE-WAY,TRAFFIC SIGNAL,IMPROPER OVERTAKING/PASSING,IMPROPER OVERTAKING/PASSING,0,0,3,3,18,6,8,1666,MILWAUKEE AVE,41.896433,-87.700681,08/16/2019 06:49:00 PM,2019
CR00003496,12/03/2017 12:08:00 AM,30,CLEAR,DAYLIGHT,REAR END,DIVIDED - W/MEDIAN (NOT RAISED),NO CONTROLS,DISTRACTION - FROM INSIDE VEHICLE,NOT APPLICABLE,0,0,0,0,0,1,12,126,IRVING PARK RD,41.98167,-87.685115,12/03/2017 12:24:00 AM,2017
CR00003497,06/07/2016 04:41:00 PM,35,CLEAR,DAYLIGHT,TURNING,NOT DIVIDED,TRAFFIC SIGNAL,FAILING TO YIELD RIGHT-OF-WAY,WEATHER,0,1,1,2,16,3,6,1131,MILWAUKEE AVE,41.754252,-87.772037,06/07/2016 06:07:00 PM,2016
CR00003498,07/24/2022 10:16:00 PM,45,CLEAR,DARKNESS - LIGHTED ROAD,TURNING,DIVIDED - W/MEDIAN (NOT RAISED),STOP SIGN/FLASHER,FAILING TO YIELD RIGHT-OF-WAY,FOLLOWING TOO CLOSELY,0,0,0,0,22,1,7,1070,BROADWAY,41.933724,-87.645549,07/24/2022 11:22:00 PM,2022
CR00003499,05/13/2022 10:40:00 AM,30,CLEAR,DAYLIGHT,TURNING,ONE-WAY,UNKNOWN,FAILING TO REDUCE SPEED,UNABLE TO DETERMINE,0,2,1,3,10,6,5,145,CICERO AVE,41.83141,-87.733907,05/13/2022 12:34:00 PM,2022
CR00003500,04/21/2021 07:41:00 PM,35,CLEAR,DAYLIGHT,SIDESWIPE SAME DIRECTION,ONE-WAY,TRAFFIC SIGNAL,FOLLOWING TOO CLOSELY,NOT APPLICABLE,0,0,0,0,19,4,4,701,OGDEN AVE,41.931754,-87.544171,04/21/2021 08:03:00 PM,2021
CR00003501,01/21/2020 04:54:00 AM,30,CLEAR,DAYLIGHT,PARKED MOTOR VEHICLE,FOUR WAY,UNKNOWN,DISTRACTION - FROM INSIDE VEHICLE,IMPROPER OVERTAKING/PASSING,0,0,1,1,4,3,1,1083,ELSTON AVE,41.895431,-87.622988,01/21/2020 05:29:00 AM,2020
CR00003502,07/26/2018 10:17:00 AM,40,FOG/SMOKE/HAZE,DAYLIGHT,SIDESWIPE SAME DIRECTION,DIVIDED - W/MEDIAN BARRIER,TRAFFIC SIGNAL,DRIVING SKILLS/KNOWLEDGE/EXPERIENCE,DRIVING SKILLS/KNOWLEDGE/EXPERIENCE,0,0,3,3,10,5,7,1677,47TH ST,41.9691,-87.580712,07/26/2018 12:02:00 PM,2018
CR00003503,02/13/2023 05:39:00 PM,35,CLEAR,DAYLIGHT,SIDESWIPE SAME DIRECTION,FOUR WAY,NO CONTROLS,IMPROPER OVERTAKING/PASSING,UNABLE TO DETERMINE,0,0,0,0,17,2,2,1358,CALIFORNIA AVE,41.867391,-87.632366,02/13/2023 06:49:00 PM,2023
CR00003504,01/12/2024 02:06:00 PM,40,CLEAR,DAYLIGHT,TURNING,NOT DIVIDED,TRAFFIC SIGNAL,UNABLE TO DETERMINE,UNABLE TO DETERMINE,0,0,0,0,14,6,1,2102,KEDZIE AVE,41.833629,-87.690364,01/12/2024 03:08:00 PM,2024
CR00003505,03/29/2019 03:54:00 PM,20,CLEAR,DAYLIGHT,FIXED OBJECT,FOUR WAY,NO CONTROLS,UNABLE TO DETERMINE,IMPROPER LANE USAGE,0,0,0,0,15,6,3,580,BROADWAY,41.922616,-87.597126,03/29/2019 04:20:00 PM,2019
CR00003506,10/08/2019 01:55:00 PM,35,RAIN,DUSK,ANGLE,ONE-WAY,UNKNOWN,IMPROPER LANE USAGE,DISTRACTION - FROM INSIDE VEHICLE,0,0,0,0,13,3,10,1867,LAKE SHORE DR,41.736086,-87.790634,10/08/2019 03:31:00 PM,2019
CR00003507,11/13/2024 01:11:00 PM,25,CLEAR,DARKNESS - LIGHTED ROAD,TURNING,FOUR WAY,STOP SIGN/FLASHER,FAILING TO YIELD RIGHT-OF-WAY,IMPROPER OVERTAKING/PASSING,0,1,2,3,13,4,11,273,63RD ST,41.870849,-87.62979,11/13/2024 01:35:00 PM,2024
CR00003508,02/11/2020 06:25:00 AM,40,CLEAR,DARKNESS,REAR END,NOT DIVIDED,TRAFFIC SIGNAL,UNABLE TO DETERMINE,IMPROPER LANE USAGE,0,2,1,3,6,3,2,2159,PULASKI RD,41.838076,-87.80067,02/11/2020 07:24:00 AM,2020
CR00003509,04/17/2015 08:39:00 PM,30,CLEAR,DAYLIGHT,SIDESWIPE SAME DIRECTION,NOT DIVIDED,NO CONTROLS,IMPROPER OVERTAKING/PASSING,NOT APPLICABLE,0,0,0,0,20,6,4,492,CICERO AVE,41.92754,-87.772053,04/17/2015 09:36:00 PM,2015
CR00003510,11/17/2018 11:33:00 AM,35,CLEAR,DARKNESS - LIGHTED ROAD,REAR END,DIVIDED - W/MEDIAN (NOT RAISED),NO CONTROLS,FAILING TO YIELD RIGHT-OF-WAY,IMPROPER OVERTAKING/PASSING,0,0,3,3,11,7,11,2033,79TH ST,41.733982,-87.651974,11/17/2018 11:44:00 AM,2018
CR00003511,10/17/2019 06:38:00 PM,35,CLEAR,DAYLIGHT,SIDESWIPE SAME DIRECTION,ONE-WAY,NO CONTROLS,UNABLE TO DETERMINE,FAILING TO YIELD RIGHT-OF-WAY,0,0,0,0,18,5,10,1312,STONY ISLAND AVE,41.96115,-87.776664,10/17/2019 08:20:00 PM,2019
CR00003512,11/29/2018 11:00:00 AM,35,CLEAR,DAYLIGHT,REAR TO FRONT,FOUR WAY,NO CONTROLS,FOLLOWING TOO CLOSELY,IMPROPER LANE USAGE,0,0,1,1,11,5,11,2511,63RD ST,41.709919,-87.793826,11/29/2018 11:39:00 AM,2018
CR00003513,10/15/2021 12:54:00 PM,30,CLEAR,DARKNESS,ANGLE,NOT DIVIDED,TRAFFIC SIGNAL,FAILING TO YIELD RIGHT-OF-WAY,DRIVING SKILLS/KNOWLEDGE/EXPERIENCE,0,0,0,0,12,6,10,615,ARCHER AVE,41.955726,-87.692849,10/15/2021 01:00:00 PM,2021
CR00003514,03/10/2021 08:11:00 AM,30,CLEAR,DAYLIGHT,TURNING,NOT DIVIDED,TRAFFIC SIGNAL,IMPROPER OVERTAKING/PASSING,IMPROPER LANE USAGE,0,0,0,0,8,4,3,2190,OGDEN AVE,41.969691,-87.569436,03/10/2021 08:39:00 AM,2021
CR00003515,09/12/2022 09:14:00 PM,30,SNOW,DAYLIGHT,PEDESTRIAN,NOT DIVIDED,STOP SIGN/FLASHER,DRIVING SKILLS/KNOWLEDGE/EXPERIENCE,NOT APPLICABLE,0,0,0,0,21,2,9,579,WESTERN AVE,41.830074,-87.703225,09/12/2022 11:04:00 PM,2022
CR00003516,06/03/2022 01:59:00 PM,15,CLEAR,DARKNESS,REAR END,NOT DIVIDED,NO CONTROLS,IMPROPER LANE USAGE,FOLLOWING TOO CLOSELY,0,0,2,2,13,6,6,701,DIVISION ST,41.928407,-87.652412,06/03/2022 03:21:00 PM,2022
CR00003517,11/02/2021 07:48:00 AM,30,CLEAR,DARKNESS - LIGHTED ROAD,REAR TO FRONT,FOUR WAY,TRAFFIC SIGNAL,UNABLE TO DETERMINE,FAILING TO YIELD RIGHT-OF-WAY,0,0,0,0,7,3,11,2079,ELSTON AVE,41.884262,-87.788778,11/02/2021 08:46:00 AM,2021
CR00003518,11/25/2016 03:36:00 AM,20,CLEAR,DAYLIGHT,REAR END,NOT DIVIDED,TRAFFIC SIGNAL,UNABLE TO DETERMINE,DISREGARDING TRAFFIC SIGNALS,0,0,0,0,3,6,11,2525,DIVISION ST,41.762114,-87.681954,11/25/2016 05:28:00 AM,2016
CR00003519,08/31/2020 08:37:00 AM,15,CLEAR,DAYLIGHT,REAR END,T-INTERSECTION,STOP SIGN/FLASHER,WEATHER,FAILING TO REDUCE SPEED,0,0,0,0,8,2,8,1605,DIVISION ST,41.991581,-87.541889,08/31/2020 10:35:00 AM,2020
CR00003520,12/02/2018 10:31:00 AM,15,CLEAR,DAYLIGHT,SIDESWIPE SAME DIRECTION,DIVIDED - W/MEDIAN BARRIER,NO CONTROLS,UNABLE TO DETERMINE,NOT APPLICABLE,0,0,1,1,10,1,12,1438,63RD ST,41.916933,-87.508031,12/02/2018 11:37:00 AM,2018
CR00003521,10/25/2022 09:55:00 AM,30,CLEAR,DAYLIGHT,REAR END,NOT DIVIDED,TRAFFIC SIGNAL,UNABLE TO DETERMINE,NOT APPLICABLE,0,0,0,0,9,3,10,1565,LAKE SHORE DR,41.705084,-87.568651,10/25/2022 11:34:00 AM,2022
CR00003522,12/09/2017 08:11:00 AM,30,RAIN,DAYLIGHT,PARKED MOTOR VEHICLE,FOUR WAY,UNKNOWN,DISTRACTION - FROM INSIDE VEHICLE,DISTRACTION - FROM INSIDE VEHICLE,0,0,0,0,8,7,12,632,FULLERTON AVE,41.964708,-87.808099,12/09/2017 08:56:00 AM,2017
CR00003523,12/02/2015 08:43:00 PM,45,SNOW,DAYLIGHT,PARKED MOTOR VEHICLE,NOT DIVIDED,NO CONTROLS,FAILING TO YIELD RIGHT-OF-WAY,FOLLOWING TOO CLOSELY,0,0,0,0,20,4,12,369,LAKE SHORE DR,41.920622,-87.812283,12/02/2015 09:32:00 PM,2015
CR00003524,03/20/2022 01:20:00 PM,35,CLEAR,DARKNESS - LIGHTED ROAD,REAR END,NOT DIVIDED,TRAFFIC SIGNAL,DRIVING SKILLS/KNOWLEDGE/EXPERIENCE,UNABLE TO DETERMINE,0,1,3,4,13,1,3,539,IRVING PARK RD,41.790789,-87.627932,03/20/2022 03:01:00 PM,2022
CR00003525,12/03/2015 11:57:00 AM,45,CLEAR,DAYLIGHT,PARKED MOTOR VEHICLE,NOT DIVIDED,STOP SIGN/FLASHER,FOLLOWING TOO CLOSELY,NOT APPLICABLE,0,0,2,2,11,5,12,2118,KEDZIE AVE,41.705413,-87.71525,12/03/2015 12:24:00 PM,2015
CR00003526,05/31/2016 03:00:00 AM,15,CLEAR,DAYLIGHT,REAR END,T-INTERSECTION,TRAFFIC SIGNAL,FAILING TO YIELD RIGHT-OF-WAY,DISREGARDING TRAFFIC SIGNALS,0,0,1,1,3,3,5,807,CLARK ST,41.758934,-87.779489,05/31/2016 04:21:00 AM,2016
CR00003527,08/05/2022 04:34:00 PM,40,CLEAR,DAYLIGHT,PARKED MOTOR VEHICLE,ONE-WAY,NO CONTROLS,FOLLOWING TOO CLOSELY,FAILING TO YIELD RIGHT-OF-WAY,0,0,0,0,16,6,8,1231,ELSTON AVE,41.868488,-87.511819,08/05/2022 06:19:00 PM,2022
CR00003528,11/27/2024 06:21:00 PM,45,CLOUDY/OVERCAST,DAYLIGHT,REAR END,DIVIDED - W/MEDIAN BARRIER,NO CONTROLS,UNABLE TO DETERMINE,NOT APPLICABLE,0,0,0,0,18,4,11,1463,IRVING PARK RD,41.994474,-87.815956,11/27/2024 07:13:00 PM,2024
CR00003529,02/28/2022 02:48:00 PM,15,CLEAR,DARKNESS - LIGHTED ROAD,PARKED MOTOR VEHICLE,T-INTERSECTION,STOP SIGN/FLASHER,UNABLE TO DETERMINE,FAILING TO REDUCE SPEED,0,0,3,3,14,2,2,1723,IRVING PARK RD,41.761455,-87.780341,02/28/2022 03:01:00 PM,2022
CR00003530,06/28/2019 03:28:00 PM,25,CLEAR,DARKNESS - LIGHTED ROAD,TURNING,DIVIDED - W/MEDIAN BARRIER,TRAFFIC SIGNAL,FAILING TO YIELD RIGHT-OF-WAY,DRIVING SKILLS/KNOWLEDGE/EXPERIENCE,0,0,0,0,15,6,6,275,STATE ST,41.887341,-87.612663,06/28/2019 04:15:00 PM,2019
CR00003531,10/17/2022 08:38:00 AM,40,SNOW,DARKNESS - LIGHTED ROAD,ANGLE,FOUR WAY,NO CONTROLS,FOLLOWING TOO CLOSELY,WEATHER,0,0,0,0,8,2,10,2311,79TH ST,41.876975,-87.838552,10/17/2022 10:20:00 AM,2022
CR00003532,08/21/2018 03:32:00 PM,35,CLEAR,DAYLIGHT,REAR TO FRONT,NOT DIVIDED,NO CONTROLS,UNABLE TO DETERMINE,FAILING TO YIELD RIGHT-OF-WAY,0,0,3,3,15,3,8,2360,ELSTON AVE,41.713526,-87.68261,08/21/2018 04:00:00 PM,2018
CR00003533,08/05/2019 04:41:00 PM,35,CLEAR,DARKNESS - LIGHTED ROAD,TURNING,ONE-WAY,NO CONTROLS,UNABLE TO DETERMINE,FOLLOWING TOO CLOSELY,0,0,0,0,16,2,8,191,ROOSEVELT RD,41.855809,-87.778162,08/05/2019 04:49:00 PM,2019
CR00003534,08/23/2021 11:44:00 AM,20,RAIN,DAYLIGHT,SIDESWIPE SAME DIRECTION,DIVIDED - W/MEDIAN BARRIER,UNKNOWN,FAILING TO YIELD RIGHT-OF-WAY,UNABLE TO DETERMINE,0,0,0,0,11,2,8,2124,PULASKI RD,41.97726,-87.84501,08/23/2021 11:52:00 AM,2021
CR00003535,01/10/2015 02:17:00 AM,25,SNOW,DAYLIGHT,FIXED OBJECT,NOT DIVIDED,TRAFFIC SIGNAL,UNABLE TO DETERMINE,UNABLE TO DETERMINE,0,0,0,0,2,7,1,2486,CLARK ST,41.807344,-87.595145,01/10/2015 02:31:00 AM,2015
CR00003536,08/10/2022 11:10:00 AM,25,CLEAR,DAYLIGHT,TURNING,NOT DIVIDED,NO CONTROLS,FOLLOWING TOO CLOSELY,UNABLE TO DETERMINE,0,0,0,0,11,4,8,736,63RD ST,41.965226,-87.605099,08/10/2022 12:00:00 PM,2022
CR00003537,01/13/2023 08:44:00 PM,20,CLEAR,DARKNESS - LIGHTED ROAD,REAR END,FOUR WAY,NO CONTROLS,UNABLE TO DETERMINE,FOLLOWING TOO CLOSELY,0,0,0,0,20,6,1,696,FULLERTON AVE,41.993251,-87.660275,01/13/2023 08:52:00 PM,2023
CR00003538,11/13/2017 06:31:00 AM,15,RAIN,DAYLIGHT,REAR TO FRONT,DIVIDED - W/MEDIAN (NOT RAISED),YIELD,UNABLE TO DETERMINE,NOT APPLICABLE,0,1,3,4,6,2,11,1784,CICERO AVE,41.990857,-87.794857,11/13/2017 08:08:00 AM,2017
CR00003539,06/23/2016 07:24:00 AM,15,CLEAR,DAYLIGHT,REAR END,NOT DIVIDED,UNKNOWN,UNABLE TO DETERMINE,UNABLE TO DETERMINE,0,0,1,1,7,5,6,193,ASHLAND AVE,41.854879,-87.529096,06/23/2016 09:13:00 AM,2016
CR00003540,09/16/2019 02:37:00 PM,30,CLEAR,DARKNESS - LIGHTED ROAD,SIDESWIPE SAME DIRECTION,NOT DIVIDED,NO CONTROLS,FOLLOWING TOO CLOSELY,FOLLOWING TOO CLOSELY,0,1,2,3,14,2,9,1253,BROADWAY,41.971705,-87.784634,09/16/2019 03:48:00 PM,2019
CR00003541,12/28/2024 07:11:00 AM,40,SNOW,DUSK,ANGLE,T-INTERSECTION,STOP SIGN/FLASHER,UNABLE TO DETERMINE,FOLLOWING TOO CLOSELY,0,0,3,3,7,7,12,1604,WESTERN AVE,41.892945,-87.740176,12/28/2024 07:37:00 AM,2024
CR00003542,11/23/2021 08:57:00 PM,35,CLEAR,DAYLIGHT,REAR END,NOT DIVIDED,UNKNOWN,DRIVING SKILLS/KNOWLEDGE/EXPERIENCE,IMPROPER OVERTAKING/PASSING,0,0,2,2,20,3,11,857,CALIFORNIA AVE,41.86302,-87.710961,11/23/2021 09:40:00 PM,2021
CR00003543,03/20/2018 07:03:00 AM,20,CLEAR,DAYLIGHT,TURNING,NOT DIVIDED,STOP SIGN/FLASHER,FOLLOWING TOO CLOSELY,IMPROPER LANE USAGE,0,1,2,3,7,3,3,1563,47TH ST,41.971552,-87.649601,03/20/2018 08:39:00 AM,2018
CR00003544,11/11/2023 12:10:00 PM,25,CLEAR,DARKNESS - LIGHTED ROAD,REAR END,NOT DIVIDED,STOP SIGN/FLASHER,FOLLOWING TOO CLOSELY,UNABLE TO DETERMINE,0,0,0,0,12,7,11,1183,IRVING PARK RD,41.776796,-87.630578,11/11/2023 12:28:00 PM,2023
CR00003545,11/18/2020 03:59:00 PM,25,CLEAR,DAYLIGHT,PARKED MOTOR VEHICLE,NOT DIVIDED,STOP SIGN/FLASHER,IMPROPER OVERTAKING/PASSING,UNABLE TO DETERMINE,0,0,0,0,15,4,11,1672,MILWAUKEE AVE,41.751471,-87.662841,11/18/2020 05:24:00 PM,2020