CRASH_RECORD_ID,CRASH_DATE,POSTED_SPEED_LIMIT,WEATHER_CONDITION,LIGHTING_CONDITION,FIRST_CRASH_TYPE,TRAFFICWAY_TYPE,TRAFFIC_CONTROL_DEVICE,PRIM_CONTRIBUTORY_CAUSE,SEC_CONTRIBUTORY_CAUSE,INJURIES_FATAL,INJURIES_INCAPACITATING,INJURIES_NON_INCAPACITATING,INJURIES_TOTAL,CRASH_HOUR,CRASH_DAY_OF_WEEK,CRASH_MONTH,BEAT_OF_OCCURRENCE,STREET_NAME,LATITUDE,LONGITUDE,DATE_POLICE_NOTIFIED,year
CR00003546,09/10/2023 06:41:00 AM,30,CLEAR,DARKNESS - LIGHTED ROAD,REAR TO FRONT,NOT DIVIDED,NO CONTROLS,UNABLE TO DETERMINE,FOLLOWING TOO CLOSELY,0,0,0,0,6,1,9,1586,IRVING PARK RD,41.915698,-87.799037,09/10/2023 07:21:00 AM,2023
CR00003547,09/06/2024 12:08:00 PM,25,CLEAR,DAYLIGHT,SIDESWIPE SAME DIRECTION,NOT DIVIDED,NO CONTROLS,UNABLE TO DETERMINE,UNABLE TO DETERMINE,0,0,0,0,12,6,9,963,CICERO AVE,41.768141,-87.773462,09/06/2024 02:02:00 PM,2024
CR00003548,02/27/2018 01:19:00 PM,30,CLEAR,DARKNESS - LIGHTED ROAD,PARKED MOTOR VEHICLE,NOT DIVIDED,UNKNOWN,UNABLE TO DETERMINE,NOT APPLICABLE,0,1,2,3,13,3,2,2059,LAKE SHORE DR,41.850652,-87.543776,02/27/2018 01:23:00 PM,2018
CR00003549,04/07/2015 06:08:00 PM,45,SNOW,DARKNESS - LIGHTED ROAD,PARKED MOTOR VEHICLE,ONE-WAY,UNKNOWN,DRIVING SKILLS/KNOWLEDGE/EXPERIENCE,NOT APPLICABLE,0,0,0,0,18,3,4,1942,47TH ST,41.922147,-87.652823,04/07/2015 07:00:00 PM,2015
CR00003550,01/22/2017 11:25:00 AM,20,CLEAR,DAYLIGHT,REAR END,DIVIDED - W/MEDIAN (NOT RAISED),UNKNOWN,FAILING TO YIELD RIGHT-OF-WAY,NOT APPLICABLE,0,0,0,0,11,1,1,1287,DIVISION ST,41.830811,-87.577078,01/22/2017 11:35:00 AM,2017
CR00003551,12/25/2021 12:28:00 PM,45,CLEAR,DARKNESS - LIGHTED ROAD,REAR END,NOT DIVIDED,TRAFFIC SIGNAL,UNABLE TO DETERMINE,NOT APPLICABLE,0,0,0,0,12,7,12,534,DIVISION ST,41.834168,-87.708993,12/25/2021 12:56:00 PM,2021
CR00003552,09/07/2024 10:31:00 AM,25,CLEAR,DAYLIGHT,REAR END,NOT DIVIDED,NO CONTROLS,IMPROPER OVERTAKING/PASSING,NOT APPLICABLE,0,0,0,0,10,7,9,133,ROOSEVELT RD,41.897449,-87.576675,09/07/2024 11:53:00 AM,2024
CR00003553,02/28/2018 07:08:00 AM,30,FOG/SMOKE/HAZE,DARKNESS - LIGHTED ROAD,REAR END,NOT DIVIDED,NO CONTROLS,UNABLE TO DETERMINE,UNABLE TO DETERMINE,0,0,1,1,7,4,2,1764,CICERO AVE,41.770641,-87.598793,02/28/2018 07:26:00 AM,2018
CR00003554,11/02/2019 01:47:00 PM,15,CLEAR,DAYLIGHT,REAR END,FOUR WAY,TRAFFIC SIGNAL,FAILING TO REDUCE SPEED,IMPROPER LANE USAGE,0,0,1,1,13,7,11,1453,CICERO AVE,41.973365,-87.705339,11/02/2019 02:50:00 PM,2019
CR00003555,11/18/2023 07:07:00 AM,45,CLEAR,DAYLIGHT,ANGLE,NOT DIVIDED,TRAFFIC SIGNAL,DISTRACTION - FROM INSIDE VEHICLE,FAILING TO YIELD RIGHT-OF-WAY,0,0,0,0,7,7,11,2212,BROADWAY,41.863546,-87.691221,11/18/2023 07:38:00 AM,2023
CR00003556,02/12/2015 08:25:00 AM,30,CLEAR,DARKNESS - LIGHTED ROAD,ANGLE,DIVIDED - W/MEDIAN BARRIER,NO CONTROLS,FAILING TO REDUCE SPEED,FAILING TO YIELD RIGHT-OF-WAY,0,0,0,0,8,5,2,2478,KEDZIE AVE,41.76307,-87.545474,02/12/2015 09:58:00 AM,2015
CR00003557,01/01/2020 04:51:00 AM,15,CLEAR,DARKNESS,REAR END,DIVIDED - W/MEDIAN (NOT RAISED),STOP SIGN/FLASHER,FAILING TO REDUCE SPEED,IMPROPER OVERTAKING/PASSING,0,0,0,0,4,4,1,368,CICERO AVE,41.894085,-87.676097,01/01/2020 06:42:00 AM,2020
CR00003558,12/20/2024 10:54:00 PM,15,CLEAR,DUSK,ANGLE,NOT DIVIDED,PEDESTRIAN CROSSING SIGN,DRIVING SKILLS/KNOWLEDGE/EXPERIENCE,IMPROPER LANE USAGE,0,0,0,0,22,6,12,1146,STONY ISLAND AVE,41.777451,-87.742617,12/20/2024 11:01:00 PM,2024
CR00003559,02/05/2018 10:59:00 AM,35,CLEAR,DAYLIGHT,SIDESWIPE SAME DIRECTION,ONE-WAY,YIELD,FAILING TO YIELD RIGHT-OF-WAY,NOT APPLICABLE,0,0,0,0,10,2,2,1978,ASHLAND AVE,41.88223,-87.778289,02/05/2018 11:49:00 AM,2018
CR00003560,05/04/2016 04:33:00 PM,35,SNOW,DAYLIGHT,SIDESWIPE SAME DIRECTION,DIVIDED - W/MEDIAN (NOT RAISED),TRAFFIC SIGNAL,FOLLOWING TOO CLOSELY,IMPROPER LANE USAGE,0,0,0,0,16,4,5,1810,CALIFORNIA AVE,41.720355,-87.790921,05/04/2016 05:36:00 PM,2016
CR00003561,10/22/2020 07:18:00 PM,30,SNOW,DARKNESS - LIGHTED ROAD,PARKED MOTOR VEHICLE,NOT DIVIDED,STOP SIGN/FLASHER,DRIVING SKILLS/KNOWLEDGE/EXPERIENCE,NOT APPLICABLE,0,0,0,0,19,5,10,2229,ASHLAND AVE,41.737628,-87.536408,10/22/2020 08:47:00 PM,2020
CR00003562,07/25/2018 01:31:00 PM,30,CLEAR,DARKNESS - LIGHTED ROAD,REAR TO FRONT,FOUR WAY,TRAFFIC SIGNAL,FOLLOWING TOO CLOSELY,DISTRACTION - FROM INSIDE VEHICLE,0,0,0,0,13,4,7,1894,DIVISION ST,41.78547,-87.563186,07/25/2018 03:13:00 PM,2018
CR00003563,02/14/2020 05:51:00 PM,35,CLEAR,DARKNESS - LIGHTED ROAD,REAR END,NOT DIVIDED,STOP SIGN/FLASHER,DISTRACTION - FROM INSIDE VEHICLE,FAILING TO YIELD RIGHT-OF-WAY,0,0,0,0,17,6,2,1481,KEDZIE AVE,41.838085,-87.57571,02/14/2020 05:59:00 PM,2020
CR00003564,04/20/2015 01:04:00 AM,25,CLEAR,DAYLIGHT,TURNING,FOUR WAY,NO CONTROLS,UNABLE TO DETERMINE,DISTRACTION - FROM INSIDE VEHICLE,0,0,0,0,1,2,4,851,FULLERTON AVE,41.731164,-87.525163,04/20/2015 01:18:00 AM,2015
CR00003565,01/09/2022 04:22:00 PM,30,CLEAR,DARKNESS - LIGHTED ROAD,PARKED MOTOR VEHICLE,NOT DIVIDED,TRAFFIC SIGNAL,UNABLE TO DETERMINE,IMPROPER OVERTAKING/PASSING,0,0,0,0,16,1,1,2021,CLARK ST,41.907196,-87.759584,01/09/2022 05:09:00 PM,2022
CR00003566,02/12/2022 04:22:00 PM,25,FOG/SMOKE/HAZE,DUSK,SIDESWIPE SAME DIRECTION,NOT DIVIDED,TRAFFIC SIGNAL,FOLLOWING TOO CLOSELY,UNABLE TO DETERMINE,0,0,0,0,16,7,2,2169,ROOSEVELT RD,41.746804,-87.622471,02/12/2022 05:02:00 PM,2022
CR00003567,07/07/2016 08:09:00 PM,35,CLEAR,DARKNESS - LIGHTED ROAD,TURNING,NOT DIVIDED,TRAFFIC SIGNAL,UNABLE TO DETERMINE,FAILING TO YIELD RIGHT-OF-WAY,0,0,0,0,20,5,7,1494,STONY ISLAND AVE,41.738155,-87.75368,07/07/2016 08:10:00 PM,2016
CR00003568,01/03/2023 03:53:00 AM,35,CLEAR,DAYLIGHT,REAR END,NOT DIVIDED,STOP SIGN/FLASHER,FOLLOWING TOO CLOSELY,UNABLE TO DETERMINE,0,1,2,3,3,3,1,580,ROOSEVELT RD,41.71413,-87.706081,01/03/2023 04:23:00 AM,2023
CR00003569,06/04/2021 11:24:00 AM,15,CLEAR,DUSK,REAR END,DIVIDED - W/MEDIAN (NOT RAISED),UNKNOWN,FAILING TO YIELD RIGHT-OF-WAY,UNABLE TO DETERMINE,0,0,0,0,11,6,6,1725,FULLERTON AVE,41.996994,-87.781705,06/04/2021 11:47:00 AM,2021
CR00003570,05/10/2019 05:07:00 PM,40,CLEAR,DAYLIGHT,FIXED OBJECT,DIVIDED - W/MEDIAN (NOT RAISED),NO CONTROLS,UNABLE TO DETERMINE,FAILING TO YIELD RIGHT-OF-WAY,0,0,0,0,17,6,5,1124,FULLERTON AVE,41.930416,-87.732468,05/10/2019 06:17:00 PM,2019
CR00003571,12/18/2017 04:06:00 AM,15,CLEAR,DAYLIGHT,TURNING,NOT DIVIDED,NO CONTROLS,UNABLE TO DETERMINE,UNABLE TO DETERMINE,0,0,1,1,4,2,12,1585,ASHLAND AVE,41.861331,-87.718646,12/18/2017 04:58:00 AM,2017
CR00003572,10/23/2022 11:29:00 PM,25,RAIN,DAYLIGHT,REAR END,DIVIDED - W/MEDIAN (NOT RAISED),TRAFFIC SIGNAL,FAILING TO YIELD RIGHT-OF-WAY,FAILING TO YIELD RIGHT-OF-WAY,0,0,0,0,23,1,10,1059,CICERO AVE,41.880689,-87.684528,10/24/2022 01:11:00 AM,2022
CR00003573,01/13/2018 06:50:00 PM,15,CLEAR,DAYLIGHT,REAR END,DIVIDED - W/MEDIAN BARRIER,NO CONTROLS,IMPROPER OVERTAKING/PASSING,IMPROPER OVERTAKING/PASSING,0,0,0,0,18,7,1,789,STONY ISLAND AVE,41.969647,-87.787177,01/13/2018 07:54:00 PM,2018
CR00003574,08/10/2016 04:29:00 PM,40,RAIN,DAYLIGHT,PEDESTRIAN,DIVIDED - W/MEDIAN (NOT RAISED),TRAFFIC SIGNAL,FOLLOWING TOO CLOSELY,UNABLE TO DETERMINE,0,0,0,0,16,4,8,2314,ROOSEVELT RD,41.979353,-87.640892,08/10/2016 05:12:00 PM,2016
CR00003575,06/17/2019 02:05:00 AM,35,SNOW,DARKNESS - LIGHTED ROAD,TURNING,NOT DIVIDED,TRAFFIC SIGNAL,WEATHER,NOT APPLICABLE,0,0,0,0,2,2,6,2213,PULASKI RD,41.817564,-87.539651,06/17/2019 03:28:00 AM,2019
CR00003576,04/28/2016 06:04:00 AM,25,CLEAR,DAYLIGHT,TURNING,ONE-WAY,TRAFFIC SIGNAL,UNABLE TO DETERMINE,FOLLOWING TOO CLOSELY,0,2,1,3,6,5,4,1273,OGDEN AVE,41.983494,-87.664629,04/28/2016 06:51:00 AM,2016
CR00003577,12/29/2023 01:25:00 AM,45,CLEAR,DARKNESS - LIGHTED ROAD,SIDESWIPE SAME DIRECTION,DIVIDED - W/MEDIAN (NOT RAISED),NO CONTROLS,FOLLOWING TOO CLOSELY,NOT APPLICABLE,0,0,0,0,1,6,12,549,47TH ST,41.888755,-87.757619,12/29/2023 02:36:00 AM,2023
CR00003578,11/24/2016 01:06:00 PM,25,CLEAR,DARKNESS - LIGHTED ROAD,SIDESWIPE SAME DIRECTION,NOT DIVIDED,STOP SIGN/FLASHER,IMPROPER LANE USAGE,IMPROPER LANE USAGE,0,0,0,0,13,5,11,2020,PULASKI RD,41.923072,-87.736291,11/24/2016 01:46:00 PM,2016
CR00003579,06/25/2016 07:56:00 AM,35,SNOW,DAYLIGHT,REAR END,NOT DIVIDED,NO CONTROLS,IMPROPER LANE USAGE,NOT APPLICABLE,0,1,3,4,7,7,6,1850,63RD ST,41.948779,-87.584744,06/25/2016 08:36:00 AM,2016
CR00003580,07/02/2023 05:41:00 PM,25,RAIN,DARKNESS - LIGHTED ROAD,TURNING,DIVIDED - W/MEDIAN (NOT RAISED),NO CONTROLS,FOLLOWING TOO CLOSELY,UNABLE TO DETERMINE,0,0,1,1,17,1,7,942,MILWAUKEE AVE,41.759523,-87.687279,07/02/2023 05:46:00 PM,2023
CR00003581,08/21/2019 08:52:00 PM,30,FREEZING RAIN/DRIZZLE,DAYLIGHT,TURNING,NOT DIVIDED,NO CONTROLS,DRIVING SKILLS/KNOWLEDGE/EXPERIENCE,WEATHER,0,0,1,1,20,4,8,1563,CICERO AVE,41.994109,-87.754019,08/21/2019 10:18:00 PM,2019
CR00003582,12/15/2015 04:37:00 PM,30,CLEAR,DAYLIGHT,FIXED OBJECT,DIVIDED - W/MEDIAN (NOT RAISED),TRAFFIC SIGNAL,IMPROPER LANE USAGE,UNABLE TO DETERMINE,0,0,0,0,16,3,12,572,CICERO AVE,41.82138,-87.586544,12/15/2015 06:11:00 PM,2015
CR00003583,02/18/2024 03:32:00 PM,35,CLEAR,DARKNESS - LIGHTED ROAD,REAR END,DIVIDED - W/MEDIAN (NOT RAISED),STOP SIGN/FLASHER,FOLLOWING TOO CLOSELY,UNABLE TO DETERMINE,0,0,0,0,15,1,2,697,HALSTED ST,41.753912,-87.639027,02/18/2024 03:54:00 PM,2024
CR00003584,11/14/2024 05:09:00 PM,35,CLEAR,DARKNESS - LIGHTED ROAD,TURNING,DIVIDED - W/MEDIAN (NOT RAISED),STOP SIGN/FLASHER,IMPROPER OVERTAKING/PASSING,UNABLE TO DETERMINE,0,2,2,4,17,5,11,754,63RD ST,41.799105,-87.548625,11/14/2024 07:08:00 PM,2024
CR00003585,11/24/2017 12:53:00 PM,30,CLEAR,DAYLIGHT,REAR END,ONE-WAY,STOP SIGN/FLASHER,DRIVING SKILLS/KNOWLEDGE/EXPERIENCE,UNABLE TO DETERMINE,0,0,0,0,12,6,11,1062,63RD ST,41.945477,-87.508099,11/24/2017 02:46:00 PM,2017
CR00003586,03/03/2018 03:32:00 AM,30,CLEAR,DARKNESS - LIGHTED ROAD,REAR END,DIVIDED - W/MEDIAN (NOT RAISED),STOP SIGN/FLASHER,IMPROPER LANE USAGE,UNABLE TO DETERMINE,0,0,0,0,3,7,3,1693,DAMEN AVE,41.944093,-87.781923,03/03/2018 04:38:00 AM,2018
CR00003587,11/09/2020 01:24:00 PM,45,CLEAR,DAYLIGHT,TURNING,NOT DIVIDED,NO CONTROLS,UNABLE TO DETERMINE,UNABLE TO DETERMINE,0,0,0,0,13,2,11,863,HALSTED ST,41.707079,-87.519404,11/09/2020 02:26:00 PM,2020
CR00003588,06/07/2020 12:00:00 PM,30,CLEAR,DAYLIGHT,PARKED MOTOR VEHICLE,NOT DIVIDED,STOP SIGN/FLASHER,UNABLE TO DETERMINE,FOLLOWING TOO CLOSELY,0,0,0,0,12,1,6,1009,CALIFORNIA AVE,41.907577,-87.619345,06/07/2020 12:03:00 PM,2020
CR00003589,12/28/2023 05:16:00 AM,35,CLEAR,DARKNESS - LIGHTED ROAD,ANGLE,NOT DIVIDED,STOP SIGN/FLASHER,UNABLE TO DETERMINE,DISTRACTION - FROM INSIDE VEHICLE,0,0,0,0,5,5,12,689,63RD ST,41.733438,-87.568433,12/28/2023 05:53:00 AM,2023
CR00003590,07/28/2019 07:45:00 PM,25,CLEAR,DAYLIGHT,REAR TO FRONT,NOT DIVIDED,STOP SIGN/FLASHER,FOLLOWING TOO CLOSELY,DISREGARDING TRAFFIC SIGNALS,0,0,0,0,19,1,7,1109,BROADWAY,41.783496,-87.650298,07/28/2019 08:19:00 PM,2019
CR00003591,03/14/2023 04:55:00 PM,40,CLEAR,DARKNESS - LIGHTED ROAD,TURNING,FOUR WAY,TRAFFIC SIGNAL,UNABLE TO DETERMINE,DISTRACTION - FROM INSIDE VEHICLE,0,0,1,1,16,3,3,1805,CICERO AVE,41.903714,-87.789149,03/14/2023 06:53:00 PM,2023
CR00003592,06/15/2022 03:01:00 PM,40,RAIN,DUSK,REAR END,NOT DIVIDED,NO CONTROLS,DISTRACTION - FROM INSIDE VEHICLE,UNABLE TO DETERMINE,0,0,0,0,15,4,6,1046,BROADWAY,41.85185,-87.587093,06/15/2022 04:18:00 PM,2022
CR00003593,02/10/2023 08:28:00 AM,25,CLEAR,DARKNESS - LIGHTED ROAD,TURNING,FOUR WAY,NO CONTROLS,UNABLE TO DETERMINE,FAILING TO YIELD RIGHT-OF-WAY,0,0,0,0,8,6,2,2101,MICHIGAN AVE,41.780606,-87.744254,02/10/2023 10:15:00 AM,2023
CR00003594,12/10/2023 07:44:00 AM,25,CLEAR,DAYLIGHT,TURNING,NOT DIVIDED,NO CONTROLS,FOLLOWING TOO CLOSELY,UNABLE TO DETERMINE,0,0,0,0,7,1,12,494,BROADWAY,41.911818,-87.787193,12/10/2023 09:39:00 AM,2023
CR00003595,12/08/2021 04:12:00 PM,30,CLEAR,DAYLIGHT,REAR END,DIVIDED - W/MEDIAN BARRIER,STOP SIGN/FLASHER,FAILING TO YIELD RIGHT-OF-WAY,FOLLOWING TOO CLOSELY,0,0,0,0,16,4,12,380,DAMEN AVE,41.755772,-87.52368,12/08/2021 05:09:00 PM,2021
CR00003596,01/18/2015 04:25:00 PM,30,CLEAR,DAYLIGHT,REAR END,ONE-WAY,TRAFFIC SIGNAL,FAILING TO YIELD RIGHT-OF-WAY,NOT APPLICABLE,0,0,0,0,16,1,1,119,ROOSEVELT RD,41.987737,-87.558365,01/18/2015 06:06:00 PM,2015
CR00003597,10/28/2018 10:29:00 PM,30,CLEAR,DAYLIGHT,FIXED OBJECT,NOT DIVIDED,TRAFFIC SIGNAL,UNABLE TO DETERMINE,UNABLE TO DETERMINE,0,0,0,0,22,1,10,651,63RD ST,41.744682,-87.648763,10/28/2018 11:20:00 PM,2018
CR00003598,01/16/2015 02:09:00 PM,40,CLEAR,DAYLIGHT,TURNING,DIVIDED - W/MEDIAN (NOT RAISED),NO CONTROLS,WEATHER,FAILING TO YIELD RIGHT-OF-WAY,0,0,0,0,14,6,1,990,DAMEN AVE,41.872005,-87.645967,01/16/2015 02:21:00 PM,2015
CR00003599,07/04/2021 06:42:00 PM,35,SNOW,DAYLIGHT,TURNING,FOUR WAY,STOP SIGN/FLASHER,DISREGARDING TRAFFIC SIGNALS,IMPROPER LANE USAGE,0,0,1,1,18,1,7,408,DIVISION ST,41.990982,-87.689656,07/04/2021 08:17:00 PM,2021
CR00003600,04/02/2019 10:26:00 PM,30,CLEAR,DAYLIGHT,SIDESWIPE SAME DIRECTION,ONE-WAY,UNKNOWN,IMPROPER LANE USAGE,NOT APPLICABLE,0,0,0,0,22,3,4,1523,63RD ST,41.821792,-87.590776,04/02/2019 10:44:00 PM,2019
CR00003601,03/02/2016 10:15:00 AM,30,CLEAR,DAYLIGHT,PARKED MOTOR VEHICLE,NOT DIVIDED,TRAFFIC SIGNAL,UNABLE TO DETERMINE,FAILING TO YIELD RIGHT-OF-WAY,0,0,0,0,10,4,3,909,ASHLAND AVE,41.701359,-87.755876,03/02/2016 12:09:00 PM,2016
CR00003602,07/30/2020 02:30:00 PM,25,CLEAR,DAYLIGHT,FIXED OBJECT,NOT DIVIDED,NO CONTROLS,DISTRACTION - FROM INSIDE VEHICLE,UNABLE TO DETERMINE,0,0,0,0,14,5,7,2518,LAKE SHORE DR,41.912461,-87.754305,07/30/2020 02:54:00 PM,2020
CR00003603,02/24/2017 03:05:00 PM,30,CLEAR,DAYLIGHT,REAR END,NOT DIVIDED,TRAFFIC SIGNAL,FOLLOWING TOO CLOSELY,UNABLE TO DETERMINE,0,0,0,0,15,6,2,228,63RD ST,41.962163,-87.611134,02/24/2017 03:09:00 PM,2017
CR00003604,12/24/2016 04:59:00 PM,40,CLOUDY/OVERCAST,DAYLIGHT,SIDESWIPE SAME DIRECTION,NOT DIVIDED,TRAFFIC SIGNAL,UNABLE TO DETERMINE,UNABLE TO DETERMINE,0,0,0,0,16,7,12,1322,MILWAUKEE AVE,41.770923,-87.654169,12/24/2016 05:01:00 PM,2016
CR00003605,04/28/2017 07:20:00 PM,30,SNOW,DARKNESS,SIDESWIPE SAME DIRECTION,NOT DIVIDED,NO CONTROLS,FAILING TO REDUCE SPEED,IMPROPER OVERTAKING/PASSING,0,0,0,0,19,6,4,418,DIVISION ST,41.765276,-87.622434,04/28/2017 08:54:00 PM,2017
CR00003606,07/22/2022 05:04:00 PM,20,CLOUDY/OVERCAST,DAYLIGHT,SIDESWIPE SAME DIRECTION,NOT DIVIDED,NO CONTROLS,DISTRACTION - FROM INSIDE VEHICLE,DISTRACTION - FROM INSIDE VEHICLE,0,0,1,1,17,6,7,2172,STONY ISLAND AVE,41.92791,-87.758583,07/22/2022 06:25:00 PM,2022
CR00003607,08/18/2018 10:06:00 AM,25,CLEAR,DAYLIGHT,ANGLE,NOT DIVIDED,STOP SIGN/FLASHER,DISTRACTION - FROM INSIDE VEHICLE,IMPROPER LANE USAGE,0,0,0,0,10,7,8,1143,MILWAUKEE AVE,41.82305,-87.649995,08/18/2018 10:25:00 AM,2018
CR00003608,08/31/2023 04:44:00 PM,35,CLEAR,DARKNESS,ANGLE,DIVIDED - W/MEDIAN (NOT RAISED),STOP SIGN/FLASHER,FAILING TO REDUCE SPEED,UNABLE TO DETERMINE,0,0,0,0,16,5,8,2410,63RD ST,41.978775,-87.524084,08/31/2023 05:29:00 PM,2023
CR00003609,03/24/2022 03:05:00 PM,45,CLEAR,DAYLIGHT,SIDESWIPE SAME DIRECTION,DIVIDED - W/MEDIAN (NOT RAISED),NO CONTROLS,DISREGARDING TRAFFIC SIGNALS,FAILING TO YIELD RIGHT-OF-WAY,0,0,0,0,15,5,3,1487,ASHLAND AVE,41.752799,-87.520499,03/24/2022 04:22:00 PM,2022
CR00003610,03/31/2017 08:58:00 AM,35,CLOUDY/OVERCAST,DAYLIGHT,TURNING,NOT DIVIDED,TRAFFIC SIGNAL,UNABLE TO DETERMINE,FAILING TO YIELD RIGHT-OF-WAY,0,0,0,0,8,6,3,144,MILWAUKEE AVE,41.830086,-87.574658,03/31/2017 09:52:00 AM,2017
CR00003611,01/21/2018 09:14:00 AM,30,CLEAR,DARKNESS - LIGHTED ROAD,REAR END,NOT DIVIDED,TRAFFIC SIGNAL,FAILING TO REDUCE SPEED,FOLLOWING TOO CLOSELY,0,0,0,0,9,1,1,2081,WESTERN AVE,41.705952,-87.586681,01/21/2018 10:56:00 AM,2018
CR00003612,09/07/2019 05:48:00 PM,45,CLEAR,DAYLIGHT,FIXED OBJECT,DIVIDED - W/MEDIAN BARRIER,TRAFFIC SIGNAL,DISTRACTION - FROM INSIDE VEHICLE,WEATHER,0,0,1,1,17,7,9,1947,HALSTED ST,41.732405,-87.573698,09/07/2019 07:33:00 PM,2019
CR00003613,08/30/2021 01:28:00 PM,20,SNOW,DAYLIGHT,TURNING,ONE-WAY,STOP SIGN/FLASHER,IMPROPER OVERTAKING/PASSING,FOLLOWING TOO CLOSELY,0,2,2,4,13,2,8,2386,BROADWAY,41.750911,-87.781618,08/30/2021 02:47:00 PM,2021
CR00003614,09/28/2022 09:31:00 AM,30,CLEAR,DAYLIGHT,TURNING,DIVIDED - W/MEDIAN (NOT RAISED),TRAFFIC SIGNAL,UNABLE TO DETERMINE,FOLLOWING TOO CLOSELY,0,0,1,1,9,4,9,1701,ASHLAND AVE,41.88226,-87.799663,09/28/2022 10:18:00 AM,2022
CR00003615,11/15/2019 07:18:00 AM,30,CLEAR,DAYLIGHT,PARKED MOTOR VEHICLE,DIVIDED - W/MEDIAN (NOT RAISED),NO CONTROLS,FAILING TO YIELD RIGHT-OF-WAY,IMPROPER OVERTAKING/PASSING,0,0,0,0,7,6,11,1477,CLARK ST,41.862451,-87.593387,11/15/2019 09:18:00 AM,2019
CR00003616,11/16/2018 02:26:00 PM,15,RAIN,DAYLIGHT,TURNING,NOT DIVIDED,TRAFFIC SIGNAL,FAILING TO REDUCE SPEED,DISREGARDING TRAFFIC SIGNALS,0,0,1,1,14,6,11,330,KEDZIE AVE,41.7774,-87.725476,11/16/2018 03:51:00 PM,2018
CR00003617,09/17/2020 11:41:00 AM,20,CLEAR,DAYLIGHT,PARKED MOTOR VEHICLE,FOUR WAY,TRAFFIC SIGNAL,IMPROPER OVERTAKING/PASSING,DRIVING SKILLS/KNOWLEDGE/EXPERIENCE,0,0,0,0,11,5,9,985,CLARK ST,41.852127,-87.667002,09/17/2020 12:06:00 PM,2020
CR00003618,04/10/2017 12:34:00 PM,45,CLEAR,DAWN,TURNING,DIVIDED - W/MEDIAN (NOT RAISED),NO CONTROLS,DRIVING SKILLS/KNOWLEDGE/EXPERIENCE,FAILING TO YIELD RIGHT-OF-WAY,0,0,0,0,12,2,4,2196,BROADWAY,41.901343,-87.633843,04/10/2017 12:48:00 PM,2017
CR00003619,11/21/2022 09:42:00 PM,30,CLEAR,DARKNESS - LIGHTED ROAD,FIXED OBJECT,DIVIDED - W/MEDIAN (NOT RAISED),NO CONTROLS,FAILING TO YIELD RIGHT-OF-WAY,FAILING TO YIELD RIGHT-OF-WAY,0,0,0,0,21,2,11,823,OGDEN AVE,41.742528,-87.600581,11/21/2022 11:12:00 PM,2022
CR00003620,07/30/2020 06:04:00 AM,30,RAIN,DAYLIGHT,PARKED MOTOR VEHICLE,T-INTERSECTION,TRAFFIC SIGNAL,FAILING TO YIELD RIGHT-OF-WAY,UNABLE TO DETERMINE,0,0,0,0,6,5,7,1203,ARCHER AVE,41.734762,-87.567328,07/30/2020 06:52:00 AM,2020
CR00003621,01/18/2024 03:27:00 AM,25,RAIN,DAYLIGHT,ANGLE,DIVIDED - W/MEDIAN (NOT RAISED),NO CONTROLS,UNABLE TO DETERMINE,IMPROPER LANE USAGE,0,0,0,0,3,5,1,2450,ROOSEVELT RD,41.856412,-87.73209,01/18/2024 05:07:00 AM,2024
CR00003622,03/06/2020 06:09:00 PM,35,RAIN,DAYLIGHT,FIXED OBJECT,T-INTERSECTION,STOP SIGN/FLASHER,FOLLOWING TOO CLOSELY,NOT APPLICABLE,0,0,0,0,18,6,3,998,CICERO AVE,41.797581,-87.630245,03/06/2020 06:25:00 PM,2020
CR00003623,07/02/2018 04:45:00 PM,30,CLOUDY/OVERCAST,DAYLIGHT,PARKED MOTOR VEHICLE,DIVIDED - W/MEDIAN (NOT RAISED),TRAFFIC SIGNAL,FAILING TO YIELD RIGHT-OF-WAY,UNABLE TO DETERMINE,0,0,0,0,16,2,7,1375,HALSTED ST,41.747667,-87.82507,07/02/2018 05:18:00 PM,2018
CR00003624,03/03/2021 12:31:00 PM,25,CLOUDY/OVERCAST,DARKNESS,FIXED OBJECT,ONE-WAY,STOP SIGN/FLASHER,FAILING TO REDUCE SPEED,IMPROPER OVERTAKING/PASSING,0,0,0,0,12,4,3,180,KEDZIE AVE,41.792771,-87.518033,03/03/2021 01:19:00 PM,2021
CR00003625,02/17/2019 09:58:00 AM,30,CLEAR,DAYLIGHT,FIXED OBJECT,DIVIDED - W/MEDIAN (NOT RAISED),STOP SIGN/FLASHER,IMPROPER LANE USAGE,IMPROPER OVERTAKING/PASSING,0,0,0,0,9,1,2,1412,CICERO AVE,41.814108,-87.565273,02/17/2019 11:43:00 AM,2019
CR00003626,06/25/2022 05:00:00 PM,20,RAIN,DAYLIGHT,REAR END,ONE-WAY,NO CONTROLS,UNABLE TO DETERMINE,FOLLOWING TOO CLOSELY,0,0,0,0,17,7,6,1771,ASHLAND AVE,41.818569,-87.620543,06/25/2022 06:39:00 PM,2022
CR00003627,01/25/2019 07:02:00 PM,40,CLEAR,DARKNESS - LIGHTED ROAD,REAR END,NOT DIVIDED,NO CONTROLS,IMPROPER LANE USAGE,UNABLE TO DETERMINE,0,0,0,0,19,6,1,1401,CICERO AVE,41.913643,-87.828109,01/25/2019 07:09:00 PM,2019