CRASH_RECORD_ID,CRASH_DATE,POSTED_SPEED_LIMIT,WEATHER_CONDITION,LIGHTING_CONDITION,FIRST_CRASH_TYPE,TRAFFICWAY_TYPE,TRAFFIC_CONTROL_DEVICE,PRIM_CONTRIBUTORY_CAUSE,SEC_CONTRIBUTORY_CAUSE,INJURIES_FATAL,INJURIES_INCAPACITATING,INJURIES_NON_INCAPACITATING,INJURIES_TOTAL,CRASH_HOUR,CRASH_DAY_OF_WEEK,CRASH_MONTH,BEAT_OF_OCCURRENCE,STREET_NAME,LATITUDE,LONGITUDE,DATE_POLICE_NOTIFIED,year
CR00003628,06/28/2023 06:13:00 PM,15,CLEAR,DUSK,REAR END,NOT DIVIDED,TRAFFIC SIGNAL,FOLLOWING TOO CLOSELY,NOT APPLICABLE,0,0,0,0,18,4,6,1925,STONY ISLAND AVE,41.701312,-87.6452,06/28/2023 06:59:00 PM,2023
CR00003629,12/01/2021 04:03:00 PM,35,CLEAR,DAYLIGHT,FIXED OBJECT,FOUR WAY,NO CONTROLS,FOLLOWING TOO CLOSELY,IMPROPER LANE USAGE,0,0,0,0,16,4,12,2125,ARCHER AVE,41.999765,-87.737299,12/01/2021 04:34:00 PM,2021
CR00003630,05/20/2020 06:49:00 PM,25,CLEAR,DAYLIGHT,REAR END,NOT DIVIDED,NO CONTROLS,WEATHER,NOT APPLICABLE,0,0,0,0,18,4,5,2385,ELSTON AVE,41.813023,-87.659535,05/20/2020 07:26:00 PM,2020
CR00003631,12/31/2024 10:56:00 AM,15,CLEAR,DARKNESS,SIDESWIPE SAME DIRECTION,ONE-WAY,NO CONTROLS,UNABLE TO DETERMINE,DRIVING SKILLS/KNOWLEDGE/EXPERIENCE,0,0,0,0,10,3,12,664,CLARK ST,41.824313,-87.826827,12/31/2024 12:54:00 PM,2024
CR00003632,01/01/2016 08:02:00 AM,30,SNOW,DUSK,SIDESWIPE SAME DIRECTION,ONE-WAY,NO CONTROLS,UNABLE TO DETERMINE,FAILING TO YIELD RIGHT-OF-WAY,0,0,0,0,8,6,1,2418,MICHIGAN AVE,41.938394,-87.708044,01/01/2016 09:41:00 AM,2016
CR00003633,10/21/2024 10:59:00 AM,30,FOG/SMOKE/HAZE,DARKNESS,PARKED MOTOR VEHICLE,NOT DIVIDED,YIELD,FAILING TO REDUCE SPEED,NOT APPLICABLE,0,0,1,1,10,2,10,1959,ASHLAND AVE,41.761167,-87.598597,10/21/2024 12:23:00 PM,2024
CR00003634,02/18/2021 07:52:00 PM,25,CLEAR,DAYLIGHT,FIXED OBJECT,NOT DIVIDED,TRAFFIC SIGNAL,DISTRACTION - FROM INSIDE VEHICLE,UNABLE TO DETERMINE,0,0,0,0,19,5,2,2430,STONY ISLAND AVE,41.992816,-87.631056,02/18/2021 09:01:00 PM,2021
CR00003635,06/19/2017 04:33:00 AM,15,CLEAR,DAYLIGHT,REAR END,NOT DIVIDED,TRAFFIC SIGNAL,DRIVING SKILLS/KNOWLEDGE/EXPERIENCE,FOLLOWING TOO CLOSELY,0,0,3,3,4,2,6,1734,FULLERTON AVE,41.734047,-87.820265,06/19/2017 06:17:00 AM,2017
CR00003636,08/16/2022 03:58:00 PM,30,CLEAR,DARKNESS - LIGHTED ROAD,SIDESWIPE SAME DIRECTION,NOT DIVIDED,TRAFFIC SIGNAL,FAILING TO YIELD RIGHT-OF-WAY,FOLLOWING TOO CLOSELY,0,0,0,0,15,3,8,1207,63RD ST,41.902724,-87.570788,08/16/2022 05:24:00 PM,2022
CR00003637,09/19/2015 04:38:00 AM,35,CLOUDY/OVERCAST,DAYLIGHT,ANGLE,DIVIDED - W/MEDIAN (NOT RAISED),NO CONTROLS,IMPROPER LANE USAGE,IMPROPER LANE USAGE,0,0,0,0,4,7,9,1706,STONY ISLAND AVE,41.756776,-87.747807,09/19/2015 06:18:00 AM,2015
CR00003638,06/08/2018 09:01:00 PM,25,CLEAR,DAYLIGHT,REAR END,ONE-WAY,STOP SIGN/FLASHER,FAILING TO YIELD RIGHT-OF-WAY,DISTRACTION - FROM INSIDE VEHICLE,0,0,0,0,21,6,6,408,STATE ST,41.769463,-87.604163,06/08/2018 10:21:00 PM,2018
CR00003639,08/06/2018 12:38:00 AM,30,FREEZING RAIN/DRIZZLE,DARKNESS - LIGHTED ROAD,REAR END,ONE-WAY,TRAFFIC SIGNAL,IMPROPER LANE USAGE,FOLLOWING TOO CLOSELY,0,0,0,0,0,2,8,1492,MICHIGAN AVE,41.892811,-87.620786,08/06/2018 01:58:00 AM,2018
CR00003640,06/18/2021 05:50:00 PM,35,CLEAR,DAYLIGHT,REAR END,T-INTERSECTION,NO CONTROLS,DRIVING SKILLS/KNOWLEDGE/EXPERIENCE,DISTRACTION - FROM INSIDE VEHICLE,0,1,1,2,17,6,6,314,STONY ISLAND AVE,41.766054,-87.528113,06/18/2021 06:14:00 PM,2021
CR00003641,10/06/2022 10:36:00 AM,30,RAIN,DAYLIGHT,ANGLE,DIVIDED - W/MEDIAN (NOT RAISED),UNKNOWN,FOLLOWING TOO CLOSELY,DISREGARDING TRAFFIC SIGNALS,0,0,0,0,10,5,10,847,WESTERN AVE,41.85634,-87.64881,10/06/2022 10:58:00 AM,2022
CR00003642,10/28/2015 12:43:00 AM,40,CLEAR,DARKNESS - LIGHTED ROAD,PARKED MOTOR VEHICLE,NOT DIVIDED,NO CONTROLS,IMPROPER OVERTAKING/PASSING,FOLLOWING TOO CLOSELY,0,0,1,1,0,4,10,333,ARCHER AVE,41.903566,-87.744042,10/28/2015 01:23:00 AM,2015
CR00003643,03/05/2016 09:46:00 PM,20,CLOUDY/OVERCAST,DARKNESS - LIGHTED ROAD,TURNING,DIVIDED - W/MEDIAN (NOT RAISED),TRAFFIC SIGNAL,IMPROPER LANE USAGE,IMPROPER LANE USAGE,0,0,1,1,21,7,3,323,HALSTED ST,41.992053,-87.612517,03/05/2016 10:08:00 PM,2016
CR00003644,11/11/2018 08:16:00 PM,30,RAIN,DAYLIGHT,REAR END,NOT DIVIDED,NO CONTROLS,UNABLE TO DETERMINE,FAILING TO REDUCE SPEED,0,0,0,0,20,1,11,1223,ASHLAND AVE,41.888136,-87.521628,11/11/2018 09:24:00 PM,2018
CR00003645,02/09/2023 03:14:00 AM,25,FOG/SMOKE/HAZE,DARKNESS - LIGHTED ROAD,TURNING,NOT DIVIDED,STOP SIGN/FLASHER,FOLLOWING TOO CLOSELY,NOT APPLICABLE,0,0,0,0,3,5,2,1935,MILWAUKEE AVE,41.739372,-87.583321,02/09/2023 03:22:00 AM,2023
CR00003646,01/03/2019 07:09:00 AM,45,CLEAR,DAWN,PARKED MOTOR VEHICLE,T-INTERSECTION,NO CONTROLS,UNABLE TO DETERMINE,FAILING TO REDUCE SPEED,0,0,0,0,7,5,1,194,STONY ISLAND AVE,41.838992,-87.624742,01/03/2019 08:13:00 AM,2019
CR00003647,10/10/2016 11:06:00 AM,45,CLEAR,DAYLIGHT,REAR END,ONE-WAY,NO CONTROLS,FAILING TO YIELD RIGHT-OF-WAY,UNABLE TO DETERMINE,0,0,0,0,11,2,10,504,KEDZIE AVE,41.828825,-87.55751,10/10/2016 12:26:00 PM,2016
CR00003648,05/26/2017 10:23:00 AM,45,CLEAR,DAYLIGHT,TURNING,DIVIDED - W/MEDIAN (NOT RAISED),NO CONTROLS,UNABLE TO DETERMINE,IMPROPER LANE USAGE,0,0,0,0,10,6,5,800,DIVISION ST,41.91511,-87.653399,05/26/2017 11:45:00 AM,2017
CR00003649,02/19/2023 11:54:00 AM,30,CLEAR,DUSK,SIDESWIPE SAME DIRECTION,ONE-WAY,TRAFFIC SIGNAL,UNABLE TO DETERMINE,WEATHER,0,0,0,0,11,1,2,1898,DAMEN AVE,41.87504,-87.593112,02/19/2023 12:33:00 PM,2023
CR00003650,06/27/2024 08:48:00 AM,25,CLEAR,DAYLIGHT,SIDESWIPE SAME DIRECTION,T-INTERSECTION,TRAFFIC SIGNAL,FAILING TO YIELD RIGHT-OF-WAY,DRIVING SKILLS/KNOWLEDGE/EXPERIENCE,0,0,0,0,8,5,6,1854,CLARK ST,41.866692,-87.60151,06/27/2024 10:34:00 AM,2024
CR00003651,07/31/2020 02:26:00 PM,35,CLOUDY/OVERCAST,DAYLIGHT,SIDESWIPE SAME DIRECTION,NOT DIVIDED,STOP SIGN/FLASHER,FAILING TO YIELD RIGHT-OF-WAY,NOT APPLICABLE,0,0,0,0,14,6,7,1596,PULASKI RD,41.969596,-87.73686,07/31/2020 03:30:00 PM,2020
CR00003652,06/12/2019 02:38:00 PM,30,CLEAR,DAYLIGHT,TURNING,ONE-WAY,STOP SIGN/FLASHER,UNABLE TO DETERMINE,FOLLOWING TOO CLOSELY,0,0,0,0,14,4,6,662,MILWAUKEE AVE,41.874321,-87.526817,06/12/2019 04:29:00 PM,2019
CR00003653,08/18/2019 03:29:00 PM,45,CLEAR,DARKNESS - LIGHTED ROAD,TURNING,NOT DIVIDED,UNKNOWN,DRIVING SKILLS/KNOWLEDGE/EXPERIENCE,UNABLE TO DETERMINE,0,0,0,0,15,1,8,1326,47TH ST,41.961775,-87.701337,08/18/2019 04:18:00 PM,2019
CR00003654,06/16/2019 01:53:00 PM,25,CLEAR,DAYLIGHT,REAR END,DIVIDED - W/MEDIAN BARRIER,NO CONTROLS,UNABLE TO DETERMINE,FAILING TO YIELD RIGHT-OF-WAY,0,0,0,0,13,1,6,682,IRVING PARK RD,41.985595,-87.713591,06/16/2019 02:58:00 PM,2019
CR00003655,03/18/2020 11:00:00 AM,30,RAIN,DAYLIGHT,REAR END,ONE-WAY,STOP SIGN/FLASHER,DISREGARDING TRAFFIC SIGNALS,FOLLOWING TOO CLOSELY,0,2,1,3,11,4,3,1187,47TH ST,41.754155,-87.788827,03/18/2020 11:24:00 AM,2020
CR00003656,03/13/2024 12:56:00 PM,30,RAIN,DARKNESS - LIGHTED ROAD,PARKED MOTOR VEHICLE,NOT DIVIDED,TRAFFIC SIGNAL,DISTRACTION - FROM INSIDE VEHICLE,UNABLE TO DETERMINE,0,1,0,1,12,4,3,638,63RD ST,41.966059,-87.747224,03/13/2024 01:56:00 PM,2024
CR00003657,09/12/2021 11:17:00 AM,40,CLEAR,DAYLIGHT,PARKED MOTOR VEHICLE,NOT DIVIDED,TRAFFIC SIGNAL,DRIVING SKILLS/KNOWLEDGE/EXPERIENCE,NOT APPLICABLE,0,0,0,0,11,1,9,1301,FULLERTON AVE,41.941642,-87.640597,09/12/2021 12:51:00 PM,2021
CR00003658,10/30/2021 05:53:00 PM,45,CLEAR,DAYLIGHT,TURNING,T-INTERSECTION,STOP SIGN/FLASHER,DISTRACTION - FROM INSIDE VEHICLE,IMPROPER LANE USAGE,0,0,0,0,17,7,10,1491,HALSTED ST,41.88424,-87.586687,10/30/2021 06:49:00 PM,2021
CR00003659,06/30/2016 04:45:00 PM,45,CLOUDY/OVERCAST,DAYLIGHT,REAR END,ONE-WAY,NO CONTROLS,IMPROPER OVERTAKING/PASSING,DISTRACTION - FROM INSIDE VEHICLE,0,0,0,0,16,5,6,1336,IRVING PARK RD,41.903865,-87.822291,06/30/2016 04:46:00 PM,2016
CR00003660,06/13/2021 02:15:00 PM,35,CLEAR,DAYLIGHT,TURNING,NOT DIVIDED,STOP SIGN/FLASHER,DRIVING SKILLS/KNOWLEDGE/EXPERIENCE,IMPROPER LANE USAGE,0,0,0,0,14,1,6,494,PULASKI RD,41.73675,-87.749504,06/13/2021 03:33:00 PM,2021
CR00003661,07/12/2018 06:00:00 PM,35,RAIN,DAYLIGHT,PARKED MOTOR VEHICLE,FOUR WAY,TRAFFIC SIGNAL,DISTRACTION - FROM INSIDE VEHICLE,FOLLOWING TOO CLOSELY,0,0,0,0,18,5,7,352,WESTERN AVE,41.998588,-87.737221,07/12/2018 07:37:00 PM,2018
CR00003662,06/30/2024 06:23:00 PM,30,CLEAR,DARKNESS - LIGHTED ROAD,REAR TO FRONT,NOT DIVIDED,NO CONTROLS,UNABLE TO DETERMINE,UNABLE TO DETERMINE,0,0,0,0,18,1,6,1327,STONY ISLAND AVE,41.810107,-87.668062,06/30/2024 06:57:00 PM,2024
CR00003663,03/10/2015 06:32:00 PM,30,CLEAR,DARKNESS - LIGHTED ROAD,REAR END,DIVIDED - W/MEDIAN (NOT RAISED),STOP SIGN/FLASHER,IMPROPER OVERTAKING/PASSING,UNABLE TO DETERMINE,0,0,1,1,18,3,3,1428,MILWAUKEE AVE,41.863603,-87.525823,03/10/2015 07:25:00 PM,2015
CR00003664,05/23/2015 06:23:00 PM,15,RAIN,DAYLIGHT,TURNING,DIVIDED - W/MEDIAN (NOT RAISED),TRAFFIC SIGNAL,WEATHER,IMPROPER OVERTAKING/PASSING,0,0,0,0,18,7,5,109,CALIFORNIA AVE,41.800378,-87.539592,05/23/2015 07:41:00 PM,2015
CR00003665,04/16/2024 08:37:00 PM,20,CLEAR,DAWN,TURNING,NOT DIVIDED,NO CONTROLS,DRIVING SKILLS/KNOWLEDGE/EXPERIENCE,FOLLOWING TOO CLOSELY,0,1,0,1,20,3,4,2379,KEDZIE AVE,41.972456,-87.701682,04/16/2024 09:13:00 PM,2024
CR00003666,04/05/2019 05:20:00 PM,15,CLOUDY/OVERCAST,DAYLIGHT,PARKED MOTOR VEHICLE,FOUR WAY,NO CONTROLS,UNABLE TO DETERMINE,FAILING TO YIELD RIGHT-OF-WAY,0,0,1,1,17,6,4,552,ARCHER AVE,41.861429,-87.793958,04/05/2019 06:20:00 PM,2019
CR00003667,05/11/2019 04:43:00 PM,15,CLEAR,DARKNESS - LIGHTED ROAD,REAR END,ONE-WAY,TRAFFIC SIGNAL,UNABLE TO DETERMINE,UNABLE TO DETERMINE,0,0,0,0,16,7,5,144,STONY ISLAND AVE,41.775548,-87.839982,05/11/2019 06:37:00 PM,2019
CR00003668,12/24/2022 08:22:00 AM,35,RAIN,DAYLIGHT,TURNING,T-INTERSECTION,TRAFFIC SIGNAL,UNABLE TO DETERMINE,FAILING TO REDUCE SPEED,0,2,1,3,8,7,12,1168,DIVISION ST,41.809632,-87.644775,12/24/2022 10:02:00 AM,2022
CR00003669,12/06/2017 08:35:00 AM,35,CLEAR,DARKNESS - LIGHTED ROAD,ANGLE,DIVIDED - W/MEDIAN BARRIER,UNKNOWN,FOLLOWING TOO CLOSELY,IMPROPER LANE USAGE,0,0,0,0,8,4,12,448,MICHIGAN AVE,41.890431,-87.701907,12/06/2017 09:02:00 AM,2017
CR00003670,03/19/2023 04:47:00 PM,20,RAIN,DARKNESS - LIGHTED ROAD,REAR END,FOUR WAY,STOP SIGN/FLASHER,FAILING TO REDUCE SPEED,NOT APPLICABLE,0,0,0,0,16,1,3,458,ASHLAND AVE,41.91202,-87.675696,03/19/2023 04:48:00 PM,2023
CR00003671,01/31/2023 08:14:00 AM,25,CLEAR,DAYLIGHT,PARKED MOTOR VEHICLE,DIVIDED - W/MEDIAN (NOT RAISED),NO CONTROLS,DISTRACTION - FROM INSIDE VEHICLE,IMPROPER OVERTAKING/PASSING,0,0,1,1,8,3,1,502,HALSTED ST,41.762539,-87.817183,01/31/2023 08:45:00 AM,2023
CR00003672,06/28/2020 03:31:00 PM,35,FOG/SMOKE/HAZE,DARKNESS - LIGHTED ROAD,PARKED MOTOR VEHICLE,NOT DIVIDED,TRAFFIC SIGNAL,DISREGARDING TRAFFIC SIGNALS,UNABLE TO DETERMINE,0,0,0,0,15,1,6,886,63RD ST,41.824878,-87.76401,06/28/2020 04:37:00 PM,2020
CR00003673,12/06/2016 08:47:00 AM,15,CLEAR,DAYLIGHT,ANGLE,NOT DIVIDED,STOP SIGN/FLASHER,FAILING TO REDUCE SPEED,FOLLOWING TOO CLOSELY,0,0,0,0,8,3,12,1402,ASHLAND AVE,41.852247,-87.8004,12/06/2016 10:40:00 AM,2016
CR00003674,10/08/2021 03:32:00 PM,30,RAIN,DAYLIGHT,ANGLE,NOT DIVIDED,YIELD,UNABLE TO DETERMINE,NOT APPLICABLE,0,0,0,0,15,6,10,1291,HALSTED ST,41.933491,-87.815667,10/08/2021 05:25:00 PM,2021
CR00003675,07/01/2022 11:39:00 AM,25,CLEAR,DAYLIGHT,REAR END,NOT DIVIDED,NO CONTROLS,WEATHER,UNABLE TO DETERMINE,0,0,0,0,11,6,7,2142,PULASKI RD,41.704458,-87.576391,07/01/2022 01:00:00 PM,2022
CR00003676,12/03/2022 07:34:00 AM,35,CLEAR,DARKNESS,SIDESWIPE SAME DIRECTION,NOT DIVIDED,NO CONTROLS,UNABLE TO DETERMINE,UNABLE TO DETERMINE,0,0,1,1,7,7,12,342,MILWAUKEE AVE,41.955555,-87.575158,12/03/2022 08:05:00 AM,2022
CR00003677,04/15/2023 06:30:00 PM,35,CLEAR,DAYLIGHT,SIDESWIPE SAME DIRECTION,DIVIDED - W/MEDIAN (NOT RAISED),TRAFFIC SIGNAL,UNABLE TO DETERMINE,UNABLE TO DETERMINE,0,0,0,0,18,7,4,1773,OGDEN AVE,41.799628,-87.567604,04/15/2023 06:42:00 PM,2023
CR00003678,10/30/2016 08:10:00 PM,45,CLOUDY/OVERCAST,DARKNESS - LIGHTED ROAD,PARKED MOTOR VEHICLE,DIVIDED - W/MEDIAN (NOT RAISED),STOP SIGN/FLASHER,FAILING TO YIELD RIGHT-OF-WAY,FOLLOWING TOO CLOSELY,0,0,0,0,20,1,10,1754,STONY ISLAND AVE,41.888451,-87.732865,10/30/2016 08:30:00 PM,2016
CR00003679,11/30/2015 05:24:00 AM,25,CLEAR,DAYLIGHT,TURNING,T-INTERSECTION,STOP SIGN/FLASHER,FAILING TO YIELD RIGHT-OF-WAY,FAILING TO YIELD RIGHT-OF-WAY,0,0,1,1,5,2,11,1265,ROOSEVELT RD,41.854247,-87.519247,11/30/2015 07:10:00 AM,2015
CR00003680,02/20/2022 05:21:00 PM,25,CLEAR,DUSK,FIXED OBJECT,NOT DIVIDED,UNKNOWN,FOLLOWING TOO CLOSELY,UNABLE TO DETERMINE,0,0,0,0,17,1,2,511,ASHLAND AVE,41.763925,-87.796672,02/20/2022 06:35:00 PM,2022
CR00003681,09/09/2017 09:16:00 AM,45,CLEAR,DARKNESS - LIGHTED ROAD,SIDESWIPE SAME DIRECTION,ONE-WAY,STOP SIGN/FLASHER,IMPROPER LANE USAGE,FOLLOWING TOO CLOSELY,0,0,3,3,9,7,9,1558,STATE ST,41.797867,-87.643535,09/09/2017 11:01:00 AM,2017
CR00003682,07/01/2022 07:37:00 PM,35,CLEAR,DARKNESS - LIGHTED ROAD,REAR TO FRONT,NOT DIVIDED,NO CONTROLS,IMPROPER OVERTAKING/PASSING,FOLLOWING TOO CLOSELY,0,0,0,0,19,6,7,1355,HALSTED ST,41.87814,-87.80072,07/01/2022 08:15:00 PM,2022
CR00003683,08/12/2022 06:28:00 AM,30,CLEAR,DAYLIGHT,SIDESWIPE SAME DIRECTION,NOT DIVIDED,NO CONTROLS,FAILING TO YIELD RIGHT-OF-WAY,FAILING TO REDUCE SPEED,0,0,3,3,6,6,8,1587,LAKE SHORE DR,41.700569,-87.757992,08/12/2022 07:18:00 AM,2022
CR00003684,06/21/2018 03:04:00 PM,35,CLEAR,DAYLIGHT,SIDESWIPE SAME DIRECTION,NOT DIVIDED,STOP SIGN/FLASHER,IMPROPER LANE USAGE,UNABLE TO DETERMINE,0,0,3,3,15,5,6,201,STATE ST,41.926862,-87.66305,06/21/2018 04:47:00 PM,2018
CR00003685,09/02/2017 05:30:00 AM,45,CLEAR,DAYLIGHT,SIDESWIPE SAME DIRECTION,ONE-WAY,NO CONTROLS,IMPROPER LANE USAGE,UNABLE TO DETERMINE,0,2,0,2,5,7,9,2097,LAKE SHORE DR,41.767143,-87.697097,09/02/2017 06:48:00 AM,2017
CR00003686,06/04/2020 07:47:00 AM,30,CLEAR,DAYLIGHT,SIDESWIPE SAME DIRECTION,NOT DIVIDED,NO CONTROLS,FOLLOWING TOO CLOSELY,WEATHER,0,0,0,0,7,5,6,106,47TH ST,41.83239,-87.807306,06/04/2020 08:34:00 AM,2020
CR00003687,04/13/2017 03:43:00 PM,25,CLEAR,DAYLIGHT,TURNING,NOT DIVIDED,NO CONTROLS,IMPROPER OVERTAKING/PASSING,FOLLOWING TOO CLOSELY,0,0,0,0,15,5,4,381,DIVISION ST,41.927181,-87.784887,04/13/2017 04:44:00 PM,2017
CR00003688,06/01/2020 11:13:00 AM,45,RAIN,DARKNESS - LIGHTED ROAD,PARKED MOTOR VEHICLE,ONE-WAY,TRAFFIC SIGNAL,IMPROPER OVERTAKING/PASSING,UNABLE TO DETERMINE,0,0,2,2,11,2,6,1026,ARCHER AVE,41.770862,-87.767841,06/01/2020 01:11:00 PM,2020
CR00003689,10/14/2016 06:00:00 AM,35,CLEAR,DAYLIGHT,FIXED OBJECT,ONE-WAY,NO CONTROLS,FAILING TO YIELD RIGHT-OF-WAY,UNABLE TO DETERMINE,0,0,0,0,6,6,10,751,CICERO AVE,41.97482,-87.783784,10/14/2016 07:22:00 AM,2016
CR00003690,11/30/2020 05:17:00 PM,45,CLOUDY/OVERCAST,DARKNESS,PARKED MOTOR VEHICLE,ONE-WAY,UNKNOWN,DISTRACTION - FROM INSIDE VEHICLE,UNABLE TO DETERMINE,0,0,1,1,17,2,11,2261,ASHLAND AVE,41.867032,-87.728667,11/30/2020 06:22:00 PM,2020
CR00003691,02/13/2016 09:38:00 PM,40,CLEAR,DAYLIGHT,REAR END,T-INTERSECTION,STOP SIGN/FLASHER,UNABLE TO DETERMINE,FAILING TO YIELD RIGHT-OF-WAY,0,0,0,0,21,7,2,1145,KEDZIE AVE,41.754403,-87.807963,02/13/2016 11:23:00 PM,2016
CR00003692,04/01/2017 06:58:00 PM,30,CLEAR,DAYLIGHT,REAR END,NOT DIVIDED,STOP SIGN/FLASHER,FAILING TO REDUCE SPEED,IMPROPER OVERTAKING/PASSING,0,0,0,0,18,7,4,504,IRVING PARK RD,41.896772,-87.506296,04/01/2017 07:42:00 PM,2017
CR00003693,09/06/2021 02:08:00 PM,45,SNOW,DAYLIGHT,REAR END,NOT DIVIDED,NO CONTROLS,FOLLOWING TOO CLOSELY,WEATHER,0,0,0,0,14,2,9,902,79TH ST,41.781117,-87.559972,09/06/2021 04:00:00 PM,2021
CR00003694,08/29/2023 11:54:00 PM,35,CLEAR,DAYLIGHT,TURNING,NOT DIVIDED,NO CONTROLS,UNABLE TO DETERMINE,FOLLOWING TOO CLOSELY,0,0,0,0,23,3,8,1031,WESTERN AVE,41.707326,-87.624175,08/30/2023 01:22:00 AM,2023
CR00003695,05/17/2022 03:41:00 PM,45,CLOUDY/OVERCAST,DAYLIGHT,ANGLE,NOT DIVIDED,NO CONTROLS,UNABLE TO DETERMINE,NOT APPLICABLE,0,0,1,1,15,3,5,784,ARCHER AVE,41.776348,-87.674046,05/17/2022 05:29:00 PM,2022
CR00003696,07/23/2020 05:51:00 PM,15,CLEAR,DAYLIGHT,REAR END,ONE-WAY,TRAFFIC SIGNAL,DISTRACTION - FROM INSIDE VEHICLE,UNABLE TO DETERMINE,0,0,0,0,17,5,7,2028,IRVING PARK RD,41.876415,-87.522911,07/23/2020 06:01:00 PM,2020
CR00003697,10/28/2016 10:18:00 AM,35,RAIN,DARKNESS - LIGHTED ROAD,PARKED MOTOR VEHICLE,NOT DIVIDED,TRAFFIC SIGNAL,UNABLE TO DETERMINE,NOT APPLICABLE,0,0,0,0,10,6,10,2313,KEDZIE AVE,41.807986,-87.500149,10/28/2016 11:15:00 AM,2016
CR00003698,12/16/2015 05:59:00 AM,20,CLEAR,DAYLIGHT,TURNING,NOT DIVIDED,NO CONTROLS,DRIVING SKILLS/KNOWLEDGE/EXPERIENCE,UNABLE TO DETERMINE,0,0,0,0,5,4,12,315,ARCHER AVE,41.839054,-87.672644,12/16/2015 06:45:00 AM,2015
CR00003699,02/04/2018 10:01:00 AM,25,CLEAR,DAYLIGHT,TURNING,NOT DIVIDED,TRAFFIC SIGNAL,IMPROPER OVERTAKING/PASSING,FAILING TO YIELD RIGHT-OF-WAY,0,0,0,0,10,1,2,477,WESTERN AVE,41.840031,-87.713552,02/04/2018 10:16:00 AM,2018
CR00003700,05/18/2015 01:13:00 AM,30,CLEAR,DARKNESS - LIGHTED ROAD,REAR TO FRONT,ONE-WAY,STOP SIGN/FLASHER,FOLLOWING TOO CLOSELY,DRIVING SKILLS/KNOWLEDGE/EXPERIENCE,0,0,0,0,1,2,5,1206,CALIFORNIA AVE,41.823301,-87.661895,05/18/2015 02:14:00 AM,2015
CR00003701,03/01/2022 10:50:00 PM,30,CLEAR,DAYLIGHT,TURNING,NOT DIVIDED,NO CONTROLS,UNABLE TO DETERMINE,UNABLE TO DETERMINE,0,0,0,0,22,3,3,812,FULLERTON AVE,41.90795,-87.755681,03/02/2022 12:47:00 AM,2022
CR00003702,01/11/2024 04:34:00 AM,25,CLEAR,DAYLIGHT,REAR END,NOT DIVIDED,STOP SIGN/FLASHER,DISTRACTION - FROM INSIDE VEHICLE,DRIVING SKILLS/KNOWLEDGE/EXPERIENCE,0,0,0,0,4,5,1,228,ROOSEVELT RD,41.822114,-87.506185,01/11/2024 05:35:00 AM,2024
CR00003703,10/05/2024 08:48:00 AM,35,CLEAR,DAYLIGHT,REAR END,DIVIDED - W/MEDIAN (NOT RAISED),TRAFFIC SIGNAL,FAILING TO REDUCE SPEED,FOLLOWING TOO CLOSELY,0,0,0,0,8,7,10,2381,ROOSEVELT RD,41.715815,-87.716773,10/05/2024 09:18:00 AM,2024
CR00003704,12/15/2016 06:22:00 PM,30,CLEAR,DAYLIGHT,REAR TO FRONT,DIVIDED - W/MEDIAN BARRIER,STOP SIGN/FLASHER,FOLLOWING TOO CLOSELY,IMPROPER OVERTAKING/PASSING,0,0,0,0,18,5,12,1640,MICHIGAN AVE,41.998766,-87.648484,12/15/2016 07:04:00 PM,2016
CR00003705,02/07/2024 04:27:00 AM,15,CLEAR,DAYLIGHT,TURNING,NOT DIVIDED,TRAFFIC SIGNAL,DISREGARDING TRAFFIC SIGNALS,NOT APPLICABLE,0,0,0,0,4,4,2,1255,STONY ISLAND AVE,41.789068,-87.726135,02/07/2024 05:44:00 AM,2024
CR00003706,05/05/2024 08:28:00 AM,35,CLOUDY/OVERCAST,DAYLIGHT,REAR END,DIVIDED - W/MEDIAN (NOT RAISED),UNKNOWN,IMPROPER OVERTAKING/PASSING,FAILING TO YIELD RIGHT-OF-WAY,0,0,0,0,8,1,5,402,LAKE SHORE DR,41.993252,-87.697054,05/05/2024 09:26:00 AM,2024
CR00003707,05/30/2018 05:28:00 PM,30,CLEAR,DUSK,REAR END,NOT DIVIDED,UNKNOWN,DISREGARDING TRAFFIC SIGNALS,UNABLE TO DETERMINE,0,0,0,0,17,4,5,277,ARCHER AVE,41.783248,-87.725518,05/30/2018 07:05:00 PM,2018
CR00003708,09/12/2021 08:27:00 PM,35,CLEAR,DAYLIGHT,TURNING,NOT DIVIDED,NO CONTROLS,IMPROPER OVERTAKING/PASSING,UNABLE TO DETERMINE,0,0,0,0,20,1,9,1730,PULASKI RD,41.996272,-87.721823,09/12/2021 09:45:00 PM,2021
CR00003709,10/16/2022 05:12:00 PM,30,CLEAR,DAYLIGHT,TURNING,NOT DIVIDED,NO CONTROLS,FAILING TO YIELD RIGHT-OF-WAY,FAILING TO YIELD RIGHT-OF-WAY,0,0,0,0,17,1,10,1505,MICHIGAN AVE,41.92522,-87.670948,10/16/2022 06:15:00 PM,2022