CRASH_RECORD_ID,CRASH_DATE,POSTED_SPEED_LIMIT,WEATHER_CONDITION,LIGHTING_CONDITION,FIRST_CRASH_TYPE,TRAFFICWAY_TYPE,TRAFFIC_CONTROL_DEVICE,PRIM_CONTRIBUTORY_CAUSE,SEC_CONTRIBUTORY_CAUSE,INJURIES_FATAL,INJURIES_INCAPACITATING,INJURIES_NON_INCAPACITATING,INJURIES_TOTAL,CRASH_HOUR,CRASH_DAY_OF_WEEK,CRASH_MONTH,BEAT_OF_OCCURRENCE,STREET_NAME,LATITUDE,LONGITUDE,DATE_POLICE_NOTIFIED,year
CR00003710,12/16/2024 04:38:00 PM,30,CLEAR,DAYLIGHT,SIDESWIPE SAME DIRECTION,NOT DIVIDED,NO CONTROLS,FAILING TO YIELD RIGHT-OF-WAY,UNABLE TO DETERMINE,0,0,0,0,16,2,12,1169,KEDZIE AVE,41.978094,-87.816446,12/16/2024 06:13:00 PM,2024
CR00003711,06/05/2024 05:29:00 PM,40,CLEAR,DARKNESS - LIGHTED ROAD,ANGLE,NOT DIVIDED,TRAFFIC SIGNAL,DRIVING SKILLS/KNOWLEDGE/EXPERIENCE,FAILING TO REDUCE SPEED,0,0,0,0,17,4,6,1612,ARCHER AVE,41.936685,-87.603688,06/05/2024 06:23:00 PM,2024
CR00003712,08/20/2020 05:14:00 PM,30,FOG/SMOKE/HAZE,DARKNESS - LIGHTED ROAD,TURNING,ONE-WAY,STOP SIGN/FLASHER,WEATHER,WEATHER,0,0,0,0,17,5,8,2078,STATE ST,41.796206,-87.628223,08/20/2020 06:12:00 PM,2020
CR00003713,06/28/2016 11:46:00 AM,30,CLEAR,DAYLIGHT,ANGLE,NOT DIVIDED,TRAFFIC SIGNAL,FOLLOWING TOO CLOSELY,FAILING TO YIELD RIGHT-OF-WAY,0,0,0,0,11,3,6,2209,STATE ST,41.748607,-87.646682,06/28/2016 11:54:00 AM,2016
CR00003714,07/24/2021 03:56:00 PM,35,CLEAR,DARKNESS - LIGHTED ROAD,TURNING,ONE-WAY,NO CONTROLS,WEATHER,FOLLOWING TOO CLOSELY,0,0,0,0,15,7,7,1052,PULASKI RD,41.798341,-87.56762,07/24/2021 05:50:00 PM,2021
CR00003715,07/08/2023 03:06:00 PM,40,SNOW,DAWN,PARKED MOTOR VEHICLE,NOT DIVIDED,TRAFFIC SIGNAL,UNABLE TO DETERMINE,UNABLE TO DETERMINE,0,0,0,0,15,7,7,1011,63RD ST,41.701711,-87.549514,07/08/2023 04:03:00 PM,2023
CR00003716,08/08/2024 07:51:00 AM,45,RAIN,DARKNESS - LIGHTED ROAD,REAR END,DIVIDED - W/MEDIAN (NOT RAISED),TRAFFIC SIGNAL,UNABLE TO DETERMINE,UNABLE TO DETERMINE,0,0,0,0,7,5,8,1898,ASHLAND AVE,41.844701,-87.624003,08/08/2024 09:14:00 AM,2024
CR00003717,03/25/2015 12:46:00 AM,45,SNOW,DAYLIGHT,REAR END,DIVIDED - W/MEDIAN (NOT RAISED),NO CONTROLS,WEATHER,DRIVING SKILLS/KNOWLEDGE/EXPERIENCE,0,0,0,0,0,4,3,2090,ARCHER AVE,41.939039,-87.51353,03/25/2015 01:34:00 AM,2015
CR00003718,01/28/2020 03:23:00 AM,35,CLEAR,DAYLIGHT,FIXED OBJECT,FOUR WAY,NO CONTROLS,UNABLE TO DETERMINE,FOLLOWING TOO CLOSELY,0,0,0,0,3,3,1,1376,DAMEN AVE,41.75434,-87.65305,01/28/2020 03:55:00 AM,2020
CR00003719,01/25/2018 08:06:00 PM,30,CLEAR,DARKNESS - LIGHTED ROAD,REAR END,NOT DIVIDED,TRAFFIC SIGNAL,IMPROPER OVERTAKING/PASSING,FOLLOWING TOO CLOSELY,0,0,0,0,20,5,1,2273,WESTERN AVE,41.844715,-87.601485,01/25/2018 09:53:00 PM,2018
CR00003720,05/07/2019 04:49:00 PM,40,RAIN,DAYLIGHT,REAR END,NOT DIVIDED,NO CONTROLS,IMPROPER OVERTAKING/PASSING,UNABLE TO DETERMINE,0,0,0,0,16,3,5,876,PULASKI RD,41.746108,-87.594498,05/07/2019 06:28:00 PM,2019
CR00003721,06/01/2023 09:45:00 AM,35,CLEAR,DARKNESS - LIGHTED ROAD,REAR END,ONE-WAY,TRAFFIC SIGNAL,IMPROPER OVERTAKING/PASSING,NOT APPLICABLE,0,0,0,0,9,5,6,1058,LAKE SHORE DR,41.885733,-87.81453,06/01/2023 10:19:00 AM,2023
CR00003722,06/04/2017 05:06:00 PM,35,CLEAR,DAYLIGHT,REAR END,NOT DIVIDED,TRAFFIC SIGNAL,DISTRACTION - FROM INSIDE VEHICLE,IMPROPER LANE USAGE,0,0,2,2,17,1,6,1912,LAKE SHORE DR,41.803511,-87.790712,06/04/2017 05:46:00 PM,2017
CR00003723,04/11/2018 03:00:00 AM,25,CLEAR,DARKNESS - LIGHTED ROAD,FIXED OBJECT,DIVIDED - W/MEDIAN BARRIER,TRAFFIC SIGNAL,FAILING TO YIELD RIGHT-OF-WAY,DISREGARDING TRAFFIC SIGNALS,0,0,0,0,3,4,4,392,ELSTON AVE,41.838585,-87.827954,04/11/2018 03:28:00 AM,2018
CR00003724,02/05/2015 12:06:00 PM,35,CLEAR,DAYLIGHT,ANGLE,NOT DIVIDED,NO CONTROLS,UNABLE TO DETERMINE,UNABLE TO DETERMINE,0,0,0,0,12,5,2,713,IRVING PARK RD,41.973122,-87.574745,02/05/2015 01:50:00 PM,2015
CR00003725,07/29/2016 07:46:00 AM,45,CLEAR,DAYLIGHT,REAR END,T-INTERSECTION,NO CONTROLS,UNABLE TO DETERMINE,NOT APPLICABLE,0,0,0,0,7,6,7,413,IRVING PARK RD,41.910671,-87.654139,07/29/2016 08:14:00 AM,2016
CR00003726,02/14/2021 04:46:00 AM,20,CLEAR,DAYLIGHT,TURNING,DIVIDED - W/MEDIAN (NOT RAISED),STOP SIGN/FLASHER,DRIVING SKILLS/KNOWLEDGE/EXPERIENCE,NOT APPLICABLE,0,0,0,0,4,1,2,2053,CICERO AVE,41.758779,-87.755987,02/14/2021 06:02:00 AM,2021
CR00003727,06/12/2015 11:07:00 PM,35,CLEAR,DAYLIGHT,ANGLE,NOT DIVIDED,YIELD,UNABLE TO DETERMINE,FAILING TO YIELD RIGHT-OF-WAY,0,0,0,0,23,6,6,559,FULLERTON AVE,41.791475,-87.821453,06/13/2015 12:50:00 AM,2015
CR00003728,04/11/2019 09:49:00 AM,40,RAIN,DAYLIGHT,REAR END,DIVIDED - W/MEDIAN (NOT RAISED),TRAFFIC SIGNAL,UNABLE TO DETERMINE,UNABLE TO DETERMINE,0,0,0,0,9,5,4,357,LAKE SHORE DR,41.990982,-87.643474,04/11/2019 10:32:00 AM,2019
CR00003729,03/22/2015 08:09:00 PM,30,CLOUDY/OVERCAST,DAYLIGHT,PEDESTRIAN,NOT DIVIDED,TRAFFIC SIGNAL,DISTRACTION - FROM INSIDE VEHICLE,NOT APPLICABLE,0,2,2,4,20,1,3,681,MILWAUKEE AVE,41.794844,-87.837388,03/22/2015 08:30:00 PM,2015
CR00003730,05/08/2024 09:16:00 PM,45,CLEAR,DAYLIGHT,REAR END,NOT DIVIDED,NO CONTROLS,FOLLOWING TOO CLOSELY,DISTRACTION - FROM INSIDE VEHICLE,0,0,0,0,21,4,5,666,DAMEN AVE,41.71512,-87.606639,05/08/2024 10:01:00 PM,2024
CR00003731,05/31/2017 09:23:00 AM,30,CLEAR,DAYLIGHT,ANGLE,NOT DIVIDED,STOP SIGN/FLASHER,UNABLE TO DETERMINE,UNABLE TO DETERMINE,0,0,0,0,9,4,5,109,HALSTED ST,41.734611,-87.687969,05/31/2017 10:05:00 AM,2017
CR00003732,03/10/2015 01:05:00 PM,30,CLEAR,DAWN,ANGLE,DIVIDED - W/MEDIAN (NOT RAISED),TRAFFIC SIGNAL,FAILING TO YIELD RIGHT-OF-WAY,NOT APPLICABLE,0,0,0,0,13,3,3,1993,STATE ST,41.884683,-87.626849,03/10/2015 01:07:00 PM,2015
CR00003733,06/12/2018 03:56:00 PM,35,CLEAR,DARKNESS - LIGHTED ROAD,REAR END,NOT DIVIDED,NO CONTROLS,IMPROPER LANE USAGE,FAILING TO YIELD RIGHT-OF-WAY,0,0,0,0,15,3,6,1043,PULASKI RD,41.853084,-87.678781,06/12/2018 03:58:00 PM,2018
CR00003734,10/29/2022 04:58:00 PM,35,CLEAR,DARKNESS - LIGHTED ROAD,TURNING,NOT DIVIDED,STOP SIGN/FLASHER,UNABLE TO DETERMINE,NOT APPLICABLE,0,0,0,0,16,7,10,1878,79TH ST,41.817422,-87.692811,10/29/2022 06:46:00 PM,2022
CR00003735,07/01/2018 05:38:00 PM,35,CLEAR,DAYLIGHT,SIDESWIPE SAME DIRECTION,FOUR WAY,TRAFFIC SIGNAL,FOLLOWING TOO CLOSELY,NOT APPLICABLE,0,0,0,0,17,1,7,1413,79TH ST,41.994223,-87.835453,07/01/2018 07:20:00 PM,2018
CR00003736,08/18/2020 09:46:00 AM,20,CLEAR,DARKNESS,PARKED MOTOR VEHICLE,DIVIDED - W/MEDIAN (NOT RAISED),NO CONTROLS,FAILING TO YIELD RIGHT-OF-WAY,UNABLE TO DETERMINE,0,0,0,0,9,3,8,1143,STONY ISLAND AVE,41.822111,-87.686279,08/18/2020 11:18:00 AM,2020
CR00003737,03/22/2020 03:47:00 PM,35,FREEZING RAIN/DRIZZLE,DAYLIGHT,REAR END,T-INTERSECTION,NO CONTROLS,IMPROPER OVERTAKING/PASSING,WEATHER,0,0,0,0,15,1,3,1646,DAMEN AVE,41.890684,-87.78892,03/22/2020 05:44:00 PM,2020
CR00003738,08/05/2018 09:48:00 AM,30,FREEZING RAIN/DRIZZLE,DARKNESS - LIGHTED ROAD,REAR TO FRONT,NOT DIVIDED,TRAFFIC SIGNAL,FAILING TO REDUCE SPEED,FOLLOWING TOO CLOSELY,0,0,0,0,9,1,8,1503,79TH ST,41.889472,-87.805169,08/05/2018 11:39:00 AM,2018
CR00003739,01/31/2018 05:03:00 PM,20,CLEAR,DAYLIGHT,TURNING,DIVIDED - W/MEDIAN (NOT RAISED),TRAFFIC SIGNAL,DISREGARDING TRAFFIC SIGNALS,NOT APPLICABLE,0,0,0,0,17,4,1,2407,CLARK ST,41.918862,-87.597972,01/31/2018 05:23:00 PM,2018
CR00003740,01/10/2019 08:35:00 AM,30,CLEAR,DAYLIGHT,TURNING,DIVIDED - W/MEDIAN (NOT RAISED),TRAFFIC SIGNAL,UNABLE TO DETERMINE,UNABLE TO DETERMINE,0,0,1,1,8,5,1,2245,DIVISION ST,41.994066,-87.74302,01/10/2019 09:18:00 AM,2019
CR00003741,03/27/2023 08:26:00 PM,15,CLEAR,DARKNESS,PARKED MOTOR VEHICLE,ONE-WAY,NO CONTROLS,UNABLE TO DETERMINE,UNABLE TO DETERMINE,0,0,1,1,20,2,3,1053,79TH ST,41.881438,-87.627962,03/27/2023 09:52:00 PM,2023
CR00003742,03/26/2020 05:25:00 PM,35,CLEAR,DAYLIGHT,REAR END,NOT DIVIDED,NO CONTROLS,UNABLE TO DETERMINE,NOT APPLICABLE,0,0,0,0,17,5,3,423,ARCHER AVE,41.883447,-87.534931,03/26/2020 06:52:00 PM,2020
CR00003743,05/25/2023 08:33:00 PM,30,CLEAR,DARKNESS - LIGHTED ROAD,SIDESWIPE SAME DIRECTION,NOT DIVIDED,STOP SIGN/FLASHER,UNABLE TO DETERMINE,UNABLE TO DETERMINE,0,0,0,0,20,5,5,1567,ELSTON AVE,41.814135,-87.796183,05/25/2023 08:42:00 PM,2023
CR00003744,03/10/2020 07:58:00 PM,30,RAIN,DAYLIGHT,PARKED MOTOR VEHICLE,DIVIDED - W/MEDIAN (NOT RAISED),NO CONTROLS,FAILING TO YIELD RIGHT-OF-WAY,NOT APPLICABLE,0,0,0,0,19,3,3,1898,ROOSEVELT RD,41.711716,-87.578476,03/10/2020 08:47:00 PM,2020
CR00003745,10/16/2021 07:50:00 PM,15,SNOW,DARKNESS - LIGHTED ROAD,ANGLE,NOT DIVIDED,NO CONTROLS,UNABLE TO DETERMINE,DISTRACTION - FROM INSIDE VEHICLE,0,0,0,0,19,7,10,2468,STATE ST,41.73623,-87.569132,10/16/2021 07:59:00 PM,2021
CR00003746,04/22/2018 08:00:00 AM,15,SNOW,DAYLIGHT,TURNING,DIVIDED - W/MEDIAN (NOT RAISED),STOP SIGN/FLASHER,FOLLOWING TOO CLOSELY,UNABLE TO DETERMINE,0,0,0,0,8,1,4,1928,79TH ST,41.837829,-87.771149,04/22/2018 09:37:00 AM,2018
CR00003747,08/19/2019 05:12:00 PM,30,CLEAR,DAYLIGHT,TURNING,DIVIDED - W/MEDIAN (NOT RAISED),UNKNOWN,UNABLE TO DETERMINE,FAILING TO REDUCE SPEED,0,0,0,0,17,2,8,511,CICERO AVE,41.950264,-87.66585,08/19/2019 06:01:00 PM,2019
CR00003748,06/21/2018 09:05:00 AM,40,CLEAR,DAYLIGHT,SIDESWIPE SAME DIRECTION,NOT DIVIDED,NO CONTROLS,UNABLE TO DETERMINE,FAILING TO YIELD RIGHT-OF-WAY,0,0,0,0,9,5,6,1295,HALSTED ST,41.837638,-87.769961,06/21/2018 10:22:00 AM,2018
CR00003749,08/21/2021 08:01:00 AM,40,CLOUDY/OVERCAST,DAYLIGHT,PEDESTRIAN,ONE-WAY,YIELD,UNABLE TO DETERMINE,FAILING TO YIELD RIGHT-OF-WAY,0,0,2,2,8,7,8,2136,CLARK ST,41.966583,-87.751549,08/21/2021 08:27:00 AM,2021
CR00003750,12/12/2022 07:08:00 PM,30,CLEAR,DAYLIGHT,ANGLE,NOT DIVIDED,STOP SIGN/FLASHER,IMPROPER OVERTAKING/PASSING,FOLLOWING TOO CLOSELY,0,0,0,0,19,2,12,1108,ELSTON AVE,41.917878,-87.558412,12/12/2022 09:05:00 PM,2022
CR00003751,11/12/2023 04:18:00 PM,35,CLEAR,DARKNESS - LIGHTED ROAD,SIDESWIPE SAME DIRECTION,DIVIDED - W/MEDIAN (NOT RAISED),STOP SIGN/FLASHER,IMPROPER OVERTAKING/PASSING,NOT APPLICABLE,0,0,0,0,16,1,11,2409,ELSTON AVE,41.800815,-87.571238,11/12/2023 05:34:00 PM,2023
CR00003752,08/12/2021 04:11:00 PM,30,CLEAR,DUSK,PARKED MOTOR VEHICLE,NOT DIVIDED,NO CONTROLS,UNABLE TO DETERMINE,UNABLE TO DETERMINE,0,0,0,0,16,5,8,138,ASHLAND AVE,41.939283,-87.731047,08/12/2021 05:40:00 PM,2021
CR00003753,05/14/2018 05:37:00 PM,35,CLEAR,DARKNESS - LIGHTED ROAD,SIDESWIPE SAME DIRECTION,NOT DIVIDED,TRAFFIC SIGNAL,UNABLE TO DETERMINE,IMPROPER LANE USAGE,0,0,0,0,17,2,5,228,ROOSEVELT RD,41.735536,-87.583626,05/14/2018 07:25:00 PM,2018
CR00003754,11/19/2018 02:45:00 PM,35,RAIN,DAYLIGHT,REAR END,NOT DIVIDED,STOP SIGN/FLASHER,FOLLOWING TOO CLOSELY,NOT APPLICABLE,0,0,0,0,14,2,11,1088,ROOSEVELT RD,41.814083,-87.523271,11/19/2018 04:21:00 PM,2018
CR00003755,05/13/2024 12:02:00 AM,30,CLEAR,DARKNESS - LIGHTED ROAD,TURNING,FOUR WAY,NO CONTROLS,DISTRACTION - FROM INSIDE VEHICLE,FAILING TO YIELD RIGHT-OF-WAY,0,0,0,0,0,2,5,1739,47TH ST,41.888651,-87.805252,05/13/2024 12:47:00 AM,2024
CR00003756,04/24/2017 02:53:00 PM,35,CLEAR,DAYLIGHT,SIDESWIPE SAME DIRECTION,NOT DIVIDED,UNKNOWN,UNABLE TO DETERMINE,UNABLE TO DETERMINE,0,0,1,1,14,2,4,1922,ARCHER AVE,41.747435,-87.723247,04/24/2017 04:26:00 PM,2017
CR00003757,05/14/2016 03:15:00 PM,30,RAIN,DARKNESS - LIGHTED ROAD,REAR END,NOT DIVIDED,TRAFFIC SIGNAL,UNABLE TO DETERMINE,FOLLOWING TOO CLOSELY,0,0,0,0,15,7,5,1856,FULLERTON AVE,41.809452,-87.78136,05/14/2016 03:34:00 PM,2016
CR00003758,06/19/2018 10:14:00 AM,20,CLEAR,DAYLIGHT,FIXED OBJECT,FOUR WAY,NO CONTROLS,FAILING TO YIELD RIGHT-OF-WAY,NOT APPLICABLE,0,0,0,0,10,3,6,2203,63RD ST,41.965772,-87.683541,06/19/2018 11:13:00 AM,2018
CR00003759,07/22/2021 05:58:00 AM,25,CLEAR,DAYLIGHT,REAR END,DIVIDED - W/MEDIAN BARRIER,TRAFFIC SIGNAL,UNABLE TO DETERMINE,IMPROPER LANE USAGE,0,0,0,0,5,5,7,1838,STATE ST,41.804944,-87.562688,07/22/2021 07:07:00 AM,2021
CR00003760,03/26/2017 06:49:00 PM,15,SNOW,DARKNESS - LIGHTED ROAD,PARKED MOTOR VEHICLE,NOT DIVIDED,STOP SIGN/FLASHER,FAILING TO YIELD RIGHT-OF-WAY,DISTRACTION - FROM INSIDE VEHICLE,0,0,0,0,18,1,3,2285,63RD ST,41.7374,-87.821144,03/26/2017 07:09:00 PM,2017
CR00003761,02/06/2023 06:30:00 PM,30,CLEAR,DAYLIGHT,SIDESWIPE SAME DIRECTION,DIVIDED - W/MEDIAN (NOT RAISED),STOP SIGN/FLASHER,IMPROPER OVERTAKING/PASSING,NOT APPLICABLE,0,0,0,0,18,2,2,660,PULASKI RD,41.745951,-87.606875,02/06/2023 07:32:00 PM,2023
CR00003762,10/09/2022 04:28:00 PM,25,CLOUDY/OVERCAST,DARKNESS - LIGHTED ROAD,SIDESWIPE SAME DIRECTION,DIVIDED - W/MEDIAN BARRIER,TRAFFIC SIGNAL,DRIVING SKILLS/KNOWLEDGE/EXPERIENCE,FOLLOWING TOO CLOSELY,0,1,2,3,16,1,10,2415,STATE ST,41.884787,-87.813655,10/09/2022 06:28:00 PM,2022
CR00003763,04/08/2018 05:26:00 AM,20,CLEAR,DAYLIGHT,TURNING,T-INTERSECTION,STOP SIGN/FLASHER,FAILING TO REDUCE SPEED,DRIVING SKILLS/KNOWLEDGE/EXPERIENCE,0,0,0,0,5,1,4,1401,CLARK ST,41.871557,-87.778089,04/08/2018 07:05:00 AM,2018
CR00003764,04/27/2015 07:24:00 AM,15,CLOUDY/OVERCAST,DAYLIGHT,REAR TO FRONT,DIVIDED - W/MEDIAN (NOT RAISED),NO CONTROLS,UNABLE TO DETERMINE,UNABLE TO DETERMINE,0,0,0,0,7,2,4,1612,ROOSEVELT RD,41.737555,-87.668736,04/27/2015 08:15:00 AM,2015
CR00003765,05/16/2016 04:20:00 PM,15,CLEAR,DUSK,SIDESWIPE SAME DIRECTION,FOUR WAY,TRAFFIC SIGNAL,IMPROPER OVERTAKING/PASSING,UNABLE TO DETERMINE,0,0,2,2,16,2,5,1291,OGDEN AVE,41.945746,-87.710358,05/16/2016 04:46:00 PM,2016
CR00003766,03/30/2018 06:20:00 PM,30,SNOW,DAWN,TURNING,DIVIDED - W/MEDIAN BARRIER,TRAFFIC SIGNAL,IMPROPER OVERTAKING/PASSING,NOT APPLICABLE,0,0,1,1,18,6,3,1291,ASHLAND AVE,41.701193,-87.623994,03/30/2018 08:01:00 PM,2018
CR00003767,04/09/2022 10:57:00 AM,20,CLEAR,DAYLIGHT,REAR END,DIVIDED - W/MEDIAN (NOT RAISED),NO CONTROLS,UNABLE TO DETERMINE,DISREGARDING TRAFFIC SIGNALS,0,0,0,0,10,7,4,816,ARCHER AVE,41.952247,-87.561235,04/09/2022 11:42:00 AM,2022
CR00003768,06/27/2017 08:56:00 PM,30,CLEAR,DARKNESS,ANGLE,DIVIDED - W/MEDIAN (NOT RAISED),TRAFFIC SIGNAL,UNABLE TO DETERMINE,IMPROPER OVERTAKING/PASSING,0,0,0,0,20,3,6,339,STONY ISLAND AVE,41.830066,-87.836085,06/27/2017 09:55:00 PM,2017
CR00003769,04/11/2024 11:01:00 AM,35,RAIN,DARKNESS - LIGHTED ROAD,FIXED OBJECT,DIVIDED - W/MEDIAN (NOT RAISED),NO CONTROLS,DRIVING SKILLS/KNOWLEDGE/EXPERIENCE,NOT APPLICABLE,0,0,0,0,11,5,4,1578,47TH ST,41.996552,-87.700311,04/11/2024 11:07:00 AM,2024
CR00003770,08/29/2016 01:05:00 PM,25,CLEAR,DAWN,SIDESWIPE SAME DIRECTION,ONE-WAY,NO CONTROLS,UNABLE TO DETERMINE,DISTRACTION - FROM INSIDE VEHICLE,0,0,1,1,13,2,8,1163,CICERO AVE,41.803842,-87.553415,08/29/2016 01:32:00 PM,2016
CR00003771,01/09/2017 06:17:00 PM,35,CLEAR,DAYLIGHT,ANGLE,NOT DIVIDED,TRAFFIC SIGNAL,IMPROPER LANE USAGE,NOT APPLICABLE,0,0,0,0,18,2,1,1688,PULASKI RD,41.925768,-87.759002,01/09/2017 07:30:00 PM,2017
CR00003772,01/30/2015 12:56:00 AM,40,CLEAR,DAYLIGHT,TURNING,FOUR WAY,NO CONTROLS,DRIVING SKILLS/KNOWLEDGE/EXPERIENCE,NOT APPLICABLE,0,0,0,0,0,6,1,2358,ASHLAND AVE,41.898026,-87.795616,01/30/2015 02:52:00 AM,2015
CR00003773,08/23/2021 08:45:00 AM,45,CLEAR,DARKNESS - LIGHTED ROAD,PARKED MOTOR VEHICLE,ONE-WAY,NO CONTROLS,DRIVING SKILLS/KNOWLEDGE/EXPERIENCE,NOT APPLICABLE,0,0,0,0,8,2,8,533,DIVISION ST,41.889421,-87.799217,08/23/2021 08:56:00 AM,2021
CR00003774,12/28/2020 03:56:00 PM,40,CLEAR,DAYLIGHT,REAR TO FRONT,DIVIDED - W/MEDIAN (NOT RAISED),TRAFFIC SIGNAL,FAILING TO YIELD RIGHT-OF-WAY,DISREGARDING TRAFFIC SIGNALS,0,0,0,0,15,2,12,132,ASHLAND AVE,41.728897,-87.733635,12/28/2020 04:09:00 PM,2020
CR00003775,09/25/2020 02:33:00 AM,25,CLEAR,DAYLIGHT,REAR END,NOT DIVIDED,STOP SIGN/FLASHER,UNABLE TO DETERMINE,FOLLOWING TOO CLOSELY,0,0,0,0,2,6,9,627,63RD ST,41.831861,-87.555232,09/25/2020 04:09:00 AM,2020
CR00003776,10/24/2020 05:14:00 PM,35,CLEAR,DAYLIGHT,REAR TO FRONT,NOT DIVIDED,TRAFFIC SIGNAL,IMPROPER OVERTAKING/PASSING,UNABLE TO DETERMINE,0,0,0,0,17,7,10,418,KEDZIE AVE,41.732206,-87.571401,10/24/2020 07:01:00 PM,2020
CR00003777,12/08/2015 05:49:00 PM,35,SNOW,DAYLIGHT,REAR END,DIVIDED - W/MEDIAN (NOT RAISED),TRAFFIC SIGNAL,IMPROPER LANE USAGE,FOLLOWING TOO CLOSELY,0,0,1,1,17,3,12,2114,DAMEN AVE,41.771787,-87.801832,12/08/2015 07:31:00 PM,2015
CR00003778,05/24/2022 12:04:00 PM,35,RAIN,DAWN,TURNING,NOT DIVIDED,TRAFFIC SIGNAL,UNABLE TO DETERMINE,IMPROPER LANE USAGE,0,0,0,0,12,3,5,549,CALIFORNIA AVE,41.855603,-87.805361,05/24/2022 01:00:00 PM,2022
CR00003779,11/25/2016 03:06:00 PM,25,CLEAR,DAYLIGHT,REAR TO FRONT,NOT DIVIDED,NO CONTROLS,UNABLE TO DETERMINE,UNABLE TO DETERMINE,0,0,0,0,15,6,11,1467,WESTERN AVE,41.77555,-87.60737,11/25/2016 03:59:00 PM,2016
CR00003780,02/08/2017 08:18:00 AM,35,RAIN,DARKNESS - LIGHTED ROAD,TURNING,DIVIDED - W/MEDIAN (NOT RAISED),TRAFFIC SIGNAL,FOLLOWING TOO CLOSELY,DISTRACTION - FROM INSIDE VEHICLE,0,0,0,0,8,4,2,1311,DAMEN AVE,41.914082,-87.741092,02/08/2017 09:34:00 AM,2017
CR00003781,11/06/2022 11:19:00 AM,35,CLEAR,DARKNESS - LIGHTED ROAD,ANGLE,FOUR WAY,NO CONTROLS,UNABLE TO DETERMINE,WEATHER,0,0,0,0,11,1,11,620,MILWAUKEE AVE,41.861654,-87.809785,11/06/2022 01:08:00 PM,2022
CR00003782,08/28/2018 03:34:00 PM,20,CLEAR,DAYLIGHT,REAR TO FRONT,DIVIDED - W/MEDIAN BARRIER,TRAFFIC SIGNAL,FAILING TO YIELD RIGHT-OF-WAY,UNABLE TO DETERMINE,0,0,1,1,15,3,8,2334,47TH ST,41.717425,-87.580665,08/28/2018 04:18:00 PM,2018
CR00003783,06/07/2022 01:20:00 PM,30,CLEAR,DARKNESS - LIGHTED ROAD,SIDESWIPE SAME DIRECTION,NOT DIVIDED,TRAFFIC SIGNAL,IMPROPER OVERTAKING/PASSING,UNABLE TO DETERMINE,0,0,0,0,13,3,6,1035,CLARK ST,41.885898,-87.528086,06/07/2022 02:49:00 PM,2022
CR00003784,12/22/2015 07:21:00 AM,30,CLEAR,DAYLIGHT,REAR END,DIVIDED - W/MEDIAN (NOT RAISED),TRAFFIC SIGNAL,WEATHER,IMPROPER OVERTAKING/PASSING,0,0,0,0,7,3,12,654,DIVISION ST,41.892362,-87.668478,12/22/2015 08:51:00 AM,2015
CR00003785,03/11/2023 07:39:00 PM,35,CLEAR,DARKNESS - LIGHTED ROAD,REAR END,NOT DIVIDED,STOP SIGN/FLASHER,UNABLE TO DETERMINE,UNABLE TO DETERMINE,0,1,1,2,19,7,3,1639,CALIFORNIA AVE,41.984773,-87.579336,03/11/2023 09:32:00 PM,2023
CR00003786,08/02/2024 06:31:00 PM,40,CLEAR,DAYLIGHT,PARKED MOTOR VEHICLE,ONE-WAY,NO CONTROLS,DISREGARDING TRAFFIC SIGNALS,WEATHER,0,0,0,0,18,6,8,558,OGDEN AVE,41.793418,-87.816764,08/02/2024 08:22:00 PM,2024
CR00003787,01/31/2017 06:03:00 PM,40,CLEAR,DARKNESS - LIGHTED ROAD,REAR TO FRONT,DIVIDED - W/MEDIAN BARRIER,NO CONTROLS,IMPROPER OVERTAKING/PASSING,UNABLE TO DETERMINE,0,0,1,1,18,3,1,653,PULASKI RD,41.710552,-87.592492,01/31/2017 06:46:00 PM,2017
CR00003788,05/14/2017 05:42:00 AM,30,CLEAR,DARKNESS - LIGHTED ROAD,SIDESWIPE SAME DIRECTION,ONE-WAY,TRAFFIC SIGNAL,DRIVING SKILLS/KNOWLEDGE/EXPERIENCE,IMPROPER OVERTAKING/PASSING,0,0,0,0,5,1,5,2012,OGDEN AVE,41.819214,-87.751497,05/14/2017 06:38:00 AM,2017
CR00003789,02/27/2021 03:19:00 PM,45,CLOUDY/OVERCAST,DAYLIGHT,TURNING,DIVIDED - W/MEDIAN BARRIER,STOP SIGN/FLASHER,IMPROPER OVERTAKING/PASSING,UNABLE TO DETERMINE,0,0,0,0,15,7,2,505,CLARK ST,41.850171,-87.603411,02/27/2021 04:22:00 PM,2021
CR00003790,10/19/2024 05:05:00 PM,20,SNOW,DARKNESS - LIGHTED ROAD,REAR END,DIVIDED - W/MEDIAN (NOT RAISED),STOP SIGN/FLASHER,FAILING TO REDUCE SPEED,NOT APPLICABLE,0,0,0,0,17,7,10,824,MICHIGAN AVE,41.98858,-87.555084,10/19/2024 05:59:00 PM,2024
CR00003791,02/28/2022 06:36:00 PM,40,CLEAR,DAYLIGHT,ANGLE,DIVIDED - W/MEDIAN (NOT RAISED),TRAFFIC SIGNAL,DISTRACTION - FROM INSIDE VEHICLE,IMPROPER LANE USAGE,0,0,1,1,18,2,2,2440,OGDEN AVE,41.984477,-87.583326,02/28/2022 08:02:00 PM,2022