CRASH_RECORD_ID,CRASH_DATE,POSTED_SPEED_LIMIT,WEATHER_CONDITION,LIGHTING_CONDITION,FIRST_CRASH_TYPE,TRAFFICWAY_TYPE,TRAFFIC_CONTROL_DEVICE,PRIM_CONTRIBUTORY_CAUSE,SEC_CONTRIBUTORY_CAUSE,INJURIES_FATAL,INJURIES_INCAPACITATING,INJURIES_NON_INCAPACITATING,INJURIES_TOTAL,CRASH_HOUR,CRASH_DAY_OF_WEEK,CRASH_MONTH,BEAT_OF_OCCURRENCE,STREET_NAME,LATITUDE,LONGITUDE,DATE_POLICE_NOTIFIED,year
CR00003792,05/20/2018 07:01:00 AM,30,CLEAR,DARKNESS - LIGHTED ROAD,SIDESWIPE SAME DIRECTION,NOT DIVIDED,TRAFFIC SIGNAL,UNABLE TO DETERMINE,FOLLOWING TOO CLOSELY,0,0,0,0,7,1,5,484,ASHLAND AVE,41.756185,-87.715157,05/20/2018 08:45:00 AM,2018
CR00003793,01/21/2018 07:10:00 PM,20,CLEAR,DAYLIGHT,TURNING,NOT DIVIDED,STOP SIGN/FLASHER,FOLLOWING TOO CLOSELY,IMPROPER LANE USAGE,0,0,0,0,19,1,1,1630,LAKE SHORE DR,41.832894,-87.707549,01/21/2018 08:59:00 PM,2018
CR00003794,11/26/2019 03:15:00 AM,20,CLEAR,DARKNESS - LIGHTED ROAD,SIDESWIPE SAME DIRECTION,FOUR WAY,STOP SIGN/FLASHER,IMPROPER LANE USAGE,UNABLE TO DETERMINE,0,0,0,0,3,3,11,2519,LAKE SHORE DR,41.889133,-87.6506,11/26/2019 05:06:00 AM,2019
CR00003795,08/09/2015 10:49:00 AM,35,CLEAR,DAYLIGHT,FIXED OBJECT,T-INTERSECTION,STOP SIGN/FLASHER,IMPROPER OVERTAKING/PASSING,FAILING TO YIELD RIGHT-OF-WAY,0,0,0,0,10,1,8,2110,BROADWAY,41.856452,-87.701544,08/09/2015 11:46:00 AM,2015
CR00003796,09/15/2016 07:40:00 AM,30,CLEAR,DAYLIGHT,REAR TO FRONT,NOT DIVIDED,STOP SIGN/FLASHER,DRIVING SKILLS/KNOWLEDGE/EXPERIENCE,DISTRACTION - FROM INSIDE VEHICLE,0,1,2,3,7,5,9,883,63RD ST,41.925185,-87.502448,09/15/2016 09:13:00 AM,2016
CR00003797,11/11/2024 10:35:00 AM,15,CLEAR,DARKNESS - LIGHTED ROAD,REAR TO FRONT,DIVIDED - W/MEDIAN (NOT RAISED),STOP SIGN/FLASHER,UNABLE TO DETERMINE,FOLLOWING TOO CLOSELY,0,0,1,1,10,2,11,295,IRVING PARK RD,41.773508,-87.524584,11/11/2024 10:58:00 AM,2024
CR00003798,05/01/2015 08:17:00 AM,30,CLEAR,DAYLIGHT,ANGLE,DIVIDED - W/MEDIAN BARRIER,NO CONTROLS,UNABLE TO DETERMINE,UNABLE TO DETERMINE,0,0,0,0,8,6,5,937,CLARK ST,41.903222,-87.838796,05/01/2015 09:09:00 AM,2015
CR00003799,03/01/2024 05:09:00 PM,40,RAIN,DARKNESS - LIGHTED ROAD,TURNING,NOT DIVIDED,NO CONTROLS,WEATHER,IMPROPER OVERTAKING/PASSING,0,0,0,0,17,6,3,2021,DIVISION ST,41.787707,-87.630803,03/01/2024 05:25:00 PM,2024
CR00003800,07/28/2024 06:52:00 PM,45,CLEAR,DAYLIGHT,REAR END,NOT DIVIDED,TRAFFIC SIGNAL,UNABLE TO DETERMINE,IMPROPER OVERTAKING/PASSING,0,0,0,0,18,1,7,1195,ELSTON AVE,41.984312,-87.595348,07/28/2024 08:15:00 PM,2024
CR00003801,08/08/2023 07:05:00 AM,30,CLEAR,DUSK,ANGLE,DIVIDED - W/MEDIAN BARRIER,STOP SIGN/FLASHER,FAILING TO YIELD RIGHT-OF-WAY,FOLLOWING TOO CLOSELY,0,0,0,0,7,3,8,428,MICHIGAN AVE,41.968014,-87.533978,08/08/2023 08:44:00 AM,2023
CR00003802,08/11/2016 10:43:00 AM,35,CLEAR,DARKNESS - LIGHTED ROAD,TURNING,DIVIDED - W/MEDIAN BARRIER,STOP SIGN/FLASHER,DISTRACTION - FROM INSIDE VEHICLE,FOLLOWING TOO CLOSELY,0,0,0,0,10,5,8,477,DIVISION ST,41.959905,-87.523175,08/11/2016 11:59:00 AM,2016
CR00003803,06/12/2019 01:10:00 PM,30,CLOUDY/OVERCAST,DARKNESS - LIGHTED ROAD,FIXED OBJECT,DIVIDED - W/MEDIAN (NOT RAISED),PEDESTRIAN CROSSING SIGN,DRIVING SKILLS/KNOWLEDGE/EXPERIENCE,FAILING TO YIELD RIGHT-OF-WAY,0,0,0,0,13,4,6,767,IRVING PARK RD,41.782906,-87.680517,06/12/2019 02:05:00 PM,2019
CR00003804,07/03/2024 08:28:00 AM,35,CLEAR,DAYLIGHT,REAR END,ONE-WAY,STOP SIGN/FLASHER,IMPROPER LANE USAGE,UNABLE TO DETERMINE,0,0,0,0,8,4,7,453,LAKE SHORE DR,41.908889,-87.693005,07/03/2024 08:41:00 AM,2024
CR00003805,04/05/2019 07:47:00 PM,15,CLEAR,DAYLIGHT,REAR END,FOUR WAY,TRAFFIC SIGNAL,IMPROPER LANE USAGE,NOT APPLICABLE,0,0,0,0,19,6,4,1836,IRVING PARK RD,41.899757,-87.586762,04/05/2019 08:50:00 PM,2019
CR00003806,10/20/2016 07:17:00 PM,30,CLEAR,DAYLIGHT,FIXED OBJECT,NOT DIVIDED,NO CONTROLS,IMPROPER LANE USAGE,DRIVING SKILLS/KNOWLEDGE/EXPERIENCE,0,0,0,0,19,5,10,2135,OGDEN AVE,41.754912,-87.67298,10/20/2016 09:06:00 PM,2016
CR00003807,02/22/2022 07:02:00 PM,30,RAIN,DAYLIGHT,REAR TO FRONT,FOUR WAY,NO CONTROLS,DISTRACTION - FROM INSIDE VEHICLE,WEATHER,0,0,0,0,19,3,2,2313,DAMEN AVE,41.934928,-87.749605,02/22/2022 08:57:00 PM,2022
CR00003808,02/01/2021 05:46:00 PM,25,CLEAR,DAYLIGHT,PEDESTRIAN,ONE-WAY,NO CONTROLS,UNABLE TO DETERMINE,FAILING TO YIELD RIGHT-OF-WAY,0,0,2,2,17,2,2,2364,BROADWAY,41.909086,-87.639223,02/01/2021 06:11:00 PM,2021
CR00003809,08/14/2020 03:01:00 PM,35,CLEAR,DAYLIGHT,SIDESWIPE SAME DIRECTION,DIVIDED - W/MEDIAN (NOT RAISED),TRAFFIC SIGNAL,FAILING TO REDUCE SPEED,FAILING TO REDUCE SPEED,0,0,0,0,15,6,8,1683,MILWAUKEE AVE,41.762105,-87.721533,08/14/2020 04:36:00 PM,2020
CR00003810,05/28/2017 12:37:00 AM,15,CLEAR,DAYLIGHT,SIDESWIPE SAME DIRECTION,NOT DIVIDED,NO CONTROLS,UNABLE TO DETERMINE,FAILING TO YIELD RIGHT-OF-WAY,0,0,0,0,0,1,5,1986,ARCHER AVE,41.924173,-87.703507,05/28/2017 01:04:00 AM,2017
CR00003811,03/20/2015 09:04:00 AM,30,CLOUDY/OVERCAST,DAWN,REAR END,ONE-WAY,NO CONTROLS,FOLLOWING TOO CLOSELY,FAILING TO YIELD RIGHT-OF-WAY,0,0,0,0,9,6,3,1916,MICHIGAN AVE,41.826469,-87.742932,03/20/2015 09:35:00 AM,2015
CR00003812,02/06/2016 10:49:00 AM,25,SNOW,DAYLIGHT,ANGLE,DIVIDED - W/MEDIAN (NOT RAISED),TRAFFIC SIGNAL,UNABLE TO DETERMINE,UNABLE TO DETERMINE,0,0,0,0,10,7,2,2375,HALSTED ST,41.897849,-87.701618,02/06/2016 11:12:00 AM,2016
CR00003813,01/13/2024 06:32:00 PM,30,CLEAR,DARKNESS - LIGHTED ROAD,REAR TO FRONT,DIVIDED - W/MEDIAN BARRIER,TRAFFIC SIGNAL,FAILING TO REDUCE SPEED,WEATHER,0,0,0,0,18,7,1,1855,STATE ST,41.98854,-87.828698,01/13/2024 06:51:00 PM,2024
CR00003814,04/08/2016 05:29:00 PM,45,CLEAR,DARKNESS - LIGHTED ROAD,SIDESWIPE SAME DIRECTION,FOUR WAY,YIELD,DISTRACTION - FROM INSIDE VEHICLE,UNABLE TO DETERMINE,0,0,0,0,17,6,4,931,MICHIGAN AVE,41.771787,-87.638949,04/08/2016 06:19:00 PM,2016
CR00003815,09/01/2020 08:46:00 AM,30,RAIN,DUSK,TURNING,ONE-WAY,STOP SIGN/FLASHER,DRIVING SKILLS/KNOWLEDGE/EXPERIENCE,UNABLE TO DETERMINE,0,0,0,0,8,3,9,1515,OGDEN AVE,41.833832,-87.69965,09/01/2020 09:52:00 AM,2020
CR00003816,05/17/2016 02:13:00 PM,35,CLEAR,DAYLIGHT,REAR TO FRONT,NOT DIVIDED,NO CONTROLS,FOLLOWING TOO CLOSELY,UNABLE TO DETERMINE,0,0,0,0,14,3,5,2111,79TH ST,41.915975,-87.511633,05/17/2016 02:27:00 PM,2016
CR00003817,10/06/2021 11:45:00 PM,30,CLOUDY/OVERCAST,DARKNESS - LIGHTED ROAD,TURNING,NOT DIVIDED,NO CONTROLS,IMPROPER LANE USAGE,IMPROPER LANE USAGE,0,0,0,0,23,4,10,2241,WESTERN AVE,41.770688,-87.659803,10/07/2021 12:48:00 AM,2021
CR00003818,03/24/2019 03:16:00 PM,45,CLOUDY/OVERCAST,DAYLIGHT,REAR END,ONE-WAY,TRAFFIC SIGNAL,IMPROPER OVERTAKING/PASSING,UNABLE TO DETERMINE,0,0,1,1,15,1,3,731,DAMEN AVE,41.978749,-87.788222,03/24/2019 05:13:00 PM,2019
CR00003819,06/07/2022 05:27:00 PM,35,CLEAR,DUSK,TURNING,T-INTERSECTION,TRAFFIC SIGNAL,FAILING TO YIELD RIGHT-OF-WAY,IMPROPER OVERTAKING/PASSING,0,0,0,0,17,3,6,1037,47TH ST,41.726453,-87.830198,06/07/2022 06:19:00 PM,2022
CR00003820,09/30/2021 03:04:00 PM,45,CLEAR,DAYLIGHT,TURNING,ONE-WAY,STOP SIGN/FLASHER,IMPROPER LANE USAGE,UNABLE TO DETERMINE,0,0,0,0,15,5,9,989,PULASKI RD,41.720283,-87.636919,09/30/2021 03:50:00 PM,2021
CR00003821,01/20/2019 08:44:00 AM,25,CLEAR,DAYLIGHT,REAR END,DIVIDED - W/MEDIAN BARRIER,NO CONTROLS,FOLLOWING TOO CLOSELY,UNABLE TO DETERMINE,0,0,0,0,8,1,1,1245,ELSTON AVE,41.712871,-87.701437,01/20/2019 09:17:00 AM,2019
CR00003822,10/09/2022 03:31:00 PM,45,CLEAR,DARKNESS - LIGHTED ROAD,ANGLE,DIVIDED - W/MEDIAN (NOT RAISED),YIELD,FAILING TO YIELD RIGHT-OF-WAY,UNABLE TO DETERMINE,0,0,0,0,15,1,10,966,HALSTED ST,41.805055,-87.665147,10/09/2022 04:07:00 PM,2022
CR00003823,07/04/2021 10:01:00 AM,30,CLEAR,DAYLIGHT,REAR END,FOUR WAY,STOP SIGN/FLASHER,FAILING TO YIELD RIGHT-OF-WAY,IMPROPER OVERTAKING/PASSING,0,0,0,0,10,1,7,703,BROADWAY,41.983324,-87.50989,07/04/2021 10:25:00 AM,2021
CR00003824,05/29/2022 06:33:00 PM,30,CLEAR,DARKNESS - LIGHTED ROAD,PARKED MOTOR VEHICLE,DIVIDED - W/MEDIAN BARRIER,UNKNOWN,FAILING TO YIELD RIGHT-OF-WAY,DRIVING SKILLS/KNOWLEDGE/EXPERIENCE,0,0,0,0,18,1,5,133,WESTERN AVE,41.703374,-87.801045,05/29/2022 08:32:00 PM,2022
CR00003825,06/29/2021 05:51:00 PM,45,CLEAR,DARKNESS,SIDESWIPE SAME DIRECTION,FOUR WAY,TRAFFIC SIGNAL,FAILING TO REDUCE SPEED,UNABLE TO DETERMINE,0,0,0,0,17,3,6,1438,CICERO AVE,41.853288,-87.698209,06/29/2021 07:19:00 PM,2021
CR00003826,10/08/2024 09:39:00 AM,30,CLOUDY/OVERCAST,DARKNESS - LIGHTED ROAD,ANGLE,DIVIDED - W/MEDIAN (NOT RAISED),NO CONTROLS,UNABLE TO DETERMINE,NOT APPLICABLE,0,0,0,0,9,3,10,1275,MILWAUKEE AVE,41.850966,-87.686492,10/08/2024 10:08:00 AM,2024
CR00003827,08/19/2017 12:53:00 PM,35,CLEAR,DUSK,ANGLE,FOUR WAY,STOP SIGN/FLASHER,IMPROPER OVERTAKING/PASSING,IMPROPER OVERTAKING/PASSING,0,0,0,0,12,7,8,683,HALSTED ST,41.869601,-87.814884,08/19/2017 01:01:00 PM,2017
CR00003828,10/20/2016 07:44:00 AM,20,FOG/SMOKE/HAZE,DAYLIGHT,SIDESWIPE SAME DIRECTION,NOT DIVIDED,NO CONTROLS,UNABLE TO DETERMINE,UNABLE TO DETERMINE,0,0,0,0,7,5,10,2134,WESTERN AVE,41.961076,-87.717398,10/20/2016 09:11:00 AM,2016
CR00003829,07/10/2016 02:49:00 PM,35,RAIN,DARKNESS - LIGHTED ROAD,REAR TO FRONT,DIVIDED - W/MEDIAN BARRIER,TRAFFIC SIGNAL,FAILING TO REDUCE SPEED,IMPROPER LANE USAGE,0,0,0,0,14,1,7,1096,ELSTON AVE,41.717965,-87.553613,07/10/2016 04:37:00 PM,2016
CR00003830,10/04/2022 02:57:00 AM,35,SNOW,DARKNESS - LIGHTED ROAD,FIXED OBJECT,NOT DIVIDED,NO CONTROLS,FAILING TO YIELD RIGHT-OF-WAY,DRIVING SKILLS/KNOWLEDGE/EXPERIENCE,0,0,0,0,2,3,10,388,HALSTED ST,41.775643,-87.765888,10/04/2022 04:08:00 AM,2022
CR00003831,07/17/2023 02:31:00 AM,45,SNOW,DAYLIGHT,TURNING,DIVIDED - W/MEDIAN (NOT RAISED),TRAFFIC SIGNAL,FAILING TO YIELD RIGHT-OF-WAY,NOT APPLICABLE,0,0,0,0,2,2,7,2428,MICHIGAN AVE,41.701919,-87.841146,07/17/2023 03:50:00 AM,2023
CR00003832,09/19/2024 04:57:00 PM,30,CLEAR,DAYLIGHT,TURNING,NOT DIVIDED,NO CONTROLS,UNABLE TO DETERMINE,UNABLE TO DETERMINE,0,0,0,0,16,5,9,492,CLARK ST,41.959485,-87.546679,09/19/2024 05:30:00 PM,2024
CR00003833,05/02/2023 04:39:00 PM,45,RAIN,DAYLIGHT,PARKED MOTOR VEHICLE,NOT DIVIDED,TRAFFIC SIGNAL,FAILING TO YIELD RIGHT-OF-WAY,IMPROPER LANE USAGE,0,0,0,0,16,3,5,915,KEDZIE AVE,41.930037,-87.783662,05/02/2023 06:22:00 PM,2023
CR00003834,08/01/2015 09:35:00 AM,15,CLEAR,DAYLIGHT,TURNING,DIVIDED - W/MEDIAN BARRIER,STOP SIGN/FLASHER,FAILING TO REDUCE SPEED,WEATHER,0,0,0,0,9,7,8,1883,DIVISION ST,41.830186,-87.735498,08/01/2015 11:32:00 AM,2015
CR00003835,02/21/2019 06:04:00 PM,20,SNOW,DAYLIGHT,REAR END,ONE-WAY,TRAFFIC SIGNAL,FOLLOWING TOO CLOSELY,UNABLE TO DETERMINE,0,0,0,0,18,5,2,2158,79TH ST,41.829415,-87.563965,02/21/2019 06:57:00 PM,2019
CR00003836,04/08/2016 04:29:00 AM,25,CLEAR,DAYLIGHT,SIDESWIPE SAME DIRECTION,NOT DIVIDED,TRAFFIC SIGNAL,IMPROPER OVERTAKING/PASSING,NOT APPLICABLE,0,0,3,3,4,6,4,2227,FULLERTON AVE,41.938445,-87.769779,04/08/2016 05:37:00 AM,2016
CR00003837,10/03/2021 07:37:00 PM,30,CLEAR,DAYLIGHT,REAR END,NOT DIVIDED,TRAFFIC SIGNAL,FAILING TO YIELD RIGHT-OF-WAY,UNABLE TO DETERMINE,0,0,1,1,19,1,10,1412,BROADWAY,41.702234,-87.625386,10/03/2021 08:48:00 PM,2021
CR00003838,09/10/2024 03:35:00 AM,40,CLEAR,DUSK,ANGLE,ONE-WAY,TRAFFIC SIGNAL,FOLLOWING TOO CLOSELY,FOLLOWING TOO CLOSELY,0,0,1,1,3,3,9,2359,CICERO AVE,41.895784,-87.831318,09/10/2024 05:05:00 AM,2024
CR00003839,02/22/2021 09:17:00 AM,25,CLEAR,DARKNESS - LIGHTED ROAD,REAR END,DIVIDED - W/MEDIAN BARRIER,TRAFFIC SIGNAL,FOLLOWING TOO CLOSELY,DRIVING SKILLS/KNOWLEDGE/EXPERIENCE,0,1,1,2,9,2,2,1973,CLARK ST,41.997017,-87.689331,02/22/2021 10:37:00 AM,2021
CR00003840,12/08/2020 03:02:00 PM,15,CLEAR,DAYLIGHT,REAR END,ONE-WAY,STOP SIGN/FLASHER,FOLLOWING TOO CLOSELY,FOLLOWING TOO CLOSELY,0,0,0,0,15,3,12,1702,ASHLAND AVE,41.814169,-87.771236,12/08/2020 04:52:00 PM,2020
CR00003841,01/17/2019 12:54:00 AM,30,CLEAR,DAYLIGHT,TURNING,DIVIDED - W/MEDIAN (NOT RAISED),STOP SIGN/FLASHER,FAILING TO YIELD RIGHT-OF-WAY,NOT APPLICABLE,0,0,0,0,0,5,1,1640,DAMEN AVE,41.952016,-87.532252,01/17/2019 02:21:00 AM,2019
CR00003842,05/18/2024 03:54:00 AM,30,CLOUDY/OVERCAST,DAYLIGHT,TURNING,DIVIDED - W/MEDIAN (NOT RAISED),TRAFFIC SIGNAL,DRIVING SKILLS/KNOWLEDGE/EXPERIENCE,NOT APPLICABLE,0,0,3,3,3,7,5,2453,KEDZIE AVE,41.706246,-87.671036,05/18/2024 04:41:00 AM,2024
CR00003843,04/06/2024 09:30:00 PM,45,CLEAR,DARKNESS - LIGHTED ROAD,SIDESWIPE SAME DIRECTION,NOT DIVIDED,TRAFFIC SIGNAL,UNABLE TO DETERMINE,NOT APPLICABLE,0,0,0,0,21,7,4,2422,FULLERTON AVE,41.99021,-87.645727,04/06/2024 11:29:00 PM,2024
CR00003844,06/20/2015 06:12:00 PM,45,CLOUDY/OVERCAST,DAYLIGHT,REAR END,FOUR WAY,NO CONTROLS,UNABLE TO DETERMINE,UNABLE TO DETERMINE,0,0,0,0,18,7,6,1966,DAMEN AVE,41.745722,-87.607133,06/20/2015 07:51:00 PM,2015
CR00003845,10/07/2023 09:31:00 AM,30,SNOW,DARKNESS - LIGHTED ROAD,SIDESWIPE SAME DIRECTION,NOT DIVIDED,NO CONTROLS,UNABLE TO DETERMINE,UNABLE TO DETERMINE,0,0,0,0,9,7,10,2479,PULASKI RD,41.929264,-87.545621,10/07/2023 09:55:00 AM,2023
CR00003846,06/19/2016 02:41:00 PM,30,RAIN,DARKNESS - LIGHTED ROAD,REAR END,NOT DIVIDED,NO CONTROLS,UNABLE TO DETERMINE,IMPROPER LANE USAGE,0,0,0,0,14,1,6,2300,MICHIGAN AVE,41.902122,-87.767906,06/19/2016 03:39:00 PM,2016
CR00003847,02/05/2016 09:23:00 AM,30,CLOUDY/OVERCAST,DAYLIGHT,ANGLE,DIVIDED - W/MEDIAN (NOT RAISED),NO CONTROLS,DISTRACTION - FROM INSIDE VEHICLE,UNABLE TO DETERMINE,0,0,1,1,9,6,2,1592,DAMEN AVE,41.762186,-87.714943,02/05/2016 11:06:00 AM,2016
CR00003848,08/03/2018 01:57:00 PM,40,CLEAR,DAYLIGHT,REAR END,DIVIDED - W/MEDIAN BARRIER,TRAFFIC SIGNAL,DRIVING SKILLS/KNOWLEDGE/EXPERIENCE,IMPROPER LANE USAGE,0,0,1,1,13,6,8,1532,47TH ST,41.924376,-87.514547,08/03/2018 03:55:00 PM,2018
CR00003849,06/15/2023 08:34:00 AM,15,CLEAR,DAYLIGHT,SIDESWIPE SAME DIRECTION,NOT DIVIDED,STOP SIGN/FLASHER,DRIVING SKILLS/KNOWLEDGE/EXPERIENCE,FAILING TO REDUCE SPEED,0,0,0,0,8,5,6,1464,CALIFORNIA AVE,41.840736,-87.719636,06/15/2023 10:29:00 AM,2023
CR00003850,01/22/2021 06:35:00 AM,30,RAIN,DUSK,REAR END,NOT DIVIDED,TRAFFIC SIGNAL,DRIVING SKILLS/KNOWLEDGE/EXPERIENCE,NOT APPLICABLE,0,0,0,0,6,6,1,568,ARCHER AVE,41.988414,-87.691067,01/22/2021 08:32:00 AM,2021
CR00003851,07/06/2022 07:53:00 PM,30,CLEAR,DAYLIGHT,REAR END,FOUR WAY,STOP SIGN/FLASHER,IMPROPER LANE USAGE,FOLLOWING TOO CLOSELY,0,0,0,0,19,4,7,1134,ASHLAND AVE,41.936132,-87.810047,07/06/2022 08:31:00 PM,2022
CR00003852,02/04/2020 05:02:00 AM,25,CLEAR,DAYLIGHT,TURNING,ONE-WAY,STOP SIGN/FLASHER,FAILING TO YIELD RIGHT-OF-WAY,FOLLOWING TOO CLOSELY,0,0,0,0,5,3,2,1384,63RD ST,41.950669,-87.528451,02/04/2020 05:56:00 AM,2020
CR00003853,09/24/2018 09:49:00 AM,30,RAIN,DARKNESS - LIGHTED ROAD,REAR END,NOT DIVIDED,STOP SIGN/FLASHER,UNABLE TO DETERMINE,FOLLOWING TOO CLOSELY,0,1,2,3,9,2,9,1253,IRVING PARK RD,41.830068,-87.638428,09/24/2018 11:43:00 AM,2018
CR00003854,12/11/2023 07:14:00 AM,40,CLEAR,DARKNESS - LIGHTED ROAD,PARKED MOTOR VEHICLE,NOT DIVIDED,TRAFFIC SIGNAL,DISTRACTION - FROM INSIDE VEHICLE,FAILING TO YIELD RIGHT-OF-WAY,0,0,1,1,7,2,12,496,CLARK ST,41.755365,-87.699836,12/11/2023 07:49:00 AM,2023
CR00003855,04/26/2019 07:35:00 AM,15,SNOW,DAYLIGHT,REAR TO FRONT,NOT DIVIDED,NO CONTROLS,UNABLE TO DETERMINE,DISTRACTION - FROM INSIDE VEHICLE,0,0,0,0,7,6,4,1577,CICERO AVE,41.821169,-87.600685,04/26/2019 08:44:00 AM,2019
CR00003856,01/24/2022 08:04:00 AM,20,CLEAR,DAYLIGHT,REAR END,ONE-WAY,TRAFFIC SIGNAL,FOLLOWING TOO CLOSELY,IMPROPER OVERTAKING/PASSING,0,0,0,0,8,2,1,868,CLARK ST,41.759092,-87.699159,01/24/2022 09:49:00 AM,2022
CR00003857,06/10/2018 02:53:00 PM,30,FREEZING RAIN/DRIZZLE,DARKNESS - LIGHTED ROAD,REAR TO FRONT,NOT DIVIDED,TRAFFIC SIGNAL,WEATHER,FAILING TO YIELD RIGHT-OF-WAY,0,0,0,0,14,1,6,411,DIVISION ST,41.757431,-87.790216,06/10/2018 03:16:00 PM,2018
CR00003858,11/02/2022 01:35:00 PM,40,CLEAR,DARKNESS - LIGHTED ROAD,REAR END,NOT DIVIDED,NO CONTROLS,DISTRACTION - FROM INSIDE VEHICLE,FAILING TO REDUCE SPEED,0,0,0,0,13,4,11,1386,47TH ST,41.751048,-87.667215,11/02/2022 02:19:00 PM,2022
CR00003859,08/23/2022 06:31:00 PM,15,CLEAR,DAYLIGHT,PARKED MOTOR VEHICLE,ONE-WAY,NO CONTROLS,IMPROPER LANE USAGE,DISTRACTION - FROM INSIDE VEHICLE,0,0,0,0,18,3,8,1819,ASHLAND AVE,41.858317,-87.742394,08/23/2022 07:07:00 PM,2022
CR00003860,05/14/2023 03:22:00 PM,15,CLEAR,DAYLIGHT,ANGLE,NOT DIVIDED,UNKNOWN,FOLLOWING TOO CLOSELY,FOLLOWING TOO CLOSELY,0,0,0,0,15,1,5,711,MILWAUKEE AVE,41.831786,-87.64358,05/14/2023 05:06:00 PM,2023
CR00003861,05/24/2016 05:32:00 AM,45,SNOW,DAYLIGHT,SIDESWIPE SAME DIRECTION,NOT DIVIDED,TRAFFIC SIGNAL,UNABLE TO DETERMINE,DRIVING SKILLS/KNOWLEDGE/EXPERIENCE,0,0,0,0,5,3,5,1869,MICHIGAN AVE,41.794877,-87.73319,05/24/2016 05:42:00 AM,2016
CR00003862,06/28/2018 04:16:00 PM,35,CLEAR,DARKNESS - LIGHTED ROAD,FIXED OBJECT,DIVIDED - W/MEDIAN (NOT RAISED),NO CONTROLS,IMPROPER LANE USAGE,NOT APPLICABLE,0,0,0,0,16,5,6,580,CLARK ST,41.98884,-87.554286,06/28/2018 04:28:00 PM,2018
CR00003863,06/07/2018 11:13:00 AM,45,CLEAR,DAYLIGHT,TURNING,DIVIDED - W/MEDIAN BARRIER,NO CONTROLS,FAILING TO YIELD RIGHT-OF-WAY,FAILING TO REDUCE SPEED,0,0,1,1,11,5,6,1323,CICERO AVE,41.706021,-87.563351,06/07/2018 12:02:00 PM,2018
CR00003864,12/07/2018 03:14:00 PM,15,CLOUDY/OVERCAST,DARKNESS - LIGHTED ROAD,REAR END,NOT DIVIDED,NO CONTROLS,UNABLE TO DETERMINE,DISTRACTION - FROM INSIDE VEHICLE,0,0,0,0,15,6,12,2112,OGDEN AVE,41.827638,-87.509886,12/07/2018 03:49:00 PM,2018
CR00003865,10/09/2015 12:39:00 AM,20,SNOW,DAYLIGHT,TURNING,NOT DIVIDED,NO CONTROLS,IMPROPER LANE USAGE,FAILING TO YIELD RIGHT-OF-WAY,0,0,0,0,0,6,10,504,STATE ST,41.733383,-87.718981,10/09/2015 02:02:00 AM,2015
CR00003866,07/13/2021 06:41:00 PM,30,CLEAR,DARKNESS - LIGHTED ROAD,REAR END,DIVIDED - W/MEDIAN (NOT RAISED),NO CONTROLS,IMPROPER LANE USAGE,FAILING TO YIELD RIGHT-OF-WAY,0,0,0,0,18,3,7,1846,ROOSEVELT RD,41.859665,-87.783701,07/13/2021 07:44:00 PM,2021
CR00003867,11/16/2015 03:03:00 PM,20,CLEAR,DARKNESS - LIGHTED ROAD,SIDESWIPE SAME DIRECTION,ONE-WAY,NO CONTROLS,IMPROPER OVERTAKING/PASSING,FAILING TO REDUCE SPEED,0,0,0,0,15,2,11,795,KEDZIE AVE,41.772373,-87.667839,11/16/2015 04:57:00 PM,2015
CR00003868,04/25/2022 01:52:00 AM,30,CLOUDY/OVERCAST,DAYLIGHT,SIDESWIPE SAME DIRECTION,NOT DIVIDED,TRAFFIC SIGNAL,UNABLE TO DETERMINE,FOLLOWING TOO CLOSELY,0,0,0,0,1,2,4,189,63RD ST,41.709437,-87.525182,04/25/2022 03:33:00 AM,2022
CR00003869,01/29/2015 12:42:00 PM,45,RAIN,DAYLIGHT,ANGLE,NOT DIVIDED,TRAFFIC SIGNAL,IMPROPER OVERTAKING/PASSING,UNABLE TO DETERMINE,0,0,0,0,12,5,1,964,PULASKI RD,41.807285,-87.596697,01/29/2015 02:09:00 PM,2015
CR00003870,04/27/2015 08:31:00 AM,35,CLEAR,DAYLIGHT,REAR END,ONE-WAY,NO CONTROLS,FAILING TO YIELD RIGHT-OF-WAY,IMPROPER LANE USAGE,0,0,0,0,8,2,4,1427,PULASKI RD,41.813285,-87.599926,04/27/2015 08:49:00 AM,2015
CR00003871,12/08/2017 11:13:00 PM,45,CLEAR,DAYLIGHT,TURNING,NOT DIVIDED,TRAFFIC SIGNAL,UNABLE TO DETERMINE,FOLLOWING TOO CLOSELY,0,0,0,0,23,6,12,676,STONY ISLAND AVE,41.894696,-87.538288,12/08/2017 11:56:00 PM,2017
CR00003872,09/10/2019 07:52:00 PM,30,CLEAR,DARKNESS - LIGHTED ROAD,TURNING,NOT DIVIDED,PEDESTRIAN CROSSING SIGN,FOLLOWING TOO CLOSELY,NOT APPLICABLE,0,0,0,0,19,3,9,1612,ASHLAND AVE,41.809816,-87.643603,09/10/2019 07:59:00 PM,2019
CR00003873,03/08/2017 06:42:00 PM,35,CLEAR,DARKNESS - LIGHTED ROAD,TURNING,NOT DIVIDED,UNKNOWN,UNABLE TO DETERMINE,IMPROPER LANE USAGE,0,0,0,0,18,4,3,2400,DIVISION ST,41.884372,-87.69798,03/08/2017 07:01:00 PM,2017