CRASH_RECORD_ID,CRASH_DATE,POSTED_SPEED_LIMIT,WEATHER_CONDITION,LIGHTING_CONDITION,FIRST_CRASH_TYPE,TRAFFICWAY_TYPE,TRAFFIC_CONTROL_DEVICE,PRIM_CONTRIBUTORY_CAUSE,SEC_CONTRIBUTORY_CAUSE,INJURIES_FATAL,INJURIES_INCAPACITATING,INJURIES_NON_INCAPACITATING,INJURIES_TOTAL,CRASH_HOUR,CRASH_DAY_OF_WEEK,CRASH_MONTH,BEAT_OF_OCCURRENCE,STREET_NAME,LATITUDE,LONGITUDE,DATE_POLICE_NOTIFIED,year
CR00003874,12/04/2022 02:10:00 PM,30,SNOW,DARKNESS,SIDESWIPE SAME DIRECTION,NOT DIVIDED,TRAFFIC SIGNAL,FOLLOWING TOO CLOSELY,UNABLE TO DETERMINE,0,0,0,0,14,1,12,382,DIVISION ST,41.964746,-87.60477,12/04/2022 02:22:00 PM,2022
CR00003875,11/23/2021 05:44:00 AM,25,CLOUDY/OVERCAST,DAYLIGHT,SIDESWIPE SAME DIRECTION,NOT DIVIDED,TRAFFIC SIGNAL,UNABLE TO DETERMINE,UNABLE TO DETERMINE,0,0,0,0,5,3,11,1790,HALSTED ST,41.810156,-87.741335,11/23/2021 05:51:00 AM,2021
CR00003876,01/20/2021 07:41:00 PM,30,CLEAR,DAYLIGHT,PARKED MOTOR VEHICLE,FOUR WAY,NO CONTROLS,DRIVING SKILLS/KNOWLEDGE/EXPERIENCE,DISTRACTION - FROM INSIDE VEHICLE,0,0,0,0,19,4,1,1407,FULLERTON AVE,41.754946,-87.783731,01/20/2021 08:15:00 PM,2021
CR00003877,05/16/2018 12:56:00 PM,45,CLEAR,DARKNESS - LIGHTED ROAD,TURNING,DIVIDED - W/MEDIAN (NOT RAISED),TRAFFIC SIGNAL,FAILING TO YIELD RIGHT-OF-WAY,FAILING TO YIELD RIGHT-OF-WAY,0,0,2,2,12,4,5,1388,ASHLAND AVE,41.783619,-87.679851,05/16/2018 01:19:00 PM,2018
CR00003878,10/27/2016 03:54:00 PM,30,CLEAR,DAYLIGHT,ANGLE,NOT DIVIDED,TRAFFIC SIGNAL,IMPROPER OVERTAKING/PASSING,FAILING TO YIELD RIGHT-OF-WAY,0,0,0,0,15,5,10,1834,ARCHER AVE,41.853926,-87.539437,10/27/2016 05:20:00 PM,2016
CR00003879,08/31/2023 02:03:00 PM,20,CLEAR,DAYLIGHT,PARKED MOTOR VEHICLE,T-INTERSECTION,UNKNOWN,DRIVING SKILLS/KNOWLEDGE/EXPERIENCE,IMPROPER OVERTAKING/PASSING,0,0,0,0,14,5,8,1559,KEDZIE AVE,41.920558,-87.822603,08/31/2023 02:20:00 PM,2023
CR00003880,03/10/2022 08:43:00 PM,30,FOG/SMOKE/HAZE,DAYLIGHT,SIDESWIPE SAME DIRECTION,ONE-WAY,TRAFFIC SIGNAL,DRIVING SKILLS/KNOWLEDGE/EXPERIENCE,FAILING TO REDUCE SPEED,0,2,1,3,20,5,3,1046,DIVISION ST,41.947358,-87.732471,03/10/2022 10:10:00 PM,2022
CR00003881,10/07/2019 03:12:00 PM,30,CLEAR,DAYLIGHT,PARKED MOTOR VEHICLE,NOT DIVIDED,TRAFFIC SIGNAL,FAILING TO REDUCE SPEED,FOLLOWING TOO CLOSELY,0,0,0,0,15,2,10,1491,STONY ISLAND AVE,41.738158,-87.797258,10/07/2019 05:04:00 PM,2019
CR00003882,09/20/2015 12:04:00 PM,35,CLEAR,DAYLIGHT,ANGLE,DIVIDED - W/MEDIAN BARRIER,STOP SIGN/FLASHER,DISTRACTION - FROM INSIDE VEHICLE,IMPROPER LANE USAGE,0,0,0,0,12,1,9,721,ROOSEVELT RD,41.904083,-87.749715,09/20/2015 12:53:00 PM,2015
CR00003883,11/13/2017 03:06:00 PM,15,CLEAR,DAYLIGHT,REAR END,NOT DIVIDED,NO CONTROLS,FAILING TO REDUCE SPEED,UNABLE TO DETERMINE,0,0,1,1,15,2,11,958,FULLERTON AVE,41.863663,-87.617438,11/13/2017 03:16:00 PM,2017
CR00003884,10/17/2018 12:06:00 PM,30,CLEAR,DAYLIGHT,REAR END,ONE-WAY,TRAFFIC SIGNAL,FOLLOWING TOO CLOSELY,UNABLE TO DETERMINE,0,0,0,0,12,4,10,1172,HALSTED ST,41.95805,-87.703868,10/17/2018 01:12:00 PM,2018
CR00003885,11/03/2016 01:52:00 PM,25,CLEAR,DAYLIGHT,SIDESWIPE SAME DIRECTION,DIVIDED - W/MEDIAN (NOT RAISED),NO CONTROLS,IMPROPER OVERTAKING/PASSING,UNABLE TO DETERMINE,0,0,0,0,13,5,11,1476,79TH ST,41.739918,-87.589663,11/03/2016 03:28:00 PM,2016
CR00003886,05/29/2015 09:20:00 AM,35,CLEAR,DARKNESS - LIGHTED ROAD,ANGLE,NOT DIVIDED,PEDESTRIAN CROSSING SIGN,UNABLE TO DETERMINE,FAILING TO REDUCE SPEED,0,0,0,0,9,6,5,610,79TH ST,41.885361,-87.679025,05/29/2015 11:11:00 AM,2015
CR00003887,12/16/2018 08:38:00 PM,30,CLEAR,DARKNESS,FIXED OBJECT,DIVIDED - W/MEDIAN (NOT RAISED),NO CONTROLS,FOLLOWING TOO CLOSELY,FAILING TO YIELD RIGHT-OF-WAY,0,0,0,0,20,1,12,1200,DAMEN AVE,41.753583,-87.662144,12/16/2018 09:02:00 PM,2018
CR00003888,11/06/2021 06:02:00 PM,30,CLEAR,DAYLIGHT,TURNING,DIVIDED - W/MEDIAN (NOT RAISED),NO CONTROLS,IMPROPER LANE USAGE,IMPROPER OVERTAKING/PASSING,0,0,0,0,18,7,11,1113,STONY ISLAND AVE,41.91518,-87.562143,11/06/2021 07:15:00 PM,2021
CR00003889,03/31/2017 06:35:00 PM,40,CLOUDY/OVERCAST,DARKNESS - LIGHTED ROAD,TURNING,FOUR WAY,PEDESTRIAN CROSSING SIGN,UNABLE TO DETERMINE,DISTRACTION - FROM INSIDE VEHICLE,0,0,0,0,18,6,3,1660,WESTERN AVE,41.787985,-87.731509,03/31/2017 07:34:00 PM,2017
CR00003890,11/11/2024 08:56:00 AM,45,CLEAR,DAYLIGHT,PARKED MOTOR VEHICLE,FOUR WAY,YIELD,IMPROPER LANE USAGE,DRIVING SKILLS/KNOWLEDGE/EXPERIENCE,0,0,0,0,8,2,11,1875,OGDEN AVE,41.828851,-87.842335,11/11/2024 10:23:00 AM,2024
CR00003891,10/22/2021 05:38:00 AM,35,RAIN,DAYLIGHT,ANGLE,ONE-WAY,STOP SIGN/FLASHER,IMPROPER LANE USAGE,UNABLE TO DETERMINE,0,0,0,0,5,6,10,2248,ASHLAND AVE,41.703735,-87.606448,10/22/2021 06:34:00 AM,2021
CR00003892,05/21/2021 05:07:00 PM,20,RAIN,DARKNESS,FIXED OBJECT,NOT DIVIDED,NO CONTROLS,UNABLE TO DETERMINE,FOLLOWING TOO CLOSELY,0,1,1,2,17,6,5,472,ARCHER AVE,41.816633,-87.789336,05/21/2021 06:32:00 PM,2021
CR00003893,10/11/2018 07:31:00 AM,30,CLEAR,DAYLIGHT,REAR END,ONE-WAY,NO CONTROLS,UNABLE TO DETERMINE,DRIVING SKILLS/KNOWLEDGE/EXPERIENCE,0,0,1,1,7,5,10,2529,DIVISION ST,41.969594,-87.527533,10/11/2018 07:58:00 AM,2018
CR00003894,07/04/2019 01:27:00 PM,40,CLOUDY/OVERCAST,DAYLIGHT,REAR END,NOT DIVIDED,NO CONTROLS,FAILING TO YIELD RIGHT-OF-WAY,UNABLE TO DETERMINE,0,0,0,0,13,5,7,374,PULASKI RD,41.942786,-87.522673,07/04/2019 02:15:00 PM,2019
CR00003895,12/27/2022 06:44:00 PM,45,CLEAR,DAYLIGHT,REAR END,FOUR WAY,TRAFFIC SIGNAL,DISREGARDING TRAFFIC SIGNALS,FAILING TO YIELD RIGHT-OF-WAY,0,0,0,0,18,3,12,1288,ROOSEVELT RD,41.95897,-87.585916,12/27/2022 07:24:00 PM,2022
CR00003896,04/03/2017 05:01:00 AM,30,SNOW,DAYLIGHT,FIXED OBJECT,T-INTERSECTION,NO CONTROLS,IMPROPER OVERTAKING/PASSING,FOLLOWING TOO CLOSELY,0,0,0,0,5,2,4,2448,DAMEN AVE,41.831684,-87.826762,04/03/2017 05:07:00 AM,2017
CR00003897,06/19/2015 04:58:00 PM,35,RAIN,DAYLIGHT,PARKED MOTOR VEHICLE,NOT DIVIDED,TRAFFIC SIGNAL,DRIVING SKILLS/KNOWLEDGE/EXPERIENCE,FOLLOWING TOO CLOSELY,0,0,0,0,16,6,6,934,STATE ST,41.996907,-87.582836,06/19/2015 06:09:00 PM,2015
CR00003898,10/21/2016 08:06:00 AM,20,CLEAR,DAYLIGHT,PEDESTRIAN,ONE-WAY,TRAFFIC SIGNAL,UNABLE TO DETERMINE,FAILING TO YIELD RIGHT-OF-WAY,0,0,0,0,8,6,10,669,79TH ST,41.782961,-87.733302,10/21/2016 09:41:00 AM,2016
CR00003899,07/16/2023 12:48:00 AM,30,CLEAR,DARKNESS - LIGHTED ROAD,ANGLE,DIVIDED - W/MEDIAN BARRIER,UNKNOWN,DISREGARDING TRAFFIC SIGNALS,NOT APPLICABLE,0,0,0,0,0,1,7,2495,ASHLAND AVE,41.853654,-87.656955,07/16/2023 02:16:00 AM,2023
CR00003900,07/22/2018 07:51:00 AM,30,SNOW,DAYLIGHT,ANGLE,FOUR WAY,NO CONTROLS,FAILING TO REDUCE SPEED,UNABLE TO DETERMINE,0,1,0,1,7,1,7,1744,MICHIGAN AVE,41.867507,-87.845008,07/22/2018 08:02:00 AM,2018
CR00003901,10/15/2023 01:16:00 PM,35,CLEAR,DAYLIGHT,FIXED OBJECT,NOT DIVIDED,UNKNOWN,UNABLE TO DETERMINE,FAILING TO REDUCE SPEED,0,0,0,0,13,1,10,2454,ROOSEVELT RD,41.754788,-87.568689,10/15/2023 01:55:00 PM,2023
CR00003902,09/05/2024 08:18:00 AM,30,CLEAR,DAYLIGHT,REAR END,ONE-WAY,NO CONTROLS,IMPROPER OVERTAKING/PASSING,FOLLOWING TOO CLOSELY,0,0,0,0,8,5,9,1232,HALSTED ST,41.879911,-87.596635,09/05/2024 08:20:00 AM,2024
CR00003903,02/13/2019 06:15:00 PM,25,CLEAR,DAYLIGHT,ANGLE,NOT DIVIDED,NO CONTROLS,IMPROPER LANE USAGE,UNABLE TO DETERMINE,0,0,2,2,18,4,2,2344,79TH ST,41.858377,-87.731903,02/13/2019 07:36:00 PM,2019
CR00003904,02/26/2021 06:10:00 AM,20,CLEAR,DAYLIGHT,REAR TO FRONT,T-INTERSECTION,TRAFFIC SIGNAL,UNABLE TO DETERMINE,IMPROPER LANE USAGE,0,0,0,0,6,6,2,2099,WESTERN AVE,41.935003,-87.580772,02/26/2021 07:00:00 AM,2021
CR00003905,10/23/2016 12:38:00 AM,35,SNOW,DAYLIGHT,TURNING,NOT DIVIDED,STOP SIGN/FLASHER,FOLLOWING TOO CLOSELY,DISTRACTION - FROM INSIDE VEHICLE,0,0,0,0,0,1,10,417,CICERO AVE,41.840414,-87.602923,10/23/2016 01:56:00 AM,2016
CR00003906,04/05/2020 11:41:00 AM,30,CLEAR,DAYLIGHT,ANGLE,FOUR WAY,TRAFFIC SIGNAL,UNABLE TO DETERMINE,DRIVING SKILLS/KNOWLEDGE/EXPERIENCE,0,0,0,0,11,1,4,1694,PULASKI RD,41.735189,-87.830794,04/05/2020 01:07:00 PM,2020
CR00003907,06/17/2018 05:15:00 PM,25,FREEZING RAIN/DRIZZLE,DAYLIGHT,REAR END,DIVIDED - W/MEDIAN (NOT RAISED),NO CONTROLS,IMPROPER OVERTAKING/PASSING,UNABLE TO DETERMINE,0,0,0,0,17,1,6,245,63RD ST,41.843579,-87.729045,06/17/2018 06:14:00 PM,2018
CR00003908,04/15/2016 11:14:00 AM,25,CLEAR,DAYLIGHT,ANGLE,DIVIDED - W/MEDIAN (NOT RAISED),NO CONTROLS,IMPROPER OVERTAKING/PASSING,WEATHER,0,0,0,0,11,6,4,1129,CICERO AVE,41.707444,-87.780105,04/15/2016 01:06:00 PM,2016
CR00003909,02/20/2017 09:04:00 AM,30,CLEAR,DAYLIGHT,TURNING,FOUR WAY,TRAFFIC SIGNAL,UNABLE TO DETERMINE,UNABLE TO DETERMINE,0,0,3,3,9,2,2,1607,CLARK ST,41.768041,-87.748262,02/20/2017 10:14:00 AM,2017
CR00003910,11/27/2024 08:01:00 AM,30,CLOUDY/OVERCAST,DARKNESS - LIGHTED ROAD,REAR END,NOT DIVIDED,NO CONTROLS,FAILING TO YIELD RIGHT-OF-WAY,NOT APPLICABLE,0,0,0,0,8,4,11,1660,79TH ST,41.950107,-87.839726,11/27/2024 08:28:00 AM,2024
CR00003911,11/04/2018 08:54:00 AM,30,CLEAR,DAYLIGHT,REAR TO FRONT,NOT DIVIDED,TRAFFIC SIGNAL,UNABLE TO DETERMINE,UNABLE TO DETERMINE,0,0,1,1,8,1,11,2209,IRVING PARK RD,41.820282,-87.70345,11/04/2018 10:51:00 AM,2018
CR00003912,03/01/2022 07:13:00 AM,40,SNOW,DAYLIGHT,PEDESTRIAN,NOT DIVIDED,UNKNOWN,IMPROPER LANE USAGE,IMPROPER OVERTAKING/PASSING,0,0,0,0,7,3,3,2427,KEDZIE AVE,41.79754,-87.774282,03/01/2022 07:53:00 AM,2022
CR00003913,12/26/2022 09:38:00 AM,30,CLEAR,DAYLIGHT,FIXED OBJECT,FOUR WAY,TRAFFIC SIGNAL,UNABLE TO DETERMINE,FAILING TO REDUCE SPEED,0,0,1,1,9,2,12,1687,CLARK ST,41.864934,-87.500517,12/26/2022 10:07:00 AM,2022
CR00003914,01/27/2015 02:18:00 PM,20,CLEAR,DAYLIGHT,REAR END,NOT DIVIDED,NO CONTROLS,FOLLOWING TOO CLOSELY,IMPROPER OVERTAKING/PASSING,0,0,0,0,14,3,1,2160,KEDZIE AVE,41.758884,-87.607774,01/27/2015 03:59:00 PM,2015
CR00003915,02/04/2015 02:56:00 PM,15,CLEAR,DARKNESS - LIGHTED ROAD,SIDESWIPE SAME DIRECTION,ONE-WAY,NO CONTROLS,FOLLOWING TOO CLOSELY,UNABLE TO DETERMINE,0,0,0,0,14,4,2,167,63RD ST,41.732115,-87.781111,02/04/2015 04:00:00 PM,2015
CR00003916,11/19/2018 07:24:00 AM,20,CLEAR,DAYLIGHT,SIDESWIPE SAME DIRECTION,DIVIDED - W/MEDIAN BARRIER,TRAFFIC SIGNAL,FOLLOWING TOO CLOSELY,UNABLE TO DETERMINE,0,1,1,2,7,2,11,1687,LAKE SHORE DR,41.75014,-87.523603,11/19/2018 08:58:00 AM,2018
CR00003917,09/09/2019 03:41:00 PM,25,CLEAR,DARKNESS - LIGHTED ROAD,ANGLE,DIVIDED - W/MEDIAN (NOT RAISED),UNKNOWN,UNABLE TO DETERMINE,UNABLE TO DETERMINE,0,0,2,2,15,2,9,464,47TH ST,41.897734,-87.713546,09/09/2019 05:02:00 PM,2019
CR00003918,08/10/2017 08:14:00 AM,40,CLEAR,DAYLIGHT,TURNING,NOT DIVIDED,NO CONTROLS,DISTRACTION - FROM INSIDE VEHICLE,FAILING TO YIELD RIGHT-OF-WAY,0,0,0,0,8,5,8,2082,ASHLAND AVE,41.884515,-87.65367,08/10/2017 09:57:00 AM,2017
CR00003919,10/05/2021 04:24:00 PM,40,CLEAR,DAYLIGHT,SIDESWIPE SAME DIRECTION,DIVIDED - W/MEDIAN BARRIER,TRAFFIC SIGNAL,FAILING TO YIELD RIGHT-OF-WAY,FAILING TO YIELD RIGHT-OF-WAY,0,0,0,0,16,3,10,604,DAMEN AVE,41.957018,-87.750909,10/05/2021 04:37:00 PM,2021
CR00003920,04/16/2023 02:50:00 AM,25,CLEAR,DAYLIGHT,TURNING,ONE-WAY,NO CONTROLS,UNABLE TO DETERMINE,DRIVING SKILLS/KNOWLEDGE/EXPERIENCE,0,0,0,0,2,1,4,1977,FULLERTON AVE,41.784949,-87.518008,04/16/2023 04:19:00 AM,2023
CR00003921,07/07/2018 06:25:00 PM,35,CLEAR,DAYLIGHT,FIXED OBJECT,DIVIDED - W/MEDIAN (NOT RAISED),STOP SIGN/FLASHER,UNABLE TO DETERMINE,DISTRACTION - FROM INSIDE VEHICLE,0,0,0,0,18,7,7,878,STONY ISLAND AVE,41.933603,-87.586336,07/07/2018 07:38:00 PM,2018
CR00003922,03/17/2023 11:28:00 AM,15,CLEAR,DARKNESS - LIGHTED ROAD,REAR END,NOT DIVIDED,NO CONTROLS,FAILING TO REDUCE SPEED,NOT APPLICABLE,0,0,0,0,11,6,3,1011,CLARK ST,41.713792,-87.658494,03/17/2023 12:11:00 PM,2023
CR00003923,04/03/2023 07:30:00 PM,20,CLEAR,DAYLIGHT,REAR END,NOT DIVIDED,TRAFFIC SIGNAL,UNABLE TO DETERMINE,UNABLE TO DETERMINE,0,0,0,0,19,2,4,669,MICHIGAN AVE,41.945442,-87.513911,04/03/2023 09:05:00 PM,2023
CR00003924,10/16/2024 03:40:00 PM,25,RAIN,DARKNESS - LIGHTED ROAD,REAR END,NOT DIVIDED,TRAFFIC SIGNAL,UNABLE TO DETERMINE,UNABLE TO DETERMINE,0,0,1,1,15,4,10,906,PULASKI RD,41.910669,-87.562714,10/16/2024 05:09:00 PM,2024
CR00003925,11/08/2023 08:15:00 AM,40,RAIN,DARKNESS,TURNING,NOT DIVIDED,NO CONTROLS,FAILING TO REDUCE SPEED,UNABLE TO DETERMINE,0,0,0,0,8,4,11,1087,79TH ST,41.866035,-87.772094,11/08/2023 09:29:00 AM,2023
CR00003926,07/29/2023 05:37:00 PM,40,SNOW,DAYLIGHT,PARKED MOTOR VEHICLE,NOT DIVIDED,TRAFFIC SIGNAL,DRIVING SKILLS/KNOWLEDGE/EXPERIENCE,IMPROPER OVERTAKING/PASSING,0,0,0,0,17,7,7,1697,CALIFORNIA AVE,41.92242,-87.528228,07/29/2023 06:09:00 PM,2023
CR00003927,12/25/2020 10:10:00 PM,25,CLEAR,DARKNESS - LIGHTED ROAD,REAR TO FRONT,DIVIDED - W/MEDIAN (NOT RAISED),YIELD,FAILING TO YIELD RIGHT-OF-WAY,FOLLOWING TOO CLOSELY,0,0,0,0,22,6,12,526,CLARK ST,41.702307,-87.657024,12/25/2020 10:48:00 PM,2020
CR00003928,11/13/2017 06:16:00 PM,15,CLEAR,DARKNESS - LIGHTED ROAD,REAR END,NOT DIVIDED,STOP SIGN/FLASHER,FAILING TO REDUCE SPEED,NOT APPLICABLE,0,0,1,1,18,2,11,2381,79TH ST,41.707091,-87.708973,11/13/2017 08:01:00 PM,2017
CR00003929,05/08/2018 09:36:00 PM,25,CLEAR,DAYLIGHT,PARKED MOTOR VEHICLE,ONE-WAY,NO CONTROLS,UNABLE TO DETERMINE,UNABLE TO DETERMINE,0,0,0,0,21,3,5,141,IRVING PARK RD,41.737008,-87.672991,05/08/2018 10:33:00 PM,2018
CR00003930,01/20/2015 03:17:00 PM,20,RAIN,DARKNESS,ANGLE,NOT DIVIDED,YIELD,UNABLE TO DETERMINE,FAILING TO REDUCE SPEED,0,0,0,0,15,3,1,1894,FULLERTON AVE,41.894064,-87.645246,01/20/2015 03:55:00 PM,2015
CR00003931,08/08/2019 09:57:00 AM,30,RAIN,DAYLIGHT,REAR END,NOT DIVIDED,NO CONTROLS,FOLLOWING TOO CLOSELY,NOT APPLICABLE,0,0,0,0,9,5,8,799,CALIFORNIA AVE,41.887695,-87.501503,08/08/2019 10:56:00 AM,2019
CR00003932,02/01/2016 10:53:00 PM,25,CLOUDY/OVERCAST,DARKNESS - LIGHTED ROAD,SIDESWIPE SAME DIRECTION,FOUR WAY,NO CONTROLS,WEATHER,NOT APPLICABLE,0,0,0,0,22,2,2,556,DAMEN AVE,41.871114,-87.539607,02/01/2016 10:54:00 PM,2016
CR00003933,12/21/2015 06:24:00 PM,25,CLEAR,DAYLIGHT,ANGLE,DIVIDED - W/MEDIAN BARRIER,TRAFFIC SIGNAL,WEATHER,FOLLOWING TOO CLOSELY,0,0,0,0,18,2,12,569,79TH ST,41.993685,-87.513453,12/21/2015 08:08:00 PM,2015
CR00003934,04/23/2022 01:14:00 PM,30,CLEAR,DARKNESS,FIXED OBJECT,NOT DIVIDED,NO CONTROLS,UNABLE TO DETERMINE,FOLLOWING TOO CLOSELY,0,0,0,0,13,7,4,2049,DAMEN AVE,41.851781,-87.781466,04/23/2022 01:16:00 PM,2022
CR00003935,10/12/2016 08:26:00 AM,30,CLEAR,DAYLIGHT,REAR END,DIVIDED - W/MEDIAN (NOT RAISED),NO CONTROLS,FOLLOWING TOO CLOSELY,IMPROPER OVERTAKING/PASSING,0,1,1,2,8,4,10,2217,CICERO AVE,41.808037,-87.543048,10/12/2016 09:35:00 AM,2016
CR00003936,12/17/2023 07:26:00 AM,40,CLEAR,DARKNESS - LIGHTED ROAD,REAR END,NOT DIVIDED,NO CONTROLS,FAILING TO REDUCE SPEED,NOT APPLICABLE,0,0,0,0,7,1,12,340,ASHLAND AVE,41.932904,-87.599904,12/17/2023 08:19:00 AM,2023
CR00003937,09/14/2023 03:56:00 AM,40,FREEZING RAIN/DRIZZLE,DARKNESS,TURNING,DIVIDED - W/MEDIAN BARRIER,NO CONTROLS,UNABLE TO DETERMINE,DRIVING SKILLS/KNOWLEDGE/EXPERIENCE,0,0,0,0,3,5,9,1605,OGDEN AVE,41.881182,-87.81465,09/14/2023 04:40:00 AM,2023
CR00003938,11/29/2015 07:52:00 AM,30,RAIN,DARKNESS - LIGHTED ROAD,TURNING,ONE-WAY,NO CONTROLS,DRIVING SKILLS/KNOWLEDGE/EXPERIENCE,IMPROPER LANE USAGE,0,0,1,1,7,1,11,160,ASHLAND AVE,41.929771,-87.720256,11/29/2015 09:46:00 AM,2015
CR00003939,10/19/2023 09:03:00 AM,35,CLEAR,DAYLIGHT,TURNING,ONE-WAY,TRAFFIC SIGNAL,FAILING TO YIELD RIGHT-OF-WAY,UNABLE TO DETERMINE,0,0,0,0,9,5,10,685,CALIFORNIA AVE,41.954734,-87.607363,10/19/2023 09:47:00 AM,2023
CR00003940,01/25/2016 01:35:00 PM,40,CLEAR,DAYLIGHT,ANGLE,T-INTERSECTION,STOP SIGN/FLASHER,IMPROPER OVERTAKING/PASSING,UNABLE TO DETERMINE,0,0,0,0,13,2,1,2333,CICERO AVE,41.838949,-87.536359,01/25/2016 02:47:00 PM,2016
CR00003941,07/29/2024 05:12:00 PM,30,CLEAR,DAYLIGHT,REAR END,FOUR WAY,STOP SIGN/FLASHER,UNABLE TO DETERMINE,UNABLE TO DETERMINE,0,1,0,1,17,2,7,2218,STONY ISLAND AVE,41.804426,-87.818948,07/29/2024 06:35:00 PM,2024
CR00003942,01/22/2016 08:07:00 AM,30,RAIN,DAYLIGHT,REAR TO FRONT,NOT DIVIDED,UNKNOWN,UNABLE TO DETERMINE,UNABLE TO DETERMINE,0,0,0,0,8,6,1,1222,IRVING PARK RD,41.909174,-87.556495,01/22/2016 08:30:00 AM,2016
CR00003943,04/25/2018 10:24:00 AM,30,RAIN,DAYLIGHT,SIDESWIPE SAME DIRECTION,NOT DIVIDED,STOP SIGN/FLASHER,DISREGARDING TRAFFIC SIGNALS,UNABLE TO DETERMINE,0,0,0,0,10,4,4,187,CICERO AVE,41.859757,-87.643955,04/25/2018 10:43:00 AM,2018
CR00003944,08/16/2021 02:26:00 PM,30,CLEAR,DAYLIGHT,SIDESWIPE SAME DIRECTION,NOT DIVIDED,STOP SIGN/FLASHER,FAILING TO YIELD RIGHT-OF-WAY,UNABLE TO DETERMINE,0,0,0,0,14,2,8,454,KEDZIE AVE,41.919116,-87.770873,08/16/2021 03:02:00 PM,2021
CR00003945,01/22/2022 02:13:00 AM,35,CLEAR,DAYLIGHT,FIXED OBJECT,NOT DIVIDED,TRAFFIC SIGNAL,FAILING TO REDUCE SPEED,DISREGARDING TRAFFIC SIGNALS,0,0,0,0,2,7,1,1746,ELSTON AVE,41.932817,-87.549377,01/22/2022 02:23:00 AM,2022
CR00003946,03/25/2023 09:54:00 AM,25,SNOW,DAYLIGHT,PARKED MOTOR VEHICLE,ONE-WAY,TRAFFIC SIGNAL,UNABLE TO DETERMINE,DRIVING SKILLS/KNOWLEDGE/EXPERIENCE,0,0,0,0,9,7,3,1367,IRVING PARK RD,41.938854,-87.661536,03/25/2023 11:51:00 AM,2023
CR00003947,11/13/2020 11:56:00 PM,45,CLEAR,DAYLIGHT,REAR TO FRONT,NOT DIVIDED,NO CONTROLS,FOLLOWING TOO CLOSELY,UNABLE TO DETERMINE,0,0,0,0,23,6,11,1437,ARCHER AVE,41.731679,-87.713768,11/14/2020 12:47:00 AM,2020
CR00003948,12/07/2019 07:54:00 AM,30,SNOW,DAYLIGHT,REAR END,NOT DIVIDED,UNKNOWN,IMPROPER LANE USAGE,UNABLE TO DETERMINE,0,0,1,1,7,7,12,1771,WESTERN AVE,41.937264,-87.576817,12/07/2019 08:47:00 AM,2019
CR00003949,05/31/2022 09:37:00 AM,25,CLEAR,DAYLIGHT,PARKED MOTOR VEHICLE,NOT DIVIDED,NO CONTROLS,IMPROPER OVERTAKING/PASSING,UNABLE TO DETERMINE,0,0,0,0,9,3,5,1698,DAMEN AVE,41.788364,-87.81167,05/31/2022 11:12:00 AM,2022
CR00003950,03/28/2024 03:58:00 PM,40,CLEAR,DARKNESS - LIGHTED ROAD,ANGLE,NOT DIVIDED,TRAFFIC SIGNAL,DRIVING SKILLS/KNOWLEDGE/EXPERIENCE,FOLLOWING TOO CLOSELY,0,0,0,0,15,5,3,308,CLARK ST,41.945325,-87.803039,03/28/2024 05:28:00 PM,2024
CR00003951,05/25/2020 02:49:00 AM,35,CLOUDY/OVERCAST,DAYLIGHT,REAR END,DIVIDED - W/MEDIAN BARRIER,TRAFFIC SIGNAL,FOLLOWING TOO CLOSELY,FAILING TO YIELD RIGHT-OF-WAY,0,0,1,1,2,2,5,1696,DAMEN AVE,41.949511,-87.73883,05/25/2020 03:34:00 AM,2020
CR00003952,02/18/2020 06:21:00 AM,20,CLEAR,DAYLIGHT,ANGLE,NOT DIVIDED,NO CONTROLS,DRIVING SKILLS/KNOWLEDGE/EXPERIENCE,FAILING TO REDUCE SPEED,0,0,0,0,6,3,2,172,47TH ST,41.937811,-87.810756,02/18/2020 06:32:00 AM,2020
CR00003953,10/14/2018 05:33:00 PM,35,RAIN,DARKNESS - LIGHTED ROAD,REAR END,DIVIDED - W/MEDIAN (NOT RAISED),NO CONTROLS,FAILING TO YIELD RIGHT-OF-WAY,DISREGARDING TRAFFIC SIGNALS,0,0,0,0,17,1,10,1488,HALSTED ST,41.757529,-87.721472,10/14/2018 06:28:00 PM,2018
CR00003954,11/14/2018 02:26:00 PM,30,CLEAR,DAYLIGHT,PARKED MOTOR VEHICLE,FOUR WAY,TRAFFIC SIGNAL,DISTRACTION - FROM INSIDE VEHICLE,FOLLOWING TOO CLOSELY,0,0,0,0,14,4,11,2293,PULASKI RD,41.708483,-87.600671,11/14/2018 04:15:00 PM,2018
CR00003955,06/04/2024 03:26:00 PM,40,CLOUDY/OVERCAST,DAYLIGHT,REAR TO FRONT,NOT DIVIDED,NO CONTROLS,UNABLE TO DETERMINE,FOLLOWING TOO CLOSELY,0,0,0,0,15,3,6,694,STONY ISLAND AVE,41.829334,-87.584,06/04/2024 04:55:00 PM,2024
CR00003956,08/24/2021 05:55:00 PM,20,CLOUDY/OVERCAST,DARKNESS,REAR END,NOT DIVIDED,UNKNOWN,FOLLOWING TOO CLOSELY,UNABLE TO DETERMINE,0,0,0,0,17,3,8,2487,ELSTON AVE,41.848795,-87.719224,08/24/2021 06:12:00 PM,2021
CR00003957,05/04/2021 10:13:00 PM,35,CLEAR,DAYLIGHT,ANGLE,NOT DIVIDED,UNKNOWN,DISTRACTION - FROM INSIDE VEHICLE,IMPROPER LANE USAGE,0,0,0,0,22,3,5,165,ASHLAND AVE,41.704107,-87.847425,05/04/2021 10:45:00 PM,2021