CRASH_RECORD_ID,CRASH_DATE,POSTED_SPEED_LIMIT,WEATHER_CONDITION,LIGHTING_CONDITION,FIRST_CRASH_TYPE,TRAFFICWAY_TYPE,TRAFFIC_CONTROL_DEVICE,PRIM_CONTRIBUTORY_CAUSE,SEC_CONTRIBUTORY_CAUSE,INJURIES_FATAL,INJURIES_INCAPACITATING,INJURIES_NON_INCAPACITATING,INJURIES_TOTAL,CRASH_HOUR,CRASH_DAY_OF_WEEK,CRASH_MONTH,BEAT_OF_OCCURRENCE,STREET_NAME,LATITUDE,LONGITUDE,DATE_POLICE_NOTIFIED,year
CR00003958,12/31/2024 10:02:00 AM,15,SNOW,DUSK,PARKED MOTOR VEHICLE,NOT DIVIDED,STOP SIGN/FLASHER,FOLLOWING TOO CLOSELY,IMPROPER LANE USAGE,0,0,1,1,10,3,12,330,HALSTED ST,41.950227,-87.692464,12/31/2024 11:05:00 AM,2024
CR00003959,08/26/2022 02:47:00 PM,45,CLEAR,DAWN,PARKED MOTOR VEHICLE,T-INTERSECTION,STOP SIGN/FLASHER,UNABLE TO DETERMINE,DRIVING SKILLS/KNOWLEDGE/EXPERIENCE,0,0,0,0,14,6,8,890,IRVING PARK RD,41.702081,-87.713181,08/26/2022 03:38:00 PM,2022
CR00003960,11/06/2020 01:56:00 PM,35,RAIN,DAYLIGHT,REAR END,DIVIDED - W/MEDIAN (NOT RAISED),UNKNOWN,UNABLE TO DETERMINE,FAILING TO YIELD RIGHT-OF-WAY,0,0,0,0,13,6,11,1923,63RD ST,41.926253,-87.78431,11/06/2020 02:14:00 PM,2020
CR00003961,04/29/2020 04:29:00 AM,25,CLOUDY/OVERCAST,DAYLIGHT,PARKED MOTOR VEHICLE,NOT DIVIDED,TRAFFIC SIGNAL,FOLLOWING TOO CLOSELY,FAILING TO REDUCE SPEED,0,1,3,4,4,4,4,2312,79TH ST,41.911982,-87.523321,04/29/2020 06:10:00 AM,2020
CR00003962,11/20/2021 02:59:00 PM,20,CLOUDY/OVERCAST,DAYLIGHT,SIDESWIPE SAME DIRECTION,DIVIDED - W/MEDIAN (NOT RAISED),NO CONTROLS,IMPROPER OVERTAKING/PASSING,DISREGARDING TRAFFIC SIGNALS,0,0,0,0,14,7,11,2034,PULASKI RD,41.918669,-87.614935,11/20/2021 03:33:00 PM,2021
CR00003963,01/21/2019 02:50:00 AM,15,CLEAR,DAYLIGHT,REAR END,NOT DIVIDED,NO CONTROLS,DRIVING SKILLS/KNOWLEDGE/EXPERIENCE,UNABLE TO DETERMINE,0,0,0,0,2,2,1,2326,ROOSEVELT RD,41.992349,-87.731754,01/21/2019 03:34:00 AM,2019
CR00003964,12/15/2023 07:55:00 PM,35,CLEAR,DARKNESS - LIGHTED ROAD,PARKED MOTOR VEHICLE,DIVIDED - W/MEDIAN BARRIER,TRAFFIC SIGNAL,UNABLE TO DETERMINE,UNABLE TO DETERMINE,0,0,0,0,19,6,12,1024,FULLERTON AVE,41.860997,-87.619258,12/15/2023 09:53:00 PM,2023
CR00003965,04/07/2016 04:12:00 PM,20,CLEAR,DAYLIGHT,REAR END,NOT DIVIDED,NO CONTROLS,FOLLOWING TOO CLOSELY,NOT APPLICABLE,0,0,0,0,16,5,4,2303,CLARK ST,41.718671,-87.527664,04/07/2016 06:00:00 PM,2016
CR00003966,05/17/2017 04:56:00 PM,30,CLEAR,DAYLIGHT,TURNING,NOT DIVIDED,NO CONTROLS,IMPROPER OVERTAKING/PASSING,DRIVING SKILLS/KNOWLEDGE/EXPERIENCE,0,0,0,0,16,4,5,1891,63RD ST,41.863749,-87.582507,05/17/2017 05:06:00 PM,2017
CR00003967,02/28/2023 08:50:00 AM,35,SNOW,DAYLIGHT,ANGLE,NOT DIVIDED,NO CONTROLS,UNABLE TO DETERMINE,DRIVING SKILLS/KNOWLEDGE/EXPERIENCE,0,0,0,0,8,3,2,2436,WESTERN AVE,41.832014,-87.586597,02/28/2023 09:18:00 AM,2023
CR00003968,09/17/2017 10:20:00 AM,30,FOG/SMOKE/HAZE,DAYLIGHT,REAR END,T-INTERSECTION,NO CONTROLS,IMPROPER LANE USAGE,FOLLOWING TOO CLOSELY,0,0,0,0,10,1,9,1312,DIVISION ST,41.792966,-87.620644,09/17/2017 10:57:00 AM,2017
CR00003969,05/05/2019 04:26:00 PM,15,CLEAR,DARKNESS - LIGHTED ROAD,REAR END,ONE-WAY,STOP SIGN/FLASHER,UNABLE TO DETERMINE,FAILING TO REDUCE SPEED,0,0,0,0,16,1,5,2439,DIVISION ST,41.838149,-87.598717,05/05/2019 04:51:00 PM,2019
CR00003970,03/10/2022 05:41:00 PM,15,RAIN,DARKNESS - LIGHTED ROAD,TURNING,NOT DIVIDED,NO CONTROLS,DISREGARDING TRAFFIC SIGNALS,UNABLE TO DETERMINE,0,0,1,1,17,5,3,982,47TH ST,41.819039,-87.70322,03/10/2022 06:41:00 PM,2022
CR00003971,06/02/2024 11:25:00 AM,25,CLEAR,DAYLIGHT,PEDESTRIAN,FOUR WAY,STOP SIGN/FLASHER,UNABLE TO DETERMINE,UNABLE TO DETERMINE,0,0,0,0,11,1,6,2257,WESTERN AVE,41.748897,-87.681147,06/02/2024 12:16:00 PM,2024
CR00003972,11/20/2018 02:48:00 PM,30,CLEAR,DAYLIGHT,REAR END,DIVIDED - W/MEDIAN (NOT RAISED),TRAFFIC SIGNAL,WEATHER,FAILING TO YIELD RIGHT-OF-WAY,0,0,1,1,14,3,11,1075,PULASKI RD,41.706992,-87.568548,11/20/2018 04:26:00 PM,2018
CR00003973,03/14/2019 07:28:00 PM,40,RAIN,DAYLIGHT,ANGLE,NOT DIVIDED,STOP SIGN/FLASHER,FAILING TO REDUCE SPEED,UNABLE TO DETERMINE,0,0,1,1,19,5,3,1412,KEDZIE AVE,41.706523,-87.810235,03/14/2019 08:09:00 PM,2019
CR00003974,02/26/2020 01:07:00 AM,15,SNOW,DAYLIGHT,REAR END,NOT DIVIDED,STOP SIGN/FLASHER,UNABLE TO DETERMINE,UNABLE TO DETERMINE,0,0,0,0,1,4,2,1243,OGDEN AVE,41.892621,-87.601898,02/26/2020 02:37:00 AM,2020
CR00003975,10/25/2021 08:53:00 AM,35,CLEAR,DAYLIGHT,ANGLE,ONE-WAY,STOP SIGN/FLASHER,FOLLOWING TOO CLOSELY,NOT APPLICABLE,0,0,0,0,8,2,10,1639,BROADWAY,41.768228,-87.687072,10/25/2021 10:52:00 AM,2021
CR00003976,09/14/2024 04:20:00 PM,30,CLEAR,DAYLIGHT,REAR END,DIVIDED - W/MEDIAN (NOT RAISED),STOP SIGN/FLASHER,DRIVING SKILLS/KNOWLEDGE/EXPERIENCE,IMPROPER LANE USAGE,0,0,0,0,16,7,9,2181,ELSTON AVE,41.755871,-87.809135,09/14/2024 05:58:00 PM,2024
CR00003977,03/02/2023 02:56:00 AM,30,CLEAR,DAYLIGHT,ANGLE,DIVIDED - W/MEDIAN (NOT RAISED),STOP SIGN/FLASHER,DISREGARDING TRAFFIC SIGNALS,IMPROPER OVERTAKING/PASSING,0,0,0,0,2,5,3,2349,ARCHER AVE,41.807701,-87.546122,03/02/2023 04:56:00 AM,2023
CR00003978,06/04/2019 10:19:00 PM,25,CLEAR,DARKNESS - LIGHTED ROAD,SIDESWIPE SAME DIRECTION,NOT DIVIDED,TRAFFIC SIGNAL,DRIVING SKILLS/KNOWLEDGE/EXPERIENCE,FAILING TO REDUCE SPEED,0,0,0,0,22,3,6,621,79TH ST,41.932719,-87.64638,06/04/2019 10:55:00 PM,2019
CR00003979,12/01/2021 06:35:00 PM,20,CLEAR,DARKNESS - LIGHTED ROAD,TURNING,ONE-WAY,TRAFFIC SIGNAL,FAILING TO YIELD RIGHT-OF-WAY,FOLLOWING TOO CLOSELY,0,0,3,3,18,4,12,1163,79TH ST,41.84716,-87.540296,12/01/2021 07:17:00 PM,2021
CR00003980,10/06/2015 10:18:00 AM,35,CLEAR,DAWN,REAR END,ONE-WAY,TRAFFIC SIGNAL,DISTRACTION - FROM INSIDE VEHICLE,DISREGARDING TRAFFIC SIGNALS,0,0,0,0,10,3,10,416,WESTERN AVE,41.843533,-87.680173,10/06/2015 10:57:00 AM,2015
CR00003981,03/02/2017 04:33:00 AM,25,CLEAR,DARKNESS - LIGHTED ROAD,ANGLE,DIVIDED - W/MEDIAN (NOT RAISED),NO CONTROLS,FAILING TO YIELD RIGHT-OF-WAY,DISTRACTION - FROM INSIDE VEHICLE,0,0,0,0,4,5,3,2309,OGDEN AVE,41.955769,-87.50074,03/02/2017 06:19:00 AM,2017
CR00003982,11/29/2023 03:42:00 PM,25,CLEAR,DAYLIGHT,FIXED OBJECT,DIVIDED - W/MEDIAN BARRIER,NO CONTROLS,DISTRACTION - FROM INSIDE VEHICLE,NOT APPLICABLE,0,0,0,0,15,4,11,1428,LAKE SHORE DR,41.900285,-87.57604,11/29/2023 05:16:00 PM,2023
CR00003983,12/31/2020 10:25:00 AM,35,CLEAR,DAYLIGHT,ANGLE,DIVIDED - W/MEDIAN BARRIER,TRAFFIC SIGNAL,FOLLOWING TOO CLOSELY,WEATHER,0,0,0,0,10,5,12,564,ARCHER AVE,41.946878,-87.708162,12/31/2020 10:59:00 AM,2020
CR00003984,08/11/2017 05:08:00 AM,40,CLEAR,DARKNESS - LIGHTED ROAD,PARKED MOTOR VEHICLE,ONE-WAY,STOP SIGN/FLASHER,IMPROPER OVERTAKING/PASSING,DISTRACTION - FROM INSIDE VEHICLE,0,0,0,0,5,6,8,292,ELSTON AVE,41.967651,-87.61317,08/11/2017 05:38:00 AM,2017
CR00003985,05/25/2023 11:46:00 PM,30,CLEAR,DAYLIGHT,REAR END,NOT DIVIDED,TRAFFIC SIGNAL,UNABLE TO DETERMINE,NOT APPLICABLE,0,0,0,0,23,5,5,1533,FULLERTON AVE,41.852701,-87.739776,05/26/2023 12:00:00 AM,2023
CR00003986,08/28/2017 05:26:00 PM,30,CLEAR,DARKNESS,REAR END,NOT DIVIDED,TRAFFIC SIGNAL,FOLLOWING TOO CLOSELY,UNABLE TO DETERMINE,0,0,0,0,17,2,8,647,STATE ST,41.732105,-87.53591,08/28/2017 06:55:00 PM,2017
CR00003987,04/30/2019 12:21:00 PM,35,RAIN,DAYLIGHT,REAR END,DIVIDED - W/MEDIAN (NOT RAISED),NO CONTROLS,FAILING TO YIELD RIGHT-OF-WAY,DRIVING SKILLS/KNOWLEDGE/EXPERIENCE,0,0,0,0,12,3,4,1076,HALSTED ST,41.897428,-87.592553,04/30/2019 01:08:00 PM,2019
CR00003988,01/24/2015 10:11:00 PM,30,SNOW,DAYLIGHT,ANGLE,NOT DIVIDED,NO CONTROLS,UNABLE TO DETERMINE,UNABLE TO DETERMINE,0,0,0,0,22,7,1,1238,DIVISION ST,41.965091,-87.59919,01/24/2015 10:22:00 PM,2015
CR00003989,10/26/2020 03:02:00 AM,30,CLEAR,DAYLIGHT,TURNING,DIVIDED - W/MEDIAN BARRIER,TRAFFIC SIGNAL,FOLLOWING TOO CLOSELY,FOLLOWING TOO CLOSELY,0,0,0,0,3,2,10,987,HALSTED ST,41.992638,-87.761095,10/26/2020 04:30:00 AM,2020
CR00003990,04/14/2021 08:14:00 AM,35,RAIN,DUSK,SIDESWIPE SAME DIRECTION,FOUR WAY,TRAFFIC SIGNAL,FOLLOWING TOO CLOSELY,FAILING TO YIELD RIGHT-OF-WAY,0,0,3,3,8,4,4,2506,OGDEN AVE,41.937605,-87.627897,04/14/2021 09:08:00 AM,2021
CR00003991,03/11/2022 12:33:00 AM,30,CLEAR,DARKNESS - LIGHTED ROAD,TURNING,DIVIDED - W/MEDIAN (NOT RAISED),TRAFFIC SIGNAL,FOLLOWING TOO CLOSELY,DISREGARDING TRAFFIC SIGNALS,0,0,0,0,0,6,3,1471,DAMEN AVE,41.880127,-87.565456,03/11/2022 01:37:00 AM,2022
CR00003992,08/03/2016 03:06:00 PM,40,CLEAR,DAYLIGHT,ANGLE,ONE-WAY,STOP SIGN/FLASHER,DISREGARDING TRAFFIC SIGNALS,UNABLE TO DETERMINE,0,0,1,1,15,4,8,351,BROADWAY,41.97443,-87.712669,08/03/2016 04:25:00 PM,2016
CR00003993,06/24/2019 10:01:00 PM,35,CLEAR,DAYLIGHT,SIDESWIPE SAME DIRECTION,DIVIDED - W/MEDIAN (NOT RAISED),UNKNOWN,FOLLOWING TOO CLOSELY,DRIVING SKILLS/KNOWLEDGE/EXPERIENCE,0,0,0,0,22,2,6,2278,FULLERTON AVE,41.840211,-87.780547,06/24/2019 10:08:00 PM,2019
CR00003994,08/14/2021 04:31:00 PM,30,CLEAR,DAYLIGHT,PEDESTRIAN,ONE-WAY,STOP SIGN/FLASHER,FOLLOWING TOO CLOSELY,NOT APPLICABLE,0,0,0,0,16,7,8,672,63RD ST,41.780277,-87.584299,08/14/2021 05:21:00 PM,2021
CR00003995,06/25/2015 04:11:00 PM,15,RAIN,DARKNESS - LIGHTED ROAD,REAR END,DIVIDED - W/MEDIAN BARRIER,NO CONTROLS,UNABLE TO DETERMINE,UNABLE TO DETERMINE,0,0,0,0,16,5,6,255,STONY ISLAND AVE,41.875773,-87.610083,06/25/2015 05:57:00 PM,2015
CR00003996,06/07/2023 04:21:00 AM,30,CLEAR,DAYLIGHT,TURNING,ONE-WAY,NO CONTROLS,UNABLE TO DETERMINE,FOLLOWING TOO CLOSELY,0,0,0,0,4,4,6,1290,ASHLAND AVE,41.996317,-87.6241,06/07/2023 05:26:00 AM,2023
CR00003997,01/07/2023 12:42:00 PM,40,CLEAR,DARKNESS - LIGHTED ROAD,ANGLE,DIVIDED - W/MEDIAN (NOT RAISED),NO CONTROLS,IMPROPER LANE USAGE,UNABLE TO DETERMINE,0,0,0,0,12,7,1,289,KEDZIE AVE,41.998873,-87.679006,01/07/2023 12:43:00 PM,2023
CR00003998,12/21/2016 07:46:00 AM,35,CLEAR,DUSK,SIDESWIPE SAME DIRECTION,NOT DIVIDED,NO CONTROLS,FAILING TO YIELD RIGHT-OF-WAY,IMPROPER OVERTAKING/PASSING,0,0,0,0,7,4,12,1150,ELSTON AVE,41.842743,-87.749571,12/21/2016 09:38:00 AM,2016
CR00003999,06/22/2018 01:17:00 PM,30,CLEAR,DAYLIGHT,TURNING,DIVIDED - W/MEDIAN BARRIER,TRAFFIC SIGNAL,IMPROPER OVERTAKING/PASSING,FOLLOWING TOO CLOSELY,0,0,1,1,13,6,6,325,ROOSEVELT RD,41.742098,-87.505467,06/22/2018 02:27:00 PM,2018
CR00004000,12/27/2018 04:21:00 PM,30,FOG/SMOKE/HAZE,DAYLIGHT,PARKED MOTOR VEHICLE,FOUR WAY,TRAFFIC SIGNAL,DRIVING SKILLS/KNOWLEDGE/EXPERIENCE,UNABLE TO DETERMINE,0,0,0,0,16,5,12,667,STATE ST,41.723147,-87.70201,12/27/2018 05:57:00 PM,2018
CR00004001,04/23/2017 05:58:00 AM,30,CLEAR,DARKNESS - LIGHTED ROAD,PARKED MOTOR VEHICLE,ONE-WAY,NO CONTROLS,DISREGARDING TRAFFIC SIGNALS,IMPROPER LANE USAGE,0,0,0,0,5,1,4,789,47TH ST,41.899591,-87.822025,04/23/2017 06:44:00 AM,2017
CR00004002,04/23/2017 01:30:00 AM,30,CLEAR,DAYLIGHT,FIXED OBJECT,DIVIDED - W/MEDIAN (NOT RAISED),TRAFFIC SIGNAL,UNABLE TO DETERMINE,IMPROPER OVERTAKING/PASSING,0,0,0,0,1,1,4,2140,DIVISION ST,41.78017,-87.805338,04/23/2017 03:10:00 AM,2017
CR00004003,11/21/2022 06:46:00 PM,30,CLOUDY/OVERCAST,DARKNESS - LIGHTED ROAD,SIDESWIPE SAME DIRECTION,FOUR WAY,STOP SIGN/FLASHER,IMPROPER OVERTAKING/PASSING,UNABLE TO DETERMINE,0,0,1,1,18,2,11,522,MICHIGAN AVE,41.776097,-87.600493,11/21/2022 07:30:00 PM,2022
CR00004004,06/01/2024 07:23:00 AM,15,CLEAR,DAYLIGHT,REAR END,DIVIDED - W/MEDIAN (NOT RAISED),NO CONTROLS,FOLLOWING TOO CLOSELY,IMPROPER LANE USAGE,0,0,3,3,7,7,6,1858,MICHIGAN AVE,41.950147,-87.776188,06/01/2024 08:50:00 AM,2024
CR00004005,05/31/2021 10:27:00 AM,15,RAIN,DAYLIGHT,REAR END,DIVIDED - W/MEDIAN (NOT RAISED),STOP SIGN/FLASHER,FAILING TO REDUCE SPEED,FAILING TO YIELD RIGHT-OF-WAY,0,0,0,0,10,2,5,2162,47TH ST,41.811355,-87.775196,05/31/2021 10:40:00 AM,2021
CR00004006,05/04/2020 07:24:00 AM,15,CLEAR,DARKNESS - LIGHTED ROAD,PARKED MOTOR VEHICLE,NOT DIVIDED,STOP SIGN/FLASHER,UNABLE TO DETERMINE,FAILING TO YIELD RIGHT-OF-WAY,0,0,0,0,7,2,5,1352,STONY ISLAND AVE,41.756234,-87.568993,05/04/2020 08:09:00 AM,2020
CR00004007,03/28/2016 07:00:00 PM,40,RAIN,DAYLIGHT,ANGLE,NOT DIVIDED,TRAFFIC SIGNAL,FAILING TO YIELD RIGHT-OF-WAY,NOT APPLICABLE,0,0,0,0,19,2,3,1359,FULLERTON AVE,41.864938,-87.696398,03/28/2016 07:21:00 PM,2016
CR00004008,07/14/2020 02:24:00 AM,15,CLOUDY/OVERCAST,DUSK,FIXED OBJECT,FOUR WAY,NO CONTROLS,IMPROPER LANE USAGE,NOT APPLICABLE,0,0,0,0,2,3,7,1757,63RD ST,41.947298,-87.647416,07/14/2020 03:44:00 AM,2020
CR00004009,01/26/2022 10:17:00 PM,35,CLEAR,DAYLIGHT,PARKED MOTOR VEHICLE,DIVIDED - W/MEDIAN (NOT RAISED),NO CONTROLS,UNABLE TO DETERMINE,UNABLE TO DETERMINE,0,0,0,0,22,4,1,416,ASHLAND AVE,41.898627,-87.601072,01/26/2022 11:02:00 PM,2022
CR00004010,11/24/2024 03:30:00 PM,25,CLEAR,DAYLIGHT,REAR END,DIVIDED - W/MEDIAN (NOT RAISED),NO CONTROLS,UNABLE TO DETERMINE,DISREGARDING TRAFFIC SIGNALS,0,0,0,0,15,1,11,783,PULASKI RD,41.713246,-87.848557,11/24/2024 04:39:00 PM,2024
CR00004011,01/28/2021 04:15:00 PM,40,RAIN,DARKNESS - LIGHTED ROAD,REAR END,NOT DIVIDED,TRAFFIC SIGNAL,FAILING TO YIELD RIGHT-OF-WAY,UNABLE TO DETERMINE,0,0,0,0,16,5,1,1930,ASHLAND AVE,41.807808,-87.504939,01/28/2021 04:22:00 PM,2021
CR00004012,05/16/2024 12:55:00 AM,35,CLEAR,DARKNESS - LIGHTED ROAD,PARKED MOTOR VEHICLE,DIVIDED - W/MEDIAN BARRIER,NO CONTROLS,WEATHER,UNABLE TO DETERMINE,0,0,0,0,0,5,5,2095,KEDZIE AVE,41.841049,-87.662211,05/16/2024 01:29:00 AM,2024
CR00004013,05/14/2021 02:50:00 AM,40,RAIN,DUSK,ANGLE,DIVIDED - W/MEDIAN (NOT RAISED),TRAFFIC SIGNAL,FAILING TO REDUCE SPEED,FAILING TO YIELD RIGHT-OF-WAY,0,0,0,0,2,6,5,258,STONY ISLAND AVE,41.797259,-87.592323,05/14/2021 03:56:00 AM,2021
CR00004014,03/19/2020 08:07:00 AM,25,CLOUDY/OVERCAST,DAYLIGHT,TURNING,NOT DIVIDED,TRAFFIC SIGNAL,UNABLE TO DETERMINE,UNABLE TO DETERMINE,0,0,0,0,8,5,3,1996,PULASKI RD,41.771587,-87.50443,03/19/2020 08:14:00 AM,2020
CR00004015,09/30/2022 06:43:00 PM,35,RAIN,DAYLIGHT,REAR TO FRONT,T-INTERSECTION,STOP SIGN/FLASHER,DISREGARDING TRAFFIC SIGNALS,FOLLOWING TOO CLOSELY,0,0,0,0,18,6,9,1866,CLARK ST,41.953294,-87.753615,09/30/2022 06:55:00 PM,2022
CR00004016,04/12/2019 04:26:00 PM,30,CLEAR,DARKNESS - LIGHTED ROAD,REAR END,NOT DIVIDED,NO CONTROLS,FAILING TO REDUCE SPEED,DRIVING SKILLS/KNOWLEDGE/EXPERIENCE,0,0,0,0,16,6,4,1349,WESTERN AVE,41.818965,-87.627583,04/12/2019 05:51:00 PM,2019
CR00004017,03/13/2015 12:59:00 AM,30,CLEAR,DARKNESS - LIGHTED ROAD,SIDESWIPE SAME DIRECTION,ONE-WAY,UNKNOWN,UNABLE TO DETERMINE,UNABLE TO DETERMINE,0,0,1,1,0,6,3,2044,MICHIGAN AVE,41.928013,-87.512867,03/13/2015 01:33:00 AM,2015
CR00004018,09/10/2020 09:11:00 PM,40,CLOUDY/OVERCAST,DAYLIGHT,SIDESWIPE SAME DIRECTION,ONE-WAY,TRAFFIC SIGNAL,WEATHER,WEATHER,0,0,0,0,21,5,9,773,79TH ST,41.754133,-87.736208,09/10/2020 10:44:00 PM,2020
CR00004019,03/11/2023 07:55:00 AM,35,CLEAR,DAYLIGHT,ANGLE,DIVIDED - W/MEDIAN (NOT RAISED),TRAFFIC SIGNAL,UNABLE TO DETERMINE,UNABLE TO DETERMINE,0,0,1,1,7,7,3,306,PULASKI RD,41.802694,-87.808487,03/11/2023 08:59:00 AM,2023
CR00004020,03/19/2015 11:38:00 AM,25,SNOW,DUSK,SIDESWIPE SAME DIRECTION,ONE-WAY,STOP SIGN/FLASHER,DISREGARDING TRAFFIC SIGNALS,FOLLOWING TOO CLOSELY,0,0,0,0,11,5,3,981,79TH ST,41.996143,-87.664615,03/19/2015 12:27:00 PM,2015
CR00004021,04/24/2017 10:32:00 AM,45,SNOW,DARKNESS,TURNING,NOT DIVIDED,NO CONTROLS,FOLLOWING TOO CLOSELY,FAILING TO REDUCE SPEED,0,0,0,0,10,2,4,1523,79TH ST,41.725573,-87.830368,04/24/2017 11:23:00 AM,2017
CR00004022,12/08/2018 06:33:00 PM,30,CLEAR,DAYLIGHT,REAR END,DIVIDED - W/MEDIAN BARRIER,NO CONTROLS,UNABLE TO DETERMINE,DRIVING SKILLS/KNOWLEDGE/EXPERIENCE,0,0,0,0,18,7,12,1014,ROOSEVELT RD,41.705659,-87.681679,12/08/2018 07:37:00 PM,2018
CR00004023,02/15/2023 04:08:00 PM,30,CLEAR,DAYLIGHT,FIXED OBJECT,NOT DIVIDED,STOP SIGN/FLASHER,DRIVING SKILLS/KNOWLEDGE/EXPERIENCE,UNABLE TO DETERMINE,0,0,3,3,16,4,2,1101,OGDEN AVE,41.784261,-87.760358,02/15/2023 05:17:00 PM,2023
CR00004024,02/11/2019 06:57:00 PM,25,RAIN,DAYLIGHT,REAR END,DIVIDED - W/MEDIAN (NOT RAISED),UNKNOWN,FOLLOWING TOO CLOSELY,FOLLOWING TOO CLOSELY,0,0,0,0,18,2,2,1957,PULASKI RD,41.955784,-87.657794,02/11/2019 07:37:00 PM,2019
CR00004025,09/27/2015 03:55:00 PM,20,CLEAR,DAYLIGHT,TURNING,NOT DIVIDED,TRAFFIC SIGNAL,UNABLE TO DETERMINE,FAILING TO YIELD RIGHT-OF-WAY,0,0,1,1,15,1,9,1306,ROOSEVELT RD,41.952291,-87.679496,09/27/2015 04:00:00 PM,2015
CR00004026,04/07/2024 04:31:00 PM,15,CLEAR,DAYLIGHT,TURNING,NOT DIVIDED,STOP SIGN/FLASHER,DISTRACTION - FROM INSIDE VEHICLE,IMPROPER OVERTAKING/PASSING,0,0,0,0,16,1,4,2016,MILWAUKEE AVE,41.841894,-87.768466,04/07/2024 05:52:00 PM,2024
CR00004027,09/10/2019 08:59:00 PM,35,CLOUDY/OVERCAST,DAYLIGHT,SIDESWIPE SAME DIRECTION,NOT DIVIDED,TRAFFIC SIGNAL,FAILING TO YIELD RIGHT-OF-WAY,IMPROPER LANE USAGE,0,0,0,0,20,3,9,1690,WESTERN AVE,41.881642,-87.635048,09/10/2019 09:00:00 PM,2019
CR00004028,11/06/2021 12:24:00 PM,40,CLEAR,DARKNESS - LIGHTED ROAD,ANGLE,NOT DIVIDED,NO CONTROLS,FAILING TO REDUCE SPEED,UNABLE TO DETERMINE,0,0,0,0,12,7,11,2069,MILWAUKEE AVE,41.952236,-87.82027,11/06/2021 01:59:00 PM,2021
CR00004029,08/20/2020 02:19:00 PM,35,CLEAR,DAYLIGHT,REAR END,DIVIDED - W/MEDIAN BARRIER,TRAFFIC SIGNAL,UNABLE TO DETERMINE,UNABLE TO DETERMINE,0,0,0,0,14,5,8,1172,FULLERTON AVE,41.868627,-87.766892,08/20/2020 03:34:00 PM,2020
CR00004030,09/12/2024 07:32:00 AM,35,CLEAR,DARKNESS - LIGHTED ROAD,ANGLE,DIVIDED - W/MEDIAN (NOT RAISED),STOP SIGN/FLASHER,FAILING TO YIELD RIGHT-OF-WAY,DRIVING SKILLS/KNOWLEDGE/EXPERIENCE,0,0,0,0,7,5,9,1869,KEDZIE AVE,41.822419,-87.647397,09/12/2024 08:39:00 AM,2024
CR00004031,10/22/2017 11:42:00 AM,25,CLEAR,DAYLIGHT,TURNING,T-INTERSECTION,STOP SIGN/FLASHER,WEATHER,IMPROPER LANE USAGE,0,0,0,0,11,1,10,727,MILWAUKEE AVE,41.877438,-87.716284,10/22/2017 12:18:00 PM,2017
CR00004032,09/05/2023 11:33:00 AM,30,CLEAR,DAYLIGHT,FIXED OBJECT,DIVIDED - W/MEDIAN BARRIER,UNKNOWN,DRIVING SKILLS/KNOWLEDGE/EXPERIENCE,WEATHER,0,0,0,0,11,3,9,1984,ARCHER AVE,41.716341,-87.780647,09/05/2023 01:20:00 PM,2023
CR00004033,07/20/2019 05:15:00 PM,15,CLEAR,DARKNESS - LIGHTED ROAD,TURNING,NOT DIVIDED,NO CONTROLS,DRIVING SKILLS/KNOWLEDGE/EXPERIENCE,NOT APPLICABLE,0,0,0,0,17,7,7,2337,MICHIGAN AVE,41.786954,-87.816096,07/20/2019 07:05:00 PM,2019
CR00004034,12/16/2015 05:53:00 PM,35,CLEAR,DARKNESS - LIGHTED ROAD,REAR END,NOT DIVIDED,NO CONTROLS,IMPROPER OVERTAKING/PASSING,IMPROPER LANE USAGE,0,0,0,0,17,4,12,869,HALSTED ST,41.755927,-87.596337,12/16/2015 06:14:00 PM,2015
CR00004035,08/17/2020 05:35:00 AM,35,SNOW,DAYLIGHT,REAR END,NOT DIVIDED,NO CONTROLS,FOLLOWING TOO CLOSELY,UNABLE TO DETERMINE,0,0,0,0,5,2,8,814,PULASKI RD,41.898644,-87.819891,08/17/2020 06:38:00 AM,2020
CR00004036,07/05/2020 08:27:00 AM,20,CLEAR,DARKNESS - LIGHTED ROAD,PARKED MOTOR VEHICLE,NOT DIVIDED,TRAFFIC SIGNAL,FOLLOWING TOO CLOSELY,DISTRACTION - FROM INSIDE VEHICLE,0,0,0,0,8,1,7,2264,WESTERN AVE,41.793271,-87.690749,07/05/2020 09:01:00 AM,2020
CR00004037,03/15/2015 08:03:00 PM,30,CLEAR,DARKNESS,PARKED MOTOR VEHICLE,NOT DIVIDED,UNKNOWN,UNABLE TO DETERMINE,FOLLOWING TOO CLOSELY,0,0,0,0,20,1,3,2342,FULLERTON AVE,41.704609,-87.560843,03/15/2015 08:33:00 PM,2015
CR00004038,03/17/2015 09:58:00 AM,45,CLEAR,DAYLIGHT,TURNING,FOUR WAY,STOP SIGN/FLASHER,DRIVING SKILLS/KNOWLEDGE/EXPERIENCE,NOT APPLICABLE,0,0,0,0,9,3,3,419,FULLERTON AVE,41.728096,-87.562665,03/17/2015 10:30:00 AM,2015