CRASH_RECORD_ID,CRASH_DATE,POSTED_SPEED_LIMIT,WEATHER_CONDITION,LIGHTING_CONDITION,FIRST_CRASH_TYPE,TRAFFICWAY_TYPE,TRAFFIC_CONTROL_DEVICE,PRIM_CONTRIBUTORY_CAUSE,SEC_CONTRIBUTORY_CAUSE,INJURIES_FATAL,INJURIES_INCAPACITATING,INJURIES_NON_INCAPACITATING,INJURIES_TOTAL,CRASH_HOUR,CRASH_DAY_OF_WEEK,CRASH_MONTH,BEAT_OF_OCCURRENCE,STREET_NAME,LATITUDE,LONGITUDE,DATE_POLICE_NOTIFIED,year
CR00004039,09/06/2016 02:49:00 PM,35,CLOUDY/OVERCAST,DAYLIGHT,SIDESWIPE SAME DIRECTION,DIVIDED - W/MEDIAN (NOT RAISED),TRAFFIC SIGNAL,UNABLE TO DETERMINE,DRIVING SKILLS/KNOWLEDGE/EXPERIENCE,0,0,0,0,14,3,9,1370,DAMEN AVE,41.744177,-87.748994,09/06/2016 04:12:00 PM,2016
CR00004040,04/16/2021 04:56:00 PM,30,CLEAR,DAYLIGHT,TURNING,FOUR WAY,YIELD,IMPROPER OVERTAKING/PASSING,FOLLOWING TOO CLOSELY,0,0,0,0,16,6,4,2096,PULASKI RD,41.971151,-87.627657,04/16/2021 06:32:00 PM,2021
CR00004041,01/22/2022 04:06:00 PM,45,CLEAR,DARKNESS,FIXED OBJECT,FOUR WAY,YIELD,UNABLE TO DETERMINE,NOT APPLICABLE,0,0,0,0,16,7,1,2192,MICHIGAN AVE,41.838416,-87.501585,01/22/2022 04:22:00 PM,2022
CR00004042,07/01/2017 03:56:00 PM,45,CLEAR,DARKNESS - LIGHTED ROAD,PARKED MOTOR VEHICLE,T-INTERSECTION,STOP SIGN/FLASHER,FAILING TO YIELD RIGHT-OF-WAY,DRIVING SKILLS/KNOWLEDGE/EXPERIENCE,0,0,0,0,15,7,7,388,HALSTED ST,41.923763,-87.72836,07/01/2017 04:12:00 PM,2017
CR00004043,03/25/2019 01:26:00 PM,45,RAIN,DAYLIGHT,PEDESTRIAN,DIVIDED - W/MEDIAN BARRIER,TRAFFIC SIGNAL,IMPROPER OVERTAKING/PASSING,FAILING TO REDUCE SPEED,0,0,0,0,13,2,3,209,63RD ST,41.874081,-87.715238,03/25/2019 03:15:00 PM,2019
CR00004044,05/27/2024 03:51:00 PM,30,CLEAR,DUSK,TURNING,DIVIDED - W/MEDIAN (NOT RAISED),STOP SIGN/FLASHER,IMPROPER OVERTAKING/PASSING,IMPROPER OVERTAKING/PASSING,0,0,0,0,15,2,5,1409,DIVISION ST,41.908809,-87.71811,05/27/2024 04:50:00 PM,2024
CR00004045,03/15/2020 03:27:00 PM,40,CLEAR,DAYLIGHT,TURNING,DIVIDED - W/MEDIAN (NOT RAISED),NO CONTROLS,DISREGARDING TRAFFIC SIGNALS,NOT APPLICABLE,0,0,0,0,15,1,3,1785,OGDEN AVE,41.90756,-87.572698,03/15/2020 04:48:00 PM,2020
CR00004046,06/29/2016 08:41:00 AM,30,RAIN,DAYLIGHT,SIDESWIPE SAME DIRECTION,DIVIDED - W/MEDIAN (NOT RAISED),PEDESTRIAN CROSSING SIGN,FOLLOWING TOO CLOSELY,FAILING TO REDUCE SPEED,0,0,0,0,8,4,6,482,63RD ST,41.934103,-87.767749,06/29/2016 10:37:00 AM,2016
CR00004047,01/23/2023 08:27:00 AM,15,CLEAR,DAYLIGHT,PARKED MOTOR VEHICLE,ONE-WAY,TRAFFIC SIGNAL,FOLLOWING TOO CLOSELY,NOT APPLICABLE,0,0,0,0,8,2,1,1749,WESTERN AVE,41.850033,-87.564427,01/23/2023 09:25:00 AM,2023
CR00004048,05/05/2023 07:48:00 PM,30,CLEAR,DAYLIGHT,SIDESWIPE SAME DIRECTION,NOT DIVIDED,NO CONTROLS,DISTRACTION - FROM INSIDE VEHICLE,FOLLOWING TOO CLOSELY,0,0,0,0,19,6,5,2205,CALIFORNIA AVE,41.724407,-87.689032,05/05/2023 09:41:00 PM,2023
CR00004049,08/19/2022 04:37:00 PM,25,CLOUDY/OVERCAST,DAWN,FIXED OBJECT,NOT DIVIDED,STOP SIGN/FLASHER,DISTRACTION - FROM INSIDE VEHICLE,NOT APPLICABLE,0,0,0,0,16,6,8,1519,MILWAUKEE AVE,41.888584,-87.666149,08/19/2022 04:39:00 PM,2022
CR00004050,09/19/2023 07:55:00 PM,15,CLEAR,DARKNESS - LIGHTED ROAD,PEDESTRIAN,ONE-WAY,UNKNOWN,UNABLE TO DETERMINE,NOT APPLICABLE,0,0,1,1,19,3,9,141,DAMEN AVE,41.85362,-87.661882,09/19/2023 08:59:00 PM,2023
CR00004051,06/05/2016 08:43:00 AM,30,CLEAR,DARKNESS - LIGHTED ROAD,REAR END,ONE-WAY,TRAFFIC SIGNAL,FOLLOWING TOO CLOSELY,NOT APPLICABLE,0,0,0,0,8,1,6,1960,WESTERN AVE,41.724932,-87.59069,06/05/2016 09:12:00 AM,2016
CR00004052,02/26/2022 04:56:00 PM,35,FOG/SMOKE/HAZE,DAWN,REAR END,NOT DIVIDED,STOP SIGN/FLASHER,DRIVING SKILLS/KNOWLEDGE/EXPERIENCE,DISTRACTION - FROM INSIDE VEHICLE,0,0,0,0,16,7,2,1395,FULLERTON AVE,41.922769,-87.679203,02/26/2022 05:11:00 PM,2022
CR00004053,03/25/2019 09:16:00 AM,15,RAIN,DAYLIGHT,REAR END,DIVIDED - W/MEDIAN (NOT RAISED),NO CONTROLS,DISTRACTION - FROM INSIDE VEHICLE,FAILING TO REDUCE SPEED,0,0,0,0,9,2,3,1704,CALIFORNIA AVE,41.812098,-87.574355,03/25/2019 10:49:00 AM,2019
CR00004054,01/01/2017 09:00:00 AM,15,CLEAR,DARKNESS,SIDESWIPE SAME DIRECTION,NOT DIVIDED,NO CONTROLS,FAILING TO YIELD RIGHT-OF-WAY,NOT APPLICABLE,0,0,0,0,9,1,1,1730,DAMEN AVE,41.813831,-87.654125,01/01/2017 10:04:00 AM,2017
CR00004055,01/13/2020 03:04:00 AM,35,CLEAR,DAYLIGHT,SIDESWIPE SAME DIRECTION,DIVIDED - W/MEDIAN (NOT RAISED),UNKNOWN,IMPROPER LANE USAGE,IMPROPER LANE USAGE,0,0,0,0,3,2,1,750,47TH ST,41.885909,-87.671216,01/13/2020 03:20:00 AM,2020
CR00004056,12/26/2024 02:30:00 AM,25,CLEAR,DAYLIGHT,REAR END,ONE-WAY,STOP SIGN/FLASHER,DISTRACTION - FROM INSIDE VEHICLE,FAILING TO YIELD RIGHT-OF-WAY,0,0,3,3,2,5,12,232,MILWAUKEE AVE,41.980121,-87.50794,12/26/2024 02:50:00 AM,2024
CR00004057,05/24/2015 08:58:00 AM,35,CLEAR,DAYLIGHT,REAR END,ONE-WAY,UNKNOWN,FOLLOWING TOO CLOSELY,NOT APPLICABLE,0,0,0,0,8,1,5,460,STATE ST,41.732696,-87.526783,05/24/2015 09:10:00 AM,2015
CR00004058,07/28/2019 11:22:00 PM,30,CLEAR,DAYLIGHT,TURNING,FOUR WAY,NO CONTROLS,FAILING TO YIELD RIGHT-OF-WAY,NOT APPLICABLE,0,0,0,0,23,1,7,1335,ROOSEVELT RD,41.798299,-87.567701,07/28/2019 11:46:00 PM,2019
CR00004059,12/13/2021 05:22:00 AM,35,CLEAR,DAYLIGHT,ANGLE,DIVIDED - W/MEDIAN (NOT RAISED),UNKNOWN,FOLLOWING TOO CLOSELY,DRIVING SKILLS/KNOWLEDGE/EXPERIENCE,0,0,0,0,5,2,12,1736,MILWAUKEE AVE,41.821852,-87.841773,12/13/2021 05:48:00 AM,2021
CR00004060,03/20/2015 03:28:00 AM,30,CLEAR,DAYLIGHT,SIDESWIPE SAME DIRECTION,DIVIDED - W/MEDIAN (NOT RAISED),NO CONTROLS,FAILING TO YIELD RIGHT-OF-WAY,DISTRACTION - FROM INSIDE VEHICLE,0,1,0,1,3,6,3,1882,DIVISION ST,41.71929,-87.65167,03/20/2015 04:21:00 AM,2015
CR00004061,10/16/2019 09:40:00 PM,30,CLEAR,DAYLIGHT,SIDESWIPE SAME DIRECTION,DIVIDED - W/MEDIAN (NOT RAISED),NO CONTROLS,FOLLOWING TOO CLOSELY,NOT APPLICABLE,0,0,0,0,21,4,10,1228,ELSTON AVE,41.843965,-87.672454,10/16/2019 09:53:00 PM,2019
CR00004062,11/10/2019 10:49:00 AM,15,RAIN,DAYLIGHT,FIXED OBJECT,NOT DIVIDED,NO CONTROLS,FAILING TO YIELD RIGHT-OF-WAY,DISREGARDING TRAFFIC SIGNALS,0,0,0,0,10,1,11,410,OGDEN AVE,41.905523,-87.739278,11/10/2019 11:34:00 AM,2019
CR00004063,02/09/2018 02:56:00 AM,30,RAIN,DUSK,TURNING,DIVIDED - W/MEDIAN (NOT RAISED),NO CONTROLS,WEATHER,NOT APPLICABLE,0,0,0,0,2,6,2,937,HALSTED ST,41.762599,-87.796304,02/09/2018 04:28:00 AM,2018
CR00004064,02/10/2020 05:03:00 AM,25,CLEAR,DAWN,REAR TO FRONT,NOT DIVIDED,YIELD,FOLLOWING TOO CLOSELY,DRIVING SKILLS/KNOWLEDGE/EXPERIENCE,0,0,0,0,5,2,2,1186,IRVING PARK RD,41.88547,-87.646003,02/10/2020 06:54:00 AM,2020
CR00004065,04/17/2020 06:01:00 PM,15,CLEAR,DAYLIGHT,PARKED MOTOR VEHICLE,NOT DIVIDED,TRAFFIC SIGNAL,UNABLE TO DETERMINE,FOLLOWING TOO CLOSELY,0,0,0,0,18,6,4,2420,63RD ST,41.868275,-87.648449,04/17/2020 06:22:00 PM,2020
CR00004066,03/28/2023 07:42:00 AM,45,CLEAR,DAYLIGHT,ANGLE,DIVIDED - W/MEDIAN (NOT RAISED),TRAFFIC SIGNAL,IMPROPER OVERTAKING/PASSING,DISREGARDING TRAFFIC SIGNALS,0,0,0,0,7,3,3,590,ASHLAND AVE,41.985094,-87.713138,03/28/2023 08:23:00 AM,2023
CR00004067,10/15/2022 05:10:00 PM,40,FREEZING RAIN/DRIZZLE,DUSK,REAR TO FRONT,NOT DIVIDED,NO CONTROLS,UNABLE TO DETERMINE,FAILING TO YIELD RIGHT-OF-WAY,0,0,0,0,17,7,10,809,MICHIGAN AVE,41.993582,-87.589858,10/15/2022 05:28:00 PM,2022
CR00004068,07/03/2023 04:07:00 PM,25,CLEAR,DAYLIGHT,REAR END,DIVIDED - W/MEDIAN (NOT RAISED),TRAFFIC SIGNAL,IMPROPER LANE USAGE,UNABLE TO DETERMINE,0,0,0,0,16,2,7,2121,CALIFORNIA AVE,41.973427,-87.502517,07/03/2023 05:27:00 PM,2023
CR00004069,06/27/2019 07:43:00 AM,20,CLEAR,DARKNESS - LIGHTED ROAD,REAR END,FOUR WAY,NO CONTROLS,FOLLOWING TOO CLOSELY,UNABLE TO DETERMINE,0,0,0,0,7,5,6,1436,FULLERTON AVE,41.831014,-87.677991,06/27/2019 09:27:00 AM,2019
CR00004070,05/18/2016 09:46:00 AM,30,CLEAR,DAYLIGHT,PEDESTRIAN,T-INTERSECTION,TRAFFIC SIGNAL,IMPROPER OVERTAKING/PASSING,DISREGARDING TRAFFIC SIGNALS,0,0,0,0,9,4,5,662,47TH ST,41.761878,-87.532987,05/18/2016 10:18:00 AM,2016
CR00004071,06/28/2018 12:44:00 PM,35,CLEAR,DUSK,TURNING,ONE-WAY,NO CONTROLS,DRIVING SKILLS/KNOWLEDGE/EXPERIENCE,DISTRACTION - FROM INSIDE VEHICLE,0,0,3,3,12,5,6,2304,STONY ISLAND AVE,41.776106,-87.756739,06/28/2018 01:42:00 PM,2018
CR00004072,11/14/2015 04:41:00 PM,20,CLEAR,DAYLIGHT,TURNING,NOT DIVIDED,STOP SIGN/FLASHER,IMPROPER OVERTAKING/PASSING,UNABLE TO DETERMINE,0,0,0,0,16,7,11,968,OGDEN AVE,41.78563,-87.65841,11/14/2015 06:26:00 PM,2015
CR00004073,11/02/2019 05:18:00 PM,35,CLEAR,DAYLIGHT,PEDESTRIAN,NOT DIVIDED,NO CONTROLS,UNABLE TO DETERMINE,UNABLE TO DETERMINE,0,0,0,0,17,7,11,1133,STONY ISLAND AVE,41.908926,-87.500487,11/02/2019 06:43:00 PM,2019
CR00004074,08/07/2024 02:12:00 PM,40,CLOUDY/OVERCAST,DAYLIGHT,REAR END,DIVIDED - W/MEDIAN (NOT RAISED),NO CONTROLS,UNABLE TO DETERMINE,FOLLOWING TOO CLOSELY,0,0,0,0,14,4,8,1502,HALSTED ST,41.961214,-87.596236,08/07/2024 03:03:00 PM,2024
CR00004075,11/05/2020 08:31:00 PM,20,CLEAR,DAYLIGHT,SIDESWIPE SAME DIRECTION,NOT DIVIDED,NO CONTROLS,FOLLOWING TOO CLOSELY,UNABLE TO DETERMINE,0,0,3,3,20,5,11,114,ARCHER AVE,41.702228,-87.759643,11/05/2020 09:08:00 PM,2020
CR00004076,02/20/2020 04:19:00 PM,30,CLEAR,DAYLIGHT,PARKED MOTOR VEHICLE,NOT DIVIDED,STOP SIGN/FLASHER,UNABLE TO DETERMINE,FOLLOWING TOO CLOSELY,0,0,0,0,16,5,2,1324,STATE ST,41.710089,-87.608011,02/20/2020 04:43:00 PM,2020
CR00004077,06/07/2022 04:48:00 PM,30,CLEAR,DAYLIGHT,REAR TO FRONT,ONE-WAY,STOP SIGN/FLASHER,FAILING TO REDUCE SPEED,IMPROPER LANE USAGE,0,0,0,0,16,3,6,1941,LAKE SHORE DR,41.918061,-87.808455,06/07/2022 06:04:00 PM,2022
CR00004078,07/27/2018 09:16:00 PM,30,SNOW,DAYLIGHT,REAR END,DIVIDED - W/MEDIAN (NOT RAISED),TRAFFIC SIGNAL,UNABLE TO DETERMINE,FAILING TO YIELD RIGHT-OF-WAY,0,0,0,0,21,6,7,102,ASHLAND AVE,41.9151,-87.575536,07/27/2018 10:52:00 PM,2018
CR00004079,12/01/2022 01:11:00 PM,35,CLEAR,DAYLIGHT,PARKED MOTOR VEHICLE,NOT DIVIDED,STOP SIGN/FLASHER,IMPROPER OVERTAKING/PASSING,UNABLE TO DETERMINE,0,0,0,0,13,5,12,1254,OGDEN AVE,41.790226,-87.619218,12/01/2022 02:09:00 PM,2022
CR00004080,10/22/2017 04:08:00 PM,30,CLEAR,DAYLIGHT,REAR TO FRONT,DIVIDED - W/MEDIAN (NOT RAISED),STOP SIGN/FLASHER,UNABLE TO DETERMINE,DISREGARDING TRAFFIC SIGNALS,0,0,0,0,16,1,10,310,ELSTON AVE,41.804548,-87.526023,10/22/2017 06:00:00 PM,2017
CR00004081,08/04/2024 03:32:00 AM,15,RAIN,DARKNESS - LIGHTED ROAD,ANGLE,NOT DIVIDED,NO CONTROLS,UNABLE TO DETERMINE,IMPROPER LANE USAGE,0,0,0,0,3,1,8,629,ARCHER AVE,41.91737,-87.625521,08/04/2024 05:22:00 AM,2024
CR00004082,12/25/2016 05:07:00 PM,25,CLEAR,DARKNESS - LIGHTED ROAD,TURNING,DIVIDED - W/MEDIAN BARRIER,NO CONTROLS,IMPROPER OVERTAKING/PASSING,IMPROPER LANE USAGE,0,0,0,0,17,1,12,435,KEDZIE AVE,41.91102,-87.642316,12/25/2016 06:46:00 PM,2016
CR00004083,07/23/2015 07:10:00 PM,45,CLEAR,DAYLIGHT,SIDESWIPE SAME DIRECTION,NOT DIVIDED,NO CONTROLS,UNABLE TO DETERMINE,NOT APPLICABLE,0,0,0,0,19,5,7,787,STONY ISLAND AVE,41.933564,-87.804254,07/23/2015 08:59:00 PM,2015
CR00004084,05/16/2020 05:35:00 PM,40,CLEAR,DAYLIGHT,PARKED MOTOR VEHICLE,DIVIDED - W/MEDIAN BARRIER,UNKNOWN,DISTRACTION - FROM INSIDE VEHICLE,FOLLOWING TOO CLOSELY,0,1,3,4,17,7,5,967,STONY ISLAND AVE,41.992738,-87.65028,05/16/2020 06:41:00 PM,2020
CR00004085,11/02/2019 08:02:00 PM,15,SNOW,DAYLIGHT,ANGLE,FOUR WAY,NO CONTROLS,UNABLE TO DETERMINE,UNABLE TO DETERMINE,0,0,0,0,20,7,11,2070,IRVING PARK RD,41.952222,-87.745123,11/02/2019 09:13:00 PM,2019
CR00004086,12/27/2020 06:31:00 AM,30,CLEAR,DAYLIGHT,TURNING,NOT DIVIDED,TRAFFIC SIGNAL,DRIVING SKILLS/KNOWLEDGE/EXPERIENCE,NOT APPLICABLE,0,0,0,0,6,1,12,2402,FULLERTON AVE,41.804148,-87.536318,12/27/2020 07:41:00 AM,2020
CR00004087,02/21/2019 10:36:00 PM,30,CLEAR,DAWN,REAR END,NOT DIVIDED,STOP SIGN/FLASHER,DRIVING SKILLS/KNOWLEDGE/EXPERIENCE,FAILING TO YIELD RIGHT-OF-WAY,0,0,0,0,22,5,2,1669,PULASKI RD,41.902396,-87.660526,02/21/2019 10:51:00 PM,2019
CR00004088,03/30/2015 04:37:00 PM,30,CLEAR,DAYLIGHT,REAR TO FRONT,DIVIDED - W/MEDIAN (NOT RAISED),NO CONTROLS,FAILING TO YIELD RIGHT-OF-WAY,IMPROPER LANE USAGE,0,0,0,0,16,2,3,355,MICHIGAN AVE,41.837015,-87.608632,03/30/2015 05:51:00 PM,2015
CR00004089,07/20/2019 10:53:00 AM,15,FOG/SMOKE/HAZE,DAYLIGHT,REAR END,DIVIDED - W/MEDIAN (NOT RAISED),STOP SIGN/FLASHER,IMPROPER LANE USAGE,FAILING TO YIELD RIGHT-OF-WAY,0,0,1,1,10,7,7,2173,STATE ST,41.8841,-87.569388,07/20/2019 12:33:00 PM,2019
CR00004090,11/04/2020 06:13:00 PM,35,CLEAR,DARKNESS - LIGHTED ROAD,TURNING,FOUR WAY,TRAFFIC SIGNAL,UNABLE TO DETERMINE,FOLLOWING TOO CLOSELY,0,0,0,0,18,4,11,1378,63RD ST,41.768777,-87.802642,11/04/2020 07:26:00 PM,2020
CR00004091,08/25/2024 08:51:00 AM,30,CLEAR,DAYLIGHT,PARKED MOTOR VEHICLE,NOT DIVIDED,TRAFFIC SIGNAL,DISTRACTION - FROM INSIDE VEHICLE,NOT APPLICABLE,0,0,1,1,8,1,8,2134,PULASKI RD,41.901948,-87.526907,08/25/2024 10:08:00 AM,2024
CR00004092,07/02/2015 02:05:00 PM,15,CLEAR,DAYLIGHT,REAR END,NOT DIVIDED,TRAFFIC SIGNAL,UNABLE TO DETERMINE,NOT APPLICABLE,0,0,0,0,14,5,7,1530,DIVISION ST,41.725038,-87.624526,07/02/2015 03:41:00 PM,2015
CR00004093,08/31/2016 07:40:00 AM,40,SNOW,DAYLIGHT,TURNING,NOT DIVIDED,NO CONTROLS,DISTRACTION - FROM INSIDE VEHICLE,DISTRACTION - FROM INSIDE VEHICLE,0,1,0,1,7,4,8,1214,63RD ST,41.811856,-87.663422,08/31/2016 09:13:00 AM,2016
CR00004094,06/25/2017 04:29:00 PM,20,CLEAR,DARKNESS,ANGLE,T-INTERSECTION,TRAFFIC SIGNAL,DISTRACTION - FROM INSIDE VEHICLE,NOT APPLICABLE,0,0,0,0,16,1,6,1484,DIVISION ST,41.732975,-87.730003,06/25/2017 04:48:00 PM,2017
CR00004095,11/17/2017 05:45:00 PM,35,CLEAR,DAYLIGHT,TURNING,FOUR WAY,TRAFFIC SIGNAL,FAILING TO YIELD RIGHT-OF-WAY,FOLLOWING TOO CLOSELY,0,0,2,2,17,6,11,2347,ASHLAND AVE,41.797573,-87.64677,11/17/2017 06:01:00 PM,2017
CR00004096,02/15/2018 08:05:00 AM,15,CLOUDY/OVERCAST,DAYLIGHT,ANGLE,ONE-WAY,NO CONTROLS,UNABLE TO DETERMINE,NOT APPLICABLE,0,0,0,0,8,5,2,540,WESTERN AVE,41.835165,-87.757649,02/15/2018 09:43:00 AM,2018
CR00004097,08/06/2019 09:35:00 AM,35,CLEAR,DAWN,SIDESWIPE SAME DIRECTION,ONE-WAY,UNKNOWN,FOLLOWING TOO CLOSELY,UNABLE TO DETERMINE,0,0,0,0,9,3,8,2204,DIVISION ST,41.782111,-87.755018,08/06/2019 09:56:00 AM,2019
CR00004098,01/05/2022 06:32:00 PM,30,CLEAR,DAYLIGHT,TURNING,FOUR WAY,NO CONTROLS,FAILING TO YIELD RIGHT-OF-WAY,FOLLOWING TOO CLOSELY,0,0,0,0,18,4,1,1076,BROADWAY,41.873782,-87.674795,01/05/2022 07:57:00 PM,2022
CR00004099,06/30/2021 04:57:00 PM,45,CLEAR,DAYLIGHT,SIDESWIPE SAME DIRECTION,FOUR WAY,NO CONTROLS,UNABLE TO DETERMINE,DRIVING SKILLS/KNOWLEDGE/EXPERIENCE,0,0,1,1,16,4,6,291,DIVISION ST,41.810156,-87.600203,06/30/2021 06:06:00 PM,2021
CR00004100,11/07/2024 04:02:00 AM,30,CLEAR,DAYLIGHT,TURNING,ONE-WAY,STOP SIGN/FLASHER,WEATHER,UNABLE TO DETERMINE,0,2,3,5,4,5,11,1694,BROADWAY,41.728016,-87.662476,11/07/2024 04:30:00 AM,2024
CR00004101,03/25/2018 01:48:00 AM,45,RAIN,DAYLIGHT,PARKED MOTOR VEHICLE,DIVIDED - W/MEDIAN (NOT RAISED),NO CONTROLS,UNABLE TO DETERMINE,DRIVING SKILLS/KNOWLEDGE/EXPERIENCE,0,0,2,2,1,1,3,572,PULASKI RD,41.804095,-87.73213,03/25/2018 03:33:00 AM,2018
CR00004102,03/19/2019 02:07:00 PM,20,CLEAR,DAYLIGHT,PARKED MOTOR VEHICLE,NOT DIVIDED,NO CONTROLS,DRIVING SKILLS/KNOWLEDGE/EXPERIENCE,FAILING TO YIELD RIGHT-OF-WAY,0,0,0,0,14,3,3,1444,KEDZIE AVE,41.731367,-87.631654,03/19/2019 02:55:00 PM,2019
CR00004103,02/14/2023 03:18:00 PM,30,RAIN,DAYLIGHT,REAR END,ONE-WAY,TRAFFIC SIGNAL,DISREGARDING TRAFFIC SIGNALS,FAILING TO YIELD RIGHT-OF-WAY,0,0,0,0,15,3,2,1677,ROOSEVELT RD,41.80616,-87.72492,02/14/2023 04:27:00 PM,2023
CR00004104,01/15/2023 11:16:00 AM,40,RAIN,DARKNESS - LIGHTED ROAD,PEDESTRIAN,NOT DIVIDED,NO CONTROLS,IMPROPER OVERTAKING/PASSING,DISTRACTION - FROM INSIDE VEHICLE,0,1,3,4,11,1,1,2385,BROADWAY,41.731799,-87.798281,01/15/2023 12:09:00 PM,2023
CR00004105,11/27/2022 05:42:00 PM,30,CLEAR,DARKNESS - LIGHTED ROAD,PARKED MOTOR VEHICLE,T-INTERSECTION,TRAFFIC SIGNAL,UNABLE TO DETERMINE,IMPROPER OVERTAKING/PASSING,0,0,0,0,17,1,11,1835,HALSTED ST,41.717678,-87.640622,11/27/2022 05:48:00 PM,2022
CR00004106,10/19/2017 06:11:00 PM,45,SNOW,DAYLIGHT,REAR END,DIVIDED - W/MEDIAN BARRIER,TRAFFIC SIGNAL,IMPROPER OVERTAKING/PASSING,FAILING TO YIELD RIGHT-OF-WAY,0,0,0,0,18,5,10,503,ARCHER AVE,41.975324,-87.659505,10/19/2017 06:22:00 PM,2017
CR00004107,07/18/2024 06:34:00 AM,25,CLEAR,DAYLIGHT,TURNING,DIVIDED - W/MEDIAN (NOT RAISED),UNKNOWN,UNABLE TO DETERMINE,UNABLE TO DETERMINE,0,0,0,0,6,5,7,1140,63RD ST,41.999246,-87.549119,07/18/2024 07:14:00 AM,2024
CR00004108,07/23/2016 09:22:00 PM,25,CLEAR,DAYLIGHT,SIDESWIPE SAME DIRECTION,DIVIDED - W/MEDIAN (NOT RAISED),TRAFFIC SIGNAL,FOLLOWING TOO CLOSELY,NOT APPLICABLE,0,0,0,0,21,7,7,1904,FULLERTON AVE,41.964509,-87.739552,07/23/2016 09:34:00 PM,2016
CR00004109,06/15/2022 09:22:00 PM,45,CLEAR,DAYLIGHT,FIXED OBJECT,DIVIDED - W/MEDIAN BARRIER,NO CONTROLS,UNABLE TO DETERMINE,FAILING TO REDUCE SPEED,0,0,0,0,21,4,6,2506,WESTERN AVE,41.817284,-87.761007,06/15/2022 11:12:00 PM,2022
CR00004110,10/03/2018 10:59:00 AM,30,CLEAR,DAYLIGHT,TURNING,DIVIDED - W/MEDIAN (NOT RAISED),NO CONTROLS,DRIVING SKILLS/KNOWLEDGE/EXPERIENCE,NOT APPLICABLE,0,0,0,0,10,4,10,1970,IRVING PARK RD,41.793378,-87.649987,10/03/2018 11:21:00 AM,2018
CR00004111,02/10/2024 07:13:00 PM,35,CLEAR,DAYLIGHT,FIXED OBJECT,NOT DIVIDED,NO CONTROLS,DISTRACTION - FROM INSIDE VEHICLE,FOLLOWING TOO CLOSELY,0,0,1,1,19,7,2,844,WESTERN AVE,41.837246,-87.708705,02/10/2024 08:49:00 PM,2024
CR00004112,06/15/2024 09:06:00 AM,30,RAIN,DAYLIGHT,REAR END,NOT DIVIDED,NO CONTROLS,FAILING TO YIELD RIGHT-OF-WAY,DISREGARDING TRAFFIC SIGNALS,0,0,3,3,9,7,6,339,LAKE SHORE DR,41.848149,-87.708466,06/15/2024 11:02:00 AM,2024
CR00004113,11/28/2019 04:14:00 PM,35,CLOUDY/OVERCAST,DARKNESS - LIGHTED ROAD,REAR END,NOT DIVIDED,STOP SIGN/FLASHER,UNABLE TO DETERMINE,UNABLE TO DETERMINE,0,0,0,0,16,5,11,1982,ASHLAND AVE,41.798189,-87.613537,11/28/2019 05:34:00 PM,2019
CR00004114,07/27/2023 08:26:00 PM,30,CLEAR,DAYLIGHT,TURNING,NOT DIVIDED,NO CONTROLS,IMPROPER OVERTAKING/PASSING,DISTRACTION - FROM INSIDE VEHICLE,0,0,0,0,20,5,7,1932,STONY ISLAND AVE,41.761895,-87.53227,07/27/2023 09:49:00 PM,2023
CR00004115,08/20/2024 01:21:00 PM,35,CLEAR,DAYLIGHT,TURNING,FOUR WAY,NO CONTROLS,UNABLE TO DETERMINE,NOT APPLICABLE,0,0,0,0,13,3,8,1953,WESTERN AVE,41.720201,-87.535934,08/20/2024 01:38:00 PM,2024
CR00004116,12/03/2015 06:53:00 PM,25,SNOW,DARKNESS - LIGHTED ROAD,REAR END,NOT DIVIDED,NO CONTROLS,FOLLOWING TOO CLOSELY,NOT APPLICABLE,0,0,0,0,18,5,12,1012,PULASKI RD,41.76415,-87.623861,12/03/2015 08:42:00 PM,2015
CR00004117,02/02/2018 11:55:00 PM,35,CLEAR,DARKNESS - LIGHTED ROAD,REAR TO FRONT,DIVIDED - W/MEDIAN BARRIER,TRAFFIC SIGNAL,UNABLE TO DETERMINE,UNABLE TO DETERMINE,0,0,0,0,23,6,2,563,IRVING PARK RD,41.841314,-87.741896,02/03/2018 01:35:00 AM,2018
CR00004118,11/14/2015 11:25:00 AM,25,CLOUDY/OVERCAST,DARKNESS - LIGHTED ROAD,TURNING,DIVIDED - W/MEDIAN (NOT RAISED),NO CONTROLS,FAILING TO REDUCE SPEED,UNABLE TO DETERMINE,0,0,0,0,11,7,11,2185,STATE ST,41.852126,-87.736689,11/14/2015 12:19:00 PM,2015
CR00004119,02/01/2021 09:15:00 AM,45,CLEAR,DAYLIGHT,TURNING,ONE-WAY,TRAFFIC SIGNAL,DISREGARDING TRAFFIC SIGNALS,UNABLE TO DETERMINE,0,0,0,0,9,2,2,1649,BROADWAY,41.868814,-87.811235,02/01/2021 09:35:00 AM,2021
CR00004120,03/06/2017 05:39:00 PM,20,CLEAR,DAWN,ANGLE,DIVIDED - W/MEDIAN BARRIER,TRAFFIC SIGNAL,UNABLE TO DETERMINE,IMPROPER OVERTAKING/PASSING,0,0,0,0,17,2,3,112,ASHLAND AVE,41.714144,-87.501839,03/06/2017 06:00:00 PM,2017
CR00004121,09/27/2020 07:55:00 AM,20,CLEAR,DUSK,TURNING,NOT DIVIDED,NO CONTROLS,UNABLE TO DETERMINE,DRIVING SKILLS/KNOWLEDGE/EXPERIENCE,0,0,1,1,7,1,9,2337,KEDZIE AVE,41.800865,-87.758,09/27/2020 09:39:00 AM,2020