CRASH_RECORD_ID,CRASH_DATE,POSTED_SPEED_LIMIT,WEATHER_CONDITION,LIGHTING_CONDITION,FIRST_CRASH_TYPE,TRAFFICWAY_TYPE,TRAFFIC_CONTROL_DEVICE,PRIM_CONTRIBUTORY_CAUSE,SEC_CONTRIBUTORY_CAUSE,INJURIES_FATAL,INJURIES_INCAPACITATING,INJURIES_NON_INCAPACITATING,INJURIES_TOTAL,CRASH_HOUR,CRASH_DAY_OF_WEEK,CRASH_MONTH,BEAT_OF_OCCURRENCE,STREET_NAME,LATITUDE,LONGITUDE,DATE_POLICE_NOTIFIED,year
CR00004122,12/14/2024 06:12:00 PM,20,RAIN,DAYLIGHT,SIDESWIPE SAME DIRECTION,DIVIDED - W/MEDIAN BARRIER,UNKNOWN,FOLLOWING TOO CLOSELY,DISTRACTION - FROM INSIDE VEHICLE,0,0,0,0,18,7,12,1597,LAKE SHORE DR,41.956464,-87.822717,12/14/2024 07:26:00 PM,2024
CR00004123,11/25/2019 07:24:00 PM,35,CLEAR,DUSK,REAR END,NOT DIVIDED,NO CONTROLS,FOLLOWING TOO CLOSELY,FAILING TO YIELD RIGHT-OF-WAY,0,1,1,2,19,2,11,2064,47TH ST,41.823293,-87.55835,11/25/2019 07:38:00 PM,2019
CR00004124,01/04/2018 07:40:00 AM,25,CLEAR,DAYLIGHT,REAR END,NOT DIVIDED,NO CONTROLS,IMPROPER OVERTAKING/PASSING,UNABLE TO DETERMINE,0,2,1,3,7,5,1,1748,BROADWAY,41.762457,-87.847965,01/04/2018 09:40:00 AM,2018
CR00004125,06/28/2018 08:13:00 AM,30,CLEAR,DARKNESS - LIGHTED ROAD,PARKED MOTOR VEHICLE,FOUR WAY,TRAFFIC SIGNAL,DISTRACTION - FROM INSIDE VEHICLE,DISREGARDING TRAFFIC SIGNALS,0,0,0,0,8,5,6,754,CICERO AVE,41.757784,-87.5702,06/28/2018 09:42:00 AM,2018
CR00004126,09/28/2015 04:20:00 AM,15,RAIN,DARKNESS,PARKED MOTOR VEHICLE,NOT DIVIDED,UNKNOWN,UNABLE TO DETERMINE,FAILING TO YIELD RIGHT-OF-WAY,0,0,0,0,4,2,9,2029,DAMEN AVE,41.996596,-87.793408,09/28/2015 05:57:00 AM,2015
CR00004127,01/26/2022 09:08:00 AM,20,CLEAR,DAWN,FIXED OBJECT,NOT DIVIDED,NO CONTROLS,UNABLE TO DETERMINE,UNABLE TO DETERMINE,0,0,0,0,9,4,1,264,DIVISION ST,41.98536,-87.60556,01/26/2022 09:23:00 AM,2022
CR00004128,09/26/2024 07:01:00 AM,45,CLEAR,DAYLIGHT,TURNING,ONE-WAY,TRAFFIC SIGNAL,FAILING TO REDUCE SPEED,FAILING TO YIELD RIGHT-OF-WAY,0,0,1,1,7,5,9,464,WESTERN AVE,41.755782,-87.526769,09/26/2024 07:41:00 AM,2024
CR00004129,03/31/2017 04:53:00 PM,25,CLEAR,DAWN,PEDESTRIAN,T-INTERSECTION,TRAFFIC SIGNAL,UNABLE TO DETERMINE,NOT APPLICABLE,0,0,0,0,16,6,3,2449,STONY ISLAND AVE,41.763168,-87.610024,03/31/2017 05:17:00 PM,2017
CR00004130,04/11/2023 05:00:00 PM,40,CLEAR,DARKNESS - LIGHTED ROAD,REAR END,ONE-WAY,PEDESTRIAN CROSSING SIGN,FAILING TO YIELD RIGHT-OF-WAY,IMPROPER LANE USAGE,0,0,0,0,17,3,4,1884,ARCHER AVE,41.936771,-87.786516,04/11/2023 05:35:00 PM,2023
CR00004131,03/10/2020 03:50:00 PM,25,RAIN,DARKNESS - LIGHTED ROAD,REAR END,NOT DIVIDED,TRAFFIC SIGNAL,FOLLOWING TOO CLOSELY,WEATHER,0,0,0,0,15,3,3,398,STONY ISLAND AVE,41.793561,-87.649878,03/10/2020 05:07:00 PM,2020
CR00004132,10/18/2024 05:49:00 PM,45,CLOUDY/OVERCAST,DARKNESS,REAR END,NOT DIVIDED,TRAFFIC SIGNAL,UNABLE TO DETERMINE,DISREGARDING TRAFFIC SIGNALS,0,0,0,0,17,6,10,2186,STATE ST,41.90512,-87.759291,10/18/2024 06:23:00 PM,2024
CR00004133,08/13/2022 09:29:00 PM,25,CLEAR,DARKNESS - LIGHTED ROAD,PEDESTRIAN,NOT DIVIDED,STOP SIGN/FLASHER,FOLLOWING TOO CLOSELY,DISTRACTION - FROM INSIDE VEHICLE,0,0,0,0,21,7,8,2446,CLARK ST,41.984558,-87.654694,08/13/2022 09:48:00 PM,2022
CR00004134,02/14/2018 02:50:00 PM,45,CLOUDY/OVERCAST,DAYLIGHT,SIDESWIPE SAME DIRECTION,DIVIDED - W/MEDIAN (NOT RAISED),NO CONTROLS,FAILING TO REDUCE SPEED,FOLLOWING TOO CLOSELY,0,0,3,3,14,4,2,825,ASHLAND AVE,41.806531,-87.617302,02/14/2018 04:30:00 PM,2018
CR00004135,01/21/2022 12:29:00 PM,35,CLOUDY/OVERCAST,DAYLIGHT,ANGLE,NOT DIVIDED,NO CONTROLS,UNABLE TO DETERMINE,NOT APPLICABLE,0,0,0,0,12,6,1,2472,CICERO AVE,41.922881,-87.817432,01/21/2022 12:46:00 PM,2022
CR00004136,01/10/2018 08:57:00 AM,35,CLEAR,DAWN,REAR END,NOT DIVIDED,UNKNOWN,IMPROPER LANE USAGE,FAILING TO YIELD RIGHT-OF-WAY,0,0,0,0,8,4,1,1421,STATE ST,41.832202,-87.574982,01/10/2018 10:22:00 AM,2018
CR00004137,02/11/2019 07:59:00 PM,25,CLEAR,DAYLIGHT,TURNING,DIVIDED - W/MEDIAN (NOT RAISED),STOP SIGN/FLASHER,DISTRACTION - FROM INSIDE VEHICLE,UNABLE TO DETERMINE,0,0,3,3,19,2,2,346,DIVISION ST,41.933484,-87.557412,02/11/2019 08:56:00 PM,2019
CR00004138,08/02/2022 02:35:00 PM,30,CLEAR,DARKNESS - LIGHTED ROAD,TURNING,NOT DIVIDED,NO CONTROLS,FAILING TO REDUCE SPEED,IMPROPER OVERTAKING/PASSING,0,0,0,0,14,3,8,1507,KEDZIE AVE,41.955881,-87.635846,08/02/2022 03:03:00 PM,2022
CR00004139,04/25/2021 07:52:00 AM,30,RAIN,DAYLIGHT,ANGLE,DIVIDED - W/MEDIAN BARRIER,STOP SIGN/FLASHER,UNABLE TO DETERMINE,DRIVING SKILLS/KNOWLEDGE/EXPERIENCE,0,0,0,0,7,1,4,963,ROOSEVELT RD,41.928229,-87.575892,04/25/2021 09:07:00 AM,2021
CR00004140,08/05/2018 12:28:00 AM,30,CLEAR,DAYLIGHT,REAR END,DIVIDED - W/MEDIAN (NOT RAISED),TRAFFIC SIGNAL,UNABLE TO DETERMINE,FAILING TO YIELD RIGHT-OF-WAY,0,0,0,0,0,1,8,484,63RD ST,41.850109,-87.663723,08/05/2018 01:10:00 AM,2018
CR00004141,12/21/2015 09:26:00 AM,35,CLEAR,DAYLIGHT,ANGLE,DIVIDED - W/MEDIAN BARRIER,YIELD,FAILING TO YIELD RIGHT-OF-WAY,NOT APPLICABLE,0,0,0,0,9,2,12,763,63RD ST,41.990755,-87.733216,12/21/2015 11:05:00 AM,2015
CR00004142,03/07/2020 06:11:00 PM,30,CLEAR,DAYLIGHT,TURNING,DIVIDED - W/MEDIAN (NOT RAISED),NO CONTROLS,FAILING TO REDUCE SPEED,NOT APPLICABLE,0,0,0,0,18,7,3,1199,FULLERTON AVE,41.945406,-87.560129,03/07/2020 08:07:00 PM,2020
CR00004143,10/03/2021 02:21:00 PM,30,CLEAR,DARKNESS - LIGHTED ROAD,SIDESWIPE SAME DIRECTION,DIVIDED - W/MEDIAN (NOT RAISED),TRAFFIC SIGNAL,FOLLOWING TOO CLOSELY,FOLLOWING TOO CLOSELY,0,0,0,0,14,1,10,113,CICERO AVE,41.710492,-87.746381,10/03/2021 03:11:00 PM,2021
CR00004144,05/27/2016 05:09:00 PM,40,SNOW,DARKNESS - LIGHTED ROAD,SIDESWIPE SAME DIRECTION,ONE-WAY,NO CONTROLS,UNABLE TO DETERMINE,UNABLE TO DETERMINE,0,0,0,0,17,6,5,624,PULASKI RD,41.972258,-87.509061,05/27/2016 06:52:00 PM,2016
CR00004145,01/05/2019 05:15:00 PM,15,RAIN,DARKNESS,REAR END,FOUR WAY,NO CONTROLS,UNABLE TO DETERMINE,FAILING TO REDUCE SPEED,0,0,0,0,17,7,1,262,STONY ISLAND AVE,41.872179,-87.633828,01/05/2019 05:45:00 PM,2019
CR00004146,01/17/2023 10:56:00 AM,45,CLEAR,DAYLIGHT,FIXED OBJECT,DIVIDED - W/MEDIAN (NOT RAISED),TRAFFIC SIGNAL,UNABLE TO DETERMINE,FAILING TO REDUCE SPEED,0,0,0,0,10,3,1,2342,STONY ISLAND AVE,41.849942,-87.707363,01/17/2023 12:37:00 PM,2023
CR00004147,03/13/2021 07:24:00 AM,15,SNOW,DAYLIGHT,PARKED MOTOR VEHICLE,FOUR WAY,TRAFFIC SIGNAL,IMPROPER OVERTAKING/PASSING,UNABLE TO DETERMINE,0,0,0,0,7,7,3,1442,47TH ST,41.83451,-87.828872,03/13/2021 09:24:00 AM,2021
CR00004148,07/23/2024 10:37:00 AM,30,RAIN,DAYLIGHT,PEDESTRIAN,NOT DIVIDED,NO CONTROLS,UNABLE TO DETERMINE,UNABLE TO DETERMINE,0,0,0,0,10,3,7,1591,MILWAUKEE AVE,41.755586,-87.616994,07/23/2024 11:54:00 AM,2024
CR00004149,02/12/2017 03:07:00 AM,35,CLOUDY/OVERCAST,DAYLIGHT,TURNING,DIVIDED - W/MEDIAN (NOT RAISED),STOP SIGN/FLASHER,UNABLE TO DETERMINE,IMPROPER OVERTAKING/PASSING,0,0,0,0,3,1,2,352,DAMEN AVE,41.766524,-87.6104,02/12/2017 03:33:00 AM,2017
CR00004150,05/01/2020 05:21:00 PM,45,CLOUDY/OVERCAST,DAYLIGHT,TURNING,T-INTERSECTION,UNKNOWN,IMPROPER OVERTAKING/PASSING,UNABLE TO DETERMINE,0,0,1,1,17,6,5,177,ARCHER AVE,41.854506,-87.785783,05/01/2020 05:31:00 PM,2020
CR00004151,03/16/2019 11:14:00 AM,40,CLEAR,DAYLIGHT,SIDESWIPE SAME DIRECTION,NOT DIVIDED,NO CONTROLS,FAILING TO YIELD RIGHT-OF-WAY,NOT APPLICABLE,0,0,0,0,11,7,3,1267,ARCHER AVE,41.818995,-87.510815,03/16/2019 12:49:00 PM,2019
CR00004152,02/26/2015 12:33:00 PM,45,RAIN,DAYLIGHT,PARKED MOTOR VEHICLE,NOT DIVIDED,UNKNOWN,DRIVING SKILLS/KNOWLEDGE/EXPERIENCE,DISTRACTION - FROM INSIDE VEHICLE,0,0,1,1,12,5,2,2389,ROOSEVELT RD,41.995591,-87.673987,02/26/2015 02:14:00 PM,2015
CR00004153,12/22/2022 06:26:00 PM,25,CLEAR,DAYLIGHT,SIDESWIPE SAME DIRECTION,NOT DIVIDED,UNKNOWN,UNABLE TO DETERMINE,UNABLE TO DETERMINE,0,0,1,1,18,5,12,1386,STONY ISLAND AVE,41.709343,-87.62865,12/22/2022 07:10:00 PM,2022
CR00004154,05/28/2022 08:47:00 AM,35,CLEAR,DAYLIGHT,PARKED MOTOR VEHICLE,NOT DIVIDED,TRAFFIC SIGNAL,FOLLOWING TOO CLOSELY,FAILING TO REDUCE SPEED,0,0,2,2,8,7,5,670,WESTERN AVE,41.94869,-87.523521,05/28/2022 09:17:00 AM,2022
CR00004155,07/04/2015 06:56:00 PM,45,RAIN,DAYLIGHT,PARKED MOTOR VEHICLE,DIVIDED - W/MEDIAN (NOT RAISED),TRAFFIC SIGNAL,DISREGARDING TRAFFIC SIGNALS,DRIVING SKILLS/KNOWLEDGE/EXPERIENCE,0,2,1,3,18,7,7,2199,CICERO AVE,41.94117,-87.848369,07/04/2015 07:53:00 PM,2015
CR00004156,07/13/2015 09:32:00 AM,15,CLOUDY/OVERCAST,DAYLIGHT,SIDESWIPE SAME DIRECTION,NOT DIVIDED,NO CONTROLS,DRIVING SKILLS/KNOWLEDGE/EXPERIENCE,DISREGARDING TRAFFIC SIGNALS,0,0,0,0,9,2,7,1931,OGDEN AVE,41.73009,-87.728175,07/13/2015 10:49:00 AM,2015
CR00004157,03/03/2018 05:02:00 PM,30,CLEAR,DARKNESS,ANGLE,T-INTERSECTION,TRAFFIC SIGNAL,IMPROPER OVERTAKING/PASSING,IMPROPER OVERTAKING/PASSING,0,0,0,0,17,7,3,2460,IRVING PARK RD,41.930314,-87.675198,03/03/2018 05:16:00 PM,2018
CR00004158,12/01/2018 08:04:00 PM,25,CLEAR,DARKNESS - LIGHTED ROAD,REAR END,FOUR WAY,NO CONTROLS,IMPROPER OVERTAKING/PASSING,DISTRACTION - FROM INSIDE VEHICLE,0,0,0,0,20,7,12,2485,PULASKI RD,41.98236,-87.636543,12/01/2018 09:51:00 PM,2018
CR00004159,01/18/2022 04:25:00 AM,35,CLEAR,DARKNESS,SIDESWIPE SAME DIRECTION,NOT DIVIDED,NO CONTROLS,WEATHER,DISTRACTION - FROM INSIDE VEHICLE,0,0,0,0,4,3,1,2483,CLARK ST,41.784586,-87.845173,01/18/2022 05:55:00 AM,2022
CR00004160,04/12/2020 08:41:00 PM,45,CLEAR,DAWN,ANGLE,NOT DIVIDED,NO CONTROLS,IMPROPER OVERTAKING/PASSING,NOT APPLICABLE,0,0,0,0,20,1,4,1656,LAKE SHORE DR,41.79143,-87.533677,04/12/2020 10:05:00 PM,2020
CR00004161,03/18/2024 11:29:00 PM,30,CLEAR,DUSK,TURNING,T-INTERSECTION,TRAFFIC SIGNAL,DRIVING SKILLS/KNOWLEDGE/EXPERIENCE,FOLLOWING TOO CLOSELY,0,0,0,0,23,2,3,1816,KEDZIE AVE,41.830028,-87.765296,03/19/2024 12:26:00 AM,2024
CR00004162,09/02/2022 02:06:00 PM,20,CLEAR,DAYLIGHT,ANGLE,DIVIDED - W/MEDIAN (NOT RAISED),STOP SIGN/FLASHER,FAILING TO YIELD RIGHT-OF-WAY,NOT APPLICABLE,0,0,0,0,14,6,9,666,CLARK ST,41.770966,-87.826177,09/02/2022 03:37:00 PM,2022
CR00004163,10/18/2015 03:07:00 PM,30,CLEAR,DARKNESS - LIGHTED ROAD,SIDESWIPE SAME DIRECTION,NOT DIVIDED,UNKNOWN,DISREGARDING TRAFFIC SIGNALS,UNABLE TO DETERMINE,0,0,0,0,15,1,10,809,MILWAUKEE AVE,41.848178,-87.678258,10/18/2015 03:28:00 PM,2015
CR00004164,12/26/2015 12:07:00 AM,30,RAIN,DARKNESS,REAR TO FRONT,NOT DIVIDED,NO CONTROLS,UNABLE TO DETERMINE,UNABLE TO DETERMINE,0,0,3,3,0,7,12,447,CICERO AVE,41.857031,-87.607231,12/26/2015 01:48:00 AM,2015
CR00004165,04/26/2023 07:02:00 AM,35,RAIN,DAYLIGHT,REAR END,FOUR WAY,NO CONTROLS,UNABLE TO DETERMINE,UNABLE TO DETERMINE,0,0,2,2,7,4,4,2150,PULASKI RD,41.777462,-87.653966,04/26/2023 07:43:00 AM,2023
CR00004166,02/01/2017 07:04:00 PM,30,FREEZING RAIN/DRIZZLE,DARKNESS - LIGHTED ROAD,REAR TO FRONT,NOT DIVIDED,TRAFFIC SIGNAL,UNABLE TO DETERMINE,DISREGARDING TRAFFIC SIGNALS,0,0,0,0,19,4,2,2140,PULASKI RD,41.796634,-87.607287,02/01/2017 07:24:00 PM,2017
CR00004167,07/22/2021 08:29:00 AM,30,CLEAR,DARKNESS,SIDESWIPE SAME DIRECTION,NOT DIVIDED,TRAFFIC SIGNAL,FOLLOWING TOO CLOSELY,UNABLE TO DETERMINE,0,0,0,0,8,5,7,1368,63RD ST,41.935941,-87.692985,07/22/2021 10:03:00 AM,2021
CR00004168,03/06/2020 03:11:00 AM,30,CLEAR,DAYLIGHT,TURNING,FOUR WAY,STOP SIGN/FLASHER,UNABLE TO DETERMINE,NOT APPLICABLE,0,0,0,0,3,6,3,106,LAKE SHORE DR,41.963381,-87.629748,03/06/2020 04:57:00 AM,2020
CR00004169,09/10/2023 06:11:00 PM,30,CLOUDY/OVERCAST,DAYLIGHT,PEDESTRIAN,ONE-WAY,STOP SIGN/FLASHER,IMPROPER OVERTAKING/PASSING,UNABLE TO DETERMINE,0,0,0,0,18,1,9,2183,DAMEN AVE,41.744737,-87.575705,09/10/2023 07:51:00 PM,2023
CR00004170,10/06/2022 09:13:00 AM,15,RAIN,DAYLIGHT,ANGLE,FOUR WAY,NO CONTROLS,FAILING TO REDUCE SPEED,UNABLE TO DETERMINE,0,0,1,1,9,5,10,2203,ROOSEVELT RD,41.769174,-87.696187,10/06/2022 10:00:00 AM,2022
CR00004171,08/12/2018 12:44:00 PM,25,CLEAR,DARKNESS - LIGHTED ROAD,REAR END,DIVIDED - W/MEDIAN (NOT RAISED),UNKNOWN,UNABLE TO DETERMINE,DISTRACTION - FROM INSIDE VEHICLE,0,0,3,3,12,1,8,1650,ELSTON AVE,41.790948,-87.849326,08/12/2018 02:43:00 PM,2018
CR00004172,01/18/2023 10:39:00 AM,30,CLEAR,DAYLIGHT,SIDESWIPE SAME DIRECTION,NOT DIVIDED,TRAFFIC SIGNAL,FOLLOWING TOO CLOSELY,NOT APPLICABLE,0,0,1,1,10,4,1,2109,79TH ST,41.942288,-87.689771,01/18/2023 10:47:00 AM,2023
CR00004173,10/16/2021 07:25:00 AM,25,CLEAR,DARKNESS,ANGLE,NOT DIVIDED,NO CONTROLS,FAILING TO REDUCE SPEED,UNABLE TO DETERMINE,0,0,1,1,7,7,10,156,63RD ST,41.968768,-87.580404,10/16/2021 09:16:00 AM,2021
CR00004174,02/20/2022 08:38:00 AM,40,CLEAR,DARKNESS - LIGHTED ROAD,SIDESWIPE SAME DIRECTION,DIVIDED - W/MEDIAN (NOT RAISED),TRAFFIC SIGNAL,DISTRACTION - FROM INSIDE VEHICLE,FOLLOWING TOO CLOSELY,0,0,0,0,8,1,2,929,WESTERN AVE,41.702569,-87.626748,02/20/2022 10:12:00 AM,2022
CR00004175,11/01/2021 07:09:00 AM,20,CLEAR,DARKNESS - LIGHTED ROAD,REAR END,NOT DIVIDED,TRAFFIC SIGNAL,DRIVING SKILLS/KNOWLEDGE/EXPERIENCE,NOT APPLICABLE,0,0,0,0,7,2,11,989,IRVING PARK RD,41.751012,-87.805276,11/01/2021 08:20:00 AM,2021
CR00004176,12/15/2016 06:57:00 PM,30,CLEAR,DAYLIGHT,REAR END,T-INTERSECTION,TRAFFIC SIGNAL,UNABLE TO DETERMINE,DRIVING SKILLS/KNOWLEDGE/EXPERIENCE,0,0,0,0,18,5,12,977,ELSTON AVE,41.749926,-87.799727,12/15/2016 07:37:00 PM,2016
CR00004177,11/20/2020 05:42:00 PM,30,CLEAR,DARKNESS,REAR END,DIVIDED - W/MEDIAN BARRIER,NO CONTROLS,UNABLE TO DETERMINE,FAILING TO REDUCE SPEED,0,0,0,0,17,6,11,884,HALSTED ST,41.927233,-87.645562,11/20/2020 06:59:00 PM,2020
CR00004178,12/23/2016 03:46:00 PM,45,RAIN,DARKNESS - LIGHTED ROAD,TURNING,NOT DIVIDED,NO CONTROLS,DRIVING SKILLS/KNOWLEDGE/EXPERIENCE,FAILING TO REDUCE SPEED,0,0,0,0,15,6,12,484,IRVING PARK RD,41.926296,-87.504728,12/23/2016 04:02:00 PM,2016
CR00004179,09/15/2020 01:12:00 PM,30,CLEAR,DUSK,FIXED OBJECT,DIVIDED - W/MEDIAN (NOT RAISED),UNKNOWN,FAILING TO REDUCE SPEED,NOT APPLICABLE,0,0,0,0,13,3,9,831,CICERO AVE,41.974741,-87.811176,09/15/2020 02:35:00 PM,2020
CR00004180,09/27/2023 09:22:00 AM,25,CLEAR,DAYLIGHT,PEDESTRIAN,NOT DIVIDED,NO CONTROLS,DRIVING SKILLS/KNOWLEDGE/EXPERIENCE,NOT APPLICABLE,0,0,0,0,9,4,9,2116,STATE ST,41.947622,-87.759926,09/27/2023 09:39:00 AM,2023
CR00004181,08/30/2023 09:10:00 AM,40,CLEAR,DARKNESS - LIGHTED ROAD,REAR END,ONE-WAY,NO CONTROLS,IMPROPER OVERTAKING/PASSING,NOT APPLICABLE,0,0,2,2,9,4,8,1201,MICHIGAN AVE,41.760192,-87.773568,08/30/2023 09:43:00 AM,2023
CR00004182,08/17/2016 07:03:00 PM,15,SNOW,DARKNESS - LIGHTED ROAD,SIDESWIPE SAME DIRECTION,NOT DIVIDED,STOP SIGN/FLASHER,IMPROPER OVERTAKING/PASSING,IMPROPER OVERTAKING/PASSING,0,0,0,0,19,4,8,1096,DAMEN AVE,41.966542,-87.503496,08/17/2016 07:55:00 PM,2016
CR00004183,05/17/2023 06:24:00 PM,40,CLEAR,DARKNESS - LIGHTED ROAD,REAR END,DIVIDED - W/MEDIAN BARRIER,UNKNOWN,DISREGARDING TRAFFIC SIGNALS,FOLLOWING TOO CLOSELY,0,0,0,0,18,4,5,2016,MICHIGAN AVE,41.809029,-87.672287,05/17/2023 07:39:00 PM,2023
CR00004184,07/15/2017 08:21:00 AM,45,CLEAR,DARKNESS,REAR END,DIVIDED - W/MEDIAN (NOT RAISED),TRAFFIC SIGNAL,IMPROPER LANE USAGE,DISREGARDING TRAFFIC SIGNALS,0,0,3,3,8,7,7,1285,63RD ST,41.989949,-87.785478,07/15/2017 09:30:00 AM,2017
CR00004185,04/29/2024 02:24:00 PM,40,CLEAR,DAYLIGHT,REAR TO FRONT,DIVIDED - W/MEDIAN BARRIER,NO CONTROLS,IMPROPER OVERTAKING/PASSING,IMPROPER LANE USAGE,0,0,0,0,14,2,4,1741,HALSTED ST,41.985583,-87.790931,04/29/2024 03:59:00 PM,2024
CR00004186,02/20/2018 04:02:00 PM,35,CLEAR,DAYLIGHT,PEDESTRIAN,NOT DIVIDED,TRAFFIC SIGNAL,UNABLE TO DETERMINE,UNABLE TO DETERMINE,0,0,1,1,16,3,2,423,LAKE SHORE DR,41.897106,-87.58597,02/20/2018 04:44:00 PM,2018
CR00004187,07/18/2024 07:44:00 PM,30,CLEAR,DAYLIGHT,TURNING,NOT DIVIDED,NO CONTROLS,FAILING TO YIELD RIGHT-OF-WAY,IMPROPER OVERTAKING/PASSING,0,1,1,2,19,5,7,1343,CLARK ST,41.799883,-87.712991,07/18/2024 08:43:00 PM,2024
CR00004188,12/02/2017 06:38:00 PM,35,CLEAR,DARKNESS - LIGHTED ROAD,ANGLE,ONE-WAY,UNKNOWN,FAILING TO REDUCE SPEED,DRIVING SKILLS/KNOWLEDGE/EXPERIENCE,0,0,1,1,18,7,12,314,MICHIGAN AVE,41.935647,-87.678166,12/02/2017 06:54:00 PM,2017
CR00004189,03/16/2015 09:10:00 PM,15,RAIN,DAYLIGHT,SIDESWIPE SAME DIRECTION,NOT DIVIDED,NO CONTROLS,DRIVING SKILLS/KNOWLEDGE/EXPERIENCE,IMPROPER OVERTAKING/PASSING,0,0,1,1,21,2,3,593,IRVING PARK RD,41.765733,-87.613265,03/16/2015 09:11:00 PM,2015
CR00004190,08/04/2018 06:20:00 PM,30,CLEAR,DAYLIGHT,REAR END,T-INTERSECTION,TRAFFIC SIGNAL,FOLLOWING TOO CLOSELY,UNABLE TO DETERMINE,0,0,3,3,18,7,8,531,MICHIGAN AVE,41.887616,-87.830829,08/04/2018 08:08:00 PM,2018
CR00004191,12/12/2019 07:14:00 PM,15,FREEZING RAIN/DRIZZLE,DAYLIGHT,ANGLE,ONE-WAY,STOP SIGN/FLASHER,DISREGARDING TRAFFIC SIGNALS,DRIVING SKILLS/KNOWLEDGE/EXPERIENCE,0,0,0,0,19,5,12,543,IRVING PARK RD,41.979509,-87.650081,12/12/2019 08:56:00 PM,2019
CR00004192,11/29/2021 04:31:00 PM,30,CLEAR,DARKNESS,REAR END,FOUR WAY,STOP SIGN/FLASHER,UNABLE TO DETERMINE,NOT APPLICABLE,0,0,0,0,16,2,11,2070,OGDEN AVE,41.869545,-87.503859,11/29/2021 05:31:00 PM,2021
CR00004193,06/09/2015 05:37:00 PM,45,CLEAR,DAYLIGHT,REAR END,ONE-WAY,NO CONTROLS,DISTRACTION - FROM INSIDE VEHICLE,UNABLE TO DETERMINE,0,0,0,0,17,3,6,1818,STONY ISLAND AVE,41.856582,-87.541109,06/09/2015 07:07:00 PM,2015
CR00004194,05/08/2015 10:27:00 AM,35,RAIN,DAYLIGHT,ANGLE,T-INTERSECTION,NO CONTROLS,DRIVING SKILLS/KNOWLEDGE/EXPERIENCE,FAILING TO YIELD RIGHT-OF-WAY,0,0,1,1,10,6,5,2064,PULASKI RD,41.930514,-87.660005,05/08/2015 12:17:00 PM,2015
CR00004195,03/30/2020 05:24:00 PM,30,CLEAR,DAYLIGHT,PARKED MOTOR VEHICLE,NOT DIVIDED,NO CONTROLS,DRIVING SKILLS/KNOWLEDGE/EXPERIENCE,FAILING TO YIELD RIGHT-OF-WAY,0,0,0,0,17,2,3,435,PULASKI RD,41.984693,-87.587576,03/30/2020 07:13:00 PM,2020
CR00004196,03/09/2016 11:16:00 AM,30,CLEAR,DAYLIGHT,REAR END,DIVIDED - W/MEDIAN BARRIER,NO CONTROLS,DRIVING SKILLS/KNOWLEDGE/EXPERIENCE,DISREGARDING TRAFFIC SIGNALS,0,0,0,0,11,4,3,290,OGDEN AVE,41.832105,-87.509842,03/09/2016 11:58:00 AM,2016
CR00004197,07/17/2020 07:21:00 AM,25,SNOW,DUSK,ANGLE,NOT DIVIDED,TRAFFIC SIGNAL,FAILING TO REDUCE SPEED,NOT APPLICABLE,0,0,0,0,7,6,7,1625,STONY ISLAND AVE,41.752625,-87.771511,07/17/2020 07:38:00 AM,2020
CR00004198,04/14/2016 06:22:00 PM,30,CLEAR,DAYLIGHT,REAR END,DIVIDED - W/MEDIAN BARRIER,TRAFFIC SIGNAL,FAILING TO YIELD RIGHT-OF-WAY,NOT APPLICABLE,0,0,1,1,18,5,4,1057,ELSTON AVE,41.772415,-87.547152,04/14/2016 07:52:00 PM,2016
CR00004199,10/11/2016 01:29:00 PM,35,CLEAR,DAYLIGHT,REAR END,FOUR WAY,STOP SIGN/FLASHER,DRIVING SKILLS/KNOWLEDGE/EXPERIENCE,FAILING TO REDUCE SPEED,0,0,0,0,13,3,10,1226,DAMEN AVE,41.809618,-87.646043,10/11/2016 01:46:00 PM,2016
CR00004200,04/19/2015 12:12:00 PM,30,RAIN,DAYLIGHT,SIDESWIPE SAME DIRECTION,T-INTERSECTION,YIELD,UNABLE TO DETERMINE,IMPROPER LANE USAGE,0,0,0,0,12,1,4,1660,ELSTON AVE,41.790362,-87.712075,04/19/2015 01:46:00 PM,2015
CR00004201,08/09/2017 09:44:00 AM,40,CLEAR,DAYLIGHT,TURNING,DIVIDED - W/MEDIAN BARRIER,NO CONTROLS,DISREGARDING TRAFFIC SIGNALS,FAILING TO YIELD RIGHT-OF-WAY,0,0,0,0,9,4,8,748,DIVISION ST,41.98633,-87.576547,08/09/2017 11:01:00 AM,2017
CR00004202,05/30/2016 04:05:00 PM,15,CLEAR,DAYLIGHT,REAR TO FRONT,FOUR WAY,NO CONTROLS,DRIVING SKILLS/KNOWLEDGE/EXPERIENCE,NOT APPLICABLE,0,0,0,0,16,2,5,363,CICERO AVE,41.844086,-87.782438,05/30/2016 05:44:00 PM,2016
CR00004203,10/09/2023 12:01:00 AM,20,CLEAR,DAYLIGHT,PEDESTRIAN,DIVIDED - W/MEDIAN (NOT RAISED),NO CONTROLS,IMPROPER OVERTAKING/PASSING,DISTRACTION - FROM INSIDE VEHICLE,0,0,0,0,0,2,10,1124,CICERO AVE,41.954893,-87.685189,10/09/2023 12:32:00 AM,2023