CRASH_RECORD_ID,CRASH_DATE,POSTED_SPEED_LIMIT,WEATHER_CONDITION,LIGHTING_CONDITION,FIRST_CRASH_TYPE,TRAFFICWAY_TYPE,TRAFFIC_CONTROL_DEVICE,PRIM_CONTRIBUTORY_CAUSE,SEC_CONTRIBUTORY_CAUSE,INJURIES_FATAL,INJURIES_INCAPACITATING,INJURIES_NON_INCAPACITATING,INJURIES_TOTAL,CRASH_HOUR,CRASH_DAY_OF_WEEK,CRASH_MONTH,BEAT_OF_OCCURRENCE,STREET_NAME,LATITUDE,LONGITUDE,DATE_POLICE_NOTIFIED,year
CR00004204,07/31/2021 04:31:00 PM,30,CLEAR,DUSK,ANGLE,NOT DIVIDED,STOP SIGN/FLASHER,UNABLE TO DETERMINE,UNABLE TO DETERMINE,0,0,0,0,16,7,7,714,STONY ISLAND AVE,41.7143,-87.530956,07/31/2021 04:55:00 PM,2021
CR00004205,04/28/2020 09:41:00 AM,30,FREEZING RAIN/DRIZZLE,DAYLIGHT,ANGLE,NOT DIVIDED,TRAFFIC SIGNAL,DRIVING SKILLS/KNOWLEDGE/EXPERIENCE,NOT APPLICABLE,0,0,0,0,9,3,4,2124,47TH ST,41.810746,-87.619066,04/28/2020 10:26:00 AM,2020
CR00004206,09/22/2021 11:11:00 PM,35,CLEAR,DAYLIGHT,SIDESWIPE SAME DIRECTION,NOT DIVIDED,TRAFFIC SIGNAL,FAILING TO YIELD RIGHT-OF-WAY,DRIVING SKILLS/KNOWLEDGE/EXPERIENCE,0,0,0,0,23,4,9,1687,CALIFORNIA AVE,41.939119,-87.564243,09/23/2021 12:45:00 AM,2021
CR00004207,05/17/2021 08:36:00 PM,35,CLEAR,DAYLIGHT,ANGLE,DIVIDED - W/MEDIAN (NOT RAISED),STOP SIGN/FLASHER,DRIVING SKILLS/KNOWLEDGE/EXPERIENCE,NOT APPLICABLE,0,0,0,0,20,2,5,777,KEDZIE AVE,41.7377,-87.847991,05/17/2021 10:15:00 PM,2021
CR00004208,01/29/2020 12:05:00 PM,15,CLEAR,DARKNESS - LIGHTED ROAD,ANGLE,T-INTERSECTION,TRAFFIC SIGNAL,IMPROPER LANE USAGE,UNABLE TO DETERMINE,0,0,3,3,12,4,1,386,STONY ISLAND AVE,41.957037,-87.556125,01/29/2020 12:32:00 PM,2020
CR00004209,08/11/2020 04:11:00 AM,40,CLEAR,DAYLIGHT,TURNING,ONE-WAY,NO CONTROLS,UNABLE TO DETERMINE,UNABLE TO DETERMINE,0,0,1,1,4,3,8,1692,STONY ISLAND AVE,41.79482,-87.529944,08/11/2020 05:43:00 AM,2020
CR00004210,11/29/2016 06:20:00 PM,30,CLEAR,DAYLIGHT,REAR TO FRONT,ONE-WAY,NO CONTROLS,FOLLOWING TOO CLOSELY,UNABLE TO DETERMINE,0,0,0,0,18,3,11,2095,63RD ST,41.920834,-87.637258,11/29/2016 06:45:00 PM,2016
CR00004211,01/20/2017 09:34:00 PM,20,CLEAR,DAYLIGHT,FIXED OBJECT,NOT DIVIDED,NO CONTROLS,UNABLE TO DETERMINE,FOLLOWING TOO CLOSELY,0,0,0,0,21,6,1,1105,STONY ISLAND AVE,41.973846,-87.761051,01/20/2017 11:07:00 PM,2017
CR00004212,07/10/2015 04:04:00 PM,30,CLEAR,DARKNESS - LIGHTED ROAD,TURNING,FOUR WAY,TRAFFIC SIGNAL,FAILING TO YIELD RIGHT-OF-WAY,NOT APPLICABLE,0,0,0,0,16,6,7,2010,OGDEN AVE,41.850099,-87.622593,07/10/2015 04:24:00 PM,2015
CR00004213,04/24/2017 01:12:00 AM,35,CLEAR,DAYLIGHT,REAR END,ONE-WAY,TRAFFIC SIGNAL,FAILING TO REDUCE SPEED,DRIVING SKILLS/KNOWLEDGE/EXPERIENCE,0,0,1,1,1,2,4,1156,OGDEN AVE,41.715061,-87.63671,04/24/2017 03:05:00 AM,2017
CR00004214,04/05/2016 10:47:00 AM,45,RAIN,DAYLIGHT,ANGLE,NOT DIVIDED,TRAFFIC SIGNAL,UNABLE TO DETERMINE,DISTRACTION - FROM INSIDE VEHICLE,0,0,0,0,10,3,4,728,WESTERN AVE,41.913896,-87.592302,04/05/2016 11:51:00 AM,2016
CR00004215,09/14/2020 07:17:00 PM,30,CLEAR,DARKNESS - LIGHTED ROAD,SIDESWIPE SAME DIRECTION,T-INTERSECTION,STOP SIGN/FLASHER,FAILING TO YIELD RIGHT-OF-WAY,DISTRACTION - FROM INSIDE VEHICLE,0,2,1,3,19,2,9,2483,KEDZIE AVE,41.727356,-87.650507,09/14/2020 07:23:00 PM,2020
CR00004216,10/13/2022 09:03:00 AM,45,RAIN,DARKNESS - LIGHTED ROAD,REAR END,NOT DIVIDED,TRAFFIC SIGNAL,IMPROPER OVERTAKING/PASSING,NOT APPLICABLE,0,0,1,1,9,5,10,1414,PULASKI RD,41.959368,-87.657921,10/13/2022 10:34:00 AM,2022
CR00004217,06/11/2016 08:21:00 AM,25,FOG/SMOKE/HAZE,DAYLIGHT,ANGLE,NOT DIVIDED,TRAFFIC SIGNAL,FOLLOWING TOO CLOSELY,NOT APPLICABLE,0,0,0,0,8,7,6,1269,63RD ST,41.968323,-87.565883,06/11/2016 09:46:00 AM,2016
CR00004218,09/26/2023 04:51:00 PM,15,CLEAR,DARKNESS - LIGHTED ROAD,SIDESWIPE SAME DIRECTION,ONE-WAY,NO CONTROLS,FOLLOWING TOO CLOSELY,FOLLOWING TOO CLOSELY,0,0,0,0,16,3,9,1852,LAKE SHORE DR,41.794455,-87.84584,09/26/2023 06:19:00 PM,2023
CR00004219,12/09/2019 07:15:00 AM,45,CLEAR,DAYLIGHT,SIDESWIPE SAME DIRECTION,NOT DIVIDED,TRAFFIC SIGNAL,UNABLE TO DETERMINE,DRIVING SKILLS/KNOWLEDGE/EXPERIENCE,0,0,0,0,7,2,12,118,BROADWAY,41.832519,-87.680269,12/09/2019 07:40:00 AM,2019
CR00004220,10/12/2019 08:25:00 AM,45,CLEAR,DAYLIGHT,REAR END,DIVIDED - W/MEDIAN (NOT RAISED),UNKNOWN,UNABLE TO DETERMINE,UNABLE TO DETERMINE,0,0,0,0,8,7,10,556,LAKE SHORE DR,41.886456,-87.745373,10/12/2019 09:43:00 AM,2019
CR00004221,05/18/2019 10:34:00 AM,30,CLEAR,DAYLIGHT,REAR END,DIVIDED - W/MEDIAN BARRIER,UNKNOWN,UNABLE TO DETERMINE,IMPROPER LANE USAGE,0,0,0,0,10,7,5,427,DIVISION ST,41.819989,-87.750001,05/18/2019 12:00:00 PM,2019
CR00004222,01/23/2019 12:21:00 PM,40,CLEAR,DAYLIGHT,PARKED MOTOR VEHICLE,NOT DIVIDED,STOP SIGN/FLASHER,UNABLE TO DETERMINE,NOT APPLICABLE,0,0,0,0,12,4,1,619,ELSTON AVE,41.948628,-87.58839,01/23/2019 12:57:00 PM,2019
CR00004223,07/06/2017 11:20:00 PM,45,CLEAR,DAYLIGHT,REAR END,NOT DIVIDED,STOP SIGN/FLASHER,IMPROPER OVERTAKING/PASSING,WEATHER,0,0,0,0,23,5,7,1329,OGDEN AVE,41.710184,-87.803182,07/07/2017 01:08:00 AM,2017
CR00004224,02/12/2022 01:12:00 PM,30,CLEAR,DAYLIGHT,TURNING,NOT DIVIDED,TRAFFIC SIGNAL,UNABLE TO DETERMINE,DISTRACTION - FROM INSIDE VEHICLE,0,0,0,0,13,7,2,1176,MICHIGAN AVE,41.772797,-87.660887,02/12/2022 01:18:00 PM,2022
CR00004225,10/13/2018 06:44:00 PM,25,CLEAR,DAYLIGHT,REAR END,ONE-WAY,STOP SIGN/FLASHER,FOLLOWING TOO CLOSELY,FOLLOWING TOO CLOSELY,0,0,0,0,18,7,10,1726,KEDZIE AVE,41.812374,-87.782989,10/13/2018 07:41:00 PM,2018
CR00004226,03/26/2022 04:48:00 AM,15,CLEAR,DARKNESS - LIGHTED ROAD,PEDESTRIAN,FOUR WAY,STOP SIGN/FLASHER,IMPROPER OVERTAKING/PASSING,FAILING TO YIELD RIGHT-OF-WAY,0,0,2,2,4,7,3,1472,OGDEN AVE,41.731197,-87.787158,03/26/2022 05:31:00 AM,2022
CR00004227,02/18/2024 11:12:00 AM,35,CLEAR,DARKNESS - LIGHTED ROAD,REAR END,FOUR WAY,TRAFFIC SIGNAL,FOLLOWING TOO CLOSELY,UNABLE TO DETERMINE,0,0,3,3,11,1,2,529,FULLERTON AVE,41.979941,-87.556303,02/18/2024 12:07:00 PM,2024
CR00004228,02/27/2021 07:57:00 PM,35,CLEAR,DAYLIGHT,REAR END,ONE-WAY,STOP SIGN/FLASHER,IMPROPER OVERTAKING/PASSING,DRIVING SKILLS/KNOWLEDGE/EXPERIENCE,0,0,0,0,19,7,2,1422,CLARK ST,41.833616,-87.624625,02/27/2021 09:28:00 PM,2021
CR00004229,07/26/2018 02:18:00 PM,30,CLOUDY/OVERCAST,DAYLIGHT,ANGLE,DIVIDED - W/MEDIAN BARRIER,TRAFFIC SIGNAL,DISTRACTION - FROM INSIDE VEHICLE,UNABLE TO DETERMINE,0,0,2,2,14,5,7,1378,ELSTON AVE,41.711897,-87.580536,07/26/2018 04:00:00 PM,2018
CR00004230,11/16/2023 12:55:00 PM,25,CLEAR,DARKNESS,TURNING,NOT DIVIDED,NO CONTROLS,UNABLE TO DETERMINE,DISREGARDING TRAFFIC SIGNALS,0,0,0,0,12,5,11,1417,DAMEN AVE,41.925836,-87.598319,11/16/2023 02:54:00 PM,2023
CR00004231,01/30/2019 07:30:00 AM,35,CLEAR,DAYLIGHT,TURNING,T-INTERSECTION,STOP SIGN/FLASHER,IMPROPER LANE USAGE,DRIVING SKILLS/KNOWLEDGE/EXPERIENCE,0,0,0,0,7,4,1,432,ELSTON AVE,41.974068,-87.524362,01/30/2019 08:15:00 AM,2019
CR00004232,08/21/2015 10:23:00 PM,15,RAIN,DAYLIGHT,SIDESWIPE SAME DIRECTION,DIVIDED - W/MEDIAN (NOT RAISED),NO CONTROLS,UNABLE TO DETERMINE,FAILING TO YIELD RIGHT-OF-WAY,0,0,0,0,22,6,8,1236,47TH ST,41.996127,-87.64424,08/21/2015 10:27:00 PM,2015
CR00004233,08/03/2019 02:25:00 AM,40,CLEAR,DARKNESS - LIGHTED ROAD,ANGLE,NOT DIVIDED,UNKNOWN,UNABLE TO DETERMINE,UNABLE TO DETERMINE,0,0,1,1,2,7,8,464,STATE ST,41.771626,-87.732844,08/03/2019 03:54:00 AM,2019
CR00004234,07/09/2021 09:41:00 AM,45,SNOW,DAYLIGHT,ANGLE,FOUR WAY,NO CONTROLS,DISREGARDING TRAFFIC SIGNALS,UNABLE TO DETERMINE,0,0,0,0,9,6,7,1713,DAMEN AVE,41.955282,-87.671074,07/09/2021 11:41:00 AM,2021
CR00004235,11/16/2019 11:13:00 AM,20,CLEAR,DARKNESS - LIGHTED ROAD,REAR END,NOT DIVIDED,NO CONTROLS,DRIVING SKILLS/KNOWLEDGE/EXPERIENCE,NOT APPLICABLE,0,0,0,0,11,7,11,437,WESTERN AVE,41.883164,-87.52936,11/16/2019 12:52:00 PM,2019
CR00004236,06/10/2015 01:13:00 AM,35,CLEAR,DAYLIGHT,FIXED OBJECT,FOUR WAY,UNKNOWN,IMPROPER LANE USAGE,NOT APPLICABLE,0,0,2,2,1,4,6,384,BROADWAY,41.868218,-87.672155,06/10/2015 02:19:00 AM,2015
CR00004237,08/11/2016 03:44:00 PM,45,FOG/SMOKE/HAZE,DAYLIGHT,REAR TO FRONT,NOT DIVIDED,TRAFFIC SIGNAL,UNABLE TO DETERMINE,WEATHER,0,0,0,0,15,5,8,448,HALSTED ST,41.824196,-87.848769,08/11/2016 05:35:00 PM,2016
CR00004238,06/29/2016 10:56:00 PM,35,CLEAR,DARKNESS - LIGHTED ROAD,REAR END,ONE-WAY,NO CONTROLS,IMPROPER LANE USAGE,IMPROPER OVERTAKING/PASSING,0,0,0,0,22,4,6,1718,ROOSEVELT RD,41.808466,-87.779536,06/29/2016 11:22:00 PM,2016
CR00004239,06/04/2019 07:24:00 AM,30,CLEAR,DAYLIGHT,REAR END,DIVIDED - W/MEDIAN BARRIER,NO CONTROLS,WEATHER,DISREGARDING TRAFFIC SIGNALS,0,0,0,0,7,3,6,2043,63RD ST,41.740889,-87.586687,06/04/2019 07:49:00 AM,2019
CR00004240,07/02/2015 07:28:00 AM,15,CLEAR,DAYLIGHT,SIDESWIPE SAME DIRECTION,ONE-WAY,TRAFFIC SIGNAL,FOLLOWING TOO CLOSELY,IMPROPER LANE USAGE,0,0,0,0,7,5,7,579,LAKE SHORE DR,41.975365,-87.74721,07/02/2015 08:19:00 AM,2015
CR00004241,05/03/2023 11:00:00 AM,25,CLEAR,DAYLIGHT,REAR END,DIVIDED - W/MEDIAN (NOT RAISED),STOP SIGN/FLASHER,UNABLE TO DETERMINE,FOLLOWING TOO CLOSELY,0,0,0,0,11,4,5,2142,BROADWAY,41.927714,-87.528392,05/03/2023 11:13:00 AM,2023
CR00004242,12/09/2016 06:53:00 AM,30,CLEAR,DAYLIGHT,REAR END,NOT DIVIDED,NO CONTROLS,FAILING TO YIELD RIGHT-OF-WAY,FOLLOWING TOO CLOSELY,0,0,0,0,6,6,12,2398,ROOSEVELT RD,41.721452,-87.839563,12/09/2016 08:30:00 AM,2016
CR00004243,04/06/2023 01:44:00 PM,30,RAIN,DARKNESS,TURNING,DIVIDED - W/MEDIAN BARRIER,NO CONTROLS,DISTRACTION - FROM INSIDE VEHICLE,UNABLE TO DETERMINE,0,0,0,0,13,5,4,1923,OGDEN AVE,41.90559,-87.654101,04/06/2023 03:42:00 PM,2023
CR00004244,05/30/2019 02:10:00 AM,30,SNOW,DARKNESS,REAR END,NOT DIVIDED,NO CONTROLS,UNABLE TO DETERMINE,DISTRACTION - FROM INSIDE VEHICLE,0,0,2,2,2,5,5,2421,CICERO AVE,41.764634,-87.724055,05/30/2019 04:08:00 AM,2019
CR00004245,12/11/2017 06:37:00 PM,30,RAIN,DAYLIGHT,SIDESWIPE SAME DIRECTION,NOT DIVIDED,NO CONTROLS,WEATHER,IMPROPER LANE USAGE,0,0,0,0,18,2,12,1687,ARCHER AVE,41.804405,-87.737448,12/11/2017 08:31:00 PM,2017
CR00004246,01/17/2018 04:46:00 PM,30,CLEAR,DAYLIGHT,FIXED OBJECT,FOUR WAY,STOP SIGN/FLASHER,IMPROPER LANE USAGE,UNABLE TO DETERMINE,0,0,0,0,16,4,1,1164,MILWAUKEE AVE,41.801021,-87.512917,01/17/2018 06:37:00 PM,2018
CR00004247,08/28/2016 08:59:00 PM,40,CLEAR,DARKNESS,ANGLE,NOT DIVIDED,STOP SIGN/FLASHER,IMPROPER OVERTAKING/PASSING,UNABLE TO DETERMINE,0,0,0,0,20,1,8,1111,ROOSEVELT RD,41.741048,-87.626037,08/28/2016 09:26:00 PM,2016
CR00004248,02/14/2022 01:01:00 PM,45,CLEAR,DAYLIGHT,REAR END,NOT DIVIDED,NO CONTROLS,UNABLE TO DETERMINE,DRIVING SKILLS/KNOWLEDGE/EXPERIENCE,0,0,1,1,13,2,2,1264,ELSTON AVE,41.710167,-87.707463,02/14/2022 02:04:00 PM,2022
CR00004249,11/03/2019 11:19:00 AM,40,CLEAR,DAYLIGHT,REAR END,NOT DIVIDED,STOP SIGN/FLASHER,UNABLE TO DETERMINE,DISREGARDING TRAFFIC SIGNALS,0,0,0,0,11,1,11,1419,STATE ST,41.903313,-87.734098,11/03/2019 12:15:00 PM,2019
CR00004250,03/06/2018 09:06:00 PM,35,CLEAR,DARKNESS - LIGHTED ROAD,PEDESTRIAN,NOT DIVIDED,STOP SIGN/FLASHER,UNABLE TO DETERMINE,FAILING TO REDUCE SPEED,0,0,0,0,21,3,3,1785,IRVING PARK RD,41.705306,-87.512802,03/06/2018 09:55:00 PM,2018
CR00004251,06/06/2021 11:02:00 PM,40,SNOW,DARKNESS - LIGHTED ROAD,REAR END,DIVIDED - W/MEDIAN BARRIER,NO CONTROLS,FOLLOWING TOO CLOSELY,WEATHER,0,0,0,0,23,1,6,2248,IRVING PARK RD,41.702763,-87.717038,06/07/2021 12:29:00 AM,2021
CR00004252,09/23/2023 08:46:00 PM,30,CLEAR,DAYLIGHT,TURNING,FOUR WAY,NO CONTROLS,UNABLE TO DETERMINE,FOLLOWING TOO CLOSELY,0,0,0,0,20,7,9,2003,LAKE SHORE DR,41.868463,-87.533117,09/23/2023 10:12:00 PM,2023
CR00004253,04/06/2015 02:19:00 AM,35,CLEAR,DAYLIGHT,SIDESWIPE SAME DIRECTION,NOT DIVIDED,TRAFFIC SIGNAL,FOLLOWING TOO CLOSELY,UNABLE TO DETERMINE,0,0,0,0,2,2,4,2337,STONY ISLAND AVE,41.909305,-87.609516,04/06/2015 03:17:00 AM,2015
CR00004254,02/28/2020 11:46:00 PM,35,FOG/SMOKE/HAZE,DAYLIGHT,REAR END,DIVIDED - W/MEDIAN (NOT RAISED),NO CONTROLS,FAILING TO YIELD RIGHT-OF-WAY,NOT APPLICABLE,0,0,0,0,23,6,2,952,CLARK ST,41.86755,-87.795405,02/29/2020 01:31:00 AM,2020
CR00004255,12/08/2020 08:29:00 AM,30,CLEAR,DAYLIGHT,SIDESWIPE SAME DIRECTION,DIVIDED - W/MEDIAN (NOT RAISED),NO CONTROLS,FAILING TO YIELD RIGHT-OF-WAY,IMPROPER OVERTAKING/PASSING,0,0,0,0,8,3,12,1588,IRVING PARK RD,41.923963,-87.590956,12/08/2020 10:24:00 AM,2020
CR00004256,05/03/2015 09:33:00 AM,20,CLEAR,DAYLIGHT,FIXED OBJECT,NOT DIVIDED,NO CONTROLS,UNABLE TO DETERMINE,IMPROPER LANE USAGE,0,0,0,0,9,1,5,2127,ASHLAND AVE,41.88067,-87.735646,05/03/2015 10:11:00 AM,2015
CR00004257,06/22/2024 02:52:00 AM,45,CLEAR,DAYLIGHT,PARKED MOTOR VEHICLE,FOUR WAY,NO CONTROLS,FOLLOWING TOO CLOSELY,UNABLE TO DETERMINE,0,1,1,2,2,7,6,2475,DAMEN AVE,41.765345,-87.722751,06/22/2024 02:58:00 AM,2024
CR00004258,10/25/2022 01:03:00 AM,40,CLEAR,DARKNESS,ANGLE,DIVIDED - W/MEDIAN (NOT RAISED),TRAFFIC SIGNAL,FOLLOWING TOO CLOSELY,DRIVING SKILLS/KNOWLEDGE/EXPERIENCE,0,0,0,0,1,3,10,1341,HALSTED ST,41.976924,-87.542999,10/25/2022 01:55:00 AM,2022
CR00004259,10/28/2016 11:11:00 AM,30,CLEAR,DAYLIGHT,PARKED MOTOR VEHICLE,NOT DIVIDED,TRAFFIC SIGNAL,IMPROPER OVERTAKING/PASSING,FOLLOWING TOO CLOSELY,0,0,2,2,11,6,10,194,CICERO AVE,41.800671,-87.607407,10/28/2016 12:59:00 PM,2016
CR00004260,10/05/2021 08:09:00 AM,25,FOG/SMOKE/HAZE,DAYLIGHT,REAR END,DIVIDED - W/MEDIAN (NOT RAISED),TRAFFIC SIGNAL,UNABLE TO DETERMINE,IMPROPER LANE USAGE,0,0,2,2,8,3,10,1555,STONY ISLAND AVE,41.793641,-87.752238,10/05/2021 09:59:00 AM,2021
CR00004261,02/20/2017 03:50:00 PM,30,CLEAR,DUSK,REAR END,DIVIDED - W/MEDIAN BARRIER,UNKNOWN,UNABLE TO DETERMINE,DISTRACTION - FROM INSIDE VEHICLE,0,0,0,0,15,2,2,1403,CALIFORNIA AVE,41.782383,-87.658372,02/20/2017 04:00:00 PM,2017
CR00004262,11/18/2024 03:28:00 PM,45,CLEAR,DARKNESS - LIGHTED ROAD,TURNING,DIVIDED - W/MEDIAN BARRIER,NO CONTROLS,FAILING TO YIELD RIGHT-OF-WAY,UNABLE TO DETERMINE,0,0,0,0,15,2,11,1038,CICERO AVE,41.736062,-87.761293,11/18/2024 04:06:00 PM,2024
CR00004263,07/01/2020 11:40:00 AM,30,CLEAR,DAYLIGHT,PARKED MOTOR VEHICLE,DIVIDED - W/MEDIAN (NOT RAISED),NO CONTROLS,UNABLE TO DETERMINE,NOT APPLICABLE,0,0,0,0,11,4,7,1879,MILWAUKEE AVE,41.765428,-87.686564,07/01/2020 01:01:00 PM,2020
CR00004264,01/05/2021 12:32:00 PM,30,RAIN,DAYLIGHT,PARKED MOTOR VEHICLE,FOUR WAY,NO CONTROLS,FAILING TO YIELD RIGHT-OF-WAY,FAILING TO REDUCE SPEED,0,0,0,0,12,3,1,2370,FULLERTON AVE,41.964744,-87.699113,01/05/2021 01:18:00 PM,2021
CR00004265,06/27/2020 08:40:00 AM,30,CLEAR,DAYLIGHT,SIDESWIPE SAME DIRECTION,DIVIDED - W/MEDIAN BARRIER,PEDESTRIAN CROSSING SIGN,FAILING TO REDUCE SPEED,FAILING TO REDUCE SPEED,0,0,0,0,8,7,6,1377,79TH ST,41.773453,-87.677933,06/27/2020 09:46:00 AM,2020
CR00004266,09/09/2024 07:36:00 AM,35,CLEAR,DARKNESS - LIGHTED ROAD,REAR END,DIVIDED - W/MEDIAN (NOT RAISED),TRAFFIC SIGNAL,UNABLE TO DETERMINE,FOLLOWING TOO CLOSELY,0,0,0,0,7,2,9,1721,CICERO AVE,41.913226,-87.707118,09/09/2024 08:36:00 AM,2024
CR00004267,02/11/2016 06:22:00 PM,40,CLEAR,DARKNESS - LIGHTED ROAD,ANGLE,DIVIDED - W/MEDIAN (NOT RAISED),YIELD,IMPROPER LANE USAGE,NOT APPLICABLE,0,0,1,1,18,5,2,1661,ASHLAND AVE,41.848119,-87.745345,02/11/2016 07:39:00 PM,2016
CR00004268,12/20/2015 12:35:00 PM,40,CLEAR,DAYLIGHT,PARKED MOTOR VEHICLE,DIVIDED - W/MEDIAN (NOT RAISED),NO CONTROLS,UNABLE TO DETERMINE,DISREGARDING TRAFFIC SIGNALS,0,0,0,0,12,1,12,862,DAMEN AVE,41.708254,-87.679201,12/20/2015 02:09:00 PM,2015
CR00004269,09/07/2020 08:41:00 AM,30,CLEAR,DAYLIGHT,TURNING,NOT DIVIDED,TRAFFIC SIGNAL,DISTRACTION - FROM INSIDE VEHICLE,NOT APPLICABLE,0,0,0,0,8,2,9,383,IRVING PARK RD,41.927498,-87.790962,09/07/2020 10:33:00 AM,2020
CR00004270,01/31/2016 01:39:00 PM,30,CLEAR,DAYLIGHT,REAR TO FRONT,NOT DIVIDED,TRAFFIC SIGNAL,DRIVING SKILLS/KNOWLEDGE/EXPERIENCE,NOT APPLICABLE,0,0,0,0,13,1,1,613,ROOSEVELT RD,41.844438,-87.636464,01/31/2016 02:23:00 PM,2016
CR00004271,09/12/2023 04:38:00 AM,30,CLEAR,DARKNESS - LIGHTED ROAD,PEDESTRIAN,NOT DIVIDED,NO CONTROLS,FAILING TO REDUCE SPEED,IMPROPER OVERTAKING/PASSING,0,0,3,3,4,3,9,1109,HALSTED ST,41.920279,-87.607646,09/12/2023 06:04:00 AM,2023
CR00004272,10/25/2018 02:23:00 PM,15,CLEAR,DAYLIGHT,ANGLE,FOUR WAY,STOP SIGN/FLASHER,WEATHER,NOT APPLICABLE,0,0,0,0,14,5,10,351,MILWAUKEE AVE,41.742027,-87.521584,10/25/2018 02:54:00 PM,2018
CR00004273,08/06/2019 06:16:00 PM,15,SNOW,DARKNESS - LIGHTED ROAD,SIDESWIPE SAME DIRECTION,DIVIDED - W/MEDIAN (NOT RAISED),NO CONTROLS,WEATHER,NOT APPLICABLE,0,0,1,1,18,3,8,373,CICERO AVE,41.832858,-87.578702,08/06/2019 06:27:00 PM,2019
CR00004274,11/20/2020 06:24:00 PM,20,RAIN,DARKNESS - LIGHTED ROAD,ANGLE,ONE-WAY,NO CONTROLS,FAILING TO YIELD RIGHT-OF-WAY,UNABLE TO DETERMINE,0,0,0,0,18,6,11,1408,CLARK ST,41.919092,-87.544959,11/20/2020 07:48:00 PM,2020
CR00004275,04/24/2018 12:39:00 PM,25,CLEAR,DAYLIGHT,TURNING,NOT DIVIDED,STOP SIGN/FLASHER,IMPROPER LANE USAGE,IMPROPER OVERTAKING/PASSING,0,0,0,0,12,3,4,890,STATE ST,41.864168,-87.772179,04/24/2018 12:52:00 PM,2018
CR00004276,03/25/2024 06:15:00 AM,30,CLOUDY/OVERCAST,DAYLIGHT,TURNING,DIVIDED - W/MEDIAN (NOT RAISED),NO CONTROLS,DISREGARDING TRAFFIC SIGNALS,NOT APPLICABLE,0,0,0,0,6,2,3,2077,ASHLAND AVE,41.953961,-87.842521,03/25/2024 06:59:00 AM,2024
CR00004277,04/15/2022 04:53:00 PM,30,CLEAR,DARKNESS - LIGHTED ROAD,FIXED OBJECT,NOT DIVIDED,NO CONTROLS,UNABLE TO DETERMINE,FOLLOWING TOO CLOSELY,0,0,0,0,16,6,4,1464,MICHIGAN AVE,41.907541,-87.629522,04/15/2022 05:28:00 PM,2022
CR00004278,06/15/2023 05:18:00 PM,15,CLEAR,DAWN,ANGLE,NOT DIVIDED,UNKNOWN,FAILING TO YIELD RIGHT-OF-WAY,DISTRACTION - FROM INSIDE VEHICLE,0,0,0,0,17,5,6,2221,STATE ST,41.7025,-87.686019,06/15/2023 05:36:00 PM,2023
CR00004279,09/10/2018 04:19:00 PM,35,SNOW,DAYLIGHT,REAR END,NOT DIVIDED,STOP SIGN/FLASHER,UNABLE TO DETERMINE,FAILING TO YIELD RIGHT-OF-WAY,0,0,0,0,16,2,9,1876,LAKE SHORE DR,41.739648,-87.694781,09/10/2018 05:21:00 PM,2018
CR00004280,06/02/2016 11:11:00 AM,30,CLEAR,DAYLIGHT,TURNING,NOT DIVIDED,UNKNOWN,IMPROPER LANE USAGE,UNABLE TO DETERMINE,0,0,0,0,11,5,6,1761,CALIFORNIA AVE,41.757584,-87.595664,06/02/2016 12:56:00 PM,2016
CR00004281,06/25/2020 10:41:00 AM,40,CLEAR,DAYLIGHT,TURNING,NOT DIVIDED,UNKNOWN,FOLLOWING TOO CLOSELY,FOLLOWING TOO CLOSELY,0,0,0,0,10,5,6,918,ROOSEVELT RD,41.91977,-87.847281,06/25/2020 12:19:00 PM,2020
CR00004282,06/29/2020 06:01:00 AM,30,CLEAR,DAYLIGHT,SIDESWIPE SAME DIRECTION,DIVIDED - W/MEDIAN (NOT RAISED),NO CONTROLS,FOLLOWING TOO CLOSELY,UNABLE TO DETERMINE,0,0,0,0,6,2,6,1157,FULLERTON AVE,41.855649,-87.791523,06/29/2020 06:58:00 AM,2020
CR00004283,07/26/2024 02:08:00 PM,30,CLEAR,DAYLIGHT,TURNING,T-INTERSECTION,NO CONTROLS,FOLLOWING TOO CLOSELY,UNABLE TO DETERMINE,0,0,3,3,14,6,7,854,STONY ISLAND AVE,41.989854,-87.556273,07/26/2024 03:32:00 PM,2024
CR00004284,01/07/2020 02:16:00 PM,40,CLEAR,DARKNESS - LIGHTED ROAD,REAR END,NOT DIVIDED,TRAFFIC SIGNAL,UNABLE TO DETERMINE,FOLLOWING TOO CLOSELY,0,0,0,0,14,3,1,2262,LAKE SHORE DR,41.891909,-87.847435,01/07/2020 02:46:00 PM,2020
CR00004285,11/12/2024 06:45:00 PM,20,SNOW,DARKNESS - LIGHTED ROAD,FIXED OBJECT,NOT DIVIDED,UNKNOWN,UNABLE TO DETERMINE,UNABLE TO DETERMINE,0,0,0,0,18,3,11,1350,WESTERN AVE,41.800491,-87.793071,11/12/2024 08:26:00 PM,2024
CR00004286,02/09/2022 07:13:00 AM,30,CLEAR,DARKNESS,ANGLE,ONE-WAY,STOP SIGN/FLASHER,UNABLE TO DETERMINE,DRIVING SKILLS/KNOWLEDGE/EXPERIENCE,0,0,0,0,7,4,2,1335,ARCHER AVE,41.784369,-87.512051,02/09/2022 07:20:00 AM,2022