CRASH_RECORD_ID,CRASH_DATE,POSTED_SPEED_LIMIT,WEATHER_CONDITION,LIGHTING_CONDITION,FIRST_CRASH_TYPE,TRAFFICWAY_TYPE,TRAFFIC_CONTROL_DEVICE,PRIM_CONTRIBUTORY_CAUSE,SEC_CONTRIBUTORY_CAUSE,INJURIES_FATAL,INJURIES_INCAPACITATING,INJURIES_NON_INCAPACITATING,INJURIES_TOTAL,CRASH_HOUR,CRASH_DAY_OF_WEEK,CRASH_MONTH,BEAT_OF_OCCURRENCE,STREET_NAME,LATITUDE,LONGITUDE,DATE_POLICE_NOTIFIED,year
CR00004287,08/13/2023 11:13:00 PM,30,SNOW,DUSK,TURNING,NOT DIVIDED,TRAFFIC SIGNAL,UNABLE TO DETERMINE,FAILING TO YIELD RIGHT-OF-WAY,0,0,0,0,23,1,8,1646,DAMEN AVE,41.709864,-87.830984,08/13/2023 11:26:00 PM,2023
CR00004288,05/06/2021 10:40:00 AM,45,CLEAR,DARKNESS - LIGHTED ROAD,REAR END,FOUR WAY,STOP SIGN/FLASHER,IMPROPER OVERTAKING/PASSING,DRIVING SKILLS/KNOWLEDGE/EXPERIENCE,0,0,0,0,10,5,5,1415,47TH ST,41.822129,-87.73141,05/06/2021 11:29:00 AM,2021
CR00004289,04/12/2016 11:14:00 PM,30,CLEAR,DARKNESS,REAR END,FOUR WAY,TRAFFIC SIGNAL,IMPROPER OVERTAKING/PASSING,IMPROPER OVERTAKING/PASSING,0,0,0,0,23,3,4,877,LAKE SHORE DR,41.96885,-87.747185,04/12/2016 11:55:00 PM,2016
CR00004290,07/27/2024 11:37:00 AM,40,SNOW,DARKNESS - LIGHTED ROAD,ANGLE,FOUR WAY,TRAFFIC SIGNAL,UNABLE TO DETERMINE,FAILING TO YIELD RIGHT-OF-WAY,0,0,0,0,11,7,7,1815,BROADWAY,41.966477,-87.660431,07/27/2024 11:49:00 AM,2024
CR00004291,07/29/2017 09:52:00 AM,20,CLEAR,DAYLIGHT,SIDESWIPE SAME DIRECTION,DIVIDED - W/MEDIAN BARRIER,NO CONTROLS,FAILING TO YIELD RIGHT-OF-WAY,DRIVING SKILLS/KNOWLEDGE/EXPERIENCE,0,0,0,0,9,7,7,805,CLARK ST,41.937885,-87.566338,07/29/2017 11:10:00 AM,2017
CR00004292,10/16/2021 08:29:00 PM,45,CLEAR,DAYLIGHT,FIXED OBJECT,DIVIDED - W/MEDIAN BARRIER,NO CONTROLS,UNABLE TO DETERMINE,NOT APPLICABLE,0,0,0,0,20,7,10,1855,ARCHER AVE,41.926852,-87.612923,10/16/2021 09:03:00 PM,2021
CR00004293,03/18/2022 09:31:00 AM,35,SNOW,DARKNESS - LIGHTED ROAD,PARKED MOTOR VEHICLE,DIVIDED - W/MEDIAN BARRIER,NO CONTROLS,IMPROPER LANE USAGE,NOT APPLICABLE,0,0,0,0,9,6,3,171,CALIFORNIA AVE,41.72869,-87.786475,03/18/2022 10:26:00 AM,2022
CR00004294,12/31/2018 09:14:00 PM,30,CLEAR,DAYLIGHT,ANGLE,NOT DIVIDED,NO CONTROLS,FOLLOWING TOO CLOSELY,DISTRACTION - FROM INSIDE VEHICLE,0,0,0,0,21,2,12,1432,DAMEN AVE,41.760091,-87.763105,12/31/2018 11:14:00 PM,2018
CR00004295,06/26/2024 11:06:00 AM,30,CLEAR,DARKNESS - LIGHTED ROAD,SIDESWIPE SAME DIRECTION,ONE-WAY,TRAFFIC SIGNAL,UNABLE TO DETERMINE,FOLLOWING TOO CLOSELY,0,0,0,0,11,4,6,2424,DAMEN AVE,41.859567,-87.795798,06/26/2024 01:00:00 PM,2024
CR00004296,01/07/2020 01:47:00 PM,30,CLEAR,DAWN,SIDESWIPE SAME DIRECTION,NOT DIVIDED,NO CONTROLS,FOLLOWING TOO CLOSELY,FAILING TO YIELD RIGHT-OF-WAY,0,0,1,1,13,3,1,2089,FULLERTON AVE,41.781948,-87.529627,01/07/2020 03:15:00 PM,2020
CR00004297,06/16/2024 12:37:00 PM,30,SNOW,DAYLIGHT,PARKED MOTOR VEHICLE,NOT DIVIDED,NO CONTROLS,DISTRACTION - FROM INSIDE VEHICLE,IMPROPER LANE USAGE,0,0,0,0,12,1,6,1016,LAKE SHORE DR,41.932689,-87.671763,06/16/2024 12:57:00 PM,2024
CR00004298,05/23/2017 07:21:00 PM,30,CLEAR,DAWN,PEDESTRIAN,NOT DIVIDED,UNKNOWN,FAILING TO YIELD RIGHT-OF-WAY,FAILING TO REDUCE SPEED,0,0,0,0,19,3,5,2208,DAMEN AVE,41.89735,-87.635407,05/23/2017 08:28:00 PM,2017
CR00004299,01/08/2020 06:16:00 PM,35,CLEAR,DAYLIGHT,REAR END,DIVIDED - W/MEDIAN (NOT RAISED),NO CONTROLS,DRIVING SKILLS/KNOWLEDGE/EXPERIENCE,UNABLE TO DETERMINE,0,0,3,3,18,4,1,497,BROADWAY,41.996069,-87.558188,01/08/2020 08:14:00 PM,2020
CR00004300,12/02/2021 09:16:00 AM,20,CLEAR,DARKNESS,REAR TO FRONT,DIVIDED - W/MEDIAN (NOT RAISED),STOP SIGN/FLASHER,UNABLE TO DETERMINE,FAILING TO REDUCE SPEED,0,0,2,2,9,5,12,566,MILWAUKEE AVE,41.925873,-87.675662,12/02/2021 10:42:00 AM,2021
CR00004301,07/24/2017 07:36:00 PM,30,FOG/SMOKE/HAZE,DAYLIGHT,REAR END,ONE-WAY,NO CONTROLS,IMPROPER LANE USAGE,NOT APPLICABLE,0,0,0,0,19,2,7,2499,FULLERTON AVE,41.838691,-87.516675,07/24/2017 07:39:00 PM,2017
CR00004302,05/10/2018 06:56:00 PM,20,CLEAR,DARKNESS - LIGHTED ROAD,SIDESWIPE SAME DIRECTION,NOT DIVIDED,TRAFFIC SIGNAL,UNABLE TO DETERMINE,FOLLOWING TOO CLOSELY,0,0,0,0,18,5,5,636,HALSTED ST,41.860262,-87.738567,05/10/2018 08:37:00 PM,2018
CR00004303,12/24/2019 10:01:00 AM,40,SNOW,DAYLIGHT,ANGLE,ONE-WAY,STOP SIGN/FLASHER,WEATHER,NOT APPLICABLE,0,0,0,0,10,3,12,995,79TH ST,41.724563,-87.791262,12/24/2019 10:23:00 AM,2019
CR00004304,02/28/2020 01:35:00 AM,30,CLEAR,DAYLIGHT,ANGLE,ONE-WAY,NO CONTROLS,UNABLE TO DETERMINE,UNABLE TO DETERMINE,0,0,0,0,1,6,2,1375,79TH ST,41.922987,-87.729018,02/28/2020 03:03:00 AM,2020
CR00004305,09/26/2024 04:59:00 PM,25,CLEAR,DARKNESS - LIGHTED ROAD,TURNING,NOT DIVIDED,STOP SIGN/FLASHER,DISTRACTION - FROM INSIDE VEHICLE,IMPROPER LANE USAGE,0,0,0,0,16,5,9,2454,ROOSEVELT RD,41.820605,-87.558054,09/26/2024 05:15:00 PM,2024
CR00004306,12/09/2023 05:29:00 PM,15,RAIN,DAYLIGHT,TURNING,DIVIDED - W/MEDIAN (NOT RAISED),NO CONTROLS,FOLLOWING TOO CLOSELY,NOT APPLICABLE,0,0,1,1,17,7,12,629,ROOSEVELT RD,41.895702,-87.831595,12/09/2023 05:39:00 PM,2023
CR00004307,06/26/2021 12:52:00 PM,30,SNOW,DAYLIGHT,TURNING,NOT DIVIDED,NO CONTROLS,DISREGARDING TRAFFIC SIGNALS,DISTRACTION - FROM INSIDE VEHICLE,0,0,0,0,12,7,6,2263,STONY ISLAND AVE,41.879631,-87.509601,06/26/2021 01:34:00 PM,2021
CR00004308,06/29/2017 12:36:00 PM,40,CLOUDY/OVERCAST,DAYLIGHT,SIDESWIPE SAME DIRECTION,T-INTERSECTION,TRAFFIC SIGNAL,FAILING TO REDUCE SPEED,NOT APPLICABLE,0,0,2,2,12,5,6,1256,CICERO AVE,41.819521,-87.631952,06/29/2017 12:47:00 PM,2017
CR00004309,12/20/2016 05:09:00 AM,30,FOG/SMOKE/HAZE,DARKNESS - LIGHTED ROAD,REAR END,DIVIDED - W/MEDIAN BARRIER,TRAFFIC SIGNAL,UNABLE TO DETERMINE,IMPROPER OVERTAKING/PASSING,0,0,0,0,5,3,12,686,MICHIGAN AVE,41.870846,-87.837774,12/20/2016 06:27:00 AM,2016
CR00004310,09/30/2018 07:25:00 AM,20,CLEAR,DARKNESS - LIGHTED ROAD,ANGLE,ONE-WAY,NO CONTROLS,FAILING TO REDUCE SPEED,FOLLOWING TOO CLOSELY,0,0,0,0,7,1,9,2022,ASHLAND AVE,41.989115,-87.776591,09/30/2018 07:37:00 AM,2018
CR00004311,06/20/2024 02:10:00 PM,15,RAIN,DAYLIGHT,SIDESWIPE SAME DIRECTION,DIVIDED - W/MEDIAN (NOT RAISED),NO CONTROLS,FOLLOWING TOO CLOSELY,FAILING TO YIELD RIGHT-OF-WAY,0,0,1,1,14,5,6,2448,DIVISION ST,41.97488,-87.67368,06/20/2024 02:16:00 PM,2024
CR00004312,02/19/2018 03:15:00 PM,35,CLEAR,DAYLIGHT,ANGLE,T-INTERSECTION,TRAFFIC SIGNAL,IMPROPER OVERTAKING/PASSING,NOT APPLICABLE,0,0,1,1,15,2,2,1900,OGDEN AVE,41.821478,-87.83455,02/19/2018 04:11:00 PM,2018
CR00004313,10/07/2021 11:14:00 AM,30,RAIN,DAYLIGHT,REAR END,NOT DIVIDED,STOP SIGN/FLASHER,FAILING TO YIELD RIGHT-OF-WAY,NOT APPLICABLE,0,0,0,0,11,5,10,410,DIVISION ST,41.792074,-87.692319,10/07/2021 11:58:00 AM,2021
CR00004314,05/26/2021 04:13:00 PM,35,CLEAR,DARKNESS - LIGHTED ROAD,TURNING,DIVIDED - W/MEDIAN BARRIER,TRAFFIC SIGNAL,DISTRACTION - FROM INSIDE VEHICLE,NOT APPLICABLE,0,0,0,0,16,4,5,1268,HALSTED ST,41.919458,-87.763235,05/26/2021 05:23:00 PM,2021
CR00004315,09/22/2024 11:47:00 PM,40,CLEAR,DARKNESS,REAR END,DIVIDED - W/MEDIAN (NOT RAISED),NO CONTROLS,IMPROPER OVERTAKING/PASSING,UNABLE TO DETERMINE,0,0,0,0,23,1,9,2352,DAMEN AVE,41.817887,-87.780106,09/23/2024 01:22:00 AM,2024
CR00004316,08/11/2018 04:56:00 PM,20,CLOUDY/OVERCAST,DAYLIGHT,REAR END,NOT DIVIDED,TRAFFIC SIGNAL,FOLLOWING TOO CLOSELY,FOLLOWING TOO CLOSELY,0,0,0,0,16,7,8,1437,BROADWAY,41.836832,-87.51539,08/11/2018 06:37:00 PM,2018
CR00004317,07/24/2018 02:24:00 PM,30,CLOUDY/OVERCAST,DARKNESS - LIGHTED ROAD,FIXED OBJECT,T-INTERSECTION,NO CONTROLS,UNABLE TO DETERMINE,NOT APPLICABLE,0,0,0,0,14,3,7,685,63RD ST,41.815642,-87.586326,07/24/2018 03:15:00 PM,2018
CR00004318,02/04/2024 07:56:00 AM,25,CLEAR,DAYLIGHT,SIDESWIPE SAME DIRECTION,ONE-WAY,STOP SIGN/FLASHER,DISREGARDING TRAFFIC SIGNALS,IMPROPER LANE USAGE,0,0,0,0,7,1,2,2348,STONY ISLAND AVE,41.958311,-87.533143,02/04/2024 09:33:00 AM,2024
CR00004319,05/06/2015 10:41:00 AM,35,CLOUDY/OVERCAST,DAYLIGHT,REAR TO FRONT,NOT DIVIDED,NO CONTROLS,UNABLE TO DETERMINE,UNABLE TO DETERMINE,0,0,0,0,10,4,5,1472,IRVING PARK RD,41.868844,-87.599242,05/06/2015 11:09:00 AM,2015
CR00004320,01/07/2020 11:44:00 PM,35,CLOUDY/OVERCAST,DUSK,TURNING,FOUR WAY,NO CONTROLS,UNABLE TO DETERMINE,UNABLE TO DETERMINE,0,0,0,0,23,3,1,631,FULLERTON AVE,41.979505,-87.773795,01/08/2020 12:48:00 AM,2020
CR00004321,05/04/2024 06:39:00 PM,30,CLEAR,DAYLIGHT,REAR TO FRONT,NOT DIVIDED,TRAFFIC SIGNAL,IMPROPER OVERTAKING/PASSING,NOT APPLICABLE,0,0,0,0,18,7,5,1194,47TH ST,41.746431,-87.84158,05/04/2024 07:09:00 PM,2024
CR00004322,01/29/2015 06:35:00 PM,20,CLEAR,DARKNESS - LIGHTED ROAD,REAR END,ONE-WAY,NO CONTROLS,UNABLE TO DETERMINE,NOT APPLICABLE,0,0,2,2,18,5,1,1785,FULLERTON AVE,41.911771,-87.639326,01/29/2015 06:46:00 PM,2015
CR00004323,09/27/2019 07:19:00 PM,40,CLEAR,DAYLIGHT,SIDESWIPE SAME DIRECTION,ONE-WAY,NO CONTROLS,FAILING TO REDUCE SPEED,UNABLE TO DETERMINE,0,0,0,0,19,6,9,993,MICHIGAN AVE,41.86381,-87.798279,09/27/2019 08:15:00 PM,2019
CR00004324,04/21/2021 08:53:00 AM,30,CLOUDY/OVERCAST,DAYLIGHT,REAR END,NOT DIVIDED,UNKNOWN,UNABLE TO DETERMINE,FOLLOWING TOO CLOSELY,0,0,0,0,8,4,4,2143,63RD ST,41.830113,-87.690405,04/21/2021 10:32:00 AM,2021
CR00004325,08/23/2019 04:38:00 AM,30,CLEAR,DAYLIGHT,ANGLE,NOT DIVIDED,STOP SIGN/FLASHER,UNABLE TO DETERMINE,UNABLE TO DETERMINE,0,0,0,0,4,6,8,1730,47TH ST,41.809441,-87.534249,08/23/2019 04:50:00 AM,2019
CR00004326,11/01/2021 05:18:00 PM,45,CLEAR,DAYLIGHT,SIDESWIPE SAME DIRECTION,NOT DIVIDED,YIELD,DISTRACTION - FROM INSIDE VEHICLE,IMPROPER OVERTAKING/PASSING,0,0,0,0,17,2,11,2166,FULLERTON AVE,41.745338,-87.517478,11/01/2021 07:00:00 PM,2021
CR00004327,12/26/2022 11:45:00 AM,25,CLEAR,DAYLIGHT,REAR END,DIVIDED - W/MEDIAN BARRIER,STOP SIGN/FLASHER,IMPROPER LANE USAGE,NOT APPLICABLE,0,0,0,0,11,2,12,2221,47TH ST,41.996988,-87.776378,12/26/2022 01:09:00 PM,2022
CR00004328,11/04/2015 12:30:00 AM,35,CLEAR,DUSK,TURNING,ONE-WAY,NO CONTROLS,UNABLE TO DETERMINE,UNABLE TO DETERMINE,0,0,0,0,0,4,11,1365,STATE ST,41.744376,-87.570888,11/04/2015 01:54:00 AM,2015
CR00004329,05/21/2016 12:32:00 AM,30,CLEAR,DAYLIGHT,PARKED MOTOR VEHICLE,T-INTERSECTION,NO CONTROLS,UNABLE TO DETERMINE,NOT APPLICABLE,0,0,1,1,0,7,5,2131,OGDEN AVE,41.775112,-87.731249,05/21/2016 01:35:00 AM,2016
CR00004330,09/20/2018 04:16:00 PM,25,CLEAR,DARKNESS,PARKED MOTOR VEHICLE,NOT DIVIDED,NO CONTROLS,UNABLE TO DETERMINE,IMPROPER LANE USAGE,0,0,0,0,16,5,9,369,ARCHER AVE,41.849825,-87.795646,09/20/2018 05:31:00 PM,2018
CR00004331,12/04/2019 04:38:00 AM,25,CLEAR,DAYLIGHT,REAR END,NOT DIVIDED,STOP SIGN/FLASHER,DISREGARDING TRAFFIC SIGNALS,NOT APPLICABLE,0,0,3,3,4,4,12,724,CLARK ST,41.833391,-87.647663,12/04/2019 06:22:00 AM,2019
CR00004332,08/14/2016 11:02:00 AM,35,FOG/SMOKE/HAZE,DAYLIGHT,TURNING,ONE-WAY,NO CONTROLS,FOLLOWING TOO CLOSELY,NOT APPLICABLE,0,0,0,0,11,1,8,371,ELSTON AVE,41.90606,-87.778828,08/14/2016 11:10:00 AM,2016
CR00004333,04/03/2020 08:50:00 PM,45,CLEAR,DAYLIGHT,FIXED OBJECT,ONE-WAY,TRAFFIC SIGNAL,DISTRACTION - FROM INSIDE VEHICLE,DRIVING SKILLS/KNOWLEDGE/EXPERIENCE,0,0,0,0,20,6,4,1893,47TH ST,41.829575,-87.614464,04/03/2020 10:00:00 PM,2020
CR00004334,02/04/2017 04:26:00 PM,45,CLEAR,DAYLIGHT,PEDESTRIAN,ONE-WAY,STOP SIGN/FLASHER,UNABLE TO DETERMINE,UNABLE TO DETERMINE,0,0,0,0,16,7,2,482,47TH ST,41.960632,-87.744515,02/04/2017 06:05:00 PM,2017
CR00004335,12/27/2024 10:04:00 AM,30,RAIN,DARKNESS - LIGHTED ROAD,REAR END,NOT DIVIDED,NO CONTROLS,FAILING TO YIELD RIGHT-OF-WAY,FAILING TO YIELD RIGHT-OF-WAY,0,0,0,0,10,6,12,496,ASHLAND AVE,41.708718,-87.595387,12/27/2024 10:24:00 AM,2024
CR00004336,05/14/2020 01:35:00 PM,25,CLEAR,DARKNESS - LIGHTED ROAD,REAR END,NOT DIVIDED,NO CONTROLS,IMPROPER LANE USAGE,NOT APPLICABLE,0,0,0,0,13,5,5,1806,WESTERN AVE,41.951713,-87.536366,05/14/2020 02:16:00 PM,2020
CR00004337,03/29/2024 12:17:00 PM,30,SNOW,DARKNESS - LIGHTED ROAD,PARKED MOTOR VEHICLE,DIVIDED - W/MEDIAN BARRIER,TRAFFIC SIGNAL,DISTRACTION - FROM INSIDE VEHICLE,UNABLE TO DETERMINE,0,0,0,0,12,6,3,2044,ROOSEVELT RD,41.707218,-87.554928,03/29/2024 01:22:00 PM,2024
CR00004338,02/28/2015 09:08:00 AM,40,CLEAR,DAYLIGHT,REAR END,DIVIDED - W/MEDIAN (NOT RAISED),NO CONTROLS,UNABLE TO DETERMINE,UNABLE TO DETERMINE,0,0,1,1,9,7,2,2238,STATE ST,41.966912,-87.559928,02/28/2015 10:20:00 AM,2015
CR00004339,04/25/2018 07:14:00 AM,25,SNOW,DAYLIGHT,REAR END,NOT DIVIDED,TRAFFIC SIGNAL,DISREGARDING TRAFFIC SIGNALS,IMPROPER OVERTAKING/PASSING,0,0,0,0,7,4,4,161,WESTERN AVE,41.757605,-87.656799,04/25/2018 07:21:00 AM,2018
CR00004340,08/04/2016 09:52:00 AM,15,CLEAR,DAYLIGHT,TURNING,NOT DIVIDED,STOP SIGN/FLASHER,UNABLE TO DETERMINE,DISREGARDING TRAFFIC SIGNALS,0,0,0,0,9,5,8,1615,LAKE SHORE DR,41.862813,-87.780593,08/04/2016 11:35:00 AM,2016
CR00004341,08/07/2015 03:54:00 PM,30,CLEAR,DAYLIGHT,SIDESWIPE SAME DIRECTION,DIVIDED - W/MEDIAN BARRIER,NO CONTROLS,IMPROPER LANE USAGE,NOT APPLICABLE,0,1,0,1,15,6,8,559,47TH ST,41.77916,-87.716811,08/07/2015 04:34:00 PM,2015
CR00004342,06/09/2023 05:45:00 PM,30,CLEAR,DUSK,SIDESWIPE SAME DIRECTION,FOUR WAY,TRAFFIC SIGNAL,DISTRACTION - FROM INSIDE VEHICLE,FOLLOWING TOO CLOSELY,0,0,0,0,17,6,6,1052,KEDZIE AVE,41.745369,-87.742412,06/09/2023 06:30:00 PM,2023
CR00004343,08/02/2017 03:17:00 AM,30,SNOW,DARKNESS - LIGHTED ROAD,TURNING,NOT DIVIDED,TRAFFIC SIGNAL,UNABLE TO DETERMINE,NOT APPLICABLE,0,0,1,1,3,4,8,1860,HALSTED ST,41.864257,-87.821534,08/02/2017 03:33:00 AM,2017
CR00004344,10/03/2021 07:23:00 AM,30,FREEZING RAIN/DRIZZLE,DAYLIGHT,TURNING,NOT DIVIDED,NO CONTROLS,UNABLE TO DETERMINE,UNABLE TO DETERMINE,0,2,3,5,7,1,10,821,DIVISION ST,41.782798,-87.827946,10/03/2021 08:36:00 AM,2021
CR00004345,10/10/2024 08:44:00 AM,35,FREEZING RAIN/DRIZZLE,DARKNESS - LIGHTED ROAD,TURNING,FOUR WAY,NO CONTROLS,UNABLE TO DETERMINE,NOT APPLICABLE,0,0,0,0,8,5,10,660,WESTERN AVE,41.922332,-87.550362,10/10/2024 09:28:00 AM,2024
CR00004346,02/28/2022 04:01:00 PM,45,CLOUDY/OVERCAST,DAYLIGHT,TURNING,FOUR WAY,TRAFFIC SIGNAL,UNABLE TO DETERMINE,UNABLE TO DETERMINE,0,0,0,0,16,2,2,854,IRVING PARK RD,41.863195,-87.746012,02/28/2022 05:05:00 PM,2022
CR00004347,05/02/2023 10:25:00 AM,45,CLEAR,DAYLIGHT,TURNING,NOT DIVIDED,STOP SIGN/FLASHER,UNABLE TO DETERMINE,UNABLE TO DETERMINE,0,0,0,0,10,3,5,568,ROOSEVELT RD,41.863845,-87.610854,05/02/2023 12:18:00 PM,2023
CR00004348,12/22/2017 02:46:00 AM,15,CLEAR,DAYLIGHT,TURNING,NOT DIVIDED,STOP SIGN/FLASHER,DISTRACTION - FROM INSIDE VEHICLE,FAILING TO YIELD RIGHT-OF-WAY,0,0,0,0,2,6,12,345,ASHLAND AVE,41.971375,-87.524844,12/22/2017 03:22:00 AM,2017
CR00004349,04/03/2023 01:35:00 AM,35,CLEAR,DAYLIGHT,PARKED MOTOR VEHICLE,DIVIDED - W/MEDIAN BARRIER,STOP SIGN/FLASHER,FAILING TO YIELD RIGHT-OF-WAY,UNABLE TO DETERMINE,0,0,0,0,1,2,4,817,ASHLAND AVE,41.919772,-87.578599,04/03/2023 03:25:00 AM,2023
CR00004350,02/16/2019 12:14:00 PM,30,CLEAR,DAYLIGHT,ANGLE,DIVIDED - W/MEDIAN (NOT RAISED),NO CONTROLS,DRIVING SKILLS/KNOWLEDGE/EXPERIENCE,FAILING TO YIELD RIGHT-OF-WAY,0,0,0,0,12,7,2,509,STONY ISLAND AVE,41.77232,-87.634169,02/16/2019 01:14:00 PM,2019
CR00004351,05/30/2022 07:16:00 AM,35,CLOUDY/OVERCAST,DAYLIGHT,ANGLE,NOT DIVIDED,TRAFFIC SIGNAL,UNABLE TO DETERMINE,FOLLOWING TOO CLOSELY,0,0,1,1,7,2,5,256,79TH ST,41.709872,-87.740525,05/30/2022 07:42:00 AM,2022
CR00004352,07/04/2015 08:09:00 AM,40,RAIN,DARKNESS - LIGHTED ROAD,TURNING,FOUR WAY,TRAFFIC SIGNAL,FAILING TO REDUCE SPEED,DRIVING SKILLS/KNOWLEDGE/EXPERIENCE,0,0,0,0,8,7,7,1169,HALSTED ST,41.985939,-87.756422,07/04/2015 09:35:00 AM,2015
CR00004353,07/26/2017 11:05:00 AM,25,CLEAR,DAYLIGHT,REAR END,NOT DIVIDED,STOP SIGN/FLASHER,FOLLOWING TOO CLOSELY,IMPROPER LANE USAGE,0,0,0,0,11,4,7,671,ELSTON AVE,41.981144,-87.836687,07/26/2017 12:52:00 PM,2017
CR00004354,12/14/2022 03:19:00 PM,30,CLEAR,DARKNESS - LIGHTED ROAD,TURNING,FOUR WAY,STOP SIGN/FLASHER,UNABLE TO DETERMINE,IMPROPER OVERTAKING/PASSING,0,0,0,0,15,4,12,1804,DIVISION ST,41.916585,-87.520989,12/14/2022 04:50:00 PM,2022
CR00004355,10/28/2023 11:52:00 PM,25,CLEAR,DAYLIGHT,TURNING,NOT DIVIDED,TRAFFIC SIGNAL,DISREGARDING TRAFFIC SIGNALS,DISTRACTION - FROM INSIDE VEHICLE,0,0,0,0,23,7,10,2005,WESTERN AVE,41.759619,-87.614893,10/29/2023 01:37:00 AM,2023
CR00004356,11/12/2023 09:52:00 AM,15,CLEAR,DAYLIGHT,SIDESWIPE SAME DIRECTION,FOUR WAY,NO CONTROLS,DRIVING SKILLS/KNOWLEDGE/EXPERIENCE,UNABLE TO DETERMINE,0,0,0,0,9,1,11,1581,FULLERTON AVE,41.914822,-87.592124,11/12/2023 10:22:00 AM,2023
CR00004357,04/22/2021 03:53:00 PM,30,CLEAR,DARKNESS,ANGLE,NOT DIVIDED,NO CONTROLS,FOLLOWING TOO CLOSELY,DISTRACTION - FROM INSIDE VEHICLE,0,0,0,0,15,5,4,146,HALSTED ST,41.816747,-87.685343,04/22/2021 04:31:00 PM,2021
CR00004358,10/31/2021 01:14:00 AM,30,CLEAR,DARKNESS - LIGHTED ROAD,TURNING,DIVIDED - W/MEDIAN (NOT RAISED),STOP SIGN/FLASHER,IMPROPER OVERTAKING/PASSING,DRIVING SKILLS/KNOWLEDGE/EXPERIENCE,0,0,1,1,1,1,10,1889,STONY ISLAND AVE,41.882167,-87.825419,10/31/2021 02:37:00 AM,2021
CR00004359,10/22/2015 01:58:00 PM,30,CLEAR,DAYLIGHT,REAR END,NOT DIVIDED,NO CONTROLS,DISREGARDING TRAFFIC SIGNALS,DISTRACTION - FROM INSIDE VEHICLE,0,0,0,0,13,5,10,2061,MILWAUKEE AVE,41.851786,-87.591181,10/22/2015 02:35:00 PM,2015
CR00004360,12/23/2018 01:50:00 AM,40,RAIN,DAYLIGHT,TURNING,NOT DIVIDED,NO CONTROLS,IMPROPER OVERTAKING/PASSING,DISTRACTION - FROM INSIDE VEHICLE,0,0,0,0,1,1,12,449,FULLERTON AVE,41.968631,-87.655888,12/23/2018 02:58:00 AM,2018
CR00004361,12/02/2024 11:43:00 AM,25,CLEAR,DAYLIGHT,SIDESWIPE SAME DIRECTION,DIVIDED - W/MEDIAN (NOT RAISED),NO CONTROLS,FAILING TO YIELD RIGHT-OF-WAY,FOLLOWING TOO CLOSELY,0,0,0,0,11,2,12,1305,HALSTED ST,41.956964,-87.839904,12/02/2024 12:12:00 PM,2024
CR00004362,12/27/2020 10:27:00 AM,25,CLEAR,DARKNESS - LIGHTED ROAD,SIDESWIPE SAME DIRECTION,T-INTERSECTION,NO CONTROLS,DISREGARDING TRAFFIC SIGNALS,UNABLE TO DETERMINE,0,2,2,4,10,1,12,2072,PULASKI RD,41.753164,-87.776752,12/27/2020 12:18:00 PM,2020
CR00004363,07/02/2018 05:16:00 PM,30,CLEAR,DAYLIGHT,TURNING,DIVIDED - W/MEDIAN (NOT RAISED),TRAFFIC SIGNAL,DRIVING SKILLS/KNOWLEDGE/EXPERIENCE,FOLLOWING TOO CLOSELY,0,0,0,0,17,2,7,839,STATE ST,41.964432,-87.68308,07/02/2018 06:45:00 PM,2018
CR00004364,02/11/2019 04:59:00 PM,15,CLEAR,DAYLIGHT,ANGLE,DIVIDED - W/MEDIAN (NOT RAISED),STOP SIGN/FLASHER,FOLLOWING TOO CLOSELY,DISREGARDING TRAFFIC SIGNALS,0,0,0,0,16,2,2,2296,ROOSEVELT RD,41.770689,-87.595683,02/11/2019 05:15:00 PM,2019
CR00004365,04/08/2015 10:20:00 PM,40,CLEAR,DARKNESS,REAR END,ONE-WAY,NO CONTROLS,IMPROPER OVERTAKING/PASSING,DISTRACTION - FROM INSIDE VEHICLE,0,0,0,0,22,4,4,1191,FULLERTON AVE,41.936121,-87.761395,04/08/2015 11:45:00 PM,2015
CR00004366,07/08/2015 04:36:00 PM,20,CLOUDY/OVERCAST,DAYLIGHT,REAR END,NOT DIVIDED,YIELD,UNABLE TO DETERMINE,FAILING TO YIELD RIGHT-OF-WAY,0,0,0,0,16,4,7,713,CICERO AVE,41.784023,-87.502659,07/08/2015 05:45:00 PM,2015
CR00004367,02/06/2023 10:26:00 AM,30,CLEAR,DAYLIGHT,REAR END,T-INTERSECTION,TRAFFIC SIGNAL,FOLLOWING TOO CLOSELY,FAILING TO YIELD RIGHT-OF-WAY,0,0,0,0,10,2,2,1700,KEDZIE AVE,41.764983,-87.758778,02/06/2023 10:51:00 AM,2023
CR00004368,04/06/2018 05:35:00 PM,30,CLEAR,DAYLIGHT,FIXED OBJECT,NOT DIVIDED,STOP SIGN/FLASHER,UNABLE TO DETERMINE,DISREGARDING TRAFFIC SIGNALS,0,0,0,0,17,6,4,1943,STATE ST,41.779543,-87.550841,04/06/2018 06:58:00 PM,2018
CR00004369,05/01/2021 07:09:00 AM,45,CLEAR,DAYLIGHT,TURNING,NOT DIVIDED,TRAFFIC SIGNAL,DISTRACTION - FROM INSIDE VEHICLE,FAILING TO YIELD RIGHT-OF-WAY,0,0,0,0,7,7,5,530,79TH ST,41.893665,-87.504346,05/01/2021 07:34:00 AM,2021