CRASH_RECORD_ID,CRASH_DATE,POSTED_SPEED_LIMIT,WEATHER_CONDITION,LIGHTING_CONDITION,FIRST_CRASH_TYPE,TRAFFICWAY_TYPE,TRAFFIC_CONTROL_DEVICE,PRIM_CONTRIBUTORY_CAUSE,SEC_CONTRIBUTORY_CAUSE,INJURIES_FATAL,INJURIES_INCAPACITATING,INJURIES_NON_INCAPACITATING,INJURIES_TOTAL,CRASH_HOUR,CRASH_DAY_OF_WEEK,CRASH_MONTH,BEAT_OF_OCCURRENCE,STREET_NAME,LATITUDE,LONGITUDE,DATE_POLICE_NOTIFIED,year
CR00004370,11/26/2017 06:37:00 AM,35,CLEAR,DAYLIGHT,FIXED OBJECT,DIVIDED - W/MEDIAN (NOT RAISED),NO CONTROLS,FAILING TO YIELD RIGHT-OF-WAY,FAILING TO YIELD RIGHT-OF-WAY,0,0,0,0,6,1,11,1529,FULLERTON AVE,41.927225,-87.52788,11/26/2017 08:16:00 AM,2017
CR00004371,04/18/2022 07:38:00 PM,30,CLEAR,DARKNESS - LIGHTED ROAD,FIXED OBJECT,NOT DIVIDED,TRAFFIC SIGNAL,FOLLOWING TOO CLOSELY,NOT APPLICABLE,0,0,0,0,19,2,4,924,ARCHER AVE,41.81143,-87.679255,04/18/2022 09:30:00 PM,2022
CR00004372,06/23/2023 08:31:00 AM,35,CLEAR,DARKNESS - LIGHTED ROAD,REAR END,FOUR WAY,TRAFFIC SIGNAL,DRIVING SKILLS/KNOWLEDGE/EXPERIENCE,UNABLE TO DETERMINE,0,0,0,0,8,6,6,184,STATE ST,41.729428,-87.712051,06/23/2023 08:38:00 AM,2023
CR00004373,12/04/2016 08:48:00 PM,30,CLEAR,DAYLIGHT,ANGLE,NOT DIVIDED,STOP SIGN/FLASHER,FOLLOWING TOO CLOSELY,IMPROPER LANE USAGE,0,0,1,1,20,1,12,919,BROADWAY,41.719872,-87.788009,12/04/2016 09:34:00 PM,2016
CR00004374,05/31/2019 03:14:00 PM,30,CLEAR,DAYLIGHT,REAR END,ONE-WAY,STOP SIGN/FLASHER,IMPROPER OVERTAKING/PASSING,NOT APPLICABLE,0,0,0,0,15,6,5,1244,IRVING PARK RD,41.743119,-87.709983,05/31/2019 04:21:00 PM,2019
CR00004375,01/16/2015 05:13:00 PM,45,CLOUDY/OVERCAST,DARKNESS,TURNING,NOT DIVIDED,TRAFFIC SIGNAL,IMPROPER LANE USAGE,NOT APPLICABLE,0,0,0,0,17,6,1,904,ARCHER AVE,41.905817,-87.778764,01/16/2015 07:10:00 PM,2015
CR00004376,06/15/2017 05:45:00 PM,25,CLEAR,DAYLIGHT,REAR END,ONE-WAY,TRAFFIC SIGNAL,IMPROPER LANE USAGE,NOT APPLICABLE,0,0,1,1,17,5,6,747,DAMEN AVE,41.787317,-87.603265,06/15/2017 06:39:00 PM,2017
CR00004377,03/28/2023 03:03:00 PM,35,CLEAR,DAYLIGHT,REAR END,NOT DIVIDED,NO CONTROLS,FAILING TO REDUCE SPEED,DISREGARDING TRAFFIC SIGNALS,0,0,0,0,15,3,3,1974,79TH ST,41.829339,-87.645865,03/28/2023 03:56:00 PM,2023
CR00004378,08/19/2023 02:22:00 PM,35,CLOUDY/OVERCAST,DAYLIGHT,REAR END,T-INTERSECTION,NO CONTROLS,FOLLOWING TOO CLOSELY,UNABLE TO DETERMINE,0,0,0,0,14,7,8,1016,CALIFORNIA AVE,41.943402,-87.745534,08/19/2023 03:25:00 PM,2023
CR00004379,03/15/2023 08:24:00 PM,35,CLEAR,DAYLIGHT,TURNING,NOT DIVIDED,NO CONTROLS,FOLLOWING TOO CLOSELY,IMPROPER LANE USAGE,0,0,0,0,20,4,3,1776,63RD ST,41.984189,-87.640628,03/15/2023 09:54:00 PM,2023
CR00004380,07/24/2015 07:25:00 PM,25,CLEAR,DARKNESS,REAR END,FOUR WAY,PEDESTRIAN CROSSING SIGN,DISREGARDING TRAFFIC SIGNALS,DRIVING SKILLS/KNOWLEDGE/EXPERIENCE,0,0,0,0,19,6,7,2483,CICERO AVE,41.711584,-87.687004,07/24/2015 08:33:00 PM,2015
CR00004381,04/25/2020 03:31:00 PM,30,RAIN,DAYLIGHT,REAR END,NOT DIVIDED,TRAFFIC SIGNAL,IMPROPER OVERTAKING/PASSING,DRIVING SKILLS/KNOWLEDGE/EXPERIENCE,0,0,0,0,15,7,4,523,ROOSEVELT RD,41.899296,-87.722255,04/25/2020 04:25:00 PM,2020
CR00004382,04/23/2019 07:24:00 AM,30,CLEAR,DUSK,FIXED OBJECT,NOT DIVIDED,NO CONTROLS,FAILING TO YIELD RIGHT-OF-WAY,NOT APPLICABLE,0,0,0,0,7,3,4,1993,KEDZIE AVE,41.958228,-87.665918,04/23/2019 08:21:00 AM,2019
CR00004383,05/09/2018 10:49:00 AM,30,CLEAR,DUSK,FIXED OBJECT,T-INTERSECTION,STOP SIGN/FLASHER,UNABLE TO DETERMINE,IMPROPER LANE USAGE,0,0,1,1,10,4,5,1058,79TH ST,41.711051,-87.747044,05/09/2018 12:08:00 PM,2018
CR00004384,06/21/2019 08:59:00 PM,15,CLEAR,DAYLIGHT,ANGLE,NOT DIVIDED,STOP SIGN/FLASHER,FAILING TO YIELD RIGHT-OF-WAY,DRIVING SKILLS/KNOWLEDGE/EXPERIENCE,0,0,1,1,20,6,6,1669,MICHIGAN AVE,41.972316,-87.604198,06/21/2019 10:18:00 PM,2019
CR00004385,04/05/2022 09:56:00 PM,30,RAIN,DAYLIGHT,TURNING,NOT DIVIDED,TRAFFIC SIGNAL,UNABLE TO DETERMINE,IMPROPER OVERTAKING/PASSING,0,0,0,0,21,3,4,1077,BROADWAY,41.923345,-87.691473,04/05/2022 10:51:00 PM,2022
CR00004386,02/16/2015 01:50:00 AM,30,FREEZING RAIN/DRIZZLE,DARKNESS - LIGHTED ROAD,ANGLE,NOT DIVIDED,NO CONTROLS,UNABLE TO DETERMINE,IMPROPER OVERTAKING/PASSING,0,0,3,3,1,2,2,1399,HALSTED ST,41.78271,-87.601731,02/16/2015 02:56:00 AM,2015
CR00004387,11/26/2023 04:41:00 PM,45,CLEAR,DARKNESS - LIGHTED ROAD,ANGLE,FOUR WAY,STOP SIGN/FLASHER,DISTRACTION - FROM INSIDE VEHICLE,DRIVING SKILLS/KNOWLEDGE/EXPERIENCE,0,0,0,0,16,1,11,2299,63RD ST,41.943165,-87.537397,11/26/2023 05:42:00 PM,2023
CR00004388,07/05/2019 07:58:00 AM,35,CLEAR,DAYLIGHT,REAR END,ONE-WAY,STOP SIGN/FLASHER,UNABLE TO DETERMINE,UNABLE TO DETERMINE,0,0,0,0,7,6,7,2397,WESTERN AVE,41.812103,-87.602825,07/05/2019 08:52:00 AM,2019
CR00004389,08/15/2016 07:57:00 AM,20,CLEAR,DARKNESS,TURNING,ONE-WAY,TRAFFIC SIGNAL,FAILING TO YIELD RIGHT-OF-WAY,FAILING TO YIELD RIGHT-OF-WAY,0,1,2,3,7,2,8,850,BROADWAY,41.725019,-87.606207,08/15/2016 08:39:00 AM,2016
CR00004390,12/24/2018 03:52:00 PM,30,CLEAR,DUSK,ANGLE,NOT DIVIDED,NO CONTROLS,FAILING TO REDUCE SPEED,DISREGARDING TRAFFIC SIGNALS,0,0,0,0,15,2,12,2238,STATE ST,41.972079,-87.659428,12/24/2018 05:00:00 PM,2018
CR00004391,04/14/2015 05:36:00 PM,20,CLEAR,DAYLIGHT,REAR TO FRONT,NOT DIVIDED,STOP SIGN/FLASHER,DRIVING SKILLS/KNOWLEDGE/EXPERIENCE,FAILING TO YIELD RIGHT-OF-WAY,0,0,0,0,17,3,4,1934,CALIFORNIA AVE,41.756173,-87.711616,04/14/2015 06:53:00 PM,2015
CR00004392,11/20/2024 10:10:00 AM,15,SNOW,DARKNESS,FIXED OBJECT,DIVIDED - W/MEDIAN (NOT RAISED),NO CONTROLS,DISREGARDING TRAFFIC SIGNALS,NOT APPLICABLE,0,0,0,0,10,4,11,1418,CLARK ST,41.951445,-87.651243,11/20/2024 10:44:00 AM,2024
CR00004393,04/02/2020 07:03:00 AM,35,CLOUDY/OVERCAST,DAYLIGHT,REAR END,FOUR WAY,TRAFFIC SIGNAL,IMPROPER OVERTAKING/PASSING,FAILING TO REDUCE SPEED,0,0,0,0,7,5,4,2533,STATE ST,41.740023,-87.756243,04/02/2020 08:55:00 AM,2020
CR00004394,04/14/2020 07:32:00 AM,40,CLEAR,DARKNESS - LIGHTED ROAD,SIDESWIPE SAME DIRECTION,DIVIDED - W/MEDIAN BARRIER,NO CONTROLS,DISREGARDING TRAFFIC SIGNALS,UNABLE TO DETERMINE,0,0,0,0,7,3,4,217,CICERO AVE,41.981097,-87.604419,04/14/2020 08:25:00 AM,2020
CR00004395,01/09/2020 04:30:00 PM,25,CLEAR,DAYLIGHT,REAR END,FOUR WAY,NO CONTROLS,FAILING TO REDUCE SPEED,FAILING TO REDUCE SPEED,0,0,0,0,16,5,1,1861,CLARK ST,41.81493,-87.616007,01/09/2020 04:37:00 PM,2020
CR00004396,09/02/2023 07:13:00 AM,25,CLEAR,DARKNESS - LIGHTED ROAD,SIDESWIPE SAME DIRECTION,NOT DIVIDED,NO CONTROLS,FOLLOWING TOO CLOSELY,FOLLOWING TOO CLOSELY,0,0,0,0,7,7,9,1744,STONY ISLAND AVE,41.740949,-87.729719,09/02/2023 07:37:00 AM,2023
CR00004397,02/07/2022 05:06:00 PM,30,SNOW,DAYLIGHT,ANGLE,NOT DIVIDED,NO CONTROLS,UNABLE TO DETERMINE,NOT APPLICABLE,0,0,0,0,17,2,2,874,FULLERTON AVE,41.964719,-87.841884,02/07/2022 05:53:00 PM,2022
CR00004398,10/29/2023 01:21:00 PM,35,FREEZING RAIN/DRIZZLE,DAYLIGHT,SIDESWIPE SAME DIRECTION,DIVIDED - W/MEDIAN (NOT RAISED),UNKNOWN,IMPROPER LANE USAGE,DRIVING SKILLS/KNOWLEDGE/EXPERIENCE,0,0,0,0,13,1,10,1002,DAMEN AVE,41.747783,-87.606911,10/29/2023 01:34:00 PM,2023
CR00004399,05/26/2018 05:20:00 PM,25,CLEAR,DARKNESS - LIGHTED ROAD,ANGLE,DIVIDED - W/MEDIAN (NOT RAISED),STOP SIGN/FLASHER,IMPROPER OVERTAKING/PASSING,UNABLE TO DETERMINE,0,0,0,0,17,7,5,343,ROOSEVELT RD,41.879832,-87.543736,05/26/2018 06:13:00 PM,2018
CR00004400,06/11/2022 07:12:00 PM,15,CLEAR,DAYLIGHT,SIDESWIPE SAME DIRECTION,NOT DIVIDED,NO CONTROLS,DRIVING SKILLS/KNOWLEDGE/EXPERIENCE,DRIVING SKILLS/KNOWLEDGE/EXPERIENCE,0,0,0,0,19,7,6,1599,OGDEN AVE,41.729799,-87.607643,06/11/2022 09:02:00 PM,2022
CR00004401,06/23/2021 05:18:00 PM,35,RAIN,DARKNESS - LIGHTED ROAD,PEDESTRIAN,DIVIDED - W/MEDIAN BARRIER,STOP SIGN/FLASHER,UNABLE TO DETERMINE,DRIVING SKILLS/KNOWLEDGE/EXPERIENCE,0,0,0,0,17,4,6,2418,HALSTED ST,41.879914,-87.645956,06/23/2021 05:21:00 PM,2021
CR00004402,07/02/2017 08:53:00 PM,35,CLEAR,DARKNESS - LIGHTED ROAD,REAR END,NOT DIVIDED,STOP SIGN/FLASHER,FAILING TO YIELD RIGHT-OF-WAY,FOLLOWING TOO CLOSELY,0,0,0,0,20,1,7,1836,ELSTON AVE,41.717962,-87.743845,07/02/2017 09:01:00 PM,2017
CR00004403,11/21/2021 03:56:00 AM,30,RAIN,DAYLIGHT,REAR END,FOUR WAY,TRAFFIC SIGNAL,IMPROPER OVERTAKING/PASSING,DISTRACTION - FROM INSIDE VEHICLE,0,0,2,2,3,1,11,252,MILWAUKEE AVE,41.854424,-87.661379,11/21/2021 04:00:00 AM,2021
CR00004404,02/21/2017 06:34:00 PM,45,CLEAR,DAYLIGHT,PEDESTRIAN,T-INTERSECTION,NO CONTROLS,UNABLE TO DETERMINE,NOT APPLICABLE,0,0,0,0,18,3,2,2465,CALIFORNIA AVE,41.799864,-87.598377,02/21/2017 07:39:00 PM,2017
CR00004405,03/12/2022 03:14:00 AM,35,CLEAR,DAYLIGHT,ANGLE,NOT DIVIDED,NO CONTROLS,FOLLOWING TOO CLOSELY,NOT APPLICABLE,0,0,0,0,3,7,3,470,STATE ST,41.970621,-87.593814,03/12/2022 04:55:00 AM,2022
CR00004406,06/27/2022 10:12:00 PM,45,CLEAR,DARKNESS - LIGHTED ROAD,SIDESWIPE SAME DIRECTION,NOT DIVIDED,NO CONTROLS,FOLLOWING TOO CLOSELY,WEATHER,0,0,0,0,22,2,6,646,KEDZIE AVE,41.972313,-87.578834,06/27/2022 11:06:00 PM,2022
CR00004407,02/17/2024 07:59:00 AM,40,CLEAR,DAYLIGHT,ANGLE,DIVIDED - W/MEDIAN (NOT RAISED),NO CONTROLS,FAILING TO REDUCE SPEED,NOT APPLICABLE,0,0,0,0,7,7,2,878,MICHIGAN AVE,41.968099,-87.606213,02/17/2024 09:27:00 AM,2024
CR00004408,11/29/2017 04:31:00 PM,20,CLEAR,DAYLIGHT,TURNING,FOUR WAY,NO CONTROLS,FAILING TO YIELD RIGHT-OF-WAY,IMPROPER OVERTAKING/PASSING,0,0,0,0,16,4,11,1389,LAKE SHORE DR,41.884648,-87.745571,11/29/2017 04:53:00 PM,2017
CR00004409,06/17/2017 07:44:00 AM,35,CLEAR,DAYLIGHT,REAR END,NOT DIVIDED,NO CONTROLS,FOLLOWING TOO CLOSELY,UNABLE TO DETERMINE,0,0,0,0,7,7,6,712,ASHLAND AVE,41.912484,-87.762391,06/17/2017 08:27:00 AM,2017
CR00004410,03/07/2023 04:29:00 PM,35,CLEAR,DAYLIGHT,SIDESWIPE SAME DIRECTION,NOT DIVIDED,NO CONTROLS,FOLLOWING TOO CLOSELY,DISTRACTION - FROM INSIDE VEHICLE,0,0,0,0,16,3,3,936,47TH ST,41.746153,-87.506577,03/07/2023 06:13:00 PM,2023
CR00004411,06/03/2015 02:49:00 AM,35,CLEAR,DARKNESS - LIGHTED ROAD,REAR END,NOT DIVIDED,NO CONTROLS,FAILING TO YIELD RIGHT-OF-WAY,IMPROPER LANE USAGE,0,0,0,0,2,4,6,2108,MILWAUKEE AVE,41.81507,-87.505019,06/03/2015 03:05:00 AM,2015
CR00004412,12/12/2017 07:14:00 AM,15,RAIN,DARKNESS - LIGHTED ROAD,REAR TO FRONT,ONE-WAY,NO CONTROLS,UNABLE TO DETERMINE,IMPROPER LANE USAGE,0,0,1,1,7,3,12,2165,KEDZIE AVE,41.941189,-87.55833,12/12/2017 09:13:00 AM,2017
CR00004413,07/03/2015 04:09:00 PM,15,CLEAR,DARKNESS,SIDESWIPE SAME DIRECTION,DIVIDED - W/MEDIAN BARRIER,NO CONTROLS,UNABLE TO DETERMINE,DISTRACTION - FROM INSIDE VEHICLE,0,0,0,0,16,6,7,2206,DAMEN AVE,41.92942,-87.777593,07/03/2015 05:09:00 PM,2015
CR00004414,03/07/2015 03:10:00 PM,35,CLEAR,DAWN,SIDESWIPE SAME DIRECTION,DIVIDED - W/MEDIAN (NOT RAISED),NO CONTROLS,UNABLE TO DETERMINE,IMPROPER LANE USAGE,0,0,0,0,15,7,3,1612,ASHLAND AVE,41.758157,-87.706443,03/07/2015 04:15:00 PM,2015
CR00004415,11/23/2021 02:43:00 PM,40,CLEAR,DARKNESS - LIGHTED ROAD,PARKED MOTOR VEHICLE,DIVIDED - W/MEDIAN BARRIER,NO CONTROLS,UNABLE TO DETERMINE,FAILING TO YIELD RIGHT-OF-WAY,0,0,0,0,14,3,11,262,79TH ST,41.743769,-87.593971,11/23/2021 03:26:00 PM,2021
CR00004416,09/24/2016 03:32:00 PM,35,CLEAR,DAWN,TURNING,DIVIDED - W/MEDIAN BARRIER,TRAFFIC SIGNAL,DISREGARDING TRAFFIC SIGNALS,UNABLE TO DETERMINE,0,0,0,0,15,7,9,645,OGDEN AVE,41.99088,-87.599116,09/24/2016 04:41:00 PM,2016
CR00004417,06/03/2024 03:59:00 AM,25,CLEAR,DAYLIGHT,REAR END,DIVIDED - W/MEDIAN BARRIER,STOP SIGN/FLASHER,WEATHER,FOLLOWING TOO CLOSELY,0,0,0,0,3,2,6,968,CICERO AVE,41.951851,-87.727988,06/03/2024 04:40:00 AM,2024
CR00004418,06/18/2019 07:21:00 AM,30,RAIN,DAYLIGHT,REAR TO FRONT,NOT DIVIDED,NO CONTROLS,FOLLOWING TOO CLOSELY,UNABLE TO DETERMINE,0,0,0,0,7,3,6,564,HALSTED ST,41.817191,-87.599012,06/18/2019 08:49:00 AM,2019
CR00004419,10/24/2021 07:40:00 AM,25,CLEAR,DARKNESS - LIGHTED ROAD,PARKED MOTOR VEHICLE,DIVIDED - W/MEDIAN BARRIER,TRAFFIC SIGNAL,DISTRACTION - FROM INSIDE VEHICLE,UNABLE TO DETERMINE,0,0,0,0,7,1,10,1138,CALIFORNIA AVE,41.952585,-87.826513,10/24/2021 08:15:00 AM,2021
CR00004420,12/14/2021 01:20:00 PM,40,CLEAR,DAYLIGHT,SIDESWIPE SAME DIRECTION,ONE-WAY,TRAFFIC SIGNAL,FOLLOWING TOO CLOSELY,IMPROPER LANE USAGE,0,0,0,0,13,3,12,2206,79TH ST,41.807308,-87.512253,12/14/2021 01:26:00 PM,2021
CR00004421,09/04/2023 06:54:00 PM,40,CLEAR,DARKNESS - LIGHTED ROAD,ANGLE,ONE-WAY,STOP SIGN/FLASHER,IMPROPER LANE USAGE,IMPROPER LANE USAGE,0,0,0,0,18,2,9,1282,DIVISION ST,41.872121,-87.742926,09/04/2023 08:09:00 PM,2023
CR00004422,03/08/2022 11:34:00 PM,15,RAIN,DARKNESS - LIGHTED ROAD,TURNING,FOUR WAY,NO CONTROLS,UNABLE TO DETERMINE,FAILING TO YIELD RIGHT-OF-WAY,0,0,2,2,23,3,3,643,ASHLAND AVE,41.711633,-87.574065,03/09/2022 12:49:00 AM,2022
CR00004423,05/06/2021 03:36:00 PM,35,CLEAR,DARKNESS - LIGHTED ROAD,REAR END,NOT DIVIDED,TRAFFIC SIGNAL,DRIVING SKILLS/KNOWLEDGE/EXPERIENCE,NOT APPLICABLE,0,0,0,0,15,5,5,470,MILWAUKEE AVE,41.756198,-87.849688,05/06/2021 05:15:00 PM,2021
CR00004424,07/30/2017 01:10:00 AM,35,RAIN,DAYLIGHT,TURNING,NOT DIVIDED,TRAFFIC SIGNAL,FOLLOWING TOO CLOSELY,UNABLE TO DETERMINE,0,1,2,3,1,1,7,690,47TH ST,41.834645,-87.729018,07/30/2017 02:23:00 AM,2017
CR00004425,01/13/2020 04:40:00 PM,30,CLEAR,DARKNESS,TURNING,ONE-WAY,YIELD,DRIVING SKILLS/KNOWLEDGE/EXPERIENCE,DRIVING SKILLS/KNOWLEDGE/EXPERIENCE,0,0,0,0,16,2,1,1165,IRVING PARK RD,41.767307,-87.719183,01/13/2020 06:38:00 PM,2020
CR00004426,03/26/2022 08:44:00 PM,30,CLEAR,DAYLIGHT,REAR END,NOT DIVIDED,STOP SIGN/FLASHER,UNABLE TO DETERMINE,UNABLE TO DETERMINE,0,0,0,0,20,7,3,1435,CLARK ST,41.927373,-87.702147,03/26/2022 09:47:00 PM,2022
CR00004427,04/22/2022 09:19:00 AM,30,FOG/SMOKE/HAZE,DAYLIGHT,FIXED OBJECT,NOT DIVIDED,NO CONTROLS,FAILING TO REDUCE SPEED,FAILING TO REDUCE SPEED,0,0,0,0,9,6,4,388,BROADWAY,41.854282,-87.727317,04/22/2022 09:38:00 AM,2022
CR00004428,04/30/2024 04:05:00 PM,30,CLEAR,DARKNESS - LIGHTED ROAD,PARKED MOTOR VEHICLE,FOUR WAY,TRAFFIC SIGNAL,UNABLE TO DETERMINE,FAILING TO REDUCE SPEED,0,1,2,3,16,3,4,1343,79TH ST,41.903503,-87.553898,04/30/2024 05:08:00 PM,2024
CR00004429,11/05/2023 01:00:00 PM,15,CLEAR,DARKNESS - LIGHTED ROAD,REAR END,DIVIDED - W/MEDIAN BARRIER,NO CONTROLS,UNABLE TO DETERMINE,FOLLOWING TOO CLOSELY,0,0,0,0,13,1,11,1342,WESTERN AVE,41.959571,-87.789822,11/05/2023 01:40:00 PM,2023
CR00004430,02/25/2016 07:04:00 AM,30,SNOW,DUSK,SIDESWIPE SAME DIRECTION,NOT DIVIDED,TRAFFIC SIGNAL,UNABLE TO DETERMINE,FOLLOWING TOO CLOSELY,0,0,0,0,7,5,2,1480,ARCHER AVE,41.802729,-87.701339,02/25/2016 08:35:00 AM,2016
CR00004431,03/29/2024 02:05:00 AM,25,CLEAR,DAYLIGHT,ANGLE,DIVIDED - W/MEDIAN (NOT RAISED),TRAFFIC SIGNAL,IMPROPER OVERTAKING/PASSING,IMPROPER OVERTAKING/PASSING,0,0,0,0,2,6,3,1514,BROADWAY,41.704752,-87.766412,03/29/2024 04:02:00 AM,2024
CR00004432,04/17/2018 01:57:00 PM,30,CLEAR,DAYLIGHT,REAR END,T-INTERSECTION,NO CONTROLS,UNABLE TO DETERMINE,IMPROPER LANE USAGE,0,0,0,0,13,3,4,1256,OGDEN AVE,41.942729,-87.674442,04/17/2018 03:23:00 PM,2018
CR00004433,05/06/2023 06:26:00 AM,45,SNOW,DARKNESS - LIGHTED ROAD,REAR END,DIVIDED - W/MEDIAN BARRIER,TRAFFIC SIGNAL,IMPROPER OVERTAKING/PASSING,NOT APPLICABLE,0,0,0,0,6,7,5,236,CICERO AVE,41.8064,-87.820113,05/06/2023 07:41:00 AM,2023
CR00004434,06/25/2023 10:24:00 AM,25,CLEAR,DARKNESS,SIDESWIPE SAME DIRECTION,FOUR WAY,NO CONTROLS,FOLLOWING TOO CLOSELY,NOT APPLICABLE,0,0,0,0,10,1,6,1697,CALIFORNIA AVE,41.854549,-87.541032,06/25/2023 10:32:00 AM,2023
CR00004435,01/13/2021 08:14:00 PM,25,CLEAR,DAWN,REAR END,ONE-WAY,TRAFFIC SIGNAL,DISREGARDING TRAFFIC SIGNALS,UNABLE TO DETERMINE,0,0,0,0,20,4,1,1073,HALSTED ST,41.990705,-87.576002,01/13/2021 08:50:00 PM,2021
CR00004436,09/05/2023 09:40:00 AM,30,CLOUDY/OVERCAST,DARKNESS,TURNING,DIVIDED - W/MEDIAN BARRIER,TRAFFIC SIGNAL,UNABLE TO DETERMINE,UNABLE TO DETERMINE,0,0,0,0,9,3,9,1120,LAKE SHORE DR,41.823273,-87.650058,09/05/2023 11:30:00 AM,2023
CR00004437,10/04/2016 09:55:00 AM,35,CLEAR,DARKNESS - LIGHTED ROAD,TURNING,DIVIDED - W/MEDIAN BARRIER,STOP SIGN/FLASHER,DISTRACTION - FROM INSIDE VEHICLE,FOLLOWING TOO CLOSELY,0,0,1,1,9,3,10,1755,WESTERN AVE,41.774086,-87.801617,10/04/2016 09:56:00 AM,2016
CR00004438,01/04/2019 01:37:00 PM,35,RAIN,DAYLIGHT,FIXED OBJECT,ONE-WAY,NO CONTROLS,FAILING TO YIELD RIGHT-OF-WAY,UNABLE TO DETERMINE,0,0,1,1,13,6,1,1859,ROOSEVELT RD,41.708097,-87.721757,01/04/2019 03:07:00 PM,2019
CR00004439,07/15/2021 06:12:00 AM,20,CLEAR,DAWN,TURNING,ONE-WAY,NO CONTROLS,UNABLE TO DETERMINE,FOLLOWING TOO CLOSELY,0,0,0,0,6,5,7,1705,STONY ISLAND AVE,41.766735,-87.584136,07/15/2021 07:39:00 AM,2021
CR00004440,12/08/2015 05:28:00 PM,15,CLEAR,DAYLIGHT,SIDESWIPE SAME DIRECTION,NOT DIVIDED,NO CONTROLS,UNABLE TO DETERMINE,FAILING TO REDUCE SPEED,0,0,0,0,17,3,12,1805,MILWAUKEE AVE,41.830748,-87.745095,12/08/2015 06:07:00 PM,2015
CR00004441,03/17/2019 07:27:00 AM,30,CLEAR,DUSK,REAR END,DIVIDED - W/MEDIAN (NOT RAISED),NO CONTROLS,FOLLOWING TOO CLOSELY,IMPROPER OVERTAKING/PASSING,0,0,0,0,7,1,3,1711,BROADWAY,41.81854,-87.760266,03/17/2019 08:06:00 AM,2019
CR00004442,09/25/2022 12:58:00 AM,45,CLOUDY/OVERCAST,DARKNESS - LIGHTED ROAD,REAR TO FRONT,ONE-WAY,NO CONTROLS,IMPROPER OVERTAKING/PASSING,FOLLOWING TOO CLOSELY,0,0,0,0,0,1,9,2056,BROADWAY,41.915499,-87.82488,09/25/2022 01:26:00 AM,2022
CR00004443,04/05/2019 08:46:00 PM,25,CLEAR,DAWN,REAR TO FRONT,NOT DIVIDED,NO CONTROLS,UNABLE TO DETERMINE,IMPROPER OVERTAKING/PASSING,0,0,0,0,20,6,4,2188,CLARK ST,41.767278,-87.684658,04/05/2019 09:48:00 PM,2019
CR00004444,10/11/2023 06:04:00 PM,20,CLEAR,DUSK,REAR TO FRONT,ONE-WAY,NO CONTROLS,FAILING TO YIELD RIGHT-OF-WAY,UNABLE TO DETERMINE,0,0,0,0,18,4,10,753,STATE ST,41.861643,-87.677951,10/11/2023 06:57:00 PM,2023
CR00004445,05/11/2024 06:37:00 PM,45,RAIN,DAYLIGHT,FIXED OBJECT,ONE-WAY,NO CONTROLS,IMPROPER LANE USAGE,FOLLOWING TOO CLOSELY,0,0,0,0,18,7,5,252,DAMEN AVE,41.95176,-87.688451,05/11/2024 07:55:00 PM,2024
CR00004446,12/05/2022 04:07:00 PM,15,CLEAR,DAYLIGHT,ANGLE,DIVIDED - W/MEDIAN (NOT RAISED),TRAFFIC SIGNAL,UNABLE TO DETERMINE,UNABLE TO DETERMINE,0,0,0,0,16,2,12,1425,OGDEN AVE,41.837431,-87.709409,12/05/2022 04:19:00 PM,2022
CR00004447,05/28/2019 03:17:00 PM,35,CLEAR,DAYLIGHT,TURNING,DIVIDED - W/MEDIAN (NOT RAISED),STOP SIGN/FLASHER,UNABLE TO DETERMINE,DISTRACTION - FROM INSIDE VEHICLE,0,0,0,0,15,3,5,2293,ROOSEVELT RD,41.70906,-87.552221,05/28/2019 03:53:00 PM,2019
CR00004448,09/14/2019 11:04:00 AM,35,FOG/SMOKE/HAZE,DAYLIGHT,TURNING,T-INTERSECTION,TRAFFIC SIGNAL,UNABLE TO DETERMINE,UNABLE TO DETERMINE,0,1,1,2,11,7,9,1821,FULLERTON AVE,41.850698,-87.594764,09/14/2019 12:09:00 PM,2019
CR00004449,03/18/2019 07:58:00 AM,35,CLEAR,DARKNESS - LIGHTED ROAD,REAR END,DIVIDED - W/MEDIAN (NOT RAISED),TRAFFIC SIGNAL,WEATHER,FOLLOWING TOO CLOSELY,0,0,0,0,7,2,3,2392,CICERO AVE,41.923469,-87.617807,03/18/2019 08:23:00 AM,2019
CR00004450,05/03/2017 09:30:00 PM,30,CLEAR,DAYLIGHT,SIDESWIPE SAME DIRECTION,DIVIDED - W/MEDIAN (NOT RAISED),STOP SIGN/FLASHER,UNABLE TO DETERMINE,UNABLE TO DETERMINE,0,0,0,0,21,4,5,2510,WESTERN AVE,41.799316,-87.714508,05/03/2017 09:48:00 PM,2017
CR00004451,06/29/2018 12:34:00 PM,30,CLEAR,DAYLIGHT,REAR END,NOT DIVIDED,NO CONTROLS,FOLLOWING TOO CLOSELY,NOT APPLICABLE,0,2,1,3,12,6,6,459,ROOSEVELT RD,41.951678,-87.525124,06/29/2018 12:52:00 PM,2018