CRASH_RECORD_ID,CRASH_DATE,POSTED_SPEED_LIMIT,WEATHER_CONDITION,LIGHTING_CONDITION,FIRST_CRASH_TYPE,TRAFFICWAY_TYPE,TRAFFIC_CONTROL_DEVICE,PRIM_CONTRIBUTORY_CAUSE,SEC_CONTRIBUTORY_CAUSE,INJURIES_FATAL,INJURIES_INCAPACITATING,INJURIES_NON_INCAPACITATING,INJURIES_TOTAL,CRASH_HOUR,CRASH_DAY_OF_WEEK,CRASH_MONTH,BEAT_OF_OCCURRENCE,STREET_NAME,LATITUDE,LONGITUDE,DATE_POLICE_NOTIFIED,year
CR00004452,11/29/2023 01:46:00 AM,40,CLEAR,DAYLIGHT,PARKED MOTOR VEHICLE,DIVIDED - W/MEDIAN (NOT RAISED),STOP SIGN/FLASHER,UNABLE TO DETERMINE,DISTRACTION - FROM INSIDE VEHICLE,0,0,0,0,1,4,11,1169,KEDZIE AVE,41.814373,-87.707401,11/29/2023 02:34:00 AM,2023
CR00004453,06/30/2021 05:41:00 PM,30,CLEAR,DAYLIGHT,TURNING,ONE-WAY,NO CONTROLS,UNABLE TO DETERMINE,UNABLE TO DETERMINE,0,0,0,0,17,4,6,539,DAMEN AVE,41.801065,-87.665713,06/30/2021 06:47:00 PM,2021
CR00004454,02/01/2021 07:24:00 PM,40,RAIN,DARKNESS,FIXED OBJECT,NOT DIVIDED,TRAFFIC SIGNAL,UNABLE TO DETERMINE,FOLLOWING TOO CLOSELY,0,0,0,0,19,2,2,2172,DIVISION ST,41.899306,-87.834833,02/01/2021 09:09:00 PM,2021
CR00004455,06/02/2019 11:56:00 AM,35,RAIN,DAYLIGHT,REAR TO FRONT,DIVIDED - W/MEDIAN (NOT RAISED),NO CONTROLS,FAILING TO REDUCE SPEED,DISREGARDING TRAFFIC SIGNALS,0,0,0,0,11,1,6,2362,47TH ST,41.897136,-87.61835,06/02/2019 12:09:00 PM,2019
CR00004456,02/09/2017 12:51:00 PM,30,CLEAR,DAYLIGHT,TURNING,T-INTERSECTION,STOP SIGN/FLASHER,WEATHER,FOLLOWING TOO CLOSELY,0,0,0,0,12,5,2,1266,FULLERTON AVE,41.934313,-87.739424,02/09/2017 02:03:00 PM,2017
CR00004457,03/16/2017 10:29:00 AM,25,CLEAR,DAYLIGHT,ANGLE,T-INTERSECTION,PEDESTRIAN CROSSING SIGN,FOLLOWING TOO CLOSELY,NOT APPLICABLE,0,0,0,0,10,5,3,1497,BROADWAY,41.768613,-87.768527,03/16/2017 11:52:00 AM,2017
CR00004458,11/14/2019 07:55:00 PM,40,SNOW,DAYLIGHT,TURNING,NOT DIVIDED,STOP SIGN/FLASHER,FAILING TO YIELD RIGHT-OF-WAY,FOLLOWING TOO CLOSELY,0,0,0,0,19,5,11,335,ARCHER AVE,41.930234,-87.523287,11/14/2019 08:47:00 PM,2019
CR00004459,12/03/2019 03:31:00 PM,45,CLEAR,DAYLIGHT,SIDESWIPE SAME DIRECTION,T-INTERSECTION,STOP SIGN/FLASHER,IMPROPER OVERTAKING/PASSING,UNABLE TO DETERMINE,0,0,1,1,15,3,12,169,CALIFORNIA AVE,41.841302,-87.659291,12/03/2019 04:58:00 PM,2019
CR00004460,04/12/2018 04:46:00 PM,25,CLEAR,DAYLIGHT,REAR END,NOT DIVIDED,STOP SIGN/FLASHER,IMPROPER LANE USAGE,FAILING TO YIELD RIGHT-OF-WAY,0,0,0,0,16,5,4,2494,CLARK ST,41.836918,-87.675693,04/12/2018 06:18:00 PM,2018
CR00004461,06/08/2019 11:23:00 PM,40,CLEAR,DAYLIGHT,REAR END,ONE-WAY,TRAFFIC SIGNAL,DRIVING SKILLS/KNOWLEDGE/EXPERIENCE,FOLLOWING TOO CLOSELY,0,1,1,2,23,7,6,1342,MICHIGAN AVE,41.895719,-87.739992,06/09/2019 12:38:00 AM,2019
CR00004462,09/21/2022 04:01:00 PM,30,CLEAR,DAYLIGHT,ANGLE,DIVIDED - W/MEDIAN (NOT RAISED),TRAFFIC SIGNAL,DISREGARDING TRAFFIC SIGNALS,NOT APPLICABLE,0,0,0,0,16,4,9,1961,KEDZIE AVE,41.964825,-87.75423,09/21/2022 05:47:00 PM,2022
CR00004463,03/14/2021 04:21:00 AM,35,SNOW,DAYLIGHT,ANGLE,NOT DIVIDED,TRAFFIC SIGNAL,FAILING TO YIELD RIGHT-OF-WAY,UNABLE TO DETERMINE,0,0,0,0,4,1,3,870,79TH ST,41.915125,-87.64766,03/14/2021 05:38:00 AM,2021
CR00004464,03/29/2015 07:50:00 AM,35,CLEAR,DARKNESS - LIGHTED ROAD,REAR END,DIVIDED - W/MEDIAN (NOT RAISED),UNKNOWN,DISTRACTION - FROM INSIDE VEHICLE,WEATHER,0,0,0,0,7,1,3,1263,IRVING PARK RD,41.957004,-87.575881,03/29/2015 09:42:00 AM,2015
CR00004465,10/02/2021 03:13:00 PM,45,CLEAR,DAYLIGHT,ANGLE,NOT DIVIDED,TRAFFIC SIGNAL,UNABLE TO DETERMINE,FAILING TO REDUCE SPEED,0,0,3,3,15,7,10,2075,ARCHER AVE,41.839148,-87.606978,10/02/2021 04:00:00 PM,2021
CR00004466,07/18/2017 09:02:00 AM,45,CLEAR,DAWN,PARKED MOTOR VEHICLE,DIVIDED - W/MEDIAN (NOT RAISED),NO CONTROLS,UNABLE TO DETERMINE,NOT APPLICABLE,0,0,0,0,9,3,7,2088,MILWAUKEE AVE,41.732315,-87.628238,07/18/2017 10:58:00 AM,2017
CR00004467,09/13/2019 08:52:00 AM,35,CLEAR,DAYLIGHT,PARKED MOTOR VEHICLE,DIVIDED - W/MEDIAN (NOT RAISED),STOP SIGN/FLASHER,FAILING TO YIELD RIGHT-OF-WAY,NOT APPLICABLE,0,0,1,1,8,6,9,2067,STONY ISLAND AVE,41.735371,-87.644086,09/13/2019 10:46:00 AM,2019
CR00004468,08/28/2023 08:29:00 PM,35,CLEAR,DARKNESS - LIGHTED ROAD,REAR END,NOT DIVIDED,STOP SIGN/FLASHER,FAILING TO YIELD RIGHT-OF-WAY,NOT APPLICABLE,0,0,1,1,20,2,8,2216,STONY ISLAND AVE,41.764406,-87.566626,08/28/2023 08:52:00 PM,2023
CR00004469,06/01/2018 08:26:00 AM,15,CLEAR,DAYLIGHT,ANGLE,ONE-WAY,UNKNOWN,IMPROPER LANE USAGE,IMPROPER OVERTAKING/PASSING,0,0,0,0,8,6,6,746,DAMEN AVE,41.983714,-87.585969,06/01/2018 10:20:00 AM,2018
CR00004470,02/22/2020 07:23:00 AM,45,CLEAR,DAYLIGHT,FIXED OBJECT,T-INTERSECTION,STOP SIGN/FLASHER,DISREGARDING TRAFFIC SIGNALS,WEATHER,0,0,2,2,7,7,2,1146,63RD ST,41.941729,-87.844797,02/22/2020 07:44:00 AM,2020
CR00004471,01/01/2019 10:05:00 AM,35,CLEAR,DAYLIGHT,ANGLE,DIVIDED - W/MEDIAN (NOT RAISED),NO CONTROLS,UNABLE TO DETERMINE,UNABLE TO DETERMINE,0,1,0,1,10,3,1,1166,MILWAUKEE AVE,41.805358,-87.849595,01/01/2019 11:27:00 AM,2019
CR00004472,03/14/2019 03:44:00 PM,30,RAIN,DAYLIGHT,REAR END,NOT DIVIDED,NO CONTROLS,DISREGARDING TRAFFIC SIGNALS,UNABLE TO DETERMINE,0,0,0,0,15,5,3,175,IRVING PARK RD,41.965222,-87.663112,03/14/2019 05:27:00 PM,2019
CR00004473,04/26/2019 08:22:00 PM,30,SNOW,DAYLIGHT,SIDESWIPE SAME DIRECTION,NOT DIVIDED,NO CONTROLS,DISTRACTION - FROM INSIDE VEHICLE,UNABLE TO DETERMINE,0,0,0,0,20,6,4,439,OGDEN AVE,41.88719,-87.682588,04/26/2019 09:20:00 PM,2019
CR00004474,05/20/2022 12:13:00 AM,35,CLEAR,DAYLIGHT,PEDESTRIAN,DIVIDED - W/MEDIAN (NOT RAISED),TRAFFIC SIGNAL,DRIVING SKILLS/KNOWLEDGE/EXPERIENCE,IMPROPER OVERTAKING/PASSING,0,1,3,4,0,6,5,212,63RD ST,41.840167,-87.527122,05/20/2022 12:22:00 AM,2022
CR00004475,01/05/2024 06:57:00 PM,25,CLEAR,DAYLIGHT,TURNING,ONE-WAY,NO CONTROLS,UNABLE TO DETERMINE,FOLLOWING TOO CLOSELY,0,0,0,0,18,6,1,266,STATE ST,41.736256,-87.67887,01/05/2024 07:47:00 PM,2024
CR00004476,05/15/2019 06:21:00 PM,45,RAIN,DARKNESS - LIGHTED ROAD,REAR END,T-INTERSECTION,YIELD,FAILING TO REDUCE SPEED,DISTRACTION - FROM INSIDE VEHICLE,0,0,0,0,18,4,5,493,DAMEN AVE,41.993946,-87.710965,05/15/2019 07:08:00 PM,2019
CR00004477,07/07/2022 01:22:00 PM,35,CLOUDY/OVERCAST,DAYLIGHT,REAR END,T-INTERSECTION,NO CONTROLS,UNABLE TO DETERMINE,DRIVING SKILLS/KNOWLEDGE/EXPERIENCE,0,0,0,0,13,5,7,1640,CICERO AVE,41.905147,-87.558905,07/07/2022 02:17:00 PM,2022
CR00004478,09/06/2022 01:08:00 AM,15,RAIN,DAYLIGHT,SIDESWIPE SAME DIRECTION,FOUR WAY,STOP SIGN/FLASHER,FOLLOWING TOO CLOSELY,IMPROPER OVERTAKING/PASSING,0,0,0,0,1,3,9,2355,KEDZIE AVE,41.957335,-87.601815,09/06/2022 01:55:00 AM,2022
CR00004479,04/21/2018 03:35:00 PM,40,CLEAR,DAYLIGHT,FIXED OBJECT,DIVIDED - W/MEDIAN (NOT RAISED),NO CONTROLS,UNABLE TO DETERMINE,DISREGARDING TRAFFIC SIGNALS,0,0,0,0,15,7,4,2018,FULLERTON AVE,41.77983,-87.847793,04/21/2018 05:02:00 PM,2018
CR00004480,09/29/2022 10:59:00 AM,35,CLEAR,DAYLIGHT,TURNING,DIVIDED - W/MEDIAN (NOT RAISED),NO CONTROLS,IMPROPER LANE USAGE,FAILING TO YIELD RIGHT-OF-WAY,0,0,0,0,10,5,9,861,CICERO AVE,41.793498,-87.570633,09/29/2022 12:25:00 PM,2022
CR00004481,06/30/2017 07:15:00 AM,45,CLEAR,DAYLIGHT,REAR END,NOT DIVIDED,YIELD,UNABLE TO DETERMINE,UNABLE TO DETERMINE,0,0,0,0,7,6,6,519,BROADWAY,41.754173,-87.719274,06/30/2017 07:30:00 AM,2017
CR00004482,10/23/2018 09:32:00 PM,35,SNOW,DAYLIGHT,FIXED OBJECT,DIVIDED - W/MEDIAN (NOT RAISED),STOP SIGN/FLASHER,UNABLE TO DETERMINE,DISREGARDING TRAFFIC SIGNALS,0,0,0,0,21,3,10,568,DIVISION ST,41.992078,-87.689161,10/23/2018 10:21:00 PM,2018
CR00004483,07/08/2017 03:34:00 PM,30,RAIN,DARKNESS - LIGHTED ROAD,REAR END,DIVIDED - W/MEDIAN (NOT RAISED),STOP SIGN/FLASHER,IMPROPER OVERTAKING/PASSING,NOT APPLICABLE,0,0,0,0,15,7,7,864,DIVISION ST,41.903859,-87.639055,07/08/2017 04:09:00 PM,2017
CR00004484,08/23/2024 05:38:00 AM,30,CLEAR,DARKNESS - LIGHTED ROAD,SIDESWIPE SAME DIRECTION,NOT DIVIDED,NO CONTROLS,WEATHER,DRIVING SKILLS/KNOWLEDGE/EXPERIENCE,0,0,1,1,5,6,8,1896,BROADWAY,41.987649,-87.722025,08/23/2024 05:46:00 AM,2024
CR00004485,12/09/2018 01:31:00 PM,30,CLEAR,DAYLIGHT,REAR END,NOT DIVIDED,NO CONTROLS,FAILING TO REDUCE SPEED,IMPROPER LANE USAGE,0,2,2,4,13,1,12,1549,FULLERTON AVE,41.977159,-87.595352,12/09/2018 03:01:00 PM,2018
CR00004486,10/11/2021 05:45:00 PM,30,CLEAR,DAYLIGHT,REAR END,DIVIDED - W/MEDIAN BARRIER,YIELD,FAILING TO YIELD RIGHT-OF-WAY,FAILING TO YIELD RIGHT-OF-WAY,0,0,0,0,17,2,10,451,ARCHER AVE,41.754392,-87.645136,10/11/2021 07:14:00 PM,2021
CR00004487,06/07/2021 05:11:00 PM,35,CLOUDY/OVERCAST,DARKNESS,SIDESWIPE SAME DIRECTION,ONE-WAY,TRAFFIC SIGNAL,UNABLE TO DETERMINE,DRIVING SKILLS/KNOWLEDGE/EXPERIENCE,0,0,0,0,17,2,6,870,ROOSEVELT RD,41.740283,-87.543506,06/07/2021 06:14:00 PM,2021
CR00004488,04/16/2021 07:22:00 AM,20,CLOUDY/OVERCAST,DARKNESS - LIGHTED ROAD,REAR END,NOT DIVIDED,TRAFFIC SIGNAL,FAILING TO YIELD RIGHT-OF-WAY,DISREGARDING TRAFFIC SIGNALS,0,0,1,1,7,6,4,348,IRVING PARK RD,41.765813,-87.568215,04/16/2021 09:04:00 AM,2021
CR00004489,11/10/2018 04:32:00 AM,20,CLEAR,DARKNESS - LIGHTED ROAD,REAR END,ONE-WAY,TRAFFIC SIGNAL,UNABLE TO DETERMINE,UNABLE TO DETERMINE,0,0,0,0,4,7,11,1493,MICHIGAN AVE,41.858151,-87.836609,11/10/2018 05:25:00 AM,2018
CR00004490,10/23/2020 06:19:00 PM,15,CLOUDY/OVERCAST,DAYLIGHT,TURNING,NOT DIVIDED,YIELD,UNABLE TO DETERMINE,FAILING TO YIELD RIGHT-OF-WAY,0,0,0,0,18,6,10,1590,FULLERTON AVE,41.758875,-87.506064,10/23/2020 06:39:00 PM,2020
CR00004491,08/06/2023 12:37:00 PM,35,SNOW,DUSK,ANGLE,NOT DIVIDED,STOP SIGN/FLASHER,UNABLE TO DETERMINE,FAILING TO REDUCE SPEED,0,0,0,0,12,1,8,1172,47TH ST,41.843453,-87.677626,08/06/2023 01:01:00 PM,2023
CR00004492,10/30/2019 07:36:00 PM,35,CLEAR,DAYLIGHT,PARKED MOTOR VEHICLE,NOT DIVIDED,TRAFFIC SIGNAL,UNABLE TO DETERMINE,UNABLE TO DETERMINE,0,0,1,1,19,4,10,1865,ROOSEVELT RD,41.969013,-87.538994,10/30/2019 07:45:00 PM,2019
CR00004493,10/20/2015 12:31:00 PM,35,CLEAR,DAYLIGHT,REAR END,DIVIDED - W/MEDIAN BARRIER,NO CONTROLS,UNABLE TO DETERMINE,UNABLE TO DETERMINE,0,0,0,0,12,3,10,778,DAMEN AVE,41.973373,-87.683735,10/20/2015 02:16:00 PM,2015
CR00004494,10/25/2016 06:01:00 AM,15,FOG/SMOKE/HAZE,DARKNESS - LIGHTED ROAD,REAR END,NOT DIVIDED,UNKNOWN,UNABLE TO DETERMINE,DISTRACTION - FROM INSIDE VEHICLE,0,0,0,0,6,3,10,600,FULLERTON AVE,41.703979,-87.777725,10/25/2016 06:25:00 AM,2016
CR00004495,08/31/2017 04:51:00 PM,40,RAIN,DAYLIGHT,SIDESWIPE SAME DIRECTION,NOT DIVIDED,TRAFFIC SIGNAL,UNABLE TO DETERMINE,UNABLE TO DETERMINE,0,1,1,2,16,5,8,1043,FULLERTON AVE,41.996783,-87.612938,08/31/2017 06:22:00 PM,2017
CR00004496,03/10/2020 07:36:00 AM,35,CLEAR,DAYLIGHT,REAR TO FRONT,NOT DIVIDED,NO CONTROLS,UNABLE TO DETERMINE,NOT APPLICABLE,0,0,0,0,7,3,3,1051,OGDEN AVE,41.841563,-87.787146,03/10/2020 08:34:00 AM,2020
CR00004497,04/05/2020 06:25:00 PM,35,SNOW,DUSK,TURNING,FOUR WAY,TRAFFIC SIGNAL,FOLLOWING TOO CLOSELY,UNABLE TO DETERMINE,0,0,0,0,18,1,4,1986,CALIFORNIA AVE,41.70675,-87.644373,04/05/2020 06:27:00 PM,2020
CR00004498,04/08/2023 02:38:00 AM,20,CLEAR,DARKNESS - LIGHTED ROAD,SIDESWIPE SAME DIRECTION,NOT DIVIDED,NO CONTROLS,UNABLE TO DETERMINE,UNABLE TO DETERMINE,0,1,1,2,2,7,4,1986,79TH ST,41.952637,-87.581073,04/08/2023 03:58:00 AM,2023
CR00004499,04/10/2022 09:16:00 AM,45,CLEAR,DAYLIGHT,SIDESWIPE SAME DIRECTION,NOT DIVIDED,STOP SIGN/FLASHER,UNABLE TO DETERMINE,UNABLE TO DETERMINE,0,0,0,0,9,1,4,1165,STATE ST,41.893239,-87.566973,04/10/2022 09:32:00 AM,2022
CR00004500,06/19/2015 08:23:00 AM,30,CLEAR,DAYLIGHT,ANGLE,ONE-WAY,STOP SIGN/FLASHER,UNABLE TO DETERMINE,DISTRACTION - FROM INSIDE VEHICLE,0,0,0,0,8,6,6,523,CALIFORNIA AVE,41.895773,-87.516134,06/19/2015 10:05:00 AM,2015
CR00004501,01/29/2016 12:57:00 AM,20,CLEAR,DARKNESS - LIGHTED ROAD,PARKED MOTOR VEHICLE,T-INTERSECTION,STOP SIGN/FLASHER,FAILING TO YIELD RIGHT-OF-WAY,FOLLOWING TOO CLOSELY,0,0,0,0,0,6,1,1725,47TH ST,41.835935,-87.662599,01/29/2016 01:29:00 AM,2016
CR00004502,02/15/2015 04:47:00 PM,35,CLEAR,DARKNESS - LIGHTED ROAD,TURNING,NOT DIVIDED,TRAFFIC SIGNAL,WEATHER,DRIVING SKILLS/KNOWLEDGE/EXPERIENCE,0,0,0,0,16,1,2,584,ROOSEVELT RD,41.740419,-87.563024,02/15/2015 05:20:00 PM,2015
CR00004503,01/17/2020 08:27:00 PM,40,CLEAR,DARKNESS,REAR END,NOT DIVIDED,STOP SIGN/FLASHER,UNABLE TO DETERMINE,NOT APPLICABLE,0,0,0,0,20,6,1,1849,HALSTED ST,41.810573,-87.804717,01/17/2020 09:28:00 PM,2020
CR00004504,04/12/2016 05:33:00 PM,35,RAIN,DAWN,REAR END,NOT DIVIDED,TRAFFIC SIGNAL,DRIVING SKILLS/KNOWLEDGE/EXPERIENCE,FAILING TO REDUCE SPEED,0,0,0,0,17,3,4,463,47TH ST,41.936933,-87.760593,04/12/2016 06:10:00 PM,2016
CR00004505,11/13/2018 06:43:00 PM,15,CLEAR,DAYLIGHT,PARKED MOTOR VEHICLE,NOT DIVIDED,NO CONTROLS,FOLLOWING TOO CLOSELY,UNABLE TO DETERMINE,0,0,0,0,18,3,11,1643,CLARK ST,41.786243,-87.809794,11/13/2018 08:02:00 PM,2018
CR00004506,04/30/2024 04:55:00 PM,20,RAIN,DAYLIGHT,REAR END,ONE-WAY,STOP SIGN/FLASHER,FOLLOWING TOO CLOSELY,NOT APPLICABLE,0,0,0,0,16,3,4,2220,CLARK ST,41.924894,-87.716862,04/30/2024 05:50:00 PM,2024
CR00004507,11/02/2016 11:10:00 AM,20,RAIN,DAYLIGHT,REAR END,DIVIDED - W/MEDIAN (NOT RAISED),UNKNOWN,DISTRACTION - FROM INSIDE VEHICLE,NOT APPLICABLE,0,0,0,0,11,4,11,1314,LAKE SHORE DR,41.822733,-87.529314,11/02/2016 12:10:00 PM,2016
CR00004508,03/25/2017 06:37:00 PM,40,SNOW,DARKNESS - LIGHTED ROAD,ANGLE,NOT DIVIDED,NO CONTROLS,DISREGARDING TRAFFIC SIGNALS,FOLLOWING TOO CLOSELY,0,0,0,0,18,7,3,953,MILWAUKEE AVE,41.858714,-87.726555,03/25/2017 07:21:00 PM,2017
CR00004509,06/24/2022 05:59:00 PM,35,CLOUDY/OVERCAST,DARKNESS - LIGHTED ROAD,TURNING,NOT DIVIDED,NO CONTROLS,UNABLE TO DETERMINE,FOLLOWING TOO CLOSELY,0,0,1,1,17,6,6,851,STATE ST,41.757232,-87.825787,06/24/2022 07:31:00 PM,2022
CR00004510,08/29/2019 04:14:00 PM,40,CLEAR,DARKNESS - LIGHTED ROAD,ANGLE,ONE-WAY,TRAFFIC SIGNAL,UNABLE TO DETERMINE,WEATHER,0,0,0,0,16,5,8,319,CLARK ST,41.736992,-87.634004,08/29/2019 05:25:00 PM,2019
CR00004511,07/31/2017 04:31:00 PM,35,CLOUDY/OVERCAST,DARKNESS - LIGHTED ROAD,TURNING,DIVIDED - W/MEDIAN (NOT RAISED),TRAFFIC SIGNAL,FOLLOWING TOO CLOSELY,NOT APPLICABLE,0,0,1,1,16,2,7,1555,ARCHER AVE,41.742515,-87.553981,07/31/2017 06:06:00 PM,2017
CR00004512,03/25/2023 08:50:00 AM,30,CLEAR,DARKNESS - LIGHTED ROAD,TURNING,FOUR WAY,TRAFFIC SIGNAL,FOLLOWING TOO CLOSELY,DISREGARDING TRAFFIC SIGNALS,0,0,0,0,8,7,3,1619,47TH ST,41.998547,-87.667667,03/25/2023 08:53:00 AM,2023
CR00004513,12/27/2017 11:19:00 PM,30,CLEAR,DAYLIGHT,REAR END,NOT DIVIDED,TRAFFIC SIGNAL,UNABLE TO DETERMINE,FAILING TO YIELD RIGHT-OF-WAY,0,0,0,0,23,4,12,2483,MICHIGAN AVE,41.817917,-87.515637,12/28/2017 12:35:00 AM,2017
CR00004514,01/23/2015 05:35:00 PM,35,CLEAR,DAYLIGHT,PARKED MOTOR VEHICLE,NOT DIVIDED,STOP SIGN/FLASHER,DRIVING SKILLS/KNOWLEDGE/EXPERIENCE,DISREGARDING TRAFFIC SIGNALS,0,0,0,0,17,6,1,874,ROOSEVELT RD,41.729413,-87.616004,01/23/2015 06:45:00 PM,2015
CR00004515,03/11/2015 07:02:00 AM,30,CLEAR,DAYLIGHT,FIXED OBJECT,NOT DIVIDED,TRAFFIC SIGNAL,FAILING TO YIELD RIGHT-OF-WAY,DISTRACTION - FROM INSIDE VEHICLE,0,0,0,0,7,4,3,604,DAMEN AVE,41.94309,-87.511797,03/11/2015 08:23:00 AM,2015
CR00004516,03/25/2023 03:04:00 AM,30,FREEZING RAIN/DRIZZLE,DUSK,REAR TO FRONT,DIVIDED - W/MEDIAN (NOT RAISED),STOP SIGN/FLASHER,FOLLOWING TOO CLOSELY,UNABLE TO DETERMINE,0,0,0,0,3,7,3,1792,FULLERTON AVE,41.828887,-87.646449,03/25/2023 04:58:00 AM,2023
CR00004517,09/24/2018 04:02:00 PM,35,CLEAR,DAYLIGHT,TURNING,NOT DIVIDED,NO CONTROLS,UNABLE TO DETERMINE,DRIVING SKILLS/KNOWLEDGE/EXPERIENCE,0,0,3,3,16,2,9,2266,CLARK ST,41.945711,-87.833755,09/24/2018 05:25:00 PM,2018
CR00004518,08/02/2021 02:53:00 PM,30,CLEAR,DAYLIGHT,SIDESWIPE SAME DIRECTION,NOT DIVIDED,TRAFFIC SIGNAL,FAILING TO YIELD RIGHT-OF-WAY,NOT APPLICABLE,0,0,0,0,14,2,8,120,STONY ISLAND AVE,41.816346,-87.786109,08/02/2021 04:01:00 PM,2021
CR00004519,07/02/2017 11:09:00 AM,40,CLEAR,DARKNESS - LIGHTED ROAD,ANGLE,NOT DIVIDED,NO CONTROLS,UNABLE TO DETERMINE,NOT APPLICABLE,0,2,1,3,11,1,7,1421,CICERO AVE,41.99992,-87.813034,07/02/2017 12:59:00 PM,2017
CR00004520,03/25/2015 07:29:00 AM,20,CLEAR,DAYLIGHT,PARKED MOTOR VEHICLE,ONE-WAY,TRAFFIC SIGNAL,DISTRACTION - FROM INSIDE VEHICLE,UNABLE TO DETERMINE,0,0,0,0,7,4,3,1463,BROADWAY,41.705293,-87.534867,03/25/2015 08:36:00 AM,2015
CR00004521,07/29/2016 09:57:00 AM,35,CLEAR,DARKNESS - LIGHTED ROAD,ANGLE,DIVIDED - W/MEDIAN (NOT RAISED),UNKNOWN,FOLLOWING TOO CLOSELY,UNABLE TO DETERMINE,0,0,0,0,9,6,7,1169,79TH ST,41.877224,-87.689455,07/29/2016 11:32:00 AM,2016
CR00004522,04/28/2019 09:55:00 PM,35,CLEAR,DAYLIGHT,SIDESWIPE SAME DIRECTION,NOT DIVIDED,NO CONTROLS,UNABLE TO DETERMINE,DISREGARDING TRAFFIC SIGNALS,0,1,1,2,21,1,4,128,STATE ST,41.820872,-87.777967,04/28/2019 11:46:00 PM,2019
CR00004523,02/13/2020 06:24:00 AM,25,CLEAR,DAYLIGHT,REAR TO FRONT,FOUR WAY,NO CONTROLS,UNABLE TO DETERMINE,NOT APPLICABLE,0,0,0,0,6,5,2,615,79TH ST,41.943665,-87.796948,02/13/2020 07:01:00 AM,2020
CR00004524,11/25/2020 09:40:00 PM,15,CLEAR,DARKNESS - LIGHTED ROAD,PEDESTRIAN,ONE-WAY,NO CONTROLS,DRIVING SKILLS/KNOWLEDGE/EXPERIENCE,IMPROPER OVERTAKING/PASSING,0,0,1,1,21,4,11,1296,ASHLAND AVE,41.726931,-87.644314,11/25/2020 09:58:00 PM,2020
CR00004525,05/27/2018 12:22:00 PM,35,CLEAR,DARKNESS - LIGHTED ROAD,SIDESWIPE SAME DIRECTION,T-INTERSECTION,UNKNOWN,FOLLOWING TOO CLOSELY,DISTRACTION - FROM INSIDE VEHICLE,0,0,0,0,12,1,5,2044,KEDZIE AVE,41.825281,-87.767258,05/27/2018 12:28:00 PM,2018
CR00004526,08/02/2023 02:45:00 PM,30,CLEAR,DUSK,SIDESWIPE SAME DIRECTION,DIVIDED - W/MEDIAN (NOT RAISED),UNKNOWN,UNABLE TO DETERMINE,UNABLE TO DETERMINE,0,0,0,0,14,4,8,724,63RD ST,41.77657,-87.719192,08/02/2023 03:16:00 PM,2023
CR00004527,01/02/2021 06:19:00 PM,45,CLEAR,DAYLIGHT,REAR TO FRONT,ONE-WAY,NO CONTROLS,IMPROPER LANE USAGE,NOT APPLICABLE,0,0,0,0,18,7,1,473,79TH ST,41.977244,-87.714548,01/02/2021 06:27:00 PM,2021
CR00004528,09/23/2016 12:06:00 PM,30,CLEAR,DARKNESS - LIGHTED ROAD,TURNING,FOUR WAY,NO CONTROLS,UNABLE TO DETERMINE,UNABLE TO DETERMINE,0,0,0,0,12,6,9,1373,OGDEN AVE,41.812057,-87.815646,09/23/2016 12:19:00 PM,2016
CR00004529,10/15/2021 09:25:00 PM,30,CLEAR,DARKNESS,SIDESWIPE SAME DIRECTION,FOUR WAY,TRAFFIC SIGNAL,FAILING TO YIELD RIGHT-OF-WAY,DISREGARDING TRAFFIC SIGNALS,0,0,0,0,21,6,10,2418,CALIFORNIA AVE,41.702336,-87.762493,10/15/2021 10:38:00 PM,2021
CR00004530,03/08/2020 12:23:00 PM,30,CLEAR,DAYLIGHT,REAR END,T-INTERSECTION,UNKNOWN,FOLLOWING TOO CLOSELY,UNABLE TO DETERMINE,0,0,0,0,12,1,3,832,DIVISION ST,41.963357,-87.826726,03/08/2020 12:55:00 PM,2020
CR00004531,04/18/2015 10:01:00 AM,45,CLOUDY/OVERCAST,DAYLIGHT,REAR END,NOT DIVIDED,NO CONTROLS,UNABLE TO DETERMINE,DISREGARDING TRAFFIC SIGNALS,0,0,0,0,10,7,4,547,CALIFORNIA AVE,41.807194,-87.681046,04/18/2015 10:23:00 AM,2015
CR00004532,07/13/2016 08:11:00 PM,15,CLEAR,DAYLIGHT,SIDESWIPE SAME DIRECTION,NOT DIVIDED,STOP SIGN/FLASHER,IMPROPER LANE USAGE,DRIVING SKILLS/KNOWLEDGE/EXPERIENCE,0,0,0,0,20,4,7,1572,CALIFORNIA AVE,41.790168,-87.760484,07/13/2016 08:35:00 PM,2016
CR00004533,02/09/2020 07:32:00 PM,35,CLEAR,DAYLIGHT,REAR END,DIVIDED - W/MEDIAN BARRIER,UNKNOWN,IMPROPER OVERTAKING/PASSING,UNABLE TO DETERMINE,0,0,0,0,19,1,2,1391,LAKE SHORE DR,41.786644,-87.615699,02/09/2020 08:03:00 PM,2020
CR00004534,02/12/2016 05:13:00 PM,45,CLEAR,DARKNESS - LIGHTED ROAD,PARKED MOTOR VEHICLE,DIVIDED - W/MEDIAN (NOT RAISED),NO CONTROLS,DISREGARDING TRAFFIC SIGNALS,NOT APPLICABLE,0,0,0,0,17,6,2,1588,STONY ISLAND AVE,41.720608,-87.694377,02/12/2016 05:46:00 PM,2016