CRASH_RECORD_ID,CRASH_DATE,POSTED_SPEED_LIMIT,WEATHER_CONDITION,LIGHTING_CONDITION,FIRST_CRASH_TYPE,TRAFFICWAY_TYPE,TRAFFIC_CONTROL_DEVICE,PRIM_CONTRIBUTORY_CAUSE,SEC_CONTRIBUTORY_CAUSE,INJURIES_FATAL,INJURIES_INCAPACITATING,INJURIES_NON_INCAPACITATING,INJURIES_TOTAL,CRASH_HOUR,CRASH_DAY_OF_WEEK,CRASH_MONTH,BEAT_OF_OCCURRENCE,STREET_NAME,LATITUDE,LONGITUDE,DATE_POLICE_NOTIFIED,year
CR00004535,08/07/2018 04:20:00 PM,30,CLEAR,DAYLIGHT,REAR END,NOT DIVIDED,NO CONTROLS,DRIVING SKILLS/KNOWLEDGE/EXPERIENCE,IMPROPER OVERTAKING/PASSING,0,2,3,5,16,3,8,620,CLARK ST,41.802171,-87.739777,08/07/2018 04:34:00 PM,2018
CR00004536,08/21/2017 12:34:00 AM,35,CLEAR,DARKNESS - LIGHTED ROAD,REAR END,NOT DIVIDED,NO CONTROLS,DISREGARDING TRAFFIC SIGNALS,UNABLE TO DETERMINE,0,0,0,0,0,2,8,1585,ROOSEVELT RD,41.86752,-87.708466,08/21/2017 12:39:00 AM,2017
CR00004537,01/24/2024 06:03:00 PM,35,CLEAR,DARKNESS,ANGLE,ONE-WAY,STOP SIGN/FLASHER,UNABLE TO DETERMINE,UNABLE TO DETERMINE,0,0,0,0,18,4,1,1436,ARCHER AVE,41.903202,-87.647353,01/24/2024 06:35:00 PM,2024
CR00004538,03/10/2015 03:34:00 PM,30,CLEAR,DAYLIGHT,TURNING,NOT DIVIDED,STOP SIGN/FLASHER,FOLLOWING TOO CLOSELY,NOT APPLICABLE,0,0,0,0,15,3,3,840,DIVISION ST,41.828408,-87.649516,03/10/2015 04:41:00 PM,2015
CR00004539,05/13/2019 11:15:00 AM,35,CLOUDY/OVERCAST,DARKNESS - LIGHTED ROAD,REAR END,FOUR WAY,STOP SIGN/FLASHER,FAILING TO YIELD RIGHT-OF-WAY,NOT APPLICABLE,0,0,0,0,11,2,5,1723,ELSTON AVE,41.953897,-87.527836,05/13/2019 12:16:00 PM,2019
CR00004540,08/22/2017 11:03:00 AM,15,CLEAR,DAYLIGHT,TURNING,DIVIDED - W/MEDIAN (NOT RAISED),NO CONTROLS,DISTRACTION - FROM INSIDE VEHICLE,IMPROPER OVERTAKING/PASSING,0,0,0,0,11,3,8,316,ASHLAND AVE,41.947233,-87.766986,08/22/2017 11:43:00 AM,2017
CR00004541,02/04/2018 08:56:00 AM,30,CLEAR,DAYLIGHT,REAR END,NOT DIVIDED,NO CONTROLS,FOLLOWING TOO CLOSELY,FAILING TO YIELD RIGHT-OF-WAY,0,0,2,2,8,1,2,1320,IRVING PARK RD,41.872749,-87.716716,02/04/2018 09:25:00 AM,2018
CR00004542,05/26/2021 03:02:00 PM,35,CLEAR,DAYLIGHT,TURNING,NOT DIVIDED,NO CONTROLS,DISTRACTION - FROM INSIDE VEHICLE,IMPROPER LANE USAGE,0,0,0,0,15,4,5,972,WESTERN AVE,41.950149,-87.57743,05/26/2021 03:39:00 PM,2021
CR00004543,12/15/2021 01:26:00 PM,30,CLEAR,DAYLIGHT,REAR END,DIVIDED - W/MEDIAN BARRIER,STOP SIGN/FLASHER,UNABLE TO DETERMINE,FOLLOWING TOO CLOSELY,0,2,0,2,13,4,12,1569,MILWAUKEE AVE,41.824577,-87.546905,12/15/2021 02:14:00 PM,2021
CR00004544,02/24/2022 10:12:00 AM,45,RAIN,DAYLIGHT,REAR END,DIVIDED - W/MEDIAN BARRIER,NO CONTROLS,FAILING TO REDUCE SPEED,UNABLE TO DETERMINE,0,0,0,0,10,5,2,291,ELSTON AVE,41.755851,-87.772288,02/24/2022 10:23:00 AM,2022
CR00004545,05/24/2016 07:43:00 AM,40,CLEAR,DAYLIGHT,TURNING,DIVIDED - W/MEDIAN BARRIER,TRAFFIC SIGNAL,DRIVING SKILLS/KNOWLEDGE/EXPERIENCE,IMPROPER LANE USAGE,0,0,2,2,7,3,5,2215,ASHLAND AVE,41.757349,-87.595636,05/24/2016 09:41:00 AM,2016
CR00004546,08/18/2024 04:44:00 PM,35,CLEAR,DAYLIGHT,ANGLE,FOUR WAY,TRAFFIC SIGNAL,FOLLOWING TOO CLOSELY,NOT APPLICABLE,0,0,0,0,16,1,8,918,KEDZIE AVE,41.932479,-87.69149,08/18/2024 04:46:00 PM,2024
CR00004547,12/29/2015 02:20:00 PM,20,SNOW,DAYLIGHT,ANGLE,NOT DIVIDED,NO CONTROLS,IMPROPER LANE USAGE,DISREGARDING TRAFFIC SIGNALS,0,0,0,0,14,3,12,282,ASHLAND AVE,41.862878,-87.771195,12/29/2015 03:29:00 PM,2015
CR00004548,06/22/2024 09:03:00 AM,35,RAIN,DARKNESS - LIGHTED ROAD,PARKED MOTOR VEHICLE,ONE-WAY,NO CONTROLS,IMPROPER OVERTAKING/PASSING,DISTRACTION - FROM INSIDE VEHICLE,0,0,0,0,9,7,6,1104,OGDEN AVE,41.759772,-87.641426,06/22/2024 09:39:00 AM,2024
CR00004549,10/26/2024 10:15:00 AM,30,CLOUDY/OVERCAST,DARKNESS - LIGHTED ROAD,REAR END,NOT DIVIDED,TRAFFIC SIGNAL,WEATHER,UNABLE TO DETERMINE,0,0,0,0,10,7,10,1610,OGDEN AVE,41.944742,-87.549923,10/26/2024 10:38:00 AM,2024
CR00004550,02/26/2018 04:26:00 PM,30,CLEAR,DAYLIGHT,REAR END,NOT DIVIDED,UNKNOWN,IMPROPER LANE USAGE,UNABLE TO DETERMINE,0,0,0,0,16,2,2,1654,63RD ST,41.705314,-87.778435,02/26/2018 06:14:00 PM,2018
CR00004551,01/04/2021 01:03:00 PM,30,CLEAR,DARKNESS - LIGHTED ROAD,ANGLE,NOT DIVIDED,UNKNOWN,IMPROPER OVERTAKING/PASSING,NOT APPLICABLE,0,0,1,1,13,2,1,1643,CICERO AVE,41.906892,-87.722786,01/04/2021 01:10:00 PM,2021
CR00004552,05/17/2018 07:24:00 AM,30,RAIN,DAWN,FIXED OBJECT,NOT DIVIDED,NO CONTROLS,UNABLE TO DETERMINE,DRIVING SKILLS/KNOWLEDGE/EXPERIENCE,0,1,2,3,7,5,5,264,PULASKI RD,41.843243,-87.602763,05/17/2018 09:10:00 AM,2018
CR00004553,01/31/2022 08:41:00 AM,30,CLEAR,DARKNESS - LIGHTED ROAD,TURNING,DIVIDED - W/MEDIAN (NOT RAISED),NO CONTROLS,UNABLE TO DETERMINE,FAILING TO YIELD RIGHT-OF-WAY,0,0,1,1,8,2,1,714,LAKE SHORE DR,41.978116,-87.620268,01/31/2022 09:43:00 AM,2022
CR00004554,10/19/2018 07:13:00 PM,15,CLEAR,DAWN,SIDESWIPE SAME DIRECTION,DIVIDED - W/MEDIAN (NOT RAISED),NO CONTROLS,FAILING TO YIELD RIGHT-OF-WAY,FAILING TO YIELD RIGHT-OF-WAY,0,0,0,0,19,6,10,1509,BROADWAY,41.8465,-87.645538,10/19/2018 07:22:00 PM,2018
CR00004555,07/06/2017 08:31:00 AM,40,RAIN,DAYLIGHT,PARKED MOTOR VEHICLE,NOT DIVIDED,NO CONTROLS,WEATHER,NOT APPLICABLE,0,0,0,0,8,5,7,226,WESTERN AVE,41.777203,-87.553152,07/06/2017 09:41:00 AM,2017
CR00004556,11/21/2016 09:11:00 AM,35,CLEAR,DAYLIGHT,TURNING,DIVIDED - W/MEDIAN (NOT RAISED),NO CONTROLS,FAILING TO YIELD RIGHT-OF-WAY,DISTRACTION - FROM INSIDE VEHICLE,0,0,0,0,9,2,11,2484,ARCHER AVE,41.937041,-87.568741,11/21/2016 10:09:00 AM,2016
CR00004557,07/06/2023 03:34:00 PM,40,CLEAR,DARKNESS - LIGHTED ROAD,SIDESWIPE SAME DIRECTION,NOT DIVIDED,NO CONTROLS,IMPROPER OVERTAKING/PASSING,DISREGARDING TRAFFIC SIGNALS,0,0,0,0,15,5,7,818,LAKE SHORE DR,41.789499,-87.816001,07/06/2023 05:08:00 PM,2023
CR00004558,11/04/2017 08:57:00 PM,30,CLEAR,DARKNESS - LIGHTED ROAD,PEDESTRIAN,ONE-WAY,STOP SIGN/FLASHER,UNABLE TO DETERMINE,UNABLE TO DETERMINE,0,0,3,3,20,7,11,1871,LAKE SHORE DR,41.776862,-87.61922,11/04/2017 10:51:00 PM,2017
CR00004559,03/29/2016 02:04:00 PM,40,RAIN,DUSK,ANGLE,FOUR WAY,STOP SIGN/FLASHER,UNABLE TO DETERMINE,DISTRACTION - FROM INSIDE VEHICLE,0,0,0,0,14,3,3,725,BROADWAY,41.857486,-87.746891,03/29/2016 03:20:00 PM,2016
CR00004560,10/15/2024 09:44:00 AM,30,CLEAR,DAYLIGHT,TURNING,FOUR WAY,TRAFFIC SIGNAL,UNABLE TO DETERMINE,IMPROPER LANE USAGE,0,0,0,0,9,3,10,2007,MICHIGAN AVE,41.943523,-87.692003,10/15/2024 11:01:00 AM,2024
CR00004561,10/17/2024 08:13:00 PM,15,CLEAR,DARKNESS - LIGHTED ROAD,REAR END,DIVIDED - W/MEDIAN BARRIER,NO CONTROLS,UNABLE TO DETERMINE,NOT APPLICABLE,0,0,0,0,20,5,10,2526,ELSTON AVE,41.713789,-87.527186,10/17/2024 09:15:00 PM,2024
CR00004562,01/15/2019 07:09:00 PM,30,CLEAR,DAYLIGHT,SIDESWIPE SAME DIRECTION,DIVIDED - W/MEDIAN (NOT RAISED),NO CONTROLS,DISTRACTION - FROM INSIDE VEHICLE,FOLLOWING TOO CLOSELY,0,0,0,0,19,3,1,1668,STATE ST,41.78765,-87.69397,01/15/2019 08:35:00 PM,2019
CR00004563,05/23/2020 09:36:00 AM,20,CLEAR,DAYLIGHT,REAR TO FRONT,DIVIDED - W/MEDIAN (NOT RAISED),NO CONTROLS,UNABLE TO DETERMINE,DISREGARDING TRAFFIC SIGNALS,0,0,0,0,9,7,5,403,79TH ST,41.801476,-87.807569,05/23/2020 09:49:00 AM,2020
CR00004564,12/15/2020 05:22:00 AM,40,CLEAR,DAYLIGHT,TURNING,NOT DIVIDED,TRAFFIC SIGNAL,DISTRACTION - FROM INSIDE VEHICLE,DRIVING SKILLS/KNOWLEDGE/EXPERIENCE,0,0,3,3,5,3,12,808,MICHIGAN AVE,41.721679,-87.781607,12/15/2020 07:05:00 AM,2020
CR00004565,08/29/2016 09:23:00 AM,25,CLEAR,DAYLIGHT,PEDESTRIAN,NOT DIVIDED,STOP SIGN/FLASHER,FAILING TO REDUCE SPEED,NOT APPLICABLE,0,0,0,0,9,2,8,1272,ARCHER AVE,41.77392,-87.645018,08/29/2016 10:54:00 AM,2016
CR00004566,01/16/2020 01:13:00 AM,20,FOG/SMOKE/HAZE,DARKNESS - LIGHTED ROAD,REAR END,NOT DIVIDED,NO CONTROLS,IMPROPER OVERTAKING/PASSING,UNABLE TO DETERMINE,0,0,0,0,1,5,1,2069,KEDZIE AVE,41.820639,-87.619324,01/16/2020 01:21:00 AM,2020
CR00004567,08/21/2015 03:06:00 PM,30,CLEAR,DAYLIGHT,PEDESTRIAN,DIVIDED - W/MEDIAN (NOT RAISED),STOP SIGN/FLASHER,FOLLOWING TOO CLOSELY,NOT APPLICABLE,0,0,0,0,15,6,8,1632,79TH ST,41.78322,-87.517974,08/21/2015 04:03:00 PM,2015
CR00004568,05/16/2016 02:48:00 PM,40,CLEAR,DAYLIGHT,TURNING,DIVIDED - W/MEDIAN (NOT RAISED),TRAFFIC SIGNAL,UNABLE TO DETERMINE,NOT APPLICABLE,0,0,2,2,14,2,5,1621,ROOSEVELT RD,41.801608,-87.505536,05/16/2016 04:36:00 PM,2016
CR00004569,04/26/2021 04:26:00 AM,30,RAIN,DARKNESS,REAR END,DIVIDED - W/MEDIAN (NOT RAISED),NO CONTROLS,DRIVING SKILLS/KNOWLEDGE/EXPERIENCE,FAILING TO YIELD RIGHT-OF-WAY,0,0,0,0,4,2,4,1126,HALSTED ST,41.991748,-87.5375,04/26/2021 05:12:00 AM,2021
CR00004570,11/10/2015 08:13:00 PM,30,CLEAR,DAYLIGHT,REAR END,DIVIDED - W/MEDIAN BARRIER,NO CONTROLS,IMPROPER LANE USAGE,NOT APPLICABLE,0,0,0,0,20,3,11,1263,MILWAUKEE AVE,41.967191,-87.681941,11/10/2015 08:25:00 PM,2015
CR00004571,03/31/2017 06:36:00 AM,30,CLEAR,DARKNESS - LIGHTED ROAD,FIXED OBJECT,NOT DIVIDED,TRAFFIC SIGNAL,FOLLOWING TOO CLOSELY,NOT APPLICABLE,0,0,0,0,6,6,3,142,WESTERN AVE,41.941754,-87.82153,03/31/2017 07:13:00 AM,2017
CR00004572,10/26/2020 11:46:00 AM,45,CLEAR,DAWN,REAR END,NOT DIVIDED,PEDESTRIAN CROSSING SIGN,IMPROPER OVERTAKING/PASSING,WEATHER,0,0,0,0,11,2,10,1729,47TH ST,41.920709,-87.568386,10/26/2020 01:12:00 PM,2020
CR00004573,03/14/2016 06:39:00 PM,40,RAIN,DAYLIGHT,TURNING,DIVIDED - W/MEDIAN BARRIER,STOP SIGN/FLASHER,FAILING TO REDUCE SPEED,UNABLE TO DETERMINE,0,0,0,0,18,2,3,1026,ASHLAND AVE,41.958156,-87.63455,03/14/2016 07:55:00 PM,2016
CR00004574,03/07/2016 04:56:00 PM,35,CLEAR,DUSK,REAR END,DIVIDED - W/MEDIAN (NOT RAISED),TRAFFIC SIGNAL,FOLLOWING TOO CLOSELY,FAILING TO REDUCE SPEED,0,0,0,0,16,2,3,2494,63RD ST,41.992942,-87.617761,03/07/2016 06:03:00 PM,2016
CR00004575,05/08/2016 01:54:00 PM,15,SNOW,DARKNESS - LIGHTED ROAD,ANGLE,DIVIDED - W/MEDIAN (NOT RAISED),TRAFFIC SIGNAL,IMPROPER OVERTAKING/PASSING,NOT APPLICABLE,0,0,0,0,13,1,5,2339,ELSTON AVE,41.827082,-87.737807,05/08/2016 02:55:00 PM,2016
CR00004576,09/13/2018 07:46:00 AM,30,CLEAR,DARKNESS - LIGHTED ROAD,ANGLE,DIVIDED - W/MEDIAN (NOT RAISED),TRAFFIC SIGNAL,IMPROPER LANE USAGE,FOLLOWING TOO CLOSELY,0,0,0,0,7,5,9,347,CICERO AVE,41.753369,-87.779543,09/13/2018 08:58:00 AM,2018
CR00004577,10/03/2024 11:58:00 AM,35,CLEAR,DARKNESS - LIGHTED ROAD,ANGLE,DIVIDED - W/MEDIAN (NOT RAISED),NO CONTROLS,UNABLE TO DETERMINE,DRIVING SKILLS/KNOWLEDGE/EXPERIENCE,0,0,0,0,11,5,10,2365,79TH ST,41.90986,-87.616733,10/03/2024 12:01:00 PM,2024
CR00004578,01/09/2016 05:24:00 AM,40,CLEAR,DAYLIGHT,SIDESWIPE SAME DIRECTION,ONE-WAY,NO CONTROLS,DRIVING SKILLS/KNOWLEDGE/EXPERIENCE,WEATHER,0,0,0,0,5,7,1,1412,ASHLAND AVE,41.930621,-87.678439,01/09/2016 07:13:00 AM,2016
CR00004579,10/28/2022 09:39:00 AM,45,CLEAR,DAYLIGHT,REAR END,NOT DIVIDED,NO CONTROLS,UNABLE TO DETERMINE,NOT APPLICABLE,0,0,2,2,9,6,10,922,IRVING PARK RD,41.897656,-87.606461,10/28/2022 10:28:00 AM,2022
CR00004580,03/18/2023 10:11:00 AM,35,RAIN,DARKNESS - LIGHTED ROAD,TURNING,DIVIDED - W/MEDIAN (NOT RAISED),NO CONTROLS,UNABLE TO DETERMINE,NOT APPLICABLE,0,0,0,0,10,7,3,1546,CALIFORNIA AVE,41.868055,-87.635439,03/18/2023 11:51:00 AM,2023
CR00004581,03/31/2015 02:06:00 AM,25,CLEAR,DUSK,SIDESWIPE SAME DIRECTION,FOUR WAY,NO CONTROLS,UNABLE TO DETERMINE,UNABLE TO DETERMINE,0,0,0,0,2,3,3,2226,IRVING PARK RD,41.99368,-87.728325,03/31/2015 03:27:00 AM,2015
CR00004582,12/29/2019 09:59:00 PM,40,CLEAR,DAYLIGHT,PEDESTRIAN,DIVIDED - W/MEDIAN (NOT RAISED),TRAFFIC SIGNAL,UNABLE TO DETERMINE,FOLLOWING TOO CLOSELY,0,0,0,0,21,1,12,110,FULLERTON AVE,41.90307,-87.783815,12/29/2019 10:25:00 PM,2019
CR00004583,06/11/2019 06:56:00 PM,25,CLEAR,DAYLIGHT,REAR TO FRONT,ONE-WAY,UNKNOWN,FAILING TO YIELD RIGHT-OF-WAY,UNABLE TO DETERMINE,0,0,0,0,18,3,6,1911,DAMEN AVE,41.974074,-87.799526,06/11/2019 08:09:00 PM,2019
CR00004584,11/19/2016 07:54:00 AM,25,CLOUDY/OVERCAST,DAYLIGHT,REAR END,DIVIDED - W/MEDIAN (NOT RAISED),NO CONTROLS,UNABLE TO DETERMINE,FAILING TO YIELD RIGHT-OF-WAY,0,0,0,0,7,7,11,1725,CALIFORNIA AVE,41.869622,-87.550239,11/19/2016 08:20:00 AM,2016
CR00004585,02/18/2019 10:56:00 AM,30,CLEAR,DAYLIGHT,TURNING,DIVIDED - W/MEDIAN (NOT RAISED),STOP SIGN/FLASHER,FOLLOWING TOO CLOSELY,IMPROPER OVERTAKING/PASSING,0,0,0,0,10,2,2,1146,ARCHER AVE,41.704471,-87.521662,02/18/2019 12:00:00 PM,2019
CR00004586,11/04/2023 10:44:00 PM,25,RAIN,DAYLIGHT,ANGLE,NOT DIVIDED,TRAFFIC SIGNAL,UNABLE TO DETERMINE,FOLLOWING TOO CLOSELY,0,0,3,3,22,7,11,2471,47TH ST,41.761124,-87.598692,11/04/2023 11:56:00 PM,2023
CR00004587,09/16/2019 03:09:00 PM,20,RAIN,DAYLIGHT,TURNING,NOT DIVIDED,TRAFFIC SIGNAL,FAILING TO REDUCE SPEED,IMPROPER LANE USAGE,0,0,0,0,15,2,9,2242,IRVING PARK RD,41.740688,-87.597956,09/16/2019 04:47:00 PM,2019
CR00004588,04/30/2015 02:17:00 AM,40,CLEAR,DARKNESS - LIGHTED ROAD,PEDESTRIAN,NOT DIVIDED,NO CONTROLS,IMPROPER LANE USAGE,IMPROPER OVERTAKING/PASSING,0,0,0,0,2,5,4,2404,LAKE SHORE DR,41.834225,-87.849463,04/30/2015 03:46:00 AM,2015
CR00004589,01/12/2015 08:35:00 PM,25,CLEAR,DAYLIGHT,SIDESWIPE SAME DIRECTION,NOT DIVIDED,NO CONTROLS,UNABLE TO DETERMINE,DISTRACTION - FROM INSIDE VEHICLE,0,0,1,1,20,2,1,2449,KEDZIE AVE,41.900269,-87.537313,01/12/2015 09:14:00 PM,2015
CR00004590,02/05/2024 07:06:00 AM,30,CLEAR,DAYLIGHT,PARKED MOTOR VEHICLE,NOT DIVIDED,UNKNOWN,FOLLOWING TOO CLOSELY,NOT APPLICABLE,0,0,0,0,7,2,2,1179,HALSTED ST,41.76444,-87.708613,02/05/2024 08:30:00 AM,2024
CR00004591,07/28/2020 01:50:00 AM,20,CLEAR,DAYLIGHT,SIDESWIPE SAME DIRECTION,T-INTERSECTION,NO CONTROLS,UNABLE TO DETERMINE,UNABLE TO DETERMINE,0,0,0,0,1,3,7,1971,ASHLAND AVE,41.764573,-87.607862,07/28/2020 02:56:00 AM,2020
CR00004592,05/21/2018 10:34:00 PM,40,CLEAR,DARKNESS - LIGHTED ROAD,PARKED MOTOR VEHICLE,DIVIDED - W/MEDIAN (NOT RAISED),STOP SIGN/FLASHER,IMPROPER LANE USAGE,DRIVING SKILLS/KNOWLEDGE/EXPERIENCE,0,0,1,1,22,2,5,1724,OGDEN AVE,41.924019,-87.742485,05/21/2018 10:38:00 PM,2018
CR00004593,02/19/2019 04:06:00 PM,30,CLEAR,DARKNESS - LIGHTED ROAD,TURNING,NOT DIVIDED,TRAFFIC SIGNAL,UNABLE TO DETERMINE,UNABLE TO DETERMINE,0,0,0,0,16,3,2,878,STONY ISLAND AVE,41.847968,-87.672809,02/19/2019 05:34:00 PM,2019
CR00004594,11/14/2023 04:25:00 PM,20,CLOUDY/OVERCAST,DUSK,FIXED OBJECT,ONE-WAY,NO CONTROLS,UNABLE TO DETERMINE,FAILING TO YIELD RIGHT-OF-WAY,0,0,1,1,16,3,11,1582,ELSTON AVE,41.790831,-87.752469,11/14/2023 05:25:00 PM,2023
CR00004595,02/09/2021 09:19:00 PM,20,CLEAR,DAYLIGHT,FIXED OBJECT,NOT DIVIDED,NO CONTROLS,UNABLE TO DETERMINE,NOT APPLICABLE,0,0,1,1,21,3,2,1207,47TH ST,41.973691,-87.755539,02/09/2021 09:23:00 PM,2021
CR00004596,07/13/2024 07:53:00 AM,35,CLEAR,DUSK,REAR END,NOT DIVIDED,STOP SIGN/FLASHER,FAILING TO YIELD RIGHT-OF-WAY,IMPROPER LANE USAGE,0,0,0,0,7,7,7,767,DAMEN AVE,41.730369,-87.706696,07/13/2024 08:52:00 AM,2024
CR00004597,03/25/2023 08:05:00 AM,25,CLEAR,DAYLIGHT,REAR END,NOT DIVIDED,NO CONTROLS,UNABLE TO DETERMINE,NOT APPLICABLE,0,0,0,0,8,7,3,242,FULLERTON AVE,41.781374,-87.786789,03/25/2023 08:08:00 AM,2023
CR00004598,06/19/2016 10:16:00 AM,15,SNOW,DAYLIGHT,TURNING,ONE-WAY,UNKNOWN,FAILING TO YIELD RIGHT-OF-WAY,FOLLOWING TOO CLOSELY,0,0,0,0,10,1,6,706,FULLERTON AVE,41.875534,-87.588536,06/19/2016 10:55:00 AM,2016
CR00004599,01/25/2024 01:47:00 PM,35,CLEAR,DARKNESS - LIGHTED ROAD,FIXED OBJECT,NOT DIVIDED,NO CONTROLS,DRIVING SKILLS/KNOWLEDGE/EXPERIENCE,NOT APPLICABLE,0,0,0,0,13,5,1,2375,FULLERTON AVE,41.977471,-87.78949,01/25/2024 02:23:00 PM,2024
CR00004600,07/03/2020 02:27:00 AM,30,CLEAR,DAYLIGHT,ANGLE,FOUR WAY,NO CONTROLS,DISTRACTION - FROM INSIDE VEHICLE,FAILING TO YIELD RIGHT-OF-WAY,0,0,1,1,2,6,7,2053,KEDZIE AVE,41.832874,-87.524116,07/03/2020 04:01:00 AM,2020
CR00004601,02/27/2018 06:09:00 PM,20,CLEAR,DAYLIGHT,FIXED OBJECT,DIVIDED - W/MEDIAN (NOT RAISED),NO CONTROLS,IMPROPER LANE USAGE,UNABLE TO DETERMINE,0,0,1,1,18,3,2,2528,WESTERN AVE,41.78353,-87.687757,02/27/2018 07:21:00 PM,2018
CR00004602,07/18/2020 03:12:00 AM,35,CLEAR,DUSK,SIDESWIPE SAME DIRECTION,DIVIDED - W/MEDIAN BARRIER,NO CONTROLS,UNABLE TO DETERMINE,FOLLOWING TOO CLOSELY,0,0,0,0,3,7,7,2104,PULASKI RD,41.766506,-87.652698,07/18/2020 03:35:00 AM,2020
CR00004603,09/01/2019 06:57:00 PM,25,CLEAR,DARKNESS,TURNING,T-INTERSECTION,NO CONTROLS,FAILING TO YIELD RIGHT-OF-WAY,DISREGARDING TRAFFIC SIGNALS,0,0,0,0,18,1,9,1291,PULASKI RD,41.900394,-87.803205,09/01/2019 08:44:00 PM,2019
CR00004604,11/25/2023 01:17:00 AM,30,RAIN,DAYLIGHT,PEDESTRIAN,DIVIDED - W/MEDIAN BARRIER,UNKNOWN,FAILING TO YIELD RIGHT-OF-WAY,FAILING TO YIELD RIGHT-OF-WAY,0,0,1,1,1,7,11,1360,DAMEN AVE,41.94673,-87.757738,11/25/2023 01:52:00 AM,2023
CR00004605,06/05/2019 08:38:00 AM,25,CLOUDY/OVERCAST,DAYLIGHT,TURNING,NOT DIVIDED,NO CONTROLS,FAILING TO YIELD RIGHT-OF-WAY,NOT APPLICABLE,0,0,0,0,8,4,6,2123,ARCHER AVE,41.944151,-87.835289,06/05/2019 08:50:00 AM,2019
CR00004606,02/20/2022 04:39:00 PM,35,CLEAR,DAYLIGHT,TURNING,NOT DIVIDED,TRAFFIC SIGNAL,DISTRACTION - FROM INSIDE VEHICLE,FAILING TO YIELD RIGHT-OF-WAY,0,0,0,0,16,1,2,2131,BROADWAY,41.885882,-87.640834,02/20/2022 05:20:00 PM,2022
CR00004607,06/14/2019 02:51:00 PM,40,CLEAR,DAYLIGHT,PARKED MOTOR VEHICLE,T-INTERSECTION,UNKNOWN,FOLLOWING TOO CLOSELY,NOT APPLICABLE,0,0,0,0,14,6,6,149,KEDZIE AVE,41.872505,-87.817529,06/14/2019 03:30:00 PM,2019
CR00004608,11/11/2016 10:49:00 AM,30,CLEAR,DARKNESS,REAR END,DIVIDED - W/MEDIAN BARRIER,NO CONTROLS,DISREGARDING TRAFFIC SIGNALS,FOLLOWING TOO CLOSELY,0,0,0,0,10,6,11,645,ASHLAND AVE,41.733182,-87.502205,11/11/2016 11:22:00 AM,2016
CR00004609,06/08/2018 01:06:00 PM,45,CLEAR,DAYLIGHT,TURNING,ONE-WAY,NO CONTROLS,WEATHER,DISTRACTION - FROM INSIDE VEHICLE,0,0,0,0,13,6,6,2396,KEDZIE AVE,41.785216,-87.670208,06/08/2018 01:47:00 PM,2018
CR00004610,09/27/2019 12:04:00 PM,20,CLEAR,DAYLIGHT,ANGLE,DIVIDED - W/MEDIAN (NOT RAISED),TRAFFIC SIGNAL,UNABLE TO DETERMINE,DISTRACTION - FROM INSIDE VEHICLE,0,0,0,0,12,6,9,1973,FULLERTON AVE,41.820097,-87.829941,09/27/2019 01:21:00 PM,2019
CR00004611,06/07/2023 02:02:00 AM,20,CLEAR,DARKNESS - LIGHTED ROAD,REAR END,ONE-WAY,TRAFFIC SIGNAL,UNABLE TO DETERMINE,NOT APPLICABLE,0,0,0,0,2,4,6,2518,MILWAUKEE AVE,41.997149,-87.774179,06/07/2023 02:35:00 AM,2023
CR00004612,08/30/2015 06:59:00 PM,15,CLEAR,DUSK,FIXED OBJECT,FOUR WAY,NO CONTROLS,UNABLE TO DETERMINE,DISREGARDING TRAFFIC SIGNALS,0,1,0,1,18,1,8,711,47TH ST,41.762845,-87.699567,08/30/2015 07:35:00 PM,2015
CR00004613,03/04/2024 02:42:00 AM,20,CLEAR,DUSK,FIXED OBJECT,NOT DIVIDED,TRAFFIC SIGNAL,FOLLOWING TOO CLOSELY,NOT APPLICABLE,0,0,0,0,2,2,3,2448,ARCHER AVE,41.799783,-87.737539,03/04/2024 03:07:00 AM,2024
CR00004614,06/11/2021 05:54:00 PM,35,CLEAR,DAYLIGHT,SIDESWIPE SAME DIRECTION,NOT DIVIDED,TRAFFIC SIGNAL,UNABLE TO DETERMINE,UNABLE TO DETERMINE,0,0,1,1,17,6,6,2335,CICERO AVE,41.721033,-87.606923,06/11/2021 06:09:00 PM,2021
CR00004615,03/23/2016 05:30:00 PM,30,CLEAR,DARKNESS,TURNING,NOT DIVIDED,TRAFFIC SIGNAL,UNABLE TO DETERMINE,FAILING TO YIELD RIGHT-OF-WAY,0,0,0,0,17,4,3,390,CLARK ST,41.761388,-87.658223,03/23/2016 06:56:00 PM,2016
CR00004616,12/31/2017 10:44:00 PM,20,SNOW,DAYLIGHT,TURNING,NOT DIVIDED,NO CONTROLS,DRIVING SKILLS/KNOWLEDGE/EXPERIENCE,UNABLE TO DETERMINE,0,0,0,0,22,1,12,358,ASHLAND AVE,41.736335,-87.647159,01/01/2018 12:30:00 AM,2017
CR00004617,09/10/2024 10:57:00 AM,15,CLEAR,DAYLIGHT,TURNING,NOT DIVIDED,TRAFFIC SIGNAL,WEATHER,NOT APPLICABLE,0,0,2,2,10,3,9,1154,ARCHER AVE,41.734652,-87.677232,09/10/2024 11:59:00 AM,2024