CRASH_RECORD_ID,CRASH_DATE,POSTED_SPEED_LIMIT,WEATHER_CONDITION,LIGHTING_CONDITION,FIRST_CRASH_TYPE,TRAFFICWAY_TYPE,TRAFFIC_CONTROL_DEVICE,PRIM_CONTRIBUTORY_CAUSE,SEC_CONTRIBUTORY_CAUSE,INJURIES_FATAL,INJURIES_INCAPACITATING,INJURIES_NON_INCAPACITATING,INJURIES_TOTAL,CRASH_HOUR,CRASH_DAY_OF_WEEK,CRASH_MONTH,BEAT_OF_OCCURRENCE,STREET_NAME,LATITUDE,LONGITUDE,DATE_POLICE_NOTIFIED,year
CR00004618,06/20/2015 08:23:00 AM,30,CLEAR,DAYLIGHT,FIXED OBJECT,NOT DIVIDED,NO CONTROLS,UNABLE TO DETERMINE,UNABLE TO DETERMINE,0,0,0,0,8,7,6,405,ROOSEVELT RD,41.875212,-87.710955,06/20/2015 09:23:00 AM,2015
CR00004619,08/19/2024 08:19:00 AM,35,CLEAR,DARKNESS - LIGHTED ROAD,REAR END,NOT DIVIDED,UNKNOWN,FAILING TO YIELD RIGHT-OF-WAY,UNABLE TO DETERMINE,0,0,0,0,8,2,8,420,MILWAUKEE AVE,41.912527,-87.716584,08/19/2024 09:49:00 AM,2024
CR00004620,07/18/2017 04:17:00 PM,20,CLOUDY/OVERCAST,DAYLIGHT,REAR END,DIVIDED - W/MEDIAN (NOT RAISED),UNKNOWN,DRIVING SKILLS/KNOWLEDGE/EXPERIENCE,FOLLOWING TOO CLOSELY,0,0,1,1,16,3,7,2385,CLARK ST,41.723064,-87.518521,07/18/2017 05:11:00 PM,2017
CR00004621,11/21/2017 02:23:00 PM,35,CLEAR,DARKNESS - LIGHTED ROAD,REAR END,NOT DIVIDED,STOP SIGN/FLASHER,UNABLE TO DETERMINE,FAILING TO YIELD RIGHT-OF-WAY,0,0,0,0,14,3,11,1064,KEDZIE AVE,41.760027,-87.532367,11/21/2017 02:27:00 PM,2017
CR00004622,10/13/2022 09:27:00 AM,35,SNOW,DAYLIGHT,TURNING,DIVIDED - W/MEDIAN (NOT RAISED),TRAFFIC SIGNAL,UNABLE TO DETERMINE,FOLLOWING TOO CLOSELY,0,0,1,1,9,5,10,1443,STATE ST,41.733317,-87.839712,10/13/2022 09:28:00 AM,2022
CR00004623,09/22/2020 07:15:00 PM,35,CLEAR,DAYLIGHT,REAR END,DIVIDED - W/MEDIAN BARRIER,TRAFFIC SIGNAL,WEATHER,DRIVING SKILLS/KNOWLEDGE/EXPERIENCE,0,0,0,0,19,3,9,2092,DIVISION ST,41.867574,-87.510302,09/22/2020 09:12:00 PM,2020
CR00004624,01/09/2015 11:00:00 AM,15,CLEAR,DAYLIGHT,ANGLE,NOT DIVIDED,STOP SIGN/FLASHER,FAILING TO REDUCE SPEED,DRIVING SKILLS/KNOWLEDGE/EXPERIENCE,0,0,0,0,11,6,1,1385,BROADWAY,41.761719,-87.604145,01/09/2015 12:17:00 PM,2015
CR00004625,12/01/2023 09:24:00 AM,30,FOG/SMOKE/HAZE,DARKNESS - LIGHTED ROAD,REAR TO FRONT,DIVIDED - W/MEDIAN (NOT RAISED),YIELD,UNABLE TO DETERMINE,FAILING TO REDUCE SPEED,0,0,0,0,9,6,12,2226,BROADWAY,41.832594,-87.815762,12/01/2023 11:23:00 AM,2023
CR00004626,10/08/2017 08:34:00 AM,20,CLEAR,DAYLIGHT,SIDESWIPE SAME DIRECTION,NOT DIVIDED,UNKNOWN,FAILING TO YIELD RIGHT-OF-WAY,IMPROPER LANE USAGE,0,0,0,0,8,1,10,881,DIVISION ST,41.800208,-87.678714,10/08/2017 08:50:00 AM,2017
CR00004627,07/20/2017 04:16:00 PM,25,CLEAR,DARKNESS - LIGHTED ROAD,REAR END,T-INTERSECTION,TRAFFIC SIGNAL,FAILING TO YIELD RIGHT-OF-WAY,FAILING TO YIELD RIGHT-OF-WAY,0,0,0,0,16,5,7,1664,WESTERN AVE,41.833481,-87.790436,07/20/2017 06:02:00 PM,2017
CR00004628,04/18/2018 03:11:00 AM,15,CLEAR,DAYLIGHT,ANGLE,NOT DIVIDED,NO CONTROLS,FOLLOWING TOO CLOSELY,FOLLOWING TOO CLOSELY,0,0,0,0,3,4,4,2146,OGDEN AVE,41.839397,-87.74324,04/18/2018 04:11:00 AM,2018
CR00004629,10/11/2016 05:54:00 PM,25,CLEAR,DAYLIGHT,REAR TO FRONT,NOT DIVIDED,TRAFFIC SIGNAL,DRIVING SKILLS/KNOWLEDGE/EXPERIENCE,DRIVING SKILLS/KNOWLEDGE/EXPERIENCE,0,0,0,0,17,3,10,1379,KEDZIE AVE,41.746578,-87.547233,10/11/2016 06:31:00 PM,2016
CR00004630,07/01/2023 04:15:00 PM,45,CLEAR,DAYLIGHT,TURNING,DIVIDED - W/MEDIAN BARRIER,NO CONTROLS,FAILING TO YIELD RIGHT-OF-WAY,UNABLE TO DETERMINE,0,0,0,0,16,7,7,2323,47TH ST,41.766873,-87.559922,07/01/2023 06:15:00 PM,2023
CR00004631,08/27/2016 08:39:00 AM,40,SNOW,DARKNESS - LIGHTED ROAD,ANGLE,NOT DIVIDED,TRAFFIC SIGNAL,FOLLOWING TOO CLOSELY,NOT APPLICABLE,0,0,0,0,8,7,8,1574,DAMEN AVE,41.741195,-87.746515,08/27/2016 10:38:00 AM,2016
CR00004632,01/14/2023 06:45:00 PM,30,RAIN,DAYLIGHT,ANGLE,FOUR WAY,STOP SIGN/FLASHER,FOLLOWING TOO CLOSELY,NOT APPLICABLE,0,0,3,3,18,7,1,2214,ASHLAND AVE,41.823417,-87.536171,01/14/2023 07:35:00 PM,2023
CR00004633,03/11/2024 05:11:00 PM,30,CLEAR,DAYLIGHT,TURNING,ONE-WAY,NO CONTROLS,IMPROPER LANE USAGE,DISREGARDING TRAFFIC SIGNALS,0,0,0,0,17,2,3,1523,DIVISION ST,41.823674,-87.737247,03/11/2024 07:08:00 PM,2024
CR00004634,11/27/2015 05:07:00 PM,30,CLEAR,DAYLIGHT,SIDESWIPE SAME DIRECTION,DIVIDED - W/MEDIAN BARRIER,TRAFFIC SIGNAL,IMPROPER OVERTAKING/PASSING,UNABLE TO DETERMINE,0,0,0,0,17,6,11,2469,ASHLAND AVE,41.876206,-87.811271,11/27/2015 06:40:00 PM,2015
CR00004635,05/03/2016 04:32:00 PM,25,CLEAR,DAYLIGHT,FIXED OBJECT,FOUR WAY,TRAFFIC SIGNAL,UNABLE TO DETERMINE,IMPROPER OVERTAKING/PASSING,0,0,1,1,16,3,5,686,ARCHER AVE,41.834155,-87.606076,05/03/2016 05:44:00 PM,2016
CR00004636,09/28/2020 04:08:00 PM,25,CLEAR,DAYLIGHT,PARKED MOTOR VEHICLE,ONE-WAY,NO CONTROLS,FOLLOWING TOO CLOSELY,FAILING TO YIELD RIGHT-OF-WAY,0,0,0,0,16,2,9,1435,DIVISION ST,41.854843,-87.609339,09/28/2020 06:06:00 PM,2020
CR00004637,01/10/2016 08:59:00 AM,25,CLEAR,DARKNESS - LIGHTED ROAD,FIXED OBJECT,ONE-WAY,NO CONTROLS,DISREGARDING TRAFFIC SIGNALS,NOT APPLICABLE,0,0,0,0,8,1,1,1362,CALIFORNIA AVE,41.977996,-87.652104,01/10/2016 09:14:00 AM,2016
CR00004638,03/13/2019 01:48:00 PM,40,CLEAR,DAWN,ANGLE,NOT DIVIDED,NO CONTROLS,IMPROPER OVERTAKING/PASSING,UNABLE TO DETERMINE,0,0,0,0,13,4,3,771,KEDZIE AVE,41.768748,-87.730337,03/13/2019 03:38:00 PM,2019
CR00004639,09/06/2024 02:48:00 PM,40,CLEAR,DAYLIGHT,PEDESTRIAN,NOT DIVIDED,NO CONTROLS,UNABLE TO DETERMINE,NOT APPLICABLE,0,0,0,0,14,6,9,1607,OGDEN AVE,41.906412,-87.723029,09/06/2024 03:37:00 PM,2024
CR00004640,05/05/2016 08:15:00 PM,20,RAIN,DARKNESS,TURNING,FOUR WAY,NO CONTROLS,FAILING TO REDUCE SPEED,FOLLOWING TOO CLOSELY,0,0,2,2,20,5,5,1633,HALSTED ST,41.995952,-87.633298,05/05/2016 08:58:00 PM,2016
CR00004641,12/19/2017 02:23:00 AM,30,RAIN,DAYLIGHT,ANGLE,DIVIDED - W/MEDIAN BARRIER,STOP SIGN/FLASHER,DRIVING SKILLS/KNOWLEDGE/EXPERIENCE,NOT APPLICABLE,0,0,0,0,2,3,12,2219,MILWAUKEE AVE,41.869919,-87.789187,12/19/2017 04:09:00 AM,2017
CR00004642,09/12/2023 12:10:00 PM,45,RAIN,DAYLIGHT,TURNING,ONE-WAY,TRAFFIC SIGNAL,FOLLOWING TOO CLOSELY,NOT APPLICABLE,0,0,2,2,12,3,9,1266,HALSTED ST,41.936013,-87.786285,09/12/2023 01:31:00 PM,2023
CR00004643,10/08/2016 11:02:00 PM,35,CLEAR,DARKNESS - LIGHTED ROAD,REAR END,NOT DIVIDED,STOP SIGN/FLASHER,DRIVING SKILLS/KNOWLEDGE/EXPERIENCE,DISTRACTION - FROM INSIDE VEHICLE,0,0,0,0,23,7,10,2406,BROADWAY,41.918611,-87.674303,10/09/2016 12:58:00 AM,2016
CR00004644,01/09/2020 09:15:00 AM,15,RAIN,DAYLIGHT,REAR TO FRONT,NOT DIVIDED,NO CONTROLS,UNABLE TO DETERMINE,UNABLE TO DETERMINE,0,0,0,0,9,5,1,114,79TH ST,41.902847,-87.609617,01/09/2020 10:14:00 AM,2020
CR00004645,11/01/2015 02:05:00 PM,35,CLEAR,DAYLIGHT,REAR END,FOUR WAY,TRAFFIC SIGNAL,DISTRACTION - FROM INSIDE VEHICLE,NOT APPLICABLE,0,0,0,0,14,1,11,589,BROADWAY,41.957849,-87.726153,11/01/2015 02:51:00 PM,2015
CR00004646,07/28/2024 01:08:00 PM,35,CLEAR,DARKNESS - LIGHTED ROAD,REAR TO FRONT,DIVIDED - W/MEDIAN (NOT RAISED),NO CONTROLS,IMPROPER OVERTAKING/PASSING,FOLLOWING TOO CLOSELY,0,0,0,0,13,1,7,2112,PULASKI RD,41.80438,-87.701897,07/28/2024 02:57:00 PM,2024
CR00004647,08/27/2017 05:01:00 PM,35,SNOW,DARKNESS,REAR END,NOT DIVIDED,TRAFFIC SIGNAL,DISTRACTION - FROM INSIDE VEHICLE,DRIVING SKILLS/KNOWLEDGE/EXPERIENCE,0,0,0,0,17,1,8,1963,ASHLAND AVE,41.817952,-87.515475,08/27/2017 06:08:00 PM,2017
CR00004648,08/20/2022 02:21:00 PM,40,CLEAR,DAYLIGHT,ANGLE,DIVIDED - W/MEDIAN (NOT RAISED),NO CONTROLS,UNABLE TO DETERMINE,DRIVING SKILLS/KNOWLEDGE/EXPERIENCE,0,0,1,1,14,7,8,2206,79TH ST,41.767914,-87.58228,08/20/2022 03:30:00 PM,2022
CR00004649,04/05/2020 12:46:00 PM,15,CLEAR,DAYLIGHT,SIDESWIPE SAME DIRECTION,NOT DIVIDED,NO CONTROLS,WEATHER,FAILING TO YIELD RIGHT-OF-WAY,0,0,0,0,12,1,4,2397,ELSTON AVE,41.747067,-87.754571,04/05/2020 01:40:00 PM,2020
CR00004650,12/07/2016 09:33:00 PM,20,RAIN,DARKNESS - LIGHTED ROAD,SIDESWIPE SAME DIRECTION,DIVIDED - W/MEDIAN BARRIER,YIELD,FAILING TO REDUCE SPEED,IMPROPER LANE USAGE,0,0,0,0,21,4,12,1922,STATE ST,41.952122,-87.719444,12/07/2016 10:35:00 PM,2016
CR00004651,10/19/2018 12:54:00 AM,15,CLOUDY/OVERCAST,DARKNESS - LIGHTED ROAD,FIXED OBJECT,NOT DIVIDED,STOP SIGN/FLASHER,UNABLE TO DETERMINE,FAILING TO REDUCE SPEED,0,0,2,2,0,6,10,1412,MICHIGAN AVE,41.780205,-87.618656,10/19/2018 01:28:00 AM,2018
CR00004652,12/21/2023 10:26:00 AM,30,CLEAR,DAYLIGHT,PARKED MOTOR VEHICLE,NOT DIVIDED,NO CONTROLS,IMPROPER OVERTAKING/PASSING,DRIVING SKILLS/KNOWLEDGE/EXPERIENCE,0,0,0,0,10,5,12,855,PULASKI RD,41.797457,-87.553761,12/21/2023 11:47:00 AM,2023
CR00004653,04/10/2016 12:35:00 PM,30,RAIN,DAYLIGHT,REAR END,NOT DIVIDED,NO CONTROLS,WEATHER,FAILING TO YIELD RIGHT-OF-WAY,0,0,0,0,12,1,4,1424,79TH ST,41.768731,-87.839473,04/10/2016 01:41:00 PM,2016
CR00004654,09/16/2022 11:51:00 PM,30,CLEAR,DAYLIGHT,REAR TO FRONT,NOT DIVIDED,STOP SIGN/FLASHER,IMPROPER LANE USAGE,FAILING TO YIELD RIGHT-OF-WAY,0,0,0,0,23,6,9,219,63RD ST,41.941146,-87.798591,09/17/2022 01:28:00 AM,2022
CR00004655,12/12/2023 03:50:00 PM,35,CLEAR,DAYLIGHT,REAR END,FOUR WAY,STOP SIGN/FLASHER,UNABLE TO DETERMINE,FAILING TO YIELD RIGHT-OF-WAY,0,0,0,0,15,3,12,140,DAMEN AVE,41.922527,-87.774101,12/12/2023 05:40:00 PM,2023
CR00004656,08/06/2015 11:45:00 AM,30,CLEAR,DARKNESS,REAR TO FRONT,NOT DIVIDED,STOP SIGN/FLASHER,FOLLOWING TOO CLOSELY,DISREGARDING TRAFFIC SIGNALS,0,1,0,1,11,5,8,1248,PULASKI RD,41.726433,-87.769811,08/06/2015 12:56:00 PM,2015
CR00004657,02/04/2020 05:01:00 PM,30,CLEAR,DAYLIGHT,REAR END,DIVIDED - W/MEDIAN (NOT RAISED),NO CONTROLS,DISREGARDING TRAFFIC SIGNALS,UNABLE TO DETERMINE,0,0,0,0,17,3,2,1291,DAMEN AVE,41.973671,-87.502575,02/04/2020 06:55:00 PM,2020
CR00004658,03/23/2016 11:57:00 AM,20,CLEAR,DAYLIGHT,SIDESWIPE SAME DIRECTION,NOT DIVIDED,NO CONTROLS,DRIVING SKILLS/KNOWLEDGE/EXPERIENCE,NOT APPLICABLE,0,0,0,0,11,4,3,525,HALSTED ST,41.746891,-87.748393,03/23/2016 01:28:00 PM,2016
CR00004659,08/27/2019 07:35:00 PM,30,CLEAR,DARKNESS - LIGHTED ROAD,REAR END,ONE-WAY,NO CONTROLS,DRIVING SKILLS/KNOWLEDGE/EXPERIENCE,UNABLE TO DETERMINE,0,0,0,0,19,3,8,1779,OGDEN AVE,41.961925,-87.715364,08/27/2019 08:45:00 PM,2019
CR00004660,02/15/2021 11:26:00 AM,30,CLEAR,DUSK,TURNING,ONE-WAY,STOP SIGN/FLASHER,FOLLOWING TOO CLOSELY,IMPROPER OVERTAKING/PASSING,0,0,0,0,11,2,2,311,DIVISION ST,41.977773,-87.510755,02/15/2021 12:45:00 PM,2021
CR00004661,07/22/2024 08:56:00 AM,35,CLEAR,DARKNESS - LIGHTED ROAD,REAR END,NOT DIVIDED,STOP SIGN/FLASHER,FOLLOWING TOO CLOSELY,IMPROPER LANE USAGE,0,0,0,0,8,2,7,1135,STATE ST,41.812441,-87.651336,07/22/2024 10:12:00 AM,2024
CR00004662,03/07/2024 09:41:00 PM,35,SNOW,DARKNESS,ANGLE,NOT DIVIDED,TRAFFIC SIGNAL,IMPROPER OVERTAKING/PASSING,NOT APPLICABLE,0,0,0,0,21,5,3,2157,STATE ST,41.882363,-87.634123,03/07/2024 09:42:00 PM,2024
CR00004663,10/22/2017 05:41:00 PM,30,CLEAR,DARKNESS - LIGHTED ROAD,ANGLE,NOT DIVIDED,NO CONTROLS,DISTRACTION - FROM INSIDE VEHICLE,FAILING TO YIELD RIGHT-OF-WAY,0,0,0,0,17,1,10,1451,63RD ST,41.920546,-87.790977,10/22/2017 07:18:00 PM,2017
CR00004664,05/10/2015 05:43:00 PM,45,CLEAR,DAYLIGHT,ANGLE,NOT DIVIDED,TRAFFIC SIGNAL,FAILING TO REDUCE SPEED,IMPROPER LANE USAGE,0,0,1,1,17,1,5,2310,ASHLAND AVE,41.852297,-87.694398,05/10/2015 07:30:00 PM,2015
CR00004665,10/18/2022 05:48:00 PM,30,CLEAR,DAYLIGHT,ANGLE,FOUR WAY,STOP SIGN/FLASHER,FOLLOWING TOO CLOSELY,FOLLOWING TOO CLOSELY,0,0,0,0,17,3,10,1136,STATE ST,41.858411,-87.810611,10/18/2022 05:54:00 PM,2022
CR00004666,07/18/2018 08:49:00 AM,20,RAIN,DARKNESS,TURNING,NOT DIVIDED,NO CONTROLS,UNABLE TO DETERMINE,IMPROPER LANE USAGE,0,1,1,2,8,4,7,1216,ARCHER AVE,41.726816,-87.560411,07/18/2018 10:18:00 AM,2018
CR00004667,02/23/2023 06:43:00 PM,30,CLEAR,DAYLIGHT,SIDESWIPE SAME DIRECTION,DIVIDED - W/MEDIAN (NOT RAISED),NO CONTROLS,FAILING TO REDUCE SPEED,NOT APPLICABLE,0,0,3,3,18,5,2,144,WESTERN AVE,41.891923,-87.803535,02/23/2023 07:36:00 PM,2023
CR00004668,01/29/2015 04:32:00 PM,35,CLEAR,DUSK,REAR END,NOT DIVIDED,NO CONTROLS,IMPROPER OVERTAKING/PASSING,NOT APPLICABLE,0,0,0,0,16,5,1,1923,STONY ISLAND AVE,41.856322,-87.509145,01/29/2015 05:33:00 PM,2015
CR00004669,10/17/2016 08:32:00 AM,30,CLEAR,DUSK,SIDESWIPE SAME DIRECTION,ONE-WAY,NO CONTROLS,FAILING TO YIELD RIGHT-OF-WAY,FOLLOWING TOO CLOSELY,0,0,0,0,8,2,10,2296,ELSTON AVE,41.98263,-87.699635,10/17/2016 09:47:00 AM,2016
CR00004670,10/22/2015 07:02:00 PM,20,RAIN,DARKNESS,PARKED MOTOR VEHICLE,DIVIDED - W/MEDIAN BARRIER,NO CONTROLS,FOLLOWING TOO CLOSELY,IMPROPER OVERTAKING/PASSING,0,0,0,0,19,5,10,2031,CALIFORNIA AVE,41.847675,-87.799907,10/22/2015 07:56:00 PM,2015
CR00004671,10/08/2017 05:06:00 AM,30,CLEAR,DARKNESS - LIGHTED ROAD,SIDESWIPE SAME DIRECTION,ONE-WAY,NO CONTROLS,UNABLE TO DETERMINE,FOLLOWING TOO CLOSELY,0,0,0,0,5,1,10,2327,MILWAUKEE AVE,41.751,-87.558323,10/08/2017 06:35:00 AM,2017
CR00004672,04/13/2016 06:22:00 PM,15,CLEAR,DAYLIGHT,TURNING,ONE-WAY,NO CONTROLS,UNABLE TO DETERMINE,IMPROPER LANE USAGE,0,0,0,0,18,4,4,1976,IRVING PARK RD,41.88773,-87.648889,04/13/2016 06:28:00 PM,2016
CR00004673,12/25/2021 10:53:00 PM,15,CLEAR,DAYLIGHT,REAR TO FRONT,T-INTERSECTION,STOP SIGN/FLASHER,UNABLE TO DETERMINE,FOLLOWING TOO CLOSELY,0,0,1,1,22,7,12,2467,ARCHER AVE,41.857436,-87.673294,12/25/2021 11:06:00 PM,2021
CR00004674,07/27/2018 04:42:00 PM,30,CLEAR,DAYLIGHT,SIDESWIPE SAME DIRECTION,DIVIDED - W/MEDIAN BARRIER,TRAFFIC SIGNAL,IMPROPER OVERTAKING/PASSING,FAILING TO YIELD RIGHT-OF-WAY,0,0,0,0,16,6,7,2529,47TH ST,41.905176,-87.502063,07/27/2018 04:48:00 PM,2018
CR00004675,07/23/2019 03:45:00 PM,35,CLEAR,DAYLIGHT,ANGLE,NOT DIVIDED,NO CONTROLS,DRIVING SKILLS/KNOWLEDGE/EXPERIENCE,DISTRACTION - FROM INSIDE VEHICLE,0,0,0,0,15,3,7,2023,KEDZIE AVE,41.952018,-87.539162,07/23/2019 05:01:00 PM,2019
CR00004676,06/10/2023 08:31:00 PM,35,CLEAR,DARKNESS - LIGHTED ROAD,TURNING,DIVIDED - W/MEDIAN BARRIER,TRAFFIC SIGNAL,DRIVING SKILLS/KNOWLEDGE/EXPERIENCE,DISTRACTION - FROM INSIDE VEHICLE,0,1,0,1,20,7,6,842,LAKE SHORE DR,41.992749,-87.809446,06/10/2023 10:21:00 PM,2023
CR00004677,07/26/2017 09:10:00 AM,25,CLEAR,DARKNESS - LIGHTED ROAD,SIDESWIPE SAME DIRECTION,DIVIDED - W/MEDIAN BARRIER,STOP SIGN/FLASHER,FOLLOWING TOO CLOSELY,FOLLOWING TOO CLOSELY,0,0,0,0,9,4,7,1714,WESTERN AVE,41.960751,-87.621197,07/26/2017 09:44:00 AM,2017
CR00004678,01/26/2022 05:40:00 PM,45,CLEAR,DARKNESS - LIGHTED ROAD,PARKED MOTOR VEHICLE,FOUR WAY,NO CONTROLS,UNABLE TO DETERMINE,UNABLE TO DETERMINE,0,0,0,0,17,4,1,415,63RD ST,41.898259,-87.500923,01/26/2022 06:48:00 PM,2022
CR00004679,04/13/2024 10:47:00 PM,25,CLEAR,DARKNESS - LIGHTED ROAD,PARKED MOTOR VEHICLE,DIVIDED - W/MEDIAN (NOT RAISED),NO CONTROLS,FOLLOWING TOO CLOSELY,FAILING TO REDUCE SPEED,0,0,0,0,22,7,4,2279,IRVING PARK RD,41.920129,-87.527594,04/13/2024 11:26:00 PM,2024
CR00004680,11/19/2018 01:16:00 PM,30,CLEAR,DAYLIGHT,REAR END,NOT DIVIDED,TRAFFIC SIGNAL,DISREGARDING TRAFFIC SIGNALS,DISTRACTION - FROM INSIDE VEHICLE,0,1,1,2,13,2,11,1683,IRVING PARK RD,41.777462,-87.550231,11/19/2018 01:56:00 PM,2018
CR00004681,06/15/2023 10:53:00 AM,35,RAIN,DAYLIGHT,SIDESWIPE SAME DIRECTION,DIVIDED - W/MEDIAN (NOT RAISED),NO CONTROLS,UNABLE TO DETERMINE,UNABLE TO DETERMINE,0,0,0,0,10,5,6,643,ROOSEVELT RD,41.716491,-87.828159,06/15/2023 11:22:00 AM,2023
CR00004682,06/10/2015 01:51:00 PM,35,RAIN,DAYLIGHT,REAR TO FRONT,NOT DIVIDED,UNKNOWN,DRIVING SKILLS/KNOWLEDGE/EXPERIENCE,DISTRACTION - FROM INSIDE VEHICLE,0,2,0,2,13,4,6,2481,ASHLAND AVE,41.908104,-87.662625,06/10/2015 02:33:00 PM,2015
CR00004683,01/13/2022 03:03:00 PM,25,CLEAR,DAYLIGHT,REAR END,ONE-WAY,TRAFFIC SIGNAL,FOLLOWING TOO CLOSELY,UNABLE TO DETERMINE,0,0,0,0,15,5,1,2399,47TH ST,41.852071,-87.845914,01/13/2022 04:47:00 PM,2022
CR00004684,12/27/2019 02:09:00 PM,35,CLEAR,DAYLIGHT,SIDESWIPE SAME DIRECTION,FOUR WAY,TRAFFIC SIGNAL,DRIVING SKILLS/KNOWLEDGE/EXPERIENCE,FAILING TO REDUCE SPEED,0,0,0,0,14,6,12,1887,PULASKI RD,41.950378,-87.701705,12/27/2019 04:07:00 PM,2019
CR00004685,01/01/2016 07:20:00 PM,30,FOG/SMOKE/HAZE,DAYLIGHT,ANGLE,NOT DIVIDED,UNKNOWN,FOLLOWING TOO CLOSELY,FAILING TO REDUCE SPEED,0,0,0,0,19,6,1,1692,ARCHER AVE,41.713442,-87.719942,01/01/2016 08:32:00 PM,2016
CR00004686,10/04/2015 02:57:00 PM,25,CLEAR,DAYLIGHT,PEDESTRIAN,FOUR WAY,TRAFFIC SIGNAL,UNABLE TO DETERMINE,FAILING TO YIELD RIGHT-OF-WAY,0,0,0,0,14,1,10,479,LAKE SHORE DR,41.953132,-87.791015,10/04/2015 03:12:00 PM,2015
CR00004687,05/17/2016 03:26:00 PM,35,CLEAR,DAYLIGHT,REAR END,T-INTERSECTION,TRAFFIC SIGNAL,FOLLOWING TOO CLOSELY,DRIVING SKILLS/KNOWLEDGE/EXPERIENCE,0,0,0,0,15,3,5,1390,STATE ST,41.89977,-87.699393,05/17/2016 03:57:00 PM,2016
CR00004688,03/09/2020 05:15:00 AM,45,CLOUDY/OVERCAST,DAYLIGHT,REAR END,NOT DIVIDED,STOP SIGN/FLASHER,UNABLE TO DETERMINE,UNABLE TO DETERMINE,0,0,0,0,5,2,3,174,PULASKI RD,41.899772,-87.656122,03/09/2020 06:45:00 AM,2020
CR00004689,05/28/2018 06:15:00 PM,45,SNOW,DAYLIGHT,REAR END,DIVIDED - W/MEDIAN (NOT RAISED),STOP SIGN/FLASHER,UNABLE TO DETERMINE,NOT APPLICABLE,0,0,2,2,18,2,5,2307,LAKE SHORE DR,41.870133,-87.616129,05/28/2018 06:47:00 PM,2018
CR00004690,10/09/2022 12:10:00 PM,35,SNOW,DARKNESS,REAR END,ONE-WAY,TRAFFIC SIGNAL,DISREGARDING TRAFFIC SIGNALS,DRIVING SKILLS/KNOWLEDGE/EXPERIENCE,1,0,2,3,12,1,10,378,BROADWAY,41.727705,-87.556234,10/09/2022 12:15:00 PM,2022
CR00004691,01/11/2016 03:39:00 PM,30,CLEAR,DAYLIGHT,TURNING,T-INTERSECTION,NO CONTROLS,FOLLOWING TOO CLOSELY,FAILING TO YIELD RIGHT-OF-WAY,0,0,0,0,15,2,1,170,63RD ST,41.744555,-87.606331,01/11/2016 04:35:00 PM,2016
CR00004692,11/11/2015 04:04:00 PM,35,CLEAR,DUSK,PEDESTRIAN,NOT DIVIDED,TRAFFIC SIGNAL,DISTRACTION - FROM INSIDE VEHICLE,UNABLE TO DETERMINE,0,0,0,0,16,4,11,824,MILWAUKEE AVE,41.867725,-87.543807,11/11/2015 04:34:00 PM,2015
CR00004693,09/26/2015 10:10:00 AM,20,CLEAR,DARKNESS - LIGHTED ROAD,FIXED OBJECT,NOT DIVIDED,NO CONTROLS,FOLLOWING TOO CLOSELY,UNABLE TO DETERMINE,0,0,0,0,10,7,9,1442,47TH ST,41.897996,-87.599159,09/26/2015 12:03:00 PM,2015
CR00004694,10/17/2016 04:09:00 AM,30,CLEAR,DAYLIGHT,REAR END,NOT DIVIDED,NO CONTROLS,FAILING TO REDUCE SPEED,FAILING TO YIELD RIGHT-OF-WAY,0,0,0,0,4,2,10,259,MICHIGAN AVE,41.895738,-87.631223,10/17/2016 04:40:00 AM,2016
CR00004695,04/15/2022 07:52:00 AM,35,CLEAR,DAYLIGHT,REAR TO FRONT,T-INTERSECTION,UNKNOWN,DISTRACTION - FROM INSIDE VEHICLE,NOT APPLICABLE,0,0,1,1,7,6,4,1315,79TH ST,41.984167,-87.770486,04/15/2022 09:28:00 AM,2022
CR00004696,02/26/2016 01:35:00 AM,25,FREEZING RAIN/DRIZZLE,DAYLIGHT,PARKED MOTOR VEHICLE,NOT DIVIDED,YIELD,UNABLE TO DETERMINE,UNABLE TO DETERMINE,0,0,0,0,1,6,2,2128,BROADWAY,41.792407,-87.801735,02/26/2016 02:37:00 AM,2016
CR00004697,12/09/2017 04:19:00 PM,45,CLEAR,DAYLIGHT,PEDESTRIAN,DIVIDED - W/MEDIAN (NOT RAISED),TRAFFIC SIGNAL,UNABLE TO DETERMINE,FAILING TO REDUCE SPEED,0,0,0,0,16,7,12,653,ARCHER AVE,41.757998,-87.767178,12/09/2017 04:22:00 PM,2017
CR00004698,08/19/2018 10:55:00 AM,30,CLEAR,DAYLIGHT,REAR END,NOT DIVIDED,YIELD,FAILING TO YIELD RIGHT-OF-WAY,DISREGARDING TRAFFIC SIGNALS,0,0,0,0,10,1,8,930,HALSTED ST,41.776689,-87.806156,08/19/2018 12:01:00 PM,2018
CR00004699,12/09/2018 11:33:00 AM,30,SNOW,DAYLIGHT,REAR END,DIVIDED - W/MEDIAN (NOT RAISED),TRAFFIC SIGNAL,UNABLE TO DETERMINE,NOT APPLICABLE,0,0,0,0,11,1,12,1030,ASHLAND AVE,41.957029,-87.767682,12/09/2018 01:08:00 PM,2018
CR00004700,11/16/2015 07:42:00 AM,35,CLEAR,DARKNESS,FIXED OBJECT,FOUR WAY,NO CONTROLS,DRIVING SKILLS/KNOWLEDGE/EXPERIENCE,UNABLE TO DETERMINE,0,0,0,0,7,2,11,610,KEDZIE AVE,41.773238,-87.801112,11/16/2015 08:09:00 AM,2015