CRASH_RECORD_ID,CRASH_DATE,POSTED_SPEED_LIMIT,WEATHER_CONDITION,LIGHTING_CONDITION,FIRST_CRASH_TYPE,TRAFFICWAY_TYPE,TRAFFIC_CONTROL_DEVICE,PRIM_CONTRIBUTORY_CAUSE,SEC_CONTRIBUTORY_CAUSE,INJURIES_FATAL,INJURIES_INCAPACITATING,INJURIES_NON_INCAPACITATING,INJURIES_TOTAL,CRASH_HOUR,CRASH_DAY_OF_WEEK,CRASH_MONTH,BEAT_OF_OCCURRENCE,STREET_NAME,LATITUDE,LONGITUDE,DATE_POLICE_NOTIFIED,year
CR00004701,04/25/2023 12:46:00 PM,20,CLEAR,DAYLIGHT,ANGLE,ONE-WAY,NO CONTROLS,IMPROPER LANE USAGE,DRIVING SKILLS/KNOWLEDGE/EXPERIENCE,0,0,0,0,12,3,4,984,63RD ST,41.922013,-87.796858,04/25/2023 02:31:00 PM,2023
CR00004702,03/13/2023 03:32:00 AM,15,RAIN,DARKNESS - LIGHTED ROAD,REAR END,NOT DIVIDED,TRAFFIC SIGNAL,DISTRACTION - FROM INSIDE VEHICLE,IMPROPER LANE USAGE,0,0,0,0,3,2,3,437,79TH ST,41.870994,-87.540223,03/13/2023 03:59:00 AM,2023
CR00004703,03/26/2022 05:35:00 PM,40,CLEAR,DARKNESS - LIGHTED ROAD,ANGLE,DIVIDED - W/MEDIAN (NOT RAISED),STOP SIGN/FLASHER,DISTRACTION - FROM INSIDE VEHICLE,DISREGARDING TRAFFIC SIGNALS,0,0,1,1,17,7,3,2174,79TH ST,41.748517,-87.549553,03/26/2022 07:21:00 PM,2022
CR00004704,04/29/2016 04:07:00 PM,40,CLEAR,DAYLIGHT,ANGLE,NOT DIVIDED,TRAFFIC SIGNAL,DRIVING SKILLS/KNOWLEDGE/EXPERIENCE,FAILING TO REDUCE SPEED,0,0,0,0,16,6,4,2398,WESTERN AVE,41.761178,-87.738771,04/29/2016 05:30:00 PM,2016
CR00004705,01/24/2019 04:33:00 PM,40,CLEAR,DARKNESS - LIGHTED ROAD,REAR END,NOT DIVIDED,NO CONTROLS,FOLLOWING TOO CLOSELY,FAILING TO YIELD RIGHT-OF-WAY,0,0,3,3,16,5,1,1170,STATE ST,41.830691,-87.83733,01/24/2019 05:26:00 PM,2019
CR00004706,10/11/2016 08:41:00 AM,35,CLEAR,DARKNESS - LIGHTED ROAD,SIDESWIPE SAME DIRECTION,NOT DIVIDED,UNKNOWN,DISREGARDING TRAFFIC SIGNALS,WEATHER,0,0,0,0,8,3,10,2491,STONY ISLAND AVE,41.872463,-87.597188,10/11/2016 10:03:00 AM,2016
CR00004707,09/12/2022 08:30:00 PM,30,CLEAR,DAYLIGHT,REAR END,FOUR WAY,NO CONTROLS,DRIVING SKILLS/KNOWLEDGE/EXPERIENCE,IMPROPER LANE USAGE,0,0,0,0,20,2,9,2362,PULASKI RD,41.74357,-87.835856,09/12/2022 09:33:00 PM,2022
CR00004708,01/07/2016 10:29:00 AM,30,CLEAR,DAYLIGHT,PARKED MOTOR VEHICLE,DIVIDED - W/MEDIAN BARRIER,STOP SIGN/FLASHER,DISREGARDING TRAFFIC SIGNALS,UNABLE TO DETERMINE,0,0,0,0,10,5,1,1475,DIVISION ST,41.872972,-87.578586,01/07/2016 12:14:00 PM,2016
CR00004709,05/24/2019 12:48:00 PM,30,CLEAR,DAWN,SIDESWIPE SAME DIRECTION,NOT DIVIDED,TRAFFIC SIGNAL,FOLLOWING TOO CLOSELY,NOT APPLICABLE,0,0,0,0,12,6,5,1494,STATE ST,41.824974,-87.666316,05/24/2019 01:02:00 PM,2019
CR00004710,08/21/2018 09:26:00 AM,25,CLEAR,DAYLIGHT,REAR END,NOT DIVIDED,TRAFFIC SIGNAL,FAILING TO REDUCE SPEED,IMPROPER OVERTAKING/PASSING,0,0,0,0,9,3,8,338,OGDEN AVE,41.945058,-87.55502,08/21/2018 10:50:00 AM,2018
CR00004711,07/05/2022 04:04:00 AM,30,CLEAR,DARKNESS - LIGHTED ROAD,TURNING,DIVIDED - W/MEDIAN (NOT RAISED),TRAFFIC SIGNAL,DRIVING SKILLS/KNOWLEDGE/EXPERIENCE,DISTRACTION - FROM INSIDE VEHICLE,0,0,3,3,4,3,7,1198,FULLERTON AVE,41.813341,-87.56818,07/05/2022 05:35:00 AM,2022
CR00004712,08/29/2015 03:44:00 PM,15,CLEAR,DAYLIGHT,TURNING,NOT DIVIDED,NO CONTROLS,FOLLOWING TOO CLOSELY,NOT APPLICABLE,0,0,0,0,15,7,8,158,STONY ISLAND AVE,41.977766,-87.727367,08/29/2015 04:00:00 PM,2015
CR00004713,11/14/2016 06:13:00 PM,40,CLEAR,DAYLIGHT,REAR END,NOT DIVIDED,YIELD,IMPROPER LANE USAGE,NOT APPLICABLE,0,0,3,3,18,2,11,1583,WESTERN AVE,41.825338,-87.718045,11/14/2016 06:58:00 PM,2016
CR00004714,09/05/2021 06:19:00 PM,40,CLEAR,DAYLIGHT,ANGLE,FOUR WAY,UNKNOWN,FAILING TO REDUCE SPEED,FAILING TO REDUCE SPEED,0,0,0,0,18,1,9,1717,ROOSEVELT RD,41.830472,-87.569338,09/05/2021 06:54:00 PM,2021
CR00004715,07/20/2023 04:34:00 AM,35,CLEAR,DARKNESS - LIGHTED ROAD,REAR END,DIVIDED - W/MEDIAN (NOT RAISED),STOP SIGN/FLASHER,UNABLE TO DETERMINE,NOT APPLICABLE,0,0,0,0,4,5,7,1876,DIVISION ST,41.785266,-87.696129,07/20/2023 05:15:00 AM,2023
CR00004716,10/30/2022 06:00:00 PM,30,SNOW,DAYLIGHT,SIDESWIPE SAME DIRECTION,DIVIDED - W/MEDIAN (NOT RAISED),TRAFFIC SIGNAL,IMPROPER LANE USAGE,FAILING TO REDUCE SPEED,0,0,0,0,18,1,10,243,CALIFORNIA AVE,41.973396,-87.646669,10/30/2022 07:01:00 PM,2022
CR00004717,04/02/2020 10:27:00 AM,15,RAIN,DARKNESS,FIXED OBJECT,DIVIDED - W/MEDIAN (NOT RAISED),NO CONTROLS,FOLLOWING TOO CLOSELY,FOLLOWING TOO CLOSELY,0,0,0,0,10,5,4,1481,WESTERN AVE,41.985039,-87.774738,04/02/2020 11:06:00 AM,2020
CR00004718,03/27/2016 06:43:00 PM,20,FREEZING RAIN/DRIZZLE,DARKNESS - LIGHTED ROAD,PEDESTRIAN,NOT DIVIDED,STOP SIGN/FLASHER,IMPROPER OVERTAKING/PASSING,FAILING TO REDUCE SPEED,0,0,1,1,18,1,3,1282,DIVISION ST,41.959273,-87.50028,03/27/2016 08:19:00 PM,2016
CR00004719,09/27/2019 06:14:00 PM,30,CLEAR,DAWN,REAR END,DIVIDED - W/MEDIAN (NOT RAISED),NO CONTROLS,FAILING TO REDUCE SPEED,UNABLE TO DETERMINE,0,0,0,0,18,6,9,601,MILWAUKEE AVE,41.993846,-87.725337,09/27/2019 07:50:00 PM,2019
CR00004720,05/11/2023 03:54:00 PM,25,CLEAR,DAYLIGHT,REAR END,DIVIDED - W/MEDIAN (NOT RAISED),UNKNOWN,DRIVING SKILLS/KNOWLEDGE/EXPERIENCE,NOT APPLICABLE,0,0,0,0,15,5,5,1478,LAKE SHORE DR,41.96105,-87.71661,05/11/2023 05:50:00 PM,2023
CR00004721,04/24/2020 03:44:00 PM,30,CLEAR,DAYLIGHT,REAR TO FRONT,DIVIDED - W/MEDIAN BARRIER,NO CONTROLS,UNABLE TO DETERMINE,DRIVING SKILLS/KNOWLEDGE/EXPERIENCE,0,0,0,0,15,6,4,1818,BROADWAY,41.82564,-87.511789,04/24/2020 04:32:00 PM,2020
CR00004722,10/23/2024 03:11:00 PM,20,FREEZING RAIN/DRIZZLE,DARKNESS - LIGHTED ROAD,ANGLE,NOT DIVIDED,NO CONTROLS,IMPROPER LANE USAGE,IMPROPER OVERTAKING/PASSING,0,0,0,0,15,4,10,1901,ROOSEVELT RD,41.819787,-87.589913,10/23/2024 03:17:00 PM,2024
CR00004723,11/15/2017 06:35:00 AM,20,FREEZING RAIN/DRIZZLE,DAYLIGHT,REAR TO FRONT,NOT DIVIDED,STOP SIGN/FLASHER,FOLLOWING TOO CLOSELY,DRIVING SKILLS/KNOWLEDGE/EXPERIENCE,0,0,1,1,6,4,11,794,ROOSEVELT RD,41.838951,-87.623644,11/15/2017 08:31:00 AM,2017
CR00004724,01/14/2021 04:48:00 PM,45,CLEAR,DAYLIGHT,SIDESWIPE SAME DIRECTION,DIVIDED - W/MEDIAN (NOT RAISED),TRAFFIC SIGNAL,DISREGARDING TRAFFIC SIGNALS,UNABLE TO DETERMINE,0,0,0,0,16,5,1,2279,47TH ST,41.824486,-87.773377,01/14/2021 05:15:00 PM,2021
CR00004725,01/16/2024 03:25:00 PM,35,CLEAR,DAYLIGHT,SIDESWIPE SAME DIRECTION,DIVIDED - W/MEDIAN (NOT RAISED),TRAFFIC SIGNAL,UNABLE TO DETERMINE,FOLLOWING TOO CLOSELY,0,0,0,0,15,3,1,1931,STONY ISLAND AVE,41.927715,-87.73893,01/16/2024 04:01:00 PM,2024
CR00004726,01/11/2020 09:43:00 AM,45,CLEAR,DAYLIGHT,TURNING,NOT DIVIDED,NO CONTROLS,FOLLOWING TOO CLOSELY,UNABLE TO DETERMINE,0,0,0,0,9,7,1,1836,CALIFORNIA AVE,41.878639,-87.779267,01/11/2020 11:36:00 AM,2020
CR00004727,10/01/2020 06:43:00 AM,25,CLEAR,DAYLIGHT,SIDESWIPE SAME DIRECTION,FOUR WAY,STOP SIGN/FLASHER,IMPROPER LANE USAGE,IMPROPER OVERTAKING/PASSING,0,0,0,0,6,5,10,1951,63RD ST,41.732239,-87.725893,10/01/2020 08:43:00 AM,2020
CR00004728,11/13/2022 01:17:00 AM,40,CLEAR,DAYLIGHT,REAR END,NOT DIVIDED,TRAFFIC SIGNAL,FOLLOWING TOO CLOSELY,UNABLE TO DETERMINE,0,0,0,0,1,1,11,717,MICHIGAN AVE,41.775146,-87.604738,11/13/2022 03:15:00 AM,2022
CR00004729,02/15/2019 04:48:00 PM,30,CLOUDY/OVERCAST,DARKNESS - LIGHTED ROAD,SIDESWIPE SAME DIRECTION,NOT DIVIDED,NO CONTROLS,FOLLOWING TOO CLOSELY,UNABLE TO DETERMINE,0,0,3,3,16,6,2,377,WESTERN AVE,41.837296,-87.73777,02/15/2019 05:32:00 PM,2019
CR00004730,10/11/2023 06:38:00 PM,35,CLEAR,DARKNESS,REAR END,NOT DIVIDED,STOP SIGN/FLASHER,IMPROPER LANE USAGE,FAILING TO YIELD RIGHT-OF-WAY,0,0,0,0,18,4,10,1811,63RD ST,41.877193,-87.668066,10/11/2023 07:21:00 PM,2023
CR00004731,05/19/2019 06:28:00 PM,35,CLEAR,DARKNESS,REAR END,DIVIDED - W/MEDIAN (NOT RAISED),STOP SIGN/FLASHER,FAILING TO REDUCE SPEED,UNABLE TO DETERMINE,0,0,0,0,18,1,5,2123,FULLERTON AVE,41.9468,-87.651827,05/19/2019 06:52:00 PM,2019
CR00004732,10/27/2020 05:02:00 PM,40,RAIN,DARKNESS - LIGHTED ROAD,REAR END,NOT DIVIDED,TRAFFIC SIGNAL,DISTRACTION - FROM INSIDE VEHICLE,NOT APPLICABLE,0,0,0,0,17,3,10,2461,OGDEN AVE,41.870103,-87.592407,10/27/2020 07:02:00 PM,2020
CR00004733,08/18/2017 06:15:00 PM,30,CLEAR,DAYLIGHT,SIDESWIPE SAME DIRECTION,NOT DIVIDED,TRAFFIC SIGNAL,DISREGARDING TRAFFIC SIGNALS,UNABLE TO DETERMINE,0,0,0,0,18,6,8,434,DIVISION ST,41.963921,-87.812156,08/18/2017 07:52:00 PM,2017
CR00004734,10/01/2018 08:43:00 PM,35,CLEAR,DAYLIGHT,SIDESWIPE SAME DIRECTION,DIVIDED - W/MEDIAN (NOT RAISED),TRAFFIC SIGNAL,FAILING TO REDUCE SPEED,NOT APPLICABLE,0,0,0,0,20,2,10,891,ROOSEVELT RD,41.990054,-87.717528,10/01/2018 10:23:00 PM,2018
CR00004735,02/12/2023 11:11:00 PM,30,CLEAR,DARKNESS - LIGHTED ROAD,TURNING,DIVIDED - W/MEDIAN (NOT RAISED),UNKNOWN,DRIVING SKILLS/KNOWLEDGE/EXPERIENCE,NOT APPLICABLE,0,0,0,0,23,1,2,2232,63RD ST,41.893322,-87.592722,02/12/2023 11:14:00 PM,2023
CR00004736,03/25/2018 03:55:00 PM,30,RAIN,DAYLIGHT,SIDESWIPE SAME DIRECTION,ONE-WAY,NO CONTROLS,UNABLE TO DETERMINE,UNABLE TO DETERMINE,0,0,0,0,15,1,3,216,HALSTED ST,41.951103,-87.845971,03/25/2018 05:42:00 PM,2018
CR00004737,12/23/2020 04:47:00 PM,35,CLEAR,DAYLIGHT,REAR END,DIVIDED - W/MEDIAN BARRIER,NO CONTROLS,UNABLE TO DETERMINE,FAILING TO REDUCE SPEED,0,0,0,0,16,4,12,2161,63RD ST,41.791134,-87.501539,12/23/2020 06:12:00 PM,2020
CR00004738,10/05/2020 03:50:00 AM,25,SNOW,DAYLIGHT,PARKED MOTOR VEHICLE,NOT DIVIDED,TRAFFIC SIGNAL,DRIVING SKILLS/KNOWLEDGE/EXPERIENCE,NOT APPLICABLE,0,0,0,0,3,2,10,1313,PULASKI RD,41.973103,-87.688555,10/05/2020 05:48:00 AM,2020
CR00004739,10/10/2023 07:50:00 PM,30,CLEAR,DARKNESS,TURNING,NOT DIVIDED,STOP SIGN/FLASHER,IMPROPER OVERTAKING/PASSING,FOLLOWING TOO CLOSELY,0,0,0,0,19,3,10,546,STONY ISLAND AVE,41.882077,-87.703255,10/10/2023 08:53:00 PM,2023
CR00004740,09/10/2016 12:31:00 AM,40,RAIN,DAYLIGHT,TURNING,DIVIDED - W/MEDIAN (NOT RAISED),NO CONTROLS,UNABLE TO DETERMINE,NOT APPLICABLE,0,0,0,0,0,7,9,853,HALSTED ST,41.947319,-87.738818,09/10/2016 01:45:00 AM,2016
CR00004741,01/07/2018 03:41:00 PM,20,CLEAR,DUSK,REAR END,DIVIDED - W/MEDIAN (NOT RAISED),TRAFFIC SIGNAL,UNABLE TO DETERMINE,UNABLE TO DETERMINE,0,0,0,0,15,1,1,1690,ELSTON AVE,41.750627,-87.527464,01/07/2018 05:10:00 PM,2018
CR00004742,06/18/2018 12:39:00 AM,30,RAIN,DAYLIGHT,SIDESWIPE SAME DIRECTION,DIVIDED - W/MEDIAN (NOT RAISED),NO CONTROLS,IMPROPER OVERTAKING/PASSING,DISTRACTION - FROM INSIDE VEHICLE,0,0,0,0,0,2,6,2503,KEDZIE AVE,41.783328,-87.500452,06/18/2018 01:53:00 AM,2018
CR00004743,12/18/2016 08:55:00 PM,25,SNOW,DAYLIGHT,SIDESWIPE SAME DIRECTION,NOT DIVIDED,STOP SIGN/FLASHER,FAILING TO REDUCE SPEED,IMPROPER LANE USAGE,0,0,0,0,20,1,12,596,MICHIGAN AVE,41.711382,-87.602342,12/18/2016 10:03:00 PM,2016
CR00004744,06/11/2015 05:24:00 PM,30,CLEAR,DUSK,TURNING,NOT DIVIDED,NO CONTROLS,FAILING TO YIELD RIGHT-OF-WAY,NOT APPLICABLE,1,1,0,2,17,5,6,546,ASHLAND AVE,41.78382,-87.647433,06/11/2015 06:17:00 PM,2015
CR00004745,09/16/2020 07:11:00 AM,25,CLOUDY/OVERCAST,DUSK,ANGLE,DIVIDED - W/MEDIAN (NOT RAISED),NO CONTROLS,UNABLE TO DETERMINE,UNABLE TO DETERMINE,0,0,0,0,7,4,9,620,MICHIGAN AVE,41.733807,-87.615259,09/16/2020 09:03:00 AM,2020
CR00004746,01/02/2017 08:56:00 AM,30,RAIN,DARKNESS - LIGHTED ROAD,PARKED MOTOR VEHICLE,DIVIDED - W/MEDIAN BARRIER,NO CONTROLS,FAILING TO REDUCE SPEED,DRIVING SKILLS/KNOWLEDGE/EXPERIENCE,0,0,0,0,8,2,1,1388,OGDEN AVE,41.916368,-87.586257,01/02/2017 09:12:00 AM,2017
CR00004747,05/08/2016 10:11:00 AM,30,RAIN,DAYLIGHT,TURNING,NOT DIVIDED,NO CONTROLS,FAILING TO REDUCE SPEED,WEATHER,0,0,0,0,10,1,5,445,DIVISION ST,41.795083,-87.789777,05/08/2016 10:24:00 AM,2016
CR00004748,03/24/2024 04:21:00 PM,45,CLEAR,DARKNESS - LIGHTED ROAD,PARKED MOTOR VEHICLE,NOT DIVIDED,STOP SIGN/FLASHER,UNABLE TO DETERMINE,NOT APPLICABLE,0,0,0,0,16,1,3,2312,CICERO AVE,41.742585,-87.817859,03/24/2024 05:04:00 PM,2024
CR00004749,12/15/2023 10:59:00 AM,45,SNOW,DAYLIGHT,FIXED OBJECT,DIVIDED - W/MEDIAN BARRIER,NO CONTROLS,DISTRACTION - FROM INSIDE VEHICLE,NOT APPLICABLE,0,0,0,0,10,6,12,2438,CALIFORNIA AVE,41.774044,-87.736716,12/15/2023 11:15:00 AM,2023
CR00004750,10/19/2021 08:34:00 PM,20,CLEAR,DAYLIGHT,SIDESWIPE SAME DIRECTION,NOT DIVIDED,UNKNOWN,UNABLE TO DETERMINE,NOT APPLICABLE,0,0,3,3,20,3,10,1881,47TH ST,41.944508,-87.588447,10/19/2021 10:22:00 PM,2021
CR00004751,01/01/2020 03:05:00 AM,30,SNOW,DARKNESS - LIGHTED ROAD,ANGLE,NOT DIVIDED,NO CONTROLS,FAILING TO YIELD RIGHT-OF-WAY,FOLLOWING TOO CLOSELY,0,0,0,0,3,4,1,1525,BROADWAY,41.732906,-87.52649,01/01/2020 05:04:00 AM,2020
CR00004752,08/19/2016 05:40:00 PM,25,CLOUDY/OVERCAST,DARKNESS - LIGHTED ROAD,REAR END,DIVIDED - W/MEDIAN (NOT RAISED),PEDESTRIAN CROSSING SIGN,FAILING TO YIELD RIGHT-OF-WAY,UNABLE TO DETERMINE,0,0,0,0,17,6,8,2406,KEDZIE AVE,41.70769,-87.658523,08/19/2016 07:01:00 PM,2016
CR00004753,11/03/2021 02:08:00 PM,30,CLEAR,DAYLIGHT,TURNING,DIVIDED - W/MEDIAN BARRIER,UNKNOWN,IMPROPER OVERTAKING/PASSING,DISTRACTION - FROM INSIDE VEHICLE,0,0,0,0,14,4,11,487,IRVING PARK RD,41.891426,-87.603966,11/03/2021 02:15:00 PM,2021
CR00004754,10/10/2019 02:53:00 PM,45,CLEAR,DAYLIGHT,PEDESTRIAN,NOT DIVIDED,NO CONTROLS,UNABLE TO DETERMINE,UNABLE TO DETERMINE,0,0,0,0,14,5,10,1526,FULLERTON AVE,41.994128,-87.687629,10/10/2019 04:37:00 PM,2019
CR00004755,01/20/2020 07:20:00 AM,15,CLEAR,DARKNESS,REAR END,NOT DIVIDED,TRAFFIC SIGNAL,DRIVING SKILLS/KNOWLEDGE/EXPERIENCE,FAILING TO YIELD RIGHT-OF-WAY,0,0,1,1,7,2,1,2344,OGDEN AVE,41.931693,-87.645843,01/20/2020 09:04:00 AM,2020
CR00004756,04/19/2020 04:53:00 PM,15,CLOUDY/OVERCAST,DARKNESS,REAR END,DIVIDED - W/MEDIAN BARRIER,NO CONTROLS,DRIVING SKILLS/KNOWLEDGE/EXPERIENCE,FAILING TO REDUCE SPEED,0,0,0,0,16,1,4,1511,CLARK ST,41.734749,-87.785974,04/19/2020 06:53:00 PM,2020
CR00004757,07/04/2015 09:00:00 AM,40,SNOW,DAYLIGHT,SIDESWIPE SAME DIRECTION,DIVIDED - W/MEDIAN BARRIER,NO CONTROLS,UNABLE TO DETERMINE,FOLLOWING TOO CLOSELY,0,0,0,0,9,7,7,1868,ROOSEVELT RD,41.925081,-87.700002,07/04/2015 09:50:00 AM,2015
CR00004758,04/26/2022 07:10:00 AM,15,CLEAR,DAYLIGHT,SIDESWIPE SAME DIRECTION,DIVIDED - W/MEDIAN (NOT RAISED),STOP SIGN/FLASHER,DISREGARDING TRAFFIC SIGNALS,IMPROPER LANE USAGE,0,0,0,0,7,3,4,2325,STONY ISLAND AVE,41.862209,-87.668574,04/26/2022 08:30:00 AM,2022
CR00004759,12/03/2022 02:35:00 PM,35,CLEAR,DARKNESS - LIGHTED ROAD,REAR TO FRONT,DIVIDED - W/MEDIAN (NOT RAISED),STOP SIGN/FLASHER,UNABLE TO DETERMINE,NOT APPLICABLE,0,0,0,0,14,7,12,2081,HALSTED ST,41.970096,-87.508411,12/03/2022 03:19:00 PM,2022
CR00004760,07/10/2021 07:10:00 AM,30,CLEAR,DAYLIGHT,SIDESWIPE SAME DIRECTION,NOT DIVIDED,TRAFFIC SIGNAL,FOLLOWING TOO CLOSELY,NOT APPLICABLE,0,0,0,0,7,7,7,953,WESTERN AVE,41.853968,-87.740234,07/10/2021 07:42:00 AM,2021
CR00004761,11/09/2021 05:08:00 PM,30,CLEAR,DAYLIGHT,PEDESTRIAN,NOT DIVIDED,PEDESTRIAN CROSSING SIGN,UNABLE TO DETERMINE,DRIVING SKILLS/KNOWLEDGE/EXPERIENCE,0,0,0,0,17,3,11,1496,47TH ST,41.836112,-87.671541,11/09/2021 05:34:00 PM,2021
CR00004762,09/17/2016 02:41:00 AM,30,CLEAR,DAYLIGHT,REAR END,DIVIDED - W/MEDIAN (NOT RAISED),TRAFFIC SIGNAL,FAILING TO YIELD RIGHT-OF-WAY,FAILING TO YIELD RIGHT-OF-WAY,0,0,0,0,2,7,9,1560,ROOSEVELT RD,41.777632,-87.634974,09/17/2016 02:43:00 AM,2016
CR00004763,11/28/2021 10:23:00 PM,30,FREEZING RAIN/DRIZZLE,DARKNESS - LIGHTED ROAD,REAR TO FRONT,DIVIDED - W/MEDIAN (NOT RAISED),NO CONTROLS,FOLLOWING TOO CLOSELY,NOT APPLICABLE,0,0,0,0,22,1,11,1315,IRVING PARK RD,41.944613,-87.588589,11/28/2021 11:53:00 PM,2021
CR00004764,12/08/2022 06:40:00 PM,45,CLOUDY/OVERCAST,DAYLIGHT,REAR TO FRONT,DIVIDED - W/MEDIAN BARRIER,NO CONTROLS,IMPROPER LANE USAGE,FAILING TO YIELD RIGHT-OF-WAY,0,0,0,0,18,5,12,1246,MILWAUKEE AVE,41.960056,-87.603397,12/08/2022 08:10:00 PM,2022
CR00004765,02/05/2019 09:38:00 AM,20,CLEAR,DARKNESS,ANGLE,NOT DIVIDED,STOP SIGN/FLASHER,FOLLOWING TOO CLOSELY,NOT APPLICABLE,0,0,0,0,9,3,2,1205,HALSTED ST,41.926327,-87.776235,02/05/2019 11:25:00 AM,2019
CR00004766,01/22/2017 11:32:00 PM,40,CLEAR,DAYLIGHT,REAR END,DIVIDED - W/MEDIAN (NOT RAISED),STOP SIGN/FLASHER,FAILING TO YIELD RIGHT-OF-WAY,DISREGARDING TRAFFIC SIGNALS,0,0,0,0,23,1,1,999,WESTERN AVE,41.887212,-87.649342,01/23/2017 12:58:00 AM,2017
CR00004767,07/22/2024 10:39:00 AM,35,CLOUDY/OVERCAST,DAYLIGHT,REAR END,DIVIDED - W/MEDIAN (NOT RAISED),NO CONTROLS,DRIVING SKILLS/KNOWLEDGE/EXPERIENCE,DRIVING SKILLS/KNOWLEDGE/EXPERIENCE,0,2,1,3,10,2,7,790,OGDEN AVE,41.991732,-87.663989,07/22/2024 12:06:00 PM,2024
CR00004768,07/08/2022 04:00:00 AM,20,CLEAR,DARKNESS - LIGHTED ROAD,PARKED MOTOR VEHICLE,DIVIDED - W/MEDIAN BARRIER,NO CONTROLS,FAILING TO YIELD RIGHT-OF-WAY,UNABLE TO DETERMINE,0,0,3,3,4,6,7,1102,ASHLAND AVE,41.927702,-87.728291,07/08/2022 04:22:00 AM,2022
CR00004769,12/09/2015 02:57:00 PM,30,RAIN,DAYLIGHT,SIDESWIPE SAME DIRECTION,NOT DIVIDED,NO CONTROLS,FAILING TO REDUCE SPEED,FOLLOWING TOO CLOSELY,0,0,0,0,14,4,12,891,KEDZIE AVE,41.948639,-87.556629,12/09/2015 03:47:00 PM,2015
CR00004770,08/02/2018 04:54:00 PM,30,CLOUDY/OVERCAST,DAYLIGHT,ANGLE,NOT DIVIDED,NO CONTROLS,FOLLOWING TOO CLOSELY,NOT APPLICABLE,0,1,0,1,16,5,8,1697,ROOSEVELT RD,41.837535,-87.536545,08/02/2018 05:41:00 PM,2018
CR00004771,12/20/2019 08:21:00 AM,45,CLEAR,DAYLIGHT,TURNING,T-INTERSECTION,TRAFFIC SIGNAL,IMPROPER OVERTAKING/PASSING,FOLLOWING TOO CLOSELY,0,0,0,0,8,6,12,515,63RD ST,41.993762,-87.608452,12/20/2019 08:46:00 AM,2019
CR00004772,05/29/2019 07:51:00 AM,35,CLEAR,DAYLIGHT,REAR END,DIVIDED - W/MEDIAN (NOT RAISED),NO CONTROLS,FOLLOWING TOO CLOSELY,FAILING TO YIELD RIGHT-OF-WAY,0,0,2,2,7,4,5,1564,MILWAUKEE AVE,41.906241,-87.587061,05/29/2019 09:47:00 AM,2019
CR00004773,09/14/2020 01:07:00 PM,35,CLEAR,DARKNESS - LIGHTED ROAD,TURNING,FOUR WAY,NO CONTROLS,IMPROPER LANE USAGE,NOT APPLICABLE,0,0,0,0,13,2,9,852,STATE ST,41.72527,-87.70215,09/14/2020 02:53:00 PM,2020
CR00004774,12/30/2024 04:41:00 PM,35,RAIN,DAYLIGHT,ANGLE,DIVIDED - W/MEDIAN (NOT RAISED),NO CONTROLS,FAILING TO YIELD RIGHT-OF-WAY,FAILING TO YIELD RIGHT-OF-WAY,0,0,0,0,16,2,12,860,47TH ST,41.746295,-87.741081,12/30/2024 05:07:00 PM,2024
CR00004775,11/27/2020 08:31:00 AM,20,CLEAR,DUSK,REAR END,NOT DIVIDED,UNKNOWN,FOLLOWING TOO CLOSELY,FAILING TO YIELD RIGHT-OF-WAY,0,0,0,0,8,6,11,328,ASHLAND AVE,41.78533,-87.693432,11/27/2020 09:09:00 AM,2020
CR00004776,08/06/2015 03:34:00 PM,15,CLEAR,DAYLIGHT,ANGLE,DIVIDED - W/MEDIAN BARRIER,PEDESTRIAN CROSSING SIGN,UNABLE TO DETERMINE,FAILING TO YIELD RIGHT-OF-WAY,0,0,1,1,15,5,8,1584,CLARK ST,41.810308,-87.751035,08/06/2015 04:17:00 PM,2015
CR00004777,11/07/2021 07:56:00 PM,35,CLEAR,DARKNESS - LIGHTED ROAD,SIDESWIPE SAME DIRECTION,DIVIDED - W/MEDIAN (NOT RAISED),NO CONTROLS,DRIVING SKILLS/KNOWLEDGE/EXPERIENCE,NOT APPLICABLE,0,0,0,0,19,1,11,2123,BROADWAY,41.97323,-87.830617,11/07/2021 09:23:00 PM,2021
CR00004778,01/26/2015 03:42:00 PM,35,CLEAR,DARKNESS - LIGHTED ROAD,REAR END,NOT DIVIDED,NO CONTROLS,DRIVING SKILLS/KNOWLEDGE/EXPERIENCE,WEATHER,0,0,1,1,15,2,1,1865,BROADWAY,41.82873,-87.557149,01/26/2015 04:09:00 PM,2015
CR00004779,01/01/2017 07:31:00 AM,35,CLEAR,DAYLIGHT,TURNING,T-INTERSECTION,TRAFFIC SIGNAL,FAILING TO YIELD RIGHT-OF-WAY,FAILING TO YIELD RIGHT-OF-WAY,0,0,0,0,7,1,1,1972,MICHIGAN AVE,41.886498,-87.63042,01/01/2017 07:43:00 AM,2017
CR00004780,10/23/2021 03:24:00 AM,30,CLEAR,DAYLIGHT,PEDESTRIAN,DIVIDED - W/MEDIAN (NOT RAISED),TRAFFIC SIGNAL,UNABLE TO DETERMINE,FOLLOWING TOO CLOSELY,0,1,1,2,3,7,10,1982,47TH ST,41.849358,-87.676814,10/23/2021 03:45:00 AM,2021