CRASH_RECORD_ID,CRASH_DATE,POSTED_SPEED_LIMIT,WEATHER_CONDITION,LIGHTING_CONDITION,FIRST_CRASH_TYPE,TRAFFICWAY_TYPE,TRAFFIC_CONTROL_DEVICE,PRIM_CONTRIBUTORY_CAUSE,SEC_CONTRIBUTORY_CAUSE,INJURIES_FATAL,INJURIES_INCAPACITATING,INJURIES_NON_INCAPACITATING,INJURIES_TOTAL,CRASH_HOUR,CRASH_DAY_OF_WEEK,CRASH_MONTH,BEAT_OF_OCCURRENCE,STREET_NAME,LATITUDE,LONGITUDE,DATE_POLICE_NOTIFIED,year
CR00004781,11/07/2019 01:22:00 PM,20,CLEAR,DAYLIGHT,REAR END,NOT DIVIDED,NO CONTROLS,FAILING TO YIELD RIGHT-OF-WAY,UNABLE TO DETERMINE,0,0,0,0,13,5,11,620,KEDZIE AVE,41.922993,-87.515121,11/07/2019 02:43:00 PM,2019
CR00004782,11/12/2017 04:45:00 PM,30,CLOUDY/OVERCAST,DAYLIGHT,PARKED MOTOR VEHICLE,NOT DIVIDED,TRAFFIC SIGNAL,FAILING TO YIELD RIGHT-OF-WAY,FOLLOWING TOO CLOSELY,0,0,0,0,16,1,11,2303,47TH ST,41.978212,-87.595549,11/12/2017 05:08:00 PM,2017
CR00004783,01/23/2017 01:06:00 PM,45,CLEAR,DARKNESS - LIGHTED ROAD,ANGLE,ONE-WAY,NO CONTROLS,DRIVING SKILLS/KNOWLEDGE/EXPERIENCE,FOLLOWING TOO CLOSELY,0,0,0,0,13,2,1,934,OGDEN AVE,41.857594,-87.824416,01/23/2017 02:21:00 PM,2017
CR00004784,02/25/2022 08:01:00 PM,20,CLEAR,DAYLIGHT,REAR TO FRONT,DIVIDED - W/MEDIAN (NOT RAISED),TRAFFIC SIGNAL,UNABLE TO DETERMINE,FOLLOWING TOO CLOSELY,0,0,0,0,20,6,2,891,MICHIGAN AVE,41.703765,-87.628799,02/25/2022 09:37:00 PM,2022
CR00004785,04/05/2022 11:42:00 PM,30,CLEAR,DARKNESS,TURNING,NOT DIVIDED,TRAFFIC SIGNAL,IMPROPER LANE USAGE,FAILING TO YIELD RIGHT-OF-WAY,0,0,0,0,23,3,4,848,CLARK ST,41.934323,-87.819669,04/06/2022 12:51:00 AM,2022
CR00004786,12/05/2021 04:38:00 PM,30,CLEAR,DARKNESS - LIGHTED ROAD,PARKED MOTOR VEHICLE,DIVIDED - W/MEDIAN (NOT RAISED),TRAFFIC SIGNAL,DRIVING SKILLS/KNOWLEDGE/EXPERIENCE,FAILING TO YIELD RIGHT-OF-WAY,0,0,0,0,16,1,12,972,ELSTON AVE,41.92237,-87.81974,12/05/2021 04:44:00 PM,2021
CR00004787,10/08/2022 05:48:00 PM,30,CLEAR,DAYLIGHT,REAR END,DIVIDED - W/MEDIAN (NOT RAISED),TRAFFIC SIGNAL,DISTRACTION - FROM INSIDE VEHICLE,DISTRACTION - FROM INSIDE VEHICLE,0,0,0,0,17,7,10,500,KEDZIE AVE,41.777569,-87.567585,10/08/2022 07:27:00 PM,2022
CR00004788,12/20/2023 12:25:00 AM,35,CLEAR,DARKNESS - LIGHTED ROAD,REAR TO FRONT,NOT DIVIDED,NO CONTROLS,DRIVING SKILLS/KNOWLEDGE/EXPERIENCE,NOT APPLICABLE,0,0,0,0,0,4,12,181,OGDEN AVE,41.785229,-87.727693,12/20/2023 01:39:00 AM,2023
CR00004789,04/20/2021 12:20:00 AM,30,CLOUDY/OVERCAST,DAYLIGHT,REAR END,NOT DIVIDED,YIELD,IMPROPER LANE USAGE,FOLLOWING TOO CLOSELY,0,2,3,5,0,3,4,2154,CALIFORNIA AVE,41.912733,-87.680321,04/20/2021 01:28:00 AM,2021
CR00004790,09/30/2015 10:13:00 PM,30,CLEAR,DARKNESS,SIDESWIPE SAME DIRECTION,T-INTERSECTION,NO CONTROLS,FAILING TO REDUCE SPEED,FOLLOWING TOO CLOSELY,0,0,0,0,22,4,9,1478,ELSTON AVE,41.879512,-87.8002,09/30/2015 11:26:00 PM,2015
CR00004791,05/25/2023 08:39:00 PM,30,SNOW,DAYLIGHT,REAR END,FOUR WAY,YIELD,IMPROPER LANE USAGE,FOLLOWING TOO CLOSELY,0,0,0,0,20,5,5,641,BROADWAY,41.957864,-87.696821,05/25/2023 10:23:00 PM,2023
CR00004792,11/03/2015 08:17:00 PM,25,CLEAR,DAYLIGHT,PEDESTRIAN,FOUR WAY,TRAFFIC SIGNAL,FAILING TO YIELD RIGHT-OF-WAY,UNABLE TO DETERMINE,0,0,0,0,20,3,11,1879,KEDZIE AVE,41.937974,-87.694176,11/03/2015 09:24:00 PM,2015
CR00004793,07/12/2015 12:07:00 PM,35,RAIN,DARKNESS - LIGHTED ROAD,TURNING,NOT DIVIDED,NO CONTROLS,IMPROPER OVERTAKING/PASSING,FOLLOWING TOO CLOSELY,0,0,0,0,12,1,7,906,IRVING PARK RD,41.974982,-87.706075,07/12/2015 01:54:00 PM,2015
CR00004794,03/24/2017 04:53:00 PM,30,CLEAR,DAYLIGHT,PEDESTRIAN,DIVIDED - W/MEDIAN BARRIER,STOP SIGN/FLASHER,UNABLE TO DETERMINE,NOT APPLICABLE,0,0,0,0,16,6,3,568,MILWAUKEE AVE,41.865274,-87.762539,03/24/2017 06:07:00 PM,2017
CR00004795,08/03/2022 02:53:00 AM,35,CLEAR,DARKNESS - LIGHTED ROAD,REAR END,NOT DIVIDED,UNKNOWN,FOLLOWING TOO CLOSELY,FAILING TO YIELD RIGHT-OF-WAY,0,0,0,0,2,4,8,854,ASHLAND AVE,41.781141,-87.808185,08/03/2022 04:42:00 AM,2022
CR00004796,07/25/2024 09:16:00 AM,30,CLEAR,DAYLIGHT,PARKED MOTOR VEHICLE,NOT DIVIDED,NO CONTROLS,UNABLE TO DETERMINE,DISTRACTION - FROM INSIDE VEHICLE,0,0,1,1,9,5,7,2290,DAMEN AVE,41.932324,-87.789441,07/25/2024 11:10:00 AM,2024
CR00004797,01/11/2015 12:32:00 PM,40,CLEAR,DAYLIGHT,REAR END,NOT DIVIDED,TRAFFIC SIGNAL,FAILING TO YIELD RIGHT-OF-WAY,FOLLOWING TOO CLOSELY,0,0,0,0,12,1,1,1440,IRVING PARK RD,41.883403,-87.581718,01/11/2015 02:13:00 PM,2015
CR00004798,08/13/2017 07:43:00 AM,45,CLEAR,DAYLIGHT,ANGLE,ONE-WAY,TRAFFIC SIGNAL,IMPROPER OVERTAKING/PASSING,FOLLOWING TOO CLOSELY,0,0,1,1,7,1,8,1180,MICHIGAN AVE,41.843288,-87.844745,08/13/2017 09:10:00 AM,2017
CR00004799,03/24/2022 11:51:00 AM,35,CLEAR,DAYLIGHT,FIXED OBJECT,DIVIDED - W/MEDIAN BARRIER,NO CONTROLS,FAILING TO YIELD RIGHT-OF-WAY,NOT APPLICABLE,0,0,0,0,11,5,3,1843,KEDZIE AVE,41.767763,-87.722609,03/24/2022 01:15:00 PM,2022
CR00004800,10/04/2017 12:01:00 PM,20,CLEAR,DARKNESS,REAR END,NOT DIVIDED,NO CONTROLS,UNABLE TO DETERMINE,UNABLE TO DETERMINE,0,0,0,0,12,4,10,188,MICHIGAN AVE,41.987355,-87.84395,10/04/2017 01:31:00 PM,2017
CR00004801,12/26/2024 01:31:00 PM,40,CLEAR,DAYLIGHT,PARKED MOTOR VEHICLE,NOT DIVIDED,NO CONTROLS,FOLLOWING TOO CLOSELY,UNABLE TO DETERMINE,0,0,0,0,13,5,12,948,ROOSEVELT RD,41.851123,-87.695589,12/26/2024 01:37:00 PM,2024
CR00004802,05/17/2023 09:08:00 AM,40,CLOUDY/OVERCAST,DAYLIGHT,SIDESWIPE SAME DIRECTION,NOT DIVIDED,NO CONTROLS,DRIVING SKILLS/KNOWLEDGE/EXPERIENCE,FOLLOWING TOO CLOSELY,0,0,0,0,9,4,5,508,79TH ST,41.743741,-87.598318,05/17/2023 09:52:00 AM,2023
CR00004803,11/11/2015 06:27:00 PM,20,CLEAR,DAYLIGHT,SIDESWIPE SAME DIRECTION,FOUR WAY,TRAFFIC SIGNAL,IMPROPER OVERTAKING/PASSING,DRIVING SKILLS/KNOWLEDGE/EXPERIENCE,0,0,0,0,18,4,11,1517,OGDEN AVE,41.86749,-87.772021,11/11/2015 06:48:00 PM,2015
CR00004804,01/24/2020 08:12:00 AM,35,CLOUDY/OVERCAST,DAYLIGHT,ANGLE,NOT DIVIDED,STOP SIGN/FLASHER,UNABLE TO DETERMINE,UNABLE TO DETERMINE,0,0,2,2,8,6,1,207,ROOSEVELT RD,41.813559,-87.526093,01/24/2020 09:14:00 AM,2020
CR00004805,06/22/2020 08:30:00 AM,35,CLEAR,DAYLIGHT,SIDESWIPE SAME DIRECTION,NOT DIVIDED,TRAFFIC SIGNAL,DISTRACTION - FROM INSIDE VEHICLE,FOLLOWING TOO CLOSELY,0,0,0,0,8,2,6,169,OGDEN AVE,41.970182,-87.51493,06/22/2020 10:12:00 AM,2020
CR00004806,10/23/2020 07:23:00 AM,30,FREEZING RAIN/DRIZZLE,DAYLIGHT,SIDESWIPE SAME DIRECTION,NOT DIVIDED,STOP SIGN/FLASHER,FOLLOWING TOO CLOSELY,FAILING TO YIELD RIGHT-OF-WAY,0,0,0,0,7,6,10,2196,ELSTON AVE,41.709186,-87.757023,10/23/2020 08:58:00 AM,2020
CR00004807,05/17/2020 05:16:00 PM,40,CLEAR,DAYLIGHT,REAR TO FRONT,NOT DIVIDED,STOP SIGN/FLASHER,IMPROPER OVERTAKING/PASSING,NOT APPLICABLE,0,0,0,0,17,1,5,2518,79TH ST,41.714097,-87.756724,05/17/2020 07:06:00 PM,2020
CR00004808,03/01/2023 09:47:00 AM,40,FOG/SMOKE/HAZE,DAYLIGHT,REAR END,ONE-WAY,NO CONTROLS,WEATHER,FAILING TO REDUCE SPEED,0,0,0,0,9,4,3,2019,ARCHER AVE,41.853314,-87.847692,03/01/2023 10:03:00 AM,2023
CR00004809,11/13/2023 06:14:00 PM,35,FOG/SMOKE/HAZE,DAWN,TURNING,NOT DIVIDED,NO CONTROLS,DISREGARDING TRAFFIC SIGNALS,FAILING TO REDUCE SPEED,0,0,3,3,18,2,11,1132,STONY ISLAND AVE,41.865738,-87.723759,11/13/2023 07:03:00 PM,2023
CR00004810,05/16/2020 02:37:00 AM,30,CLOUDY/OVERCAST,DARKNESS - LIGHTED ROAD,PARKED MOTOR VEHICLE,ONE-WAY,NO CONTROLS,DISTRACTION - FROM INSIDE VEHICLE,UNABLE TO DETERMINE,0,0,0,0,2,7,5,985,IRVING PARK RD,41.880684,-87.706081,05/16/2020 03:20:00 AM,2020
CR00004811,10/05/2020 05:00:00 PM,20,CLOUDY/OVERCAST,DAYLIGHT,ANGLE,ONE-WAY,NO CONTROLS,FOLLOWING TOO CLOSELY,WEATHER,0,0,2,2,17,2,10,1918,79TH ST,41.769392,-87.694699,10/05/2020 06:58:00 PM,2020
CR00004812,06/17/2022 09:35:00 PM,30,CLEAR,DAYLIGHT,PARKED MOTOR VEHICLE,NOT DIVIDED,TRAFFIC SIGNAL,DRIVING SKILLS/KNOWLEDGE/EXPERIENCE,UNABLE TO DETERMINE,0,0,0,0,21,6,6,1173,FULLERTON AVE,41.889058,-87.569087,06/17/2022 10:15:00 PM,2022
CR00004813,03/16/2016 10:34:00 AM,20,SNOW,DARKNESS - LIGHTED ROAD,ANGLE,NOT DIVIDED,NO CONTROLS,WEATHER,FAILING TO REDUCE SPEED,0,0,0,0,10,4,3,262,ARCHER AVE,41.834441,-87.735777,03/16/2016 10:57:00 AM,2016
CR00004814,11/05/2020 03:24:00 PM,35,CLEAR,DARKNESS - LIGHTED ROAD,SIDESWIPE SAME DIRECTION,NOT DIVIDED,TRAFFIC SIGNAL,FOLLOWING TOO CLOSELY,DISREGARDING TRAFFIC SIGNALS,0,0,0,0,15,5,11,2140,CICERO AVE,41.81994,-87.639514,11/05/2020 03:57:00 PM,2020
CR00004815,12/01/2017 06:42:00 AM,20,CLEAR,DAYLIGHT,TURNING,DIVIDED - W/MEDIAN (NOT RAISED),NO CONTROLS,UNABLE TO DETERMINE,FAILING TO YIELD RIGHT-OF-WAY,0,0,0,0,6,6,12,830,STATE ST,41.865498,-87.6916,12/01/2017 07:22:00 AM,2017
CR00004816,09/29/2019 08:59:00 AM,30,CLEAR,DARKNESS - LIGHTED ROAD,ANGLE,DIVIDED - W/MEDIAN (NOT RAISED),TRAFFIC SIGNAL,FAILING TO YIELD RIGHT-OF-WAY,IMPROPER OVERTAKING/PASSING,0,0,2,2,8,1,9,974,DAMEN AVE,41.86285,-87.70491,09/29/2019 10:48:00 AM,2019
CR00004817,05/28/2024 08:01:00 PM,25,CLEAR,DAYLIGHT,ANGLE,DIVIDED - W/MEDIAN (NOT RAISED),NO CONTROLS,FAILING TO YIELD RIGHT-OF-WAY,NOT APPLICABLE,0,0,0,0,20,3,5,1225,LAKE SHORE DR,41.743562,-87.81624,05/28/2024 09:23:00 PM,2024
CR00004818,11/08/2021 04:32:00 PM,35,CLEAR,DAYLIGHT,FIXED OBJECT,NOT DIVIDED,TRAFFIC SIGNAL,DISREGARDING TRAFFIC SIGNALS,FAILING TO YIELD RIGHT-OF-WAY,0,0,3,3,16,2,11,678,ELSTON AVE,41.903515,-87.826786,11/08/2021 05:49:00 PM,2021
CR00004819,08/07/2021 05:03:00 PM,30,RAIN,DAYLIGHT,REAR END,NOT DIVIDED,NO CONTROLS,UNABLE TO DETERMINE,FAILING TO REDUCE SPEED,0,0,0,0,17,7,8,2187,WESTERN AVE,41.974781,-87.68026,08/07/2021 05:07:00 PM,2021
CR00004820,02/06/2018 02:45:00 PM,35,CLEAR,DARKNESS - LIGHTED ROAD,REAR TO FRONT,DIVIDED - W/MEDIAN BARRIER,UNKNOWN,UNABLE TO DETERMINE,UNABLE TO DETERMINE,0,0,1,1,14,3,2,1844,HALSTED ST,41.738669,-87.78346,02/06/2018 04:42:00 PM,2018
CR00004821,11/09/2018 04:24:00 PM,20,CLEAR,DARKNESS,TURNING,DIVIDED - W/MEDIAN (NOT RAISED),TRAFFIC SIGNAL,UNABLE TO DETERMINE,FAILING TO YIELD RIGHT-OF-WAY,0,0,2,2,16,6,11,929,ASHLAND AVE,41.982406,-87.673764,11/09/2018 04:34:00 PM,2018
CR00004822,09/18/2022 11:39:00 AM,40,FOG/SMOKE/HAZE,DAYLIGHT,REAR TO FRONT,NOT DIVIDED,NO CONTROLS,DRIVING SKILLS/KNOWLEDGE/EXPERIENCE,DISREGARDING TRAFFIC SIGNALS,0,0,2,2,11,1,9,2450,CICERO AVE,41.742698,-87.592502,09/18/2022 12:39:00 PM,2022
CR00004823,05/07/2021 07:35:00 AM,30,CLEAR,DAYLIGHT,TURNING,FOUR WAY,UNKNOWN,UNABLE TO DETERMINE,DISTRACTION - FROM INSIDE VEHICLE,0,0,0,0,7,6,5,2200,MICHIGAN AVE,41.914477,-87.579501,05/07/2021 09:07:00 AM,2021
CR00004824,09/25/2018 06:35:00 PM,30,CLEAR,DAWN,ANGLE,DIVIDED - W/MEDIAN (NOT RAISED),PEDESTRIAN CROSSING SIGN,DRIVING SKILLS/KNOWLEDGE/EXPERIENCE,FOLLOWING TOO CLOSELY,0,0,1,1,18,3,9,751,WESTERN AVE,41.890251,-87.775688,09/25/2018 07:58:00 PM,2018
CR00004825,05/11/2018 05:48:00 PM,35,CLEAR,DAYLIGHT,FIXED OBJECT,DIVIDED - W/MEDIAN (NOT RAISED),TRAFFIC SIGNAL,IMPROPER OVERTAKING/PASSING,FOLLOWING TOO CLOSELY,0,0,0,0,17,6,5,1031,IRVING PARK RD,41.775312,-87.634141,05/11/2018 06:53:00 PM,2018
CR00004826,11/02/2020 01:26:00 PM,30,FOG/SMOKE/HAZE,DARKNESS - LIGHTED ROAD,REAR END,DIVIDED - W/MEDIAN BARRIER,NO CONTROLS,UNABLE TO DETERMINE,NOT APPLICABLE,0,0,0,0,13,2,11,918,ROOSEVELT RD,41.722857,-87.5107,11/02/2020 02:49:00 PM,2020
CR00004827,12/15/2024 08:31:00 AM,30,CLEAR,DARKNESS - LIGHTED ROAD,REAR END,FOUR WAY,STOP SIGN/FLASHER,FOLLOWING TOO CLOSELY,FOLLOWING TOO CLOSELY,0,0,0,0,8,1,12,1273,ELSTON AVE,41.940892,-87.512713,12/15/2024 09:56:00 AM,2024
CR00004828,05/26/2021 03:49:00 AM,25,CLEAR,DAYLIGHT,ANGLE,DIVIDED - W/MEDIAN BARRIER,TRAFFIC SIGNAL,FAILING TO YIELD RIGHT-OF-WAY,NOT APPLICABLE,0,1,1,2,3,4,5,1153,47TH ST,41.806961,-87.646455,05/26/2021 05:03:00 AM,2021
CR00004829,02/04/2018 06:33:00 PM,25,SNOW,DARKNESS - LIGHTED ROAD,TURNING,NOT DIVIDED,NO CONTROLS,UNABLE TO DETERMINE,IMPROPER LANE USAGE,0,0,1,1,18,1,2,295,BROADWAY,41.941699,-87.845589,02/04/2018 07:14:00 PM,2018
CR00004830,10/08/2016 10:27:00 AM,25,CLEAR,DAYLIGHT,REAR END,NOT DIVIDED,NO CONTROLS,UNABLE TO DETERMINE,IMPROPER OVERTAKING/PASSING,0,0,1,1,10,7,10,1799,HALSTED ST,41.888495,-87.575014,10/08/2016 12:19:00 PM,2016
CR00004831,05/26/2024 05:09:00 PM,30,CLEAR,DAYLIGHT,TURNING,FOUR WAY,STOP SIGN/FLASHER,FAILING TO YIELD RIGHT-OF-WAY,NOT APPLICABLE,0,0,0,0,17,1,5,2129,PULASKI RD,41.975363,-87.701655,05/26/2024 07:08:00 PM,2024
CR00004832,02/15/2017 02:03:00 PM,30,CLOUDY/OVERCAST,DAYLIGHT,ANGLE,T-INTERSECTION,TRAFFIC SIGNAL,UNABLE TO DETERMINE,NOT APPLICABLE,0,0,0,0,14,4,2,2179,OGDEN AVE,41.720134,-87.832123,02/15/2017 03:59:00 PM,2017
CR00004833,02/23/2023 07:21:00 AM,35,CLEAR,DAYLIGHT,ANGLE,FOUR WAY,PEDESTRIAN CROSSING SIGN,UNABLE TO DETERMINE,NOT APPLICABLE,0,0,0,0,7,5,2,2378,ARCHER AVE,41.835933,-87.760783,02/23/2023 07:48:00 AM,2023
CR00004834,07/28/2024 06:41:00 PM,35,CLEAR,DAYLIGHT,ANGLE,ONE-WAY,TRAFFIC SIGNAL,FOLLOWING TOO CLOSELY,NOT APPLICABLE,0,0,0,0,18,1,7,2168,IRVING PARK RD,41.73207,-87.828096,07/28/2024 08:14:00 PM,2024
CR00004835,12/29/2015 12:35:00 PM,25,CLEAR,DARKNESS - LIGHTED ROAD,REAR END,DIVIDED - W/MEDIAN (NOT RAISED),TRAFFIC SIGNAL,FOLLOWING TOO CLOSELY,UNABLE TO DETERMINE,0,0,0,0,12,3,12,2162,79TH ST,41.735872,-87.629302,12/29/2015 01:30:00 PM,2015
CR00004836,03/11/2020 04:36:00 AM,25,FOG/SMOKE/HAZE,DAYLIGHT,REAR END,NOT DIVIDED,NO CONTROLS,FOLLOWING TOO CLOSELY,NOT APPLICABLE,0,0,0,0,4,4,3,2095,47TH ST,41.72371,-87.549691,03/11/2020 06:23:00 AM,2020
CR00004837,10/19/2023 04:50:00 AM,35,CLEAR,DAYLIGHT,PARKED MOTOR VEHICLE,NOT DIVIDED,NO CONTROLS,UNABLE TO DETERMINE,NOT APPLICABLE,0,0,0,0,4,5,10,1919,WESTERN AVE,41.787419,-87.698026,10/19/2023 05:33:00 AM,2023
CR00004838,12/19/2024 04:59:00 PM,35,CLEAR,DARKNESS - LIGHTED ROAD,REAR END,NOT DIVIDED,NO CONTROLS,IMPROPER OVERTAKING/PASSING,DISTRACTION - FROM INSIDE VEHICLE,0,0,0,0,16,5,12,1301,STONY ISLAND AVE,41.981261,-87.827862,12/19/2024 05:38:00 PM,2024
CR00004839,06/08/2017 03:50:00 PM,30,CLEAR,DAYLIGHT,REAR END,NOT DIVIDED,TRAFFIC SIGNAL,FAILING TO REDUCE SPEED,UNABLE TO DETERMINE,0,0,2,2,15,5,6,1616,DAMEN AVE,41.741361,-87.767049,06/08/2017 05:23:00 PM,2017
CR00004840,11/28/2022 06:58:00 PM,15,CLEAR,DAYLIGHT,SIDESWIPE SAME DIRECTION,NOT DIVIDED,NO CONTROLS,FOLLOWING TOO CLOSELY,FAILING TO REDUCE SPEED,0,1,3,4,18,2,11,2186,LAKE SHORE DR,41.748711,-87.768164,11/28/2022 07:16:00 PM,2022
CR00004841,11/26/2019 08:01:00 AM,40,CLEAR,DAYLIGHT,ANGLE,NOT DIVIDED,NO CONTROLS,UNABLE TO DETERMINE,IMPROPER LANE USAGE,0,0,0,0,8,3,11,1700,47TH ST,41.877644,-87.712104,11/26/2019 08:18:00 AM,2019
CR00004842,11/02/2020 04:21:00 PM,40,CLEAR,DARKNESS,TURNING,NOT DIVIDED,TRAFFIC SIGNAL,DISREGARDING TRAFFIC SIGNALS,FOLLOWING TOO CLOSELY,0,0,0,0,16,2,11,1929,OGDEN AVE,41.876965,-87.782849,11/02/2020 05:06:00 PM,2020
CR00004843,11/13/2020 06:33:00 PM,30,CLEAR,DARKNESS - LIGHTED ROAD,REAR END,ONE-WAY,NO CONTROLS,UNABLE TO DETERMINE,WEATHER,0,0,1,1,18,6,11,632,ELSTON AVE,41.882351,-87.675573,11/13/2020 06:48:00 PM,2020
CR00004844,10/25/2020 07:41:00 AM,35,CLEAR,DAYLIGHT,REAR END,T-INTERSECTION,NO CONTROLS,DRIVING SKILLS/KNOWLEDGE/EXPERIENCE,IMPROPER OVERTAKING/PASSING,0,0,0,0,7,1,10,302,ARCHER AVE,41.885632,-87.603737,10/25/2020 09:29:00 AM,2020
CR00004845,07/30/2018 10:51:00 AM,35,CLEAR,DAYLIGHT,REAR END,NOT DIVIDED,NO CONTROLS,UNABLE TO DETERMINE,NOT APPLICABLE,0,0,0,0,10,2,7,925,DAMEN AVE,41.939136,-87.732588,07/30/2018 11:30:00 AM,2018
CR00004846,05/09/2024 05:02:00 PM,20,CLEAR,DARKNESS,ANGLE,NOT DIVIDED,TRAFFIC SIGNAL,DRIVING SKILLS/KNOWLEDGE/EXPERIENCE,IMPROPER OVERTAKING/PASSING,0,0,1,1,17,5,5,2206,FULLERTON AVE,41.875161,-87.517821,05/09/2024 05:38:00 PM,2024
CR00004847,09/20/2019 03:48:00 PM,15,CLEAR,DAWN,SIDESWIPE SAME DIRECTION,T-INTERSECTION,NO CONTROLS,FOLLOWING TOO CLOSELY,IMPROPER OVERTAKING/PASSING,0,0,0,0,15,6,9,1254,HALSTED ST,41.761116,-87.716057,09/20/2019 03:50:00 PM,2019
CR00004848,07/25/2020 12:14:00 PM,45,CLEAR,DAYLIGHT,TURNING,NOT DIVIDED,NO CONTROLS,FOLLOWING TOO CLOSELY,FOLLOWING TOO CLOSELY,0,0,0,0,12,7,7,2432,LAKE SHORE DR,41.836424,-87.791837,07/25/2020 01:05:00 PM,2020
CR00004849,02/11/2023 07:10:00 AM,30,CLEAR,DARKNESS - LIGHTED ROAD,REAR END,NOT DIVIDED,NO CONTROLS,IMPROPER LANE USAGE,UNABLE TO DETERMINE,0,0,1,1,7,7,2,688,ARCHER AVE,41.787031,-87.539331,02/11/2023 09:05:00 AM,2023
CR00004850,01/21/2023 09:32:00 PM,25,RAIN,DARKNESS - LIGHTED ROAD,REAR END,ONE-WAY,STOP SIGN/FLASHER,FAILING TO YIELD RIGHT-OF-WAY,FOLLOWING TOO CLOSELY,0,0,0,0,21,7,1,2179,47TH ST,41.959089,-87.589437,01/21/2023 09:39:00 PM,2023
CR00004851,10/31/2021 03:01:00 PM,35,RAIN,DAYLIGHT,TURNING,NOT DIVIDED,TRAFFIC SIGNAL,FAILING TO YIELD RIGHT-OF-WAY,IMPROPER LANE USAGE,0,0,2,2,15,1,10,617,STATE ST,41.780855,-87.648844,10/31/2021 04:48:00 PM,2021
CR00004852,06/17/2019 04:00:00 AM,30,CLEAR,DARKNESS - LIGHTED ROAD,REAR END,NOT DIVIDED,STOP SIGN/FLASHER,FOLLOWING TOO CLOSELY,WEATHER,0,0,0,0,4,2,6,2084,DIVISION ST,41.974879,-87.629523,06/17/2019 05:23:00 AM,2019
CR00004853,03/13/2018 01:20:00 AM,20,CLEAR,DARKNESS - LIGHTED ROAD,SIDESWIPE SAME DIRECTION,FOUR WAY,NO CONTROLS,FAILING TO YIELD RIGHT-OF-WAY,WEATHER,0,0,0,0,1,3,3,348,MICHIGAN AVE,41.921888,-87.608796,03/13/2018 03:01:00 AM,2018
CR00004854,09/14/2018 01:40:00 PM,15,FREEZING RAIN/DRIZZLE,DARKNESS - LIGHTED ROAD,REAR END,ONE-WAY,NO CONTROLS,DISTRACTION - FROM INSIDE VEHICLE,DISTRACTION - FROM INSIDE VEHICLE,0,0,2,2,13,6,9,1588,MICHIGAN AVE,41.722628,-87.620122,09/14/2018 01:46:00 PM,2018
CR00004855,12/11/2019 07:35:00 AM,30,CLEAR,DARKNESS - LIGHTED ROAD,TURNING,DIVIDED - W/MEDIAN (NOT RAISED),STOP SIGN/FLASHER,UNABLE TO DETERMINE,UNABLE TO DETERMINE,0,0,1,1,7,4,12,581,ARCHER AVE,41.701825,-87.63468,12/11/2019 08:43:00 AM,2019
CR00004856,04/09/2023 10:20:00 AM,40,CLEAR,DARKNESS - LIGHTED ROAD,ANGLE,NOT DIVIDED,TRAFFIC SIGNAL,IMPROPER OVERTAKING/PASSING,UNABLE TO DETERMINE,0,0,1,1,10,1,4,266,FULLERTON AVE,41.923642,-87.608607,04/09/2023 11:36:00 AM,2023
CR00004857,02/08/2020 09:54:00 AM,25,FREEZING RAIN/DRIZZLE,DARKNESS - LIGHTED ROAD,FIXED OBJECT,DIVIDED - W/MEDIAN BARRIER,TRAFFIC SIGNAL,DISREGARDING TRAFFIC SIGNALS,FAILING TO YIELD RIGHT-OF-WAY,0,0,0,0,9,7,2,2105,ASHLAND AVE,41.94491,-87.658132,02/08/2020 11:05:00 AM,2020
CR00004858,08/03/2021 06:34:00 PM,30,CLEAR,DARKNESS,TURNING,DIVIDED - W/MEDIAN (NOT RAISED),UNKNOWN,FAILING TO YIELD RIGHT-OF-WAY,NOT APPLICABLE,0,0,0,0,18,3,8,2038,ELSTON AVE,41.946892,-87.62814,08/03/2021 08:02:00 PM,2021
CR00004859,07/25/2019 10:41:00 PM,30,CLEAR,DAYLIGHT,PEDESTRIAN,FOUR WAY,NO CONTROLS,UNABLE TO DETERMINE,UNABLE TO DETERMINE,0,0,0,0,22,5,7,189,DAMEN AVE,41.794993,-87.656018,07/25/2019 10:54:00 PM,2019
CR00004860,04/12/2018 01:11:00 PM,40,CLEAR,DAYLIGHT,REAR TO FRONT,NOT DIVIDED,STOP SIGN/FLASHER,DISTRACTION - FROM INSIDE VEHICLE,FOLLOWING TOO CLOSELY,0,0,0,0,13,5,4,437,ROOSEVELT RD,41.895287,-87.679161,04/12/2018 02:30:00 PM,2018
CR00004861,08/25/2024 01:11:00 AM,40,SNOW,DAYLIGHT,REAR END,DIVIDED - W/MEDIAN (NOT RAISED),NO CONTROLS,DISREGARDING TRAFFIC SIGNALS,IMPROPER LANE USAGE,0,0,1,1,1,1,8,729,IRVING PARK RD,41.879014,-87.779564,08/25/2024 02:48:00 AM,2024
CR00004862,04/09/2021 03:14:00 AM,35,CLEAR,DARKNESS - LIGHTED ROAD,ANGLE,NOT DIVIDED,UNKNOWN,IMPROPER OVERTAKING/PASSING,IMPROPER OVERTAKING/PASSING,0,0,0,0,3,6,4,815,FULLERTON AVE,41.73219,-87.538456,04/09/2021 03:36:00 AM,2021
CR00004863,03/28/2022 05:11:00 PM,40,CLEAR,DAYLIGHT,SIDESWIPE SAME DIRECTION,NOT DIVIDED,TRAFFIC SIGNAL,FAILING TO REDUCE SPEED,UNABLE TO DETERMINE,0,0,0,0,17,2,3,708,MILWAUKEE AVE,41.859374,-87.701523,03/28/2022 06:05:00 PM,2022