CRASH_RECORD_ID,CRASH_DATE,POSTED_SPEED_LIMIT,WEATHER_CONDITION,LIGHTING_CONDITION,FIRST_CRASH_TYPE,TRAFFICWAY_TYPE,TRAFFIC_CONTROL_DEVICE,PRIM_CONTRIBUTORY_CAUSE,SEC_CONTRIBUTORY_CAUSE,INJURIES_FATAL,INJURIES_INCAPACITATING,INJURIES_NON_INCAPACITATING,INJURIES_TOTAL,CRASH_HOUR,CRASH_DAY_OF_WEEK,CRASH_MONTH,BEAT_OF_OCCURRENCE,STREET_NAME,LATITUDE,LONGITUDE,DATE_POLICE_NOTIFIED,year
CR00004864,07/20/2016 01:03:00 PM,25,CLEAR,DAYLIGHT,ANGLE,NOT DIVIDED,TRAFFIC SIGNAL,DRIVING SKILLS/KNOWLEDGE/EXPERIENCE,NOT APPLICABLE,0,0,0,0,13,4,7,2399,63RD ST,41.890529,-87.661195,07/20/2016 01:17:00 PM,2016
CR00004865,09/08/2015 10:04:00 PM,30,CLOUDY/OVERCAST,DAWN,REAR TO FRONT,DIVIDED - W/MEDIAN BARRIER,TRAFFIC SIGNAL,FAILING TO YIELD RIGHT-OF-WAY,UNABLE TO DETERMINE,0,0,0,0,22,3,9,489,PULASKI RD,41.749938,-87.802328,09/08/2015 11:25:00 PM,2015
CR00004866,11/14/2015 02:28:00 AM,45,CLEAR,DAYLIGHT,PARKED MOTOR VEHICLE,FOUR WAY,UNKNOWN,IMPROPER OVERTAKING/PASSING,UNABLE TO DETERMINE,0,0,1,1,2,7,11,1417,OGDEN AVE,41.911163,-87.837949,11/14/2015 04:26:00 AM,2015
CR00004867,04/26/2015 03:51:00 PM,30,CLEAR,DARKNESS,FIXED OBJECT,NOT DIVIDED,NO CONTROLS,UNABLE TO DETERMINE,NOT APPLICABLE,0,0,0,0,15,1,4,761,ROOSEVELT RD,41.737015,-87.509918,04/26/2015 04:00:00 PM,2015
CR00004868,07/29/2024 11:03:00 AM,40,CLEAR,DAYLIGHT,TURNING,NOT DIVIDED,NO CONTROLS,IMPROPER LANE USAGE,UNABLE TO DETERMINE,0,2,2,4,11,2,7,2512,LAKE SHORE DR,41.933209,-87.5235,07/29/2024 11:11:00 AM,2024
CR00004869,10/05/2017 04:00:00 PM,35,CLEAR,DARKNESS - LIGHTED ROAD,REAR END,NOT DIVIDED,NO CONTROLS,FAILING TO YIELD RIGHT-OF-WAY,UNABLE TO DETERMINE,0,0,0,0,16,5,10,1341,ASHLAND AVE,41.876817,-87.750513,10/05/2017 04:31:00 PM,2017
CR00004870,11/13/2017 12:45:00 PM,30,FOG/SMOKE/HAZE,DAYLIGHT,REAR END,NOT DIVIDED,STOP SIGN/FLASHER,FAILING TO YIELD RIGHT-OF-WAY,DRIVING SKILLS/KNOWLEDGE/EXPERIENCE,0,0,0,0,12,2,11,1031,CLARK ST,41.93804,-87.807688,11/13/2017 01:49:00 PM,2017
CR00004871,01/18/2021 07:15:00 PM,30,CLEAR,DAYLIGHT,REAR TO FRONT,NOT DIVIDED,NO CONTROLS,IMPROPER OVERTAKING/PASSING,IMPROPER LANE USAGE,0,0,0,0,19,2,1,329,ARCHER AVE,41.878844,-87.564209,01/18/2021 08:15:00 PM,2021
CR00004872,01/20/2017 08:14:00 PM,35,CLEAR,DAYLIGHT,REAR TO FRONT,T-INTERSECTION,STOP SIGN/FLASHER,UNABLE TO DETERMINE,NOT APPLICABLE,0,0,0,0,20,6,1,2082,ELSTON AVE,41.982391,-87.618823,01/20/2017 08:54:00 PM,2017
CR00004873,03/02/2017 12:46:00 PM,30,CLEAR,DARKNESS - LIGHTED ROAD,PARKED MOTOR VEHICLE,DIVIDED - W/MEDIAN BARRIER,TRAFFIC SIGNAL,DRIVING SKILLS/KNOWLEDGE/EXPERIENCE,FOLLOWING TOO CLOSELY,0,0,0,0,12,5,3,2172,ELSTON AVE,41.975621,-87.718001,03/02/2017 02:34:00 PM,2017
CR00004874,10/27/2015 06:34:00 AM,35,CLEAR,DAYLIGHT,ANGLE,DIVIDED - W/MEDIAN (NOT RAISED),TRAFFIC SIGNAL,UNABLE TO DETERMINE,NOT APPLICABLE,0,0,0,0,6,3,10,1991,CICERO AVE,41.835062,-87.820298,10/27/2015 06:37:00 AM,2015
CR00004875,08/27/2015 09:45:00 PM,15,CLEAR,DAYLIGHT,ANGLE,NOT DIVIDED,UNKNOWN,DISREGARDING TRAFFIC SIGNALS,FAILING TO YIELD RIGHT-OF-WAY,0,0,0,0,21,5,8,1058,ELSTON AVE,41.983653,-87.750229,08/27/2015 11:25:00 PM,2015
CR00004876,05/19/2019 03:09:00 PM,40,CLEAR,DAYLIGHT,TURNING,FOUR WAY,NO CONTROLS,UNABLE TO DETERMINE,NOT APPLICABLE,0,0,2,2,15,1,5,2232,MILWAUKEE AVE,41.860909,-87.846723,05/19/2019 04:09:00 PM,2019
CR00004877,10/02/2017 09:45:00 AM,40,CLEAR,DAYLIGHT,SIDESWIPE SAME DIRECTION,NOT DIVIDED,NO CONTROLS,WEATHER,IMPROPER LANE USAGE,0,0,0,0,9,2,10,1173,STATE ST,41.794403,-87.588738,10/02/2017 10:24:00 AM,2017
CR00004878,08/10/2019 07:38:00 PM,45,CLEAR,DAYLIGHT,PARKED MOTOR VEHICLE,DIVIDED - W/MEDIAN BARRIER,TRAFFIC SIGNAL,UNABLE TO DETERMINE,FAILING TO REDUCE SPEED,0,0,0,0,19,7,8,1034,ELSTON AVE,41.819657,-87.705078,08/10/2019 08:06:00 PM,2019
CR00004879,11/14/2024 08:12:00 AM,20,CLEAR,DAYLIGHT,REAR END,ONE-WAY,UNKNOWN,DISTRACTION - FROM INSIDE VEHICLE,UNABLE TO DETERMINE,0,0,0,0,8,5,11,1992,CALIFORNIA AVE,41.910174,-87.634504,11/14/2024 08:51:00 AM,2024
CR00004880,04/13/2020 06:29:00 PM,35,CLEAR,DAYLIGHT,REAR END,NOT DIVIDED,NO CONTROLS,UNABLE TO DETERMINE,UNABLE TO DETERMINE,0,0,0,0,18,2,4,577,MICHIGAN AVE,41.810853,-87.633892,04/13/2020 08:15:00 PM,2020
CR00004881,03/20/2024 08:43:00 PM,35,SNOW,DARKNESS - LIGHTED ROAD,TURNING,DIVIDED - W/MEDIAN BARRIER,UNKNOWN,DRIVING SKILLS/KNOWLEDGE/EXPERIENCE,DISTRACTION - FROM INSIDE VEHICLE,0,0,0,0,20,4,3,2471,STONY ISLAND AVE,41.850467,-87.826375,03/20/2024 09:53:00 PM,2024
CR00004882,05/30/2021 09:03:00 AM,25,CLEAR,DARKNESS - LIGHTED ROAD,SIDESWIPE SAME DIRECTION,NOT DIVIDED,NO CONTROLS,IMPROPER LANE USAGE,DISTRACTION - FROM INSIDE VEHICLE,0,0,0,0,9,1,5,121,DAMEN AVE,41.976794,-87.692261,05/30/2021 10:04:00 AM,2021
CR00004883,02/04/2017 05:21:00 PM,35,SNOW,DAYLIGHT,REAR END,DIVIDED - W/MEDIAN (NOT RAISED),NO CONTROLS,FAILING TO YIELD RIGHT-OF-WAY,DRIVING SKILLS/KNOWLEDGE/EXPERIENCE,0,0,0,0,17,7,2,2422,WESTERN AVE,41.999135,-87.75484,02/04/2017 06:52:00 PM,2017
CR00004884,01/07/2024 08:52:00 AM,40,FREEZING RAIN/DRIZZLE,DUSK,PARKED MOTOR VEHICLE,DIVIDED - W/MEDIAN (NOT RAISED),NO CONTROLS,IMPROPER OVERTAKING/PASSING,DISTRACTION - FROM INSIDE VEHICLE,0,0,0,0,8,1,1,2388,STATE ST,41.81089,-87.79525,01/07/2024 09:57:00 AM,2024
CR00004885,04/15/2015 02:42:00 PM,30,CLEAR,DAYLIGHT,FIXED OBJECT,T-INTERSECTION,NO CONTROLS,IMPROPER OVERTAKING/PASSING,IMPROPER OVERTAKING/PASSING,0,0,0,0,14,4,4,659,KEDZIE AVE,41.965067,-87.646474,04/15/2015 03:05:00 PM,2015
CR00004886,08/03/2020 04:40:00 PM,30,CLEAR,DAYLIGHT,REAR TO FRONT,NOT DIVIDED,NO CONTROLS,FAILING TO REDUCE SPEED,IMPROPER LANE USAGE,0,0,0,0,16,2,8,756,MILWAUKEE AVE,41.768725,-87.651125,08/03/2020 04:42:00 PM,2020
CR00004887,05/24/2016 03:27:00 PM,30,CLEAR,DAYLIGHT,REAR END,NOT DIVIDED,NO CONTROLS,WEATHER,IMPROPER OVERTAKING/PASSING,0,0,0,0,15,3,5,1303,47TH ST,41.705867,-87.665118,05/24/2016 05:02:00 PM,2016
CR00004888,01/13/2018 11:31:00 PM,30,CLEAR,DAYLIGHT,SIDESWIPE SAME DIRECTION,DIVIDED - W/MEDIAN BARRIER,UNKNOWN,UNABLE TO DETERMINE,UNABLE TO DETERMINE,0,0,0,0,23,7,1,2083,STATE ST,41.803353,-87.717582,01/13/2018 11:38:00 PM,2018
CR00004889,03/22/2021 03:14:00 PM,20,CLEAR,DAYLIGHT,TURNING,NOT DIVIDED,NO CONTROLS,IMPROPER OVERTAKING/PASSING,DISTRACTION - FROM INSIDE VEHICLE,0,0,1,1,15,2,3,1843,63RD ST,41.724565,-87.83795,03/22/2021 04:46:00 PM,2021
CR00004890,04/16/2020 04:23:00 PM,40,CLEAR,DARKNESS - LIGHTED ROAD,TURNING,NOT DIVIDED,TRAFFIC SIGNAL,UNABLE TO DETERMINE,NOT APPLICABLE,0,0,0,0,16,5,4,211,DAMEN AVE,41.847717,-87.612247,04/16/2020 04:37:00 PM,2020
CR00004891,07/11/2024 05:29:00 PM,45,CLEAR,DARKNESS - LIGHTED ROAD,FIXED OBJECT,NOT DIVIDED,STOP SIGN/FLASHER,UNABLE TO DETERMINE,UNABLE TO DETERMINE,0,0,0,0,17,5,7,1519,ASHLAND AVE,41.802818,-87.574065,07/11/2024 06:27:00 PM,2024
CR00004892,03/26/2016 12:56:00 AM,35,CLEAR,DARKNESS - LIGHTED ROAD,REAR END,FOUR WAY,UNKNOWN,UNABLE TO DETERMINE,FAILING TO REDUCE SPEED,0,1,3,4,0,7,3,1778,DAMEN AVE,41.759388,-87.501415,03/26/2016 01:39:00 AM,2016
CR00004893,01/24/2023 07:30:00 AM,30,CLEAR,DAYLIGHT,REAR END,DIVIDED - W/MEDIAN (NOT RAISED),NO CONTROLS,DISTRACTION - FROM INSIDE VEHICLE,FAILING TO REDUCE SPEED,0,0,1,1,7,3,1,1945,CICERO AVE,41.857747,-87.671474,01/24/2023 09:13:00 AM,2023
CR00004894,06/25/2016 12:21:00 PM,45,CLEAR,DARKNESS - LIGHTED ROAD,REAR END,DIVIDED - W/MEDIAN BARRIER,TRAFFIC SIGNAL,DRIVING SKILLS/KNOWLEDGE/EXPERIENCE,UNABLE TO DETERMINE,0,0,0,0,12,7,6,1816,STATE ST,41.967616,-87.72953,06/25/2016 12:55:00 PM,2016
CR00004895,08/27/2015 08:35:00 PM,40,CLEAR,DAYLIGHT,FIXED OBJECT,DIVIDED - W/MEDIAN (NOT RAISED),STOP SIGN/FLASHER,IMPROPER LANE USAGE,UNABLE TO DETERMINE,0,0,1,1,20,5,8,331,OGDEN AVE,41.762138,-87.8285,08/27/2015 10:29:00 PM,2015
CR00004896,02/14/2020 02:06:00 PM,30,CLEAR,DARKNESS - LIGHTED ROAD,PARKED MOTOR VEHICLE,NOT DIVIDED,NO CONTROLS,DISREGARDING TRAFFIC SIGNALS,DRIVING SKILLS/KNOWLEDGE/EXPERIENCE,0,0,0,0,14,6,2,380,ELSTON AVE,41.948789,-87.717732,02/14/2020 03:34:00 PM,2020
CR00004897,10/04/2019 08:33:00 PM,30,RAIN,DUSK,FIXED OBJECT,DIVIDED - W/MEDIAN (NOT RAISED),TRAFFIC SIGNAL,FOLLOWING TOO CLOSELY,UNABLE TO DETERMINE,0,0,0,0,20,6,10,1922,WESTERN AVE,41.718299,-87.686309,10/04/2019 10:07:00 PM,2019
CR00004898,03/08/2016 07:08:00 AM,30,RAIN,DAYLIGHT,TURNING,NOT DIVIDED,STOP SIGN/FLASHER,WEATHER,FAILING TO REDUCE SPEED,0,0,3,3,7,3,3,997,CLARK ST,41.882762,-87.623141,03/08/2016 07:26:00 AM,2016
CR00004899,02/24/2024 04:31:00 PM,20,CLEAR,DARKNESS,PARKED MOTOR VEHICLE,ONE-WAY,TRAFFIC SIGNAL,UNABLE TO DETERMINE,FOLLOWING TOO CLOSELY,0,0,0,0,16,7,2,1589,KEDZIE AVE,41.904287,-87.83473,02/24/2024 05:00:00 PM,2024
CR00004900,11/21/2015 07:58:00 AM,35,CLEAR,DAYLIGHT,REAR END,DIVIDED - W/MEDIAN (NOT RAISED),NO CONTROLS,FAILING TO REDUCE SPEED,UNABLE TO DETERMINE,0,0,0,0,7,7,11,1748,OGDEN AVE,41.847733,-87.659254,11/21/2015 08:16:00 AM,2015
CR00004901,11/30/2017 01:27:00 PM,45,CLEAR,DARKNESS - LIGHTED ROAD,REAR END,NOT DIVIDED,TRAFFIC SIGNAL,FOLLOWING TOO CLOSELY,IMPROPER LANE USAGE,0,1,1,2,13,5,11,1948,KEDZIE AVE,41.86252,-87.838624,11/30/2017 01:51:00 PM,2017
CR00004902,10/04/2019 10:23:00 AM,25,CLEAR,DARKNESS - LIGHTED ROAD,ANGLE,DIVIDED - W/MEDIAN BARRIER,TRAFFIC SIGNAL,FAILING TO YIELD RIGHT-OF-WAY,DISTRACTION - FROM INSIDE VEHICLE,0,0,0,0,10,6,10,1332,CICERO AVE,41.992815,-87.794145,10/04/2019 10:34:00 AM,2019
CR00004903,08/09/2018 12:30:00 PM,20,CLOUDY/OVERCAST,DARKNESS - LIGHTED ROAD,REAR END,NOT DIVIDED,STOP SIGN/FLASHER,FAILING TO YIELD RIGHT-OF-WAY,DRIVING SKILLS/KNOWLEDGE/EXPERIENCE,0,0,1,1,12,5,8,1090,FULLERTON AVE,41.736362,-87.763188,08/09/2018 02:29:00 PM,2018
CR00004904,10/08/2024 06:56:00 PM,35,CLEAR,DARKNESS - LIGHTED ROAD,PEDESTRIAN,NOT DIVIDED,NO CONTROLS,WEATHER,UNABLE TO DETERMINE,0,0,0,0,18,3,10,2128,CICERO AVE,41.936249,-87.674406,10/08/2024 08:10:00 PM,2024
CR00004905,08/21/2023 05:04:00 PM,30,CLEAR,DAYLIGHT,TURNING,ONE-WAY,YIELD,IMPROPER LANE USAGE,FOLLOWING TOO CLOSELY,0,0,0,0,17,2,8,1279,DIVISION ST,41.809784,-87.565274,08/21/2023 06:36:00 PM,2023
CR00004906,07/30/2016 03:35:00 PM,30,CLEAR,DAYLIGHT,TURNING,DIVIDED - W/MEDIAN (NOT RAISED),NO CONTROLS,IMPROPER LANE USAGE,NOT APPLICABLE,0,0,0,0,15,7,7,1452,ARCHER AVE,41.842689,-87.7523,07/30/2016 04:38:00 PM,2016
CR00004907,01/16/2018 04:48:00 PM,25,CLEAR,DAYLIGHT,ANGLE,ONE-WAY,NO CONTROLS,IMPROPER OVERTAKING/PASSING,UNABLE TO DETERMINE,0,0,2,2,16,3,1,1677,FULLERTON AVE,41.906078,-87.835132,01/16/2018 04:57:00 PM,2018
CR00004908,08/13/2021 11:53:00 PM,30,RAIN,DAYLIGHT,REAR END,NOT DIVIDED,NO CONTROLS,IMPROPER OVERTAKING/PASSING,UNABLE TO DETERMINE,0,0,0,0,23,6,8,145,CLARK ST,41.792992,-87.623831,08/14/2021 01:05:00 AM,2021
CR00004909,11/17/2016 04:43:00 PM,30,CLEAR,DAYLIGHT,REAR END,NOT DIVIDED,NO CONTROLS,IMPROPER OVERTAKING/PASSING,UNABLE TO DETERMINE,0,0,0,0,16,5,11,461,BROADWAY,41.811445,-87.737227,11/17/2016 06:16:00 PM,2016
CR00004910,03/25/2021 02:34:00 AM,30,RAIN,DARKNESS - LIGHTED ROAD,PARKED MOTOR VEHICLE,ONE-WAY,STOP SIGN/FLASHER,IMPROPER OVERTAKING/PASSING,FAILING TO YIELD RIGHT-OF-WAY,0,0,0,0,2,5,3,2073,MILWAUKEE AVE,41.937559,-87.786556,03/25/2021 02:53:00 AM,2021
CR00004911,03/22/2017 07:39:00 AM,35,CLOUDY/OVERCAST,DAYLIGHT,PARKED MOTOR VEHICLE,ONE-WAY,NO CONTROLS,FAILING TO YIELD RIGHT-OF-WAY,DRIVING SKILLS/KNOWLEDGE/EXPERIENCE,0,0,0,0,7,4,3,2268,CLARK ST,41.860921,-87.647863,03/22/2017 08:50:00 AM,2017
CR00004912,04/24/2016 04:48:00 PM,35,CLEAR,DARKNESS,REAR TO FRONT,NOT DIVIDED,NO CONTROLS,DRIVING SKILLS/KNOWLEDGE/EXPERIENCE,DRIVING SKILLS/KNOWLEDGE/EXPERIENCE,0,0,0,0,16,1,4,116,MICHIGAN AVE,41.914593,-87.670543,04/24/2016 05:24:00 PM,2016
CR00004913,02/19/2023 09:25:00 AM,35,RAIN,DAYLIGHT,ANGLE,NOT DIVIDED,TRAFFIC SIGNAL,FOLLOWING TOO CLOSELY,DRIVING SKILLS/KNOWLEDGE/EXPERIENCE,0,0,0,0,9,1,2,398,WESTERN AVE,41.910653,-87.702072,02/19/2023 11:02:00 AM,2023
CR00004914,07/13/2023 06:25:00 PM,25,CLEAR,DARKNESS - LIGHTED ROAD,TURNING,NOT DIVIDED,STOP SIGN/FLASHER,UNABLE TO DETERMINE,UNABLE TO DETERMINE,0,0,0,0,18,5,7,1710,CICERO AVE,41.95488,-87.524399,07/13/2023 07:22:00 PM,2023
CR00004915,06/25/2019 09:19:00 AM,30,RAIN,DAYLIGHT,REAR TO FRONT,NOT DIVIDED,TRAFFIC SIGNAL,FAILING TO YIELD RIGHT-OF-WAY,UNABLE TO DETERMINE,0,0,0,0,9,3,6,1367,PULASKI RD,41.784573,-87.750015,06/25/2019 10:24:00 AM,2019
CR00004916,10/31/2022 12:04:00 AM,30,CLEAR,DAYLIGHT,ANGLE,NOT DIVIDED,NO CONTROLS,UNABLE TO DETERMINE,UNABLE TO DETERMINE,0,0,0,0,0,2,10,2032,LAKE SHORE DR,41.808651,-87.747486,10/31/2022 01:30:00 AM,2022
CR00004917,04/08/2015 04:53:00 AM,30,RAIN,DAYLIGHT,PARKED MOTOR VEHICLE,NOT DIVIDED,NO CONTROLS,FOLLOWING TOO CLOSELY,DRIVING SKILLS/KNOWLEDGE/EXPERIENCE,0,2,2,4,4,4,4,606,ROOSEVELT RD,41.879243,-87.802694,04/08/2015 06:02:00 AM,2015
CR00004918,11/26/2015 05:35:00 PM,25,CLEAR,DAYLIGHT,ANGLE,DIVIDED - W/MEDIAN BARRIER,STOP SIGN/FLASHER,FOLLOWING TOO CLOSELY,UNABLE TO DETERMINE,0,0,1,1,17,5,11,784,MICHIGAN AVE,41.716606,-87.67649,11/26/2015 06:04:00 PM,2015
CR00004919,05/29/2022 03:24:00 PM,35,CLEAR,DAYLIGHT,PARKED MOTOR VEHICLE,NOT DIVIDED,NO CONTROLS,UNABLE TO DETERMINE,FOLLOWING TOO CLOSELY,0,0,0,0,15,1,5,2071,STONY ISLAND AVE,41.918033,-87.552341,05/29/2022 04:05:00 PM,2022
CR00004920,08/14/2024 07:10:00 AM,30,CLOUDY/OVERCAST,DAYLIGHT,REAR END,FOUR WAY,TRAFFIC SIGNAL,UNABLE TO DETERMINE,WEATHER,0,0,3,3,7,4,8,988,STONY ISLAND AVE,41.959289,-87.625415,08/14/2024 07:39:00 AM,2024
CR00004921,07/11/2016 07:42:00 AM,30,CLEAR,DAYLIGHT,SIDESWIPE SAME DIRECTION,DIVIDED - W/MEDIAN BARRIER,NO CONTROLS,DISTRACTION - FROM INSIDE VEHICLE,NOT APPLICABLE,0,0,0,0,7,2,7,393,CALIFORNIA AVE,41.812641,-87.675385,07/11/2016 09:36:00 AM,2016
CR00004922,06/15/2017 01:39:00 AM,45,CLOUDY/OVERCAST,DAYLIGHT,SIDESWIPE SAME DIRECTION,DIVIDED - W/MEDIAN BARRIER,STOP SIGN/FLASHER,UNABLE TO DETERMINE,FOLLOWING TOO CLOSELY,0,0,1,1,1,5,6,548,STONY ISLAND AVE,41.919252,-87.66956,06/15/2017 01:50:00 AM,2017
CR00004923,09/21/2021 02:14:00 PM,40,CLOUDY/OVERCAST,DARKNESS - LIGHTED ROAD,SIDESWIPE SAME DIRECTION,NOT DIVIDED,NO CONTROLS,WEATHER,DISTRACTION - FROM INSIDE VEHICLE,0,0,0,0,14,3,9,1002,FULLERTON AVE,41.880749,-87.720324,09/21/2021 02:32:00 PM,2021
CR00004924,06/30/2020 08:16:00 PM,45,CLEAR,DARKNESS - LIGHTED ROAD,SIDESWIPE SAME DIRECTION,DIVIDED - W/MEDIAN (NOT RAISED),TRAFFIC SIGNAL,IMPROPER OVERTAKING/PASSING,DRIVING SKILLS/KNOWLEDGE/EXPERIENCE,0,0,0,0,20,3,6,1606,CICERO AVE,41.710826,-87.840707,06/30/2020 09:57:00 PM,2020
CR00004925,02/02/2018 11:21:00 AM,30,CLEAR,DARKNESS - LIGHTED ROAD,PARKED MOTOR VEHICLE,DIVIDED - W/MEDIAN (NOT RAISED),NO CONTROLS,IMPROPER OVERTAKING/PASSING,UNABLE TO DETERMINE,0,0,0,0,11,6,2,1854,ELSTON AVE,41.920584,-87.740912,02/02/2018 11:56:00 AM,2018
CR00004926,02/09/2017 07:50:00 AM,30,CLEAR,DARKNESS,TURNING,DIVIDED - W/MEDIAN (NOT RAISED),UNKNOWN,IMPROPER OVERTAKING/PASSING,DISTRACTION - FROM INSIDE VEHICLE,0,0,0,0,7,5,2,996,LAKE SHORE DR,41.99246,-87.761193,02/09/2017 08:18:00 AM,2017
CR00004927,01/26/2021 11:05:00 AM,20,CLEAR,DAYLIGHT,REAR END,NOT DIVIDED,NO CONTROLS,FAILING TO YIELD RIGHT-OF-WAY,FOLLOWING TOO CLOSELY,0,0,0,0,11,3,1,1518,BROADWAY,41.878271,-87.507589,01/26/2021 11:15:00 AM,2021
CR00004928,10/16/2022 07:39:00 PM,30,CLEAR,DAYLIGHT,ANGLE,NOT DIVIDED,TRAFFIC SIGNAL,DISTRACTION - FROM INSIDE VEHICLE,DISTRACTION - FROM INSIDE VEHICLE,0,0,0,0,19,1,10,455,79TH ST,41.973118,-87.556258,10/16/2022 07:44:00 PM,2022
CR00004929,01/20/2021 08:58:00 AM,25,FREEZING RAIN/DRIZZLE,DARKNESS - LIGHTED ROAD,PARKED MOTOR VEHICLE,DIVIDED - W/MEDIAN (NOT RAISED),TRAFFIC SIGNAL,UNABLE TO DETERMINE,UNABLE TO DETERMINE,0,0,0,0,8,4,1,943,MILWAUKEE AVE,41.97089,-87.768694,01/20/2021 09:49:00 AM,2021
CR00004930,07/20/2023 04:19:00 PM,30,CLEAR,DAYLIGHT,SIDESWIPE SAME DIRECTION,DIVIDED - W/MEDIAN (NOT RAISED),NO CONTROLS,DISTRACTION - FROM INSIDE VEHICLE,UNABLE TO DETERMINE,0,0,0,0,16,5,7,196,63RD ST,41.932416,-87.602551,07/20/2023 04:51:00 PM,2023
CR00004931,02/14/2022 05:08:00 PM,40,CLEAR,DAYLIGHT,PARKED MOTOR VEHICLE,DIVIDED - W/MEDIAN (NOT RAISED),PEDESTRIAN CROSSING SIGN,UNABLE TO DETERMINE,NOT APPLICABLE,0,0,0,0,17,2,2,1725,ELSTON AVE,41.724907,-87.520074,02/14/2022 05:38:00 PM,2022
CR00004932,06/02/2019 05:55:00 PM,45,RAIN,DAYLIGHT,SIDESWIPE SAME DIRECTION,ONE-WAY,TRAFFIC SIGNAL,FAILING TO YIELD RIGHT-OF-WAY,NOT APPLICABLE,0,0,2,2,17,1,6,1035,DIVISION ST,41.769109,-87.587483,06/02/2019 05:58:00 PM,2019
CR00004933,05/27/2023 05:32:00 PM,30,RAIN,DAYLIGHT,REAR END,NOT DIVIDED,NO CONTROLS,DISTRACTION - FROM INSIDE VEHICLE,NOT APPLICABLE,0,0,1,1,17,7,5,2252,CLARK ST,41.87285,-87.631255,05/27/2023 07:10:00 PM,2023
CR00004934,07/11/2021 05:13:00 PM,30,CLEAR,DAYLIGHT,TURNING,NOT DIVIDED,NO CONTROLS,DISTRACTION - FROM INSIDE VEHICLE,DISREGARDING TRAFFIC SIGNALS,0,0,0,0,17,1,7,1691,DIVISION ST,41.757011,-87.845023,07/11/2021 06:26:00 PM,2021
CR00004935,04/02/2018 03:47:00 PM,20,CLEAR,DUSK,REAR TO FRONT,NOT DIVIDED,TRAFFIC SIGNAL,FOLLOWING TOO CLOSELY,WEATHER,0,0,0,0,15,2,4,907,KEDZIE AVE,41.961774,-87.618858,04/02/2018 03:55:00 PM,2018
CR00004936,12/04/2016 09:38:00 AM,20,CLEAR,DARKNESS - LIGHTED ROAD,ANGLE,DIVIDED - W/MEDIAN (NOT RAISED),TRAFFIC SIGNAL,FOLLOWING TOO CLOSELY,NOT APPLICABLE,0,0,0,0,9,1,12,554,CICERO AVE,41.817606,-87.556738,12/04/2016 10:56:00 AM,2016
CR00004937,10/20/2018 05:47:00 AM,30,CLEAR,DAYLIGHT,PARKED MOTOR VEHICLE,NOT DIVIDED,NO CONTROLS,DISTRACTION - FROM INSIDE VEHICLE,FAILING TO YIELD RIGHT-OF-WAY,0,0,0,0,5,7,10,1635,DIVISION ST,41.94867,-87.578673,10/20/2018 07:33:00 AM,2018
CR00004938,04/18/2020 04:09:00 PM,30,CLEAR,DAYLIGHT,REAR END,NOT DIVIDED,NO CONTROLS,FAILING TO YIELD RIGHT-OF-WAY,UNABLE TO DETERMINE,0,0,0,0,16,7,4,152,OGDEN AVE,41.705639,-87.665534,04/18/2020 04:10:00 PM,2020
CR00004939,08/26/2020 08:55:00 PM,45,CLEAR,DAYLIGHT,FIXED OBJECT,NOT DIVIDED,STOP SIGN/FLASHER,IMPROPER OVERTAKING/PASSING,FOLLOWING TOO CLOSELY,0,0,0,0,20,4,8,582,WESTERN AVE,41.957648,-87.618966,08/26/2020 10:52:00 PM,2020
CR00004940,02/04/2019 08:35:00 AM,25,RAIN,DARKNESS,REAR END,NOT DIVIDED,UNKNOWN,FOLLOWING TOO CLOSELY,UNABLE TO DETERMINE,0,0,0,0,8,2,2,2159,HALSTED ST,41.893607,-87.63984,02/04/2019 08:48:00 AM,2019
CR00004941,09/02/2017 07:26:00 PM,45,CLEAR,DAYLIGHT,REAR TO FRONT,ONE-WAY,STOP SIGN/FLASHER,DISTRACTION - FROM INSIDE VEHICLE,UNABLE TO DETERMINE,0,0,0,0,19,7,9,2277,STONY ISLAND AVE,41.709977,-87.820093,09/02/2017 08:51:00 PM,2017
CR00004942,10/08/2015 07:54:00 AM,20,CLEAR,DAYLIGHT,REAR END,T-INTERSECTION,STOP SIGN/FLASHER,IMPROPER OVERTAKING/PASSING,NOT APPLICABLE,0,0,0,0,7,5,10,2208,CLARK ST,41.892012,-87.836275,10/08/2015 08:41:00 AM,2015
CR00004943,04/26/2021 03:43:00 PM,15,RAIN,DAYLIGHT,FIXED OBJECT,DIVIDED - W/MEDIAN (NOT RAISED),STOP SIGN/FLASHER,FAILING TO YIELD RIGHT-OF-WAY,NOT APPLICABLE,0,0,0,0,15,2,4,1847,63RD ST,41.981468,-87.625974,04/26/2021 05:13:00 PM,2021
CR00004944,03/29/2024 09:06:00 AM,30,CLEAR,DAYLIGHT,REAR END,DIVIDED - W/MEDIAN (NOT RAISED),TRAFFIC SIGNAL,DISREGARDING TRAFFIC SIGNALS,NOT APPLICABLE,0,0,1,1,9,6,3,1076,STONY ISLAND AVE,41.760342,-87.64111,03/29/2024 10:56:00 AM,2024