CRASH_RECORD_ID,CRASH_DATE,POSTED_SPEED_LIMIT,WEATHER_CONDITION,LIGHTING_CONDITION,FIRST_CRASH_TYPE,TRAFFICWAY_TYPE,TRAFFIC_CONTROL_DEVICE,PRIM_CONTRIBUTORY_CAUSE,SEC_CONTRIBUTORY_CAUSE,INJURIES_FATAL,INJURIES_INCAPACITATING,INJURIES_NON_INCAPACITATING,INJURIES_TOTAL,CRASH_HOUR,CRASH_DAY_OF_WEEK,CRASH_MONTH,BEAT_OF_OCCURRENCE,STREET_NAME,LATITUDE,LONGITUDE,DATE_POLICE_NOTIFIED,year
CR00004945,04/20/2020 05:16:00 AM,25,CLEAR,DAYLIGHT,REAR END,T-INTERSECTION,TRAFFIC SIGNAL,FAILING TO YIELD RIGHT-OF-WAY,UNABLE TO DETERMINE,0,0,1,1,5,2,4,2482,63RD ST,41.703888,-87.519694,04/20/2020 07:00:00 AM,2020
CR00004946,01/24/2018 10:52:00 AM,35,CLEAR,DAYLIGHT,TURNING,NOT DIVIDED,TRAFFIC SIGNAL,FAILING TO REDUCE SPEED,DRIVING SKILLS/KNOWLEDGE/EXPERIENCE,0,1,1,2,10,4,1,2043,ROOSEVELT RD,41.924104,-87.543061,01/24/2018 11:20:00 AM,2018
CR00004947,10/15/2023 10:45:00 PM,35,CLEAR,DAYLIGHT,FIXED OBJECT,DIVIDED - W/MEDIAN (NOT RAISED),TRAFFIC SIGNAL,FAILING TO YIELD RIGHT-OF-WAY,DRIVING SKILLS/KNOWLEDGE/EXPERIENCE,0,0,0,0,22,1,10,1170,OGDEN AVE,41.920776,-87.525725,10/15/2023 11:11:00 PM,2023
CR00004948,09/14/2017 01:13:00 PM,30,CLEAR,DARKNESS - LIGHTED ROAD,ANGLE,ONE-WAY,NO CONTROLS,UNABLE TO DETERMINE,UNABLE TO DETERMINE,0,0,0,0,13,5,9,2430,MILWAUKEE AVE,41.833175,-87.838572,09/14/2017 02:59:00 PM,2017
CR00004949,03/27/2024 02:35:00 PM,30,SNOW,DAYLIGHT,ANGLE,DIVIDED - W/MEDIAN (NOT RAISED),NO CONTROLS,UNABLE TO DETERMINE,FOLLOWING TOO CLOSELY,0,0,0,0,14,4,3,680,63RD ST,41.751992,-87.614642,03/27/2024 04:35:00 PM,2024
CR00004950,06/21/2016 08:52:00 AM,20,CLEAR,DAYLIGHT,SIDESWIPE SAME DIRECTION,FOUR WAY,NO CONTROLS,UNABLE TO DETERMINE,UNABLE TO DETERMINE,0,0,0,0,8,3,6,122,ARCHER AVE,41.928462,-87.799542,06/21/2016 09:31:00 AM,2016
CR00004951,04/10/2019 10:24:00 PM,25,CLEAR,DAYLIGHT,ANGLE,NOT DIVIDED,NO CONTROLS,FOLLOWING TOO CLOSELY,UNABLE TO DETERMINE,0,0,1,1,22,4,4,610,WESTERN AVE,41.918398,-87.708657,04/10/2019 11:45:00 PM,2019
CR00004952,01/26/2021 10:15:00 AM,15,CLEAR,DARKNESS,REAR END,DIVIDED - W/MEDIAN (NOT RAISED),STOP SIGN/FLASHER,FAILING TO YIELD RIGHT-OF-WAY,FOLLOWING TOO CLOSELY,0,0,3,3,10,3,1,1696,DAMEN AVE,41.965037,-87.605673,01/26/2021 11:28:00 AM,2021
CR00004953,10/18/2020 12:49:00 AM,20,CLEAR,DAYLIGHT,FIXED OBJECT,DIVIDED - W/MEDIAN BARRIER,UNKNOWN,FAILING TO YIELD RIGHT-OF-WAY,UNABLE TO DETERMINE,0,2,2,4,0,1,10,703,STATE ST,41.787589,-87.654218,10/18/2020 01:04:00 AM,2020
CR00004954,07/06/2020 09:51:00 PM,45,CLEAR,DAYLIGHT,TURNING,NOT DIVIDED,TRAFFIC SIGNAL,IMPROPER LANE USAGE,UNABLE TO DETERMINE,0,0,0,0,21,2,7,1873,ARCHER AVE,41.976325,-87.505254,07/06/2020 10:33:00 PM,2020
CR00004955,09/15/2021 06:57:00 PM,35,CLEAR,DARKNESS,SIDESWIPE SAME DIRECTION,DIVIDED - W/MEDIAN (NOT RAISED),STOP SIGN/FLASHER,DISREGARDING TRAFFIC SIGNALS,FOLLOWING TOO CLOSELY,0,0,0,0,18,4,9,2331,STONY ISLAND AVE,41.712042,-87.657452,09/15/2021 07:18:00 PM,2021
CR00004956,09/22/2018 06:18:00 PM,15,CLEAR,DAYLIGHT,ANGLE,FOUR WAY,TRAFFIC SIGNAL,DRIVING SKILLS/KNOWLEDGE/EXPERIENCE,FOLLOWING TOO CLOSELY,0,1,2,3,18,7,9,1582,STONY ISLAND AVE,41.900406,-87.500924,09/22/2018 06:24:00 PM,2018
CR00004957,03/08/2023 07:43:00 PM,25,FOG/SMOKE/HAZE,DAYLIGHT,SIDESWIPE SAME DIRECTION,DIVIDED - W/MEDIAN (NOT RAISED),YIELD,FAILING TO YIELD RIGHT-OF-WAY,UNABLE TO DETERMINE,0,0,0,0,19,4,3,1382,STONY ISLAND AVE,41.77036,-87.804823,03/08/2023 08:17:00 PM,2023
CR00004958,09/30/2015 05:31:00 PM,35,CLEAR,DAYLIGHT,ANGLE,DIVIDED - W/MEDIAN (NOT RAISED),STOP SIGN/FLASHER,DRIVING SKILLS/KNOWLEDGE/EXPERIENCE,UNABLE TO DETERMINE,0,0,0,0,17,4,9,278,PULASKI RD,41.994161,-87.566565,09/30/2015 07:17:00 PM,2015
CR00004959,08/17/2016 07:47:00 PM,35,CLEAR,DARKNESS - LIGHTED ROAD,REAR END,DIVIDED - W/MEDIAN BARRIER,NO CONTROLS,DISTRACTION - FROM INSIDE VEHICLE,UNABLE TO DETERMINE,0,0,0,0,19,4,8,633,CICERO AVE,41.711552,-87.783195,08/17/2016 07:54:00 PM,2016
CR00004960,06/03/2024 12:56:00 PM,45,RAIN,DAYLIGHT,TURNING,DIVIDED - W/MEDIAN (NOT RAISED),NO CONTROLS,FAILING TO YIELD RIGHT-OF-WAY,NOT APPLICABLE,0,0,0,0,12,2,6,760,LAKE SHORE DR,41.773838,-87.659855,06/03/2024 01:04:00 PM,2024
CR00004961,05/17/2016 04:07:00 PM,30,CLEAR,DUSK,ANGLE,NOT DIVIDED,TRAFFIC SIGNAL,FAILING TO YIELD RIGHT-OF-WAY,IMPROPER OVERTAKING/PASSING,0,0,0,0,16,3,5,1662,STATE ST,41.759962,-87.641466,05/17/2016 04:54:00 PM,2016
CR00004962,12/01/2022 02:08:00 PM,35,CLEAR,DAYLIGHT,TURNING,DIVIDED - W/MEDIAN (NOT RAISED),NO CONTROLS,UNABLE TO DETERMINE,FAILING TO YIELD RIGHT-OF-WAY,0,0,0,0,14,5,12,1407,STATE ST,41.93864,-87.512849,12/01/2022 03:34:00 PM,2022
CR00004963,05/05/2020 11:12:00 PM,30,CLEAR,DAYLIGHT,REAR END,NOT DIVIDED,STOP SIGN/FLASHER,IMPROPER OVERTAKING/PASSING,IMPROPER OVERTAKING/PASSING,0,0,0,0,23,3,5,2265,LAKE SHORE DR,41.781772,-87.575311,05/05/2020 11:21:00 PM,2020
CR00004964,12/12/2023 03:49:00 AM,30,CLEAR,DAYLIGHT,PARKED MOTOR VEHICLE,FOUR WAY,NO CONTROLS,FOLLOWING TOO CLOSELY,DISTRACTION - FROM INSIDE VEHICLE,0,0,0,0,3,3,12,2044,BROADWAY,41.870247,-87.730615,12/12/2023 05:46:00 AM,2023
CR00004965,09/10/2017 06:13:00 PM,30,CLEAR,DARKNESS - LIGHTED ROAD,REAR END,FOUR WAY,NO CONTROLS,FAILING TO YIELD RIGHT-OF-WAY,UNABLE TO DETERMINE,0,0,0,0,18,1,9,1708,HALSTED ST,41.896475,-87.784834,09/10/2017 08:07:00 PM,2017
CR00004966,01/24/2015 08:31:00 AM,35,CLEAR,DAYLIGHT,TURNING,ONE-WAY,NO CONTROLS,FOLLOWING TOO CLOSELY,UNABLE TO DETERMINE,0,0,1,1,8,7,1,1879,DIVISION ST,41.888988,-87.838779,01/24/2015 09:03:00 AM,2015
CR00004967,03/17/2022 02:27:00 PM,35,SNOW,DAYLIGHT,REAR END,NOT DIVIDED,TRAFFIC SIGNAL,FOLLOWING TOO CLOSELY,IMPROPER LANE USAGE,0,0,0,0,14,5,3,1068,ROOSEVELT RD,41.914393,-87.845061,03/17/2022 04:22:00 PM,2022
CR00004968,09/23/2015 04:37:00 PM,45,CLOUDY/OVERCAST,DARKNESS - LIGHTED ROAD,REAR END,FOUR WAY,STOP SIGN/FLASHER,FAILING TO YIELD RIGHT-OF-WAY,UNABLE TO DETERMINE,0,0,0,0,16,4,9,1590,DIVISION ST,41.994126,-87.507298,09/23/2015 05:12:00 PM,2015
CR00004969,06/28/2015 08:50:00 AM,35,SNOW,DAYLIGHT,REAR END,DIVIDED - W/MEDIAN (NOT RAISED),TRAFFIC SIGNAL,FOLLOWING TOO CLOSELY,IMPROPER OVERTAKING/PASSING,0,0,0,0,8,1,6,1347,IRVING PARK RD,41.882852,-87.653516,06/28/2015 09:10:00 AM,2015
CR00004970,03/15/2016 05:58:00 PM,15,CLEAR,DARKNESS - LIGHTED ROAD,PARKED MOTOR VEHICLE,NOT DIVIDED,TRAFFIC SIGNAL,FAILING TO YIELD RIGHT-OF-WAY,UNABLE TO DETERMINE,0,0,0,0,17,3,3,1050,DAMEN AVE,41.80344,-87.62835,03/15/2016 07:47:00 PM,2016
CR00004971,08/12/2017 09:00:00 AM,20,CLEAR,DARKNESS - LIGHTED ROAD,REAR END,NOT DIVIDED,NO CONTROLS,UNABLE TO DETERMINE,FOLLOWING TOO CLOSELY,0,0,0,0,9,7,8,1647,KEDZIE AVE,41.726424,-87.585445,08/12/2017 10:53:00 AM,2017
CR00004972,04/08/2018 11:50:00 AM,30,CLEAR,DAYLIGHT,ANGLE,NOT DIVIDED,TRAFFIC SIGNAL,FOLLOWING TOO CLOSELY,IMPROPER LANE USAGE,0,0,1,1,11,1,4,1219,DAMEN AVE,41.753373,-87.5841,04/08/2018 12:23:00 PM,2018
CR00004973,01/28/2016 08:21:00 PM,30,CLEAR,DAYLIGHT,SIDESWIPE SAME DIRECTION,FOUR WAY,YIELD,UNABLE TO DETERMINE,DISTRACTION - FROM INSIDE VEHICLE,0,0,1,1,20,5,1,2093,47TH ST,41.798356,-87.523228,01/28/2016 08:35:00 PM,2016
CR00004974,04/10/2024 04:16:00 PM,15,CLEAR,DAYLIGHT,FIXED OBJECT,DIVIDED - W/MEDIAN BARRIER,TRAFFIC SIGNAL,UNABLE TO DETERMINE,UNABLE TO DETERMINE,0,0,0,0,16,4,4,1508,CALIFORNIA AVE,41.831661,-87.607027,04/10/2024 05:35:00 PM,2024
CR00004975,08/06/2024 03:25:00 AM,25,CLEAR,DARKNESS - LIGHTED ROAD,PARKED MOTOR VEHICLE,DIVIDED - W/MEDIAN BARRIER,TRAFFIC SIGNAL,UNABLE TO DETERMINE,FOLLOWING TOO CLOSELY,0,0,0,0,3,3,8,2049,PULASKI RD,41.908823,-87.664157,08/06/2024 03:47:00 AM,2024
CR00004976,08/06/2019 03:22:00 PM,15,FREEZING RAIN/DRIZZLE,DARKNESS,FIXED OBJECT,NOT DIVIDED,NO CONTROLS,UNABLE TO DETERMINE,FAILING TO REDUCE SPEED,0,0,0,0,15,3,8,2431,ROOSEVELT RD,41.94475,-87.838478,08/06/2019 05:03:00 PM,2019
CR00004977,01/21/2020 05:28:00 PM,35,SNOW,DAYLIGHT,REAR END,DIVIDED - W/MEDIAN (NOT RAISED),TRAFFIC SIGNAL,FAILING TO YIELD RIGHT-OF-WAY,UNABLE TO DETERMINE,0,0,2,2,17,3,1,680,CLARK ST,41.7021,-87.741402,01/21/2020 06:40:00 PM,2020
CR00004978,11/23/2019 01:08:00 PM,30,CLEAR,DAYLIGHT,REAR END,ONE-WAY,UNKNOWN,DISTRACTION - FROM INSIDE VEHICLE,UNABLE TO DETERMINE,0,0,0,0,13,7,11,816,BROADWAY,41.999277,-87.728613,11/23/2019 01:27:00 PM,2019
CR00004979,03/23/2016 08:51:00 PM,30,CLEAR,DARKNESS - LIGHTED ROAD,ANGLE,ONE-WAY,TRAFFIC SIGNAL,UNABLE TO DETERMINE,UNABLE TO DETERMINE,0,0,3,3,20,4,3,1829,OGDEN AVE,41.976364,-87.617999,03/23/2016 09:55:00 PM,2016
CR00004980,10/29/2015 05:17:00 PM,40,CLEAR,DAYLIGHT,REAR TO FRONT,FOUR WAY,STOP SIGN/FLASHER,UNABLE TO DETERMINE,NOT APPLICABLE,0,0,1,1,17,5,10,1943,HALSTED ST,41.920144,-87.768814,10/29/2015 06:01:00 PM,2015
CR00004981,11/05/2021 05:28:00 AM,45,CLEAR,DAYLIGHT,ANGLE,ONE-WAY,UNKNOWN,DRIVING SKILLS/KNOWLEDGE/EXPERIENCE,FOLLOWING TOO CLOSELY,0,0,0,0,5,6,11,376,FULLERTON AVE,41.737315,-87.80312,11/05/2021 05:52:00 AM,2021
CR00004982,03/13/2017 01:40:00 PM,30,CLEAR,DAWN,SIDESWIPE SAME DIRECTION,DIVIDED - W/MEDIAN BARRIER,NO CONTROLS,IMPROPER LANE USAGE,FOLLOWING TOO CLOSELY,0,0,0,0,13,2,3,1836,WESTERN AVE,41.977976,-87.718726,03/13/2017 03:30:00 PM,2017
CR00004983,03/24/2020 03:04:00 PM,25,CLEAR,DARKNESS - LIGHTED ROAD,FIXED OBJECT,NOT DIVIDED,TRAFFIC SIGNAL,FOLLOWING TOO CLOSELY,UNABLE TO DETERMINE,0,0,0,0,15,3,3,648,STONY ISLAND AVE,41.748032,-87.731839,03/24/2020 04:59:00 PM,2020
CR00004984,11/25/2021 08:07:00 AM,35,RAIN,DARKNESS,TURNING,FOUR WAY,UNKNOWN,UNABLE TO DETERMINE,FOLLOWING TOO CLOSELY,0,0,1,1,8,5,11,2440,IRVING PARK RD,41.723794,-87.544647,11/25/2021 08:47:00 AM,2021
CR00004985,12/24/2020 06:32:00 PM,30,RAIN,DAYLIGHT,SIDESWIPE SAME DIRECTION,NOT DIVIDED,YIELD,FAILING TO REDUCE SPEED,UNABLE TO DETERMINE,0,0,1,1,18,5,12,2206,STATE ST,41.813628,-87.837529,12/24/2020 08:18:00 PM,2020
CR00004986,11/21/2018 11:41:00 PM,45,CLEAR,DARKNESS - LIGHTED ROAD,TURNING,DIVIDED - W/MEDIAN BARRIER,TRAFFIC SIGNAL,DRIVING SKILLS/KNOWLEDGE/EXPERIENCE,FOLLOWING TOO CLOSELY,0,0,0,0,23,4,11,926,CICERO AVE,41.739026,-87.640906,11/22/2018 01:19:00 AM,2018
CR00004987,01/14/2015 02:18:00 PM,35,CLEAR,DAYLIGHT,REAR END,DIVIDED - W/MEDIAN (NOT RAISED),NO CONTROLS,UNABLE TO DETERMINE,NOT APPLICABLE,0,0,0,0,14,4,1,125,FULLERTON AVE,41.724052,-87.512975,01/14/2015 03:26:00 PM,2015
CR00004988,11/14/2016 03:53:00 AM,35,RAIN,DARKNESS - LIGHTED ROAD,REAR TO FRONT,FOUR WAY,TRAFFIC SIGNAL,UNABLE TO DETERMINE,UNABLE TO DETERMINE,0,0,0,0,3,2,11,2437,HALSTED ST,41.859946,-87.542739,11/14/2016 04:01:00 AM,2016
CR00004989,02/16/2024 09:03:00 AM,15,CLEAR,DAWN,TURNING,ONE-WAY,NO CONTROLS,IMPROPER OVERTAKING/PASSING,FOLLOWING TOO CLOSELY,0,0,0,0,9,6,2,803,OGDEN AVE,41.813221,-87.555035,02/16/2024 11:03:00 AM,2024
CR00004990,03/04/2016 10:36:00 PM,15,CLEAR,DARKNESS - LIGHTED ROAD,REAR END,NOT DIVIDED,TRAFFIC SIGNAL,DRIVING SKILLS/KNOWLEDGE/EXPERIENCE,DISTRACTION - FROM INSIDE VEHICLE,0,0,0,0,22,6,3,175,DAMEN AVE,41.810038,-87.62402,03/05/2016 12:09:00 AM,2016
CR00004991,09/14/2019 11:41:00 AM,30,CLEAR,DAYLIGHT,REAR END,NOT DIVIDED,TRAFFIC SIGNAL,FAILING TO REDUCE SPEED,NOT APPLICABLE,0,0,0,0,11,7,9,2119,CICERO AVE,41.800269,-87.723416,09/14/2019 12:29:00 PM,2019
CR00004992,08/15/2019 04:29:00 AM,45,RAIN,DAYLIGHT,SIDESWIPE SAME DIRECTION,NOT DIVIDED,STOP SIGN/FLASHER,UNABLE TO DETERMINE,FAILING TO REDUCE SPEED,0,0,0,0,4,5,8,1852,ASHLAND AVE,41.837206,-87.738871,08/15/2019 05:56:00 AM,2019
CR00004993,05/18/2024 04:34:00 AM,25,SNOW,DAYLIGHT,ANGLE,DIVIDED - W/MEDIAN (NOT RAISED),STOP SIGN/FLASHER,UNABLE TO DETERMINE,IMPROPER LANE USAGE,0,0,0,0,4,7,5,1089,PULASKI RD,41.855154,-87.540697,05/18/2024 06:14:00 AM,2024
CR00004994,04/13/2015 10:43:00 AM,35,CLEAR,DARKNESS - LIGHTED ROAD,REAR END,DIVIDED - W/MEDIAN (NOT RAISED),TRAFFIC SIGNAL,WEATHER,UNABLE TO DETERMINE,0,2,1,3,10,2,4,577,ELSTON AVE,41.823809,-87.546021,04/13/2015 12:03:00 PM,2015
CR00004995,03/05/2019 02:02:00 PM,25,CLEAR,DARKNESS - LIGHTED ROAD,SIDESWIPE SAME DIRECTION,DIVIDED - W/MEDIAN (NOT RAISED),STOP SIGN/FLASHER,FAILING TO REDUCE SPEED,FAILING TO YIELD RIGHT-OF-WAY,0,0,0,0,14,3,3,1745,MILWAUKEE AVE,41.728062,-87.842882,03/05/2019 03:16:00 PM,2019
CR00004996,01/10/2019 06:57:00 PM,30,CLEAR,DARKNESS - LIGHTED ROAD,SIDESWIPE SAME DIRECTION,ONE-WAY,TRAFFIC SIGNAL,FOLLOWING TOO CLOSELY,UNABLE TO DETERMINE,0,0,1,1,18,5,1,2000,BROADWAY,41.84476,-87.65155,01/10/2019 07:22:00 PM,2019
CR00004997,07/26/2020 06:58:00 PM,25,CLEAR,DARKNESS - LIGHTED ROAD,PEDESTRIAN,NOT DIVIDED,TRAFFIC SIGNAL,UNABLE TO DETERMINE,FAILING TO YIELD RIGHT-OF-WAY,0,0,1,1,18,1,7,997,ASHLAND AVE,41.894602,-87.797978,07/26/2020 08:01:00 PM,2020
CR00004998,10/02/2016 08:07:00 PM,45,RAIN,DARKNESS - LIGHTED ROAD,REAR END,NOT DIVIDED,STOP SIGN/FLASHER,IMPROPER LANE USAGE,DRIVING SKILLS/KNOWLEDGE/EXPERIENCE,0,0,0,0,20,1,10,844,ROOSEVELT RD,41.722287,-87.524752,10/02/2016 08:11:00 PM,2016
CR00004999,02/19/2024 09:33:00 AM,40,CLEAR,DAYLIGHT,TURNING,DIVIDED - W/MEDIAN BARRIER,NO CONTROLS,UNABLE TO DETERMINE,NOT APPLICABLE,0,0,1,1,9,2,2,2516,CICERO AVE,41.70003,-87.541041,02/19/2024 11:30:00 AM,2024
CR00005000,11/11/2016 03:59:00 AM,30,CLEAR,DARKNESS - LIGHTED ROAD,PARKED MOTOR VEHICLE,DIVIDED - W/MEDIAN (NOT RAISED),STOP SIGN/FLASHER,FAILING TO YIELD RIGHT-OF-WAY,UNABLE TO DETERMINE,0,0,0,0,3,6,11,2236,63RD ST,41.915383,-87.555516,11/11/2016 05:14:00 AM,2016
CR00005001,05/24/2018 11:15:00 AM,20,RAIN,DAYLIGHT,TURNING,NOT DIVIDED,NO CONTROLS,DISREGARDING TRAFFIC SIGNALS,FAILING TO REDUCE SPEED,0,0,0,0,11,5,5,293,WESTERN AVE,41.78268,-87.713165,05/24/2018 01:14:00 PM,2018
CR00005002,02/19/2017 02:14:00 PM,30,CLEAR,DUSK,REAR END,ONE-WAY,NO CONTROLS,FOLLOWING TOO CLOSELY,UNABLE TO DETERMINE,0,0,0,0,14,1,2,2304,47TH ST,41.839666,-87.545465,02/19/2017 04:02:00 PM,2017
CR00005003,02/20/2015 07:50:00 PM,35,CLEAR,DAYLIGHT,TURNING,NOT DIVIDED,NO CONTROLS,FAILING TO REDUCE SPEED,NOT APPLICABLE,0,0,0,0,19,6,2,1340,BROADWAY,41.963482,-87.660704,02/20/2015 08:18:00 PM,2015
CR00005004,12/18/2017 08:53:00 PM,20,CLEAR,DAYLIGHT,REAR END,DIVIDED - W/MEDIAN (NOT RAISED),TRAFFIC SIGNAL,DRIVING SKILLS/KNOWLEDGE/EXPERIENCE,IMPROPER LANE USAGE,0,0,0,0,20,2,12,1916,CLARK ST,41.809318,-87.727311,12/18/2017 09:22:00 PM,2017
CR00005005,07/06/2024 08:30:00 AM,20,CLEAR,DAYLIGHT,TURNING,NOT DIVIDED,STOP SIGN/FLASHER,UNABLE TO DETERMINE,FAILING TO REDUCE SPEED,0,0,0,0,8,7,7,1760,ARCHER AVE,41.98046,-87.754303,07/06/2024 09:47:00 AM,2024
CR00005006,04/10/2017 08:38:00 PM,30,RAIN,DARKNESS - LIGHTED ROAD,TURNING,DIVIDED - W/MEDIAN (NOT RAISED),TRAFFIC SIGNAL,FOLLOWING TOO CLOSELY,NOT APPLICABLE,0,1,0,1,20,2,4,2466,STONY ISLAND AVE,41.719713,-87.527972,04/10/2017 10:31:00 PM,2017
CR00005007,12/27/2019 09:10:00 PM,40,CLEAR,DUSK,REAR END,NOT DIVIDED,NO CONTROLS,UNABLE TO DETERMINE,UNABLE TO DETERMINE,0,0,0,0,21,6,12,232,OGDEN AVE,41.799291,-87.57811,12/27/2019 11:02:00 PM,2019
CR00005008,03/28/2023 04:57:00 PM,30,CLEAR,DAYLIGHT,REAR END,NOT DIVIDED,STOP SIGN/FLASHER,FOLLOWING TOO CLOSELY,IMPROPER LANE USAGE,0,2,1,3,16,3,3,1322,ASHLAND AVE,41.758369,-87.695995,03/28/2023 06:33:00 PM,2023
CR00005009,06/18/2018 06:08:00 PM,30,CLEAR,DAYLIGHT,TURNING,ONE-WAY,UNKNOWN,FOLLOWING TOO CLOSELY,DISTRACTION - FROM INSIDE VEHICLE,0,0,0,0,18,2,6,499,FULLERTON AVE,41.87681,-87.828396,06/18/2018 07:21:00 PM,2018
CR00005010,12/17/2016 03:12:00 PM,15,RAIN,DARKNESS,TURNING,DIVIDED - W/MEDIAN BARRIER,UNKNOWN,IMPROPER OVERTAKING/PASSING,UNABLE TO DETERMINE,0,0,0,0,15,7,12,825,CLARK ST,41.869877,-87.563632,12/17/2016 03:27:00 PM,2016
CR00005011,12/26/2021 04:04:00 AM,30,CLOUDY/OVERCAST,DAYLIGHT,PARKED MOTOR VEHICLE,ONE-WAY,PEDESTRIAN CROSSING SIGN,IMPROPER OVERTAKING/PASSING,IMPROPER OVERTAKING/PASSING,0,0,0,0,4,1,12,1796,HALSTED ST,41.873326,-87.636842,12/26/2021 05:46:00 AM,2021
CR00005012,10/26/2021 03:17:00 PM,15,CLOUDY/OVERCAST,DAYLIGHT,REAR END,NOT DIVIDED,PEDESTRIAN CROSSING SIGN,DISREGARDING TRAFFIC SIGNALS,NOT APPLICABLE,0,0,0,0,15,3,10,2089,ELSTON AVE,41.81678,-87.637621,10/26/2021 05:14:00 PM,2021
CR00005013,12/20/2016 04:41:00 AM,15,CLOUDY/OVERCAST,DAYLIGHT,TURNING,DIVIDED - W/MEDIAN BARRIER,TRAFFIC SIGNAL,DISTRACTION - FROM INSIDE VEHICLE,FOLLOWING TOO CLOSELY,0,0,0,0,4,3,12,1711,CLARK ST,41.903869,-87.80229,12/20/2016 05:59:00 AM,2016
CR00005014,12/28/2016 04:31:00 PM,35,CLEAR,DAYLIGHT,REAR END,NOT DIVIDED,NO CONTROLS,FAILING TO YIELD RIGHT-OF-WAY,FOLLOWING TOO CLOSELY,0,0,2,2,16,4,12,838,MILWAUKEE AVE,41.757232,-87.506818,12/28/2016 05:37:00 PM,2016
CR00005015,04/19/2021 12:30:00 PM,30,CLEAR,DAYLIGHT,REAR END,NOT DIVIDED,TRAFFIC SIGNAL,UNABLE TO DETERMINE,NOT APPLICABLE,0,0,0,0,12,2,4,1630,BROADWAY,41.82233,-87.516425,04/19/2021 01:08:00 PM,2021
CR00005016,11/15/2015 08:26:00 AM,25,RAIN,DARKNESS,REAR END,DIVIDED - W/MEDIAN BARRIER,NO CONTROLS,FAILING TO YIELD RIGHT-OF-WAY,UNABLE TO DETERMINE,0,0,0,0,8,1,11,2219,CLARK ST,41.765787,-87.767551,11/15/2015 09:51:00 AM,2015
CR00005017,05/01/2019 06:59:00 PM,30,FREEZING RAIN/DRIZZLE,DARKNESS - LIGHTED ROAD,REAR END,T-INTERSECTION,UNKNOWN,UNABLE TO DETERMINE,DRIVING SKILLS/KNOWLEDGE/EXPERIENCE,0,0,0,0,18,4,5,2056,DIVISION ST,41.992449,-87.838259,05/01/2019 07:17:00 PM,2019
CR00005018,12/20/2021 05:30:00 PM,15,CLEAR,DAYLIGHT,ANGLE,NOT DIVIDED,TRAFFIC SIGNAL,FAILING TO REDUCE SPEED,UNABLE TO DETERMINE,0,0,0,0,17,2,12,2107,CALIFORNIA AVE,41.979712,-87.524992,12/20/2021 07:28:00 PM,2021
CR00005019,10/23/2022 06:04:00 AM,15,CLEAR,DARKNESS - LIGHTED ROAD,PEDESTRIAN,NOT DIVIDED,YIELD,FAILING TO YIELD RIGHT-OF-WAY,UNABLE TO DETERMINE,0,0,0,0,6,1,10,1078,STONY ISLAND AVE,41.972368,-87.677309,10/23/2022 07:34:00 AM,2022
CR00005020,05/26/2015 10:03:00 AM,40,CLEAR,DARKNESS - LIGHTED ROAD,PEDESTRIAN,DIVIDED - W/MEDIAN BARRIER,STOP SIGN/FLASHER,IMPROPER OVERTAKING/PASSING,IMPROPER LANE USAGE,0,0,1,1,10,3,5,425,ASHLAND AVE,41.951887,-87.782113,05/26/2015 10:26:00 AM,2015
CR00005021,11/08/2023 05:13:00 AM,45,CLOUDY/OVERCAST,DAYLIGHT,TURNING,NOT DIVIDED,STOP SIGN/FLASHER,IMPROPER OVERTAKING/PASSING,IMPROPER LANE USAGE,0,0,0,0,5,4,11,1867,DIVISION ST,41.768702,-87.702833,11/08/2023 05:25:00 AM,2023
CR00005022,12/01/2019 03:04:00 PM,30,CLEAR,DAYLIGHT,ANGLE,NOT DIVIDED,TRAFFIC SIGNAL,DISTRACTION - FROM INSIDE VEHICLE,FAILING TO REDUCE SPEED,0,0,0,0,15,1,12,1589,FULLERTON AVE,41.820351,-87.678616,12/01/2019 04:41:00 PM,2019
CR00005023,07/12/2020 02:03:00 AM,20,CLEAR,DAYLIGHT,REAR END,DIVIDED - W/MEDIAN BARRIER,UNKNOWN,UNABLE TO DETERMINE,UNABLE TO DETERMINE,0,0,0,0,2,1,7,1551,ASHLAND AVE,41.979564,-87.503665,07/12/2020 04:00:00 AM,2020
CR00005024,09/02/2023 05:51:00 PM,35,FOG/SMOKE/HAZE,DAYLIGHT,TURNING,NOT DIVIDED,NO CONTROLS,FAILING TO YIELD RIGHT-OF-WAY,IMPROPER OVERTAKING/PASSING,0,0,0,0,17,7,9,932,STATE ST,41.895244,-87.843336,09/02/2023 07:39:00 PM,2023
CR00005025,05/13/2021 05:09:00 PM,35,CLOUDY/OVERCAST,DAYLIGHT,TURNING,ONE-WAY,NO CONTROLS,UNABLE TO DETERMINE,FOLLOWING TOO CLOSELY,0,0,0,0,17,5,5,1329,ELSTON AVE,41.777673,-87.699035,05/13/2021 06:16:00 PM,2021
CR00005026,11/28/2018 05:07:00 PM,40,CLEAR,DAYLIGHT,ANGLE,NOT DIVIDED,NO CONTROLS,FOLLOWING TOO CLOSELY,FOLLOWING TOO CLOSELY,0,0,0,0,17,4,11,2157,CALIFORNIA AVE,41.822322,-87.805672,11/28/2018 05:56:00 PM,2018
CR00005027,06/05/2020 06:58:00 AM,25,FOG/SMOKE/HAZE,DARKNESS - LIGHTED ROAD,ANGLE,NOT DIVIDED,UNKNOWN,UNABLE TO DETERMINE,FAILING TO REDUCE SPEED,0,0,0,0,6,6,6,1564,DIVISION ST,41.810103,-87.623166,06/05/2020 08:16:00 AM,2020