CRASH_RECORD_ID,CRASH_DATE,POSTED_SPEED_LIMIT,WEATHER_CONDITION,LIGHTING_CONDITION,FIRST_CRASH_TYPE,TRAFFICWAY_TYPE,TRAFFIC_CONTROL_DEVICE,PRIM_CONTRIBUTORY_CAUSE,SEC_CONTRIBUTORY_CAUSE,INJURIES_FATAL,INJURIES_INCAPACITATING,INJURIES_NON_INCAPACITATING,INJURIES_TOTAL,CRASH_HOUR,CRASH_DAY_OF_WEEK,CRASH_MONTH,BEAT_OF_OCCURRENCE,STREET_NAME,LATITUDE,LONGITUDE,DATE_POLICE_NOTIFIED,year
CR00005028,09/03/2020 08:13:00 AM,35,CLOUDY/OVERCAST,DARKNESS,PARKED MOTOR VEHICLE,NOT DIVIDED,TRAFFIC SIGNAL,DRIVING SKILLS/KNOWLEDGE/EXPERIENCE,FAILING TO YIELD RIGHT-OF-WAY,0,0,0,0,8,5,9,1189,STONY ISLAND AVE,41.869014,-87.653027,09/03/2020 09:29:00 AM,2020
CR00005029,04/26/2016 11:04:00 AM,20,CLEAR,DARKNESS - LIGHTED ROAD,PEDESTRIAN,NOT DIVIDED,UNKNOWN,UNABLE TO DETERMINE,DRIVING SKILLS/KNOWLEDGE/EXPERIENCE,0,0,0,0,11,3,4,718,LAKE SHORE DR,41.918566,-87.602525,04/26/2016 11:55:00 AM,2016
CR00005030,06/18/2020 11:24:00 AM,40,CLOUDY/OVERCAST,DAYLIGHT,ANGLE,DIVIDED - W/MEDIAN (NOT RAISED),UNKNOWN,DISTRACTION - FROM INSIDE VEHICLE,DISTRACTION - FROM INSIDE VEHICLE,0,0,0,0,11,5,6,2013,MICHIGAN AVE,41.80542,-87.637584,06/18/2020 01:07:00 PM,2020
CR00005031,12/27/2023 07:26:00 AM,35,SNOW,DAYLIGHT,REAR TO FRONT,DIVIDED - W/MEDIAN (NOT RAISED),TRAFFIC SIGNAL,UNABLE TO DETERMINE,UNABLE TO DETERMINE,0,0,0,0,7,4,12,456,STATE ST,41.944416,-87.501617,12/27/2023 07:47:00 AM,2023
CR00005032,06/28/2016 10:12:00 PM,30,CLEAR,DAYLIGHT,REAR END,DIVIDED - W/MEDIAN (NOT RAISED),NO CONTROLS,FAILING TO REDUCE SPEED,DISREGARDING TRAFFIC SIGNALS,0,0,0,0,22,3,6,1763,HALSTED ST,41.741037,-87.613712,06/28/2016 11:39:00 PM,2016
CR00005033,08/10/2023 07:31:00 PM,30,CLEAR,DAYLIGHT,REAR END,FOUR WAY,TRAFFIC SIGNAL,FAILING TO YIELD RIGHT-OF-WAY,FOLLOWING TOO CLOSELY,0,0,0,0,19,5,8,582,MICHIGAN AVE,41.777824,-87.665019,08/10/2023 09:22:00 PM,2023
CR00005034,11/23/2015 06:01:00 PM,25,RAIN,DARKNESS,ANGLE,NOT DIVIDED,STOP SIGN/FLASHER,FOLLOWING TOO CLOSELY,FOLLOWING TOO CLOSELY,0,0,0,0,18,2,11,581,KEDZIE AVE,41.818007,-87.577533,11/23/2015 07:34:00 PM,2015
CR00005035,02/27/2023 12:55:00 PM,30,CLEAR,DAYLIGHT,TURNING,ONE-WAY,NO CONTROLS,UNABLE TO DETERMINE,NOT APPLICABLE,0,0,0,0,12,2,2,1857,79TH ST,41.880298,-87.831763,02/27/2023 02:20:00 PM,2023
CR00005036,10/19/2018 04:53:00 PM,35,CLEAR,DARKNESS,REAR END,DIVIDED - W/MEDIAN (NOT RAISED),NO CONTROLS,UNABLE TO DETERMINE,IMPROPER OVERTAKING/PASSING,0,0,0,0,16,6,10,1420,WESTERN AVE,41.905982,-87.513594,10/19/2018 06:16:00 PM,2018
CR00005037,10/05/2018 07:53:00 PM,35,CLEAR,DAYLIGHT,ANGLE,ONE-WAY,NO CONTROLS,FAILING TO YIELD RIGHT-OF-WAY,FAILING TO REDUCE SPEED,0,0,0,0,19,6,10,846,CLARK ST,41.762867,-87.515835,10/05/2018 09:26:00 PM,2018
CR00005038,08/13/2024 03:24:00 AM,30,CLEAR,DARKNESS - LIGHTED ROAD,FIXED OBJECT,NOT DIVIDED,NO CONTROLS,UNABLE TO DETERMINE,DISREGARDING TRAFFIC SIGNALS,0,0,1,1,3,3,8,174,LAKE SHORE DR,41.878507,-87.505468,08/13/2024 04:56:00 AM,2024
CR00005039,02/27/2022 08:04:00 PM,15,CLEAR,DAYLIGHT,SIDESWIPE SAME DIRECTION,NOT DIVIDED,TRAFFIC SIGNAL,DRIVING SKILLS/KNOWLEDGE/EXPERIENCE,FAILING TO YIELD RIGHT-OF-WAY,0,0,0,0,20,1,2,2128,DIVISION ST,41.798487,-87.742988,02/27/2022 09:39:00 PM,2022
CR00005040,07/27/2018 06:08:00 PM,30,CLEAR,DAYLIGHT,REAR TO FRONT,FOUR WAY,STOP SIGN/FLASHER,FAILING TO YIELD RIGHT-OF-WAY,NOT APPLICABLE,0,0,0,0,18,6,7,169,CALIFORNIA AVE,41.706779,-87.662101,07/27/2018 07:38:00 PM,2018
CR00005041,09/21/2018 03:26:00 PM,45,CLEAR,DAYLIGHT,SIDESWIPE SAME DIRECTION,ONE-WAY,NO CONTROLS,IMPROPER LANE USAGE,FAILING TO YIELD RIGHT-OF-WAY,0,0,0,0,15,6,9,1372,STONY ISLAND AVE,41.8734,-87.63087,09/21/2018 05:17:00 PM,2018
CR00005042,07/05/2024 10:45:00 AM,45,CLEAR,DARKNESS,TURNING,NOT DIVIDED,NO CONTROLS,DISTRACTION - FROM INSIDE VEHICLE,UNABLE TO DETERMINE,0,0,2,2,10,6,7,665,HALSTED ST,41.809753,-87.589456,07/05/2024 10:56:00 AM,2024
CR00005043,10/16/2019 06:21:00 PM,30,CLEAR,DARKNESS,PEDESTRIAN,T-INTERSECTION,NO CONTROLS,IMPROPER OVERTAKING/PASSING,NOT APPLICABLE,0,0,3,3,18,4,10,2324,63RD ST,41.747056,-87.718599,10/16/2019 07:00:00 PM,2019
CR00005044,09/24/2015 10:33:00 AM,30,CLOUDY/OVERCAST,DARKNESS - LIGHTED ROAD,ANGLE,DIVIDED - W/MEDIAN (NOT RAISED),NO CONTROLS,FOLLOWING TOO CLOSELY,FAILING TO YIELD RIGHT-OF-WAY,0,0,0,0,10,5,9,722,63RD ST,41.712744,-87.63638,09/24/2015 11:23:00 AM,2015
CR00005045,03/31/2024 07:44:00 AM,40,CLEAR,DUSK,TURNING,ONE-WAY,NO CONTROLS,UNABLE TO DETERMINE,UNABLE TO DETERMINE,0,0,0,0,7,1,3,811,47TH ST,41.874785,-87.563628,03/31/2024 08:33:00 AM,2024
CR00005046,09/12/2020 03:27:00 PM,35,CLEAR,DARKNESS - LIGHTED ROAD,TURNING,ONE-WAY,NO CONTROLS,DISTRACTION - FROM INSIDE VEHICLE,UNABLE TO DETERMINE,0,0,0,0,15,7,9,1031,DIVISION ST,41.903488,-87.756542,09/12/2020 05:26:00 PM,2020
CR00005047,08/01/2015 09:02:00 AM,40,FOG/SMOKE/HAZE,DARKNESS,SIDESWIPE SAME DIRECTION,DIVIDED - W/MEDIAN (NOT RAISED),UNKNOWN,FAILING TO REDUCE SPEED,FOLLOWING TOO CLOSELY,0,0,0,0,9,7,8,2072,ASHLAND AVE,41.852252,-87.707261,08/01/2015 10:34:00 AM,2015
CR00005048,02/27/2018 08:29:00 AM,25,CLOUDY/OVERCAST,DAYLIGHT,REAR END,DIVIDED - W/MEDIAN (NOT RAISED),STOP SIGN/FLASHER,IMPROPER LANE USAGE,NOT APPLICABLE,0,0,0,0,8,3,2,1472,MICHIGAN AVE,41.765369,-87.820652,02/27/2018 08:40:00 AM,2018
CR00005049,10/04/2018 08:40:00 AM,35,CLEAR,DAYLIGHT,FIXED OBJECT,NOT DIVIDED,STOP SIGN/FLASHER,UNABLE TO DETERMINE,FAILING TO YIELD RIGHT-OF-WAY,0,0,0,0,8,5,10,2400,MILWAUKEE AVE,41.994575,-87.808252,10/04/2018 10:31:00 AM,2018
CR00005050,05/25/2019 01:50:00 PM,45,CLEAR,DARKNESS,REAR END,ONE-WAY,STOP SIGN/FLASHER,FOLLOWING TOO CLOSELY,NOT APPLICABLE,0,0,0,0,13,7,5,1344,CICERO AVE,41.928231,-87.555088,05/25/2019 03:27:00 PM,2019
CR00005051,10/14/2015 11:04:00 PM,15,CLEAR,DAYLIGHT,REAR END,DIVIDED - W/MEDIAN (NOT RAISED),TRAFFIC SIGNAL,FOLLOWING TOO CLOSELY,DISREGARDING TRAFFIC SIGNALS,0,0,0,0,23,4,10,719,CALIFORNIA AVE,41.890904,-87.839916,10/14/2015 11:50:00 PM,2015
CR00005052,10/01/2022 02:42:00 PM,40,CLEAR,DAYLIGHT,SIDESWIPE SAME DIRECTION,DIVIDED - W/MEDIAN BARRIER,TRAFFIC SIGNAL,DRIVING SKILLS/KNOWLEDGE/EXPERIENCE,DRIVING SKILLS/KNOWLEDGE/EXPERIENCE,0,0,1,1,14,7,10,187,DIVISION ST,41.975219,-87.802262,10/01/2022 03:49:00 PM,2022
CR00005053,04/14/2015 06:43:00 PM,15,CLEAR,DARKNESS,REAR END,DIVIDED - W/MEDIAN BARRIER,UNKNOWN,DRIVING SKILLS/KNOWLEDGE/EXPERIENCE,FAILING TO YIELD RIGHT-OF-WAY,0,0,0,0,18,3,4,1301,ROOSEVELT RD,41.887209,-87.737889,04/14/2015 07:32:00 PM,2015
CR00005054,04/17/2023 12:17:00 PM,20,CLEAR,DAYLIGHT,ANGLE,ONE-WAY,TRAFFIC SIGNAL,UNABLE TO DETERMINE,FAILING TO YIELD RIGHT-OF-WAY,0,0,3,3,12,2,4,1833,OGDEN AVE,41.732207,-87.805332,04/17/2023 12:44:00 PM,2023
CR00005055,05/16/2015 08:38:00 AM,45,CLOUDY/OVERCAST,DUSK,REAR TO FRONT,FOUR WAY,STOP SIGN/FLASHER,IMPROPER OVERTAKING/PASSING,FOLLOWING TOO CLOSELY,0,0,0,0,8,7,5,854,DAMEN AVE,41.780379,-87.659379,05/16/2015 10:15:00 AM,2015
CR00005056,11/20/2018 09:48:00 PM,40,CLOUDY/OVERCAST,DAYLIGHT,SIDESWIPE SAME DIRECTION,NOT DIVIDED,NO CONTROLS,DISTRACTION - FROM INSIDE VEHICLE,DISTRACTION - FROM INSIDE VEHICLE,0,0,0,0,21,3,11,233,47TH ST,41.94698,-87.728777,11/20/2018 10:06:00 PM,2018
CR00005057,01/25/2021 05:45:00 AM,25,RAIN,DARKNESS,SIDESWIPE SAME DIRECTION,ONE-WAY,UNKNOWN,FOLLOWING TOO CLOSELY,DISREGARDING TRAFFIC SIGNALS,0,0,0,0,5,2,1,1876,CICERO AVE,41.713017,-87.557934,01/25/2021 06:38:00 AM,2021
CR00005058,03/08/2017 12:05:00 PM,30,CLEAR,DAYLIGHT,PARKED MOTOR VEHICLE,FOUR WAY,STOP SIGN/FLASHER,FAILING TO REDUCE SPEED,UNABLE TO DETERMINE,0,0,0,0,12,4,3,608,HALSTED ST,41.730681,-87.534056,03/08/2017 12:06:00 PM,2017
CR00005059,02/06/2015 05:26:00 PM,30,CLEAR,DAYLIGHT,TURNING,DIVIDED - W/MEDIAN (NOT RAISED),TRAFFIC SIGNAL,FAILING TO YIELD RIGHT-OF-WAY,UNABLE TO DETERMINE,0,0,1,1,17,6,2,871,FULLERTON AVE,41.714751,-87.599278,02/06/2015 06:26:00 PM,2015
CR00005060,09/01/2022 10:31:00 AM,45,CLEAR,DUSK,SIDESWIPE SAME DIRECTION,DIVIDED - W/MEDIAN (NOT RAISED),TRAFFIC SIGNAL,DRIVING SKILLS/KNOWLEDGE/EXPERIENCE,NOT APPLICABLE,0,0,0,0,10,5,9,1632,DIVISION ST,41.968145,-87.553386,09/01/2022 12:02:00 PM,2022
CR00005061,04/21/2024 06:55:00 PM,15,RAIN,DAYLIGHT,PARKED MOTOR VEHICLE,FOUR WAY,PEDESTRIAN CROSSING SIGN,UNABLE TO DETERMINE,FAILING TO YIELD RIGHT-OF-WAY,0,0,1,1,18,1,4,1640,WESTERN AVE,41.880701,-87.657228,04/21/2024 08:43:00 PM,2024
CR00005062,07/25/2024 08:52:00 AM,25,CLOUDY/OVERCAST,DARKNESS,TURNING,DIVIDED - W/MEDIAN BARRIER,NO CONTROLS,UNABLE TO DETERMINE,UNABLE TO DETERMINE,0,0,0,0,8,5,7,497,ARCHER AVE,41.951942,-87.556206,07/25/2024 10:30:00 AM,2024
CR00005063,07/24/2024 09:01:00 AM,25,CLEAR,DAYLIGHT,ANGLE,ONE-WAY,TRAFFIC SIGNAL,DISTRACTION - FROM INSIDE VEHICLE,DISTRACTION - FROM INSIDE VEHICLE,0,0,0,0,9,4,7,1820,ELSTON AVE,41.943744,-87.766422,07/24/2024 09:02:00 AM,2024
CR00005064,04/27/2022 04:58:00 PM,20,CLEAR,DARKNESS - LIGHTED ROAD,PARKED MOTOR VEHICLE,NOT DIVIDED,STOP SIGN/FLASHER,IMPROPER LANE USAGE,DISREGARDING TRAFFIC SIGNALS,0,0,1,1,16,4,4,1877,LAKE SHORE DR,41.726931,-87.672214,04/27/2022 06:18:00 PM,2022
CR00005065,12/01/2016 08:18:00 AM,35,CLEAR,DAYLIGHT,SIDESWIPE SAME DIRECTION,NOT DIVIDED,NO CONTROLS,IMPROPER LANE USAGE,UNABLE TO DETERMINE,0,0,0,0,8,5,12,1898,CICERO AVE,41.858156,-87.727052,12/01/2016 09:02:00 AM,2016
CR00005066,06/12/2022 03:03:00 AM,15,CLEAR,DARKNESS - LIGHTED ROAD,SIDESWIPE SAME DIRECTION,FOUR WAY,NO CONTROLS,DISTRACTION - FROM INSIDE VEHICLE,NOT APPLICABLE,0,0,0,0,3,1,6,1361,FULLERTON AVE,41.888009,-87.730042,06/12/2022 04:07:00 AM,2022
CR00005067,02/24/2018 09:40:00 AM,35,RAIN,DAYLIGHT,REAR END,ONE-WAY,STOP SIGN/FLASHER,FAILING TO REDUCE SPEED,UNABLE TO DETERMINE,0,0,0,0,9,7,2,2177,BROADWAY,41.847205,-87.829389,02/24/2018 10:07:00 AM,2018
CR00005068,02/03/2023 08:24:00 AM,30,CLEAR,DAYLIGHT,TURNING,NOT DIVIDED,NO CONTROLS,DISTRACTION - FROM INSIDE VEHICLE,FAILING TO YIELD RIGHT-OF-WAY,0,0,1,1,8,6,2,1548,PULASKI RD,41.775535,-87.614025,02/03/2023 08:33:00 AM,2023
CR00005069,11/03/2019 11:18:00 PM,30,CLEAR,DUSK,PEDESTRIAN,DIVIDED - W/MEDIAN (NOT RAISED),STOP SIGN/FLASHER,FAILING TO YIELD RIGHT-OF-WAY,FAILING TO YIELD RIGHT-OF-WAY,0,0,0,0,23,1,11,509,STATE ST,41.76823,-87.513889,11/04/2019 12:03:00 AM,2019
CR00005070,09/25/2020 07:24:00 AM,30,RAIN,DAYLIGHT,REAR END,NOT DIVIDED,STOP SIGN/FLASHER,DISTRACTION - FROM INSIDE VEHICLE,UNABLE TO DETERMINE,0,0,1,1,7,6,9,735,STATE ST,41.821916,-87.506406,09/25/2020 09:12:00 AM,2020
CR00005071,08/29/2024 08:04:00 PM,30,CLEAR,DARKNESS - LIGHTED ROAD,SIDESWIPE SAME DIRECTION,NOT DIVIDED,UNKNOWN,IMPROPER OVERTAKING/PASSING,NOT APPLICABLE,0,0,0,0,20,5,8,1291,STONY ISLAND AVE,41.842109,-87.721323,08/29/2024 09:35:00 PM,2024
CR00005072,10/23/2023 04:06:00 AM,45,RAIN,DAYLIGHT,TURNING,T-INTERSECTION,STOP SIGN/FLASHER,FOLLOWING TOO CLOSELY,FAILING TO YIELD RIGHT-OF-WAY,0,0,0,0,4,2,10,129,FULLERTON AVE,41.730659,-87.606846,10/23/2023 05:56:00 AM,2023
CR00005073,08/03/2021 03:02:00 PM,20,CLEAR,DAYLIGHT,REAR END,NOT DIVIDED,STOP SIGN/FLASHER,IMPROPER LANE USAGE,DRIVING SKILLS/KNOWLEDGE/EXPERIENCE,0,0,0,0,15,3,8,1854,IRVING PARK RD,41.959623,-87.63297,08/03/2021 03:49:00 PM,2021
CR00005074,01/25/2021 03:49:00 PM,30,CLEAR,DARKNESS,ANGLE,DIVIDED - W/MEDIAN (NOT RAISED),TRAFFIC SIGNAL,WEATHER,IMPROPER OVERTAKING/PASSING,0,0,0,0,15,2,1,1335,MILWAUKEE AVE,41.799873,-87.746772,01/25/2021 04:08:00 PM,2021
CR00005075,10/17/2017 02:46:00 PM,25,CLEAR,DAYLIGHT,REAR END,ONE-WAY,PEDESTRIAN CROSSING SIGN,FAILING TO YIELD RIGHT-OF-WAY,UNABLE TO DETERMINE,0,0,0,0,14,3,10,1880,WESTERN AVE,41.882236,-87.761249,10/17/2017 03:06:00 PM,2017
CR00005076,03/23/2017 07:09:00 AM,25,CLOUDY/OVERCAST,DAYLIGHT,ANGLE,NOT DIVIDED,NO CONTROLS,FOLLOWING TOO CLOSELY,NOT APPLICABLE,0,0,0,0,7,5,3,1229,PULASKI RD,41.885741,-87.821581,03/23/2017 07:43:00 AM,2017
CR00005077,09/29/2017 07:30:00 AM,25,CLEAR,DAYLIGHT,TURNING,ONE-WAY,NO CONTROLS,UNABLE TO DETERMINE,IMPROPER OVERTAKING/PASSING,0,0,0,0,7,6,9,403,DIVISION ST,41.730793,-87.760794,09/29/2017 08:03:00 AM,2017
CR00005078,01/20/2017 05:00:00 PM,40,CLEAR,DAYLIGHT,PARKED MOTOR VEHICLE,DIVIDED - W/MEDIAN BARRIER,UNKNOWN,IMPROPER OVERTAKING/PASSING,DRIVING SKILLS/KNOWLEDGE/EXPERIENCE,0,0,0,0,17,6,1,874,HALSTED ST,41.782448,-87.615219,01/20/2017 05:38:00 PM,2017
CR00005079,02/24/2022 03:56:00 PM,45,CLOUDY/OVERCAST,DAYLIGHT,PARKED MOTOR VEHICLE,DIVIDED - W/MEDIAN (NOT RAISED),TRAFFIC SIGNAL,UNABLE TO DETERMINE,NOT APPLICABLE,0,0,0,0,15,5,2,1203,47TH ST,41.757732,-87.809604,02/24/2022 04:18:00 PM,2022
CR00005080,02/18/2015 06:55:00 PM,45,CLEAR,DUSK,TURNING,ONE-WAY,UNKNOWN,IMPROPER OVERTAKING/PASSING,UNABLE TO DETERMINE,0,0,0,0,18,4,2,371,LAKE SHORE DR,41.925538,-87.591694,02/18/2015 08:07:00 PM,2015
CR00005081,08/16/2016 04:23:00 AM,35,FOG/SMOKE/HAZE,DAYLIGHT,SIDESWIPE SAME DIRECTION,NOT DIVIDED,NO CONTROLS,UNABLE TO DETERMINE,FOLLOWING TOO CLOSELY,0,0,0,0,4,3,8,1138,63RD ST,41.859945,-87.757517,08/16/2016 06:05:00 AM,2016
CR00005082,10/20/2017 05:05:00 PM,35,CLEAR,DAYLIGHT,PARKED MOTOR VEHICLE,NOT DIVIDED,PEDESTRIAN CROSSING SIGN,FAILING TO REDUCE SPEED,DISTRACTION - FROM INSIDE VEHICLE,0,1,1,2,17,6,10,1570,PULASKI RD,41.874933,-87.78498,10/20/2017 05:25:00 PM,2017
CR00005083,11/09/2024 08:32:00 AM,30,RAIN,DARKNESS - LIGHTED ROAD,SIDESWIPE SAME DIRECTION,NOT DIVIDED,UNKNOWN,UNABLE TO DETERMINE,UNABLE TO DETERMINE,0,0,0,0,8,7,11,1407,KEDZIE AVE,41.76264,-87.681533,11/09/2024 09:56:00 AM,2024
CR00005084,03/02/2023 03:30:00 PM,35,CLEAR,DAYLIGHT,SIDESWIPE SAME DIRECTION,ONE-WAY,NO CONTROLS,FOLLOWING TOO CLOSELY,WEATHER,0,0,0,0,15,5,3,1508,ASHLAND AVE,41.932683,-87.794818,03/02/2023 04:23:00 PM,2023
CR00005085,03/20/2018 12:58:00 PM,30,CLEAR,DAYLIGHT,ANGLE,DIVIDED - W/MEDIAN (NOT RAISED),TRAFFIC SIGNAL,FAILING TO YIELD RIGHT-OF-WAY,DRIVING SKILLS/KNOWLEDGE/EXPERIENCE,0,0,0,0,12,3,3,2148,MILWAUKEE AVE,41.9019,-87.802975,03/20/2018 01:04:00 PM,2018
CR00005086,05/30/2021 04:06:00 PM,15,CLEAR,DAYLIGHT,ANGLE,DIVIDED - W/MEDIAN (NOT RAISED),STOP SIGN/FLASHER,FOLLOWING TOO CLOSELY,FOLLOWING TOO CLOSELY,0,0,0,0,16,1,5,2464,ARCHER AVE,41.953541,-87.664706,05/30/2021 05:44:00 PM,2021
CR00005087,10/23/2023 04:21:00 PM,20,FOG/SMOKE/HAZE,DAYLIGHT,SIDESWIPE SAME DIRECTION,NOT DIVIDED,TRAFFIC SIGNAL,UNABLE TO DETERMINE,UNABLE TO DETERMINE,0,0,0,0,16,2,10,435,STONY ISLAND AVE,41.8823,-87.579429,10/23/2023 04:35:00 PM,2023
CR00005088,03/04/2016 11:49:00 PM,35,CLEAR,DAYLIGHT,TURNING,NOT DIVIDED,YIELD,IMPROPER LANE USAGE,IMPROPER OVERTAKING/PASSING,0,0,0,0,23,6,3,947,63RD ST,41.967833,-87.532824,03/05/2016 01:30:00 AM,2016
CR00005089,02/14/2016 05:01:00 PM,30,CLEAR,DAYLIGHT,REAR END,DIVIDED - W/MEDIAN (NOT RAISED),TRAFFIC SIGNAL,UNABLE TO DETERMINE,DISTRACTION - FROM INSIDE VEHICLE,0,0,0,0,17,1,2,2150,ASHLAND AVE,41.891357,-87.639612,02/14/2016 06:23:00 PM,2016
CR00005090,01/07/2015 03:57:00 AM,40,RAIN,DARKNESS - LIGHTED ROAD,PARKED MOTOR VEHICLE,ONE-WAY,TRAFFIC SIGNAL,UNABLE TO DETERMINE,NOT APPLICABLE,0,0,0,0,3,4,1,139,ARCHER AVE,41.940479,-87.584567,01/07/2015 05:16:00 AM,2015
CR00005091,11/13/2017 03:18:00 PM,40,CLEAR,DAYLIGHT,ANGLE,DIVIDED - W/MEDIAN (NOT RAISED),TRAFFIC SIGNAL,FAILING TO YIELD RIGHT-OF-WAY,FOLLOWING TOO CLOSELY,0,0,0,0,15,2,11,2226,79TH ST,41.934988,-87.544636,11/13/2017 05:02:00 PM,2017
CR00005092,11/13/2015 11:54:00 AM,25,CLEAR,DAWN,SIDESWIPE SAME DIRECTION,FOUR WAY,NO CONTROLS,FAILING TO YIELD RIGHT-OF-WAY,FOLLOWING TOO CLOSELY,0,0,0,0,11,6,11,1858,FULLERTON AVE,41.774439,-87.505914,11/13/2015 12:14:00 PM,2015
CR00005093,12/02/2018 09:36:00 AM,45,CLEAR,DAYLIGHT,TURNING,NOT DIVIDED,TRAFFIC SIGNAL,DRIVING SKILLS/KNOWLEDGE/EXPERIENCE,DRIVING SKILLS/KNOWLEDGE/EXPERIENCE,0,0,0,0,9,1,12,1583,PULASKI RD,41.829284,-87.724107,12/02/2018 11:36:00 AM,2018
CR00005094,03/29/2020 08:09:00 AM,45,SNOW,DAYLIGHT,ANGLE,ONE-WAY,NO CONTROLS,FAILING TO YIELD RIGHT-OF-WAY,IMPROPER LANE USAGE,0,0,0,0,8,1,3,626,ARCHER AVE,41.880358,-87.706939,03/29/2020 09:34:00 AM,2020
CR00005095,02/02/2017 08:59:00 AM,25,CLEAR,DAYLIGHT,TURNING,NOT DIVIDED,TRAFFIC SIGNAL,UNABLE TO DETERMINE,UNABLE TO DETERMINE,0,0,0,0,8,5,2,654,IRVING PARK RD,41.880607,-87.622194,02/02/2017 09:53:00 AM,2017
CR00005096,06/02/2015 12:54:00 AM,40,CLEAR,DAYLIGHT,REAR END,NOT DIVIDED,TRAFFIC SIGNAL,UNABLE TO DETERMINE,FAILING TO REDUCE SPEED,0,0,0,0,0,3,6,1379,OGDEN AVE,41.713723,-87.722129,06/02/2015 02:51:00 AM,2015
CR00005097,08/07/2018 04:39:00 PM,40,CLEAR,DARKNESS - LIGHTED ROAD,FIXED OBJECT,ONE-WAY,NO CONTROLS,FOLLOWING TOO CLOSELY,UNABLE TO DETERMINE,0,0,0,0,16,3,8,1538,MICHIGAN AVE,41.718994,-87.670088,08/07/2018 05:22:00 PM,2018
CR00005098,01/21/2021 01:58:00 PM,15,SNOW,DAYLIGHT,ANGLE,FOUR WAY,NO CONTROLS,IMPROPER OVERTAKING/PASSING,IMPROPER LANE USAGE,0,0,0,0,13,5,1,1758,LAKE SHORE DR,41.908146,-87.696275,01/21/2021 03:55:00 PM,2021
CR00005099,03/22/2024 07:35:00 AM,45,CLEAR,DARKNESS,TURNING,DIVIDED - W/MEDIAN BARRIER,TRAFFIC SIGNAL,UNABLE TO DETERMINE,UNABLE TO DETERMINE,0,0,1,1,7,6,3,863,KEDZIE AVE,41.912769,-87.648737,03/22/2024 08:49:00 AM,2024
CR00005100,10/10/2018 03:33:00 PM,45,CLOUDY/OVERCAST,DAYLIGHT,REAR END,ONE-WAY,NO CONTROLS,FOLLOWING TOO CLOSELY,UNABLE TO DETERMINE,0,0,0,0,15,4,10,1880,HALSTED ST,41.752307,-87.626054,10/10/2018 04:08:00 PM,2018
CR00005101,03/21/2019 07:39:00 AM,30,CLEAR,DARKNESS - LIGHTED ROAD,ANGLE,DIVIDED - W/MEDIAN (NOT RAISED),STOP SIGN/FLASHER,FOLLOWING TOO CLOSELY,FOLLOWING TOO CLOSELY,0,0,0,0,7,5,3,2435,ROOSEVELT RD,41.769472,-87.740649,03/21/2019 07:49:00 AM,2019
CR00005102,05/08/2021 10:07:00 AM,15,CLEAR,DARKNESS - LIGHTED ROAD,ANGLE,ONE-WAY,UNKNOWN,DISREGARDING TRAFFIC SIGNALS,UNABLE TO DETERMINE,0,0,0,0,10,7,5,2500,IRVING PARK RD,41.768228,-87.669611,05/08/2021 11:40:00 AM,2021
CR00005103,03/01/2017 07:01:00 AM,20,CLEAR,DAYLIGHT,TURNING,NOT DIVIDED,TRAFFIC SIGNAL,FAILING TO REDUCE SPEED,UNABLE TO DETERMINE,0,0,0,0,7,4,3,371,79TH ST,41.817001,-87.747667,03/01/2017 08:09:00 AM,2017
CR00005104,01/17/2017 08:22:00 PM,30,CLEAR,DARKNESS - LIGHTED ROAD,ANGLE,DIVIDED - W/MEDIAN BARRIER,TRAFFIC SIGNAL,UNABLE TO DETERMINE,DISREGARDING TRAFFIC SIGNALS,0,0,0,0,20,3,1,2048,DAMEN AVE,41.974682,-87.840136,01/17/2017 08:26:00 PM,2017
CR00005105,07/27/2015 06:11:00 PM,30,CLEAR,DAYLIGHT,PARKED MOTOR VEHICLE,DIVIDED - W/MEDIAN (NOT RAISED),TRAFFIC SIGNAL,WEATHER,UNABLE TO DETERMINE,0,0,0,0,18,2,7,1755,KEDZIE AVE,41.855507,-87.830363,07/27/2015 06:37:00 PM,2015
CR00005106,06/12/2015 08:45:00 AM,30,RAIN,DAYLIGHT,REAR END,NOT DIVIDED,TRAFFIC SIGNAL,FAILING TO REDUCE SPEED,DISTRACTION - FROM INSIDE VEHICLE,0,0,3,3,8,6,6,2274,OGDEN AVE,41.920395,-87.699798,06/12/2015 09:20:00 AM,2015
CR00005107,08/19/2017 09:25:00 AM,35,CLOUDY/OVERCAST,DAYLIGHT,REAR END,DIVIDED - W/MEDIAN (NOT RAISED),NO CONTROLS,FAILING TO REDUCE SPEED,IMPROPER LANE USAGE,0,0,0,0,9,7,8,1302,47TH ST,41.864569,-87.622907,08/19/2017 11:25:00 AM,2017
CR00005108,03/18/2020 04:34:00 AM,20,CLEAR,DAYLIGHT,PARKED MOTOR VEHICLE,NOT DIVIDED,PEDESTRIAN CROSSING SIGN,FOLLOWING TOO CLOSELY,UNABLE TO DETERMINE,0,0,2,2,4,4,3,2413,DAMEN AVE,41.902056,-87.625422,03/18/2020 05:19:00 AM,2020