CRASH_RECORD_ID,CRASH_DATE,POSTED_SPEED_LIMIT,WEATHER_CONDITION,LIGHTING_CONDITION,FIRST_CRASH_TYPE,TRAFFICWAY_TYPE,TRAFFIC_CONTROL_DEVICE,PRIM_CONTRIBUTORY_CAUSE,SEC_CONTRIBUTORY_CAUSE,INJURIES_FATAL,INJURIES_INCAPACITATING,INJURIES_NON_INCAPACITATING,INJURIES_TOTAL,CRASH_HOUR,CRASH_DAY_OF_WEEK,CRASH_MONTH,BEAT_OF_OCCURRENCE,STREET_NAME,LATITUDE,LONGITUDE,DATE_POLICE_NOTIFIED,year
CR00005109,01/10/2020 08:49:00 AM,35,CLOUDY/OVERCAST,DAYLIGHT,ANGLE,DIVIDED - W/MEDIAN (NOT RAISED),NO CONTROLS,FAILING TO YIELD RIGHT-OF-WAY,NOT APPLICABLE,0,0,0,0,8,6,1,413,PULASKI RD,41.775868,-87.569908,01/10/2020 10:00:00 AM,2020
CR00005110,05/12/2023 02:35:00 PM,45,CLEAR,DARKNESS - LIGHTED ROAD,REAR END,ONE-WAY,TRAFFIC SIGNAL,FOLLOWING TOO CLOSELY,NOT APPLICABLE,0,0,0,0,14,6,5,1410,OGDEN AVE,41.729663,-87.691985,05/12/2023 04:24:00 PM,2023
CR00005111,11/05/2021 04:32:00 PM,25,CLEAR,DAYLIGHT,SIDESWIPE SAME DIRECTION,FOUR WAY,NO CONTROLS,FOLLOWING TOO CLOSELY,DISTRACTION - FROM INSIDE VEHICLE,0,0,0,0,16,6,11,587,OGDEN AVE,41.967509,-87.82722,11/05/2021 06:04:00 PM,2021
CR00005112,07/16/2023 09:23:00 PM,40,SNOW,DAYLIGHT,REAR END,DIVIDED - W/MEDIAN (NOT RAISED),TRAFFIC SIGNAL,UNABLE TO DETERMINE,IMPROPER LANE USAGE,0,0,0,0,21,1,7,292,PULASKI RD,41.738356,-87.76709,07/16/2023 09:50:00 PM,2023
CR00005113,08/19/2017 02:08:00 PM,20,CLOUDY/OVERCAST,DARKNESS - LIGHTED ROAD,TURNING,NOT DIVIDED,NO CONTROLS,UNABLE TO DETERMINE,IMPROPER OVERTAKING/PASSING,0,0,1,1,14,7,8,1318,MILWAUKEE AVE,41.921705,-87.645389,08/19/2017 02:41:00 PM,2017
CR00005114,02/12/2019 07:38:00 AM,25,RAIN,DAYLIGHT,TURNING,ONE-WAY,STOP SIGN/FLASHER,UNABLE TO DETERMINE,NOT APPLICABLE,0,0,0,0,7,3,2,2367,KEDZIE AVE,41.70241,-87.727252,02/12/2019 09:30:00 AM,2019
CR00005115,07/09/2021 06:08:00 PM,30,RAIN,DARKNESS - LIGHTED ROAD,REAR END,FOUR WAY,TRAFFIC SIGNAL,FOLLOWING TOO CLOSELY,UNABLE TO DETERMINE,0,0,1,1,18,6,7,1228,IRVING PARK RD,41.716206,-87.673308,07/09/2021 07:45:00 PM,2021
CR00005116,03/11/2023 01:06:00 PM,45,CLEAR,DARKNESS - LIGHTED ROAD,FIXED OBJECT,NOT DIVIDED,UNKNOWN,UNABLE TO DETERMINE,UNABLE TO DETERMINE,0,0,0,0,13,7,3,877,ASHLAND AVE,41.974231,-87.623829,03/11/2023 02:09:00 PM,2023
CR00005117,09/05/2022 01:01:00 PM,35,CLEAR,DARKNESS,REAR END,NOT DIVIDED,NO CONTROLS,UNABLE TO DETERMINE,NOT APPLICABLE,0,0,3,3,13,2,9,796,ROOSEVELT RD,41.755497,-87.586008,09/05/2022 01:49:00 PM,2022
CR00005118,01/22/2016 11:13:00 AM,20,CLEAR,DARKNESS - LIGHTED ROAD,ANGLE,NOT DIVIDED,NO CONTROLS,FAILING TO REDUCE SPEED,NOT APPLICABLE,0,0,1,1,11,6,1,2200,FULLERTON AVE,41.716592,-87.689354,01/22/2016 12:06:00 PM,2016
CR00005119,10/20/2017 09:08:00 AM,25,FOG/SMOKE/HAZE,DUSK,REAR END,DIVIDED - W/MEDIAN BARRIER,STOP SIGN/FLASHER,UNABLE TO DETERMINE,DISREGARDING TRAFFIC SIGNALS,0,0,0,0,9,6,10,2055,63RD ST,41.981214,-87.760199,10/20/2017 10:33:00 AM,2017
CR00005120,08/07/2020 03:07:00 PM,30,CLEAR,DAYLIGHT,ANGLE,DIVIDED - W/MEDIAN (NOT RAISED),NO CONTROLS,UNABLE TO DETERMINE,FAILING TO REDUCE SPEED,0,1,1,2,15,6,8,1142,ASHLAND AVE,41.842536,-87.722922,08/07/2020 04:03:00 PM,2020
CR00005121,08/01/2019 08:55:00 AM,20,CLEAR,DAYLIGHT,PARKED MOTOR VEHICLE,NOT DIVIDED,NO CONTROLS,FOLLOWING TOO CLOSELY,NOT APPLICABLE,0,0,0,0,8,5,8,383,PULASKI RD,41.90351,-87.827542,08/01/2019 09:19:00 AM,2019
CR00005122,05/21/2023 12:18:00 PM,45,CLEAR,DUSK,REAR END,DIVIDED - W/MEDIAN BARRIER,NO CONTROLS,FOLLOWING TOO CLOSELY,FOLLOWING TOO CLOSELY,0,0,0,0,12,1,5,1571,ASHLAND AVE,41.984996,-87.784811,05/21/2023 12:22:00 PM,2023
CR00005123,03/18/2019 06:38:00 AM,15,RAIN,DAYLIGHT,REAR END,T-INTERSECTION,TRAFFIC SIGNAL,DISTRACTION - FROM INSIDE VEHICLE,IMPROPER OVERTAKING/PASSING,0,0,0,0,6,2,3,2222,MICHIGAN AVE,41.822265,-87.7634,03/18/2019 07:38:00 AM,2019
CR00005124,01/06/2024 08:40:00 AM,35,CLEAR,DAYLIGHT,REAR END,FOUR WAY,STOP SIGN/FLASHER,IMPROPER LANE USAGE,NOT APPLICABLE,0,0,0,0,8,7,1,1618,KEDZIE AVE,41.925867,-87.556085,01/06/2024 10:12:00 AM,2024
CR00005125,09/21/2024 10:09:00 AM,30,CLOUDY/OVERCAST,DAYLIGHT,ANGLE,ONE-WAY,NO CONTROLS,FAILING TO REDUCE SPEED,UNABLE TO DETERMINE,0,0,0,0,10,7,9,594,ARCHER AVE,41.932253,-87.676312,09/21/2024 10:25:00 AM,2024
CR00005126,03/13/2019 08:59:00 PM,30,CLEAR,DUSK,ANGLE,ONE-WAY,NO CONTROLS,UNABLE TO DETERMINE,UNABLE TO DETERMINE,0,0,0,0,20,4,3,518,BROADWAY,41.740416,-87.654282,03/13/2019 10:19:00 PM,2019
CR00005127,01/11/2016 04:33:00 PM,20,SNOW,DAYLIGHT,TURNING,NOT DIVIDED,NO CONTROLS,IMPROPER LANE USAGE,DISTRACTION - FROM INSIDE VEHICLE,0,0,1,1,16,2,1,118,DAMEN AVE,41.731078,-87.500454,01/11/2016 06:27:00 PM,2016
CR00005128,09/26/2022 07:03:00 AM,35,CLEAR,DAYLIGHT,TURNING,DIVIDED - W/MEDIAN BARRIER,STOP SIGN/FLASHER,IMPROPER OVERTAKING/PASSING,IMPROPER OVERTAKING/PASSING,0,0,0,0,7,2,9,2194,WESTERN AVE,41.741052,-87.649967,09/26/2022 09:00:00 AM,2022
CR00005129,03/04/2017 10:36:00 AM,40,CLEAR,DAYLIGHT,TURNING,DIVIDED - W/MEDIAN (NOT RAISED),NO CONTROLS,IMPROPER LANE USAGE,UNABLE TO DETERMINE,0,0,3,3,10,7,3,2319,MILWAUKEE AVE,41.993041,-87.606575,03/04/2017 11:15:00 AM,2017
CR00005130,12/07/2019 10:56:00 AM,35,CLEAR,DARKNESS - LIGHTED ROAD,ANGLE,DIVIDED - W/MEDIAN BARRIER,TRAFFIC SIGNAL,FOLLOWING TOO CLOSELY,FOLLOWING TOO CLOSELY,0,0,0,0,10,7,12,724,HALSTED ST,41.84731,-87.812476,12/07/2019 11:39:00 AM,2019
CR00005131,12/31/2022 09:49:00 AM,20,CLEAR,DARKNESS - LIGHTED ROAD,PARKED MOTOR VEHICLE,FOUR WAY,TRAFFIC SIGNAL,UNABLE TO DETERMINE,IMPROPER LANE USAGE,0,0,0,0,9,7,12,906,47TH ST,41.815918,-87.81261,12/31/2022 10:58:00 AM,2022
CR00005132,03/28/2022 05:10:00 PM,35,CLEAR,DAYLIGHT,SIDESWIPE SAME DIRECTION,ONE-WAY,NO CONTROLS,FOLLOWING TOO CLOSELY,UNABLE TO DETERMINE,0,0,0,0,17,2,3,556,ARCHER AVE,41.775458,-87.831791,03/28/2022 05:30:00 PM,2022
CR00005133,08/18/2016 04:28:00 AM,40,RAIN,DAYLIGHT,SIDESWIPE SAME DIRECTION,DIVIDED - W/MEDIAN BARRIER,NO CONTROLS,FAILING TO REDUCE SPEED,DISTRACTION - FROM INSIDE VEHICLE,0,0,0,0,4,5,8,848,CLARK ST,41.861902,-87.832246,08/18/2016 05:53:00 AM,2016
CR00005134,11/07/2023 03:06:00 PM,45,RAIN,DARKNESS - LIGHTED ROAD,FIXED OBJECT,DIVIDED - W/MEDIAN BARRIER,TRAFFIC SIGNAL,WEATHER,IMPROPER OVERTAKING/PASSING,0,0,0,0,15,3,11,1058,DIVISION ST,41.748724,-87.655027,11/07/2023 04:57:00 PM,2023
CR00005135,09/05/2015 08:06:00 AM,40,CLEAR,DARKNESS - LIGHTED ROAD,REAR TO FRONT,T-INTERSECTION,TRAFFIC SIGNAL,FAILING TO YIELD RIGHT-OF-WAY,DISTRACTION - FROM INSIDE VEHICLE,0,0,0,0,8,7,9,2287,STATE ST,41.870689,-87.577833,09/05/2015 09:54:00 AM,2015
CR00005136,06/02/2015 02:15:00 PM,30,CLEAR,DARKNESS - LIGHTED ROAD,REAR TO FRONT,ONE-WAY,UNKNOWN,FAILING TO YIELD RIGHT-OF-WAY,FAILING TO REDUCE SPEED,0,0,3,3,14,3,6,1989,MILWAUKEE AVE,41.806389,-87.693202,06/02/2015 02:43:00 PM,2015
CR00005137,09/05/2022 04:52:00 PM,30,CLEAR,DARKNESS,REAR END,FOUR WAY,STOP SIGN/FLASHER,IMPROPER OVERTAKING/PASSING,UNABLE TO DETERMINE,0,0,0,0,16,2,9,1606,ARCHER AVE,41.718231,-87.505615,09/05/2022 06:24:00 PM,2022
CR00005138,05/02/2020 02:56:00 PM,15,CLOUDY/OVERCAST,DAYLIGHT,FIXED OBJECT,NOT DIVIDED,TRAFFIC SIGNAL,WEATHER,DRIVING SKILLS/KNOWLEDGE/EXPERIENCE,0,0,0,0,14,7,5,2249,ROOSEVELT RD,41.943489,-87.837824,05/02/2020 04:46:00 PM,2020
CR00005139,09/21/2023 05:03:00 PM,30,CLEAR,DAYLIGHT,REAR END,NOT DIVIDED,TRAFFIC SIGNAL,IMPROPER OVERTAKING/PASSING,IMPROPER OVERTAKING/PASSING,0,0,0,0,17,5,9,1791,CALIFORNIA AVE,41.829641,-87.772756,09/21/2023 07:00:00 PM,2023
CR00005140,10/22/2022 05:10:00 AM,30,RAIN,DAYLIGHT,PARKED MOTOR VEHICLE,NOT DIVIDED,NO CONTROLS,FAILING TO REDUCE SPEED,IMPROPER OVERTAKING/PASSING,0,0,1,1,5,7,10,330,CALIFORNIA AVE,41.918864,-87.537993,10/22/2022 05:58:00 AM,2022
CR00005141,03/03/2017 12:25:00 PM,25,CLEAR,DAYLIGHT,SIDESWIPE SAME DIRECTION,NOT DIVIDED,TRAFFIC SIGNAL,UNABLE TO DETERMINE,NOT APPLICABLE,0,0,0,0,12,6,3,2421,FULLERTON AVE,41.991779,-87.706701,03/03/2017 02:08:00 PM,2017
CR00005142,07/24/2023 01:30:00 PM,30,RAIN,DAYLIGHT,TURNING,NOT DIVIDED,TRAFFIC SIGNAL,FAILING TO REDUCE SPEED,FAILING TO YIELD RIGHT-OF-WAY,0,0,0,0,13,2,7,1593,MILWAUKEE AVE,41.704056,-87.827326,07/24/2023 01:49:00 PM,2023
CR00005143,10/04/2022 05:28:00 PM,15,CLEAR,DAYLIGHT,TURNING,DIVIDED - W/MEDIAN (NOT RAISED),STOP SIGN/FLASHER,FOLLOWING TOO CLOSELY,FAILING TO YIELD RIGHT-OF-WAY,0,0,3,3,17,3,10,1098,PULASKI RD,41.736796,-87.793058,10/04/2022 07:18:00 PM,2022
CR00005144,05/29/2023 06:16:00 PM,45,CLEAR,DARKNESS - LIGHTED ROAD,TURNING,NOT DIVIDED,STOP SIGN/FLASHER,IMPROPER OVERTAKING/PASSING,NOT APPLICABLE,0,0,0,0,18,2,5,139,LAKE SHORE DR,41.939462,-87.752649,05/29/2023 07:37:00 PM,2023
CR00005145,04/30/2022 12:38:00 PM,25,CLEAR,DAYLIGHT,REAR END,ONE-WAY,NO CONTROLS,FOLLOWING TOO CLOSELY,DRIVING SKILLS/KNOWLEDGE/EXPERIENCE,0,0,0,0,12,7,4,630,MICHIGAN AVE,41.768169,-87.633275,04/30/2022 02:23:00 PM,2022
CR00005146,09/20/2022 07:34:00 AM,35,CLEAR,DARKNESS - LIGHTED ROAD,ANGLE,NOT DIVIDED,UNKNOWN,UNABLE TO DETERMINE,DRIVING SKILLS/KNOWLEDGE/EXPERIENCE,0,0,0,0,7,3,9,1866,OGDEN AVE,41.729094,-87.68498,09/20/2022 07:39:00 AM,2022
CR00005147,01/31/2024 04:51:00 PM,30,FREEZING RAIN/DRIZZLE,DAYLIGHT,REAR END,NOT DIVIDED,STOP SIGN/FLASHER,FOLLOWING TOO CLOSELY,WEATHER,0,0,0,0,16,4,1,2144,47TH ST,41.763285,-87.61017,01/31/2024 06:39:00 PM,2024
CR00005148,09/27/2022 04:08:00 AM,40,CLEAR,DAYLIGHT,REAR END,NOT DIVIDED,STOP SIGN/FLASHER,DISREGARDING TRAFFIC SIGNALS,NOT APPLICABLE,0,0,3,3,4,3,9,479,FULLERTON AVE,41.77886,-87.828265,09/27/2022 04:56:00 AM,2022
CR00005149,03/24/2017 09:07:00 PM,30,CLEAR,DAYLIGHT,ANGLE,DIVIDED - W/MEDIAN (NOT RAISED),NO CONTROLS,IMPROPER LANE USAGE,FAILING TO YIELD RIGHT-OF-WAY,0,0,0,0,21,6,3,675,KEDZIE AVE,41.838409,-87.804561,03/24/2017 10:42:00 PM,2017
CR00005150,06/07/2024 09:19:00 AM,45,FOG/SMOKE/HAZE,DUSK,REAR TO FRONT,DIVIDED - W/MEDIAN BARRIER,STOP SIGN/FLASHER,FOLLOWING TOO CLOSELY,NOT APPLICABLE,0,0,0,0,9,6,6,2364,ROOSEVELT RD,41.902515,-87.511425,06/07/2024 10:55:00 AM,2024
CR00005151,11/26/2021 04:15:00 PM,35,CLEAR,DARKNESS,FIXED OBJECT,NOT DIVIDED,TRAFFIC SIGNAL,DISREGARDING TRAFFIC SIGNALS,DRIVING SKILLS/KNOWLEDGE/EXPERIENCE,0,0,0,0,16,6,11,341,MILWAUKEE AVE,41.758972,-87.693986,11/26/2021 05:22:00 PM,2021
CR00005152,05/03/2024 04:10:00 PM,45,CLOUDY/OVERCAST,DAYLIGHT,ANGLE,T-INTERSECTION,TRAFFIC SIGNAL,UNABLE TO DETERMINE,FOLLOWING TOO CLOSELY,0,0,0,0,16,6,5,2219,ELSTON AVE,41.949378,-87.644956,05/03/2024 05:18:00 PM,2024
CR00005153,02/19/2015 11:39:00 AM,35,CLEAR,DAYLIGHT,REAR END,DIVIDED - W/MEDIAN (NOT RAISED),NO CONTROLS,UNABLE TO DETERMINE,UNABLE TO DETERMINE,0,0,0,0,11,5,2,1800,MICHIGAN AVE,41.804998,-87.706313,02/19/2015 12:15:00 PM,2015
CR00005154,05/23/2019 10:29:00 AM,25,CLEAR,DARKNESS - LIGHTED ROAD,REAR END,NOT DIVIDED,STOP SIGN/FLASHER,DRIVING SKILLS/KNOWLEDGE/EXPERIENCE,NOT APPLICABLE,0,0,0,0,10,5,5,545,DIVISION ST,41.941425,-87.682398,05/23/2019 11:07:00 AM,2019
CR00005155,07/31/2016 05:18:00 PM,45,RAIN,DAYLIGHT,ANGLE,NOT DIVIDED,NO CONTROLS,WEATHER,IMPROPER OVERTAKING/PASSING,0,0,1,1,17,1,7,266,ASHLAND AVE,41.890669,-87.690637,07/31/2016 06:57:00 PM,2016
CR00005156,09/25/2017 11:00:00 PM,30,RAIN,DAYLIGHT,PARKED MOTOR VEHICLE,NOT DIVIDED,UNKNOWN,IMPROPER OVERTAKING/PASSING,IMPROPER LANE USAGE,0,0,0,0,23,2,9,2414,CALIFORNIA AVE,41.836107,-87.548667,09/26/2017 12:58:00 AM,2017
CR00005157,03/29/2015 08:21:00 PM,20,CLEAR,DARKNESS - LIGHTED ROAD,REAR END,DIVIDED - W/MEDIAN BARRIER,NO CONTROLS,IMPROPER OVERTAKING/PASSING,DISREGARDING TRAFFIC SIGNALS,0,0,0,0,20,1,3,385,MICHIGAN AVE,41.968534,-87.613955,03/29/2015 08:49:00 PM,2015
CR00005158,09/26/2019 07:52:00 AM,25,CLEAR,DAYLIGHT,REAR END,NOT DIVIDED,NO CONTROLS,FAILING TO REDUCE SPEED,DRIVING SKILLS/KNOWLEDGE/EXPERIENCE,0,2,1,3,7,5,9,2181,DAMEN AVE,41.721552,-87.652651,09/26/2019 08:24:00 AM,2019
CR00005159,11/29/2021 05:58:00 PM,35,CLEAR,DARKNESS - LIGHTED ROAD,SIDESWIPE SAME DIRECTION,NOT DIVIDED,UNKNOWN,DISREGARDING TRAFFIC SIGNALS,IMPROPER LANE USAGE,0,0,0,0,17,2,11,1418,LAKE SHORE DR,41.866465,-87.69832,11/29/2021 06:02:00 PM,2021
CR00005160,10/15/2016 08:16:00 PM,30,CLEAR,DARKNESS,REAR END,DIVIDED - W/MEDIAN BARRIER,TRAFFIC SIGNAL,IMPROPER LANE USAGE,DRIVING SKILLS/KNOWLEDGE/EXPERIENCE,0,0,0,0,20,7,10,403,79TH ST,41.823308,-87.730792,10/15/2016 09:21:00 PM,2016
CR00005161,06/08/2015 11:12:00 AM,35,CLEAR,DARKNESS - LIGHTED ROAD,REAR END,FOUR WAY,NO CONTROLS,UNABLE TO DETERMINE,FAILING TO REDUCE SPEED,0,0,0,0,11,2,6,2310,CICERO AVE,41.792739,-87.72272,06/08/2015 11:50:00 AM,2015
CR00005162,08/16/2023 03:30:00 AM,30,CLEAR,DAYLIGHT,TURNING,NOT DIVIDED,NO CONTROLS,IMPROPER LANE USAGE,DISTRACTION - FROM INSIDE VEHICLE,0,0,0,0,3,4,8,208,LAKE SHORE DR,41.874924,-87.573561,08/16/2023 04:00:00 AM,2023
CR00005163,06/26/2022 07:24:00 AM,30,CLOUDY/OVERCAST,DAYLIGHT,PARKED MOTOR VEHICLE,DIVIDED - W/MEDIAN (NOT RAISED),NO CONTROLS,FOLLOWING TOO CLOSELY,DISREGARDING TRAFFIC SIGNALS,0,0,0,0,7,1,6,2450,FULLERTON AVE,41.790144,-87.617589,06/26/2022 08:06:00 AM,2022
CR00005164,05/03/2021 05:28:00 AM,25,CLEAR,DAYLIGHT,ANGLE,DIVIDED - W/MEDIAN BARRIER,NO CONTROLS,DISREGARDING TRAFFIC SIGNALS,UNABLE TO DETERMINE,0,0,1,1,5,2,5,1794,KEDZIE AVE,41.84426,-87.738933,05/03/2021 07:20:00 AM,2021
CR00005165,07/18/2023 03:27:00 PM,20,CLEAR,DUSK,ANGLE,NOT DIVIDED,TRAFFIC SIGNAL,DRIVING SKILLS/KNOWLEDGE/EXPERIENCE,UNABLE TO DETERMINE,0,0,0,0,15,3,7,2116,OGDEN AVE,41.999832,-87.811422,07/18/2023 04:39:00 PM,2023
CR00005166,01/24/2016 01:49:00 AM,30,CLEAR,DAYLIGHT,PARKED MOTOR VEHICLE,ONE-WAY,NO CONTROLS,FAILING TO YIELD RIGHT-OF-WAY,FOLLOWING TOO CLOSELY,0,0,0,0,1,1,1,828,CICERO AVE,41.789426,-87.506426,01/24/2016 01:51:00 AM,2016
CR00005167,06/03/2023 07:59:00 AM,30,CLEAR,DARKNESS - LIGHTED ROAD,TURNING,NOT DIVIDED,NO CONTROLS,FOLLOWING TOO CLOSELY,FOLLOWING TOO CLOSELY,0,0,0,0,7,7,6,194,PULASKI RD,41.760031,-87.5137,06/03/2023 09:39:00 AM,2023
CR00005168,09/08/2018 02:37:00 PM,30,CLEAR,DAYLIGHT,ANGLE,DIVIDED - W/MEDIAN BARRIER,STOP SIGN/FLASHER,UNABLE TO DETERMINE,UNABLE TO DETERMINE,0,0,0,0,14,7,9,153,63RD ST,41.881364,-87.743995,09/08/2018 02:48:00 PM,2018
CR00005169,03/24/2020 10:27:00 AM,30,CLEAR,DAYLIGHT,PARKED MOTOR VEHICLE,NOT DIVIDED,NO CONTROLS,FAILING TO YIELD RIGHT-OF-WAY,DRIVING SKILLS/KNOWLEDGE/EXPERIENCE,0,0,0,0,10,3,3,1759,ARCHER AVE,41.981249,-87.707955,03/24/2020 12:05:00 PM,2020
CR00005170,04/23/2022 07:12:00 AM,30,CLEAR,DAYLIGHT,SIDESWIPE SAME DIRECTION,DIVIDED - W/MEDIAN (NOT RAISED),NO CONTROLS,FOLLOWING TOO CLOSELY,UNABLE TO DETERMINE,0,0,0,0,7,7,4,2237,CLARK ST,41.790975,-87.558275,04/23/2022 08:35:00 AM,2022
CR00005171,08/14/2020 11:03:00 AM,25,CLOUDY/OVERCAST,DAYLIGHT,REAR END,ONE-WAY,TRAFFIC SIGNAL,DISREGARDING TRAFFIC SIGNALS,FAILING TO REDUCE SPEED,0,0,1,1,11,6,8,2353,63RD ST,41.800862,-87.653784,08/14/2020 11:34:00 AM,2020
CR00005172,03/26/2024 02:20:00 PM,45,CLEAR,DAYLIGHT,FIXED OBJECT,DIVIDED - W/MEDIAN (NOT RAISED),NO CONTROLS,UNABLE TO DETERMINE,UNABLE TO DETERMINE,0,0,0,0,14,3,3,180,HALSTED ST,41.964162,-87.770834,03/26/2024 03:10:00 PM,2024
CR00005173,08/07/2021 07:47:00 AM,30,CLEAR,DAYLIGHT,PARKED MOTOR VEHICLE,DIVIDED - W/MEDIAN BARRIER,TRAFFIC SIGNAL,DRIVING SKILLS/KNOWLEDGE/EXPERIENCE,WEATHER,0,0,2,2,7,7,8,1834,HALSTED ST,41.895877,-87.528538,08/07/2021 08:15:00 AM,2021
CR00005174,02/22/2015 03:47:00 PM,30,CLEAR,DARKNESS - LIGHTED ROAD,REAR END,NOT DIVIDED,STOP SIGN/FLASHER,FOLLOWING TOO CLOSELY,DRIVING SKILLS/KNOWLEDGE/EXPERIENCE,0,0,0,0,15,1,2,167,LAKE SHORE DR,41.837119,-87.648092,02/22/2015 05:06:00 PM,2015
CR00005175,12/22/2017 07:25:00 AM,20,CLEAR,DARKNESS - LIGHTED ROAD,TURNING,NOT DIVIDED,TRAFFIC SIGNAL,FAILING TO YIELD RIGHT-OF-WAY,UNABLE TO DETERMINE,0,0,0,0,7,6,12,1002,79TH ST,41.702644,-87.693419,12/22/2017 07:33:00 AM,2017
CR00005176,11/08/2015 01:56:00 PM,30,CLEAR,DAYLIGHT,TURNING,DIVIDED - W/MEDIAN (NOT RAISED),NO CONTROLS,DISREGARDING TRAFFIC SIGNALS,UNABLE TO DETERMINE,0,0,0,0,13,1,11,1809,ELSTON AVE,41.908298,-87.58673,11/08/2015 02:12:00 PM,2015
CR00005177,01/28/2015 07:11:00 AM,40,SNOW,DAYLIGHT,FIXED OBJECT,FOUR WAY,TRAFFIC SIGNAL,DISREGARDING TRAFFIC SIGNALS,UNABLE TO DETERMINE,0,0,0,0,7,4,1,1358,CALIFORNIA AVE,41.76309,-87.842752,01/28/2015 09:02:00 AM,2015
CR00005178,07/21/2019 11:39:00 AM,40,CLEAR,DARKNESS - LIGHTED ROAD,ANGLE,DIVIDED - W/MEDIAN (NOT RAISED),NO CONTROLS,UNABLE TO DETERMINE,NOT APPLICABLE,0,0,0,0,11,1,7,2109,STONY ISLAND AVE,41.962226,-87.74891,07/21/2019 11:44:00 AM,2019
CR00005179,10/04/2015 09:36:00 PM,15,CLEAR,DARKNESS - LIGHTED ROAD,SIDESWIPE SAME DIRECTION,ONE-WAY,NO CONTROLS,IMPROPER LANE USAGE,WEATHER,0,0,0,0,21,1,10,1770,WESTERN AVE,41.792114,-87.817845,10/04/2015 11:17:00 PM,2015
CR00005180,12/31/2022 06:18:00 PM,30,RAIN,DAYLIGHT,SIDESWIPE SAME DIRECTION,NOT DIVIDED,NO CONTROLS,UNABLE TO DETERMINE,FAILING TO YIELD RIGHT-OF-WAY,0,0,0,0,18,7,12,1702,MICHIGAN AVE,41.716723,-87.57647,12/31/2022 07:22:00 PM,2022
CR00005181,11/07/2023 10:57:00 AM,40,CLEAR,DARKNESS - LIGHTED ROAD,TURNING,NOT DIVIDED,NO CONTROLS,DRIVING SKILLS/KNOWLEDGE/EXPERIENCE,UNABLE TO DETERMINE,0,0,0,0,10,3,11,1504,IRVING PARK RD,41.88149,-87.600642,11/07/2023 11:51:00 AM,2023
CR00005182,02/27/2018 03:19:00 PM,35,CLEAR,DAYLIGHT,SIDESWIPE SAME DIRECTION,ONE-WAY,NO CONTROLS,FAILING TO YIELD RIGHT-OF-WAY,UNABLE TO DETERMINE,0,0,3,3,15,3,2,1884,ARCHER AVE,41.879825,-87.51469,02/27/2018 05:03:00 PM,2018
CR00005183,10/16/2022 09:04:00 AM,35,RAIN,DAYLIGHT,SIDESWIPE SAME DIRECTION,NOT DIVIDED,NO CONTROLS,IMPROPER LANE USAGE,IMPROPER OVERTAKING/PASSING,0,0,0,0,9,1,10,2429,HALSTED ST,41.872443,-87.83943,10/16/2022 10:59:00 AM,2022
CR00005184,09/27/2022 08:00:00 PM,20,FREEZING RAIN/DRIZZLE,DAYLIGHT,SIDESWIPE SAME DIRECTION,DIVIDED - W/MEDIAN BARRIER,YIELD,IMPROPER OVERTAKING/PASSING,NOT APPLICABLE,0,0,0,0,20,3,9,133,63RD ST,41.926099,-87.802147,09/27/2022 08:24:00 PM,2022
CR00005185,07/29/2017 07:40:00 AM,25,SNOW,DUSK,TURNING,NOT DIVIDED,NO CONTROLS,DISTRACTION - FROM INSIDE VEHICLE,FAILING TO YIELD RIGHT-OF-WAY,0,0,3,3,7,7,7,669,PULASKI RD,41.882296,-87.684132,07/29/2017 07:48:00 AM,2017
CR00005186,10/01/2019 08:07:00 PM,15,CLEAR,DAWN,PARKED MOTOR VEHICLE,FOUR WAY,UNKNOWN,IMPROPER OVERTAKING/PASSING,IMPROPER OVERTAKING/PASSING,0,0,0,0,20,3,10,1992,MILWAUKEE AVE,41.951004,-87.749465,10/01/2019 10:00:00 PM,2019
CR00005187,02/09/2017 07:15:00 AM,30,CLEAR,DUSK,SIDESWIPE SAME DIRECTION,NOT DIVIDED,NO CONTROLS,IMPROPER OVERTAKING/PASSING,DRIVING SKILLS/KNOWLEDGE/EXPERIENCE,0,0,0,0,7,5,2,1470,47TH ST,41.757508,-87.626052,02/09/2017 08:16:00 AM,2017
CR00005188,10/16/2024 06:30:00 PM,30,CLOUDY/OVERCAST,DARKNESS,SIDESWIPE SAME DIRECTION,DIVIDED - W/MEDIAN (NOT RAISED),STOP SIGN/FLASHER,UNABLE TO DETERMINE,IMPROPER OVERTAKING/PASSING,0,0,0,0,18,4,10,1307,STONY ISLAND AVE,41.750783,-87.598101,10/16/2024 06:33:00 PM,2024
CR00005189,04/11/2023 08:35:00 AM,40,CLEAR,DARKNESS - LIGHTED ROAD,ANGLE,NOT DIVIDED,TRAFFIC SIGNAL,FOLLOWING TOO CLOSELY,FOLLOWING TOO CLOSELY,0,0,2,2,8,3,4,1448,47TH ST,41.88079,-87.818909,04/11/2023 08:46:00 AM,2023
CR00005190,06/20/2016 06:28:00 PM,15,CLEAR,DAYLIGHT,REAR END,NOT DIVIDED,UNKNOWN,UNABLE TO DETERMINE,UNABLE TO DETERMINE,0,0,0,0,18,2,6,1683,IRVING PARK RD,41.891422,-87.676466,06/20/2016 06:30:00 PM,2016
CR00005191,10/17/2016 04:24:00 PM,25,CLEAR,DARKNESS - LIGHTED ROAD,PARKED MOTOR VEHICLE,NOT DIVIDED,NO CONTROLS,DRIVING SKILLS/KNOWLEDGE/EXPERIENCE,IMPROPER LANE USAGE,0,0,0,0,16,2,10,1053,63RD ST,41.723624,-87.712761,10/17/2016 05:42:00 PM,2016