CRASH_RECORD_ID,CRASH_DATE,POSTED_SPEED_LIMIT,WEATHER_CONDITION,LIGHTING_CONDITION,FIRST_CRASH_TYPE,TRAFFICWAY_TYPE,TRAFFIC_CONTROL_DEVICE,PRIM_CONTRIBUTORY_CAUSE,SEC_CONTRIBUTORY_CAUSE,INJURIES_FATAL,INJURIES_INCAPACITATING,INJURIES_NON_INCAPACITATING,INJURIES_TOTAL,CRASH_HOUR,CRASH_DAY_OF_WEEK,CRASH_MONTH,BEAT_OF_OCCURRENCE,STREET_NAME,LATITUDE,LONGITUDE,DATE_POLICE_NOTIFIED,year
CR00005192,02/01/2023 04:42:00 AM,30,RAIN,DAYLIGHT,SIDESWIPE SAME DIRECTION,DIVIDED - W/MEDIAN (NOT RAISED),UNKNOWN,FOLLOWING TOO CLOSELY,IMPROPER OVERTAKING/PASSING,0,0,0,0,4,4,2,408,DAMEN AVE,41.908991,-87.532284,02/01/2023 05:37:00 AM,2023
CR00005193,12/01/2020 03:38:00 PM,15,CLEAR,DAYLIGHT,REAR END,ONE-WAY,TRAFFIC SIGNAL,FAILING TO YIELD RIGHT-OF-WAY,FOLLOWING TOO CLOSELY,0,0,0,0,15,3,12,146,ARCHER AVE,41.876965,-87.772464,12/01/2020 04:55:00 PM,2020
CR00005194,07/01/2023 03:48:00 PM,30,RAIN,DAYLIGHT,FIXED OBJECT,ONE-WAY,NO CONTROLS,IMPROPER OVERTAKING/PASSING,NOT APPLICABLE,0,0,0,0,15,7,7,1196,LAKE SHORE DR,41.854805,-87.545323,07/01/2023 05:41:00 PM,2023
CR00005195,04/06/2018 05:56:00 PM,30,CLEAR,DARKNESS - LIGHTED ROAD,SIDESWIPE SAME DIRECTION,DIVIDED - W/MEDIAN (NOT RAISED),NO CONTROLS,UNABLE TO DETERMINE,UNABLE TO DETERMINE,0,0,3,3,17,6,4,1454,IRVING PARK RD,41.754774,-87.800105,04/06/2018 06:44:00 PM,2018
CR00005196,12/27/2019 01:09:00 PM,45,CLEAR,DAYLIGHT,ANGLE,DIVIDED - W/MEDIAN BARRIER,TRAFFIC SIGNAL,DRIVING SKILLS/KNOWLEDGE/EXPERIENCE,WEATHER,0,1,1,2,13,6,12,1490,STONY ISLAND AVE,41.815762,-87.707799,12/27/2019 03:06:00 PM,2019
CR00005197,11/20/2022 05:06:00 PM,40,CLEAR,DAYLIGHT,REAR END,NOT DIVIDED,NO CONTROLS,UNABLE TO DETERMINE,DISREGARDING TRAFFIC SIGNALS,0,2,1,3,17,1,11,1296,FULLERTON AVE,41.978427,-87.775195,11/20/2022 05:40:00 PM,2022
CR00005198,08/23/2015 04:53:00 PM,30,CLEAR,DAYLIGHT,ANGLE,NOT DIVIDED,NO CONTROLS,FOLLOWING TOO CLOSELY,UNABLE TO DETERMINE,0,1,3,4,16,1,8,174,ARCHER AVE,41.932526,-87.706761,08/23/2015 06:46:00 PM,2015
CR00005199,06/16/2018 11:41:00 AM,35,CLEAR,DARKNESS - LIGHTED ROAD,TURNING,ONE-WAY,TRAFFIC SIGNAL,DISTRACTION - FROM INSIDE VEHICLE,DISREGARDING TRAFFIC SIGNALS,0,0,1,1,11,7,6,1877,BROADWAY,41.72105,-87.771093,06/16/2018 12:40:00 PM,2018
CR00005200,04/18/2023 04:01:00 PM,15,CLEAR,DAYLIGHT,SIDESWIPE SAME DIRECTION,NOT DIVIDED,NO CONTROLS,FAILING TO YIELD RIGHT-OF-WAY,FOLLOWING TOO CLOSELY,0,1,0,1,16,3,4,2051,HALSTED ST,41.706994,-87.813413,04/18/2023 05:07:00 PM,2023
CR00005201,06/30/2016 08:04:00 AM,15,CLEAR,DAYLIGHT,TURNING,DIVIDED - W/MEDIAN (NOT RAISED),TRAFFIC SIGNAL,IMPROPER OVERTAKING/PASSING,IMPROPER LANE USAGE,0,0,0,0,8,5,6,1863,BROADWAY,41.823639,-87.747368,06/30/2016 08:24:00 AM,2016
CR00005202,06/24/2023 02:22:00 PM,30,CLOUDY/OVERCAST,DAYLIGHT,TURNING,DIVIDED - W/MEDIAN (NOT RAISED),UNKNOWN,FAILING TO YIELD RIGHT-OF-WAY,DISREGARDING TRAFFIC SIGNALS,0,0,0,0,14,7,6,789,MICHIGAN AVE,41.907231,-87.745199,06/24/2023 04:01:00 PM,2023
CR00005203,06/14/2019 06:44:00 PM,35,CLEAR,DAYLIGHT,REAR END,NOT DIVIDED,TRAFFIC SIGNAL,DISTRACTION - FROM INSIDE VEHICLE,IMPROPER OVERTAKING/PASSING,0,0,0,0,18,6,6,2135,IRVING PARK RD,41.822365,-87.763276,06/14/2019 07:55:00 PM,2019
CR00005204,08/07/2019 03:54:00 PM,45,CLEAR,DAYLIGHT,TURNING,FOUR WAY,STOP SIGN/FLASHER,UNABLE TO DETERMINE,FAILING TO YIELD RIGHT-OF-WAY,0,0,0,0,15,4,8,448,ROOSEVELT RD,41.99087,-87.761595,08/07/2019 04:27:00 PM,2019
CR00005205,10/09/2021 06:59:00 PM,25,RAIN,DAYLIGHT,TURNING,DIVIDED - W/MEDIAN BARRIER,STOP SIGN/FLASHER,UNABLE TO DETERMINE,DISTRACTION - FROM INSIDE VEHICLE,0,0,0,0,18,7,10,876,BROADWAY,41.804082,-87.719415,10/09/2021 07:43:00 PM,2021
CR00005206,08/11/2016 09:43:00 AM,35,RAIN,DAYLIGHT,REAR END,ONE-WAY,NO CONTROLS,IMPROPER LANE USAGE,FOLLOWING TOO CLOSELY,0,0,0,0,9,5,8,320,HALSTED ST,41.931623,-87.756817,08/11/2016 10:45:00 AM,2016
CR00005207,01/05/2022 02:35:00 PM,35,CLEAR,DARKNESS,REAR END,NOT DIVIDED,NO CONTROLS,UNABLE TO DETERMINE,FOLLOWING TOO CLOSELY,0,0,0,0,14,4,1,239,KEDZIE AVE,41.898456,-87.795102,01/05/2022 04:31:00 PM,2022
CR00005208,09/24/2022 11:38:00 PM,20,CLEAR,DAYLIGHT,REAR END,NOT DIVIDED,PEDESTRIAN CROSSING SIGN,IMPROPER LANE USAGE,UNABLE TO DETERMINE,0,0,0,0,23,7,9,1676,LAKE SHORE DR,41.992013,-87.74031,09/25/2022 12:17:00 AM,2022
CR00005209,06/15/2020 08:55:00 AM,30,CLEAR,DAYLIGHT,REAR END,NOT DIVIDED,TRAFFIC SIGNAL,FOLLOWING TOO CLOSELY,DRIVING SKILLS/KNOWLEDGE/EXPERIENCE,0,0,0,0,8,2,6,1259,FULLERTON AVE,41.795784,-87.613136,06/15/2020 09:54:00 AM,2020
CR00005210,06/26/2022 08:30:00 PM,40,CLEAR,DAYLIGHT,REAR END,DIVIDED - W/MEDIAN (NOT RAISED),NO CONTROLS,UNABLE TO DETERMINE,UNABLE TO DETERMINE,0,0,0,0,20,1,6,1183,WESTERN AVE,41.852176,-87.743799,06/26/2022 08:31:00 PM,2022
CR00005211,06/24/2022 03:27:00 PM,20,RAIN,DARKNESS - LIGHTED ROAD,TURNING,T-INTERSECTION,TRAFFIC SIGNAL,FOLLOWING TOO CLOSELY,FAILING TO YIELD RIGHT-OF-WAY,0,0,0,0,15,6,6,925,MICHIGAN AVE,41.844555,-87.717638,06/24/2022 05:08:00 PM,2022
CR00005212,10/18/2020 08:29:00 AM,30,CLEAR,DAYLIGHT,REAR END,NOT DIVIDED,NO CONTROLS,UNABLE TO DETERMINE,IMPROPER OVERTAKING/PASSING,0,0,0,0,8,1,10,1916,CALIFORNIA AVE,41.736844,-87.568219,10/18/2020 10:15:00 AM,2020
CR00005213,02/19/2017 05:23:00 PM,30,CLEAR,DAYLIGHT,ANGLE,T-INTERSECTION,TRAFFIC SIGNAL,IMPROPER OVERTAKING/PASSING,NOT APPLICABLE,0,0,0,0,17,1,2,2429,ELSTON AVE,41.87337,-87.757688,02/19/2017 05:58:00 PM,2017
CR00005214,03/11/2021 12:11:00 AM,30,CLEAR,DAYLIGHT,TURNING,NOT DIVIDED,NO CONTROLS,UNABLE TO DETERMINE,DISTRACTION - FROM INSIDE VEHICLE,0,0,0,0,0,5,3,2272,CALIFORNIA AVE,41.741904,-87.635013,03/11/2021 02:00:00 AM,2021
CR00005215,04/26/2024 12:21:00 PM,15,CLEAR,DAYLIGHT,ANGLE,DIVIDED - W/MEDIAN (NOT RAISED),STOP SIGN/FLASHER,DRIVING SKILLS/KNOWLEDGE/EXPERIENCE,IMPROPER OVERTAKING/PASSING,0,0,0,0,12,6,4,277,ASHLAND AVE,41.924112,-87.675493,04/26/2024 01:53:00 PM,2024
CR00005216,06/27/2016 08:47:00 PM,30,CLEAR,DAYLIGHT,TURNING,NOT DIVIDED,TRAFFIC SIGNAL,FAILING TO YIELD RIGHT-OF-WAY,UNABLE TO DETERMINE,0,0,0,0,20,2,6,244,CICERO AVE,41.995283,-87.689407,06/27/2016 09:12:00 PM,2016
CR00005217,02/06/2015 03:12:00 PM,25,CLEAR,DARKNESS - LIGHTED ROAD,REAR END,NOT DIVIDED,UNKNOWN,FOLLOWING TOO CLOSELY,FAILING TO YIELD RIGHT-OF-WAY,0,0,0,0,15,6,2,253,OGDEN AVE,41.811444,-87.729906,02/06/2015 05:12:00 PM,2015
CR00005218,12/22/2020 01:12:00 PM,40,CLEAR,DAYLIGHT,PARKED MOTOR VEHICLE,NOT DIVIDED,NO CONTROLS,IMPROPER OVERTAKING/PASSING,FOLLOWING TOO CLOSELY,0,0,1,1,13,3,12,1693,DIVISION ST,41.880338,-87.715397,12/22/2020 03:04:00 PM,2020
CR00005219,04/29/2015 07:23:00 PM,20,FREEZING RAIN/DRIZZLE,DARKNESS - LIGHTED ROAD,REAR END,ONE-WAY,TRAFFIC SIGNAL,IMPROPER OVERTAKING/PASSING,FAILING TO YIELD RIGHT-OF-WAY,0,0,0,0,19,4,4,2308,ARCHER AVE,41.7499,-87.791196,04/29/2015 08:57:00 PM,2015
CR00005220,03/15/2017 03:38:00 PM,20,RAIN,DAYLIGHT,REAR END,DIVIDED - W/MEDIAN (NOT RAISED),YIELD,DRIVING SKILLS/KNOWLEDGE/EXPERIENCE,FAILING TO YIELD RIGHT-OF-WAY,0,0,0,0,15,4,3,1061,ASHLAND AVE,41.798164,-87.805887,03/15/2017 04:13:00 PM,2017
CR00005221,02/05/2021 05:37:00 PM,45,CLEAR,DARKNESS,TURNING,DIVIDED - W/MEDIAN BARRIER,NO CONTROLS,IMPROPER OVERTAKING/PASSING,FAILING TO REDUCE SPEED,0,2,1,3,17,6,2,1584,BROADWAY,41.823716,-87.685898,02/05/2021 07:27:00 PM,2021
CR00005222,12/29/2020 03:51:00 PM,45,SNOW,DAYLIGHT,TURNING,DIVIDED - W/MEDIAN (NOT RAISED),NO CONTROLS,UNABLE TO DETERMINE,NOT APPLICABLE,0,0,0,0,15,3,12,1660,KEDZIE AVE,41.982854,-87.737174,12/29/2020 05:20:00 PM,2020
CR00005223,09/19/2022 05:40:00 PM,30,CLEAR,DAYLIGHT,REAR END,NOT DIVIDED,TRAFFIC SIGNAL,UNABLE TO DETERMINE,DISTRACTION - FROM INSIDE VEHICLE,0,0,0,0,17,2,9,480,OGDEN AVE,41.842797,-87.503309,09/19/2022 06:29:00 PM,2022
CR00005224,03/11/2018 09:59:00 PM,20,CLOUDY/OVERCAST,DAYLIGHT,REAR END,NOT DIVIDED,NO CONTROLS,FAILING TO YIELD RIGHT-OF-WAY,DRIVING SKILLS/KNOWLEDGE/EXPERIENCE,0,0,0,0,21,1,3,1080,MILWAUKEE AVE,41.923475,-87.718698,03/11/2018 10:38:00 PM,2018
CR00005225,06/26/2021 11:20:00 PM,40,CLEAR,DAYLIGHT,REAR END,DIVIDED - W/MEDIAN (NOT RAISED),NO CONTROLS,DISREGARDING TRAFFIC SIGNALS,IMPROPER OVERTAKING/PASSING,0,0,0,0,23,7,6,1100,63RD ST,41.931541,-87.666868,06/27/2021 12:50:00 AM,2021
CR00005226,01/16/2021 08:28:00 AM,35,CLEAR,DAYLIGHT,REAR END,DIVIDED - W/MEDIAN (NOT RAISED),NO CONTROLS,DISTRACTION - FROM INSIDE VEHICLE,UNABLE TO DETERMINE,0,0,0,0,8,7,1,2030,ROOSEVELT RD,41.947968,-87.697289,01/16/2021 09:57:00 AM,2021
CR00005227,05/02/2022 05:10:00 PM,15,CLEAR,DARKNESS - LIGHTED ROAD,ANGLE,FOUR WAY,NO CONTROLS,DISREGARDING TRAFFIC SIGNALS,UNABLE TO DETERMINE,0,2,0,2,17,2,5,1103,HALSTED ST,41.882713,-87.735931,05/02/2022 06:06:00 PM,2022
CR00005228,04/01/2023 08:27:00 AM,30,CLOUDY/OVERCAST,DAYLIGHT,REAR END,T-INTERSECTION,STOP SIGN/FLASHER,DISREGARDING TRAFFIC SIGNALS,IMPROPER OVERTAKING/PASSING,0,0,0,0,8,7,4,976,ASHLAND AVE,41.976784,-87.710078,04/01/2023 09:11:00 AM,2023
CR00005229,10/13/2015 05:49:00 AM,25,CLEAR,DAYLIGHT,TURNING,NOT DIVIDED,NO CONTROLS,IMPROPER OVERTAKING/PASSING,FOLLOWING TOO CLOSELY,0,0,0,0,5,3,10,491,DIVISION ST,41.953407,-87.800398,10/13/2015 06:49:00 AM,2015
CR00005230,08/30/2021 08:35:00 AM,15,RAIN,DARKNESS,TURNING,ONE-WAY,TRAFFIC SIGNAL,FOLLOWING TOO CLOSELY,FOLLOWING TOO CLOSELY,0,0,0,0,8,2,8,1290,DAMEN AVE,41.898065,-87.765103,08/30/2021 09:11:00 AM,2021
CR00005231,07/26/2021 08:15:00 AM,45,CLOUDY/OVERCAST,DAYLIGHT,TURNING,NOT DIVIDED,STOP SIGN/FLASHER,UNABLE TO DETERMINE,NOT APPLICABLE,0,0,2,2,8,2,7,1936,STATE ST,41.741726,-87.796714,07/26/2021 09:49:00 AM,2021
CR00005232,06/23/2016 06:24:00 PM,20,CLEAR,DAYLIGHT,ANGLE,NOT DIVIDED,NO CONTROLS,UNABLE TO DETERMINE,NOT APPLICABLE,0,0,0,0,18,5,6,1011,79TH ST,41.763258,-87.525662,06/23/2016 07:44:00 PM,2016
CR00005233,04/19/2020 03:40:00 AM,15,RAIN,DAWN,FIXED OBJECT,NOT DIVIDED,NO CONTROLS,FOLLOWING TOO CLOSELY,UNABLE TO DETERMINE,0,0,0,0,3,1,4,1977,63RD ST,41.925851,-87.594634,04/19/2020 04:33:00 AM,2020
CR00005234,10/01/2017 06:55:00 PM,30,RAIN,DAYLIGHT,ANGLE,FOUR WAY,NO CONTROLS,FOLLOWING TOO CLOSELY,DISTRACTION - FROM INSIDE VEHICLE,0,0,0,0,18,1,10,1245,63RD ST,41.733766,-87.76802,10/01/2017 07:23:00 PM,2017
CR00005235,05/01/2022 04:59:00 PM,30,CLEAR,DAYLIGHT,REAR TO FRONT,ONE-WAY,STOP SIGN/FLASHER,FOLLOWING TOO CLOSELY,DRIVING SKILLS/KNOWLEDGE/EXPERIENCE,0,0,0,0,16,1,5,2454,CALIFORNIA AVE,41.945957,-87.609099,05/01/2022 06:27:00 PM,2022
CR00005236,09/10/2016 11:01:00 AM,30,CLEAR,DARKNESS,REAR TO FRONT,NOT DIVIDED,STOP SIGN/FLASHER,UNABLE TO DETERMINE,NOT APPLICABLE,0,0,1,1,11,7,9,1075,ASHLAND AVE,41.742514,-87.546533,09/10/2016 12:39:00 PM,2016
CR00005237,09/09/2017 10:59:00 AM,20,CLEAR,DARKNESS,SIDESWIPE SAME DIRECTION,NOT DIVIDED,STOP SIGN/FLASHER,FOLLOWING TOO CLOSELY,DRIVING SKILLS/KNOWLEDGE/EXPERIENCE,0,0,0,0,10,7,9,1019,KEDZIE AVE,41.78748,-87.770397,09/09/2017 11:01:00 AM,2017
CR00005238,10/06/2022 07:52:00 AM,20,CLEAR,DARKNESS - LIGHTED ROAD,REAR END,ONE-WAY,NO CONTROLS,DISTRACTION - FROM INSIDE VEHICLE,NOT APPLICABLE,0,0,0,0,7,5,10,2284,DIVISION ST,41.808245,-87.561742,10/06/2022 07:54:00 AM,2022
CR00005239,06/28/2017 05:24:00 PM,15,FOG/SMOKE/HAZE,DAYLIGHT,TURNING,DIVIDED - W/MEDIAN (NOT RAISED),STOP SIGN/FLASHER,IMPROPER LANE USAGE,UNABLE TO DETERMINE,0,0,0,0,17,4,6,931,CLARK ST,41.880224,-87.567238,06/28/2017 05:56:00 PM,2017
CR00005240,07/31/2019 04:47:00 PM,35,CLEAR,DAYLIGHT,REAR END,DIVIDED - W/MEDIAN BARRIER,TRAFFIC SIGNAL,FOLLOWING TOO CLOSELY,IMPROPER OVERTAKING/PASSING,0,0,0,0,16,4,7,668,DAMEN AVE,41.88837,-87.840363,07/31/2019 05:32:00 PM,2019
CR00005241,06/09/2020 08:13:00 AM,35,CLEAR,DAYLIGHT,ANGLE,T-INTERSECTION,TRAFFIC SIGNAL,DISTRACTION - FROM INSIDE VEHICLE,UNABLE TO DETERMINE,0,0,0,0,8,3,6,2344,DAMEN AVE,41.711596,-87.698069,06/09/2020 09:23:00 AM,2020
CR00005242,05/15/2019 04:38:00 PM,30,SNOW,DAYLIGHT,REAR END,ONE-WAY,NO CONTROLS,DISREGARDING TRAFFIC SIGNALS,DISREGARDING TRAFFIC SIGNALS,0,0,0,0,16,4,5,2190,DIVISION ST,41.912254,-87.504726,05/15/2019 05:05:00 PM,2019
CR00005243,08/15/2022 08:06:00 AM,30,CLOUDY/OVERCAST,DARKNESS - LIGHTED ROAD,ANGLE,T-INTERSECTION,STOP SIGN/FLASHER,DISREGARDING TRAFFIC SIGNALS,FAILING TO YIELD RIGHT-OF-WAY,0,0,0,0,8,2,8,1101,47TH ST,41.976172,-87.67322,08/15/2022 10:00:00 AM,2022
CR00005244,05/19/2018 07:43:00 AM,15,CLEAR,DAYLIGHT,TURNING,NOT DIVIDED,TRAFFIC SIGNAL,IMPROPER OVERTAKING/PASSING,FOLLOWING TOO CLOSELY,0,0,0,0,7,7,5,1691,ARCHER AVE,41.708761,-87.706228,05/19/2018 08:48:00 AM,2018
CR00005245,11/18/2024 08:39:00 AM,15,CLEAR,DAYLIGHT,REAR END,NOT DIVIDED,NO CONTROLS,FOLLOWING TOO CLOSELY,DISTRACTION - FROM INSIDE VEHICLE,0,0,3,3,8,2,11,1881,79TH ST,41.979394,-87.719018,11/18/2024 10:03:00 AM,2024
CR00005246,03/24/2015 10:46:00 PM,45,CLOUDY/OVERCAST,DARKNESS - LIGHTED ROAD,TURNING,NOT DIVIDED,NO CONTROLS,DISTRACTION - FROM INSIDE VEHICLE,NOT APPLICABLE,0,0,0,0,22,3,3,2384,ROOSEVELT RD,41.70065,-87.841955,03/25/2015 12:42:00 AM,2015
CR00005247,04/06/2020 07:25:00 AM,35,CLEAR,DAYLIGHT,REAR END,DIVIDED - W/MEDIAN (NOT RAISED),STOP SIGN/FLASHER,FOLLOWING TOO CLOSELY,NOT APPLICABLE,0,0,0,0,7,2,4,1465,STATE ST,41.825539,-87.692612,04/06/2020 08:19:00 AM,2020
CR00005248,11/17/2015 12:53:00 PM,25,CLEAR,DAYLIGHT,SIDESWIPE SAME DIRECTION,NOT DIVIDED,STOP SIGN/FLASHER,FOLLOWING TOO CLOSELY,DRIVING SKILLS/KNOWLEDGE/EXPERIENCE,0,0,0,0,12,3,11,2509,ASHLAND AVE,41.747249,-87.647306,11/17/2015 01:27:00 PM,2015
CR00005249,01/01/2022 04:45:00 PM,35,CLEAR,DAYLIGHT,ANGLE,ONE-WAY,NO CONTROLS,FAILING TO YIELD RIGHT-OF-WAY,FAILING TO REDUCE SPEED,0,0,0,0,16,7,1,1633,BROADWAY,41.967163,-87.677898,01/01/2022 05:25:00 PM,2022
CR00005250,05/15/2017 07:07:00 PM,40,RAIN,DARKNESS - LIGHTED ROAD,ANGLE,FOUR WAY,NO CONTROLS,UNABLE TO DETERMINE,FAILING TO REDUCE SPEED,0,2,3,5,19,2,5,2122,HALSTED ST,41.853433,-87.534625,05/15/2017 08:33:00 PM,2017
CR00005251,10/30/2019 08:14:00 PM,40,CLEAR,DARKNESS,FIXED OBJECT,ONE-WAY,NO CONTROLS,UNABLE TO DETERMINE,UNABLE TO DETERMINE,0,0,0,0,20,4,10,1378,KEDZIE AVE,41.806883,-87.668318,10/30/2019 08:32:00 PM,2019
CR00005252,06/05/2022 06:02:00 PM,25,FREEZING RAIN/DRIZZLE,DARKNESS - LIGHTED ROAD,REAR TO FRONT,DIVIDED - W/MEDIAN BARRIER,TRAFFIC SIGNAL,DISTRACTION - FROM INSIDE VEHICLE,UNABLE TO DETERMINE,0,0,0,0,18,1,6,1287,STONY ISLAND AVE,41.745625,-87.797847,06/05/2022 06:04:00 PM,2022
CR00005253,07/08/2022 01:36:00 PM,30,CLEAR,DAYLIGHT,TURNING,ONE-WAY,STOP SIGN/FLASHER,UNABLE TO DETERMINE,IMPROPER LANE USAGE,0,0,0,0,13,6,7,2498,CALIFORNIA AVE,41.713614,-87.682584,07/08/2022 01:59:00 PM,2022
CR00005254,11/18/2024 06:32:00 PM,35,CLEAR,DAYLIGHT,REAR END,FOUR WAY,NO CONTROLS,UNABLE TO DETERMINE,IMPROPER OVERTAKING/PASSING,0,0,0,0,18,2,11,2261,ELSTON AVE,41.895078,-87.585982,11/18/2024 06:42:00 PM,2024
CR00005255,06/05/2022 07:52:00 PM,35,SNOW,DAYLIGHT,TURNING,DIVIDED - W/MEDIAN (NOT RAISED),TRAFFIC SIGNAL,IMPROPER LANE USAGE,DRIVING SKILLS/KNOWLEDGE/EXPERIENCE,0,0,0,0,19,1,6,2051,STATE ST,41.85609,-87.598723,06/05/2022 08:04:00 PM,2022
CR00005256,06/25/2023 07:10:00 AM,30,CLEAR,DAYLIGHT,REAR END,DIVIDED - W/MEDIAN (NOT RAISED),STOP SIGN/FLASHER,DISREGARDING TRAFFIC SIGNALS,WEATHER,0,0,3,3,7,1,6,1398,CLARK ST,41.977374,-87.509346,06/25/2023 07:49:00 AM,2023
CR00005257,08/29/2021 07:23:00 PM,30,SNOW,DARKNESS - LIGHTED ROAD,REAR END,DIVIDED - W/MEDIAN (NOT RAISED),NO CONTROLS,FAILING TO YIELD RIGHT-OF-WAY,UNABLE TO DETERMINE,0,0,2,2,19,1,8,1155,MILWAUKEE AVE,41.933935,-87.746908,08/29/2021 07:56:00 PM,2021
CR00005258,08/02/2024 04:43:00 AM,30,CLEAR,DAYLIGHT,REAR END,NOT DIVIDED,STOP SIGN/FLASHER,DRIVING SKILLS/KNOWLEDGE/EXPERIENCE,UNABLE TO DETERMINE,0,0,0,0,4,6,8,1644,LAKE SHORE DR,41.969311,-87.545694,08/02/2024 06:36:00 AM,2024
CR00005259,01/23/2024 02:19:00 AM,35,CLEAR,DAYLIGHT,TURNING,ONE-WAY,STOP SIGN/FLASHER,FAILING TO YIELD RIGHT-OF-WAY,UNABLE TO DETERMINE,0,0,1,1,2,3,1,1824,CLARK ST,41.996798,-87.52648,01/23/2024 02:36:00 AM,2024
CR00005260,05/05/2023 03:41:00 AM,30,CLEAR,DAYLIGHT,REAR END,DIVIDED - W/MEDIAN BARRIER,NO CONTROLS,DRIVING SKILLS/KNOWLEDGE/EXPERIENCE,NOT APPLICABLE,0,0,1,1,3,6,5,801,LAKE SHORE DR,41.800955,-87.582392,05/05/2023 05:17:00 AM,2023
CR00005261,10/06/2023 07:39:00 AM,20,CLEAR,DAYLIGHT,TURNING,T-INTERSECTION,NO CONTROLS,IMPROPER LANE USAGE,IMPROPER OVERTAKING/PASSING,0,0,0,0,7,6,10,764,63RD ST,41.747956,-87.662641,10/06/2023 08:49:00 AM,2023
CR00005262,01/10/2018 03:47:00 PM,35,CLEAR,DARKNESS,ANGLE,DIVIDED - W/MEDIAN (NOT RAISED),STOP SIGN/FLASHER,UNABLE TO DETERMINE,DISREGARDING TRAFFIC SIGNALS,0,0,0,0,15,4,1,996,KEDZIE AVE,41.74647,-87.571295,01/10/2018 04:29:00 PM,2018
CR00005263,08/07/2020 12:37:00 PM,40,CLEAR,DAWN,REAR END,ONE-WAY,TRAFFIC SIGNAL,UNABLE TO DETERMINE,DRIVING SKILLS/KNOWLEDGE/EXPERIENCE,0,0,0,0,12,6,8,2101,ASHLAND AVE,41.759482,-87.760525,08/07/2020 02:18:00 PM,2020
CR00005264,06/16/2019 04:16:00 PM,45,SNOW,DUSK,REAR END,T-INTERSECTION,STOP SIGN/FLASHER,DISTRACTION - FROM INSIDE VEHICLE,NOT APPLICABLE,0,0,0,0,16,1,6,844,CLARK ST,41.831737,-87.729416,06/16/2019 05:28:00 PM,2019
CR00005265,04/02/2022 09:29:00 PM,45,CLEAR,DAYLIGHT,PARKED MOTOR VEHICLE,NOT DIVIDED,NO CONTROLS,UNABLE TO DETERMINE,FOLLOWING TOO CLOSELY,0,0,0,0,21,7,4,1240,DAMEN AVE,41.70961,-87.802325,04/02/2022 10:30:00 PM,2022
CR00005266,02/07/2017 01:31:00 PM,35,CLEAR,DAYLIGHT,REAR END,FOUR WAY,NO CONTROLS,FAILING TO REDUCE SPEED,IMPROPER LANE USAGE,0,0,0,0,13,3,2,1228,STATE ST,41.986581,-87.813623,02/07/2017 02:59:00 PM,2017
CR00005267,03/20/2020 05:11:00 PM,35,CLEAR,DAYLIGHT,REAR END,FOUR WAY,NO CONTROLS,DRIVING SKILLS/KNOWLEDGE/EXPERIENCE,IMPROPER LANE USAGE,0,1,2,3,17,6,3,1122,63RD ST,41.879852,-87.645511,03/20/2020 06:50:00 PM,2020
CR00005268,04/08/2017 06:14:00 PM,35,CLEAR,DAYLIGHT,SIDESWIPE SAME DIRECTION,NOT DIVIDED,TRAFFIC SIGNAL,UNABLE TO DETERMINE,FAILING TO YIELD RIGHT-OF-WAY,0,0,0,0,18,7,4,2466,FULLERTON AVE,41.966495,-87.776668,04/08/2017 07:27:00 PM,2017
CR00005269,09/13/2022 02:31:00 PM,30,CLEAR,DARKNESS - LIGHTED ROAD,TURNING,DIVIDED - W/MEDIAN BARRIER,STOP SIGN/FLASHER,FAILING TO YIELD RIGHT-OF-WAY,UNABLE TO DETERMINE,0,0,0,0,14,3,9,1178,PULASKI RD,41.722566,-87.759507,09/13/2022 03:52:00 PM,2022
CR00005270,10/31/2024 05:57:00 PM,35,CLEAR,DAYLIGHT,SIDESWIPE SAME DIRECTION,NOT DIVIDED,TRAFFIC SIGNAL,UNABLE TO DETERMINE,IMPROPER LANE USAGE,0,2,1,3,17,5,10,1005,STONY ISLAND AVE,41.730933,-87.536261,10/31/2024 07:55:00 PM,2024
CR00005271,07/06/2016 02:25:00 PM,30,CLEAR,DAYLIGHT,REAR END,ONE-WAY,TRAFFIC SIGNAL,FOLLOWING TOO CLOSELY,FOLLOWING TOO CLOSELY,0,0,0,0,14,4,7,1006,HALSTED ST,41.84571,-87.606484,07/06/2016 02:33:00 PM,2016
CR00005272,05/16/2022 02:05:00 PM,45,CLEAR,DAYLIGHT,PARKED MOTOR VEHICLE,NOT DIVIDED,NO CONTROLS,IMPROPER OVERTAKING/PASSING,FAILING TO REDUCE SPEED,0,0,1,1,14,2,5,2531,ASHLAND AVE,41.871817,-87.772294,05/16/2022 03:36:00 PM,2022
CR00005273,10/19/2020 09:00:00 PM,15,CLOUDY/OVERCAST,DAYLIGHT,REAR TO FRONT,ONE-WAY,TRAFFIC SIGNAL,IMPROPER OVERTAKING/PASSING,FOLLOWING TOO CLOSELY,0,0,0,0,21,2,10,118,79TH ST,41.935812,-87.549608,10/19/2020 09:07:00 PM,2020