CRASH_RECORD_ID,CRASH_DATE,POSTED_SPEED_LIMIT,WEATHER_CONDITION,LIGHTING_CONDITION,FIRST_CRASH_TYPE,TRAFFICWAY_TYPE,TRAFFIC_CONTROL_DEVICE,PRIM_CONTRIBUTORY_CAUSE,SEC_CONTRIBUTORY_CAUSE,INJURIES_FATAL,INJURIES_INCAPACITATING,INJURIES_NON_INCAPACITATING,INJURIES_TOTAL,CRASH_HOUR,CRASH_DAY_OF_WEEK,CRASH_MONTH,BEAT_OF_OCCURRENCE,STREET_NAME,LATITUDE,LONGITUDE,DATE_POLICE_NOTIFIED,year
CR00005274,07/29/2016 09:36:00 PM,35,SNOW,DAYLIGHT,SIDESWIPE SAME DIRECTION,DIVIDED - W/MEDIAN (NOT RAISED),NO CONTROLS,UNABLE TO DETERMINE,WEATHER,0,0,0,0,21,6,7,2470,CALIFORNIA AVE,41.738767,-87.564262,07/29/2016 11:11:00 PM,2016
CR00005275,07/30/2019 07:48:00 AM,25,CLOUDY/OVERCAST,DARKNESS - LIGHTED ROAD,ANGLE,NOT DIVIDED,YIELD,WEATHER,FAILING TO YIELD RIGHT-OF-WAY,0,0,0,0,7,3,7,1102,ASHLAND AVE,41.748298,-87.820194,07/30/2019 09:13:00 AM,2019
CR00005276,03/22/2015 07:36:00 PM,30,CLEAR,DAYLIGHT,ANGLE,T-INTERSECTION,UNKNOWN,FOLLOWING TOO CLOSELY,DRIVING SKILLS/KNOWLEDGE/EXPERIENCE,0,0,0,0,19,1,3,2270,ROOSEVELT RD,41.86381,-87.532269,03/22/2015 08:24:00 PM,2015
CR00005277,06/18/2023 04:56:00 AM,20,CLEAR,DAYLIGHT,ANGLE,NOT DIVIDED,NO CONTROLS,DISREGARDING TRAFFIC SIGNALS,IMPROPER OVERTAKING/PASSING,0,0,1,1,4,1,6,1999,CLARK ST,41.783667,-87.792837,06/18/2023 06:03:00 AM,2023
CR00005278,08/12/2022 10:51:00 PM,35,CLEAR,DAYLIGHT,REAR END,DIVIDED - W/MEDIAN (NOT RAISED),TRAFFIC SIGNAL,DRIVING SKILLS/KNOWLEDGE/EXPERIENCE,NOT APPLICABLE,0,0,1,1,22,6,8,431,STATE ST,41.756796,-87.659375,08/13/2022 12:03:00 AM,2022
CR00005279,04/13/2015 06:24:00 PM,45,RAIN,DAYLIGHT,REAR END,NOT DIVIDED,TRAFFIC SIGNAL,FOLLOWING TOO CLOSELY,IMPROPER OVERTAKING/PASSING,0,0,0,0,18,2,4,294,ARCHER AVE,41.717208,-87.733967,04/13/2015 06:26:00 PM,2015
CR00005280,11/07/2021 05:16:00 PM,30,CLOUDY/OVERCAST,DAYLIGHT,REAR END,ONE-WAY,STOP SIGN/FLASHER,DISTRACTION - FROM INSIDE VEHICLE,DISTRACTION - FROM INSIDE VEHICLE,0,0,0,0,17,1,11,985,STONY ISLAND AVE,41.866569,-87.532283,11/07/2021 06:00:00 PM,2021
CR00005281,01/10/2021 05:18:00 PM,30,CLEAR,DAYLIGHT,ANGLE,NOT DIVIDED,STOP SIGN/FLASHER,IMPROPER OVERTAKING/PASSING,UNABLE TO DETERMINE,0,0,0,0,17,1,1,244,ELSTON AVE,41.94733,-87.670968,01/10/2021 06:32:00 PM,2021
CR00005282,02/04/2017 07:59:00 AM,35,CLEAR,DAYLIGHT,PARKED MOTOR VEHICLE,FOUR WAY,STOP SIGN/FLASHER,FOLLOWING TOO CLOSELY,UNABLE TO DETERMINE,0,0,1,1,7,7,2,1672,CALIFORNIA AVE,41.76437,-87.760098,02/04/2017 09:29:00 AM,2017
CR00005283,09/25/2023 04:14:00 PM,45,CLEAR,DARKNESS,ANGLE,DIVIDED - W/MEDIAN (NOT RAISED),TRAFFIC SIGNAL,DISTRACTION - FROM INSIDE VEHICLE,NOT APPLICABLE,0,0,0,0,16,2,9,2250,ASHLAND AVE,41.865277,-87.751282,09/25/2023 04:50:00 PM,2023
CR00005284,05/08/2017 03:43:00 PM,35,SNOW,DAYLIGHT,TURNING,DIVIDED - W/MEDIAN (NOT RAISED),STOP SIGN/FLASHER,DRIVING SKILLS/KNOWLEDGE/EXPERIENCE,DISREGARDING TRAFFIC SIGNALS,0,0,1,1,15,2,5,1121,MICHIGAN AVE,41.883634,-87.56678,05/08/2017 04:47:00 PM,2017
CR00005285,12/29/2018 12:24:00 PM,25,CLEAR,DAYLIGHT,REAR END,DIVIDED - W/MEDIAN (NOT RAISED),NO CONTROLS,FAILING TO YIELD RIGHT-OF-WAY,NOT APPLICABLE,0,0,0,0,12,7,12,2477,LAKE SHORE DR,41.854699,-87.535179,12/29/2018 02:02:00 PM,2018
CR00005286,08/06/2020 02:31:00 PM,45,CLEAR,DAYLIGHT,REAR END,DIVIDED - W/MEDIAN (NOT RAISED),TRAFFIC SIGNAL,UNABLE TO DETERMINE,DISTRACTION - FROM INSIDE VEHICLE,0,0,0,0,14,5,8,673,KEDZIE AVE,41.859745,-87.740709,08/06/2020 02:55:00 PM,2020
CR00005287,11/07/2019 04:05:00 PM,30,CLEAR,DARKNESS,SIDESWIPE SAME DIRECTION,NOT DIVIDED,YIELD,UNABLE TO DETERMINE,UNABLE TO DETERMINE,0,0,0,0,16,5,11,1510,CLARK ST,41.916039,-87.759267,11/07/2019 05:00:00 PM,2019
CR00005288,03/19/2019 04:08:00 AM,20,CLOUDY/OVERCAST,DAYLIGHT,PARKED MOTOR VEHICLE,NOT DIVIDED,TRAFFIC SIGNAL,DISTRACTION - FROM INSIDE VEHICLE,DISTRACTION - FROM INSIDE VEHICLE,0,0,0,0,4,3,3,1798,63RD ST,41.919397,-87.553705,03/19/2019 05:59:00 AM,2019
CR00005289,01/03/2020 08:06:00 AM,45,CLEAR,DARKNESS - LIGHTED ROAD,REAR END,FOUR WAY,TRAFFIC SIGNAL,DISREGARDING TRAFFIC SIGNALS,FAILING TO REDUCE SPEED,0,0,0,0,8,6,1,1406,63RD ST,41.778047,-87.807764,01/03/2020 09:28:00 AM,2020
CR00005290,02/29/2016 07:34:00 AM,25,CLEAR,DAYLIGHT,PARKED MOTOR VEHICLE,NOT DIVIDED,NO CONTROLS,FOLLOWING TOO CLOSELY,DISTRACTION - FROM INSIDE VEHICLE,0,0,0,0,7,2,2,781,ASHLAND AVE,41.982197,-87.673624,02/29/2016 09:22:00 AM,2016
CR00005291,06/25/2022 06:47:00 PM,25,CLEAR,DARKNESS - LIGHTED ROAD,REAR END,NOT DIVIDED,NO CONTROLS,DRIVING SKILLS/KNOWLEDGE/EXPERIENCE,DISREGARDING TRAFFIC SIGNALS,0,0,0,0,18,7,6,1318,ROOSEVELT RD,41.703925,-87.522353,06/25/2022 06:56:00 PM,2022
CR00005292,08/05/2017 11:46:00 AM,45,CLEAR,DAYLIGHT,TURNING,DIVIDED - W/MEDIAN (NOT RAISED),TRAFFIC SIGNAL,UNABLE TO DETERMINE,IMPROPER OVERTAKING/PASSING,0,0,0,0,11,7,8,872,OGDEN AVE,41.842376,-87.771388,08/05/2017 01:25:00 PM,2017
CR00005293,07/15/2015 06:26:00 AM,30,CLEAR,DARKNESS,SIDESWIPE SAME DIRECTION,DIVIDED - W/MEDIAN (NOT RAISED),NO CONTROLS,DISREGARDING TRAFFIC SIGNALS,UNABLE TO DETERMINE,0,0,0,0,6,4,7,1572,MICHIGAN AVE,41.865796,-87.552147,07/15/2015 07:20:00 AM,2015
CR00005294,11/05/2019 12:25:00 AM,15,RAIN,DARKNESS - LIGHTED ROAD,REAR TO FRONT,DIVIDED - W/MEDIAN (NOT RAISED),STOP SIGN/FLASHER,UNABLE TO DETERMINE,UNABLE TO DETERMINE,0,0,0,0,0,3,11,1944,47TH ST,41.851977,-87.586591,11/05/2019 12:59:00 AM,2019
CR00005295,04/19/2020 08:40:00 AM,35,CLEAR,DAYLIGHT,ANGLE,NOT DIVIDED,NO CONTROLS,FAILING TO YIELD RIGHT-OF-WAY,UNABLE TO DETERMINE,0,0,3,3,8,1,4,1902,KEDZIE AVE,41.755736,-87.597123,04/19/2020 09:17:00 AM,2020
CR00005296,07/28/2016 02:19:00 PM,35,CLEAR,DARKNESS - LIGHTED ROAD,SIDESWIPE SAME DIRECTION,FOUR WAY,NO CONTROLS,UNABLE TO DETERMINE,UNABLE TO DETERMINE,0,0,0,0,14,5,7,2226,ROOSEVELT RD,41.897705,-87.711973,07/28/2016 03:45:00 PM,2016
CR00005297,01/04/2023 10:29:00 AM,30,CLEAR,DARKNESS - LIGHTED ROAD,TURNING,NOT DIVIDED,TRAFFIC SIGNAL,UNABLE TO DETERMINE,UNABLE TO DETERMINE,0,0,2,2,10,4,1,1220,PULASKI RD,41.875751,-87.562148,01/04/2023 11:16:00 AM,2023
CR00005298,03/02/2021 09:42:00 AM,30,CLEAR,DAYLIGHT,REAR END,DIVIDED - W/MEDIAN BARRIER,NO CONTROLS,WEATHER,IMPROPER OVERTAKING/PASSING,0,0,0,0,9,3,3,611,ELSTON AVE,41.8076,-87.795907,03/02/2021 09:46:00 AM,2021
CR00005299,08/31/2015 08:40:00 AM,15,CLEAR,DARKNESS,SIDESWIPE SAME DIRECTION,FOUR WAY,TRAFFIC SIGNAL,UNABLE TO DETERMINE,FAILING TO YIELD RIGHT-OF-WAY,0,0,1,1,8,2,8,345,FULLERTON AVE,41.889529,-87.766255,08/31/2015 08:54:00 AM,2015
CR00005300,07/06/2019 07:02:00 PM,30,FREEZING RAIN/DRIZZLE,DAYLIGHT,REAR END,NOT DIVIDED,TRAFFIC SIGNAL,DRIVING SKILLS/KNOWLEDGE/EXPERIENCE,UNABLE TO DETERMINE,0,0,1,1,19,7,7,1790,DAMEN AVE,41.837903,-87.578846,07/06/2019 08:01:00 PM,2019
CR00005301,07/15/2020 02:52:00 PM,15,CLOUDY/OVERCAST,DARKNESS - LIGHTED ROAD,REAR END,DIVIDED - W/MEDIAN (NOT RAISED),NO CONTROLS,FAILING TO REDUCE SPEED,DISTRACTION - FROM INSIDE VEHICLE,0,0,0,0,14,4,7,1864,OGDEN AVE,41.850266,-87.670954,07/15/2020 03:18:00 PM,2020
CR00005302,01/17/2018 07:55:00 AM,45,CLEAR,DAYLIGHT,SIDESWIPE SAME DIRECTION,DIVIDED - W/MEDIAN (NOT RAISED),STOP SIGN/FLASHER,DISREGARDING TRAFFIC SIGNALS,DISREGARDING TRAFFIC SIGNALS,0,0,1,1,7,4,1,1883,ARCHER AVE,41.978168,-87.69703,01/17/2018 09:06:00 AM,2018
CR00005303,02/17/2020 07:29:00 AM,40,CLEAR,DARKNESS,REAR END,DIVIDED - W/MEDIAN BARRIER,NO CONTROLS,IMPROPER OVERTAKING/PASSING,FAILING TO YIELD RIGHT-OF-WAY,0,0,0,0,7,2,2,857,63RD ST,41.847734,-87.656744,02/17/2020 08:54:00 AM,2020
CR00005304,08/29/2017 03:02:00 PM,45,CLEAR,DAYLIGHT,REAR END,ONE-WAY,TRAFFIC SIGNAL,IMPROPER OVERTAKING/PASSING,FAILING TO REDUCE SPEED,0,0,0,0,15,3,8,2081,CICERO AVE,41.944049,-87.679096,08/29/2017 04:43:00 PM,2017
CR00005305,11/08/2024 07:26:00 PM,45,RAIN,DAYLIGHT,REAR END,FOUR WAY,STOP SIGN/FLASHER,UNABLE TO DETERMINE,FAILING TO YIELD RIGHT-OF-WAY,0,0,1,1,19,6,11,919,IRVING PARK RD,41.975973,-87.831818,11/08/2024 09:20:00 PM,2024
CR00005306,08/17/2016 07:33:00 AM,45,CLEAR,DAYLIGHT,REAR END,NOT DIVIDED,YIELD,FOLLOWING TOO CLOSELY,IMPROPER OVERTAKING/PASSING,0,0,0,0,7,4,8,718,ROOSEVELT RD,41.921161,-87.79144,08/17/2016 08:31:00 AM,2016
CR00005307,04/09/2024 02:36:00 AM,35,CLEAR,DARKNESS - LIGHTED ROAD,TURNING,NOT DIVIDED,STOP SIGN/FLASHER,FAILING TO YIELD RIGHT-OF-WAY,FAILING TO YIELD RIGHT-OF-WAY,0,0,0,0,2,3,4,959,CALIFORNIA AVE,41.972482,-87.661622,04/09/2024 04:35:00 AM,2024
CR00005308,02/29/2024 12:29:00 PM,20,CLEAR,DAYLIGHT,ANGLE,NOT DIVIDED,STOP SIGN/FLASHER,IMPROPER OVERTAKING/PASSING,FAILING TO REDUCE SPEED,0,0,1,1,12,5,2,1407,WESTERN AVE,41.844292,-87.632711,02/29/2024 01:46:00 PM,2024
CR00005309,11/05/2018 08:00:00 AM,15,CLEAR,DAYLIGHT,TURNING,ONE-WAY,NO CONTROLS,FAILING TO YIELD RIGHT-OF-WAY,UNABLE TO DETERMINE,0,0,0,0,8,2,11,439,79TH ST,41.887531,-87.775574,11/05/2018 08:49:00 AM,2018
CR00005310,01/20/2021 06:35:00 PM,15,CLEAR,DAYLIGHT,REAR TO FRONT,NOT DIVIDED,NO CONTROLS,DISREGARDING TRAFFIC SIGNALS,DRIVING SKILLS/KNOWLEDGE/EXPERIENCE,0,0,0,0,18,4,1,363,MICHIGAN AVE,41.967905,-87.785593,01/20/2021 07:38:00 PM,2021
CR00005311,03/23/2019 02:19:00 AM,30,RAIN,DAYLIGHT,REAR END,ONE-WAY,NO CONTROLS,IMPROPER LANE USAGE,UNABLE TO DETERMINE,0,1,2,3,2,7,3,2134,MILWAUKEE AVE,41.830889,-87.500533,03/23/2019 03:52:00 AM,2019
CR00005312,09/07/2020 08:54:00 PM,30,RAIN,DAYLIGHT,TURNING,FOUR WAY,NO CONTROLS,UNABLE TO DETERMINE,IMPROPER OVERTAKING/PASSING,0,0,0,0,20,2,9,313,CICERO AVE,41.856297,-87.795016,09/07/2020 09:51:00 PM,2020
CR00005313,08/17/2021 07:16:00 AM,45,RAIN,DAYLIGHT,REAR END,NOT DIVIDED,TRAFFIC SIGNAL,UNABLE TO DETERMINE,NOT APPLICABLE,0,0,0,0,7,3,8,392,DIVISION ST,41.838993,-87.635706,08/17/2021 08:18:00 AM,2021
CR00005314,04/02/2017 11:07:00 AM,20,CLEAR,DAYLIGHT,REAR END,DIVIDED - W/MEDIAN BARRIER,TRAFFIC SIGNAL,FAILING TO YIELD RIGHT-OF-WAY,UNABLE TO DETERMINE,0,0,1,1,11,1,4,988,MILWAUKEE AVE,41.824893,-87.831498,04/02/2017 12:51:00 PM,2017
CR00005315,10/29/2016 10:09:00 AM,30,CLEAR,DARKNESS,PEDESTRIAN,ONE-WAY,NO CONTROLS,FOLLOWING TOO CLOSELY,FOLLOWING TOO CLOSELY,0,0,0,0,10,7,10,1318,STONY ISLAND AVE,41.730866,-87.646892,10/29/2016 10:45:00 AM,2016
CR00005316,02/16/2022 05:51:00 PM,35,CLEAR,DAWN,REAR END,FOUR WAY,STOP SIGN/FLASHER,DRIVING SKILLS/KNOWLEDGE/EXPERIENCE,IMPROPER OVERTAKING/PASSING,0,0,0,0,17,4,2,2486,47TH ST,41.740058,-87.754751,02/16/2022 07:42:00 PM,2022
CR00005317,05/03/2023 07:42:00 AM,45,CLEAR,DAYLIGHT,ANGLE,FOUR WAY,NO CONTROLS,FAILING TO YIELD RIGHT-OF-WAY,FAILING TO REDUCE SPEED,0,0,0,0,7,4,5,2445,ROOSEVELT RD,41.784705,-87.509514,05/03/2023 08:01:00 AM,2023
CR00005318,10/26/2024 06:38:00 PM,35,CLEAR,DAYLIGHT,REAR END,NOT DIVIDED,TRAFFIC SIGNAL,FAILING TO YIELD RIGHT-OF-WAY,FOLLOWING TOO CLOSELY,0,0,0,0,18,7,10,2254,BROADWAY,41.823132,-87.616636,10/26/2024 06:40:00 PM,2024
CR00005319,12/20/2018 06:05:00 AM,30,RAIN,DAYLIGHT,ANGLE,DIVIDED - W/MEDIAN BARRIER,NO CONTROLS,FAILING TO REDUCE SPEED,FAILING TO REDUCE SPEED,0,0,0,0,6,5,12,309,DAMEN AVE,41.97419,-87.766753,12/20/2018 06:52:00 AM,2018
CR00005320,06/26/2019 05:01:00 PM,35,SNOW,DAYLIGHT,PARKED MOTOR VEHICLE,NOT DIVIDED,NO CONTROLS,FAILING TO YIELD RIGHT-OF-WAY,UNABLE TO DETERMINE,0,0,0,0,17,4,6,264,ELSTON AVE,41.954633,-87.500566,06/26/2019 06:03:00 PM,2019
CR00005321,11/29/2023 09:46:00 AM,35,CLEAR,DUSK,PARKED MOTOR VEHICLE,FOUR WAY,NO CONTROLS,IMPROPER OVERTAKING/PASSING,DRIVING SKILLS/KNOWLEDGE/EXPERIENCE,0,0,0,0,9,4,11,665,IRVING PARK RD,41.764147,-87.837958,11/29/2023 09:50:00 AM,2023
CR00005322,07/30/2024 09:27:00 AM,45,CLOUDY/OVERCAST,DARKNESS - LIGHTED ROAD,FIXED OBJECT,ONE-WAY,TRAFFIC SIGNAL,UNABLE TO DETERMINE,NOT APPLICABLE,0,0,0,0,9,3,7,365,FULLERTON AVE,41.985166,-87.845303,07/30/2024 10:54:00 AM,2024
CR00005323,02/12/2016 09:24:00 PM,20,CLEAR,DAYLIGHT,REAR END,DIVIDED - W/MEDIAN (NOT RAISED),TRAFFIC SIGNAL,UNABLE TO DETERMINE,UNABLE TO DETERMINE,0,0,0,0,21,6,2,1205,LAKE SHORE DR,41.70199,-87.618924,02/12/2016 10:43:00 PM,2016
CR00005324,01/24/2017 06:20:00 AM,45,CLEAR,DAYLIGHT,ANGLE,DIVIDED - W/MEDIAN (NOT RAISED),NO CONTROLS,IMPROPER OVERTAKING/PASSING,NOT APPLICABLE,0,0,0,0,6,3,1,340,STONY ISLAND AVE,41.841527,-87.616919,01/24/2017 06:23:00 AM,2017
CR00005325,02/10/2015 03:42:00 AM,15,SNOW,DAYLIGHT,REAR TO FRONT,ONE-WAY,TRAFFIC SIGNAL,DRIVING SKILLS/KNOWLEDGE/EXPERIENCE,IMPROPER LANE USAGE,0,0,0,0,3,3,2,148,PULASKI RD,41.981572,-87.520634,02/10/2015 04:29:00 AM,2015
CR00005326,04/26/2022 11:59:00 AM,25,CLEAR,DAYLIGHT,FIXED OBJECT,NOT DIVIDED,NO CONTROLS,DISTRACTION - FROM INSIDE VEHICLE,UNABLE TO DETERMINE,0,0,0,0,11,3,4,1155,DIVISION ST,41.881717,-87.757772,04/26/2022 12:28:00 PM,2022
CR00005327,12/01/2016 06:49:00 PM,30,CLEAR,DAYLIGHT,REAR END,DIVIDED - W/MEDIAN (NOT RAISED),TRAFFIC SIGNAL,DISTRACTION - FROM INSIDE VEHICLE,DISTRACTION - FROM INSIDE VEHICLE,0,0,0,0,18,5,12,930,MICHIGAN AVE,41.893487,-87.820683,12/01/2016 07:12:00 PM,2016
CR00005328,10/06/2022 01:13:00 AM,35,CLOUDY/OVERCAST,DARKNESS - LIGHTED ROAD,REAR END,NOT DIVIDED,STOP SIGN/FLASHER,FAILING TO REDUCE SPEED,FAILING TO REDUCE SPEED,0,0,0,0,1,5,10,2080,79TH ST,41.721901,-87.802721,10/06/2022 02:16:00 AM,2022
CR00005329,12/15/2017 10:31:00 AM,35,RAIN,DUSK,ANGLE,NOT DIVIDED,UNKNOWN,DRIVING SKILLS/KNOWLEDGE/EXPERIENCE,IMPROPER OVERTAKING/PASSING,0,2,0,2,10,6,12,1817,BROADWAY,41.736304,-87.839267,12/15/2017 12:06:00 PM,2017
CR00005330,05/22/2020 03:19:00 PM,30,CLOUDY/OVERCAST,DAYLIGHT,TURNING,DIVIDED - W/MEDIAN BARRIER,PEDESTRIAN CROSSING SIGN,IMPROPER OVERTAKING/PASSING,DRIVING SKILLS/KNOWLEDGE/EXPERIENCE,0,0,0,0,15,6,5,1317,MICHIGAN AVE,41.996153,-87.780678,05/22/2020 04:41:00 PM,2020
CR00005331,02/10/2020 02:49:00 AM,15,CLEAR,DAYLIGHT,REAR TO FRONT,DIVIDED - W/MEDIAN (NOT RAISED),NO CONTROLS,UNABLE TO DETERMINE,FAILING TO YIELD RIGHT-OF-WAY,0,0,0,0,2,2,2,970,LAKE SHORE DR,41.722064,-87.584054,02/10/2020 04:17:00 AM,2020
CR00005332,11/29/2022 11:01:00 AM,30,CLEAR,DAYLIGHT,TURNING,NOT DIVIDED,UNKNOWN,DISTRACTION - FROM INSIDE VEHICLE,WEATHER,0,0,0,0,11,3,11,2060,ELSTON AVE,41.793858,-87.772758,11/29/2022 12:34:00 PM,2022
CR00005333,06/18/2023 11:18:00 PM,30,CLEAR,DAYLIGHT,SIDESWIPE SAME DIRECTION,FOUR WAY,STOP SIGN/FLASHER,UNABLE TO DETERMINE,NOT APPLICABLE,0,0,1,1,23,1,6,1873,WESTERN AVE,41.823751,-87.545518,06/19/2023 12:03:00 AM,2023
CR00005334,11/22/2016 02:53:00 PM,45,CLEAR,DAYLIGHT,REAR END,FOUR WAY,TRAFFIC SIGNAL,IMPROPER OVERTAKING/PASSING,UNABLE TO DETERMINE,0,0,0,0,14,3,11,632,STONY ISLAND AVE,41.977431,-87.709491,11/22/2016 04:12:00 PM,2016
CR00005335,10/11/2021 10:47:00 AM,20,CLEAR,DAWN,REAR END,ONE-WAY,NO CONTROLS,IMPROPER LANE USAGE,DISTRACTION - FROM INSIDE VEHICLE,0,0,0,0,10,2,10,1183,WESTERN AVE,41.876235,-87.678769,10/11/2021 10:58:00 AM,2021
CR00005336,06/12/2021 08:50:00 PM,40,RAIN,DAYLIGHT,PARKED MOTOR VEHICLE,DIVIDED - W/MEDIAN (NOT RAISED),NO CONTROLS,DISREGARDING TRAFFIC SIGNALS,FAILING TO YIELD RIGHT-OF-WAY,0,0,0,0,20,7,6,2246,63RD ST,41.805592,-87.686252,06/12/2021 10:38:00 PM,2021
CR00005337,01/10/2016 08:53:00 PM,25,RAIN,DAYLIGHT,ANGLE,NOT DIVIDED,NO CONTROLS,UNABLE TO DETERMINE,DISREGARDING TRAFFIC SIGNALS,0,0,0,0,20,1,1,782,ASHLAND AVE,41.763266,-87.53886,01/10/2016 09:22:00 PM,2016
CR00005338,05/18/2017 04:18:00 PM,30,FOG/SMOKE/HAZE,DAYLIGHT,REAR END,FOUR WAY,NO CONTROLS,FOLLOWING TOO CLOSELY,DISREGARDING TRAFFIC SIGNALS,0,0,0,0,16,5,5,778,DIVISION ST,41.76527,-87.817328,05/18/2017 04:50:00 PM,2017
CR00005339,09/17/2018 12:00:00 PM,15,RAIN,DAYLIGHT,ANGLE,ONE-WAY,STOP SIGN/FLASHER,UNABLE TO DETERMINE,UNABLE TO DETERMINE,0,0,0,0,12,2,9,795,WESTERN AVE,41.925617,-87.641318,09/17/2018 01:28:00 PM,2018
CR00005340,08/20/2023 02:22:00 PM,30,CLEAR,DARKNESS - LIGHTED ROAD,REAR END,NOT DIVIDED,TRAFFIC SIGNAL,FAILING TO YIELD RIGHT-OF-WAY,UNABLE TO DETERMINE,0,0,0,0,14,1,8,1882,47TH ST,41.705955,-87.606777,08/20/2023 03:04:00 PM,2023
CR00005341,10/25/2016 08:52:00 AM,30,CLEAR,DAYLIGHT,ANGLE,NOT DIVIDED,NO CONTROLS,FAILING TO YIELD RIGHT-OF-WAY,UNABLE TO DETERMINE,0,0,0,0,8,3,10,1542,DIVISION ST,41.735121,-87.765374,10/25/2016 09:54:00 AM,2016
CR00005342,09/16/2019 07:31:00 AM,35,FOG/SMOKE/HAZE,DAYLIGHT,REAR TO FRONT,FOUR WAY,NO CONTROLS,FOLLOWING TOO CLOSELY,UNABLE TO DETERMINE,0,0,0,0,7,2,9,1975,63RD ST,41.704296,-87.592499,09/16/2019 08:34:00 AM,2019
CR00005343,09/27/2017 05:28:00 PM,20,CLEAR,DAYLIGHT,REAR END,NOT DIVIDED,TRAFFIC SIGNAL,FAILING TO YIELD RIGHT-OF-WAY,WEATHER,0,0,3,3,17,4,9,1709,DIVISION ST,41.864498,-87.768969,09/27/2017 06:43:00 PM,2017
CR00005344,06/24/2018 04:50:00 AM,30,RAIN,DARKNESS - LIGHTED ROAD,ANGLE,ONE-WAY,UNKNOWN,DRIVING SKILLS/KNOWLEDGE/EXPERIENCE,FOLLOWING TOO CLOSELY,0,0,0,0,4,1,6,762,DIVISION ST,41.720979,-87.745948,06/24/2018 05:04:00 AM,2018
CR00005345,02/16/2019 09:45:00 AM,25,CLEAR,DAYLIGHT,REAR END,ONE-WAY,UNKNOWN,DISTRACTION - FROM INSIDE VEHICLE,DRIVING SKILLS/KNOWLEDGE/EXPERIENCE,0,0,3,3,9,7,2,2174,ARCHER AVE,41.978211,-87.760543,02/16/2019 11:22:00 AM,2019
CR00005346,08/13/2019 06:14:00 PM,25,CLEAR,DAYLIGHT,REAR TO FRONT,NOT DIVIDED,NO CONTROLS,FOLLOWING TOO CLOSELY,DISTRACTION - FROM INSIDE VEHICLE,0,0,0,0,18,3,8,471,BROADWAY,41.754915,-87.65922,08/13/2019 06:57:00 PM,2019
CR00005347,12/29/2017 04:56:00 PM,35,CLEAR,DAYLIGHT,REAR END,NOT DIVIDED,TRAFFIC SIGNAL,IMPROPER OVERTAKING/PASSING,UNABLE TO DETERMINE,0,1,1,2,16,6,12,1078,DIVISION ST,41.870229,-87.708146,12/29/2017 06:06:00 PM,2017
CR00005348,02/12/2019 07:02:00 PM,40,CLEAR,DAYLIGHT,SIDESWIPE SAME DIRECTION,DIVIDED - W/MEDIAN BARRIER,TRAFFIC SIGNAL,DISTRACTION - FROM INSIDE VEHICLE,FOLLOWING TOO CLOSELY,0,0,0,0,19,3,2,135,HALSTED ST,41.864419,-87.546412,02/12/2019 08:13:00 PM,2019
CR00005349,03/25/2023 09:04:00 PM,40,CLEAR,DAYLIGHT,TURNING,FOUR WAY,TRAFFIC SIGNAL,UNABLE TO DETERMINE,FAILING TO REDUCE SPEED,0,0,0,0,21,7,3,1673,HALSTED ST,41.862197,-87.834179,03/25/2023 09:59:00 PM,2023
CR00005350,08/08/2016 09:43:00 AM,30,CLEAR,DAYLIGHT,TURNING,DIVIDED - W/MEDIAN BARRIER,TRAFFIC SIGNAL,DISTRACTION - FROM INSIDE VEHICLE,IMPROPER OVERTAKING/PASSING,0,0,0,0,9,2,8,625,MICHIGAN AVE,41.931184,-87.515278,08/08/2016 10:26:00 AM,2016
CR00005351,10/16/2018 06:22:00 PM,25,CLEAR,DAYLIGHT,TURNING,ONE-WAY,STOP SIGN/FLASHER,FOLLOWING TOO CLOSELY,NOT APPLICABLE,0,1,3,4,18,3,10,1239,BROADWAY,41.788961,-87.525143,10/16/2018 07:50:00 PM,2018
CR00005352,02/08/2016 02:14:00 PM,30,CLEAR,DARKNESS - LIGHTED ROAD,PEDESTRIAN,DIVIDED - W/MEDIAN BARRIER,NO CONTROLS,FAILING TO YIELD RIGHT-OF-WAY,DISREGARDING TRAFFIC SIGNALS,0,0,0,0,14,2,2,2104,CLARK ST,41.820434,-87.703357,02/08/2016 03:19:00 PM,2016
CR00005353,01/20/2015 05:47:00 PM,40,CLEAR,DARKNESS - LIGHTED ROAD,REAR END,NOT DIVIDED,UNKNOWN,IMPROPER OVERTAKING/PASSING,DISREGARDING TRAFFIC SIGNALS,0,0,0,0,17,3,1,366,ASHLAND AVE,41.747063,-87.839535,01/20/2015 07:09:00 PM,2015
CR00005354,04/16/2015 01:18:00 PM,25,CLEAR,DARKNESS,REAR TO FRONT,ONE-WAY,TRAFFIC SIGNAL,IMPROPER LANE USAGE,DISTRACTION - FROM INSIDE VEHICLE,0,0,0,0,13,5,4,2188,WESTERN AVE,41.967254,-87.799316,04/16/2015 01:43:00 PM,2015
CR00005355,09/11/2015 08:34:00 PM,30,CLEAR,DARKNESS - LIGHTED ROAD,PARKED MOTOR VEHICLE,NOT DIVIDED,TRAFFIC SIGNAL,FAILING TO REDUCE SPEED,NOT APPLICABLE,0,0,0,0,20,6,9,1447,STATE ST,41.953143,-87.815453,09/11/2015 09:42:00 PM,2015
CR00005356,10/29/2015 06:04:00 PM,45,CLEAR,DAYLIGHT,TURNING,T-INTERSECTION,STOP SIGN/FLASHER,UNABLE TO DETERMINE,FOLLOWING TOO CLOSELY,0,0,0,0,18,5,10,2378,STONY ISLAND AVE,41.998591,-87.788925,10/29/2015 06:23:00 PM,2015