CRASH_RECORD_ID,CRASH_DATE,POSTED_SPEED_LIMIT,WEATHER_CONDITION,LIGHTING_CONDITION,FIRST_CRASH_TYPE,TRAFFICWAY_TYPE,TRAFFIC_CONTROL_DEVICE,PRIM_CONTRIBUTORY_CAUSE,SEC_CONTRIBUTORY_CAUSE,INJURIES_FATAL,INJURIES_INCAPACITATING,INJURIES_NON_INCAPACITATING,INJURIES_TOTAL,CRASH_HOUR,CRASH_DAY_OF_WEEK,CRASH_MONTH,BEAT_OF_OCCURRENCE,STREET_NAME,LATITUDE,LONGITUDE,DATE_POLICE_NOTIFIED,year
CR00005357,10/17/2023 07:07:00 PM,25,CLOUDY/OVERCAST,DAYLIGHT,ANGLE,DIVIDED - W/MEDIAN (NOT RAISED),TRAFFIC SIGNAL,IMPROPER OVERTAKING/PASSING,DRIVING SKILLS/KNOWLEDGE/EXPERIENCE,0,0,0,0,19,3,10,687,KEDZIE AVE,41.747549,-87.579322,10/17/2023 07:48:00 PM,2023
CR00005358,12/15/2023 06:37:00 PM,30,RAIN,DAYLIGHT,FIXED OBJECT,ONE-WAY,TRAFFIC SIGNAL,UNABLE TO DETERMINE,IMPROPER OVERTAKING/PASSING,0,0,0,0,18,6,12,2381,LAKE SHORE DR,41.796934,-87.598203,12/15/2023 07:30:00 PM,2023
CR00005359,03/27/2024 05:42:00 PM,20,CLEAR,DAWN,ANGLE,FOUR WAY,TRAFFIC SIGNAL,FAILING TO REDUCE SPEED,UNABLE TO DETERMINE,0,0,0,0,17,4,3,1256,47TH ST,41.800229,-87.596677,03/27/2024 07:41:00 PM,2024
CR00005360,10/25/2020 07:33:00 AM,35,RAIN,DARKNESS - LIGHTED ROAD,TURNING,NOT DIVIDED,TRAFFIC SIGNAL,UNABLE TO DETERMINE,FAILING TO REDUCE SPEED,0,0,0,0,7,1,10,1786,IRVING PARK RD,41.705425,-87.698287,10/25/2020 08:01:00 AM,2020
CR00005361,09/09/2023 02:46:00 PM,30,CLEAR,DAYLIGHT,TURNING,FOUR WAY,UNKNOWN,IMPROPER LANE USAGE,UNABLE TO DETERMINE,0,0,0,0,14,7,9,1734,CLARK ST,41.950286,-87.588657,09/09/2023 03:01:00 PM,2023
CR00005362,07/14/2015 03:44:00 PM,25,SNOW,DARKNESS - LIGHTED ROAD,REAR END,DIVIDED - W/MEDIAN BARRIER,NO CONTROLS,IMPROPER OVERTAKING/PASSING,FOLLOWING TOO CLOSELY,0,0,0,0,15,3,7,2505,MILWAUKEE AVE,41.713779,-87.508664,07/14/2015 05:30:00 PM,2015
CR00005363,12/18/2022 05:26:00 PM,25,CLEAR,DAYLIGHT,PARKED MOTOR VEHICLE,DIVIDED - W/MEDIAN BARRIER,NO CONTROLS,DISREGARDING TRAFFIC SIGNALS,UNABLE TO DETERMINE,0,0,0,0,17,1,12,1083,63RD ST,41.953329,-87.818815,12/18/2022 05:58:00 PM,2022
CR00005364,03/07/2024 04:18:00 AM,30,CLEAR,DAYLIGHT,TURNING,NOT DIVIDED,PEDESTRIAN CROSSING SIGN,FOLLOWING TOO CLOSELY,DISREGARDING TRAFFIC SIGNALS,0,0,0,0,4,5,3,580,STATE ST,41.725185,-87.790717,03/07/2024 06:02:00 AM,2024
CR00005365,06/16/2017 10:13:00 AM,35,SNOW,DARKNESS - LIGHTED ROAD,REAR TO FRONT,FOUR WAY,NO CONTROLS,UNABLE TO DETERMINE,FAILING TO YIELD RIGHT-OF-WAY,0,0,0,0,10,6,6,383,PULASKI RD,41.744468,-87.828677,06/16/2017 11:21:00 AM,2017
CR00005366,03/02/2017 09:44:00 AM,25,CLOUDY/OVERCAST,DARKNESS - LIGHTED ROAD,REAR END,NOT DIVIDED,STOP SIGN/FLASHER,FOLLOWING TOO CLOSELY,UNABLE TO DETERMINE,0,0,0,0,9,5,3,2218,MICHIGAN AVE,41.807947,-87.743812,03/02/2017 11:04:00 AM,2017
CR00005367,12/15/2018 11:55:00 PM,20,CLEAR,DARKNESS - LIGHTED ROAD,ANGLE,DIVIDED - W/MEDIAN (NOT RAISED),NO CONTROLS,UNABLE TO DETERMINE,UNABLE TO DETERMINE,0,0,2,2,23,7,12,1720,DIVISION ST,41.703246,-87.681165,12/16/2018 01:29:00 AM,2018
CR00005368,03/13/2016 03:56:00 PM,20,CLEAR,DARKNESS - LIGHTED ROAD,TURNING,FOUR WAY,UNKNOWN,WEATHER,UNABLE TO DETERMINE,0,0,1,1,15,1,3,426,63RD ST,41.793744,-87.786234,03/13/2016 04:33:00 PM,2016
CR00005369,03/07/2016 02:03:00 PM,35,CLEAR,DARKNESS - LIGHTED ROAD,REAR END,NOT DIVIDED,NO CONTROLS,DISREGARDING TRAFFIC SIGNALS,IMPROPER OVERTAKING/PASSING,0,0,0,0,14,2,3,595,LAKE SHORE DR,41.748781,-87.740021,03/07/2016 03:23:00 PM,2016
CR00005370,11/27/2016 11:02:00 PM,35,FREEZING RAIN/DRIZZLE,DAYLIGHT,PARKED MOTOR VEHICLE,ONE-WAY,NO CONTROLS,UNABLE TO DETERMINE,UNABLE TO DETERMINE,0,0,0,0,23,1,11,1539,STONY ISLAND AVE,41.861408,-87.532597,11/27/2016 11:23:00 PM,2016
CR00005371,04/24/2016 05:48:00 AM,35,CLOUDY/OVERCAST,DAYLIGHT,TURNING,FOUR WAY,TRAFFIC SIGNAL,FAILING TO REDUCE SPEED,NOT APPLICABLE,0,0,2,2,5,1,4,470,ARCHER AVE,41.736806,-87.505466,04/24/2016 07:33:00 AM,2016
CR00005372,07/28/2019 09:27:00 AM,35,RAIN,DARKNESS,TURNING,FOUR WAY,NO CONTROLS,FOLLOWING TOO CLOSELY,WEATHER,0,0,0,0,9,1,7,1427,BROADWAY,41.985882,-87.754562,07/28/2019 10:53:00 AM,2019
CR00005373,06/12/2021 12:00:00 PM,30,CLEAR,DAYLIGHT,REAR TO FRONT,FOUR WAY,STOP SIGN/FLASHER,DISREGARDING TRAFFIC SIGNALS,IMPROPER OVERTAKING/PASSING,0,0,0,0,12,7,6,1367,DIVISION ST,41.824401,-87.51698,06/12/2021 01:07:00 PM,2021
CR00005374,11/28/2016 04:40:00 PM,30,CLOUDY/OVERCAST,DAYLIGHT,SIDESWIPE SAME DIRECTION,DIVIDED - W/MEDIAN (NOT RAISED),PEDESTRIAN CROSSING SIGN,FOLLOWING TOO CLOSELY,UNABLE TO DETERMINE,0,0,2,2,16,2,11,580,MICHIGAN AVE,41.989348,-87.56636,11/28/2016 04:50:00 PM,2016
CR00005375,09/24/2017 07:05:00 AM,35,CLOUDY/OVERCAST,DAYLIGHT,SIDESWIPE SAME DIRECTION,NOT DIVIDED,TRAFFIC SIGNAL,DRIVING SKILLS/KNOWLEDGE/EXPERIENCE,NOT APPLICABLE,0,0,0,0,7,1,9,938,FULLERTON AVE,41.906038,-87.678831,09/24/2017 07:12:00 AM,2017
CR00005376,05/12/2023 05:36:00 PM,30,CLEAR,DARKNESS - LIGHTED ROAD,PARKED MOTOR VEHICLE,FOUR WAY,NO CONTROLS,FAILING TO YIELD RIGHT-OF-WAY,UNABLE TO DETERMINE,0,0,3,3,17,6,5,2202,MILWAUKEE AVE,41.914068,-87.843664,05/12/2023 05:42:00 PM,2023
CR00005377,01/12/2023 12:10:00 AM,30,CLEAR,DAYLIGHT,PARKED MOTOR VEHICLE,NOT DIVIDED,YIELD,UNABLE TO DETERMINE,FAILING TO REDUCE SPEED,0,0,0,0,0,5,1,1411,LAKE SHORE DR,41.819626,-87.831677,01/12/2023 01:05:00 AM,2023
CR00005378,12/08/2019 01:53:00 PM,45,CLOUDY/OVERCAST,DAYLIGHT,TURNING,NOT DIVIDED,NO CONTROLS,FAILING TO YIELD RIGHT-OF-WAY,FOLLOWING TOO CLOSELY,0,0,0,0,13,1,12,733,ELSTON AVE,41.726038,-87.51321,12/08/2019 02:43:00 PM,2019
CR00005379,08/24/2019 08:22:00 AM,30,CLEAR,DAYLIGHT,SIDESWIPE SAME DIRECTION,NOT DIVIDED,NO CONTROLS,WEATHER,DRIVING SKILLS/KNOWLEDGE/EXPERIENCE,0,0,3,3,8,7,8,2335,HALSTED ST,41.958391,-87.73194,08/24/2019 09:19:00 AM,2019
CR00005380,07/18/2018 04:41:00 PM,25,CLEAR,DAYLIGHT,TURNING,NOT DIVIDED,NO CONTROLS,DRIVING SKILLS/KNOWLEDGE/EXPERIENCE,WEATHER,0,0,0,0,16,4,7,341,BROADWAY,41.773619,-87.618614,07/18/2018 05:25:00 PM,2018
CR00005381,07/28/2023 06:31:00 AM,30,CLEAR,DARKNESS,REAR END,NOT DIVIDED,NO CONTROLS,FAILING TO YIELD RIGHT-OF-WAY,UNABLE TO DETERMINE,0,0,0,0,6,6,7,540,WESTERN AVE,41.88019,-87.652641,07/28/2023 07:08:00 AM,2023
CR00005382,07/14/2018 05:40:00 PM,35,CLEAR,DAYLIGHT,REAR END,DIVIDED - W/MEDIAN BARRIER,NO CONTROLS,DRIVING SKILLS/KNOWLEDGE/EXPERIENCE,FAILING TO YIELD RIGHT-OF-WAY,0,0,0,0,17,7,7,2172,CALIFORNIA AVE,41.930005,-87.840221,07/14/2018 07:21:00 PM,2018
CR00005383,04/07/2016 06:27:00 PM,30,RAIN,DAYLIGHT,REAR END,NOT DIVIDED,STOP SIGN/FLASHER,UNABLE TO DETERMINE,UNABLE TO DETERMINE,0,0,0,0,18,5,4,288,DIVISION ST,41.844364,-87.575403,04/07/2016 08:17:00 PM,2016
CR00005384,03/16/2016 07:17:00 AM,35,RAIN,DAYLIGHT,REAR END,ONE-WAY,TRAFFIC SIGNAL,IMPROPER LANE USAGE,FOLLOWING TOO CLOSELY,0,0,0,0,7,4,3,1995,DIVISION ST,41.857689,-87.801739,03/16/2016 08:45:00 AM,2016
CR00005385,03/01/2017 05:33:00 PM,20,CLEAR,DARKNESS - LIGHTED ROAD,TURNING,NOT DIVIDED,NO CONTROLS,UNABLE TO DETERMINE,DRIVING SKILLS/KNOWLEDGE/EXPERIENCE,0,1,2,3,17,4,3,735,IRVING PARK RD,41.880592,-87.629917,03/01/2017 06:27:00 PM,2017
CR00005386,07/18/2023 07:43:00 AM,30,SNOW,DARKNESS - LIGHTED ROAD,REAR END,DIVIDED - W/MEDIAN (NOT RAISED),UNKNOWN,UNABLE TO DETERMINE,FOLLOWING TOO CLOSELY,0,0,1,1,7,3,7,640,IRVING PARK RD,41.771908,-87.775836,07/18/2023 08:24:00 AM,2023
CR00005387,02/25/2022 11:01:00 AM,40,CLEAR,DAYLIGHT,REAR END,DIVIDED - W/MEDIAN (NOT RAISED),STOP SIGN/FLASHER,FAILING TO YIELD RIGHT-OF-WAY,FAILING TO YIELD RIGHT-OF-WAY,0,0,0,0,11,6,2,1907,LAKE SHORE DR,41.984811,-87.551307,02/25/2022 12:22:00 PM,2022
CR00005388,07/22/2019 03:46:00 PM,35,CLEAR,DAYLIGHT,REAR END,ONE-WAY,STOP SIGN/FLASHER,FOLLOWING TOO CLOSELY,NOT APPLICABLE,0,0,0,0,15,2,7,2158,KEDZIE AVE,41.839559,-87.530278,07/22/2019 04:51:00 PM,2019
CR00005389,10/05/2021 03:08:00 PM,25,RAIN,DAYLIGHT,TURNING,ONE-WAY,STOP SIGN/FLASHER,DRIVING SKILLS/KNOWLEDGE/EXPERIENCE,FAILING TO YIELD RIGHT-OF-WAY,0,0,0,0,15,3,10,1549,CALIFORNIA AVE,41.711823,-87.603877,10/05/2021 03:36:00 PM,2021
CR00005390,06/24/2018 03:49:00 PM,15,CLEAR,DUSK,REAR END,ONE-WAY,UNKNOWN,DISREGARDING TRAFFIC SIGNALS,IMPROPER OVERTAKING/PASSING,0,0,0,0,15,1,6,1566,WESTERN AVE,41.934352,-87.765162,06/24/2018 04:49:00 PM,2018
CR00005391,01/10/2015 08:33:00 AM,30,CLEAR,DARKNESS - LIGHTED ROAD,ANGLE,NOT DIVIDED,NO CONTROLS,FAILING TO YIELD RIGHT-OF-WAY,NOT APPLICABLE,0,0,0,0,8,7,1,937,CICERO AVE,41.91602,-87.745424,01/10/2015 08:41:00 AM,2015
CR00005392,12/17/2018 12:00:00 AM,30,CLEAR,DARKNESS,ANGLE,DIVIDED - W/MEDIAN (NOT RAISED),STOP SIGN/FLASHER,DRIVING SKILLS/KNOWLEDGE/EXPERIENCE,FOLLOWING TOO CLOSELY,0,0,0,0,0,2,12,853,MILWAUKEE AVE,41.908084,-87.776502,12/17/2018 01:26:00 AM,2018
CR00005393,09/06/2018 01:04:00 PM,35,CLEAR,DAYLIGHT,REAR END,DIVIDED - W/MEDIAN (NOT RAISED),TRAFFIC SIGNAL,UNABLE TO DETERMINE,UNABLE TO DETERMINE,0,0,0,0,13,5,9,2236,ROOSEVELT RD,41.974924,-87.827868,09/06/2018 02:39:00 PM,2018
CR00005394,03/22/2017 08:49:00 AM,35,RAIN,DAYLIGHT,FIXED OBJECT,DIVIDED - W/MEDIAN BARRIER,YIELD,UNABLE TO DETERMINE,DISTRACTION - FROM INSIDE VEHICLE,0,0,0,0,8,4,3,1599,HALSTED ST,41.903784,-87.670977,03/22/2017 09:05:00 AM,2017
CR00005395,12/05/2017 06:46:00 PM,35,CLEAR,DAYLIGHT,REAR TO FRONT,DIVIDED - W/MEDIAN BARRIER,NO CONTROLS,FOLLOWING TOO CLOSELY,IMPROPER LANE USAGE,0,0,0,0,18,3,12,2482,WESTERN AVE,41.948049,-87.783449,12/05/2017 08:14:00 PM,2017
CR00005396,11/23/2017 07:51:00 PM,30,RAIN,DAYLIGHT,PEDESTRIAN,ONE-WAY,STOP SIGN/FLASHER,DRIVING SKILLS/KNOWLEDGE/EXPERIENCE,UNABLE TO DETERMINE,0,0,0,0,19,5,11,2184,ROOSEVELT RD,41.913173,-87.825865,11/23/2017 09:51:00 PM,2017
CR00005397,04/06/2018 09:45:00 AM,30,CLEAR,DARKNESS,SIDESWIPE SAME DIRECTION,NOT DIVIDED,NO CONTROLS,DISTRACTION - FROM INSIDE VEHICLE,UNABLE TO DETERMINE,0,0,0,0,9,6,4,1390,FULLERTON AVE,41.944662,-87.742371,04/06/2018 11:26:00 AM,2018
CR00005398,12/24/2018 05:04:00 PM,30,CLEAR,DARKNESS - LIGHTED ROAD,REAR TO FRONT,DIVIDED - W/MEDIAN BARRIER,NO CONTROLS,DISREGARDING TRAFFIC SIGNALS,DISREGARDING TRAFFIC SIGNALS,0,0,0,0,17,2,12,2153,STONY ISLAND AVE,41.746795,-87.708975,12/24/2018 06:19:00 PM,2018
CR00005399,02/27/2016 03:27:00 AM,20,SNOW,DAYLIGHT,REAR END,DIVIDED - W/MEDIAN BARRIER,TRAFFIC SIGNAL,UNABLE TO DETERMINE,FOLLOWING TOO CLOSELY,0,0,0,0,3,7,2,232,CICERO AVE,41.814548,-87.572688,02/27/2016 03:45:00 AM,2016
CR00005400,04/08/2017 08:46:00 AM,20,CLEAR,DARKNESS - LIGHTED ROAD,REAR END,NOT DIVIDED,NO CONTROLS,DISREGARDING TRAFFIC SIGNALS,UNABLE TO DETERMINE,0,0,1,1,8,7,4,174,STONY ISLAND AVE,41.89387,-87.74353,04/08/2017 10:29:00 AM,2017
CR00005401,11/15/2024 11:39:00 AM,30,CLEAR,DAYLIGHT,PARKED MOTOR VEHICLE,NOT DIVIDED,STOP SIGN/FLASHER,IMPROPER OVERTAKING/PASSING,FOLLOWING TOO CLOSELY,0,0,0,0,11,6,11,789,79TH ST,41.856652,-87.722446,11/15/2024 01:37:00 PM,2024
CR00005402,06/21/2019 12:34:00 AM,25,FOG/SMOKE/HAZE,DAYLIGHT,PARKED MOTOR VEHICLE,FOUR WAY,NO CONTROLS,FOLLOWING TOO CLOSELY,WEATHER,0,0,0,0,0,6,6,1073,IRVING PARK RD,41.713332,-87.505906,06/21/2019 01:25:00 AM,2019
CR00005403,07/21/2018 08:50:00 AM,35,RAIN,DAYLIGHT,TURNING,NOT DIVIDED,NO CONTROLS,IMPROPER OVERTAKING/PASSING,UNABLE TO DETERMINE,0,0,0,0,8,7,7,1112,DAMEN AVE,41.808221,-87.641646,07/21/2018 09:31:00 AM,2018
CR00005404,11/16/2022 03:39:00 PM,35,CLEAR,DAYLIGHT,SIDESWIPE SAME DIRECTION,NOT DIVIDED,NO CONTROLS,FAILING TO YIELD RIGHT-OF-WAY,NOT APPLICABLE,0,0,0,0,15,4,11,850,LAKE SHORE DR,41.935381,-87.640019,11/16/2022 04:06:00 PM,2022
CR00005405,06/02/2020 08:29:00 AM,40,CLEAR,DAYLIGHT,ANGLE,ONE-WAY,TRAFFIC SIGNAL,IMPROPER LANE USAGE,NOT APPLICABLE,0,0,0,0,8,3,6,169,ARCHER AVE,41.862696,-87.535504,06/02/2020 08:45:00 AM,2020
CR00005406,09/06/2016 04:06:00 PM,15,CLEAR,DAYLIGHT,SIDESWIPE SAME DIRECTION,ONE-WAY,TRAFFIC SIGNAL,DRIVING SKILLS/KNOWLEDGE/EXPERIENCE,UNABLE TO DETERMINE,0,0,0,0,16,3,9,1427,CALIFORNIA AVE,41.785247,-87.832434,09/06/2016 04:09:00 PM,2016
CR00005407,03/26/2017 07:13:00 AM,35,FOG/SMOKE/HAZE,DAYLIGHT,PARKED MOTOR VEHICLE,DIVIDED - W/MEDIAN (NOT RAISED),NO CONTROLS,UNABLE TO DETERMINE,NOT APPLICABLE,0,0,0,0,7,1,3,1596,79TH ST,41.746958,-87.566449,03/26/2017 07:43:00 AM,2017
CR00005408,08/11/2017 08:43:00 AM,35,CLEAR,DARKNESS,TURNING,ONE-WAY,UNKNOWN,FAILING TO YIELD RIGHT-OF-WAY,DISTRACTION - FROM INSIDE VEHICLE,0,0,0,0,8,6,8,349,47TH ST,41.933337,-87.84994,08/11/2017 08:56:00 AM,2017
CR00005409,09/02/2019 02:39:00 AM,30,CLEAR,DAYLIGHT,REAR END,DIVIDED - W/MEDIAN BARRIER,UNKNOWN,DISREGARDING TRAFFIC SIGNALS,UNABLE TO DETERMINE,0,0,3,3,2,2,9,1283,BROADWAY,41.860847,-87.726424,09/02/2019 04:37:00 AM,2019
CR00005410,08/14/2018 09:34:00 AM,15,CLEAR,DAYLIGHT,TURNING,NOT DIVIDED,STOP SIGN/FLASHER,FOLLOWING TOO CLOSELY,NOT APPLICABLE,0,0,1,1,9,3,8,221,CICERO AVE,41.752021,-87.566607,08/14/2018 11:26:00 AM,2018
CR00005411,09/22/2021 09:05:00 PM,45,CLEAR,DAYLIGHT,SIDESWIPE SAME DIRECTION,DIVIDED - W/MEDIAN (NOT RAISED),STOP SIGN/FLASHER,FAILING TO REDUCE SPEED,UNABLE TO DETERMINE,0,0,0,0,21,4,9,146,BROADWAY,41.880583,-87.671428,09/22/2021 10:02:00 PM,2021
CR00005412,01/21/2017 07:20:00 AM,30,CLEAR,DARKNESS - LIGHTED ROAD,PARKED MOTOR VEHICLE,NOT DIVIDED,STOP SIGN/FLASHER,UNABLE TO DETERMINE,UNABLE TO DETERMINE,0,1,2,3,7,7,1,2405,MICHIGAN AVE,41.799916,-87.822814,01/21/2017 08:48:00 AM,2017
CR00005413,08/02/2019 01:44:00 AM,15,CLEAR,DAYLIGHT,REAR END,DIVIDED - W/MEDIAN BARRIER,TRAFFIC SIGNAL,IMPROPER OVERTAKING/PASSING,IMPROPER LANE USAGE,0,0,0,0,1,6,8,1657,MILWAUKEE AVE,41.784158,-87.843726,08/02/2019 03:17:00 AM,2019
CR00005414,06/08/2016 03:13:00 PM,30,CLEAR,DUSK,REAR END,NOT DIVIDED,UNKNOWN,FOLLOWING TOO CLOSELY,IMPROPER LANE USAGE,0,0,0,0,15,4,6,2162,STONY ISLAND AVE,41.936701,-87.549142,06/08/2016 04:25:00 PM,2016
CR00005415,07/24/2016 10:05:00 PM,20,CLEAR,DAYLIGHT,FIXED OBJECT,NOT DIVIDED,STOP SIGN/FLASHER,FOLLOWING TOO CLOSELY,FOLLOWING TOO CLOSELY,0,0,0,0,22,1,7,1508,CICERO AVE,41.879336,-87.69287,07/24/2016 10:07:00 PM,2016
CR00005416,06/10/2019 05:26:00 PM,40,SNOW,DAYLIGHT,PARKED MOTOR VEHICLE,ONE-WAY,TRAFFIC SIGNAL,FOLLOWING TOO CLOSELY,UNABLE TO DETERMINE,0,0,0,0,17,2,6,599,MILWAUKEE AVE,41.846538,-87.764717,06/10/2019 05:30:00 PM,2019
CR00005417,01/02/2023 02:51:00 AM,20,RAIN,DAYLIGHT,FIXED OBJECT,DIVIDED - W/MEDIAN BARRIER,TRAFFIC SIGNAL,FAILING TO YIELD RIGHT-OF-WAY,FOLLOWING TOO CLOSELY,0,0,1,1,2,2,1,1390,FULLERTON AVE,41.772616,-87.764659,01/02/2023 04:09:00 AM,2023
CR00005418,02/25/2018 04:01:00 PM,25,CLOUDY/OVERCAST,DUSK,ANGLE,FOUR WAY,TRAFFIC SIGNAL,DRIVING SKILLS/KNOWLEDGE/EXPERIENCE,DISTRACTION - FROM INSIDE VEHICLE,0,0,0,0,16,1,2,1717,PULASKI RD,41.716436,-87.614974,02/25/2018 05:44:00 PM,2018
CR00005419,01/14/2020 07:22:00 AM,30,CLEAR,DAYLIGHT,REAR END,DIVIDED - W/MEDIAN (NOT RAISED),PEDESTRIAN CROSSING SIGN,DRIVING SKILLS/KNOWLEDGE/EXPERIENCE,UNABLE TO DETERMINE,0,0,0,0,7,3,1,683,WESTERN AVE,41.958216,-87.641723,01/14/2020 07:47:00 AM,2020
CR00005420,08/08/2018 08:50:00 AM,40,CLEAR,DAYLIGHT,SIDESWIPE SAME DIRECTION,NOT DIVIDED,NO CONTROLS,UNABLE TO DETERMINE,FAILING TO YIELD RIGHT-OF-WAY,0,0,3,3,8,4,8,1642,CICERO AVE,41.733435,-87.762407,08/08/2018 09:50:00 AM,2018
CR00005421,05/13/2015 08:35:00 AM,30,FOG/SMOKE/HAZE,DAYLIGHT,FIXED OBJECT,NOT DIVIDED,TRAFFIC SIGNAL,FOLLOWING TOO CLOSELY,UNABLE TO DETERMINE,0,0,0,0,8,4,5,1092,PULASKI RD,41.73567,-87.705496,05/13/2015 08:36:00 AM,2015
CR00005422,11/12/2024 04:48:00 PM,30,CLEAR,DARKNESS,TURNING,NOT DIVIDED,STOP SIGN/FLASHER,IMPROPER LANE USAGE,IMPROPER OVERTAKING/PASSING,0,0,0,0,16,3,11,2112,WESTERN AVE,41.886259,-87.562687,11/12/2024 06:06:00 PM,2024
CR00005423,04/29/2020 01:13:00 AM,30,CLEAR,DARKNESS - LIGHTED ROAD,SIDESWIPE SAME DIRECTION,NOT DIVIDED,NO CONTROLS,FAILING TO YIELD RIGHT-OF-WAY,IMPROPER LANE USAGE,0,0,0,0,1,4,4,521,FULLERTON AVE,41.813358,-87.824711,04/29/2020 01:59:00 AM,2020
CR00005424,11/19/2024 12:48:00 PM,20,SNOW,DARKNESS - LIGHTED ROAD,PEDESTRIAN,NOT DIVIDED,NO CONTROLS,FOLLOWING TOO CLOSELY,FOLLOWING TOO CLOSELY,0,0,0,0,12,3,11,2452,PULASKI RD,41.945279,-87.575163,11/19/2024 01:27:00 PM,2024
CR00005425,11/16/2019 11:19:00 AM,45,CLEAR,DAYLIGHT,REAR END,FOUR WAY,STOP SIGN/FLASHER,DRIVING SKILLS/KNOWLEDGE/EXPERIENCE,DRIVING SKILLS/KNOWLEDGE/EXPERIENCE,0,0,0,0,11,7,11,1685,DAMEN AVE,41.849057,-87.59,11/16/2019 11:38:00 AM,2019
CR00005426,07/10/2019 04:59:00 AM,30,RAIN,DAWN,REAR TO FRONT,ONE-WAY,STOP SIGN/FLASHER,UNABLE TO DETERMINE,UNABLE TO DETERMINE,0,0,2,2,4,4,7,1802,CICERO AVE,41.961846,-87.554357,07/10/2019 05:56:00 AM,2019
CR00005427,03/04/2021 02:09:00 AM,30,CLEAR,DAYLIGHT,TURNING,NOT DIVIDED,TRAFFIC SIGNAL,DISTRACTION - FROM INSIDE VEHICLE,NOT APPLICABLE,0,1,2,3,2,5,3,744,79TH ST,41.970114,-87.688345,03/04/2021 03:52:00 AM,2021
CR00005428,11/17/2017 07:17:00 PM,35,CLEAR,DAYLIGHT,SIDESWIPE SAME DIRECTION,DIVIDED - W/MEDIAN (NOT RAISED),TRAFFIC SIGNAL,DRIVING SKILLS/KNOWLEDGE/EXPERIENCE,IMPROPER LANE USAGE,0,0,0,0,19,6,11,499,MILWAUKEE AVE,41.934243,-87.533923,11/17/2017 07:21:00 PM,2017
CR00005429,11/23/2023 12:39:00 PM,20,CLEAR,DAYLIGHT,SIDESWIPE SAME DIRECTION,DIVIDED - W/MEDIAN BARRIER,TRAFFIC SIGNAL,UNABLE TO DETERMINE,IMPROPER OVERTAKING/PASSING,0,0,0,0,12,5,11,1311,HALSTED ST,41.860604,-87.686793,11/23/2023 01:26:00 PM,2023
CR00005430,10/11/2016 07:10:00 AM,30,CLEAR,DAYLIGHT,REAR END,NOT DIVIDED,NO CONTROLS,FOLLOWING TOO CLOSELY,UNABLE TO DETERMINE,0,0,0,0,7,3,10,1091,STONY ISLAND AVE,41.757595,-87.502146,10/11/2016 08:11:00 AM,2016
CR00005431,09/27/2017 07:48:00 AM,15,CLEAR,DUSK,REAR END,ONE-WAY,STOP SIGN/FLASHER,UNABLE TO DETERMINE,FAILING TO REDUCE SPEED,0,0,0,0,7,4,9,2445,MILWAUKEE AVE,41.927572,-87.803191,09/27/2017 09:44:00 AM,2017
CR00005432,06/18/2017 03:18:00 PM,30,CLEAR,DAYLIGHT,REAR END,FOUR WAY,NO CONTROLS,FOLLOWING TOO CLOSELY,FAILING TO REDUCE SPEED,0,0,0,0,15,1,6,1453,ASHLAND AVE,41.963211,-87.82523,06/18/2017 04:24:00 PM,2017
CR00005433,04/12/2022 09:38:00 AM,30,RAIN,DAYLIGHT,TURNING,DIVIDED - W/MEDIAN BARRIER,NO CONTROLS,FAILING TO YIELD RIGHT-OF-WAY,FAILING TO REDUCE SPEED,0,0,0,0,9,3,4,2038,HALSTED ST,41.762485,-87.526847,04/12/2022 09:51:00 AM,2022
CR00005434,03/15/2023 08:03:00 PM,35,CLEAR,DAYLIGHT,FIXED OBJECT,NOT DIVIDED,NO CONTROLS,DRIVING SKILLS/KNOWLEDGE/EXPERIENCE,NOT APPLICABLE,0,0,0,0,20,4,3,1850,ARCHER AVE,41.760444,-87.82512,03/15/2023 09:51:00 PM,2023
CR00005435,12/18/2020 07:25:00 AM,20,CLEAR,DAYLIGHT,REAR END,NOT DIVIDED,STOP SIGN/FLASHER,UNABLE TO DETERMINE,DRIVING SKILLS/KNOWLEDGE/EXPERIENCE,0,0,0,0,7,6,12,1893,FULLERTON AVE,41.707845,-87.816205,12/18/2020 08:14:00 AM,2020
CR00005436,07/17/2023 08:17:00 PM,30,CLEAR,DUSK,ANGLE,DIVIDED - W/MEDIAN (NOT RAISED),TRAFFIC SIGNAL,UNABLE TO DETERMINE,FOLLOWING TOO CLOSELY,0,0,0,0,20,2,7,1746,DIVISION ST,41.763354,-87.526133,07/17/2023 08:18:00 PM,2023
CR00005437,10/31/2020 08:59:00 AM,40,CLEAR,DAYLIGHT,ANGLE,FOUR WAY,NO CONTROLS,IMPROPER LANE USAGE,UNABLE TO DETERMINE,0,0,0,0,8,7,10,2408,CICERO AVE,41.882709,-87.647568,10/31/2020 10:29:00 AM,2020
CR00005438,04/02/2020 03:44:00 PM,35,CLEAR,DARKNESS - LIGHTED ROAD,REAR END,DIVIDED - W/MEDIAN (NOT RAISED),STOP SIGN/FLASHER,FOLLOWING TOO CLOSELY,FAILING TO YIELD RIGHT-OF-WAY,0,0,0,0,15,5,4,2132,OGDEN AVE,41.872614,-87.60924,04/02/2020 04:08:00 PM,2020