CRASH_RECORD_ID,CRASH_DATE,POSTED_SPEED_LIMIT,WEATHER_CONDITION,LIGHTING_CONDITION,FIRST_CRASH_TYPE,TRAFFICWAY_TYPE,TRAFFIC_CONTROL_DEVICE,PRIM_CONTRIBUTORY_CAUSE,SEC_CONTRIBUTORY_CAUSE,INJURIES_FATAL,INJURIES_INCAPACITATING,INJURIES_NON_INCAPACITATING,INJURIES_TOTAL,CRASH_HOUR,CRASH_DAY_OF_WEEK,CRASH_MONTH,BEAT_OF_OCCURRENCE,STREET_NAME,LATITUDE,LONGITUDE,DATE_POLICE_NOTIFIED,year
CR00005439,09/11/2018 05:35:00 PM,35,CLEAR,DARKNESS,REAR TO FRONT,DIVIDED - W/MEDIAN BARRIER,NO CONTROLS,DISREGARDING TRAFFIC SIGNALS,FOLLOWING TOO CLOSELY,0,0,0,0,17,3,9,1372,ASHLAND AVE,41.819025,-87.806991,09/11/2018 05:46:00 PM,2018
CR00005440,11/16/2018 11:24:00 PM,35,CLEAR,DARKNESS - LIGHTED ROAD,ANGLE,NOT DIVIDED,NO CONTROLS,DRIVING SKILLS/KNOWLEDGE/EXPERIENCE,UNABLE TO DETERMINE,0,0,0,0,23,6,11,983,HALSTED ST,41.78579,-87.518372,11/17/2018 01:13:00 AM,2018
CR00005441,01/15/2021 08:07:00 PM,45,SNOW,DAYLIGHT,TURNING,ONE-WAY,NO CONTROLS,DISTRACTION - FROM INSIDE VEHICLE,FOLLOWING TOO CLOSELY,0,0,0,0,20,6,1,1397,CALIFORNIA AVE,41.704238,-87.816813,01/15/2021 08:31:00 PM,2021
CR00005442,02/14/2017 11:10:00 AM,30,RAIN,DARKNESS - LIGHTED ROAD,REAR END,NOT DIVIDED,NO CONTROLS,UNABLE TO DETERMINE,FOLLOWING TOO CLOSELY,0,0,0,0,11,3,2,1866,ROOSEVELT RD,41.710471,-87.693481,02/14/2017 12:40:00 PM,2017
CR00005443,03/03/2019 07:31:00 AM,30,CLEAR,DAYLIGHT,REAR END,NOT DIVIDED,STOP SIGN/FLASHER,UNABLE TO DETERMINE,IMPROPER LANE USAGE,0,0,0,0,7,1,3,330,MICHIGAN AVE,41.991647,-87.758197,03/03/2019 08:27:00 AM,2019
CR00005444,12/03/2020 10:11:00 PM,35,CLEAR,DARKNESS - LIGHTED ROAD,PARKED MOTOR VEHICLE,NOT DIVIDED,TRAFFIC SIGNAL,WEATHER,UNABLE TO DETERMINE,0,0,0,0,22,5,12,899,CALIFORNIA AVE,41.729756,-87.585156,12/03/2020 10:44:00 PM,2020
CR00005445,05/14/2015 05:59:00 PM,45,CLEAR,DARKNESS,REAR END,NOT DIVIDED,NO CONTROLS,IMPROPER OVERTAKING/PASSING,DISREGARDING TRAFFIC SIGNALS,0,0,0,0,17,5,5,1874,ASHLAND AVE,41.804636,-87.825692,05/14/2015 07:45:00 PM,2015
CR00005446,12/09/2018 04:16:00 PM,40,FOG/SMOKE/HAZE,DARKNESS - LIGHTED ROAD,FIXED OBJECT,NOT DIVIDED,NO CONTROLS,UNABLE TO DETERMINE,FOLLOWING TOO CLOSELY,0,0,0,0,16,1,12,591,ELSTON AVE,41.804143,-87.820466,12/09/2018 06:13:00 PM,2018
CR00005447,09/06/2018 03:13:00 PM,30,CLEAR,DAYLIGHT,PARKED MOTOR VEHICLE,DIVIDED - W/MEDIAN (NOT RAISED),NO CONTROLS,DISREGARDING TRAFFIC SIGNALS,NOT APPLICABLE,0,0,1,1,15,5,9,2293,CICERO AVE,41.886932,-87.727268,09/06/2018 03:17:00 PM,2018
CR00005448,01/01/2018 10:34:00 PM,35,SNOW,DAYLIGHT,ANGLE,DIVIDED - W/MEDIAN BARRIER,NO CONTROLS,DRIVING SKILLS/KNOWLEDGE/EXPERIENCE,IMPROPER OVERTAKING/PASSING,0,0,0,0,22,2,1,876,ASHLAND AVE,41.768664,-87.709331,01/01/2018 11:56:00 PM,2018
CR00005449,05/15/2020 07:35:00 PM,30,SNOW,DUSK,TURNING,ONE-WAY,TRAFFIC SIGNAL,UNABLE TO DETERMINE,IMPROPER LANE USAGE,0,0,2,2,19,6,5,726,BROADWAY,41.787194,-87.564334,05/15/2020 08:41:00 PM,2020
CR00005450,09/27/2015 03:44:00 PM,30,CLEAR,DARKNESS - LIGHTED ROAD,PARKED MOTOR VEHICLE,NOT DIVIDED,STOP SIGN/FLASHER,UNABLE TO DETERMINE,UNABLE TO DETERMINE,0,0,2,2,15,1,9,589,BROADWAY,41.949705,-87.797971,09/27/2015 05:14:00 PM,2015
CR00005451,05/12/2016 02:08:00 AM,35,CLEAR,DAYLIGHT,REAR END,NOT DIVIDED,UNKNOWN,IMPROPER OVERTAKING/PASSING,DRIVING SKILLS/KNOWLEDGE/EXPERIENCE,0,0,0,0,2,5,5,2022,MICHIGAN AVE,41.732487,-87.812864,05/12/2016 02:21:00 AM,2016
CR00005452,05/03/2020 10:32:00 AM,15,CLEAR,DAYLIGHT,ANGLE,NOT DIVIDED,STOP SIGN/FLASHER,IMPROPER OVERTAKING/PASSING,WEATHER,0,0,0,0,10,1,5,330,79TH ST,41.740704,-87.596065,05/03/2020 11:32:00 AM,2020
CR00005453,11/24/2015 01:43:00 PM,40,CLEAR,DAYLIGHT,TURNING,ONE-WAY,NO CONTROLS,IMPROPER LANE USAGE,FAILING TO YIELD RIGHT-OF-WAY,0,0,0,0,13,3,11,2130,DAMEN AVE,41.737389,-87.804609,11/24/2015 02:24:00 PM,2015
CR00005454,06/30/2020 07:16:00 PM,35,CLEAR,DARKNESS - LIGHTED ROAD,TURNING,ONE-WAY,STOP SIGN/FLASHER,DISREGARDING TRAFFIC SIGNALS,WEATHER,0,0,0,0,19,3,6,2244,ELSTON AVE,41.820722,-87.503118,06/30/2020 07:23:00 PM,2020
CR00005455,04/29/2022 10:50:00 AM,30,CLEAR,DAYLIGHT,PEDESTRIAN,FOUR WAY,YIELD,DRIVING SKILLS/KNOWLEDGE/EXPERIENCE,DRIVING SKILLS/KNOWLEDGE/EXPERIENCE,0,0,0,0,10,6,4,1754,CLARK ST,41.793616,-87.616987,04/29/2022 11:27:00 AM,2022
CR00005456,07/22/2024 12:14:00 PM,30,CLEAR,DAYLIGHT,TURNING,DIVIDED - W/MEDIAN (NOT RAISED),NO CONTROLS,IMPROPER OVERTAKING/PASSING,NOT APPLICABLE,0,0,0,0,12,2,7,1802,DAMEN AVE,41.867703,-87.503718,07/22/2024 12:52:00 PM,2024
CR00005457,12/27/2019 09:06:00 AM,35,CLEAR,DAYLIGHT,REAR END,NOT DIVIDED,NO CONTROLS,UNABLE TO DETERMINE,FAILING TO YIELD RIGHT-OF-WAY,0,0,0,0,9,6,12,2307,ASHLAND AVE,41.751585,-87.556713,12/27/2019 09:18:00 AM,2019
CR00005458,03/14/2021 01:33:00 PM,30,CLEAR,DARKNESS,TURNING,DIVIDED - W/MEDIAN (NOT RAISED),YIELD,FAILING TO REDUCE SPEED,IMPROPER LANE USAGE,0,0,0,0,13,1,3,2113,LAKE SHORE DR,41.954235,-87.713198,03/14/2021 02:12:00 PM,2021
CR00005459,09/17/2015 12:18:00 AM,40,CLEAR,DAYLIGHT,FIXED OBJECT,NOT DIVIDED,NO CONTROLS,UNABLE TO DETERMINE,NOT APPLICABLE,0,0,0,0,0,5,9,1344,STONY ISLAND AVE,41.991258,-87.673298,09/17/2015 02:06:00 AM,2015
CR00005460,04/23/2017 12:39:00 PM,15,CLEAR,DAYLIGHT,TURNING,NOT DIVIDED,NO CONTROLS,FAILING TO YIELD RIGHT-OF-WAY,UNABLE TO DETERMINE,0,0,0,0,12,1,4,2050,STONY ISLAND AVE,41.962433,-87.626471,04/23/2017 12:41:00 PM,2017
CR00005461,09/03/2018 04:55:00 PM,30,CLEAR,DARKNESS,ANGLE,NOT DIVIDED,UNKNOWN,DRIVING SKILLS/KNOWLEDGE/EXPERIENCE,IMPROPER OVERTAKING/PASSING,0,0,0,0,16,2,9,1159,HALSTED ST,41.852025,-87.815514,09/03/2018 06:16:00 PM,2018
CR00005462,08/19/2019 07:22:00 AM,20,FREEZING RAIN/DRIZZLE,DUSK,TURNING,NOT DIVIDED,TRAFFIC SIGNAL,FAILING TO YIELD RIGHT-OF-WAY,IMPROPER OVERTAKING/PASSING,0,0,0,0,7,2,8,884,MICHIGAN AVE,41.793478,-87.809119,08/19/2019 07:44:00 AM,2019
CR00005463,12/14/2022 08:02:00 AM,45,CLEAR,DAYLIGHT,ANGLE,FOUR WAY,TRAFFIC SIGNAL,UNABLE TO DETERMINE,IMPROPER LANE USAGE,0,0,0,0,8,4,12,2023,IRVING PARK RD,41.72855,-87.547143,12/14/2022 09:29:00 AM,2022
CR00005464,03/07/2018 09:49:00 PM,30,CLEAR,DAYLIGHT,SIDESWIPE SAME DIRECTION,ONE-WAY,STOP SIGN/FLASHER,FOLLOWING TOO CLOSELY,FAILING TO REDUCE SPEED,0,0,0,0,21,4,3,1630,DIVISION ST,41.750634,-87.598583,03/07/2018 10:19:00 PM,2018
CR00005465,11/10/2019 09:51:00 AM,35,CLEAR,DAYLIGHT,SIDESWIPE SAME DIRECTION,ONE-WAY,NO CONTROLS,FAILING TO YIELD RIGHT-OF-WAY,DISREGARDING TRAFFIC SIGNALS,0,0,0,0,9,1,11,2239,ASHLAND AVE,41.991114,-87.620695,11/10/2019 10:31:00 AM,2019
CR00005466,07/21/2018 11:20:00 AM,15,SNOW,DAYLIGHT,ANGLE,FOUR WAY,TRAFFIC SIGNAL,WEATHER,UNABLE TO DETERMINE,0,0,0,0,11,7,7,127,CLARK ST,41.758053,-87.63705,07/21/2018 12:57:00 PM,2018
CR00005467,01/26/2017 09:50:00 AM,40,RAIN,DARKNESS - LIGHTED ROAD,REAR END,NOT DIVIDED,NO CONTROLS,FOLLOWING TOO CLOSELY,IMPROPER OVERTAKING/PASSING,0,0,0,0,9,5,1,478,CALIFORNIA AVE,41.988354,-87.759077,01/26/2017 10:38:00 AM,2017
CR00005468,11/08/2019 04:50:00 PM,30,RAIN,DARKNESS - LIGHTED ROAD,SIDESWIPE SAME DIRECTION,NOT DIVIDED,TRAFFIC SIGNAL,DISREGARDING TRAFFIC SIGNALS,NOT APPLICABLE,0,0,0,0,16,6,11,1206,ROOSEVELT RD,41.757678,-87.561606,11/08/2019 06:42:00 PM,2019
CR00005469,01/27/2020 02:09:00 PM,45,CLEAR,DARKNESS - LIGHTED ROAD,TURNING,T-INTERSECTION,NO CONTROLS,FOLLOWING TOO CLOSELY,UNABLE TO DETERMINE,0,0,0,0,14,2,1,199,63RD ST,41.981617,-87.79606,01/27/2020 02:13:00 PM,2020
CR00005470,03/13/2018 08:24:00 PM,20,CLEAR,DARKNESS - LIGHTED ROAD,TURNING,DIVIDED - W/MEDIAN (NOT RAISED),YIELD,FOLLOWING TOO CLOSELY,UNABLE TO DETERMINE,0,0,3,3,20,3,3,1208,ARCHER AVE,41.730042,-87.683961,03/13/2018 09:20:00 PM,2018
CR00005471,10/22/2016 07:24:00 AM,20,CLOUDY/OVERCAST,DARKNESS - LIGHTED ROAD,REAR END,ONE-WAY,NO CONTROLS,WEATHER,FAILING TO REDUCE SPEED,0,0,0,0,7,7,10,1435,STATE ST,41.749464,-87.837908,10/22/2016 07:36:00 AM,2016
CR00005472,01/26/2022 04:41:00 PM,25,CLEAR,DARKNESS,TURNING,ONE-WAY,NO CONTROLS,FAILING TO YIELD RIGHT-OF-WAY,FOLLOWING TOO CLOSELY,0,0,0,0,16,4,1,871,MICHIGAN AVE,41.725141,-87.520437,01/26/2022 04:52:00 PM,2022
CR00005473,04/21/2021 06:48:00 AM,45,CLEAR,DAYLIGHT,TURNING,DIVIDED - W/MEDIAN (NOT RAISED),NO CONTROLS,FAILING TO YIELD RIGHT-OF-WAY,DISTRACTION - FROM INSIDE VEHICLE,0,0,3,3,6,4,4,312,47TH ST,41.775715,-87.696767,04/21/2021 07:42:00 AM,2021
CR00005474,12/16/2023 11:59:00 AM,45,RAIN,DAYLIGHT,TURNING,NOT DIVIDED,STOP SIGN/FLASHER,WEATHER,DISREGARDING TRAFFIC SIGNALS,0,0,0,0,11,7,12,2241,47TH ST,41.75898,-87.82849,12/16/2023 12:15:00 PM,2023
CR00005475,07/24/2019 07:21:00 PM,35,CLOUDY/OVERCAST,DARKNESS,ANGLE,NOT DIVIDED,TRAFFIC SIGNAL,FOLLOWING TOO CLOSELY,FAILING TO REDUCE SPEED,0,0,1,1,19,4,7,1495,STONY ISLAND AVE,41.822393,-87.69959,07/24/2019 08:34:00 PM,2019
CR00005476,11/02/2015 04:02:00 PM,30,CLEAR,DAYLIGHT,ANGLE,DIVIDED - W/MEDIAN (NOT RAISED),NO CONTROLS,DRIVING SKILLS/KNOWLEDGE/EXPERIENCE,DISTRACTION - FROM INSIDE VEHICLE,0,0,1,1,16,2,11,1113,ROOSEVELT RD,41.989265,-87.662031,11/02/2015 05:50:00 PM,2015
CR00005477,04/21/2015 02:15:00 PM,35,RAIN,DAYLIGHT,PEDESTRIAN,NOT DIVIDED,NO CONTROLS,DISTRACTION - FROM INSIDE VEHICLE,NOT APPLICABLE,0,0,0,0,14,3,4,2030,DAMEN AVE,41.783741,-87.833232,04/21/2015 03:51:00 PM,2015
CR00005478,10/14/2020 11:48:00 AM,25,CLEAR,DAYLIGHT,ANGLE,NOT DIVIDED,NO CONTROLS,FOLLOWING TOO CLOSELY,DRIVING SKILLS/KNOWLEDGE/EXPERIENCE,0,0,0,0,11,4,10,2163,BROADWAY,41.777483,-87.585284,10/14/2020 01:17:00 PM,2020
CR00005479,05/14/2021 11:19:00 AM,45,CLEAR,DAYLIGHT,SIDESWIPE SAME DIRECTION,DIVIDED - W/MEDIAN (NOT RAISED),TRAFFIC SIGNAL,UNABLE TO DETERMINE,UNABLE TO DETERMINE,0,0,0,0,11,6,5,2138,63RD ST,41.718099,-87.806097,05/14/2021 11:21:00 AM,2021
CR00005480,03/12/2019 06:56:00 PM,35,CLEAR,DAYLIGHT,REAR END,NOT DIVIDED,NO CONTROLS,DISTRACTION - FROM INSIDE VEHICLE,UNABLE TO DETERMINE,0,0,0,0,18,3,3,726,ELSTON AVE,41.869663,-87.803424,03/12/2019 08:22:00 PM,2019
CR00005481,10/02/2022 09:18:00 AM,45,CLEAR,DARKNESS - LIGHTED ROAD,TURNING,ONE-WAY,TRAFFIC SIGNAL,UNABLE TO DETERMINE,IMPROPER LANE USAGE,0,0,1,1,9,1,10,365,BROADWAY,41.772349,-87.730779,10/02/2022 10:09:00 AM,2022
CR00005482,03/18/2022 05:06:00 PM,30,CLEAR,DAYLIGHT,ANGLE,DIVIDED - W/MEDIAN (NOT RAISED),TRAFFIC SIGNAL,UNABLE TO DETERMINE,FAILING TO YIELD RIGHT-OF-WAY,0,0,0,0,17,6,3,991,DIVISION ST,41.778866,-87.657208,03/18/2022 06:24:00 PM,2022
CR00005483,08/17/2020 10:33:00 AM,25,CLEAR,DAYLIGHT,REAR END,DIVIDED - W/MEDIAN (NOT RAISED),TRAFFIC SIGNAL,FOLLOWING TOO CLOSELY,DRIVING SKILLS/KNOWLEDGE/EXPERIENCE,0,0,0,0,10,2,8,584,ARCHER AVE,41.736133,-87.796921,08/17/2020 12:13:00 PM,2020
CR00005484,10/15/2023 08:11:00 AM,30,RAIN,DARKNESS - LIGHTED ROAD,REAR END,FOUR WAY,TRAFFIC SIGNAL,UNABLE TO DETERMINE,DRIVING SKILLS/KNOWLEDGE/EXPERIENCE,0,0,0,0,8,1,10,1455,ARCHER AVE,41.890172,-87.627069,10/15/2023 10:01:00 AM,2023
CR00005485,01/18/2018 08:02:00 AM,30,RAIN,DARKNESS - LIGHTED ROAD,TURNING,NOT DIVIDED,NO CONTROLS,FAILING TO REDUCE SPEED,IMPROPER OVERTAKING/PASSING,0,0,0,0,8,5,1,2343,FULLERTON AVE,41.70069,-87.630546,01/18/2018 09:34:00 AM,2018
CR00005486,05/07/2023 09:36:00 AM,35,CLEAR,DARKNESS - LIGHTED ROAD,TURNING,NOT DIVIDED,NO CONTROLS,DRIVING SKILLS/KNOWLEDGE/EXPERIENCE,UNABLE TO DETERMINE,0,0,0,0,9,1,5,229,CALIFORNIA AVE,41.764378,-87.581008,05/07/2023 09:37:00 AM,2023
CR00005487,12/10/2018 04:07:00 AM,45,CLEAR,DARKNESS,ANGLE,NOT DIVIDED,NO CONTROLS,FOLLOWING TOO CLOSELY,UNABLE TO DETERMINE,0,0,0,0,4,2,12,348,HALSTED ST,41.867848,-87.699343,12/10/2018 05:05:00 AM,2018
CR00005488,10/30/2016 09:00:00 AM,30,RAIN,DARKNESS,PARKED MOTOR VEHICLE,DIVIDED - W/MEDIAN (NOT RAISED),YIELD,FAILING TO REDUCE SPEED,FOLLOWING TOO CLOSELY,0,0,0,0,9,1,10,956,CICERO AVE,41.766707,-87.793945,10/30/2016 09:11:00 AM,2016
CR00005489,08/07/2016 09:40:00 AM,45,CLEAR,DAYLIGHT,SIDESWIPE SAME DIRECTION,NOT DIVIDED,TRAFFIC SIGNAL,DRIVING SKILLS/KNOWLEDGE/EXPERIENCE,UNABLE TO DETERMINE,0,0,0,0,9,1,8,1266,CICERO AVE,41.775066,-87.605061,08/07/2016 11:31:00 AM,2016
CR00005490,04/23/2016 04:23:00 PM,15,CLEAR,DARKNESS,SIDESWIPE SAME DIRECTION,NOT DIVIDED,NO CONTROLS,FAILING TO YIELD RIGHT-OF-WAY,NOT APPLICABLE,0,0,0,0,16,7,4,425,KEDZIE AVE,41.915346,-87.555933,04/23/2016 05:17:00 PM,2016
CR00005491,05/30/2015 02:22:00 AM,35,RAIN,DAYLIGHT,ANGLE,NOT DIVIDED,NO CONTROLS,UNABLE TO DETERMINE,NOT APPLICABLE,0,0,0,0,2,7,5,605,DAMEN AVE,41.769902,-87.719225,05/30/2015 02:46:00 AM,2015
CR00005492,06/14/2020 07:26:00 AM,30,RAIN,DAYLIGHT,SIDESWIPE SAME DIRECTION,NOT DIVIDED,NO CONTROLS,DISTRACTION - FROM INSIDE VEHICLE,FAILING TO REDUCE SPEED,0,0,3,3,7,1,6,1108,MICHIGAN AVE,41.719646,-87.686273,06/14/2020 08:09:00 AM,2020
CR00005493,11/10/2018 10:57:00 PM,30,CLEAR,DAYLIGHT,TURNING,ONE-WAY,TRAFFIC SIGNAL,IMPROPER LANE USAGE,UNABLE TO DETERMINE,0,0,1,1,22,7,11,2122,CICERO AVE,41.765148,-87.628167,11/10/2018 11:19:00 PM,2018
CR00005494,03/06/2021 11:22:00 AM,30,CLOUDY/OVERCAST,DUSK,PARKED MOTOR VEHICLE,DIVIDED - W/MEDIAN (NOT RAISED),STOP SIGN/FLASHER,IMPROPER OVERTAKING/PASSING,NOT APPLICABLE,0,0,0,0,11,7,3,2320,ROOSEVELT RD,41.76898,-87.831012,03/06/2021 12:52:00 PM,2021
CR00005495,03/08/2015 04:31:00 PM,35,CLEAR,DARKNESS - LIGHTED ROAD,PARKED MOTOR VEHICLE,NOT DIVIDED,STOP SIGN/FLASHER,WEATHER,NOT APPLICABLE,0,0,0,0,16,1,3,983,DAMEN AVE,41.96359,-87.814957,03/08/2015 05:37:00 PM,2015
CR00005496,09/07/2021 08:36:00 AM,30,CLEAR,DAYLIGHT,REAR END,NOT DIVIDED,NO CONTROLS,UNABLE TO DETERMINE,NOT APPLICABLE,0,0,0,0,8,3,9,1396,STONY ISLAND AVE,41.924719,-87.641802,09/07/2021 10:01:00 AM,2021
CR00005497,05/11/2016 03:19:00 AM,30,CLEAR,DARKNESS - LIGHTED ROAD,PARKED MOTOR VEHICLE,NOT DIVIDED,NO CONTROLS,DRIVING SKILLS/KNOWLEDGE/EXPERIENCE,NOT APPLICABLE,0,0,0,0,3,4,5,2506,ROOSEVELT RD,41.973974,-87.80849,05/11/2016 05:04:00 AM,2016
CR00005498,07/19/2017 09:04:00 AM,30,RAIN,DAYLIGHT,REAR END,DIVIDED - W/MEDIAN (NOT RAISED),UNKNOWN,FAILING TO REDUCE SPEED,FAILING TO REDUCE SPEED,0,0,0,0,9,4,7,650,ROOSEVELT RD,41.829152,-87.610097,07/19/2017 10:29:00 AM,2017
CR00005499,02/15/2018 05:12:00 PM,20,CLEAR,DAYLIGHT,REAR END,ONE-WAY,TRAFFIC SIGNAL,FAILING TO REDUCE SPEED,NOT APPLICABLE,0,0,0,0,17,5,2,530,WESTERN AVE,41.941163,-87.83446,02/15/2018 05:48:00 PM,2018
CR00005500,10/20/2017 05:00:00 PM,35,FOG/SMOKE/HAZE,DARKNESS - LIGHTED ROAD,TURNING,NOT DIVIDED,NO CONTROLS,UNABLE TO DETERMINE,DRIVING SKILLS/KNOWLEDGE/EXPERIENCE,0,1,0,1,17,6,10,2376,WESTERN AVE,41.921704,-87.841104,10/20/2017 06:19:00 PM,2017
CR00005501,11/24/2019 05:02:00 PM,20,CLEAR,DARKNESS - LIGHTED ROAD,ANGLE,NOT DIVIDED,NO CONTROLS,IMPROPER LANE USAGE,NOT APPLICABLE,0,0,0,0,17,1,11,2461,ASHLAND AVE,41.952827,-87.673677,11/24/2019 05:13:00 PM,2019
CR00005502,11/25/2016 12:24:00 AM,40,CLEAR,DUSK,REAR END,NOT DIVIDED,STOP SIGN/FLASHER,FAILING TO YIELD RIGHT-OF-WAY,WEATHER,0,0,0,0,0,6,11,1818,ROOSEVELT RD,41.988142,-87.523835,11/25/2016 12:33:00 AM,2016
CR00005503,04/09/2018 06:05:00 PM,35,CLOUDY/OVERCAST,DAYLIGHT,TURNING,ONE-WAY,NO CONTROLS,UNABLE TO DETERMINE,DISTRACTION - FROM INSIDE VEHICLE,0,0,0,0,18,2,4,1036,STATE ST,41.99219,-87.638164,04/09/2018 06:53:00 PM,2018
CR00005504,06/28/2017 04:21:00 AM,30,RAIN,DAYLIGHT,PARKED MOTOR VEHICLE,NOT DIVIDED,UNKNOWN,DRIVING SKILLS/KNOWLEDGE/EXPERIENCE,DISTRACTION - FROM INSIDE VEHICLE,0,0,0,0,4,4,6,733,IRVING PARK RD,41.755174,-87.772228,06/28/2017 04:34:00 AM,2017
CR00005505,10/02/2016 08:23:00 AM,35,CLEAR,DAWN,TURNING,NOT DIVIDED,UNKNOWN,FOLLOWING TOO CLOSELY,NOT APPLICABLE,0,0,0,0,8,1,10,1921,ASHLAND AVE,41.954963,-87.765229,10/02/2016 10:18:00 AM,2016
CR00005506,08/30/2021 08:47:00 PM,35,SNOW,DAYLIGHT,REAR TO FRONT,NOT DIVIDED,NO CONTROLS,DRIVING SKILLS/KNOWLEDGE/EXPERIENCE,IMPROPER OVERTAKING/PASSING,0,0,0,0,20,2,8,653,63RD ST,41.728362,-87.738755,08/30/2021 09:09:00 PM,2021
CR00005507,10/29/2017 12:14:00 AM,25,SNOW,DAYLIGHT,FIXED OBJECT,NOT DIVIDED,NO CONTROLS,FAILING TO YIELD RIGHT-OF-WAY,FAILING TO REDUCE SPEED,0,0,0,0,0,1,10,1202,ROOSEVELT RD,41.857507,-87.53418,10/29/2017 12:16:00 AM,2017
CR00005508,01/19/2022 06:24:00 PM,35,CLEAR,DARKNESS - LIGHTED ROAD,REAR TO FRONT,ONE-WAY,UNKNOWN,FOLLOWING TOO CLOSELY,DISREGARDING TRAFFIC SIGNALS,0,0,0,0,18,4,1,999,STONY ISLAND AVE,41.836002,-87.721963,01/19/2022 06:33:00 PM,2022
CR00005509,06/25/2021 07:08:00 AM,30,CLEAR,DAYLIGHT,SIDESWIPE SAME DIRECTION,FOUR WAY,NO CONTROLS,UNABLE TO DETERMINE,UNABLE TO DETERMINE,0,0,0,0,7,6,6,396,ROOSEVELT RD,41.815031,-87.59246,06/25/2021 08:04:00 AM,2021
CR00005510,03/17/2024 12:39:00 PM,30,CLEAR,DARKNESS - LIGHTED ROAD,REAR END,NOT DIVIDED,STOP SIGN/FLASHER,DRIVING SKILLS/KNOWLEDGE/EXPERIENCE,UNABLE TO DETERMINE,0,0,0,0,12,1,3,1367,KEDZIE AVE,41.978375,-87.786157,03/17/2024 12:41:00 PM,2024
CR00005511,05/01/2019 09:19:00 AM,15,CLEAR,DAYLIGHT,ANGLE,DIVIDED - W/MEDIAN (NOT RAISED),STOP SIGN/FLASHER,UNABLE TO DETERMINE,NOT APPLICABLE,0,0,0,0,9,4,5,1275,IRVING PARK RD,41.827392,-87.841827,05/01/2019 11:01:00 AM,2019
CR00005512,11/11/2021 09:01:00 AM,30,CLEAR,DAYLIGHT,ANGLE,FOUR WAY,STOP SIGN/FLASHER,UNABLE TO DETERMINE,FAILING TO REDUCE SPEED,0,0,1,1,9,5,11,1049,PULASKI RD,41.793389,-87.552275,11/11/2021 09:10:00 AM,2021
CR00005513,02/21/2015 07:33:00 AM,25,CLEAR,DAYLIGHT,SIDESWIPE SAME DIRECTION,DIVIDED - W/MEDIAN (NOT RAISED),TRAFFIC SIGNAL,DISREGARDING TRAFFIC SIGNALS,NOT APPLICABLE,0,0,0,0,7,7,2,269,LAKE SHORE DR,41.981989,-87.752767,02/21/2015 08:58:00 AM,2015
CR00005514,06/24/2018 11:41:00 PM,35,RAIN,DARKNESS,SIDESWIPE SAME DIRECTION,NOT DIVIDED,NO CONTROLS,UNABLE TO DETERMINE,UNABLE TO DETERMINE,0,0,1,1,23,1,6,365,WESTERN AVE,41.961567,-87.842911,06/25/2018 01:13:00 AM,2018
CR00005515,11/30/2024 11:27:00 AM,45,CLEAR,DAYLIGHT,PEDESTRIAN,DIVIDED - W/MEDIAN (NOT RAISED),NO CONTROLS,IMPROPER LANE USAGE,FAILING TO YIELD RIGHT-OF-WAY,0,0,0,0,11,7,11,1344,CLARK ST,41.970981,-87.523599,11/30/2024 12:28:00 PM,2024
CR00005516,07/04/2016 06:09:00 PM,25,CLOUDY/OVERCAST,DARKNESS - LIGHTED ROAD,TURNING,ONE-WAY,TRAFFIC SIGNAL,IMPROPER LANE USAGE,NOT APPLICABLE,0,0,2,2,18,2,7,1958,FULLERTON AVE,41.94911,-87.6668,07/04/2016 07:51:00 PM,2016
CR00005517,08/16/2017 11:18:00 PM,30,CLEAR,DARKNESS - LIGHTED ROAD,REAR END,NOT DIVIDED,STOP SIGN/FLASHER,UNABLE TO DETERMINE,DISREGARDING TRAFFIC SIGNALS,0,0,0,0,23,4,8,447,MILWAUKEE AVE,41.981096,-87.6331,08/17/2017 01:12:00 AM,2017
CR00005518,06/02/2016 08:43:00 PM,30,RAIN,DAYLIGHT,SIDESWIPE SAME DIRECTION,DIVIDED - W/MEDIAN (NOT RAISED),TRAFFIC SIGNAL,DRIVING SKILLS/KNOWLEDGE/EXPERIENCE,UNABLE TO DETERMINE,0,0,0,0,20,5,6,197,PULASKI RD,41.808048,-87.502324,06/02/2016 09:59:00 PM,2016
CR00005519,11/13/2015 07:23:00 PM,30,CLEAR,DAYLIGHT,ANGLE,DIVIDED - W/MEDIAN BARRIER,STOP SIGN/FLASHER,FAILING TO REDUCE SPEED,DRIVING SKILLS/KNOWLEDGE/EXPERIENCE,0,0,0,0,19,6,11,1198,OGDEN AVE,41.837836,-87.827778,11/13/2015 07:57:00 PM,2015
CR00005520,03/10/2024 02:45:00 AM,25,CLEAR,DARKNESS - LIGHTED ROAD,PARKED MOTOR VEHICLE,T-INTERSECTION,NO CONTROLS,IMPROPER OVERTAKING/PASSING,DRIVING SKILLS/KNOWLEDGE/EXPERIENCE,0,0,0,0,2,1,3,2467,BROADWAY,41.940773,-87.567129,03/10/2024 03:14:00 AM,2024
CR00005521,01/05/2023 04:30:00 AM,25,CLEAR,DARKNESS,REAR END,FOUR WAY,UNKNOWN,UNABLE TO DETERMINE,NOT APPLICABLE,0,0,0,0,4,5,1,1608,ROOSEVELT RD,41.962273,-87.767892,01/05/2023 04:50:00 AM,2023