CRASH_RECORD_ID,CRASH_DATE,POSTED_SPEED_LIMIT,WEATHER_CONDITION,LIGHTING_CONDITION,FIRST_CRASH_TYPE,TRAFFICWAY_TYPE,TRAFFIC_CONTROL_DEVICE,PRIM_CONTRIBUTORY_CAUSE,SEC_CONTRIBUTORY_CAUSE,INJURIES_FATAL,INJURIES_INCAPACITATING,INJURIES_NON_INCAPACITATING,INJURIES_TOTAL,CRASH_HOUR,CRASH_DAY_OF_WEEK,CRASH_MONTH,BEAT_OF_OCCURRENCE,STREET_NAME,LATITUDE,LONGITUDE,DATE_POLICE_NOTIFIED,year
CR00005522,03/22/2024 12:28:00 PM,25,CLEAR,DAYLIGHT,REAR END,DIVIDED - W/MEDIAN (NOT RAISED),TRAFFIC SIGNAL,FOLLOWING TOO CLOSELY,UNABLE TO DETERMINE,0,0,0,0,12,6,3,1711,DIVISION ST,41.753321,-87.799081,03/22/2024 01:00:00 PM,2024
CR00005523,02/27/2023 06:33:00 PM,45,RAIN,DARKNESS - LIGHTED ROAD,REAR END,NOT DIVIDED,NO CONTROLS,UNABLE TO DETERMINE,UNABLE TO DETERMINE,0,0,0,0,18,2,2,1373,ELSTON AVE,41.986529,-87.791518,02/27/2023 08:30:00 PM,2023
CR00005524,02/10/2017 05:39:00 PM,40,CLEAR,DAWN,TURNING,DIVIDED - W/MEDIAN (NOT RAISED),UNKNOWN,FAILING TO REDUCE SPEED,IMPROPER OVERTAKING/PASSING,0,0,0,0,17,6,2,688,CALIFORNIA AVE,41.948999,-87.59832,02/10/2017 05:50:00 PM,2017
CR00005525,09/24/2020 11:30:00 AM,45,CLEAR,DARKNESS - LIGHTED ROAD,SIDESWIPE SAME DIRECTION,ONE-WAY,UNKNOWN,IMPROPER OVERTAKING/PASSING,UNABLE TO DETERMINE,0,0,0,0,11,5,9,1200,BROADWAY,41.74014,-87.522195,09/24/2020 11:57:00 AM,2020
CR00005526,04/12/2020 08:13:00 AM,20,CLEAR,DUSK,TURNING,NOT DIVIDED,NO CONTROLS,DRIVING SKILLS/KNOWLEDGE/EXPERIENCE,UNABLE TO DETERMINE,0,0,0,0,8,1,4,740,LAKE SHORE DR,41.917847,-87.833016,04/12/2020 08:33:00 AM,2020
CR00005527,12/10/2017 12:58:00 AM,30,CLEAR,DAYLIGHT,REAR END,ONE-WAY,TRAFFIC SIGNAL,UNABLE TO DETERMINE,WEATHER,0,2,1,3,0,1,12,1576,79TH ST,41.891605,-87.59203,12/10/2017 02:41:00 AM,2017
CR00005528,01/04/2020 05:27:00 PM,25,CLEAR,DARKNESS - LIGHTED ROAD,TURNING,NOT DIVIDED,TRAFFIC SIGNAL,IMPROPER LANE USAGE,DRIVING SKILLS/KNOWLEDGE/EXPERIENCE,0,0,1,1,17,7,1,668,CICERO AVE,41.99251,-87.719172,01/04/2020 05:35:00 PM,2020
CR00005529,06/13/2021 10:07:00 AM,40,CLEAR,DAYLIGHT,ANGLE,FOUR WAY,STOP SIGN/FLASHER,UNABLE TO DETERMINE,DRIVING SKILLS/KNOWLEDGE/EXPERIENCE,0,0,0,0,10,1,6,1533,CLARK ST,41.842592,-87.584228,06/13/2021 10:39:00 AM,2021
CR00005530,02/02/2015 05:50:00 PM,30,CLEAR,DAYLIGHT,TURNING,FOUR WAY,STOP SIGN/FLASHER,DISREGARDING TRAFFIC SIGNALS,FAILING TO YIELD RIGHT-OF-WAY,0,0,0,0,17,2,2,902,DIVISION ST,41.718477,-87.799783,02/02/2015 06:36:00 PM,2015
CR00005531,01/14/2020 08:00:00 AM,35,CLEAR,DAYLIGHT,PARKED MOTOR VEHICLE,DIVIDED - W/MEDIAN (NOT RAISED),UNKNOWN,DISREGARDING TRAFFIC SIGNALS,FOLLOWING TOO CLOSELY,0,0,0,0,8,3,1,673,WESTERN AVE,41.994799,-87.5873,01/14/2020 08:42:00 AM,2020
CR00005532,10/19/2021 08:54:00 AM,45,CLEAR,DAYLIGHT,REAR END,DIVIDED - W/MEDIAN (NOT RAISED),NO CONTROLS,UNABLE TO DETERMINE,FAILING TO YIELD RIGHT-OF-WAY,0,0,0,0,8,3,10,190,ASHLAND AVE,41.808716,-87.677867,10/19/2021 09:26:00 AM,2021
CR00005533,05/03/2023 07:05:00 PM,25,CLEAR,DARKNESS,REAR END,NOT DIVIDED,TRAFFIC SIGNAL,FAILING TO REDUCE SPEED,FOLLOWING TOO CLOSELY,0,0,0,0,19,4,5,1016,KEDZIE AVE,41.889334,-87.848484,05/03/2023 07:23:00 PM,2023
CR00005534,09/19/2022 03:46:00 PM,35,CLOUDY/OVERCAST,DAYLIGHT,REAR END,NOT DIVIDED,NO CONTROLS,FAILING TO YIELD RIGHT-OF-WAY,UNABLE TO DETERMINE,0,0,1,1,15,2,9,2181,STONY ISLAND AVE,41.819733,-87.573246,09/19/2022 04:36:00 PM,2022
CR00005535,10/24/2017 11:37:00 AM,40,CLEAR,DAYLIGHT,ANGLE,DIVIDED - W/MEDIAN (NOT RAISED),UNKNOWN,DISREGARDING TRAFFIC SIGNALS,FAILING TO REDUCE SPEED,0,0,3,3,11,3,10,302,DIVISION ST,41.890883,-87.799912,10/24/2017 01:06:00 PM,2017
CR00005536,08/07/2021 12:44:00 PM,20,CLEAR,DAYLIGHT,REAR END,DIVIDED - W/MEDIAN (NOT RAISED),STOP SIGN/FLASHER,UNABLE TO DETERMINE,DISREGARDING TRAFFIC SIGNALS,0,0,0,0,12,7,8,1983,CICERO AVE,41.837588,-87.783409,08/07/2021 02:35:00 PM,2021
CR00005537,01/14/2022 03:59:00 AM,40,CLEAR,DUSK,FIXED OBJECT,NOT DIVIDED,PEDESTRIAN CROSSING SIGN,FAILING TO YIELD RIGHT-OF-WAY,DISTRACTION - FROM INSIDE VEHICLE,0,0,1,1,3,6,1,923,79TH ST,41.76002,-87.549162,01/14/2022 05:13:00 AM,2022
CR00005538,07/24/2024 07:03:00 AM,30,CLEAR,DAYLIGHT,PARKED MOTOR VEHICLE,NOT DIVIDED,STOP SIGN/FLASHER,IMPROPER LANE USAGE,FOLLOWING TOO CLOSELY,0,0,0,0,7,4,7,136,47TH ST,41.751195,-87.770051,07/24/2024 07:51:00 AM,2024
CR00005539,11/24/2015 11:10:00 AM,35,CLEAR,DARKNESS - LIGHTED ROAD,TURNING,NOT DIVIDED,STOP SIGN/FLASHER,FOLLOWING TOO CLOSELY,IMPROPER OVERTAKING/PASSING,0,0,0,0,11,3,11,1970,FULLERTON AVE,41.904787,-87.513493,11/24/2015 11:17:00 AM,2015
CR00005540,07/11/2021 08:57:00 AM,25,CLEAR,DARKNESS - LIGHTED ROAD,TURNING,NOT DIVIDED,PEDESTRIAN CROSSING SIGN,DRIVING SKILLS/KNOWLEDGE/EXPERIENCE,DISTRACTION - FROM INSIDE VEHICLE,0,0,3,3,8,1,7,2404,FULLERTON AVE,41.895655,-87.609179,07/11/2021 10:15:00 AM,2021
CR00005541,08/14/2019 03:00:00 PM,45,CLEAR,DAYLIGHT,REAR END,DIVIDED - W/MEDIAN (NOT RAISED),NO CONTROLS,IMPROPER OVERTAKING/PASSING,FAILING TO YIELD RIGHT-OF-WAY,0,0,0,0,15,4,8,1245,STONY ISLAND AVE,41.913131,-87.717984,08/14/2019 04:33:00 PM,2019
CR00005542,04/17/2023 10:39:00 AM,40,CLEAR,DARKNESS - LIGHTED ROAD,REAR END,NOT DIVIDED,TRAFFIC SIGNAL,FAILING TO YIELD RIGHT-OF-WAY,UNABLE TO DETERMINE,0,0,0,0,10,2,4,748,BROADWAY,41.74258,-87.653169,04/17/2023 12:27:00 PM,2023
CR00005543,06/08/2019 08:46:00 PM,25,CLEAR,DAYLIGHT,TURNING,FOUR WAY,UNKNOWN,UNABLE TO DETERMINE,DRIVING SKILLS/KNOWLEDGE/EXPERIENCE,0,0,1,1,20,7,6,1714,DAMEN AVE,41.952567,-87.794973,06/08/2019 09:45:00 PM,2019
CR00005544,03/21/2015 07:08:00 AM,15,CLEAR,DARKNESS,REAR END,NOT DIVIDED,NO CONTROLS,FOLLOWING TOO CLOSELY,DISTRACTION - FROM INSIDE VEHICLE,0,0,0,0,7,7,3,140,ROOSEVELT RD,41.768656,-87.706351,03/21/2015 08:57:00 AM,2015
CR00005545,08/09/2022 08:19:00 AM,30,CLEAR,DARKNESS - LIGHTED ROAD,ANGLE,FOUR WAY,NO CONTROLS,DRIVING SKILLS/KNOWLEDGE/EXPERIENCE,FAILING TO YIELD RIGHT-OF-WAY,0,0,1,1,8,3,8,1319,WESTERN AVE,41.899452,-87.634078,08/09/2022 08:34:00 AM,2022
CR00005546,12/08/2017 02:52:00 PM,40,CLEAR,DAYLIGHT,PEDESTRIAN,NOT DIVIDED,TRAFFIC SIGNAL,DISREGARDING TRAFFIC SIGNALS,DRIVING SKILLS/KNOWLEDGE/EXPERIENCE,0,0,0,0,14,6,12,1814,KEDZIE AVE,41.947243,-87.796997,12/08/2017 04:17:00 PM,2017
CR00005547,01/30/2019 06:37:00 PM,25,CLEAR,DAYLIGHT,PARKED MOTOR VEHICLE,NOT DIVIDED,NO CONTROLS,FOLLOWING TOO CLOSELY,FOLLOWING TOO CLOSELY,0,0,0,0,18,4,1,1424,STATE ST,41.774779,-87.604108,01/30/2019 06:47:00 PM,2019
CR00005548,02/11/2024 08:07:00 AM,30,FOG/SMOKE/HAZE,DAYLIGHT,PARKED MOTOR VEHICLE,ONE-WAY,NO CONTROLS,UNABLE TO DETERMINE,UNABLE TO DETERMINE,0,0,0,0,8,1,2,1765,HALSTED ST,41.94313,-87.84552,02/11/2024 09:30:00 AM,2024
CR00005549,02/10/2023 12:58:00 PM,15,CLOUDY/OVERCAST,DAWN,ANGLE,NOT DIVIDED,STOP SIGN/FLASHER,UNABLE TO DETERMINE,NOT APPLICABLE,0,0,0,0,12,6,2,2139,CLARK ST,41.766599,-87.548144,02/10/2023 01:34:00 PM,2023
CR00005550,06/09/2021 08:33:00 AM,30,FOG/SMOKE/HAZE,DAYLIGHT,SIDESWIPE SAME DIRECTION,FOUR WAY,YIELD,UNABLE TO DETERMINE,DRIVING SKILLS/KNOWLEDGE/EXPERIENCE,0,0,0,0,8,4,6,2146,STATE ST,41.966437,-87.707521,06/09/2021 10:26:00 AM,2021
CR00005551,06/16/2018 01:08:00 AM,35,CLEAR,DAYLIGHT,REAR END,FOUR WAY,NO CONTROLS,UNABLE TO DETERMINE,IMPROPER LANE USAGE,0,0,0,0,1,7,6,523,DAMEN AVE,41.984452,-87.776242,06/16/2018 01:28:00 AM,2018
CR00005552,12/21/2023 11:32:00 AM,40,CLEAR,DAYLIGHT,REAR TO FRONT,NOT DIVIDED,NO CONTROLS,IMPROPER LANE USAGE,IMPROPER LANE USAGE,0,0,0,0,11,5,12,2176,DAMEN AVE,41.816544,-87.52134,12/21/2023 01:28:00 PM,2023
CR00005553,07/11/2019 06:15:00 PM,35,RAIN,DAYLIGHT,FIXED OBJECT,NOT DIVIDED,TRAFFIC SIGNAL,UNABLE TO DETERMINE,NOT APPLICABLE,0,2,1,3,18,5,7,1394,WESTERN AVE,41.940428,-87.847056,07/11/2019 07:13:00 PM,2019
CR00005554,08/01/2020 03:14:00 PM,35,CLEAR,DAYLIGHT,REAR END,DIVIDED - W/MEDIAN (NOT RAISED),STOP SIGN/FLASHER,DISTRACTION - FROM INSIDE VEHICLE,FAILING TO REDUCE SPEED,0,0,1,1,15,7,8,1155,79TH ST,41.966508,-87.767426,08/01/2020 04:14:00 PM,2020
CR00005555,07/02/2015 04:51:00 PM,30,CLEAR,DARKNESS - LIGHTED ROAD,SIDESWIPE SAME DIRECTION,DIVIDED - W/MEDIAN BARRIER,STOP SIGN/FLASHER,DISREGARDING TRAFFIC SIGNALS,FOLLOWING TOO CLOSELY,0,0,0,0,16,5,7,907,ROOSEVELT RD,41.974611,-87.533615,07/02/2015 05:23:00 PM,2015
CR00005556,09/03/2018 01:25:00 AM,30,CLEAR,DUSK,ANGLE,FOUR WAY,NO CONTROLS,UNABLE TO DETERMINE,FOLLOWING TOO CLOSELY,0,0,0,0,1,2,9,1188,LAKE SHORE DR,41.857856,-87.748421,09/03/2018 02:04:00 AM,2018
CR00005557,05/22/2023 05:42:00 AM,30,SNOW,DAYLIGHT,ANGLE,ONE-WAY,UNKNOWN,FAILING TO YIELD RIGHT-OF-WAY,DRIVING SKILLS/KNOWLEDGE/EXPERIENCE,0,0,2,2,5,2,5,799,BROADWAY,41.8133,-87.58615,05/22/2023 06:53:00 AM,2023
CR00005558,05/26/2023 03:22:00 PM,15,CLOUDY/OVERCAST,DAYLIGHT,REAR END,ONE-WAY,UNKNOWN,UNABLE TO DETERMINE,FAILING TO YIELD RIGHT-OF-WAY,0,0,0,0,15,6,5,329,BROADWAY,41.733044,-87.681917,05/26/2023 05:15:00 PM,2023
CR00005559,07/16/2017 09:55:00 PM,30,CLEAR,DAYLIGHT,SIDESWIPE SAME DIRECTION,FOUR WAY,NO CONTROLS,FOLLOWING TOO CLOSELY,UNABLE TO DETERMINE,0,0,1,1,21,1,7,1003,47TH ST,41.801043,-87.724967,07/16/2017 11:26:00 PM,2017
CR00005560,01/13/2021 01:04:00 PM,25,CLEAR,DAWN,ANGLE,NOT DIVIDED,NO CONTROLS,FAILING TO REDUCE SPEED,UNABLE TO DETERMINE,0,0,1,1,13,4,1,447,79TH ST,41.767427,-87.621679,01/13/2021 01:26:00 PM,2021
CR00005561,02/07/2015 06:42:00 AM,30,CLOUDY/OVERCAST,DAYLIGHT,FIXED OBJECT,ONE-WAY,NO CONTROLS,FAILING TO YIELD RIGHT-OF-WAY,FOLLOWING TOO CLOSELY,0,0,0,0,6,7,2,1399,OGDEN AVE,41.707458,-87.837842,02/07/2015 07:21:00 AM,2015
CR00005562,09/19/2022 07:02:00 PM,35,CLOUDY/OVERCAST,DAYLIGHT,TURNING,DIVIDED - W/MEDIAN (NOT RAISED),NO CONTROLS,IMPROPER LANE USAGE,IMPROPER OVERTAKING/PASSING,0,0,0,0,19,2,9,686,BROADWAY,41.858336,-87.837987,09/19/2022 08:36:00 PM,2022
CR00005563,02/18/2017 10:45:00 AM,25,CLEAR,DARKNESS - LIGHTED ROAD,TURNING,ONE-WAY,NO CONTROLS,FAILING TO REDUCE SPEED,DISREGARDING TRAFFIC SIGNALS,0,0,0,0,10,7,2,1395,ELSTON AVE,41.795527,-87.719817,02/18/2017 11:56:00 AM,2017
CR00005564,08/10/2024 09:22:00 AM,20,SNOW,DAYLIGHT,TURNING,NOT DIVIDED,NO CONTROLS,UNABLE TO DETERMINE,FAILING TO YIELD RIGHT-OF-WAY,0,0,0,0,9,7,8,2223,CLARK ST,41.739899,-87.833217,08/10/2024 09:28:00 AM,2024
CR00005565,07/25/2022 04:27:00 PM,45,CLEAR,DAYLIGHT,REAR END,ONE-WAY,TRAFFIC SIGNAL,FAILING TO YIELD RIGHT-OF-WAY,FOLLOWING TOO CLOSELY,0,0,0,0,16,2,7,1900,CALIFORNIA AVE,41.963371,-87.698455,07/25/2022 04:43:00 PM,2022
CR00005566,10/30/2018 11:53:00 AM,30,CLEAR,DARKNESS,FIXED OBJECT,FOUR WAY,NO CONTROLS,FAILING TO YIELD RIGHT-OF-WAY,FAILING TO YIELD RIGHT-OF-WAY,0,0,0,0,11,3,10,1921,CICERO AVE,41.933568,-87.632013,10/30/2018 12:32:00 PM,2018
CR00005567,01/11/2016 01:10:00 PM,45,SNOW,DAYLIGHT,ANGLE,ONE-WAY,STOP SIGN/FLASHER,IMPROPER LANE USAGE,UNABLE TO DETERMINE,0,2,1,3,13,2,1,2012,MILWAUKEE AVE,41.991674,-87.654421,01/11/2016 01:32:00 PM,2016
CR00005568,10/19/2021 08:15:00 PM,30,CLEAR,DUSK,TURNING,NOT DIVIDED,NO CONTROLS,IMPROPER OVERTAKING/PASSING,UNABLE TO DETERMINE,0,1,0,1,20,3,10,941,OGDEN AVE,41.764998,-87.577125,10/19/2021 09:55:00 PM,2021
CR00005569,05/31/2021 09:30:00 AM,15,CLEAR,DARKNESS - LIGHTED ROAD,SIDESWIPE SAME DIRECTION,DIVIDED - W/MEDIAN (NOT RAISED),NO CONTROLS,IMPROPER LANE USAGE,UNABLE TO DETERMINE,0,0,0,0,9,2,5,1220,CICERO AVE,41.992317,-87.656138,05/31/2021 10:09:00 AM,2021
CR00005570,02/27/2016 08:13:00 AM,35,RAIN,DAYLIGHT,TURNING,DIVIDED - W/MEDIAN BARRIER,NO CONTROLS,DISREGARDING TRAFFIC SIGNALS,NOT APPLICABLE,0,0,1,1,8,7,2,125,BROADWAY,41.894036,-87.659879,02/27/2016 08:20:00 AM,2016
CR00005571,07/08/2023 09:29:00 AM,30,CLEAR,DAYLIGHT,REAR END,NOT DIVIDED,UNKNOWN,FAILING TO YIELD RIGHT-OF-WAY,UNABLE TO DETERMINE,0,0,0,0,9,7,7,1422,ARCHER AVE,41.913515,-87.720305,07/08/2023 09:32:00 AM,2023
CR00005572,06/27/2020 07:02:00 PM,20,CLEAR,DAYLIGHT,ANGLE,DIVIDED - W/MEDIAN BARRIER,YIELD,UNABLE TO DETERMINE,DRIVING SKILLS/KNOWLEDGE/EXPERIENCE,0,0,0,0,19,7,6,2020,47TH ST,41.844126,-87.550303,06/27/2020 08:28:00 PM,2020
CR00005573,08/29/2017 12:31:00 PM,25,RAIN,DAYLIGHT,TURNING,NOT DIVIDED,YIELD,DISTRACTION - FROM INSIDE VEHICLE,NOT APPLICABLE,0,0,0,0,12,3,8,2474,79TH ST,41.960721,-87.724781,08/29/2017 01:04:00 PM,2017
CR00005574,08/18/2021 03:39:00 AM,30,CLOUDY/OVERCAST,DAYLIGHT,TURNING,ONE-WAY,TRAFFIC SIGNAL,IMPROPER OVERTAKING/PASSING,FOLLOWING TOO CLOSELY,0,0,0,0,3,4,8,1237,OGDEN AVE,41.841435,-87.676165,08/18/2021 04:36:00 AM,2021
CR00005575,05/03/2021 05:25:00 PM,35,CLEAR,DAYLIGHT,ANGLE,NOT DIVIDED,NO CONTROLS,FOLLOWING TOO CLOSELY,UNABLE TO DETERMINE,0,0,0,0,17,2,5,1589,ROOSEVELT RD,41.978907,-87.732326,05/03/2021 05:39:00 PM,2021
CR00005576,01/03/2021 08:55:00 AM,35,SNOW,DARKNESS - LIGHTED ROAD,REAR END,DIVIDED - W/MEDIAN BARRIER,TRAFFIC SIGNAL,DISTRACTION - FROM INSIDE VEHICLE,FAILING TO YIELD RIGHT-OF-WAY,0,0,0,0,8,1,1,200,MICHIGAN AVE,41.999686,-87.812886,01/03/2021 09:02:00 AM,2021
CR00005577,01/21/2023 06:16:00 PM,35,RAIN,DAYLIGHT,SIDESWIPE SAME DIRECTION,NOT DIVIDED,TRAFFIC SIGNAL,UNABLE TO DETERMINE,IMPROPER OVERTAKING/PASSING,0,0,0,0,18,7,1,1231,IRVING PARK RD,41.809899,-87.843195,01/21/2023 07:40:00 PM,2023
CR00005578,06/12/2022 07:47:00 AM,15,RAIN,DAYLIGHT,SIDESWIPE SAME DIRECTION,ONE-WAY,NO CONTROLS,UNABLE TO DETERMINE,DISREGARDING TRAFFIC SIGNALS,0,0,0,0,7,1,6,2347,PULASKI RD,41.742431,-87.807498,06/12/2022 08:13:00 AM,2022
CR00005579,01/21/2021 03:55:00 PM,20,CLEAR,DUSK,TURNING,NOT DIVIDED,NO CONTROLS,UNABLE TO DETERMINE,NOT APPLICABLE,0,0,0,0,15,5,1,1835,79TH ST,41.931204,-87.691122,01/21/2021 04:34:00 PM,2021
CR00005580,10/18/2024 07:28:00 PM,40,RAIN,DARKNESS - LIGHTED ROAD,FIXED OBJECT,NOT DIVIDED,NO CONTROLS,DISREGARDING TRAFFIC SIGNALS,UNABLE TO DETERMINE,0,0,0,0,19,6,10,1668,HALSTED ST,41.905094,-87.670467,10/18/2024 07:38:00 PM,2024
CR00005581,09/08/2024 11:18:00 PM,15,CLEAR,DUSK,ANGLE,NOT DIVIDED,TRAFFIC SIGNAL,UNABLE TO DETERMINE,WEATHER,0,0,0,0,23,1,9,1859,ARCHER AVE,41.837089,-87.804548,09/09/2024 12:44:00 AM,2024
CR00005582,12/02/2023 11:09:00 AM,40,CLEAR,DAYLIGHT,REAR END,NOT DIVIDED,TRAFFIC SIGNAL,UNABLE TO DETERMINE,FAILING TO YIELD RIGHT-OF-WAY,0,0,0,0,11,7,12,2008,IRVING PARK RD,41.794089,-87.566367,12/02/2023 11:46:00 AM,2023
CR00005583,04/18/2016 01:53:00 PM,30,CLEAR,DAYLIGHT,ANGLE,DIVIDED - W/MEDIAN (NOT RAISED),STOP SIGN/FLASHER,UNABLE TO DETERMINE,IMPROPER OVERTAKING/PASSING,0,1,2,3,13,2,4,386,IRVING PARK RD,41.837146,-87.783635,04/18/2016 01:55:00 PM,2016
CR00005584,11/14/2015 08:32:00 AM,35,CLEAR,DAYLIGHT,ANGLE,NOT DIVIDED,TRAFFIC SIGNAL,FAILING TO REDUCE SPEED,DISREGARDING TRAFFIC SIGNALS,0,0,1,1,8,7,11,2370,IRVING PARK RD,41.778072,-87.763626,11/14/2015 09:10:00 AM,2015
CR00005585,08/15/2018 10:49:00 AM,45,CLEAR,DARKNESS,PARKED MOTOR VEHICLE,NOT DIVIDED,PEDESTRIAN CROSSING SIGN,DRIVING SKILLS/KNOWLEDGE/EXPERIENCE,NOT APPLICABLE,0,0,0,0,10,4,8,1698,LAKE SHORE DR,41.837432,-87.787631,08/15/2018 11:44:00 AM,2018
CR00005586,05/18/2017 02:01:00 PM,30,CLEAR,DAYLIGHT,TURNING,NOT DIVIDED,UNKNOWN,UNABLE TO DETERMINE,IMPROPER OVERTAKING/PASSING,0,0,2,2,14,5,5,754,63RD ST,41.81762,-87.807752,05/18/2017 03:47:00 PM,2017
CR00005587,01/28/2017 12:23:00 PM,30,CLEAR,DAYLIGHT,ANGLE,NOT DIVIDED,STOP SIGN/FLASHER,IMPROPER LANE USAGE,IMPROPER LANE USAGE,0,0,0,0,12,7,1,163,DIVISION ST,41.804881,-87.566738,01/28/2017 01:29:00 PM,2017
CR00005588,01/16/2016 12:59:00 AM,15,CLEAR,DARKNESS,REAR END,FOUR WAY,STOP SIGN/FLASHER,UNABLE TO DETERMINE,IMPROPER OVERTAKING/PASSING,0,0,0,0,0,7,1,1054,FULLERTON AVE,41.751192,-87.764129,01/16/2016 02:14:00 AM,2016
CR00005589,01/19/2018 04:48:00 PM,15,CLEAR,DARKNESS,REAR END,DIVIDED - W/MEDIAN (NOT RAISED),STOP SIGN/FLASHER,IMPROPER OVERTAKING/PASSING,NOT APPLICABLE,0,0,0,0,16,6,1,368,ELSTON AVE,41.791577,-87.548327,01/19/2018 06:05:00 PM,2018
CR00005590,02/28/2024 02:11:00 PM,40,CLOUDY/OVERCAST,DAYLIGHT,FIXED OBJECT,NOT DIVIDED,NO CONTROLS,FOLLOWING TOO CLOSELY,FOLLOWING TOO CLOSELY,0,1,1,2,14,4,2,1737,63RD ST,41.716497,-87.719634,02/28/2024 03:59:00 PM,2024
CR00005591,08/03/2023 04:18:00 PM,35,CLEAR,DAYLIGHT,REAR END,DIVIDED - W/MEDIAN (NOT RAISED),TRAFFIC SIGNAL,IMPROPER OVERTAKING/PASSING,IMPROPER LANE USAGE,0,0,0,0,16,5,8,2191,MICHIGAN AVE,41.946663,-87.635328,08/03/2023 05:56:00 PM,2023
CR00005592,02/09/2015 10:54:00 AM,25,CLEAR,DAYLIGHT,REAR END,NOT DIVIDED,NO CONTROLS,FAILING TO REDUCE SPEED,NOT APPLICABLE,0,0,0,0,10,2,2,249,CICERO AVE,41.731287,-87.737561,02/09/2015 12:00:00 PM,2015
CR00005593,06/19/2024 04:13:00 PM,25,CLEAR,DAYLIGHT,TURNING,NOT DIVIDED,NO CONTROLS,FOLLOWING TOO CLOSELY,FAILING TO YIELD RIGHT-OF-WAY,0,0,0,0,16,4,6,511,CICERO AVE,41.815182,-87.50935,06/19/2024 05:19:00 PM,2024
CR00005594,09/12/2021 10:12:00 AM,25,RAIN,DAYLIGHT,ANGLE,ONE-WAY,NO CONTROLS,FOLLOWING TOO CLOSELY,FAILING TO YIELD RIGHT-OF-WAY,0,0,0,0,10,1,9,1489,KEDZIE AVE,41.784848,-87.565221,09/12/2021 11:02:00 AM,2021
CR00005595,10/17/2015 04:59:00 PM,30,CLEAR,DAYLIGHT,REAR END,NOT DIVIDED,TRAFFIC SIGNAL,UNABLE TO DETERMINE,NOT APPLICABLE,0,1,2,3,16,7,10,1863,ELSTON AVE,41.879903,-87.745382,10/17/2015 06:07:00 PM,2015
CR00005596,03/22/2022 03:03:00 PM,40,CLOUDY/OVERCAST,DAYLIGHT,PARKED MOTOR VEHICLE,DIVIDED - W/MEDIAN (NOT RAISED),TRAFFIC SIGNAL,FOLLOWING TOO CLOSELY,UNABLE TO DETERMINE,0,0,0,0,15,3,3,1720,ARCHER AVE,41.948531,-87.689816,03/22/2022 03:11:00 PM,2022
CR00005597,04/20/2015 03:09:00 AM,30,FOG/SMOKE/HAZE,DAYLIGHT,ANGLE,DIVIDED - W/MEDIAN (NOT RAISED),NO CONTROLS,FOLLOWING TOO CLOSELY,NOT APPLICABLE,0,0,0,0,3,2,4,686,CICERO AVE,41.820828,-87.743968,04/20/2015 03:20:00 AM,2015
CR00005598,12/20/2022 01:20:00 AM,30,CLEAR,DAYLIGHT,ANGLE,NOT DIVIDED,UNKNOWN,FOLLOWING TOO CLOSELY,NOT APPLICABLE,0,0,0,0,1,3,12,2521,79TH ST,41.799276,-87.57261,12/20/2022 01:31:00 AM,2022
CR00005599,07/04/2020 06:37:00 PM,40,CLEAR,DAYLIGHT,TURNING,ONE-WAY,TRAFFIC SIGNAL,DISTRACTION - FROM INSIDE VEHICLE,DRIVING SKILLS/KNOWLEDGE/EXPERIENCE,0,0,0,0,18,7,7,1425,DIVISION ST,41.936296,-87.636085,07/04/2020 06:45:00 PM,2020
CR00005600,12/29/2023 05:38:00 PM,25,CLEAR,DAWN,TURNING,DIVIDED - W/MEDIAN (NOT RAISED),STOP SIGN/FLASHER,FAILING TO YIELD RIGHT-OF-WAY,NOT APPLICABLE,0,0,0,0,17,6,12,337,MICHIGAN AVE,41.885034,-87.67001,12/29/2023 07:05:00 PM,2023
CR00005601,12/16/2020 09:16:00 AM,30,CLEAR,DAYLIGHT,PEDESTRIAN,DIVIDED - W/MEDIAN (NOT RAISED),NO CONTROLS,FOLLOWING TOO CLOSELY,DISTRACTION - FROM INSIDE VEHICLE,0,0,0,0,9,4,12,313,CICERO AVE,41.949455,-87.699345,12/16/2020 10:09:00 AM,2020
CR00005602,12/19/2020 01:01:00 PM,45,CLEAR,DARKNESS - LIGHTED ROAD,ANGLE,ONE-WAY,PEDESTRIAN CROSSING SIGN,FAILING TO YIELD RIGHT-OF-WAY,UNABLE TO DETERMINE,0,0,0,0,13,7,12,495,47TH ST,41.771134,-87.506536,12/19/2020 02:55:00 PM,2020
CR00005603,08/02/2024 09:01:00 AM,35,CLEAR,DAYLIGHT,ANGLE,NOT DIVIDED,TRAFFIC SIGNAL,UNABLE TO DETERMINE,IMPROPER OVERTAKING/PASSING,0,0,0,0,9,6,8,1329,63RD ST,41.829247,-87.842895,08/02/2024 09:40:00 AM,2024
CR00005604,08/06/2019 08:18:00 PM,35,CLEAR,DAYLIGHT,TURNING,NOT DIVIDED,NO CONTROLS,IMPROPER LANE USAGE,DRIVING SKILLS/KNOWLEDGE/EXPERIENCE,0,0,0,0,20,3,8,2451,ROOSEVELT RD,41.740729,-87.510347,08/06/2019 08:24:00 PM,2019
CR00005605,09/22/2017 07:34:00 PM,15,CLEAR,DAYLIGHT,ANGLE,NOT DIVIDED,STOP SIGN/FLASHER,IMPROPER OVERTAKING/PASSING,UNABLE TO DETERMINE,0,0,0,0,19,6,9,1908,CICERO AVE,41.923131,-87.738277,09/22/2017 08:04:00 PM,2017