CRASH_RECORD_ID,CRASH_DATE,POSTED_SPEED_LIMIT,WEATHER_CONDITION,LIGHTING_CONDITION,FIRST_CRASH_TYPE,TRAFFICWAY_TYPE,TRAFFIC_CONTROL_DEVICE,PRIM_CONTRIBUTORY_CAUSE,SEC_CONTRIBUTORY_CAUSE,INJURIES_FATAL,INJURIES_INCAPACITATING,INJURIES_NON_INCAPACITATING,INJURIES_TOTAL,CRASH_HOUR,CRASH_DAY_OF_WEEK,CRASH_MONTH,BEAT_OF_OCCURRENCE,STREET_NAME,LATITUDE,LONGITUDE,DATE_POLICE_NOTIFIED,year
CR00005606,08/13/2021 04:08:00 PM,30,CLEAR,DARKNESS,REAR END,NOT DIVIDED,NO CONTROLS,UNABLE TO DETERMINE,DRIVING SKILLS/KNOWLEDGE/EXPERIENCE,0,0,0,0,16,6,8,1968,MILWAUKEE AVE,41.798123,-87.813825,08/13/2021 04:18:00 PM,2021
CR00005607,07/01/2024 05:25:00 PM,15,CLEAR,DAYLIGHT,TURNING,DIVIDED - W/MEDIAN (NOT RAISED),NO CONTROLS,UNABLE TO DETERMINE,IMPROPER OVERTAKING/PASSING,0,0,0,0,17,2,7,475,63RD ST,41.971654,-87.810352,07/01/2024 05:39:00 PM,2024
CR00005608,06/27/2016 01:04:00 PM,30,CLEAR,DARKNESS - LIGHTED ROAD,REAR END,NOT DIVIDED,NO CONTROLS,IMPROPER LANE USAGE,NOT APPLICABLE,0,0,0,0,13,2,6,926,CLARK ST,41.711019,-87.633026,06/27/2016 03:02:00 PM,2016
CR00005609,04/10/2021 07:03:00 AM,45,CLEAR,DAYLIGHT,PARKED MOTOR VEHICLE,ONE-WAY,NO CONTROLS,DISREGARDING TRAFFIC SIGNALS,UNABLE TO DETERMINE,0,0,0,0,7,7,4,691,CICERO AVE,41.757408,-87.626235,04/10/2021 07:30:00 AM,2021
CR00005610,11/11/2019 12:37:00 PM,35,FREEZING RAIN/DRIZZLE,DUSK,ANGLE,T-INTERSECTION,NO CONTROLS,UNABLE TO DETERMINE,FAILING TO YIELD RIGHT-OF-WAY,0,0,0,0,12,2,11,1917,63RD ST,41.725467,-87.592477,11/11/2019 02:17:00 PM,2019
CR00005611,11/09/2020 05:38:00 PM,25,CLEAR,DAYLIGHT,TURNING,NOT DIVIDED,STOP SIGN/FLASHER,FAILING TO YIELD RIGHT-OF-WAY,DISTRACTION - FROM INSIDE VEHICLE,0,0,0,0,17,2,11,2333,HALSTED ST,41.948235,-87.546113,11/09/2020 06:56:00 PM,2020
CR00005612,12/05/2017 03:04:00 PM,45,CLEAR,DAYLIGHT,REAR END,NOT DIVIDED,NO CONTROLS,FAILING TO REDUCE SPEED,FOLLOWING TOO CLOSELY,0,0,0,0,15,3,12,2209,STONY ISLAND AVE,41.926436,-87.553923,12/05/2017 03:28:00 PM,2017
CR00005613,09/04/2018 03:34:00 AM,20,CLEAR,DAYLIGHT,FIXED OBJECT,ONE-WAY,UNKNOWN,UNABLE TO DETERMINE,DRIVING SKILLS/KNOWLEDGE/EXPERIENCE,0,0,0,0,3,3,9,2250,ROOSEVELT RD,41.763858,-87.617147,09/04/2018 03:46:00 AM,2018
CR00005614,10/16/2023 07:37:00 AM,15,SNOW,DARKNESS - LIGHTED ROAD,SIDESWIPE SAME DIRECTION,NOT DIVIDED,NO CONTROLS,UNABLE TO DETERMINE,UNABLE TO DETERMINE,0,0,0,0,7,2,10,482,HALSTED ST,41.804924,-87.541877,10/16/2023 08:37:00 AM,2023
CR00005615,08/06/2018 04:44:00 PM,30,CLEAR,DARKNESS,REAR END,DIVIDED - W/MEDIAN BARRIER,STOP SIGN/FLASHER,UNABLE TO DETERMINE,UNABLE TO DETERMINE,0,0,0,0,16,2,8,344,CALIFORNIA AVE,41.943385,-87.747306,08/06/2018 05:03:00 PM,2018
CR00005616,10/08/2020 05:41:00 PM,40,RAIN,DARKNESS - LIGHTED ROAD,FIXED OBJECT,FOUR WAY,STOP SIGN/FLASHER,FAILING TO REDUCE SPEED,FOLLOWING TOO CLOSELY,0,0,0,0,17,5,10,315,ROOSEVELT RD,41.707377,-87.596651,10/08/2020 05:45:00 PM,2020
CR00005617,01/23/2021 06:47:00 PM,30,CLEAR,DARKNESS - LIGHTED ROAD,SIDESWIPE SAME DIRECTION,DIVIDED - W/MEDIAN (NOT RAISED),NO CONTROLS,DISREGARDING TRAFFIC SIGNALS,UNABLE TO DETERMINE,0,0,0,0,18,7,1,2000,KEDZIE AVE,41.888408,-87.688539,01/23/2021 07:19:00 PM,2021
CR00005618,10/02/2020 12:04:00 PM,30,CLEAR,DARKNESS - LIGHTED ROAD,PARKED MOTOR VEHICLE,NOT DIVIDED,NO CONTROLS,FAILING TO YIELD RIGHT-OF-WAY,FOLLOWING TOO CLOSELY,0,0,0,0,12,6,10,124,DIVISION ST,41.996831,-87.74897,10/02/2020 12:32:00 PM,2020
CR00005619,05/20/2018 01:06:00 PM,35,RAIN,DAWN,REAR END,NOT DIVIDED,TRAFFIC SIGNAL,IMPROPER OVERTAKING/PASSING,UNABLE TO DETERMINE,0,0,0,0,13,1,5,1435,CICERO AVE,41.810182,-87.706533,05/20/2018 02:48:00 PM,2018
CR00005620,07/18/2017 09:55:00 PM,35,CLEAR,DAYLIGHT,PARKED MOTOR VEHICLE,FOUR WAY,STOP SIGN/FLASHER,UNABLE TO DETERMINE,FAILING TO YIELD RIGHT-OF-WAY,0,0,0,0,21,3,7,709,63RD ST,41.818811,-87.746134,07/18/2017 11:11:00 PM,2017
CR00005621,11/10/2023 08:48:00 AM,30,CLEAR,DAYLIGHT,TURNING,ONE-WAY,UNKNOWN,DRIVING SKILLS/KNOWLEDGE/EXPERIENCE,FOLLOWING TOO CLOSELY,0,0,1,1,8,6,11,251,CALIFORNIA AVE,41.831727,-87.686639,11/10/2023 09:41:00 AM,2023
CR00005622,04/26/2021 06:01:00 PM,25,CLEAR,DUSK,REAR END,T-INTERSECTION,NO CONTROLS,UNABLE TO DETERMINE,FAILING TO REDUCE SPEED,0,0,0,0,18,2,4,1381,79TH ST,41.97778,-87.688715,04/26/2021 06:46:00 PM,2021
CR00005623,11/11/2024 01:06:00 AM,20,FOG/SMOKE/HAZE,DAYLIGHT,PEDESTRIAN,NOT DIVIDED,NO CONTROLS,IMPROPER LANE USAGE,FOLLOWING TOO CLOSELY,0,0,0,0,1,2,11,1247,ASHLAND AVE,41.750152,-87.848022,11/11/2024 01:13:00 AM,2024
CR00005624,01/24/2022 12:43:00 PM,25,CLEAR,DUSK,TURNING,NOT DIVIDED,NO CONTROLS,UNABLE TO DETERMINE,DRIVING SKILLS/KNOWLEDGE/EXPERIENCE,0,0,0,0,12,2,1,2313,WESTERN AVE,41.973626,-87.797117,01/24/2022 12:54:00 PM,2022
CR00005625,11/10/2022 05:34:00 PM,30,RAIN,DARKNESS,SIDESWIPE SAME DIRECTION,DIVIDED - W/MEDIAN (NOT RAISED),TRAFFIC SIGNAL,UNABLE TO DETERMINE,FAILING TO REDUCE SPEED,0,0,0,0,17,5,11,1207,PULASKI RD,41.977767,-87.714237,11/10/2022 07:17:00 PM,2022
CR00005626,04/10/2015 04:46:00 PM,40,CLEAR,DAYLIGHT,TURNING,ONE-WAY,STOP SIGN/FLASHER,UNABLE TO DETERMINE,NOT APPLICABLE,0,0,0,0,16,6,4,459,LAKE SHORE DR,41.902615,-87.804877,04/10/2015 06:09:00 PM,2015
CR00005627,04/15/2023 10:16:00 AM,30,CLEAR,DAYLIGHT,SIDESWIPE SAME DIRECTION,FOUR WAY,STOP SIGN/FLASHER,FOLLOWING TOO CLOSELY,DISTRACTION - FROM INSIDE VEHICLE,0,0,0,0,10,7,4,2336,FULLERTON AVE,41.704907,-87.681689,04/15/2023 11:33:00 AM,2023
CR00005628,12/19/2019 01:56:00 PM,35,RAIN,DAYLIGHT,REAR END,DIVIDED - W/MEDIAN BARRIER,TRAFFIC SIGNAL,FOLLOWING TOO CLOSELY,FAILING TO REDUCE SPEED,0,0,0,0,13,5,12,2385,CALIFORNIA AVE,41.736256,-87.839575,12/19/2019 02:54:00 PM,2019
CR00005629,04/19/2015 07:57:00 PM,35,CLEAR,DUSK,TURNING,NOT DIVIDED,NO CONTROLS,DISTRACTION - FROM INSIDE VEHICLE,NOT APPLICABLE,0,0,0,0,19,1,4,1875,CALIFORNIA AVE,41.737807,-87.632825,04/19/2015 08:04:00 PM,2015
CR00005630,11/23/2020 05:21:00 PM,30,SNOW,DARKNESS - LIGHTED ROAD,ANGLE,DIVIDED - W/MEDIAN BARRIER,NO CONTROLS,DRIVING SKILLS/KNOWLEDGE/EXPERIENCE,DISTRACTION - FROM INSIDE VEHICLE,0,0,0,0,17,2,11,1753,MICHIGAN AVE,41.78302,-87.740136,11/23/2020 06:21:00 PM,2020
CR00005631,06/07/2024 07:40:00 AM,15,CLEAR,DARKNESS - LIGHTED ROAD,TURNING,NOT DIVIDED,NO CONTROLS,UNABLE TO DETERMINE,NOT APPLICABLE,0,0,0,0,7,6,6,2003,STATE ST,41.915991,-87.506927,06/07/2024 08:21:00 AM,2024
CR00005632,09/29/2020 05:45:00 PM,40,CLEAR,DAYLIGHT,REAR END,DIVIDED - W/MEDIAN (NOT RAISED),TRAFFIC SIGNAL,DISTRACTION - FROM INSIDE VEHICLE,FAILING TO YIELD RIGHT-OF-WAY,0,0,0,0,17,3,9,128,MILWAUKEE AVE,41.742783,-87.589201,09/29/2020 07:05:00 PM,2020
CR00005633,10/13/2022 04:36:00 PM,20,RAIN,DAYLIGHT,REAR TO FRONT,NOT DIVIDED,TRAFFIC SIGNAL,FAILING TO YIELD RIGHT-OF-WAY,FAILING TO YIELD RIGHT-OF-WAY,0,0,0,0,16,5,10,946,79TH ST,41.921336,-87.798801,10/13/2022 05:59:00 PM,2022
CR00005634,12/14/2020 07:23:00 AM,35,CLEAR,DARKNESS,PARKED MOTOR VEHICLE,DIVIDED - W/MEDIAN (NOT RAISED),UNKNOWN,FAILING TO YIELD RIGHT-OF-WAY,NOT APPLICABLE,0,0,0,0,7,2,12,2300,CICERO AVE,41.713812,-87.579323,12/14/2020 08:20:00 AM,2020
CR00005635,06/25/2017 03:36:00 PM,25,CLEAR,DARKNESS - LIGHTED ROAD,PARKED MOTOR VEHICLE,NOT DIVIDED,TRAFFIC SIGNAL,FOLLOWING TOO CLOSELY,DISTRACTION - FROM INSIDE VEHICLE,0,0,1,1,15,1,6,173,PULASKI RD,41.863439,-87.599477,06/25/2017 03:41:00 PM,2017
CR00005636,04/05/2023 06:59:00 PM,40,CLEAR,DAYLIGHT,ANGLE,NOT DIVIDED,NO CONTROLS,UNABLE TO DETERMINE,UNABLE TO DETERMINE,0,0,3,3,18,4,4,2198,79TH ST,41.794822,-87.655254,04/05/2023 08:49:00 PM,2023
CR00005637,03/25/2019 12:08:00 PM,30,CLEAR,DARKNESS - LIGHTED ROAD,REAR END,NOT DIVIDED,UNKNOWN,DISTRACTION - FROM INSIDE VEHICLE,DISTRACTION - FROM INSIDE VEHICLE,0,2,2,4,12,2,3,1689,FULLERTON AVE,41.714487,-87.726267,03/25/2019 01:01:00 PM,2019
CR00005638,08/06/2015 06:38:00 PM,40,CLEAR,DAYLIGHT,REAR TO FRONT,ONE-WAY,YIELD,IMPROPER OVERTAKING/PASSING,IMPROPER LANE USAGE,0,0,0,0,18,5,8,2048,STATE ST,41.956379,-87.764943,08/06/2015 08:02:00 PM,2015
CR00005639,03/27/2021 09:47:00 AM,25,CLEAR,DAYLIGHT,TURNING,NOT DIVIDED,TRAFFIC SIGNAL,FOLLOWING TOO CLOSELY,IMPROPER OVERTAKING/PASSING,0,0,3,3,9,7,3,1876,OGDEN AVE,41.825094,-87.510354,03/27/2021 10:55:00 AM,2021
CR00005640,10/14/2016 08:45:00 PM,40,CLEAR,DAYLIGHT,REAR END,DIVIDED - W/MEDIAN BARRIER,UNKNOWN,DISTRACTION - FROM INSIDE VEHICLE,IMPROPER OVERTAKING/PASSING,0,0,0,0,20,6,10,2153,ROOSEVELT RD,41.880431,-87.697296,10/14/2016 09:04:00 PM,2016
CR00005641,03/05/2024 01:32:00 PM,45,CLEAR,DAYLIGHT,TURNING,DIVIDED - W/MEDIAN BARRIER,NO CONTROLS,FAILING TO REDUCE SPEED,FOLLOWING TOO CLOSELY,0,0,2,2,13,3,3,598,DIVISION ST,41.853342,-87.641412,03/05/2024 02:14:00 PM,2024
CR00005642,01/04/2019 10:59:00 AM,25,CLEAR,DARKNESS - LIGHTED ROAD,TURNING,DIVIDED - W/MEDIAN (NOT RAISED),NO CONTROLS,DRIVING SKILLS/KNOWLEDGE/EXPERIENCE,IMPROPER LANE USAGE,0,0,0,0,10,6,1,661,ARCHER AVE,41.809073,-87.825721,01/04/2019 11:55:00 AM,2019
CR00005643,06/12/2020 01:50:00 PM,30,CLEAR,DAYLIGHT,PARKED MOTOR VEHICLE,FOUR WAY,TRAFFIC SIGNAL,UNABLE TO DETERMINE,UNABLE TO DETERMINE,0,0,0,0,13,6,6,1200,KEDZIE AVE,41.799681,-87.732373,06/12/2020 01:59:00 PM,2020
CR00005644,08/21/2015 05:59:00 PM,45,CLEAR,DAYLIGHT,PARKED MOTOR VEHICLE,DIVIDED - W/MEDIAN (NOT RAISED),STOP SIGN/FLASHER,FOLLOWING TOO CLOSELY,UNABLE TO DETERMINE,0,0,0,0,17,6,8,1439,63RD ST,41.803616,-87.794596,08/21/2015 07:09:00 PM,2015
CR00005645,09/25/2020 07:59:00 PM,30,SNOW,DARKNESS - LIGHTED ROAD,ANGLE,NOT DIVIDED,TRAFFIC SIGNAL,IMPROPER OVERTAKING/PASSING,UNABLE TO DETERMINE,0,0,0,0,19,6,9,524,LAKE SHORE DR,41.938738,-87.757963,09/25/2020 08:26:00 PM,2020
CR00005646,03/11/2018 08:23:00 AM,35,SNOW,DARKNESS - LIGHTED ROAD,REAR END,T-INTERSECTION,TRAFFIC SIGNAL,DISTRACTION - FROM INSIDE VEHICLE,FAILING TO YIELD RIGHT-OF-WAY,0,0,3,3,8,1,3,612,CLARK ST,41.839883,-87.735151,03/11/2018 09:16:00 AM,2018
CR00005647,08/05/2024 10:43:00 PM,20,CLEAR,DARKNESS - LIGHTED ROAD,REAR TO FRONT,ONE-WAY,NO CONTROLS,FOLLOWING TOO CLOSELY,NOT APPLICABLE,0,0,0,0,22,2,8,2027,STATE ST,41.837071,-87.727281,08/05/2024 11:32:00 PM,2024
CR00005648,06/18/2022 06:37:00 PM,30,CLEAR,DARKNESS - LIGHTED ROAD,TURNING,FOUR WAY,NO CONTROLS,UNABLE TO DETERMINE,DISREGARDING TRAFFIC SIGNALS,0,0,0,0,18,7,6,1857,PULASKI RD,41.967018,-87.504146,06/18/2022 07:16:00 PM,2022
CR00005649,03/04/2017 12:31:00 AM,30,CLEAR,DAYLIGHT,REAR END,DIVIDED - W/MEDIAN (NOT RAISED),UNKNOWN,FAILING TO YIELD RIGHT-OF-WAY,FOLLOWING TOO CLOSELY,0,0,1,1,0,7,3,2333,OGDEN AVE,41.771542,-87.718245,03/04/2017 02:19:00 AM,2017
CR00005650,04/23/2020 05:51:00 PM,40,CLEAR,DARKNESS - LIGHTED ROAD,REAR TO FRONT,NOT DIVIDED,TRAFFIC SIGNAL,FAILING TO REDUCE SPEED,FOLLOWING TOO CLOSELY,0,0,0,0,17,5,4,392,KEDZIE AVE,41.946499,-87.534977,04/23/2020 06:24:00 PM,2020
CR00005651,04/28/2020 01:28:00 AM,15,FOG/SMOKE/HAZE,DAYLIGHT,SIDESWIPE SAME DIRECTION,NOT DIVIDED,NO CONTROLS,DRIVING SKILLS/KNOWLEDGE/EXPERIENCE,UNABLE TO DETERMINE,0,0,0,0,1,3,4,1687,79TH ST,41.708632,-87.54743,04/28/2020 01:53:00 AM,2020
CR00005652,08/20/2015 02:44:00 PM,20,CLEAR,DARKNESS - LIGHTED ROAD,TURNING,DIVIDED - W/MEDIAN (NOT RAISED),NO CONTROLS,DISTRACTION - FROM INSIDE VEHICLE,FAILING TO YIELD RIGHT-OF-WAY,0,0,0,0,14,5,8,2147,WESTERN AVE,41.81654,-87.791501,08/20/2015 04:16:00 PM,2015
CR00005653,09/05/2023 11:56:00 AM,15,SNOW,DAYLIGHT,ANGLE,NOT DIVIDED,NO CONTROLS,UNABLE TO DETERMINE,UNABLE TO DETERMINE,0,0,0,0,11,3,9,2264,79TH ST,41.789523,-87.790897,09/05/2023 12:41:00 PM,2023
CR00005654,09/14/2016 01:00:00 PM,45,RAIN,DAYLIGHT,TURNING,ONE-WAY,STOP SIGN/FLASHER,IMPROPER OVERTAKING/PASSING,NOT APPLICABLE,0,0,0,0,13,4,9,119,ROOSEVELT RD,41.755524,-87.516221,09/14/2016 01:16:00 PM,2016
CR00005655,03/15/2023 05:02:00 PM,35,CLOUDY/OVERCAST,DARKNESS - LIGHTED ROAD,TURNING,NOT DIVIDED,UNKNOWN,FOLLOWING TOO CLOSELY,FAILING TO YIELD RIGHT-OF-WAY,0,0,0,0,17,4,3,1742,CLARK ST,41.939079,-87.792868,03/15/2023 05:22:00 PM,2023
CR00005656,10/19/2018 02:40:00 AM,30,CLEAR,DARKNESS - LIGHTED ROAD,TURNING,FOUR WAY,NO CONTROLS,UNABLE TO DETERMINE,UNABLE TO DETERMINE,0,0,0,0,2,6,10,782,CICERO AVE,41.932291,-87.603802,10/19/2018 03:56:00 AM,2018
CR00005657,07/21/2017 05:41:00 PM,45,CLEAR,DAYLIGHT,TURNING,DIVIDED - W/MEDIAN (NOT RAISED),NO CONTROLS,DISTRACTION - FROM INSIDE VEHICLE,DRIVING SKILLS/KNOWLEDGE/EXPERIENCE,0,1,1,2,17,6,7,928,47TH ST,41.985534,-87.544727,07/21/2017 06:25:00 PM,2017
CR00005658,04/06/2024 03:02:00 PM,30,CLEAR,DAYLIGHT,PARKED MOTOR VEHICLE,DIVIDED - W/MEDIAN (NOT RAISED),TRAFFIC SIGNAL,UNABLE TO DETERMINE,UNABLE TO DETERMINE,0,0,0,0,15,7,4,1272,47TH ST,41.80283,-87.555488,04/06/2024 04:04:00 PM,2024
CR00005659,08/26/2018 07:36:00 PM,30,CLEAR,DARKNESS - LIGHTED ROAD,REAR END,DIVIDED - W/MEDIAN (NOT RAISED),STOP SIGN/FLASHER,DISREGARDING TRAFFIC SIGNALS,DISTRACTION - FROM INSIDE VEHICLE,0,0,0,0,19,1,8,2445,47TH ST,41.903772,-87.668984,08/26/2018 09:06:00 PM,2018
CR00005660,07/04/2017 01:46:00 PM,35,CLEAR,DAWN,REAR END,T-INTERSECTION,NO CONTROLS,DISTRACTION - FROM INSIDE VEHICLE,UNABLE TO DETERMINE,0,0,0,0,13,3,7,1599,MILWAUKEE AVE,41.902949,-87.718545,07/04/2017 02:08:00 PM,2017
CR00005661,05/21/2022 01:58:00 AM,15,CLEAR,DARKNESS,REAR END,NOT DIVIDED,TRAFFIC SIGNAL,UNABLE TO DETERMINE,DISTRACTION - FROM INSIDE VEHICLE,0,0,0,0,1,7,5,1030,CALIFORNIA AVE,41.788625,-87.543868,05/21/2022 02:00:00 AM,2022
CR00005662,09/30/2018 04:05:00 PM,20,CLEAR,DAYLIGHT,REAR TO FRONT,ONE-WAY,TRAFFIC SIGNAL,UNABLE TO DETERMINE,IMPROPER LANE USAGE,0,0,0,0,16,1,9,1489,MILWAUKEE AVE,41.751113,-87.630988,09/30/2018 05:35:00 PM,2018
CR00005663,01/07/2020 02:05:00 AM,45,CLOUDY/OVERCAST,DARKNESS,PEDESTRIAN,DIVIDED - W/MEDIAN (NOT RAISED),STOP SIGN/FLASHER,FOLLOWING TOO CLOSELY,UNABLE TO DETERMINE,0,0,0,0,2,3,1,1523,47TH ST,41.729184,-87.819768,01/07/2020 03:24:00 AM,2020
CR00005664,10/19/2017 11:48:00 AM,30,CLEAR,DAYLIGHT,PEDESTRIAN,DIVIDED - W/MEDIAN (NOT RAISED),TRAFFIC SIGNAL,DISTRACTION - FROM INSIDE VEHICLE,NOT APPLICABLE,0,0,0,0,11,5,10,2497,FULLERTON AVE,41.808346,-87.692573,10/19/2017 01:07:00 PM,2017
CR00005665,08/20/2018 05:42:00 PM,45,RAIN,DAYLIGHT,ANGLE,FOUR WAY,NO CONTROLS,DISTRACTION - FROM INSIDE VEHICLE,DISTRACTION - FROM INSIDE VEHICLE,0,0,0,0,17,2,8,2223,HALSTED ST,41.782438,-87.657767,08/20/2018 05:44:00 PM,2018
CR00005666,03/03/2024 07:41:00 AM,35,CLEAR,DAYLIGHT,ANGLE,NOT DIVIDED,STOP SIGN/FLASHER,FAILING TO REDUCE SPEED,FAILING TO REDUCE SPEED,0,0,0,0,7,1,3,2060,LAKE SHORE DR,41.791982,-87.566307,03/03/2024 09:20:00 AM,2024
CR00005667,07/14/2016 06:52:00 PM,30,RAIN,DARKNESS - LIGHTED ROAD,PARKED MOTOR VEHICLE,DIVIDED - W/MEDIAN (NOT RAISED),NO CONTROLS,FOLLOWING TOO CLOSELY,NOT APPLICABLE,0,0,0,0,18,5,7,2501,CICERO AVE,41.999915,-87.531203,07/14/2016 07:22:00 PM,2016
CR00005668,05/19/2015 08:51:00 AM,45,CLEAR,DAYLIGHT,SIDESWIPE SAME DIRECTION,NOT DIVIDED,STOP SIGN/FLASHER,DISTRACTION - FROM INSIDE VEHICLE,DISTRACTION - FROM INSIDE VEHICLE,0,0,0,0,8,3,5,2088,WESTERN AVE,41.87921,-87.591805,05/19/2015 09:28:00 AM,2015
CR00005669,01/07/2020 11:55:00 AM,25,CLEAR,DAYLIGHT,PARKED MOTOR VEHICLE,DIVIDED - W/MEDIAN BARRIER,NO CONTROLS,UNABLE TO DETERMINE,IMPROPER LANE USAGE,0,0,0,0,11,3,1,594,CALIFORNIA AVE,41.80842,-87.663325,01/07/2020 01:46:00 PM,2020
CR00005670,05/17/2015 08:32:00 PM,40,CLEAR,DAYLIGHT,ANGLE,ONE-WAY,NO CONTROLS,DRIVING SKILLS/KNOWLEDGE/EXPERIENCE,UNABLE TO DETERMINE,0,0,2,2,20,1,5,1905,ARCHER AVE,41.996507,-87.743158,05/17/2015 09:00:00 PM,2015
CR00005671,07/05/2021 03:59:00 PM,40,FOG/SMOKE/HAZE,DAYLIGHT,REAR END,DIVIDED - W/MEDIAN (NOT RAISED),NO CONTROLS,FAILING TO REDUCE SPEED,UNABLE TO DETERMINE,0,0,0,0,15,2,7,546,CLARK ST,41.857329,-87.834602,07/05/2021 05:13:00 PM,2021
CR00005672,11/25/2019 04:52:00 PM,40,CLEAR,DUSK,FIXED OBJECT,NOT DIVIDED,NO CONTROLS,FAILING TO YIELD RIGHT-OF-WAY,DRIVING SKILLS/KNOWLEDGE/EXPERIENCE,0,0,0,0,16,2,11,2088,STONY ISLAND AVE,41.949176,-87.773335,11/25/2019 06:13:00 PM,2019
CR00005673,07/07/2017 12:50:00 PM,40,CLEAR,DARKNESS - LIGHTED ROAD,PARKED MOTOR VEHICLE,ONE-WAY,NO CONTROLS,UNABLE TO DETERMINE,NOT APPLICABLE,0,0,0,0,12,6,7,1156,ARCHER AVE,41.812524,-87.666207,07/07/2017 02:26:00 PM,2017
CR00005674,06/17/2020 12:33:00 PM,40,CLEAR,DAYLIGHT,TURNING,NOT DIVIDED,UNKNOWN,IMPROPER OVERTAKING/PASSING,FOLLOWING TOO CLOSELY,0,0,0,0,12,4,6,1382,ASHLAND AVE,41.767025,-87.663895,06/17/2020 01:26:00 PM,2020
CR00005675,05/19/2016 11:11:00 AM,35,CLOUDY/OVERCAST,DAYLIGHT,REAR END,FOUR WAY,NO CONTROLS,UNABLE TO DETERMINE,WEATHER,0,0,0,0,11,5,5,912,WESTERN AVE,41.944717,-87.509928,05/19/2016 12:46:00 PM,2016
CR00005676,08/03/2015 09:21:00 AM,35,RAIN,DAYLIGHT,ANGLE,DIVIDED - W/MEDIAN (NOT RAISED),NO CONTROLS,UNABLE TO DETERMINE,FOLLOWING TOO CLOSELY,0,0,0,0,9,2,8,1352,ELSTON AVE,41.957261,-87.683813,08/03/2015 09:34:00 AM,2015
CR00005677,07/09/2020 08:44:00 PM,15,CLOUDY/OVERCAST,DARKNESS,REAR END,NOT DIVIDED,STOP SIGN/FLASHER,DRIVING SKILLS/KNOWLEDGE/EXPERIENCE,FOLLOWING TOO CLOSELY,0,0,0,0,20,5,7,1611,79TH ST,41.993403,-87.766195,07/09/2020 10:41:00 PM,2020
CR00005678,01/09/2019 07:34:00 PM,20,CLEAR,DUSK,REAR END,ONE-WAY,NO CONTROLS,UNABLE TO DETERMINE,DRIVING SKILLS/KNOWLEDGE/EXPERIENCE,0,0,0,0,19,4,1,2433,ASHLAND AVE,41.851226,-87.746504,01/09/2019 08:26:00 PM,2019
CR00005679,05/08/2017 03:35:00 PM,25,SNOW,DARKNESS - LIGHTED ROAD,SIDESWIPE SAME DIRECTION,DIVIDED - W/MEDIAN (NOT RAISED),NO CONTROLS,FAILING TO YIELD RIGHT-OF-WAY,IMPROPER LANE USAGE,0,0,0,0,15,2,5,1656,DAMEN AVE,41.999697,-87.810342,05/08/2017 05:02:00 PM,2017
CR00005680,07/08/2024 04:32:00 PM,45,CLEAR,DARKNESS - LIGHTED ROAD,SIDESWIPE SAME DIRECTION,NOT DIVIDED,TRAFFIC SIGNAL,UNABLE TO DETERMINE,UNABLE TO DETERMINE,0,0,0,0,16,2,7,648,HALSTED ST,41.781997,-87.762071,07/08/2024 05:36:00 PM,2024
CR00005681,04/30/2015 01:54:00 PM,25,CLEAR,DAYLIGHT,REAR END,DIVIDED - W/MEDIAN (NOT RAISED),TRAFFIC SIGNAL,FAILING TO REDUCE SPEED,FAILING TO YIELD RIGHT-OF-WAY,0,0,0,0,13,5,4,1675,FULLERTON AVE,41.993948,-87.656225,04/30/2015 02:54:00 PM,2015
CR00005682,05/16/2017 08:49:00 PM,30,FREEZING RAIN/DRIZZLE,DAYLIGHT,REAR END,NOT DIVIDED,TRAFFIC SIGNAL,UNABLE TO DETERMINE,UNABLE TO DETERMINE,0,0,0,0,20,3,5,1272,PULASKI RD,41.990242,-87.589795,05/16/2017 09:23:00 PM,2017
CR00005683,02/23/2024 04:53:00 PM,30,CLEAR,DAYLIGHT,REAR END,DIVIDED - W/MEDIAN (NOT RAISED),NO CONTROLS,FAILING TO YIELD RIGHT-OF-WAY,UNABLE TO DETERMINE,0,0,0,0,16,6,2,835,79TH ST,41.712316,-87.629278,02/23/2024 06:24:00 PM,2024
CR00005684,04/22/2019 08:36:00 PM,25,CLEAR,DAYLIGHT,ANGLE,DIVIDED - W/MEDIAN (NOT RAISED),NO CONTROLS,FAILING TO YIELD RIGHT-OF-WAY,NOT APPLICABLE,0,0,0,0,20,2,4,1146,CICERO AVE,41.909222,-87.609493,04/22/2019 10:26:00 PM,2019
CR00005685,11/12/2020 04:41:00 PM,35,CLEAR,DAYLIGHT,REAR END,NOT DIVIDED,NO CONTROLS,FAILING TO YIELD RIGHT-OF-WAY,DISREGARDING TRAFFIC SIGNALS,0,0,0,0,16,5,11,460,KEDZIE AVE,41.913275,-87.523454,11/12/2020 05:46:00 PM,2020
CR00005686,10/04/2021 04:36:00 PM,30,SNOW,DARKNESS - LIGHTED ROAD,SIDESWIPE SAME DIRECTION,DIVIDED - W/MEDIAN (NOT RAISED),NO CONTROLS,UNABLE TO DETERMINE,UNABLE TO DETERMINE,0,0,3,3,16,2,10,2013,DAMEN AVE,41.904318,-87.600003,10/04/2021 06:23:00 PM,2021