CRASH_RECORD_ID,CRASH_DATE,POSTED_SPEED_LIMIT,WEATHER_CONDITION,LIGHTING_CONDITION,FIRST_CRASH_TYPE,TRAFFICWAY_TYPE,TRAFFIC_CONTROL_DEVICE,PRIM_CONTRIBUTORY_CAUSE,SEC_CONTRIBUTORY_CAUSE,INJURIES_FATAL,INJURIES_INCAPACITATING,INJURIES_NON_INCAPACITATING,INJURIES_TOTAL,CRASH_HOUR,CRASH_DAY_OF_WEEK,CRASH_MONTH,BEAT_OF_OCCURRENCE,STREET_NAME,LATITUDE,LONGITUDE,DATE_POLICE_NOTIFIED,year
CR00005687,04/20/2022 06:42:00 PM,35,CLEAR,DAYLIGHT,TURNING,DIVIDED - W/MEDIAN BARRIER,TRAFFIC SIGNAL,FOLLOWING TOO CLOSELY,FOLLOWING TOO CLOSELY,0,0,0,0,18,4,4,620,IRVING PARK RD,41.95795,-87.692227,04/20/2022 07:51:00 PM,2022
CR00005688,01/15/2015 02:02:00 PM,45,RAIN,DAYLIGHT,PEDESTRIAN,NOT DIVIDED,NO CONTROLS,UNABLE TO DETERMINE,UNABLE TO DETERMINE,0,0,0,0,14,5,1,2341,DIVISION ST,41.730879,-87.521607,01/15/2015 02:50:00 PM,2015
CR00005689,07/17/2021 03:20:00 PM,15,CLEAR,DAYLIGHT,REAR END,NOT DIVIDED,NO CONTROLS,UNABLE TO DETERMINE,DISTRACTION - FROM INSIDE VEHICLE,0,0,0,0,15,7,7,774,BROADWAY,41.852422,-87.699555,07/17/2021 04:47:00 PM,2021
CR00005690,07/28/2016 12:49:00 PM,30,CLEAR,DAYLIGHT,PEDESTRIAN,ONE-WAY,NO CONTROLS,FAILING TO YIELD RIGHT-OF-WAY,FAILING TO REDUCE SPEED,0,0,0,0,12,5,7,1433,MILWAUKEE AVE,41.989849,-87.510547,07/28/2016 02:44:00 PM,2016
CR00005691,04/09/2015 12:28:00 PM,25,CLEAR,DAYLIGHT,ANGLE,NOT DIVIDED,STOP SIGN/FLASHER,FOLLOWING TOO CLOSELY,DISTRACTION - FROM INSIDE VEHICLE,0,0,0,0,12,5,4,136,ELSTON AVE,41.718899,-87.756635,04/09/2015 01:01:00 PM,2015
CR00005692,02/01/2019 07:48:00 PM,15,SNOW,DAYLIGHT,TURNING,DIVIDED - W/MEDIAN (NOT RAISED),NO CONTROLS,FOLLOWING TOO CLOSELY,NOT APPLICABLE,0,2,1,3,19,6,2,800,MILWAUKEE AVE,41.835103,-87.559454,02/01/2019 08:36:00 PM,2019
CR00005693,05/15/2018 05:09:00 PM,45,CLEAR,DARKNESS - LIGHTED ROAD,REAR TO FRONT,DIVIDED - W/MEDIAN BARRIER,YIELD,FOLLOWING TOO CLOSELY,WEATHER,0,0,1,1,17,3,5,2397,WESTERN AVE,41.911775,-87.702557,05/15/2018 05:31:00 PM,2018
CR00005694,02/18/2024 11:29:00 AM,35,SNOW,DAYLIGHT,REAR END,T-INTERSECTION,TRAFFIC SIGNAL,UNABLE TO DETERMINE,UNABLE TO DETERMINE,0,0,0,0,11,1,2,508,OGDEN AVE,41.907496,-87.544925,02/18/2024 12:40:00 PM,2024
CR00005695,03/05/2021 05:29:00 PM,45,CLEAR,DAYLIGHT,REAR END,NOT DIVIDED,NO CONTROLS,DRIVING SKILLS/KNOWLEDGE/EXPERIENCE,NOT APPLICABLE,0,0,0,0,17,6,3,1831,DAMEN AVE,41.726963,-87.831867,03/05/2021 07:22:00 PM,2021
CR00005696,10/08/2024 07:52:00 PM,40,CLEAR,DARKNESS - LIGHTED ROAD,PARKED MOTOR VEHICLE,ONE-WAY,TRAFFIC SIGNAL,IMPROPER OVERTAKING/PASSING,DISTRACTION - FROM INSIDE VEHICLE,0,0,0,0,19,3,10,537,63RD ST,41.978887,-87.729673,10/08/2024 08:39:00 PM,2024
CR00005697,12/20/2019 07:05:00 AM,30,RAIN,DARKNESS,TURNING,DIVIDED - W/MEDIAN (NOT RAISED),NO CONTROLS,DISTRACTION - FROM INSIDE VEHICLE,FAILING TO YIELD RIGHT-OF-WAY,0,0,0,0,7,6,12,516,WESTERN AVE,41.820065,-87.662448,12/20/2019 08:27:00 AM,2019
CR00005698,09/18/2023 06:56:00 PM,30,CLEAR,DARKNESS - LIGHTED ROAD,ANGLE,NOT DIVIDED,NO CONTROLS,DRIVING SKILLS/KNOWLEDGE/EXPERIENCE,DISTRACTION - FROM INSIDE VEHICLE,0,0,0,0,18,2,9,116,OGDEN AVE,41.968136,-87.708547,09/18/2023 07:53:00 PM,2023
CR00005699,01/12/2016 08:46:00 AM,30,CLEAR,DAYLIGHT,REAR END,NOT DIVIDED,YIELD,UNABLE TO DETERMINE,UNABLE TO DETERMINE,0,0,0,0,8,3,1,1597,DAMEN AVE,41.988716,-87.553078,01/12/2016 10:16:00 AM,2016
CR00005700,06/09/2024 01:15:00 PM,30,CLEAR,DAYLIGHT,TURNING,DIVIDED - W/MEDIAN (NOT RAISED),UNKNOWN,IMPROPER LANE USAGE,DISTRACTION - FROM INSIDE VEHICLE,0,0,1,1,13,1,6,887,DIVISION ST,41.707906,-87.532632,06/09/2024 02:21:00 PM,2024
CR00005701,09/09/2022 08:56:00 PM,35,CLEAR,DAYLIGHT,PARKED MOTOR VEHICLE,DIVIDED - W/MEDIAN (NOT RAISED),NO CONTROLS,DRIVING SKILLS/KNOWLEDGE/EXPERIENCE,FOLLOWING TOO CLOSELY,0,0,1,1,20,6,9,1866,CICERO AVE,41.775012,-87.81359,09/09/2022 09:33:00 PM,2022
CR00005702,04/15/2024 11:39:00 AM,45,CLEAR,DARKNESS - LIGHTED ROAD,REAR END,DIVIDED - W/MEDIAN (NOT RAISED),STOP SIGN/FLASHER,UNABLE TO DETERMINE,DISREGARDING TRAFFIC SIGNALS,0,0,0,0,11,2,4,132,STATE ST,41.734208,-87.737981,04/15/2024 01:37:00 PM,2024
CR00005703,02/07/2017 06:58:00 PM,35,CLEAR,DAYLIGHT,ANGLE,NOT DIVIDED,NO CONTROLS,DISTRACTION - FROM INSIDE VEHICLE,UNABLE TO DETERMINE,0,0,0,0,18,3,2,1782,47TH ST,41.930238,-87.825569,02/07/2017 08:03:00 PM,2017
CR00005704,11/26/2024 06:30:00 AM,45,CLEAR,DAYLIGHT,ANGLE,ONE-WAY,TRAFFIC SIGNAL,UNABLE TO DETERMINE,NOT APPLICABLE,0,0,0,0,6,3,11,565,DAMEN AVE,41.910705,-87.617377,11/26/2024 07:50:00 AM,2024
CR00005705,04/15/2019 10:03:00 AM,30,CLEAR,DAYLIGHT,PARKED MOTOR VEHICLE,T-INTERSECTION,TRAFFIC SIGNAL,UNABLE TO DETERMINE,DRIVING SKILLS/KNOWLEDGE/EXPERIENCE,0,0,1,1,10,2,4,227,OGDEN AVE,41.869133,-87.781443,04/15/2019 10:36:00 AM,2019
CR00005706,05/23/2024 05:48:00 PM,40,CLEAR,DARKNESS - LIGHTED ROAD,FIXED OBJECT,DIVIDED - W/MEDIAN (NOT RAISED),NO CONTROLS,UNABLE TO DETERMINE,FOLLOWING TOO CLOSELY,0,1,2,3,17,5,5,2367,ASHLAND AVE,41.732025,-87.597542,05/23/2024 07:05:00 PM,2024
CR00005707,06/15/2023 06:02:00 PM,35,CLEAR,DAYLIGHT,REAR TO FRONT,FOUR WAY,NO CONTROLS,FAILING TO YIELD RIGHT-OF-WAY,UNABLE TO DETERMINE,0,0,2,2,18,5,6,2142,STONY ISLAND AVE,41.9621,-87.599587,06/15/2023 06:48:00 PM,2023
CR00005708,02/15/2017 06:57:00 PM,30,CLEAR,DARKNESS - LIGHTED ROAD,ANGLE,ONE-WAY,STOP SIGN/FLASHER,UNABLE TO DETERMINE,UNABLE TO DETERMINE,0,0,0,0,18,4,2,1407,STONY ISLAND AVE,41.803459,-87.529994,02/15/2017 08:53:00 PM,2017
CR00005709,11/01/2019 10:42:00 PM,45,CLEAR,DAYLIGHT,ANGLE,ONE-WAY,NO CONTROLS,IMPROPER LANE USAGE,IMPROPER OVERTAKING/PASSING,0,0,0,0,22,6,11,2360,IRVING PARK RD,41.789031,-87.715292,11/02/2019 12:14:00 AM,2019
CR00005710,12/24/2017 02:38:00 PM,35,CLEAR,DARKNESS - LIGHTED ROAD,PARKED MOTOR VEHICLE,NOT DIVIDED,NO CONTROLS,FOLLOWING TOO CLOSELY,FOLLOWING TOO CLOSELY,0,0,0,0,14,1,12,1544,WESTERN AVE,41.98236,-87.61055,12/24/2017 04:34:00 PM,2017
CR00005711,08/09/2024 08:14:00 PM,40,SNOW,DUSK,ANGLE,NOT DIVIDED,YIELD,FOLLOWING TOO CLOSELY,NOT APPLICABLE,0,0,0,0,20,6,8,751,LAKE SHORE DR,41.758783,-87.797815,08/09/2024 09:36:00 PM,2024
CR00005712,12/19/2017 07:57:00 AM,45,CLEAR,DAYLIGHT,SIDESWIPE SAME DIRECTION,DIVIDED - W/MEDIAN (NOT RAISED),STOP SIGN/FLASHER,DRIVING SKILLS/KNOWLEDGE/EXPERIENCE,UNABLE TO DETERMINE,0,0,0,0,7,3,12,2075,KEDZIE AVE,41.851618,-87.814,12/19/2017 09:38:00 AM,2017
CR00005713,02/23/2020 06:11:00 PM,30,RAIN,DARKNESS,SIDESWIPE SAME DIRECTION,NOT DIVIDED,NO CONTROLS,UNABLE TO DETERMINE,DRIVING SKILLS/KNOWLEDGE/EXPERIENCE,0,0,0,0,18,1,2,1411,WESTERN AVE,41.734321,-87.672344,02/23/2020 07:27:00 PM,2020
CR00005714,04/01/2018 03:37:00 PM,25,CLEAR,DAYLIGHT,ANGLE,NOT DIVIDED,STOP SIGN/FLASHER,UNABLE TO DETERMINE,NOT APPLICABLE,0,1,0,1,15,1,4,983,79TH ST,41.95693,-87.602419,04/01/2018 04:29:00 PM,2018
CR00005715,08/03/2015 01:43:00 AM,25,RAIN,DARKNESS - LIGHTED ROAD,REAR END,DIVIDED - W/MEDIAN (NOT RAISED),TRAFFIC SIGNAL,UNABLE TO DETERMINE,NOT APPLICABLE,0,0,0,0,1,2,8,682,47TH ST,41.840633,-87.769055,08/03/2015 02:25:00 AM,2015
CR00005716,06/28/2019 06:31:00 PM,20,CLEAR,DAYLIGHT,ANGLE,NOT DIVIDED,UNKNOWN,UNABLE TO DETERMINE,IMPROPER OVERTAKING/PASSING,0,0,0,0,18,6,6,1446,MICHIGAN AVE,41.862453,-87.72661,06/28/2019 08:27:00 PM,2019
CR00005717,11/25/2023 01:14:00 PM,15,CLEAR,DAYLIGHT,REAR END,ONE-WAY,NO CONTROLS,FOLLOWING TOO CLOSELY,IMPROPER LANE USAGE,0,0,0,0,13,7,11,1774,ELSTON AVE,41.861707,-87.716112,11/25/2023 02:31:00 PM,2023
CR00005718,11/10/2016 07:51:00 AM,45,CLEAR,DARKNESS - LIGHTED ROAD,TURNING,DIVIDED - W/MEDIAN (NOT RAISED),NO CONTROLS,IMPROPER OVERTAKING/PASSING,DRIVING SKILLS/KNOWLEDGE/EXPERIENCE,0,0,0,0,7,5,11,950,WESTERN AVE,41.896479,-87.511094,11/10/2016 08:44:00 AM,2016
CR00005719,07/29/2015 06:12:00 PM,30,RAIN,DARKNESS - LIGHTED ROAD,TURNING,ONE-WAY,STOP SIGN/FLASHER,FAILING TO REDUCE SPEED,IMPROPER OVERTAKING/PASSING,0,0,0,0,18,4,7,1354,OGDEN AVE,41.810418,-87.741991,07/29/2015 06:23:00 PM,2015
CR00005720,09/01/2016 06:52:00 PM,30,SNOW,DARKNESS,REAR END,T-INTERSECTION,NO CONTROLS,DRIVING SKILLS/KNOWLEDGE/EXPERIENCE,NOT APPLICABLE,0,0,0,0,18,5,9,1099,63RD ST,41.795194,-87.62463,09/01/2016 08:27:00 PM,2016
CR00005721,12/08/2021 01:47:00 AM,35,CLEAR,DARKNESS - LIGHTED ROAD,REAR END,NOT DIVIDED,TRAFFIC SIGNAL,UNABLE TO DETERMINE,FAILING TO REDUCE SPEED,0,0,0,0,1,4,12,1781,ASHLAND AVE,41.97195,-87.81966,12/08/2021 03:18:00 AM,2021
CR00005722,07/31/2024 07:24:00 PM,35,CLEAR,DAYLIGHT,REAR END,NOT DIVIDED,STOP SIGN/FLASHER,DRIVING SKILLS/KNOWLEDGE/EXPERIENCE,NOT APPLICABLE,0,0,0,0,19,4,7,627,PULASKI RD,41.742612,-87.685804,07/31/2024 08:01:00 PM,2024
CR00005723,10/03/2024 10:33:00 AM,30,CLEAR,DARKNESS - LIGHTED ROAD,REAR END,NOT DIVIDED,TRAFFIC SIGNAL,DRIVING SKILLS/KNOWLEDGE/EXPERIENCE,DISREGARDING TRAFFIC SIGNALS,0,0,2,2,10,5,10,1769,LAKE SHORE DR,41.996596,-87.655036,10/03/2024 12:01:00 PM,2024
CR00005724,03/18/2016 04:26:00 PM,15,CLEAR,DARKNESS,TURNING,DIVIDED - W/MEDIAN (NOT RAISED),STOP SIGN/FLASHER,DRIVING SKILLS/KNOWLEDGE/EXPERIENCE,UNABLE TO DETERMINE,0,0,0,0,16,6,3,936,HALSTED ST,41.893243,-87.621375,03/18/2016 06:16:00 PM,2016
CR00005725,03/16/2022 06:28:00 PM,45,FOG/SMOKE/HAZE,DAYLIGHT,TURNING,DIVIDED - W/MEDIAN (NOT RAISED),NO CONTROLS,IMPROPER LANE USAGE,UNABLE TO DETERMINE,0,0,0,0,18,4,3,2464,CICERO AVE,41.96823,-87.652955,03/16/2022 08:02:00 PM,2022
CR00005726,04/12/2017 02:59:00 PM,45,SNOW,DAYLIGHT,FIXED OBJECT,DIVIDED - W/MEDIAN (NOT RAISED),TRAFFIC SIGNAL,DISTRACTION - FROM INSIDE VEHICLE,NOT APPLICABLE,0,0,0,0,14,4,4,1648,LAKE SHORE DR,41.951147,-87.659204,04/12/2017 03:26:00 PM,2017
CR00005727,05/24/2017 07:21:00 PM,15,CLOUDY/OVERCAST,DAYLIGHT,ANGLE,FOUR WAY,STOP SIGN/FLASHER,FAILING TO REDUCE SPEED,WEATHER,0,0,0,0,19,4,5,1003,WESTERN AVE,41.85998,-87.804381,05/24/2017 09:12:00 PM,2017
CR00005728,01/25/2016 04:08:00 PM,40,CLEAR,DAYLIGHT,SIDESWIPE SAME DIRECTION,NOT DIVIDED,STOP SIGN/FLASHER,UNABLE TO DETERMINE,DISTRACTION - FROM INSIDE VEHICLE,0,0,0,0,16,2,1,986,ARCHER AVE,41.901816,-87.553072,01/25/2016 04:44:00 PM,2016
CR00005729,09/14/2019 02:09:00 PM,45,CLEAR,DAYLIGHT,SIDESWIPE SAME DIRECTION,DIVIDED - W/MEDIAN BARRIER,TRAFFIC SIGNAL,UNABLE TO DETERMINE,DISREGARDING TRAFFIC SIGNALS,0,0,0,0,14,7,9,1233,ROOSEVELT RD,41.903793,-87.611129,09/14/2019 03:53:00 PM,2019
CR00005730,07/26/2016 02:11:00 PM,20,CLEAR,DAYLIGHT,TURNING,NOT DIVIDED,STOP SIGN/FLASHER,DRIVING SKILLS/KNOWLEDGE/EXPERIENCE,NOT APPLICABLE,0,0,1,1,14,3,7,2529,OGDEN AVE,41.861306,-87.846401,07/26/2016 02:15:00 PM,2016
CR00005731,08/06/2019 07:08:00 AM,30,CLEAR,DAYLIGHT,SIDESWIPE SAME DIRECTION,FOUR WAY,TRAFFIC SIGNAL,IMPROPER LANE USAGE,FOLLOWING TOO CLOSELY,0,0,0,0,7,3,8,361,IRVING PARK RD,41.822173,-87.518932,08/06/2019 08:10:00 AM,2019
CR00005732,03/06/2019 07:15:00 AM,15,CLEAR,DARKNESS - LIGHTED ROAD,PARKED MOTOR VEHICLE,NOT DIVIDED,NO CONTROLS,FAILING TO YIELD RIGHT-OF-WAY,FAILING TO REDUCE SPEED,0,0,0,0,7,4,3,1740,ARCHER AVE,41.856213,-87.515482,03/06/2019 08:38:00 AM,2019
CR00005733,12/12/2024 06:23:00 AM,25,CLEAR,DARKNESS,SIDESWIPE SAME DIRECTION,NOT DIVIDED,STOP SIGN/FLASHER,FAILING TO YIELD RIGHT-OF-WAY,FAILING TO YIELD RIGHT-OF-WAY,0,0,0,0,6,5,12,1814,CLARK ST,41.778819,-87.69564,12/12/2024 08:00:00 AM,2024
CR00005734,11/30/2019 05:33:00 PM,30,SNOW,DAYLIGHT,REAR END,NOT DIVIDED,TRAFFIC SIGNAL,UNABLE TO DETERMINE,FOLLOWING TOO CLOSELY,0,0,0,0,17,7,11,1668,OGDEN AVE,41.897199,-87.628579,11/30/2019 07:30:00 PM,2019
CR00005735,09/20/2023 06:03:00 PM,35,CLEAR,DAYLIGHT,REAR END,FOUR WAY,TRAFFIC SIGNAL,UNABLE TO DETERMINE,FOLLOWING TOO CLOSELY,0,0,0,0,18,4,9,251,CALIFORNIA AVE,41.950622,-87.737738,09/20/2023 06:21:00 PM,2023
CR00005736,04/04/2024 11:23:00 PM,35,CLEAR,DAYLIGHT,REAR END,FOUR WAY,STOP SIGN/FLASHER,UNABLE TO DETERMINE,IMPROPER LANE USAGE,0,0,1,1,23,5,4,1163,ROOSEVELT RD,41.948788,-87.587146,04/05/2024 12:43:00 AM,2024
CR00005737,02/11/2022 11:44:00 AM,30,CLEAR,DARKNESS - LIGHTED ROAD,PARKED MOTOR VEHICLE,T-INTERSECTION,TRAFFIC SIGNAL,UNABLE TO DETERMINE,UNABLE TO DETERMINE,0,0,0,0,11,6,2,1102,DAMEN AVE,41.81299,-87.623024,02/11/2022 12:17:00 PM,2022
CR00005738,06/21/2017 02:27:00 AM,35,SNOW,DAYLIGHT,TURNING,NOT DIVIDED,STOP SIGN/FLASHER,DRIVING SKILLS/KNOWLEDGE/EXPERIENCE,NOT APPLICABLE,0,0,0,0,2,4,6,2050,ELSTON AVE,41.767087,-87.56493,06/21/2017 03:59:00 AM,2017
CR00005739,02/28/2023 03:59:00 AM,45,CLEAR,DAYLIGHT,PARKED MOTOR VEHICLE,NOT DIVIDED,NO CONTROLS,FOLLOWING TOO CLOSELY,NOT APPLICABLE,0,0,1,1,3,3,2,1495,BROADWAY,41.823441,-87.715392,02/28/2023 05:14:00 AM,2023
CR00005740,06/19/2020 08:43:00 PM,25,CLEAR,DARKNESS - LIGHTED ROAD,PARKED MOTOR VEHICLE,DIVIDED - W/MEDIAN (NOT RAISED),YIELD,DRIVING SKILLS/KNOWLEDGE/EXPERIENCE,NOT APPLICABLE,0,0,0,0,20,6,6,1310,STONY ISLAND AVE,41.738418,-87.692329,06/19/2020 09:19:00 PM,2020
CR00005741,02/08/2022 02:07:00 PM,30,CLEAR,DAYLIGHT,ANGLE,DIVIDED - W/MEDIAN (NOT RAISED),TRAFFIC SIGNAL,DISREGARDING TRAFFIC SIGNALS,WEATHER,0,0,0,0,14,3,2,560,STATE ST,41.979441,-87.82781,02/08/2022 03:04:00 PM,2022
CR00005742,04/12/2024 08:26:00 AM,35,CLEAR,DAYLIGHT,SIDESWIPE SAME DIRECTION,FOUR WAY,NO CONTROLS,DRIVING SKILLS/KNOWLEDGE/EXPERIENCE,DRIVING SKILLS/KNOWLEDGE/EXPERIENCE,0,0,0,0,8,6,4,2055,47TH ST,41.859697,-87.539021,04/12/2024 10:14:00 AM,2024
CR00005743,02/23/2015 03:55:00 AM,25,RAIN,DAYLIGHT,TURNING,NOT DIVIDED,NO CONTROLS,DISREGARDING TRAFFIC SIGNALS,FOLLOWING TOO CLOSELY,0,0,0,0,3,2,2,1123,MICHIGAN AVE,41.73232,-87.665239,02/23/2015 05:54:00 AM,2015
CR00005744,12/09/2017 10:04:00 AM,25,CLEAR,DAYLIGHT,REAR END,FOUR WAY,STOP SIGN/FLASHER,UNABLE TO DETERMINE,UNABLE TO DETERMINE,0,0,1,1,10,7,12,2260,DIVISION ST,41.752378,-87.824272,12/09/2017 11:17:00 AM,2017
CR00005745,02/13/2017 02:00:00 PM,25,CLEAR,DAYLIGHT,SIDESWIPE SAME DIRECTION,NOT DIVIDED,STOP SIGN/FLASHER,UNABLE TO DETERMINE,NOT APPLICABLE,0,0,0,0,14,2,2,1008,63RD ST,41.879087,-87.63142,02/13/2017 03:03:00 PM,2017
CR00005746,08/02/2015 11:00:00 PM,25,CLEAR,DAYLIGHT,SIDESWIPE SAME DIRECTION,NOT DIVIDED,NO CONTROLS,FAILING TO YIELD RIGHT-OF-WAY,NOT APPLICABLE,0,0,0,0,23,1,8,665,HALSTED ST,41.761126,-87.660019,08/02/2015 11:42:00 PM,2015
CR00005747,01/13/2018 06:30:00 AM,40,CLEAR,DUSK,REAR END,NOT DIVIDED,TRAFFIC SIGNAL,FAILING TO REDUCE SPEED,FAILING TO YIELD RIGHT-OF-WAY,0,0,1,1,6,7,1,203,79TH ST,41.8203,-87.569964,01/13/2018 07:46:00 AM,2018
CR00005748,09/08/2024 07:37:00 AM,45,RAIN,DAYLIGHT,SIDESWIPE SAME DIRECTION,DIVIDED - W/MEDIAN (NOT RAISED),NO CONTROLS,FAILING TO REDUCE SPEED,DRIVING SKILLS/KNOWLEDGE/EXPERIENCE,0,0,0,0,7,1,9,863,WESTERN AVE,41.920502,-87.687739,09/08/2024 08:52:00 AM,2024
CR00005749,05/22/2024 05:58:00 PM,45,CLEAR,DAYLIGHT,ANGLE,NOT DIVIDED,STOP SIGN/FLASHER,DISTRACTION - FROM INSIDE VEHICLE,IMPROPER OVERTAKING/PASSING,0,0,0,0,17,4,5,760,ROOSEVELT RD,41.989237,-87.69858,05/22/2024 07:50:00 PM,2024
CR00005750,09/19/2018 08:36:00 AM,30,CLEAR,DAYLIGHT,REAR END,NOT DIVIDED,YIELD,UNABLE TO DETERMINE,FAILING TO YIELD RIGHT-OF-WAY,0,0,0,0,8,4,9,2321,STATE ST,41.90944,-87.678588,09/19/2018 09:17:00 AM,2018
CR00005751,06/13/2023 05:02:00 PM,35,CLEAR,DARKNESS - LIGHTED ROAD,SIDESWIPE SAME DIRECTION,NOT DIVIDED,NO CONTROLS,FOLLOWING TOO CLOSELY,DRIVING SKILLS/KNOWLEDGE/EXPERIENCE,0,0,2,2,17,3,6,1078,IRVING PARK RD,41.78775,-87.800093,06/13/2023 05:04:00 PM,2023
CR00005752,08/12/2023 04:56:00 PM,30,CLEAR,DAYLIGHT,SIDESWIPE SAME DIRECTION,NOT DIVIDED,STOP SIGN/FLASHER,DRIVING SKILLS/KNOWLEDGE/EXPERIENCE,DISREGARDING TRAFFIC SIGNALS,0,0,2,2,16,7,8,1446,STATE ST,41.889121,-87.739281,08/12/2023 06:35:00 PM,2023
CR00005753,04/28/2016 08:53:00 AM,15,SNOW,DAWN,FIXED OBJECT,ONE-WAY,NO CONTROLS,IMPROPER LANE USAGE,DISTRACTION - FROM INSIDE VEHICLE,0,0,2,2,8,5,4,1988,KEDZIE AVE,41.755,-87.721265,04/28/2016 09:22:00 AM,2016
CR00005754,09/06/2022 07:12:00 PM,25,CLEAR,DAYLIGHT,PARKED MOTOR VEHICLE,NOT DIVIDED,TRAFFIC SIGNAL,UNABLE TO DETERMINE,FAILING TO YIELD RIGHT-OF-WAY,0,0,1,1,19,3,9,2114,KEDZIE AVE,41.743445,-87.844735,09/06/2022 07:58:00 PM,2022
CR00005755,10/24/2020 05:49:00 PM,35,CLOUDY/OVERCAST,DAYLIGHT,SIDESWIPE SAME DIRECTION,NOT DIVIDED,STOP SIGN/FLASHER,FAILING TO REDUCE SPEED,DRIVING SKILLS/KNOWLEDGE/EXPERIENCE,0,0,0,0,17,7,10,2046,47TH ST,41.983997,-87.624254,10/24/2020 07:28:00 PM,2020
CR00005756,04/21/2019 08:42:00 AM,25,CLEAR,DARKNESS,REAR END,DIVIDED - W/MEDIAN BARRIER,TRAFFIC SIGNAL,WEATHER,IMPROPER OVERTAKING/PASSING,0,0,1,1,8,1,4,2389,ELSTON AVE,41.943483,-87.534698,04/21/2019 10:27:00 AM,2019
CR00005757,12/02/2023 01:37:00 PM,15,CLEAR,DARKNESS - LIGHTED ROAD,REAR END,DIVIDED - W/MEDIAN BARRIER,NO CONTROLS,IMPROPER OVERTAKING/PASSING,UNABLE TO DETERMINE,0,0,0,0,13,7,12,184,IRVING PARK RD,41.747144,-87.591705,12/02/2023 03:29:00 PM,2023
CR00005758,08/17/2022 08:33:00 AM,20,CLEAR,DARKNESS - LIGHTED ROAD,REAR END,NOT DIVIDED,STOP SIGN/FLASHER,UNABLE TO DETERMINE,NOT APPLICABLE,0,0,1,1,8,4,8,2390,STONY ISLAND AVE,41.76537,-87.845852,08/17/2022 08:45:00 AM,2022
CR00005759,04/05/2016 08:58:00 PM,40,CLEAR,DARKNESS - LIGHTED ROAD,REAR END,DIVIDED - W/MEDIAN (NOT RAISED),NO CONTROLS,FOLLOWING TOO CLOSELY,UNABLE TO DETERMINE,0,0,0,0,20,3,4,2006,OGDEN AVE,41.95564,-87.65965,04/05/2016 10:56:00 PM,2016
CR00005760,07/05/2021 11:10:00 PM,35,CLEAR,DUSK,SIDESWIPE SAME DIRECTION,NOT DIVIDED,STOP SIGN/FLASHER,FAILING TO YIELD RIGHT-OF-WAY,NOT APPLICABLE,0,0,0,0,23,2,7,1601,ARCHER AVE,41.785637,-87.830667,07/05/2021 11:21:00 PM,2021
CR00005761,06/28/2017 03:30:00 PM,30,CLEAR,DAYLIGHT,PEDESTRIAN,T-INTERSECTION,NO CONTROLS,FAILING TO YIELD RIGHT-OF-WAY,DRIVING SKILLS/KNOWLEDGE/EXPERIENCE,0,0,0,0,15,4,6,916,HALSTED ST,41.843473,-87.6466,06/28/2017 04:11:00 PM,2017
CR00005762,12/12/2022 03:14:00 PM,35,CLEAR,DAYLIGHT,SIDESWIPE SAME DIRECTION,FOUR WAY,TRAFFIC SIGNAL,UNABLE TO DETERMINE,UNABLE TO DETERMINE,0,0,0,0,15,2,12,1187,HALSTED ST,41.908968,-87.522665,12/12/2022 05:12:00 PM,2022
CR00005763,04/08/2018 01:25:00 PM,30,CLEAR,DAYLIGHT,REAR END,FOUR WAY,NO CONTROLS,UNABLE TO DETERMINE,UNABLE TO DETERMINE,0,0,0,0,13,1,4,1295,MICHIGAN AVE,41.845603,-87.640339,04/08/2018 02:31:00 PM,2018
CR00005764,10/09/2023 06:02:00 AM,30,CLOUDY/OVERCAST,DAYLIGHT,REAR END,NOT DIVIDED,NO CONTROLS,UNABLE TO DETERMINE,NOT APPLICABLE,0,1,0,1,6,2,10,982,ARCHER AVE,41.92123,-87.689295,10/09/2023 06:08:00 AM,2023
CR00005765,05/09/2015 03:45:00 PM,20,CLEAR,DAYLIGHT,ANGLE,T-INTERSECTION,NO CONTROLS,DISREGARDING TRAFFIC SIGNALS,FOLLOWING TOO CLOSELY,0,0,1,1,15,7,5,1125,STONY ISLAND AVE,41.766174,-87.727523,05/09/2015 04:22:00 PM,2015
CR00005766,09/07/2022 04:40:00 PM,30,RAIN,DUSK,ANGLE,NOT DIVIDED,TRAFFIC SIGNAL,UNABLE TO DETERMINE,IMPROPER OVERTAKING/PASSING,0,0,0,0,16,4,9,2475,79TH ST,41.808689,-87.619659,09/07/2022 05:37:00 PM,2022
CR00005767,01/12/2023 05:37:00 PM,35,CLEAR,DARKNESS - LIGHTED ROAD,PEDESTRIAN,ONE-WAY,TRAFFIC SIGNAL,DRIVING SKILLS/KNOWLEDGE/EXPERIENCE,FOLLOWING TOO CLOSELY,0,0,0,0,17,5,1,507,OGDEN AVE,41.915464,-87.619493,01/12/2023 06:20:00 PM,2023
CR00005768,06/27/2023 06:27:00 AM,30,CLEAR,DAYLIGHT,SIDESWIPE SAME DIRECTION,NOT DIVIDED,STOP SIGN/FLASHER,FOLLOWING TOO CLOSELY,DISTRACTION - FROM INSIDE VEHICLE,0,0,0,0,6,3,6,585,FULLERTON AVE,41.866582,-87.71424,06/27/2023 08:11:00 AM,2023