CRASH_RECORD_ID,CRASH_DATE,POSTED_SPEED_LIMIT,WEATHER_CONDITION,LIGHTING_CONDITION,FIRST_CRASH_TYPE,TRAFFICWAY_TYPE,TRAFFIC_CONTROL_DEVICE,PRIM_CONTRIBUTORY_CAUSE,SEC_CONTRIBUTORY_CAUSE,INJURIES_FATAL,INJURIES_INCAPACITATING,INJURIES_NON_INCAPACITATING,INJURIES_TOTAL,CRASH_HOUR,CRASH_DAY_OF_WEEK,CRASH_MONTH,BEAT_OF_OCCURRENCE,STREET_NAME,LATITUDE,LONGITUDE,DATE_POLICE_NOTIFIED,year
CR00005769,12/13/2015 02:42:00 PM,30,CLEAR,DARKNESS - LIGHTED ROAD,TURNING,NOT DIVIDED,NO CONTROLS,DISREGARDING TRAFFIC SIGNALS,NOT APPLICABLE,0,0,0,0,14,1,12,215,MILWAUKEE AVE,41.910724,-87.649117,12/13/2015 03:55:00 PM,2015
CR00005770,03/03/2023 11:17:00 AM,40,CLEAR,DAYLIGHT,REAR END,NOT DIVIDED,YIELD,DISREGARDING TRAFFIC SIGNALS,FAILING TO YIELD RIGHT-OF-WAY,0,0,0,0,11,6,3,669,DAMEN AVE,41.815759,-87.609892,03/03/2023 11:29:00 AM,2023
CR00005771,03/17/2021 11:26:00 PM,30,CLEAR,DARKNESS - LIGHTED ROAD,TURNING,NOT DIVIDED,STOP SIGN/FLASHER,IMPROPER OVERTAKING/PASSING,IMPROPER OVERTAKING/PASSING,0,0,0,0,23,4,3,2183,FULLERTON AVE,41.71288,-87.525045,03/18/2021 01:06:00 AM,2021
CR00005772,11/28/2020 04:24:00 PM,30,CLEAR,DAYLIGHT,PEDESTRIAN,FOUR WAY,STOP SIGN/FLASHER,DRIVING SKILLS/KNOWLEDGE/EXPERIENCE,DISREGARDING TRAFFIC SIGNALS,0,0,0,0,16,7,11,2232,MILWAUKEE AVE,41.747174,-87.705247,11/28/2020 05:02:00 PM,2020
CR00005773,03/12/2024 08:49:00 PM,30,RAIN,DARKNESS - LIGHTED ROAD,TURNING,DIVIDED - W/MEDIAN BARRIER,NO CONTROLS,FAILING TO YIELD RIGHT-OF-WAY,UNABLE TO DETERMINE,0,0,0,0,20,3,3,1552,ROOSEVELT RD,41.927499,-87.655367,03/12/2024 08:57:00 PM,2024
CR00005774,08/10/2018 04:01:00 PM,20,CLOUDY/OVERCAST,DAYLIGHT,REAR END,NOT DIVIDED,TRAFFIC SIGNAL,UNABLE TO DETERMINE,UNABLE TO DETERMINE,0,0,1,1,16,6,8,1339,ROOSEVELT RD,41.881231,-87.732705,08/10/2018 04:29:00 PM,2018
CR00005775,09/04/2020 11:42:00 AM,20,RAIN,DAYLIGHT,PARKED MOTOR VEHICLE,DIVIDED - W/MEDIAN (NOT RAISED),NO CONTROLS,UNABLE TO DETERMINE,NOT APPLICABLE,0,0,0,0,11,6,9,2507,CALIFORNIA AVE,41.801617,-87.692479,09/04/2020 12:13:00 PM,2020
CR00005776,09/05/2023 06:57:00 PM,30,CLEAR,DAYLIGHT,SIDESWIPE SAME DIRECTION,ONE-WAY,STOP SIGN/FLASHER,FAILING TO YIELD RIGHT-OF-WAY,DISREGARDING TRAFFIC SIGNALS,0,0,0,0,18,3,9,1708,WESTERN AVE,41.789562,-87.691847,09/05/2023 07:52:00 PM,2023
CR00005777,03/10/2024 07:36:00 AM,20,CLEAR,DAYLIGHT,REAR END,ONE-WAY,NO CONTROLS,UNABLE TO DETERMINE,IMPROPER OVERTAKING/PASSING,0,0,0,0,7,1,3,1319,63RD ST,41.995332,-87.594439,03/10/2024 08:28:00 AM,2024
CR00005778,10/11/2018 07:22:00 AM,20,SNOW,DAWN,REAR TO FRONT,DIVIDED - W/MEDIAN (NOT RAISED),NO CONTROLS,DRIVING SKILLS/KNOWLEDGE/EXPERIENCE,FAILING TO YIELD RIGHT-OF-WAY,0,0,0,0,7,5,10,1437,ASHLAND AVE,41.952286,-87.521761,10/11/2018 08:14:00 AM,2018
CR00005779,01/14/2016 03:55:00 AM,30,CLEAR,DAYLIGHT,FIXED OBJECT,NOT DIVIDED,TRAFFIC SIGNAL,FOLLOWING TOO CLOSELY,IMPROPER OVERTAKING/PASSING,0,0,0,0,3,5,1,483,PULASKI RD,41.934359,-87.528321,01/14/2016 05:46:00 AM,2016
CR00005780,07/31/2018 02:34:00 PM,20,CLEAR,DUSK,REAR END,NOT DIVIDED,YIELD,IMPROPER LANE USAGE,FOLLOWING TOO CLOSELY,0,0,0,0,14,3,7,647,47TH ST,41.993014,-87.763267,07/31/2018 03:34:00 PM,2018
CR00005781,02/11/2020 04:02:00 AM,15,CLEAR,DAYLIGHT,REAR END,ONE-WAY,UNKNOWN,DISREGARDING TRAFFIC SIGNALS,IMPROPER OVERTAKING/PASSING,0,0,0,0,4,3,2,2245,ELSTON AVE,41.825635,-87.715103,02/11/2020 04:58:00 AM,2020
CR00005782,09/25/2015 08:22:00 PM,15,CLEAR,DARKNESS - LIGHTED ROAD,PARKED MOTOR VEHICLE,DIVIDED - W/MEDIAN (NOT RAISED),TRAFFIC SIGNAL,DISTRACTION - FROM INSIDE VEHICLE,FAILING TO REDUCE SPEED,0,0,0,0,20,6,9,2524,FULLERTON AVE,41.91365,-87.615025,09/25/2015 09:17:00 PM,2015
CR00005783,02/05/2024 06:21:00 AM,30,SNOW,DAYLIGHT,PARKED MOTOR VEHICLE,NOT DIVIDED,NO CONTROLS,FAILING TO YIELD RIGHT-OF-WAY,NOT APPLICABLE,0,0,0,0,6,2,2,526,MILWAUKEE AVE,41.96511,-87.786877,02/05/2024 07:50:00 AM,2024
CR00005784,03/18/2017 05:43:00 PM,30,CLEAR,DAYLIGHT,SIDESWIPE SAME DIRECTION,DIVIDED - W/MEDIAN BARRIER,TRAFFIC SIGNAL,WEATHER,DISTRACTION - FROM INSIDE VEHICLE,0,0,1,1,17,7,3,798,PULASKI RD,41.814375,-87.772605,03/18/2017 05:47:00 PM,2017
CR00005785,11/27/2020 07:10:00 PM,40,CLEAR,DUSK,ANGLE,DIVIDED - W/MEDIAN BARRIER,STOP SIGN/FLASHER,DISREGARDING TRAFFIC SIGNALS,NOT APPLICABLE,0,0,0,0,19,6,11,1043,CICERO AVE,41.700998,-87.559278,11/27/2020 07:59:00 PM,2020
CR00005786,12/25/2015 10:37:00 AM,40,CLEAR,DAYLIGHT,SIDESWIPE SAME DIRECTION,NOT DIVIDED,STOP SIGN/FLASHER,WEATHER,NOT APPLICABLE,0,0,0,0,10,6,12,715,ASHLAND AVE,41.906703,-87.705905,12/25/2015 11:30:00 AM,2015
CR00005787,10/12/2024 05:50:00 PM,25,RAIN,DAYLIGHT,ANGLE,ONE-WAY,STOP SIGN/FLASHER,FOLLOWING TOO CLOSELY,UNABLE TO DETERMINE,0,0,0,0,17,7,10,1790,ROOSEVELT RD,41.929412,-87.716271,10/12/2024 07:42:00 PM,2024
CR00005788,01/16/2015 08:09:00 AM,45,CLEAR,DAYLIGHT,PARKED MOTOR VEHICLE,NOT DIVIDED,TRAFFIC SIGNAL,FOLLOWING TOO CLOSELY,UNABLE TO DETERMINE,0,0,0,0,8,6,1,1540,DIVISION ST,41.92645,-87.538008,01/16/2015 09:34:00 AM,2015
CR00005789,06/29/2018 06:09:00 PM,20,CLEAR,DAYLIGHT,REAR END,DIVIDED - W/MEDIAN (NOT RAISED),STOP SIGN/FLASHER,IMPROPER OVERTAKING/PASSING,NOT APPLICABLE,0,0,0,0,18,6,6,154,CICERO AVE,41.932525,-87.60561,06/29/2018 06:23:00 PM,2018
CR00005790,02/02/2017 06:16:00 PM,35,CLEAR,DARKNESS,REAR END,DIVIDED - W/MEDIAN (NOT RAISED),TRAFFIC SIGNAL,IMPROPER OVERTAKING/PASSING,FOLLOWING TOO CLOSELY,0,0,0,0,18,5,2,834,47TH ST,41.968481,-87.604025,02/02/2017 06:42:00 PM,2017
CR00005791,11/21/2016 05:07:00 PM,45,CLOUDY/OVERCAST,DAYLIGHT,TURNING,NOT DIVIDED,NO CONTROLS,DISTRACTION - FROM INSIDE VEHICLE,UNABLE TO DETERMINE,0,0,0,0,17,2,11,1245,MICHIGAN AVE,41.749237,-87.594754,11/21/2016 05:14:00 PM,2016
CR00005792,03/24/2019 06:32:00 PM,30,RAIN,DAYLIGHT,REAR END,NOT DIVIDED,TRAFFIC SIGNAL,FAILING TO YIELD RIGHT-OF-WAY,FAILING TO YIELD RIGHT-OF-WAY,0,0,0,0,18,1,3,1724,63RD ST,41.862066,-87.704097,03/24/2019 06:46:00 PM,2019
CR00005793,06/25/2021 08:01:00 AM,40,SNOW,DARKNESS - LIGHTED ROAD,SIDESWIPE SAME DIRECTION,FOUR WAY,TRAFFIC SIGNAL,FAILING TO YIELD RIGHT-OF-WAY,NOT APPLICABLE,0,0,0,0,8,6,6,1940,BROADWAY,41.917317,-87.637104,06/25/2021 08:33:00 AM,2021
CR00005794,12/04/2024 05:14:00 AM,30,CLEAR,DAYLIGHT,FIXED OBJECT,NOT DIVIDED,TRAFFIC SIGNAL,UNABLE TO DETERMINE,FOLLOWING TOO CLOSELY,0,0,0,0,5,4,12,804,LAKE SHORE DR,41.866929,-87.769128,12/04/2024 05:50:00 AM,2024
CR00005795,06/29/2016 07:51:00 PM,30,CLEAR,DAYLIGHT,SIDESWIPE SAME DIRECTION,ONE-WAY,NO CONTROLS,DISREGARDING TRAFFIC SIGNALS,FAILING TO YIELD RIGHT-OF-WAY,0,0,0,0,19,4,6,580,79TH ST,41.724243,-87.563035,06/29/2016 09:09:00 PM,2016
CR00005796,03/14/2023 05:05:00 AM,35,SNOW,DAYLIGHT,PARKED MOTOR VEHICLE,DIVIDED - W/MEDIAN (NOT RAISED),NO CONTROLS,FOLLOWING TOO CLOSELY,WEATHER,0,0,0,0,5,3,3,651,79TH ST,41.776612,-87.738517,03/14/2023 06:54:00 AM,2023
CR00005797,07/08/2019 07:34:00 PM,35,CLEAR,DARKNESS - LIGHTED ROAD,TURNING,DIVIDED - W/MEDIAN BARRIER,STOP SIGN/FLASHER,UNABLE TO DETERMINE,FAILING TO YIELD RIGHT-OF-WAY,0,0,0,0,19,2,7,1580,ARCHER AVE,41.810237,-87.556353,07/08/2019 08:34:00 PM,2019
CR00005798,09/26/2021 12:55:00 AM,30,CLEAR,DAYLIGHT,TURNING,FOUR WAY,NO CONTROLS,UNABLE TO DETERMINE,UNABLE TO DETERMINE,0,0,0,0,0,1,9,1945,CLARK ST,41.897989,-87.777793,09/26/2021 12:57:00 AM,2021
CR00005799,09/02/2021 03:53:00 PM,35,CLEAR,DAYLIGHT,REAR END,DIVIDED - W/MEDIAN (NOT RAISED),TRAFFIC SIGNAL,DRIVING SKILLS/KNOWLEDGE/EXPERIENCE,DRIVING SKILLS/KNOWLEDGE/EXPERIENCE,0,0,0,0,15,5,9,101,IRVING PARK RD,41.752209,-87.638018,09/02/2021 04:54:00 PM,2021
CR00005800,10/05/2015 05:11:00 PM,45,CLEAR,DAYLIGHT,REAR END,FOUR WAY,YIELD,FOLLOWING TOO CLOSELY,FOLLOWING TOO CLOSELY,0,0,0,0,17,2,10,683,WESTERN AVE,41.964408,-87.652102,10/05/2015 05:23:00 PM,2015
CR00005801,02/25/2019 08:57:00 AM,35,CLEAR,DAYLIGHT,ANGLE,ONE-WAY,TRAFFIC SIGNAL,FAILING TO REDUCE SPEED,UNABLE TO DETERMINE,0,0,0,0,8,2,2,995,63RD ST,41.760288,-87.702307,02/25/2019 09:41:00 AM,2019
CR00005802,11/01/2024 10:32:00 AM,20,CLEAR,DAYLIGHT,REAR END,NOT DIVIDED,STOP SIGN/FLASHER,FOLLOWING TOO CLOSELY,IMPROPER OVERTAKING/PASSING,0,0,0,0,10,6,11,1159,47TH ST,41.979789,-87.653933,11/01/2024 10:35:00 AM,2024
CR00005803,10/19/2023 09:49:00 PM,40,CLEAR,DAYLIGHT,REAR END,ONE-WAY,STOP SIGN/FLASHER,DRIVING SKILLS/KNOWLEDGE/EXPERIENCE,UNABLE TO DETERMINE,0,0,0,0,21,5,10,1305,MILWAUKEE AVE,41.782929,-87.732226,10/19/2023 11:24:00 PM,2023
CR00005804,02/20/2020 08:25:00 PM,40,CLOUDY/OVERCAST,DAYLIGHT,REAR TO FRONT,ONE-WAY,STOP SIGN/FLASHER,UNABLE TO DETERMINE,IMPROPER OVERTAKING/PASSING,0,0,0,0,20,5,2,739,ASHLAND AVE,41.750855,-87.700895,02/20/2020 09:11:00 PM,2020
CR00005805,04/08/2020 01:52:00 PM,45,CLEAR,DARKNESS - LIGHTED ROAD,REAR END,DIVIDED - W/MEDIAN (NOT RAISED),NO CONTROLS,UNABLE TO DETERMINE,FOLLOWING TOO CLOSELY,0,0,0,0,13,4,4,1197,MICHIGAN AVE,41.891062,-87.520347,04/08/2020 03:21:00 PM,2020
CR00005806,08/19/2023 11:05:00 PM,35,CLEAR,DARKNESS - LIGHTED ROAD,PARKED MOTOR VEHICLE,DIVIDED - W/MEDIAN (NOT RAISED),STOP SIGN/FLASHER,UNABLE TO DETERMINE,IMPROPER OVERTAKING/PASSING,0,0,0,0,23,7,8,106,PULASKI RD,41.883034,-87.744889,08/19/2023 11:13:00 PM,2023
CR00005807,01/01/2022 02:59:00 PM,35,CLEAR,DAYLIGHT,REAR END,T-INTERSECTION,NO CONTROLS,WEATHER,IMPROPER LANE USAGE,0,0,0,0,14,7,1,129,FULLERTON AVE,41.840238,-87.764443,01/01/2022 04:12:00 PM,2022
CR00005808,03/30/2017 06:13:00 PM,45,CLEAR,DAYLIGHT,FIXED OBJECT,DIVIDED - W/MEDIAN (NOT RAISED),STOP SIGN/FLASHER,FOLLOWING TOO CLOSELY,NOT APPLICABLE,0,0,1,1,18,5,3,1708,BROADWAY,41.900332,-87.666746,03/30/2017 06:55:00 PM,2017
CR00005809,01/29/2023 06:24:00 PM,15,RAIN,DAYLIGHT,ANGLE,DIVIDED - W/MEDIAN BARRIER,NO CONTROLS,IMPROPER OVERTAKING/PASSING,UNABLE TO DETERMINE,0,0,0,0,18,1,1,756,IRVING PARK RD,41.720099,-87.658486,01/29/2023 06:31:00 PM,2023
CR00005810,01/23/2016 03:37:00 PM,40,CLEAR,DAYLIGHT,TURNING,DIVIDED - W/MEDIAN BARRIER,NO CONTROLS,IMPROPER OVERTAKING/PASSING,DISREGARDING TRAFFIC SIGNALS,0,0,3,3,15,7,1,2093,MILWAUKEE AVE,41.846851,-87.778304,01/23/2016 05:33:00 PM,2016
CR00005811,04/03/2018 12:49:00 PM,35,RAIN,DAYLIGHT,SIDESWIPE SAME DIRECTION,T-INTERSECTION,TRAFFIC SIGNAL,IMPROPER OVERTAKING/PASSING,NOT APPLICABLE,0,0,1,1,12,3,4,2445,PULASKI RD,41.979587,-87.711567,04/03/2018 02:14:00 PM,2018
CR00005812,10/04/2023 06:03:00 PM,40,CLEAR,DARKNESS - LIGHTED ROAD,TURNING,DIVIDED - W/MEDIAN BARRIER,TRAFFIC SIGNAL,IMPROPER OVERTAKING/PASSING,NOT APPLICABLE,0,0,0,0,18,4,10,393,FULLERTON AVE,41.989845,-87.783487,10/04/2023 07:45:00 PM,2023
CR00005813,12/08/2024 05:15:00 AM,30,RAIN,DAYLIGHT,TURNING,DIVIDED - W/MEDIAN (NOT RAISED),STOP SIGN/FLASHER,FAILING TO YIELD RIGHT-OF-WAY,UNABLE TO DETERMINE,0,0,0,0,5,1,12,1158,63RD ST,41.719276,-87.509661,12/08/2024 05:23:00 AM,2024
CR00005814,04/26/2020 04:52:00 PM,25,CLEAR,DARKNESS - LIGHTED ROAD,SIDESWIPE SAME DIRECTION,ONE-WAY,NO CONTROLS,UNABLE TO DETERMINE,DISTRACTION - FROM INSIDE VEHICLE,0,0,0,0,16,1,4,1113,ROOSEVELT RD,41.869719,-87.542566,04/26/2020 06:07:00 PM,2020
CR00005815,03/12/2019 07:37:00 AM,15,RAIN,DARKNESS - LIGHTED ROAD,REAR END,DIVIDED - W/MEDIAN (NOT RAISED),YIELD,FOLLOWING TOO CLOSELY,FOLLOWING TOO CLOSELY,0,0,0,0,7,3,3,1050,WESTERN AVE,41.921286,-87.562854,03/12/2019 08:58:00 AM,2019
CR00005816,06/20/2018 07:56:00 AM,20,CLOUDY/OVERCAST,DAYLIGHT,REAR TO FRONT,DIVIDED - W/MEDIAN (NOT RAISED),TRAFFIC SIGNAL,UNABLE TO DETERMINE,DRIVING SKILLS/KNOWLEDGE/EXPERIENCE,0,0,0,0,7,4,6,2531,FULLERTON AVE,41.916134,-87.596895,06/20/2018 09:41:00 AM,2018
CR00005817,09/03/2023 05:16:00 PM,30,CLEAR,DAYLIGHT,PARKED MOTOR VEHICLE,ONE-WAY,NO CONTROLS,FAILING TO YIELD RIGHT-OF-WAY,DRIVING SKILLS/KNOWLEDGE/EXPERIENCE,0,0,0,0,17,1,9,2096,ELSTON AVE,41.819278,-87.540689,09/03/2023 06:50:00 PM,2023
CR00005818,02/28/2022 08:13:00 AM,40,CLEAR,DARKNESS - LIGHTED ROAD,PARKED MOTOR VEHICLE,NOT DIVIDED,TRAFFIC SIGNAL,UNABLE TO DETERMINE,IMPROPER LANE USAGE,0,0,0,0,8,2,2,590,MILWAUKEE AVE,41.747395,-87.84364,02/28/2022 08:42:00 AM,2022
CR00005819,02/28/2019 06:20:00 AM,35,CLOUDY/OVERCAST,DAYLIGHT,REAR END,DIVIDED - W/MEDIAN BARRIER,NO CONTROLS,DRIVING SKILLS/KNOWLEDGE/EXPERIENCE,UNABLE TO DETERMINE,0,0,0,0,6,5,2,1993,HALSTED ST,41.731506,-87.664796,02/28/2019 06:45:00 AM,2019
CR00005820,12/19/2022 01:01:00 PM,30,CLEAR,DARKNESS - LIGHTED ROAD,FIXED OBJECT,NOT DIVIDED,UNKNOWN,DISTRACTION - FROM INSIDE VEHICLE,NOT APPLICABLE,0,1,1,2,13,2,12,345,LAKE SHORE DR,41.996258,-87.741943,12/19/2022 01:11:00 PM,2022
CR00005821,09/24/2016 03:43:00 PM,15,FOG/SMOKE/HAZE,DAYLIGHT,PEDESTRIAN,ONE-WAY,STOP SIGN/FLASHER,DRIVING SKILLS/KNOWLEDGE/EXPERIENCE,IMPROPER LANE USAGE,0,0,1,1,15,7,9,813,BROADWAY,41.871466,-87.635271,09/24/2016 05:33:00 PM,2016
CR00005822,10/04/2019 08:57:00 AM,35,CLEAR,DAYLIGHT,REAR END,ONE-WAY,STOP SIGN/FLASHER,FAILING TO YIELD RIGHT-OF-WAY,FAILING TO YIELD RIGHT-OF-WAY,0,0,3,3,8,6,10,1778,ROOSEVELT RD,41.768506,-87.585496,10/04/2019 10:20:00 AM,2019
CR00005823,06/08/2015 01:50:00 AM,35,CLEAR,DAYLIGHT,SIDESWIPE SAME DIRECTION,FOUR WAY,NO CONTROLS,FAILING TO YIELD RIGHT-OF-WAY,DISREGARDING TRAFFIC SIGNALS,0,0,0,0,1,2,6,1635,KEDZIE AVE,41.922356,-87.646084,06/08/2015 03:27:00 AM,2015
CR00005824,01/11/2018 07:30:00 AM,35,CLEAR,DARKNESS - LIGHTED ROAD,PARKED MOTOR VEHICLE,FOUR WAY,NO CONTROLS,FAILING TO YIELD RIGHT-OF-WAY,DISREGARDING TRAFFIC SIGNALS,0,0,0,0,7,5,1,2362,IRVING PARK RD,41.844117,-87.539127,01/11/2018 08:37:00 AM,2018
CR00005825,11/04/2021 07:59:00 AM,30,CLEAR,DARKNESS,SIDESWIPE SAME DIRECTION,NOT DIVIDED,TRAFFIC SIGNAL,IMPROPER OVERTAKING/PASSING,IMPROPER OVERTAKING/PASSING,0,0,0,0,7,5,11,1154,ASHLAND AVE,41.756142,-87.644907,11/04/2021 09:07:00 AM,2021
CR00005826,11/21/2018 10:48:00 AM,20,RAIN,DAYLIGHT,REAR END,NOT DIVIDED,STOP SIGN/FLASHER,UNABLE TO DETERMINE,UNABLE TO DETERMINE,0,0,1,1,10,4,11,2474,CICERO AVE,41.790751,-87.745886,11/21/2018 12:20:00 PM,2018
CR00005827,05/28/2018 08:53:00 AM,35,CLEAR,DARKNESS - LIGHTED ROAD,REAR END,NOT DIVIDED,TRAFFIC SIGNAL,FAILING TO YIELD RIGHT-OF-WAY,IMPROPER LANE USAGE,0,0,0,0,8,2,5,1975,STONY ISLAND AVE,41.987778,-87.799052,05/28/2018 09:00:00 AM,2018
CR00005828,08/21/2015 11:24:00 AM,25,CLOUDY/OVERCAST,DAYLIGHT,PARKED MOTOR VEHICLE,ONE-WAY,NO CONTROLS,IMPROPER OVERTAKING/PASSING,FAILING TO YIELD RIGHT-OF-WAY,0,0,0,0,11,6,8,245,79TH ST,41.751276,-87.541548,08/21/2015 12:42:00 PM,2015
CR00005829,08/09/2015 04:24:00 PM,40,CLEAR,DARKNESS,ANGLE,NOT DIVIDED,TRAFFIC SIGNAL,IMPROPER LANE USAGE,NOT APPLICABLE,0,0,0,0,16,1,8,1983,MICHIGAN AVE,41.853872,-87.537484,08/09/2015 06:18:00 PM,2015
CR00005830,09/08/2023 11:12:00 PM,45,RAIN,DUSK,PARKED MOTOR VEHICLE,DIVIDED - W/MEDIAN BARRIER,NO CONTROLS,FAILING TO REDUCE SPEED,IMPROPER OVERTAKING/PASSING,0,0,0,0,23,6,9,718,KEDZIE AVE,41.997246,-87.680945,09/09/2023 12:40:00 AM,2023
CR00005831,10/16/2018 08:35:00 AM,30,CLEAR,DARKNESS - LIGHTED ROAD,REAR TO FRONT,FOUR WAY,NO CONTROLS,DRIVING SKILLS/KNOWLEDGE/EXPERIENCE,IMPROPER OVERTAKING/PASSING,0,0,0,0,8,3,10,501,47TH ST,41.731798,-87.537617,10/16/2018 08:48:00 AM,2018
CR00005832,04/12/2015 01:11:00 AM,35,CLEAR,DAYLIGHT,SIDESWIPE SAME DIRECTION,NOT DIVIDED,NO CONTROLS,FOLLOWING TOO CLOSELY,FAILING TO YIELD RIGHT-OF-WAY,0,0,0,0,1,1,4,1619,CICERO AVE,41.936221,-87.5764,04/12/2015 03:01:00 AM,2015
CR00005833,07/28/2019 08:33:00 AM,40,RAIN,DARKNESS - LIGHTED ROAD,TURNING,DIVIDED - W/MEDIAN BARRIER,UNKNOWN,UNABLE TO DETERMINE,UNABLE TO DETERMINE,0,0,0,0,8,1,7,1616,CALIFORNIA AVE,41.945698,-87.585917,07/28/2019 08:56:00 AM,2019
CR00005834,08/10/2018 09:44:00 AM,40,CLEAR,DARKNESS - LIGHTED ROAD,ANGLE,NOT DIVIDED,TRAFFIC SIGNAL,FAILING TO YIELD RIGHT-OF-WAY,NOT APPLICABLE,0,0,0,0,9,6,8,137,ROOSEVELT RD,41.943087,-87.809514,08/10/2018 11:21:00 AM,2018
CR00005835,09/13/2023 04:36:00 PM,20,CLOUDY/OVERCAST,DAYLIGHT,REAR END,ONE-WAY,NO CONTROLS,FOLLOWING TOO CLOSELY,IMPROPER OVERTAKING/PASSING,0,0,0,0,16,4,9,503,STATE ST,41.962753,-87.512447,09/13/2023 05:54:00 PM,2023
CR00005836,08/31/2017 04:43:00 PM,30,RAIN,DAYLIGHT,REAR END,DIVIDED - W/MEDIAN BARRIER,PEDESTRIAN CROSSING SIGN,UNABLE TO DETERMINE,UNABLE TO DETERMINE,0,0,0,0,16,5,8,1493,DIVISION ST,41.709685,-87.575644,08/31/2017 04:55:00 PM,2017
CR00005837,10/06/2019 11:37:00 PM,30,CLEAR,DAYLIGHT,PARKED MOTOR VEHICLE,DIVIDED - W/MEDIAN (NOT RAISED),NO CONTROLS,DISREGARDING TRAFFIC SIGNALS,IMPROPER OVERTAKING/PASSING,0,0,0,0,23,1,10,1930,CICERO AVE,41.963875,-87.689219,10/07/2019 12:20:00 AM,2019
CR00005838,03/13/2021 01:37:00 PM,35,CLEAR,DAYLIGHT,REAR END,DIVIDED - W/MEDIAN (NOT RAISED),NO CONTROLS,IMPROPER LANE USAGE,FAILING TO REDUCE SPEED,0,0,0,0,13,7,3,1139,ROOSEVELT RD,41.860743,-87.780305,03/13/2021 01:52:00 PM,2021
CR00005839,12/26/2021 07:56:00 AM,35,RAIN,DAYLIGHT,REAR TO FRONT,FOUR WAY,TRAFFIC SIGNAL,DISTRACTION - FROM INSIDE VEHICLE,NOT APPLICABLE,0,0,0,0,7,1,12,1806,ELSTON AVE,41.843948,-87.742435,12/26/2021 08:28:00 AM,2021
CR00005840,11/08/2016 01:51:00 PM,20,CLEAR,DARKNESS - LIGHTED ROAD,PARKED MOTOR VEHICLE,DIVIDED - W/MEDIAN (NOT RAISED),STOP SIGN/FLASHER,DRIVING SKILLS/KNOWLEDGE/EXPERIENCE,FAILING TO REDUCE SPEED,0,0,1,1,13,3,11,995,PULASKI RD,41.868196,-87.579889,11/08/2016 02:31:00 PM,2016
CR00005841,08/29/2017 08:21:00 AM,15,CLEAR,DAYLIGHT,ANGLE,DIVIDED - W/MEDIAN (NOT RAISED),TRAFFIC SIGNAL,UNABLE TO DETERMINE,UNABLE TO DETERMINE,0,0,0,0,8,3,8,2375,STATE ST,41.986954,-87.694608,08/29/2017 09:12:00 AM,2017
CR00005842,08/11/2022 02:49:00 PM,35,CLEAR,DAYLIGHT,TURNING,NOT DIVIDED,NO CONTROLS,FAILING TO REDUCE SPEED,UNABLE TO DETERMINE,0,0,3,3,14,5,8,338,63RD ST,41.984013,-87.782297,08/11/2022 02:59:00 PM,2022
CR00005843,05/07/2016 06:01:00 PM,35,CLEAR,DARKNESS - LIGHTED ROAD,REAR END,NOT DIVIDED,NO CONTROLS,UNABLE TO DETERMINE,UNABLE TO DETERMINE,0,0,0,0,18,7,5,141,LAKE SHORE DR,41.977604,-87.55764,05/07/2016 07:15:00 PM,2016
CR00005844,07/04/2017 01:53:00 AM,20,CLEAR,DAYLIGHT,REAR TO FRONT,DIVIDED - W/MEDIAN (NOT RAISED),NO CONTROLS,UNABLE TO DETERMINE,WEATHER,0,0,0,0,1,3,7,1994,IRVING PARK RD,41.812708,-87.51099,07/04/2017 02:58:00 AM,2017
CR00005845,11/15/2016 10:51:00 PM,45,CLEAR,DARKNESS - LIGHTED ROAD,PEDESTRIAN,NOT DIVIDED,PEDESTRIAN CROSSING SIGN,FOLLOWING TOO CLOSELY,NOT APPLICABLE,0,0,2,2,22,3,11,1685,ASHLAND AVE,41.989222,-87.78964,11/15/2016 11:02:00 PM,2016
CR00005846,11/08/2022 07:31:00 AM,25,CLEAR,DAYLIGHT,SIDESWIPE SAME DIRECTION,ONE-WAY,NO CONTROLS,UNABLE TO DETERMINE,DRIVING SKILLS/KNOWLEDGE/EXPERIENCE,0,0,0,0,7,3,11,129,OGDEN AVE,41.805121,-87.724657,11/08/2022 08:41:00 AM,2022
CR00005847,09/21/2018 02:24:00 PM,20,CLEAR,DUSK,TURNING,NOT DIVIDED,NO CONTROLS,FOLLOWING TOO CLOSELY,DRIVING SKILLS/KNOWLEDGE/EXPERIENCE,0,0,2,2,14,6,9,1506,MILWAUKEE AVE,41.751251,-87.648377,09/21/2018 03:17:00 PM,2018
CR00005848,10/09/2023 07:11:00 PM,15,CLEAR,DARKNESS - LIGHTED ROAD,REAR END,DIVIDED - W/MEDIAN (NOT RAISED),UNKNOWN,UNABLE TO DETERMINE,FAILING TO YIELD RIGHT-OF-WAY,0,0,0,0,19,2,10,2064,HALSTED ST,41.817283,-87.51903,10/09/2023 08:40:00 PM,2023
CR00005849,12/06/2023 04:32:00 PM,25,CLEAR,DAYLIGHT,PARKED MOTOR VEHICLE,NOT DIVIDED,NO CONTROLS,IMPROPER OVERTAKING/PASSING,UNABLE TO DETERMINE,0,1,1,2,16,4,12,1736,CLARK ST,41.728046,-87.686247,12/06/2023 06:22:00 PM,2023
CR00005850,08/07/2017 07:40:00 AM,15,CLEAR,DAYLIGHT,ANGLE,NOT DIVIDED,NO CONTROLS,WEATHER,FAILING TO REDUCE SPEED,0,0,0,0,7,2,8,412,DAMEN AVE,41.800264,-87.567459,08/07/2017 08:51:00 AM,2017