CRASH_RECORD_ID,CRASH_DATE,POSTED_SPEED_LIMIT,WEATHER_CONDITION,LIGHTING_CONDITION,FIRST_CRASH_TYPE,TRAFFICWAY_TYPE,TRAFFIC_CONTROL_DEVICE,PRIM_CONTRIBUTORY_CAUSE,SEC_CONTRIBUTORY_CAUSE,INJURIES_FATAL,INJURIES_INCAPACITATING,INJURIES_NON_INCAPACITATING,INJURIES_TOTAL,CRASH_HOUR,CRASH_DAY_OF_WEEK,CRASH_MONTH,BEAT_OF_OCCURRENCE,STREET_NAME,LATITUDE,LONGITUDE,DATE_POLICE_NOTIFIED,year
CR00005851,05/20/2015 07:40:00 AM,25,CLEAR,DUSK,REAR END,DIVIDED - W/MEDIAN (NOT RAISED),TRAFFIC SIGNAL,FOLLOWING TOO CLOSELY,NOT APPLICABLE,0,0,0,0,7,4,5,2111,IRVING PARK RD,41.957032,-87.528714,05/20/2015 08:02:00 AM,2015
CR00005852,09/17/2016 09:33:00 AM,40,RAIN,DARKNESS,SIDESWIPE SAME DIRECTION,T-INTERSECTION,STOP SIGN/FLASHER,FAILING TO YIELD RIGHT-OF-WAY,IMPROPER LANE USAGE,0,0,0,0,9,7,9,2172,WESTERN AVE,41.793431,-87.54784,09/17/2016 10:10:00 AM,2016
CR00005853,11/18/2022 07:10:00 AM,35,CLOUDY/OVERCAST,DARKNESS - LIGHTED ROAD,ANGLE,T-INTERSECTION,NO CONTROLS,UNABLE TO DETERMINE,IMPROPER OVERTAKING/PASSING,0,0,0,0,7,6,11,1194,STONY ISLAND AVE,41.713855,-87.813136,11/18/2022 07:58:00 AM,2022
CR00005854,01/20/2024 10:06:00 PM,45,RAIN,DAYLIGHT,REAR END,NOT DIVIDED,NO CONTROLS,DISREGARDING TRAFFIC SIGNALS,FOLLOWING TOO CLOSELY,0,0,0,0,22,7,1,1752,WESTERN AVE,41.723566,-87.587411,01/20/2024 10:09:00 PM,2024
CR00005855,11/06/2018 05:34:00 PM,30,CLEAR,DUSK,ANGLE,T-INTERSECTION,STOP SIGN/FLASHER,FAILING TO YIELD RIGHT-OF-WAY,DISTRACTION - FROM INSIDE VEHICLE,0,0,0,0,17,3,11,546,47TH ST,41.749188,-87.808204,11/06/2018 05:38:00 PM,2018
CR00005856,02/14/2024 10:36:00 AM,20,CLEAR,DAWN,REAR TO FRONT,DIVIDED - W/MEDIAN (NOT RAISED),TRAFFIC SIGNAL,UNABLE TO DETERMINE,NOT APPLICABLE,0,0,0,0,10,4,2,1352,63RD ST,41.759878,-87.845416,02/14/2024 10:44:00 AM,2024
CR00005857,08/10/2023 06:23:00 PM,30,CLEAR,DAYLIGHT,SIDESWIPE SAME DIRECTION,DIVIDED - W/MEDIAN (NOT RAISED),YIELD,DRIVING SKILLS/KNOWLEDGE/EXPERIENCE,IMPROPER LANE USAGE,0,0,0,0,18,5,8,2012,HALSTED ST,41.794409,-87.759929,08/10/2023 07:53:00 PM,2023
CR00005858,07/14/2021 09:20:00 PM,30,CLEAR,DAYLIGHT,REAR END,ONE-WAY,TRAFFIC SIGNAL,DISTRACTION - FROM INSIDE VEHICLE,NOT APPLICABLE,0,0,0,0,21,4,7,458,MILWAUKEE AVE,41.805138,-87.722333,07/14/2021 09:39:00 PM,2021
CR00005859,06/05/2018 12:50:00 AM,25,CLEAR,DUSK,SIDESWIPE SAME DIRECTION,ONE-WAY,NO CONTROLS,FAILING TO YIELD RIGHT-OF-WAY,FOLLOWING TOO CLOSELY,0,0,1,1,0,3,6,1618,47TH ST,41.822771,-87.791234,06/05/2018 01:48:00 AM,2018
CR00005860,10/13/2021 04:20:00 PM,30,CLEAR,DARKNESS - LIGHTED ROAD,REAR END,NOT DIVIDED,NO CONTROLS,FOLLOWING TOO CLOSELY,FAILING TO REDUCE SPEED,0,0,0,0,16,4,10,224,DIVISION ST,41.829451,-87.744742,10/13/2021 05:56:00 PM,2021
CR00005861,02/20/2023 05:29:00 PM,20,RAIN,DARKNESS - LIGHTED ROAD,REAR END,ONE-WAY,TRAFFIC SIGNAL,DISTRACTION - FROM INSIDE VEHICLE,UNABLE TO DETERMINE,0,1,3,4,17,2,2,1201,PULASKI RD,41.96296,-87.660381,02/20/2023 06:18:00 PM,2023
CR00005862,09/12/2019 07:03:00 AM,30,CLEAR,DAYLIGHT,REAR END,NOT DIVIDED,UNKNOWN,WEATHER,UNABLE TO DETERMINE,0,0,0,0,7,5,9,533,63RD ST,41.791821,-87.548255,09/12/2019 08:46:00 AM,2019
CR00005863,03/13/2017 03:47:00 AM,30,RAIN,DARKNESS - LIGHTED ROAD,ANGLE,DIVIDED - W/MEDIAN (NOT RAISED),TRAFFIC SIGNAL,FOLLOWING TOO CLOSELY,IMPROPER LANE USAGE,0,0,0,0,3,2,3,1771,DAMEN AVE,41.720802,-87.801458,03/13/2017 04:18:00 AM,2017
CR00005864,09/03/2019 03:25:00 PM,20,CLEAR,DARKNESS,SIDESWIPE SAME DIRECTION,ONE-WAY,NO CONTROLS,UNABLE TO DETERMINE,UNABLE TO DETERMINE,0,0,0,0,15,3,9,435,DIVISION ST,41.989928,-87.753459,09/03/2019 04:31:00 PM,2019
CR00005865,02/28/2015 09:12:00 AM,30,CLEAR,DARKNESS - LIGHTED ROAD,REAR END,NOT DIVIDED,YIELD,FOLLOWING TOO CLOSELY,FAILING TO YIELD RIGHT-OF-WAY,0,0,0,0,9,7,2,1341,47TH ST,41.931194,-87.533405,02/28/2015 09:17:00 AM,2015
CR00005866,03/23/2023 09:16:00 AM,45,CLEAR,DAYLIGHT,REAR END,FOUR WAY,NO CONTROLS,FAILING TO REDUCE SPEED,UNABLE TO DETERMINE,0,0,0,0,9,5,3,157,DAMEN AVE,41.967554,-87.566123,03/23/2023 10:53:00 AM,2023
CR00005867,12/20/2019 12:39:00 AM,15,CLEAR,DAYLIGHT,TURNING,T-INTERSECTION,STOP SIGN/FLASHER,UNABLE TO DETERMINE,NOT APPLICABLE,0,0,0,0,0,6,12,1486,ASHLAND AVE,41.713432,-87.724014,12/20/2019 02:01:00 AM,2019
CR00005868,02/02/2022 04:29:00 PM,30,CLEAR,DAYLIGHT,REAR TO FRONT,T-INTERSECTION,TRAFFIC SIGNAL,UNABLE TO DETERMINE,DRIVING SKILLS/KNOWLEDGE/EXPERIENCE,0,0,0,0,16,4,2,2463,ELSTON AVE,41.777178,-87.61323,02/02/2022 05:09:00 PM,2022
CR00005869,07/01/2021 07:09:00 AM,30,CLOUDY/OVERCAST,DARKNESS - LIGHTED ROAD,PARKED MOTOR VEHICLE,ONE-WAY,STOP SIGN/FLASHER,UNABLE TO DETERMINE,FAILING TO REDUCE SPEED,0,0,0,0,7,5,7,1487,79TH ST,41.711546,-87.827031,07/01/2021 07:49:00 AM,2021
CR00005870,07/15/2020 05:14:00 PM,20,CLEAR,DAYLIGHT,REAR END,ONE-WAY,STOP SIGN/FLASHER,FAILING TO REDUCE SPEED,UNABLE TO DETERMINE,0,0,0,0,17,4,7,1916,ARCHER AVE,41.718563,-87.517687,07/15/2020 05:49:00 PM,2020
CR00005871,06/06/2015 08:00:00 PM,20,CLEAR,DAYLIGHT,PARKED MOTOR VEHICLE,FOUR WAY,NO CONTROLS,FAILING TO REDUCE SPEED,NOT APPLICABLE,0,0,0,0,20,7,6,160,MILWAUKEE AVE,41.902322,-87.55579,06/06/2015 08:21:00 PM,2015
CR00005872,04/07/2015 06:26:00 PM,20,FREEZING RAIN/DRIZZLE,DAYLIGHT,PARKED MOTOR VEHICLE,T-INTERSECTION,TRAFFIC SIGNAL,FAILING TO REDUCE SPEED,IMPROPER LANE USAGE,0,0,1,1,18,3,4,325,KEDZIE AVE,41.930242,-87.52585,04/07/2015 07:47:00 PM,2015
CR00005873,08/03/2022 05:14:00 PM,40,CLEAR,DAWN,REAR END,DIVIDED - W/MEDIAN BARRIER,NO CONTROLS,FAILING TO REDUCE SPEED,UNABLE TO DETERMINE,0,0,1,1,17,4,8,656,CICERO AVE,41.844787,-87.577809,08/03/2022 06:40:00 PM,2022
CR00005874,02/25/2020 01:39:00 AM,35,CLEAR,DARKNESS - LIGHTED ROAD,REAR END,NOT DIVIDED,NO CONTROLS,UNABLE TO DETERMINE,UNABLE TO DETERMINE,0,0,0,0,1,3,2,855,DIVISION ST,41.785358,-87.643941,02/25/2020 03:32:00 AM,2020
CR00005875,04/22/2015 02:07:00 PM,30,CLEAR,DAYLIGHT,REAR END,DIVIDED - W/MEDIAN (NOT RAISED),TRAFFIC SIGNAL,UNABLE TO DETERMINE,IMPROPER OVERTAKING/PASSING,0,0,3,3,14,4,4,1722,FULLERTON AVE,41.929239,-87.541094,04/22/2015 02:50:00 PM,2015
CR00005876,03/27/2019 03:00:00 PM,25,CLEAR,DAYLIGHT,ANGLE,ONE-WAY,NO CONTROLS,UNABLE TO DETERMINE,FAILING TO YIELD RIGHT-OF-WAY,0,0,0,0,15,4,3,2307,79TH ST,41.912159,-87.632303,03/27/2019 04:49:00 PM,2019
CR00005877,09/01/2018 06:56:00 PM,30,CLOUDY/OVERCAST,DAYLIGHT,ANGLE,FOUR WAY,NO CONTROLS,UNABLE TO DETERMINE,FAILING TO YIELD RIGHT-OF-WAY,0,0,0,0,18,7,9,2359,DAMEN AVE,41.86031,-87.546428,09/01/2018 07:04:00 PM,2018
CR00005878,12/12/2023 08:04:00 AM,40,CLEAR,DARKNESS - LIGHTED ROAD,FIXED OBJECT,NOT DIVIDED,TRAFFIC SIGNAL,DISREGARDING TRAFFIC SIGNALS,FOLLOWING TOO CLOSELY,0,0,1,1,8,3,12,602,CICERO AVE,41.824533,-87.717418,12/12/2023 09:07:00 AM,2023
CR00005879,10/01/2019 06:47:00 PM,30,CLEAR,DAWN,SIDESWIPE SAME DIRECTION,NOT DIVIDED,TRAFFIC SIGNAL,IMPROPER LANE USAGE,WEATHER,0,1,1,2,18,3,10,1785,63RD ST,41.786565,-87.512876,10/01/2019 08:44:00 PM,2019
CR00005880,07/27/2021 08:27:00 PM,45,RAIN,DAYLIGHT,REAR END,DIVIDED - W/MEDIAN (NOT RAISED),STOP SIGN/FLASHER,UNABLE TO DETERMINE,DRIVING SKILLS/KNOWLEDGE/EXPERIENCE,0,0,0,0,20,3,7,587,BROADWAY,41.969672,-87.706094,07/27/2021 09:22:00 PM,2021
CR00005881,03/19/2024 12:16:00 AM,35,CLEAR,DARKNESS,REAR END,NOT DIVIDED,STOP SIGN/FLASHER,IMPROPER OVERTAKING/PASSING,UNABLE TO DETERMINE,0,0,0,0,0,3,3,963,ELSTON AVE,41.773128,-87.643419,03/19/2024 01:47:00 AM,2024
CR00005882,08/20/2017 10:06:00 AM,30,CLEAR,DUSK,PARKED MOTOR VEHICLE,ONE-WAY,NO CONTROLS,UNABLE TO DETERMINE,DRIVING SKILLS/KNOWLEDGE/EXPERIENCE,0,0,0,0,10,1,8,1010,WESTERN AVE,41.721063,-87.814706,08/20/2017 10:54:00 AM,2017
CR00005883,09/16/2022 06:30:00 PM,30,CLEAR,DAYLIGHT,REAR END,DIVIDED - W/MEDIAN BARRIER,UNKNOWN,DISTRACTION - FROM INSIDE VEHICLE,FOLLOWING TOO CLOSELY,0,0,0,0,18,6,9,1046,HALSTED ST,41.883731,-87.842929,09/16/2022 06:54:00 PM,2022
CR00005884,04/11/2015 07:12:00 AM,30,CLEAR,DAYLIGHT,SIDESWIPE SAME DIRECTION,DIVIDED - W/MEDIAN (NOT RAISED),TRAFFIC SIGNAL,UNABLE TO DETERMINE,UNABLE TO DETERMINE,0,0,1,1,7,7,4,912,IRVING PARK RD,41.759022,-87.580959,04/11/2015 07:44:00 AM,2015
CR00005885,04/12/2021 09:58:00 AM,25,CLEAR,DARKNESS - LIGHTED ROAD,TURNING,FOUR WAY,UNKNOWN,FOLLOWING TOO CLOSELY,DISTRACTION - FROM INSIDE VEHICLE,0,0,0,0,9,2,4,2067,MICHIGAN AVE,41.748098,-87.686595,04/12/2021 10:08:00 AM,2021
CR00005886,03/25/2024 12:58:00 PM,35,CLEAR,DARKNESS,TURNING,DIVIDED - W/MEDIAN (NOT RAISED),NO CONTROLS,IMPROPER OVERTAKING/PASSING,FAILING TO REDUCE SPEED,0,0,0,0,12,2,3,1880,DAMEN AVE,41.897075,-87.749328,03/25/2024 02:11:00 PM,2024
CR00005887,12/26/2017 03:05:00 PM,40,CLEAR,DAYLIGHT,ANGLE,DIVIDED - W/MEDIAN (NOT RAISED),NO CONTROLS,IMPROPER LANE USAGE,IMPROPER OVERTAKING/PASSING,0,0,0,0,15,3,12,1496,ASHLAND AVE,41.762783,-87.594182,12/26/2017 03:57:00 PM,2017
CR00005888,09/11/2022 11:53:00 AM,40,CLEAR,DAYLIGHT,TURNING,FOUR WAY,STOP SIGN/FLASHER,IMPROPER OVERTAKING/PASSING,DISTRACTION - FROM INSIDE VEHICLE,0,0,0,0,11,1,9,1075,BROADWAY,41.857005,-87.83547,09/11/2022 12:34:00 PM,2022
CR00005889,08/04/2015 02:59:00 PM,45,CLEAR,DARKNESS - LIGHTED ROAD,REAR END,DIVIDED - W/MEDIAN BARRIER,NO CONTROLS,DISREGARDING TRAFFIC SIGNALS,UNABLE TO DETERMINE,0,0,0,0,14,3,8,1478,DIVISION ST,41.922336,-87.829372,08/04/2015 03:56:00 PM,2015
CR00005890,12/28/2016 03:35:00 PM,35,RAIN,DAYLIGHT,SIDESWIPE SAME DIRECTION,DIVIDED - W/MEDIAN (NOT RAISED),NO CONTROLS,UNABLE TO DETERMINE,FAILING TO YIELD RIGHT-OF-WAY,0,0,1,1,15,4,12,416,47TH ST,41.753902,-87.733678,12/28/2016 05:08:00 PM,2016
CR00005891,08/16/2015 10:24:00 PM,25,FOG/SMOKE/HAZE,DAYLIGHT,REAR END,DIVIDED - W/MEDIAN (NOT RAISED),NO CONTROLS,IMPROPER LANE USAGE,WEATHER,0,0,0,0,22,1,8,906,BROADWAY,41.794086,-87.817151,08/16/2015 11:30:00 PM,2015
CR00005892,07/24/2023 11:32:00 AM,45,CLEAR,DAYLIGHT,TURNING,NOT DIVIDED,NO CONTROLS,DISREGARDING TRAFFIC SIGNALS,NOT APPLICABLE,0,0,0,0,11,2,7,1339,ELSTON AVE,41.944987,-87.598148,07/24/2023 12:51:00 PM,2023
CR00005893,02/09/2021 07:56:00 AM,45,CLEAR,DUSK,REAR END,ONE-WAY,TRAFFIC SIGNAL,FAILING TO YIELD RIGHT-OF-WAY,UNABLE TO DETERMINE,0,0,0,0,7,3,2,1552,OGDEN AVE,41.814015,-87.612771,02/09/2021 09:24:00 AM,2021
CR00005894,07/02/2019 04:18:00 PM,25,RAIN,DARKNESS - LIGHTED ROAD,REAR END,FOUR WAY,TRAFFIC SIGNAL,DRIVING SKILLS/KNOWLEDGE/EXPERIENCE,UNABLE TO DETERMINE,0,0,2,2,16,3,7,2135,BROADWAY,41.96517,-87.665005,07/02/2019 06:01:00 PM,2019
CR00005895,09/14/2019 06:59:00 AM,35,CLEAR,DARKNESS - LIGHTED ROAD,TURNING,NOT DIVIDED,NO CONTROLS,UNABLE TO DETERMINE,UNABLE TO DETERMINE,0,0,0,0,6,7,9,1793,MILWAUKEE AVE,41.807259,-87.668383,09/14/2019 07:01:00 AM,2019
CR00005896,10/08/2015 07:11:00 AM,45,CLEAR,DAYLIGHT,TURNING,NOT DIVIDED,STOP SIGN/FLASHER,IMPROPER OVERTAKING/PASSING,UNABLE TO DETERMINE,0,0,0,0,7,5,10,1459,FULLERTON AVE,41.826352,-87.723639,10/08/2015 08:02:00 AM,2015
CR00005897,02/21/2021 10:22:00 PM,25,CLEAR,DARKNESS - LIGHTED ROAD,PARKED MOTOR VEHICLE,ONE-WAY,TRAFFIC SIGNAL,UNABLE TO DETERMINE,WEATHER,0,0,0,0,22,1,2,1416,STATE ST,41.78101,-87.56607,02/21/2021 11:54:00 PM,2021
CR00005898,03/05/2024 06:16:00 AM,30,CLEAR,DAYLIGHT,TURNING,NOT DIVIDED,TRAFFIC SIGNAL,UNABLE TO DETERMINE,NOT APPLICABLE,0,0,0,0,6,3,3,709,MILWAUKEE AVE,41.728401,-87.528526,03/05/2024 07:30:00 AM,2024
CR00005899,01/08/2024 09:06:00 PM,30,CLEAR,DARKNESS - LIGHTED ROAD,REAR END,NOT DIVIDED,TRAFFIC SIGNAL,UNABLE TO DETERMINE,UNABLE TO DETERMINE,0,0,0,0,21,2,1,237,IRVING PARK RD,41.727343,-87.520704,01/08/2024 09:40:00 PM,2024
CR00005900,05/30/2015 07:20:00 AM,35,CLEAR,DARKNESS - LIGHTED ROAD,REAR END,DIVIDED - W/MEDIAN (NOT RAISED),NO CONTROLS,UNABLE TO DETERMINE,FAILING TO YIELD RIGHT-OF-WAY,0,0,0,0,7,7,5,2412,MILWAUKEE AVE,41.788491,-87.719782,05/30/2015 08:50:00 AM,2015
CR00005901,10/04/2015 05:32:00 PM,20,CLEAR,DAYLIGHT,REAR END,FOUR WAY,STOP SIGN/FLASHER,UNABLE TO DETERMINE,IMPROPER OVERTAKING/PASSING,0,0,1,1,17,1,10,800,CLARK ST,41.841989,-87.671995,10/04/2015 06:33:00 PM,2015
CR00005902,12/18/2015 05:52:00 PM,30,CLEAR,DAYLIGHT,REAR END,DIVIDED - W/MEDIAN (NOT RAISED),TRAFFIC SIGNAL,FAILING TO YIELD RIGHT-OF-WAY,DISTRACTION - FROM INSIDE VEHICLE,0,0,0,0,17,6,12,1944,IRVING PARK RD,41.845994,-87.554898,12/18/2015 07:37:00 PM,2015
CR00005903,06/15/2019 04:15:00 AM,25,CLEAR,DAYLIGHT,PARKED MOTOR VEHICLE,DIVIDED - W/MEDIAN (NOT RAISED),NO CONTROLS,DISTRACTION - FROM INSIDE VEHICLE,IMPROPER OVERTAKING/PASSING,0,0,0,0,4,7,6,1971,63RD ST,41.739298,-87.801395,06/15/2019 05:45:00 AM,2019
CR00005904,04/23/2015 02:05:00 AM,45,CLEAR,DARKNESS - LIGHTED ROAD,ANGLE,DIVIDED - W/MEDIAN BARRIER,STOP SIGN/FLASHER,DRIVING SKILLS/KNOWLEDGE/EXPERIENCE,FOLLOWING TOO CLOSELY,0,0,1,1,2,5,4,1007,47TH ST,41.907286,-87.691512,04/23/2015 03:29:00 AM,2015
CR00005905,10/21/2022 07:05:00 AM,30,CLEAR,DAYLIGHT,REAR END,DIVIDED - W/MEDIAN BARRIER,TRAFFIC SIGNAL,DISTRACTION - FROM INSIDE VEHICLE,FAILING TO YIELD RIGHT-OF-WAY,0,0,0,0,7,6,10,1140,WESTERN AVE,41.871596,-87.657253,10/21/2022 07:52:00 AM,2022
CR00005906,04/26/2023 12:01:00 PM,25,RAIN,DAYLIGHT,REAR END,ONE-WAY,STOP SIGN/FLASHER,IMPROPER LANE USAGE,FOLLOWING TOO CLOSELY,0,0,0,0,12,4,4,141,FULLERTON AVE,41.81891,-87.534295,04/26/2023 01:58:00 PM,2023
CR00005907,10/11/2015 11:31:00 AM,35,CLOUDY/OVERCAST,DAYLIGHT,FIXED OBJECT,DIVIDED - W/MEDIAN (NOT RAISED),NO CONTROLS,UNABLE TO DETERMINE,IMPROPER LANE USAGE,0,0,0,0,11,1,10,2298,STONY ISLAND AVE,41.849706,-87.735875,10/11/2015 01:09:00 PM,2015
CR00005908,09/14/2024 08:10:00 PM,30,CLEAR,DAYLIGHT,REAR END,DIVIDED - W/MEDIAN (NOT RAISED),STOP SIGN/FLASHER,FOLLOWING TOO CLOSELY,DRIVING SKILLS/KNOWLEDGE/EXPERIENCE,0,0,0,0,20,7,9,1187,HALSTED ST,41.803698,-87.671846,09/14/2024 08:51:00 PM,2024
CR00005909,09/07/2015 04:16:00 PM,25,FREEZING RAIN/DRIZZLE,DAYLIGHT,SIDESWIPE SAME DIRECTION,NOT DIVIDED,NO CONTROLS,FOLLOWING TOO CLOSELY,DISREGARDING TRAFFIC SIGNALS,0,0,0,0,16,2,9,2146,79TH ST,41.781773,-87.753349,09/07/2015 05:12:00 PM,2015
CR00005910,10/26/2024 04:29:00 PM,45,CLEAR,DARKNESS,REAR END,NOT DIVIDED,STOP SIGN/FLASHER,DRIVING SKILLS/KNOWLEDGE/EXPERIENCE,UNABLE TO DETERMINE,0,0,0,0,16,7,10,2188,IRVING PARK RD,41.757653,-87.819425,10/26/2024 05:01:00 PM,2024
CR00005911,09/04/2023 05:48:00 PM,30,FREEZING RAIN/DRIZZLE,DARKNESS - LIGHTED ROAD,TURNING,NOT DIVIDED,STOP SIGN/FLASHER,UNABLE TO DETERMINE,UNABLE TO DETERMINE,0,2,0,2,17,2,9,656,CICERO AVE,41.837344,-87.774961,09/04/2023 07:46:00 PM,2023
CR00005912,05/22/2022 02:21:00 PM,30,CLOUDY/OVERCAST,DAYLIGHT,TURNING,DIVIDED - W/MEDIAN (NOT RAISED),NO CONTROLS,UNABLE TO DETERMINE,IMPROPER OVERTAKING/PASSING,0,0,1,1,14,1,5,664,CALIFORNIA AVE,41.828093,-87.551968,05/22/2022 03:20:00 PM,2022
CR00005913,03/31/2020 06:46:00 PM,30,SNOW,DUSK,PARKED MOTOR VEHICLE,ONE-WAY,NO CONTROLS,UNABLE TO DETERMINE,FOLLOWING TOO CLOSELY,0,0,0,0,18,3,3,1818,WESTERN AVE,41.914507,-87.680351,03/31/2020 07:40:00 PM,2020
CR00005914,02/16/2019 06:30:00 PM,25,CLOUDY/OVERCAST,DAYLIGHT,REAR END,FOUR WAY,NO CONTROLS,FOLLOWING TOO CLOSELY,UNABLE TO DETERMINE,0,0,0,0,18,7,2,1614,OGDEN AVE,41.92765,-87.727676,02/16/2019 08:24:00 PM,2019
CR00005915,04/12/2024 06:49:00 PM,20,CLEAR,DAWN,REAR END,FOUR WAY,NO CONTROLS,FOLLOWING TOO CLOSELY,NOT APPLICABLE,0,0,0,0,18,6,4,1546,79TH ST,41.913733,-87.54715,04/12/2024 07:32:00 PM,2024
CR00005916,02/15/2023 12:41:00 PM,30,CLEAR,DAYLIGHT,REAR END,NOT DIVIDED,YIELD,UNABLE TO DETERMINE,UNABLE TO DETERMINE,0,0,1,1,12,4,2,2356,KEDZIE AVE,41.830585,-87.612027,02/15/2023 02:30:00 PM,2023
CR00005917,12/30/2019 11:10:00 PM,30,RAIN,DAYLIGHT,REAR END,FOUR WAY,NO CONTROLS,UNABLE TO DETERMINE,FOLLOWING TOO CLOSELY,0,1,1,2,23,2,12,1555,KEDZIE AVE,41.755953,-87.576141,12/30/2019 11:49:00 PM,2019
CR00005918,05/13/2018 10:17:00 AM,45,CLEAR,DARKNESS - LIGHTED ROAD,REAR END,ONE-WAY,NO CONTROLS,IMPROPER OVERTAKING/PASSING,UNABLE TO DETERMINE,0,0,0,0,10,1,5,1230,IRVING PARK RD,41.979018,-87.562858,05/13/2018 11:21:00 AM,2018
CR00005919,09/19/2017 08:16:00 AM,40,CLOUDY/OVERCAST,DAYLIGHT,SIDESWIPE SAME DIRECTION,NOT DIVIDED,TRAFFIC SIGNAL,FAILING TO YIELD RIGHT-OF-WAY,NOT APPLICABLE,0,0,0,0,8,3,9,696,79TH ST,41.750211,-87.842615,09/19/2017 10:07:00 AM,2017
CR00005920,03/13/2021 10:09:00 PM,40,CLEAR,DARKNESS - LIGHTED ROAD,REAR END,T-INTERSECTION,TRAFFIC SIGNAL,FAILING TO YIELD RIGHT-OF-WAY,IMPROPER LANE USAGE,0,0,0,0,22,7,3,1685,ARCHER AVE,41.810273,-87.638564,03/13/2021 11:52:00 PM,2021
CR00005921,02/17/2019 05:35:00 PM,45,CLEAR,DAYLIGHT,SIDESWIPE SAME DIRECTION,NOT DIVIDED,NO CONTROLS,DRIVING SKILLS/KNOWLEDGE/EXPERIENCE,NOT APPLICABLE,0,0,0,0,17,1,2,1896,CICERO AVE,41.93203,-87.536184,02/17/2019 07:11:00 PM,2019
CR00005922,08/06/2015 01:09:00 PM,45,CLEAR,DAWN,REAR END,ONE-WAY,NO CONTROLS,DISTRACTION - FROM INSIDE VEHICLE,NOT APPLICABLE,0,0,0,0,13,5,8,1180,ROOSEVELT RD,41.930288,-87.623238,08/06/2015 02:00:00 PM,2015
CR00005923,07/24/2024 09:57:00 PM,45,CLEAR,DAYLIGHT,FIXED OBJECT,DIVIDED - W/MEDIAN (NOT RAISED),STOP SIGN/FLASHER,DISTRACTION - FROM INSIDE VEHICLE,FOLLOWING TOO CLOSELY,0,0,0,0,21,4,7,1746,47TH ST,41.928772,-87.714653,07/24/2024 10:34:00 PM,2024
CR00005924,08/26/2019 12:11:00 AM,30,CLEAR,DAYLIGHT,PEDESTRIAN,NOT DIVIDED,STOP SIGN/FLASHER,FAILING TO YIELD RIGHT-OF-WAY,UNABLE TO DETERMINE,0,0,0,0,0,2,8,676,CALIFORNIA AVE,41.848218,-87.62352,08/26/2019 12:47:00 AM,2019
CR00005925,03/20/2023 08:18:00 AM,45,FREEZING RAIN/DRIZZLE,DARKNESS - LIGHTED ROAD,SIDESWIPE SAME DIRECTION,FOUR WAY,NO CONTROLS,UNABLE TO DETERMINE,WEATHER,0,0,0,0,8,2,3,2380,CLARK ST,41.950857,-87.561361,03/20/2023 10:02:00 AM,2023
CR00005926,09/20/2022 10:10:00 AM,30,CLEAR,DAYLIGHT,TURNING,ONE-WAY,TRAFFIC SIGNAL,FOLLOWING TOO CLOSELY,DISTRACTION - FROM INSIDE VEHICLE,0,0,0,0,10,3,9,1311,CICERO AVE,41.902742,-87.646546,09/20/2022 10:51:00 AM,2022
CR00005927,09/15/2018 03:29:00 PM,25,CLEAR,DAYLIGHT,PEDESTRIAN,FOUR WAY,TRAFFIC SIGNAL,UNABLE TO DETERMINE,DISREGARDING TRAFFIC SIGNALS,0,0,0,0,15,7,9,2330,ROOSEVELT RD,41.878905,-87.730647,09/15/2018 03:31:00 PM,2018
CR00005928,03/08/2019 06:35:00 PM,35,CLOUDY/OVERCAST,DAYLIGHT,TURNING,NOT DIVIDED,UNKNOWN,DRIVING SKILLS/KNOWLEDGE/EXPERIENCE,IMPROPER LANE USAGE,0,0,0,0,18,6,3,562,CLARK ST,41.981341,-87.669787,03/08/2019 06:45:00 PM,2019
CR00005929,09/05/2021 03:54:00 AM,30,CLEAR,DAYLIGHT,ANGLE,T-INTERSECTION,NO CONTROLS,UNABLE TO DETERMINE,FOLLOWING TOO CLOSELY,0,0,0,0,3,1,9,2166,63RD ST,41.826608,-87.65251,09/05/2021 05:38:00 AM,2021
CR00005930,10/11/2019 08:36:00 PM,35,CLEAR,DUSK,ANGLE,NOT DIVIDED,NO CONTROLS,FOLLOWING TOO CLOSELY,IMPROPER LANE USAGE,0,0,0,0,20,6,10,163,ROOSEVELT RD,41.899154,-87.547291,10/11/2019 08:56:00 PM,2019
CR00005931,12/04/2023 05:49:00 PM,30,CLEAR,DAYLIGHT,REAR END,NOT DIVIDED,TRAFFIC SIGNAL,UNABLE TO DETERMINE,FAILING TO YIELD RIGHT-OF-WAY,0,0,2,2,17,2,12,1482,CICERO AVE,41.780713,-87.639278,12/04/2023 06:54:00 PM,2023
CR00005932,07/19/2018 01:11:00 PM,25,CLEAR,DAYLIGHT,REAR END,NOT DIVIDED,NO CONTROLS,FAILING TO YIELD RIGHT-OF-WAY,UNABLE TO DETERMINE,0,0,2,2,13,5,7,1281,HALSTED ST,41.741903,-87.639556,07/19/2018 02:54:00 PM,2018
CR00005933,05/02/2024 01:54:00 PM,35,CLOUDY/OVERCAST,DUSK,REAR END,ONE-WAY,TRAFFIC SIGNAL,FOLLOWING TOO CLOSELY,FAILING TO YIELD RIGHT-OF-WAY,0,0,0,0,13,5,5,2227,ARCHER AVE,41.958588,-87.72043,05/02/2024 03:11:00 PM,2024