CRASH_RECORD_ID,CRASH_DATE,POSTED_SPEED_LIMIT,WEATHER_CONDITION,LIGHTING_CONDITION,FIRST_CRASH_TYPE,TRAFFICWAY_TYPE,TRAFFIC_CONTROL_DEVICE,PRIM_CONTRIBUTORY_CAUSE,SEC_CONTRIBUTORY_CAUSE,INJURIES_FATAL,INJURIES_INCAPACITATING,INJURIES_NON_INCAPACITATING,INJURIES_TOTAL,CRASH_HOUR,CRASH_DAY_OF_WEEK,CRASH_MONTH,BEAT_OF_OCCURRENCE,STREET_NAME,LATITUDE,LONGITUDE,DATE_POLICE_NOTIFIED,year
CR00005934,09/14/2020 09:21:00 PM,30,CLEAR,DAYLIGHT,PARKED MOTOR VEHICLE,T-INTERSECTION,STOP SIGN/FLASHER,IMPROPER OVERTAKING/PASSING,FAILING TO YIELD RIGHT-OF-WAY,0,0,0,0,21,2,9,906,ROOSEVELT RD,41.98882,-87.720153,09/14/2020 10:46:00 PM,2020
CR00005935,12/14/2021 07:52:00 AM,20,RAIN,DAYLIGHT,REAR END,DIVIDED - W/MEDIAN (NOT RAISED),NO CONTROLS,DRIVING SKILLS/KNOWLEDGE/EXPERIENCE,NOT APPLICABLE,0,0,0,0,7,3,12,1129,DAMEN AVE,41.995789,-87.663495,12/14/2021 09:31:00 AM,2021
CR00005936,02/21/2023 12:58:00 PM,45,CLEAR,DAYLIGHT,ANGLE,NOT DIVIDED,TRAFFIC SIGNAL,DRIVING SKILLS/KNOWLEDGE/EXPERIENCE,NOT APPLICABLE,0,0,0,0,12,3,2,908,PULASKI RD,41.977746,-87.60414,02/21/2023 02:07:00 PM,2023
CR00005937,12/24/2019 12:52:00 PM,30,CLEAR,DAYLIGHT,REAR END,NOT DIVIDED,YIELD,FOLLOWING TOO CLOSELY,FOLLOWING TOO CLOSELY,0,0,0,0,12,3,12,615,47TH ST,41.903504,-87.849484,12/24/2019 01:33:00 PM,2019
CR00005938,05/09/2016 05:30:00 AM,35,CLEAR,DUSK,TURNING,NOT DIVIDED,NO CONTROLS,FAILING TO REDUCE SPEED,NOT APPLICABLE,0,0,0,0,5,2,5,1784,ELSTON AVE,41.925179,-87.67389,05/09/2016 06:49:00 AM,2016
CR00005939,04/09/2024 07:19:00 PM,30,CLEAR,DAYLIGHT,SIDESWIPE SAME DIRECTION,DIVIDED - W/MEDIAN (NOT RAISED),UNKNOWN,FOLLOWING TOO CLOSELY,DISREGARDING TRAFFIC SIGNALS,0,0,0,0,19,3,4,196,STATE ST,41.710217,-87.842255,04/09/2024 07:50:00 PM,2024
CR00005940,06/09/2018 06:47:00 PM,35,CLEAR,DAYLIGHT,ANGLE,FOUR WAY,NO CONTROLS,UNABLE TO DETERMINE,UNABLE TO DETERMINE,0,0,0,0,18,7,6,564,79TH ST,41.849953,-87.601989,06/09/2018 06:54:00 PM,2018
CR00005941,02/25/2016 03:16:00 AM,40,CLEAR,DARKNESS,REAR END,NOT DIVIDED,STOP SIGN/FLASHER,DISTRACTION - FROM INSIDE VEHICLE,FAILING TO YIELD RIGHT-OF-WAY,0,0,0,0,3,5,2,101,HALSTED ST,41.986579,-87.671534,02/25/2016 05:15:00 AM,2016
CR00005942,03/17/2022 07:20:00 AM,20,RAIN,DARKNESS - LIGHTED ROAD,ANGLE,DIVIDED - W/MEDIAN (NOT RAISED),TRAFFIC SIGNAL,UNABLE TO DETERMINE,FAILING TO YIELD RIGHT-OF-WAY,0,0,0,0,7,5,3,448,LAKE SHORE DR,41.750136,-87.609995,03/17/2022 07:36:00 AM,2022
CR00005943,07/26/2016 03:49:00 PM,20,CLEAR,DAYLIGHT,ANGLE,NOT DIVIDED,PEDESTRIAN CROSSING SIGN,IMPROPER OVERTAKING/PASSING,IMPROPER LANE USAGE,0,0,0,0,15,3,7,2113,BROADWAY,41.846884,-87.80523,07/26/2016 04:38:00 PM,2016
CR00005944,01/19/2015 09:02:00 AM,30,FREEZING RAIN/DRIZZLE,DAYLIGHT,REAR END,NOT DIVIDED,NO CONTROLS,DRIVING SKILLS/KNOWLEDGE/EXPERIENCE,DISTRACTION - FROM INSIDE VEHICLE,0,0,0,0,9,2,1,1212,FULLERTON AVE,41.732914,-87.547031,01/19/2015 10:58:00 AM,2015
CR00005945,05/06/2024 11:09:00 AM,30,CLEAR,DARKNESS,REAR END,T-INTERSECTION,STOP SIGN/FLASHER,DISREGARDING TRAFFIC SIGNALS,DRIVING SKILLS/KNOWLEDGE/EXPERIENCE,0,0,0,0,11,2,5,2187,79TH ST,41.778271,-87.547914,05/06/2024 12:45:00 PM,2024
CR00005946,10/01/2023 05:13:00 PM,30,RAIN,DAYLIGHT,TURNING,ONE-WAY,STOP SIGN/FLASHER,IMPROPER LANE USAGE,NOT APPLICABLE,0,0,0,0,17,1,10,1959,DIVISION ST,41.794874,-87.715487,10/01/2023 07:00:00 PM,2023
CR00005947,09/26/2016 12:44:00 PM,35,SNOW,DAWN,FIXED OBJECT,DIVIDED - W/MEDIAN BARRIER,NO CONTROLS,FAILING TO YIELD RIGHT-OF-WAY,FAILING TO REDUCE SPEED,0,0,0,0,12,2,9,1157,BROADWAY,41.918602,-87.62853,09/26/2016 12:55:00 PM,2016
CR00005948,04/14/2019 01:42:00 PM,20,CLEAR,DARKNESS - LIGHTED ROAD,REAR END,FOUR WAY,TRAFFIC SIGNAL,DRIVING SKILLS/KNOWLEDGE/EXPERIENCE,NOT APPLICABLE,0,0,0,0,13,1,4,1982,BROADWAY,41.755267,-87.699383,04/14/2019 03:08:00 PM,2019
CR00005949,02/02/2021 06:52:00 PM,30,CLEAR,DAYLIGHT,TURNING,NOT DIVIDED,TRAFFIC SIGNAL,UNABLE TO DETERMINE,FOLLOWING TOO CLOSELY,0,0,0,0,18,3,2,1901,MILWAUKEE AVE,41.811142,-87.626565,02/02/2021 07:57:00 PM,2021
CR00005950,04/28/2018 06:32:00 PM,30,CLEAR,DAYLIGHT,TURNING,ONE-WAY,NO CONTROLS,WEATHER,UNABLE TO DETERMINE,0,0,0,0,18,7,4,592,STATE ST,41.799022,-87.745166,04/28/2018 08:18:00 PM,2018
CR00005951,12/29/2016 07:42:00 AM,40,CLEAR,DAYLIGHT,REAR END,DIVIDED - W/MEDIAN (NOT RAISED),NO CONTROLS,FOLLOWING TOO CLOSELY,FOLLOWING TOO CLOSELY,0,0,0,0,7,5,12,1324,STATE ST,41.792407,-87.787638,12/29/2016 08:13:00 AM,2016
CR00005952,02/04/2015 07:31:00 AM,30,CLEAR,DARKNESS - LIGHTED ROAD,PARKED MOTOR VEHICLE,NOT DIVIDED,NO CONTROLS,DISREGARDING TRAFFIC SIGNALS,DISREGARDING TRAFFIC SIGNALS,0,0,1,1,7,4,2,2051,DIVISION ST,41.767136,-87.502105,02/04/2015 09:16:00 AM,2015
CR00005953,06/02/2024 12:41:00 AM,35,CLEAR,DARKNESS,REAR TO FRONT,NOT DIVIDED,TRAFFIC SIGNAL,DISTRACTION - FROM INSIDE VEHICLE,IMPROPER OVERTAKING/PASSING,0,0,0,0,0,1,6,1803,KEDZIE AVE,41.744939,-87.523369,06/02/2024 02:31:00 AM,2024
CR00005954,06/10/2018 05:57:00 PM,25,RAIN,DAYLIGHT,ANGLE,NOT DIVIDED,NO CONTROLS,FAILING TO REDUCE SPEED,FAILING TO REDUCE SPEED,0,0,0,0,17,1,6,490,HALSTED ST,41.739701,-87.661689,06/10/2018 07:25:00 PM,2018
CR00005955,04/16/2015 07:14:00 AM,35,CLEAR,DAYLIGHT,TURNING,T-INTERSECTION,STOP SIGN/FLASHER,FAILING TO YIELD RIGHT-OF-WAY,FOLLOWING TOO CLOSELY,0,0,0,0,7,5,4,743,CICERO AVE,41.750516,-87.681074,04/16/2015 08:32:00 AM,2015
CR00005956,04/20/2023 05:30:00 AM,15,CLEAR,DARKNESS - LIGHTED ROAD,REAR END,FOUR WAY,NO CONTROLS,FOLLOWING TOO CLOSELY,UNABLE TO DETERMINE,0,0,1,1,5,5,4,1647,CLARK ST,41.703376,-87.674816,04/20/2023 07:21:00 AM,2023
CR00005957,12/28/2023 06:07:00 PM,20,CLEAR,DARKNESS - LIGHTED ROAD,REAR END,FOUR WAY,YIELD,DISTRACTION - FROM INSIDE VEHICLE,UNABLE TO DETERMINE,0,0,0,0,18,5,12,2014,OGDEN AVE,41.899961,-87.842423,12/28/2023 07:43:00 PM,2023
CR00005958,02/09/2017 10:00:00 AM,15,CLEAR,DAYLIGHT,REAR END,ONE-WAY,TRAFFIC SIGNAL,FOLLOWING TOO CLOSELY,IMPROPER LANE USAGE,0,0,0,0,10,5,2,989,PULASKI RD,41.838546,-87.615689,02/09/2017 10:45:00 AM,2017
CR00005959,02/08/2022 02:44:00 PM,25,RAIN,DAYLIGHT,SIDESWIPE SAME DIRECTION,DIVIDED - W/MEDIAN (NOT RAISED),NO CONTROLS,IMPROPER LANE USAGE,WEATHER,0,0,0,0,14,3,2,1215,CICERO AVE,41.853359,-87.78106,02/08/2022 04:06:00 PM,2022
CR00005960,09/03/2022 05:57:00 PM,35,CLEAR,DAYLIGHT,PARKED MOTOR VEHICLE,NOT DIVIDED,NO CONTROLS,UNABLE TO DETERMINE,IMPROPER OVERTAKING/PASSING,0,0,0,0,17,7,9,1510,DAMEN AVE,41.951041,-87.581439,09/03/2022 06:16:00 PM,2022
CR00005961,02/19/2024 04:12:00 AM,45,CLEAR,DARKNESS - LIGHTED ROAD,PARKED MOTOR VEHICLE,DIVIDED - W/MEDIAN (NOT RAISED),STOP SIGN/FLASHER,FAILING TO YIELD RIGHT-OF-WAY,NOT APPLICABLE,0,0,0,0,4,2,2,1345,DIVISION ST,41.759433,-87.809524,02/19/2024 04:59:00 AM,2024
CR00005962,08/30/2022 04:47:00 AM,30,CLEAR,DAYLIGHT,REAR TO FRONT,DIVIDED - W/MEDIAN BARRIER,TRAFFIC SIGNAL,UNABLE TO DETERMINE,FAILING TO YIELD RIGHT-OF-WAY,0,0,3,3,4,3,8,1012,ASHLAND AVE,41.802722,-87.730281,08/30/2022 05:38:00 AM,2022
CR00005963,10/16/2019 09:01:00 AM,30,CLEAR,DUSK,SIDESWIPE SAME DIRECTION,DIVIDED - W/MEDIAN (NOT RAISED),UNKNOWN,FAILING TO REDUCE SPEED,IMPROPER OVERTAKING/PASSING,0,0,0,0,9,4,10,1243,ASHLAND AVE,41.90944,-87.692212,10/16/2019 10:15:00 AM,2019
CR00005964,07/17/2022 07:39:00 AM,30,CLEAR,DAYLIGHT,SIDESWIPE SAME DIRECTION,NOT DIVIDED,NO CONTROLS,IMPROPER OVERTAKING/PASSING,DISTRACTION - FROM INSIDE VEHICLE,0,0,2,2,7,1,7,196,HALSTED ST,41.844061,-87.652027,07/17/2022 07:43:00 AM,2022
CR00005965,07/13/2020 02:57:00 PM,35,SNOW,DARKNESS - LIGHTED ROAD,ANGLE,FOUR WAY,TRAFFIC SIGNAL,DISREGARDING TRAFFIC SIGNALS,UNABLE TO DETERMINE,0,0,0,0,14,2,7,2311,IRVING PARK RD,41.751805,-87.521839,07/13/2020 04:18:00 PM,2020
CR00005966,02/03/2020 03:09:00 PM,30,CLEAR,DUSK,REAR END,NOT DIVIDED,TRAFFIC SIGNAL,FOLLOWING TOO CLOSELY,DRIVING SKILLS/KNOWLEDGE/EXPERIENCE,0,0,0,0,15,2,2,1044,DAMEN AVE,41.802078,-87.833367,02/03/2020 04:30:00 PM,2020
CR00005967,09/22/2019 07:20:00 AM,25,FREEZING RAIN/DRIZZLE,DAYLIGHT,PARKED MOTOR VEHICLE,DIVIDED - W/MEDIAN (NOT RAISED),NO CONTROLS,UNABLE TO DETERMINE,UNABLE TO DETERMINE,0,0,0,0,7,1,9,389,MILWAUKEE AVE,41.812794,-87.810537,09/22/2019 07:47:00 AM,2019
CR00005968,10/10/2018 04:22:00 PM,30,CLEAR,DAYLIGHT,PARKED MOTOR VEHICLE,DIVIDED - W/MEDIAN BARRIER,STOP SIGN/FLASHER,FAILING TO REDUCE SPEED,UNABLE TO DETERMINE,0,0,0,0,16,4,10,243,ARCHER AVE,41.764008,-87.508077,10/10/2018 05:38:00 PM,2018
CR00005969,10/26/2022 05:34:00 AM,45,CLEAR,DAYLIGHT,REAR END,ONE-WAY,NO CONTROLS,UNABLE TO DETERMINE,DISREGARDING TRAFFIC SIGNALS,0,0,0,0,5,4,10,2384,FULLERTON AVE,41.800545,-87.620773,10/26/2022 07:15:00 AM,2022
CR00005970,04/02/2016 04:44:00 PM,30,CLEAR,DAYLIGHT,REAR END,NOT DIVIDED,TRAFFIC SIGNAL,DRIVING SKILLS/KNOWLEDGE/EXPERIENCE,NOT APPLICABLE,0,0,0,0,16,7,4,510,ASHLAND AVE,41.702479,-87.669042,04/02/2016 05:56:00 PM,2016
CR00005971,05/07/2023 08:08:00 AM,35,CLEAR,DAYLIGHT,TURNING,ONE-WAY,NO CONTROLS,IMPROPER OVERTAKING/PASSING,UNABLE TO DETERMINE,0,1,0,1,8,1,5,2157,PULASKI RD,41.757354,-87.677379,05/07/2023 09:21:00 AM,2023
CR00005972,04/10/2020 05:15:00 PM,45,CLEAR,DARKNESS - LIGHTED ROAD,REAR END,FOUR WAY,STOP SIGN/FLASHER,UNABLE TO DETERMINE,UNABLE TO DETERMINE,0,0,0,0,17,6,4,740,KEDZIE AVE,41.951322,-87.572725,04/10/2020 06:10:00 PM,2020
CR00005973,11/21/2015 04:48:00 PM,40,CLEAR,DAYLIGHT,SIDESWIPE SAME DIRECTION,DIVIDED - W/MEDIAN (NOT RAISED),NO CONTROLS,UNABLE TO DETERMINE,IMPROPER OVERTAKING/PASSING,0,0,0,0,16,7,11,2455,CICERO AVE,41.874339,-87.55935,11/21/2015 06:24:00 PM,2015
CR00005974,11/15/2024 05:58:00 PM,25,CLEAR,DAYLIGHT,ANGLE,NOT DIVIDED,STOP SIGN/FLASHER,UNABLE TO DETERMINE,NOT APPLICABLE,0,0,0,0,17,6,11,1364,FULLERTON AVE,41.75118,-87.734379,11/15/2024 07:27:00 PM,2024
CR00005975,06/14/2023 04:31:00 PM,20,CLEAR,DAYLIGHT,SIDESWIPE SAME DIRECTION,NOT DIVIDED,NO CONTROLS,UNABLE TO DETERMINE,NOT APPLICABLE,0,0,0,0,16,4,6,374,79TH ST,41.710211,-87.736944,06/14/2023 04:37:00 PM,2023
CR00005976,11/03/2024 01:31:00 PM,20,CLEAR,DARKNESS - LIGHTED ROAD,SIDESWIPE SAME DIRECTION,NOT DIVIDED,TRAFFIC SIGNAL,UNABLE TO DETERMINE,FAILING TO YIELD RIGHT-OF-WAY,0,0,0,0,13,1,11,1302,63RD ST,41.803557,-87.8132,11/03/2024 02:59:00 PM,2024
CR00005977,11/18/2024 07:47:00 AM,35,CLEAR,DAYLIGHT,ANGLE,NOT DIVIDED,STOP SIGN/FLASHER,UNABLE TO DETERMINE,UNABLE TO DETERMINE,0,0,0,0,7,2,11,2351,STONY ISLAND AVE,41.811065,-87.776362,11/18/2024 09:26:00 AM,2024
CR00005978,04/22/2019 08:52:00 PM,40,CLEAR,DARKNESS - LIGHTED ROAD,TURNING,NOT DIVIDED,TRAFFIC SIGNAL,IMPROPER LANE USAGE,FOLLOWING TOO CLOSELY,0,0,0,0,20,2,4,1760,MILWAUKEE AVE,41.791596,-87.821431,04/22/2019 10:32:00 PM,2019
CR00005979,05/04/2022 08:34:00 PM,45,RAIN,DARKNESS - LIGHTED ROAD,SIDESWIPE SAME DIRECTION,FOUR WAY,NO CONTROLS,UNABLE TO DETERMINE,FAILING TO YIELD RIGHT-OF-WAY,0,0,0,0,20,4,5,587,STONY ISLAND AVE,41.919728,-87.506787,05/04/2022 10:20:00 PM,2022
CR00005980,04/07/2020 05:09:00 PM,20,CLEAR,DAYLIGHT,REAR END,DIVIDED - W/MEDIAN (NOT RAISED),NO CONTROLS,FAILING TO YIELD RIGHT-OF-WAY,DRIVING SKILLS/KNOWLEDGE/EXPERIENCE,0,0,0,0,17,3,4,2422,HALSTED ST,41.813426,-87.530381,04/07/2020 06:58:00 PM,2020
CR00005981,04/26/2017 07:49:00 AM,35,CLEAR,DAYLIGHT,REAR END,NOT DIVIDED,NO CONTROLS,FOLLOWING TOO CLOSELY,WEATHER,0,0,0,0,7,4,4,2093,PULASKI RD,41.968409,-87.810873,04/26/2017 08:25:00 AM,2017
CR00005982,09/14/2018 12:28:00 PM,15,CLEAR,DAWN,TURNING,DIVIDED - W/MEDIAN BARRIER,TRAFFIC SIGNAL,IMPROPER OVERTAKING/PASSING,DISTRACTION - FROM INSIDE VEHICLE,0,0,0,0,12,6,9,2437,ASHLAND AVE,41.952927,-87.753647,09/14/2018 02:14:00 PM,2018
CR00005983,07/11/2022 03:08:00 PM,25,CLOUDY/OVERCAST,DARKNESS - LIGHTED ROAD,SIDESWIPE SAME DIRECTION,NOT DIVIDED,NO CONTROLS,UNABLE TO DETERMINE,UNABLE TO DETERMINE,0,0,0,0,15,2,7,268,DIVISION ST,41.978492,-87.847191,07/11/2022 05:06:00 PM,2022
CR00005984,09/16/2018 09:05:00 AM,45,CLEAR,DARKNESS - LIGHTED ROAD,FIXED OBJECT,DIVIDED - W/MEDIAN (NOT RAISED),TRAFFIC SIGNAL,FAILING TO YIELD RIGHT-OF-WAY,FOLLOWING TOO CLOSELY,0,0,0,0,9,1,9,670,DAMEN AVE,41.852403,-87.532445,09/16/2018 09:22:00 AM,2018
CR00005985,10/17/2017 07:14:00 PM,35,CLEAR,DAYLIGHT,REAR END,FOUR WAY,TRAFFIC SIGNAL,FOLLOWING TOO CLOSELY,UNABLE TO DETERMINE,0,0,0,0,19,3,10,1372,WESTERN AVE,41.991186,-87.779166,10/17/2017 08:00:00 PM,2017
CR00005986,12/16/2022 11:23:00 AM,45,CLEAR,DAYLIGHT,REAR END,FOUR WAY,NO CONTROLS,FAILING TO YIELD RIGHT-OF-WAY,UNABLE TO DETERMINE,0,0,0,0,11,6,12,1823,FULLERTON AVE,41.976207,-87.579346,12/16/2022 12:59:00 PM,2022
CR00005987,06/21/2017 10:36:00 AM,40,CLEAR,DAYLIGHT,ANGLE,FOUR WAY,STOP SIGN/FLASHER,FOLLOWING TOO CLOSELY,DISREGARDING TRAFFIC SIGNALS,0,0,2,2,10,4,6,712,PULASKI RD,41.775654,-87.691999,06/21/2017 12:08:00 PM,2017
CR00005988,08/04/2020 11:30:00 AM,30,CLEAR,DARKNESS,REAR END,DIVIDED - W/MEDIAN BARRIER,TRAFFIC SIGNAL,UNABLE TO DETERMINE,NOT APPLICABLE,0,0,0,0,11,3,8,1402,KEDZIE AVE,41.935493,-87.578002,08/04/2020 12:20:00 PM,2020
CR00005989,07/02/2023 03:12:00 AM,40,CLEAR,DARKNESS,TURNING,DIVIDED - W/MEDIAN (NOT RAISED),NO CONTROLS,UNABLE TO DETERMINE,UNABLE TO DETERMINE,0,0,0,0,3,1,7,697,ASHLAND AVE,41.757076,-87.81073,07/02/2023 03:48:00 AM,2023
CR00005990,04/03/2023 04:11:00 PM,30,CLEAR,DARKNESS,ANGLE,DIVIDED - W/MEDIAN (NOT RAISED),NO CONTROLS,DISTRACTION - FROM INSIDE VEHICLE,UNABLE TO DETERMINE,0,0,0,0,16,2,4,2062,ELSTON AVE,41.804769,-87.552509,04/03/2023 05:10:00 PM,2023
CR00005991,04/19/2018 06:54:00 PM,35,CLOUDY/OVERCAST,DAYLIGHT,REAR TO FRONT,DIVIDED - W/MEDIAN (NOT RAISED),NO CONTROLS,IMPROPER LANE USAGE,NOT APPLICABLE,0,0,0,0,18,5,4,543,MILWAUKEE AVE,41.947504,-87.621343,04/19/2018 07:27:00 PM,2018
CR00005992,04/02/2020 07:44:00 PM,35,CLEAR,DARKNESS - LIGHTED ROAD,SIDESWIPE SAME DIRECTION,T-INTERSECTION,NO CONTROLS,DRIVING SKILLS/KNOWLEDGE/EXPERIENCE,NOT APPLICABLE,0,0,0,0,19,5,4,851,MICHIGAN AVE,41.997183,-87.719312,04/02/2020 09:03:00 PM,2020
CR00005993,01/31/2018 07:44:00 AM,35,CLEAR,DAYLIGHT,SIDESWIPE SAME DIRECTION,DIVIDED - W/MEDIAN BARRIER,TRAFFIC SIGNAL,UNABLE TO DETERMINE,NOT APPLICABLE,0,0,0,0,7,4,1,1235,ROOSEVELT RD,41.717928,-87.696798,01/31/2018 08:49:00 AM,2018
CR00005994,01/05/2017 07:07:00 AM,40,CLEAR,DARKNESS,PARKED MOTOR VEHICLE,FOUR WAY,TRAFFIC SIGNAL,UNABLE TO DETERMINE,UNABLE TO DETERMINE,0,0,0,0,7,5,1,1442,FULLERTON AVE,41.893204,-87.601173,01/05/2017 08:01:00 AM,2017
CR00005995,04/17/2021 05:37:00 PM,30,CLEAR,DAYLIGHT,PARKED MOTOR VEHICLE,ONE-WAY,STOP SIGN/FLASHER,FOLLOWING TOO CLOSELY,FOLLOWING TOO CLOSELY,0,0,1,1,17,7,4,1165,MICHIGAN AVE,41.960631,-87.640785,04/17/2021 06:41:00 PM,2021
CR00005996,09/15/2016 07:32:00 PM,15,RAIN,DAYLIGHT,TURNING,NOT DIVIDED,TRAFFIC SIGNAL,IMPROPER OVERTAKING/PASSING,IMPROPER LANE USAGE,0,0,0,0,19,5,9,194,47TH ST,41.964916,-87.815148,09/15/2016 08:05:00 PM,2016
CR00005997,03/20/2016 03:04:00 PM,45,CLOUDY/OVERCAST,DAYLIGHT,REAR END,DIVIDED - W/MEDIAN (NOT RAISED),NO CONTROLS,FAILING TO REDUCE SPEED,NOT APPLICABLE,0,0,0,0,15,1,3,1677,HALSTED ST,41.784951,-87.674126,03/20/2016 03:38:00 PM,2016
CR00005998,09/05/2017 02:42:00 PM,35,CLEAR,DAYLIGHT,SIDESWIPE SAME DIRECTION,DIVIDED - W/MEDIAN BARRIER,NO CONTROLS,FAILING TO YIELD RIGHT-OF-WAY,DRIVING SKILLS/KNOWLEDGE/EXPERIENCE,0,0,0,0,14,3,9,1432,FULLERTON AVE,41.944818,-87.655542,09/05/2017 04:34:00 PM,2017
CR00005999,11/25/2019 09:26:00 AM,35,CLEAR,DAYLIGHT,ANGLE,FOUR WAY,TRAFFIC SIGNAL,FAILING TO YIELD RIGHT-OF-WAY,FAILING TO REDUCE SPEED,0,0,0,0,9,2,11,1711,MILWAUKEE AVE,41.74139,-87.501161,11/25/2019 10:09:00 AM,2019
CR00006000,02/24/2018 01:18:00 PM,45,CLEAR,DARKNESS,PARKED MOTOR VEHICLE,NOT DIVIDED,NO CONTROLS,DISREGARDING TRAFFIC SIGNALS,IMPROPER OVERTAKING/PASSING,0,0,0,0,13,7,2,118,WESTERN AVE,41.972197,-87.532024,02/24/2018 02:31:00 PM,2018
CR00006001,02/25/2018 01:26:00 PM,30,SNOW,DAYLIGHT,REAR END,DIVIDED - W/MEDIAN BARRIER,TRAFFIC SIGNAL,DISREGARDING TRAFFIC SIGNALS,UNABLE TO DETERMINE,0,0,0,0,13,1,2,659,CLARK ST,41.915735,-87.555027,02/25/2018 03:05:00 PM,2018
CR00006002,06/10/2020 07:12:00 AM,20,RAIN,DARKNESS - LIGHTED ROAD,REAR END,DIVIDED - W/MEDIAN BARRIER,YIELD,IMPROPER OVERTAKING/PASSING,DISREGARDING TRAFFIC SIGNALS,0,1,1,2,7,4,6,156,BROADWAY,41.912929,-87.5159,06/10/2020 08:25:00 AM,2020
CR00006003,11/06/2019 04:14:00 PM,15,CLEAR,DARKNESS,REAR END,NOT DIVIDED,NO CONTROLS,DISREGARDING TRAFFIC SIGNALS,UNABLE TO DETERMINE,0,0,0,0,16,4,11,2515,CICERO AVE,41.998812,-87.636796,11/06/2019 05:45:00 PM,2019
CR00006004,07/11/2018 11:50:00 AM,30,CLEAR,DARKNESS - LIGHTED ROAD,FIXED OBJECT,ONE-WAY,TRAFFIC SIGNAL,UNABLE TO DETERMINE,NOT APPLICABLE,0,0,0,0,11,4,7,1296,DIVISION ST,41.820304,-87.53429,07/11/2018 12:57:00 PM,2018
CR00006005,03/21/2024 03:12:00 PM,35,CLEAR,DAYLIGHT,TURNING,NOT DIVIDED,STOP SIGN/FLASHER,UNABLE TO DETERMINE,UNABLE TO DETERMINE,0,0,0,0,15,5,3,2165,OGDEN AVE,41.955153,-87.766982,03/21/2024 04:13:00 PM,2024
CR00006006,01/17/2024 10:41:00 PM,35,CLEAR,DARKNESS - LIGHTED ROAD,TURNING,FOUR WAY,NO CONTROLS,FAILING TO YIELD RIGHT-OF-WAY,FOLLOWING TOO CLOSELY,0,0,0,0,22,4,1,1123,CALIFORNIA AVE,41.802465,-87.802048,01/17/2024 11:41:00 PM,2024
CR00006007,09/06/2021 06:31:00 PM,35,CLEAR,DAWN,PARKED MOTOR VEHICLE,NOT DIVIDED,TRAFFIC SIGNAL,DRIVING SKILLS/KNOWLEDGE/EXPERIENCE,FOLLOWING TOO CLOSELY,0,0,1,1,18,2,9,1463,FULLERTON AVE,41.741248,-87.743598,09/06/2021 06:44:00 PM,2021
CR00006008,03/30/2021 07:54:00 AM,45,CLEAR,DARKNESS - LIGHTED ROAD,SIDESWIPE SAME DIRECTION,FOUR WAY,NO CONTROLS,FOLLOWING TOO CLOSELY,FAILING TO REDUCE SPEED,0,0,0,0,7,3,3,964,CALIFORNIA AVE,41.765361,-87.522625,03/30/2021 08:34:00 AM,2021
CR00006009,02/04/2019 08:49:00 PM,45,CLEAR,DAYLIGHT,PARKED MOTOR VEHICLE,FOUR WAY,TRAFFIC SIGNAL,FAILING TO REDUCE SPEED,UNABLE TO DETERMINE,0,0,0,0,20,2,2,370,47TH ST,41.902064,-87.623457,02/04/2019 10:02:00 PM,2019
CR00006010,11/11/2017 07:57:00 AM,35,SNOW,DAYLIGHT,TURNING,ONE-WAY,STOP SIGN/FLASHER,UNABLE TO DETERMINE,FAILING TO YIELD RIGHT-OF-WAY,0,0,0,0,7,7,11,1359,CALIFORNIA AVE,41.702045,-87.63459,11/11/2017 09:06:00 AM,2017
CR00006011,02/02/2016 08:31:00 AM,35,CLEAR,DARKNESS - LIGHTED ROAD,TURNING,T-INTERSECTION,STOP SIGN/FLASHER,DISREGARDING TRAFFIC SIGNALS,IMPROPER LANE USAGE,0,0,0,0,8,3,2,2185,CICERO AVE,41.73802,-87.718391,02/02/2016 10:00:00 AM,2016
CR00006012,04/14/2022 03:12:00 PM,35,CLOUDY/OVERCAST,DAYLIGHT,PEDESTRIAN,NOT DIVIDED,PEDESTRIAN CROSSING SIGN,UNABLE TO DETERMINE,DISREGARDING TRAFFIC SIGNALS,0,0,0,0,15,5,4,1448,STATE ST,41.915163,-87.783255,04/14/2022 03:47:00 PM,2022
CR00006013,12/23/2021 03:02:00 PM,35,CLEAR,DARKNESS - LIGHTED ROAD,SIDESWIPE SAME DIRECTION,NOT DIVIDED,NO CONTROLS,UNABLE TO DETERMINE,DRIVING SKILLS/KNOWLEDGE/EXPERIENCE,0,0,0,0,15,5,12,1760,LAKE SHORE DR,41.728647,-87.652125,12/23/2021 04:45:00 PM,2021
CR00006014,10/21/2017 07:06:00 PM,20,RAIN,DARKNESS - LIGHTED ROAD,TURNING,NOT DIVIDED,NO CONTROLS,IMPROPER OVERTAKING/PASSING,DRIVING SKILLS/KNOWLEDGE/EXPERIENCE,0,0,0,0,19,7,10,2396,HALSTED ST,41.70895,-87.691327,10/21/2017 08:44:00 PM,2017
CR00006015,07/16/2024 11:23:00 AM,25,FOG/SMOKE/HAZE,DAYLIGHT,REAR END,ONE-WAY,NO CONTROLS,DRIVING SKILLS/KNOWLEDGE/EXPERIENCE,NOT APPLICABLE,0,0,0,0,11,3,7,1951,ROOSEVELT RD,41.826179,-87.785229,07/16/2024 12:33:00 PM,2024