CRASH_RECORD_ID,CRASH_DATE,POSTED_SPEED_LIMIT,WEATHER_CONDITION,LIGHTING_CONDITION,FIRST_CRASH_TYPE,TRAFFICWAY_TYPE,TRAFFIC_CONTROL_DEVICE,PRIM_CONTRIBUTORY_CAUSE,SEC_CONTRIBUTORY_CAUSE,INJURIES_FATAL,INJURIES_INCAPACITATING,INJURIES_NON_INCAPACITATING,INJURIES_TOTAL,CRASH_HOUR,CRASH_DAY_OF_WEEK,CRASH_MONTH,BEAT_OF_OCCURRENCE,STREET_NAME,LATITUDE,LONGITUDE,DATE_POLICE_NOTIFIED,year
CR00006016,06/19/2023 07:28:00 AM,30,CLEAR,DAYLIGHT,ANGLE,ONE-WAY,TRAFFIC SIGNAL,UNABLE TO DETERMINE,FOLLOWING TOO CLOSELY,0,0,0,0,7,2,6,1291,FULLERTON AVE,41.786984,-87.513242,06/19/2023 08:17:00 AM,2023
CR00006017,12/01/2015 05:26:00 PM,25,CLEAR,DARKNESS,TURNING,FOUR WAY,TRAFFIC SIGNAL,IMPROPER OVERTAKING/PASSING,IMPROPER LANE USAGE,0,0,0,0,17,3,12,1151,KEDZIE AVE,41.844606,-87.783208,12/01/2015 05:29:00 PM,2015
CR00006018,11/10/2024 07:47:00 AM,45,SNOW,DAYLIGHT,FIXED OBJECT,NOT DIVIDED,TRAFFIC SIGNAL,FOLLOWING TOO CLOSELY,IMPROPER LANE USAGE,0,0,0,0,7,1,11,1854,ROOSEVELT RD,41.713926,-87.512995,11/10/2024 09:27:00 AM,2024
CR00006019,01/08/2015 10:56:00 PM,30,CLOUDY/OVERCAST,DARKNESS,REAR END,NOT DIVIDED,NO CONTROLS,UNABLE TO DETERMINE,NOT APPLICABLE,0,0,0,0,22,5,1,1891,WESTERN AVE,41.783671,-87.563176,01/08/2015 11:41:00 PM,2015
CR00006020,09/03/2019 08:44:00 PM,45,SNOW,DAYLIGHT,PARKED MOTOR VEHICLE,DIVIDED - W/MEDIAN BARRIER,STOP SIGN/FLASHER,UNABLE TO DETERMINE,UNABLE TO DETERMINE,0,0,0,0,20,3,9,524,MILWAUKEE AVE,41.757753,-87.74581,09/03/2019 09:02:00 PM,2019
CR00006021,06/15/2016 04:44:00 PM,35,RAIN,DAYLIGHT,ANGLE,ONE-WAY,TRAFFIC SIGNAL,FOLLOWING TOO CLOSELY,DRIVING SKILLS/KNOWLEDGE/EXPERIENCE,0,0,0,0,16,4,6,561,ELSTON AVE,41.872067,-87.711261,06/15/2016 06:20:00 PM,2016
CR00006022,09/23/2020 07:27:00 AM,15,SNOW,DARKNESS - LIGHTED ROAD,SIDESWIPE SAME DIRECTION,NOT DIVIDED,UNKNOWN,UNABLE TO DETERMINE,FAILING TO YIELD RIGHT-OF-WAY,0,0,0,0,7,4,9,1358,LAKE SHORE DR,41.939953,-87.593755,09/23/2020 09:11:00 AM,2020
CR00006023,07/22/2016 10:27:00 AM,40,CLOUDY/OVERCAST,DUSK,SIDESWIPE SAME DIRECTION,NOT DIVIDED,STOP SIGN/FLASHER,DISTRACTION - FROM INSIDE VEHICLE,DISREGARDING TRAFFIC SIGNALS,0,0,0,0,10,6,7,1227,KEDZIE AVE,41.710056,-87.780996,07/22/2016 11:11:00 AM,2016
CR00006024,06/21/2015 03:36:00 PM,15,CLEAR,DAYLIGHT,FIXED OBJECT,ONE-WAY,NO CONTROLS,IMPROPER LANE USAGE,IMPROPER LANE USAGE,0,0,2,2,15,1,6,1734,ASHLAND AVE,41.826057,-87.746321,06/21/2015 05:27:00 PM,2015
CR00006025,07/10/2017 07:44:00 PM,35,CLEAR,DAYLIGHT,REAR END,T-INTERSECTION,TRAFFIC SIGNAL,UNABLE TO DETERMINE,NOT APPLICABLE,0,0,2,2,19,2,7,733,63RD ST,41.87887,-87.68171,07/10/2017 07:51:00 PM,2017
CR00006026,05/03/2022 03:30:00 PM,30,CLEAR,DAYLIGHT,TURNING,ONE-WAY,TRAFFIC SIGNAL,UNABLE TO DETERMINE,NOT APPLICABLE,0,0,0,0,15,3,5,1619,47TH ST,41.747878,-87.60711,05/03/2022 05:03:00 PM,2022
CR00006027,10/28/2015 03:05:00 PM,25,CLEAR,DAYLIGHT,REAR END,DIVIDED - W/MEDIAN (NOT RAISED),NO CONTROLS,UNABLE TO DETERMINE,FAILING TO YIELD RIGHT-OF-WAY,0,0,0,0,15,4,10,387,KEDZIE AVE,41.959841,-87.656085,10/28/2015 03:22:00 PM,2015
CR00006028,05/29/2016 10:41:00 PM,15,FOG/SMOKE/HAZE,DAYLIGHT,PARKED MOTOR VEHICLE,DIVIDED - W/MEDIAN (NOT RAISED),STOP SIGN/FLASHER,FOLLOWING TOO CLOSELY,NOT APPLICABLE,0,0,0,0,22,1,5,117,OGDEN AVE,41.863332,-87.558653,05/29/2016 10:44:00 PM,2016
CR00006029,02/27/2022 06:30:00 PM,35,CLEAR,DAYLIGHT,TURNING,DIVIDED - W/MEDIAN (NOT RAISED),TRAFFIC SIGNAL,UNABLE TO DETERMINE,FAILING TO YIELD RIGHT-OF-WAY,0,0,0,0,18,1,2,1192,ASHLAND AVE,41.806391,-87.773745,02/27/2022 07:03:00 PM,2022
CR00006030,03/05/2018 03:11:00 AM,15,RAIN,DAYLIGHT,ANGLE,NOT DIVIDED,UNKNOWN,DISTRACTION - FROM INSIDE VEHICLE,FAILING TO YIELD RIGHT-OF-WAY,0,0,0,0,3,2,3,427,IRVING PARK RD,41.881219,-87.701477,03/05/2018 03:34:00 AM,2018
CR00006031,03/07/2023 04:03:00 PM,40,CLEAR,DAWN,SIDESWIPE SAME DIRECTION,NOT DIVIDED,TRAFFIC SIGNAL,IMPROPER OVERTAKING/PASSING,NOT APPLICABLE,0,0,0,0,16,3,3,613,ASHLAND AVE,41.853103,-87.570288,03/07/2023 05:16:00 PM,2023
CR00006032,10/29/2015 03:13:00 PM,30,CLEAR,DARKNESS,ANGLE,DIVIDED - W/MEDIAN (NOT RAISED),STOP SIGN/FLASHER,FOLLOWING TOO CLOSELY,UNABLE TO DETERMINE,0,0,0,0,15,5,10,2061,STONY ISLAND AVE,41.893657,-87.655792,10/29/2015 04:42:00 PM,2015
CR00006033,09/07/2022 01:16:00 AM,40,CLEAR,DARKNESS - LIGHTED ROAD,REAR END,NOT DIVIDED,PEDESTRIAN CROSSING SIGN,FOLLOWING TOO CLOSELY,NOT APPLICABLE,0,0,0,0,1,4,9,390,HALSTED ST,41.947577,-87.573842,09/07/2022 03:01:00 AM,2022
CR00006034,07/18/2023 05:47:00 PM,20,CLEAR,DARKNESS,PARKED MOTOR VEHICLE,DIVIDED - W/MEDIAN BARRIER,NO CONTROLS,FAILING TO YIELD RIGHT-OF-WAY,DISTRACTION - FROM INSIDE VEHICLE,0,0,3,3,17,3,7,1818,79TH ST,41.866743,-87.552583,07/18/2023 06:10:00 PM,2023
CR00006035,04/06/2021 05:48:00 PM,35,FREEZING RAIN/DRIZZLE,DAYLIGHT,SIDESWIPE SAME DIRECTION,T-INTERSECTION,NO CONTROLS,UNABLE TO DETERMINE,FAILING TO YIELD RIGHT-OF-WAY,0,0,0,0,17,3,4,595,DAMEN AVE,41.764647,-87.741653,04/06/2021 07:00:00 PM,2021
CR00006036,12/01/2022 01:37:00 PM,40,CLEAR,DARKNESS,REAR END,DIVIDED - W/MEDIAN BARRIER,NO CONTROLS,FOLLOWING TOO CLOSELY,NOT APPLICABLE,0,0,0,0,13,5,12,1709,STATE ST,41.759753,-87.802453,12/01/2022 01:48:00 PM,2022
CR00006037,05/15/2022 03:42:00 PM,45,RAIN,DAYLIGHT,ANGLE,NOT DIVIDED,TRAFFIC SIGNAL,IMPROPER OVERTAKING/PASSING,FOLLOWING TOO CLOSELY,0,0,0,0,15,1,5,189,FULLERTON AVE,41.835028,-87.661468,05/15/2022 04:51:00 PM,2022
CR00006038,04/19/2021 09:39:00 AM,20,RAIN,DAYLIGHT,REAR END,NOT DIVIDED,TRAFFIC SIGNAL,UNABLE TO DETERMINE,UNABLE TO DETERMINE,0,0,0,0,9,2,4,1202,63RD ST,41.999259,-87.786929,04/19/2021 09:58:00 AM,2021
CR00006039,04/03/2024 03:19:00 PM,25,CLEAR,DAYLIGHT,REAR END,DIVIDED - W/MEDIAN (NOT RAISED),TRAFFIC SIGNAL,IMPROPER LANE USAGE,UNABLE TO DETERMINE,0,0,1,1,15,4,4,2209,ARCHER AVE,41.869868,-87.806192,04/03/2024 05:10:00 PM,2024
CR00006040,06/24/2015 01:19:00 PM,25,CLEAR,DAYLIGHT,TURNING,NOT DIVIDED,TRAFFIC SIGNAL,UNABLE TO DETERMINE,NOT APPLICABLE,0,0,0,0,13,4,6,1290,FULLERTON AVE,41.99812,-87.606441,06/24/2015 01:48:00 PM,2015
CR00006041,12/11/2022 03:29:00 PM,30,FREEZING RAIN/DRIZZLE,DAYLIGHT,TURNING,ONE-WAY,STOP SIGN/FLASHER,DISREGARDING TRAFFIC SIGNALS,NOT APPLICABLE,0,0,0,0,15,1,12,1765,63RD ST,41.761012,-87.503049,12/11/2022 04:37:00 PM,2022
CR00006042,03/24/2020 02:43:00 PM,20,CLOUDY/OVERCAST,DARKNESS - LIGHTED ROAD,REAR END,FOUR WAY,STOP SIGN/FLASHER,UNABLE TO DETERMINE,UNABLE TO DETERMINE,0,0,0,0,14,3,3,827,ROOSEVELT RD,41.924521,-87.807883,03/24/2020 03:10:00 PM,2020
CR00006043,07/20/2017 04:19:00 PM,15,CLEAR,DAYLIGHT,REAR END,T-INTERSECTION,TRAFFIC SIGNAL,IMPROPER OVERTAKING/PASSING,UNABLE TO DETERMINE,0,0,0,0,16,5,7,1578,BROADWAY,41.933768,-87.663189,07/20/2017 06:05:00 PM,2017
CR00006044,05/20/2022 01:13:00 PM,15,CLEAR,DAYLIGHT,PARKED MOTOR VEHICLE,FOUR WAY,STOP SIGN/FLASHER,IMPROPER LANE USAGE,IMPROPER OVERTAKING/PASSING,0,0,0,0,13,6,5,940,STATE ST,41.909062,-87.69937,05/20/2022 02:21:00 PM,2022
CR00006045,12/28/2020 06:11:00 PM,30,CLEAR,DAYLIGHT,REAR END,DIVIDED - W/MEDIAN BARRIER,TRAFFIC SIGNAL,DISTRACTION - FROM INSIDE VEHICLE,FAILING TO YIELD RIGHT-OF-WAY,0,0,0,0,18,2,12,913,PULASKI RD,41.993365,-87.723876,12/28/2020 08:05:00 PM,2020
CR00006046,01/08/2019 01:09:00 PM,30,CLEAR,DAYLIGHT,PARKED MOTOR VEHICLE,T-INTERSECTION,NO CONTROLS,FOLLOWING TOO CLOSELY,FOLLOWING TOO CLOSELY,0,0,0,0,13,3,1,754,63RD ST,41.924897,-87.69507,01/08/2019 01:26:00 PM,2019
CR00006047,04/17/2022 04:33:00 PM,20,SNOW,DAWN,TURNING,NOT DIVIDED,NO CONTROLS,IMPROPER LANE USAGE,FAILING TO YIELD RIGHT-OF-WAY,0,0,0,0,16,1,4,263,DIVISION ST,41.800943,-87.660555,04/17/2022 05:01:00 PM,2022
CR00006048,03/20/2016 08:13:00 AM,35,CLOUDY/OVERCAST,DAYLIGHT,PARKED MOTOR VEHICLE,NOT DIVIDED,TRAFFIC SIGNAL,IMPROPER OVERTAKING/PASSING,FAILING TO YIELD RIGHT-OF-WAY,0,0,0,0,8,1,3,323,CLARK ST,41.965716,-87.68818,03/20/2016 10:06:00 AM,2016
CR00006049,01/06/2019 08:50:00 AM,40,CLEAR,DAYLIGHT,ANGLE,DIVIDED - W/MEDIAN (NOT RAISED),STOP SIGN/FLASHER,FAILING TO REDUCE SPEED,DRIVING SKILLS/KNOWLEDGE/EXPERIENCE,0,0,0,0,8,1,1,352,HALSTED ST,41.941766,-87.609992,01/06/2019 10:45:00 AM,2019
CR00006050,01/14/2023 11:29:00 AM,45,CLEAR,DARKNESS - LIGHTED ROAD,ANGLE,NOT DIVIDED,TRAFFIC SIGNAL,UNABLE TO DETERMINE,WEATHER,0,0,0,0,11,7,1,219,ELSTON AVE,41.874653,-87.656092,01/14/2023 12:35:00 PM,2023
CR00006051,09/15/2021 01:27:00 PM,30,SNOW,DAYLIGHT,REAR END,ONE-WAY,STOP SIGN/FLASHER,FAILING TO YIELD RIGHT-OF-WAY,DISTRACTION - FROM INSIDE VEHICLE,0,0,0,0,13,4,9,1440,MICHIGAN AVE,41.839275,-87.658795,09/15/2021 02:38:00 PM,2021
CR00006052,09/15/2021 10:54:00 PM,40,CLOUDY/OVERCAST,DAYLIGHT,REAR END,NOT DIVIDED,NO CONTROLS,FAILING TO YIELD RIGHT-OF-WAY,NOT APPLICABLE,0,0,0,0,22,4,9,609,CICERO AVE,41.760896,-87.728796,09/15/2021 11:21:00 PM,2021
CR00006053,01/06/2023 05:03:00 AM,25,CLEAR,DUSK,SIDESWIPE SAME DIRECTION,NOT DIVIDED,NO CONTROLS,FOLLOWING TOO CLOSELY,UNABLE TO DETERMINE,0,0,2,2,5,6,1,1353,STONY ISLAND AVE,41.920868,-87.589183,01/06/2023 05:39:00 AM,2023
CR00006054,08/23/2019 06:58:00 PM,30,CLEAR,DAYLIGHT,REAR END,FOUR WAY,TRAFFIC SIGNAL,FAILING TO YIELD RIGHT-OF-WAY,FOLLOWING TOO CLOSELY,0,0,0,0,18,6,8,1235,ARCHER AVE,41.884422,-87.661538,08/23/2019 08:34:00 PM,2019
CR00006055,10/03/2022 07:26:00 PM,45,CLEAR,DAYLIGHT,REAR END,ONE-WAY,YIELD,FAILING TO YIELD RIGHT-OF-WAY,DISTRACTION - FROM INSIDE VEHICLE,0,0,1,1,19,2,10,1487,CALIFORNIA AVE,41.886393,-87.782405,10/03/2022 09:00:00 PM,2022
CR00006056,01/17/2015 03:28:00 PM,40,SNOW,DAYLIGHT,TURNING,NOT DIVIDED,TRAFFIC SIGNAL,UNABLE TO DETERMINE,UNABLE TO DETERMINE,0,0,1,1,15,7,1,425,DAMEN AVE,41.700764,-87.783414,01/17/2015 04:16:00 PM,2015
CR00006057,08/17/2023 04:45:00 PM,25,CLOUDY/OVERCAST,DAYLIGHT,TURNING,DIVIDED - W/MEDIAN BARRIER,TRAFFIC SIGNAL,UNABLE TO DETERMINE,NOT APPLICABLE,0,0,0,0,16,5,8,2041,KEDZIE AVE,41.708265,-87.827123,08/17/2023 06:41:00 PM,2023
CR00006058,03/17/2021 07:13:00 AM,15,CLEAR,DARKNESS - LIGHTED ROAD,ANGLE,NOT DIVIDED,STOP SIGN/FLASHER,FAILING TO YIELD RIGHT-OF-WAY,UNABLE TO DETERMINE,0,0,0,0,7,4,3,986,KEDZIE AVE,41.881292,-87.816335,03/17/2021 09:05:00 AM,2021
CR00006059,08/20/2016 02:37:00 PM,35,CLEAR,DARKNESS - LIGHTED ROAD,TURNING,NOT DIVIDED,TRAFFIC SIGNAL,WEATHER,FOLLOWING TOO CLOSELY,0,0,0,0,14,7,8,758,PULASKI RD,41.862954,-87.527368,08/20/2016 03:02:00 PM,2016
CR00006060,01/19/2021 07:25:00 PM,25,SNOW,DAYLIGHT,REAR END,DIVIDED - W/MEDIAN (NOT RAISED),STOP SIGN/FLASHER,FOLLOWING TOO CLOSELY,FOLLOWING TOO CLOSELY,0,0,0,0,19,3,1,1967,DIVISION ST,41.753545,-87.631934,01/19/2021 09:23:00 PM,2021
CR00006061,08/01/2019 03:34:00 PM,20,CLEAR,DARKNESS - LIGHTED ROAD,SIDESWIPE SAME DIRECTION,ONE-WAY,UNKNOWN,FOLLOWING TOO CLOSELY,FAILING TO REDUCE SPEED,0,0,0,0,15,5,8,2167,LAKE SHORE DR,41.863584,-87.765693,08/01/2019 04:00:00 PM,2019
CR00006062,01/31/2023 09:07:00 AM,30,CLEAR,DAYLIGHT,SIDESWIPE SAME DIRECTION,DIVIDED - W/MEDIAN BARRIER,TRAFFIC SIGNAL,DISREGARDING TRAFFIC SIGNALS,DRIVING SKILLS/KNOWLEDGE/EXPERIENCE,0,0,0,0,9,3,1,200,BROADWAY,41.943362,-87.577406,01/31/2023 09:20:00 AM,2023
CR00006063,12/16/2015 03:19:00 PM,35,RAIN,DAYLIGHT,ANGLE,NOT DIVIDED,TRAFFIC SIGNAL,UNABLE TO DETERMINE,NOT APPLICABLE,0,0,0,0,15,4,12,1265,STATE ST,41.854333,-87.592137,12/16/2015 05:00:00 PM,2015
CR00006064,11/27/2021 05:33:00 PM,30,CLEAR,DUSK,TURNING,DIVIDED - W/MEDIAN (NOT RAISED),STOP SIGN/FLASHER,FAILING TO REDUCE SPEED,NOT APPLICABLE,0,0,0,0,17,7,11,1608,MILWAUKEE AVE,41.963022,-87.687745,11/27/2021 06:19:00 PM,2021
CR00006065,05/20/2019 12:54:00 AM,40,RAIN,DUSK,REAR END,DIVIDED - W/MEDIAN (NOT RAISED),NO CONTROLS,FAILING TO YIELD RIGHT-OF-WAY,NOT APPLICABLE,0,0,0,0,0,2,5,2493,ASHLAND AVE,41.876099,-87.787856,05/20/2019 01:20:00 AM,2019
CR00006066,09/21/2024 08:45:00 AM,20,CLOUDY/OVERCAST,DARKNESS - LIGHTED ROAD,REAR END,FOUR WAY,NO CONTROLS,DRIVING SKILLS/KNOWLEDGE/EXPERIENCE,FOLLOWING TOO CLOSELY,0,0,0,0,8,7,9,241,MICHIGAN AVE,41.977276,-87.704322,09/21/2024 09:14:00 AM,2024
CR00006067,11/12/2017 10:05:00 PM,15,CLEAR,DAYLIGHT,REAR END,DIVIDED - W/MEDIAN (NOT RAISED),NO CONTROLS,FOLLOWING TOO CLOSELY,UNABLE TO DETERMINE,0,0,0,0,22,1,11,1595,47TH ST,41.798533,-87.837175,11/12/2017 11:41:00 PM,2017
CR00006068,12/19/2022 08:35:00 PM,15,CLEAR,DARKNESS - LIGHTED ROAD,ANGLE,T-INTERSECTION,TRAFFIC SIGNAL,UNABLE TO DETERMINE,UNABLE TO DETERMINE,0,0,0,0,20,2,12,815,DIVISION ST,41.75455,-87.546217,12/19/2022 10:32:00 PM,2022
CR00006069,07/26/2021 05:06:00 AM,40,CLOUDY/OVERCAST,DAYLIGHT,REAR END,DIVIDED - W/MEDIAN (NOT RAISED),STOP SIGN/FLASHER,DRIVING SKILLS/KNOWLEDGE/EXPERIENCE,UNABLE TO DETERMINE,0,0,1,1,5,2,7,2115,MICHIGAN AVE,41.988906,-87.573147,07/26/2021 06:24:00 AM,2021
CR00006070,02/19/2018 08:23:00 PM,45,RAIN,DARKNESS - LIGHTED ROAD,ANGLE,T-INTERSECTION,UNKNOWN,DISREGARDING TRAFFIC SIGNALS,IMPROPER LANE USAGE,0,0,0,0,20,2,2,828,63RD ST,41.989315,-87.666828,02/19/2018 09:09:00 PM,2018
CR00006071,08/26/2015 04:22:00 PM,30,CLEAR,DAYLIGHT,PARKED MOTOR VEHICLE,NOT DIVIDED,TRAFFIC SIGNAL,FOLLOWING TOO CLOSELY,NOT APPLICABLE,0,0,0,0,16,4,8,281,LAKE SHORE DR,41.754234,-87.583637,08/26/2015 05:03:00 PM,2015
CR00006072,01/27/2023 11:15:00 PM,35,RAIN,DAYLIGHT,REAR END,NOT DIVIDED,UNKNOWN,DISREGARDING TRAFFIC SIGNALS,UNABLE TO DETERMINE,0,0,0,0,23,6,1,1529,KEDZIE AVE,41.878194,-87.644449,01/27/2023 11:57:00 PM,2023
CR00006073,07/17/2020 01:41:00 PM,40,CLEAR,DARKNESS,SIDESWIPE SAME DIRECTION,NOT DIVIDED,NO CONTROLS,FAILING TO REDUCE SPEED,FOLLOWING TOO CLOSELY,0,0,0,0,13,6,7,637,WESTERN AVE,41.854768,-87.667193,07/17/2020 03:36:00 PM,2020
CR00006074,05/24/2022 02:05:00 PM,40,CLOUDY/OVERCAST,DAYLIGHT,PARKED MOTOR VEHICLE,T-INTERSECTION,TRAFFIC SIGNAL,FAILING TO YIELD RIGHT-OF-WAY,FAILING TO REDUCE SPEED,0,0,1,1,14,3,5,2138,BROADWAY,41.825672,-87.772347,05/24/2022 02:18:00 PM,2022
CR00006075,03/21/2022 10:18:00 AM,30,CLEAR,DAYLIGHT,FIXED OBJECT,ONE-WAY,NO CONTROLS,UNABLE TO DETERMINE,NOT APPLICABLE,0,0,0,0,10,2,3,882,HALSTED ST,41.898908,-87.798853,03/21/2022 11:32:00 AM,2022
CR00006076,02/28/2021 05:15:00 PM,40,CLEAR,DAYLIGHT,TURNING,ONE-WAY,NO CONTROLS,FOLLOWING TOO CLOSELY,UNABLE TO DETERMINE,0,0,0,0,17,1,2,1768,KEDZIE AVE,41.909283,-87.741292,02/28/2021 06:53:00 PM,2021
CR00006077,11/04/2024 02:08:00 PM,20,CLOUDY/OVERCAST,DAYLIGHT,PARKED MOTOR VEHICLE,NOT DIVIDED,UNKNOWN,DRIVING SKILLS/KNOWLEDGE/EXPERIENCE,UNABLE TO DETERMINE,0,0,0,0,14,2,11,841,STATE ST,41.898849,-87.698719,11/04/2024 03:46:00 PM,2024
CR00006078,08/08/2021 02:15:00 PM,20,CLEAR,DARKNESS - LIGHTED ROAD,PARKED MOTOR VEHICLE,NOT DIVIDED,TRAFFIC SIGNAL,FOLLOWING TOO CLOSELY,FAILING TO YIELD RIGHT-OF-WAY,0,0,0,0,14,1,8,1294,CICERO AVE,41.810037,-87.717914,08/08/2021 03:12:00 PM,2021
CR00006079,09/19/2017 08:02:00 AM,30,CLEAR,DAYLIGHT,REAR END,NOT DIVIDED,YIELD,FOLLOWING TOO CLOSELY,DRIVING SKILLS/KNOWLEDGE/EXPERIENCE,0,0,0,0,8,3,9,2505,ROOSEVELT RD,41.810721,-87.826394,09/19/2017 09:26:00 AM,2017
CR00006080,09/20/2021 07:07:00 PM,30,CLEAR,DUSK,PARKED MOTOR VEHICLE,DIVIDED - W/MEDIAN BARRIER,NO CONTROLS,FOLLOWING TOO CLOSELY,IMPROPER LANE USAGE,0,0,0,0,19,2,9,1212,CICERO AVE,41.939436,-87.568193,09/20/2021 08:49:00 PM,2021
CR00006081,10/13/2018 07:24:00 PM,35,CLEAR,DAYLIGHT,ANGLE,NOT DIVIDED,TRAFFIC SIGNAL,UNABLE TO DETERMINE,NOT APPLICABLE,0,0,0,0,19,7,10,2183,CALIFORNIA AVE,41.968164,-87.548113,10/13/2018 09:10:00 PM,2018
CR00006082,10/09/2018 02:20:00 PM,20,CLEAR,DAYLIGHT,PARKED MOTOR VEHICLE,NOT DIVIDED,STOP SIGN/FLASHER,DISTRACTION - FROM INSIDE VEHICLE,FAILING TO REDUCE SPEED,0,0,0,0,14,3,10,2462,WESTERN AVE,41.736296,-87.562007,10/09/2018 03:33:00 PM,2018
CR00006083,04/28/2018 07:02:00 PM,20,RAIN,DAWN,ANGLE,DIVIDED - W/MEDIAN (NOT RAISED),NO CONTROLS,UNABLE TO DETERMINE,DRIVING SKILLS/KNOWLEDGE/EXPERIENCE,0,0,0,0,19,7,4,2379,63RD ST,41.843655,-87.51429,04/28/2018 07:42:00 PM,2018
CR00006084,02/18/2020 08:15:00 AM,40,CLOUDY/OVERCAST,DAYLIGHT,TURNING,NOT DIVIDED,TRAFFIC SIGNAL,FAILING TO YIELD RIGHT-OF-WAY,IMPROPER OVERTAKING/PASSING,0,0,0,0,8,3,2,2042,CALIFORNIA AVE,41.833332,-87.72767,02/18/2020 09:34:00 AM,2020
CR00006085,06/21/2022 02:35:00 PM,40,CLOUDY/OVERCAST,DAYLIGHT,TURNING,NOT DIVIDED,NO CONTROLS,FAILING TO REDUCE SPEED,IMPROPER OVERTAKING/PASSING,0,0,0,0,14,3,6,707,BROADWAY,41.758964,-87.824714,06/21/2022 04:10:00 PM,2022
CR00006086,07/18/2018 02:43:00 PM,30,CLEAR,DAYLIGHT,TURNING,T-INTERSECTION,TRAFFIC SIGNAL,FAILING TO YIELD RIGHT-OF-WAY,NOT APPLICABLE,0,0,0,0,14,4,7,362,MILWAUKEE AVE,41.835496,-87.547871,07/18/2018 02:51:00 PM,2018
CR00006087,10/11/2015 03:43:00 PM,30,CLEAR,DAYLIGHT,REAR END,NOT DIVIDED,NO CONTROLS,UNABLE TO DETERMINE,IMPROPER OVERTAKING/PASSING,0,0,0,0,15,1,10,650,CICERO AVE,41.916456,-87.696109,10/11/2015 04:12:00 PM,2015
CR00006088,11/30/2021 05:33:00 PM,30,CLEAR,DAYLIGHT,REAR TO FRONT,NOT DIVIDED,STOP SIGN/FLASHER,FAILING TO REDUCE SPEED,UNABLE TO DETERMINE,0,1,1,2,17,3,11,1898,ASHLAND AVE,41.745584,-87.803729,11/30/2021 05:52:00 PM,2021
CR00006089,12/15/2016 07:46:00 AM,15,CLEAR,DARKNESS - LIGHTED ROAD,REAR END,NOT DIVIDED,NO CONTROLS,FOLLOWING TOO CLOSELY,NOT APPLICABLE,0,0,0,0,7,5,12,2339,79TH ST,41.747133,-87.731597,12/15/2016 09:12:00 AM,2016
CR00006090,01/26/2018 09:56:00 AM,35,CLEAR,DARKNESS - LIGHTED ROAD,ANGLE,ONE-WAY,TRAFFIC SIGNAL,UNABLE TO DETERMINE,FAILING TO YIELD RIGHT-OF-WAY,0,0,0,0,9,6,1,1483,STATE ST,41.718075,-87.73128,01/26/2018 10:22:00 AM,2018
CR00006091,12/07/2023 03:00:00 PM,25,RAIN,DARKNESS - LIGHTED ROAD,SIDESWIPE SAME DIRECTION,NOT DIVIDED,STOP SIGN/FLASHER,UNABLE TO DETERMINE,UNABLE TO DETERMINE,0,0,0,0,15,5,12,2441,47TH ST,41.840467,-87.787078,12/07/2023 03:43:00 PM,2023
CR00006092,05/22/2021 03:44:00 PM,25,CLEAR,DAYLIGHT,REAR END,DIVIDED - W/MEDIAN BARRIER,NO CONTROLS,DRIVING SKILLS/KNOWLEDGE/EXPERIENCE,NOT APPLICABLE,0,0,0,0,15,7,5,849,IRVING PARK RD,41.759742,-87.557477,05/22/2021 05:26:00 PM,2021
CR00006093,10/15/2023 08:15:00 AM,20,FOG/SMOKE/HAZE,DAYLIGHT,REAR END,DIVIDED - W/MEDIAN (NOT RAISED),STOP SIGN/FLASHER,FOLLOWING TOO CLOSELY,FAILING TO YIELD RIGHT-OF-WAY,0,0,0,0,8,1,10,1683,PULASKI RD,41.714615,-87.673128,10/15/2023 09:47:00 AM,2023
CR00006094,07/29/2021 03:02:00 PM,30,SNOW,DAWN,ANGLE,NOT DIVIDED,TRAFFIC SIGNAL,DISTRACTION - FROM INSIDE VEHICLE,NOT APPLICABLE,0,0,0,0,15,5,7,351,CLARK ST,41.832354,-87.622083,07/29/2021 03:11:00 PM,2021
CR00006095,08/11/2015 08:52:00 AM,30,CLEAR,DARKNESS,REAR END,FOUR WAY,UNKNOWN,FAILING TO YIELD RIGHT-OF-WAY,NOT APPLICABLE,0,0,1,1,8,3,8,1607,MICHIGAN AVE,41.702761,-87.552712,08/11/2015 08:59:00 AM,2015
CR00006096,04/13/2019 05:14:00 PM,30,CLEAR,DAYLIGHT,SIDESWIPE SAME DIRECTION,ONE-WAY,UNKNOWN,DRIVING SKILLS/KNOWLEDGE/EXPERIENCE,FOLLOWING TOO CLOSELY,0,0,0,0,17,7,4,1946,CALIFORNIA AVE,41.98591,-87.570704,04/13/2019 06:14:00 PM,2019
CR00006097,06/10/2016 05:26:00 PM,15,CLEAR,DAYLIGHT,TURNING,ONE-WAY,STOP SIGN/FLASHER,DISTRACTION - FROM INSIDE VEHICLE,IMPROPER LANE USAGE,0,0,0,0,17,6,6,212,BROADWAY,41.761247,-87.783965,06/10/2016 06:15:00 PM,2016
CR00006098,12/01/2019 05:54:00 PM,30,CLEAR,DARKNESS - LIGHTED ROAD,REAR END,NOT DIVIDED,TRAFFIC SIGNAL,FOLLOWING TOO CLOSELY,FOLLOWING TOO CLOSELY,0,0,0,0,17,1,12,654,ASHLAND AVE,41.766186,-87.814538,12/01/2019 06:53:00 PM,2019