CRASH_RECORD_ID,CRASH_DATE,POSTED_SPEED_LIMIT,WEATHER_CONDITION,LIGHTING_CONDITION,FIRST_CRASH_TYPE,TRAFFICWAY_TYPE,TRAFFIC_CONTROL_DEVICE,PRIM_CONTRIBUTORY_CAUSE,SEC_CONTRIBUTORY_CAUSE,INJURIES_FATAL,INJURIES_INCAPACITATING,INJURIES_NON_INCAPACITATING,INJURIES_TOTAL,CRASH_HOUR,CRASH_DAY_OF_WEEK,CRASH_MONTH,BEAT_OF_OCCURRENCE,STREET_NAME,LATITUDE,LONGITUDE,DATE_POLICE_NOTIFIED,year
CR00006099,11/14/2019 08:08:00 AM,35,CLEAR,DUSK,SIDESWIPE SAME DIRECTION,ONE-WAY,NO CONTROLS,UNABLE TO DETERMINE,UNABLE TO DETERMINE,0,0,1,1,8,5,11,1237,CICERO AVE,41.937972,-87.516462,11/14/2019 09:16:00 AM,2019
CR00006100,10/28/2020 06:10:00 AM,40,CLEAR,DAYLIGHT,TURNING,NOT DIVIDED,TRAFFIC SIGNAL,UNABLE TO DETERMINE,FAILING TO YIELD RIGHT-OF-WAY,0,0,0,0,6,4,10,392,KEDZIE AVE,41.910145,-87.603369,10/28/2020 07:48:00 AM,2020
CR00006101,06/09/2022 03:06:00 PM,35,CLEAR,DAYLIGHT,REAR END,NOT DIVIDED,STOP SIGN/FLASHER,UNABLE TO DETERMINE,FAILING TO REDUCE SPEED,0,0,3,3,15,5,6,2498,MICHIGAN AVE,41.939636,-87.717069,06/09/2022 04:54:00 PM,2022
CR00006102,03/24/2017 05:47:00 PM,35,CLEAR,DAYLIGHT,ANGLE,NOT DIVIDED,NO CONTROLS,FAILING TO YIELD RIGHT-OF-WAY,IMPROPER LANE USAGE,0,0,0,0,17,6,3,1618,DAMEN AVE,41.703184,-87.526084,03/24/2017 07:08:00 PM,2017
CR00006103,11/05/2024 07:35:00 AM,45,CLEAR,DAYLIGHT,ANGLE,FOUR WAY,NO CONTROLS,UNABLE TO DETERMINE,DISTRACTION - FROM INSIDE VEHICLE,0,0,0,0,7,3,11,476,WESTERN AVE,41.898101,-87.820657,11/05/2024 08:27:00 AM,2024
CR00006104,02/15/2015 09:51:00 AM,35,CLEAR,DAYLIGHT,ANGLE,DIVIDED - W/MEDIAN (NOT RAISED),STOP SIGN/FLASHER,IMPROPER LANE USAGE,WEATHER,0,0,3,3,9,1,2,1944,IRVING PARK RD,41.712184,-87.660197,02/15/2015 11:51:00 AM,2015
CR00006105,09/05/2022 05:57:00 PM,40,RAIN,DUSK,REAR END,DIVIDED - W/MEDIAN (NOT RAISED),TRAFFIC SIGNAL,IMPROPER OVERTAKING/PASSING,FOLLOWING TOO CLOSELY,0,0,0,0,17,2,9,2217,MILWAUKEE AVE,41.923151,-87.825342,09/05/2022 06:42:00 PM,2022
CR00006106,09/30/2020 01:33:00 PM,25,CLEAR,DARKNESS - LIGHTED ROAD,SIDESWIPE SAME DIRECTION,NOT DIVIDED,NO CONTROLS,UNABLE TO DETERMINE,DRIVING SKILLS/KNOWLEDGE/EXPERIENCE,0,0,0,0,13,4,9,2016,47TH ST,41.965643,-87.60491,09/30/2020 02:57:00 PM,2020
CR00006107,09/27/2024 07:58:00 AM,45,CLEAR,DARKNESS - LIGHTED ROAD,PARKED MOTOR VEHICLE,DIVIDED - W/MEDIAN BARRIER,NO CONTROLS,UNABLE TO DETERMINE,IMPROPER LANE USAGE,0,0,0,0,7,6,9,1825,ROOSEVELT RD,41.926429,-87.584538,09/27/2024 08:17:00 AM,2024
CR00006108,10/02/2023 03:45:00 PM,30,CLEAR,DAYLIGHT,PARKED MOTOR VEHICLE,DIVIDED - W/MEDIAN (NOT RAISED),NO CONTROLS,DRIVING SKILLS/KNOWLEDGE/EXPERIENCE,DRIVING SKILLS/KNOWLEDGE/EXPERIENCE,0,0,0,0,15,2,10,1951,ROOSEVELT RD,41.963371,-87.816238,10/02/2023 05:41:00 PM,2023
CR00006109,12/17/2016 02:24:00 AM,40,CLEAR,DAYLIGHT,ANGLE,T-INTERSECTION,NO CONTROLS,DRIVING SKILLS/KNOWLEDGE/EXPERIENCE,UNABLE TO DETERMINE,0,0,0,0,2,7,12,1726,63RD ST,41.96348,-87.619124,12/17/2016 02:50:00 AM,2016
CR00006110,08/11/2021 05:23:00 PM,15,CLEAR,DARKNESS - LIGHTED ROAD,REAR END,NOT DIVIDED,NO CONTROLS,UNABLE TO DETERMINE,NOT APPLICABLE,0,0,0,0,17,4,8,2407,HALSTED ST,41.87428,-87.843205,08/11/2021 05:33:00 PM,2021
CR00006111,11/19/2017 05:59:00 PM,45,CLEAR,DAYLIGHT,ANGLE,ONE-WAY,TRAFFIC SIGNAL,IMPROPER LANE USAGE,IMPROPER LANE USAGE,0,0,0,0,17,1,11,729,LAKE SHORE DR,41.924552,-87.780273,11/19/2017 06:21:00 PM,2017
CR00006112,05/26/2023 10:02:00 AM,45,SNOW,DAWN,REAR END,DIVIDED - W/MEDIAN (NOT RAISED),UNKNOWN,DISREGARDING TRAFFIC SIGNALS,NOT APPLICABLE,0,0,1,1,10,6,5,2277,STATE ST,41.769938,-87.665448,05/26/2023 11:49:00 AM,2023
CR00006113,02/24/2024 02:03:00 AM,30,CLEAR,DAYLIGHT,SIDESWIPE SAME DIRECTION,NOT DIVIDED,NO CONTROLS,IMPROPER LANE USAGE,IMPROPER LANE USAGE,0,0,0,0,2,7,2,1355,FULLERTON AVE,41.727432,-87.715226,02/24/2024 03:17:00 AM,2024
CR00006114,07/22/2016 07:02:00 PM,15,CLEAR,DAYLIGHT,REAR END,NOT DIVIDED,TRAFFIC SIGNAL,IMPROPER LANE USAGE,IMPROPER LANE USAGE,0,0,0,0,19,6,7,1470,47TH ST,41.720197,-87.54662,07/22/2016 07:27:00 PM,2016
CR00006115,01/23/2016 04:42:00 PM,35,CLEAR,DAYLIGHT,PEDESTRIAN,ONE-WAY,NO CONTROLS,FAILING TO REDUCE SPEED,DRIVING SKILLS/KNOWLEDGE/EXPERIENCE,0,0,0,0,16,7,1,1304,DAMEN AVE,41.947231,-87.771391,01/23/2016 05:30:00 PM,2016
CR00006116,11/06/2022 06:18:00 PM,30,CLEAR,DAYLIGHT,TURNING,NOT DIVIDED,TRAFFIC SIGNAL,FOLLOWING TOO CLOSELY,UNABLE TO DETERMINE,0,0,1,1,18,1,11,1499,LAKE SHORE DR,41.826404,-87.643089,11/06/2022 06:19:00 PM,2022
CR00006117,06/11/2018 09:19:00 AM,30,CLEAR,DARKNESS - LIGHTED ROAD,REAR END,NOT DIVIDED,NO CONTROLS,IMPROPER LANE USAGE,IMPROPER LANE USAGE,0,0,0,0,9,2,6,1653,PULASKI RD,41.843927,-87.703358,06/11/2018 10:41:00 AM,2018
CR00006118,02/11/2018 09:11:00 AM,20,CLEAR,DUSK,REAR END,NOT DIVIDED,YIELD,UNABLE TO DETERMINE,IMPROPER OVERTAKING/PASSING,0,0,0,0,9,1,2,2451,DAMEN AVE,41.827075,-87.57191,02/11/2018 09:31:00 AM,2018
CR00006119,07/22/2023 11:01:00 AM,35,CLEAR,DARKNESS - LIGHTED ROAD,REAR END,FOUR WAY,TRAFFIC SIGNAL,DRIVING SKILLS/KNOWLEDGE/EXPERIENCE,UNABLE TO DETERMINE,0,1,1,2,11,7,7,2083,DAMEN AVE,41.775139,-87.812409,07/22/2023 12:45:00 PM,2023
CR00006120,10/24/2021 04:06:00 PM,35,CLEAR,DAYLIGHT,TURNING,DIVIDED - W/MEDIAN (NOT RAISED),STOP SIGN/FLASHER,UNABLE TO DETERMINE,DISTRACTION - FROM INSIDE VEHICLE,0,1,1,2,16,1,10,1985,LAKE SHORE DR,41.743508,-87.620867,10/24/2021 05:42:00 PM,2021
CR00006121,07/03/2020 03:19:00 PM,35,RAIN,DAYLIGHT,REAR END,NOT DIVIDED,STOP SIGN/FLASHER,FAILING TO YIELD RIGHT-OF-WAY,NOT APPLICABLE,0,2,0,2,15,6,7,2053,STATE ST,41.829826,-87.622209,07/03/2020 04:29:00 PM,2020
CR00006122,06/17/2022 03:54:00 PM,45,CLEAR,DAYLIGHT,TURNING,T-INTERSECTION,TRAFFIC SIGNAL,IMPROPER LANE USAGE,IMPROPER LANE USAGE,0,0,2,2,15,6,6,1614,ARCHER AVE,41.744296,-87.522597,06/17/2022 04:54:00 PM,2022
CR00006123,12/11/2015 11:50:00 AM,45,CLEAR,DAYLIGHT,REAR END,NOT DIVIDED,TRAFFIC SIGNAL,FOLLOWING TOO CLOSELY,FOLLOWING TOO CLOSELY,0,0,0,0,11,6,12,1764,DAMEN AVE,41.77424,-87.525742,12/11/2015 01:01:00 PM,2015
CR00006124,12/27/2023 01:35:00 PM,30,CLEAR,DAYLIGHT,FIXED OBJECT,NOT DIVIDED,TRAFFIC SIGNAL,FOLLOWING TOO CLOSELY,FOLLOWING TOO CLOSELY,0,0,0,0,13,4,12,1620,CICERO AVE,41.702371,-87.655162,12/27/2023 02:55:00 PM,2023
CR00006125,09/03/2024 07:51:00 AM,30,CLEAR,DAYLIGHT,ANGLE,DIVIDED - W/MEDIAN BARRIER,TRAFFIC SIGNAL,UNABLE TO DETERMINE,UNABLE TO DETERMINE,0,0,0,0,7,3,9,1528,CALIFORNIA AVE,41.930319,-87.738664,09/03/2024 09:06:00 AM,2024
CR00006126,03/07/2015 04:57:00 PM,45,CLEAR,DAYLIGHT,TURNING,NOT DIVIDED,NO CONTROLS,UNABLE TO DETERMINE,DRIVING SKILLS/KNOWLEDGE/EXPERIENCE,0,0,0,0,16,7,3,1442,MILWAUKEE AVE,41.826333,-87.716311,03/07/2015 05:15:00 PM,2015
CR00006127,02/03/2018 05:18:00 PM,45,CLEAR,DARKNESS - LIGHTED ROAD,SIDESWIPE SAME DIRECTION,T-INTERSECTION,TRAFFIC SIGNAL,IMPROPER LANE USAGE,UNABLE TO DETERMINE,0,0,0,0,17,7,2,2380,OGDEN AVE,41.82348,-87.585498,02/03/2018 05:54:00 PM,2018
CR00006128,12/31/2024 03:47:00 PM,30,RAIN,DAYLIGHT,TURNING,ONE-WAY,TRAFFIC SIGNAL,UNABLE TO DETERMINE,DISREGARDING TRAFFIC SIGNALS,0,0,3,3,15,3,12,1598,CALIFORNIA AVE,41.864393,-87.778896,12/31/2024 05:24:00 PM,2024
CR00006129,11/16/2022 01:47:00 PM,30,RAIN,DAYLIGHT,TURNING,T-INTERSECTION,NO CONTROLS,FAILING TO REDUCE SPEED,UNABLE TO DETERMINE,0,0,0,0,13,4,11,1478,ROOSEVELT RD,41.743273,-87.653621,11/16/2022 03:03:00 PM,2022
CR00006130,12/24/2024 06:05:00 PM,40,RAIN,DAYLIGHT,ANGLE,NOT DIVIDED,UNKNOWN,FAILING TO YIELD RIGHT-OF-WAY,NOT APPLICABLE,0,0,2,2,18,3,12,1965,BROADWAY,41.935429,-87.686094,12/24/2024 07:08:00 PM,2024
CR00006131,09/08/2019 06:29:00 AM,30,CLOUDY/OVERCAST,DAYLIGHT,PARKED MOTOR VEHICLE,NOT DIVIDED,STOP SIGN/FLASHER,UNABLE TO DETERMINE,UNABLE TO DETERMINE,0,0,0,0,6,1,9,303,WESTERN AVE,41.718221,-87.626995,09/08/2019 06:51:00 AM,2019
CR00006132,01/08/2016 08:49:00 PM,15,CLEAR,DARKNESS - LIGHTED ROAD,REAR END,NOT DIVIDED,TRAFFIC SIGNAL,UNABLE TO DETERMINE,NOT APPLICABLE,0,1,1,2,20,6,1,632,CLARK ST,41.784691,-87.746011,01/08/2016 09:29:00 PM,2016
CR00006133,02/21/2020 07:19:00 AM,45,CLEAR,DARKNESS,FIXED OBJECT,NOT DIVIDED,TRAFFIC SIGNAL,DISTRACTION - FROM INSIDE VEHICLE,DRIVING SKILLS/KNOWLEDGE/EXPERIENCE,0,0,0,0,7,6,2,353,ELSTON AVE,41.791046,-87.831332,02/21/2020 08:11:00 AM,2020
CR00006134,08/06/2016 09:12:00 PM,30,RAIN,DAYLIGHT,TURNING,DIVIDED - W/MEDIAN (NOT RAISED),TRAFFIC SIGNAL,FOLLOWING TOO CLOSELY,NOT APPLICABLE,0,0,3,3,21,7,8,805,HALSTED ST,41.75182,-87.674082,08/06/2016 10:03:00 PM,2016
CR00006135,05/22/2019 12:54:00 AM,30,RAIN,DAYLIGHT,FIXED OBJECT,NOT DIVIDED,NO CONTROLS,DISTRACTION - FROM INSIDE VEHICLE,NOT APPLICABLE,0,0,0,0,0,4,5,477,FULLERTON AVE,41.734466,-87.544149,05/22/2019 02:38:00 AM,2019
CR00006136,01/17/2015 03:02:00 PM,15,CLEAR,DAYLIGHT,TURNING,ONE-WAY,NO CONTROLS,DRIVING SKILLS/KNOWLEDGE/EXPERIENCE,NOT APPLICABLE,0,0,3,3,15,7,1,2241,OGDEN AVE,41.91968,-87.745344,01/17/2015 04:41:00 PM,2015
CR00006137,06/16/2016 12:32:00 PM,35,CLEAR,DAYLIGHT,REAR TO FRONT,ONE-WAY,NO CONTROLS,DISTRACTION - FROM INSIDE VEHICLE,UNABLE TO DETERMINE,0,0,1,1,12,5,6,1232,ASHLAND AVE,41.926472,-87.619043,06/16/2016 12:56:00 PM,2016
CR00006138,10/27/2019 03:36:00 PM,35,CLEAR,DAYLIGHT,SIDESWIPE SAME DIRECTION,NOT DIVIDED,TRAFFIC SIGNAL,FOLLOWING TOO CLOSELY,UNABLE TO DETERMINE,0,0,0,0,15,1,10,1447,ARCHER AVE,41.930131,-87.708849,10/27/2019 05:31:00 PM,2019
CR00006139,07/20/2016 04:29:00 PM,35,CLEAR,DARKNESS - LIGHTED ROAD,PARKED MOTOR VEHICLE,NOT DIVIDED,NO CONTROLS,UNABLE TO DETERMINE,UNABLE TO DETERMINE,0,0,0,0,16,4,7,1651,ELSTON AVE,41.739473,-87.713039,07/20/2016 05:30:00 PM,2016
CR00006140,09/02/2016 04:50:00 PM,45,CLEAR,DAYLIGHT,ANGLE,FOUR WAY,STOP SIGN/FLASHER,FOLLOWING TOO CLOSELY,IMPROPER OVERTAKING/PASSING,0,0,0,0,16,6,9,744,PULASKI RD,41.859112,-87.576239,09/02/2016 06:01:00 PM,2016
CR00006141,11/06/2018 07:37:00 AM,40,CLEAR,DAYLIGHT,PARKED MOTOR VEHICLE,NOT DIVIDED,TRAFFIC SIGNAL,IMPROPER OVERTAKING/PASSING,FAILING TO REDUCE SPEED,0,0,0,0,7,3,11,1730,FULLERTON AVE,41.848294,-87.726762,11/06/2018 07:42:00 AM,2018
CR00006142,11/16/2023 10:40:00 PM,25,CLEAR,DARKNESS - LIGHTED ROAD,REAR END,FOUR WAY,STOP SIGN/FLASHER,FAILING TO REDUCE SPEED,NOT APPLICABLE,0,0,0,0,22,5,11,2323,ROOSEVELT RD,41.938786,-87.78415,11/16/2023 10:54:00 PM,2023
CR00006143,08/13/2024 12:51:00 PM,15,CLEAR,DAYLIGHT,REAR END,ONE-WAY,TRAFFIC SIGNAL,UNABLE TO DETERMINE,FOLLOWING TOO CLOSELY,0,1,2,3,12,3,8,1835,STATE ST,41.859078,-87.652759,08/13/2024 01:55:00 PM,2024
CR00006144,05/29/2016 08:04:00 AM,35,CLEAR,DAWN,SIDESWIPE SAME DIRECTION,DIVIDED - W/MEDIAN (NOT RAISED),STOP SIGN/FLASHER,DISREGARDING TRAFFIC SIGNALS,UNABLE TO DETERMINE,0,0,1,1,8,1,5,139,63RD ST,41.906263,-87.807218,05/29/2016 09:51:00 AM,2016
CR00006145,06/28/2022 04:53:00 PM,35,CLEAR,DAYLIGHT,SIDESWIPE SAME DIRECTION,ONE-WAY,NO CONTROLS,UNABLE TO DETERMINE,FOLLOWING TOO CLOSELY,0,0,0,0,16,3,6,244,MILWAUKEE AVE,41.905732,-87.66762,06/28/2022 04:57:00 PM,2022
CR00006146,05/19/2020 06:49:00 PM,30,CLEAR,DAYLIGHT,ANGLE,DIVIDED - W/MEDIAN (NOT RAISED),NO CONTROLS,FAILING TO YIELD RIGHT-OF-WAY,UNABLE TO DETERMINE,0,0,2,2,18,3,5,1715,47TH ST,41.865357,-87.608317,05/19/2020 08:26:00 PM,2020
CR00006147,09/27/2015 05:40:00 PM,30,CLEAR,DARKNESS - LIGHTED ROAD,FIXED OBJECT,DIVIDED - W/MEDIAN (NOT RAISED),TRAFFIC SIGNAL,UNABLE TO DETERMINE,UNABLE TO DETERMINE,0,0,0,0,17,1,9,103,DIVISION ST,41.960973,-87.619766,09/27/2015 07:31:00 PM,2015
CR00006148,04/24/2020 10:26:00 AM,20,CLEAR,DAYLIGHT,REAR END,DIVIDED - W/MEDIAN (NOT RAISED),NO CONTROLS,FOLLOWING TOO CLOSELY,UNABLE TO DETERMINE,0,0,1,1,10,6,4,972,CLARK ST,41.862354,-87.535086,04/24/2020 10:37:00 AM,2020
CR00006149,11/25/2022 11:38:00 PM,30,CLEAR,DAYLIGHT,SIDESWIPE SAME DIRECTION,ONE-WAY,UNKNOWN,FOLLOWING TOO CLOSELY,IMPROPER LANE USAGE,0,0,0,0,23,6,11,2391,DAMEN AVE,41.798332,-87.644124,11/25/2022 11:58:00 PM,2022
CR00006150,09/05/2024 09:16:00 PM,15,CLOUDY/OVERCAST,DARKNESS - LIGHTED ROAD,REAR TO FRONT,DIVIDED - W/MEDIAN BARRIER,TRAFFIC SIGNAL,DISTRACTION - FROM INSIDE VEHICLE,UNABLE TO DETERMINE,0,0,0,0,21,5,9,731,ELSTON AVE,41.969094,-87.749831,09/05/2024 11:09:00 PM,2024
CR00006151,11/09/2016 10:32:00 AM,30,CLEAR,DAYLIGHT,PARKED MOTOR VEHICLE,FOUR WAY,TRAFFIC SIGNAL,DISTRACTION - FROM INSIDE VEHICLE,UNABLE TO DETERMINE,0,0,0,0,10,4,11,1383,DIVISION ST,41.890804,-87.538448,11/09/2016 10:51:00 AM,2016
CR00006152,12/30/2021 11:41:00 AM,15,CLEAR,DARKNESS - LIGHTED ROAD,PEDESTRIAN,NOT DIVIDED,YIELD,UNABLE TO DETERMINE,UNABLE TO DETERMINE,0,0,0,0,11,5,12,119,BROADWAY,41.72891,-87.583524,12/30/2021 01:12:00 PM,2021
CR00006153,04/25/2020 05:18:00 PM,20,CLEAR,DAYLIGHT,FIXED OBJECT,NOT DIVIDED,NO CONTROLS,DISREGARDING TRAFFIC SIGNALS,UNABLE TO DETERMINE,0,0,0,0,17,7,4,1883,63RD ST,41.980483,-87.816522,04/25/2020 06:37:00 PM,2020
CR00006154,05/02/2023 07:53:00 AM,30,CLOUDY/OVERCAST,DAYLIGHT,SIDESWIPE SAME DIRECTION,NOT DIVIDED,STOP SIGN/FLASHER,FAILING TO REDUCE SPEED,IMPROPER LANE USAGE,0,0,0,0,7,3,5,121,79TH ST,41.961196,-87.833578,05/02/2023 08:38:00 AM,2023
CR00006155,11/16/2022 07:14:00 PM,35,CLEAR,DUSK,REAR TO FRONT,FOUR WAY,TRAFFIC SIGNAL,DISREGARDING TRAFFIC SIGNALS,NOT APPLICABLE,0,0,0,0,19,4,11,255,CLARK ST,41.896598,-87.518221,11/16/2022 08:41:00 PM,2022
CR00006156,11/10/2021 07:11:00 AM,35,CLEAR,DARKNESS - LIGHTED ROAD,REAR END,NOT DIVIDED,STOP SIGN/FLASHER,DISTRACTION - FROM INSIDE VEHICLE,DISTRACTION - FROM INSIDE VEHICLE,0,0,0,0,7,4,11,2405,FULLERTON AVE,41.955864,-87.524291,11/10/2021 07:54:00 AM,2021
CR00006157,05/22/2020 06:22:00 PM,45,CLEAR,DAYLIGHT,TURNING,NOT DIVIDED,STOP SIGN/FLASHER,FAILING TO YIELD RIGHT-OF-WAY,UNABLE TO DETERMINE,0,0,2,2,18,6,5,638,47TH ST,41.860158,-87.776228,05/22/2020 07:42:00 PM,2020
CR00006158,05/10/2016 07:01:00 AM,30,CLEAR,DARKNESS - LIGHTED ROAD,ANGLE,NOT DIVIDED,TRAFFIC SIGNAL,UNABLE TO DETERMINE,UNABLE TO DETERMINE,0,0,0,0,7,3,5,1337,KEDZIE AVE,41.822014,-87.574619,05/10/2016 08:31:00 AM,2016
CR00006159,01/16/2015 12:40:00 PM,30,CLEAR,DAYLIGHT,FIXED OBJECT,NOT DIVIDED,UNKNOWN,FOLLOWING TOO CLOSELY,NOT APPLICABLE,0,0,1,1,12,6,1,235,KEDZIE AVE,41.777513,-87.738532,01/16/2015 02:29:00 PM,2015
CR00006160,10/09/2019 01:07:00 AM,35,CLEAR,DAYLIGHT,REAR END,DIVIDED - W/MEDIAN BARRIER,NO CONTROLS,UNABLE TO DETERMINE,UNABLE TO DETERMINE,0,0,1,1,1,4,10,1749,MICHIGAN AVE,41.837433,-87.640696,10/09/2019 01:21:00 AM,2019
CR00006161,02/18/2024 06:20:00 PM,30,CLEAR,DAYLIGHT,ANGLE,FOUR WAY,NO CONTROLS,UNABLE TO DETERMINE,UNABLE TO DETERMINE,0,0,0,0,18,1,2,1744,HALSTED ST,41.864681,-87.659704,02/18/2024 07:36:00 PM,2024
CR00006162,11/26/2023 05:04:00 PM,40,CLEAR,DAYLIGHT,SIDESWIPE SAME DIRECTION,ONE-WAY,TRAFFIC SIGNAL,DRIVING SKILLS/KNOWLEDGE/EXPERIENCE,UNABLE TO DETERMINE,0,0,0,0,17,1,11,1550,WESTERN AVE,41.965343,-87.681756,11/26/2023 05:10:00 PM,2023
CR00006163,02/21/2021 08:43:00 AM,35,CLEAR,DAYLIGHT,TURNING,DIVIDED - W/MEDIAN (NOT RAISED),NO CONTROLS,UNABLE TO DETERMINE,UNABLE TO DETERMINE,0,0,0,0,8,1,2,1120,79TH ST,41.932292,-87.833468,02/21/2021 10:32:00 AM,2021
CR00006164,04/14/2021 05:24:00 AM,25,CLEAR,DAYLIGHT,REAR END,NOT DIVIDED,TRAFFIC SIGNAL,FOLLOWING TOO CLOSELY,NOT APPLICABLE,0,0,0,0,5,4,4,2432,ARCHER AVE,41.707845,-87.800474,04/14/2021 05:36:00 AM,2021
CR00006165,09/16/2019 03:32:00 PM,35,CLEAR,DAYLIGHT,REAR END,NOT DIVIDED,TRAFFIC SIGNAL,UNABLE TO DETERMINE,FOLLOWING TOO CLOSELY,0,0,2,2,15,2,9,2485,LAKE SHORE DR,41.958483,-87.515262,09/16/2019 04:05:00 PM,2019
CR00006166,07/22/2021 03:36:00 PM,30,SNOW,DAYLIGHT,REAR END,DIVIDED - W/MEDIAN (NOT RAISED),TRAFFIC SIGNAL,UNABLE TO DETERMINE,DRIVING SKILLS/KNOWLEDGE/EXPERIENCE,0,0,0,0,15,5,7,638,MICHIGAN AVE,41.93616,-87.804032,07/22/2021 03:44:00 PM,2021
CR00006167,05/11/2019 12:33:00 AM,30,RAIN,DAYLIGHT,PARKED MOTOR VEHICLE,FOUR WAY,TRAFFIC SIGNAL,FAILING TO YIELD RIGHT-OF-WAY,UNABLE TO DETERMINE,0,0,0,0,0,7,5,2066,47TH ST,41.80117,-87.789983,05/11/2019 02:26:00 AM,2019
CR00006168,05/19/2020 08:45:00 PM,25,CLEAR,DARKNESS,REAR END,NOT DIVIDED,PEDESTRIAN CROSSING SIGN,UNABLE TO DETERMINE,NOT APPLICABLE,0,0,3,3,20,3,5,882,CICERO AVE,41.930379,-87.569661,05/19/2020 10:23:00 PM,2020
CR00006169,07/27/2022 09:37:00 PM,30,CLOUDY/OVERCAST,DAYLIGHT,REAR END,NOT DIVIDED,TRAFFIC SIGNAL,UNABLE TO DETERMINE,IMPROPER OVERTAKING/PASSING,0,0,1,1,21,4,7,1326,FULLERTON AVE,41.741282,-87.828256,07/27/2022 10:58:00 PM,2022
CR00006170,03/26/2019 06:18:00 PM,20,CLEAR,DAYLIGHT,FIXED OBJECT,FOUR WAY,STOP SIGN/FLASHER,FAILING TO YIELD RIGHT-OF-WAY,UNABLE TO DETERMINE,0,0,2,2,18,3,3,1809,ASHLAND AVE,41.731403,-87.638928,03/26/2019 07:17:00 PM,2019
CR00006171,04/13/2022 03:10:00 PM,35,CLEAR,DAYLIGHT,PARKED MOTOR VEHICLE,NOT DIVIDED,NO CONTROLS,UNABLE TO DETERMINE,UNABLE TO DETERMINE,0,0,0,0,15,4,4,925,BROADWAY,41.701331,-87.7645,04/13/2022 03:43:00 PM,2022
CR00006172,02/09/2016 10:13:00 AM,35,CLEAR,DAYLIGHT,PARKED MOTOR VEHICLE,NOT DIVIDED,TRAFFIC SIGNAL,UNABLE TO DETERMINE,IMPROPER LANE USAGE,0,0,0,0,10,3,2,1626,47TH ST,41.795292,-87.533322,02/09/2016 11:22:00 AM,2016
CR00006173,05/20/2020 08:44:00 AM,35,CLEAR,DAYLIGHT,REAR TO FRONT,DIVIDED - W/MEDIAN (NOT RAISED),NO CONTROLS,IMPROPER LANE USAGE,UNABLE TO DETERMINE,0,0,0,0,8,4,5,2073,PULASKI RD,41.761294,-87.760141,05/20/2020 08:53:00 AM,2020
CR00006174,10/10/2021 11:54:00 AM,30,SNOW,DUSK,REAR END,DIVIDED - W/MEDIAN (NOT RAISED),NO CONTROLS,FAILING TO YIELD RIGHT-OF-WAY,FOLLOWING TOO CLOSELY,0,0,0,0,11,1,10,321,IRVING PARK RD,41.929054,-87.801187,10/10/2021 12:35:00 PM,2021
CR00006175,05/24/2024 11:31:00 AM,45,CLEAR,DARKNESS - LIGHTED ROAD,PARKED MOTOR VEHICLE,FOUR WAY,UNKNOWN,FOLLOWING TOO CLOSELY,FAILING TO REDUCE SPEED,0,0,1,1,11,6,5,1451,CALIFORNIA AVE,41.823265,-87.790354,05/24/2024 12:05:00 PM,2024
CR00006176,12/21/2015 12:37:00 PM,30,RAIN,DARKNESS - LIGHTED ROAD,REAR END,DIVIDED - W/MEDIAN (NOT RAISED),NO CONTROLS,FOLLOWING TOO CLOSELY,FAILING TO YIELD RIGHT-OF-WAY,0,0,0,0,12,2,12,426,BROADWAY,41.823392,-87.651077,12/21/2015 12:48:00 PM,2015
CR00006177,03/10/2016 03:04:00 PM,35,CLEAR,DAYLIGHT,ANGLE,DIVIDED - W/MEDIAN (NOT RAISED),TRAFFIC SIGNAL,FOLLOWING TOO CLOSELY,DISREGARDING TRAFFIC SIGNALS,0,0,0,0,15,5,3,161,DAMEN AVE,41.847633,-87.810438,03/10/2016 03:40:00 PM,2016
CR00006178,04/23/2021 03:26:00 AM,30,CLEAR,DAYLIGHT,REAR END,NOT DIVIDED,STOP SIGN/FLASHER,DRIVING SKILLS/KNOWLEDGE/EXPERIENCE,NOT APPLICABLE,0,0,0,0,3,6,4,2220,CALIFORNIA AVE,41.963442,-87.697797,04/23/2021 03:37:00 AM,2021
CR00006179,11/08/2017 01:40:00 PM,35,CLEAR,DAYLIGHT,PEDESTRIAN,T-INTERSECTION,NO CONTROLS,FOLLOWING TOO CLOSELY,NOT APPLICABLE,0,0,0,0,13,4,11,1850,47TH ST,41.855496,-87.737063,11/08/2017 03:15:00 PM,2017
CR00006180,04/19/2016 04:36:00 AM,15,RAIN,DAYLIGHT,TURNING,FOUR WAY,TRAFFIC SIGNAL,DRIVING SKILLS/KNOWLEDGE/EXPERIENCE,DISTRACTION - FROM INSIDE VEHICLE,0,0,0,0,4,3,4,679,HALSTED ST,41.761353,-87.642104,04/19/2016 05:01:00 AM,2016
CR00006181,04/18/2021 08:54:00 AM,40,CLEAR,DARKNESS - LIGHTED ROAD,TURNING,DIVIDED - W/MEDIAN (NOT RAISED),STOP SIGN/FLASHER,DISTRACTION - FROM INSIDE VEHICLE,DISTRACTION - FROM INSIDE VEHICLE,0,0,2,2,8,1,4,1828,CICERO AVE,41.766784,-87.530634,04/18/2021 09:05:00 AM,2021