CRASH_RECORD_ID,CRASH_DATE,POSTED_SPEED_LIMIT,WEATHER_CONDITION,LIGHTING_CONDITION,FIRST_CRASH_TYPE,TRAFFICWAY_TYPE,TRAFFIC_CONTROL_DEVICE,PRIM_CONTRIBUTORY_CAUSE,SEC_CONTRIBUTORY_CAUSE,INJURIES_FATAL,INJURIES_INCAPACITATING,INJURIES_NON_INCAPACITATING,INJURIES_TOTAL,CRASH_HOUR,CRASH_DAY_OF_WEEK,CRASH_MONTH,BEAT_OF_OCCURRENCE,STREET_NAME,LATITUDE,LONGITUDE,DATE_POLICE_NOTIFIED,year
CR00006182,11/25/2019 06:53:00 PM,45,CLEAR,DARKNESS,ANGLE,ONE-WAY,STOP SIGN/FLASHER,DISTRACTION - FROM INSIDE VEHICLE,WEATHER,0,0,0,0,18,2,11,618,CICERO AVE,41.905524,-87.62846,11/25/2019 07:28:00 PM,2019
CR00006183,12/02/2016 11:01:00 PM,35,CLEAR,DUSK,TURNING,NOT DIVIDED,STOP SIGN/FLASHER,FAILING TO YIELD RIGHT-OF-WAY,FOLLOWING TOO CLOSELY,0,0,0,0,23,6,12,1793,LAKE SHORE DR,41.888246,-87.655907,12/02/2016 11:24:00 PM,2016
CR00006184,02/19/2022 12:25:00 PM,45,CLEAR,DARKNESS - LIGHTED ROAD,REAR END,NOT DIVIDED,TRAFFIC SIGNAL,DISTRACTION - FROM INSIDE VEHICLE,NOT APPLICABLE,0,0,0,0,12,7,2,1401,WESTERN AVE,41.805881,-87.759942,02/19/2022 12:30:00 PM,2022
CR00006185,03/22/2022 10:18:00 AM,35,CLEAR,DAYLIGHT,FIXED OBJECT,DIVIDED - W/MEDIAN (NOT RAISED),PEDESTRIAN CROSSING SIGN,UNABLE TO DETERMINE,DISTRACTION - FROM INSIDE VEHICLE,0,0,0,0,10,3,3,2357,OGDEN AVE,41.796342,-87.589333,03/22/2022 11:07:00 AM,2022
CR00006186,12/14/2022 09:45:00 PM,20,CLEAR,DAYLIGHT,ANGLE,NOT DIVIDED,STOP SIGN/FLASHER,UNABLE TO DETERMINE,NOT APPLICABLE,0,0,0,0,21,4,12,1249,CLARK ST,41.966811,-87.743483,12/14/2022 11:11:00 PM,2022
CR00006187,04/08/2016 12:33:00 PM,45,CLOUDY/OVERCAST,DARKNESS - LIGHTED ROAD,REAR TO FRONT,DIVIDED - W/MEDIAN (NOT RAISED),NO CONTROLS,UNABLE TO DETERMINE,UNABLE TO DETERMINE,0,1,2,3,12,6,4,2225,KEDZIE AVE,41.766084,-87.614211,04/08/2016 01:51:00 PM,2016
CR00006188,08/26/2020 05:09:00 PM,15,CLEAR,DARKNESS - LIGHTED ROAD,REAR END,DIVIDED - W/MEDIAN (NOT RAISED),UNKNOWN,FOLLOWING TOO CLOSELY,UNABLE TO DETERMINE,0,0,0,0,17,4,8,768,CICERO AVE,41.944612,-87.646742,08/26/2020 06:55:00 PM,2020
CR00006189,04/08/2021 09:19:00 PM,15,CLEAR,DAYLIGHT,ANGLE,DIVIDED - W/MEDIAN (NOT RAISED),NO CONTROLS,FAILING TO REDUCE SPEED,NOT APPLICABLE,0,0,0,0,21,5,4,1539,KEDZIE AVE,41.996074,-87.526399,04/08/2021 09:46:00 PM,2021
CR00006190,12/29/2017 08:42:00 PM,30,CLEAR,DAYLIGHT,FIXED OBJECT,FOUR WAY,TRAFFIC SIGNAL,IMPROPER LANE USAGE,IMPROPER OVERTAKING/PASSING,0,1,1,2,20,6,12,767,ELSTON AVE,41.870801,-87.557954,12/29/2017 09:01:00 PM,2017
CR00006191,01/28/2024 03:19:00 AM,35,CLEAR,DARKNESS - LIGHTED ROAD,PARKED MOTOR VEHICLE,ONE-WAY,TRAFFIC SIGNAL,FOLLOWING TOO CLOSELY,UNABLE TO DETERMINE,0,1,3,4,3,1,1,2122,79TH ST,41.972181,-87.802969,01/28/2024 03:33:00 AM,2024
CR00006192,04/25/2015 04:44:00 AM,45,CLEAR,DARKNESS,TURNING,ONE-WAY,TRAFFIC SIGNAL,IMPROPER LANE USAGE,NOT APPLICABLE,0,0,0,0,4,7,4,2211,PULASKI RD,41.839459,-87.795105,04/25/2015 05:13:00 AM,2015
CR00006193,07/02/2019 02:26:00 PM,30,CLEAR,DAYLIGHT,SIDESWIPE SAME DIRECTION,DIVIDED - W/MEDIAN (NOT RAISED),STOP SIGN/FLASHER,FAILING TO YIELD RIGHT-OF-WAY,NOT APPLICABLE,0,0,0,0,14,3,7,1940,KEDZIE AVE,41.744133,-87.669301,07/02/2019 03:13:00 PM,2019
CR00006194,04/11/2015 09:53:00 AM,35,CLEAR,DAYLIGHT,ANGLE,NOT DIVIDED,STOP SIGN/FLASHER,UNABLE TO DETERMINE,FAILING TO YIELD RIGHT-OF-WAY,0,2,1,3,9,7,4,2166,IRVING PARK RD,41.763402,-87.728202,04/11/2015 11:16:00 AM,2015
CR00006195,07/07/2024 03:24:00 PM,40,CLEAR,DAYLIGHT,REAR END,NOT DIVIDED,NO CONTROLS,FAILING TO YIELD RIGHT-OF-WAY,UNABLE TO DETERMINE,0,0,0,0,15,1,7,1047,DAMEN AVE,41.915611,-87.80208,07/07/2024 04:30:00 PM,2024
CR00006196,03/17/2015 07:58:00 AM,40,CLEAR,DARKNESS - LIGHTED ROAD,SIDESWIPE SAME DIRECTION,ONE-WAY,TRAFFIC SIGNAL,IMPROPER OVERTAKING/PASSING,UNABLE TO DETERMINE,0,0,0,0,7,3,3,1630,FULLERTON AVE,41.829941,-87.841891,03/17/2015 09:10:00 AM,2015
CR00006197,07/16/2024 09:50:00 AM,30,CLEAR,DAYLIGHT,REAR TO FRONT,DIVIDED - W/MEDIAN (NOT RAISED),NO CONTROLS,UNABLE TO DETERMINE,FAILING TO YIELD RIGHT-OF-WAY,0,1,1,2,9,3,7,1770,MILWAUKEE AVE,41.850447,-87.720454,07/16/2024 10:20:00 AM,2024
CR00006198,09/22/2016 03:14:00 PM,25,CLEAR,DARKNESS - LIGHTED ROAD,ANGLE,NOT DIVIDED,YIELD,UNABLE TO DETERMINE,UNABLE TO DETERMINE,0,0,0,0,15,5,9,2143,47TH ST,41.879198,-87.71694,09/22/2016 04:00:00 PM,2016
CR00006199,06/30/2019 04:51:00 PM,30,CLEAR,DARKNESS - LIGHTED ROAD,REAR TO FRONT,DIVIDED - W/MEDIAN (NOT RAISED),UNKNOWN,FAILING TO YIELD RIGHT-OF-WAY,IMPROPER LANE USAGE,0,1,2,3,16,1,6,665,MILWAUKEE AVE,41.912799,-87.806396,06/30/2019 05:44:00 PM,2019
CR00006200,12/10/2023 02:59:00 PM,40,CLEAR,DAWN,REAR END,T-INTERSECTION,NO CONTROLS,UNABLE TO DETERMINE,IMPROPER OVERTAKING/PASSING,0,0,0,0,14,1,12,951,IRVING PARK RD,41.840447,-87.528313,12/10/2023 03:48:00 PM,2023
CR00006201,05/31/2023 06:15:00 AM,25,CLEAR,DAYLIGHT,ANGLE,DIVIDED - W/MEDIAN (NOT RAISED),TRAFFIC SIGNAL,DISTRACTION - FROM INSIDE VEHICLE,IMPROPER LANE USAGE,0,0,0,0,6,4,5,669,ARCHER AVE,41.929575,-87.586148,05/31/2023 06:25:00 AM,2023
CR00006202,06/18/2016 09:16:00 AM,35,CLEAR,DAYLIGHT,TURNING,FOUR WAY,TRAFFIC SIGNAL,IMPROPER OVERTAKING/PASSING,DISREGARDING TRAFFIC SIGNALS,0,0,1,1,9,7,6,2467,CLARK ST,41.736177,-87.635825,06/18/2016 09:24:00 AM,2016
CR00006203,11/18/2017 11:29:00 PM,15,CLEAR,DAYLIGHT,REAR END,NOT DIVIDED,STOP SIGN/FLASHER,WEATHER,UNABLE TO DETERMINE,0,0,0,0,23,7,11,2076,MICHIGAN AVE,41.839729,-87.565177,11/18/2017 11:50:00 PM,2017
CR00006204,03/26/2019 04:48:00 PM,20,CLOUDY/OVERCAST,DAYLIGHT,PEDESTRIAN,T-INTERSECTION,TRAFFIC SIGNAL,FAILING TO REDUCE SPEED,DISREGARDING TRAFFIC SIGNALS,0,0,0,0,16,3,3,1996,CICERO AVE,41.980261,-87.788834,03/26/2019 06:06:00 PM,2019
CR00006205,11/02/2023 01:33:00 AM,35,RAIN,DAYLIGHT,ANGLE,DIVIDED - W/MEDIAN BARRIER,UNKNOWN,UNABLE TO DETERMINE,UNABLE TO DETERMINE,0,0,0,0,1,5,11,2379,KEDZIE AVE,41.952772,-87.584314,11/02/2023 02:09:00 AM,2023
CR00006206,08/11/2021 07:57:00 AM,40,RAIN,DAYLIGHT,FIXED OBJECT,NOT DIVIDED,TRAFFIC SIGNAL,DISREGARDING TRAFFIC SIGNALS,DRIVING SKILLS/KNOWLEDGE/EXPERIENCE,0,0,0,0,7,4,8,1874,FULLERTON AVE,41.949963,-87.814076,08/11/2021 08:58:00 AM,2021
CR00006207,01/01/2015 05:12:00 PM,45,CLEAR,DARKNESS - LIGHTED ROAD,FIXED OBJECT,FOUR WAY,NO CONTROLS,DISREGARDING TRAFFIC SIGNALS,FAILING TO YIELD RIGHT-OF-WAY,0,0,0,0,17,5,1,1978,CICERO AVE,41.707559,-87.729244,01/01/2015 05:34:00 PM,2015
CR00006208,05/10/2019 04:15:00 AM,20,CLEAR,DAYLIGHT,PEDESTRIAN,DIVIDED - W/MEDIAN (NOT RAISED),NO CONTROLS,FAILING TO YIELD RIGHT-OF-WAY,FAILING TO YIELD RIGHT-OF-WAY,0,0,0,0,4,6,5,795,LAKE SHORE DR,41.990066,-87.814161,05/10/2019 05:42:00 AM,2019
CR00006209,10/06/2020 09:23:00 AM,15,CLEAR,DARKNESS - LIGHTED ROAD,FIXED OBJECT,NOT DIVIDED,STOP SIGN/FLASHER,DRIVING SKILLS/KNOWLEDGE/EXPERIENCE,FAILING TO REDUCE SPEED,0,0,0,0,9,3,10,2293,KEDZIE AVE,41.743004,-87.593897,10/06/2020 09:32:00 AM,2020
CR00006210,06/17/2018 08:39:00 PM,45,CLOUDY/OVERCAST,DAYLIGHT,REAR END,DIVIDED - W/MEDIAN (NOT RAISED),YIELD,FAILING TO YIELD RIGHT-OF-WAY,IMPROPER OVERTAKING/PASSING,0,0,0,0,20,1,6,2527,CALIFORNIA AVE,41.833816,-87.614701,06/17/2018 09:49:00 PM,2018
CR00006211,08/25/2022 07:43:00 PM,35,CLEAR,DAYLIGHT,FIXED OBJECT,DIVIDED - W/MEDIAN BARRIER,STOP SIGN/FLASHER,IMPROPER LANE USAGE,FAILING TO YIELD RIGHT-OF-WAY,0,0,0,0,19,5,8,1943,STONY ISLAND AVE,41.851841,-87.65805,08/25/2022 08:43:00 PM,2022
CR00006212,06/06/2023 08:15:00 PM,35,CLEAR,DARKNESS - LIGHTED ROAD,REAR END,ONE-WAY,TRAFFIC SIGNAL,UNABLE TO DETERMINE,UNABLE TO DETERMINE,0,0,0,0,20,3,6,743,PULASKI RD,41.992595,-87.548726,06/06/2023 08:25:00 PM,2023
CR00006213,04/24/2017 03:34:00 PM,30,CLEAR,DAYLIGHT,ANGLE,NOT DIVIDED,TRAFFIC SIGNAL,IMPROPER LANE USAGE,IMPROPER LANE USAGE,0,0,0,0,15,2,4,917,OGDEN AVE,41.732869,-87.806521,04/24/2017 04:53:00 PM,2017
CR00006214,12/12/2020 01:32:00 PM,30,RAIN,DAYLIGHT,SIDESWIPE SAME DIRECTION,DIVIDED - W/MEDIAN (NOT RAISED),STOP SIGN/FLASHER,DRIVING SKILLS/KNOWLEDGE/EXPERIENCE,IMPROPER OVERTAKING/PASSING,0,0,0,0,13,7,12,470,79TH ST,41.845969,-87.661503,12/12/2020 03:09:00 PM,2020
CR00006215,08/11/2019 04:22:00 PM,25,CLEAR,DARKNESS - LIGHTED ROAD,FIXED OBJECT,ONE-WAY,NO CONTROLS,UNABLE TO DETERMINE,FOLLOWING TOO CLOSELY,0,0,0,0,16,1,8,623,ELSTON AVE,41.719966,-87.520698,08/11/2019 04:33:00 PM,2019
CR00006216,12/20/2015 12:38:00 PM,20,CLOUDY/OVERCAST,DAYLIGHT,FIXED OBJECT,NOT DIVIDED,STOP SIGN/FLASHER,FAILING TO YIELD RIGHT-OF-WAY,UNABLE TO DETERMINE,0,1,0,1,12,1,12,1274,MILWAUKEE AVE,41.922069,-87.800896,12/20/2015 02:25:00 PM,2015
CR00006217,12/18/2015 06:10:00 PM,45,CLEAR,DAYLIGHT,REAR TO FRONT,ONE-WAY,STOP SIGN/FLASHER,UNABLE TO DETERMINE,NOT APPLICABLE,0,0,1,1,18,6,12,588,47TH ST,41.758111,-87.848453,12/18/2015 08:05:00 PM,2015
CR00006218,08/29/2018 05:42:00 PM,30,CLEAR,DAYLIGHT,REAR END,DIVIDED - W/MEDIAN BARRIER,STOP SIGN/FLASHER,FAILING TO YIELD RIGHT-OF-WAY,IMPROPER OVERTAKING/PASSING,0,0,0,0,17,4,8,1315,CICERO AVE,41.743009,-87.757718,08/29/2018 06:50:00 PM,2018
CR00006219,06/07/2019 03:07:00 PM,30,CLOUDY/OVERCAST,DARKNESS - LIGHTED ROAD,PARKED MOTOR VEHICLE,FOUR WAY,TRAFFIC SIGNAL,IMPROPER LANE USAGE,FAILING TO YIELD RIGHT-OF-WAY,0,0,0,0,15,6,6,2275,ELSTON AVE,41.877998,-87.657957,06/07/2019 03:21:00 PM,2019
CR00006220,05/26/2020 03:39:00 PM,35,CLEAR,DAYLIGHT,FIXED OBJECT,FOUR WAY,UNKNOWN,UNABLE TO DETERMINE,FAILING TO YIELD RIGHT-OF-WAY,0,0,0,0,15,3,5,2011,MILWAUKEE AVE,41.934736,-87.574405,05/26/2020 04:05:00 PM,2020
CR00006221,06/02/2016 08:46:00 AM,20,CLEAR,DARKNESS - LIGHTED ROAD,PARKED MOTOR VEHICLE,DIVIDED - W/MEDIAN BARRIER,TRAFFIC SIGNAL,FAILING TO REDUCE SPEED,IMPROPER LANE USAGE,0,0,0,0,8,5,6,1915,KEDZIE AVE,41.938761,-87.704582,06/02/2016 09:46:00 AM,2016
CR00006222,04/11/2017 10:21:00 PM,15,CLEAR,DAYLIGHT,REAR END,NOT DIVIDED,TRAFFIC SIGNAL,UNABLE TO DETERMINE,IMPROPER LANE USAGE,0,0,0,0,22,3,4,1632,MICHIGAN AVE,41.984949,-87.576396,04/11/2017 11:43:00 PM,2017
CR00006223,12/06/2018 08:02:00 AM,40,CLEAR,DAYLIGHT,TURNING,FOUR WAY,NO CONTROLS,FOLLOWING TOO CLOSELY,FOLLOWING TOO CLOSELY,0,0,2,2,8,5,12,2093,OGDEN AVE,41.931241,-87.562162,12/06/2018 08:18:00 AM,2018
CR00006224,12/23/2017 03:14:00 PM,20,CLEAR,DAYLIGHT,SIDESWIPE SAME DIRECTION,NOT DIVIDED,UNKNOWN,UNABLE TO DETERMINE,UNABLE TO DETERMINE,0,0,0,0,15,7,12,1165,DAMEN AVE,41.940525,-87.587273,12/23/2017 03:52:00 PM,2017
CR00006225,02/05/2022 05:10:00 PM,15,CLEAR,DAYLIGHT,SIDESWIPE SAME DIRECTION,ONE-WAY,NO CONTROLS,UNABLE TO DETERMINE,NOT APPLICABLE,0,0,3,3,17,7,2,477,PULASKI RD,41.950134,-87.770887,02/05/2022 06:50:00 PM,2022
CR00006226,07/08/2017 03:15:00 PM,45,CLEAR,DARKNESS - LIGHTED ROAD,TURNING,FOUR WAY,NO CONTROLS,FOLLOWING TOO CLOSELY,FOLLOWING TOO CLOSELY,0,0,0,0,15,7,7,808,LAKE SHORE DR,41.764534,-87.820749,07/08/2017 03:36:00 PM,2017
CR00006227,03/15/2024 05:27:00 PM,30,CLEAR,DARKNESS - LIGHTED ROAD,REAR END,NOT DIVIDED,TRAFFIC SIGNAL,FAILING TO YIELD RIGHT-OF-WAY,FAILING TO YIELD RIGHT-OF-WAY,0,0,0,0,17,6,3,996,CALIFORNIA AVE,41.823794,-87.716262,03/15/2024 05:51:00 PM,2024
CR00006228,09/25/2020 04:47:00 PM,35,CLEAR,DAYLIGHT,REAR END,FOUR WAY,NO CONTROLS,FAILING TO REDUCE SPEED,IMPROPER OVERTAKING/PASSING,0,0,0,0,16,6,9,2278,DAMEN AVE,41.766816,-87.563688,09/25/2020 05:42:00 PM,2020
CR00006229,03/20/2021 04:16:00 PM,30,SNOW,DAYLIGHT,FIXED OBJECT,ONE-WAY,NO CONTROLS,IMPROPER OVERTAKING/PASSING,FOLLOWING TOO CLOSELY,0,0,2,2,16,7,3,1581,STATE ST,41.922676,-87.577206,03/20/2021 04:50:00 PM,2021
CR00006230,02/28/2021 11:42:00 PM,40,CLEAR,DARKNESS,REAR END,NOT DIVIDED,TRAFFIC SIGNAL,DISREGARDING TRAFFIC SIGNALS,WEATHER,0,0,0,0,23,1,2,766,ROOSEVELT RD,41.824438,-87.817087,03/01/2021 12:55:00 AM,2021
CR00006231,12/07/2021 02:32:00 PM,20,CLEAR,DARKNESS,TURNING,DIVIDED - W/MEDIAN (NOT RAISED),NO CONTROLS,UNABLE TO DETERMINE,NOT APPLICABLE,0,1,3,4,14,3,12,1482,HALSTED ST,41.718067,-87.756209,12/07/2021 02:52:00 PM,2021
CR00006232,03/12/2019 03:45:00 PM,25,CLEAR,DAYLIGHT,FIXED OBJECT,NOT DIVIDED,NO CONTROLS,UNABLE TO DETERMINE,NOT APPLICABLE,0,0,0,0,15,3,3,971,OGDEN AVE,41.854212,-87.623281,03/12/2019 04:51:00 PM,2019
CR00006233,04/14/2016 09:01:00 AM,35,CLEAR,DAYLIGHT,SIDESWIPE SAME DIRECTION,NOT DIVIDED,NO CONTROLS,DISTRACTION - FROM INSIDE VEHICLE,NOT APPLICABLE,0,0,3,3,9,5,4,731,63RD ST,41.957085,-87.833492,04/14/2016 10:10:00 AM,2016
CR00006234,10/05/2018 01:49:00 PM,30,CLEAR,DAYLIGHT,ANGLE,NOT DIVIDED,TRAFFIC SIGNAL,DISTRACTION - FROM INSIDE VEHICLE,FAILING TO REDUCE SPEED,0,0,1,1,13,6,10,1529,LAKE SHORE DR,41.896571,-87.761044,10/05/2018 03:07:00 PM,2018
CR00006235,01/09/2015 05:45:00 AM,40,CLOUDY/OVERCAST,DUSK,TURNING,NOT DIVIDED,UNKNOWN,FOLLOWING TOO CLOSELY,FAILING TO REDUCE SPEED,0,0,1,1,5,6,1,2138,KEDZIE AVE,41.763559,-87.568044,01/09/2015 07:19:00 AM,2015
CR00006236,06/12/2024 02:17:00 PM,15,CLEAR,DARKNESS - LIGHTED ROAD,REAR TO FRONT,NOT DIVIDED,NO CONTROLS,UNABLE TO DETERMINE,DISTRACTION - FROM INSIDE VEHICLE,0,0,0,0,14,4,6,776,FULLERTON AVE,41.880297,-87.663012,06/12/2024 02:54:00 PM,2024
CR00006237,04/22/2015 03:11:00 AM,45,CLEAR,DARKNESS - LIGHTED ROAD,SIDESWIPE SAME DIRECTION,DIVIDED - W/MEDIAN (NOT RAISED),TRAFFIC SIGNAL,IMPROPER LANE USAGE,UNABLE TO DETERMINE,0,0,0,0,3,4,4,647,WESTERN AVE,41.923151,-87.82103,04/22/2015 04:08:00 AM,2015
CR00006238,10/02/2018 06:00:00 AM,25,CLOUDY/OVERCAST,DAYLIGHT,REAR END,ONE-WAY,TRAFFIC SIGNAL,FAILING TO YIELD RIGHT-OF-WAY,UNABLE TO DETERMINE,0,0,1,1,6,3,10,207,IRVING PARK RD,41.920157,-87.570155,10/02/2018 06:14:00 AM,2018
CR00006239,06/14/2016 08:37:00 PM,25,CLEAR,DUSK,TURNING,DIVIDED - W/MEDIAN (NOT RAISED),STOP SIGN/FLASHER,FAILING TO REDUCE SPEED,NOT APPLICABLE,0,0,3,3,20,3,6,2088,ELSTON AVE,41.895358,-87.763916,06/14/2016 09:45:00 PM,2016
CR00006240,02/16/2024 01:30:00 PM,30,CLEAR,DARKNESS - LIGHTED ROAD,ANGLE,ONE-WAY,STOP SIGN/FLASHER,FAILING TO YIELD RIGHT-OF-WAY,UNABLE TO DETERMINE,0,0,0,0,13,6,2,333,PULASKI RD,41.913338,-87.594707,02/16/2024 01:51:00 PM,2024
CR00006241,01/22/2015 01:17:00 AM,30,CLEAR,DARKNESS - LIGHTED ROAD,TURNING,NOT DIVIDED,TRAFFIC SIGNAL,FAILING TO YIELD RIGHT-OF-WAY,FAILING TO YIELD RIGHT-OF-WAY,0,0,0,0,1,5,1,750,47TH ST,41.98007,-87.77915,01/22/2015 01:36:00 AM,2015
CR00006242,04/18/2023 09:46:00 PM,45,CLEAR,DARKNESS - LIGHTED ROAD,ANGLE,DIVIDED - W/MEDIAN BARRIER,NO CONTROLS,FAILING TO YIELD RIGHT-OF-WAY,NOT APPLICABLE,0,0,1,1,21,3,4,1525,ASHLAND AVE,41.874003,-87.703367,04/18/2023 09:53:00 PM,2023
CR00006243,12/06/2018 07:28:00 AM,45,FREEZING RAIN/DRIZZLE,DAYLIGHT,PARKED MOTOR VEHICLE,T-INTERSECTION,TRAFFIC SIGNAL,FAILING TO YIELD RIGHT-OF-WAY,FOLLOWING TOO CLOSELY,0,0,2,2,7,5,12,650,STATE ST,41.782811,-87.595258,12/06/2018 07:47:00 AM,2018
CR00006244,09/17/2021 06:47:00 PM,45,CLEAR,DAYLIGHT,SIDESWIPE SAME DIRECTION,DIVIDED - W/MEDIAN (NOT RAISED),TRAFFIC SIGNAL,WEATHER,NOT APPLICABLE,0,0,0,0,18,6,9,718,STONY ISLAND AVE,41.971041,-87.705488,09/17/2021 06:58:00 PM,2021
CR00006245,04/30/2016 07:42:00 PM,15,CLEAR,DAYLIGHT,REAR END,DIVIDED - W/MEDIAN BARRIER,NO CONTROLS,IMPROPER LANE USAGE,DISREGARDING TRAFFIC SIGNALS,0,0,0,0,19,7,4,631,LAKE SHORE DR,41.741849,-87.659204,04/30/2016 09:22:00 PM,2016
CR00006246,01/04/2015 01:42:00 PM,35,CLEAR,DAYLIGHT,REAR TO FRONT,DIVIDED - W/MEDIAN BARRIER,NO CONTROLS,UNABLE TO DETERMINE,NOT APPLICABLE,0,0,0,0,13,1,1,660,KEDZIE AVE,41.995153,-87.771283,01/04/2015 02:32:00 PM,2015
CR00006247,06/04/2024 02:57:00 PM,25,CLEAR,DAWN,PARKED MOTOR VEHICLE,ONE-WAY,NO CONTROLS,DISREGARDING TRAFFIC SIGNALS,DISREGARDING TRAFFIC SIGNALS,0,0,1,1,14,3,6,1476,ROOSEVELT RD,41.779598,-87.558,06/04/2024 03:04:00 PM,2024
CR00006248,10/01/2020 02:16:00 PM,30,CLEAR,DAYLIGHT,SIDESWIPE SAME DIRECTION,ONE-WAY,NO CONTROLS,UNABLE TO DETERMINE,FAILING TO REDUCE SPEED,0,0,0,0,14,5,10,2261,ROOSEVELT RD,41.927636,-87.806984,10/01/2020 02:33:00 PM,2020
CR00006249,06/15/2024 10:32:00 PM,20,CLEAR,DAYLIGHT,ANGLE,FOUR WAY,PEDESTRIAN CROSSING SIGN,UNABLE TO DETERMINE,IMPROPER OVERTAKING/PASSING,0,0,0,0,22,7,6,135,STONY ISLAND AVE,41.948799,-87.588766,06/15/2024 11:58:00 PM,2024
CR00006250,11/11/2017 05:56:00 PM,45,CLEAR,DAYLIGHT,SIDESWIPE SAME DIRECTION,NOT DIVIDED,TRAFFIC SIGNAL,UNABLE TO DETERMINE,FAILING TO REDUCE SPEED,0,0,0,0,17,7,11,975,STONY ISLAND AVE,41.978831,-87.792144,11/11/2017 06:44:00 PM,2017
CR00006251,01/08/2016 04:04:00 AM,20,CLEAR,DAYLIGHT,FIXED OBJECT,NOT DIVIDED,STOP SIGN/FLASHER,FAILING TO YIELD RIGHT-OF-WAY,UNABLE TO DETERMINE,0,0,0,0,4,6,1,448,47TH ST,41.77607,-87.838437,01/08/2016 05:56:00 AM,2016
CR00006252,08/17/2021 05:01:00 PM,35,CLEAR,DAYLIGHT,TURNING,DIVIDED - W/MEDIAN (NOT RAISED),TRAFFIC SIGNAL,UNABLE TO DETERMINE,UNABLE TO DETERMINE,0,0,1,1,17,3,8,990,79TH ST,41.837432,-87.697901,08/17/2021 05:32:00 PM,2021
CR00006253,10/03/2024 05:02:00 PM,30,CLEAR,DAYLIGHT,REAR END,T-INTERSECTION,NO CONTROLS,UNABLE TO DETERMINE,NOT APPLICABLE,0,0,0,0,17,5,10,1885,BROADWAY,41.849349,-87.742632,10/03/2024 06:44:00 PM,2024
CR00006254,08/21/2017 07:47:00 AM,45,CLEAR,DARKNESS - LIGHTED ROAD,SIDESWIPE SAME DIRECTION,NOT DIVIDED,TRAFFIC SIGNAL,FAILING TO REDUCE SPEED,FAILING TO YIELD RIGHT-OF-WAY,0,0,0,0,7,2,8,1317,47TH ST,41.971733,-87.644459,08/21/2017 08:54:00 AM,2017
CR00006255,08/14/2019 09:07:00 AM,35,CLEAR,DARKNESS - LIGHTED ROAD,SIDESWIPE SAME DIRECTION,T-INTERSECTION,NO CONTROLS,DRIVING SKILLS/KNOWLEDGE/EXPERIENCE,UNABLE TO DETERMINE,0,0,0,0,9,4,8,1058,MICHIGAN AVE,41.826442,-87.840232,08/14/2019 10:23:00 AM,2019
CR00006256,09/19/2015 03:30:00 PM,45,SNOW,DAYLIGHT,REAR END,DIVIDED - W/MEDIAN (NOT RAISED),UNKNOWN,FOLLOWING TOO CLOSELY,FAILING TO YIELD RIGHT-OF-WAY,0,0,0,0,15,7,9,2355,CICERO AVE,41.769316,-87.590015,09/19/2015 05:07:00 PM,2015
CR00006257,04/22/2020 05:46:00 PM,45,CLEAR,DARKNESS - LIGHTED ROAD,ANGLE,FOUR WAY,STOP SIGN/FLASHER,UNABLE TO DETERMINE,FAILING TO YIELD RIGHT-OF-WAY,0,0,0,0,17,4,4,1647,OGDEN AVE,41.896387,-87.73033,04/22/2020 07:45:00 PM,2020
CR00006258,05/05/2022 12:24:00 PM,30,CLEAR,DARKNESS - LIGHTED ROAD,TURNING,DIVIDED - W/MEDIAN (NOT RAISED),TRAFFIC SIGNAL,UNABLE TO DETERMINE,DRIVING SKILLS/KNOWLEDGE/EXPERIENCE,0,0,0,0,12,5,5,1705,ROOSEVELT RD,41.878371,-87.713686,05/05/2022 01:35:00 PM,2022
CR00006259,12/15/2016 08:12:00 AM,20,CLEAR,DARKNESS - LIGHTED ROAD,TURNING,ONE-WAY,NO CONTROLS,FAILING TO REDUCE SPEED,FOLLOWING TOO CLOSELY,0,0,0,0,8,5,12,1614,DAMEN AVE,41.780753,-87.580543,12/15/2016 08:18:00 AM,2016
CR00006260,06/22/2022 01:03:00 PM,40,CLEAR,DAYLIGHT,TURNING,T-INTERSECTION,TRAFFIC SIGNAL,FAILING TO YIELD RIGHT-OF-WAY,IMPROPER OVERTAKING/PASSING,0,0,0,0,13,4,6,2360,CICERO AVE,41.827951,-87.786736,06/22/2022 01:28:00 PM,2022
CR00006261,05/30/2020 04:18:00 PM,35,CLEAR,DAYLIGHT,REAR END,FOUR WAY,NO CONTROLS,UNABLE TO DETERMINE,IMPROPER OVERTAKING/PASSING,0,0,1,1,16,7,5,1590,BROADWAY,41.735111,-87.75228,05/30/2020 05:11:00 PM,2020
CR00006262,11/02/2024 06:59:00 PM,30,CLEAR,DARKNESS - LIGHTED ROAD,PARKED MOTOR VEHICLE,DIVIDED - W/MEDIAN (NOT RAISED),NO CONTROLS,DISREGARDING TRAFFIC SIGNALS,WEATHER,0,0,0,0,18,7,11,1345,ROOSEVELT RD,41.975533,-87.501367,11/02/2024 07:23:00 PM,2024
CR00006263,09/25/2024 05:27:00 AM,40,CLEAR,DARKNESS - LIGHTED ROAD,TURNING,NOT DIVIDED,NO CONTROLS,DRIVING SKILLS/KNOWLEDGE/EXPERIENCE,UNABLE TO DETERMINE,0,1,1,2,5,4,9,559,OGDEN AVE,41.859105,-87.638149,09/25/2024 06:13:00 AM,2024