CRASH_RECORD_ID,CRASH_DATE,POSTED_SPEED_LIMIT,WEATHER_CONDITION,LIGHTING_CONDITION,FIRST_CRASH_TYPE,TRAFFICWAY_TYPE,TRAFFIC_CONTROL_DEVICE,PRIM_CONTRIBUTORY_CAUSE,SEC_CONTRIBUTORY_CAUSE,INJURIES_FATAL,INJURIES_INCAPACITATING,INJURIES_NON_INCAPACITATING,INJURIES_TOTAL,CRASH_HOUR,CRASH_DAY_OF_WEEK,CRASH_MONTH,BEAT_OF_OCCURRENCE,STREET_NAME,LATITUDE,LONGITUDE,DATE_POLICE_NOTIFIED,year
CR00006264,07/16/2016 08:52:00 PM,40,CLEAR,DAYLIGHT,TURNING,NOT DIVIDED,STOP SIGN/FLASHER,IMPROPER OVERTAKING/PASSING,IMPROPER LANE USAGE,0,0,0,0,20,7,7,2498,DAMEN AVE,41.731955,-87.560123,07/16/2016 09:31:00 PM,2016
CR00006265,10/15/2017 09:42:00 AM,45,CLEAR,DARKNESS - LIGHTED ROAD,REAR END,NOT DIVIDED,STOP SIGN/FLASHER,IMPROPER OVERTAKING/PASSING,DRIVING SKILLS/KNOWLEDGE/EXPERIENCE,0,0,3,3,9,1,10,940,IRVING PARK RD,41.868214,-87.741388,10/15/2017 11:08:00 AM,2017
CR00006266,03/26/2015 05:50:00 PM,45,CLEAR,DUSK,REAR TO FRONT,T-INTERSECTION,STOP SIGN/FLASHER,IMPROPER LANE USAGE,DRIVING SKILLS/KNOWLEDGE/EXPERIENCE,0,0,2,2,17,5,3,355,ROOSEVELT RD,41.98231,-87.788703,03/26/2015 06:14:00 PM,2015
CR00006267,12/19/2024 03:22:00 PM,30,SNOW,DAYLIGHT,REAR END,DIVIDED - W/MEDIAN (NOT RAISED),NO CONTROLS,DRIVING SKILLS/KNOWLEDGE/EXPERIENCE,UNABLE TO DETERMINE,0,1,2,3,15,5,12,1664,HALSTED ST,41.904159,-87.684192,12/19/2024 04:08:00 PM,2024
CR00006268,06/14/2018 06:30:00 PM,30,CLEAR,DAYLIGHT,REAR TO FRONT,FOUR WAY,STOP SIGN/FLASHER,IMPROPER OVERTAKING/PASSING,FAILING TO YIELD RIGHT-OF-WAY,0,0,0,0,18,5,6,1897,STATE ST,41.904528,-87.602377,06/14/2018 06:31:00 PM,2018
CR00006269,04/06/2018 11:04:00 AM,30,CLEAR,DAYLIGHT,TURNING,NOT DIVIDED,TRAFFIC SIGNAL,FAILING TO YIELD RIGHT-OF-WAY,UNABLE TO DETERMINE,0,0,0,0,11,6,4,976,STONY ISLAND AVE,41.889334,-87.725173,04/06/2018 12:16:00 PM,2018
CR00006270,04/27/2024 04:29:00 AM,20,CLEAR,DARKNESS - LIGHTED ROAD,TURNING,NOT DIVIDED,NO CONTROLS,FAILING TO REDUCE SPEED,FAILING TO YIELD RIGHT-OF-WAY,0,0,0,0,4,7,4,2022,CICERO AVE,41.782477,-87.509085,04/27/2024 04:31:00 AM,2024
CR00006271,07/23/2019 04:31:00 AM,25,CLEAR,DAYLIGHT,REAR END,NOT DIVIDED,STOP SIGN/FLASHER,FOLLOWING TOO CLOSELY,FAILING TO YIELD RIGHT-OF-WAY,0,0,0,0,4,3,7,1493,63RD ST,41.743362,-87.508022,07/23/2019 06:10:00 AM,2019
CR00006272,03/27/2018 02:36:00 PM,30,CLEAR,DARKNESS - LIGHTED ROAD,REAR END,FOUR WAY,NO CONTROLS,UNABLE TO DETERMINE,DISREGARDING TRAFFIC SIGNALS,0,0,0,0,14,3,3,1952,ARCHER AVE,41.75162,-87.819254,03/27/2018 02:55:00 PM,2018
CR00006273,07/19/2020 07:13:00 AM,35,RAIN,DAYLIGHT,SIDESWIPE SAME DIRECTION,DIVIDED - W/MEDIAN (NOT RAISED),TRAFFIC SIGNAL,WEATHER,FAILING TO YIELD RIGHT-OF-WAY,0,0,0,0,7,1,7,479,CALIFORNIA AVE,41.884128,-87.826569,07/19/2020 07:31:00 AM,2020
CR00006274,05/13/2023 08:30:00 AM,25,CLEAR,DARKNESS - LIGHTED ROAD,PARKED MOTOR VEHICLE,NOT DIVIDED,TRAFFIC SIGNAL,FAILING TO YIELD RIGHT-OF-WAY,FOLLOWING TOO CLOSELY,0,0,0,0,8,7,5,2365,STATE ST,41.785261,-87.613901,05/13/2023 09:35:00 AM,2023
CR00006275,11/04/2019 12:52:00 PM,25,RAIN,DAYLIGHT,PARKED MOTOR VEHICLE,NOT DIVIDED,NO CONTROLS,IMPROPER OVERTAKING/PASSING,NOT APPLICABLE,0,1,3,4,12,2,11,1105,ROOSEVELT RD,41.936434,-87.665417,11/04/2019 01:28:00 PM,2019
CR00006276,02/24/2019 04:40:00 PM,15,CLEAR,DAWN,SIDESWIPE SAME DIRECTION,FOUR WAY,STOP SIGN/FLASHER,FAILING TO REDUCE SPEED,NOT APPLICABLE,0,0,0,0,16,1,2,2516,STATE ST,41.958497,-87.827704,02/24/2019 05:45:00 PM,2019
CR00006277,07/04/2020 01:40:00 PM,25,CLEAR,DARKNESS - LIGHTED ROAD,ANGLE,DIVIDED - W/MEDIAN (NOT RAISED),NO CONTROLS,FOLLOWING TOO CLOSELY,DISTRACTION - FROM INSIDE VEHICLE,0,0,0,0,13,7,7,2512,HALSTED ST,41.748509,-87.771148,07/04/2020 02:40:00 PM,2020
CR00006278,01/13/2017 07:53:00 AM,30,CLEAR,DAYLIGHT,SIDESWIPE SAME DIRECTION,NOT DIVIDED,NO CONTROLS,FAILING TO YIELD RIGHT-OF-WAY,IMPROPER LANE USAGE,0,0,1,1,7,6,1,1619,KEDZIE AVE,41.767382,-87.72421,01/13/2017 09:15:00 AM,2017
CR00006279,04/05/2020 01:32:00 PM,45,CLOUDY/OVERCAST,DARKNESS,REAR END,FOUR WAY,NO CONTROLS,DISTRACTION - FROM INSIDE VEHICLE,NOT APPLICABLE,0,0,0,0,13,1,4,578,STONY ISLAND AVE,41.981063,-87.796041,04/05/2020 01:39:00 PM,2020
CR00006280,08/22/2024 07:37:00 AM,30,RAIN,DARKNESS - LIGHTED ROAD,PARKED MOTOR VEHICLE,FOUR WAY,UNKNOWN,UNABLE TO DETERMINE,NOT APPLICABLE,0,0,0,0,7,5,8,458,FULLERTON AVE,41.786042,-87.691256,08/22/2024 08:09:00 AM,2024
CR00006281,12/26/2023 08:25:00 AM,25,RAIN,DUSK,ANGLE,ONE-WAY,NO CONTROLS,UNABLE TO DETERMINE,IMPROPER OVERTAKING/PASSING,0,0,0,0,8,3,12,1128,IRVING PARK RD,41.884988,-87.639309,12/26/2023 09:57:00 AM,2023
CR00006282,03/15/2018 05:16:00 PM,35,CLEAR,DARKNESS - LIGHTED ROAD,REAR END,DIVIDED - W/MEDIAN BARRIER,NO CONTROLS,UNABLE TO DETERMINE,UNABLE TO DETERMINE,0,0,0,0,17,5,3,549,FULLERTON AVE,41.893061,-87.511552,03/15/2018 06:07:00 PM,2018
CR00006283,05/22/2019 04:33:00 AM,15,CLEAR,DAYLIGHT,REAR END,FOUR WAY,NO CONTROLS,IMPROPER OVERTAKING/PASSING,UNABLE TO DETERMINE,0,0,0,0,4,4,5,2305,HALSTED ST,41.923198,-87.526941,05/22/2019 04:37:00 AM,2019
CR00006284,06/29/2016 06:39:00 PM,15,FOG/SMOKE/HAZE,DAYLIGHT,TURNING,NOT DIVIDED,UNKNOWN,UNABLE TO DETERMINE,NOT APPLICABLE,0,1,2,3,18,4,6,613,STATE ST,41.803246,-87.513152,06/29/2016 07:26:00 PM,2016
CR00006285,07/10/2020 06:17:00 AM,45,RAIN,DAWN,FIXED OBJECT,DIVIDED - W/MEDIAN (NOT RAISED),UNKNOWN,FOLLOWING TOO CLOSELY,FOLLOWING TOO CLOSELY,0,0,0,0,6,6,7,279,BROADWAY,41.820117,-87.778319,07/10/2020 08:11:00 AM,2020
CR00006286,08/06/2020 11:27:00 PM,20,CLEAR,DAYLIGHT,REAR TO FRONT,DIVIDED - W/MEDIAN (NOT RAISED),TRAFFIC SIGNAL,DISREGARDING TRAFFIC SIGNALS,IMPROPER LANE USAGE,0,0,0,0,23,5,8,1651,FULLERTON AVE,41.792146,-87.708099,08/07/2020 12:56:00 AM,2020
CR00006287,05/13/2017 05:05:00 PM,45,CLOUDY/OVERCAST,DARKNESS - LIGHTED ROAD,REAR END,DIVIDED - W/MEDIAN BARRIER,STOP SIGN/FLASHER,IMPROPER LANE USAGE,NOT APPLICABLE,0,0,0,0,17,7,5,1958,ROOSEVELT RD,41.883193,-87.579438,05/13/2017 06:35:00 PM,2017
CR00006288,02/22/2017 04:21:00 PM,20,CLEAR,DAYLIGHT,PEDESTRIAN,NOT DIVIDED,PEDESTRIAN CROSSING SIGN,FAILING TO YIELD RIGHT-OF-WAY,UNABLE TO DETERMINE,0,0,0,0,16,4,2,1171,CALIFORNIA AVE,41.765283,-87.706616,02/22/2017 05:00:00 PM,2017
CR00006289,11/02/2017 07:17:00 PM,30,CLEAR,DAYLIGHT,PARKED MOTOR VEHICLE,NOT DIVIDED,UNKNOWN,FAILING TO REDUCE SPEED,UNABLE TO DETERMINE,0,0,0,0,19,5,11,2105,ASHLAND AVE,41.961556,-87.757362,11/02/2017 08:25:00 PM,2017
CR00006290,05/24/2022 08:26:00 AM,15,CLEAR,DAYLIGHT,ANGLE,NOT DIVIDED,TRAFFIC SIGNAL,FAILING TO YIELD RIGHT-OF-WAY,FOLLOWING TOO CLOSELY,0,0,0,0,8,3,5,1886,FULLERTON AVE,41.93207,-87.612416,05/24/2022 08:41:00 AM,2022
CR00006291,11/30/2022 09:17:00 AM,45,CLOUDY/OVERCAST,DARKNESS - LIGHTED ROAD,REAR TO FRONT,NOT DIVIDED,NO CONTROLS,WEATHER,FAILING TO YIELD RIGHT-OF-WAY,0,0,0,0,9,4,11,1472,MILWAUKEE AVE,41.73377,-87.684617,11/30/2022 10:41:00 AM,2022
CR00006292,05/02/2016 03:29:00 AM,35,CLEAR,DAYLIGHT,ANGLE,DIVIDED - W/MEDIAN BARRIER,STOP SIGN/FLASHER,IMPROPER LANE USAGE,UNABLE TO DETERMINE,0,0,0,0,3,2,5,2520,HALSTED ST,41.913243,-87.620857,05/02/2016 04:17:00 AM,2016
CR00006293,04/07/2016 10:29:00 AM,45,RAIN,DAYLIGHT,FIXED OBJECT,NOT DIVIDED,NO CONTROLS,DRIVING SKILLS/KNOWLEDGE/EXPERIENCE,UNABLE TO DETERMINE,0,0,0,0,10,5,4,910,ASHLAND AVE,41.747484,-87.632578,04/07/2016 11:36:00 AM,2016
CR00006294,03/29/2022 09:02:00 PM,30,RAIN,DAYLIGHT,TURNING,DIVIDED - W/MEDIAN (NOT RAISED),STOP SIGN/FLASHER,IMPROPER LANE USAGE,UNABLE TO DETERMINE,0,0,1,1,21,3,3,2204,79TH ST,41.938203,-87.518765,03/29/2022 09:59:00 PM,2022
CR00006295,01/10/2022 08:42:00 PM,40,CLEAR,DARKNESS - LIGHTED ROAD,ANGLE,FOUR WAY,UNKNOWN,FAILING TO REDUCE SPEED,UNABLE TO DETERMINE,0,0,0,0,20,2,1,2339,ASHLAND AVE,41.975542,-87.662828,01/10/2022 10:20:00 PM,2022
CR00006296,10/22/2020 04:37:00 PM,35,CLEAR,DARKNESS - LIGHTED ROAD,SIDESWIPE SAME DIRECTION,NOT DIVIDED,STOP SIGN/FLASHER,DRIVING SKILLS/KNOWLEDGE/EXPERIENCE,FAILING TO REDUCE SPEED,0,0,0,0,16,5,10,449,CLARK ST,41.836263,-87.573431,10/22/2020 06:31:00 PM,2020
CR00006297,10/02/2019 09:59:00 AM,15,CLEAR,DARKNESS - LIGHTED ROAD,ANGLE,FOUR WAY,NO CONTROLS,FAILING TO YIELD RIGHT-OF-WAY,UNABLE TO DETERMINE,0,0,0,0,9,4,10,1075,79TH ST,41.926637,-87.830643,10/02/2019 11:48:00 AM,2019
CR00006298,08/18/2021 08:41:00 AM,20,CLEAR,DAYLIGHT,REAR END,NOT DIVIDED,UNKNOWN,UNABLE TO DETERMINE,DRIVING SKILLS/KNOWLEDGE/EXPERIENCE,0,0,0,0,8,4,8,188,47TH ST,41.863959,-87.635702,08/18/2021 08:53:00 AM,2021
CR00006299,08/14/2023 06:05:00 AM,40,SNOW,DAYLIGHT,TURNING,NOT DIVIDED,NO CONTROLS,UNABLE TO DETERMINE,FAILING TO YIELD RIGHT-OF-WAY,0,0,0,0,6,2,8,1652,BROADWAY,41.715185,-87.61032,08/14/2023 06:30:00 AM,2023
CR00006300,04/21/2022 11:41:00 AM,30,CLOUDY/OVERCAST,DAYLIGHT,REAR END,ONE-WAY,PEDESTRIAN CROSSING SIGN,DISTRACTION - FROM INSIDE VEHICLE,NOT APPLICABLE,0,0,0,0,11,5,4,448,CLARK ST,41.8489,-87.815814,04/21/2022 01:41:00 PM,2022
CR00006301,11/30/2021 01:00:00 AM,25,CLEAR,DAYLIGHT,ANGLE,NOT DIVIDED,TRAFFIC SIGNAL,UNABLE TO DETERMINE,WEATHER,0,0,0,0,1,3,11,626,HALSTED ST,41.967619,-87.765284,11/30/2021 02:37:00 AM,2021
CR00006302,04/28/2017 03:45:00 PM,30,CLEAR,DARKNESS,PARKED MOTOR VEHICLE,DIVIDED - W/MEDIAN (NOT RAISED),NO CONTROLS,FAILING TO REDUCE SPEED,UNABLE TO DETERMINE,0,0,0,0,15,6,4,638,STATE ST,41.887955,-87.757567,04/28/2017 03:53:00 PM,2017
CR00006303,01/24/2022 07:50:00 PM,45,SNOW,DAYLIGHT,REAR END,NOT DIVIDED,NO CONTROLS,FAILING TO YIELD RIGHT-OF-WAY,FAILING TO REDUCE SPEED,0,0,0,0,19,2,1,2169,ARCHER AVE,41.962588,-87.714165,01/24/2022 08:50:00 PM,2022
CR00006304,05/01/2021 07:50:00 AM,20,CLEAR,DAYLIGHT,PARKED MOTOR VEHICLE,FOUR WAY,STOP SIGN/FLASHER,FOLLOWING TOO CLOSELY,FAILING TO REDUCE SPEED,0,0,0,0,7,7,5,2086,MICHIGAN AVE,41.933114,-87.727917,05/01/2021 09:30:00 AM,2021
CR00006305,09/14/2016 10:36:00 PM,30,CLEAR,DAWN,REAR END,DIVIDED - W/MEDIAN BARRIER,NO CONTROLS,FAILING TO YIELD RIGHT-OF-WAY,NOT APPLICABLE,0,0,0,0,22,4,9,2177,PULASKI RD,41.983731,-87.652,09/14/2016 10:48:00 PM,2016
CR00006306,01/18/2021 07:18:00 AM,35,CLEAR,DARKNESS - LIGHTED ROAD,PARKED MOTOR VEHICLE,DIVIDED - W/MEDIAN (NOT RAISED),NO CONTROLS,UNABLE TO DETERMINE,NOT APPLICABLE,0,0,1,1,7,2,1,2077,FULLERTON AVE,41.798976,-87.843963,01/18/2021 08:09:00 AM,2021
CR00006307,04/18/2016 09:49:00 AM,35,RAIN,DAYLIGHT,REAR END,T-INTERSECTION,NO CONTROLS,UNABLE TO DETERMINE,NOT APPLICABLE,0,0,0,0,9,2,4,1917,79TH ST,41.838458,-87.522415,04/18/2016 10:32:00 AM,2016
CR00006308,07/31/2022 07:55:00 AM,30,CLEAR,DARKNESS - LIGHTED ROAD,REAR END,NOT DIVIDED,UNKNOWN,UNABLE TO DETERMINE,WEATHER,0,0,0,0,7,1,7,1654,OGDEN AVE,41.973919,-87.528029,07/31/2022 08:17:00 AM,2022
CR00006309,03/20/2018 10:22:00 AM,35,FREEZING RAIN/DRIZZLE,DUSK,REAR END,DIVIDED - W/MEDIAN (NOT RAISED),NO CONTROLS,FAILING TO REDUCE SPEED,NOT APPLICABLE,0,0,1,1,10,3,3,2462,STATE ST,41.758602,-87.79005,03/20/2018 11:09:00 AM,2018
CR00006310,06/15/2015 08:47:00 AM,35,CLEAR,DAYLIGHT,PARKED MOTOR VEHICLE,NOT DIVIDED,NO CONTROLS,UNABLE TO DETERMINE,FAILING TO YIELD RIGHT-OF-WAY,0,0,0,0,8,2,6,1138,79TH ST,41.847476,-87.787539,06/15/2015 10:34:00 AM,2015
CR00006311,05/18/2019 02:33:00 AM,20,SNOW,DARKNESS - LIGHTED ROAD,REAR END,DIVIDED - W/MEDIAN (NOT RAISED),NO CONTROLS,FAILING TO YIELD RIGHT-OF-WAY,FAILING TO YIELD RIGHT-OF-WAY,0,0,0,0,2,7,5,1987,MILWAUKEE AVE,41.992614,-87.619686,05/18/2019 02:51:00 AM,2019
CR00006312,11/01/2023 07:53:00 PM,25,CLEAR,DAYLIGHT,ANGLE,NOT DIVIDED,NO CONTROLS,DISTRACTION - FROM INSIDE VEHICLE,UNABLE TO DETERMINE,0,0,0,0,19,4,11,771,STONY ISLAND AVE,41.882972,-87.626086,11/01/2023 09:40:00 PM,2023
CR00006313,05/14/2021 08:52:00 AM,20,SNOW,DAYLIGHT,REAR END,DIVIDED - W/MEDIAN (NOT RAISED),NO CONTROLS,DRIVING SKILLS/KNOWLEDGE/EXPERIENCE,DISREGARDING TRAFFIC SIGNALS,0,0,0,0,8,6,5,2225,BROADWAY,41.786863,-87.660715,05/14/2021 09:36:00 AM,2021
CR00006314,03/30/2022 07:49:00 AM,40,CLEAR,DARKNESS - LIGHTED ROAD,FIXED OBJECT,NOT DIVIDED,NO CONTROLS,FOLLOWING TOO CLOSELY,UNABLE TO DETERMINE,0,0,1,1,7,4,3,1378,CLARK ST,41.705787,-87.545276,03/30/2022 08:46:00 AM,2022
CR00006315,01/05/2021 08:22:00 PM,20,CLEAR,DARKNESS - LIGHTED ROAD,FIXED OBJECT,DIVIDED - W/MEDIAN BARRIER,TRAFFIC SIGNAL,FAILING TO YIELD RIGHT-OF-WAY,IMPROPER OVERTAKING/PASSING,0,0,1,1,20,3,1,459,FULLERTON AVE,41.828049,-87.803842,01/05/2021 10:15:00 PM,2021
CR00006316,06/29/2016 12:04:00 AM,20,CLEAR,DAYLIGHT,PARKED MOTOR VEHICLE,DIVIDED - W/MEDIAN (NOT RAISED),NO CONTROLS,FOLLOWING TOO CLOSELY,NOT APPLICABLE,0,0,0,0,0,4,6,871,FULLERTON AVE,41.850088,-87.742562,06/29/2016 12:44:00 AM,2016
CR00006317,03/26/2019 04:34:00 AM,30,CLEAR,DAYLIGHT,SIDESWIPE SAME DIRECTION,ONE-WAY,STOP SIGN/FLASHER,UNABLE TO DETERMINE,FAILING TO REDUCE SPEED,0,0,0,0,4,3,3,2105,ROOSEVELT RD,41.846731,-87.659126,03/26/2019 04:43:00 AM,2019
CR00006318,07/25/2016 01:37:00 PM,20,CLEAR,DAYLIGHT,REAR END,DIVIDED - W/MEDIAN (NOT RAISED),TRAFFIC SIGNAL,FOLLOWING TOO CLOSELY,UNABLE TO DETERMINE,0,0,0,0,13,2,7,2112,STATE ST,41.729651,-87.553979,07/25/2016 03:02:00 PM,2016
CR00006319,11/15/2023 03:23:00 PM,35,CLEAR,DARKNESS - LIGHTED ROAD,SIDESWIPE SAME DIRECTION,NOT DIVIDED,NO CONTROLS,DISTRACTION - FROM INSIDE VEHICLE,UNABLE TO DETERMINE,0,0,0,0,15,4,11,1770,FULLERTON AVE,41.778712,-87.787354,11/15/2023 04:44:00 PM,2023
CR00006320,04/21/2017 04:00:00 PM,45,CLEAR,DAYLIGHT,TURNING,DIVIDED - W/MEDIAN (NOT RAISED),NO CONTROLS,IMPROPER OVERTAKING/PASSING,DISTRACTION - FROM INSIDE VEHICLE,0,0,1,1,16,6,4,2291,STONY ISLAND AVE,41.70723,-87.654107,04/21/2017 04:06:00 PM,2017
CR00006321,05/03/2016 02:21:00 AM,30,CLEAR,DAYLIGHT,TURNING,DIVIDED - W/MEDIAN (NOT RAISED),TRAFFIC SIGNAL,UNABLE TO DETERMINE,FAILING TO YIELD RIGHT-OF-WAY,0,0,0,0,2,3,5,1786,ROOSEVELT RD,41.917129,-87.574371,05/03/2016 02:51:00 AM,2016
CR00006322,04/12/2020 01:21:00 AM,30,CLEAR,DAYLIGHT,TURNING,DIVIDED - W/MEDIAN (NOT RAISED),NO CONTROLS,UNABLE TO DETERMINE,DISREGARDING TRAFFIC SIGNALS,0,0,0,0,1,1,4,1836,LAKE SHORE DR,41.811726,-87.778941,04/12/2020 01:46:00 AM,2020
CR00006323,12/01/2015 11:15:00 AM,30,CLEAR,DAYLIGHT,SIDESWIPE SAME DIRECTION,ONE-WAY,STOP SIGN/FLASHER,UNABLE TO DETERMINE,IMPROPER OVERTAKING/PASSING,0,0,0,0,11,3,12,440,CICERO AVE,41.917511,-87.732594,12/01/2015 12:56:00 PM,2015
CR00006324,07/03/2015 06:32:00 PM,15,CLEAR,DAYLIGHT,FIXED OBJECT,T-INTERSECTION,TRAFFIC SIGNAL,FAILING TO YIELD RIGHT-OF-WAY,FAILING TO YIELD RIGHT-OF-WAY,0,1,3,4,18,6,7,1853,CALIFORNIA AVE,41.904845,-87.531829,07/03/2015 07:44:00 PM,2015
CR00006325,04/03/2017 04:23:00 PM,25,CLEAR,DUSK,SIDESWIPE SAME DIRECTION,FOUR WAY,NO CONTROLS,FOLLOWING TOO CLOSELY,NOT APPLICABLE,0,2,3,5,16,2,4,992,STONY ISLAND AVE,41.716979,-87.841481,04/03/2017 04:39:00 PM,2017
CR00006326,11/20/2024 07:56:00 AM,35,CLEAR,DAYLIGHT,REAR END,DIVIDED - W/MEDIAN BARRIER,UNKNOWN,UNABLE TO DETERMINE,FOLLOWING TOO CLOSELY,0,0,0,0,7,4,11,1525,47TH ST,41.927257,-87.570003,11/20/2024 08:22:00 AM,2024
CR00006327,03/25/2024 05:53:00 AM,30,CLEAR,DAYLIGHT,ANGLE,NOT DIVIDED,YIELD,UNABLE TO DETERMINE,FOLLOWING TOO CLOSELY,0,0,0,0,5,2,3,1037,MICHIGAN AVE,41.725454,-87.520486,03/25/2024 07:06:00 AM,2024
CR00006328,08/19/2020 05:26:00 PM,40,CLEAR,DAYLIGHT,TURNING,DIVIDED - W/MEDIAN BARRIER,TRAFFIC SIGNAL,UNABLE TO DETERMINE,FOLLOWING TOO CLOSELY,0,0,0,0,17,4,8,2419,47TH ST,41.993529,-87.83868,08/19/2020 05:49:00 PM,2020
CR00006329,07/26/2023 11:52:00 AM,30,CLOUDY/OVERCAST,DARKNESS - LIGHTED ROAD,SIDESWIPE SAME DIRECTION,FOUR WAY,NO CONTROLS,FAILING TO YIELD RIGHT-OF-WAY,UNABLE TO DETERMINE,0,0,0,0,11,4,7,743,STONY ISLAND AVE,41.844901,-87.704579,07/26/2023 01:43:00 PM,2023
CR00006330,01/16/2024 11:45:00 AM,35,CLEAR,DARKNESS - LIGHTED ROAD,PEDESTRIAN,NOT DIVIDED,TRAFFIC SIGNAL,DISTRACTION - FROM INSIDE VEHICLE,DISTRACTION - FROM INSIDE VEHICLE,0,0,0,0,11,3,1,1020,47TH ST,41.743335,-87.550081,01/16/2024 12:36:00 PM,2024
CR00006331,05/30/2016 07:52:00 AM,20,CLEAR,DARKNESS - LIGHTED ROAD,REAR END,NOT DIVIDED,YIELD,FAILING TO REDUCE SPEED,IMPROPER OVERTAKING/PASSING,0,0,0,0,7,2,5,1965,CALIFORNIA AVE,41.842971,-87.509857,05/30/2016 08:30:00 AM,2016
CR00006332,10/11/2020 10:09:00 AM,30,CLEAR,DAYLIGHT,REAR TO FRONT,NOT DIVIDED,NO CONTROLS,UNABLE TO DETERMINE,IMPROPER OVERTAKING/PASSING,0,0,0,0,10,1,10,500,63RD ST,41.874043,-87.639403,10/11/2020 12:01:00 PM,2020
CR00006333,04/06/2016 04:56:00 AM,20,RAIN,DAYLIGHT,PEDESTRIAN,T-INTERSECTION,PEDESTRIAN CROSSING SIGN,DISTRACTION - FROM INSIDE VEHICLE,IMPROPER OVERTAKING/PASSING,0,0,0,0,4,4,4,695,IRVING PARK RD,41.774123,-87.589786,04/06/2016 06:08:00 AM,2016
CR00006334,08/07/2023 12:03:00 PM,30,CLEAR,DAYLIGHT,ANGLE,FOUR WAY,NO CONTROLS,UNABLE TO DETERMINE,FOLLOWING TOO CLOSELY,0,0,0,0,12,2,8,1754,LAKE SHORE DR,41.95782,-87.59768,08/07/2023 12:55:00 PM,2023
CR00006335,09/19/2017 05:37:00 PM,40,CLEAR,DUSK,REAR END,NOT DIVIDED,NO CONTROLS,IMPROPER OVERTAKING/PASSING,DISREGARDING TRAFFIC SIGNALS,0,2,3,5,17,3,9,1191,MILWAUKEE AVE,41.828244,-87.807246,09/19/2017 06:34:00 PM,2017
CR00006336,04/09/2017 04:45:00 PM,35,CLEAR,DAYLIGHT,REAR END,ONE-WAY,NO CONTROLS,FOLLOWING TOO CLOSELY,UNABLE TO DETERMINE,0,0,0,0,16,1,4,1750,STATE ST,41.739565,-87.529092,04/09/2017 06:05:00 PM,2017
CR00006337,10/12/2017 01:14:00 AM,20,CLEAR,DAYLIGHT,REAR END,NOT DIVIDED,NO CONTROLS,DISTRACTION - FROM INSIDE VEHICLE,UNABLE TO DETERMINE,0,0,0,0,1,5,10,1531,PULASKI RD,41.908333,-87.829311,10/12/2017 02:25:00 AM,2017
CR00006338,01/16/2017 11:57:00 AM,30,CLEAR,DAYLIGHT,PARKED MOTOR VEHICLE,ONE-WAY,TRAFFIC SIGNAL,IMPROPER LANE USAGE,FAILING TO YIELD RIGHT-OF-WAY,0,0,0,0,11,2,1,1444,DIVISION ST,41.721093,-87.610745,01/16/2017 11:59:00 AM,2017
CR00006339,10/05/2017 06:25:00 PM,30,FREEZING RAIN/DRIZZLE,DAYLIGHT,REAR TO FRONT,NOT DIVIDED,TRAFFIC SIGNAL,FAILING TO REDUCE SPEED,WEATHER,0,0,0,0,18,5,10,137,ELSTON AVE,41.818656,-87.758992,10/05/2017 07:11:00 PM,2017
CR00006340,01/02/2023 11:56:00 AM,30,CLEAR,DARKNESS - LIGHTED ROAD,ANGLE,NOT DIVIDED,TRAFFIC SIGNAL,UNABLE TO DETERMINE,UNABLE TO DETERMINE,0,0,0,0,11,2,1,2530,MILWAUKEE AVE,41.788628,-87.757112,01/02/2023 12:52:00 PM,2023
CR00006341,01/03/2024 02:25:00 AM,15,RAIN,DARKNESS - LIGHTED ROAD,ANGLE,NOT DIVIDED,TRAFFIC SIGNAL,UNABLE TO DETERMINE,NOT APPLICABLE,0,0,0,0,2,4,1,2055,DAMEN AVE,41.977166,-87.603979,01/03/2024 04:19:00 AM,2024
CR00006342,12/26/2015 05:47:00 PM,25,CLEAR,DAYLIGHT,ANGLE,NOT DIVIDED,NO CONTROLS,FOLLOWING TOO CLOSELY,UNABLE TO DETERMINE,0,0,0,0,17,7,12,2253,STATE ST,41.86241,-87.559913,12/26/2015 05:49:00 PM,2015
CR00006343,06/01/2016 09:13:00 AM,30,CLEAR,DAYLIGHT,SIDESWIPE SAME DIRECTION,FOUR WAY,STOP SIGN/FLASHER,FAILING TO YIELD RIGHT-OF-WAY,NOT APPLICABLE,0,0,3,3,9,4,6,2187,KEDZIE AVE,41.733289,-87.555979,06/01/2016 10:58:00 AM,2016
CR00006344,12/03/2015 04:23:00 PM,30,CLEAR,DAYLIGHT,ANGLE,NOT DIVIDED,TRAFFIC SIGNAL,WEATHER,IMPROPER OVERTAKING/PASSING,0,0,0,0,16,5,12,1918,KEDZIE AVE,41.993146,-87.633919,12/03/2015 04:54:00 PM,2015
CR00006345,03/14/2015 02:14:00 PM,45,CLEAR,DARKNESS - LIGHTED ROAD,REAR END,DIVIDED - W/MEDIAN (NOT RAISED),NO CONTROLS,DISTRACTION - FROM INSIDE VEHICLE,FOLLOWING TOO CLOSELY,0,0,0,0,14,7,3,759,47TH ST,41.808957,-87.600021,03/14/2015 02:23:00 PM,2015
CR00006346,11/04/2018 04:30:00 PM,25,RAIN,DARKNESS - LIGHTED ROAD,ANGLE,NOT DIVIDED,NO CONTROLS,DRIVING SKILLS/KNOWLEDGE/EXPERIENCE,IMPROPER LANE USAGE,0,0,1,1,16,1,11,473,ELSTON AVE,41.89268,-87.678528,11/04/2018 04:50:00 PM,2018