CRASH_RECORD_ID,CRASH_DATE,POSTED_SPEED_LIMIT,WEATHER_CONDITION,LIGHTING_CONDITION,FIRST_CRASH_TYPE,TRAFFICWAY_TYPE,TRAFFIC_CONTROL_DEVICE,PRIM_CONTRIBUTORY_CAUSE,SEC_CONTRIBUTORY_CAUSE,INJURIES_FATAL,INJURIES_INCAPACITATING,INJURIES_NON_INCAPACITATING,INJURIES_TOTAL,CRASH_HOUR,CRASH_DAY_OF_WEEK,CRASH_MONTH,BEAT_OF_OCCURRENCE,STREET_NAME,LATITUDE,LONGITUDE,DATE_POLICE_NOTIFIED,year
CR00006347,07/17/2016 10:20:00 AM,45,CLEAR,DARKNESS,PEDESTRIAN,FOUR WAY,STOP SIGN/FLASHER,FAILING TO YIELD RIGHT-OF-WAY,DISTRACTION - FROM INSIDE VEHICLE,0,1,1,2,10,1,7,1512,HALSTED ST,41.784311,-87.796113,07/17/2016 10:28:00 AM,2016
CR00006348,01/13/2021 12:31:00 AM,40,CLEAR,DARKNESS - LIGHTED ROAD,PEDESTRIAN,DIVIDED - W/MEDIAN BARRIER,UNKNOWN,UNABLE TO DETERMINE,UNABLE TO DETERMINE,0,0,2,2,0,4,1,1983,FULLERTON AVE,41.720683,-87.666694,01/13/2021 01:15:00 AM,2021
CR00006349,11/03/2022 08:23:00 AM,35,CLEAR,DAYLIGHT,REAR END,NOT DIVIDED,STOP SIGN/FLASHER,DISREGARDING TRAFFIC SIGNALS,NOT APPLICABLE,0,0,0,0,8,5,11,1765,CALIFORNIA AVE,41.990202,-87.7247,11/03/2022 08:35:00 AM,2022
CR00006350,08/25/2015 05:53:00 PM,45,CLEAR,DARKNESS,REAR END,T-INTERSECTION,NO CONTROLS,DRIVING SKILLS/KNOWLEDGE/EXPERIENCE,UNABLE TO DETERMINE,0,0,0,0,17,3,8,525,WESTERN AVE,41.768766,-87.637388,08/25/2015 07:14:00 PM,2015
CR00006351,03/26/2016 04:50:00 PM,40,SNOW,DARKNESS - LIGHTED ROAD,REAR END,DIVIDED - W/MEDIAN (NOT RAISED),STOP SIGN/FLASHER,UNABLE TO DETERMINE,UNABLE TO DETERMINE,0,0,0,0,16,7,3,1802,KEDZIE AVE,41.725969,-87.553242,03/26/2016 06:17:00 PM,2016
CR00006352,10/24/2018 03:08:00 PM,30,CLOUDY/OVERCAST,DARKNESS - LIGHTED ROAD,ANGLE,NOT DIVIDED,NO CONTROLS,UNABLE TO DETERMINE,IMPROPER OVERTAKING/PASSING,0,0,0,0,15,4,10,1923,STONY ISLAND AVE,41.781697,-87.747232,10/24/2018 03:13:00 PM,2018
CR00006353,09/02/2015 02:18:00 PM,45,CLEAR,DAYLIGHT,ANGLE,NOT DIVIDED,NO CONTROLS,DRIVING SKILLS/KNOWLEDGE/EXPERIENCE,UNABLE TO DETERMINE,0,0,1,1,14,4,9,1926,MILWAUKEE AVE,41.842189,-87.620631,09/02/2015 02:50:00 PM,2015
CR00006354,05/05/2016 04:34:00 PM,40,FOG/SMOKE/HAZE,DAYLIGHT,REAR END,T-INTERSECTION,NO CONTROLS,DRIVING SKILLS/KNOWLEDGE/EXPERIENCE,FOLLOWING TOO CLOSELY,0,0,0,0,16,5,5,1521,DIVISION ST,41.910478,-87.560548,05/05/2016 06:17:00 PM,2016
CR00006355,03/26/2017 03:36:00 PM,35,CLEAR,DARKNESS - LIGHTED ROAD,TURNING,ONE-WAY,TRAFFIC SIGNAL,DISREGARDING TRAFFIC SIGNALS,UNABLE TO DETERMINE,0,0,0,0,15,1,3,1736,OGDEN AVE,41.999233,-87.797093,03/26/2017 05:17:00 PM,2017
CR00006356,01/01/2020 06:31:00 PM,35,CLEAR,DAYLIGHT,PARKED MOTOR VEHICLE,DIVIDED - W/MEDIAN (NOT RAISED),STOP SIGN/FLASHER,FOLLOWING TOO CLOSELY,IMPROPER LANE USAGE,0,0,1,1,18,4,1,1131,DIVISION ST,41.725726,-87.746931,01/01/2020 08:13:00 PM,2020
CR00006357,01/10/2020 07:39:00 PM,15,CLEAR,DARKNESS,TURNING,DIVIDED - W/MEDIAN (NOT RAISED),STOP SIGN/FLASHER,FOLLOWING TOO CLOSELY,NOT APPLICABLE,0,0,0,0,19,6,1,161,FULLERTON AVE,41.916166,-87.68095,01/10/2020 07:50:00 PM,2020
CR00006358,01/23/2024 03:07:00 AM,30,CLOUDY/OVERCAST,DAYLIGHT,SIDESWIPE SAME DIRECTION,DIVIDED - W/MEDIAN (NOT RAISED),NO CONTROLS,UNABLE TO DETERMINE,NOT APPLICABLE,0,0,0,0,3,3,1,437,FULLERTON AVE,41.954487,-87.578043,01/23/2024 04:10:00 AM,2024
CR00006359,02/14/2016 08:16:00 AM,35,CLEAR,DAYLIGHT,ANGLE,DIVIDED - W/MEDIAN (NOT RAISED),TRAFFIC SIGNAL,FOLLOWING TOO CLOSELY,NOT APPLICABLE,0,0,0,0,8,1,2,1329,HALSTED ST,41.918413,-87.740254,02/14/2016 10:06:00 AM,2016
CR00006360,09/08/2015 05:34:00 PM,15,CLEAR,DAYLIGHT,ANGLE,NOT DIVIDED,NO CONTROLS,DRIVING SKILLS/KNOWLEDGE/EXPERIENCE,UNABLE TO DETERMINE,0,0,0,0,17,3,9,1355,STATE ST,41.817512,-87.750229,09/08/2015 07:20:00 PM,2015
CR00006361,02/01/2023 07:04:00 AM,20,CLEAR,DARKNESS - LIGHTED ROAD,SIDESWIPE SAME DIRECTION,NOT DIVIDED,NO CONTROLS,FAILING TO YIELD RIGHT-OF-WAY,FAILING TO REDUCE SPEED,0,0,0,0,7,4,2,466,DIVISION ST,41.901705,-87.643955,02/01/2023 07:09:00 AM,2023
CR00006362,07/11/2017 11:12:00 AM,35,CLEAR,DAYLIGHT,ANGLE,ONE-WAY,STOP SIGN/FLASHER,DISTRACTION - FROM INSIDE VEHICLE,UNABLE TO DETERMINE,0,0,0,0,11,3,7,2230,ROOSEVELT RD,41.853782,-87.805436,07/11/2017 11:14:00 AM,2017
CR00006363,01/02/2016 06:12:00 PM,35,CLEAR,DARKNESS,SIDESWIPE SAME DIRECTION,DIVIDED - W/MEDIAN (NOT RAISED),NO CONTROLS,UNABLE TO DETERMINE,UNABLE TO DETERMINE,0,0,0,0,18,7,1,2071,CALIFORNIA AVE,41.932581,-87.566725,01/02/2016 06:45:00 PM,2016
CR00006364,08/26/2015 07:21:00 AM,45,CLEAR,DAWN,TURNING,FOUR WAY,NO CONTROLS,UNABLE TO DETERMINE,IMPROPER LANE USAGE,0,0,1,1,7,4,8,839,63RD ST,41.90388,-87.562462,08/26/2015 08:54:00 AM,2015
CR00006365,06/26/2016 12:35:00 AM,25,RAIN,DAYLIGHT,REAR END,ONE-WAY,UNKNOWN,FOLLOWING TOO CLOSELY,DISTRACTION - FROM INSIDE VEHICLE,0,0,0,0,0,1,6,528,STATE ST,41.871687,-87.672294,06/26/2016 02:09:00 AM,2016
CR00006366,02/23/2019 12:36:00 PM,20,CLEAR,DARKNESS - LIGHTED ROAD,SIDESWIPE SAME DIRECTION,NOT DIVIDED,NO CONTROLS,DISREGARDING TRAFFIC SIGNALS,FAILING TO YIELD RIGHT-OF-WAY,0,1,2,3,12,7,2,543,MICHIGAN AVE,41.702844,-87.660566,02/23/2019 02:33:00 PM,2019
CR00006367,07/04/2020 07:28:00 PM,45,FREEZING RAIN/DRIZZLE,DAYLIGHT,REAR END,DIVIDED - W/MEDIAN (NOT RAISED),NO CONTROLS,FAILING TO REDUCE SPEED,FAILING TO YIELD RIGHT-OF-WAY,0,0,0,0,19,7,7,2286,ARCHER AVE,41.789457,-87.7599,07/04/2020 09:15:00 PM,2020
CR00006368,02/19/2021 01:43:00 PM,30,CLEAR,DAWN,PARKED MOTOR VEHICLE,NOT DIVIDED,STOP SIGN/FLASHER,FAILING TO REDUCE SPEED,UNABLE TO DETERMINE,0,0,0,0,13,6,2,338,IRVING PARK RD,41.989035,-87.782631,02/19/2021 01:59:00 PM,2021
CR00006369,01/21/2022 03:30:00 PM,30,CLEAR,DAYLIGHT,SIDESWIPE SAME DIRECTION,DIVIDED - W/MEDIAN (NOT RAISED),NO CONTROLS,FAILING TO YIELD RIGHT-OF-WAY,UNABLE TO DETERMINE,0,0,0,0,15,6,1,2180,CLARK ST,41.938988,-87.639804,01/21/2022 05:18:00 PM,2022
CR00006370,05/18/2023 05:40:00 AM,35,CLEAR,DUSK,TURNING,DIVIDED - W/MEDIAN (NOT RAISED),UNKNOWN,FAILING TO YIELD RIGHT-OF-WAY,UNABLE TO DETERMINE,0,0,3,3,5,5,5,682,ELSTON AVE,41.756808,-87.59107,05/18/2023 06:50:00 AM,2023
CR00006371,04/25/2016 07:04:00 AM,15,CLEAR,DARKNESS - LIGHTED ROAD,REAR END,DIVIDED - W/MEDIAN (NOT RAISED),STOP SIGN/FLASHER,UNABLE TO DETERMINE,FOLLOWING TOO CLOSELY,0,1,2,3,7,2,4,998,KEDZIE AVE,41.848435,-87.603921,04/25/2016 08:17:00 AM,2016
CR00006372,07/03/2019 10:07:00 PM,40,CLEAR,DAYLIGHT,REAR TO FRONT,DIVIDED - W/MEDIAN BARRIER,TRAFFIC SIGNAL,DRIVING SKILLS/KNOWLEDGE/EXPERIENCE,NOT APPLICABLE,1,0,1,2,22,4,7,712,63RD ST,41.718706,-87.518375,07/03/2019 10:54:00 PM,2019
CR00006373,03/11/2018 03:24:00 AM,20,CLEAR,DARKNESS - LIGHTED ROAD,SIDESWIPE SAME DIRECTION,FOUR WAY,TRAFFIC SIGNAL,UNABLE TO DETERMINE,DRIVING SKILLS/KNOWLEDGE/EXPERIENCE,0,0,1,1,3,1,3,1909,BROADWAY,41.948224,-87.595856,03/11/2018 04:19:00 AM,2018
CR00006374,03/03/2020 04:33:00 PM,25,CLEAR,DAYLIGHT,ANGLE,DIVIDED - W/MEDIAN BARRIER,TRAFFIC SIGNAL,FAILING TO YIELD RIGHT-OF-WAY,UNABLE TO DETERMINE,0,0,2,2,16,3,3,2359,WESTERN AVE,41.790855,-87.777539,03/03/2020 04:45:00 PM,2020
CR00006375,03/26/2015 02:39:00 PM,20,CLEAR,DARKNESS - LIGHTED ROAD,REAR END,FOUR WAY,TRAFFIC SIGNAL,FAILING TO REDUCE SPEED,UNABLE TO DETERMINE,0,0,0,0,14,5,3,323,IRVING PARK RD,41.840993,-87.790819,03/26/2015 03:16:00 PM,2015
CR00006376,08/26/2016 11:01:00 AM,30,CLOUDY/OVERCAST,DAWN,PARKED MOTOR VEHICLE,NOT DIVIDED,TRAFFIC SIGNAL,UNABLE TO DETERMINE,NOT APPLICABLE,0,0,0,0,11,6,8,847,IRVING PARK RD,41.860645,-87.737807,08/26/2016 11:58:00 AM,2016
CR00006377,02/21/2015 02:30:00 PM,40,CLEAR,DAYLIGHT,ANGLE,NOT DIVIDED,NO CONTROLS,FAILING TO YIELD RIGHT-OF-WAY,IMPROPER LANE USAGE,0,0,0,0,14,7,2,1688,IRVING PARK RD,41.904102,-87.558196,02/21/2015 03:56:00 PM,2015
CR00006378,06/24/2020 12:30:00 PM,30,RAIN,DARKNESS - LIGHTED ROAD,ANGLE,ONE-WAY,UNKNOWN,DISTRACTION - FROM INSIDE VEHICLE,DRIVING SKILLS/KNOWLEDGE/EXPERIENCE,0,0,0,0,12,4,6,2073,47TH ST,41.870323,-87.764231,06/24/2020 01:21:00 PM,2020
CR00006379,06/25/2023 08:12:00 PM,30,CLEAR,DAYLIGHT,FIXED OBJECT,NOT DIVIDED,STOP SIGN/FLASHER,UNABLE TO DETERMINE,FOLLOWING TOO CLOSELY,0,0,0,0,20,1,6,2519,ASHLAND AVE,41.953261,-87.651595,06/25/2023 09:01:00 PM,2023
CR00006380,06/05/2016 10:26:00 AM,35,FREEZING RAIN/DRIZZLE,DARKNESS - LIGHTED ROAD,REAR END,DIVIDED - W/MEDIAN (NOT RAISED),TRAFFIC SIGNAL,FOLLOWING TOO CLOSELY,UNABLE TO DETERMINE,0,0,0,0,10,1,6,430,LAKE SHORE DR,41.706587,-87.72174,06/05/2016 11:51:00 AM,2016
CR00006381,12/29/2017 04:37:00 PM,30,CLEAR,DARKNESS,REAR END,ONE-WAY,TRAFFIC SIGNAL,FAILING TO REDUCE SPEED,NOT APPLICABLE,0,0,0,0,16,6,12,2184,MICHIGAN AVE,41.878108,-87.835619,12/29/2017 06:08:00 PM,2017
CR00006382,03/16/2017 07:41:00 AM,35,CLOUDY/OVERCAST,DAYLIGHT,SIDESWIPE SAME DIRECTION,DIVIDED - W/MEDIAN (NOT RAISED),YIELD,FAILING TO REDUCE SPEED,IMPROPER OVERTAKING/PASSING,0,0,0,0,7,5,3,352,KEDZIE AVE,41.827876,-87.557097,03/16/2017 09:06:00 AM,2017
CR00006383,07/28/2023 05:08:00 AM,30,CLOUDY/OVERCAST,DAYLIGHT,REAR END,NOT DIVIDED,TRAFFIC SIGNAL,DISREGARDING TRAFFIC SIGNALS,FOLLOWING TOO CLOSELY,0,0,0,0,5,6,7,779,ARCHER AVE,41.93024,-87.56921,07/28/2023 06:36:00 AM,2023
CR00006384,01/13/2017 06:32:00 PM,25,CLEAR,DAYLIGHT,REAR END,ONE-WAY,NO CONTROLS,DISTRACTION - FROM INSIDE VEHICLE,FAILING TO YIELD RIGHT-OF-WAY,0,0,0,0,18,6,1,297,CALIFORNIA AVE,41.767908,-87.661943,01/13/2017 06:57:00 PM,2017
CR00006385,09/27/2018 02:46:00 PM,45,CLEAR,DAYLIGHT,REAR END,T-INTERSECTION,TRAFFIC SIGNAL,FOLLOWING TOO CLOSELY,UNABLE TO DETERMINE,0,0,0,0,14,5,9,2381,OGDEN AVE,41.780078,-87.56198,09/27/2018 04:09:00 PM,2018
CR00006386,12/03/2019 04:28:00 PM,40,FREEZING RAIN/DRIZZLE,DAYLIGHT,TURNING,DIVIDED - W/MEDIAN (NOT RAISED),STOP SIGN/FLASHER,UNABLE TO DETERMINE,UNABLE TO DETERMINE,0,0,0,0,16,3,12,1797,OGDEN AVE,41.921653,-87.767436,12/03/2019 05:22:00 PM,2019
CR00006387,10/24/2022 12:44:00 PM,35,CLEAR,DAYLIGHT,REAR END,NOT DIVIDED,NO CONTROLS,WEATHER,NOT APPLICABLE,0,0,0,0,12,2,10,1958,63RD ST,41.729883,-87.75646,10/24/2022 02:39:00 PM,2022
CR00006388,11/19/2015 06:47:00 AM,35,CLEAR,DAWN,SIDESWIPE SAME DIRECTION,FOUR WAY,UNKNOWN,FOLLOWING TOO CLOSELY,NOT APPLICABLE,0,0,2,2,6,5,11,1264,STATE ST,41.804397,-87.779655,11/19/2015 07:38:00 AM,2015
CR00006389,05/03/2020 07:21:00 PM,30,CLEAR,DAYLIGHT,TURNING,DIVIDED - W/MEDIAN BARRIER,TRAFFIC SIGNAL,UNABLE TO DETERMINE,NOT APPLICABLE,0,0,0,0,19,1,5,2403,IRVING PARK RD,41.826961,-87.614965,05/03/2020 09:14:00 PM,2020
CR00006390,09/30/2018 05:20:00 PM,15,CLEAR,DAYLIGHT,ANGLE,NOT DIVIDED,TRAFFIC SIGNAL,FOLLOWING TOO CLOSELY,FAILING TO YIELD RIGHT-OF-WAY,0,0,0,0,17,1,9,1862,CLARK ST,41.859917,-87.686617,09/30/2018 06:23:00 PM,2018
CR00006391,01/06/2022 03:44:00 PM,20,CLEAR,DAYLIGHT,TURNING,NOT DIVIDED,NO CONTROLS,FOLLOWING TOO CLOSELY,DRIVING SKILLS/KNOWLEDGE/EXPERIENCE,0,0,0,0,15,5,1,2116,KEDZIE AVE,41.81082,-87.69677,01/06/2022 04:39:00 PM,2022
CR00006392,06/26/2018 08:10:00 AM,35,CLEAR,DARKNESS,ANGLE,NOT DIVIDED,TRAFFIC SIGNAL,WEATHER,FOLLOWING TOO CLOSELY,0,0,0,0,8,3,6,598,STATE ST,41.807799,-87.783776,06/26/2018 09:19:00 AM,2018
CR00006393,07/19/2017 03:39:00 AM,30,CLEAR,DARKNESS - LIGHTED ROAD,REAR END,NOT DIVIDED,NO CONTROLS,DRIVING SKILLS/KNOWLEDGE/EXPERIENCE,DISTRACTION - FROM INSIDE VEHICLE,0,0,1,1,3,4,7,1985,ASHLAND AVE,41.992413,-87.671431,07/19/2017 04:50:00 AM,2017
CR00006394,07/05/2022 09:48:00 AM,25,CLEAR,DARKNESS - LIGHTED ROAD,REAR END,T-INTERSECTION,UNKNOWN,UNABLE TO DETERMINE,NOT APPLICABLE,0,0,0,0,9,3,7,664,CLARK ST,41.868434,-87.589103,07/05/2022 11:17:00 AM,2022
CR00006395,09/17/2017 07:16:00 AM,45,CLEAR,DAYLIGHT,SIDESWIPE SAME DIRECTION,ONE-WAY,NO CONTROLS,DISREGARDING TRAFFIC SIGNALS,NOT APPLICABLE,0,0,0,0,7,1,9,2321,CICERO AVE,41.802898,-87.608873,09/17/2017 07:51:00 AM,2017
CR00006396,03/14/2022 04:05:00 PM,25,CLEAR,DARKNESS - LIGHTED ROAD,REAR END,DIVIDED - W/MEDIAN (NOT RAISED),NO CONTROLS,UNABLE TO DETERMINE,UNABLE TO DETERMINE,0,0,0,0,16,2,3,1795,MILWAUKEE AVE,41.841817,-87.649864,03/14/2022 05:05:00 PM,2022
CR00006397,11/01/2017 04:34:00 PM,25,CLEAR,DUSK,PARKED MOTOR VEHICLE,T-INTERSECTION,NO CONTROLS,UNABLE TO DETERMINE,DISTRACTION - FROM INSIDE VEHICLE,0,0,0,0,16,4,11,931,STATE ST,41.955219,-87.812631,11/01/2017 06:27:00 PM,2017
CR00006398,06/16/2015 02:32:00 PM,35,CLEAR,DAYLIGHT,ANGLE,DIVIDED - W/MEDIAN (NOT RAISED),STOP SIGN/FLASHER,UNABLE TO DETERMINE,NOT APPLICABLE,0,0,0,0,14,3,6,1182,OGDEN AVE,41.982568,-87.699621,06/16/2015 04:10:00 PM,2015
CR00006399,04/24/2020 11:23:00 AM,45,CLEAR,DARKNESS - LIGHTED ROAD,REAR TO FRONT,DIVIDED - W/MEDIAN (NOT RAISED),STOP SIGN/FLASHER,FAILING TO REDUCE SPEED,DISREGARDING TRAFFIC SIGNALS,0,0,0,0,11,6,4,2483,FULLERTON AVE,41.986492,-87.617594,04/24/2020 01:17:00 PM,2020
CR00006400,11/20/2019 09:10:00 AM,30,RAIN,DAYLIGHT,REAR END,NOT DIVIDED,NO CONTROLS,UNABLE TO DETERMINE,NOT APPLICABLE,0,0,1,1,9,4,11,1916,ARCHER AVE,41.751574,-87.511022,11/20/2019 10:35:00 AM,2019
CR00006401,04/28/2017 07:55:00 PM,35,CLEAR,DAYLIGHT,SIDESWIPE SAME DIRECTION,DIVIDED - W/MEDIAN (NOT RAISED),NO CONTROLS,UNABLE TO DETERMINE,DISREGARDING TRAFFIC SIGNALS,0,0,0,0,19,6,4,131,HALSTED ST,41.908856,-87.505604,04/28/2017 09:45:00 PM,2017
CR00006402,06/09/2020 08:47:00 AM,45,CLEAR,DAYLIGHT,SIDESWIPE SAME DIRECTION,ONE-WAY,TRAFFIC SIGNAL,FAILING TO YIELD RIGHT-OF-WAY,IMPROPER OVERTAKING/PASSING,0,0,0,0,8,3,6,122,47TH ST,41.920765,-87.828866,06/09/2020 10:31:00 AM,2020
CR00006403,04/05/2020 06:30:00 PM,30,FOG/SMOKE/HAZE,DAYLIGHT,SIDESWIPE SAME DIRECTION,NOT DIVIDED,NO CONTROLS,DISTRACTION - FROM INSIDE VEHICLE,FOLLOWING TOO CLOSELY,0,0,0,0,18,1,4,2364,79TH ST,41.933285,-87.758056,04/05/2020 08:27:00 PM,2020
CR00006404,10/03/2023 07:13:00 AM,35,CLEAR,DAYLIGHT,REAR END,NOT DIVIDED,TRAFFIC SIGNAL,UNABLE TO DETERMINE,FAILING TO YIELD RIGHT-OF-WAY,0,0,3,3,7,3,10,2128,ELSTON AVE,41.767284,-87.663245,10/03/2023 07:56:00 AM,2023
CR00006405,03/18/2017 12:31:00 PM,35,RAIN,DARKNESS - LIGHTED ROAD,PEDESTRIAN,T-INTERSECTION,NO CONTROLS,WEATHER,DRIVING SKILLS/KNOWLEDGE/EXPERIENCE,0,1,3,4,12,7,3,1664,MICHIGAN AVE,41.828679,-87.536341,03/18/2017 02:06:00 PM,2017
CR00006406,12/29/2022 03:34:00 AM,45,CLEAR,DAYLIGHT,TURNING,NOT DIVIDED,NO CONTROLS,UNABLE TO DETERMINE,FAILING TO YIELD RIGHT-OF-WAY,0,0,0,0,3,5,12,1922,47TH ST,41.933981,-87.533088,12/29/2022 04:03:00 AM,2022
CR00006407,01/31/2015 09:03:00 AM,30,CLEAR,DARKNESS - LIGHTED ROAD,TURNING,DIVIDED - W/MEDIAN (NOT RAISED),UNKNOWN,FAILING TO YIELD RIGHT-OF-WAY,UNABLE TO DETERMINE,0,0,0,0,9,7,1,1758,STATE ST,41.868808,-87.791823,01/31/2015 09:25:00 AM,2015
CR00006408,07/03/2015 12:16:00 PM,35,CLEAR,DAYLIGHT,ANGLE,NOT DIVIDED,NO CONTROLS,UNABLE TO DETERMINE,UNABLE TO DETERMINE,0,0,0,0,12,6,7,525,KEDZIE AVE,41.83976,-87.655909,07/03/2015 01:53:00 PM,2015
CR00006409,07/24/2024 08:48:00 PM,35,CLEAR,DAYLIGHT,TURNING,DIVIDED - W/MEDIAN (NOT RAISED),STOP SIGN/FLASHER,FAILING TO YIELD RIGHT-OF-WAY,DRIVING SKILLS/KNOWLEDGE/EXPERIENCE,0,0,0,0,20,4,7,1086,ASHLAND AVE,41.859373,-87.690028,07/24/2024 08:55:00 PM,2024
CR00006410,04/18/2017 06:43:00 PM,30,CLEAR,DARKNESS - LIGHTED ROAD,TURNING,NOT DIVIDED,TRAFFIC SIGNAL,DISTRACTION - FROM INSIDE VEHICLE,IMPROPER LANE USAGE,0,0,0,0,18,3,4,990,FULLERTON AVE,41.743324,-87.678918,04/18/2017 07:30:00 PM,2017
CR00006411,02/28/2021 03:50:00 PM,20,CLEAR,DARKNESS - LIGHTED ROAD,TURNING,DIVIDED - W/MEDIAN (NOT RAISED),NO CONTROLS,UNABLE TO DETERMINE,FOLLOWING TOO CLOSELY,0,0,0,0,15,1,2,333,MILWAUKEE AVE,41.887765,-87.707165,02/28/2021 04:06:00 PM,2021
CR00006412,01/01/2018 06:43:00 PM,30,CLOUDY/OVERCAST,DARKNESS - LIGHTED ROAD,REAR END,ONE-WAY,NO CONTROLS,DISREGARDING TRAFFIC SIGNALS,IMPROPER OVERTAKING/PASSING,0,0,0,0,18,2,1,2168,BROADWAY,41.947821,-87.619044,01/01/2018 07:25:00 PM,2018
CR00006413,09/12/2021 03:30:00 PM,20,FREEZING RAIN/DRIZZLE,DAYLIGHT,REAR END,DIVIDED - W/MEDIAN BARRIER,NO CONTROLS,FAILING TO YIELD RIGHT-OF-WAY,UNABLE TO DETERMINE,0,0,2,2,15,1,9,1560,ELSTON AVE,41.930017,-87.698805,09/12/2021 04:17:00 PM,2021
CR00006414,08/22/2017 05:39:00 PM,45,CLEAR,DAYLIGHT,REAR END,ONE-WAY,NO CONTROLS,WEATHER,DISREGARDING TRAFFIC SIGNALS,0,0,0,0,17,3,8,229,FULLERTON AVE,41.796978,-87.828607,08/22/2017 05:43:00 PM,2017
CR00006415,12/17/2020 07:40:00 PM,35,CLEAR,DARKNESS - LIGHTED ROAD,SIDESWIPE SAME DIRECTION,DIVIDED - W/MEDIAN (NOT RAISED),NO CONTROLS,FOLLOWING TOO CLOSELY,UNABLE TO DETERMINE,0,0,0,0,19,5,12,474,PULASKI RD,41.759251,-87.822924,12/17/2020 08:32:00 PM,2020
CR00006416,05/08/2017 03:02:00 PM,35,CLEAR,DAYLIGHT,REAR END,FOUR WAY,NO CONTROLS,FOLLOWING TOO CLOSELY,DISTRACTION - FROM INSIDE VEHICLE,0,0,0,0,15,2,5,1237,ASHLAND AVE,41.728549,-87.640985,05/08/2017 04:07:00 PM,2017
CR00006417,02/27/2024 04:39:00 PM,30,CLEAR,DAYLIGHT,TURNING,FOUR WAY,TRAFFIC SIGNAL,FAILING TO REDUCE SPEED,UNABLE TO DETERMINE,0,0,0,0,16,3,2,1405,CICERO AVE,41.783764,-87.789815,02/27/2024 05:02:00 PM,2024
CR00006418,10/14/2018 05:10:00 PM,20,RAIN,DAYLIGHT,PARKED MOTOR VEHICLE,FOUR WAY,NO CONTROLS,UNABLE TO DETERMINE,UNABLE TO DETERMINE,0,2,1,3,17,1,10,996,OGDEN AVE,41.885134,-87.695952,10/14/2018 05:22:00 PM,2018
CR00006419,09/30/2019 04:25:00 PM,40,CLEAR,DARKNESS - LIGHTED ROAD,SIDESWIPE SAME DIRECTION,DIVIDED - W/MEDIAN BARRIER,STOP SIGN/FLASHER,IMPROPER OVERTAKING/PASSING,WEATHER,0,0,1,1,16,2,9,1412,HALSTED ST,41.990773,-87.596366,09/30/2019 05:55:00 PM,2019
CR00006420,04/22/2023 03:43:00 PM,15,CLEAR,DAYLIGHT,SIDESWIPE SAME DIRECTION,NOT DIVIDED,TRAFFIC SIGNAL,UNABLE TO DETERMINE,IMPROPER OVERTAKING/PASSING,0,0,0,0,15,7,4,1266,BROADWAY,41.874298,-87.513635,04/22/2023 05:39:00 PM,2023
CR00006421,03/07/2016 05:33:00 PM,35,CLEAR,DAYLIGHT,PARKED MOTOR VEHICLE,NOT DIVIDED,NO CONTROLS,IMPROPER LANE USAGE,UNABLE TO DETERMINE,0,0,0,0,17,2,3,1737,STONY ISLAND AVE,41.946588,-87.745897,03/07/2016 06:00:00 PM,2016
CR00006422,12/09/2021 05:46:00 PM,15,CLEAR,DAYLIGHT,REAR END,NOT DIVIDED,NO CONTROLS,IMPROPER OVERTAKING/PASSING,NOT APPLICABLE,0,0,1,1,17,5,12,1715,LAKE SHORE DR,41.729982,-87.624194,12/09/2021 06:22:00 PM,2021
CR00006423,04/09/2017 01:03:00 AM,20,RAIN,DUSK,REAR TO FRONT,NOT DIVIDED,TRAFFIC SIGNAL,DRIVING SKILLS/KNOWLEDGE/EXPERIENCE,FAILING TO REDUCE SPEED,0,0,0,0,1,1,4,1556,KEDZIE AVE,41.73112,-87.748222,04/09/2017 01:52:00 AM,2017
CR00006424,12/27/2024 02:33:00 AM,35,CLEAR,DAYLIGHT,REAR TO FRONT,ONE-WAY,NO CONTROLS,FOLLOWING TOO CLOSELY,WEATHER,0,0,0,0,2,6,12,736,79TH ST,41.961758,-87.564821,12/27/2024 03:06:00 AM,2024
CR00006425,09/23/2022 08:46:00 AM,35,CLEAR,DARKNESS,TURNING,DIVIDED - W/MEDIAN (NOT RAISED),NO CONTROLS,UNABLE TO DETERMINE,DRIVING SKILLS/KNOWLEDGE/EXPERIENCE,0,0,0,0,8,6,9,1312,STATE ST,41.996377,-87.637339,09/23/2022 09:11:00 AM,2022
CR00006426,05/07/2016 05:08:00 PM,25,CLEAR,DARKNESS - LIGHTED ROAD,PARKED MOTOR VEHICLE,T-INTERSECTION,YIELD,FAILING TO YIELD RIGHT-OF-WAY,UNABLE TO DETERMINE,0,0,0,0,17,7,5,1203,MILWAUKEE AVE,41.748724,-87.578443,05/07/2016 06:02:00 PM,2016
CR00006427,04/26/2021 12:52:00 PM,30,CLEAR,DAYLIGHT,FIXED OBJECT,DIVIDED - W/MEDIAN BARRIER,NO CONTROLS,IMPROPER OVERTAKING/PASSING,FAILING TO REDUCE SPEED,0,0,0,0,12,2,4,1976,STATE ST,41.979188,-87.778418,04/26/2021 01:40:00 PM,2021