CRASH_RECORD_ID,CRASH_DATE,POSTED_SPEED_LIMIT,WEATHER_CONDITION,LIGHTING_CONDITION,FIRST_CRASH_TYPE,TRAFFICWAY_TYPE,TRAFFIC_CONTROL_DEVICE,PRIM_CONTRIBUTORY_CAUSE,SEC_CONTRIBUTORY_CAUSE,INJURIES_FATAL,INJURIES_INCAPACITATING,INJURIES_NON_INCAPACITATING,INJURIES_TOTAL,CRASH_HOUR,CRASH_DAY_OF_WEEK,CRASH_MONTH,BEAT_OF_OCCURRENCE,STREET_NAME,LATITUDE,LONGITUDE,DATE_POLICE_NOTIFIED,year
CR00006428,10/14/2024 03:54:00 PM,15,FREEZING RAIN/DRIZZLE,DARKNESS - LIGHTED ROAD,REAR TO FRONT,DIVIDED - W/MEDIAN (NOT RAISED),TRAFFIC SIGNAL,FOLLOWING TOO CLOSELY,FAILING TO YIELD RIGHT-OF-WAY,0,0,0,0,15,2,10,2447,STONY ISLAND AVE,41.8277,-87.705501,10/14/2024 05:33:00 PM,2024
CR00006429,02/21/2022 05:20:00 PM,35,CLEAR,DAYLIGHT,REAR END,NOT DIVIDED,YIELD,IMPROPER LANE USAGE,FOLLOWING TOO CLOSELY,0,0,0,0,17,2,2,848,LAKE SHORE DR,41.87285,-87.591647,02/21/2022 05:29:00 PM,2022
CR00006430,09/09/2017 04:16:00 PM,20,CLEAR,DAYLIGHT,FIXED OBJECT,DIVIDED - W/MEDIAN (NOT RAISED),STOP SIGN/FLASHER,FOLLOWING TOO CLOSELY,NOT APPLICABLE,0,0,0,0,16,7,9,2303,HALSTED ST,41.980145,-87.567993,09/09/2017 05:10:00 PM,2017
CR00006431,12/14/2024 03:59:00 PM,40,CLEAR,DARKNESS - LIGHTED ROAD,REAR END,NOT DIVIDED,NO CONTROLS,DISREGARDING TRAFFIC SIGNALS,IMPROPER LANE USAGE,0,0,0,0,15,7,12,1990,HALSTED ST,41.825438,-87.514348,12/14/2024 05:52:00 PM,2024
CR00006432,09/19/2020 11:32:00 AM,35,CLEAR,DAYLIGHT,REAR END,T-INTERSECTION,NO CONTROLS,DRIVING SKILLS/KNOWLEDGE/EXPERIENCE,NOT APPLICABLE,0,0,3,3,11,7,9,2224,63RD ST,41.747548,-87.529051,09/19/2020 01:01:00 PM,2020
CR00006433,01/23/2022 08:26:00 AM,20,CLEAR,DUSK,ANGLE,NOT DIVIDED,NO CONTROLS,FOLLOWING TOO CLOSELY,DISTRACTION - FROM INSIDE VEHICLE,0,0,0,0,8,1,1,981,IRVING PARK RD,41.845378,-87.706308,01/23/2022 09:59:00 AM,2022
CR00006434,11/03/2021 08:57:00 PM,40,CLEAR,DARKNESS - LIGHTED ROAD,TURNING,ONE-WAY,TRAFFIC SIGNAL,UNABLE TO DETERMINE,FOLLOWING TOO CLOSELY,0,0,0,0,20,4,11,1327,DAMEN AVE,41.865107,-87.543641,11/03/2021 10:21:00 PM,2021
CR00006435,01/10/2018 05:44:00 PM,35,SNOW,DARKNESS - LIGHTED ROAD,REAR END,T-INTERSECTION,NO CONTROLS,DRIVING SKILLS/KNOWLEDGE/EXPERIENCE,UNABLE TO DETERMINE,0,0,0,0,17,4,1,1981,ROOSEVELT RD,41.715384,-87.67598,01/10/2018 05:51:00 PM,2018
CR00006436,07/09/2017 04:34:00 PM,40,FOG/SMOKE/HAZE,DARKNESS,ANGLE,DIVIDED - W/MEDIAN (NOT RAISED),NO CONTROLS,IMPROPER OVERTAKING/PASSING,IMPROPER OVERTAKING/PASSING,0,0,0,0,16,1,7,1366,CALIFORNIA AVE,41.933454,-87.533748,07/09/2017 05:43:00 PM,2017
CR00006437,12/29/2022 12:39:00 PM,30,CLEAR,DAYLIGHT,PEDESTRIAN,DIVIDED - W/MEDIAN (NOT RAISED),TRAFFIC SIGNAL,FAILING TO REDUCE SPEED,UNABLE TO DETERMINE,0,0,0,0,12,5,12,2094,ELSTON AVE,41.786503,-87.501468,12/29/2022 02:10:00 PM,2022
CR00006438,08/05/2024 10:38:00 AM,35,SNOW,DARKNESS - LIGHTED ROAD,PARKED MOTOR VEHICLE,NOT DIVIDED,STOP SIGN/FLASHER,FAILING TO YIELD RIGHT-OF-WAY,FAILING TO YIELD RIGHT-OF-WAY,0,1,1,2,10,2,8,171,LAKE SHORE DR,41.741883,-87.825052,08/05/2024 11:44:00 AM,2024
CR00006439,04/12/2020 03:34:00 PM,15,CLOUDY/OVERCAST,DUSK,PARKED MOTOR VEHICLE,NOT DIVIDED,TRAFFIC SIGNAL,UNABLE TO DETERMINE,FOLLOWING TOO CLOSELY,0,0,0,0,15,1,4,2264,63RD ST,41.874083,-87.503018,04/12/2020 04:22:00 PM,2020
CR00006440,05/26/2017 11:02:00 AM,15,CLEAR,DARKNESS - LIGHTED ROAD,TURNING,NOT DIVIDED,NO CONTROLS,DISREGARDING TRAFFIC SIGNALS,DISTRACTION - FROM INSIDE VEHICLE,0,0,1,1,11,6,5,1933,ROOSEVELT RD,41.964643,-87.5451,05/26/2017 12:16:00 PM,2017
CR00006441,12/16/2019 03:35:00 PM,15,CLEAR,DAYLIGHT,TURNING,NOT DIVIDED,NO CONTROLS,UNABLE TO DETERMINE,UNABLE TO DETERMINE,0,0,0,0,15,2,12,925,ASHLAND AVE,41.859632,-87.65736,12/16/2019 04:07:00 PM,2019
CR00006442,08/19/2019 04:38:00 PM,35,CLEAR,DAYLIGHT,SIDESWIPE SAME DIRECTION,NOT DIVIDED,STOP SIGN/FLASHER,FOLLOWING TOO CLOSELY,UNABLE TO DETERMINE,0,0,3,3,16,2,8,703,DIVISION ST,41.752793,-87.663987,08/19/2019 04:54:00 PM,2019
CR00006443,01/31/2018 07:40:00 AM,35,CLEAR,DAYLIGHT,REAR END,NOT DIVIDED,TRAFFIC SIGNAL,FOLLOWING TOO CLOSELY,FAILING TO YIELD RIGHT-OF-WAY,0,0,0,0,7,4,1,764,CLARK ST,41.857019,-87.578512,01/31/2018 07:42:00 AM,2018
CR00006444,01/15/2020 07:38:00 PM,45,CLEAR,DAYLIGHT,TURNING,DIVIDED - W/MEDIAN (NOT RAISED),NO CONTROLS,DRIVING SKILLS/KNOWLEDGE/EXPERIENCE,DRIVING SKILLS/KNOWLEDGE/EXPERIENCE,0,0,0,0,19,4,1,838,OGDEN AVE,41.974704,-87.583909,01/15/2020 07:52:00 PM,2020
CR00006445,02/28/2019 08:15:00 AM,20,CLOUDY/OVERCAST,DAYLIGHT,SIDESWIPE SAME DIRECTION,FOUR WAY,TRAFFIC SIGNAL,IMPROPER OVERTAKING/PASSING,DRIVING SKILLS/KNOWLEDGE/EXPERIENCE,0,0,1,1,8,5,2,2091,PULASKI RD,41.985491,-87.728275,02/28/2019 08:36:00 AM,2019
CR00006446,11/18/2020 02:19:00 PM,45,CLEAR,DARKNESS,TURNING,NOT DIVIDED,NO CONTROLS,UNABLE TO DETERMINE,FOLLOWING TOO CLOSELY,0,0,0,0,14,4,11,1655,63RD ST,41.815609,-87.500945,11/18/2020 02:27:00 PM,2020
CR00006447,01/31/2022 09:53:00 AM,25,RAIN,DAYLIGHT,REAR END,NOT DIVIDED,TRAFFIC SIGNAL,UNABLE TO DETERMINE,DRIVING SKILLS/KNOWLEDGE/EXPERIENCE,0,0,0,0,9,2,1,864,IRVING PARK RD,41.982475,-87.66192,01/31/2022 10:24:00 AM,2022
CR00006448,12/07/2024 10:43:00 AM,20,CLEAR,DAYLIGHT,TURNING,NOT DIVIDED,TRAFFIC SIGNAL,FOLLOWING TOO CLOSELY,NOT APPLICABLE,0,0,0,0,10,7,12,1510,LAKE SHORE DR,41.853174,-87.623882,12/07/2024 12:05:00 PM,2024
CR00006449,08/25/2020 03:17:00 PM,40,CLEAR,DARKNESS - LIGHTED ROAD,PARKED MOTOR VEHICLE,FOUR WAY,TRAFFIC SIGNAL,IMPROPER OVERTAKING/PASSING,FAILING TO YIELD RIGHT-OF-WAY,0,0,2,2,15,3,8,2063,IRVING PARK RD,41.785904,-87.765329,08/25/2020 04:02:00 PM,2020
CR00006450,11/16/2015 12:51:00 PM,30,CLEAR,DAWN,REAR TO FRONT,NOT DIVIDED,STOP SIGN/FLASHER,IMPROPER OVERTAKING/PASSING,NOT APPLICABLE,0,1,2,3,12,2,11,1514,CALIFORNIA AVE,41.837786,-87.656192,11/16/2015 01:22:00 PM,2015
CR00006451,11/06/2024 12:15:00 PM,30,CLEAR,DAYLIGHT,ANGLE,NOT DIVIDED,STOP SIGN/FLASHER,IMPROPER OVERTAKING/PASSING,NOT APPLICABLE,0,0,0,0,12,4,11,502,KEDZIE AVE,41.894896,-87.747347,11/06/2024 12:57:00 PM,2024
CR00006452,11/07/2015 09:53:00 AM,25,CLEAR,DAWN,REAR END,DIVIDED - W/MEDIAN BARRIER,STOP SIGN/FLASHER,IMPROPER OVERTAKING/PASSING,DISTRACTION - FROM INSIDE VEHICLE,0,0,1,1,9,7,11,1050,PULASKI RD,41.952926,-87.820363,11/07/2015 11:18:00 AM,2015
CR00006453,12/16/2019 06:23:00 PM,45,RAIN,DAYLIGHT,SIDESWIPE SAME DIRECTION,DIVIDED - W/MEDIAN BARRIER,NO CONTROLS,FOLLOWING TOO CLOSELY,NOT APPLICABLE,0,0,0,0,18,2,12,609,LAKE SHORE DR,41.832393,-87.686788,12/16/2019 06:31:00 PM,2019
CR00006454,06/15/2018 11:01:00 AM,20,SNOW,DAYLIGHT,PARKED MOTOR VEHICLE,DIVIDED - W/MEDIAN (NOT RAISED),YIELD,IMPROPER LANE USAGE,NOT APPLICABLE,0,0,0,0,11,6,6,1114,CICERO AVE,41.947695,-87.618843,06/15/2018 12:29:00 PM,2018
CR00006455,08/29/2024 04:23:00 PM,35,CLEAR,DAYLIGHT,TURNING,NOT DIVIDED,NO CONTROLS,IMPROPER OVERTAKING/PASSING,DRIVING SKILLS/KNOWLEDGE/EXPERIENCE,0,0,0,0,16,5,8,1436,ELSTON AVE,41.929054,-87.824472,08/29/2024 05:56:00 PM,2024
CR00006456,06/02/2021 10:46:00 AM,35,CLEAR,DAYLIGHT,REAR TO FRONT,T-INTERSECTION,UNKNOWN,UNABLE TO DETERMINE,DRIVING SKILLS/KNOWLEDGE/EXPERIENCE,0,0,0,0,10,4,6,2420,47TH ST,41.758914,-87.688244,06/02/2021 12:34:00 PM,2021
CR00006457,10/29/2023 07:31:00 PM,30,CLOUDY/OVERCAST,DUSK,ANGLE,DIVIDED - W/MEDIAN BARRIER,NO CONTROLS,UNABLE TO DETERMINE,NOT APPLICABLE,0,0,1,1,19,1,10,2444,47TH ST,41.964379,-87.791464,10/29/2023 08:36:00 PM,2023
CR00006458,05/03/2022 07:46:00 PM,35,CLEAR,DARKNESS - LIGHTED ROAD,TURNING,DIVIDED - W/MEDIAN BARRIER,TRAFFIC SIGNAL,UNABLE TO DETERMINE,UNABLE TO DETERMINE,0,0,0,0,19,3,5,2236,ARCHER AVE,41.970664,-87.845563,05/03/2022 08:49:00 PM,2022
CR00006459,05/09/2023 05:24:00 PM,30,CLEAR,DAYLIGHT,REAR END,NOT DIVIDED,NO CONTROLS,DISTRACTION - FROM INSIDE VEHICLE,UNABLE TO DETERMINE,0,0,0,0,17,3,5,441,CALIFORNIA AVE,41.753725,-87.634338,05/09/2023 05:48:00 PM,2023
CR00006460,01/27/2018 05:42:00 PM,30,CLEAR,DAYLIGHT,SIDESWIPE SAME DIRECTION,DIVIDED - W/MEDIAN BARRIER,YIELD,DISREGARDING TRAFFIC SIGNALS,NOT APPLICABLE,0,0,0,0,17,7,1,1200,ASHLAND AVE,41.730618,-87.62677,01/27/2018 06:38:00 PM,2018
CR00006461,10/29/2020 04:59:00 PM,35,CLEAR,DARKNESS - LIGHTED ROAD,ANGLE,DIVIDED - W/MEDIAN BARRIER,TRAFFIC SIGNAL,UNABLE TO DETERMINE,NOT APPLICABLE,0,0,0,0,16,5,10,2049,79TH ST,41.856754,-87.810385,10/29/2020 06:31:00 PM,2020
CR00006462,04/18/2021 08:24:00 PM,30,FREEZING RAIN/DRIZZLE,DARKNESS,REAR END,DIVIDED - W/MEDIAN (NOT RAISED),NO CONTROLS,FAILING TO REDUCE SPEED,IMPROPER OVERTAKING/PASSING,0,0,0,0,20,1,4,1302,63RD ST,41.835155,-87.777125,04/18/2021 09:36:00 PM,2021
CR00006463,01/30/2020 12:17:00 AM,30,RAIN,DAYLIGHT,TURNING,FOUR WAY,STOP SIGN/FLASHER,UNABLE TO DETERMINE,FAILING TO YIELD RIGHT-OF-WAY,0,0,0,0,0,5,1,1957,IRVING PARK RD,41.798683,-87.818267,01/30/2020 01:16:00 AM,2020
CR00006464,12/31/2020 05:28:00 PM,40,RAIN,DARKNESS,ANGLE,T-INTERSECTION,NO CONTROLS,IMPROPER LANE USAGE,UNABLE TO DETERMINE,0,0,0,0,17,5,12,171,DIVISION ST,41.902656,-87.849263,12/31/2020 05:29:00 PM,2020
CR00006465,10/31/2024 08:32:00 AM,30,CLEAR,DAYLIGHT,ANGLE,ONE-WAY,STOP SIGN/FLASHER,DRIVING SKILLS/KNOWLEDGE/EXPERIENCE,NOT APPLICABLE,0,0,0,0,8,5,10,2134,WESTERN AVE,41.826611,-87.564188,10/31/2024 09:13:00 AM,2024
CR00006466,05/03/2023 07:08:00 AM,30,CLEAR,DAWN,SIDESWIPE SAME DIRECTION,NOT DIVIDED,UNKNOWN,FAILING TO YIELD RIGHT-OF-WAY,WEATHER,0,0,0,0,7,4,5,554,63RD ST,41.966801,-87.52049,05/03/2023 08:51:00 AM,2023
CR00006467,04/07/2019 12:39:00 PM,30,FOG/SMOKE/HAZE,DUSK,REAR END,ONE-WAY,NO CONTROLS,UNABLE TO DETERMINE,UNABLE TO DETERMINE,0,0,0,0,12,1,4,2491,FULLERTON AVE,41.780335,-87.651034,04/07/2019 01:44:00 PM,2019
CR00006468,05/15/2024 07:44:00 AM,25,CLEAR,DARKNESS - LIGHTED ROAD,ANGLE,NOT DIVIDED,NO CONTROLS,DISREGARDING TRAFFIC SIGNALS,FOLLOWING TOO CLOSELY,0,0,0,0,7,4,5,2082,BROADWAY,41.806133,-87.606624,05/15/2024 08:01:00 AM,2024
CR00006469,09/23/2016 04:27:00 PM,20,CLOUDY/OVERCAST,DAYLIGHT,PARKED MOTOR VEHICLE,DIVIDED - W/MEDIAN (NOT RAISED),NO CONTROLS,DRIVING SKILLS/KNOWLEDGE/EXPERIENCE,UNABLE TO DETERMINE,0,0,0,0,16,6,9,2218,FULLERTON AVE,41.970217,-87.584143,09/23/2016 05:24:00 PM,2016
CR00006470,06/04/2016 04:27:00 AM,25,CLOUDY/OVERCAST,DUSK,SIDESWIPE SAME DIRECTION,NOT DIVIDED,TRAFFIC SIGNAL,FAILING TO YIELD RIGHT-OF-WAY,FAILING TO YIELD RIGHT-OF-WAY,0,0,0,0,4,7,6,2044,KEDZIE AVE,41.746335,-87.575608,06/04/2016 06:26:00 AM,2016
CR00006471,09/11/2020 06:43:00 PM,15,CLEAR,DAYLIGHT,REAR END,DIVIDED - W/MEDIAN (NOT RAISED),STOP SIGN/FLASHER,FOLLOWING TOO CLOSELY,FAILING TO YIELD RIGHT-OF-WAY,0,0,0,0,18,6,9,860,DAMEN AVE,41.91426,-87.735708,09/11/2020 06:52:00 PM,2020
CR00006472,09/23/2021 07:13:00 AM,20,CLEAR,DAYLIGHT,TURNING,DIVIDED - W/MEDIAN BARRIER,TRAFFIC SIGNAL,FAILING TO YIELD RIGHT-OF-WAY,NOT APPLICABLE,0,0,0,0,7,5,9,2142,LAKE SHORE DR,41.867599,-87.594002,09/23/2021 07:45:00 AM,2021
CR00006473,03/16/2023 08:12:00 PM,40,CLEAR,DARKNESS,PARKED MOTOR VEHICLE,NOT DIVIDED,TRAFFIC SIGNAL,FOLLOWING TOO CLOSELY,DRIVING SKILLS/KNOWLEDGE/EXPERIENCE,0,0,3,3,20,5,3,1629,ASHLAND AVE,41.705981,-87.849094,03/16/2023 10:05:00 PM,2023
CR00006474,02/18/2019 06:38:00 PM,30,CLEAR,DAYLIGHT,FIXED OBJECT,NOT DIVIDED,NO CONTROLS,FOLLOWING TOO CLOSELY,IMPROPER LANE USAGE,0,0,0,0,18,2,2,1579,STATE ST,41.945904,-87.657054,02/18/2019 06:52:00 PM,2019
CR00006475,03/09/2017 06:10:00 PM,35,CLEAR,DAYLIGHT,SIDESWIPE SAME DIRECTION,NOT DIVIDED,TRAFFIC SIGNAL,DISTRACTION - FROM INSIDE VEHICLE,UNABLE TO DETERMINE,0,0,0,0,18,5,3,1510,CICERO AVE,41.707394,-87.796563,03/09/2017 06:38:00 PM,2017
CR00006476,08/10/2018 03:37:00 PM,40,CLEAR,DAWN,SIDESWIPE SAME DIRECTION,NOT DIVIDED,NO CONTROLS,FAILING TO REDUCE SPEED,FAILING TO YIELD RIGHT-OF-WAY,0,0,0,0,15,6,8,1815,ARCHER AVE,41.900549,-87.786394,08/10/2018 04:39:00 PM,2018
CR00006477,08/19/2015 10:55:00 AM,40,CLEAR,DARKNESS,ANGLE,NOT DIVIDED,NO CONTROLS,UNABLE TO DETERMINE,FAILING TO YIELD RIGHT-OF-WAY,0,0,0,0,10,4,8,1803,ELSTON AVE,41.983986,-87.591852,08/19/2015 11:27:00 AM,2015
CR00006478,06/08/2015 04:24:00 PM,35,CLEAR,DAYLIGHT,TURNING,DIVIDED - W/MEDIAN (NOT RAISED),TRAFFIC SIGNAL,FOLLOWING TOO CLOSELY,FAILING TO YIELD RIGHT-OF-WAY,0,0,0,0,16,2,6,1697,STONY ISLAND AVE,41.907646,-87.724918,06/08/2015 05:46:00 PM,2015
CR00006479,01/28/2024 06:48:00 PM,45,CLEAR,DARKNESS - LIGHTED ROAD,PARKED MOTOR VEHICLE,DIVIDED - W/MEDIAN (NOT RAISED),TRAFFIC SIGNAL,UNABLE TO DETERMINE,UNABLE TO DETERMINE,0,1,0,1,18,1,1,1146,LAKE SHORE DR,41.869368,-87.754433,01/28/2024 07:37:00 PM,2024
CR00006480,12/24/2021 01:55:00 PM,35,CLEAR,DAYLIGHT,PARKED MOTOR VEHICLE,DIVIDED - W/MEDIAN (NOT RAISED),STOP SIGN/FLASHER,DRIVING SKILLS/KNOWLEDGE/EXPERIENCE,UNABLE TO DETERMINE,0,0,0,0,13,6,12,2430,BROADWAY,41.74003,-87.692962,12/24/2021 03:14:00 PM,2021
CR00006481,04/16/2021 05:55:00 PM,15,CLEAR,DAYLIGHT,REAR END,ONE-WAY,STOP SIGN/FLASHER,FAILING TO YIELD RIGHT-OF-WAY,DISTRACTION - FROM INSIDE VEHICLE,0,0,3,3,17,6,4,2327,HALSTED ST,41.969465,-87.800711,04/16/2021 06:04:00 PM,2021
CR00006482,12/07/2024 07:22:00 AM,40,CLEAR,DAYLIGHT,REAR END,DIVIDED - W/MEDIAN (NOT RAISED),NO CONTROLS,FOLLOWING TOO CLOSELY,IMPROPER OVERTAKING/PASSING,0,0,0,0,7,7,12,533,STATE ST,41.952775,-87.670943,12/07/2024 08:11:00 AM,2024
CR00006483,05/20/2022 07:46:00 AM,35,CLEAR,DAYLIGHT,REAR END,DIVIDED - W/MEDIAN (NOT RAISED),NO CONTROLS,UNABLE TO DETERMINE,NOT APPLICABLE,0,0,0,0,7,6,5,2232,MICHIGAN AVE,41.770144,-87.765188,05/20/2022 09:13:00 AM,2022
CR00006484,01/12/2019 08:30:00 PM,15,CLEAR,DAYLIGHT,TURNING,NOT DIVIDED,TRAFFIC SIGNAL,FAILING TO YIELD RIGHT-OF-WAY,DRIVING SKILLS/KNOWLEDGE/EXPERIENCE,0,0,2,2,20,7,1,121,CLARK ST,41.704823,-87.544364,01/12/2019 09:32:00 PM,2019
CR00006485,06/06/2019 11:36:00 PM,30,CLEAR,DAYLIGHT,FIXED OBJECT,DIVIDED - W/MEDIAN (NOT RAISED),TRAFFIC SIGNAL,FAILING TO YIELD RIGHT-OF-WAY,FOLLOWING TOO CLOSELY,0,0,0,0,23,5,6,379,MILWAUKEE AVE,41.967952,-87.518052,06/07/2019 12:24:00 AM,2019
CR00006486,10/13/2024 12:29:00 PM,15,CLEAR,DARKNESS - LIGHTED ROAD,ANGLE,T-INTERSECTION,NO CONTROLS,FAILING TO YIELD RIGHT-OF-WAY,DISTRACTION - FROM INSIDE VEHICLE,0,0,0,0,12,1,10,416,CALIFORNIA AVE,41.926012,-87.632605,10/13/2024 01:49:00 PM,2024
CR00006487,12/24/2017 06:13:00 PM,45,CLEAR,DAYLIGHT,REAR TO FRONT,NOT DIVIDED,STOP SIGN/FLASHER,DISTRACTION - FROM INSIDE VEHICLE,IMPROPER LANE USAGE,0,2,0,2,18,1,12,1319,STATE ST,41.775803,-87.834475,12/24/2017 06:15:00 PM,2017
CR00006488,12/22/2022 11:14:00 AM,40,CLEAR,DAYLIGHT,TURNING,NOT DIVIDED,STOP SIGN/FLASHER,FAILING TO YIELD RIGHT-OF-WAY,FAILING TO YIELD RIGHT-OF-WAY,0,0,0,0,11,5,12,487,IRVING PARK RD,41.747179,-87.819678,12/22/2022 12:18:00 PM,2022
CR00006489,12/16/2023 03:53:00 PM,30,CLOUDY/OVERCAST,DARKNESS - LIGHTED ROAD,PARKED MOTOR VEHICLE,DIVIDED - W/MEDIAN (NOT RAISED),UNKNOWN,UNABLE TO DETERMINE,UNABLE TO DETERMINE,0,0,1,1,15,7,12,2117,BROADWAY,41.898048,-87.706785,12/16/2023 04:29:00 PM,2023
CR00006490,12/12/2017 03:12:00 AM,25,CLEAR,DARKNESS,REAR END,DIVIDED - W/MEDIAN (NOT RAISED),UNKNOWN,DISTRACTION - FROM INSIDE VEHICLE,FAILING TO YIELD RIGHT-OF-WAY,0,0,0,0,3,3,12,371,CLARK ST,41.980631,-87.570215,12/12/2017 03:42:00 AM,2017
CR00006491,01/29/2023 07:09:00 PM,20,CLEAR,DARKNESS - LIGHTED ROAD,PARKED MOTOR VEHICLE,DIVIDED - W/MEDIAN BARRIER,TRAFFIC SIGNAL,FAILING TO REDUCE SPEED,FAILING TO YIELD RIGHT-OF-WAY,0,0,0,0,19,1,1,1532,HALSTED ST,41.776327,-87.749609,01/29/2023 08:16:00 PM,2023
CR00006492,06/10/2015 04:25:00 PM,30,CLEAR,DAYLIGHT,TURNING,NOT DIVIDED,NO CONTROLS,DISTRACTION - FROM INSIDE VEHICLE,UNABLE TO DETERMINE,0,0,0,0,16,4,6,484,ELSTON AVE,41.834629,-87.698264,06/10/2015 06:07:00 PM,2015
CR00006493,11/02/2023 03:54:00 PM,30,CLEAR,DARKNESS - LIGHTED ROAD,TURNING,NOT DIVIDED,NO CONTROLS,DRIVING SKILLS/KNOWLEDGE/EXPERIENCE,NOT APPLICABLE,0,0,0,0,15,5,11,198,OGDEN AVE,41.782194,-87.603901,11/02/2023 05:38:00 PM,2023
CR00006494,03/22/2016 10:40:00 PM,45,CLOUDY/OVERCAST,DAYLIGHT,REAR END,ONE-WAY,TRAFFIC SIGNAL,DRIVING SKILLS/KNOWLEDGE/EXPERIENCE,DISTRACTION - FROM INSIDE VEHICLE,0,0,0,0,22,3,3,1853,PULASKI RD,41.927044,-87.836892,03/22/2016 10:41:00 PM,2016
CR00006495,11/16/2017 10:17:00 PM,45,RAIN,DARKNESS - LIGHTED ROAD,TURNING,T-INTERSECTION,TRAFFIC SIGNAL,UNABLE TO DETERMINE,FAILING TO YIELD RIGHT-OF-WAY,0,0,0,0,22,5,11,578,ELSTON AVE,41.93284,-87.554617,11/16/2017 11:43:00 PM,2017
CR00006496,03/16/2019 06:24:00 AM,30,CLEAR,DARKNESS - LIGHTED ROAD,TURNING,ONE-WAY,TRAFFIC SIGNAL,UNABLE TO DETERMINE,NOT APPLICABLE,0,0,0,0,6,7,3,1396,OGDEN AVE,41.888009,-87.703637,03/16/2019 06:31:00 AM,2019
CR00006497,01/21/2016 10:04:00 AM,35,CLEAR,DARKNESS - LIGHTED ROAD,PEDESTRIAN,DIVIDED - W/MEDIAN (NOT RAISED),STOP SIGN/FLASHER,UNABLE TO DETERMINE,IMPROPER OVERTAKING/PASSING,0,0,2,2,10,5,1,2353,63RD ST,41.925768,-87.800289,01/21/2016 10:51:00 AM,2016
CR00006498,11/30/2016 08:36:00 AM,15,RAIN,DARKNESS,SIDESWIPE SAME DIRECTION,ONE-WAY,TRAFFIC SIGNAL,UNABLE TO DETERMINE,FOLLOWING TOO CLOSELY,0,0,0,0,8,4,11,147,MILWAUKEE AVE,41.789972,-87.552582,11/30/2016 09:44:00 AM,2016
CR00006499,06/08/2024 02:04:00 PM,30,CLOUDY/OVERCAST,DAYLIGHT,PARKED MOTOR VEHICLE,NOT DIVIDED,TRAFFIC SIGNAL,UNABLE TO DETERMINE,FOLLOWING TOO CLOSELY,0,0,0,0,14,7,6,901,CICERO AVE,41.912604,-87.562102,06/08/2024 03:03:00 PM,2024
CR00006500,02/20/2019 08:00:00 AM,45,RAIN,DAYLIGHT,TURNING,NOT DIVIDED,PEDESTRIAN CROSSING SIGN,FAILING TO YIELD RIGHT-OF-WAY,DISREGARDING TRAFFIC SIGNALS,0,2,0,2,8,4,2,787,ELSTON AVE,41.892603,-87.803943,02/20/2019 09:53:00 AM,2019
CR00006501,12/06/2015 01:29:00 PM,45,CLEAR,DAYLIGHT,REAR TO FRONT,NOT DIVIDED,NO CONTROLS,UNABLE TO DETERMINE,NOT APPLICABLE,0,0,0,0,13,1,12,303,CICERO AVE,41.951564,-87.590543,12/06/2015 02:26:00 PM,2015
CR00006502,07/02/2016 03:14:00 PM,15,SNOW,DARKNESS - LIGHTED ROAD,PARKED MOTOR VEHICLE,NOT DIVIDED,NO CONTROLS,UNABLE TO DETERMINE,DRIVING SKILLS/KNOWLEDGE/EXPERIENCE,0,0,0,0,15,7,7,990,47TH ST,41.781465,-87.633578,07/02/2016 03:36:00 PM,2016
CR00006503,06/09/2020 01:47:00 AM,35,CLEAR,DARKNESS - LIGHTED ROAD,ANGLE,DIVIDED - W/MEDIAN BARRIER,TRAFFIC SIGNAL,FOLLOWING TOO CLOSELY,UNABLE TO DETERMINE,0,0,0,0,1,3,6,1718,ARCHER AVE,41.958933,-87.731482,06/09/2020 02:14:00 AM,2020
CR00006504,09/16/2016 04:18:00 PM,45,CLEAR,DAYLIGHT,TURNING,ONE-WAY,STOP SIGN/FLASHER,IMPROPER OVERTAKING/PASSING,IMPROPER LANE USAGE,0,0,0,0,16,6,9,2436,PULASKI RD,41.786507,-87.828674,09/16/2016 04:54:00 PM,2016
CR00006505,05/20/2017 07:46:00 AM,45,CLEAR,DAYLIGHT,REAR END,NOT DIVIDED,NO CONTROLS,WEATHER,FAILING TO YIELD RIGHT-OF-WAY,0,0,0,0,7,7,5,2429,ROOSEVELT RD,41.910632,-87.745446,05/20/2017 08:01:00 AM,2017
CR00006506,10/15/2022 12:38:00 PM,45,RAIN,DARKNESS - LIGHTED ROAD,PARKED MOTOR VEHICLE,NOT DIVIDED,TRAFFIC SIGNAL,WEATHER,FOLLOWING TOO CLOSELY,0,2,3,5,12,7,10,2521,MILWAUKEE AVE,41.871412,-87.788739,10/15/2022 12:44:00 PM,2022
CR00006507,07/17/2018 07:14:00 AM,35,CLOUDY/OVERCAST,DAYLIGHT,REAR END,DIVIDED - W/MEDIAN (NOT RAISED),TRAFFIC SIGNAL,FAILING TO REDUCE SPEED,DISREGARDING TRAFFIC SIGNALS,0,0,0,0,7,3,7,2293,FULLERTON AVE,41.751594,-87.600507,07/17/2018 07:40:00 AM,2018
CR00006508,05/24/2021 08:31:00 AM,35,CLEAR,DUSK,REAR END,DIVIDED - W/MEDIAN (NOT RAISED),TRAFFIC SIGNAL,DRIVING SKILLS/KNOWLEDGE/EXPERIENCE,NOT APPLICABLE,0,0,0,0,8,2,5,785,DIVISION ST,41.758493,-87.664884,05/24/2021 08:49:00 AM,2021