CRASH_RECORD_ID,CRASH_DATE,POSTED_SPEED_LIMIT,WEATHER_CONDITION,LIGHTING_CONDITION,FIRST_CRASH_TYPE,TRAFFICWAY_TYPE,TRAFFIC_CONTROL_DEVICE,PRIM_CONTRIBUTORY_CAUSE,SEC_CONTRIBUTORY_CAUSE,INJURIES_FATAL,INJURIES_INCAPACITATING,INJURIES_NON_INCAPACITATING,INJURIES_TOTAL,CRASH_HOUR,CRASH_DAY_OF_WEEK,CRASH_MONTH,BEAT_OF_OCCURRENCE,STREET_NAME,LATITUDE,LONGITUDE,DATE_POLICE_NOTIFIED,year
CR00006509,04/26/2017 06:47:00 PM,35,CLOUDY/OVERCAST,DARKNESS,REAR TO FRONT,FOUR WAY,NO CONTROLS,IMPROPER OVERTAKING/PASSING,FAILING TO YIELD RIGHT-OF-WAY,0,0,0,0,18,4,4,1082,HALSTED ST,41.979244,-87.742005,04/26/2017 08:46:00 PM,2017
CR00006510,09/13/2018 07:30:00 PM,45,CLEAR,DARKNESS - LIGHTED ROAD,REAR END,DIVIDED - W/MEDIAN (NOT RAISED),STOP SIGN/FLASHER,UNABLE TO DETERMINE,WEATHER,0,0,0,0,19,5,9,618,OGDEN AVE,41.714718,-87.536235,09/13/2018 09:10:00 PM,2018
CR00006511,06/16/2015 08:37:00 AM,15,CLEAR,DAYLIGHT,PARKED MOTOR VEHICLE,NOT DIVIDED,TRAFFIC SIGNAL,UNABLE TO DETERMINE,FOLLOWING TOO CLOSELY,0,0,0,0,8,3,6,1362,ELSTON AVE,41.710468,-87.653598,06/16/2015 10:17:00 AM,2015
CR00006512,03/13/2024 10:28:00 AM,25,CLEAR,DARKNESS - LIGHTED ROAD,TURNING,DIVIDED - W/MEDIAN (NOT RAISED),TRAFFIC SIGNAL,FAILING TO YIELD RIGHT-OF-WAY,NOT APPLICABLE,0,1,3,4,10,4,3,158,ARCHER AVE,41.990907,-87.680942,03/13/2024 11:32:00 AM,2024
CR00006513,09/21/2022 07:33:00 AM,30,SNOW,DAYLIGHT,REAR END,NOT DIVIDED,TRAFFIC SIGNAL,FOLLOWING TOO CLOSELY,DISREGARDING TRAFFIC SIGNALS,0,0,0,0,7,4,9,1573,STONY ISLAND AVE,41.968624,-87.745119,09/21/2022 08:11:00 AM,2022
CR00006514,10/08/2016 02:14:00 AM,30,CLOUDY/OVERCAST,DAYLIGHT,REAR END,FOUR WAY,TRAFFIC SIGNAL,FAILING TO YIELD RIGHT-OF-WAY,FOLLOWING TOO CLOSELY,0,0,0,0,2,7,10,1094,LAKE SHORE DR,41.868201,-87.514528,10/08/2016 04:11:00 AM,2016
CR00006515,01/04/2021 11:11:00 PM,30,CLEAR,DAWN,PARKED MOTOR VEHICLE,FOUR WAY,TRAFFIC SIGNAL,UNABLE TO DETERMINE,UNABLE TO DETERMINE,0,2,1,3,23,2,1,1311,DIVISION ST,41.935531,-87.663693,01/05/2021 12:57:00 AM,2021
CR00006516,12/03/2018 02:44:00 PM,35,CLEAR,DAYLIGHT,REAR END,T-INTERSECTION,PEDESTRIAN CROSSING SIGN,FOLLOWING TOO CLOSELY,FOLLOWING TOO CLOSELY,0,0,0,0,14,2,12,306,CICERO AVE,41.886946,-87.683067,12/03/2018 03:35:00 PM,2018
CR00006517,03/15/2016 08:18:00 PM,40,CLEAR,DAYLIGHT,SIDESWIPE SAME DIRECTION,ONE-WAY,NO CONTROLS,UNABLE TO DETERMINE,IMPROPER OVERTAKING/PASSING,0,0,0,0,20,3,3,2372,OGDEN AVE,41.927706,-87.738848,03/15/2016 08:53:00 PM,2016
CR00006518,06/25/2024 02:35:00 PM,15,CLEAR,DAYLIGHT,ANGLE,DIVIDED - W/MEDIAN BARRIER,YIELD,UNABLE TO DETERMINE,DRIVING SKILLS/KNOWLEDGE/EXPERIENCE,0,0,0,0,14,3,6,1701,ROOSEVELT RD,41.723109,-87.727167,06/25/2024 04:08:00 PM,2024
CR00006519,08/01/2015 03:16:00 PM,35,FREEZING RAIN/DRIZZLE,DAYLIGHT,TURNING,NOT DIVIDED,NO CONTROLS,UNABLE TO DETERMINE,FAILING TO REDUCE SPEED,0,0,0,0,15,7,8,2318,MICHIGAN AVE,41.942291,-87.651624,08/01/2015 04:05:00 PM,2015
CR00006520,07/13/2024 04:10:00 PM,15,CLOUDY/OVERCAST,DARKNESS - LIGHTED ROAD,REAR END,DIVIDED - W/MEDIAN (NOT RAISED),NO CONTROLS,IMPROPER OVERTAKING/PASSING,NOT APPLICABLE,0,0,0,0,16,7,7,1602,63RD ST,41.924649,-87.520231,07/13/2024 05:32:00 PM,2024
CR00006521,12/02/2018 08:08:00 PM,25,CLEAR,DARKNESS - LIGHTED ROAD,TURNING,NOT DIVIDED,PEDESTRIAN CROSSING SIGN,UNABLE TO DETERMINE,IMPROPER OVERTAKING/PASSING,0,0,0,0,20,1,12,1300,ASHLAND AVE,41.868911,-87.643168,12/02/2018 08:48:00 PM,2018
CR00006522,09/19/2022 05:43:00 AM,45,CLEAR,DAYLIGHT,REAR END,DIVIDED - W/MEDIAN (NOT RAISED),TRAFFIC SIGNAL,UNABLE TO DETERMINE,IMPROPER OVERTAKING/PASSING,0,0,0,0,5,2,9,1171,63RD ST,41.971021,-87.51739,09/19/2022 06:15:00 AM,2022
CR00006523,03/14/2024 05:31:00 PM,25,CLEAR,DAYLIGHT,REAR END,DIVIDED - W/MEDIAN (NOT RAISED),NO CONTROLS,WEATHER,NOT APPLICABLE,0,0,0,0,17,5,3,1351,HALSTED ST,41.988147,-87.552798,03/14/2024 06:55:00 PM,2024
CR00006524,09/19/2017 04:39:00 PM,35,CLEAR,DARKNESS - LIGHTED ROAD,SIDESWIPE SAME DIRECTION,NOT DIVIDED,TRAFFIC SIGNAL,FOLLOWING TOO CLOSELY,UNABLE TO DETERMINE,0,0,0,0,16,3,9,613,79TH ST,41.998545,-87.756544,09/19/2017 06:07:00 PM,2017
CR00006525,06/20/2020 05:49:00 PM,15,RAIN,DAYLIGHT,REAR END,DIVIDED - W/MEDIAN (NOT RAISED),TRAFFIC SIGNAL,UNABLE TO DETERMINE,FAILING TO YIELD RIGHT-OF-WAY,0,0,0,0,17,7,6,2379,DIVISION ST,41.960041,-87.717104,06/20/2020 06:06:00 PM,2020
CR00006526,10/15/2018 07:41:00 PM,20,CLOUDY/OVERCAST,DAYLIGHT,REAR END,NOT DIVIDED,TRAFFIC SIGNAL,IMPROPER LANE USAGE,FAILING TO YIELD RIGHT-OF-WAY,0,0,1,1,19,2,10,955,LAKE SHORE DR,41.777633,-87.613534,10/15/2018 09:22:00 PM,2018
CR00006527,01/29/2016 02:37:00 AM,35,CLEAR,DARKNESS - LIGHTED ROAD,FIXED OBJECT,NOT DIVIDED,STOP SIGN/FLASHER,UNABLE TO DETERMINE,UNABLE TO DETERMINE,0,0,1,1,2,6,1,537,IRVING PARK RD,41.750314,-87.644685,01/29/2016 03:24:00 AM,2016
CR00006528,07/29/2016 04:04:00 PM,35,RAIN,DAYLIGHT,REAR END,NOT DIVIDED,PEDESTRIAN CROSSING SIGN,UNABLE TO DETERMINE,IMPROPER OVERTAKING/PASSING,0,0,0,0,16,6,7,658,KEDZIE AVE,41.946965,-87.756739,07/29/2016 04:23:00 PM,2016
CR00006529,02/08/2024 09:41:00 AM,15,CLEAR,DAYLIGHT,REAR END,ONE-WAY,NO CONTROLS,DRIVING SKILLS/KNOWLEDGE/EXPERIENCE,IMPROPER OVERTAKING/PASSING,0,0,0,0,9,5,2,468,OGDEN AVE,41.704861,-87.667736,02/08/2024 10:54:00 AM,2024
CR00006530,08/17/2015 08:26:00 AM,45,CLEAR,DAYLIGHT,PEDESTRIAN,NOT DIVIDED,YIELD,DRIVING SKILLS/KNOWLEDGE/EXPERIENCE,FAILING TO REDUCE SPEED,0,1,2,3,8,2,8,2118,IRVING PARK RD,41.881988,-87.812794,08/17/2015 10:16:00 AM,2015
CR00006531,02/02/2022 07:30:00 AM,40,RAIN,DARKNESS - LIGHTED ROAD,PEDESTRIAN,ONE-WAY,NO CONTROLS,FAILING TO YIELD RIGHT-OF-WAY,NOT APPLICABLE,0,0,2,2,7,4,2,1053,STONY ISLAND AVE,41.98095,-87.685107,02/02/2022 08:06:00 AM,2022
CR00006532,05/11/2015 06:06:00 PM,30,CLEAR,DARKNESS - LIGHTED ROAD,REAR END,T-INTERSECTION,NO CONTROLS,UNABLE TO DETERMINE,FAILING TO YIELD RIGHT-OF-WAY,0,0,0,0,18,2,5,715,CICERO AVE,41.840629,-87.769723,05/11/2015 07:53:00 PM,2015
CR00006533,10/21/2016 03:52:00 PM,30,CLEAR,DAYLIGHT,ANGLE,DIVIDED - W/MEDIAN (NOT RAISED),NO CONTROLS,DISREGARDING TRAFFIC SIGNALS,FAILING TO YIELD RIGHT-OF-WAY,0,0,0,0,15,6,10,1462,ROOSEVELT RD,41.899568,-87.705539,10/21/2016 05:08:00 PM,2016
CR00006534,04/05/2015 04:44:00 PM,15,RAIN,DAYLIGHT,PARKED MOTOR VEHICLE,FOUR WAY,NO CONTROLS,FAILING TO YIELD RIGHT-OF-WAY,FAILING TO YIELD RIGHT-OF-WAY,0,0,1,1,16,1,4,1681,DAMEN AVE,41.729415,-87.809587,04/05/2015 05:38:00 PM,2015
CR00006535,10/31/2018 07:41:00 PM,30,CLEAR,DAYLIGHT,TURNING,NOT DIVIDED,TRAFFIC SIGNAL,UNABLE TO DETERMINE,FAILING TO REDUCE SPEED,0,0,0,0,19,4,10,310,DIVISION ST,41.867296,-87.708445,10/31/2018 08:00:00 PM,2018
CR00006536,05/29/2015 09:09:00 AM,30,CLEAR,DAYLIGHT,ANGLE,FOUR WAY,TRAFFIC SIGNAL,UNABLE TO DETERMINE,IMPROPER OVERTAKING/PASSING,0,0,0,0,9,6,5,1427,STATE ST,41.852155,-87.710973,05/29/2015 10:20:00 AM,2015
CR00006537,01/01/2024 12:33:00 PM,30,CLEAR,DARKNESS - LIGHTED ROAD,PARKED MOTOR VEHICLE,ONE-WAY,NO CONTROLS,IMPROPER OVERTAKING/PASSING,FOLLOWING TOO CLOSELY,0,0,1,1,12,2,1,1744,63RD ST,41.929995,-87.520121,01/01/2024 02:24:00 PM,2024
CR00006538,07/28/2024 07:27:00 PM,40,CLEAR,DAYLIGHT,TURNING,T-INTERSECTION,TRAFFIC SIGNAL,FAILING TO YIELD RIGHT-OF-WAY,UNABLE TO DETERMINE,0,0,0,0,19,1,7,1451,OGDEN AVE,41.731271,-87.570772,07/28/2024 08:28:00 PM,2024
CR00006539,04/22/2020 04:57:00 PM,15,CLEAR,DARKNESS - LIGHTED ROAD,TURNING,NOT DIVIDED,NO CONTROLS,DRIVING SKILLS/KNOWLEDGE/EXPERIENCE,UNABLE TO DETERMINE,0,0,0,0,16,4,4,487,OGDEN AVE,41.835889,-87.775328,04/22/2020 06:15:00 PM,2020
CR00006540,02/19/2018 04:23:00 PM,35,CLEAR,DAWN,TURNING,FOUR WAY,STOP SIGN/FLASHER,FAILING TO YIELD RIGHT-OF-WAY,UNABLE TO DETERMINE,0,0,0,0,16,2,2,480,ELSTON AVE,41.860366,-87.572371,02/19/2018 04:28:00 PM,2018
CR00006541,11/18/2020 03:40:00 PM,40,SNOW,DAYLIGHT,REAR END,DIVIDED - W/MEDIAN (NOT RAISED),NO CONTROLS,IMPROPER LANE USAGE,FAILING TO YIELD RIGHT-OF-WAY,0,0,0,0,15,4,11,180,FULLERTON AVE,41.859262,-87.684482,11/18/2020 04:48:00 PM,2020
CR00006542,02/28/2019 03:24:00 PM,35,RAIN,DARKNESS - LIGHTED ROAD,FIXED OBJECT,NOT DIVIDED,NO CONTROLS,UNABLE TO DETERMINE,FAILING TO YIELD RIGHT-OF-WAY,0,0,1,1,15,5,2,570,MILWAUKEE AVE,41.994981,-87.673461,02/28/2019 04:03:00 PM,2019
CR00006543,05/08/2020 11:13:00 AM,40,CLOUDY/OVERCAST,DARKNESS - LIGHTED ROAD,SIDESWIPE SAME DIRECTION,ONE-WAY,NO CONTROLS,WEATHER,UNABLE TO DETERMINE,0,0,0,0,11,6,5,2260,FULLERTON AVE,41.970517,-87.80951,05/08/2020 12:00:00 PM,2020
CR00006544,01/27/2016 07:03:00 PM,15,RAIN,DAYLIGHT,PARKED MOTOR VEHICLE,DIVIDED - W/MEDIAN BARRIER,STOP SIGN/FLASHER,UNABLE TO DETERMINE,IMPROPER LANE USAGE,0,0,0,0,19,4,1,909,63RD ST,41.917725,-87.811777,01/27/2016 08:42:00 PM,2016
CR00006545,05/31/2019 07:20:00 AM,30,CLEAR,DUSK,REAR TO FRONT,ONE-WAY,NO CONTROLS,FOLLOWING TOO CLOSELY,NOT APPLICABLE,0,0,0,0,7,6,5,1901,KEDZIE AVE,41.96843,-87.512965,05/31/2019 08:52:00 AM,2019
CR00006546,07/22/2024 10:11:00 PM,25,CLEAR,DAYLIGHT,REAR END,T-INTERSECTION,NO CONTROLS,DRIVING SKILLS/KNOWLEDGE/EXPERIENCE,DRIVING SKILLS/KNOWLEDGE/EXPERIENCE,0,0,0,0,22,2,7,1610,BROADWAY,41.866716,-87.59667,07/22/2024 11:17:00 PM,2024
CR00006547,09/02/2023 06:44:00 PM,35,CLEAR,DAWN,REAR TO FRONT,DIVIDED - W/MEDIAN (NOT RAISED),YIELD,IMPROPER LANE USAGE,FOLLOWING TOO CLOSELY,0,2,2,4,18,7,9,2223,PULASKI RD,41.924903,-87.829153,09/02/2023 08:13:00 PM,2023
CR00006548,02/19/2015 12:41:00 AM,30,CLEAR,DAYLIGHT,TURNING,FOUR WAY,NO CONTROLS,UNABLE TO DETERMINE,FAILING TO YIELD RIGHT-OF-WAY,0,0,1,1,0,5,2,903,DIVISION ST,41.822017,-87.552936,02/19/2015 01:52:00 AM,2015
CR00006549,05/26/2023 05:12:00 PM,15,SNOW,DARKNESS,FIXED OBJECT,ONE-WAY,TRAFFIC SIGNAL,DRIVING SKILLS/KNOWLEDGE/EXPERIENCE,DISTRACTION - FROM INSIDE VEHICLE,0,0,0,0,17,6,5,1089,DIVISION ST,41.839163,-87.523314,05/26/2023 05:41:00 PM,2023
CR00006550,05/31/2020 03:28:00 PM,20,RAIN,DARKNESS - LIGHTED ROAD,TURNING,NOT DIVIDED,STOP SIGN/FLASHER,UNABLE TO DETERMINE,FOLLOWING TOO CLOSELY,0,0,0,0,15,1,5,211,DAMEN AVE,41.789973,-87.78459,05/31/2020 05:00:00 PM,2020
CR00006551,08/28/2024 05:57:00 PM,35,CLEAR,DARKNESS - LIGHTED ROAD,REAR END,NOT DIVIDED,TRAFFIC SIGNAL,UNABLE TO DETERMINE,DRIVING SKILLS/KNOWLEDGE/EXPERIENCE,0,0,0,0,17,4,8,2113,KEDZIE AVE,41.8837,-87.605784,08/28/2024 07:14:00 PM,2024
CR00006552,06/07/2019 12:06:00 PM,25,CLEAR,DAYLIGHT,PEDESTRIAN,NOT DIVIDED,NO CONTROLS,FOLLOWING TOO CLOSELY,NOT APPLICABLE,0,0,1,1,12,6,6,2381,HALSTED ST,41.972978,-87.747878,06/07/2019 01:21:00 PM,2019
CR00006553,08/14/2015 08:17:00 AM,40,CLEAR,DAYLIGHT,ANGLE,FOUR WAY,TRAFFIC SIGNAL,FAILING TO REDUCE SPEED,UNABLE TO DETERMINE,0,0,0,0,8,6,8,1424,MICHIGAN AVE,41.759267,-87.540592,08/14/2015 08:41:00 AM,2015
CR00006554,05/11/2022 05:16:00 PM,20,CLEAR,DARKNESS - LIGHTED ROAD,SIDESWIPE SAME DIRECTION,DIVIDED - W/MEDIAN (NOT RAISED),TRAFFIC SIGNAL,IMPROPER OVERTAKING/PASSING,NOT APPLICABLE,0,0,0,0,17,4,5,1506,ELSTON AVE,41.832714,-87.583176,05/11/2022 07:03:00 PM,2022
CR00006555,04/20/2019 05:11:00 PM,35,CLEAR,DAYLIGHT,ANGLE,FOUR WAY,TRAFFIC SIGNAL,UNABLE TO DETERMINE,UNABLE TO DETERMINE,0,0,1,1,17,7,4,1469,KEDZIE AVE,41.758482,-87.81665,04/20/2019 05:26:00 PM,2019
CR00006556,02/02/2023 01:55:00 PM,30,RAIN,DARKNESS - LIGHTED ROAD,PARKED MOTOR VEHICLE,DIVIDED - W/MEDIAN BARRIER,STOP SIGN/FLASHER,DRIVING SKILLS/KNOWLEDGE/EXPERIENCE,DISREGARDING TRAFFIC SIGNALS,0,0,0,0,13,5,2,253,DIVISION ST,41.921741,-87.750608,02/02/2023 02:20:00 PM,2023
CR00006557,01/23/2015 02:22:00 PM,30,CLOUDY/OVERCAST,DARKNESS - LIGHTED ROAD,ANGLE,FOUR WAY,STOP SIGN/FLASHER,DISTRACTION - FROM INSIDE VEHICLE,DRIVING SKILLS/KNOWLEDGE/EXPERIENCE,0,0,0,0,14,6,1,2046,WESTERN AVE,41.932572,-87.595266,01/23/2015 02:35:00 PM,2015
CR00006558,12/25/2017 01:08:00 PM,30,CLEAR,DAYLIGHT,FIXED OBJECT,NOT DIVIDED,UNKNOWN,DISREGARDING TRAFFIC SIGNALS,FAILING TO YIELD RIGHT-OF-WAY,0,0,1,1,13,2,12,130,DAMEN AVE,41.929985,-87.717761,12/25/2017 02:13:00 PM,2017
CR00006559,02/19/2018 05:24:00 AM,35,CLEAR,DAYLIGHT,REAR END,ONE-WAY,PEDESTRIAN CROSSING SIGN,IMPROPER OVERTAKING/PASSING,NOT APPLICABLE,0,0,1,1,5,2,2,2512,STONY ISLAND AVE,41.917999,-87.512578,02/19/2018 06:27:00 AM,2018
CR00006560,01/25/2023 07:32:00 AM,40,CLEAR,DAYLIGHT,SIDESWIPE SAME DIRECTION,DIVIDED - W/MEDIAN (NOT RAISED),NO CONTROLS,FAILING TO YIELD RIGHT-OF-WAY,UNABLE TO DETERMINE,0,0,0,0,7,4,1,2241,ROOSEVELT RD,41.950969,-87.606213,01/25/2023 07:37:00 AM,2023
CR00006561,01/19/2020 04:27:00 PM,35,CLEAR,DARKNESS,REAR END,T-INTERSECTION,STOP SIGN/FLASHER,FAILING TO YIELD RIGHT-OF-WAY,IMPROPER OVERTAKING/PASSING,0,0,0,0,16,1,1,2478,ARCHER AVE,41.801571,-87.662591,01/19/2020 06:05:00 PM,2020
CR00006562,07/16/2024 02:13:00 AM,15,SNOW,DAYLIGHT,REAR END,NOT DIVIDED,NO CONTROLS,FOLLOWING TOO CLOSELY,FOLLOWING TOO CLOSELY,0,0,0,0,2,3,7,2130,ARCHER AVE,41.803498,-87.670497,07/16/2024 03:33:00 AM,2024
CR00006563,10/31/2021 03:42:00 PM,35,CLEAR,DARKNESS - LIGHTED ROAD,TURNING,NOT DIVIDED,NO CONTROLS,UNABLE TO DETERMINE,UNABLE TO DETERMINE,0,0,0,0,15,1,10,263,STONY ISLAND AVE,41.863906,-87.61645,10/31/2021 04:52:00 PM,2021
CR00006564,05/27/2018 10:50:00 AM,30,CLOUDY/OVERCAST,DARKNESS - LIGHTED ROAD,REAR TO FRONT,NOT DIVIDED,UNKNOWN,UNABLE TO DETERMINE,NOT APPLICABLE,0,0,0,0,10,1,5,1202,WESTERN AVE,41.856745,-87.831021,05/27/2018 12:22:00 PM,2018
CR00006565,08/17/2016 09:41:00 AM,25,CLEAR,DARKNESS,PEDESTRIAN,DIVIDED - W/MEDIAN BARRIER,TRAFFIC SIGNAL,DRIVING SKILLS/KNOWLEDGE/EXPERIENCE,NOT APPLICABLE,0,0,3,3,9,4,8,1879,LAKE SHORE DR,41.845162,-87.736198,08/17/2016 11:40:00 AM,2016
CR00006566,08/25/2023 06:07:00 PM,35,RAIN,DARKNESS,REAR END,NOT DIVIDED,TRAFFIC SIGNAL,DISTRACTION - FROM INSIDE VEHICLE,DISTRACTION - FROM INSIDE VEHICLE,0,0,0,0,18,6,8,2452,ELSTON AVE,41.872346,-87.540544,08/25/2023 07:22:00 PM,2023
CR00006567,04/06/2021 11:06:00 AM,30,SNOW,DAYLIGHT,TURNING,FOUR WAY,NO CONTROLS,FAILING TO YIELD RIGHT-OF-WAY,FOLLOWING TOO CLOSELY,0,0,0,0,11,3,4,179,MILWAUKEE AVE,41.721138,-87.814286,04/06/2021 12:43:00 PM,2021
CR00006568,06/17/2024 04:31:00 AM,20,RAIN,DARKNESS - LIGHTED ROAD,TURNING,ONE-WAY,TRAFFIC SIGNAL,UNABLE TO DETERMINE,NOT APPLICABLE,0,0,0,0,4,2,6,541,CLARK ST,41.855432,-87.802622,06/17/2024 05:50:00 AM,2024
CR00006569,05/24/2019 07:52:00 AM,45,CLEAR,DAYLIGHT,ANGLE,DIVIDED - W/MEDIAN (NOT RAISED),TRAFFIC SIGNAL,FOLLOWING TOO CLOSELY,NOT APPLICABLE,0,0,0,0,7,6,5,254,PULASKI RD,41.849342,-87.729906,05/24/2019 09:13:00 AM,2019
CR00006570,12/25/2019 07:01:00 AM,40,CLOUDY/OVERCAST,DAYLIGHT,TURNING,NOT DIVIDED,UNKNOWN,DRIVING SKILLS/KNOWLEDGE/EXPERIENCE,UNABLE TO DETERMINE,0,0,0,0,7,4,12,2206,MILWAUKEE AVE,41.750154,-87.584254,12/25/2019 07:45:00 AM,2019
CR00006571,05/01/2022 05:31:00 PM,30,CLEAR,DARKNESS - LIGHTED ROAD,SIDESWIPE SAME DIRECTION,ONE-WAY,TRAFFIC SIGNAL,DRIVING SKILLS/KNOWLEDGE/EXPERIENCE,UNABLE TO DETERMINE,0,0,0,0,17,1,5,1290,IRVING PARK RD,41.734543,-87.685772,05/01/2022 06:17:00 PM,2022
CR00006572,11/29/2021 04:29:00 PM,25,CLEAR,DAYLIGHT,ANGLE,DIVIDED - W/MEDIAN (NOT RAISED),TRAFFIC SIGNAL,IMPROPER LANE USAGE,IMPROPER OVERTAKING/PASSING,0,1,1,2,16,2,11,2109,CICERO AVE,41.908921,-87.715114,11/29/2021 05:44:00 PM,2021
CR00006573,06/03/2020 11:38:00 AM,45,CLEAR,DAYLIGHT,SIDESWIPE SAME DIRECTION,DIVIDED - W/MEDIAN (NOT RAISED),NO CONTROLS,DISTRACTION - FROM INSIDE VEHICLE,NOT APPLICABLE,0,0,2,2,11,4,6,2072,IRVING PARK RD,41.736036,-87.690472,06/03/2020 12:47:00 PM,2020
CR00006574,05/30/2015 08:03:00 AM,30,RAIN,DAYLIGHT,REAR END,DIVIDED - W/MEDIAN (NOT RAISED),STOP SIGN/FLASHER,WEATHER,FOLLOWING TOO CLOSELY,0,0,0,0,8,7,5,932,47TH ST,41.918217,-87.671423,05/30/2015 08:32:00 AM,2015
CR00006575,06/28/2015 07:14:00 AM,35,CLEAR,DAWN,PARKED MOTOR VEHICLE,FOUR WAY,NO CONTROLS,FOLLOWING TOO CLOSELY,UNABLE TO DETERMINE,0,0,2,2,7,1,6,1332,47TH ST,41.963879,-87.786837,06/28/2015 07:31:00 AM,2015
CR00006576,04/24/2016 10:14:00 AM,30,SNOW,DARKNESS - LIGHTED ROAD,ANGLE,NOT DIVIDED,TRAFFIC SIGNAL,FOLLOWING TOO CLOSELY,FOLLOWING TOO CLOSELY,0,0,0,0,10,1,4,2271,OGDEN AVE,41.961258,-87.843326,04/24/2016 10:18:00 AM,2016
CR00006577,08/14/2015 07:39:00 AM,40,CLEAR,DAYLIGHT,ANGLE,T-INTERSECTION,UNKNOWN,UNABLE TO DETERMINE,WEATHER,0,0,0,0,7,6,8,1399,WESTERN AVE,41.838068,-87.768679,08/14/2015 09:10:00 AM,2015
CR00006578,02/15/2022 05:40:00 PM,25,CLEAR,DUSK,FIXED OBJECT,NOT DIVIDED,NO CONTROLS,FAILING TO YIELD RIGHT-OF-WAY,UNABLE TO DETERMINE,0,0,0,0,17,3,2,2488,FULLERTON AVE,41.989462,-87.542451,02/15/2022 06:19:00 PM,2022
CR00006579,08/05/2021 06:52:00 PM,15,CLEAR,DARKNESS - LIGHTED ROAD,REAR END,DIVIDED - W/MEDIAN (NOT RAISED),NO CONTROLS,DRIVING SKILLS/KNOWLEDGE/EXPERIENCE,FAILING TO REDUCE SPEED,0,0,0,0,18,5,8,2336,DAMEN AVE,41.875079,-87.760846,08/05/2021 06:53:00 PM,2021
CR00006580,03/21/2023 05:37:00 PM,35,CLEAR,DARKNESS - LIGHTED ROAD,TURNING,NOT DIVIDED,TRAFFIC SIGNAL,FAILING TO YIELD RIGHT-OF-WAY,FOLLOWING TOO CLOSELY,0,0,0,0,17,3,3,1649,ASHLAND AVE,41.995439,-87.673092,03/21/2023 06:17:00 PM,2023
CR00006581,10/30/2017 01:53:00 AM,15,CLEAR,DAYLIGHT,REAR END,DIVIDED - W/MEDIAN (NOT RAISED),NO CONTROLS,UNABLE TO DETERMINE,FAILING TO YIELD RIGHT-OF-WAY,0,0,0,0,1,2,10,2383,IRVING PARK RD,41.931512,-87.754726,10/30/2017 02:27:00 AM,2017
CR00006582,08/19/2021 03:53:00 PM,35,CLEAR,DAYLIGHT,REAR END,NOT DIVIDED,TRAFFIC SIGNAL,DISTRACTION - FROM INSIDE VEHICLE,NOT APPLICABLE,0,0,0,0,15,5,8,2266,KEDZIE AVE,41.860934,-87.710101,08/19/2021 05:13:00 PM,2021
CR00006583,02/19/2019 02:28:00 PM,30,CLEAR,DAYLIGHT,PARKED MOTOR VEHICLE,DIVIDED - W/MEDIAN (NOT RAISED),NO CONTROLS,DRIVING SKILLS/KNOWLEDGE/EXPERIENCE,DISTRACTION - FROM INSIDE VEHICLE,0,0,0,0,14,3,2,1093,CLARK ST,41.960933,-87.535899,02/19/2019 02:55:00 PM,2019
CR00006584,12/20/2018 03:54:00 PM,30,CLOUDY/OVERCAST,DARKNESS,REAR END,DIVIDED - W/MEDIAN BARRIER,STOP SIGN/FLASHER,FAILING TO YIELD RIGHT-OF-WAY,FOLLOWING TOO CLOSELY,0,0,0,0,15,5,12,1942,63RD ST,41.834328,-87.813429,12/20/2018 04:15:00 PM,2018
CR00006585,06/15/2017 04:28:00 PM,20,CLEAR,DUSK,REAR TO FRONT,DIVIDED - W/MEDIAN BARRIER,NO CONTROLS,DISREGARDING TRAFFIC SIGNALS,NOT APPLICABLE,0,0,0,0,16,5,6,137,ARCHER AVE,41.99524,-87.781634,06/15/2017 05:07:00 PM,2017
CR00006586,06/13/2015 09:46:00 AM,35,CLEAR,DAWN,TURNING,NOT DIVIDED,NO CONTROLS,UNABLE TO DETERMINE,UNABLE TO DETERMINE,0,0,1,1,9,7,6,1253,PULASKI RD,41.815888,-87.563232,06/13/2015 11:45:00 AM,2015
CR00006587,03/19/2016 08:52:00 AM,30,RAIN,DAYLIGHT,ANGLE,DIVIDED - W/MEDIAN (NOT RAISED),NO CONTROLS,FOLLOWING TOO CLOSELY,IMPROPER OVERTAKING/PASSING,0,0,0,0,8,7,3,1583,STONY ISLAND AVE,41.818982,-87.764159,03/19/2016 09:23:00 AM,2016
CR00006588,09/15/2017 09:22:00 AM,45,SNOW,DAYLIGHT,REAR END,ONE-WAY,TRAFFIC SIGNAL,IMPROPER OVERTAKING/PASSING,FAILING TO REDUCE SPEED,0,0,0,0,9,6,9,1442,PULASKI RD,41.927181,-87.620487,09/15/2017 10:42:00 AM,2017
CR00006589,04/25/2016 05:15:00 PM,35,CLEAR,DARKNESS,ANGLE,NOT DIVIDED,YIELD,FOLLOWING TOO CLOSELY,UNABLE TO DETERMINE,0,0,0,0,17,2,4,741,LAKE SHORE DR,41.930956,-87.743703,04/25/2016 05:43:00 PM,2016
CR00006590,09/22/2019 08:13:00 PM,20,CLEAR,DARKNESS - LIGHTED ROAD,REAR END,NOT DIVIDED,TRAFFIC SIGNAL,WEATHER,UNABLE TO DETERMINE,0,0,0,0,20,1,9,1229,ROOSEVELT RD,41.796223,-87.610985,09/22/2019 08:58:00 PM,2019