CRASH_RECORD_ID,CRASH_DATE,POSTED_SPEED_LIMIT,WEATHER_CONDITION,LIGHTING_CONDITION,FIRST_CRASH_TYPE,TRAFFICWAY_TYPE,TRAFFIC_CONTROL_DEVICE,PRIM_CONTRIBUTORY_CAUSE,SEC_CONTRIBUTORY_CAUSE,INJURIES_FATAL,INJURIES_INCAPACITATING,INJURIES_NON_INCAPACITATING,INJURIES_TOTAL,CRASH_HOUR,CRASH_DAY_OF_WEEK,CRASH_MONTH,BEAT_OF_OCCURRENCE,STREET_NAME,LATITUDE,LONGITUDE,DATE_POLICE_NOTIFIED,year
CR00006591,08/22/2020 11:23:00 AM,40,CLEAR,DAYLIGHT,PEDESTRIAN,DIVIDED - W/MEDIAN (NOT RAISED),TRAFFIC SIGNAL,UNABLE TO DETERMINE,NOT APPLICABLE,0,0,0,0,11,7,8,409,KEDZIE AVE,41.731034,-87.591211,08/22/2020 11:52:00 AM,2020
CR00006592,01/13/2019 06:32:00 PM,30,CLEAR,DAYLIGHT,PARKED MOTOR VEHICLE,FOUR WAY,TRAFFIC SIGNAL,FAILING TO YIELD RIGHT-OF-WAY,DISTRACTION - FROM INSIDE VEHICLE,0,0,3,3,18,1,1,2332,IRVING PARK RD,41.782031,-87.677331,01/13/2019 07:32:00 PM,2019
CR00006593,06/10/2024 05:00:00 PM,20,RAIN,DAYLIGHT,REAR END,DIVIDED - W/MEDIAN (NOT RAISED),NO CONTROLS,DRIVING SKILLS/KNOWLEDGE/EXPERIENCE,FOLLOWING TOO CLOSELY,0,0,0,0,17,2,6,2389,FULLERTON AVE,41.718482,-87.810204,06/10/2024 06:09:00 PM,2024
CR00006594,07/26/2017 07:54:00 PM,20,SNOW,DAYLIGHT,ANGLE,ONE-WAY,TRAFFIC SIGNAL,IMPROPER LANE USAGE,NOT APPLICABLE,0,0,0,0,19,4,7,2365,PULASKI RD,41.746862,-87.845919,07/26/2017 09:08:00 PM,2017
CR00006595,04/14/2021 03:19:00 PM,30,CLEAR,DAYLIGHT,REAR TO FRONT,ONE-WAY,NO CONTROLS,UNABLE TO DETERMINE,UNABLE TO DETERMINE,0,0,0,0,15,4,4,2447,KEDZIE AVE,41.773018,-87.68588,04/14/2021 04:41:00 PM,2021
CR00006596,06/17/2023 02:26:00 AM,35,CLEAR,DAYLIGHT,REAR END,NOT DIVIDED,TRAFFIC SIGNAL,WEATHER,FOLLOWING TOO CLOSELY,0,0,0,0,2,7,6,731,47TH ST,41.867354,-87.531928,06/17/2023 02:40:00 AM,2023
CR00006597,12/29/2023 05:30:00 AM,35,CLEAR,DAYLIGHT,REAR TO FRONT,DIVIDED - W/MEDIAN (NOT RAISED),UNKNOWN,UNABLE TO DETERMINE,NOT APPLICABLE,0,0,0,0,5,6,12,425,47TH ST,41.994557,-87.786076,12/29/2023 06:30:00 AM,2023
CR00006598,06/14/2022 04:49:00 PM,20,CLEAR,DARKNESS,FIXED OBJECT,ONE-WAY,NO CONTROLS,UNABLE TO DETERMINE,DRIVING SKILLS/KNOWLEDGE/EXPERIENCE,0,0,0,0,16,3,6,1118,MICHIGAN AVE,41.806241,-87.739349,06/14/2022 05:09:00 PM,2022
CR00006599,12/21/2021 08:13:00 AM,20,CLEAR,DAYLIGHT,REAR END,DIVIDED - W/MEDIAN (NOT RAISED),STOP SIGN/FLASHER,UNABLE TO DETERMINE,FOLLOWING TOO CLOSELY,0,1,1,2,8,3,12,1172,LAKE SHORE DR,41.775888,-87.565381,12/21/2021 09:50:00 AM,2021
CR00006600,09/05/2017 04:12:00 PM,15,CLEAR,DAYLIGHT,REAR END,DIVIDED - W/MEDIAN BARRIER,UNKNOWN,DRIVING SKILLS/KNOWLEDGE/EXPERIENCE,UNABLE TO DETERMINE,0,0,0,0,16,3,9,2534,63RD ST,41.965623,-87.775642,09/05/2017 05:13:00 PM,2017
CR00006601,07/03/2021 11:50:00 AM,30,CLEAR,DARKNESS - LIGHTED ROAD,PARKED MOTOR VEHICLE,NOT DIVIDED,TRAFFIC SIGNAL,WEATHER,IMPROPER OVERTAKING/PASSING,0,0,0,0,11,7,7,545,WESTERN AVE,41.802464,-87.551437,07/03/2021 12:30:00 PM,2021
CR00006602,06/01/2015 07:28:00 AM,35,CLEAR,DARKNESS - LIGHTED ROAD,FIXED OBJECT,ONE-WAY,TRAFFIC SIGNAL,UNABLE TO DETERMINE,UNABLE TO DETERMINE,0,0,0,0,7,2,6,1876,STATE ST,41.848578,-87.638099,06/01/2015 09:27:00 AM,2015
CR00006603,12/11/2021 03:08:00 AM,35,CLEAR,DAYLIGHT,PARKED MOTOR VEHICLE,DIVIDED - W/MEDIAN (NOT RAISED),STOP SIGN/FLASHER,IMPROPER OVERTAKING/PASSING,NOT APPLICABLE,0,0,1,1,3,7,12,1738,KEDZIE AVE,41.922783,-87.527826,12/11/2021 04:04:00 AM,2021
CR00006604,07/23/2015 02:10:00 PM,30,CLEAR,DARKNESS - LIGHTED ROAD,REAR END,NOT DIVIDED,STOP SIGN/FLASHER,UNABLE TO DETERMINE,FAILING TO REDUCE SPEED,0,0,0,0,14,5,7,538,IRVING PARK RD,41.835759,-87.687067,07/23/2015 03:50:00 PM,2015
CR00006605,03/23/2017 04:50:00 AM,45,CLEAR,DARKNESS - LIGHTED ROAD,SIDESWIPE SAME DIRECTION,DIVIDED - W/MEDIAN (NOT RAISED),UNKNOWN,UNABLE TO DETERMINE,UNABLE TO DETERMINE,0,0,0,0,4,5,3,772,HALSTED ST,41.867564,-87.585664,03/23/2017 05:48:00 AM,2017
CR00006606,09/02/2018 09:19:00 AM,35,SNOW,DAYLIGHT,REAR TO FRONT,DIVIDED - W/MEDIAN BARRIER,STOP SIGN/FLASHER,FAILING TO REDUCE SPEED,UNABLE TO DETERMINE,0,0,0,0,9,1,9,1653,DAMEN AVE,41.940903,-87.562675,09/02/2018 10:39:00 AM,2018
CR00006607,05/04/2021 06:38:00 AM,15,CLEAR,DAYLIGHT,REAR END,DIVIDED - W/MEDIAN (NOT RAISED),YIELD,FAILING TO REDUCE SPEED,DISTRACTION - FROM INSIDE VEHICLE,0,0,0,0,6,3,5,2396,STATE ST,41.960858,-87.712406,05/04/2021 07:04:00 AM,2021
CR00006608,02/26/2024 09:37:00 AM,30,CLEAR,DAYLIGHT,PEDESTRIAN,DIVIDED - W/MEDIAN (NOT RAISED),TRAFFIC SIGNAL,FAILING TO YIELD RIGHT-OF-WAY,DISREGARDING TRAFFIC SIGNALS,0,0,0,0,9,2,2,1686,FULLERTON AVE,41.906911,-87.759832,02/26/2024 11:02:00 AM,2024
CR00006609,06/14/2022 10:48:00 AM,30,CLOUDY/OVERCAST,DAYLIGHT,PARKED MOTOR VEHICLE,ONE-WAY,TRAFFIC SIGNAL,IMPROPER LANE USAGE,DISREGARDING TRAFFIC SIGNALS,0,0,0,0,10,3,6,321,ELSTON AVE,41.891462,-87.742844,06/14/2022 12:00:00 PM,2022
CR00006610,11/30/2015 11:20:00 AM,30,CLEAR,DARKNESS - LIGHTED ROAD,PEDESTRIAN,DIVIDED - W/MEDIAN (NOT RAISED),STOP SIGN/FLASHER,FAILING TO YIELD RIGHT-OF-WAY,FAILING TO REDUCE SPEED,0,0,0,0,11,2,11,770,DAMEN AVE,41.81382,-87.74728,11/30/2015 01:05:00 PM,2015
CR00006611,08/24/2023 10:43:00 AM,30,CLEAR,DAYLIGHT,SIDESWIPE SAME DIRECTION,T-INTERSECTION,YIELD,IMPROPER LANE USAGE,FAILING TO YIELD RIGHT-OF-WAY,0,0,0,0,10,5,8,1963,HALSTED ST,41.859787,-87.604048,08/24/2023 11:56:00 AM,2023
CR00006612,03/04/2022 06:10:00 PM,45,CLEAR,DAYLIGHT,SIDESWIPE SAME DIRECTION,NOT DIVIDED,TRAFFIC SIGNAL,IMPROPER OVERTAKING/PASSING,UNABLE TO DETERMINE,0,0,0,0,18,6,3,1805,FULLERTON AVE,41.813575,-87.83788,03/04/2022 06:52:00 PM,2022
CR00006613,03/02/2020 02:35:00 PM,35,CLOUDY/OVERCAST,DARKNESS,REAR TO FRONT,NOT DIVIDED,NO CONTROLS,FOLLOWING TOO CLOSELY,DRIVING SKILLS/KNOWLEDGE/EXPERIENCE,0,0,0,0,14,2,3,479,HALSTED ST,41.98008,-87.64135,03/02/2020 03:25:00 PM,2020
CR00006614,12/20/2017 08:31:00 PM,25,CLEAR,DAYLIGHT,TURNING,NOT DIVIDED,TRAFFIC SIGNAL,IMPROPER OVERTAKING/PASSING,NOT APPLICABLE,0,1,0,1,20,4,12,671,WESTERN AVE,41.797292,-87.549183,12/20/2017 10:00:00 PM,2017
CR00006615,01/06/2017 09:41:00 AM,15,CLEAR,DAYLIGHT,TURNING,NOT DIVIDED,TRAFFIC SIGNAL,UNABLE TO DETERMINE,IMPROPER LANE USAGE,0,0,0,0,9,6,1,1692,MICHIGAN AVE,41.956195,-87.587537,01/06/2017 11:20:00 AM,2017
CR00006616,04/03/2021 11:46:00 AM,25,CLEAR,DAYLIGHT,FIXED OBJECT,DIVIDED - W/MEDIAN (NOT RAISED),TRAFFIC SIGNAL,FOLLOWING TOO CLOSELY,DRIVING SKILLS/KNOWLEDGE/EXPERIENCE,0,0,0,0,11,7,4,531,FULLERTON AVE,41.713055,-87.624372,04/03/2021 12:35:00 PM,2021
CR00006617,05/27/2024 03:06:00 AM,35,CLEAR,DAYLIGHT,SIDESWIPE SAME DIRECTION,FOUR WAY,YIELD,FAILING TO REDUCE SPEED,IMPROPER LANE USAGE,0,1,3,4,3,2,5,2529,DAMEN AVE,41.970516,-87.614359,05/27/2024 03:20:00 AM,2024
CR00006618,05/14/2015 01:29:00 PM,15,CLEAR,DARKNESS - LIGHTED ROAD,REAR END,NOT DIVIDED,STOP SIGN/FLASHER,IMPROPER OVERTAKING/PASSING,DISTRACTION - FROM INSIDE VEHICLE,0,0,0,0,13,5,5,784,ARCHER AVE,41.779227,-87.60797,05/14/2015 02:16:00 PM,2015
CR00006619,02/05/2021 07:34:00 PM,40,CLEAR,DAYLIGHT,SIDESWIPE SAME DIRECTION,NOT DIVIDED,STOP SIGN/FLASHER,DRIVING SKILLS/KNOWLEDGE/EXPERIENCE,NOT APPLICABLE,0,0,0,0,19,6,2,2476,WESTERN AVE,41.77275,-87.62207,02/05/2021 07:57:00 PM,2021
CR00006620,04/04/2015 12:25:00 PM,45,CLEAR,DARKNESS,REAR END,NOT DIVIDED,TRAFFIC SIGNAL,UNABLE TO DETERMINE,FOLLOWING TOO CLOSELY,0,0,0,0,12,7,4,1211,ELSTON AVE,41.720566,-87.668255,04/04/2015 12:44:00 PM,2015
CR00006621,04/14/2017 04:04:00 PM,15,RAIN,DAYLIGHT,PEDESTRIAN,DIVIDED - W/MEDIAN (NOT RAISED),STOP SIGN/FLASHER,IMPROPER OVERTAKING/PASSING,DRIVING SKILLS/KNOWLEDGE/EXPERIENCE,0,0,0,0,16,6,4,2000,FULLERTON AVE,41.757014,-87.591811,04/14/2017 04:10:00 PM,2017
CR00006622,07/08/2020 08:03:00 PM,45,RAIN,DAYLIGHT,REAR END,NOT DIVIDED,NO CONTROLS,FAILING TO YIELD RIGHT-OF-WAY,FAILING TO REDUCE SPEED,0,0,0,0,20,4,7,1824,DAMEN AVE,41.927429,-87.68423,07/08/2020 08:20:00 PM,2020
CR00006623,03/08/2022 04:09:00 PM,35,CLEAR,DUSK,PARKED MOTOR VEHICLE,NOT DIVIDED,TRAFFIC SIGNAL,UNABLE TO DETERMINE,IMPROPER OVERTAKING/PASSING,0,0,0,0,16,3,3,961,CLARK ST,41.925017,-87.775856,03/08/2022 05:30:00 PM,2022
CR00006624,04/10/2021 11:50:00 AM,45,RAIN,DAYLIGHT,PARKED MOTOR VEHICLE,NOT DIVIDED,UNKNOWN,DISTRACTION - FROM INSIDE VEHICLE,IMPROPER LANE USAGE,0,0,0,0,11,7,4,2056,STATE ST,41.82543,-87.733862,04/10/2021 12:30:00 PM,2021
CR00006625,08/17/2021 04:14:00 PM,15,CLOUDY/OVERCAST,DARKNESS - LIGHTED ROAD,TURNING,DIVIDED - W/MEDIAN (NOT RAISED),NO CONTROLS,DISREGARDING TRAFFIC SIGNALS,UNABLE TO DETERMINE,0,0,0,0,16,3,8,1658,BROADWAY,41.834185,-87.652217,08/17/2021 05:17:00 PM,2021
CR00006626,11/22/2023 11:03:00 AM,40,CLEAR,DAYLIGHT,TURNING,DIVIDED - W/MEDIAN BARRIER,NO CONTROLS,DISTRACTION - FROM INSIDE VEHICLE,UNABLE TO DETERMINE,0,0,0,0,11,4,11,1922,CALIFORNIA AVE,41.768768,-87.745743,11/22/2023 11:38:00 AM,2023
CR00006627,01/01/2016 01:09:00 PM,45,CLEAR,DAYLIGHT,REAR END,DIVIDED - W/MEDIAN BARRIER,NO CONTROLS,UNABLE TO DETERMINE,UNABLE TO DETERMINE,0,0,0,0,13,6,1,2122,HALSTED ST,41.755032,-87.751636,01/01/2016 01:29:00 PM,2016
CR00006628,02/20/2023 07:22:00 PM,30,CLEAR,DAYLIGHT,ANGLE,NOT DIVIDED,NO CONTROLS,FOLLOWING TOO CLOSELY,NOT APPLICABLE,0,0,0,0,19,2,2,809,47TH ST,41.749643,-87.707106,02/20/2023 07:45:00 PM,2023
CR00006629,07/26/2016 04:13:00 PM,35,CLEAR,DAWN,TURNING,NOT DIVIDED,NO CONTROLS,FAILING TO YIELD RIGHT-OF-WAY,NOT APPLICABLE,0,0,0,0,16,3,7,346,ROOSEVELT RD,41.993312,-87.816455,07/26/2016 05:30:00 PM,2016
CR00006630,09/17/2024 04:22:00 PM,30,CLOUDY/OVERCAST,DARKNESS - LIGHTED ROAD,TURNING,DIVIDED - W/MEDIAN (NOT RAISED),STOP SIGN/FLASHER,UNABLE TO DETERMINE,FAILING TO REDUCE SPEED,0,0,0,0,16,3,9,338,ASHLAND AVE,41.895153,-87.800995,09/17/2024 06:07:00 PM,2024
CR00006631,10/22/2018 01:15:00 PM,20,CLEAR,DAYLIGHT,ANGLE,FOUR WAY,NO CONTROLS,DISREGARDING TRAFFIC SIGNALS,UNABLE TO DETERMINE,0,0,0,0,13,2,10,1340,CLARK ST,41.763557,-87.688402,10/22/2018 02:41:00 PM,2018
CR00006632,07/11/2019 08:20:00 AM,15,CLEAR,DARKNESS - LIGHTED ROAD,PARKED MOTOR VEHICLE,DIVIDED - W/MEDIAN BARRIER,STOP SIGN/FLASHER,UNABLE TO DETERMINE,UNABLE TO DETERMINE,0,0,0,0,8,5,7,1980,LAKE SHORE DR,41.73835,-87.575368,07/11/2019 08:32:00 AM,2019
CR00006633,06/07/2015 11:53:00 AM,35,CLEAR,DAYLIGHT,SIDESWIPE SAME DIRECTION,NOT DIVIDED,STOP SIGN/FLASHER,FOLLOWING TOO CLOSELY,FAILING TO YIELD RIGHT-OF-WAY,0,0,0,0,11,1,6,1594,CALIFORNIA AVE,41.970951,-87.513236,06/07/2015 01:13:00 PM,2015
CR00006634,03/10/2017 11:09:00 PM,40,CLEAR,DARKNESS,SIDESWIPE SAME DIRECTION,DIVIDED - W/MEDIAN (NOT RAISED),NO CONTROLS,DISREGARDING TRAFFIC SIGNALS,IMPROPER LANE USAGE,0,0,0,0,23,6,3,1696,47TH ST,41.817029,-87.807454,03/10/2017 11:29:00 PM,2017
CR00006635,07/11/2021 05:14:00 PM,35,RAIN,DUSK,ANGLE,NOT DIVIDED,TRAFFIC SIGNAL,FAILING TO REDUCE SPEED,UNABLE TO DETERMINE,0,0,0,0,17,1,7,1978,DIVISION ST,41.884073,-87.67548,07/11/2021 05:38:00 PM,2021
CR00006636,02/13/2015 04:31:00 PM,20,CLOUDY/OVERCAST,DAYLIGHT,PARKED MOTOR VEHICLE,ONE-WAY,STOP SIGN/FLASHER,FAILING TO YIELD RIGHT-OF-WAY,UNABLE TO DETERMINE,0,0,0,0,16,6,2,1934,ELSTON AVE,41.896729,-87.60025,02/13/2015 05:40:00 PM,2015
CR00006637,07/26/2017 06:32:00 PM,40,RAIN,DARKNESS - LIGHTED ROAD,REAR TO FRONT,NOT DIVIDED,STOP SIGN/FLASHER,UNABLE TO DETERMINE,NOT APPLICABLE,0,0,0,0,18,4,7,1443,CLARK ST,41.956427,-87.729194,07/26/2017 07:17:00 PM,2017
CR00006638,06/19/2019 06:25:00 PM,35,CLEAR,DAYLIGHT,PEDESTRIAN,NOT DIVIDED,STOP SIGN/FLASHER,DISTRACTION - FROM INSIDE VEHICLE,WEATHER,0,0,0,0,18,4,6,1755,ELSTON AVE,41.973754,-87.801356,06/19/2019 07:38:00 PM,2019
CR00006639,03/26/2021 01:03:00 PM,35,SNOW,DARKNESS - LIGHTED ROAD,PARKED MOTOR VEHICLE,ONE-WAY,NO CONTROLS,DISTRACTION - FROM INSIDE VEHICLE,IMPROPER LANE USAGE,0,0,0,0,13,6,3,1896,47TH ST,41.991491,-87.535528,03/26/2021 01:47:00 PM,2021
CR00006640,10/01/2019 07:36:00 PM,40,RAIN,DARKNESS - LIGHTED ROAD,PARKED MOTOR VEHICLE,DIVIDED - W/MEDIAN (NOT RAISED),STOP SIGN/FLASHER,UNABLE TO DETERMINE,UNABLE TO DETERMINE,0,0,0,0,19,3,10,2011,CALIFORNIA AVE,41.833124,-87.818741,10/01/2019 08:32:00 PM,2019
CR00006641,10/12/2018 09:01:00 AM,40,CLEAR,DAYLIGHT,REAR END,DIVIDED - W/MEDIAN (NOT RAISED),NO CONTROLS,DRIVING SKILLS/KNOWLEDGE/EXPERIENCE,IMPROPER LANE USAGE,0,0,3,3,9,6,10,1431,MILWAUKEE AVE,41.890079,-87.586251,10/12/2018 11:00:00 AM,2018
CR00006642,03/02/2018 10:56:00 AM,45,CLEAR,DAYLIGHT,ANGLE,NOT DIVIDED,UNKNOWN,FAILING TO YIELD RIGHT-OF-WAY,DRIVING SKILLS/KNOWLEDGE/EXPERIENCE,0,0,0,0,10,6,3,2422,OGDEN AVE,41.869702,-87.806156,03/02/2018 12:29:00 PM,2018
CR00006643,05/25/2016 07:42:00 AM,40,CLEAR,DAYLIGHT,REAR END,FOUR WAY,STOP SIGN/FLASHER,FAILING TO REDUCE SPEED,NOT APPLICABLE,0,0,0,0,7,4,5,768,DIVISION ST,41.914125,-87.739018,05/25/2016 09:33:00 AM,2016
CR00006644,02/23/2019 02:43:00 PM,15,RAIN,DAYLIGHT,FIXED OBJECT,FOUR WAY,NO CONTROLS,FOLLOWING TOO CLOSELY,NOT APPLICABLE,0,0,0,0,14,7,2,1711,KEDZIE AVE,41.922699,-87.558524,02/23/2019 03:28:00 PM,2019
CR00006645,09/04/2015 03:00:00 PM,20,CLEAR,DAWN,TURNING,NOT DIVIDED,NO CONTROLS,UNABLE TO DETERMINE,FAILING TO YIELD RIGHT-OF-WAY,0,0,0,0,15,6,9,296,WESTERN AVE,41.710633,-87.766663,09/04/2015 04:11:00 PM,2015
CR00006646,03/03/2024 05:05:00 PM,25,RAIN,DARKNESS,PARKED MOTOR VEHICLE,DIVIDED - W/MEDIAN BARRIER,YIELD,FOLLOWING TOO CLOSELY,NOT APPLICABLE,0,0,0,0,17,1,3,1252,IRVING PARK RD,41.722109,-87.665755,03/03/2024 06:03:00 PM,2024
CR00006647,01/24/2020 09:24:00 AM,40,CLEAR,DAYLIGHT,PARKED MOTOR VEHICLE,NOT DIVIDED,TRAFFIC SIGNAL,FAILING TO YIELD RIGHT-OF-WAY,NOT APPLICABLE,0,2,2,4,9,6,1,1031,STATE ST,41.785353,-87.675556,01/24/2020 09:56:00 AM,2020
CR00006648,10/04/2018 06:23:00 PM,15,RAIN,DARKNESS - LIGHTED ROAD,ANGLE,NOT DIVIDED,TRAFFIC SIGNAL,FOLLOWING TOO CLOSELY,UNABLE TO DETERMINE,0,0,0,0,18,5,10,1910,ASHLAND AVE,41.790919,-87.684969,10/04/2018 07:17:00 PM,2018
CR00006649,11/21/2016 04:59:00 PM,15,CLEAR,DAYLIGHT,ANGLE,DIVIDED - W/MEDIAN BARRIER,TRAFFIC SIGNAL,UNABLE TO DETERMINE,UNABLE TO DETERMINE,0,0,0,0,16,2,11,1474,OGDEN AVE,41.878197,-87.524744,11/21/2016 06:12:00 PM,2016
CR00006650,10/05/2020 03:14:00 PM,30,CLOUDY/OVERCAST,DAYLIGHT,REAR END,DIVIDED - W/MEDIAN (NOT RAISED),NO CONTROLS,UNABLE TO DETERMINE,FAILING TO YIELD RIGHT-OF-WAY,0,0,0,0,15,2,10,793,63RD ST,41.796103,-87.835876,10/05/2020 05:07:00 PM,2020
CR00006651,12/28/2022 11:12:00 AM,20,CLEAR,DARKNESS,ANGLE,DIVIDED - W/MEDIAN BARRIER,NO CONTROLS,IMPROPER LANE USAGE,IMPROPER LANE USAGE,0,0,0,0,11,4,12,1087,DIVISION ST,41.744393,-87.65609,12/28/2022 12:39:00 PM,2022
CR00006652,11/18/2015 08:38:00 PM,20,CLEAR,DAYLIGHT,ANGLE,NOT DIVIDED,YIELD,UNABLE TO DETERMINE,WEATHER,0,0,0,0,20,4,11,503,ROOSEVELT RD,41.702078,-87.523468,11/18/2015 10:24:00 PM,2015
CR00006653,07/22/2020 07:54:00 AM,35,CLEAR,DARKNESS - LIGHTED ROAD,FIXED OBJECT,FOUR WAY,PEDESTRIAN CROSSING SIGN,IMPROPER LANE USAGE,DISTRACTION - FROM INSIDE VEHICLE,0,0,0,0,7,4,7,1596,STONY ISLAND AVE,41.996274,-87.758832,07/22/2020 09:27:00 AM,2020
CR00006654,07/29/2023 01:35:00 PM,35,CLEAR,DAYLIGHT,SIDESWIPE SAME DIRECTION,NOT DIVIDED,NO CONTROLS,FOLLOWING TOO CLOSELY,DRIVING SKILLS/KNOWLEDGE/EXPERIENCE,0,0,1,1,13,7,7,836,FULLERTON AVE,41.8596,-87.557612,07/29/2023 03:29:00 PM,2023
CR00006655,11/23/2015 04:26:00 PM,45,CLOUDY/OVERCAST,DAYLIGHT,PARKED MOTOR VEHICLE,ONE-WAY,STOP SIGN/FLASHER,UNABLE TO DETERMINE,IMPROPER OVERTAKING/PASSING,0,0,0,0,16,2,11,114,79TH ST,41.852539,-87.835264,11/23/2015 05:02:00 PM,2015
CR00006656,03/12/2015 07:59:00 AM,35,CLEAR,DAWN,TURNING,NOT DIVIDED,YIELD,FOLLOWING TOO CLOSELY,UNABLE TO DETERMINE,0,0,0,0,7,5,3,1162,LAKE SHORE DR,41.734246,-87.648937,03/12/2015 08:59:00 AM,2015
CR00006657,01/15/2022 07:32:00 PM,45,CLEAR,DAYLIGHT,TURNING,DIVIDED - W/MEDIAN (NOT RAISED),NO CONTROLS,FAILING TO YIELD RIGHT-OF-WAY,FAILING TO YIELD RIGHT-OF-WAY,0,0,2,2,19,7,1,1369,79TH ST,41.902518,-87.774329,01/15/2022 09:14:00 PM,2022
CR00006658,09/04/2022 06:40:00 PM,25,CLEAR,DUSK,TURNING,ONE-WAY,TRAFFIC SIGNAL,UNABLE TO DETERMINE,FAILING TO REDUCE SPEED,0,0,0,0,18,1,9,1492,STONY ISLAND AVE,41.740129,-87.756042,09/04/2022 07:19:00 PM,2022
CR00006659,08/10/2022 04:11:00 PM,30,CLEAR,DARKNESS,SIDESWIPE SAME DIRECTION,NOT DIVIDED,NO CONTROLS,DISTRACTION - FROM INSIDE VEHICLE,IMPROPER LANE USAGE,0,0,3,3,16,4,8,2436,CICERO AVE,41.703425,-87.796373,08/10/2022 05:33:00 PM,2022
CR00006660,02/07/2017 07:58:00 PM,30,FOG/SMOKE/HAZE,DAYLIGHT,SIDESWIPE SAME DIRECTION,NOT DIVIDED,NO CONTROLS,IMPROPER OVERTAKING/PASSING,DRIVING SKILLS/KNOWLEDGE/EXPERIENCE,0,1,1,2,19,3,2,2368,47TH ST,41.74671,-87.762329,02/07/2017 09:56:00 PM,2017
CR00006661,04/14/2023 08:18:00 PM,35,RAIN,DARKNESS - LIGHTED ROAD,PARKED MOTOR VEHICLE,ONE-WAY,TRAFFIC SIGNAL,FAILING TO YIELD RIGHT-OF-WAY,DRIVING SKILLS/KNOWLEDGE/EXPERIENCE,0,0,0,0,20,6,4,1395,HALSTED ST,41.887338,-87.841205,04/14/2023 08:20:00 PM,2023
CR00006662,11/28/2018 03:10:00 PM,40,CLEAR,DAYLIGHT,SIDESWIPE SAME DIRECTION,NOT DIVIDED,YIELD,UNABLE TO DETERMINE,DISREGARDING TRAFFIC SIGNALS,0,0,0,0,15,4,11,1716,FULLERTON AVE,41.878521,-87.579552,11/28/2018 04:23:00 PM,2018
CR00006663,10/09/2019 09:27:00 AM,30,SNOW,DAYLIGHT,PEDESTRIAN,NOT DIVIDED,UNKNOWN,IMPROPER OVERTAKING/PASSING,UNABLE TO DETERMINE,0,0,0,0,9,4,10,425,IRVING PARK RD,41.734113,-87.573368,10/09/2019 10:05:00 AM,2019
CR00006664,04/08/2022 10:04:00 AM,30,FREEZING RAIN/DRIZZLE,DAYLIGHT,TURNING,ONE-WAY,TRAFFIC SIGNAL,IMPROPER OVERTAKING/PASSING,NOT APPLICABLE,0,0,0,0,10,6,4,2209,BROADWAY,41.971085,-87.826945,04/08/2022 10:10:00 AM,2022
CR00006665,12/07/2015 05:09:00 PM,40,CLEAR,DAYLIGHT,TURNING,NOT DIVIDED,TRAFFIC SIGNAL,IMPROPER LANE USAGE,UNABLE TO DETERMINE,0,0,0,0,17,2,12,2494,CICERO AVE,41.811751,-87.536884,12/07/2015 06:37:00 PM,2015
CR00006666,12/10/2015 05:57:00 PM,25,CLEAR,DAYLIGHT,TURNING,ONE-WAY,TRAFFIC SIGNAL,UNABLE TO DETERMINE,UNABLE TO DETERMINE,0,0,0,0,17,5,12,1952,PULASKI RD,41.92989,-87.768322,12/10/2015 07:36:00 PM,2015
CR00006667,05/06/2016 05:40:00 PM,35,CLOUDY/OVERCAST,DARKNESS - LIGHTED ROAD,ANGLE,FOUR WAY,TRAFFIC SIGNAL,DRIVING SKILLS/KNOWLEDGE/EXPERIENCE,UNABLE TO DETERMINE,0,0,0,0,17,6,5,1103,MICHIGAN AVE,41.900807,-87.597747,05/06/2016 07:07:00 PM,2016
CR00006668,06/05/2022 06:48:00 PM,30,CLEAR,DAYLIGHT,SIDESWIPE SAME DIRECTION,T-INTERSECTION,STOP SIGN/FLASHER,UNABLE TO DETERMINE,NOT APPLICABLE,0,0,0,0,18,1,6,2121,PULASKI RD,41.729603,-87.742973,06/05/2022 08:48:00 PM,2022
CR00006669,08/11/2018 04:50:00 PM,20,CLOUDY/OVERCAST,DAYLIGHT,TURNING,NOT DIVIDED,NO CONTROLS,UNABLE TO DETERMINE,DISTRACTION - FROM INSIDE VEHICLE,0,0,0,0,16,7,8,1523,OGDEN AVE,41.9646,-87.830629,08/11/2018 06:32:00 PM,2018
CR00006670,04/23/2020 07:17:00 AM,30,RAIN,DARKNESS - LIGHTED ROAD,PEDESTRIAN,NOT DIVIDED,NO CONTROLS,UNABLE TO DETERMINE,NOT APPLICABLE,0,0,0,0,7,5,4,416,PULASKI RD,41.930846,-87.630048,04/23/2020 08:55:00 AM,2020
CR00006671,02/22/2019 06:50:00 AM,35,FOG/SMOKE/HAZE,DARKNESS - LIGHTED ROAD,FIXED OBJECT,NOT DIVIDED,NO CONTROLS,IMPROPER OVERTAKING/PASSING,NOT APPLICABLE,0,0,0,0,6,6,2,1669,STATE ST,41.927495,-87.820681,02/22/2019 07:30:00 AM,2019
CR00006672,08/29/2017 09:56:00 PM,40,CLEAR,DARKNESS - LIGHTED ROAD,REAR END,NOT DIVIDED,UNKNOWN,FOLLOWING TOO CLOSELY,NOT APPLICABLE,0,0,1,1,21,3,8,867,FULLERTON AVE,41.78506,-87.758451,08/29/2017 11:51:00 PM,2017