CRASH_RECORD_ID,CRASH_DATE,POSTED_SPEED_LIMIT,WEATHER_CONDITION,LIGHTING_CONDITION,FIRST_CRASH_TYPE,TRAFFICWAY_TYPE,TRAFFIC_CONTROL_DEVICE,PRIM_CONTRIBUTORY_CAUSE,SEC_CONTRIBUTORY_CAUSE,INJURIES_FATAL,INJURIES_INCAPACITATING,INJURIES_NON_INCAPACITATING,INJURIES_TOTAL,CRASH_HOUR,CRASH_DAY_OF_WEEK,CRASH_MONTH,BEAT_OF_OCCURRENCE,STREET_NAME,LATITUDE,LONGITUDE,DATE_POLICE_NOTIFIED,year
CR00006673,10/05/2018 06:23:00 AM,25,CLEAR,DAYLIGHT,PARKED MOTOR VEHICLE,ONE-WAY,TRAFFIC SIGNAL,UNABLE TO DETERMINE,DISREGARDING TRAFFIC SIGNALS,0,0,0,0,6,6,10,1717,WESTERN AVE,41.789156,-87.835383,10/05/2018 08:09:00 AM,2018
CR00006674,09/25/2022 01:26:00 PM,15,RAIN,DAYLIGHT,SIDESWIPE SAME DIRECTION,DIVIDED - W/MEDIAN (NOT RAISED),TRAFFIC SIGNAL,FOLLOWING TOO CLOSELY,UNABLE TO DETERMINE,0,0,1,1,13,1,9,436,DIVISION ST,41.736965,-87.815207,09/25/2022 02:48:00 PM,2022
CR00006675,07/14/2023 09:11:00 AM,15,CLEAR,DAYLIGHT,SIDESWIPE SAME DIRECTION,NOT DIVIDED,TRAFFIC SIGNAL,UNABLE TO DETERMINE,NOT APPLICABLE,0,0,1,1,9,6,7,1203,CALIFORNIA AVE,41.935561,-87.768226,07/14/2023 09:13:00 AM,2023
CR00006676,01/30/2021 07:30:00 AM,30,CLOUDY/OVERCAST,DARKNESS - LIGHTED ROAD,SIDESWIPE SAME DIRECTION,DIVIDED - W/MEDIAN (NOT RAISED),STOP SIGN/FLASHER,FOLLOWING TOO CLOSELY,UNABLE TO DETERMINE,0,0,0,0,7,7,1,1872,LAKE SHORE DR,41.792112,-87.729092,01/30/2021 09:00:00 AM,2021
CR00006677,04/25/2023 05:42:00 PM,30,CLOUDY/OVERCAST,DUSK,REAR END,FOUR WAY,STOP SIGN/FLASHER,UNABLE TO DETERMINE,IMPROPER OVERTAKING/PASSING,0,0,0,0,17,3,4,1911,MICHIGAN AVE,41.879584,-87.669183,04/25/2023 07:40:00 PM,2023
CR00006678,03/26/2020 11:27:00 PM,35,CLEAR,DAYLIGHT,SIDESWIPE SAME DIRECTION,DIVIDED - W/MEDIAN (NOT RAISED),TRAFFIC SIGNAL,FOLLOWING TOO CLOSELY,FOLLOWING TOO CLOSELY,0,0,0,0,23,5,3,580,ARCHER AVE,41.828558,-87.720853,03/26/2020 11:54:00 PM,2020
CR00006679,05/10/2017 05:24:00 PM,45,CLEAR,DAYLIGHT,PARKED MOTOR VEHICLE,NOT DIVIDED,STOP SIGN/FLASHER,FAILING TO YIELD RIGHT-OF-WAY,UNABLE TO DETERMINE,0,0,2,2,17,4,5,1303,IRVING PARK RD,41.713249,-87.74287,05/10/2017 06:41:00 PM,2017
CR00006680,06/28/2021 01:57:00 PM,45,CLEAR,DAYLIGHT,TURNING,NOT DIVIDED,TRAFFIC SIGNAL,IMPROPER LANE USAGE,DISTRACTION - FROM INSIDE VEHICLE,0,0,0,0,13,2,6,363,ROOSEVELT RD,41.75836,-87.712271,06/28/2021 03:44:00 PM,2021
CR00006681,05/23/2024 09:18:00 AM,35,CLEAR,DAYLIGHT,FIXED OBJECT,NOT DIVIDED,STOP SIGN/FLASHER,UNABLE TO DETERMINE,NOT APPLICABLE,0,0,0,0,9,5,5,538,WESTERN AVE,41.759298,-87.817653,05/23/2024 10:07:00 AM,2024
CR00006682,11/11/2021 08:33:00 AM,30,CLEAR,DARKNESS - LIGHTED ROAD,ANGLE,NOT DIVIDED,YIELD,DISREGARDING TRAFFIC SIGNALS,FAILING TO YIELD RIGHT-OF-WAY,0,0,0,0,8,5,11,2087,OGDEN AVE,41.854198,-87.633624,11/11/2021 09:22:00 AM,2021
CR00006683,05/17/2021 06:33:00 PM,30,CLEAR,DAYLIGHT,REAR END,NOT DIVIDED,NO CONTROLS,DISTRACTION - FROM INSIDE VEHICLE,NOT APPLICABLE,0,0,3,3,18,2,5,827,MILWAUKEE AVE,41.98085,-87.530923,05/17/2021 06:56:00 PM,2021
CR00006684,09/17/2017 09:56:00 AM,15,CLEAR,DAYLIGHT,REAR TO FRONT,NOT DIVIDED,NO CONTROLS,DISREGARDING TRAFFIC SIGNALS,UNABLE TO DETERMINE,0,0,0,0,9,1,9,818,MILWAUKEE AVE,41.964586,-87.755214,09/17/2017 10:34:00 AM,2017
CR00006685,07/30/2021 12:57:00 PM,20,CLEAR,DARKNESS - LIGHTED ROAD,REAR END,DIVIDED - W/MEDIAN BARRIER,TRAFFIC SIGNAL,FOLLOWING TOO CLOSELY,UNABLE TO DETERMINE,0,0,3,3,12,6,7,388,FULLERTON AVE,41.933264,-87.726459,07/30/2021 01:10:00 PM,2021
CR00006686,06/06/2017 08:25:00 PM,35,CLEAR,DARKNESS - LIGHTED ROAD,REAR TO FRONT,ONE-WAY,STOP SIGN/FLASHER,IMPROPER OVERTAKING/PASSING,FAILING TO REDUCE SPEED,0,0,3,3,20,3,6,1682,ASHLAND AVE,41.846147,-87.587019,06/06/2017 09:26:00 PM,2017
CR00006687,11/20/2016 02:53:00 PM,20,CLEAR,DAYLIGHT,ANGLE,DIVIDED - W/MEDIAN (NOT RAISED),STOP SIGN/FLASHER,UNABLE TO DETERMINE,UNABLE TO DETERMINE,0,1,3,4,14,1,11,1214,CICERO AVE,41.747993,-87.594784,11/20/2016 04:38:00 PM,2016
CR00006688,09/27/2020 04:51:00 AM,35,CLEAR,DAYLIGHT,REAR END,NOT DIVIDED,NO CONTROLS,DISREGARDING TRAFFIC SIGNALS,UNABLE TO DETERMINE,0,0,0,0,4,1,9,430,CICERO AVE,41.823896,-87.545338,09/27/2020 04:56:00 AM,2020
CR00006689,11/11/2022 02:17:00 PM,40,FOG/SMOKE/HAZE,DARKNESS - LIGHTED ROAD,SIDESWIPE SAME DIRECTION,NOT DIVIDED,TRAFFIC SIGNAL,IMPROPER OVERTAKING/PASSING,UNABLE TO DETERMINE,0,0,0,0,14,6,11,388,PULASKI RD,41.902105,-87.588397,11/11/2022 03:40:00 PM,2022
CR00006690,03/09/2016 05:46:00 AM,40,CLEAR,DARKNESS - LIGHTED ROAD,ANGLE,NOT DIVIDED,TRAFFIC SIGNAL,UNABLE TO DETERMINE,FAILING TO YIELD RIGHT-OF-WAY,0,0,0,0,5,4,3,571,STONY ISLAND AVE,41.715364,-87.769091,03/09/2016 07:22:00 AM,2016
CR00006691,05/28/2024 10:20:00 AM,30,CLOUDY/OVERCAST,DAYLIGHT,REAR END,FOUR WAY,NO CONTROLS,FAILING TO YIELD RIGHT-OF-WAY,FAILING TO YIELD RIGHT-OF-WAY,0,0,0,0,10,3,5,1464,PULASKI RD,41.734863,-87.721575,05/28/2024 10:29:00 AM,2024
CR00006692,10/01/2021 04:01:00 PM,30,CLEAR,DARKNESS - LIGHTED ROAD,REAR TO FRONT,NOT DIVIDED,STOP SIGN/FLASHER,DISREGARDING TRAFFIC SIGNALS,DISREGARDING TRAFFIC SIGNALS,0,0,0,0,16,6,10,251,STATE ST,41.890364,-87.598078,10/01/2021 04:08:00 PM,2021
CR00006693,08/27/2018 02:51:00 PM,30,CLEAR,DAYLIGHT,REAR END,NOT DIVIDED,NO CONTROLS,FOLLOWING TOO CLOSELY,NOT APPLICABLE,0,0,0,0,14,2,8,1510,47TH ST,41.865378,-87.677821,08/27/2018 03:25:00 PM,2018
CR00006694,03/14/2024 07:20:00 AM,35,CLEAR,DAYLIGHT,ANGLE,DIVIDED - W/MEDIAN BARRIER,TRAFFIC SIGNAL,DISREGARDING TRAFFIC SIGNALS,DRIVING SKILLS/KNOWLEDGE/EXPERIENCE,0,0,0,0,7,5,3,1691,DIVISION ST,41.922801,-87.741772,03/14/2024 09:05:00 AM,2024
CR00006695,05/31/2020 10:40:00 PM,40,RAIN,DAYLIGHT,REAR END,DIVIDED - W/MEDIAN (NOT RAISED),UNKNOWN,FOLLOWING TOO CLOSELY,FOLLOWING TOO CLOSELY,0,0,0,0,22,1,5,1888,ASHLAND AVE,41.93267,-87.839723,05/31/2020 11:38:00 PM,2020
CR00006696,01/09/2022 03:21:00 PM,40,CLEAR,DAWN,SIDESWIPE SAME DIRECTION,DIVIDED - W/MEDIAN (NOT RAISED),STOP SIGN/FLASHER,DISREGARDING TRAFFIC SIGNALS,IMPROPER OVERTAKING/PASSING,0,0,0,0,15,1,1,1841,IRVING PARK RD,41.706881,-87.758311,01/09/2022 03:56:00 PM,2022
CR00006697,01/13/2021 07:56:00 AM,35,RAIN,DAYLIGHT,ANGLE,DIVIDED - W/MEDIAN BARRIER,NO CONTROLS,UNABLE TO DETERMINE,IMPROPER LANE USAGE,0,0,1,1,7,4,1,1026,DIVISION ST,41.78518,-87.700158,01/13/2021 08:58:00 AM,2021
CR00006698,07/25/2024 12:53:00 PM,35,CLEAR,DAYLIGHT,REAR END,DIVIDED - W/MEDIAN (NOT RAISED),NO CONTROLS,IMPROPER OVERTAKING/PASSING,FAILING TO YIELD RIGHT-OF-WAY,0,0,0,0,12,5,7,2130,STATE ST,41.920286,-87.548184,07/25/2024 01:27:00 PM,2024
CR00006699,12/26/2023 09:41:00 AM,35,CLEAR,DARKNESS - LIGHTED ROAD,REAR END,NOT DIVIDED,TRAFFIC SIGNAL,UNABLE TO DETERMINE,NOT APPLICABLE,0,0,0,0,9,3,12,2126,ROOSEVELT RD,41.724567,-87.53022,12/26/2023 10:46:00 AM,2023
CR00006700,03/28/2022 04:17:00 PM,35,SNOW,DAYLIGHT,REAR END,DIVIDED - W/MEDIAN (NOT RAISED),STOP SIGN/FLASHER,UNABLE TO DETERMINE,IMPROPER OVERTAKING/PASSING,0,0,0,0,16,2,3,393,CALIFORNIA AVE,41.979049,-87.628271,03/28/2022 06:03:00 PM,2022
CR00006701,01/23/2019 03:41:00 PM,25,CLEAR,DARKNESS,REAR TO FRONT,NOT DIVIDED,NO CONTROLS,DRIVING SKILLS/KNOWLEDGE/EXPERIENCE,IMPROPER OVERTAKING/PASSING,0,0,2,2,15,4,1,1095,63RD ST,41.732984,-87.667746,01/23/2019 04:21:00 PM,2019
CR00006702,03/11/2018 07:00:00 PM,25,CLOUDY/OVERCAST,DUSK,SIDESWIPE SAME DIRECTION,NOT DIVIDED,STOP SIGN/FLASHER,UNABLE TO DETERMINE,UNABLE TO DETERMINE,0,0,1,1,19,1,3,1858,CALIFORNIA AVE,41.816947,-87.647385,03/11/2018 07:20:00 PM,2018
CR00006703,11/22/2017 06:21:00 PM,45,CLEAR,DUSK,REAR END,DIVIDED - W/MEDIAN (NOT RAISED),YIELD,DISTRACTION - FROM INSIDE VEHICLE,UNABLE TO DETERMINE,0,0,2,2,18,4,11,408,IRVING PARK RD,41.903239,-87.841104,11/22/2017 07:06:00 PM,2017
CR00006704,02/08/2016 02:01:00 PM,40,CLEAR,DARKNESS - LIGHTED ROAD,ANGLE,NOT DIVIDED,TRAFFIC SIGNAL,FAILING TO REDUCE SPEED,IMPROPER OVERTAKING/PASSING,0,0,1,1,14,2,2,1567,47TH ST,41.828079,-87.781257,02/08/2016 02:03:00 PM,2016
CR00006705,11/17/2020 10:37:00 AM,25,CLEAR,DAYLIGHT,REAR END,FOUR WAY,UNKNOWN,IMPROPER LANE USAGE,UNABLE TO DETERMINE,0,0,0,0,10,3,11,544,DIVISION ST,41.807112,-87.725799,11/17/2020 12:21:00 PM,2020
CR00006706,10/08/2021 05:14:00 PM,30,CLEAR,DAYLIGHT,SIDESWIPE SAME DIRECTION,DIVIDED - W/MEDIAN (NOT RAISED),TRAFFIC SIGNAL,DISREGARDING TRAFFIC SIGNALS,FAILING TO YIELD RIGHT-OF-WAY,0,0,0,0,17,6,10,820,BROADWAY,41.820529,-87.722772,10/08/2021 05:38:00 PM,2021
CR00006707,09/07/2020 10:22:00 PM,15,CLEAR,DAYLIGHT,ANGLE,DIVIDED - W/MEDIAN (NOT RAISED),STOP SIGN/FLASHER,UNABLE TO DETERMINE,UNABLE TO DETERMINE,0,0,0,0,22,2,9,295,CICERO AVE,41.951703,-87.735278,09/08/2020 12:01:00 AM,2020
CR00006708,07/21/2019 06:13:00 PM,25,CLEAR,DARKNESS - LIGHTED ROAD,PARKED MOTOR VEHICLE,FOUR WAY,TRAFFIC SIGNAL,DISTRACTION - FROM INSIDE VEHICLE,NOT APPLICABLE,0,0,0,0,18,1,7,2430,KEDZIE AVE,41.717552,-87.833219,07/21/2019 07:41:00 PM,2019
CR00006709,08/29/2021 12:44:00 PM,30,CLEAR,DARKNESS,REAR TO FRONT,DIVIDED - W/MEDIAN (NOT RAISED),NO CONTROLS,FOLLOWING TOO CLOSELY,NOT APPLICABLE,0,0,0,0,12,1,8,723,PULASKI RD,41.847098,-87.783421,08/29/2021 01:08:00 PM,2021
CR00006710,04/23/2019 07:07:00 AM,40,CLEAR,DARKNESS - LIGHTED ROAD,SIDESWIPE SAME DIRECTION,FOUR WAY,NO CONTROLS,FAILING TO REDUCE SPEED,UNABLE TO DETERMINE,0,0,0,0,7,3,4,533,LAKE SHORE DR,41.710782,-87.756015,04/23/2019 08:23:00 AM,2019
CR00006711,04/10/2024 07:42:00 AM,40,SNOW,DAWN,SIDESWIPE SAME DIRECTION,NOT DIVIDED,TRAFFIC SIGNAL,DISTRACTION - FROM INSIDE VEHICLE,NOT APPLICABLE,0,0,0,0,7,4,4,851,CALIFORNIA AVE,41.737929,-87.780961,04/10/2024 08:06:00 AM,2024
CR00006712,05/17/2020 12:22:00 PM,30,CLEAR,DUSK,REAR END,NOT DIVIDED,NO CONTROLS,FOLLOWING TOO CLOSELY,NOT APPLICABLE,0,0,0,0,12,1,5,1195,47TH ST,41.80775,-87.650545,05/17/2020 12:46:00 PM,2020
CR00006713,11/13/2023 02:22:00 PM,45,CLEAR,DARKNESS - LIGHTED ROAD,REAR TO FRONT,ONE-WAY,STOP SIGN/FLASHER,FAILING TO YIELD RIGHT-OF-WAY,DISTRACTION - FROM INSIDE VEHICLE,0,0,0,0,14,2,11,532,OGDEN AVE,41.841575,-87.789411,11/13/2023 04:08:00 PM,2023
CR00006714,02/16/2020 11:10:00 AM,20,CLEAR,DAYLIGHT,REAR END,DIVIDED - W/MEDIAN (NOT RAISED),NO CONTROLS,FOLLOWING TOO CLOSELY,FOLLOWING TOO CLOSELY,0,0,0,0,11,1,2,2324,ARCHER AVE,41.901815,-87.573936,02/16/2020 12:17:00 PM,2020
CR00006715,06/09/2016 07:18:00 AM,40,CLEAR,DARKNESS - LIGHTED ROAD,SIDESWIPE SAME DIRECTION,DIVIDED - W/MEDIAN BARRIER,STOP SIGN/FLASHER,FAILING TO YIELD RIGHT-OF-WAY,UNABLE TO DETERMINE,0,0,2,2,7,5,6,183,OGDEN AVE,41.73926,-87.657846,06/09/2016 08:51:00 AM,2016
CR00006716,07/30/2019 07:56:00 AM,20,RAIN,DAYLIGHT,REAR END,T-INTERSECTION,TRAFFIC SIGNAL,FAILING TO YIELD RIGHT-OF-WAY,DISTRACTION - FROM INSIDE VEHICLE,0,0,0,0,7,3,7,1153,HALSTED ST,41.939961,-87.557995,07/30/2019 09:14:00 AM,2019
CR00006717,08/30/2018 02:54:00 AM,30,CLEAR,DARKNESS - LIGHTED ROAD,SIDESWIPE SAME DIRECTION,NOT DIVIDED,STOP SIGN/FLASHER,FOLLOWING TOO CLOSELY,UNABLE TO DETERMINE,0,0,0,0,2,5,8,2472,47TH ST,41.814002,-87.796743,08/30/2018 03:52:00 AM,2018
CR00006718,11/19/2019 07:07:00 AM,30,RAIN,DARKNESS - LIGHTED ROAD,SIDESWIPE SAME DIRECTION,T-INTERSECTION,TRAFFIC SIGNAL,IMPROPER LANE USAGE,DISTRACTION - FROM INSIDE VEHICLE,0,0,1,1,7,3,11,1948,ARCHER AVE,41.801917,-87.629515,11/19/2019 08:41:00 AM,2019
CR00006719,04/09/2024 06:15:00 PM,45,CLEAR,DARKNESS - LIGHTED ROAD,REAR TO FRONT,DIVIDED - W/MEDIAN (NOT RAISED),TRAFFIC SIGNAL,UNABLE TO DETERMINE,UNABLE TO DETERMINE,0,0,0,0,18,3,4,925,ASHLAND AVE,41.839267,-87.773444,04/09/2024 06:59:00 PM,2024
CR00006720,01/23/2023 03:24:00 PM,40,CLOUDY/OVERCAST,DAYLIGHT,TURNING,DIVIDED - W/MEDIAN BARRIER,UNKNOWN,UNABLE TO DETERMINE,NOT APPLICABLE,0,0,0,0,15,2,1,1215,47TH ST,41.736395,-87.734726,01/23/2023 05:19:00 PM,2023
CR00006721,08/29/2020 03:03:00 PM,20,CLEAR,DAYLIGHT,TURNING,DIVIDED - W/MEDIAN BARRIER,UNKNOWN,FAILING TO YIELD RIGHT-OF-WAY,FOLLOWING TOO CLOSELY,0,0,1,1,15,7,8,1537,63RD ST,41.972035,-87.626288,08/29/2020 03:09:00 PM,2020
CR00006722,01/29/2018 02:22:00 AM,20,CLEAR,DAYLIGHT,REAR END,NOT DIVIDED,TRAFFIC SIGNAL,FOLLOWING TOO CLOSELY,DISREGARDING TRAFFIC SIGNALS,0,0,0,0,2,2,1,1728,MILWAUKEE AVE,41.979909,-87.792491,01/29/2018 02:30:00 AM,2018
CR00006723,11/30/2024 04:40:00 PM,30,FREEZING RAIN/DRIZZLE,DARKNESS - LIGHTED ROAD,SIDESWIPE SAME DIRECTION,ONE-WAY,NO CONTROLS,FAILING TO YIELD RIGHT-OF-WAY,FAILING TO REDUCE SPEED,0,0,0,0,16,7,11,1009,STATE ST,41.974867,-87.596808,11/30/2024 04:48:00 PM,2024
CR00006724,09/16/2019 11:01:00 AM,30,CLEAR,DARKNESS - LIGHTED ROAD,ANGLE,DIVIDED - W/MEDIAN BARRIER,TRAFFIC SIGNAL,DISTRACTION - FROM INSIDE VEHICLE,FOLLOWING TOO CLOSELY,0,0,1,1,11,2,9,859,MICHIGAN AVE,41.707745,-87.502644,09/16/2019 12:31:00 PM,2019
CR00006725,09/30/2024 05:19:00 PM,35,FOG/SMOKE/HAZE,DAYLIGHT,ANGLE,FOUR WAY,TRAFFIC SIGNAL,DISTRACTION - FROM INSIDE VEHICLE,FAILING TO YIELD RIGHT-OF-WAY,0,0,0,0,17,2,9,304,OGDEN AVE,41.87989,-87.774745,09/30/2024 06:20:00 PM,2024
CR00006726,11/10/2021 08:55:00 PM,35,CLOUDY/OVERCAST,DAYLIGHT,REAR END,DIVIDED - W/MEDIAN BARRIER,NO CONTROLS,DISTRACTION - FROM INSIDE VEHICLE,UNABLE TO DETERMINE,0,1,1,2,20,4,11,2391,STATE ST,41.787653,-87.679,11/10/2021 09:28:00 PM,2021
CR00006727,10/27/2024 08:39:00 AM,30,CLEAR,DARKNESS - LIGHTED ROAD,TURNING,NOT DIVIDED,NO CONTROLS,FAILING TO YIELD RIGHT-OF-WAY,UNABLE TO DETERMINE,0,0,2,2,8,1,10,323,HALSTED ST,41.929822,-87.630794,10/27/2024 09:11:00 AM,2024
CR00006728,07/14/2018 08:01:00 AM,40,SNOW,DAYLIGHT,REAR END,NOT DIVIDED,STOP SIGN/FLASHER,DISREGARDING TRAFFIC SIGNALS,FOLLOWING TOO CLOSELY,0,0,0,0,8,7,7,1354,DIVISION ST,41.926619,-87.723539,07/14/2018 09:32:00 AM,2018
CR00006729,06/22/2021 07:04:00 PM,30,CLEAR,DAYLIGHT,TURNING,DIVIDED - W/MEDIAN (NOT RAISED),NO CONTROLS,IMPROPER LANE USAGE,FAILING TO YIELD RIGHT-OF-WAY,0,0,0,0,19,3,6,181,KEDZIE AVE,41.809393,-87.569734,06/22/2021 08:57:00 PM,2021
CR00006730,07/18/2018 09:16:00 AM,30,CLOUDY/OVERCAST,DAYLIGHT,SIDESWIPE SAME DIRECTION,ONE-WAY,UNKNOWN,FAILING TO REDUCE SPEED,UNABLE TO DETERMINE,0,0,0,0,9,4,7,879,MILWAUKEE AVE,41.907714,-87.740117,07/18/2018 11:05:00 AM,2018
CR00006731,02/17/2019 07:58:00 AM,15,CLEAR,DARKNESS - LIGHTED ROAD,PARKED MOTOR VEHICLE,DIVIDED - W/MEDIAN BARRIER,NO CONTROLS,DRIVING SKILLS/KNOWLEDGE/EXPERIENCE,DISTRACTION - FROM INSIDE VEHICLE,0,0,0,0,7,1,2,1925,ARCHER AVE,41.897153,-87.574706,02/17/2019 08:34:00 AM,2019
CR00006732,08/11/2018 05:50:00 PM,15,CLEAR,DARKNESS,TURNING,DIVIDED - W/MEDIAN (NOT RAISED),PEDESTRIAN CROSSING SIGN,FOLLOWING TOO CLOSELY,UNABLE TO DETERMINE,0,0,0,0,17,7,8,223,DAMEN AVE,41.933436,-87.522136,08/11/2018 07:38:00 PM,2018
CR00006733,01/16/2020 08:33:00 AM,40,CLEAR,DARKNESS - LIGHTED ROAD,REAR END,DIVIDED - W/MEDIAN (NOT RAISED),NO CONTROLS,WEATHER,NOT APPLICABLE,0,0,0,0,8,5,1,489,ELSTON AVE,41.712082,-87.683195,01/16/2020 10:28:00 AM,2020
CR00006734,04/26/2018 03:04:00 PM,40,CLEAR,DARKNESS - LIGHTED ROAD,REAR TO FRONT,FOUR WAY,NO CONTROLS,UNABLE TO DETERMINE,FAILING TO YIELD RIGHT-OF-WAY,0,0,0,0,15,5,4,1651,ASHLAND AVE,41.970665,-87.760002,04/26/2018 03:45:00 PM,2018
CR00006735,06/03/2020 09:41:00 AM,20,RAIN,DARKNESS - LIGHTED ROAD,REAR END,NOT DIVIDED,NO CONTROLS,UNABLE TO DETERMINE,FAILING TO YIELD RIGHT-OF-WAY,0,0,0,0,9,4,6,104,63RD ST,41.92522,-87.747983,06/03/2020 10:05:00 AM,2020
CR00006736,05/26/2021 02:02:00 PM,30,CLEAR,DARKNESS - LIGHTED ROAD,REAR END,DIVIDED - W/MEDIAN (NOT RAISED),NO CONTROLS,IMPROPER LANE USAGE,FAILING TO REDUCE SPEED,0,0,1,1,14,4,5,1749,CICERO AVE,41.746132,-87.836181,05/26/2021 02:22:00 PM,2021
CR00006737,02/26/2021 08:53:00 AM,40,RAIN,DARKNESS - LIGHTED ROAD,REAR END,ONE-WAY,STOP SIGN/FLASHER,DISREGARDING TRAFFIC SIGNALS,IMPROPER LANE USAGE,0,0,0,0,8,6,2,1047,STONY ISLAND AVE,41.954876,-87.521007,02/26/2021 09:16:00 AM,2021
CR00006738,02/07/2021 09:54:00 AM,25,CLEAR,DARKNESS,PARKED MOTOR VEHICLE,FOUR WAY,NO CONTROLS,UNABLE TO DETERMINE,FAILING TO REDUCE SPEED,0,0,0,0,9,1,2,987,STONY ISLAND AVE,41.716486,-87.687937,02/07/2021 11:43:00 AM,2021
CR00006739,12/03/2023 09:50:00 AM,15,SNOW,DAYLIGHT,REAR END,DIVIDED - W/MEDIAN (NOT RAISED),STOP SIGN/FLASHER,FAILING TO REDUCE SPEED,UNABLE TO DETERMINE,0,0,0,0,9,1,12,1804,MICHIGAN AVE,41.876839,-87.81587,12/03/2023 11:12:00 AM,2023
CR00006740,05/15/2017 06:16:00 PM,20,CLEAR,DAYLIGHT,TURNING,ONE-WAY,UNKNOWN,IMPROPER LANE USAGE,NOT APPLICABLE,0,0,0,0,18,2,5,544,CICERO AVE,41.924419,-87.745519,05/15/2017 07:38:00 PM,2017
CR00006741,11/08/2021 04:14:00 PM,15,CLOUDY/OVERCAST,DARKNESS,TURNING,NOT DIVIDED,PEDESTRIAN CROSSING SIGN,IMPROPER OVERTAKING/PASSING,UNABLE TO DETERMINE,0,0,0,0,16,2,11,929,STATE ST,41.970136,-87.543496,11/08/2021 04:44:00 PM,2021
CR00006742,11/13/2017 07:04:00 PM,30,CLEAR,DARKNESS - LIGHTED ROAD,PEDESTRIAN,NOT DIVIDED,TRAFFIC SIGNAL,FAILING TO YIELD RIGHT-OF-WAY,FAILING TO YIELD RIGHT-OF-WAY,0,0,0,0,19,2,11,1219,ROOSEVELT RD,41.782121,-87.581011,11/13/2017 08:35:00 PM,2017
CR00006743,09/23/2023 02:21:00 AM,30,RAIN,DAYLIGHT,SIDESWIPE SAME DIRECTION,NOT DIVIDED,TRAFFIC SIGNAL,UNABLE TO DETERMINE,FAILING TO YIELD RIGHT-OF-WAY,0,0,0,0,2,7,9,1268,BROADWAY,41.933756,-87.516732,09/23/2023 03:08:00 AM,2023
CR00006744,02/04/2019 01:30:00 AM,30,CLEAR,DAYLIGHT,PARKED MOTOR VEHICLE,NOT DIVIDED,STOP SIGN/FLASHER,FAILING TO YIELD RIGHT-OF-WAY,UNABLE TO DETERMINE,0,0,0,0,1,2,2,2402,OGDEN AVE,41.911866,-87.818117,02/04/2019 02:56:00 AM,2019
CR00006745,05/05/2018 10:34:00 AM,30,CLOUDY/OVERCAST,DAYLIGHT,SIDESWIPE SAME DIRECTION,ONE-WAY,PEDESTRIAN CROSSING SIGN,UNABLE TO DETERMINE,DRIVING SKILLS/KNOWLEDGE/EXPERIENCE,0,0,0,0,10,7,5,501,PULASKI RD,41.958139,-87.67889,05/05/2018 11:18:00 AM,2018
CR00006746,10/17/2016 08:25:00 PM,45,CLEAR,DAYLIGHT,PARKED MOTOR VEHICLE,DIVIDED - W/MEDIAN BARRIER,NO CONTROLS,UNABLE TO DETERMINE,UNABLE TO DETERMINE,0,0,0,0,20,2,10,639,PULASKI RD,41.981576,-87.76944,10/17/2016 08:44:00 PM,2016
CR00006747,12/31/2019 05:00:00 PM,30,CLOUDY/OVERCAST,DARKNESS - LIGHTED ROAD,REAR END,NOT DIVIDED,UNKNOWN,DRIVING SKILLS/KNOWLEDGE/EXPERIENCE,DISREGARDING TRAFFIC SIGNALS,0,0,0,0,17,3,12,504,ROOSEVELT RD,41.788022,-87.777476,12/31/2019 06:18:00 PM,2019
CR00006748,04/28/2020 09:19:00 AM,25,CLOUDY/OVERCAST,DAYLIGHT,REAR END,DIVIDED - W/MEDIAN BARRIER,TRAFFIC SIGNAL,IMPROPER LANE USAGE,FOLLOWING TOO CLOSELY,0,0,0,0,9,3,4,1750,BROADWAY,41.727166,-87.83545,04/28/2020 10:19:00 AM,2020
CR00006749,11/25/2019 07:39:00 AM,40,CLEAR,DAYLIGHT,ANGLE,FOUR WAY,PEDESTRIAN CROSSING SIGN,FOLLOWING TOO CLOSELY,UNABLE TO DETERMINE,0,0,0,0,7,2,11,1228,79TH ST,41.876196,-87.642119,11/25/2019 08:45:00 AM,2019
CR00006750,01/16/2016 03:27:00 PM,45,CLEAR,DARKNESS - LIGHTED ROAD,REAR END,NOT DIVIDED,TRAFFIC SIGNAL,FAILING TO REDUCE SPEED,UNABLE TO DETERMINE,0,0,0,0,15,7,1,733,CALIFORNIA AVE,41.718655,-87.699504,01/16/2016 03:49:00 PM,2016
CR00006751,09/22/2015 05:33:00 PM,30,CLEAR,DAYLIGHT,SIDESWIPE SAME DIRECTION,NOT DIVIDED,NO CONTROLS,DISTRACTION - FROM INSIDE VEHICLE,NOT APPLICABLE,0,0,0,0,17,3,9,2264,ELSTON AVE,41.978956,-87.579755,09/22/2015 06:39:00 PM,2015
CR00006752,06/24/2016 01:22:00 PM,35,CLEAR,DAYLIGHT,TURNING,DIVIDED - W/MEDIAN BARRIER,STOP SIGN/FLASHER,UNABLE TO DETERMINE,IMPROPER LANE USAGE,0,0,0,0,13,6,6,1618,BROADWAY,41.783989,-87.829698,06/24/2016 01:28:00 PM,2016
CR00006753,08/24/2021 05:00:00 AM,20,CLEAR,DAYLIGHT,SIDESWIPE SAME DIRECTION,DIVIDED - W/MEDIAN (NOT RAISED),STOP SIGN/FLASHER,FAILING TO REDUCE SPEED,FAILING TO REDUCE SPEED,0,0,0,0,5,3,8,2453,MILWAUKEE AVE,41.747934,-87.597095,08/24/2021 06:26:00 AM,2021