CRASH_RECORD_ID,CRASH_DATE,POSTED_SPEED_LIMIT,WEATHER_CONDITION,LIGHTING_CONDITION,FIRST_CRASH_TYPE,TRAFFICWAY_TYPE,TRAFFIC_CONTROL_DEVICE,PRIM_CONTRIBUTORY_CAUSE,SEC_CONTRIBUTORY_CAUSE,INJURIES_FATAL,INJURIES_INCAPACITATING,INJURIES_NON_INCAPACITATING,INJURIES_TOTAL,CRASH_HOUR,CRASH_DAY_OF_WEEK,CRASH_MONTH,BEAT_OF_OCCURRENCE,STREET_NAME,LATITUDE,LONGITUDE,DATE_POLICE_NOTIFIED,year
CR00006754,02/28/2024 03:04:00 PM,20,CLEAR,DAYLIGHT,ANGLE,NOT DIVIDED,TRAFFIC SIGNAL,IMPROPER LANE USAGE,UNABLE TO DETERMINE,0,0,0,0,15,4,2,501,CICERO AVE,41.795493,-87.606699,02/28/2024 03:05:00 PM,2024
CR00006755,08/09/2019 08:17:00 AM,30,CLEAR,DAYLIGHT,ANGLE,NOT DIVIDED,STOP SIGN/FLASHER,DISTRACTION - FROM INSIDE VEHICLE,FAILING TO REDUCE SPEED,0,0,0,0,8,6,8,2208,STATE ST,41.963979,-87.553691,08/09/2019 09:56:00 AM,2019
CR00006756,06/25/2016 05:43:00 PM,35,SNOW,DAYLIGHT,PARKED MOTOR VEHICLE,DIVIDED - W/MEDIAN BARRIER,NO CONTROLS,IMPROPER LANE USAGE,IMPROPER OVERTAKING/PASSING,0,0,0,0,17,7,6,990,WESTERN AVE,41.888122,-87.567651,06/25/2016 05:56:00 PM,2016
CR00006757,04/01/2016 10:41:00 AM,30,SNOW,DARKNESS - LIGHTED ROAD,ANGLE,ONE-WAY,STOP SIGN/FLASHER,UNABLE TO DETERMINE,DISTRACTION - FROM INSIDE VEHICLE,0,0,0,0,10,6,4,1452,DAMEN AVE,41.728646,-87.834135,04/01/2016 12:01:00 PM,2016
CR00006758,04/20/2020 05:57:00 PM,35,CLEAR,DARKNESS,PARKED MOTOR VEHICLE,NOT DIVIDED,TRAFFIC SIGNAL,DISTRACTION - FROM INSIDE VEHICLE,FAILING TO YIELD RIGHT-OF-WAY,0,0,0,0,17,2,4,584,ELSTON AVE,41.864513,-87.732491,04/20/2020 07:50:00 PM,2020
CR00006759,06/18/2018 08:46:00 PM,35,CLOUDY/OVERCAST,DAYLIGHT,REAR END,NOT DIVIDED,STOP SIGN/FLASHER,UNABLE TO DETERMINE,UNABLE TO DETERMINE,0,0,0,0,20,2,6,1865,BROADWAY,41.755789,-87.815278,06/18/2018 08:58:00 PM,2018
CR00006760,10/13/2017 08:56:00 AM,30,CLEAR,DAYLIGHT,ANGLE,ONE-WAY,TRAFFIC SIGNAL,FOLLOWING TOO CLOSELY,FOLLOWING TOO CLOSELY,0,0,0,0,8,6,10,2282,FULLERTON AVE,41.879617,-87.772905,10/13/2017 09:57:00 AM,2017
CR00006761,10/08/2021 03:51:00 PM,30,CLEAR,DAYLIGHT,REAR END,NOT DIVIDED,NO CONTROLS,FOLLOWING TOO CLOSELY,WEATHER,0,0,0,0,15,6,10,358,LAKE SHORE DR,41.862702,-87.678713,10/08/2021 05:15:00 PM,2021
CR00006762,09/03/2024 07:23:00 PM,35,CLEAR,DAWN,REAR TO FRONT,ONE-WAY,STOP SIGN/FLASHER,FAILING TO REDUCE SPEED,IMPROPER LANE USAGE,0,0,0,0,19,3,9,1997,79TH ST,41.939842,-87.57004,09/03/2024 08:51:00 PM,2024
CR00006763,04/09/2015 10:27:00 AM,15,CLEAR,DAWN,REAR TO FRONT,NOT DIVIDED,STOP SIGN/FLASHER,UNABLE TO DETERMINE,UNABLE TO DETERMINE,0,0,0,0,10,5,4,1121,LAKE SHORE DR,41.791229,-87.84354,04/09/2015 12:12:00 PM,2015
CR00006764,07/25/2015 04:40:00 PM,25,CLEAR,DAYLIGHT,SIDESWIPE SAME DIRECTION,NOT DIVIDED,TRAFFIC SIGNAL,IMPROPER OVERTAKING/PASSING,IMPROPER OVERTAKING/PASSING,0,0,0,0,16,7,7,1825,CICERO AVE,41.977661,-87.553136,07/25/2015 05:31:00 PM,2015
CR00006765,12/13/2018 02:18:00 PM,15,CLEAR,DAYLIGHT,PARKED MOTOR VEHICLE,DIVIDED - W/MEDIAN BARRIER,NO CONTROLS,DISREGARDING TRAFFIC SIGNALS,FAILING TO YIELD RIGHT-OF-WAY,0,0,1,1,14,5,12,674,FULLERTON AVE,41.814485,-87.574548,12/13/2018 02:49:00 PM,2018
CR00006766,03/28/2023 05:27:00 PM,35,CLEAR,DAYLIGHT,SIDESWIPE SAME DIRECTION,FOUR WAY,NO CONTROLS,IMPROPER OVERTAKING/PASSING,IMPROPER LANE USAGE,0,0,0,0,17,3,3,506,PULASKI RD,41.748848,-87.628022,03/28/2023 06:05:00 PM,2023
CR00006767,10/21/2023 07:47:00 AM,25,CLEAR,DARKNESS - LIGHTED ROAD,REAR END,DIVIDED - W/MEDIAN (NOT RAISED),TRAFFIC SIGNAL,IMPROPER LANE USAGE,UNABLE TO DETERMINE,0,0,0,0,7,7,10,1213,DAMEN AVE,41.953636,-87.67522,10/21/2023 08:27:00 AM,2023
CR00006768,09/09/2017 11:40:00 PM,45,CLEAR,DAWN,PARKED MOTOR VEHICLE,DIVIDED - W/MEDIAN (NOT RAISED),STOP SIGN/FLASHER,DISTRACTION - FROM INSIDE VEHICLE,IMPROPER OVERTAKING/PASSING,0,0,0,0,23,7,9,1970,79TH ST,41.762257,-87.759817,09/10/2017 01:14:00 AM,2017
CR00006769,03/10/2024 06:56:00 AM,25,SNOW,DARKNESS - LIGHTED ROAD,REAR END,NOT DIVIDED,NO CONTROLS,FOLLOWING TOO CLOSELY,UNABLE TO DETERMINE,0,1,0,1,6,1,3,383,ELSTON AVE,41.705289,-87.591793,03/10/2024 07:08:00 AM,2024
CR00006770,02/22/2024 05:02:00 AM,30,CLOUDY/OVERCAST,DAYLIGHT,REAR END,NOT DIVIDED,NO CONTROLS,FAILING TO YIELD RIGHT-OF-WAY,FOLLOWING TOO CLOSELY,0,0,0,0,5,5,2,1272,CALIFORNIA AVE,41.851868,-87.79364,02/22/2024 06:25:00 AM,2024
CR00006771,02/20/2015 08:35:00 AM,30,RAIN,DUSK,TURNING,DIVIDED - W/MEDIAN (NOT RAISED),TRAFFIC SIGNAL,FAILING TO REDUCE SPEED,DISTRACTION - FROM INSIDE VEHICLE,0,0,0,0,8,6,2,2448,LAKE SHORE DR,41.821912,-87.617277,02/20/2015 09:25:00 AM,2015
CR00006772,09/17/2015 10:45:00 AM,40,FOG/SMOKE/HAZE,DUSK,TURNING,DIVIDED - W/MEDIAN (NOT RAISED),NO CONTROLS,IMPROPER LANE USAGE,FOLLOWING TOO CLOSELY,0,0,0,0,10,5,9,1480,STONY ISLAND AVE,41.995918,-87.610087,09/17/2015 11:41:00 AM,2015
CR00006773,10/24/2020 04:49:00 PM,40,FREEZING RAIN/DRIZZLE,DAYLIGHT,REAR END,FOUR WAY,UNKNOWN,FAILING TO YIELD RIGHT-OF-WAY,IMPROPER OVERTAKING/PASSING,0,0,0,0,16,7,10,2221,PULASKI RD,41.795803,-87.519932,10/24/2020 06:43:00 PM,2020
CR00006774,05/31/2022 04:09:00 PM,40,CLEAR,DARKNESS - LIGHTED ROAD,ANGLE,DIVIDED - W/MEDIAN (NOT RAISED),NO CONTROLS,DISTRACTION - FROM INSIDE VEHICLE,DRIVING SKILLS/KNOWLEDGE/EXPERIENCE,0,0,0,0,16,3,5,2161,CALIFORNIA AVE,41.839667,-87.782932,05/31/2022 04:54:00 PM,2022
CR00006775,09/08/2016 11:26:00 AM,35,CLEAR,DAYLIGHT,ANGLE,FOUR WAY,TRAFFIC SIGNAL,FOLLOWING TOO CLOSELY,IMPROPER LANE USAGE,0,0,0,0,11,5,9,2158,STATE ST,41.972084,-87.783835,09/08/2016 12:52:00 PM,2016
CR00006776,02/06/2022 02:23:00 AM,30,RAIN,DAYLIGHT,FIXED OBJECT,NOT DIVIDED,NO CONTROLS,FOLLOWING TOO CLOSELY,NOT APPLICABLE,0,0,0,0,2,1,2,102,MICHIGAN AVE,41.845906,-87.673684,02/06/2022 03:31:00 AM,2022
CR00006777,10/27/2022 01:02:00 PM,30,CLEAR,DAYLIGHT,REAR END,NOT DIVIDED,STOP SIGN/FLASHER,DRIVING SKILLS/KNOWLEDGE/EXPERIENCE,UNABLE TO DETERMINE,0,0,0,0,13,5,10,1669,STATE ST,41.759853,-87.679656,10/27/2022 01:13:00 PM,2022
CR00006778,09/09/2021 02:03:00 AM,15,CLEAR,DAYLIGHT,REAR END,ONE-WAY,NO CONTROLS,FAILING TO REDUCE SPEED,UNABLE TO DETERMINE,0,0,0,0,2,5,9,1252,PULASKI RD,41.754837,-87.670795,09/09/2021 03:24:00 AM,2021
CR00006779,04/06/2018 03:38:00 PM,25,CLEAR,DAYLIGHT,TURNING,NOT DIVIDED,TRAFFIC SIGNAL,DISTRACTION - FROM INSIDE VEHICLE,UNABLE TO DETERMINE,0,0,0,0,15,6,4,895,MICHIGAN AVE,41.993179,-87.502273,04/06/2018 03:53:00 PM,2018
CR00006780,07/24/2024 08:42:00 PM,30,CLEAR,DARKNESS - LIGHTED ROAD,REAR END,DIVIDED - W/MEDIAN (NOT RAISED),STOP SIGN/FLASHER,DISTRACTION - FROM INSIDE VEHICLE,IMPROPER OVERTAKING/PASSING,0,0,0,0,20,4,7,1198,STONY ISLAND AVE,41.795695,-87.693088,07/24/2024 09:15:00 PM,2024
CR00006781,07/03/2017 03:50:00 PM,30,CLEAR,DAYLIGHT,REAR END,NOT DIVIDED,NO CONTROLS,IMPROPER LANE USAGE,DISTRACTION - FROM INSIDE VEHICLE,0,0,0,0,15,2,7,1614,ASHLAND AVE,41.70921,-87.524403,07/03/2017 05:03:00 PM,2017
CR00006782,06/25/2021 10:24:00 AM,15,CLEAR,DARKNESS,FIXED OBJECT,ONE-WAY,TRAFFIC SIGNAL,FOLLOWING TOO CLOSELY,UNABLE TO DETERMINE,0,0,1,1,10,6,6,902,DAMEN AVE,41.99718,-87.634269,06/25/2021 12:24:00 PM,2021
CR00006783,05/30/2019 12:59:00 PM,15,RAIN,DAYLIGHT,TURNING,DIVIDED - W/MEDIAN (NOT RAISED),STOP SIGN/FLASHER,UNABLE TO DETERMINE,UNABLE TO DETERMINE,0,0,3,3,12,5,5,1840,STONY ISLAND AVE,41.914043,-87.790071,05/30/2019 02:57:00 PM,2019
CR00006784,07/04/2018 06:27:00 PM,40,CLEAR,DAYLIGHT,ANGLE,NOT DIVIDED,TRAFFIC SIGNAL,DISTRACTION - FROM INSIDE VEHICLE,FAILING TO YIELD RIGHT-OF-WAY,0,0,3,3,18,4,7,361,PULASKI RD,41.777264,-87.745482,07/04/2018 07:10:00 PM,2018
CR00006785,07/04/2018 06:29:00 PM,25,CLEAR,DARKNESS,PEDESTRIAN,NOT DIVIDED,TRAFFIC SIGNAL,FAILING TO REDUCE SPEED,UNABLE TO DETERMINE,0,0,0,0,18,4,7,1431,FULLERTON AVE,41.896226,-87.73566,07/04/2018 08:24:00 PM,2018
CR00006786,06/09/2019 11:19:00 AM,15,CLEAR,DAYLIGHT,TURNING,FOUR WAY,TRAFFIC SIGNAL,DRIVING SKILLS/KNOWLEDGE/EXPERIENCE,FAILING TO YIELD RIGHT-OF-WAY,0,0,0,0,11,1,6,1899,MICHIGAN AVE,41.736009,-87.842698,06/09/2019 11:30:00 AM,2019
CR00006787,11/07/2020 11:49:00 PM,45,CLEAR,DAYLIGHT,REAR END,NOT DIVIDED,STOP SIGN/FLASHER,DISTRACTION - FROM INSIDE VEHICLE,DISTRACTION - FROM INSIDE VEHICLE,0,1,3,4,23,7,11,1108,ASHLAND AVE,41.878365,-87.569882,11/08/2020 01:21:00 AM,2020
CR00006788,12/23/2024 08:47:00 PM,15,CLEAR,DAYLIGHT,TURNING,DIVIDED - W/MEDIAN (NOT RAISED),STOP SIGN/FLASHER,FAILING TO YIELD RIGHT-OF-WAY,UNABLE TO DETERMINE,0,0,0,0,20,2,12,954,CLARK ST,41.773404,-87.585778,12/23/2024 08:49:00 PM,2024
CR00006789,01/23/2024 08:04:00 AM,30,RAIN,DARKNESS - LIGHTED ROAD,PEDESTRIAN,ONE-WAY,NO CONTROLS,FAILING TO YIELD RIGHT-OF-WAY,NOT APPLICABLE,0,0,0,0,8,3,1,1292,63RD ST,41.813136,-87.590054,01/23/2024 09:03:00 AM,2024
CR00006790,09/12/2020 10:52:00 AM,15,CLEAR,DAYLIGHT,REAR END,NOT DIVIDED,NO CONTROLS,FAILING TO YIELD RIGHT-OF-WAY,UNABLE TO DETERMINE,0,0,1,1,10,7,9,1543,FULLERTON AVE,41.788232,-87.780148,09/12/2020 11:48:00 AM,2020
CR00006791,01/03/2024 11:21:00 PM,45,CLEAR,DARKNESS - LIGHTED ROAD,REAR END,NOT DIVIDED,TRAFFIC SIGNAL,FAILING TO REDUCE SPEED,DISREGARDING TRAFFIC SIGNALS,0,0,0,0,23,4,1,1408,KEDZIE AVE,41.730555,-87.574268,01/03/2024 11:25:00 PM,2024
CR00006792,02/05/2018 03:41:00 AM,15,CLEAR,DAYLIGHT,REAR END,NOT DIVIDED,TRAFFIC SIGNAL,IMPROPER OVERTAKING/PASSING,FAILING TO YIELD RIGHT-OF-WAY,0,0,0,0,3,2,2,970,MICHIGAN AVE,41.791605,-87.691134,02/05/2018 04:49:00 AM,2018
CR00006793,08/23/2021 11:43:00 AM,15,CLEAR,DAYLIGHT,ANGLE,NOT DIVIDED,TRAFFIC SIGNAL,UNABLE TO DETERMINE,UNABLE TO DETERMINE,0,0,0,0,11,2,8,858,STATE ST,41.892275,-87.75558,08/23/2021 12:38:00 PM,2021
CR00006794,11/15/2019 11:41:00 PM,25,CLOUDY/OVERCAST,DAYLIGHT,PARKED MOTOR VEHICLE,T-INTERSECTION,STOP SIGN/FLASHER,FAILING TO YIELD RIGHT-OF-WAY,FOLLOWING TOO CLOSELY,0,0,0,0,23,6,11,698,CICERO AVE,41.921761,-87.679656,11/16/2019 01:22:00 AM,2019
CR00006795,07/11/2018 02:10:00 PM,30,RAIN,DAYLIGHT,ANGLE,NOT DIVIDED,NO CONTROLS,UNABLE TO DETERMINE,DRIVING SKILLS/KNOWLEDGE/EXPERIENCE,0,2,3,5,14,4,7,2426,47TH ST,41.990534,-87.629454,07/11/2018 02:57:00 PM,2018
CR00006796,06/15/2016 03:35:00 PM,45,RAIN,DAYLIGHT,ANGLE,DIVIDED - W/MEDIAN BARRIER,YIELD,FOLLOWING TOO CLOSELY,WEATHER,0,0,0,0,15,4,6,1707,DIVISION ST,41.800679,-87.534437,06/15/2016 05:06:00 PM,2016
CR00006797,05/10/2024 07:03:00 AM,35,SNOW,DARKNESS - LIGHTED ROAD,REAR TO FRONT,DIVIDED - W/MEDIAN (NOT RAISED),TRAFFIC SIGNAL,FAILING TO YIELD RIGHT-OF-WAY,IMPROPER OVERTAKING/PASSING,0,0,1,1,7,6,5,987,79TH ST,41.802849,-87.582115,05/10/2024 08:01:00 AM,2024
CR00006798,02/19/2016 12:40:00 PM,40,CLEAR,DAYLIGHT,PARKED MOTOR VEHICLE,DIVIDED - W/MEDIAN BARRIER,UNKNOWN,IMPROPER LANE USAGE,UNABLE TO DETERMINE,0,0,1,1,12,6,2,2008,BROADWAY,41.939336,-87.635035,02/19/2016 01:29:00 PM,2016
CR00006799,12/24/2022 12:07:00 PM,30,CLEAR,DAYLIGHT,ANGLE,NOT DIVIDED,YIELD,FAILING TO YIELD RIGHT-OF-WAY,DRIVING SKILLS/KNOWLEDGE/EXPERIENCE,0,0,0,0,12,7,12,1777,WESTERN AVE,41.968579,-87.841039,12/24/2022 01:47:00 PM,2022
CR00006800,11/14/2019 03:56:00 PM,20,CLEAR,DAYLIGHT,TURNING,FOUR WAY,PEDESTRIAN CROSSING SIGN,DRIVING SKILLS/KNOWLEDGE/EXPERIENCE,DISTRACTION - FROM INSIDE VEHICLE,0,0,0,0,15,5,11,2517,STONY ISLAND AVE,41.793054,-87.587061,11/14/2019 04:30:00 PM,2019
CR00006801,11/08/2024 06:30:00 PM,25,CLEAR,DARKNESS - LIGHTED ROAD,REAR END,FOUR WAY,NO CONTROLS,UNABLE TO DETERMINE,FOLLOWING TOO CLOSELY,0,0,0,0,18,6,11,1399,WESTERN AVE,41.706519,-87.716946,11/08/2024 07:42:00 PM,2024
CR00006802,12/06/2019 12:11:00 PM,45,CLEAR,DAYLIGHT,TURNING,FOUR WAY,STOP SIGN/FLASHER,FOLLOWING TOO CLOSELY,UNABLE TO DETERMINE,0,0,0,0,12,6,12,1972,LAKE SHORE DR,41.82113,-87.757935,12/06/2019 01:50:00 PM,2019
CR00006803,01/09/2018 09:18:00 AM,25,CLEAR,DAYLIGHT,SIDESWIPE SAME DIRECTION,NOT DIVIDED,TRAFFIC SIGNAL,UNABLE TO DETERMINE,UNABLE TO DETERMINE,0,0,0,0,9,3,1,1012,CLARK ST,41.723812,-87.67766,01/09/2018 09:26:00 AM,2018
CR00006804,09/06/2024 03:27:00 PM,25,CLEAR,DAYLIGHT,ANGLE,DIVIDED - W/MEDIAN BARRIER,TRAFFIC SIGNAL,IMPROPER OVERTAKING/PASSING,DISTRACTION - FROM INSIDE VEHICLE,0,0,0,0,15,6,9,1378,ASHLAND AVE,41.981049,-87.721995,09/06/2024 05:26:00 PM,2024
CR00006805,03/16/2022 02:54:00 PM,15,CLEAR,DAYLIGHT,SIDESWIPE SAME DIRECTION,ONE-WAY,NO CONTROLS,FOLLOWING TOO CLOSELY,NOT APPLICABLE,0,0,0,0,14,4,3,1711,OGDEN AVE,41.791052,-87.72677,03/16/2022 04:14:00 PM,2022
CR00006806,02/25/2018 12:35:00 PM,30,CLEAR,DAYLIGHT,REAR TO FRONT,NOT DIVIDED,PEDESTRIAN CROSSING SIGN,DRIVING SKILLS/KNOWLEDGE/EXPERIENCE,DRIVING SKILLS/KNOWLEDGE/EXPERIENCE,0,0,0,0,12,1,2,991,ROOSEVELT RD,41.829026,-87.547754,02/25/2018 02:34:00 PM,2018
CR00006807,08/08/2017 06:02:00 PM,40,CLEAR,DUSK,ANGLE,DIVIDED - W/MEDIAN BARRIER,STOP SIGN/FLASHER,FOLLOWING TOO CLOSELY,NOT APPLICABLE,0,0,0,0,18,3,8,2216,ASHLAND AVE,41.955852,-87.762141,08/08/2017 07:15:00 PM,2017
CR00006808,06/21/2024 11:09:00 PM,35,CLEAR,DAYLIGHT,PARKED MOTOR VEHICLE,DIVIDED - W/MEDIAN (NOT RAISED),STOP SIGN/FLASHER,FAILING TO YIELD RIGHT-OF-WAY,UNABLE TO DETERMINE,0,0,0,0,23,6,6,208,OGDEN AVE,41.891079,-87.612504,06/22/2024 12:54:00 AM,2024
CR00006809,09/08/2019 07:00:00 PM,15,CLEAR,DAYLIGHT,REAR END,DIVIDED - W/MEDIAN BARRIER,UNKNOWN,FAILING TO REDUCE SPEED,NOT APPLICABLE,0,0,0,0,19,1,9,1662,KEDZIE AVE,41.857271,-87.748391,09/08/2019 08:15:00 PM,2019
CR00006810,02/25/2016 08:50:00 AM,35,RAIN,DARKNESS - LIGHTED ROAD,REAR END,DIVIDED - W/MEDIAN BARRIER,TRAFFIC SIGNAL,IMPROPER OVERTAKING/PASSING,DISTRACTION - FROM INSIDE VEHICLE,0,0,1,1,8,5,2,592,MICHIGAN AVE,41.933725,-87.583586,02/25/2016 09:47:00 AM,2016
CR00006811,06/19/2021 01:57:00 AM,30,CLEAR,DAYLIGHT,SIDESWIPE SAME DIRECTION,NOT DIVIDED,NO CONTROLS,UNABLE TO DETERMINE,WEATHER,0,0,0,0,1,7,6,2168,STONY ISLAND AVE,41.80812,-87.616643,06/19/2021 03:04:00 AM,2021
CR00006812,05/27/2020 08:05:00 AM,40,CLEAR,DAYLIGHT,REAR END,DIVIDED - W/MEDIAN (NOT RAISED),TRAFFIC SIGNAL,IMPROPER OVERTAKING/PASSING,NOT APPLICABLE,0,0,0,0,8,4,5,315,STONY ISLAND AVE,41.744763,-87.554762,05/27/2020 08:51:00 AM,2020
CR00006813,07/15/2022 09:17:00 AM,20,CLEAR,DARKNESS - LIGHTED ROAD,REAR END,ONE-WAY,TRAFFIC SIGNAL,FOLLOWING TOO CLOSELY,DRIVING SKILLS/KNOWLEDGE/EXPERIENCE,0,0,0,0,9,6,7,301,79TH ST,41.744973,-87.511995,07/15/2022 10:25:00 AM,2022
CR00006814,02/07/2019 06:00:00 PM,20,CLEAR,DARKNESS - LIGHTED ROAD,TURNING,NOT DIVIDED,TRAFFIC SIGNAL,UNABLE TO DETERMINE,WEATHER,0,0,0,0,18,5,2,2442,MICHIGAN AVE,41.915573,-87.504152,02/07/2019 06:44:00 PM,2019
CR00006815,09/23/2018 09:07:00 AM,25,CLEAR,DARKNESS - LIGHTED ROAD,ANGLE,NOT DIVIDED,NO CONTROLS,FAILING TO YIELD RIGHT-OF-WAY,IMPROPER OVERTAKING/PASSING,0,0,0,0,9,1,9,1187,BROADWAY,41.968257,-87.771742,09/23/2018 10:48:00 AM,2018
CR00006816,07/07/2018 05:52:00 PM,30,CLEAR,DUSK,TURNING,ONE-WAY,NO CONTROLS,UNABLE TO DETERMINE,FOLLOWING TOO CLOSELY,0,0,0,0,17,7,7,1291,WESTERN AVE,41.77591,-87.836177,07/07/2018 06:18:00 PM,2018
CR00006817,06/24/2020 01:11:00 AM,25,FOG/SMOKE/HAZE,DARKNESS - LIGHTED ROAD,TURNING,NOT DIVIDED,NO CONTROLS,DRIVING SKILLS/KNOWLEDGE/EXPERIENCE,NOT APPLICABLE,0,0,0,0,1,4,6,2288,IRVING PARK RD,41.99099,-87.623602,06/24/2020 02:44:00 AM,2020
CR00006818,02/07/2015 11:15:00 PM,15,RAIN,DARKNESS - LIGHTED ROAD,REAR END,DIVIDED - W/MEDIAN (NOT RAISED),STOP SIGN/FLASHER,DRIVING SKILLS/KNOWLEDGE/EXPERIENCE,UNABLE TO DETERMINE,0,0,0,0,23,7,2,1296,ROOSEVELT RD,41.980178,-87.748179,02/08/2015 12:35:00 AM,2015
CR00006819,04/19/2024 04:44:00 PM,20,CLEAR,DUSK,PEDESTRIAN,NOT DIVIDED,STOP SIGN/FLASHER,WEATHER,FAILING TO YIELD RIGHT-OF-WAY,0,0,0,0,16,6,4,1124,79TH ST,41.871095,-87.751198,04/19/2024 04:54:00 PM,2024
CR00006820,06/22/2024 04:55:00 PM,15,RAIN,DAYLIGHT,PEDESTRIAN,NOT DIVIDED,STOP SIGN/FLASHER,FAILING TO YIELD RIGHT-OF-WAY,FOLLOWING TOO CLOSELY,0,0,0,0,16,7,6,1163,ARCHER AVE,41.863668,-87.614892,06/22/2024 05:56:00 PM,2024
CR00006821,12/09/2021 03:03:00 AM,20,CLEAR,DARKNESS - LIGHTED ROAD,REAR END,NOT DIVIDED,TRAFFIC SIGNAL,FOLLOWING TOO CLOSELY,UNABLE TO DETERMINE,0,0,1,1,3,5,12,2486,63RD ST,41.846759,-87.721238,12/09/2021 04:57:00 AM,2021
CR00006822,05/28/2022 04:04:00 PM,45,CLEAR,DAYLIGHT,REAR END,DIVIDED - W/MEDIAN (NOT RAISED),NO CONTROLS,UNABLE TO DETERMINE,IMPROPER LANE USAGE,0,0,1,1,16,7,5,202,STONY ISLAND AVE,41.947486,-87.841017,05/28/2022 04:05:00 PM,2022
CR00006823,03/03/2023 07:32:00 PM,25,CLEAR,DARKNESS - LIGHTED ROAD,REAR END,FOUR WAY,NO CONTROLS,UNABLE TO DETERMINE,NOT APPLICABLE,0,0,0,0,19,6,3,2424,ASHLAND AVE,41.903608,-87.771711,03/03/2023 08:04:00 PM,2023
CR00006824,07/24/2024 10:32:00 AM,30,CLEAR,DARKNESS,ANGLE,NOT DIVIDED,STOP SIGN/FLASHER,FOLLOWING TOO CLOSELY,IMPROPER LANE USAGE,0,0,0,0,10,4,7,1490,MILWAUKEE AVE,41.838989,-87.557952,07/24/2024 10:59:00 AM,2024
CR00006825,07/26/2019 04:11:00 PM,40,CLEAR,DAYLIGHT,REAR END,NOT DIVIDED,TRAFFIC SIGNAL,IMPROPER OVERTAKING/PASSING,FOLLOWING TOO CLOSELY,0,0,0,0,16,6,7,952,63RD ST,41.923715,-87.705762,07/26/2019 04:18:00 PM,2019
CR00006826,01/26/2019 11:36:00 PM,35,CLEAR,DUSK,PARKED MOTOR VEHICLE,DIVIDED - W/MEDIAN (NOT RAISED),NO CONTROLS,WEATHER,DRIVING SKILLS/KNOWLEDGE/EXPERIENCE,0,0,0,0,23,7,1,934,CALIFORNIA AVE,41.745706,-87.612293,01/27/2019 12:16:00 AM,2019
CR00006827,08/01/2020 05:08:00 PM,30,CLEAR,DARKNESS - LIGHTED ROAD,REAR END,DIVIDED - W/MEDIAN (NOT RAISED),TRAFFIC SIGNAL,UNABLE TO DETERMINE,NOT APPLICABLE,0,0,0,0,17,7,8,704,ELSTON AVE,41.799872,-87.749351,08/01/2020 06:45:00 PM,2020
CR00006828,01/30/2021 12:23:00 PM,15,CLEAR,DAYLIGHT,SIDESWIPE SAME DIRECTION,DIVIDED - W/MEDIAN (NOT RAISED),NO CONTROLS,FOLLOWING TOO CLOSELY,UNABLE TO DETERMINE,0,0,0,0,12,7,1,699,HALSTED ST,41.876774,-87.606407,01/30/2021 01:29:00 PM,2021
CR00006829,04/13/2024 11:35:00 AM,45,CLEAR,DUSK,REAR END,NOT DIVIDED,NO CONTROLS,FAILING TO YIELD RIGHT-OF-WAY,FAILING TO YIELD RIGHT-OF-WAY,0,0,0,0,11,7,4,2487,BROADWAY,41.956471,-87.672216,04/13/2024 12:09:00 PM,2024
CR00006830,01/16/2024 03:47:00 PM,35,CLEAR,DARKNESS,REAR TO FRONT,ONE-WAY,TRAFFIC SIGNAL,FAILING TO YIELD RIGHT-OF-WAY,DISREGARDING TRAFFIC SIGNALS,0,0,1,1,15,3,1,981,STONY ISLAND AVE,41.723324,-87.664718,01/16/2024 04:34:00 PM,2024
CR00006831,02/08/2023 06:24:00 AM,35,FREEZING RAIN/DRIZZLE,DAYLIGHT,REAR TO FRONT,NOT DIVIDED,NO CONTROLS,FOLLOWING TOO CLOSELY,FAILING TO REDUCE SPEED,0,0,0,0,6,4,2,876,OGDEN AVE,41.875627,-87.702819,02/08/2023 07:47:00 AM,2023
CR00006832,08/08/2015 02:28:00 PM,35,RAIN,DAYLIGHT,PEDESTRIAN,DIVIDED - W/MEDIAN BARRIER,YIELD,IMPROPER OVERTAKING/PASSING,DISTRACTION - FROM INSIDE VEHICLE,0,2,1,3,14,7,8,1775,CLARK ST,41.944695,-87.546006,08/08/2015 03:08:00 PM,2015
CR00006833,06/15/2018 05:06:00 PM,30,CLEAR,DAYLIGHT,REAR END,NOT DIVIDED,TRAFFIC SIGNAL,FAILING TO YIELD RIGHT-OF-WAY,UNABLE TO DETERMINE,0,0,0,0,17,6,6,1531,IRVING PARK RD,41.716135,-87.558127,06/15/2018 06:26:00 PM,2018
CR00006834,12/08/2016 08:54:00 PM,30,RAIN,DARKNESS - LIGHTED ROAD,ANGLE,ONE-WAY,TRAFFIC SIGNAL,FOLLOWING TOO CLOSELY,FOLLOWING TOO CLOSELY,0,2,1,3,20,5,12,2084,OGDEN AVE,41.777499,-87.760327,12/08/2016 10:18:00 PM,2016
CR00006835,03/17/2018 12:04:00 PM,20,CLOUDY/OVERCAST,DAYLIGHT,REAR END,T-INTERSECTION,NO CONTROLS,IMPROPER LANE USAGE,DISTRACTION - FROM INSIDE VEHICLE,0,0,0,0,12,7,3,2458,WESTERN AVE,41.969382,-87.664514,03/17/2018 12:45:00 PM,2018