CRASH_RECORD_ID,CRASH_DATE,POSTED_SPEED_LIMIT,WEATHER_CONDITION,LIGHTING_CONDITION,FIRST_CRASH_TYPE,TRAFFICWAY_TYPE,TRAFFIC_CONTROL_DEVICE,PRIM_CONTRIBUTORY_CAUSE,SEC_CONTRIBUTORY_CAUSE,INJURIES_FATAL,INJURIES_INCAPACITATING,INJURIES_NON_INCAPACITATING,INJURIES_TOTAL,CRASH_HOUR,CRASH_DAY_OF_WEEK,CRASH_MONTH,BEAT_OF_OCCURRENCE,STREET_NAME,LATITUDE,LONGITUDE,DATE_POLICE_NOTIFIED,year
CR00006836,08/19/2017 01:13:00 AM,15,RAIN,DAYLIGHT,TURNING,NOT DIVIDED,TRAFFIC SIGNAL,UNABLE TO DETERMINE,NOT APPLICABLE,0,0,0,0,1,7,8,1539,LAKE SHORE DR,41.909229,-87.616311,08/19/2017 01:31:00 AM,2017
CR00006837,02/08/2019 05:09:00 PM,25,CLEAR,DAYLIGHT,TURNING,FOUR WAY,TRAFFIC SIGNAL,FOLLOWING TOO CLOSELY,FAILING TO YIELD RIGHT-OF-WAY,0,0,0,0,17,6,2,2014,DAMEN AVE,41.870498,-87.50276,02/08/2019 06:56:00 PM,2019
CR00006838,08/16/2017 02:53:00 PM,15,CLEAR,DARKNESS,PARKED MOTOR VEHICLE,NOT DIVIDED,NO CONTROLS,UNABLE TO DETERMINE,FAILING TO REDUCE SPEED,0,0,0,0,14,4,8,645,HALSTED ST,41.975524,-87.685973,08/16/2017 04:32:00 PM,2017
CR00006839,04/15/2023 09:11:00 PM,25,RAIN,DAYLIGHT,ANGLE,NOT DIVIDED,NO CONTROLS,FAILING TO YIELD RIGHT-OF-WAY,FAILING TO REDUCE SPEED,0,0,0,0,21,7,4,1273,FULLERTON AVE,41.803437,-87.661607,04/15/2023 09:59:00 PM,2023
CR00006840,12/12/2024 02:36:00 PM,20,RAIN,DAYLIGHT,ANGLE,DIVIDED - W/MEDIAN (NOT RAISED),TRAFFIC SIGNAL,UNABLE TO DETERMINE,UNABLE TO DETERMINE,0,0,0,0,14,5,12,179,47TH ST,41.792189,-87.627953,12/12/2024 02:40:00 PM,2024
CR00006841,05/29/2023 04:57:00 AM,30,CLOUDY/OVERCAST,DARKNESS - LIGHTED ROAD,REAR END,NOT DIVIDED,TRAFFIC SIGNAL,UNABLE TO DETERMINE,UNABLE TO DETERMINE,0,0,1,1,4,2,5,1842,CALIFORNIA AVE,41.879764,-87.59152,05/29/2023 06:20:00 AM,2023
CR00006842,06/11/2020 08:16:00 PM,30,CLEAR,DARKNESS,REAR END,NOT DIVIDED,TRAFFIC SIGNAL,UNABLE TO DETERMINE,UNABLE TO DETERMINE,0,0,0,0,20,5,6,2013,HALSTED ST,41.943017,-87.777023,06/11/2020 08:45:00 PM,2020
CR00006843,05/04/2021 07:47:00 PM,25,FREEZING RAIN/DRIZZLE,DARKNESS,ANGLE,T-INTERSECTION,TRAFFIC SIGNAL,DRIVING SKILLS/KNOWLEDGE/EXPERIENCE,NOT APPLICABLE,0,0,0,0,19,3,5,2081,CICERO AVE,41.919455,-87.65034,05/04/2021 08:19:00 PM,2021
CR00006844,04/19/2020 05:31:00 PM,40,CLEAR,DARKNESS - LIGHTED ROAD,PARKED MOTOR VEHICLE,NOT DIVIDED,NO CONTROLS,UNABLE TO DETERMINE,NOT APPLICABLE,0,0,0,0,17,1,4,1737,63RD ST,41.717157,-87.566754,04/19/2020 06:06:00 PM,2020
CR00006845,11/09/2015 06:21:00 PM,40,CLEAR,DAYLIGHT,PEDESTRIAN,DIVIDED - W/MEDIAN (NOT RAISED),TRAFFIC SIGNAL,UNABLE TO DETERMINE,DISREGARDING TRAFFIC SIGNALS,0,0,0,0,18,2,11,712,KEDZIE AVE,41.881683,-87.645602,11/09/2015 06:45:00 PM,2015
CR00006846,09/08/2024 11:24:00 AM,30,FREEZING RAIN/DRIZZLE,DAYLIGHT,ANGLE,NOT DIVIDED,TRAFFIC SIGNAL,DISTRACTION - FROM INSIDE VEHICLE,FOLLOWING TOO CLOSELY,0,0,0,0,11,1,9,1250,ASHLAND AVE,41.966751,-87.728494,09/08/2024 12:58:00 PM,2024
CR00006847,02/23/2024 12:26:00 AM,40,FOG/SMOKE/HAZE,DAYLIGHT,SIDESWIPE SAME DIRECTION,DIVIDED - W/MEDIAN (NOT RAISED),NO CONTROLS,FOLLOWING TOO CLOSELY,FAILING TO REDUCE SPEED,0,0,0,0,0,6,2,2280,PULASKI RD,41.854213,-87.668771,02/23/2024 02:03:00 AM,2024
CR00006848,04/12/2018 07:37:00 AM,40,RAIN,DAYLIGHT,REAR END,T-INTERSECTION,TRAFFIC SIGNAL,UNABLE TO DETERMINE,UNABLE TO DETERMINE,0,0,0,0,7,5,4,1445,FULLERTON AVE,41.721512,-87.810811,04/12/2018 08:29:00 AM,2018
CR00006849,12/19/2018 09:10:00 AM,25,CLEAR,DARKNESS,REAR END,NOT DIVIDED,NO CONTROLS,IMPROPER OVERTAKING/PASSING,UNABLE TO DETERMINE,0,0,0,0,9,4,12,1282,ELSTON AVE,41.78172,-87.764313,12/19/2018 09:48:00 AM,2018
CR00006850,05/02/2021 02:32:00 AM,45,CLEAR,DAYLIGHT,SIDESWIPE SAME DIRECTION,NOT DIVIDED,NO CONTROLS,UNABLE TO DETERMINE,FAILING TO YIELD RIGHT-OF-WAY,0,0,0,0,2,1,5,1711,DAMEN AVE,41.954388,-87.744006,05/02/2021 03:31:00 AM,2021
CR00006851,07/16/2019 02:17:00 AM,35,CLOUDY/OVERCAST,DUSK,ANGLE,NOT DIVIDED,NO CONTROLS,DRIVING SKILLS/KNOWLEDGE/EXPERIENCE,UNABLE TO DETERMINE,0,0,0,0,2,3,7,773,PULASKI RD,41.960634,-87.586641,07/16/2019 02:47:00 AM,2019
CR00006852,08/19/2024 12:00:00 PM,40,FREEZING RAIN/DRIZZLE,DARKNESS - LIGHTED ROAD,SIDESWIPE SAME DIRECTION,DIVIDED - W/MEDIAN (NOT RAISED),YIELD,WEATHER,DRIVING SKILLS/KNOWLEDGE/EXPERIENCE,0,0,0,0,12,2,8,897,WESTERN AVE,41.952956,-87.662489,08/19/2024 12:20:00 PM,2024
CR00006853,11/27/2023 11:14:00 AM,15,RAIN,DARKNESS - LIGHTED ROAD,TURNING,DIVIDED - W/MEDIAN (NOT RAISED),TRAFFIC SIGNAL,UNABLE TO DETERMINE,IMPROPER LANE USAGE,0,0,0,0,11,2,11,2290,BROADWAY,41.99536,-87.633002,11/27/2023 01:01:00 PM,2023
CR00006854,02/09/2018 06:33:00 PM,30,CLEAR,DAYLIGHT,ANGLE,DIVIDED - W/MEDIAN (NOT RAISED),TRAFFIC SIGNAL,FAILING TO REDUCE SPEED,UNABLE TO DETERMINE,0,0,2,2,18,6,2,767,ASHLAND AVE,41.830199,-87.651036,02/09/2018 06:59:00 PM,2018
CR00006855,04/05/2022 07:10:00 AM,45,CLEAR,DARKNESS - LIGHTED ROAD,PARKED MOTOR VEHICLE,NOT DIVIDED,YIELD,FOLLOWING TOO CLOSELY,IMPROPER OVERTAKING/PASSING,0,0,0,0,7,3,4,1074,LAKE SHORE DR,41.964198,-87.808826,04/05/2022 07:23:00 AM,2022
CR00006856,05/14/2022 06:46:00 PM,45,CLEAR,DAYLIGHT,ANGLE,FOUR WAY,NO CONTROLS,IMPROPER LANE USAGE,FAILING TO YIELD RIGHT-OF-WAY,0,0,1,1,18,7,5,2031,79TH ST,41.928983,-87.836358,05/14/2022 08:33:00 PM,2022
CR00006857,02/09/2023 12:14:00 AM,20,FREEZING RAIN/DRIZZLE,DARKNESS - LIGHTED ROAD,REAR END,FOUR WAY,TRAFFIC SIGNAL,UNABLE TO DETERMINE,UNABLE TO DETERMINE,0,0,0,0,0,5,2,1386,MICHIGAN AVE,41.797985,-87.779379,02/09/2023 01:18:00 AM,2023
CR00006858,05/15/2022 08:29:00 AM,45,CLEAR,DAYLIGHT,SIDESWIPE SAME DIRECTION,NOT DIVIDED,TRAFFIC SIGNAL,DISREGARDING TRAFFIC SIGNALS,DISTRACTION - FROM INSIDE VEHICLE,0,0,1,1,8,1,5,681,CICERO AVE,41.858428,-87.559186,05/15/2022 10:04:00 AM,2022
CR00006859,07/16/2019 02:16:00 PM,15,RAIN,DAYLIGHT,FIXED OBJECT,NOT DIVIDED,NO CONTROLS,UNABLE TO DETERMINE,IMPROPER OVERTAKING/PASSING,0,0,0,0,14,3,7,2216,LAKE SHORE DR,41.919839,-87.555838,07/16/2019 03:51:00 PM,2019
CR00006860,10/25/2020 07:14:00 PM,30,CLEAR,DAYLIGHT,FIXED OBJECT,ONE-WAY,NO CONTROLS,FAILING TO YIELD RIGHT-OF-WAY,NOT APPLICABLE,0,0,0,0,19,1,10,1262,DIVISION ST,41.803341,-87.684934,10/25/2020 07:36:00 PM,2020
CR00006861,08/18/2022 09:08:00 PM,40,CLEAR,DAYLIGHT,TURNING,FOUR WAY,NO CONTROLS,UNABLE TO DETERMINE,UNABLE TO DETERMINE,0,0,0,0,21,5,8,2069,63RD ST,41.881556,-87.711041,08/18/2022 10:00:00 PM,2022
CR00006862,11/03/2016 06:35:00 AM,30,CLEAR,DAYLIGHT,REAR END,ONE-WAY,NO CONTROLS,UNABLE TO DETERMINE,DRIVING SKILLS/KNOWLEDGE/EXPERIENCE,0,0,1,1,6,5,11,2403,DAMEN AVE,41.916937,-87.732524,11/03/2016 08:13:00 AM,2016
CR00006863,07/07/2023 11:18:00 PM,45,CLEAR,DUSK,SIDESWIPE SAME DIRECTION,NOT DIVIDED,STOP SIGN/FLASHER,FOLLOWING TOO CLOSELY,UNABLE TO DETERMINE,0,0,1,1,23,6,7,117,DIVISION ST,41.723727,-87.757571,07/07/2023 11:56:00 PM,2023
CR00006864,07/23/2020 07:23:00 PM,35,SNOW,DARKNESS - LIGHTED ROAD,ANGLE,ONE-WAY,STOP SIGN/FLASHER,FAILING TO YIELD RIGHT-OF-WAY,NOT APPLICABLE,0,0,0,0,19,5,7,185,ELSTON AVE,41.840768,-87.522215,07/23/2020 08:26:00 PM,2020
CR00006865,01/05/2020 03:39:00 AM,25,CLEAR,DAYLIGHT,REAR END,FOUR WAY,NO CONTROLS,UNABLE TO DETERMINE,IMPROPER OVERTAKING/PASSING,0,0,0,0,3,1,1,2020,PULASKI RD,41.922779,-87.721647,01/05/2020 05:09:00 AM,2020
CR00006866,06/30/2020 02:08:00 PM,25,CLEAR,DAYLIGHT,REAR END,DIVIDED - W/MEDIAN (NOT RAISED),STOP SIGN/FLASHER,UNABLE TO DETERMINE,FOLLOWING TOO CLOSELY,0,2,2,4,14,3,6,2008,KEDZIE AVE,41.829115,-87.74717,06/30/2020 03:03:00 PM,2020
CR00006867,03/07/2016 10:52:00 AM,15,CLEAR,DAYLIGHT,TURNING,DIVIDED - W/MEDIAN BARRIER,NO CONTROLS,FOLLOWING TOO CLOSELY,FOLLOWING TOO CLOSELY,0,0,0,0,10,2,3,479,IRVING PARK RD,41.806664,-87.711232,03/07/2016 11:42:00 AM,2016
CR00006868,10/17/2020 10:52:00 PM,15,CLEAR,DARKNESS - LIGHTED ROAD,REAR END,ONE-WAY,YIELD,DRIVING SKILLS/KNOWLEDGE/EXPERIENCE,UNABLE TO DETERMINE,0,0,0,0,22,7,10,773,79TH ST,41.85314,-87.709777,10/17/2020 11:30:00 PM,2020
CR00006869,08/04/2016 04:48:00 PM,15,CLEAR,DAYLIGHT,SIDESWIPE SAME DIRECTION,DIVIDED - W/MEDIAN (NOT RAISED),TRAFFIC SIGNAL,FOLLOWING TOO CLOSELY,UNABLE TO DETERMINE,0,0,0,0,16,5,8,1220,MILWAUKEE AVE,41.947178,-87.655692,08/04/2016 06:09:00 PM,2016
CR00006870,08/17/2023 03:04:00 PM,20,FOG/SMOKE/HAZE,DAYLIGHT,SIDESWIPE SAME DIRECTION,NOT DIVIDED,STOP SIGN/FLASHER,WEATHER,UNABLE TO DETERMINE,0,0,0,0,15,5,8,816,DAMEN AVE,41.748045,-87.767443,08/17/2023 03:56:00 PM,2023
CR00006871,02/19/2016 01:28:00 PM,30,CLEAR,DAWN,PARKED MOTOR VEHICLE,NOT DIVIDED,NO CONTROLS,FOLLOWING TOO CLOSELY,UNABLE TO DETERMINE,0,0,0,0,13,6,2,1306,DIVISION ST,41.819031,-87.706156,02/19/2016 02:16:00 PM,2016
CR00006872,05/01/2022 01:40:00 AM,30,CLEAR,DAYLIGHT,TURNING,NOT DIVIDED,TRAFFIC SIGNAL,FOLLOWING TOO CLOSELY,FAILING TO YIELD RIGHT-OF-WAY,0,0,0,0,1,1,5,2000,DIVISION ST,41.787703,-87.578879,05/01/2022 01:49:00 AM,2022
CR00006873,10/20/2018 08:38:00 AM,45,CLEAR,DARKNESS - LIGHTED ROAD,PARKED MOTOR VEHICLE,NOT DIVIDED,UNKNOWN,FOLLOWING TOO CLOSELY,FAILING TO REDUCE SPEED,0,0,0,0,8,7,10,523,IRVING PARK RD,41.919238,-87.732028,10/20/2018 09:25:00 AM,2018
CR00006874,07/28/2018 10:30:00 AM,35,CLEAR,DAYLIGHT,FIXED OBJECT,NOT DIVIDED,NO CONTROLS,FOLLOWING TOO CLOSELY,NOT APPLICABLE,0,0,1,1,10,7,7,1217,BROADWAY,41.726501,-87.766971,07/28/2018 11:22:00 AM,2018
CR00006875,12/26/2015 07:32:00 AM,20,CLEAR,DAYLIGHT,REAR END,DIVIDED - W/MEDIAN (NOT RAISED),STOP SIGN/FLASHER,FOLLOWING TOO CLOSELY,FAILING TO YIELD RIGHT-OF-WAY,0,0,0,0,7,7,12,227,PULASKI RD,41.888735,-87.557363,12/26/2015 08:46:00 AM,2015
CR00006876,02/22/2016 03:07:00 AM,35,CLEAR,DAYLIGHT,TURNING,NOT DIVIDED,TRAFFIC SIGNAL,WEATHER,NOT APPLICABLE,0,0,0,0,3,2,2,677,63RD ST,41.802323,-87.680529,02/22/2016 03:38:00 AM,2016
CR00006877,07/10/2019 07:13:00 AM,20,RAIN,DUSK,ANGLE,FOUR WAY,NO CONTROLS,DRIVING SKILLS/KNOWLEDGE/EXPERIENCE,NOT APPLICABLE,0,0,0,0,7,4,7,1714,KEDZIE AVE,41.870724,-87.655426,07/10/2019 09:12:00 AM,2019
CR00006878,12/11/2018 08:38:00 PM,15,CLEAR,DUSK,REAR END,NOT DIVIDED,STOP SIGN/FLASHER,UNABLE TO DETERMINE,FOLLOWING TOO CLOSELY,0,0,0,0,20,3,12,231,HALSTED ST,41.722004,-87.567584,12/11/2018 09:35:00 PM,2018
CR00006879,02/25/2022 04:18:00 AM,45,CLOUDY/OVERCAST,DAYLIGHT,REAR END,NOT DIVIDED,NO CONTROLS,IMPROPER OVERTAKING/PASSING,UNABLE TO DETERMINE,0,0,0,0,4,6,2,194,47TH ST,41.874701,-87.598606,02/25/2022 06:00:00 AM,2022
CR00006880,11/21/2015 05:05:00 PM,15,CLEAR,DAYLIGHT,REAR END,NOT DIVIDED,NO CONTROLS,FAILING TO REDUCE SPEED,DRIVING SKILLS/KNOWLEDGE/EXPERIENCE,0,0,1,1,17,7,11,2360,ROOSEVELT RD,41.931784,-87.57379,11/21/2015 06:39:00 PM,2015
CR00006881,10/12/2019 08:13:00 AM,35,CLEAR,DAYLIGHT,PARKED MOTOR VEHICLE,DIVIDED - W/MEDIAN (NOT RAISED),NO CONTROLS,UNABLE TO DETERMINE,IMPROPER OVERTAKING/PASSING,0,0,0,0,8,7,10,878,STATE ST,41.706048,-87.828232,10/12/2019 08:37:00 AM,2019
CR00006882,05/05/2021 11:12:00 AM,35,CLEAR,DAYLIGHT,REAR TO FRONT,T-INTERSECTION,STOP SIGN/FLASHER,FAILING TO YIELD RIGHT-OF-WAY,NOT APPLICABLE,0,0,0,0,11,4,5,263,ROOSEVELT RD,41.734185,-87.809002,05/05/2021 11:44:00 AM,2021
CR00006883,06/23/2024 01:19:00 PM,20,CLEAR,DARKNESS - LIGHTED ROAD,TURNING,NOT DIVIDED,NO CONTROLS,UNABLE TO DETERMINE,IMPROPER OVERTAKING/PASSING,0,0,0,0,13,1,6,1720,IRVING PARK RD,41.80649,-87.590234,06/23/2024 02:10:00 PM,2024
CR00006884,08/25/2023 05:49:00 PM,40,CLEAR,DAYLIGHT,TURNING,NOT DIVIDED,NO CONTROLS,DISREGARDING TRAFFIC SIGNALS,WEATHER,0,0,1,1,17,6,8,2283,79TH ST,41.709663,-87.765982,08/25/2023 06:02:00 PM,2023
CR00006885,05/16/2023 11:57:00 AM,40,CLEAR,DAYLIGHT,ANGLE,NOT DIVIDED,TRAFFIC SIGNAL,FOLLOWING TOO CLOSELY,UNABLE TO DETERMINE,0,0,0,0,11,3,5,937,HALSTED ST,41.930649,-87.838623,05/16/2023 12:04:00 PM,2023
CR00006886,11/18/2023 01:48:00 AM,40,CLEAR,DARKNESS - LIGHTED ROAD,SIDESWIPE SAME DIRECTION,DIVIDED - W/MEDIAN BARRIER,NO CONTROLS,UNABLE TO DETERMINE,DISTRACTION - FROM INSIDE VEHICLE,0,0,2,2,1,7,11,1262,CALIFORNIA AVE,41.939703,-87.818215,11/18/2023 02:44:00 AM,2023
CR00006887,07/15/2019 03:45:00 PM,40,CLEAR,DAYLIGHT,ANGLE,DIVIDED - W/MEDIAN (NOT RAISED),STOP SIGN/FLASHER,UNABLE TO DETERMINE,FAILING TO REDUCE SPEED,0,0,0,0,15,2,7,215,CICERO AVE,41.821114,-87.518567,07/15/2019 04:55:00 PM,2019
CR00006888,11/17/2020 04:18:00 PM,15,CLOUDY/OVERCAST,DAYLIGHT,TURNING,NOT DIVIDED,STOP SIGN/FLASHER,FOLLOWING TOO CLOSELY,UNABLE TO DETERMINE,0,0,0,0,16,3,11,560,HALSTED ST,41.953503,-87.508924,11/17/2020 05:46:00 PM,2020
CR00006889,09/15/2023 04:23:00 PM,15,CLEAR,DAYLIGHT,REAR END,T-INTERSECTION,STOP SIGN/FLASHER,FOLLOWING TOO CLOSELY,IMPROPER OVERTAKING/PASSING,0,0,0,0,16,6,9,804,79TH ST,41.736218,-87.564505,09/15/2023 05:57:00 PM,2023
CR00006890,04/28/2024 08:36:00 AM,25,CLEAR,DARKNESS,REAR END,DIVIDED - W/MEDIAN (NOT RAISED),NO CONTROLS,FOLLOWING TOO CLOSELY,NOT APPLICABLE,0,0,0,0,8,1,4,1152,STONY ISLAND AVE,41.926081,-87.718682,04/28/2024 09:34:00 AM,2024
CR00006891,10/27/2024 08:15:00 AM,25,CLEAR,DARKNESS - LIGHTED ROAD,REAR END,NOT DIVIDED,NO CONTROLS,UNABLE TO DETERMINE,IMPROPER OVERTAKING/PASSING,0,0,0,0,8,1,10,1880,ROOSEVELT RD,41.929643,-87.622498,10/27/2024 08:42:00 AM,2024
CR00006892,06/26/2021 02:55:00 PM,45,RAIN,DARKNESS,ANGLE,FOUR WAY,NO CONTROLS,FAILING TO YIELD RIGHT-OF-WAY,UNABLE TO DETERMINE,0,0,0,0,14,7,6,672,WESTERN AVE,41.843125,-87.546655,06/26/2021 04:53:00 PM,2021
CR00006893,09/06/2018 04:45:00 PM,30,SNOW,DUSK,TURNING,DIVIDED - W/MEDIAN (NOT RAISED),NO CONTROLS,UNABLE TO DETERMINE,FAILING TO REDUCE SPEED,0,0,0,0,16,5,9,2049,ROOSEVELT RD,41.879778,-87.514039,09/06/2018 05:54:00 PM,2018
CR00006894,06/17/2017 12:22:00 AM,15,CLEAR,DAYLIGHT,PARKED MOTOR VEHICLE,ONE-WAY,NO CONTROLS,UNABLE TO DETERMINE,NOT APPLICABLE,0,0,0,0,0,7,6,2243,ASHLAND AVE,41.823321,-87.768507,06/17/2017 01:43:00 AM,2017
CR00006895,12/30/2018 04:20:00 PM,40,CLEAR,DAWN,ANGLE,ONE-WAY,TRAFFIC SIGNAL,FAILING TO YIELD RIGHT-OF-WAY,UNABLE TO DETERMINE,0,0,0,0,16,1,12,1497,DIVISION ST,41.829494,-87.569847,12/30/2018 05:46:00 PM,2018
CR00006896,01/08/2016 06:08:00 PM,40,RAIN,DAYLIGHT,SIDESWIPE SAME DIRECTION,DIVIDED - W/MEDIAN (NOT RAISED),NO CONTROLS,FAILING TO YIELD RIGHT-OF-WAY,DRIVING SKILLS/KNOWLEDGE/EXPERIENCE,0,0,0,0,18,6,1,1513,47TH ST,41.8699,-87.676962,01/08/2016 06:26:00 PM,2016
CR00006897,09/08/2023 05:13:00 PM,35,CLEAR,DARKNESS - LIGHTED ROAD,TURNING,ONE-WAY,NO CONTROLS,UNABLE TO DETERMINE,IMPROPER OVERTAKING/PASSING,0,0,0,0,17,6,9,2281,HALSTED ST,41.717657,-87.655275,09/08/2023 05:58:00 PM,2023
CR00006898,03/12/2024 05:40:00 PM,20,CLEAR,DAYLIGHT,PARKED MOTOR VEHICLE,NOT DIVIDED,STOP SIGN/FLASHER,FAILING TO YIELD RIGHT-OF-WAY,FOLLOWING TOO CLOSELY,0,0,3,3,17,3,3,1896,63RD ST,41.914953,-87.634357,03/12/2024 06:28:00 PM,2024
CR00006899,07/06/2023 04:04:00 PM,25,FOG/SMOKE/HAZE,DAYLIGHT,REAR END,NOT DIVIDED,UNKNOWN,UNABLE TO DETERMINE,FOLLOWING TOO CLOSELY,0,0,0,0,16,5,7,603,MILWAUKEE AVE,41.882888,-87.581975,07/06/2023 05:59:00 PM,2023
CR00006900,10/06/2017 11:19:00 AM,40,RAIN,DUSK,PARKED MOTOR VEHICLE,NOT DIVIDED,NO CONTROLS,UNABLE TO DETERMINE,NOT APPLICABLE,0,0,1,1,11,6,10,1491,ELSTON AVE,41.828568,-87.574628,10/06/2017 12:58:00 PM,2017
CR00006901,11/13/2016 03:39:00 AM,20,CLEAR,DAYLIGHT,SIDESWIPE SAME DIRECTION,DIVIDED - W/MEDIAN (NOT RAISED),STOP SIGN/FLASHER,DISTRACTION - FROM INSIDE VEHICLE,WEATHER,0,0,0,0,3,1,11,1504,63RD ST,41.803441,-87.747864,11/13/2016 04:16:00 AM,2016
CR00006902,02/23/2022 02:56:00 AM,30,FOG/SMOKE/HAZE,DARKNESS - LIGHTED ROAD,REAR END,DIVIDED - W/MEDIAN BARRIER,NO CONTROLS,FAILING TO YIELD RIGHT-OF-WAY,FAILING TO YIELD RIGHT-OF-WAY,0,0,0,0,2,4,2,1964,HALSTED ST,41.719407,-87.744886,02/23/2022 04:37:00 AM,2022
CR00006903,11/14/2015 06:35:00 AM,40,CLEAR,DAYLIGHT,TURNING,FOUR WAY,TRAFFIC SIGNAL,DISTRACTION - FROM INSIDE VEHICLE,WEATHER,0,0,0,0,6,7,11,293,KEDZIE AVE,41.97196,-87.673729,11/14/2015 08:12:00 AM,2015
CR00006904,03/16/2019 12:22:00 PM,35,CLEAR,DARKNESS - LIGHTED ROAD,ANGLE,FOUR WAY,TRAFFIC SIGNAL,FAILING TO REDUCE SPEED,FOLLOWING TOO CLOSELY,0,0,0,0,12,7,3,217,MICHIGAN AVE,41.825903,-87.640661,03/16/2019 01:27:00 PM,2019
CR00006905,03/24/2016 06:59:00 PM,30,CLOUDY/OVERCAST,DAYLIGHT,ANGLE,DIVIDED - W/MEDIAN BARRIER,TRAFFIC SIGNAL,DRIVING SKILLS/KNOWLEDGE/EXPERIENCE,UNABLE TO DETERMINE,0,0,1,1,18,5,3,1177,63RD ST,41.968588,-87.764762,03/24/2016 08:59:00 PM,2016
CR00006906,07/27/2016 12:51:00 PM,25,CLOUDY/OVERCAST,DAYLIGHT,REAR TO FRONT,FOUR WAY,NO CONTROLS,IMPROPER OVERTAKING/PASSING,FOLLOWING TOO CLOSELY,0,0,0,0,12,4,7,1643,DIVISION ST,41.829451,-87.704609,07/27/2016 02:03:00 PM,2016
CR00006907,01/23/2017 11:39:00 AM,30,CLEAR,DAYLIGHT,REAR END,NOT DIVIDED,YIELD,FOLLOWING TOO CLOSELY,UNABLE TO DETERMINE,0,0,0,0,11,2,1,1774,HALSTED ST,41.869927,-87.762457,01/23/2017 01:03:00 PM,2017
CR00006908,10/25/2015 07:03:00 AM,35,CLEAR,DAYLIGHT,REAR END,NOT DIVIDED,NO CONTROLS,FOLLOWING TOO CLOSELY,UNABLE TO DETERMINE,0,0,0,0,7,1,10,469,HALSTED ST,41.84181,-87.742714,10/25/2015 07:34:00 AM,2015
CR00006909,08/24/2015 11:53:00 PM,20,CLEAR,DARKNESS - LIGHTED ROAD,TURNING,FOUR WAY,NO CONTROLS,FOLLOWING TOO CLOSELY,NOT APPLICABLE,0,0,2,2,23,2,8,1583,CICERO AVE,41.759969,-87.692917,08/25/2015 12:22:00 AM,2015
CR00006910,09/05/2017 07:39:00 AM,20,RAIN,DARKNESS,SIDESWIPE SAME DIRECTION,NOT DIVIDED,STOP SIGN/FLASHER,DISTRACTION - FROM INSIDE VEHICLE,FOLLOWING TOO CLOSELY,0,0,0,0,7,3,9,246,OGDEN AVE,41.963255,-87.764403,09/05/2017 08:38:00 AM,2017
CR00006911,04/07/2019 07:15:00 PM,35,CLEAR,DUSK,PARKED MOTOR VEHICLE,ONE-WAY,NO CONTROLS,IMPROPER OVERTAKING/PASSING,IMPROPER LANE USAGE,0,0,0,0,19,1,4,1197,CICERO AVE,41.963592,-87.503831,04/07/2019 07:35:00 PM,2019
CR00006912,02/06/2018 08:08:00 PM,40,CLEAR,DARKNESS,FIXED OBJECT,DIVIDED - W/MEDIAN BARRIER,NO CONTROLS,FOLLOWING TOO CLOSELY,NOT APPLICABLE,0,0,1,1,20,3,2,179,CICERO AVE,41.726239,-87.754024,02/06/2018 09:03:00 PM,2018
CR00006913,11/10/2024 10:34:00 PM,40,CLEAR,DARKNESS,REAR END,FOUR WAY,TRAFFIC SIGNAL,FAILING TO YIELD RIGHT-OF-WAY,DISTRACTION - FROM INSIDE VEHICLE,0,0,0,0,22,1,11,1633,MICHIGAN AVE,41.847393,-87.752007,11/10/2024 11:51:00 PM,2024
CR00006914,11/01/2017 08:30:00 PM,30,CLEAR,DAYLIGHT,PARKED MOTOR VEHICLE,DIVIDED - W/MEDIAN (NOT RAISED),NO CONTROLS,UNABLE TO DETERMINE,UNABLE TO DETERMINE,0,0,0,0,20,4,11,486,MICHIGAN AVE,41.804732,-87.680881,11/01/2017 10:22:00 PM,2017
CR00006915,06/09/2016 05:01:00 AM,30,CLEAR,DAYLIGHT,TURNING,DIVIDED - W/MEDIAN BARRIER,NO CONTROLS,UNABLE TO DETERMINE,DISTRACTION - FROM INSIDE VEHICLE,0,0,0,0,5,5,6,624,CLARK ST,41.703798,-87.551376,06/09/2016 05:23:00 AM,2016
CR00006916,07/06/2019 08:14:00 PM,45,CLEAR,DAYLIGHT,REAR END,NOT DIVIDED,TRAFFIC SIGNAL,FAILING TO REDUCE SPEED,FAILING TO YIELD RIGHT-OF-WAY,0,1,0,1,20,7,7,116,ASHLAND AVE,41.867933,-87.652119,07/06/2019 09:10:00 PM,2019
CR00006917,12/07/2017 02:33:00 PM,35,FOG/SMOKE/HAZE,DARKNESS,ANGLE,DIVIDED - W/MEDIAN (NOT RAISED),STOP SIGN/FLASHER,FAILING TO YIELD RIGHT-OF-WAY,FAILING TO YIELD RIGHT-OF-WAY,0,0,0,0,14,5,12,1801,CICERO AVE,41.831397,-87.774069,12/07/2017 03:00:00 PM,2017
CR00006918,12/22/2019 05:02:00 PM,30,CLOUDY/OVERCAST,DARKNESS - LIGHTED ROAD,REAR END,NOT DIVIDED,NO CONTROLS,IMPROPER OVERTAKING/PASSING,FAILING TO REDUCE SPEED,0,0,0,0,17,1,12,782,IRVING PARK RD,41.842064,-87.551166,12/22/2019 06:41:00 PM,2019