CRASH_RECORD_ID,CRASH_DATE,POSTED_SPEED_LIMIT,WEATHER_CONDITION,LIGHTING_CONDITION,FIRST_CRASH_TYPE,TRAFFICWAY_TYPE,TRAFFIC_CONTROL_DEVICE,PRIM_CONTRIBUTORY_CAUSE,SEC_CONTRIBUTORY_CAUSE,INJURIES_FATAL,INJURIES_INCAPACITATING,INJURIES_NON_INCAPACITATING,INJURIES_TOTAL,CRASH_HOUR,CRASH_DAY_OF_WEEK,CRASH_MONTH,BEAT_OF_OCCURRENCE,STREET_NAME,LATITUDE,LONGITUDE,DATE_POLICE_NOTIFIED,year
CR00006919,11/04/2023 09:50:00 AM,35,CLEAR,DUSK,REAR END,NOT DIVIDED,NO CONTROLS,FOLLOWING TOO CLOSELY,FAILING TO REDUCE SPEED,0,0,0,0,9,7,11,2121,CALIFORNIA AVE,41.794673,-87.587169,11/04/2023 11:40:00 AM,2023
CR00006920,09/23/2018 01:23:00 PM,45,CLOUDY/OVERCAST,DAYLIGHT,TURNING,ONE-WAY,UNKNOWN,UNABLE TO DETERMINE,NOT APPLICABLE,0,0,0,0,13,1,9,2376,79TH ST,41.829255,-87.631505,09/23/2018 02:04:00 PM,2018
CR00006921,01/24/2023 06:21:00 PM,35,CLEAR,DUSK,TURNING,ONE-WAY,NO CONTROLS,IMPROPER OVERTAKING/PASSING,UNABLE TO DETERMINE,0,0,0,0,18,3,1,351,DAMEN AVE,41.752057,-87.647213,01/24/2023 07:16:00 PM,2023
CR00006922,02/21/2018 11:29:00 AM,25,RAIN,DAYLIGHT,FIXED OBJECT,DIVIDED - W/MEDIAN BARRIER,TRAFFIC SIGNAL,FAILING TO YIELD RIGHT-OF-WAY,DRIVING SKILLS/KNOWLEDGE/EXPERIENCE,0,0,0,0,11,4,2,201,ARCHER AVE,41.711881,-87.795634,02/21/2018 12:20:00 PM,2018
CR00006923,10/24/2015 04:52:00 AM,45,CLOUDY/OVERCAST,DAYLIGHT,ANGLE,DIVIDED - W/MEDIAN (NOT RAISED),TRAFFIC SIGNAL,DISREGARDING TRAFFIC SIGNALS,FAILING TO YIELD RIGHT-OF-WAY,0,0,0,0,4,7,10,587,STONY ISLAND AVE,41.791055,-87.797573,10/24/2015 06:17:00 AM,2015
CR00006924,11/11/2019 06:59:00 PM,15,CLOUDY/OVERCAST,DAWN,REAR END,NOT DIVIDED,NO CONTROLS,UNABLE TO DETERMINE,NOT APPLICABLE,0,0,0,0,18,2,11,2033,DAMEN AVE,41.767381,-87.750987,11/11/2019 08:29:00 PM,2019
CR00006925,05/06/2020 08:27:00 AM,35,CLEAR,DAYLIGHT,TURNING,FOUR WAY,YIELD,UNABLE TO DETERMINE,FOLLOWING TOO CLOSELY,0,0,0,0,8,4,5,1839,STATE ST,41.725504,-87.826171,05/06/2020 10:17:00 AM,2020
CR00006926,02/01/2024 04:38:00 PM,30,CLEAR,DAYLIGHT,PEDESTRIAN,NOT DIVIDED,YIELD,FOLLOWING TOO CLOSELY,FAILING TO YIELD RIGHT-OF-WAY,0,0,0,0,16,5,2,1396,47TH ST,41.876692,-87.723937,02/01/2024 04:55:00 PM,2024
CR00006927,08/29/2019 05:11:00 PM,30,CLEAR,DAYLIGHT,TURNING,NOT DIVIDED,NO CONTROLS,FAILING TO YIELD RIGHT-OF-WAY,UNABLE TO DETERMINE,0,0,1,1,17,5,8,2401,KEDZIE AVE,41.949846,-87.540156,08/29/2019 06:47:00 PM,2019
CR00006928,04/17/2020 08:56:00 PM,40,CLEAR,DAYLIGHT,TURNING,NOT DIVIDED,STOP SIGN/FLASHER,FOLLOWING TOO CLOSELY,DISTRACTION - FROM INSIDE VEHICLE,0,0,0,0,20,6,4,171,STATE ST,41.885887,-87.674371,04/17/2020 09:29:00 PM,2020
CR00006929,11/15/2020 12:19:00 PM,15,CLOUDY/OVERCAST,DAYLIGHT,REAR TO FRONT,NOT DIVIDED,TRAFFIC SIGNAL,FAILING TO REDUCE SPEED,IMPROPER LANE USAGE,0,0,0,0,12,1,11,536,STATE ST,41.793661,-87.777069,11/15/2020 12:25:00 PM,2020
CR00006930,08/24/2015 07:37:00 PM,45,CLEAR,DAYLIGHT,ANGLE,NOT DIVIDED,TRAFFIC SIGNAL,FOLLOWING TOO CLOSELY,WEATHER,0,0,0,0,19,2,8,1310,47TH ST,41.820907,-87.753176,08/24/2015 08:17:00 PM,2015
CR00006931,06/08/2017 02:29:00 AM,30,CLEAR,DAYLIGHT,PARKED MOTOR VEHICLE,FOUR WAY,PEDESTRIAN CROSSING SIGN,DISREGARDING TRAFFIC SIGNALS,FAILING TO YIELD RIGHT-OF-WAY,0,0,2,2,2,5,6,1184,CALIFORNIA AVE,41.791441,-87.628096,06/08/2017 04:07:00 AM,2017
CR00006932,11/05/2016 08:55:00 AM,35,CLEAR,DAYLIGHT,ANGLE,NOT DIVIDED,NO CONTROLS,IMPROPER OVERTAKING/PASSING,IMPROPER LANE USAGE,0,0,0,0,8,7,11,1163,79TH ST,41.817578,-87.597426,11/05/2016 09:54:00 AM,2016
CR00006933,08/23/2023 03:16:00 AM,20,CLEAR,DAYLIGHT,REAR END,NOT DIVIDED,TRAFFIC SIGNAL,FAILING TO REDUCE SPEED,FAILING TO REDUCE SPEED,0,0,0,0,3,4,8,2357,DIVISION ST,41.857359,-87.572474,08/23/2023 03:26:00 AM,2023
CR00006934,05/11/2016 09:42:00 AM,20,RAIN,DARKNESS - LIGHTED ROAD,REAR END,NOT DIVIDED,NO CONTROLS,UNABLE TO DETERMINE,UNABLE TO DETERMINE,0,0,0,0,9,4,5,672,PULASKI RD,41.771937,-87.754023,05/11/2016 10:31:00 AM,2016
CR00006935,09/25/2016 04:32:00 PM,40,CLEAR,DAYLIGHT,REAR END,DIVIDED - W/MEDIAN (NOT RAISED),TRAFFIC SIGNAL,FAILING TO REDUCE SPEED,UNABLE TO DETERMINE,0,0,0,0,16,1,9,389,63RD ST,41.805154,-87.599959,09/25/2016 06:16:00 PM,2016
CR00006936,08/10/2016 04:13:00 PM,35,CLEAR,DAYLIGHT,PARKED MOTOR VEHICLE,FOUR WAY,TRAFFIC SIGNAL,UNABLE TO DETERMINE,UNABLE TO DETERMINE,0,0,0,0,16,4,8,1796,LAKE SHORE DR,41.775976,-87.792242,08/10/2016 04:23:00 PM,2016
CR00006937,06/28/2024 04:19:00 AM,35,RAIN,DAYLIGHT,REAR END,DIVIDED - W/MEDIAN (NOT RAISED),STOP SIGN/FLASHER,DRIVING SKILLS/KNOWLEDGE/EXPERIENCE,FAILING TO YIELD RIGHT-OF-WAY,0,0,0,0,4,6,6,1138,ELSTON AVE,41.744871,-87.597256,06/28/2024 05:39:00 AM,2024
CR00006938,09/28/2021 02:06:00 PM,15,CLOUDY/OVERCAST,DAWN,REAR END,ONE-WAY,TRAFFIC SIGNAL,FAILING TO YIELD RIGHT-OF-WAY,IMPROPER OVERTAKING/PASSING,0,1,2,3,14,3,9,2298,WESTERN AVE,41.930643,-87.629701,09/28/2021 03:28:00 PM,2021
CR00006939,07/20/2022 01:01:00 AM,30,CLEAR,DAYLIGHT,REAR END,NOT DIVIDED,UNKNOWN,DRIVING SKILLS/KNOWLEDGE/EXPERIENCE,DISTRACTION - FROM INSIDE VEHICLE,0,0,1,1,1,4,7,428,FULLERTON AVE,41.787014,-87.635132,07/20/2022 01:24:00 AM,2022
CR00006940,02/07/2024 05:13:00 PM,15,CLEAR,DAYLIGHT,REAR END,DIVIDED - W/MEDIAN (NOT RAISED),STOP SIGN/FLASHER,DISTRACTION - FROM INSIDE VEHICLE,FOLLOWING TOO CLOSELY,0,0,1,1,17,4,2,2519,ARCHER AVE,41.982014,-87.615375,02/07/2024 05:53:00 PM,2024
CR00006941,02/20/2016 04:31:00 PM,30,CLEAR,DAYLIGHT,TURNING,FOUR WAY,STOP SIGN/FLASHER,UNABLE TO DETERMINE,IMPROPER LANE USAGE,0,0,0,0,16,7,2,1195,CICERO AVE,41.880941,-87.66049,02/20/2016 05:44:00 PM,2016
CR00006942,10/12/2018 03:24:00 PM,45,CLEAR,DAYLIGHT,REAR END,FOUR WAY,NO CONTROLS,FOLLOWING TOO CLOSELY,DRIVING SKILLS/KNOWLEDGE/EXPERIENCE,0,2,0,2,15,6,10,419,MICHIGAN AVE,41.773631,-87.676106,10/12/2018 04:53:00 PM,2018
CR00006943,07/28/2024 04:56:00 PM,40,CLEAR,DAYLIGHT,ANGLE,DIVIDED - W/MEDIAN (NOT RAISED),TRAFFIC SIGNAL,UNABLE TO DETERMINE,FAILING TO REDUCE SPEED,0,0,1,1,16,1,7,585,ROOSEVELT RD,41.96743,-87.577347,07/28/2024 06:31:00 PM,2024
CR00006944,05/15/2018 02:10:00 AM,30,CLEAR,DAYLIGHT,ANGLE,ONE-WAY,TRAFFIC SIGNAL,IMPROPER OVERTAKING/PASSING,FAILING TO YIELD RIGHT-OF-WAY,0,1,1,2,2,3,5,1081,FULLERTON AVE,41.735226,-87.841628,05/15/2018 03:36:00 AM,2018
CR00006945,11/19/2023 07:29:00 AM,20,CLEAR,DARKNESS,TURNING,NOT DIVIDED,TRAFFIC SIGNAL,FAILING TO YIELD RIGHT-OF-WAY,FAILING TO REDUCE SPEED,0,0,0,0,7,1,11,1129,LAKE SHORE DR,41.708559,-87.612469,11/19/2023 08:02:00 AM,2023
CR00006946,01/19/2022 05:11:00 PM,35,CLEAR,DUSK,FIXED OBJECT,NOT DIVIDED,NO CONTROLS,IMPROPER OVERTAKING/PASSING,DISREGARDING TRAFFIC SIGNALS,0,0,0,0,17,4,1,2223,OGDEN AVE,41.84356,-87.60098,01/19/2022 06:43:00 PM,2022
CR00006947,06/12/2016 10:55:00 AM,30,CLEAR,DAYLIGHT,SIDESWIPE SAME DIRECTION,NOT DIVIDED,STOP SIGN/FLASHER,DISTRACTION - FROM INSIDE VEHICLE,FAILING TO YIELD RIGHT-OF-WAY,0,0,0,0,10,1,6,1211,ARCHER AVE,41.730245,-87.7356,06/12/2016 11:51:00 AM,2016
CR00006948,09/21/2021 06:22:00 AM,30,CLOUDY/OVERCAST,DARKNESS - LIGHTED ROAD,REAR TO FRONT,FOUR WAY,TRAFFIC SIGNAL,FAILING TO REDUCE SPEED,UNABLE TO DETERMINE,0,0,0,0,6,3,9,2441,MILWAUKEE AVE,41.722086,-87.819858,09/21/2021 06:36:00 AM,2021
CR00006949,09/28/2018 07:16:00 AM,20,FREEZING RAIN/DRIZZLE,DUSK,PARKED MOTOR VEHICLE,NOT DIVIDED,TRAFFIC SIGNAL,UNABLE TO DETERMINE,NOT APPLICABLE,0,0,0,0,7,6,9,2371,DIVISION ST,41.77406,-87.843547,09/28/2018 09:06:00 AM,2018
CR00006950,01/01/2024 08:09:00 AM,30,CLOUDY/OVERCAST,DUSK,SIDESWIPE SAME DIRECTION,NOT DIVIDED,NO CONTROLS,FAILING TO REDUCE SPEED,FOLLOWING TOO CLOSELY,0,0,2,2,8,2,1,878,BROADWAY,41.851003,-87.763307,01/01/2024 09:06:00 AM,2024
CR00006951,09/29/2019 06:16:00 PM,35,FOG/SMOKE/HAZE,DUSK,SIDESWIPE SAME DIRECTION,FOUR WAY,TRAFFIC SIGNAL,UNABLE TO DETERMINE,UNABLE TO DETERMINE,0,0,1,1,18,1,9,2453,FULLERTON AVE,41.748571,-87.629379,09/29/2019 07:08:00 PM,2019
CR00006952,02/20/2020 04:47:00 AM,35,SNOW,DAWN,REAR END,NOT DIVIDED,TRAFFIC SIGNAL,UNABLE TO DETERMINE,NOT APPLICABLE,0,0,0,0,4,5,2,1152,OGDEN AVE,41.768149,-87.806294,02/20/2020 05:21:00 AM,2020
CR00006953,12/05/2020 06:02:00 PM,35,CLEAR,DAYLIGHT,SIDESWIPE SAME DIRECTION,NOT DIVIDED,STOP SIGN/FLASHER,UNABLE TO DETERMINE,DRIVING SKILLS/KNOWLEDGE/EXPERIENCE,0,0,0,0,18,7,12,1468,CICERO AVE,41.728675,-87.613158,12/05/2020 07:49:00 PM,2020
CR00006954,05/15/2019 03:24:00 PM,30,CLEAR,DARKNESS - LIGHTED ROAD,REAR END,FOUR WAY,TRAFFIC SIGNAL,UNABLE TO DETERMINE,FAILING TO YIELD RIGHT-OF-WAY,0,0,0,0,15,4,5,2015,79TH ST,41.97508,-87.558419,05/15/2019 03:44:00 PM,2019
CR00006955,02/07/2017 07:17:00 AM,45,CLEAR,DAYLIGHT,ANGLE,DIVIDED - W/MEDIAN (NOT RAISED),TRAFFIC SIGNAL,IMPROPER LANE USAGE,FOLLOWING TOO CLOSELY,0,0,1,1,7,3,2,1563,LAKE SHORE DR,41.90566,-87.636655,02/07/2017 07:59:00 AM,2017
CR00006956,06/06/2016 04:39:00 PM,15,CLEAR,DAYLIGHT,ANGLE,ONE-WAY,YIELD,UNABLE TO DETERMINE,NOT APPLICABLE,0,0,0,0,16,2,6,1912,MILWAUKEE AVE,41.832723,-87.588832,06/06/2016 05:31:00 PM,2016
CR00006957,07/08/2016 08:35:00 PM,35,CLEAR,DAYLIGHT,TURNING,T-INTERSECTION,STOP SIGN/FLASHER,UNABLE TO DETERMINE,DRIVING SKILLS/KNOWLEDGE/EXPERIENCE,0,0,1,1,20,6,7,2329,STATE ST,41.994347,-87.636198,07/08/2016 09:48:00 PM,2016
CR00006958,10/09/2021 11:59:00 AM,30,CLEAR,DARKNESS - LIGHTED ROAD,SIDESWIPE SAME DIRECTION,FOUR WAY,TRAFFIC SIGNAL,DISTRACTION - FROM INSIDE VEHICLE,FAILING TO REDUCE SPEED,0,0,0,0,11,7,10,818,ROOSEVELT RD,41.904926,-87.504219,10/09/2021 12:32:00 PM,2021
CR00006959,02/11/2023 03:29:00 PM,45,CLEAR,DARKNESS - LIGHTED ROAD,SIDESWIPE SAME DIRECTION,NOT DIVIDED,TRAFFIC SIGNAL,UNABLE TO DETERMINE,FAILING TO YIELD RIGHT-OF-WAY,0,0,0,0,15,7,2,2057,BROADWAY,41.763619,-87.725271,02/11/2023 03:36:00 PM,2023
CR00006960,12/21/2017 11:26:00 AM,30,CLEAR,DARKNESS - LIGHTED ROAD,TURNING,DIVIDED - W/MEDIAN (NOT RAISED),TRAFFIC SIGNAL,IMPROPER OVERTAKING/PASSING,NOT APPLICABLE,0,0,0,0,11,5,12,2191,47TH ST,41.843726,-87.58598,12/21/2017 01:17:00 PM,2017
CR00006961,06/08/2019 07:46:00 PM,45,CLEAR,DARKNESS - LIGHTED ROAD,PARKED MOTOR VEHICLE,DIVIDED - W/MEDIAN (NOT RAISED),NO CONTROLS,DISREGARDING TRAFFIC SIGNALS,NOT APPLICABLE,0,0,0,0,19,7,6,1335,79TH ST,41.71047,-87.518459,06/08/2019 08:05:00 PM,2019
CR00006962,09/28/2019 08:33:00 PM,30,RAIN,DUSK,SIDESWIPE SAME DIRECTION,ONE-WAY,NO CONTROLS,FOLLOWING TOO CLOSELY,DISTRACTION - FROM INSIDE VEHICLE,0,0,0,0,20,7,9,1567,ROOSEVELT RD,41.745606,-87.775979,09/28/2019 10:10:00 PM,2019
CR00006963,10/13/2018 09:40:00 AM,30,CLEAR,DARKNESS - LIGHTED ROAD,PARKED MOTOR VEHICLE,DIVIDED - W/MEDIAN BARRIER,STOP SIGN/FLASHER,UNABLE TO DETERMINE,NOT APPLICABLE,0,2,3,5,9,7,10,1960,47TH ST,41.867242,-87.712045,10/13/2018 10:34:00 AM,2018
CR00006964,02/23/2017 03:01:00 PM,30,CLEAR,DARKNESS - LIGHTED ROAD,TURNING,DIVIDED - W/MEDIAN (NOT RAISED),STOP SIGN/FLASHER,UNABLE TO DETERMINE,UNABLE TO DETERMINE,0,0,0,0,15,5,2,832,FULLERTON AVE,41.833064,-87.610491,02/23/2017 04:47:00 PM,2017
CR00006965,09/27/2020 03:55:00 AM,30,CLEAR,DUSK,REAR END,DIVIDED - W/MEDIAN BARRIER,TRAFFIC SIGNAL,DRIVING SKILLS/KNOWLEDGE/EXPERIENCE,FOLLOWING TOO CLOSELY,0,0,0,0,3,1,9,440,DAMEN AVE,41.798413,-87.731581,09/27/2020 04:00:00 AM,2020
CR00006966,03/18/2017 11:31:00 AM,45,CLEAR,DARKNESS - LIGHTED ROAD,ANGLE,ONE-WAY,NO CONTROLS,FAILING TO YIELD RIGHT-OF-WAY,UNABLE TO DETERMINE,0,0,0,0,11,7,3,1871,CLARK ST,41.702043,-87.646952,03/18/2017 01:23:00 PM,2017
CR00006967,03/15/2019 06:25:00 PM,25,CLEAR,DAYLIGHT,REAR END,NOT DIVIDED,STOP SIGN/FLASHER,IMPROPER LANE USAGE,FOLLOWING TOO CLOSELY,0,0,0,0,18,6,3,2228,47TH ST,41.76738,-87.638087,03/15/2019 08:07:00 PM,2019
CR00006968,10/20/2020 08:10:00 PM,40,CLOUDY/OVERCAST,DAYLIGHT,REAR TO FRONT,NOT DIVIDED,TRAFFIC SIGNAL,FOLLOWING TOO CLOSELY,UNABLE TO DETERMINE,0,0,0,0,20,3,10,325,IRVING PARK RD,41.909053,-87.695764,10/20/2020 09:53:00 PM,2020
CR00006969,05/03/2015 03:53:00 PM,30,CLEAR,DAYLIGHT,ANGLE,DIVIDED - W/MEDIAN (NOT RAISED),STOP SIGN/FLASHER,UNABLE TO DETERMINE,DISREGARDING TRAFFIC SIGNALS,0,0,0,0,15,1,5,1092,DAMEN AVE,41.985184,-87.680824,05/03/2015 04:05:00 PM,2015
CR00006970,11/16/2016 01:56:00 PM,30,CLEAR,DAYLIGHT,FIXED OBJECT,T-INTERSECTION,STOP SIGN/FLASHER,UNABLE TO DETERMINE,NOT APPLICABLE,0,0,2,2,13,4,11,1662,IRVING PARK RD,41.863107,-87.51749,11/16/2016 02:40:00 PM,2016
CR00006971,08/14/2016 03:29:00 PM,35,CLEAR,DAYLIGHT,REAR END,DIVIDED - W/MEDIAN (NOT RAISED),TRAFFIC SIGNAL,UNABLE TO DETERMINE,DRIVING SKILLS/KNOWLEDGE/EXPERIENCE,0,0,0,0,15,1,8,1943,ARCHER AVE,41.76182,-87.612914,08/14/2016 03:55:00 PM,2016
CR00006972,11/14/2018 04:31:00 AM,15,FOG/SMOKE/HAZE,DAYLIGHT,REAR END,DIVIDED - W/MEDIAN BARRIER,TRAFFIC SIGNAL,DISTRACTION - FROM INSIDE VEHICLE,IMPROPER OVERTAKING/PASSING,0,0,0,0,4,4,11,450,OGDEN AVE,41.873119,-87.601547,11/14/2018 05:54:00 AM,2018
CR00006973,03/07/2021 04:58:00 PM,20,CLEAR,DAYLIGHT,PARKED MOTOR VEHICLE,DIVIDED - W/MEDIAN BARRIER,TRAFFIC SIGNAL,FOLLOWING TOO CLOSELY,UNABLE TO DETERMINE,0,0,1,1,16,1,3,509,47TH ST,41.736168,-87.669408,03/07/2021 05:14:00 PM,2021
CR00006974,09/23/2022 06:37:00 PM,40,CLEAR,DAYLIGHT,TURNING,ONE-WAY,NO CONTROLS,FOLLOWING TOO CLOSELY,FAILING TO YIELD RIGHT-OF-WAY,0,0,0,0,18,6,9,1880,FULLERTON AVE,41.990281,-87.727446,09/23/2022 07:31:00 PM,2022
CR00006975,04/14/2021 02:55:00 PM,35,CLEAR,DAYLIGHT,TURNING,DIVIDED - W/MEDIAN BARRIER,NO CONTROLS,UNABLE TO DETERMINE,UNABLE TO DETERMINE,0,0,0,0,14,4,4,319,KEDZIE AVE,41.960028,-87.668867,04/14/2021 04:43:00 PM,2021
CR00006976,04/27/2015 07:33:00 PM,35,CLEAR,DAYLIGHT,TURNING,ONE-WAY,TRAFFIC SIGNAL,DRIVING SKILLS/KNOWLEDGE/EXPERIENCE,UNABLE TO DETERMINE,0,0,0,0,19,2,4,740,WESTERN AVE,41.883466,-87.657921,04/27/2015 08:44:00 PM,2015
CR00006977,04/08/2017 09:28:00 AM,40,CLEAR,DARKNESS - LIGHTED ROAD,REAR END,NOT DIVIDED,STOP SIGN/FLASHER,DRIVING SKILLS/KNOWLEDGE/EXPERIENCE,DRIVING SKILLS/KNOWLEDGE/EXPERIENCE,0,0,1,1,9,7,4,1988,47TH ST,41.726565,-87.792945,04/08/2017 11:21:00 AM,2017
CR00006978,09/09/2015 08:19:00 AM,35,CLEAR,DAYLIGHT,REAR TO FRONT,ONE-WAY,UNKNOWN,UNABLE TO DETERMINE,NOT APPLICABLE,0,0,0,0,8,4,9,1288,ARCHER AVE,41.856266,-87.523742,09/09/2015 10:14:00 AM,2015
CR00006979,02/12/2017 01:20:00 PM,30,CLEAR,DARKNESS - LIGHTED ROAD,REAR END,DIVIDED - W/MEDIAN (NOT RAISED),NO CONTROLS,FOLLOWING TOO CLOSELY,UNABLE TO DETERMINE,0,0,1,1,13,1,2,1732,IRVING PARK RD,41.912027,-87.61701,02/12/2017 02:47:00 PM,2017
CR00006980,09/14/2020 01:26:00 PM,45,CLEAR,DAYLIGHT,SIDESWIPE SAME DIRECTION,DIVIDED - W/MEDIAN (NOT RAISED),NO CONTROLS,WEATHER,DISREGARDING TRAFFIC SIGNALS,0,0,1,1,13,2,9,279,ROOSEVELT RD,41.819773,-87.846072,09/14/2020 03:19:00 PM,2020
CR00006981,05/01/2015 05:46:00 PM,25,CLEAR,DARKNESS - LIGHTED ROAD,SIDESWIPE SAME DIRECTION,ONE-WAY,UNKNOWN,FOLLOWING TOO CLOSELY,UNABLE TO DETERMINE,0,0,0,0,17,6,5,1057,ASHLAND AVE,41.830207,-87.51157,05/01/2015 07:05:00 PM,2015
CR00006982,07/28/2017 05:15:00 PM,30,CLEAR,DARKNESS - LIGHTED ROAD,SIDESWIPE SAME DIRECTION,NOT DIVIDED,TRAFFIC SIGNAL,FOLLOWING TOO CLOSELY,UNABLE TO DETERMINE,0,0,0,0,17,6,7,1898,79TH ST,41.842106,-87.568816,07/28/2017 06:15:00 PM,2017
CR00006983,07/19/2020 12:27:00 PM,30,CLEAR,DARKNESS - LIGHTED ROAD,FIXED OBJECT,NOT DIVIDED,TRAFFIC SIGNAL,UNABLE TO DETERMINE,FAILING TO YIELD RIGHT-OF-WAY,0,0,0,0,12,1,7,1448,STATE ST,41.947096,-87.661758,07/19/2020 01:57:00 PM,2020
CR00006984,03/13/2024 09:53:00 PM,45,CLEAR,DAYLIGHT,TURNING,NOT DIVIDED,TRAFFIC SIGNAL,DISTRACTION - FROM INSIDE VEHICLE,FOLLOWING TOO CLOSELY,0,0,1,1,21,4,3,2462,ARCHER AVE,41.807029,-87.760311,03/13/2024 10:51:00 PM,2024
CR00006985,09/10/2016 08:41:00 PM,25,CLOUDY/OVERCAST,DAYLIGHT,PARKED MOTOR VEHICLE,FOUR WAY,TRAFFIC SIGNAL,FAILING TO YIELD RIGHT-OF-WAY,FOLLOWING TOO CLOSELY,0,0,0,0,20,7,9,816,DAMEN AVE,41.725529,-87.727608,09/10/2016 09:13:00 PM,2016
CR00006986,09/25/2022 08:57:00 PM,35,CLEAR,DAYLIGHT,PEDESTRIAN,T-INTERSECTION,NO CONTROLS,FAILING TO YIELD RIGHT-OF-WAY,FAILING TO YIELD RIGHT-OF-WAY,0,0,0,0,20,1,9,1080,MILWAUKEE AVE,41.980507,-87.611812,09/25/2022 09:57:00 PM,2022
CR00006987,01/07/2015 11:50:00 AM,30,CLEAR,DAYLIGHT,ANGLE,NOT DIVIDED,NO CONTROLS,UNABLE TO DETERMINE,UNABLE TO DETERMINE,0,0,2,2,11,4,1,2191,MICHIGAN AVE,41.851122,-87.679264,01/07/2015 12:43:00 PM,2015
CR00006988,01/01/2019 02:10:00 PM,45,CLEAR,DARKNESS - LIGHTED ROAD,FIXED OBJECT,NOT DIVIDED,NO CONTROLS,DISREGARDING TRAFFIC SIGNALS,FAILING TO YIELD RIGHT-OF-WAY,0,0,0,0,14,3,1,111,CLARK ST,41.912727,-87.685685,01/01/2019 02:22:00 PM,2019
CR00006989,12/17/2018 10:52:00 AM,25,CLEAR,DARKNESS - LIGHTED ROAD,PEDESTRIAN,NOT DIVIDED,NO CONTROLS,WEATHER,UNABLE TO DETERMINE,0,0,0,0,10,2,12,950,CLARK ST,41.830024,-87.629971,12/17/2018 11:58:00 AM,2018
CR00006990,02/05/2021 07:26:00 AM,35,RAIN,DAWN,REAR END,NOT DIVIDED,TRAFFIC SIGNAL,DISREGARDING TRAFFIC SIGNALS,UNABLE TO DETERMINE,0,0,0,0,7,6,2,2454,MILWAUKEE AVE,41.799645,-87.802418,02/05/2021 09:25:00 AM,2021
CR00006991,05/08/2020 06:19:00 AM,30,CLOUDY/OVERCAST,DAYLIGHT,PARKED MOTOR VEHICLE,ONE-WAY,TRAFFIC SIGNAL,UNABLE TO DETERMINE,IMPROPER LANE USAGE,0,0,1,1,6,6,5,1749,MILWAUKEE AVE,41.882448,-87.781568,05/08/2020 08:05:00 AM,2020
CR00006992,04/29/2015 05:29:00 AM,30,CLEAR,DARKNESS - LIGHTED ROAD,PEDESTRIAN,ONE-WAY,STOP SIGN/FLASHER,FAILING TO YIELD RIGHT-OF-WAY,NOT APPLICABLE,0,0,0,0,5,4,4,486,ASHLAND AVE,41.845809,-87.775611,04/29/2015 07:00:00 AM,2015
CR00006993,11/07/2024 09:06:00 AM,40,RAIN,DAYLIGHT,REAR TO FRONT,T-INTERSECTION,NO CONTROLS,IMPROPER OVERTAKING/PASSING,DRIVING SKILLS/KNOWLEDGE/EXPERIENCE,0,0,0,0,9,5,11,1063,ELSTON AVE,41.861665,-87.770359,11/07/2024 09:51:00 AM,2024
CR00006994,11/17/2015 01:55:00 PM,15,CLEAR,DAYLIGHT,ANGLE,NOT DIVIDED,NO CONTROLS,FAILING TO YIELD RIGHT-OF-WAY,NOT APPLICABLE,0,0,2,2,13,3,11,2292,LAKE SHORE DR,41.732835,-87.812015,11/17/2015 03:45:00 PM,2015
CR00006995,11/22/2015 06:26:00 AM,15,RAIN,DAYLIGHT,PARKED MOTOR VEHICLE,DIVIDED - W/MEDIAN (NOT RAISED),TRAFFIC SIGNAL,FAILING TO YIELD RIGHT-OF-WAY,DRIVING SKILLS/KNOWLEDGE/EXPERIENCE,0,0,1,1,6,1,11,1470,47TH ST,41.917174,-87.721665,11/22/2015 06:39:00 AM,2015
CR00006996,05/02/2018 07:01:00 AM,45,CLEAR,DAYLIGHT,SIDESWIPE SAME DIRECTION,NOT DIVIDED,TRAFFIC SIGNAL,FOLLOWING TOO CLOSELY,NOT APPLICABLE,0,0,0,0,7,4,5,1182,HALSTED ST,41.832647,-87.812075,05/02/2018 07:36:00 AM,2018
CR00006997,04/23/2015 06:49:00 PM,15,RAIN,DARKNESS - LIGHTED ROAD,ANGLE,NOT DIVIDED,UNKNOWN,FAILING TO REDUCE SPEED,DRIVING SKILLS/KNOWLEDGE/EXPERIENCE,0,0,0,0,18,5,4,888,OGDEN AVE,41.864968,-87.618005,04/23/2015 08:43:00 PM,2015
CR00006998,04/30/2021 08:36:00 AM,40,CLEAR,DAYLIGHT,REAR END,FOUR WAY,NO CONTROLS,DISTRACTION - FROM INSIDE VEHICLE,FAILING TO YIELD RIGHT-OF-WAY,0,0,0,0,8,6,4,748,FULLERTON AVE,41.791117,-87.618937,04/30/2021 10:17:00 AM,2021
CR00006999,01/18/2023 08:34:00 AM,35,CLEAR,DAYLIGHT,SIDESWIPE SAME DIRECTION,DIVIDED - W/MEDIAN (NOT RAISED),NO CONTROLS,UNABLE TO DETERMINE,FAILING TO YIELD RIGHT-OF-WAY,0,0,2,2,8,4,1,2053,STATE ST,41.834093,-87.660909,01/18/2023 10:20:00 AM,2023
CR00007000,10/11/2017 09:59:00 AM,30,RAIN,DAYLIGHT,ANGLE,ONE-WAY,TRAFFIC SIGNAL,UNABLE TO DETERMINE,UNABLE TO DETERMINE,0,0,0,0,9,4,10,1172,WESTERN AVE,41.802725,-87.536804,10/11/2017 11:45:00 AM,2017