CRASH_RECORD_ID,CRASH_DATE,POSTED_SPEED_LIMIT,WEATHER_CONDITION,LIGHTING_CONDITION,FIRST_CRASH_TYPE,TRAFFICWAY_TYPE,TRAFFIC_CONTROL_DEVICE,PRIM_CONTRIBUTORY_CAUSE,SEC_CONTRIBUTORY_CAUSE,INJURIES_FATAL,INJURIES_INCAPACITATING,INJURIES_NON_INCAPACITATING,INJURIES_TOTAL,CRASH_HOUR,CRASH_DAY_OF_WEEK,CRASH_MONTH,BEAT_OF_OCCURRENCE,STREET_NAME,LATITUDE,LONGITUDE,DATE_POLICE_NOTIFIED,year
CR00007001,03/09/2020 10:06:00 AM,35,CLEAR,DAYLIGHT,PEDESTRIAN,ONE-WAY,NO CONTROLS,FAILING TO YIELD RIGHT-OF-WAY,IMPROPER OVERTAKING/PASSING,0,0,0,0,10,2,3,1296,DAMEN AVE,41.850192,-87.666506,03/09/2020 10:57:00 AM,2020
CR00007002,07/16/2022 08:15:00 AM,45,CLEAR,DAYLIGHT,TURNING,T-INTERSECTION,NO CONTROLS,UNABLE TO DETERMINE,NOT APPLICABLE,0,0,0,0,8,7,7,2100,BROADWAY,41.904289,-87.763734,07/16/2022 10:07:00 AM,2022
CR00007003,03/27/2021 12:40:00 AM,40,CLEAR,DAYLIGHT,PEDESTRIAN,NOT DIVIDED,PEDESTRIAN CROSSING SIGN,DISREGARDING TRAFFIC SIGNALS,UNABLE TO DETERMINE,0,0,0,0,0,7,3,1877,DIVISION ST,41.710304,-87.654251,03/27/2021 01:06:00 AM,2021
CR00007004,05/05/2015 08:15:00 PM,20,CLEAR,DAYLIGHT,REAR END,NOT DIVIDED,STOP SIGN/FLASHER,UNABLE TO DETERMINE,FAILING TO YIELD RIGHT-OF-WAY,0,0,0,0,20,3,5,2407,ASHLAND AVE,41.983923,-87.71772,05/05/2015 09:48:00 PM,2015
CR00007005,08/28/2016 07:06:00 AM,35,CLEAR,DAYLIGHT,REAR END,NOT DIVIDED,NO CONTROLS,DRIVING SKILLS/KNOWLEDGE/EXPERIENCE,DRIVING SKILLS/KNOWLEDGE/EXPERIENCE,0,0,0,0,7,1,8,301,ELSTON AVE,41.857453,-87.775459,08/28/2016 07:25:00 AM,2016
CR00007006,08/27/2022 01:10:00 PM,25,RAIN,DAYLIGHT,REAR END,NOT DIVIDED,STOP SIGN/FLASHER,UNABLE TO DETERMINE,DISTRACTION - FROM INSIDE VEHICLE,0,0,0,0,13,7,8,772,STONY ISLAND AVE,41.924056,-87.718014,08/27/2022 02:03:00 PM,2022
CR00007007,07/03/2019 01:28:00 PM,35,SNOW,DAYLIGHT,REAR TO FRONT,DIVIDED - W/MEDIAN (NOT RAISED),TRAFFIC SIGNAL,IMPROPER LANE USAGE,WEATHER,0,0,0,0,13,4,7,2179,LAKE SHORE DR,41.803211,-87.523908,07/03/2019 01:53:00 PM,2019
CR00007008,07/15/2022 07:15:00 PM,30,RAIN,DAYLIGHT,ANGLE,T-INTERSECTION,TRAFFIC SIGNAL,WEATHER,UNABLE TO DETERMINE,0,0,0,0,19,6,7,565,IRVING PARK RD,41.942224,-87.663331,07/15/2022 08:35:00 PM,2022
CR00007009,10/12/2022 09:55:00 AM,40,CLEAR,DARKNESS - LIGHTED ROAD,REAR END,ONE-WAY,NO CONTROLS,FAILING TO REDUCE SPEED,UNABLE TO DETERMINE,0,0,0,0,9,4,10,1102,ELSTON AVE,41.93594,-87.637677,10/12/2022 10:21:00 AM,2022
CR00007010,02/20/2019 07:52:00 PM,30,RAIN,DARKNESS,SIDESWIPE SAME DIRECTION,NOT DIVIDED,NO CONTROLS,UNABLE TO DETERMINE,NOT APPLICABLE,0,0,0,0,19,4,2,1207,ROOSEVELT RD,41.918076,-87.668946,02/20/2019 09:39:00 PM,2019
CR00007011,11/08/2018 07:32:00 PM,40,CLEAR,DAYLIGHT,ANGLE,T-INTERSECTION,NO CONTROLS,DRIVING SKILLS/KNOWLEDGE/EXPERIENCE,IMPROPER LANE USAGE,0,0,0,0,19,5,11,142,HALSTED ST,41.736026,-87.680405,11/08/2018 09:29:00 PM,2018
CR00007012,08/13/2021 02:06:00 AM,30,CLEAR,DAYLIGHT,PARKED MOTOR VEHICLE,NOT DIVIDED,STOP SIGN/FLASHER,FOLLOWING TOO CLOSELY,DRIVING SKILLS/KNOWLEDGE/EXPERIENCE,0,0,0,0,2,6,8,2287,KEDZIE AVE,41.962745,-87.663452,08/13/2021 03:56:00 AM,2021
CR00007013,09/28/2015 03:04:00 PM,30,SNOW,DARKNESS - LIGHTED ROAD,SIDESWIPE SAME DIRECTION,ONE-WAY,TRAFFIC SIGNAL,FOLLOWING TOO CLOSELY,NOT APPLICABLE,0,0,0,0,15,2,9,924,FULLERTON AVE,41.965658,-87.678876,09/28/2015 03:08:00 PM,2015
CR00007014,06/30/2023 05:58:00 PM,45,SNOW,DAYLIGHT,REAR END,FOUR WAY,TRAFFIC SIGNAL,FOLLOWING TOO CLOSELY,FOLLOWING TOO CLOSELY,0,0,0,0,17,6,6,836,STONY ISLAND AVE,41.833668,-87.752061,06/30/2023 06:04:00 PM,2023
CR00007015,08/10/2024 01:12:00 AM,40,CLEAR,DAYLIGHT,ANGLE,NOT DIVIDED,UNKNOWN,IMPROPER OVERTAKING/PASSING,FAILING TO REDUCE SPEED,0,0,0,0,1,7,8,2033,DAMEN AVE,41.809403,-87.746092,08/10/2024 01:17:00 AM,2024
CR00007016,04/20/2023 09:06:00 AM,30,CLEAR,DAYLIGHT,ANGLE,FOUR WAY,YIELD,UNABLE TO DETERMINE,NOT APPLICABLE,0,0,2,2,9,5,4,954,MICHIGAN AVE,41.941783,-87.722354,04/20/2023 10:47:00 AM,2023
CR00007017,04/02/2021 09:14:00 AM,40,CLOUDY/OVERCAST,DAYLIGHT,TURNING,DIVIDED - W/MEDIAN (NOT RAISED),NO CONTROLS,UNABLE TO DETERMINE,FOLLOWING TOO CLOSELY,0,0,0,0,9,6,4,235,BROADWAY,41.918057,-87.770972,04/02/2021 09:24:00 AM,2021
CR00007018,09/02/2022 07:38:00 AM,30,CLEAR,DAYLIGHT,ANGLE,FOUR WAY,TRAFFIC SIGNAL,IMPROPER OVERTAKING/PASSING,IMPROPER LANE USAGE,0,0,0,0,7,6,9,1115,STONY ISLAND AVE,41.833893,-87.519276,09/02/2022 08:21:00 AM,2022
CR00007019,11/25/2024 08:03:00 PM,40,RAIN,DARKNESS - LIGHTED ROAD,ANGLE,NOT DIVIDED,TRAFFIC SIGNAL,IMPROPER LANE USAGE,FOLLOWING TOO CLOSELY,0,0,0,0,20,2,11,2341,63RD ST,41.739557,-87.608144,11/25/2024 08:17:00 PM,2024
CR00007020,01/02/2018 03:07:00 PM,30,RAIN,DAYLIGHT,TURNING,ONE-WAY,NO CONTROLS,UNABLE TO DETERMINE,DRIVING SKILLS/KNOWLEDGE/EXPERIENCE,0,0,0,0,15,3,1,375,ROOSEVELT RD,41.940029,-87.621089,01/02/2018 04:01:00 PM,2018
CR00007021,11/30/2015 03:13:00 PM,20,CLEAR,DAYLIGHT,REAR END,ONE-WAY,STOP SIGN/FLASHER,DISREGARDING TRAFFIC SIGNALS,UNABLE TO DETERMINE,0,0,0,0,15,2,11,389,HALSTED ST,41.968158,-87.738687,11/30/2015 04:41:00 PM,2015
CR00007022,07/18/2017 09:17:00 PM,35,CLEAR,DARKNESS - LIGHTED ROAD,TURNING,FOUR WAY,STOP SIGN/FLASHER,FAILING TO YIELD RIGHT-OF-WAY,FOLLOWING TOO CLOSELY,0,0,0,0,21,3,7,309,MICHIGAN AVE,41.904817,-87.627204,07/18/2017 09:39:00 PM,2017
CR00007023,02/21/2015 04:50:00 AM,15,RAIN,DAYLIGHT,TURNING,DIVIDED - W/MEDIAN BARRIER,STOP SIGN/FLASHER,DISREGARDING TRAFFIC SIGNALS,IMPROPER OVERTAKING/PASSING,0,0,0,0,4,7,2,1938,79TH ST,41.705487,-87.626945,02/21/2015 05:15:00 AM,2015
CR00007024,04/14/2016 09:13:00 AM,35,RAIN,DUSK,REAR END,DIVIDED - W/MEDIAN (NOT RAISED),NO CONTROLS,FOLLOWING TOO CLOSELY,IMPROPER LANE USAGE,0,0,0,0,9,5,4,450,HALSTED ST,41.995619,-87.624288,04/14/2016 10:42:00 AM,2016
CR00007025,08/21/2015 10:24:00 AM,20,CLEAR,DARKNESS,PARKED MOTOR VEHICLE,ONE-WAY,NO CONTROLS,FAILING TO YIELD RIGHT-OF-WAY,FAILING TO YIELD RIGHT-OF-WAY,0,0,0,0,10,6,8,2424,MICHIGAN AVE,41.788307,-87.804899,08/21/2015 10:58:00 AM,2015
CR00007026,05/29/2018 06:27:00 PM,35,CLEAR,DAYLIGHT,REAR END,DIVIDED - W/MEDIAN (NOT RAISED),NO CONTROLS,WEATHER,FOLLOWING TOO CLOSELY,0,0,0,0,18,3,5,2373,79TH ST,41.878774,-87.571266,05/29/2018 07:56:00 PM,2018
CR00007027,08/29/2019 08:06:00 AM,40,CLEAR,DAYLIGHT,REAR END,NOT DIVIDED,STOP SIGN/FLASHER,UNABLE TO DETERMINE,FAILING TO YIELD RIGHT-OF-WAY,0,0,0,0,8,5,8,193,LAKE SHORE DR,41.720375,-87.754311,08/29/2019 08:35:00 AM,2019
CR00007028,04/16/2019 07:24:00 AM,15,CLEAR,DAYLIGHT,ANGLE,NOT DIVIDED,NO CONTROLS,DISREGARDING TRAFFIC SIGNALS,FAILING TO YIELD RIGHT-OF-WAY,0,0,0,0,7,3,4,2515,CALIFORNIA AVE,41.828015,-87.550245,04/16/2019 09:15:00 AM,2019
CR00007029,10/20/2016 07:22:00 AM,20,CLEAR,DAYLIGHT,REAR END,T-INTERSECTION,TRAFFIC SIGNAL,WEATHER,NOT APPLICABLE,0,0,0,0,7,5,10,1353,HALSTED ST,41.756081,-87.62577,10/20/2016 07:39:00 AM,2016
CR00007030,06/29/2020 08:20:00 AM,35,CLEAR,DAYLIGHT,ANGLE,NOT DIVIDED,TRAFFIC SIGNAL,FOLLOWING TOO CLOSELY,UNABLE TO DETERMINE,0,0,0,0,8,2,6,1529,STATE ST,41.711467,-87.611888,06/29/2020 10:05:00 AM,2020
CR00007031,09/07/2017 09:16:00 PM,40,CLEAR,DAYLIGHT,ANGLE,NOT DIVIDED,TRAFFIC SIGNAL,UNABLE TO DETERMINE,NOT APPLICABLE,0,0,0,0,21,5,9,2387,LAKE SHORE DR,41.987911,-87.638154,09/07/2017 09:56:00 PM,2017
CR00007032,11/09/2020 05:53:00 AM,30,CLEAR,DARKNESS - LIGHTED ROAD,PEDESTRIAN,NOT DIVIDED,NO CONTROLS,IMPROPER OVERTAKING/PASSING,UNABLE TO DETERMINE,0,0,0,0,5,2,11,645,KEDZIE AVE,41.985135,-87.63839,11/09/2020 06:44:00 AM,2020
CR00007033,12/02/2018 07:56:00 AM,30,FREEZING RAIN/DRIZZLE,DAYLIGHT,SIDESWIPE SAME DIRECTION,DIVIDED - W/MEDIAN BARRIER,NO CONTROLS,UNABLE TO DETERMINE,FOLLOWING TOO CLOSELY,0,0,0,0,7,1,12,145,OGDEN AVE,41.746736,-87.769941,12/02/2018 09:27:00 AM,2018
CR00007034,09/22/2022 01:15:00 PM,25,SNOW,DAYLIGHT,ANGLE,ONE-WAY,UNKNOWN,UNABLE TO DETERMINE,IMPROPER OVERTAKING/PASSING,0,0,0,0,13,5,9,108,OGDEN AVE,41.760119,-87.697932,09/22/2022 02:52:00 PM,2022
CR00007035,08/02/2019 06:52:00 PM,30,CLEAR,DAYLIGHT,ANGLE,NOT DIVIDED,TRAFFIC SIGNAL,UNABLE TO DETERMINE,DRIVING SKILLS/KNOWLEDGE/EXPERIENCE,0,0,0,0,18,6,8,1012,79TH ST,41.977412,-87.594523,08/02/2019 07:01:00 PM,2019
CR00007036,11/17/2015 07:45:00 PM,30,CLEAR,DARKNESS - LIGHTED ROAD,PARKED MOTOR VEHICLE,FOUR WAY,STOP SIGN/FLASHER,DRIVING SKILLS/KNOWLEDGE/EXPERIENCE,UNABLE TO DETERMINE,0,0,0,0,19,3,11,1661,ROOSEVELT RD,41.890971,-87.802125,11/17/2015 08:48:00 PM,2015
CR00007037,12/01/2022 04:44:00 PM,30,CLEAR,DAYLIGHT,REAR END,DIVIDED - W/MEDIAN BARRIER,TRAFFIC SIGNAL,DISREGARDING TRAFFIC SIGNALS,UNABLE TO DETERMINE,0,0,0,0,16,5,12,1298,CICERO AVE,41.895529,-87.674658,12/01/2022 06:16:00 PM,2022
CR00007038,05/25/2016 04:20:00 PM,25,CLEAR,DARKNESS - LIGHTED ROAD,SIDESWIPE SAME DIRECTION,NOT DIVIDED,TRAFFIC SIGNAL,IMPROPER LANE USAGE,UNABLE TO DETERMINE,0,0,2,2,16,4,5,102,BROADWAY,41.828373,-87.519405,05/25/2016 05:31:00 PM,2016
CR00007039,10/28/2024 05:22:00 PM,30,CLEAR,DAYLIGHT,REAR END,DIVIDED - W/MEDIAN (NOT RAISED),NO CONTROLS,FAILING TO YIELD RIGHT-OF-WAY,UNABLE TO DETERMINE,0,0,0,0,17,2,10,1398,FULLERTON AVE,41.806822,-87.620262,10/28/2024 06:58:00 PM,2024
CR00007040,02/23/2021 07:11:00 PM,30,SNOW,DAYLIGHT,REAR END,DIVIDED - W/MEDIAN (NOT RAISED),NO CONTROLS,FAILING TO YIELD RIGHT-OF-WAY,FAILING TO YIELD RIGHT-OF-WAY,0,0,0,0,19,3,2,2344,PULASKI RD,41.976696,-87.60832,02/23/2021 09:11:00 PM,2021
CR00007041,03/05/2017 05:24:00 PM,25,CLEAR,DAYLIGHT,REAR END,FOUR WAY,NO CONTROLS,UNABLE TO DETERMINE,UNABLE TO DETERMINE,0,1,1,2,17,1,3,1143,LAKE SHORE DR,41.795171,-87.777642,03/05/2017 05:49:00 PM,2017
CR00007042,09/16/2019 07:25:00 PM,15,CLEAR,DUSK,TURNING,NOT DIVIDED,NO CONTROLS,DISREGARDING TRAFFIC SIGNALS,IMPROPER LANE USAGE,0,0,3,3,19,2,9,291,FULLERTON AVE,41.938205,-87.537222,09/16/2019 08:30:00 PM,2019
CR00007043,01/13/2022 11:10:00 AM,30,CLEAR,DAYLIGHT,PARKED MOTOR VEHICLE,DIVIDED - W/MEDIAN (NOT RAISED),NO CONTROLS,FAILING TO YIELD RIGHT-OF-WAY,UNABLE TO DETERMINE,0,0,0,0,11,5,1,844,47TH ST,41.765916,-87.783705,01/13/2022 11:25:00 AM,2022
CR00007044,11/20/2018 12:54:00 PM,30,CLEAR,DARKNESS - LIGHTED ROAD,TURNING,NOT DIVIDED,TRAFFIC SIGNAL,FOLLOWING TOO CLOSELY,DISREGARDING TRAFFIC SIGNALS,0,0,0,0,12,3,11,2149,PULASKI RD,41.95395,-87.621567,11/20/2018 01:58:00 PM,2018
CR00007045,09/11/2023 10:10:00 AM,15,RAIN,DAWN,REAR END,DIVIDED - W/MEDIAN (NOT RAISED),NO CONTROLS,UNABLE TO DETERMINE,FAILING TO REDUCE SPEED,0,0,0,0,10,2,9,2347,STONY ISLAND AVE,41.891596,-87.809367,09/11/2023 10:12:00 AM,2023
CR00007046,05/12/2017 08:23:00 PM,40,CLEAR,DARKNESS - LIGHTED ROAD,ANGLE,NOT DIVIDED,NO CONTROLS,DISTRACTION - FROM INSIDE VEHICLE,FOLLOWING TOO CLOSELY,0,0,0,0,20,6,5,2233,DIVISION ST,41.761206,-87.76635,05/12/2017 10:23:00 PM,2017
CR00007047,09/05/2015 10:17:00 AM,35,CLEAR,DAYLIGHT,TURNING,NOT DIVIDED,STOP SIGN/FLASHER,UNABLE TO DETERMINE,NOT APPLICABLE,0,0,0,0,10,7,9,1774,63RD ST,41.801932,-87.786331,09/05/2015 11:06:00 AM,2015
CR00007048,07/07/2024 05:07:00 PM,25,CLEAR,DAYLIGHT,REAR END,NOT DIVIDED,TRAFFIC SIGNAL,UNABLE TO DETERMINE,FAILING TO REDUCE SPEED,0,0,1,1,17,1,7,1584,BROADWAY,41.777194,-87.719828,07/07/2024 05:21:00 PM,2024
CR00007049,11/12/2022 08:23:00 AM,35,CLEAR,DAYLIGHT,REAR END,DIVIDED - W/MEDIAN (NOT RAISED),NO CONTROLS,UNABLE TO DETERMINE,DRIVING SKILLS/KNOWLEDGE/EXPERIENCE,0,0,0,0,8,7,11,2200,HALSTED ST,41.9323,-87.664488,11/12/2022 10:12:00 AM,2022
CR00007050,09/06/2022 05:24:00 PM,35,RAIN,DARKNESS - LIGHTED ROAD,TURNING,DIVIDED - W/MEDIAN (NOT RAISED),STOP SIGN/FLASHER,DISREGARDING TRAFFIC SIGNALS,IMPROPER LANE USAGE,0,0,0,0,17,3,9,1315,MICHIGAN AVE,41.83929,-87.769302,09/06/2022 07:10:00 PM,2022
CR00007051,08/24/2018 01:38:00 PM,30,RAIN,DAYLIGHT,SIDESWIPE SAME DIRECTION,NOT DIVIDED,STOP SIGN/FLASHER,FAILING TO YIELD RIGHT-OF-WAY,IMPROPER OVERTAKING/PASSING,0,0,1,1,13,6,8,1982,ELSTON AVE,41.93854,-87.645224,08/24/2018 02:38:00 PM,2018
CR00007052,04/19/2020 05:14:00 PM,35,CLEAR,DAYLIGHT,REAR END,FOUR WAY,UNKNOWN,UNABLE TO DETERMINE,NOT APPLICABLE,0,0,0,0,17,1,4,1853,HALSTED ST,41.899688,-87.785813,04/19/2020 06:45:00 PM,2020
CR00007053,10/06/2024 11:30:00 PM,35,RAIN,DAYLIGHT,ANGLE,DIVIDED - W/MEDIAN BARRIER,UNKNOWN,UNABLE TO DETERMINE,UNABLE TO DETERMINE,0,0,1,1,23,1,10,1874,LAKE SHORE DR,41.719047,-87.76391,10/07/2024 12:52:00 AM,2024
CR00007054,07/05/2017 01:21:00 PM,30,CLEAR,DARKNESS - LIGHTED ROAD,SIDESWIPE SAME DIRECTION,FOUR WAY,PEDESTRIAN CROSSING SIGN,UNABLE TO DETERMINE,UNABLE TO DETERMINE,0,0,0,0,13,4,7,1845,OGDEN AVE,41.922531,-87.541513,07/05/2017 01:37:00 PM,2017
CR00007055,10/19/2017 06:10:00 PM,25,CLEAR,DAYLIGHT,PARKED MOTOR VEHICLE,NOT DIVIDED,TRAFFIC SIGNAL,FAILING TO YIELD RIGHT-OF-WAY,UNABLE TO DETERMINE,0,0,0,0,18,5,10,748,WESTERN AVE,41.713087,-87.78813,10/19/2017 06:24:00 PM,2017
CR00007056,08/25/2020 04:21:00 PM,35,SNOW,DAYLIGHT,SIDESWIPE SAME DIRECTION,DIVIDED - W/MEDIAN BARRIER,TRAFFIC SIGNAL,UNABLE TO DETERMINE,NOT APPLICABLE,0,0,0,0,16,3,8,1661,OGDEN AVE,41.718471,-87.585443,08/25/2020 05:04:00 PM,2020
CR00007057,09/13/2024 12:44:00 PM,20,CLOUDY/OVERCAST,DARKNESS,ANGLE,DIVIDED - W/MEDIAN (NOT RAISED),TRAFFIC SIGNAL,IMPROPER OVERTAKING/PASSING,UNABLE TO DETERMINE,0,0,0,0,12,6,9,996,DAMEN AVE,41.893556,-87.802467,09/13/2024 01:18:00 PM,2024
CR00007058,04/15/2018 11:00:00 PM,15,RAIN,DUSK,PARKED MOTOR VEHICLE,T-INTERSECTION,NO CONTROLS,IMPROPER LANE USAGE,FAILING TO REDUCE SPEED,0,0,0,0,23,1,4,1952,MILWAUKEE AVE,41.917361,-87.715667,04/15/2018 11:42:00 PM,2018
CR00007059,04/06/2024 11:20:00 AM,15,CLEAR,DARKNESS - LIGHTED ROAD,TURNING,T-INTERSECTION,STOP SIGN/FLASHER,FAILING TO YIELD RIGHT-OF-WAY,UNABLE TO DETERMINE,0,0,0,0,11,7,4,2518,PULASKI RD,41.907919,-87.585552,04/06/2024 01:05:00 PM,2024
CR00007060,01/11/2019 06:27:00 PM,35,CLEAR,DAYLIGHT,PARKED MOTOR VEHICLE,NOT DIVIDED,NO CONTROLS,UNABLE TO DETERMINE,NOT APPLICABLE,0,0,0,0,18,6,1,1221,HALSTED ST,41.874158,-87.53699,01/11/2019 06:50:00 PM,2019
CR00007061,04/29/2015 02:22:00 PM,15,CLEAR,DAYLIGHT,TURNING,FOUR WAY,NO CONTROLS,UNABLE TO DETERMINE,IMPROPER LANE USAGE,0,0,0,0,14,4,4,1403,BROADWAY,41.963603,-87.713738,04/29/2015 02:54:00 PM,2015
CR00007062,12/06/2019 03:12:00 PM,25,CLEAR,DARKNESS - LIGHTED ROAD,ANGLE,FOUR WAY,NO CONTROLS,UNABLE TO DETERMINE,FAILING TO YIELD RIGHT-OF-WAY,0,0,0,0,15,6,12,2404,63RD ST,41.85987,-87.752427,12/06/2019 04:52:00 PM,2019
CR00007063,08/15/2016 05:01:00 PM,30,CLEAR,DAYLIGHT,REAR END,ONE-WAY,UNKNOWN,FAILING TO YIELD RIGHT-OF-WAY,FAILING TO REDUCE SPEED,0,0,0,0,17,2,8,2320,STONY ISLAND AVE,41.968695,-87.718874,08/15/2016 06:27:00 PM,2016
CR00007064,08/24/2021 09:13:00 AM,15,CLEAR,DAYLIGHT,SIDESWIPE SAME DIRECTION,NOT DIVIDED,TRAFFIC SIGNAL,DISTRACTION - FROM INSIDE VEHICLE,DISTRACTION - FROM INSIDE VEHICLE,0,1,0,1,9,3,8,2389,ARCHER AVE,41.912794,-87.708346,08/24/2021 10:49:00 AM,2021
CR00007065,08/05/2024 06:55:00 PM,20,CLEAR,DAYLIGHT,TURNING,NOT DIVIDED,NO CONTROLS,IMPROPER OVERTAKING/PASSING,UNABLE TO DETERMINE,0,0,0,0,18,2,8,2497,ELSTON AVE,41.853446,-87.572135,08/05/2024 08:41:00 PM,2024
CR00007066,11/16/2017 03:01:00 PM,35,RAIN,DARKNESS,TURNING,NOT DIVIDED,NO CONTROLS,UNABLE TO DETERMINE,FAILING TO REDUCE SPEED,0,0,0,0,15,5,11,2360,79TH ST,41.841043,-87.750127,11/16/2017 04:39:00 PM,2017
CR00007067,02/20/2019 12:58:00 PM,30,CLEAR,DAYLIGHT,REAR END,DIVIDED - W/MEDIAN (NOT RAISED),NO CONTROLS,DRIVING SKILLS/KNOWLEDGE/EXPERIENCE,DISTRACTION - FROM INSIDE VEHICLE,0,0,0,0,12,4,2,120,ASHLAND AVE,41.879949,-87.560607,02/20/2019 02:16:00 PM,2019
CR00007068,01/24/2022 06:03:00 PM,40,CLEAR,DAYLIGHT,SIDESWIPE SAME DIRECTION,NOT DIVIDED,TRAFFIC SIGNAL,FAILING TO REDUCE SPEED,IMPROPER OVERTAKING/PASSING,0,0,0,0,18,2,1,1900,ELSTON AVE,41.72531,-87.690199,01/24/2022 06:36:00 PM,2022
CR00007069,07/30/2024 12:15:00 PM,30,CLEAR,DARKNESS - LIGHTED ROAD,ANGLE,T-INTERSECTION,NO CONTROLS,FOLLOWING TOO CLOSELY,DISTRACTION - FROM INSIDE VEHICLE,0,0,2,2,12,3,7,1078,MILWAUKEE AVE,41.803097,-87.512859,07/30/2024 01:14:00 PM,2024
CR00007070,05/18/2022 07:38:00 PM,20,CLEAR,DAYLIGHT,TURNING,NOT DIVIDED,NO CONTROLS,UNABLE TO DETERMINE,FAILING TO YIELD RIGHT-OF-WAY,0,0,0,0,19,4,5,2075,CALIFORNIA AVE,41.995118,-87.600441,05/18/2022 08:23:00 PM,2022
CR00007071,09/11/2021 07:40:00 AM,15,RAIN,DAYLIGHT,REAR END,DIVIDED - W/MEDIAN (NOT RAISED),TRAFFIC SIGNAL,FAILING TO YIELD RIGHT-OF-WAY,DISTRACTION - FROM INSIDE VEHICLE,0,0,0,0,7,7,9,2222,HALSTED ST,41.888496,-87.739228,09/11/2021 09:39:00 AM,2021
CR00007072,05/27/2023 05:41:00 PM,30,CLEAR,DAWN,PARKED MOTOR VEHICLE,NOT DIVIDED,NO CONTROLS,DRIVING SKILLS/KNOWLEDGE/EXPERIENCE,IMPROPER LANE USAGE,0,0,0,0,17,7,5,1520,MILWAUKEE AVE,41.897308,-87.553032,05/27/2023 05:56:00 PM,2023
CR00007073,01/19/2020 05:07:00 PM,35,CLOUDY/OVERCAST,DAWN,ANGLE,T-INTERSECTION,TRAFFIC SIGNAL,DISTRACTION - FROM INSIDE VEHICLE,UNABLE TO DETERMINE,0,0,0,0,17,1,1,787,HALSTED ST,41.71696,-87.783817,01/19/2020 05:34:00 PM,2020
CR00007074,12/06/2016 07:36:00 PM,35,CLEAR,DAYLIGHT,REAR END,NOT DIVIDED,TRAFFIC SIGNAL,FAILING TO YIELD RIGHT-OF-WAY,NOT APPLICABLE,0,0,0,0,19,3,12,564,CLARK ST,41.885689,-87.573488,12/06/2016 09:00:00 PM,2016
CR00007075,12/30/2015 08:56:00 PM,40,CLEAR,DAYLIGHT,ANGLE,ONE-WAY,TRAFFIC SIGNAL,FOLLOWING TOO CLOSELY,IMPROPER OVERTAKING/PASSING,0,0,0,0,20,4,12,362,63RD ST,41.926662,-87.568031,12/30/2015 10:44:00 PM,2015
CR00007076,12/15/2017 01:57:00 PM,45,CLEAR,DAYLIGHT,REAR END,ONE-WAY,NO CONTROLS,UNABLE TO DETERMINE,DISREGARDING TRAFFIC SIGNALS,0,0,0,0,13,6,12,435,FULLERTON AVE,41.915747,-87.677916,12/15/2017 03:02:00 PM,2017
CR00007077,11/09/2019 02:40:00 PM,35,SNOW,DAYLIGHT,REAR END,ONE-WAY,NO CONTROLS,UNABLE TO DETERMINE,NOT APPLICABLE,0,0,1,1,14,7,11,520,CLARK ST,41.942172,-87.630066,11/09/2019 03:08:00 PM,2019
CR00007078,05/08/2015 03:23:00 PM,20,CLEAR,DAYLIGHT,TURNING,DIVIDED - W/MEDIAN (NOT RAISED),UNKNOWN,UNABLE TO DETERMINE,DISTRACTION - FROM INSIDE VEHICLE,0,0,0,0,15,6,5,1736,CICERO AVE,41.848857,-87.670238,05/08/2015 05:05:00 PM,2015
CR00007079,05/07/2015 07:31:00 AM,40,CLEAR,DAYLIGHT,SIDESWIPE SAME DIRECTION,FOUR WAY,STOP SIGN/FLASHER,FAILING TO YIELD RIGHT-OF-WAY,UNABLE TO DETERMINE,0,0,0,0,7,5,5,920,63RD ST,41.832293,-87.53676,05/07/2015 09:20:00 AM,2015
CR00007080,12/16/2023 03:05:00 PM,40,CLEAR,DAYLIGHT,TURNING,FOUR WAY,TRAFFIC SIGNAL,FAILING TO REDUCE SPEED,FAILING TO REDUCE SPEED,0,0,0,0,15,7,12,557,HALSTED ST,41.844141,-87.594074,12/16/2023 04:45:00 PM,2023
CR00007081,03/12/2023 12:51:00 AM,30,CLEAR,DARKNESS - LIGHTED ROAD,REAR END,DIVIDED - W/MEDIAN BARRIER,TRAFFIC SIGNAL,FOLLOWING TOO CLOSELY,UNABLE TO DETERMINE,0,1,0,1,0,1,3,2026,47TH ST,41.886927,-87.782324,03/12/2023 01:05:00 AM,2023
CR00007082,12/22/2021 03:06:00 AM,45,CLEAR,DAYLIGHT,REAR TO FRONT,NOT DIVIDED,NO CONTROLS,FOLLOWING TOO CLOSELY,UNABLE TO DETERMINE,0,0,0,0,3,4,12,474,MILWAUKEE AVE,41.785154,-87.515305,12/22/2021 03:38:00 AM,2021
CR00007083,05/18/2018 08:34:00 AM,45,CLEAR,DAYLIGHT,TURNING,DIVIDED - W/MEDIAN (NOT RAISED),UNKNOWN,IMPROPER OVERTAKING/PASSING,WEATHER,0,0,0,0,8,6,5,2255,FULLERTON AVE,41.94531,-87.804798,05/18/2018 10:28:00 AM,2018
CR00007084,02/29/2016 10:27:00 AM,25,CLEAR,DAYLIGHT,SIDESWIPE SAME DIRECTION,NOT DIVIDED,NO CONTROLS,IMPROPER OVERTAKING/PASSING,UNABLE TO DETERMINE,0,0,0,0,10,2,2,1580,ROOSEVELT RD,41.829917,-87.760435,02/29/2016 10:51:00 AM,2016