CRASH_RECORD_ID,CRASH_DATE,POSTED_SPEED_LIMIT,WEATHER_CONDITION,LIGHTING_CONDITION,FIRST_CRASH_TYPE,TRAFFICWAY_TYPE,TRAFFIC_CONTROL_DEVICE,PRIM_CONTRIBUTORY_CAUSE,SEC_CONTRIBUTORY_CAUSE,INJURIES_FATAL,INJURIES_INCAPACITATING,INJURIES_NON_INCAPACITATING,INJURIES_TOTAL,CRASH_HOUR,CRASH_DAY_OF_WEEK,CRASH_MONTH,BEAT_OF_OCCURRENCE,STREET_NAME,LATITUDE,LONGITUDE,DATE_POLICE_NOTIFIED,year
CR00007085,02/06/2018 07:51:00 PM,35,CLEAR,DAYLIGHT,TURNING,NOT DIVIDED,NO CONTROLS,DISREGARDING TRAFFIC SIGNALS,FAILING TO REDUCE SPEED,0,0,0,0,19,3,2,202,MILWAUKEE AVE,41.776399,-87.654363,02/06/2018 09:38:00 PM,2018
CR00007086,03/06/2017 01:08:00 PM,30,CLEAR,DAYLIGHT,ANGLE,FOUR WAY,STOP SIGN/FLASHER,IMPROPER LANE USAGE,UNABLE TO DETERMINE,0,0,0,0,13,2,3,2425,BROADWAY,41.831412,-87.675643,03/06/2017 01:19:00 PM,2017
CR00007087,09/02/2023 05:37:00 PM,35,CLEAR,DARKNESS - LIGHTED ROAD,REAR END,NOT DIVIDED,NO CONTROLS,FOLLOWING TOO CLOSELY,DRIVING SKILLS/KNOWLEDGE/EXPERIENCE,0,0,0,0,17,7,9,308,ROOSEVELT RD,41.787387,-87.551009,09/02/2023 06:54:00 PM,2023
CR00007088,12/20/2019 09:56:00 AM,20,CLEAR,DARKNESS - LIGHTED ROAD,TURNING,DIVIDED - W/MEDIAN BARRIER,YIELD,FOLLOWING TOO CLOSELY,UNABLE TO DETERMINE,0,0,0,0,9,6,12,2061,47TH ST,41.98987,-87.725761,12/20/2019 10:07:00 AM,2019
CR00007089,11/29/2017 05:37:00 PM,30,CLEAR,DARKNESS - LIGHTED ROAD,REAR END,NOT DIVIDED,TRAFFIC SIGNAL,IMPROPER LANE USAGE,DISTRACTION - FROM INSIDE VEHICLE,0,0,0,0,17,4,11,1899,KEDZIE AVE,41.928231,-87.808333,11/29/2017 06:24:00 PM,2017
CR00007090,06/27/2019 10:57:00 AM,35,CLEAR,DUSK,REAR END,FOUR WAY,STOP SIGN/FLASHER,UNABLE TO DETERMINE,DISREGARDING TRAFFIC SIGNALS,0,0,0,0,10,5,6,2481,ARCHER AVE,41.79799,-87.516807,06/27/2019 12:20:00 PM,2019
CR00007091,01/12/2015 05:22:00 PM,35,CLEAR,DAYLIGHT,SIDESWIPE SAME DIRECTION,FOUR WAY,STOP SIGN/FLASHER,DISTRACTION - FROM INSIDE VEHICLE,UNABLE TO DETERMINE,0,0,2,2,17,2,1,2448,63RD ST,41.723627,-87.538829,01/12/2015 05:36:00 PM,2015
CR00007092,11/07/2022 03:03:00 PM,25,CLEAR,DAYLIGHT,PARKED MOTOR VEHICLE,DIVIDED - W/MEDIAN (NOT RAISED),NO CONTROLS,FAILING TO YIELD RIGHT-OF-WAY,FOLLOWING TOO CLOSELY,0,0,1,1,15,2,11,999,KEDZIE AVE,41.726166,-87.666502,11/07/2022 03:18:00 PM,2022
CR00007093,03/23/2019 11:27:00 AM,15,CLEAR,DAYLIGHT,SIDESWIPE SAME DIRECTION,NOT DIVIDED,TRAFFIC SIGNAL,FAILING TO YIELD RIGHT-OF-WAY,UNABLE TO DETERMINE,0,0,0,0,11,7,3,1101,CLARK ST,41.829272,-87.762183,03/23/2019 11:50:00 AM,2019
CR00007094,02/26/2023 06:36:00 PM,15,FOG/SMOKE/HAZE,DARKNESS - LIGHTED ROAD,PEDESTRIAN,DIVIDED - W/MEDIAN (NOT RAISED),NO CONTROLS,DRIVING SKILLS/KNOWLEDGE/EXPERIENCE,FOLLOWING TOO CLOSELY,0,1,0,1,18,1,2,1874,WESTERN AVE,41.797317,-87.713001,02/26/2023 07:47:00 PM,2023
CR00007095,04/27/2015 03:14:00 PM,20,RAIN,DAYLIGHT,FIXED OBJECT,DIVIDED - W/MEDIAN (NOT RAISED),NO CONTROLS,UNABLE TO DETERMINE,WEATHER,0,0,0,0,15,2,4,1617,ASHLAND AVE,41.885162,-87.736768,04/27/2015 04:37:00 PM,2015
CR00007096,10/19/2022 10:46:00 PM,30,CLEAR,DAYLIGHT,SIDESWIPE SAME DIRECTION,NOT DIVIDED,NO CONTROLS,DISTRACTION - FROM INSIDE VEHICLE,FAILING TO YIELD RIGHT-OF-WAY,0,0,0,0,22,4,10,2168,47TH ST,41.987764,-87.512467,10/19/2022 10:57:00 PM,2022
CR00007097,06/06/2016 07:33:00 AM,15,CLEAR,DARKNESS - LIGHTED ROAD,ANGLE,FOUR WAY,NO CONTROLS,IMPROPER OVERTAKING/PASSING,FAILING TO REDUCE SPEED,0,0,0,0,7,2,6,578,DIVISION ST,41.851323,-87.686825,06/06/2016 08:31:00 AM,2016
CR00007098,08/07/2023 05:23:00 PM,30,SNOW,DARKNESS,FIXED OBJECT,DIVIDED - W/MEDIAN (NOT RAISED),NO CONTROLS,FOLLOWING TOO CLOSELY,FOLLOWING TOO CLOSELY,0,0,0,0,17,2,8,2221,CICERO AVE,41.803136,-87.503178,08/07/2023 06:29:00 PM,2023
CR00007099,10/29/2022 07:15:00 PM,40,RAIN,DAYLIGHT,REAR END,FOUR WAY,STOP SIGN/FLASHER,FAILING TO REDUCE SPEED,IMPROPER OVERTAKING/PASSING,0,0,0,0,19,7,10,735,STATE ST,41.978053,-87.707,10/29/2022 07:26:00 PM,2022
CR00007100,02/20/2019 08:53:00 PM,25,CLEAR,DAYLIGHT,TURNING,DIVIDED - W/MEDIAN (NOT RAISED),TRAFFIC SIGNAL,FAILING TO REDUCE SPEED,UNABLE TO DETERMINE,0,0,0,0,20,4,2,536,63RD ST,41.968932,-87.799125,02/20/2019 10:50:00 PM,2019
CR00007101,02/10/2018 06:16:00 PM,30,CLEAR,DAYLIGHT,SIDESWIPE SAME DIRECTION,DIVIDED - W/MEDIAN (NOT RAISED),NO CONTROLS,FAILING TO YIELD RIGHT-OF-WAY,DISTRACTION - FROM INSIDE VEHICLE,0,0,0,0,18,7,2,579,CLARK ST,41.780507,-87.611298,02/10/2018 07:21:00 PM,2018
CR00007102,12/17/2016 07:10:00 PM,35,RAIN,DARKNESS - LIGHTED ROAD,TURNING,DIVIDED - W/MEDIAN (NOT RAISED),TRAFFIC SIGNAL,DISREGARDING TRAFFIC SIGNALS,NOT APPLICABLE,0,0,0,0,19,7,12,1477,79TH ST,41.874547,-87.690226,12/17/2016 07:11:00 PM,2016
CR00007103,10/23/2020 09:52:00 AM,30,CLEAR,DARKNESS - LIGHTED ROAD,PARKED MOTOR VEHICLE,NOT DIVIDED,NO CONTROLS,UNABLE TO DETERMINE,FAILING TO YIELD RIGHT-OF-WAY,0,0,0,0,9,6,10,1293,79TH ST,41.716877,-87.558254,10/23/2020 10:14:00 AM,2020
CR00007104,10/01/2018 05:43:00 AM,35,CLEAR,DARKNESS - LIGHTED ROAD,PEDESTRIAN,DIVIDED - W/MEDIAN BARRIER,NO CONTROLS,IMPROPER OVERTAKING/PASSING,IMPROPER LANE USAGE,0,0,3,3,5,2,10,1261,BROADWAY,41.856973,-87.819869,10/01/2018 07:18:00 AM,2018
CR00007105,08/10/2019 06:07:00 PM,30,CLEAR,DAYLIGHT,PARKED MOTOR VEHICLE,NOT DIVIDED,NO CONTROLS,UNABLE TO DETERMINE,NOT APPLICABLE,0,0,0,0,18,7,8,1489,WESTERN AVE,41.760428,-87.59514,08/10/2019 07:51:00 PM,2019
CR00007106,06/26/2019 09:30:00 AM,20,CLOUDY/OVERCAST,DARKNESS - LIGHTED ROAD,REAR END,T-INTERSECTION,UNKNOWN,UNABLE TO DETERMINE,FOLLOWING TOO CLOSELY,0,0,3,3,9,4,6,1011,PULASKI RD,41.81223,-87.685856,06/26/2019 09:32:00 AM,2019
CR00007107,05/24/2023 11:29:00 AM,20,RAIN,DAYLIGHT,PARKED MOTOR VEHICLE,NOT DIVIDED,NO CONTROLS,IMPROPER OVERTAKING/PASSING,NOT APPLICABLE,0,0,0,0,11,4,5,675,ARCHER AVE,41.993207,-87.567392,05/24/2023 12:16:00 PM,2023
CR00007108,11/28/2015 08:53:00 AM,45,CLEAR,DAYLIGHT,SIDESWIPE SAME DIRECTION,DIVIDED - W/MEDIAN (NOT RAISED),TRAFFIC SIGNAL,UNABLE TO DETERMINE,FAILING TO REDUCE SPEED,0,0,0,0,8,7,11,887,OGDEN AVE,41.830052,-87.584794,11/28/2015 10:07:00 AM,2015
CR00007109,10/20/2018 03:12:00 PM,30,CLEAR,DAYLIGHT,REAR END,NOT DIVIDED,STOP SIGN/FLASHER,IMPROPER LANE USAGE,NOT APPLICABLE,0,0,0,0,15,7,10,133,IRVING PARK RD,41.810681,-87.77475,10/20/2018 05:05:00 PM,2018
CR00007110,06/06/2022 07:26:00 AM,15,RAIN,DAYLIGHT,ANGLE,NOT DIVIDED,NO CONTROLS,UNABLE TO DETERMINE,UNABLE TO DETERMINE,0,0,0,0,7,2,6,1790,KEDZIE AVE,41.745194,-87.502625,06/06/2022 08:09:00 AM,2022
CR00007111,03/12/2021 04:04:00 PM,20,CLEAR,DARKNESS - LIGHTED ROAD,PEDESTRIAN,NOT DIVIDED,NO CONTROLS,DRIVING SKILLS/KNOWLEDGE/EXPERIENCE,NOT APPLICABLE,0,0,0,0,16,6,3,1002,CICERO AVE,41.739259,-87.511086,03/12/2021 04:06:00 PM,2021
CR00007112,12/04/2015 04:00:00 AM,45,CLEAR,DAYLIGHT,FIXED OBJECT,T-INTERSECTION,NO CONTROLS,FAILING TO YIELD RIGHT-OF-WAY,DISTRACTION - FROM INSIDE VEHICLE,0,0,2,2,4,6,12,2450,79TH ST,41.746033,-87.563957,12/04/2015 05:32:00 AM,2015
CR00007113,04/28/2018 03:44:00 PM,25,CLEAR,DAYLIGHT,SIDESWIPE SAME DIRECTION,ONE-WAY,TRAFFIC SIGNAL,DISTRACTION - FROM INSIDE VEHICLE,UNABLE TO DETERMINE,0,1,1,2,15,7,4,1755,79TH ST,41.975297,-87.702676,04/28/2018 03:45:00 PM,2018
CR00007114,11/15/2024 06:06:00 PM,20,CLEAR,DAYLIGHT,REAR END,DIVIDED - W/MEDIAN (NOT RAISED),TRAFFIC SIGNAL,UNABLE TO DETERMINE,UNABLE TO DETERMINE,0,0,0,0,18,6,11,1407,ROOSEVELT RD,41.782986,-87.605253,11/15/2024 06:34:00 PM,2024
CR00007115,09/08/2020 03:33:00 PM,15,CLEAR,DARKNESS - LIGHTED ROAD,REAR END,NOT DIVIDED,NO CONTROLS,FAILING TO YIELD RIGHT-OF-WAY,NOT APPLICABLE,0,0,1,1,15,3,9,247,63RD ST,41.939014,-87.729795,09/08/2020 04:36:00 PM,2020
CR00007116,09/11/2019 06:06:00 PM,30,CLEAR,DAYLIGHT,TURNING,T-INTERSECTION,TRAFFIC SIGNAL,UNABLE TO DETERMINE,UNABLE TO DETERMINE,0,0,0,0,18,4,9,356,KEDZIE AVE,41.751977,-87.740616,09/11/2019 07:02:00 PM,2019
CR00007117,10/24/2024 06:34:00 PM,30,CLEAR,DAYLIGHT,REAR END,NOT DIVIDED,TRAFFIC SIGNAL,FOLLOWING TOO CLOSELY,IMPROPER OVERTAKING/PASSING,0,0,1,1,18,5,10,1237,BROADWAY,41.768876,-87.842472,10/24/2024 07:32:00 PM,2024
CR00007118,05/02/2018 12:09:00 AM,30,CLOUDY/OVERCAST,DAYLIGHT,REAR END,NOT DIVIDED,NO CONTROLS,FOLLOWING TOO CLOSELY,UNABLE TO DETERMINE,0,0,0,0,0,4,5,2231,KEDZIE AVE,41.704483,-87.560935,05/02/2018 12:55:00 AM,2018
CR00007119,09/26/2018 08:40:00 PM,35,CLEAR,DARKNESS - LIGHTED ROAD,REAR END,NOT DIVIDED,NO CONTROLS,FOLLOWING TOO CLOSELY,UNABLE TO DETERMINE,0,0,0,0,20,4,9,1678,LAKE SHORE DR,41.776318,-87.526426,09/26/2018 08:48:00 PM,2018
CR00007120,10/16/2019 04:45:00 PM,45,CLEAR,DAYLIGHT,REAR END,FOUR WAY,NO CONTROLS,UNABLE TO DETERMINE,UNABLE TO DETERMINE,0,0,0,0,16,4,10,1727,CALIFORNIA AVE,41.766574,-87.61349,10/16/2019 05:43:00 PM,2019
CR00007121,12/22/2022 08:23:00 PM,15,RAIN,DUSK,ANGLE,DIVIDED - W/MEDIAN (NOT RAISED),TRAFFIC SIGNAL,FAILING TO REDUCE SPEED,IMPROPER LANE USAGE,0,0,2,2,20,5,12,1460,CICERO AVE,41.753371,-87.678088,12/22/2022 10:16:00 PM,2022
CR00007122,04/30/2018 08:45:00 AM,35,SNOW,DAYLIGHT,TURNING,NOT DIVIDED,NO CONTROLS,DRIVING SKILLS/KNOWLEDGE/EXPERIENCE,UNABLE TO DETERMINE,0,0,1,1,8,2,4,1643,PULASKI RD,41.909388,-87.723573,04/30/2018 10:20:00 AM,2018
CR00007123,07/07/2022 02:05:00 PM,35,RAIN,DAYLIGHT,SIDESWIPE SAME DIRECTION,FOUR WAY,STOP SIGN/FLASHER,UNABLE TO DETERMINE,UNABLE TO DETERMINE,0,1,2,3,14,5,7,1300,PULASKI RD,41.757992,-87.523513,07/07/2022 02:28:00 PM,2022
CR00007124,07/07/2022 01:47:00 PM,30,RAIN,DAYLIGHT,FIXED OBJECT,T-INTERSECTION,STOP SIGN/FLASHER,FAILING TO YIELD RIGHT-OF-WAY,NOT APPLICABLE,0,0,1,1,13,5,7,1217,ASHLAND AVE,41.703315,-87.684767,07/07/2022 01:48:00 PM,2022
CR00007125,02/16/2016 03:30:00 PM,30,CLEAR,DAYLIGHT,TURNING,NOT DIVIDED,TRAFFIC SIGNAL,FOLLOWING TOO CLOSELY,IMPROPER LANE USAGE,0,0,0,0,15,3,2,579,ASHLAND AVE,41.78706,-87.751835,02/16/2016 03:46:00 PM,2016
CR00007126,12/13/2023 01:52:00 AM,40,CLEAR,DARKNESS - LIGHTED ROAD,TURNING,NOT DIVIDED,NO CONTROLS,FAILING TO YIELD RIGHT-OF-WAY,DISREGARDING TRAFFIC SIGNALS,0,0,0,0,1,4,12,1771,STONY ISLAND AVE,41.911358,-87.827007,12/13/2023 02:11:00 AM,2023
CR00007127,05/12/2015 07:59:00 AM,25,RAIN,DAYLIGHT,SIDESWIPE SAME DIRECTION,NOT DIVIDED,UNKNOWN,DRIVING SKILLS/KNOWLEDGE/EXPERIENCE,IMPROPER LANE USAGE,0,0,0,0,7,3,5,1518,PULASKI RD,41.944255,-87.565836,05/12/2015 08:51:00 AM,2015
CR00007128,08/22/2015 11:17:00 AM,35,CLEAR,DAYLIGHT,REAR END,DIVIDED - W/MEDIAN (NOT RAISED),NO CONTROLS,UNABLE TO DETERMINE,UNABLE TO DETERMINE,0,0,0,0,11,7,8,701,63RD ST,41.982929,-87.713912,08/22/2015 12:25:00 PM,2015
CR00007129,04/16/2017 07:30:00 AM,30,CLEAR,DAYLIGHT,FIXED OBJECT,NOT DIVIDED,NO CONTROLS,DISTRACTION - FROM INSIDE VEHICLE,FAILING TO YIELD RIGHT-OF-WAY,0,0,0,0,7,1,4,1094,CICERO AVE,41.768111,-87.842072,04/16/2017 07:38:00 AM,2017
CR00007130,07/13/2024 04:59:00 AM,35,CLOUDY/OVERCAST,DAYLIGHT,TURNING,NOT DIVIDED,TRAFFIC SIGNAL,IMPROPER OVERTAKING/PASSING,NOT APPLICABLE,0,0,0,0,4,7,7,2384,HALSTED ST,41.872626,-87.683812,07/13/2024 06:31:00 AM,2024
CR00007131,03/09/2024 05:17:00 AM,35,CLEAR,DAYLIGHT,REAR END,DIVIDED - W/MEDIAN (NOT RAISED),NO CONTROLS,DISTRACTION - FROM INSIDE VEHICLE,FAILING TO YIELD RIGHT-OF-WAY,0,0,0,0,5,7,3,2234,DAMEN AVE,41.815507,-87.59268,03/09/2024 06:49:00 AM,2024
CR00007132,03/18/2016 04:40:00 PM,35,CLEAR,DARKNESS - LIGHTED ROAD,TURNING,FOUR WAY,NO CONTROLS,DISTRACTION - FROM INSIDE VEHICLE,UNABLE TO DETERMINE,0,0,0,0,16,6,3,1954,FULLERTON AVE,41.921144,-87.766555,03/18/2016 06:33:00 PM,2016
CR00007133,02/20/2021 10:34:00 PM,30,RAIN,DARKNESS - LIGHTED ROAD,REAR END,DIVIDED - W/MEDIAN (NOT RAISED),STOP SIGN/FLASHER,FAILING TO YIELD RIGHT-OF-WAY,DISTRACTION - FROM INSIDE VEHICLE,0,0,1,1,22,7,2,788,BROADWAY,41.965936,-87.506887,02/20/2021 11:49:00 PM,2021
CR00007134,12/12/2018 06:37:00 PM,30,RAIN,DAYLIGHT,REAR END,ONE-WAY,STOP SIGN/FLASHER,UNABLE TO DETERMINE,DISTRACTION - FROM INSIDE VEHICLE,0,0,0,0,18,4,12,992,47TH ST,41.736797,-87.638454,12/12/2018 07:27:00 PM,2018
CR00007135,01/24/2021 03:32:00 PM,30,CLEAR,DAYLIGHT,REAR END,DIVIDED - W/MEDIAN (NOT RAISED),NO CONTROLS,DRIVING SKILLS/KNOWLEDGE/EXPERIENCE,UNABLE TO DETERMINE,0,0,0,0,15,1,1,2214,BROADWAY,41.705343,-87.786125,01/24/2021 04:53:00 PM,2021
CR00007136,10/29/2021 07:29:00 AM,40,CLEAR,DAYLIGHT,ANGLE,DIVIDED - W/MEDIAN (NOT RAISED),NO CONTROLS,UNABLE TO DETERMINE,DISTRACTION - FROM INSIDE VEHICLE,0,0,0,0,7,6,10,1303,CLARK ST,41.738338,-87.844968,10/29/2021 09:06:00 AM,2021
CR00007137,10/08/2023 09:51:00 AM,15,CLEAR,DARKNESS - LIGHTED ROAD,ANGLE,NOT DIVIDED,NO CONTROLS,FAILING TO YIELD RIGHT-OF-WAY,UNABLE TO DETERMINE,0,0,0,0,9,1,10,1893,FULLERTON AVE,41.968431,-87.503545,10/08/2023 10:57:00 AM,2023
CR00007138,06/17/2017 02:53:00 AM,30,CLEAR,DARKNESS - LIGHTED ROAD,ANGLE,DIVIDED - W/MEDIAN (NOT RAISED),PEDESTRIAN CROSSING SIGN,UNABLE TO DETERMINE,UNABLE TO DETERMINE,0,0,0,0,2,7,6,1266,47TH ST,41.879059,-87.585524,06/17/2017 03:43:00 AM,2017
CR00007139,03/18/2019 07:10:00 AM,35,FREEZING RAIN/DRIZZLE,DAWN,REAR END,NOT DIVIDED,NO CONTROLS,UNABLE TO DETERMINE,NOT APPLICABLE,0,0,0,0,7,2,3,870,WESTERN AVE,41.82065,-87.755067,03/18/2019 08:19:00 AM,2019
CR00007140,07/18/2024 10:58:00 AM,35,RAIN,DAYLIGHT,TURNING,NOT DIVIDED,NO CONTROLS,IMPROPER LANE USAGE,FAILING TO YIELD RIGHT-OF-WAY,0,0,1,1,10,5,7,903,DAMEN AVE,41.920563,-87.759741,07/18/2024 12:06:00 PM,2024
CR00007141,04/11/2022 10:03:00 AM,25,CLEAR,DAYLIGHT,TURNING,FOUR WAY,UNKNOWN,UNABLE TO DETERMINE,UNABLE TO DETERMINE,0,0,0,0,10,2,4,1660,HALSTED ST,41.805595,-87.696325,04/11/2022 10:31:00 AM,2022
CR00007142,06/25/2019 08:36:00 AM,25,CLEAR,DARKNESS - LIGHTED ROAD,REAR END,NOT DIVIDED,NO CONTROLS,UNABLE TO DETERMINE,DRIVING SKILLS/KNOWLEDGE/EXPERIENCE,0,0,0,0,8,3,6,1535,STATE ST,41.930305,-87.6741,06/25/2019 10:34:00 AM,2019
CR00007143,12/27/2015 08:23:00 AM,40,CLEAR,DAYLIGHT,REAR END,NOT DIVIDED,UNKNOWN,IMPROPER LANE USAGE,UNABLE TO DETERMINE,0,0,3,3,8,1,12,2099,BROADWAY,41.87298,-87.67121,12/27/2015 08:26:00 AM,2015
CR00007144,10/06/2018 02:38:00 PM,20,RAIN,DARKNESS - LIGHTED ROAD,REAR TO FRONT,NOT DIVIDED,PEDESTRIAN CROSSING SIGN,UNABLE TO DETERMINE,UNABLE TO DETERMINE,0,0,0,0,14,7,10,1968,79TH ST,41.715458,-87.722575,10/06/2018 03:03:00 PM,2018
CR00007145,01/27/2015 04:31:00 PM,35,CLEAR,DARKNESS - LIGHTED ROAD,ANGLE,NOT DIVIDED,TRAFFIC SIGNAL,FAILING TO YIELD RIGHT-OF-WAY,IMPROPER OVERTAKING/PASSING,0,0,3,3,16,3,1,1382,PULASKI RD,41.799735,-87.746162,01/27/2015 06:21:00 PM,2015
CR00007146,09/29/2022 05:56:00 PM,45,CLEAR,DAYLIGHT,SIDESWIPE SAME DIRECTION,NOT DIVIDED,TRAFFIC SIGNAL,FOLLOWING TOO CLOSELY,UNABLE TO DETERMINE,0,0,0,0,17,5,9,2060,BROADWAY,41.759594,-87.761521,09/29/2022 05:58:00 PM,2022
CR00007147,09/24/2019 10:19:00 AM,25,CLEAR,DARKNESS - LIGHTED ROAD,PARKED MOTOR VEHICLE,NOT DIVIDED,YIELD,UNABLE TO DETERMINE,FAILING TO REDUCE SPEED,0,0,0,0,10,3,9,667,HALSTED ST,41.714674,-87.7179,09/24/2019 11:33:00 AM,2019
CR00007148,08/28/2016 02:56:00 AM,35,CLEAR,DARKNESS,ANGLE,DIVIDED - W/MEDIAN BARRIER,NO CONTROLS,UNABLE TO DETERMINE,IMPROPER LANE USAGE,0,0,0,0,2,1,8,369,OGDEN AVE,41.919893,-87.677161,08/28/2016 03:52:00 AM,2016
CR00007149,06/12/2018 12:48:00 PM,25,CLEAR,DUSK,TURNING,DIVIDED - W/MEDIAN BARRIER,UNKNOWN,UNABLE TO DETERMINE,DISREGARDING TRAFFIC SIGNALS,0,0,0,0,12,3,6,1269,ROOSEVELT RD,41.741502,-87.647495,06/12/2018 01:53:00 PM,2018
CR00007150,05/19/2015 07:52:00 PM,25,CLEAR,DAYLIGHT,ANGLE,DIVIDED - W/MEDIAN BARRIER,NO CONTROLS,UNABLE TO DETERMINE,FAILING TO YIELD RIGHT-OF-WAY,0,0,1,1,19,3,5,1953,ELSTON AVE,41.788744,-87.792075,05/19/2015 09:41:00 PM,2015
CR00007151,03/09/2024 05:22:00 PM,30,CLEAR,DAYLIGHT,REAR END,T-INTERSECTION,STOP SIGN/FLASHER,IMPROPER OVERTAKING/PASSING,FAILING TO REDUCE SPEED,0,0,0,0,17,7,3,1590,STATE ST,41.756572,-87.543648,03/09/2024 07:00:00 PM,2024
CR00007152,07/10/2016 08:37:00 AM,40,CLEAR,DAYLIGHT,TURNING,DIVIDED - W/MEDIAN BARRIER,NO CONTROLS,DRIVING SKILLS/KNOWLEDGE/EXPERIENCE,FOLLOWING TOO CLOSELY,0,0,0,0,8,1,7,1548,MICHIGAN AVE,41.74673,-87.846952,07/10/2016 08:51:00 AM,2016
CR00007153,05/24/2022 05:07:00 AM,20,SNOW,DARKNESS,SIDESWIPE SAME DIRECTION,ONE-WAY,UNKNOWN,UNABLE TO DETERMINE,FAILING TO REDUCE SPEED,0,0,0,0,5,3,5,872,DIVISION ST,41.858733,-87.835061,05/24/2022 06:24:00 AM,2022
CR00007154,10/23/2020 11:10:00 PM,40,CLEAR,DAYLIGHT,SIDESWIPE SAME DIRECTION,NOT DIVIDED,STOP SIGN/FLASHER,UNABLE TO DETERMINE,FAILING TO YIELD RIGHT-OF-WAY,0,0,0,0,23,6,10,2514,MICHIGAN AVE,41.955935,-87.823879,10/23/2020 11:11:00 PM,2020
CR00007155,12/01/2020 11:03:00 AM,30,SNOW,DAYLIGHT,REAR END,NOT DIVIDED,UNKNOWN,IMPROPER OVERTAKING/PASSING,UNABLE TO DETERMINE,0,0,1,1,11,3,12,1400,FULLERTON AVE,41.875439,-87.60647,12/01/2020 11:57:00 AM,2020
CR00007156,04/08/2020 07:16:00 PM,25,RAIN,DUSK,TURNING,FOUR WAY,NO CONTROLS,FOLLOWING TOO CLOSELY,NOT APPLICABLE,0,0,1,1,19,4,4,2286,BROADWAY,41.721274,-87.580116,04/08/2020 08:21:00 PM,2020
CR00007157,04/13/2023 06:16:00 PM,40,CLEAR,DAYLIGHT,FIXED OBJECT,T-INTERSECTION,NO CONTROLS,DISTRACTION - FROM INSIDE VEHICLE,UNABLE TO DETERMINE,0,0,0,0,18,5,4,135,ROOSEVELT RD,41.742801,-87.503588,04/13/2023 06:50:00 PM,2023
CR00007158,05/24/2018 03:28:00 PM,45,CLEAR,DAYLIGHT,FIXED OBJECT,DIVIDED - W/MEDIAN (NOT RAISED),STOP SIGN/FLASHER,FAILING TO YIELD RIGHT-OF-WAY,NOT APPLICABLE,0,0,0,0,15,5,5,652,ASHLAND AVE,41.834361,-87.616922,05/24/2018 04:52:00 PM,2018
CR00007159,09/04/2017 05:07:00 PM,40,CLEAR,DARKNESS - LIGHTED ROAD,ANGLE,ONE-WAY,TRAFFIC SIGNAL,FAILING TO YIELD RIGHT-OF-WAY,IMPROPER LANE USAGE,0,2,0,2,17,2,9,2227,ARCHER AVE,41.91748,-87.809038,09/04/2017 06:04:00 PM,2017
CR00007160,05/18/2018 04:31:00 AM,25,CLEAR,DAYLIGHT,REAR END,ONE-WAY,TRAFFIC SIGNAL,UNABLE TO DETERMINE,IMPROPER OVERTAKING/PASSING,0,0,0,0,4,6,5,1407,79TH ST,41.75333,-87.782156,05/18/2018 05:54:00 AM,2018
CR00007161,07/22/2018 01:20:00 PM,30,CLEAR,DAYLIGHT,REAR END,DIVIDED - W/MEDIAN BARRIER,NO CONTROLS,DISTRACTION - FROM INSIDE VEHICLE,DISTRACTION - FROM INSIDE VEHICLE,0,0,0,0,13,1,7,1832,ASHLAND AVE,41.761251,-87.523175,07/22/2018 02:40:00 PM,2018
CR00007162,05/26/2021 10:51:00 AM,15,FREEZING RAIN/DRIZZLE,DAYLIGHT,ANGLE,T-INTERSECTION,NO CONTROLS,IMPROPER OVERTAKING/PASSING,DISREGARDING TRAFFIC SIGNALS,0,0,0,0,10,4,5,100,ELSTON AVE,41.779022,-87.504049,05/26/2021 11:13:00 AM,2021
CR00007163,11/06/2018 10:52:00 AM,30,CLEAR,DARKNESS - LIGHTED ROAD,ANGLE,NOT DIVIDED,NO CONTROLS,UNABLE TO DETERMINE,UNABLE TO DETERMINE,0,0,0,0,10,3,11,1480,47TH ST,41.905845,-87.8048,11/06/2018 12:24:00 PM,2018
CR00007164,03/08/2015 02:40:00 PM,45,SNOW,DUSK,TURNING,FOUR WAY,TRAFFIC SIGNAL,IMPROPER LANE USAGE,IMPROPER OVERTAKING/PASSING,0,0,1,1,14,1,3,2343,BROADWAY,41.79265,-87.761848,03/08/2015 03:00:00 PM,2015
CR00007165,02/22/2022 07:08:00 AM,25,CLOUDY/OVERCAST,DAYLIGHT,PARKED MOTOR VEHICLE,NOT DIVIDED,TRAFFIC SIGNAL,FAILING TO YIELD RIGHT-OF-WAY,UNABLE TO DETERMINE,0,0,0,0,7,3,2,1226,BROADWAY,41.821654,-87.830557,02/22/2022 07:41:00 AM,2022
CR00007166,01/02/2023 07:31:00 PM,35,CLEAR,DAYLIGHT,SIDESWIPE SAME DIRECTION,NOT DIVIDED,TRAFFIC SIGNAL,DISTRACTION - FROM INSIDE VEHICLE,UNABLE TO DETERMINE,0,0,0,0,19,2,1,572,ASHLAND AVE,41.723428,-87.712444,01/02/2023 09:20:00 PM,2023