CRASH_RECORD_ID,CRASH_DATE,POSTED_SPEED_LIMIT,WEATHER_CONDITION,LIGHTING_CONDITION,FIRST_CRASH_TYPE,TRAFFICWAY_TYPE,TRAFFIC_CONTROL_DEVICE,PRIM_CONTRIBUTORY_CAUSE,SEC_CONTRIBUTORY_CAUSE,INJURIES_FATAL,INJURIES_INCAPACITATING,INJURIES_NON_INCAPACITATING,INJURIES_TOTAL,CRASH_HOUR,CRASH_DAY_OF_WEEK,CRASH_MONTH,BEAT_OF_OCCURRENCE,STREET_NAME,LATITUDE,LONGITUDE,DATE_POLICE_NOTIFIED,year
CR00007167,10/09/2019 07:44:00 AM,20,CLEAR,DUSK,FIXED OBJECT,ONE-WAY,TRAFFIC SIGNAL,UNABLE TO DETERMINE,FAILING TO REDUCE SPEED,0,0,0,0,7,4,10,1914,DAMEN AVE,41.924932,-87.566099,10/09/2019 08:06:00 AM,2019
CR00007168,06/14/2015 12:58:00 AM,30,FREEZING RAIN/DRIZZLE,DARKNESS - LIGHTED ROAD,REAR END,DIVIDED - W/MEDIAN (NOT RAISED),STOP SIGN/FLASHER,FAILING TO YIELD RIGHT-OF-WAY,FAILING TO REDUCE SPEED,0,0,0,0,0,1,6,1766,BROADWAY,41.789715,-87.604702,06/14/2015 02:31:00 AM,2015
CR00007169,06/10/2019 08:08:00 PM,30,RAIN,DARKNESS - LIGHTED ROAD,FIXED OBJECT,NOT DIVIDED,STOP SIGN/FLASHER,IMPROPER OVERTAKING/PASSING,NOT APPLICABLE,0,0,0,0,20,2,6,585,PULASKI RD,41.709442,-87.527381,06/10/2019 08:52:00 PM,2019
CR00007170,04/28/2017 11:40:00 AM,35,RAIN,DARKNESS - LIGHTED ROAD,ANGLE,NOT DIVIDED,NO CONTROLS,UNABLE TO DETERMINE,IMPROPER OVERTAKING/PASSING,0,0,0,0,11,6,4,1368,WESTERN AVE,41.781553,-87.777084,04/28/2017 12:44:00 PM,2017
CR00007171,10/30/2017 03:05:00 PM,30,CLEAR,DARKNESS - LIGHTED ROAD,ANGLE,NOT DIVIDED,NO CONTROLS,UNABLE TO DETERMINE,UNABLE TO DETERMINE,0,0,1,1,15,2,10,247,ELSTON AVE,41.908638,-87.763357,10/30/2017 04:50:00 PM,2017
CR00007172,03/18/2015 06:16:00 PM,40,CLEAR,DARKNESS - LIGHTED ROAD,TURNING,DIVIDED - W/MEDIAN (NOT RAISED),TRAFFIC SIGNAL,IMPROPER OVERTAKING/PASSING,WEATHER,0,0,3,3,18,4,3,905,KEDZIE AVE,41.884725,-87.831906,03/18/2015 07:31:00 PM,2015
CR00007173,05/13/2023 09:41:00 AM,35,CLEAR,DARKNESS,REAR END,NOT DIVIDED,TRAFFIC SIGNAL,DISREGARDING TRAFFIC SIGNALS,NOT APPLICABLE,0,0,1,1,9,7,5,1847,DIVISION ST,41.923587,-87.681095,05/13/2023 11:21:00 AM,2023
CR00007174,08/13/2017 10:35:00 PM,30,CLEAR,DARKNESS - LIGHTED ROAD,TURNING,DIVIDED - W/MEDIAN (NOT RAISED),NO CONTROLS,UNABLE TO DETERMINE,FAILING TO YIELD RIGHT-OF-WAY,0,0,0,0,22,1,8,756,CLARK ST,41.704882,-87.847474,08/14/2017 12:20:00 AM,2017
CR00007175,11/03/2023 06:21:00 PM,20,CLEAR,DAYLIGHT,REAR END,NOT DIVIDED,NO CONTROLS,UNABLE TO DETERMINE,DRIVING SKILLS/KNOWLEDGE/EXPERIENCE,0,0,0,0,18,6,11,2201,WESTERN AVE,41.735102,-87.752438,11/03/2023 07:10:00 PM,2023
CR00007176,01/13/2016 10:15:00 AM,30,RAIN,DARKNESS - LIGHTED ROAD,REAR END,DIVIDED - W/MEDIAN (NOT RAISED),TRAFFIC SIGNAL,IMPROPER OVERTAKING/PASSING,NOT APPLICABLE,0,0,0,0,10,4,1,725,STONY ISLAND AVE,41.860354,-87.789326,01/13/2016 11:01:00 AM,2016
CR00007177,05/08/2018 08:14:00 AM,30,RAIN,DAYLIGHT,REAR END,NOT DIVIDED,NO CONTROLS,UNABLE TO DETERMINE,NOT APPLICABLE,0,0,0,0,8,3,5,452,STONY ISLAND AVE,41.818785,-87.739495,05/08/2018 10:05:00 AM,2018
CR00007178,05/27/2023 11:04:00 AM,35,RAIN,DAYLIGHT,REAR END,NOT DIVIDED,NO CONTROLS,UNABLE TO DETERMINE,UNABLE TO DETERMINE,0,0,0,0,11,7,5,1238,79TH ST,41.765893,-87.683679,05/27/2023 11:07:00 AM,2023
CR00007179,11/09/2016 02:36:00 PM,25,CLEAR,DAYLIGHT,ANGLE,NOT DIVIDED,TRAFFIC SIGNAL,UNABLE TO DETERMINE,WEATHER,0,0,0,0,14,4,11,1226,LAKE SHORE DR,41.729023,-87.712017,11/09/2016 04:09:00 PM,2016
CR00007180,09/16/2023 06:47:00 PM,20,CLEAR,DAYLIGHT,SIDESWIPE SAME DIRECTION,DIVIDED - W/MEDIAN (NOT RAISED),TRAFFIC SIGNAL,DRIVING SKILLS/KNOWLEDGE/EXPERIENCE,UNABLE TO DETERMINE,0,0,0,0,18,7,9,2153,WESTERN AVE,41.940499,-87.741675,09/16/2023 08:22:00 PM,2023
CR00007181,01/10/2023 06:53:00 PM,35,CLEAR,DARKNESS - LIGHTED ROAD,REAR END,NOT DIVIDED,NO CONTROLS,UNABLE TO DETERMINE,UNABLE TO DETERMINE,0,1,1,2,18,3,1,2003,ELSTON AVE,41.85876,-87.574612,01/10/2023 07:04:00 PM,2023
CR00007182,10/23/2017 05:50:00 PM,30,CLEAR,DAYLIGHT,REAR TO FRONT,ONE-WAY,TRAFFIC SIGNAL,FOLLOWING TOO CLOSELY,FAILING TO YIELD RIGHT-OF-WAY,0,0,0,0,17,2,10,1038,ARCHER AVE,41.724303,-87.798681,10/23/2017 06:15:00 PM,2017
CR00007183,11/18/2018 01:45:00 AM,35,CLEAR,DAYLIGHT,SIDESWIPE SAME DIRECTION,NOT DIVIDED,NO CONTROLS,UNABLE TO DETERMINE,UNABLE TO DETERMINE,0,2,1,3,1,1,11,200,MILWAUKEE AVE,41.739838,-87.590687,11/18/2018 02:20:00 AM,2018
CR00007184,05/19/2016 10:16:00 AM,40,RAIN,DAYLIGHT,TURNING,NOT DIVIDED,NO CONTROLS,UNABLE TO DETERMINE,UNABLE TO DETERMINE,0,0,3,3,10,5,5,1947,IRVING PARK RD,41.783507,-87.68729,05/19/2016 11:20:00 AM,2016
CR00007185,06/03/2017 04:30:00 PM,35,CLEAR,DARKNESS - LIGHTED ROAD,ANGLE,DIVIDED - W/MEDIAN (NOT RAISED),YIELD,UNABLE TO DETERMINE,FAILING TO YIELD RIGHT-OF-WAY,0,0,0,0,16,7,6,572,OGDEN AVE,41.823594,-87.734739,06/03/2017 04:46:00 PM,2017
CR00007186,01/01/2015 09:39:00 PM,15,CLEAR,DAYLIGHT,REAR TO FRONT,DIVIDED - W/MEDIAN (NOT RAISED),NO CONTROLS,IMPROPER LANE USAGE,IMPROPER OVERTAKING/PASSING,0,0,1,1,21,5,1,1330,CICERO AVE,41.982706,-87.616527,01/01/2015 11:34:00 PM,2015
CR00007187,10/19/2016 03:49:00 PM,30,CLEAR,DAYLIGHT,REAR END,NOT DIVIDED,UNKNOWN,UNABLE TO DETERMINE,UNABLE TO DETERMINE,0,0,0,0,15,4,10,2499,79TH ST,41.745526,-87.784951,10/19/2016 04:14:00 PM,2016
CR00007188,03/01/2020 05:03:00 PM,25,FOG/SMOKE/HAZE,DAYLIGHT,SIDESWIPE SAME DIRECTION,NOT DIVIDED,NO CONTROLS,UNABLE TO DETERMINE,NOT APPLICABLE,0,0,0,0,17,1,3,891,CALIFORNIA AVE,41.912407,-87.71485,03/01/2020 06:40:00 PM,2020
CR00007189,10/31/2017 06:14:00 PM,25,CLEAR,DARKNESS - LIGHTED ROAD,ANGLE,NOT DIVIDED,TRAFFIC SIGNAL,UNABLE TO DETERMINE,UNABLE TO DETERMINE,0,0,0,0,18,3,10,1680,DAMEN AVE,41.824561,-87.563381,10/31/2017 08:00:00 PM,2017
CR00007190,08/10/2016 05:17:00 PM,30,CLEAR,DAYLIGHT,TURNING,ONE-WAY,NO CONTROLS,FOLLOWING TOO CLOSELY,DISREGARDING TRAFFIC SIGNALS,0,0,0,0,17,4,8,1843,STONY ISLAND AVE,41.871651,-87.628327,08/10/2016 07:10:00 PM,2016
CR00007191,05/23/2022 05:02:00 PM,35,CLEAR,DARKNESS - LIGHTED ROAD,ANGLE,ONE-WAY,TRAFFIC SIGNAL,UNABLE TO DETERMINE,FOLLOWING TOO CLOSELY,0,0,0,0,17,2,5,1056,47TH ST,41.940314,-87.796394,05/23/2022 05:59:00 PM,2022
CR00007192,06/18/2019 11:15:00 AM,15,CLEAR,DAYLIGHT,ANGLE,ONE-WAY,NO CONTROLS,DISREGARDING TRAFFIC SIGNALS,UNABLE TO DETERMINE,0,0,0,0,11,3,6,1199,IRVING PARK RD,41.759516,-87.687938,06/18/2019 12:16:00 PM,2019
CR00007193,03/31/2018 02:55:00 PM,30,CLEAR,DUSK,ANGLE,ONE-WAY,NO CONTROLS,UNABLE TO DETERMINE,DRIVING SKILLS/KNOWLEDGE/EXPERIENCE,0,0,0,0,14,7,3,1305,ARCHER AVE,41.80241,-87.605137,03/31/2018 04:05:00 PM,2018
CR00007194,07/08/2019 06:44:00 AM,35,RAIN,DAYLIGHT,PARKED MOTOR VEHICLE,ONE-WAY,TRAFFIC SIGNAL,UNABLE TO DETERMINE,FAILING TO YIELD RIGHT-OF-WAY,0,0,0,0,6,2,7,1844,63RD ST,41.736243,-87.842448,07/08/2019 07:27:00 AM,2019
CR00007195,05/08/2016 03:03:00 PM,30,CLEAR,DAYLIGHT,REAR END,NOT DIVIDED,STOP SIGN/FLASHER,FAILING TO YIELD RIGHT-OF-WAY,FAILING TO YIELD RIGHT-OF-WAY,0,0,0,0,15,1,5,741,STONY ISLAND AVE,41.767203,-87.702947,05/08/2016 04:47:00 PM,2016
CR00007196,09/02/2023 05:28:00 PM,30,CLEAR,DAWN,FIXED OBJECT,FOUR WAY,NO CONTROLS,DRIVING SKILLS/KNOWLEDGE/EXPERIENCE,UNABLE TO DETERMINE,0,0,0,0,17,7,9,2144,CICERO AVE,41.867363,-87.688485,09/02/2023 06:09:00 PM,2023
CR00007197,07/10/2023 08:51:00 PM,30,CLEAR,DARKNESS - LIGHTED ROAD,TURNING,NOT DIVIDED,TRAFFIC SIGNAL,FAILING TO YIELD RIGHT-OF-WAY,UNABLE TO DETERMINE,0,0,0,0,20,2,7,554,OGDEN AVE,41.814133,-87.554325,07/10/2023 09:00:00 PM,2023
CR00007198,12/16/2017 04:35:00 PM,35,CLEAR,DARKNESS - LIGHTED ROAD,REAR END,ONE-WAY,TRAFFIC SIGNAL,FOLLOWING TOO CLOSELY,FAILING TO REDUCE SPEED,0,0,0,0,16,7,12,993,CLARK ST,41.736566,-87.745776,12/16/2017 06:20:00 PM,2017
CR00007199,05/06/2017 08:30:00 AM,45,CLOUDY/OVERCAST,DAYLIGHT,REAR TO FRONT,DIVIDED - W/MEDIAN (NOT RAISED),TRAFFIC SIGNAL,WEATHER,UNABLE TO DETERMINE,0,0,0,0,8,7,5,208,FULLERTON AVE,41.842468,-87.576939,05/06/2017 09:56:00 AM,2017
CR00007200,02/23/2019 07:40:00 AM,15,CLOUDY/OVERCAST,DAYLIGHT,TURNING,NOT DIVIDED,NO CONTROLS,IMPROPER OVERTAKING/PASSING,FOLLOWING TOO CLOSELY,0,0,0,0,7,7,2,1072,ELSTON AVE,41.730645,-87.765814,02/23/2019 07:41:00 AM,2019
CR00007201,09/11/2024 07:35:00 AM,40,CLEAR,DAYLIGHT,TURNING,DIVIDED - W/MEDIAN (NOT RAISED),TRAFFIC SIGNAL,UNABLE TO DETERMINE,NOT APPLICABLE,0,0,0,0,7,4,9,1369,ASHLAND AVE,41.741275,-87.650822,09/11/2024 08:36:00 AM,2024
CR00007202,08/29/2023 11:35:00 AM,30,CLEAR,DAYLIGHT,TURNING,NOT DIVIDED,PEDESTRIAN CROSSING SIGN,FAILING TO YIELD RIGHT-OF-WAY,IMPROPER OVERTAKING/PASSING,0,0,0,0,11,3,8,833,STATE ST,41.893729,-87.573728,08/29/2023 11:39:00 AM,2023
CR00007203,12/12/2022 09:38:00 AM,45,CLEAR,DAYLIGHT,TURNING,ONE-WAY,UNKNOWN,FOLLOWING TOO CLOSELY,NOT APPLICABLE,0,0,1,1,9,2,12,281,OGDEN AVE,41.726079,-87.803018,12/12/2022 10:21:00 AM,2022
CR00007204,10/02/2022 04:18:00 PM,30,CLEAR,DARKNESS - LIGHTED ROAD,REAR TO FRONT,DIVIDED - W/MEDIAN BARRIER,TRAFFIC SIGNAL,IMPROPER LANE USAGE,IMPROPER OVERTAKING/PASSING,0,0,1,1,16,1,10,2212,HALSTED ST,41.999407,-87.757353,10/02/2022 06:03:00 PM,2022
CR00007205,09/19/2019 03:55:00 PM,30,CLEAR,DARKNESS,SIDESWIPE SAME DIRECTION,NOT DIVIDED,STOP SIGN/FLASHER,UNABLE TO DETERMINE,FAILING TO REDUCE SPEED,0,0,0,0,15,5,9,1911,ASHLAND AVE,41.78872,-87.527913,09/19/2019 05:02:00 PM,2019
CR00007206,01/10/2018 03:11:00 PM,30,RAIN,DAYLIGHT,SIDESWIPE SAME DIRECTION,FOUR WAY,STOP SIGN/FLASHER,DISREGARDING TRAFFIC SIGNALS,DRIVING SKILLS/KNOWLEDGE/EXPERIENCE,0,0,0,0,15,4,1,1094,MILWAUKEE AVE,41.995957,-87.580068,01/10/2018 04:31:00 PM,2018
CR00007207,04/06/2017 08:26:00 AM,15,CLEAR,DAYLIGHT,PEDESTRIAN,DIVIDED - W/MEDIAN BARRIER,TRAFFIC SIGNAL,DISTRACTION - FROM INSIDE VEHICLE,FAILING TO REDUCE SPEED,0,0,0,0,8,5,4,986,IRVING PARK RD,41.886476,-87.678548,04/06/2017 09:08:00 AM,2017
CR00007208,11/04/2024 08:45:00 AM,40,CLEAR,DAYLIGHT,ANGLE,T-INTERSECTION,UNKNOWN,FAILING TO YIELD RIGHT-OF-WAY,UNABLE TO DETERMINE,0,0,1,1,8,2,11,918,FULLERTON AVE,41.986196,-87.599511,11/04/2024 10:21:00 AM,2024
CR00007209,11/12/2015 08:39:00 AM,20,SNOW,DAYLIGHT,TURNING,DIVIDED - W/MEDIAN (NOT RAISED),NO CONTROLS,IMPROPER OVERTAKING/PASSING,DISTRACTION - FROM INSIDE VEHICLE,0,0,0,0,8,5,11,142,CICERO AVE,41.832904,-87.765048,11/12/2015 10:06:00 AM,2015
CR00007210,11/25/2019 10:20:00 AM,25,RAIN,DUSK,PARKED MOTOR VEHICLE,NOT DIVIDED,NO CONTROLS,UNABLE TO DETERMINE,UNABLE TO DETERMINE,0,0,0,0,10,2,11,1300,47TH ST,41.961026,-87.681054,11/25/2019 11:05:00 AM,2019
CR00007211,05/20/2023 08:46:00 AM,45,CLEAR,DAYLIGHT,TURNING,NOT DIVIDED,NO CONTROLS,FOLLOWING TOO CLOSELY,UNABLE TO DETERMINE,0,0,0,0,8,7,5,541,CALIFORNIA AVE,41.789378,-87.715344,05/20/2023 09:31:00 AM,2023
CR00007212,01/26/2020 10:44:00 PM,45,RAIN,DUSK,SIDESWIPE SAME DIRECTION,DIVIDED - W/MEDIAN BARRIER,NO CONTROLS,WEATHER,UNABLE TO DETERMINE,0,0,1,1,22,1,1,1388,HALSTED ST,41.964263,-87.84814,01/26/2020 11:24:00 PM,2020
CR00007213,10/25/2021 04:10:00 PM,20,CLEAR,DUSK,ANGLE,DIVIDED - W/MEDIAN (NOT RAISED),TRAFFIC SIGNAL,UNABLE TO DETERMINE,FOLLOWING TOO CLOSELY,0,0,0,0,16,2,10,219,63RD ST,41.791997,-87.655098,10/25/2021 04:43:00 PM,2021
CR00007214,06/14/2017 01:21:00 AM,40,SNOW,DARKNESS - LIGHTED ROAD,ANGLE,DIVIDED - W/MEDIAN (NOT RAISED),NO CONTROLS,DISTRACTION - FROM INSIDE VEHICLE,NOT APPLICABLE,0,0,0,0,1,4,6,1909,DAMEN AVE,41.895008,-87.700444,06/14/2017 03:14:00 AM,2017
CR00007215,08/10/2020 11:57:00 AM,40,CLEAR,DAYLIGHT,REAR END,DIVIDED - W/MEDIAN (NOT RAISED),NO CONTROLS,UNABLE TO DETERMINE,NOT APPLICABLE,0,0,0,0,11,2,8,556,79TH ST,41.772347,-87.597321,08/10/2020 01:13:00 PM,2020
CR00007216,10/04/2016 05:35:00 PM,40,CLEAR,DAWN,FIXED OBJECT,NOT DIVIDED,NO CONTROLS,FAILING TO YIELD RIGHT-OF-WAY,IMPROPER LANE USAGE,0,0,0,0,17,3,10,934,CALIFORNIA AVE,41.872048,-87.657539,10/04/2016 06:06:00 PM,2016
CR00007217,08/23/2019 07:39:00 PM,30,CLEAR,DUSK,ANGLE,DIVIDED - W/MEDIAN (NOT RAISED),STOP SIGN/FLASHER,FOLLOWING TOO CLOSELY,IMPROPER LANE USAGE,0,0,0,0,19,6,8,996,ASHLAND AVE,41.851541,-87.768837,08/23/2019 08:53:00 PM,2019
CR00007218,04/03/2024 04:31:00 PM,20,CLEAR,DAYLIGHT,PARKED MOTOR VEHICLE,FOUR WAY,TRAFFIC SIGNAL,UNABLE TO DETERMINE,UNABLE TO DETERMINE,0,0,0,0,16,4,4,712,ELSTON AVE,41.77434,-87.796298,04/03/2024 06:13:00 PM,2024
CR00007219,09/18/2017 01:19:00 AM,25,CLEAR,DARKNESS - LIGHTED ROAD,TURNING,NOT DIVIDED,TRAFFIC SIGNAL,DISTRACTION - FROM INSIDE VEHICLE,DRIVING SKILLS/KNOWLEDGE/EXPERIENCE,0,0,0,0,1,2,9,1115,OGDEN AVE,41.825957,-87.689186,09/18/2017 02:27:00 AM,2017
CR00007220,02/10/2022 07:06:00 PM,25,CLEAR,DARKNESS - LIGHTED ROAD,SIDESWIPE SAME DIRECTION,FOUR WAY,NO CONTROLS,DISTRACTION - FROM INSIDE VEHICLE,DISREGARDING TRAFFIC SIGNALS,0,0,0,0,19,5,2,746,CICERO AVE,41.789442,-87.529011,02/10/2022 07:58:00 PM,2022
CR00007221,04/04/2019 09:45:00 AM,45,CLEAR,DAYLIGHT,FIXED OBJECT,NOT DIVIDED,STOP SIGN/FLASHER,DRIVING SKILLS/KNOWLEDGE/EXPERIENCE,FAILING TO YIELD RIGHT-OF-WAY,0,0,0,0,9,5,4,616,CLARK ST,41.827307,-87.623647,04/04/2019 09:58:00 AM,2019
CR00007222,12/20/2020 07:39:00 AM,30,CLEAR,DAYLIGHT,REAR END,DIVIDED - W/MEDIAN BARRIER,TRAFFIC SIGNAL,WEATHER,UNABLE TO DETERMINE,0,0,0,0,7,1,12,417,MILWAUKEE AVE,41.755121,-87.558461,12/20/2020 09:26:00 AM,2020
CR00007223,06/10/2016 08:57:00 AM,40,CLEAR,DARKNESS - LIGHTED ROAD,REAR END,NOT DIVIDED,NO CONTROLS,FAILING TO YIELD RIGHT-OF-WAY,FAILING TO REDUCE SPEED,0,0,0,0,8,6,6,1252,IRVING PARK RD,41.917931,-87.668386,06/10/2016 09:34:00 AM,2016
CR00007224,02/20/2015 11:32:00 AM,15,CLEAR,DAYLIGHT,PEDESTRIAN,ONE-WAY,STOP SIGN/FLASHER,FAILING TO YIELD RIGHT-OF-WAY,FAILING TO REDUCE SPEED,0,0,0,0,11,6,2,2502,PULASKI RD,41.902121,-87.634601,02/20/2015 12:08:00 PM,2015
CR00007225,11/27/2018 01:51:00 PM,30,CLEAR,DAYLIGHT,TURNING,NOT DIVIDED,TRAFFIC SIGNAL,FOLLOWING TOO CLOSELY,FOLLOWING TOO CLOSELY,0,0,0,0,13,3,11,1698,PULASKI RD,41.704852,-87.83916,11/27/2018 02:31:00 PM,2018
CR00007226,07/11/2019 03:38:00 PM,30,CLEAR,DARKNESS,TURNING,ONE-WAY,NO CONTROLS,IMPROPER LANE USAGE,FAILING TO YIELD RIGHT-OF-WAY,0,0,0,0,15,5,7,1782,MICHIGAN AVE,41.850919,-87.672102,07/11/2019 04:08:00 PM,2019
CR00007227,01/01/2015 04:20:00 PM,30,CLEAR,DAYLIGHT,FIXED OBJECT,NOT DIVIDED,UNKNOWN,IMPROPER OVERTAKING/PASSING,DRIVING SKILLS/KNOWLEDGE/EXPERIENCE,0,0,0,0,16,5,1,2477,ASHLAND AVE,41.953119,-87.723357,01/01/2015 04:27:00 PM,2015
CR00007228,07/23/2017 08:39:00 AM,35,RAIN,DAYLIGHT,REAR END,NOT DIVIDED,TRAFFIC SIGNAL,UNABLE TO DETERMINE,FAILING TO YIELD RIGHT-OF-WAY,0,0,0,0,8,1,7,2297,KEDZIE AVE,41.843704,-87.697579,07/23/2017 09:46:00 AM,2017
CR00007229,02/07/2019 03:44:00 PM,35,CLEAR,DARKNESS - LIGHTED ROAD,PARKED MOTOR VEHICLE,ONE-WAY,UNKNOWN,FAILING TO YIELD RIGHT-OF-WAY,NOT APPLICABLE,0,0,0,0,15,5,2,1130,79TH ST,41.81539,-87.782246,02/07/2019 03:58:00 PM,2019
CR00007230,07/29/2015 12:54:00 PM,15,CLEAR,DAYLIGHT,REAR END,T-INTERSECTION,STOP SIGN/FLASHER,FAILING TO REDUCE SPEED,FOLLOWING TOO CLOSELY,0,0,1,1,12,4,7,686,PULASKI RD,41.907646,-87.821045,07/29/2015 01:09:00 PM,2015
CR00007231,07/13/2019 03:20:00 AM,20,CLOUDY/OVERCAST,DAYLIGHT,REAR END,DIVIDED - W/MEDIAN BARRIER,NO CONTROLS,DRIVING SKILLS/KNOWLEDGE/EXPERIENCE,NOT APPLICABLE,0,0,0,0,3,7,7,2315,MILWAUKEE AVE,41.880019,-87.755243,07/13/2019 04:51:00 AM,2019
CR00007232,12/25/2015 09:21:00 AM,35,CLEAR,DAYLIGHT,TURNING,NOT DIVIDED,YIELD,UNABLE TO DETERMINE,DRIVING SKILLS/KNOWLEDGE/EXPERIENCE,0,0,2,2,9,6,12,2309,STONY ISLAND AVE,41.713609,-87.702783,12/25/2015 09:26:00 AM,2015
CR00007233,04/01/2022 09:56:00 AM,20,CLEAR,DAYLIGHT,PEDESTRIAN,NOT DIVIDED,NO CONTROLS,UNABLE TO DETERMINE,UNABLE TO DETERMINE,0,0,0,0,9,6,4,1741,79TH ST,41.708414,-87.738568,04/01/2022 11:49:00 AM,2022
CR00007234,04/08/2016 04:16:00 PM,35,FOG/SMOKE/HAZE,DARKNESS,REAR END,NOT DIVIDED,STOP SIGN/FLASHER,FOLLOWING TOO CLOSELY,FAILING TO REDUCE SPEED,0,0,0,0,16,6,4,857,ASHLAND AVE,41.731868,-87.528447,04/08/2016 04:46:00 PM,2016
CR00007235,03/28/2018 11:01:00 PM,25,SNOW,DUSK,ANGLE,NOT DIVIDED,UNKNOWN,FOLLOWING TOO CLOSELY,DRIVING SKILLS/KNOWLEDGE/EXPERIENCE,0,0,0,0,23,4,3,1822,KEDZIE AVE,41.878277,-87.827589,03/28/2018 11:09:00 PM,2018
CR00007236,09/16/2022 06:23:00 PM,35,CLOUDY/OVERCAST,DAYLIGHT,SIDESWIPE SAME DIRECTION,NOT DIVIDED,STOP SIGN/FLASHER,IMPROPER OVERTAKING/PASSING,NOT APPLICABLE,0,0,0,0,18,6,9,835,DIVISION ST,41.83249,-87.61194,09/16/2022 08:03:00 PM,2022
CR00007237,12/12/2022 11:58:00 AM,30,CLOUDY/OVERCAST,DAYLIGHT,REAR END,T-INTERSECTION,NO CONTROLS,DISREGARDING TRAFFIC SIGNALS,UNABLE TO DETERMINE,0,0,0,0,11,2,12,1720,FULLERTON AVE,41.914513,-87.792097,12/12/2022 01:57:00 PM,2022
CR00007238,03/07/2024 02:45:00 PM,40,CLEAR,DAYLIGHT,SIDESWIPE SAME DIRECTION,NOT DIVIDED,TRAFFIC SIGNAL,FAILING TO YIELD RIGHT-OF-WAY,WEATHER,0,1,1,2,14,5,3,1452,STONY ISLAND AVE,41.701061,-87.58859,03/07/2024 04:08:00 PM,2024
CR00007239,07/27/2019 03:18:00 PM,15,CLEAR,DAYLIGHT,PARKED MOTOR VEHICLE,NOT DIVIDED,NO CONTROLS,DISTRACTION - FROM INSIDE VEHICLE,UNABLE TO DETERMINE,0,0,0,0,15,7,7,1576,ELSTON AVE,41.92352,-87.699595,07/27/2019 04:51:00 PM,2019
CR00007240,06/22/2023 10:59:00 AM,45,CLEAR,DAYLIGHT,REAR TO FRONT,DIVIDED - W/MEDIAN (NOT RAISED),TRAFFIC SIGNAL,FOLLOWING TOO CLOSELY,FAILING TO YIELD RIGHT-OF-WAY,0,0,0,0,10,5,6,1723,BROADWAY,41.727731,-87.705746,06/22/2023 12:36:00 PM,2023
CR00007241,09/07/2017 08:02:00 AM,30,CLEAR,DAYLIGHT,REAR END,NOT DIVIDED,TRAFFIC SIGNAL,IMPROPER OVERTAKING/PASSING,FAILING TO YIELD RIGHT-OF-WAY,0,0,0,0,8,5,9,2152,CALIFORNIA AVE,41.865819,-87.792652,09/07/2017 08:45:00 AM,2017
CR00007242,07/08/2018 07:47:00 AM,30,CLEAR,DAYLIGHT,FIXED OBJECT,DIVIDED - W/MEDIAN (NOT RAISED),NO CONTROLS,FOLLOWING TOO CLOSELY,FAILING TO REDUCE SPEED,0,0,0,0,7,1,7,391,PULASKI RD,41.933293,-87.741523,07/08/2018 08:38:00 AM,2018
CR00007243,01/05/2018 04:59:00 PM,35,CLEAR,DAYLIGHT,SIDESWIPE SAME DIRECTION,ONE-WAY,STOP SIGN/FLASHER,DISTRACTION - FROM INSIDE VEHICLE,IMPROPER OVERTAKING/PASSING,0,1,1,2,16,6,1,917,79TH ST,41.804299,-87.69855,01/05/2018 05:51:00 PM,2018
CR00007244,01/23/2015 06:11:00 AM,45,CLEAR,DARKNESS - LIGHTED ROAD,TURNING,DIVIDED - W/MEDIAN (NOT RAISED),NO CONTROLS,FAILING TO YIELD RIGHT-OF-WAY,IMPROPER LANE USAGE,0,0,0,0,6,6,1,2047,DIVISION ST,41.719094,-87.60176,01/23/2015 07:38:00 AM,2015
CR00007245,11/04/2018 12:13:00 PM,35,SNOW,DAYLIGHT,REAR END,T-INTERSECTION,STOP SIGN/FLASHER,IMPROPER OVERTAKING/PASSING,FAILING TO YIELD RIGHT-OF-WAY,0,0,0,0,12,1,11,1524,ROOSEVELT RD,41.930109,-87.706633,11/04/2018 01:27:00 PM,2018
CR00007246,07/20/2024 03:33:00 PM,25,CLEAR,DAYLIGHT,PARKED MOTOR VEHICLE,DIVIDED - W/MEDIAN BARRIER,NO CONTROLS,UNABLE TO DETERMINE,UNABLE TO DETERMINE,0,0,0,0,15,7,7,2230,FULLERTON AVE,41.707992,-87.658226,07/20/2024 05:06:00 PM,2024
CR00007247,08/07/2020 03:11:00 PM,30,CLEAR,DAYLIGHT,ANGLE,NOT DIVIDED,NO CONTROLS,FAILING TO YIELD RIGHT-OF-WAY,FAILING TO REDUCE SPEED,0,0,0,0,15,6,8,389,ARCHER AVE,41.99837,-87.832374,08/07/2020 04:25:00 PM,2020
CR00007248,06/02/2020 06:12:00 PM,40,CLEAR,DAWN,TURNING,NOT DIVIDED,NO CONTROLS,FAILING TO YIELD RIGHT-OF-WAY,NOT APPLICABLE,0,0,3,3,18,3,6,1401,ASHLAND AVE,41.925895,-87.835545,06/02/2020 06:31:00 PM,2020
CR00007249,03/21/2016 01:32:00 PM,20,CLEAR,DARKNESS - LIGHTED ROAD,TURNING,DIVIDED - W/MEDIAN (NOT RAISED),YIELD,DISTRACTION - FROM INSIDE VEHICLE,IMPROPER LANE USAGE,0,0,0,0,13,2,3,703,DAMEN AVE,41.990957,-87.77271,03/21/2016 02:06:00 PM,2016