CRASH_RECORD_ID,CRASH_DATE,POSTED_SPEED_LIMIT,WEATHER_CONDITION,LIGHTING_CONDITION,FIRST_CRASH_TYPE,TRAFFICWAY_TYPE,TRAFFIC_CONTROL_DEVICE,PRIM_CONTRIBUTORY_CAUSE,SEC_CONTRIBUTORY_CAUSE,INJURIES_FATAL,INJURIES_INCAPACITATING,INJURIES_NON_INCAPACITATING,INJURIES_TOTAL,CRASH_HOUR,CRASH_DAY_OF_WEEK,CRASH_MONTH,BEAT_OF_OCCURRENCE,STREET_NAME,LATITUDE,LONGITUDE,DATE_POLICE_NOTIFIED,year
CR00007250,05/18/2016 05:46:00 PM,35,RAIN,DARKNESS - LIGHTED ROAD,REAR END,FOUR WAY,NO CONTROLS,DISTRACTION - FROM INSIDE VEHICLE,FAILING TO YIELD RIGHT-OF-WAY,0,0,0,0,17,4,5,885,MICHIGAN AVE,41.778842,-87.828969,05/18/2016 05:52:00 PM,2016
CR00007251,01/26/2016 11:42:00 AM,35,CLEAR,DAYLIGHT,REAR END,DIVIDED - W/MEDIAN BARRIER,TRAFFIC SIGNAL,UNABLE TO DETERMINE,UNABLE TO DETERMINE,0,0,0,0,11,3,1,404,ASHLAND AVE,41.891149,-87.681058,01/26/2016 12:04:00 PM,2016
CR00007252,03/14/2017 10:40:00 PM,20,CLOUDY/OVERCAST,DARKNESS - LIGHTED ROAD,TURNING,NOT DIVIDED,YIELD,DISREGARDING TRAFFIC SIGNALS,NOT APPLICABLE,0,0,2,2,22,3,3,1332,OGDEN AVE,41.70766,-87.768259,03/14/2017 11:39:00 PM,2017
CR00007253,01/24/2020 06:12:00 AM,30,RAIN,DAYLIGHT,TURNING,FOUR WAY,TRAFFIC SIGNAL,DISTRACTION - FROM INSIDE VEHICLE,UNABLE TO DETERMINE,0,0,0,0,6,6,1,962,47TH ST,41.947996,-87.83745,01/24/2020 07:21:00 AM,2020
CR00007254,03/24/2018 05:48:00 PM,30,CLEAR,DAYLIGHT,FIXED OBJECT,DIVIDED - W/MEDIAN BARRIER,TRAFFIC SIGNAL,UNABLE TO DETERMINE,NOT APPLICABLE,0,0,0,0,17,7,3,267,ROOSEVELT RD,41.742451,-87.586802,03/24/2018 07:43:00 PM,2018
CR00007255,03/18/2020 10:17:00 AM,30,CLEAR,DAYLIGHT,PARKED MOTOR VEHICLE,DIVIDED - W/MEDIAN BARRIER,NO CONTROLS,FOLLOWING TOO CLOSELY,IMPROPER OVERTAKING/PASSING,0,0,0,0,10,4,3,1136,ASHLAND AVE,41.785615,-87.544669,03/18/2020 10:47:00 AM,2020
CR00007256,09/11/2023 02:39:00 PM,40,CLEAR,DAYLIGHT,REAR TO FRONT,NOT DIVIDED,TRAFFIC SIGNAL,UNABLE TO DETERMINE,FAILING TO YIELD RIGHT-OF-WAY,0,0,1,1,14,2,9,568,DIVISION ST,41.785915,-87.744691,09/11/2023 03:55:00 PM,2023
CR00007257,10/31/2021 03:38:00 PM,45,RAIN,DUSK,REAR END,NOT DIVIDED,STOP SIGN/FLASHER,DRIVING SKILLS/KNOWLEDGE/EXPERIENCE,IMPROPER OVERTAKING/PASSING,0,0,0,0,15,1,10,411,WESTERN AVE,41.978266,-87.799247,10/31/2021 04:31:00 PM,2021
CR00007258,08/14/2019 04:21:00 PM,20,CLEAR,DAYLIGHT,TURNING,T-INTERSECTION,TRAFFIC SIGNAL,IMPROPER LANE USAGE,FAILING TO REDUCE SPEED,0,0,0,0,16,4,8,859,63RD ST,41.81707,-87.736398,08/14/2019 06:17:00 PM,2019
CR00007259,05/31/2019 09:39:00 PM,15,CLOUDY/OVERCAST,DAYLIGHT,REAR END,NOT DIVIDED,NO CONTROLS,UNABLE TO DETERMINE,FAILING TO YIELD RIGHT-OF-WAY,0,0,2,2,21,6,5,2171,MICHIGAN AVE,41.908969,-87.667341,05/31/2019 10:09:00 PM,2019
CR00007260,11/17/2024 09:10:00 AM,35,CLEAR,DARKNESS,REAR END,NOT DIVIDED,TRAFFIC SIGNAL,DISTRACTION - FROM INSIDE VEHICLE,DRIVING SKILLS/KNOWLEDGE/EXPERIENCE,0,0,0,0,9,1,11,2089,IRVING PARK RD,41.994141,-87.811479,11/17/2024 10:24:00 AM,2024
CR00007261,07/12/2022 10:47:00 AM,30,CLEAR,DAYLIGHT,REAR END,NOT DIVIDED,STOP SIGN/FLASHER,UNABLE TO DETERMINE,UNABLE TO DETERMINE,0,0,0,0,10,3,7,1746,BROADWAY,41.880874,-87.742434,07/12/2022 11:33:00 AM,2022
CR00007262,08/19/2020 10:00:00 AM,35,FREEZING RAIN/DRIZZLE,DAYLIGHT,REAR END,ONE-WAY,TRAFFIC SIGNAL,IMPROPER LANE USAGE,DRIVING SKILLS/KNOWLEDGE/EXPERIENCE,0,2,1,3,10,4,8,1897,ELSTON AVE,41.853142,-87.564791,08/19/2020 11:52:00 AM,2020
CR00007263,05/18/2024 04:04:00 AM,40,SNOW,DAYLIGHT,PARKED MOTOR VEHICLE,ONE-WAY,STOP SIGN/FLASHER,UNABLE TO DETERMINE,UNABLE TO DETERMINE,0,0,0,0,4,7,5,233,DAMEN AVE,41.764856,-87.562347,05/18/2024 05:51:00 AM,2024
CR00007264,10/15/2016 01:05:00 PM,35,CLEAR,DAYLIGHT,FIXED OBJECT,DIVIDED - W/MEDIAN (NOT RAISED),STOP SIGN/FLASHER,DISREGARDING TRAFFIC SIGNALS,UNABLE TO DETERMINE,0,0,3,3,13,7,10,1305,DIVISION ST,41.901367,-87.556697,10/15/2016 02:33:00 PM,2016
CR00007265,08/26/2024 05:34:00 PM,15,CLEAR,DARKNESS - LIGHTED ROAD,REAR TO FRONT,DIVIDED - W/MEDIAN (NOT RAISED),NO CONTROLS,UNABLE TO DETERMINE,UNABLE TO DETERMINE,0,0,1,1,17,2,8,294,79TH ST,41.791718,-87.738988,08/26/2024 06:39:00 PM,2024
CR00007266,06/03/2017 08:04:00 AM,30,CLEAR,DAYLIGHT,REAR END,NOT DIVIDED,TRAFFIC SIGNAL,IMPROPER LANE USAGE,IMPROPER OVERTAKING/PASSING,0,0,0,0,8,7,6,143,KEDZIE AVE,41.790744,-87.76888,06/03/2017 09:48:00 AM,2017
CR00007267,08/11/2018 10:54:00 AM,35,CLEAR,DAYLIGHT,SIDESWIPE SAME DIRECTION,DIVIDED - W/MEDIAN BARRIER,NO CONTROLS,FOLLOWING TOO CLOSELY,FOLLOWING TOO CLOSELY,0,0,0,0,10,7,8,1343,IRVING PARK RD,41.73189,-87.723432,08/11/2018 12:26:00 PM,2018
CR00007268,09/29/2018 05:13:00 PM,35,CLEAR,DAYLIGHT,SIDESWIPE SAME DIRECTION,NOT DIVIDED,NO CONTROLS,FAILING TO YIELD RIGHT-OF-WAY,FAILING TO YIELD RIGHT-OF-WAY,0,0,0,0,17,7,9,1596,ARCHER AVE,41.718205,-87.61817,09/29/2018 05:21:00 PM,2018
CR00007269,09/19/2019 11:11:00 PM,35,CLEAR,DAYLIGHT,SIDESWIPE SAME DIRECTION,NOT DIVIDED,NO CONTROLS,DRIVING SKILLS/KNOWLEDGE/EXPERIENCE,IMPROPER OVERTAKING/PASSING,0,0,0,0,23,5,9,910,ARCHER AVE,41.814138,-87.784125,09/19/2019 11:22:00 PM,2019
CR00007270,03/05/2020 01:02:00 AM,20,CLEAR,DAYLIGHT,REAR END,ONE-WAY,TRAFFIC SIGNAL,DRIVING SKILLS/KNOWLEDGE/EXPERIENCE,FAILING TO YIELD RIGHT-OF-WAY,0,0,1,1,1,5,3,474,79TH ST,41.962925,-87.699473,03/05/2020 02:16:00 AM,2020
CR00007271,11/22/2022 08:17:00 PM,35,CLEAR,DAYLIGHT,REAR END,NOT DIVIDED,TRAFFIC SIGNAL,FAILING TO YIELD RIGHT-OF-WAY,IMPROPER OVERTAKING/PASSING,0,0,0,0,20,3,11,1593,KEDZIE AVE,41.919297,-87.817212,11/22/2022 09:42:00 PM,2022
CR00007272,11/03/2015 09:19:00 PM,35,FOG/SMOKE/HAZE,DAYLIGHT,REAR END,NOT DIVIDED,TRAFFIC SIGNAL,FOLLOWING TOO CLOSELY,DRIVING SKILLS/KNOWLEDGE/EXPERIENCE,0,0,0,0,21,3,11,869,OGDEN AVE,41.991151,-87.618877,11/03/2015 09:30:00 PM,2015
CR00007273,12/07/2018 07:28:00 AM,40,RAIN,DAYLIGHT,TURNING,NOT DIVIDED,UNKNOWN,UNABLE TO DETERMINE,DISREGARDING TRAFFIC SIGNALS,0,0,3,3,7,6,12,771,ROOSEVELT RD,41.870273,-87.574125,12/07/2018 08:12:00 AM,2018
CR00007274,12/27/2017 10:38:00 AM,45,CLEAR,DAYLIGHT,TURNING,DIVIDED - W/MEDIAN (NOT RAISED),NO CONTROLS,DISTRACTION - FROM INSIDE VEHICLE,DISREGARDING TRAFFIC SIGNALS,0,0,0,0,10,4,12,1203,OGDEN AVE,41.856887,-87.672962,12/27/2017 10:46:00 AM,2017
CR00007275,03/04/2018 06:45:00 PM,35,SNOW,DAYLIGHT,TURNING,DIVIDED - W/MEDIAN (NOT RAISED),NO CONTROLS,UNABLE TO DETERMINE,FAILING TO YIELD RIGHT-OF-WAY,0,0,0,0,18,1,3,1944,ROOSEVELT RD,41.702027,-87.780465,03/04/2018 08:25:00 PM,2018
CR00007276,10/04/2022 01:52:00 AM,20,CLOUDY/OVERCAST,DAYLIGHT,REAR END,DIVIDED - W/MEDIAN (NOT RAISED),TRAFFIC SIGNAL,UNABLE TO DETERMINE,FAILING TO YIELD RIGHT-OF-WAY,0,0,0,0,1,3,10,578,KEDZIE AVE,41.835524,-87.691829,10/04/2022 02:49:00 AM,2022
CR00007277,02/26/2016 12:32:00 PM,45,RAIN,DAYLIGHT,REAR END,DIVIDED - W/MEDIAN BARRIER,TRAFFIC SIGNAL,DRIVING SKILLS/KNOWLEDGE/EXPERIENCE,FAILING TO YIELD RIGHT-OF-WAY,0,0,0,0,12,6,2,1430,DAMEN AVE,41.867398,-87.562717,02/26/2016 01:00:00 PM,2016
CR00007278,04/20/2019 11:29:00 AM,25,FOG/SMOKE/HAZE,DAYLIGHT,ANGLE,NOT DIVIDED,NO CONTROLS,FOLLOWING TOO CLOSELY,FAILING TO REDUCE SPEED,0,0,0,0,11,7,4,814,CLARK ST,41.706251,-87.602792,04/20/2019 12:50:00 PM,2019
CR00007279,04/11/2016 10:09:00 PM,30,CLEAR,DAYLIGHT,ANGLE,T-INTERSECTION,TRAFFIC SIGNAL,WEATHER,FAILING TO REDUCE SPEED,0,0,0,0,22,2,4,877,BROADWAY,41.869798,-87.848378,04/11/2016 10:22:00 PM,2016
CR00007280,11/21/2020 06:36:00 AM,35,CLEAR,DARKNESS - LIGHTED ROAD,SIDESWIPE SAME DIRECTION,ONE-WAY,TRAFFIC SIGNAL,IMPROPER OVERTAKING/PASSING,UNABLE TO DETERMINE,0,0,0,0,6,7,11,2422,47TH ST,41.717253,-87.662216,11/21/2020 08:20:00 AM,2020
CR00007281,11/16/2022 09:48:00 AM,15,RAIN,DAYLIGHT,REAR END,NOT DIVIDED,TRAFFIC SIGNAL,DISREGARDING TRAFFIC SIGNALS,FOLLOWING TOO CLOSELY,0,0,3,3,9,4,11,909,LAKE SHORE DR,41.77293,-87.684716,11/16/2022 11:31:00 AM,2022
CR00007282,05/12/2020 11:18:00 AM,35,CLEAR,DAYLIGHT,FIXED OBJECT,NOT DIVIDED,UNKNOWN,UNABLE TO DETERMINE,FAILING TO REDUCE SPEED,0,0,0,0,11,3,5,2160,KEDZIE AVE,41.751945,-87.744659,05/12/2020 11:24:00 AM,2020
CR00007283,06/13/2021 01:31:00 PM,25,RAIN,DARKNESS - LIGHTED ROAD,TURNING,NOT DIVIDED,NO CONTROLS,IMPROPER OVERTAKING/PASSING,DISTRACTION - FROM INSIDE VEHICLE,0,0,0,0,13,1,6,552,CLARK ST,41.810307,-87.562885,06/13/2021 02:35:00 PM,2021
CR00007284,06/06/2021 06:37:00 PM,25,CLEAR,DAYLIGHT,REAR END,FOUR WAY,NO CONTROLS,DRIVING SKILLS/KNOWLEDGE/EXPERIENCE,FAILING TO REDUCE SPEED,0,0,0,0,18,1,6,708,MICHIGAN AVE,41.866604,-87.613108,06/06/2021 07:33:00 PM,2021
CR00007285,11/16/2023 08:42:00 PM,20,CLEAR,DAWN,TURNING,NOT DIVIDED,NO CONTROLS,UNABLE TO DETERMINE,UNABLE TO DETERMINE,0,0,1,1,20,5,11,1841,DAMEN AVE,41.786451,-87.713779,11/16/2023 09:40:00 PM,2023
CR00007286,01/18/2023 02:04:00 PM,35,CLEAR,DAYLIGHT,TURNING,NOT DIVIDED,TRAFFIC SIGNAL,FAILING TO YIELD RIGHT-OF-WAY,UNABLE TO DETERMINE,0,1,0,1,14,4,1,1506,47TH ST,41.778196,-87.617403,01/18/2023 02:54:00 PM,2023
CR00007287,03/09/2020 07:13:00 AM,30,CLEAR,DARKNESS - LIGHTED ROAD,REAR END,ONE-WAY,NO CONTROLS,IMPROPER OVERTAKING/PASSING,NOT APPLICABLE,0,0,0,0,7,2,3,1828,LAKE SHORE DR,41.785001,-87.682647,03/09/2020 08:25:00 AM,2020
CR00007288,11/27/2015 06:19:00 PM,20,CLEAR,DARKNESS - LIGHTED ROAD,REAR TO FRONT,DIVIDED - W/MEDIAN BARRIER,YIELD,DRIVING SKILLS/KNOWLEDGE/EXPERIENCE,UNABLE TO DETERMINE,0,0,0,0,18,6,11,787,STONY ISLAND AVE,41.913589,-87.794653,11/27/2015 07:01:00 PM,2015
CR00007289,01/11/2018 04:35:00 PM,30,SNOW,DAYLIGHT,TURNING,DIVIDED - W/MEDIAN (NOT RAISED),NO CONTROLS,UNABLE TO DETERMINE,NOT APPLICABLE,0,0,0,0,16,5,1,1062,CICERO AVE,41.802546,-87.808589,01/11/2018 06:14:00 PM,2018
CR00007290,11/23/2018 07:46:00 AM,30,FREEZING RAIN/DRIZZLE,DAYLIGHT,TURNING,NOT DIVIDED,NO CONTROLS,FAILING TO YIELD RIGHT-OF-WAY,UNABLE TO DETERMINE,0,0,0,0,7,6,11,826,CALIFORNIA AVE,41.844691,-87.517973,11/23/2018 08:06:00 AM,2018
CR00007291,12/12/2018 04:08:00 PM,15,CLEAR,DARKNESS - LIGHTED ROAD,REAR END,FOUR WAY,PEDESTRIAN CROSSING SIGN,FAILING TO REDUCE SPEED,DISREGARDING TRAFFIC SIGNALS,0,0,0,0,16,4,12,2043,ELSTON AVE,41.723817,-87.633963,12/12/2018 04:45:00 PM,2018
CR00007292,11/18/2024 02:32:00 PM,40,RAIN,DAYLIGHT,REAR END,ONE-WAY,NO CONTROLS,DRIVING SKILLS/KNOWLEDGE/EXPERIENCE,FAILING TO YIELD RIGHT-OF-WAY,0,0,0,0,14,2,11,1652,STATE ST,41.897386,-87.618373,11/18/2024 03:04:00 PM,2024
CR00007293,03/17/2022 02:01:00 PM,35,RAIN,DAYLIGHT,REAR END,NOT DIVIDED,STOP SIGN/FLASHER,FOLLOWING TOO CLOSELY,DISTRACTION - FROM INSIDE VEHICLE,0,0,0,0,14,5,3,2420,MILWAUKEE AVE,41.852538,-87.70525,03/17/2022 02:55:00 PM,2022
CR00007294,03/02/2023 12:17:00 PM,15,CLEAR,DAYLIGHT,TURNING,NOT DIVIDED,NO CONTROLS,FAILING TO YIELD RIGHT-OF-WAY,DRIVING SKILLS/KNOWLEDGE/EXPERIENCE,0,0,0,0,12,5,3,341,KEDZIE AVE,41.768379,-87.744457,03/02/2023 01:32:00 PM,2023
CR00007295,03/25/2023 04:45:00 PM,25,CLEAR,DARKNESS,TURNING,NOT DIVIDED,STOP SIGN/FLASHER,FOLLOWING TOO CLOSELY,FAILING TO YIELD RIGHT-OF-WAY,0,0,0,0,16,7,3,469,CALIFORNIA AVE,41.843572,-87.811401,03/25/2023 05:38:00 PM,2023
CR00007296,07/21/2018 03:54:00 PM,35,CLEAR,DAYLIGHT,REAR END,NOT DIVIDED,TRAFFIC SIGNAL,FAILING TO REDUCE SPEED,DISREGARDING TRAFFIC SIGNALS,0,0,0,0,15,7,7,967,KEDZIE AVE,41.909555,-87.821083,07/21/2018 05:28:00 PM,2018
CR00007297,07/06/2019 09:01:00 PM,30,RAIN,DAYLIGHT,PEDESTRIAN,DIVIDED - W/MEDIAN (NOT RAISED),NO CONTROLS,UNABLE TO DETERMINE,FAILING TO YIELD RIGHT-OF-WAY,0,0,0,0,21,7,7,1050,ROOSEVELT RD,41.821587,-87.785877,07/06/2019 10:02:00 PM,2019
CR00007298,10/06/2017 05:52:00 PM,30,CLEAR,DAYLIGHT,PARKED MOTOR VEHICLE,ONE-WAY,STOP SIGN/FLASHER,FAILING TO REDUCE SPEED,UNABLE TO DETERMINE,0,0,0,0,17,6,10,1883,DIVISION ST,41.874028,-87.653738,10/06/2017 07:29:00 PM,2017
CR00007299,07/06/2018 03:58:00 PM,45,CLEAR,DAYLIGHT,REAR END,DIVIDED - W/MEDIAN BARRIER,TRAFFIC SIGNAL,UNABLE TO DETERMINE,NOT APPLICABLE,0,0,2,2,15,6,7,656,STONY ISLAND AVE,41.971681,-87.741061,07/06/2018 05:23:00 PM,2018
CR00007300,04/29/2015 01:12:00 PM,20,CLEAR,DAYLIGHT,TURNING,FOUR WAY,TRAFFIC SIGNAL,IMPROPER OVERTAKING/PASSING,FOLLOWING TOO CLOSELY,0,0,3,3,13,4,4,650,IRVING PARK RD,41.726254,-87.547365,04/29/2015 01:36:00 PM,2015
CR00007301,05/05/2022 08:23:00 PM,30,CLEAR,DAYLIGHT,TURNING,NOT DIVIDED,TRAFFIC SIGNAL,UNABLE TO DETERMINE,DRIVING SKILLS/KNOWLEDGE/EXPERIENCE,0,0,0,0,20,5,5,1670,BROADWAY,41.784385,-87.549339,05/05/2022 10:11:00 PM,2022
CR00007302,03/04/2017 05:27:00 AM,45,SNOW,DAYLIGHT,PARKED MOTOR VEHICLE,NOT DIVIDED,TRAFFIC SIGNAL,UNABLE TO DETERMINE,FAILING TO YIELD RIGHT-OF-WAY,0,0,0,0,5,7,3,598,PULASKI RD,41.858779,-87.500427,03/04/2017 07:04:00 AM,2017
CR00007303,10/05/2017 04:28:00 PM,30,CLEAR,DARKNESS,PARKED MOTOR VEHICLE,NOT DIVIDED,NO CONTROLS,UNABLE TO DETERMINE,UNABLE TO DETERMINE,0,0,0,0,16,5,10,1448,KEDZIE AVE,41.835157,-87.713362,10/05/2017 05:07:00 PM,2017
CR00007304,09/28/2017 07:27:00 AM,45,CLOUDY/OVERCAST,DAYLIGHT,TURNING,ONE-WAY,STOP SIGN/FLASHER,UNABLE TO DETERMINE,FOLLOWING TOO CLOSELY,0,0,0,0,7,5,9,2409,CALIFORNIA AVE,41.907511,-87.56176,09/28/2017 08:27:00 AM,2017
CR00007305,05/24/2019 12:43:00 PM,45,RAIN,DARKNESS - LIGHTED ROAD,SIDESWIPE SAME DIRECTION,ONE-WAY,NO CONTROLS,IMPROPER OVERTAKING/PASSING,IMPROPER LANE USAGE,0,0,0,0,12,6,5,1933,OGDEN AVE,41.700162,-87.81504,05/24/2019 01:19:00 PM,2019
CR00007306,11/11/2018 03:43:00 PM,35,RAIN,DAYLIGHT,TURNING,DIVIDED - W/MEDIAN BARRIER,NO CONTROLS,UNABLE TO DETERMINE,FOLLOWING TOO CLOSELY,0,0,0,0,15,1,11,693,ARCHER AVE,41.948834,-87.759289,11/11/2018 03:51:00 PM,2018
CR00007307,07/14/2022 07:29:00 AM,30,CLEAR,DUSK,SIDESWIPE SAME DIRECTION,FOUR WAY,UNKNOWN,UNABLE TO DETERMINE,UNABLE TO DETERMINE,0,0,0,0,7,5,7,2013,IRVING PARK RD,41.885494,-87.646051,07/14/2022 09:26:00 AM,2022
CR00007308,02/28/2018 10:14:00 AM,40,CLEAR,DUSK,SIDESWIPE SAME DIRECTION,NOT DIVIDED,NO CONTROLS,DRIVING SKILLS/KNOWLEDGE/EXPERIENCE,FOLLOWING TOO CLOSELY,0,0,0,0,10,4,2,550,ELSTON AVE,41.944003,-87.789639,02/28/2018 10:17:00 AM,2018
CR00007309,07/04/2019 06:57:00 PM,35,CLEAR,DAYLIGHT,REAR END,DIVIDED - W/MEDIAN BARRIER,STOP SIGN/FLASHER,FAILING TO REDUCE SPEED,IMPROPER LANE USAGE,0,0,0,0,18,5,7,1818,IRVING PARK RD,41.742966,-87.526352,07/04/2019 08:13:00 PM,2019
CR00007310,09/25/2022 10:54:00 PM,25,RAIN,DAYLIGHT,ANGLE,DIVIDED - W/MEDIAN (NOT RAISED),NO CONTROLS,UNABLE TO DETERMINE,FAILING TO YIELD RIGHT-OF-WAY,0,0,2,2,22,1,9,1087,CLARK ST,41.998756,-87.749742,09/26/2022 12:00:00 AM,2022
CR00007311,10/08/2016 08:26:00 PM,35,CLEAR,DAYLIGHT,FIXED OBJECT,NOT DIVIDED,STOP SIGN/FLASHER,IMPROPER LANE USAGE,NOT APPLICABLE,0,0,1,1,20,7,10,761,FULLERTON AVE,41.70927,-87.784529,10/08/2016 09:38:00 PM,2016
CR00007312,01/19/2015 06:20:00 AM,30,CLEAR,DAYLIGHT,TURNING,NOT DIVIDED,UNKNOWN,DISREGARDING TRAFFIC SIGNALS,NOT APPLICABLE,0,0,0,0,6,2,1,1442,47TH ST,41.788838,-87.570485,01/19/2015 06:29:00 AM,2015
CR00007313,08/29/2015 08:02:00 AM,20,CLEAR,DAYLIGHT,REAR END,DIVIDED - W/MEDIAN BARRIER,NO CONTROLS,FOLLOWING TOO CLOSELY,DRIVING SKILLS/KNOWLEDGE/EXPERIENCE,0,1,1,2,8,7,8,230,DIVISION ST,41.959788,-87.560232,08/29/2015 09:32:00 AM,2015
CR00007314,11/08/2021 10:45:00 AM,25,CLOUDY/OVERCAST,DAYLIGHT,ANGLE,NOT DIVIDED,NO CONTROLS,FAILING TO REDUCE SPEED,UNABLE TO DETERMINE,0,0,0,0,10,2,11,205,CLARK ST,41.931268,-87.541337,11/08/2021 11:46:00 AM,2021
CR00007315,10/23/2015 09:21:00 AM,35,CLEAR,DAWN,FIXED OBJECT,DIVIDED - W/MEDIAN (NOT RAISED),NO CONTROLS,FAILING TO YIELD RIGHT-OF-WAY,DISREGARDING TRAFFIC SIGNALS,0,0,0,0,9,6,10,447,CICERO AVE,41.835468,-87.743191,10/23/2015 09:29:00 AM,2015
CR00007316,03/17/2018 07:44:00 PM,40,CLEAR,DAYLIGHT,PARKED MOTOR VEHICLE,NOT DIVIDED,NO CONTROLS,UNABLE TO DETERMINE,DISTRACTION - FROM INSIDE VEHICLE,0,0,0,0,19,7,3,2392,FULLERTON AVE,41.87989,-87.667968,03/17/2018 08:23:00 PM,2018
CR00007317,07/16/2018 12:59:00 PM,30,CLEAR,DAYLIGHT,TURNING,DIVIDED - W/MEDIAN (NOT RAISED),NO CONTROLS,UNABLE TO DETERMINE,FOLLOWING TOO CLOSELY,0,0,0,0,12,2,7,711,CALIFORNIA AVE,41.903952,-87.6217,07/16/2018 02:29:00 PM,2018
CR00007318,07/26/2017 08:29:00 AM,15,RAIN,DAYLIGHT,PEDESTRIAN,DIVIDED - W/MEDIAN BARRIER,NO CONTROLS,FAILING TO YIELD RIGHT-OF-WAY,FAILING TO YIELD RIGHT-OF-WAY,0,0,0,0,8,4,7,1594,HALSTED ST,41.859225,-87.508907,07/26/2017 09:13:00 AM,2017
CR00007319,01/20/2021 05:54:00 PM,25,CLEAR,DAYLIGHT,REAR END,T-INTERSECTION,STOP SIGN/FLASHER,FOLLOWING TOO CLOSELY,IMPROPER LANE USAGE,0,2,0,2,17,4,1,1664,OGDEN AVE,41.774732,-87.808547,01/20/2021 07:41:00 PM,2021
CR00007320,07/05/2018 02:43:00 PM,30,CLEAR,DAYLIGHT,PEDESTRIAN,NOT DIVIDED,TRAFFIC SIGNAL,UNABLE TO DETERMINE,UNABLE TO DETERMINE,0,0,0,0,14,5,7,2320,IRVING PARK RD,41.784518,-87.601448,07/05/2018 04:14:00 PM,2018
CR00007321,11/03/2017 07:22:00 AM,30,FREEZING RAIN/DRIZZLE,DARKNESS - LIGHTED ROAD,ANGLE,DIVIDED - W/MEDIAN BARRIER,NO CONTROLS,FAILING TO YIELD RIGHT-OF-WAY,IMPROPER LANE USAGE,0,0,0,0,7,6,11,350,DAMEN AVE,41.868003,-87.522047,11/03/2017 08:32:00 AM,2017
CR00007322,01/25/2023 04:37:00 AM,30,CLEAR,DAYLIGHT,SIDESWIPE SAME DIRECTION,ONE-WAY,NO CONTROLS,FAILING TO REDUCE SPEED,IMPROPER OVERTAKING/PASSING,0,0,0,0,4,4,1,1814,STATE ST,41.916663,-87.585841,01/25/2023 04:47:00 AM,2023
CR00007323,10/01/2015 02:55:00 PM,40,RAIN,DARKNESS - LIGHTED ROAD,PARKED MOTOR VEHICLE,ONE-WAY,TRAFFIC SIGNAL,UNABLE TO DETERMINE,NOT APPLICABLE,0,0,0,0,14,5,10,1355,BROADWAY,41.983546,-87.815826,10/01/2015 03:03:00 PM,2015
CR00007324,02/06/2016 04:32:00 PM,30,CLEAR,DAYLIGHT,SIDESWIPE SAME DIRECTION,DIVIDED - W/MEDIAN (NOT RAISED),TRAFFIC SIGNAL,UNABLE TO DETERMINE,UNABLE TO DETERMINE,0,0,0,0,16,7,2,2100,PULASKI RD,41.754911,-87.764936,02/06/2016 06:00:00 PM,2016
CR00007325,03/09/2021 08:34:00 AM,15,CLEAR,DARKNESS,REAR END,ONE-WAY,TRAFFIC SIGNAL,UNABLE TO DETERMINE,UNABLE TO DETERMINE,0,0,0,0,8,3,3,568,ROOSEVELT RD,41.975509,-87.685577,03/09/2021 08:36:00 AM,2021
CR00007326,05/04/2020 12:29:00 PM,45,CLEAR,DAYLIGHT,TURNING,NOT DIVIDED,TRAFFIC SIGNAL,FAILING TO YIELD RIGHT-OF-WAY,DISTRACTION - FROM INSIDE VEHICLE,0,0,0,0,12,2,5,2280,HALSTED ST,41.786039,-87.501135,05/04/2020 01:21:00 PM,2020
CR00007327,03/14/2017 06:40:00 AM,30,CLEAR,DAYLIGHT,SIDESWIPE SAME DIRECTION,DIVIDED - W/MEDIAN (NOT RAISED),NO CONTROLS,DRIVING SKILLS/KNOWLEDGE/EXPERIENCE,FOLLOWING TOO CLOSELY,0,0,1,1,6,3,3,455,MICHIGAN AVE,41.984832,-87.831315,03/14/2017 07:04:00 AM,2017
CR00007328,06/26/2024 07:10:00 PM,45,CLEAR,DAYLIGHT,ANGLE,T-INTERSECTION,TRAFFIC SIGNAL,DRIVING SKILLS/KNOWLEDGE/EXPERIENCE,FAILING TO YIELD RIGHT-OF-WAY,0,0,0,0,19,4,6,1219,STONY ISLAND AVE,41.835763,-87.828093,06/26/2024 08:57:00 PM,2024
CR00007329,06/18/2020 04:41:00 AM,35,SNOW,DAYLIGHT,PARKED MOTOR VEHICLE,NOT DIVIDED,NO CONTROLS,FAILING TO YIELD RIGHT-OF-WAY,FAILING TO YIELD RIGHT-OF-WAY,0,0,0,0,4,5,6,1400,ASHLAND AVE,41.954539,-87.554344,06/18/2020 04:56:00 AM,2020
CR00007330,11/23/2015 07:42:00 AM,40,CLEAR,DAYLIGHT,REAR END,DIVIDED - W/MEDIAN (NOT RAISED),NO CONTROLS,UNABLE TO DETERMINE,FAILING TO YIELD RIGHT-OF-WAY,0,0,0,0,7,2,11,644,63RD ST,41.791665,-87.778051,11/23/2015 09:00:00 AM,2015
CR00007331,08/01/2020 09:48:00 AM,30,CLEAR,DARKNESS - LIGHTED ROAD,TURNING,T-INTERSECTION,NO CONTROLS,FAILING TO YIELD RIGHT-OF-WAY,IMPROPER OVERTAKING/PASSING,0,0,0,0,9,7,8,504,IRVING PARK RD,41.862379,-87.660483,08/01/2020 10:35:00 AM,2020