CRASH_RECORD_ID,CRASH_DATE,POSTED_SPEED_LIMIT,WEATHER_CONDITION,LIGHTING_CONDITION,FIRST_CRASH_TYPE,TRAFFICWAY_TYPE,TRAFFIC_CONTROL_DEVICE,PRIM_CONTRIBUTORY_CAUSE,SEC_CONTRIBUTORY_CAUSE,INJURIES_FATAL,INJURIES_INCAPACITATING,INJURIES_NON_INCAPACITATING,INJURIES_TOTAL,CRASH_HOUR,CRASH_DAY_OF_WEEK,CRASH_MONTH,BEAT_OF_OCCURRENCE,STREET_NAME,LATITUDE,LONGITUDE,DATE_POLICE_NOTIFIED,year
CR00007332,08/02/2020 12:10:00 PM,15,CLEAR,DARKNESS - LIGHTED ROAD,ANGLE,NOT DIVIDED,TRAFFIC SIGNAL,UNABLE TO DETERMINE,UNABLE TO DETERMINE,0,0,0,0,12,1,8,1989,HALSTED ST,41.956666,-87.547368,08/02/2020 12:34:00 PM,2020
CR00007333,08/24/2016 06:02:00 PM,15,CLOUDY/OVERCAST,DAYLIGHT,TURNING,NOT DIVIDED,NO CONTROLS,DISTRACTION - FROM INSIDE VEHICLE,IMPROPER LANE USAGE,0,0,0,0,18,4,8,1651,PULASKI RD,41.807064,-87.761621,08/24/2016 06:25:00 PM,2016
CR00007334,06/26/2020 01:53:00 AM,30,RAIN,DAYLIGHT,REAR END,NOT DIVIDED,YIELD,UNABLE TO DETERMINE,WEATHER,0,0,0,0,1,6,6,1020,ASHLAND AVE,41.938356,-87.734821,06/26/2020 03:09:00 AM,2020
CR00007335,07/12/2018 11:13:00 AM,45,CLEAR,DARKNESS - LIGHTED ROAD,REAR END,NOT DIVIDED,NO CONTROLS,UNABLE TO DETERMINE,UNABLE TO DETERMINE,0,0,0,0,11,5,7,1903,IRVING PARK RD,41.733114,-87.808723,07/12/2018 11:44:00 AM,2018
CR00007336,09/17/2022 03:38:00 PM,20,CLEAR,DAYLIGHT,PEDESTRIAN,FOUR WAY,UNKNOWN,DISTRACTION - FROM INSIDE VEHICLE,NOT APPLICABLE,0,0,0,0,15,7,9,617,MICHIGAN AVE,41.779823,-87.533252,09/17/2022 04:58:00 PM,2022
CR00007337,07/16/2022 02:50:00 PM,45,RAIN,DAYLIGHT,REAR END,FOUR WAY,TRAFFIC SIGNAL,FOLLOWING TOO CLOSELY,UNABLE TO DETERMINE,0,1,1,2,14,7,7,2062,BROADWAY,41.854459,-87.68111,07/16/2022 04:05:00 PM,2022
CR00007338,04/29/2015 04:20:00 AM,30,CLEAR,DAYLIGHT,PEDESTRIAN,NOT DIVIDED,TRAFFIC SIGNAL,FAILING TO YIELD RIGHT-OF-WAY,IMPROPER LANE USAGE,0,0,0,0,4,4,4,457,STATE ST,41.706812,-87.74286,04/29/2015 05:54:00 AM,2015
CR00007339,03/31/2016 08:57:00 AM,30,FOG/SMOKE/HAZE,DAWN,PARKED MOTOR VEHICLE,NOT DIVIDED,TRAFFIC SIGNAL,IMPROPER LANE USAGE,DRIVING SKILLS/KNOWLEDGE/EXPERIENCE,0,0,0,0,8,5,3,868,PULASKI RD,41.903999,-87.680485,03/31/2016 09:36:00 AM,2016
CR00007340,02/10/2017 07:13:00 AM,40,CLEAR,DARKNESS - LIGHTED ROAD,ANGLE,NOT DIVIDED,NO CONTROLS,FAILING TO REDUCE SPEED,IMPROPER LANE USAGE,0,0,0,0,7,6,2,1586,BROADWAY,41.731026,-87.833194,02/10/2017 07:40:00 AM,2017
CR00007341,07/12/2018 06:24:00 PM,20,CLEAR,DARKNESS - LIGHTED ROAD,REAR END,DIVIDED - W/MEDIAN (NOT RAISED),TRAFFIC SIGNAL,IMPROPER LANE USAGE,NOT APPLICABLE,0,0,0,0,18,5,7,848,DIVISION ST,41.874697,-87.796863,07/12/2018 06:52:00 PM,2018
CR00007342,06/01/2020 05:21:00 PM,30,SNOW,DARKNESS - LIGHTED ROAD,SIDESWIPE SAME DIRECTION,FOUR WAY,TRAFFIC SIGNAL,FOLLOWING TOO CLOSELY,DISREGARDING TRAFFIC SIGNALS,0,0,3,3,17,2,6,1700,FULLERTON AVE,41.819551,-87.679516,06/01/2020 05:31:00 PM,2020
CR00007343,05/06/2023 07:15:00 AM,30,CLEAR,DAWN,REAR END,ONE-WAY,TRAFFIC SIGNAL,FAILING TO REDUCE SPEED,UNABLE TO DETERMINE,0,0,1,1,7,7,5,1196,ELSTON AVE,41.849252,-87.551948,05/06/2023 07:47:00 AM,2023
CR00007344,07/13/2021 12:28:00 AM,30,CLEAR,DUSK,REAR END,NOT DIVIDED,TRAFFIC SIGNAL,WEATHER,FAILING TO YIELD RIGHT-OF-WAY,0,0,0,0,0,3,7,2384,KEDZIE AVE,41.743079,-87.581222,07/13/2021 02:01:00 AM,2021
CR00007345,07/12/2018 05:50:00 AM,25,CLEAR,DAYLIGHT,SIDESWIPE SAME DIRECTION,NOT DIVIDED,NO CONTROLS,UNABLE TO DETERMINE,WEATHER,0,0,0,0,5,5,7,362,STONY ISLAND AVE,41.701644,-87.761103,07/12/2018 07:25:00 AM,2018
CR00007346,05/05/2016 06:53:00 PM,35,RAIN,DAYLIGHT,PARKED MOTOR VEHICLE,DIVIDED - W/MEDIAN BARRIER,TRAFFIC SIGNAL,IMPROPER LANE USAGE,NOT APPLICABLE,0,0,0,0,18,5,5,220,BROADWAY,41.911255,-87.840765,05/05/2016 07:01:00 PM,2016
CR00007347,10/08/2022 05:34:00 PM,15,CLOUDY/OVERCAST,DARKNESS - LIGHTED ROAD,TURNING,NOT DIVIDED,TRAFFIC SIGNAL,IMPROPER LANE USAGE,IMPROPER LANE USAGE,0,0,0,0,17,7,10,1769,STONY ISLAND AVE,41.746041,-87.68909,10/08/2022 05:37:00 PM,2022
CR00007348,03/18/2016 10:38:00 AM,25,CLEAR,DAYLIGHT,PARKED MOTOR VEHICLE,NOT DIVIDED,STOP SIGN/FLASHER,DRIVING SKILLS/KNOWLEDGE/EXPERIENCE,FAILING TO YIELD RIGHT-OF-WAY,0,0,0,0,10,6,3,2120,MILWAUKEE AVE,41.976905,-87.548796,03/18/2016 11:15:00 AM,2016
CR00007349,11/14/2024 12:46:00 PM,30,CLEAR,DAYLIGHT,PARKED MOTOR VEHICLE,DIVIDED - W/MEDIAN BARRIER,STOP SIGN/FLASHER,FOLLOWING TOO CLOSELY,UNABLE TO DETERMINE,0,0,0,0,12,5,11,1082,ELSTON AVE,41.764046,-87.778176,11/14/2024 02:40:00 PM,2024
CR00007350,12/16/2016 08:58:00 PM,45,CLOUDY/OVERCAST,DAYLIGHT,ANGLE,NOT DIVIDED,PEDESTRIAN CROSSING SIGN,UNABLE TO DETERMINE,NOT APPLICABLE,0,0,0,0,20,6,12,2362,STONY ISLAND AVE,41.789765,-87.715194,12/16/2016 10:52:00 PM,2016
CR00007351,08/20/2024 03:42:00 AM,15,CLEAR,DARKNESS,ANGLE,DIVIDED - W/MEDIAN (NOT RAISED),NO CONTROLS,FOLLOWING TOO CLOSELY,DISTRACTION - FROM INSIDE VEHICLE,0,0,1,1,3,3,8,688,ASHLAND AVE,41.831085,-87.726192,08/20/2024 04:04:00 AM,2024
CR00007352,06/02/2018 10:47:00 AM,35,RAIN,DAYLIGHT,FIXED OBJECT,DIVIDED - W/MEDIAN (NOT RAISED),TRAFFIC SIGNAL,UNABLE TO DETERMINE,UNABLE TO DETERMINE,0,0,0,0,10,7,6,2036,STONY ISLAND AVE,41.77693,-87.637787,06/02/2018 11:55:00 AM,2018
CR00007353,08/22/2015 10:15:00 AM,30,CLEAR,DAYLIGHT,SIDESWIPE SAME DIRECTION,NOT DIVIDED,UNKNOWN,FAILING TO YIELD RIGHT-OF-WAY,IMPROPER OVERTAKING/PASSING,0,1,0,1,10,7,8,1977,HALSTED ST,41.745341,-87.752863,08/22/2015 11:02:00 AM,2015
CR00007354,07/19/2015 12:35:00 AM,30,CLEAR,DARKNESS - LIGHTED ROAD,TURNING,NOT DIVIDED,NO CONTROLS,UNABLE TO DETERMINE,FOLLOWING TOO CLOSELY,0,2,0,2,0,1,7,2307,FULLERTON AVE,41.77813,-87.662442,07/19/2015 01:21:00 AM,2015
CR00007355,10/25/2021 03:12:00 PM,30,RAIN,DAYLIGHT,REAR END,ONE-WAY,TRAFFIC SIGNAL,FAILING TO YIELD RIGHT-OF-WAY,FAILING TO YIELD RIGHT-OF-WAY,0,0,0,0,15,2,10,363,DAMEN AVE,41.743145,-87.546922,10/25/2021 04:23:00 PM,2021
CR00007356,08/13/2023 01:04:00 AM,30,RAIN,DARKNESS - LIGHTED ROAD,REAR END,DIVIDED - W/MEDIAN (NOT RAISED),TRAFFIC SIGNAL,IMPROPER LANE USAGE,DISREGARDING TRAFFIC SIGNALS,0,1,0,1,1,1,8,1566,BROADWAY,41.884605,-87.65924,08/13/2023 01:50:00 AM,2023
CR00007357,12/10/2023 04:36:00 AM,35,CLEAR,DAWN,PARKED MOTOR VEHICLE,NOT DIVIDED,NO CONTROLS,WEATHER,UNABLE TO DETERMINE,0,0,1,1,4,1,12,1638,47TH ST,41.732211,-87.606596,12/10/2023 06:15:00 AM,2023
CR00007358,06/26/2019 06:49:00 PM,15,CLEAR,DAYLIGHT,REAR END,NOT DIVIDED,NO CONTROLS,UNABLE TO DETERMINE,FAILING TO YIELD RIGHT-OF-WAY,0,0,3,3,18,4,6,1482,79TH ST,41.851738,-87.783582,06/26/2019 07:54:00 PM,2019
CR00007359,07/13/2024 03:35:00 PM,30,CLEAR,DAWN,PARKED MOTOR VEHICLE,ONE-WAY,TRAFFIC SIGNAL,FAILING TO YIELD RIGHT-OF-WAY,UNABLE TO DETERMINE,0,0,0,0,15,7,7,292,STONY ISLAND AVE,41.822514,-87.663073,07/13/2024 05:34:00 PM,2024
CR00007360,02/06/2024 05:39:00 PM,40,CLEAR,DARKNESS - LIGHTED ROAD,TURNING,T-INTERSECTION,NO CONTROLS,IMPROPER OVERTAKING/PASSING,FOLLOWING TOO CLOSELY,0,0,2,2,17,3,2,1624,ELSTON AVE,41.806211,-87.660787,02/06/2024 07:36:00 PM,2024
CR00007361,11/03/2019 02:19:00 PM,40,CLEAR,DAYLIGHT,ANGLE,NOT DIVIDED,TRAFFIC SIGNAL,UNABLE TO DETERMINE,NOT APPLICABLE,0,0,0,0,14,1,11,888,WESTERN AVE,41.979903,-87.598039,11/03/2019 03:03:00 PM,2019
CR00007362,05/16/2021 08:05:00 PM,40,CLEAR,DARKNESS - LIGHTED ROAD,PARKED MOTOR VEHICLE,NOT DIVIDED,NO CONTROLS,UNABLE TO DETERMINE,UNABLE TO DETERMINE,0,0,0,0,20,1,5,2105,KEDZIE AVE,41.840941,-87.593073,05/16/2021 08:27:00 PM,2021
CR00007363,02/13/2023 01:53:00 PM,30,CLOUDY/OVERCAST,DARKNESS - LIGHTED ROAD,REAR TO FRONT,ONE-WAY,NO CONTROLS,FOLLOWING TOO CLOSELY,FAILING TO REDUCE SPEED,0,0,0,0,13,2,2,473,STATE ST,41.838273,-87.642237,02/13/2023 02:22:00 PM,2023
CR00007364,09/09/2017 02:09:00 PM,20,RAIN,DAYLIGHT,REAR END,ONE-WAY,STOP SIGN/FLASHER,UNABLE TO DETERMINE,WEATHER,0,0,0,0,14,7,9,2334,63RD ST,41.851764,-87.64645,09/09/2017 03:49:00 PM,2017
CR00007365,09/29/2018 07:54:00 PM,30,CLOUDY/OVERCAST,DARKNESS,PARKED MOTOR VEHICLE,NOT DIVIDED,NO CONTROLS,FAILING TO YIELD RIGHT-OF-WAY,FAILING TO REDUCE SPEED,0,0,0,0,19,7,9,230,BROADWAY,41.971955,-87.516942,09/29/2018 09:53:00 PM,2018
CR00007366,01/12/2020 11:49:00 PM,45,CLEAR,DARKNESS - LIGHTED ROAD,TURNING,DIVIDED - W/MEDIAN BARRIER,STOP SIGN/FLASHER,IMPROPER OVERTAKING/PASSING,DISREGARDING TRAFFIC SIGNALS,0,0,0,0,23,1,1,1802,CALIFORNIA AVE,41.838966,-87.546911,01/13/2020 12:19:00 AM,2020
CR00007367,02/06/2016 08:09:00 AM,15,CLEAR,DARKNESS - LIGHTED ROAD,REAR END,DIVIDED - W/MEDIAN (NOT RAISED),TRAFFIC SIGNAL,UNABLE TO DETERMINE,DISREGARDING TRAFFIC SIGNALS,0,0,0,0,8,7,2,1587,ROOSEVELT RD,41.767848,-87.801431,02/06/2016 08:30:00 AM,2016
CR00007368,05/05/2020 03:08:00 AM,35,RAIN,DAYLIGHT,REAR END,DIVIDED - W/MEDIAN BARRIER,STOP SIGN/FLASHER,UNABLE TO DETERMINE,FAILING TO YIELD RIGHT-OF-WAY,0,2,0,2,3,3,5,203,CLARK ST,41.985733,-87.634619,05/05/2020 03:14:00 AM,2020
CR00007369,11/14/2023 06:37:00 PM,25,FREEZING RAIN/DRIZZLE,DAYLIGHT,TURNING,NOT DIVIDED,NO CONTROLS,UNABLE TO DETERMINE,DISTRACTION - FROM INSIDE VEHICLE,0,0,0,0,18,3,11,2407,CICERO AVE,41.937816,-87.623032,11/14/2023 07:53:00 PM,2023
CR00007370,01/23/2019 12:34:00 PM,20,CLEAR,DARKNESS - LIGHTED ROAD,TURNING,DIVIDED - W/MEDIAN BARRIER,STOP SIGN/FLASHER,UNABLE TO DETERMINE,NOT APPLICABLE,0,1,0,1,12,4,1,2116,ROOSEVELT RD,41.943144,-87.808589,01/23/2019 01:15:00 PM,2019
CR00007371,11/02/2023 09:24:00 AM,40,CLEAR,DARKNESS,REAR END,DIVIDED - W/MEDIAN (NOT RAISED),NO CONTROLS,FAILING TO YIELD RIGHT-OF-WAY,IMPROPER OVERTAKING/PASSING,0,0,0,0,9,5,11,477,STATE ST,41.826784,-87.848444,11/02/2023 10:20:00 AM,2023
CR00007372,03/29/2015 01:38:00 PM,20,CLEAR,DAYLIGHT,TURNING,NOT DIVIDED,TRAFFIC SIGNAL,UNABLE TO DETERMINE,FOLLOWING TOO CLOSELY,0,0,0,0,13,1,3,2448,MILWAUKEE AVE,41.928414,-87.557317,03/29/2015 01:54:00 PM,2015
CR00007373,07/06/2020 09:09:00 PM,45,CLEAR,DAYLIGHT,TURNING,FOUR WAY,NO CONTROLS,UNABLE TO DETERMINE,DISREGARDING TRAFFIC SIGNALS,0,0,0,0,21,2,7,928,CICERO AVE,41.989223,-87.568796,07/06/2020 10:46:00 PM,2020
CR00007374,08/18/2015 04:23:00 PM,45,CLEAR,DARKNESS - LIGHTED ROAD,TURNING,DIVIDED - W/MEDIAN (NOT RAISED),NO CONTROLS,DISTRACTION - FROM INSIDE VEHICLE,DISTRACTION - FROM INSIDE VEHICLE,0,0,0,0,16,3,8,1336,CICERO AVE,41.829364,-87.741023,08/18/2015 05:38:00 PM,2015
CR00007375,01/15/2020 03:28:00 PM,40,CLEAR,DAYLIGHT,TURNING,NOT DIVIDED,NO CONTROLS,FAILING TO YIELD RIGHT-OF-WAY,UNABLE TO DETERMINE,0,0,0,0,15,4,1,445,IRVING PARK RD,41.741796,-87.814504,01/15/2020 04:11:00 PM,2020
CR00007376,11/01/2019 04:02:00 PM,35,RAIN,DAYLIGHT,TURNING,NOT DIVIDED,YIELD,DISTRACTION - FROM INSIDE VEHICLE,FAILING TO REDUCE SPEED,0,1,3,4,16,6,11,1735,MICHIGAN AVE,41.892637,-87.749188,11/01/2019 05:31:00 PM,2019
CR00007377,10/11/2018 06:17:00 PM,25,CLEAR,DAYLIGHT,REAR TO FRONT,FOUR WAY,STOP SIGN/FLASHER,UNABLE TO DETERMINE,FAILING TO REDUCE SPEED,0,0,3,3,18,5,10,2413,CICERO AVE,41.829106,-87.515079,10/11/2018 07:17:00 PM,2018
CR00007378,07/10/2022 10:27:00 AM,40,RAIN,DAYLIGHT,PARKED MOTOR VEHICLE,FOUR WAY,NO CONTROLS,DISTRACTION - FROM INSIDE VEHICLE,UNABLE TO DETERMINE,0,0,2,2,10,1,7,2262,KEDZIE AVE,41.932096,-87.770805,07/10/2022 10:30:00 AM,2022
CR00007379,06/18/2020 09:02:00 AM,40,CLEAR,DARKNESS,REAR END,FOUR WAY,NO CONTROLS,UNABLE TO DETERMINE,DISTRACTION - FROM INSIDE VEHICLE,0,0,0,0,9,5,6,1573,KEDZIE AVE,41.809293,-87.735286,06/18/2020 10:47:00 AM,2020
CR00007380,08/03/2016 09:55:00 AM,30,CLEAR,DAYLIGHT,REAR END,DIVIDED - W/MEDIAN (NOT RAISED),TRAFFIC SIGNAL,UNABLE TO DETERMINE,IMPROPER OVERTAKING/PASSING,0,0,0,0,9,4,8,2063,KEDZIE AVE,41.831612,-87.674767,08/03/2016 11:54:00 AM,2016
CR00007381,11/06/2020 01:25:00 PM,40,CLOUDY/OVERCAST,DAYLIGHT,TURNING,NOT DIVIDED,STOP SIGN/FLASHER,FAILING TO REDUCE SPEED,IMPROPER OVERTAKING/PASSING,0,0,3,3,13,6,11,531,ROOSEVELT RD,41.86001,-87.545995,11/06/2020 02:57:00 PM,2020
CR00007382,03/01/2017 08:00:00 AM,25,CLOUDY/OVERCAST,DAYLIGHT,ANGLE,ONE-WAY,NO CONTROLS,UNABLE TO DETERMINE,IMPROPER OVERTAKING/PASSING,0,0,0,0,8,4,3,1746,LAKE SHORE DR,41.743591,-87.579676,03/01/2017 09:41:00 AM,2017
CR00007383,08/30/2016 08:10:00 AM,15,CLEAR,DAYLIGHT,FIXED OBJECT,DIVIDED - W/MEDIAN BARRIER,TRAFFIC SIGNAL,DRIVING SKILLS/KNOWLEDGE/EXPERIENCE,UNABLE TO DETERMINE,0,0,0,0,8,3,8,2375,ELSTON AVE,41.750239,-87.649448,08/30/2016 09:32:00 AM,2016
CR00007384,07/30/2023 04:36:00 AM,30,CLEAR,DAYLIGHT,FIXED OBJECT,FOUR WAY,TRAFFIC SIGNAL,UNABLE TO DETERMINE,DISREGARDING TRAFFIC SIGNALS,0,0,0,0,4,1,7,255,ASHLAND AVE,41.961669,-87.694031,07/30/2023 06:28:00 AM,2023
CR00007385,09/02/2019 05:11:00 PM,25,CLEAR,DAYLIGHT,REAR END,NOT DIVIDED,NO CONTROLS,DISTRACTION - FROM INSIDE VEHICLE,FAILING TO YIELD RIGHT-OF-WAY,0,0,1,1,17,2,9,2279,LAKE SHORE DR,41.917133,-87.504233,09/02/2019 06:28:00 PM,2019
CR00007386,08/21/2024 05:47:00 PM,35,FOG/SMOKE/HAZE,DAYLIGHT,REAR END,NOT DIVIDED,TRAFFIC SIGNAL,DISTRACTION - FROM INSIDE VEHICLE,UNABLE TO DETERMINE,0,0,0,0,17,4,8,285,ROOSEVELT RD,41.872118,-87.697753,08/21/2024 06:00:00 PM,2024
CR00007387,12/28/2016 01:05:00 PM,30,CLEAR,DARKNESS - LIGHTED ROAD,TURNING,NOT DIVIDED,UNKNOWN,FAILING TO YIELD RIGHT-OF-WAY,DISTRACTION - FROM INSIDE VEHICLE,0,0,0,0,13,4,12,1162,BROADWAY,41.871331,-87.774809,12/28/2016 01:44:00 PM,2016
CR00007388,04/08/2015 01:51:00 AM,35,CLEAR,DARKNESS - LIGHTED ROAD,REAR END,ONE-WAY,STOP SIGN/FLASHER,DISTRACTION - FROM INSIDE VEHICLE,DRIVING SKILLS/KNOWLEDGE/EXPERIENCE,0,0,0,0,1,4,4,1687,MILWAUKEE AVE,41.810893,-87.725948,04/08/2015 02:42:00 AM,2015
CR00007389,10/04/2020 10:14:00 PM,35,CLEAR,DARKNESS - LIGHTED ROAD,SIDESWIPE SAME DIRECTION,DIVIDED - W/MEDIAN BARRIER,NO CONTROLS,FAILING TO YIELD RIGHT-OF-WAY,FAILING TO YIELD RIGHT-OF-WAY,0,0,0,0,22,1,10,166,LAKE SHORE DR,41.876816,-87.540825,10/05/2020 12:13:00 AM,2020
CR00007390,01/20/2023 12:23:00 PM,30,CLEAR,DAYLIGHT,REAR END,DIVIDED - W/MEDIAN (NOT RAISED),NO CONTROLS,FOLLOWING TOO CLOSELY,FAILING TO YIELD RIGHT-OF-WAY,0,0,0,0,12,6,1,799,STONY ISLAND AVE,41.961596,-87.661856,01/20/2023 02:03:00 PM,2023
CR00007391,06/23/2018 04:52:00 AM,15,RAIN,DAYLIGHT,PARKED MOTOR VEHICLE,DIVIDED - W/MEDIAN (NOT RAISED),NO CONTROLS,IMPROPER LANE USAGE,NOT APPLICABLE,0,0,0,0,4,7,6,191,CLARK ST,41.900061,-87.809477,06/23/2018 06:25:00 AM,2018
CR00007392,06/22/2015 03:57:00 AM,20,CLEAR,DAYLIGHT,ANGLE,NOT DIVIDED,TRAFFIC SIGNAL,UNABLE TO DETERMINE,DRIVING SKILLS/KNOWLEDGE/EXPERIENCE,0,0,0,0,3,2,6,994,47TH ST,41.787061,-87.813091,06/22/2015 05:08:00 AM,2015
CR00007393,04/11/2020 05:02:00 PM,40,SNOW,DARKNESS - LIGHTED ROAD,PARKED MOTOR VEHICLE,NOT DIVIDED,NO CONTROLS,DISREGARDING TRAFFIC SIGNALS,NOT APPLICABLE,0,0,0,0,17,7,4,1022,LAKE SHORE DR,41.817232,-87.670528,04/11/2020 06:31:00 PM,2020
CR00007394,10/07/2021 07:01:00 AM,45,CLEAR,DARKNESS - LIGHTED ROAD,ANGLE,NOT DIVIDED,STOP SIGN/FLASHER,UNABLE TO DETERMINE,NOT APPLICABLE,0,0,0,0,7,5,10,332,BROADWAY,41.861355,-87.683107,10/07/2021 07:52:00 AM,2021
CR00007395,01/12/2018 09:43:00 AM,25,CLEAR,DAYLIGHT,SIDESWIPE SAME DIRECTION,FOUR WAY,TRAFFIC SIGNAL,UNABLE TO DETERMINE,IMPROPER LANE USAGE,0,0,0,0,9,6,1,610,BROADWAY,41.867946,-87.616967,01/12/2018 10:23:00 AM,2018
CR00007396,09/23/2024 06:56:00 PM,40,RAIN,DARKNESS - LIGHTED ROAD,TURNING,NOT DIVIDED,TRAFFIC SIGNAL,UNABLE TO DETERMINE,IMPROPER OVERTAKING/PASSING,0,0,0,0,18,2,9,1730,OGDEN AVE,41.930096,-87.500832,09/23/2024 08:46:00 PM,2024
CR00007397,03/26/2017 02:40:00 PM,35,CLEAR,DARKNESS - LIGHTED ROAD,REAR END,NOT DIVIDED,NO CONTROLS,FOLLOWING TOO CLOSELY,NOT APPLICABLE,0,0,0,0,14,1,3,1447,CLARK ST,41.799304,-87.560843,03/26/2017 04:25:00 PM,2017
CR00007398,08/06/2016 11:41:00 AM,30,SNOW,DAYLIGHT,REAR END,DIVIDED - W/MEDIAN BARRIER,STOP SIGN/FLASHER,IMPROPER OVERTAKING/PASSING,FAILING TO YIELD RIGHT-OF-WAY,0,0,1,1,11,7,8,1421,79TH ST,41.937592,-87.559444,08/06/2016 12:48:00 PM,2016
CR00007399,12/22/2024 03:23:00 PM,20,CLEAR,DARKNESS - LIGHTED ROAD,FIXED OBJECT,DIVIDED - W/MEDIAN (NOT RAISED),STOP SIGN/FLASHER,UNABLE TO DETERMINE,IMPROPER LANE USAGE,0,0,0,0,15,1,12,881,BROADWAY,41.777343,-87.65609,12/22/2024 03:57:00 PM,2024
CR00007400,07/04/2019 03:21:00 AM,30,RAIN,DAYLIGHT,REAR END,DIVIDED - W/MEDIAN (NOT RAISED),YIELD,UNABLE TO DETERMINE,FAILING TO YIELD RIGHT-OF-WAY,0,2,1,3,3,5,7,613,CALIFORNIA AVE,41.974948,-87.506736,07/04/2019 03:35:00 AM,2019
CR00007401,08/25/2020 08:53:00 PM,30,CLEAR,DARKNESS - LIGHTED ROAD,PARKED MOTOR VEHICLE,DIVIDED - W/MEDIAN (NOT RAISED),STOP SIGN/FLASHER,DRIVING SKILLS/KNOWLEDGE/EXPERIENCE,NOT APPLICABLE,0,0,0,0,20,3,8,1182,HALSTED ST,41.846048,-87.798263,08/25/2020 08:59:00 PM,2020
CR00007402,07/03/2023 05:54:00 PM,35,CLEAR,DAYLIGHT,PARKED MOTOR VEHICLE,DIVIDED - W/MEDIAN (NOT RAISED),NO CONTROLS,IMPROPER LANE USAGE,DISTRACTION - FROM INSIDE VEHICLE,0,0,0,0,17,2,7,512,STONY ISLAND AVE,41.753561,-87.634925,07/03/2023 07:38:00 PM,2023
CR00007403,03/04/2017 09:49:00 PM,30,CLEAR,DAYLIGHT,REAR END,NOT DIVIDED,NO CONTROLS,FAILING TO YIELD RIGHT-OF-WAY,DRIVING SKILLS/KNOWLEDGE/EXPERIENCE,0,0,0,0,21,7,3,1562,47TH ST,41.799898,-87.668869,03/04/2017 11:16:00 PM,2017
CR00007404,06/16/2023 08:40:00 AM,30,SNOW,DAYLIGHT,ANGLE,NOT DIVIDED,TRAFFIC SIGNAL,FAILING TO REDUCE SPEED,FAILING TO YIELD RIGHT-OF-WAY,0,0,1,1,8,6,6,1744,MICHIGAN AVE,41.736369,-87.633498,06/16/2023 10:14:00 AM,2023
CR00007405,10/02/2020 04:22:00 PM,30,SNOW,DAYLIGHT,PARKED MOTOR VEHICLE,NOT DIVIDED,UNKNOWN,UNABLE TO DETERMINE,DISTRACTION - FROM INSIDE VEHICLE,0,0,3,3,16,6,10,651,LAKE SHORE DR,41.906986,-87.767008,10/02/2020 05:07:00 PM,2020
CR00007406,10/15/2023 06:29:00 PM,20,CLEAR,DAYLIGHT,SIDESWIPE SAME DIRECTION,NOT DIVIDED,NO CONTROLS,UNABLE TO DETERMINE,UNABLE TO DETERMINE,0,0,0,0,18,1,10,1124,STONY ISLAND AVE,41.759554,-87.529082,10/15/2023 07:40:00 PM,2023
CR00007407,12/13/2023 10:39:00 AM,35,CLEAR,DARKNESS - LIGHTED ROAD,SIDESWIPE SAME DIRECTION,DIVIDED - W/MEDIAN BARRIER,STOP SIGN/FLASHER,DRIVING SKILLS/KNOWLEDGE/EXPERIENCE,FOLLOWING TOO CLOSELY,0,0,0,0,10,4,12,208,PULASKI RD,41.956501,-87.503937,12/13/2023 11:57:00 AM,2023
CR00007408,11/10/2024 12:24:00 AM,25,RAIN,DAYLIGHT,PARKED MOTOR VEHICLE,ONE-WAY,STOP SIGN/FLASHER,UNABLE TO DETERMINE,WEATHER,0,0,0,0,0,1,11,570,47TH ST,41.712622,-87.553639,11/10/2024 12:43:00 AM,2024
CR00007409,04/16/2024 08:54:00 PM,25,CLEAR,DAYLIGHT,ANGLE,NOT DIVIDED,STOP SIGN/FLASHER,FAILING TO YIELD RIGHT-OF-WAY,UNABLE TO DETERMINE,0,0,0,0,20,3,4,1662,CLARK ST,41.792533,-87.716784,04/16/2024 09:49:00 PM,2024
CR00007410,05/16/2023 12:46:00 PM,30,CLEAR,DAYLIGHT,FIXED OBJECT,NOT DIVIDED,NO CONTROLS,FOLLOWING TOO CLOSELY,IMPROPER OVERTAKING/PASSING,0,0,1,1,12,3,5,1950,47TH ST,41.76732,-87.8498,05/16/2023 02:05:00 PM,2023
CR00007411,12/28/2018 05:23:00 AM,40,CLEAR,DAYLIGHT,REAR END,DIVIDED - W/MEDIAN (NOT RAISED),NO CONTROLS,WEATHER,UNABLE TO DETERMINE,0,0,0,0,5,6,12,826,CICERO AVE,41.793786,-87.705571,12/28/2018 05:47:00 AM,2018
CR00007412,07/29/2019 03:12:00 PM,40,SNOW,DAYLIGHT,PARKED MOTOR VEHICLE,NOT DIVIDED,NO CONTROLS,DRIVING SKILLS/KNOWLEDGE/EXPERIENCE,UNABLE TO DETERMINE,0,1,2,3,15,2,7,2261,CLARK ST,41.835837,-87.591706,07/29/2019 04:55:00 PM,2019
CR00007413,05/05/2023 10:03:00 AM,30,RAIN,DAYLIGHT,PARKED MOTOR VEHICLE,NOT DIVIDED,NO CONTROLS,UNABLE TO DETERMINE,NOT APPLICABLE,0,0,0,0,10,6,5,1447,MILWAUKEE AVE,41.935256,-87.830586,05/05/2023 10:10:00 AM,2023