CRASH_RECORD_ID,CRASH_DATE,POSTED_SPEED_LIMIT,WEATHER_CONDITION,LIGHTING_CONDITION,FIRST_CRASH_TYPE,TRAFFICWAY_TYPE,TRAFFIC_CONTROL_DEVICE,PRIM_CONTRIBUTORY_CAUSE,SEC_CONTRIBUTORY_CAUSE,INJURIES_FATAL,INJURIES_INCAPACITATING,INJURIES_NON_INCAPACITATING,INJURIES_TOTAL,CRASH_HOUR,CRASH_DAY_OF_WEEK,CRASH_MONTH,BEAT_OF_OCCURRENCE,STREET_NAME,LATITUDE,LONGITUDE,DATE_POLICE_NOTIFIED,year
CR00007414,09/19/2021 03:47:00 AM,35,CLEAR,DAYLIGHT,REAR END,FOUR WAY,STOP SIGN/FLASHER,FAILING TO YIELD RIGHT-OF-WAY,DISTRACTION - FROM INSIDE VEHICLE,0,0,0,0,3,1,9,1057,ROOSEVELT RD,41.953988,-87.655198,09/19/2021 05:46:00 AM,2021
CR00007415,07/18/2015 08:14:00 AM,45,CLEAR,DAYLIGHT,TURNING,T-INTERSECTION,NO CONTROLS,UNABLE TO DETERMINE,FAILING TO YIELD RIGHT-OF-WAY,0,0,0,0,8,7,7,2243,ASHLAND AVE,41.873881,-87.764522,07/18/2015 09:20:00 AM,2015
CR00007416,03/24/2016 05:47:00 PM,30,CLOUDY/OVERCAST,DAYLIGHT,ANGLE,T-INTERSECTION,STOP SIGN/FLASHER,UNABLE TO DETERMINE,UNABLE TO DETERMINE,0,0,0,0,17,5,3,1450,MILWAUKEE AVE,41.896046,-87.648999,03/24/2016 07:20:00 PM,2016
CR00007417,02/09/2020 05:58:00 PM,30,CLEAR,DARKNESS - LIGHTED ROAD,SIDESWIPE SAME DIRECTION,DIVIDED - W/MEDIAN (NOT RAISED),NO CONTROLS,UNABLE TO DETERMINE,UNABLE TO DETERMINE,0,0,0,0,17,1,2,909,STONY ISLAND AVE,41.792212,-87.629861,02/09/2020 07:13:00 PM,2020
CR00007418,03/27/2023 02:29:00 PM,35,CLOUDY/OVERCAST,DAYLIGHT,REAR END,NOT DIVIDED,NO CONTROLS,UNABLE TO DETERMINE,UNABLE TO DETERMINE,0,0,0,0,14,2,3,1131,CLARK ST,41.952221,-87.551928,03/27/2023 03:46:00 PM,2023
CR00007419,05/11/2018 10:07:00 AM,30,CLEAR,DAYLIGHT,TURNING,NOT DIVIDED,UNKNOWN,FOLLOWING TOO CLOSELY,FOLLOWING TOO CLOSELY,0,0,2,2,10,6,5,2273,FULLERTON AVE,41.859334,-87.524283,05/11/2018 11:02:00 AM,2018
CR00007420,08/10/2015 12:20:00 PM,15,CLEAR,DAYLIGHT,FIXED OBJECT,DIVIDED - W/MEDIAN BARRIER,NO CONTROLS,UNABLE TO DETERMINE,FOLLOWING TOO CLOSELY,0,0,0,0,12,2,8,1982,ASHLAND AVE,41.836241,-87.632205,08/10/2015 02:08:00 PM,2015
CR00007421,10/31/2019 08:36:00 PM,40,CLOUDY/OVERCAST,DAYLIGHT,REAR TO FRONT,T-INTERSECTION,TRAFFIC SIGNAL,DRIVING SKILLS/KNOWLEDGE/EXPERIENCE,FAILING TO YIELD RIGHT-OF-WAY,0,0,0,0,20,5,10,2035,CLARK ST,41.790894,-87.652518,10/31/2019 08:48:00 PM,2019
CR00007422,04/22/2022 04:41:00 PM,40,CLEAR,DUSK,REAR END,T-INTERSECTION,NO CONTROLS,DRIVING SKILLS/KNOWLEDGE/EXPERIENCE,IMPROPER OVERTAKING/PASSING,0,0,0,0,16,6,4,1453,CLARK ST,41.997733,-87.541496,04/22/2022 05:24:00 PM,2022
CR00007423,09/09/2022 08:01:00 PM,25,CLEAR,DAYLIGHT,TURNING,ONE-WAY,TRAFFIC SIGNAL,UNABLE TO DETERMINE,IMPROPER OVERTAKING/PASSING,0,0,0,0,20,6,9,2129,IRVING PARK RD,41.925872,-87.680063,09/09/2022 09:32:00 PM,2022
CR00007424,05/19/2016 10:15:00 PM,35,CLEAR,DARKNESS - LIGHTED ROAD,PARKED MOTOR VEHICLE,T-INTERSECTION,NO CONTROLS,UNABLE TO DETERMINE,FAILING TO YIELD RIGHT-OF-WAY,0,0,0,0,22,5,5,1628,ASHLAND AVE,41.805212,-87.635951,05/19/2016 11:16:00 PM,2016
CR00007425,05/07/2017 08:18:00 AM,35,SNOW,DARKNESS - LIGHTED ROAD,ANGLE,DIVIDED - W/MEDIAN BARRIER,STOP SIGN/FLASHER,FOLLOWING TOO CLOSELY,NOT APPLICABLE,0,0,1,1,8,1,5,2021,CLARK ST,41.715128,-87.55835,05/07/2017 08:50:00 AM,2017
CR00007426,01/07/2024 02:30:00 PM,15,CLEAR,DAYLIGHT,SIDESWIPE SAME DIRECTION,NOT DIVIDED,STOP SIGN/FLASHER,FAILING TO REDUCE SPEED,IMPROPER OVERTAKING/PASSING,0,0,1,1,14,1,1,2011,ASHLAND AVE,41.702477,-87.781867,01/07/2024 02:47:00 PM,2024
CR00007427,09/15/2022 07:50:00 AM,30,CLEAR,DAYLIGHT,REAR END,DIVIDED - W/MEDIAN (NOT RAISED),TRAFFIC SIGNAL,UNABLE TO DETERMINE,DISREGARDING TRAFFIC SIGNALS,0,0,0,0,7,5,9,2095,STONY ISLAND AVE,41.962274,-87.656618,09/15/2022 08:29:00 AM,2022
CR00007428,09/09/2021 11:45:00 PM,30,FOG/SMOKE/HAZE,DAYLIGHT,TURNING,ONE-WAY,TRAFFIC SIGNAL,FAILING TO YIELD RIGHT-OF-WAY,DRIVING SKILLS/KNOWLEDGE/EXPERIENCE,0,0,0,0,23,5,9,1025,CLARK ST,41.854407,-87.643737,09/10/2021 12:29:00 AM,2021
CR00007429,03/29/2024 03:11:00 PM,30,CLEAR,DARKNESS - LIGHTED ROAD,SIDESWIPE SAME DIRECTION,FOUR WAY,NO CONTROLS,UNABLE TO DETERMINE,NOT APPLICABLE,0,0,0,0,15,6,3,988,KEDZIE AVE,41.834072,-87.545867,03/29/2024 04:28:00 PM,2024
CR00007430,07/07/2019 07:17:00 AM,45,CLEAR,DARKNESS - LIGHTED ROAD,REAR END,ONE-WAY,TRAFFIC SIGNAL,DISTRACTION - FROM INSIDE VEHICLE,FAILING TO YIELD RIGHT-OF-WAY,0,0,1,1,7,1,7,443,79TH ST,41.938337,-87.843022,07/07/2019 07:30:00 AM,2019
CR00007431,06/04/2022 07:19:00 PM,25,CLEAR,DARKNESS,TURNING,T-INTERSECTION,STOP SIGN/FLASHER,UNABLE TO DETERMINE,DISTRACTION - FROM INSIDE VEHICLE,0,0,0,0,19,7,6,1018,FULLERTON AVE,41.984344,-87.786114,06/04/2022 09:10:00 PM,2022
CR00007432,11/03/2021 12:42:00 PM,30,CLOUDY/OVERCAST,DAYLIGHT,TURNING,DIVIDED - W/MEDIAN BARRIER,UNKNOWN,FAILING TO YIELD RIGHT-OF-WAY,UNABLE TO DETERMINE,0,0,0,0,12,4,11,538,STATE ST,41.731532,-87.767534,11/03/2021 02:29:00 PM,2021
CR00007433,10/12/2018 08:03:00 AM,30,FOG/SMOKE/HAZE,DAYLIGHT,REAR END,NOT DIVIDED,NO CONTROLS,IMPROPER LANE USAGE,UNABLE TO DETERMINE,0,0,0,0,8,6,10,323,63RD ST,41.845701,-87.587271,10/12/2018 09:24:00 AM,2018
CR00007434,12/11/2019 02:15:00 PM,30,CLEAR,DAWN,SIDESWIPE SAME DIRECTION,NOT DIVIDED,UNKNOWN,FAILING TO YIELD RIGHT-OF-WAY,WEATHER,0,0,0,0,14,4,12,858,STONY ISLAND AVE,41.897849,-87.698249,12/11/2019 03:03:00 PM,2019
CR00007435,03/17/2024 12:48:00 AM,30,CLEAR,DARKNESS,TURNING,NOT DIVIDED,TRAFFIC SIGNAL,UNABLE TO DETERMINE,NOT APPLICABLE,0,0,0,0,0,1,3,832,DIVISION ST,41.819954,-87.639666,03/17/2024 02:04:00 AM,2024
CR00007436,07/21/2021 04:06:00 PM,25,CLEAR,DAYLIGHT,REAR END,NOT DIVIDED,NO CONTROLS,UNABLE TO DETERMINE,FAILING TO REDUCE SPEED,0,0,0,0,16,4,7,1755,STATE ST,41.958359,-87.784956,07/21/2021 04:09:00 PM,2021
CR00007437,11/22/2022 12:05:00 AM,45,FREEZING RAIN/DRIZZLE,DAYLIGHT,TURNING,ONE-WAY,STOP SIGN/FLASHER,FAILING TO REDUCE SPEED,FOLLOWING TOO CLOSELY,0,0,0,0,0,3,11,355,ELSTON AVE,41.818061,-87.70399,11/22/2022 01:11:00 AM,2022
CR00007438,01/18/2016 08:51:00 PM,40,FREEZING RAIN/DRIZZLE,DAYLIGHT,REAR END,DIVIDED - W/MEDIAN BARRIER,NO CONTROLS,FAILING TO REDUCE SPEED,UNABLE TO DETERMINE,0,0,0,0,20,2,1,2271,MILWAUKEE AVE,41.982235,-87.726269,01/18/2016 09:51:00 PM,2016
CR00007439,10/04/2020 06:47:00 PM,35,CLEAR,DUSK,ANGLE,NOT DIVIDED,NO CONTROLS,FAILING TO REDUCE SPEED,NOT APPLICABLE,0,0,0,0,18,1,10,2489,DIVISION ST,41.706146,-87.831193,10/04/2020 08:15:00 PM,2020
CR00007440,02/06/2024 07:02:00 PM,40,CLEAR,DARKNESS - LIGHTED ROAD,PEDESTRIAN,NOT DIVIDED,STOP SIGN/FLASHER,DRIVING SKILLS/KNOWLEDGE/EXPERIENCE,NOT APPLICABLE,0,0,0,0,19,3,2,1584,HALSTED ST,41.969561,-87.689315,02/06/2024 08:58:00 PM,2024
CR00007441,10/31/2018 08:36:00 PM,45,CLEAR,DAYLIGHT,TURNING,ONE-WAY,TRAFFIC SIGNAL,UNABLE TO DETERMINE,NOT APPLICABLE,0,0,0,0,20,4,10,1283,KEDZIE AVE,41.759305,-87.594389,10/31/2018 10:30:00 PM,2018
CR00007442,07/30/2023 10:07:00 AM,25,CLEAR,DAYLIGHT,SIDESWIPE SAME DIRECTION,FOUR WAY,TRAFFIC SIGNAL,IMPROPER LANE USAGE,FAILING TO YIELD RIGHT-OF-WAY,0,0,0,0,10,1,7,820,ELSTON AVE,41.886324,-87.65284,07/30/2023 11:43:00 AM,2023
CR00007443,05/03/2024 05:50:00 PM,30,CLEAR,DAYLIGHT,REAR END,ONE-WAY,TRAFFIC SIGNAL,IMPROPER LANE USAGE,DISTRACTION - FROM INSIDE VEHICLE,0,0,0,0,17,6,5,1576,CALIFORNIA AVE,41.828932,-87.678722,05/03/2024 06:07:00 PM,2024
CR00007444,02/18/2017 01:57:00 PM,45,CLEAR,DAYLIGHT,REAR END,NOT DIVIDED,YIELD,DISREGARDING TRAFFIC SIGNALS,FAILING TO YIELD RIGHT-OF-WAY,0,0,0,0,13,7,2,1674,ELSTON AVE,41.891837,-87.690356,02/18/2017 03:15:00 PM,2017
CR00007445,08/10/2021 08:25:00 PM,35,CLEAR,DAYLIGHT,SIDESWIPE SAME DIRECTION,DIVIDED - W/MEDIAN (NOT RAISED),PEDESTRIAN CROSSING SIGN,IMPROPER LANE USAGE,FAILING TO REDUCE SPEED,0,0,0,0,20,3,8,1773,MILWAUKEE AVE,41.908555,-87.82455,08/10/2021 08:53:00 PM,2021
CR00007446,11/10/2017 03:40:00 AM,45,CLEAR,DAYLIGHT,PARKED MOTOR VEHICLE,DIVIDED - W/MEDIAN BARRIER,PEDESTRIAN CROSSING SIGN,UNABLE TO DETERMINE,UNABLE TO DETERMINE,0,0,3,3,3,6,11,1294,KEDZIE AVE,41.837504,-87.745335,11/10/2017 03:58:00 AM,2017
CR00007447,12/20/2015 05:43:00 AM,20,CLEAR,DAYLIGHT,REAR END,NOT DIVIDED,NO CONTROLS,IMPROPER OVERTAKING/PASSING,DISTRACTION - FROM INSIDE VEHICLE,0,0,0,0,5,1,12,2436,STONY ISLAND AVE,41.709868,-87.507086,12/20/2015 06:02:00 AM,2015
CR00007448,07/19/2016 11:52:00 AM,20,CLEAR,DARKNESS - LIGHTED ROAD,SIDESWIPE SAME DIRECTION,NOT DIVIDED,STOP SIGN/FLASHER,FOLLOWING TOO CLOSELY,FAILING TO REDUCE SPEED,0,0,0,0,11,3,7,2354,ELSTON AVE,41.9208,-87.705085,07/19/2016 12:27:00 PM,2016
CR00007449,05/29/2024 02:24:00 AM,15,CLEAR,DARKNESS - LIGHTED ROAD,REAR TO FRONT,DIVIDED - W/MEDIAN (NOT RAISED),TRAFFIC SIGNAL,UNABLE TO DETERMINE,NOT APPLICABLE,0,0,0,0,2,4,5,1669,47TH ST,41.929093,-87.613373,05/29/2024 04:04:00 AM,2024
CR00007450,09/07/2021 04:48:00 PM,40,FREEZING RAIN/DRIZZLE,DAYLIGHT,FIXED OBJECT,NOT DIVIDED,NO CONTROLS,FOLLOWING TOO CLOSELY,IMPROPER OVERTAKING/PASSING,0,2,1,3,16,3,9,382,CICERO AVE,41.880731,-87.68081,09/07/2021 05:34:00 PM,2021
CR00007451,01/18/2018 02:08:00 PM,15,CLEAR,DARKNESS,REAR END,DIVIDED - W/MEDIAN (NOT RAISED),STOP SIGN/FLASHER,IMPROPER LANE USAGE,NOT APPLICABLE,0,0,0,0,14,5,1,1318,ELSTON AVE,41.949715,-87.683919,01/18/2018 03:55:00 PM,2018
CR00007452,12/12/2023 08:20:00 AM,25,RAIN,DAYLIGHT,TURNING,NOT DIVIDED,NO CONTROLS,UNABLE TO DETERMINE,UNABLE TO DETERMINE,0,0,1,1,8,3,12,211,FULLERTON AVE,41.818504,-87.534927,12/12/2023 08:32:00 AM,2023
CR00007453,10/24/2022 06:51:00 PM,40,CLOUDY/OVERCAST,DAWN,TURNING,T-INTERSECTION,STOP SIGN/FLASHER,UNABLE TO DETERMINE,NOT APPLICABLE,0,0,0,0,18,2,10,400,HALSTED ST,41.959721,-87.628458,10/24/2022 07:32:00 PM,2022
CR00007454,12/04/2021 11:39:00 AM,45,RAIN,DARKNESS - LIGHTED ROAD,PARKED MOTOR VEHICLE,DIVIDED - W/MEDIAN BARRIER,TRAFFIC SIGNAL,IMPROPER LANE USAGE,NOT APPLICABLE,0,0,0,0,11,7,12,211,ARCHER AVE,41.827578,-87.557355,12/04/2021 01:26:00 PM,2021
CR00007455,03/18/2022 07:06:00 AM,30,CLEAR,DARKNESS - LIGHTED ROAD,REAR END,NOT DIVIDED,PEDESTRIAN CROSSING SIGN,IMPROPER LANE USAGE,UNABLE TO DETERMINE,0,0,0,0,7,6,3,1385,KEDZIE AVE,41.740059,-87.596934,03/18/2022 08:07:00 AM,2022
CR00007456,11/30/2023 09:40:00 AM,35,CLEAR,DAYLIGHT,TURNING,ONE-WAY,NO CONTROLS,IMPROPER OVERTAKING/PASSING,UNABLE TO DETERMINE,0,0,0,0,9,5,11,1470,63RD ST,41.884189,-87.642096,11/30/2023 10:49:00 AM,2023
CR00007457,08/15/2019 08:13:00 AM,15,CLEAR,DAYLIGHT,FIXED OBJECT,NOT DIVIDED,YIELD,FOLLOWING TOO CLOSELY,DISREGARDING TRAFFIC SIGNALS,0,0,0,0,8,5,8,745,ARCHER AVE,41.733553,-87.846573,08/15/2019 09:14:00 AM,2019
CR00007458,07/24/2023 06:07:00 PM,15,RAIN,DUSK,REAR END,T-INTERSECTION,NO CONTROLS,FAILING TO YIELD RIGHT-OF-WAY,UNABLE TO DETERMINE,0,0,0,0,18,2,7,1900,PULASKI RD,41.999896,-87.613821,07/24/2023 06:19:00 PM,2023
CR00007459,01/03/2024 06:47:00 PM,20,FREEZING RAIN/DRIZZLE,DARKNESS - LIGHTED ROAD,REAR END,DIVIDED - W/MEDIAN BARRIER,STOP SIGN/FLASHER,UNABLE TO DETERMINE,NOT APPLICABLE,0,0,0,0,18,4,1,2331,OGDEN AVE,41.900451,-87.613586,01/03/2024 08:12:00 PM,2024
CR00007460,05/26/2017 07:08:00 AM,35,CLEAR,DAYLIGHT,REAR END,NOT DIVIDED,NO CONTROLS,UNABLE TO DETERMINE,IMPROPER OVERTAKING/PASSING,0,0,0,0,7,6,5,318,CALIFORNIA AVE,41.994966,-87.514791,05/26/2017 07:40:00 AM,2017
CR00007461,04/18/2017 04:59:00 AM,35,CLEAR,DARKNESS - LIGHTED ROAD,REAR END,DIVIDED - W/MEDIAN (NOT RAISED),STOP SIGN/FLASHER,FAILING TO YIELD RIGHT-OF-WAY,IMPROPER OVERTAKING/PASSING,0,0,0,0,4,3,4,1577,BROADWAY,41.719377,-87.736745,04/18/2017 05:59:00 AM,2017
CR00007462,06/26/2019 08:44:00 AM,30,FREEZING RAIN/DRIZZLE,DAYLIGHT,TURNING,NOT DIVIDED,TRAFFIC SIGNAL,UNABLE TO DETERMINE,WEATHER,0,0,0,0,8,4,6,1240,WESTERN AVE,41.770718,-87.54989,06/26/2019 09:42:00 AM,2019
CR00007463,09/29/2015 03:38:00 PM,40,SNOW,DAYLIGHT,TURNING,T-INTERSECTION,YIELD,DISTRACTION - FROM INSIDE VEHICLE,DRIVING SKILLS/KNOWLEDGE/EXPERIENCE,0,0,0,0,15,3,9,2212,BROADWAY,41.887042,-87.633625,09/29/2015 03:40:00 PM,2015
CR00007464,04/08/2016 11:53:00 AM,15,CLEAR,DAYLIGHT,TURNING,ONE-WAY,STOP SIGN/FLASHER,DRIVING SKILLS/KNOWLEDGE/EXPERIENCE,FAILING TO REDUCE SPEED,0,0,1,1,11,6,4,2236,DIVISION ST,41.797059,-87.594465,04/08/2016 12:14:00 PM,2016
CR00007465,12/27/2024 04:56:00 PM,30,CLOUDY/OVERCAST,DARKNESS - LIGHTED ROAD,SIDESWIPE SAME DIRECTION,DIVIDED - W/MEDIAN BARRIER,STOP SIGN/FLASHER,FAILING TO YIELD RIGHT-OF-WAY,WEATHER,0,0,0,0,16,6,12,1708,79TH ST,41.776911,-87.566426,12/27/2024 06:00:00 PM,2024
CR00007466,06/06/2016 08:19:00 AM,35,CLEAR,DARKNESS - LIGHTED ROAD,TURNING,NOT DIVIDED,PEDESTRIAN CROSSING SIGN,DRIVING SKILLS/KNOWLEDGE/EXPERIENCE,FAILING TO REDUCE SPEED,0,0,0,0,8,2,6,2071,WESTERN AVE,41.818416,-87.538281,06/06/2016 08:37:00 AM,2016
CR00007467,12/08/2018 03:01:00 PM,30,CLEAR,DAYLIGHT,REAR END,ONE-WAY,TRAFFIC SIGNAL,FAILING TO YIELD RIGHT-OF-WAY,FOLLOWING TOO CLOSELY,0,0,0,0,15,7,12,967,ASHLAND AVE,41.736021,-87.647221,12/08/2018 03:28:00 PM,2018
CR00007468,09/20/2016 07:32:00 AM,35,CLEAR,DAWN,REAR END,NOT DIVIDED,NO CONTROLS,UNABLE TO DETERMINE,IMPROPER LANE USAGE,0,0,0,0,7,3,9,107,FULLERTON AVE,41.797158,-87.66547,09/20/2016 07:44:00 AM,2016
CR00007469,01/16/2021 02:43:00 PM,40,CLEAR,DARKNESS - LIGHTED ROAD,PARKED MOTOR VEHICLE,DIVIDED - W/MEDIAN (NOT RAISED),TRAFFIC SIGNAL,DRIVING SKILLS/KNOWLEDGE/EXPERIENCE,FAILING TO REDUCE SPEED,0,0,0,0,14,7,1,564,IRVING PARK RD,41.814167,-87.640191,01/16/2021 03:04:00 PM,2021
CR00007470,04/03/2023 09:01:00 PM,15,CLEAR,DARKNESS - LIGHTED ROAD,SIDESWIPE SAME DIRECTION,ONE-WAY,TRAFFIC SIGNAL,IMPROPER LANE USAGE,IMPROPER OVERTAKING/PASSING,0,0,0,0,21,2,4,877,DIVISION ST,41.70044,-87.504272,04/03/2023 09:33:00 PM,2023
CR00007471,05/28/2020 07:54:00 AM,25,CLEAR,DAYLIGHT,REAR END,NOT DIVIDED,STOP SIGN/FLASHER,UNABLE TO DETERMINE,UNABLE TO DETERMINE,0,0,3,3,7,5,5,1021,79TH ST,41.702697,-87.67754,05/28/2020 08:13:00 AM,2020
CR00007472,08/28/2022 03:11:00 AM,30,CLEAR,DAYLIGHT,TURNING,NOT DIVIDED,NO CONTROLS,IMPROPER LANE USAGE,NOT APPLICABLE,0,2,0,2,3,1,8,1724,HALSTED ST,41.789154,-87.700038,08/28/2022 03:42:00 AM,2022
CR00007473,12/30/2015 12:37:00 PM,45,CLEAR,DARKNESS - LIGHTED ROAD,PARKED MOTOR VEHICLE,DIVIDED - W/MEDIAN (NOT RAISED),TRAFFIC SIGNAL,FOLLOWING TOO CLOSELY,IMPROPER LANE USAGE,0,0,1,1,12,4,12,920,79TH ST,41.796203,-87.697736,12/30/2015 02:09:00 PM,2015
CR00007474,03/16/2024 03:41:00 PM,40,RAIN,DAYLIGHT,ANGLE,T-INTERSECTION,NO CONTROLS,UNABLE TO DETERMINE,IMPROPER LANE USAGE,0,0,0,0,15,7,3,311,DAMEN AVE,41.732125,-87.837846,03/16/2024 05:28:00 PM,2024
CR00007475,09/11/2018 06:34:00 PM,30,RAIN,DAYLIGHT,PARKED MOTOR VEHICLE,DIVIDED - W/MEDIAN (NOT RAISED),NO CONTROLS,UNABLE TO DETERMINE,FAILING TO YIELD RIGHT-OF-WAY,0,0,0,0,18,3,9,1517,LAKE SHORE DR,41.754119,-87.815446,09/11/2018 07:03:00 PM,2018
CR00007476,03/05/2015 11:48:00 AM,45,CLEAR,DARKNESS - LIGHTED ROAD,ANGLE,NOT DIVIDED,TRAFFIC SIGNAL,DRIVING SKILLS/KNOWLEDGE/EXPERIENCE,UNABLE TO DETERMINE,0,0,0,0,11,5,3,1501,WESTERN AVE,41.988402,-87.606461,03/05/2015 12:10:00 PM,2015
CR00007477,03/07/2016 01:59:00 PM,35,CLEAR,DAYLIGHT,ANGLE,NOT DIVIDED,TRAFFIC SIGNAL,UNABLE TO DETERMINE,FAILING TO YIELD RIGHT-OF-WAY,0,0,0,0,13,2,3,1833,79TH ST,41.880993,-87.55096,03/07/2016 02:25:00 PM,2016
CR00007478,04/09/2022 06:42:00 PM,30,CLEAR,DAYLIGHT,TURNING,DIVIDED - W/MEDIAN (NOT RAISED),YIELD,FAILING TO YIELD RIGHT-OF-WAY,IMPROPER OVERTAKING/PASSING,0,0,0,0,18,7,4,2289,ASHLAND AVE,41.843628,-87.705807,04/09/2022 08:08:00 PM,2022
CR00007479,05/01/2019 12:29:00 PM,30,CLEAR,DUSK,PARKED MOTOR VEHICLE,NOT DIVIDED,STOP SIGN/FLASHER,DISREGARDING TRAFFIC SIGNALS,UNABLE TO DETERMINE,0,2,0,2,12,4,5,231,CICERO AVE,41.743867,-87.625753,05/01/2019 02:16:00 PM,2019
CR00007480,08/22/2021 08:43:00 PM,35,CLEAR,DARKNESS - LIGHTED ROAD,FIXED OBJECT,NOT DIVIDED,STOP SIGN/FLASHER,UNABLE TO DETERMINE,FAILING TO YIELD RIGHT-OF-WAY,0,0,0,0,20,1,8,2093,STONY ISLAND AVE,41.917558,-87.833352,08/22/2021 10:38:00 PM,2021
CR00007481,05/19/2019 11:10:00 AM,25,CLOUDY/OVERCAST,DAYLIGHT,REAR END,ONE-WAY,NO CONTROLS,UNABLE TO DETERMINE,NOT APPLICABLE,0,0,1,1,11,1,5,1462,DAMEN AVE,41.906951,-87.697579,05/19/2019 12:38:00 PM,2019
CR00007482,03/26/2022 04:41:00 PM,30,CLOUDY/OVERCAST,DARKNESS - LIGHTED ROAD,TURNING,NOT DIVIDED,TRAFFIC SIGNAL,DRIVING SKILLS/KNOWLEDGE/EXPERIENCE,FOLLOWING TOO CLOSELY,0,0,0,0,16,7,3,1043,MILWAUKEE AVE,41.705983,-87.836555,03/26/2022 06:19:00 PM,2022
CR00007483,04/11/2021 10:41:00 PM,20,SNOW,DARKNESS - LIGHTED ROAD,ANGLE,FOUR WAY,NO CONTROLS,FOLLOWING TOO CLOSELY,UNABLE TO DETERMINE,0,0,0,0,22,1,4,1886,ROOSEVELT RD,41.792141,-87.520075,04/12/2021 12:01:00 AM,2021
CR00007484,07/10/2024 06:55:00 PM,15,CLEAR,DAYLIGHT,REAR END,NOT DIVIDED,TRAFFIC SIGNAL,IMPROPER OVERTAKING/PASSING,UNABLE TO DETERMINE,0,0,0,0,18,4,7,735,ASHLAND AVE,41.90709,-87.614349,07/10/2024 07:00:00 PM,2024
CR00007485,02/13/2015 07:58:00 AM,20,CLEAR,DAYLIGHT,TURNING,FOUR WAY,UNKNOWN,UNABLE TO DETERMINE,NOT APPLICABLE,0,0,0,0,7,6,2,586,IRVING PARK RD,41.846655,-87.764354,02/13/2015 08:15:00 AM,2015
CR00007486,12/20/2019 06:25:00 AM,35,CLEAR,DUSK,PEDESTRIAN,T-INTERSECTION,TRAFFIC SIGNAL,DISTRACTION - FROM INSIDE VEHICLE,FOLLOWING TOO CLOSELY,0,0,1,1,6,6,12,447,79TH ST,41.991087,-87.517096,12/20/2019 06:35:00 AM,2019
CR00007487,07/02/2020 12:01:00 PM,30,SNOW,DAYLIGHT,REAR END,DIVIDED - W/MEDIAN (NOT RAISED),STOP SIGN/FLASHER,FOLLOWING TOO CLOSELY,UNABLE TO DETERMINE,0,0,0,0,12,5,7,1117,ARCHER AVE,41.993212,-87.799952,07/02/2020 01:11:00 PM,2020
CR00007488,03/20/2023 06:38:00 PM,15,RAIN,DAYLIGHT,SIDESWIPE SAME DIRECTION,NOT DIVIDED,NO CONTROLS,UNABLE TO DETERMINE,DISREGARDING TRAFFIC SIGNALS,0,0,0,0,18,2,3,213,CALIFORNIA AVE,41.75824,-87.790197,03/20/2023 07:00:00 PM,2023
CR00007489,11/06/2016 06:48:00 PM,40,CLOUDY/OVERCAST,DARKNESS,SIDESWIPE SAME DIRECTION,NOT DIVIDED,STOP SIGN/FLASHER,UNABLE TO DETERMINE,IMPROPER OVERTAKING/PASSING,0,0,0,0,18,1,11,104,STONY ISLAND AVE,41.739849,-87.668535,11/06/2016 07:46:00 PM,2016
CR00007490,03/31/2015 04:57:00 PM,15,FOG/SMOKE/HAZE,DAYLIGHT,REAR TO FRONT,NOT DIVIDED,UNKNOWN,UNABLE TO DETERMINE,UNABLE TO DETERMINE,0,1,2,3,16,3,3,1843,ELSTON AVE,41.759094,-87.633595,03/31/2015 06:48:00 PM,2015
CR00007491,08/17/2016 01:29:00 AM,30,CLEAR,DUSK,REAR END,DIVIDED - W/MEDIAN (NOT RAISED),STOP SIGN/FLASHER,UNABLE TO DETERMINE,NOT APPLICABLE,0,0,0,0,1,4,8,898,CLARK ST,41.810554,-87.569923,08/17/2016 02:12:00 AM,2016
CR00007492,06/02/2024 07:58:00 AM,30,RAIN,DAYLIGHT,FIXED OBJECT,NOT DIVIDED,TRAFFIC SIGNAL,UNABLE TO DETERMINE,UNABLE TO DETERMINE,0,0,0,0,7,1,6,582,CLARK ST,41.749263,-87.689809,06/02/2024 08:23:00 AM,2024
CR00007493,01/14/2019 09:06:00 AM,40,RAIN,DAYLIGHT,FIXED OBJECT,FOUR WAY,TRAFFIC SIGNAL,FOLLOWING TOO CLOSELY,UNABLE TO DETERMINE,0,0,0,0,9,2,1,531,KEDZIE AVE,41.870251,-87.745945,01/14/2019 10:07:00 AM,2019
CR00007494,01/28/2017 09:25:00 PM,30,CLEAR,DAYLIGHT,ANGLE,NOT DIVIDED,NO CONTROLS,FAILING TO YIELD RIGHT-OF-WAY,UNABLE TO DETERMINE,0,0,0,0,21,7,1,704,FULLERTON AVE,41.809908,-87.830526,01/28/2017 09:47:00 PM,2017
CR00007495,01/22/2016 05:39:00 PM,35,FREEZING RAIN/DRIZZLE,DARKNESS - LIGHTED ROAD,REAR END,DIVIDED - W/MEDIAN (NOT RAISED),NO CONTROLS,UNABLE TO DETERMINE,UNABLE TO DETERMINE,0,0,1,1,17,6,1,1420,ELSTON AVE,41.882014,-87.789825,01/22/2016 06:06:00 PM,2016