CRASH_RECORD_ID,CRASH_DATE,POSTED_SPEED_LIMIT,WEATHER_CONDITION,LIGHTING_CONDITION,FIRST_CRASH_TYPE,TRAFFICWAY_TYPE,TRAFFIC_CONTROL_DEVICE,PRIM_CONTRIBUTORY_CAUSE,SEC_CONTRIBUTORY_CAUSE,INJURIES_FATAL,INJURIES_INCAPACITATING,INJURIES_NON_INCAPACITATING,INJURIES_TOTAL,CRASH_HOUR,CRASH_DAY_OF_WEEK,CRASH_MONTH,BEAT_OF_OCCURRENCE,STREET_NAME,LATITUDE,LONGITUDE,DATE_POLICE_NOTIFIED,year
CR00007496,07/14/2018 08:36:00 AM,45,CLEAR,DAYLIGHT,FIXED OBJECT,DIVIDED - W/MEDIAN BARRIER,TRAFFIC SIGNAL,FOLLOWING TOO CLOSELY,IMPROPER OVERTAKING/PASSING,0,0,0,0,8,7,7,108,79TH ST,41.969399,-87.841062,07/14/2018 09:51:00 AM,2018
CR00007497,11/30/2020 06:28:00 PM,30,SNOW,DARKNESS - LIGHTED ROAD,SIDESWIPE SAME DIRECTION,NOT DIVIDED,NO CONTROLS,FOLLOWING TOO CLOSELY,IMPROPER OVERTAKING/PASSING,0,0,1,1,18,2,11,1829,CICERO AVE,41.985806,-87.666135,11/30/2020 07:40:00 PM,2020
CR00007498,10/03/2015 10:14:00 AM,35,CLEAR,DARKNESS - LIGHTED ROAD,ANGLE,DIVIDED - W/MEDIAN BARRIER,STOP SIGN/FLASHER,FOLLOWING TOO CLOSELY,FOLLOWING TOO CLOSELY,0,0,0,0,10,7,10,1135,DAMEN AVE,41.853321,-87.766733,10/03/2015 10:18:00 AM,2015
CR00007499,05/02/2024 04:42:00 PM,45,SNOW,DAYLIGHT,SIDESWIPE SAME DIRECTION,NOT DIVIDED,STOP SIGN/FLASHER,WEATHER,DRIVING SKILLS/KNOWLEDGE/EXPERIENCE,0,0,0,0,16,5,5,125,CALIFORNIA AVE,41.73718,-87.753317,05/02/2024 04:43:00 PM,2024
CR00007500,01/10/2016 03:57:00 PM,20,CLEAR,DARKNESS - LIGHTED ROAD,PARKED MOTOR VEHICLE,ONE-WAY,TRAFFIC SIGNAL,DISREGARDING TRAFFIC SIGNALS,NOT APPLICABLE,0,0,1,1,15,1,1,1282,DIVISION ST,41.831477,-87.848864,01/10/2016 04:12:00 PM,2016
CR00007501,05/07/2024 06:45:00 PM,40,RAIN,DUSK,SIDESWIPE SAME DIRECTION,FOUR WAY,NO CONTROLS,UNABLE TO DETERMINE,FAILING TO REDUCE SPEED,0,0,0,0,18,3,5,1377,LAKE SHORE DR,41.919177,-87.59146,05/07/2024 07:52:00 PM,2024
CR00007502,03/08/2019 04:20:00 PM,30,CLEAR,DARKNESS - LIGHTED ROAD,REAR TO FRONT,FOUR WAY,STOP SIGN/FLASHER,DISREGARDING TRAFFIC SIGNALS,NOT APPLICABLE,0,0,0,0,16,6,3,749,BROADWAY,41.986375,-87.526212,03/08/2019 05:54:00 PM,2019
CR00007503,02/02/2018 05:13:00 PM,25,CLEAR,DAYLIGHT,TURNING,NOT DIVIDED,NO CONTROLS,IMPROPER LANE USAGE,NOT APPLICABLE,0,1,3,4,17,6,2,1412,CLARK ST,41.793816,-87.73493,02/02/2018 06:51:00 PM,2018
CR00007504,04/26/2015 05:28:00 AM,45,RAIN,DAYLIGHT,SIDESWIPE SAME DIRECTION,NOT DIVIDED,TRAFFIC SIGNAL,UNABLE TO DETERMINE,UNABLE TO DETERMINE,0,0,0,0,5,1,4,1276,CICERO AVE,41.810825,-87.528219,04/26/2015 06:35:00 AM,2015
CR00007505,07/03/2015 11:10:00 AM,30,CLEAR,DAYLIGHT,REAR END,NOT DIVIDED,TRAFFIC SIGNAL,FOLLOWING TOO CLOSELY,UNABLE TO DETERMINE,0,0,0,0,11,6,7,2143,STONY ISLAND AVE,41.77122,-87.635408,07/03/2015 12:43:00 PM,2015
CR00007506,03/03/2024 03:56:00 PM,25,CLOUDY/OVERCAST,DAWN,REAR END,NOT DIVIDED,TRAFFIC SIGNAL,DRIVING SKILLS/KNOWLEDGE/EXPERIENCE,UNABLE TO DETERMINE,0,0,2,2,15,1,3,861,79TH ST,41.865034,-87.633971,03/03/2024 03:58:00 PM,2024
CR00007507,10/13/2020 09:30:00 PM,30,CLEAR,DAYLIGHT,FIXED OBJECT,NOT DIVIDED,NO CONTROLS,DISREGARDING TRAFFIC SIGNALS,FOLLOWING TOO CLOSELY,0,0,0,0,21,3,10,736,DAMEN AVE,41.833828,-87.513602,10/13/2020 11:01:00 PM,2020
CR00007508,02/15/2022 08:49:00 PM,35,CLEAR,DARKNESS - LIGHTED ROAD,SIDESWIPE SAME DIRECTION,DIVIDED - W/MEDIAN (NOT RAISED),TRAFFIC SIGNAL,DISREGARDING TRAFFIC SIGNALS,NOT APPLICABLE,0,0,0,0,20,3,2,142,BROADWAY,41.976282,-87.764127,02/15/2022 09:13:00 PM,2022
CR00007509,09/05/2021 09:42:00 PM,20,RAIN,DAYLIGHT,SIDESWIPE SAME DIRECTION,DIVIDED - W/MEDIAN BARRIER,PEDESTRIAN CROSSING SIGN,DISREGARDING TRAFFIC SIGNALS,UNABLE TO DETERMINE,0,0,0,0,21,1,9,2311,STATE ST,41.730711,-87.59777,09/05/2021 10:04:00 PM,2021
CR00007510,04/13/2016 08:28:00 AM,20,FREEZING RAIN/DRIZZLE,DAYLIGHT,REAR END,ONE-WAY,PEDESTRIAN CROSSING SIGN,UNABLE TO DETERMINE,FAILING TO REDUCE SPEED,0,0,0,0,8,4,4,1238,FULLERTON AVE,41.707933,-87.589478,04/13/2016 09:40:00 AM,2016
CR00007511,11/20/2024 06:52:00 PM,35,CLEAR,DAYLIGHT,PARKED MOTOR VEHICLE,NOT DIVIDED,NO CONTROLS,WEATHER,NOT APPLICABLE,0,0,0,0,18,4,11,121,WESTERN AVE,41.841887,-87.83552,11/20/2024 07:14:00 PM,2024
CR00007512,05/29/2022 07:21:00 PM,25,CLEAR,DUSK,REAR END,DIVIDED - W/MEDIAN (NOT RAISED),TRAFFIC SIGNAL,DISREGARDING TRAFFIC SIGNALS,FOLLOWING TOO CLOSELY,0,0,0,0,19,1,5,1802,ELSTON AVE,41.875178,-87.565587,05/29/2022 08:55:00 PM,2022
CR00007513,05/25/2015 10:57:00 AM,30,CLEAR,DAYLIGHT,ANGLE,NOT DIVIDED,TRAFFIC SIGNAL,FAILING TO YIELD RIGHT-OF-WAY,FOLLOWING TOO CLOSELY,0,0,0,0,10,2,5,963,STATE ST,41.807396,-87.779543,05/25/2015 12:07:00 PM,2015
CR00007514,04/28/2020 08:33:00 AM,30,RAIN,DAYLIGHT,ANGLE,FOUR WAY,NO CONTROLS,DISTRACTION - FROM INSIDE VEHICLE,NOT APPLICABLE,0,0,0,0,8,3,4,1160,47TH ST,41.7533,-87.812943,04/28/2020 10:22:00 AM,2020
CR00007515,11/19/2023 02:06:00 PM,20,CLEAR,DAYLIGHT,REAR END,T-INTERSECTION,PEDESTRIAN CROSSING SIGN,UNABLE TO DETERMINE,IMPROPER OVERTAKING/PASSING,0,0,0,0,14,1,11,1168,LAKE SHORE DR,41.768759,-87.515648,11/19/2023 02:36:00 PM,2023
CR00007516,05/23/2015 06:20:00 PM,35,CLEAR,DAYLIGHT,TURNING,DIVIDED - W/MEDIAN BARRIER,NO CONTROLS,UNABLE TO DETERMINE,FAILING TO YIELD RIGHT-OF-WAY,0,0,0,0,18,7,5,1138,STATE ST,41.901183,-87.567105,05/23/2015 07:02:00 PM,2015
CR00007517,05/27/2019 11:46:00 PM,35,CLEAR,DARKNESS - LIGHTED ROAD,SIDESWIPE SAME DIRECTION,ONE-WAY,STOP SIGN/FLASHER,FOLLOWING TOO CLOSELY,FOLLOWING TOO CLOSELY,0,0,2,2,23,2,5,2166,DAMEN AVE,41.881947,-87.509081,05/28/2019 01:42:00 AM,2019
CR00007518,08/04/2019 07:22:00 AM,30,CLEAR,DARKNESS - LIGHTED ROAD,PARKED MOTOR VEHICLE,T-INTERSECTION,NO CONTROLS,DRIVING SKILLS/KNOWLEDGE/EXPERIENCE,FOLLOWING TOO CLOSELY,0,0,0,0,7,1,8,1082,OGDEN AVE,41.929048,-87.674578,08/04/2019 09:00:00 AM,2019
CR00007519,10/03/2015 05:11:00 PM,20,CLEAR,DAYLIGHT,REAR END,NOT DIVIDED,STOP SIGN/FLASHER,FAILING TO REDUCE SPEED,FAILING TO YIELD RIGHT-OF-WAY,0,0,0,0,17,7,10,2007,OGDEN AVE,41.868438,-87.52344,10/03/2015 05:23:00 PM,2015
CR00007520,10/14/2016 07:37:00 PM,15,SNOW,DAYLIGHT,ANGLE,NOT DIVIDED,TRAFFIC SIGNAL,FAILING TO REDUCE SPEED,UNABLE TO DETERMINE,0,2,3,5,19,6,10,467,MILWAUKEE AVE,41.840637,-87.738588,10/14/2016 08:08:00 PM,2016
CR00007521,11/29/2018 02:48:00 AM,15,CLEAR,DAYLIGHT,TURNING,ONE-WAY,NO CONTROLS,UNABLE TO DETERMINE,DRIVING SKILLS/KNOWLEDGE/EXPERIENCE,0,0,0,0,2,5,11,1959,STATE ST,41.891315,-87.604456,11/29/2018 04:20:00 AM,2018
CR00007522,05/29/2015 12:47:00 PM,30,CLEAR,DAYLIGHT,REAR END,NOT DIVIDED,STOP SIGN/FLASHER,DISTRACTION - FROM INSIDE VEHICLE,UNABLE TO DETERMINE,0,0,1,1,12,6,5,2499,STATE ST,41.835419,-87.574487,05/29/2015 02:12:00 PM,2015
CR00007523,06/18/2021 10:53:00 AM,40,RAIN,DAYLIGHT,FIXED OBJECT,FOUR WAY,STOP SIGN/FLASHER,DRIVING SKILLS/KNOWLEDGE/EXPERIENCE,DISREGARDING TRAFFIC SIGNALS,0,0,0,0,10,6,6,1366,IRVING PARK RD,41.728744,-87.628703,06/18/2021 12:10:00 PM,2021
CR00007524,11/30/2024 03:56:00 PM,35,CLEAR,DARKNESS,ANGLE,NOT DIVIDED,NO CONTROLS,DISTRACTION - FROM INSIDE VEHICLE,UNABLE TO DETERMINE,0,0,0,0,15,7,11,451,ARCHER AVE,41.903308,-87.541829,11/30/2024 04:02:00 PM,2024
CR00007525,07/13/2019 07:01:00 PM,30,RAIN,DARKNESS - LIGHTED ROAD,SIDESWIPE SAME DIRECTION,DIVIDED - W/MEDIAN (NOT RAISED),TRAFFIC SIGNAL,FAILING TO YIELD RIGHT-OF-WAY,UNABLE TO DETERMINE,0,0,1,1,19,7,7,377,47TH ST,41.96715,-87.589265,07/13/2019 07:53:00 PM,2019
CR00007526,01/08/2022 02:41:00 AM,15,CLOUDY/OVERCAST,DAYLIGHT,PARKED MOTOR VEHICLE,DIVIDED - W/MEDIAN (NOT RAISED),NO CONTROLS,UNABLE TO DETERMINE,DRIVING SKILLS/KNOWLEDGE/EXPERIENCE,0,0,0,0,2,7,1,1910,IRVING PARK RD,41.99827,-87.698459,01/08/2022 02:57:00 AM,2022
CR00007527,09/26/2017 06:57:00 PM,20,CLOUDY/OVERCAST,DAYLIGHT,REAR END,DIVIDED - W/MEDIAN BARRIER,NO CONTROLS,DISREGARDING TRAFFIC SIGNALS,UNABLE TO DETERMINE,0,0,0,0,18,3,9,1377,CALIFORNIA AVE,41.786039,-87.736765,09/26/2017 07:59:00 PM,2017
CR00007528,02/19/2020 06:03:00 PM,25,CLEAR,DARKNESS - LIGHTED ROAD,ANGLE,NOT DIVIDED,STOP SIGN/FLASHER,UNABLE TO DETERMINE,IMPROPER LANE USAGE,0,0,0,0,18,4,2,984,CALIFORNIA AVE,41.916505,-87.617434,02/19/2020 06:10:00 PM,2020
CR00007529,07/01/2016 04:38:00 PM,25,SNOW,DAYLIGHT,REAR END,ONE-WAY,YIELD,UNABLE TO DETERMINE,NOT APPLICABLE,0,0,0,0,16,6,7,1241,STATE ST,41.867309,-87.712359,07/01/2016 05:00:00 PM,2016
CR00007530,07/03/2015 11:38:00 PM,35,FOG/SMOKE/HAZE,DAYLIGHT,FIXED OBJECT,NOT DIVIDED,NO CONTROLS,DRIVING SKILLS/KNOWLEDGE/EXPERIENCE,FOLLOWING TOO CLOSELY,0,0,3,3,23,6,7,1688,MICHIGAN AVE,41.98479,-87.754794,07/04/2015 12:01:00 AM,2015
CR00007531,04/12/2018 01:11:00 PM,30,CLEAR,DAWN,TURNING,DIVIDED - W/MEDIAN BARRIER,NO CONTROLS,UNABLE TO DETERMINE,UNABLE TO DETERMINE,0,0,0,0,13,5,4,2125,HALSTED ST,41.842644,-87.76083,04/12/2018 01:32:00 PM,2018
CR00007532,04/14/2020 05:13:00 PM,35,CLEAR,DARKNESS,SIDESWIPE SAME DIRECTION,DIVIDED - W/MEDIAN (NOT RAISED),STOP SIGN/FLASHER,FAILING TO YIELD RIGHT-OF-WAY,FAILING TO YIELD RIGHT-OF-WAY,0,0,2,2,17,3,4,553,STATE ST,41.8706,-87.521426,04/14/2020 06:03:00 PM,2020
CR00007533,11/05/2016 06:25:00 PM,45,CLEAR,DUSK,REAR END,NOT DIVIDED,NO CONTROLS,DISREGARDING TRAFFIC SIGNALS,UNABLE TO DETERMINE,0,0,1,1,18,7,11,164,DIVISION ST,41.970483,-87.7697,11/05/2016 08:01:00 PM,2016
CR00007534,12/23/2020 05:50:00 PM,30,CLOUDY/OVERCAST,DAYLIGHT,REAR END,ONE-WAY,TRAFFIC SIGNAL,UNABLE TO DETERMINE,NOT APPLICABLE,0,0,1,1,17,4,12,604,OGDEN AVE,41.974061,-87.679976,12/23/2020 06:28:00 PM,2020
CR00007535,06/17/2018 01:52:00 PM,25,CLEAR,DARKNESS - LIGHTED ROAD,ANGLE,DIVIDED - W/MEDIAN (NOT RAISED),NO CONTROLS,DISREGARDING TRAFFIC SIGNALS,WEATHER,0,0,1,1,13,1,6,426,DAMEN AVE,41.704233,-87.832234,06/17/2018 02:55:00 PM,2018
CR00007536,03/17/2018 03:33:00 PM,30,CLEAR,DARKNESS - LIGHTED ROAD,ANGLE,NOT DIVIDED,PEDESTRIAN CROSSING SIGN,UNABLE TO DETERMINE,UNABLE TO DETERMINE,0,0,0,0,15,7,3,842,ARCHER AVE,41.845907,-87.612268,03/17/2018 04:42:00 PM,2018
CR00007537,05/10/2017 11:14:00 AM,30,CLEAR,DAYLIGHT,FIXED OBJECT,DIVIDED - W/MEDIAN (NOT RAISED),TRAFFIC SIGNAL,FAILING TO YIELD RIGHT-OF-WAY,NOT APPLICABLE,0,0,0,0,11,4,5,1448,63RD ST,41.965579,-87.739541,05/10/2017 12:40:00 PM,2017
CR00007538,08/02/2023 01:02:00 PM,20,RAIN,DAYLIGHT,SIDESWIPE SAME DIRECTION,NOT DIVIDED,TRAFFIC SIGNAL,IMPROPER LANE USAGE,DRIVING SKILLS/KNOWLEDGE/EXPERIENCE,0,0,0,0,13,4,8,1223,CICERO AVE,41.72218,-87.662501,08/02/2023 02:09:00 PM,2023
CR00007539,12/16/2021 08:53:00 PM,40,RAIN,DAYLIGHT,REAR END,DIVIDED - W/MEDIAN BARRIER,STOP SIGN/FLASHER,IMPROPER OVERTAKING/PASSING,FOLLOWING TOO CLOSELY,0,0,0,0,20,5,12,331,79TH ST,41.975917,-87.721273,12/16/2021 09:19:00 PM,2021
CR00007540,02/23/2015 07:37:00 PM,40,CLEAR,DARKNESS - LIGHTED ROAD,REAR END,FOUR WAY,NO CONTROLS,DISTRACTION - FROM INSIDE VEHICLE,FOLLOWING TOO CLOSELY,0,0,0,0,19,2,2,931,CLARK ST,41.889587,-87.546928,02/23/2015 08:49:00 PM,2015
CR00007541,08/29/2021 09:33:00 AM,30,CLEAR,DAYLIGHT,ANGLE,NOT DIVIDED,TRAFFIC SIGNAL,DISTRACTION - FROM INSIDE VEHICLE,WEATHER,0,0,0,0,9,1,8,969,79TH ST,41.843309,-87.821978,08/29/2021 11:10:00 AM,2021
CR00007542,05/12/2024 01:31:00 PM,30,CLEAR,DARKNESS - LIGHTED ROAD,TURNING,NOT DIVIDED,UNKNOWN,FAILING TO YIELD RIGHT-OF-WAY,DISREGARDING TRAFFIC SIGNALS,0,0,0,0,13,1,5,749,IRVING PARK RD,41.806076,-87.75832,05/12/2024 02:27:00 PM,2024
CR00007543,05/07/2016 07:40:00 PM,35,FOG/SMOKE/HAZE,DARKNESS - LIGHTED ROAD,TURNING,NOT DIVIDED,NO CONTROLS,UNABLE TO DETERMINE,FOLLOWING TOO CLOSELY,0,0,0,0,19,7,5,574,MILWAUKEE AVE,41.975006,-87.582779,05/07/2016 08:51:00 PM,2016
CR00007544,10/08/2018 05:33:00 PM,20,CLOUDY/OVERCAST,DAYLIGHT,SIDESWIPE SAME DIRECTION,T-INTERSECTION,TRAFFIC SIGNAL,UNABLE TO DETERMINE,UNABLE TO DETERMINE,0,0,0,0,17,2,10,854,CICERO AVE,41.715632,-87.615357,10/08/2018 07:23:00 PM,2018
CR00007545,04/28/2023 07:34:00 AM,15,CLOUDY/OVERCAST,DARKNESS - LIGHTED ROAD,REAR END,FOUR WAY,TRAFFIC SIGNAL,IMPROPER LANE USAGE,UNABLE TO DETERMINE,0,0,0,0,7,6,4,2501,MILWAUKEE AVE,41.95233,-87.537043,04/28/2023 07:45:00 AM,2023
CR00007546,04/21/2016 07:59:00 AM,25,RAIN,DARKNESS,REAR END,ONE-WAY,STOP SIGN/FLASHER,WEATHER,NOT APPLICABLE,0,0,0,0,7,5,4,273,PULASKI RD,41.90449,-87.636491,04/21/2016 09:15:00 AM,2016
CR00007547,06/23/2022 01:37:00 AM,20,CLEAR,DAYLIGHT,PARKED MOTOR VEHICLE,DIVIDED - W/MEDIAN BARRIER,NO CONTROLS,FAILING TO REDUCE SPEED,FOLLOWING TOO CLOSELY,0,0,0,0,1,5,6,1996,47TH ST,41.931594,-87.719532,06/23/2022 02:02:00 AM,2022
CR00007548,11/24/2016 08:29:00 PM,20,FOG/SMOKE/HAZE,DARKNESS - LIGHTED ROAD,TURNING,NOT DIVIDED,NO CONTROLS,UNABLE TO DETERMINE,FAILING TO YIELD RIGHT-OF-WAY,0,0,0,0,20,5,11,206,ARCHER AVE,41.703971,-87.607678,11/24/2016 10:28:00 PM,2016
CR00007549,09/17/2017 01:14:00 AM,15,FOG/SMOKE/HAZE,DAYLIGHT,SIDESWIPE SAME DIRECTION,NOT DIVIDED,UNKNOWN,FAILING TO YIELD RIGHT-OF-WAY,UNABLE TO DETERMINE,0,0,0,0,1,1,9,1361,ASHLAND AVE,41.800863,-87.73786,09/17/2017 02:01:00 AM,2017
CR00007550,02/21/2016 10:02:00 PM,35,FREEZING RAIN/DRIZZLE,DAYLIGHT,REAR TO FRONT,NOT DIVIDED,NO CONTROLS,DISTRACTION - FROM INSIDE VEHICLE,NOT APPLICABLE,0,0,0,0,22,1,2,1435,ASHLAND AVE,41.947238,-87.761617,02/21/2016 11:14:00 PM,2016
CR00007551,07/20/2016 12:58:00 PM,30,CLEAR,DARKNESS,SIDESWIPE SAME DIRECTION,ONE-WAY,UNKNOWN,FAILING TO YIELD RIGHT-OF-WAY,NOT APPLICABLE,0,0,0,0,12,4,7,575,PULASKI RD,41.780275,-87.505503,07/20/2016 02:10:00 PM,2016
CR00007552,07/07/2021 08:09:00 PM,40,CLEAR,DARKNESS - LIGHTED ROAD,FIXED OBJECT,FOUR WAY,NO CONTROLS,FOLLOWING TOO CLOSELY,DRIVING SKILLS/KNOWLEDGE/EXPERIENCE,0,0,0,0,20,4,7,2219,CICERO AVE,41.87023,-87.749943,07/07/2021 08:30:00 PM,2021
CR00007553,06/03/2022 06:56:00 PM,30,CLEAR,DUSK,PARKED MOTOR VEHICLE,NOT DIVIDED,STOP SIGN/FLASHER,UNABLE TO DETERMINE,IMPROPER LANE USAGE,0,0,0,0,18,6,6,428,STONY ISLAND AVE,41.789374,-87.521135,06/03/2022 07:09:00 PM,2022
CR00007554,09/30/2019 04:17:00 PM,20,CLEAR,DAYLIGHT,TURNING,FOUR WAY,STOP SIGN/FLASHER,FAILING TO YIELD RIGHT-OF-WAY,UNABLE TO DETERMINE,0,0,0,0,16,2,9,2459,STONY ISLAND AVE,41.732989,-87.629182,09/30/2019 04:31:00 PM,2019
CR00007555,08/03/2023 05:06:00 PM,45,CLEAR,DARKNESS - LIGHTED ROAD,REAR END,FOUR WAY,TRAFFIC SIGNAL,UNABLE TO DETERMINE,IMPROPER OVERTAKING/PASSING,0,0,0,0,17,5,8,1884,FULLERTON AVE,41.780636,-87.766449,08/03/2023 06:47:00 PM,2023
CR00007556,03/18/2017 09:13:00 AM,30,CLOUDY/OVERCAST,DAYLIGHT,FIXED OBJECT,NOT DIVIDED,TRAFFIC SIGNAL,FAILING TO REDUCE SPEED,UNABLE TO DETERMINE,0,0,0,0,9,7,3,861,STATE ST,41.843494,-87.800121,03/18/2017 09:18:00 AM,2017
CR00007557,08/24/2020 02:38:00 PM,35,CLEAR,DUSK,SIDESWIPE SAME DIRECTION,T-INTERSECTION,UNKNOWN,FAILING TO YIELD RIGHT-OF-WAY,UNABLE TO DETERMINE,0,0,0,0,14,2,8,1057,STONY ISLAND AVE,41.973811,-87.618759,08/24/2020 04:34:00 PM,2020
CR00007558,10/06/2023 06:47:00 PM,20,RAIN,DAYLIGHT,TURNING,NOT DIVIDED,NO CONTROLS,UNABLE TO DETERMINE,DRIVING SKILLS/KNOWLEDGE/EXPERIENCE,0,0,0,0,18,6,10,1243,PULASKI RD,41.858518,-87.575607,10/06/2023 07:24:00 PM,2023
CR00007559,07/26/2021 08:38:00 AM,15,CLEAR,DAYLIGHT,REAR END,DIVIDED - W/MEDIAN (NOT RAISED),TRAFFIC SIGNAL,FAILING TO YIELD RIGHT-OF-WAY,FOLLOWING TOO CLOSELY,0,0,0,0,8,2,7,467,ELSTON AVE,41.743065,-87.764826,07/26/2021 10:24:00 AM,2021
CR00007560,10/11/2024 07:24:00 AM,35,CLEAR,DARKNESS - LIGHTED ROAD,REAR END,NOT DIVIDED,PEDESTRIAN CROSSING SIGN,FAILING TO REDUCE SPEED,UNABLE TO DETERMINE,0,0,1,1,7,6,10,2393,CALIFORNIA AVE,41.835565,-87.675652,10/11/2024 09:19:00 AM,2024
CR00007561,10/17/2016 05:48:00 PM,15,CLEAR,DAYLIGHT,PEDESTRIAN,ONE-WAY,TRAFFIC SIGNAL,IMPROPER OVERTAKING/PASSING,IMPROPER OVERTAKING/PASSING,0,0,0,0,17,2,10,1017,DIVISION ST,41.934831,-87.647508,10/17/2016 07:03:00 PM,2016
CR00007562,08/31/2024 08:50:00 AM,30,CLEAR,DAYLIGHT,REAR END,DIVIDED - W/MEDIAN (NOT RAISED),PEDESTRIAN CROSSING SIGN,DRIVING SKILLS/KNOWLEDGE/EXPERIENCE,FAILING TO REDUCE SPEED,0,0,0,0,8,7,8,972,MICHIGAN AVE,41.89597,-87.561532,08/31/2024 09:14:00 AM,2024
CR00007563,10/13/2023 05:55:00 AM,35,CLEAR,DARKNESS - LIGHTED ROAD,PARKED MOTOR VEHICLE,DIVIDED - W/MEDIAN BARRIER,NO CONTROLS,UNABLE TO DETERMINE,FAILING TO YIELD RIGHT-OF-WAY,0,0,0,0,5,6,10,1419,CICERO AVE,41.909904,-87.769889,10/13/2023 06:07:00 AM,2023
CR00007564,04/25/2023 06:30:00 PM,15,RAIN,DARKNESS - LIGHTED ROAD,ANGLE,NOT DIVIDED,NO CONTROLS,FAILING TO YIELD RIGHT-OF-WAY,FOLLOWING TOO CLOSELY,0,0,0,0,18,3,4,818,CALIFORNIA AVE,41.79074,-87.55728,04/25/2023 07:41:00 PM,2023
CR00007565,07/18/2017 01:21:00 AM,35,CLEAR,DARKNESS - LIGHTED ROAD,REAR END,NOT DIVIDED,STOP SIGN/FLASHER,UNABLE TO DETERMINE,DISREGARDING TRAFFIC SIGNALS,0,0,3,3,1,3,7,832,FULLERTON AVE,41.786077,-87.805817,07/18/2017 03:20:00 AM,2017
CR00007566,07/30/2021 12:41:00 PM,15,CLEAR,DARKNESS,REAR END,DIVIDED - W/MEDIAN (NOT RAISED),TRAFFIC SIGNAL,DRIVING SKILLS/KNOWLEDGE/EXPERIENCE,UNABLE TO DETERMINE,0,0,0,0,12,6,7,1901,KEDZIE AVE,41.854263,-87.65748,07/30/2021 02:39:00 PM,2021
CR00007567,10/25/2021 11:25:00 AM,40,CLEAR,DAWN,REAR END,ONE-WAY,YIELD,FAILING TO REDUCE SPEED,NOT APPLICABLE,0,0,0,0,11,2,10,2131,ELSTON AVE,41.743922,-87.585309,10/25/2021 01:04:00 PM,2021
CR00007568,12/24/2017 08:03:00 PM,45,CLEAR,DAYLIGHT,FIXED OBJECT,T-INTERSECTION,TRAFFIC SIGNAL,FOLLOWING TOO CLOSELY,DRIVING SKILLS/KNOWLEDGE/EXPERIENCE,0,0,0,0,20,1,12,1558,BROADWAY,41.819501,-87.590399,12/24/2017 09:08:00 PM,2017
CR00007569,11/25/2015 08:24:00 AM,30,CLEAR,DARKNESS - LIGHTED ROAD,TURNING,DIVIDED - W/MEDIAN (NOT RAISED),NO CONTROLS,UNABLE TO DETERMINE,IMPROPER LANE USAGE,0,0,0,0,8,4,11,2243,HALSTED ST,41.823506,-87.653399,11/25/2015 08:49:00 AM,2015
CR00007570,09/02/2023 04:05:00 AM,30,RAIN,DARKNESS,REAR END,DIVIDED - W/MEDIAN BARRIER,UNKNOWN,UNABLE TO DETERMINE,UNABLE TO DETERMINE,0,0,0,0,4,7,9,1757,63RD ST,41.745122,-87.677354,09/02/2023 05:10:00 AM,2023
CR00007571,02/14/2015 07:20:00 AM,15,CLEAR,DARKNESS - LIGHTED ROAD,REAR TO FRONT,FOUR WAY,NO CONTROLS,FOLLOWING TOO CLOSELY,IMPROPER OVERTAKING/PASSING,0,0,0,0,7,7,2,213,FULLERTON AVE,41.938873,-87.506703,02/14/2015 07:58:00 AM,2015
CR00007572,08/02/2023 07:47:00 AM,40,CLEAR,DAYLIGHT,FIXED OBJECT,ONE-WAY,STOP SIGN/FLASHER,FAILING TO YIELD RIGHT-OF-WAY,UNABLE TO DETERMINE,0,0,0,0,7,4,8,1005,ARCHER AVE,41.812296,-87.71779,08/02/2023 09:26:00 AM,2023
CR00007573,07/08/2020 03:11:00 PM,40,CLEAR,DAYLIGHT,ANGLE,NOT DIVIDED,NO CONTROLS,UNABLE TO DETERMINE,UNABLE TO DETERMINE,0,0,0,0,15,4,7,1784,OGDEN AVE,41.985819,-87.607555,07/08/2020 04:59:00 PM,2020
CR00007574,09/28/2019 12:59:00 PM,45,CLEAR,DARKNESS - LIGHTED ROAD,SIDESWIPE SAME DIRECTION,FOUR WAY,TRAFFIC SIGNAL,FAILING TO REDUCE SPEED,UNABLE TO DETERMINE,0,0,0,0,12,7,9,1869,OGDEN AVE,41.937497,-87.508868,09/28/2019 02:32:00 PM,2019
CR00007575,03/18/2023 03:52:00 AM,25,CLEAR,DAYLIGHT,TURNING,NOT DIVIDED,PEDESTRIAN CROSSING SIGN,FOLLOWING TOO CLOSELY,FAILING TO YIELD RIGHT-OF-WAY,0,2,1,3,3,7,3,1042,PULASKI RD,41.9126,-87.505148,03/18/2023 04:50:00 AM,2023
CR00007576,02/07/2015 10:17:00 PM,30,CLOUDY/OVERCAST,DAYLIGHT,TURNING,NOT DIVIDED,UNKNOWN,DISREGARDING TRAFFIC SIGNALS,FOLLOWING TOO CLOSELY,0,0,0,0,22,7,2,1164,KEDZIE AVE,41.765969,-87.80694,02/07/2015 11:31:00 PM,2015
CR00007577,07/20/2017 11:53:00 PM,35,CLEAR,DUSK,REAR END,ONE-WAY,NO CONTROLS,FAILING TO REDUCE SPEED,FOLLOWING TOO CLOSELY,0,0,0,0,23,5,7,148,STATE ST,41.947189,-87.745547,07/21/2017 12:32:00 AM,2017