CRASH_RECORD_ID,CRASH_DATE,POSTED_SPEED_LIMIT,WEATHER_CONDITION,LIGHTING_CONDITION,FIRST_CRASH_TYPE,TRAFFICWAY_TYPE,TRAFFIC_CONTROL_DEVICE,PRIM_CONTRIBUTORY_CAUSE,SEC_CONTRIBUTORY_CAUSE,INJURIES_FATAL,INJURIES_INCAPACITATING,INJURIES_NON_INCAPACITATING,INJURIES_TOTAL,CRASH_HOUR,CRASH_DAY_OF_WEEK,CRASH_MONTH,BEAT_OF_OCCURRENCE,STREET_NAME,LATITUDE,LONGITUDE,DATE_POLICE_NOTIFIED,year
CR00007578,08/27/2017 03:51:00 PM,35,RAIN,DUSK,ANGLE,NOT DIVIDED,NO CONTROLS,UNABLE TO DETERMINE,FAILING TO REDUCE SPEED,0,0,0,0,15,1,8,1131,LAKE SHORE DR,41.844902,-87.619728,08/27/2017 04:33:00 PM,2017
CR00007579,03/07/2022 10:51:00 AM,20,CLEAR,DAYLIGHT,SIDESWIPE SAME DIRECTION,DIVIDED - W/MEDIAN BARRIER,TRAFFIC SIGNAL,FAILING TO REDUCE SPEED,NOT APPLICABLE,0,0,0,0,10,2,3,2033,PULASKI RD,41.801559,-87.536411,03/07/2022 12:30:00 PM,2022
CR00007580,02/22/2016 02:32:00 PM,30,CLEAR,DAYLIGHT,REAR END,ONE-WAY,PEDESTRIAN CROSSING SIGN,UNABLE TO DETERMINE,NOT APPLICABLE,0,0,0,0,14,2,2,642,DAMEN AVE,41.769437,-87.508848,02/22/2016 03:18:00 PM,2016
CR00007581,04/05/2018 07:22:00 AM,30,RAIN,DARKNESS - LIGHTED ROAD,TURNING,DIVIDED - W/MEDIAN (NOT RAISED),STOP SIGN/FLASHER,WEATHER,UNABLE TO DETERMINE,0,0,0,0,7,5,4,833,PULASKI RD,41.836713,-87.735065,04/05/2018 08:25:00 AM,2018
CR00007582,03/04/2016 08:55:00 AM,45,CLEAR,DAYLIGHT,TURNING,DIVIDED - W/MEDIAN BARRIER,STOP SIGN/FLASHER,FAILING TO YIELD RIGHT-OF-WAY,UNABLE TO DETERMINE,0,0,0,0,8,6,3,2530,79TH ST,41.76474,-87.793699,03/04/2016 10:48:00 AM,2016
CR00007583,08/12/2018 05:10:00 PM,40,CLEAR,DAYLIGHT,TURNING,NOT DIVIDED,NO CONTROLS,IMPROPER OVERTAKING/PASSING,FAILING TO YIELD RIGHT-OF-WAY,0,0,0,0,17,1,8,2011,FULLERTON AVE,41.812355,-87.666168,08/12/2018 05:28:00 PM,2018
CR00007584,11/29/2016 02:45:00 PM,20,CLEAR,DAYLIGHT,REAR END,DIVIDED - W/MEDIAN (NOT RAISED),STOP SIGN/FLASHER,DISREGARDING TRAFFIC SIGNALS,FOLLOWING TOO CLOSELY,0,0,0,0,14,3,11,1858,HALSTED ST,41.988032,-87.731862,11/29/2016 03:18:00 PM,2016
CR00007585,09/21/2017 09:33:00 PM,15,CLEAR,DAYLIGHT,ANGLE,NOT DIVIDED,NO CONTROLS,FOLLOWING TOO CLOSELY,FOLLOWING TOO CLOSELY,0,0,0,0,21,5,9,484,HALSTED ST,41.822423,-87.778305,09/21/2017 10:47:00 PM,2017
CR00007586,04/12/2015 10:28:00 AM,35,RAIN,DARKNESS - LIGHTED ROAD,TURNING,NOT DIVIDED,UNKNOWN,UNABLE TO DETERMINE,UNABLE TO DETERMINE,0,0,0,0,10,1,4,1697,WESTERN AVE,41.774807,-87.73463,04/12/2015 11:01:00 AM,2015
CR00007587,05/04/2017 03:00:00 PM,30,CLEAR,DAYLIGHT,REAR END,NOT DIVIDED,NO CONTROLS,IMPROPER OVERTAKING/PASSING,NOT APPLICABLE,0,0,0,0,15,5,5,1188,STATE ST,41.700237,-87.774116,05/04/2017 03:51:00 PM,2017
CR00007588,10/15/2021 03:40:00 PM,25,FOG/SMOKE/HAZE,DAYLIGHT,REAR TO FRONT,ONE-WAY,TRAFFIC SIGNAL,UNABLE TO DETERMINE,FAILING TO REDUCE SPEED,0,0,0,0,15,6,10,2422,CALIFORNIA AVE,41.735873,-87.74323,10/15/2021 04:48:00 PM,2021
CR00007589,11/12/2021 02:40:00 AM,30,CLOUDY/OVERCAST,DAWN,TURNING,DIVIDED - W/MEDIAN (NOT RAISED),NO CONTROLS,UNABLE TO DETERMINE,UNABLE TO DETERMINE,0,0,0,0,2,6,11,513,HALSTED ST,41.954153,-87.546449,11/12/2021 03:44:00 AM,2021
CR00007590,10/01/2016 01:14:00 PM,25,RAIN,DUSK,PEDESTRIAN,ONE-WAY,TRAFFIC SIGNAL,UNABLE TO DETERMINE,DISTRACTION - FROM INSIDE VEHICLE,0,0,1,1,13,7,10,685,ELSTON AVE,41.926171,-87.639144,10/01/2016 03:13:00 PM,2016
CR00007591,10/02/2020 06:55:00 PM,45,CLEAR,DARKNESS - LIGHTED ROAD,TURNING,DIVIDED - W/MEDIAN BARRIER,STOP SIGN/FLASHER,FAILING TO YIELD RIGHT-OF-WAY,WEATHER,0,0,1,1,18,6,10,1187,BROADWAY,41.707266,-87.726497,10/02/2020 07:46:00 PM,2020
CR00007592,02/01/2017 01:04:00 PM,25,CLEAR,DAYLIGHT,FIXED OBJECT,ONE-WAY,NO CONTROLS,FAILING TO YIELD RIGHT-OF-WAY,UNABLE TO DETERMINE,0,0,0,0,13,4,2,490,LAKE SHORE DR,41.744552,-87.697795,02/01/2017 02:12:00 PM,2017
CR00007593,09/10/2017 07:01:00 PM,35,CLEAR,DUSK,TURNING,NOT DIVIDED,TRAFFIC SIGNAL,FOLLOWING TOO CLOSELY,FOLLOWING TOO CLOSELY,0,0,0,0,19,1,9,1002,DAMEN AVE,41.836138,-87.564483,09/10/2017 07:38:00 PM,2017
CR00007594,11/05/2019 11:54:00 AM,25,CLEAR,DARKNESS - LIGHTED ROAD,REAR END,NOT DIVIDED,NO CONTROLS,UNABLE TO DETERMINE,DISTRACTION - FROM INSIDE VEHICLE,0,0,0,0,11,3,11,1967,IRVING PARK RD,41.717014,-87.812882,11/05/2019 01:31:00 PM,2019
CR00007595,04/14/2019 07:39:00 PM,30,CLEAR,DARKNESS,ANGLE,DIVIDED - W/MEDIAN (NOT RAISED),NO CONTROLS,IMPROPER OVERTAKING/PASSING,DRIVING SKILLS/KNOWLEDGE/EXPERIENCE,0,0,0,0,19,1,4,2393,WESTERN AVE,41.705327,-87.653843,04/14/2019 08:01:00 PM,2019
CR00007596,04/01/2023 04:16:00 AM,20,RAIN,DARKNESS - LIGHTED ROAD,REAR END,T-INTERSECTION,TRAFFIC SIGNAL,FOLLOWING TOO CLOSELY,FAILING TO REDUCE SPEED,0,0,1,1,4,7,4,616,ARCHER AVE,41.740864,-87.544348,04/01/2023 05:21:00 AM,2023
CR00007597,11/14/2020 07:27:00 AM,30,RAIN,DARKNESS - LIGHTED ROAD,ANGLE,DIVIDED - W/MEDIAN BARRIER,UNKNOWN,IMPROPER OVERTAKING/PASSING,IMPROPER OVERTAKING/PASSING,0,0,0,0,7,7,11,497,MILWAUKEE AVE,41.78301,-87.576793,11/14/2020 08:18:00 AM,2020
CR00007598,03/23/2019 11:07:00 AM,40,CLEAR,DAWN,PEDESTRIAN,NOT DIVIDED,TRAFFIC SIGNAL,FAILING TO YIELD RIGHT-OF-WAY,IMPROPER OVERTAKING/PASSING,0,0,0,0,11,7,3,711,CICERO AVE,41.950811,-87.542139,03/23/2019 11:23:00 AM,2019
CR00007599,09/18/2018 08:17:00 AM,30,CLEAR,DARKNESS - LIGHTED ROAD,SIDESWIPE SAME DIRECTION,DIVIDED - W/MEDIAN (NOT RAISED),NO CONTROLS,IMPROPER OVERTAKING/PASSING,UNABLE TO DETERMINE,0,0,0,0,8,3,9,926,FULLERTON AVE,41.968263,-87.602727,09/18/2018 08:48:00 AM,2018
CR00007600,04/30/2024 02:58:00 PM,30,CLEAR,DAYLIGHT,SIDESWIPE SAME DIRECTION,DIVIDED - W/MEDIAN (NOT RAISED),NO CONTROLS,WEATHER,FOLLOWING TOO CLOSELY,0,0,2,2,14,3,4,2189,IRVING PARK RD,41.7395,-87.687638,04/30/2024 03:00:00 PM,2024
CR00007601,01/22/2020 08:33:00 PM,30,FREEZING RAIN/DRIZZLE,DARKNESS - LIGHTED ROAD,REAR END,DIVIDED - W/MEDIAN (NOT RAISED),TRAFFIC SIGNAL,DISTRACTION - FROM INSIDE VEHICLE,FOLLOWING TOO CLOSELY,0,0,0,0,20,4,1,2109,WESTERN AVE,41.878281,-87.544981,01/22/2020 08:59:00 PM,2020
CR00007602,06/29/2015 03:09:00 PM,20,CLOUDY/OVERCAST,DARKNESS - LIGHTED ROAD,TURNING,NOT DIVIDED,TRAFFIC SIGNAL,DISREGARDING TRAFFIC SIGNALS,UNABLE TO DETERMINE,0,0,0,0,15,2,6,1031,DAMEN AVE,41.974603,-87.781692,06/29/2015 04:51:00 PM,2015
CR00007603,12/09/2018 08:46:00 PM,35,CLEAR,DAYLIGHT,SIDESWIPE SAME DIRECTION,FOUR WAY,TRAFFIC SIGNAL,UNABLE TO DETERMINE,UNABLE TO DETERMINE,0,0,0,0,20,1,12,1261,STONY ISLAND AVE,41.903241,-87.577098,12/09/2018 09:49:00 PM,2018
CR00007604,01/06/2022 11:56:00 AM,15,CLEAR,DAYLIGHT,TURNING,DIVIDED - W/MEDIAN BARRIER,TRAFFIC SIGNAL,UNABLE TO DETERMINE,UNABLE TO DETERMINE,0,0,0,0,11,5,1,1517,63RD ST,41.74491,-87.641134,01/06/2022 12:51:00 PM,2022
CR00007605,12/27/2018 11:49:00 PM,35,RAIN,DARKNESS,REAR END,DIVIDED - W/MEDIAN (NOT RAISED),TRAFFIC SIGNAL,UNABLE TO DETERMINE,WEATHER,0,0,0,0,23,5,12,2174,DIVISION ST,41.866828,-87.749185,12/28/2018 01:35:00 AM,2018
CR00007606,06/30/2021 03:58:00 PM,30,CLEAR,DAYLIGHT,REAR TO FRONT,ONE-WAY,NO CONTROLS,FAILING TO REDUCE SPEED,UNABLE TO DETERMINE,0,0,0,0,15,4,6,1721,47TH ST,41.910395,-87.509653,06/30/2021 05:20:00 PM,2021
CR00007607,04/12/2017 09:31:00 AM,20,CLEAR,DAYLIGHT,REAR END,ONE-WAY,TRAFFIC SIGNAL,FOLLOWING TOO CLOSELY,NOT APPLICABLE,0,0,0,0,9,4,4,2091,DIVISION ST,41.894344,-87.564075,04/12/2017 10:51:00 AM,2017
CR00007608,03/23/2021 03:12:00 PM,35,CLEAR,DAWN,ANGLE,NOT DIVIDED,NO CONTROLS,UNABLE TO DETERMINE,NOT APPLICABLE,0,0,0,0,15,3,3,2292,ELSTON AVE,41.74488,-87.808061,03/23/2021 05:01:00 PM,2021
CR00007609,06/23/2022 02:57:00 AM,40,CLEAR,DAYLIGHT,SIDESWIPE SAME DIRECTION,T-INTERSECTION,NO CONTROLS,UNABLE TO DETERMINE,IMPROPER LANE USAGE,0,0,0,0,2,5,6,788,MICHIGAN AVE,41.769204,-87.72106,06/23/2022 04:08:00 AM,2022
CR00007610,03/25/2023 09:53:00 PM,30,RAIN,DARKNESS - LIGHTED ROAD,SIDESWIPE SAME DIRECTION,DIVIDED - W/MEDIAN (NOT RAISED),NO CONTROLS,UNABLE TO DETERMINE,DRIVING SKILLS/KNOWLEDGE/EXPERIENCE,0,0,2,2,21,7,3,1198,ROOSEVELT RD,41.819359,-87.829668,03/25/2023 11:22:00 PM,2023
CR00007611,12/21/2024 07:51:00 PM,30,CLEAR,DAWN,REAR TO FRONT,NOT DIVIDED,TRAFFIC SIGNAL,FAILING TO REDUCE SPEED,WEATHER,0,0,3,3,19,7,12,1240,ASHLAND AVE,41.942244,-87.57515,12/21/2024 08:59:00 PM,2024
CR00007612,01/14/2019 05:31:00 PM,20,CLEAR,DAYLIGHT,TURNING,NOT DIVIDED,NO CONTROLS,FOLLOWING TOO CLOSELY,DISREGARDING TRAFFIC SIGNALS,0,0,0,0,17,2,1,1563,79TH ST,41.80577,-87.547913,01/14/2019 07:11:00 PM,2019
CR00007613,07/21/2017 09:55:00 AM,25,CLEAR,DARKNESS,REAR END,DIVIDED - W/MEDIAN (NOT RAISED),YIELD,FAILING TO YIELD RIGHT-OF-WAY,UNABLE TO DETERMINE,0,1,2,3,9,6,7,1727,ARCHER AVE,41.912113,-87.564415,07/21/2017 11:35:00 AM,2017
CR00007614,01/12/2021 11:36:00 AM,15,RAIN,DAYLIGHT,TURNING,ONE-WAY,TRAFFIC SIGNAL,UNABLE TO DETERMINE,UNABLE TO DETERMINE,0,0,1,1,11,3,1,1350,ARCHER AVE,41.817812,-87.834402,01/12/2021 11:48:00 AM,2021
CR00007615,08/06/2021 03:47:00 PM,35,CLEAR,DAYLIGHT,FIXED OBJECT,DIVIDED - W/MEDIAN (NOT RAISED),NO CONTROLS,FOLLOWING TOO CLOSELY,FOLLOWING TOO CLOSELY,0,0,0,0,15,6,8,631,DIVISION ST,41.759755,-87.821934,08/06/2021 05:04:00 PM,2021
CR00007616,01/24/2015 03:26:00 PM,40,RAIN,DARKNESS - LIGHTED ROAD,ANGLE,DIVIDED - W/MEDIAN (NOT RAISED),UNKNOWN,FOLLOWING TOO CLOSELY,IMPROPER LANE USAGE,0,0,0,0,15,7,1,2400,MILWAUKEE AVE,41.739782,-87.542536,01/24/2015 04:03:00 PM,2015
CR00007617,11/14/2017 07:34:00 PM,20,CLEAR,DAYLIGHT,TURNING,NOT DIVIDED,STOP SIGN/FLASHER,IMPROPER LANE USAGE,NOT APPLICABLE,0,0,0,0,19,3,11,1307,79TH ST,41.819575,-87.687544,11/14/2017 08:40:00 PM,2017
CR00007618,12/12/2018 09:37:00 PM,20,CLEAR,DAYLIGHT,REAR END,DIVIDED - W/MEDIAN (NOT RAISED),STOP SIGN/FLASHER,UNABLE TO DETERMINE,NOT APPLICABLE,0,0,0,0,21,4,12,1251,MICHIGAN AVE,41.778696,-87.623327,12/12/2018 10:54:00 PM,2018
CR00007619,08/08/2017 01:24:00 PM,40,CLEAR,DAYLIGHT,FIXED OBJECT,DIVIDED - W/MEDIAN (NOT RAISED),STOP SIGN/FLASHER,UNABLE TO DETERMINE,UNABLE TO DETERMINE,0,0,0,0,13,3,8,2239,STATE ST,41.731103,-87.78873,08/08/2017 02:58:00 PM,2017
CR00007620,03/19/2024 03:56:00 PM,30,CLEAR,DAYLIGHT,TURNING,DIVIDED - W/MEDIAN (NOT RAISED),TRAFFIC SIGNAL,UNABLE TO DETERMINE,IMPROPER LANE USAGE,0,0,0,0,15,3,3,1595,STONY ISLAND AVE,41.732309,-87.651833,03/19/2024 04:45:00 PM,2024
CR00007621,08/01/2022 08:48:00 AM,30,CLEAR,DAYLIGHT,REAR END,ONE-WAY,NO CONTROLS,DRIVING SKILLS/KNOWLEDGE/EXPERIENCE,IMPROPER OVERTAKING/PASSING,0,0,0,0,8,2,8,853,MILWAUKEE AVE,41.809467,-87.773076,08/01/2022 08:49:00 AM,2022
CR00007622,08/04/2022 06:19:00 PM,40,RAIN,DAYLIGHT,TURNING,NOT DIVIDED,TRAFFIC SIGNAL,UNABLE TO DETERMINE,UNABLE TO DETERMINE,0,0,3,3,18,5,8,870,KEDZIE AVE,41.854313,-87.575678,08/04/2022 07:02:00 PM,2022
CR00007623,09/01/2021 07:52:00 PM,30,CLEAR,DAWN,TURNING,ONE-WAY,TRAFFIC SIGNAL,FAILING TO YIELD RIGHT-OF-WAY,IMPROPER LANE USAGE,0,0,0,0,19,4,9,955,CICERO AVE,41.905329,-87.738751,09/01/2021 09:44:00 PM,2021
CR00007624,06/07/2018 05:05:00 PM,35,CLOUDY/OVERCAST,DAYLIGHT,REAR END,FOUR WAY,NO CONTROLS,FAILING TO YIELD RIGHT-OF-WAY,NOT APPLICABLE,0,0,0,0,17,5,6,114,STONY ISLAND AVE,41.838266,-87.688346,06/07/2018 05:51:00 PM,2018
CR00007625,05/29/2018 07:02:00 AM,30,FOG/SMOKE/HAZE,DAYLIGHT,REAR END,NOT DIVIDED,TRAFFIC SIGNAL,FOLLOWING TOO CLOSELY,UNABLE TO DETERMINE,0,0,0,0,7,3,5,1776,ROOSEVELT RD,41.877858,-87.613741,05/29/2018 07:20:00 AM,2018
CR00007626,03/23/2024 08:32:00 AM,35,CLEAR,DARKNESS - LIGHTED ROAD,REAR END,T-INTERSECTION,TRAFFIC SIGNAL,FAILING TO YIELD RIGHT-OF-WAY,IMPROPER OVERTAKING/PASSING,0,0,0,0,8,7,3,304,MICHIGAN AVE,41.761831,-87.846496,03/23/2024 09:20:00 AM,2024
CR00007627,12/18/2015 02:02:00 AM,25,CLEAR,DUSK,TURNING,DIVIDED - W/MEDIAN (NOT RAISED),PEDESTRIAN CROSSING SIGN,UNABLE TO DETERMINE,UNABLE TO DETERMINE,0,0,0,0,2,6,12,2186,BROADWAY,41.7358,-87.820622,12/18/2015 03:28:00 AM,2015
CR00007628,09/09/2023 02:09:00 PM,30,SNOW,DARKNESS,TURNING,ONE-WAY,TRAFFIC SIGNAL,FOLLOWING TOO CLOSELY,FAILING TO YIELD RIGHT-OF-WAY,0,0,0,0,14,7,9,2305,47TH ST,41.767037,-87.654618,09/09/2023 03:44:00 PM,2023
CR00007629,09/29/2015 08:52:00 PM,30,CLOUDY/OVERCAST,DAYLIGHT,REAR END,DIVIDED - W/MEDIAN (NOT RAISED),TRAFFIC SIGNAL,FOLLOWING TOO CLOSELY,FAILING TO YIELD RIGHT-OF-WAY,0,0,0,0,20,3,9,1020,WESTERN AVE,41.852312,-87.66242,09/29/2015 10:18:00 PM,2015
CR00007630,09/19/2022 01:28:00 PM,15,RAIN,DAYLIGHT,REAR END,FOUR WAY,NO CONTROLS,UNABLE TO DETERMINE,IMPROPER LANE USAGE,0,0,0,0,13,2,9,1221,BROADWAY,41.766622,-87.747045,09/19/2022 01:38:00 PM,2022
CR00007631,08/09/2023 10:48:00 AM,20,CLEAR,DARKNESS - LIGHTED ROAD,REAR END,ONE-WAY,TRAFFIC SIGNAL,UNABLE TO DETERMINE,NOT APPLICABLE,0,0,0,0,10,4,8,328,IRVING PARK RD,41.727935,-87.678896,08/09/2023 12:42:00 PM,2023
CR00007632,08/23/2020 06:23:00 PM,45,CLEAR,DAYLIGHT,ANGLE,NOT DIVIDED,NO CONTROLS,UNABLE TO DETERMINE,DRIVING SKILLS/KNOWLEDGE/EXPERIENCE,0,0,0,0,18,1,8,364,DAMEN AVE,41.924243,-87.72739,08/23/2020 06:42:00 PM,2020
CR00007633,04/03/2023 07:43:00 AM,25,RAIN,DAYLIGHT,FIXED OBJECT,NOT DIVIDED,STOP SIGN/FLASHER,FOLLOWING TOO CLOSELY,FAILING TO YIELD RIGHT-OF-WAY,0,0,0,0,7,2,4,108,47TH ST,41.972615,-87.775701,04/03/2023 09:23:00 AM,2023
CR00007634,01/20/2015 11:30:00 PM,20,CLEAR,DARKNESS,TURNING,DIVIDED - W/MEDIAN BARRIER,TRAFFIC SIGNAL,FAILING TO YIELD RIGHT-OF-WAY,UNABLE TO DETERMINE,0,0,0,0,23,3,1,1210,CICERO AVE,41.799247,-87.666826,01/21/2015 01:08:00 AM,2015
CR00007635,03/20/2016 05:00:00 PM,35,RAIN,DAYLIGHT,REAR END,DIVIDED - W/MEDIAN BARRIER,NO CONTROLS,IMPROPER LANE USAGE,NOT APPLICABLE,0,0,0,0,17,1,3,1838,DAMEN AVE,41.849199,-87.773471,03/20/2016 05:22:00 PM,2016
CR00007636,02/17/2021 03:42:00 PM,35,CLEAR,DAYLIGHT,ANGLE,NOT DIVIDED,STOP SIGN/FLASHER,DISTRACTION - FROM INSIDE VEHICLE,DRIVING SKILLS/KNOWLEDGE/EXPERIENCE,0,0,0,0,15,4,2,2243,ELSTON AVE,41.762939,-87.763448,02/17/2021 03:58:00 PM,2021
CR00007637,06/06/2016 05:13:00 PM,25,CLEAR,DAYLIGHT,REAR TO FRONT,NOT DIVIDED,STOP SIGN/FLASHER,FAILING TO YIELD RIGHT-OF-WAY,NOT APPLICABLE,0,0,1,1,17,2,6,1816,KEDZIE AVE,41.743731,-87.767779,06/06/2016 06:27:00 PM,2016
CR00007638,02/27/2020 09:30:00 AM,35,CLOUDY/OVERCAST,DAYLIGHT,ANGLE,DIVIDED - W/MEDIAN BARRIER,TRAFFIC SIGNAL,DISTRACTION - FROM INSIDE VEHICLE,UNABLE TO DETERMINE,0,0,1,1,9,5,2,1985,CICERO AVE,41.853143,-87.59693,02/27/2020 11:06:00 AM,2020
CR00007639,01/30/2016 12:04:00 PM,25,CLEAR,DAYLIGHT,REAR END,ONE-WAY,YIELD,IMPROPER OVERTAKING/PASSING,DRIVING SKILLS/KNOWLEDGE/EXPERIENCE,0,0,0,0,12,7,1,133,KEDZIE AVE,41.735741,-87.722483,01/30/2016 01:27:00 PM,2016
CR00007640,01/20/2017 10:00:00 AM,20,CLEAR,DAYLIGHT,ANGLE,NOT DIVIDED,NO CONTROLS,IMPROPER OVERTAKING/PASSING,FOLLOWING TOO CLOSELY,0,0,0,0,10,6,1,1375,ELSTON AVE,41.932768,-87.64636,01/20/2017 11:56:00 AM,2017
CR00007641,03/24/2015 12:54:00 AM,35,CLEAR,DARKNESS - LIGHTED ROAD,ANGLE,DIVIDED - W/MEDIAN (NOT RAISED),NO CONTROLS,UNABLE TO DETERMINE,NOT APPLICABLE,0,0,1,1,0,3,3,1696,WESTERN AVE,41.943132,-87.539001,03/24/2015 01:16:00 AM,2015
CR00007642,05/15/2020 07:11:00 AM,15,CLEAR,DARKNESS - LIGHTED ROAD,PEDESTRIAN,DIVIDED - W/MEDIAN (NOT RAISED),NO CONTROLS,DISREGARDING TRAFFIC SIGNALS,NOT APPLICABLE,0,0,0,0,7,6,5,266,79TH ST,41.931219,-87.580346,05/15/2020 08:09:00 AM,2020
CR00007643,08/06/2022 05:45:00 PM,30,RAIN,DAYLIGHT,PARKED MOTOR VEHICLE,NOT DIVIDED,NO CONTROLS,DISREGARDING TRAFFIC SIGNALS,NOT APPLICABLE,0,0,0,0,17,7,8,2351,CALIFORNIA AVE,41.731912,-87.809655,08/06/2022 07:07:00 PM,2022
CR00007644,09/09/2023 05:03:00 AM,40,CLEAR,DARKNESS - LIGHTED ROAD,REAR END,ONE-WAY,UNKNOWN,FAILING TO REDUCE SPEED,UNABLE TO DETERMINE,0,0,2,2,5,7,9,452,WESTERN AVE,41.819526,-87.540332,09/09/2023 06:57:00 AM,2023
CR00007645,10/17/2022 08:06:00 AM,20,CLEAR,DARKNESS,SIDESWIPE SAME DIRECTION,DIVIDED - W/MEDIAN (NOT RAISED),TRAFFIC SIGNAL,FOLLOWING TOO CLOSELY,UNABLE TO DETERMINE,0,0,0,0,8,2,10,850,KEDZIE AVE,41.879078,-87.654744,10/17/2022 09:30:00 AM,2022
CR00007646,09/14/2015 11:58:00 AM,45,CLEAR,DARKNESS - LIGHTED ROAD,ANGLE,FOUR WAY,STOP SIGN/FLASHER,UNABLE TO DETERMINE,IMPROPER LANE USAGE,0,0,1,1,11,2,9,388,MICHIGAN AVE,41.97897,-87.823721,09/14/2015 01:20:00 PM,2015
CR00007647,03/27/2016 07:02:00 PM,45,CLEAR,DAYLIGHT,REAR TO FRONT,NOT DIVIDED,TRAFFIC SIGNAL,FAILING TO YIELD RIGHT-OF-WAY,UNABLE TO DETERMINE,0,0,0,0,19,1,3,266,ROOSEVELT RD,41.727879,-87.782083,03/27/2016 07:06:00 PM,2016
CR00007648,11/09/2022 06:38:00 PM,40,FOG/SMOKE/HAZE,DARKNESS - LIGHTED ROAD,TURNING,DIVIDED - W/MEDIAN (NOT RAISED),STOP SIGN/FLASHER,UNABLE TO DETERMINE,FOLLOWING TOO CLOSELY,0,0,0,0,18,4,11,1169,PULASKI RD,41.82051,-87.751266,11/09/2022 07:19:00 PM,2022
CR00007649,12/02/2019 03:34:00 PM,40,RAIN,DAYLIGHT,REAR END,ONE-WAY,NO CONTROLS,IMPROPER LANE USAGE,UNABLE TO DETERMINE,0,0,0,0,15,2,12,421,FULLERTON AVE,41.825776,-87.812177,12/02/2019 05:05:00 PM,2019
CR00007650,08/03/2024 06:32:00 PM,45,RAIN,DAYLIGHT,FIXED OBJECT,NOT DIVIDED,STOP SIGN/FLASHER,UNABLE TO DETERMINE,UNABLE TO DETERMINE,0,0,0,0,18,7,8,1035,DAMEN AVE,41.895322,-87.835668,08/03/2024 07:16:00 PM,2024
CR00007651,02/03/2016 09:27:00 PM,35,SNOW,DARKNESS - LIGHTED ROAD,FIXED OBJECT,NOT DIVIDED,PEDESTRIAN CROSSING SIGN,FAILING TO REDUCE SPEED,FOLLOWING TOO CLOSELY,0,0,0,0,21,4,2,2260,OGDEN AVE,41.761463,-87.762626,02/03/2016 10:40:00 PM,2016
CR00007652,08/01/2019 05:51:00 AM,30,CLEAR,DAYLIGHT,ANGLE,ONE-WAY,TRAFFIC SIGNAL,DISREGARDING TRAFFIC SIGNALS,NOT APPLICABLE,0,0,1,1,5,5,8,127,ASHLAND AVE,41.759767,-87.814689,08/01/2019 06:18:00 AM,2019
CR00007653,11/15/2017 06:54:00 PM,35,RAIN,DARKNESS,ANGLE,NOT DIVIDED,NO CONTROLS,IMPROPER OVERTAKING/PASSING,WEATHER,0,0,0,0,18,4,11,2121,47TH ST,41.892694,-87.756059,11/15/2017 08:42:00 PM,2017
CR00007654,11/17/2015 07:12:00 AM,15,RAIN,DAWN,PEDESTRIAN,NOT DIVIDED,NO CONTROLS,FOLLOWING TOO CLOSELY,DRIVING SKILLS/KNOWLEDGE/EXPERIENCE,0,0,0,0,7,3,11,2144,79TH ST,41.750224,-87.723668,11/17/2015 08:59:00 AM,2015
CR00007655,08/29/2022 06:13:00 PM,30,CLEAR,DARKNESS - LIGHTED ROAD,REAR END,NOT DIVIDED,STOP SIGN/FLASHER,FOLLOWING TOO CLOSELY,UNABLE TO DETERMINE,0,0,2,2,18,2,8,2112,DAMEN AVE,41.842055,-87.835087,08/29/2022 06:25:00 PM,2022
CR00007656,04/07/2022 06:14:00 AM,35,CLEAR,DARKNESS,REAR END,DIVIDED - W/MEDIAN BARRIER,UNKNOWN,UNABLE TO DETERMINE,FAILING TO REDUCE SPEED,0,0,0,0,6,5,4,2161,WESTERN AVE,41.909603,-87.813674,04/07/2022 07:10:00 AM,2022
CR00007657,12/15/2021 12:17:00 PM,35,CLEAR,DAYLIGHT,PEDESTRIAN,FOUR WAY,TRAFFIC SIGNAL,IMPROPER LANE USAGE,UNABLE TO DETERMINE,0,0,0,0,12,4,12,1014,IRVING PARK RD,41.906178,-87.681297,12/15/2021 12:30:00 PM,2021
CR00007658,05/02/2019 03:36:00 AM,25,CLEAR,DAYLIGHT,TURNING,ONE-WAY,STOP SIGN/FLASHER,FOLLOWING TOO CLOSELY,FAILING TO YIELD RIGHT-OF-WAY,0,0,0,0,3,5,5,1955,KEDZIE AVE,41.762758,-87.77683,05/02/2019 04:54:00 AM,2019
CR00007659,03/30/2017 04:24:00 AM,40,FOG/SMOKE/HAZE,DARKNESS - LIGHTED ROAD,SIDESWIPE SAME DIRECTION,DIVIDED - W/MEDIAN (NOT RAISED),TRAFFIC SIGNAL,UNABLE TO DETERMINE,NOT APPLICABLE,0,0,0,0,4,5,3,1047,MICHIGAN AVE,41.722496,-87.647853,03/30/2017 06:24:00 AM,2017
CR00007660,04/12/2023 04:08:00 PM,45,CLOUDY/OVERCAST,DAYLIGHT,REAR END,DIVIDED - W/MEDIAN (NOT RAISED),NO CONTROLS,IMPROPER LANE USAGE,UNABLE TO DETERMINE,0,0,3,3,16,4,4,1605,63RD ST,41.758845,-87.682816,04/12/2023 05:18:00 PM,2023
CR00007661,10/29/2017 12:47:00 PM,20,CLEAR,DAWN,TURNING,T-INTERSECTION,NO CONTROLS,DRIVING SKILLS/KNOWLEDGE/EXPERIENCE,IMPROPER OVERTAKING/PASSING,0,0,0,0,12,1,10,853,MICHIGAN AVE,41.806846,-87.761051,10/29/2017 01:36:00 PM,2017