CRASH_RECORD_ID,CRASH_DATE,POSTED_SPEED_LIMIT,WEATHER_CONDITION,LIGHTING_CONDITION,FIRST_CRASH_TYPE,TRAFFICWAY_TYPE,TRAFFIC_CONTROL_DEVICE,PRIM_CONTRIBUTORY_CAUSE,SEC_CONTRIBUTORY_CAUSE,INJURIES_FATAL,INJURIES_INCAPACITATING,INJURIES_NON_INCAPACITATING,INJURIES_TOTAL,CRASH_HOUR,CRASH_DAY_OF_WEEK,CRASH_MONTH,BEAT_OF_OCCURRENCE,STREET_NAME,LATITUDE,LONGITUDE,DATE_POLICE_NOTIFIED,year
CR00007662,05/21/2021 12:50:00 PM,40,CLEAR,DARKNESS - LIGHTED ROAD,REAR END,NOT DIVIDED,NO CONTROLS,DISREGARDING TRAFFIC SIGNALS,FAILING TO REDUCE SPEED,0,0,0,0,12,6,5,1872,CALIFORNIA AVE,41.90679,-87.73847,05/21/2021 12:59:00 PM,2021
CR00007663,04/02/2022 08:13:00 AM,35,RAIN,DARKNESS - LIGHTED ROAD,PARKED MOTOR VEHICLE,NOT DIVIDED,TRAFFIC SIGNAL,FAILING TO YIELD RIGHT-OF-WAY,FOLLOWING TOO CLOSELY,0,0,0,0,8,7,4,1588,STONY ISLAND AVE,41.958297,-87.702757,04/02/2022 08:40:00 AM,2022
CR00007664,07/03/2020 08:37:00 PM,25,CLEAR,DARKNESS,REAR END,NOT DIVIDED,NO CONTROLS,UNABLE TO DETERMINE,UNABLE TO DETERMINE,0,0,0,0,20,6,7,100,MICHIGAN AVE,41.904843,-87.593985,07/03/2020 09:03:00 PM,2020
CR00007665,05/13/2017 02:15:00 PM,20,CLEAR,DAYLIGHT,FIXED OBJECT,NOT DIVIDED,NO CONTROLS,FAILING TO YIELD RIGHT-OF-WAY,NOT APPLICABLE,0,0,0,0,14,7,5,579,47TH ST,41.769689,-87.71534,05/13/2017 03:31:00 PM,2017
CR00007666,05/18/2020 09:13:00 PM,30,CLEAR,DAYLIGHT,REAR END,NOT DIVIDED,STOP SIGN/FLASHER,WEATHER,DISTRACTION - FROM INSIDE VEHICLE,0,0,0,0,21,2,5,1611,HALSTED ST,41.965128,-87.663496,05/18/2020 09:35:00 PM,2020
CR00007667,02/10/2021 02:51:00 PM,30,CLEAR,DAWN,REAR END,ONE-WAY,PEDESTRIAN CROSSING SIGN,IMPROPER OVERTAKING/PASSING,FAILING TO REDUCE SPEED,0,0,0,0,14,4,2,1842,WESTERN AVE,41.816916,-87.767666,02/10/2021 03:09:00 PM,2021
CR00007668,02/05/2016 08:10:00 AM,35,CLEAR,DAYLIGHT,TURNING,DIVIDED - W/MEDIAN (NOT RAISED),STOP SIGN/FLASHER,FOLLOWING TOO CLOSELY,UNABLE TO DETERMINE,0,0,1,1,8,6,2,897,DAMEN AVE,41.994071,-87.753794,02/05/2016 08:12:00 AM,2016
CR00007669,04/17/2020 01:23:00 AM,20,SNOW,DARKNESS - LIGHTED ROAD,TURNING,NOT DIVIDED,UNKNOWN,UNABLE TO DETERMINE,FOLLOWING TOO CLOSELY,0,0,1,1,1,6,4,353,CALIFORNIA AVE,41.987673,-87.607845,04/17/2020 02:06:00 AM,2020
CR00007670,01/17/2023 07:33:00 AM,35,CLEAR,DAYLIGHT,FIXED OBJECT,T-INTERSECTION,NO CONTROLS,UNABLE TO DETERMINE,DISREGARDING TRAFFIC SIGNALS,0,0,1,1,7,3,1,1710,ASHLAND AVE,41.815995,-87.650808,01/17/2023 07:39:00 AM,2023
CR00007671,02/28/2017 08:06:00 AM,35,RAIN,DAYLIGHT,ANGLE,NOT DIVIDED,NO CONTROLS,FAILING TO REDUCE SPEED,NOT APPLICABLE,0,0,0,0,8,3,2,668,79TH ST,41.75403,-87.779493,02/28/2017 09:25:00 AM,2017
CR00007672,06/03/2017 08:12:00 AM,30,CLEAR,DAYLIGHT,ANGLE,DIVIDED - W/MEDIAN (NOT RAISED),NO CONTROLS,DRIVING SKILLS/KNOWLEDGE/EXPERIENCE,FAILING TO YIELD RIGHT-OF-WAY,0,1,0,1,8,7,6,1164,FULLERTON AVE,41.718522,-87.701844,06/03/2017 10:02:00 AM,2017
CR00007673,02/05/2022 05:37:00 PM,40,SNOW,DARKNESS - LIGHTED ROAD,FIXED OBJECT,DIVIDED - W/MEDIAN BARRIER,STOP SIGN/FLASHER,UNABLE TO DETERMINE,DRIVING SKILLS/KNOWLEDGE/EXPERIENCE,0,0,0,0,17,7,2,1619,IRVING PARK RD,41.849173,-87.799751,02/05/2022 05:54:00 PM,2022
CR00007674,09/07/2022 12:52:00 PM,40,RAIN,DAYLIGHT,SIDESWIPE SAME DIRECTION,NOT DIVIDED,NO CONTROLS,FAILING TO YIELD RIGHT-OF-WAY,IMPROPER LANE USAGE,0,0,0,0,12,4,9,663,79TH ST,41.983396,-87.813186,09/07/2022 02:20:00 PM,2022
CR00007675,03/03/2023 12:24:00 PM,30,CLOUDY/OVERCAST,DAYLIGHT,ANGLE,DIVIDED - W/MEDIAN BARRIER,TRAFFIC SIGNAL,UNABLE TO DETERMINE,FOLLOWING TOO CLOSELY,0,0,0,0,12,6,3,1977,STONY ISLAND AVE,41.880577,-87.647458,03/03/2023 12:25:00 PM,2023
CR00007676,07/10/2023 01:43:00 PM,25,CLEAR,DAYLIGHT,PARKED MOTOR VEHICLE,DIVIDED - W/MEDIAN (NOT RAISED),PEDESTRIAN CROSSING SIGN,FAILING TO YIELD RIGHT-OF-WAY,DRIVING SKILLS/KNOWLEDGE/EXPERIENCE,0,0,0,0,13,2,7,2395,STATE ST,41.914488,-87.830462,07/10/2023 02:16:00 PM,2023
CR00007677,09/29/2020 08:06:00 PM,35,CLOUDY/OVERCAST,DAYLIGHT,ANGLE,DIVIDED - W/MEDIAN BARRIER,NO CONTROLS,UNABLE TO DETERMINE,NOT APPLICABLE,0,0,0,0,20,3,9,1587,ROOSEVELT RD,41.955806,-87.782199,09/29/2020 08:15:00 PM,2020
CR00007678,12/20/2023 06:58:00 AM,30,CLEAR,DAYLIGHT,PARKED MOTOR VEHICLE,DIVIDED - W/MEDIAN BARRIER,STOP SIGN/FLASHER,DISTRACTION - FROM INSIDE VEHICLE,IMPROPER LANE USAGE,0,0,0,0,6,4,12,394,BROADWAY,41.967417,-87.722934,12/20/2023 07:49:00 AM,2023
CR00007679,04/22/2015 08:53:00 AM,15,CLEAR,DAYLIGHT,FIXED OBJECT,NOT DIVIDED,NO CONTROLS,FAILING TO REDUCE SPEED,IMPROPER OVERTAKING/PASSING,0,0,0,0,8,4,4,942,MILWAUKEE AVE,41.907869,-87.539172,04/22/2015 09:07:00 AM,2015
CR00007680,03/16/2017 03:31:00 PM,15,CLOUDY/OVERCAST,DARKNESS - LIGHTED ROAD,SIDESWIPE SAME DIRECTION,DIVIDED - W/MEDIAN (NOT RAISED),TRAFFIC SIGNAL,FOLLOWING TOO CLOSELY,FAILING TO YIELD RIGHT-OF-WAY,0,0,1,1,15,5,3,1581,WESTERN AVE,41.792702,-87.636269,03/16/2017 03:48:00 PM,2017
CR00007681,04/19/2018 05:35:00 AM,30,CLEAR,DAYLIGHT,ANGLE,FOUR WAY,TRAFFIC SIGNAL,FAILING TO REDUCE SPEED,UNABLE TO DETERMINE,0,0,0,0,5,5,4,2469,OGDEN AVE,41.896986,-87.519145,04/19/2018 07:20:00 AM,2018
CR00007682,05/12/2022 08:31:00 AM,15,CLEAR,DARKNESS - LIGHTED ROAD,SIDESWIPE SAME DIRECTION,DIVIDED - W/MEDIAN (NOT RAISED),NO CONTROLS,DRIVING SKILLS/KNOWLEDGE/EXPERIENCE,DISTRACTION - FROM INSIDE VEHICLE,0,0,0,0,8,5,5,325,MICHIGAN AVE,41.74663,-87.648173,05/12/2022 09:41:00 AM,2022
CR00007683,09/29/2017 08:35:00 PM,35,RAIN,DAYLIGHT,REAR END,DIVIDED - W/MEDIAN BARRIER,STOP SIGN/FLASHER,UNABLE TO DETERMINE,UNABLE TO DETERMINE,0,0,0,0,20,6,9,799,MILWAUKEE AVE,41.842663,-87.544217,09/29/2017 08:59:00 PM,2017
CR00007684,08/20/2022 08:40:00 AM,20,CLEAR,DARKNESS,REAR TO FRONT,DIVIDED - W/MEDIAN (NOT RAISED),TRAFFIC SIGNAL,FAILING TO REDUCE SPEED,UNABLE TO DETERMINE,0,0,1,1,8,7,8,928,WESTERN AVE,41.710369,-87.663829,08/20/2022 09:58:00 AM,2022
CR00007685,07/11/2022 06:35:00 PM,35,CLEAR,DUSK,FIXED OBJECT,NOT DIVIDED,TRAFFIC SIGNAL,IMPROPER OVERTAKING/PASSING,UNABLE TO DETERMINE,0,0,0,0,18,2,7,1631,FULLERTON AVE,41.972819,-87.511671,07/11/2022 06:38:00 PM,2022
CR00007686,02/13/2018 03:11:00 PM,15,CLEAR,DARKNESS - LIGHTED ROAD,REAR END,ONE-WAY,STOP SIGN/FLASHER,FAILING TO YIELD RIGHT-OF-WAY,DISTRACTION - FROM INSIDE VEHICLE,0,0,0,0,15,3,2,2001,79TH ST,41.974781,-87.786784,02/13/2018 04:14:00 PM,2018
CR00007687,05/07/2024 07:57:00 AM,35,CLOUDY/OVERCAST,DAWN,TURNING,DIVIDED - W/MEDIAN (NOT RAISED),NO CONTROLS,DISREGARDING TRAFFIC SIGNALS,DISTRACTION - FROM INSIDE VEHICLE,0,0,0,0,7,3,5,1773,OGDEN AVE,41.799946,-87.635653,05/07/2024 08:19:00 AM,2024
CR00007688,08/25/2018 03:03:00 PM,40,RAIN,DAYLIGHT,ANGLE,NOT DIVIDED,TRAFFIC SIGNAL,FAILING TO YIELD RIGHT-OF-WAY,FOLLOWING TOO CLOSELY,0,0,0,0,15,7,8,1607,ARCHER AVE,41.955671,-87.608017,08/25/2018 04:57:00 PM,2018
CR00007689,11/26/2015 03:33:00 PM,45,CLEAR,DARKNESS,PEDESTRIAN,FOUR WAY,NO CONTROLS,DISTRACTION - FROM INSIDE VEHICLE,IMPROPER OVERTAKING/PASSING,0,0,1,1,15,5,11,388,PULASKI RD,41.771785,-87.580436,11/26/2015 03:53:00 PM,2015
CR00007690,01/12/2020 08:03:00 AM,20,RAIN,DAYLIGHT,PARKED MOTOR VEHICLE,ONE-WAY,NO CONTROLS,IMPROPER OVERTAKING/PASSING,UNABLE TO DETERMINE,0,0,0,0,8,1,1,1210,DAMEN AVE,41.994217,-87.619229,01/12/2020 08:42:00 AM,2020
CR00007691,01/10/2018 07:05:00 AM,30,CLEAR,DARKNESS - LIGHTED ROAD,ANGLE,DIVIDED - W/MEDIAN BARRIER,TRAFFIC SIGNAL,UNABLE TO DETERMINE,UNABLE TO DETERMINE,0,0,0,0,7,4,1,1907,ROOSEVELT RD,41.88271,-87.579287,01/10/2018 07:23:00 AM,2018
CR00007692,08/12/2022 03:47:00 AM,30,CLEAR,DARKNESS - LIGHTED ROAD,FIXED OBJECT,T-INTERSECTION,NO CONTROLS,UNABLE TO DETERMINE,UNABLE TO DETERMINE,0,0,0,0,3,6,8,241,MICHIGAN AVE,41.765874,-87.780777,08/12/2022 05:32:00 AM,2022
CR00007693,11/18/2021 03:42:00 AM,25,CLEAR,DAYLIGHT,FIXED OBJECT,T-INTERSECTION,NO CONTROLS,IMPROPER LANE USAGE,UNABLE TO DETERMINE,0,0,0,0,3,5,11,1903,FULLERTON AVE,41.920829,-87.716581,11/18/2021 04:40:00 AM,2021
CR00007694,11/07/2016 07:34:00 AM,30,RAIN,DAYLIGHT,REAR END,NOT DIVIDED,TRAFFIC SIGNAL,FOLLOWING TOO CLOSELY,DISREGARDING TRAFFIC SIGNALS,0,0,0,0,7,2,11,1982,STATE ST,41.812098,-87.812603,11/07/2016 08:10:00 AM,2016
CR00007695,04/16/2015 05:53:00 PM,35,SNOW,DAYLIGHT,TURNING,FOUR WAY,TRAFFIC SIGNAL,FOLLOWING TOO CLOSELY,NOT APPLICABLE,0,0,0,0,17,5,4,1075,STATE ST,41.733761,-87.674827,04/16/2015 06:17:00 PM,2015
CR00007696,05/09/2019 04:08:00 PM,30,CLEAR,DAYLIGHT,PARKED MOTOR VEHICLE,DIVIDED - W/MEDIAN (NOT RAISED),TRAFFIC SIGNAL,FOLLOWING TOO CLOSELY,FAILING TO YIELD RIGHT-OF-WAY,0,0,0,0,16,5,5,1785,IRVING PARK RD,41.924433,-87.723896,05/09/2019 04:10:00 PM,2019
CR00007697,03/30/2021 01:01:00 PM,35,CLEAR,DAYLIGHT,PARKED MOTOR VEHICLE,NOT DIVIDED,YIELD,IMPROPER OVERTAKING/PASSING,UNABLE TO DETERMINE,0,0,1,1,13,3,3,2207,ELSTON AVE,41.835888,-87.633154,03/30/2021 02:13:00 PM,2021
CR00007698,09/25/2022 09:01:00 PM,30,CLEAR,DAYLIGHT,FIXED OBJECT,ONE-WAY,NO CONTROLS,FAILING TO YIELD RIGHT-OF-WAY,UNABLE TO DETERMINE,0,0,0,0,21,1,9,799,ROOSEVELT RD,41.888576,-87.83879,09/25/2022 10:41:00 PM,2022
CR00007699,07/20/2022 08:19:00 PM,35,CLEAR,DAYLIGHT,REAR END,NOT DIVIDED,TRAFFIC SIGNAL,UNABLE TO DETERMINE,UNABLE TO DETERMINE,0,0,0,0,20,4,7,380,ROOSEVELT RD,41.989725,-87.785559,07/20/2022 08:46:00 PM,2022
CR00007700,10/17/2019 05:21:00 PM,35,CLOUDY/OVERCAST,DARKNESS - LIGHTED ROAD,TURNING,DIVIDED - W/MEDIAN BARRIER,NO CONTROLS,DRIVING SKILLS/KNOWLEDGE/EXPERIENCE,NOT APPLICABLE,0,0,0,0,17,5,10,389,63RD ST,41.753767,-87.674315,10/17/2019 06:02:00 PM,2019
CR00007701,06/21/2017 08:18:00 PM,30,SNOW,DARKNESS - LIGHTED ROAD,REAR END,FOUR WAY,NO CONTROLS,DISTRACTION - FROM INSIDE VEHICLE,UNABLE TO DETERMINE,0,0,0,0,20,4,6,2291,63RD ST,41.786018,-87.677315,06/21/2017 09:11:00 PM,2017
CR00007702,04/02/2024 08:44:00 PM,25,CLEAR,DARKNESS - LIGHTED ROAD,TURNING,DIVIDED - W/MEDIAN BARRIER,STOP SIGN/FLASHER,FAILING TO YIELD RIGHT-OF-WAY,DRIVING SKILLS/KNOWLEDGE/EXPERIENCE,0,0,0,0,20,3,4,1051,CICERO AVE,41.932786,-87.747404,04/02/2024 09:54:00 PM,2024
CR00007703,04/14/2020 10:34:00 AM,20,FREEZING RAIN/DRIZZLE,DAYLIGHT,REAR END,NOT DIVIDED,STOP SIGN/FLASHER,DRIVING SKILLS/KNOWLEDGE/EXPERIENCE,NOT APPLICABLE,0,0,0,0,10,3,4,639,WESTERN AVE,41.813372,-87.545299,04/14/2020 12:13:00 PM,2020
CR00007704,08/26/2016 08:21:00 AM,45,CLEAR,DAYLIGHT,TURNING,NOT DIVIDED,TRAFFIC SIGNAL,FAILING TO YIELD RIGHT-OF-WAY,UNABLE TO DETERMINE,0,0,0,0,8,6,8,1805,BROADWAY,41.832609,-87.608788,08/26/2016 09:50:00 AM,2016
CR00007705,03/12/2024 06:12:00 PM,35,FOG/SMOKE/HAZE,DAYLIGHT,TURNING,NOT DIVIDED,TRAFFIC SIGNAL,IMPROPER OVERTAKING/PASSING,UNABLE TO DETERMINE,0,1,1,2,18,3,3,171,CICERO AVE,41.874756,-87.539928,03/12/2024 06:22:00 PM,2024
CR00007706,01/14/2024 09:46:00 AM,30,SNOW,DUSK,REAR END,NOT DIVIDED,STOP SIGN/FLASHER,FOLLOWING TOO CLOSELY,UNABLE TO DETERMINE,0,0,0,0,9,1,1,2009,KEDZIE AVE,41.748686,-87.79995,01/14/2024 11:08:00 AM,2024
CR00007707,01/20/2021 06:35:00 PM,35,CLEAR,DAYLIGHT,ANGLE,NOT DIVIDED,NO CONTROLS,IMPROPER LANE USAGE,UNABLE TO DETERMINE,0,0,0,0,18,4,1,1028,63RD ST,41.89828,-87.50756,01/20/2021 08:17:00 PM,2021
CR00007708,05/29/2015 02:15:00 AM,30,CLEAR,DAYLIGHT,REAR END,NOT DIVIDED,TRAFFIC SIGNAL,IMPROPER OVERTAKING/PASSING,NOT APPLICABLE,0,0,1,1,2,6,5,1854,ASHLAND AVE,41.940037,-87.794953,05/29/2015 03:39:00 AM,2015
CR00007709,04/18/2019 05:16:00 PM,45,CLEAR,DARKNESS - LIGHTED ROAD,PARKED MOTOR VEHICLE,NOT DIVIDED,NO CONTROLS,FAILING TO YIELD RIGHT-OF-WAY,NOT APPLICABLE,0,0,0,0,17,5,4,1269,PULASKI RD,41.939006,-87.731114,04/18/2019 05:48:00 PM,2019
CR00007710,06/07/2015 03:33:00 PM,30,CLEAR,DAYLIGHT,ANGLE,DIVIDED - W/MEDIAN (NOT RAISED),NO CONTROLS,FOLLOWING TOO CLOSELY,FAILING TO YIELD RIGHT-OF-WAY,0,0,0,0,15,1,6,1119,BROADWAY,41.905315,-87.636354,06/07/2015 04:31:00 PM,2015
CR00007711,03/25/2017 06:33:00 PM,15,CLEAR,DAYLIGHT,REAR END,NOT DIVIDED,UNKNOWN,FAILING TO REDUCE SPEED,DISTRACTION - FROM INSIDE VEHICLE,0,0,0,0,18,7,3,326,FULLERTON AVE,41.992357,-87.782402,03/25/2017 06:42:00 PM,2017
CR00007712,10/24/2021 11:52:00 PM,45,CLEAR,DAYLIGHT,SIDESWIPE SAME DIRECTION,DIVIDED - W/MEDIAN BARRIER,NO CONTROLS,WEATHER,IMPROPER OVERTAKING/PASSING,0,0,0,0,23,1,10,123,ASHLAND AVE,41.977996,-87.713101,10/25/2021 12:14:00 AM,2021
CR00007713,06/12/2022 07:48:00 PM,35,CLEAR,DAYLIGHT,REAR END,DIVIDED - W/MEDIAN (NOT RAISED),NO CONTROLS,WEATHER,IMPROPER LANE USAGE,0,0,0,0,19,1,6,912,FULLERTON AVE,41.770193,-87.727441,06/12/2022 08:52:00 PM,2022
CR00007714,08/27/2015 05:28:00 PM,35,CLEAR,DARKNESS,SIDESWIPE SAME DIRECTION,DIVIDED - W/MEDIAN BARRIER,YIELD,UNABLE TO DETERMINE,FOLLOWING TOO CLOSELY,0,0,0,0,17,5,8,2084,KEDZIE AVE,41.767403,-87.639169,08/27/2015 07:13:00 PM,2015
CR00007715,08/09/2022 12:53:00 PM,40,CLEAR,DARKNESS,SIDESWIPE SAME DIRECTION,NOT DIVIDED,TRAFFIC SIGNAL,DRIVING SKILLS/KNOWLEDGE/EXPERIENCE,FOLLOWING TOO CLOSELY,0,0,0,0,12,3,8,1349,KEDZIE AVE,41.81222,-87.545749,08/09/2022 12:54:00 PM,2022
CR00007716,12/06/2018 05:02:00 AM,30,RAIN,DAYLIGHT,REAR END,NOT DIVIDED,STOP SIGN/FLASHER,IMPROPER LANE USAGE,IMPROPER LANE USAGE,0,0,0,0,5,5,12,190,DAMEN AVE,41.906166,-87.764633,12/06/2018 06:11:00 AM,2018
CR00007717,12/15/2018 02:02:00 AM,45,CLEAR,DARKNESS - LIGHTED ROAD,ANGLE,ONE-WAY,TRAFFIC SIGNAL,FAILING TO YIELD RIGHT-OF-WAY,FAILING TO REDUCE SPEED,0,0,0,0,2,7,12,340,DIVISION ST,41.947414,-87.637954,12/15/2018 03:14:00 AM,2018
CR00007718,11/08/2018 12:11:00 PM,45,FREEZING RAIN/DRIZZLE,DARKNESS - LIGHTED ROAD,FIXED OBJECT,DIVIDED - W/MEDIAN (NOT RAISED),TRAFFIC SIGNAL,FAILING TO YIELD RIGHT-OF-WAY,NOT APPLICABLE,0,0,0,0,12,5,11,1794,KEDZIE AVE,41.979648,-87.775381,11/08/2018 12:48:00 PM,2018
CR00007719,05/23/2020 08:18:00 AM,40,CLEAR,DARKNESS - LIGHTED ROAD,REAR END,DIVIDED - W/MEDIAN (NOT RAISED),TRAFFIC SIGNAL,FAILING TO YIELD RIGHT-OF-WAY,FAILING TO YIELD RIGHT-OF-WAY,0,0,0,0,8,7,5,210,LAKE SHORE DR,41.862248,-87.597043,05/23/2020 09:43:00 AM,2020
CR00007720,09/26/2020 08:43:00 AM,30,CLEAR,DUSK,PEDESTRIAN,ONE-WAY,NO CONTROLS,UNABLE TO DETERMINE,UNABLE TO DETERMINE,0,0,0,0,8,7,9,1912,ASHLAND AVE,41.773212,-87.655158,09/26/2020 09:50:00 AM,2020
CR00007721,11/26/2016 11:50:00 AM,30,CLOUDY/OVERCAST,DAYLIGHT,REAR END,T-INTERSECTION,UNKNOWN,UNABLE TO DETERMINE,IMPROPER OVERTAKING/PASSING,0,0,0,0,11,7,11,1240,STONY ISLAND AVE,41.926871,-87.749792,11/26/2016 12:36:00 PM,2016
CR00007722,12/01/2023 03:08:00 AM,40,CLEAR,DARKNESS - LIGHTED ROAD,PEDESTRIAN,NOT DIVIDED,TRAFFIC SIGNAL,FAILING TO REDUCE SPEED,DRIVING SKILLS/KNOWLEDGE/EXPERIENCE,0,0,0,0,3,6,12,1349,MICHIGAN AVE,41.930012,-87.577636,12/01/2023 03:25:00 AM,2023
CR00007723,08/28/2024 10:34:00 PM,30,CLEAR,DAYLIGHT,SIDESWIPE SAME DIRECTION,FOUR WAY,NO CONTROLS,IMPROPER LANE USAGE,NOT APPLICABLE,0,0,0,0,22,4,8,381,WESTERN AVE,41.913846,-87.631185,08/29/2024 12:13:00 AM,2024
CR00007724,02/08/2022 08:29:00 PM,35,CLEAR,DARKNESS - LIGHTED ROAD,ANGLE,NOT DIVIDED,TRAFFIC SIGNAL,DRIVING SKILLS/KNOWLEDGE/EXPERIENCE,FAILING TO REDUCE SPEED,0,0,0,0,20,3,2,600,47TH ST,41.908289,-87.681381,02/08/2022 09:49:00 PM,2022
CR00007725,06/28/2024 11:59:00 AM,30,CLEAR,DAYLIGHT,ANGLE,DIVIDED - W/MEDIAN BARRIER,STOP SIGN/FLASHER,UNABLE TO DETERMINE,FAILING TO YIELD RIGHT-OF-WAY,0,0,0,0,11,6,6,247,OGDEN AVE,41.964199,-87.655702,06/28/2024 01:17:00 PM,2024
CR00007726,10/05/2016 06:13:00 AM,45,CLOUDY/OVERCAST,DUSK,REAR END,DIVIDED - W/MEDIAN BARRIER,PEDESTRIAN CROSSING SIGN,UNABLE TO DETERMINE,UNABLE TO DETERMINE,0,0,0,0,6,4,10,134,CALIFORNIA AVE,41.882729,-87.790016,10/05/2016 08:11:00 AM,2016
CR00007727,08/07/2024 03:18:00 PM,20,CLEAR,DARKNESS,REAR END,ONE-WAY,NO CONTROLS,UNABLE TO DETERMINE,UNABLE TO DETERMINE,0,0,0,0,15,4,8,2129,KEDZIE AVE,41.910371,-87.628407,08/07/2024 04:07:00 PM,2024
CR00007728,02/20/2021 04:59:00 PM,35,CLOUDY/OVERCAST,DAYLIGHT,REAR END,NOT DIVIDED,STOP SIGN/FLASHER,DISTRACTION - FROM INSIDE VEHICLE,DISTRACTION - FROM INSIDE VEHICLE,0,0,0,0,16,7,2,1898,MICHIGAN AVE,41.841406,-87.542497,02/20/2021 06:12:00 PM,2021
CR00007729,04/06/2024 04:40:00 AM,45,SNOW,DAYLIGHT,SIDESWIPE SAME DIRECTION,DIVIDED - W/MEDIAN BARRIER,TRAFFIC SIGNAL,FOLLOWING TOO CLOSELY,DRIVING SKILLS/KNOWLEDGE/EXPERIENCE,0,0,2,2,4,7,4,1294,ARCHER AVE,41.833517,-87.699747,04/06/2024 05:20:00 AM,2024
CR00007730,06/07/2022 07:07:00 AM,30,CLEAR,DAYLIGHT,REAR END,DIVIDED - W/MEDIAN (NOT RAISED),NO CONTROLS,FAILING TO REDUCE SPEED,UNABLE TO DETERMINE,0,0,0,0,7,3,6,2139,STATE ST,41.885503,-87.740788,06/07/2022 07:34:00 AM,2022
CR00007731,07/08/2023 04:33:00 PM,15,CLOUDY/OVERCAST,DAYLIGHT,PARKED MOTOR VEHICLE,DIVIDED - W/MEDIAN (NOT RAISED),TRAFFIC SIGNAL,FAILING TO YIELD RIGHT-OF-WAY,UNABLE TO DETERMINE,0,0,2,2,16,7,7,559,BROADWAY,41.708205,-87.538224,07/08/2023 06:12:00 PM,2023
CR00007732,10/02/2017 04:58:00 PM,30,CLEAR,DARKNESS - LIGHTED ROAD,PARKED MOTOR VEHICLE,DIVIDED - W/MEDIAN (NOT RAISED),YIELD,DRIVING SKILLS/KNOWLEDGE/EXPERIENCE,WEATHER,0,0,0,0,16,2,10,1315,CALIFORNIA AVE,41.900474,-87.728614,10/02/2017 05:59:00 PM,2017
CR00007733,09/25/2022 01:35:00 AM,25,SNOW,DAYLIGHT,TURNING,DIVIDED - W/MEDIAN BARRIER,TRAFFIC SIGNAL,FOLLOWING TOO CLOSELY,DRIVING SKILLS/KNOWLEDGE/EXPERIENCE,0,0,0,0,1,1,9,1586,IRVING PARK RD,41.905159,-87.724743,09/25/2022 02:40:00 AM,2022
CR00007734,11/18/2016 08:55:00 PM,25,CLEAR,DAYLIGHT,TURNING,ONE-WAY,PEDESTRIAN CROSSING SIGN,IMPROPER LANE USAGE,IMPROPER LANE USAGE,0,0,0,0,20,6,11,973,IRVING PARK RD,41.761145,-87.722968,11/18/2016 09:21:00 PM,2016
CR00007735,08/04/2022 07:28:00 AM,30,CLEAR,DAYLIGHT,ANGLE,DIVIDED - W/MEDIAN BARRIER,NO CONTROLS,UNABLE TO DETERMINE,FAILING TO REDUCE SPEED,0,0,1,1,7,5,8,1037,DAMEN AVE,41.912584,-87.506756,08/04/2022 07:38:00 AM,2022
CR00007736,12/29/2021 05:23:00 AM,25,CLEAR,DARKNESS - LIGHTED ROAD,TURNING,FOUR WAY,STOP SIGN/FLASHER,UNABLE TO DETERMINE,FOLLOWING TOO CLOSELY,0,0,0,0,5,4,12,454,ELSTON AVE,41.945407,-87.577119,12/29/2021 05:31:00 AM,2021
CR00007737,05/31/2022 04:37:00 AM,30,CLEAR,DAYLIGHT,TURNING,DIVIDED - W/MEDIAN (NOT RAISED),STOP SIGN/FLASHER,UNABLE TO DETERMINE,NOT APPLICABLE,0,0,0,0,4,3,5,979,CICERO AVE,41.726755,-87.833489,05/31/2022 05:07:00 AM,2022
CR00007738,09/09/2019 09:12:00 PM,40,CLEAR,DAYLIGHT,REAR TO FRONT,NOT DIVIDED,STOP SIGN/FLASHER,DRIVING SKILLS/KNOWLEDGE/EXPERIENCE,UNABLE TO DETERMINE,0,0,0,0,21,2,9,2492,HALSTED ST,41.727686,-87.551415,09/09/2019 10:37:00 PM,2019
CR00007739,05/29/2018 04:38:00 PM,30,CLEAR,DAYLIGHT,REAR TO FRONT,ONE-WAY,STOP SIGN/FLASHER,DRIVING SKILLS/KNOWLEDGE/EXPERIENCE,DISTRACTION - FROM INSIDE VEHICLE,0,0,0,0,16,3,5,1194,CALIFORNIA AVE,41.977368,-87.557479,05/29/2018 05:12:00 PM,2018
CR00007740,05/14/2023 09:35:00 AM,35,RAIN,DARKNESS - LIGHTED ROAD,REAR END,FOUR WAY,TRAFFIC SIGNAL,IMPROPER OVERTAKING/PASSING,NOT APPLICABLE,0,0,1,1,9,1,5,1530,ARCHER AVE,41.791349,-87.755128,05/14/2023 10:45:00 AM,2023
CR00007741,12/15/2023 06:57:00 PM,30,CLEAR,DAYLIGHT,SIDESWIPE SAME DIRECTION,ONE-WAY,NO CONTROLS,IMPROPER LANE USAGE,UNABLE TO DETERMINE,0,0,0,0,18,6,12,1617,FULLERTON AVE,41.926434,-87.584184,12/15/2023 08:15:00 PM,2023
CR00007742,04/05/2018 05:18:00 PM,30,CLEAR,DAYLIGHT,TURNING,DIVIDED - W/MEDIAN BARRIER,TRAFFIC SIGNAL,WEATHER,UNABLE TO DETERMINE,0,0,0,0,17,5,4,2120,ASHLAND AVE,41.946013,-87.575796,04/05/2018 05:26:00 PM,2018