CRASH_RECORD_ID,CRASH_DATE,POSTED_SPEED_LIMIT,WEATHER_CONDITION,LIGHTING_CONDITION,FIRST_CRASH_TYPE,TRAFFICWAY_TYPE,TRAFFIC_CONTROL_DEVICE,PRIM_CONTRIBUTORY_CAUSE,SEC_CONTRIBUTORY_CAUSE,INJURIES_FATAL,INJURIES_INCAPACITATING,INJURIES_NON_INCAPACITATING,INJURIES_TOTAL,CRASH_HOUR,CRASH_DAY_OF_WEEK,CRASH_MONTH,BEAT_OF_OCCURRENCE,STREET_NAME,LATITUDE,LONGITUDE,DATE_POLICE_NOTIFIED,year
CR00007743,04/17/2024 03:06:00 PM,20,CLEAR,DARKNESS,REAR END,NOT DIVIDED,TRAFFIC SIGNAL,DRIVING SKILLS/KNOWLEDGE/EXPERIENCE,NOT APPLICABLE,0,0,0,0,15,4,4,610,ROOSEVELT RD,41.929437,-87.770026,04/17/2024 04:41:00 PM,2024
CR00007744,02/03/2019 06:08:00 PM,15,CLEAR,DAYLIGHT,TURNING,FOUR WAY,UNKNOWN,DISREGARDING TRAFFIC SIGNALS,DRIVING SKILLS/KNOWLEDGE/EXPERIENCE,0,0,0,0,18,1,2,1549,STATE ST,41.897583,-87.565204,02/03/2019 07:11:00 PM,2019
CR00007745,08/21/2015 07:31:00 AM,45,CLOUDY/OVERCAST,DAYLIGHT,FIXED OBJECT,NOT DIVIDED,TRAFFIC SIGNAL,DISTRACTION - FROM INSIDE VEHICLE,UNABLE TO DETERMINE,0,0,0,0,7,6,8,533,ELSTON AVE,41.739179,-87.54533,08/21/2015 08:37:00 AM,2015
CR00007746,10/28/2015 05:49:00 PM,15,SNOW,DARKNESS - LIGHTED ROAD,ANGLE,ONE-WAY,TRAFFIC SIGNAL,FOLLOWING TOO CLOSELY,FAILING TO REDUCE SPEED,0,0,0,0,17,4,10,967,ELSTON AVE,41.747021,-87.514771,10/28/2015 07:49:00 PM,2015
CR00007747,10/27/2023 12:41:00 PM,45,CLEAR,DAYLIGHT,PARKED MOTOR VEHICLE,DIVIDED - W/MEDIAN BARRIER,YIELD,FAILING TO YIELD RIGHT-OF-WAY,IMPROPER OVERTAKING/PASSING,0,0,0,0,12,6,10,557,BROADWAY,41.825899,-87.740417,10/27/2023 02:07:00 PM,2023
CR00007748,03/18/2015 03:39:00 PM,25,CLEAR,DARKNESS - LIGHTED ROAD,REAR END,NOT DIVIDED,UNKNOWN,FAILING TO REDUCE SPEED,UNABLE TO DETERMINE,0,0,0,0,15,4,3,997,IRVING PARK RD,41.938892,-87.684325,03/18/2015 05:16:00 PM,2015
CR00007749,05/26/2016 06:20:00 PM,30,FOG/SMOKE/HAZE,DAYLIGHT,TURNING,T-INTERSECTION,UNKNOWN,FAILING TO YIELD RIGHT-OF-WAY,NOT APPLICABLE,0,0,0,0,18,5,5,115,STATE ST,41.950281,-87.651808,05/26/2016 06:41:00 PM,2016
CR00007750,09/28/2022 05:07:00 PM,45,RAIN,DAYLIGHT,TURNING,NOT DIVIDED,NO CONTROLS,FAILING TO YIELD RIGHT-OF-WAY,FAILING TO YIELD RIGHT-OF-WAY,0,0,1,1,17,4,9,2420,ELSTON AVE,41.700203,-87.618782,09/28/2022 06:41:00 PM,2022
CR00007751,11/26/2021 07:25:00 PM,30,RAIN,DAYLIGHT,REAR END,DIVIDED - W/MEDIAN (NOT RAISED),STOP SIGN/FLASHER,UNABLE TO DETERMINE,FAILING TO YIELD RIGHT-OF-WAY,0,0,0,0,19,6,11,997,MILWAUKEE AVE,41.772845,-87.79246,11/26/2021 09:11:00 PM,2021
CR00007752,08/11/2023 08:19:00 PM,30,RAIN,DAYLIGHT,FIXED OBJECT,ONE-WAY,NO CONTROLS,FOLLOWING TOO CLOSELY,DRIVING SKILLS/KNOWLEDGE/EXPERIENCE,0,0,0,0,20,6,8,861,BROADWAY,41.788851,-87.667001,08/11/2023 09:12:00 PM,2023
CR00007753,11/09/2019 08:54:00 PM,25,RAIN,DARKNESS - LIGHTED ROAD,PARKED MOTOR VEHICLE,ONE-WAY,NO CONTROLS,FOLLOWING TOO CLOSELY,FOLLOWING TOO CLOSELY,0,0,0,0,20,7,11,322,LAKE SHORE DR,41.747194,-87.567548,11/09/2019 10:47:00 PM,2019
CR00007754,05/25/2023 04:16:00 PM,15,CLEAR,DUSK,PARKED MOTOR VEHICLE,DIVIDED - W/MEDIAN (NOT RAISED),TRAFFIC SIGNAL,IMPROPER LANE USAGE,UNABLE TO DETERMINE,0,0,0,0,16,5,5,2068,DAMEN AVE,41.940173,-87.64189,05/25/2023 06:08:00 PM,2023
CR00007755,11/27/2015 08:08:00 PM,35,RAIN,DAYLIGHT,PARKED MOTOR VEHICLE,ONE-WAY,TRAFFIC SIGNAL,FAILING TO REDUCE SPEED,UNABLE TO DETERMINE,0,0,3,3,20,6,11,1060,OGDEN AVE,41.920866,-87.775679,11/27/2015 08:14:00 PM,2015
CR00007756,11/20/2024 06:08:00 AM,40,CLEAR,DAYLIGHT,SIDESWIPE SAME DIRECTION,NOT DIVIDED,NO CONTROLS,DISREGARDING TRAFFIC SIGNALS,UNABLE TO DETERMINE,0,0,0,0,6,4,11,1039,DAMEN AVE,41.803141,-87.741808,11/20/2024 06:12:00 AM,2024
CR00007757,04/08/2024 05:36:00 PM,30,CLOUDY/OVERCAST,DAYLIGHT,TURNING,NOT DIVIDED,NO CONTROLS,IMPROPER OVERTAKING/PASSING,DISREGARDING TRAFFIC SIGNALS,0,0,0,0,17,2,4,1104,OGDEN AVE,41.835251,-87.839991,04/08/2024 06:09:00 PM,2024
CR00007758,11/10/2022 06:55:00 PM,35,RAIN,DAYLIGHT,REAR END,ONE-WAY,TRAFFIC SIGNAL,DRIVING SKILLS/KNOWLEDGE/EXPERIENCE,FAILING TO YIELD RIGHT-OF-WAY,0,0,0,0,18,5,11,1447,CICERO AVE,41.726657,-87.678666,11/10/2022 07:32:00 PM,2022
CR00007759,05/01/2018 08:24:00 PM,30,CLEAR,DAYLIGHT,TURNING,ONE-WAY,NO CONTROLS,DRIVING SKILLS/KNOWLEDGE/EXPERIENCE,NOT APPLICABLE,0,0,0,0,20,3,5,1864,ELSTON AVE,41.746183,-87.592641,05/01/2018 10:15:00 PM,2018
CR00007760,09/25/2016 07:25:00 AM,25,SNOW,DAYLIGHT,SIDESWIPE SAME DIRECTION,NOT DIVIDED,TRAFFIC SIGNAL,IMPROPER LANE USAGE,UNABLE TO DETERMINE,0,0,0,0,7,1,9,1464,47TH ST,41.733022,-87.547869,09/25/2016 08:08:00 AM,2016
CR00007761,06/03/2022 10:12:00 AM,15,CLEAR,DARKNESS,PEDESTRIAN,DIVIDED - W/MEDIAN BARRIER,TRAFFIC SIGNAL,IMPROPER OVERTAKING/PASSING,NOT APPLICABLE,0,0,0,0,10,6,6,125,47TH ST,41.842534,-87.551785,06/03/2022 11:47:00 AM,2022
CR00007762,05/27/2015 01:39:00 PM,30,CLEAR,DAYLIGHT,ANGLE,ONE-WAY,STOP SIGN/FLASHER,DISREGARDING TRAFFIC SIGNALS,UNABLE TO DETERMINE,0,0,0,0,13,4,5,2430,DAMEN AVE,41.850262,-87.580366,05/27/2015 02:08:00 PM,2015
CR00007763,12/29/2020 03:28:00 PM,40,CLEAR,DAYLIGHT,REAR END,DIVIDED - W/MEDIAN (NOT RAISED),TRAFFIC SIGNAL,FAILING TO YIELD RIGHT-OF-WAY,DISREGARDING TRAFFIC SIGNALS,0,0,0,0,15,3,12,714,CALIFORNIA AVE,41.869698,-87.658044,12/29/2020 05:02:00 PM,2020
CR00007764,03/26/2020 07:52:00 AM,45,CLEAR,DAYLIGHT,REAR END,NOT DIVIDED,NO CONTROLS,DISTRACTION - FROM INSIDE VEHICLE,DISREGARDING TRAFFIC SIGNALS,0,0,0,0,7,5,3,679,DAMEN AVE,41.787111,-87.533164,03/26/2020 07:55:00 AM,2020
CR00007765,01/30/2024 03:06:00 PM,30,CLEAR,DAYLIGHT,TURNING,NOT DIVIDED,STOP SIGN/FLASHER,FAILING TO YIELD RIGHT-OF-WAY,FOLLOWING TOO CLOSELY,0,0,1,1,15,3,1,1667,STONY ISLAND AVE,41.987262,-87.610896,01/30/2024 04:12:00 PM,2024
CR00007766,12/01/2020 10:02:00 AM,30,RAIN,DAYLIGHT,TURNING,DIVIDED - W/MEDIAN (NOT RAISED),STOP SIGN/FLASHER,FAILING TO YIELD RIGHT-OF-WAY,IMPROPER LANE USAGE,0,0,0,0,10,3,12,960,PULASKI RD,41.836585,-87.614963,12/01/2020 11:05:00 AM,2020
CR00007767,07/19/2015 02:50:00 PM,35,CLEAR,DAYLIGHT,ANGLE,NOT DIVIDED,NO CONTROLS,UNABLE TO DETERMINE,DRIVING SKILLS/KNOWLEDGE/EXPERIENCE,0,0,1,1,14,1,7,1297,STATE ST,41.868101,-87.653836,07/19/2015 04:31:00 PM,2015
CR00007768,09/27/2021 06:40:00 PM,15,CLEAR,DAYLIGHT,TURNING,NOT DIVIDED,NO CONTROLS,UNABLE TO DETERMINE,UNABLE TO DETERMINE,0,0,0,0,18,2,9,228,ROOSEVELT RD,41.768004,-87.735878,09/27/2021 07:21:00 PM,2021
CR00007769,03/02/2016 01:28:00 PM,30,RAIN,DARKNESS - LIGHTED ROAD,REAR END,NOT DIVIDED,UNKNOWN,DRIVING SKILLS/KNOWLEDGE/EXPERIENCE,NOT APPLICABLE,0,0,0,0,13,4,3,870,DAMEN AVE,41.713679,-87.686535,03/02/2016 03:14:00 PM,2016
CR00007770,08/14/2018 06:47:00 AM,15,CLOUDY/OVERCAST,DARKNESS - LIGHTED ROAD,FIXED OBJECT,NOT DIVIDED,NO CONTROLS,UNABLE TO DETERMINE,FAILING TO YIELD RIGHT-OF-WAY,0,0,1,1,6,3,8,2427,STONY ISLAND AVE,41.959341,-87.55624,08/14/2018 07:51:00 AM,2018
CR00007771,10/28/2016 06:49:00 PM,25,CLEAR,DUSK,FIXED OBJECT,DIVIDED - W/MEDIAN (NOT RAISED),TRAFFIC SIGNAL,DISREGARDING TRAFFIC SIGNALS,UNABLE TO DETERMINE,0,0,0,0,18,6,10,563,79TH ST,41.964961,-87.58896,10/28/2016 07:47:00 PM,2016
CR00007772,10/21/2020 04:21:00 PM,25,CLEAR,DAYLIGHT,REAR END,DIVIDED - W/MEDIAN (NOT RAISED),NO CONTROLS,DISREGARDING TRAFFIC SIGNALS,FAILING TO REDUCE SPEED,0,0,0,0,16,4,10,784,ELSTON AVE,41.810954,-87.720261,10/21/2020 05:08:00 PM,2020
CR00007773,04/28/2015 04:13:00 PM,15,CLEAR,DUSK,ANGLE,FOUR WAY,STOP SIGN/FLASHER,DISTRACTION - FROM INSIDE VEHICLE,IMPROPER OVERTAKING/PASSING,0,0,0,0,16,3,4,765,ARCHER AVE,41.983459,-87.759311,04/28/2015 06:03:00 PM,2015
CR00007774,12/30/2017 08:37:00 AM,40,CLOUDY/OVERCAST,DARKNESS - LIGHTED ROAD,PARKED MOTOR VEHICLE,NOT DIVIDED,TRAFFIC SIGNAL,FOLLOWING TOO CLOSELY,DISTRACTION - FROM INSIDE VEHICLE,0,0,0,0,8,7,12,1667,STONY ISLAND AVE,41.840063,-87.756417,12/30/2017 09:06:00 AM,2017
CR00007775,03/03/2017 07:37:00 AM,30,CLOUDY/OVERCAST,DUSK,REAR END,FOUR WAY,UNKNOWN,FOLLOWING TOO CLOSELY,UNABLE TO DETERMINE,0,0,0,0,7,6,3,657,47TH ST,41.88514,-87.588421,03/03/2017 07:46:00 AM,2017
CR00007776,01/08/2016 11:01:00 AM,40,CLEAR,DARKNESS,PEDESTRIAN,FOUR WAY,STOP SIGN/FLASHER,UNABLE TO DETERMINE,FOLLOWING TOO CLOSELY,0,0,0,0,11,6,1,2482,ROOSEVELT RD,41.938405,-87.750683,01/08/2016 12:15:00 PM,2016
CR00007777,03/06/2019 07:52:00 AM,25,CLEAR,DAYLIGHT,TURNING,T-INTERSECTION,STOP SIGN/FLASHER,FAILING TO REDUCE SPEED,DISTRACTION - FROM INSIDE VEHICLE,0,0,0,0,7,4,3,555,FULLERTON AVE,41.997372,-87.547814,03/06/2019 09:34:00 AM,2019
CR00007778,04/16/2024 03:25:00 PM,45,CLEAR,DARKNESS - LIGHTED ROAD,REAR END,DIVIDED - W/MEDIAN (NOT RAISED),TRAFFIC SIGNAL,FOLLOWING TOO CLOSELY,DISREGARDING TRAFFIC SIGNALS,0,0,0,0,15,3,4,281,63RD ST,41.824137,-87.846535,04/16/2024 04:49:00 PM,2024
CR00007779,05/02/2021 09:50:00 AM,40,CLEAR,DAYLIGHT,PARKED MOTOR VEHICLE,ONE-WAY,NO CONTROLS,IMPROPER OVERTAKING/PASSING,NOT APPLICABLE,0,0,0,0,9,1,5,693,CALIFORNIA AVE,41.953544,-87.799423,05/02/2021 10:05:00 AM,2021
CR00007780,09/11/2016 10:38:00 PM,35,CLEAR,DAYLIGHT,TURNING,NOT DIVIDED,STOP SIGN/FLASHER,FAILING TO YIELD RIGHT-OF-WAY,FOLLOWING TOO CLOSELY,0,0,1,1,22,1,9,1506,ELSTON AVE,41.955376,-87.788529,09/11/2016 10:47:00 PM,2016
CR00007781,08/12/2021 06:33:00 PM,35,RAIN,DARKNESS - LIGHTED ROAD,SIDESWIPE SAME DIRECTION,NOT DIVIDED,UNKNOWN,UNABLE TO DETERMINE,UNABLE TO DETERMINE,0,0,0,0,18,5,8,2286,CICERO AVE,41.91396,-87.52693,08/12/2021 08:09:00 PM,2021
CR00007782,07/10/2017 09:04:00 AM,35,CLEAR,DAWN,FIXED OBJECT,NOT DIVIDED,TRAFFIC SIGNAL,UNABLE TO DETERMINE,NOT APPLICABLE,0,0,1,1,9,2,7,1942,ROOSEVELT RD,41.859202,-87.822755,07/10/2017 09:32:00 AM,2017
CR00007783,07/06/2023 02:04:00 PM,40,CLEAR,DAYLIGHT,ANGLE,NOT DIVIDED,NO CONTROLS,DRIVING SKILLS/KNOWLEDGE/EXPERIENCE,DRIVING SKILLS/KNOWLEDGE/EXPERIENCE,0,0,0,0,14,5,7,962,FULLERTON AVE,41.894751,-87.548759,07/06/2023 03:53:00 PM,2023
CR00007784,05/06/2024 07:39:00 PM,35,CLOUDY/OVERCAST,DAYLIGHT,PARKED MOTOR VEHICLE,DIVIDED - W/MEDIAN BARRIER,STOP SIGN/FLASHER,DISTRACTION - FROM INSIDE VEHICLE,UNABLE TO DETERMINE,0,0,0,0,19,2,5,912,KEDZIE AVE,41.788039,-87.529628,05/06/2024 08:17:00 PM,2024
CR00007785,12/24/2024 08:21:00 PM,35,CLEAR,DAYLIGHT,PEDESTRIAN,NOT DIVIDED,NO CONTROLS,UNABLE TO DETERMINE,FOLLOWING TOO CLOSELY,0,0,0,0,20,3,12,1778,IRVING PARK RD,41.966263,-87.767595,12/24/2024 10:09:00 PM,2024
CR00007786,04/25/2018 03:58:00 PM,20,CLOUDY/OVERCAST,DAYLIGHT,SIDESWIPE SAME DIRECTION,NOT DIVIDED,TRAFFIC SIGNAL,DISTRACTION - FROM INSIDE VEHICLE,UNABLE TO DETERMINE,0,0,0,0,15,4,4,616,FULLERTON AVE,41.819863,-87.753012,04/25/2018 05:00:00 PM,2018
CR00007787,11/03/2017 08:22:00 PM,35,SNOW,DAWN,TURNING,ONE-WAY,TRAFFIC SIGNAL,UNABLE TO DETERMINE,NOT APPLICABLE,0,0,0,0,20,6,11,1541,ASHLAND AVE,41.80602,-87.51611,11/03/2017 09:22:00 PM,2017
CR00007788,09/14/2018 02:23:00 PM,40,CLEAR,DAYLIGHT,ANGLE,NOT DIVIDED,NO CONTROLS,FAILING TO YIELD RIGHT-OF-WAY,IMPROPER OVERTAKING/PASSING,0,0,0,0,14,6,9,869,ROOSEVELT RD,41.719429,-87.797201,09/14/2018 02:45:00 PM,2018
CR00007789,07/24/2017 08:38:00 AM,35,FOG/SMOKE/HAZE,DAYLIGHT,ANGLE,NOT DIVIDED,YIELD,DRIVING SKILLS/KNOWLEDGE/EXPERIENCE,UNABLE TO DETERMINE,0,0,0,0,8,2,7,526,WESTERN AVE,41.753047,-87.569,07/24/2017 09:17:00 AM,2017
CR00007790,08/21/2015 08:40:00 PM,30,CLOUDY/OVERCAST,DARKNESS - LIGHTED ROAD,REAR TO FRONT,DIVIDED - W/MEDIAN BARRIER,NO CONTROLS,FAILING TO REDUCE SPEED,FAILING TO YIELD RIGHT-OF-WAY,0,0,1,1,20,6,8,2395,CALIFORNIA AVE,41.837734,-87.509622,08/21/2015 09:59:00 PM,2015
CR00007791,07/25/2023 01:08:00 AM,35,RAIN,DARKNESS - LIGHTED ROAD,PARKED MOTOR VEHICLE,DIVIDED - W/MEDIAN (NOT RAISED),TRAFFIC SIGNAL,FAILING TO YIELD RIGHT-OF-WAY,WEATHER,0,0,0,0,1,3,7,302,47TH ST,41.917959,-87.644607,07/25/2023 02:08:00 AM,2023
CR00007792,09/21/2018 01:58:00 PM,25,CLEAR,DAYLIGHT,TURNING,NOT DIVIDED,NO CONTROLS,FAILING TO YIELD RIGHT-OF-WAY,UNABLE TO DETERMINE,0,0,0,0,13,6,9,1498,KEDZIE AVE,41.909451,-87.626519,09/21/2018 02:46:00 PM,2018
CR00007793,01/17/2017 10:12:00 AM,35,CLEAR,DARKNESS - LIGHTED ROAD,PARKED MOTOR VEHICLE,NOT DIVIDED,STOP SIGN/FLASHER,FOLLOWING TOO CLOSELY,IMPROPER LANE USAGE,0,0,0,0,10,3,1,1525,STATE ST,41.796072,-87.809084,01/17/2017 11:58:00 AM,2017
CR00007794,07/08/2024 03:12:00 PM,40,CLEAR,DAYLIGHT,REAR END,NOT DIVIDED,TRAFFIC SIGNAL,UNABLE TO DETERMINE,IMPROPER LANE USAGE,0,0,1,1,15,2,7,937,FULLERTON AVE,41.943057,-87.693477,07/08/2024 03:14:00 PM,2024
CR00007795,10/28/2017 07:56:00 AM,25,RAIN,DAYLIGHT,FIXED OBJECT,NOT DIVIDED,NO CONTROLS,DISREGARDING TRAFFIC SIGNALS,UNABLE TO DETERMINE,0,0,0,0,7,7,10,1714,ROOSEVELT RD,41.927489,-87.693112,10/28/2017 08:02:00 AM,2017
CR00007796,07/09/2019 08:15:00 PM,35,CLEAR,DAYLIGHT,FIXED OBJECT,NOT DIVIDED,NO CONTROLS,FAILING TO YIELD RIGHT-OF-WAY,WEATHER,0,0,0,0,20,3,7,418,OGDEN AVE,41.719676,-87.690498,07/09/2019 08:24:00 PM,2019
CR00007797,03/05/2022 04:05:00 PM,35,CLEAR,DAYLIGHT,REAR TO FRONT,NOT DIVIDED,NO CONTROLS,FAILING TO REDUCE SPEED,FAILING TO YIELD RIGHT-OF-WAY,0,0,0,0,16,7,3,1743,STONY ISLAND AVE,41.826384,-87.516192,03/05/2022 05:24:00 PM,2022
CR00007798,12/04/2023 05:09:00 PM,35,CLEAR,DARKNESS - LIGHTED ROAD,REAR END,DIVIDED - W/MEDIAN (NOT RAISED),NO CONTROLS,UNABLE TO DETERMINE,IMPROPER LANE USAGE,0,0,0,0,17,2,12,1288,DIVISION ST,41.875929,-87.803257,12/04/2023 06:34:00 PM,2023
CR00007799,10/29/2016 08:20:00 PM,40,CLEAR,DARKNESS - LIGHTED ROAD,SIDESWIPE SAME DIRECTION,NOT DIVIDED,NO CONTROLS,IMPROPER LANE USAGE,IMPROPER LANE USAGE,0,0,0,0,20,7,10,2401,WESTERN AVE,41.937182,-87.564307,10/29/2016 08:36:00 PM,2016
CR00007800,04/04/2022 06:29:00 PM,30,CLOUDY/OVERCAST,DARKNESS,TURNING,DIVIDED - W/MEDIAN (NOT RAISED),NO CONTROLS,FAILING TO YIELD RIGHT-OF-WAY,UNABLE TO DETERMINE,0,0,0,0,18,2,4,762,STATE ST,41.775016,-87.664075,04/04/2022 08:25:00 PM,2022
CR00007801,12/01/2022 01:21:00 AM,35,CLEAR,DAYLIGHT,REAR END,DIVIDED - W/MEDIAN BARRIER,NO CONTROLS,FAILING TO YIELD RIGHT-OF-WAY,NOT APPLICABLE,0,0,0,0,1,5,12,1526,STATE ST,41.840072,-87.840859,12/01/2022 01:54:00 AM,2022
CR00007802,06/06/2024 06:42:00 PM,45,CLEAR,DARKNESS - LIGHTED ROAD,TURNING,NOT DIVIDED,PEDESTRIAN CROSSING SIGN,DISTRACTION - FROM INSIDE VEHICLE,FAILING TO YIELD RIGHT-OF-WAY,0,0,0,0,18,5,6,1556,STONY ISLAND AVE,41.974501,-87.651582,06/06/2024 06:44:00 PM,2024
CR00007803,11/03/2015 10:54:00 AM,20,CLEAR,DAYLIGHT,PARKED MOTOR VEHICLE,NOT DIVIDED,NO CONTROLS,DISREGARDING TRAFFIC SIGNALS,IMPROPER OVERTAKING/PASSING,0,0,0,0,10,3,11,576,PULASKI RD,41.975431,-87.672165,11/03/2015 11:41:00 AM,2015
CR00007804,09/07/2021 05:31:00 PM,35,CLEAR,DARKNESS - LIGHTED ROAD,REAR END,DIVIDED - W/MEDIAN (NOT RAISED),NO CONTROLS,FAILING TO REDUCE SPEED,NOT APPLICABLE,0,0,0,0,17,3,9,681,CLARK ST,41.978361,-87.821962,09/07/2021 06:01:00 PM,2021
CR00007805,02/27/2017 03:02:00 PM,35,CLEAR,DARKNESS - LIGHTED ROAD,TURNING,DIVIDED - W/MEDIAN BARRIER,TRAFFIC SIGNAL,FAILING TO YIELD RIGHT-OF-WAY,UNABLE TO DETERMINE,0,0,0,0,15,2,2,1931,DAMEN AVE,41.821314,-87.846738,02/27/2017 03:47:00 PM,2017
CR00007806,12/07/2022 02:02:00 PM,30,CLEAR,DAYLIGHT,FIXED OBJECT,DIVIDED - W/MEDIAN BARRIER,TRAFFIC SIGNAL,IMPROPER OVERTAKING/PASSING,NOT APPLICABLE,0,0,0,0,14,4,12,1749,MILWAUKEE AVE,41.769855,-87.630018,12/07/2022 03:48:00 PM,2022
CR00007807,09/08/2020 05:50:00 AM,40,CLEAR,DARKNESS,PARKED MOTOR VEHICLE,T-INTERSECTION,NO CONTROLS,DISREGARDING TRAFFIC SIGNALS,FOLLOWING TOO CLOSELY,0,2,3,5,5,3,9,1014,CICERO AVE,41.795079,-87.729626,09/08/2020 06:27:00 AM,2020
CR00007808,06/26/2018 04:43:00 AM,45,CLEAR,DARKNESS - LIGHTED ROAD,TURNING,DIVIDED - W/MEDIAN (NOT RAISED),NO CONTROLS,DISTRACTION - FROM INSIDE VEHICLE,UNABLE TO DETERMINE,0,0,2,2,4,3,6,2056,OGDEN AVE,41.868349,-87.69289,06/26/2018 05:18:00 AM,2018
CR00007809,10/16/2015 06:18:00 AM,40,CLEAR,DAYLIGHT,TURNING,NOT DIVIDED,TRAFFIC SIGNAL,WEATHER,FAILING TO REDUCE SPEED,0,0,0,0,6,6,10,231,79TH ST,41.926385,-87.817918,10/16/2015 06:34:00 AM,2015
CR00007810,08/29/2020 03:35:00 PM,45,CLEAR,DAYLIGHT,PARKED MOTOR VEHICLE,DIVIDED - W/MEDIAN (NOT RAISED),TRAFFIC SIGNAL,FOLLOWING TOO CLOSELY,NOT APPLICABLE,0,0,3,3,15,7,8,2099,WESTERN AVE,41.91594,-87.697993,08/29/2020 05:25:00 PM,2020
CR00007811,04/16/2022 11:59:00 AM,15,RAIN,DAYLIGHT,TURNING,DIVIDED - W/MEDIAN (NOT RAISED),TRAFFIC SIGNAL,UNABLE TO DETERMINE,IMPROPER OVERTAKING/PASSING,0,0,0,0,11,7,4,2312,IRVING PARK RD,41.928599,-87.781354,04/16/2022 12:25:00 PM,2022
CR00007812,08/26/2017 02:35:00 PM,30,CLEAR,DARKNESS,PEDESTRIAN,ONE-WAY,STOP SIGN/FLASHER,DISTRACTION - FROM INSIDE VEHICLE,DISTRACTION - FROM INSIDE VEHICLE,0,0,0,0,14,7,8,992,CLARK ST,41.884816,-87.742904,08/26/2017 04:34:00 PM,2017
CR00007813,07/20/2019 06:55:00 PM,15,RAIN,DAYLIGHT,FIXED OBJECT,NOT DIVIDED,NO CONTROLS,DISTRACTION - FROM INSIDE VEHICLE,UNABLE TO DETERMINE,0,0,0,0,18,7,7,1761,LAKE SHORE DR,41.822469,-87.693693,07/20/2019 08:22:00 PM,2019
CR00007814,09/19/2015 09:22:00 AM,20,RAIN,DAYLIGHT,REAR END,NOT DIVIDED,UNKNOWN,UNABLE TO DETERMINE,FOLLOWING TOO CLOSELY,0,0,0,0,9,7,9,1875,KEDZIE AVE,41.997793,-87.804268,09/19/2015 10:16:00 AM,2015
CR00007815,10/30/2017 03:44:00 PM,15,CLOUDY/OVERCAST,DARKNESS,TURNING,NOT DIVIDED,YIELD,FOLLOWING TOO CLOSELY,NOT APPLICABLE,0,0,0,0,15,2,10,1105,63RD ST,41.785919,-87.574602,10/30/2017 04:46:00 PM,2017
CR00007816,10/03/2017 01:44:00 PM,25,RAIN,DAWN,TURNING,DIVIDED - W/MEDIAN (NOT RAISED),STOP SIGN/FLASHER,UNABLE TO DETERMINE,FOLLOWING TOO CLOSELY,0,0,3,3,13,3,10,1865,STONY ISLAND AVE,41.704428,-87.59356,10/03/2017 03:28:00 PM,2017
CR00007817,05/07/2016 08:38:00 AM,45,CLEAR,DARKNESS - LIGHTED ROAD,TURNING,DIVIDED - W/MEDIAN (NOT RAISED),STOP SIGN/FLASHER,FAILING TO YIELD RIGHT-OF-WAY,UNABLE TO DETERMINE,0,0,0,0,8,7,5,2429,IRVING PARK RD,41.94526,-87.811647,05/07/2016 09:32:00 AM,2016
CR00007818,03/05/2015 10:50:00 PM,25,CLEAR,DAYLIGHT,TURNING,NOT DIVIDED,NO CONTROLS,UNABLE TO DETERMINE,NOT APPLICABLE,0,0,0,0,22,5,3,204,MILWAUKEE AVE,41.891643,-87.594572,03/05/2015 11:56:00 PM,2015
CR00007819,05/24/2020 11:13:00 PM,45,CLEAR,DAYLIGHT,TURNING,NOT DIVIDED,TRAFFIC SIGNAL,DISTRACTION - FROM INSIDE VEHICLE,FOLLOWING TOO CLOSELY,0,0,0,0,23,1,5,360,MILWAUKEE AVE,41.847038,-87.598147,05/25/2020 12:15:00 AM,2020
CR00007820,11/11/2016 06:29:00 PM,30,CLEAR,DAYLIGHT,TURNING,ONE-WAY,NO CONTROLS,FAILING TO YIELD RIGHT-OF-WAY,DRIVING SKILLS/KNOWLEDGE/EXPERIENCE,0,0,0,0,18,6,11,1199,ROOSEVELT RD,41.950498,-87.671752,11/11/2016 07:50:00 PM,2016
CR00007821,08/28/2019 05:30:00 PM,35,CLEAR,DUSK,REAR END,ONE-WAY,STOP SIGN/FLASHER,FAILING TO YIELD RIGHT-OF-WAY,DISTRACTION - FROM INSIDE VEHICLE,0,0,0,0,17,4,8,2116,ELSTON AVE,41.907755,-87.57599,08/28/2019 06:30:00 PM,2019
CR00007822,12/23/2016 06:40:00 PM,45,RAIN,DAYLIGHT,PARKED MOTOR VEHICLE,DIVIDED - W/MEDIAN (NOT RAISED),YIELD,WEATHER,UNABLE TO DETERMINE,0,1,3,4,18,6,12,537,STATE ST,41.878267,-87.763503,12/23/2016 06:48:00 PM,2016
CR00007823,01/07/2020 02:26:00 PM,30,SNOW,DARKNESS - LIGHTED ROAD,REAR END,ONE-WAY,TRAFFIC SIGNAL,UNABLE TO DETERMINE,FAILING TO REDUCE SPEED,0,0,0,0,14,3,1,865,CICERO AVE,41.854876,-87.747966,01/07/2020 04:13:00 PM,2020
CR00007824,11/19/2017 09:19:00 AM,35,CLEAR,DAYLIGHT,SIDESWIPE SAME DIRECTION,DIVIDED - W/MEDIAN (NOT RAISED),STOP SIGN/FLASHER,UNABLE TO DETERMINE,NOT APPLICABLE,0,0,1,1,9,1,11,699,FULLERTON AVE,41.847319,-87.616894,11/19/2017 09:31:00 AM,2017