CRASH_RECORD_ID,CRASH_DATE,POSTED_SPEED_LIMIT,WEATHER_CONDITION,LIGHTING_CONDITION,FIRST_CRASH_TYPE,TRAFFICWAY_TYPE,TRAFFIC_CONTROL_DEVICE,PRIM_CONTRIBUTORY_CAUSE,SEC_CONTRIBUTORY_CAUSE,INJURIES_FATAL,INJURIES_INCAPACITATING,INJURIES_NON_INCAPACITATING,INJURIES_TOTAL,CRASH_HOUR,CRASH_DAY_OF_WEEK,CRASH_MONTH,BEAT_OF_OCCURRENCE,STREET_NAME,LATITUDE,LONGITUDE,DATE_POLICE_NOTIFIED,year
CR00007825,07/12/2023 05:13:00 PM,20,CLEAR,DARKNESS - LIGHTED ROAD,TURNING,DIVIDED - W/MEDIAN BARRIER,NO CONTROLS,IMPROPER LANE USAGE,UNABLE TO DETERMINE,0,0,0,0,17,4,7,1231,LAKE SHORE DR,41.885382,-87.642271,07/12/2023 06:36:00 PM,2023
CR00007826,02/20/2016 04:25:00 PM,20,CLEAR,DAYLIGHT,REAR END,NOT DIVIDED,TRAFFIC SIGNAL,IMPROPER LANE USAGE,DISREGARDING TRAFFIC SIGNALS,0,1,2,3,16,7,2,1693,47TH ST,41.856214,-87.748363,02/20/2016 05:08:00 PM,2016
CR00007827,10/06/2016 01:32:00 PM,20,CLEAR,DAYLIGHT,PEDESTRIAN,DIVIDED - W/MEDIAN BARRIER,TRAFFIC SIGNAL,IMPROPER OVERTAKING/PASSING,UNABLE TO DETERMINE,0,0,0,0,13,5,10,747,HALSTED ST,41.706625,-87.586172,10/06/2016 02:12:00 PM,2016
CR00007828,01/12/2016 01:27:00 PM,30,RAIN,DAYLIGHT,TURNING,ONE-WAY,NO CONTROLS,DISTRACTION - FROM INSIDE VEHICLE,WEATHER,0,0,0,0,13,3,1,1547,DIVISION ST,41.857052,-87.67025,01/12/2016 02:55:00 PM,2016
CR00007829,05/03/2019 01:53:00 PM,30,CLEAR,DAYLIGHT,REAR END,DIVIDED - W/MEDIAN (NOT RAISED),NO CONTROLS,IMPROPER OVERTAKING/PASSING,UNABLE TO DETERMINE,0,0,0,0,13,6,5,1948,IRVING PARK RD,41.884515,-87.691016,05/03/2019 03:47:00 PM,2019
CR00007830,10/20/2022 06:23:00 PM,25,CLEAR,DAYLIGHT,ANGLE,FOUR WAY,NO CONTROLS,FAILING TO YIELD RIGHT-OF-WAY,FAILING TO YIELD RIGHT-OF-WAY,0,0,0,0,18,5,10,796,MILWAUKEE AVE,41.927058,-87.67438,10/20/2022 07:05:00 PM,2022
CR00007831,03/05/2024 04:59:00 PM,30,CLEAR,DAYLIGHT,ANGLE,T-INTERSECTION,TRAFFIC SIGNAL,FAILING TO YIELD RIGHT-OF-WAY,IMPROPER LANE USAGE,0,0,0,0,16,3,3,1017,CLARK ST,41.855246,-87.558383,03/05/2024 05:11:00 PM,2024
CR00007832,01/19/2016 03:17:00 PM,20,RAIN,DARKNESS - LIGHTED ROAD,FIXED OBJECT,DIVIDED - W/MEDIAN (NOT RAISED),UNKNOWN,UNABLE TO DETERMINE,IMPROPER OVERTAKING/PASSING,0,0,2,2,15,3,1,2375,DAMEN AVE,41.873737,-87.79104,01/19/2016 05:09:00 PM,2016
CR00007833,10/20/2024 08:37:00 AM,40,FREEZING RAIN/DRIZZLE,DAYLIGHT,SIDESWIPE SAME DIRECTION,ONE-WAY,NO CONTROLS,FOLLOWING TOO CLOSELY,NOT APPLICABLE,0,0,0,0,8,1,10,1985,MICHIGAN AVE,41.992672,-87.734718,10/20/2024 10:28:00 AM,2024
CR00007834,06/02/2020 09:18:00 AM,15,CLEAR,DAYLIGHT,REAR TO FRONT,NOT DIVIDED,NO CONTROLS,UNABLE TO DETERMINE,IMPROPER OVERTAKING/PASSING,0,0,0,0,9,3,6,565,DAMEN AVE,41.8348,-87.824938,06/02/2020 09:32:00 AM,2020
CR00007835,06/15/2017 05:14:00 AM,35,CLEAR,DAYLIGHT,ANGLE,NOT DIVIDED,NO CONTROLS,FAILING TO REDUCE SPEED,NOT APPLICABLE,0,0,0,0,5,5,6,1038,MICHIGAN AVE,41.759164,-87.505643,06/15/2017 06:57:00 AM,2017
CR00007836,05/30/2022 07:58:00 AM,45,CLEAR,DARKNESS - LIGHTED ROAD,TURNING,NOT DIVIDED,NO CONTROLS,UNABLE TO DETERMINE,FAILING TO YIELD RIGHT-OF-WAY,0,0,0,0,7,2,5,1781,HALSTED ST,41.745604,-87.69534,05/30/2022 08:28:00 AM,2022
CR00007837,03/16/2015 12:09:00 PM,35,CLEAR,DAYLIGHT,TURNING,NOT DIVIDED,STOP SIGN/FLASHER,IMPROPER LANE USAGE,IMPROPER OVERTAKING/PASSING,0,0,0,0,12,2,3,678,OGDEN AVE,41.745961,-87.519162,03/16/2015 01:23:00 PM,2015
CR00007838,09/03/2015 01:41:00 PM,40,CLEAR,DAYLIGHT,REAR END,DIVIDED - W/MEDIAN BARRIER,NO CONTROLS,DRIVING SKILLS/KNOWLEDGE/EXPERIENCE,FAILING TO YIELD RIGHT-OF-WAY,0,0,0,0,13,5,9,1620,63RD ST,41.87126,-87.579573,09/03/2015 02:31:00 PM,2015
CR00007839,02/28/2023 03:10:00 AM,40,RAIN,DARKNESS,ANGLE,NOT DIVIDED,PEDESTRIAN CROSSING SIGN,FOLLOWING TOO CLOSELY,NOT APPLICABLE,0,0,0,0,3,3,2,236,STATE ST,41.7113,-87.796922,02/28/2023 04:31:00 AM,2023
CR00007840,09/09/2016 12:45:00 PM,35,CLEAR,DAYLIGHT,TURNING,NOT DIVIDED,TRAFFIC SIGNAL,FOLLOWING TOO CLOSELY,IMPROPER LANE USAGE,0,0,1,1,12,6,9,1457,HALSTED ST,41.822678,-87.584292,09/09/2016 01:59:00 PM,2016
CR00007841,03/07/2019 08:54:00 AM,15,CLEAR,DARKNESS - LIGHTED ROAD,REAR END,NOT DIVIDED,TRAFFIC SIGNAL,FAILING TO YIELD RIGHT-OF-WAY,UNABLE TO DETERMINE,0,0,3,3,8,5,3,939,DAMEN AVE,41.853674,-87.679011,03/07/2019 10:19:00 AM,2019
CR00007842,05/18/2023 12:06:00 PM,45,CLEAR,DARKNESS - LIGHTED ROAD,REAR END,ONE-WAY,NO CONTROLS,UNABLE TO DETERMINE,UNABLE TO DETERMINE,0,0,0,0,12,5,5,2435,MILWAUKEE AVE,41.89561,-87.721156,05/18/2023 12:50:00 PM,2023
CR00007843,10/15/2020 12:21:00 PM,35,CLEAR,DAYLIGHT,REAR END,DIVIDED - W/MEDIAN (NOT RAISED),TRAFFIC SIGNAL,IMPROPER LANE USAGE,FOLLOWING TOO CLOSELY,0,0,3,3,12,5,10,1605,ARCHER AVE,41.865122,-87.709313,10/15/2020 02:14:00 PM,2020
CR00007844,07/24/2023 04:26:00 AM,45,FOG/SMOKE/HAZE,DAYLIGHT,PARKED MOTOR VEHICLE,T-INTERSECTION,NO CONTROLS,DRIVING SKILLS/KNOWLEDGE/EXPERIENCE,UNABLE TO DETERMINE,0,0,0,0,4,2,7,888,STONY ISLAND AVE,41.720581,-87.687788,07/24/2023 05:57:00 AM,2023
CR00007845,11/20/2022 04:28:00 PM,30,CLEAR,DAYLIGHT,FIXED OBJECT,DIVIDED - W/MEDIAN (NOT RAISED),NO CONTROLS,UNABLE TO DETERMINE,IMPROPER LANE USAGE,0,0,1,1,16,1,11,2104,OGDEN AVE,41.806285,-87.681055,11/20/2022 05:31:00 PM,2022
CR00007846,01/10/2024 04:06:00 PM,30,CLEAR,DAYLIGHT,ANGLE,NOT DIVIDED,TRAFFIC SIGNAL,UNABLE TO DETERMINE,NOT APPLICABLE,0,0,0,0,16,4,1,1936,ELSTON AVE,41.873597,-87.601477,01/10/2024 04:08:00 PM,2024
CR00007847,12/31/2019 08:35:00 AM,35,RAIN,DAYLIGHT,PEDESTRIAN,NOT DIVIDED,TRAFFIC SIGNAL,IMPROPER OVERTAKING/PASSING,NOT APPLICABLE,0,0,0,0,8,3,12,1863,CICERO AVE,41.893305,-87.690263,12/31/2019 09:38:00 AM,2019
CR00007848,03/27/2016 06:31:00 PM,35,CLEAR,DAYLIGHT,ANGLE,DIVIDED - W/MEDIAN BARRIER,NO CONTROLS,FAILING TO YIELD RIGHT-OF-WAY,NOT APPLICABLE,0,0,0,0,18,1,3,2029,ASHLAND AVE,41.825417,-87.707434,03/27/2016 08:04:00 PM,2016
CR00007849,01/14/2024 03:29:00 PM,40,CLEAR,DAYLIGHT,ANGLE,DIVIDED - W/MEDIAN (NOT RAISED),STOP SIGN/FLASHER,IMPROPER OVERTAKING/PASSING,FOLLOWING TOO CLOSELY,0,0,0,0,15,1,1,1332,MILWAUKEE AVE,41.936993,-87.834061,01/14/2024 04:26:00 PM,2024
CR00007850,08/16/2021 12:05:00 PM,30,CLEAR,DARKNESS,ANGLE,DIVIDED - W/MEDIAN (NOT RAISED),NO CONTROLS,DRIVING SKILLS/KNOWLEDGE/EXPERIENCE,DRIVING SKILLS/KNOWLEDGE/EXPERIENCE,0,1,3,4,12,2,8,1536,CICERO AVE,41.773789,-87.603211,08/16/2021 01:06:00 PM,2021
CR00007851,02/07/2017 12:14:00 PM,45,CLEAR,DARKNESS - LIGHTED ROAD,REAR END,NOT DIVIDED,NO CONTROLS,IMPROPER OVERTAKING/PASSING,IMPROPER OVERTAKING/PASSING,0,0,0,0,12,3,2,912,MILWAUKEE AVE,41.981291,-87.822818,02/07/2017 01:17:00 PM,2017
CR00007852,11/04/2018 11:50:00 AM,35,CLOUDY/OVERCAST,DARKNESS - LIGHTED ROAD,FIXED OBJECT,NOT DIVIDED,NO CONTROLS,UNABLE TO DETERMINE,FAILING TO REDUCE SPEED,0,0,0,0,11,1,11,895,KEDZIE AVE,41.814163,-87.777073,11/04/2018 12:23:00 PM,2018
CR00007853,09/25/2017 01:56:00 PM,35,CLEAR,DAYLIGHT,REAR END,NOT DIVIDED,TRAFFIC SIGNAL,UNABLE TO DETERMINE,UNABLE TO DETERMINE,0,0,0,0,13,2,9,979,CICERO AVE,41.750741,-87.814334,09/25/2017 02:22:00 PM,2017
CR00007854,09/29/2021 12:31:00 AM,15,CLEAR,DAWN,FIXED OBJECT,NOT DIVIDED,TRAFFIC SIGNAL,IMPROPER LANE USAGE,FOLLOWING TOO CLOSELY,0,0,0,0,0,4,9,2345,WESTERN AVE,41.957134,-87.686156,09/29/2021 12:46:00 AM,2021
CR00007855,09/02/2017 03:12:00 PM,45,CLOUDY/OVERCAST,DAYLIGHT,REAR END,NOT DIVIDED,TRAFFIC SIGNAL,UNABLE TO DETERMINE,FAILING TO REDUCE SPEED,0,0,0,0,15,7,9,2367,CICERO AVE,41.701685,-87.658699,09/02/2017 03:27:00 PM,2017
CR00007856,11/14/2022 04:21:00 PM,30,CLEAR,DARKNESS - LIGHTED ROAD,TURNING,DIVIDED - W/MEDIAN (NOT RAISED),YIELD,FAILING TO YIELD RIGHT-OF-WAY,FAILING TO YIELD RIGHT-OF-WAY,0,0,0,0,16,2,11,2096,CLARK ST,41.967077,-87.518978,11/14/2022 05:32:00 PM,2022
CR00007857,05/28/2021 05:21:00 PM,45,CLEAR,DAYLIGHT,TURNING,FOUR WAY,NO CONTROLS,UNABLE TO DETERMINE,UNABLE TO DETERMINE,0,0,0,0,17,6,5,1976,CALIFORNIA AVE,41.781267,-87.637429,05/28/2021 06:05:00 PM,2021
CR00007858,09/21/2019 06:44:00 PM,40,RAIN,DUSK,TURNING,NOT DIVIDED,NO CONTROLS,FAILING TO REDUCE SPEED,IMPROPER LANE USAGE,0,0,0,0,18,7,9,1250,BROADWAY,41.765635,-87.79224,09/21/2019 07:36:00 PM,2019
CR00007859,04/26/2016 07:04:00 PM,40,CLEAR,DAYLIGHT,PEDESTRIAN,DIVIDED - W/MEDIAN (NOT RAISED),NO CONTROLS,FAILING TO REDUCE SPEED,FAILING TO YIELD RIGHT-OF-WAY,0,0,0,0,19,3,4,1830,CALIFORNIA AVE,41.917676,-87.730376,04/26/2016 08:27:00 PM,2016
CR00007860,04/19/2020 10:21:00 AM,45,RAIN,DAYLIGHT,REAR TO FRONT,NOT DIVIDED,NO CONTROLS,DISREGARDING TRAFFIC SIGNALS,DISTRACTION - FROM INSIDE VEHICLE,0,0,0,0,10,1,4,941,ARCHER AVE,41.902123,-87.503033,04/19/2020 12:09:00 PM,2020
CR00007861,11/16/2019 08:48:00 AM,30,CLEAR,DAYLIGHT,REAR END,DIVIDED - W/MEDIAN (NOT RAISED),STOP SIGN/FLASHER,FAILING TO REDUCE SPEED,IMPROPER LANE USAGE,0,0,0,0,8,7,11,1953,ROOSEVELT RD,41.765306,-87.582517,11/16/2019 10:08:00 AM,2019
CR00007862,01/17/2016 02:53:00 PM,30,CLEAR,DARKNESS,REAR END,ONE-WAY,TRAFFIC SIGNAL,UNABLE TO DETERMINE,FAILING TO YIELD RIGHT-OF-WAY,0,0,0,0,14,1,1,1645,DIVISION ST,41.701222,-87.769383,01/17/2016 03:22:00 PM,2016
CR00007863,02/02/2016 01:55:00 PM,15,CLEAR,DARKNESS - LIGHTED ROAD,TURNING,T-INTERSECTION,NO CONTROLS,FAILING TO YIELD RIGHT-OF-WAY,IMPROPER LANE USAGE,0,0,0,0,13,3,2,2504,OGDEN AVE,41.814368,-87.787077,02/02/2016 03:40:00 PM,2016
CR00007864,06/17/2022 07:02:00 PM,30,CLOUDY/OVERCAST,DAYLIGHT,PEDESTRIAN,NOT DIVIDED,STOP SIGN/FLASHER,DISTRACTION - FROM INSIDE VEHICLE,DISTRACTION - FROM INSIDE VEHICLE,0,0,0,0,19,6,6,951,IRVING PARK RD,41.766331,-87.721544,06/17/2022 07:21:00 PM,2022
CR00007865,11/12/2015 06:01:00 AM,35,RAIN,DARKNESS - LIGHTED ROAD,TURNING,DIVIDED - W/MEDIAN BARRIER,TRAFFIC SIGNAL,UNABLE TO DETERMINE,FAILING TO REDUCE SPEED,0,0,0,0,6,5,11,1525,HALSTED ST,41.942369,-87.761819,11/12/2015 06:15:00 AM,2015
CR00007866,01/06/2017 07:49:00 AM,40,SNOW,DAYLIGHT,REAR END,NOT DIVIDED,NO CONTROLS,FAILING TO YIELD RIGHT-OF-WAY,UNABLE TO DETERMINE,0,0,0,0,7,6,1,228,LAKE SHORE DR,41.72005,-87.591691,01/06/2017 08:04:00 AM,2017
CR00007867,12/29/2017 10:12:00 PM,20,CLEAR,DAYLIGHT,PEDESTRIAN,ONE-WAY,NO CONTROLS,UNABLE TO DETERMINE,NOT APPLICABLE,0,0,0,0,22,6,12,1565,BROADWAY,41.830386,-87.500358,12/29/2017 11:21:00 PM,2017
CR00007868,05/31/2017 02:45:00 PM,30,CLEAR,DARKNESS - LIGHTED ROAD,REAR END,DIVIDED - W/MEDIAN (NOT RAISED),NO CONTROLS,DRIVING SKILLS/KNOWLEDGE/EXPERIENCE,FOLLOWING TOO CLOSELY,0,0,0,0,14,4,5,123,DIVISION ST,41.876516,-87.587372,05/31/2017 04:42:00 PM,2017
CR00007869,02/11/2023 08:58:00 PM,40,RAIN,DAYLIGHT,REAR END,T-INTERSECTION,STOP SIGN/FLASHER,FAILING TO REDUCE SPEED,FOLLOWING TOO CLOSELY,0,0,0,0,20,7,2,1908,STONY ISLAND AVE,41.818583,-87.717329,02/11/2023 09:13:00 PM,2023
CR00007870,06/17/2017 07:57:00 AM,35,RAIN,DAYLIGHT,PARKED MOTOR VEHICLE,FOUR WAY,TRAFFIC SIGNAL,UNABLE TO DETERMINE,FAILING TO YIELD RIGHT-OF-WAY,0,0,0,0,7,7,6,2225,HALSTED ST,41.859701,-87.692496,06/17/2017 08:55:00 AM,2017
CR00007871,09/29/2015 08:09:00 AM,45,SNOW,DAYLIGHT,REAR END,DIVIDED - W/MEDIAN (NOT RAISED),NO CONTROLS,IMPROPER LANE USAGE,DISTRACTION - FROM INSIDE VEHICLE,0,1,0,1,8,3,9,893,ROOSEVELT RD,41.870904,-87.517398,09/29/2015 08:56:00 AM,2015
CR00007872,03/12/2020 04:03:00 PM,15,CLEAR,DARKNESS - LIGHTED ROAD,PARKED MOTOR VEHICLE,DIVIDED - W/MEDIAN BARRIER,NO CONTROLS,DISREGARDING TRAFFIC SIGNALS,UNABLE TO DETERMINE,0,0,0,0,16,5,3,1436,LAKE SHORE DR,41.707284,-87.639568,03/12/2020 04:10:00 PM,2020
CR00007873,01/24/2017 07:06:00 AM,20,CLEAR,DAYLIGHT,TURNING,NOT DIVIDED,TRAFFIC SIGNAL,FOLLOWING TOO CLOSELY,DRIVING SKILLS/KNOWLEDGE/EXPERIENCE,0,0,3,3,7,3,1,761,ROOSEVELT RD,41.975328,-87.614883,01/24/2017 07:28:00 AM,2017
CR00007874,07/23/2017 03:38:00 PM,35,CLEAR,DAYLIGHT,REAR END,T-INTERSECTION,TRAFFIC SIGNAL,UNABLE TO DETERMINE,UNABLE TO DETERMINE,0,0,0,0,15,1,7,1942,79TH ST,41.943669,-87.653998,07/23/2017 04:34:00 PM,2017
CR00007875,10/05/2021 03:53:00 PM,30,CLEAR,DAYLIGHT,REAR END,DIVIDED - W/MEDIAN BARRIER,PEDESTRIAN CROSSING SIGN,WEATHER,FAILING TO REDUCE SPEED,0,0,0,0,15,3,10,2284,CICERO AVE,41.802546,-87.834493,10/05/2021 04:53:00 PM,2021
CR00007876,07/06/2018 10:54:00 PM,20,SNOW,DAYLIGHT,PEDESTRIAN,NOT DIVIDED,TRAFFIC SIGNAL,IMPROPER OVERTAKING/PASSING,FOLLOWING TOO CLOSELY,0,0,0,0,22,6,7,1789,MILWAUKEE AVE,41.890159,-87.777269,07/06/2018 11:01:00 PM,2018
CR00007877,05/02/2017 09:59:00 PM,15,CLOUDY/OVERCAST,DAYLIGHT,REAR TO FRONT,NOT DIVIDED,STOP SIGN/FLASHER,UNABLE TO DETERMINE,FAILING TO YIELD RIGHT-OF-WAY,0,0,0,0,21,3,5,288,STATE ST,41.983551,-87.720783,05/02/2017 11:30:00 PM,2017
CR00007878,06/13/2022 11:32:00 AM,40,CLEAR,DARKNESS - LIGHTED ROAD,REAR END,NOT DIVIDED,TRAFFIC SIGNAL,IMPROPER LANE USAGE,IMPROPER LANE USAGE,0,0,0,0,11,2,6,1912,ARCHER AVE,41.836132,-87.648881,06/13/2022 01:24:00 PM,2022
CR00007879,07/17/2018 04:22:00 PM,40,CLEAR,DARKNESS,PARKED MOTOR VEHICLE,ONE-WAY,NO CONTROLS,DISREGARDING TRAFFIC SIGNALS,UNABLE TO DETERMINE,0,0,0,0,16,3,7,794,ARCHER AVE,41.719709,-87.823387,07/17/2018 04:44:00 PM,2018
CR00007880,04/07/2018 07:02:00 AM,15,CLEAR,DAWN,TURNING,DIVIDED - W/MEDIAN (NOT RAISED),NO CONTROLS,FAILING TO YIELD RIGHT-OF-WAY,DISREGARDING TRAFFIC SIGNALS,0,0,0,0,7,7,4,1134,63RD ST,41.725623,-87.842219,04/07/2018 08:07:00 AM,2018
CR00007881,10/25/2022 07:13:00 AM,30,CLEAR,DARKNESS - LIGHTED ROAD,REAR END,NOT DIVIDED,UNKNOWN,FOLLOWING TOO CLOSELY,NOT APPLICABLE,0,0,0,0,7,3,10,616,LAKE SHORE DR,41.863255,-87.673835,10/25/2022 07:18:00 AM,2022
CR00007882,06/07/2020 04:05:00 PM,30,SNOW,DAYLIGHT,TURNING,NOT DIVIDED,TRAFFIC SIGNAL,DRIVING SKILLS/KNOWLEDGE/EXPERIENCE,UNABLE TO DETERMINE,0,0,0,0,16,1,6,514,WESTERN AVE,41.784864,-87.701068,06/07/2020 06:00:00 PM,2020
CR00007883,08/28/2024 04:18:00 PM,30,CLEAR,DAYLIGHT,SIDESWIPE SAME DIRECTION,NOT DIVIDED,UNKNOWN,IMPROPER LANE USAGE,UNABLE TO DETERMINE,0,0,1,1,16,4,8,951,MILWAUKEE AVE,41.757958,-87.741633,08/28/2024 06:17:00 PM,2024
CR00007884,10/12/2023 10:23:00 AM,20,RAIN,DAYLIGHT,REAR END,ONE-WAY,NO CONTROLS,DISREGARDING TRAFFIC SIGNALS,DRIVING SKILLS/KNOWLEDGE/EXPERIENCE,0,0,0,0,10,5,10,2419,KEDZIE AVE,41.755288,-87.694829,10/12/2023 11:15:00 AM,2023
CR00007885,12/28/2024 12:36:00 PM,20,CLEAR,DARKNESS - LIGHTED ROAD,REAR END,NOT DIVIDED,NO CONTROLS,FAILING TO YIELD RIGHT-OF-WAY,IMPROPER OVERTAKING/PASSING,0,0,0,0,12,7,12,679,BROADWAY,41.8509,-87.810857,12/28/2024 02:14:00 PM,2024
CR00007886,07/12/2018 07:30:00 PM,20,RAIN,DUSK,ANGLE,DIVIDED - W/MEDIAN BARRIER,TRAFFIC SIGNAL,DISTRACTION - FROM INSIDE VEHICLE,FOLLOWING TOO CLOSELY,0,0,0,0,19,5,7,1536,DIVISION ST,41.849898,-87.517541,07/12/2018 09:05:00 PM,2018
CR00007887,01/15/2019 06:00:00 PM,35,CLEAR,DAYLIGHT,TURNING,FOUR WAY,TRAFFIC SIGNAL,UNABLE TO DETERMINE,UNABLE TO DETERMINE,0,0,0,0,18,3,1,2063,CLARK ST,41.912387,-87.606468,01/15/2019 06:29:00 PM,2019
CR00007888,01/21/2015 04:24:00 PM,45,CLEAR,DAYLIGHT,REAR END,DIVIDED - W/MEDIAN BARRIER,UNKNOWN,FOLLOWING TOO CLOSELY,UNABLE TO DETERMINE,0,1,2,3,16,4,1,207,DIVISION ST,41.737954,-87.59253,01/21/2015 05:22:00 PM,2015
CR00007889,04/11/2023 04:56:00 AM,40,CLOUDY/OVERCAST,DUSK,TURNING,DIVIDED - W/MEDIAN BARRIER,NO CONTROLS,UNABLE TO DETERMINE,IMPROPER LANE USAGE,0,0,0,0,4,3,4,953,DIVISION ST,41.921003,-87.534358,04/11/2023 06:07:00 AM,2023
CR00007890,11/27/2015 05:27:00 PM,20,CLEAR,DAYLIGHT,PEDESTRIAN,NOT DIVIDED,STOP SIGN/FLASHER,FAILING TO YIELD RIGHT-OF-WAY,FOLLOWING TOO CLOSELY,0,0,0,0,17,6,11,1209,CICERO AVE,41.862295,-87.541815,11/27/2015 06:22:00 PM,2015
CR00007891,10/19/2019 04:11:00 PM,15,CLEAR,DAYLIGHT,PEDESTRIAN,NOT DIVIDED,NO CONTROLS,FAILING TO REDUCE SPEED,UNABLE TO DETERMINE,0,0,1,1,16,7,10,2245,WESTERN AVE,41.878707,-87.611494,10/19/2019 05:51:00 PM,2019
CR00007892,02/17/2016 02:19:00 PM,20,CLEAR,DAYLIGHT,TURNING,FOUR WAY,NO CONTROLS,DISTRACTION - FROM INSIDE VEHICLE,FAILING TO REDUCE SPEED,0,0,1,1,14,4,2,2233,PULASKI RD,41.827719,-87.795815,02/17/2016 03:26:00 PM,2016
CR00007893,07/21/2020 08:47:00 AM,35,CLEAR,DAYLIGHT,TURNING,NOT DIVIDED,NO CONTROLS,DISTRACTION - FROM INSIDE VEHICLE,UNABLE TO DETERMINE,0,0,0,0,8,3,7,1416,LAKE SHORE DR,41.785035,-87.704949,07/21/2020 09:16:00 AM,2020
CR00007894,08/11/2019 12:23:00 AM,30,CLEAR,DAYLIGHT,PARKED MOTOR VEHICLE,NOT DIVIDED,UNKNOWN,DISREGARDING TRAFFIC SIGNALS,NOT APPLICABLE,0,0,0,0,0,1,8,879,IRVING PARK RD,41.934197,-87.819627,08/11/2019 12:26:00 AM,2019
CR00007895,03/04/2017 03:49:00 PM,30,FOG/SMOKE/HAZE,DARKNESS - LIGHTED ROAD,ANGLE,NOT DIVIDED,TRAFFIC SIGNAL,FOLLOWING TOO CLOSELY,NOT APPLICABLE,0,2,1,3,15,7,3,1593,CICERO AVE,41.874384,-87.737612,03/04/2017 04:42:00 PM,2017
CR00007896,11/12/2018 05:58:00 PM,35,CLEAR,DAYLIGHT,TURNING,FOUR WAY,STOP SIGN/FLASHER,DRIVING SKILLS/KNOWLEDGE/EXPERIENCE,DISREGARDING TRAFFIC SIGNALS,0,0,0,0,17,2,11,1585,IRVING PARK RD,41.819916,-87.734399,11/12/2018 07:23:00 PM,2018
CR00007897,02/14/2016 10:28:00 AM,35,CLEAR,DAYLIGHT,TURNING,NOT DIVIDED,TRAFFIC SIGNAL,FAILING TO YIELD RIGHT-OF-WAY,UNABLE TO DETERMINE,0,0,0,0,10,1,2,460,79TH ST,41.730213,-87.787776,02/14/2016 11:18:00 AM,2016
CR00007898,09/27/2021 06:12:00 PM,15,CLEAR,DARKNESS - LIGHTED ROAD,REAR END,NOT DIVIDED,NO CONTROLS,UNABLE TO DETERMINE,UNABLE TO DETERMINE,0,0,0,0,18,2,9,1664,OGDEN AVE,41.816472,-87.71322,09/27/2021 06:37:00 PM,2021
CR00007899,02/19/2022 04:38:00 PM,35,CLEAR,DAYLIGHT,PEDESTRIAN,NOT DIVIDED,NO CONTROLS,IMPROPER LANE USAGE,IMPROPER LANE USAGE,0,1,2,3,16,7,2,466,MILWAUKEE AVE,41.806141,-87.696829,02/19/2022 04:40:00 PM,2022
CR00007900,01/28/2024 07:05:00 AM,15,SNOW,DARKNESS - LIGHTED ROAD,REAR END,NOT DIVIDED,TRAFFIC SIGNAL,FOLLOWING TOO CLOSELY,FAILING TO YIELD RIGHT-OF-WAY,0,0,0,0,7,1,1,887,STONY ISLAND AVE,41.987419,-87.718381,01/28/2024 07:54:00 AM,2024
CR00007901,01/23/2021 06:52:00 PM,45,CLOUDY/OVERCAST,DAYLIGHT,TURNING,DIVIDED - W/MEDIAN (NOT RAISED),STOP SIGN/FLASHER,FOLLOWING TOO CLOSELY,NOT APPLICABLE,0,1,0,1,18,7,1,196,OGDEN AVE,41.778368,-87.815196,01/23/2021 07:18:00 PM,2021
CR00007902,03/13/2018 06:34:00 AM,15,CLEAR,DUSK,SIDESWIPE SAME DIRECTION,NOT DIVIDED,STOP SIGN/FLASHER,UNABLE TO DETERMINE,IMPROPER LANE USAGE,0,0,0,0,6,3,3,892,HALSTED ST,41.973017,-87.551629,03/13/2018 08:05:00 AM,2018
CR00007903,12/02/2019 10:13:00 AM,30,FOG/SMOKE/HAZE,DAYLIGHT,ANGLE,NOT DIVIDED,NO CONTROLS,UNABLE TO DETERMINE,WEATHER,0,0,0,0,10,2,12,1289,ROOSEVELT RD,41.863466,-87.747687,12/02/2019 10:15:00 AM,2019
CR00007904,07/22/2015 05:34:00 PM,30,CLEAR,DAWN,SIDESWIPE SAME DIRECTION,DIVIDED - W/MEDIAN BARRIER,TRAFFIC SIGNAL,FOLLOWING TOO CLOSELY,UNABLE TO DETERMINE,0,0,1,1,17,4,7,479,DIVISION ST,41.800063,-87.666078,07/22/2015 07:27:00 PM,2015
CR00007905,07/07/2015 12:22:00 PM,40,CLEAR,DAYLIGHT,PEDESTRIAN,NOT DIVIDED,NO CONTROLS,DISREGARDING TRAFFIC SIGNALS,FOLLOWING TOO CLOSELY,0,0,0,0,12,3,7,2403,IRVING PARK RD,41.954442,-87.662302,07/07/2015 01:27:00 PM,2015
CR00007906,03/07/2019 08:55:00 PM,30,RAIN,DAYLIGHT,ANGLE,NOT DIVIDED,TRAFFIC SIGNAL,IMPROPER LANE USAGE,FAILING TO YIELD RIGHT-OF-WAY,0,0,0,0,20,5,3,142,79TH ST,41.947692,-87.68731,03/07/2019 09:56:00 PM,2019
CR00007907,09/07/2020 10:06:00 AM,15,SNOW,DARKNESS - LIGHTED ROAD,SIDESWIPE SAME DIRECTION,NOT DIVIDED,TRAFFIC SIGNAL,UNABLE TO DETERMINE,NOT APPLICABLE,0,0,0,0,10,2,9,714,ARCHER AVE,41.926,-87.745929,09/07/2020 11:30:00 AM,2020