CRASH_RECORD_ID,CRASH_DATE,POSTED_SPEED_LIMIT,WEATHER_CONDITION,LIGHTING_CONDITION,FIRST_CRASH_TYPE,TRAFFICWAY_TYPE,TRAFFIC_CONTROL_DEVICE,PRIM_CONTRIBUTORY_CAUSE,SEC_CONTRIBUTORY_CAUSE,INJURIES_FATAL,INJURIES_INCAPACITATING,INJURIES_NON_INCAPACITATING,INJURIES_TOTAL,CRASH_HOUR,CRASH_DAY_OF_WEEK,CRASH_MONTH,BEAT_OF_OCCURRENCE,STREET_NAME,LATITUDE,LONGITUDE,DATE_POLICE_NOTIFIED,year
CR00007908,12/12/2019 07:22:00 AM,15,CLEAR,DUSK,REAR END,FOUR WAY,UNKNOWN,IMPROPER OVERTAKING/PASSING,FOLLOWING TOO CLOSELY,0,0,0,0,7,5,12,822,47TH ST,41.922531,-87.766208,12/12/2019 07:25:00 AM,2019
CR00007909,06/12/2021 05:18:00 PM,30,CLEAR,DAYLIGHT,REAR TO FRONT,DIVIDED - W/MEDIAN (NOT RAISED),PEDESTRIAN CROSSING SIGN,UNABLE TO DETERMINE,UNABLE TO DETERMINE,0,0,0,0,17,7,6,1977,47TH ST,41.796639,-87.666616,06/12/2021 06:16:00 PM,2021
CR00007910,11/07/2023 04:11:00 AM,45,RAIN,DARKNESS,SIDESWIPE SAME DIRECTION,DIVIDED - W/MEDIAN (NOT RAISED),STOP SIGN/FLASHER,FAILING TO YIELD RIGHT-OF-WAY,DRIVING SKILLS/KNOWLEDGE/EXPERIENCE,0,0,0,0,4,3,11,1274,ASHLAND AVE,41.795912,-87.527716,11/07/2023 05:46:00 AM,2023
CR00007911,10/01/2019 08:13:00 PM,35,CLEAR,DAYLIGHT,REAR END,NOT DIVIDED,STOP SIGN/FLASHER,UNABLE TO DETERMINE,UNABLE TO DETERMINE,0,0,0,0,20,3,10,251,HALSTED ST,41.823781,-87.55973,10/01/2019 09:01:00 PM,2019
CR00007912,07/26/2016 08:35:00 PM,30,CLEAR,DARKNESS - LIGHTED ROAD,SIDESWIPE SAME DIRECTION,ONE-WAY,NO CONTROLS,IMPROPER OVERTAKING/PASSING,DISTRACTION - FROM INSIDE VEHICLE,0,0,0,0,20,3,7,1959,BROADWAY,41.958163,-87.69577,07/26/2016 09:54:00 PM,2016
CR00007913,02/23/2021 09:07:00 PM,30,CLEAR,DAYLIGHT,TURNING,NOT DIVIDED,TRAFFIC SIGNAL,FAILING TO YIELD RIGHT-OF-WAY,FOLLOWING TOO CLOSELY,0,0,0,0,21,3,2,2293,DAMEN AVE,41.756115,-87.552528,02/23/2021 11:03:00 PM,2021
CR00007914,04/29/2024 02:33:00 AM,35,CLEAR,DARKNESS - LIGHTED ROAD,REAR END,DIVIDED - W/MEDIAN (NOT RAISED),STOP SIGN/FLASHER,IMPROPER OVERTAKING/PASSING,IMPROPER OVERTAKING/PASSING,0,0,1,1,2,2,4,1042,CLARK ST,41.763896,-87.542296,04/29/2024 03:26:00 AM,2024
CR00007915,08/03/2020 11:56:00 AM,45,CLEAR,DAYLIGHT,REAR END,FOUR WAY,TRAFFIC SIGNAL,UNABLE TO DETERMINE,DRIVING SKILLS/KNOWLEDGE/EXPERIENCE,0,0,0,0,11,2,8,1011,KEDZIE AVE,41.980035,-87.818515,08/03/2020 12:12:00 PM,2020
CR00007916,07/12/2018 08:33:00 AM,20,CLEAR,DAYLIGHT,PARKED MOTOR VEHICLE,DIVIDED - W/MEDIAN (NOT RAISED),NO CONTROLS,FAILING TO YIELD RIGHT-OF-WAY,FAILING TO YIELD RIGHT-OF-WAY,0,0,0,0,8,5,7,818,CALIFORNIA AVE,41.860107,-87.704996,07/12/2018 10:20:00 AM,2018
CR00007917,09/24/2021 10:27:00 PM,25,CLEAR,DARKNESS,REAR END,NOT DIVIDED,UNKNOWN,IMPROPER LANE USAGE,UNABLE TO DETERMINE,0,0,0,0,22,6,9,478,PULASKI RD,41.775523,-87.628375,09/24/2021 11:52:00 PM,2021
CR00007918,02/13/2016 06:24:00 PM,20,CLEAR,DAYLIGHT,ANGLE,NOT DIVIDED,TRAFFIC SIGNAL,DISTRACTION - FROM INSIDE VEHICLE,UNABLE TO DETERMINE,0,0,0,0,18,7,2,2127,BROADWAY,41.850397,-87.587401,02/13/2016 06:35:00 PM,2016
CR00007919,06/06/2022 08:00:00 AM,30,FREEZING RAIN/DRIZZLE,DAYLIGHT,REAR END,NOT DIVIDED,TRAFFIC SIGNAL,FOLLOWING TOO CLOSELY,FAILING TO YIELD RIGHT-OF-WAY,0,0,0,0,8,2,6,2247,ASHLAND AVE,41.826494,-87.836072,06/06/2022 09:59:00 AM,2022
CR00007920,12/22/2023 02:40:00 PM,25,CLEAR,DARKNESS - LIGHTED ROAD,SIDESWIPE SAME DIRECTION,DIVIDED - W/MEDIAN BARRIER,NO CONTROLS,FOLLOWING TOO CLOSELY,UNABLE TO DETERMINE,0,0,0,0,14,6,12,1834,CICERO AVE,41.835429,-87.57887,12/22/2023 04:33:00 PM,2023
CR00007921,10/10/2023 07:45:00 AM,30,CLEAR,DARKNESS,SIDESWIPE SAME DIRECTION,NOT DIVIDED,NO CONTROLS,DRIVING SKILLS/KNOWLEDGE/EXPERIENCE,IMPROPER LANE USAGE,0,0,0,0,7,3,10,2056,CALIFORNIA AVE,41.889127,-87.755154,10/10/2023 08:05:00 AM,2023
CR00007922,07/14/2017 08:06:00 PM,30,CLEAR,DAYLIGHT,TURNING,DIVIDED - W/MEDIAN BARRIER,NO CONTROLS,UNABLE TO DETERMINE,UNABLE TO DETERMINE,0,0,0,0,20,6,7,725,MILWAUKEE AVE,41.804433,-87.830441,07/14/2017 09:35:00 PM,2017
CR00007923,11/13/2018 05:21:00 PM,25,CLOUDY/OVERCAST,DAYLIGHT,REAR END,NOT DIVIDED,TRAFFIC SIGNAL,FAILING TO YIELD RIGHT-OF-WAY,DISTRACTION - FROM INSIDE VEHICLE,0,0,2,2,17,3,11,1538,ASHLAND AVE,41.751231,-87.774894,11/13/2018 06:18:00 PM,2018
CR00007924,03/07/2023 05:55:00 PM,30,CLEAR,DAYLIGHT,PEDESTRIAN,NOT DIVIDED,NO CONTROLS,FAILING TO YIELD RIGHT-OF-WAY,UNABLE TO DETERMINE,0,0,0,0,17,3,3,916,ELSTON AVE,41.94652,-87.776532,03/07/2023 06:48:00 PM,2023
CR00007925,09/21/2024 01:30:00 PM,40,CLEAR,DAWN,FIXED OBJECT,NOT DIVIDED,UNKNOWN,FOLLOWING TOO CLOSELY,FAILING TO YIELD RIGHT-OF-WAY,0,1,1,2,13,7,9,333,47TH ST,41.89791,-87.525086,09/21/2024 01:45:00 PM,2024
CR00007926,03/11/2017 08:52:00 PM,15,CLEAR,DAWN,SIDESWIPE SAME DIRECTION,ONE-WAY,TRAFFIC SIGNAL,UNABLE TO DETERMINE,UNABLE TO DETERMINE,0,0,0,0,20,7,3,1334,CALIFORNIA AVE,41.967547,-87.565739,03/11/2017 09:30:00 PM,2017
CR00007927,04/01/2024 11:45:00 AM,45,CLEAR,DAYLIGHT,REAR END,T-INTERSECTION,NO CONTROLS,DRIVING SKILLS/KNOWLEDGE/EXPERIENCE,NOT APPLICABLE,0,2,1,3,11,2,4,813,63RD ST,41.762113,-87.826525,04/01/2024 12:41:00 PM,2024
CR00007928,03/14/2015 11:09:00 AM,15,CLEAR,DAYLIGHT,TURNING,DIVIDED - W/MEDIAN (NOT RAISED),UNKNOWN,FOLLOWING TOO CLOSELY,FOLLOWING TOO CLOSELY,0,0,0,0,11,7,3,1794,DIVISION ST,41.948638,-87.846914,03/14/2015 12:35:00 PM,2015
CR00007929,12/05/2022 07:17:00 PM,40,CLEAR,DAYLIGHT,ANGLE,DIVIDED - W/MEDIAN (NOT RAISED),NO CONTROLS,IMPROPER LANE USAGE,UNABLE TO DETERMINE,0,0,0,0,19,2,12,416,WESTERN AVE,41.901145,-87.668874,12/05/2022 08:56:00 PM,2022
CR00007930,07/12/2019 04:55:00 PM,30,RAIN,DAYLIGHT,REAR END,ONE-WAY,TRAFFIC SIGNAL,UNABLE TO DETERMINE,FAILING TO REDUCE SPEED,0,0,0,0,16,6,7,210,ASHLAND AVE,41.916084,-87.810269,07/12/2019 06:22:00 PM,2019
CR00007931,07/21/2019 08:38:00 AM,30,CLEAR,DUSK,REAR END,NOT DIVIDED,UNKNOWN,IMPROPER OVERTAKING/PASSING,FAILING TO YIELD RIGHT-OF-WAY,0,0,0,0,8,1,7,1571,OGDEN AVE,41.79836,-87.690383,07/21/2019 09:14:00 AM,2019
CR00007932,10/20/2023 06:19:00 PM,30,CLEAR,DAYLIGHT,ANGLE,DIVIDED - W/MEDIAN (NOT RAISED),NO CONTROLS,FOLLOWING TOO CLOSELY,DISTRACTION - FROM INSIDE VEHICLE,0,0,0,0,18,6,10,846,ARCHER AVE,41.933612,-87.653102,10/20/2023 06:43:00 PM,2023
CR00007933,05/26/2016 07:58:00 PM,35,CLEAR,DAYLIGHT,REAR END,DIVIDED - W/MEDIAN BARRIER,NO CONTROLS,UNABLE TO DETERMINE,FOLLOWING TOO CLOSELY,0,0,0,0,19,5,5,2174,FULLERTON AVE,41.846562,-87.600685,05/26/2016 09:50:00 PM,2016
CR00007934,05/18/2016 10:43:00 AM,30,CLEAR,DAYLIGHT,PEDESTRIAN,FOUR WAY,NO CONTROLS,UNABLE TO DETERMINE,FOLLOWING TOO CLOSELY,0,0,0,0,10,4,5,1576,KEDZIE AVE,41.748507,-87.630106,05/18/2016 12:33:00 PM,2016
CR00007935,01/12/2016 11:45:00 AM,45,CLOUDY/OVERCAST,DAYLIGHT,REAR END,NOT DIVIDED,TRAFFIC SIGNAL,DISREGARDING TRAFFIC SIGNALS,FOLLOWING TOO CLOSELY,0,0,1,1,11,3,1,1477,DAMEN AVE,41.757056,-87.581894,01/12/2016 01:38:00 PM,2016
CR00007936,08/10/2024 08:59:00 PM,30,CLEAR,DAYLIGHT,REAR END,NOT DIVIDED,STOP SIGN/FLASHER,UNABLE TO DETERMINE,NOT APPLICABLE,0,0,0,0,20,7,8,1101,CALIFORNIA AVE,41.960657,-87.581056,08/10/2024 09:45:00 PM,2024
CR00007937,05/04/2024 06:11:00 PM,30,RAIN,DARKNESS - LIGHTED ROAD,ANGLE,NOT DIVIDED,NO CONTROLS,UNABLE TO DETERMINE,FAILING TO REDUCE SPEED,0,0,0,0,18,7,5,353,DAMEN AVE,41.977791,-87.773953,05/04/2024 07:09:00 PM,2024
CR00007938,03/18/2021 04:18:00 PM,15,CLEAR,DARKNESS - LIGHTED ROAD,PARKED MOTOR VEHICLE,ONE-WAY,TRAFFIC SIGNAL,UNABLE TO DETERMINE,IMPROPER OVERTAKING/PASSING,0,0,0,0,16,5,3,1373,63RD ST,41.712194,-87.610616,03/18/2021 06:08:00 PM,2021
CR00007939,02/06/2022 11:50:00 AM,25,CLEAR,DAYLIGHT,PARKED MOTOR VEHICLE,NOT DIVIDED,NO CONTROLS,IMPROPER LANE USAGE,UNABLE TO DETERMINE,0,0,0,0,11,1,2,1760,47TH ST,41.752508,-87.61956,02/06/2022 01:32:00 PM,2022
CR00007940,03/31/2022 08:34:00 PM,45,CLEAR,DAYLIGHT,REAR END,NOT DIVIDED,NO CONTROLS,DISTRACTION - FROM INSIDE VEHICLE,DRIVING SKILLS/KNOWLEDGE/EXPERIENCE,0,0,0,0,20,5,3,1177,STATE ST,41.796539,-87.588726,03/31/2022 09:08:00 PM,2022
CR00007941,11/13/2024 06:24:00 AM,35,CLEAR,DARKNESS - LIGHTED ROAD,TURNING,DIVIDED - W/MEDIAN (NOT RAISED),TRAFFIC SIGNAL,UNABLE TO DETERMINE,NOT APPLICABLE,0,0,0,0,6,4,11,2428,CICERO AVE,41.968466,-87.75547,11/13/2024 08:11:00 AM,2024
CR00007942,06/06/2023 11:23:00 AM,25,CLEAR,DARKNESS,TURNING,ONE-WAY,NO CONTROLS,DISREGARDING TRAFFIC SIGNALS,IMPROPER OVERTAKING/PASSING,0,0,0,0,11,3,6,1544,ROOSEVELT RD,41.843116,-87.596693,06/06/2023 12:41:00 PM,2023
CR00007943,07/07/2023 01:29:00 PM,30,CLEAR,DARKNESS - LIGHTED ROAD,ANGLE,NOT DIVIDED,NO CONTROLS,FAILING TO YIELD RIGHT-OF-WAY,NOT APPLICABLE,0,0,0,0,13,6,7,866,ASHLAND AVE,41.868278,-87.501096,07/07/2023 02:33:00 PM,2023
CR00007944,11/14/2019 11:40:00 AM,20,RAIN,DUSK,SIDESWIPE SAME DIRECTION,NOT DIVIDED,TRAFFIC SIGNAL,UNABLE TO DETERMINE,UNABLE TO DETERMINE,0,0,0,0,11,5,11,1091,CICERO AVE,41.715319,-87.66209,11/14/2019 11:53:00 AM,2019
CR00007945,12/13/2022 03:21:00 PM,30,RAIN,DAYLIGHT,ANGLE,DIVIDED - W/MEDIAN (NOT RAISED),PEDESTRIAN CROSSING SIGN,FAILING TO REDUCE SPEED,IMPROPER OVERTAKING/PASSING,0,0,0,0,15,3,12,1879,FULLERTON AVE,41.892869,-87.522983,12/13/2022 03:50:00 PM,2022
CR00007946,03/01/2022 04:59:00 PM,35,CLEAR,DARKNESS - LIGHTED ROAD,TURNING,NOT DIVIDED,STOP SIGN/FLASHER,IMPROPER OVERTAKING/PASSING,FAILING TO YIELD RIGHT-OF-WAY,0,0,0,0,16,3,3,1240,WESTERN AVE,41.727519,-87.58131,03/01/2022 05:01:00 PM,2022
CR00007947,06/26/2020 03:08:00 PM,35,CLEAR,DAYLIGHT,SIDESWIPE SAME DIRECTION,FOUR WAY,NO CONTROLS,UNABLE TO DETERMINE,DISTRACTION - FROM INSIDE VEHICLE,0,0,0,0,15,6,6,1609,PULASKI RD,41.991305,-87.554182,06/26/2020 03:59:00 PM,2020
CR00007948,10/31/2024 07:26:00 AM,40,CLEAR,DAYLIGHT,SIDESWIPE SAME DIRECTION,ONE-WAY,STOP SIGN/FLASHER,FAILING TO YIELD RIGHT-OF-WAY,FAILING TO REDUCE SPEED,0,0,0,0,7,5,10,2441,DAMEN AVE,41.905105,-87.538219,10/31/2024 09:05:00 AM,2024
CR00007949,07/06/2022 03:26:00 PM,15,CLEAR,DUSK,SIDESWIPE SAME DIRECTION,NOT DIVIDED,NO CONTROLS,UNABLE TO DETERMINE,NOT APPLICABLE,0,0,0,0,15,4,7,582,ELSTON AVE,41.984885,-87.548928,07/06/2022 05:07:00 PM,2022
CR00007950,07/31/2015 04:07:00 PM,40,CLEAR,DARKNESS - LIGHTED ROAD,TURNING,FOUR WAY,NO CONTROLS,FAILING TO REDUCE SPEED,DRIVING SKILLS/KNOWLEDGE/EXPERIENCE,0,0,0,0,16,6,7,1757,WESTERN AVE,41.734742,-87.709301,07/31/2015 05:50:00 PM,2015
CR00007951,04/30/2023 09:48:00 AM,45,FREEZING RAIN/DRIZZLE,DAYLIGHT,PEDESTRIAN,NOT DIVIDED,TRAFFIC SIGNAL,IMPROPER LANE USAGE,UNABLE TO DETERMINE,0,0,0,0,9,1,4,2191,IRVING PARK RD,41.76528,-87.797215,04/30/2023 10:27:00 AM,2023
CR00007952,01/16/2023 09:16:00 AM,30,CLEAR,DARKNESS - LIGHTED ROAD,ANGLE,DIVIDED - W/MEDIAN (NOT RAISED),NO CONTROLS,UNABLE TO DETERMINE,UNABLE TO DETERMINE,0,0,0,0,9,2,1,1112,STATE ST,41.846019,-87.516747,01/16/2023 09:18:00 AM,2023
CR00007953,06/21/2023 05:15:00 PM,30,CLOUDY/OVERCAST,DAYLIGHT,ANGLE,DIVIDED - W/MEDIAN BARRIER,NO CONTROLS,UNABLE TO DETERMINE,DISTRACTION - FROM INSIDE VEHICLE,0,0,0,0,17,4,6,607,PULASKI RD,41.773891,-87.597136,06/21/2023 05:21:00 PM,2023
CR00007954,02/10/2024 08:13:00 AM,40,CLEAR,DARKNESS - LIGHTED ROAD,PARKED MOTOR VEHICLE,DIVIDED - W/MEDIAN (NOT RAISED),STOP SIGN/FLASHER,UNABLE TO DETERMINE,IMPROPER LANE USAGE,0,0,0,0,8,7,2,905,DAMEN AVE,41.939011,-87.767773,02/10/2024 10:10:00 AM,2024
CR00007955,03/09/2018 04:07:00 PM,30,CLEAR,DARKNESS,REAR END,NOT DIVIDED,NO CONTROLS,DRIVING SKILLS/KNOWLEDGE/EXPERIENCE,UNABLE TO DETERMINE,0,0,0,0,16,6,3,1494,LAKE SHORE DR,41.926184,-87.587948,03/09/2018 05:57:00 PM,2018
CR00007956,11/15/2021 05:02:00 AM,20,CLEAR,DAYLIGHT,ANGLE,DIVIDED - W/MEDIAN BARRIER,TRAFFIC SIGNAL,DISTRACTION - FROM INSIDE VEHICLE,FOLLOWING TOO CLOSELY,0,0,0,0,5,2,11,1755,HALSTED ST,41.748814,-87.78897,11/15/2021 05:33:00 AM,2021
CR00007957,06/16/2018 03:43:00 PM,20,CLEAR,DARKNESS - LIGHTED ROAD,TURNING,NOT DIVIDED,STOP SIGN/FLASHER,IMPROPER LANE USAGE,UNABLE TO DETERMINE,0,0,0,0,15,7,6,2028,BROADWAY,41.973874,-87.672197,06/16/2018 04:34:00 PM,2018
CR00007958,11/27/2024 02:27:00 AM,15,FREEZING RAIN/DRIZZLE,DAYLIGHT,REAR END,ONE-WAY,STOP SIGN/FLASHER,UNABLE TO DETERMINE,DRIVING SKILLS/KNOWLEDGE/EXPERIENCE,0,0,0,0,2,4,11,615,CICERO AVE,41.795117,-87.725598,11/27/2024 02:50:00 AM,2024
CR00007959,02/17/2018 01:55:00 PM,30,RAIN,DAYLIGHT,REAR END,NOT DIVIDED,NO CONTROLS,DISTRACTION - FROM INSIDE VEHICLE,NOT APPLICABLE,0,0,0,0,13,7,2,1030,ASHLAND AVE,41.874964,-87.648545,02/17/2018 03:01:00 PM,2018
CR00007960,08/31/2018 08:02:00 AM,30,FREEZING RAIN/DRIZZLE,DAYLIGHT,SIDESWIPE SAME DIRECTION,T-INTERSECTION,STOP SIGN/FLASHER,UNABLE TO DETERMINE,NOT APPLICABLE,0,0,0,0,8,6,8,741,PULASKI RD,41.700684,-87.756207,08/31/2018 09:38:00 AM,2018
CR00007961,11/20/2015 10:57:00 AM,35,CLEAR,DAYLIGHT,PARKED MOTOR VEHICLE,DIVIDED - W/MEDIAN (NOT RAISED),STOP SIGN/FLASHER,FOLLOWING TOO CLOSELY,NOT APPLICABLE,0,0,0,0,10,6,11,168,ASHLAND AVE,41.929852,-87.727052,11/20/2015 11:34:00 AM,2015
CR00007962,10/05/2022 11:06:00 AM,35,CLEAR,DARKNESS - LIGHTED ROAD,REAR END,DIVIDED - W/MEDIAN (NOT RAISED),NO CONTROLS,FAILING TO YIELD RIGHT-OF-WAY,NOT APPLICABLE,0,0,0,0,11,4,10,1221,WESTERN AVE,41.737363,-87.606458,10/05/2022 11:52:00 AM,2022
CR00007963,04/13/2021 09:21:00 AM,30,CLEAR,DAYLIGHT,SIDESWIPE SAME DIRECTION,FOUR WAY,TRAFFIC SIGNAL,DISTRACTION - FROM INSIDE VEHICLE,NOT APPLICABLE,0,0,0,0,9,3,4,2092,DAMEN AVE,41.71291,-87.807816,04/13/2021 10:42:00 AM,2021
CR00007964,02/04/2020 09:27:00 AM,15,CLEAR,DAWN,REAR END,DIVIDED - W/MEDIAN (NOT RAISED),UNKNOWN,WEATHER,UNABLE TO DETERMINE,0,0,0,0,9,3,2,1292,ARCHER AVE,41.836252,-87.621502,02/04/2020 10:46:00 AM,2020
CR00007965,09/26/2021 08:47:00 AM,20,CLOUDY/OVERCAST,DAYLIGHT,ANGLE,NOT DIVIDED,NO CONTROLS,DRIVING SKILLS/KNOWLEDGE/EXPERIENCE,DRIVING SKILLS/KNOWLEDGE/EXPERIENCE,0,1,3,4,8,1,9,1063,DAMEN AVE,41.854611,-87.760022,09/26/2021 08:56:00 AM,2021
CR00007966,05/17/2016 07:37:00 PM,30,CLEAR,DARKNESS - LIGHTED ROAD,SIDESWIPE SAME DIRECTION,FOUR WAY,TRAFFIC SIGNAL,UNABLE TO DETERMINE,NOT APPLICABLE,0,0,0,0,19,3,5,2409,HALSTED ST,41.964931,-87.771171,05/17/2016 08:26:00 PM,2016
CR00007967,03/30/2018 08:06:00 AM,30,CLEAR,DARKNESS - LIGHTED ROAD,PARKED MOTOR VEHICLE,DIVIDED - W/MEDIAN BARRIER,NO CONTROLS,DISTRACTION - FROM INSIDE VEHICLE,FAILING TO YIELD RIGHT-OF-WAY,0,0,0,0,8,6,3,863,ARCHER AVE,41.923456,-87.821841,03/30/2018 09:02:00 AM,2018
CR00007968,09/28/2015 01:16:00 AM,20,CLEAR,DAYLIGHT,REAR END,NOT DIVIDED,NO CONTROLS,UNABLE TO DETERMINE,NOT APPLICABLE,0,0,0,0,1,2,9,519,63RD ST,41.744339,-87.502078,09/28/2015 01:56:00 AM,2015
CR00007969,09/09/2015 03:06:00 PM,25,CLEAR,DAYLIGHT,REAR END,FOUR WAY,NO CONTROLS,DISREGARDING TRAFFIC SIGNALS,IMPROPER LANE USAGE,0,0,0,0,15,4,9,1873,ARCHER AVE,41.875311,-87.609228,09/09/2015 03:53:00 PM,2015
CR00007970,07/12/2023 01:45:00 PM,30,CLEAR,DAYLIGHT,ANGLE,ONE-WAY,UNKNOWN,IMPROPER LANE USAGE,IMPROPER OVERTAKING/PASSING,0,0,0,0,13,4,7,596,STONY ISLAND AVE,41.778701,-87.71731,07/12/2023 02:53:00 PM,2023
CR00007971,12/03/2024 03:55:00 PM,15,RAIN,DAYLIGHT,TURNING,ONE-WAY,TRAFFIC SIGNAL,FOLLOWING TOO CLOSELY,UNABLE TO DETERMINE,0,0,0,0,15,3,12,1916,DAMEN AVE,41.819126,-87.786472,12/03/2024 04:04:00 PM,2024
CR00007972,02/14/2021 08:48:00 AM,35,CLEAR,DAYLIGHT,REAR END,ONE-WAY,STOP SIGN/FLASHER,FAILING TO YIELD RIGHT-OF-WAY,IMPROPER LANE USAGE,0,0,0,0,8,1,2,947,ROOSEVELT RD,41.72237,-87.665935,02/14/2021 09:28:00 AM,2021
CR00007973,04/15/2020 02:16:00 PM,45,RAIN,DARKNESS - LIGHTED ROAD,ANGLE,NOT DIVIDED,NO CONTROLS,DISTRACTION - FROM INSIDE VEHICLE,FAILING TO YIELD RIGHT-OF-WAY,0,0,0,0,14,4,4,1395,OGDEN AVE,41.788728,-87.79862,04/15/2020 02:20:00 PM,2020
CR00007974,01/29/2020 04:17:00 PM,30,CLEAR,DAYLIGHT,ANGLE,FOUR WAY,NO CONTROLS,UNABLE TO DETERMINE,FOLLOWING TOO CLOSELY,0,0,0,0,16,4,1,496,WESTERN AVE,41.860075,-87.597673,01/29/2020 04:31:00 PM,2020
CR00007975,06/12/2021 01:08:00 AM,15,CLEAR,DAYLIGHT,PEDESTRIAN,DIVIDED - W/MEDIAN (NOT RAISED),TRAFFIC SIGNAL,DRIVING SKILLS/KNOWLEDGE/EXPERIENCE,FOLLOWING TOO CLOSELY,0,0,0,0,1,7,6,2379,ARCHER AVE,41.769733,-87.698115,06/12/2021 02:41:00 AM,2021
CR00007976,06/05/2015 07:28:00 AM,30,CLEAR,DARKNESS - LIGHTED ROAD,ANGLE,NOT DIVIDED,NO CONTROLS,FOLLOWING TOO CLOSELY,IMPROPER OVERTAKING/PASSING,0,0,0,0,7,6,6,1688,47TH ST,41.944055,-87.649979,06/05/2015 08:56:00 AM,2015
CR00007977,02/14/2022 12:51:00 PM,15,FREEZING RAIN/DRIZZLE,DARKNESS - LIGHTED ROAD,TURNING,NOT DIVIDED,TRAFFIC SIGNAL,IMPROPER OVERTAKING/PASSING,DRIVING SKILLS/KNOWLEDGE/EXPERIENCE,0,0,3,3,12,2,2,719,BROADWAY,41.753668,-87.8308,02/14/2022 01:43:00 PM,2022
CR00007978,09/08/2020 03:13:00 AM,30,CLEAR,DAYLIGHT,REAR TO FRONT,NOT DIVIDED,TRAFFIC SIGNAL,FAILING TO YIELD RIGHT-OF-WAY,UNABLE TO DETERMINE,0,0,0,0,3,3,9,2414,KEDZIE AVE,41.848258,-87.593356,09/08/2020 04:29:00 AM,2020
CR00007979,09/24/2022 09:23:00 AM,35,CLEAR,DAYLIGHT,TURNING,FOUR WAY,TRAFFIC SIGNAL,UNABLE TO DETERMINE,DRIVING SKILLS/KNOWLEDGE/EXPERIENCE,0,0,0,0,9,7,9,538,STONY ISLAND AVE,41.990547,-87.751159,09/24/2022 09:51:00 AM,2022
CR00007980,08/01/2016 01:16:00 PM,35,CLEAR,DAYLIGHT,REAR END,T-INTERSECTION,YIELD,IMPROPER LANE USAGE,FOLLOWING TOO CLOSELY,0,0,0,0,13,2,8,702,ROOSEVELT RD,41.832988,-87.548688,08/01/2016 03:12:00 PM,2016
CR00007981,05/10/2024 10:31:00 AM,35,CLEAR,DAYLIGHT,REAR END,NOT DIVIDED,NO CONTROLS,UNABLE TO DETERMINE,FOLLOWING TOO CLOSELY,0,0,3,3,10,6,5,970,IRVING PARK RD,41.868658,-87.688626,05/10/2024 11:45:00 AM,2024
CR00007982,02/12/2019 10:11:00 AM,25,CLEAR,DARKNESS,PARKED MOTOR VEHICLE,FOUR WAY,NO CONTROLS,FAILING TO YIELD RIGHT-OF-WAY,IMPROPER LANE USAGE,0,0,0,0,10,3,2,1177,DAMEN AVE,41.938265,-87.727379,02/12/2019 11:31:00 AM,2019
CR00007983,02/15/2021 09:14:00 AM,40,RAIN,DAYLIGHT,TURNING,DIVIDED - W/MEDIAN (NOT RAISED),TRAFFIC SIGNAL,DISTRACTION - FROM INSIDE VEHICLE,DRIVING SKILLS/KNOWLEDGE/EXPERIENCE,0,0,1,1,9,2,2,465,OGDEN AVE,41.825222,-87.816961,02/15/2021 09:58:00 AM,2021
CR00007984,04/22/2018 02:58:00 PM,40,CLEAR,DAYLIGHT,TURNING,NOT DIVIDED,NO CONTROLS,FAILING TO REDUCE SPEED,DISTRACTION - FROM INSIDE VEHICLE,0,0,0,0,14,1,4,1999,STATE ST,41.982696,-87.824501,04/22/2018 04:38:00 PM,2018
CR00007985,02/09/2017 08:18:00 PM,45,CLEAR,DAYLIGHT,REAR TO FRONT,FOUR WAY,UNKNOWN,FOLLOWING TOO CLOSELY,NOT APPLICABLE,0,0,0,0,20,5,2,367,BROADWAY,41.838007,-87.825633,02/09/2017 08:44:00 PM,2017
CR00007986,09/06/2016 11:28:00 PM,45,RAIN,DAYLIGHT,REAR END,FOUR WAY,TRAFFIC SIGNAL,FAILING TO YIELD RIGHT-OF-WAY,UNABLE TO DETERMINE,0,0,0,0,23,3,9,2166,63RD ST,41.755342,-87.714411,09/07/2016 01:16:00 AM,2016
CR00007987,06/05/2021 04:15:00 PM,30,CLEAR,DAYLIGHT,REAR TO FRONT,ONE-WAY,NO CONTROLS,FAILING TO YIELD RIGHT-OF-WAY,UNABLE TO DETERMINE,0,0,1,1,16,7,6,2165,DAMEN AVE,41.732185,-87.620125,06/05/2021 05:37:00 PM,2021
CR00007988,01/03/2017 07:26:00 AM,45,CLEAR,DAYLIGHT,PEDESTRIAN,DIVIDED - W/MEDIAN BARRIER,NO CONTROLS,DRIVING SKILLS/KNOWLEDGE/EXPERIENCE,UNABLE TO DETERMINE,0,0,0,0,7,3,1,1690,IRVING PARK RD,41.862611,-87.56438,01/03/2017 07:28:00 AM,2017
CR00007989,04/16/2022 09:51:00 AM,25,FOG/SMOKE/HAZE,DAYLIGHT,PARKED MOTOR VEHICLE,DIVIDED - W/MEDIAN BARRIER,STOP SIGN/FLASHER,UNABLE TO DETERMINE,DRIVING SKILLS/KNOWLEDGE/EXPERIENCE,0,0,0,0,9,7,4,908,ARCHER AVE,41.710128,-87.543204,04/16/2022 10:38:00 AM,2022