CRASH_RECORD_ID,CRASH_DATE,POSTED_SPEED_LIMIT,WEATHER_CONDITION,LIGHTING_CONDITION,FIRST_CRASH_TYPE,TRAFFICWAY_TYPE,TRAFFIC_CONTROL_DEVICE,PRIM_CONTRIBUTORY_CAUSE,SEC_CONTRIBUTORY_CAUSE,INJURIES_FATAL,INJURIES_INCAPACITATING,INJURIES_NON_INCAPACITATING,INJURIES_TOTAL,CRASH_HOUR,CRASH_DAY_OF_WEEK,CRASH_MONTH,BEAT_OF_OCCURRENCE,STREET_NAME,LATITUDE,LONGITUDE,DATE_POLICE_NOTIFIED,year
CR00007990,07/15/2015 05:00:00 PM,40,CLOUDY/OVERCAST,DAYLIGHT,REAR END,DIVIDED - W/MEDIAN BARRIER,TRAFFIC SIGNAL,UNABLE TO DETERMINE,UNABLE TO DETERMINE,0,0,0,0,17,4,7,587,MICHIGAN AVE,41.751113,-87.539128,07/15/2015 06:50:00 PM,2015
CR00007991,11/18/2016 06:56:00 AM,25,CLEAR,DARKNESS - LIGHTED ROAD,REAR END,DIVIDED - W/MEDIAN BARRIER,STOP SIGN/FLASHER,IMPROPER OVERTAKING/PASSING,UNABLE TO DETERMINE,0,0,1,1,6,6,11,1955,ASHLAND AVE,41.841951,-87.630379,11/18/2016 07:22:00 AM,2016
CR00007992,02/23/2018 08:21:00 PM,25,CLEAR,DAYLIGHT,ANGLE,NOT DIVIDED,NO CONTROLS,IMPROPER LANE USAGE,UNABLE TO DETERMINE,0,0,0,0,20,6,2,1590,PULASKI RD,41.97696,-87.664256,02/23/2018 08:39:00 PM,2018
CR00007993,12/04/2022 04:00:00 PM,30,RAIN,DAYLIGHT,SIDESWIPE SAME DIRECTION,FOUR WAY,NO CONTROLS,IMPROPER LANE USAGE,DRIVING SKILLS/KNOWLEDGE/EXPERIENCE,0,0,1,1,16,1,12,1436,FULLERTON AVE,41.956513,-87.84595,12/04/2022 05:46:00 PM,2022
CR00007994,04/19/2020 03:45:00 AM,30,SNOW,DARKNESS - LIGHTED ROAD,SIDESWIPE SAME DIRECTION,DIVIDED - W/MEDIAN (NOT RAISED),NO CONTROLS,FAILING TO YIELD RIGHT-OF-WAY,WEATHER,0,1,0,1,3,1,4,1253,ASHLAND AVE,41.855739,-87.801239,04/19/2020 05:04:00 AM,2020
CR00007995,07/15/2021 07:47:00 PM,30,CLEAR,DAYLIGHT,REAR END,DIVIDED - W/MEDIAN (NOT RAISED),TRAFFIC SIGNAL,UNABLE TO DETERMINE,NOT APPLICABLE,0,0,0,0,19,5,7,796,CALIFORNIA AVE,41.765705,-87.580213,07/15/2021 08:45:00 PM,2021
CR00007996,01/26/2020 07:12:00 AM,45,CLEAR,DAYLIGHT,PARKED MOTOR VEHICLE,DIVIDED - W/MEDIAN (NOT RAISED),NO CONTROLS,UNABLE TO DETERMINE,FOLLOWING TOO CLOSELY,0,0,0,0,7,1,1,481,MICHIGAN AVE,41.883485,-87.615377,01/26/2020 07:21:00 AM,2020
CR00007997,05/09/2015 02:13:00 PM,30,RAIN,DARKNESS - LIGHTED ROAD,REAR END,FOUR WAY,UNKNOWN,FAILING TO YIELD RIGHT-OF-WAY,DISTRACTION - FROM INSIDE VEHICLE,0,0,0,0,14,7,5,1055,IRVING PARK RD,41.931058,-87.566451,05/09/2015 03:18:00 PM,2015
CR00007998,02/03/2015 08:54:00 PM,35,CLEAR,DARKNESS - LIGHTED ROAD,PEDESTRIAN,NOT DIVIDED,NO CONTROLS,IMPROPER OVERTAKING/PASSING,IMPROPER OVERTAKING/PASSING,0,0,0,0,20,3,2,264,STONY ISLAND AVE,41.908505,-87.826889,02/03/2015 09:42:00 PM,2015
CR00007999,08/23/2018 09:32:00 AM,35,FOG/SMOKE/HAZE,DAYLIGHT,TURNING,NOT DIVIDED,UNKNOWN,UNABLE TO DETERMINE,IMPROPER OVERTAKING/PASSING,0,2,2,4,9,5,8,1463,WESTERN AVE,41.827612,-87.516691,08/23/2018 10:08:00 AM,2018
CR00008000,10/17/2018 01:50:00 AM,45,CLEAR,DAYLIGHT,REAR END,NOT DIVIDED,NO CONTROLS,UNABLE TO DETERMINE,NOT APPLICABLE,0,0,0,0,1,4,10,415,LAKE SHORE DR,41.946673,-87.702505,10/17/2018 01:58:00 AM,2018
CR00008001,09/28/2019 12:02:00 PM,35,SNOW,DARKNESS,TURNING,NOT DIVIDED,NO CONTROLS,UNABLE TO DETERMINE,UNABLE TO DETERMINE,0,0,0,0,12,7,9,690,HALSTED ST,41.939166,-87.664917,09/28/2019 12:09:00 PM,2019
CR00008002,04/05/2020 02:17:00 PM,35,CLOUDY/OVERCAST,DAYLIGHT,ANGLE,NOT DIVIDED,STOP SIGN/FLASHER,FOLLOWING TOO CLOSELY,NOT APPLICABLE,0,0,0,0,14,1,4,554,KEDZIE AVE,41.723482,-87.741824,04/05/2020 03:12:00 PM,2020
CR00008003,03/30/2022 07:11:00 AM,35,CLOUDY/OVERCAST,DARKNESS - LIGHTED ROAD,PEDESTRIAN,DIVIDED - W/MEDIAN BARRIER,TRAFFIC SIGNAL,IMPROPER OVERTAKING/PASSING,UNABLE TO DETERMINE,0,0,0,0,7,4,3,1818,WESTERN AVE,41.784212,-87.816505,03/30/2022 07:48:00 AM,2022
CR00008004,04/21/2017 06:21:00 PM,30,CLEAR,DAYLIGHT,REAR END,NOT DIVIDED,TRAFFIC SIGNAL,DRIVING SKILLS/KNOWLEDGE/EXPERIENCE,FOLLOWING TOO CLOSELY,0,0,0,0,18,6,4,596,CLARK ST,41.824486,-87.820202,04/21/2017 07:54:00 PM,2017
CR00008005,09/09/2023 10:06:00 PM,35,CLEAR,DAYLIGHT,PARKED MOTOR VEHICLE,FOUR WAY,TRAFFIC SIGNAL,DRIVING SKILLS/KNOWLEDGE/EXPERIENCE,NOT APPLICABLE,0,0,2,2,22,7,9,1974,63RD ST,41.942483,-87.722724,09/09/2023 10:54:00 PM,2023
CR00008006,08/25/2021 03:05:00 AM,25,CLEAR,DAWN,TURNING,FOUR WAY,NO CONTROLS,UNABLE TO DETERMINE,FAILING TO REDUCE SPEED,0,0,2,2,3,4,8,1580,BROADWAY,41.840764,-87.606446,08/25/2021 03:41:00 AM,2021
CR00008007,12/17/2019 04:30:00 PM,30,CLEAR,DARKNESS - LIGHTED ROAD,REAR END,DIVIDED - W/MEDIAN (NOT RAISED),TRAFFIC SIGNAL,FOLLOWING TOO CLOSELY,UNABLE TO DETERMINE,0,0,1,1,16,3,12,1820,DIVISION ST,41.738418,-87.639885,12/17/2019 05:33:00 PM,2019
CR00008008,08/13/2022 12:38:00 PM,35,CLOUDY/OVERCAST,DAYLIGHT,REAR END,DIVIDED - W/MEDIAN (NOT RAISED),NO CONTROLS,UNABLE TO DETERMINE,DRIVING SKILLS/KNOWLEDGE/EXPERIENCE,0,0,0,0,12,7,8,437,WESTERN AVE,41.790178,-87.526923,08/13/2022 01:04:00 PM,2022
CR00008009,02/24/2016 11:46:00 AM,20,RAIN,DAYLIGHT,TURNING,DIVIDED - W/MEDIAN (NOT RAISED),NO CONTROLS,UNABLE TO DETERMINE,UNABLE TO DETERMINE,0,0,0,0,11,4,2,1282,STONY ISLAND AVE,41.733505,-87.547887,02/24/2016 12:26:00 PM,2016
CR00008010,01/11/2024 08:51:00 AM,40,RAIN,DAYLIGHT,REAR END,DIVIDED - W/MEDIAN (NOT RAISED),TRAFFIC SIGNAL,UNABLE TO DETERMINE,NOT APPLICABLE,0,0,0,0,8,5,1,1854,WESTERN AVE,41.953185,-87.702523,01/11/2024 09:12:00 AM,2024
CR00008011,08/10/2024 11:00:00 AM,35,CLEAR,DAYLIGHT,ANGLE,FOUR WAY,STOP SIGN/FLASHER,IMPROPER LANE USAGE,FOLLOWING TOO CLOSELY,0,0,0,0,11,7,8,1295,STONY ISLAND AVE,41.778144,-87.598484,08/10/2024 11:01:00 AM,2024
CR00008012,02/08/2021 02:20:00 PM,30,CLOUDY/OVERCAST,DAYLIGHT,FIXED OBJECT,DIVIDED - W/MEDIAN BARRIER,NO CONTROLS,FAILING TO REDUCE SPEED,UNABLE TO DETERMINE,0,0,0,0,14,2,2,234,LAKE SHORE DR,41.742127,-87.592137,02/08/2021 04:11:00 PM,2021
CR00008013,11/25/2022 05:00:00 AM,15,CLEAR,DAYLIGHT,SIDESWIPE SAME DIRECTION,T-INTERSECTION,STOP SIGN/FLASHER,UNABLE TO DETERMINE,UNABLE TO DETERMINE,0,0,0,0,5,6,11,418,MILWAUKEE AVE,41.978437,-87.796308,11/25/2022 06:58:00 AM,2022
CR00008014,09/24/2021 11:39:00 AM,30,CLEAR,DAYLIGHT,ANGLE,FOUR WAY,NO CONTROLS,FAILING TO REDUCE SPEED,FOLLOWING TOO CLOSELY,0,0,0,0,11,6,9,1381,OGDEN AVE,41.716003,-87.766041,09/24/2021 12:48:00 PM,2021
CR00008015,06/02/2022 05:47:00 PM,30,CLEAR,DAYLIGHT,SIDESWIPE SAME DIRECTION,DIVIDED - W/MEDIAN (NOT RAISED),TRAFFIC SIGNAL,UNABLE TO DETERMINE,FAILING TO YIELD RIGHT-OF-WAY,0,0,0,0,17,5,6,1637,STATE ST,41.924441,-87.824013,06/02/2022 06:47:00 PM,2022
CR00008016,03/24/2021 02:13:00 PM,30,RAIN,DAYLIGHT,PEDESTRIAN,NOT DIVIDED,TRAFFIC SIGNAL,DRIVING SKILLS/KNOWLEDGE/EXPERIENCE,NOT APPLICABLE,0,0,0,0,14,4,3,776,ARCHER AVE,41.922323,-87.802567,03/24/2021 03:55:00 PM,2021
CR00008017,02/26/2015 07:01:00 PM,35,CLOUDY/OVERCAST,DAYLIGHT,REAR END,DIVIDED - W/MEDIAN BARRIER,NO CONTROLS,FOLLOWING TOO CLOSELY,NOT APPLICABLE,0,0,0,0,19,5,2,2130,OGDEN AVE,41.959544,-87.744311,02/26/2015 07:29:00 PM,2015
CR00008018,01/20/2022 04:25:00 PM,20,CLEAR,DAYLIGHT,SIDESWIPE SAME DIRECTION,T-INTERSECTION,NO CONTROLS,FAILING TO YIELD RIGHT-OF-WAY,FAILING TO REDUCE SPEED,0,0,0,0,16,5,1,656,BROADWAY,41.95178,-87.700683,01/20/2022 05:27:00 PM,2022
CR00008019,10/19/2021 07:58:00 AM,45,CLEAR,DAYLIGHT,REAR END,DIVIDED - W/MEDIAN BARRIER,TRAFFIC SIGNAL,UNABLE TO DETERMINE,UNABLE TO DETERMINE,0,0,0,0,7,3,10,2021,IRVING PARK RD,41.914166,-87.537292,10/19/2021 08:23:00 AM,2021
CR00008020,01/23/2022 03:45:00 PM,40,CLEAR,DAYLIGHT,SIDESWIPE SAME DIRECTION,DIVIDED - W/MEDIAN (NOT RAISED),TRAFFIC SIGNAL,FAILING TO YIELD RIGHT-OF-WAY,DRIVING SKILLS/KNOWLEDGE/EXPERIENCE,0,0,1,1,15,1,1,1205,DAMEN AVE,41.707887,-87.78608,01/23/2022 04:07:00 PM,2022
CR00008021,10/26/2021 01:08:00 PM,15,CLEAR,DAYLIGHT,REAR END,DIVIDED - W/MEDIAN (NOT RAISED),STOP SIGN/FLASHER,FAILING TO REDUCE SPEED,UNABLE TO DETERMINE,0,0,0,0,13,3,10,1829,STONY ISLAND AVE,41.914195,-87.827911,10/26/2021 02:31:00 PM,2021
CR00008022,08/19/2022 10:56:00 AM,30,RAIN,DAYLIGHT,REAR END,ONE-WAY,NO CONTROLS,IMPROPER LANE USAGE,UNABLE TO DETERMINE,0,0,0,0,10,6,8,1207,BROADWAY,41.744412,-87.585098,08/19/2022 12:13:00 PM,2022
CR00008023,08/13/2019 06:03:00 PM,20,CLEAR,DARKNESS - LIGHTED ROAD,PARKED MOTOR VEHICLE,DIVIDED - W/MEDIAN (NOT RAISED),NO CONTROLS,FAILING TO REDUCE SPEED,IMPROPER OVERTAKING/PASSING,0,0,2,2,18,3,8,2047,ARCHER AVE,41.874156,-87.841911,08/13/2019 06:33:00 PM,2019
CR00008024,10/06/2022 12:58:00 PM,20,CLEAR,DAYLIGHT,ANGLE,NOT DIVIDED,STOP SIGN/FLASHER,UNABLE TO DETERMINE,DISTRACTION - FROM INSIDE VEHICLE,0,0,0,0,12,5,10,2287,63RD ST,41.915086,-87.839904,10/06/2022 01:29:00 PM,2022
CR00008025,07/23/2017 06:44:00 AM,30,CLEAR,DAWN,REAR TO FRONT,NOT DIVIDED,TRAFFIC SIGNAL,DISTRACTION - FROM INSIDE VEHICLE,UNABLE TO DETERMINE,0,0,0,0,6,1,7,383,FULLERTON AVE,41.77364,-87.578919,07/23/2017 08:12:00 AM,2017
CR00008026,03/05/2020 05:30:00 PM,45,CLEAR,DAYLIGHT,TURNING,ONE-WAY,TRAFFIC SIGNAL,DISTRACTION - FROM INSIDE VEHICLE,UNABLE TO DETERMINE,0,0,3,3,17,5,3,1237,79TH ST,41.932685,-87.672459,03/05/2020 06:48:00 PM,2020
CR00008027,04/21/2018 05:06:00 PM,40,CLOUDY/OVERCAST,DAYLIGHT,SIDESWIPE SAME DIRECTION,DIVIDED - W/MEDIAN BARRIER,YIELD,DISTRACTION - FROM INSIDE VEHICLE,FOLLOWING TOO CLOSELY,0,0,0,0,17,7,4,258,MILWAUKEE AVE,41.92379,-87.643471,04/21/2018 07:00:00 PM,2018
CR00008028,07/20/2017 12:59:00 PM,40,SNOW,DAYLIGHT,TURNING,DIVIDED - W/MEDIAN (NOT RAISED),NO CONTROLS,UNABLE TO DETERMINE,DISTRACTION - FROM INSIDE VEHICLE,0,1,1,2,12,5,7,1143,ROOSEVELT RD,41.759954,-87.694478,07/20/2017 02:42:00 PM,2017
CR00008029,12/16/2022 08:06:00 PM,20,CLEAR,DARKNESS - LIGHTED ROAD,REAR END,ONE-WAY,TRAFFIC SIGNAL,UNABLE TO DETERMINE,NOT APPLICABLE,0,0,2,2,20,6,12,2326,CICERO AVE,41.795031,-87.686515,12/16/2022 08:08:00 PM,2022
CR00008030,06/01/2021 07:50:00 PM,25,CLOUDY/OVERCAST,DAYLIGHT,PEDESTRIAN,DIVIDED - W/MEDIAN (NOT RAISED),NO CONTROLS,FOLLOWING TOO CLOSELY,DISTRACTION - FROM INSIDE VEHICLE,0,0,0,0,19,3,6,1066,47TH ST,41.89096,-87.639505,06/01/2021 07:51:00 PM,2021
CR00008031,04/14/2020 09:01:00 PM,30,RAIN,DAYLIGHT,REAR END,DIVIDED - W/MEDIAN BARRIER,NO CONTROLS,IMPROPER OVERTAKING/PASSING,FAILING TO YIELD RIGHT-OF-WAY,0,0,1,1,21,3,4,573,BROADWAY,41.815735,-87.622572,04/14/2020 09:20:00 PM,2020
CR00008032,07/11/2020 10:58:00 AM,30,CLEAR,DARKNESS - LIGHTED ROAD,REAR END,DIVIDED - W/MEDIAN BARRIER,TRAFFIC SIGNAL,DISREGARDING TRAFFIC SIGNALS,UNABLE TO DETERMINE,0,0,0,0,10,7,7,1806,PULASKI RD,41.779653,-87.528325,07/11/2020 11:11:00 AM,2020
CR00008033,04/22/2024 01:19:00 PM,45,CLEAR,DAYLIGHT,TURNING,FOUR WAY,NO CONTROLS,FOLLOWING TOO CLOSELY,FAILING TO YIELD RIGHT-OF-WAY,0,0,0,0,13,2,4,1929,DIVISION ST,41.710285,-87.77167,04/22/2024 02:30:00 PM,2024
CR00008034,12/21/2024 12:44:00 PM,35,RAIN,DAYLIGHT,ANGLE,NOT DIVIDED,STOP SIGN/FLASHER,FOLLOWING TOO CLOSELY,NOT APPLICABLE,0,0,0,0,12,7,12,1872,IRVING PARK RD,41.993233,-87.508344,12/21/2024 01:23:00 PM,2024
CR00008035,03/23/2023 04:41:00 PM,25,CLEAR,DARKNESS - LIGHTED ROAD,ANGLE,T-INTERSECTION,TRAFFIC SIGNAL,DISTRACTION - FROM INSIDE VEHICLE,DRIVING SKILLS/KNOWLEDGE/EXPERIENCE,0,0,0,0,16,5,3,948,ROOSEVELT RD,41.774694,-87.846601,03/23/2023 05:26:00 PM,2023
CR00008036,09/20/2016 07:00:00 AM,30,FOG/SMOKE/HAZE,DARKNESS - LIGHTED ROAD,FIXED OBJECT,NOT DIVIDED,NO CONTROLS,FAILING TO REDUCE SPEED,UNABLE TO DETERMINE,0,0,0,0,7,3,9,1633,LAKE SHORE DR,41.960168,-87.569862,09/20/2016 08:34:00 AM,2016
CR00008037,04/26/2023 02:52:00 AM,20,CLEAR,DAYLIGHT,FIXED OBJECT,ONE-WAY,TRAFFIC SIGNAL,UNABLE TO DETERMINE,DRIVING SKILLS/KNOWLEDGE/EXPERIENCE,0,0,0,0,2,4,4,1904,OGDEN AVE,41.960541,-87.654469,04/26/2023 04:17:00 AM,2023
CR00008038,10/19/2018 08:38:00 AM,20,RAIN,DAYLIGHT,TURNING,ONE-WAY,NO CONTROLS,FAILING TO REDUCE SPEED,UNABLE TO DETERMINE,0,2,1,3,8,6,10,698,MICHIGAN AVE,41.936156,-87.761355,10/19/2018 09:48:00 AM,2018
CR00008039,04/24/2021 08:04:00 PM,30,SNOW,DAYLIGHT,PARKED MOTOR VEHICLE,ONE-WAY,STOP SIGN/FLASHER,UNABLE TO DETERMINE,FAILING TO YIELD RIGHT-OF-WAY,0,0,2,2,20,7,4,956,OGDEN AVE,41.764218,-87.830134,04/24/2021 09:05:00 PM,2021
CR00008040,05/10/2023 02:46:00 AM,45,CLEAR,DAYLIGHT,ANGLE,ONE-WAY,STOP SIGN/FLASHER,DISREGARDING TRAFFIC SIGNALS,UNABLE TO DETERMINE,0,0,0,0,2,4,5,1021,STONY ISLAND AVE,41.722467,-87.769366,05/10/2023 04:35:00 AM,2023
CR00008041,05/27/2018 07:41:00 PM,30,CLEAR,DAYLIGHT,ANGLE,ONE-WAY,NO CONTROLS,DISTRACTION - FROM INSIDE VEHICLE,DISREGARDING TRAFFIC SIGNALS,0,0,1,1,19,1,5,2490,OGDEN AVE,41.830498,-87.656561,05/27/2018 09:22:00 PM,2018
CR00008042,09/30/2017 06:09:00 PM,30,CLEAR,DAYLIGHT,ANGLE,NOT DIVIDED,NO CONTROLS,DRIVING SKILLS/KNOWLEDGE/EXPERIENCE,FAILING TO YIELD RIGHT-OF-WAY,0,0,0,0,18,7,9,2304,DIVISION ST,41.778492,-87.512001,09/30/2017 07:16:00 PM,2017
CR00008043,04/25/2022 01:35:00 PM,25,RAIN,DAYLIGHT,TURNING,DIVIDED - W/MEDIAN BARRIER,TRAFFIC SIGNAL,UNABLE TO DETERMINE,FAILING TO REDUCE SPEED,0,0,0,0,13,2,4,888,ROOSEVELT RD,41.958229,-87.638269,04/25/2022 03:31:00 PM,2022
CR00008044,12/05/2017 03:35:00 PM,30,CLEAR,DAYLIGHT,REAR END,NOT DIVIDED,STOP SIGN/FLASHER,UNABLE TO DETERMINE,UNABLE TO DETERMINE,0,0,0,0,15,3,12,980,ELSTON AVE,41.918034,-87.577104,12/05/2017 04:42:00 PM,2017
CR00008045,08/13/2021 08:26:00 AM,35,CLEAR,DAYLIGHT,REAR END,DIVIDED - W/MEDIAN (NOT RAISED),TRAFFIC SIGNAL,UNABLE TO DETERMINE,FOLLOWING TOO CLOSELY,0,1,3,4,8,6,8,444,DAMEN AVE,41.706261,-87.517594,08/13/2021 08:48:00 AM,2021
CR00008046,08/16/2020 10:16:00 AM,35,RAIN,DAYLIGHT,REAR TO FRONT,DIVIDED - W/MEDIAN (NOT RAISED),TRAFFIC SIGNAL,WEATHER,FAILING TO REDUCE SPEED,0,0,0,0,10,1,8,320,DAMEN AVE,41.897376,-87.823652,08/16/2020 10:49:00 AM,2020
CR00008047,08/07/2018 01:15:00 PM,30,CLEAR,DAWN,REAR END,DIVIDED - W/MEDIAN BARRIER,STOP SIGN/FLASHER,DISTRACTION - FROM INSIDE VEHICLE,NOT APPLICABLE,0,0,0,0,13,3,8,510,IRVING PARK RD,41.707429,-87.691199,08/07/2018 03:10:00 PM,2018
CR00008048,02/12/2018 03:37:00 PM,45,FREEZING RAIN/DRIZZLE,DAYLIGHT,ANGLE,NOT DIVIDED,STOP SIGN/FLASHER,UNABLE TO DETERMINE,IMPROPER LANE USAGE,0,0,0,0,15,2,2,792,STONY ISLAND AVE,41.866651,-87.729082,02/12/2018 05:15:00 PM,2018
CR00008049,05/07/2023 07:29:00 PM,30,CLEAR,DARKNESS - LIGHTED ROAD,PEDESTRIAN,NOT DIVIDED,TRAFFIC SIGNAL,DISTRACTION - FROM INSIDE VEHICLE,DISTRACTION - FROM INSIDE VEHICLE,0,0,0,0,19,1,5,794,CALIFORNIA AVE,41.750637,-87.760664,05/07/2023 07:47:00 PM,2023
CR00008050,06/04/2021 04:58:00 AM,15,CLOUDY/OVERCAST,DAYLIGHT,TURNING,DIVIDED - W/MEDIAN (NOT RAISED),STOP SIGN/FLASHER,FAILING TO YIELD RIGHT-OF-WAY,UNABLE TO DETERMINE,0,0,0,0,4,6,6,330,STONY ISLAND AVE,41.715308,-87.531483,06/04/2021 05:23:00 AM,2021
CR00008051,02/12/2017 03:49:00 PM,15,CLEAR,DAYLIGHT,FIXED OBJECT,DIVIDED - W/MEDIAN (NOT RAISED),STOP SIGN/FLASHER,FAILING TO YIELD RIGHT-OF-WAY,FAILING TO REDUCE SPEED,0,0,3,3,15,1,2,1970,ELSTON AVE,41.874852,-87.544488,02/12/2017 05:38:00 PM,2017
CR00008052,04/11/2021 03:27:00 AM,40,CLEAR,DARKNESS,TURNING,NOT DIVIDED,NO CONTROLS,UNABLE TO DETERMINE,NOT APPLICABLE,0,0,0,0,3,1,4,677,PULASKI RD,41.794162,-87.788744,04/11/2021 03:39:00 AM,2021
CR00008053,06/05/2017 03:31:00 PM,35,CLEAR,DARKNESS,ANGLE,DIVIDED - W/MEDIAN BARRIER,TRAFFIC SIGNAL,IMPROPER OVERTAKING/PASSING,NOT APPLICABLE,0,0,0,0,15,2,6,1980,ARCHER AVE,41.774689,-87.649365,06/05/2017 03:43:00 PM,2017
CR00008054,06/05/2021 12:31:00 PM,25,CLEAR,DAYLIGHT,PARKED MOTOR VEHICLE,DIVIDED - W/MEDIAN (NOT RAISED),NO CONTROLS,UNABLE TO DETERMINE,NOT APPLICABLE,0,0,0,0,12,7,6,1122,CALIFORNIA AVE,41.793559,-87.616878,06/05/2021 02:28:00 PM,2021
CR00008055,09/24/2017 06:39:00 PM,25,CLEAR,DARKNESS - LIGHTED ROAD,PARKED MOTOR VEHICLE,NOT DIVIDED,TRAFFIC SIGNAL,UNABLE TO DETERMINE,FAILING TO YIELD RIGHT-OF-WAY,0,0,0,0,18,1,9,876,ASHLAND AVE,41.917897,-87.707956,09/24/2017 07:35:00 PM,2017
CR00008056,08/30/2015 05:27:00 PM,30,SNOW,DAYLIGHT,FIXED OBJECT,T-INTERSECTION,NO CONTROLS,DISREGARDING TRAFFIC SIGNALS,FOLLOWING TOO CLOSELY,0,0,0,0,17,1,8,1535,63RD ST,41.896876,-87.507384,08/30/2015 06:07:00 PM,2015
CR00008057,08/08/2016 05:40:00 PM,35,CLEAR,DAYLIGHT,ANGLE,NOT DIVIDED,NO CONTROLS,DRIVING SKILLS/KNOWLEDGE/EXPERIENCE,IMPROPER LANE USAGE,0,0,0,0,17,2,8,2130,ASHLAND AVE,41.952339,-87.589379,08/08/2016 06:37:00 PM,2016
CR00008058,08/01/2016 11:51:00 AM,30,CLEAR,DAYLIGHT,REAR TO FRONT,NOT DIVIDED,NO CONTROLS,UNABLE TO DETERMINE,IMPROPER LANE USAGE,0,0,0,0,11,2,8,721,KEDZIE AVE,41.948178,-87.718762,08/01/2016 12:46:00 PM,2016
CR00008059,02/15/2015 07:49:00 AM,15,CLEAR,DUSK,PARKED MOTOR VEHICLE,DIVIDED - W/MEDIAN BARRIER,STOP SIGN/FLASHER,UNABLE TO DETERMINE,UNABLE TO DETERMINE,0,0,0,0,7,1,2,287,CALIFORNIA AVE,41.749402,-87.616262,02/15/2015 08:52:00 AM,2015
CR00008060,11/27/2015 10:09:00 AM,35,CLEAR,DAYLIGHT,TURNING,NOT DIVIDED,UNKNOWN,FOLLOWING TOO CLOSELY,FOLLOWING TOO CLOSELY,0,0,0,0,10,6,11,2283,DAMEN AVE,41.932913,-87.61923,11/27/2015 12:07:00 PM,2015
CR00008061,02/24/2019 05:40:00 PM,15,CLEAR,DAYLIGHT,REAR END,FOUR WAY,YIELD,UNABLE TO DETERMINE,UNABLE TO DETERMINE,0,0,0,0,17,1,2,1204,OGDEN AVE,41.777219,-87.761652,02/24/2019 06:30:00 PM,2019
CR00008062,11/17/2016 05:59:00 AM,40,FOG/SMOKE/HAZE,DAYLIGHT,SIDESWIPE SAME DIRECTION,ONE-WAY,NO CONTROLS,DRIVING SKILLS/KNOWLEDGE/EXPERIENCE,DRIVING SKILLS/KNOWLEDGE/EXPERIENCE,0,0,3,3,5,5,11,2035,STATE ST,41.78485,-87.682588,11/17/2016 07:59:00 AM,2016
CR00008063,02/18/2023 02:17:00 PM,25,RAIN,DAYLIGHT,ANGLE,ONE-WAY,UNKNOWN,DRIVING SKILLS/KNOWLEDGE/EXPERIENCE,DISREGARDING TRAFFIC SIGNALS,0,0,2,2,14,7,2,1164,ASHLAND AVE,41.909486,-87.811155,02/18/2023 02:49:00 PM,2023
CR00008064,05/31/2024 12:30:00 PM,25,CLEAR,DAYLIGHT,REAR END,NOT DIVIDED,PEDESTRIAN CROSSING SIGN,FAILING TO YIELD RIGHT-OF-WAY,DRIVING SKILLS/KNOWLEDGE/EXPERIENCE,0,0,0,0,12,6,5,2275,ELSTON AVE,41.997106,-87.570332,05/31/2024 01:10:00 PM,2024
CR00008065,01/03/2021 08:55:00 AM,40,CLEAR,DAYLIGHT,FIXED OBJECT,DIVIDED - W/MEDIAN (NOT RAISED),TRAFFIC SIGNAL,DISTRACTION - FROM INSIDE VEHICLE,FAILING TO YIELD RIGHT-OF-WAY,0,0,0,0,8,1,1,2097,DAMEN AVE,41.865355,-87.684418,01/03/2021 09:29:00 AM,2021
CR00008066,03/01/2021 10:43:00 AM,25,CLEAR,DAYLIGHT,REAR END,T-INTERSECTION,NO CONTROLS,DISREGARDING TRAFFIC SIGNALS,DRIVING SKILLS/KNOWLEDGE/EXPERIENCE,0,0,0,0,10,2,3,965,STATE ST,41.765768,-87.844849,03/01/2021 12:10:00 PM,2021
CR00008067,05/26/2018 03:39:00 AM,25,CLEAR,DARKNESS - LIGHTED ROAD,REAR END,DIVIDED - W/MEDIAN BARRIER,TRAFFIC SIGNAL,FOLLOWING TOO CLOSELY,UNABLE TO DETERMINE,0,0,1,1,3,7,5,1138,MICHIGAN AVE,41.785134,-87.622162,05/26/2018 03:43:00 AM,2018
CR00008068,04/09/2016 12:29:00 AM,35,CLEAR,DAYLIGHT,REAR TO FRONT,ONE-WAY,TRAFFIC SIGNAL,UNABLE TO DETERMINE,DRIVING SKILLS/KNOWLEDGE/EXPERIENCE,0,0,0,0,0,7,4,511,PULASKI RD,41.731613,-87.595337,04/09/2016 12:46:00 AM,2016
CR00008069,10/24/2021 03:49:00 AM,25,CLEAR,DAYLIGHT,REAR END,DIVIDED - W/MEDIAN (NOT RAISED),NO CONTROLS,FOLLOWING TOO CLOSELY,WEATHER,0,0,0,0,3,1,10,1232,MICHIGAN AVE,41.753994,-87.76339,10/24/2021 05:31:00 AM,2021
CR00008070,10/13/2019 08:09:00 PM,30,CLEAR,DAYLIGHT,REAR END,FOUR WAY,NO CONTROLS,UNABLE TO DETERMINE,IMPROPER LANE USAGE,0,0,0,0,20,1,10,2070,DAMEN AVE,41.712794,-87.783425,10/13/2019 09:24:00 PM,2019
CR00008071,11/02/2017 12:52:00 AM,30,CLEAR,DAYLIGHT,SIDESWIPE SAME DIRECTION,NOT DIVIDED,NO CONTROLS,FAILING TO REDUCE SPEED,FOLLOWING TOO CLOSELY,0,0,0,0,0,5,11,1274,CICERO AVE,41.962173,-87.621982,11/02/2017 01:06:00 AM,2017