CRASH_RECORD_ID,CRASH_DATE,POSTED_SPEED_LIMIT,WEATHER_CONDITION,LIGHTING_CONDITION,FIRST_CRASH_TYPE,TRAFFICWAY_TYPE,TRAFFIC_CONTROL_DEVICE,PRIM_CONTRIBUTORY_CAUSE,SEC_CONTRIBUTORY_CAUSE,INJURIES_FATAL,INJURIES_INCAPACITATING,INJURIES_NON_INCAPACITATING,INJURIES_TOTAL,CRASH_HOUR,CRASH_DAY_OF_WEEK,CRASH_MONTH,BEAT_OF_OCCURRENCE,STREET_NAME,LATITUDE,LONGITUDE,DATE_POLICE_NOTIFIED,year
CR00008072,05/12/2021 09:59:00 AM,20,CLEAR,DAYLIGHT,REAR END,NOT DIVIDED,NO CONTROLS,DRIVING SKILLS/KNOWLEDGE/EXPERIENCE,UNABLE TO DETERMINE,0,0,0,0,9,4,5,317,OGDEN AVE,41.975174,-87.586811,05/12/2021 11:09:00 AM,2021
CR00008073,09/16/2019 04:38:00 PM,35,CLEAR,DAYLIGHT,REAR TO FRONT,DIVIDED - W/MEDIAN BARRIER,PEDESTRIAN CROSSING SIGN,FAILING TO YIELD RIGHT-OF-WAY,NOT APPLICABLE,0,0,0,0,16,2,9,468,DAMEN AVE,41.716566,-87.767365,09/16/2019 05:05:00 PM,2019
CR00008074,09/23/2016 07:14:00 AM,45,SNOW,DARKNESS - LIGHTED ROAD,ANGLE,ONE-WAY,NO CONTROLS,UNABLE TO DETERMINE,DISTRACTION - FROM INSIDE VEHICLE,0,0,2,2,7,6,9,2277,WESTERN AVE,41.746758,-87.777516,09/23/2016 09:12:00 AM,2016
CR00008075,06/11/2016 09:45:00 PM,40,CLEAR,DAYLIGHT,PARKED MOTOR VEHICLE,FOUR WAY,NO CONTROLS,DISREGARDING TRAFFIC SIGNALS,IMPROPER OVERTAKING/PASSING,0,1,1,2,21,7,6,764,CALIFORNIA AVE,41.811556,-87.739688,06/11/2016 10:40:00 PM,2016
CR00008076,12/24/2022 03:45:00 PM,25,CLEAR,DAYLIGHT,REAR TO FRONT,ONE-WAY,TRAFFIC SIGNAL,FAILING TO REDUCE SPEED,IMPROPER OVERTAKING/PASSING,0,0,0,0,15,7,12,1606,BROADWAY,41.933607,-87.5749,12/24/2022 05:29:00 PM,2022
CR00008077,08/13/2016 08:09:00 PM,35,CLEAR,DARKNESS - LIGHTED ROAD,SIDESWIPE SAME DIRECTION,DIVIDED - W/MEDIAN BARRIER,TRAFFIC SIGNAL,DISTRACTION - FROM INSIDE VEHICLE,IMPROPER OVERTAKING/PASSING,0,0,1,1,20,7,8,520,IRVING PARK RD,41.791701,-87.821883,08/13/2016 08:29:00 PM,2016
CR00008078,10/27/2015 06:01:00 PM,40,SNOW,DAYLIGHT,ANGLE,NOT DIVIDED,NO CONTROLS,UNABLE TO DETERMINE,UNABLE TO DETERMINE,0,0,0,0,18,3,10,1389,ARCHER AVE,41.832294,-87.843345,10/27/2015 07:45:00 PM,2015
CR00008079,08/21/2022 03:59:00 PM,30,CLEAR,DAYLIGHT,TURNING,ONE-WAY,TRAFFIC SIGNAL,FAILING TO YIELD RIGHT-OF-WAY,UNABLE TO DETERMINE,0,0,0,0,15,1,8,120,LAKE SHORE DR,41.817448,-87.673326,08/21/2022 04:47:00 PM,2022
CR00008080,02/17/2019 12:08:00 PM,30,CLEAR,DAYLIGHT,PARKED MOTOR VEHICLE,NOT DIVIDED,NO CONTROLS,DISTRACTION - FROM INSIDE VEHICLE,UNABLE TO DETERMINE,0,0,0,0,12,1,2,1037,DAMEN AVE,41.750829,-87.714415,02/17/2019 01:20:00 PM,2019
CR00008081,08/16/2015 11:30:00 AM,15,CLEAR,DAYLIGHT,ANGLE,FOUR WAY,NO CONTROLS,DISTRACTION - FROM INSIDE VEHICLE,FOLLOWING TOO CLOSELY,0,0,0,0,11,1,8,902,STATE ST,41.8363,-87.610493,08/16/2015 12:32:00 PM,2015
CR00008082,04/19/2024 08:49:00 AM,30,CLEAR,DAYLIGHT,TURNING,NOT DIVIDED,STOP SIGN/FLASHER,UNABLE TO DETERMINE,FAILING TO YIELD RIGHT-OF-WAY,0,0,1,1,8,6,4,566,OGDEN AVE,41.840282,-87.706667,04/19/2024 10:08:00 AM,2024
CR00008083,08/11/2019 03:37:00 PM,45,RAIN,DARKNESS - LIGHTED ROAD,SIDESWIPE SAME DIRECTION,FOUR WAY,STOP SIGN/FLASHER,FAILING TO YIELD RIGHT-OF-WAY,UNABLE TO DETERMINE,0,0,0,0,15,1,8,430,LAKE SHORE DR,41.887088,-87.678117,08/11/2019 04:22:00 PM,2019
CR00008084,04/27/2020 11:41:00 AM,25,CLOUDY/OVERCAST,DAYLIGHT,FIXED OBJECT,DIVIDED - W/MEDIAN (NOT RAISED),NO CONTROLS,FOLLOWING TOO CLOSELY,FAILING TO YIELD RIGHT-OF-WAY,0,0,0,0,11,2,4,2135,STATE ST,41.912982,-87.72259,04/27/2020 12:01:00 PM,2020
CR00008085,04/22/2022 07:34:00 AM,40,RAIN,DAYLIGHT,SIDESWIPE SAME DIRECTION,DIVIDED - W/MEDIAN (NOT RAISED),NO CONTROLS,UNABLE TO DETERMINE,DISTRACTION - FROM INSIDE VEHICLE,0,0,0,0,7,6,4,2186,DIVISION ST,41.794066,-87.731037,04/22/2022 08:00:00 AM,2022
CR00008086,03/23/2018 06:30:00 AM,20,RAIN,DAYLIGHT,SIDESWIPE SAME DIRECTION,DIVIDED - W/MEDIAN (NOT RAISED),STOP SIGN/FLASHER,DISTRACTION - FROM INSIDE VEHICLE,NOT APPLICABLE,0,0,0,0,6,6,3,184,CALIFORNIA AVE,41.849453,-87.666514,03/23/2018 07:52:00 AM,2018
CR00008087,06/19/2019 01:41:00 PM,35,CLOUDY/OVERCAST,DAYLIGHT,REAR END,DIVIDED - W/MEDIAN BARRIER,STOP SIGN/FLASHER,IMPROPER OVERTAKING/PASSING,UNABLE TO DETERMINE,0,0,0,0,13,4,6,1339,ARCHER AVE,41.759476,-87.697862,06/19/2019 01:56:00 PM,2019
CR00008088,01/25/2021 08:45:00 PM,35,CLEAR,DAYLIGHT,SIDESWIPE SAME DIRECTION,NOT DIVIDED,NO CONTROLS,FOLLOWING TOO CLOSELY,NOT APPLICABLE,0,0,0,0,20,2,1,1267,DAMEN AVE,41.944017,-87.660794,01/25/2021 10:10:00 PM,2021
CR00008089,03/15/2015 01:42:00 PM,45,CLEAR,DAYLIGHT,FIXED OBJECT,ONE-WAY,STOP SIGN/FLASHER,UNABLE TO DETERMINE,DRIVING SKILLS/KNOWLEDGE/EXPERIENCE,0,0,0,0,13,1,3,1378,CLARK ST,41.839828,-87.699027,03/15/2015 03:41:00 PM,2015
CR00008090,09/23/2021 05:31:00 PM,30,RAIN,DAYLIGHT,REAR END,NOT DIVIDED,TRAFFIC SIGNAL,DISTRACTION - FROM INSIDE VEHICLE,FOLLOWING TOO CLOSELY,0,0,0,0,17,5,9,2478,LAKE SHORE DR,41.70766,-87.580977,09/23/2021 07:28:00 PM,2021
CR00008091,10/02/2023 06:22:00 PM,40,CLEAR,DARKNESS - LIGHTED ROAD,TURNING,T-INTERSECTION,NO CONTROLS,UNABLE TO DETERMINE,WEATHER,0,0,0,0,18,2,10,1506,MILWAUKEE AVE,41.874268,-87.783119,10/02/2023 06:48:00 PM,2023
CR00008092,10/29/2018 06:38:00 PM,25,CLEAR,DARKNESS - LIGHTED ROAD,ANGLE,DIVIDED - W/MEDIAN BARRIER,NO CONTROLS,UNABLE TO DETERMINE,FAILING TO YIELD RIGHT-OF-WAY,0,0,2,2,18,2,10,631,MILWAUKEE AVE,41.759578,-87.528929,10/29/2018 08:09:00 PM,2018
CR00008093,02/20/2022 05:55:00 PM,20,CLEAR,DAYLIGHT,REAR END,ONE-WAY,NO CONTROLS,UNABLE TO DETERMINE,NOT APPLICABLE,0,0,0,0,17,1,2,919,HALSTED ST,41.769371,-87.582489,02/20/2022 07:09:00 PM,2022
CR00008094,07/22/2017 06:21:00 PM,20,CLEAR,DAYLIGHT,SIDESWIPE SAME DIRECTION,DIVIDED - W/MEDIAN (NOT RAISED),NO CONTROLS,DISREGARDING TRAFFIC SIGNALS,FOLLOWING TOO CLOSELY,0,0,0,0,18,7,7,964,DIVISION ST,41.918891,-87.627419,07/22/2017 07:46:00 PM,2017
CR00008095,10/28/2023 05:49:00 PM,20,CLEAR,DAYLIGHT,REAR TO FRONT,FOUR WAY,UNKNOWN,DRIVING SKILLS/KNOWLEDGE/EXPERIENCE,FAILING TO YIELD RIGHT-OF-WAY,0,0,0,0,17,7,10,1419,LAKE SHORE DR,41.952897,-87.700437,10/28/2023 07:31:00 PM,2023
CR00008096,01/02/2021 08:39:00 AM,20,CLEAR,DAYLIGHT,FIXED OBJECT,NOT DIVIDED,NO CONTROLS,FAILING TO YIELD RIGHT-OF-WAY,FOLLOWING TOO CLOSELY,0,0,2,2,8,7,1,261,ELSTON AVE,41.843803,-87.735804,01/02/2021 09:38:00 AM,2021
CR00008097,05/14/2018 07:14:00 PM,25,CLEAR,DAYLIGHT,PARKED MOTOR VEHICLE,DIVIDED - W/MEDIAN (NOT RAISED),TRAFFIC SIGNAL,FAILING TO YIELD RIGHT-OF-WAY,IMPROPER OVERTAKING/PASSING,0,0,0,0,19,2,5,351,LAKE SHORE DR,41.787244,-87.506847,05/14/2018 08:14:00 PM,2018
CR00008098,12/31/2023 03:37:00 AM,40,CLOUDY/OVERCAST,DAYLIGHT,TURNING,NOT DIVIDED,STOP SIGN/FLASHER,FOLLOWING TOO CLOSELY,WEATHER,0,0,0,0,3,1,12,1520,BROADWAY,41.893024,-87.823383,12/31/2023 03:43:00 AM,2023
CR00008099,06/11/2020 12:35:00 PM,40,CLEAR,DARKNESS,REAR END,NOT DIVIDED,NO CONTROLS,UNABLE TO DETERMINE,IMPROPER LANE USAGE,0,0,0,0,12,5,6,1488,FULLERTON AVE,41.893943,-87.588103,06/11/2020 02:30:00 PM,2020
CR00008100,06/18/2015 02:43:00 PM,20,CLEAR,DARKNESS - LIGHTED ROAD,REAR TO FRONT,NOT DIVIDED,NO CONTROLS,FOLLOWING TOO CLOSELY,UNABLE TO DETERMINE,0,0,0,0,14,5,6,182,47TH ST,41.995579,-87.507106,06/18/2015 04:17:00 PM,2015
CR00008101,06/21/2016 08:17:00 PM,40,RAIN,DARKNESS - LIGHTED ROAD,PARKED MOTOR VEHICLE,NOT DIVIDED,STOP SIGN/FLASHER,FOLLOWING TOO CLOSELY,NOT APPLICABLE,0,0,0,0,20,3,6,361,DIVISION ST,41.703042,-87.771531,06/21/2016 09:36:00 PM,2016
CR00008102,06/16/2015 07:08:00 PM,30,CLEAR,DAYLIGHT,TURNING,DIVIDED - W/MEDIAN BARRIER,NO CONTROLS,FAILING TO YIELD RIGHT-OF-WAY,IMPROPER OVERTAKING/PASSING,0,0,0,0,19,3,6,662,DAMEN AVE,41.729959,-87.845661,06/16/2015 07:46:00 PM,2015
CR00008103,11/14/2020 05:58:00 PM,15,FOG/SMOKE/HAZE,DARKNESS - LIGHTED ROAD,ANGLE,DIVIDED - W/MEDIAN BARRIER,UNKNOWN,DRIVING SKILLS/KNOWLEDGE/EXPERIENCE,NOT APPLICABLE,0,0,0,0,17,7,11,1116,79TH ST,41.955713,-87.554952,11/14/2020 07:50:00 PM,2020
CR00008104,06/09/2016 10:58:00 AM,35,CLOUDY/OVERCAST,DARKNESS,PARKED MOTOR VEHICLE,NOT DIVIDED,TRAFFIC SIGNAL,UNABLE TO DETERMINE,UNABLE TO DETERMINE,0,0,0,0,10,5,6,2200,CALIFORNIA AVE,41.80656,-87.566961,06/09/2016 11:11:00 AM,2016
CR00008105,10/01/2022 05:36:00 AM,40,CLEAR,DAYLIGHT,REAR END,DIVIDED - W/MEDIAN (NOT RAISED),TRAFFIC SIGNAL,IMPROPER OVERTAKING/PASSING,DISREGARDING TRAFFIC SIGNALS,0,0,0,0,5,7,10,1776,KEDZIE AVE,41.983334,-87.766038,10/01/2022 06:36:00 AM,2022
CR00008106,01/19/2020 02:15:00 PM,20,CLEAR,DARKNESS - LIGHTED ROAD,REAR END,ONE-WAY,TRAFFIC SIGNAL,UNABLE TO DETERMINE,NOT APPLICABLE,0,0,0,0,14,1,1,1363,CALIFORNIA AVE,41.709539,-87.782069,01/19/2020 03:45:00 PM,2020
CR00008107,03/25/2020 09:58:00 AM,40,CLEAR,DAWN,REAR END,FOUR WAY,TRAFFIC SIGNAL,UNABLE TO DETERMINE,DISTRACTION - FROM INSIDE VEHICLE,0,0,0,0,9,4,3,2007,CLARK ST,41.989376,-87.727185,03/25/2020 11:06:00 AM,2020
CR00008108,05/25/2024 04:58:00 PM,45,RAIN,DARKNESS - LIGHTED ROAD,ANGLE,NOT DIVIDED,STOP SIGN/FLASHER,IMPROPER OVERTAKING/PASSING,WEATHER,0,0,0,0,16,7,5,382,DIVISION ST,41.955038,-87.734471,05/25/2024 05:04:00 PM,2024
CR00008109,07/27/2023 05:48:00 AM,30,CLEAR,DAYLIGHT,SIDESWIPE SAME DIRECTION,DIVIDED - W/MEDIAN (NOT RAISED),NO CONTROLS,FAILING TO YIELD RIGHT-OF-WAY,IMPROPER OVERTAKING/PASSING,0,0,0,0,5,5,7,2094,MILWAUKEE AVE,41.924898,-87.656196,07/27/2023 07:36:00 AM,2023
CR00008110,09/26/2024 07:05:00 AM,30,CLEAR,DARKNESS,ANGLE,FOUR WAY,NO CONTROLS,UNABLE TO DETERMINE,UNABLE TO DETERMINE,0,0,0,0,7,5,9,2277,DIVISION ST,41.754457,-87.813925,09/26/2024 07:19:00 AM,2024
CR00008111,08/15/2023 01:30:00 PM,25,CLEAR,DARKNESS - LIGHTED ROAD,ANGLE,DIVIDED - W/MEDIAN (NOT RAISED),TRAFFIC SIGNAL,FOLLOWING TOO CLOSELY,IMPROPER LANE USAGE,0,2,0,2,13,3,8,1428,KEDZIE AVE,41.822306,-87.534845,08/15/2023 01:45:00 PM,2023
CR00008112,06/22/2016 07:30:00 AM,25,CLEAR,DAYLIGHT,PEDESTRIAN,NOT DIVIDED,UNKNOWN,FOLLOWING TOO CLOSELY,FAILING TO YIELD RIGHT-OF-WAY,0,0,0,0,7,4,6,2072,DAMEN AVE,41.864986,-87.561044,06/22/2016 08:35:00 AM,2016
CR00008113,02/14/2024 04:23:00 PM,35,CLOUDY/OVERCAST,DAYLIGHT,PARKED MOTOR VEHICLE,ONE-WAY,NO CONTROLS,WEATHER,IMPROPER LANE USAGE,0,0,1,1,16,4,2,583,79TH ST,41.991719,-87.563142,02/14/2024 05:43:00 PM,2024
CR00008114,11/11/2023 11:38:00 AM,45,CLEAR,DAWN,REAR END,DIVIDED - W/MEDIAN (NOT RAISED),TRAFFIC SIGNAL,UNABLE TO DETERMINE,IMPROPER OVERTAKING/PASSING,0,0,1,1,11,7,11,180,WESTERN AVE,41.818773,-87.586701,11/11/2023 12:50:00 PM,2023
CR00008115,05/28/2020 06:33:00 PM,45,RAIN,DAYLIGHT,PARKED MOTOR VEHICLE,NOT DIVIDED,UNKNOWN,UNABLE TO DETERMINE,FOLLOWING TOO CLOSELY,0,0,0,0,18,5,5,1791,MILWAUKEE AVE,41.734041,-87.59532,05/28/2020 07:16:00 PM,2020
CR00008116,05/06/2023 04:32:00 PM,30,CLEAR,DAYLIGHT,FIXED OBJECT,NOT DIVIDED,UNKNOWN,DISTRACTION - FROM INSIDE VEHICLE,IMPROPER OVERTAKING/PASSING,0,0,0,0,16,7,5,846,PULASKI RD,41.872811,-87.818355,05/06/2023 06:20:00 PM,2023
CR00008117,08/13/2023 01:53:00 PM,35,RAIN,DARKNESS - LIGHTED ROAD,SIDESWIPE SAME DIRECTION,T-INTERSECTION,NO CONTROLS,UNABLE TO DETERMINE,DISTRACTION - FROM INSIDE VEHICLE,0,0,0,0,13,1,8,832,IRVING PARK RD,41.923747,-87.828019,08/13/2023 02:31:00 PM,2023
CR00008118,06/14/2019 10:30:00 AM,40,CLEAR,DARKNESS - LIGHTED ROAD,REAR END,NOT DIVIDED,TRAFFIC SIGNAL,DISREGARDING TRAFFIC SIGNALS,FAILING TO REDUCE SPEED,0,0,2,2,10,6,6,466,OGDEN AVE,41.986824,-87.541538,06/14/2019 11:37:00 AM,2019
CR00008119,02/19/2024 06:00:00 PM,30,CLEAR,DAYLIGHT,REAR END,FOUR WAY,NO CONTROLS,UNABLE TO DETERMINE,IMPROPER OVERTAKING/PASSING,0,0,0,0,18,2,2,1413,ASHLAND AVE,41.711135,-87.834082,02/19/2024 06:57:00 PM,2024
CR00008120,11/15/2019 02:24:00 PM,15,CLEAR,DAYLIGHT,ANGLE,NOT DIVIDED,NO CONTROLS,UNABLE TO DETERMINE,UNABLE TO DETERMINE,0,0,2,2,14,6,11,1248,CICERO AVE,41.980959,-87.596678,11/15/2019 04:16:00 PM,2019
CR00008121,08/10/2018 07:00:00 AM,35,CLEAR,DAYLIGHT,REAR END,NOT DIVIDED,NO CONTROLS,WEATHER,DISREGARDING TRAFFIC SIGNALS,0,0,2,2,7,6,8,1270,PULASKI RD,41.798956,-87.554418,08/10/2018 08:59:00 AM,2018
CR00008122,03/07/2018 03:35:00 PM,45,RAIN,DAYLIGHT,REAR END,NOT DIVIDED,TRAFFIC SIGNAL,FAILING TO YIELD RIGHT-OF-WAY,IMPROPER OVERTAKING/PASSING,0,2,2,4,15,4,3,2045,HALSTED ST,41.729304,-87.847281,03/07/2018 04:17:00 PM,2018
CR00008123,08/03/2020 06:02:00 PM,30,CLOUDY/OVERCAST,DAYLIGHT,REAR END,DIVIDED - W/MEDIAN (NOT RAISED),NO CONTROLS,DRIVING SKILLS/KNOWLEDGE/EXPERIENCE,UNABLE TO DETERMINE,0,0,0,0,18,2,8,1981,IRVING PARK RD,41.936071,-87.593061,08/03/2020 06:47:00 PM,2020
CR00008124,09/21/2024 10:25:00 AM,45,CLEAR,DAWN,PARKED MOTOR VEHICLE,DIVIDED - W/MEDIAN BARRIER,NO CONTROLS,FOLLOWING TOO CLOSELY,UNABLE TO DETERMINE,0,1,2,3,10,7,9,2358,MICHIGAN AVE,41.93236,-87.76186,09/21/2024 11:13:00 AM,2024
CR00008125,02/11/2017 07:47:00 PM,25,CLEAR,DAYLIGHT,PARKED MOTOR VEHICLE,DIVIDED - W/MEDIAN (NOT RAISED),NO CONTROLS,FOLLOWING TOO CLOSELY,DISTRACTION - FROM INSIDE VEHICLE,0,0,0,0,19,7,2,510,DAMEN AVE,41.982163,-87.823875,02/11/2017 09:35:00 PM,2017
CR00008126,07/25/2016 08:00:00 AM,40,SNOW,DARKNESS - LIGHTED ROAD,TURNING,NOT DIVIDED,TRAFFIC SIGNAL,IMPROPER OVERTAKING/PASSING,DISREGARDING TRAFFIC SIGNALS,0,0,0,0,8,2,7,419,79TH ST,41.812581,-87.625943,07/25/2016 08:30:00 AM,2016
CR00008127,04/27/2019 08:02:00 PM,30,CLEAR,DARKNESS - LIGHTED ROAD,ANGLE,NOT DIVIDED,NO CONTROLS,FAILING TO YIELD RIGHT-OF-WAY,FOLLOWING TOO CLOSELY,0,0,0,0,20,7,4,2378,ASHLAND AVE,41.709256,-87.686106,04/27/2019 09:58:00 PM,2019
CR00008128,05/31/2016 10:25:00 AM,45,CLEAR,DAYLIGHT,ANGLE,NOT DIVIDED,STOP SIGN/FLASHER,UNABLE TO DETERMINE,DRIVING SKILLS/KNOWLEDGE/EXPERIENCE,0,0,0,0,10,3,5,2425,STONY ISLAND AVE,41.943598,-87.736228,05/31/2016 10:31:00 AM,2016
CR00008129,08/05/2021 01:13:00 AM,30,FREEZING RAIN/DRIZZLE,DAWN,ANGLE,FOUR WAY,NO CONTROLS,UNABLE TO DETERMINE,FAILING TO REDUCE SPEED,0,0,0,0,1,5,8,1016,IRVING PARK RD,41.864745,-87.812779,08/05/2021 02:00:00 AM,2021
CR00008130,05/17/2021 03:55:00 AM,30,CLEAR,DARKNESS - LIGHTED ROAD,TURNING,T-INTERSECTION,YIELD,FOLLOWING TOO CLOSELY,DISTRACTION - FROM INSIDE VEHICLE,0,0,1,1,3,2,5,1185,STATE ST,41.751229,-87.626085,05/17/2021 05:49:00 AM,2021
CR00008131,08/26/2024 05:51:00 PM,20,CLEAR,DAYLIGHT,TURNING,ONE-WAY,TRAFFIC SIGNAL,IMPROPER OVERTAKING/PASSING,IMPROPER LANE USAGE,0,0,2,2,17,2,8,1088,CLARK ST,41.898273,-87.615807,08/26/2024 06:47:00 PM,2024
CR00008132,02/27/2020 03:36:00 AM,35,FOG/SMOKE/HAZE,DARKNESS - LIGHTED ROAD,SIDESWIPE SAME DIRECTION,NOT DIVIDED,NO CONTROLS,FOLLOWING TOO CLOSELY,UNABLE TO DETERMINE,0,0,0,0,3,5,2,2510,HALSTED ST,41.72776,-87.800346,02/27/2020 03:46:00 AM,2020
CR00008133,07/10/2015 09:03:00 AM,25,CLEAR,DAYLIGHT,REAR END,DIVIDED - W/MEDIAN (NOT RAISED),NO CONTROLS,IMPROPER OVERTAKING/PASSING,NOT APPLICABLE,0,0,3,3,9,6,7,1644,MICHIGAN AVE,41.977575,-87.500046,07/10/2015 10:37:00 AM,2015
CR00008134,12/12/2022 12:24:00 PM,15,CLEAR,DAYLIGHT,PARKED MOTOR VEHICLE,NOT DIVIDED,TRAFFIC SIGNAL,UNABLE TO DETERMINE,NOT APPLICABLE,0,0,3,3,12,2,12,321,CALIFORNIA AVE,41.865764,-87.846238,12/12/2022 01:10:00 PM,2022
CR00008135,09/19/2019 04:23:00 PM,25,CLEAR,DARKNESS - LIGHTED ROAD,FIXED OBJECT,ONE-WAY,TRAFFIC SIGNAL,DRIVING SKILLS/KNOWLEDGE/EXPERIENCE,UNABLE TO DETERMINE,0,0,2,2,16,5,9,842,BROADWAY,41.862704,-87.634688,09/19/2019 04:47:00 PM,2019
CR00008136,06/29/2021 03:02:00 PM,40,CLEAR,DAYLIGHT,TURNING,NOT DIVIDED,STOP SIGN/FLASHER,FAILING TO REDUCE SPEED,NOT APPLICABLE,0,0,0,0,15,3,6,1538,DIVISION ST,41.821803,-87.7251,06/29/2021 04:07:00 PM,2021
CR00008137,05/02/2015 03:26:00 PM,45,CLEAR,DAYLIGHT,PARKED MOTOR VEHICLE,DIVIDED - W/MEDIAN (NOT RAISED),NO CONTROLS,IMPROPER LANE USAGE,FAILING TO REDUCE SPEED,0,0,0,0,15,7,5,2185,CLARK ST,41.927988,-87.537782,05/02/2015 04:07:00 PM,2015
CR00008138,03/16/2022 05:51:00 PM,15,CLOUDY/OVERCAST,DAYLIGHT,PEDESTRIAN,NOT DIVIDED,NO CONTROLS,FOLLOWING TOO CLOSELY,UNABLE TO DETERMINE,0,0,0,0,17,4,3,2481,STATE ST,41.788732,-87.514197,03/16/2022 07:49:00 PM,2022
CR00008139,10/11/2015 04:07:00 PM,15,SNOW,DARKNESS - LIGHTED ROAD,REAR END,FOUR WAY,UNKNOWN,UNABLE TO DETERMINE,NOT APPLICABLE,0,0,3,3,16,1,10,1766,ELSTON AVE,41.941899,-87.788897,10/11/2015 05:05:00 PM,2015
CR00008140,05/23/2015 03:51:00 PM,25,CLOUDY/OVERCAST,DARKNESS - LIGHTED ROAD,REAR END,NOT DIVIDED,UNKNOWN,UNABLE TO DETERMINE,UNABLE TO DETERMINE,0,0,0,0,15,7,5,265,CALIFORNIA AVE,41.988609,-87.713242,05/23/2015 04:46:00 PM,2015
CR00008141,11/14/2015 07:26:00 PM,15,CLEAR,DAYLIGHT,PARKED MOTOR VEHICLE,ONE-WAY,TRAFFIC SIGNAL,UNABLE TO DETERMINE,FOLLOWING TOO CLOSELY,0,0,0,0,19,7,11,664,DAMEN AVE,41.748693,-87.726316,11/14/2015 08:54:00 PM,2015
CR00008142,04/29/2021 03:36:00 AM,20,CLEAR,DARKNESS - LIGHTED ROAD,ANGLE,NOT DIVIDED,YIELD,IMPROPER OVERTAKING/PASSING,FOLLOWING TOO CLOSELY,0,0,2,2,3,5,4,1888,MICHIGAN AVE,41.961084,-87.746206,04/29/2021 04:12:00 AM,2021
CR00008143,12/19/2022 09:32:00 AM,20,CLOUDY/OVERCAST,DUSK,REAR END,DIVIDED - W/MEDIAN (NOT RAISED),NO CONTROLS,UNABLE TO DETERMINE,IMPROPER OVERTAKING/PASSING,0,0,1,1,9,2,12,719,79TH ST,41.767634,-87.708173,12/19/2022 10:47:00 AM,2022
CR00008144,08/05/2019 09:23:00 AM,20,CLEAR,DAYLIGHT,REAR END,NOT DIVIDED,TRAFFIC SIGNAL,DISTRACTION - FROM INSIDE VEHICLE,FOLLOWING TOO CLOSELY,0,0,0,0,9,2,8,942,CALIFORNIA AVE,41.755641,-87.791521,08/05/2019 11:21:00 AM,2019
CR00008145,11/15/2021 08:49:00 PM,40,CLEAR,DARKNESS - LIGHTED ROAD,REAR END,DIVIDED - W/MEDIAN (NOT RAISED),STOP SIGN/FLASHER,DRIVING SKILLS/KNOWLEDGE/EXPERIENCE,IMPROPER OVERTAKING/PASSING,0,0,0,0,20,2,11,1047,MILWAUKEE AVE,41.831336,-87.762215,11/15/2021 09:24:00 PM,2021
CR00008146,04/08/2024 09:34:00 PM,25,CLEAR,DARKNESS,TURNING,NOT DIVIDED,NO CONTROLS,FAILING TO YIELD RIGHT-OF-WAY,UNABLE TO DETERMINE,0,0,0,0,21,2,4,1953,CALIFORNIA AVE,41.998555,-87.725421,04/08/2024 10:45:00 PM,2024
CR00008147,02/01/2020 05:53:00 PM,20,CLEAR,DARKNESS - LIGHTED ROAD,ANGLE,DIVIDED - W/MEDIAN (NOT RAISED),TRAFFIC SIGNAL,UNABLE TO DETERMINE,FOLLOWING TOO CLOSELY,0,0,0,0,17,7,2,506,ROOSEVELT RD,41.754487,-87.781471,02/01/2020 07:03:00 PM,2020
CR00008148,12/02/2015 12:23:00 PM,45,RAIN,DAYLIGHT,TURNING,ONE-WAY,NO CONTROLS,WEATHER,FAILING TO YIELD RIGHT-OF-WAY,0,0,1,1,12,4,12,1175,BROADWAY,41.947099,-87.67965,12/02/2015 01:15:00 PM,2015
CR00008149,09/30/2021 10:34:00 AM,35,CLEAR,DARKNESS - LIGHTED ROAD,ANGLE,DIVIDED - W/MEDIAN (NOT RAISED),NO CONTROLS,IMPROPER OVERTAKING/PASSING,IMPROPER OVERTAKING/PASSING,0,0,0,0,10,5,9,1318,KEDZIE AVE,41.728393,-87.787996,09/30/2021 11:26:00 AM,2021
CR00008150,12/02/2018 11:29:00 PM,35,CLEAR,DAYLIGHT,ANGLE,NOT DIVIDED,TRAFFIC SIGNAL,IMPROPER LANE USAGE,NOT APPLICABLE,0,0,0,0,23,1,12,690,ROOSEVELT RD,41.884853,-87.651186,12/03/2018 12:56:00 AM,2018
CR00008151,12/17/2017 04:04:00 PM,35,CLEAR,DARKNESS - LIGHTED ROAD,REAR END,ONE-WAY,NO CONTROLS,UNABLE TO DETERMINE,IMPROPER LANE USAGE,0,0,0,0,16,1,12,810,STATE ST,41.731496,-87.818363,12/17/2017 04:28:00 PM,2017
CR00008152,12/20/2018 02:25:00 PM,25,RAIN,DAYLIGHT,REAR END,DIVIDED - W/MEDIAN (NOT RAISED),TRAFFIC SIGNAL,DISTRACTION - FROM INSIDE VEHICLE,NOT APPLICABLE,0,0,0,0,14,5,12,1110,ELSTON AVE,41.875096,-87.625751,12/20/2018 03:46:00 PM,2018
CR00008153,02/14/2019 03:12:00 PM,30,CLEAR,DARKNESS - LIGHTED ROAD,ANGLE,FOUR WAY,UNKNOWN,FAILING TO YIELD RIGHT-OF-WAY,WEATHER,0,0,0,0,15,5,2,1455,ARCHER AVE,41.88053,-87.586914,02/14/2019 03:17:00 PM,2019