CRASH_RECORD_ID,CRASH_DATE,POSTED_SPEED_LIMIT,WEATHER_CONDITION,LIGHTING_CONDITION,FIRST_CRASH_TYPE,TRAFFICWAY_TYPE,TRAFFIC_CONTROL_DEVICE,PRIM_CONTRIBUTORY_CAUSE,SEC_CONTRIBUTORY_CAUSE,INJURIES_FATAL,INJURIES_INCAPACITATING,INJURIES_NON_INCAPACITATING,INJURIES_TOTAL,CRASH_HOUR,CRASH_DAY_OF_WEEK,CRASH_MONTH,BEAT_OF_OCCURRENCE,STREET_NAME,LATITUDE,LONGITUDE,DATE_POLICE_NOTIFIED,year
CR00008154,10/12/2018 07:55:00 AM,40,RAIN,DAYLIGHT,FIXED OBJECT,NOT DIVIDED,STOP SIGN/FLASHER,DISREGARDING TRAFFIC SIGNALS,FOLLOWING TOO CLOSELY,0,0,0,0,7,6,10,575,MICHIGAN AVE,41.817971,-87.824538,10/12/2018 08:26:00 AM,2018
CR00008155,04/17/2022 12:54:00 AM,25,FREEZING RAIN/DRIZZLE,DAYLIGHT,REAR END,NOT DIVIDED,STOP SIGN/FLASHER,DRIVING SKILLS/KNOWLEDGE/EXPERIENCE,FAILING TO REDUCE SPEED,0,0,0,0,0,1,4,2258,HALSTED ST,41.954541,-87.530423,04/17/2022 01:54:00 AM,2022
CR00008156,10/27/2016 03:50:00 PM,25,CLEAR,DAYLIGHT,REAR END,NOT DIVIDED,TRAFFIC SIGNAL,FAILING TO YIELD RIGHT-OF-WAY,IMPROPER LANE USAGE,0,0,0,0,15,5,10,293,ROOSEVELT RD,41.749377,-87.61693,10/27/2016 04:43:00 PM,2016
CR00008157,03/18/2023 02:25:00 PM,25,RAIN,DAYLIGHT,SIDESWIPE SAME DIRECTION,DIVIDED - W/MEDIAN (NOT RAISED),NO CONTROLS,DRIVING SKILLS/KNOWLEDGE/EXPERIENCE,FOLLOWING TOO CLOSELY,0,0,0,0,14,7,3,1724,DAMEN AVE,41.816514,-87.526242,03/18/2023 03:23:00 PM,2023
CR00008158,02/24/2017 01:34:00 AM,30,CLEAR,DAYLIGHT,SIDESWIPE SAME DIRECTION,NOT DIVIDED,STOP SIGN/FLASHER,UNABLE TO DETERMINE,FOLLOWING TOO CLOSELY,0,0,0,0,1,6,2,1183,MILWAUKEE AVE,41.767317,-87.614612,02/24/2017 01:46:00 AM,2017
CR00008159,07/07/2022 08:15:00 PM,20,RAIN,DAYLIGHT,SIDESWIPE SAME DIRECTION,NOT DIVIDED,NO CONTROLS,FOLLOWING TOO CLOSELY,UNABLE TO DETERMINE,0,0,0,0,20,5,7,1071,MICHIGAN AVE,41.938048,-87.722018,07/07/2022 08:35:00 PM,2022
CR00008160,08/28/2016 08:40:00 PM,35,CLEAR,DARKNESS - LIGHTED ROAD,REAR END,NOT DIVIDED,TRAFFIC SIGNAL,IMPROPER LANE USAGE,FOLLOWING TOO CLOSELY,0,0,0,0,20,1,8,2058,WESTERN AVE,41.926046,-87.569623,08/28/2016 09:22:00 PM,2016
CR00008161,12/25/2020 01:12:00 PM,30,CLEAR,DAYLIGHT,PARKED MOTOR VEHICLE,ONE-WAY,TRAFFIC SIGNAL,IMPROPER OVERTAKING/PASSING,NOT APPLICABLE,0,0,0,0,13,6,12,824,CICERO AVE,41.742291,-87.557804,12/25/2020 02:22:00 PM,2020
CR00008162,12/01/2015 06:12:00 AM,15,CLEAR,DAYLIGHT,PARKED MOTOR VEHICLE,DIVIDED - W/MEDIAN BARRIER,TRAFFIC SIGNAL,DRIVING SKILLS/KNOWLEDGE/EXPERIENCE,FOLLOWING TOO CLOSELY,1,1,1,3,6,3,12,1850,ELSTON AVE,41.745956,-87.647376,12/01/2015 06:58:00 AM,2015
CR00008163,05/10/2020 08:28:00 AM,40,FOG/SMOKE/HAZE,DAYLIGHT,SIDESWIPE SAME DIRECTION,DIVIDED - W/MEDIAN BARRIER,NO CONTROLS,FAILING TO REDUCE SPEED,DISTRACTION - FROM INSIDE VEHICLE,0,0,0,0,8,1,5,2002,79TH ST,41.82876,-87.818989,05/10/2020 10:20:00 AM,2020
CR00008164,11/27/2018 09:48:00 AM,15,CLEAR,DARKNESS - LIGHTED ROAD,FIXED OBJECT,NOT DIVIDED,TRAFFIC SIGNAL,FOLLOWING TOO CLOSELY,UNABLE TO DETERMINE,0,0,0,0,9,3,11,733,BROADWAY,41.701609,-87.806766,11/27/2018 10:28:00 AM,2018
CR00008165,08/13/2017 12:54:00 PM,30,CLEAR,DARKNESS - LIGHTED ROAD,REAR END,DIVIDED - W/MEDIAN (NOT RAISED),TRAFFIC SIGNAL,DISREGARDING TRAFFIC SIGNALS,DISREGARDING TRAFFIC SIGNALS,0,0,2,2,12,1,8,1673,MICHIGAN AVE,41.761827,-87.64288,08/13/2017 02:42:00 PM,2017
CR00008166,04/21/2015 08:44:00 PM,30,CLEAR,DUSK,SIDESWIPE SAME DIRECTION,NOT DIVIDED,TRAFFIC SIGNAL,FAILING TO YIELD RIGHT-OF-WAY,FAILING TO REDUCE SPEED,0,0,0,0,20,3,4,133,63RD ST,41.848098,-87.666412,04/21/2015 09:17:00 PM,2015
CR00008167,12/18/2019 05:02:00 PM,45,CLEAR,DAYLIGHT,REAR END,NOT DIVIDED,NO CONTROLS,FAILING TO YIELD RIGHT-OF-WAY,UNABLE TO DETERMINE,0,0,0,0,17,4,12,397,LAKE SHORE DR,41.823583,-87.748531,12/18/2019 05:24:00 PM,2019
CR00008168,11/05/2023 09:34:00 AM,35,CLEAR,DAYLIGHT,TURNING,DIVIDED - W/MEDIAN (NOT RAISED),STOP SIGN/FLASHER,IMPROPER LANE USAGE,NOT APPLICABLE,0,0,0,0,9,1,11,881,WESTERN AVE,41.915251,-87.727335,11/05/2023 10:18:00 AM,2023
CR00008169,05/12/2018 04:49:00 AM,35,CLEAR,DAYLIGHT,ANGLE,NOT DIVIDED,STOP SIGN/FLASHER,DISTRACTION - FROM INSIDE VEHICLE,NOT APPLICABLE,0,0,0,0,4,7,5,1474,PULASKI RD,41.727133,-87.840422,05/12/2018 05:51:00 AM,2018
CR00008170,02/25/2018 09:59:00 PM,35,CLEAR,DAYLIGHT,SIDESWIPE SAME DIRECTION,FOUR WAY,TRAFFIC SIGNAL,IMPROPER LANE USAGE,UNABLE TO DETERMINE,0,0,1,1,21,1,2,1366,MICHIGAN AVE,41.903709,-87.642309,02/25/2018 11:30:00 PM,2018
CR00008171,06/29/2021 09:09:00 AM,20,CLEAR,DARKNESS - LIGHTED ROAD,PARKED MOTOR VEHICLE,DIVIDED - W/MEDIAN BARRIER,NO CONTROLS,FAILING TO REDUCE SPEED,NOT APPLICABLE,0,0,0,0,9,3,6,1276,CLARK ST,41.999867,-87.676264,06/29/2021 09:54:00 AM,2021
CR00008172,05/17/2018 07:39:00 AM,35,SNOW,DAWN,TURNING,DIVIDED - W/MEDIAN (NOT RAISED),TRAFFIC SIGNAL,FOLLOWING TOO CLOSELY,FOLLOWING TOO CLOSELY,0,0,1,1,7,5,5,146,CICERO AVE,41.939131,-87.79277,05/17/2018 09:18:00 AM,2018
CR00008173,03/18/2020 07:02:00 AM,15,CLEAR,DAYLIGHT,PARKED MOTOR VEHICLE,NOT DIVIDED,NO CONTROLS,UNABLE TO DETERMINE,FOLLOWING TOO CLOSELY,0,0,0,0,7,4,3,533,WESTERN AVE,41.785476,-87.767669,03/18/2020 07:22:00 AM,2020
CR00008174,08/27/2019 03:43:00 PM,15,CLEAR,DAYLIGHT,PARKED MOTOR VEHICLE,NOT DIVIDED,PEDESTRIAN CROSSING SIGN,UNABLE TO DETERMINE,DISREGARDING TRAFFIC SIGNALS,0,0,0,0,15,3,8,1708,79TH ST,41.777258,-87.77073,08/27/2019 04:01:00 PM,2019
CR00008175,09/02/2018 07:52:00 AM,15,CLEAR,DUSK,REAR END,NOT DIVIDED,NO CONTROLS,DISREGARDING TRAFFIC SIGNALS,UNABLE TO DETERMINE,0,0,0,0,7,1,9,1241,FULLERTON AVE,41.719537,-87.769801,09/02/2018 08:24:00 AM,2018
CR00008176,02/25/2016 02:07:00 PM,45,CLOUDY/OVERCAST,DAYLIGHT,PARKED MOTOR VEHICLE,FOUR WAY,NO CONTROLS,DISREGARDING TRAFFIC SIGNALS,NOT APPLICABLE,0,0,0,0,14,5,2,1618,KEDZIE AVE,41.755765,-87.779021,02/25/2016 03:31:00 PM,2016
CR00008177,02/19/2019 07:35:00 PM,25,CLEAR,DAYLIGHT,TURNING,DIVIDED - W/MEDIAN (NOT RAISED),STOP SIGN/FLASHER,FOLLOWING TOO CLOSELY,UNABLE TO DETERMINE,0,0,0,0,19,3,2,330,CALIFORNIA AVE,41.983596,-87.564805,02/19/2019 09:14:00 PM,2019
CR00008178,01/01/2019 07:33:00 AM,35,FREEZING RAIN/DRIZZLE,DAWN,REAR END,DIVIDED - W/MEDIAN (NOT RAISED),NO CONTROLS,UNABLE TO DETERMINE,IMPROPER OVERTAKING/PASSING,0,0,0,0,7,3,1,453,63RD ST,41.920205,-87.55969,01/01/2019 08:56:00 AM,2019
CR00008179,06/20/2017 07:55:00 AM,40,CLEAR,DARKNESS - LIGHTED ROAD,TURNING,NOT DIVIDED,STOP SIGN/FLASHER,UNABLE TO DETERMINE,FAILING TO YIELD RIGHT-OF-WAY,0,0,0,0,7,3,6,925,HALSTED ST,41.758284,-87.598887,06/20/2017 08:50:00 AM,2017
CR00008180,03/19/2020 06:23:00 AM,30,CLEAR,DAYLIGHT,REAR TO FRONT,NOT DIVIDED,NO CONTROLS,FAILING TO YIELD RIGHT-OF-WAY,UNABLE TO DETERMINE,0,0,0,0,6,5,3,333,OGDEN AVE,41.886322,-87.560007,03/19/2020 07:16:00 AM,2020
CR00008181,06/17/2023 06:53:00 PM,15,CLEAR,DARKNESS - LIGHTED ROAD,SIDESWIPE SAME DIRECTION,NOT DIVIDED,STOP SIGN/FLASHER,FOLLOWING TOO CLOSELY,FOLLOWING TOO CLOSELY,0,1,1,2,18,7,6,179,FULLERTON AVE,41.81128,-87.735793,06/17/2023 07:11:00 PM,2023
CR00008182,12/12/2019 09:52:00 AM,40,CLEAR,DUSK,PARKED MOTOR VEHICLE,NOT DIVIDED,NO CONTROLS,IMPROPER OVERTAKING/PASSING,UNABLE TO DETERMINE,0,0,0,0,9,5,12,852,CICERO AVE,41.791082,-87.688918,12/12/2019 11:39:00 AM,2019
CR00008183,04/01/2015 02:06:00 PM,40,CLEAR,DUSK,REAR END,ONE-WAY,TRAFFIC SIGNAL,DISTRACTION - FROM INSIDE VEHICLE,UNABLE TO DETERMINE,0,0,0,0,14,4,4,1176,HALSTED ST,41.886398,-87.58296,04/01/2015 03:42:00 PM,2015
CR00008184,08/20/2022 03:57:00 AM,35,FREEZING RAIN/DRIZZLE,DAWN,PARKED MOTOR VEHICLE,DIVIDED - W/MEDIAN (NOT RAISED),YIELD,FOLLOWING TOO CLOSELY,IMPROPER OVERTAKING/PASSING,0,0,0,0,3,7,8,1063,DIVISION ST,41.916149,-87.831343,08/20/2022 04:00:00 AM,2022
CR00008185,06/08/2018 03:24:00 AM,40,CLEAR,DARKNESS - LIGHTED ROAD,ANGLE,T-INTERSECTION,TRAFFIC SIGNAL,FOLLOWING TOO CLOSELY,UNABLE TO DETERMINE,0,0,0,0,3,6,6,522,MILWAUKEE AVE,41.790306,-87.51984,06/08/2018 05:12:00 AM,2018
CR00008186,04/14/2020 02:42:00 PM,20,CLEAR,DAYLIGHT,PARKED MOTOR VEHICLE,NOT DIVIDED,NO CONTROLS,FAILING TO YIELD RIGHT-OF-WAY,NOT APPLICABLE,0,0,0,0,14,3,4,1737,DIVISION ST,41.760885,-87.724412,04/14/2020 03:00:00 PM,2020
CR00008187,08/30/2021 10:30:00 AM,35,CLEAR,DARKNESS - LIGHTED ROAD,ANGLE,DIVIDED - W/MEDIAN (NOT RAISED),TRAFFIC SIGNAL,UNABLE TO DETERMINE,UNABLE TO DETERMINE,0,0,0,0,10,2,8,1586,FULLERTON AVE,41.773278,-87.584451,08/30/2021 12:28:00 PM,2021
CR00008188,05/05/2019 08:09:00 PM,20,CLEAR,DARKNESS,ANGLE,NOT DIVIDED,TRAFFIC SIGNAL,DISREGARDING TRAFFIC SIGNALS,UNABLE TO DETERMINE,0,0,1,1,20,1,5,1090,HALSTED ST,41.963641,-87.681191,05/05/2019 09:11:00 PM,2019
CR00008189,09/10/2023 11:19:00 PM,40,CLEAR,DARKNESS - LIGHTED ROAD,REAR END,NOT DIVIDED,TRAFFIC SIGNAL,UNABLE TO DETERMINE,FAILING TO YIELD RIGHT-OF-WAY,0,0,0,0,23,1,9,247,ASHLAND AVE,41.845346,-87.808106,09/11/2023 12:02:00 AM,2023
CR00008190,11/09/2018 11:23:00 AM,30,CLEAR,DAYLIGHT,PARKED MOTOR VEHICLE,FOUR WAY,NO CONTROLS,FOLLOWING TOO CLOSELY,DRIVING SKILLS/KNOWLEDGE/EXPERIENCE,0,0,1,1,11,6,11,1644,63RD ST,41.979679,-87.582781,11/09/2018 12:29:00 PM,2018
CR00008191,09/24/2024 10:59:00 AM,30,CLEAR,DARKNESS,REAR END,DIVIDED - W/MEDIAN (NOT RAISED),NO CONTROLS,UNABLE TO DETERMINE,IMPROPER LANE USAGE,0,0,0,0,10,3,9,401,MILWAUKEE AVE,41.90029,-87.59629,09/24/2024 11:51:00 AM,2024
CR00008192,08/18/2023 04:28:00 PM,15,CLEAR,DARKNESS - LIGHTED ROAD,TURNING,ONE-WAY,TRAFFIC SIGNAL,UNABLE TO DETERMINE,FAILING TO YIELD RIGHT-OF-WAY,0,0,0,0,16,6,8,1130,ASHLAND AVE,41.754366,-87.516213,08/18/2023 06:10:00 PM,2023
CR00008193,09/27/2021 07:16:00 PM,25,CLEAR,DAYLIGHT,REAR TO FRONT,NOT DIVIDED,NO CONTROLS,FOLLOWING TOO CLOSELY,NOT APPLICABLE,0,0,0,0,19,2,9,2036,ASHLAND AVE,41.837999,-87.742567,09/27/2021 08:12:00 PM,2021
CR00008194,05/07/2018 12:38:00 PM,35,RAIN,DARKNESS - LIGHTED ROAD,SIDESWIPE SAME DIRECTION,ONE-WAY,NO CONTROLS,UNABLE TO DETERMINE,FAILING TO YIELD RIGHT-OF-WAY,0,0,0,0,12,2,5,1749,79TH ST,41.953407,-87.779823,05/07/2018 01:02:00 PM,2018
CR00008195,09/16/2015 07:49:00 AM,40,CLEAR,DAYLIGHT,FIXED OBJECT,NOT DIVIDED,STOP SIGN/FLASHER,IMPROPER OVERTAKING/PASSING,NOT APPLICABLE,0,0,3,3,7,4,9,1833,79TH ST,41.970256,-87.500247,09/16/2015 07:55:00 AM,2015
CR00008196,08/09/2019 06:17:00 PM,15,CLEAR,DAYLIGHT,TURNING,ONE-WAY,NO CONTROLS,FOLLOWING TOO CLOSELY,IMPROPER OVERTAKING/PASSING,0,0,3,3,18,6,8,1321,IRVING PARK RD,41.825207,-87.746872,08/09/2019 07:49:00 PM,2019
CR00008197,07/31/2017 05:25:00 PM,40,CLOUDY/OVERCAST,DAYLIGHT,PARKED MOTOR VEHICLE,NOT DIVIDED,TRAFFIC SIGNAL,FOLLOWING TOO CLOSELY,FAILING TO REDUCE SPEED,0,0,0,0,17,2,7,743,DAMEN AVE,41.91588,-87.810887,07/31/2017 05:43:00 PM,2017
CR00008198,10/03/2023 05:09:00 PM,45,CLEAR,DAYLIGHT,REAR END,ONE-WAY,TRAFFIC SIGNAL,UNABLE TO DETERMINE,FAILING TO YIELD RIGHT-OF-WAY,0,0,0,0,17,3,10,1874,47TH ST,41.967498,-87.745646,10/03/2023 05:14:00 PM,2023
CR00008199,03/01/2017 07:00:00 AM,30,CLEAR,DARKNESS - LIGHTED ROAD,TURNING,ONE-WAY,TRAFFIC SIGNAL,FAILING TO YIELD RIGHT-OF-WAY,IMPROPER LANE USAGE,0,0,0,0,7,4,3,726,DIVISION ST,41.705248,-87.64724,03/01/2017 08:17:00 AM,2017
CR00008200,11/21/2023 01:25:00 PM,35,CLEAR,DARKNESS - LIGHTED ROAD,TURNING,DIVIDED - W/MEDIAN (NOT RAISED),TRAFFIC SIGNAL,FOLLOWING TOO CLOSELY,FOLLOWING TOO CLOSELY,0,0,0,0,13,3,11,2084,CLARK ST,41.781055,-87.587918,11/21/2023 03:00:00 PM,2023
CR00008201,10/18/2023 04:16:00 PM,35,RAIN,DARKNESS,PEDESTRIAN,DIVIDED - W/MEDIAN (NOT RAISED),NO CONTROLS,FAILING TO YIELD RIGHT-OF-WAY,DISTRACTION - FROM INSIDE VEHICLE,0,1,1,2,16,4,10,1701,MICHIGAN AVE,41.702875,-87.680984,10/18/2023 04:27:00 PM,2023
CR00008202,11/08/2024 08:00:00 AM,25,FREEZING RAIN/DRIZZLE,DUSK,TURNING,T-INTERSECTION,YIELD,FAILING TO YIELD RIGHT-OF-WAY,NOT APPLICABLE,0,0,0,0,8,6,11,242,CICERO AVE,41.912058,-87.624256,11/08/2024 08:02:00 AM,2024
CR00008203,02/21/2021 02:39:00 AM,30,RAIN,DARKNESS,TURNING,NOT DIVIDED,STOP SIGN/FLASHER,FAILING TO YIELD RIGHT-OF-WAY,NOT APPLICABLE,0,1,3,4,2,1,2,1546,KEDZIE AVE,41.903569,-87.640009,02/21/2021 04:36:00 AM,2021
CR00008204,11/23/2020 02:40:00 PM,15,CLEAR,DAWN,PEDESTRIAN,ONE-WAY,NO CONTROLS,DRIVING SKILLS/KNOWLEDGE/EXPERIENCE,NOT APPLICABLE,0,0,0,0,14,2,11,1772,KEDZIE AVE,41.785443,-87.692461,11/23/2020 04:40:00 PM,2020
CR00008205,07/16/2021 12:01:00 AM,35,CLEAR,DAYLIGHT,SIDESWIPE SAME DIRECTION,DIVIDED - W/MEDIAN (NOT RAISED),TRAFFIC SIGNAL,UNABLE TO DETERMINE,UNABLE TO DETERMINE,0,0,0,0,0,6,7,666,HALSTED ST,41.761399,-87.56246,07/16/2021 01:43:00 AM,2021
CR00008206,06/24/2020 11:41:00 PM,30,CLEAR,DAYLIGHT,ANGLE,ONE-WAY,NO CONTROLS,UNABLE TO DETERMINE,NOT APPLICABLE,0,0,0,0,23,4,6,1057,STATE ST,41.839178,-87.554945,06/25/2020 01:20:00 AM,2020
CR00008207,01/17/2019 07:30:00 PM,30,FREEZING RAIN/DRIZZLE,DAYLIGHT,REAR END,ONE-WAY,PEDESTRIAN CROSSING SIGN,UNABLE TO DETERMINE,UNABLE TO DETERMINE,0,0,0,0,19,5,1,1524,DAMEN AVE,41.946864,-87.738774,01/17/2019 09:02:00 PM,2019
CR00008208,05/04/2016 08:14:00 AM,35,CLEAR,DAYLIGHT,SIDESWIPE SAME DIRECTION,NOT DIVIDED,STOP SIGN/FLASHER,DISREGARDING TRAFFIC SIGNALS,FOLLOWING TOO CLOSELY,0,0,0,0,8,4,5,2309,LAKE SHORE DR,41.924056,-87.72052,05/04/2016 09:16:00 AM,2016
CR00008209,02/29/2016 09:21:00 PM,30,CLEAR,DAYLIGHT,ANGLE,DIVIDED - W/MEDIAN (NOT RAISED),TRAFFIC SIGNAL,FAILING TO YIELD RIGHT-OF-WAY,DISREGARDING TRAFFIC SIGNALS,0,0,0,0,21,2,2,1927,STATE ST,41.926118,-87.649825,02/29/2016 09:39:00 PM,2016
CR00008210,07/06/2024 08:16:00 AM,30,CLEAR,DAYLIGHT,REAR TO FRONT,FOUR WAY,TRAFFIC SIGNAL,UNABLE TO DETERMINE,FAILING TO YIELD RIGHT-OF-WAY,0,0,0,0,8,7,7,1897,CICERO AVE,41.942271,-87.739851,07/06/2024 09:58:00 AM,2024
CR00008211,04/10/2022 10:14:00 AM,30,CLEAR,DARKNESS - LIGHTED ROAD,PARKED MOTOR VEHICLE,NOT DIVIDED,NO CONTROLS,FAILING TO YIELD RIGHT-OF-WAY,DISTRACTION - FROM INSIDE VEHICLE,0,0,1,1,10,1,4,1342,DAMEN AVE,41.746663,-87.552895,04/10/2022 10:50:00 AM,2022
CR00008212,04/05/2019 01:31:00 PM,35,CLEAR,DUSK,ANGLE,ONE-WAY,TRAFFIC SIGNAL,FAILING TO YIELD RIGHT-OF-WAY,DRIVING SKILLS/KNOWLEDGE/EXPERIENCE,0,0,0,0,13,6,4,716,79TH ST,41.790207,-87.500135,04/05/2019 03:13:00 PM,2019
CR00008213,10/23/2019 11:59:00 AM,25,FOG/SMOKE/HAZE,DAYLIGHT,REAR END,DIVIDED - W/MEDIAN BARRIER,NO CONTROLS,UNABLE TO DETERMINE,UNABLE TO DETERMINE,0,0,0,0,11,4,10,1678,DAMEN AVE,41.969516,-87.818196,10/23/2019 01:34:00 PM,2019
CR00008214,02/22/2016 04:06:00 PM,35,CLEAR,DARKNESS - LIGHTED ROAD,ANGLE,ONE-WAY,NO CONTROLS,FAILING TO YIELD RIGHT-OF-WAY,FOLLOWING TOO CLOSELY,0,0,0,0,16,2,2,893,ROOSEVELT RD,41.743301,-87.673449,02/22/2016 05:29:00 PM,2016
CR00008215,06/15/2024 06:03:00 PM,20,CLEAR,DARKNESS,PEDESTRIAN,T-INTERSECTION,NO CONTROLS,UNABLE TO DETERMINE,IMPROPER OVERTAKING/PASSING,0,0,0,0,18,7,6,1082,KEDZIE AVE,41.964632,-87.680185,06/15/2024 06:20:00 PM,2024
CR00008216,05/13/2019 09:29:00 AM,25,CLEAR,DARKNESS - LIGHTED ROAD,ANGLE,NOT DIVIDED,NO CONTROLS,IMPROPER LANE USAGE,FOLLOWING TOO CLOSELY,0,0,3,3,9,2,5,881,ELSTON AVE,41.747675,-87.612211,05/13/2019 11:13:00 AM,2019
CR00008217,04/28/2020 01:03:00 PM,15,CLEAR,DAWN,FIXED OBJECT,NOT DIVIDED,NO CONTROLS,DISREGARDING TRAFFIC SIGNALS,FAILING TO REDUCE SPEED,0,0,3,3,13,3,4,938,ROOSEVELT RD,41.732352,-87.760432,04/28/2020 02:20:00 PM,2020
CR00008218,12/15/2021 11:20:00 PM,45,CLEAR,DUSK,TURNING,ONE-WAY,UNKNOWN,UNABLE TO DETERMINE,UNABLE TO DETERMINE,0,0,0,0,23,4,12,707,STATE ST,41.875381,-87.715007,12/16/2021 12:33:00 AM,2021
CR00008219,02/15/2024 08:14:00 AM,35,CLOUDY/OVERCAST,DARKNESS - LIGHTED ROAD,REAR END,NOT DIVIDED,STOP SIGN/FLASHER,FOLLOWING TOO CLOSELY,UNABLE TO DETERMINE,0,0,0,0,8,5,2,2090,MICHIGAN AVE,41.817125,-87.732092,02/15/2024 08:24:00 AM,2024
CR00008220,10/05/2017 05:29:00 AM,25,CLEAR,DAYLIGHT,SIDESWIPE SAME DIRECTION,FOUR WAY,TRAFFIC SIGNAL,FOLLOWING TOO CLOSELY,DISREGARDING TRAFFIC SIGNALS,0,0,1,1,5,5,10,2429,47TH ST,41.926218,-87.588003,10/05/2017 07:10:00 AM,2017
CR00008221,03/03/2016 06:51:00 PM,35,CLEAR,DAYLIGHT,PARKED MOTOR VEHICLE,FOUR WAY,TRAFFIC SIGNAL,FAILING TO YIELD RIGHT-OF-WAY,DISREGARDING TRAFFIC SIGNALS,0,2,3,5,18,5,3,1919,DIVISION ST,41.958351,-87.507606,03/03/2016 08:08:00 PM,2016
CR00008222,05/22/2016 02:24:00 AM,45,CLOUDY/OVERCAST,DARKNESS - LIGHTED ROAD,TURNING,ONE-WAY,TRAFFIC SIGNAL,FOLLOWING TOO CLOSELY,FAILING TO REDUCE SPEED,0,1,1,2,2,1,5,1561,DAMEN AVE,41.819855,-87.514875,05/22/2016 02:29:00 AM,2016
CR00008223,09/08/2023 09:16:00 AM,40,RAIN,DARKNESS - LIGHTED ROAD,PARKED MOTOR VEHICLE,DIVIDED - W/MEDIAN (NOT RAISED),TRAFFIC SIGNAL,DISTRACTION - FROM INSIDE VEHICLE,DRIVING SKILLS/KNOWLEDGE/EXPERIENCE,0,0,0,0,9,6,9,1807,PULASKI RD,41.892842,-87.69308,09/08/2023 10:37:00 AM,2023
CR00008224,08/21/2017 04:45:00 PM,30,SNOW,DUSK,SIDESWIPE SAME DIRECTION,DIVIDED - W/MEDIAN (NOT RAISED),TRAFFIC SIGNAL,UNABLE TO DETERMINE,NOT APPLICABLE,0,0,2,2,16,2,8,2463,DAMEN AVE,41.91486,-87.755909,08/21/2017 06:40:00 PM,2017
CR00008225,11/08/2017 03:55:00 PM,20,CLEAR,DAYLIGHT,TURNING,DIVIDED - W/MEDIAN BARRIER,PEDESTRIAN CROSSING SIGN,UNABLE TO DETERMINE,FAILING TO REDUCE SPEED,0,0,0,0,15,4,11,339,FULLERTON AVE,41.843364,-87.752327,11/08/2017 04:36:00 PM,2017
CR00008226,07/13/2020 06:52:00 PM,35,SNOW,DAYLIGHT,ANGLE,ONE-WAY,NO CONTROLS,FAILING TO YIELD RIGHT-OF-WAY,FAILING TO REDUCE SPEED,0,0,0,0,18,2,7,338,47TH ST,41.849855,-87.629294,07/13/2020 07:17:00 PM,2020
CR00008227,10/09/2022 11:50:00 AM,15,CLEAR,DAYLIGHT,REAR TO FRONT,ONE-WAY,STOP SIGN/FLASHER,DRIVING SKILLS/KNOWLEDGE/EXPERIENCE,FAILING TO YIELD RIGHT-OF-WAY,0,0,0,0,11,1,10,1052,ROOSEVELT RD,41.812726,-87.757863,10/09/2022 12:06:00 PM,2022
CR00008228,03/10/2021 12:56:00 PM,45,CLEAR,DAYLIGHT,ANGLE,NOT DIVIDED,NO CONTROLS,DISREGARDING TRAFFIC SIGNALS,FOLLOWING TOO CLOSELY,0,0,0,0,12,4,3,391,ASHLAND AVE,41.705618,-87.730187,03/10/2021 01:55:00 PM,2021
CR00008229,05/31/2023 10:56:00 AM,35,FREEZING RAIN/DRIZZLE,DARKNESS - LIGHTED ROAD,PEDESTRIAN,DIVIDED - W/MEDIAN BARRIER,STOP SIGN/FLASHER,UNABLE TO DETERMINE,FAILING TO YIELD RIGHT-OF-WAY,0,0,0,0,10,4,5,1924,HALSTED ST,41.76806,-87.68459,05/31/2023 11:50:00 AM,2023
CR00008230,08/20/2024 07:17:00 AM,30,RAIN,DARKNESS - LIGHTED ROAD,ANGLE,NOT DIVIDED,NO CONTROLS,DISTRACTION - FROM INSIDE VEHICLE,UNABLE TO DETERMINE,0,0,0,0,7,3,8,571,MILWAUKEE AVE,41.844616,-87.793314,08/20/2024 08:45:00 AM,2024
CR00008231,03/16/2015 07:15:00 AM,35,CLEAR,DAYLIGHT,SIDESWIPE SAME DIRECTION,NOT DIVIDED,NO CONTROLS,UNABLE TO DETERMINE,FOLLOWING TOO CLOSELY,0,0,0,0,7,2,3,1235,PULASKI RD,41.724096,-87.741527,03/16/2015 08:45:00 AM,2015
CR00008232,10/07/2023 06:54:00 AM,45,RAIN,DAYLIGHT,PARKED MOTOR VEHICLE,NOT DIVIDED,NO CONTROLS,IMPROPER OVERTAKING/PASSING,FAILING TO YIELD RIGHT-OF-WAY,0,0,0,0,6,7,10,196,79TH ST,41.901745,-87.735751,10/07/2023 07:57:00 AM,2023
CR00008233,03/19/2018 09:58:00 PM,35,CLEAR,DARKNESS - LIGHTED ROAD,ANGLE,DIVIDED - W/MEDIAN BARRIER,STOP SIGN/FLASHER,WEATHER,UNABLE TO DETERMINE,0,0,0,0,21,2,3,1378,ASHLAND AVE,41.754727,-87.659837,03/19/2018 10:36:00 PM,2018
CR00008234,08/31/2017 09:13:00 PM,40,CLEAR,DAYLIGHT,SIDESWIPE SAME DIRECTION,NOT DIVIDED,UNKNOWN,FAILING TO YIELD RIGHT-OF-WAY,FOLLOWING TOO CLOSELY,0,0,0,0,21,5,8,1468,PULASKI RD,41.956225,-87.501021,08/31/2017 11:10:00 PM,2017
CR00008235,08/05/2021 06:21:00 PM,25,SNOW,DAYLIGHT,PARKED MOTOR VEHICLE,ONE-WAY,TRAFFIC SIGNAL,FOLLOWING TOO CLOSELY,DISREGARDING TRAFFIC SIGNALS,0,0,0,0,18,5,8,2496,47TH ST,41.801649,-87.650582,08/05/2021 07:04:00 PM,2021