CRASH_RECORD_ID,CRASH_DATE,POSTED_SPEED_LIMIT,WEATHER_CONDITION,LIGHTING_CONDITION,FIRST_CRASH_TYPE,TRAFFICWAY_TYPE,TRAFFIC_CONTROL_DEVICE,PRIM_CONTRIBUTORY_CAUSE,SEC_CONTRIBUTORY_CAUSE,INJURIES_FATAL,INJURIES_INCAPACITATING,INJURIES_NON_INCAPACITATING,INJURIES_TOTAL,CRASH_HOUR,CRASH_DAY_OF_WEEK,CRASH_MONTH,BEAT_OF_OCCURRENCE,STREET_NAME,LATITUDE,LONGITUDE,DATE_POLICE_NOTIFIED,year
CR00008236,08/16/2022 07:17:00 AM,25,FREEZING RAIN/DRIZZLE,DARKNESS - LIGHTED ROAD,REAR END,ONE-WAY,NO CONTROLS,FAILING TO YIELD RIGHT-OF-WAY,NOT APPLICABLE,0,0,0,0,7,3,8,1780,STATE ST,41.866613,-87.610519,08/16/2022 07:34:00 AM,2022
CR00008237,03/03/2021 07:44:00 PM,25,CLEAR,DARKNESS - LIGHTED ROAD,SIDESWIPE SAME DIRECTION,NOT DIVIDED,NO CONTROLS,UNABLE TO DETERMINE,NOT APPLICABLE,0,0,0,0,19,4,3,1522,LAKE SHORE DR,41.943159,-87.585324,03/03/2021 08:10:00 PM,2021
CR00008238,11/30/2018 05:49:00 PM,20,CLEAR,DARKNESS - LIGHTED ROAD,REAR END,NOT DIVIDED,UNKNOWN,FAILING TO YIELD RIGHT-OF-WAY,DISREGARDING TRAFFIC SIGNALS,0,0,3,3,17,6,11,557,ASHLAND AVE,41.817221,-87.728377,11/30/2018 06:14:00 PM,2018
CR00008239,07/16/2018 08:33:00 AM,30,CLEAR,DARKNESS - LIGHTED ROAD,TURNING,FOUR WAY,TRAFFIC SIGNAL,FOLLOWING TOO CLOSELY,NOT APPLICABLE,0,0,0,0,8,2,7,598,FULLERTON AVE,41.756473,-87.835636,07/16/2018 09:43:00 AM,2018
CR00008240,02/25/2024 08:16:00 AM,20,CLEAR,DAYLIGHT,REAR END,NOT DIVIDED,UNKNOWN,DISREGARDING TRAFFIC SIGNALS,UNABLE TO DETERMINE,0,0,0,0,8,1,2,672,47TH ST,41.806162,-87.758373,02/25/2024 08:58:00 AM,2024
CR00008241,05/30/2021 03:38:00 AM,20,RAIN,DAWN,ANGLE,T-INTERSECTION,TRAFFIC SIGNAL,FAILING TO YIELD RIGHT-OF-WAY,DISTRACTION - FROM INSIDE VEHICLE,0,0,0,0,3,1,5,153,DIVISION ST,41.811314,-87.791019,05/30/2021 04:36:00 AM,2021
CR00008242,05/13/2017 08:28:00 AM,35,CLEAR,DARKNESS - LIGHTED ROAD,TURNING,NOT DIVIDED,PEDESTRIAN CROSSING SIGN,IMPROPER LANE USAGE,DISREGARDING TRAFFIC SIGNALS,0,0,0,0,8,7,5,1916,IRVING PARK RD,41.981155,-87.674015,05/13/2017 09:08:00 AM,2017
CR00008243,10/23/2015 08:32:00 AM,25,CLEAR,DAYLIGHT,PEDESTRIAN,DIVIDED - W/MEDIAN BARRIER,TRAFFIC SIGNAL,UNABLE TO DETERMINE,NOT APPLICABLE,0,0,0,0,8,6,10,2029,WESTERN AVE,41.798376,-87.719372,10/23/2015 09:06:00 AM,2015
CR00008244,01/22/2017 03:34:00 PM,30,CLEAR,DAYLIGHT,PEDESTRIAN,DIVIDED - W/MEDIAN BARRIER,TRAFFIC SIGNAL,DISTRACTION - FROM INSIDE VEHICLE,IMPROPER OVERTAKING/PASSING,0,0,1,1,15,1,1,1169,LAKE SHORE DR,41.932774,-87.711512,01/22/2017 03:44:00 PM,2017
CR00008245,03/27/2016 11:21:00 AM,30,CLEAR,DAYLIGHT,REAR END,DIVIDED - W/MEDIAN (NOT RAISED),NO CONTROLS,DISREGARDING TRAFFIC SIGNALS,UNABLE TO DETERMINE,0,0,0,0,11,1,3,1983,63RD ST,41.966926,-87.587052,03/27/2016 01:09:00 PM,2016
CR00008246,01/07/2016 11:32:00 PM,30,FOG/SMOKE/HAZE,DARKNESS - LIGHTED ROAD,REAR END,NOT DIVIDED,TRAFFIC SIGNAL,DRIVING SKILLS/KNOWLEDGE/EXPERIENCE,FAILING TO YIELD RIGHT-OF-WAY,0,0,0,0,23,5,1,300,STONY ISLAND AVE,41.966972,-87.750894,01/08/2016 12:19:00 AM,2016
CR00008247,05/22/2015 06:16:00 PM,30,CLEAR,DAYLIGHT,FIXED OBJECT,ONE-WAY,TRAFFIC SIGNAL,FOLLOWING TOO CLOSELY,DRIVING SKILLS/KNOWLEDGE/EXPERIENCE,0,0,0,0,18,6,5,2202,OGDEN AVE,41.942701,-87.727246,05/22/2015 06:47:00 PM,2015
CR00008248,03/27/2020 06:39:00 AM,15,CLOUDY/OVERCAST,DAYLIGHT,REAR TO FRONT,NOT DIVIDED,TRAFFIC SIGNAL,UNABLE TO DETERMINE,FAILING TO YIELD RIGHT-OF-WAY,0,0,0,0,6,6,3,439,BROADWAY,41.884679,-87.758989,03/27/2020 06:52:00 AM,2020
CR00008249,01/27/2024 09:57:00 PM,45,CLEAR,DARKNESS - LIGHTED ROAD,TURNING,NOT DIVIDED,STOP SIGN/FLASHER,FAILING TO YIELD RIGHT-OF-WAY,NOT APPLICABLE,0,0,0,0,21,7,1,547,STATE ST,41.722621,-87.834831,01/27/2024 10:21:00 PM,2024
CR00008250,04/08/2018 05:18:00 PM,35,CLEAR,DAYLIGHT,SIDESWIPE SAME DIRECTION,DIVIDED - W/MEDIAN BARRIER,NO CONTROLS,UNABLE TO DETERMINE,IMPROPER LANE USAGE,0,0,0,0,17,1,4,2464,MICHIGAN AVE,41.740708,-87.845503,04/08/2018 06:19:00 PM,2018
CR00008251,10/28/2018 03:23:00 PM,35,CLEAR,DARKNESS - LIGHTED ROAD,REAR END,ONE-WAY,UNKNOWN,IMPROPER LANE USAGE,UNABLE TO DETERMINE,0,0,0,0,15,1,10,430,HALSTED ST,41.835263,-87.54514,10/28/2018 03:39:00 PM,2018
CR00008252,01/05/2023 03:04:00 PM,35,CLEAR,DAYLIGHT,SIDESWIPE SAME DIRECTION,NOT DIVIDED,NO CONTROLS,UNABLE TO DETERMINE,UNABLE TO DETERMINE,0,0,0,0,15,5,1,486,PULASKI RD,41.858823,-87.515076,01/05/2023 03:47:00 PM,2023
CR00008253,02/15/2024 07:13:00 PM,45,CLEAR,DAYLIGHT,SIDESWIPE SAME DIRECTION,DIVIDED - W/MEDIAN (NOT RAISED),YIELD,UNABLE TO DETERMINE,NOT APPLICABLE,0,0,0,0,19,5,2,1628,ARCHER AVE,41.868955,-87.552941,02/15/2024 08:52:00 PM,2024
CR00008254,06/09/2020 05:50:00 PM,25,CLEAR,DUSK,REAR END,DIVIDED - W/MEDIAN BARRIER,TRAFFIC SIGNAL,IMPROPER LANE USAGE,UNABLE TO DETERMINE,0,0,0,0,17,3,6,550,ROOSEVELT RD,41.906868,-87.708802,06/09/2020 07:25:00 PM,2020
CR00008255,01/10/2024 11:24:00 AM,15,RAIN,DAWN,SIDESWIPE SAME DIRECTION,NOT DIVIDED,TRAFFIC SIGNAL,FAILING TO YIELD RIGHT-OF-WAY,FAILING TO YIELD RIGHT-OF-WAY,0,0,2,2,11,4,1,2011,DIVISION ST,41.978007,-87.506484,01/10/2024 01:24:00 PM,2024
CR00008256,01/04/2023 09:06:00 PM,30,CLEAR,DARKNESS - LIGHTED ROAD,PEDESTRIAN,T-INTERSECTION,STOP SIGN/FLASHER,UNABLE TO DETERMINE,UNABLE TO DETERMINE,0,0,1,1,21,4,1,1816,79TH ST,41.831394,-87.711564,01/04/2023 10:48:00 PM,2023
CR00008257,03/18/2020 05:09:00 PM,30,CLEAR,DAYLIGHT,FIXED OBJECT,NOT DIVIDED,TRAFFIC SIGNAL,DISTRACTION - FROM INSIDE VEHICLE,UNABLE TO DETERMINE,0,0,0,0,17,4,3,493,MILWAUKEE AVE,41.71196,-87.686289,03/18/2020 05:23:00 PM,2020
CR00008258,03/16/2018 06:32:00 PM,35,CLOUDY/OVERCAST,DARKNESS - LIGHTED ROAD,REAR TO FRONT,ONE-WAY,TRAFFIC SIGNAL,FOLLOWING TOO CLOSELY,DRIVING SKILLS/KNOWLEDGE/EXPERIENCE,0,0,1,1,18,6,3,2412,79TH ST,41.702859,-87.699526,03/16/2018 07:52:00 PM,2018
CR00008259,04/04/2024 06:38:00 PM,35,CLEAR,DAYLIGHT,ANGLE,DIVIDED - W/MEDIAN (NOT RAISED),NO CONTROLS,DRIVING SKILLS/KNOWLEDGE/EXPERIENCE,UNABLE TO DETERMINE,0,0,0,0,18,5,4,1978,MILWAUKEE AVE,41.717285,-87.616529,04/04/2024 08:30:00 PM,2024
CR00008260,03/08/2018 08:55:00 AM,45,FREEZING RAIN/DRIZZLE,DAYLIGHT,ANGLE,ONE-WAY,TRAFFIC SIGNAL,DRIVING SKILLS/KNOWLEDGE/EXPERIENCE,FOLLOWING TOO CLOSELY,0,0,0,0,8,5,3,1991,79TH ST,41.941115,-87.603795,03/08/2018 09:18:00 AM,2018
CR00008261,07/28/2021 06:55:00 PM,30,RAIN,DAYLIGHT,SIDESWIPE SAME DIRECTION,NOT DIVIDED,TRAFFIC SIGNAL,FOLLOWING TOO CLOSELY,FAILING TO YIELD RIGHT-OF-WAY,0,0,1,1,18,4,7,1867,ELSTON AVE,41.737317,-87.654595,07/28/2021 08:47:00 PM,2021
CR00008262,01/20/2016 07:46:00 AM,40,CLEAR,DAYLIGHT,REAR END,ONE-WAY,STOP SIGN/FLASHER,DISREGARDING TRAFFIC SIGNALS,DRIVING SKILLS/KNOWLEDGE/EXPERIENCE,0,0,3,3,7,4,1,686,FULLERTON AVE,41.882332,-87.613105,01/20/2016 09:31:00 AM,2016
CR00008263,06/07/2020 07:13:00 AM,35,SNOW,DARKNESS - LIGHTED ROAD,ANGLE,FOUR WAY,TRAFFIC SIGNAL,UNABLE TO DETERMINE,UNABLE TO DETERMINE,0,0,0,0,7,1,6,1309,CICERO AVE,41.736077,-87.657979,06/07/2020 07:56:00 AM,2020
CR00008264,06/03/2020 06:39:00 PM,45,RAIN,DAYLIGHT,REAR END,FOUR WAY,PEDESTRIAN CROSSING SIGN,UNABLE TO DETERMINE,FOLLOWING TOO CLOSELY,0,0,0,0,18,4,6,558,FULLERTON AVE,41.865335,-87.757485,06/03/2020 07:07:00 PM,2020
CR00008265,11/13/2016 10:52:00 PM,35,CLEAR,DAYLIGHT,REAR END,NOT DIVIDED,STOP SIGN/FLASHER,FOLLOWING TOO CLOSELY,UNABLE TO DETERMINE,0,0,0,0,22,1,11,1813,ELSTON AVE,41.917479,-87.845712,11/14/2016 12:20:00 AM,2016
CR00008266,01/29/2020 02:10:00 AM,15,CLEAR,DAYLIGHT,REAR END,T-INTERSECTION,STOP SIGN/FLASHER,FAILING TO REDUCE SPEED,DISREGARDING TRAFFIC SIGNALS,0,0,0,0,2,4,1,827,STATE ST,41.722033,-87.564754,01/29/2020 02:53:00 AM,2020
CR00008267,05/29/2019 03:29:00 AM,30,CLEAR,DAYLIGHT,REAR END,ONE-WAY,TRAFFIC SIGNAL,FOLLOWING TOO CLOSELY,IMPROPER LANE USAGE,0,0,1,1,3,4,5,1103,KEDZIE AVE,41.834778,-87.651503,05/29/2019 03:47:00 AM,2019
CR00008268,04/24/2016 06:15:00 AM,30,RAIN,DAYLIGHT,REAR END,DIVIDED - W/MEDIAN BARRIER,STOP SIGN/FLASHER,IMPROPER OVERTAKING/PASSING,FAILING TO YIELD RIGHT-OF-WAY,0,0,0,0,6,1,4,1059,ELSTON AVE,41.712123,-87.80429,04/24/2016 08:10:00 AM,2016
CR00008269,12/22/2015 06:15:00 PM,45,CLEAR,DAYLIGHT,TURNING,NOT DIVIDED,TRAFFIC SIGNAL,FOLLOWING TOO CLOSELY,IMPROPER OVERTAKING/PASSING,0,0,0,0,18,3,12,1684,HALSTED ST,41.893574,-87.639121,12/22/2015 07:56:00 PM,2015
CR00008270,05/26/2018 03:50:00 PM,40,CLOUDY/OVERCAST,DAYLIGHT,PARKED MOTOR VEHICLE,NOT DIVIDED,TRAFFIC SIGNAL,FAILING TO REDUCE SPEED,UNABLE TO DETERMINE,0,0,0,0,15,7,5,1446,IRVING PARK RD,41.909621,-87.607171,05/26/2018 05:16:00 PM,2018
CR00008271,04/15/2018 03:21:00 PM,35,CLEAR,DAYLIGHT,TURNING,NOT DIVIDED,NO CONTROLS,IMPROPER LANE USAGE,NOT APPLICABLE,0,0,1,1,15,1,4,2135,MILWAUKEE AVE,41.722299,-87.655601,04/15/2018 04:18:00 PM,2018
CR00008272,02/14/2019 10:24:00 PM,15,CLEAR,DAYLIGHT,REAR END,FOUR WAY,NO CONTROLS,DRIVING SKILLS/KNOWLEDGE/EXPERIENCE,DRIVING SKILLS/KNOWLEDGE/EXPERIENCE,0,0,0,0,22,5,2,1333,CLARK ST,41.964294,-87.84408,02/15/2019 12:23:00 AM,2019
CR00008273,03/16/2023 04:37:00 PM,45,CLEAR,DARKNESS - LIGHTED ROAD,ANGLE,DIVIDED - W/MEDIAN (NOT RAISED),STOP SIGN/FLASHER,FOLLOWING TOO CLOSELY,UNABLE TO DETERMINE,0,0,0,0,16,5,3,914,FULLERTON AVE,41.778565,-87.696089,03/16/2023 04:48:00 PM,2023
CR00008274,11/11/2018 02:51:00 PM,35,CLEAR,DARKNESS,ANGLE,DIVIDED - W/MEDIAN (NOT RAISED),NO CONTROLS,DISTRACTION - FROM INSIDE VEHICLE,IMPROPER LANE USAGE,0,0,0,0,14,1,11,1582,KEDZIE AVE,41.768769,-87.823729,11/11/2018 04:17:00 PM,2018
CR00008275,06/19/2022 07:46:00 AM,30,CLEAR,DUSK,REAR END,ONE-WAY,NO CONTROLS,DISREGARDING TRAFFIC SIGNALS,FAILING TO YIELD RIGHT-OF-WAY,0,0,0,0,7,1,6,1701,CLARK ST,41.794161,-87.626185,06/19/2022 07:58:00 AM,2022
CR00008276,10/13/2021 04:35:00 PM,40,CLEAR,DAYLIGHT,REAR END,NOT DIVIDED,NO CONTROLS,FOLLOWING TOO CLOSELY,UNABLE TO DETERMINE,0,0,0,0,16,4,10,2209,ROOSEVELT RD,41.884059,-87.738143,10/13/2021 04:55:00 PM,2021
CR00008277,11/07/2019 07:26:00 PM,45,FOG/SMOKE/HAZE,DAYLIGHT,ANGLE,NOT DIVIDED,NO CONTROLS,IMPROPER LANE USAGE,UNABLE TO DETERMINE,0,0,1,1,19,5,11,1437,MILWAUKEE AVE,41.703129,-87.788682,11/07/2019 08:46:00 PM,2019
CR00008278,04/08/2017 08:45:00 AM,35,RAIN,DARKNESS - LIGHTED ROAD,PEDESTRIAN,ONE-WAY,TRAFFIC SIGNAL,IMPROPER OVERTAKING/PASSING,NOT APPLICABLE,0,0,0,0,8,7,4,276,CLARK ST,41.704229,-87.620016,04/08/2017 09:14:00 AM,2017
CR00008279,09/25/2017 12:41:00 AM,30,CLEAR,DAYLIGHT,REAR END,NOT DIVIDED,TRAFFIC SIGNAL,UNABLE TO DETERMINE,DRIVING SKILLS/KNOWLEDGE/EXPERIENCE,0,0,0,0,0,2,9,547,CLARK ST,41.891721,-87.776628,09/25/2017 01:53:00 AM,2017
CR00008280,02/04/2020 07:36:00 PM,15,RAIN,DAWN,REAR END,ONE-WAY,NO CONTROLS,FAILING TO REDUCE SPEED,FAILING TO REDUCE SPEED,0,0,0,0,19,3,2,314,PULASKI RD,41.981849,-87.807804,02/04/2020 09:18:00 PM,2020
CR00008281,04/03/2023 08:29:00 AM,20,CLEAR,DAYLIGHT,REAR END,DIVIDED - W/MEDIAN (NOT RAISED),STOP SIGN/FLASHER,FOLLOWING TOO CLOSELY,NOT APPLICABLE,0,0,0,0,8,2,4,2297,KEDZIE AVE,41.911757,-87.657533,04/03/2023 08:38:00 AM,2023
CR00008282,07/08/2021 06:31:00 PM,25,CLEAR,DARKNESS - LIGHTED ROAD,SIDESWIPE SAME DIRECTION,DIVIDED - W/MEDIAN (NOT RAISED),TRAFFIC SIGNAL,UNABLE TO DETERMINE,UNABLE TO DETERMINE,0,0,0,0,18,5,7,257,STATE ST,41.918682,-87.722162,07/08/2021 07:27:00 PM,2021
CR00008283,02/12/2017 10:15:00 AM,30,CLEAR,DARKNESS - LIGHTED ROAD,REAR END,ONE-WAY,STOP SIGN/FLASHER,UNABLE TO DETERMINE,UNABLE TO DETERMINE,0,0,0,0,10,1,2,1610,IRVING PARK RD,41.865073,-87.843619,02/12/2017 10:35:00 AM,2017
CR00008284,04/08/2022 07:54:00 AM,20,CLEAR,DARKNESS - LIGHTED ROAD,REAR END,NOT DIVIDED,NO CONTROLS,FOLLOWING TOO CLOSELY,DISREGARDING TRAFFIC SIGNALS,0,0,0,0,7,6,4,2395,CLARK ST,41.97273,-87.757044,04/08/2022 09:13:00 AM,2022
CR00008285,06/15/2021 08:31:00 AM,15,CLEAR,DAYLIGHT,SIDESWIPE SAME DIRECTION,NOT DIVIDED,NO CONTROLS,UNABLE TO DETERMINE,DISTRACTION - FROM INSIDE VEHICLE,0,0,2,2,8,3,6,911,CALIFORNIA AVE,41.783186,-87.801716,06/15/2021 10:27:00 AM,2021
CR00008286,12/15/2015 03:54:00 AM,35,CLEAR,DARKNESS - LIGHTED ROAD,REAR TO FRONT,NOT DIVIDED,TRAFFIC SIGNAL,UNABLE TO DETERMINE,UNABLE TO DETERMINE,0,0,3,3,3,3,12,2029,KEDZIE AVE,41.973853,-87.731132,12/15/2015 05:51:00 AM,2015
CR00008287,07/07/2023 12:12:00 PM,35,FOG/SMOKE/HAZE,DAYLIGHT,TURNING,FOUR WAY,NO CONTROLS,IMPROPER OVERTAKING/PASSING,UNABLE TO DETERMINE,0,0,3,3,12,6,7,2277,ASHLAND AVE,41.954597,-87.826192,07/07/2023 01:02:00 PM,2023
CR00008288,05/07/2015 12:19:00 PM,35,CLOUDY/OVERCAST,DAYLIGHT,SIDESWIPE SAME DIRECTION,ONE-WAY,NO CONTROLS,UNABLE TO DETERMINE,FOLLOWING TOO CLOSELY,0,0,1,1,12,5,5,236,ROOSEVELT RD,41.731114,-87.599504,05/07/2015 01:12:00 PM,2015
CR00008289,07/04/2019 04:41:00 PM,30,SNOW,DARKNESS - LIGHTED ROAD,PARKED MOTOR VEHICLE,DIVIDED - W/MEDIAN (NOT RAISED),PEDESTRIAN CROSSING SIGN,IMPROPER OVERTAKING/PASSING,UNABLE TO DETERMINE,0,0,0,0,16,5,7,255,BROADWAY,41.842744,-87.627202,07/04/2019 04:51:00 PM,2019
CR00008290,07/18/2021 08:22:00 AM,40,CLEAR,DAYLIGHT,ANGLE,FOUR WAY,NO CONTROLS,UNABLE TO DETERMINE,FOLLOWING TOO CLOSELY,0,0,0,0,8,1,7,2405,MILWAUKEE AVE,41.777134,-87.815013,07/18/2021 09:14:00 AM,2021
CR00008291,05/15/2016 08:10:00 PM,30,CLEAR,DARKNESS - LIGHTED ROAD,SIDESWIPE SAME DIRECTION,DIVIDED - W/MEDIAN (NOT RAISED),TRAFFIC SIGNAL,IMPROPER OVERTAKING/PASSING,FAILING TO YIELD RIGHT-OF-WAY,0,0,0,0,20,1,5,395,IRVING PARK RD,41.907084,-87.579621,05/15/2016 09:49:00 PM,2016
CR00008292,04/01/2023 11:18:00 AM,30,FOG/SMOKE/HAZE,DARKNESS - LIGHTED ROAD,SIDESWIPE SAME DIRECTION,NOT DIVIDED,TRAFFIC SIGNAL,DRIVING SKILLS/KNOWLEDGE/EXPERIENCE,DISTRACTION - FROM INSIDE VEHICLE,0,0,0,0,11,7,4,241,LAKE SHORE DR,41.851057,-87.62089,04/01/2023 11:35:00 AM,2023
CR00008293,08/14/2016 08:49:00 AM,15,CLEAR,DAYLIGHT,FIXED OBJECT,NOT DIVIDED,STOP SIGN/FLASHER,DISTRACTION - FROM INSIDE VEHICLE,UNABLE TO DETERMINE,0,0,0,0,8,1,8,2220,PULASKI RD,41.92962,-87.622365,08/14/2016 09:34:00 AM,2016
CR00008294,12/05/2021 10:30:00 AM,30,CLEAR,DAWN,REAR END,DIVIDED - W/MEDIAN (NOT RAISED),NO CONTROLS,DISTRACTION - FROM INSIDE VEHICLE,IMPROPER OVERTAKING/PASSING,0,0,0,0,10,1,12,1949,OGDEN AVE,41.995656,-87.612106,12/05/2021 12:29:00 PM,2021
CR00008295,08/25/2024 11:55:00 AM,30,CLEAR,DAYLIGHT,REAR END,NOT DIVIDED,TRAFFIC SIGNAL,UNABLE TO DETERMINE,UNABLE TO DETERMINE,0,0,0,0,11,1,8,435,MILWAUKEE AVE,41.760438,-87.76576,08/25/2024 12:14:00 PM,2024
CR00008296,08/09/2020 02:11:00 AM,45,CLEAR,DUSK,REAR END,DIVIDED - W/MEDIAN (NOT RAISED),NO CONTROLS,UNABLE TO DETERMINE,NOT APPLICABLE,0,0,0,0,2,1,8,1120,KEDZIE AVE,41.777015,-87.737108,08/09/2020 02:12:00 AM,2020
CR00008297,06/25/2020 08:37:00 AM,30,FOG/SMOKE/HAZE,DAYLIGHT,SIDESWIPE SAME DIRECTION,NOT DIVIDED,NO CONTROLS,FOLLOWING TOO CLOSELY,FOLLOWING TOO CLOSELY,0,0,0,0,8,5,6,1533,63RD ST,41.700519,-87.697089,06/25/2020 08:51:00 AM,2020
CR00008298,01/01/2020 12:42:00 PM,15,RAIN,DAYLIGHT,TURNING,NOT DIVIDED,NO CONTROLS,UNABLE TO DETERMINE,DISREGARDING TRAFFIC SIGNALS,0,0,1,1,12,4,1,2259,PULASKI RD,41.761325,-87.527134,01/01/2020 01:32:00 PM,2020
CR00008299,08/10/2021 10:23:00 AM,45,SNOW,DARKNESS - LIGHTED ROAD,PARKED MOTOR VEHICLE,NOT DIVIDED,TRAFFIC SIGNAL,DISTRACTION - FROM INSIDE VEHICLE,UNABLE TO DETERMINE,0,0,0,0,10,3,8,1633,MILWAUKEE AVE,41.812344,-87.501058,08/10/2021 10:45:00 AM,2021
CR00008300,10/08/2024 05:44:00 PM,15,CLEAR,DUSK,PARKED MOTOR VEHICLE,FOUR WAY,UNKNOWN,UNABLE TO DETERMINE,DISTRACTION - FROM INSIDE VEHICLE,0,0,0,0,17,3,10,994,MILWAUKEE AVE,41.793491,-87.808221,10/08/2024 06:14:00 PM,2024
CR00008301,04/17/2023 04:38:00 PM,20,CLEAR,DARKNESS - LIGHTED ROAD,TURNING,ONE-WAY,UNKNOWN,FAILING TO YIELD RIGHT-OF-WAY,IMPROPER LANE USAGE,0,0,0,0,16,2,4,1806,KEDZIE AVE,41.745097,-87.800491,04/17/2023 06:00:00 PM,2023
CR00008302,07/18/2023 07:21:00 PM,25,CLEAR,DAYLIGHT,ANGLE,FOUR WAY,TRAFFIC SIGNAL,FAILING TO REDUCE SPEED,WEATHER,0,0,0,0,19,3,7,748,MICHIGAN AVE,41.969023,-87.847269,07/18/2023 08:13:00 PM,2023
CR00008303,04/05/2015 08:50:00 AM,30,CLEAR,DAYLIGHT,REAR END,NOT DIVIDED,TRAFFIC SIGNAL,UNABLE TO DETERMINE,NOT APPLICABLE,0,0,0,0,8,1,4,718,STATE ST,41.933437,-87.819424,04/05/2015 10:50:00 AM,2015
CR00008304,12/12/2018 01:11:00 AM,25,RAIN,DARKNESS - LIGHTED ROAD,ANGLE,DIVIDED - W/MEDIAN BARRIER,NO CONTROLS,DRIVING SKILLS/KNOWLEDGE/EXPERIENCE,FOLLOWING TOO CLOSELY,0,0,0,0,1,4,12,1302,MILWAUKEE AVE,41.958762,-87.569299,12/12/2018 01:23:00 AM,2018
CR00008305,11/22/2015 09:38:00 AM,30,CLEAR,DAYLIGHT,TURNING,DIVIDED - W/MEDIAN BARRIER,PEDESTRIAN CROSSING SIGN,IMPROPER LANE USAGE,DISTRACTION - FROM INSIDE VEHICLE,0,0,0,0,9,1,11,2066,IRVING PARK RD,41.774158,-87.813411,11/22/2015 10:43:00 AM,2015
CR00008306,02/06/2016 06:50:00 PM,40,CLEAR,DARKNESS - LIGHTED ROAD,TURNING,NOT DIVIDED,TRAFFIC SIGNAL,DRIVING SKILLS/KNOWLEDGE/EXPERIENCE,UNABLE TO DETERMINE,0,0,0,0,18,7,2,1741,STONY ISLAND AVE,41.792387,-87.74978,02/06/2016 07:19:00 PM,2016
CR00008307,03/13/2020 04:21:00 AM,35,CLEAR,DAWN,REAR END,ONE-WAY,TRAFFIC SIGNAL,UNABLE TO DETERMINE,UNABLE TO DETERMINE,0,0,0,0,4,6,3,554,CALIFORNIA AVE,41.746426,-87.611078,03/13/2020 05:49:00 AM,2020
CR00008308,08/29/2024 03:03:00 PM,30,FREEZING RAIN/DRIZZLE,DAYLIGHT,PARKED MOTOR VEHICLE,ONE-WAY,NO CONTROLS,UNABLE TO DETERMINE,FAILING TO YIELD RIGHT-OF-WAY,0,0,0,0,15,5,8,1277,ARCHER AVE,41.929067,-87.831422,08/29/2024 03:38:00 PM,2024
CR00008309,05/19/2016 07:20:00 AM,25,CLEAR,DAYLIGHT,SIDESWIPE SAME DIRECTION,NOT DIVIDED,NO CONTROLS,DISREGARDING TRAFFIC SIGNALS,FOLLOWING TOO CLOSELY,0,0,0,0,7,5,5,103,ASHLAND AVE,41.887862,-87.751224,05/19/2016 07:54:00 AM,2016
CR00008310,09/24/2015 05:13:00 PM,25,CLEAR,DAYLIGHT,TURNING,DIVIDED - W/MEDIAN BARRIER,TRAFFIC SIGNAL,DRIVING SKILLS/KNOWLEDGE/EXPERIENCE,DISREGARDING TRAFFIC SIGNALS,0,0,0,0,17,5,9,2109,OGDEN AVE,41.792944,-87.6367,09/24/2015 06:04:00 PM,2015
CR00008311,02/24/2023 06:54:00 PM,15,CLEAR,DAYLIGHT,ANGLE,ONE-WAY,NO CONTROLS,DISTRACTION - FROM INSIDE VEHICLE,UNABLE TO DETERMINE,0,0,0,0,18,6,2,2494,STONY ISLAND AVE,41.953961,-87.841287,02/24/2023 07:31:00 PM,2023
CR00008312,08/13/2020 08:55:00 AM,15,CLEAR,DARKNESS - LIGHTED ROAD,SIDESWIPE SAME DIRECTION,NOT DIVIDED,STOP SIGN/FLASHER,IMPROPER OVERTAKING/PASSING,IMPROPER OVERTAKING/PASSING,0,0,3,3,8,5,8,772,LAKE SHORE DR,41.842167,-87.536676,08/13/2020 10:53:00 AM,2020
CR00008313,07/26/2021 04:00:00 PM,25,SNOW,DAYLIGHT,PARKED MOTOR VEHICLE,NOT DIVIDED,UNKNOWN,IMPROPER OVERTAKING/PASSING,NOT APPLICABLE,0,2,0,2,16,2,7,2182,DIVISION ST,41.734644,-87.696217,07/26/2021 04:52:00 PM,2021
CR00008314,01/21/2017 05:00:00 PM,45,CLEAR,DAYLIGHT,PARKED MOTOR VEHICLE,T-INTERSECTION,NO CONTROLS,WEATHER,NOT APPLICABLE,0,0,0,0,17,7,1,1792,IRVING PARK RD,41.902691,-87.555645,01/21/2017 05:12:00 PM,2017
CR00008315,05/25/2024 03:20:00 PM,30,CLEAR,DARKNESS - LIGHTED ROAD,REAR END,FOUR WAY,STOP SIGN/FLASHER,FAILING TO REDUCE SPEED,FOLLOWING TOO CLOSELY,0,0,0,0,15,7,5,1167,DAMEN AVE,41.784304,-87.662444,05/25/2024 04:24:00 PM,2024
CR00008316,12/21/2023 06:16:00 PM,45,CLOUDY/OVERCAST,DARKNESS,PARKED MOTOR VEHICLE,FOUR WAY,TRAFFIC SIGNAL,DRIVING SKILLS/KNOWLEDGE/EXPERIENCE,UNABLE TO DETERMINE,0,0,0,0,18,5,12,1270,ELSTON AVE,41.918205,-87.641983,12/21/2023 06:53:00 PM,2023
CR00008317,12/02/2024 04:54:00 AM,35,CLEAR,DAYLIGHT,TURNING,NOT DIVIDED,TRAFFIC SIGNAL,FOLLOWING TOO CLOSELY,UNABLE TO DETERMINE,0,0,0,0,4,2,12,1772,DAMEN AVE,41.970044,-87.526223,12/02/2024 06:41:00 AM,2024