CRASH_RECORD_ID,CRASH_DATE,POSTED_SPEED_LIMIT,WEATHER_CONDITION,LIGHTING_CONDITION,FIRST_CRASH_TYPE,TRAFFICWAY_TYPE,TRAFFIC_CONTROL_DEVICE,PRIM_CONTRIBUTORY_CAUSE,SEC_CONTRIBUTORY_CAUSE,INJURIES_FATAL,INJURIES_INCAPACITATING,INJURIES_NON_INCAPACITATING,INJURIES_TOTAL,CRASH_HOUR,CRASH_DAY_OF_WEEK,CRASH_MONTH,BEAT_OF_OCCURRENCE,STREET_NAME,LATITUDE,LONGITUDE,DATE_POLICE_NOTIFIED,year
CR00008318,02/19/2022 10:57:00 AM,35,CLEAR,DAYLIGHT,ANGLE,ONE-WAY,NO CONTROLS,UNABLE TO DETERMINE,IMPROPER OVERTAKING/PASSING,0,0,0,0,10,7,2,1933,PULASKI RD,41.892781,-87.59827,02/19/2022 11:51:00 AM,2022
CR00008319,11/21/2015 03:06:00 PM,35,CLEAR,DAYLIGHT,ANGLE,ONE-WAY,NO CONTROLS,UNABLE TO DETERMINE,UNABLE TO DETERMINE,0,0,0,0,15,7,11,2338,LAKE SHORE DR,41.76768,-87.609929,11/21/2015 04:33:00 PM,2015
CR00008320,12/04/2015 04:29:00 PM,35,FOG/SMOKE/HAZE,DARKNESS - LIGHTED ROAD,REAR TO FRONT,NOT DIVIDED,NO CONTROLS,DISTRACTION - FROM INSIDE VEHICLE,UNABLE TO DETERMINE,0,0,0,0,16,6,12,1122,ASHLAND AVE,41.819192,-87.636758,12/04/2015 05:21:00 PM,2015
CR00008321,10/16/2018 12:06:00 PM,30,CLEAR,DAYLIGHT,TURNING,NOT DIVIDED,PEDESTRIAN CROSSING SIGN,IMPROPER OVERTAKING/PASSING,UNABLE TO DETERMINE,0,0,0,0,12,3,10,267,STATE ST,41.997161,-87.609167,10/16/2018 12:35:00 PM,2018
CR00008322,09/29/2022 09:45:00 AM,20,RAIN,DARKNESS - LIGHTED ROAD,FIXED OBJECT,DIVIDED - W/MEDIAN BARRIER,NO CONTROLS,DRIVING SKILLS/KNOWLEDGE/EXPERIENCE,UNABLE TO DETERMINE,0,0,0,0,9,5,9,1581,BROADWAY,41.929021,-87.585165,09/29/2022 11:18:00 AM,2022
CR00008323,08/18/2024 10:15:00 AM,20,FREEZING RAIN/DRIZZLE,DARKNESS - LIGHTED ROAD,FIXED OBJECT,NOT DIVIDED,TRAFFIC SIGNAL,IMPROPER OVERTAKING/PASSING,IMPROPER OVERTAKING/PASSING,0,2,1,3,10,1,8,1149,BROADWAY,41.73047,-87.772345,08/18/2024 11:34:00 AM,2024
CR00008324,08/13/2020 06:56:00 PM,30,CLEAR,DAYLIGHT,REAR END,NOT DIVIDED,TRAFFIC SIGNAL,DISTRACTION - FROM INSIDE VEHICLE,NOT APPLICABLE,0,0,0,0,18,5,8,2459,PULASKI RD,41.938698,-87.849765,08/13/2020 08:18:00 PM,2020
CR00008325,06/24/2022 08:42:00 PM,35,CLEAR,DAWN,PARKED MOTOR VEHICLE,NOT DIVIDED,TRAFFIC SIGNAL,FOLLOWING TOO CLOSELY,FAILING TO REDUCE SPEED,0,0,0,0,20,6,6,1585,MILWAUKEE AVE,41.974578,-87.706594,06/24/2022 09:36:00 PM,2022
CR00008326,03/27/2018 01:32:00 PM,35,RAIN,DAYLIGHT,REAR END,DIVIDED - W/MEDIAN (NOT RAISED),TRAFFIC SIGNAL,FAILING TO YIELD RIGHT-OF-WAY,FAILING TO YIELD RIGHT-OF-WAY,0,0,0,0,13,3,3,1649,KEDZIE AVE,41.801501,-87.570575,03/27/2018 02:29:00 PM,2018
CR00008327,03/28/2023 02:16:00 AM,20,CLEAR,DARKNESS - LIGHTED ROAD,REAR END,NOT DIVIDED,NO CONTROLS,UNABLE TO DETERMINE,NOT APPLICABLE,0,0,0,0,2,3,3,1554,KEDZIE AVE,41.829726,-87.610151,03/28/2023 03:06:00 AM,2023
CR00008328,02/24/2023 03:24:00 AM,20,FOG/SMOKE/HAZE,DAYLIGHT,ANGLE,NOT DIVIDED,NO CONTROLS,DRIVING SKILLS/KNOWLEDGE/EXPERIENCE,UNABLE TO DETERMINE,0,0,3,3,3,6,2,225,HALSTED ST,41.909798,-87.689879,02/24/2023 03:58:00 AM,2023
CR00008329,02/17/2023 05:17:00 PM,20,CLEAR,DAYLIGHT,ANGLE,ONE-WAY,STOP SIGN/FLASHER,UNABLE TO DETERMINE,UNABLE TO DETERMINE,0,0,2,2,17,6,2,996,DAMEN AVE,41.826139,-87.555112,02/17/2023 05:29:00 PM,2023
CR00008330,11/24/2024 07:26:00 AM,20,CLEAR,DUSK,ANGLE,DIVIDED - W/MEDIAN (NOT RAISED),UNKNOWN,FOLLOWING TOO CLOSELY,NOT APPLICABLE,0,0,0,0,7,1,11,2188,WESTERN AVE,41.876567,-87.842971,11/24/2024 08:27:00 AM,2024
CR00008331,09/07/2024 07:52:00 AM,15,CLEAR,DARKNESS - LIGHTED ROAD,REAR END,DIVIDED - W/MEDIAN (NOT RAISED),STOP SIGN/FLASHER,FAILING TO YIELD RIGHT-OF-WAY,NOT APPLICABLE,0,0,1,1,7,7,9,472,KEDZIE AVE,41.781492,-87.617607,09/07/2024 09:05:00 AM,2024
CR00008332,01/06/2016 05:44:00 PM,30,CLEAR,DAYLIGHT,REAR END,NOT DIVIDED,NO CONTROLS,DISTRACTION - FROM INSIDE VEHICLE,UNABLE TO DETERMINE,0,0,0,0,17,4,1,177,STONY ISLAND AVE,41.726463,-87.573639,01/06/2016 07:01:00 PM,2016
CR00008333,11/19/2024 12:30:00 PM,20,SNOW,DARKNESS,TURNING,DIVIDED - W/MEDIAN (NOT RAISED),UNKNOWN,UNABLE TO DETERMINE,UNABLE TO DETERMINE,0,0,0,0,12,3,11,2484,LAKE SHORE DR,41.760282,-87.606908,11/19/2024 12:35:00 PM,2024
CR00008334,08/15/2019 04:12:00 AM,35,CLEAR,DAYLIGHT,ANGLE,T-INTERSECTION,NO CONTROLS,UNABLE TO DETERMINE,IMPROPER LANE USAGE,0,0,0,0,4,5,8,265,ROOSEVELT RD,41.943259,-87.650323,08/15/2019 04:20:00 AM,2019
CR00008335,05/04/2024 12:08:00 PM,15,CLEAR,DARKNESS - LIGHTED ROAD,TURNING,NOT DIVIDED,TRAFFIC SIGNAL,FOLLOWING TOO CLOSELY,DISTRACTION - FROM INSIDE VEHICLE,0,0,0,0,12,7,5,1334,FULLERTON AVE,41.727785,-87.517276,05/04/2024 12:20:00 PM,2024
CR00008336,05/01/2015 04:40:00 PM,30,RAIN,DAYLIGHT,REAR END,NOT DIVIDED,NO CONTROLS,DRIVING SKILLS/KNOWLEDGE/EXPERIENCE,UNABLE TO DETERMINE,0,0,0,0,16,6,5,2523,FULLERTON AVE,41.713365,-87.738989,05/01/2015 05:46:00 PM,2015
CR00008337,08/22/2023 04:08:00 AM,30,CLEAR,DAYLIGHT,TURNING,ONE-WAY,NO CONTROLS,DISTRACTION - FROM INSIDE VEHICLE,DRIVING SKILLS/KNOWLEDGE/EXPERIENCE,0,0,0,0,4,3,8,335,ASHLAND AVE,41.799004,-87.770935,08/22/2023 04:51:00 AM,2023
CR00008338,09/23/2018 12:42:00 PM,30,CLEAR,DARKNESS - LIGHTED ROAD,ANGLE,NOT DIVIDED,TRAFFIC SIGNAL,IMPROPER OVERTAKING/PASSING,FAILING TO YIELD RIGHT-OF-WAY,0,0,0,0,12,1,9,1237,BROADWAY,41.890768,-87.762177,09/23/2018 12:49:00 PM,2018
CR00008339,06/24/2017 03:30:00 PM,35,CLEAR,DAYLIGHT,SIDESWIPE SAME DIRECTION,NOT DIVIDED,NO CONTROLS,IMPROPER LANE USAGE,FOLLOWING TOO CLOSELY,0,0,1,1,15,7,6,362,MILWAUKEE AVE,41.795713,-87.579114,06/24/2017 03:41:00 PM,2017
CR00008340,03/07/2017 07:05:00 AM,20,CLEAR,DARKNESS,REAR END,ONE-WAY,STOP SIGN/FLASHER,UNABLE TO DETERMINE,FAILING TO YIELD RIGHT-OF-WAY,0,0,0,0,7,3,3,1304,HALSTED ST,41.740456,-87.764571,03/07/2017 07:36:00 AM,2017
CR00008341,01/19/2022 03:50:00 PM,30,SNOW,DUSK,REAR END,T-INTERSECTION,TRAFFIC SIGNAL,UNABLE TO DETERMINE,UNABLE TO DETERMINE,0,0,0,0,15,4,1,2051,LAKE SHORE DR,41.969215,-87.575219,01/19/2022 04:31:00 PM,2022
CR00008342,09/06/2017 06:35:00 AM,25,CLEAR,DAYLIGHT,PARKED MOTOR VEHICLE,NOT DIVIDED,TRAFFIC SIGNAL,FAILING TO REDUCE SPEED,NOT APPLICABLE,0,0,0,0,6,4,9,1342,WESTERN AVE,41.984702,-87.780984,09/06/2017 07:01:00 AM,2017
CR00008343,06/03/2024 08:35:00 AM,20,CLEAR,DAYLIGHT,PARKED MOTOR VEHICLE,FOUR WAY,NO CONTROLS,DISREGARDING TRAFFIC SIGNALS,DRIVING SKILLS/KNOWLEDGE/EXPERIENCE,0,0,0,0,8,2,6,1981,MILWAUKEE AVE,41.929189,-87.742799,06/03/2024 09:21:00 AM,2024
CR00008344,06/26/2020 02:52:00 PM,15,SNOW,DARKNESS - LIGHTED ROAD,REAR END,NOT DIVIDED,NO CONTROLS,UNABLE TO DETERMINE,NOT APPLICABLE,0,0,1,1,14,6,6,2518,ARCHER AVE,41.815933,-87.622666,06/26/2020 03:42:00 PM,2020
CR00008345,02/02/2021 08:23:00 PM,30,CLEAR,DARKNESS,REAR END,ONE-WAY,TRAFFIC SIGNAL,DISTRACTION - FROM INSIDE VEHICLE,DISTRACTION - FROM INSIDE VEHICLE,0,0,0,0,20,3,2,272,KEDZIE AVE,41.726223,-87.811915,02/02/2021 10:15:00 PM,2021
CR00008346,06/08/2018 04:17:00 PM,15,CLEAR,DAYLIGHT,TURNING,NOT DIVIDED,STOP SIGN/FLASHER,FAILING TO REDUCE SPEED,FOLLOWING TOO CLOSELY,0,0,0,0,16,6,6,1614,LAKE SHORE DR,41.924156,-87.582474,06/08/2018 05:22:00 PM,2018
CR00008347,10/19/2015 08:40:00 AM,25,CLEAR,DAYLIGHT,PARKED MOTOR VEHICLE,NOT DIVIDED,NO CONTROLS,FAILING TO YIELD RIGHT-OF-WAY,FOLLOWING TOO CLOSELY,0,0,0,0,8,2,10,1872,BROADWAY,41.840156,-87.66513,10/19/2015 09:37:00 AM,2015
CR00008348,12/21/2022 04:02:00 PM,25,RAIN,DAYLIGHT,SIDESWIPE SAME DIRECTION,NOT DIVIDED,STOP SIGN/FLASHER,FAILING TO REDUCE SPEED,FAILING TO YIELD RIGHT-OF-WAY,0,0,0,0,16,4,12,459,CICERO AVE,41.880063,-87.543252,12/21/2022 04:36:00 PM,2022
CR00008349,07/09/2019 08:35:00 PM,15,CLEAR,DARKNESS - LIGHTED ROAD,REAR END,NOT DIVIDED,PEDESTRIAN CROSSING SIGN,WEATHER,DISTRACTION - FROM INSIDE VEHICLE,0,0,2,2,20,3,7,1487,OGDEN AVE,41.976197,-87.671003,07/09/2019 09:15:00 PM,2019
CR00008350,07/30/2021 03:19:00 PM,30,CLEAR,DAYLIGHT,ANGLE,DIVIDED - W/MEDIAN (NOT RAISED),TRAFFIC SIGNAL,UNABLE TO DETERMINE,IMPROPER LANE USAGE,0,0,0,0,15,6,7,1147,HALSTED ST,41.966869,-87.64112,07/30/2021 04:40:00 PM,2021
CR00008351,10/25/2024 12:24:00 PM,40,CLEAR,DARKNESS,SIDESWIPE SAME DIRECTION,NOT DIVIDED,TRAFFIC SIGNAL,FAILING TO REDUCE SPEED,FOLLOWING TOO CLOSELY,0,0,0,0,12,6,10,2512,ELSTON AVE,41.990036,-87.637547,10/25/2024 01:11:00 PM,2024
CR00008352,12/28/2015 06:44:00 PM,30,RAIN,DARKNESS,ANGLE,DIVIDED - W/MEDIAN BARRIER,NO CONTROLS,FAILING TO REDUCE SPEED,IMPROPER OVERTAKING/PASSING,0,0,0,0,18,2,12,369,ROOSEVELT RD,41.759759,-87.541281,12/28/2015 07:46:00 PM,2015
CR00008353,11/04/2015 10:28:00 AM,25,CLOUDY/OVERCAST,DAYLIGHT,TURNING,DIVIDED - W/MEDIAN BARRIER,TRAFFIC SIGNAL,FAILING TO YIELD RIGHT-OF-WAY,FAILING TO REDUCE SPEED,0,0,0,0,10,4,11,2491,CLARK ST,41.930741,-87.782285,11/04/2015 11:08:00 AM,2015
CR00008354,10/24/2016 08:54:00 AM,40,RAIN,DAWN,TURNING,T-INTERSECTION,STOP SIGN/FLASHER,UNABLE TO DETERMINE,FOLLOWING TOO CLOSELY,0,0,0,0,8,2,10,420,FULLERTON AVE,41.815048,-87.622047,10/24/2016 09:52:00 AM,2016
CR00008355,01/28/2018 10:27:00 AM,25,CLEAR,DARKNESS - LIGHTED ROAD,TURNING,NOT DIVIDED,STOP SIGN/FLASHER,UNABLE TO DETERMINE,DISREGARDING TRAFFIC SIGNALS,0,0,2,2,10,1,1,858,WESTERN AVE,41.707593,-87.680068,01/28/2018 10:49:00 AM,2018
CR00008356,11/17/2023 12:21:00 PM,35,CLEAR,DAYLIGHT,SIDESWIPE SAME DIRECTION,FOUR WAY,STOP SIGN/FLASHER,DRIVING SKILLS/KNOWLEDGE/EXPERIENCE,DISTRACTION - FROM INSIDE VEHICLE,0,0,0,0,12,6,11,474,STONY ISLAND AVE,41.70811,-87.793154,11/17/2023 12:53:00 PM,2023
CR00008357,05/06/2021 05:30:00 AM,15,SNOW,DARKNESS - LIGHTED ROAD,ANGLE,NOT DIVIDED,STOP SIGN/FLASHER,DISTRACTION - FROM INSIDE VEHICLE,IMPROPER LANE USAGE,0,0,0,0,5,5,5,327,DAMEN AVE,41.931939,-87.647245,05/06/2021 06:46:00 AM,2021
CR00008358,09/21/2022 03:45:00 PM,20,RAIN,DARKNESS - LIGHTED ROAD,TURNING,DIVIDED - W/MEDIAN BARRIER,STOP SIGN/FLASHER,UNABLE TO DETERMINE,FAILING TO YIELD RIGHT-OF-WAY,0,0,2,2,15,4,9,366,PULASKI RD,41.712335,-87.705708,09/21/2022 04:07:00 PM,2022
CR00008359,06/05/2016 02:04:00 AM,15,CLEAR,DAYLIGHT,REAR TO FRONT,DIVIDED - W/MEDIAN BARRIER,NO CONTROLS,IMPROPER LANE USAGE,IMPROPER LANE USAGE,0,0,0,0,2,1,6,801,HALSTED ST,41.795963,-87.532465,06/05/2016 03:57:00 AM,2016
CR00008360,09/26/2022 04:36:00 PM,30,CLEAR,DAYLIGHT,FIXED OBJECT,DIVIDED - W/MEDIAN (NOT RAISED),NO CONTROLS,IMPROPER OVERTAKING/PASSING,NOT APPLICABLE,0,1,1,2,16,2,9,143,63RD ST,41.852229,-87.522596,09/26/2022 04:51:00 PM,2022
CR00008361,01/02/2019 04:42:00 PM,15,CLEAR,DAYLIGHT,TURNING,ONE-WAY,NO CONTROLS,IMPROPER OVERTAKING/PASSING,FOLLOWING TOO CLOSELY,0,0,2,2,16,4,1,474,CLARK ST,41.980345,-87.823558,01/02/2019 05:27:00 PM,2019
CR00008362,06/19/2016 07:00:00 AM,45,RAIN,DARKNESS,REAR END,ONE-WAY,UNKNOWN,FOLLOWING TOO CLOSELY,WEATHER,0,0,0,0,7,1,6,1822,ASHLAND AVE,41.975907,-87.52974,06/19/2016 08:25:00 AM,2016
CR00008363,07/25/2019 07:26:00 AM,25,RAIN,DAYLIGHT,PEDESTRIAN,ONE-WAY,STOP SIGN/FLASHER,UNABLE TO DETERMINE,UNABLE TO DETERMINE,0,0,0,0,7,5,7,858,OGDEN AVE,41.837204,-87.825038,07/25/2019 09:15:00 AM,2019
CR00008364,11/26/2024 11:50:00 AM,30,CLEAR,DAYLIGHT,REAR END,DIVIDED - W/MEDIAN (NOT RAISED),NO CONTROLS,UNABLE TO DETERMINE,IMPROPER LANE USAGE,0,0,0,0,11,3,11,118,MICHIGAN AVE,41.850717,-87.561768,11/26/2024 12:12:00 PM,2024
CR00008365,11/16/2024 09:08:00 AM,35,CLEAR,DAYLIGHT,SIDESWIPE SAME DIRECTION,NOT DIVIDED,TRAFFIC SIGNAL,UNABLE TO DETERMINE,FOLLOWING TOO CLOSELY,0,0,0,0,9,7,11,668,KEDZIE AVE,41.727284,-87.591156,11/16/2024 10:57:00 AM,2024
CR00008366,05/10/2015 05:38:00 PM,30,CLEAR,DAYLIGHT,PEDESTRIAN,NOT DIVIDED,TRAFFIC SIGNAL,DRIVING SKILLS/KNOWLEDGE/EXPERIENCE,UNABLE TO DETERMINE,0,0,0,0,17,1,5,2314,63RD ST,41.73653,-87.80962,05/10/2015 06:53:00 PM,2015
CR00008367,05/22/2020 08:47:00 AM,20,CLEAR,DUSK,TURNING,NOT DIVIDED,STOP SIGN/FLASHER,DRIVING SKILLS/KNOWLEDGE/EXPERIENCE,UNABLE TO DETERMINE,0,0,0,0,8,6,5,908,ARCHER AVE,41.754397,-87.629169,05/22/2020 10:36:00 AM,2020
CR00008368,08/29/2015 09:52:00 AM,35,CLEAR,DUSK,PARKED MOTOR VEHICLE,ONE-WAY,TRAFFIC SIGNAL,IMPROPER OVERTAKING/PASSING,NOT APPLICABLE,0,0,0,0,9,7,8,640,DAMEN AVE,41.766245,-87.684485,08/29/2015 10:52:00 AM,2015
CR00008369,09/08/2016 01:03:00 PM,25,CLEAR,DAYLIGHT,REAR END,FOUR WAY,YIELD,UNABLE TO DETERMINE,UNABLE TO DETERMINE,0,0,0,0,13,5,9,2479,IRVING PARK RD,41.720682,-87.808857,09/08/2016 02:22:00 PM,2016
CR00008370,02/10/2022 01:45:00 PM,25,CLEAR,DAYLIGHT,ANGLE,ONE-WAY,TRAFFIC SIGNAL,UNABLE TO DETERMINE,IMPROPER LANE USAGE,0,0,1,1,13,5,2,1935,79TH ST,41.859124,-87.50074,02/10/2022 03:36:00 PM,2022
CR00008371,01/23/2016 05:44:00 PM,35,RAIN,DARKNESS - LIGHTED ROAD,SIDESWIPE SAME DIRECTION,NOT DIVIDED,STOP SIGN/FLASHER,IMPROPER OVERTAKING/PASSING,UNABLE TO DETERMINE,0,0,3,3,17,7,1,197,47TH ST,41.871892,-87.661384,01/23/2016 05:46:00 PM,2016
CR00008372,09/26/2016 05:18:00 PM,45,CLEAR,DAYLIGHT,TURNING,ONE-WAY,TRAFFIC SIGNAL,FAILING TO REDUCE SPEED,FAILING TO REDUCE SPEED,0,0,3,3,17,2,9,1174,63RD ST,41.986113,-87.811663,09/26/2016 05:48:00 PM,2016
CR00008373,09/01/2019 06:10:00 PM,35,SNOW,DARKNESS - LIGHTED ROAD,REAR END,ONE-WAY,YIELD,UNABLE TO DETERMINE,FAILING TO REDUCE SPEED,0,0,0,0,18,1,9,2162,ROOSEVELT RD,41.871179,-87.526791,09/01/2019 07:08:00 PM,2019
CR00008374,11/22/2016 08:51:00 PM,35,CLEAR,DARKNESS,TURNING,NOT DIVIDED,NO CONTROLS,FAILING TO YIELD RIGHT-OF-WAY,UNABLE TO DETERMINE,0,0,0,0,20,3,11,1094,WESTERN AVE,41.903374,-87.63086,11/22/2016 09:41:00 PM,2016
CR00008375,01/12/2016 04:41:00 PM,35,CLEAR,DARKNESS - LIGHTED ROAD,REAR TO FRONT,DIVIDED - W/MEDIAN (NOT RAISED),TRAFFIC SIGNAL,DRIVING SKILLS/KNOWLEDGE/EXPERIENCE,FAILING TO YIELD RIGHT-OF-WAY,0,0,1,1,16,3,1,240,ROOSEVELT RD,41.956324,-87.703127,01/12/2016 06:27:00 PM,2016
CR00008376,02/11/2016 02:11:00 PM,40,CLEAR,DAYLIGHT,REAR END,DIVIDED - W/MEDIAN BARRIER,NO CONTROLS,FOLLOWING TOO CLOSELY,NOT APPLICABLE,0,0,0,0,14,5,2,2226,PULASKI RD,41.720182,-87.516388,02/11/2016 03:53:00 PM,2016
CR00008377,12/17/2016 08:21:00 AM,30,CLEAR,DAYLIGHT,PEDESTRIAN,ONE-WAY,NO CONTROLS,FOLLOWING TOO CLOSELY,FOLLOWING TOO CLOSELY,0,0,3,3,8,7,12,1444,WESTERN AVE,41.994799,-87.787398,12/17/2016 08:32:00 AM,2016
CR00008378,08/31/2022 03:39:00 AM,20,RAIN,DARKNESS - LIGHTED ROAD,REAR END,T-INTERSECTION,NO CONTROLS,FOLLOWING TOO CLOSELY,WEATHER,0,0,0,0,3,4,8,1231,WESTERN AVE,41.729444,-87.577079,08/31/2022 05:39:00 AM,2022
CR00008379,09/28/2018 02:29:00 PM,45,CLEAR,DAYLIGHT,REAR END,DIVIDED - W/MEDIAN (NOT RAISED),TRAFFIC SIGNAL,IMPROPER LANE USAGE,NOT APPLICABLE,0,0,3,3,14,6,9,2185,FULLERTON AVE,41.700004,-87.736329,09/28/2018 03:09:00 PM,2018
CR00008380,05/22/2022 08:10:00 PM,40,RAIN,DARKNESS - LIGHTED ROAD,SIDESWIPE SAME DIRECTION,T-INTERSECTION,NO CONTROLS,UNABLE TO DETERMINE,NOT APPLICABLE,0,0,0,0,20,1,5,892,ARCHER AVE,41.941938,-87.725559,05/22/2022 09:58:00 PM,2022
CR00008381,09/18/2022 01:20:00 PM,40,CLEAR,DAYLIGHT,ANGLE,DIVIDED - W/MEDIAN (NOT RAISED),TRAFFIC SIGNAL,FAILING TO YIELD RIGHT-OF-WAY,DISREGARDING TRAFFIC SIGNALS,0,0,0,0,13,1,9,1157,ASHLAND AVE,41.810147,-87.748152,09/18/2022 02:43:00 PM,2022
CR00008382,09/19/2017 07:43:00 PM,45,CLEAR,DAYLIGHT,REAR TO FRONT,DIVIDED - W/MEDIAN (NOT RAISED),NO CONTROLS,DISTRACTION - FROM INSIDE VEHICLE,UNABLE TO DETERMINE,0,0,0,0,19,3,9,1118,PULASKI RD,41.813416,-87.844416,09/19/2017 08:21:00 PM,2017
CR00008383,04/10/2022 11:25:00 AM,30,CLEAR,DARKNESS - LIGHTED ROAD,REAR END,ONE-WAY,TRAFFIC SIGNAL,UNABLE TO DETERMINE,DRIVING SKILLS/KNOWLEDGE/EXPERIENCE,0,0,0,0,11,1,4,809,WESTERN AVE,41.889842,-87.605458,04/10/2022 11:38:00 AM,2022
CR00008384,08/15/2016 06:54:00 PM,35,CLEAR,DUSK,TURNING,ONE-WAY,YIELD,UNABLE TO DETERMINE,UNABLE TO DETERMINE,0,0,0,0,18,2,8,2261,MILWAUKEE AVE,41.777152,-87.686661,08/15/2016 08:39:00 PM,2016
CR00008385,11/09/2022 03:44:00 PM,30,CLEAR,DAYLIGHT,REAR END,NOT DIVIDED,NO CONTROLS,FAILING TO YIELD RIGHT-OF-WAY,UNABLE TO DETERMINE,0,0,1,1,15,4,11,1619,ARCHER AVE,41.70185,-87.784805,11/09/2022 05:22:00 PM,2022
CR00008386,02/02/2022 02:23:00 PM,15,CLEAR,DAYLIGHT,ANGLE,NOT DIVIDED,NO CONTROLS,IMPROPER OVERTAKING/PASSING,IMPROPER LANE USAGE,0,0,0,0,14,4,2,154,OGDEN AVE,41.968223,-87.590288,02/02/2022 03:55:00 PM,2022
CR00008387,10/07/2023 09:24:00 AM,35,CLOUDY/OVERCAST,DARKNESS,TURNING,DIVIDED - W/MEDIAN (NOT RAISED),YIELD,DRIVING SKILLS/KNOWLEDGE/EXPERIENCE,FAILING TO REDUCE SPEED,0,0,0,0,9,7,10,1266,MILWAUKEE AVE,41.91081,-87.561681,10/07/2023 10:58:00 AM,2023
CR00008388,06/05/2023 06:31:00 PM,35,SNOW,DAYLIGHT,TURNING,NOT DIVIDED,NO CONTROLS,DISTRACTION - FROM INSIDE VEHICLE,UNABLE TO DETERMINE,0,0,1,1,18,2,6,2092,CICERO AVE,41.9525,-87.740263,06/05/2023 07:24:00 PM,2023
CR00008389,03/19/2016 04:49:00 PM,20,CLEAR,DARKNESS - LIGHTED ROAD,SIDESWIPE SAME DIRECTION,DIVIDED - W/MEDIAN (NOT RAISED),TRAFFIC SIGNAL,FAILING TO YIELD RIGHT-OF-WAY,NOT APPLICABLE,0,0,0,0,16,7,3,1237,ELSTON AVE,41.932805,-87.672484,03/19/2016 05:53:00 PM,2016
CR00008390,02/02/2016 11:08:00 PM,15,CLOUDY/OVERCAST,DARKNESS - LIGHTED ROAD,PARKED MOTOR VEHICLE,ONE-WAY,TRAFFIC SIGNAL,IMPROPER OVERTAKING/PASSING,DISTRACTION - FROM INSIDE VEHICLE,0,0,0,0,23,3,2,1509,CLARK ST,41.78486,-87.800809,02/02/2016 11:30:00 PM,2016
CR00008391,07/06/2019 06:44:00 PM,30,CLEAR,DAYLIGHT,REAR END,DIVIDED - W/MEDIAN (NOT RAISED),NO CONTROLS,DRIVING SKILLS/KNOWLEDGE/EXPERIENCE,FOLLOWING TOO CLOSELY,0,0,0,0,18,7,7,704,ASHLAND AVE,41.812522,-87.568447,07/06/2019 08:29:00 PM,2019
CR00008392,11/05/2017 11:04:00 AM,35,CLEAR,DAYLIGHT,SIDESWIPE SAME DIRECTION,ONE-WAY,STOP SIGN/FLASHER,DRIVING SKILLS/KNOWLEDGE/EXPERIENCE,IMPROPER OVERTAKING/PASSING,0,0,1,1,11,1,11,132,PULASKI RD,41.797445,-87.844925,11/05/2017 11:09:00 AM,2017
CR00008393,03/27/2024 02:31:00 AM,15,CLEAR,DAYLIGHT,REAR END,NOT DIVIDED,TRAFFIC SIGNAL,FAILING TO REDUCE SPEED,DISTRACTION - FROM INSIDE VEHICLE,0,0,1,1,2,4,3,1785,ASHLAND AVE,41.885181,-87.654663,03/27/2024 04:16:00 AM,2024
CR00008394,02/03/2021 02:40:00 PM,20,RAIN,DARKNESS,TURNING,NOT DIVIDED,TRAFFIC SIGNAL,FOLLOWING TOO CLOSELY,FAILING TO YIELD RIGHT-OF-WAY,0,0,0,0,14,4,2,2259,STATE ST,41.980082,-87.81809,02/03/2021 03:26:00 PM,2021
CR00008395,06/18/2020 09:51:00 AM,40,CLEAR,DARKNESS,PARKED MOTOR VEHICLE,NOT DIVIDED,NO CONTROLS,FOLLOWING TOO CLOSELY,UNABLE TO DETERMINE,0,0,1,1,9,5,6,2202,63RD ST,41.708576,-87.50436,06/18/2020 11:39:00 AM,2020
CR00008396,11/28/2020 08:08:00 AM,35,CLOUDY/OVERCAST,DAYLIGHT,REAR END,T-INTERSECTION,NO CONTROLS,UNABLE TO DETERMINE,FOLLOWING TOO CLOSELY,0,0,0,0,8,7,11,2153,ROOSEVELT RD,41.921471,-87.570639,11/28/2020 09:07:00 AM,2020
CR00008397,12/08/2016 03:56:00 PM,40,CLEAR,DARKNESS - LIGHTED ROAD,TURNING,FOUR WAY,TRAFFIC SIGNAL,UNABLE TO DETERMINE,UNABLE TO DETERMINE,0,0,0,0,15,5,12,1251,47TH ST,41.718862,-87.608239,12/08/2016 05:23:00 PM,2016
CR00008398,09/07/2019 01:53:00 AM,35,CLOUDY/OVERCAST,DAYLIGHT,ANGLE,NOT DIVIDED,TRAFFIC SIGNAL,UNABLE TO DETERMINE,WEATHER,0,0,1,1,1,7,9,709,MILWAUKEE AVE,41.94602,-87.653967,09/07/2019 02:27:00 AM,2019
CR00008399,08/12/2017 09:26:00 PM,40,CLEAR,DUSK,ANGLE,ONE-WAY,STOP SIGN/FLASHER,UNABLE TO DETERMINE,UNABLE TO DETERMINE,0,0,2,2,21,7,8,407,ARCHER AVE,41.823113,-87.659149,08/12/2017 09:48:00 PM,2017
CR00008400,04/25/2018 09:14:00 AM,30,CLEAR,DARKNESS,REAR END,DIVIDED - W/MEDIAN BARRIER,STOP SIGN/FLASHER,UNABLE TO DETERMINE,IMPROPER OVERTAKING/PASSING,0,0,0,0,9,4,4,2396,BROADWAY,41.701219,-87.802945,04/25/2018 09:43:00 AM,2018