CRASH_RECORD_ID,CRASH_DATE,POSTED_SPEED_LIMIT,WEATHER_CONDITION,LIGHTING_CONDITION,FIRST_CRASH_TYPE,TRAFFICWAY_TYPE,TRAFFIC_CONTROL_DEVICE,PRIM_CONTRIBUTORY_CAUSE,SEC_CONTRIBUTORY_CAUSE,INJURIES_FATAL,INJURIES_INCAPACITATING,INJURIES_NON_INCAPACITATING,INJURIES_TOTAL,CRASH_HOUR,CRASH_DAY_OF_WEEK,CRASH_MONTH,BEAT_OF_OCCURRENCE,STREET_NAME,LATITUDE,LONGITUDE,DATE_POLICE_NOTIFIED,year
CR00008401,01/09/2024 08:09:00 AM,20,SNOW,DAYLIGHT,PARKED MOTOR VEHICLE,NOT DIVIDED,STOP SIGN/FLASHER,IMPROPER LANE USAGE,DISREGARDING TRAFFIC SIGNALS,0,0,0,0,8,3,1,994,FULLERTON AVE,41.948027,-87.670351,01/09/2024 08:52:00 AM,2024
CR00008402,02/20/2021 08:16:00 AM,30,CLEAR,DAYLIGHT,REAR TO FRONT,NOT DIVIDED,NO CONTROLS,DRIVING SKILLS/KNOWLEDGE/EXPERIENCE,UNABLE TO DETERMINE,0,0,1,1,8,7,2,1286,MILWAUKEE AVE,41.984284,-87.738908,02/20/2021 09:18:00 AM,2021
CR00008403,11/30/2022 05:37:00 PM,30,CLEAR,DAYLIGHT,REAR TO FRONT,DIVIDED - W/MEDIAN BARRIER,NO CONTROLS,UNABLE TO DETERMINE,NOT APPLICABLE,0,0,0,0,17,4,11,1991,HALSTED ST,41.728742,-87.741219,11/30/2022 05:38:00 PM,2022
CR00008404,02/27/2016 03:10:00 AM,30,CLEAR,DAYLIGHT,ANGLE,DIVIDED - W/MEDIAN (NOT RAISED),TRAFFIC SIGNAL,FAILING TO REDUCE SPEED,UNABLE TO DETERMINE,0,0,0,0,3,7,2,1451,CALIFORNIA AVE,41.942046,-87.664735,02/27/2016 03:43:00 AM,2016
CR00008405,10/20/2019 04:52:00 PM,35,CLEAR,DAYLIGHT,ANGLE,ONE-WAY,STOP SIGN/FLASHER,UNABLE TO DETERMINE,UNABLE TO DETERMINE,0,0,0,0,16,1,10,864,HALSTED ST,41.930385,-87.746486,10/20/2019 05:31:00 PM,2019
CR00008406,11/14/2018 09:38:00 PM,40,CLEAR,DARKNESS - LIGHTED ROAD,REAR END,NOT DIVIDED,STOP SIGN/FLASHER,DISREGARDING TRAFFIC SIGNALS,NOT APPLICABLE,0,1,0,1,21,4,11,2289,STONY ISLAND AVE,41.790275,-87.712145,11/14/2018 11:11:00 PM,2018
CR00008407,09/12/2019 11:31:00 PM,15,CLOUDY/OVERCAST,DAYLIGHT,REAR END,DIVIDED - W/MEDIAN BARRIER,NO CONTROLS,FOLLOWING TOO CLOSELY,FAILING TO YIELD RIGHT-OF-WAY,0,0,0,0,23,5,9,1211,LAKE SHORE DR,41.763246,-87.781536,09/12/2019 11:57:00 PM,2019
CR00008408,11/09/2023 05:07:00 PM,30,SNOW,DAYLIGHT,SIDESWIPE SAME DIRECTION,DIVIDED - W/MEDIAN (NOT RAISED),STOP SIGN/FLASHER,FOLLOWING TOO CLOSELY,UNABLE TO DETERMINE,0,0,0,0,17,5,11,344,47TH ST,41.889215,-87.558614,11/09/2023 05:27:00 PM,2023
CR00008409,10/22/2023 01:23:00 AM,30,CLEAR,DAYLIGHT,REAR END,DIVIDED - W/MEDIAN BARRIER,TRAFFIC SIGNAL,DISTRACTION - FROM INSIDE VEHICLE,UNABLE TO DETERMINE,0,0,0,0,1,1,10,1992,ELSTON AVE,41.821709,-87.666693,10/22/2023 02:12:00 AM,2023
CR00008410,10/03/2020 04:26:00 PM,35,SNOW,DAYLIGHT,PARKED MOTOR VEHICLE,NOT DIVIDED,NO CONTROLS,DISTRACTION - FROM INSIDE VEHICLE,NOT APPLICABLE,0,0,1,1,16,7,10,329,63RD ST,41.746474,-87.80573,10/03/2020 06:23:00 PM,2020
CR00008411,12/30/2021 07:00:00 AM,40,CLEAR,DUSK,REAR END,DIVIDED - W/MEDIAN (NOT RAISED),TRAFFIC SIGNAL,UNABLE TO DETERMINE,IMPROPER LANE USAGE,0,0,0,0,7,5,12,1296,MICHIGAN AVE,41.749887,-87.77808,12/30/2021 08:55:00 AM,2021
CR00008412,09/28/2015 01:24:00 AM,35,CLEAR,DAYLIGHT,REAR TO FRONT,NOT DIVIDED,TRAFFIC SIGNAL,IMPROPER LANE USAGE,DISTRACTION - FROM INSIDE VEHICLE,0,0,1,1,1,2,9,1740,CLARK ST,41.861323,-87.652439,09/28/2015 02:09:00 AM,2015
CR00008413,06/25/2019 04:53:00 PM,35,RAIN,DAYLIGHT,ANGLE,ONE-WAY,NO CONTROLS,UNABLE TO DETERMINE,UNABLE TO DETERMINE,0,0,0,0,16,3,6,1708,FULLERTON AVE,41.978388,-87.572747,06/25/2019 05:27:00 PM,2019
CR00008414,09/28/2019 01:08:00 PM,30,CLEAR,DAYLIGHT,REAR END,DIVIDED - W/MEDIAN (NOT RAISED),NO CONTROLS,WEATHER,UNABLE TO DETERMINE,0,0,0,0,13,7,9,968,LAKE SHORE DR,41.703425,-87.780105,09/28/2019 01:33:00 PM,2019
CR00008415,12/30/2019 03:31:00 PM,40,FREEZING RAIN/DRIZZLE,DARKNESS - LIGHTED ROAD,REAR END,T-INTERSECTION,NO CONTROLS,DISTRACTION - FROM INSIDE VEHICLE,FOLLOWING TOO CLOSELY,0,0,0,0,15,2,12,2437,ROOSEVELT RD,41.82585,-87.820226,12/30/2019 05:14:00 PM,2019
CR00008416,12/25/2019 04:21:00 PM,30,CLEAR,DARKNESS - LIGHTED ROAD,FIXED OBJECT,FOUR WAY,TRAFFIC SIGNAL,FOLLOWING TOO CLOSELY,FOLLOWING TOO CLOSELY,0,0,3,3,16,4,12,119,WESTERN AVE,41.916341,-87.779328,12/25/2019 06:11:00 PM,2019
CR00008417,07/16/2018 06:12:00 PM,20,CLEAR,DARKNESS,PARKED MOTOR VEHICLE,DIVIDED - W/MEDIAN BARRIER,TRAFFIC SIGNAL,IMPROPER OVERTAKING/PASSING,UNABLE TO DETERMINE,0,0,0,0,18,2,7,1299,OGDEN AVE,41.807411,-87.588987,07/16/2018 06:59:00 PM,2018
CR00008418,07/05/2017 02:13:00 AM,25,CLEAR,DAYLIGHT,REAR END,DIVIDED - W/MEDIAN BARRIER,STOP SIGN/FLASHER,UNABLE TO DETERMINE,FOLLOWING TOO CLOSELY,0,0,1,1,2,4,7,286,KEDZIE AVE,41.803735,-87.630227,07/05/2017 02:24:00 AM,2017
CR00008419,01/16/2020 08:11:00 AM,30,CLEAR,DAYLIGHT,ANGLE,DIVIDED - W/MEDIAN (NOT RAISED),TRAFFIC SIGNAL,DISTRACTION - FROM INSIDE VEHICLE,NOT APPLICABLE,0,0,0,0,8,5,1,1095,STATE ST,41.909855,-87.712671,01/16/2020 08:21:00 AM,2020
CR00008420,05/29/2019 05:57:00 PM,40,CLEAR,DARKNESS - LIGHTED ROAD,REAR END,NOT DIVIDED,TRAFFIC SIGNAL,DRIVING SKILLS/KNOWLEDGE/EXPERIENCE,UNABLE TO DETERMINE,0,0,0,0,17,4,5,1031,63RD ST,41.744163,-87.560009,05/29/2019 07:56:00 PM,2019
CR00008421,05/15/2019 11:20:00 PM,30,CLEAR,DARKNESS - LIGHTED ROAD,REAR END,NOT DIVIDED,TRAFFIC SIGNAL,UNABLE TO DETERMINE,FAILING TO YIELD RIGHT-OF-WAY,0,0,0,0,23,4,5,993,CALIFORNIA AVE,41.854299,-87.668287,05/16/2019 12:23:00 AM,2019
CR00008422,03/11/2015 06:10:00 PM,30,CLEAR,DAYLIGHT,ANGLE,DIVIDED - W/MEDIAN (NOT RAISED),STOP SIGN/FLASHER,FAILING TO YIELD RIGHT-OF-WAY,FAILING TO YIELD RIGHT-OF-WAY,0,0,1,1,18,4,3,739,CLARK ST,41.956056,-87.534794,03/11/2015 06:25:00 PM,2015
CR00008423,07/17/2017 07:47:00 AM,45,CLEAR,DARKNESS - LIGHTED ROAD,TURNING,ONE-WAY,TRAFFIC SIGNAL,DISREGARDING TRAFFIC SIGNALS,DISTRACTION - FROM INSIDE VEHICLE,0,0,0,0,7,2,7,1847,ASHLAND AVE,41.982733,-87.743292,07/17/2017 09:07:00 AM,2017
CR00008424,08/06/2022 10:51:00 PM,30,CLEAR,DARKNESS - LIGHTED ROAD,TURNING,DIVIDED - W/MEDIAN BARRIER,NO CONTROLS,DISREGARDING TRAFFIC SIGNALS,UNABLE TO DETERMINE,0,0,0,0,22,7,8,2473,LAKE SHORE DR,41.967783,-87.513791,08/06/2022 10:58:00 PM,2022
CR00008425,08/06/2016 09:48:00 AM,15,CLEAR,DARKNESS,ANGLE,NOT DIVIDED,TRAFFIC SIGNAL,UNABLE TO DETERMINE,WEATHER,0,0,0,0,9,7,8,2182,DIVISION ST,41.815971,-87.626034,08/06/2016 11:25:00 AM,2016
CR00008426,07/24/2016 06:06:00 PM,45,CLOUDY/OVERCAST,DAYLIGHT,TURNING,NOT DIVIDED,NO CONTROLS,FAILING TO REDUCE SPEED,DISTRACTION - FROM INSIDE VEHICLE,0,0,0,0,18,1,7,1232,CLARK ST,41.935749,-87.843748,07/24/2016 06:12:00 PM,2016
CR00008427,06/16/2020 09:26:00 AM,15,CLEAR,DARKNESS,REAR END,NOT DIVIDED,NO CONTROLS,FAILING TO YIELD RIGHT-OF-WAY,IMPROPER LANE USAGE,0,0,0,0,9,3,6,792,63RD ST,41.943435,-87.656764,06/16/2020 10:34:00 AM,2020
CR00008428,03/25/2019 07:26:00 PM,30,RAIN,DARKNESS,ANGLE,T-INTERSECTION,NO CONTROLS,UNABLE TO DETERMINE,WEATHER,0,0,0,0,19,2,3,136,STONY ISLAND AVE,41.74255,-87.729304,03/25/2019 09:02:00 PM,2019
CR00008429,11/20/2020 10:18:00 AM,15,CLEAR,DAYLIGHT,PARKED MOTOR VEHICLE,NOT DIVIDED,NO CONTROLS,DISREGARDING TRAFFIC SIGNALS,NOT APPLICABLE,0,0,0,0,10,6,11,821,STATE ST,41.936829,-87.766384,11/20/2020 10:35:00 AM,2020
CR00008430,07/28/2017 05:14:00 PM,45,CLEAR,DAYLIGHT,REAR END,T-INTERSECTION,TRAFFIC SIGNAL,UNABLE TO DETERMINE,NOT APPLICABLE,0,0,0,0,17,6,7,1162,ROOSEVELT RD,41.771716,-87.744255,07/28/2017 06:10:00 PM,2017
CR00008431,07/06/2016 05:22:00 PM,35,CLEAR,DAYLIGHT,TURNING,FOUR WAY,TRAFFIC SIGNAL,UNABLE TO DETERMINE,UNABLE TO DETERMINE,0,0,0,0,17,4,7,1004,IRVING PARK RD,41.719885,-87.84199,07/06/2016 07:19:00 PM,2016
CR00008432,06/07/2023 05:19:00 PM,35,CLEAR,DARKNESS,ANGLE,NOT DIVIDED,NO CONTROLS,DISTRACTION - FROM INSIDE VEHICLE,DRIVING SKILLS/KNOWLEDGE/EXPERIENCE,0,0,2,2,17,4,6,158,ASHLAND AVE,41.746955,-87.783409,06/07/2023 06:34:00 PM,2023
CR00008433,10/13/2021 09:09:00 AM,25,CLEAR,DAYLIGHT,ANGLE,NOT DIVIDED,UNKNOWN,FAILING TO YIELD RIGHT-OF-WAY,NOT APPLICABLE,0,0,0,0,9,4,10,735,HALSTED ST,41.993976,-87.686126,10/13/2021 10:18:00 AM,2021
CR00008434,01/02/2024 06:33:00 PM,20,CLEAR,DAYLIGHT,REAR TO FRONT,ONE-WAY,NO CONTROLS,DISREGARDING TRAFFIC SIGNALS,WEATHER,0,2,2,4,18,3,1,1812,ARCHER AVE,41.844671,-87.778759,01/02/2024 06:40:00 PM,2024
CR00008435,06/25/2022 06:45:00 PM,35,RAIN,DAYLIGHT,REAR END,DIVIDED - W/MEDIAN (NOT RAISED),TRAFFIC SIGNAL,FOLLOWING TOO CLOSELY,UNABLE TO DETERMINE,0,0,0,0,18,7,6,2462,ROOSEVELT RD,41.923198,-87.75224,06/25/2022 06:53:00 PM,2022
CR00008436,04/27/2021 05:06:00 AM,40,CLEAR,DARKNESS,SIDESWIPE SAME DIRECTION,DIVIDED - W/MEDIAN (NOT RAISED),STOP SIGN/FLASHER,UNABLE TO DETERMINE,FAILING TO YIELD RIGHT-OF-WAY,0,0,0,0,5,3,4,160,FULLERTON AVE,41.989842,-87.829458,04/27/2021 06:03:00 AM,2021
CR00008437,05/13/2020 07:14:00 PM,35,CLEAR,DAYLIGHT,ANGLE,NOT DIVIDED,TRAFFIC SIGNAL,DISTRACTION - FROM INSIDE VEHICLE,UNABLE TO DETERMINE,0,0,0,0,19,4,5,2284,MILWAUKEE AVE,41.810915,-87.824093,05/13/2020 08:30:00 PM,2020
CR00008438,08/01/2021 11:36:00 AM,35,CLEAR,DARKNESS - LIGHTED ROAD,REAR END,DIVIDED - W/MEDIAN (NOT RAISED),UNKNOWN,IMPROPER OVERTAKING/PASSING,UNABLE TO DETERMINE,0,0,1,1,11,1,8,1219,ELSTON AVE,41.729196,-87.564761,08/01/2021 11:55:00 AM,2021
CR00008439,10/09/2023 08:56:00 AM,30,CLEAR,DAYLIGHT,REAR TO FRONT,DIVIDED - W/MEDIAN BARRIER,TRAFFIC SIGNAL,FAILING TO YIELD RIGHT-OF-WAY,NOT APPLICABLE,0,0,0,0,8,2,10,2100,MICHIGAN AVE,41.987849,-87.588532,10/09/2023 09:01:00 AM,2023
CR00008440,11/04/2021 10:41:00 AM,15,CLEAR,DAYLIGHT,REAR END,ONE-WAY,NO CONTROLS,IMPROPER OVERTAKING/PASSING,UNABLE TO DETERMINE,0,0,0,0,10,5,11,308,DAMEN AVE,41.959747,-87.636529,11/04/2021 11:45:00 AM,2021
CR00008441,06/14/2020 05:50:00 PM,25,CLEAR,DARKNESS - LIGHTED ROAD,REAR END,NOT DIVIDED,NO CONTROLS,UNABLE TO DETERMINE,IMPROPER OVERTAKING/PASSING,0,0,0,0,17,1,6,2435,ASHLAND AVE,41.927708,-87.656534,06/14/2020 06:06:00 PM,2020
CR00008442,09/06/2024 10:23:00 AM,30,FREEZING RAIN/DRIZZLE,DAYLIGHT,ANGLE,NOT DIVIDED,NO CONTROLS,FAILING TO YIELD RIGHT-OF-WAY,IMPROPER LANE USAGE,0,0,0,0,10,6,9,1552,63RD ST,41.833082,-87.71729,09/06/2024 10:59:00 AM,2024
CR00008443,01/11/2020 08:27:00 PM,35,CLEAR,DAYLIGHT,PARKED MOTOR VEHICLE,ONE-WAY,TRAFFIC SIGNAL,UNABLE TO DETERMINE,NOT APPLICABLE,0,0,1,1,20,7,1,733,63RD ST,41.876671,-87.798686,01/11/2020 09:55:00 PM,2020
CR00008444,04/06/2024 03:32:00 PM,30,CLEAR,DAYLIGHT,REAR END,DIVIDED - W/MEDIAN (NOT RAISED),NO CONTROLS,FAILING TO YIELD RIGHT-OF-WAY,DRIVING SKILLS/KNOWLEDGE/EXPERIENCE,0,0,0,0,15,7,4,1306,ROOSEVELT RD,41.778631,-87.711317,04/06/2024 03:38:00 PM,2024
CR00008445,08/16/2019 10:45:00 AM,35,CLEAR,DAYLIGHT,TURNING,NOT DIVIDED,TRAFFIC SIGNAL,FOLLOWING TOO CLOSELY,FAILING TO REDUCE SPEED,0,0,0,0,10,6,8,1096,HALSTED ST,41.725474,-87.677505,08/16/2019 11:00:00 AM,2019
CR00008446,04/16/2024 05:09:00 PM,30,CLEAR,DARKNESS - LIGHTED ROAD,REAR END,DIVIDED - W/MEDIAN (NOT RAISED),NO CONTROLS,FOLLOWING TOO CLOSELY,NOT APPLICABLE,0,0,0,0,17,3,4,387,HALSTED ST,41.704893,-87.588067,04/16/2024 06:38:00 PM,2024
CR00008447,04/22/2023 08:20:00 PM,30,SNOW,DAYLIGHT,ANGLE,DIVIDED - W/MEDIAN BARRIER,STOP SIGN/FLASHER,UNABLE TO DETERMINE,UNABLE TO DETERMINE,0,0,0,0,20,7,4,1299,CALIFORNIA AVE,41.818764,-87.519917,04/22/2023 10:08:00 PM,2023
CR00008448,03/11/2021 12:15:00 PM,35,CLEAR,DAYLIGHT,PARKED MOTOR VEHICLE,DIVIDED - W/MEDIAN (NOT RAISED),TRAFFIC SIGNAL,UNABLE TO DETERMINE,UNABLE TO DETERMINE,0,0,0,0,12,5,3,517,WESTERN AVE,41.74138,-87.64808,03/11/2021 12:33:00 PM,2021
CR00008449,05/28/2018 08:57:00 PM,25,CLOUDY/OVERCAST,DAYLIGHT,REAR END,NOT DIVIDED,TRAFFIC SIGNAL,IMPROPER LANE USAGE,FOLLOWING TOO CLOSELY,0,0,0,0,20,2,5,1492,DIVISION ST,41.959327,-87.760329,05/28/2018 10:00:00 PM,2018
CR00008450,02/13/2016 09:50:00 AM,25,RAIN,DAWN,REAR END,DIVIDED - W/MEDIAN BARRIER,TRAFFIC SIGNAL,FOLLOWING TOO CLOSELY,UNABLE TO DETERMINE,0,0,0,0,9,7,2,338,WESTERN AVE,41.837075,-87.787967,02/13/2016 11:31:00 AM,2016
CR00008451,03/31/2023 05:02:00 PM,15,CLEAR,DARKNESS - LIGHTED ROAD,TURNING,DIVIDED - W/MEDIAN BARRIER,TRAFFIC SIGNAL,IMPROPER OVERTAKING/PASSING,UNABLE TO DETERMINE,0,0,0,0,17,6,3,1138,HALSTED ST,41.9551,-87.639328,03/31/2023 06:44:00 PM,2023
CR00008452,05/04/2019 10:52:00 AM,15,CLEAR,DARKNESS - LIGHTED ROAD,REAR END,DIVIDED - W/MEDIAN BARRIER,STOP SIGN/FLASHER,WEATHER,NOT APPLICABLE,0,2,0,2,10,7,5,2395,BROADWAY,41.817045,-87.751633,05/04/2019 10:55:00 AM,2019
CR00008453,08/07/2023 10:11:00 AM,25,CLEAR,DAYLIGHT,REAR END,NOT DIVIDED,TRAFFIC SIGNAL,FAILING TO YIELD RIGHT-OF-WAY,NOT APPLICABLE,0,0,0,0,10,2,8,199,DAMEN AVE,41.784938,-87.720189,08/07/2023 11:01:00 AM,2023
CR00008454,06/30/2017 02:19:00 AM,25,CLEAR,DAYLIGHT,PARKED MOTOR VEHICLE,NOT DIVIDED,TRAFFIC SIGNAL,UNABLE TO DETERMINE,NOT APPLICABLE,0,0,0,0,2,6,6,1581,79TH ST,41.977693,-87.556204,06/30/2017 03:19:00 AM,2017
CR00008455,07/11/2016 05:21:00 PM,30,CLEAR,DARKNESS - LIGHTED ROAD,REAR END,DIVIDED - W/MEDIAN BARRIER,TRAFFIC SIGNAL,FAILING TO REDUCE SPEED,UNABLE TO DETERMINE,0,0,0,0,17,2,7,2197,IRVING PARK RD,41.917919,-87.815254,07/11/2016 07:05:00 PM,2016
CR00008456,02/24/2021 08:46:00 PM,35,CLEAR,DARKNESS - LIGHTED ROAD,ANGLE,DIVIDED - W/MEDIAN (NOT RAISED),STOP SIGN/FLASHER,IMPROPER LANE USAGE,UNABLE TO DETERMINE,0,0,2,2,20,4,2,957,79TH ST,41.95786,-87.612736,02/24/2021 08:52:00 PM,2021
CR00008457,07/23/2016 09:47:00 PM,35,RAIN,DARKNESS - LIGHTED ROAD,SIDESWIPE SAME DIRECTION,NOT DIVIDED,TRAFFIC SIGNAL,FOLLOWING TOO CLOSELY,IMPROPER LANE USAGE,0,0,1,1,21,7,7,1690,CALIFORNIA AVE,41.876963,-87.557727,07/23/2016 09:48:00 PM,2016
CR00008458,07/08/2020 08:05:00 AM,25,CLEAR,DAYLIGHT,ANGLE,NOT DIVIDED,NO CONTROLS,DRIVING SKILLS/KNOWLEDGE/EXPERIENCE,UNABLE TO DETERMINE,0,0,0,0,8,4,7,891,ASHLAND AVE,41.886582,-87.659047,07/08/2020 08:31:00 AM,2020
CR00008459,08/17/2018 05:23:00 AM,25,CLEAR,DARKNESS - LIGHTED ROAD,REAR END,NOT DIVIDED,UNKNOWN,UNABLE TO DETERMINE,NOT APPLICABLE,0,0,0,0,5,6,8,1776,MICHIGAN AVE,41.973573,-87.75387,08/17/2018 06:03:00 AM,2018
CR00008460,06/29/2021 08:59:00 AM,20,CLEAR,DARKNESS - LIGHTED ROAD,ANGLE,ONE-WAY,TRAFFIC SIGNAL,WEATHER,UNABLE TO DETERMINE,0,0,0,0,8,3,6,700,KEDZIE AVE,41.884092,-87.550488,06/29/2021 09:06:00 AM,2021
CR00008461,12/09/2017 07:15:00 PM,30,CLEAR,DUSK,REAR END,NOT DIVIDED,NO CONTROLS,FOLLOWING TOO CLOSELY,NOT APPLICABLE,0,0,0,0,19,7,12,956,BROADWAY,41.80331,-87.731268,12/09/2017 08:35:00 PM,2017
CR00008462,10/20/2024 03:45:00 AM,30,CLEAR,DAYLIGHT,REAR END,NOT DIVIDED,TRAFFIC SIGNAL,FAILING TO YIELD RIGHT-OF-WAY,DISREGARDING TRAFFIC SIGNALS,0,0,1,1,3,1,10,1019,IRVING PARK RD,41.761973,-87.770171,10/20/2024 04:18:00 AM,2024
CR00008463,06/30/2017 10:28:00 PM,45,CLEAR,DARKNESS - LIGHTED ROAD,TURNING,DIVIDED - W/MEDIAN (NOT RAISED),TRAFFIC SIGNAL,FAILING TO YIELD RIGHT-OF-WAY,NOT APPLICABLE,0,0,0,0,22,6,6,125,KEDZIE AVE,41.896041,-87.562958,07/01/2017 12:02:00 AM,2017
CR00008464,11/11/2024 05:20:00 AM,35,CLEAR,DAYLIGHT,REAR END,NOT DIVIDED,NO CONTROLS,UNABLE TO DETERMINE,NOT APPLICABLE,0,0,0,0,5,2,11,2002,KEDZIE AVE,41.766465,-87.552775,11/11/2024 06:56:00 AM,2024
CR00008465,08/02/2016 03:11:00 PM,30,CLEAR,DARKNESS - LIGHTED ROAD,TURNING,FOUR WAY,NO CONTROLS,UNABLE TO DETERMINE,FOLLOWING TOO CLOSELY,0,0,0,0,15,3,8,1993,STATE ST,41.78127,-87.609175,08/02/2016 03:15:00 PM,2016
CR00008466,12/24/2015 06:11:00 PM,30,CLEAR,DAYLIGHT,PARKED MOTOR VEHICLE,FOUR WAY,STOP SIGN/FLASHER,DRIVING SKILLS/KNOWLEDGE/EXPERIENCE,FOLLOWING TOO CLOSELY,0,0,0,0,18,5,12,1481,WESTERN AVE,41.910856,-87.767779,12/24/2015 06:59:00 PM,2015
CR00008467,04/18/2021 11:13:00 PM,45,RAIN,DARKNESS - LIGHTED ROAD,TURNING,DIVIDED - W/MEDIAN (NOT RAISED),NO CONTROLS,IMPROPER LANE USAGE,NOT APPLICABLE,0,0,0,0,23,1,4,839,CLARK ST,41.89083,-87.618924,04/19/2021 12:08:00 AM,2021
CR00008468,08/05/2020 09:55:00 AM,15,CLEAR,DAYLIGHT,TURNING,ONE-WAY,TRAFFIC SIGNAL,WEATHER,FOLLOWING TOO CLOSELY,0,0,0,0,9,4,8,1787,MILWAUKEE AVE,41.706617,-87.753603,08/05/2020 10:17:00 AM,2020
CR00008469,05/27/2024 09:16:00 AM,45,CLEAR,DAYLIGHT,SIDESWIPE SAME DIRECTION,FOUR WAY,TRAFFIC SIGNAL,DISREGARDING TRAFFIC SIGNALS,FAILING TO YIELD RIGHT-OF-WAY,0,0,0,0,9,2,5,1311,HALSTED ST,41.997298,-87.649761,05/27/2024 11:08:00 AM,2024
CR00008470,07/29/2016 06:14:00 PM,20,FOG/SMOKE/HAZE,DAYLIGHT,FIXED OBJECT,NOT DIVIDED,NO CONTROLS,DISREGARDING TRAFFIC SIGNALS,DISREGARDING TRAFFIC SIGNALS,0,0,1,1,18,6,7,1319,KEDZIE AVE,41.928497,-87.651998,07/29/2016 06:30:00 PM,2016
CR00008471,04/15/2017 06:38:00 PM,30,CLEAR,DAYLIGHT,PARKED MOTOR VEHICLE,DIVIDED - W/MEDIAN BARRIER,TRAFFIC SIGNAL,UNABLE TO DETERMINE,DISTRACTION - FROM INSIDE VEHICLE,0,0,0,0,18,7,4,2194,ELSTON AVE,41.719168,-87.76056,04/15/2017 08:04:00 PM,2017
CR00008472,08/17/2018 08:48:00 AM,35,CLEAR,DARKNESS - LIGHTED ROAD,SIDESWIPE SAME DIRECTION,NOT DIVIDED,YIELD,IMPROPER LANE USAGE,DISREGARDING TRAFFIC SIGNALS,0,0,0,0,8,6,8,147,MILWAUKEE AVE,41.825694,-87.838166,08/17/2018 09:35:00 AM,2018
CR00008473,02/24/2022 04:47:00 PM,35,CLEAR,DARKNESS - LIGHTED ROAD,SIDESWIPE SAME DIRECTION,ONE-WAY,NO CONTROLS,UNABLE TO DETERMINE,UNABLE TO DETERMINE,0,1,0,1,16,5,2,899,BROADWAY,41.763613,-87.64763,02/24/2022 04:48:00 PM,2022
CR00008474,03/24/2016 05:05:00 PM,45,CLEAR,DARKNESS - LIGHTED ROAD,REAR END,DIVIDED - W/MEDIAN (NOT RAISED),UNKNOWN,UNABLE TO DETERMINE,NOT APPLICABLE,0,0,0,0,17,5,3,291,ASHLAND AVE,41.763136,-87.635405,03/24/2016 06:07:00 PM,2016
CR00008475,05/11/2023 12:49:00 PM,40,CLOUDY/OVERCAST,DARKNESS - LIGHTED ROAD,TURNING,ONE-WAY,NO CONTROLS,DISREGARDING TRAFFIC SIGNALS,NOT APPLICABLE,0,0,0,0,12,5,5,2205,OGDEN AVE,41.740376,-87.703772,05/11/2023 02:06:00 PM,2023
CR00008476,01/01/2019 09:16:00 AM,15,CLEAR,DARKNESS,ANGLE,ONE-WAY,TRAFFIC SIGNAL,UNABLE TO DETERMINE,FAILING TO YIELD RIGHT-OF-WAY,0,0,0,0,9,3,1,1873,IRVING PARK RD,41.722528,-87.825974,01/01/2019 10:15:00 AM,2019
CR00008477,05/22/2018 12:31:00 PM,30,CLEAR,DAYLIGHT,REAR END,DIVIDED - W/MEDIAN (NOT RAISED),NO CONTROLS,UNABLE TO DETERMINE,UNABLE TO DETERMINE,0,0,0,0,12,3,5,272,CICERO AVE,41.924049,-87.768146,05/22/2018 12:39:00 PM,2018
CR00008478,02/21/2015 07:52:00 PM,30,CLEAR,DARKNESS - LIGHTED ROAD,REAR TO FRONT,ONE-WAY,YIELD,FAILING TO YIELD RIGHT-OF-WAY,UNABLE TO DETERMINE,0,2,0,2,19,7,2,1088,CICERO AVE,41.770571,-87.704956,02/21/2015 08:17:00 PM,2015
CR00008479,08/30/2015 05:29:00 PM,30,CLOUDY/OVERCAST,DARKNESS - LIGHTED ROAD,FIXED OBJECT,ONE-WAY,NO CONTROLS,IMPROPER LANE USAGE,UNABLE TO DETERMINE,0,0,0,0,17,1,8,650,ARCHER AVE,41.736802,-87.748403,08/30/2015 06:35:00 PM,2015
CR00008480,03/29/2018 10:54:00 AM,20,CLEAR,DAYLIGHT,FIXED OBJECT,FOUR WAY,UNKNOWN,UNABLE TO DETERMINE,FAILING TO REDUCE SPEED,0,0,0,0,10,5,3,807,MICHIGAN AVE,41.864501,-87.832328,03/29/2018 11:17:00 AM,2018
CR00008481,06/05/2015 02:56:00 PM,30,FOG/SMOKE/HAZE,DAYLIGHT,REAR END,ONE-WAY,NO CONTROLS,DISREGARDING TRAFFIC SIGNALS,DISREGARDING TRAFFIC SIGNALS,0,0,0,0,14,6,6,1002,OGDEN AVE,41.84341,-87.689676,06/05/2015 03:19:00 PM,2015
CR00008482,09/30/2023 06:19:00 PM,30,CLEAR,DAWN,ANGLE,DIVIDED - W/MEDIAN BARRIER,NO CONTROLS,FOLLOWING TOO CLOSELY,FOLLOWING TOO CLOSELY,0,0,0,0,18,7,9,854,MILWAUKEE AVE,41.891293,-87.533048,09/30/2023 07:22:00 PM,2023