CRASH_RECORD_ID,CRASH_DATE,POSTED_SPEED_LIMIT,WEATHER_CONDITION,LIGHTING_CONDITION,FIRST_CRASH_TYPE,TRAFFICWAY_TYPE,TRAFFIC_CONTROL_DEVICE,PRIM_CONTRIBUTORY_CAUSE,SEC_CONTRIBUTORY_CAUSE,INJURIES_FATAL,INJURIES_INCAPACITATING,INJURIES_NON_INCAPACITATING,INJURIES_TOTAL,CRASH_HOUR,CRASH_DAY_OF_WEEK,CRASH_MONTH,BEAT_OF_OCCURRENCE,STREET_NAME,LATITUDE,LONGITUDE,DATE_POLICE_NOTIFIED,year
CR00008483,06/26/2024 07:49:00 AM,30,CLOUDY/OVERCAST,DAYLIGHT,SIDESWIPE SAME DIRECTION,DIVIDED - W/MEDIAN (NOT RAISED),TRAFFIC SIGNAL,UNABLE TO DETERMINE,DRIVING SKILLS/KNOWLEDGE/EXPERIENCE,0,0,0,0,7,4,6,2272,79TH ST,41.77455,-87.815362,06/26/2024 08:19:00 AM,2024
CR00008484,01/12/2022 08:51:00 PM,35,CLEAR,DARKNESS - LIGHTED ROAD,TURNING,FOUR WAY,UNKNOWN,DISTRACTION - FROM INSIDE VEHICLE,NOT APPLICABLE,0,0,0,0,20,4,1,1299,STATE ST,41.940895,-87.689548,01/12/2022 09:25:00 PM,2022
CR00008485,08/01/2015 11:36:00 AM,45,CLEAR,DARKNESS - LIGHTED ROAD,ANGLE,NOT DIVIDED,TRAFFIC SIGNAL,DISTRACTION - FROM INSIDE VEHICLE,FOLLOWING TOO CLOSELY,0,0,0,0,11,7,8,1605,STONY ISLAND AVE,41.938402,-87.823301,08/01/2015 01:11:00 PM,2015
CR00008486,06/20/2016 06:14:00 PM,25,CLEAR,DAYLIGHT,PARKED MOTOR VEHICLE,NOT DIVIDED,NO CONTROLS,UNABLE TO DETERMINE,UNABLE TO DETERMINE,0,0,0,0,18,2,6,1775,FULLERTON AVE,41.831482,-87.804573,06/20/2016 06:40:00 PM,2016
CR00008487,07/28/2015 01:33:00 PM,30,CLEAR,DARKNESS - LIGHTED ROAD,REAR END,NOT DIVIDED,STOP SIGN/FLASHER,UNABLE TO DETERMINE,UNABLE TO DETERMINE,0,0,0,0,13,3,7,2352,BROADWAY,41.701487,-87.830282,07/28/2015 02:41:00 PM,2015
CR00008488,04/01/2022 07:00:00 AM,30,CLEAR,DAYLIGHT,REAR TO FRONT,ONE-WAY,NO CONTROLS,UNABLE TO DETERMINE,DRIVING SKILLS/KNOWLEDGE/EXPERIENCE,0,0,0,0,7,6,4,2283,CALIFORNIA AVE,41.858396,-87.823412,04/01/2022 08:45:00 AM,2022
CR00008489,07/19/2016 01:39:00 PM,15,FREEZING RAIN/DRIZZLE,DARKNESS - LIGHTED ROAD,PEDESTRIAN,ONE-WAY,NO CONTROLS,FAILING TO YIELD RIGHT-OF-WAY,IMPROPER LANE USAGE,0,1,1,2,13,3,7,1386,BROADWAY,41.818437,-87.650595,07/19/2016 02:17:00 PM,2016
CR00008490,06/26/2017 08:30:00 AM,40,RAIN,DAYLIGHT,TURNING,DIVIDED - W/MEDIAN (NOT RAISED),STOP SIGN/FLASHER,FOLLOWING TOO CLOSELY,UNABLE TO DETERMINE,0,0,0,0,8,2,6,111,ARCHER AVE,41.961401,-87.744817,06/26/2017 08:41:00 AM,2017
CR00008491,12/23/2016 07:58:00 PM,35,CLEAR,DARKNESS,REAR END,NOT DIVIDED,PEDESTRIAN CROSSING SIGN,DRIVING SKILLS/KNOWLEDGE/EXPERIENCE,UNABLE TO DETERMINE,0,1,1,2,19,6,12,1199,CICERO AVE,41.77169,-87.539168,12/23/2016 09:57:00 PM,2016
CR00008492,09/09/2024 01:48:00 PM,35,CLEAR,DAYLIGHT,SIDESWIPE SAME DIRECTION,NOT DIVIDED,STOP SIGN/FLASHER,IMPROPER OVERTAKING/PASSING,IMPROPER OVERTAKING/PASSING,0,0,0,0,13,2,9,1907,CALIFORNIA AVE,41.785181,-87.518577,09/09/2024 03:29:00 PM,2024
CR00008493,03/18/2020 08:17:00 PM,25,CLEAR,DARKNESS - LIGHTED ROAD,FIXED OBJECT,NOT DIVIDED,NO CONTROLS,FOLLOWING TOO CLOSELY,NOT APPLICABLE,0,0,0,0,20,4,3,2517,ASHLAND AVE,41.904296,-87.743238,03/18/2020 10:06:00 PM,2020
CR00008494,11/17/2015 05:35:00 PM,40,CLEAR,DAYLIGHT,TURNING,DIVIDED - W/MEDIAN (NOT RAISED),STOP SIGN/FLASHER,FOLLOWING TOO CLOSELY,FAILING TO YIELD RIGHT-OF-WAY,0,0,0,0,17,3,11,1983,47TH ST,41.750243,-87.778369,11/17/2015 05:38:00 PM,2015
CR00008495,10/13/2018 03:13:00 PM,15,RAIN,DARKNESS - LIGHTED ROAD,REAR END,ONE-WAY,NO CONTROLS,WEATHER,NOT APPLICABLE,0,0,0,0,15,7,10,1495,ASHLAND AVE,41.902492,-87.614084,10/13/2018 03:50:00 PM,2018
CR00008496,12/20/2017 10:06:00 PM,35,CLOUDY/OVERCAST,DUSK,REAR TO FRONT,NOT DIVIDED,NO CONTROLS,UNABLE TO DETERMINE,NOT APPLICABLE,0,0,0,0,22,4,12,1375,DIVISION ST,41.930093,-87.505574,12/20/2017 10:16:00 PM,2017
CR00008497,08/28/2024 06:03:00 PM,15,CLEAR,DAYLIGHT,FIXED OBJECT,NOT DIVIDED,STOP SIGN/FLASHER,FOLLOWING TOO CLOSELY,FOLLOWING TOO CLOSELY,0,0,0,0,18,4,8,2148,FULLERTON AVE,41.714102,-87.557874,08/28/2024 07:24:00 PM,2024
CR00008498,04/27/2018 02:51:00 PM,30,CLEAR,DARKNESS,TURNING,ONE-WAY,TRAFFIC SIGNAL,UNABLE TO DETERMINE,DRIVING SKILLS/KNOWLEDGE/EXPERIENCE,0,0,0,0,14,6,4,1533,47TH ST,41.79691,-87.600903,04/27/2018 04:28:00 PM,2018
CR00008499,07/30/2017 07:44:00 AM,20,CLEAR,DAYLIGHT,PEDESTRIAN,NOT DIVIDED,TRAFFIC SIGNAL,IMPROPER OVERTAKING/PASSING,DISREGARDING TRAFFIC SIGNALS,0,0,0,0,7,1,7,2134,BROADWAY,41.963635,-87.510028,07/30/2017 08:59:00 AM,2017
CR00008500,04/27/2021 03:11:00 PM,30,CLEAR,DAYLIGHT,REAR END,NOT DIVIDED,NO CONTROLS,DRIVING SKILLS/KNOWLEDGE/EXPERIENCE,FOLLOWING TOO CLOSELY,0,0,0,0,15,3,4,1089,KEDZIE AVE,41.742479,-87.836115,04/27/2021 03:52:00 PM,2021
CR00008501,06/07/2017 04:01:00 PM,30,SNOW,DAYLIGHT,PEDESTRIAN,NOT DIVIDED,TRAFFIC SIGNAL,FOLLOWING TOO CLOSELY,NOT APPLICABLE,0,0,0,0,16,4,6,1795,BROADWAY,41.93324,-87.612901,06/07/2017 04:23:00 PM,2017
CR00008502,08/31/2016 08:39:00 PM,20,CLEAR,DAYLIGHT,PARKED MOTOR VEHICLE,NOT DIVIDED,UNKNOWN,UNABLE TO DETERMINE,FOLLOWING TOO CLOSELY,0,0,0,0,20,4,8,1532,IRVING PARK RD,41.985344,-87.669024,08/31/2016 09:07:00 PM,2016
CR00008503,10/24/2020 07:26:00 PM,30,CLEAR,DARKNESS,PARKED MOTOR VEHICLE,DIVIDED - W/MEDIAN BARRIER,TRAFFIC SIGNAL,DRIVING SKILLS/KNOWLEDGE/EXPERIENCE,FOLLOWING TOO CLOSELY,0,2,1,3,19,7,10,1049,MILWAUKEE AVE,41.921863,-87.690499,10/24/2020 09:08:00 PM,2020
CR00008504,04/22/2016 05:52:00 AM,45,CLEAR,DARKNESS - LIGHTED ROAD,ANGLE,FOUR WAY,TRAFFIC SIGNAL,FAILING TO YIELD RIGHT-OF-WAY,WEATHER,0,0,0,0,5,6,4,2124,ROOSEVELT RD,41.890013,-87.524299,04/22/2016 07:35:00 AM,2016
CR00008505,07/20/2021 10:09:00 PM,15,CLOUDY/OVERCAST,DARKNESS - LIGHTED ROAD,TURNING,DIVIDED - W/MEDIAN (NOT RAISED),NO CONTROLS,DISREGARDING TRAFFIC SIGNALS,UNABLE TO DETERMINE,0,0,0,0,22,3,7,1516,47TH ST,41.8446,-87.838157,07/20/2021 11:30:00 PM,2021
CR00008506,01/19/2018 12:57:00 AM,35,RAIN,DAYLIGHT,PARKED MOTOR VEHICLE,NOT DIVIDED,NO CONTROLS,UNABLE TO DETERMINE,DRIVING SKILLS/KNOWLEDGE/EXPERIENCE,0,0,0,0,0,6,1,1872,FULLERTON AVE,41.931762,-87.700817,01/19/2018 01:21:00 AM,2018
CR00008507,12/02/2016 07:11:00 AM,30,CLEAR,DARKNESS - LIGHTED ROAD,ANGLE,ONE-WAY,TRAFFIC SIGNAL,UNABLE TO DETERMINE,DISREGARDING TRAFFIC SIGNALS,0,0,0,0,7,6,12,2055,DAMEN AVE,41.849696,-87.798883,12/02/2016 07:29:00 AM,2016
CR00008508,01/28/2022 02:31:00 PM,35,CLEAR,DAYLIGHT,REAR TO FRONT,T-INTERSECTION,TRAFFIC SIGNAL,UNABLE TO DETERMINE,DRIVING SKILLS/KNOWLEDGE/EXPERIENCE,0,0,1,1,14,6,1,1433,ROOSEVELT RD,41.934556,-87.517951,01/28/2022 02:41:00 PM,2022
CR00008509,04/10/2022 11:08:00 AM,20,CLEAR,DAYLIGHT,FIXED OBJECT,FOUR WAY,STOP SIGN/FLASHER,UNABLE TO DETERMINE,NOT APPLICABLE,0,0,1,1,11,1,4,1380,FULLERTON AVE,41.731898,-87.75338,04/10/2022 12:46:00 PM,2022
CR00008510,09/30/2015 06:15:00 PM,15,CLEAR,DARKNESS - LIGHTED ROAD,TURNING,NOT DIVIDED,NO CONTROLS,FOLLOWING TOO CLOSELY,DISTRACTION - FROM INSIDE VEHICLE,0,0,1,1,18,4,9,1406,ASHLAND AVE,41.814867,-87.511272,09/30/2015 08:00:00 PM,2015
CR00008511,05/15/2023 08:24:00 PM,35,CLEAR,DARKNESS - LIGHTED ROAD,TURNING,NOT DIVIDED,TRAFFIC SIGNAL,UNABLE TO DETERMINE,FOLLOWING TOO CLOSELY,0,0,0,0,20,2,5,313,STONY ISLAND AVE,41.738693,-87.716157,05/15/2023 08:42:00 PM,2023
CR00008512,07/11/2017 07:13:00 AM,40,CLEAR,DARKNESS - LIGHTED ROAD,FIXED OBJECT,T-INTERSECTION,NO CONTROLS,FOLLOWING TOO CLOSELY,IMPROPER LANE USAGE,0,0,0,0,7,3,7,1751,PULASKI RD,41.747355,-87.781225,07/11/2017 07:52:00 AM,2017
CR00008513,08/11/2021 09:06:00 PM,40,CLEAR,DUSK,SIDESWIPE SAME DIRECTION,FOUR WAY,TRAFFIC SIGNAL,DISTRACTION - FROM INSIDE VEHICLE,NOT APPLICABLE,0,0,0,0,21,4,8,1242,CICERO AVE,41.775776,-87.667548,08/11/2021 09:34:00 PM,2021
CR00008514,01/25/2023 04:51:00 AM,45,CLEAR,DAYLIGHT,REAR TO FRONT,NOT DIVIDED,TRAFFIC SIGNAL,FOLLOWING TOO CLOSELY,DRIVING SKILLS/KNOWLEDGE/EXPERIENCE,0,0,1,1,4,4,1,845,WESTERN AVE,41.780551,-87.750778,01/25/2023 04:52:00 AM,2023
CR00008515,05/13/2016 04:56:00 PM,35,CLEAR,DARKNESS - LIGHTED ROAD,TURNING,ONE-WAY,UNKNOWN,FAILING TO REDUCE SPEED,UNABLE TO DETERMINE,0,0,1,1,16,6,5,894,ROOSEVELT RD,41.80716,-87.531411,05/13/2016 05:17:00 PM,2016
CR00008516,02/21/2022 10:59:00 AM,30,CLEAR,DAYLIGHT,TURNING,ONE-WAY,NO CONTROLS,UNABLE TO DETERMINE,DISREGARDING TRAFFIC SIGNALS,0,0,0,0,10,2,2,644,79TH ST,41.96688,-87.658782,02/21/2022 11:19:00 AM,2022
CR00008517,02/12/2016 05:42:00 AM,30,SNOW,DAYLIGHT,REAR TO FRONT,ONE-WAY,TRAFFIC SIGNAL,UNABLE TO DETERMINE,FAILING TO REDUCE SPEED,0,0,0,0,5,6,2,1314,FULLERTON AVE,41.819889,-87.59162,02/12/2016 05:58:00 AM,2016
CR00008518,01/21/2016 12:54:00 AM,20,CLEAR,DAYLIGHT,PEDESTRIAN,ONE-WAY,STOP SIGN/FLASHER,IMPROPER OVERTAKING/PASSING,NOT APPLICABLE,0,0,0,0,0,5,1,645,DAMEN AVE,41.985137,-87.763645,01/21/2016 01:18:00 AM,2016
CR00008519,11/29/2024 06:29:00 PM,20,CLEAR,DARKNESS,TURNING,FOUR WAY,NO CONTROLS,UNABLE TO DETERMINE,UNABLE TO DETERMINE,0,0,0,0,18,6,11,186,HALSTED ST,41.785942,-87.558443,11/29/2024 07:40:00 PM,2024
CR00008520,01/17/2017 05:46:00 PM,15,CLEAR,DAYLIGHT,REAR TO FRONT,NOT DIVIDED,TRAFFIC SIGNAL,UNABLE TO DETERMINE,FOLLOWING TOO CLOSELY,0,0,0,0,17,3,1,1011,OGDEN AVE,41.930604,-87.531922,01/17/2017 06:38:00 PM,2017
CR00008521,01/08/2017 10:47:00 PM,25,CLOUDY/OVERCAST,DAYLIGHT,SIDESWIPE SAME DIRECTION,T-INTERSECTION,NO CONTROLS,FOLLOWING TOO CLOSELY,DISTRACTION - FROM INSIDE VEHICLE,0,0,0,0,22,1,1,2509,CICERO AVE,41.888046,-87.753872,01/09/2017 12:29:00 AM,2017
CR00008522,05/06/2021 03:16:00 PM,35,CLEAR,DAYLIGHT,PARKED MOTOR VEHICLE,NOT DIVIDED,NO CONTROLS,UNABLE TO DETERMINE,NOT APPLICABLE,0,0,2,2,15,5,5,1096,DAMEN AVE,41.972282,-87.683348,05/06/2021 03:58:00 PM,2021
CR00008523,08/31/2016 05:04:00 PM,35,CLEAR,DARKNESS - LIGHTED ROAD,REAR END,NOT DIVIDED,NO CONTROLS,IMPROPER OVERTAKING/PASSING,DISREGARDING TRAFFIC SIGNALS,0,0,0,0,17,4,8,1965,HALSTED ST,41.968784,-87.661063,08/31/2016 07:04:00 PM,2016
CR00008524,03/20/2021 05:29:00 PM,40,CLEAR,DAYLIGHT,TURNING,NOT DIVIDED,UNKNOWN,IMPROPER OVERTAKING/PASSING,IMPROPER LANE USAGE,0,0,1,1,17,7,3,649,63RD ST,41.887998,-87.50146,03/20/2021 05:48:00 PM,2021
CR00008525,07/15/2017 12:47:00 AM,30,RAIN,DAYLIGHT,REAR END,NOT DIVIDED,TRAFFIC SIGNAL,UNABLE TO DETERMINE,FOLLOWING TOO CLOSELY,0,0,0,0,0,7,7,676,KEDZIE AVE,41.936729,-87.697492,07/15/2017 01:57:00 AM,2017
CR00008526,06/12/2019 10:19:00 PM,20,CLEAR,DARKNESS - LIGHTED ROAD,REAR END,NOT DIVIDED,TRAFFIC SIGNAL,UNABLE TO DETERMINE,UNABLE TO DETERMINE,0,0,1,1,22,4,6,471,KEDZIE AVE,41.893539,-87.594465,06/12/2019 10:29:00 PM,2019
CR00008527,11/24/2018 06:08:00 AM,45,FREEZING RAIN/DRIZZLE,DARKNESS - LIGHTED ROAD,PEDESTRIAN,NOT DIVIDED,NO CONTROLS,IMPROPER OVERTAKING/PASSING,NOT APPLICABLE,0,0,0,0,6,7,11,1039,63RD ST,41.900428,-87.547626,11/24/2018 06:53:00 AM,2018
CR00008528,07/30/2019 02:26:00 PM,25,CLEAR,DAYLIGHT,ANGLE,DIVIDED - W/MEDIAN BARRIER,NO CONTROLS,UNABLE TO DETERMINE,DISTRACTION - FROM INSIDE VEHICLE,0,0,2,2,14,3,7,2196,HALSTED ST,41.983982,-87.52381,07/30/2019 03:05:00 PM,2019
CR00008529,10/17/2020 03:05:00 PM,20,CLEAR,DAYLIGHT,SIDESWIPE SAME DIRECTION,FOUR WAY,NO CONTROLS,DISTRACTION - FROM INSIDE VEHICLE,FOLLOWING TOO CLOSELY,0,0,0,0,15,7,10,425,IRVING PARK RD,41.770292,-87.778065,10/17/2020 04:39:00 PM,2020
CR00008530,12/09/2016 05:26:00 AM,40,SNOW,DARKNESS,TURNING,NOT DIVIDED,NO CONTROLS,WEATHER,UNABLE TO DETERMINE,0,0,0,0,5,6,12,2177,OGDEN AVE,41.720144,-87.621511,12/09/2016 07:14:00 AM,2016
CR00008531,11/07/2020 09:23:00 AM,35,CLEAR,DAYLIGHT,REAR END,NOT DIVIDED,TRAFFIC SIGNAL,DRIVING SKILLS/KNOWLEDGE/EXPERIENCE,NOT APPLICABLE,0,0,0,0,9,7,11,1719,47TH ST,41.958273,-87.677233,11/07/2020 10:13:00 AM,2020
CR00008532,07/22/2023 08:28:00 AM,45,CLEAR,DAYLIGHT,SIDESWIPE SAME DIRECTION,NOT DIVIDED,NO CONTROLS,DISTRACTION - FROM INSIDE VEHICLE,FAILING TO YIELD RIGHT-OF-WAY,0,0,0,0,8,7,7,2105,79TH ST,41.798983,-87.610379,07/22/2023 08:29:00 AM,2023
CR00008533,05/04/2021 05:59:00 PM,45,CLEAR,DAYLIGHT,PARKED MOTOR VEHICLE,DIVIDED - W/MEDIAN (NOT RAISED),TRAFFIC SIGNAL,IMPROPER LANE USAGE,NOT APPLICABLE,0,0,1,1,17,3,5,1214,DIVISION ST,41.71746,-87.725562,05/04/2021 06:10:00 PM,2021
CR00008534,01/08/2024 06:56:00 PM,25,CLEAR,DARKNESS - LIGHTED ROAD,SIDESWIPE SAME DIRECTION,NOT DIVIDED,NO CONTROLS,UNABLE TO DETERMINE,DRIVING SKILLS/KNOWLEDGE/EXPERIENCE,0,0,0,0,18,2,1,141,STONY ISLAND AVE,41.998971,-87.77281,01/08/2024 08:02:00 PM,2024
CR00008535,10/20/2015 06:49:00 PM,35,CLOUDY/OVERCAST,DAYLIGHT,REAR END,ONE-WAY,STOP SIGN/FLASHER,FOLLOWING TOO CLOSELY,FOLLOWING TOO CLOSELY,0,2,1,3,18,3,10,1084,ELSTON AVE,41.796215,-87.697226,10/20/2015 08:43:00 PM,2015
CR00008536,07/24/2022 01:02:00 PM,35,CLEAR,DARKNESS - LIGHTED ROAD,REAR TO FRONT,DIVIDED - W/MEDIAN (NOT RAISED),STOP SIGN/FLASHER,UNABLE TO DETERMINE,UNABLE TO DETERMINE,0,0,0,0,13,1,7,2155,DIVISION ST,41.761808,-87.782499,07/24/2022 02:58:00 PM,2022
CR00008537,05/07/2021 12:05:00 PM,45,CLEAR,DAYLIGHT,ANGLE,ONE-WAY,NO CONTROLS,UNABLE TO DETERMINE,UNABLE TO DETERMINE,0,0,0,0,12,6,5,1891,BROADWAY,41.863169,-87.776594,05/07/2021 01:09:00 PM,2021
CR00008538,12/28/2018 10:52:00 PM,30,RAIN,DARKNESS - LIGHTED ROAD,ANGLE,ONE-WAY,NO CONTROLS,FOLLOWING TOO CLOSELY,UNABLE TO DETERMINE,0,1,1,2,22,6,12,2436,ASHLAND AVE,41.747372,-87.774435,12/29/2018 12:01:00 AM,2018
CR00008539,05/17/2016 06:47:00 AM,45,RAIN,DAYLIGHT,TURNING,NOT DIVIDED,NO CONTROLS,UNABLE TO DETERMINE,DISREGARDING TRAFFIC SIGNALS,0,1,1,2,6,3,5,1954,MILWAUKEE AVE,41.973107,-87.777212,05/17/2016 08:44:00 AM,2016
CR00008540,08/14/2017 06:02:00 PM,30,CLEAR,DUSK,PARKED MOTOR VEHICLE,NOT DIVIDED,UNKNOWN,UNABLE TO DETERMINE,IMPROPER OVERTAKING/PASSING,0,0,0,0,18,2,8,927,ARCHER AVE,41.848585,-87.71603,08/14/2017 07:13:00 PM,2017
CR00008541,05/15/2023 08:39:00 PM,25,CLEAR,DAYLIGHT,TURNING,DIVIDED - W/MEDIAN (NOT RAISED),NO CONTROLS,DISREGARDING TRAFFIC SIGNALS,NOT APPLICABLE,0,0,0,0,20,2,5,2481,HALSTED ST,41.841586,-87.831482,05/15/2023 08:54:00 PM,2023
CR00008542,02/04/2020 11:52:00 AM,35,CLEAR,DAYLIGHT,TURNING,NOT DIVIDED,TRAFFIC SIGNAL,UNABLE TO DETERMINE,DRIVING SKILLS/KNOWLEDGE/EXPERIENCE,0,0,0,0,11,3,2,1934,OGDEN AVE,41.858082,-87.833853,02/04/2020 01:29:00 PM,2020
CR00008543,05/26/2021 09:24:00 AM,30,CLEAR,DARKNESS,TURNING,ONE-WAY,UNKNOWN,UNABLE TO DETERMINE,UNABLE TO DETERMINE,0,0,0,0,9,4,5,1722,CICERO AVE,41.872625,-87.643125,05/26/2021 10:03:00 AM,2021
CR00008544,01/21/2020 11:20:00 PM,30,CLEAR,DAYLIGHT,REAR END,DIVIDED - W/MEDIAN (NOT RAISED),NO CONTROLS,FOLLOWING TOO CLOSELY,UNABLE TO DETERMINE,0,0,3,3,23,3,1,876,79TH ST,41.997146,-87.547743,01/22/2020 01:16:00 AM,2020
CR00008545,06/06/2024 08:19:00 AM,35,CLEAR,DARKNESS - LIGHTED ROAD,ANGLE,DIVIDED - W/MEDIAN (NOT RAISED),TRAFFIC SIGNAL,FAILING TO YIELD RIGHT-OF-WAY,NOT APPLICABLE,0,0,0,0,8,5,6,708,STONY ISLAND AVE,41.894663,-87.779678,06/06/2024 09:20:00 AM,2024
CR00008546,09/07/2024 05:11:00 PM,35,RAIN,DAYLIGHT,REAR TO FRONT,T-INTERSECTION,TRAFFIC SIGNAL,DRIVING SKILLS/KNOWLEDGE/EXPERIENCE,DRIVING SKILLS/KNOWLEDGE/EXPERIENCE,0,0,0,0,17,7,9,2022,WESTERN AVE,41.810077,-87.622966,09/07/2024 06:08:00 PM,2024
CR00008547,11/10/2019 10:49:00 AM,15,SNOW,DAYLIGHT,PEDESTRIAN,NOT DIVIDED,TRAFFIC SIGNAL,FAILING TO REDUCE SPEED,FAILING TO REDUCE SPEED,0,0,0,0,10,1,11,1415,79TH ST,41.721911,-87.600598,11/10/2019 11:11:00 AM,2019
CR00008548,02/27/2019 03:28:00 PM,35,CLEAR,DARKNESS - LIGHTED ROAD,FIXED OBJECT,DIVIDED - W/MEDIAN BARRIER,NO CONTROLS,IMPROPER LANE USAGE,DRIVING SKILLS/KNOWLEDGE/EXPERIENCE,0,0,0,0,15,4,2,728,CICERO AVE,41.922624,-87.714847,02/27/2019 03:43:00 PM,2019
CR00008549,05/19/2021 03:13:00 PM,35,CLEAR,DUSK,ANGLE,FOUR WAY,TRAFFIC SIGNAL,DRIVING SKILLS/KNOWLEDGE/EXPERIENCE,DISREGARDING TRAFFIC SIGNALS,0,0,2,2,15,4,5,960,63RD ST,41.80219,-87.600546,05/19/2021 05:03:00 PM,2021
CR00008550,07/05/2022 09:14:00 PM,15,SNOW,DAYLIGHT,PARKED MOTOR VEHICLE,ONE-WAY,TRAFFIC SIGNAL,UNABLE TO DETERMINE,FOLLOWING TOO CLOSELY,0,0,1,1,21,3,7,1009,OGDEN AVE,41.732567,-87.789765,07/05/2022 09:25:00 PM,2022
CR00008551,02/28/2023 07:47:00 PM,30,FREEZING RAIN/DRIZZLE,DAYLIGHT,REAR END,FOUR WAY,TRAFFIC SIGNAL,IMPROPER LANE USAGE,FOLLOWING TOO CLOSELY,0,0,0,0,19,3,2,235,PULASKI RD,41.948112,-87.541332,02/28/2023 08:16:00 PM,2023
CR00008552,10/18/2018 09:52:00 AM,30,RAIN,DARKNESS - LIGHTED ROAD,REAR END,DIVIDED - W/MEDIAN (NOT RAISED),NO CONTROLS,FAILING TO YIELD RIGHT-OF-WAY,UNABLE TO DETERMINE,0,0,1,1,9,5,10,1892,HALSTED ST,41.806833,-87.646861,10/18/2018 10:51:00 AM,2018
CR00008553,08/10/2021 12:53:00 PM,30,RAIN,DAYLIGHT,PARKED MOTOR VEHICLE,NOT DIVIDED,STOP SIGN/FLASHER,DISREGARDING TRAFFIC SIGNALS,FAILING TO REDUCE SPEED,0,0,0,0,12,3,8,1341,CLARK ST,41.832212,-87.658766,08/10/2021 01:26:00 PM,2021
CR00008554,06/18/2018 09:29:00 PM,30,CLEAR,DAYLIGHT,SIDESWIPE SAME DIRECTION,T-INTERSECTION,NO CONTROLS,UNABLE TO DETERMINE,NOT APPLICABLE,0,0,0,0,21,2,6,2493,WESTERN AVE,41.777258,-87.778751,06/18/2018 10:04:00 PM,2018
CR00008555,06/27/2024 06:08:00 PM,30,CLEAR,DARKNESS - LIGHTED ROAD,ANGLE,NOT DIVIDED,STOP SIGN/FLASHER,FOLLOWING TOO CLOSELY,UNABLE TO DETERMINE,0,0,1,1,18,5,6,2451,OGDEN AVE,41.824264,-87.682921,06/27/2024 08:08:00 PM,2024
CR00008556,12/23/2021 09:55:00 PM,30,CLEAR,DAYLIGHT,PARKED MOTOR VEHICLE,ONE-WAY,STOP SIGN/FLASHER,DISTRACTION - FROM INSIDE VEHICLE,DRIVING SKILLS/KNOWLEDGE/EXPERIENCE,0,0,0,0,21,5,12,682,63RD ST,41.774819,-87.568157,12/23/2021 10:00:00 PM,2021
CR00008557,10/18/2021 11:58:00 PM,20,CLEAR,DAYLIGHT,PARKED MOTOR VEHICLE,DIVIDED - W/MEDIAN (NOT RAISED),NO CONTROLS,UNABLE TO DETERMINE,NOT APPLICABLE,0,0,0,0,23,2,10,751,DIVISION ST,41.754397,-87.721774,10/19/2021 12:58:00 AM,2021
CR00008558,10/16/2021 07:21:00 AM,45,CLEAR,DAYLIGHT,ANGLE,ONE-WAY,TRAFFIC SIGNAL,UNABLE TO DETERMINE,DISREGARDING TRAFFIC SIGNALS,0,0,0,0,7,7,10,874,FULLERTON AVE,41.772526,-87.699469,10/16/2021 09:18:00 AM,2021
CR00008559,07/12/2017 02:43:00 AM,25,RAIN,DAYLIGHT,REAR END,NOT DIVIDED,TRAFFIC SIGNAL,IMPROPER OVERTAKING/PASSING,UNABLE TO DETERMINE,0,0,0,0,2,4,7,297,MILWAUKEE AVE,41.972785,-87.784929,07/12/2017 04:15:00 AM,2017
CR00008560,05/14/2018 01:44:00 PM,20,CLEAR,DAYLIGHT,PARKED MOTOR VEHICLE,DIVIDED - W/MEDIAN BARRIER,YIELD,UNABLE TO DETERMINE,FAILING TO YIELD RIGHT-OF-WAY,0,0,0,0,13,2,5,2256,ASHLAND AVE,41.869279,-87.659694,05/14/2018 03:22:00 PM,2018
CR00008561,05/25/2016 08:15:00 AM,30,CLEAR,DAYLIGHT,REAR END,NOT DIVIDED,NO CONTROLS,UNABLE TO DETERMINE,DRIVING SKILLS/KNOWLEDGE/EXPERIENCE,0,0,0,0,8,4,5,356,HALSTED ST,41.916665,-87.502773,05/25/2016 08:50:00 AM,2016
CR00008562,09/03/2015 06:00:00 PM,40,CLEAR,DARKNESS - LIGHTED ROAD,PEDESTRIAN,DIVIDED - W/MEDIAN (NOT RAISED),STOP SIGN/FLASHER,IMPROPER OVERTAKING/PASSING,UNABLE TO DETERMINE,0,0,0,0,18,5,9,813,ROOSEVELT RD,41.705014,-87.519031,09/03/2015 07:22:00 PM,2015
CR00008563,07/04/2019 08:22:00 AM,35,CLEAR,DAYLIGHT,REAR END,NOT DIVIDED,STOP SIGN/FLASHER,FAILING TO YIELD RIGHT-OF-WAY,UNABLE TO DETERMINE,0,0,0,0,8,5,7,2121,ROOSEVELT RD,41.984103,-87.585732,07/04/2019 09:21:00 AM,2019
CR00008564,04/06/2020 07:50:00 AM,15,SNOW,DAYLIGHT,SIDESWIPE SAME DIRECTION,DIVIDED - W/MEDIAN (NOT RAISED),NO CONTROLS,FAILING TO YIELD RIGHT-OF-WAY,UNABLE TO DETERMINE,0,0,0,0,7,2,4,1147,WESTERN AVE,41.779925,-87.576717,04/06/2020 08:32:00 AM,2020
CR00008565,02/24/2020 07:20:00 AM,15,RAIN,DARKNESS - LIGHTED ROAD,REAR END,NOT DIVIDED,NO CONTROLS,FAILING TO YIELD RIGHT-OF-WAY,IMPROPER LANE USAGE,0,0,0,0,7,2,2,1415,ASHLAND AVE,41.952847,-87.566413,02/24/2020 09:05:00 AM,2020