CRASH_RECORD_ID,CRASH_DATE,POSTED_SPEED_LIMIT,WEATHER_CONDITION,LIGHTING_CONDITION,FIRST_CRASH_TYPE,TRAFFICWAY_TYPE,TRAFFIC_CONTROL_DEVICE,PRIM_CONTRIBUTORY_CAUSE,SEC_CONTRIBUTORY_CAUSE,INJURIES_FATAL,INJURIES_INCAPACITATING,INJURIES_NON_INCAPACITATING,INJURIES_TOTAL,CRASH_HOUR,CRASH_DAY_OF_WEEK,CRASH_MONTH,BEAT_OF_OCCURRENCE,STREET_NAME,LATITUDE,LONGITUDE,DATE_POLICE_NOTIFIED,year
CR00008566,06/22/2023 11:14:00 AM,30,CLEAR,DAYLIGHT,REAR END,NOT DIVIDED,UNKNOWN,DRIVING SKILLS/KNOWLEDGE/EXPERIENCE,DISTRACTION - FROM INSIDE VEHICLE,0,0,0,0,11,5,6,1134,CICERO AVE,41.766733,-87.65586,06/22/2023 01:14:00 PM,2023
CR00008567,05/06/2020 05:53:00 PM,35,CLEAR,DARKNESS - LIGHTED ROAD,REAR END,NOT DIVIDED,TRAFFIC SIGNAL,IMPROPER OVERTAKING/PASSING,IMPROPER OVERTAKING/PASSING,0,2,1,3,17,4,5,1416,KEDZIE AVE,41.75392,-87.667085,05/06/2020 06:52:00 PM,2020
CR00008568,10/16/2016 01:39:00 AM,30,CLEAR,DAYLIGHT,FIXED OBJECT,ONE-WAY,STOP SIGN/FLASHER,WEATHER,FAILING TO YIELD RIGHT-OF-WAY,0,0,3,3,1,1,10,230,LAKE SHORE DR,41.83838,-87.818623,10/16/2016 03:07:00 AM,2016
CR00008569,12/19/2019 08:19:00 AM,35,CLEAR,DARKNESS - LIGHTED ROAD,REAR TO FRONT,DIVIDED - W/MEDIAN BARRIER,NO CONTROLS,IMPROPER OVERTAKING/PASSING,UNABLE TO DETERMINE,0,0,0,0,8,5,12,1674,OGDEN AVE,41.741009,-87.737956,12/19/2019 10:05:00 AM,2019
CR00008570,01/26/2019 10:01:00 AM,30,CLEAR,DAYLIGHT,REAR END,DIVIDED - W/MEDIAN (NOT RAISED),NO CONTROLS,UNABLE TO DETERMINE,UNABLE TO DETERMINE,0,0,0,0,10,7,1,912,79TH ST,41.889324,-87.519888,01/26/2019 11:31:00 AM,2019
CR00008571,06/23/2016 07:52:00 AM,35,CLEAR,DUSK,PARKED MOTOR VEHICLE,NOT DIVIDED,TRAFFIC SIGNAL,FOLLOWING TOO CLOSELY,IMPROPER OVERTAKING/PASSING,0,0,3,3,7,5,6,1239,OGDEN AVE,41.861381,-87.592421,06/23/2016 09:28:00 AM,2016
CR00008572,01/10/2021 10:44:00 AM,25,CLEAR,DARKNESS,PARKED MOTOR VEHICLE,ONE-WAY,TRAFFIC SIGNAL,FAILING TO YIELD RIGHT-OF-WAY,UNABLE TO DETERMINE,0,0,0,0,10,1,1,832,63RD ST,41.709319,-87.518233,01/10/2021 11:55:00 AM,2021
CR00008573,06/05/2020 05:52:00 PM,35,CLEAR,DAYLIGHT,REAR END,ONE-WAY,NO CONTROLS,IMPROPER LANE USAGE,NOT APPLICABLE,0,0,1,1,17,6,6,1592,CALIFORNIA AVE,41.894713,-87.510949,06/05/2020 06:16:00 PM,2020
CR00008574,05/14/2023 06:18:00 AM,20,CLEAR,DARKNESS - LIGHTED ROAD,TURNING,DIVIDED - W/MEDIAN BARRIER,STOP SIGN/FLASHER,IMPROPER LANE USAGE,WEATHER,0,0,0,0,6,1,5,1724,47TH ST,41.753313,-87.673329,05/14/2023 07:43:00 AM,2023
CR00008575,03/05/2016 05:47:00 PM,35,SNOW,DAYLIGHT,REAR TO FRONT,NOT DIVIDED,STOP SIGN/FLASHER,UNABLE TO DETERMINE,FOLLOWING TOO CLOSELY,0,0,1,1,17,7,3,1871,47TH ST,41.705729,-87.834571,03/05/2016 07:08:00 PM,2016
CR00008576,11/29/2018 08:03:00 PM,30,SNOW,DARKNESS - LIGHTED ROAD,SIDESWIPE SAME DIRECTION,NOT DIVIDED,TRAFFIC SIGNAL,UNABLE TO DETERMINE,DISREGARDING TRAFFIC SIGNALS,0,0,1,1,20,5,11,543,CALIFORNIA AVE,41.836554,-87.595014,11/29/2018 09:07:00 PM,2018
CR00008577,07/09/2015 08:28:00 PM,45,CLEAR,DARKNESS - LIGHTED ROAD,TURNING,DIVIDED - W/MEDIAN BARRIER,TRAFFIC SIGNAL,UNABLE TO DETERMINE,IMPROPER OVERTAKING/PASSING,0,0,0,0,20,5,7,1918,BROADWAY,41.798497,-87.648055,07/09/2015 09:06:00 PM,2015
CR00008578,01/25/2019 09:22:00 AM,30,CLEAR,DAYLIGHT,REAR END,NOT DIVIDED,UNKNOWN,IMPROPER OVERTAKING/PASSING,FAILING TO REDUCE SPEED,0,0,1,1,9,6,1,2441,ROOSEVELT RD,41.70982,-87.690373,01/25/2019 10:39:00 AM,2019
CR00008579,10/08/2021 09:33:00 AM,30,CLEAR,DAYLIGHT,SIDESWIPE SAME DIRECTION,DIVIDED - W/MEDIAN (NOT RAISED),TRAFFIC SIGNAL,UNABLE TO DETERMINE,FOLLOWING TOO CLOSELY,0,1,1,2,9,6,10,981,WESTERN AVE,41.907726,-87.722516,10/08/2021 10:29:00 AM,2021
CR00008580,01/12/2019 08:50:00 AM,30,CLEAR,DAYLIGHT,SIDESWIPE SAME DIRECTION,NOT DIVIDED,TRAFFIC SIGNAL,DRIVING SKILLS/KNOWLEDGE/EXPERIENCE,FAILING TO YIELD RIGHT-OF-WAY,0,0,0,0,8,7,1,684,CICERO AVE,41.88729,-87.711989,01/12/2019 09:51:00 AM,2019
CR00008581,03/22/2016 04:21:00 AM,30,CLEAR,DAYLIGHT,SIDESWIPE SAME DIRECTION,T-INTERSECTION,NO CONTROLS,IMPROPER OVERTAKING/PASSING,UNABLE TO DETERMINE,0,0,0,0,4,3,3,1090,KEDZIE AVE,41.98824,-87.817202,03/22/2016 05:05:00 AM,2016
CR00008582,07/15/2022 03:12:00 PM,30,CLEAR,DARKNESS - LIGHTED ROAD,REAR END,NOT DIVIDED,TRAFFIC SIGNAL,UNABLE TO DETERMINE,DISTRACTION - FROM INSIDE VEHICLE,0,0,0,0,15,6,7,1395,DAMEN AVE,41.743944,-87.802679,07/15/2022 03:32:00 PM,2022
CR00008583,05/17/2022 07:35:00 PM,25,RAIN,DAYLIGHT,REAR TO FRONT,NOT DIVIDED,TRAFFIC SIGNAL,UNABLE TO DETERMINE,FAILING TO YIELD RIGHT-OF-WAY,0,0,0,0,19,3,5,2011,STONY ISLAND AVE,41.961359,-87.706967,05/17/2022 08:00:00 PM,2022
CR00008584,07/17/2015 06:03:00 PM,20,CLEAR,DARKNESS,FIXED OBJECT,NOT DIVIDED,UNKNOWN,IMPROPER LANE USAGE,DISTRACTION - FROM INSIDE VEHICLE,0,0,0,0,18,6,7,1347,ELSTON AVE,41.86522,-87.715691,07/17/2015 07:30:00 PM,2015
CR00008585,06/11/2017 03:00:00 PM,25,CLEAR,DAYLIGHT,REAR END,FOUR WAY,NO CONTROLS,FAILING TO YIELD RIGHT-OF-WAY,IMPROPER LANE USAGE,0,0,0,0,15,1,6,862,ROOSEVELT RD,41.983507,-87.512998,06/11/2017 03:41:00 PM,2017
CR00008586,11/27/2015 10:24:00 AM,25,RAIN,DARKNESS - LIGHTED ROAD,SIDESWIPE SAME DIRECTION,DIVIDED - W/MEDIAN (NOT RAISED),NO CONTROLS,UNABLE TO DETERMINE,UNABLE TO DETERMINE,0,0,0,0,10,6,11,1054,HALSTED ST,41.810696,-87.78691,11/27/2015 11:17:00 AM,2015
CR00008587,11/09/2023 04:59:00 PM,40,CLEAR,DUSK,REAR END,NOT DIVIDED,NO CONTROLS,UNABLE TO DETERMINE,FAILING TO YIELD RIGHT-OF-WAY,0,2,1,3,16,5,11,1175,FULLERTON AVE,41.781662,-87.64454,11/09/2023 06:53:00 PM,2023
CR00008588,10/06/2015 09:51:00 AM,35,CLEAR,DAYLIGHT,REAR END,DIVIDED - W/MEDIAN BARRIER,TRAFFIC SIGNAL,FAILING TO YIELD RIGHT-OF-WAY,IMPROPER LANE USAGE,0,0,0,0,9,3,10,2373,DAMEN AVE,41.787344,-87.845359,10/06/2015 11:08:00 AM,2015
CR00008589,07/27/2019 03:27:00 PM,40,CLEAR,DAYLIGHT,SIDESWIPE SAME DIRECTION,NOT DIVIDED,UNKNOWN,UNABLE TO DETERMINE,FOLLOWING TOO CLOSELY,0,0,0,0,15,7,7,1935,BROADWAY,41.781298,-87.787927,07/27/2019 03:34:00 PM,2019
CR00008590,10/25/2020 03:04:00 PM,30,RAIN,DAYLIGHT,PEDESTRIAN,FOUR WAY,UNKNOWN,IMPROPER OVERTAKING/PASSING,FAILING TO YIELD RIGHT-OF-WAY,0,0,0,0,15,1,10,672,DIVISION ST,41.761283,-87.614283,10/25/2020 03:17:00 PM,2020
CR00008591,02/01/2022 09:24:00 AM,25,CLEAR,DARKNESS - LIGHTED ROAD,REAR END,DIVIDED - W/MEDIAN (NOT RAISED),STOP SIGN/FLASHER,FOLLOWING TOO CLOSELY,IMPROPER LANE USAGE,0,0,0,0,9,3,2,2238,BROADWAY,41.994678,-87.684814,02/01/2022 10:23:00 AM,2022
CR00008592,10/27/2020 08:00:00 AM,25,SNOW,DAYLIGHT,PARKED MOTOR VEHICLE,NOT DIVIDED,NO CONTROLS,UNABLE TO DETERMINE,IMPROPER LANE USAGE,0,0,1,1,8,3,10,550,KEDZIE AVE,41.9151,-87.718448,10/27/2020 08:57:00 AM,2020
CR00008593,12/18/2022 08:29:00 AM,30,CLEAR,DAYLIGHT,REAR END,NOT DIVIDED,UNKNOWN,DISTRACTION - FROM INSIDE VEHICLE,UNABLE TO DETERMINE,0,0,0,0,8,1,12,129,OGDEN AVE,41.989193,-87.652406,12/18/2022 10:03:00 AM,2022
CR00008594,01/15/2020 03:28:00 PM,30,RAIN,DARKNESS,TURNING,DIVIDED - W/MEDIAN BARRIER,TRAFFIC SIGNAL,UNABLE TO DETERMINE,FOLLOWING TOO CLOSELY,0,0,0,0,15,4,1,928,ELSTON AVE,41.778642,-87.66267,01/15/2020 04:16:00 PM,2020
CR00008595,07/07/2020 09:27:00 AM,30,CLEAR,DAWN,REAR END,NOT DIVIDED,TRAFFIC SIGNAL,DRIVING SKILLS/KNOWLEDGE/EXPERIENCE,FOLLOWING TOO CLOSELY,0,0,0,0,9,3,7,640,MILWAUKEE AVE,41.887333,-87.622499,07/07/2020 10:41:00 AM,2020
CR00008596,08/15/2019 04:55:00 AM,45,CLOUDY/OVERCAST,DAYLIGHT,SIDESWIPE SAME DIRECTION,ONE-WAY,NO CONTROLS,DISREGARDING TRAFFIC SIGNALS,NOT APPLICABLE,0,0,3,3,4,5,8,472,MILWAUKEE AVE,41.769591,-87.547547,08/15/2019 05:36:00 AM,2019
CR00008597,08/15/2021 03:03:00 PM,30,SNOW,DARKNESS,SIDESWIPE SAME DIRECTION,T-INTERSECTION,TRAFFIC SIGNAL,DRIVING SKILLS/KNOWLEDGE/EXPERIENCE,WEATHER,0,0,0,0,15,1,8,1372,CICERO AVE,41.895384,-87.691766,08/15/2021 04:11:00 PM,2021
CR00008598,04/12/2015 05:30:00 PM,20,CLEAR,DAYLIGHT,PEDESTRIAN,DIVIDED - W/MEDIAN BARRIER,UNKNOWN,FAILING TO YIELD RIGHT-OF-WAY,DISTRACTION - FROM INSIDE VEHICLE,0,0,0,0,17,1,4,1711,DAMEN AVE,41.741799,-87.641891,04/12/2015 06:31:00 PM,2015
CR00008599,03/21/2020 06:36:00 PM,25,FREEZING RAIN/DRIZZLE,DAYLIGHT,ANGLE,DIVIDED - W/MEDIAN (NOT RAISED),STOP SIGN/FLASHER,IMPROPER LANE USAGE,DRIVING SKILLS/KNOWLEDGE/EXPERIENCE,0,0,0,0,18,7,3,2317,HALSTED ST,41.996924,-87.501775,03/21/2020 06:52:00 PM,2020
CR00008600,08/06/2022 07:39:00 AM,15,CLEAR,DAYLIGHT,TURNING,DIVIDED - W/MEDIAN (NOT RAISED),TRAFFIC SIGNAL,FAILING TO YIELD RIGHT-OF-WAY,NOT APPLICABLE,0,0,0,0,7,7,8,1491,63RD ST,41.888109,-87.503531,08/06/2022 09:38:00 AM,2022
CR00008601,07/02/2022 10:32:00 AM,20,CLEAR,DAYLIGHT,TURNING,DIVIDED - W/MEDIAN BARRIER,STOP SIGN/FLASHER,FAILING TO REDUCE SPEED,WEATHER,0,0,0,0,10,7,7,824,BROADWAY,41.744391,-87.638157,07/02/2022 12:29:00 PM,2022
CR00008602,04/08/2024 05:09:00 PM,45,CLEAR,DAYLIGHT,REAR END,FOUR WAY,UNKNOWN,UNABLE TO DETERMINE,DRIVING SKILLS/KNOWLEDGE/EXPERIENCE,0,0,0,0,17,2,4,946,63RD ST,41.880385,-87.607295,04/08/2024 05:50:00 PM,2024
CR00008603,01/19/2022 03:31:00 PM,45,SNOW,DAYLIGHT,FIXED OBJECT,ONE-WAY,YIELD,FAILING TO REDUCE SPEED,FAILING TO YIELD RIGHT-OF-WAY,0,0,0,0,15,4,1,2181,MICHIGAN AVE,41.796941,-87.519172,01/19/2022 04:45:00 PM,2022
CR00008604,11/20/2023 09:01:00 AM,15,RAIN,DAYLIGHT,PARKED MOTOR VEHICLE,DIVIDED - W/MEDIAN BARRIER,STOP SIGN/FLASHER,IMPROPER OVERTAKING/PASSING,DISTRACTION - FROM INSIDE VEHICLE,0,1,1,2,9,2,11,1543,63RD ST,41.751745,-87.627064,11/20/2023 09:15:00 AM,2023
CR00008605,05/30/2017 08:48:00 AM,45,CLOUDY/OVERCAST,DAYLIGHT,REAR END,FOUR WAY,TRAFFIC SIGNAL,UNABLE TO DETERMINE,IMPROPER OVERTAKING/PASSING,0,0,0,0,8,3,5,1813,STATE ST,41.909597,-87.599723,05/30/2017 10:16:00 AM,2017
CR00008606,11/09/2023 07:04:00 PM,30,RAIN,DAYLIGHT,REAR END,ONE-WAY,TRAFFIC SIGNAL,FOLLOWING TOO CLOSELY,DISTRACTION - FROM INSIDE VEHICLE,0,0,1,1,19,5,11,760,PULASKI RD,41.90802,-87.619699,11/09/2023 08:35:00 PM,2023
CR00008607,01/31/2017 03:39:00 PM,20,CLEAR,DAYLIGHT,REAR END,NOT DIVIDED,NO CONTROLS,UNABLE TO DETERMINE,FAILING TO YIELD RIGHT-OF-WAY,0,0,0,0,15,3,1,1974,WESTERN AVE,41.759094,-87.648997,01/31/2017 04:28:00 PM,2017
CR00008608,01/30/2021 01:07:00 PM,40,CLEAR,DAYLIGHT,REAR END,ONE-WAY,STOP SIGN/FLASHER,DRIVING SKILLS/KNOWLEDGE/EXPERIENCE,FOLLOWING TOO CLOSELY,0,0,0,0,13,7,1,2313,ELSTON AVE,41.879714,-87.831661,01/30/2021 02:31:00 PM,2021
CR00008609,08/08/2024 07:50:00 PM,30,CLEAR,DAYLIGHT,REAR END,DIVIDED - W/MEDIAN (NOT RAISED),STOP SIGN/FLASHER,FOLLOWING TOO CLOSELY,FOLLOWING TOO CLOSELY,0,0,1,1,19,5,8,210,CICERO AVE,41.963986,-87.503937,08/08/2024 09:24:00 PM,2024
CR00008610,01/31/2020 02:20:00 PM,45,RAIN,DAYLIGHT,PARKED MOTOR VEHICLE,FOUR WAY,NO CONTROLS,DISREGARDING TRAFFIC SIGNALS,FAILING TO YIELD RIGHT-OF-WAY,0,0,0,0,14,6,1,2193,LAKE SHORE DR,41.906752,-87.62847,01/31/2020 03:10:00 PM,2020
CR00008611,11/17/2016 03:29:00 PM,15,CLEAR,DAYLIGHT,PEDESTRIAN,ONE-WAY,STOP SIGN/FLASHER,FOLLOWING TOO CLOSELY,UNABLE TO DETERMINE,0,0,2,2,15,5,11,1465,DAMEN AVE,41.780681,-87.746834,11/17/2016 04:01:00 PM,2016
CR00008612,09/10/2024 03:26:00 PM,20,FREEZING RAIN/DRIZZLE,DARKNESS - LIGHTED ROAD,TURNING,NOT DIVIDED,TRAFFIC SIGNAL,UNABLE TO DETERMINE,UNABLE TO DETERMINE,0,0,0,0,15,3,9,980,ARCHER AVE,41.936681,-87.52213,09/10/2024 04:25:00 PM,2024
CR00008613,11/09/2021 11:17:00 PM,40,CLOUDY/OVERCAST,DARKNESS - LIGHTED ROAD,SIDESWIPE SAME DIRECTION,NOT DIVIDED,STOP SIGN/FLASHER,DRIVING SKILLS/KNOWLEDGE/EXPERIENCE,NOT APPLICABLE,0,0,1,1,23,3,11,2143,OGDEN AVE,41.807141,-87.51624,11/10/2021 01:05:00 AM,2021
CR00008614,06/01/2020 10:54:00 AM,30,CLEAR,DAYLIGHT,ANGLE,NOT DIVIDED,YIELD,FOLLOWING TOO CLOSELY,IMPROPER OVERTAKING/PASSING,0,0,0,0,10,2,6,473,79TH ST,41.744592,-87.717922,06/01/2020 11:20:00 AM,2020
CR00008615,08/08/2018 07:42:00 AM,30,CLEAR,DAYLIGHT,PEDESTRIAN,DIVIDED - W/MEDIAN BARRIER,TRAFFIC SIGNAL,UNABLE TO DETERMINE,FAILING TO REDUCE SPEED,0,0,0,0,7,4,8,1256,STONY ISLAND AVE,41.79226,-87.771353,08/08/2018 09:11:00 AM,2018
CR00008616,03/27/2022 10:36:00 AM,15,CLEAR,DAYLIGHT,SIDESWIPE SAME DIRECTION,NOT DIVIDED,TRAFFIC SIGNAL,UNABLE TO DETERMINE,FAILING TO YIELD RIGHT-OF-WAY,0,0,0,0,10,1,3,413,WESTERN AVE,41.756727,-87.682645,03/27/2022 11:45:00 AM,2022
CR00008617,10/06/2019 01:34:00 PM,20,CLEAR,DARKNESS - LIGHTED ROAD,REAR END,DIVIDED - W/MEDIAN (NOT RAISED),NO CONTROLS,UNABLE TO DETERMINE,UNABLE TO DETERMINE,0,0,0,0,13,1,10,2514,HALSTED ST,41.910231,-87.537228,10/06/2019 01:44:00 PM,2019
CR00008618,06/09/2020 05:43:00 PM,30,CLEAR,DAYLIGHT,PARKED MOTOR VEHICLE,ONE-WAY,STOP SIGN/FLASHER,DISREGARDING TRAFFIC SIGNALS,WEATHER,0,0,0,0,17,3,6,1556,STONY ISLAND AVE,41.942612,-87.835617,06/09/2020 06:20:00 PM,2020
CR00008619,06/29/2015 02:46:00 PM,30,CLEAR,DAYLIGHT,ANGLE,NOT DIVIDED,TRAFFIC SIGNAL,UNABLE TO DETERMINE,DRIVING SKILLS/KNOWLEDGE/EXPERIENCE,0,0,0,0,14,2,6,429,MILWAUKEE AVE,41.719566,-87.703542,06/29/2015 03:22:00 PM,2015
CR00008620,03/03/2023 02:49:00 PM,30,CLEAR,DUSK,REAR END,FOUR WAY,NO CONTROLS,IMPROPER OVERTAKING/PASSING,UNABLE TO DETERMINE,0,0,0,0,14,6,3,1621,ELSTON AVE,41.772756,-87.808906,03/03/2023 04:04:00 PM,2023
CR00008621,11/12/2015 02:42:00 AM,30,CLOUDY/OVERCAST,DARKNESS - LIGHTED ROAD,REAR END,DIVIDED - W/MEDIAN BARRIER,YIELD,FAILING TO REDUCE SPEED,NOT APPLICABLE,0,0,0,0,2,5,11,1025,IRVING PARK RD,41.887736,-87.823048,11/12/2015 03:53:00 AM,2015
CR00008622,10/01/2022 06:13:00 PM,35,CLEAR,DAYLIGHT,REAR END,NOT DIVIDED,NO CONTROLS,DISREGARDING TRAFFIC SIGNALS,UNABLE TO DETERMINE,0,0,0,0,18,7,10,486,LAKE SHORE DR,41.754157,-87.684744,10/01/2022 08:04:00 PM,2022
CR00008623,05/11/2020 06:13:00 PM,45,CLEAR,DAYLIGHT,REAR END,FOUR WAY,TRAFFIC SIGNAL,UNABLE TO DETERMINE,IMPROPER OVERTAKING/PASSING,0,0,0,0,18,2,5,523,MILWAUKEE AVE,41.859747,-87.673157,05/11/2020 06:47:00 PM,2020
CR00008624,11/19/2016 10:04:00 AM,30,CLEAR,DAWN,PARKED MOTOR VEHICLE,NOT DIVIDED,NO CONTROLS,IMPROPER OVERTAKING/PASSING,FAILING TO REDUCE SPEED,0,0,0,0,10,7,11,1491,WESTERN AVE,41.812123,-87.761182,11/19/2016 11:01:00 AM,2016
CR00008625,05/24/2021 06:55:00 PM,35,CLEAR,DARKNESS - LIGHTED ROAD,PARKED MOTOR VEHICLE,DIVIDED - W/MEDIAN (NOT RAISED),NO CONTROLS,UNABLE TO DETERMINE,UNABLE TO DETERMINE,0,0,2,2,18,2,5,2419,PULASKI RD,41.969053,-87.691773,05/24/2021 07:15:00 PM,2021
CR00008626,12/28/2023 03:15:00 AM,35,FOG/SMOKE/HAZE,DAYLIGHT,PARKED MOTOR VEHICLE,DIVIDED - W/MEDIAN (NOT RAISED),NO CONTROLS,FOLLOWING TOO CLOSELY,IMPROPER LANE USAGE,0,0,0,0,3,5,12,389,OGDEN AVE,41.862042,-87.538861,12/28/2023 03:39:00 AM,2023
CR00008627,07/16/2020 01:09:00 PM,40,CLEAR,DARKNESS - LIGHTED ROAD,SIDESWIPE SAME DIRECTION,NOT DIVIDED,UNKNOWN,FAILING TO YIELD RIGHT-OF-WAY,FOLLOWING TOO CLOSELY,0,0,0,0,13,5,7,2033,DAMEN AVE,41.809647,-87.550118,07/16/2020 01:22:00 PM,2020
CR00008628,04/06/2019 04:34:00 PM,20,CLEAR,DAYLIGHT,REAR END,NOT DIVIDED,STOP SIGN/FLASHER,DISTRACTION - FROM INSIDE VEHICLE,FOLLOWING TOO CLOSELY,0,0,0,0,16,7,4,1970,CALIFORNIA AVE,41.948826,-87.533226,04/06/2019 05:54:00 PM,2019
CR00008629,02/20/2019 07:42:00 AM,35,CLEAR,DAYLIGHT,REAR END,NOT DIVIDED,NO CONTROLS,FAILING TO YIELD RIGHT-OF-WAY,FOLLOWING TOO CLOSELY,0,0,0,0,7,4,2,1244,ROOSEVELT RD,41.839615,-87.527936,02/20/2019 09:16:00 AM,2019
CR00008630,11/02/2020 03:41:00 PM,35,RAIN,DAYLIGHT,TURNING,NOT DIVIDED,TRAFFIC SIGNAL,WEATHER,FOLLOWING TOO CLOSELY,0,0,3,3,15,2,11,439,IRVING PARK RD,41.950947,-87.717968,11/02/2020 04:43:00 PM,2020
CR00008631,06/14/2018 04:11:00 AM,30,CLEAR,DARKNESS - LIGHTED ROAD,REAR END,ONE-WAY,STOP SIGN/FLASHER,DISTRACTION - FROM INSIDE VEHICLE,UNABLE TO DETERMINE,0,0,0,0,4,5,6,716,ARCHER AVE,41.833862,-87.614622,06/14/2018 04:43:00 AM,2018
CR00008632,12/06/2022 07:17:00 PM,25,CLEAR,DAYLIGHT,TURNING,NOT DIVIDED,NO CONTROLS,DISTRACTION - FROM INSIDE VEHICLE,IMPROPER OVERTAKING/PASSING,0,0,2,2,19,3,12,2235,63RD ST,41.866103,-87.649662,12/06/2022 07:57:00 PM,2022
CR00008633,04/01/2017 01:09:00 PM,20,CLEAR,DAYLIGHT,FIXED OBJECT,NOT DIVIDED,NO CONTROLS,FAILING TO YIELD RIGHT-OF-WAY,WEATHER,0,0,1,1,13,7,4,2273,63RD ST,41.931434,-87.781471,04/01/2017 01:41:00 PM,2017
CR00008634,07/20/2015 07:23:00 PM,30,CLOUDY/OVERCAST,DUSK,SIDESWIPE SAME DIRECTION,FOUR WAY,TRAFFIC SIGNAL,UNABLE TO DETERMINE,NOT APPLICABLE,0,0,0,0,19,2,7,1402,ARCHER AVE,41.828272,-87.824078,07/20/2015 07:56:00 PM,2015
CR00008635,11/13/2016 06:39:00 PM,35,SNOW,DARKNESS - LIGHTED ROAD,FIXED OBJECT,NOT DIVIDED,TRAFFIC SIGNAL,DRIVING SKILLS/KNOWLEDGE/EXPERIENCE,UNABLE TO DETERMINE,0,0,0,0,18,1,11,2000,MICHIGAN AVE,41.706848,-87.713784,11/13/2016 08:32:00 PM,2016
CR00008636,02/06/2024 09:53:00 AM,20,CLEAR,DAYLIGHT,PARKED MOTOR VEHICLE,NOT DIVIDED,NO CONTROLS,WEATHER,UNABLE TO DETERMINE,0,0,0,0,9,3,2,2321,HALSTED ST,41.977274,-87.634047,02/06/2024 10:38:00 AM,2024
CR00008637,02/22/2015 03:04:00 PM,30,CLEAR,DAYLIGHT,SIDESWIPE SAME DIRECTION,NOT DIVIDED,NO CONTROLS,FAILING TO YIELD RIGHT-OF-WAY,IMPROPER LANE USAGE,0,0,0,0,15,1,2,1536,CALIFORNIA AVE,41.975226,-87.627469,02/22/2015 03:47:00 PM,2015
CR00008638,08/18/2018 02:43:00 PM,30,RAIN,DAYLIGHT,PEDESTRIAN,NOT DIVIDED,NO CONTROLS,DRIVING SKILLS/KNOWLEDGE/EXPERIENCE,FOLLOWING TOO CLOSELY,0,0,0,0,14,7,8,1117,ROOSEVELT RD,41.843946,-87.735036,08/18/2018 03:33:00 PM,2018
CR00008639,12/04/2020 11:58:00 PM,45,CLEAR,DAYLIGHT,ANGLE,DIVIDED - W/MEDIAN (NOT RAISED),NO CONTROLS,FAILING TO REDUCE SPEED,FAILING TO YIELD RIGHT-OF-WAY,0,0,0,0,23,6,12,759,CALIFORNIA AVE,41.844602,-87.714207,12/05/2020 12:57:00 AM,2020
CR00008640,10/07/2021 10:03:00 AM,15,RAIN,DAYLIGHT,ANGLE,NOT DIVIDED,TRAFFIC SIGNAL,UNABLE TO DETERMINE,DISREGARDING TRAFFIC SIGNALS,0,0,0,0,10,5,10,2109,ARCHER AVE,41.963679,-87.679641,10/07/2021 11:27:00 AM,2021
CR00008641,04/21/2018 08:51:00 AM,25,CLEAR,DARKNESS - LIGHTED ROAD,PARKED MOTOR VEHICLE,DIVIDED - W/MEDIAN BARRIER,STOP SIGN/FLASHER,FAILING TO YIELD RIGHT-OF-WAY,DRIVING SKILLS/KNOWLEDGE/EXPERIENCE,0,0,0,0,8,7,4,2289,MICHIGAN AVE,41.809712,-87.637524,04/21/2018 10:44:00 AM,2018
CR00008642,09/15/2017 06:59:00 PM,35,RAIN,DAYLIGHT,REAR TO FRONT,T-INTERSECTION,NO CONTROLS,FAILING TO YIELD RIGHT-OF-WAY,NOT APPLICABLE,0,0,3,3,18,6,9,1114,CALIFORNIA AVE,41.780896,-87.711326,09/15/2017 08:47:00 PM,2017
CR00008643,06/22/2015 02:45:00 PM,35,CLEAR,DARKNESS - LIGHTED ROAD,REAR END,NOT DIVIDED,PEDESTRIAN CROSSING SIGN,IMPROPER LANE USAGE,NOT APPLICABLE,0,0,0,0,14,2,6,331,ELSTON AVE,41.953876,-87.720806,06/22/2015 04:39:00 PM,2015
CR00008644,08/07/2021 07:16:00 AM,35,CLEAR,DARKNESS,REAR TO FRONT,DIVIDED - W/MEDIAN BARRIER,STOP SIGN/FLASHER,UNABLE TO DETERMINE,UNABLE TO DETERMINE,0,0,3,3,7,7,8,2283,63RD ST,41.894888,-87.811747,08/07/2021 07:41:00 AM,2021
CR00008645,08/27/2017 04:06:00 PM,30,CLOUDY/OVERCAST,DARKNESS - LIGHTED ROAD,REAR END,DIVIDED - W/MEDIAN (NOT RAISED),NO CONTROLS,DISREGARDING TRAFFIC SIGNALS,FAILING TO YIELD RIGHT-OF-WAY,0,1,0,1,16,1,8,1711,CLARK ST,41.88634,-87.530873,08/27/2017 04:13:00 PM,2017
CR00008646,01/13/2017 02:45:00 PM,30,RAIN,DAYLIGHT,REAR END,ONE-WAY,STOP SIGN/FLASHER,FOLLOWING TOO CLOSELY,IMPROPER OVERTAKING/PASSING,0,0,0,0,14,6,1,753,CICERO AVE,41.945254,-87.793482,01/13/2017 04:40:00 PM,2017
CR00008647,09/14/2023 01:03:00 PM,20,CLEAR,DAYLIGHT,SIDESWIPE SAME DIRECTION,DIVIDED - W/MEDIAN BARRIER,TRAFFIC SIGNAL,WEATHER,UNABLE TO DETERMINE,0,0,0,0,13,5,9,957,ROOSEVELT RD,41.718583,-87.81672,09/14/2023 02:12:00 PM,2023