CRASH_RECORD_ID,CRASH_DATE,POSTED_SPEED_LIMIT,WEATHER_CONDITION,LIGHTING_CONDITION,FIRST_CRASH_TYPE,TRAFFICWAY_TYPE,TRAFFIC_CONTROL_DEVICE,PRIM_CONTRIBUTORY_CAUSE,SEC_CONTRIBUTORY_CAUSE,INJURIES_FATAL,INJURIES_INCAPACITATING,INJURIES_NON_INCAPACITATING,INJURIES_TOTAL,CRASH_HOUR,CRASH_DAY_OF_WEEK,CRASH_MONTH,BEAT_OF_OCCURRENCE,STREET_NAME,LATITUDE,LONGITUDE,DATE_POLICE_NOTIFIED,year
CR00008648,02/16/2024 10:26:00 PM,45,CLEAR,DAYLIGHT,REAR END,DIVIDED - W/MEDIAN (NOT RAISED),STOP SIGN/FLASHER,DRIVING SKILLS/KNOWLEDGE/EXPERIENCE,UNABLE TO DETERMINE,0,0,0,0,22,6,2,1350,STONY ISLAND AVE,41.714225,-87.610322,02/17/2024 12:04:00 AM,2024
CR00008649,07/10/2020 03:51:00 PM,30,CLEAR,DAYLIGHT,ANGLE,NOT DIVIDED,NO CONTROLS,FAILING TO YIELD RIGHT-OF-WAY,FOLLOWING TOO CLOSELY,0,0,0,0,15,6,7,1148,ARCHER AVE,41.76085,-87.68164,07/10/2020 04:35:00 PM,2020
CR00008650,06/13/2018 11:26:00 AM,25,RAIN,DARKNESS - LIGHTED ROAD,ANGLE,DIVIDED - W/MEDIAN (NOT RAISED),TRAFFIC SIGNAL,DRIVING SKILLS/KNOWLEDGE/EXPERIENCE,FAILING TO YIELD RIGHT-OF-WAY,0,0,0,0,11,4,6,1113,KEDZIE AVE,41.955958,-87.745282,06/13/2018 12:32:00 PM,2018
CR00008651,01/29/2023 09:19:00 AM,35,RAIN,DAYLIGHT,REAR END,ONE-WAY,UNKNOWN,IMPROPER LANE USAGE,NOT APPLICABLE,0,0,0,0,9,1,1,964,CALIFORNIA AVE,41.895821,-87.786455,01/29/2023 10:23:00 AM,2023
CR00008652,01/04/2023 01:34:00 AM,30,RAIN,DAYLIGHT,ANGLE,NOT DIVIDED,TRAFFIC SIGNAL,FOLLOWING TOO CLOSELY,NOT APPLICABLE,0,0,0,0,1,4,1,118,ELSTON AVE,41.960857,-87.622758,01/04/2023 01:57:00 AM,2023
CR00008653,08/19/2018 04:42:00 PM,40,CLEAR,DAYLIGHT,PEDESTRIAN,DIVIDED - W/MEDIAN (NOT RAISED),NO CONTROLS,IMPROPER OVERTAKING/PASSING,UNABLE TO DETERMINE,0,0,1,1,16,1,8,395,ELSTON AVE,41.905193,-87.635712,08/19/2018 04:54:00 PM,2018
CR00008654,01/25/2017 06:43:00 PM,30,CLEAR,DAYLIGHT,REAR END,NOT DIVIDED,NO CONTROLS,FAILING TO YIELD RIGHT-OF-WAY,FOLLOWING TOO CLOSELY,0,0,0,0,18,4,1,1174,DAMEN AVE,41.859158,-87.527098,01/25/2017 07:12:00 PM,2017
CR00008655,01/02/2021 06:55:00 AM,30,RAIN,DARKNESS,REAR END,DIVIDED - W/MEDIAN BARRIER,NO CONTROLS,FAILING TO YIELD RIGHT-OF-WAY,FOLLOWING TOO CLOSELY,0,0,0,0,6,7,1,1975,OGDEN AVE,41.949659,-87.788786,01/02/2021 07:25:00 AM,2021
CR00008656,10/23/2018 07:21:00 AM,20,CLEAR,DAYLIGHT,ANGLE,NOT DIVIDED,NO CONTROLS,DRIVING SKILLS/KNOWLEDGE/EXPERIENCE,IMPROPER OVERTAKING/PASSING,0,0,0,0,7,3,10,694,DIVISION ST,41.734665,-87.583166,10/23/2018 07:22:00 AM,2018
CR00008657,09/05/2016 10:28:00 PM,35,CLEAR,DARKNESS - LIGHTED ROAD,ANGLE,ONE-WAY,TRAFFIC SIGNAL,FOLLOWING TOO CLOSELY,UNABLE TO DETERMINE,0,0,0,0,22,2,9,779,MICHIGAN AVE,41.722282,-87.63972,09/05/2016 11:25:00 PM,2016
CR00008658,04/06/2016 07:48:00 AM,35,CLEAR,DAYLIGHT,TURNING,DIVIDED - W/MEDIAN BARRIER,STOP SIGN/FLASHER,FAILING TO REDUCE SPEED,FAILING TO REDUCE SPEED,0,0,0,0,7,4,4,1922,KEDZIE AVE,41.869765,-87.501719,04/06/2016 09:30:00 AM,2016
CR00008659,03/17/2016 12:59:00 PM,25,CLEAR,DARKNESS - LIGHTED ROAD,SIDESWIPE SAME DIRECTION,T-INTERSECTION,NO CONTROLS,UNABLE TO DETERMINE,FAILING TO REDUCE SPEED,0,0,0,0,12,5,3,1364,BROADWAY,41.876472,-87.75885,03/17/2016 01:14:00 PM,2016
CR00008660,03/12/2020 05:41:00 PM,30,CLEAR,DAYLIGHT,TURNING,NOT DIVIDED,STOP SIGN/FLASHER,UNABLE TO DETERMINE,UNABLE TO DETERMINE,0,0,0,0,17,5,3,650,MICHIGAN AVE,41.990004,-87.721666,03/12/2020 07:18:00 PM,2020
CR00008661,04/06/2019 09:10:00 AM,45,FOG/SMOKE/HAZE,DAYLIGHT,TURNING,NOT DIVIDED,PEDESTRIAN CROSSING SIGN,IMPROPER OVERTAKING/PASSING,IMPROPER OVERTAKING/PASSING,0,0,1,1,9,7,4,1030,79TH ST,41.784966,-87.630215,04/06/2019 09:44:00 AM,2019
CR00008662,04/28/2016 09:07:00 PM,20,SNOW,DARKNESS - LIGHTED ROAD,REAR END,DIVIDED - W/MEDIAN BARRIER,NO CONTROLS,IMPROPER LANE USAGE,IMPROPER LANE USAGE,0,0,0,0,21,5,4,2394,OGDEN AVE,41.957114,-87.537658,04/28/2016 09:51:00 PM,2016
CR00008663,06/20/2024 05:28:00 PM,45,CLEAR,DARKNESS - LIGHTED ROAD,TURNING,NOT DIVIDED,UNKNOWN,FOLLOWING TOO CLOSELY,FOLLOWING TOO CLOSELY,0,0,0,0,17,5,6,473,KEDZIE AVE,41.986027,-87.638258,06/20/2024 06:55:00 PM,2024
CR00008664,09/17/2020 05:28:00 PM,15,RAIN,DAYLIGHT,FIXED OBJECT,NOT DIVIDED,NO CONTROLS,UNABLE TO DETERMINE,UNABLE TO DETERMINE,0,0,2,2,17,5,9,2457,KEDZIE AVE,41.837414,-87.736648,09/17/2020 05:35:00 PM,2020
CR00008665,05/19/2022 04:13:00 PM,40,RAIN,DAYLIGHT,REAR TO FRONT,ONE-WAY,NO CONTROLS,FOLLOWING TOO CLOSELY,UNABLE TO DETERMINE,0,0,0,0,16,5,5,1464,CLARK ST,41.894433,-87.784529,05/19/2022 04:39:00 PM,2022
CR00008666,07/25/2020 03:41:00 AM,40,CLEAR,DAYLIGHT,PARKED MOTOR VEHICLE,NOT DIVIDED,PEDESTRIAN CROSSING SIGN,UNABLE TO DETERMINE,IMPROPER OVERTAKING/PASSING,0,0,1,1,3,7,7,1087,CALIFORNIA AVE,41.961213,-87.65331,07/25/2020 04:31:00 AM,2020
CR00008667,05/02/2023 04:39:00 PM,30,CLOUDY/OVERCAST,DARKNESS - LIGHTED ROAD,TURNING,DIVIDED - W/MEDIAN BARRIER,STOP SIGN/FLASHER,DISTRACTION - FROM INSIDE VEHICLE,NOT APPLICABLE,0,0,0,0,16,3,5,2383,STONY ISLAND AVE,41.875804,-87.825411,05/02/2023 05:12:00 PM,2023
CR00008668,08/15/2023 03:26:00 PM,30,FREEZING RAIN/DRIZZLE,DAYLIGHT,PARKED MOTOR VEHICLE,NOT DIVIDED,STOP SIGN/FLASHER,IMPROPER LANE USAGE,UNABLE TO DETERMINE,0,0,0,0,15,3,8,1506,FULLERTON AVE,41.838383,-87.643364,08/15/2023 04:17:00 PM,2023
CR00008669,08/20/2024 03:04:00 PM,25,CLOUDY/OVERCAST,DAYLIGHT,SIDESWIPE SAME DIRECTION,NOT DIVIDED,STOP SIGN/FLASHER,DISREGARDING TRAFFIC SIGNALS,DISTRACTION - FROM INSIDE VEHICLE,0,0,0,0,15,3,8,2224,CICERO AVE,41.898234,-87.747742,08/20/2024 04:50:00 PM,2024
CR00008670,02/06/2024 05:59:00 AM,40,CLOUDY/OVERCAST,DAYLIGHT,TURNING,NOT DIVIDED,NO CONTROLS,FAILING TO YIELD RIGHT-OF-WAY,UNABLE TO DETERMINE,0,0,0,0,5,3,2,164,CLARK ST,41.781308,-87.82042,02/06/2024 07:26:00 AM,2024
CR00008671,06/01/2022 07:59:00 AM,35,CLEAR,DAYLIGHT,ANGLE,FOUR WAY,STOP SIGN/FLASHER,UNABLE TO DETERMINE,FOLLOWING TOO CLOSELY,0,0,0,0,7,4,6,1371,MILWAUKEE AVE,41.916512,-87.748674,06/01/2022 08:34:00 AM,2022
CR00008672,10/08/2016 01:31:00 PM,30,CLOUDY/OVERCAST,DARKNESS - LIGHTED ROAD,SIDESWIPE SAME DIRECTION,NOT DIVIDED,NO CONTROLS,UNABLE TO DETERMINE,UNABLE TO DETERMINE,0,0,0,0,13,7,10,1485,MICHIGAN AVE,41.868039,-87.650049,10/08/2016 02:15:00 PM,2016
CR00008673,12/21/2016 03:55:00 AM,25,CLEAR,DARKNESS - LIGHTED ROAD,REAR END,NOT DIVIDED,NO CONTROLS,DISTRACTION - FROM INSIDE VEHICLE,IMPROPER LANE USAGE,0,0,3,3,3,4,12,1285,LAKE SHORE DR,41.997809,-87.818586,12/21/2016 04:42:00 AM,2016
CR00008674,09/23/2021 04:59:00 PM,30,CLEAR,DARKNESS - LIGHTED ROAD,ANGLE,DIVIDED - W/MEDIAN BARRIER,TRAFFIC SIGNAL,WEATHER,FOLLOWING TOO CLOSELY,0,0,0,0,16,5,9,806,IRVING PARK RD,41.981839,-87.654613,09/23/2021 06:08:00 PM,2021
CR00008675,01/12/2022 11:48:00 PM,40,FREEZING RAIN/DRIZZLE,DAYLIGHT,REAR END,ONE-WAY,NO CONTROLS,DISTRACTION - FROM INSIDE VEHICLE,UNABLE TO DETERMINE,0,0,0,0,23,4,1,730,FULLERTON AVE,41.864059,-87.811342,01/13/2022 12:21:00 AM,2022
CR00008676,07/10/2015 02:56:00 AM,35,CLEAR,DARKNESS,REAR END,NOT DIVIDED,NO CONTROLS,IMPROPER LANE USAGE,DISREGARDING TRAFFIC SIGNALS,0,0,0,0,2,6,7,2152,ASHLAND AVE,41.742119,-87.77842,07/10/2015 04:02:00 AM,2015
CR00008677,06/25/2019 11:31:00 PM,20,RAIN,DAYLIGHT,REAR TO FRONT,NOT DIVIDED,PEDESTRIAN CROSSING SIGN,FAILING TO REDUCE SPEED,FOLLOWING TOO CLOSELY,0,0,0,0,23,3,6,2217,LAKE SHORE DR,41.777482,-87.542585,06/26/2019 12:16:00 AM,2019
CR00008678,05/10/2024 09:07:00 AM,25,CLEAR,DARKNESS - LIGHTED ROAD,FIXED OBJECT,NOT DIVIDED,TRAFFIC SIGNAL,DRIVING SKILLS/KNOWLEDGE/EXPERIENCE,DISREGARDING TRAFFIC SIGNALS,0,0,0,0,9,6,5,436,63RD ST,41.93423,-87.696992,05/10/2024 09:48:00 AM,2024
CR00008679,11/19/2021 08:08:00 AM,40,CLEAR,DARKNESS - LIGHTED ROAD,SIDESWIPE SAME DIRECTION,NOT DIVIDED,TRAFFIC SIGNAL,FAILING TO YIELD RIGHT-OF-WAY,UNABLE TO DETERMINE,0,0,0,0,8,6,11,1720,OGDEN AVE,41.977079,-87.655527,11/19/2021 08:12:00 AM,2021
CR00008680,04/26/2019 09:49:00 AM,25,FREEZING RAIN/DRIZZLE,DAYLIGHT,REAR END,T-INTERSECTION,TRAFFIC SIGNAL,DRIVING SKILLS/KNOWLEDGE/EXPERIENCE,NOT APPLICABLE,0,0,0,0,9,6,4,1714,BROADWAY,41.792743,-87.671154,04/26/2019 11:06:00 AM,2019
CR00008681,06/03/2022 01:18:00 PM,20,RAIN,DAYLIGHT,PEDESTRIAN,ONE-WAY,STOP SIGN/FLASHER,FAILING TO YIELD RIGHT-OF-WAY,FAILING TO YIELD RIGHT-OF-WAY,0,0,0,0,13,6,6,2100,BROADWAY,41.736624,-87.823762,06/03/2022 02:24:00 PM,2022
CR00008682,07/05/2019 06:26:00 PM,25,CLEAR,DARKNESS,ANGLE,NOT DIVIDED,STOP SIGN/FLASHER,UNABLE TO DETERMINE,DISTRACTION - FROM INSIDE VEHICLE,0,0,0,0,18,6,7,1026,LAKE SHORE DR,41.769072,-87.685221,07/05/2019 08:03:00 PM,2019
CR00008683,10/20/2023 07:49:00 AM,35,CLEAR,DARKNESS,REAR TO FRONT,DIVIDED - W/MEDIAN (NOT RAISED),STOP SIGN/FLASHER,FAILING TO YIELD RIGHT-OF-WAY,NOT APPLICABLE,0,0,0,0,7,6,10,2112,HALSTED ST,41.781517,-87.623174,10/20/2023 09:35:00 AM,2023
CR00008684,01/07/2020 01:58:00 PM,45,RAIN,DAYLIGHT,SIDESWIPE SAME DIRECTION,NOT DIVIDED,STOP SIGN/FLASHER,UNABLE TO DETERMINE,IMPROPER LANE USAGE,0,0,0,0,13,3,1,2189,OGDEN AVE,41.87806,-87.523655,01/07/2020 02:15:00 PM,2020
CR00008685,09/11/2024 09:29:00 AM,30,CLEAR,DARKNESS - LIGHTED ROAD,REAR END,NOT DIVIDED,NO CONTROLS,UNABLE TO DETERMINE,NOT APPLICABLE,0,0,0,0,9,4,9,1649,MICHIGAN AVE,41.85622,-87.731417,09/11/2024 10:14:00 AM,2024
CR00008686,09/15/2019 02:19:00 AM,30,RAIN,DARKNESS - LIGHTED ROAD,REAR END,DIVIDED - W/MEDIAN BARRIER,NO CONTROLS,UNABLE TO DETERMINE,NOT APPLICABLE,0,0,0,0,2,1,9,1334,MICHIGAN AVE,41.931325,-87.748308,09/15/2019 04:05:00 AM,2019
CR00008687,04/20/2023 12:30:00 PM,35,SNOW,DARKNESS - LIGHTED ROAD,REAR END,FOUR WAY,NO CONTROLS,UNABLE TO DETERMINE,DRIVING SKILLS/KNOWLEDGE/EXPERIENCE,0,0,0,0,12,5,4,1854,STONY ISLAND AVE,41.748172,-87.732723,04/20/2023 02:00:00 PM,2023
CR00008688,02/23/2021 04:20:00 PM,40,FREEZING RAIN/DRIZZLE,DAYLIGHT,REAR END,NOT DIVIDED,TRAFFIC SIGNAL,UNABLE TO DETERMINE,IMPROPER LANE USAGE,0,0,0,0,16,3,2,1883,DAMEN AVE,41.76685,-87.638649,02/23/2021 04:59:00 PM,2021
CR00008689,01/30/2018 05:05:00 PM,20,CLEAR,DAYLIGHT,REAR TO FRONT,DIVIDED - W/MEDIAN BARRIER,TRAFFIC SIGNAL,FAILING TO YIELD RIGHT-OF-WAY,DRIVING SKILLS/KNOWLEDGE/EXPERIENCE,0,0,0,0,17,3,1,1740,ASHLAND AVE,41.839071,-87.502177,01/30/2018 05:19:00 PM,2018
CR00008690,09/02/2018 06:13:00 PM,30,CLEAR,DARKNESS - LIGHTED ROAD,PARKED MOTOR VEHICLE,DIVIDED - W/MEDIAN (NOT RAISED),NO CONTROLS,IMPROPER LANE USAGE,UNABLE TO DETERMINE,0,0,0,0,18,1,9,1403,BROADWAY,41.895857,-87.6208,09/02/2018 06:29:00 PM,2018
CR00008691,12/12/2019 02:34:00 PM,35,RAIN,DARKNESS,REAR END,ONE-WAY,NO CONTROLS,FOLLOWING TOO CLOSELY,DRIVING SKILLS/KNOWLEDGE/EXPERIENCE,0,0,2,2,14,5,12,1724,HALSTED ST,41.724243,-87.82108,12/12/2019 04:05:00 PM,2019
CR00008692,07/02/2017 08:43:00 AM,15,CLEAR,DAYLIGHT,TURNING,NOT DIVIDED,NO CONTROLS,FAILING TO REDUCE SPEED,UNABLE TO DETERMINE,0,0,0,0,8,1,7,2337,STONY ISLAND AVE,41.860322,-87.591076,07/02/2017 09:47:00 AM,2017
CR00008693,07/02/2024 04:31:00 AM,35,CLEAR,DUSK,SIDESWIPE SAME DIRECTION,DIVIDED - W/MEDIAN BARRIER,TRAFFIC SIGNAL,DISTRACTION - FROM INSIDE VEHICLE,IMPROPER LANE USAGE,0,0,0,0,4,3,7,874,FULLERTON AVE,41.950798,-87.698649,07/02/2024 05:13:00 AM,2024
CR00008694,12/29/2019 01:48:00 AM,15,CLEAR,DARKNESS - LIGHTED ROAD,SIDESWIPE SAME DIRECTION,NOT DIVIDED,NO CONTROLS,UNABLE TO DETERMINE,NOT APPLICABLE,0,0,0,0,1,1,12,1532,KEDZIE AVE,41.811396,-87.594889,12/29/2019 02:41:00 AM,2019
CR00008695,10/19/2019 12:59:00 PM,15,CLEAR,DARKNESS - LIGHTED ROAD,FIXED OBJECT,NOT DIVIDED,TRAFFIC SIGNAL,FOLLOWING TOO CLOSELY,UNABLE TO DETERMINE,0,0,0,0,12,7,10,1437,ROOSEVELT RD,41.879138,-87.746624,10/19/2019 02:55:00 PM,2019
CR00008696,09/20/2015 09:32:00 PM,45,CLEAR,DAYLIGHT,FIXED OBJECT,DIVIDED - W/MEDIAN BARRIER,TRAFFIC SIGNAL,IMPROPER LANE USAGE,UNABLE TO DETERMINE,0,0,0,0,21,1,9,2527,DIVISION ST,41.879903,-87.810153,09/20/2015 10:10:00 PM,2015
CR00008697,04/09/2019 04:15:00 AM,35,RAIN,DAYLIGHT,SIDESWIPE SAME DIRECTION,NOT DIVIDED,TRAFFIC SIGNAL,FAILING TO YIELD RIGHT-OF-WAY,UNABLE TO DETERMINE,0,2,0,2,4,3,4,769,CLARK ST,41.980193,-87.527596,04/09/2019 04:57:00 AM,2019
CR00008698,08/28/2021 08:34:00 PM,25,CLEAR,DARKNESS - LIGHTED ROAD,REAR END,NOT DIVIDED,TRAFFIC SIGNAL,FOLLOWING TOO CLOSELY,FAILING TO REDUCE SPEED,0,0,0,0,20,7,8,1885,CLARK ST,41.745248,-87.671006,08/28/2021 09:42:00 PM,2021
CR00008699,12/01/2015 07:59:00 AM,30,CLEAR,DARKNESS - LIGHTED ROAD,TURNING,ONE-WAY,TRAFFIC SIGNAL,FOLLOWING TOO CLOSELY,FOLLOWING TOO CLOSELY,0,0,0,0,7,3,12,517,MICHIGAN AVE,41.821688,-87.781119,12/01/2015 08:52:00 AM,2015
CR00008700,10/27/2020 03:30:00 PM,30,CLEAR,DARKNESS - LIGHTED ROAD,PEDESTRIAN,DIVIDED - W/MEDIAN BARRIER,STOP SIGN/FLASHER,UNABLE TO DETERMINE,DISREGARDING TRAFFIC SIGNALS,0,0,0,0,15,3,10,613,ROOSEVELT RD,41.713134,-87.739091,10/27/2020 03:59:00 PM,2020
CR00008701,01/14/2016 11:54:00 PM,30,CLEAR,DARKNESS,PARKED MOTOR VEHICLE,DIVIDED - W/MEDIAN BARRIER,NO CONTROLS,UNABLE TO DETERMINE,FOLLOWING TOO CLOSELY,0,0,0,0,23,5,1,1726,ROOSEVELT RD,41.877522,-87.846009,01/15/2016 12:11:00 AM,2016
CR00008702,02/05/2017 06:22:00 PM,35,CLEAR,DAYLIGHT,REAR END,DIVIDED - W/MEDIAN BARRIER,NO CONTROLS,IMPROPER OVERTAKING/PASSING,FOLLOWING TOO CLOSELY,0,0,0,0,18,1,2,214,DAMEN AVE,41.726002,-87.842076,02/05/2017 07:42:00 PM,2017
CR00008703,02/14/2024 07:21:00 PM,35,CLEAR,DAYLIGHT,REAR END,DIVIDED - W/MEDIAN (NOT RAISED),UNKNOWN,UNABLE TO DETERMINE,FAILING TO REDUCE SPEED,0,0,0,0,19,4,2,1432,CLARK ST,41.802685,-87.81286,02/14/2024 08:13:00 PM,2024
CR00008704,08/17/2020 10:07:00 AM,45,CLEAR,DARKNESS - LIGHTED ROAD,FIXED OBJECT,NOT DIVIDED,STOP SIGN/FLASHER,IMPROPER OVERTAKING/PASSING,DRIVING SKILLS/KNOWLEDGE/EXPERIENCE,0,0,1,1,10,2,8,2209,47TH ST,41.741985,-87.769236,08/17/2020 10:26:00 AM,2020
CR00008705,04/13/2016 05:06:00 PM,30,CLEAR,DARKNESS - LIGHTED ROAD,PARKED MOTOR VEHICLE,NOT DIVIDED,TRAFFIC SIGNAL,UNABLE TO DETERMINE,FAILING TO YIELD RIGHT-OF-WAY,0,0,0,0,17,4,4,1780,CALIFORNIA AVE,41.793993,-87.512847,04/13/2016 05:25:00 PM,2016
CR00008706,05/09/2021 11:06:00 AM,30,CLEAR,DARKNESS,REAR TO FRONT,NOT DIVIDED,NO CONTROLS,UNABLE TO DETERMINE,UNABLE TO DETERMINE,0,0,0,0,11,1,5,1409,MILWAUKEE AVE,41.804745,-87.789328,05/09/2021 11:24:00 AM,2021
CR00008707,04/21/2023 02:13:00 AM,35,CLEAR,DAYLIGHT,TURNING,NOT DIVIDED,STOP SIGN/FLASHER,FAILING TO YIELD RIGHT-OF-WAY,UNABLE TO DETERMINE,0,0,1,1,2,6,4,2058,CICERO AVE,41.850496,-87.641337,04/21/2023 02:54:00 AM,2023
CR00008708,03/05/2022 04:12:00 PM,35,RAIN,DAYLIGHT,SIDESWIPE SAME DIRECTION,NOT DIVIDED,TRAFFIC SIGNAL,FOLLOWING TOO CLOSELY,UNABLE TO DETERMINE,0,0,0,0,16,7,3,912,KEDZIE AVE,41.800552,-87.586919,03/05/2022 04:27:00 PM,2022
CR00008709,09/01/2019 03:39:00 PM,30,CLEAR,DAYLIGHT,REAR END,NOT DIVIDED,NO CONTROLS,DISTRACTION - FROM INSIDE VEHICLE,DISTRACTION - FROM INSIDE VEHICLE,0,0,0,0,15,1,9,610,FULLERTON AVE,41.837909,-87.614861,09/01/2019 05:08:00 PM,2019
CR00008710,04/10/2015 06:27:00 PM,30,SNOW,DAYLIGHT,SIDESWIPE SAME DIRECTION,ONE-WAY,NO CONTROLS,IMPROPER OVERTAKING/PASSING,DISTRACTION - FROM INSIDE VEHICLE,0,0,0,0,18,6,4,2203,MICHIGAN AVE,41.792984,-87.554082,04/10/2015 07:03:00 PM,2015
CR00008711,03/20/2020 08:59:00 AM,20,CLEAR,DUSK,REAR END,NOT DIVIDED,STOP SIGN/FLASHER,UNABLE TO DETERMINE,DRIVING SKILLS/KNOWLEDGE/EXPERIENCE,0,0,0,0,8,6,3,151,WESTERN AVE,41.715837,-87.751836,03/20/2020 09:18:00 AM,2020
CR00008712,03/25/2021 04:51:00 PM,15,CLEAR,DAYLIGHT,ANGLE,DIVIDED - W/MEDIAN BARRIER,NO CONTROLS,DRIVING SKILLS/KNOWLEDGE/EXPERIENCE,DRIVING SKILLS/KNOWLEDGE/EXPERIENCE,0,0,0,0,16,5,3,1141,ASHLAND AVE,41.907546,-87.715757,03/25/2021 05:44:00 PM,2021
CR00008713,10/11/2022 08:41:00 AM,15,CLEAR,DARKNESS - LIGHTED ROAD,TURNING,NOT DIVIDED,TRAFFIC SIGNAL,DRIVING SKILLS/KNOWLEDGE/EXPERIENCE,DISTRACTION - FROM INSIDE VEHICLE,0,0,1,1,8,3,10,581,DIVISION ST,41.85837,-87.797868,10/11/2022 09:16:00 AM,2022
CR00008714,02/13/2018 01:30:00 PM,35,CLOUDY/OVERCAST,DARKNESS - LIGHTED ROAD,PARKED MOTOR VEHICLE,DIVIDED - W/MEDIAN (NOT RAISED),YIELD,DISREGARDING TRAFFIC SIGNALS,UNABLE TO DETERMINE,0,0,0,0,13,3,2,1468,HALSTED ST,41.937645,-87.828341,02/13/2018 01:57:00 PM,2018
CR00008715,08/28/2023 03:24:00 PM,15,CLEAR,DARKNESS - LIGHTED ROAD,TURNING,NOT DIVIDED,NO CONTROLS,FAILING TO YIELD RIGHT-OF-WAY,UNABLE TO DETERMINE,0,0,0,0,15,2,8,1258,LAKE SHORE DR,41.848634,-87.5683,08/28/2023 05:07:00 PM,2023
CR00008716,04/05/2017 10:55:00 AM,30,CLEAR,DARKNESS - LIGHTED ROAD,REAR END,NOT DIVIDED,PEDESTRIAN CROSSING SIGN,UNABLE TO DETERMINE,NOT APPLICABLE,0,0,0,0,10,4,4,1024,KEDZIE AVE,41.778604,-87.808064,04/05/2017 11:03:00 AM,2017
CR00008717,02/20/2019 12:42:00 PM,30,SNOW,DAYLIGHT,FIXED OBJECT,NOT DIVIDED,NO CONTROLS,FOLLOWING TOO CLOSELY,WEATHER,0,0,0,0,12,4,2,2191,CICERO AVE,41.869531,-87.699212,02/20/2019 01:44:00 PM,2019
CR00008718,08/12/2018 12:12:00 PM,30,CLEAR,DARKNESS - LIGHTED ROAD,TURNING,ONE-WAY,TRAFFIC SIGNAL,FOLLOWING TOO CLOSELY,NOT APPLICABLE,0,0,3,3,12,1,8,2413,79TH ST,41.833631,-87.821242,08/12/2018 12:20:00 PM,2018
CR00008719,07/19/2016 08:22:00 AM,25,RAIN,DAYLIGHT,ANGLE,DIVIDED - W/MEDIAN BARRIER,STOP SIGN/FLASHER,FAILING TO REDUCE SPEED,NOT APPLICABLE,0,0,0,0,8,3,7,1660,BROADWAY,41.996457,-87.719346,07/19/2016 08:48:00 AM,2016
CR00008720,10/02/2021 06:52:00 PM,20,CLEAR,DAYLIGHT,SIDESWIPE SAME DIRECTION,DIVIDED - W/MEDIAN (NOT RAISED),STOP SIGN/FLASHER,FOLLOWING TOO CLOSELY,FAILING TO YIELD RIGHT-OF-WAY,0,0,0,0,18,7,10,1999,STATE ST,41.930542,-87.793517,10/02/2021 08:04:00 PM,2021
CR00008721,06/19/2019 11:55:00 AM,35,CLEAR,DARKNESS - LIGHTED ROAD,TURNING,ONE-WAY,TRAFFIC SIGNAL,IMPROPER LANE USAGE,NOT APPLICABLE,0,0,0,0,11,4,6,1562,FULLERTON AVE,41.919634,-87.66323,06/19/2019 01:38:00 PM,2019
CR00008722,11/14/2024 08:17:00 AM,40,CLEAR,DAYLIGHT,PARKED MOTOR VEHICLE,DIVIDED - W/MEDIAN BARRIER,NO CONTROLS,FOLLOWING TOO CLOSELY,FAILING TO REDUCE SPEED,0,0,0,0,8,5,11,875,CLARK ST,41.900145,-87.834334,11/14/2024 09:16:00 AM,2024
CR00008723,06/08/2021 08:20:00 AM,45,CLEAR,DAYLIGHT,REAR END,ONE-WAY,TRAFFIC SIGNAL,FOLLOWING TOO CLOSELY,FAILING TO YIELD RIGHT-OF-WAY,0,0,0,0,8,3,6,1943,KEDZIE AVE,41.751846,-87.533113,06/08/2021 08:22:00 AM,2021
CR00008724,11/30/2019 02:36:00 PM,15,CLEAR,DAYLIGHT,PARKED MOTOR VEHICLE,NOT DIVIDED,STOP SIGN/FLASHER,UNABLE TO DETERMINE,NOT APPLICABLE,0,0,0,0,14,7,11,1344,DIVISION ST,41.939466,-87.659476,11/30/2019 03:08:00 PM,2019
CR00008725,04/21/2016 08:17:00 AM,40,SNOW,DUSK,PARKED MOTOR VEHICLE,DIVIDED - W/MEDIAN (NOT RAISED),TRAFFIC SIGNAL,DRIVING SKILLS/KNOWLEDGE/EXPERIENCE,WEATHER,0,0,0,0,8,5,4,1108,ASHLAND AVE,41.891344,-87.833414,04/21/2016 10:08:00 AM,2016
CR00008726,06/03/2019 04:29:00 PM,15,FREEZING RAIN/DRIZZLE,DARKNESS - LIGHTED ROAD,TURNING,NOT DIVIDED,TRAFFIC SIGNAL,FOLLOWING TOO CLOSELY,DRIVING SKILLS/KNOWLEDGE/EXPERIENCE,0,0,0,0,16,2,6,652,ROOSEVELT RD,41.939866,-87.80255,06/03/2019 05:01:00 PM,2019
CR00008727,06/28/2016 05:33:00 PM,15,CLEAR,DAYLIGHT,SIDESWIPE SAME DIRECTION,DIVIDED - W/MEDIAN (NOT RAISED),NO CONTROLS,UNABLE TO DETERMINE,UNABLE TO DETERMINE,0,0,0,0,17,3,6,1232,DIVISION ST,41.91187,-87.544689,06/28/2016 05:54:00 PM,2016
CR00008728,12/12/2023 07:18:00 PM,30,CLEAR,DAYLIGHT,REAR END,NOT DIVIDED,STOP SIGN/FLASHER,IMPROPER OVERTAKING/PASSING,DRIVING SKILLS/KNOWLEDGE/EXPERIENCE,0,0,0,0,19,3,12,1654,OGDEN AVE,41.877318,-87.561157,12/12/2023 08:25:00 PM,2023