CRASH_RECORD_ID,CRASH_DATE,POSTED_SPEED_LIMIT,WEATHER_CONDITION,LIGHTING_CONDITION,FIRST_CRASH_TYPE,TRAFFICWAY_TYPE,TRAFFIC_CONTROL_DEVICE,PRIM_CONTRIBUTORY_CAUSE,SEC_CONTRIBUTORY_CAUSE,INJURIES_FATAL,INJURIES_INCAPACITATING,INJURIES_NON_INCAPACITATING,INJURIES_TOTAL,CRASH_HOUR,CRASH_DAY_OF_WEEK,CRASH_MONTH,BEAT_OF_OCCURRENCE,STREET_NAME,LATITUDE,LONGITUDE,DATE_POLICE_NOTIFIED,year
CR00008729,05/31/2020 10:48:00 PM,20,CLEAR,DAYLIGHT,FIXED OBJECT,DIVIDED - W/MEDIAN (NOT RAISED),STOP SIGN/FLASHER,FOLLOWING TOO CLOSELY,NOT APPLICABLE,0,0,0,0,22,1,5,1506,CICERO AVE,41.950348,-87.770947,06/01/2020 12:48:00 AM,2020
CR00008730,11/17/2021 04:08:00 PM,35,CLEAR,DAYLIGHT,REAR END,DIVIDED - W/MEDIAN BARRIER,NO CONTROLS,FOLLOWING TOO CLOSELY,UNABLE TO DETERMINE,0,0,0,0,16,4,11,868,STONY ISLAND AVE,41.905597,-87.701645,11/17/2021 06:02:00 PM,2021
CR00008731,07/04/2018 01:31:00 AM,45,CLEAR,DAYLIGHT,TURNING,FOUR WAY,STOP SIGN/FLASHER,FAILING TO REDUCE SPEED,FAILING TO REDUCE SPEED,0,0,0,0,1,4,7,2506,LAKE SHORE DR,41.973894,-87.824091,07/04/2018 01:36:00 AM,2018
CR00008732,09/16/2021 08:39:00 AM,15,CLEAR,DAYLIGHT,TURNING,NOT DIVIDED,TRAFFIC SIGNAL,UNABLE TO DETERMINE,UNABLE TO DETERMINE,0,0,0,0,8,5,9,1914,BROADWAY,41.743942,-87.664094,09/16/2021 10:30:00 AM,2021
CR00008733,10/02/2016 04:43:00 PM,35,CLEAR,DARKNESS,REAR END,NOT DIVIDED,UNKNOWN,FOLLOWING TOO CLOSELY,UNABLE TO DETERMINE,0,0,0,0,16,1,10,1747,ARCHER AVE,41.79687,-87.739141,10/02/2016 04:54:00 PM,2016
CR00008734,08/31/2020 12:15:00 PM,40,CLEAR,DAYLIGHT,TURNING,DIVIDED - W/MEDIAN BARRIER,NO CONTROLS,FOLLOWING TOO CLOSELY,IMPROPER LANE USAGE,0,0,0,0,12,2,8,360,CLARK ST,41.781643,-87.597669,08/31/2020 01:50:00 PM,2020
CR00008735,10/30/2017 08:03:00 AM,35,CLEAR,DAWN,REAR TO FRONT,DIVIDED - W/MEDIAN (NOT RAISED),NO CONTROLS,IMPROPER OVERTAKING/PASSING,FAILING TO YIELD RIGHT-OF-WAY,0,0,0,0,8,2,10,1361,MICHIGAN AVE,41.945649,-87.655866,10/30/2017 09:52:00 AM,2017
CR00008736,09/24/2023 04:00:00 PM,45,RAIN,DUSK,REAR END,NOT DIVIDED,STOP SIGN/FLASHER,UNABLE TO DETERMINE,UNABLE TO DETERMINE,0,0,0,0,16,1,9,1884,47TH ST,41.793727,-87.630676,09/24/2023 04:45:00 PM,2023
CR00008737,10/27/2017 07:41:00 PM,20,SNOW,DAYLIGHT,TURNING,NOT DIVIDED,NO CONTROLS,UNABLE TO DETERMINE,DRIVING SKILLS/KNOWLEDGE/EXPERIENCE,0,0,2,2,19,6,10,1466,ASHLAND AVE,41.701072,-87.848393,10/27/2017 07:43:00 PM,2017
CR00008738,03/24/2019 04:53:00 PM,30,CLEAR,DAYLIGHT,REAR END,ONE-WAY,NO CONTROLS,IMPROPER OVERTAKING/PASSING,UNABLE TO DETERMINE,0,0,0,0,16,1,3,656,ROOSEVELT RD,41.91668,-87.698478,03/24/2019 05:46:00 PM,2019
CR00008739,11/18/2016 08:05:00 AM,25,CLEAR,DAYLIGHT,ANGLE,NOT DIVIDED,NO CONTROLS,DRIVING SKILLS/KNOWLEDGE/EXPERIENCE,UNABLE TO DETERMINE,0,0,0,0,8,6,11,527,OGDEN AVE,41.813396,-87.552963,11/18/2016 08:44:00 AM,2016
CR00008740,12/17/2017 10:20:00 AM,25,CLEAR,DARKNESS,TURNING,NOT DIVIDED,STOP SIGN/FLASHER,IMPROPER OVERTAKING/PASSING,NOT APPLICABLE,0,0,1,1,10,1,12,405,WESTERN AVE,41.743044,-87.721531,12/17/2017 11:25:00 AM,2017
CR00008741,07/17/2022 08:51:00 PM,30,CLEAR,DAYLIGHT,FIXED OBJECT,T-INTERSECTION,STOP SIGN/FLASHER,FOLLOWING TOO CLOSELY,UNABLE TO DETERMINE,0,1,0,1,20,1,7,2370,CICERO AVE,41.925863,-87.622075,07/17/2022 10:36:00 PM,2022
CR00008742,10/03/2020 09:29:00 AM,30,CLEAR,DAYLIGHT,REAR END,DIVIDED - W/MEDIAN (NOT RAISED),TRAFFIC SIGNAL,UNABLE TO DETERMINE,FAILING TO YIELD RIGHT-OF-WAY,0,0,0,0,9,7,10,2065,MILWAUKEE AVE,41.742661,-87.671781,10/03/2020 09:33:00 AM,2020
CR00008743,07/14/2017 08:27:00 AM,35,SNOW,DAYLIGHT,FIXED OBJECT,NOT DIVIDED,NO CONTROLS,IMPROPER LANE USAGE,UNABLE TO DETERMINE,0,0,0,0,8,6,7,458,ASHLAND AVE,41.863845,-87.56245,07/14/2017 09:52:00 AM,2017
CR00008744,11/07/2017 07:31:00 AM,30,CLOUDY/OVERCAST,DARKNESS - LIGHTED ROAD,TURNING,DIVIDED - W/MEDIAN BARRIER,NO CONTROLS,DISTRACTION - FROM INSIDE VEHICLE,FAILING TO REDUCE SPEED,0,0,0,0,7,3,11,826,CLARK ST,41.980207,-87.635278,11/07/2017 08:27:00 AM,2017
CR00008745,05/19/2021 08:44:00 AM,45,RAIN,DAYLIGHT,ANGLE,DIVIDED - W/MEDIAN (NOT RAISED),TRAFFIC SIGNAL,FOLLOWING TOO CLOSELY,FOLLOWING TOO CLOSELY,0,0,0,0,8,4,5,946,PULASKI RD,41.897478,-87.661006,05/19/2021 09:51:00 AM,2021
CR00008746,03/14/2018 04:05:00 PM,35,CLEAR,DAYLIGHT,ANGLE,DIVIDED - W/MEDIAN (NOT RAISED),TRAFFIC SIGNAL,UNABLE TO DETERMINE,FOLLOWING TOO CLOSELY,0,0,0,0,16,4,3,1135,IRVING PARK RD,41.919633,-87.574462,03/14/2018 05:11:00 PM,2018
CR00008747,12/08/2015 05:02:00 PM,20,RAIN,DAYLIGHT,ANGLE,T-INTERSECTION,TRAFFIC SIGNAL,DISTRACTION - FROM INSIDE VEHICLE,FAILING TO YIELD RIGHT-OF-WAY,0,1,1,2,17,3,12,1256,MILWAUKEE AVE,41.837416,-87.665912,12/08/2015 06:14:00 PM,2015
CR00008748,07/20/2017 06:16:00 PM,45,RAIN,DAYLIGHT,SIDESWIPE SAME DIRECTION,NOT DIVIDED,NO CONTROLS,UNABLE TO DETERMINE,FAILING TO YIELD RIGHT-OF-WAY,0,0,1,1,18,5,7,2432,STATE ST,41.942845,-87.801229,07/20/2017 07:13:00 PM,2017
CR00008749,11/10/2021 11:22:00 AM,30,CLEAR,DARKNESS - LIGHTED ROAD,ANGLE,DIVIDED - W/MEDIAN (NOT RAISED),TRAFFIC SIGNAL,UNABLE TO DETERMINE,UNABLE TO DETERMINE,0,0,0,0,11,4,11,1349,ROOSEVELT RD,41.748506,-87.794682,11/10/2021 12:04:00 PM,2021
CR00008750,11/09/2016 10:50:00 AM,45,CLOUDY/OVERCAST,DAYLIGHT,REAR END,DIVIDED - W/MEDIAN (NOT RAISED),TRAFFIC SIGNAL,IMPROPER OVERTAKING/PASSING,DISTRACTION - FROM INSIDE VEHICLE,0,0,1,1,10,4,11,1114,MILWAUKEE AVE,41.919216,-87.800433,11/09/2016 10:51:00 AM,2016
CR00008751,09/05/2024 07:16:00 AM,40,CLEAR,DAYLIGHT,TURNING,DIVIDED - W/MEDIAN (NOT RAISED),NO CONTROLS,FAILING TO YIELD RIGHT-OF-WAY,DISTRACTION - FROM INSIDE VEHICLE,0,0,1,1,7,5,9,374,FULLERTON AVE,41.920132,-87.721558,09/05/2024 09:05:00 AM,2024
CR00008752,06/12/2023 01:59:00 PM,25,CLEAR,DARKNESS - LIGHTED ROAD,ANGLE,DIVIDED - W/MEDIAN BARRIER,TRAFFIC SIGNAL,UNABLE TO DETERMINE,FAILING TO YIELD RIGHT-OF-WAY,0,0,0,0,13,2,6,2149,CLARK ST,41.89773,-87.560865,06/12/2023 02:28:00 PM,2023
CR00008753,06/25/2016 06:00:00 PM,45,CLEAR,DAYLIGHT,REAR END,NOT DIVIDED,NO CONTROLS,UNABLE TO DETERMINE,UNABLE TO DETERMINE,0,1,1,2,18,7,6,1196,ROOSEVELT RD,41.741111,-87.603745,06/25/2016 07:39:00 PM,2016
CR00008754,08/05/2020 07:41:00 AM,45,CLEAR,DARKNESS - LIGHTED ROAD,REAR END,NOT DIVIDED,TRAFFIC SIGNAL,IMPROPER LANE USAGE,FAILING TO REDUCE SPEED,0,0,0,0,7,4,8,2353,IRVING PARK RD,41.740928,-87.7882,08/05/2020 08:20:00 AM,2020
CR00008755,02/09/2016 04:59:00 PM,45,CLEAR,DARKNESS - LIGHTED ROAD,ANGLE,NOT DIVIDED,NO CONTROLS,FOLLOWING TOO CLOSELY,FAILING TO YIELD RIGHT-OF-WAY,0,0,0,0,16,3,2,393,ELSTON AVE,41.71812,-87.590187,02/09/2016 06:23:00 PM,2016
CR00008756,10/07/2018 03:09:00 PM,45,CLEAR,DAYLIGHT,REAR END,NOT DIVIDED,TRAFFIC SIGNAL,FOLLOWING TOO CLOSELY,UNABLE TO DETERMINE,0,0,1,1,15,1,10,1573,FULLERTON AVE,41.887127,-87.740104,10/07/2018 04:31:00 PM,2018
CR00008757,06/16/2021 08:06:00 PM,30,SNOW,DARKNESS - LIGHTED ROAD,REAR END,DIVIDED - W/MEDIAN (NOT RAISED),TRAFFIC SIGNAL,DISTRACTION - FROM INSIDE VEHICLE,NOT APPLICABLE,0,0,0,0,20,4,6,1614,STONY ISLAND AVE,41.71157,-87.837257,06/16/2021 08:52:00 PM,2021
CR00008758,02/16/2021 05:31:00 PM,20,CLEAR,DAYLIGHT,TURNING,T-INTERSECTION,NO CONTROLS,IMPROPER OVERTAKING/PASSING,UNABLE TO DETERMINE,0,0,0,0,17,3,2,1685,IRVING PARK RD,41.853305,-87.608733,02/16/2021 06:17:00 PM,2021
CR00008759,01/07/2018 02:41:00 PM,30,CLEAR,DARKNESS - LIGHTED ROAD,ANGLE,DIVIDED - W/MEDIAN BARRIER,UNKNOWN,UNABLE TO DETERMINE,FAILING TO REDUCE SPEED,0,0,0,0,14,1,1,1559,DAMEN AVE,41.78538,-87.827504,01/07/2018 02:58:00 PM,2018
CR00008760,05/11/2016 04:25:00 PM,30,RAIN,DAYLIGHT,ANGLE,NOT DIVIDED,NO CONTROLS,FAILING TO REDUCE SPEED,IMPROPER LANE USAGE,0,0,0,0,16,4,5,174,DIVISION ST,41.84647,-87.549812,05/11/2016 05:44:00 PM,2016
CR00008761,03/08/2024 06:17:00 AM,30,CLEAR,DARKNESS - LIGHTED ROAD,REAR END,NOT DIVIDED,NO CONTROLS,FAILING TO YIELD RIGHT-OF-WAY,IMPROPER OVERTAKING/PASSING,0,0,0,0,6,6,3,2160,STONY ISLAND AVE,41.72855,-87.512735,03/08/2024 07:01:00 AM,2024
CR00008762,02/27/2018 07:16:00 PM,35,CLEAR,DARKNESS - LIGHTED ROAD,REAR END,DIVIDED - W/MEDIAN (NOT RAISED),STOP SIGN/FLASHER,FOLLOWING TOO CLOSELY,NOT APPLICABLE,0,0,0,0,19,3,2,1869,79TH ST,41.834525,-87.615418,02/27/2018 08:11:00 PM,2018
CR00008763,03/06/2021 09:56:00 PM,15,CLEAR,DARKNESS - LIGHTED ROAD,SIDESWIPE SAME DIRECTION,NOT DIVIDED,NO CONTROLS,FOLLOWING TOO CLOSELY,NOT APPLICABLE,0,0,0,0,21,7,3,1870,CALIFORNIA AVE,41.728729,-87.688545,03/06/2021 10:40:00 PM,2021
CR00008764,09/28/2017 05:35:00 PM,40,CLEAR,DAYLIGHT,REAR END,DIVIDED - W/MEDIAN BARRIER,NO CONTROLS,IMPROPER OVERTAKING/PASSING,FOLLOWING TOO CLOSELY,0,0,0,0,17,5,9,1677,ROOSEVELT RD,41.926855,-87.50998,09/28/2017 05:37:00 PM,2017
CR00008765,05/30/2016 05:10:00 PM,25,CLEAR,DAYLIGHT,REAR END,T-INTERSECTION,NO CONTROLS,FAILING TO YIELD RIGHT-OF-WAY,FAILING TO YIELD RIGHT-OF-WAY,0,0,0,0,17,2,5,1542,ASHLAND AVE,41.702661,-87.711068,05/30/2016 05:50:00 PM,2016
CR00008766,01/14/2024 04:59:00 PM,35,CLEAR,DARKNESS - LIGHTED ROAD,TURNING,NOT DIVIDED,NO CONTROLS,FAILING TO REDUCE SPEED,NOT APPLICABLE,0,0,1,1,16,1,1,2526,79TH ST,41.929441,-87.701372,01/14/2024 05:45:00 PM,2024
CR00008767,01/01/2019 07:09:00 AM,30,FREEZING RAIN/DRIZZLE,DAYLIGHT,ANGLE,NOT DIVIDED,NO CONTROLS,DISREGARDING TRAFFIC SIGNALS,UNABLE TO DETERMINE,0,0,0,0,7,3,1,1107,47TH ST,41.731591,-87.629862,01/01/2019 08:25:00 AM,2019
CR00008768,05/20/2020 11:11:00 AM,20,RAIN,DARKNESS,REAR END,T-INTERSECTION,NO CONTROLS,FAILING TO REDUCE SPEED,UNABLE TO DETERMINE,0,0,1,1,11,4,5,1818,ELSTON AVE,41.721501,-87.730822,05/20/2020 11:37:00 AM,2020
CR00008769,06/20/2018 08:59:00 AM,35,CLEAR,DARKNESS - LIGHTED ROAD,PARKED MOTOR VEHICLE,ONE-WAY,TRAFFIC SIGNAL,IMPROPER LANE USAGE,DRIVING SKILLS/KNOWLEDGE/EXPERIENCE,0,0,0,0,8,4,6,273,ARCHER AVE,41.80167,-87.823775,06/20/2018 10:50:00 AM,2018
CR00008770,11/02/2022 08:02:00 AM,30,CLEAR,DUSK,REAR END,ONE-WAY,STOP SIGN/FLASHER,FOLLOWING TOO CLOSELY,FAILING TO YIELD RIGHT-OF-WAY,0,0,0,0,8,4,11,1493,OGDEN AVE,41.95319,-87.526503,11/02/2022 08:06:00 AM,2022
CR00008771,04/13/2015 01:20:00 PM,35,CLEAR,DAYLIGHT,FIXED OBJECT,NOT DIVIDED,NO CONTROLS,DISREGARDING TRAFFIC SIGNALS,DISREGARDING TRAFFIC SIGNALS,0,0,0,0,13,2,4,1642,DAMEN AVE,41.83463,-87.502271,04/13/2015 02:23:00 PM,2015
CR00008772,11/29/2022 02:08:00 PM,15,CLOUDY/OVERCAST,DAYLIGHT,PEDESTRIAN,DIVIDED - W/MEDIAN (NOT RAISED),NO CONTROLS,FOLLOWING TOO CLOSELY,UNABLE TO DETERMINE,0,0,2,2,14,3,11,265,STONY ISLAND AVE,41.956632,-87.576361,11/29/2022 03:37:00 PM,2022
CR00008773,04/24/2024 06:32:00 PM,30,CLEAR,DARKNESS - LIGHTED ROAD,REAR END,DIVIDED - W/MEDIAN (NOT RAISED),TRAFFIC SIGNAL,UNABLE TO DETERMINE,DISTRACTION - FROM INSIDE VEHICLE,0,0,0,0,18,4,4,575,DIVISION ST,41.761731,-87.69658,04/24/2024 07:02:00 PM,2024
CR00008774,02/28/2022 10:04:00 AM,25,CLEAR,DAYLIGHT,PARKED MOTOR VEHICLE,T-INTERSECTION,STOP SIGN/FLASHER,UNABLE TO DETERMINE,NOT APPLICABLE,0,0,2,2,10,2,2,2220,WESTERN AVE,41.83557,-87.545158,02/28/2022 11:47:00 AM,2022
CR00008775,06/25/2016 02:30:00 AM,20,CLEAR,DARKNESS - LIGHTED ROAD,TURNING,DIVIDED - W/MEDIAN (NOT RAISED),NO CONTROLS,FAILING TO YIELD RIGHT-OF-WAY,UNABLE TO DETERMINE,0,0,0,0,2,7,6,154,STATE ST,41.794174,-87.54128,06/25/2016 03:19:00 AM,2016
CR00008776,05/04/2018 03:59:00 PM,30,CLEAR,DARKNESS - LIGHTED ROAD,PARKED MOTOR VEHICLE,NOT DIVIDED,STOP SIGN/FLASHER,DISTRACTION - FROM INSIDE VEHICLE,DRIVING SKILLS/KNOWLEDGE/EXPERIENCE,0,0,2,2,15,6,5,2371,ASHLAND AVE,41.968457,-87.841626,05/04/2018 04:13:00 PM,2018
CR00008777,10/07/2023 11:21:00 AM,30,CLEAR,DARKNESS - LIGHTED ROAD,REAR END,NOT DIVIDED,TRAFFIC SIGNAL,FAILING TO YIELD RIGHT-OF-WAY,FAILING TO REDUCE SPEED,0,0,0,0,11,7,10,2377,IRVING PARK RD,41.717585,-87.828857,10/07/2023 11:46:00 AM,2023
CR00008778,04/14/2019 09:48:00 AM,25,CLEAR,DAWN,FIXED OBJECT,NOT DIVIDED,NO CONTROLS,FAILING TO YIELD RIGHT-OF-WAY,FAILING TO REDUCE SPEED,0,0,0,0,9,1,4,851,ELSTON AVE,41.984995,-87.759449,04/14/2019 10:29:00 AM,2019
CR00008779,10/24/2020 01:45:00 PM,30,FOG/SMOKE/HAZE,DAYLIGHT,REAR TO FRONT,FOUR WAY,STOP SIGN/FLASHER,IMPROPER LANE USAGE,UNABLE TO DETERMINE,0,0,0,0,13,7,10,2155,IRVING PARK RD,41.75276,-87.684117,10/24/2020 02:30:00 PM,2020
CR00008780,06/01/2019 02:04:00 AM,40,CLEAR,DAYLIGHT,REAR END,NOT DIVIDED,TRAFFIC SIGNAL,DISTRACTION - FROM INSIDE VEHICLE,IMPROPER LANE USAGE,0,0,0,0,2,7,6,1951,ASHLAND AVE,41.846117,-87.519068,06/01/2019 03:55:00 AM,2019
CR00008781,04/27/2021 01:28:00 AM,15,RAIN,DAYLIGHT,SIDESWIPE SAME DIRECTION,DIVIDED - W/MEDIAN (NOT RAISED),NO CONTROLS,FOLLOWING TOO CLOSELY,FOLLOWING TOO CLOSELY,0,0,0,0,1,3,4,140,CALIFORNIA AVE,41.830655,-87.610582,04/27/2021 02:04:00 AM,2021
CR00008782,12/21/2022 08:47:00 AM,20,CLEAR,DAYLIGHT,SIDESWIPE SAME DIRECTION,NOT DIVIDED,TRAFFIC SIGNAL,UNABLE TO DETERMINE,UNABLE TO DETERMINE,0,0,0,0,8,4,12,630,CALIFORNIA AVE,41.940691,-87.667469,12/21/2022 10:38:00 AM,2022
CR00008783,05/01/2018 08:36:00 AM,15,CLOUDY/OVERCAST,DAYLIGHT,REAR END,NOT DIVIDED,NO CONTROLS,DISTRACTION - FROM INSIDE VEHICLE,IMPROPER OVERTAKING/PASSING,0,0,1,1,8,3,5,981,ASHLAND AVE,41.941803,-87.835253,05/01/2018 10:09:00 AM,2018
CR00008784,07/28/2015 04:50:00 AM,30,CLEAR,DAWN,REAR TO FRONT,ONE-WAY,NO CONTROLS,UNABLE TO DETERMINE,UNABLE TO DETERMINE,0,0,0,0,4,3,7,351,KEDZIE AVE,41.86517,-87.740758,07/28/2015 05:12:00 AM,2015
CR00008785,12/31/2021 08:13:00 AM,35,CLEAR,DAYLIGHT,REAR END,NOT DIVIDED,STOP SIGN/FLASHER,UNABLE TO DETERMINE,DRIVING SKILLS/KNOWLEDGE/EXPERIENCE,0,0,1,1,8,6,12,1190,STONY ISLAND AVE,41.714041,-87.513175,12/31/2021 09:45:00 AM,2021
CR00008786,08/26/2022 06:34:00 PM,15,RAIN,DAYLIGHT,REAR END,FOUR WAY,TRAFFIC SIGNAL,IMPROPER LANE USAGE,NOT APPLICABLE,0,0,0,0,18,6,8,652,WESTERN AVE,41.825109,-87.803251,08/26/2022 08:22:00 PM,2022
CR00008787,07/08/2019 04:52:00 PM,40,CLEAR,DAYLIGHT,REAR TO FRONT,NOT DIVIDED,UNKNOWN,UNABLE TO DETERMINE,FOLLOWING TOO CLOSELY,0,0,0,0,16,2,7,2191,MILWAUKEE AVE,41.947534,-87.737491,07/08/2019 05:26:00 PM,2019
CR00008788,11/30/2023 09:47:00 AM,30,CLOUDY/OVERCAST,DUSK,TURNING,NOT DIVIDED,TRAFFIC SIGNAL,DISREGARDING TRAFFIC SIGNALS,FAILING TO YIELD RIGHT-OF-WAY,0,0,0,0,9,5,11,204,ASHLAND AVE,41.951735,-87.840854,11/30/2023 10:08:00 AM,2023
CR00008789,02/11/2018 12:09:00 PM,35,RAIN,DAYLIGHT,TURNING,T-INTERSECTION,STOP SIGN/FLASHER,IMPROPER LANE USAGE,DISREGARDING TRAFFIC SIGNALS,0,0,0,0,12,1,2,426,CLARK ST,41.787483,-87.718726,02/11/2018 01:25:00 PM,2018
CR00008790,07/12/2022 12:19:00 AM,35,RAIN,DAYLIGHT,FIXED OBJECT,ONE-WAY,TRAFFIC SIGNAL,UNABLE TO DETERMINE,UNABLE TO DETERMINE,0,0,0,0,0,3,7,1654,STONY ISLAND AVE,41.922171,-87.51975,07/12/2022 01:31:00 AM,2022
CR00008791,12/23/2018 10:22:00 AM,40,CLEAR,DUSK,REAR END,ONE-WAY,STOP SIGN/FLASHER,DISTRACTION - FROM INSIDE VEHICLE,FAILING TO YIELD RIGHT-OF-WAY,0,0,0,0,10,1,12,1151,KEDZIE AVE,41.989753,-87.827268,12/23/2018 10:31:00 AM,2018
CR00008792,11/12/2016 03:35:00 PM,25,CLEAR,DAYLIGHT,TURNING,FOUR WAY,UNKNOWN,UNABLE TO DETERMINE,FOLLOWING TOO CLOSELY,0,0,0,0,15,7,11,1573,CLARK ST,41.922136,-87.559574,11/12/2016 03:46:00 PM,2016
CR00008793,03/15/2019 09:38:00 PM,40,CLEAR,DAYLIGHT,FIXED OBJECT,FOUR WAY,TRAFFIC SIGNAL,DISREGARDING TRAFFIC SIGNALS,FOLLOWING TOO CLOSELY,0,0,0,0,21,6,3,1359,FULLERTON AVE,41.956104,-87.666818,03/15/2019 09:54:00 PM,2019
CR00008794,04/21/2024 04:57:00 PM,35,CLEAR,DARKNESS - LIGHTED ROAD,PARKED MOTOR VEHICLE,DIVIDED - W/MEDIAN (NOT RAISED),TRAFFIC SIGNAL,UNABLE TO DETERMINE,NOT APPLICABLE,0,0,1,1,16,1,4,1681,ROOSEVELT RD,41.701523,-87.712323,04/21/2024 06:08:00 PM,2024
CR00008795,03/20/2019 06:27:00 PM,35,CLEAR,DARKNESS - LIGHTED ROAD,TURNING,T-INTERSECTION,TRAFFIC SIGNAL,IMPROPER LANE USAGE,WEATHER,0,0,0,0,18,4,3,147,BROADWAY,41.768111,-87.792192,03/20/2019 07:18:00 PM,2019
CR00008796,02/09/2019 06:10:00 PM,30,CLEAR,DAYLIGHT,ANGLE,FOUR WAY,TRAFFIC SIGNAL,UNABLE TO DETERMINE,FAILING TO YIELD RIGHT-OF-WAY,0,0,0,0,18,7,2,1696,IRVING PARK RD,41.800639,-87.674188,02/09/2019 06:59:00 PM,2019
CR00008797,12/09/2022 06:40:00 PM,35,CLOUDY/OVERCAST,DAYLIGHT,PEDESTRIAN,NOT DIVIDED,NO CONTROLS,UNABLE TO DETERMINE,IMPROPER OVERTAKING/PASSING,0,0,0,0,18,6,12,382,HALSTED ST,41.828871,-87.629504,12/09/2022 07:06:00 PM,2022
CR00008798,10/05/2018 12:24:00 AM,35,CLEAR,DARKNESS,REAR TO FRONT,ONE-WAY,TRAFFIC SIGNAL,FOLLOWING TOO CLOSELY,DISTRACTION - FROM INSIDE VEHICLE,0,0,0,0,0,6,10,2357,MICHIGAN AVE,41.955076,-87.67984,10/05/2018 01:29:00 AM,2018
CR00008799,08/26/2022 05:50:00 PM,30,FOG/SMOKE/HAZE,DARKNESS,REAR END,DIVIDED - W/MEDIAN BARRIER,TRAFFIC SIGNAL,UNABLE TO DETERMINE,DISREGARDING TRAFFIC SIGNALS,0,0,0,0,17,6,8,1203,HALSTED ST,41.776554,-87.782006,08/26/2022 06:44:00 PM,2022
CR00008800,09/11/2018 01:08:00 PM,30,CLEAR,DAWN,PEDESTRIAN,DIVIDED - W/MEDIAN (NOT RAISED),STOP SIGN/FLASHER,UNABLE TO DETERMINE,IMPROPER OVERTAKING/PASSING,0,0,0,0,13,3,9,1134,63RD ST,41.714577,-87.641407,09/11/2018 01:45:00 PM,2018
CR00008801,03/14/2024 11:16:00 PM,20,CLEAR,DAYLIGHT,PEDESTRIAN,DIVIDED - W/MEDIAN (NOT RAISED),UNKNOWN,FOLLOWING TOO CLOSELY,UNABLE TO DETERMINE,0,0,0,0,23,5,3,2520,63RD ST,41.85075,-87.677996,03/15/2024 12:49:00 AM,2024
CR00008802,04/27/2022 12:58:00 AM,25,CLOUDY/OVERCAST,DAYLIGHT,PARKED MOTOR VEHICLE,NOT DIVIDED,NO CONTROLS,FOLLOWING TOO CLOSELY,UNABLE TO DETERMINE,0,1,0,1,0,4,4,876,STONY ISLAND AVE,41.704144,-87.837427,04/27/2022 02:19:00 AM,2022
CR00008803,01/30/2017 11:53:00 PM,35,CLEAR,DAYLIGHT,ANGLE,DIVIDED - W/MEDIAN BARRIER,NO CONTROLS,DISTRACTION - FROM INSIDE VEHICLE,UNABLE TO DETERMINE,0,0,0,0,23,2,1,1357,79TH ST,41.801361,-87.84353,01/31/2017 01:27:00 AM,2017
CR00008804,11/30/2020 05:21:00 PM,35,CLEAR,DAYLIGHT,PARKED MOTOR VEHICLE,ONE-WAY,STOP SIGN/FLASHER,UNABLE TO DETERMINE,DRIVING SKILLS/KNOWLEDGE/EXPERIENCE,0,0,0,0,17,2,11,1033,PULASKI RD,41.881312,-87.620879,11/30/2020 06:46:00 PM,2020
CR00008805,03/07/2017 08:25:00 AM,30,CLEAR,DARKNESS - LIGHTED ROAD,REAR END,ONE-WAY,TRAFFIC SIGNAL,FAILING TO YIELD RIGHT-OF-WAY,FOLLOWING TOO CLOSELY,0,0,0,0,8,3,3,1055,79TH ST,41.894833,-87.560561,03/07/2017 08:48:00 AM,2017
CR00008806,02/26/2016 08:26:00 PM,40,SNOW,DAYLIGHT,SIDESWIPE SAME DIRECTION,T-INTERSECTION,NO CONTROLS,UNABLE TO DETERMINE,NOT APPLICABLE,0,0,0,0,20,6,2,2326,MICHIGAN AVE,41.782903,-87.667578,02/26/2016 08:53:00 PM,2016
CR00008807,08/25/2019 08:51:00 PM,45,CLEAR,DAYLIGHT,PARKED MOTOR VEHICLE,NOT DIVIDED,TRAFFIC SIGNAL,DISREGARDING TRAFFIC SIGNALS,DRIVING SKILLS/KNOWLEDGE/EXPERIENCE,0,1,3,4,20,1,8,2174,CALIFORNIA AVE,41.764385,-87.529386,08/25/2019 10:10:00 PM,2019
CR00008808,12/07/2022 06:53:00 PM,30,RAIN,DARKNESS,TURNING,T-INTERSECTION,TRAFFIC SIGNAL,DISTRACTION - FROM INSIDE VEHICLE,NOT APPLICABLE,0,0,0,0,18,4,12,112,FULLERTON AVE,41.735182,-87.849446,12/07/2022 07:53:00 PM,2022
CR00008809,03/10/2023 02:50:00 PM,30,CLEAR,DARKNESS,ANGLE,NOT DIVIDED,NO CONTROLS,DRIVING SKILLS/KNOWLEDGE/EXPERIENCE,FAILING TO YIELD RIGHT-OF-WAY,0,0,0,0,14,6,3,2439,DIVISION ST,41.908419,-87.512464,03/10/2023 03:48:00 PM,2023
CR00008810,10/28/2019 02:01:00 AM,35,FREEZING RAIN/DRIZZLE,DAYLIGHT,REAR END,DIVIDED - W/MEDIAN (NOT RAISED),STOP SIGN/FLASHER,DRIVING SKILLS/KNOWLEDGE/EXPERIENCE,IMPROPER OVERTAKING/PASSING,0,0,0,0,2,2,10,2484,BROADWAY,41.875675,-87.74429,10/28/2019 02:14:00 AM,2019