CRASH_RECORD_ID,CRASH_DATE,POSTED_SPEED_LIMIT,WEATHER_CONDITION,LIGHTING_CONDITION,FIRST_CRASH_TYPE,TRAFFICWAY_TYPE,TRAFFIC_CONTROL_DEVICE,PRIM_CONTRIBUTORY_CAUSE,SEC_CONTRIBUTORY_CAUSE,INJURIES_FATAL,INJURIES_INCAPACITATING,INJURIES_NON_INCAPACITATING,INJURIES_TOTAL,CRASH_HOUR,CRASH_DAY_OF_WEEK,CRASH_MONTH,BEAT_OF_OCCURRENCE,STREET_NAME,LATITUDE,LONGITUDE,DATE_POLICE_NOTIFIED,year
CR00008811,08/16/2019 06:43:00 PM,25,CLEAR,DARKNESS - LIGHTED ROAD,REAR END,DIVIDED - W/MEDIAN BARRIER,NO CONTROLS,FOLLOWING TOO CLOSELY,FOLLOWING TOO CLOSELY,0,0,0,0,18,6,8,841,79TH ST,41.777639,-87.810602,08/16/2019 08:31:00 PM,2019
CR00008812,11/09/2018 01:36:00 PM,35,CLEAR,DARKNESS - LIGHTED ROAD,ANGLE,NOT DIVIDED,NO CONTROLS,UNABLE TO DETERMINE,FOLLOWING TOO CLOSELY,0,0,1,1,13,6,11,1364,47TH ST,41.953878,-87.79877,11/09/2018 02:46:00 PM,2018
CR00008813,04/25/2022 02:27:00 PM,30,CLEAR,DARKNESS - LIGHTED ROAD,TURNING,DIVIDED - W/MEDIAN (NOT RAISED),NO CONTROLS,DRIVING SKILLS/KNOWLEDGE/EXPERIENCE,NOT APPLICABLE,0,0,0,0,14,2,4,1325,47TH ST,41.752523,-87.662759,04/25/2022 03:41:00 PM,2022
CR00008814,11/13/2020 03:49:00 AM,30,CLEAR,DARKNESS - LIGHTED ROAD,REAR END,FOUR WAY,STOP SIGN/FLASHER,UNABLE TO DETERMINE,DISTRACTION - FROM INSIDE VEHICLE,0,0,0,0,3,6,11,1521,FULLERTON AVE,41.855076,-87.660756,11/13/2020 05:09:00 AM,2020
CR00008815,05/18/2019 07:10:00 AM,25,CLEAR,DARKNESS - LIGHTED ROAD,REAR END,T-INTERSECTION,TRAFFIC SIGNAL,UNABLE TO DETERMINE,DISTRACTION - FROM INSIDE VEHICLE,0,0,0,0,7,7,5,1412,STONY ISLAND AVE,41.787024,-87.697086,05/18/2019 08:20:00 AM,2019
CR00008816,12/16/2019 08:40:00 AM,25,CLEAR,DAYLIGHT,TURNING,FOUR WAY,NO CONTROLS,WEATHER,DISREGARDING TRAFFIC SIGNALS,0,0,0,0,8,2,12,1100,IRVING PARK RD,41.766251,-87.753543,12/16/2019 10:01:00 AM,2019
CR00008817,02/02/2015 07:00:00 AM,40,CLEAR,DAYLIGHT,SIDESWIPE SAME DIRECTION,ONE-WAY,NO CONTROLS,IMPROPER OVERTAKING/PASSING,FOLLOWING TOO CLOSELY,0,0,0,0,7,2,2,1350,CLARK ST,41.804386,-87.665988,02/02/2015 07:18:00 AM,2015
CR00008818,03/11/2018 05:04:00 PM,35,CLOUDY/OVERCAST,DAYLIGHT,ANGLE,ONE-WAY,NO CONTROLS,FOLLOWING TOO CLOSELY,IMPROPER OVERTAKING/PASSING,0,0,3,3,17,1,3,596,CALIFORNIA AVE,41.80784,-87.750193,03/11/2018 05:11:00 PM,2018
CR00008819,02/20/2022 03:54:00 PM,30,CLEAR,DAYLIGHT,REAR TO FRONT,DIVIDED - W/MEDIAN (NOT RAISED),UNKNOWN,FOLLOWING TOO CLOSELY,UNABLE TO DETERMINE,0,0,0,0,15,1,2,1875,PULASKI RD,41.80764,-87.522148,02/20/2022 05:26:00 PM,2022
CR00008820,11/13/2017 09:46:00 AM,20,CLEAR,DARKNESS - LIGHTED ROAD,REAR END,ONE-WAY,UNKNOWN,UNABLE TO DETERMINE,NOT APPLICABLE,0,0,0,0,9,2,11,578,FULLERTON AVE,41.860258,-87.604973,11/13/2017 10:07:00 AM,2017
CR00008821,02/16/2017 03:23:00 AM,45,SNOW,DARKNESS - LIGHTED ROAD,PEDESTRIAN,NOT DIVIDED,TRAFFIC SIGNAL,DISTRACTION - FROM INSIDE VEHICLE,DISREGARDING TRAFFIC SIGNALS,0,0,0,0,3,5,2,1707,DAMEN AVE,41.702715,-87.577088,02/16/2017 04:08:00 AM,2017
CR00008822,12/04/2019 08:18:00 AM,35,RAIN,DAYLIGHT,FIXED OBJECT,FOUR WAY,NO CONTROLS,FAILING TO YIELD RIGHT-OF-WAY,DISTRACTION - FROM INSIDE VEHICLE,0,0,1,1,8,4,12,2525,47TH ST,41.986737,-87.752864,12/04/2019 09:15:00 AM,2019
CR00008823,04/21/2019 10:55:00 PM,45,CLEAR,DAYLIGHT,REAR TO FRONT,DIVIDED - W/MEDIAN (NOT RAISED),STOP SIGN/FLASHER,DISTRACTION - FROM INSIDE VEHICLE,IMPROPER OVERTAKING/PASSING,0,0,2,2,22,1,4,1868,OGDEN AVE,41.829189,-87.761383,04/22/2019 12:25:00 AM,2019
CR00008824,03/04/2016 05:19:00 PM,35,CLEAR,DAYLIGHT,SIDESWIPE SAME DIRECTION,NOT DIVIDED,NO CONTROLS,UNABLE TO DETERMINE,DRIVING SKILLS/KNOWLEDGE/EXPERIENCE,0,0,0,0,17,6,3,2404,STONY ISLAND AVE,41.818076,-87.589541,03/04/2016 05:50:00 PM,2016
CR00008825,04/08/2015 05:04:00 PM,35,CLEAR,DARKNESS - LIGHTED ROAD,ANGLE,DIVIDED - W/MEDIAN BARRIER,TRAFFIC SIGNAL,UNABLE TO DETERMINE,UNABLE TO DETERMINE,0,0,0,0,17,4,4,2182,IRVING PARK RD,41.788276,-87.658907,04/08/2015 06:22:00 PM,2015
CR00008826,05/02/2018 03:00:00 AM,40,CLEAR,DAYLIGHT,REAR END,ONE-WAY,TRAFFIC SIGNAL,FAILING TO YIELD RIGHT-OF-WAY,DISTRACTION - FROM INSIDE VEHICLE,0,0,0,0,3,4,5,2388,STATE ST,41.832778,-87.739469,05/02/2018 03:13:00 AM,2018
CR00008827,04/25/2024 11:43:00 PM,40,CLEAR,DAYLIGHT,REAR END,DIVIDED - W/MEDIAN (NOT RAISED),STOP SIGN/FLASHER,FOLLOWING TOO CLOSELY,NOT APPLICABLE,0,0,0,0,23,5,4,596,ROOSEVELT RD,41.894394,-87.723829,04/26/2024 12:05:00 AM,2024
CR00008828,07/09/2024 04:20:00 PM,20,CLEAR,DAYLIGHT,REAR END,NOT DIVIDED,NO CONTROLS,FOLLOWING TOO CLOSELY,NOT APPLICABLE,0,0,0,0,16,3,7,1067,PULASKI RD,41.986432,-87.583134,07/09/2024 05:07:00 PM,2024
CR00008829,03/05/2021 03:45:00 AM,45,CLEAR,DAYLIGHT,PARKED MOTOR VEHICLE,NOT DIVIDED,TRAFFIC SIGNAL,IMPROPER LANE USAGE,DISTRACTION - FROM INSIDE VEHICLE,0,0,0,0,3,6,3,1846,STONY ISLAND AVE,41.728537,-87.814061,03/05/2021 03:47:00 AM,2021
CR00008830,03/24/2015 07:51:00 AM,15,CLEAR,DAYLIGHT,PARKED MOTOR VEHICLE,FOUR WAY,UNKNOWN,FAILING TO YIELD RIGHT-OF-WAY,IMPROPER LANE USAGE,0,0,1,1,7,3,3,1945,KEDZIE AVE,41.807108,-87.810245,03/24/2015 09:19:00 AM,2015
CR00008831,06/25/2024 03:49:00 PM,30,FREEZING RAIN/DRIZZLE,DAYLIGHT,REAR END,NOT DIVIDED,STOP SIGN/FLASHER,IMPROPER OVERTAKING/PASSING,FAILING TO YIELD RIGHT-OF-WAY,0,0,0,0,15,3,6,453,STONY ISLAND AVE,41.742738,-87.710663,06/25/2024 05:21:00 PM,2024
CR00008832,08/28/2020 01:14:00 PM,30,CLOUDY/OVERCAST,DAYLIGHT,TURNING,DIVIDED - W/MEDIAN (NOT RAISED),TRAFFIC SIGNAL,DRIVING SKILLS/KNOWLEDGE/EXPERIENCE,FOLLOWING TOO CLOSELY,0,0,0,0,13,6,8,797,FULLERTON AVE,41.824603,-87.811377,08/28/2020 02:53:00 PM,2020
CR00008833,04/03/2019 08:33:00 AM,30,CLEAR,DARKNESS - LIGHTED ROAD,TURNING,FOUR WAY,STOP SIGN/FLASHER,IMPROPER OVERTAKING/PASSING,IMPROPER OVERTAKING/PASSING,0,1,1,2,8,4,4,761,MICHIGAN AVE,41.810774,-87.763131,04/03/2019 09:21:00 AM,2019
CR00008834,11/10/2016 08:44:00 PM,30,CLEAR,DARKNESS - LIGHTED ROAD,TURNING,DIVIDED - W/MEDIAN BARRIER,NO CONTROLS,UNABLE TO DETERMINE,UNABLE TO DETERMINE,0,0,0,0,20,5,11,1430,KEDZIE AVE,41.724333,-87.615243,11/10/2016 09:50:00 PM,2016
CR00008835,08/01/2021 09:52:00 AM,45,CLEAR,DARKNESS - LIGHTED ROAD,ANGLE,T-INTERSECTION,TRAFFIC SIGNAL,DISREGARDING TRAFFIC SIGNALS,UNABLE TO DETERMINE,0,0,0,0,9,1,8,2306,DIVISION ST,41.86628,-87.595696,08/01/2021 11:52:00 AM,2021
CR00008836,11/07/2024 11:58:00 AM,30,CLEAR,DARKNESS - LIGHTED ROAD,ANGLE,T-INTERSECTION,STOP SIGN/FLASHER,FAILING TO REDUCE SPEED,FOLLOWING TOO CLOSELY,0,0,0,0,11,5,11,218,LAKE SHORE DR,41.831945,-87.695659,11/07/2024 12:16:00 PM,2024
CR00008837,09/08/2015 03:01:00 PM,35,CLEAR,DAYLIGHT,REAR TO FRONT,NOT DIVIDED,TRAFFIC SIGNAL,UNABLE TO DETERMINE,FAILING TO YIELD RIGHT-OF-WAY,0,0,0,0,15,3,9,2162,DIVISION ST,41.77636,-87.508354,09/08/2015 04:24:00 PM,2015
CR00008838,11/29/2023 03:30:00 PM,30,RAIN,DUSK,TURNING,T-INTERSECTION,STOP SIGN/FLASHER,FOLLOWING TOO CLOSELY,DISTRACTION - FROM INSIDE VEHICLE,0,0,0,0,15,4,11,1991,PULASKI RD,41.903347,-87.61738,11/29/2023 04:07:00 PM,2023
CR00008839,06/08/2017 05:05:00 AM,20,RAIN,DAYLIGHT,REAR TO FRONT,DIVIDED - W/MEDIAN BARRIER,TRAFFIC SIGNAL,UNABLE TO DETERMINE,FOLLOWING TOO CLOSELY,0,0,0,0,5,5,6,973,WESTERN AVE,41.768903,-87.846598,06/08/2017 06:30:00 AM,2017
CR00008840,06/12/2022 04:55:00 PM,45,CLEAR,DAWN,ANGLE,ONE-WAY,TRAFFIC SIGNAL,DISTRACTION - FROM INSIDE VEHICLE,DISREGARDING TRAFFIC SIGNALS,0,0,0,0,16,1,6,590,STATE ST,41.905417,-87.664575,06/12/2022 05:47:00 PM,2022
CR00008841,02/14/2019 08:21:00 AM,30,FREEZING RAIN/DRIZZLE,DARKNESS,REAR END,NOT DIVIDED,NO CONTROLS,FOLLOWING TOO CLOSELY,NOT APPLICABLE,0,0,0,0,8,5,2,1705,CICERO AVE,41.983707,-87.549214,02/14/2019 09:44:00 AM,2019
CR00008842,06/22/2020 04:43:00 PM,15,CLEAR,DAYLIGHT,PARKED MOTOR VEHICLE,DIVIDED - W/MEDIAN (NOT RAISED),TRAFFIC SIGNAL,UNABLE TO DETERMINE,FAILING TO YIELD RIGHT-OF-WAY,0,0,0,0,16,2,6,1760,CALIFORNIA AVE,41.821554,-87.612457,06/22/2020 05:35:00 PM,2020
CR00008843,09/30/2016 08:30:00 AM,30,CLEAR,DARKNESS - LIGHTED ROAD,REAR END,DIVIDED - W/MEDIAN (NOT RAISED),TRAFFIC SIGNAL,UNABLE TO DETERMINE,NOT APPLICABLE,0,0,0,0,8,6,9,563,ARCHER AVE,41.924857,-87.668813,09/30/2016 10:23:00 AM,2016
CR00008844,12/20/2021 06:32:00 PM,20,CLEAR,DARKNESS - LIGHTED ROAD,TURNING,DIVIDED - W/MEDIAN (NOT RAISED),NO CONTROLS,DISREGARDING TRAFFIC SIGNALS,DRIVING SKILLS/KNOWLEDGE/EXPERIENCE,0,0,0,0,18,2,12,2253,KEDZIE AVE,41.97934,-87.791809,12/20/2021 08:05:00 PM,2021
CR00008845,04/06/2022 06:23:00 PM,35,CLEAR,DAYLIGHT,ANGLE,ONE-WAY,TRAFFIC SIGNAL,IMPROPER OVERTAKING/PASSING,FAILING TO REDUCE SPEED,0,0,0,0,18,4,4,2364,CALIFORNIA AVE,41.904205,-87.647863,04/06/2022 07:46:00 PM,2022
CR00008846,09/27/2015 08:51:00 AM,30,CLEAR,DAYLIGHT,ANGLE,NOT DIVIDED,NO CONTROLS,UNABLE TO DETERMINE,UNABLE TO DETERMINE,0,0,0,0,8,1,9,1531,STATE ST,41.899525,-87.519831,09/27/2015 09:34:00 AM,2015
CR00008847,02/20/2021 08:13:00 PM,30,CLEAR,DARKNESS - LIGHTED ROAD,REAR END,NOT DIVIDED,TRAFFIC SIGNAL,UNABLE TO DETERMINE,FAILING TO YIELD RIGHT-OF-WAY,0,0,0,0,20,7,2,1731,CLARK ST,41.916447,-87.576171,02/20/2021 08:20:00 PM,2021
CR00008848,04/07/2024 10:15:00 AM,20,RAIN,DAWN,TURNING,DIVIDED - W/MEDIAN BARRIER,NO CONTROLS,FOLLOWING TOO CLOSELY,UNABLE TO DETERMINE,0,0,0,0,10,1,4,2337,STATE ST,41.820825,-87.810875,04/07/2024 12:08:00 PM,2024
CR00008849,11/09/2020 05:54:00 AM,35,CLEAR,DUSK,TURNING,FOUR WAY,TRAFFIC SIGNAL,FAILING TO YIELD RIGHT-OF-WAY,FAILING TO YIELD RIGHT-OF-WAY,0,0,0,0,5,2,11,1898,47TH ST,41.770663,-87.584409,11/09/2020 06:11:00 AM,2020
CR00008850,11/29/2022 09:37:00 PM,15,CLEAR,DARKNESS - LIGHTED ROAD,TURNING,DIVIDED - W/MEDIAN (NOT RAISED),NO CONTROLS,UNABLE TO DETERMINE,DISTRACTION - FROM INSIDE VEHICLE,0,0,0,0,21,3,11,2351,ROOSEVELT RD,41.832412,-87.516123,11/29/2022 10:39:00 PM,2022
CR00008851,12/24/2019 04:42:00 PM,30,CLEAR,DARKNESS - LIGHTED ROAD,TURNING,NOT DIVIDED,TRAFFIC SIGNAL,IMPROPER LANE USAGE,FAILING TO REDUCE SPEED,0,0,0,0,16,3,12,1432,MILWAUKEE AVE,41.916412,-87.651439,12/24/2019 05:16:00 PM,2019
CR00008852,01/13/2023 02:38:00 PM,45,CLEAR,DARKNESS,PEDESTRIAN,T-INTERSECTION,TRAFFIC SIGNAL,WEATHER,DRIVING SKILLS/KNOWLEDGE/EXPERIENCE,0,0,0,0,14,6,1,255,CICERO AVE,41.8917,-87.585396,01/13/2023 03:16:00 PM,2023
CR00008853,02/13/2015 09:27:00 AM,30,CLEAR,DARKNESS - LIGHTED ROAD,REAR END,NOT DIVIDED,STOP SIGN/FLASHER,DRIVING SKILLS/KNOWLEDGE/EXPERIENCE,FOLLOWING TOO CLOSELY,0,0,1,1,9,6,2,1273,OGDEN AVE,41.880733,-87.806429,02/13/2015 10:42:00 AM,2015
CR00008854,12/18/2020 10:59:00 AM,40,RAIN,DARKNESS - LIGHTED ROAD,REAR END,DIVIDED - W/MEDIAN (NOT RAISED),NO CONTROLS,UNABLE TO DETERMINE,IMPROPER OVERTAKING/PASSING,0,0,0,0,10,6,12,2310,MILWAUKEE AVE,41.813877,-87.768883,12/18/2020 12:42:00 PM,2020
CR00008855,03/23/2023 08:35:00 PM,30,CLEAR,DAYLIGHT,REAR END,NOT DIVIDED,NO CONTROLS,FAILING TO YIELD RIGHT-OF-WAY,NOT APPLICABLE,0,0,0,0,20,5,3,1834,DAMEN AVE,41.770213,-87.664814,03/23/2023 10:20:00 PM,2023
CR00008856,08/10/2019 07:19:00 AM,25,CLEAR,DAWN,ANGLE,NOT DIVIDED,STOP SIGN/FLASHER,FAILING TO REDUCE SPEED,NOT APPLICABLE,0,0,1,1,7,7,8,767,WESTERN AVE,41.720252,-87.629105,08/10/2019 08:11:00 AM,2019
CR00008857,07/15/2022 11:31:00 AM,30,CLEAR,DAYLIGHT,REAR END,NOT DIVIDED,STOP SIGN/FLASHER,UNABLE TO DETERMINE,FOLLOWING TOO CLOSELY,0,0,0,0,11,6,7,2287,LAKE SHORE DR,41.808723,-87.800033,07/15/2022 11:48:00 AM,2022
CR00008858,07/25/2019 06:44:00 PM,25,CLEAR,DAYLIGHT,REAR END,NOT DIVIDED,YIELD,WEATHER,DISTRACTION - FROM INSIDE VEHICLE,0,0,0,0,18,5,7,2313,LAKE SHORE DR,41.74131,-87.717247,07/25/2019 07:28:00 PM,2019
CR00008859,04/20/2024 02:37:00 PM,30,CLEAR,DARKNESS - LIGHTED ROAD,SIDESWIPE SAME DIRECTION,DIVIDED - W/MEDIAN BARRIER,STOP SIGN/FLASHER,IMPROPER OVERTAKING/PASSING,IMPROPER OVERTAKING/PASSING,0,0,1,1,14,7,4,732,ARCHER AVE,41.894877,-87.808909,04/20/2024 02:41:00 PM,2024
CR00008860,05/25/2018 06:03:00 PM,45,CLEAR,DAYLIGHT,PARKED MOTOR VEHICLE,NOT DIVIDED,TRAFFIC SIGNAL,FAILING TO REDUCE SPEED,UNABLE TO DETERMINE,0,0,0,0,18,6,5,1102,STONY ISLAND AVE,41.956011,-87.527107,05/25/2018 07:57:00 PM,2018
CR00008861,06/03/2015 10:07:00 AM,40,RAIN,DARKNESS,PARKED MOTOR VEHICLE,ONE-WAY,TRAFFIC SIGNAL,UNABLE TO DETERMINE,NOT APPLICABLE,0,0,1,1,10,4,6,1365,KEDZIE AVE,41.741305,-87.692972,06/03/2015 10:41:00 AM,2015
CR00008862,09/16/2019 06:24:00 AM,15,CLEAR,DARKNESS - LIGHTED ROAD,TURNING,ONE-WAY,NO CONTROLS,UNABLE TO DETERMINE,FOLLOWING TOO CLOSELY,0,0,0,0,6,2,9,209,63RD ST,41.830241,-87.663507,09/16/2019 08:17:00 AM,2019
CR00008863,07/22/2021 04:33:00 PM,25,CLEAR,DAYLIGHT,REAR END,NOT DIVIDED,NO CONTROLS,IMPROPER OVERTAKING/PASSING,UNABLE TO DETERMINE,0,0,1,1,16,5,7,979,LAKE SHORE DR,41.910694,-87.556309,07/22/2021 05:50:00 PM,2021
CR00008864,03/25/2022 09:56:00 AM,20,CLOUDY/OVERCAST,DAYLIGHT,REAR END,DIVIDED - W/MEDIAN (NOT RAISED),NO CONTROLS,DISTRACTION - FROM INSIDE VEHICLE,FOLLOWING TOO CLOSELY,0,0,0,0,9,6,3,1538,STONY ISLAND AVE,41.76848,-87.748636,03/25/2022 10:18:00 AM,2022
CR00008865,09/04/2020 07:01:00 PM,20,CLOUDY/OVERCAST,DAYLIGHT,PARKED MOTOR VEHICLE,DIVIDED - W/MEDIAN BARRIER,NO CONTROLS,WEATHER,FOLLOWING TOO CLOSELY,0,0,0,0,19,6,9,1482,47TH ST,41.940488,-87.785572,09/04/2020 08:00:00 PM,2020
CR00008866,12/29/2017 10:42:00 AM,35,RAIN,DAYLIGHT,TURNING,NOT DIVIDED,UNKNOWN,UNABLE TO DETERMINE,NOT APPLICABLE,0,1,3,4,10,6,12,1408,MICHIGAN AVE,41.855396,-87.689809,12/29/2017 11:00:00 AM,2017
CR00008867,09/07/2015 08:13:00 AM,15,CLOUDY/OVERCAST,DARKNESS - LIGHTED ROAD,ANGLE,DIVIDED - W/MEDIAN (NOT RAISED),TRAFFIC SIGNAL,FAILING TO YIELD RIGHT-OF-WAY,FAILING TO REDUCE SPEED,0,0,0,0,8,2,9,832,MILWAUKEE AVE,41.873468,-87.576498,09/07/2015 10:11:00 AM,2015
CR00008868,12/09/2018 02:59:00 PM,30,RAIN,DAYLIGHT,SIDESWIPE SAME DIRECTION,DIVIDED - W/MEDIAN (NOT RAISED),YIELD,IMPROPER LANE USAGE,FAILING TO REDUCE SPEED,0,0,0,0,14,1,12,732,ROOSEVELT RD,41.70418,-87.813868,12/09/2018 04:10:00 PM,2018
CR00008869,05/06/2020 03:39:00 PM,40,CLEAR,DAYLIGHT,REAR TO FRONT,DIVIDED - W/MEDIAN (NOT RAISED),NO CONTROLS,UNABLE TO DETERMINE,NOT APPLICABLE,0,0,0,0,15,4,5,1277,IRVING PARK RD,41.90287,-87.544596,05/06/2020 05:05:00 PM,2020
CR00008870,09/14/2024 11:54:00 PM,20,CLEAR,DAYLIGHT,PEDESTRIAN,ONE-WAY,STOP SIGN/FLASHER,FAILING TO REDUCE SPEED,NOT APPLICABLE,0,0,0,0,23,7,9,1717,ARCHER AVE,41.858887,-87.75387,09/15/2024 01:39:00 AM,2024
CR00008871,11/19/2016 07:19:00 PM,35,CLEAR,DAYLIGHT,REAR END,NOT DIVIDED,NO CONTROLS,FOLLOWING TOO CLOSELY,UNABLE TO DETERMINE,0,1,1,2,19,7,11,2401,LAKE SHORE DR,41.910184,-87.610389,11/19/2016 07:57:00 PM,2016
CR00008872,07/26/2024 08:46:00 AM,20,CLEAR,DAYLIGHT,ANGLE,NOT DIVIDED,STOP SIGN/FLASHER,IMPROPER OVERTAKING/PASSING,FAILING TO YIELD RIGHT-OF-WAY,0,0,0,0,8,6,7,2520,WESTERN AVE,41.755588,-87.790169,07/26/2024 08:55:00 AM,2024
CR00008873,11/22/2015 08:42:00 AM,30,CLEAR,DAYLIGHT,FIXED OBJECT,DIVIDED - W/MEDIAN BARRIER,UNKNOWN,UNABLE TO DETERMINE,DISTRACTION - FROM INSIDE VEHICLE,0,0,0,0,8,1,11,1228,ROOSEVELT RD,41.834994,-87.763683,11/22/2015 09:16:00 AM,2015
CR00008874,02/03/2021 01:11:00 PM,35,CLEAR,DARKNESS - LIGHTED ROAD,REAR TO FRONT,NOT DIVIDED,TRAFFIC SIGNAL,FAILING TO YIELD RIGHT-OF-WAY,UNABLE TO DETERMINE,0,0,2,2,13,4,2,1802,KEDZIE AVE,41.99564,-87.532748,02/03/2021 01:47:00 PM,2021
CR00008875,10/23/2019 12:52:00 AM,15,CLEAR,DAYLIGHT,REAR END,NOT DIVIDED,TRAFFIC SIGNAL,FAILING TO YIELD RIGHT-OF-WAY,NOT APPLICABLE,0,0,0,0,0,4,10,1943,LAKE SHORE DR,41.857431,-87.766522,10/23/2019 01:14:00 AM,2019
CR00008876,07/12/2019 12:30:00 AM,30,CLEAR,DARKNESS - LIGHTED ROAD,REAR END,FOUR WAY,NO CONTROLS,FAILING TO REDUCE SPEED,UNABLE TO DETERMINE,0,0,1,1,0,6,7,2186,DIVISION ST,41.932386,-87.512189,07/12/2019 12:56:00 AM,2019
CR00008877,02/02/2024 10:04:00 AM,15,CLEAR,DARKNESS,TURNING,ONE-WAY,TRAFFIC SIGNAL,DISTRACTION - FROM INSIDE VEHICLE,DISREGARDING TRAFFIC SIGNALS,0,0,0,0,10,6,2,1502,ARCHER AVE,41.780174,-87.654614,02/02/2024 11:08:00 AM,2024
CR00008878,07/03/2020 02:39:00 AM,30,CLEAR,DAYLIGHT,SIDESWIPE SAME DIRECTION,ONE-WAY,TRAFFIC SIGNAL,UNABLE TO DETERMINE,FOLLOWING TOO CLOSELY,0,0,3,3,2,6,7,1966,ARCHER AVE,41.813943,-87.748649,07/03/2020 02:47:00 AM,2020
CR00008879,04/21/2018 03:33:00 PM,25,CLOUDY/OVERCAST,DAYLIGHT,SIDESWIPE SAME DIRECTION,NOT DIVIDED,NO CONTROLS,UNABLE TO DETERMINE,IMPROPER OVERTAKING/PASSING,0,0,0,0,15,7,4,1377,KEDZIE AVE,41.75159,-87.840221,04/21/2018 03:48:00 PM,2018
CR00008880,05/30/2019 05:58:00 AM,30,CLEAR,DAYLIGHT,ANGLE,NOT DIVIDED,UNKNOWN,IMPROPER OVERTAKING/PASSING,UNABLE TO DETERMINE,0,0,0,0,5,5,5,1674,47TH ST,41.851866,-87.721599,05/30/2019 06:53:00 AM,2019
CR00008881,12/07/2019 08:34:00 PM,35,CLEAR,DAWN,ANGLE,NOT DIVIDED,NO CONTROLS,DISREGARDING TRAFFIC SIGNALS,IMPROPER LANE USAGE,0,0,0,0,20,7,12,1051,PULASKI RD,41.953915,-87.707015,12/07/2019 10:18:00 PM,2019
CR00008882,10/22/2019 06:27:00 PM,35,CLEAR,DARKNESS - LIGHTED ROAD,TURNING,ONE-WAY,NO CONTROLS,UNABLE TO DETERMINE,DISTRACTION - FROM INSIDE VEHICLE,0,0,0,0,18,3,10,578,47TH ST,41.911421,-87.75894,10/22/2019 07:48:00 PM,2019
CR00008883,04/06/2015 07:48:00 PM,30,CLEAR,DARKNESS - LIGHTED ROAD,SIDESWIPE SAME DIRECTION,DIVIDED - W/MEDIAN (NOT RAISED),STOP SIGN/FLASHER,DRIVING SKILLS/KNOWLEDGE/EXPERIENCE,NOT APPLICABLE,0,0,1,1,19,2,4,816,ARCHER AVE,41.761109,-87.563473,04/06/2015 08:19:00 PM,2015
CR00008884,05/19/2015 08:03:00 AM,30,CLEAR,DARKNESS - LIGHTED ROAD,PEDESTRIAN,NOT DIVIDED,NO CONTROLS,IMPROPER LANE USAGE,UNABLE TO DETERMINE,0,0,0,0,8,3,5,688,BROADWAY,41.919503,-87.691632,05/19/2015 08:24:00 AM,2015
CR00008885,07/08/2017 04:40:00 PM,35,CLEAR,DARKNESS - LIGHTED ROAD,REAR END,ONE-WAY,STOP SIGN/FLASHER,DISTRACTION - FROM INSIDE VEHICLE,NOT APPLICABLE,0,0,0,0,16,7,7,2224,CICERO AVE,41.736434,-87.621161,07/08/2017 05:11:00 PM,2017
CR00008886,06/09/2021 05:58:00 PM,30,CLEAR,DAYLIGHT,SIDESWIPE SAME DIRECTION,NOT DIVIDED,NO CONTROLS,DRIVING SKILLS/KNOWLEDGE/EXPERIENCE,IMPROPER LANE USAGE,0,0,1,1,17,4,6,577,DIVISION ST,41.734142,-87.797078,06/09/2021 07:49:00 PM,2021
CR00008887,02/08/2024 03:16:00 PM,30,CLEAR,DARKNESS - LIGHTED ROAD,SIDESWIPE SAME DIRECTION,FOUR WAY,NO CONTROLS,DRIVING SKILLS/KNOWLEDGE/EXPERIENCE,UNABLE TO DETERMINE,0,0,0,0,15,5,2,467,STATE ST,41.960912,-87.536563,02/08/2024 04:21:00 PM,2024
CR00008888,05/26/2020 09:46:00 AM,25,CLOUDY/OVERCAST,DAYLIGHT,REAR END,NOT DIVIDED,TRAFFIC SIGNAL,UNABLE TO DETERMINE,FAILING TO REDUCE SPEED,0,0,1,1,9,3,5,413,79TH ST,41.739139,-87.669999,05/26/2020 10:22:00 AM,2020
CR00008889,02/08/2018 07:08:00 AM,30,CLEAR,DAYLIGHT,SIDESWIPE SAME DIRECTION,DIVIDED - W/MEDIAN (NOT RAISED),NO CONTROLS,FAILING TO YIELD RIGHT-OF-WAY,FOLLOWING TOO CLOSELY,0,0,0,0,7,5,2,1825,63RD ST,41.974531,-87.81385,02/08/2018 09:04:00 AM,2018
CR00008890,02/09/2023 04:11:00 PM,25,SNOW,DAYLIGHT,FIXED OBJECT,ONE-WAY,STOP SIGN/FLASHER,UNABLE TO DETERMINE,IMPROPER OVERTAKING/PASSING,0,0,0,0,16,5,2,1313,OGDEN AVE,41.730112,-87.738692,02/09/2023 05:52:00 PM,2023
CR00008891,12/04/2015 03:17:00 AM,35,CLEAR,DAYLIGHT,FIXED OBJECT,DIVIDED - W/MEDIAN (NOT RAISED),NO CONTROLS,IMPROPER LANE USAGE,DRIVING SKILLS/KNOWLEDGE/EXPERIENCE,0,0,0,0,3,6,12,1175,STATE ST,41.918536,-87.847103,12/04/2015 03:55:00 AM,2015
CR00008892,07/11/2016 11:57:00 AM,30,CLEAR,DAYLIGHT,FIXED OBJECT,NOT DIVIDED,STOP SIGN/FLASHER,UNABLE TO DETERMINE,UNABLE TO DETERMINE,0,0,0,0,11,2,7,2062,ROOSEVELT RD,41.921558,-87.549448,07/11/2016 12:58:00 PM,2016