CRASH_RECORD_ID,CRASH_DATE,POSTED_SPEED_LIMIT,WEATHER_CONDITION,LIGHTING_CONDITION,FIRST_CRASH_TYPE,TRAFFICWAY_TYPE,TRAFFIC_CONTROL_DEVICE,PRIM_CONTRIBUTORY_CAUSE,SEC_CONTRIBUTORY_CAUSE,INJURIES_FATAL,INJURIES_INCAPACITATING,INJURIES_NON_INCAPACITATING,INJURIES_TOTAL,CRASH_HOUR,CRASH_DAY_OF_WEEK,CRASH_MONTH,BEAT_OF_OCCURRENCE,STREET_NAME,LATITUDE,LONGITUDE,DATE_POLICE_NOTIFIED,year
CR00008893,12/24/2024 04:20:00 AM,35,CLEAR,DAYLIGHT,TURNING,NOT DIVIDED,TRAFFIC SIGNAL,DISTRACTION - FROM INSIDE VEHICLE,FAILING TO YIELD RIGHT-OF-WAY,0,0,0,0,4,3,12,810,KEDZIE AVE,41.875284,-87.666584,12/24/2024 05:25:00 AM,2024
CR00008894,02/21/2021 11:15:00 AM,35,CLEAR,DAYLIGHT,TURNING,NOT DIVIDED,YIELD,UNABLE TO DETERMINE,FOLLOWING TOO CLOSELY,0,0,1,1,11,1,2,1925,CICERO AVE,41.866016,-87.544399,02/21/2021 11:46:00 AM,2021
CR00008895,07/24/2020 08:40:00 PM,30,CLEAR,DAYLIGHT,PEDESTRIAN,NOT DIVIDED,TRAFFIC SIGNAL,DRIVING SKILLS/KNOWLEDGE/EXPERIENCE,UNABLE TO DETERMINE,0,1,1,2,20,6,7,2306,CICERO AVE,41.762274,-87.568651,07/24/2020 09:16:00 PM,2020
CR00008896,04/18/2018 04:54:00 PM,35,RAIN,DARKNESS - LIGHTED ROAD,ANGLE,NOT DIVIDED,NO CONTROLS,FAILING TO YIELD RIGHT-OF-WAY,UNABLE TO DETERMINE,0,0,0,0,16,4,4,249,BROADWAY,41.715751,-87.516945,04/18/2018 06:54:00 PM,2018
CR00008897,10/06/2016 12:05:00 AM,20,CLEAR,DAYLIGHT,ANGLE,NOT DIVIDED,TRAFFIC SIGNAL,IMPROPER LANE USAGE,FOLLOWING TOO CLOSELY,0,0,1,1,0,5,10,2454,ROOSEVELT RD,41.984836,-87.693849,10/06/2016 12:13:00 AM,2016
CR00008898,03/01/2023 08:50:00 AM,40,FREEZING RAIN/DRIZZLE,DAYLIGHT,REAR TO FRONT,NOT DIVIDED,NO CONTROLS,DISTRACTION - FROM INSIDE VEHICLE,UNABLE TO DETERMINE,0,0,1,1,8,4,3,2181,PULASKI RD,41.79097,-87.614099,03/01/2023 08:52:00 AM,2023
CR00008899,04/03/2020 07:52:00 AM,40,CLEAR,DAYLIGHT,REAR END,NOT DIVIDED,STOP SIGN/FLASHER,IMPROPER LANE USAGE,IMPROPER OVERTAKING/PASSING,0,0,0,0,7,6,4,368,DAMEN AVE,41.726087,-87.582843,04/03/2020 08:48:00 AM,2020
CR00008900,07/31/2020 05:48:00 AM,30,SNOW,DARKNESS,PEDESTRIAN,DIVIDED - W/MEDIAN (NOT RAISED),NO CONTROLS,FAILING TO REDUCE SPEED,FAILING TO YIELD RIGHT-OF-WAY,0,0,0,0,5,6,7,1738,ASHLAND AVE,41.776806,-87.740999,07/31/2020 07:09:00 AM,2020
CR00008901,04/21/2020 12:23:00 AM,30,CLEAR,DAWN,TURNING,ONE-WAY,STOP SIGN/FLASHER,UNABLE TO DETERMINE,DRIVING SKILLS/KNOWLEDGE/EXPERIENCE,0,0,0,0,0,3,4,1639,CALIFORNIA AVE,41.949688,-87.614597,04/21/2020 01:17:00 AM,2020
CR00008902,05/18/2015 03:53:00 AM,30,CLEAR,DAYLIGHT,REAR END,NOT DIVIDED,NO CONTROLS,IMPROPER LANE USAGE,DISREGARDING TRAFFIC SIGNALS,0,0,0,0,3,2,5,1877,CLARK ST,41.743715,-87.5057,05/18/2015 04:19:00 AM,2015
CR00008903,07/07/2019 02:35:00 PM,30,CLEAR,DAYLIGHT,REAR END,DIVIDED - W/MEDIAN (NOT RAISED),NO CONTROLS,FOLLOWING TOO CLOSELY,DRIVING SKILLS/KNOWLEDGE/EXPERIENCE,0,0,0,0,14,1,7,1704,DAMEN AVE,41.853795,-87.747465,07/07/2019 02:54:00 PM,2019
CR00008904,09/29/2023 07:37:00 PM,40,CLEAR,DAYLIGHT,REAR END,ONE-WAY,NO CONTROLS,DISTRACTION - FROM INSIDE VEHICLE,FAILING TO YIELD RIGHT-OF-WAY,0,0,0,0,19,6,9,2032,CALIFORNIA AVE,41.865182,-87.53064,09/29/2023 07:51:00 PM,2023
CR00008905,12/13/2023 09:38:00 PM,25,CLEAR,DAYLIGHT,REAR END,FOUR WAY,YIELD,FOLLOWING TOO CLOSELY,UNABLE TO DETERMINE,0,0,0,0,21,4,12,987,47TH ST,41.806221,-87.537653,12/13/2023 10:03:00 PM,2023
CR00008906,10/31/2016 05:10:00 AM,45,CLEAR,DARKNESS - LIGHTED ROAD,REAR END,NOT DIVIDED,TRAFFIC SIGNAL,FOLLOWING TOO CLOSELY,UNABLE TO DETERMINE,0,0,0,0,5,2,10,1548,ARCHER AVE,41.734687,-87.641291,10/31/2016 07:04:00 AM,2016
CR00008907,10/17/2015 09:04:00 PM,25,CLEAR,DAYLIGHT,ANGLE,DIVIDED - W/MEDIAN (NOT RAISED),NO CONTROLS,DISREGARDING TRAFFIC SIGNALS,FOLLOWING TOO CLOSELY,0,1,1,2,21,7,10,451,DAMEN AVE,41.843517,-87.693209,10/17/2015 09:35:00 PM,2015
CR00008908,04/19/2018 05:42:00 PM,20,SNOW,DAYLIGHT,REAR END,NOT DIVIDED,NO CONTROLS,FOLLOWING TOO CLOSELY,IMPROPER OVERTAKING/PASSING,0,0,0,0,17,5,4,1660,47TH ST,41.735879,-87.75334,04/19/2018 07:09:00 PM,2018
CR00008909,02/06/2021 08:33:00 AM,45,CLEAR,DARKNESS - LIGHTED ROAD,PEDESTRIAN,NOT DIVIDED,NO CONTROLS,DISREGARDING TRAFFIC SIGNALS,NOT APPLICABLE,0,0,0,0,8,7,2,1347,HALSTED ST,41.864305,-87.505253,02/06/2021 09:15:00 AM,2021
CR00008910,05/07/2020 04:01:00 AM,35,CLEAR,DAYLIGHT,REAR END,NOT DIVIDED,STOP SIGN/FLASHER,FOLLOWING TOO CLOSELY,FAILING TO YIELD RIGHT-OF-WAY,0,0,0,0,4,5,5,713,LAKE SHORE DR,41.877044,-87.544545,05/07/2020 05:19:00 AM,2020
CR00008911,09/23/2018 10:10:00 AM,35,CLEAR,DAYLIGHT,SIDESWIPE SAME DIRECTION,NOT DIVIDED,UNKNOWN,UNABLE TO DETERMINE,FOLLOWING TOO CLOSELY,0,0,0,0,10,1,9,907,79TH ST,41.761422,-87.540639,09/23/2018 11:49:00 AM,2018
CR00008912,05/28/2024 12:23:00 PM,35,CLEAR,DAYLIGHT,TURNING,DIVIDED - W/MEDIAN BARRIER,NO CONTROLS,UNABLE TO DETERMINE,FOLLOWING TOO CLOSELY,0,0,0,0,12,3,5,997,CLARK ST,41.892307,-87.762547,05/28/2024 02:23:00 PM,2024
CR00008913,05/10/2015 01:28:00 PM,20,RAIN,DAYLIGHT,SIDESWIPE SAME DIRECTION,NOT DIVIDED,TRAFFIC SIGNAL,FAILING TO REDUCE SPEED,FAILING TO REDUCE SPEED,0,0,0,0,13,1,5,479,79TH ST,41.928715,-87.550283,05/10/2015 02:56:00 PM,2015
CR00008914,10/26/2015 06:22:00 PM,45,CLEAR,DAYLIGHT,REAR END,DIVIDED - W/MEDIAN BARRIER,STOP SIGN/FLASHER,IMPROPER LANE USAGE,FAILING TO YIELD RIGHT-OF-WAY,0,0,0,0,18,2,10,1625,HALSTED ST,41.842948,-87.58913,10/26/2015 06:28:00 PM,2015
CR00008915,02/27/2017 01:45:00 PM,35,CLEAR,DARKNESS - LIGHTED ROAD,SIDESWIPE SAME DIRECTION,FOUR WAY,TRAFFIC SIGNAL,FOLLOWING TOO CLOSELY,DRIVING SKILLS/KNOWLEDGE/EXPERIENCE,0,0,0,0,13,2,2,1062,47TH ST,41.771305,-87.620662,02/27/2017 02:43:00 PM,2017
CR00008916,11/16/2017 01:30:00 AM,20,CLEAR,DARKNESS - LIGHTED ROAD,ANGLE,NOT DIVIDED,NO CONTROLS,UNABLE TO DETERMINE,NOT APPLICABLE,0,0,0,0,1,5,11,1758,PULASKI RD,41.925841,-87.809993,11/16/2017 02:00:00 AM,2017
CR00008917,08/07/2015 08:17:00 AM,35,CLEAR,DAYLIGHT,PARKED MOTOR VEHICLE,ONE-WAY,STOP SIGN/FLASHER,FAILING TO YIELD RIGHT-OF-WAY,IMPROPER LANE USAGE,0,0,1,1,8,6,8,1727,CICERO AVE,41.778174,-87.791779,08/07/2015 08:27:00 AM,2015
CR00008918,02/01/2023 05:32:00 PM,15,CLEAR,DAYLIGHT,REAR TO FRONT,ONE-WAY,NO CONTROLS,FAILING TO YIELD RIGHT-OF-WAY,UNABLE TO DETERMINE,0,0,1,1,17,4,2,1783,MILWAUKEE AVE,41.754323,-87.575694,02/01/2023 06:29:00 PM,2023
CR00008919,08/18/2016 06:46:00 PM,30,CLEAR,DAYLIGHT,SIDESWIPE SAME DIRECTION,NOT DIVIDED,STOP SIGN/FLASHER,FAILING TO REDUCE SPEED,DISREGARDING TRAFFIC SIGNALS,0,0,2,2,18,5,8,1210,79TH ST,41.886301,-87.504776,08/18/2016 06:52:00 PM,2016
CR00008920,03/18/2018 02:15:00 AM,45,CLEAR,DAYLIGHT,SIDESWIPE SAME DIRECTION,NOT DIVIDED,TRAFFIC SIGNAL,FAILING TO YIELD RIGHT-OF-WAY,FAILING TO YIELD RIGHT-OF-WAY,0,0,0,0,2,1,3,1090,63RD ST,41.956186,-87.669342,03/18/2018 02:29:00 AM,2018
CR00008921,06/09/2021 11:02:00 PM,25,CLEAR,DAYLIGHT,FIXED OBJECT,NOT DIVIDED,TRAFFIC SIGNAL,IMPROPER OVERTAKING/PASSING,IMPROPER OVERTAKING/PASSING,0,0,0,0,23,4,6,1776,IRVING PARK RD,41.991764,-87.734401,06/10/2021 12:23:00 AM,2021
CR00008922,09/22/2018 04:20:00 PM,30,CLEAR,DARKNESS - LIGHTED ROAD,SIDESWIPE SAME DIRECTION,NOT DIVIDED,NO CONTROLS,DISTRACTION - FROM INSIDE VEHICLE,NOT APPLICABLE,0,0,0,0,16,7,9,1837,79TH ST,41.768546,-87.718524,09/22/2018 05:12:00 PM,2018
CR00008923,01/24/2022 06:08:00 PM,40,CLEAR,DAYLIGHT,REAR END,NOT DIVIDED,NO CONTROLS,DRIVING SKILLS/KNOWLEDGE/EXPERIENCE,FAILING TO REDUCE SPEED,0,0,0,0,18,2,1,2155,LAKE SHORE DR,41.801658,-87.753117,01/24/2022 08:05:00 PM,2022
CR00008924,11/10/2015 07:48:00 AM,30,RAIN,DARKNESS,REAR END,NOT DIVIDED,STOP SIGN/FLASHER,FAILING TO YIELD RIGHT-OF-WAY,UNABLE TO DETERMINE,0,0,0,0,7,3,11,2030,47TH ST,41.913316,-87.789475,11/10/2015 09:22:00 AM,2015
CR00008925,06/07/2015 09:00:00 AM,25,RAIN,DARKNESS - LIGHTED ROAD,REAR END,FOUR WAY,STOP SIGN/FLASHER,FAILING TO YIELD RIGHT-OF-WAY,NOT APPLICABLE,0,0,0,0,9,1,6,2272,ROOSEVELT RD,41.957741,-87.686844,06/07/2015 09:23:00 AM,2015
CR00008926,04/02/2024 02:31:00 AM,30,CLEAR,DARKNESS,SIDESWIPE SAME DIRECTION,ONE-WAY,TRAFFIC SIGNAL,DRIVING SKILLS/KNOWLEDGE/EXPERIENCE,DISTRACTION - FROM INSIDE VEHICLE,0,0,1,1,2,3,4,660,CALIFORNIA AVE,41.884716,-87.710502,04/02/2024 02:55:00 AM,2024
CR00008927,04/12/2019 01:38:00 AM,15,CLEAR,DAYLIGHT,PARKED MOTOR VEHICLE,ONE-WAY,TRAFFIC SIGNAL,UNABLE TO DETERMINE,UNABLE TO DETERMINE,0,0,0,0,1,6,4,1632,CALIFORNIA AVE,41.884404,-87.539427,04/12/2019 03:28:00 AM,2019
CR00008928,02/25/2017 02:17:00 PM,25,CLEAR,DAYLIGHT,SIDESWIPE SAME DIRECTION,NOT DIVIDED,UNKNOWN,DISTRACTION - FROM INSIDE VEHICLE,NOT APPLICABLE,0,0,1,1,14,7,2,1278,ARCHER AVE,41.940003,-87.772497,02/25/2017 04:03:00 PM,2017
CR00008929,04/13/2021 07:01:00 AM,40,CLEAR,DARKNESS - LIGHTED ROAD,REAR END,DIVIDED - W/MEDIAN (NOT RAISED),NO CONTROLS,IMPROPER LANE USAGE,FOLLOWING TOO CLOSELY,0,0,0,0,7,3,4,2030,OGDEN AVE,41.863641,-87.558835,04/13/2021 08:38:00 AM,2021
CR00008930,04/03/2021 06:58:00 AM,45,RAIN,DAYLIGHT,PEDESTRIAN,DIVIDED - W/MEDIAN (NOT RAISED),STOP SIGN/FLASHER,DISREGARDING TRAFFIC SIGNALS,NOT APPLICABLE,0,0,0,0,6,7,4,2180,KEDZIE AVE,41.836153,-87.538799,04/03/2021 08:34:00 AM,2021
CR00008931,12/28/2023 02:27:00 PM,15,FREEZING RAIN/DRIZZLE,DARKNESS - LIGHTED ROAD,TURNING,NOT DIVIDED,STOP SIGN/FLASHER,UNABLE TO DETERMINE,IMPROPER LANE USAGE,0,0,0,0,14,5,12,2117,47TH ST,41.989666,-87.543933,12/28/2023 03:51:00 PM,2023
CR00008932,09/26/2016 08:52:00 PM,35,CLEAR,DAWN,PARKED MOTOR VEHICLE,DIVIDED - W/MEDIAN BARRIER,NO CONTROLS,DRIVING SKILLS/KNOWLEDGE/EXPERIENCE,NOT APPLICABLE,0,0,0,0,20,2,9,1629,CLARK ST,41.955903,-87.512589,09/26/2016 09:13:00 PM,2016
CR00008933,10/02/2022 06:22:00 PM,20,CLEAR,DARKNESS - LIGHTED ROAD,PARKED MOTOR VEHICLE,T-INTERSECTION,TRAFFIC SIGNAL,FAILING TO YIELD RIGHT-OF-WAY,NOT APPLICABLE,0,0,0,0,18,1,10,2257,47TH ST,41.960157,-87.757787,10/02/2022 06:36:00 PM,2022
CR00008934,05/09/2017 02:16:00 AM,30,RAIN,DAYLIGHT,REAR END,ONE-WAY,NO CONTROLS,IMPROPER LANE USAGE,UNABLE TO DETERMINE,0,0,0,0,2,3,5,1956,KEDZIE AVE,41.891694,-87.726654,05/09/2017 03:49:00 AM,2017
CR00008935,05/05/2015 07:38:00 AM,30,CLEAR,DARKNESS,PARKED MOTOR VEHICLE,NOT DIVIDED,NO CONTROLS,UNABLE TO DETERMINE,DISREGARDING TRAFFIC SIGNALS,0,0,0,0,7,3,5,1698,ARCHER AVE,41.84776,-87.511449,05/05/2015 08:57:00 AM,2015
CR00008936,06/01/2021 08:06:00 AM,15,CLEAR,DAYLIGHT,PARKED MOTOR VEHICLE,DIVIDED - W/MEDIAN BARRIER,STOP SIGN/FLASHER,DISREGARDING TRAFFIC SIGNALS,UNABLE TO DETERMINE,0,0,0,0,8,3,6,531,63RD ST,41.888627,-87.764067,06/01/2021 09:25:00 AM,2021
CR00008937,07/25/2021 07:30:00 PM,45,CLOUDY/OVERCAST,DAYLIGHT,SIDESWIPE SAME DIRECTION,DIVIDED - W/MEDIAN (NOT RAISED),STOP SIGN/FLASHER,UNABLE TO DETERMINE,NOT APPLICABLE,0,0,0,0,19,1,7,2527,STATE ST,41.815996,-87.833996,07/25/2021 07:45:00 PM,2021
CR00008938,06/24/2016 08:36:00 PM,45,CLEAR,DAYLIGHT,FIXED OBJECT,FOUR WAY,NO CONTROLS,UNABLE TO DETERMINE,UNABLE TO DETERMINE,0,0,0,0,20,6,6,2300,STATE ST,41.929911,-87.684074,06/24/2016 10:18:00 PM,2016
CR00008939,12/02/2023 05:04:00 PM,30,CLOUDY/OVERCAST,DAYLIGHT,PEDESTRIAN,DIVIDED - W/MEDIAN BARRIER,TRAFFIC SIGNAL,FOLLOWING TOO CLOSELY,DISTRACTION - FROM INSIDE VEHICLE,0,0,0,0,17,7,12,655,DAMEN AVE,41.911035,-87.74934,12/02/2023 07:02:00 PM,2023
CR00008940,04/08/2017 03:55:00 PM,30,CLEAR,DARKNESS - LIGHTED ROAD,TURNING,DIVIDED - W/MEDIAN BARRIER,UNKNOWN,WEATHER,FAILING TO YIELD RIGHT-OF-WAY,0,0,1,1,15,7,4,1256,63RD ST,41.787598,-87.527222,04/08/2017 04:28:00 PM,2017
CR00008941,03/23/2017 03:01:00 PM,30,RAIN,DARKNESS,TURNING,FOUR WAY,TRAFFIC SIGNAL,DISREGARDING TRAFFIC SIGNALS,UNABLE TO DETERMINE,0,0,0,0,15,5,3,586,STATE ST,41.927326,-87.627747,03/23/2017 03:41:00 PM,2017
CR00008942,12/07/2023 09:55:00 PM,30,CLEAR,DAYLIGHT,TURNING,NOT DIVIDED,NO CONTROLS,DISREGARDING TRAFFIC SIGNALS,UNABLE TO DETERMINE,0,0,0,0,21,5,12,786,HALSTED ST,41.98243,-87.511487,12/07/2023 11:12:00 PM,2023
CR00008943,02/25/2019 04:21:00 PM,30,CLEAR,DARKNESS - LIGHTED ROAD,TURNING,ONE-WAY,NO CONTROLS,FOLLOWING TOO CLOSELY,FAILING TO REDUCE SPEED,0,0,0,0,16,2,2,1801,79TH ST,41.826724,-87.549136,02/25/2019 04:24:00 PM,2019
CR00008944,03/20/2018 06:23:00 PM,40,CLEAR,DAYLIGHT,PARKED MOTOR VEHICLE,T-INTERSECTION,TRAFFIC SIGNAL,FOLLOWING TOO CLOSELY,DISTRACTION - FROM INSIDE VEHICLE,0,0,0,0,18,3,3,1094,CLARK ST,41.909194,-87.616645,03/20/2018 07:55:00 PM,2018
CR00008945,01/02/2021 11:34:00 PM,15,CLEAR,DAYLIGHT,SIDESWIPE SAME DIRECTION,T-INTERSECTION,NO CONTROLS,FOLLOWING TOO CLOSELY,DISREGARDING TRAFFIC SIGNALS,0,0,0,0,23,7,1,494,MICHIGAN AVE,41.81888,-87.805743,01/03/2021 12:42:00 AM,2021
CR00008946,05/01/2015 07:20:00 AM,30,CLEAR,DARKNESS - LIGHTED ROAD,REAR END,DIVIDED - W/MEDIAN BARRIER,STOP SIGN/FLASHER,IMPROPER LANE USAGE,FOLLOWING TOO CLOSELY,0,0,0,0,7,6,5,1160,PULASKI RD,41.820019,-87.563643,05/01/2015 08:28:00 AM,2015
CR00008947,09/23/2021 03:09:00 PM,30,RAIN,DAYLIGHT,SIDESWIPE SAME DIRECTION,DIVIDED - W/MEDIAN BARRIER,NO CONTROLS,UNABLE TO DETERMINE,NOT APPLICABLE,0,0,0,0,15,5,9,297,MILWAUKEE AVE,41.776243,-87.522562,09/23/2021 04:20:00 PM,2021
CR00008948,03/23/2015 02:35:00 PM,35,CLEAR,DUSK,ANGLE,DIVIDED - W/MEDIAN (NOT RAISED),TRAFFIC SIGNAL,IMPROPER OVERTAKING/PASSING,FAILING TO YIELD RIGHT-OF-WAY,0,0,1,1,14,2,3,1006,BROADWAY,41.882189,-87.804895,03/23/2015 02:59:00 PM,2015
CR00008949,01/17/2022 12:04:00 AM,20,CLEAR,DARKNESS - LIGHTED ROAD,TURNING,NOT DIVIDED,NO CONTROLS,FAILING TO REDUCE SPEED,FOLLOWING TOO CLOSELY,0,0,0,0,0,2,1,2011,IRVING PARK RD,41.947456,-87.608265,01/17/2022 01:12:00 AM,2022
CR00008950,08/17/2022 05:45:00 PM,15,CLEAR,DAYLIGHT,SIDESWIPE SAME DIRECTION,DIVIDED - W/MEDIAN (NOT RAISED),TRAFFIC SIGNAL,IMPROPER OVERTAKING/PASSING,DRIVING SKILLS/KNOWLEDGE/EXPERIENCE,0,0,0,0,17,4,8,1593,WESTERN AVE,41.783888,-87.550444,08/17/2022 07:18:00 PM,2022
CR00008951,08/26/2024 08:49:00 AM,45,CLEAR,DAYLIGHT,TURNING,NOT DIVIDED,NO CONTROLS,UNABLE TO DETERMINE,FAILING TO YIELD RIGHT-OF-WAY,0,0,0,0,8,2,8,1220,ELSTON AVE,41.790727,-87.589902,08/26/2024 10:03:00 AM,2024
CR00008952,06/26/2022 03:23:00 PM,20,CLEAR,DAYLIGHT,REAR END,DIVIDED - W/MEDIAN BARRIER,STOP SIGN/FLASHER,DRIVING SKILLS/KNOWLEDGE/EXPERIENCE,FAILING TO YIELD RIGHT-OF-WAY,0,0,0,0,15,1,6,493,FULLERTON AVE,41.796897,-87.584216,06/26/2022 04:21:00 PM,2022
CR00008953,03/15/2019 05:46:00 PM,30,CLEAR,DAYLIGHT,TURNING,ONE-WAY,NO CONTROLS,FOLLOWING TOO CLOSELY,FOLLOWING TOO CLOSELY,0,0,0,0,17,6,3,1335,MICHIGAN AVE,41.998333,-87.811447,03/15/2019 07:29:00 PM,2019
CR00008954,01/22/2016 07:12:00 AM,30,CLEAR,DAYLIGHT,TURNING,NOT DIVIDED,NO CONTROLS,FAILING TO YIELD RIGHT-OF-WAY,IMPROPER LANE USAGE,0,0,0,0,7,6,1,657,79TH ST,41.931958,-87.510112,01/22/2016 07:26:00 AM,2016
CR00008955,12/13/2024 10:25:00 AM,30,RAIN,DARKNESS,REAR TO FRONT,NOT DIVIDED,STOP SIGN/FLASHER,WEATHER,IMPROPER OVERTAKING/PASSING,0,0,1,1,10,6,12,2151,CLARK ST,41.873655,-87.508586,12/13/2024 10:29:00 AM,2024
CR00008956,12/26/2016 04:57:00 PM,45,CLEAR,DAYLIGHT,SIDESWIPE SAME DIRECTION,DIVIDED - W/MEDIAN (NOT RAISED),STOP SIGN/FLASHER,FOLLOWING TOO CLOSELY,IMPROPER OVERTAKING/PASSING,0,0,0,0,16,2,12,580,MICHIGAN AVE,41.922232,-87.762442,12/26/2016 06:00:00 PM,2016
CR00008957,10/18/2017 12:07:00 PM,20,CLEAR,DAYLIGHT,TURNING,ONE-WAY,TRAFFIC SIGNAL,UNABLE TO DETERMINE,UNABLE TO DETERMINE,0,0,0,0,12,4,10,1671,MILWAUKEE AVE,41.98182,-87.571763,10/18/2017 01:36:00 PM,2017
CR00008958,12/22/2023 02:00:00 PM,45,CLEAR,DARKNESS - LIGHTED ROAD,REAR END,DIVIDED - W/MEDIAN (NOT RAISED),TRAFFIC SIGNAL,UNABLE TO DETERMINE,DRIVING SKILLS/KNOWLEDGE/EXPERIENCE,0,0,0,0,14,6,12,1652,BROADWAY,41.897536,-87.699737,12/22/2023 03:57:00 PM,2023
CR00008959,07/10/2021 08:11:00 AM,40,CLEAR,DARKNESS - LIGHTED ROAD,REAR END,NOT DIVIDED,NO CONTROLS,DISTRACTION - FROM INSIDE VEHICLE,DRIVING SKILLS/KNOWLEDGE/EXPERIENCE,0,0,0,0,8,7,7,568,STONY ISLAND AVE,41.879423,-87.60693,07/10/2021 09:48:00 AM,2021
CR00008960,10/25/2022 08:18:00 PM,45,CLEAR,DAYLIGHT,REAR END,DIVIDED - W/MEDIAN (NOT RAISED),NO CONTROLS,FOLLOWING TOO CLOSELY,NOT APPLICABLE,0,0,0,0,20,3,10,1096,63RD ST,41.998354,-87.541407,10/25/2022 09:25:00 PM,2022
CR00008961,09/27/2019 03:16:00 AM,30,CLEAR,DARKNESS - LIGHTED ROAD,SIDESWIPE SAME DIRECTION,FOUR WAY,TRAFFIC SIGNAL,UNABLE TO DETERMINE,DRIVING SKILLS/KNOWLEDGE/EXPERIENCE,0,0,0,0,3,6,9,1953,STATE ST,41.998875,-87.516632,09/27/2019 04:58:00 AM,2019
CR00008962,06/26/2023 08:56:00 PM,20,CLEAR,DUSK,REAR END,FOUR WAY,UNKNOWN,IMPROPER OVERTAKING/PASSING,UNABLE TO DETERMINE,0,0,0,0,20,2,6,1884,FULLERTON AVE,41.813984,-87.757509,06/26/2023 09:05:00 PM,2023
CR00008963,10/21/2015 06:43:00 AM,30,CLEAR,DAYLIGHT,TURNING,NOT DIVIDED,STOP SIGN/FLASHER,UNABLE TO DETERMINE,WEATHER,0,0,0,0,6,4,10,2344,WESTERN AVE,41.811439,-87.687111,10/21/2015 08:18:00 AM,2015
CR00008964,09/11/2019 03:26:00 PM,30,CLEAR,DARKNESS - LIGHTED ROAD,ANGLE,ONE-WAY,NO CONTROLS,IMPROPER LANE USAGE,UNABLE TO DETERMINE,0,0,0,0,15,4,9,1360,IRVING PARK RD,41.939022,-87.735935,09/11/2019 04:56:00 PM,2019
CR00008965,09/03/2024 02:58:00 PM,30,CLEAR,DAYLIGHT,PEDESTRIAN,DIVIDED - W/MEDIAN BARRIER,NO CONTROLS,UNABLE TO DETERMINE,FAILING TO YIELD RIGHT-OF-WAY,0,0,0,0,14,3,9,974,CICERO AVE,41.747665,-87.58473,09/03/2024 03:39:00 PM,2024
CR00008966,02/17/2019 08:40:00 AM,30,CLOUDY/OVERCAST,DAYLIGHT,ANGLE,NOT DIVIDED,TRAFFIC SIGNAL,DISTRACTION - FROM INSIDE VEHICLE,IMPROPER OVERTAKING/PASSING,0,0,1,1,8,1,2,1277,OGDEN AVE,41.936562,-87.635825,02/17/2019 09:39:00 AM,2019
CR00008967,03/19/2022 03:44:00 PM,30,CLEAR,DARKNESS - LIGHTED ROAD,REAR END,DIVIDED - W/MEDIAN (NOT RAISED),STOP SIGN/FLASHER,UNABLE TO DETERMINE,FAILING TO YIELD RIGHT-OF-WAY,0,2,1,3,15,7,3,1908,HALSTED ST,41.947048,-87.710377,03/19/2022 05:15:00 PM,2022
CR00008968,12/04/2016 08:32:00 AM,40,FREEZING RAIN/DRIZZLE,DARKNESS - LIGHTED ROAD,PARKED MOTOR VEHICLE,NOT DIVIDED,YIELD,FAILING TO REDUCE SPEED,NOT APPLICABLE,0,0,0,0,8,1,12,1088,MICHIGAN AVE,41.931674,-87.511601,12/04/2016 08:51:00 AM,2016
CR00008969,12/24/2019 04:50:00 PM,25,SNOW,DARKNESS,ANGLE,FOUR WAY,TRAFFIC SIGNAL,WEATHER,FAILING TO REDUCE SPEED,0,0,0,0,16,3,12,697,KEDZIE AVE,41.850989,-87.68823,12/24/2019 05:05:00 PM,2019
CR00008970,09/18/2016 08:46:00 PM,40,CLEAR,DUSK,REAR TO FRONT,DIVIDED - W/MEDIAN (NOT RAISED),TRAFFIC SIGNAL,IMPROPER LANE USAGE,IMPROPER LANE USAGE,0,0,0,0,20,1,9,315,STONY ISLAND AVE,41.731376,-87.716383,09/18/2016 09:48:00 PM,2016
CR00008971,02/09/2024 04:42:00 AM,20,CLEAR,DAYLIGHT,ANGLE,DIVIDED - W/MEDIAN (NOT RAISED),UNKNOWN,UNABLE TO DETERMINE,FAILING TO REDUCE SPEED,0,0,0,0,4,6,2,1911,47TH ST,41.78061,-87.578002,02/09/2024 05:19:00 AM,2024
CR00008972,04/18/2018 02:13:00 PM,45,CLEAR,DARKNESS,PEDESTRIAN,NOT DIVIDED,STOP SIGN/FLASHER,UNABLE TO DETERMINE,FAILING TO YIELD RIGHT-OF-WAY,0,0,0,0,14,4,4,1591,OGDEN AVE,41.739709,-87.841398,04/18/2018 03:29:00 PM,2018
CR00008973,09/01/2023 08:53:00 AM,35,CLEAR,DAYLIGHT,ANGLE,NOT DIVIDED,NO CONTROLS,IMPROPER OVERTAKING/PASSING,UNABLE TO DETERMINE,0,0,0,0,8,6,9,1038,OGDEN AVE,41.918603,-87.575614,09/01/2023 09:35:00 AM,2023
CR00008974,08/10/2023 09:29:00 AM,35,CLEAR,DARKNESS - LIGHTED ROAD,REAR END,DIVIDED - W/MEDIAN (NOT RAISED),NO CONTROLS,DRIVING SKILLS/KNOWLEDGE/EXPERIENCE,NOT APPLICABLE,0,0,0,0,9,5,8,741,63RD ST,41.857107,-87.630093,08/10/2023 09:35:00 AM,2023