CRASH_RECORD_ID,CRASH_DATE,POSTED_SPEED_LIMIT,WEATHER_CONDITION,LIGHTING_CONDITION,FIRST_CRASH_TYPE,TRAFFICWAY_TYPE,TRAFFIC_CONTROL_DEVICE,PRIM_CONTRIBUTORY_CAUSE,SEC_CONTRIBUTORY_CAUSE,INJURIES_FATAL,INJURIES_INCAPACITATING,INJURIES_NON_INCAPACITATING,INJURIES_TOTAL,CRASH_HOUR,CRASH_DAY_OF_WEEK,CRASH_MONTH,BEAT_OF_OCCURRENCE,STREET_NAME,LATITUDE,LONGITUDE,DATE_POLICE_NOTIFIED,year
CR00008975,07/19/2022 07:20:00 AM,20,CLEAR,DAYLIGHT,ANGLE,NOT DIVIDED,UNKNOWN,UNABLE TO DETERMINE,NOT APPLICABLE,0,0,0,0,7,3,7,248,STATE ST,41.993539,-87.671111,07/19/2022 08:41:00 AM,2022
CR00008976,06/24/2018 08:09:00 PM,20,CLEAR,DARKNESS - LIGHTED ROAD,SIDESWIPE SAME DIRECTION,NOT DIVIDED,TRAFFIC SIGNAL,FOLLOWING TOO CLOSELY,NOT APPLICABLE,0,0,0,0,20,1,6,232,IRVING PARK RD,41.990078,-87.726522,06/24/2018 08:38:00 PM,2018
CR00008977,04/06/2017 07:54:00 PM,25,CLEAR,DARKNESS,REAR END,NOT DIVIDED,TRAFFIC SIGNAL,DISTRACTION - FROM INSIDE VEHICLE,IMPROPER LANE USAGE,0,0,0,0,19,5,4,2265,CALIFORNIA AVE,41.933702,-87.698323,04/06/2017 08:52:00 PM,2017
CR00008978,05/30/2021 12:06:00 AM,40,CLEAR,DARKNESS - LIGHTED ROAD,ANGLE,NOT DIVIDED,TRAFFIC SIGNAL,DRIVING SKILLS/KNOWLEDGE/EXPERIENCE,DISTRACTION - FROM INSIDE VEHICLE,0,0,0,0,0,1,5,1661,FULLERTON AVE,41.934999,-87.748568,05/30/2021 12:31:00 AM,2021
CR00008979,12/26/2020 10:47:00 AM,15,CLEAR,DAYLIGHT,REAR END,FOUR WAY,UNKNOWN,DRIVING SKILLS/KNOWLEDGE/EXPERIENCE,UNABLE TO DETERMINE,0,0,0,0,10,7,12,2486,FULLERTON AVE,41.901647,-87.524075,12/26/2020 11:06:00 AM,2020
CR00008980,09/21/2017 03:23:00 PM,35,SNOW,DAYLIGHT,TURNING,NOT DIVIDED,STOP SIGN/FLASHER,DRIVING SKILLS/KNOWLEDGE/EXPERIENCE,UNABLE TO DETERMINE,0,0,1,1,15,5,9,685,79TH ST,41.975712,-87.619255,09/21/2017 05:16:00 PM,2017
CR00008981,02/24/2018 07:08:00 PM,25,CLEAR,DAYLIGHT,REAR END,NOT DIVIDED,NO CONTROLS,DISTRACTION - FROM INSIDE VEHICLE,NOT APPLICABLE,0,0,0,0,19,7,2,482,IRVING PARK RD,41.943791,-87.849541,02/24/2018 08:11:00 PM,2018
CR00008982,05/14/2016 07:12:00 PM,30,FREEZING RAIN/DRIZZLE,DAYLIGHT,TURNING,DIVIDED - W/MEDIAN (NOT RAISED),NO CONTROLS,DRIVING SKILLS/KNOWLEDGE/EXPERIENCE,IMPROPER OVERTAKING/PASSING,0,0,1,1,19,7,5,698,LAKE SHORE DR,41.741918,-87.579811,05/14/2016 08:05:00 PM,2016
CR00008983,10/07/2017 05:47:00 PM,35,CLEAR,DAYLIGHT,REAR END,NOT DIVIDED,NO CONTROLS,WEATHER,NOT APPLICABLE,0,0,0,0,17,7,10,644,FULLERTON AVE,41.720644,-87.525559,10/07/2017 07:33:00 PM,2017
CR00008984,08/28/2016 08:45:00 AM,30,RAIN,DAYLIGHT,REAR END,T-INTERSECTION,TRAFFIC SIGNAL,IMPROPER LANE USAGE,IMPROPER OVERTAKING/PASSING,0,0,0,0,8,1,8,2221,MICHIGAN AVE,41.921402,-87.726817,08/28/2016 09:26:00 AM,2016
CR00008985,03/31/2021 11:20:00 AM,35,CLEAR,DARKNESS - LIGHTED ROAD,TURNING,FOUR WAY,UNKNOWN,FOLLOWING TOO CLOSELY,UNABLE TO DETERMINE,0,0,0,0,11,4,3,432,KEDZIE AVE,41.866477,-87.773742,03/31/2021 01:03:00 PM,2021
CR00008986,09/09/2021 08:14:00 PM,15,CLEAR,DARKNESS,SIDESWIPE SAME DIRECTION,ONE-WAY,NO CONTROLS,UNABLE TO DETERMINE,WEATHER,0,0,1,1,20,5,9,278,WESTERN AVE,41.858714,-87.784893,09/09/2021 08:35:00 PM,2021
CR00008987,12/15/2018 09:43:00 AM,25,CLEAR,DARKNESS - LIGHTED ROAD,REAR END,NOT DIVIDED,UNKNOWN,IMPROPER LANE USAGE,UNABLE TO DETERMINE,0,0,0,0,9,7,12,718,47TH ST,41.79037,-87.660724,12/15/2018 10:05:00 AM,2018
CR00008988,12/22/2022 08:08:00 PM,40,CLEAR,DAYLIGHT,ANGLE,NOT DIVIDED,TRAFFIC SIGNAL,FOLLOWING TOO CLOSELY,FAILING TO YIELD RIGHT-OF-WAY,0,0,0,0,20,5,12,662,ARCHER AVE,41.930488,-87.500805,12/22/2022 09:09:00 PM,2022
CR00008989,07/08/2022 03:25:00 PM,40,CLEAR,DAYLIGHT,SIDESWIPE SAME DIRECTION,NOT DIVIDED,NO CONTROLS,DISTRACTION - FROM INSIDE VEHICLE,UNABLE TO DETERMINE,0,0,0,0,15,6,7,1238,47TH ST,41.771552,-87.78469,07/08/2022 03:45:00 PM,2022
CR00008990,12/24/2023 01:22:00 PM,25,CLEAR,DAYLIGHT,ANGLE,ONE-WAY,UNKNOWN,FOLLOWING TOO CLOSELY,DRIVING SKILLS/KNOWLEDGE/EXPERIENCE,0,0,0,0,13,1,12,1647,OGDEN AVE,41.823403,-87.808389,12/24/2023 03:07:00 PM,2023
CR00008991,01/06/2024 07:44:00 PM,30,RAIN,DAYLIGHT,ANGLE,DIVIDED - W/MEDIAN (NOT RAISED),NO CONTROLS,UNABLE TO DETERMINE,UNABLE TO DETERMINE,0,0,0,0,19,7,1,1548,FULLERTON AVE,41.803208,-87.645106,01/06/2024 09:43:00 PM,2024
CR00008992,07/17/2016 02:28:00 PM,30,CLEAR,DAYLIGHT,REAR TO FRONT,FOUR WAY,UNKNOWN,UNABLE TO DETERMINE,NOT APPLICABLE,0,0,0,0,14,1,7,1899,CICERO AVE,41.836005,-87.822657,07/17/2016 03:51:00 PM,2016
CR00008993,05/31/2024 11:08:00 AM,20,RAIN,DAYLIGHT,TURNING,ONE-WAY,NO CONTROLS,FOLLOWING TOO CLOSELY,WEATHER,0,0,0,0,11,6,5,1409,STATE ST,41.923318,-87.605864,05/31/2024 12:02:00 PM,2024
CR00008994,03/10/2022 04:06:00 PM,35,FOG/SMOKE/HAZE,DARKNESS - LIGHTED ROAD,TURNING,NOT DIVIDED,STOP SIGN/FLASHER,UNABLE TO DETERMINE,UNABLE TO DETERMINE,0,0,0,0,16,5,3,2032,ROOSEVELT RD,41.782856,-87.764227,03/10/2022 05:31:00 PM,2022
CR00008995,02/02/2019 04:14:00 AM,15,CLEAR,DARKNESS - LIGHTED ROAD,REAR END,NOT DIVIDED,PEDESTRIAN CROSSING SIGN,FAILING TO YIELD RIGHT-OF-WAY,UNABLE TO DETERMINE,0,0,0,0,4,7,2,1624,ARCHER AVE,41.78325,-87.777076,02/02/2019 04:52:00 AM,2019
CR00008996,02/06/2015 04:50:00 PM,25,CLOUDY/OVERCAST,DARKNESS,ANGLE,NOT DIVIDED,NO CONTROLS,IMPROPER OVERTAKING/PASSING,UNABLE TO DETERMINE,0,0,0,0,16,6,2,671,ASHLAND AVE,41.818769,-87.521021,02/06/2015 06:43:00 PM,2015
CR00008997,07/24/2023 11:30:00 AM,35,CLEAR,DARKNESS - LIGHTED ROAD,SIDESWIPE SAME DIRECTION,DIVIDED - W/MEDIAN BARRIER,UNKNOWN,UNABLE TO DETERMINE,UNABLE TO DETERMINE,0,2,3,5,11,2,7,2131,47TH ST,41.907127,-87.768814,07/24/2023 01:19:00 PM,2023
CR00008998,08/22/2015 08:19:00 AM,15,CLEAR,DARKNESS - LIGHTED ROAD,TURNING,DIVIDED - W/MEDIAN BARRIER,NO CONTROLS,IMPROPER OVERTAKING/PASSING,IMPROPER LANE USAGE,0,0,0,0,8,7,8,800,47TH ST,41.796058,-87.802991,08/22/2015 10:18:00 AM,2015
CR00008999,04/08/2020 08:55:00 AM,30,RAIN,DAYLIGHT,FIXED OBJECT,NOT DIVIDED,NO CONTROLS,FOLLOWING TOO CLOSELY,FOLLOWING TOO CLOSELY,0,0,0,0,8,4,4,406,47TH ST,41.913412,-87.796263,04/08/2020 10:36:00 AM,2020
CR00009000,10/30/2015 10:08:00 PM,40,CLEAR,DAYLIGHT,TURNING,FOUR WAY,TRAFFIC SIGNAL,FOLLOWING TOO CLOSELY,IMPROPER OVERTAKING/PASSING,0,0,0,0,22,6,10,1567,ASHLAND AVE,41.929868,-87.806755,10/30/2015 11:41:00 PM,2015
CR00009001,08/28/2018 07:42:00 PM,30,CLOUDY/OVERCAST,DAYLIGHT,TURNING,DIVIDED - W/MEDIAN BARRIER,NO CONTROLS,UNABLE TO DETERMINE,DISTRACTION - FROM INSIDE VEHICLE,0,0,0,0,19,3,8,2097,47TH ST,41.832371,-87.827242,08/28/2018 08:51:00 PM,2018
CR00009002,02/29/2024 10:19:00 AM,35,CLEAR,DAWN,REAR END,FOUR WAY,NO CONTROLS,FAILING TO YIELD RIGHT-OF-WAY,DISREGARDING TRAFFIC SIGNALS,0,0,0,0,10,5,2,2364,79TH ST,41.961432,-87.59097,02/29/2024 11:51:00 AM,2024
CR00009003,06/09/2015 01:06:00 PM,30,SNOW,DAYLIGHT,REAR END,ONE-WAY,TRAFFIC SIGNAL,UNABLE TO DETERMINE,DISTRACTION - FROM INSIDE VEHICLE,0,0,0,0,13,3,6,1796,ROOSEVELT RD,41.818118,-87.538517,06/09/2015 02:59:00 PM,2015
CR00009004,09/02/2023 03:53:00 AM,25,CLEAR,DAYLIGHT,REAR END,DIVIDED - W/MEDIAN (NOT RAISED),TRAFFIC SIGNAL,UNABLE TO DETERMINE,UNABLE TO DETERMINE,0,0,0,0,3,7,9,910,63RD ST,41.768151,-87.798655,09/02/2023 04:21:00 AM,2023
CR00009005,10/10/2019 04:58:00 PM,45,CLEAR,DAYLIGHT,TURNING,NOT DIVIDED,STOP SIGN/FLASHER,IMPROPER LANE USAGE,NOT APPLICABLE,0,0,0,0,16,5,10,2198,FULLERTON AVE,41.757799,-87.658328,10/10/2019 06:14:00 PM,2019
CR00009006,10/24/2020 11:49:00 AM,20,CLEAR,DAYLIGHT,REAR END,NOT DIVIDED,NO CONTROLS,DRIVING SKILLS/KNOWLEDGE/EXPERIENCE,FAILING TO REDUCE SPEED,0,0,1,1,11,7,10,283,STATE ST,41.879117,-87.681254,10/24/2020 12:05:00 PM,2020
CR00009007,05/07/2023 07:25:00 AM,25,CLEAR,DAYLIGHT,SIDESWIPE SAME DIRECTION,NOT DIVIDED,TRAFFIC SIGNAL,UNABLE TO DETERMINE,FOLLOWING TOO CLOSELY,0,0,0,0,7,1,5,1234,IRVING PARK RD,41.94193,-87.536367,05/07/2023 08:04:00 AM,2023
CR00009008,04/18/2019 06:41:00 AM,45,SNOW,DARKNESS - LIGHTED ROAD,REAR TO FRONT,FOUR WAY,NO CONTROLS,DISTRACTION - FROM INSIDE VEHICLE,DISTRACTION - FROM INSIDE VEHICLE,0,0,0,0,6,5,4,2424,BROADWAY,41.721594,-87.804371,04/18/2019 08:14:00 AM,2019
CR00009009,06/29/2018 06:42:00 PM,15,CLEAR,DAYLIGHT,ANGLE,ONE-WAY,NO CONTROLS,FAILING TO REDUCE SPEED,UNABLE TO DETERMINE,0,0,0,0,18,6,6,261,BROADWAY,41.855792,-87.78469,06/29/2018 06:50:00 PM,2018
CR00009010,07/06/2015 03:54:00 PM,20,CLEAR,DAYLIGHT,ANGLE,NOT DIVIDED,STOP SIGN/FLASHER,UNABLE TO DETERMINE,UNABLE TO DETERMINE,0,0,0,0,15,2,7,2458,IRVING PARK RD,41.799962,-87.789049,07/06/2015 04:24:00 PM,2015
CR00009011,09/08/2020 06:53:00 PM,35,CLOUDY/OVERCAST,DAYLIGHT,SIDESWIPE SAME DIRECTION,ONE-WAY,NO CONTROLS,DISREGARDING TRAFFIC SIGNALS,IMPROPER LANE USAGE,0,0,0,0,18,3,9,2092,79TH ST,41.784549,-87.708697,09/08/2020 08:41:00 PM,2020
CR00009012,02/25/2019 04:59:00 PM,20,CLEAR,DAYLIGHT,ANGLE,DIVIDED - W/MEDIAN (NOT RAISED),NO CONTROLS,FOLLOWING TOO CLOSELY,NOT APPLICABLE,0,0,0,0,16,2,2,533,CICERO AVE,41.856185,-87.588139,02/25/2019 06:32:00 PM,2019
CR00009013,08/18/2023 07:45:00 AM,30,RAIN,DARKNESS,TURNING,ONE-WAY,TRAFFIC SIGNAL,DRIVING SKILLS/KNOWLEDGE/EXPERIENCE,FOLLOWING TOO CLOSELY,0,0,0,0,7,6,8,1017,ARCHER AVE,41.804958,-87.837355,08/18/2023 08:28:00 AM,2023
CR00009014,03/26/2024 07:33:00 AM,45,CLEAR,DAYLIGHT,ANGLE,NOT DIVIDED,NO CONTROLS,FOLLOWING TOO CLOSELY,UNABLE TO DETERMINE,0,1,1,2,7,3,3,2475,CALIFORNIA AVE,41.745905,-87.591567,03/26/2024 09:01:00 AM,2024
CR00009015,03/14/2019 07:39:00 AM,15,CLEAR,DARKNESS - LIGHTED ROAD,REAR END,T-INTERSECTION,TRAFFIC SIGNAL,DISREGARDING TRAFFIC SIGNALS,DRIVING SKILLS/KNOWLEDGE/EXPERIENCE,0,0,0,0,7,5,3,2301,FULLERTON AVE,41.829869,-87.658579,03/14/2019 09:15:00 AM,2019
CR00009016,03/01/2019 08:02:00 AM,30,SNOW,DAYLIGHT,REAR END,DIVIDED - W/MEDIAN (NOT RAISED),TRAFFIC SIGNAL,FOLLOWING TOO CLOSELY,DRIVING SKILLS/KNOWLEDGE/EXPERIENCE,0,0,0,0,8,6,3,1626,PULASKI RD,41.705052,-87.66493,03/01/2019 09:58:00 AM,2019
CR00009017,04/06/2023 02:09:00 PM,45,CLEAR,DAYLIGHT,SIDESWIPE SAME DIRECTION,NOT DIVIDED,UNKNOWN,FOLLOWING TOO CLOSELY,FOLLOWING TOO CLOSELY,0,0,0,0,14,5,4,1194,KEDZIE AVE,41.824718,-87.762779,04/06/2023 03:43:00 PM,2023
CR00009018,04/12/2021 11:56:00 AM,30,FREEZING RAIN/DRIZZLE,DARKNESS - LIGHTED ROAD,SIDESWIPE SAME DIRECTION,NOT DIVIDED,STOP SIGN/FLASHER,UNABLE TO DETERMINE,FAILING TO REDUCE SPEED,0,0,0,0,11,2,4,962,ARCHER AVE,41.959963,-87.781295,04/12/2021 01:16:00 PM,2021
CR00009019,11/20/2019 11:23:00 PM,30,FOG/SMOKE/HAZE,DAYLIGHT,REAR END,DIVIDED - W/MEDIAN BARRIER,NO CONTROLS,FAILING TO YIELD RIGHT-OF-WAY,DRIVING SKILLS/KNOWLEDGE/EXPERIENCE,0,0,0,0,23,4,11,618,CLARK ST,41.801955,-87.564248,11/20/2019 11:51:00 PM,2019
CR00009020,03/24/2022 06:02:00 PM,40,CLEAR,DAYLIGHT,ANGLE,DIVIDED - W/MEDIAN BARRIER,NO CONTROLS,FAILING TO YIELD RIGHT-OF-WAY,UNABLE TO DETERMINE,0,0,0,0,18,5,3,1947,63RD ST,41.727055,-87.730097,03/24/2022 07:48:00 PM,2022
CR00009021,02/15/2023 11:46:00 AM,30,CLOUDY/OVERCAST,DAYLIGHT,REAR END,ONE-WAY,STOP SIGN/FLASHER,IMPROPER LANE USAGE,IMPROPER OVERTAKING/PASSING,0,0,0,0,11,4,2,2430,DIVISION ST,41.987062,-87.752857,02/15/2023 01:27:00 PM,2023
CR00009022,10/01/2023 06:10:00 AM,30,CLEAR,DARKNESS - LIGHTED ROAD,PARKED MOTOR VEHICLE,DIVIDED - W/MEDIAN (NOT RAISED),NO CONTROLS,DISTRACTION - FROM INSIDE VEHICLE,FOLLOWING TOO CLOSELY,0,0,0,0,6,1,10,1314,BROADWAY,41.760254,-87.794546,10/01/2023 06:22:00 AM,2023
CR00009023,07/31/2016 01:54:00 PM,15,FOG/SMOKE/HAZE,DUSK,PARKED MOTOR VEHICLE,NOT DIVIDED,NO CONTROLS,WEATHER,FAILING TO YIELD RIGHT-OF-WAY,0,0,1,1,13,1,7,518,79TH ST,41.866541,-87.763827,07/31/2016 02:39:00 PM,2016
CR00009024,09/15/2015 06:05:00 PM,15,FREEZING RAIN/DRIZZLE,DARKNESS,TURNING,DIVIDED - W/MEDIAN (NOT RAISED),STOP SIGN/FLASHER,UNABLE TO DETERMINE,WEATHER,0,0,0,0,18,3,9,831,OGDEN AVE,41.990651,-87.540566,09/15/2015 07:12:00 PM,2015
CR00009025,08/09/2021 04:43:00 AM,15,CLEAR,DARKNESS,REAR END,NOT DIVIDED,TRAFFIC SIGNAL,FOLLOWING TOO CLOSELY,DRIVING SKILLS/KNOWLEDGE/EXPERIENCE,0,0,0,0,4,2,8,1016,79TH ST,41.868619,-87.781659,08/09/2021 06:07:00 AM,2021
CR00009026,08/21/2019 06:26:00 PM,15,CLEAR,DARKNESS,REAR END,NOT DIVIDED,STOP SIGN/FLASHER,WEATHER,DRIVING SKILLS/KNOWLEDGE/EXPERIENCE,0,0,0,0,18,4,8,1517,ARCHER AVE,41.904038,-87.709278,08/21/2019 06:44:00 PM,2019
CR00009027,02/04/2020 04:18:00 PM,35,CLEAR,DAYLIGHT,TURNING,DIVIDED - W/MEDIAN (NOT RAISED),TRAFFIC SIGNAL,UNABLE TO DETERMINE,NOT APPLICABLE,0,0,0,0,16,3,2,865,DIVISION ST,41.851432,-87.650003,02/04/2020 05:31:00 PM,2020
CR00009028,08/08/2016 08:54:00 PM,45,CLEAR,DAYLIGHT,SIDESWIPE SAME DIRECTION,ONE-WAY,NO CONTROLS,UNABLE TO DETERMINE,UNABLE TO DETERMINE,0,0,0,0,20,2,8,396,MILWAUKEE AVE,41.917884,-87.676195,08/08/2016 10:13:00 PM,2016
CR00009029,05/22/2016 09:50:00 PM,30,CLEAR,DAYLIGHT,REAR TO FRONT,NOT DIVIDED,TRAFFIC SIGNAL,FOLLOWING TOO CLOSELY,UNABLE TO DETERMINE,0,0,0,0,21,1,5,321,LAKE SHORE DR,41.929392,-87.57611,05/22/2016 10:13:00 PM,2016
CR00009030,07/13/2019 08:03:00 PM,35,SNOW,DARKNESS - LIGHTED ROAD,TURNING,DIVIDED - W/MEDIAN (NOT RAISED),NO CONTROLS,DRIVING SKILLS/KNOWLEDGE/EXPERIENCE,UNABLE TO DETERMINE,0,0,0,0,20,7,7,2119,MILWAUKEE AVE,41.758639,-87.809005,07/13/2019 08:42:00 PM,2019
CR00009031,01/14/2021 07:58:00 AM,25,CLEAR,DUSK,PARKED MOTOR VEHICLE,NOT DIVIDED,NO CONTROLS,FAILING TO YIELD RIGHT-OF-WAY,DRIVING SKILLS/KNOWLEDGE/EXPERIENCE,0,0,0,0,7,5,1,1037,STONY ISLAND AVE,41.890011,-87.704157,01/14/2021 09:35:00 AM,2021
CR00009032,04/28/2016 11:11:00 AM,45,CLEAR,DUSK,TURNING,NOT DIVIDED,UNKNOWN,DISREGARDING TRAFFIC SIGNALS,UNABLE TO DETERMINE,0,0,1,1,11,5,4,133,CICERO AVE,41.98827,-87.726776,04/28/2016 12:41:00 PM,2016
CR00009033,09/03/2019 09:48:00 AM,40,CLEAR,DAYLIGHT,PARKED MOTOR VEHICLE,NOT DIVIDED,TRAFFIC SIGNAL,DRIVING SKILLS/KNOWLEDGE/EXPERIENCE,NOT APPLICABLE,0,0,0,0,9,3,9,415,HALSTED ST,41.902984,-87.767947,09/03/2019 11:07:00 AM,2019
CR00009034,08/16/2019 06:37:00 PM,30,CLEAR,DAYLIGHT,REAR END,DIVIDED - W/MEDIAN (NOT RAISED),NO CONTROLS,DISREGARDING TRAFFIC SIGNALS,FAILING TO REDUCE SPEED,0,0,0,0,18,6,8,426,DIVISION ST,41.897358,-87.824411,08/16/2019 07:38:00 PM,2019
CR00009035,05/14/2015 05:19:00 PM,35,CLEAR,DAYLIGHT,REAR TO FRONT,DIVIDED - W/MEDIAN BARRIER,NO CONTROLS,UNABLE TO DETERMINE,UNABLE TO DETERMINE,0,0,0,0,17,5,5,1974,WESTERN AVE,41.94057,-87.656413,05/14/2015 06:48:00 PM,2015
CR00009036,10/13/2024 04:46:00 PM,15,CLEAR,DAYLIGHT,REAR END,NOT DIVIDED,NO CONTROLS,DISREGARDING TRAFFIC SIGNALS,FAILING TO REDUCE SPEED,0,0,0,0,16,1,10,928,IRVING PARK RD,41.853364,-87.722437,10/13/2024 05:38:00 PM,2024
CR00009037,05/17/2015 06:19:00 AM,25,FOG/SMOKE/HAZE,DARKNESS - LIGHTED ROAD,REAR TO FRONT,NOT DIVIDED,NO CONTROLS,UNABLE TO DETERMINE,FAILING TO REDUCE SPEED,0,0,0,0,6,1,5,1373,STONY ISLAND AVE,41.978819,-87.527229,05/17/2015 07:45:00 AM,2015
CR00009038,10/08/2018 06:58:00 PM,35,CLEAR,DAYLIGHT,PEDESTRIAN,DIVIDED - W/MEDIAN (NOT RAISED),TRAFFIC SIGNAL,FAILING TO YIELD RIGHT-OF-WAY,NOT APPLICABLE,0,2,2,4,18,2,10,1821,DAMEN AVE,41.810043,-87.554403,10/08/2018 07:26:00 PM,2018
CR00009039,04/12/2015 09:02:00 PM,15,CLEAR,DAYLIGHT,SIDESWIPE SAME DIRECTION,DIVIDED - W/MEDIAN (NOT RAISED),UNKNOWN,FOLLOWING TOO CLOSELY,NOT APPLICABLE,0,2,1,3,21,1,4,423,DIVISION ST,41.73064,-87.744436,04/12/2015 10:10:00 PM,2015
CR00009040,05/11/2019 05:31:00 AM,30,CLEAR,DUSK,REAR END,NOT DIVIDED,NO CONTROLS,FOLLOWING TOO CLOSELY,DISTRACTION - FROM INSIDE VEHICLE,0,0,0,0,5,7,5,729,STATE ST,41.814532,-87.837026,05/11/2019 07:03:00 AM,2019
CR00009041,09/14/2021 02:47:00 PM,20,RAIN,DARKNESS,ANGLE,DIVIDED - W/MEDIAN (NOT RAISED),NO CONTROLS,IMPROPER OVERTAKING/PASSING,DISTRACTION - FROM INSIDE VEHICLE,0,0,0,0,14,3,9,2303,STONY ISLAND AVE,41.720849,-87.587018,09/14/2021 03:03:00 PM,2021
CR00009042,01/14/2016 12:11:00 AM,40,RAIN,DARKNESS,ANGLE,FOUR WAY,NO CONTROLS,UNABLE TO DETERMINE,IMPROPER OVERTAKING/PASSING,0,0,1,1,0,5,1,608,ROOSEVELT RD,41.792025,-87.608725,01/14/2016 12:59:00 AM,2016
CR00009043,09/05/2017 03:40:00 PM,15,CLEAR,DAYLIGHT,REAR END,NOT DIVIDED,NO CONTROLS,IMPROPER LANE USAGE,UNABLE TO DETERMINE,0,0,0,0,15,3,9,696,DAMEN AVE,41.909953,-87.538253,09/05/2017 04:07:00 PM,2017
CR00009044,01/10/2019 07:21:00 PM,45,CLEAR,DAYLIGHT,ANGLE,ONE-WAY,NO CONTROLS,UNABLE TO DETERMINE,NOT APPLICABLE,0,0,0,0,19,5,1,438,KEDZIE AVE,41.862092,-87.812416,01/10/2019 08:10:00 PM,2019
CR00009045,01/29/2021 07:27:00 AM,30,CLEAR,DARKNESS - LIGHTED ROAD,REAR END,NOT DIVIDED,STOP SIGN/FLASHER,IMPROPER LANE USAGE,FAILING TO YIELD RIGHT-OF-WAY,0,0,0,0,7,6,1,755,MILWAUKEE AVE,41.808253,-87.614295,01/29/2021 09:00:00 AM,2021
CR00009046,07/30/2018 06:34:00 PM,20,RAIN,DAYLIGHT,REAR END,NOT DIVIDED,NO CONTROLS,DRIVING SKILLS/KNOWLEDGE/EXPERIENCE,NOT APPLICABLE,0,0,0,0,18,2,7,2263,ROOSEVELT RD,41.92146,-87.613844,07/30/2018 07:07:00 PM,2018
CR00009047,12/06/2016 01:39:00 PM,35,CLEAR,DAYLIGHT,PARKED MOTOR VEHICLE,NOT DIVIDED,UNKNOWN,FOLLOWING TOO CLOSELY,UNABLE TO DETERMINE,0,0,0,0,13,3,12,1208,ARCHER AVE,41.930194,-87.832461,12/06/2016 02:08:00 PM,2016
CR00009048,11/16/2018 06:19:00 PM,30,RAIN,DAYLIGHT,PARKED MOTOR VEHICLE,NOT DIVIDED,STOP SIGN/FLASHER,UNABLE TO DETERMINE,DISTRACTION - FROM INSIDE VEHICLE,0,0,1,1,18,6,11,1901,DIVISION ST,41.880181,-87.503618,11/16/2018 08:19:00 PM,2018
CR00009049,05/29/2023 12:54:00 PM,30,CLOUDY/OVERCAST,DAYLIGHT,TURNING,FOUR WAY,TRAFFIC SIGNAL,WEATHER,IMPROPER OVERTAKING/PASSING,0,0,1,1,12,2,5,652,FULLERTON AVE,41.954291,-87.666348,05/29/2023 01:49:00 PM,2023
CR00009050,09/12/2018 07:09:00 PM,40,CLEAR,DAYLIGHT,PARKED MOTOR VEHICLE,NOT DIVIDED,TRAFFIC SIGNAL,UNABLE TO DETERMINE,NOT APPLICABLE,0,0,0,0,19,4,9,1730,ELSTON AVE,41.751856,-87.827337,09/12/2018 07:19:00 PM,2018
CR00009051,12/31/2017 04:41:00 PM,30,CLEAR,DARKNESS - LIGHTED ROAD,PEDESTRIAN,NOT DIVIDED,STOP SIGN/FLASHER,WEATHER,DRIVING SKILLS/KNOWLEDGE/EXPERIENCE,0,0,0,0,16,1,12,1395,LAKE SHORE DR,41.704868,-87.78907,12/31/2017 06:28:00 PM,2017
CR00009052,01/26/2016 06:42:00 PM,15,CLEAR,DAYLIGHT,PEDESTRIAN,ONE-WAY,NO CONTROLS,IMPROPER OVERTAKING/PASSING,NOT APPLICABLE,0,0,1,1,18,3,1,641,WESTERN AVE,41.92786,-87.696463,01/26/2016 08:36:00 PM,2016
CR00009053,02/05/2020 02:55:00 AM,15,CLEAR,DAYLIGHT,REAR END,T-INTERSECTION,NO CONTROLS,DRIVING SKILLS/KNOWLEDGE/EXPERIENCE,FOLLOWING TOO CLOSELY,0,0,0,0,2,4,2,2263,LAKE SHORE DR,41.743734,-87.625413,02/05/2020 04:38:00 AM,2020
CR00009054,02/13/2018 02:03:00 PM,45,CLEAR,DARKNESS - LIGHTED ROAD,PARKED MOTOR VEHICLE,DIVIDED - W/MEDIAN BARRIER,TRAFFIC SIGNAL,IMPROPER LANE USAGE,UNABLE TO DETERMINE,0,0,0,0,14,3,2,2313,STATE ST,41.810851,-87.84478,02/13/2018 03:57:00 PM,2018
CR00009055,12/29/2021 05:56:00 PM,40,CLEAR,DARKNESS - LIGHTED ROAD,TURNING,NOT DIVIDED,NO CONTROLS,FAILING TO YIELD RIGHT-OF-WAY,UNABLE TO DETERMINE,0,0,0,0,17,4,12,1787,ROOSEVELT RD,41.780554,-87.771977,12/29/2021 06:11:00 PM,2021
CR00009056,03/22/2024 06:13:00 PM,15,CLEAR,DARKNESS - LIGHTED ROAD,PEDESTRIAN,DIVIDED - W/MEDIAN (NOT RAISED),TRAFFIC SIGNAL,FAILING TO YIELD RIGHT-OF-WAY,FAILING TO YIELD RIGHT-OF-WAY,0,0,0,0,18,6,3,740,STATE ST,41.926449,-87.762288,03/22/2024 06:43:00 PM,2024
CR00009057,09/01/2019 12:06:00 PM,25,FREEZING RAIN/DRIZZLE,DARKNESS - LIGHTED ROAD,REAR END,NOT DIVIDED,PEDESTRIAN CROSSING SIGN,UNABLE TO DETERMINE,UNABLE TO DETERMINE,0,0,0,0,12,1,9,853,63RD ST,41.893614,-87.645593,09/01/2019 01:28:00 PM,2019