CRASH_RECORD_ID,CRASH_DATE,POSTED_SPEED_LIMIT,WEATHER_CONDITION,LIGHTING_CONDITION,FIRST_CRASH_TYPE,TRAFFICWAY_TYPE,TRAFFIC_CONTROL_DEVICE,PRIM_CONTRIBUTORY_CAUSE,SEC_CONTRIBUTORY_CAUSE,INJURIES_FATAL,INJURIES_INCAPACITATING,INJURIES_NON_INCAPACITATING,INJURIES_TOTAL,CRASH_HOUR,CRASH_DAY_OF_WEEK,CRASH_MONTH,BEAT_OF_OCCURRENCE,STREET_NAME,LATITUDE,LONGITUDE,DATE_POLICE_NOTIFIED,year
CR00009058,09/26/2018 08:20:00 PM,15,CLEAR,DARKNESS,PEDESTRIAN,NOT DIVIDED,STOP SIGN/FLASHER,FOLLOWING TOO CLOSELY,FOLLOWING TOO CLOSELY,0,0,0,0,20,4,9,2404,79TH ST,41.851628,-87.709603,09/26/2018 09:04:00 PM,2018
CR00009059,08/24/2019 10:29:00 PM,35,CLOUDY/OVERCAST,DARKNESS - LIGHTED ROAD,TURNING,NOT DIVIDED,TRAFFIC SIGNAL,FOLLOWING TOO CLOSELY,FAILING TO YIELD RIGHT-OF-WAY,0,0,0,0,22,7,8,1179,ARCHER AVE,41.850175,-87.695181,08/24/2019 10:36:00 PM,2019
CR00009060,02/02/2021 12:38:00 PM,40,CLEAR,DAYLIGHT,FIXED OBJECT,FOUR WAY,TRAFFIC SIGNAL,IMPROPER LANE USAGE,FAILING TO YIELD RIGHT-OF-WAY,0,0,2,2,12,3,2,2068,STONY ISLAND AVE,41.854735,-87.798287,02/02/2021 02:32:00 PM,2021
CR00009061,03/03/2023 05:14:00 AM,30,RAIN,DAYLIGHT,SIDESWIPE SAME DIRECTION,NOT DIVIDED,NO CONTROLS,UNABLE TO DETERMINE,FAILING TO YIELD RIGHT-OF-WAY,0,0,0,0,5,6,3,1025,MICHIGAN AVE,41.968972,-87.651915,03/03/2023 06:33:00 AM,2023
CR00009062,10/10/2023 03:29:00 PM,15,CLEAR,DAYLIGHT,REAR END,ONE-WAY,NO CONTROLS,UNABLE TO DETERMINE,UNABLE TO DETERMINE,0,0,1,1,15,3,10,1196,ROOSEVELT RD,41.949017,-87.755664,10/10/2023 04:26:00 PM,2023
CR00009063,06/01/2017 01:37:00 PM,40,RAIN,DARKNESS - LIGHTED ROAD,REAR END,ONE-WAY,STOP SIGN/FLASHER,DISTRACTION - FROM INSIDE VEHICLE,UNABLE TO DETERMINE,0,0,0,0,13,5,6,1874,CALIFORNIA AVE,41.721839,-87.725609,06/01/2017 03:09:00 PM,2017
CR00009064,10/25/2022 05:30:00 PM,35,SNOW,DUSK,REAR END,DIVIDED - W/MEDIAN (NOT RAISED),STOP SIGN/FLASHER,UNABLE TO DETERMINE,FAILING TO REDUCE SPEED,0,0,0,0,17,3,10,1691,DAMEN AVE,41.969679,-87.697647,10/25/2022 07:17:00 PM,2022
CR00009065,04/03/2015 06:46:00 PM,25,CLEAR,DAYLIGHT,REAR END,NOT DIVIDED,NO CONTROLS,FAILING TO YIELD RIGHT-OF-WAY,UNABLE TO DETERMINE,0,0,0,0,18,6,4,2017,ELSTON AVE,41.775977,-87.613711,04/03/2015 08:39:00 PM,2015
CR00009066,05/11/2023 09:11:00 AM,25,RAIN,DAYLIGHT,REAR END,ONE-WAY,NO CONTROLS,UNABLE TO DETERMINE,IMPROPER LANE USAGE,0,0,0,0,9,5,5,1101,CLARK ST,41.831264,-87.631749,05/11/2023 10:56:00 AM,2023
CR00009067,05/08/2017 10:50:00 PM,25,SNOW,DARKNESS - LIGHTED ROAD,TURNING,NOT DIVIDED,STOP SIGN/FLASHER,IMPROPER LANE USAGE,FOLLOWING TOO CLOSELY,0,0,0,0,22,2,5,1152,LAKE SHORE DR,41.833987,-87.680525,05/08/2017 11:54:00 PM,2017
CR00009068,07/02/2015 11:57:00 PM,35,CLEAR,DAYLIGHT,REAR END,NOT DIVIDED,TRAFFIC SIGNAL,IMPROPER LANE USAGE,UNABLE TO DETERMINE,0,0,0,0,23,5,7,517,CLARK ST,41.865081,-87.656385,07/03/2015 01:44:00 AM,2015
CR00009069,08/17/2018 10:30:00 AM,35,CLEAR,DAYLIGHT,REAR END,FOUR WAY,NO CONTROLS,DRIVING SKILLS/KNOWLEDGE/EXPERIENCE,DISREGARDING TRAFFIC SIGNALS,0,0,0,0,10,6,8,1098,WESTERN AVE,41.761211,-87.649823,08/17/2018 11:52:00 AM,2018
CR00009070,06/12/2017 02:01:00 PM,30,CLEAR,DAWN,SIDESWIPE SAME DIRECTION,NOT DIVIDED,TRAFFIC SIGNAL,FOLLOWING TOO CLOSELY,NOT APPLICABLE,0,0,1,1,14,2,6,648,STONY ISLAND AVE,41.819384,-87.594306,06/12/2017 03:51:00 PM,2017
CR00009071,04/14/2022 07:04:00 AM,20,SNOW,DAYLIGHT,SIDESWIPE SAME DIRECTION,NOT DIVIDED,NO CONTROLS,UNABLE TO DETERMINE,UNABLE TO DETERMINE,0,0,0,0,7,5,4,430,MICHIGAN AVE,41.949832,-87.591963,04/14/2022 08:23:00 AM,2022
CR00009072,04/27/2022 12:26:00 PM,30,RAIN,DUSK,PARKED MOTOR VEHICLE,FOUR WAY,PEDESTRIAN CROSSING SIGN,DISREGARDING TRAFFIC SIGNALS,UNABLE TO DETERMINE,0,0,0,0,12,4,4,1500,KEDZIE AVE,41.913375,-87.66198,04/27/2022 01:26:00 PM,2022
CR00009073,02/26/2021 07:08:00 PM,35,CLEAR,DARKNESS - LIGHTED ROAD,TURNING,T-INTERSECTION,TRAFFIC SIGNAL,UNABLE TO DETERMINE,NOT APPLICABLE,0,0,2,2,19,6,2,887,47TH ST,41.886019,-87.759737,02/26/2021 09:01:00 PM,2021
CR00009074,03/22/2024 08:15:00 PM,40,CLEAR,DARKNESS - LIGHTED ROAD,REAR END,DIVIDED - W/MEDIAN BARRIER,NO CONTROLS,FAILING TO REDUCE SPEED,DRIVING SKILLS/KNOWLEDGE/EXPERIENCE,0,0,0,0,20,6,3,128,ROOSEVELT RD,41.871159,-87.7675,03/22/2024 09:28:00 PM,2024
CR00009075,02/24/2020 10:06:00 AM,30,CLEAR,DAYLIGHT,ANGLE,NOT DIVIDED,TRAFFIC SIGNAL,IMPROPER OVERTAKING/PASSING,UNABLE TO DETERMINE,0,0,0,0,10,2,2,186,MILWAUKEE AVE,41.706489,-87.790483,02/24/2020 11:20:00 AM,2020
CR00009076,07/31/2020 08:18:00 AM,35,CLOUDY/OVERCAST,DAWN,ANGLE,DIVIDED - W/MEDIAN (NOT RAISED),NO CONTROLS,DISREGARDING TRAFFIC SIGNALS,UNABLE TO DETERMINE,0,0,0,0,8,6,7,1356,PULASKI RD,41.706243,-87.804749,07/31/2020 09:21:00 AM,2020
CR00009077,10/02/2017 07:45:00 PM,30,CLEAR,DAYLIGHT,ANGLE,FOUR WAY,NO CONTROLS,IMPROPER OVERTAKING/PASSING,IMPROPER LANE USAGE,0,0,3,3,19,2,10,1823,LAKE SHORE DR,41.722011,-87.683554,10/02/2017 08:10:00 PM,2017
CR00009078,03/18/2018 08:07:00 PM,25,CLOUDY/OVERCAST,DUSK,TURNING,NOT DIVIDED,STOP SIGN/FLASHER,DRIVING SKILLS/KNOWLEDGE/EXPERIENCE,IMPROPER OVERTAKING/PASSING,0,0,0,0,20,1,3,1952,PULASKI RD,41.990981,-87.813171,03/18/2018 09:47:00 PM,2018
CR00009079,10/05/2016 04:33:00 PM,30,CLEAR,DARKNESS - LIGHTED ROAD,REAR END,ONE-WAY,NO CONTROLS,IMPROPER OVERTAKING/PASSING,UNABLE TO DETERMINE,0,0,3,3,16,4,10,1600,PULASKI RD,41.806336,-87.768208,10/05/2016 05:25:00 PM,2016
CR00009080,01/17/2015 07:09:00 PM,15,CLEAR,DAWN,ANGLE,FOUR WAY,NO CONTROLS,DRIVING SKILLS/KNOWLEDGE/EXPERIENCE,FOLLOWING TOO CLOSELY,0,0,1,1,19,7,1,2069,CICERO AVE,41.900447,-87.653324,01/17/2015 07:53:00 PM,2015
CR00009081,08/04/2023 07:06:00 AM,30,CLOUDY/OVERCAST,DAYLIGHT,PEDESTRIAN,NOT DIVIDED,UNKNOWN,FAILING TO YIELD RIGHT-OF-WAY,IMPROPER OVERTAKING/PASSING,0,0,0,0,7,6,8,164,HALSTED ST,41.938565,-87.747436,08/04/2023 07:46:00 AM,2023
CR00009082,06/20/2017 03:54:00 PM,15,CLEAR,DARKNESS - LIGHTED ROAD,REAR TO FRONT,DIVIDED - W/MEDIAN (NOT RAISED),NO CONTROLS,DRIVING SKILLS/KNOWLEDGE/EXPERIENCE,UNABLE TO DETERMINE,0,0,0,0,15,3,6,2136,IRVING PARK RD,41.739202,-87.509484,06/20/2017 05:45:00 PM,2017
CR00009083,09/05/2020 05:04:00 PM,20,CLEAR,DAYLIGHT,REAR TO FRONT,NOT DIVIDED,NO CONTROLS,FAILING TO REDUCE SPEED,NOT APPLICABLE,0,0,0,0,17,7,9,1202,ROOSEVELT RD,41.828831,-87.73059,09/05/2020 05:52:00 PM,2020
CR00009084,01/18/2020 09:36:00 AM,35,CLEAR,DAYLIGHT,ANGLE,NOT DIVIDED,NO CONTROLS,UNABLE TO DETERMINE,NOT APPLICABLE,0,0,0,0,9,7,1,1960,LAKE SHORE DR,41.948903,-87.818449,01/18/2020 10:22:00 AM,2020
CR00009085,03/24/2024 09:15:00 AM,35,CLEAR,DARKNESS,REAR TO FRONT,NOT DIVIDED,STOP SIGN/FLASHER,DRIVING SKILLS/KNOWLEDGE/EXPERIENCE,FOLLOWING TOO CLOSELY,0,0,0,0,9,1,3,604,STATE ST,41.768751,-87.800716,03/24/2024 09:40:00 AM,2024
CR00009086,10/05/2019 05:16:00 PM,25,CLEAR,DARKNESS - LIGHTED ROAD,REAR END,ONE-WAY,STOP SIGN/FLASHER,DISTRACTION - FROM INSIDE VEHICLE,WEATHER,0,0,0,0,17,7,10,1146,MICHIGAN AVE,41.742174,-87.608069,10/05/2019 06:45:00 PM,2019
CR00009087,08/23/2020 06:08:00 PM,40,CLEAR,DAYLIGHT,REAR END,NOT DIVIDED,NO CONTROLS,FOLLOWING TOO CLOSELY,DRIVING SKILLS/KNOWLEDGE/EXPERIENCE,0,0,0,0,18,1,8,501,DAMEN AVE,41.988821,-87.537672,08/23/2020 07:39:00 PM,2020
CR00009088,08/31/2018 08:08:00 AM,25,CLEAR,DARKNESS - LIGHTED ROAD,ANGLE,DIVIDED - W/MEDIAN (NOT RAISED),TRAFFIC SIGNAL,WEATHER,UNABLE TO DETERMINE,0,0,0,0,8,6,8,1149,STATE ST,41.787577,-87.583061,08/31/2018 09:06:00 AM,2018
CR00009089,06/22/2019 12:02:00 AM,45,RAIN,DAYLIGHT,SIDESWIPE SAME DIRECTION,DIVIDED - W/MEDIAN (NOT RAISED),NO CONTROLS,IMPROPER LANE USAGE,DRIVING SKILLS/KNOWLEDGE/EXPERIENCE,0,0,0,0,0,7,6,452,LAKE SHORE DR,41.792234,-87.531996,06/22/2019 01:22:00 AM,2019
CR00009090,05/14/2015 09:28:00 AM,15,SNOW,DARKNESS,TURNING,DIVIDED - W/MEDIAN BARRIER,NO CONTROLS,UNABLE TO DETERMINE,NOT APPLICABLE,0,0,0,0,9,5,5,1673,IRVING PARK RD,41.702638,-87.603776,05/14/2015 11:13:00 AM,2015
CR00009091,05/03/2016 04:28:00 AM,30,CLEAR,DAWN,REAR END,ONE-WAY,NO CONTROLS,FOLLOWING TOO CLOSELY,NOT APPLICABLE,0,0,0,0,4,3,5,686,HALSTED ST,41.96911,-87.574633,05/03/2016 05:57:00 AM,2016
CR00009092,11/23/2018 08:59:00 PM,35,CLEAR,DAYLIGHT,SIDESWIPE SAME DIRECTION,ONE-WAY,TRAFFIC SIGNAL,FAILING TO YIELD RIGHT-OF-WAY,FAILING TO YIELD RIGHT-OF-WAY,0,0,0,0,20,6,11,2500,LAKE SHORE DR,41.776467,-87.596973,11/23/2018 10:40:00 PM,2018
CR00009093,08/02/2022 03:17:00 PM,15,CLEAR,DAYLIGHT,PARKED MOTOR VEHICLE,NOT DIVIDED,TRAFFIC SIGNAL,FAILING TO YIELD RIGHT-OF-WAY,DRIVING SKILLS/KNOWLEDGE/EXPERIENCE,0,0,0,0,15,3,8,218,MILWAUKEE AVE,41.761561,-87.764067,08/02/2022 05:15:00 PM,2022
CR00009094,11/25/2021 05:26:00 PM,30,CLEAR,DAYLIGHT,ANGLE,DIVIDED - W/MEDIAN (NOT RAISED),NO CONTROLS,UNABLE TO DETERMINE,FOLLOWING TOO CLOSELY,0,0,1,1,17,5,11,1514,CLARK ST,41.727059,-87.577348,11/25/2021 06:54:00 PM,2021
CR00009095,10/23/2024 02:25:00 PM,15,CLEAR,DAYLIGHT,FIXED OBJECT,NOT DIVIDED,NO CONTROLS,FAILING TO YIELD RIGHT-OF-WAY,FAILING TO REDUCE SPEED,0,0,1,1,14,4,10,370,63RD ST,41.891181,-87.697245,10/23/2024 04:07:00 PM,2024
CR00009096,08/22/2017 10:53:00 AM,15,CLEAR,DARKNESS - LIGHTED ROAD,REAR END,ONE-WAY,NO CONTROLS,WEATHER,DISTRACTION - FROM INSIDE VEHICLE,0,0,0,0,10,3,8,1628,DIVISION ST,41.724776,-87.727098,08/22/2017 12:26:00 PM,2017
CR00009097,03/28/2016 03:49:00 AM,30,CLEAR,DARKNESS - LIGHTED ROAD,TURNING,FOUR WAY,TRAFFIC SIGNAL,UNABLE TO DETERMINE,FAILING TO YIELD RIGHT-OF-WAY,0,1,3,4,3,2,3,489,ASHLAND AVE,41.793986,-87.546425,03/28/2016 04:23:00 AM,2016
CR00009098,09/22/2024 09:42:00 PM,30,RAIN,DARKNESS - LIGHTED ROAD,PARKED MOTOR VEHICLE,NOT DIVIDED,NO CONTROLS,DISTRACTION - FROM INSIDE VEHICLE,UNABLE TO DETERMINE,0,0,0,0,21,1,9,499,DIVISION ST,41.944248,-87.612713,09/22/2024 09:43:00 PM,2024
CR00009099,06/13/2020 03:20:00 PM,30,SNOW,DAYLIGHT,SIDESWIPE SAME DIRECTION,NOT DIVIDED,YIELD,UNABLE TO DETERMINE,DRIVING SKILLS/KNOWLEDGE/EXPERIENCE,0,0,0,0,15,7,6,705,MILWAUKEE AVE,41.869256,-87.555383,06/13/2020 04:50:00 PM,2020
CR00009100,01/05/2017 05:24:00 PM,35,CLEAR,DARKNESS - LIGHTED ROAD,SIDESWIPE SAME DIRECTION,FOUR WAY,NO CONTROLS,UNABLE TO DETERMINE,FOLLOWING TOO CLOSELY,0,0,0,0,17,5,1,1036,ASHLAND AVE,41.825066,-87.811009,01/05/2017 06:10:00 PM,2017
CR00009101,04/19/2024 10:16:00 PM,25,CLEAR,DAYLIGHT,TURNING,ONE-WAY,TRAFFIC SIGNAL,UNABLE TO DETERMINE,WEATHER,0,0,0,0,22,6,4,1634,PULASKI RD,41.717561,-87.543199,04/19/2024 10:55:00 PM,2024
CR00009102,11/16/2016 07:10:00 AM,25,CLEAR,DARKNESS,REAR END,DIVIDED - W/MEDIAN (NOT RAISED),STOP SIGN/FLASHER,FAILING TO YIELD RIGHT-OF-WAY,NOT APPLICABLE,0,0,0,0,7,4,11,1948,MILWAUKEE AVE,41.730608,-87.570966,11/16/2016 08:44:00 AM,2016
CR00009103,06/24/2017 06:16:00 PM,30,CLEAR,DARKNESS,REAR END,ONE-WAY,NO CONTROLS,UNABLE TO DETERMINE,FAILING TO YIELD RIGHT-OF-WAY,0,0,0,0,18,7,6,437,STATE ST,41.832237,-87.708239,06/24/2017 07:36:00 PM,2017
CR00009104,08/21/2019 11:45:00 AM,30,RAIN,DAYLIGHT,ANGLE,DIVIDED - W/MEDIAN BARRIER,NO CONTROLS,FAILING TO YIELD RIGHT-OF-WAY,DRIVING SKILLS/KNOWLEDGE/EXPERIENCE,0,0,0,0,11,4,8,605,STATE ST,41.872178,-87.612237,08/21/2019 01:13:00 PM,2019
CR00009105,06/04/2015 10:46:00 AM,15,CLEAR,DAYLIGHT,ANGLE,DIVIDED - W/MEDIAN (NOT RAISED),STOP SIGN/FLASHER,IMPROPER OVERTAKING/PASSING,FAILING TO YIELD RIGHT-OF-WAY,0,0,1,1,10,5,6,2483,LAKE SHORE DR,41.979564,-87.670696,06/04/2015 11:16:00 AM,2015
CR00009106,01/14/2019 07:28:00 AM,35,CLEAR,DARKNESS,ANGLE,T-INTERSECTION,NO CONTROLS,UNABLE TO DETERMINE,UNABLE TO DETERMINE,0,0,0,0,7,2,1,2056,BROADWAY,41.996737,-87.58851,01/14/2019 08:40:00 AM,2019
CR00009107,06/16/2020 09:18:00 AM,20,SNOW,DARKNESS - LIGHTED ROAD,REAR END,NOT DIVIDED,NO CONTROLS,IMPROPER OVERTAKING/PASSING,IMPROPER LANE USAGE,0,0,0,0,9,3,6,469,79TH ST,41.807574,-87.79881,06/16/2020 09:32:00 AM,2020
CR00009108,08/27/2018 09:46:00 PM,45,FOG/SMOKE/HAZE,DAYLIGHT,ANGLE,ONE-WAY,NO CONTROLS,UNABLE TO DETERMINE,UNABLE TO DETERMINE,0,0,0,0,21,2,8,1855,CICERO AVE,41.881562,-87.809201,08/27/2018 10:52:00 PM,2018
CR00009109,05/26/2024 06:12:00 PM,20,CLEAR,DAYLIGHT,SIDESWIPE SAME DIRECTION,DIVIDED - W/MEDIAN (NOT RAISED),TRAFFIC SIGNAL,UNABLE TO DETERMINE,UNABLE TO DETERMINE,0,0,0,0,18,1,5,828,ASHLAND AVE,41.815228,-87.61779,05/26/2024 06:40:00 PM,2024
CR00009110,01/02/2017 07:45:00 PM,30,SNOW,DAYLIGHT,REAR END,NOT DIVIDED,STOP SIGN/FLASHER,DRIVING SKILLS/KNOWLEDGE/EXPERIENCE,FOLLOWING TOO CLOSELY,0,0,0,0,19,2,1,2518,DIVISION ST,41.803243,-87.744243,01/02/2017 08:41:00 PM,2017
CR00009111,02/20/2019 06:21:00 PM,15,CLOUDY/OVERCAST,DARKNESS - LIGHTED ROAD,REAR END,DIVIDED - W/MEDIAN BARRIER,NO CONTROLS,FAILING TO REDUCE SPEED,DISREGARDING TRAFFIC SIGNALS,0,0,0,0,18,4,2,1333,79TH ST,41.944952,-87.56713,02/20/2019 06:31:00 PM,2019
CR00009112,12/25/2018 06:47:00 AM,30,FREEZING RAIN/DRIZZLE,DAYLIGHT,PEDESTRIAN,NOT DIVIDED,NO CONTROLS,WEATHER,NOT APPLICABLE,0,0,0,0,6,3,12,1292,63RD ST,41.808604,-87.503512,12/25/2018 08:29:00 AM,2018
CR00009113,09/14/2019 08:08:00 PM,25,CLEAR,DARKNESS - LIGHTED ROAD,TURNING,T-INTERSECTION,NO CONTROLS,DRIVING SKILLS/KNOWLEDGE/EXPERIENCE,FOLLOWING TOO CLOSELY,0,0,0,0,20,7,9,923,LAKE SHORE DR,41.709673,-87.741783,09/14/2019 08:30:00 PM,2019
CR00009114,08/16/2018 05:40:00 PM,35,CLEAR,DARKNESS,REAR END,NOT DIVIDED,TRAFFIC SIGNAL,WEATHER,DISREGARDING TRAFFIC SIGNALS,0,0,0,0,17,5,8,1586,47TH ST,41.742519,-87.669861,08/16/2018 06:47:00 PM,2018
CR00009115,03/16/2020 12:39:00 PM,20,CLEAR,DARKNESS - LIGHTED ROAD,REAR END,DIVIDED - W/MEDIAN BARRIER,NO CONTROLS,UNABLE TO DETERMINE,IMPROPER OVERTAKING/PASSING,0,0,3,3,12,2,3,1982,CLARK ST,41.807471,-87.612495,03/16/2020 02:35:00 PM,2020
CR00009116,08/17/2020 12:10:00 AM,40,CLEAR,DAYLIGHT,TURNING,NOT DIVIDED,NO CONTROLS,DRIVING SKILLS/KNOWLEDGE/EXPERIENCE,DISREGARDING TRAFFIC SIGNALS,0,0,0,0,0,2,8,939,HALSTED ST,41.890534,-87.56883,08/17/2020 01:51:00 AM,2020
CR00009117,08/07/2016 03:22:00 PM,30,CLEAR,DAYLIGHT,REAR END,NOT DIVIDED,TRAFFIC SIGNAL,FOLLOWING TOO CLOSELY,FOLLOWING TOO CLOSELY,0,0,1,1,15,1,8,1004,BROADWAY,41.956999,-87.593536,08/07/2016 03:27:00 PM,2016
CR00009118,07/31/2020 04:42:00 AM,20,FOG/SMOKE/HAZE,DAYLIGHT,REAR END,DIVIDED - W/MEDIAN (NOT RAISED),NO CONTROLS,IMPROPER LANE USAGE,UNABLE TO DETERMINE,0,0,0,0,4,6,7,2251,ELSTON AVE,41.847422,-87.697027,07/31/2020 05:06:00 AM,2020
CR00009119,12/08/2021 03:30:00 PM,20,CLEAR,DAYLIGHT,SIDESWIPE SAME DIRECTION,ONE-WAY,YIELD,IMPROPER OVERTAKING/PASSING,DRIVING SKILLS/KNOWLEDGE/EXPERIENCE,0,0,0,0,15,4,12,420,BROADWAY,41.878683,-87.599928,12/08/2021 04:09:00 PM,2021
CR00009120,06/23/2018 03:06:00 PM,30,CLEAR,DAYLIGHT,SIDESWIPE SAME DIRECTION,FOUR WAY,NO CONTROLS,DISREGARDING TRAFFIC SIGNALS,IMPROPER LANE USAGE,0,0,1,1,15,7,6,401,STATE ST,41.887916,-87.690074,06/23/2018 03:43:00 PM,2018
CR00009121,01/06/2017 04:07:00 PM,25,CLEAR,DUSK,TURNING,NOT DIVIDED,STOP SIGN/FLASHER,FOLLOWING TOO CLOSELY,DISTRACTION - FROM INSIDE VEHICLE,0,0,1,1,16,6,1,1671,DAMEN AVE,41.740648,-87.742445,01/06/2017 04:45:00 PM,2017
CR00009122,11/28/2015 01:57:00 PM,30,CLOUDY/OVERCAST,DAYLIGHT,PEDESTRIAN,NOT DIVIDED,NO CONTROLS,FAILING TO YIELD RIGHT-OF-WAY,UNABLE TO DETERMINE,0,0,2,2,13,7,11,1413,HALSTED ST,41.83704,-87.792273,11/28/2015 02:31:00 PM,2015
CR00009123,07/18/2019 07:58:00 AM,20,CLEAR,DARKNESS,SIDESWIPE SAME DIRECTION,DIVIDED - W/MEDIAN (NOT RAISED),STOP SIGN/FLASHER,FOLLOWING TOO CLOSELY,IMPROPER OVERTAKING/PASSING,0,0,0,0,7,5,7,955,IRVING PARK RD,41.819603,-87.664111,07/18/2019 08:46:00 AM,2019
CR00009124,01/30/2020 10:01:00 PM,35,CLEAR,DAYLIGHT,SIDESWIPE SAME DIRECTION,NOT DIVIDED,NO CONTROLS,FAILING TO YIELD RIGHT-OF-WAY,FAILING TO REDUCE SPEED,0,0,0,0,22,5,1,117,ROOSEVELT RD,41.947132,-87.662225,01/30/2020 10:15:00 PM,2020
CR00009125,08/25/2020 08:06:00 AM,30,CLEAR,DAYLIGHT,TURNING,ONE-WAY,TRAFFIC SIGNAL,FAILING TO YIELD RIGHT-OF-WAY,UNABLE TO DETERMINE,0,0,1,1,8,3,8,2286,ASHLAND AVE,41.73945,-87.845502,08/25/2020 09:10:00 AM,2020
CR00009126,12/23/2016 04:39:00 AM,35,CLEAR,DARKNESS - LIGHTED ROAD,REAR END,NOT DIVIDED,NO CONTROLS,WEATHER,UNABLE TO DETERMINE,0,1,3,4,4,6,12,1472,63RD ST,41.771882,-87.531517,12/23/2016 06:05:00 AM,2016
CR00009127,12/27/2023 07:43:00 PM,25,RAIN,DAYLIGHT,ANGLE,DIVIDED - W/MEDIAN BARRIER,TRAFFIC SIGNAL,DISREGARDING TRAFFIC SIGNALS,IMPROPER OVERTAKING/PASSING,0,0,2,2,19,4,12,281,ASHLAND AVE,41.87062,-87.505673,12/27/2023 08:29:00 PM,2023
CR00009128,01/06/2020 05:36:00 PM,30,CLEAR,DARKNESS,PEDESTRIAN,NOT DIVIDED,NO CONTROLS,IMPROPER OVERTAKING/PASSING,UNABLE TO DETERMINE,0,0,0,0,17,2,1,2064,CLARK ST,41.735123,-87.603965,01/06/2020 07:21:00 PM,2020
CR00009129,05/10/2023 11:25:00 AM,30,RAIN,DAYLIGHT,SIDESWIPE SAME DIRECTION,DIVIDED - W/MEDIAN (NOT RAISED),NO CONTROLS,FAILING TO YIELD RIGHT-OF-WAY,NOT APPLICABLE,0,0,0,0,11,4,5,1302,47TH ST,41.832551,-87.60196,05/10/2023 12:32:00 PM,2023
CR00009130,03/19/2023 05:43:00 PM,30,RAIN,DAYLIGHT,PARKED MOTOR VEHICLE,NOT DIVIDED,UNKNOWN,IMPROPER LANE USAGE,UNABLE TO DETERMINE,0,0,0,0,17,1,3,239,CLARK ST,41.903974,-87.841741,03/19/2023 06:12:00 PM,2023
CR00009131,07/01/2022 08:27:00 AM,15,CLEAR,DARKNESS - LIGHTED ROAD,TURNING,DIVIDED - W/MEDIAN (NOT RAISED),NO CONTROLS,UNABLE TO DETERMINE,WEATHER,0,0,0,0,8,6,7,2447,DAMEN AVE,41.820291,-87.733683,07/01/2022 09:02:00 AM,2022
CR00009132,08/24/2021 01:24:00 PM,30,CLEAR,DARKNESS - LIGHTED ROAD,REAR END,NOT DIVIDED,STOP SIGN/FLASHER,UNABLE TO DETERMINE,UNABLE TO DETERMINE,0,0,0,0,13,3,8,1967,DAMEN AVE,41.780482,-87.588068,08/24/2021 01:48:00 PM,2021
CR00009133,01/15/2024 05:36:00 PM,45,CLOUDY/OVERCAST,DARKNESS - LIGHTED ROAD,FIXED OBJECT,DIVIDED - W/MEDIAN (NOT RAISED),NO CONTROLS,FAILING TO REDUCE SPEED,FAILING TO REDUCE SPEED,0,0,0,0,17,2,1,1606,HALSTED ST,41.787492,-87.730554,01/15/2024 06:49:00 PM,2024
CR00009134,08/27/2021 07:02:00 AM,20,CLEAR,DARKNESS - LIGHTED ROAD,PARKED MOTOR VEHICLE,DIVIDED - W/MEDIAN (NOT RAISED),TRAFFIC SIGNAL,FOLLOWING TOO CLOSELY,UNABLE TO DETERMINE,0,0,2,2,7,6,8,1441,MILWAUKEE AVE,41.957303,-87.84763,08/27/2021 07:26:00 AM,2021
CR00009135,06/08/2021 05:00:00 PM,30,CLEAR,DAYLIGHT,REAR TO FRONT,ONE-WAY,PEDESTRIAN CROSSING SIGN,UNABLE TO DETERMINE,NOT APPLICABLE,0,0,1,1,17,3,6,2241,63RD ST,41.751788,-87.539921,06/08/2021 05:28:00 PM,2021
CR00009136,07/09/2018 05:15:00 PM,30,CLEAR,DAYLIGHT,REAR END,NOT DIVIDED,TRAFFIC SIGNAL,FAILING TO REDUCE SPEED,FOLLOWING TOO CLOSELY,0,0,0,0,17,2,7,2233,79TH ST,41.991007,-87.805663,07/09/2018 07:10:00 PM,2018
CR00009137,06/03/2019 06:47:00 AM,35,CLEAR,DAYLIGHT,REAR END,NOT DIVIDED,TRAFFIC SIGNAL,DISTRACTION - FROM INSIDE VEHICLE,DISTRACTION - FROM INSIDE VEHICLE,0,0,1,1,6,2,6,108,PULASKI RD,41.947829,-87.581994,06/03/2019 07:43:00 AM,2019
CR00009138,10/04/2017 08:07:00 PM,20,CLEAR,DARKNESS - LIGHTED ROAD,FIXED OBJECT,NOT DIVIDED,YIELD,IMPROPER OVERTAKING/PASSING,NOT APPLICABLE,0,0,1,1,20,4,10,1204,ARCHER AVE,41.735382,-87.739092,10/04/2017 09:19:00 PM,2017
CR00009139,03/14/2016 02:25:00 PM,35,CLEAR,DARKNESS - LIGHTED ROAD,TURNING,ONE-WAY,STOP SIGN/FLASHER,UNABLE TO DETERMINE,IMPROPER OVERTAKING/PASSING,0,0,1,1,14,2,3,324,KEDZIE AVE,41.850265,-87.676614,03/14/2016 03:35:00 PM,2016
CR00009140,01/30/2015 04:17:00 PM,35,CLEAR,DARKNESS - LIGHTED ROAD,PARKED MOTOR VEHICLE,DIVIDED - W/MEDIAN (NOT RAISED),NO CONTROLS,IMPROPER LANE USAGE,UNABLE TO DETERMINE,0,0,0,0,16,6,1,1693,ROOSEVELT RD,41.704977,-87.650065,01/30/2015 05:18:00 PM,2015