CRASH_RECORD_ID,CRASH_DATE,POSTED_SPEED_LIMIT,WEATHER_CONDITION,LIGHTING_CONDITION,FIRST_CRASH_TYPE,TRAFFICWAY_TYPE,TRAFFIC_CONTROL_DEVICE,PRIM_CONTRIBUTORY_CAUSE,SEC_CONTRIBUTORY_CAUSE,INJURIES_FATAL,INJURIES_INCAPACITATING,INJURIES_NON_INCAPACITATING,INJURIES_TOTAL,CRASH_HOUR,CRASH_DAY_OF_WEEK,CRASH_MONTH,BEAT_OF_OCCURRENCE,STREET_NAME,LATITUDE,LONGITUDE,DATE_POLICE_NOTIFIED,year
CR00009141,08/08/2017 07:27:00 PM,30,CLEAR,DAYLIGHT,ANGLE,ONE-WAY,UNKNOWN,DISTRACTION - FROM INSIDE VEHICLE,NOT APPLICABLE,0,0,0,0,19,3,8,960,ROOSEVELT RD,41.904115,-87.775635,08/08/2017 09:23:00 PM,2017
CR00009142,05/23/2021 08:56:00 AM,30,CLEAR,DAYLIGHT,SIDESWIPE SAME DIRECTION,ONE-WAY,TRAFFIC SIGNAL,WEATHER,DISTRACTION - FROM INSIDE VEHICLE,0,0,0,0,8,1,5,2476,ROOSEVELT RD,41.969983,-87.724167,05/23/2021 09:21:00 AM,2021
CR00009143,12/15/2022 06:29:00 PM,30,SNOW,DAYLIGHT,PARKED MOTOR VEHICLE,ONE-WAY,NO CONTROLS,DRIVING SKILLS/KNOWLEDGE/EXPERIENCE,UNABLE TO DETERMINE,0,0,0,0,18,5,12,1780,ELSTON AVE,41.783223,-87.558052,12/15/2022 07:06:00 PM,2022
CR00009144,07/21/2020 03:24:00 PM,25,CLEAR,DAYLIGHT,REAR TO FRONT,DIVIDED - W/MEDIAN (NOT RAISED),NO CONTROLS,FOLLOWING TOO CLOSELY,UNABLE TO DETERMINE,0,0,0,0,15,3,7,136,DIVISION ST,41.743729,-87.757084,07/21/2020 04:37:00 PM,2020
CR00009145,01/18/2018 01:23:00 PM,15,CLEAR,DAYLIGHT,PARKED MOTOR VEHICLE,ONE-WAY,NO CONTROLS,IMPROPER LANE USAGE,IMPROPER OVERTAKING/PASSING,0,0,0,0,13,5,1,2123,MICHIGAN AVE,41.741341,-87.692457,01/18/2018 02:44:00 PM,2018
CR00009146,05/02/2023 11:26:00 AM,30,RAIN,DARKNESS - LIGHTED ROAD,FIXED OBJECT,T-INTERSECTION,STOP SIGN/FLASHER,IMPROPER OVERTAKING/PASSING,DRIVING SKILLS/KNOWLEDGE/EXPERIENCE,0,0,0,0,11,3,5,2074,ARCHER AVE,41.8667,-87.685022,05/02/2023 11:27:00 AM,2023
CR00009147,09/29/2018 12:54:00 PM,20,CLEAR,DAYLIGHT,REAR TO FRONT,NOT DIVIDED,NO CONTROLS,DISTRACTION - FROM INSIDE VEHICLE,UNABLE TO DETERMINE,0,0,0,0,12,7,9,1252,ELSTON AVE,41.96233,-87.600154,09/29/2018 01:33:00 PM,2018
CR00009148,05/06/2018 08:18:00 PM,40,RAIN,DARKNESS,TURNING,ONE-WAY,NO CONTROLS,UNABLE TO DETERMINE,DISREGARDING TRAFFIC SIGNALS,0,0,0,0,20,1,5,707,ASHLAND AVE,41.975811,-87.64652,05/06/2018 08:32:00 PM,2018
CR00009149,12/09/2021 07:58:00 AM,35,CLOUDY/OVERCAST,DAYLIGHT,SIDESWIPE SAME DIRECTION,DIVIDED - W/MEDIAN (NOT RAISED),NO CONTROLS,DISREGARDING TRAFFIC SIGNALS,IMPROPER OVERTAKING/PASSING,0,0,0,0,7,5,12,2515,BROADWAY,41.826327,-87.732359,12/09/2021 09:55:00 AM,2021
CR00009150,08/14/2023 02:29:00 AM,40,CLEAR,DAYLIGHT,REAR END,NOT DIVIDED,NO CONTROLS,FOLLOWING TOO CLOSELY,IMPROPER LANE USAGE,0,0,0,0,2,2,8,1931,KEDZIE AVE,41.948809,-87.836109,08/14/2023 04:24:00 AM,2023
CR00009151,09/17/2019 02:33:00 PM,35,CLEAR,DAYLIGHT,REAR END,DIVIDED - W/MEDIAN BARRIER,STOP SIGN/FLASHER,IMPROPER LANE USAGE,NOT APPLICABLE,0,0,0,0,14,3,9,747,CALIFORNIA AVE,41.936513,-87.730521,09/17/2019 03:19:00 PM,2019
CR00009152,07/12/2017 07:16:00 AM,30,CLEAR,DAYLIGHT,REAR END,FOUR WAY,STOP SIGN/FLASHER,FAILING TO REDUCE SPEED,DISTRACTION - FROM INSIDE VEHICLE,0,0,0,0,7,4,7,1258,79TH ST,41.950005,-87.518077,07/12/2017 07:38:00 AM,2017
CR00009153,06/27/2017 10:23:00 AM,30,CLEAR,DAYLIGHT,ANGLE,FOUR WAY,NO CONTROLS,DRIVING SKILLS/KNOWLEDGE/EXPERIENCE,DISTRACTION - FROM INSIDE VEHICLE,0,0,0,0,10,3,6,532,KEDZIE AVE,41.900051,-87.565218,06/27/2017 12:02:00 PM,2017
CR00009154,03/11/2022 01:09:00 AM,30,RAIN,DAYLIGHT,TURNING,NOT DIVIDED,NO CONTROLS,DISTRACTION - FROM INSIDE VEHICLE,NOT APPLICABLE,0,0,0,0,1,6,3,749,63RD ST,41.927589,-87.761361,03/11/2022 02:07:00 AM,2022
CR00009155,05/21/2018 04:07:00 PM,30,RAIN,DAYLIGHT,SIDESWIPE SAME DIRECTION,DIVIDED - W/MEDIAN (NOT RAISED),NO CONTROLS,UNABLE TO DETERMINE,UNABLE TO DETERMINE,0,0,0,0,16,2,5,1386,STATE ST,41.961168,-87.84321,05/21/2018 06:01:00 PM,2018
CR00009156,12/26/2024 08:22:00 AM,45,CLEAR,DAYLIGHT,REAR END,NOT DIVIDED,NO CONTROLS,FOLLOWING TOO CLOSELY,FOLLOWING TOO CLOSELY,0,0,3,3,8,5,12,2108,ARCHER AVE,41.965466,-87.642133,12/26/2024 09:57:00 AM,2024
CR00009157,10/06/2022 07:27:00 AM,40,CLEAR,DARKNESS - LIGHTED ROAD,ANGLE,ONE-WAY,NO CONTROLS,UNABLE TO DETERMINE,UNABLE TO DETERMINE,0,0,0,0,7,5,10,654,KEDZIE AVE,41.706068,-87.608016,10/06/2022 07:30:00 AM,2022
CR00009158,09/24/2018 05:17:00 PM,45,CLEAR,DARKNESS - LIGHTED ROAD,TURNING,DIVIDED - W/MEDIAN BARRIER,NO CONTROLS,UNABLE TO DETERMINE,FOLLOWING TOO CLOSELY,0,2,0,2,17,2,9,495,FULLERTON AVE,41.924936,-87.799541,09/24/2018 07:08:00 PM,2018
CR00009159,11/06/2019 07:41:00 AM,35,RAIN,DAYLIGHT,REAR END,NOT DIVIDED,NO CONTROLS,UNABLE TO DETERMINE,FAILING TO YIELD RIGHT-OF-WAY,0,0,0,0,7,4,11,1277,ASHLAND AVE,41.942414,-87.844405,11/06/2019 09:30:00 AM,2019
CR00009160,06/05/2015 12:55:00 PM,15,CLEAR,DARKNESS - LIGHTED ROAD,REAR END,NOT DIVIDED,STOP SIGN/FLASHER,UNABLE TO DETERMINE,FOLLOWING TOO CLOSELY,0,0,3,3,12,6,6,1648,DIVISION ST,41.98308,-87.635098,06/05/2015 02:47:00 PM,2015
CR00009161,06/06/2021 09:21:00 PM,15,RAIN,DAYLIGHT,ANGLE,T-INTERSECTION,NO CONTROLS,DISTRACTION - FROM INSIDE VEHICLE,FAILING TO YIELD RIGHT-OF-WAY,0,0,0,0,21,1,6,1716,HALSTED ST,41.869732,-87.699834,06/06/2021 10:31:00 PM,2021
CR00009162,05/21/2023 04:05:00 AM,25,CLEAR,DARKNESS,PARKED MOTOR VEHICLE,ONE-WAY,UNKNOWN,FOLLOWING TOO CLOSELY,FOLLOWING TOO CLOSELY,0,0,1,1,4,1,5,1339,WESTERN AVE,41.996958,-87.598951,05/21/2023 04:39:00 AM,2023
CR00009163,01/03/2018 08:45:00 PM,45,CLEAR,DARKNESS,FIXED OBJECT,NOT DIVIDED,PEDESTRIAN CROSSING SIGN,UNABLE TO DETERMINE,DRIVING SKILLS/KNOWLEDGE/EXPERIENCE,0,0,0,0,20,4,1,811,MILWAUKEE AVE,41.995885,-87.722834,01/03/2018 08:51:00 PM,2018
CR00009164,03/18/2023 11:05:00 AM,40,CLEAR,DAYLIGHT,PARKED MOTOR VEHICLE,NOT DIVIDED,UNKNOWN,UNABLE TO DETERMINE,UNABLE TO DETERMINE,0,0,0,0,11,7,3,2180,STONY ISLAND AVE,41.711612,-87.748959,03/18/2023 12:24:00 PM,2023
CR00009165,10/04/2015 12:01:00 PM,45,FOG/SMOKE/HAZE,DARKNESS,PARKED MOTOR VEHICLE,DIVIDED - W/MEDIAN (NOT RAISED),PEDESTRIAN CROSSING SIGN,DRIVING SKILLS/KNOWLEDGE/EXPERIENCE,UNABLE TO DETERMINE,0,0,0,0,12,1,10,1006,ROOSEVELT RD,41.880983,-87.533862,10/04/2015 01:16:00 PM,2015
CR00009166,10/16/2016 10:22:00 AM,20,CLEAR,DARKNESS - LIGHTED ROAD,SIDESWIPE SAME DIRECTION,FOUR WAY,NO CONTROLS,UNABLE TO DETERMINE,IMPROPER OVERTAKING/PASSING,0,0,0,0,10,1,10,1994,KEDZIE AVE,41.884474,-87.666209,10/16/2016 10:41:00 AM,2016
CR00009167,11/06/2016 05:27:00 PM,30,CLEAR,DAYLIGHT,SIDESWIPE SAME DIRECTION,NOT DIVIDED,TRAFFIC SIGNAL,DISTRACTION - FROM INSIDE VEHICLE,DISREGARDING TRAFFIC SIGNALS,0,0,0,0,17,1,11,661,CALIFORNIA AVE,41.727445,-87.769626,11/06/2016 06:16:00 PM,2016
CR00009168,07/13/2017 06:23:00 AM,20,RAIN,DAYLIGHT,SIDESWIPE SAME DIRECTION,DIVIDED - W/MEDIAN (NOT RAISED),NO CONTROLS,FOLLOWING TOO CLOSELY,DISTRACTION - FROM INSIDE VEHICLE,0,0,0,0,6,5,7,1763,ARCHER AVE,41.864977,-87.705911,07/13/2017 07:53:00 AM,2017
CR00009169,05/23/2019 03:29:00 PM,30,CLEAR,DAYLIGHT,SIDESWIPE SAME DIRECTION,DIVIDED - W/MEDIAN (NOT RAISED),TRAFFIC SIGNAL,UNABLE TO DETERMINE,FOLLOWING TOO CLOSELY,0,0,0,0,15,5,5,2009,HALSTED ST,41.882631,-87.758899,05/23/2019 04:06:00 PM,2019
CR00009170,02/07/2015 04:41:00 PM,45,SNOW,DAYLIGHT,PARKED MOTOR VEHICLE,FOUR WAY,NO CONTROLS,FAILING TO REDUCE SPEED,NOT APPLICABLE,0,0,0,0,16,7,2,646,BROADWAY,41.781886,-87.651447,02/07/2015 04:42:00 PM,2015
CR00009171,03/12/2022 07:05:00 PM,25,CLEAR,DARKNESS - LIGHTED ROAD,REAR END,NOT DIVIDED,UNKNOWN,FOLLOWING TOO CLOSELY,IMPROPER LANE USAGE,0,0,1,1,19,7,3,237,MILWAUKEE AVE,41.718787,-87.691822,03/12/2022 08:23:00 PM,2022
CR00009172,02/16/2018 06:01:00 AM,25,CLEAR,DAYLIGHT,REAR END,ONE-WAY,NO CONTROLS,DISREGARDING TRAFFIC SIGNALS,DRIVING SKILLS/KNOWLEDGE/EXPERIENCE,0,0,0,0,6,6,2,1593,ELSTON AVE,41.870774,-87.668976,02/16/2018 07:59:00 AM,2018
CR00009173,07/04/2018 11:22:00 AM,30,RAIN,DAYLIGHT,TURNING,NOT DIVIDED,TRAFFIC SIGNAL,FAILING TO YIELD RIGHT-OF-WAY,FAILING TO YIELD RIGHT-OF-WAY,0,0,1,1,11,4,7,1105,79TH ST,41.847178,-87.682956,07/04/2018 12:43:00 PM,2018
CR00009174,03/14/2024 07:37:00 AM,45,CLEAR,DAYLIGHT,FIXED OBJECT,T-INTERSECTION,NO CONTROLS,UNABLE TO DETERMINE,DRIVING SKILLS/KNOWLEDGE/EXPERIENCE,0,0,0,0,7,5,3,1329,ARCHER AVE,41.833899,-87.679247,03/14/2024 08:26:00 AM,2024
CR00009175,05/20/2020 07:48:00 AM,15,CLEAR,DAYLIGHT,TURNING,NOT DIVIDED,STOP SIGN/FLASHER,UNABLE TO DETERMINE,NOT APPLICABLE,0,0,0,0,7,4,5,2325,BROADWAY,41.940301,-87.717755,05/20/2020 09:14:00 AM,2020
CR00009176,09/17/2024 09:39:00 PM,30,CLEAR,DARKNESS - LIGHTED ROAD,SIDESWIPE SAME DIRECTION,DIVIDED - W/MEDIAN (NOT RAISED),TRAFFIC SIGNAL,UNABLE TO DETERMINE,FOLLOWING TOO CLOSELY,0,0,0,0,21,3,9,794,PULASKI RD,41.972146,-87.550068,09/17/2024 11:06:00 PM,2024
CR00009177,01/04/2024 11:14:00 AM,40,CLEAR,DARKNESS - LIGHTED ROAD,PEDESTRIAN,ONE-WAY,UNKNOWN,UNABLE TO DETERMINE,FOLLOWING TOO CLOSELY,0,0,2,2,11,5,1,138,63RD ST,41.955926,-87.773709,01/04/2024 11:46:00 AM,2024
CR00009178,12/08/2018 06:52:00 PM,25,FREEZING RAIN/DRIZZLE,DARKNESS - LIGHTED ROAD,SIDESWIPE SAME DIRECTION,DIVIDED - W/MEDIAN BARRIER,STOP SIGN/FLASHER,FOLLOWING TOO CLOSELY,IMPROPER LANE USAGE,0,0,1,1,18,7,12,1855,ELSTON AVE,41.945051,-87.782764,12/08/2018 06:56:00 PM,2018
CR00009179,11/23/2018 11:45:00 AM,30,CLEAR,DAYLIGHT,PEDESTRIAN,NOT DIVIDED,UNKNOWN,FAILING TO YIELD RIGHT-OF-WAY,UNABLE TO DETERMINE,0,0,0,0,11,6,11,1113,79TH ST,41.738983,-87.504098,11/23/2018 01:21:00 PM,2018
CR00009180,07/22/2024 06:53:00 PM,45,CLOUDY/OVERCAST,DAYLIGHT,TURNING,NOT DIVIDED,STOP SIGN/FLASHER,FAILING TO YIELD RIGHT-OF-WAY,IMPROPER LANE USAGE,0,0,0,0,18,2,7,2184,LAKE SHORE DR,41.767101,-87.742135,07/22/2024 08:50:00 PM,2024
CR00009181,04/09/2017 09:20:00 AM,20,CLEAR,DAYLIGHT,REAR TO FRONT,NOT DIVIDED,NO CONTROLS,IMPROPER OVERTAKING/PASSING,NOT APPLICABLE,0,0,0,0,9,1,4,446,STATE ST,41.827365,-87.786218,04/09/2017 10:42:00 AM,2017
CR00009182,06/29/2022 11:23:00 PM,35,CLEAR,DARKNESS - LIGHTED ROAD,SIDESWIPE SAME DIRECTION,T-INTERSECTION,STOP SIGN/FLASHER,WEATHER,IMPROPER OVERTAKING/PASSING,0,0,0,0,23,4,6,1866,OGDEN AVE,41.987199,-87.697938,06/29/2022 11:43:00 PM,2022
CR00009183,08/22/2022 02:49:00 PM,35,RAIN,DAYLIGHT,ANGLE,FOUR WAY,NO CONTROLS,UNABLE TO DETERMINE,NOT APPLICABLE,0,0,0,0,14,2,8,1193,KEDZIE AVE,41.945021,-87.716569,08/22/2022 03:07:00 PM,2022
CR00009184,10/13/2017 08:51:00 PM,35,CLEAR,DARKNESS - LIGHTED ROAD,ANGLE,NOT DIVIDED,NO CONTROLS,UNABLE TO DETERMINE,UNABLE TO DETERMINE,0,0,0,0,20,6,10,2403,63RD ST,41.979068,-87.762429,10/13/2017 10:04:00 PM,2017
CR00009185,09/06/2015 08:04:00 AM,40,CLEAR,DAYLIGHT,SIDESWIPE SAME DIRECTION,DIVIDED - W/MEDIAN (NOT RAISED),NO CONTROLS,WEATHER,FAILING TO REDUCE SPEED,0,0,0,0,8,1,9,1734,FULLERTON AVE,41.889187,-87.515147,09/06/2015 09:03:00 AM,2015
CR00009186,11/21/2015 08:28:00 AM,35,CLEAR,DAYLIGHT,PARKED MOTOR VEHICLE,FOUR WAY,NO CONTROLS,FOLLOWING TOO CLOSELY,NOT APPLICABLE,0,0,0,0,8,7,11,1725,79TH ST,41.810721,-87.50773,11/21/2015 09:07:00 AM,2015
CR00009187,09/10/2019 12:55:00 AM,40,CLEAR,DAYLIGHT,SIDESWIPE SAME DIRECTION,FOUR WAY,TRAFFIC SIGNAL,UNABLE TO DETERMINE,UNABLE TO DETERMINE,0,0,0,0,0,3,9,986,ROOSEVELT RD,41.784996,-87.723114,09/10/2019 01:29:00 AM,2019
CR00009188,10/24/2023 08:43:00 PM,40,RAIN,DUSK,FIXED OBJECT,DIVIDED - W/MEDIAN (NOT RAISED),STOP SIGN/FLASHER,FAILING TO REDUCE SPEED,FAILING TO REDUCE SPEED,0,0,2,2,20,3,10,1509,KEDZIE AVE,41.908439,-87.653781,10/24/2023 09:34:00 PM,2023
CR00009189,12/06/2016 08:47:00 PM,30,CLEAR,DAYLIGHT,SIDESWIPE SAME DIRECTION,NOT DIVIDED,NO CONTROLS,WEATHER,FAILING TO YIELD RIGHT-OF-WAY,0,0,0,0,20,3,12,911,OGDEN AVE,41.963513,-87.665297,12/06/2016 08:58:00 PM,2016
CR00009190,11/16/2018 11:52:00 PM,20,CLEAR,DAYLIGHT,ANGLE,NOT DIVIDED,TRAFFIC SIGNAL,DISREGARDING TRAFFIC SIGNALS,NOT APPLICABLE,0,0,0,0,23,6,11,1362,DIVISION ST,41.879745,-87.517501,11/17/2018 01:30:00 AM,2018
CR00009191,07/23/2018 11:34:00 PM,15,CLEAR,DAWN,PARKED MOTOR VEHICLE,ONE-WAY,NO CONTROLS,DISTRACTION - FROM INSIDE VEHICLE,UNABLE TO DETERMINE,0,0,1,1,23,2,7,368,LAKE SHORE DR,41.730339,-87.727953,07/24/2018 12:13:00 AM,2018
CR00009192,08/28/2019 05:27:00 PM,25,CLEAR,DARKNESS - LIGHTED ROAD,ANGLE,ONE-WAY,STOP SIGN/FLASHER,UNABLE TO DETERMINE,NOT APPLICABLE,0,0,0,0,17,4,8,1542,CALIFORNIA AVE,41.782497,-87.739661,08/28/2019 06:08:00 PM,2019
CR00009193,10/22/2017 10:17:00 AM,15,CLEAR,DAYLIGHT,SIDESWIPE SAME DIRECTION,NOT DIVIDED,NO CONTROLS,DRIVING SKILLS/KNOWLEDGE/EXPERIENCE,DISREGARDING TRAFFIC SIGNALS,0,0,0,0,10,1,10,995,OGDEN AVE,41.972052,-87.543042,10/22/2017 10:24:00 AM,2017
CR00009194,06/20/2018 07:43:00 AM,15,CLEAR,DAYLIGHT,TURNING,NOT DIVIDED,NO CONTROLS,FAILING TO YIELD RIGHT-OF-WAY,NOT APPLICABLE,0,0,1,1,7,4,6,2532,STATE ST,41.790212,-87.575814,06/20/2018 08:40:00 AM,2018
CR00009195,01/29/2021 06:26:00 PM,45,CLEAR,DARKNESS - LIGHTED ROAD,REAR TO FRONT,NOT DIVIDED,TRAFFIC SIGNAL,FOLLOWING TOO CLOSELY,WEATHER,0,0,1,1,18,6,1,929,47TH ST,41.701147,-87.714869,01/29/2021 07:39:00 PM,2021
CR00009196,07/17/2023 11:17:00 PM,30,CLEAR,DAYLIGHT,ANGLE,DIVIDED - W/MEDIAN (NOT RAISED),NO CONTROLS,FOLLOWING TOO CLOSELY,NOT APPLICABLE,0,0,0,0,23,2,7,1635,STONY ISLAND AVE,41.933847,-87.516103,07/18/2023 12:41:00 AM,2023
CR00009197,07/31/2021 07:26:00 AM,30,RAIN,DUSK,ANGLE,ONE-WAY,STOP SIGN/FLASHER,FOLLOWING TOO CLOSELY,IMPROPER LANE USAGE,0,0,0,0,7,7,7,1872,ROOSEVELT RD,41.916157,-87.821154,07/31/2021 08:15:00 AM,2021
CR00009198,03/29/2022 08:44:00 AM,35,CLEAR,DAYLIGHT,REAR END,DIVIDED - W/MEDIAN (NOT RAISED),UNKNOWN,UNABLE TO DETERMINE,FAILING TO YIELD RIGHT-OF-WAY,0,0,0,0,8,3,3,2049,HALSTED ST,41.812588,-87.70313,03/29/2022 09:01:00 AM,2022
CR00009199,03/13/2021 09:13:00 AM,25,CLEAR,DAYLIGHT,SIDESWIPE SAME DIRECTION,NOT DIVIDED,TRAFFIC SIGNAL,FOLLOWING TOO CLOSELY,UNABLE TO DETERMINE,0,0,0,0,9,7,3,236,ELSTON AVE,41.946024,-87.733578,03/13/2021 09:26:00 AM,2021
CR00009200,12/14/2016 03:57:00 PM,30,CLEAR,DUSK,ANGLE,DIVIDED - W/MEDIAN (NOT RAISED),NO CONTROLS,DISTRACTION - FROM INSIDE VEHICLE,FOLLOWING TOO CLOSELY,0,0,0,0,15,4,12,117,47TH ST,41.958889,-87.654237,12/14/2016 05:47:00 PM,2016
CR00009201,02/26/2020 08:42:00 AM,30,CLEAR,DUSK,SIDESWIPE SAME DIRECTION,DIVIDED - W/MEDIAN (NOT RAISED),NO CONTROLS,FAILING TO YIELD RIGHT-OF-WAY,DRIVING SKILLS/KNOWLEDGE/EXPERIENCE,0,0,0,0,8,4,2,650,47TH ST,41.72962,-87.556259,02/26/2020 09:32:00 AM,2020
CR00009202,10/19/2023 02:27:00 PM,30,CLEAR,DAYLIGHT,PARKED MOTOR VEHICLE,ONE-WAY,TRAFFIC SIGNAL,IMPROPER OVERTAKING/PASSING,DRIVING SKILLS/KNOWLEDGE/EXPERIENCE,0,0,1,1,14,5,10,149,STONY ISLAND AVE,41.987145,-87.830354,10/19/2023 02:51:00 PM,2023
CR00009203,09/02/2022 03:56:00 PM,45,CLOUDY/OVERCAST,DAYLIGHT,REAR END,NOT DIVIDED,TRAFFIC SIGNAL,UNABLE TO DETERMINE,IMPROPER LANE USAGE,0,0,0,0,15,6,9,2337,47TH ST,41.728013,-87.536754,09/02/2022 05:07:00 PM,2022
CR00009204,09/21/2020 04:20:00 PM,40,CLEAR,DAYLIGHT,ANGLE,ONE-WAY,NO CONTROLS,DISTRACTION - FROM INSIDE VEHICLE,FAILING TO REDUCE SPEED,0,0,0,0,16,2,9,602,ROOSEVELT RD,41.902071,-87.562346,09/21/2020 05:17:00 PM,2020
CR00009205,04/27/2019 07:35:00 AM,35,FOG/SMOKE/HAZE,DAYLIGHT,REAR TO FRONT,NOT DIVIDED,NO CONTROLS,FOLLOWING TOO CLOSELY,NOT APPLICABLE,0,0,1,1,7,7,4,1449,OGDEN AVE,41.727372,-87.732713,04/27/2019 08:30:00 AM,2019
CR00009206,12/01/2022 08:32:00 PM,30,CLEAR,DAYLIGHT,TURNING,DIVIDED - W/MEDIAN (NOT RAISED),NO CONTROLS,WEATHER,UNABLE TO DETERMINE,0,0,0,0,20,5,12,2449,CICERO AVE,41.917403,-87.819959,12/01/2022 10:19:00 PM,2022
CR00009207,11/22/2024 01:24:00 PM,35,CLEAR,DAYLIGHT,TURNING,NOT DIVIDED,NO CONTROLS,FAILING TO YIELD RIGHT-OF-WAY,NOT APPLICABLE,0,1,0,1,13,6,11,1818,OGDEN AVE,41.774885,-87.700199,11/22/2024 01:32:00 PM,2024
CR00009208,05/01/2016 12:13:00 AM,45,CLOUDY/OVERCAST,DAYLIGHT,ANGLE,DIVIDED - W/MEDIAN (NOT RAISED),TRAFFIC SIGNAL,FAILING TO YIELD RIGHT-OF-WAY,IMPROPER OVERTAKING/PASSING,0,0,0,0,0,1,5,349,PULASKI RD,41.920924,-87.525656,05/01/2016 12:46:00 AM,2016
CR00009209,02/11/2018 07:10:00 AM,40,CLEAR,DAWN,REAR END,NOT DIVIDED,NO CONTROLS,IMPROPER LANE USAGE,UNABLE TO DETERMINE,0,0,0,0,7,1,2,388,LAKE SHORE DR,41.860768,-87.716145,02/11/2018 08:54:00 AM,2018
CR00009210,12/27/2022 04:12:00 PM,40,CLEAR,DAYLIGHT,TURNING,NOT DIVIDED,NO CONTROLS,IMPROPER LANE USAGE,FAILING TO YIELD RIGHT-OF-WAY,0,1,2,3,16,3,12,1451,47TH ST,41.867592,-87.817241,12/27/2022 04:37:00 PM,2022
CR00009211,10/13/2024 03:13:00 PM,35,CLEAR,DAYLIGHT,SIDESWIPE SAME DIRECTION,ONE-WAY,NO CONTROLS,DRIVING SKILLS/KNOWLEDGE/EXPERIENCE,FAILING TO REDUCE SPEED,0,0,0,0,15,1,10,2247,CALIFORNIA AVE,41.756275,-87.823523,10/13/2024 03:59:00 PM,2024
CR00009212,07/16/2023 05:24:00 PM,25,CLOUDY/OVERCAST,DAYLIGHT,ANGLE,DIVIDED - W/MEDIAN (NOT RAISED),TRAFFIC SIGNAL,DRIVING SKILLS/KNOWLEDGE/EXPERIENCE,DRIVING SKILLS/KNOWLEDGE/EXPERIENCE,0,0,0,0,17,1,7,720,DIVISION ST,41.775279,-87.502832,07/16/2023 07:06:00 PM,2023
CR00009213,10/07/2020 06:15:00 PM,30,CLEAR,DAYLIGHT,PEDESTRIAN,NOT DIVIDED,PEDESTRIAN CROSSING SIGN,DRIVING SKILLS/KNOWLEDGE/EXPERIENCE,FOLLOWING TOO CLOSELY,0,0,0,0,18,4,10,1911,DAMEN AVE,41.788026,-87.748649,10/07/2020 07:26:00 PM,2020
CR00009214,04/18/2020 02:40:00 PM,40,CLEAR,DARKNESS - LIGHTED ROAD,TURNING,ONE-WAY,TRAFFIC SIGNAL,DISTRACTION - FROM INSIDE VEHICLE,DISTRACTION - FROM INSIDE VEHICLE,0,0,0,0,14,7,4,280,STATE ST,41.788772,-87.57416,04/18/2020 03:00:00 PM,2020
CR00009215,06/16/2020 10:29:00 AM,30,CLEAR,DAYLIGHT,TURNING,NOT DIVIDED,NO CONTROLS,UNABLE TO DETERMINE,IMPROPER LANE USAGE,0,0,0,0,10,3,6,1518,KEDZIE AVE,41.901004,-87.741597,06/16/2020 11:39:00 AM,2020
CR00009216,08/30/2018 03:42:00 PM,40,CLEAR,DAYLIGHT,REAR END,DIVIDED - W/MEDIAN (NOT RAISED),TRAFFIC SIGNAL,WEATHER,DRIVING SKILLS/KNOWLEDGE/EXPERIENCE,0,0,0,0,15,5,8,1314,CLARK ST,41.771699,-87.632254,08/30/2018 04:35:00 PM,2018
CR00009217,07/07/2023 09:08:00 AM,30,CLEAR,DAYLIGHT,SIDESWIPE SAME DIRECTION,DIVIDED - W/MEDIAN (NOT RAISED),NO CONTROLS,FOLLOWING TOO CLOSELY,NOT APPLICABLE,0,0,0,0,9,6,7,2441,DIVISION ST,41.90835,-87.550706,07/07/2023 09:34:00 AM,2023
CR00009218,04/09/2022 06:54:00 PM,20,CLEAR,DAYLIGHT,ANGLE,FOUR WAY,TRAFFIC SIGNAL,FAILING TO YIELD RIGHT-OF-WAY,UNABLE TO DETERMINE,0,0,0,0,18,7,4,1274,DAMEN AVE,41.704323,-87.72996,04/09/2022 07:44:00 PM,2022
CR00009219,06/25/2019 06:40:00 AM,25,FREEZING RAIN/DRIZZLE,DAYLIGHT,SIDESWIPE SAME DIRECTION,DIVIDED - W/MEDIAN (NOT RAISED),TRAFFIC SIGNAL,UNABLE TO DETERMINE,DRIVING SKILLS/KNOWLEDGE/EXPERIENCE,0,0,0,0,6,3,6,1022,LAKE SHORE DR,41.9435,-87.833921,06/25/2019 08:35:00 AM,2019
CR00009220,10/06/2017 03:00:00 PM,25,CLEAR,DAYLIGHT,SIDESWIPE SAME DIRECTION,DIVIDED - W/MEDIAN BARRIER,UNKNOWN,FOLLOWING TOO CLOSELY,IMPROPER LANE USAGE,0,0,0,0,15,6,10,2069,63RD ST,41.775236,-87.739049,10/06/2017 04:37:00 PM,2017
CR00009221,01/27/2023 03:24:00 AM,30,RAIN,DARKNESS - LIGHTED ROAD,ANGLE,DIVIDED - W/MEDIAN BARRIER,STOP SIGN/FLASHER,UNABLE TO DETERMINE,DRIVING SKILLS/KNOWLEDGE/EXPERIENCE,0,0,0,0,3,6,1,627,63RD ST,41.983998,-87.708819,01/27/2023 04:46:00 AM,2023
CR00009222,10/29/2021 12:59:00 AM,35,CLEAR,DAYLIGHT,SIDESWIPE SAME DIRECTION,T-INTERSECTION,NO CONTROLS,FAILING TO YIELD RIGHT-OF-WAY,FOLLOWING TOO CLOSELY,0,0,0,0,0,6,10,319,MICHIGAN AVE,41.810665,-87.788298,10/29/2021 01:11:00 AM,2021