CRASH_RECORD_ID,CRASH_DATE,POSTED_SPEED_LIMIT,WEATHER_CONDITION,LIGHTING_CONDITION,FIRST_CRASH_TYPE,TRAFFICWAY_TYPE,TRAFFIC_CONTROL_DEVICE,PRIM_CONTRIBUTORY_CAUSE,SEC_CONTRIBUTORY_CAUSE,INJURIES_FATAL,INJURIES_INCAPACITATING,INJURIES_NON_INCAPACITATING,INJURIES_TOTAL,CRASH_HOUR,CRASH_DAY_OF_WEEK,CRASH_MONTH,BEAT_OF_OCCURRENCE,STREET_NAME,LATITUDE,LONGITUDE,DATE_POLICE_NOTIFIED,year
CR00009223,01/23/2019 12:54:00 AM,45,CLEAR,DARKNESS - LIGHTED ROAD,TURNING,NOT DIVIDED,TRAFFIC SIGNAL,FAILING TO REDUCE SPEED,FAILING TO YIELD RIGHT-OF-WAY,0,0,0,0,0,4,1,1802,MILWAUKEE AVE,41.87044,-87.531092,01/23/2019 01:44:00 AM,2019
CR00009224,12/06/2018 03:47:00 PM,35,CLEAR,DARKNESS - LIGHTED ROAD,REAR TO FRONT,NOT DIVIDED,STOP SIGN/FLASHER,UNABLE TO DETERMINE,DRIVING SKILLS/KNOWLEDGE/EXPERIENCE,0,0,0,0,15,5,12,1009,ROOSEVELT RD,41.836562,-87.681302,12/06/2018 04:20:00 PM,2018
CR00009225,05/07/2015 09:21:00 AM,30,CLEAR,DAYLIGHT,REAR END,DIVIDED - W/MEDIAN BARRIER,STOP SIGN/FLASHER,UNABLE TO DETERMINE,UNABLE TO DETERMINE,0,0,0,0,9,5,5,2521,STONY ISLAND AVE,41.961297,-87.501057,05/07/2015 10:06:00 AM,2015
CR00009226,01/14/2021 12:50:00 PM,20,CLEAR,DAYLIGHT,TURNING,NOT DIVIDED,STOP SIGN/FLASHER,FAILING TO YIELD RIGHT-OF-WAY,FOLLOWING TOO CLOSELY,0,0,0,0,12,5,1,521,ELSTON AVE,41.741724,-87.653963,01/14/2021 01:07:00 PM,2021
CR00009227,12/26/2020 04:39:00 PM,30,CLEAR,DAYLIGHT,TURNING,FOUR WAY,NO CONTROLS,DRIVING SKILLS/KNOWLEDGE/EXPERIENCE,FAILING TO REDUCE SPEED,1,0,1,2,16,7,12,1394,ARCHER AVE,41.728009,-87.846659,12/26/2020 06:09:00 PM,2020
CR00009228,11/23/2018 07:00:00 PM,45,CLEAR,DAYLIGHT,FIXED OBJECT,ONE-WAY,STOP SIGN/FLASHER,UNABLE TO DETERMINE,UNABLE TO DETERMINE,0,0,0,0,19,6,11,1115,CICERO AVE,41.882901,-87.84099,11/23/2018 07:48:00 PM,2018
CR00009229,07/13/2015 11:40:00 PM,35,CLEAR,DUSK,TURNING,FOUR WAY,NO CONTROLS,UNABLE TO DETERMINE,FOLLOWING TOO CLOSELY,0,0,0,0,23,2,7,1028,IRVING PARK RD,41.769381,-87.538787,07/14/2015 12:58:00 AM,2015
CR00009230,04/08/2023 10:04:00 AM,30,CLEAR,DAYLIGHT,SIDESWIPE SAME DIRECTION,FOUR WAY,NO CONTROLS,DISREGARDING TRAFFIC SIGNALS,NOT APPLICABLE,0,0,0,0,10,7,4,697,MICHIGAN AVE,41.970835,-87.679335,04/08/2023 11:30:00 AM,2023
CR00009231,08/06/2023 06:50:00 PM,35,CLEAR,DAYLIGHT,PEDESTRIAN,FOUR WAY,TRAFFIC SIGNAL,UNABLE TO DETERMINE,FAILING TO YIELD RIGHT-OF-WAY,0,0,0,0,18,1,8,378,DIVISION ST,41.730119,-87.657419,08/06/2023 07:46:00 PM,2023
CR00009232,07/16/2016 08:17:00 AM,45,RAIN,DAYLIGHT,SIDESWIPE SAME DIRECTION,NOT DIVIDED,TRAFFIC SIGNAL,UNABLE TO DETERMINE,DRIVING SKILLS/KNOWLEDGE/EXPERIENCE,0,0,3,3,8,7,7,1620,KEDZIE AVE,41.80395,-87.642409,07/16/2016 10:12:00 AM,2016
CR00009233,04/21/2016 12:38:00 PM,45,CLOUDY/OVERCAST,DAYLIGHT,SIDESWIPE SAME DIRECTION,NOT DIVIDED,STOP SIGN/FLASHER,UNABLE TO DETERMINE,NOT APPLICABLE,0,0,0,0,12,5,4,1719,OGDEN AVE,41.93598,-87.518788,04/21/2016 01:19:00 PM,2016
CR00009234,07/24/2015 03:15:00 PM,45,CLEAR,DAYLIGHT,REAR END,NOT DIVIDED,TRAFFIC SIGNAL,UNABLE TO DETERMINE,DRIVING SKILLS/KNOWLEDGE/EXPERIENCE,0,0,0,0,15,6,7,1543,HALSTED ST,41.794034,-87.619327,07/24/2015 04:49:00 PM,2015
CR00009235,02/04/2015 08:32:00 AM,35,RAIN,DAYLIGHT,REAR END,NOT DIVIDED,TRAFFIC SIGNAL,DRIVING SKILLS/KNOWLEDGE/EXPERIENCE,DISREGARDING TRAFFIC SIGNALS,0,0,0,0,8,4,2,150,79TH ST,41.728443,-87.776689,02/04/2015 09:15:00 AM,2015
CR00009236,04/24/2021 02:54:00 PM,35,CLOUDY/OVERCAST,DARKNESS - LIGHTED ROAD,TURNING,DIVIDED - W/MEDIAN (NOT RAISED),UNKNOWN,IMPROPER OVERTAKING/PASSING,NOT APPLICABLE,0,0,0,0,14,7,4,2105,HALSTED ST,41.770296,-87.614969,04/24/2021 04:32:00 PM,2021
CR00009237,09/11/2017 12:06:00 PM,30,CLEAR,DAYLIGHT,SIDESWIPE SAME DIRECTION,ONE-WAY,STOP SIGN/FLASHER,FAILING TO YIELD RIGHT-OF-WAY,UNABLE TO DETERMINE,0,0,0,0,12,2,9,470,IRVING PARK RD,41.800679,-87.554998,09/11/2017 01:47:00 PM,2017
CR00009238,05/12/2020 08:47:00 PM,35,CLEAR,DARKNESS,REAR END,NOT DIVIDED,STOP SIGN/FLASHER,UNABLE TO DETERMINE,UNABLE TO DETERMINE,0,0,3,3,20,3,5,1925,ROOSEVELT RD,41.771423,-87.839927,05/12/2020 10:31:00 PM,2020
CR00009239,06/20/2018 03:18:00 PM,45,CLEAR,DARKNESS - LIGHTED ROAD,SIDESWIPE SAME DIRECTION,FOUR WAY,YIELD,DISTRACTION - FROM INSIDE VEHICLE,DISREGARDING TRAFFIC SIGNALS,0,0,0,0,15,4,6,199,MILWAUKEE AVE,41.961003,-87.533969,06/20/2018 05:03:00 PM,2018
CR00009240,01/31/2016 08:40:00 AM,30,CLEAR,DAYLIGHT,REAR TO FRONT,T-INTERSECTION,STOP SIGN/FLASHER,FOLLOWING TOO CLOSELY,NOT APPLICABLE,0,0,0,0,8,1,1,1384,MILWAUKEE AVE,41.767125,-87.738152,01/31/2016 09:01:00 AM,2016
CR00009241,01/27/2015 09:12:00 AM,30,CLEAR,DAYLIGHT,TURNING,NOT DIVIDED,NO CONTROLS,UNABLE TO DETERMINE,UNABLE TO DETERMINE,0,0,0,0,9,3,1,1299,ASHLAND AVE,41.810096,-87.668687,01/27/2015 09:51:00 AM,2015
CR00009242,02/01/2021 08:47:00 PM,35,CLEAR,DARKNESS - LIGHTED ROAD,REAR TO FRONT,FOUR WAY,NO CONTROLS,UNABLE TO DETERMINE,UNABLE TO DETERMINE,0,0,0,0,20,2,2,607,DIVISION ST,41.918692,-87.677654,02/01/2021 09:28:00 PM,2021
CR00009243,07/03/2021 03:15:00 PM,35,CLEAR,DAYLIGHT,REAR END,DIVIDED - W/MEDIAN BARRIER,UNKNOWN,FOLLOWING TOO CLOSELY,FAILING TO REDUCE SPEED,0,0,0,0,15,7,7,581,ROOSEVELT RD,41.915664,-87.588896,07/03/2021 04:15:00 PM,2021
CR00009244,09/27/2017 06:20:00 PM,30,CLEAR,DAWN,PARKED MOTOR VEHICLE,DIVIDED - W/MEDIAN BARRIER,TRAFFIC SIGNAL,IMPROPER LANE USAGE,FOLLOWING TOO CLOSELY,0,0,0,0,18,4,9,2106,ARCHER AVE,41.934632,-87.785637,09/27/2017 08:03:00 PM,2017
CR00009245,04/17/2023 08:13:00 PM,30,CLEAR,DARKNESS - LIGHTED ROAD,PARKED MOTOR VEHICLE,NOT DIVIDED,TRAFFIC SIGNAL,FAILING TO REDUCE SPEED,NOT APPLICABLE,0,0,0,0,20,2,4,2069,PULASKI RD,41.850524,-87.52249,04/17/2023 08:20:00 PM,2023
CR00009246,02/28/2016 12:36:00 AM,40,CLEAR,DAYLIGHT,ANGLE,ONE-WAY,TRAFFIC SIGNAL,FAILING TO YIELD RIGHT-OF-WAY,NOT APPLICABLE,0,0,3,3,0,1,2,355,STATE ST,41.772256,-87.528725,02/28/2016 12:50:00 AM,2016
CR00009247,02/21/2017 05:07:00 PM,25,CLEAR,DARKNESS - LIGHTED ROAD,PARKED MOTOR VEHICLE,DIVIDED - W/MEDIAN (NOT RAISED),NO CONTROLS,UNABLE TO DETERMINE,NOT APPLICABLE,0,0,0,0,17,3,2,797,HALSTED ST,41.854293,-87.75854,02/21/2017 06:11:00 PM,2017
CR00009248,06/01/2015 05:46:00 PM,25,CLEAR,DAYLIGHT,TURNING,FOUR WAY,UNKNOWN,FAILING TO YIELD RIGHT-OF-WAY,UNABLE TO DETERMINE,0,0,0,0,17,2,6,2272,CLARK ST,41.758891,-87.769452,06/01/2015 06:43:00 PM,2015
CR00009249,10/03/2016 02:35:00 PM,30,CLEAR,DAYLIGHT,TURNING,FOUR WAY,TRAFFIC SIGNAL,UNABLE TO DETERMINE,FOLLOWING TOO CLOSELY,0,0,0,0,14,2,10,1774,CICERO AVE,41.792795,-87.685059,10/03/2016 04:29:00 PM,2016
CR00009250,09/03/2023 02:00:00 PM,30,CLOUDY/OVERCAST,DAYLIGHT,REAR END,DIVIDED - W/MEDIAN BARRIER,UNKNOWN,FAILING TO YIELD RIGHT-OF-WAY,DRIVING SKILLS/KNOWLEDGE/EXPERIENCE,0,0,0,0,14,1,9,2064,DIVISION ST,41.941255,-87.744821,09/03/2023 03:48:00 PM,2023
CR00009251,04/03/2016 07:57:00 PM,40,CLEAR,DAYLIGHT,REAR END,NOT DIVIDED,STOP SIGN/FLASHER,FOLLOWING TOO CLOSELY,IMPROPER LANE USAGE,0,0,1,1,19,1,4,2060,BROADWAY,41.781912,-87.50509,04/03/2016 08:43:00 PM,2016
CR00009252,07/15/2020 05:08:00 PM,15,CLEAR,DARKNESS,SIDESWIPE SAME DIRECTION,DIVIDED - W/MEDIAN (NOT RAISED),NO CONTROLS,UNABLE TO DETERMINE,NOT APPLICABLE,0,0,2,2,17,4,7,1883,ROOSEVELT RD,41.960067,-87.632116,07/15/2020 06:10:00 PM,2020
CR00009253,07/18/2016 02:51:00 PM,15,CLEAR,DAYLIGHT,REAR END,NOT DIVIDED,STOP SIGN/FLASHER,FOLLOWING TOO CLOSELY,NOT APPLICABLE,0,0,0,0,14,2,7,1629,IRVING PARK RD,41.731394,-87.58528,07/18/2016 04:01:00 PM,2016
CR00009254,11/17/2016 04:30:00 PM,15,RAIN,DAYLIGHT,FIXED OBJECT,DIVIDED - W/MEDIAN (NOT RAISED),TRAFFIC SIGNAL,DRIVING SKILLS/KNOWLEDGE/EXPERIENCE,FOLLOWING TOO CLOSELY,0,0,0,0,16,5,11,1906,BROADWAY,41.790318,-87.720904,11/17/2016 05:57:00 PM,2016
CR00009255,05/17/2017 12:35:00 AM,40,CLEAR,DAYLIGHT,REAR END,NOT DIVIDED,NO CONTROLS,FOLLOWING TOO CLOSELY,NOT APPLICABLE,0,0,1,1,0,4,5,1347,FULLERTON AVE,41.999533,-87.685606,05/17/2017 01:52:00 AM,2017
CR00009256,05/31/2018 12:44:00 PM,30,CLEAR,DARKNESS - LIGHTED ROAD,PARKED MOTOR VEHICLE,DIVIDED - W/MEDIAN (NOT RAISED),STOP SIGN/FLASHER,IMPROPER OVERTAKING/PASSING,UNABLE TO DETERMINE,0,0,1,1,12,5,5,768,PULASKI RD,41.811926,-87.584159,05/31/2018 02:03:00 PM,2018
CR00009257,06/11/2017 07:28:00 PM,30,SNOW,DAYLIGHT,PARKED MOTOR VEHICLE,DIVIDED - W/MEDIAN (NOT RAISED),NO CONTROLS,FOLLOWING TOO CLOSELY,IMPROPER OVERTAKING/PASSING,0,0,0,0,19,1,6,876,LAKE SHORE DR,41.820636,-87.516288,06/11/2017 07:33:00 PM,2017
CR00009258,05/04/2022 02:17:00 PM,40,SNOW,DAYLIGHT,TURNING,DIVIDED - W/MEDIAN (NOT RAISED),TRAFFIC SIGNAL,IMPROPER LANE USAGE,DRIVING SKILLS/KNOWLEDGE/EXPERIENCE,0,0,0,0,14,4,5,2363,ASHLAND AVE,41.806151,-87.705607,05/04/2022 03:54:00 PM,2022
CR00009259,04/30/2024 04:35:00 PM,30,CLEAR,DAYLIGHT,FIXED OBJECT,NOT DIVIDED,NO CONTROLS,UNABLE TO DETERMINE,NOT APPLICABLE,0,0,0,0,16,3,4,1925,BROADWAY,41.863119,-87.737097,04/30/2024 05:21:00 PM,2024
CR00009260,05/24/2022 05:23:00 PM,35,SNOW,DARKNESS - LIGHTED ROAD,REAR END,NOT DIVIDED,STOP SIGN/FLASHER,DISTRACTION - FROM INSIDE VEHICLE,IMPROPER LANE USAGE,0,0,0,0,17,3,5,573,HALSTED ST,41.763695,-87.809417,05/24/2022 06:46:00 PM,2022
CR00009261,07/07/2015 04:35:00 PM,30,SNOW,DAYLIGHT,REAR END,DIVIDED - W/MEDIAN (NOT RAISED),NO CONTROLS,FAILING TO YIELD RIGHT-OF-WAY,NOT APPLICABLE,0,0,1,1,16,3,7,1726,OGDEN AVE,41.855995,-87.558841,07/07/2015 04:58:00 PM,2015
CR00009262,10/07/2015 05:45:00 PM,40,FREEZING RAIN/DRIZZLE,DARKNESS,SIDESWIPE SAME DIRECTION,NOT DIVIDED,TRAFFIC SIGNAL,FAILING TO YIELD RIGHT-OF-WAY,DRIVING SKILLS/KNOWLEDGE/EXPERIENCE,0,0,0,0,17,4,10,2263,DAMEN AVE,41.754443,-87.744437,10/07/2015 07:45:00 PM,2015
CR00009263,02/26/2021 01:13:00 PM,20,CLEAR,DAYLIGHT,REAR END,NOT DIVIDED,NO CONTROLS,UNABLE TO DETERMINE,WEATHER,0,0,0,0,13,6,2,917,63RD ST,41.767839,-87.630463,02/26/2021 01:34:00 PM,2021
CR00009264,01/22/2022 11:42:00 PM,40,CLEAR,DAWN,TURNING,NOT DIVIDED,PEDESTRIAN CROSSING SIGN,DRIVING SKILLS/KNOWLEDGE/EXPERIENCE,NOT APPLICABLE,0,0,0,0,23,7,1,2230,CICERO AVE,41.996664,-87.744393,01/23/2022 01:31:00 AM,2022
CR00009265,04/04/2019 08:03:00 AM,45,RAIN,DAYLIGHT,TURNING,T-INTERSECTION,TRAFFIC SIGNAL,DISREGARDING TRAFFIC SIGNALS,FAILING TO YIELD RIGHT-OF-WAY,0,0,0,0,8,5,4,1201,CICERO AVE,41.743704,-87.688386,04/04/2019 08:32:00 AM,2019
CR00009266,06/29/2016 06:04:00 PM,35,CLOUDY/OVERCAST,DAYLIGHT,FIXED OBJECT,NOT DIVIDED,NO CONTROLS,IMPROPER OVERTAKING/PASSING,NOT APPLICABLE,0,0,0,0,18,4,6,1072,FULLERTON AVE,41.829333,-87.81309,06/29/2016 07:10:00 PM,2016
CR00009267,10/25/2015 03:18:00 PM,45,CLEAR,DARKNESS - LIGHTED ROAD,ANGLE,NOT DIVIDED,TRAFFIC SIGNAL,DISTRACTION - FROM INSIDE VEHICLE,IMPROPER LANE USAGE,0,0,0,0,15,1,10,1465,ROOSEVELT RD,41.945633,-87.697617,10/25/2015 04:32:00 PM,2015
CR00009268,12/27/2017 09:38:00 AM,30,CLEAR,DAYLIGHT,SIDESWIPE SAME DIRECTION,DIVIDED - W/MEDIAN BARRIER,TRAFFIC SIGNAL,DISTRACTION - FROM INSIDE VEHICLE,DRIVING SKILLS/KNOWLEDGE/EXPERIENCE,0,0,0,0,9,4,12,795,63RD ST,41.851091,-87.625761,12/27/2017 09:42:00 AM,2017
CR00009269,06/08/2019 03:16:00 PM,15,CLEAR,DUSK,REAR END,DIVIDED - W/MEDIAN BARRIER,NO CONTROLS,UNABLE TO DETERMINE,NOT APPLICABLE,0,0,1,1,15,7,6,2032,79TH ST,41.918992,-87.504719,06/08/2019 03:59:00 PM,2019
CR00009270,08/30/2021 07:34:00 AM,25,CLEAR,DAYLIGHT,PEDESTRIAN,NOT DIVIDED,TRAFFIC SIGNAL,IMPROPER OVERTAKING/PASSING,DRIVING SKILLS/KNOWLEDGE/EXPERIENCE,0,0,0,0,7,2,8,1196,STONY ISLAND AVE,41.724503,-87.726387,08/30/2021 08:37:00 AM,2021
CR00009271,04/24/2018 04:29:00 PM,20,CLEAR,DARKNESS - LIGHTED ROAD,SIDESWIPE SAME DIRECTION,ONE-WAY,TRAFFIC SIGNAL,UNABLE TO DETERMINE,FOLLOWING TOO CLOSELY,0,0,2,2,16,3,4,824,KEDZIE AVE,41.917004,-87.567984,04/24/2018 05:33:00 PM,2018
CR00009272,01/19/2021 08:00:00 PM,30,CLEAR,DAYLIGHT,REAR TO FRONT,ONE-WAY,NO CONTROLS,UNABLE TO DETERMINE,IMPROPER LANE USAGE,0,0,0,0,20,3,1,2171,ASHLAND AVE,41.759904,-87.714254,01/19/2021 08:54:00 PM,2021
CR00009273,09/16/2017 02:21:00 PM,30,CLEAR,DARKNESS - LIGHTED ROAD,PEDESTRIAN,ONE-WAY,TRAFFIC SIGNAL,IMPROPER LANE USAGE,IMPROPER LANE USAGE,0,0,0,0,14,7,9,1568,MILWAUKEE AVE,41.943173,-87.747918,09/16/2017 03:29:00 PM,2017
CR00009274,09/09/2016 07:45:00 AM,15,RAIN,DARKNESS - LIGHTED ROAD,PARKED MOTOR VEHICLE,DIVIDED - W/MEDIAN (NOT RAISED),NO CONTROLS,FOLLOWING TOO CLOSELY,FAILING TO YIELD RIGHT-OF-WAY,0,0,0,0,7,6,9,2187,FULLERTON AVE,41.726868,-87.54785,09/09/2016 08:54:00 AM,2016
CR00009275,11/14/2020 10:48:00 AM,35,RAIN,DAYLIGHT,ANGLE,DIVIDED - W/MEDIAN BARRIER,NO CONTROLS,DISTRACTION - FROM INSIDE VEHICLE,UNABLE TO DETERMINE,0,0,0,0,10,7,11,281,ASHLAND AVE,41.942029,-87.749446,11/14/2020 11:12:00 AM,2020
CR00009276,02/12/2017 02:03:00 PM,30,CLEAR,DAYLIGHT,REAR END,NOT DIVIDED,TRAFFIC SIGNAL,FOLLOWING TOO CLOSELY,IMPROPER OVERTAKING/PASSING,0,0,0,0,14,1,2,717,PULASKI RD,41.991022,-87.68242,02/12/2017 03:13:00 PM,2017
CR00009277,03/17/2018 03:10:00 PM,45,CLEAR,DARKNESS,PEDESTRIAN,NOT DIVIDED,UNKNOWN,UNABLE TO DETERMINE,NOT APPLICABLE,0,0,0,0,15,7,3,2069,CALIFORNIA AVE,41.890422,-87.51067,03/17/2018 04:30:00 PM,2018
CR00009278,07/05/2021 06:36:00 AM,30,CLEAR,DAYLIGHT,REAR END,NOT DIVIDED,NO CONTROLS,DRIVING SKILLS/KNOWLEDGE/EXPERIENCE,FAILING TO REDUCE SPEED,0,1,2,3,6,2,7,2153,CALIFORNIA AVE,41.717821,-87.670667,07/05/2021 07:35:00 AM,2021
CR00009279,04/30/2015 12:48:00 PM,20,CLEAR,DAYLIGHT,SIDESWIPE SAME DIRECTION,FOUR WAY,TRAFFIC SIGNAL,WEATHER,FAILING TO YIELD RIGHT-OF-WAY,0,0,0,0,12,5,4,634,MICHIGAN AVE,41.846051,-87.62104,04/30/2015 02:03:00 PM,2015
CR00009280,08/22/2021 07:20:00 PM,30,SNOW,DUSK,ANGLE,FOUR WAY,NO CONTROLS,UNABLE TO DETERMINE,FOLLOWING TOO CLOSELY,0,0,0,0,19,1,8,545,79TH ST,41.897133,-87.745492,08/22/2021 08:38:00 PM,2021
CR00009281,04/18/2019 04:19:00 PM,40,FOG/SMOKE/HAZE,DARKNESS - LIGHTED ROAD,ANGLE,ONE-WAY,NO CONTROLS,FOLLOWING TOO CLOSELY,UNABLE TO DETERMINE,0,0,2,2,16,5,4,2387,63RD ST,41.89159,-87.712974,04/18/2019 04:40:00 PM,2019
CR00009282,08/15/2024 01:09:00 PM,35,CLEAR,DAYLIGHT,REAR END,NOT DIVIDED,TRAFFIC SIGNAL,FOLLOWING TOO CLOSELY,NOT APPLICABLE,0,0,2,2,13,5,8,649,MICHIGAN AVE,41.726128,-87.697353,08/15/2024 02:38:00 PM,2024
CR00009283,06/10/2017 08:24:00 AM,35,CLOUDY/OVERCAST,DARKNESS - LIGHTED ROAD,REAR END,FOUR WAY,STOP SIGN/FLASHER,UNABLE TO DETERMINE,NOT APPLICABLE,0,1,3,4,8,7,6,2091,CALIFORNIA AVE,41.845312,-87.729957,06/10/2017 08:54:00 AM,2017
CR00009284,04/09/2017 12:52:00 AM,25,CLEAR,DAYLIGHT,ANGLE,DIVIDED - W/MEDIAN (NOT RAISED),TRAFFIC SIGNAL,UNABLE TO DETERMINE,NOT APPLICABLE,0,2,3,5,0,1,4,1403,STATE ST,41.904594,-87.531172,04/09/2017 02:25:00 AM,2017
CR00009285,12/30/2023 01:25:00 PM,30,CLOUDY/OVERCAST,DARKNESS - LIGHTED ROAD,PARKED MOTOR VEHICLE,T-INTERSECTION,NO CONTROLS,FOLLOWING TOO CLOSELY,FAILING TO REDUCE SPEED,0,0,0,0,13,7,12,1603,CALIFORNIA AVE,41.776428,-87.741246,12/30/2023 01:42:00 PM,2023
CR00009286,01/25/2018 04:16:00 PM,35,CLEAR,DAYLIGHT,SIDESWIPE SAME DIRECTION,DIVIDED - W/MEDIAN BARRIER,STOP SIGN/FLASHER,DRIVING SKILLS/KNOWLEDGE/EXPERIENCE,UNABLE TO DETERMINE,0,0,0,0,16,5,1,1588,CICERO AVE,41.702075,-87.615591,01/25/2018 06:14:00 PM,2018
CR00009287,11/08/2022 06:39:00 PM,30,CLEAR,DARKNESS - LIGHTED ROAD,REAR END,NOT DIVIDED,TRAFFIC SIGNAL,FOLLOWING TOO CLOSELY,IMPROPER OVERTAKING/PASSING,0,0,0,0,18,3,11,230,PULASKI RD,41.711087,-87.517915,11/08/2022 07:35:00 PM,2022
CR00009288,06/27/2022 10:51:00 AM,45,CLEAR,DARKNESS - LIGHTED ROAD,ANGLE,FOUR WAY,STOP SIGN/FLASHER,IMPROPER OVERTAKING/PASSING,DISREGARDING TRAFFIC SIGNALS,0,0,1,1,10,2,6,2440,KEDZIE AVE,41.891413,-87.767875,06/27/2022 11:15:00 AM,2022
CR00009289,07/25/2021 07:11:00 AM,30,CLEAR,DAYLIGHT,SIDESWIPE SAME DIRECTION,DIVIDED - W/MEDIAN (NOT RAISED),TRAFFIC SIGNAL,UNABLE TO DETERMINE,DISTRACTION - FROM INSIDE VEHICLE,0,0,0,0,7,1,7,1975,ELSTON AVE,41.896623,-87.646066,07/25/2021 07:43:00 AM,2021
CR00009290,07/28/2020 04:27:00 PM,30,CLEAR,DAYLIGHT,REAR END,ONE-WAY,NO CONTROLS,IMPROPER LANE USAGE,FAILING TO YIELD RIGHT-OF-WAY,0,0,1,1,16,3,7,1438,ARCHER AVE,41.934354,-87.813737,07/28/2020 04:44:00 PM,2020
CR00009291,09/20/2015 07:06:00 AM,15,SNOW,DAWN,TURNING,DIVIDED - W/MEDIAN (NOT RAISED),NO CONTROLS,IMPROPER OVERTAKING/PASSING,UNABLE TO DETERMINE,0,0,0,0,7,1,9,1915,ARCHER AVE,41.819001,-87.549236,09/20/2015 08:22:00 AM,2015
CR00009292,02/28/2018 12:43:00 PM,15,RAIN,DAYLIGHT,ANGLE,NOT DIVIDED,NO CONTROLS,DISREGARDING TRAFFIC SIGNALS,UNABLE TO DETERMINE,0,0,0,0,12,4,2,283,ROOSEVELT RD,41.848016,-87.694988,02/28/2018 01:47:00 PM,2018
CR00009293,02/15/2020 06:52:00 AM,30,CLEAR,DARKNESS - LIGHTED ROAD,PARKED MOTOR VEHICLE,ONE-WAY,NO CONTROLS,FAILING TO REDUCE SPEED,IMPROPER OVERTAKING/PASSING,0,0,0,0,6,7,2,2064,ELSTON AVE,41.742769,-87.76688,02/15/2020 08:48:00 AM,2020
CR00009294,11/19/2022 08:27:00 AM,35,CLEAR,DAYLIGHT,PARKED MOTOR VEHICLE,T-INTERSECTION,TRAFFIC SIGNAL,FAILING TO REDUCE SPEED,NOT APPLICABLE,0,0,0,0,8,7,11,748,WESTERN AVE,41.754046,-87.517067,11/19/2022 09:11:00 AM,2022
CR00009295,10/15/2023 04:02:00 AM,45,RAIN,DAYLIGHT,REAR TO FRONT,DIVIDED - W/MEDIAN BARRIER,TRAFFIC SIGNAL,FAILING TO REDUCE SPEED,NOT APPLICABLE,0,0,0,0,4,1,10,1633,WESTERN AVE,41.931728,-87.715798,10/15/2023 05:01:00 AM,2023
CR00009296,10/08/2018 08:59:00 PM,15,CLEAR,DAYLIGHT,ANGLE,ONE-WAY,TRAFFIC SIGNAL,UNABLE TO DETERMINE,UNABLE TO DETERMINE,0,0,1,1,20,2,10,1204,PULASKI RD,41.819373,-87.674228,10/08/2018 09:11:00 PM,2018
CR00009297,09/09/2015 10:31:00 AM,30,CLEAR,DARKNESS - LIGHTED ROAD,ANGLE,NOT DIVIDED,NO CONTROLS,UNABLE TO DETERMINE,IMPROPER LANE USAGE,0,0,1,1,10,4,9,2002,OGDEN AVE,41.709095,-87.693116,09/09/2015 10:50:00 AM,2015
CR00009298,07/24/2021 01:57:00 PM,25,CLEAR,DAYLIGHT,REAR END,DIVIDED - W/MEDIAN (NOT RAISED),STOP SIGN/FLASHER,DISTRACTION - FROM INSIDE VEHICLE,IMPROPER OVERTAKING/PASSING,0,0,0,0,13,7,7,894,CALIFORNIA AVE,41.911054,-87.683777,07/24/2021 03:56:00 PM,2021
CR00009299,02/21/2024 04:44:00 PM,40,CLEAR,DARKNESS - LIGHTED ROAD,PARKED MOTOR VEHICLE,ONE-WAY,NO CONTROLS,IMPROPER OVERTAKING/PASSING,UNABLE TO DETERMINE,0,0,3,3,16,4,2,1136,DAMEN AVE,41.711176,-87.647485,02/21/2024 05:00:00 PM,2024
CR00009300,10/14/2018 05:14:00 PM,30,CLEAR,DARKNESS - LIGHTED ROAD,REAR END,DIVIDED - W/MEDIAN (NOT RAISED),NO CONTROLS,FAILING TO YIELD RIGHT-OF-WAY,IMPROPER OVERTAKING/PASSING,0,0,0,0,17,1,10,1430,MILWAUKEE AVE,41.978708,-87.705569,10/14/2018 06:15:00 PM,2018
CR00009301,06/04/2017 03:56:00 PM,30,RAIN,DAYLIGHT,PARKED MOTOR VEHICLE,NOT DIVIDED,TRAFFIC SIGNAL,FAILING TO REDUCE SPEED,FAILING TO YIELD RIGHT-OF-WAY,0,0,0,0,15,1,6,1317,WESTERN AVE,41.790942,-87.688757,06/04/2017 05:07:00 PM,2017
CR00009302,08/26/2015 10:51:00 PM,45,FOG/SMOKE/HAZE,DARKNESS - LIGHTED ROAD,REAR END,NOT DIVIDED,UNKNOWN,DISTRACTION - FROM INSIDE VEHICLE,UNABLE TO DETERMINE,0,0,0,0,22,4,8,2479,47TH ST,41.847242,-87.805728,08/26/2015 11:50:00 PM,2015
CR00009303,04/01/2020 08:24:00 PM,30,CLEAR,DAYLIGHT,REAR END,NOT DIVIDED,TRAFFIC SIGNAL,FOLLOWING TOO CLOSELY,UNABLE TO DETERMINE,0,0,0,0,20,4,4,1499,CALIFORNIA AVE,41.923116,-87.744464,04/01/2020 09:19:00 PM,2020
CR00009304,11/04/2022 04:27:00 PM,40,CLOUDY/OVERCAST,DAYLIGHT,SIDESWIPE SAME DIRECTION,NOT DIVIDED,TRAFFIC SIGNAL,IMPROPER OVERTAKING/PASSING,NOT APPLICABLE,0,0,0,0,16,6,11,2136,47TH ST,41.920697,-87.526846,11/04/2022 05:27:00 PM,2022