CRASH_RECORD_ID,CRASH_DATE,POSTED_SPEED_LIMIT,WEATHER_CONDITION,LIGHTING_CONDITION,FIRST_CRASH_TYPE,TRAFFICWAY_TYPE,TRAFFIC_CONTROL_DEVICE,PRIM_CONTRIBUTORY_CAUSE,SEC_CONTRIBUTORY_CAUSE,INJURIES_FATAL,INJURIES_INCAPACITATING,INJURIES_NON_INCAPACITATING,INJURIES_TOTAL,CRASH_HOUR,CRASH_DAY_OF_WEEK,CRASH_MONTH,BEAT_OF_OCCURRENCE,STREET_NAME,LATITUDE,LONGITUDE,DATE_POLICE_NOTIFIED,year
CR00009305,02/06/2019 02:26:00 PM,35,CLEAR,DAYLIGHT,TURNING,NOT DIVIDED,STOP SIGN/FLASHER,DISREGARDING TRAFFIC SIGNALS,FAILING TO YIELD RIGHT-OF-WAY,0,0,0,0,14,4,2,1198,ROOSEVELT RD,41.939145,-87.562913,02/06/2019 03:21:00 PM,2019
CR00009306,05/22/2019 01:13:00 PM,40,CLEAR,DAYLIGHT,REAR END,ONE-WAY,TRAFFIC SIGNAL,FAILING TO REDUCE SPEED,UNABLE TO DETERMINE,0,0,0,0,13,4,5,2167,ASHLAND AVE,41.905697,-87.533178,05/22/2019 02:45:00 PM,2019
CR00009307,08/14/2020 03:14:00 PM,30,CLEAR,DARKNESS - LIGHTED ROAD,PARKED MOTOR VEHICLE,T-INTERSECTION,NO CONTROLS,FOLLOWING TOO CLOSELY,UNABLE TO DETERMINE,0,0,0,0,15,6,8,2046,DAMEN AVE,41.736468,-87.669601,08/14/2020 03:19:00 PM,2020
CR00009308,10/28/2019 07:24:00 AM,25,CLEAR,DARKNESS - LIGHTED ROAD,TURNING,DIVIDED - W/MEDIAN (NOT RAISED),NO CONTROLS,FAILING TO REDUCE SPEED,FOLLOWING TOO CLOSELY,0,0,0,0,7,2,10,2231,ELSTON AVE,41.856206,-87.698932,10/28/2019 08:56:00 AM,2019
CR00009309,07/24/2018 04:26:00 PM,20,CLEAR,DAYLIGHT,REAR END,NOT DIVIDED,NO CONTROLS,FOLLOWING TOO CLOSELY,FAILING TO YIELD RIGHT-OF-WAY,0,0,0,0,16,3,7,1187,CLARK ST,41.814668,-87.799018,07/24/2018 06:01:00 PM,2018
CR00009310,11/29/2018 09:22:00 AM,40,SNOW,DAYLIGHT,TURNING,ONE-WAY,NO CONTROLS,DISTRACTION - FROM INSIDE VEHICLE,UNABLE TO DETERMINE,0,0,0,0,9,5,11,1942,HALSTED ST,41.793525,-87.595281,11/29/2018 10:59:00 AM,2018
CR00009311,10/25/2016 04:35:00 PM,30,CLEAR,DAYLIGHT,SIDESWIPE SAME DIRECTION,T-INTERSECTION,NO CONTROLS,FOLLOWING TOO CLOSELY,IMPROPER OVERTAKING/PASSING,0,0,0,0,16,3,10,1852,KEDZIE AVE,41.820879,-87.761633,10/25/2016 05:07:00 PM,2016
CR00009312,01/10/2023 10:05:00 AM,40,CLEAR,DAWN,REAR TO FRONT,ONE-WAY,NO CONTROLS,FAILING TO YIELD RIGHT-OF-WAY,FOLLOWING TOO CLOSELY,0,0,0,0,10,3,1,616,WESTERN AVE,41.965634,-87.66082,01/10/2023 10:59:00 AM,2023
CR00009313,09/02/2022 02:09:00 PM,40,SNOW,DARKNESS - LIGHTED ROAD,FIXED OBJECT,NOT DIVIDED,NO CONTROLS,UNABLE TO DETERMINE,DISTRACTION - FROM INSIDE VEHICLE,0,0,0,0,14,6,9,1162,MICHIGAN AVE,41.882717,-87.810689,09/02/2022 03:51:00 PM,2022
CR00009314,06/14/2022 08:10:00 AM,40,CLOUDY/OVERCAST,DUSK,PARKED MOTOR VEHICLE,DIVIDED - W/MEDIAN (NOT RAISED),TRAFFIC SIGNAL,IMPROPER LANE USAGE,FOLLOWING TOO CLOSELY,0,0,0,0,8,3,6,1994,CICERO AVE,41.847889,-87.730252,06/14/2022 08:24:00 AM,2022
CR00009315,03/05/2022 06:22:00 PM,30,CLEAR,DAYLIGHT,REAR END,ONE-WAY,NO CONTROLS,FAILING TO REDUCE SPEED,NOT APPLICABLE,0,0,0,0,18,7,3,2198,CICERO AVE,41.953117,-87.651793,03/05/2022 07:54:00 PM,2022
CR00009316,06/15/2022 04:48:00 AM,25,CLEAR,DAYLIGHT,REAR END,T-INTERSECTION,STOP SIGN/FLASHER,FOLLOWING TOO CLOSELY,IMPROPER OVERTAKING/PASSING,0,0,0,0,4,4,6,638,ARCHER AVE,41.745539,-87.809094,06/15/2022 05:15:00 AM,2022
CR00009317,06/30/2019 05:49:00 PM,30,CLEAR,DAYLIGHT,ANGLE,NOT DIVIDED,NO CONTROLS,WEATHER,IMPROPER LANE USAGE,0,0,3,3,17,1,6,1108,79TH ST,41.847644,-87.818731,06/30/2019 06:56:00 PM,2019
CR00009318,10/24/2022 08:00:00 PM,20,CLEAR,DAYLIGHT,TURNING,DIVIDED - W/MEDIAN (NOT RAISED),NO CONTROLS,FAILING TO YIELD RIGHT-OF-WAY,IMPROPER OVERTAKING/PASSING,0,0,0,0,20,2,10,1491,ELSTON AVE,41.765197,-87.617939,10/24/2022 09:30:00 PM,2022
CR00009319,07/13/2024 07:49:00 AM,40,CLEAR,DAYLIGHT,TURNING,DIVIDED - W/MEDIAN (NOT RAISED),UNKNOWN,FAILING TO YIELD RIGHT-OF-WAY,UNABLE TO DETERMINE,0,0,0,0,7,7,7,1255,PULASKI RD,41.965062,-87.634129,07/13/2024 09:35:00 AM,2024
CR00009320,11/08/2023 07:48:00 PM,45,SNOW,DAYLIGHT,FIXED OBJECT,NOT DIVIDED,NO CONTROLS,FAILING TO YIELD RIGHT-OF-WAY,FAILING TO REDUCE SPEED,0,0,1,1,19,4,11,304,STATE ST,41.9602,-87.788456,11/08/2023 09:42:00 PM,2023
CR00009321,08/03/2022 10:48:00 PM,15,CLEAR,DAYLIGHT,REAR END,ONE-WAY,STOP SIGN/FLASHER,UNABLE TO DETERMINE,NOT APPLICABLE,0,0,0,0,22,4,8,448,63RD ST,41.915558,-87.543443,08/03/2022 11:25:00 PM,2022
CR00009322,11/24/2015 08:47:00 AM,20,SNOW,DAYLIGHT,PARKED MOTOR VEHICLE,NOT DIVIDED,STOP SIGN/FLASHER,FOLLOWING TOO CLOSELY,NOT APPLICABLE,0,0,0,0,8,3,11,834,63RD ST,41.969441,-87.596644,11/24/2015 10:41:00 AM,2015
CR00009323,04/28/2016 02:49:00 PM,15,SNOW,DAYLIGHT,REAR TO FRONT,NOT DIVIDED,STOP SIGN/FLASHER,FAILING TO REDUCE SPEED,UNABLE TO DETERMINE,0,0,0,0,14,5,4,1836,IRVING PARK RD,41.872185,-87.627644,04/28/2016 03:06:00 PM,2016
CR00009324,01/30/2021 10:04:00 AM,30,CLEAR,DAWN,REAR END,DIVIDED - W/MEDIAN BARRIER,TRAFFIC SIGNAL,FAILING TO YIELD RIGHT-OF-WAY,UNABLE TO DETERMINE,0,0,0,0,10,7,1,591,79TH ST,41.711815,-87.699293,01/30/2021 11:57:00 AM,2021
CR00009325,12/12/2020 11:36:00 PM,15,RAIN,DAYLIGHT,TURNING,DIVIDED - W/MEDIAN BARRIER,YIELD,FAILING TO REDUCE SPEED,FAILING TO YIELD RIGHT-OF-WAY,0,0,0,0,23,7,12,1324,STATE ST,41.882694,-87.796183,12/12/2020 11:50:00 PM,2020
CR00009326,06/20/2015 08:50:00 PM,45,CLEAR,DAYLIGHT,REAR END,NOT DIVIDED,UNKNOWN,FOLLOWING TOO CLOSELY,UNABLE TO DETERMINE,0,0,1,1,20,7,6,1199,WESTERN AVE,41.812758,-87.605133,06/20/2015 09:40:00 PM,2015
CR00009327,08/12/2020 12:16:00 AM,30,CLOUDY/OVERCAST,DAYLIGHT,SIDESWIPE SAME DIRECTION,NOT DIVIDED,NO CONTROLS,DISTRACTION - FROM INSIDE VEHICLE,NOT APPLICABLE,0,0,0,0,0,4,8,492,79TH ST,41.832384,-87.54306,08/12/2020 12:52:00 AM,2020
CR00009328,11/17/2017 06:12:00 PM,30,CLEAR,DAYLIGHT,ANGLE,NOT DIVIDED,NO CONTROLS,FOLLOWING TOO CLOSELY,DISREGARDING TRAFFIC SIGNALS,0,0,0,0,18,6,11,366,ARCHER AVE,41.764281,-87.844499,11/17/2017 07:14:00 PM,2017
CR00009329,03/20/2017 01:42:00 AM,30,CLEAR,DAYLIGHT,SIDESWIPE SAME DIRECTION,NOT DIVIDED,TRAFFIC SIGNAL,IMPROPER OVERTAKING/PASSING,IMPROPER LANE USAGE,0,0,0,0,1,2,3,456,WESTERN AVE,41.971241,-87.557737,03/20/2017 02:52:00 AM,2017
CR00009330,12/14/2023 08:33:00 AM,30,CLEAR,DAYLIGHT,REAR END,NOT DIVIDED,STOP SIGN/FLASHER,UNABLE TO DETERMINE,NOT APPLICABLE,0,0,0,0,8,5,12,882,WESTERN AVE,41.910376,-87.788598,12/14/2023 10:10:00 AM,2023
CR00009331,06/25/2024 07:22:00 PM,30,RAIN,DAYLIGHT,SIDESWIPE SAME DIRECTION,DIVIDED - W/MEDIAN (NOT RAISED),STOP SIGN/FLASHER,DISTRACTION - FROM INSIDE VEHICLE,FAILING TO REDUCE SPEED,0,0,0,0,19,3,6,306,ASHLAND AVE,41.961817,-87.691685,06/25/2024 07:40:00 PM,2024
CR00009332,11/16/2023 12:56:00 PM,45,CLEAR,DAWN,REAR END,DIVIDED - W/MEDIAN (NOT RAISED),TRAFFIC SIGNAL,FOLLOWING TOO CLOSELY,UNABLE TO DETERMINE,0,0,1,1,12,5,11,1940,CALIFORNIA AVE,41.734395,-87.525326,11/16/2023 01:51:00 PM,2023
CR00009333,04/05/2019 04:21:00 AM,15,CLEAR,DARKNESS - LIGHTED ROAD,REAR END,NOT DIVIDED,NO CONTROLS,FAILING TO REDUCE SPEED,WEATHER,0,0,0,0,4,6,4,470,CALIFORNIA AVE,41.879974,-87.776326,04/05/2019 06:10:00 AM,2019
CR00009334,02/22/2019 08:07:00 PM,15,CLEAR,DAYLIGHT,REAR END,FOUR WAY,STOP SIGN/FLASHER,UNABLE TO DETERMINE,IMPROPER OVERTAKING/PASSING,0,0,0,0,20,6,2,1870,WESTERN AVE,41.843299,-87.78745,02/22/2019 09:52:00 PM,2019
CR00009335,09/15/2023 04:41:00 PM,30,CLOUDY/OVERCAST,DAYLIGHT,PARKED MOTOR VEHICLE,NOT DIVIDED,NO CONTROLS,DISREGARDING TRAFFIC SIGNALS,UNABLE TO DETERMINE,0,0,0,0,16,6,9,1596,WESTERN AVE,41.779564,-87.846146,09/15/2023 05:36:00 PM,2023
CR00009336,12/21/2024 06:19:00 PM,35,CLEAR,DAYLIGHT,SIDESWIPE SAME DIRECTION,NOT DIVIDED,NO CONTROLS,IMPROPER LANE USAGE,FAILING TO YIELD RIGHT-OF-WAY,0,0,0,0,18,7,12,756,ARCHER AVE,41.929791,-87.584871,12/21/2024 08:15:00 PM,2024
CR00009337,12/07/2020 03:42:00 AM,25,CLEAR,DARKNESS - LIGHTED ROAD,ANGLE,ONE-WAY,NO CONTROLS,UNABLE TO DETERMINE,NOT APPLICABLE,0,0,0,0,3,2,12,770,FULLERTON AVE,41.95726,-87.677001,12/07/2020 04:47:00 AM,2020
CR00009338,12/19/2018 04:52:00 PM,45,CLEAR,DAYLIGHT,SIDESWIPE SAME DIRECTION,ONE-WAY,TRAFFIC SIGNAL,FAILING TO REDUCE SPEED,FAILING TO YIELD RIGHT-OF-WAY,0,0,3,3,16,4,12,1494,HALSTED ST,41.801949,-87.529503,12/19/2018 06:39:00 PM,2018
CR00009339,01/31/2015 08:18:00 AM,20,SNOW,DARKNESS,ANGLE,FOUR WAY,NO CONTROLS,UNABLE TO DETERMINE,UNABLE TO DETERMINE,0,0,0,0,8,7,1,1066,WESTERN AVE,41.918647,-87.595512,01/31/2015 08:59:00 AM,2015
CR00009340,04/25/2016 06:34:00 PM,40,CLEAR,DARKNESS - LIGHTED ROAD,REAR END,FOUR WAY,STOP SIGN/FLASHER,FOLLOWING TOO CLOSELY,FAILING TO YIELD RIGHT-OF-WAY,0,0,0,0,18,2,4,1790,STATE ST,41.709401,-87.690088,04/25/2016 06:47:00 PM,2016
CR00009341,05/04/2019 06:27:00 PM,30,CLEAR,DUSK,REAR END,NOT DIVIDED,NO CONTROLS,FOLLOWING TOO CLOSELY,DRIVING SKILLS/KNOWLEDGE/EXPERIENCE,0,0,0,0,18,7,5,567,STATE ST,41.883073,-87.612338,05/04/2019 08:04:00 PM,2019
CR00009342,05/21/2016 05:11:00 PM,25,CLOUDY/OVERCAST,DARKNESS - LIGHTED ROAD,TURNING,DIVIDED - W/MEDIAN BARRIER,TRAFFIC SIGNAL,FAILING TO REDUCE SPEED,UNABLE TO DETERMINE,0,0,0,0,17,7,5,2160,MICHIGAN AVE,41.703529,-87.770483,05/21/2016 06:18:00 PM,2016
CR00009343,08/20/2024 04:05:00 PM,35,CLEAR,DARKNESS - LIGHTED ROAD,REAR END,DIVIDED - W/MEDIAN (NOT RAISED),NO CONTROLS,IMPROPER LANE USAGE,IMPROPER OVERTAKING/PASSING,0,0,0,0,16,3,8,564,IRVING PARK RD,41.884998,-87.793416,08/20/2024 05:08:00 PM,2024
CR00009344,12/15/2019 07:44:00 AM,20,CLOUDY/OVERCAST,DARKNESS - LIGHTED ROAD,REAR END,NOT DIVIDED,NO CONTROLS,IMPROPER OVERTAKING/PASSING,DISTRACTION - FROM INSIDE VEHICLE,0,0,0,0,7,1,12,2080,WESTERN AVE,41.908548,-87.703844,12/15/2019 08:28:00 AM,2019
CR00009345,12/03/2024 02:27:00 PM,45,SNOW,DAYLIGHT,REAR END,NOT DIVIDED,TRAFFIC SIGNAL,FAILING TO REDUCE SPEED,FAILING TO YIELD RIGHT-OF-WAY,0,0,0,0,14,3,12,994,ARCHER AVE,41.749468,-87.668435,12/03/2024 02:58:00 PM,2024
CR00009346,11/13/2018 07:20:00 AM,30,CLEAR,DARKNESS - LIGHTED ROAD,PEDESTRIAN,NOT DIVIDED,TRAFFIC SIGNAL,FAILING TO REDUCE SPEED,DISTRACTION - FROM INSIDE VEHICLE,0,0,0,0,7,3,11,1214,WESTERN AVE,41.80317,-87.560541,11/13/2018 08:37:00 AM,2018
CR00009347,02/21/2021 10:49:00 PM,30,CLEAR,DARKNESS - LIGHTED ROAD,SIDESWIPE SAME DIRECTION,NOT DIVIDED,NO CONTROLS,UNABLE TO DETERMINE,UNABLE TO DETERMINE,0,0,1,1,22,1,2,2491,ASHLAND AVE,41.806972,-87.518341,02/21/2021 11:28:00 PM,2021
CR00009348,09/02/2018 07:31:00 PM,15,CLEAR,DAYLIGHT,ANGLE,NOT DIVIDED,TRAFFIC SIGNAL,FAILING TO YIELD RIGHT-OF-WAY,FOLLOWING TOO CLOSELY,0,0,0,0,19,1,9,681,MILWAUKEE AVE,41.971465,-87.545481,09/02/2018 07:36:00 PM,2018
CR00009349,05/31/2015 07:33:00 PM,20,CLEAR,DAYLIGHT,ANGLE,ONE-WAY,NO CONTROLS,IMPROPER LANE USAGE,UNABLE TO DETERMINE,0,0,0,0,19,1,5,2027,CALIFORNIA AVE,41.796857,-87.621609,05/31/2015 08:58:00 PM,2015
CR00009350,06/08/2019 03:11:00 AM,30,SNOW,DAWN,ANGLE,NOT DIVIDED,STOP SIGN/FLASHER,UNABLE TO DETERMINE,DISTRACTION - FROM INSIDE VEHICLE,0,0,0,0,3,7,6,2151,BROADWAY,41.707243,-87.531735,06/08/2019 04:59:00 AM,2019
CR00009351,07/15/2016 08:14:00 AM,35,CLEAR,DAYLIGHT,FIXED OBJECT,ONE-WAY,TRAFFIC SIGNAL,FOLLOWING TOO CLOSELY,IMPROPER LANE USAGE,0,0,0,0,8,6,7,1711,IRVING PARK RD,41.913333,-87.74688,07/15/2016 09:56:00 AM,2016
CR00009352,08/28/2022 08:43:00 PM,30,CLEAR,DAYLIGHT,REAR END,ONE-WAY,NO CONTROLS,DRIVING SKILLS/KNOWLEDGE/EXPERIENCE,FAILING TO YIELD RIGHT-OF-WAY,0,0,0,0,20,1,8,951,IRVING PARK RD,41.806404,-87.761516,08/28/2022 10:23:00 PM,2022
CR00009353,11/22/2024 04:11:00 AM,30,CLEAR,DARKNESS - LIGHTED ROAD,PARKED MOTOR VEHICLE,NOT DIVIDED,NO CONTROLS,DISREGARDING TRAFFIC SIGNALS,NOT APPLICABLE,0,0,0,0,4,6,11,870,OGDEN AVE,41.854638,-87.842318,11/22/2024 04:37:00 AM,2024
CR00009354,09/02/2022 07:38:00 PM,20,CLEAR,DAYLIGHT,REAR TO FRONT,FOUR WAY,PEDESTRIAN CROSSING SIGN,FOLLOWING TOO CLOSELY,IMPROPER LANE USAGE,0,0,0,0,19,6,9,2237,ASHLAND AVE,41.723744,-87.57351,09/02/2022 09:04:00 PM,2022
CR00009355,07/24/2015 06:25:00 PM,40,CLOUDY/OVERCAST,DAYLIGHT,ANGLE,DIVIDED - W/MEDIAN (NOT RAISED),NO CONTROLS,DRIVING SKILLS/KNOWLEDGE/EXPERIENCE,IMPROPER LANE USAGE,0,0,0,0,18,6,7,575,IRVING PARK RD,41.990804,-87.792497,07/24/2015 06:52:00 PM,2015
CR00009356,06/09/2016 02:04:00 PM,35,CLEAR,DAYLIGHT,REAR TO FRONT,FOUR WAY,NO CONTROLS,DRIVING SKILLS/KNOWLEDGE/EXPERIENCE,UNABLE TO DETERMINE,0,0,1,1,14,5,6,2026,WESTERN AVE,41.775363,-87.559347,06/09/2016 03:43:00 PM,2016
CR00009357,06/29/2019 02:52:00 PM,15,CLEAR,DAYLIGHT,PARKED MOTOR VEHICLE,ONE-WAY,NO CONTROLS,FAILING TO YIELD RIGHT-OF-WAY,WEATHER,0,0,3,3,14,7,6,2206,PULASKI RD,41.724279,-87.654138,06/29/2019 02:53:00 PM,2019
CR00009358,12/25/2016 04:37:00 PM,30,CLEAR,DAYLIGHT,REAR END,DIVIDED - W/MEDIAN BARRIER,STOP SIGN/FLASHER,DISREGARDING TRAFFIC SIGNALS,DRIVING SKILLS/KNOWLEDGE/EXPERIENCE,0,0,0,0,16,1,12,567,ELSTON AVE,41.982359,-87.806069,12/25/2016 06:09:00 PM,2016
CR00009359,09/11/2022 08:28:00 AM,30,CLEAR,DAYLIGHT,TURNING,ONE-WAY,YIELD,FOLLOWING TOO CLOSELY,FOLLOWING TOO CLOSELY,0,0,0,0,8,1,9,1367,DAMEN AVE,41.975499,-87.516766,09/11/2022 09:56:00 AM,2022
CR00009360,01/24/2023 06:04:00 AM,35,CLEAR,DAYLIGHT,ANGLE,DIVIDED - W/MEDIAN (NOT RAISED),STOP SIGN/FLASHER,UNABLE TO DETERMINE,NOT APPLICABLE,0,0,2,2,6,3,1,2526,ROOSEVELT RD,41.972256,-87.650685,01/24/2023 06:55:00 AM,2023
CR00009361,03/15/2016 07:33:00 AM,35,CLEAR,DAYLIGHT,REAR END,NOT DIVIDED,TRAFFIC SIGNAL,FOLLOWING TOO CLOSELY,NOT APPLICABLE,0,0,0,0,7,3,3,1775,CLARK ST,41.989976,-87.815369,03/15/2016 09:15:00 AM,2016
CR00009362,12/02/2021 05:57:00 PM,15,CLEAR,DARKNESS - LIGHTED ROAD,TURNING,NOT DIVIDED,YIELD,DRIVING SKILLS/KNOWLEDGE/EXPERIENCE,FOLLOWING TOO CLOSELY,0,0,0,0,17,5,12,2308,47TH ST,41.873329,-87.847644,12/02/2021 06:40:00 PM,2021
CR00009363,05/05/2015 08:44:00 AM,45,CLEAR,DAYLIGHT,ANGLE,NOT DIVIDED,NO CONTROLS,FAILING TO REDUCE SPEED,UNABLE TO DETERMINE,0,0,0,0,8,3,5,219,HALSTED ST,41.724363,-87.802061,05/05/2015 09:31:00 AM,2015
CR00009364,11/03/2017 08:13:00 AM,45,CLOUDY/OVERCAST,DAYLIGHT,ANGLE,NOT DIVIDED,STOP SIGN/FLASHER,DRIVING SKILLS/KNOWLEDGE/EXPERIENCE,NOT APPLICABLE,0,0,0,0,8,6,11,2057,47TH ST,41.720892,-87.633188,11/03/2017 09:27:00 AM,2017
CR00009365,02/29/2016 12:59:00 AM,30,CLEAR,DAYLIGHT,ANGLE,NOT DIVIDED,NO CONTROLS,DRIVING SKILLS/KNOWLEDGE/EXPERIENCE,DRIVING SKILLS/KNOWLEDGE/EXPERIENCE,0,0,2,2,0,2,2,596,DIVISION ST,41.992568,-87.830158,02/29/2016 01:51:00 AM,2016
CR00009366,12/01/2015 07:27:00 AM,30,CLEAR,DAYLIGHT,SIDESWIPE SAME DIRECTION,DIVIDED - W/MEDIAN (NOT RAISED),NO CONTROLS,UNABLE TO DETERMINE,NOT APPLICABLE,0,0,0,0,7,3,12,1329,STATE ST,41.753894,-87.805757,12/01/2015 09:11:00 AM,2015
CR00009367,05/04/2018 07:39:00 AM,30,CLEAR,DAYLIGHT,TURNING,NOT DIVIDED,NO CONTROLS,FOLLOWING TOO CLOSELY,UNABLE TO DETERMINE,0,0,0,0,7,6,5,2404,ROOSEVELT RD,41.851211,-87.572121,05/04/2018 08:30:00 AM,2018
CR00009368,05/13/2015 01:38:00 PM,40,CLEAR,DAYLIGHT,REAR END,NOT DIVIDED,STOP SIGN/FLASHER,DRIVING SKILLS/KNOWLEDGE/EXPERIENCE,FOLLOWING TOO CLOSELY,0,0,0,0,13,4,5,1918,ASHLAND AVE,41.817495,-87.74425,05/13/2015 03:26:00 PM,2015
CR00009369,04/05/2015 03:03:00 PM,35,SNOW,DAYLIGHT,REAR TO FRONT,DIVIDED - W/MEDIAN BARRIER,NO CONTROLS,UNABLE TO DETERMINE,IMPROPER OVERTAKING/PASSING,0,0,1,1,15,1,4,1498,IRVING PARK RD,41.917615,-87.774275,04/05/2015 04:37:00 PM,2015
CR00009370,06/29/2017 06:53:00 AM,35,CLEAR,DAYLIGHT,ANGLE,ONE-WAY,NO CONTROLS,UNABLE TO DETERMINE,IMPROPER OVERTAKING/PASSING,0,0,0,0,6,5,6,207,79TH ST,41.839364,-87.827791,06/29/2017 07:21:00 AM,2017
CR00009371,03/31/2019 11:20:00 AM,30,CLEAR,DARKNESS - LIGHTED ROAD,REAR TO FRONT,NOT DIVIDED,TRAFFIC SIGNAL,FOLLOWING TOO CLOSELY,DISTRACTION - FROM INSIDE VEHICLE,0,0,0,0,11,1,3,2497,MILWAUKEE AVE,41.715045,-87.65725,03/31/2019 12:49:00 PM,2019
CR00009372,06/29/2023 07:26:00 AM,35,CLEAR,DAYLIGHT,ANGLE,DIVIDED - W/MEDIAN BARRIER,NO CONTROLS,UNABLE TO DETERMINE,NOT APPLICABLE,0,0,0,0,7,5,6,1224,DIVISION ST,41.956593,-87.597741,06/29/2023 07:38:00 AM,2023
CR00009373,06/09/2022 05:09:00 PM,20,CLEAR,DAYLIGHT,PARKED MOTOR VEHICLE,NOT DIVIDED,TRAFFIC SIGNAL,FAILING TO YIELD RIGHT-OF-WAY,UNABLE TO DETERMINE,0,0,0,0,17,5,6,251,CICERO AVE,41.787399,-87.694454,06/09/2022 05:27:00 PM,2022
CR00009374,02/29/2020 04:07:00 PM,30,CLEAR,DAYLIGHT,ANGLE,FOUR WAY,TRAFFIC SIGNAL,FAILING TO YIELD RIGHT-OF-WAY,UNABLE TO DETERMINE,0,0,3,3,16,7,2,1977,STATE ST,41.913473,-87.774767,02/29/2020 04:39:00 PM,2020
CR00009375,11/09/2020 07:05:00 AM,30,FOG/SMOKE/HAZE,DAYLIGHT,TURNING,ONE-WAY,TRAFFIC SIGNAL,UNABLE TO DETERMINE,UNABLE TO DETERMINE,0,0,0,0,7,2,11,1844,BROADWAY,41.944085,-87.768783,11/09/2020 07:43:00 AM,2020
CR00009376,03/20/2016 06:49:00 PM,20,CLEAR,DAYLIGHT,ANGLE,DIVIDED - W/MEDIAN (NOT RAISED),UNKNOWN,IMPROPER OVERTAKING/PASSING,FOLLOWING TOO CLOSELY,0,0,0,0,18,1,3,580,63RD ST,41.81578,-87.531395,03/20/2016 08:37:00 PM,2016
CR00009377,12/29/2019 05:37:00 PM,45,CLEAR,DAYLIGHT,REAR END,FOUR WAY,TRAFFIC SIGNAL,FAILING TO YIELD RIGHT-OF-WAY,FOLLOWING TOO CLOSELY,0,0,0,0,17,1,12,1946,DAMEN AVE,41.75897,-87.578093,12/29/2019 07:11:00 PM,2019
CR00009378,04/19/2021 11:40:00 AM,30,CLEAR,DAYLIGHT,TURNING,DIVIDED - W/MEDIAN (NOT RAISED),NO CONTROLS,UNABLE TO DETERMINE,DISREGARDING TRAFFIC SIGNALS,0,0,0,0,11,2,4,847,KEDZIE AVE,41.730843,-87.564572,04/19/2021 12:18:00 PM,2021
CR00009379,05/27/2016 01:34:00 PM,25,CLEAR,DAYLIGHT,TURNING,NOT DIVIDED,NO CONTROLS,UNABLE TO DETERMINE,UNABLE TO DETERMINE,0,0,0,0,13,6,5,464,DAMEN AVE,41.849298,-87.551258,05/27/2016 02:26:00 PM,2016
CR00009380,05/24/2018 08:10:00 AM,20,CLEAR,DAYLIGHT,REAR END,NOT DIVIDED,TRAFFIC SIGNAL,UNABLE TO DETERMINE,UNABLE TO DETERMINE,0,0,0,0,8,5,5,1135,IRVING PARK RD,41.989819,-87.703123,05/24/2018 09:30:00 AM,2018
CR00009381,06/06/2023 08:00:00 PM,30,CLEAR,DARKNESS - LIGHTED ROAD,ANGLE,NOT DIVIDED,NO CONTROLS,UNABLE TO DETERMINE,FOLLOWING TOO CLOSELY,0,0,0,0,20,3,6,518,63RD ST,41.823528,-87.671594,06/06/2023 09:12:00 PM,2023
CR00009382,04/02/2021 09:28:00 PM,35,CLEAR,DAYLIGHT,REAR END,NOT DIVIDED,TRAFFIC SIGNAL,UNABLE TO DETERMINE,UNABLE TO DETERMINE,0,0,0,0,21,6,4,225,CALIFORNIA AVE,41.96199,-87.774781,04/02/2021 11:15:00 PM,2021
CR00009383,05/24/2017 02:17:00 AM,30,CLEAR,DARKNESS,FIXED OBJECT,NOT DIVIDED,NO CONTROLS,FAILING TO YIELD RIGHT-OF-WAY,DISTRACTION - FROM INSIDE VEHICLE,0,2,1,3,2,4,5,2040,STATE ST,41.907927,-87.638023,05/24/2017 02:34:00 AM,2017
CR00009384,07/06/2023 07:11:00 AM,35,CLEAR,DAYLIGHT,PARKED MOTOR VEHICLE,NOT DIVIDED,STOP SIGN/FLASHER,FOLLOWING TOO CLOSELY,UNABLE TO DETERMINE,0,0,0,0,7,5,7,1471,CICERO AVE,41.970786,-87.535147,07/06/2023 08:22:00 AM,2023
CR00009385,04/21/2020 10:14:00 AM,30,CLEAR,DAYLIGHT,REAR END,ONE-WAY,TRAFFIC SIGNAL,FOLLOWING TOO CLOSELY,UNABLE TO DETERMINE,0,0,0,0,10,3,4,576,LAKE SHORE DR,41.787352,-87.703926,04/21/2020 10:50:00 AM,2020
CR00009386,08/13/2023 12:03:00 PM,45,CLEAR,DAYLIGHT,PARKED MOTOR VEHICLE,ONE-WAY,NO CONTROLS,DISTRACTION - FROM INSIDE VEHICLE,DISTRACTION - FROM INSIDE VEHICLE,0,0,0,0,12,1,8,1373,DIVISION ST,41.8044,-87.702721,08/13/2023 01:13:00 PM,2023
CR00009387,04/01/2021 12:25:00 AM,35,CLOUDY/OVERCAST,DAYLIGHT,TURNING,DIVIDED - W/MEDIAN (NOT RAISED),STOP SIGN/FLASHER,FOLLOWING TOO CLOSELY,WEATHER,0,0,0,0,0,5,4,394,HALSTED ST,41.758176,-87.763843,04/01/2021 01:39:00 AM,2021
CR00009388,12/05/2015 07:56:00 AM,15,RAIN,DARKNESS - LIGHTED ROAD,PEDESTRIAN,ONE-WAY,TRAFFIC SIGNAL,UNABLE TO DETERMINE,NOT APPLICABLE,0,0,0,0,7,7,12,899,CLARK ST,41.85298,-87.642747,12/05/2015 08:54:00 AM,2015