CRASH_RECORD_ID,CRASH_DATE,POSTED_SPEED_LIMIT,WEATHER_CONDITION,LIGHTING_CONDITION,FIRST_CRASH_TYPE,TRAFFICWAY_TYPE,TRAFFIC_CONTROL_DEVICE,PRIM_CONTRIBUTORY_CAUSE,SEC_CONTRIBUTORY_CAUSE,INJURIES_FATAL,INJURIES_INCAPACITATING,INJURIES_NON_INCAPACITATING,INJURIES_TOTAL,CRASH_HOUR,CRASH_DAY_OF_WEEK,CRASH_MONTH,BEAT_OF_OCCURRENCE,STREET_NAME,LATITUDE,LONGITUDE,DATE_POLICE_NOTIFIED,year
CR00009389,06/15/2023 10:33:00 AM,45,CLEAR,DARKNESS - LIGHTED ROAD,TURNING,FOUR WAY,NO CONTROLS,UNABLE TO DETERMINE,UNABLE TO DETERMINE,0,0,0,0,10,5,6,625,CALIFORNIA AVE,41.762288,-87.827425,06/15/2023 10:49:00 AM,2023
CR00009390,02/17/2023 09:03:00 AM,30,CLEAR,DARKNESS - LIGHTED ROAD,PEDESTRIAN,FOUR WAY,NO CONTROLS,FAILING TO REDUCE SPEED,FOLLOWING TOO CLOSELY,0,0,0,0,9,6,2,1505,MILWAUKEE AVE,41.77091,-87.823852,02/17/2023 09:16:00 AM,2023
CR00009391,07/23/2022 05:16:00 PM,20,CLEAR,DARKNESS - LIGHTED ROAD,REAR END,DIVIDED - W/MEDIAN BARRIER,NO CONTROLS,UNABLE TO DETERMINE,UNABLE TO DETERMINE,0,0,0,0,17,7,7,559,STONY ISLAND AVE,41.783802,-87.589227,07/23/2022 06:24:00 PM,2022
CR00009392,07/03/2019 03:30:00 AM,20,CLOUDY/OVERCAST,DARKNESS - LIGHTED ROAD,REAR TO FRONT,FOUR WAY,NO CONTROLS,UNABLE TO DETERMINE,UNABLE TO DETERMINE,0,0,0,0,3,4,7,1448,BROADWAY,41.785988,-87.593152,07/03/2019 04:01:00 AM,2019
CR00009393,07/16/2024 03:27:00 PM,45,CLEAR,DARKNESS - LIGHTED ROAD,REAR TO FRONT,NOT DIVIDED,TRAFFIC SIGNAL,DRIVING SKILLS/KNOWLEDGE/EXPERIENCE,DISREGARDING TRAFFIC SIGNALS,0,0,0,0,15,3,7,452,DAMEN AVE,41.867354,-87.550283,07/16/2024 04:08:00 PM,2024
CR00009394,02/22/2015 01:12:00 PM,30,CLOUDY/OVERCAST,DARKNESS,SIDESWIPE SAME DIRECTION,ONE-WAY,NO CONTROLS,DISTRACTION - FROM INSIDE VEHICLE,UNABLE TO DETERMINE,0,0,0,0,13,1,2,537,79TH ST,41.968142,-87.689501,02/22/2015 02:13:00 PM,2015
CR00009395,06/12/2018 01:44:00 PM,30,RAIN,DAWN,FIXED OBJECT,NOT DIVIDED,NO CONTROLS,UNABLE TO DETERMINE,WEATHER,0,0,0,0,13,3,6,2280,STATE ST,41.949491,-87.840777,06/12/2018 02:29:00 PM,2018
CR00009396,12/21/2020 12:52:00 PM,35,CLEAR,DAYLIGHT,SIDESWIPE SAME DIRECTION,NOT DIVIDED,TRAFFIC SIGNAL,UNABLE TO DETERMINE,FAILING TO REDUCE SPEED,0,0,0,0,12,2,12,1243,WESTERN AVE,41.893574,-87.654305,12/21/2020 02:28:00 PM,2020
CR00009397,09/06/2024 02:15:00 PM,30,RAIN,DARKNESS - LIGHTED ROAD,REAR END,ONE-WAY,TRAFFIC SIGNAL,DRIVING SKILLS/KNOWLEDGE/EXPERIENCE,DISTRACTION - FROM INSIDE VEHICLE,0,0,0,0,14,6,9,1498,DIVISION ST,41.820976,-87.836536,09/06/2024 03:44:00 PM,2024
CR00009398,02/12/2020 08:35:00 AM,30,CLEAR,DAYLIGHT,TURNING,NOT DIVIDED,NO CONTROLS,UNABLE TO DETERMINE,FAILING TO YIELD RIGHT-OF-WAY,0,0,0,0,8,4,2,717,LAKE SHORE DR,41.762002,-87.518678,02/12/2020 10:04:00 AM,2020
CR00009399,03/29/2020 01:00:00 AM,35,SNOW,DAYLIGHT,REAR END,DIVIDED - W/MEDIAN (NOT RAISED),YIELD,UNABLE TO DETERMINE,NOT APPLICABLE,0,0,0,0,1,1,3,1461,KEDZIE AVE,41.886752,-87.833994,03/29/2020 01:11:00 AM,2020
CR00009400,06/04/2015 08:59:00 AM,30,RAIN,DAYLIGHT,FIXED OBJECT,NOT DIVIDED,NO CONTROLS,UNABLE TO DETERMINE,UNABLE TO DETERMINE,0,0,0,0,8,5,6,1412,ELSTON AVE,41.80861,-87.687564,06/04/2015 10:21:00 AM,2015
CR00009401,09/06/2020 02:49:00 PM,15,CLEAR,DAYLIGHT,REAR END,ONE-WAY,NO CONTROLS,IMPROPER LANE USAGE,UNABLE TO DETERMINE,0,0,0,0,14,1,9,1494,ASHLAND AVE,41.740126,-87.556741,09/06/2020 03:23:00 PM,2020
CR00009402,07/05/2018 04:56:00 PM,25,CLEAR,DARKNESS - LIGHTED ROAD,SIDESWIPE SAME DIRECTION,ONE-WAY,NO CONTROLS,UNABLE TO DETERMINE,NOT APPLICABLE,0,0,0,0,16,5,7,928,STONY ISLAND AVE,41.70524,-87.717527,07/05/2018 06:51:00 PM,2018
CR00009403,11/21/2015 01:59:00 PM,20,CLEAR,DAYLIGHT,REAR END,FOUR WAY,PEDESTRIAN CROSSING SIGN,UNABLE TO DETERMINE,FAILING TO YIELD RIGHT-OF-WAY,0,0,2,2,13,7,11,1060,PULASKI RD,41.982216,-87.600565,11/21/2015 03:11:00 PM,2015
CR00009404,03/23/2020 03:32:00 PM,20,CLEAR,DARKNESS,ANGLE,NOT DIVIDED,TRAFFIC SIGNAL,DRIVING SKILLS/KNOWLEDGE/EXPERIENCE,UNABLE TO DETERMINE,0,0,0,0,15,2,3,2120,FULLERTON AVE,41.703192,-87.727069,03/23/2020 03:36:00 PM,2020
CR00009405,07/15/2019 09:04:00 AM,20,CLEAR,DUSK,REAR END,DIVIDED - W/MEDIAN (NOT RAISED),NO CONTROLS,UNABLE TO DETERMINE,FAILING TO YIELD RIGHT-OF-WAY,0,0,0,0,9,2,7,234,STONY ISLAND AVE,41.925631,-87.832677,07/15/2019 09:45:00 AM,2019
CR00009406,11/16/2023 03:46:00 PM,20,CLEAR,DARKNESS - LIGHTED ROAD,ANGLE,NOT DIVIDED,NO CONTROLS,DISTRACTION - FROM INSIDE VEHICLE,IMPROPER OVERTAKING/PASSING,0,0,0,0,15,5,11,862,ELSTON AVE,41.914111,-87.817999,11/16/2023 03:48:00 PM,2023
CR00009407,10/13/2021 05:34:00 PM,30,SNOW,DAYLIGHT,PARKED MOTOR VEHICLE,FOUR WAY,TRAFFIC SIGNAL,IMPROPER OVERTAKING/PASSING,FOLLOWING TOO CLOSELY,0,0,0,0,17,4,10,1964,KEDZIE AVE,41.840932,-87.531577,10/13/2021 06:05:00 PM,2021
CR00009408,06/25/2020 04:06:00 PM,25,CLEAR,DAYLIGHT,REAR TO FRONT,NOT DIVIDED,NO CONTROLS,DISREGARDING TRAFFIC SIGNALS,FAILING TO REDUCE SPEED,0,0,0,0,16,5,6,735,MICHIGAN AVE,41.740159,-87.844903,06/25/2020 05:49:00 PM,2020
CR00009409,08/15/2021 08:59:00 PM,40,CLEAR,DARKNESS - LIGHTED ROAD,PARKED MOTOR VEHICLE,DIVIDED - W/MEDIAN (NOT RAISED),NO CONTROLS,FOLLOWING TOO CLOSELY,DISREGARDING TRAFFIC SIGNALS,0,0,0,0,20,1,8,764,DIVISION ST,41.893187,-87.595482,08/15/2021 09:00:00 PM,2021
CR00009410,02/19/2015 03:34:00 AM,30,CLEAR,DAYLIGHT,REAR END,DIVIDED - W/MEDIAN (NOT RAISED),NO CONTROLS,UNABLE TO DETERMINE,UNABLE TO DETERMINE,0,1,1,2,3,5,2,1169,KEDZIE AVE,41.831932,-87.554651,02/19/2015 03:37:00 AM,2015
CR00009411,11/17/2016 09:11:00 AM,30,CLEAR,DAYLIGHT,SIDESWIPE SAME DIRECTION,ONE-WAY,NO CONTROLS,FOLLOWING TOO CLOSELY,IMPROPER LANE USAGE,0,0,2,2,9,5,11,105,ELSTON AVE,41.795572,-87.641015,11/17/2016 10:56:00 AM,2016
CR00009412,12/03/2020 03:47:00 PM,30,CLEAR,DAYLIGHT,SIDESWIPE SAME DIRECTION,FOUR WAY,NO CONTROLS,FOLLOWING TOO CLOSELY,NOT APPLICABLE,0,0,0,0,15,5,12,637,CLARK ST,41.841489,-87.545385,12/03/2020 04:02:00 PM,2020
CR00009413,10/27/2021 03:18:00 PM,15,CLEAR,DARKNESS,TURNING,NOT DIVIDED,TRAFFIC SIGNAL,FAILING TO YIELD RIGHT-OF-WAY,IMPROPER LANE USAGE,0,0,0,0,15,4,10,1319,MICHIGAN AVE,41.921265,-87.844057,10/27/2021 04:19:00 PM,2021
CR00009414,01/05/2021 08:33:00 AM,15,RAIN,DAYLIGHT,REAR END,NOT DIVIDED,UNKNOWN,FOLLOWING TOO CLOSELY,UNABLE TO DETERMINE,0,0,0,0,8,3,1,1784,CLARK ST,41.893698,-87.504745,01/05/2021 08:37:00 AM,2021
CR00009415,08/27/2018 07:01:00 AM,40,CLEAR,DARKNESS - LIGHTED ROAD,REAR TO FRONT,FOUR WAY,UNKNOWN,DRIVING SKILLS/KNOWLEDGE/EXPERIENCE,FAILING TO YIELD RIGHT-OF-WAY,0,0,0,0,7,2,8,307,STONY ISLAND AVE,41.801635,-87.508287,08/27/2018 07:03:00 AM,2018
CR00009416,10/21/2015 07:03:00 AM,30,RAIN,DAYLIGHT,REAR END,NOT DIVIDED,TRAFFIC SIGNAL,UNABLE TO DETERMINE,FOLLOWING TOO CLOSELY,0,0,0,0,7,4,10,145,PULASKI RD,41.712507,-87.546426,10/21/2015 08:40:00 AM,2015
CR00009417,05/20/2024 06:03:00 PM,35,CLEAR,DARKNESS,PEDESTRIAN,NOT DIVIDED,TRAFFIC SIGNAL,UNABLE TO DETERMINE,NOT APPLICABLE,0,0,0,0,18,2,5,2365,WESTERN AVE,41.71105,-87.743646,05/20/2024 06:30:00 PM,2024
CR00009418,11/19/2021 09:42:00 AM,25,CLEAR,DAYLIGHT,TURNING,NOT DIVIDED,TRAFFIC SIGNAL,UNABLE TO DETERMINE,DISTRACTION - FROM INSIDE VEHICLE,0,0,1,1,9,6,11,2139,BROADWAY,41.848098,-87.749615,11/19/2021 11:07:00 AM,2021
CR00009419,04/08/2020 03:40:00 PM,40,CLEAR,DAYLIGHT,SIDESWIPE SAME DIRECTION,ONE-WAY,TRAFFIC SIGNAL,UNABLE TO DETERMINE,UNABLE TO DETERMINE,0,0,0,0,15,4,4,1274,IRVING PARK RD,41.998706,-87.697272,04/08/2020 04:14:00 PM,2020
CR00009420,08/27/2020 04:55:00 PM,30,CLEAR,DARKNESS - LIGHTED ROAD,REAR END,DIVIDED - W/MEDIAN BARRIER,NO CONTROLS,UNABLE TO DETERMINE,FOLLOWING TOO CLOSELY,0,0,0,0,16,5,8,1578,MICHIGAN AVE,41.744614,-87.753479,08/27/2020 05:08:00 PM,2020
CR00009421,04/25/2023 03:35:00 PM,35,CLOUDY/OVERCAST,DARKNESS - LIGHTED ROAD,SIDESWIPE SAME DIRECTION,FOUR WAY,NO CONTROLS,IMPROPER OVERTAKING/PASSING,IMPROPER OVERTAKING/PASSING,0,0,0,0,15,3,4,1867,LAKE SHORE DR,41.87932,-87.645112,04/25/2023 04:10:00 PM,2023
CR00009422,12/24/2017 06:29:00 PM,30,CLEAR,DAYLIGHT,TURNING,NOT DIVIDED,STOP SIGN/FLASHER,DRIVING SKILLS/KNOWLEDGE/EXPERIENCE,NOT APPLICABLE,0,0,0,0,18,1,12,1182,PULASKI RD,41.968151,-87.687232,12/24/2017 08:23:00 PM,2017
CR00009423,03/16/2022 06:38:00 PM,25,CLEAR,DAYLIGHT,ANGLE,DIVIDED - W/MEDIAN (NOT RAISED),UNKNOWN,DISREGARDING TRAFFIC SIGNALS,UNABLE TO DETERMINE,0,0,0,0,18,4,3,1365,ROOSEVELT RD,41.796044,-87.5384,03/16/2022 06:42:00 PM,2022
CR00009424,10/27/2019 11:47:00 AM,40,CLEAR,DARKNESS - LIGHTED ROAD,TURNING,NOT DIVIDED,NO CONTROLS,FOLLOWING TOO CLOSELY,DISREGARDING TRAFFIC SIGNALS,0,0,3,3,11,1,10,701,LAKE SHORE DR,41.735765,-87.61764,10/27/2019 12:43:00 PM,2019
CR00009425,04/04/2021 02:37:00 PM,35,CLEAR,DAYLIGHT,PEDESTRIAN,FOUR WAY,NO CONTROLS,FAILING TO YIELD RIGHT-OF-WAY,NOT APPLICABLE,0,0,0,0,14,1,4,2383,47TH ST,41.900335,-87.715911,04/04/2021 03:02:00 PM,2021
CR00009426,07/13/2017 09:28:00 AM,30,CLEAR,DAYLIGHT,TURNING,NOT DIVIDED,TRAFFIC SIGNAL,UNABLE TO DETERMINE,DISTRACTION - FROM INSIDE VEHICLE,0,0,0,0,9,5,7,2406,MICHIGAN AVE,41.741625,-87.633157,07/13/2017 11:05:00 AM,2017
CR00009427,05/02/2022 03:34:00 AM,25,RAIN,DAYLIGHT,SIDESWIPE SAME DIRECTION,DIVIDED - W/MEDIAN (NOT RAISED),YIELD,FAILING TO YIELD RIGHT-OF-WAY,UNABLE TO DETERMINE,0,0,0,0,3,2,5,310,CICERO AVE,41.828047,-87.565964,05/02/2022 05:05:00 AM,2022
CR00009428,11/07/2018 06:10:00 PM,45,CLEAR,DARKNESS - LIGHTED ROAD,ANGLE,DIVIDED - W/MEDIAN (NOT RAISED),NO CONTROLS,UNABLE TO DETERMINE,DISREGARDING TRAFFIC SIGNALS,0,0,0,0,18,4,11,953,CLARK ST,41.972959,-87.731502,11/07/2018 06:47:00 PM,2018
CR00009429,11/17/2024 04:38:00 PM,35,CLEAR,DAYLIGHT,REAR END,ONE-WAY,STOP SIGN/FLASHER,FAILING TO YIELD RIGHT-OF-WAY,DISREGARDING TRAFFIC SIGNALS,0,0,1,1,16,1,11,153,HALSTED ST,41.775662,-87.789747,11/17/2024 05:45:00 PM,2024
CR00009430,09/19/2015 04:12:00 PM,20,CLEAR,DAYLIGHT,ANGLE,NOT DIVIDED,NO CONTROLS,DRIVING SKILLS/KNOWLEDGE/EXPERIENCE,UNABLE TO DETERMINE,0,0,1,1,16,7,9,2531,MICHIGAN AVE,41.808455,-87.681956,09/19/2015 06:06:00 PM,2015
CR00009431,09/25/2019 11:40:00 PM,15,CLEAR,DAYLIGHT,SIDESWIPE SAME DIRECTION,DIVIDED - W/MEDIAN (NOT RAISED),TRAFFIC SIGNAL,FAILING TO YIELD RIGHT-OF-WAY,UNABLE TO DETERMINE,0,0,0,0,23,4,9,2203,DAMEN AVE,41.914706,-87.728369,09/26/2019 12:44:00 AM,2019
CR00009432,03/14/2021 01:50:00 AM,35,CLEAR,DAYLIGHT,SIDESWIPE SAME DIRECTION,ONE-WAY,PEDESTRIAN CROSSING SIGN,DRIVING SKILLS/KNOWLEDGE/EXPERIENCE,NOT APPLICABLE,0,0,0,0,1,1,3,358,79TH ST,41.790974,-87.564234,03/14/2021 03:00:00 AM,2021
CR00009433,08/05/2024 05:51:00 AM,30,CLEAR,DAYLIGHT,REAR END,NOT DIVIDED,STOP SIGN/FLASHER,IMPROPER LANE USAGE,IMPROPER OVERTAKING/PASSING,0,0,0,0,5,2,8,1905,BROADWAY,41.742,-87.558866,08/05/2024 06:49:00 AM,2024
CR00009434,12/07/2019 06:32:00 PM,15,CLEAR,DAYLIGHT,PARKED MOTOR VEHICLE,ONE-WAY,TRAFFIC SIGNAL,UNABLE TO DETERMINE,UNABLE TO DETERMINE,0,2,1,3,18,7,12,2020,IRVING PARK RD,41.98235,-87.593132,12/07/2019 08:09:00 PM,2019
CR00009435,02/02/2016 07:51:00 AM,40,RAIN,DAYLIGHT,ANGLE,NOT DIVIDED,NO CONTROLS,FOLLOWING TOO CLOSELY,FOLLOWING TOO CLOSELY,0,0,0,0,7,3,2,2101,MICHIGAN AVE,41.726002,-87.610125,02/02/2016 08:14:00 AM,2016
CR00009436,12/16/2023 03:18:00 PM,45,CLEAR,DARKNESS - LIGHTED ROAD,SIDESWIPE SAME DIRECTION,NOT DIVIDED,TRAFFIC SIGNAL,UNABLE TO DETERMINE,FOLLOWING TOO CLOSELY,0,0,0,0,15,7,12,253,DAMEN AVE,41.960323,-87.627407,12/16/2023 04:14:00 PM,2023
CR00009437,03/08/2018 04:33:00 PM,30,CLEAR,DAYLIGHT,REAR END,DIVIDED - W/MEDIAN (NOT RAISED),STOP SIGN/FLASHER,WEATHER,IMPROPER LANE USAGE,0,0,0,0,16,5,3,2079,79TH ST,41.912333,-87.69762,03/08/2018 05:10:00 PM,2018
CR00009438,01/13/2018 02:58:00 PM,20,CLEAR,DAYLIGHT,REAR END,DIVIDED - W/MEDIAN BARRIER,NO CONTROLS,IMPROPER LANE USAGE,FOLLOWING TOO CLOSELY,0,0,0,0,14,7,1,1340,STONY ISLAND AVE,41.753025,-87.80013,01/13/2018 03:13:00 PM,2018
CR00009439,02/18/2020 02:05:00 PM,40,CLEAR,DAYLIGHT,TURNING,DIVIDED - W/MEDIAN (NOT RAISED),NO CONTROLS,DISREGARDING TRAFFIC SIGNALS,FAILING TO REDUCE SPEED,0,0,0,0,14,3,2,247,KEDZIE AVE,41.827753,-87.540461,02/18/2020 02:38:00 PM,2020
CR00009440,11/30/2019 08:58:00 PM,45,CLEAR,DAYLIGHT,ANGLE,DIVIDED - W/MEDIAN BARRIER,STOP SIGN/FLASHER,DISTRACTION - FROM INSIDE VEHICLE,IMPROPER OVERTAKING/PASSING,0,0,0,0,20,7,11,682,STONY ISLAND AVE,41.764077,-87.793722,11/30/2019 10:16:00 PM,2019
CR00009441,04/14/2020 06:17:00 PM,30,CLOUDY/OVERCAST,DARKNESS - LIGHTED ROAD,REAR END,T-INTERSECTION,TRAFFIC SIGNAL,UNABLE TO DETERMINE,FOLLOWING TOO CLOSELY,0,0,0,0,18,3,4,1194,MILWAUKEE AVE,41.952435,-87.557075,04/14/2020 07:26:00 PM,2020
CR00009442,06/27/2019 12:06:00 PM,15,CLEAR,DAYLIGHT,ANGLE,DIVIDED - W/MEDIAN (NOT RAISED),UNKNOWN,IMPROPER LANE USAGE,IMPROPER OVERTAKING/PASSING,0,0,0,0,12,5,6,324,HALSTED ST,41.747987,-87.696924,06/27/2019 01:19:00 PM,2019
CR00009443,05/03/2022 01:29:00 PM,45,CLEAR,DAYLIGHT,FIXED OBJECT,NOT DIVIDED,NO CONTROLS,DRIVING SKILLS/KNOWLEDGE/EXPERIENCE,NOT APPLICABLE,0,0,0,0,13,3,5,1340,ARCHER AVE,41.7232,-87.740065,05/03/2022 01:34:00 PM,2022
CR00009444,05/29/2020 04:49:00 PM,15,CLOUDY/OVERCAST,DAYLIGHT,ANGLE,FOUR WAY,TRAFFIC SIGNAL,DISREGARDING TRAFFIC SIGNALS,FAILING TO YIELD RIGHT-OF-WAY,0,0,0,0,16,6,5,2247,LAKE SHORE DR,41.792368,-87.692411,05/29/2020 06:21:00 PM,2020
CR00009445,06/13/2022 09:45:00 PM,15,RAIN,DAYLIGHT,REAR TO FRONT,ONE-WAY,NO CONTROLS,FOLLOWING TOO CLOSELY,DRIVING SKILLS/KNOWLEDGE/EXPERIENCE,0,0,0,0,21,2,6,1018,ROOSEVELT RD,41.821715,-87.747676,06/13/2022 11:22:00 PM,2022
CR00009446,08/31/2020 08:45:00 AM,25,SNOW,DAYLIGHT,FIXED OBJECT,ONE-WAY,TRAFFIC SIGNAL,FAILING TO YIELD RIGHT-OF-WAY,FOLLOWING TOO CLOSELY,0,1,1,2,8,2,8,1684,LAKE SHORE DR,41.837055,-87.529591,08/31/2020 09:57:00 AM,2020
CR00009447,07/17/2024 08:30:00 PM,15,CLEAR,DARKNESS - LIGHTED ROAD,TURNING,NOT DIVIDED,NO CONTROLS,FOLLOWING TOO CLOSELY,DRIVING SKILLS/KNOWLEDGE/EXPERIENCE,0,0,0,0,20,4,7,603,KEDZIE AVE,41.837728,-87.793115,07/17/2024 10:12:00 PM,2024
CR00009448,03/18/2022 04:18:00 PM,30,CLEAR,DAWN,SIDESWIPE SAME DIRECTION,NOT DIVIDED,TRAFFIC SIGNAL,IMPROPER OVERTAKING/PASSING,UNABLE TO DETERMINE,0,0,0,0,16,6,3,127,CICERO AVE,41.706209,-87.832163,03/18/2022 04:21:00 PM,2022
CR00009449,06/07/2024 06:54:00 PM,30,CLEAR,DARKNESS - LIGHTED ROAD,REAR TO FRONT,ONE-WAY,PEDESTRIAN CROSSING SIGN,IMPROPER LANE USAGE,NOT APPLICABLE,0,0,0,0,18,6,6,1970,ELSTON AVE,41.741407,-87.661332,06/07/2024 08:15:00 PM,2024
CR00009450,12/07/2016 09:08:00 PM,30,CLEAR,DAYLIGHT,REAR TO FRONT,ONE-WAY,NO CONTROLS,DISREGARDING TRAFFIC SIGNALS,IMPROPER OVERTAKING/PASSING,0,0,1,1,21,4,12,1914,LAKE SHORE DR,41.714678,-87.600952,12/07/2016 10:29:00 PM,2016
CR00009451,01/25/2019 03:30:00 PM,15,CLEAR,DAYLIGHT,FIXED OBJECT,DIVIDED - W/MEDIAN (NOT RAISED),STOP SIGN/FLASHER,FAILING TO YIELD RIGHT-OF-WAY,FAILING TO YIELD RIGHT-OF-WAY,0,0,0,0,15,6,1,1985,BROADWAY,41.890439,-87.827869,01/25/2019 03:57:00 PM,2019
CR00009452,06/30/2022 08:39:00 PM,30,CLEAR,DAYLIGHT,ANGLE,NOT DIVIDED,TRAFFIC SIGNAL,UNABLE TO DETERMINE,UNABLE TO DETERMINE,0,0,0,0,20,5,6,1148,CICERO AVE,41.946,-87.6477,06/30/2022 09:24:00 PM,2022
CR00009453,12/22/2018 05:30:00 AM,30,RAIN,DAYLIGHT,REAR END,T-INTERSECTION,NO CONTROLS,FOLLOWING TOO CLOSELY,UNABLE TO DETERMINE,0,0,3,3,5,7,12,1714,BROADWAY,41.708803,-87.528479,12/22/2018 06:41:00 AM,2018
CR00009454,05/28/2021 10:50:00 AM,20,CLEAR,DAYLIGHT,REAR END,ONE-WAY,NO CONTROLS,DISTRACTION - FROM INSIDE VEHICLE,DISTRACTION - FROM INSIDE VEHICLE,0,0,0,0,10,6,5,622,FULLERTON AVE,41.870855,-87.74026,05/28/2021 12:48:00 PM,2021
CR00009455,01/13/2022 12:27:00 PM,30,CLEAR,DAYLIGHT,FIXED OBJECT,ONE-WAY,STOP SIGN/FLASHER,UNABLE TO DETERMINE,NOT APPLICABLE,0,0,2,2,12,5,1,1707,DAMEN AVE,41.778988,-87.831334,01/13/2022 01:21:00 PM,2022
CR00009456,10/01/2020 08:02:00 PM,35,CLOUDY/OVERCAST,DAYLIGHT,PARKED MOTOR VEHICLE,ONE-WAY,NO CONTROLS,UNABLE TO DETERMINE,UNABLE TO DETERMINE,0,2,0,2,20,5,10,1824,DIVISION ST,41.772257,-87.604995,10/01/2020 08:15:00 PM,2020
CR00009457,03/04/2015 08:27:00 PM,35,CLEAR,DAYLIGHT,REAR END,FOUR WAY,TRAFFIC SIGNAL,IMPROPER OVERTAKING/PASSING,IMPROPER LANE USAGE,0,0,0,0,20,4,3,785,LAKE SHORE DR,41.793659,-87.611896,03/04/2015 10:04:00 PM,2015
CR00009458,02/14/2022 12:18:00 AM,30,CLEAR,DAYLIGHT,SIDESWIPE SAME DIRECTION,NOT DIVIDED,NO CONTROLS,UNABLE TO DETERMINE,FOLLOWING TOO CLOSELY,0,0,0,0,0,2,2,2271,MICHIGAN AVE,41.848578,-87.814668,02/14/2022 12:40:00 AM,2022
CR00009459,03/03/2022 12:09:00 PM,35,CLOUDY/OVERCAST,DAYLIGHT,REAR END,FOUR WAY,TRAFFIC SIGNAL,IMPROPER OVERTAKING/PASSING,UNABLE TO DETERMINE,0,0,0,0,12,5,3,1648,CALIFORNIA AVE,41.708174,-87.604539,03/03/2022 01:15:00 PM,2022
CR00009460,07/12/2018 04:02:00 PM,40,CLEAR,DAWN,PARKED MOTOR VEHICLE,DIVIDED - W/MEDIAN (NOT RAISED),NO CONTROLS,IMPROPER LANE USAGE,FAILING TO YIELD RIGHT-OF-WAY,0,0,0,0,16,5,7,472,FULLERTON AVE,41.813567,-87.508507,07/12/2018 05:05:00 PM,2018
CR00009461,07/30/2020 08:56:00 AM,30,SNOW,DAYLIGHT,REAR END,NOT DIVIDED,TRAFFIC SIGNAL,FAILING TO YIELD RIGHT-OF-WAY,IMPROPER LANE USAGE,0,0,0,0,8,5,7,2439,KEDZIE AVE,41.742764,-87.645494,07/30/2020 09:35:00 AM,2020
CR00009462,07/31/2021 10:18:00 AM,30,CLEAR,DAYLIGHT,REAR END,NOT DIVIDED,TRAFFIC SIGNAL,UNABLE TO DETERMINE,NOT APPLICABLE,0,0,2,2,10,7,7,1205,LAKE SHORE DR,41.874552,-87.844703,07/31/2021 11:03:00 AM,2021
CR00009463,04/11/2020 08:20:00 AM,45,CLEAR,DAYLIGHT,ANGLE,NOT DIVIDED,STOP SIGN/FLASHER,UNABLE TO DETERMINE,UNABLE TO DETERMINE,0,0,0,0,8,7,4,2467,PULASKI RD,41.838188,-87.738167,04/11/2020 09:37:00 AM,2020
CR00009464,11/17/2024 01:15:00 PM,30,CLEAR,DARKNESS - LIGHTED ROAD,REAR END,NOT DIVIDED,STOP SIGN/FLASHER,FOLLOWING TOO CLOSELY,UNABLE TO DETERMINE,0,0,0,0,13,1,11,255,ROOSEVELT RD,41.746778,-87.80522,11/17/2024 01:16:00 PM,2024
CR00009465,03/02/2017 12:58:00 PM,15,CLEAR,DAYLIGHT,TURNING,NOT DIVIDED,NO CONTROLS,DRIVING SKILLS/KNOWLEDGE/EXPERIENCE,UNABLE TO DETERMINE,0,0,0,0,12,5,3,444,WESTERN AVE,41.802978,-87.805196,03/02/2017 02:34:00 PM,2017
CR00009466,04/07/2017 08:13:00 PM,30,FOG/SMOKE/HAZE,DARKNESS - LIGHTED ROAD,REAR END,NOT DIVIDED,NO CONTROLS,FOLLOWING TOO CLOSELY,UNABLE TO DETERMINE,0,2,1,3,20,6,4,888,63RD ST,41.752883,-87.779999,04/07/2017 09:10:00 PM,2017
CR00009467,11/22/2016 04:26:00 AM,30,CLEAR,DARKNESS - LIGHTED ROAD,ANGLE,NOT DIVIDED,STOP SIGN/FLASHER,UNABLE TO DETERMINE,NOT APPLICABLE,0,0,0,0,4,3,11,173,HALSTED ST,41.987014,-87.711985,11/22/2016 04:50:00 AM,2016
CR00009468,03/08/2020 07:04:00 PM,35,CLEAR,DARKNESS - LIGHTED ROAD,REAR END,DIVIDED - W/MEDIAN (NOT RAISED),STOP SIGN/FLASHER,DRIVING SKILLS/KNOWLEDGE/EXPERIENCE,NOT APPLICABLE,0,0,1,1,19,1,3,1408,LAKE SHORE DR,41.836496,-87.606875,03/08/2020 07:16:00 PM,2020
CR00009469,05/21/2017 07:39:00 AM,40,CLEAR,DAYLIGHT,PEDESTRIAN,FOUR WAY,NO CONTROLS,FAILING TO REDUCE SPEED,DRIVING SKILLS/KNOWLEDGE/EXPERIENCE,0,0,0,0,7,1,5,580,HALSTED ST,41.863598,-87.722692,05/21/2017 08:53:00 AM,2017
CR00009470,02/05/2024 06:41:00 PM,40,CLEAR,DAYLIGHT,SIDESWIPE SAME DIRECTION,NOT DIVIDED,NO CONTROLS,UNABLE TO DETERMINE,FAILING TO REDUCE SPEED,0,0,0,0,18,2,2,286,FULLERTON AVE,41.954057,-87.50125,02/05/2024 06:43:00 PM,2024