CRASH_RECORD_ID,CRASH_DATE,POSTED_SPEED_LIMIT,WEATHER_CONDITION,LIGHTING_CONDITION,FIRST_CRASH_TYPE,TRAFFICWAY_TYPE,TRAFFIC_CONTROL_DEVICE,PRIM_CONTRIBUTORY_CAUSE,SEC_CONTRIBUTORY_CAUSE,INJURIES_FATAL,INJURIES_INCAPACITATING,INJURIES_NON_INCAPACITATING,INJURIES_TOTAL,CRASH_HOUR,CRASH_DAY_OF_WEEK,CRASH_MONTH,BEAT_OF_OCCURRENCE,STREET_NAME,LATITUDE,LONGITUDE,DATE_POLICE_NOTIFIED,year
CR00009471,05/02/2019 12:13:00 AM,15,CLEAR,DAYLIGHT,FIXED OBJECT,T-INTERSECTION,NO CONTROLS,FOLLOWING TOO CLOSELY,DRIVING SKILLS/KNOWLEDGE/EXPERIENCE,0,0,0,0,0,5,5,304,STATE ST,41.868058,-87.665747,05/02/2019 12:15:00 AM,2019
CR00009472,10/18/2024 10:45:00 AM,30,FOG/SMOKE/HAZE,DARKNESS,TURNING,DIVIDED - W/MEDIAN (NOT RAISED),TRAFFIC SIGNAL,DISTRACTION - FROM INSIDE VEHICLE,FAILING TO REDUCE SPEED,0,0,0,0,10,6,10,752,CLARK ST,41.861144,-87.78289,10/18/2024 11:04:00 AM,2024
CR00009473,06/18/2018 01:28:00 AM,35,CLEAR,DAYLIGHT,REAR END,DIVIDED - W/MEDIAN BARRIER,NO CONTROLS,IMPROPER OVERTAKING/PASSING,UNABLE TO DETERMINE,0,0,0,0,1,2,6,1039,DIVISION ST,41.997418,-87.592044,06/18/2018 02:07:00 AM,2018
CR00009474,08/01/2016 01:11:00 AM,45,CLEAR,DAYLIGHT,REAR END,DIVIDED - W/MEDIAN BARRIER,UNKNOWN,UNABLE TO DETERMINE,FOLLOWING TOO CLOSELY,0,0,0,0,1,2,8,2024,63RD ST,41.894912,-87.78498,08/01/2016 01:27:00 AM,2016
CR00009475,04/29/2015 09:36:00 AM,20,SNOW,DAYLIGHT,REAR END,NOT DIVIDED,TRAFFIC SIGNAL,DRIVING SKILLS/KNOWLEDGE/EXPERIENCE,NOT APPLICABLE,0,0,1,1,9,4,4,2376,KEDZIE AVE,41.728081,-87.826811,04/29/2015 10:52:00 AM,2015
CR00009476,10/17/2023 06:56:00 PM,30,CLEAR,DAYLIGHT,TURNING,FOUR WAY,NO CONTROLS,FAILING TO YIELD RIGHT-OF-WAY,FOLLOWING TOO CLOSELY,0,0,0,0,18,3,10,433,OGDEN AVE,41.816523,-87.628752,10/17/2023 08:49:00 PM,2023
CR00009477,09/05/2023 03:20:00 AM,35,CLEAR,DARKNESS - LIGHTED ROAD,PARKED MOTOR VEHICLE,ONE-WAY,TRAFFIC SIGNAL,FAILING TO REDUCE SPEED,WEATHER,0,0,0,0,3,3,9,409,BROADWAY,41.781963,-87.518375,09/05/2023 04:59:00 AM,2023
CR00009478,02/07/2019 02:46:00 PM,30,RAIN,DAYLIGHT,TURNING,NOT DIVIDED,TRAFFIC SIGNAL,IMPROPER OVERTAKING/PASSING,IMPROPER OVERTAKING/PASSING,0,0,0,0,14,5,2,2433,STATE ST,41.889979,-87.62155,02/07/2019 03:02:00 PM,2019
CR00009479,02/13/2023 01:28:00 PM,40,FREEZING RAIN/DRIZZLE,DAYLIGHT,REAR END,NOT DIVIDED,TRAFFIC SIGNAL,FAILING TO REDUCE SPEED,NOT APPLICABLE,0,0,2,2,13,2,2,1118,STATE ST,41.72903,-87.796783,02/13/2023 02:10:00 PM,2023
CR00009480,10/27/2022 06:35:00 AM,45,RAIN,DAYLIGHT,SIDESWIPE SAME DIRECTION,ONE-WAY,NO CONTROLS,UNABLE TO DETERMINE,WEATHER,0,1,1,2,6,5,10,1789,BROADWAY,41.710036,-87.644772,10/27/2022 08:19:00 AM,2022
CR00009481,03/07/2016 06:51:00 PM,30,CLOUDY/OVERCAST,DAYLIGHT,REAR END,NOT DIVIDED,NO CONTROLS,UNABLE TO DETERMINE,UNABLE TO DETERMINE,0,0,0,0,18,2,3,1699,FULLERTON AVE,41.811673,-87.717429,03/07/2016 08:15:00 PM,2016
CR00009482,07/19/2022 09:16:00 AM,35,CLEAR,DAYLIGHT,ANGLE,DIVIDED - W/MEDIAN (NOT RAISED),UNKNOWN,DISTRACTION - FROM INSIDE VEHICLE,FAILING TO REDUCE SPEED,0,0,0,0,9,3,7,1759,HALSTED ST,41.81938,-87.669202,07/19/2022 10:17:00 AM,2022
CR00009483,10/15/2022 12:18:00 PM,45,SNOW,DARKNESS - LIGHTED ROAD,REAR END,NOT DIVIDED,NO CONTROLS,DRIVING SKILLS/KNOWLEDGE/EXPERIENCE,FAILING TO REDUCE SPEED,0,0,0,0,12,7,10,1620,MILWAUKEE AVE,41.74607,-87.792457,10/15/2022 01:32:00 PM,2022
CR00009484,01/03/2023 04:35:00 PM,45,CLEAR,DARKNESS,TURNING,DIVIDED - W/MEDIAN (NOT RAISED),NO CONTROLS,UNABLE TO DETERMINE,UNABLE TO DETERMINE,0,0,0,0,16,3,1,2071,DIVISION ST,41.932583,-87.710569,01/03/2023 06:13:00 PM,2023
CR00009485,06/05/2021 11:03:00 AM,25,CLEAR,DAYLIGHT,REAR END,DIVIDED - W/MEDIAN (NOT RAISED),STOP SIGN/FLASHER,UNABLE TO DETERMINE,FOLLOWING TOO CLOSELY,0,0,0,0,11,7,6,281,CICERO AVE,41.86195,-87.519574,06/05/2021 12:41:00 PM,2021
CR00009486,08/29/2021 08:32:00 AM,35,CLEAR,DAYLIGHT,ANGLE,FOUR WAY,UNKNOWN,FOLLOWING TOO CLOSELY,IMPROPER LANE USAGE,0,0,0,0,8,1,8,2333,MICHIGAN AVE,41.980991,-87.746554,08/29/2021 10:06:00 AM,2021
CR00009487,04/02/2018 11:02:00 PM,15,CLEAR,DAYLIGHT,REAR TO FRONT,NOT DIVIDED,TRAFFIC SIGNAL,FOLLOWING TOO CLOSELY,IMPROPER LANE USAGE,0,0,0,0,23,2,4,2067,MICHIGAN AVE,41.762318,-87.574135,04/02/2018 11:57:00 PM,2018
CR00009488,06/02/2019 10:48:00 PM,30,CLEAR,DARKNESS - LIGHTED ROAD,FIXED OBJECT,DIVIDED - W/MEDIAN (NOT RAISED),NO CONTROLS,IMPROPER OVERTAKING/PASSING,UNABLE TO DETERMINE,0,0,0,0,22,1,6,303,CALIFORNIA AVE,41.860677,-87.610792,06/03/2019 12:31:00 AM,2019
CR00009489,11/09/2017 07:47:00 AM,35,CLEAR,DARKNESS - LIGHTED ROAD,TURNING,FOUR WAY,NO CONTROLS,UNABLE TO DETERMINE,UNABLE TO DETERMINE,0,0,0,0,7,5,11,1160,CICERO AVE,41.787424,-87.790909,11/09/2017 08:29:00 AM,2017
CR00009490,03/04/2017 06:38:00 PM,20,CLEAR,DAYLIGHT,REAR END,NOT DIVIDED,NO CONTROLS,FOLLOWING TOO CLOSELY,UNABLE TO DETERMINE,0,0,0,0,18,7,3,266,WESTERN AVE,41.988033,-87.580976,03/04/2017 07:26:00 PM,2017
CR00009491,07/01/2015 11:06:00 AM,25,CLEAR,DAYLIGHT,REAR TO FRONT,NOT DIVIDED,UNKNOWN,UNABLE TO DETERMINE,DISTRACTION - FROM INSIDE VEHICLE,0,0,0,0,11,4,7,2019,CALIFORNIA AVE,41.954837,-87.769606,07/01/2015 11:47:00 AM,2015
CR00009492,08/12/2020 11:50:00 AM,25,CLEAR,DAYLIGHT,FIXED OBJECT,NOT DIVIDED,STOP SIGN/FLASHER,UNABLE TO DETERMINE,NOT APPLICABLE,0,0,0,0,11,4,8,281,ROOSEVELT RD,41.884254,-87.518556,08/12/2020 12:37:00 PM,2020
CR00009493,10/06/2022 08:15:00 PM,15,CLEAR,DAYLIGHT,PARKED MOTOR VEHICLE,NOT DIVIDED,NO CONTROLS,UNABLE TO DETERMINE,FAILING TO YIELD RIGHT-OF-WAY,0,0,0,0,20,5,10,1943,CICERO AVE,41.922303,-87.843777,10/06/2022 08:54:00 PM,2022
CR00009494,06/20/2020 02:55:00 PM,30,RAIN,DUSK,TURNING,DIVIDED - W/MEDIAN (NOT RAISED),PEDESTRIAN CROSSING SIGN,UNABLE TO DETERMINE,DRIVING SKILLS/KNOWLEDGE/EXPERIENCE,0,0,0,0,14,7,6,2271,STONY ISLAND AVE,41.709268,-87.818993,06/20/2020 03:17:00 PM,2020
CR00009495,03/21/2023 10:15:00 PM,45,RAIN,DAYLIGHT,PARKED MOTOR VEHICLE,ONE-WAY,TRAFFIC SIGNAL,UNABLE TO DETERMINE,NOT APPLICABLE,0,0,0,0,22,3,3,305,CALIFORNIA AVE,41.841211,-87.781524,03/21/2023 11:13:00 PM,2023
CR00009496,04/03/2021 08:55:00 AM,30,RAIN,DAYLIGHT,TURNING,DIVIDED - W/MEDIAN (NOT RAISED),NO CONTROLS,DISTRACTION - FROM INSIDE VEHICLE,FAILING TO YIELD RIGHT-OF-WAY,0,0,0,0,8,7,4,620,BROADWAY,41.859437,-87.704419,04/03/2021 10:50:00 AM,2021
CR00009497,10/20/2015 08:10:00 AM,35,CLEAR,DARKNESS - LIGHTED ROAD,REAR END,NOT DIVIDED,STOP SIGN/FLASHER,FAILING TO YIELD RIGHT-OF-WAY,UNABLE TO DETERMINE,0,0,0,0,8,3,10,2126,PULASKI RD,41.736898,-87.57889,10/20/2015 08:41:00 AM,2015
CR00009498,10/17/2019 08:56:00 PM,30,CLEAR,DAYLIGHT,TURNING,NOT DIVIDED,TRAFFIC SIGNAL,FOLLOWING TOO CLOSELY,DRIVING SKILLS/KNOWLEDGE/EXPERIENCE,0,0,1,1,20,5,10,1757,CICERO AVE,41.998227,-87.793848,10/17/2019 09:02:00 PM,2019
CR00009499,10/28/2018 04:39:00 PM,35,CLEAR,DAYLIGHT,PARKED MOTOR VEHICLE,NOT DIVIDED,TRAFFIC SIGNAL,WEATHER,IMPROPER OVERTAKING/PASSING,0,0,0,0,16,1,10,572,WESTERN AVE,41.758123,-87.501104,10/28/2018 05:34:00 PM,2018
CR00009500,08/17/2024 12:11:00 PM,15,CLEAR,DARKNESS - LIGHTED ROAD,PEDESTRIAN,NOT DIVIDED,TRAFFIC SIGNAL,DRIVING SKILLS/KNOWLEDGE/EXPERIENCE,FOLLOWING TOO CLOSELY,0,0,0,0,12,7,8,1017,STATE ST,41.955711,-87.515109,08/17/2024 12:20:00 PM,2024
CR00009501,05/14/2016 08:51:00 AM,30,CLOUDY/OVERCAST,DARKNESS,PARKED MOTOR VEHICLE,DIVIDED - W/MEDIAN (NOT RAISED),TRAFFIC SIGNAL,DISTRACTION - FROM INSIDE VEHICLE,UNABLE TO DETERMINE,0,0,0,0,8,7,5,1961,LAKE SHORE DR,41.746872,-87.683983,05/14/2016 10:16:00 AM,2016
CR00009502,10/01/2023 07:53:00 PM,30,CLOUDY/OVERCAST,DAYLIGHT,FIXED OBJECT,FOUR WAY,STOP SIGN/FLASHER,DRIVING SKILLS/KNOWLEDGE/EXPERIENCE,FAILING TO REDUCE SPEED,0,0,0,0,19,1,10,440,STATE ST,41.778823,-87.681859,10/01/2023 08:36:00 PM,2023
CR00009503,04/11/2022 08:25:00 PM,30,CLEAR,DARKNESS - LIGHTED ROAD,TURNING,NOT DIVIDED,NO CONTROLS,IMPROPER LANE USAGE,NOT APPLICABLE,0,0,0,0,20,2,4,1541,MICHIGAN AVE,41.909289,-87.511304,04/11/2022 09:50:00 PM,2022
CR00009504,05/19/2015 02:39:00 PM,20,CLEAR,DAYLIGHT,REAR END,DIVIDED - W/MEDIAN (NOT RAISED),YIELD,FAILING TO REDUCE SPEED,FOLLOWING TOO CLOSELY,0,0,0,0,14,3,5,421,OGDEN AVE,41.770286,-87.787884,05/19/2015 04:28:00 PM,2015
CR00009505,04/24/2024 07:20:00 PM,40,CLEAR,DAYLIGHT,TURNING,NOT DIVIDED,NO CONTROLS,IMPROPER LANE USAGE,UNABLE TO DETERMINE,0,1,3,4,19,4,4,2346,79TH ST,41.876882,-87.591322,04/24/2024 07:54:00 PM,2024
CR00009506,03/25/2017 04:23:00 AM,35,RAIN,DAYLIGHT,ANGLE,DIVIDED - W/MEDIAN (NOT RAISED),STOP SIGN/FLASHER,IMPROPER LANE USAGE,IMPROPER OVERTAKING/PASSING,0,0,0,0,4,7,3,1797,ELSTON AVE,41.937719,-87.832488,03/25/2017 06:22:00 AM,2017
CR00009507,07/16/2023 12:21:00 PM,45,RAIN,DAWN,ANGLE,NOT DIVIDED,TRAFFIC SIGNAL,UNABLE TO DETERMINE,IMPROPER LANE USAGE,0,0,3,3,12,1,7,145,DAMEN AVE,41.819555,-87.713554,07/16/2023 01:38:00 PM,2023
CR00009508,11/17/2023 06:15:00 PM,35,CLEAR,DAYLIGHT,SIDESWIPE SAME DIRECTION,NOT DIVIDED,NO CONTROLS,IMPROPER OVERTAKING/PASSING,NOT APPLICABLE,0,0,0,0,18,6,11,1618,OGDEN AVE,41.981707,-87.600308,11/17/2023 08:06:00 PM,2023
CR00009509,08/18/2015 01:19:00 PM,45,CLEAR,DAYLIGHT,REAR TO FRONT,NOT DIVIDED,NO CONTROLS,IMPROPER OVERTAKING/PASSING,DISTRACTION - FROM INSIDE VEHICLE,0,0,0,0,13,3,8,1306,63RD ST,41.736025,-87.594624,08/18/2015 02:48:00 PM,2015
CR00009510,09/04/2017 08:51:00 AM,35,CLEAR,DAYLIGHT,TURNING,T-INTERSECTION,UNKNOWN,UNABLE TO DETERMINE,FAILING TO YIELD RIGHT-OF-WAY,0,0,0,0,8,2,9,1365,47TH ST,41.891587,-87.823741,09/04/2017 10:15:00 AM,2017
CR00009511,01/09/2015 01:48:00 PM,30,CLEAR,DAYLIGHT,REAR TO FRONT,NOT DIVIDED,TRAFFIC SIGNAL,FOLLOWING TOO CLOSELY,FAILING TO YIELD RIGHT-OF-WAY,0,0,0,0,13,6,1,283,ASHLAND AVE,41.999627,-87.744122,01/09/2015 03:05:00 PM,2015
CR00009512,09/21/2024 10:36:00 PM,30,FOG/SMOKE/HAZE,DAYLIGHT,ANGLE,DIVIDED - W/MEDIAN BARRIER,TRAFFIC SIGNAL,DISTRACTION - FROM INSIDE VEHICLE,NOT APPLICABLE,0,0,0,0,22,7,9,130,79TH ST,41.847163,-87.835602,09/22/2024 12:29:00 AM,2024
CR00009513,04/20/2018 06:29:00 PM,25,CLEAR,DARKNESS - LIGHTED ROAD,ANGLE,DIVIDED - W/MEDIAN (NOT RAISED),TRAFFIC SIGNAL,FAILING TO REDUCE SPEED,NOT APPLICABLE,0,0,2,2,18,6,4,389,MILWAUKEE AVE,41.90163,-87.702534,04/20/2018 08:06:00 PM,2018
CR00009514,08/12/2021 07:39:00 AM,15,CLOUDY/OVERCAST,DAYLIGHT,REAR END,ONE-WAY,NO CONTROLS,IMPROPER LANE USAGE,FAILING TO REDUCE SPEED,0,0,3,3,7,5,8,1209,STATE ST,41.966974,-87.580314,08/12/2021 08:06:00 AM,2021
CR00009515,10/30/2018 06:46:00 PM,30,RAIN,DAYLIGHT,SIDESWIPE SAME DIRECTION,FOUR WAY,NO CONTROLS,FOLLOWING TOO CLOSELY,FOLLOWING TOO CLOSELY,0,0,0,0,18,3,10,1826,CICERO AVE,41.930096,-87.807652,10/30/2018 07:26:00 PM,2018
CR00009516,05/22/2020 08:52:00 PM,25,CLEAR,DARKNESS,REAR END,NOT DIVIDED,STOP SIGN/FLASHER,FOLLOWING TOO CLOSELY,NOT APPLICABLE,0,0,0,0,20,6,5,2437,STATE ST,41.857066,-87.577448,05/22/2020 10:10:00 PM,2020
CR00009517,05/20/2016 04:49:00 PM,20,CLEAR,DAYLIGHT,REAR END,T-INTERSECTION,STOP SIGN/FLASHER,FAILING TO YIELD RIGHT-OF-WAY,FAILING TO REDUCE SPEED,0,0,0,0,16,6,5,2210,MICHIGAN AVE,41.829032,-87.770161,05/20/2016 06:14:00 PM,2016
CR00009518,10/15/2020 01:40:00 AM,25,CLEAR,DARKNESS - LIGHTED ROAD,FIXED OBJECT,NOT DIVIDED,NO CONTROLS,UNABLE TO DETERMINE,UNABLE TO DETERMINE,0,0,0,0,1,5,10,882,MICHIGAN AVE,41.999601,-87.74536,10/15/2020 03:34:00 AM,2020
CR00009519,05/09/2015 04:41:00 PM,20,CLEAR,DAYLIGHT,REAR END,DIVIDED - W/MEDIAN (NOT RAISED),UNKNOWN,DISREGARDING TRAFFIC SIGNALS,UNABLE TO DETERMINE,0,0,0,0,16,7,5,2038,63RD ST,41.740859,-87.691871,05/09/2015 06:34:00 PM,2015
CR00009520,12/20/2017 03:36:00 PM,40,CLEAR,DARKNESS - LIGHTED ROAD,ANGLE,FOUR WAY,UNKNOWN,UNABLE TO DETERMINE,DRIVING SKILLS/KNOWLEDGE/EXPERIENCE,0,0,0,0,15,4,12,954,CICERO AVE,41.798151,-87.528358,12/20/2017 04:47:00 PM,2017
CR00009521,02/15/2015 09:26:00 AM,25,CLEAR,DARKNESS - LIGHTED ROAD,ANGLE,NOT DIVIDED,TRAFFIC SIGNAL,IMPROPER LANE USAGE,NOT APPLICABLE,0,1,3,4,9,1,2,2490,ARCHER AVE,41.922326,-87.598507,02/15/2015 11:03:00 AM,2015
CR00009522,08/21/2020 05:42:00 PM,30,CLEAR,DARKNESS - LIGHTED ROAD,PEDESTRIAN,NOT DIVIDED,NO CONTROLS,UNABLE TO DETERMINE,UNABLE TO DETERMINE,0,0,0,0,17,6,8,330,ARCHER AVE,41.844276,-87.585712,08/21/2020 07:00:00 PM,2020
CR00009523,04/11/2015 04:52:00 PM,25,CLEAR,DAWN,ANGLE,DIVIDED - W/MEDIAN (NOT RAISED),TRAFFIC SIGNAL,FAILING TO REDUCE SPEED,IMPROPER OVERTAKING/PASSING,0,0,1,1,16,7,4,195,63RD ST,41.721897,-87.687846,04/11/2015 05:45:00 PM,2015
CR00009524,01/20/2017 10:14:00 AM,30,CLEAR,DAYLIGHT,SIDESWIPE SAME DIRECTION,DIVIDED - W/MEDIAN (NOT RAISED),NO CONTROLS,UNABLE TO DETERMINE,DRIVING SKILLS/KNOWLEDGE/EXPERIENCE,0,0,0,0,10,6,1,1572,ARCHER AVE,41.709342,-87.63178,01/20/2017 10:33:00 AM,2017
CR00009525,02/21/2015 05:19:00 PM,35,CLEAR,DAYLIGHT,REAR END,NOT DIVIDED,TRAFFIC SIGNAL,UNABLE TO DETERMINE,WEATHER,0,0,0,0,17,7,2,1735,FULLERTON AVE,41.774695,-87.696325,02/21/2015 05:36:00 PM,2015
CR00009526,10/25/2019 07:45:00 PM,15,CLEAR,DUSK,PEDESTRIAN,NOT DIVIDED,TRAFFIC SIGNAL,IMPROPER LANE USAGE,FOLLOWING TOO CLOSELY,0,0,1,1,19,6,10,2343,ROOSEVELT RD,41.71739,-87.78893,10/25/2019 09:28:00 PM,2019
CR00009527,08/28/2023 09:07:00 AM,30,CLEAR,DAYLIGHT,TURNING,DIVIDED - W/MEDIAN BARRIER,NO CONTROLS,IMPROPER LANE USAGE,NOT APPLICABLE,0,0,0,0,9,2,8,786,LAKE SHORE DR,41.874017,-87.629637,08/28/2023 10:44:00 AM,2023
CR00009528,11/24/2017 05:15:00 PM,45,CLEAR,DAYLIGHT,ANGLE,NOT DIVIDED,TRAFFIC SIGNAL,FOLLOWING TOO CLOSELY,UNABLE TO DETERMINE,0,0,0,0,17,6,11,1870,63RD ST,41.980162,-87.712207,11/24/2017 05:45:00 PM,2017
CR00009529,12/08/2020 01:08:00 AM,30,CLEAR,DAYLIGHT,REAR TO FRONT,DIVIDED - W/MEDIAN BARRIER,TRAFFIC SIGNAL,UNABLE TO DETERMINE,NOT APPLICABLE,0,0,1,1,1,3,12,2281,WESTERN AVE,41.848232,-87.628524,12/08/2020 01:25:00 AM,2020
CR00009530,08/11/2021 08:53:00 AM,35,CLEAR,DARKNESS - LIGHTED ROAD,TURNING,DIVIDED - W/MEDIAN (NOT RAISED),NO CONTROLS,DRIVING SKILLS/KNOWLEDGE/EXPERIENCE,FAILING TO YIELD RIGHT-OF-WAY,0,0,0,0,8,4,8,437,79TH ST,41.902055,-87.639065,08/11/2021 09:54:00 AM,2021
CR00009531,09/15/2023 06:39:00 PM,35,CLEAR,DUSK,PARKED MOTOR VEHICLE,NOT DIVIDED,NO CONTROLS,FOLLOWING TOO CLOSELY,UNABLE TO DETERMINE,0,0,0,0,18,6,9,876,79TH ST,41.819561,-87.617378,09/15/2023 08:06:00 PM,2023
CR00009532,08/18/2021 03:25:00 PM,40,RAIN,DAYLIGHT,TURNING,DIVIDED - W/MEDIAN (NOT RAISED),NO CONTROLS,UNABLE TO DETERMINE,UNABLE TO DETERMINE,0,0,0,0,15,4,8,1834,CLARK ST,41.987772,-87.517431,08/18/2021 04:04:00 PM,2021
CR00009533,12/01/2024 10:02:00 PM,30,CLEAR,DAYLIGHT,REAR END,T-INTERSECTION,TRAFFIC SIGNAL,FOLLOWING TOO CLOSELY,NOT APPLICABLE,0,0,0,0,22,1,12,2364,79TH ST,41.972952,-87.706993,12/01/2024 10:20:00 PM,2024
CR00009534,09/03/2024 01:04:00 PM,35,CLEAR,DAYLIGHT,TURNING,T-INTERSECTION,TRAFFIC SIGNAL,DRIVING SKILLS/KNOWLEDGE/EXPERIENCE,UNABLE TO DETERMINE,0,0,0,0,13,3,9,1761,CICERO AVE,41.764876,-87.834347,09/03/2024 01:37:00 PM,2024
CR00009535,12/02/2024 07:23:00 AM,30,CLEAR,DARKNESS - LIGHTED ROAD,SIDESWIPE SAME DIRECTION,DIVIDED - W/MEDIAN BARRIER,NO CONTROLS,DRIVING SKILLS/KNOWLEDGE/EXPERIENCE,WEATHER,0,0,0,0,7,2,12,548,CICERO AVE,41.90348,-87.730894,12/02/2024 08:29:00 AM,2024
CR00009536,10/15/2023 08:00:00 PM,30,CLEAR,DARKNESS,FIXED OBJECT,DIVIDED - W/MEDIAN (NOT RAISED),TRAFFIC SIGNAL,FAILING TO YIELD RIGHT-OF-WAY,WEATHER,0,0,1,1,20,1,10,2249,CALIFORNIA AVE,41.946187,-87.82999,10/15/2023 09:48:00 PM,2023
CR00009537,07/13/2024 03:42:00 PM,45,CLEAR,DAYLIGHT,REAR TO FRONT,NOT DIVIDED,YIELD,IMPROPER LANE USAGE,NOT APPLICABLE,0,0,1,1,15,7,7,2119,HALSTED ST,41.966294,-87.76566,07/13/2024 03:44:00 PM,2024
CR00009538,08/24/2024 07:28:00 AM,25,CLEAR,DAYLIGHT,SIDESWIPE SAME DIRECTION,DIVIDED - W/MEDIAN BARRIER,TRAFFIC SIGNAL,UNABLE TO DETERMINE,DRIVING SKILLS/KNOWLEDGE/EXPERIENCE,0,0,0,0,7,7,8,116,DAMEN AVE,41.784996,-87.576014,08/24/2024 08:09:00 AM,2024
CR00009539,09/03/2022 06:35:00 AM,35,CLEAR,DAYLIGHT,REAR END,DIVIDED - W/MEDIAN (NOT RAISED),TRAFFIC SIGNAL,DRIVING SKILLS/KNOWLEDGE/EXPERIENCE,FAILING TO YIELD RIGHT-OF-WAY,0,0,0,0,6,7,9,2220,MICHIGAN AVE,41.775876,-87.639792,09/03/2022 08:31:00 AM,2022
CR00009540,10/04/2023 08:05:00 AM,30,CLOUDY/OVERCAST,DARKNESS,PARKED MOTOR VEHICLE,NOT DIVIDED,STOP SIGN/FLASHER,FAILING TO REDUCE SPEED,FAILING TO REDUCE SPEED,0,0,0,0,8,4,10,2032,STONY ISLAND AVE,41.830907,-87.543428,10/04/2023 08:36:00 AM,2023
CR00009541,12/06/2023 06:23:00 PM,35,CLEAR,DARKNESS - LIGHTED ROAD,TURNING,DIVIDED - W/MEDIAN BARRIER,TRAFFIC SIGNAL,IMPROPER LANE USAGE,FAILING TO YIELD RIGHT-OF-WAY,0,0,0,0,18,4,12,2182,79TH ST,41.779429,-87.749995,12/06/2023 06:43:00 PM,2023
CR00009542,08/03/2021 08:10:00 AM,20,CLEAR,DARKNESS - LIGHTED ROAD,REAR TO FRONT,ONE-WAY,NO CONTROLS,FAILING TO YIELD RIGHT-OF-WAY,NOT APPLICABLE,0,0,0,0,8,3,8,1665,DAMEN AVE,41.848871,-87.775931,08/03/2021 10:05:00 AM,2021
CR00009543,08/21/2016 10:56:00 PM,20,CLOUDY/OVERCAST,DARKNESS - LIGHTED ROAD,REAR END,DIVIDED - W/MEDIAN (NOT RAISED),NO CONTROLS,UNABLE TO DETERMINE,NOT APPLICABLE,0,0,0,0,22,1,8,2232,MICHIGAN AVE,41.760094,-87.55885,08/21/2016 11:28:00 PM,2016
CR00009544,08/19/2019 08:27:00 AM,40,CLEAR,DAYLIGHT,ANGLE,DIVIDED - W/MEDIAN (NOT RAISED),NO CONTROLS,IMPROPER OVERTAKING/PASSING,DRIVING SKILLS/KNOWLEDGE/EXPERIENCE,0,0,0,0,8,2,8,1266,MICHIGAN AVE,41.793032,-87.785452,08/19/2019 08:39:00 AM,2019
CR00009545,08/14/2018 10:59:00 AM,30,RAIN,DAYLIGHT,TURNING,FOUR WAY,STOP SIGN/FLASHER,UNABLE TO DETERMINE,FAILING TO REDUCE SPEED,0,0,0,0,10,3,8,2141,DIVISION ST,41.817857,-87.799683,08/14/2018 11:51:00 AM,2018
CR00009546,07/29/2015 07:39:00 PM,35,SNOW,DAYLIGHT,ANGLE,NOT DIVIDED,NO CONTROLS,UNABLE TO DETERMINE,FAILING TO YIELD RIGHT-OF-WAY,0,0,0,0,19,4,7,672,STONY ISLAND AVE,41.717938,-87.680196,07/29/2015 09:32:00 PM,2015
CR00009547,10/02/2023 04:30:00 PM,30,CLEAR,DAYLIGHT,FIXED OBJECT,NOT DIVIDED,NO CONTROLS,IMPROPER LANE USAGE,FOLLOWING TOO CLOSELY,0,0,0,0,16,2,10,1895,ELSTON AVE,41.855286,-87.773831,10/02/2023 06:06:00 PM,2023
CR00009548,03/21/2019 03:03:00 PM,35,SNOW,DAYLIGHT,REAR END,NOT DIVIDED,TRAFFIC SIGNAL,FOLLOWING TOO CLOSELY,UNABLE TO DETERMINE,0,0,0,0,15,5,3,1636,CICERO AVE,41.903487,-87.707458,03/21/2019 03:46:00 PM,2019
CR00009549,07/16/2018 05:16:00 PM,35,CLOUDY/OVERCAST,DAWN,ANGLE,DIVIDED - W/MEDIAN (NOT RAISED),NO CONTROLS,FOLLOWING TOO CLOSELY,WEATHER,0,0,0,0,17,2,7,1683,IRVING PARK RD,41.727121,-87.726316,07/16/2018 06:42:00 PM,2018
CR00009550,10/30/2021 02:53:00 PM,30,CLEAR,DAYLIGHT,REAR TO FRONT,NOT DIVIDED,TRAFFIC SIGNAL,UNABLE TO DETERMINE,FAILING TO YIELD RIGHT-OF-WAY,0,0,0,0,14,7,10,909,MICHIGAN AVE,41.934187,-87.750673,10/30/2021 03:06:00 PM,2021
CR00009551,07/01/2020 11:23:00 AM,45,CLEAR,DARKNESS - LIGHTED ROAD,REAR TO FRONT,FOUR WAY,TRAFFIC SIGNAL,IMPROPER LANE USAGE,NOT APPLICABLE,0,0,0,0,11,4,7,2176,FULLERTON AVE,41.896502,-87.764901,07/01/2020 12:22:00 PM,2020
CR00009552,02/09/2024 10:38:00 AM,25,CLOUDY/OVERCAST,DAYLIGHT,TURNING,DIVIDED - W/MEDIAN (NOT RAISED),NO CONTROLS,UNABLE TO DETERMINE,FAILING TO YIELD RIGHT-OF-WAY,0,0,0,0,10,6,2,795,ASHLAND AVE,41.709267,-87.766706,02/09/2024 10:50:00 AM,2024
CR00009553,04/10/2015 09:58:00 PM,25,CLEAR,DAYLIGHT,SIDESWIPE SAME DIRECTION,ONE-WAY,TRAFFIC SIGNAL,FOLLOWING TOO CLOSELY,FAILING TO YIELD RIGHT-OF-WAY,0,0,0,0,21,6,4,1957,MICHIGAN AVE,41.915777,-87.51591,04/10/2015 10:34:00 PM,2015