CRASH_RECORD_ID,CRASH_DATE,POSTED_SPEED_LIMIT,WEATHER_CONDITION,LIGHTING_CONDITION,FIRST_CRASH_TYPE,TRAFFICWAY_TYPE,TRAFFIC_CONTROL_DEVICE,PRIM_CONTRIBUTORY_CAUSE,SEC_CONTRIBUTORY_CAUSE,INJURIES_FATAL,INJURIES_INCAPACITATING,INJURIES_NON_INCAPACITATING,INJURIES_TOTAL,CRASH_HOUR,CRASH_DAY_OF_WEEK,CRASH_MONTH,BEAT_OF_OCCURRENCE,STREET_NAME,LATITUDE,LONGITUDE,DATE_POLICE_NOTIFIED,year
CR00009554,08/07/2019 11:03:00 AM,30,CLEAR,DAWN,SIDESWIPE SAME DIRECTION,T-INTERSECTION,STOP SIGN/FLASHER,FAILING TO REDUCE SPEED,DRIVING SKILLS/KNOWLEDGE/EXPERIENCE,0,0,3,3,11,4,8,2037,PULASKI RD,41.966401,-87.649704,08/07/2019 12:14:00 PM,2019
CR00009555,02/11/2017 03:19:00 PM,30,CLOUDY/OVERCAST,DAYLIGHT,REAR END,FOUR WAY,STOP SIGN/FLASHER,DRIVING SKILLS/KNOWLEDGE/EXPERIENCE,FAILING TO YIELD RIGHT-OF-WAY,0,0,0,0,15,7,2,577,MICHIGAN AVE,41.72701,-87.754591,02/11/2017 04:19:00 PM,2017
CR00009556,07/31/2015 08:53:00 PM,30,CLEAR,DAYLIGHT,SIDESWIPE SAME DIRECTION,NOT DIVIDED,NO CONTROLS,FAILING TO YIELD RIGHT-OF-WAY,FOLLOWING TOO CLOSELY,0,0,1,1,20,6,7,1730,DIVISION ST,41.834811,-87.514583,07/31/2015 09:17:00 PM,2015
CR00009557,11/07/2018 05:14:00 PM,25,CLEAR,DAYLIGHT,TURNING,NOT DIVIDED,TRAFFIC SIGNAL,DISTRACTION - FROM INSIDE VEHICLE,NOT APPLICABLE,0,0,0,0,17,4,11,627,FULLERTON AVE,41.823049,-87.507289,11/07/2018 05:27:00 PM,2018
CR00009558,05/07/2023 08:24:00 AM,40,RAIN,DAYLIGHT,REAR END,NOT DIVIDED,TRAFFIC SIGNAL,UNABLE TO DETERMINE,UNABLE TO DETERMINE,0,0,0,0,8,1,5,2138,MICHIGAN AVE,41.945002,-87.644523,05/07/2023 09:09:00 AM,2023
CR00009559,06/09/2016 06:31:00 PM,30,CLEAR,DAWN,FIXED OBJECT,NOT DIVIDED,TRAFFIC SIGNAL,UNABLE TO DETERMINE,UNABLE TO DETERMINE,0,0,3,3,18,5,6,1399,WESTERN AVE,41.745284,-87.73303,06/09/2016 07:07:00 PM,2016
CR00009560,11/27/2015 04:33:00 PM,15,CLEAR,DARKNESS - LIGHTED ROAD,REAR TO FRONT,NOT DIVIDED,TRAFFIC SIGNAL,IMPROPER OVERTAKING/PASSING,UNABLE TO DETERMINE,0,0,0,0,16,6,11,1845,FULLERTON AVE,41.974438,-87.84463,11/27/2015 05:21:00 PM,2015
CR00009561,07/20/2023 06:26:00 PM,35,CLEAR,DARKNESS - LIGHTED ROAD,SIDESWIPE SAME DIRECTION,ONE-WAY,TRAFFIC SIGNAL,FAILING TO REDUCE SPEED,FAILING TO YIELD RIGHT-OF-WAY,0,0,0,0,18,5,7,455,CICERO AVE,41.832773,-87.790442,07/20/2023 07:04:00 PM,2023
CR00009562,09/26/2016 05:36:00 PM,30,CLEAR,DARKNESS - LIGHTED ROAD,SIDESWIPE SAME DIRECTION,NOT DIVIDED,NO CONTROLS,FOLLOWING TOO CLOSELY,IMPROPER LANE USAGE,0,0,0,0,17,2,9,788,BROADWAY,41.932302,-87.777526,09/26/2016 06:23:00 PM,2016
CR00009563,08/22/2015 07:46:00 PM,35,CLEAR,DAYLIGHT,REAR END,ONE-WAY,STOP SIGN/FLASHER,DISTRACTION - FROM INSIDE VEHICLE,IMPROPER LANE USAGE,0,0,3,3,19,7,8,881,ROOSEVELT RD,41.849999,-87.530741,08/22/2015 09:29:00 PM,2015
CR00009564,01/13/2019 06:27:00 AM,35,SNOW,DAYLIGHT,REAR END,NOT DIVIDED,TRAFFIC SIGNAL,FOLLOWING TOO CLOSELY,FAILING TO REDUCE SPEED,0,0,0,0,6,1,1,1408,47TH ST,41.95734,-87.817907,01/13/2019 08:13:00 AM,2019
CR00009565,03/25/2016 10:42:00 AM,35,CLEAR,DARKNESS - LIGHTED ROAD,TURNING,NOT DIVIDED,NO CONTROLS,FOLLOWING TOO CLOSELY,UNABLE TO DETERMINE,0,0,0,0,10,6,3,1500,ARCHER AVE,41.74706,-87.815764,03/25/2016 12:34:00 PM,2016
CR00009566,04/25/2023 09:42:00 PM,35,CLEAR,DARKNESS - LIGHTED ROAD,ANGLE,DIVIDED - W/MEDIAN (NOT RAISED),STOP SIGN/FLASHER,FAILING TO YIELD RIGHT-OF-WAY,UNABLE TO DETERMINE,0,0,0,0,21,3,4,1042,ASHLAND AVE,41.752871,-87.707963,04/25/2023 10:55:00 PM,2023
CR00009567,06/14/2024 11:26:00 AM,35,CLEAR,DARKNESS - LIGHTED ROAD,PARKED MOTOR VEHICLE,NOT DIVIDED,TRAFFIC SIGNAL,FAILING TO YIELD RIGHT-OF-WAY,UNABLE TO DETERMINE,0,0,0,0,11,6,6,1122,LAKE SHORE DR,41.778853,-87.644915,06/14/2024 12:09:00 PM,2024
CR00009568,08/20/2018 08:07:00 PM,30,RAIN,DARKNESS - LIGHTED ROAD,TURNING,ONE-WAY,NO CONTROLS,DISTRACTION - FROM INSIDE VEHICLE,NOT APPLICABLE,0,0,0,0,20,2,8,2380,ARCHER AVE,41.748919,-87.663747,08/20/2018 10:06:00 PM,2018
CR00009569,01/29/2017 12:26:00 PM,30,CLEAR,DAYLIGHT,ANGLE,NOT DIVIDED,NO CONTROLS,DRIVING SKILLS/KNOWLEDGE/EXPERIENCE,FOLLOWING TOO CLOSELY,0,1,2,3,12,1,1,1104,ARCHER AVE,41.874875,-87.586966,01/29/2017 12:32:00 PM,2017
CR00009570,04/19/2021 04:53:00 PM,15,RAIN,DARKNESS - LIGHTED ROAD,TURNING,ONE-WAY,NO CONTROLS,FOLLOWING TOO CLOSELY,DISREGARDING TRAFFIC SIGNALS,0,0,2,2,16,2,4,1097,IRVING PARK RD,41.995618,-87.804495,04/19/2021 05:47:00 PM,2021
CR00009571,09/18/2017 06:45:00 PM,35,CLEAR,DARKNESS - LIGHTED ROAD,REAR END,FOUR WAY,NO CONTROLS,IMPROPER LANE USAGE,FAILING TO YIELD RIGHT-OF-WAY,0,0,1,1,18,2,9,1368,FULLERTON AVE,41.753148,-87.578188,09/18/2017 06:51:00 PM,2017
CR00009572,01/17/2019 07:17:00 PM,25,CLEAR,DARKNESS - LIGHTED ROAD,PEDESTRIAN,NOT DIVIDED,TRAFFIC SIGNAL,UNABLE TO DETERMINE,UNABLE TO DETERMINE,0,0,0,0,19,5,1,2427,IRVING PARK RD,41.909054,-87.575616,01/17/2019 07:39:00 PM,2019
CR00009573,09/12/2021 08:56:00 PM,30,CLEAR,DUSK,SIDESWIPE SAME DIRECTION,FOUR WAY,STOP SIGN/FLASHER,DISTRACTION - FROM INSIDE VEHICLE,NOT APPLICABLE,0,0,0,0,20,1,9,353,LAKE SHORE DR,41.953492,-87.838359,09/12/2021 10:17:00 PM,2021
CR00009574,11/02/2023 07:30:00 PM,45,RAIN,DARKNESS - LIGHTED ROAD,REAR END,NOT DIVIDED,TRAFFIC SIGNAL,FAILING TO YIELD RIGHT-OF-WAY,UNABLE TO DETERMINE,0,0,0,0,19,5,11,1091,DAMEN AVE,41.813755,-87.581849,11/02/2023 09:27:00 PM,2023
CR00009575,04/19/2020 05:07:00 PM,20,CLEAR,DAYLIGHT,PEDESTRIAN,NOT DIVIDED,UNKNOWN,UNABLE TO DETERMINE,IMPROPER OVERTAKING/PASSING,0,0,0,0,17,1,4,1457,MICHIGAN AVE,41.855794,-87.584202,04/19/2020 06:50:00 PM,2020
CR00009576,05/12/2023 04:45:00 PM,40,CLEAR,DAYLIGHT,TURNING,DIVIDED - W/MEDIAN BARRIER,TRAFFIC SIGNAL,FOLLOWING TOO CLOSELY,DRIVING SKILLS/KNOWLEDGE/EXPERIENCE,0,0,0,0,16,6,5,799,ARCHER AVE,41.922666,-87.692203,05/12/2023 06:40:00 PM,2023
CR00009577,02/09/2023 05:52:00 PM,25,CLEAR,DAYLIGHT,ANGLE,NOT DIVIDED,NO CONTROLS,UNABLE TO DETERMINE,WEATHER,0,0,0,0,17,5,2,978,ELSTON AVE,41.755051,-87.623455,02/09/2023 06:50:00 PM,2023
CR00009578,08/22/2016 04:33:00 PM,20,CLEAR,DAWN,PEDESTRIAN,DIVIDED - W/MEDIAN (NOT RAISED),TRAFFIC SIGNAL,UNABLE TO DETERMINE,UNABLE TO DETERMINE,0,0,0,0,16,2,8,1819,ROOSEVELT RD,41.902954,-87.792875,08/22/2016 04:50:00 PM,2016
CR00009579,12/01/2016 08:34:00 PM,35,CLEAR,DAYLIGHT,REAR END,FOUR WAY,NO CONTROLS,UNABLE TO DETERMINE,FOLLOWING TOO CLOSELY,0,0,0,0,20,5,12,1255,79TH ST,41.982215,-87.648889,12/01/2016 09:16:00 PM,2016
CR00009580,02/14/2017 06:52:00 AM,20,CLEAR,DAYLIGHT,REAR END,NOT DIVIDED,NO CONTROLS,DRIVING SKILLS/KNOWLEDGE/EXPERIENCE,UNABLE TO DETERMINE,0,2,1,3,6,3,2,141,LAKE SHORE DR,41.892759,-87.814248,02/14/2017 07:20:00 AM,2017
CR00009581,02/05/2018 05:49:00 PM,35,CLEAR,DAYLIGHT,TURNING,DIVIDED - W/MEDIAN (NOT RAISED),TRAFFIC SIGNAL,UNABLE TO DETERMINE,IMPROPER OVERTAKING/PASSING,0,0,0,0,17,2,2,1295,CALIFORNIA AVE,41.789351,-87.692156,02/05/2018 06:50:00 PM,2018
CR00009582,09/02/2020 05:38:00 PM,35,CLEAR,DAYLIGHT,TURNING,NOT DIVIDED,STOP SIGN/FLASHER,UNABLE TO DETERMINE,FOLLOWING TOO CLOSELY,0,0,0,0,17,4,9,687,ROOSEVELT RD,41.995127,-87.818056,09/02/2020 06:53:00 PM,2020
CR00009583,01/01/2021 04:07:00 PM,15,CLEAR,DAYLIGHT,TURNING,NOT DIVIDED,UNKNOWN,FAILING TO YIELD RIGHT-OF-WAY,NOT APPLICABLE,0,0,0,0,16,6,1,1191,ASHLAND AVE,41.721978,-87.575486,01/01/2021 04:35:00 PM,2021
CR00009584,07/26/2016 02:15:00 PM,15,CLEAR,DARKNESS - LIGHTED ROAD,TURNING,FOUR WAY,STOP SIGN/FLASHER,UNABLE TO DETERMINE,IMPROPER LANE USAGE,0,0,0,0,14,3,7,801,FULLERTON AVE,41.762987,-87.716872,07/26/2016 03:25:00 PM,2016
CR00009585,04/27/2015 01:23:00 PM,15,FREEZING RAIN/DRIZZLE,DARKNESS - LIGHTED ROAD,REAR TO FRONT,DIVIDED - W/MEDIAN (NOT RAISED),STOP SIGN/FLASHER,DISTRACTION - FROM INSIDE VEHICLE,UNABLE TO DETERMINE,0,0,0,0,13,2,4,1521,CLARK ST,41.989429,-87.626067,04/27/2015 01:33:00 PM,2015
CR00009586,05/21/2021 08:56:00 AM,45,CLEAR,DARKNESS - LIGHTED ROAD,PARKED MOTOR VEHICLE,NOT DIVIDED,NO CONTROLS,DISTRACTION - FROM INSIDE VEHICLE,FOLLOWING TOO CLOSELY,0,0,0,0,8,6,5,762,DAMEN AVE,41.844989,-87.621273,05/21/2021 10:32:00 AM,2021
CR00009587,12/04/2017 03:02:00 AM,30,CLEAR,DARKNESS,REAR END,NOT DIVIDED,NO CONTROLS,IMPROPER LANE USAGE,FAILING TO YIELD RIGHT-OF-WAY,0,0,0,0,3,2,12,1387,CICERO AVE,41.921749,-87.534978,12/04/2017 04:20:00 AM,2017
CR00009588,10/21/2022 03:08:00 PM,35,SNOW,DARKNESS - LIGHTED ROAD,SIDESWIPE SAME DIRECTION,FOUR WAY,TRAFFIC SIGNAL,DISTRACTION - FROM INSIDE VEHICLE,NOT APPLICABLE,0,0,0,0,15,6,10,1765,MILWAUKEE AVE,41.83604,-87.655246,10/21/2022 04:40:00 PM,2022
CR00009589,04/24/2024 08:58:00 AM,30,SNOW,DARKNESS - LIGHTED ROAD,REAR END,ONE-WAY,TRAFFIC SIGNAL,DRIVING SKILLS/KNOWLEDGE/EXPERIENCE,UNABLE TO DETERMINE,0,0,0,0,8,4,4,1732,OGDEN AVE,41.912483,-87.846246,04/24/2024 09:28:00 AM,2024
CR00009590,08/22/2017 05:30:00 PM,20,CLEAR,DARKNESS - LIGHTED ROAD,REAR END,T-INTERSECTION,TRAFFIC SIGNAL,FAILING TO REDUCE SPEED,FAILING TO REDUCE SPEED,0,0,0,0,17,3,8,246,79TH ST,41.701004,-87.723583,08/22/2017 06:17:00 PM,2017
CR00009591,05/10/2021 05:00:00 AM,20,CLEAR,DAYLIGHT,TURNING,DIVIDED - W/MEDIAN BARRIER,STOP SIGN/FLASHER,FOLLOWING TOO CLOSELY,FAILING TO YIELD RIGHT-OF-WAY,0,0,0,0,5,2,5,1145,IRVING PARK RD,41.746364,-87.745744,05/10/2021 06:48:00 AM,2021
CR00009592,11/12/2022 07:06:00 PM,30,FOG/SMOKE/HAZE,DARKNESS - LIGHTED ROAD,PEDESTRIAN,NOT DIVIDED,TRAFFIC SIGNAL,UNABLE TO DETERMINE,DISREGARDING TRAFFIC SIGNALS,0,0,0,0,19,7,11,2335,47TH ST,41.843647,-87.819135,11/12/2022 07:45:00 PM,2022
CR00009593,07/22/2017 10:50:00 AM,25,CLEAR,DAYLIGHT,TURNING,NOT DIVIDED,TRAFFIC SIGNAL,FOLLOWING TOO CLOSELY,NOT APPLICABLE,0,2,0,2,10,7,7,2512,CALIFORNIA AVE,41.711666,-87.794776,07/22/2017 11:14:00 AM,2017
CR00009594,07/20/2022 07:49:00 PM,30,CLEAR,DAYLIGHT,REAR END,DIVIDED - W/MEDIAN (NOT RAISED),NO CONTROLS,UNABLE TO DETERMINE,IMPROPER OVERTAKING/PASSING,0,0,0,0,19,4,7,2427,MILWAUKEE AVE,41.785198,-87.610355,07/20/2022 07:56:00 PM,2022
CR00009595,07/13/2018 05:31:00 PM,35,CLEAR,DARKNESS - LIGHTED ROAD,TURNING,ONE-WAY,STOP SIGN/FLASHER,IMPROPER LANE USAGE,UNABLE TO DETERMINE,0,0,0,0,17,6,7,1021,DIVISION ST,41.83266,-87.543301,07/13/2018 06:40:00 PM,2018
CR00009596,02/24/2018 06:07:00 AM,25,CLEAR,DARKNESS - LIGHTED ROAD,ANGLE,DIVIDED - W/MEDIAN (NOT RAISED),NO CONTROLS,FOLLOWING TOO CLOSELY,IMPROPER LANE USAGE,0,0,1,1,6,7,2,2527,ASHLAND AVE,41.788703,-87.523714,02/24/2018 06:21:00 AM,2018
CR00009597,05/06/2017 11:04:00 PM,40,CLEAR,DAYLIGHT,SIDESWIPE SAME DIRECTION,DIVIDED - W/MEDIAN (NOT RAISED),STOP SIGN/FLASHER,IMPROPER OVERTAKING/PASSING,FOLLOWING TOO CLOSELY,0,0,1,1,23,7,5,2100,HALSTED ST,41.879799,-87.506659,05/06/2017 11:42:00 PM,2017
CR00009598,06/21/2022 12:26:00 PM,30,CLEAR,DAYLIGHT,REAR END,T-INTERSECTION,NO CONTROLS,FOLLOWING TOO CLOSELY,DISREGARDING TRAFFIC SIGNALS,0,0,0,0,12,3,6,1527,STATE ST,41.963347,-87.823948,06/21/2022 01:16:00 PM,2022
CR00009599,01/16/2018 03:01:00 PM,30,CLEAR,DAYLIGHT,TURNING,DIVIDED - W/MEDIAN (NOT RAISED),TRAFFIC SIGNAL,UNABLE TO DETERMINE,FOLLOWING TOO CLOSELY,0,0,0,0,15,3,1,1118,ARCHER AVE,41.758455,-87.814178,01/16/2018 03:06:00 PM,2018
CR00009600,06/26/2023 01:15:00 PM,20,CLEAR,DARKNESS - LIGHTED ROAD,TURNING,NOT DIVIDED,TRAFFIC SIGNAL,FAILING TO YIELD RIGHT-OF-WAY,UNABLE TO DETERMINE,0,0,0,0,13,2,6,594,ELSTON AVE,41.984984,-87.802727,06/26/2023 03:08:00 PM,2023
CR00009601,01/11/2023 08:47:00 AM,30,CLEAR,DAYLIGHT,REAR TO FRONT,T-INTERSECTION,NO CONTROLS,UNABLE TO DETERMINE,NOT APPLICABLE,0,0,0,0,8,4,1,908,DAMEN AVE,41.777772,-87.848343,01/11/2023 09:23:00 AM,2023
CR00009602,07/01/2024 04:07:00 PM,45,CLEAR,DAWN,ANGLE,T-INTERSECTION,NO CONTROLS,UNABLE TO DETERMINE,IMPROPER LANE USAGE,0,0,0,0,16,2,7,2110,OGDEN AVE,41.941131,-87.56136,07/01/2024 04:52:00 PM,2024
CR00009603,10/30/2021 11:33:00 AM,30,CLEAR,DAYLIGHT,REAR END,ONE-WAY,TRAFFIC SIGNAL,UNABLE TO DETERMINE,DISREGARDING TRAFFIC SIGNALS,0,0,1,1,11,7,10,1387,ELSTON AVE,41.872612,-87.675723,10/30/2021 12:12:00 PM,2021
CR00009604,07/28/2015 07:54:00 AM,35,CLEAR,DARKNESS - LIGHTED ROAD,REAR END,ONE-WAY,NO CONTROLS,FAILING TO YIELD RIGHT-OF-WAY,UNABLE TO DETERMINE,0,0,1,1,7,3,7,2273,ROOSEVELT RD,41.726659,-87.597007,07/28/2015 09:18:00 AM,2015
CR00009605,07/17/2018 06:53:00 PM,30,CLEAR,DARKNESS - LIGHTED ROAD,SIDESWIPE SAME DIRECTION,NOT DIVIDED,TRAFFIC SIGNAL,FOLLOWING TOO CLOSELY,NOT APPLICABLE,0,0,1,1,18,3,7,154,ROOSEVELT RD,41.83557,-87.618955,07/17/2018 07:37:00 PM,2018
CR00009606,01/31/2015 05:27:00 PM,30,CLEAR,DAYLIGHT,REAR END,NOT DIVIDED,NO CONTROLS,FAILING TO YIELD RIGHT-OF-WAY,IMPROPER OVERTAKING/PASSING,0,2,2,4,17,7,1,1478,BROADWAY,41.877795,-87.60018,01/31/2015 06:34:00 PM,2015
CR00009607,10/09/2023 05:21:00 PM,15,CLEAR,DAYLIGHT,REAR END,T-INTERSECTION,NO CONTROLS,IMPROPER OVERTAKING/PASSING,NOT APPLICABLE,0,0,0,0,17,2,10,994,DAMEN AVE,41.880271,-87.7114,10/09/2023 06:56:00 PM,2023
CR00009608,01/28/2017 06:13:00 PM,45,CLEAR,DARKNESS,REAR END,DIVIDED - W/MEDIAN (NOT RAISED),TRAFFIC SIGNAL,UNABLE TO DETERMINE,DRIVING SKILLS/KNOWLEDGE/EXPERIENCE,0,0,0,0,18,7,1,886,ELSTON AVE,41.98293,-87.72315,01/28/2017 06:22:00 PM,2017
CR00009609,06/23/2023 05:41:00 PM,25,CLEAR,DUSK,REAR TO FRONT,NOT DIVIDED,STOP SIGN/FLASHER,FAILING TO YIELD RIGHT-OF-WAY,NOT APPLICABLE,0,0,0,0,17,6,6,1893,PULASKI RD,41.973201,-87.513752,06/23/2023 07:38:00 PM,2023
CR00009610,07/01/2022 03:41:00 PM,35,CLEAR,DARKNESS - LIGHTED ROAD,TURNING,NOT DIVIDED,PEDESTRIAN CROSSING SIGN,UNABLE TO DETERMINE,DISTRACTION - FROM INSIDE VEHICLE,0,0,0,0,15,6,7,1655,STONY ISLAND AVE,41.750213,-87.648756,07/01/2022 04:57:00 PM,2022
CR00009611,11/03/2018 03:28:00 PM,35,CLEAR,DARKNESS,PARKED MOTOR VEHICLE,DIVIDED - W/MEDIAN (NOT RAISED),TRAFFIC SIGNAL,UNABLE TO DETERMINE,UNABLE TO DETERMINE,0,0,1,1,15,7,11,1007,CLARK ST,41.893527,-87.812571,11/03/2018 04:55:00 PM,2018
CR00009612,05/27/2018 11:35:00 AM,20,CLEAR,DAYLIGHT,SIDESWIPE SAME DIRECTION,ONE-WAY,STOP SIGN/FLASHER,FAILING TO YIELD RIGHT-OF-WAY,UNABLE TO DETERMINE,0,0,1,1,11,1,5,798,FULLERTON AVE,41.985349,-87.564342,05/27/2018 12:06:00 PM,2018
CR00009613,01/11/2019 05:45:00 PM,30,CLEAR,DARKNESS,PARKED MOTOR VEHICLE,FOUR WAY,STOP SIGN/FLASHER,FAILING TO REDUCE SPEED,FOLLOWING TOO CLOSELY,0,0,2,2,17,6,1,182,LAKE SHORE DR,41.704569,-87.556973,01/11/2019 07:28:00 PM,2019
CR00009614,08/25/2018 11:47:00 AM,30,CLEAR,DAYLIGHT,ANGLE,ONE-WAY,NO CONTROLS,DRIVING SKILLS/KNOWLEDGE/EXPERIENCE,IMPROPER LANE USAGE,0,0,1,1,11,7,8,215,WESTERN AVE,41.702715,-87.707023,08/25/2018 12:34:00 PM,2018
CR00009615,02/22/2018 11:32:00 AM,45,CLEAR,DARKNESS - LIGHTED ROAD,TURNING,NOT DIVIDED,TRAFFIC SIGNAL,UNABLE TO DETERMINE,FOLLOWING TOO CLOSELY,0,0,0,0,11,5,2,134,CICERO AVE,41.927744,-87.788747,02/22/2018 01:20:00 PM,2018
CR00009616,10/27/2021 05:23:00 PM,15,FOG/SMOKE/HAZE,DAYLIGHT,ANGLE,DIVIDED - W/MEDIAN BARRIER,NO CONTROLS,IMPROPER LANE USAGE,DISTRACTION - FROM INSIDE VEHICLE,0,0,0,0,17,4,10,1824,CALIFORNIA AVE,41.704308,-87.794529,10/27/2021 06:01:00 PM,2021
CR00009617,06/17/2016 07:15:00 PM,25,CLEAR,DAYLIGHT,PARKED MOTOR VEHICLE,DIVIDED - W/MEDIAN BARRIER,NO CONTROLS,FOLLOWING TOO CLOSELY,NOT APPLICABLE,0,0,0,0,19,6,6,1827,WESTERN AVE,41.8957,-87.814551,06/17/2016 08:05:00 PM,2016
CR00009618,07/26/2015 05:12:00 PM,20,CLEAR,DARKNESS - LIGHTED ROAD,PARKED MOTOR VEHICLE,NOT DIVIDED,NO CONTROLS,FOLLOWING TOO CLOSELY,NOT APPLICABLE,0,0,0,0,17,1,7,354,MICHIGAN AVE,41.826659,-87.688218,07/26/2015 05:59:00 PM,2015
CR00009619,07/13/2015 04:20:00 PM,20,CLEAR,DARKNESS - LIGHTED ROAD,REAR END,NOT DIVIDED,NO CONTROLS,DISTRACTION - FROM INSIDE VEHICLE,UNABLE TO DETERMINE,0,0,0,0,16,2,7,2062,OGDEN AVE,41.715367,-87.65268,07/13/2015 05:40:00 PM,2015
CR00009620,02/08/2021 10:30:00 AM,30,CLEAR,DARKNESS - LIGHTED ROAD,REAR END,DIVIDED - W/MEDIAN (NOT RAISED),STOP SIGN/FLASHER,IMPROPER OVERTAKING/PASSING,FAILING TO YIELD RIGHT-OF-WAY,0,0,0,0,10,2,2,1161,ASHLAND AVE,41.848264,-87.641788,02/08/2021 12:28:00 PM,2021
CR00009621,12/04/2018 07:29:00 PM,35,CLOUDY/OVERCAST,DAWN,TURNING,ONE-WAY,NO CONTROLS,FOLLOWING TOO CLOSELY,FAILING TO REDUCE SPEED,0,0,0,0,19,3,12,2088,LAKE SHORE DR,41.878307,-87.84038,12/04/2018 09:29:00 PM,2018
CR00009622,07/29/2023 03:36:00 AM,30,SNOW,DAYLIGHT,FIXED OBJECT,T-INTERSECTION,UNKNOWN,FAILING TO REDUCE SPEED,IMPROPER LANE USAGE,0,0,0,0,3,7,7,842,63RD ST,41.734726,-87.788415,07/29/2023 04:56:00 AM,2023
CR00009623,03/17/2020 09:17:00 AM,25,CLEAR,DAYLIGHT,REAR TO FRONT,NOT DIVIDED,TRAFFIC SIGNAL,FOLLOWING TOO CLOSELY,FAILING TO YIELD RIGHT-OF-WAY,0,0,0,0,9,3,3,1424,ARCHER AVE,41.836466,-87.61518,03/17/2020 09:43:00 AM,2020
CR00009624,03/21/2023 08:46:00 PM,35,CLEAR,DAYLIGHT,REAR END,ONE-WAY,TRAFFIC SIGNAL,UNABLE TO DETERMINE,NOT APPLICABLE,0,0,1,1,20,3,3,1887,ELSTON AVE,41.98851,-87.567182,03/21/2023 10:35:00 PM,2023
CR00009625,10/09/2020 10:58:00 PM,35,CLEAR,DAYLIGHT,FIXED OBJECT,NOT DIVIDED,NO CONTROLS,UNABLE TO DETERMINE,UNABLE TO DETERMINE,0,0,0,0,22,6,10,1414,DAMEN AVE,41.854603,-87.582833,10/09/2020 11:44:00 PM,2020
CR00009626,04/29/2017 06:50:00 PM,35,CLEAR,DAYLIGHT,PEDESTRIAN,ONE-WAY,STOP SIGN/FLASHER,FOLLOWING TOO CLOSELY,UNABLE TO DETERMINE,0,0,3,3,18,7,4,1425,PULASKI RD,41.958291,-87.537195,04/29/2017 08:12:00 PM,2017
CR00009627,06/08/2023 02:49:00 PM,35,RAIN,DARKNESS - LIGHTED ROAD,REAR END,NOT DIVIDED,TRAFFIC SIGNAL,UNABLE TO DETERMINE,NOT APPLICABLE,0,0,1,1,14,5,6,1300,ARCHER AVE,41.90326,-87.716175,06/08/2023 04:36:00 PM,2023
CR00009628,08/03/2022 04:53:00 PM,45,CLEAR,DAYLIGHT,ANGLE,DIVIDED - W/MEDIAN (NOT RAISED),STOP SIGN/FLASHER,UNABLE TO DETERMINE,NOT APPLICABLE,0,0,0,0,16,4,8,161,FULLERTON AVE,41.73581,-87.82247,08/03/2022 05:28:00 PM,2022
CR00009629,03/05/2020 05:01:00 PM,40,RAIN,DARKNESS - LIGHTED ROAD,PARKED MOTOR VEHICLE,DIVIDED - W/MEDIAN BARRIER,NO CONTROLS,UNABLE TO DETERMINE,WEATHER,0,0,0,0,17,5,3,1910,63RD ST,41.76709,-87.651731,03/05/2020 05:24:00 PM,2020
CR00009630,02/18/2015 12:35:00 AM,45,CLEAR,DAYLIGHT,TURNING,ONE-WAY,YIELD,IMPROPER LANE USAGE,UNABLE TO DETERMINE,0,0,0,0,0,4,2,1547,47TH ST,41.718853,-87.791564,02/18/2015 12:44:00 AM,2015
CR00009631,12/11/2024 07:23:00 AM,30,CLEAR,DARKNESS - LIGHTED ROAD,SIDESWIPE SAME DIRECTION,DIVIDED - W/MEDIAN (NOT RAISED),TRAFFIC SIGNAL,IMPROPER OVERTAKING/PASSING,FAILING TO REDUCE SPEED,0,0,0,0,7,4,12,2363,DAMEN AVE,41.836841,-87.762239,12/11/2024 09:06:00 AM,2024
CR00009632,09/10/2017 06:06:00 PM,30,CLEAR,DARKNESS - LIGHTED ROAD,ANGLE,DIVIDED - W/MEDIAN (NOT RAISED),TRAFFIC SIGNAL,IMPROPER OVERTAKING/PASSING,FOLLOWING TOO CLOSELY,0,0,0,0,18,1,9,1238,CALIFORNIA AVE,41.996153,-87.628637,09/10/2017 07:34:00 PM,2017
CR00009633,10/18/2017 09:54:00 AM,30,FREEZING RAIN/DRIZZLE,DAYLIGHT,REAR END,NOT DIVIDED,TRAFFIC SIGNAL,UNABLE TO DETERMINE,UNABLE TO DETERMINE,0,0,0,0,9,4,10,1086,PULASKI RD,41.700915,-87.690695,10/18/2017 11:05:00 AM,2017
CR00009634,09/16/2019 03:20:00 PM,30,RAIN,DAYLIGHT,REAR END,NOT DIVIDED,NO CONTROLS,FAILING TO YIELD RIGHT-OF-WAY,NOT APPLICABLE,0,0,3,3,15,2,9,238,ASHLAND AVE,41.93017,-87.782947,09/16/2019 04:43:00 PM,2019
CR00009635,11/19/2024 08:23:00 AM,45,CLEAR,DARKNESS - LIGHTED ROAD,ANGLE,DIVIDED - W/MEDIAN (NOT RAISED),STOP SIGN/FLASHER,UNABLE TO DETERMINE,UNABLE TO DETERMINE,0,0,0,0,8,3,11,218,MICHIGAN AVE,41.912174,-87.719323,11/19/2024 08:46:00 AM,2024
CR00009636,12/18/2022 01:15:00 PM,35,CLEAR,DAYLIGHT,REAR END,NOT DIVIDED,NO CONTROLS,UNABLE TO DETERMINE,NOT APPLICABLE,0,0,0,0,13,1,12,1872,WESTERN AVE,41.751031,-87.802681,12/18/2022 02:40:00 PM,2022