CRASH_RECORD_ID,CRASH_DATE,POSTED_SPEED_LIMIT,WEATHER_CONDITION,LIGHTING_CONDITION,FIRST_CRASH_TYPE,TRAFFICWAY_TYPE,TRAFFIC_CONTROL_DEVICE,PRIM_CONTRIBUTORY_CAUSE,SEC_CONTRIBUTORY_CAUSE,INJURIES_FATAL,INJURIES_INCAPACITATING,INJURIES_NON_INCAPACITATING,INJURIES_TOTAL,CRASH_HOUR,CRASH_DAY_OF_WEEK,CRASH_MONTH,BEAT_OF_OCCURRENCE,STREET_NAME,LATITUDE,LONGITUDE,DATE_POLICE_NOTIFIED,year
CR00009637,04/12/2022 10:17:00 PM,30,CLOUDY/OVERCAST,DAYLIGHT,TURNING,DIVIDED - W/MEDIAN (NOT RAISED),TRAFFIC SIGNAL,FAILING TO REDUCE SPEED,NOT APPLICABLE,0,0,0,0,22,3,4,1477,MICHIGAN AVE,41.961171,-87.554862,04/12/2022 11:56:00 PM,2022
CR00009638,07/07/2024 02:06:00 PM,25,CLEAR,DAYLIGHT,SIDESWIPE SAME DIRECTION,DIVIDED - W/MEDIAN (NOT RAISED),UNKNOWN,FOLLOWING TOO CLOSELY,FAILING TO REDUCE SPEED,0,0,0,0,14,1,7,2153,63RD ST,41.839093,-87.581933,07/07/2024 04:06:00 PM,2024
CR00009639,11/09/2023 12:28:00 PM,40,CLEAR,DAYLIGHT,PEDESTRIAN,NOT DIVIDED,NO CONTROLS,DRIVING SKILLS/KNOWLEDGE/EXPERIENCE,NOT APPLICABLE,0,0,0,0,12,5,11,1442,KEDZIE AVE,41.887173,-87.737867,11/09/2023 02:19:00 PM,2023
CR00009640,06/29/2021 09:46:00 AM,20,CLEAR,DAYLIGHT,REAR END,NOT DIVIDED,TRAFFIC SIGNAL,UNABLE TO DETERMINE,UNABLE TO DETERMINE,0,0,0,0,9,3,6,1602,47TH ST,41.824283,-87.537651,06/29/2021 11:34:00 AM,2021
CR00009641,08/10/2020 01:22:00 PM,20,CLEAR,DARKNESS,FIXED OBJECT,NOT DIVIDED,NO CONTROLS,UNABLE TO DETERMINE,UNABLE TO DETERMINE,0,0,3,3,13,2,8,589,CALIFORNIA AVE,41.714681,-87.58171,08/10/2020 02:38:00 PM,2020
CR00009642,09/12/2018 03:16:00 PM,25,CLEAR,DAYLIGHT,ANGLE,DIVIDED - W/MEDIAN (NOT RAISED),TRAFFIC SIGNAL,DRIVING SKILLS/KNOWLEDGE/EXPERIENCE,DRIVING SKILLS/KNOWLEDGE/EXPERIENCE,0,0,0,0,15,4,9,1620,LAKE SHORE DR,41.82376,-87.649002,09/12/2018 03:18:00 PM,2018
CR00009643,04/16/2019 05:41:00 PM,30,CLEAR,DAYLIGHT,REAR END,NOT DIVIDED,STOP SIGN/FLASHER,UNABLE TO DETERMINE,IMPROPER OVERTAKING/PASSING,0,0,1,1,17,3,4,456,ROOSEVELT RD,41.832272,-87.656529,04/16/2019 06:25:00 PM,2019
CR00009644,01/10/2016 01:19:00 PM,35,CLEAR,DARKNESS - LIGHTED ROAD,TURNING,NOT DIVIDED,STOP SIGN/FLASHER,UNABLE TO DETERMINE,FAILING TO YIELD RIGHT-OF-WAY,0,1,0,1,13,1,1,224,63RD ST,41.835835,-87.816559,01/10/2016 02:45:00 PM,2016
CR00009645,11/07/2018 01:59:00 PM,25,RAIN,DAYLIGHT,PARKED MOTOR VEHICLE,NOT DIVIDED,NO CONTROLS,FAILING TO YIELD RIGHT-OF-WAY,DISREGARDING TRAFFIC SIGNALS,0,0,0,0,13,4,11,1226,MILWAUKEE AVE,41.705539,-87.686002,11/07/2018 03:45:00 PM,2018
CR00009646,01/03/2015 12:05:00 PM,15,CLEAR,DAYLIGHT,FIXED OBJECT,ONE-WAY,STOP SIGN/FLASHER,UNABLE TO DETERMINE,IMPROPER OVERTAKING/PASSING,0,0,0,0,12,7,1,342,WESTERN AVE,41.964925,-87.660673,01/03/2015 12:18:00 PM,2015
CR00009647,11/04/2019 07:55:00 AM,20,FREEZING RAIN/DRIZZLE,DARKNESS - LIGHTED ROAD,PARKED MOTOR VEHICLE,DIVIDED - W/MEDIAN (NOT RAISED),TRAFFIC SIGNAL,WEATHER,UNABLE TO DETERMINE,0,0,0,0,7,2,11,2453,CLARK ST,41.926555,-87.56958,11/04/2019 09:46:00 AM,2019
CR00009648,05/18/2023 11:01:00 AM,45,CLEAR,DARKNESS - LIGHTED ROAD,ANGLE,ONE-WAY,NO CONTROLS,FOLLOWING TOO CLOSELY,NOT APPLICABLE,0,0,0,0,11,5,5,774,FULLERTON AVE,41.910497,-87.509949,05/18/2023 11:55:00 AM,2023
CR00009649,08/02/2016 03:58:00 PM,45,CLEAR,DARKNESS - LIGHTED ROAD,ANGLE,ONE-WAY,NO CONTROLS,WEATHER,NOT APPLICABLE,0,0,0,0,15,3,8,1379,HALSTED ST,41.990098,-87.583557,08/02/2016 04:40:00 PM,2016
CR00009650,10/16/2022 06:59:00 PM,20,CLEAR,DUSK,ANGLE,DIVIDED - W/MEDIAN (NOT RAISED),STOP SIGN/FLASHER,FAILING TO YIELD RIGHT-OF-WAY,UNABLE TO DETERMINE,0,0,0,0,18,1,10,2307,DIVISION ST,41.864011,-87.84895,10/16/2022 08:15:00 PM,2022
CR00009651,06/01/2017 04:03:00 PM,30,CLEAR,DARKNESS - LIGHTED ROAD,TURNING,NOT DIVIDED,NO CONTROLS,UNABLE TO DETERMINE,FOLLOWING TOO CLOSELY,0,0,0,0,16,5,6,2302,KEDZIE AVE,41.79174,-87.835953,06/01/2017 05:57:00 PM,2017
CR00009652,03/18/2023 01:53:00 PM,35,CLEAR,DARKNESS,TURNING,NOT DIVIDED,PEDESTRIAN CROSSING SIGN,WEATHER,WEATHER,0,0,0,0,13,7,3,188,HALSTED ST,41.875234,-87.808018,03/18/2023 03:50:00 PM,2023
CR00009653,07/16/2016 07:18:00 AM,35,CLEAR,DARKNESS - LIGHTED ROAD,TURNING,NOT DIVIDED,STOP SIGN/FLASHER,DISTRACTION - FROM INSIDE VEHICLE,FAILING TO YIELD RIGHT-OF-WAY,0,0,0,0,7,7,7,523,CLARK ST,41.777387,-87.818509,07/16/2016 08:42:00 AM,2016
CR00009654,11/12/2015 06:50:00 PM,30,CLEAR,DAYLIGHT,ANGLE,FOUR WAY,TRAFFIC SIGNAL,DISREGARDING TRAFFIC SIGNALS,DRIVING SKILLS/KNOWLEDGE/EXPERIENCE,0,0,0,0,18,5,11,455,ASHLAND AVE,41.987507,-87.837589,11/12/2015 08:00:00 PM,2015
CR00009655,04/03/2019 03:02:00 PM,35,CLEAR,DAYLIGHT,REAR END,DIVIDED - W/MEDIAN (NOT RAISED),NO CONTROLS,FAILING TO YIELD RIGHT-OF-WAY,IMPROPER LANE USAGE,0,0,0,0,15,4,4,1296,CLARK ST,41.917315,-87.589787,04/03/2019 04:20:00 PM,2019
CR00009656,02/15/2019 01:29:00 AM,15,RAIN,DAYLIGHT,FIXED OBJECT,DIVIDED - W/MEDIAN (NOT RAISED),TRAFFIC SIGNAL,FAILING TO REDUCE SPEED,UNABLE TO DETERMINE,0,0,0,0,1,6,2,1273,DAMEN AVE,41.782413,-87.698278,02/15/2019 03:18:00 AM,2019
CR00009657,05/01/2016 05:34:00 PM,15,CLEAR,DUSK,TURNING,FOUR WAY,NO CONTROLS,DRIVING SKILLS/KNOWLEDGE/EXPERIENCE,FOLLOWING TOO CLOSELY,0,0,0,0,17,1,5,1555,MICHIGAN AVE,41.768547,-87.633077,05/01/2016 07:30:00 PM,2016
CR00009658,11/23/2017 12:32:00 AM,30,CLEAR,DAYLIGHT,ANGLE,NOT DIVIDED,TRAFFIC SIGNAL,UNABLE TO DETERMINE,NOT APPLICABLE,0,0,2,2,0,5,11,1024,47TH ST,41.795106,-87.577743,11/23/2017 01:47:00 AM,2017
CR00009659,04/11/2018 07:21:00 PM,25,CLEAR,DAYLIGHT,REAR END,FOUR WAY,STOP SIGN/FLASHER,UNABLE TO DETERMINE,DISTRACTION - FROM INSIDE VEHICLE,0,0,0,0,19,4,4,1604,CLARK ST,41.743948,-87.563566,04/11/2018 08:54:00 PM,2018
CR00009660,11/04/2017 05:42:00 PM,20,CLEAR,DARKNESS,TURNING,NOT DIVIDED,NO CONTROLS,UNABLE TO DETERMINE,DISTRACTION - FROM INSIDE VEHICLE,0,0,0,0,17,7,11,1925,BROADWAY,41.842622,-87.836357,11/04/2017 06:07:00 PM,2017
CR00009661,07/24/2015 01:36:00 PM,45,CLEAR,DARKNESS - LIGHTED ROAD,REAR END,DIVIDED - W/MEDIAN BARRIER,TRAFFIC SIGNAL,UNABLE TO DETERMINE,FAILING TO YIELD RIGHT-OF-WAY,0,0,0,0,13,6,7,1478,79TH ST,41.77709,-87.563888,07/24/2015 03:20:00 PM,2015
CR00009662,11/15/2024 04:40:00 PM,30,CLEAR,DAYLIGHT,ANGLE,NOT DIVIDED,NO CONTROLS,FAILING TO YIELD RIGHT-OF-WAY,DISTRACTION - FROM INSIDE VEHICLE,0,0,0,0,16,6,11,844,ELSTON AVE,41.857675,-87.515248,11/15/2024 06:31:00 PM,2024
CR00009663,05/30/2023 08:58:00 PM,35,CLEAR,DAYLIGHT,SIDESWIPE SAME DIRECTION,NOT DIVIDED,NO CONTROLS,IMPROPER OVERTAKING/PASSING,FAILING TO REDUCE SPEED,0,0,0,0,20,3,5,764,OGDEN AVE,41.961629,-87.516792,05/30/2023 10:04:00 PM,2023
CR00009664,01/17/2019 04:58:00 AM,45,SNOW,DUSK,FIXED OBJECT,NOT DIVIDED,NO CONTROLS,UNABLE TO DETERMINE,WEATHER,0,0,0,0,4,5,1,476,63RD ST,41.93226,-87.599922,01/17/2019 06:28:00 AM,2019
CR00009665,03/31/2018 01:28:00 PM,30,CLEAR,DAYLIGHT,SIDESWIPE SAME DIRECTION,DIVIDED - W/MEDIAN (NOT RAISED),NO CONTROLS,UNABLE TO DETERMINE,NOT APPLICABLE,0,0,0,0,13,7,3,1522,IRVING PARK RD,41.95278,-87.550204,03/31/2018 02:07:00 PM,2018
CR00009666,05/27/2016 04:24:00 PM,30,CLEAR,DARKNESS - LIGHTED ROAD,REAR TO FRONT,FOUR WAY,TRAFFIC SIGNAL,FOLLOWING TOO CLOSELY,DISTRACTION - FROM INSIDE VEHICLE,0,0,3,3,16,6,5,475,63RD ST,41.953949,-87.620112,05/27/2016 06:03:00 PM,2016
CR00009667,08/16/2015 01:07:00 AM,40,CLEAR,DAYLIGHT,ANGLE,ONE-WAY,YIELD,UNABLE TO DETERMINE,WEATHER,0,0,0,0,1,1,8,1539,MICHIGAN AVE,41.884823,-87.549612,08/16/2015 01:21:00 AM,2015
CR00009668,07/29/2019 09:59:00 AM,25,CLEAR,DARKNESS - LIGHTED ROAD,TURNING,DIVIDED - W/MEDIAN BARRIER,STOP SIGN/FLASHER,DISREGARDING TRAFFIC SIGNALS,UNABLE TO DETERMINE,0,0,2,2,9,2,7,1846,CALIFORNIA AVE,41.943519,-87.795243,07/29/2019 10:40:00 AM,2019
CR00009669,05/28/2021 07:15:00 AM,35,CLEAR,DARKNESS - LIGHTED ROAD,ANGLE,DIVIDED - W/MEDIAN (NOT RAISED),TRAFFIC SIGNAL,IMPROPER OVERTAKING/PASSING,UNABLE TO DETERMINE,0,0,0,0,7,6,5,590,CALIFORNIA AVE,41.928895,-87.635933,05/28/2021 08:02:00 AM,2021
CR00009670,12/28/2018 07:23:00 AM,30,CLEAR,DAYLIGHT,ANGLE,FOUR WAY,NO CONTROLS,IMPROPER OVERTAKING/PASSING,DISTRACTION - FROM INSIDE VEHICLE,0,0,1,1,7,6,12,1494,DAMEN AVE,41.954486,-87.517699,12/28/2018 07:24:00 AM,2018
CR00009671,06/22/2024 09:03:00 PM,35,CLEAR,DAYLIGHT,REAR END,ONE-WAY,TRAFFIC SIGNAL,UNABLE TO DETERMINE,NOT APPLICABLE,0,0,0,0,21,7,6,1700,ROOSEVELT RD,41.858832,-87.750868,06/22/2024 09:58:00 PM,2024
CR00009672,12/09/2024 07:16:00 AM,45,CLEAR,DARKNESS - LIGHTED ROAD,ANGLE,DIVIDED - W/MEDIAN BARRIER,NO CONTROLS,FOLLOWING TOO CLOSELY,NOT APPLICABLE,0,0,0,0,7,2,12,957,STONY ISLAND AVE,41.965976,-87.798464,12/09/2024 09:01:00 AM,2024
CR00009673,04/05/2022 06:27:00 PM,30,CLOUDY/OVERCAST,DARKNESS - LIGHTED ROAD,SIDESWIPE SAME DIRECTION,T-INTERSECTION,NO CONTROLS,FOLLOWING TOO CLOSELY,DISTRACTION - FROM INSIDE VEHICLE,0,0,0,0,18,3,4,2318,KEDZIE AVE,41.782533,-87.55609,04/05/2022 08:08:00 PM,2022
CR00009674,10/24/2022 11:13:00 AM,15,CLEAR,DAYLIGHT,FIXED OBJECT,NOT DIVIDED,NO CONTROLS,UNABLE TO DETERMINE,IMPROPER LANE USAGE,0,0,0,0,11,2,10,1193,CICERO AVE,41.971684,-87.744753,10/24/2022 01:13:00 PM,2022
CR00009675,10/04/2015 03:24:00 PM,30,CLEAR,DARKNESS - LIGHTED ROAD,REAR END,DIVIDED - W/MEDIAN (NOT RAISED),TRAFFIC SIGNAL,DISTRACTION - FROM INSIDE VEHICLE,NOT APPLICABLE,0,0,3,3,15,1,10,2041,DAMEN AVE,41.90545,-87.662162,10/04/2015 04:28:00 PM,2015
CR00009676,03/12/2023 03:47:00 AM,20,CLEAR,DARKNESS,ANGLE,DIVIDED - W/MEDIAN (NOT RAISED),TRAFFIC SIGNAL,DRIVING SKILLS/KNOWLEDGE/EXPERIENCE,FOLLOWING TOO CLOSELY,0,0,0,0,3,1,3,2286,STATE ST,41.710851,-87.848213,03/12/2023 04:38:00 AM,2023
CR00009677,12/20/2023 07:42:00 AM,20,CLEAR,DAYLIGHT,ANGLE,FOUR WAY,NO CONTROLS,UNABLE TO DETERMINE,FAILING TO REDUCE SPEED,0,0,0,0,7,4,12,1968,ELSTON AVE,41.923867,-87.662526,12/20/2023 08:07:00 AM,2023
CR00009678,10/18/2022 08:13:00 AM,30,CLEAR,DAYLIGHT,REAR END,NOT DIVIDED,NO CONTROLS,DRIVING SKILLS/KNOWLEDGE/EXPERIENCE,UNABLE TO DETERMINE,0,0,2,2,8,3,10,2302,CICERO AVE,41.826229,-87.807352,10/18/2022 08:24:00 AM,2022
CR00009679,05/28/2018 03:23:00 PM,25,CLEAR,DAWN,SIDESWIPE SAME DIRECTION,ONE-WAY,TRAFFIC SIGNAL,DRIVING SKILLS/KNOWLEDGE/EXPERIENCE,IMPROPER OVERTAKING/PASSING,0,0,0,0,15,2,5,1967,MILWAUKEE AVE,41.841175,-87.633849,05/28/2018 03:35:00 PM,2018
CR00009680,11/17/2020 07:05:00 PM,30,SNOW,DUSK,TURNING,DIVIDED - W/MEDIAN (NOT RAISED),NO CONTROLS,FOLLOWING TOO CLOSELY,FOLLOWING TOO CLOSELY,0,0,0,0,19,3,11,516,IRVING PARK RD,41.735259,-87.772992,11/17/2020 07:45:00 PM,2020
CR00009681,05/03/2023 04:41:00 AM,35,CLOUDY/OVERCAST,DAYLIGHT,PARKED MOTOR VEHICLE,NOT DIVIDED,STOP SIGN/FLASHER,UNABLE TO DETERMINE,FAILING TO YIELD RIGHT-OF-WAY,0,0,0,0,4,4,5,980,63RD ST,41.883704,-87.71577,05/03/2023 06:05:00 AM,2023
CR00009682,01/04/2022 07:46:00 PM,25,CLEAR,DAYLIGHT,ANGLE,DIVIDED - W/MEDIAN BARRIER,NO CONTROLS,UNABLE TO DETERMINE,NOT APPLICABLE,0,0,0,0,19,3,1,735,47TH ST,41.930479,-87.505414,01/04/2022 08:29:00 PM,2022
CR00009683,05/21/2017 04:45:00 PM,15,RAIN,DAYLIGHT,TURNING,DIVIDED - W/MEDIAN (NOT RAISED),TRAFFIC SIGNAL,IMPROPER LANE USAGE,FAILING TO REDUCE SPEED,0,0,3,3,16,1,5,1225,BROADWAY,41.853702,-87.704021,05/21/2017 06:43:00 PM,2017
CR00009684,06/10/2020 08:54:00 AM,15,CLOUDY/OVERCAST,DARKNESS - LIGHTED ROAD,TURNING,ONE-WAY,NO CONTROLS,IMPROPER OVERTAKING/PASSING,FOLLOWING TOO CLOSELY,0,0,2,2,8,4,6,1952,ELSTON AVE,41.939619,-87.540305,06/10/2020 10:48:00 AM,2020
CR00009685,06/25/2022 12:30:00 AM,30,CLEAR,DARKNESS - LIGHTED ROAD,PARKED MOTOR VEHICLE,NOT DIVIDED,TRAFFIC SIGNAL,FAILING TO YIELD RIGHT-OF-WAY,DRIVING SKILLS/KNOWLEDGE/EXPERIENCE,0,0,0,0,0,7,6,1280,ASHLAND AVE,41.874358,-87.752288,06/25/2022 12:54:00 AM,2022
CR00009686,01/17/2021 06:28:00 AM,30,CLEAR,DAYLIGHT,REAR END,NOT DIVIDED,NO CONTROLS,UNABLE TO DETERMINE,NOT APPLICABLE,0,0,1,1,6,1,1,2297,LAKE SHORE DR,41.959468,-87.764372,01/17/2021 07:42:00 AM,2021
CR00009687,10/30/2015 09:39:00 PM,45,SNOW,DAYLIGHT,REAR END,DIVIDED - W/MEDIAN BARRIER,NO CONTROLS,FAILING TO YIELD RIGHT-OF-WAY,NOT APPLICABLE,0,2,1,3,21,6,10,397,ROOSEVELT RD,41.806701,-87.82573,10/30/2015 11:27:00 PM,2015
CR00009688,10/22/2024 06:41:00 PM,35,CLEAR,DAYLIGHT,FIXED OBJECT,NOT DIVIDED,NO CONTROLS,FAILING TO REDUCE SPEED,UNABLE TO DETERMINE,0,0,0,0,18,3,10,1957,63RD ST,41.838657,-87.627651,10/22/2024 07:10:00 PM,2024
CR00009689,05/24/2018 07:04:00 AM,30,CLEAR,DAYLIGHT,REAR END,ONE-WAY,NO CONTROLS,DRIVING SKILLS/KNOWLEDGE/EXPERIENCE,UNABLE TO DETERMINE,0,0,0,0,7,5,5,176,WESTERN AVE,41.955653,-87.607736,05/24/2018 07:24:00 AM,2018
CR00009690,03/01/2017 07:24:00 PM,40,CLEAR,DAWN,PARKED MOTOR VEHICLE,DIVIDED - W/MEDIAN (NOT RAISED),NO CONTROLS,FAILING TO REDUCE SPEED,FOLLOWING TOO CLOSELY,0,0,0,0,19,4,3,1369,MICHIGAN AVE,41.899491,-87.53512,03/01/2017 08:30:00 PM,2017
CR00009691,06/22/2019 12:51:00 PM,35,CLEAR,DARKNESS - LIGHTED ROAD,ANGLE,NOT DIVIDED,NO CONTROLS,DRIVING SKILLS/KNOWLEDGE/EXPERIENCE,FAILING TO YIELD RIGHT-OF-WAY,0,0,0,0,12,7,6,1822,CICERO AVE,41.843436,-87.643483,06/22/2019 01:49:00 PM,2019
CR00009692,09/22/2017 07:41:00 AM,25,SNOW,DAYLIGHT,PARKED MOTOR VEHICLE,ONE-WAY,NO CONTROLS,DRIVING SKILLS/KNOWLEDGE/EXPERIENCE,IMPROPER LANE USAGE,0,0,3,3,7,6,9,1119,79TH ST,41.882231,-87.817145,09/22/2017 09:13:00 AM,2017
CR00009693,10/07/2020 09:33:00 AM,30,CLEAR,DARKNESS - LIGHTED ROAD,REAR END,DIVIDED - W/MEDIAN BARRIER,UNKNOWN,UNABLE TO DETERMINE,WEATHER,0,0,0,0,9,4,10,110,CALIFORNIA AVE,41.86878,-87.799739,10/07/2020 10:08:00 AM,2020
CR00009694,02/20/2015 12:52:00 AM,45,CLEAR,DARKNESS,REAR END,NOT DIVIDED,NO CONTROLS,DRIVING SKILLS/KNOWLEDGE/EXPERIENCE,FAILING TO YIELD RIGHT-OF-WAY,0,1,2,3,0,6,2,2082,KEDZIE AVE,41.840376,-87.807115,02/20/2015 02:30:00 AM,2015
CR00009695,06/02/2024 06:33:00 PM,30,RAIN,DAYLIGHT,PEDESTRIAN,ONE-WAY,NO CONTROLS,FAILING TO YIELD RIGHT-OF-WAY,FOLLOWING TOO CLOSELY,0,0,0,0,18,1,6,525,LAKE SHORE DR,41.923491,-87.751003,06/02/2024 06:46:00 PM,2024
CR00009696,09/26/2020 07:14:00 AM,35,RAIN,DARKNESS - LIGHTED ROAD,SIDESWIPE SAME DIRECTION,FOUR WAY,NO CONTROLS,IMPROPER OVERTAKING/PASSING,DRIVING SKILLS/KNOWLEDGE/EXPERIENCE,0,0,0,0,7,7,9,400,MILWAUKEE AVE,41.755319,-87.654513,09/26/2020 08:47:00 AM,2020
CR00009697,10/06/2016 11:27:00 AM,35,CLEAR,DARKNESS,ANGLE,T-INTERSECTION,NO CONTROLS,IMPROPER LANE USAGE,UNABLE TO DETERMINE,0,0,0,0,11,5,10,1490,FULLERTON AVE,41.926886,-87.594417,10/06/2016 01:10:00 PM,2016
CR00009698,03/28/2022 05:53:00 PM,25,CLEAR,DAYLIGHT,REAR END,NOT DIVIDED,NO CONTROLS,DISREGARDING TRAFFIC SIGNALS,FAILING TO YIELD RIGHT-OF-WAY,0,0,0,0,17,2,3,1237,79TH ST,41.960226,-87.846964,03/28/2022 06:41:00 PM,2022
CR00009699,04/23/2021 08:20:00 AM,30,RAIN,DAYLIGHT,PARKED MOTOR VEHICLE,NOT DIVIDED,STOP SIGN/FLASHER,IMPROPER OVERTAKING/PASSING,IMPROPER LANE USAGE,0,0,0,0,8,6,4,324,OGDEN AVE,41.876108,-87.552077,04/23/2021 09:15:00 AM,2021
CR00009700,05/31/2017 11:42:00 PM,40,CLEAR,DAYLIGHT,SIDESWIPE SAME DIRECTION,NOT DIVIDED,TRAFFIC SIGNAL,IMPROPER LANE USAGE,IMPROPER LANE USAGE,0,0,0,0,23,4,5,2273,OGDEN AVE,41.719853,-87.556806,05/31/2017 11:43:00 PM,2017
CR00009701,08/23/2019 11:45:00 AM,30,CLEAR,DAYLIGHT,TURNING,FOUR WAY,TRAFFIC SIGNAL,IMPROPER OVERTAKING/PASSING,IMPROPER LANE USAGE,0,1,3,4,11,6,8,190,HALSTED ST,41.871321,-87.577921,08/23/2019 12:53:00 PM,2019
CR00009702,08/02/2024 03:38:00 AM,25,CLEAR,DAYLIGHT,FIXED OBJECT,FOUR WAY,YIELD,FOLLOWING TOO CLOSELY,NOT APPLICABLE,0,1,3,4,3,6,8,1910,WESTERN AVE,41.781365,-87.555768,08/02/2024 04:36:00 AM,2024
CR00009703,03/02/2024 06:05:00 AM,35,CLEAR,DARKNESS,PEDESTRIAN,NOT DIVIDED,UNKNOWN,UNABLE TO DETERMINE,DISTRACTION - FROM INSIDE VEHICLE,0,0,0,0,6,7,3,1984,STATE ST,41.922758,-87.588594,03/02/2024 06:20:00 AM,2024
CR00009704,12/03/2018 12:15:00 PM,30,CLEAR,DAYLIGHT,TURNING,DIVIDED - W/MEDIAN (NOT RAISED),NO CONTROLS,IMPROPER LANE USAGE,DRIVING SKILLS/KNOWLEDGE/EXPERIENCE,0,0,1,1,12,2,12,2268,STATE ST,41.829658,-87.68063,12/03/2018 01:08:00 PM,2018
CR00009705,07/09/2020 05:34:00 PM,35,CLEAR,DAYLIGHT,ANGLE,FOUR WAY,NO CONTROLS,FAILING TO YIELD RIGHT-OF-WAY,FAILING TO YIELD RIGHT-OF-WAY,0,0,0,0,17,5,7,760,ASHLAND AVE,41.993831,-87.604054,07/09/2020 06:38:00 PM,2020
CR00009706,12/06/2019 10:42:00 AM,35,CLEAR,DARKNESS,TURNING,FOUR WAY,TRAFFIC SIGNAL,FAILING TO YIELD RIGHT-OF-WAY,FAILING TO YIELD RIGHT-OF-WAY,0,0,0,0,10,6,12,2515,LAKE SHORE DR,41.733655,-87.718328,12/06/2019 10:59:00 AM,2019
CR00009707,06/11/2024 06:46:00 PM,20,RAIN,DAYLIGHT,PEDESTRIAN,DIVIDED - W/MEDIAN (NOT RAISED),UNKNOWN,IMPROPER OVERTAKING/PASSING,NOT APPLICABLE,0,0,1,1,18,3,6,2024,CALIFORNIA AVE,41.812674,-87.720883,06/11/2024 08:12:00 PM,2024
CR00009708,12/30/2021 01:55:00 PM,35,CLEAR,DARKNESS - LIGHTED ROAD,REAR END,DIVIDED - W/MEDIAN BARRIER,STOP SIGN/FLASHER,IMPROPER OVERTAKING/PASSING,UNABLE TO DETERMINE,0,0,1,1,13,5,12,1465,OGDEN AVE,41.725927,-87.510273,12/30/2021 02:41:00 PM,2021
CR00009709,02/10/2020 05:48:00 PM,35,CLEAR,DAYLIGHT,ANGLE,DIVIDED - W/MEDIAN (NOT RAISED),STOP SIGN/FLASHER,IMPROPER OVERTAKING/PASSING,IMPROPER LANE USAGE,0,0,0,0,17,2,2,922,OGDEN AVE,41.976983,-87.512194,02/10/2020 07:09:00 PM,2020
CR00009710,06/02/2017 03:07:00 PM,20,SNOW,DAYLIGHT,SIDESWIPE SAME DIRECTION,ONE-WAY,TRAFFIC SIGNAL,WEATHER,UNABLE TO DETERMINE,0,0,0,0,15,6,6,1692,DAMEN AVE,41.838628,-87.580642,06/02/2017 04:47:00 PM,2017
CR00009711,04/28/2023 05:54:00 PM,20,CLEAR,DUSK,TURNING,ONE-WAY,NO CONTROLS,IMPROPER OVERTAKING/PASSING,UNABLE TO DETERMINE,0,1,3,4,17,6,4,987,ARCHER AVE,41.776943,-87.563755,04/28/2023 07:21:00 PM,2023
CR00009712,06/23/2020 05:54:00 PM,20,CLEAR,DAYLIGHT,SIDESWIPE SAME DIRECTION,NOT DIVIDED,STOP SIGN/FLASHER,UNABLE TO DETERMINE,FOLLOWING TOO CLOSELY,0,0,0,0,17,3,6,1808,LAKE SHORE DR,41.767005,-87.7818,06/23/2020 07:38:00 PM,2020
CR00009713,05/16/2016 12:58:00 PM,30,FOG/SMOKE/HAZE,DAWN,REAR END,DIVIDED - W/MEDIAN (NOT RAISED),NO CONTROLS,IMPROPER OVERTAKING/PASSING,UNABLE TO DETERMINE,0,0,1,1,12,2,5,401,63RD ST,41.923423,-87.719662,05/16/2016 01:25:00 PM,2016
CR00009714,11/21/2023 09:26:00 AM,45,CLEAR,DAYLIGHT,REAR END,DIVIDED - W/MEDIAN (NOT RAISED),TRAFFIC SIGNAL,DISTRACTION - FROM INSIDE VEHICLE,NOT APPLICABLE,0,0,0,0,9,3,11,823,FULLERTON AVE,41.711437,-87.555623,11/21/2023 09:33:00 AM,2023
CR00009715,04/11/2019 10:27:00 AM,20,CLOUDY/OVERCAST,DAYLIGHT,REAR END,NOT DIVIDED,NO CONTROLS,DISTRACTION - FROM INSIDE VEHICLE,UNABLE TO DETERMINE,0,0,0,0,10,5,4,2207,63RD ST,41.732756,-87.578566,04/11/2019 11:10:00 AM,2019
CR00009716,05/19/2024 06:31:00 PM,45,RAIN,DARKNESS - LIGHTED ROAD,FIXED OBJECT,NOT DIVIDED,NO CONTROLS,UNABLE TO DETERMINE,NOT APPLICABLE,0,0,0,0,18,1,5,1737,BROADWAY,41.718095,-87.82928,05/19/2024 06:49:00 PM,2024
CR00009717,10/21/2021 04:35:00 PM,45,CLEAR,DAWN,ANGLE,FOUR WAY,NO CONTROLS,DRIVING SKILLS/KNOWLEDGE/EXPERIENCE,UNABLE TO DETERMINE,0,1,1,2,16,5,10,1544,STONY ISLAND AVE,41.730032,-87.503781,10/21/2021 05:09:00 PM,2021
CR00009718,10/23/2019 04:01:00 PM,30,CLOUDY/OVERCAST,DAYLIGHT,REAR END,NOT DIVIDED,TRAFFIC SIGNAL,UNABLE TO DETERMINE,FOLLOWING TOO CLOSELY,0,0,0,0,16,4,10,292,CALIFORNIA AVE,41.801948,-87.569066,10/23/2019 04:49:00 PM,2019
CR00009719,04/07/2015 01:58:00 PM,20,CLEAR,DAYLIGHT,REAR END,FOUR WAY,NO CONTROLS,FOLLOWING TOO CLOSELY,NOT APPLICABLE,0,0,0,0,13,3,4,744,DIVISION ST,41.897554,-87.766139,04/07/2015 03:16:00 PM,2015