CRASH_RECORD_ID,CRASH_DATE,POSTED_SPEED_LIMIT,WEATHER_CONDITION,LIGHTING_CONDITION,FIRST_CRASH_TYPE,TRAFFICWAY_TYPE,TRAFFIC_CONTROL_DEVICE,PRIM_CONTRIBUTORY_CAUSE,SEC_CONTRIBUTORY_CAUSE,INJURIES_FATAL,INJURIES_INCAPACITATING,INJURIES_NON_INCAPACITATING,INJURIES_TOTAL,CRASH_HOUR,CRASH_DAY_OF_WEEK,CRASH_MONTH,BEAT_OF_OCCURRENCE,STREET_NAME,LATITUDE,LONGITUDE,DATE_POLICE_NOTIFIED,year
CR00009720,02/20/2018 08:47:00 PM,30,CLEAR,DARKNESS - LIGHTED ROAD,SIDESWIPE SAME DIRECTION,NOT DIVIDED,NO CONTROLS,WEATHER,IMPROPER OVERTAKING/PASSING,0,0,0,0,20,3,2,1607,OGDEN AVE,41.976511,-87.819567,02/20/2018 09:17:00 PM,2018
CR00009721,10/24/2019 12:20:00 PM,35,CLEAR,DAYLIGHT,SIDESWIPE SAME DIRECTION,DIVIDED - W/MEDIAN (NOT RAISED),NO CONTROLS,UNABLE TO DETERMINE,DISTRACTION - FROM INSIDE VEHICLE,0,0,0,0,12,5,10,432,ASHLAND AVE,41.863876,-87.578707,10/24/2019 01:28:00 PM,2019
CR00009722,05/01/2017 10:34:00 PM,35,CLEAR,DUSK,ANGLE,NOT DIVIDED,TRAFFIC SIGNAL,FAILING TO YIELD RIGHT-OF-WAY,FOLLOWING TOO CLOSELY,0,0,0,0,22,2,5,1501,79TH ST,41.803295,-87.552924,05/01/2017 11:58:00 PM,2017
CR00009723,09/18/2019 09:36:00 AM,30,FOG/SMOKE/HAZE,DUSK,TURNING,NOT DIVIDED,UNKNOWN,DISREGARDING TRAFFIC SIGNALS,FOLLOWING TOO CLOSELY,0,0,0,0,9,4,9,2530,MICHIGAN AVE,41.968323,-87.502179,09/18/2019 10:29:00 AM,2019
CR00009724,12/21/2021 11:46:00 AM,20,CLEAR,DAYLIGHT,REAR END,T-INTERSECTION,NO CONTROLS,DISREGARDING TRAFFIC SIGNALS,DRIVING SKILLS/KNOWLEDGE/EXPERIENCE,0,0,0,0,11,3,12,1674,CALIFORNIA AVE,41.847152,-87.505315,12/21/2021 12:43:00 PM,2021
CR00009725,08/06/2022 09:59:00 PM,35,CLEAR,DAYLIGHT,SIDESWIPE SAME DIRECTION,ONE-WAY,TRAFFIC SIGNAL,FAILING TO YIELD RIGHT-OF-WAY,UNABLE TO DETERMINE,0,0,0,0,21,7,8,1352,CLARK ST,41.912068,-87.60472,08/06/2022 10:40:00 PM,2022
CR00009726,08/02/2020 08:54:00 AM,35,CLEAR,DAYLIGHT,PARKED MOTOR VEHICLE,T-INTERSECTION,NO CONTROLS,IMPROPER LANE USAGE,FOLLOWING TOO CLOSELY,0,0,0,0,8,1,8,1105,HALSTED ST,41.852277,-87.756941,08/02/2020 09:08:00 AM,2020
CR00009727,09/04/2024 08:37:00 AM,25,CLEAR,DARKNESS - LIGHTED ROAD,PEDESTRIAN,NOT DIVIDED,TRAFFIC SIGNAL,UNABLE TO DETERMINE,UNABLE TO DETERMINE,0,0,0,0,8,4,9,2155,STONY ISLAND AVE,41.712462,-87.666523,09/04/2024 09:34:00 AM,2024
CR00009728,10/24/2015 03:41:00 PM,25,RAIN,DAYLIGHT,REAR END,NOT DIVIDED,UNKNOWN,FOLLOWING TOO CLOSELY,UNABLE TO DETERMINE,0,0,0,0,15,7,10,344,ASHLAND AVE,41.890564,-87.664592,10/24/2015 04:01:00 PM,2015
CR00009729,03/02/2022 11:44:00 AM,30,RAIN,DAYLIGHT,SIDESWIPE SAME DIRECTION,DIVIDED - W/MEDIAN (NOT RAISED),TRAFFIC SIGNAL,UNABLE TO DETERMINE,DISTRACTION - FROM INSIDE VEHICLE,0,0,0,0,11,4,3,2305,MICHIGAN AVE,41.949281,-87.814311,03/02/2022 12:27:00 PM,2022
CR00009730,01/12/2016 05:58:00 PM,35,CLEAR,DARKNESS,REAR TO FRONT,DIVIDED - W/MEDIAN (NOT RAISED),NO CONTROLS,UNABLE TO DETERMINE,NOT APPLICABLE,0,0,0,0,17,3,1,372,CICERO AVE,41.798343,-87.60086,01/12/2016 07:51:00 PM,2016
CR00009731,06/24/2017 08:37:00 PM,20,CLEAR,DARKNESS - LIGHTED ROAD,PEDESTRIAN,ONE-WAY,STOP SIGN/FLASHER,IMPROPER OVERTAKING/PASSING,UNABLE TO DETERMINE,0,0,1,1,20,7,6,1665,ELSTON AVE,41.7055,-87.604127,06/24/2017 10:18:00 PM,2017
CR00009732,11/14/2023 03:01:00 AM,20,CLEAR,DAYLIGHT,FIXED OBJECT,NOT DIVIDED,TRAFFIC SIGNAL,FAILING TO YIELD RIGHT-OF-WAY,UNABLE TO DETERMINE,0,0,0,0,3,3,11,1670,PULASKI RD,41.79368,-87.809452,11/14/2023 03:04:00 AM,2023
CR00009733,10/05/2015 05:49:00 PM,15,CLEAR,DUSK,PEDESTRIAN,ONE-WAY,PEDESTRIAN CROSSING SIGN,FOLLOWING TOO CLOSELY,UNABLE TO DETERMINE,0,0,0,0,17,2,10,1441,ROOSEVELT RD,41.826134,-87.827048,10/05/2015 06:50:00 PM,2015
CR00009734,11/21/2024 08:21:00 PM,40,FOG/SMOKE/HAZE,DAYLIGHT,REAR TO FRONT,ONE-WAY,STOP SIGN/FLASHER,FAILING TO REDUCE SPEED,UNABLE TO DETERMINE,0,0,0,0,20,5,11,829,STATE ST,41.890383,-87.604319,11/21/2024 09:36:00 PM,2024
CR00009735,12/13/2018 01:37:00 PM,35,RAIN,DAYLIGHT,SIDESWIPE SAME DIRECTION,DIVIDED - W/MEDIAN BARRIER,NO CONTROLS,FOLLOWING TOO CLOSELY,DISTRACTION - FROM INSIDE VEHICLE,0,0,0,0,13,5,12,1996,KEDZIE AVE,41.781513,-87.739627,12/13/2018 02:13:00 PM,2018
CR00009736,07/18/2022 05:20:00 PM,35,CLEAR,DAYLIGHT,ANGLE,NOT DIVIDED,TRAFFIC SIGNAL,DRIVING SKILLS/KNOWLEDGE/EXPERIENCE,UNABLE TO DETERMINE,0,0,1,1,17,2,7,974,WESTERN AVE,41.815875,-87.649525,07/18/2022 06:10:00 PM,2022
CR00009737,08/02/2018 01:19:00 AM,30,CLOUDY/OVERCAST,DARKNESS - LIGHTED ROAD,ANGLE,DIVIDED - W/MEDIAN (NOT RAISED),TRAFFIC SIGNAL,FAILING TO YIELD RIGHT-OF-WAY,WEATHER,0,0,0,0,1,5,8,689,LAKE SHORE DR,41.818152,-87.592331,08/02/2018 01:25:00 AM,2018
CR00009738,04/14/2019 03:56:00 PM,20,CLEAR,DAYLIGHT,ANGLE,NOT DIVIDED,NO CONTROLS,FOLLOWING TOO CLOSELY,DISREGARDING TRAFFIC SIGNALS,0,0,1,1,15,1,4,2474,CALIFORNIA AVE,41.748619,-87.511764,04/14/2019 04:06:00 PM,2019
CR00009739,06/26/2024 09:19:00 PM,25,RAIN,DAYLIGHT,SIDESWIPE SAME DIRECTION,ONE-WAY,PEDESTRIAN CROSSING SIGN,UNABLE TO DETERMINE,UNABLE TO DETERMINE,0,0,0,0,21,4,6,2520,WESTERN AVE,41.97088,-87.724033,06/26/2024 11:17:00 PM,2024
CR00009740,05/05/2017 08:51:00 AM,30,CLEAR,DAYLIGHT,ANGLE,NOT DIVIDED,STOP SIGN/FLASHER,IMPROPER OVERTAKING/PASSING,NOT APPLICABLE,0,0,0,0,8,6,5,264,STATE ST,41.92764,-87.513317,05/05/2017 10:18:00 AM,2017
CR00009741,06/21/2018 09:00:00 AM,25,RAIN,DAYLIGHT,ANGLE,FOUR WAY,UNKNOWN,IMPROPER OVERTAKING/PASSING,NOT APPLICABLE,0,0,0,0,9,5,6,2063,STATE ST,41.773371,-87.73509,06/21/2018 10:43:00 AM,2018
CR00009742,04/07/2023 11:31:00 AM,30,CLEAR,DAYLIGHT,ANGLE,NOT DIVIDED,STOP SIGN/FLASHER,FAILING TO YIELD RIGHT-OF-WAY,DISTRACTION - FROM INSIDE VEHICLE,0,0,0,0,11,6,4,2448,MILWAUKEE AVE,41.938218,-87.657168,04/07/2023 11:58:00 AM,2023
CR00009743,01/26/2021 01:32:00 PM,25,CLEAR,DAYLIGHT,REAR END,ONE-WAY,YIELD,FAILING TO REDUCE SPEED,DRIVING SKILLS/KNOWLEDGE/EXPERIENCE,0,0,0,0,13,3,1,1676,47TH ST,41.812409,-87.671466,01/26/2021 02:35:00 PM,2021
CR00009744,02/24/2023 03:47:00 PM,35,RAIN,DAYLIGHT,REAR END,NOT DIVIDED,TRAFFIC SIGNAL,FOLLOWING TOO CLOSELY,FOLLOWING TOO CLOSELY,0,0,0,0,15,6,2,167,BROADWAY,41.853642,-87.563974,02/24/2023 05:29:00 PM,2023
CR00009745,01/05/2019 08:01:00 PM,20,CLEAR,DARKNESS - LIGHTED ROAD,REAR TO FRONT,NOT DIVIDED,NO CONTROLS,FOLLOWING TOO CLOSELY,UNABLE TO DETERMINE,0,1,0,1,20,7,1,1706,OGDEN AVE,41.785074,-87.524851,01/05/2019 09:34:00 PM,2019
CR00009746,10/30/2017 12:09:00 AM,35,FREEZING RAIN/DRIZZLE,DAYLIGHT,ANGLE,NOT DIVIDED,PEDESTRIAN CROSSING SIGN,FAILING TO YIELD RIGHT-OF-WAY,FAILING TO YIELD RIGHT-OF-WAY,0,0,0,0,0,2,10,169,MICHIGAN AVE,41.822557,-87.821869,10/30/2017 01:49:00 AM,2017
CR00009747,09/14/2015 06:31:00 PM,25,CLEAR,DARKNESS - LIGHTED ROAD,TURNING,DIVIDED - W/MEDIAN BARRIER,NO CONTROLS,UNABLE TO DETERMINE,IMPROPER OVERTAKING/PASSING,0,0,0,0,18,2,9,2419,HALSTED ST,41.959917,-87.615171,09/14/2015 07:08:00 PM,2015
CR00009748,08/23/2016 09:51:00 AM,30,FREEZING RAIN/DRIZZLE,DAYLIGHT,TURNING,FOUR WAY,STOP SIGN/FLASHER,FAILING TO REDUCE SPEED,FAILING TO YIELD RIGHT-OF-WAY,0,0,0,0,9,3,8,778,CICERO AVE,41.797946,-87.578907,08/23/2016 11:00:00 AM,2016
CR00009749,11/08/2020 08:56:00 PM,25,CLEAR,DARKNESS - LIGHTED ROAD,REAR END,ONE-WAY,NO CONTROLS,UNABLE TO DETERMINE,UNABLE TO DETERMINE,0,0,0,0,20,1,11,1433,DIVISION ST,41.742236,-87.603728,11/08/2020 09:56:00 PM,2020
CR00009750,04/10/2018 04:50:00 PM,15,CLEAR,DARKNESS - LIGHTED ROAD,REAR END,NOT DIVIDED,UNKNOWN,FAILING TO REDUCE SPEED,FAILING TO REDUCE SPEED,0,0,0,0,16,3,4,292,ROOSEVELT RD,41.889266,-87.637404,04/10/2018 05:21:00 PM,2018
CR00009751,01/17/2022 04:48:00 PM,45,RAIN,DAYLIGHT,REAR END,NOT DIVIDED,TRAFFIC SIGNAL,FOLLOWING TOO CLOSELY,IMPROPER LANE USAGE,0,0,0,0,16,2,1,924,ROOSEVELT RD,41.983385,-87.564538,01/17/2022 05:22:00 PM,2022
CR00009752,12/04/2024 12:36:00 AM,35,CLEAR,DAYLIGHT,SIDESWIPE SAME DIRECTION,NOT DIVIDED,STOP SIGN/FLASHER,FOLLOWING TOO CLOSELY,DISREGARDING TRAFFIC SIGNALS,0,0,0,0,0,4,12,2202,ASHLAND AVE,41.792635,-87.764385,12/04/2024 01:08:00 AM,2024
CR00009753,05/05/2016 03:02:00 PM,25,CLEAR,DAYLIGHT,TURNING,DIVIDED - W/MEDIAN (NOT RAISED),NO CONTROLS,DRIVING SKILLS/KNOWLEDGE/EXPERIENCE,FAILING TO YIELD RIGHT-OF-WAY,0,0,0,0,15,5,5,557,PULASKI RD,41.726563,-87.775688,05/05/2016 04:37:00 PM,2016
CR00009754,04/16/2023 04:53:00 PM,40,CLEAR,DAYLIGHT,REAR TO FRONT,DIVIDED - W/MEDIAN (NOT RAISED),STOP SIGN/FLASHER,UNABLE TO DETERMINE,UNABLE TO DETERMINE,0,0,0,0,16,1,4,1683,DIVISION ST,41.930132,-87.7497,04/16/2023 06:19:00 PM,2023
CR00009755,07/09/2021 04:41:00 PM,35,CLEAR,DARKNESS - LIGHTED ROAD,TURNING,DIVIDED - W/MEDIAN BARRIER,NO CONTROLS,UNABLE TO DETERMINE,NOT APPLICABLE,0,0,0,0,16,6,7,1919,DIVISION ST,41.842747,-87.786375,07/09/2021 05:41:00 PM,2021
CR00009756,10/28/2018 07:12:00 PM,20,CLEAR,DAYLIGHT,ANGLE,DIVIDED - W/MEDIAN BARRIER,NO CONTROLS,DRIVING SKILLS/KNOWLEDGE/EXPERIENCE,UNABLE TO DETERMINE,0,0,0,0,19,1,10,2134,MICHIGAN AVE,41.81412,-87.530275,10/28/2018 08:23:00 PM,2018
CR00009757,09/20/2015 12:34:00 PM,40,CLEAR,DARKNESS,TURNING,DIVIDED - W/MEDIAN BARRIER,STOP SIGN/FLASHER,UNABLE TO DETERMINE,DISTRACTION - FROM INSIDE VEHICLE,0,0,0,0,12,1,9,2491,ROOSEVELT RD,41.929877,-87.732838,09/20/2015 12:39:00 PM,2015
CR00009758,01/21/2016 03:56:00 AM,25,CLEAR,DAYLIGHT,PARKED MOTOR VEHICLE,ONE-WAY,STOP SIGN/FLASHER,FAILING TO YIELD RIGHT-OF-WAY,UNABLE TO DETERMINE,0,0,0,0,3,5,1,1305,LAKE SHORE DR,41.888886,-87.562902,01/21/2016 04:05:00 AM,2016
CR00009759,07/19/2020 07:59:00 AM,30,RAIN,DAYLIGHT,TURNING,DIVIDED - W/MEDIAN (NOT RAISED),TRAFFIC SIGNAL,UNABLE TO DETERMINE,UNABLE TO DETERMINE,0,0,0,0,7,1,7,924,63RD ST,41.907772,-87.536451,07/19/2020 09:14:00 AM,2020
CR00009760,10/31/2021 12:51:00 PM,30,CLEAR,DARKNESS - LIGHTED ROAD,SIDESWIPE SAME DIRECTION,DIVIDED - W/MEDIAN (NOT RAISED),STOP SIGN/FLASHER,UNABLE TO DETERMINE,DISREGARDING TRAFFIC SIGNALS,0,0,2,2,12,1,10,1319,63RD ST,41.740685,-87.587758,10/31/2021 01:15:00 PM,2021
CR00009761,07/10/2015 07:17:00 PM,30,RAIN,DAYLIGHT,PARKED MOTOR VEHICLE,DIVIDED - W/MEDIAN BARRIER,NO CONTROLS,UNABLE TO DETERMINE,UNABLE TO DETERMINE,0,0,0,0,19,6,7,311,WESTERN AVE,41.860646,-87.831651,07/10/2015 07:44:00 PM,2015
CR00009762,10/10/2018 07:41:00 PM,35,CLEAR,DAWN,PEDESTRIAN,NOT DIVIDED,STOP SIGN/FLASHER,FAILING TO REDUCE SPEED,IMPROPER LANE USAGE,0,0,0,0,19,4,10,1953,CICERO AVE,41.85238,-87.676178,10/10/2018 08:39:00 PM,2018
CR00009763,04/01/2019 08:20:00 PM,20,CLEAR,DARKNESS,SIDESWIPE SAME DIRECTION,DIVIDED - W/MEDIAN (NOT RAISED),NO CONTROLS,UNABLE TO DETERMINE,IMPROPER LANE USAGE,0,0,0,0,20,2,4,1341,BROADWAY,41.758507,-87.607739,04/01/2019 09:50:00 PM,2019
CR00009764,06/25/2023 04:03:00 PM,25,CLEAR,DUSK,REAR END,ONE-WAY,STOP SIGN/FLASHER,DRIVING SKILLS/KNOWLEDGE/EXPERIENCE,FAILING TO YIELD RIGHT-OF-WAY,0,0,1,1,16,1,6,1544,MILWAUKEE AVE,41.740728,-87.65789,06/25/2023 04:17:00 PM,2023
CR00009765,05/24/2015 08:19:00 AM,35,CLEAR,DAYLIGHT,TURNING,NOT DIVIDED,TRAFFIC SIGNAL,UNABLE TO DETERMINE,FAILING TO YIELD RIGHT-OF-WAY,0,0,1,1,8,1,5,1538,63RD ST,41.80552,-87.821348,05/24/2015 09:12:00 AM,2015
CR00009766,03/03/2024 02:28:00 PM,30,SNOW,DAYLIGHT,REAR END,DIVIDED - W/MEDIAN (NOT RAISED),TRAFFIC SIGNAL,DISREGARDING TRAFFIC SIGNALS,NOT APPLICABLE,0,0,0,0,14,1,3,1160,ELSTON AVE,41.747148,-87.549676,03/03/2024 03:34:00 PM,2024
CR00009767,11/05/2022 04:58:00 PM,30,CLEAR,DARKNESS,SIDESWIPE SAME DIRECTION,NOT DIVIDED,NO CONTROLS,DISREGARDING TRAFFIC SIGNALS,DRIVING SKILLS/KNOWLEDGE/EXPERIENCE,0,0,0,0,16,7,11,252,63RD ST,41.719048,-87.791597,11/05/2022 05:04:00 PM,2022
CR00009768,06/14/2020 02:52:00 PM,30,CLEAR,DARKNESS - LIGHTED ROAD,ANGLE,ONE-WAY,STOP SIGN/FLASHER,FAILING TO REDUCE SPEED,FOLLOWING TOO CLOSELY,0,0,0,0,14,1,6,1563,DIVISION ST,41.716452,-87.554832,06/14/2020 04:14:00 PM,2020
CR00009769,10/05/2015 05:16:00 AM,30,CLEAR,DAYLIGHT,ANGLE,NOT DIVIDED,NO CONTROLS,UNABLE TO DETERMINE,DRIVING SKILLS/KNOWLEDGE/EXPERIENCE,0,0,0,0,5,2,10,1005,ROOSEVELT RD,41.818367,-87.844284,10/05/2015 05:24:00 AM,2015
CR00009770,01/06/2023 03:17:00 PM,20,CLEAR,DAYLIGHT,TURNING,DIVIDED - W/MEDIAN (NOT RAISED),NO CONTROLS,IMPROPER LANE USAGE,UNABLE TO DETERMINE,0,0,1,1,15,6,1,1478,CALIFORNIA AVE,41.902355,-87.612362,01/06/2023 03:40:00 PM,2023
CR00009771,04/15/2018 05:24:00 PM,25,CLEAR,DARKNESS - LIGHTED ROAD,REAR END,DIVIDED - W/MEDIAN BARRIER,TRAFFIC SIGNAL,UNABLE TO DETERMINE,FOLLOWING TOO CLOSELY,0,0,0,0,17,1,4,863,IRVING PARK RD,41.99175,-87.641588,04/15/2018 06:27:00 PM,2018
CR00009772,05/16/2023 04:53:00 PM,45,CLEAR,DARKNESS,REAR END,DIVIDED - W/MEDIAN (NOT RAISED),NO CONTROLS,DRIVING SKILLS/KNOWLEDGE/EXPERIENCE,IMPROPER LANE USAGE,0,0,0,0,16,3,5,489,KEDZIE AVE,41.746696,-87.558154,05/16/2023 05:50:00 PM,2023
CR00009773,06/15/2024 07:34:00 AM,25,CLEAR,DARKNESS - LIGHTED ROAD,TURNING,NOT DIVIDED,NO CONTROLS,DISTRACTION - FROM INSIDE VEHICLE,IMPROPER OVERTAKING/PASSING,0,0,0,0,7,7,6,209,PULASKI RD,41.760596,-87.810844,06/15/2024 07:59:00 AM,2024
CR00009774,05/09/2023 05:26:00 PM,30,CLEAR,DARKNESS - LIGHTED ROAD,REAR END,DIVIDED - W/MEDIAN BARRIER,NO CONTROLS,IMPROPER OVERTAKING/PASSING,FOLLOWING TOO CLOSELY,0,0,0,0,17,3,5,1981,63RD ST,41.88806,-87.771149,05/09/2023 06:26:00 PM,2023
CR00009775,05/19/2018 07:47:00 AM,35,CLEAR,DARKNESS - LIGHTED ROAD,REAR END,ONE-WAY,NO CONTROLS,UNABLE TO DETERMINE,FAILING TO YIELD RIGHT-OF-WAY,0,0,0,0,7,7,5,1655,IRVING PARK RD,41.957325,-87.650343,05/19/2018 08:45:00 AM,2018
CR00009776,06/10/2017 07:01:00 AM,30,CLEAR,DAYLIGHT,TURNING,ONE-WAY,NO CONTROLS,UNABLE TO DETERMINE,UNABLE TO DETERMINE,0,0,0,0,7,7,6,1823,STONY ISLAND AVE,41.750792,-87.515139,06/10/2017 08:04:00 AM,2017
CR00009777,09/10/2016 03:27:00 PM,35,CLEAR,DUSK,SIDESWIPE SAME DIRECTION,ONE-WAY,STOP SIGN/FLASHER,FOLLOWING TOO CLOSELY,FAILING TO YIELD RIGHT-OF-WAY,0,0,0,0,15,7,9,199,PULASKI RD,41.894846,-87.834375,09/10/2016 04:08:00 PM,2016
CR00009778,12/21/2019 04:14:00 AM,35,CLEAR,DUSK,ANGLE,ONE-WAY,NO CONTROLS,UNABLE TO DETERMINE,UNABLE TO DETERMINE,0,0,0,0,4,7,12,663,MICHIGAN AVE,41.950919,-87.658395,12/21/2019 05:56:00 AM,2019
CR00009779,07/18/2019 04:01:00 PM,25,RAIN,DARKNESS - LIGHTED ROAD,ANGLE,DIVIDED - W/MEDIAN (NOT RAISED),NO CONTROLS,FOLLOWING TOO CLOSELY,IMPROPER OVERTAKING/PASSING,0,0,0,0,16,5,7,1287,63RD ST,41.863146,-87.654934,07/18/2019 04:55:00 PM,2019
CR00009780,09/21/2022 08:52:00 AM,15,CLEAR,DARKNESS,TURNING,NOT DIVIDED,NO CONTROLS,UNABLE TO DETERMINE,DISTRACTION - FROM INSIDE VEHICLE,0,0,0,0,8,4,9,1339,47TH ST,41.739846,-87.817626,09/21/2022 10:11:00 AM,2022
CR00009781,11/03/2018 03:25:00 AM,25,CLEAR,DAYLIGHT,REAR END,FOUR WAY,NO CONTROLS,FAILING TO YIELD RIGHT-OF-WAY,IMPROPER OVERTAKING/PASSING,0,0,1,1,3,7,11,830,IRVING PARK RD,41.800362,-87.562787,11/03/2018 05:17:00 AM,2018
CR00009782,04/30/2023 07:38:00 PM,25,CLOUDY/OVERCAST,DAYLIGHT,REAR END,NOT DIVIDED,NO CONTROLS,UNABLE TO DETERMINE,UNABLE TO DETERMINE,0,0,0,0,19,1,4,1735,MICHIGAN AVE,41.805307,-87.667421,04/30/2023 09:04:00 PM,2023
CR00009783,04/05/2024 08:20:00 PM,35,CLEAR,DAYLIGHT,REAR END,NOT DIVIDED,TRAFFIC SIGNAL,FAILING TO REDUCE SPEED,WEATHER,0,2,1,3,20,6,4,707,ELSTON AVE,41.917671,-87.56812,04/05/2024 09:42:00 PM,2024
CR00009784,10/01/2017 02:19:00 PM,35,CLOUDY/OVERCAST,DARKNESS - LIGHTED ROAD,SIDESWIPE SAME DIRECTION,NOT DIVIDED,TRAFFIC SIGNAL,UNABLE TO DETERMINE,UNABLE TO DETERMINE,0,0,0,0,14,1,10,458,79TH ST,41.735555,-87.676041,10/01/2017 03:51:00 PM,2017
CR00009785,07/22/2022 12:21:00 PM,30,CLOUDY/OVERCAST,DAYLIGHT,ANGLE,DIVIDED - W/MEDIAN (NOT RAISED),STOP SIGN/FLASHER,UNABLE TO DETERMINE,NOT APPLICABLE,0,0,0,0,12,6,7,991,BROADWAY,41.779421,-87.780508,07/22/2022 01:07:00 PM,2022
CR00009786,08/15/2021 08:51:00 AM,15,CLEAR,DAYLIGHT,REAR END,NOT DIVIDED,STOP SIGN/FLASHER,DRIVING SKILLS/KNOWLEDGE/EXPERIENCE,FOLLOWING TOO CLOSELY,0,0,0,0,8,1,8,2305,ARCHER AVE,41.904383,-87.671037,08/15/2021 09:52:00 AM,2021
CR00009787,12/03/2015 02:13:00 PM,15,CLEAR,DARKNESS,REAR TO FRONT,T-INTERSECTION,PEDESTRIAN CROSSING SIGN,DISTRACTION - FROM INSIDE VEHICLE,IMPROPER LANE USAGE,0,0,0,0,14,5,12,1088,DAMEN AVE,41.705942,-87.841181,12/03/2015 03:38:00 PM,2015
CR00009788,05/15/2021 12:10:00 PM,20,RAIN,DAYLIGHT,REAR END,FOUR WAY,STOP SIGN/FLASHER,DRIVING SKILLS/KNOWLEDGE/EXPERIENCE,FOLLOWING TOO CLOSELY,0,0,1,1,12,7,5,1686,STONY ISLAND AVE,41.773857,-87.709339,05/15/2021 02:06:00 PM,2021
CR00009789,12/30/2023 11:47:00 AM,30,CLEAR,DAYLIGHT,TURNING,DIVIDED - W/MEDIAN BARRIER,STOP SIGN/FLASHER,FOLLOWING TOO CLOSELY,NOT APPLICABLE,0,0,0,0,11,7,12,2228,ASHLAND AVE,41.841797,-87.736301,12/30/2023 11:54:00 AM,2023
CR00009790,03/24/2021 08:45:00 AM,15,CLEAR,DAYLIGHT,TURNING,NOT DIVIDED,NO CONTROLS,IMPROPER LANE USAGE,UNABLE TO DETERMINE,0,1,2,3,8,4,3,483,MILWAUKEE AVE,41.916883,-87.581097,03/24/2021 08:50:00 AM,2021
CR00009791,01/10/2021 06:33:00 PM,30,RAIN,DAYLIGHT,REAR END,DIVIDED - W/MEDIAN BARRIER,NO CONTROLS,DRIVING SKILLS/KNOWLEDGE/EXPERIENCE,NOT APPLICABLE,0,0,1,1,18,1,1,830,CICERO AVE,41.768803,-87.512333,01/10/2021 07:37:00 PM,2021
CR00009792,08/18/2024 11:57:00 AM,25,CLEAR,DAYLIGHT,TURNING,NOT DIVIDED,NO CONTROLS,DISTRACTION - FROM INSIDE VEHICLE,FAILING TO YIELD RIGHT-OF-WAY,0,0,0,0,11,1,8,2119,KEDZIE AVE,41.936257,-87.536116,08/18/2024 01:01:00 PM,2024
CR00009793,01/15/2023 09:35:00 AM,30,CLEAR,DUSK,ANGLE,DIVIDED - W/MEDIAN (NOT RAISED),STOP SIGN/FLASHER,FOLLOWING TOO CLOSELY,FOLLOWING TOO CLOSELY,0,2,0,2,9,1,1,695,47TH ST,41.795536,-87.791215,01/15/2023 09:57:00 AM,2023
CR00009794,05/29/2018 07:16:00 PM,30,CLEAR,DARKNESS - LIGHTED ROAD,TURNING,NOT DIVIDED,NO CONTROLS,FAILING TO YIELD RIGHT-OF-WAY,UNABLE TO DETERMINE,0,0,0,0,19,3,5,1687,HALSTED ST,41.804019,-87.809231,05/29/2018 07:41:00 PM,2018
CR00009795,11/19/2019 01:58:00 PM,35,CLEAR,DAYLIGHT,TURNING,FOUR WAY,YIELD,UNABLE TO DETERMINE,FAILING TO REDUCE SPEED,0,0,0,0,13,3,11,667,CICERO AVE,41.760971,-87.535112,11/19/2019 02:18:00 PM,2019
CR00009796,07/23/2020 04:43:00 PM,20,CLEAR,DAYLIGHT,FIXED OBJECT,DIVIDED - W/MEDIAN BARRIER,NO CONTROLS,UNABLE TO DETERMINE,NOT APPLICABLE,0,0,0,0,16,5,7,576,HALSTED ST,41.981722,-87.50735,07/23/2020 05:15:00 PM,2020
CR00009797,11/14/2019 03:12:00 AM,35,CLOUDY/OVERCAST,DUSK,FIXED OBJECT,DIVIDED - W/MEDIAN BARRIER,STOP SIGN/FLASHER,DISREGARDING TRAFFIC SIGNALS,NOT APPLICABLE,0,0,0,0,3,5,11,995,LAKE SHORE DR,41.752657,-87.710618,11/14/2019 04:21:00 AM,2019
CR00009798,07/28/2016 03:22:00 AM,20,RAIN,DAYLIGHT,REAR END,NOT DIVIDED,STOP SIGN/FLASHER,IMPROPER OVERTAKING/PASSING,FAILING TO YIELD RIGHT-OF-WAY,0,0,1,1,3,5,7,2351,WESTERN AVE,41.877397,-87.787545,07/28/2016 04:55:00 AM,2016
CR00009799,07/23/2023 06:05:00 PM,15,CLEAR,DAYLIGHT,REAR END,NOT DIVIDED,TRAFFIC SIGNAL,UNABLE TO DETERMINE,UNABLE TO DETERMINE,0,0,0,0,18,1,7,2012,CALIFORNIA AVE,41.800829,-87.638271,07/23/2023 06:59:00 PM,2023
CR00009800,06/05/2015 04:20:00 AM,25,CLEAR,DAYLIGHT,REAR END,NOT DIVIDED,UNKNOWN,WEATHER,FOLLOWING TOO CLOSELY,0,0,0,0,4,6,6,2452,STONY ISLAND AVE,41.944128,-87.626589,06/05/2015 05:54:00 AM,2015
CR00009801,08/25/2015 04:39:00 PM,20,CLEAR,DAYLIGHT,FIXED OBJECT,ONE-WAY,UNKNOWN,IMPROPER OVERTAKING/PASSING,NOT APPLICABLE,0,0,0,0,16,3,8,606,63RD ST,41.721473,-87.637455,08/25/2015 06:24:00 PM,2015