CRASH_RECORD_ID,CRASH_DATE,POSTED_SPEED_LIMIT,WEATHER_CONDITION,LIGHTING_CONDITION,FIRST_CRASH_TYPE,TRAFFICWAY_TYPE,TRAFFIC_CONTROL_DEVICE,PRIM_CONTRIBUTORY_CAUSE,SEC_CONTRIBUTORY_CAUSE,INJURIES_FATAL,INJURIES_INCAPACITATING,INJURIES_NON_INCAPACITATING,INJURIES_TOTAL,CRASH_HOUR,CRASH_DAY_OF_WEEK,CRASH_MONTH,BEAT_OF_OCCURRENCE,STREET_NAME,LATITUDE,LONGITUDE,DATE_POLICE_NOTIFIED,year
CR00009802,06/07/2024 03:05:00 PM,40,RAIN,DAYLIGHT,REAR END,ONE-WAY,TRAFFIC SIGNAL,DISTRACTION - FROM INSIDE VEHICLE,NOT APPLICABLE,0,0,0,0,15,6,6,2208,PULASKI RD,41.791318,-87.765724,06/07/2024 04:17:00 PM,2024
CR00009803,01/14/2017 08:29:00 PM,30,RAIN,DAYLIGHT,ANGLE,ONE-WAY,NO CONTROLS,FAILING TO REDUCE SPEED,UNABLE TO DETERMINE,0,2,3,5,20,7,1,2435,FULLERTON AVE,41.991636,-87.836944,01/14/2017 10:29:00 PM,2017
CR00009804,04/19/2018 08:54:00 AM,30,CLEAR,DAYLIGHT,REAR END,DIVIDED - W/MEDIAN (NOT RAISED),NO CONTROLS,IMPROPER OVERTAKING/PASSING,UNABLE TO DETERMINE,0,0,0,0,8,5,4,974,STONY ISLAND AVE,41.923579,-87.599885,04/19/2018 09:04:00 AM,2018
CR00009805,02/23/2022 02:50:00 PM,20,CLEAR,DAYLIGHT,TURNING,DIVIDED - W/MEDIAN (NOT RAISED),STOP SIGN/FLASHER,UNABLE TO DETERMINE,NOT APPLICABLE,0,0,2,2,14,4,2,1817,IRVING PARK RD,41.83463,-87.589052,02/23/2022 03:51:00 PM,2022
CR00009806,10/12/2021 05:27:00 PM,40,CLEAR,DAYLIGHT,ANGLE,NOT DIVIDED,TRAFFIC SIGNAL,FOLLOWING TOO CLOSELY,DISTRACTION - FROM INSIDE VEHICLE,0,0,1,1,17,3,10,1823,79TH ST,41.870774,-87.575329,10/12/2021 06:55:00 PM,2021
CR00009807,02/08/2016 08:35:00 AM,30,CLEAR,DUSK,REAR END,NOT DIVIDED,TRAFFIC SIGNAL,FAILING TO REDUCE SPEED,DISREGARDING TRAFFIC SIGNALS,0,0,0,0,8,2,2,119,DIVISION ST,41.989747,-87.739369,02/08/2016 09:33:00 AM,2016
CR00009808,01/19/2024 07:51:00 AM,30,CLEAR,DAYLIGHT,SIDESWIPE SAME DIRECTION,NOT DIVIDED,TRAFFIC SIGNAL,UNABLE TO DETERMINE,DISTRACTION - FROM INSIDE VEHICLE,0,0,0,0,7,6,1,1801,OGDEN AVE,41.914405,-87.509107,01/19/2024 08:27:00 AM,2024
CR00009809,07/20/2022 08:54:00 AM,15,CLEAR,DAYLIGHT,FIXED OBJECT,ONE-WAY,TRAFFIC SIGNAL,FAILING TO REDUCE SPEED,UNABLE TO DETERMINE,1,1,1,3,8,4,7,756,STATE ST,41.908689,-87.648447,07/20/2022 10:09:00 AM,2022
CR00009810,04/28/2017 04:19:00 AM,35,CLEAR,DARKNESS - LIGHTED ROAD,PARKED MOTOR VEHICLE,ONE-WAY,TRAFFIC SIGNAL,DRIVING SKILLS/KNOWLEDGE/EXPERIENCE,NOT APPLICABLE,0,0,0,0,4,6,4,1070,ARCHER AVE,41.815127,-87.675826,04/28/2017 05:37:00 AM,2017
CR00009811,10/22/2020 02:31:00 PM,15,RAIN,DAYLIGHT,SIDESWIPE SAME DIRECTION,NOT DIVIDED,STOP SIGN/FLASHER,UNABLE TO DETERMINE,IMPROPER OVERTAKING/PASSING,0,0,0,0,14,5,10,572,STATE ST,41.958436,-87.675694,10/22/2020 03:03:00 PM,2020
CR00009812,11/26/2021 12:48:00 PM,30,CLEAR,DAYLIGHT,PARKED MOTOR VEHICLE,NOT DIVIDED,NO CONTROLS,DISREGARDING TRAFFIC SIGNALS,FAILING TO REDUCE SPEED,0,0,0,0,12,6,11,2238,ELSTON AVE,41.796412,-87.61618,11/26/2021 02:17:00 PM,2021
CR00009813,07/12/2017 06:52:00 PM,15,CLOUDY/OVERCAST,DAYLIGHT,ANGLE,DIVIDED - W/MEDIAN (NOT RAISED),TRAFFIC SIGNAL,FAILING TO YIELD RIGHT-OF-WAY,DISTRACTION - FROM INSIDE VEHICLE,0,0,1,1,18,4,7,2115,ARCHER AVE,41.776481,-87.746217,07/12/2017 07:28:00 PM,2017
CR00009814,06/01/2017 10:11:00 PM,45,CLEAR,DARKNESS - LIGHTED ROAD,PARKED MOTOR VEHICLE,DIVIDED - W/MEDIAN BARRIER,NO CONTROLS,UNABLE TO DETERMINE,FOLLOWING TOO CLOSELY,0,0,0,0,22,5,6,1576,STONY ISLAND AVE,41.737649,-87.656191,06/01/2017 11:49:00 PM,2017
CR00009815,08/12/2016 09:10:00 PM,40,CLEAR,DAYLIGHT,ANGLE,ONE-WAY,STOP SIGN/FLASHER,FOLLOWING TOO CLOSELY,FOLLOWING TOO CLOSELY,0,0,0,0,21,6,8,758,63RD ST,41.924995,-87.586682,08/12/2016 09:45:00 PM,2016
CR00009816,08/26/2022 01:25:00 PM,25,CLEAR,DAYLIGHT,REAR END,T-INTERSECTION,NO CONTROLS,FAILING TO YIELD RIGHT-OF-WAY,DISREGARDING TRAFFIC SIGNALS,0,0,0,0,13,6,8,1230,CICERO AVE,41.93918,-87.570075,08/26/2022 03:05:00 PM,2022
CR00009817,05/10/2017 11:36:00 PM,40,CLEAR,DARKNESS,REAR TO FRONT,NOT DIVIDED,STOP SIGN/FLASHER,DISTRACTION - FROM INSIDE VEHICLE,FOLLOWING TOO CLOSELY,0,0,0,0,23,4,5,1069,DAMEN AVE,41.780662,-87.649253,05/11/2017 01:16:00 AM,2017
CR00009818,01/29/2016 03:58:00 AM,40,CLEAR,DAYLIGHT,PEDESTRIAN,ONE-WAY,TRAFFIC SIGNAL,UNABLE TO DETERMINE,DRIVING SKILLS/KNOWLEDGE/EXPERIENCE,0,0,0,0,3,6,1,694,ARCHER AVE,41.840093,-87.616932,01/29/2016 05:24:00 AM,2016
CR00009819,03/30/2021 07:11:00 PM,30,CLEAR,DARKNESS - LIGHTED ROAD,ANGLE,DIVIDED - W/MEDIAN (NOT RAISED),STOP SIGN/FLASHER,IMPROPER OVERTAKING/PASSING,NOT APPLICABLE,0,0,0,0,19,3,3,1065,ASHLAND AVE,41.923172,-87.704887,03/30/2021 08:12:00 PM,2021
CR00009820,06/18/2016 10:12:00 PM,35,CLEAR,DAYLIGHT,ANGLE,NOT DIVIDED,STOP SIGN/FLASHER,UNABLE TO DETERMINE,FAILING TO YIELD RIGHT-OF-WAY,0,0,0,0,22,7,6,2260,63RD ST,41.784171,-87.611542,06/18/2016 10:44:00 PM,2016
CR00009821,06/11/2018 05:51:00 PM,30,RAIN,DAYLIGHT,REAR END,ONE-WAY,NO CONTROLS,DRIVING SKILLS/KNOWLEDGE/EXPERIENCE,NOT APPLICABLE,0,0,1,1,17,2,6,1599,MICHIGAN AVE,41.895412,-87.635823,06/11/2018 06:45:00 PM,2018
CR00009822,02/18/2019 03:26:00 PM,30,CLEAR,DARKNESS - LIGHTED ROAD,PARKED MOTOR VEHICLE,NOT DIVIDED,NO CONTROLS,DISTRACTION - FROM INSIDE VEHICLE,IMPROPER OVERTAKING/PASSING,0,1,3,4,15,2,2,1745,ROOSEVELT RD,41.835988,-87.640645,02/18/2019 05:11:00 PM,2019
CR00009823,06/10/2015 06:08:00 PM,35,CLEAR,DAYLIGHT,REAR END,NOT DIVIDED,UNKNOWN,UNABLE TO DETERMINE,DISREGARDING TRAFFIC SIGNALS,0,0,0,0,18,4,6,1877,CICERO AVE,41.796817,-87.565226,06/10/2015 07:30:00 PM,2015
CR00009824,10/13/2022 02:53:00 AM,30,RAIN,DAYLIGHT,SIDESWIPE SAME DIRECTION,DIVIDED - W/MEDIAN BARRIER,NO CONTROLS,UNABLE TO DETERMINE,DRIVING SKILLS/KNOWLEDGE/EXPERIENCE,0,0,0,0,2,5,10,1578,DAMEN AVE,41.943252,-87.613705,10/13/2022 03:04:00 AM,2022
CR00009825,07/31/2019 02:26:00 PM,25,CLEAR,DAYLIGHT,TURNING,FOUR WAY,STOP SIGN/FLASHER,FAILING TO YIELD RIGHT-OF-WAY,IMPROPER OVERTAKING/PASSING,0,0,0,0,14,4,7,248,ASHLAND AVE,41.908734,-87.608604,07/31/2019 02:31:00 PM,2019
CR00009826,04/21/2019 06:46:00 PM,35,CLEAR,DAYLIGHT,REAR END,NOT DIVIDED,STOP SIGN/FLASHER,FOLLOWING TOO CLOSELY,FOLLOWING TOO CLOSELY,0,0,0,0,18,1,4,1864,DIVISION ST,41.782655,-87.683332,04/21/2019 08:36:00 PM,2019
CR00009827,05/13/2017 09:27:00 AM,30,CLOUDY/OVERCAST,DARKNESS - LIGHTED ROAD,SIDESWIPE SAME DIRECTION,NOT DIVIDED,NO CONTROLS,FAILING TO YIELD RIGHT-OF-WAY,UNABLE TO DETERMINE,0,0,0,0,9,7,5,1366,PULASKI RD,41.981926,-87.68091,05/13/2017 10:02:00 AM,2017
CR00009828,10/04/2019 08:48:00 AM,20,CLOUDY/OVERCAST,DAYLIGHT,REAR END,DIVIDED - W/MEDIAN (NOT RAISED),STOP SIGN/FLASHER,FAILING TO YIELD RIGHT-OF-WAY,UNABLE TO DETERMINE,0,0,0,0,8,6,10,1647,CICERO AVE,41.803021,-87.523431,10/04/2019 10:28:00 AM,2019
CR00009829,08/03/2016 08:06:00 AM,40,CLEAR,DAYLIGHT,REAR END,DIVIDED - W/MEDIAN BARRIER,TRAFFIC SIGNAL,FOLLOWING TOO CLOSELY,DISTRACTION - FROM INSIDE VEHICLE,0,0,0,0,8,4,8,1779,WESTERN AVE,41.816173,-87.766461,08/03/2016 08:59:00 AM,2016
CR00009830,06/27/2020 04:18:00 PM,30,RAIN,DARKNESS - LIGHTED ROAD,REAR END,DIVIDED - W/MEDIAN (NOT RAISED),TRAFFIC SIGNAL,DRIVING SKILLS/KNOWLEDGE/EXPERIENCE,DISTRACTION - FROM INSIDE VEHICLE,0,0,0,0,16,7,6,2142,47TH ST,41.766028,-87.747832,06/27/2020 06:17:00 PM,2020
CR00009831,11/30/2023 10:59:00 PM,30,CLEAR,DAYLIGHT,REAR TO FRONT,DIVIDED - W/MEDIAN BARRIER,NO CONTROLS,UNABLE TO DETERMINE,NOT APPLICABLE,0,0,0,0,22,5,11,2017,ROOSEVELT RD,41.914725,-87.724713,11/30/2023 11:48:00 PM,2023
CR00009832,05/21/2019 05:31:00 PM,45,SNOW,DARKNESS - LIGHTED ROAD,TURNING,NOT DIVIDED,NO CONTROLS,FOLLOWING TOO CLOSELY,UNABLE TO DETERMINE,0,0,0,0,17,3,5,209,OGDEN AVE,41.842546,-87.776265,05/21/2019 06:09:00 PM,2019
CR00009833,12/26/2024 05:24:00 PM,15,CLEAR,DARKNESS,REAR END,DIVIDED - W/MEDIAN BARRIER,TRAFFIC SIGNAL,FAILING TO YIELD RIGHT-OF-WAY,DRIVING SKILLS/KNOWLEDGE/EXPERIENCE,0,0,0,0,17,5,12,926,ARCHER AVE,41.74924,-87.689663,12/26/2024 07:01:00 PM,2024
CR00009834,02/21/2016 06:48:00 PM,20,CLEAR,DARKNESS - LIGHTED ROAD,PARKED MOTOR VEHICLE,DIVIDED - W/MEDIAN BARRIER,TRAFFIC SIGNAL,UNABLE TO DETERMINE,IMPROPER OVERTAKING/PASSING,0,0,0,0,18,1,2,2442,47TH ST,41.845124,-87.80709,02/21/2016 07:33:00 PM,2016
CR00009835,01/18/2024 05:40:00 PM,40,RAIN,DUSK,SIDESWIPE SAME DIRECTION,ONE-WAY,TRAFFIC SIGNAL,IMPROPER LANE USAGE,WEATHER,0,0,1,1,17,5,1,1345,BROADWAY,41.854747,-87.800943,01/18/2024 06:59:00 PM,2024
CR00009836,02/11/2023 08:12:00 AM,30,CLEAR,DARKNESS - LIGHTED ROAD,REAR END,DIVIDED - W/MEDIAN (NOT RAISED),TRAFFIC SIGNAL,FOLLOWING TOO CLOSELY,IMPROPER OVERTAKING/PASSING,0,0,0,0,8,7,2,1075,63RD ST,41.746066,-87.500863,02/11/2023 08:47:00 AM,2023
CR00009837,08/25/2015 03:19:00 PM,30,CLEAR,DAYLIGHT,PARKED MOTOR VEHICLE,ONE-WAY,STOP SIGN/FLASHER,FOLLOWING TOO CLOSELY,NOT APPLICABLE,0,0,0,0,15,3,8,812,LAKE SHORE DR,41.898644,-87.564693,08/25/2015 05:11:00 PM,2015
CR00009838,12/19/2022 08:44:00 AM,45,RAIN,DAYLIGHT,TURNING,DIVIDED - W/MEDIAN (NOT RAISED),YIELD,IMPROPER LANE USAGE,FAILING TO YIELD RIGHT-OF-WAY,0,0,1,1,8,2,12,374,FULLERTON AVE,41.746602,-87.723484,12/19/2022 09:25:00 AM,2022
CR00009839,07/07/2016 09:48:00 AM,30,CLEAR,DARKNESS - LIGHTED ROAD,TURNING,DIVIDED - W/MEDIAN BARRIER,NO CONTROLS,UNABLE TO DETERMINE,NOT APPLICABLE,0,0,0,0,9,5,7,910,FULLERTON AVE,41.966416,-87.704098,07/07/2016 10:02:00 AM,2016
CR00009840,05/23/2022 11:44:00 PM,15,CLOUDY/OVERCAST,DARKNESS,TURNING,NOT DIVIDED,NO CONTROLS,DISTRACTION - FROM INSIDE VEHICLE,UNABLE TO DETERMINE,0,0,0,0,23,2,5,760,CALIFORNIA AVE,41.785014,-87.815292,05/24/2022 12:37:00 AM,2022
CR00009841,02/03/2019 02:20:00 AM,30,CLEAR,DAYLIGHT,TURNING,ONE-WAY,NO CONTROLS,FOLLOWING TOO CLOSELY,FOLLOWING TOO CLOSELY,0,2,2,4,2,1,2,145,79TH ST,41.924949,-87.775831,02/03/2019 03:38:00 AM,2019
CR00009842,11/27/2017 01:38:00 PM,20,CLEAR,DAYLIGHT,REAR END,DIVIDED - W/MEDIAN (NOT RAISED),NO CONTROLS,UNABLE TO DETERMINE,IMPROPER LANE USAGE,0,0,0,0,13,2,11,389,CLARK ST,41.760239,-87.646495,11/27/2017 03:01:00 PM,2017
CR00009843,06/26/2020 09:55:00 PM,20,CLEAR,DAYLIGHT,REAR END,NOT DIVIDED,STOP SIGN/FLASHER,DISTRACTION - FROM INSIDE VEHICLE,DISREGARDING TRAFFIC SIGNALS,0,0,0,0,21,6,6,1793,DIVISION ST,41.932561,-87.501079,06/26/2020 11:27:00 PM,2020
CR00009844,12/26/2017 11:29:00 AM,30,SNOW,DAYLIGHT,REAR END,DIVIDED - W/MEDIAN (NOT RAISED),YIELD,FAILING TO YIELD RIGHT-OF-WAY,UNABLE TO DETERMINE,0,0,0,0,11,3,12,287,MILWAUKEE AVE,41.99685,-87.612767,12/26/2017 01:22:00 PM,2017
CR00009845,04/05/2019 06:45:00 PM,25,FOG/SMOKE/HAZE,DARKNESS,PEDESTRIAN,DIVIDED - W/MEDIAN (NOT RAISED),STOP SIGN/FLASHER,FAILING TO YIELD RIGHT-OF-WAY,FAILING TO YIELD RIGHT-OF-WAY,0,0,0,0,18,6,4,1642,ROOSEVELT RD,41.93342,-87.544283,04/05/2019 08:35:00 PM,2019
CR00009846,12/27/2015 04:51:00 PM,35,CLEAR,DAYLIGHT,TURNING,DIVIDED - W/MEDIAN BARRIER,STOP SIGN/FLASHER,DRIVING SKILLS/KNOWLEDGE/EXPERIENCE,FOLLOWING TOO CLOSELY,0,0,0,0,16,1,12,1659,47TH ST,41.854606,-87.800603,12/27/2015 05:28:00 PM,2015
CR00009847,03/18/2019 06:42:00 AM,30,CLEAR,DAYLIGHT,REAR END,DIVIDED - W/MEDIAN BARRIER,NO CONTROLS,FAILING TO YIELD RIGHT-OF-WAY,IMPROPER LANE USAGE,0,0,0,0,6,2,3,1605,MICHIGAN AVE,41.820351,-87.623036,03/18/2019 07:58:00 AM,2019
CR00009848,04/12/2019 06:28:00 PM,40,CLOUDY/OVERCAST,DAYLIGHT,REAR END,DIVIDED - W/MEDIAN (NOT RAISED),TRAFFIC SIGNAL,WEATHER,NOT APPLICABLE,0,0,0,0,18,6,4,1554,DAMEN AVE,41.821231,-87.759152,04/12/2019 08:01:00 PM,2019
CR00009849,07/15/2024 10:58:00 PM,30,CLEAR,DARKNESS - LIGHTED ROAD,REAR TO FRONT,ONE-WAY,YIELD,DRIVING SKILLS/KNOWLEDGE/EXPERIENCE,DRIVING SKILLS/KNOWLEDGE/EXPERIENCE,0,0,1,1,22,2,7,1829,LAKE SHORE DR,41.90023,-87.561039,07/16/2024 12:07:00 AM,2024
CR00009850,02/06/2016 07:42:00 PM,40,RAIN,DAYLIGHT,ANGLE,NOT DIVIDED,NO CONTROLS,DRIVING SKILLS/KNOWLEDGE/EXPERIENCE,FAILING TO REDUCE SPEED,0,0,0,0,19,7,2,1107,47TH ST,41.865235,-87.501924,02/06/2016 07:48:00 PM,2016
CR00009851,05/26/2022 10:02:00 AM,20,CLEAR,DAYLIGHT,SIDESWIPE SAME DIRECTION,NOT DIVIDED,YIELD,FOLLOWING TOO CLOSELY,UNABLE TO DETERMINE,0,0,3,3,10,5,5,941,47TH ST,41.990745,-87.518163,05/26/2022 10:53:00 AM,2022
CR00009852,12/05/2015 05:35:00 PM,40,CLEAR,DAYLIGHT,TURNING,ONE-WAY,TRAFFIC SIGNAL,FOLLOWING TOO CLOSELY,FAILING TO YIELD RIGHT-OF-WAY,0,0,2,2,17,7,12,1431,KEDZIE AVE,41.719759,-87.7585,12/05/2015 06:21:00 PM,2015
CR00009853,12/02/2024 04:46:00 PM,35,CLOUDY/OVERCAST,DUSK,TURNING,ONE-WAY,UNKNOWN,UNABLE TO DETERMINE,NOT APPLICABLE,0,0,0,0,16,2,12,511,CICERO AVE,41.877851,-87.502893,12/02/2024 05:27:00 PM,2024
CR00009854,11/14/2018 03:39:00 PM,30,CLEAR,DAYLIGHT,SIDESWIPE SAME DIRECTION,ONE-WAY,NO CONTROLS,UNABLE TO DETERMINE,DISTRACTION - FROM INSIDE VEHICLE,0,0,0,0,15,4,11,294,47TH ST,41.943903,-87.529958,11/14/2018 05:37:00 PM,2018
CR00009855,07/29/2019 11:33:00 PM,25,CLEAR,DAYLIGHT,TURNING,NOT DIVIDED,STOP SIGN/FLASHER,DISREGARDING TRAFFIC SIGNALS,UNABLE TO DETERMINE,0,0,0,0,23,2,7,1051,IRVING PARK RD,41.792225,-87.721225,07/30/2019 01:27:00 AM,2019
CR00009856,02/21/2018 06:51:00 PM,35,CLEAR,DAYLIGHT,ANGLE,T-INTERSECTION,YIELD,FAILING TO REDUCE SPEED,NOT APPLICABLE,0,0,0,0,18,4,2,749,BROADWAY,41.789574,-87.826916,02/21/2018 06:53:00 PM,2018
CR00009857,05/24/2020 01:49:00 AM,20,CLEAR,DAYLIGHT,SIDESWIPE SAME DIRECTION,NOT DIVIDED,STOP SIGN/FLASHER,UNABLE TO DETERMINE,DISREGARDING TRAFFIC SIGNALS,0,0,2,2,1,1,5,145,CLARK ST,41.81153,-87.830458,05/24/2020 03:12:00 AM,2020
CR00009858,08/18/2024 04:41:00 PM,15,CLEAR,DARKNESS - LIGHTED ROAD,REAR END,DIVIDED - W/MEDIAN BARRIER,STOP SIGN/FLASHER,IMPROPER LANE USAGE,FOLLOWING TOO CLOSELY,0,0,0,0,16,1,8,149,WESTERN AVE,41.761861,-87.60673,08/18/2024 05:31:00 PM,2024
CR00009859,03/11/2016 07:58:00 AM,15,RAIN,DARKNESS - LIGHTED ROAD,TURNING,NOT DIVIDED,NO CONTROLS,WEATHER,UNABLE TO DETERMINE,0,1,1,2,7,6,3,1852,CLARK ST,41.808734,-87.570168,03/11/2016 08:43:00 AM,2016
CR00009860,07/12/2022 02:58:00 PM,30,CLEAR,DARKNESS,FIXED OBJECT,NOT DIVIDED,UNKNOWN,UNABLE TO DETERMINE,FAILING TO YIELD RIGHT-OF-WAY,0,0,0,0,14,3,7,1430,BROADWAY,41.780596,-87.570662,07/12/2022 03:57:00 PM,2022
CR00009861,08/29/2023 02:56:00 PM,30,CLEAR,DAYLIGHT,TURNING,NOT DIVIDED,NO CONTROLS,FOLLOWING TOO CLOSELY,IMPROPER LANE USAGE,0,0,0,0,14,3,8,1880,DAMEN AVE,41.907021,-87.76185,08/29/2023 03:14:00 PM,2023
CR00009862,07/31/2015 07:06:00 AM,30,CLEAR,DARKNESS - LIGHTED ROAD,REAR TO FRONT,NOT DIVIDED,UNKNOWN,UNABLE TO DETERMINE,WEATHER,0,0,0,0,7,6,7,523,WESTERN AVE,41.839347,-87.559488,07/31/2015 08:29:00 AM,2015
CR00009863,07/14/2015 06:00:00 PM,25,RAIN,DAYLIGHT,TURNING,NOT DIVIDED,STOP SIGN/FLASHER,IMPROPER OVERTAKING/PASSING,DISTRACTION - FROM INSIDE VEHICLE,0,0,1,1,18,3,7,1760,CICERO AVE,41.921358,-87.840108,07/14/2015 07:41:00 PM,2015
CR00009864,05/17/2017 08:57:00 AM,35,CLEAR,DAYLIGHT,ANGLE,NOT DIVIDED,NO CONTROLS,IMPROPER OVERTAKING/PASSING,NOT APPLICABLE,0,0,0,0,8,4,5,1241,63RD ST,41.864491,-87.55798,05/17/2017 09:48:00 AM,2017
CR00009865,07/09/2015 03:28:00 PM,35,CLOUDY/OVERCAST,DAYLIGHT,TURNING,NOT DIVIDED,UNKNOWN,FOLLOWING TOO CLOSELY,UNABLE TO DETERMINE,0,0,0,0,15,5,7,2098,OGDEN AVE,41.772177,-87.762405,07/09/2015 03:38:00 PM,2015
CR00009866,07/02/2019 05:10:00 PM,35,SNOW,DAYLIGHT,TURNING,DIVIDED - W/MEDIAN (NOT RAISED),NO CONTROLS,UNABLE TO DETERMINE,UNABLE TO DETERMINE,0,0,0,0,17,3,7,2077,BROADWAY,41.909396,-87.847284,07/02/2019 06:12:00 PM,2019
CR00009867,11/04/2015 01:22:00 PM,15,CLEAR,DAYLIGHT,TURNING,DIVIDED - W/MEDIAN (NOT RAISED),NO CONTROLS,FAILING TO REDUCE SPEED,DRIVING SKILLS/KNOWLEDGE/EXPERIENCE,0,0,0,0,13,4,11,342,STATE ST,41.917535,-87.722326,11/04/2015 01:39:00 PM,2015
CR00009868,05/21/2017 04:20:00 PM,15,RAIN,DAYLIGHT,REAR END,NOT DIVIDED,NO CONTROLS,DISREGARDING TRAFFIC SIGNALS,IMPROPER OVERTAKING/PASSING,0,0,0,0,16,1,5,1160,OGDEN AVE,41.808611,-87.813027,05/21/2017 04:44:00 PM,2017
CR00009869,06/28/2017 09:05:00 AM,35,FOG/SMOKE/HAZE,DAYLIGHT,ANGLE,ONE-WAY,TRAFFIC SIGNAL,WEATHER,FOLLOWING TOO CLOSELY,0,0,0,0,9,4,6,914,ASHLAND AVE,41.710383,-87.618207,06/28/2017 11:04:00 AM,2017
CR00009870,01/11/2021 05:04:00 AM,30,CLEAR,DARKNESS - LIGHTED ROAD,ANGLE,DIVIDED - W/MEDIAN (NOT RAISED),NO CONTROLS,UNABLE TO DETERMINE,FAILING TO YIELD RIGHT-OF-WAY,0,0,0,0,5,2,1,996,ARCHER AVE,41.985772,-87.705337,01/11/2021 07:02:00 AM,2021
CR00009871,07/29/2018 07:20:00 AM,30,CLEAR,DAYLIGHT,SIDESWIPE SAME DIRECTION,FOUR WAY,UNKNOWN,FOLLOWING TOO CLOSELY,FAILING TO YIELD RIGHT-OF-WAY,0,0,0,0,7,1,7,443,STATE ST,41.87982,-87.698255,07/29/2018 08:40:00 AM,2018
CR00009872,07/23/2017 05:50:00 PM,45,CLEAR,DAYLIGHT,REAR END,DIVIDED - W/MEDIAN (NOT RAISED),NO CONTROLS,DRIVING SKILLS/KNOWLEDGE/EXPERIENCE,DISREGARDING TRAFFIC SIGNALS,0,0,0,0,17,1,7,1314,HALSTED ST,41.838276,-87.569492,07/23/2017 06:10:00 PM,2017
CR00009873,01/23/2015 10:55:00 AM,45,CLOUDY/OVERCAST,DAYLIGHT,REAR END,DIVIDED - W/MEDIAN (NOT RAISED),STOP SIGN/FLASHER,DRIVING SKILLS/KNOWLEDGE/EXPERIENCE,FAILING TO YIELD RIGHT-OF-WAY,0,0,0,0,10,6,1,1431,CLARK ST,41.710883,-87.609612,01/23/2015 11:54:00 AM,2015
CR00009874,04/09/2016 06:31:00 PM,30,CLEAR,DAYLIGHT,TURNING,ONE-WAY,TRAFFIC SIGNAL,FAILING TO YIELD RIGHT-OF-WAY,IMPROPER LANE USAGE,0,0,0,0,18,7,4,695,DIVISION ST,41.975156,-87.711051,04/09/2016 06:40:00 PM,2016
CR00009875,04/23/2023 04:12:00 AM,40,CLEAR,DAYLIGHT,REAR END,FOUR WAY,TRAFFIC SIGNAL,UNABLE TO DETERMINE,IMPROPER OVERTAKING/PASSING,0,0,1,1,4,1,4,901,STONY ISLAND AVE,41.971899,-87.753503,04/23/2023 04:41:00 AM,2023
CR00009876,03/20/2021 12:53:00 PM,30,CLEAR,DAYLIGHT,PARKED MOTOR VEHICLE,DIVIDED - W/MEDIAN BARRIER,NO CONTROLS,DISTRACTION - FROM INSIDE VEHICLE,FOLLOWING TOO CLOSELY,0,0,0,0,12,7,3,1093,WESTERN AVE,41.914855,-87.685305,03/20/2021 02:33:00 PM,2021
CR00009877,06/22/2017 07:06:00 AM,45,CLEAR,DUSK,REAR END,ONE-WAY,STOP SIGN/FLASHER,UNABLE TO DETERMINE,FOLLOWING TOO CLOSELY,0,0,3,3,7,5,6,293,KEDZIE AVE,41.85999,-87.83721,06/22/2017 09:02:00 AM,2017
CR00009878,01/08/2019 05:47:00 PM,30,CLEAR,DAYLIGHT,TURNING,DIVIDED - W/MEDIAN (NOT RAISED),TRAFFIC SIGNAL,UNABLE TO DETERMINE,DISREGARDING TRAFFIC SIGNALS,0,0,1,1,17,3,1,1971,CICERO AVE,41.712253,-87.843325,01/08/2019 07:10:00 PM,2019
CR00009879,07/01/2021 08:59:00 AM,45,CLOUDY/OVERCAST,DAYLIGHT,SIDESWIPE SAME DIRECTION,T-INTERSECTION,NO CONTROLS,UNABLE TO DETERMINE,FOLLOWING TOO CLOSELY,0,0,0,0,8,5,7,1013,HALSTED ST,41.918177,-87.842339,07/01/2021 10:59:00 AM,2021
CR00009880,11/01/2016 09:45:00 AM,40,CLEAR,DAYLIGHT,REAR END,DIVIDED - W/MEDIAN (NOT RAISED),PEDESTRIAN CROSSING SIGN,DISREGARDING TRAFFIC SIGNALS,FOLLOWING TOO CLOSELY,0,0,0,0,9,3,11,1589,LAKE SHORE DR,41.982772,-87.513695,11/01/2016 11:44:00 AM,2016
CR00009881,04/23/2015 05:20:00 AM,25,CLEAR,DUSK,FIXED OBJECT,FOUR WAY,NO CONTROLS,UNABLE TO DETERMINE,DRIVING SKILLS/KNOWLEDGE/EXPERIENCE,0,0,0,0,5,5,4,2133,HALSTED ST,41.878263,-87.532988,04/23/2015 07:04:00 AM,2015
CR00009882,12/09/2019 10:25:00 AM,30,CLEAR,DUSK,PEDESTRIAN,NOT DIVIDED,NO CONTROLS,UNABLE TO DETERMINE,UNABLE TO DETERMINE,0,0,0,0,10,2,12,322,FULLERTON AVE,41.755989,-87.754707,12/09/2019 11:28:00 AM,2019
CR00009883,04/15/2020 02:26:00 PM,30,CLEAR,DAYLIGHT,REAR TO FRONT,ONE-WAY,STOP SIGN/FLASHER,UNABLE TO DETERMINE,WEATHER,0,0,0,0,14,4,4,377,IRVING PARK RD,41.835609,-87.685906,04/15/2020 03:51:00 PM,2020
CR00009884,12/07/2021 06:03:00 AM,30,SNOW,DARKNESS - LIGHTED ROAD,SIDESWIPE SAME DIRECTION,DIVIDED - W/MEDIAN (NOT RAISED),NO CONTROLS,IMPROPER OVERTAKING/PASSING,IMPROPER OVERTAKING/PASSING,0,0,0,0,6,3,12,683,STATE ST,41.758255,-87.619703,12/07/2021 07:20:00 AM,2021