CRASH_RECORD_ID,CRASH_DATE,POSTED_SPEED_LIMIT,WEATHER_CONDITION,LIGHTING_CONDITION,FIRST_CRASH_TYPE,TRAFFICWAY_TYPE,TRAFFIC_CONTROL_DEVICE,PRIM_CONTRIBUTORY_CAUSE,SEC_CONTRIBUTORY_CAUSE,INJURIES_FATAL,INJURIES_INCAPACITATING,INJURIES_NON_INCAPACITATING,INJURIES_TOTAL,CRASH_HOUR,CRASH_DAY_OF_WEEK,CRASH_MONTH,BEAT_OF_OCCURRENCE,STREET_NAME,LATITUDE,LONGITUDE,DATE_POLICE_NOTIFIED,year
CR00009885,01/22/2015 04:57:00 PM,30,CLEAR,DAYLIGHT,SIDESWIPE SAME DIRECTION,ONE-WAY,TRAFFIC SIGNAL,IMPROPER LANE USAGE,UNABLE TO DETERMINE,0,0,2,2,16,5,1,221,ROOSEVELT RD,41.82449,-87.654788,01/22/2015 04:58:00 PM,2015
CR00009886,06/01/2019 07:41:00 AM,35,CLEAR,DARKNESS - LIGHTED ROAD,SIDESWIPE SAME DIRECTION,FOUR WAY,NO CONTROLS,FOLLOWING TOO CLOSELY,WEATHER,0,0,0,0,7,7,6,861,BROADWAY,41.858853,-87.614487,06/01/2019 08:54:00 AM,2019
CR00009887,11/26/2018 07:28:00 AM,15,RAIN,DAYLIGHT,ANGLE,NOT DIVIDED,UNKNOWN,FAILING TO YIELD RIGHT-OF-WAY,NOT APPLICABLE,0,0,0,0,7,2,11,2025,ELSTON AVE,41.794782,-87.820764,11/26/2018 07:39:00 AM,2018
CR00009888,03/29/2021 07:11:00 AM,20,CLEAR,DAYLIGHT,SIDESWIPE SAME DIRECTION,NOT DIVIDED,TRAFFIC SIGNAL,UNABLE TO DETERMINE,WEATHER,0,0,0,0,7,2,3,983,FULLERTON AVE,41.792505,-87.753259,03/29/2021 08:55:00 AM,2021
CR00009889,05/03/2015 06:22:00 PM,15,CLEAR,DAYLIGHT,REAR END,NOT DIVIDED,TRAFFIC SIGNAL,UNABLE TO DETERMINE,WEATHER,0,0,0,0,18,1,5,767,PULASKI RD,41.827084,-87.729006,05/03/2015 06:23:00 PM,2015
CR00009890,12/21/2016 02:16:00 PM,45,SNOW,DAYLIGHT,TURNING,NOT DIVIDED,STOP SIGN/FLASHER,FOLLOWING TOO CLOSELY,UNABLE TO DETERMINE,0,0,0,0,14,4,12,630,ARCHER AVE,41.84831,-87.811276,12/21/2016 03:16:00 PM,2016
CR00009891,11/08/2023 05:44:00 AM,30,RAIN,DAYLIGHT,ANGLE,DIVIDED - W/MEDIAN (NOT RAISED),NO CONTROLS,IMPROPER OVERTAKING/PASSING,DISTRACTION - FROM INSIDE VEHICLE,0,0,0,0,5,4,11,1023,HALSTED ST,41.702351,-87.693184,11/08/2023 06:43:00 AM,2023
CR00009892,07/22/2015 09:41:00 AM,45,CLEAR,DARKNESS - LIGHTED ROAD,PARKED MOTOR VEHICLE,ONE-WAY,NO CONTROLS,IMPROPER LANE USAGE,FOLLOWING TOO CLOSELY,0,0,0,0,9,4,7,2534,WESTERN AVE,41.752678,-87.659473,07/22/2015 10:27:00 AM,2015
CR00009893,03/13/2023 10:01:00 AM,25,CLEAR,DARKNESS - LIGHTED ROAD,ANGLE,NOT DIVIDED,TRAFFIC SIGNAL,DRIVING SKILLS/KNOWLEDGE/EXPERIENCE,NOT APPLICABLE,0,2,3,5,10,2,3,847,IRVING PARK RD,41.92207,-87.676951,03/13/2023 11:33:00 AM,2023
CR00009894,07/30/2015 07:50:00 AM,35,CLEAR,DAYLIGHT,TURNING,NOT DIVIDED,NO CONTROLS,DISREGARDING TRAFFIC SIGNALS,DRIVING SKILLS/KNOWLEDGE/EXPERIENCE,0,0,0,0,7,5,7,1868,ELSTON AVE,41.761215,-87.579741,07/30/2015 08:58:00 AM,2015
CR00009895,10/07/2019 07:00:00 PM,15,CLEAR,DAYLIGHT,REAR END,FOUR WAY,STOP SIGN/FLASHER,FAILING TO YIELD RIGHT-OF-WAY,NOT APPLICABLE,0,0,0,0,19,2,10,2442,DIVISION ST,41.828382,-87.533369,10/07/2019 07:11:00 PM,2019
CR00009896,04/12/2017 06:30:00 PM,35,RAIN,DARKNESS - LIGHTED ROAD,REAR END,NOT DIVIDED,UNKNOWN,WEATHER,UNABLE TO DETERMINE,0,0,0,0,18,4,4,435,WESTERN AVE,41.72696,-87.649955,04/12/2017 07:43:00 PM,2017
CR00009897,11/16/2023 10:19:00 AM,35,CLEAR,DAYLIGHT,SIDESWIPE SAME DIRECTION,NOT DIVIDED,NO CONTROLS,FAILING TO YIELD RIGHT-OF-WAY,UNABLE TO DETERMINE,0,0,0,0,10,5,11,1353,IRVING PARK RD,41.946491,-87.760896,11/16/2023 10:37:00 AM,2023
CR00009898,03/18/2015 02:41:00 PM,45,CLEAR,DAYLIGHT,ANGLE,NOT DIVIDED,STOP SIGN/FLASHER,DRIVING SKILLS/KNOWLEDGE/EXPERIENCE,NOT APPLICABLE,0,0,0,0,14,4,3,2394,DAMEN AVE,41.896985,-87.6787,03/18/2015 04:20:00 PM,2015
CR00009899,11/03/2018 10:35:00 PM,35,CLEAR,DAYLIGHT,ANGLE,FOUR WAY,PEDESTRIAN CROSSING SIGN,UNABLE TO DETERMINE,NOT APPLICABLE,0,0,0,0,22,7,11,138,STATE ST,41.742119,-87.56545,11/03/2018 11:31:00 PM,2018
CR00009900,04/23/2019 03:23:00 AM,30,CLOUDY/OVERCAST,DARKNESS - LIGHTED ROAD,REAR END,FOUR WAY,NO CONTROLS,UNABLE TO DETERMINE,UNABLE TO DETERMINE,0,0,0,0,3,3,4,1514,KEDZIE AVE,41.881046,-87.631992,04/23/2019 04:48:00 AM,2019
CR00009901,09/15/2017 06:07:00 AM,15,CLEAR,DUSK,TURNING,DIVIDED - W/MEDIAN BARRIER,TRAFFIC SIGNAL,IMPROPER LANE USAGE,UNABLE TO DETERMINE,0,0,2,2,6,6,9,1042,CALIFORNIA AVE,41.793868,-87.501469,09/15/2017 07:00:00 AM,2017
CR00009902,10/08/2017 06:59:00 AM,30,CLEAR,DAYLIGHT,ANGLE,DIVIDED - W/MEDIAN (NOT RAISED),TRAFFIC SIGNAL,DISTRACTION - FROM INSIDE VEHICLE,UNABLE TO DETERMINE,0,0,0,0,6,1,10,2198,IRVING PARK RD,41.954147,-87.839068,10/08/2017 08:03:00 AM,2017
CR00009903,01/13/2019 09:38:00 PM,35,CLEAR,DAYLIGHT,REAR END,FOUR WAY,TRAFFIC SIGNAL,UNABLE TO DETERMINE,UNABLE TO DETERMINE,0,2,2,4,21,1,1,1569,PULASKI RD,41.759522,-87.663282,01/13/2019 10:30:00 PM,2019
CR00009904,01/23/2018 01:37:00 PM,25,SNOW,DARKNESS - LIGHTED ROAD,PARKED MOTOR VEHICLE,ONE-WAY,TRAFFIC SIGNAL,DISREGARDING TRAFFIC SIGNALS,UNABLE TO DETERMINE,0,0,3,3,13,3,1,1078,CLARK ST,41.988045,-87.618815,01/23/2018 02:36:00 PM,2018
CR00009905,11/12/2024 10:31:00 AM,30,RAIN,DAYLIGHT,TURNING,DIVIDED - W/MEDIAN (NOT RAISED),TRAFFIC SIGNAL,FAILING TO REDUCE SPEED,FAILING TO YIELD RIGHT-OF-WAY,0,0,0,0,10,3,11,2535,IRVING PARK RD,41.742496,-87.637158,11/12/2024 11:55:00 AM,2024
CR00009906,10/13/2016 04:31:00 AM,30,CLEAR,DAYLIGHT,PARKED MOTOR VEHICLE,NOT DIVIDED,NO CONTROLS,FAILING TO REDUCE SPEED,FAILING TO YIELD RIGHT-OF-WAY,0,0,0,0,4,5,10,623,79TH ST,41.888348,-87.713149,10/13/2016 06:17:00 AM,2016
CR00009907,11/04/2020 06:20:00 PM,40,SNOW,DAYLIGHT,TURNING,NOT DIVIDED,UNKNOWN,IMPROPER LANE USAGE,FAILING TO YIELD RIGHT-OF-WAY,0,0,1,1,18,4,11,1814,ASHLAND AVE,41.754636,-87.753086,11/04/2020 06:46:00 PM,2020
CR00009908,06/06/2024 04:12:00 AM,30,CLEAR,DARKNESS - LIGHTED ROAD,PARKED MOTOR VEHICLE,NOT DIVIDED,NO CONTROLS,FAILING TO REDUCE SPEED,DISREGARDING TRAFFIC SIGNALS,0,0,1,1,4,5,6,340,CICERO AVE,41.797138,-87.823689,06/06/2024 05:57:00 AM,2024
CR00009909,11/26/2016 05:27:00 AM,30,CLEAR,DAYLIGHT,ANGLE,ONE-WAY,UNKNOWN,IMPROPER OVERTAKING/PASSING,NOT APPLICABLE,0,0,0,0,5,7,11,1111,FULLERTON AVE,41.809121,-87.608146,11/26/2016 06:24:00 AM,2016
CR00009910,08/20/2015 08:31:00 AM,40,CLOUDY/OVERCAST,DARKNESS - LIGHTED ROAD,TURNING,T-INTERSECTION,TRAFFIC SIGNAL,FAILING TO REDUCE SPEED,UNABLE TO DETERMINE,0,0,0,0,8,5,8,797,ELSTON AVE,41.884109,-87.696682,08/20/2015 08:52:00 AM,2015
CR00009911,02/26/2023 09:56:00 AM,25,RAIN,DAYLIGHT,REAR END,ONE-WAY,NO CONTROLS,DISTRACTION - FROM INSIDE VEHICLE,UNABLE TO DETERMINE,0,0,2,2,9,1,2,777,ELSTON AVE,41.822839,-87.697896,02/26/2023 11:53:00 AM,2023
CR00009912,09/07/2022 08:01:00 AM,35,CLEAR,DARKNESS - LIGHTED ROAD,REAR END,DIVIDED - W/MEDIAN (NOT RAISED),NO CONTROLS,WEATHER,NOT APPLICABLE,0,0,0,0,8,4,9,1711,DIVISION ST,41.979597,-87.697894,09/07/2022 08:22:00 AM,2022
CR00009913,04/28/2024 06:22:00 AM,30,CLEAR,DARKNESS - LIGHTED ROAD,ANGLE,DIVIDED - W/MEDIAN (NOT RAISED),TRAFFIC SIGNAL,IMPROPER LANE USAGE,DISTRACTION - FROM INSIDE VEHICLE,0,0,0,0,6,1,4,1199,DIVISION ST,41.961925,-87.500116,04/28/2024 08:06:00 AM,2024
CR00009914,12/04/2024 06:52:00 AM,25,CLEAR,DAYLIGHT,PARKED MOTOR VEHICLE,DIVIDED - W/MEDIAN (NOT RAISED),STOP SIGN/FLASHER,UNABLE TO DETERMINE,FOLLOWING TOO CLOSELY,0,0,0,0,6,4,12,2056,MILWAUKEE AVE,41.724196,-87.500257,12/04/2024 08:19:00 AM,2024
CR00009915,07/12/2015 03:29:00 AM,45,CLEAR,DAYLIGHT,SIDESWIPE SAME DIRECTION,FOUR WAY,NO CONTROLS,UNABLE TO DETERMINE,FAILING TO YIELD RIGHT-OF-WAY,0,0,1,1,3,1,7,282,LAKE SHORE DR,41.717108,-87.644648,07/12/2015 04:51:00 AM,2015
CR00009916,08/03/2023 06:03:00 PM,25,CLOUDY/OVERCAST,DAYLIGHT,REAR END,NOT DIVIDED,NO CONTROLS,UNABLE TO DETERMINE,DRIVING SKILLS/KNOWLEDGE/EXPERIENCE,0,0,0,0,18,5,8,775,LAKE SHORE DR,41.941496,-87.5339,08/03/2023 06:25:00 PM,2023
CR00009917,11/15/2016 01:30:00 AM,35,CLEAR,DAYLIGHT,PARKED MOTOR VEHICLE,NOT DIVIDED,NO CONTROLS,UNABLE TO DETERMINE,DRIVING SKILLS/KNOWLEDGE/EXPERIENCE,0,0,0,0,1,3,11,1226,ELSTON AVE,41.955223,-87.542967,11/15/2016 02:42:00 AM,2016
CR00009918,08/31/2021 06:07:00 PM,40,CLEAR,DAYLIGHT,PARKED MOTOR VEHICLE,DIVIDED - W/MEDIAN (NOT RAISED),YIELD,UNABLE TO DETERMINE,DISTRACTION - FROM INSIDE VEHICLE,0,0,0,0,18,3,8,377,79TH ST,41.738201,-87.652312,08/31/2021 06:54:00 PM,2021
CR00009919,11/30/2018 04:43:00 PM,40,FOG/SMOKE/HAZE,DAYLIGHT,TURNING,DIVIDED - W/MEDIAN BARRIER,NO CONTROLS,DISREGARDING TRAFFIC SIGNALS,DRIVING SKILLS/KNOWLEDGE/EXPERIENCE,0,0,0,0,16,6,11,225,DAMEN AVE,41.844348,-87.638999,11/30/2018 05:15:00 PM,2018
CR00009920,03/24/2016 06:53:00 PM,35,CLEAR,DAYLIGHT,ANGLE,DIVIDED - W/MEDIAN (NOT RAISED),TRAFFIC SIGNAL,FOLLOWING TOO CLOSELY,UNABLE TO DETERMINE,0,0,1,1,18,5,3,730,47TH ST,41.713446,-87.591587,03/24/2016 07:01:00 PM,2016
CR00009921,12/28/2016 08:00:00 AM,35,CLEAR,DAYLIGHT,REAR TO FRONT,NOT DIVIDED,STOP SIGN/FLASHER,FAILING TO YIELD RIGHT-OF-WAY,IMPROPER LANE USAGE,0,0,0,0,8,4,12,1551,MILWAUKEE AVE,41.78693,-87.699238,12/28/2016 08:07:00 AM,2016
CR00009922,02/28/2021 02:09:00 PM,25,RAIN,DAYLIGHT,SIDESWIPE SAME DIRECTION,NOT DIVIDED,TRAFFIC SIGNAL,FAILING TO REDUCE SPEED,NOT APPLICABLE,0,0,0,0,14,1,2,1761,CLARK ST,41.720057,-87.780332,02/28/2021 02:52:00 PM,2021
CR00009923,11/03/2019 04:36:00 PM,15,SNOW,DAYLIGHT,PARKED MOTOR VEHICLE,DIVIDED - W/MEDIAN (NOT RAISED),TRAFFIC SIGNAL,FAILING TO YIELD RIGHT-OF-WAY,FOLLOWING TOO CLOSELY,0,0,0,0,16,1,11,1748,CICERO AVE,41.813767,-87.795494,11/03/2019 06:36:00 PM,2019
CR00009924,10/30/2017 05:56:00 PM,30,CLEAR,DARKNESS - LIGHTED ROAD,FIXED OBJECT,ONE-WAY,NO CONTROLS,DISTRACTION - FROM INSIDE VEHICLE,NOT APPLICABLE,0,0,0,0,17,2,10,2516,LAKE SHORE DR,41.794515,-87.558686,10/30/2017 07:03:00 PM,2017
CR00009925,11/26/2024 03:09:00 PM,15,RAIN,DAYLIGHT,TURNING,DIVIDED - W/MEDIAN BARRIER,TRAFFIC SIGNAL,UNABLE TO DETERMINE,FAILING TO REDUCE SPEED,0,1,1,2,15,3,11,994,PULASKI RD,41.882386,-87.732036,11/26/2024 03:16:00 PM,2024
CR00009926,06/19/2019 07:54:00 AM,35,CLEAR,DAYLIGHT,SIDESWIPE SAME DIRECTION,DIVIDED - W/MEDIAN (NOT RAISED),NO CONTROLS,DRIVING SKILLS/KNOWLEDGE/EXPERIENCE,NOT APPLICABLE,0,0,0,0,7,4,6,2421,CLARK ST,41.732463,-87.802319,06/19/2019 09:21:00 AM,2019
CR00009927,04/11/2021 11:19:00 PM,30,FOG/SMOKE/HAZE,DAYLIGHT,REAR END,NOT DIVIDED,NO CONTROLS,FAILING TO REDUCE SPEED,UNABLE TO DETERMINE,0,0,0,0,23,1,4,726,STATE ST,41.88844,-87.585401,04/12/2021 01:14:00 AM,2021
CR00009928,12/25/2016 03:21:00 PM,25,FREEZING RAIN/DRIZZLE,DAYLIGHT,PEDESTRIAN,ONE-WAY,STOP SIGN/FLASHER,DISTRACTION - FROM INSIDE VEHICLE,DISREGARDING TRAFFIC SIGNALS,0,0,0,0,15,1,12,1542,ROOSEVELT RD,41.965233,-87.81844,12/25/2016 04:42:00 PM,2016
CR00009929,05/23/2017 07:40:00 PM,40,CLEAR,DAYLIGHT,SIDESWIPE SAME DIRECTION,NOT DIVIDED,TRAFFIC SIGNAL,UNABLE TO DETERMINE,UNABLE TO DETERMINE,0,0,0,0,19,3,5,1153,STONY ISLAND AVE,41.801835,-87.675176,05/23/2017 07:42:00 PM,2017
CR00009930,01/28/2023 07:04:00 AM,20,CLEAR,DAYLIGHT,PARKED MOTOR VEHICLE,NOT DIVIDED,TRAFFIC SIGNAL,IMPROPER LANE USAGE,DRIVING SKILLS/KNOWLEDGE/EXPERIENCE,0,0,3,3,7,7,1,1898,KEDZIE AVE,41.849564,-87.837412,01/28/2023 07:24:00 AM,2023
CR00009931,01/20/2016 12:41:00 PM,30,CLEAR,DAYLIGHT,TURNING,DIVIDED - W/MEDIAN (NOT RAISED),TRAFFIC SIGNAL,UNABLE TO DETERMINE,DISREGARDING TRAFFIC SIGNALS,0,0,0,0,12,4,1,1406,79TH ST,41.963313,-87.60294,01/20/2016 12:46:00 PM,2016
CR00009932,04/08/2016 12:35:00 PM,35,CLEAR,DARKNESS - LIGHTED ROAD,PARKED MOTOR VEHICLE,T-INTERSECTION,TRAFFIC SIGNAL,DRIVING SKILLS/KNOWLEDGE/EXPERIENCE,UNABLE TO DETERMINE,0,0,1,1,12,6,4,1372,47TH ST,41.755696,-87.575906,04/08/2016 02:31:00 PM,2016
CR00009933,12/22/2015 01:56:00 AM,15,FREEZING RAIN/DRIZZLE,DARKNESS,TURNING,DIVIDED - W/MEDIAN (NOT RAISED),NO CONTROLS,FAILING TO YIELD RIGHT-OF-WAY,DISREGARDING TRAFFIC SIGNALS,0,0,1,1,1,3,12,219,WESTERN AVE,41.818499,-87.561699,12/22/2015 02:44:00 AM,2015
CR00009934,01/22/2024 09:56:00 AM,30,RAIN,DAYLIGHT,REAR END,ONE-WAY,STOP SIGN/FLASHER,UNABLE TO DETERMINE,FAILING TO REDUCE SPEED,0,0,0,0,9,2,1,293,DAMEN AVE,41.888733,-87.581771,01/22/2024 10:13:00 AM,2024
CR00009935,04/01/2024 05:30:00 PM,35,CLEAR,DAWN,ANGLE,DIVIDED - W/MEDIAN (NOT RAISED),NO CONTROLS,IMPROPER OVERTAKING/PASSING,UNABLE TO DETERMINE,0,0,0,0,17,2,4,866,79TH ST,41.719343,-87.503774,04/01/2024 06:25:00 PM,2024
CR00009936,05/22/2021 05:46:00 PM,20,CLEAR,DARKNESS - LIGHTED ROAD,SIDESWIPE SAME DIRECTION,NOT DIVIDED,TRAFFIC SIGNAL,FOLLOWING TOO CLOSELY,IMPROPER OVERTAKING/PASSING,0,0,0,0,17,7,5,2171,ASHLAND AVE,41.899723,-87.68834,05/22/2021 07:45:00 PM,2021
CR00009937,02/26/2019 02:28:00 PM,45,RAIN,DAYLIGHT,FIXED OBJECT,DIVIDED - W/MEDIAN (NOT RAISED),STOP SIGN/FLASHER,FAILING TO YIELD RIGHT-OF-WAY,UNABLE TO DETERMINE,0,0,0,0,14,3,2,507,DAMEN AVE,41.98489,-87.545426,02/26/2019 02:54:00 PM,2019
CR00009938,09/23/2023 02:37:00 PM,35,CLEAR,DAYLIGHT,REAR END,FOUR WAY,NO CONTROLS,IMPROPER LANE USAGE,UNABLE TO DETERMINE,0,0,1,1,14,7,9,1757,STATE ST,41.902011,-87.641481,09/23/2023 02:59:00 PM,2023
CR00009939,10/11/2021 04:23:00 PM,40,CLEAR,DAYLIGHT,SIDESWIPE SAME DIRECTION,NOT DIVIDED,NO CONTROLS,FAILING TO YIELD RIGHT-OF-WAY,DISTRACTION - FROM INSIDE VEHICLE,0,1,3,4,16,2,10,1583,HALSTED ST,41.897342,-87.523774,10/11/2021 05:56:00 PM,2021
CR00009940,02/20/2017 08:01:00 AM,15,CLEAR,DAYLIGHT,ANGLE,NOT DIVIDED,NO CONTROLS,IMPROPER OVERTAKING/PASSING,NOT APPLICABLE,0,0,0,0,8,2,2,217,IRVING PARK RD,41.770999,-87.718302,02/20/2017 09:19:00 AM,2017
CR00009941,09/09/2017 03:21:00 PM,30,RAIN,DARKNESS - LIGHTED ROAD,SIDESWIPE SAME DIRECTION,DIVIDED - W/MEDIAN (NOT RAISED),STOP SIGN/FLASHER,UNABLE TO DETERMINE,WEATHER,0,0,0,0,15,7,9,1409,CICERO AVE,41.751171,-87.661526,09/09/2017 05:05:00 PM,2017
CR00009942,12/07/2020 09:41:00 AM,40,RAIN,DAYLIGHT,REAR TO FRONT,ONE-WAY,NO CONTROLS,DISTRACTION - FROM INSIDE VEHICLE,FAILING TO YIELD RIGHT-OF-WAY,0,0,0,0,9,2,12,2397,ASHLAND AVE,41.791108,-87.578734,12/07/2020 10:15:00 AM,2020
CR00009943,11/27/2019 01:59:00 AM,45,CLEAR,DAYLIGHT,ANGLE,NOT DIVIDED,TRAFFIC SIGNAL,DRIVING SKILLS/KNOWLEDGE/EXPERIENCE,WEATHER,0,0,0,0,1,4,11,615,79TH ST,41.825596,-87.706192,11/27/2019 02:43:00 AM,2019
CR00009944,07/22/2024 09:56:00 AM,30,CLEAR,DAYLIGHT,REAR TO FRONT,DIVIDED - W/MEDIAN BARRIER,STOP SIGN/FLASHER,FAILING TO REDUCE SPEED,FAILING TO YIELD RIGHT-OF-WAY,0,0,0,0,9,2,7,1091,CICERO AVE,41.776576,-87.766294,07/22/2024 10:04:00 AM,2024
CR00009945,08/16/2024 09:36:00 AM,35,CLEAR,DARKNESS - LIGHTED ROAD,SIDESWIPE SAME DIRECTION,DIVIDED - W/MEDIAN (NOT RAISED),NO CONTROLS,FAILING TO YIELD RIGHT-OF-WAY,NOT APPLICABLE,0,0,0,0,9,6,8,2468,LAKE SHORE DR,41.936477,-87.740265,08/16/2024 10:52:00 AM,2024
CR00009946,09/30/2015 12:30:00 PM,35,CLEAR,DARKNESS - LIGHTED ROAD,PEDESTRIAN,FOUR WAY,NO CONTROLS,FOLLOWING TOO CLOSELY,IMPROPER LANE USAGE,0,0,0,0,12,4,9,2535,MICHIGAN AVE,41.929936,-87.631298,09/30/2015 01:52:00 PM,2015
CR00009947,06/17/2018 08:52:00 PM,30,CLEAR,DUSK,SIDESWIPE SAME DIRECTION,FOUR WAY,STOP SIGN/FLASHER,FAILING TO YIELD RIGHT-OF-WAY,UNABLE TO DETERMINE,0,1,3,4,20,1,6,2446,ASHLAND AVE,41.930891,-87.573396,06/17/2018 09:06:00 PM,2018
CR00009948,10/01/2022 12:51:00 PM,35,CLEAR,DAYLIGHT,REAR END,ONE-WAY,TRAFFIC SIGNAL,DISREGARDING TRAFFIC SIGNALS,UNABLE TO DETERMINE,0,0,0,0,12,7,10,383,ELSTON AVE,41.868702,-87.776157,10/01/2022 02:08:00 PM,2022
CR00009949,09/19/2020 05:39:00 AM,30,CLEAR,DAYLIGHT,REAR END,NOT DIVIDED,NO CONTROLS,DISTRACTION - FROM INSIDE VEHICLE,UNABLE TO DETERMINE,0,0,1,1,5,7,9,261,KEDZIE AVE,41.962614,-87.633473,09/19/2020 06:36:00 AM,2020
CR00009950,08/31/2015 12:56:00 PM,45,CLEAR,DAYLIGHT,ANGLE,FOUR WAY,STOP SIGN/FLASHER,DRIVING SKILLS/KNOWLEDGE/EXPERIENCE,IMPROPER LANE USAGE,0,0,1,1,12,2,8,1387,ASHLAND AVE,41.99658,-87.629143,08/31/2015 01:59:00 PM,2015
CR00009951,12/23/2022 08:56:00 AM,35,CLEAR,DAYLIGHT,PARKED MOTOR VEHICLE,NOT DIVIDED,NO CONTROLS,UNABLE TO DETERMINE,IMPROPER OVERTAKING/PASSING,0,0,0,0,8,6,12,1492,WESTERN AVE,41.997519,-87.511391,12/23/2022 09:52:00 AM,2022
CR00009952,01/07/2024 08:35:00 AM,35,CLEAR,DAYLIGHT,TURNING,DIVIDED - W/MEDIAN (NOT RAISED),NO CONTROLS,IMPROPER OVERTAKING/PASSING,FAILING TO YIELD RIGHT-OF-WAY,0,0,0,0,8,1,1,2396,CALIFORNIA AVE,41.86598,-87.643744,01/07/2024 08:48:00 AM,2024
CR00009953,05/17/2015 07:33:00 PM,35,CLEAR,DAYLIGHT,REAR END,T-INTERSECTION,NO CONTROLS,IMPROPER OVERTAKING/PASSING,UNABLE TO DETERMINE,0,0,0,0,19,1,5,1514,DIVISION ST,41.735484,-87.577313,05/17/2015 08:53:00 PM,2015
CR00009954,06/27/2015 08:24:00 AM,20,CLOUDY/OVERCAST,DARKNESS - LIGHTED ROAD,TURNING,FOUR WAY,TRAFFIC SIGNAL,UNABLE TO DETERMINE,UNABLE TO DETERMINE,0,0,0,0,8,7,6,1898,47TH ST,41.80441,-87.659411,06/27/2015 09:36:00 AM,2015
CR00009955,10/24/2023 05:33:00 PM,30,RAIN,DAWN,ANGLE,DIVIDED - W/MEDIAN BARRIER,STOP SIGN/FLASHER,FAILING TO REDUCE SPEED,DISTRACTION - FROM INSIDE VEHICLE,0,0,0,0,17,3,10,1247,OGDEN AVE,41.934765,-87.827879,10/24/2023 06:20:00 PM,2023
CR00009956,08/07/2016 05:18:00 PM,30,RAIN,DARKNESS - LIGHTED ROAD,SIDESWIPE SAME DIRECTION,DIVIDED - W/MEDIAN (NOT RAISED),TRAFFIC SIGNAL,FOLLOWING TOO CLOSELY,NOT APPLICABLE,0,0,0,0,17,1,8,386,ROOSEVELT RD,41.836689,-87.536336,08/07/2016 07:16:00 PM,2016
CR00009957,12/26/2023 02:21:00 PM,45,FREEZING RAIN/DRIZZLE,DAYLIGHT,PEDESTRIAN,FOUR WAY,NO CONTROLS,UNABLE TO DETERMINE,WEATHER,0,0,0,0,14,3,12,2510,DIVISION ST,41.777005,-87.500791,12/26/2023 03:06:00 PM,2023
CR00009958,10/17/2022 05:08:00 PM,40,RAIN,DARKNESS - LIGHTED ROAD,FIXED OBJECT,T-INTERSECTION,YIELD,UNABLE TO DETERMINE,DISREGARDING TRAFFIC SIGNALS,0,0,1,1,17,2,10,447,STONY ISLAND AVE,41.825521,-87.752304,10/17/2022 06:37:00 PM,2022
CR00009959,11/05/2020 06:20:00 PM,30,CLEAR,DAYLIGHT,PARKED MOTOR VEHICLE,DIVIDED - W/MEDIAN BARRIER,STOP SIGN/FLASHER,UNABLE TO DETERMINE,UNABLE TO DETERMINE,0,0,0,0,18,5,11,1071,BROADWAY,41.762036,-87.625856,11/05/2020 07:18:00 PM,2020
CR00009960,02/09/2022 08:23:00 AM,30,RAIN,DAYLIGHT,TURNING,DIVIDED - W/MEDIAN BARRIER,NO CONTROLS,FAILING TO YIELD RIGHT-OF-WAY,IMPROPER OVERTAKING/PASSING,0,0,0,0,8,4,2,2144,79TH ST,41.968399,-87.628229,02/09/2022 09:03:00 AM,2022
CR00009961,09/14/2024 07:18:00 PM,30,RAIN,DARKNESS - LIGHTED ROAD,REAR END,DIVIDED - W/MEDIAN BARRIER,TRAFFIC SIGNAL,UNABLE TO DETERMINE,UNABLE TO DETERMINE,0,0,0,0,19,7,9,956,47TH ST,41.753315,-87.539215,09/14/2024 07:32:00 PM,2024
CR00009962,04/17/2020 05:43:00 PM,20,CLEAR,DAYLIGHT,SIDESWIPE SAME DIRECTION,DIVIDED - W/MEDIAN BARRIER,NO CONTROLS,UNABLE TO DETERMINE,DRIVING SKILLS/KNOWLEDGE/EXPERIENCE,0,0,3,3,17,6,4,874,CICERO AVE,41.891164,-87.643474,04/17/2020 06:01:00 PM,2020
CR00009963,08/08/2020 03:23:00 PM,20,CLEAR,DAYLIGHT,TURNING,FOUR WAY,TRAFFIC SIGNAL,FOLLOWING TOO CLOSELY,UNABLE TO DETERMINE,0,0,1,1,15,7,8,663,CALIFORNIA AVE,41.900142,-87.663541,08/08/2020 03:31:00 PM,2020
CR00009964,10/06/2017 02:45:00 PM,45,SNOW,DAYLIGHT,TURNING,ONE-WAY,STOP SIGN/FLASHER,UNABLE TO DETERMINE,FAILING TO YIELD RIGHT-OF-WAY,0,0,0,0,14,6,10,2323,STONY ISLAND AVE,41.887506,-87.686422,10/06/2017 04:15:00 PM,2017
CR00009965,08/17/2015 06:52:00 PM,30,CLEAR,DARKNESS - LIGHTED ROAD,PARKED MOTOR VEHICLE,NOT DIVIDED,NO CONTROLS,IMPROPER LANE USAGE,NOT APPLICABLE,0,0,1,1,18,2,8,109,63RD ST,41.764295,-87.534817,08/17/2015 06:54:00 PM,2015