CRASH_RECORD_ID,CRASH_DATE,POSTED_SPEED_LIMIT,WEATHER_CONDITION,LIGHTING_CONDITION,FIRST_CRASH_TYPE,TRAFFICWAY_TYPE,TRAFFIC_CONTROL_DEVICE,PRIM_CONTRIBUTORY_CAUSE,SEC_CONTRIBUTORY_CAUSE,INJURIES_FATAL,INJURIES_INCAPACITATING,INJURIES_NON_INCAPACITATING,INJURIES_TOTAL,CRASH_HOUR,CRASH_DAY_OF_WEEK,CRASH_MONTH,BEAT_OF_OCCURRENCE,STREET_NAME,LATITUDE,LONGITUDE,DATE_POLICE_NOTIFIED,year
CR00009966,04/19/2016 05:12:00 PM,20,CLOUDY/OVERCAST,DUSK,REAR END,NOT DIVIDED,TRAFFIC SIGNAL,DISTRACTION - FROM INSIDE VEHICLE,DRIVING SKILLS/KNOWLEDGE/EXPERIENCE,0,0,0,0,17,3,4,1526,MICHIGAN AVE,41.767884,-87.845609,04/19/2016 05:53:00 PM,2016
CR00009967,06/26/2022 03:59:00 PM,20,CLEAR,DARKNESS - LIGHTED ROAD,ANGLE,NOT DIVIDED,NO CONTROLS,UNABLE TO DETERMINE,NOT APPLICABLE,0,0,3,3,15,1,6,1708,79TH ST,41.804828,-87.80755,06/26/2022 05:03:00 PM,2022
CR00009968,05/24/2016 01:14:00 PM,35,CLEAR,DAYLIGHT,REAR TO FRONT,DIVIDED - W/MEDIAN BARRIER,STOP SIGN/FLASHER,UNABLE TO DETERMINE,NOT APPLICABLE,0,0,0,0,13,3,5,573,STATE ST,41.831017,-87.502282,05/24/2016 01:27:00 PM,2016
CR00009969,09/17/2022 11:42:00 AM,40,CLEAR,DARKNESS - LIGHTED ROAD,REAR TO FRONT,T-INTERSECTION,TRAFFIC SIGNAL,FOLLOWING TOO CLOSELY,FAILING TO YIELD RIGHT-OF-WAY,0,0,0,0,11,7,9,1255,CICERO AVE,41.715754,-87.756309,09/17/2022 01:37:00 PM,2022
CR00009970,05/29/2019 10:15:00 PM,45,CLOUDY/OVERCAST,DAWN,SIDESWIPE SAME DIRECTION,DIVIDED - W/MEDIAN (NOT RAISED),TRAFFIC SIGNAL,DRIVING SKILLS/KNOWLEDGE/EXPERIENCE,UNABLE TO DETERMINE,0,0,1,1,22,4,5,1964,63RD ST,41.845722,-87.71823,05/29/2019 11:25:00 PM,2019
CR00009971,02/26/2021 05:27:00 PM,35,CLEAR,DAYLIGHT,REAR END,ONE-WAY,NO CONTROLS,UNABLE TO DETERMINE,IMPROPER LANE USAGE,0,0,2,2,17,6,2,1846,MILWAUKEE AVE,41.815964,-87.797695,02/26/2021 07:11:00 PM,2021
CR00009972,09/24/2019 06:06:00 PM,20,CLEAR,DARKNESS,TURNING,NOT DIVIDED,UNKNOWN,FAILING TO YIELD RIGHT-OF-WAY,FAILING TO REDUCE SPEED,0,0,2,2,18,3,9,2401,MILWAUKEE AVE,41.948863,-87.805406,09/24/2019 06:43:00 PM,2019
CR00009973,05/29/2017 05:34:00 PM,35,SNOW,DARKNESS,ANGLE,DIVIDED - W/MEDIAN BARRIER,NO CONTROLS,DISREGARDING TRAFFIC SIGNALS,IMPROPER OVERTAKING/PASSING,0,0,0,0,17,2,5,1997,ARCHER AVE,41.884322,-87.734389,05/29/2017 06:42:00 PM,2017
CR00009974,08/04/2017 08:09:00 AM,30,CLEAR,DARKNESS - LIGHTED ROAD,REAR END,FOUR WAY,NO CONTROLS,UNABLE TO DETERMINE,NOT APPLICABLE,0,0,1,1,8,6,8,892,MILWAUKEE AVE,41.783084,-87.831574,08/04/2017 08:35:00 AM,2017
CR00009975,06/12/2021 08:08:00 PM,20,CLEAR,DAYLIGHT,ANGLE,ONE-WAY,TRAFFIC SIGNAL,DISTRACTION - FROM INSIDE VEHICLE,UNABLE TO DETERMINE,0,0,2,2,20,7,6,1442,CALIFORNIA AVE,41.824517,-87.546551,06/12/2021 09:57:00 PM,2021
CR00009976,02/24/2016 10:39:00 PM,35,CLOUDY/OVERCAST,DAYLIGHT,ANGLE,NOT DIVIDED,NO CONTROLS,DISREGARDING TRAFFIC SIGNALS,FOLLOWING TOO CLOSELY,0,0,0,0,22,4,2,435,CLARK ST,41.964104,-87.683259,02/24/2016 11:12:00 PM,2016
CR00009977,06/24/2019 09:08:00 AM,20,CLEAR,DAYLIGHT,PARKED MOTOR VEHICLE,NOT DIVIDED,YIELD,UNABLE TO DETERMINE,FOLLOWING TOO CLOSELY,0,0,1,1,9,2,6,1109,ASHLAND AVE,41.936438,-87.658236,06/24/2019 09:13:00 AM,2019
CR00009978,12/22/2023 10:47:00 AM,30,CLEAR,DAYLIGHT,REAR END,ONE-WAY,NO CONTROLS,DRIVING SKILLS/KNOWLEDGE/EXPERIENCE,UNABLE TO DETERMINE,0,0,0,0,10,6,12,2457,STONY ISLAND AVE,41.986398,-87.599395,12/22/2023 11:17:00 AM,2023
CR00009979,10/20/2021 06:27:00 AM,35,CLOUDY/OVERCAST,DAYLIGHT,FIXED OBJECT,DIVIDED - W/MEDIAN BARRIER,TRAFFIC SIGNAL,DISREGARDING TRAFFIC SIGNALS,FAILING TO YIELD RIGHT-OF-WAY,0,0,0,0,6,4,10,202,ROOSEVELT RD,41.931302,-87.621941,10/20/2021 07:55:00 AM,2021
CR00009980,01/16/2017 09:11:00 AM,25,CLEAR,DARKNESS,FIXED OBJECT,ONE-WAY,TRAFFIC SIGNAL,FOLLOWING TOO CLOSELY,WEATHER,0,0,0,0,9,2,1,636,STONY ISLAND AVE,41.947825,-87.769616,01/16/2017 09:39:00 AM,2017
CR00009981,03/27/2019 08:15:00 AM,45,CLEAR,DAYLIGHT,REAR END,DIVIDED - W/MEDIAN (NOT RAISED),TRAFFIC SIGNAL,DISREGARDING TRAFFIC SIGNALS,NOT APPLICABLE,0,0,0,0,8,4,3,2326,PULASKI RD,41.731,-87.539666,03/27/2019 09:27:00 AM,2019
CR00009982,03/06/2022 11:05:00 AM,30,CLEAR,DARKNESS - LIGHTED ROAD,TURNING,DIVIDED - W/MEDIAN (NOT RAISED),TRAFFIC SIGNAL,DISTRACTION - FROM INSIDE VEHICLE,UNABLE TO DETERMINE,0,0,2,2,11,1,3,444,HALSTED ST,41.949317,-87.600951,03/06/2022 11:06:00 AM,2022
CR00009983,09/20/2021 08:54:00 AM,35,CLEAR,DARKNESS - LIGHTED ROAD,REAR END,ONE-WAY,NO CONTROLS,UNABLE TO DETERMINE,DISTRACTION - FROM INSIDE VEHICLE,0,0,0,0,8,2,9,1578,KEDZIE AVE,41.810034,-87.732003,09/20/2021 10:08:00 AM,2021
CR00009984,12/11/2021 03:07:00 PM,40,RAIN,DARKNESS,PARKED MOTOR VEHICLE,ONE-WAY,PEDESTRIAN CROSSING SIGN,FAILING TO YIELD RIGHT-OF-WAY,NOT APPLICABLE,0,0,0,0,15,7,12,1725,47TH ST,41.910727,-87.605896,12/11/2021 03:57:00 PM,2021
CR00009985,07/17/2024 04:46:00 PM,15,CLEAR,DAYLIGHT,ANGLE,NOT DIVIDED,NO CONTROLS,FOLLOWING TOO CLOSELY,IMPROPER OVERTAKING/PASSING,0,0,0,0,16,4,7,499,KEDZIE AVE,41.903102,-87.673789,07/17/2024 05:27:00 PM,2024
CR00009986,02/19/2016 01:35:00 PM,35,CLEAR,DARKNESS,REAR END,NOT DIVIDED,NO CONTROLS,FOLLOWING TOO CLOSELY,DISTRACTION - FROM INSIDE VEHICLE,0,0,1,1,13,6,2,785,MICHIGAN AVE,41.963719,-87.71275,02/19/2016 02:58:00 PM,2016
CR00009987,05/28/2016 03:50:00 PM,20,SNOW,DAYLIGHT,PEDESTRIAN,ONE-WAY,TRAFFIC SIGNAL,DRIVING SKILLS/KNOWLEDGE/EXPERIENCE,FOLLOWING TOO CLOSELY,0,0,1,1,15,7,5,2228,63RD ST,41.751811,-87.763034,05/28/2016 04:29:00 PM,2016
CR00009988,06/24/2019 08:47:00 PM,45,CLEAR,DAYLIGHT,TURNING,DIVIDED - W/MEDIAN (NOT RAISED),NO CONTROLS,UNABLE TO DETERMINE,NOT APPLICABLE,0,0,0,0,20,2,6,1917,MILWAUKEE AVE,41.947174,-87.745446,06/24/2019 09:27:00 PM,2019
CR00009989,08/10/2021 09:10:00 PM,40,CLEAR,DARKNESS - LIGHTED ROAD,REAR END,ONE-WAY,STOP SIGN/FLASHER,UNABLE TO DETERMINE,IMPROPER LANE USAGE,0,0,0,0,21,3,8,531,ARCHER AVE,41.935876,-87.618012,08/10/2021 09:53:00 PM,2021
CR00009990,03/31/2021 07:40:00 AM,30,CLEAR,DAYLIGHT,REAR TO FRONT,DIVIDED - W/MEDIAN (NOT RAISED),TRAFFIC SIGNAL,UNABLE TO DETERMINE,DRIVING SKILLS/KNOWLEDGE/EXPERIENCE,0,1,0,1,7,4,3,857,LAKE SHORE DR,41.954563,-87.759458,03/31/2021 07:43:00 AM,2021
CR00009991,10/10/2022 11:28:00 AM,30,CLEAR,DUSK,ANGLE,NOT DIVIDED,NO CONTROLS,IMPROPER LANE USAGE,UNABLE TO DETERMINE,0,0,2,2,11,2,10,1599,PULASKI RD,41.904654,-87.641689,10/10/2022 12:12:00 PM,2022
CR00009992,03/10/2015 11:57:00 AM,35,CLEAR,DARKNESS - LIGHTED ROAD,REAR END,ONE-WAY,UNKNOWN,FAILING TO REDUCE SPEED,DISREGARDING TRAFFIC SIGNALS,0,0,0,0,11,3,3,462,MILWAUKEE AVE,41.840869,-87.688106,03/10/2015 12:11:00 PM,2015
CR00009993,02/12/2023 02:19:00 AM,30,RAIN,DARKNESS - LIGHTED ROAD,TURNING,DIVIDED - W/MEDIAN BARRIER,TRAFFIC SIGNAL,IMPROPER OVERTAKING/PASSING,DISTRACTION - FROM INSIDE VEHICLE,0,0,3,3,2,1,2,1476,DAMEN AVE,41.801177,-87.785882,02/12/2023 03:39:00 AM,2023
CR00009994,12/19/2022 11:29:00 AM,25,CLOUDY/OVERCAST,DARKNESS,REAR TO FRONT,FOUR WAY,NO CONTROLS,DISREGARDING TRAFFIC SIGNALS,WEATHER,0,0,0,0,11,2,12,847,PULASKI RD,41.95354,-87.547529,12/19/2022 12:50:00 PM,2022
CR00009995,09/24/2015 08:11:00 AM,35,CLEAR,DAWN,SIDESWIPE SAME DIRECTION,ONE-WAY,STOP SIGN/FLASHER,FOLLOWING TOO CLOSELY,DISREGARDING TRAFFIC SIGNALS,0,0,0,0,8,5,9,2471,PULASKI RD,41.924323,-87.763075,09/24/2015 09:05:00 AM,2015
CR00009996,11/05/2023 12:32:00 PM,15,CLEAR,DAYLIGHT,REAR END,DIVIDED - W/MEDIAN (NOT RAISED),TRAFFIC SIGNAL,UNABLE TO DETERMINE,FOLLOWING TOO CLOSELY,0,0,0,0,12,1,11,299,FULLERTON AVE,41.714342,-87.755488,11/05/2023 01:38:00 PM,2023
CR00009997,02/26/2022 06:46:00 PM,30,SNOW,DAYLIGHT,ANGLE,NOT DIVIDED,PEDESTRIAN CROSSING SIGN,FAILING TO REDUCE SPEED,NOT APPLICABLE,0,0,0,0,18,7,2,2306,PULASKI RD,41.722222,-87.607953,02/26/2022 07:17:00 PM,2022
CR00009998,08/31/2018 09:57:00 PM,30,CLEAR,DAYLIGHT,REAR END,ONE-WAY,NO CONTROLS,FAILING TO YIELD RIGHT-OF-WAY,DISTRACTION - FROM INSIDE VEHICLE,0,0,1,1,21,6,8,917,KEDZIE AVE,41.815167,-87.506977,08/31/2018 10:09:00 PM,2018
CR00009999,12/18/2024 10:30:00 AM,25,CLEAR,DAYLIGHT,PARKED MOTOR VEHICLE,NOT DIVIDED,STOP SIGN/FLASHER,FAILING TO YIELD RIGHT-OF-WAY,FAILING TO YIELD RIGHT-OF-WAY,0,0,0,0,10,4,12,1382,BROADWAY,41.978939,-87.65284,12/18/2024 11:30:00 AM,2024
CR00010000,12/14/2017 08:13:00 AM,30,CLEAR,DARKNESS - LIGHTED ROAD,REAR END,NOT DIVIDED,STOP SIGN/FLASHER,DISREGARDING TRAFFIC SIGNALS,DISREGARDING TRAFFIC SIGNALS,0,0,2,2,8,5,12,2346,CALIFORNIA AVE,41.781427,-87.68504,12/14/2017 09:59:00 AM,2017
CR00010001,02/11/2020 08:51:00 AM,30,RAIN,DAYLIGHT,ANGLE,NOT DIVIDED,NO CONTROLS,UNABLE TO DETERMINE,NOT APPLICABLE,0,0,0,0,8,3,2,1842,CLARK ST,41.807696,-87.72344,02/11/2020 09:39:00 AM,2020
CR00010002,02/21/2018 08:02:00 PM,45,CLEAR,DAYLIGHT,TURNING,DIVIDED - W/MEDIAN (NOT RAISED),NO CONTROLS,UNABLE TO DETERMINE,UNABLE TO DETERMINE,0,0,0,0,20,4,2,973,PULASKI RD,41.837393,-87.664547,02/21/2018 10:01:00 PM,2018
CR00010003,03/31/2022 04:01:00 PM,30,RAIN,DAYLIGHT,ANGLE,ONE-WAY,NO CONTROLS,UNABLE TO DETERMINE,NOT APPLICABLE,0,0,0,0,16,5,3,1917,MICHIGAN AVE,41.953361,-87.682962,03/31/2022 04:08:00 PM,2022
CR00010004,04/21/2019 07:16:00 PM,35,CLEAR,DAYLIGHT,REAR END,NOT DIVIDED,TRAFFIC SIGNAL,DRIVING SKILLS/KNOWLEDGE/EXPERIENCE,UNABLE TO DETERMINE,0,0,0,0,19,1,4,1396,CALIFORNIA AVE,41.846773,-87.804134,04/21/2019 08:35:00 PM,2019
CR00010005,06/13/2015 03:22:00 PM,45,CLEAR,DARKNESS - LIGHTED ROAD,SIDESWIPE SAME DIRECTION,NOT DIVIDED,UNKNOWN,UNABLE TO DETERMINE,DRIVING SKILLS/KNOWLEDGE/EXPERIENCE,0,0,2,2,15,7,6,685,CLARK ST,41.99867,-87.785868,06/13/2015 03:55:00 PM,2015
CR00010006,10/14/2022 05:36:00 PM,45,CLEAR,DAYLIGHT,TURNING,ONE-WAY,STOP SIGN/FLASHER,UNABLE TO DETERMINE,FAILING TO REDUCE SPEED,0,0,0,0,17,6,10,929,STATE ST,41.70128,-87.786996,10/14/2022 06:47:00 PM,2022
CR00010007,10/18/2018 10:02:00 PM,30,SNOW,DARKNESS - LIGHTED ROAD,REAR END,NOT DIVIDED,TRAFFIC SIGNAL,FOLLOWING TOO CLOSELY,DRIVING SKILLS/KNOWLEDGE/EXPERIENCE,0,0,0,0,22,5,10,1117,79TH ST,41.743889,-87.804135,10/18/2018 11:22:00 PM,2018
CR00010008,04/19/2015 09:56:00 PM,30,CLEAR,DAYLIGHT,ANGLE,NOT DIVIDED,TRAFFIC SIGNAL,UNABLE TO DETERMINE,UNABLE TO DETERMINE,0,0,0,0,21,1,4,247,BROADWAY,41.94628,-87.797705,04/19/2015 11:48:00 PM,2015
CR00010009,11/26/2021 11:28:00 AM,35,CLEAR,DARKNESS,PARKED MOTOR VEHICLE,DIVIDED - W/MEDIAN BARRIER,NO CONTROLS,UNABLE TO DETERMINE,NOT APPLICABLE,0,0,0,0,11,6,11,777,ASHLAND AVE,41.717507,-87.755344,11/26/2021 12:38:00 PM,2021
CR00010010,05/28/2017 08:44:00 PM,25,CLEAR,DARKNESS - LIGHTED ROAD,TURNING,ONE-WAY,TRAFFIC SIGNAL,WEATHER,UNABLE TO DETERMINE,0,2,1,3,20,1,5,1213,47TH ST,41.938943,-87.664478,05/28/2017 09:31:00 PM,2017
CR00010011,02/27/2019 08:30:00 PM,20,CLEAR,DUSK,TURNING,DIVIDED - W/MEDIAN BARRIER,NO CONTROLS,IMPROPER LANE USAGE,WEATHER,0,1,1,2,20,4,2,172,ROOSEVELT RD,41.920091,-87.760344,02/27/2019 08:36:00 PM,2019
CR00010012,05/04/2021 07:10:00 PM,15,SNOW,DAYLIGHT,PARKED MOTOR VEHICLE,DIVIDED - W/MEDIAN (NOT RAISED),NO CONTROLS,FAILING TO YIELD RIGHT-OF-WAY,FAILING TO YIELD RIGHT-OF-WAY,0,0,0,0,19,3,5,1146,63RD ST,41.884687,-87.826054,05/04/2021 07:18:00 PM,2021
CR00010013,02/19/2024 08:29:00 PM,30,CLEAR,DAYLIGHT,TURNING,DIVIDED - W/MEDIAN BARRIER,STOP SIGN/FLASHER,DISREGARDING TRAFFIC SIGNALS,FOLLOWING TOO CLOSELY,0,0,0,0,20,2,2,1815,FULLERTON AVE,41.875958,-87.535445,02/19/2024 08:35:00 PM,2024
CR00010014,10/21/2024 06:10:00 PM,40,RAIN,DAYLIGHT,SIDESWIPE SAME DIRECTION,ONE-WAY,STOP SIGN/FLASHER,UNABLE TO DETERMINE,FOLLOWING TOO CLOSELY,0,0,0,0,18,2,10,2349,79TH ST,41.718692,-87.766637,10/21/2024 07:17:00 PM,2024
CR00010015,07/30/2020 07:20:00 AM,25,CLEAR,DAYLIGHT,PARKED MOTOR VEHICLE,DIVIDED - W/MEDIAN (NOT RAISED),YIELD,FAILING TO REDUCE SPEED,FAILING TO YIELD RIGHT-OF-WAY,0,0,2,2,7,5,7,1177,CALIFORNIA AVE,41.99449,-87.582995,07/30/2020 08:01:00 AM,2020
CR00010016,11/04/2017 08:29:00 PM,15,CLEAR,DARKNESS - LIGHTED ROAD,REAR TO FRONT,NOT DIVIDED,NO CONTROLS,IMPROPER OVERTAKING/PASSING,DRIVING SKILLS/KNOWLEDGE/EXPERIENCE,0,0,0,0,20,7,11,670,MILWAUKEE AVE,41.704671,-87.691065,11/04/2017 09:04:00 PM,2017
CR00010017,05/26/2016 04:37:00 PM,30,CLEAR,DUSK,PARKED MOTOR VEHICLE,NOT DIVIDED,TRAFFIC SIGNAL,FAILING TO YIELD RIGHT-OF-WAY,NOT APPLICABLE,0,0,3,3,16,5,5,1048,IRVING PARK RD,41.928855,-87.563061,05/26/2016 05:40:00 PM,2016
CR00010018,12/17/2024 04:00:00 PM,20,RAIN,DAYLIGHT,TURNING,T-INTERSECTION,TRAFFIC SIGNAL,WEATHER,UNABLE TO DETERMINE,0,0,0,0,16,3,12,1772,FULLERTON AVE,41.881045,-87.526917,12/17/2024 04:36:00 PM,2024
CR00010019,07/23/2020 04:33:00 AM,35,CLEAR,DARKNESS,FIXED OBJECT,ONE-WAY,NO CONTROLS,UNABLE TO DETERMINE,DISTRACTION - FROM INSIDE VEHICLE,0,0,0,0,4,5,7,2261,MILWAUKEE AVE,41.726144,-87.601949,07/23/2020 06:28:00 AM,2020
CR00010020,06/09/2024 06:55:00 PM,30,CLOUDY/OVERCAST,DUSK,TURNING,FOUR WAY,TRAFFIC SIGNAL,UNABLE TO DETERMINE,UNABLE TO DETERMINE,0,0,2,2,18,1,6,1323,MILWAUKEE AVE,41.750722,-87.792997,06/09/2024 07:56:00 PM,2024
CR00010021,06/06/2022 06:44:00 PM,45,CLEAR,DAYLIGHT,TURNING,NOT DIVIDED,NO CONTROLS,IMPROPER LANE USAGE,UNABLE TO DETERMINE,0,0,0,0,18,2,6,947,MICHIGAN AVE,41.864835,-87.766837,06/06/2022 08:38:00 PM,2022
CR00010022,07/02/2021 07:24:00 AM,30,CLEAR,DAYLIGHT,PEDESTRIAN,FOUR WAY,PEDESTRIAN CROSSING SIGN,DRIVING SKILLS/KNOWLEDGE/EXPERIENCE,FAILING TO REDUCE SPEED,0,0,0,0,7,6,7,2502,ASHLAND AVE,41.81839,-87.663924,07/02/2021 07:26:00 AM,2021
CR00010023,02/09/2018 09:49:00 AM,30,CLOUDY/OVERCAST,DAWN,REAR END,DIVIDED - W/MEDIAN (NOT RAISED),TRAFFIC SIGNAL,FOLLOWING TOO CLOSELY,FAILING TO REDUCE SPEED,0,0,0,0,9,6,2,2223,CLARK ST,41.701524,-87.526161,02/09/2018 10:23:00 AM,2018
CR00010024,07/16/2017 03:35:00 PM,15,RAIN,DAYLIGHT,PEDESTRIAN,DIVIDED - W/MEDIAN (NOT RAISED),PEDESTRIAN CROSSING SIGN,IMPROPER OVERTAKING/PASSING,NOT APPLICABLE,0,0,0,0,15,1,7,1235,47TH ST,41.721216,-87.723981,07/16/2017 04:15:00 PM,2017
CR00010025,01/04/2019 04:39:00 PM,25,CLEAR,DARKNESS - LIGHTED ROAD,TURNING,DIVIDED - W/MEDIAN (NOT RAISED),NO CONTROLS,UNABLE TO DETERMINE,FAILING TO REDUCE SPEED,0,0,0,0,16,6,1,1481,FULLERTON AVE,41.748298,-87.687844,01/04/2019 06:24:00 PM,2019
CR00010026,04/17/2022 07:26:00 AM,30,CLEAR,DARKNESS - LIGHTED ROAD,ANGLE,NOT DIVIDED,TRAFFIC SIGNAL,FOLLOWING TOO CLOSELY,FAILING TO REDUCE SPEED,0,0,0,0,7,1,4,401,KEDZIE AVE,41.941562,-87.54964,04/17/2022 09:14:00 AM,2022
CR00010027,01/09/2018 08:52:00 PM,35,RAIN,DAYLIGHT,ANGLE,FOUR WAY,NO CONTROLS,UNABLE TO DETERMINE,UNABLE TO DETERMINE,0,0,1,1,20,3,1,670,MILWAUKEE AVE,41.845628,-87.821911,01/09/2018 09:56:00 PM,2018
CR00010028,09/13/2016 08:08:00 PM,30,RAIN,DAYLIGHT,SIDESWIPE SAME DIRECTION,DIVIDED - W/MEDIAN (NOT RAISED),TRAFFIC SIGNAL,DISTRACTION - FROM INSIDE VEHICLE,FAILING TO REDUCE SPEED,0,2,2,4,20,3,9,1817,CLARK ST,41.887439,-87.705014,09/13/2016 09:41:00 PM,2016
CR00010029,10/23/2018 01:49:00 PM,20,CLEAR,DAYLIGHT,TURNING,NOT DIVIDED,NO CONTROLS,IMPROPER OVERTAKING/PASSING,IMPROPER LANE USAGE,0,0,0,0,13,3,10,163,DAMEN AVE,41.7209,-87.524126,10/23/2018 02:59:00 PM,2018
CR00010030,07/13/2019 05:36:00 PM,35,SNOW,DARKNESS - LIGHTED ROAD,REAR END,ONE-WAY,TRAFFIC SIGNAL,UNABLE TO DETERMINE,UNABLE TO DETERMINE,0,0,0,0,17,7,7,999,STATE ST,41.813981,-87.640646,07/13/2019 06:22:00 PM,2019
CR00010031,08/23/2021 08:05:00 PM,40,CLEAR,DARKNESS - LIGHTED ROAD,REAR END,ONE-WAY,NO CONTROLS,UNABLE TO DETERMINE,FOLLOWING TOO CLOSELY,0,0,0,0,20,2,8,588,DAMEN AVE,41.951655,-87.737326,08/23/2021 09:15:00 PM,2021
CR00010032,10/18/2020 03:41:00 PM,35,CLEAR,DAYLIGHT,REAR TO FRONT,DIVIDED - W/MEDIAN (NOT RAISED),PEDESTRIAN CROSSING SIGN,IMPROPER OVERTAKING/PASSING,UNABLE TO DETERMINE,0,0,0,0,15,1,10,1082,MILWAUKEE AVE,41.992255,-87.514792,10/18/2020 05:21:00 PM,2020
CR00010033,05/17/2017 06:31:00 AM,30,CLEAR,DAYLIGHT,REAR END,DIVIDED - W/MEDIAN (NOT RAISED),TRAFFIC SIGNAL,UNABLE TO DETERMINE,UNABLE TO DETERMINE,0,0,0,0,6,4,5,1075,DIVISION ST,41.996844,-87.59718,05/17/2017 08:14:00 AM,2017
CR00010034,12/09/2015 03:04:00 AM,30,CLEAR,DARKNESS,SIDESWIPE SAME DIRECTION,DIVIDED - W/MEDIAN (NOT RAISED),YIELD,UNABLE TO DETERMINE,UNABLE TO DETERMINE,0,0,0,0,3,4,12,920,OGDEN AVE,41.775986,-87.515353,12/09/2015 03:23:00 AM,2015
CR00010035,12/28/2023 07:16:00 AM,40,FOG/SMOKE/HAZE,DAYLIGHT,PARKED MOTOR VEHICLE,NOT DIVIDED,STOP SIGN/FLASHER,DISTRACTION - FROM INSIDE VEHICLE,DISTRACTION - FROM INSIDE VEHICLE,0,0,0,0,7,5,12,323,MILWAUKEE AVE,41.915126,-87.770237,12/28/2023 08:09:00 AM,2023
CR00010036,01/13/2023 12:21:00 PM,30,CLEAR,DARKNESS,PARKED MOTOR VEHICLE,DIVIDED - W/MEDIAN (NOT RAISED),STOP SIGN/FLASHER,IMPROPER LANE USAGE,UNABLE TO DETERMINE,0,0,0,0,12,6,1,117,MILWAUKEE AVE,41.75983,-87.682425,01/13/2023 01:41:00 PM,2023
CR00010037,10/11/2023 01:33:00 PM,15,CLEAR,DAYLIGHT,FIXED OBJECT,NOT DIVIDED,TRAFFIC SIGNAL,FAILING TO REDUCE SPEED,FOLLOWING TOO CLOSELY,0,0,0,0,13,4,10,2390,CICERO AVE,41.947419,-87.698037,10/11/2023 02:40:00 PM,2023
CR00010038,01/17/2015 04:26:00 AM,25,FREEZING RAIN/DRIZZLE,DARKNESS - LIGHTED ROAD,ANGLE,NOT DIVIDED,TRAFFIC SIGNAL,UNABLE TO DETERMINE,FAILING TO YIELD RIGHT-OF-WAY,0,0,0,0,4,7,1,2092,CLARK ST,41.839689,-87.79083,01/17/2015 04:47:00 AM,2015
CR00010039,04/15/2024 08:41:00 AM,25,FREEZING RAIN/DRIZZLE,DAYLIGHT,TURNING,NOT DIVIDED,TRAFFIC SIGNAL,FAILING TO YIELD RIGHT-OF-WAY,DRIVING SKILLS/KNOWLEDGE/EXPERIENCE,0,0,0,0,8,2,4,1273,STATE ST,41.815989,-87.736831,04/15/2024 10:31:00 AM,2024
CR00010040,02/17/2019 02:15:00 PM,30,CLEAR,DAYLIGHT,REAR END,DIVIDED - W/MEDIAN BARRIER,TRAFFIC SIGNAL,IMPROPER OVERTAKING/PASSING,UNABLE TO DETERMINE,0,0,0,0,14,1,2,2063,WESTERN AVE,41.777156,-87.611938,02/17/2019 04:08:00 PM,2019
CR00010041,03/13/2016 03:57:00 PM,35,RAIN,DAYLIGHT,FIXED OBJECT,FOUR WAY,TRAFFIC SIGNAL,DRIVING SKILLS/KNOWLEDGE/EXPERIENCE,FOLLOWING TOO CLOSELY,0,0,0,0,15,1,3,2519,PULASKI RD,41.956465,-87.710799,03/13/2016 04:46:00 PM,2016
CR00010042,10/07/2023 06:16:00 AM,40,CLEAR,DAYLIGHT,PARKED MOTOR VEHICLE,NOT DIVIDED,NO CONTROLS,UNABLE TO DETERMINE,UNABLE TO DETERMINE,0,0,0,0,6,7,10,876,CALIFORNIA AVE,41.941959,-87.846333,10/07/2023 07:47:00 AM,2023
CR00010043,11/10/2017 06:12:00 PM,30,CLEAR,DAWN,TURNING,DIVIDED - W/MEDIAN (NOT RAISED),STOP SIGN/FLASHER,IMPROPER OVERTAKING/PASSING,NOT APPLICABLE,0,0,0,0,18,6,11,631,79TH ST,41.761031,-87.751865,11/10/2017 06:30:00 PM,2017
CR00010044,06/15/2016 04:29:00 PM,30,CLEAR,DAYLIGHT,PARKED MOTOR VEHICLE,NOT DIVIDED,NO CONTROLS,IMPROPER LANE USAGE,NOT APPLICABLE,0,0,0,0,16,4,6,1396,OGDEN AVE,41.781583,-87.65442,06/15/2016 06:03:00 PM,2016
CR00010045,03/12/2020 12:37:00 AM,45,CLEAR,DARKNESS - LIGHTED ROAD,TURNING,NOT DIVIDED,NO CONTROLS,DRIVING SKILLS/KNOWLEDGE/EXPERIENCE,FAILING TO REDUCE SPEED,0,0,0,0,0,5,3,107,DIVISION ST,41.879723,-87.526297,03/12/2020 12:41:00 AM,2020
CR00010046,03/13/2023 10:22:00 AM,30,CLEAR,DARKNESS,ANGLE,DIVIDED - W/MEDIAN BARRIER,NO CONTROLS,IMPROPER LANE USAGE,FOLLOWING TOO CLOSELY,0,0,0,0,10,2,3,1366,MILWAUKEE AVE,41.951485,-87.67515,03/13/2023 10:54:00 AM,2023
CR00010047,03/12/2024 07:22:00 AM,30,CLOUDY/OVERCAST,DARKNESS - LIGHTED ROAD,ANGLE,DIVIDED - W/MEDIAN BARRIER,UNKNOWN,FOLLOWING TOO CLOSELY,DISREGARDING TRAFFIC SIGNALS,0,1,3,4,7,3,3,2130,STATE ST,41.97787,-87.539378,03/12/2024 08:50:00 AM,2024
CR00010048,03/24/2017 04:57:00 PM,35,CLEAR,DAYLIGHT,PARKED MOTOR VEHICLE,ONE-WAY,STOP SIGN/FLASHER,UNABLE TO DETERMINE,NOT APPLICABLE,0,0,0,0,16,6,3,2395,ELSTON AVE,41.785957,-87.790276,03/24/2017 05:05:00 PM,2017