CRASH_RECORD_ID,CRASH_DATE,POSTED_SPEED_LIMIT,WEATHER_CONDITION,LIGHTING_CONDITION,FIRST_CRASH_TYPE,TRAFFICWAY_TYPE,TRAFFIC_CONTROL_DEVICE,PRIM_CONTRIBUTORY_CAUSE,SEC_CONTRIBUTORY_CAUSE,INJURIES_FATAL,INJURIES_INCAPACITATING,INJURIES_NON_INCAPACITATING,INJURIES_TOTAL,CRASH_HOUR,CRASH_DAY_OF_WEEK,CRASH_MONTH,BEAT_OF_OCCURRENCE,STREET_NAME,LATITUDE,LONGITUDE,DATE_POLICE_NOTIFIED,year
CR00010049,02/01/2024 06:46:00 AM,35,CLEAR,DAYLIGHT,REAR END,NOT DIVIDED,STOP SIGN/FLASHER,FOLLOWING TOO CLOSELY,NOT APPLICABLE,0,0,0,0,6,5,2,1807,DIVISION ST,41.755341,-87.720726,02/01/2024 07:04:00 AM,2024
CR00010050,11/04/2015 11:45:00 AM,30,CLEAR,DARKNESS,TURNING,NOT DIVIDED,NO CONTROLS,FAILING TO YIELD RIGHT-OF-WAY,DISREGARDING TRAFFIC SIGNALS,0,0,3,3,11,4,11,2156,STATE ST,41.781154,-87.845859,11/04/2015 12:50:00 PM,2015
CR00010051,08/14/2021 07:34:00 AM,30,CLEAR,DAYLIGHT,SIDESWIPE SAME DIRECTION,DIVIDED - W/MEDIAN (NOT RAISED),TRAFFIC SIGNAL,DRIVING SKILLS/KNOWLEDGE/EXPERIENCE,FOLLOWING TOO CLOSELY,0,0,0,0,7,7,8,2179,79TH ST,41.768351,-87.714012,08/14/2021 09:14:00 AM,2021
CR00010052,08/29/2021 10:36:00 PM,25,CLEAR,DAYLIGHT,TURNING,ONE-WAY,STOP SIGN/FLASHER,DRIVING SKILLS/KNOWLEDGE/EXPERIENCE,FAILING TO YIELD RIGHT-OF-WAY,0,0,0,0,22,1,8,297,MICHIGAN AVE,41.911954,-87.654027,08/29/2021 11:31:00 PM,2021
CR00010053,12/25/2020 04:31:00 AM,35,CLEAR,DAYLIGHT,ANGLE,NOT DIVIDED,TRAFFIC SIGNAL,FAILING TO YIELD RIGHT-OF-WAY,UNABLE TO DETERMINE,0,0,0,0,4,6,12,1137,79TH ST,41.912297,-87.749697,12/25/2020 05:02:00 AM,2020
CR00010054,10/16/2019 03:49:00 PM,15,CLEAR,DAYLIGHT,SIDESWIPE SAME DIRECTION,DIVIDED - W/MEDIAN BARRIER,NO CONTROLS,DISTRACTION - FROM INSIDE VEHICLE,NOT APPLICABLE,0,0,0,0,15,4,10,1196,63RD ST,41.925053,-87.777005,10/16/2019 04:31:00 PM,2019
CR00010055,02/01/2021 08:14:00 PM,45,CLEAR,DAYLIGHT,SIDESWIPE SAME DIRECTION,ONE-WAY,TRAFFIC SIGNAL,UNABLE TO DETERMINE,IMPROPER LANE USAGE,0,0,0,0,20,2,2,1044,CLARK ST,41.720914,-87.808214,02/01/2021 09:33:00 PM,2021
CR00010056,09/29/2021 03:49:00 PM,30,CLEAR,DAYLIGHT,PARKED MOTOR VEHICLE,FOUR WAY,TRAFFIC SIGNAL,UNABLE TO DETERMINE,DRIVING SKILLS/KNOWLEDGE/EXPERIENCE,0,0,1,1,15,4,9,800,DAMEN AVE,41.951765,-87.583696,09/29/2021 04:15:00 PM,2021
CR00010057,11/09/2024 01:22:00 PM,15,CLEAR,DAYLIGHT,ANGLE,DIVIDED - W/MEDIAN (NOT RAISED),TRAFFIC SIGNAL,FOLLOWING TOO CLOSELY,NOT APPLICABLE,0,0,1,1,13,7,11,1966,ARCHER AVE,41.950764,-87.721186,11/09/2024 01:36:00 PM,2024
CR00010058,11/24/2021 11:40:00 AM,25,CLEAR,DAYLIGHT,REAR END,NOT DIVIDED,YIELD,UNABLE TO DETERMINE,NOT APPLICABLE,0,0,0,0,11,4,11,1392,HALSTED ST,41.782282,-87.795922,11/24/2021 01:19:00 PM,2021
CR00010059,06/26/2017 01:10:00 PM,30,CLOUDY/OVERCAST,DAYLIGHT,PARKED MOTOR VEHICLE,NOT DIVIDED,TRAFFIC SIGNAL,UNABLE TO DETERMINE,UNABLE TO DETERMINE,0,0,0,0,13,2,6,954,MICHIGAN AVE,41.714749,-87.680986,06/26/2017 03:07:00 PM,2017
CR00010060,05/23/2016 06:54:00 PM,35,CLEAR,DARKNESS - LIGHTED ROAD,REAR TO FRONT,DIVIDED - W/MEDIAN (NOT RAISED),STOP SIGN/FLASHER,FAILING TO YIELD RIGHT-OF-WAY,IMPROPER OVERTAKING/PASSING,0,0,0,0,18,2,5,1771,STATE ST,41.70304,-87.564126,05/23/2016 07:44:00 PM,2016
CR00010061,06/11/2021 03:52:00 PM,35,CLEAR,DAYLIGHT,TURNING,NOT DIVIDED,UNKNOWN,DISTRACTION - FROM INSIDE VEHICLE,NOT APPLICABLE,0,0,1,1,15,6,6,731,FULLERTON AVE,41.737115,-87.538345,06/11/2021 04:40:00 PM,2021
CR00010062,10/02/2017 08:21:00 AM,30,CLEAR,DAYLIGHT,PEDESTRIAN,DIVIDED - W/MEDIAN BARRIER,TRAFFIC SIGNAL,FOLLOWING TOO CLOSELY,FAILING TO YIELD RIGHT-OF-WAY,0,0,0,0,8,2,10,2097,KEDZIE AVE,41.809823,-87.725735,10/02/2017 09:58:00 AM,2017
CR00010063,07/14/2016 04:26:00 PM,15,SNOW,DARKNESS - LIGHTED ROAD,PARKED MOTOR VEHICLE,T-INTERSECTION,UNKNOWN,FAILING TO YIELD RIGHT-OF-WAY,FAILING TO YIELD RIGHT-OF-WAY,0,0,0,0,16,5,7,579,HALSTED ST,41.931444,-87.737932,07/14/2016 05:52:00 PM,2016
CR00010064,11/01/2015 07:40:00 AM,15,CLOUDY/OVERCAST,DAYLIGHT,REAR TO FRONT,ONE-WAY,STOP SIGN/FLASHER,FOLLOWING TOO CLOSELY,UNABLE TO DETERMINE,0,1,2,3,7,1,11,2325,FULLERTON AVE,41.825384,-87.774781,11/01/2015 08:08:00 AM,2015
CR00010065,02/10/2020 05:56:00 PM,45,CLEAR,DAYLIGHT,SIDESWIPE SAME DIRECTION,T-INTERSECTION,NO CONTROLS,FAILING TO YIELD RIGHT-OF-WAY,DRIVING SKILLS/KNOWLEDGE/EXPERIENCE,0,0,2,2,17,2,2,392,ELSTON AVE,41.976427,-87.531209,02/10/2020 05:58:00 PM,2020
CR00010066,06/12/2022 09:10:00 AM,30,CLEAR,DARKNESS - LIGHTED ROAD,SIDESWIPE SAME DIRECTION,FOUR WAY,STOP SIGN/FLASHER,IMPROPER LANE USAGE,IMPROPER OVERTAKING/PASSING,0,0,0,0,9,1,6,236,HALSTED ST,41.955044,-87.652146,06/12/2022 09:56:00 AM,2022
CR00010067,02/11/2017 06:34:00 PM,40,CLEAR,DAYLIGHT,REAR TO FRONT,ONE-WAY,TRAFFIC SIGNAL,UNABLE TO DETERMINE,IMPROPER LANE USAGE,0,1,1,2,18,7,2,1259,MILWAUKEE AVE,41.900078,-87.545625,02/11/2017 08:30:00 PM,2017
CR00010068,04/17/2018 08:36:00 AM,35,CLEAR,DARKNESS - LIGHTED ROAD,TURNING,FOUR WAY,TRAFFIC SIGNAL,FOLLOWING TOO CLOSELY,IMPROPER LANE USAGE,0,0,0,0,8,3,4,1763,IRVING PARK RD,41.812674,-87.667837,04/17/2018 09:31:00 AM,2018
CR00010069,10/02/2018 12:45:00 PM,40,CLEAR,DAYLIGHT,REAR END,ONE-WAY,UNKNOWN,FAILING TO YIELD RIGHT-OF-WAY,UNABLE TO DETERMINE,0,0,0,0,12,3,10,971,STONY ISLAND AVE,41.83025,-87.529101,10/02/2018 01:28:00 PM,2018
CR00010070,01/01/2024 10:40:00 AM,40,CLEAR,DAYLIGHT,TURNING,NOT DIVIDED,NO CONTROLS,FAILING TO REDUCE SPEED,FOLLOWING TOO CLOSELY,0,0,0,0,10,2,1,1270,STATE ST,41.930328,-87.520797,01/01/2024 12:25:00 PM,2024
CR00010071,09/02/2021 08:25:00 PM,20,CLEAR,DAYLIGHT,TURNING,NOT DIVIDED,STOP SIGN/FLASHER,FAILING TO REDUCE SPEED,IMPROPER OVERTAKING/PASSING,0,0,0,0,20,5,9,1724,47TH ST,41.890543,-87.57744,09/02/2021 09:03:00 PM,2021
CR00010072,05/24/2019 08:54:00 AM,40,CLEAR,DARKNESS - LIGHTED ROAD,TURNING,NOT DIVIDED,STOP SIGN/FLASHER,FOLLOWING TOO CLOSELY,UNABLE TO DETERMINE,0,0,0,0,8,6,5,323,63RD ST,41.803639,-87.78278,05/24/2019 10:51:00 AM,2019
CR00010073,09/14/2024 05:19:00 AM,40,CLOUDY/OVERCAST,DARKNESS,REAR TO FRONT,DIVIDED - W/MEDIAN BARRIER,TRAFFIC SIGNAL,UNABLE TO DETERMINE,UNABLE TO DETERMINE,0,0,0,0,5,7,9,2189,HALSTED ST,41.867014,-87.797525,09/14/2024 05:42:00 AM,2024
CR00010074,10/06/2019 07:15:00 PM,35,CLEAR,DARKNESS - LIGHTED ROAD,PARKED MOTOR VEHICLE,ONE-WAY,NO CONTROLS,FOLLOWING TOO CLOSELY,UNABLE TO DETERMINE,0,0,0,0,19,1,10,1901,MICHIGAN AVE,41.950894,-87.781934,10/06/2019 07:46:00 PM,2019
CR00010075,03/26/2019 02:56:00 PM,20,CLEAR,DAYLIGHT,REAR END,DIVIDED - W/MEDIAN BARRIER,TRAFFIC SIGNAL,FAILING TO REDUCE SPEED,NOT APPLICABLE,0,0,0,0,14,3,3,2185,STATE ST,41.855205,-87.601782,03/26/2019 03:10:00 PM,2019
CR00010076,11/09/2022 03:33:00 PM,35,CLEAR,DAWN,PARKED MOTOR VEHICLE,DIVIDED - W/MEDIAN (NOT RAISED),STOP SIGN/FLASHER,UNABLE TO DETERMINE,FAILING TO YIELD RIGHT-OF-WAY,0,0,0,0,15,4,11,2349,MILWAUKEE AVE,41.846362,-87.572099,11/09/2022 05:29:00 PM,2022
CR00010077,11/29/2020 02:41:00 PM,20,CLEAR,DAWN,SIDESWIPE SAME DIRECTION,DIVIDED - W/MEDIAN (NOT RAISED),NO CONTROLS,FAILING TO REDUCE SPEED,UNABLE TO DETERMINE,0,0,0,0,14,1,11,931,STONY ISLAND AVE,41.819153,-87.823018,11/29/2020 03:50:00 PM,2020
CR00010078,07/01/2023 07:21:00 PM,30,CLEAR,DAYLIGHT,REAR END,ONE-WAY,STOP SIGN/FLASHER,DISTRACTION - FROM INSIDE VEHICLE,NOT APPLICABLE,0,0,0,0,19,7,7,2302,47TH ST,41.900847,-87.565432,07/01/2023 08:29:00 PM,2023
CR00010079,08/24/2023 06:42:00 PM,30,FREEZING RAIN/DRIZZLE,DAYLIGHT,ANGLE,ONE-WAY,STOP SIGN/FLASHER,FOLLOWING TOO CLOSELY,FAILING TO YIELD RIGHT-OF-WAY,0,0,0,0,18,5,8,2172,MICHIGAN AVE,41.761086,-87.521509,08/24/2023 08:22:00 PM,2023
CR00010080,10/04/2017 08:15:00 PM,40,CLEAR,DAYLIGHT,REAR END,NOT DIVIDED,NO CONTROLS,FOLLOWING TOO CLOSELY,FAILING TO REDUCE SPEED,0,0,0,0,20,4,10,842,STATE ST,41.962253,-87.578191,10/04/2017 08:36:00 PM,2017
CR00010081,04/14/2020 10:04:00 AM,40,SNOW,DAYLIGHT,REAR TO FRONT,NOT DIVIDED,STOP SIGN/FLASHER,FOLLOWING TOO CLOSELY,UNABLE TO DETERMINE,0,0,0,0,10,3,4,1821,STONY ISLAND AVE,41.858944,-87.823881,04/14/2020 11:05:00 AM,2020
CR00010082,01/16/2016 06:38:00 PM,35,CLEAR,DARKNESS - LIGHTED ROAD,REAR END,DIVIDED - W/MEDIAN (NOT RAISED),NO CONTROLS,FAILING TO YIELD RIGHT-OF-WAY,UNABLE TO DETERMINE,0,0,0,0,18,7,1,2197,STATE ST,41.766174,-87.542623,01/16/2016 07:52:00 PM,2016
CR00010083,05/01/2021 07:23:00 AM,15,CLEAR,DARKNESS - LIGHTED ROAD,PARKED MOTOR VEHICLE,NOT DIVIDED,NO CONTROLS,UNABLE TO DETERMINE,UNABLE TO DETERMINE,0,0,0,0,7,7,5,1751,CALIFORNIA AVE,41.732723,-87.504621,05/01/2021 08:59:00 AM,2021
CR00010084,06/13/2015 06:02:00 PM,45,CLEAR,DAYLIGHT,PARKED MOTOR VEHICLE,ONE-WAY,TRAFFIC SIGNAL,DRIVING SKILLS/KNOWLEDGE/EXPERIENCE,WEATHER,0,0,0,0,18,7,6,1609,ELSTON AVE,41.705421,-87.804901,06/13/2015 07:49:00 PM,2015
CR00010085,08/21/2023 02:20:00 PM,45,CLOUDY/OVERCAST,DARKNESS - LIGHTED ROAD,REAR END,FOUR WAY,STOP SIGN/FLASHER,DRIVING SKILLS/KNOWLEDGE/EXPERIENCE,UNABLE TO DETERMINE,0,1,2,3,14,2,8,1804,ROOSEVELT RD,41.907211,-87.742674,08/21/2023 03:18:00 PM,2023
CR00010086,03/10/2021 06:36:00 PM,35,CLEAR,DAYLIGHT,SIDESWIPE SAME DIRECTION,ONE-WAY,TRAFFIC SIGNAL,FOLLOWING TOO CLOSELY,IMPROPER OVERTAKING/PASSING,0,0,0,0,18,4,3,1301,ARCHER AVE,41.897485,-87.501011,03/10/2021 07:54:00 PM,2021
CR00010087,09/28/2023 04:00:00 PM,35,CLEAR,DAYLIGHT,REAR END,NOT DIVIDED,TRAFFIC SIGNAL,DISREGARDING TRAFFIC SIGNALS,FOLLOWING TOO CLOSELY,0,0,0,0,16,5,9,1952,STATE ST,41.760645,-87.739407,09/28/2023 05:32:00 PM,2023
CR00010088,11/19/2019 10:07:00 PM,45,CLEAR,DAYLIGHT,TURNING,DIVIDED - W/MEDIAN (NOT RAISED),TRAFFIC SIGNAL,IMPROPER LANE USAGE,FAILING TO YIELD RIGHT-OF-WAY,0,0,0,0,22,3,11,330,PULASKI RD,41.976425,-87.776788,11/19/2019 10:15:00 PM,2019
CR00010089,12/11/2016 03:32:00 PM,45,CLEAR,DAYLIGHT,SIDESWIPE SAME DIRECTION,NOT DIVIDED,YIELD,FOLLOWING TOO CLOSELY,FAILING TO YIELD RIGHT-OF-WAY,0,0,0,0,15,1,12,2017,KEDZIE AVE,41.757836,-87.760469,12/11/2016 04:10:00 PM,2016
CR00010090,11/06/2019 12:05:00 AM,35,CLOUDY/OVERCAST,DAYLIGHT,REAR END,DIVIDED - W/MEDIAN (NOT RAISED),STOP SIGN/FLASHER,UNABLE TO DETERMINE,FOLLOWING TOO CLOSELY,0,0,0,0,0,4,11,391,ARCHER AVE,41.934701,-87.560587,11/06/2019 12:35:00 AM,2019
CR00010091,08/10/2015 09:03:00 PM,45,CLEAR,DAYLIGHT,PARKED MOTOR VEHICLE,NOT DIVIDED,NO CONTROLS,FAILING TO YIELD RIGHT-OF-WAY,UNABLE TO DETERMINE,0,0,1,1,21,2,8,2177,CICERO AVE,41.810936,-87.839218,08/10/2015 09:54:00 PM,2015
CR00010092,09/21/2024 11:51:00 PM,15,CLEAR,DAYLIGHT,TURNING,DIVIDED - W/MEDIAN BARRIER,YIELD,IMPROPER OVERTAKING/PASSING,FOLLOWING TOO CLOSELY,0,0,0,0,23,7,9,2218,63RD ST,41.815093,-87.683762,09/22/2024 01:12:00 AM,2024
CR00010093,10/25/2016 07:51:00 AM,30,CLEAR,DARKNESS - LIGHTED ROAD,SIDESWIPE SAME DIRECTION,NOT DIVIDED,TRAFFIC SIGNAL,DISTRACTION - FROM INSIDE VEHICLE,DRIVING SKILLS/KNOWLEDGE/EXPERIENCE,0,0,0,0,7,3,10,1266,PULASKI RD,41.887529,-87.839458,10/25/2016 08:38:00 AM,2016
CR00010094,03/11/2018 03:12:00 PM,35,CLEAR,DAYLIGHT,REAR TO FRONT,FOUR WAY,TRAFFIC SIGNAL,FOLLOWING TOO CLOSELY,DRIVING SKILLS/KNOWLEDGE/EXPERIENCE,0,0,0,0,15,1,3,555,ASHLAND AVE,41.77358,-87.82365,03/11/2018 04:35:00 PM,2018
CR00010095,03/21/2016 04:45:00 PM,30,RAIN,DARKNESS - LIGHTED ROAD,FIXED OBJECT,FOUR WAY,NO CONTROLS,UNABLE TO DETERMINE,FAILING TO YIELD RIGHT-OF-WAY,0,0,0,0,16,2,3,1666,WESTERN AVE,41.711715,-87.668636,03/21/2016 05:05:00 PM,2016
CR00010096,03/06/2017 11:49:00 AM,20,CLOUDY/OVERCAST,DARKNESS - LIGHTED ROAD,ANGLE,ONE-WAY,TRAFFIC SIGNAL,UNABLE TO DETERMINE,IMPROPER LANE USAGE,0,0,0,0,11,2,3,848,IRVING PARK RD,41.981196,-87.7213,03/06/2017 01:03:00 PM,2017
CR00010097,07/28/2017 08:47:00 AM,30,CLEAR,DARKNESS,TURNING,DIVIDED - W/MEDIAN (NOT RAISED),NO CONTROLS,UNABLE TO DETERMINE,NOT APPLICABLE,0,0,0,0,8,6,7,2013,HALSTED ST,41.926038,-87.81083,07/28/2017 09:39:00 AM,2017
CR00010098,11/21/2015 02:48:00 AM,30,CLOUDY/OVERCAST,DAYLIGHT,REAR END,NOT DIVIDED,UNKNOWN,DISTRACTION - FROM INSIDE VEHICLE,UNABLE TO DETERMINE,0,2,1,3,2,7,11,2313,STATE ST,41.933831,-87.672751,11/21/2015 03:37:00 AM,2015
CR00010099,12/30/2016 05:04:00 PM,15,CLOUDY/OVERCAST,DAYLIGHT,REAR TO FRONT,DIVIDED - W/MEDIAN (NOT RAISED),UNKNOWN,DRIVING SKILLS/KNOWLEDGE/EXPERIENCE,FOLLOWING TOO CLOSELY,0,2,1,3,17,6,12,1353,MICHIGAN AVE,41.923525,-87.843136,12/30/2016 06:47:00 PM,2016
CR00010100,04/05/2024 01:01:00 PM,35,CLEAR,DAYLIGHT,FIXED OBJECT,NOT DIVIDED,NO CONTROLS,UNABLE TO DETERMINE,UNABLE TO DETERMINE,0,0,0,0,13,6,4,813,IRVING PARK RD,41.864882,-87.538544,04/05/2024 02:47:00 PM,2024
CR00010101,01/22/2019 09:31:00 PM,30,CLEAR,DAYLIGHT,PARKED MOTOR VEHICLE,DIVIDED - W/MEDIAN (NOT RAISED),NO CONTROLS,UNABLE TO DETERMINE,UNABLE TO DETERMINE,0,0,0,0,21,3,1,922,BROADWAY,41.965012,-87.680317,01/22/2019 11:07:00 PM,2019
CR00010102,02/22/2017 10:37:00 AM,45,RAIN,DAYLIGHT,TURNING,ONE-WAY,STOP SIGN/FLASHER,UNABLE TO DETERMINE,DRIVING SKILLS/KNOWLEDGE/EXPERIENCE,0,0,0,0,10,4,2,1571,OGDEN AVE,41.748609,-87.554937,02/22/2017 11:12:00 AM,2017
CR00010103,02/21/2024 12:37:00 PM,30,CLEAR,DARKNESS - LIGHTED ROAD,PARKED MOTOR VEHICLE,FOUR WAY,NO CONTROLS,DISREGARDING TRAFFIC SIGNALS,UNABLE TO DETERMINE,0,0,0,0,12,4,2,1667,BROADWAY,41.897176,-87.685877,02/21/2024 12:59:00 PM,2024
CR00010104,12/27/2021 07:17:00 AM,20,CLEAR,DARKNESS - LIGHTED ROAD,REAR END,NOT DIVIDED,STOP SIGN/FLASHER,WEATHER,NOT APPLICABLE,0,0,0,0,7,2,12,1542,DIVISION ST,41.85696,-87.503449,12/27/2021 07:33:00 AM,2021
CR00010105,01/27/2022 02:00:00 PM,40,CLEAR,DAYLIGHT,ANGLE,NOT DIVIDED,UNKNOWN,DISREGARDING TRAFFIC SIGNALS,FAILING TO YIELD RIGHT-OF-WAY,0,0,0,0,14,5,1,1098,CICERO AVE,41.981081,-87.835979,01/27/2022 03:01:00 PM,2022
CR00010106,08/12/2016 12:37:00 PM,30,CLEAR,DAYLIGHT,REAR TO FRONT,DIVIDED - W/MEDIAN (NOT RAISED),TRAFFIC SIGNAL,FOLLOWING TOO CLOSELY,UNABLE TO DETERMINE,0,0,1,1,12,6,8,146,47TH ST,41.858679,-87.536897,08/12/2016 01:43:00 PM,2016
CR00010107,04/24/2024 07:46:00 PM,45,CLEAR,DARKNESS,REAR END,NOT DIVIDED,NO CONTROLS,UNABLE TO DETERMINE,NOT APPLICABLE,0,0,0,0,19,4,4,135,HALSTED ST,41.978765,-87.686137,04/24/2024 08:24:00 PM,2024
CR00010108,06/18/2020 06:21:00 AM,20,CLEAR,DAYLIGHT,ANGLE,ONE-WAY,NO CONTROLS,FAILING TO REDUCE SPEED,IMPROPER OVERTAKING/PASSING,0,0,0,0,6,5,6,850,CALIFORNIA AVE,41.834779,-87.777463,06/18/2020 07:28:00 AM,2020
CR00010109,06/15/2016 07:16:00 PM,35,CLOUDY/OVERCAST,DAYLIGHT,TURNING,NOT DIVIDED,NO CONTROLS,WEATHER,NOT APPLICABLE,0,0,0,0,19,4,6,1818,FULLERTON AVE,41.872259,-87.793924,06/15/2016 07:30:00 PM,2016
CR00010110,08/20/2024 05:52:00 AM,35,CLEAR,DAYLIGHT,TURNING,DIVIDED - W/MEDIAN (NOT RAISED),STOP SIGN/FLASHER,UNABLE TO DETERMINE,UNABLE TO DETERMINE,0,0,0,0,5,3,8,654,STATE ST,41.862566,-87.615676,08/20/2024 07:25:00 AM,2024
CR00010111,03/25/2017 07:45:00 AM,30,RAIN,DARKNESS - LIGHTED ROAD,ANGLE,NOT DIVIDED,STOP SIGN/FLASHER,IMPROPER OVERTAKING/PASSING,DRIVING SKILLS/KNOWLEDGE/EXPERIENCE,0,0,0,0,7,7,3,281,ELSTON AVE,41.91232,-87.633735,03/25/2017 08:16:00 AM,2017
CR00010112,01/18/2022 10:25:00 PM,30,CLEAR,DAWN,SIDESWIPE SAME DIRECTION,DIVIDED - W/MEDIAN (NOT RAISED),TRAFFIC SIGNAL,UNABLE TO DETERMINE,NOT APPLICABLE,0,0,0,0,22,3,1,2120,OGDEN AVE,41.866446,-87.615913,01/18/2022 11:37:00 PM,2022
CR00010113,10/13/2017 02:36:00 AM,40,CLEAR,DAYLIGHT,TURNING,FOUR WAY,STOP SIGN/FLASHER,FAILING TO YIELD RIGHT-OF-WAY,UNABLE TO DETERMINE,0,0,0,0,2,6,10,2453,63RD ST,41.912607,-87.765723,10/13/2017 03:37:00 AM,2017
CR00010114,03/18/2015 04:55:00 PM,20,CLEAR,DARKNESS - LIGHTED ROAD,ANGLE,NOT DIVIDED,YIELD,FAILING TO YIELD RIGHT-OF-WAY,NOT APPLICABLE,0,0,0,0,16,4,3,725,MILWAUKEE AVE,41.961339,-87.637053,03/18/2015 05:29:00 PM,2015
CR00010115,02/14/2023 07:02:00 PM,45,CLEAR,DAYLIGHT,REAR END,DIVIDED - W/MEDIAN (NOT RAISED),NO CONTROLS,FOLLOWING TOO CLOSELY,UNABLE TO DETERMINE,0,0,0,0,19,3,2,2393,CLARK ST,41.850899,-87.647917,02/14/2023 07:36:00 PM,2023
CR00010116,06/21/2016 12:31:00 PM,30,SNOW,DAYLIGHT,REAR END,NOT DIVIDED,UNKNOWN,UNABLE TO DETERMINE,DISTRACTION - FROM INSIDE VEHICLE,0,0,0,0,12,3,6,1742,CICERO AVE,41.713056,-87.614388,06/21/2016 12:39:00 PM,2016
CR00010117,02/09/2022 05:53:00 PM,20,CLOUDY/OVERCAST,DAYLIGHT,REAR TO FRONT,NOT DIVIDED,TRAFFIC SIGNAL,UNABLE TO DETERMINE,FAILING TO YIELD RIGHT-OF-WAY,0,0,0,0,17,4,2,108,FULLERTON AVE,41.873454,-87.502555,02/09/2022 06:21:00 PM,2022
CR00010118,10/12/2023 01:20:00 PM,30,FREEZING RAIN/DRIZZLE,DAYLIGHT,PARKED MOTOR VEHICLE,NOT DIVIDED,STOP SIGN/FLASHER,UNABLE TO DETERMINE,IMPROPER OVERTAKING/PASSING,0,0,0,0,13,5,10,1751,47TH ST,41.86116,-87.584565,10/12/2023 02:25:00 PM,2023
CR00010119,07/22/2022 12:15:00 PM,30,CLEAR,DARKNESS,PARKED MOTOR VEHICLE,DIVIDED - W/MEDIAN BARRIER,TRAFFIC SIGNAL,FOLLOWING TOO CLOSELY,FAILING TO YIELD RIGHT-OF-WAY,0,0,2,2,12,6,7,517,STONY ISLAND AVE,41.76445,-87.774524,07/22/2022 01:30:00 PM,2022
CR00010120,10/28/2022 05:47:00 AM,35,CLEAR,DARKNESS - LIGHTED ROAD,REAR END,NOT DIVIDED,TRAFFIC SIGNAL,FAILING TO YIELD RIGHT-OF-WAY,IMPROPER OVERTAKING/PASSING,0,0,0,0,5,6,10,1427,ROOSEVELT RD,41.834442,-87.511224,10/28/2022 07:24:00 AM,2022
CR00010121,04/06/2024 09:58:00 AM,25,CLEAR,DARKNESS - LIGHTED ROAD,PARKED MOTOR VEHICLE,DIVIDED - W/MEDIAN BARRIER,TRAFFIC SIGNAL,DISTRACTION - FROM INSIDE VEHICLE,DRIVING SKILLS/KNOWLEDGE/EXPERIENCE,0,0,0,0,9,7,4,1654,OGDEN AVE,41.747661,-87.569524,04/06/2024 10:43:00 AM,2024
CR00010122,08/14/2024 08:54:00 AM,30,CLEAR,DARKNESS - LIGHTED ROAD,REAR END,ONE-WAY,STOP SIGN/FLASHER,IMPROPER OVERTAKING/PASSING,IMPROPER LANE USAGE,0,0,0,0,8,4,8,998,MICHIGAN AVE,41.861842,-87.763446,08/14/2024 10:53:00 AM,2024
CR00010123,06/02/2020 08:18:00 PM,15,CLEAR,DUSK,ANGLE,DIVIDED - W/MEDIAN BARRIER,TRAFFIC SIGNAL,FAILING TO YIELD RIGHT-OF-WAY,NOT APPLICABLE,0,0,0,0,20,3,6,260,IRVING PARK RD,41.758634,-87.688612,06/02/2020 09:33:00 PM,2020
CR00010124,03/24/2018 04:21:00 PM,30,CLEAR,DAYLIGHT,REAR END,NOT DIVIDED,TRAFFIC SIGNAL,DRIVING SKILLS/KNOWLEDGE/EXPERIENCE,UNABLE TO DETERMINE,0,0,0,0,16,7,3,664,PULASKI RD,41.745294,-87.606954,03/24/2018 05:12:00 PM,2018
CR00010125,04/27/2021 09:35:00 AM,45,CLEAR,DAWN,TURNING,NOT DIVIDED,STOP SIGN/FLASHER,FAILING TO YIELD RIGHT-OF-WAY,FAILING TO YIELD RIGHT-OF-WAY,0,0,0,0,9,3,4,2058,KEDZIE AVE,41.968196,-87.672428,04/27/2021 11:08:00 AM,2021
CR00010126,01/03/2020 08:44:00 AM,20,SNOW,DAYLIGHT,TURNING,NOT DIVIDED,UNKNOWN,FAILING TO REDUCE SPEED,DISREGARDING TRAFFIC SIGNALS,0,0,0,0,8,6,1,1090,WESTERN AVE,41.889123,-87.77939,01/03/2020 10:20:00 AM,2020
CR00010127,02/26/2024 05:52:00 PM,35,CLEAR,DAYLIGHT,PARKED MOTOR VEHICLE,NOT DIVIDED,NO CONTROLS,DRIVING SKILLS/KNOWLEDGE/EXPERIENCE,NOT APPLICABLE,0,0,0,0,17,2,2,1989,63RD ST,41.96043,-87.774056,02/26/2024 07:36:00 PM,2024
CR00010128,08/24/2022 10:53:00 AM,20,CLEAR,DAYLIGHT,PARKED MOTOR VEHICLE,NOT DIVIDED,STOP SIGN/FLASHER,FOLLOWING TOO CLOSELY,FAILING TO YIELD RIGHT-OF-WAY,0,0,0,0,10,4,8,1679,CLARK ST,41.898316,-87.816413,08/24/2022 12:10:00 PM,2022
CR00010129,05/20/2016 05:23:00 PM,30,CLEAR,DAYLIGHT,PARKED MOTOR VEHICLE,T-INTERSECTION,NO CONTROLS,UNABLE TO DETERMINE,NOT APPLICABLE,0,0,1,1,17,6,5,327,63RD ST,41.766156,-87.682833,05/20/2016 05:57:00 PM,2016
CR00010130,08/28/2023 07:48:00 AM,30,CLEAR,DAYLIGHT,TURNING,DIVIDED - W/MEDIAN (NOT RAISED),TRAFFIC SIGNAL,DISTRACTION - FROM INSIDE VEHICLE,DRIVING SKILLS/KNOWLEDGE/EXPERIENCE,0,0,0,0,7,2,8,1918,HALSTED ST,41.771323,-87.783576,08/28/2023 08:50:00 AM,2023