CRASH_RECORD_ID,CRASH_DATE,POSTED_SPEED_LIMIT,WEATHER_CONDITION,LIGHTING_CONDITION,FIRST_CRASH_TYPE,TRAFFICWAY_TYPE,TRAFFIC_CONTROL_DEVICE,PRIM_CONTRIBUTORY_CAUSE,SEC_CONTRIBUTORY_CAUSE,INJURIES_FATAL,INJURIES_INCAPACITATING,INJURIES_NON_INCAPACITATING,INJURIES_TOTAL,CRASH_HOUR,CRASH_DAY_OF_WEEK,CRASH_MONTH,BEAT_OF_OCCURRENCE,STREET_NAME,LATITUDE,LONGITUDE,DATE_POLICE_NOTIFIED,year
CR00010131,02/23/2017 08:40:00 AM,35,CLEAR,DAYLIGHT,REAR END,NOT DIVIDED,TRAFFIC SIGNAL,UNABLE TO DETERMINE,FAILING TO YIELD RIGHT-OF-WAY,0,0,0,0,8,5,2,414,CICERO AVE,41.874739,-87.575653,02/23/2017 10:13:00 AM,2017
CR00010132,07/12/2022 02:00:00 PM,30,CLEAR,DAYLIGHT,TURNING,DIVIDED - W/MEDIAN (NOT RAISED),NO CONTROLS,IMPROPER LANE USAGE,FAILING TO REDUCE SPEED,0,0,0,0,14,3,7,835,CICERO AVE,41.763383,-87.532509,07/12/2022 02:10:00 PM,2022
CR00010133,11/23/2020 08:27:00 AM,30,RAIN,DUSK,TURNING,ONE-WAY,UNKNOWN,FOLLOWING TOO CLOSELY,FAILING TO YIELD RIGHT-OF-WAY,0,0,0,0,8,2,11,480,FULLERTON AVE,41.913491,-87.594752,11/23/2020 10:19:00 AM,2020
CR00010134,11/18/2023 06:11:00 PM,30,CLEAR,DARKNESS - LIGHTED ROAD,REAR END,NOT DIVIDED,TRAFFIC SIGNAL,UNABLE TO DETERMINE,UNABLE TO DETERMINE,0,0,0,0,18,7,11,998,47TH ST,41.981555,-87.823012,11/18/2023 07:32:00 PM,2023
CR00010135,02/15/2019 07:58:00 AM,15,CLEAR,DAYLIGHT,REAR TO FRONT,ONE-WAY,STOP SIGN/FLASHER,DRIVING SKILLS/KNOWLEDGE/EXPERIENCE,DRIVING SKILLS/KNOWLEDGE/EXPERIENCE,0,0,0,0,7,6,2,1686,47TH ST,41.795919,-87.847144,02/15/2019 08:48:00 AM,2019
CR00010136,10/31/2023 04:10:00 AM,20,FREEZING RAIN/DRIZZLE,DARKNESS - LIGHTED ROAD,SIDESWIPE SAME DIRECTION,ONE-WAY,UNKNOWN,WEATHER,UNABLE TO DETERMINE,0,0,0,0,4,3,10,623,STATE ST,41.759664,-87.657694,10/31/2023 06:08:00 AM,2023
CR00010137,02/22/2021 08:49:00 AM,30,CLEAR,DAYLIGHT,FIXED OBJECT,T-INTERSECTION,NO CONTROLS,WEATHER,DISREGARDING TRAFFIC SIGNALS,0,0,0,0,8,2,2,1085,47TH ST,41.860523,-87.651115,02/22/2021 08:51:00 AM,2021
CR00010138,08/10/2018 05:38:00 PM,15,CLEAR,DARKNESS - LIGHTED ROAD,SIDESWIPE SAME DIRECTION,NOT DIVIDED,STOP SIGN/FLASHER,IMPROPER LANE USAGE,NOT APPLICABLE,0,0,0,0,17,6,8,1437,ELSTON AVE,41.806577,-87.624836,08/10/2018 06:19:00 PM,2018
CR00010139,01/18/2019 10:35:00 AM,20,CLEAR,DARKNESS - LIGHTED ROAD,PARKED MOTOR VEHICLE,T-INTERSECTION,NO CONTROLS,IMPROPER OVERTAKING/PASSING,FOLLOWING TOO CLOSELY,0,0,0,0,10,6,1,2064,CICERO AVE,41.962705,-87.668929,01/18/2019 10:46:00 AM,2019
CR00010140,07/11/2019 09:47:00 AM,35,RAIN,DAYLIGHT,PARKED MOTOR VEHICLE,NOT DIVIDED,STOP SIGN/FLASHER,UNABLE TO DETERMINE,UNABLE TO DETERMINE,0,0,0,0,9,5,7,1685,OGDEN AVE,41.915986,-87.623934,07/11/2019 10:41:00 AM,2019
CR00010141,03/12/2017 04:47:00 PM,35,RAIN,DAYLIGHT,ANGLE,DIVIDED - W/MEDIAN BARRIER,TRAFFIC SIGNAL,FOLLOWING TOO CLOSELY,FOLLOWING TOO CLOSELY,0,0,0,0,16,1,3,1452,CALIFORNIA AVE,41.747246,-87.535593,03/12/2017 05:32:00 PM,2017
CR00010142,08/07/2015 05:55:00 PM,30,CLEAR,DARKNESS - LIGHTED ROAD,REAR TO FRONT,NOT DIVIDED,STOP SIGN/FLASHER,FOLLOWING TOO CLOSELY,DISTRACTION - FROM INSIDE VEHICLE,0,0,1,1,17,6,8,323,CICERO AVE,41.903654,-87.564471,08/07/2015 07:31:00 PM,2015
CR00010143,06/23/2017 11:23:00 AM,30,CLEAR,DUSK,ANGLE,ONE-WAY,TRAFFIC SIGNAL,DRIVING SKILLS/KNOWLEDGE/EXPERIENCE,NOT APPLICABLE,0,0,0,0,11,6,6,1316,STATE ST,41.810802,-87.631662,06/23/2017 12:46:00 PM,2017
CR00010144,02/06/2020 07:01:00 AM,35,CLEAR,DAYLIGHT,FIXED OBJECT,NOT DIVIDED,TRAFFIC SIGNAL,FAILING TO YIELD RIGHT-OF-WAY,IMPROPER LANE USAGE,0,0,0,0,7,5,2,630,STONY ISLAND AVE,41.792125,-87.67575,02/06/2020 07:04:00 AM,2020
CR00010145,04/14/2016 08:22:00 PM,40,FREEZING RAIN/DRIZZLE,DAYLIGHT,ANGLE,DIVIDED - W/MEDIAN (NOT RAISED),NO CONTROLS,UNABLE TO DETERMINE,NOT APPLICABLE,0,0,0,0,20,5,4,1538,CLARK ST,41.893761,-87.694876,04/14/2016 09:56:00 PM,2016
CR00010146,03/23/2024 08:00:00 PM,20,CLEAR,DARKNESS - LIGHTED ROAD,TURNING,DIVIDED - W/MEDIAN BARRIER,PEDESTRIAN CROSSING SIGN,UNABLE TO DETERMINE,IMPROPER LANE USAGE,0,0,0,0,20,7,3,432,DIVISION ST,41.872099,-87.848715,03/23/2024 09:39:00 PM,2024
CR00010147,04/11/2018 08:11:00 AM,40,CLEAR,DAYLIGHT,REAR END,NOT DIVIDED,TRAFFIC SIGNAL,UNABLE TO DETERMINE,FAILING TO REDUCE SPEED,0,0,0,0,8,4,4,2113,MILWAUKEE AVE,41.979766,-87.657657,04/11/2018 09:33:00 AM,2018
CR00010148,08/27/2017 05:58:00 AM,20,CLOUDY/OVERCAST,DUSK,ANGLE,NOT DIVIDED,NO CONTROLS,DISTRACTION - FROM INSIDE VEHICLE,IMPROPER OVERTAKING/PASSING,0,0,0,0,5,1,8,1958,CALIFORNIA AVE,41.943397,-87.52603,08/27/2017 07:28:00 AM,2017
CR00010149,02/28/2020 03:12:00 PM,30,CLEAR,DAYLIGHT,SIDESWIPE SAME DIRECTION,DIVIDED - W/MEDIAN (NOT RAISED),NO CONTROLS,FAILING TO REDUCE SPEED,NOT APPLICABLE,0,0,0,0,15,6,2,2385,MICHIGAN AVE,41.786003,-87.700869,02/28/2020 03:14:00 PM,2020
CR00010150,03/29/2023 02:15:00 PM,30,CLEAR,DAYLIGHT,PARKED MOTOR VEHICLE,DIVIDED - W/MEDIAN (NOT RAISED),NO CONTROLS,FAILING TO YIELD RIGHT-OF-WAY,FAILING TO YIELD RIGHT-OF-WAY,0,0,0,0,14,4,3,668,DAMEN AVE,41.82374,-87.682003,03/29/2023 02:40:00 PM,2023
CR00010151,12/21/2022 12:08:00 PM,30,SNOW,DAYLIGHT,PEDESTRIAN,NOT DIVIDED,NO CONTROLS,DISTRACTION - FROM INSIDE VEHICLE,DISREGARDING TRAFFIC SIGNALS,0,0,1,1,12,4,12,926,KEDZIE AVE,41.803215,-87.604452,12/21/2022 01:56:00 PM,2022
CR00010152,06/26/2022 04:30:00 PM,20,SNOW,DAYLIGHT,TURNING,NOT DIVIDED,TRAFFIC SIGNAL,IMPROPER OVERTAKING/PASSING,IMPROPER OVERTAKING/PASSING,0,1,1,2,16,1,6,2213,63RD ST,41.935448,-87.621816,06/26/2022 06:19:00 PM,2022
CR00010153,02/11/2016 01:43:00 PM,35,CLEAR,DARKNESS - LIGHTED ROAD,TURNING,ONE-WAY,STOP SIGN/FLASHER,FAILING TO YIELD RIGHT-OF-WAY,UNABLE TO DETERMINE,0,1,2,3,13,5,2,1126,IRVING PARK RD,41.797672,-87.728304,02/11/2016 03:21:00 PM,2016
CR00010154,04/08/2024 08:35:00 AM,35,CLEAR,DAYLIGHT,PARKED MOTOR VEHICLE,NOT DIVIDED,TRAFFIC SIGNAL,UNABLE TO DETERMINE,UNABLE TO DETERMINE,0,0,0,0,8,2,4,1518,BROADWAY,41.960068,-87.795715,04/08/2024 09:18:00 AM,2024
CR00010155,10/15/2022 05:45:00 PM,40,CLEAR,DARKNESS - LIGHTED ROAD,ANGLE,FOUR WAY,UNKNOWN,FOLLOWING TOO CLOSELY,IMPROPER LANE USAGE,0,2,3,5,17,7,10,348,WESTERN AVE,41.975918,-87.804176,10/15/2022 07:36:00 PM,2022
CR00010156,10/08/2015 07:21:00 AM,25,CLEAR,DAYLIGHT,REAR END,DIVIDED - W/MEDIAN (NOT RAISED),UNKNOWN,IMPROPER OVERTAKING/PASSING,NOT APPLICABLE,0,0,0,0,7,5,10,2018,ASHLAND AVE,41.815522,-87.828843,10/08/2015 08:38:00 AM,2015
CR00010157,06/07/2015 07:46:00 AM,30,CLEAR,DARKNESS - LIGHTED ROAD,PARKED MOTOR VEHICLE,NOT DIVIDED,TRAFFIC SIGNAL,FAILING TO REDUCE SPEED,FAILING TO REDUCE SPEED,0,0,0,0,7,1,6,183,79TH ST,41.999323,-87.816346,06/07/2015 09:04:00 AM,2015
CR00010158,08/25/2019 08:44:00 PM,30,CLEAR,DARKNESS - LIGHTED ROAD,TURNING,NOT DIVIDED,TRAFFIC SIGNAL,UNABLE TO DETERMINE,DRIVING SKILLS/KNOWLEDGE/EXPERIENCE,0,0,0,0,20,1,8,2106,BROADWAY,41.978776,-87.527271,08/25/2019 09:49:00 PM,2019
CR00010159,02/03/2024 02:45:00 AM,40,CLEAR,DAYLIGHT,ANGLE,DIVIDED - W/MEDIAN (NOT RAISED),TRAFFIC SIGNAL,IMPROPER OVERTAKING/PASSING,IMPROPER OVERTAKING/PASSING,0,0,0,0,2,7,2,2170,CICERO AVE,41.953902,-87.841404,02/03/2024 03:38:00 AM,2024
CR00010160,06/24/2017 04:27:00 PM,45,CLEAR,DUSK,REAR END,ONE-WAY,UNKNOWN,DRIVING SKILLS/KNOWLEDGE/EXPERIENCE,NOT APPLICABLE,0,0,0,0,16,7,6,179,ROOSEVELT RD,41.980987,-87.803879,06/24/2017 05:43:00 PM,2017
CR00010161,06/30/2019 07:47:00 PM,30,CLEAR,DAYLIGHT,SIDESWIPE SAME DIRECTION,NOT DIVIDED,NO CONTROLS,UNABLE TO DETERMINE,IMPROPER OVERTAKING/PASSING,0,1,0,1,19,1,6,955,WESTERN AVE,41.746417,-87.803973,06/30/2019 08:15:00 PM,2019
CR00010162,12/17/2015 04:37:00 PM,20,CLEAR,DARKNESS - LIGHTED ROAD,TURNING,DIVIDED - W/MEDIAN (NOT RAISED),STOP SIGN/FLASHER,FOLLOWING TOO CLOSELY,DRIVING SKILLS/KNOWLEDGE/EXPERIENCE,0,0,0,0,16,5,12,1809,ARCHER AVE,41.936615,-87.821684,12/17/2015 06:20:00 PM,2015
CR00010163,05/03/2018 03:06:00 PM,30,CLEAR,DAYLIGHT,TURNING,ONE-WAY,NO CONTROLS,FAILING TO YIELD RIGHT-OF-WAY,UNABLE TO DETERMINE,0,0,0,0,15,5,5,1680,ROOSEVELT RD,41.844658,-87.634466,05/03/2018 05:04:00 PM,2018
CR00010164,06/24/2024 11:44:00 AM,20,CLEAR,DAYLIGHT,ANGLE,NOT DIVIDED,TRAFFIC SIGNAL,FAILING TO REDUCE SPEED,NOT APPLICABLE,0,0,0,0,11,2,6,218,MILWAUKEE AVE,41.716256,-87.82187,06/24/2024 12:40:00 PM,2024
CR00010165,01/04/2019 08:30:00 PM,15,CLEAR,DAYLIGHT,PEDESTRIAN,DIVIDED - W/MEDIAN BARRIER,NO CONTROLS,IMPROPER OVERTAKING/PASSING,FOLLOWING TOO CLOSELY,0,0,2,2,20,6,1,1233,ROOSEVELT RD,41.755784,-87.643688,01/04/2019 09:33:00 PM,2019
CR00010166,05/03/2016 05:35:00 PM,35,CLEAR,DAYLIGHT,PARKED MOTOR VEHICLE,NOT DIVIDED,TRAFFIC SIGNAL,FAILING TO YIELD RIGHT-OF-WAY,NOT APPLICABLE,0,0,0,0,17,3,5,2408,47TH ST,41.775802,-87.600427,05/03/2016 05:51:00 PM,2016
CR00010167,07/16/2018 06:50:00 PM,15,CLEAR,DAYLIGHT,REAR END,NOT DIVIDED,NO CONTROLS,DRIVING SKILLS/KNOWLEDGE/EXPERIENCE,FAILING TO REDUCE SPEED,0,0,0,0,18,2,7,1033,PULASKI RD,41.818904,-87.655044,07/16/2018 07:21:00 PM,2018
CR00010168,05/17/2017 08:10:00 PM,35,CLOUDY/OVERCAST,DARKNESS - LIGHTED ROAD,ANGLE,NOT DIVIDED,TRAFFIC SIGNAL,UNABLE TO DETERMINE,IMPROPER LANE USAGE,0,0,0,0,20,4,5,478,ASHLAND AVE,41.784637,-87.599389,05/17/2017 09:38:00 PM,2017
CR00010169,12/26/2019 04:01:00 PM,35,CLEAR,DARKNESS - LIGHTED ROAD,REAR END,NOT DIVIDED,STOP SIGN/FLASHER,FOLLOWING TOO CLOSELY,NOT APPLICABLE,0,0,0,0,16,5,12,2152,MICHIGAN AVE,41.870463,-87.735594,12/26/2019 05:19:00 PM,2019
CR00010170,10/22/2022 09:59:00 AM,30,CLEAR,DAYLIGHT,REAR END,DIVIDED - W/MEDIAN BARRIER,STOP SIGN/FLASHER,DISTRACTION - FROM INSIDE VEHICLE,FAILING TO REDUCE SPEED,0,0,0,0,9,7,10,1675,LAKE SHORE DR,41.730893,-87.839815,10/22/2022 10:35:00 AM,2022
CR00010171,09/30/2022 04:15:00 PM,35,SNOW,DAWN,REAR TO FRONT,FOUR WAY,UNKNOWN,DISREGARDING TRAFFIC SIGNALS,DRIVING SKILLS/KNOWLEDGE/EXPERIENCE,0,0,0,0,16,6,9,1889,MILWAUKEE AVE,41.830963,-87.53679,09/30/2022 05:20:00 PM,2022
CR00010172,10/12/2024 07:53:00 AM,30,SNOW,DAYLIGHT,TURNING,ONE-WAY,NO CONTROLS,DRIVING SKILLS/KNOWLEDGE/EXPERIENCE,UNABLE TO DETERMINE,0,0,0,0,7,7,10,752,DAMEN AVE,41.735072,-87.550214,10/12/2024 07:59:00 AM,2024
CR00010173,11/07/2020 07:34:00 AM,40,CLEAR,DAYLIGHT,TURNING,NOT DIVIDED,YIELD,UNABLE TO DETERMINE,IMPROPER LANE USAGE,0,0,0,0,7,7,11,1152,MICHIGAN AVE,41.784876,-87.810588,11/07/2020 07:45:00 AM,2020
CR00010174,04/04/2021 11:45:00 AM,30,CLEAR,DAYLIGHT,PARKED MOTOR VEHICLE,DIVIDED - W/MEDIAN (NOT RAISED),NO CONTROLS,DRIVING SKILLS/KNOWLEDGE/EXPERIENCE,NOT APPLICABLE,0,0,0,0,11,1,4,2356,PULASKI RD,41.922496,-87.540201,04/04/2021 01:18:00 PM,2021
CR00010175,02/13/2016 01:22:00 PM,35,CLEAR,DAYLIGHT,REAR END,T-INTERSECTION,NO CONTROLS,UNABLE TO DETERMINE,UNABLE TO DETERMINE,0,0,0,0,13,7,2,949,ASHLAND AVE,41.851204,-87.768609,02/13/2016 03:11:00 PM,2016
CR00010176,03/21/2017 06:15:00 PM,20,CLEAR,DARKNESS - LIGHTED ROAD,REAR END,ONE-WAY,STOP SIGN/FLASHER,IMPROPER OVERTAKING/PASSING,FOLLOWING TOO CLOSELY,0,0,0,0,18,3,3,1334,ROOSEVELT RD,41.860695,-87.816676,03/21/2017 07:39:00 PM,2017
CR00010177,03/11/2020 04:02:00 AM,45,CLEAR,DAYLIGHT,REAR TO FRONT,NOT DIVIDED,NO CONTROLS,UNABLE TO DETERMINE,IMPROPER LANE USAGE,0,0,0,0,4,4,3,1000,DAMEN AVE,41.823799,-87.519288,03/11/2020 04:49:00 AM,2020
CR00010178,03/28/2024 03:56:00 AM,35,FREEZING RAIN/DRIZZLE,DAYLIGHT,SIDESWIPE SAME DIRECTION,NOT DIVIDED,NO CONTROLS,UNABLE TO DETERMINE,DRIVING SKILLS/KNOWLEDGE/EXPERIENCE,0,0,0,0,3,5,3,994,PULASKI RD,41.820536,-87.519723,03/28/2024 04:27:00 AM,2024
CR00010179,12/31/2022 05:58:00 AM,25,CLOUDY/OVERCAST,DAYLIGHT,ANGLE,DIVIDED - W/MEDIAN BARRIER,STOP SIGN/FLASHER,FAILING TO YIELD RIGHT-OF-WAY,NOT APPLICABLE,0,1,0,1,5,7,12,2460,CICERO AVE,41.844052,-87.65805,12/31/2022 06:06:00 AM,2022
CR00010180,03/11/2018 08:58:00 PM,25,CLEAR,DUSK,SIDESWIPE SAME DIRECTION,NOT DIVIDED,TRAFFIC SIGNAL,DISTRACTION - FROM INSIDE VEHICLE,DRIVING SKILLS/KNOWLEDGE/EXPERIENCE,0,0,0,0,20,1,3,399,WESTERN AVE,41.936712,-87.726178,03/11/2018 09:00:00 PM,2018
CR00010181,01/21/2016 08:39:00 PM,45,CLEAR,DAYLIGHT,REAR END,FOUR WAY,UNKNOWN,DISREGARDING TRAFFIC SIGNALS,NOT APPLICABLE,0,0,3,3,20,5,1,2017,ARCHER AVE,41.739812,-87.502786,01/21/2016 09:11:00 PM,2016
CR00010182,12/11/2023 12:40:00 PM,30,SNOW,DARKNESS - LIGHTED ROAD,ANGLE,NOT DIVIDED,STOP SIGN/FLASHER,UNABLE TO DETERMINE,UNABLE TO DETERMINE,0,0,0,0,12,2,12,1627,ELSTON AVE,41.962981,-87.542775,12/11/2023 01:06:00 PM,2023
CR00010183,02/19/2024 07:04:00 AM,30,CLEAR,DUSK,REAR END,DIVIDED - W/MEDIAN BARRIER,NO CONTROLS,UNABLE TO DETERMINE,NOT APPLICABLE,0,0,0,0,7,2,2,181,OGDEN AVE,41.955342,-87.546209,02/19/2024 08:36:00 AM,2024
CR00010184,10/11/2017 01:30:00 AM,30,FREEZING RAIN/DRIZZLE,DUSK,REAR END,ONE-WAY,NO CONTROLS,IMPROPER OVERTAKING/PASSING,FAILING TO YIELD RIGHT-OF-WAY,0,0,0,0,1,4,10,1968,IRVING PARK RD,41.846307,-87.592817,10/11/2017 03:01:00 AM,2017
CR00010185,11/03/2018 08:02:00 AM,35,CLOUDY/OVERCAST,DARKNESS - LIGHTED ROAD,TURNING,NOT DIVIDED,TRAFFIC SIGNAL,IMPROPER OVERTAKING/PASSING,FAILING TO YIELD RIGHT-OF-WAY,0,0,3,3,8,7,11,903,CICERO AVE,41.936087,-87.817508,11/03/2018 10:00:00 AM,2018
CR00010186,09/17/2022 10:10:00 AM,30,CLEAR,DAYLIGHT,REAR END,ONE-WAY,NO CONTROLS,UNABLE TO DETERMINE,FAILING TO YIELD RIGHT-OF-WAY,0,0,0,0,10,7,9,383,63RD ST,41.910454,-87.727331,09/17/2022 10:59:00 AM,2022
CR00010187,09/28/2016 07:14:00 AM,30,CLEAR,DAYLIGHT,REAR END,NOT DIVIDED,STOP SIGN/FLASHER,FAILING TO REDUCE SPEED,DISTRACTION - FROM INSIDE VEHICLE,0,0,0,0,7,4,9,1403,ARCHER AVE,41.916394,-87.548164,09/28/2016 09:01:00 AM,2016
CR00010188,05/14/2019 07:21:00 PM,25,CLEAR,DAYLIGHT,REAR END,NOT DIVIDED,NO CONTROLS,DISTRACTION - FROM INSIDE VEHICLE,IMPROPER OVERTAKING/PASSING,0,0,0,0,19,3,5,1718,DAMEN AVE,41.712048,-87.507983,05/14/2019 07:51:00 PM,2019
CR00010189,12/08/2019 02:53:00 PM,30,SNOW,DAYLIGHT,REAR END,NOT DIVIDED,UNKNOWN,UNABLE TO DETERMINE,DISTRACTION - FROM INSIDE VEHICLE,0,0,0,0,14,1,12,188,63RD ST,41.738369,-87.647724,12/08/2019 04:40:00 PM,2019
CR00010190,01/04/2020 04:42:00 PM,40,CLEAR,DAYLIGHT,ANGLE,FOUR WAY,TRAFFIC SIGNAL,FOLLOWING TOO CLOSELY,FAILING TO YIELD RIGHT-OF-WAY,0,0,0,0,16,7,1,226,FULLERTON AVE,41.802937,-87.542135,01/04/2020 06:16:00 PM,2020
CR00010191,08/22/2023 05:50:00 PM,30,CLEAR,DARKNESS - LIGHTED ROAD,TURNING,NOT DIVIDED,TRAFFIC SIGNAL,UNABLE TO DETERMINE,UNABLE TO DETERMINE,0,0,0,0,17,3,8,2182,CALIFORNIA AVE,41.814739,-87.514375,08/22/2023 06:45:00 PM,2023
CR00010192,12/16/2016 08:06:00 PM,15,RAIN,DAYLIGHT,SIDESWIPE SAME DIRECTION,NOT DIVIDED,TRAFFIC SIGNAL,FAILING TO YIELD RIGHT-OF-WAY,FAILING TO REDUCE SPEED,0,0,0,0,20,6,12,832,BROADWAY,41.760508,-87.597016,12/16/2016 09:10:00 PM,2016
CR00010193,02/05/2023 04:22:00 PM,40,CLEAR,DAYLIGHT,TURNING,FOUR WAY,NO CONTROLS,FOLLOWING TOO CLOSELY,FOLLOWING TOO CLOSELY,0,0,1,1,16,1,2,2389,ARCHER AVE,41.986561,-87.616097,02/05/2023 06:20:00 PM,2023
CR00010194,09/26/2019 08:35:00 AM,30,CLEAR,DARKNESS,FIXED OBJECT,DIVIDED - W/MEDIAN (NOT RAISED),TRAFFIC SIGNAL,FOLLOWING TOO CLOSELY,UNABLE TO DETERMINE,0,0,0,0,8,5,9,2286,WESTERN AVE,41.808631,-87.792978,09/26/2019 08:51:00 AM,2019
CR00010195,05/29/2020 07:23:00 AM,35,CLEAR,DARKNESS - LIGHTED ROAD,SIDESWIPE SAME DIRECTION,NOT DIVIDED,NO CONTROLS,DISTRACTION - FROM INSIDE VEHICLE,UNABLE TO DETERMINE,0,0,0,0,7,6,5,1627,FULLERTON AVE,41.865116,-87.587471,05/29/2020 08:19:00 AM,2020
CR00010196,05/09/2021 11:40:00 AM,30,SNOW,DAYLIGHT,SIDESWIPE SAME DIRECTION,DIVIDED - W/MEDIAN BARRIER,TRAFFIC SIGNAL,UNABLE TO DETERMINE,NOT APPLICABLE,0,0,0,0,11,1,5,604,WESTERN AVE,41.980887,-87.57614,05/09/2021 01:16:00 PM,2021
CR00010197,02/23/2017 01:49:00 PM,35,CLEAR,DAYLIGHT,PEDESTRIAN,T-INTERSECTION,TRAFFIC SIGNAL,UNABLE TO DETERMINE,WEATHER,0,0,0,0,13,5,2,1528,IRVING PARK RD,41.709416,-87.70616,02/23/2017 01:53:00 PM,2017
CR00010198,03/30/2020 01:41:00 PM,15,CLOUDY/OVERCAST,DAYLIGHT,REAR END,DIVIDED - W/MEDIAN BARRIER,NO CONTROLS,FOLLOWING TOO CLOSELY,NOT APPLICABLE,0,0,0,0,13,2,3,1439,63RD ST,41.759904,-87.815829,03/30/2020 03:37:00 PM,2020
CR00010199,01/14/2020 05:11:00 PM,45,RAIN,DAYLIGHT,FIXED OBJECT,DIVIDED - W/MEDIAN BARRIER,STOP SIGN/FLASHER,WEATHER,IMPROPER OVERTAKING/PASSING,0,0,0,0,17,3,1,558,HALSTED ST,41.908152,-87.577305,01/14/2020 05:51:00 PM,2020
CR00010200,06/15/2022 07:45:00 PM,40,CLEAR,DAYLIGHT,TURNING,NOT DIVIDED,NO CONTROLS,IMPROPER OVERTAKING/PASSING,UNABLE TO DETERMINE,0,0,0,0,19,4,6,1632,OGDEN AVE,41.985248,-87.687282,06/15/2022 08:55:00 PM,2022
CR00010201,03/09/2017 06:15:00 PM,30,CLEAR,DAYLIGHT,REAR TO FRONT,ONE-WAY,PEDESTRIAN CROSSING SIGN,UNABLE TO DETERMINE,NOT APPLICABLE,0,0,0,0,18,5,3,310,HALSTED ST,41.911665,-87.55294,03/09/2017 06:51:00 PM,2017
CR00010202,09/26/2016 03:05:00 PM,20,CLEAR,DAYLIGHT,FIXED OBJECT,DIVIDED - W/MEDIAN BARRIER,STOP SIGN/FLASHER,FOLLOWING TOO CLOSELY,IMPROPER OVERTAKING/PASSING,0,0,0,0,15,2,9,1395,ASHLAND AVE,41.761615,-87.745235,09/26/2016 04:32:00 PM,2016
CR00010203,02/23/2021 02:41:00 PM,15,CLEAR,DAYLIGHT,REAR END,NOT DIVIDED,NO CONTROLS,DRIVING SKILLS/KNOWLEDGE/EXPERIENCE,UNABLE TO DETERMINE,0,0,0,0,14,3,2,114,CALIFORNIA AVE,41.901521,-87.584393,02/23/2021 03:10:00 PM,2021
CR00010204,05/16/2016 03:47:00 PM,45,CLEAR,DAYLIGHT,REAR END,T-INTERSECTION,STOP SIGN/FLASHER,WEATHER,UNABLE TO DETERMINE,0,0,0,0,15,2,5,587,79TH ST,41.852125,-87.793736,05/16/2016 05:12:00 PM,2016
CR00010205,07/29/2016 07:52:00 AM,40,RAIN,DAYLIGHT,ANGLE,NOT DIVIDED,NO CONTROLS,FAILING TO REDUCE SPEED,DISTRACTION - FROM INSIDE VEHICLE,0,0,0,0,7,6,7,1903,MICHIGAN AVE,41.747287,-87.596184,07/29/2016 08:53:00 AM,2016
CR00010206,07/14/2018 04:26:00 PM,45,CLEAR,DARKNESS,PEDESTRIAN,DIVIDED - W/MEDIAN (NOT RAISED),STOP SIGN/FLASHER,IMPROPER OVERTAKING/PASSING,IMPROPER LANE USAGE,0,0,0,0,16,7,7,2177,WESTERN AVE,41.725021,-87.576458,07/14/2018 06:12:00 PM,2018
CR00010207,09/03/2023 06:44:00 PM,40,CLEAR,DARKNESS - LIGHTED ROAD,PEDESTRIAN,DIVIDED - W/MEDIAN BARRIER,TRAFFIC SIGNAL,WEATHER,NOT APPLICABLE,0,0,0,0,18,1,9,318,DAMEN AVE,41.881474,-87.769546,09/03/2023 07:05:00 PM,2023
CR00010208,11/12/2023 08:14:00 PM,45,CLEAR,DARKNESS - LIGHTED ROAD,ANGLE,NOT DIVIDED,UNKNOWN,UNABLE TO DETERMINE,FAILING TO YIELD RIGHT-OF-WAY,0,0,2,2,20,1,11,267,MILWAUKEE AVE,41.969588,-87.749065,11/12/2023 09:12:00 PM,2023
CR00010209,12/02/2016 06:02:00 PM,30,FREEZING RAIN/DRIZZLE,DAYLIGHT,SIDESWIPE SAME DIRECTION,DIVIDED - W/MEDIAN BARRIER,NO CONTROLS,IMPROPER LANE USAGE,UNABLE TO DETERMINE,0,0,0,0,18,6,12,638,OGDEN AVE,41.855973,-87.793377,12/02/2016 06:49:00 PM,2016
CR00010210,02/06/2018 03:49:00 AM,25,CLEAR,DARKNESS - LIGHTED ROAD,REAR END,DIVIDED - W/MEDIAN BARRIER,TRAFFIC SIGNAL,IMPROPER OVERTAKING/PASSING,DRIVING SKILLS/KNOWLEDGE/EXPERIENCE,0,0,0,0,3,3,2,953,63RD ST,41.929335,-87.54259,02/06/2018 05:34:00 AM,2018
CR00010211,07/14/2016 05:00:00 PM,30,CLEAR,DARKNESS - LIGHTED ROAD,TURNING,NOT DIVIDED,NO CONTROLS,DISTRACTION - FROM INSIDE VEHICLE,UNABLE TO DETERMINE,0,0,0,0,17,5,7,489,DAMEN AVE,41.750215,-87.69558,07/14/2016 06:30:00 PM,2016
CR00010212,01/20/2024 12:34:00 PM,30,CLEAR,DAYLIGHT,ANGLE,FOUR WAY,NO CONTROLS,FAILING TO YIELD RIGHT-OF-WAY,FAILING TO YIELD RIGHT-OF-WAY,0,0,0,0,12,7,1,1056,ASHLAND AVE,41.944262,-87.592372,01/20/2024 01:24:00 PM,2024