CRASH_RECORD_ID,CRASH_DATE,POSTED_SPEED_LIMIT,WEATHER_CONDITION,LIGHTING_CONDITION,FIRST_CRASH_TYPE,TRAFFICWAY_TYPE,TRAFFIC_CONTROL_DEVICE,PRIM_CONTRIBUTORY_CAUSE,SEC_CONTRIBUTORY_CAUSE,INJURIES_FATAL,INJURIES_INCAPACITATING,INJURIES_NON_INCAPACITATING,INJURIES_TOTAL,CRASH_HOUR,CRASH_DAY_OF_WEEK,CRASH_MONTH,BEAT_OF_OCCURRENCE,STREET_NAME,LATITUDE,LONGITUDE,DATE_POLICE_NOTIFIED,year
CR00010213,04/28/2018 10:42:00 AM,30,CLEAR,DAYLIGHT,FIXED OBJECT,T-INTERSECTION,TRAFFIC SIGNAL,UNABLE TO DETERMINE,UNABLE TO DETERMINE,0,0,3,3,10,7,4,2194,STONY ISLAND AVE,41.925153,-87.550947,04/28/2018 11:39:00 AM,2018
CR00010214,12/12/2022 03:58:00 PM,35,FOG/SMOKE/HAZE,DAYLIGHT,REAR END,FOUR WAY,NO CONTROLS,DRIVING SKILLS/KNOWLEDGE/EXPERIENCE,NOT APPLICABLE,0,0,0,0,15,2,12,2277,63RD ST,41.719598,-87.547896,12/12/2022 05:04:00 PM,2022
CR00010215,07/31/2017 04:26:00 PM,40,SNOW,DARKNESS,TURNING,ONE-WAY,STOP SIGN/FLASHER,IMPROPER LANE USAGE,NOT APPLICABLE,0,0,0,0,16,2,7,739,ROOSEVELT RD,41.867107,-87.697549,07/31/2017 06:22:00 PM,2017
CR00010216,01/27/2015 06:51:00 PM,15,RAIN,DAYLIGHT,SIDESWIPE SAME DIRECTION,ONE-WAY,TRAFFIC SIGNAL,UNABLE TO DETERMINE,UNABLE TO DETERMINE,0,0,0,0,18,3,1,245,CICERO AVE,41.897997,-87.680965,01/27/2015 08:50:00 PM,2015
CR00010217,04/25/2024 01:36:00 AM,20,CLEAR,DAYLIGHT,ANGLE,DIVIDED - W/MEDIAN (NOT RAISED),NO CONTROLS,FAILING TO YIELD RIGHT-OF-WAY,NOT APPLICABLE,0,0,0,0,1,5,4,1308,STONY ISLAND AVE,41.966797,-87.794579,04/25/2024 02:51:00 AM,2024
CR00010218,03/09/2022 08:14:00 PM,35,CLEAR,DAYLIGHT,REAR END,DIVIDED - W/MEDIAN (NOT RAISED),NO CONTROLS,UNABLE TO DETERMINE,NOT APPLICABLE,0,0,0,0,20,4,3,842,CALIFORNIA AVE,41.960971,-87.693531,03/09/2022 09:56:00 PM,2022
CR00010219,07/07/2016 08:00:00 AM,15,FREEZING RAIN/DRIZZLE,DARKNESS - LIGHTED ROAD,REAR END,ONE-WAY,UNKNOWN,IMPROPER OVERTAKING/PASSING,UNABLE TO DETERMINE,0,0,0,0,8,5,7,863,63RD ST,41.933024,-87.830357,07/07/2016 08:16:00 AM,2016
CR00010220,08/30/2018 07:38:00 PM,30,CLEAR,DAWN,SIDESWIPE SAME DIRECTION,DIVIDED - W/MEDIAN BARRIER,TRAFFIC SIGNAL,FOLLOWING TOO CLOSELY,FAILING TO YIELD RIGHT-OF-WAY,0,0,0,0,19,5,8,1704,63RD ST,41.762192,-87.738908,08/30/2018 09:35:00 PM,2018
CR00010221,01/06/2018 08:56:00 PM,15,CLEAR,DARKNESS,PEDESTRIAN,NOT DIVIDED,NO CONTROLS,FAILING TO YIELD RIGHT-OF-WAY,NOT APPLICABLE,0,0,0,0,20,7,1,2133,LAKE SHORE DR,41.714573,-87.617439,01/06/2018 10:19:00 PM,2018
CR00010222,10/28/2016 03:19:00 PM,40,CLEAR,DARKNESS - LIGHTED ROAD,ANGLE,DIVIDED - W/MEDIAN BARRIER,NO CONTROLS,UNABLE TO DETERMINE,FAILING TO YIELD RIGHT-OF-WAY,0,0,1,1,15,6,10,195,CLARK ST,41.916701,-87.609154,10/28/2016 04:16:00 PM,2016
CR00010223,05/23/2016 11:19:00 AM,45,CLEAR,DAYLIGHT,REAR END,DIVIDED - W/MEDIAN BARRIER,TRAFFIC SIGNAL,FAILING TO YIELD RIGHT-OF-WAY,UNABLE TO DETERMINE,0,0,0,0,11,2,5,883,79TH ST,41.716874,-87.514816,05/23/2016 12:02:00 PM,2016
CR00010224,06/22/2021 04:22:00 PM,30,RAIN,DAYLIGHT,SIDESWIPE SAME DIRECTION,NOT DIVIDED,TRAFFIC SIGNAL,UNABLE TO DETERMINE,DRIVING SKILLS/KNOWLEDGE/EXPERIENCE,0,0,0,0,16,3,6,206,HALSTED ST,41.79067,-87.66872,06/22/2021 06:01:00 PM,2021
CR00010225,02/24/2016 10:29:00 AM,30,CLEAR,DARKNESS - LIGHTED ROAD,SIDESWIPE SAME DIRECTION,NOT DIVIDED,STOP SIGN/FLASHER,FAILING TO YIELD RIGHT-OF-WAY,IMPROPER OVERTAKING/PASSING,0,0,3,3,10,4,2,493,BROADWAY,41.704357,-87.592104,02/24/2016 12:21:00 PM,2016
CR00010226,12/27/2018 07:00:00 AM,25,CLEAR,DAYLIGHT,REAR TO FRONT,DIVIDED - W/MEDIAN (NOT RAISED),NO CONTROLS,UNABLE TO DETERMINE,IMPROPER OVERTAKING/PASSING,0,0,0,0,7,5,12,1677,CALIFORNIA AVE,41.765678,-87.541447,12/27/2018 08:07:00 AM,2018
CR00010227,05/16/2023 08:28:00 AM,45,CLEAR,DAYLIGHT,REAR END,NOT DIVIDED,NO CONTROLS,DISTRACTION - FROM INSIDE VEHICLE,IMPROPER LANE USAGE,0,0,0,0,8,3,5,1121,PULASKI RD,41.931598,-87.646659,05/16/2023 09:17:00 AM,2023
CR00010228,06/08/2022 08:09:00 AM,30,CLEAR,DARKNESS - LIGHTED ROAD,TURNING,DIVIDED - W/MEDIAN (NOT RAISED),NO CONTROLS,UNABLE TO DETERMINE,FAILING TO REDUCE SPEED,0,0,0,0,8,4,6,1319,PULASKI RD,41.741276,-87.775274,06/08/2022 09:24:00 AM,2022
CR00010229,11/14/2018 03:19:00 PM,35,CLEAR,DAYLIGHT,REAR END,NOT DIVIDED,NO CONTROLS,FAILING TO YIELD RIGHT-OF-WAY,FOLLOWING TOO CLOSELY,0,0,0,0,15,4,11,2383,MILWAUKEE AVE,41.876703,-87.578054,11/14/2018 05:08:00 PM,2018
CR00010230,11/22/2020 01:48:00 AM,30,CLEAR,DARKNESS - LIGHTED ROAD,TURNING,ONE-WAY,NO CONTROLS,UNABLE TO DETERMINE,NOT APPLICABLE,0,0,0,0,1,1,11,695,DAMEN AVE,41.968649,-87.648131,11/22/2020 03:18:00 AM,2020
CR00010231,05/20/2018 06:10:00 PM,30,SNOW,DAYLIGHT,ANGLE,ONE-WAY,NO CONTROLS,FOLLOWING TOO CLOSELY,IMPROPER LANE USAGE,0,0,0,0,18,1,5,1558,ASHLAND AVE,41.819985,-87.520536,05/20/2018 06:24:00 PM,2018
CR00010232,07/25/2023 10:28:00 AM,15,CLEAR,DAYLIGHT,ANGLE,ONE-WAY,TRAFFIC SIGNAL,FOLLOWING TOO CLOSELY,FAILING TO REDUCE SPEED,0,0,0,0,10,3,7,199,79TH ST,41.97733,-87.82452,07/25/2023 11:37:00 AM,2023
CR00010233,07/14/2021 05:46:00 PM,25,SNOW,DARKNESS - LIGHTED ROAD,PARKED MOTOR VEHICLE,NOT DIVIDED,TRAFFIC SIGNAL,IMPROPER LANE USAGE,FOLLOWING TOO CLOSELY,0,0,0,0,17,4,7,547,IRVING PARK RD,41.915563,-87.569555,07/14/2021 07:16:00 PM,2021
CR00010234,01/07/2018 07:02:00 AM,35,CLEAR,DAYLIGHT,REAR END,NOT DIVIDED,PEDESTRIAN CROSSING SIGN,UNABLE TO DETERMINE,FAILING TO YIELD RIGHT-OF-WAY,0,0,0,0,7,1,1,898,LAKE SHORE DR,41.701523,-87.750131,01/07/2018 08:43:00 AM,2018
CR00010235,05/17/2022 06:31:00 AM,35,CLEAR,DARKNESS,PEDESTRIAN,NOT DIVIDED,NO CONTROLS,DISTRACTION - FROM INSIDE VEHICLE,UNABLE TO DETERMINE,0,0,0,0,6,3,5,1641,MICHIGAN AVE,41.743719,-87.593435,05/17/2022 08:31:00 AM,2022
CR00010236,01/26/2021 01:08:00 PM,20,CLEAR,DAYLIGHT,SIDESWIPE SAME DIRECTION,DIVIDED - W/MEDIAN (NOT RAISED),TRAFFIC SIGNAL,FAILING TO YIELD RIGHT-OF-WAY,IMPROPER OVERTAKING/PASSING,0,0,3,3,13,3,1,1185,PULASKI RD,41.807103,-87.664731,01/26/2021 03:08:00 PM,2021
CR00010237,03/05/2020 02:32:00 PM,35,CLEAR,DAYLIGHT,PEDESTRIAN,NOT DIVIDED,TRAFFIC SIGNAL,FOLLOWING TOO CLOSELY,NOT APPLICABLE,0,0,0,0,14,5,3,1214,IRVING PARK RD,41.727393,-87.839238,03/05/2020 02:54:00 PM,2020
CR00010238,11/13/2022 11:02:00 AM,25,CLEAR,DARKNESS - LIGHTED ROAD,REAR TO FRONT,FOUR WAY,NO CONTROLS,UNABLE TO DETERMINE,NOT APPLICABLE,0,0,1,1,11,1,11,1989,IRVING PARK RD,41.810465,-87.675859,11/13/2022 11:46:00 AM,2022
CR00010239,05/19/2022 10:33:00 AM,30,CLEAR,DAYLIGHT,TURNING,NOT DIVIDED,STOP SIGN/FLASHER,IMPROPER LANE USAGE,UNABLE TO DETERMINE,0,0,1,1,10,5,5,560,47TH ST,41.765838,-87.664174,05/19/2022 12:07:00 PM,2022
CR00010240,06/08/2020 08:36:00 PM,35,CLEAR,DAYLIGHT,SIDESWIPE SAME DIRECTION,DIVIDED - W/MEDIAN (NOT RAISED),STOP SIGN/FLASHER,UNABLE TO DETERMINE,UNABLE TO DETERMINE,0,0,0,0,20,2,6,2030,79TH ST,41.848564,-87.543928,06/08/2020 09:02:00 PM,2020
CR00010241,05/18/2024 07:37:00 AM,25,RAIN,DARKNESS - LIGHTED ROAD,TURNING,ONE-WAY,TRAFFIC SIGNAL,UNABLE TO DETERMINE,WEATHER,0,0,0,0,7,7,5,1227,BROADWAY,41.73838,-87.544218,05/18/2024 09:34:00 AM,2024
CR00010242,10/30/2019 02:39:00 PM,35,SNOW,DAYLIGHT,TURNING,NOT DIVIDED,STOP SIGN/FLASHER,UNABLE TO DETERMINE,DISTRACTION - FROM INSIDE VEHICLE,0,0,0,0,14,4,10,1465,BROADWAY,41.957862,-87.747676,10/30/2019 02:48:00 PM,2019
CR00010243,08/17/2015 01:12:00 AM,45,CLEAR,DARKNESS - LIGHTED ROAD,PARKED MOTOR VEHICLE,NOT DIVIDED,TRAFFIC SIGNAL,UNABLE TO DETERMINE,DISREGARDING TRAFFIC SIGNALS,0,0,0,0,1,2,8,2162,LAKE SHORE DR,41.854,-87.634438,08/17/2015 01:33:00 AM,2015
CR00010244,02/16/2023 08:56:00 PM,40,CLEAR,DAYLIGHT,TURNING,DIVIDED - W/MEDIAN (NOT RAISED),NO CONTROLS,DISTRACTION - FROM INSIDE VEHICLE,FAILING TO REDUCE SPEED,0,0,1,1,20,5,2,931,STONY ISLAND AVE,41.960635,-87.588468,02/16/2023 10:01:00 PM,2023
CR00010245,02/17/2021 08:52:00 AM,30,CLEAR,DAYLIGHT,SIDESWIPE SAME DIRECTION,NOT DIVIDED,NO CONTROLS,UNABLE TO DETERMINE,UNABLE TO DETERMINE,0,0,0,0,8,4,2,1030,BROADWAY,41.778741,-87.591836,02/17/2021 09:17:00 AM,2021
CR00010246,07/14/2020 07:07:00 AM,25,CLOUDY/OVERCAST,DAYLIGHT,REAR END,DIVIDED - W/MEDIAN (NOT RAISED),NO CONTROLS,DISTRACTION - FROM INSIDE VEHICLE,FAILING TO REDUCE SPEED,0,0,1,1,7,3,7,961,ARCHER AVE,41.785863,-87.57205,07/14/2020 07:20:00 AM,2020
CR00010247,06/05/2019 11:48:00 PM,45,RAIN,DARKNESS - LIGHTED ROAD,PARKED MOTOR VEHICLE,DIVIDED - W/MEDIAN (NOT RAISED),NO CONTROLS,DISTRACTION - FROM INSIDE VEHICLE,NOT APPLICABLE,0,0,0,0,23,4,6,1946,STONY ISLAND AVE,41.911144,-87.623693,06/06/2019 01:16:00 AM,2019
CR00010248,05/14/2017 09:15:00 AM,30,CLEAR,DAYLIGHT,PARKED MOTOR VEHICLE,DIVIDED - W/MEDIAN (NOT RAISED),TRAFFIC SIGNAL,FAILING TO YIELD RIGHT-OF-WAY,DISREGARDING TRAFFIC SIGNALS,0,0,1,1,9,1,5,1817,CICERO AVE,41.965305,-87.748525,05/14/2017 10:44:00 AM,2017
CR00010249,08/30/2015 05:01:00 PM,20,SNOW,DAYLIGHT,TURNING,NOT DIVIDED,YIELD,UNABLE TO DETERMINE,DISTRACTION - FROM INSIDE VEHICLE,0,0,0,0,17,1,8,2520,ARCHER AVE,41.974085,-87.71277,08/30/2015 05:10:00 PM,2015
CR00010250,08/21/2018 01:56:00 PM,35,CLEAR,DARKNESS - LIGHTED ROAD,REAR TO FRONT,NOT DIVIDED,STOP SIGN/FLASHER,IMPROPER OVERTAKING/PASSING,FAILING TO YIELD RIGHT-OF-WAY,0,0,0,0,13,3,8,622,CALIFORNIA AVE,41.778032,-87.602036,08/21/2018 03:56:00 PM,2018
CR00010251,02/19/2018 03:40:00 PM,35,CLEAR,DAYLIGHT,REAR END,T-INTERSECTION,NO CONTROLS,IMPROPER LANE USAGE,UNABLE TO DETERMINE,0,0,0,0,15,2,2,174,WESTERN AVE,41.753416,-87.812107,02/19/2018 04:20:00 PM,2018
CR00010252,05/04/2016 03:04:00 PM,40,CLEAR,DAYLIGHT,PARKED MOTOR VEHICLE,T-INTERSECTION,STOP SIGN/FLASHER,DISTRACTION - FROM INSIDE VEHICLE,UNABLE TO DETERMINE,0,0,3,3,15,4,5,571,MICHIGAN AVE,41.742925,-87.804046,05/04/2016 04:52:00 PM,2016
CR00010253,12/15/2017 09:40:00 PM,35,CLEAR,DAYLIGHT,REAR END,NOT DIVIDED,NO CONTROLS,FOLLOWING TOO CLOSELY,FAILING TO YIELD RIGHT-OF-WAY,0,0,0,0,21,6,12,1278,ARCHER AVE,41.873444,-87.778762,12/15/2017 09:56:00 PM,2017
CR00010254,07/01/2017 12:10:00 PM,25,CLEAR,DAYLIGHT,REAR END,NOT DIVIDED,TRAFFIC SIGNAL,FOLLOWING TOO CLOSELY,FAILING TO REDUCE SPEED,0,0,0,0,12,7,7,2033,MICHIGAN AVE,41.988997,-87.788004,07/01/2017 01:35:00 PM,2017
CR00010255,08/23/2015 08:39:00 AM,30,CLEAR,DAYLIGHT,ANGLE,DIVIDED - W/MEDIAN (NOT RAISED),UNKNOWN,UNABLE TO DETERMINE,DRIVING SKILLS/KNOWLEDGE/EXPERIENCE,0,1,1,2,8,1,8,891,HALSTED ST,41.731465,-87.614137,08/23/2015 08:54:00 AM,2015
CR00010256,06/30/2024 11:40:00 AM,20,FOG/SMOKE/HAZE,DUSK,TURNING,NOT DIVIDED,NO CONTROLS,UNABLE TO DETERMINE,DISTRACTION - FROM INSIDE VEHICLE,0,2,0,2,11,1,6,1343,ROOSEVELT RD,41.752801,-87.525677,06/30/2024 12:06:00 PM,2024
CR00010257,05/10/2024 02:34:00 AM,35,CLEAR,DAYLIGHT,REAR END,DIVIDED - W/MEDIAN BARRIER,NO CONTROLS,DISTRACTION - FROM INSIDE VEHICLE,UNABLE TO DETERMINE,0,0,0,0,2,6,5,972,MICHIGAN AVE,41.905991,-87.616997,05/10/2024 04:06:00 AM,2024
CR00010258,07/21/2015 07:07:00 AM,25,FREEZING RAIN/DRIZZLE,DAYLIGHT,REAR END,NOT DIVIDED,NO CONTROLS,UNABLE TO DETERMINE,FOLLOWING TOO CLOSELY,0,0,0,0,7,3,7,2294,STATE ST,41.926547,-87.52482,07/21/2015 08:17:00 AM,2015
CR00010259,08/09/2015 12:44:00 AM,40,RAIN,DAYLIGHT,ANGLE,ONE-WAY,TRAFFIC SIGNAL,UNABLE TO DETERMINE,DISTRACTION - FROM INSIDE VEHICLE,0,0,0,0,0,1,8,1396,PULASKI RD,41.991911,-87.791577,08/09/2015 02:23:00 AM,2015
CR00010260,05/04/2015 08:35:00 AM,15,CLEAR,DARKNESS - LIGHTED ROAD,REAR TO FRONT,DIVIDED - W/MEDIAN (NOT RAISED),NO CONTROLS,DRIVING SKILLS/KNOWLEDGE/EXPERIENCE,FOLLOWING TOO CLOSELY,0,0,2,2,8,2,5,2308,LAKE SHORE DR,41.946325,-87.801632,05/04/2015 10:28:00 AM,2015
CR00010261,11/09/2024 07:32:00 AM,40,CLEAR,DARKNESS - LIGHTED ROAD,REAR END,NOT DIVIDED,STOP SIGN/FLASHER,UNABLE TO DETERMINE,DRIVING SKILLS/KNOWLEDGE/EXPERIENCE,0,0,1,1,7,7,11,758,ASHLAND AVE,41.913762,-87.553929,11/09/2024 09:20:00 AM,2024
CR00010262,10/01/2020 04:40:00 PM,40,CLEAR,DAYLIGHT,TURNING,FOUR WAY,NO CONTROLS,UNABLE TO DETERMINE,UNABLE TO DETERMINE,0,0,0,0,16,5,10,847,FULLERTON AVE,41.74688,-87.512561,10/01/2020 05:00:00 PM,2020
CR00010263,11/16/2016 07:35:00 PM,30,FREEZING RAIN/DRIZZLE,DAYLIGHT,ANGLE,NOT DIVIDED,NO CONTROLS,FAILING TO REDUCE SPEED,UNABLE TO DETERMINE,0,0,0,0,19,4,11,1684,DAMEN AVE,41.954,-87.786684,11/16/2016 08:58:00 PM,2016
CR00010264,10/01/2017 04:11:00 PM,30,RAIN,DARKNESS - LIGHTED ROAD,REAR END,DIVIDED - W/MEDIAN (NOT RAISED),STOP SIGN/FLASHER,UNABLE TO DETERMINE,DRIVING SKILLS/KNOWLEDGE/EXPERIENCE,0,2,1,3,16,1,10,1484,ARCHER AVE,41.76764,-87.849369,10/01/2017 04:32:00 PM,2017
CR00010265,03/28/2023 08:32:00 AM,35,CLOUDY/OVERCAST,DAYLIGHT,SIDESWIPE SAME DIRECTION,DIVIDED - W/MEDIAN BARRIER,TRAFFIC SIGNAL,FOLLOWING TOO CLOSELY,NOT APPLICABLE,0,1,2,3,8,3,3,832,ARCHER AVE,41.806252,-87.724321,03/28/2023 09:21:00 AM,2023
CR00010266,03/18/2018 03:24:00 PM,30,CLEAR,DAYLIGHT,REAR END,FOUR WAY,TRAFFIC SIGNAL,IMPROPER OVERTAKING/PASSING,FAILING TO YIELD RIGHT-OF-WAY,0,0,0,0,15,1,3,683,ELSTON AVE,41.838777,-87.723385,03/18/2018 05:16:00 PM,2018
CR00010267,04/12/2015 03:37:00 PM,20,CLEAR,DAYLIGHT,PARKED MOTOR VEHICLE,NOT DIVIDED,NO CONTROLS,FOLLOWING TOO CLOSELY,DRIVING SKILLS/KNOWLEDGE/EXPERIENCE,0,0,0,0,15,1,4,125,WESTERN AVE,41.721781,-87.617183,04/12/2015 03:56:00 PM,2015
CR00010268,09/23/2015 08:27:00 AM,25,CLEAR,DARKNESS - LIGHTED ROAD,FIXED OBJECT,DIVIDED - W/MEDIAN (NOT RAISED),TRAFFIC SIGNAL,UNABLE TO DETERMINE,DRIVING SKILLS/KNOWLEDGE/EXPERIENCE,0,0,0,0,8,4,9,412,LAKE SHORE DR,41.814509,-87.688473,09/23/2015 09:56:00 AM,2015
CR00010269,11/05/2015 08:49:00 AM,35,CLEAR,DAYLIGHT,ANGLE,DIVIDED - W/MEDIAN (NOT RAISED),TRAFFIC SIGNAL,FAILING TO YIELD RIGHT-OF-WAY,FOLLOWING TOO CLOSELY,0,0,0,0,8,5,11,1675,DIVISION ST,41.734154,-87.647297,11/05/2015 09:50:00 AM,2015
CR00010270,02/14/2018 08:50:00 AM,45,CLOUDY/OVERCAST,DARKNESS,SIDESWIPE SAME DIRECTION,FOUR WAY,STOP SIGN/FLASHER,DRIVING SKILLS/KNOWLEDGE/EXPERIENCE,FOLLOWING TOO CLOSELY,0,2,0,2,8,4,2,2018,79TH ST,41.715516,-87.505293,02/14/2018 09:09:00 AM,2018
CR00010271,04/12/2017 08:50:00 AM,35,CLEAR,DARKNESS - LIGHTED ROAD,TURNING,ONE-WAY,TRAFFIC SIGNAL,FOLLOWING TOO CLOSELY,FAILING TO REDUCE SPEED,0,1,3,4,8,4,4,1711,DAMEN AVE,41.765817,-87.660324,04/12/2017 08:55:00 AM,2017
CR00010272,12/12/2015 06:52:00 PM,40,CLEAR,DARKNESS - LIGHTED ROAD,ANGLE,NOT DIVIDED,NO CONTROLS,FOLLOWING TOO CLOSELY,IMPROPER LANE USAGE,0,0,0,0,18,7,12,2429,CALIFORNIA AVE,41.89526,-87.807141,12/12/2015 08:28:00 PM,2015
CR00010273,04/18/2019 09:38:00 AM,35,CLEAR,DARKNESS - LIGHTED ROAD,REAR END,ONE-WAY,TRAFFIC SIGNAL,FOLLOWING TOO CLOSELY,UNABLE TO DETERMINE,0,0,0,0,9,5,4,439,HALSTED ST,41.804892,-87.716495,04/18/2019 10:19:00 AM,2019
CR00010274,07/02/2020 08:00:00 PM,45,CLEAR,DUSK,TURNING,DIVIDED - W/MEDIAN (NOT RAISED),TRAFFIC SIGNAL,FAILING TO YIELD RIGHT-OF-WAY,UNABLE TO DETERMINE,0,0,0,0,20,5,7,774,CLARK ST,41.904345,-87.661487,07/02/2020 08:52:00 PM,2020
CR00010275,10/15/2015 04:41:00 PM,30,FOG/SMOKE/HAZE,DAYLIGHT,ANGLE,NOT DIVIDED,TRAFFIC SIGNAL,FOLLOWING TOO CLOSELY,IMPROPER LANE USAGE,0,0,0,0,16,5,10,526,ROOSEVELT RD,41.713213,-87.660765,10/15/2015 06:23:00 PM,2015
CR00010276,12/23/2018 06:37:00 PM,35,CLEAR,DARKNESS,SIDESWIPE SAME DIRECTION,NOT DIVIDED,NO CONTROLS,FOLLOWING TOO CLOSELY,UNABLE TO DETERMINE,0,0,0,0,18,1,12,638,WESTERN AVE,41.712557,-87.809469,12/23/2018 08:30:00 PM,2018
CR00010277,05/23/2021 05:24:00 PM,30,RAIN,DAWN,ANGLE,NOT DIVIDED,NO CONTROLS,DRIVING SKILLS/KNOWLEDGE/EXPERIENCE,DRIVING SKILLS/KNOWLEDGE/EXPERIENCE,0,0,0,0,17,1,5,473,63RD ST,41.899518,-87.625428,05/23/2021 06:32:00 PM,2021
CR00010278,10/02/2015 09:35:00 AM,35,FOG/SMOKE/HAZE,DARKNESS - LIGHTED ROAD,SIDESWIPE SAME DIRECTION,NOT DIVIDED,STOP SIGN/FLASHER,FAILING TO YIELD RIGHT-OF-WAY,UNABLE TO DETERMINE,0,0,2,2,9,6,10,1193,HALSTED ST,41.788976,-87.731741,10/02/2015 10:00:00 AM,2015
CR00010279,05/24/2023 10:06:00 AM,25,CLEAR,DAYLIGHT,ANGLE,NOT DIVIDED,TRAFFIC SIGNAL,FOLLOWING TOO CLOSELY,FAILING TO YIELD RIGHT-OF-WAY,0,0,1,1,10,4,5,2361,MICHIGAN AVE,41.849337,-87.788854,05/24/2023 11:57:00 AM,2023
CR00010280,04/16/2022 02:28:00 PM,35,CLEAR,DAYLIGHT,ANGLE,DIVIDED - W/MEDIAN (NOT RAISED),NO CONTROLS,DISTRACTION - FROM INSIDE VEHICLE,DRIVING SKILLS/KNOWLEDGE/EXPERIENCE,0,0,0,0,14,7,4,1571,MILWAUKEE AVE,41.888467,-87.752963,04/16/2022 04:19:00 PM,2022
CR00010281,11/12/2020 08:25:00 PM,30,CLEAR,DAYLIGHT,PEDESTRIAN,ONE-WAY,TRAFFIC SIGNAL,IMPROPER OVERTAKING/PASSING,FAILING TO YIELD RIGHT-OF-WAY,0,0,0,0,20,5,11,308,KEDZIE AVE,41.756448,-87.553574,11/12/2020 09:20:00 PM,2020
CR00010282,01/28/2023 11:26:00 AM,35,CLOUDY/OVERCAST,DAYLIGHT,ANGLE,DIVIDED - W/MEDIAN (NOT RAISED),NO CONTROLS,FOLLOWING TOO CLOSELY,FOLLOWING TOO CLOSELY,0,0,2,2,11,7,1,2382,MILWAUKEE AVE,41.944319,-87.689767,01/28/2023 11:44:00 AM,2023
CR00010283,06/26/2021 02:26:00 PM,30,CLOUDY/OVERCAST,DARKNESS - LIGHTED ROAD,REAR TO FRONT,ONE-WAY,TRAFFIC SIGNAL,FAILING TO YIELD RIGHT-OF-WAY,FAILING TO YIELD RIGHT-OF-WAY,0,0,0,0,14,7,6,177,ROOSEVELT RD,41.771814,-87.543953,06/26/2021 04:08:00 PM,2021
CR00010284,04/08/2024 06:09:00 PM,45,RAIN,DAYLIGHT,ANGLE,DIVIDED - W/MEDIAN (NOT RAISED),STOP SIGN/FLASHER,IMPROPER OVERTAKING/PASSING,FAILING TO REDUCE SPEED,0,0,0,0,18,2,4,930,STONY ISLAND AVE,41.866419,-87.614074,04/08/2024 06:43:00 PM,2024
CR00010285,06/14/2024 12:39:00 AM,40,RAIN,DARKNESS - LIGHTED ROAD,SIDESWIPE SAME DIRECTION,DIVIDED - W/MEDIAN (NOT RAISED),NO CONTROLS,DRIVING SKILLS/KNOWLEDGE/EXPERIENCE,DISTRACTION - FROM INSIDE VEHICLE,0,0,0,0,0,6,6,1361,CALIFORNIA AVE,41.763052,-87.683351,06/14/2024 01:29:00 AM,2024
CR00010286,05/13/2021 04:26:00 AM,25,CLEAR,DAYLIGHT,REAR TO FRONT,FOUR WAY,TRAFFIC SIGNAL,UNABLE TO DETERMINE,IMPROPER LANE USAGE,0,0,0,0,4,5,5,1626,ASHLAND AVE,41.727432,-87.65884,05/13/2021 05:29:00 AM,2021
CR00010287,10/09/2023 01:25:00 AM,20,CLEAR,DARKNESS - LIGHTED ROAD,SIDESWIPE SAME DIRECTION,DIVIDED - W/MEDIAN (NOT RAISED),NO CONTROLS,UNABLE TO DETERMINE,DISTRACTION - FROM INSIDE VEHICLE,0,0,0,0,1,2,10,117,STATE ST,41.796426,-87.825482,10/09/2023 02:52:00 AM,2023
CR00010288,09/23/2016 10:13:00 AM,30,CLEAR,DARKNESS - LIGHTED ROAD,REAR END,NOT DIVIDED,TRAFFIC SIGNAL,IMPROPER OVERTAKING/PASSING,DRIVING SKILLS/KNOWLEDGE/EXPERIENCE,0,0,0,0,10,6,9,2138,STONY ISLAND AVE,41.979761,-87.656773,09/23/2016 10:27:00 AM,2016
CR00010289,04/28/2015 11:02:00 AM,30,CLEAR,DAYLIGHT,TURNING,ONE-WAY,STOP SIGN/FLASHER,UNABLE TO DETERMINE,FAILING TO REDUCE SPEED,0,0,1,1,11,3,4,1549,WESTERN AVE,41.896958,-87.623181,04/28/2015 11:06:00 AM,2015
CR00010290,06/23/2023 02:54:00 PM,40,CLEAR,DAYLIGHT,ANGLE,NOT DIVIDED,UNKNOWN,FOLLOWING TOO CLOSELY,FAILING TO REDUCE SPEED,0,0,0,0,14,6,6,2295,LAKE SHORE DR,41.991601,-87.82964,06/23/2023 03:53:00 PM,2023
CR00010291,04/21/2019 10:44:00 PM,30,CLEAR,DAYLIGHT,ANGLE,FOUR WAY,TRAFFIC SIGNAL,IMPROPER LANE USAGE,WEATHER,0,0,0,0,22,1,4,2010,FULLERTON AVE,41.948535,-87.837467,04/21/2019 10:53:00 PM,2019
CR00010292,11/17/2015 07:59:00 AM,15,CLEAR,DAWN,TURNING,DIVIDED - W/MEDIAN (NOT RAISED),NO CONTROLS,UNABLE TO DETERMINE,WEATHER,0,0,0,0,7,3,11,353,OGDEN AVE,41.963659,-87.556215,11/17/2015 08:30:00 AM,2015
CR00010293,03/04/2021 07:40:00 PM,35,RAIN,DAYLIGHT,REAR END,DIVIDED - W/MEDIAN (NOT RAISED),YIELD,FAILING TO REDUCE SPEED,IMPROPER OVERTAKING/PASSING,0,0,0,0,19,5,3,854,BROADWAY,41.873871,-87.765706,03/04/2021 09:22:00 PM,2021