CRASH_RECORD_ID,CRASH_DATE,POSTED_SPEED_LIMIT,WEATHER_CONDITION,LIGHTING_CONDITION,FIRST_CRASH_TYPE,TRAFFICWAY_TYPE,TRAFFIC_CONTROL_DEVICE,PRIM_CONTRIBUTORY_CAUSE,SEC_CONTRIBUTORY_CAUSE,INJURIES_FATAL,INJURIES_INCAPACITATING,INJURIES_NON_INCAPACITATING,INJURIES_TOTAL,CRASH_HOUR,CRASH_DAY_OF_WEEK,CRASH_MONTH,BEAT_OF_OCCURRENCE,STREET_NAME,LATITUDE,LONGITUDE,DATE_POLICE_NOTIFIED,year
CR00010294,01/12/2021 02:56:00 PM,15,CLEAR,DAYLIGHT,SIDESWIPE SAME DIRECTION,T-INTERSECTION,TRAFFIC SIGNAL,UNABLE TO DETERMINE,FAILING TO YIELD RIGHT-OF-WAY,0,1,3,4,14,3,1,669,WESTERN AVE,41.75756,-87.529797,01/12/2021 03:20:00 PM,2021
CR00010295,06/22/2024 08:31:00 AM,30,CLEAR,DARKNESS - LIGHTED ROAD,TURNING,FOUR WAY,NO CONTROLS,FOLLOWING TOO CLOSELY,UNABLE TO DETERMINE,0,0,0,0,8,7,6,1782,ARCHER AVE,41.723612,-87.815703,06/22/2024 10:14:00 AM,2024
CR00010296,07/10/2019 03:02:00 PM,35,CLEAR,DAYLIGHT,PARKED MOTOR VEHICLE,ONE-WAY,NO CONTROLS,DISTRACTION - FROM INSIDE VEHICLE,UNABLE TO DETERMINE,0,0,0,0,15,4,7,1051,KEDZIE AVE,41.859917,-87.672715,07/10/2019 03:28:00 PM,2019
CR00010297,03/16/2024 08:43:00 PM,30,FREEZING RAIN/DRIZZLE,DARKNESS,REAR END,DIVIDED - W/MEDIAN (NOT RAISED),TRAFFIC SIGNAL,DISREGARDING TRAFFIC SIGNALS,DISTRACTION - FROM INSIDE VEHICLE,0,0,0,0,20,7,3,436,ASHLAND AVE,41.737237,-87.743375,03/16/2024 09:15:00 PM,2024
CR00010298,04/26/2024 03:25:00 PM,30,RAIN,DARKNESS - LIGHTED ROAD,TURNING,T-INTERSECTION,NO CONTROLS,FOLLOWING TOO CLOSELY,UNABLE TO DETERMINE,0,0,0,0,15,6,4,605,DIVISION ST,41.777299,-87.663314,04/26/2024 04:16:00 PM,2024
CR00010299,02/17/2020 07:50:00 AM,35,CLEAR,DAYLIGHT,REAR END,FOUR WAY,NO CONTROLS,FOLLOWING TOO CLOSELY,IMPROPER LANE USAGE,0,0,0,0,7,2,2,543,ASHLAND AVE,41.777999,-87.599087,02/17/2020 08:33:00 AM,2020
CR00010300,03/25/2015 03:16:00 AM,15,CLEAR,DAYLIGHT,PARKED MOTOR VEHICLE,DIVIDED - W/MEDIAN BARRIER,STOP SIGN/FLASHER,IMPROPER LANE USAGE,UNABLE TO DETERMINE,0,0,0,0,3,4,3,1052,CLARK ST,41.80834,-87.616816,03/25/2015 04:50:00 AM,2015
CR00010301,01/04/2017 03:14:00 PM,25,CLEAR,DARKNESS - LIGHTED ROAD,REAR TO FRONT,DIVIDED - W/MEDIAN BARRIER,TRAFFIC SIGNAL,FAILING TO YIELD RIGHT-OF-WAY,WEATHER,0,0,0,0,15,4,1,821,HALSTED ST,41.990091,-87.839207,01/04/2017 04:15:00 PM,2017
CR00010302,11/01/2021 07:48:00 AM,20,RAIN,DAYLIGHT,PARKED MOTOR VEHICLE,NOT DIVIDED,NO CONTROLS,UNABLE TO DETERMINE,UNABLE TO DETERMINE,0,0,0,0,7,2,11,1415,MICHIGAN AVE,41.931798,-87.728851,11/01/2021 08:36:00 AM,2021
CR00010303,08/27/2019 01:55:00 PM,30,CLEAR,DARKNESS - LIGHTED ROAD,FIXED OBJECT,DIVIDED - W/MEDIAN BARRIER,TRAFFIC SIGNAL,FAILING TO YIELD RIGHT-OF-WAY,FOLLOWING TOO CLOSELY,0,0,0,0,13,3,8,1441,DAMEN AVE,41.983803,-87.750395,08/27/2019 03:12:00 PM,2019
CR00010304,08/20/2023 06:37:00 PM,45,CLEAR,DAYLIGHT,SIDESWIPE SAME DIRECTION,DIVIDED - W/MEDIAN (NOT RAISED),NO CONTROLS,FAILING TO YIELD RIGHT-OF-WAY,NOT APPLICABLE,0,1,1,2,18,1,8,1021,MILWAUKEE AVE,41.824756,-87.813558,08/20/2023 08:15:00 PM,2023
CR00010305,06/03/2020 12:50:00 AM,30,CLEAR,DAWN,REAR END,NOT DIVIDED,TRAFFIC SIGNAL,FAILING TO REDUCE SPEED,IMPROPER OVERTAKING/PASSING,0,0,0,0,0,4,6,1756,LAKE SHORE DR,41.713312,-87.697949,06/03/2020 02:43:00 AM,2020
CR00010306,02/23/2017 07:11:00 PM,15,RAIN,DAYLIGHT,TURNING,ONE-WAY,STOP SIGN/FLASHER,UNABLE TO DETERMINE,NOT APPLICABLE,0,0,0,0,19,5,2,521,FULLERTON AVE,41.936361,-87.564567,02/23/2017 07:37:00 PM,2017
CR00010307,04/26/2016 06:34:00 PM,25,CLEAR,DARKNESS - LIGHTED ROAD,ANGLE,DIVIDED - W/MEDIAN BARRIER,TRAFFIC SIGNAL,DRIVING SKILLS/KNOWLEDGE/EXPERIENCE,UNABLE TO DETERMINE,0,0,0,0,18,3,4,1280,47TH ST,41.763903,-87.834819,04/26/2016 07:57:00 PM,2016
CR00010308,04/25/2021 04:59:00 PM,35,FOG/SMOKE/HAZE,DARKNESS - LIGHTED ROAD,REAR TO FRONT,DIVIDED - W/MEDIAN BARRIER,NO CONTROLS,UNABLE TO DETERMINE,FAILING TO YIELD RIGHT-OF-WAY,0,0,0,0,16,1,4,2457,DAMEN AVE,41.795926,-87.617081,04/25/2021 06:53:00 PM,2021
CR00010309,06/01/2017 11:33:00 AM,20,CLEAR,DAYLIGHT,FIXED OBJECT,DIVIDED - W/MEDIAN (NOT RAISED),STOP SIGN/FLASHER,UNABLE TO DETERMINE,UNABLE TO DETERMINE,0,0,0,0,11,5,6,240,ROOSEVELT RD,41.756685,-87.816002,06/01/2017 01:20:00 PM,2017
CR00010310,09/01/2018 03:08:00 PM,20,CLOUDY/OVERCAST,DAYLIGHT,REAR END,DIVIDED - W/MEDIAN (NOT RAISED),TRAFFIC SIGNAL,IMPROPER LANE USAGE,DISTRACTION - FROM INSIDE VEHICLE,0,0,1,1,15,7,9,1582,MICHIGAN AVE,41.946181,-87.578688,09/01/2018 03:36:00 PM,2018
CR00010311,11/16/2016 06:14:00 PM,30,CLEAR,DARKNESS - LIGHTED ROAD,REAR TO FRONT,NOT DIVIDED,TRAFFIC SIGNAL,DRIVING SKILLS/KNOWLEDGE/EXPERIENCE,UNABLE TO DETERMINE,0,0,1,1,18,4,11,275,WESTERN AVE,41.809871,-87.594368,11/16/2016 07:05:00 PM,2016
CR00010312,12/13/2019 05:05:00 PM,20,CLEAR,DAYLIGHT,PARKED MOTOR VEHICLE,NOT DIVIDED,STOP SIGN/FLASHER,IMPROPER OVERTAKING/PASSING,FAILING TO YIELD RIGHT-OF-WAY,0,0,0,0,17,6,12,2009,ELSTON AVE,41.98534,-87.531141,12/13/2019 06:02:00 PM,2019
CR00010313,11/28/2015 12:31:00 AM,25,CLEAR,DAYLIGHT,PARKED MOTOR VEHICLE,DIVIDED - W/MEDIAN (NOT RAISED),STOP SIGN/FLASHER,UNABLE TO DETERMINE,NOT APPLICABLE,0,0,0,0,0,7,11,2054,STATE ST,41.805487,-87.644399,11/28/2015 12:32:00 AM,2015
CR00010314,06/20/2021 08:25:00 AM,30,CLEAR,DAYLIGHT,TURNING,DIVIDED - W/MEDIAN (NOT RAISED),STOP SIGN/FLASHER,IMPROPER OVERTAKING/PASSING,DISREGARDING TRAFFIC SIGNALS,0,0,1,1,8,1,6,2274,ELSTON AVE,41.926779,-87.552513,06/20/2021 09:30:00 AM,2021
CR00010315,09/19/2019 07:39:00 AM,25,CLEAR,DUSK,FIXED OBJECT,ONE-WAY,NO CONTROLS,DRIVING SKILLS/KNOWLEDGE/EXPERIENCE,DISREGARDING TRAFFIC SIGNALS,0,0,0,0,7,5,9,2066,DAMEN AVE,41.799069,-87.519307,09/19/2019 09:25:00 AM,2019
CR00010316,03/21/2022 07:52:00 AM,25,CLOUDY/OVERCAST,DAYLIGHT,ANGLE,NOT DIVIDED,NO CONTROLS,UNABLE TO DETERMINE,FAILING TO YIELD RIGHT-OF-WAY,0,0,0,0,7,2,3,1269,47TH ST,41.739387,-87.640413,03/21/2022 08:24:00 AM,2022
CR00010317,08/12/2018 06:52:00 PM,15,CLEAR,DARKNESS - LIGHTED ROAD,REAR TO FRONT,NOT DIVIDED,TRAFFIC SIGNAL,DISTRACTION - FROM INSIDE VEHICLE,NOT APPLICABLE,0,0,0,0,18,1,8,1753,IRVING PARK RD,41.763024,-87.783209,08/12/2018 08:44:00 PM,2018
CR00010318,11/26/2019 07:35:00 AM,30,CLEAR,DAYLIGHT,PARKED MOTOR VEHICLE,NOT DIVIDED,TRAFFIC SIGNAL,UNABLE TO DETERMINE,NOT APPLICABLE,0,0,1,1,7,3,11,2426,PULASKI RD,41.787341,-87.849537,11/26/2019 08:38:00 AM,2019
CR00010319,12/10/2021 11:49:00 AM,20,RAIN,DAYLIGHT,REAR TO FRONT,T-INTERSECTION,STOP SIGN/FLASHER,DISREGARDING TRAFFIC SIGNALS,FOLLOWING TOO CLOSELY,0,0,0,0,11,6,12,2139,ASHLAND AVE,41.749727,-87.555083,12/10/2021 12:06:00 PM,2021
CR00010320,08/28/2023 10:10:00 PM,35,CLEAR,DAYLIGHT,PEDESTRIAN,ONE-WAY,NO CONTROLS,UNABLE TO DETERMINE,WEATHER,0,0,0,0,22,2,8,1881,LAKE SHORE DR,41.752867,-87.502984,08/28/2023 11:02:00 PM,2023
CR00010321,01/10/2023 06:09:00 PM,15,CLEAR,DARKNESS - LIGHTED ROAD,TURNING,NOT DIVIDED,TRAFFIC SIGNAL,FAILING TO REDUCE SPEED,UNABLE TO DETERMINE,0,0,0,0,18,3,1,2516,63RD ST,41.854573,-87.615645,01/10/2023 07:44:00 PM,2023
CR00010322,06/20/2021 06:41:00 PM,35,CLEAR,DAYLIGHT,TURNING,NOT DIVIDED,STOP SIGN/FLASHER,UNABLE TO DETERMINE,UNABLE TO DETERMINE,0,0,0,0,18,1,6,1576,ROOSEVELT RD,41.736649,-87.78314,06/20/2021 07:18:00 PM,2021
CR00010323,06/20/2019 07:08:00 PM,20,CLEAR,DAYLIGHT,TURNING,NOT DIVIDED,TRAFFIC SIGNAL,IMPROPER LANE USAGE,DRIVING SKILLS/KNOWLEDGE/EXPERIENCE,0,0,0,0,19,5,6,2422,ASHLAND AVE,41.760994,-87.847072,06/20/2019 08:25:00 PM,2019
CR00010324,12/21/2016 06:15:00 PM,35,CLOUDY/OVERCAST,DAYLIGHT,ANGLE,NOT DIVIDED,TRAFFIC SIGNAL,FOLLOWING TOO CLOSELY,FAILING TO REDUCE SPEED,0,0,0,0,18,4,12,1240,DIVISION ST,41.707449,-87.769765,12/21/2016 07:01:00 PM,2016
CR00010325,05/08/2024 07:46:00 PM,15,RAIN,DAYLIGHT,TURNING,NOT DIVIDED,TRAFFIC SIGNAL,UNABLE TO DETERMINE,UNABLE TO DETERMINE,0,0,1,1,19,4,5,2283,WESTERN AVE,41.913262,-87.84546,05/08/2024 08:10:00 PM,2024
CR00010326,08/31/2024 05:43:00 PM,20,CLOUDY/OVERCAST,DAYLIGHT,SIDESWIPE SAME DIRECTION,NOT DIVIDED,NO CONTROLS,UNABLE TO DETERMINE,NOT APPLICABLE,0,0,0,0,17,7,8,879,PULASKI RD,41.779008,-87.801623,08/31/2024 07:43:00 PM,2024
CR00010327,05/28/2021 03:41:00 PM,30,CLEAR,DUSK,REAR TO FRONT,NOT DIVIDED,NO CONTROLS,DRIVING SKILLS/KNOWLEDGE/EXPERIENCE,DRIVING SKILLS/KNOWLEDGE/EXPERIENCE,0,0,0,0,15,6,5,2238,STATE ST,41.843573,-87.562207,05/28/2021 04:46:00 PM,2021
CR00010328,02/10/2021 08:54:00 AM,35,FOG/SMOKE/HAZE,DARKNESS - LIGHTED ROAD,REAR END,NOT DIVIDED,NO CONTROLS,FOLLOWING TOO CLOSELY,NOT APPLICABLE,0,0,0,0,8,4,2,1777,ELSTON AVE,41.914096,-87.506576,02/10/2021 10:48:00 AM,2021
CR00010329,10/10/2017 06:50:00 PM,45,CLEAR,DARKNESS,REAR TO FRONT,ONE-WAY,TRAFFIC SIGNAL,FOLLOWING TOO CLOSELY,UNABLE TO DETERMINE,0,0,0,0,18,3,10,1177,HALSTED ST,41.870075,-87.533296,10/10/2017 07:27:00 PM,2017
CR00010330,07/19/2020 06:10:00 PM,20,RAIN,DAYLIGHT,PARKED MOTOR VEHICLE,NOT DIVIDED,TRAFFIC SIGNAL,IMPROPER OVERTAKING/PASSING,DISREGARDING TRAFFIC SIGNALS,0,0,3,3,18,1,7,1662,ELSTON AVE,41.713205,-87.833306,07/19/2020 06:30:00 PM,2020
CR00010331,01/13/2023 06:26:00 AM,35,CLEAR,DAYLIGHT,ANGLE,FOUR WAY,NO CONTROLS,IMPROPER LANE USAGE,NOT APPLICABLE,0,0,0,0,6,6,1,2157,79TH ST,41.905452,-87.838087,01/13/2023 06:42:00 AM,2023
CR00010332,10/18/2018 06:35:00 PM,30,CLEAR,DAYLIGHT,ANGLE,NOT DIVIDED,NO CONTROLS,FAILING TO REDUCE SPEED,UNABLE TO DETERMINE,0,0,0,0,18,5,10,335,ARCHER AVE,41.8489,-87.826683,10/18/2018 06:42:00 PM,2018
CR00010333,02/25/2024 09:25:00 PM,35,CLEAR,DARKNESS - LIGHTED ROAD,ANGLE,DIVIDED - W/MEDIAN BARRIER,NO CONTROLS,IMPROPER LANE USAGE,UNABLE TO DETERMINE,0,0,0,0,21,1,2,2468,ROOSEVELT RD,41.971728,-87.500546,02/25/2024 09:49:00 PM,2024
CR00010334,08/23/2015 08:47:00 PM,15,CLEAR,DARKNESS - LIGHTED ROAD,REAR END,NOT DIVIDED,NO CONTROLS,FOLLOWING TOO CLOSELY,UNABLE TO DETERMINE,0,0,0,0,20,1,8,628,DIVISION ST,41.850056,-87.550027,08/23/2015 09:13:00 PM,2015
CR00010335,05/11/2017 05:59:00 PM,30,CLEAR,DAYLIGHT,REAR TO FRONT,NOT DIVIDED,UNKNOWN,UNABLE TO DETERMINE,FAILING TO REDUCE SPEED,0,0,0,0,17,5,5,2385,DIVISION ST,41.994254,-87.669147,05/11/2017 07:53:00 PM,2017
CR00010336,03/17/2022 04:08:00 PM,20,RAIN,DAYLIGHT,ANGLE,DIVIDED - W/MEDIAN (NOT RAISED),TRAFFIC SIGNAL,UNABLE TO DETERMINE,UNABLE TO DETERMINE,0,1,0,1,16,5,3,1712,WESTERN AVE,41.933968,-87.622106,03/17/2022 04:59:00 PM,2022
CR00010337,07/18/2017 08:17:00 AM,20,RAIN,DAYLIGHT,ANGLE,DIVIDED - W/MEDIAN (NOT RAISED),STOP SIGN/FLASHER,DRIVING SKILLS/KNOWLEDGE/EXPERIENCE,FOLLOWING TOO CLOSELY,0,0,2,2,8,3,7,1074,STONY ISLAND AVE,41.703352,-87.789422,07/18/2017 09:38:00 AM,2017
CR00010338,08/23/2020 07:08:00 PM,45,RAIN,DAYLIGHT,REAR END,DIVIDED - W/MEDIAN (NOT RAISED),NO CONTROLS,FOLLOWING TOO CLOSELY,FAILING TO REDUCE SPEED,0,0,0,0,19,1,8,684,BROADWAY,41.970259,-87.72397,08/23/2020 07:46:00 PM,2020
CR00010339,07/02/2024 08:47:00 AM,35,CLEAR,DARKNESS - LIGHTED ROAD,TURNING,NOT DIVIDED,UNKNOWN,IMPROPER LANE USAGE,NOT APPLICABLE,0,0,0,0,8,3,7,1659,47TH ST,41.732691,-87.782668,07/02/2024 09:51:00 AM,2024
CR00010340,01/20/2024 02:35:00 PM,20,RAIN,DARKNESS,REAR END,T-INTERSECTION,STOP SIGN/FLASHER,WEATHER,DISTRACTION - FROM INSIDE VEHICLE,0,0,0,0,14,7,1,593,ARCHER AVE,41.804818,-87.638686,01/20/2024 04:21:00 PM,2024
CR00010341,10/25/2018 08:21:00 AM,30,SNOW,DAYLIGHT,SIDESWIPE SAME DIRECTION,FOUR WAY,TRAFFIC SIGNAL,UNABLE TO DETERMINE,NOT APPLICABLE,0,0,0,0,8,5,10,2305,WESTERN AVE,41.880276,-87.563834,10/25/2018 09:01:00 AM,2018
CR00010342,01/15/2018 03:05:00 PM,30,RAIN,DAYLIGHT,SIDESWIPE SAME DIRECTION,DIVIDED - W/MEDIAN (NOT RAISED),UNKNOWN,DRIVING SKILLS/KNOWLEDGE/EXPERIENCE,FAILING TO YIELD RIGHT-OF-WAY,0,0,0,0,15,2,1,1093,ELSTON AVE,41.717486,-87.765418,01/15/2018 03:42:00 PM,2018
CR00010343,12/09/2016 04:31:00 PM,45,CLEAR,DUSK,ANGLE,FOUR WAY,NO CONTROLS,UNABLE TO DETERMINE,FAILING TO REDUCE SPEED,0,0,0,0,16,6,12,1440,DIVISION ST,41.85032,-87.791527,12/09/2016 04:48:00 PM,2016
CR00010344,05/18/2018 08:48:00 AM,30,CLEAR,DARKNESS,PEDESTRIAN,NOT DIVIDED,TRAFFIC SIGNAL,FAILING TO REDUCE SPEED,UNABLE TO DETERMINE,0,0,0,0,8,6,5,1564,CALIFORNIA AVE,41.781287,-87.750214,05/18/2018 10:34:00 AM,2018
CR00010345,10/27/2021 08:59:00 AM,20,CLEAR,DUSK,REAR END,FOUR WAY,NO CONTROLS,DRIVING SKILLS/KNOWLEDGE/EXPERIENCE,UNABLE TO DETERMINE,0,0,0,0,8,4,10,1848,CLARK ST,41.873984,-87.542759,10/27/2021 09:10:00 AM,2021
CR00010346,02/08/2021 09:52:00 AM,30,RAIN,DAYLIGHT,ANGLE,DIVIDED - W/MEDIAN (NOT RAISED),NO CONTROLS,UNABLE TO DETERMINE,UNABLE TO DETERMINE,0,0,3,3,9,2,2,952,79TH ST,41.767075,-87.665054,02/08/2021 10:47:00 AM,2021
CR00010347,04/22/2017 11:50:00 PM,35,SNOW,DAYLIGHT,PEDESTRIAN,DIVIDED - W/MEDIAN (NOT RAISED),NO CONTROLS,IMPROPER LANE USAGE,DISTRACTION - FROM INSIDE VEHICLE,0,0,0,0,23,7,4,1833,HALSTED ST,41.953063,-87.51896,04/23/2017 12:28:00 AM,2017
CR00010348,09/21/2015 08:33:00 AM,20,CLEAR,DAYLIGHT,ANGLE,DIVIDED - W/MEDIAN (NOT RAISED),STOP SIGN/FLASHER,UNABLE TO DETERMINE,FAILING TO YIELD RIGHT-OF-WAY,0,0,3,3,8,2,9,2118,FULLERTON AVE,41.842725,-87.528885,09/21/2015 09:24:00 AM,2015
CR00010349,07/26/2016 03:37:00 PM,35,CLEAR,DARKNESS - LIGHTED ROAD,SIDESWIPE SAME DIRECTION,DIVIDED - W/MEDIAN (NOT RAISED),NO CONTROLS,FOLLOWING TOO CLOSELY,FOLLOWING TOO CLOSELY,0,0,3,3,15,3,7,387,OGDEN AVE,41.734107,-87.591906,07/26/2016 04:15:00 PM,2016
CR00010350,12/13/2020 12:52:00 PM,35,SNOW,DAYLIGHT,TURNING,NOT DIVIDED,NO CONTROLS,FOLLOWING TOO CLOSELY,NOT APPLICABLE,0,0,0,0,12,1,12,2041,63RD ST,41.762662,-87.566584,12/13/2020 01:33:00 PM,2020
CR00010351,10/18/2024 02:40:00 PM,40,CLEAR,DAYLIGHT,PEDESTRIAN,DIVIDED - W/MEDIAN (NOT RAISED),NO CONTROLS,DISREGARDING TRAFFIC SIGNALS,FAILING TO YIELD RIGHT-OF-WAY,0,0,0,0,14,6,10,2190,ELSTON AVE,41.914607,-87.563815,10/18/2024 02:41:00 PM,2024
CR00010352,11/30/2015 09:33:00 AM,30,CLEAR,DAWN,TURNING,NOT DIVIDED,STOP SIGN/FLASHER,UNABLE TO DETERMINE,UNABLE TO DETERMINE,0,1,1,2,9,2,11,1054,MILWAUKEE AVE,41.726328,-87.76878,11/30/2015 11:12:00 AM,2015
CR00010353,09/21/2016 07:00:00 PM,30,CLEAR,DAYLIGHT,REAR END,NOT DIVIDED,NO CONTROLS,IMPROPER LANE USAGE,DISTRACTION - FROM INSIDE VEHICLE,0,0,0,0,19,4,9,1376,FULLERTON AVE,41.753306,-87.539286,09/21/2016 07:24:00 PM,2016
CR00010354,07/25/2021 12:12:00 PM,20,CLEAR,DAYLIGHT,ANGLE,ONE-WAY,TRAFFIC SIGNAL,UNABLE TO DETERMINE,FAILING TO YIELD RIGHT-OF-WAY,0,0,0,0,12,1,7,2390,MILWAUKEE AVE,41.752791,-87.812831,07/25/2021 01:47:00 PM,2021
CR00010355,11/11/2023 04:53:00 PM,30,CLOUDY/OVERCAST,DAYLIGHT,TURNING,ONE-WAY,UNKNOWN,IMPROPER OVERTAKING/PASSING,UNABLE TO DETERMINE,0,0,0,0,16,7,11,1020,MICHIGAN AVE,41.882106,-87.798717,11/11/2023 06:22:00 PM,2023
CR00010356,03/03/2021 10:05:00 AM,15,CLOUDY/OVERCAST,DAYLIGHT,FIXED OBJECT,NOT DIVIDED,TRAFFIC SIGNAL,FAILING TO YIELD RIGHT-OF-WAY,FAILING TO YIELD RIGHT-OF-WAY,0,1,1,2,10,4,3,548,FULLERTON AVE,41.995621,-87.686005,03/03/2021 10:28:00 AM,2021
CR00010357,03/31/2018 11:24:00 AM,35,SNOW,DAYLIGHT,ANGLE,DIVIDED - W/MEDIAN BARRIER,YIELD,DRIVING SKILLS/KNOWLEDGE/EXPERIENCE,FAILING TO YIELD RIGHT-OF-WAY,0,0,0,0,11,7,3,192,79TH ST,41.954578,-87.791326,03/31/2018 01:20:00 PM,2018
CR00010358,06/13/2019 03:47:00 PM,35,CLEAR,DAYLIGHT,PEDESTRIAN,NOT DIVIDED,TRAFFIC SIGNAL,FOLLOWING TOO CLOSELY,NOT APPLICABLE,0,0,1,1,15,5,6,335,STONY ISLAND AVE,41.91721,-87.626405,06/13/2019 04:57:00 PM,2019
CR00010359,01/03/2021 12:18:00 AM,20,CLOUDY/OVERCAST,DAYLIGHT,TURNING,ONE-WAY,TRAFFIC SIGNAL,FAILING TO REDUCE SPEED,UNABLE TO DETERMINE,0,0,0,0,0,1,1,1469,CALIFORNIA AVE,41.787165,-87.848685,01/03/2021 12:24:00 AM,2021
CR00010360,07/17/2018 05:21:00 AM,30,RAIN,DAYLIGHT,SIDESWIPE SAME DIRECTION,FOUR WAY,YIELD,FOLLOWING TOO CLOSELY,FOLLOWING TOO CLOSELY,0,0,0,0,5,3,7,1975,WESTERN AVE,41.897339,-87.503238,07/17/2018 06:37:00 AM,2018
CR00010361,03/21/2021 09:04:00 PM,35,CLEAR,DARKNESS - LIGHTED ROAD,ANGLE,ONE-WAY,TRAFFIC SIGNAL,FAILING TO YIELD RIGHT-OF-WAY,FAILING TO YIELD RIGHT-OF-WAY,0,0,0,0,21,1,3,1490,BROADWAY,41.927149,-87.564261,03/21/2021 09:09:00 PM,2021
CR00010362,03/16/2023 02:52:00 PM,20,CLEAR,DAYLIGHT,REAR END,NOT DIVIDED,TRAFFIC SIGNAL,UNABLE TO DETERMINE,IMPROPER LANE USAGE,0,0,0,0,14,5,3,1111,LAKE SHORE DR,41.760654,-87.741033,03/16/2023 03:24:00 PM,2023
CR00010363,12/14/2022 07:46:00 PM,35,CLEAR,DARKNESS,TURNING,DIVIDED - W/MEDIAN (NOT RAISED),TRAFFIC SIGNAL,WEATHER,FAILING TO YIELD RIGHT-OF-WAY,0,0,0,0,19,4,12,1931,CICERO AVE,41.916916,-87.826057,12/14/2022 07:51:00 PM,2022
CR00010364,12/02/2020 10:52:00 AM,35,CLEAR,DAYLIGHT,SIDESWIPE SAME DIRECTION,NOT DIVIDED,NO CONTROLS,UNABLE TO DETERMINE,UNABLE TO DETERMINE,0,0,0,0,10,4,12,1916,ROOSEVELT RD,41.998993,-87.642018,12/02/2020 11:15:00 AM,2020
CR00010365,10/04/2016 12:38:00 PM,45,CLEAR,DAYLIGHT,REAR END,DIVIDED - W/MEDIAN (NOT RAISED),NO CONTROLS,UNABLE TO DETERMINE,UNABLE TO DETERMINE,0,0,0,0,12,3,10,644,ASHLAND AVE,41.914241,-87.594388,10/04/2016 01:37:00 PM,2016
CR00010366,02/27/2020 10:44:00 PM,45,FREEZING RAIN/DRIZZLE,DARKNESS - LIGHTED ROAD,REAR TO FRONT,DIVIDED - W/MEDIAN BARRIER,TRAFFIC SIGNAL,IMPROPER OVERTAKING/PASSING,FAILING TO YIELD RIGHT-OF-WAY,0,0,1,1,22,5,2,1909,MICHIGAN AVE,41.927404,-87.619197,02/27/2020 11:55:00 PM,2020
CR00010367,06/01/2023 05:44:00 PM,40,CLOUDY/OVERCAST,DAYLIGHT,SIDESWIPE SAME DIRECTION,FOUR WAY,TRAFFIC SIGNAL,FAILING TO YIELD RIGHT-OF-WAY,FAILING TO YIELD RIGHT-OF-WAY,0,0,0,0,17,5,6,519,DAMEN AVE,41.737075,-87.684261,06/01/2023 06:46:00 PM,2023
CR00010368,06/29/2021 10:52:00 PM,30,RAIN,DAYLIGHT,REAR END,DIVIDED - W/MEDIAN (NOT RAISED),STOP SIGN/FLASHER,DISTRACTION - FROM INSIDE VEHICLE,UNABLE TO DETERMINE,0,0,0,0,22,3,6,1113,79TH ST,41.862331,-87.726744,06/30/2021 12:18:00 AM,2021
CR00010369,07/16/2022 04:12:00 AM,15,CLEAR,DARKNESS - LIGHTED ROAD,SIDESWIPE SAME DIRECTION,DIVIDED - W/MEDIAN BARRIER,NO CONTROLS,FOLLOWING TOO CLOSELY,DISTRACTION - FROM INSIDE VEHICLE,0,0,0,0,4,7,7,2187,79TH ST,41.823021,-87.672437,07/16/2022 05:34:00 AM,2022
CR00010370,01/23/2023 11:55:00 AM,15,SNOW,DARKNESS - LIGHTED ROAD,PARKED MOTOR VEHICLE,NOT DIVIDED,TRAFFIC SIGNAL,IMPROPER LANE USAGE,DRIVING SKILLS/KNOWLEDGE/EXPERIENCE,0,0,1,1,11,2,1,1013,PULASKI RD,41.846623,-87.843957,01/23/2023 01:36:00 PM,2023
CR00010371,07/20/2023 03:50:00 AM,45,CLOUDY/OVERCAST,DAYLIGHT,ANGLE,FOUR WAY,NO CONTROLS,WEATHER,IMPROPER LANE USAGE,0,0,0,0,3,5,7,581,STATE ST,41.784284,-87.805601,07/20/2023 04:22:00 AM,2023
CR00010372,09/16/2021 06:25:00 PM,40,CLEAR,DAYLIGHT,REAR END,NOT DIVIDED,YIELD,FAILING TO YIELD RIGHT-OF-WAY,DISREGARDING TRAFFIC SIGNALS,0,0,2,2,18,5,9,1185,OGDEN AVE,41.939331,-87.732664,09/16/2021 06:56:00 PM,2021
CR00010373,11/15/2017 06:54:00 PM,30,FOG/SMOKE/HAZE,DAYLIGHT,REAR TO FRONT,NOT DIVIDED,NO CONTROLS,FOLLOWING TOO CLOSELY,FAILING TO YIELD RIGHT-OF-WAY,0,0,0,0,18,4,11,848,ROOSEVELT RD,41.940431,-87.631249,11/15/2017 08:11:00 PM,2017
CR00010374,05/14/2023 06:43:00 PM,35,CLEAR,DARKNESS - LIGHTED ROAD,ANGLE,FOUR WAY,NO CONTROLS,IMPROPER LANE USAGE,DRIVING SKILLS/KNOWLEDGE/EXPERIENCE,0,0,1,1,18,1,5,383,LAKE SHORE DR,41.872992,-87.62311,05/14/2023 06:52:00 PM,2023
CR00010375,08/23/2019 04:06:00 AM,30,CLEAR,DAYLIGHT,REAR END,ONE-WAY,STOP SIGN/FLASHER,FAILING TO YIELD RIGHT-OF-WAY,IMPROPER LANE USAGE,0,0,0,0,4,6,8,1522,FULLERTON AVE,41.884142,-87.700061,08/23/2019 04:29:00 AM,2019
CR00010376,05/16/2022 02:12:00 PM,30,RAIN,DAYLIGHT,TURNING,NOT DIVIDED,TRAFFIC SIGNAL,DISTRACTION - FROM INSIDE VEHICLE,WEATHER,0,0,0,0,14,2,5,1015,DAMEN AVE,41.937749,-87.547347,05/16/2022 02:15:00 PM,2022