CRASH_RECORD_ID,CRASH_DATE,POSTED_SPEED_LIMIT,WEATHER_CONDITION,LIGHTING_CONDITION,FIRST_CRASH_TYPE,TRAFFICWAY_TYPE,TRAFFIC_CONTROL_DEVICE,PRIM_CONTRIBUTORY_CAUSE,SEC_CONTRIBUTORY_CAUSE,INJURIES_FATAL,INJURIES_INCAPACITATING,INJURIES_NON_INCAPACITATING,INJURIES_TOTAL,CRASH_HOUR,CRASH_DAY_OF_WEEK,CRASH_MONTH,BEAT_OF_OCCURRENCE,STREET_NAME,LATITUDE,LONGITUDE,DATE_POLICE_NOTIFIED,year
CR00010377,01/24/2016 08:33:00 PM,25,CLEAR,DARKNESS - LIGHTED ROAD,REAR END,DIVIDED - W/MEDIAN BARRIER,STOP SIGN/FLASHER,UNABLE TO DETERMINE,DISREGARDING TRAFFIC SIGNALS,0,0,0,0,20,1,1,793,ELSTON AVE,41.704993,-87.737391,01/24/2016 09:43:00 PM,2016
CR00010378,08/27/2019 08:11:00 AM,45,RAIN,DARKNESS - LIGHTED ROAD,REAR END,ONE-WAY,TRAFFIC SIGNAL,UNABLE TO DETERMINE,FOLLOWING TOO CLOSELY,0,0,0,0,8,3,8,717,MICHIGAN AVE,41.921377,-87.696475,08/27/2019 08:22:00 AM,2019
CR00010379,12/31/2018 04:54:00 PM,25,CLEAR,DARKNESS,ANGLE,NOT DIVIDED,STOP SIGN/FLASHER,FAILING TO YIELD RIGHT-OF-WAY,FAILING TO REDUCE SPEED,0,0,0,0,16,2,12,949,DAMEN AVE,41.805453,-87.6826,12/31/2018 06:19:00 PM,2018
CR00010380,04/05/2024 11:37:00 AM,15,CLEAR,DARKNESS - LIGHTED ROAD,REAR END,ONE-WAY,NO CONTROLS,FAILING TO YIELD RIGHT-OF-WAY,NOT APPLICABLE,0,0,0,0,11,6,4,667,KEDZIE AVE,41.983435,-87.638568,04/05/2024 11:41:00 AM,2024
CR00010381,07/02/2017 03:42:00 PM,40,CLEAR,DARKNESS - LIGHTED ROAD,TURNING,DIVIDED - W/MEDIAN BARRIER,NO CONTROLS,IMPROPER OVERTAKING/PASSING,NOT APPLICABLE,0,0,0,0,15,1,7,1228,DIVISION ST,41.993817,-87.612301,07/02/2017 04:11:00 PM,2017
CR00010382,06/06/2018 12:53:00 AM,30,CLEAR,DAYLIGHT,PEDESTRIAN,NOT DIVIDED,STOP SIGN/FLASHER,IMPROPER OVERTAKING/PASSING,FOLLOWING TOO CLOSELY,0,0,0,0,0,4,6,2315,CALIFORNIA AVE,41.9502,-87.660451,06/06/2018 01:10:00 AM,2018
CR00010383,08/13/2024 07:09:00 PM,30,CLEAR,DAYLIGHT,SIDESWIPE SAME DIRECTION,NOT DIVIDED,NO CONTROLS,FAILING TO YIELD RIGHT-OF-WAY,UNABLE TO DETERMINE,0,0,0,0,19,3,8,1005,MILWAUKEE AVE,41.71378,-87.782386,08/13/2024 08:47:00 PM,2024
CR00010384,02/09/2024 01:52:00 PM,30,RAIN,DARKNESS - LIGHTED ROAD,FIXED OBJECT,DIVIDED - W/MEDIAN (NOT RAISED),TRAFFIC SIGNAL,FOLLOWING TOO CLOSELY,DISTRACTION - FROM INSIDE VEHICLE,0,0,0,0,13,6,2,1639,FULLERTON AVE,41.96388,-87.718284,02/09/2024 02:16:00 PM,2024
CR00010385,12/07/2015 08:32:00 AM,40,CLEAR,DARKNESS,TURNING,NOT DIVIDED,PEDESTRIAN CROSSING SIGN,DISREGARDING TRAFFIC SIGNALS,FOLLOWING TOO CLOSELY,0,1,1,2,8,2,12,1738,DAMEN AVE,41.855408,-87.699147,12/07/2015 09:37:00 AM,2015
CR00010386,02/24/2018 09:23:00 AM,15,RAIN,DARKNESS - LIGHTED ROAD,PARKED MOTOR VEHICLE,DIVIDED - W/MEDIAN BARRIER,NO CONTROLS,DRIVING SKILLS/KNOWLEDGE/EXPERIENCE,FOLLOWING TOO CLOSELY,0,0,0,0,9,7,2,1561,OGDEN AVE,41.889579,-87.586422,02/24/2018 09:28:00 AM,2018
CR00010387,07/27/2024 10:54:00 AM,25,CLOUDY/OVERCAST,DAYLIGHT,SIDESWIPE SAME DIRECTION,ONE-WAY,STOP SIGN/FLASHER,FOLLOWING TOO CLOSELY,FOLLOWING TOO CLOSELY,0,1,0,1,10,7,7,890,ARCHER AVE,41.839206,-87.770508,07/27/2024 12:38:00 PM,2024
CR00010388,12/13/2016 11:09:00 AM,15,CLEAR,DARKNESS,REAR END,DIVIDED - W/MEDIAN BARRIER,PEDESTRIAN CROSSING SIGN,FAILING TO YIELD RIGHT-OF-WAY,IMPROPER OVERTAKING/PASSING,0,0,1,1,11,3,12,1517,FULLERTON AVE,41.922486,-87.829858,12/13/2016 11:44:00 AM,2016
CR00010389,11/30/2015 07:38:00 AM,30,CLEAR,DARKNESS - LIGHTED ROAD,REAR TO FRONT,ONE-WAY,STOP SIGN/FLASHER,FOLLOWING TOO CLOSELY,FAILING TO REDUCE SPEED,0,0,0,0,7,2,11,997,47TH ST,41.955426,-87.757686,11/30/2015 08:15:00 AM,2015
CR00010390,12/10/2023 07:55:00 AM,40,FREEZING RAIN/DRIZZLE,DARKNESS - LIGHTED ROAD,ANGLE,DIVIDED - W/MEDIAN (NOT RAISED),NO CONTROLS,FAILING TO REDUCE SPEED,FOLLOWING TOO CLOSELY,0,0,0,0,7,1,12,1125,DIVISION ST,41.8602,-87.661994,12/10/2023 09:38:00 AM,2023
CR00010391,12/11/2024 09:52:00 AM,30,CLEAR,DARKNESS - LIGHTED ROAD,REAR TO FRONT,ONE-WAY,STOP SIGN/FLASHER,UNABLE TO DETERMINE,UNABLE TO DETERMINE,0,0,0,0,9,4,12,1636,DIVISION ST,41.81879,-87.644331,12/11/2024 10:16:00 AM,2024
CR00010392,03/26/2020 06:13:00 PM,25,CLEAR,DAYLIGHT,ANGLE,DIVIDED - W/MEDIAN (NOT RAISED),TRAFFIC SIGNAL,FAILING TO YIELD RIGHT-OF-WAY,DRIVING SKILLS/KNOWLEDGE/EXPERIENCE,0,0,0,0,18,5,3,1459,47TH ST,41.797226,-87.511252,03/26/2020 08:05:00 PM,2020
CR00010393,12/31/2020 01:03:00 PM,30,SNOW,DARKNESS,REAR END,NOT DIVIDED,STOP SIGN/FLASHER,DRIVING SKILLS/KNOWLEDGE/EXPERIENCE,UNABLE TO DETERMINE,0,0,0,0,13,5,12,231,LAKE SHORE DR,41.781672,-87.580045,12/31/2020 01:16:00 PM,2020
CR00010394,02/11/2023 06:56:00 AM,15,CLEAR,DAYLIGHT,TURNING,NOT DIVIDED,NO CONTROLS,UNABLE TO DETERMINE,IMPROPER LANE USAGE,0,0,0,0,6,7,2,1920,DAMEN AVE,41.726677,-87.568385,02/11/2023 07:09:00 AM,2023
CR00010395,10/03/2021 09:18:00 AM,35,SNOW,DAYLIGHT,FIXED OBJECT,DIVIDED - W/MEDIAN (NOT RAISED),TRAFFIC SIGNAL,UNABLE TO DETERMINE,FAILING TO YIELD RIGHT-OF-WAY,0,0,1,1,9,1,10,1550,CICERO AVE,41.876091,-87.694876,10/03/2021 11:11:00 AM,2021
CR00010396,07/06/2015 12:50:00 PM,20,CLEAR,DAYLIGHT,TURNING,DIVIDED - W/MEDIAN (NOT RAISED),NO CONTROLS,IMPROPER OVERTAKING/PASSING,IMPROPER OVERTAKING/PASSING,0,0,3,3,12,2,7,1882,STATE ST,41.988372,-87.801082,07/06/2015 02:09:00 PM,2015
CR00010397,04/07/2019 03:31:00 PM,35,CLEAR,DAYLIGHT,SIDESWIPE SAME DIRECTION,ONE-WAY,TRAFFIC SIGNAL,UNABLE TO DETERMINE,UNABLE TO DETERMINE,0,0,0,0,15,1,4,2012,PULASKI RD,41.791275,-87.581089,04/07/2019 03:38:00 PM,2019
CR00010398,02/18/2021 03:25:00 PM,30,RAIN,DARKNESS - LIGHTED ROAD,REAR END,NOT DIVIDED,STOP SIGN/FLASHER,FOLLOWING TOO CLOSELY,NOT APPLICABLE,0,0,0,0,15,5,2,910,MICHIGAN AVE,41.853347,-87.688221,02/18/2021 04:34:00 PM,2021
CR00010399,06/13/2024 02:13:00 AM,25,CLEAR,DARKNESS - LIGHTED ROAD,REAR END,ONE-WAY,NO CONTROLS,DISTRACTION - FROM INSIDE VEHICLE,NOT APPLICABLE,0,0,0,0,2,5,6,2450,ELSTON AVE,41.84651,-87.821066,06/13/2024 02:18:00 AM,2024
CR00010400,05/29/2017 03:20:00 PM,40,CLEAR,DAYLIGHT,PEDESTRIAN,NOT DIVIDED,YIELD,IMPROPER LANE USAGE,IMPROPER LANE USAGE,0,0,0,0,15,2,5,1637,ELSTON AVE,41.931996,-87.630658,05/29/2017 05:01:00 PM,2017
CR00010401,02/17/2024 03:25:00 PM,15,CLEAR,DAYLIGHT,REAR TO FRONT,T-INTERSECTION,NO CONTROLS,FAILING TO YIELD RIGHT-OF-WAY,IMPROPER OVERTAKING/PASSING,0,0,0,0,15,7,2,1964,STATE ST,41.826567,-87.760976,02/17/2024 03:50:00 PM,2024
CR00010402,12/06/2023 03:28:00 PM,35,RAIN,DAYLIGHT,REAR END,ONE-WAY,NO CONTROLS,IMPROPER LANE USAGE,NOT APPLICABLE,0,0,0,0,15,4,12,527,STONY ISLAND AVE,41.77762,-87.514857,12/06/2023 03:33:00 PM,2023
CR00010403,09/30/2017 02:56:00 PM,30,CLEAR,DARKNESS - LIGHTED ROAD,REAR END,NOT DIVIDED,UNKNOWN,UNABLE TO DETERMINE,UNABLE TO DETERMINE,0,0,1,1,14,7,9,2405,CALIFORNIA AVE,41.976303,-87.843739,09/30/2017 04:26:00 PM,2017
CR00010404,11/22/2024 03:35:00 PM,40,CLEAR,DARKNESS - LIGHTED ROAD,TURNING,NOT DIVIDED,YIELD,UNABLE TO DETERMINE,FAILING TO REDUCE SPEED,0,0,0,0,15,6,11,2232,FULLERTON AVE,41.99821,-87.608759,11/22/2024 04:48:00 PM,2024
CR00010405,09/06/2021 11:36:00 PM,40,CLEAR,DAYLIGHT,SIDESWIPE SAME DIRECTION,NOT DIVIDED,NO CONTROLS,WEATHER,UNABLE TO DETERMINE,0,0,0,0,23,2,9,1186,WESTERN AVE,41.870011,-87.728475,09/07/2021 12:07:00 AM,2021
CR00010406,12/04/2019 02:46:00 PM,30,CLEAR,DARKNESS - LIGHTED ROAD,TURNING,T-INTERSECTION,NO CONTROLS,FAILING TO REDUCE SPEED,UNABLE TO DETERMINE,0,0,3,3,14,4,12,1643,ROOSEVELT RD,41.939622,-87.75629,12/04/2019 04:06:00 PM,2019
CR00010407,04/28/2024 09:16:00 AM,25,CLEAR,DAYLIGHT,TURNING,ONE-WAY,TRAFFIC SIGNAL,UNABLE TO DETERMINE,FAILING TO YIELD RIGHT-OF-WAY,0,0,1,1,9,1,4,1319,ROOSEVELT RD,41.773355,-87.773017,04/28/2024 09:20:00 AM,2024
CR00010408,02/03/2018 06:43:00 PM,35,CLEAR,DAYLIGHT,TURNING,T-INTERSECTION,STOP SIGN/FLASHER,IMPROPER OVERTAKING/PASSING,UNABLE TO DETERMINE,0,0,0,0,18,7,2,2215,WESTERN AVE,41.853229,-87.810357,02/03/2018 08:38:00 PM,2018
CR00010409,12/07/2020 05:46:00 AM,30,CLEAR,DAYLIGHT,ANGLE,DIVIDED - W/MEDIAN (NOT RAISED),NO CONTROLS,IMPROPER OVERTAKING/PASSING,FAILING TO REDUCE SPEED,0,0,0,0,5,2,12,1284,ELSTON AVE,41.707081,-87.778079,12/07/2020 06:15:00 AM,2020
CR00010410,08/16/2019 08:42:00 AM,15,CLEAR,DAYLIGHT,SIDESWIPE SAME DIRECTION,NOT DIVIDED,NO CONTROLS,UNABLE TO DETERMINE,FAILING TO YIELD RIGHT-OF-WAY,0,0,0,0,8,6,8,671,47TH ST,41.90371,-87.542027,08/16/2019 09:17:00 AM,2019
CR00010411,05/31/2017 06:45:00 PM,30,CLEAR,DAYLIGHT,SIDESWIPE SAME DIRECTION,NOT DIVIDED,NO CONTROLS,UNABLE TO DETERMINE,NOT APPLICABLE,0,0,1,1,18,4,5,189,MICHIGAN AVE,41.935311,-87.521627,05/31/2017 07:45:00 PM,2017
CR00010412,12/19/2023 04:18:00 PM,30,CLEAR,DARKNESS,TURNING,DIVIDED - W/MEDIAN (NOT RAISED),TRAFFIC SIGNAL,IMPROPER OVERTAKING/PASSING,UNABLE TO DETERMINE,0,0,0,0,16,3,12,818,STONY ISLAND AVE,41.994144,-87.577898,12/19/2023 05:52:00 PM,2023
CR00010413,07/08/2021 05:47:00 PM,40,FREEZING RAIN/DRIZZLE,DAYLIGHT,TURNING,ONE-WAY,NO CONTROLS,UNABLE TO DETERMINE,FAILING TO REDUCE SPEED,0,0,0,0,17,5,7,1934,STONY ISLAND AVE,41.839387,-87.548672,07/08/2021 06:09:00 PM,2021
CR00010414,03/14/2023 07:44:00 PM,35,CLEAR,DAYLIGHT,PEDESTRIAN,DIVIDED - W/MEDIAN (NOT RAISED),NO CONTROLS,FAILING TO YIELD RIGHT-OF-WAY,DISTRACTION - FROM INSIDE VEHICLE,0,0,0,0,19,3,3,2016,WESTERN AVE,41.771434,-87.818309,03/14/2023 08:51:00 PM,2023
CR00010415,02/11/2021 08:49:00 AM,45,CLEAR,DAYLIGHT,TURNING,T-INTERSECTION,TRAFFIC SIGNAL,WEATHER,UNABLE TO DETERMINE,0,1,1,2,8,5,2,144,CLARK ST,41.870169,-87.596565,02/11/2021 09:25:00 AM,2021
CR00010416,12/06/2016 03:52:00 AM,35,SNOW,DAYLIGHT,TURNING,DIVIDED - W/MEDIAN BARRIER,STOP SIGN/FLASHER,UNABLE TO DETERMINE,FAILING TO YIELD RIGHT-OF-WAY,0,1,1,2,3,3,12,786,DIVISION ST,41.798634,-87.827457,12/06/2016 04:37:00 AM,2016
CR00010417,04/21/2015 06:01:00 PM,30,SNOW,DAYLIGHT,REAR END,DIVIDED - W/MEDIAN (NOT RAISED),NO CONTROLS,UNABLE TO DETERMINE,FAILING TO YIELD RIGHT-OF-WAY,0,0,1,1,18,3,4,836,CICERO AVE,41.887218,-87.675781,04/21/2015 07:42:00 PM,2015
CR00010418,05/09/2024 08:57:00 PM,15,CLEAR,DAYLIGHT,ANGLE,DIVIDED - W/MEDIAN (NOT RAISED),NO CONTROLS,UNABLE TO DETERMINE,FAILING TO YIELD RIGHT-OF-WAY,0,0,0,0,20,5,5,189,STONY ISLAND AVE,41.900494,-87.71081,05/09/2024 10:41:00 PM,2024
CR00010419,02/14/2022 09:16:00 AM,40,SNOW,DAYLIGHT,TURNING,NOT DIVIDED,NO CONTROLS,UNABLE TO DETERMINE,DISTRACTION - FROM INSIDE VEHICLE,0,0,0,0,9,2,2,390,CLARK ST,41.938289,-87.690436,02/14/2022 09:57:00 AM,2022
CR00010420,05/16/2019 12:57:00 PM,30,CLEAR,DARKNESS - LIGHTED ROAD,ANGLE,DIVIDED - W/MEDIAN (NOT RAISED),TRAFFIC SIGNAL,FOLLOWING TOO CLOSELY,FAILING TO YIELD RIGHT-OF-WAY,0,0,0,0,12,5,5,1311,OGDEN AVE,41.93377,-87.839706,05/16/2019 01:24:00 PM,2019
CR00010421,08/08/2023 07:23:00 AM,15,CLEAR,DAYLIGHT,FIXED OBJECT,DIVIDED - W/MEDIAN BARRIER,NO CONTROLS,FAILING TO REDUCE SPEED,UNABLE TO DETERMINE,0,0,0,0,7,3,8,201,FULLERTON AVE,41.935129,-87.597367,08/08/2023 08:09:00 AM,2023
CR00010422,10/26/2024 07:59:00 PM,20,CLEAR,DARKNESS,REAR END,NOT DIVIDED,UNKNOWN,DISREGARDING TRAFFIC SIGNALS,UNABLE TO DETERMINE,0,0,0,0,19,7,10,224,MILWAUKEE AVE,41.770061,-87.555654,10/26/2024 09:56:00 PM,2024
CR00010423,01/09/2015 05:40:00 PM,35,FOG/SMOKE/HAZE,DARKNESS - LIGHTED ROAD,SIDESWIPE SAME DIRECTION,NOT DIVIDED,STOP SIGN/FLASHER,UNABLE TO DETERMINE,UNABLE TO DETERMINE,0,0,0,0,17,6,1,611,79TH ST,41.976605,-87.593703,01/09/2015 06:03:00 PM,2015
CR00010424,05/20/2016 01:06:00 AM,40,CLEAR,DAYLIGHT,SIDESWIPE SAME DIRECTION,NOT DIVIDED,UNKNOWN,FOLLOWING TOO CLOSELY,FAILING TO YIELD RIGHT-OF-WAY,0,0,0,0,1,6,5,2376,CLARK ST,41.756279,-87.52663,05/20/2016 01:11:00 AM,2016
CR00010425,04/12/2019 07:48:00 AM,30,CLEAR,DARKNESS - LIGHTED ROAD,ANGLE,DIVIDED - W/MEDIAN (NOT RAISED),STOP SIGN/FLASHER,UNABLE TO DETERMINE,WEATHER,0,0,0,0,7,6,4,1190,47TH ST,41.977487,-87.637853,04/12/2019 09:06:00 AM,2019
CR00010426,12/13/2024 10:50:00 PM,30,CLEAR,DAYLIGHT,TURNING,DIVIDED - W/MEDIAN (NOT RAISED),NO CONTROLS,FAILING TO YIELD RIGHT-OF-WAY,FAILING TO YIELD RIGHT-OF-WAY,0,1,1,2,22,6,12,342,OGDEN AVE,41.723959,-87.817124,12/14/2024 12:21:00 AM,2024
CR00010427,10/03/2019 06:27:00 AM,40,SNOW,DAYLIGHT,ANGLE,ONE-WAY,STOP SIGN/FLASHER,DRIVING SKILLS/KNOWLEDGE/EXPERIENCE,UNABLE TO DETERMINE,0,0,0,0,6,5,10,192,ARCHER AVE,41.705149,-87.646396,10/03/2019 07:30:00 AM,2019
CR00010428,11/29/2022 11:11:00 PM,25,CLEAR,DARKNESS - LIGHTED ROAD,PARKED MOTOR VEHICLE,FOUR WAY,STOP SIGN/FLASHER,FOLLOWING TOO CLOSELY,UNABLE TO DETERMINE,0,0,3,3,23,3,11,963,ELSTON AVE,41.832626,-87.753956,11/30/2022 12:04:00 AM,2022
CR00010429,04/08/2022 03:15:00 AM,35,SNOW,DUSK,FIXED OBJECT,DIVIDED - W/MEDIAN (NOT RAISED),TRAFFIC SIGNAL,DRIVING SKILLS/KNOWLEDGE/EXPERIENCE,UNABLE TO DETERMINE,0,0,0,0,3,6,4,1227,ELSTON AVE,41.847853,-87.762,04/08/2022 04:07:00 AM,2022
CR00010430,11/18/2021 08:27:00 AM,25,CLEAR,DAYLIGHT,SIDESWIPE SAME DIRECTION,NOT DIVIDED,NO CONTROLS,DRIVING SKILLS/KNOWLEDGE/EXPERIENCE,UNABLE TO DETERMINE,0,0,0,0,8,5,11,2531,BROADWAY,41.825216,-87.686405,11/18/2021 10:00:00 AM,2021
CR00010431,05/25/2023 02:49:00 PM,45,CLEAR,DAYLIGHT,PARKED MOTOR VEHICLE,NOT DIVIDED,NO CONTROLS,IMPROPER OVERTAKING/PASSING,DRIVING SKILLS/KNOWLEDGE/EXPERIENCE,0,0,0,0,14,5,5,502,DIVISION ST,41.919703,-87.589212,05/25/2023 03:59:00 PM,2023
CR00010432,03/22/2016 07:56:00 AM,35,CLOUDY/OVERCAST,DARKNESS - LIGHTED ROAD,REAR END,DIVIDED - W/MEDIAN BARRIER,STOP SIGN/FLASHER,UNABLE TO DETERMINE,FAILING TO YIELD RIGHT-OF-WAY,0,0,0,0,7,3,3,1335,IRVING PARK RD,41.765251,-87.841995,03/22/2016 08:42:00 AM,2016
CR00010433,07/18/2022 03:11:00 PM,35,CLEAR,DAYLIGHT,PARKED MOTOR VEHICLE,NOT DIVIDED,TRAFFIC SIGNAL,FAILING TO YIELD RIGHT-OF-WAY,DISTRACTION - FROM INSIDE VEHICLE,0,0,0,0,15,2,7,839,ELSTON AVE,41.911165,-87.544465,07/18/2022 05:05:00 PM,2022
CR00010434,07/11/2022 03:30:00 PM,30,RAIN,DARKNESS - LIGHTED ROAD,REAR END,NOT DIVIDED,STOP SIGN/FLASHER,FAILING TO YIELD RIGHT-OF-WAY,NOT APPLICABLE,0,0,0,0,15,2,7,943,47TH ST,41.877526,-87.514779,07/11/2022 05:29:00 PM,2022
CR00010435,02/06/2019 08:23:00 AM,30,CLEAR,DARKNESS - LIGHTED ROAD,REAR TO FRONT,DIVIDED - W/MEDIAN (NOT RAISED),NO CONTROLS,FOLLOWING TOO CLOSELY,NOT APPLICABLE,0,0,0,0,8,4,2,543,PULASKI RD,41.97478,-87.583417,02/06/2019 08:26:00 AM,2019
CR00010436,06/19/2015 03:57:00 PM,25,CLEAR,DARKNESS - LIGHTED ROAD,REAR END,NOT DIVIDED,TRAFFIC SIGNAL,UNABLE TO DETERMINE,WEATHER,0,0,0,0,15,6,6,1271,47TH ST,41.972241,-87.598236,06/19/2015 04:32:00 PM,2015
CR00010437,05/15/2018 06:30:00 PM,15,CLEAR,DAYLIGHT,ANGLE,T-INTERSECTION,UNKNOWN,DRIVING SKILLS/KNOWLEDGE/EXPERIENCE,NOT APPLICABLE,0,0,0,0,18,3,5,1400,HALSTED ST,41.895192,-87.724667,05/15/2018 07:29:00 PM,2018
CR00010438,06/19/2023 08:48:00 AM,30,CLEAR,DAYLIGHT,PEDESTRIAN,FOUR WAY,NO CONTROLS,UNABLE TO DETERMINE,DRIVING SKILLS/KNOWLEDGE/EXPERIENCE,0,0,1,1,8,2,6,1921,BROADWAY,41.789616,-87.524351,06/19/2023 09:43:00 AM,2023
CR00010439,05/08/2018 06:52:00 PM,15,CLOUDY/OVERCAST,DAYLIGHT,REAR END,NOT DIVIDED,TRAFFIC SIGNAL,FOLLOWING TOO CLOSELY,UNABLE TO DETERMINE,0,0,0,0,18,3,5,1682,ROOSEVELT RD,41.953584,-87.82749,05/08/2018 07:21:00 PM,2018
CR00010440,09/04/2017 10:52:00 PM,35,CLEAR,DAWN,FIXED OBJECT,NOT DIVIDED,NO CONTROLS,UNABLE TO DETERMINE,IMPROPER LANE USAGE,0,0,3,3,22,2,9,2245,LAKE SHORE DR,41.985894,-87.530524,09/04/2017 11:33:00 PM,2017
CR00010441,11/24/2023 12:57:00 PM,30,CLEAR,DAYLIGHT,REAR END,NOT DIVIDED,TRAFFIC SIGNAL,IMPROPER OVERTAKING/PASSING,IMPROPER LANE USAGE,0,0,0,0,12,6,11,1586,ROOSEVELT RD,41.82763,-87.593281,11/24/2023 01:14:00 PM,2023
CR00010442,01/18/2019 07:09:00 AM,35,CLEAR,DARKNESS - LIGHTED ROAD,SIDESWIPE SAME DIRECTION,NOT DIVIDED,NO CONTROLS,FAILING TO YIELD RIGHT-OF-WAY,UNABLE TO DETERMINE,0,0,0,0,7,6,1,1051,CICERO AVE,41.859753,-87.619874,01/18/2019 08:44:00 AM,2019
CR00010443,10/21/2020 10:21:00 AM,15,RAIN,DAYLIGHT,ANGLE,NOT DIVIDED,TRAFFIC SIGNAL,FOLLOWING TOO CLOSELY,UNABLE TO DETERMINE,0,0,0,0,10,4,10,550,HALSTED ST,41.75111,-87.714273,10/21/2020 12:17:00 PM,2020
CR00010444,10/29/2022 02:54:00 PM,25,RAIN,DAYLIGHT,TURNING,NOT DIVIDED,STOP SIGN/FLASHER,FOLLOWING TOO CLOSELY,WEATHER,0,0,0,0,14,7,10,851,MICHIGAN AVE,41.754264,-87.594635,10/29/2022 04:03:00 PM,2022
CR00010445,10/06/2016 07:31:00 AM,25,CLEAR,DAYLIGHT,ANGLE,ONE-WAY,NO CONTROLS,FAILING TO YIELD RIGHT-OF-WAY,UNABLE TO DETERMINE,0,0,0,0,7,5,10,2108,LAKE SHORE DR,41.808423,-87.79178,10/06/2016 09:13:00 AM,2016
CR00010446,04/21/2021 11:27:00 AM,30,CLEAR,DAYLIGHT,TURNING,NOT DIVIDED,TRAFFIC SIGNAL,FOLLOWING TOO CLOSELY,FOLLOWING TOO CLOSELY,0,0,0,0,11,4,4,602,ELSTON AVE,41.750691,-87.73939,04/21/2021 12:07:00 PM,2021
CR00010447,12/19/2016 05:28:00 PM,30,CLEAR,DAYLIGHT,SIDESWIPE SAME DIRECTION,NOT DIVIDED,TRAFFIC SIGNAL,UNABLE TO DETERMINE,FOLLOWING TOO CLOSELY,0,0,0,0,17,2,12,1825,BROADWAY,41.754328,-87.534135,12/19/2016 05:59:00 PM,2016
CR00010448,01/02/2022 09:23:00 AM,45,CLEAR,DARKNESS - LIGHTED ROAD,PEDESTRIAN,ONE-WAY,TRAFFIC SIGNAL,FOLLOWING TOO CLOSELY,UNABLE TO DETERMINE,0,0,0,0,9,1,1,380,47TH ST,41.892572,-87.838934,01/02/2022 09:36:00 AM,2022
CR00010449,10/17/2016 07:30:00 AM,35,CLEAR,DARKNESS - LIGHTED ROAD,PARKED MOTOR VEHICLE,NOT DIVIDED,NO CONTROLS,FOLLOWING TOO CLOSELY,FOLLOWING TOO CLOSELY,0,0,0,0,7,2,10,2016,MILWAUKEE AVE,41.891559,-87.529101,10/17/2016 08:32:00 AM,2016
CR00010450,06/17/2020 05:07:00 PM,40,CLEAR,DARKNESS - LIGHTED ROAD,SIDESWIPE SAME DIRECTION,NOT DIVIDED,UNKNOWN,UNABLE TO DETERMINE,NOT APPLICABLE,0,0,0,0,17,4,6,1809,OGDEN AVE,41.984789,-87.720598,06/17/2020 06:07:00 PM,2020
CR00010451,07/19/2023 11:37:00 AM,35,CLOUDY/OVERCAST,DAYLIGHT,ANGLE,DIVIDED - W/MEDIAN (NOT RAISED),NO CONTROLS,FAILING TO REDUCE SPEED,DISTRACTION - FROM INSIDE VEHICLE,0,0,0,0,11,4,7,1882,ARCHER AVE,41.898873,-87.772101,07/19/2023 12:57:00 PM,2023
CR00010452,01/06/2022 05:11:00 PM,15,CLEAR,DARKNESS - LIGHTED ROAD,ANGLE,NOT DIVIDED,NO CONTROLS,IMPROPER OVERTAKING/PASSING,UNABLE TO DETERMINE,0,0,0,0,17,5,1,199,WESTERN AVE,41.968292,-87.674186,01/06/2022 06:22:00 PM,2022
CR00010453,09/30/2022 08:01:00 PM,45,CLEAR,DARKNESS - LIGHTED ROAD,REAR END,NOT DIVIDED,NO CONTROLS,DISREGARDING TRAFFIC SIGNALS,UNABLE TO DETERMINE,0,2,3,5,20,6,9,2050,WESTERN AVE,41.824719,-87.792656,09/30/2022 08:20:00 PM,2022
CR00010454,05/20/2018 09:50:00 PM,30,CLEAR,DARKNESS,TURNING,FOUR WAY,STOP SIGN/FLASHER,UNABLE TO DETERMINE,DISTRACTION - FROM INSIDE VEHICLE,0,0,0,0,21,1,5,2220,PULASKI RD,41.700284,-87.704333,05/20/2018 09:51:00 PM,2018
CR00010455,05/10/2020 07:00:00 PM,30,CLEAR,DAYLIGHT,REAR END,DIVIDED - W/MEDIAN BARRIER,UNKNOWN,FAILING TO REDUCE SPEED,FAILING TO YIELD RIGHT-OF-WAY,0,0,0,0,19,1,5,486,ROOSEVELT RD,41.846655,-87.537583,05/10/2020 07:15:00 PM,2020
CR00010456,10/07/2023 02:05:00 PM,30,CLOUDY/OVERCAST,DUSK,ANGLE,FOUR WAY,TRAFFIC SIGNAL,UNABLE TO DETERMINE,IMPROPER OVERTAKING/PASSING,0,0,0,0,14,7,10,1063,LAKE SHORE DR,41.927865,-87.563558,10/07/2023 02:51:00 PM,2023
CR00010457,02/21/2022 07:52:00 AM,35,CLEAR,DARKNESS,ANGLE,NOT DIVIDED,TRAFFIC SIGNAL,DISREGARDING TRAFFIC SIGNALS,NOT APPLICABLE,0,0,1,1,7,2,2,414,63RD ST,41.859241,-87.712936,02/21/2022 09:43:00 AM,2022
CR00010458,12/13/2018 06:05:00 PM,30,CLOUDY/OVERCAST,DAYLIGHT,PARKED MOTOR VEHICLE,DIVIDED - W/MEDIAN (NOT RAISED),NO CONTROLS,FAILING TO REDUCE SPEED,IMPROPER OVERTAKING/PASSING,0,0,0,0,18,5,12,1174,CLARK ST,41.906639,-87.638755,12/13/2018 07:13:00 PM,2018