CRASH_RECORD_ID,CRASH_DATE,POSTED_SPEED_LIMIT,WEATHER_CONDITION,LIGHTING_CONDITION,FIRST_CRASH_TYPE,TRAFFICWAY_TYPE,TRAFFIC_CONTROL_DEVICE,PRIM_CONTRIBUTORY_CAUSE,SEC_CONTRIBUTORY_CAUSE,INJURIES_FATAL,INJURIES_INCAPACITATING,INJURIES_NON_INCAPACITATING,INJURIES_TOTAL,CRASH_HOUR,CRASH_DAY_OF_WEEK,CRASH_MONTH,BEAT_OF_OCCURRENCE,STREET_NAME,LATITUDE,LONGITUDE,DATE_POLICE_NOTIFIED,year
CR00010459,05/28/2016 12:56:00 PM,35,CLEAR,DAYLIGHT,TURNING,DIVIDED - W/MEDIAN (NOT RAISED),NO CONTROLS,IMPROPER LANE USAGE,UNABLE TO DETERMINE,0,0,0,0,12,7,5,1215,DIVISION ST,41.892288,-87.704506,05/28/2016 01:36:00 PM,2016
CR00010460,04/03/2024 02:10:00 AM,40,CLEAR,DUSK,TURNING,NOT DIVIDED,UNKNOWN,UNABLE TO DETERMINE,DISTRACTION - FROM INSIDE VEHICLE,0,0,0,0,2,4,4,2454,79TH ST,41.991857,-87.771262,04/03/2024 02:37:00 AM,2024
CR00010461,03/11/2018 02:53:00 PM,30,CLEAR,DAYLIGHT,REAR END,NOT DIVIDED,YIELD,FOLLOWING TOO CLOSELY,FAILING TO YIELD RIGHT-OF-WAY,0,0,0,0,14,1,3,967,ASHLAND AVE,41.847016,-87.759011,03/11/2018 03:07:00 PM,2018
CR00010462,11/28/2021 08:47:00 AM,30,RAIN,DAYLIGHT,ANGLE,DIVIDED - W/MEDIAN (NOT RAISED),NO CONTROLS,FAILING TO REDUCE SPEED,UNABLE TO DETERMINE,0,0,1,1,8,1,11,665,KEDZIE AVE,41.88064,-87.733218,11/28/2021 08:51:00 AM,2021
CR00010463,07/21/2016 03:18:00 PM,15,CLEAR,DARKNESS - LIGHTED ROAD,SIDESWIPE SAME DIRECTION,NOT DIVIDED,NO CONTROLS,FAILING TO REDUCE SPEED,UNABLE TO DETERMINE,0,0,0,0,15,5,7,1356,MILWAUKEE AVE,41.943473,-87.630531,07/21/2016 04:58:00 PM,2016
CR00010464,11/05/2019 02:29:00 PM,35,SNOW,DAYLIGHT,REAR END,DIVIDED - W/MEDIAN BARRIER,NO CONTROLS,DISTRACTION - FROM INSIDE VEHICLE,FAILING TO YIELD RIGHT-OF-WAY,0,0,1,1,14,3,11,662,MILWAUKEE AVE,41.925217,-87.565206,11/05/2019 04:29:00 PM,2019
CR00010465,11/21/2024 12:35:00 PM,35,CLEAR,DARKNESS - LIGHTED ROAD,TURNING,NOT DIVIDED,NO CONTROLS,FOLLOWING TOO CLOSELY,IMPROPER LANE USAGE,0,0,0,0,12,5,11,597,CICERO AVE,41.746031,-87.571629,11/21/2024 01:03:00 PM,2024
CR00010466,03/22/2016 06:43:00 PM,35,SNOW,DARKNESS - LIGHTED ROAD,PARKED MOTOR VEHICLE,DIVIDED - W/MEDIAN (NOT RAISED),YIELD,UNABLE TO DETERMINE,UNABLE TO DETERMINE,0,0,0,0,18,3,3,837,CALIFORNIA AVE,41.739287,-87.747968,03/22/2016 07:42:00 PM,2016
CR00010467,03/30/2016 11:41:00 AM,35,RAIN,DAYLIGHT,PARKED MOTOR VEHICLE,DIVIDED - W/MEDIAN (NOT RAISED),TRAFFIC SIGNAL,UNABLE TO DETERMINE,IMPROPER OVERTAKING/PASSING,0,0,0,0,11,4,3,2508,WESTERN AVE,41.704379,-87.617526,03/30/2016 11:42:00 AM,2016
CR00010468,08/07/2017 05:23:00 PM,30,CLEAR,DAYLIGHT,REAR END,DIVIDED - W/MEDIAN (NOT RAISED),STOP SIGN/FLASHER,IMPROPER OVERTAKING/PASSING,IMPROPER LANE USAGE,0,0,0,0,17,2,8,2403,ARCHER AVE,41.783502,-87.626442,08/07/2017 05:52:00 PM,2017
CR00010469,08/04/2017 03:40:00 PM,30,CLEAR,DAYLIGHT,PARKED MOTOR VEHICLE,NOT DIVIDED,UNKNOWN,IMPROPER LANE USAGE,IMPROPER OVERTAKING/PASSING,0,0,0,0,15,6,8,177,PULASKI RD,41.707907,-87.848062,08/04/2017 04:17:00 PM,2017
CR00010470,07/22/2020 09:24:00 PM,40,CLEAR,DAYLIGHT,ANGLE,FOUR WAY,STOP SIGN/FLASHER,UNABLE TO DETERMINE,UNABLE TO DETERMINE,0,0,0,0,21,4,7,1692,DIVISION ST,41.847369,-87.571312,07/22/2020 11:12:00 PM,2020
CR00010471,11/10/2024 04:33:00 PM,40,RAIN,DAYLIGHT,REAR END,T-INTERSECTION,STOP SIGN/FLASHER,UNABLE TO DETERMINE,WEATHER,0,0,0,0,16,1,11,1934,79TH ST,41.974641,-87.677718,11/10/2024 06:31:00 PM,2024
CR00010472,02/12/2015 06:46:00 AM,35,CLEAR,DAYLIGHT,REAR END,DIVIDED - W/MEDIAN (NOT RAISED),NO CONTROLS,FOLLOWING TOO CLOSELY,FAILING TO YIELD RIGHT-OF-WAY,0,0,0,0,6,5,2,2043,KEDZIE AVE,41.832797,-87.69469,02/12/2015 07:40:00 AM,2015
CR00010473,02/28/2024 04:01:00 PM,40,FOG/SMOKE/HAZE,DAYLIGHT,TURNING,DIVIDED - W/MEDIAN (NOT RAISED),NO CONTROLS,UNABLE TO DETERMINE,IMPROPER LANE USAGE,0,0,0,0,16,4,2,1336,HALSTED ST,41.971631,-87.781602,02/28/2024 05:58:00 PM,2024
CR00010474,10/03/2019 12:12:00 PM,35,RAIN,DARKNESS - LIGHTED ROAD,TURNING,NOT DIVIDED,TRAFFIC SIGNAL,UNABLE TO DETERMINE,FAILING TO REDUCE SPEED,0,0,1,1,12,5,10,962,PULASKI RD,41.916631,-87.543408,10/03/2019 01:59:00 PM,2019
CR00010475,09/15/2022 04:36:00 AM,25,CLOUDY/OVERCAST,DAYLIGHT,ANGLE,ONE-WAY,STOP SIGN/FLASHER,UNABLE TO DETERMINE,IMPROPER LANE USAGE,0,0,0,0,4,5,9,1059,OGDEN AVE,41.918437,-87.807938,09/15/2022 05:25:00 AM,2022
CR00010476,06/03/2019 07:30:00 PM,30,CLEAR,DAYLIGHT,ANGLE,ONE-WAY,TRAFFIC SIGNAL,DRIVING SKILLS/KNOWLEDGE/EXPERIENCE,FAILING TO REDUCE SPEED,0,0,0,0,19,2,6,1686,KEDZIE AVE,41.943855,-87.538351,06/03/2019 08:39:00 PM,2019
CR00010477,05/13/2023 07:39:00 PM,25,CLEAR,DAYLIGHT,SIDESWIPE SAME DIRECTION,DIVIDED - W/MEDIAN BARRIER,YIELD,IMPROPER OVERTAKING/PASSING,FAILING TO YIELD RIGHT-OF-WAY,0,0,0,0,19,7,5,458,LAKE SHORE DR,41.882981,-87.656053,05/13/2023 08:14:00 PM,2023
CR00010478,09/04/2018 12:34:00 AM,30,CLEAR,DARKNESS - LIGHTED ROAD,REAR END,DIVIDED - W/MEDIAN BARRIER,NO CONTROLS,UNABLE TO DETERMINE,UNABLE TO DETERMINE,0,0,0,0,0,3,9,1592,MILWAUKEE AVE,41.98454,-87.764499,09/04/2018 12:46:00 AM,2018
CR00010479,01/11/2023 04:25:00 PM,30,FREEZING RAIN/DRIZZLE,DARKNESS - LIGHTED ROAD,ANGLE,ONE-WAY,NO CONTROLS,UNABLE TO DETERMINE,FOLLOWING TOO CLOSELY,0,0,0,0,16,4,1,911,79TH ST,41.970717,-87.510953,01/11/2023 06:07:00 PM,2023
CR00010480,10/21/2022 04:40:00 PM,15,RAIN,DUSK,ANGLE,NOT DIVIDED,TRAFFIC SIGNAL,FAILING TO YIELD RIGHT-OF-WAY,IMPROPER OVERTAKING/PASSING,0,0,0,0,16,6,10,768,BROADWAY,41.990352,-87.799275,10/21/2022 05:28:00 PM,2022
CR00010481,11/04/2020 06:08:00 PM,35,CLEAR,DAYLIGHT,REAR END,NOT DIVIDED,YIELD,DRIVING SKILLS/KNOWLEDGE/EXPERIENCE,DISTRACTION - FROM INSIDE VEHICLE,0,0,2,2,18,4,11,1951,ELSTON AVE,41.883551,-87.512326,11/04/2020 07:34:00 PM,2020
CR00010482,10/02/2019 07:26:00 AM,30,CLEAR,DAYLIGHT,TURNING,NOT DIVIDED,STOP SIGN/FLASHER,DISTRACTION - FROM INSIDE VEHICLE,IMPROPER LANE USAGE,0,0,0,0,7,4,10,717,STONY ISLAND AVE,41.906943,-87.699987,10/02/2019 08:17:00 AM,2019
CR00010483,04/18/2024 06:36:00 PM,35,CLEAR,DAYLIGHT,PARKED MOTOR VEHICLE,NOT DIVIDED,TRAFFIC SIGNAL,DISREGARDING TRAFFIC SIGNALS,IMPROPER LANE USAGE,0,0,0,0,18,5,4,2119,STONY ISLAND AVE,41.818549,-87.665127,04/18/2024 08:09:00 PM,2024
CR00010484,03/04/2018 03:09:00 PM,20,CLEAR,DAYLIGHT,SIDESWIPE SAME DIRECTION,ONE-WAY,NO CONTROLS,UNABLE TO DETERMINE,UNABLE TO DETERMINE,0,0,2,2,15,1,3,139,FULLERTON AVE,41.992218,-87.614281,03/04/2018 04:15:00 PM,2018
CR00010485,10/14/2018 01:44:00 PM,45,CLEAR,DAYLIGHT,REAR END,NOT DIVIDED,NO CONTROLS,WEATHER,DISTRACTION - FROM INSIDE VEHICLE,0,0,2,2,13,1,10,259,PULASKI RD,41.807823,-87.807744,10/14/2018 03:39:00 PM,2018
CR00010486,03/28/2023 12:07:00 AM,25,CLEAR,DAYLIGHT,REAR END,ONE-WAY,NO CONTROLS,FAILING TO YIELD RIGHT-OF-WAY,IMPROPER LANE USAGE,0,0,0,0,0,3,3,2336,HALSTED ST,41.727292,-87.611919,03/28/2023 01:14:00 AM,2023
CR00010487,09/20/2020 06:24:00 PM,30,CLEAR,DAYLIGHT,SIDESWIPE SAME DIRECTION,NOT DIVIDED,NO CONTROLS,IMPROPER LANE USAGE,FOLLOWING TOO CLOSELY,0,0,0,0,18,1,9,1444,FULLERTON AVE,41.960975,-87.626436,09/20/2020 08:15:00 PM,2020
CR00010488,02/28/2023 09:03:00 AM,45,CLEAR,DARKNESS - LIGHTED ROAD,SIDESWIPE SAME DIRECTION,DIVIDED - W/MEDIAN (NOT RAISED),TRAFFIC SIGNAL,IMPROPER OVERTAKING/PASSING,DRIVING SKILLS/KNOWLEDGE/EXPERIENCE,0,0,2,2,9,3,2,2234,FULLERTON AVE,41.718014,-87.826404,02/28/2023 09:19:00 AM,2023
CR00010489,08/14/2019 03:37:00 PM,25,SNOW,DAYLIGHT,TURNING,DIVIDED - W/MEDIAN BARRIER,STOP SIGN/FLASHER,DISREGARDING TRAFFIC SIGNALS,NOT APPLICABLE,0,0,0,0,15,4,8,792,DAMEN AVE,41.836205,-87.693601,08/14/2019 05:20:00 PM,2019
CR00010490,12/03/2019 11:07:00 PM,45,CLEAR,DARKNESS - LIGHTED ROAD,REAR END,NOT DIVIDED,STOP SIGN/FLASHER,FAILING TO YIELD RIGHT-OF-WAY,FOLLOWING TOO CLOSELY,0,1,2,3,23,3,12,153,BROADWAY,41.794902,-87.571945,12/04/2019 12:58:00 AM,2019
CR00010491,11/05/2023 11:44:00 PM,30,CLEAR,DARKNESS - LIGHTED ROAD,SIDESWIPE SAME DIRECTION,ONE-WAY,STOP SIGN/FLASHER,FAILING TO YIELD RIGHT-OF-WAY,FOLLOWING TOO CLOSELY,0,0,0,0,23,1,11,1865,DIVISION ST,41.730369,-87.597377,11/06/2023 01:35:00 AM,2023
CR00010492,09/13/2016 06:57:00 PM,35,CLOUDY/OVERCAST,DAYLIGHT,REAR END,ONE-WAY,TRAFFIC SIGNAL,IMPROPER OVERTAKING/PASSING,NOT APPLICABLE,0,0,0,0,18,3,9,588,47TH ST,41.922238,-87.648878,09/13/2016 07:51:00 PM,2016
CR00010493,04/01/2017 11:52:00 AM,30,CLEAR,DAYLIGHT,ANGLE,NOT DIVIDED,NO CONTROLS,UNABLE TO DETERMINE,FAILING TO YIELD RIGHT-OF-WAY,0,0,0,0,11,7,4,796,BROADWAY,41.734139,-87.770223,04/01/2017 12:56:00 PM,2017
CR00010494,06/19/2016 04:29:00 PM,35,CLEAR,DAYLIGHT,REAR END,DIVIDED - W/MEDIAN (NOT RAISED),TRAFFIC SIGNAL,UNABLE TO DETERMINE,UNABLE TO DETERMINE,0,0,1,1,16,1,6,1110,ARCHER AVE,41.92752,-87.624834,06/19/2016 06:20:00 PM,2016
CR00010495,10/13/2021 07:27:00 AM,25,CLEAR,DAYLIGHT,TURNING,NOT DIVIDED,NO CONTROLS,FOLLOWING TOO CLOSELY,DRIVING SKILLS/KNOWLEDGE/EXPERIENCE,0,2,1,3,7,4,10,1214,OGDEN AVE,41.927428,-87.507759,10/13/2021 08:44:00 AM,2021
CR00010496,02/17/2022 05:22:00 PM,45,CLEAR,DAYLIGHT,REAR END,ONE-WAY,NO CONTROLS,DISREGARDING TRAFFIC SIGNALS,DRIVING SKILLS/KNOWLEDGE/EXPERIENCE,0,0,0,0,17,5,2,1190,CALIFORNIA AVE,41.777391,-87.6301,02/17/2022 06:32:00 PM,2022
CR00010497,09/14/2020 08:00:00 AM,30,CLEAR,DAYLIGHT,ANGLE,DIVIDED - W/MEDIAN BARRIER,NO CONTROLS,IMPROPER OVERTAKING/PASSING,WEATHER,0,0,0,0,8,2,9,495,FULLERTON AVE,41.964625,-87.567594,09/14/2020 09:44:00 AM,2020
CR00010498,04/06/2018 09:40:00 AM,25,CLEAR,DAYLIGHT,TURNING,NOT DIVIDED,STOP SIGN/FLASHER,UNABLE TO DETERMINE,DISTRACTION - FROM INSIDE VEHICLE,0,0,0,0,9,6,4,2045,MICHIGAN AVE,41.832489,-87.589609,04/06/2018 09:41:00 AM,2018
CR00010499,02/08/2015 06:27:00 PM,20,CLEAR,DAYLIGHT,REAR END,ONE-WAY,STOP SIGN/FLASHER,WEATHER,UNABLE TO DETERMINE,0,0,0,0,18,1,2,263,KEDZIE AVE,41.907213,-87.509837,02/08/2015 06:58:00 PM,2015
CR00010500,10/11/2017 07:33:00 AM,40,SNOW,DARKNESS,REAR END,DIVIDED - W/MEDIAN (NOT RAISED),STOP SIGN/FLASHER,FAILING TO REDUCE SPEED,DISTRACTION - FROM INSIDE VEHICLE,0,0,0,0,7,4,10,783,DAMEN AVE,41.952851,-87.551149,10/11/2017 08:12:00 AM,2017
CR00010501,01/29/2024 07:51:00 PM,30,CLEAR,DAYLIGHT,SIDESWIPE SAME DIRECTION,NOT DIVIDED,NO CONTROLS,FAILING TO YIELD RIGHT-OF-WAY,UNABLE TO DETERMINE,0,0,0,0,19,2,1,1092,OGDEN AVE,41.968413,-87.832068,01/29/2024 08:27:00 PM,2024
CR00010502,12/12/2017 05:04:00 PM,20,CLEAR,DUSK,SIDESWIPE SAME DIRECTION,T-INTERSECTION,YIELD,IMPROPER LANE USAGE,FAILING TO YIELD RIGHT-OF-WAY,0,0,0,0,17,3,12,2102,STONY ISLAND AVE,41.880018,-87.572205,12/12/2017 06:14:00 PM,2017
CR00010503,05/09/2017 02:42:00 PM,35,CLEAR,DARKNESS - LIGHTED ROAD,SIDESWIPE SAME DIRECTION,ONE-WAY,NO CONTROLS,UNABLE TO DETERMINE,DRIVING SKILLS/KNOWLEDGE/EXPERIENCE,0,0,0,0,14,3,5,2200,CALIFORNIA AVE,41.946921,-87.565574,05/09/2017 04:32:00 PM,2017
CR00010504,02/02/2017 07:44:00 AM,35,CLEAR,DAYLIGHT,SIDESWIPE SAME DIRECTION,NOT DIVIDED,NO CONTROLS,DISTRACTION - FROM INSIDE VEHICLE,UNABLE TO DETERMINE,0,0,1,1,7,5,2,847,OGDEN AVE,41.91886,-87.79294,02/02/2017 08:30:00 AM,2017
CR00010505,03/16/2015 04:45:00 PM,30,CLEAR,DAYLIGHT,REAR END,DIVIDED - W/MEDIAN (NOT RAISED),STOP SIGN/FLASHER,UNABLE TO DETERMINE,IMPROPER LANE USAGE,0,0,0,0,16,2,3,2194,ARCHER AVE,41.792697,-87.829465,03/16/2015 05:43:00 PM,2015
CR00010506,05/27/2023 07:15:00 AM,30,CLEAR,DAYLIGHT,PARKED MOTOR VEHICLE,DIVIDED - W/MEDIAN (NOT RAISED),NO CONTROLS,DISTRACTION - FROM INSIDE VEHICLE,NOT APPLICABLE,0,0,0,0,7,7,5,1884,CICERO AVE,41.941622,-87.810589,05/27/2023 08:57:00 AM,2023
CR00010507,12/21/2020 08:26:00 AM,30,RAIN,DAYLIGHT,TURNING,DIVIDED - W/MEDIAN BARRIER,NO CONTROLS,FOLLOWING TOO CLOSELY,DISTRACTION - FROM INSIDE VEHICLE,0,0,0,0,8,2,12,1485,MICHIGAN AVE,41.855293,-87.510326,12/21/2020 08:28:00 AM,2020
CR00010508,12/10/2022 07:07:00 PM,45,CLEAR,DAYLIGHT,SIDESWIPE SAME DIRECTION,DIVIDED - W/MEDIAN (NOT RAISED),TRAFFIC SIGNAL,DRIVING SKILLS/KNOWLEDGE/EXPERIENCE,UNABLE TO DETERMINE,0,0,0,0,19,7,12,740,OGDEN AVE,41.973718,-87.785571,12/10/2022 07:16:00 PM,2022
CR00010509,09/09/2021 02:17:00 PM,25,CLEAR,DARKNESS,REAR TO FRONT,DIVIDED - W/MEDIAN BARRIER,TRAFFIC SIGNAL,FAILING TO YIELD RIGHT-OF-WAY,WEATHER,0,0,1,1,14,5,9,2404,STONY ISLAND AVE,41.794568,-87.707099,09/09/2021 03:39:00 PM,2021
CR00010510,08/16/2022 07:23:00 PM,40,CLEAR,DARKNESS,ANGLE,NOT DIVIDED,NO CONTROLS,FOLLOWING TOO CLOSELY,IMPROPER LANE USAGE,0,2,2,4,19,3,8,2025,WESTERN AVE,41.749794,-87.727721,08/16/2022 07:56:00 PM,2022
CR00010511,11/10/2021 07:21:00 AM,25,CLEAR,DARKNESS - LIGHTED ROAD,REAR END,DIVIDED - W/MEDIAN BARRIER,STOP SIGN/FLASHER,DRIVING SKILLS/KNOWLEDGE/EXPERIENCE,NOT APPLICABLE,0,0,0,0,7,4,11,2407,STONY ISLAND AVE,41.866352,-87.790015,11/10/2021 08:58:00 AM,2021
CR00010512,04/12/2020 02:44:00 AM,35,CLOUDY/OVERCAST,DAYLIGHT,PARKED MOTOR VEHICLE,DIVIDED - W/MEDIAN (NOT RAISED),TRAFFIC SIGNAL,DRIVING SKILLS/KNOWLEDGE/EXPERIENCE,DRIVING SKILLS/KNOWLEDGE/EXPERIENCE,0,0,0,0,2,1,4,524,BROADWAY,41.718959,-87.739094,04/12/2020 03:10:00 AM,2020
CR00010513,12/30/2023 02:52:00 AM,15,CLEAR,DAYLIGHT,TURNING,FOUR WAY,NO CONTROLS,FOLLOWING TOO CLOSELY,UNABLE TO DETERMINE,0,0,0,0,2,7,12,2396,FULLERTON AVE,41.754414,-87.761504,12/30/2023 04:14:00 AM,2023
CR00010514,01/13/2015 10:11:00 PM,15,CLOUDY/OVERCAST,DARKNESS - LIGHTED ROAD,REAR END,FOUR WAY,TRAFFIC SIGNAL,FOLLOWING TOO CLOSELY,UNABLE TO DETERMINE,0,0,2,2,22,3,1,1683,63RD ST,41.88955,-87.601079,01/13/2015 11:44:00 PM,2015
CR00010515,03/19/2024 06:37:00 PM,30,CLEAR,DUSK,REAR END,NOT DIVIDED,NO CONTROLS,DRIVING SKILLS/KNOWLEDGE/EXPERIENCE,NOT APPLICABLE,0,0,0,0,18,3,3,321,ELSTON AVE,41.946847,-87.731405,03/19/2024 06:54:00 PM,2024
CR00010516,12/25/2018 05:50:00 AM,35,RAIN,DAYLIGHT,ANGLE,T-INTERSECTION,TRAFFIC SIGNAL,FOLLOWING TOO CLOSELY,DISTRACTION - FROM INSIDE VEHICLE,0,0,0,0,5,3,12,859,ASHLAND AVE,41.722356,-87.839697,12/25/2018 07:16:00 AM,2018
CR00010517,07/15/2022 12:39:00 PM,40,CLOUDY/OVERCAST,DARKNESS - LIGHTED ROAD,TURNING,FOUR WAY,STOP SIGN/FLASHER,UNABLE TO DETERMINE,FOLLOWING TOO CLOSELY,0,0,0,0,12,6,7,2103,STONY ISLAND AVE,41.729464,-87.619858,07/15/2022 02:18:00 PM,2022
CR00010518,07/13/2024 05:36:00 PM,20,CLEAR,DAYLIGHT,ANGLE,NOT DIVIDED,TRAFFIC SIGNAL,FAILING TO YIELD RIGHT-OF-WAY,DISREGARDING TRAFFIC SIGNALS,0,0,2,2,17,7,7,337,KEDZIE AVE,41.842025,-87.567352,07/13/2024 05:39:00 PM,2024
CR00010519,09/13/2023 09:21:00 PM,30,CLOUDY/OVERCAST,DAYLIGHT,SIDESWIPE SAME DIRECTION,NOT DIVIDED,UNKNOWN,UNABLE TO DETERMINE,IMPROPER OVERTAKING/PASSING,0,0,0,0,21,4,9,144,ASHLAND AVE,41.837679,-87.597616,09/13/2023 10:49:00 PM,2023
CR00010520,08/19/2022 01:16:00 AM,35,CLEAR,DARKNESS - LIGHTED ROAD,REAR END,DIVIDED - W/MEDIAN BARRIER,STOP SIGN/FLASHER,FAILING TO REDUCE SPEED,IMPROPER LANE USAGE,0,0,0,0,1,6,8,1300,STONY ISLAND AVE,41.782587,-87.656205,08/19/2022 03:01:00 AM,2022
CR00010521,04/24/2021 02:29:00 PM,30,CLEAR,DAYLIGHT,SIDESWIPE SAME DIRECTION,NOT DIVIDED,STOP SIGN/FLASHER,IMPROPER LANE USAGE,DRIVING SKILLS/KNOWLEDGE/EXPERIENCE,0,0,0,0,14,7,4,2071,ARCHER AVE,41.867424,-87.803456,04/24/2021 03:16:00 PM,2021
CR00010522,09/08/2016 07:17:00 AM,15,CLEAR,DAYLIGHT,TURNING,NOT DIVIDED,NO CONTROLS,IMPROPER OVERTAKING/PASSING,UNABLE TO DETERMINE,0,0,0,0,7,5,9,1626,IRVING PARK RD,41.749832,-87.583322,09/08/2016 08:22:00 AM,2016
CR00010523,03/31/2016 04:11:00 PM,30,CLEAR,DAYLIGHT,TURNING,NOT DIVIDED,NO CONTROLS,UNABLE TO DETERMINE,FAILING TO REDUCE SPEED,0,0,0,0,16,5,3,1295,47TH ST,41.943597,-87.782526,03/31/2016 05:32:00 PM,2016
CR00010524,05/15/2023 01:15:00 PM,15,CLEAR,DARKNESS - LIGHTED ROAD,SIDESWIPE SAME DIRECTION,NOT DIVIDED,NO CONTROLS,UNABLE TO DETERMINE,FAILING TO YIELD RIGHT-OF-WAY,0,0,3,3,13,2,5,2232,47TH ST,41.987543,-87.648068,05/15/2023 02:04:00 PM,2023
CR00010525,10/20/2018 04:05:00 PM,45,RAIN,DAYLIGHT,REAR END,NOT DIVIDED,TRAFFIC SIGNAL,UNABLE TO DETERMINE,IMPROPER LANE USAGE,0,0,0,0,16,7,10,2043,ROOSEVELT RD,41.773302,-87.721622,10/20/2018 05:52:00 PM,2018
CR00010526,12/23/2015 07:42:00 PM,15,SNOW,DAYLIGHT,SIDESWIPE SAME DIRECTION,T-INTERSECTION,STOP SIGN/FLASHER,IMPROPER OVERTAKING/PASSING,UNABLE TO DETERMINE,0,0,0,0,19,4,12,285,CLARK ST,41.884768,-87.785596,12/23/2015 09:18:00 PM,2015
CR00010527,02/04/2015 02:13:00 AM,40,CLEAR,DAYLIGHT,SIDESWIPE SAME DIRECTION,NOT DIVIDED,STOP SIGN/FLASHER,FAILING TO YIELD RIGHT-OF-WAY,UNABLE TO DETERMINE,0,0,2,2,2,4,2,1616,ARCHER AVE,41.808671,-87.548448,02/04/2015 03:02:00 AM,2015
CR00010528,01/24/2020 02:22:00 PM,40,CLEAR,DAYLIGHT,REAR END,FOUR WAY,TRAFFIC SIGNAL,UNABLE TO DETERMINE,UNABLE TO DETERMINE,0,0,0,0,14,6,1,1120,FULLERTON AVE,41.70766,-87.727092,01/24/2020 02:33:00 PM,2020
CR00010529,01/11/2024 02:27:00 AM,25,CLEAR,DAYLIGHT,TURNING,DIVIDED - W/MEDIAN (NOT RAISED),STOP SIGN/FLASHER,FOLLOWING TOO CLOSELY,NOT APPLICABLE,0,0,1,1,2,5,1,1878,MILWAUKEE AVE,41.971151,-87.786343,01/11/2024 03:09:00 AM,2024
CR00010530,04/12/2017 06:55:00 PM,15,CLEAR,DARKNESS,REAR END,NOT DIVIDED,STOP SIGN/FLASHER,FAILING TO REDUCE SPEED,FAILING TO YIELD RIGHT-OF-WAY,0,0,2,2,18,4,4,495,WESTERN AVE,41.776167,-87.706252,04/12/2017 08:16:00 PM,2017
CR00010531,10/20/2023 11:12:00 AM,30,CLEAR,DARKNESS - LIGHTED ROAD,TURNING,NOT DIVIDED,YIELD,UNABLE TO DETERMINE,IMPROPER OVERTAKING/PASSING,0,0,0,0,11,6,10,2490,IRVING PARK RD,41.911218,-87.683479,10/20/2023 12:08:00 PM,2023
CR00010532,03/15/2017 12:04:00 PM,30,CLEAR,DARKNESS - LIGHTED ROAD,REAR END,NOT DIVIDED,TRAFFIC SIGNAL,FAILING TO YIELD RIGHT-OF-WAY,UNABLE TO DETERMINE,0,0,0,0,12,4,3,954,ELSTON AVE,41.996153,-87.605722,03/15/2017 12:59:00 PM,2017
CR00010533,03/11/2015 01:13:00 AM,40,CLEAR,DAWN,PEDESTRIAN,NOT DIVIDED,TRAFFIC SIGNAL,FAILING TO REDUCE SPEED,UNABLE TO DETERMINE,0,0,2,2,1,4,3,231,MILWAUKEE AVE,41.732711,-87.561427,03/11/2015 03:00:00 AM,2015
CR00010534,08/19/2017 07:40:00 PM,35,CLEAR,DUSK,REAR END,FOUR WAY,TRAFFIC SIGNAL,FAILING TO REDUCE SPEED,DISREGARDING TRAFFIC SIGNALS,0,0,0,0,19,7,8,703,BROADWAY,41.847646,-87.600849,08/19/2017 09:17:00 PM,2017
CR00010535,05/18/2015 08:48:00 AM,30,CLEAR,DAYLIGHT,REAR TO FRONT,DIVIDED - W/MEDIAN (NOT RAISED),YIELD,UNABLE TO DETERMINE,FOLLOWING TOO CLOSELY,0,1,1,2,8,2,5,372,ROOSEVELT RD,41.856555,-87.790005,05/18/2015 10:26:00 AM,2015
CR00010536,11/24/2020 01:07:00 PM,20,CLEAR,DAYLIGHT,ANGLE,NOT DIVIDED,TRAFFIC SIGNAL,UNABLE TO DETERMINE,DRIVING SKILLS/KNOWLEDGE/EXPERIENCE,0,0,0,0,13,3,11,331,79TH ST,41.767706,-87.708696,11/24/2020 01:37:00 PM,2020
CR00010537,04/15/2015 08:31:00 PM,40,SNOW,DAYLIGHT,FIXED OBJECT,DIVIDED - W/MEDIAN BARRIER,TRAFFIC SIGNAL,DISTRACTION - FROM INSIDE VEHICLE,IMPROPER OVERTAKING/PASSING,0,0,0,0,20,4,4,1047,OGDEN AVE,41.921284,-87.832551,04/15/2015 10:11:00 PM,2015
CR00010538,12/09/2016 03:34:00 PM,20,CLEAR,DAYLIGHT,REAR TO FRONT,ONE-WAY,STOP SIGN/FLASHER,DISTRACTION - FROM INSIDE VEHICLE,UNABLE TO DETERMINE,0,1,3,4,15,6,12,191,ROOSEVELT RD,41.807455,-87.569047,12/09/2016 04:51:00 PM,2016
CR00010539,06/03/2015 08:30:00 AM,35,CLEAR,DARKNESS - LIGHTED ROAD,PARKED MOTOR VEHICLE,DIVIDED - W/MEDIAN (NOT RAISED),NO CONTROLS,FAILING TO YIELD RIGHT-OF-WAY,NOT APPLICABLE,0,0,0,0,8,4,6,376,IRVING PARK RD,41.806668,-87.783094,06/03/2015 09:44:00 AM,2015