CRASH_RECORD_ID,CRASH_DATE,POSTED_SPEED_LIMIT,WEATHER_CONDITION,LIGHTING_CONDITION,FIRST_CRASH_TYPE,TRAFFICWAY_TYPE,TRAFFIC_CONTROL_DEVICE,PRIM_CONTRIBUTORY_CAUSE,SEC_CONTRIBUTORY_CAUSE,INJURIES_FATAL,INJURIES_INCAPACITATING,INJURIES_NON_INCAPACITATING,INJURIES_TOTAL,CRASH_HOUR,CRASH_DAY_OF_WEEK,CRASH_MONTH,BEAT_OF_OCCURRENCE,STREET_NAME,LATITUDE,LONGITUDE,DATE_POLICE_NOTIFIED,year
CR00010540,04/05/2015 09:45:00 AM,30,SNOW,DARKNESS - LIGHTED ROAD,ANGLE,DIVIDED - W/MEDIAN BARRIER,NO CONTROLS,UNABLE TO DETERMINE,NOT APPLICABLE,0,0,0,0,9,1,4,2126,CALIFORNIA AVE,41.856009,-87.748335,04/05/2015 10:02:00 AM,2015
CR00010541,08/03/2024 05:06:00 PM,30,RAIN,DARKNESS - LIGHTED ROAD,FIXED OBJECT,NOT DIVIDED,TRAFFIC SIGNAL,FOLLOWING TOO CLOSELY,IMPROPER LANE USAGE,0,0,0,0,17,7,8,915,DAMEN AVE,41.870863,-87.73622,08/03/2024 05:28:00 PM,2024
CR00010542,06/06/2018 11:51:00 AM,30,FOG/SMOKE/HAZE,DAYLIGHT,SIDESWIPE SAME DIRECTION,NOT DIVIDED,NO CONTROLS,IMPROPER OVERTAKING/PASSING,IMPROPER LANE USAGE,0,0,0,0,11,4,6,2101,MICHIGAN AVE,41.976667,-87.675008,06/06/2018 12:53:00 PM,2018
CR00010543,07/16/2023 03:37:00 PM,20,CLEAR,DAYLIGHT,SIDESWIPE SAME DIRECTION,FOUR WAY,NO CONTROLS,IMPROPER OVERTAKING/PASSING,UNABLE TO DETERMINE,0,2,2,4,15,1,7,736,OGDEN AVE,41.815313,-87.67811,07/16/2023 03:48:00 PM,2023
CR00010544,05/08/2016 12:23:00 PM,30,CLEAR,DARKNESS - LIGHTED ROAD,SIDESWIPE SAME DIRECTION,DIVIDED - W/MEDIAN BARRIER,UNKNOWN,FOLLOWING TOO CLOSELY,DRIVING SKILLS/KNOWLEDGE/EXPERIENCE,0,0,0,0,12,1,5,1479,HALSTED ST,41.749089,-87.65943,05/08/2016 02:13:00 PM,2016
CR00010545,09/04/2021 02:43:00 AM,30,CLEAR,DAYLIGHT,REAR END,NOT DIVIDED,NO CONTROLS,FAILING TO YIELD RIGHT-OF-WAY,NOT APPLICABLE,0,0,0,0,2,7,9,1720,LAKE SHORE DR,41.923417,-87.752572,09/04/2021 04:33:00 AM,2021
CR00010546,11/14/2020 02:09:00 AM,35,CLEAR,DAYLIGHT,SIDESWIPE SAME DIRECTION,DIVIDED - W/MEDIAN (NOT RAISED),STOP SIGN/FLASHER,IMPROPER OVERTAKING/PASSING,UNABLE TO DETERMINE,0,0,0,0,2,7,11,2350,BROADWAY,41.893373,-87.841154,11/14/2020 03:39:00 AM,2020
CR00010547,01/26/2021 08:13:00 AM,45,CLEAR,DAYLIGHT,REAR END,NOT DIVIDED,TRAFFIC SIGNAL,UNABLE TO DETERMINE,UNABLE TO DETERMINE,0,0,0,0,8,3,1,359,CLARK ST,41.954987,-87.743106,01/26/2021 09:50:00 AM,2021
CR00010548,08/15/2016 03:18:00 PM,20,CLEAR,DAYLIGHT,TURNING,DIVIDED - W/MEDIAN BARRIER,NO CONTROLS,UNABLE TO DETERMINE,FOLLOWING TOO CLOSELY,0,0,0,0,15,2,8,1248,ELSTON AVE,41.711992,-87.836981,08/15/2016 04:05:00 PM,2016
CR00010549,04/14/2024 05:54:00 AM,25,CLOUDY/OVERCAST,DAYLIGHT,TURNING,ONE-WAY,TRAFFIC SIGNAL,FOLLOWING TOO CLOSELY,UNABLE TO DETERMINE,0,1,1,2,5,1,4,1010,79TH ST,41.887914,-87.581437,04/14/2024 07:45:00 AM,2024
CR00010550,02/04/2022 08:53:00 AM,20,CLEAR,DAYLIGHT,SIDESWIPE SAME DIRECTION,ONE-WAY,TRAFFIC SIGNAL,IMPROPER OVERTAKING/PASSING,UNABLE TO DETERMINE,0,0,0,0,8,6,2,2301,47TH ST,41.839697,-87.510748,02/04/2022 10:04:00 AM,2022
CR00010551,06/10/2021 11:43:00 AM,30,CLEAR,DARKNESS - LIGHTED ROAD,PARKED MOTOR VEHICLE,FOUR WAY,PEDESTRIAN CROSSING SIGN,FAILING TO YIELD RIGHT-OF-WAY,IMPROPER OVERTAKING/PASSING,0,0,2,2,11,5,6,2287,CICERO AVE,41.829994,-87.737089,06/10/2021 01:36:00 PM,2021
CR00010552,03/22/2016 04:45:00 AM,25,CLEAR,DAYLIGHT,REAR END,NOT DIVIDED,NO CONTROLS,UNABLE TO DETERMINE,DISTRACTION - FROM INSIDE VEHICLE,0,0,0,0,4,3,3,129,63RD ST,41.782018,-87.573503,03/22/2016 05:38:00 AM,2016
CR00010553,08/22/2016 05:06:00 PM,25,CLEAR,DAYLIGHT,REAR END,NOT DIVIDED,TRAFFIC SIGNAL,UNABLE TO DETERMINE,NOT APPLICABLE,0,0,0,0,17,2,8,494,DIVISION ST,41.825833,-87.849752,08/22/2016 05:57:00 PM,2016
CR00010554,02/18/2017 05:31:00 PM,35,RAIN,DAYLIGHT,ANGLE,DIVIDED - W/MEDIAN (NOT RAISED),TRAFFIC SIGNAL,UNABLE TO DETERMINE,NOT APPLICABLE,0,0,0,0,17,7,2,1769,CALIFORNIA AVE,41.780317,-87.634507,02/18/2017 06:59:00 PM,2017
CR00010555,02/27/2024 09:34:00 AM,45,CLEAR,DAYLIGHT,FIXED OBJECT,NOT DIVIDED,NO CONTROLS,UNABLE TO DETERMINE,NOT APPLICABLE,0,0,0,0,9,3,2,2166,BROADWAY,41.758429,-87.687746,02/27/2024 10:55:00 AM,2024
CR00010556,07/14/2016 07:08:00 PM,20,CLEAR,DAYLIGHT,REAR END,FOUR WAY,STOP SIGN/FLASHER,DRIVING SKILLS/KNOWLEDGE/EXPERIENCE,FAILING TO REDUCE SPEED,0,0,0,0,19,5,7,1619,47TH ST,41.793304,-87.61681,07/14/2016 08:52:00 PM,2016
CR00010557,01/14/2020 02:41:00 PM,25,CLEAR,DARKNESS - LIGHTED ROAD,REAR TO FRONT,NOT DIVIDED,NO CONTROLS,IMPROPER LANE USAGE,DISTRACTION - FROM INSIDE VEHICLE,0,0,0,0,14,3,1,363,79TH ST,41.74574,-87.688617,01/14/2020 03:56:00 PM,2020
CR00010558,02/14/2015 11:45:00 AM,15,RAIN,DAYLIGHT,PARKED MOTOR VEHICLE,NOT DIVIDED,UNKNOWN,FOLLOWING TOO CLOSELY,DISTRACTION - FROM INSIDE VEHICLE,0,2,1,3,11,7,2,809,KEDZIE AVE,41.759827,-87.519868,02/14/2015 12:54:00 PM,2015
CR00010559,08/23/2019 02:40:00 PM,35,RAIN,DAYLIGHT,REAR TO FRONT,NOT DIVIDED,STOP SIGN/FLASHER,UNABLE TO DETERMINE,UNABLE TO DETERMINE,0,0,0,0,14,6,8,1569,ELSTON AVE,41.732292,-87.816558,08/23/2019 02:52:00 PM,2019
CR00010560,01/21/2018 07:19:00 AM,25,FREEZING RAIN/DRIZZLE,DAYLIGHT,TURNING,DIVIDED - W/MEDIAN BARRIER,TRAFFIC SIGNAL,FOLLOWING TOO CLOSELY,NOT APPLICABLE,0,0,0,0,7,1,1,1340,ROOSEVELT RD,41.988606,-87.572133,01/21/2018 08:05:00 AM,2018
CR00010561,05/09/2015 03:49:00 PM,25,CLOUDY/OVERCAST,DAYLIGHT,REAR END,ONE-WAY,STOP SIGN/FLASHER,UNABLE TO DETERMINE,UNABLE TO DETERMINE,0,0,2,2,15,7,5,769,79TH ST,41.879629,-87.568915,05/09/2015 04:41:00 PM,2015
CR00010562,12/12/2018 09:38:00 PM,35,CLEAR,DARKNESS - LIGHTED ROAD,REAR END,NOT DIVIDED,NO CONTROLS,UNABLE TO DETERMINE,DRIVING SKILLS/KNOWLEDGE/EXPERIENCE,0,0,0,0,21,4,12,1801,ASHLAND AVE,41.967225,-87.527595,12/12/2018 10:36:00 PM,2018
CR00010563,08/25/2022 02:57:00 AM,20,CLEAR,DAYLIGHT,ANGLE,DIVIDED - W/MEDIAN (NOT RAISED),PEDESTRIAN CROSSING SIGN,UNABLE TO DETERMINE,FAILING TO YIELD RIGHT-OF-WAY,0,0,0,0,2,5,8,1324,OGDEN AVE,41.962953,-87.673267,08/25/2022 04:03:00 AM,2022
CR00010564,07/27/2016 01:02:00 AM,15,CLEAR,DAYLIGHT,REAR END,NOT DIVIDED,TRAFFIC SIGNAL,IMPROPER OVERTAKING/PASSING,IMPROPER OVERTAKING/PASSING,0,0,0,0,1,4,7,2099,63RD ST,41.751226,-87.666498,07/27/2016 02:45:00 AM,2016
CR00010565,07/30/2024 09:49:00 AM,35,CLEAR,DARKNESS - LIGHTED ROAD,FIXED OBJECT,ONE-WAY,STOP SIGN/FLASHER,FOLLOWING TOO CLOSELY,UNABLE TO DETERMINE,0,0,0,0,9,3,7,1577,LAKE SHORE DR,41.752137,-87.814316,07/30/2024 11:24:00 AM,2024
CR00010566,12/02/2023 10:39:00 PM,30,CLEAR,DAYLIGHT,SIDESWIPE SAME DIRECTION,NOT DIVIDED,TRAFFIC SIGNAL,UNABLE TO DETERMINE,UNABLE TO DETERMINE,0,0,0,0,22,7,12,223,63RD ST,41.882241,-87.509846,12/02/2023 11:17:00 PM,2023
CR00010567,04/26/2021 12:25:00 PM,40,CLOUDY/OVERCAST,DAYLIGHT,ANGLE,NOT DIVIDED,PEDESTRIAN CROSSING SIGN,IMPROPER OVERTAKING/PASSING,DRIVING SKILLS/KNOWLEDGE/EXPERIENCE,0,0,3,3,12,2,4,2529,HALSTED ST,41.87046,-87.825646,04/26/2021 12:51:00 PM,2021
CR00010568,06/26/2021 12:43:00 PM,30,CLEAR,DAYLIGHT,ANGLE,ONE-WAY,YIELD,IMPROPER OVERTAKING/PASSING,UNABLE TO DETERMINE,0,0,0,0,12,7,6,580,KEDZIE AVE,41.90418,-87.680862,06/26/2021 12:49:00 PM,2021
CR00010569,10/26/2018 11:03:00 AM,15,CLOUDY/OVERCAST,DAYLIGHT,TURNING,T-INTERSECTION,NO CONTROLS,UNABLE TO DETERMINE,FAILING TO YIELD RIGHT-OF-WAY,0,0,0,0,11,6,10,2505,KEDZIE AVE,41.861723,-87.750546,10/26/2018 12:52:00 PM,2018
CR00010570,05/30/2017 06:18:00 PM,20,CLOUDY/OVERCAST,DARKNESS - LIGHTED ROAD,REAR END,FOUR WAY,NO CONTROLS,UNABLE TO DETERMINE,NOT APPLICABLE,0,0,0,0,18,3,5,635,ARCHER AVE,41.892256,-87.58183,05/30/2017 08:12:00 PM,2017
CR00010571,05/17/2018 10:25:00 AM,45,CLOUDY/OVERCAST,DUSK,REAR END,NOT DIVIDED,NO CONTROLS,DRIVING SKILLS/KNOWLEDGE/EXPERIENCE,DISTRACTION - FROM INSIDE VEHICLE,0,0,0,0,10,5,5,1417,ARCHER AVE,41.822198,-87.71741,05/17/2018 12:08:00 PM,2018
CR00010572,07/23/2023 02:16:00 PM,45,CLEAR,DAYLIGHT,TURNING,ONE-WAY,STOP SIGN/FLASHER,UNABLE TO DETERMINE,WEATHER,0,0,0,0,14,1,7,157,DAMEN AVE,41.889325,-87.567043,07/23/2023 03:43:00 PM,2023
CR00010573,06/22/2021 05:02:00 PM,30,CLEAR,DAYLIGHT,FIXED OBJECT,NOT DIVIDED,STOP SIGN/FLASHER,UNABLE TO DETERMINE,IMPROPER OVERTAKING/PASSING,0,0,0,0,17,3,6,1135,ELSTON AVE,41.75282,-87.515365,06/22/2021 05:40:00 PM,2021
CR00010574,08/20/2020 03:43:00 PM,30,CLEAR,DAYLIGHT,ANGLE,DIVIDED - W/MEDIAN (NOT RAISED),PEDESTRIAN CROSSING SIGN,UNABLE TO DETERMINE,NOT APPLICABLE,0,0,0,0,15,5,8,1953,DAMEN AVE,41.764706,-87.510194,08/20/2020 04:46:00 PM,2020
CR00010575,10/19/2023 04:25:00 PM,35,CLEAR,DAYLIGHT,PEDESTRIAN,DIVIDED - W/MEDIAN BARRIER,NO CONTROLS,FAILING TO REDUCE SPEED,IMPROPER LANE USAGE,0,0,0,0,16,5,10,1705,79TH ST,41.846238,-87.803483,10/19/2023 05:25:00 PM,2023
CR00010576,01/30/2018 07:57:00 AM,35,RAIN,DARKNESS,FIXED OBJECT,T-INTERSECTION,TRAFFIC SIGNAL,FOLLOWING TOO CLOSELY,FAILING TO REDUCE SPEED,0,0,0,0,7,3,1,529,DAMEN AVE,41.888415,-87.567933,01/30/2018 09:54:00 AM,2018
CR00010577,06/04/2017 12:02:00 AM,30,CLEAR,DARKNESS,ANGLE,DIVIDED - W/MEDIAN (NOT RAISED),TRAFFIC SIGNAL,WEATHER,FOLLOWING TOO CLOSELY,0,0,0,0,0,1,6,2402,FULLERTON AVE,41.91266,-87.699344,06/04/2017 01:34:00 AM,2017
CR00010578,10/05/2016 07:44:00 AM,30,SNOW,DAWN,ANGLE,DIVIDED - W/MEDIAN (NOT RAISED),STOP SIGN/FLASHER,FOLLOWING TOO CLOSELY,DISTRACTION - FROM INSIDE VEHICLE,0,0,0,0,7,4,10,867,CICERO AVE,41.902588,-87.605232,10/05/2016 09:18:00 AM,2016
CR00010579,09/11/2024 03:26:00 PM,35,CLEAR,DARKNESS,REAR TO FRONT,NOT DIVIDED,TRAFFIC SIGNAL,UNABLE TO DETERMINE,UNABLE TO DETERMINE,0,0,0,0,15,4,9,1107,ROOSEVELT RD,41.981917,-87.76003,09/11/2024 03:32:00 PM,2024
CR00010580,05/19/2015 09:11:00 AM,30,CLEAR,DAYLIGHT,REAR END,DIVIDED - W/MEDIAN (NOT RAISED),TRAFFIC SIGNAL,FOLLOWING TOO CLOSELY,IMPROPER LANE USAGE,0,0,1,1,9,3,5,1198,ARCHER AVE,41.740302,-87.669745,05/19/2015 10:00:00 AM,2015
CR00010581,08/07/2023 08:02:00 AM,20,CLEAR,DAYLIGHT,REAR END,DIVIDED - W/MEDIAN (NOT RAISED),TRAFFIC SIGNAL,FOLLOWING TOO CLOSELY,FOLLOWING TOO CLOSELY,0,0,0,0,8,2,8,1971,PULASKI RD,41.730576,-87.672275,08/07/2023 08:10:00 AM,2023
CR00010582,07/08/2015 03:44:00 PM,45,SNOW,DAYLIGHT,REAR TO FRONT,FOUR WAY,STOP SIGN/FLASHER,FAILING TO REDUCE SPEED,NOT APPLICABLE,0,0,1,1,15,4,7,1368,DIVISION ST,41.92909,-87.816774,07/08/2015 05:24:00 PM,2015
CR00010583,10/17/2016 12:47:00 PM,30,CLEAR,DAYLIGHT,PEDESTRIAN,NOT DIVIDED,STOP SIGN/FLASHER,DISTRACTION - FROM INSIDE VEHICLE,NOT APPLICABLE,0,0,0,0,12,2,10,2363,BROADWAY,41.903784,-87.677116,10/17/2016 02:42:00 PM,2016
CR00010584,06/24/2021 06:39:00 AM,30,CLEAR,DAYLIGHT,ANGLE,FOUR WAY,TRAFFIC SIGNAL,FOLLOWING TOO CLOSELY,NOT APPLICABLE,0,0,0,0,6,5,6,566,STONY ISLAND AVE,41.965391,-87.606178,06/24/2021 08:26:00 AM,2021
CR00010585,04/29/2022 08:48:00 PM,15,CLEAR,DAYLIGHT,PARKED MOTOR VEHICLE,NOT DIVIDED,NO CONTROLS,IMPROPER LANE USAGE,DRIVING SKILLS/KNOWLEDGE/EXPERIENCE,0,0,0,0,20,6,4,2077,KEDZIE AVE,41.857413,-87.702169,04/29/2022 10:01:00 PM,2022
CR00010586,02/13/2021 03:22:00 PM,15,RAIN,DARKNESS - LIGHTED ROAD,ANGLE,ONE-WAY,NO CONTROLS,FAILING TO YIELD RIGHT-OF-WAY,FAILING TO YIELD RIGHT-OF-WAY,0,0,0,0,15,7,2,610,KEDZIE AVE,41.767528,-87.639343,02/13/2021 04:49:00 PM,2021
CR00010587,06/17/2023 11:20:00 AM,15,CLEAR,DAYLIGHT,REAR END,DIVIDED - W/MEDIAN (NOT RAISED),NO CONTROLS,FAILING TO YIELD RIGHT-OF-WAY,FAILING TO REDUCE SPEED,0,0,0,0,11,7,6,1242,ROOSEVELT RD,41.736418,-87.626647,06/17/2023 12:32:00 PM,2023
CR00010588,06/11/2024 01:44:00 PM,30,RAIN,DUSK,REAR END,ONE-WAY,TRAFFIC SIGNAL,UNABLE TO DETERMINE,DISTRACTION - FROM INSIDE VEHICLE,0,0,0,0,13,3,6,887,PULASKI RD,41.876619,-87.76406,06/11/2024 01:45:00 PM,2024
CR00010589,10/10/2016 10:43:00 AM,20,CLEAR,DAYLIGHT,REAR END,FOUR WAY,UNKNOWN,UNABLE TO DETERMINE,FOLLOWING TOO CLOSELY,0,0,0,0,10,2,10,220,BROADWAY,41.898363,-87.789647,10/10/2016 12:42:00 PM,2016
CR00010590,12/09/2018 02:01:00 AM,35,CLEAR,DAYLIGHT,TURNING,ONE-WAY,STOP SIGN/FLASHER,UNABLE TO DETERMINE,FOLLOWING TOO CLOSELY,0,0,0,0,2,1,12,679,DAMEN AVE,41.940977,-87.745279,12/09/2018 02:27:00 AM,2018
CR00010591,12/04/2021 03:39:00 PM,15,CLEAR,DAYLIGHT,TURNING,NOT DIVIDED,TRAFFIC SIGNAL,UNABLE TO DETERMINE,NOT APPLICABLE,0,1,3,4,15,7,12,196,IRVING PARK RD,41.75762,-87.73232,12/04/2021 05:30:00 PM,2021
CR00010592,07/22/2018 10:35:00 AM,35,CLEAR,DAYLIGHT,ANGLE,NOT DIVIDED,TRAFFIC SIGNAL,DRIVING SKILLS/KNOWLEDGE/EXPERIENCE,UNABLE TO DETERMINE,0,0,0,0,10,1,7,309,BROADWAY,41.828697,-87.508571,07/22/2018 11:56:00 AM,2018
CR00010593,11/27/2021 04:34:00 PM,30,RAIN,DAYLIGHT,PARKED MOTOR VEHICLE,NOT DIVIDED,UNKNOWN,FAILING TO YIELD RIGHT-OF-WAY,FOLLOWING TOO CLOSELY,0,0,0,0,16,7,11,1337,CALIFORNIA AVE,41.954458,-87.701604,11/27/2021 04:40:00 PM,2021
CR00010594,07/20/2016 11:17:00 AM,30,CLEAR,DARKNESS - LIGHTED ROAD,ANGLE,DIVIDED - W/MEDIAN BARRIER,NO CONTROLS,FOLLOWING TOO CLOSELY,IMPROPER OVERTAKING/PASSING,0,0,0,0,11,4,7,617,STATE ST,41.720461,-87.761913,07/20/2016 12:13:00 PM,2016
CR00010595,03/09/2021 06:31:00 PM,30,CLEAR,DAYLIGHT,REAR TO FRONT,DIVIDED - W/MEDIAN BARRIER,NO CONTROLS,IMPROPER LANE USAGE,UNABLE TO DETERMINE,0,0,0,0,18,3,3,2125,STONY ISLAND AVE,41.833188,-87.563527,03/09/2021 08:09:00 PM,2021
CR00010596,08/20/2020 08:31:00 PM,35,CLEAR,DAWN,REAR END,T-INTERSECTION,TRAFFIC SIGNAL,FAILING TO YIELD RIGHT-OF-WAY,IMPROPER OVERTAKING/PASSING,0,0,0,0,20,5,8,530,79TH ST,41.885352,-87.520124,08/20/2020 09:15:00 PM,2020
CR00010597,09/13/2024 08:29:00 AM,15,CLEAR,DARKNESS - LIGHTED ROAD,TURNING,DIVIDED - W/MEDIAN (NOT RAISED),STOP SIGN/FLASHER,DRIVING SKILLS/KNOWLEDGE/EXPERIENCE,FOLLOWING TOO CLOSELY,0,0,0,0,8,6,9,1123,ASHLAND AVE,41.960995,-87.81124,09/13/2024 08:32:00 AM,2024
CR00010598,03/13/2017 04:57:00 AM,40,FOG/SMOKE/HAZE,DAYLIGHT,TURNING,NOT DIVIDED,NO CONTROLS,UNABLE TO DETERMINE,UNABLE TO DETERMINE,0,0,0,0,4,2,3,1086,DIVISION ST,41.752655,-87.554248,03/13/2017 05:49:00 AM,2017
CR00010599,04/13/2020 03:05:00 AM,30,CLEAR,DAYLIGHT,PEDESTRIAN,ONE-WAY,STOP SIGN/FLASHER,DRIVING SKILLS/KNOWLEDGE/EXPERIENCE,FAILING TO REDUCE SPEED,0,0,0,0,3,2,4,1135,47TH ST,41.877941,-87.629261,04/13/2020 04:51:00 AM,2020
CR00010600,12/10/2023 03:09:00 PM,35,CLEAR,DAYLIGHT,FIXED OBJECT,DIVIDED - W/MEDIAN (NOT RAISED),YIELD,IMPROPER OVERTAKING/PASSING,WEATHER,0,0,0,0,15,1,12,2329,OGDEN AVE,41.773351,-87.676961,12/10/2023 04:47:00 PM,2023
CR00010601,07/13/2017 11:18:00 AM,15,CLEAR,DAYLIGHT,REAR END,NOT DIVIDED,TRAFFIC SIGNAL,UNABLE TO DETERMINE,DISREGARDING TRAFFIC SIGNALS,0,0,0,0,11,5,7,1690,ARCHER AVE,41.810105,-87.581963,07/13/2017 12:38:00 PM,2017
CR00010602,01/08/2019 05:53:00 PM,45,CLEAR,DAYLIGHT,ANGLE,NOT DIVIDED,TRAFFIC SIGNAL,FOLLOWING TOO CLOSELY,WEATHER,0,0,0,0,17,3,1,907,STONY ISLAND AVE,41.705415,-87.68937,01/08/2019 07:49:00 PM,2019
CR00010603,12/16/2015 05:56:00 PM,45,CLEAR,DAYLIGHT,ANGLE,ONE-WAY,TRAFFIC SIGNAL,UNABLE TO DETERMINE,NOT APPLICABLE,0,0,0,0,17,4,12,1890,PULASKI RD,41.887708,-87.684178,12/16/2015 06:32:00 PM,2015
CR00010604,10/02/2016 07:22:00 PM,30,CLEAR,DARKNESS - LIGHTED ROAD,ANGLE,DIVIDED - W/MEDIAN BARRIER,TRAFFIC SIGNAL,FOLLOWING TOO CLOSELY,UNABLE TO DETERMINE,0,0,0,0,19,1,10,1341,DIVISION ST,41.788978,-87.658511,10/02/2016 09:09:00 PM,2016
CR00010605,11/12/2022 01:48:00 PM,20,CLEAR,DARKNESS,FIXED OBJECT,FOUR WAY,NO CONTROLS,UNABLE TO DETERMINE,UNABLE TO DETERMINE,0,0,0,0,13,7,11,2352,CALIFORNIA AVE,41.889715,-87.530835,11/12/2022 02:26:00 PM,2022
CR00010606,09/29/2022 10:41:00 AM,15,CLEAR,DAYLIGHT,PEDESTRIAN,DIVIDED - W/MEDIAN (NOT RAISED),NO CONTROLS,UNABLE TO DETERMINE,DISTRACTION - FROM INSIDE VEHICLE,0,0,0,0,10,5,9,1714,FULLERTON AVE,41.769232,-87.662445,09/29/2022 11:25:00 AM,2022
CR00010607,11/14/2024 11:12:00 AM,30,FREEZING RAIN/DRIZZLE,DAYLIGHT,REAR TO FRONT,NOT DIVIDED,STOP SIGN/FLASHER,IMPROPER OVERTAKING/PASSING,UNABLE TO DETERMINE,0,0,0,0,11,5,11,2343,FULLERTON AVE,41.877719,-87.672587,11/14/2024 12:52:00 PM,2024
CR00010608,04/21/2024 02:41:00 PM,30,CLEAR,DARKNESS - LIGHTED ROAD,REAR END,NOT DIVIDED,UNKNOWN,FAILING TO REDUCE SPEED,UNABLE TO DETERMINE,0,0,0,0,14,1,4,1750,IRVING PARK RD,41.716247,-87.547578,04/21/2024 03:38:00 PM,2024
CR00010609,07/25/2022 04:16:00 PM,35,CLEAR,DAYLIGHT,SIDESWIPE SAME DIRECTION,NOT DIVIDED,TRAFFIC SIGNAL,DRIVING SKILLS/KNOWLEDGE/EXPERIENCE,UNABLE TO DETERMINE,0,0,1,1,16,2,7,340,ARCHER AVE,41.864786,-87.723414,07/25/2022 05:35:00 PM,2022
CR00010610,02/16/2020 04:30:00 PM,45,CLEAR,DAYLIGHT,ANGLE,FOUR WAY,TRAFFIC SIGNAL,WEATHER,FAILING TO REDUCE SPEED,0,0,0,0,16,1,2,805,63RD ST,41.898313,-87.714628,02/16/2020 04:51:00 PM,2020
CR00010611,07/16/2015 08:18:00 AM,30,RAIN,DAYLIGHT,SIDESWIPE SAME DIRECTION,NOT DIVIDED,STOP SIGN/FLASHER,FAILING TO YIELD RIGHT-OF-WAY,DISREGARDING TRAFFIC SIGNALS,0,0,0,0,8,5,7,1027,PULASKI RD,41.743715,-87.646357,07/16/2015 08:25:00 AM,2015
CR00010612,05/10/2019 03:31:00 PM,40,CLOUDY/OVERCAST,DARKNESS - LIGHTED ROAD,SIDESWIPE SAME DIRECTION,FOUR WAY,STOP SIGN/FLASHER,IMPROPER LANE USAGE,FAILING TO REDUCE SPEED,0,0,0,0,15,6,5,1641,PULASKI RD,41.861162,-87.787144,05/10/2019 04:56:00 PM,2019
CR00010613,05/23/2020 06:25:00 AM,35,CLEAR,DARKNESS - LIGHTED ROAD,SIDESWIPE SAME DIRECTION,NOT DIVIDED,STOP SIGN/FLASHER,UNABLE TO DETERMINE,FOLLOWING TOO CLOSELY,0,0,0,0,6,7,5,2238,BROADWAY,41.88956,-87.849516,05/23/2020 07:28:00 AM,2020
CR00010614,08/21/2017 10:37:00 AM,40,CLEAR,DAYLIGHT,SIDESWIPE SAME DIRECTION,FOUR WAY,TRAFFIC SIGNAL,DISREGARDING TRAFFIC SIGNALS,DISTRACTION - FROM INSIDE VEHICLE,0,0,0,0,10,2,8,1232,IRVING PARK RD,41.738948,-87.763479,08/21/2017 11:25:00 AM,2017
CR00010615,01/27/2021 06:14:00 PM,40,CLOUDY/OVERCAST,DAYLIGHT,SIDESWIPE SAME DIRECTION,ONE-WAY,TRAFFIC SIGNAL,WEATHER,IMPROPER OVERTAKING/PASSING,0,0,0,0,18,4,1,236,CALIFORNIA AVE,41.81567,-87.587815,01/27/2021 07:51:00 PM,2021
CR00010616,06/17/2021 01:02:00 PM,15,CLEAR,DARKNESS - LIGHTED ROAD,ANGLE,DIVIDED - W/MEDIAN BARRIER,NO CONTROLS,FOLLOWING TOO CLOSELY,UNABLE TO DETERMINE,0,0,0,0,13,5,6,2331,OGDEN AVE,41.947705,-87.79838,06/17/2021 02:03:00 PM,2021
CR00010617,05/31/2019 07:31:00 PM,30,CLEAR,DAYLIGHT,SIDESWIPE SAME DIRECTION,DIVIDED - W/MEDIAN (NOT RAISED),YIELD,FAILING TO YIELD RIGHT-OF-WAY,NOT APPLICABLE,0,0,0,0,19,6,5,315,STONY ISLAND AVE,41.735438,-87.619762,05/31/2019 09:04:00 PM,2019
CR00010618,12/02/2019 09:08:00 AM,30,CLEAR,DAYLIGHT,ANGLE,ONE-WAY,NO CONTROLS,FAILING TO YIELD RIGHT-OF-WAY,UNABLE TO DETERMINE,0,0,3,3,9,2,12,1773,MILWAUKEE AVE,41.900262,-87.719233,12/02/2019 10:36:00 AM,2019
CR00010619,04/28/2023 07:22:00 AM,45,CLEAR,DAYLIGHT,REAR END,NOT DIVIDED,NO CONTROLS,IMPROPER OVERTAKING/PASSING,WEATHER,0,0,0,0,7,6,4,1252,BROADWAY,41.859858,-87.605564,04/28/2023 08:19:00 AM,2023
CR00010620,12/19/2020 08:45:00 PM,45,SNOW,DAYLIGHT,REAR END,NOT DIVIDED,TRAFFIC SIGNAL,UNABLE TO DETERMINE,FOLLOWING TOO CLOSELY,0,0,0,0,20,7,12,1601,FULLERTON AVE,41.7719,-87.665571,12/19/2020 10:25:00 PM,2020
CR00010621,08/09/2018 08:30:00 PM,15,CLEAR,DAYLIGHT,PARKED MOTOR VEHICLE,NOT DIVIDED,NO CONTROLS,UNABLE TO DETERMINE,FOLLOWING TOO CLOSELY,0,0,0,0,20,5,8,1473,CALIFORNIA AVE,41.829473,-87.738596,08/09/2018 09:05:00 PM,2018
CR00010622,10/16/2020 11:29:00 PM,15,CLEAR,DAYLIGHT,SIDESWIPE SAME DIRECTION,NOT DIVIDED,PEDESTRIAN CROSSING SIGN,FAILING TO YIELD RIGHT-OF-WAY,FAILING TO YIELD RIGHT-OF-WAY,0,0,0,0,23,6,10,1463,PULASKI RD,41.828215,-87.507279,10/17/2020 01:13:00 AM,2020
CR00010623,02/20/2016 07:15:00 PM,25,CLOUDY/OVERCAST,DAYLIGHT,REAR END,NOT DIVIDED,UNKNOWN,UNABLE TO DETERMINE,UNABLE TO DETERMINE,0,0,1,1,19,7,2,1983,ASHLAND AVE,41.891983,-87.741838,02/20/2016 08:36:00 PM,2016