CRASH_RECORD_ID,CRASH_DATE,POSTED_SPEED_LIMIT,WEATHER_CONDITION,LIGHTING_CONDITION,FIRST_CRASH_TYPE,TRAFFICWAY_TYPE,TRAFFIC_CONTROL_DEVICE,PRIM_CONTRIBUTORY_CAUSE,SEC_CONTRIBUTORY_CAUSE,INJURIES_FATAL,INJURIES_INCAPACITATING,INJURIES_NON_INCAPACITATING,INJURIES_TOTAL,CRASH_HOUR,CRASH_DAY_OF_WEEK,CRASH_MONTH,BEAT_OF_OCCURRENCE,STREET_NAME,LATITUDE,LONGITUDE,DATE_POLICE_NOTIFIED,year
CR00010624,10/21/2020 12:24:00 PM,40,CLEAR,DAYLIGHT,REAR END,DIVIDED - W/MEDIAN BARRIER,YIELD,FAILING TO YIELD RIGHT-OF-WAY,UNABLE TO DETERMINE,0,0,0,0,12,4,10,2152,63RD ST,41.870047,-87.572161,10/21/2020 12:59:00 PM,2020
CR00010625,02/12/2017 08:34:00 AM,30,RAIN,DARKNESS - LIGHTED ROAD,PEDESTRIAN,ONE-WAY,NO CONTROLS,FAILING TO YIELD RIGHT-OF-WAY,FOLLOWING TOO CLOSELY,0,0,2,2,8,1,2,2222,STONY ISLAND AVE,41.944789,-87.671277,02/12/2017 09:02:00 AM,2017
CR00010626,07/30/2017 10:42:00 AM,35,CLEAR,DARKNESS,REAR END,NOT DIVIDED,NO CONTROLS,DISREGARDING TRAFFIC SIGNALS,IMPROPER LANE USAGE,0,0,0,0,10,1,7,104,ASHLAND AVE,41.736245,-87.714477,07/30/2017 11:54:00 AM,2017
CR00010627,12/18/2018 04:41:00 PM,15,CLOUDY/OVERCAST,DAYLIGHT,TURNING,DIVIDED - W/MEDIAN (NOT RAISED),NO CONTROLS,UNABLE TO DETERMINE,FAILING TO YIELD RIGHT-OF-WAY,0,0,0,0,16,3,12,1310,ROOSEVELT RD,41.950154,-87.590564,12/18/2018 06:30:00 PM,2018
CR00010628,07/28/2023 09:06:00 AM,25,CLEAR,DARKNESS - LIGHTED ROAD,REAR END,ONE-WAY,NO CONTROLS,FAILING TO YIELD RIGHT-OF-WAY,FOLLOWING TOO CLOSELY,0,0,0,0,9,6,7,2345,63RD ST,41.772798,-87.563741,07/28/2023 10:55:00 AM,2023
CR00010629,05/02/2016 07:53:00 AM,30,CLEAR,DARKNESS,FIXED OBJECT,NOT DIVIDED,TRAFFIC SIGNAL,FOLLOWING TOO CLOSELY,FOLLOWING TOO CLOSELY,0,0,0,0,7,2,5,1011,DIVISION ST,41.792437,-87.547681,05/02/2016 09:11:00 AM,2016
CR00010630,04/01/2023 10:16:00 AM,15,CLEAR,DARKNESS - LIGHTED ROAD,PARKED MOTOR VEHICLE,DIVIDED - W/MEDIAN BARRIER,PEDESTRIAN CROSSING SIGN,FAILING TO YIELD RIGHT-OF-WAY,FAILING TO YIELD RIGHT-OF-WAY,0,0,0,0,10,7,4,2471,ASHLAND AVE,41.805089,-87.784241,04/01/2023 11:50:00 AM,2023
CR00010631,04/04/2019 07:20:00 PM,35,CLEAR,DAYLIGHT,TURNING,DIVIDED - W/MEDIAN BARRIER,PEDESTRIAN CROSSING SIGN,FOLLOWING TOO CLOSELY,NOT APPLICABLE,0,0,0,0,19,5,4,1114,DIVISION ST,41.974433,-87.604473,04/04/2019 08:08:00 PM,2019
CR00010632,11/29/2020 01:11:00 PM,30,CLEAR,DARKNESS - LIGHTED ROAD,SIDESWIPE SAME DIRECTION,DIVIDED - W/MEDIAN (NOT RAISED),NO CONTROLS,UNABLE TO DETERMINE,IMPROPER OVERTAKING/PASSING,0,0,0,0,13,1,11,1070,CICERO AVE,41.721948,-87.57823,11/29/2020 01:50:00 PM,2020
CR00010633,01/14/2021 10:07:00 AM,30,CLEAR,DARKNESS,REAR END,FOUR WAY,UNKNOWN,IMPROPER LANE USAGE,IMPROPER LANE USAGE,0,0,0,0,10,5,1,1344,OGDEN AVE,41.749917,-87.637186,01/14/2021 10:21:00 AM,2021
CR00010634,07/19/2024 09:50:00 AM,20,CLEAR,DAYLIGHT,TURNING,NOT DIVIDED,NO CONTROLS,IMPROPER OVERTAKING/PASSING,UNABLE TO DETERMINE,0,0,1,1,9,6,7,1840,STONY ISLAND AVE,41.996167,-87.797522,07/19/2024 11:02:00 AM,2024
CR00010635,07/09/2016 05:57:00 PM,15,FOG/SMOKE/HAZE,DAYLIGHT,FIXED OBJECT,NOT DIVIDED,NO CONTROLS,UNABLE TO DETERMINE,IMPROPER LANE USAGE,0,0,0,0,17,7,7,567,CALIFORNIA AVE,41.913254,-87.676066,07/09/2016 07:33:00 PM,2016
CR00010636,01/30/2017 09:52:00 PM,30,CLEAR,DAYLIGHT,REAR END,DIVIDED - W/MEDIAN (NOT RAISED),NO CONTROLS,UNABLE TO DETERMINE,FOLLOWING TOO CLOSELY,0,0,0,0,21,2,1,2308,ASHLAND AVE,41.894762,-87.644681,01/30/2017 11:12:00 PM,2017
CR00010637,06/05/2023 08:15:00 PM,45,CLEAR,DAYLIGHT,TURNING,NOT DIVIDED,STOP SIGN/FLASHER,UNABLE TO DETERMINE,FOLLOWING TOO CLOSELY,0,0,0,0,20,2,6,1582,STONY ISLAND AVE,41.907054,-87.558376,06/05/2023 08:20:00 PM,2023
CR00010638,09/12/2019 03:41:00 AM,30,CLEAR,DAWN,REAR END,NOT DIVIDED,NO CONTROLS,DISTRACTION - FROM INSIDE VEHICLE,NOT APPLICABLE,0,0,1,1,3,5,9,2038,KEDZIE AVE,41.759571,-87.836783,09/12/2019 04:00:00 AM,2019
CR00010639,06/10/2018 04:29:00 PM,30,RAIN,DAYLIGHT,TURNING,DIVIDED - W/MEDIAN (NOT RAISED),NO CONTROLS,IMPROPER OVERTAKING/PASSING,DRIVING SKILLS/KNOWLEDGE/EXPERIENCE,0,0,0,0,16,1,6,2105,DIVISION ST,41.874259,-87.542122,06/10/2018 05:04:00 PM,2018
CR00010640,09/02/2018 03:44:00 AM,30,CLEAR,DAYLIGHT,SIDESWIPE SAME DIRECTION,NOT DIVIDED,NO CONTROLS,IMPROPER OVERTAKING/PASSING,UNABLE TO DETERMINE,0,0,0,0,3,1,9,837,79TH ST,41.820224,-87.830486,09/02/2018 05:14:00 AM,2018
CR00010641,02/02/2023 01:44:00 PM,45,CLEAR,DAYLIGHT,TURNING,FOUR WAY,NO CONTROLS,UNABLE TO DETERMINE,DRIVING SKILLS/KNOWLEDGE/EXPERIENCE,0,0,0,0,13,5,2,823,WESTERN AVE,41.743581,-87.82879,02/02/2023 03:35:00 PM,2023
CR00010642,12/22/2015 03:06:00 PM,25,CLEAR,DUSK,REAR TO FRONT,NOT DIVIDED,NO CONTROLS,DISTRACTION - FROM INSIDE VEHICLE,NOT APPLICABLE,0,0,0,0,15,3,12,2011,FULLERTON AVE,41.891418,-87.528173,12/22/2015 04:27:00 PM,2015
CR00010643,07/01/2022 06:50:00 PM,40,CLEAR,DARKNESS - LIGHTED ROAD,TURNING,NOT DIVIDED,TRAFFIC SIGNAL,IMPROPER LANE USAGE,DRIVING SKILLS/KNOWLEDGE/EXPERIENCE,0,0,0,0,18,6,7,832,HALSTED ST,41.970608,-87.587664,07/01/2022 07:25:00 PM,2022
CR00010644,09/12/2024 08:31:00 AM,15,CLEAR,DAYLIGHT,REAR TO FRONT,DIVIDED - W/MEDIAN BARRIER,STOP SIGN/FLASHER,UNABLE TO DETERMINE,NOT APPLICABLE,0,0,0,0,8,5,9,178,79TH ST,41.880014,-87.837872,09/12/2024 10:15:00 AM,2024
CR00010645,08/04/2017 08:26:00 AM,30,CLEAR,DAYLIGHT,REAR END,DIVIDED - W/MEDIAN BARRIER,NO CONTROLS,FAILING TO YIELD RIGHT-OF-WAY,DISTRACTION - FROM INSIDE VEHICLE,0,0,0,0,8,6,8,1126,CALIFORNIA AVE,41.93164,-87.781727,08/04/2017 10:12:00 AM,2017
CR00010646,10/16/2022 04:22:00 PM,40,CLEAR,DARKNESS,TURNING,NOT DIVIDED,NO CONTROLS,IMPROPER OVERTAKING/PASSING,DISTRACTION - FROM INSIDE VEHICLE,0,0,2,2,16,1,10,1610,WESTERN AVE,41.741331,-87.683127,10/16/2022 05:14:00 PM,2022
CR00010647,05/01/2019 10:59:00 AM,30,CLEAR,DAYLIGHT,FIXED OBJECT,NOT DIVIDED,NO CONTROLS,DRIVING SKILLS/KNOWLEDGE/EXPERIENCE,FAILING TO YIELD RIGHT-OF-WAY,0,0,2,2,10,4,5,712,MICHIGAN AVE,41.821606,-87.745073,05/01/2019 11:57:00 AM,2019
CR00010648,09/13/2020 04:38:00 PM,30,CLEAR,DARKNESS - LIGHTED ROAD,ANGLE,T-INTERSECTION,NO CONTROLS,IMPROPER OVERTAKING/PASSING,IMPROPER LANE USAGE,0,0,0,0,16,1,9,1259,ASHLAND AVE,41.972153,-87.570124,09/13/2020 05:41:00 PM,2020
CR00010649,06/26/2023 10:36:00 AM,30,CLEAR,DARKNESS,SIDESWIPE SAME DIRECTION,NOT DIVIDED,NO CONTROLS,DRIVING SKILLS/KNOWLEDGE/EXPERIENCE,UNABLE TO DETERMINE,0,0,1,1,10,2,6,457,ARCHER AVE,41.737553,-87.6921,06/26/2023 10:45:00 AM,2023
CR00010650,02/19/2019 02:12:00 PM,35,SNOW,DAYLIGHT,ANGLE,ONE-WAY,NO CONTROLS,UNABLE TO DETERMINE,UNABLE TO DETERMINE,0,0,1,1,14,3,2,2134,CALIFORNIA AVE,41.72148,-87.566309,02/19/2019 02:44:00 PM,2019
CR00010651,06/05/2016 04:50:00 AM,35,CLEAR,DARKNESS - LIGHTED ROAD,REAR TO FRONT,DIVIDED - W/MEDIAN (NOT RAISED),STOP SIGN/FLASHER,FOLLOWING TOO CLOSELY,FOLLOWING TOO CLOSELY,0,0,3,3,4,1,6,1782,MILWAUKEE AVE,41.842515,-87.599037,06/05/2016 06:19:00 AM,2016
CR00010652,11/27/2021 09:03:00 AM,15,CLEAR,DAYLIGHT,REAR END,NOT DIVIDED,NO CONTROLS,DISREGARDING TRAFFIC SIGNALS,IMPROPER OVERTAKING/PASSING,0,0,0,0,9,7,11,1845,STONY ISLAND AVE,41.99492,-87.603476,11/27/2021 10:15:00 AM,2021
CR00010653,07/05/2015 03:17:00 AM,35,RAIN,DARKNESS - LIGHTED ROAD,ANGLE,NOT DIVIDED,STOP SIGN/FLASHER,UNABLE TO DETERMINE,DISREGARDING TRAFFIC SIGNALS,0,0,0,0,3,1,7,2011,DIVISION ST,41.947447,-87.829715,07/05/2015 04:30:00 AM,2015
CR00010654,04/27/2019 09:59:00 PM,20,CLEAR,DAYLIGHT,TURNING,NOT DIVIDED,NO CONTROLS,FAILING TO YIELD RIGHT-OF-WAY,FOLLOWING TOO CLOSELY,0,0,0,0,21,7,4,1343,STATE ST,41.8466,-87.71158,04/27/2019 11:57:00 PM,2019
CR00010655,04/07/2020 01:45:00 PM,15,CLEAR,DAYLIGHT,REAR TO FRONT,NOT DIVIDED,TRAFFIC SIGNAL,FOLLOWING TOO CLOSELY,FAILING TO YIELD RIGHT-OF-WAY,0,0,0,0,13,3,4,601,KEDZIE AVE,41.974149,-87.652574,04/07/2020 03:34:00 PM,2020
CR00010656,02/08/2022 06:37:00 PM,45,CLEAR,DAYLIGHT,REAR END,ONE-WAY,STOP SIGN/FLASHER,DISREGARDING TRAFFIC SIGNALS,FOLLOWING TOO CLOSELY,0,0,0,0,18,3,2,1072,ARCHER AVE,41.978955,-87.624231,02/08/2022 07:23:00 PM,2022
CR00010657,09/24/2016 12:26:00 PM,45,SNOW,DAYLIGHT,REAR END,NOT DIVIDED,NO CONTROLS,UNABLE TO DETERMINE,UNABLE TO DETERMINE,0,0,1,1,12,7,9,1054,DAMEN AVE,41.810615,-87.704169,09/24/2016 01:41:00 PM,2016
CR00010658,12/15/2017 10:48:00 AM,30,RAIN,DARKNESS,ANGLE,NOT DIVIDED,UNKNOWN,FOLLOWING TOO CLOSELY,IMPROPER OVERTAKING/PASSING,0,0,0,0,10,6,12,509,ASHLAND AVE,41.882755,-87.843322,12/15/2017 11:23:00 AM,2017
CR00010659,11/13/2021 07:18:00 AM,25,CLEAR,DAWN,PARKED MOTOR VEHICLE,NOT DIVIDED,TRAFFIC SIGNAL,DISTRACTION - FROM INSIDE VEHICLE,FAILING TO REDUCE SPEED,0,0,1,1,7,7,11,2172,STATE ST,41.974634,-87.649992,11/13/2021 07:23:00 AM,2021
CR00010660,05/29/2020 07:43:00 AM,40,CLEAR,DAYLIGHT,PEDESTRIAN,DIVIDED - W/MEDIAN (NOT RAISED),STOP SIGN/FLASHER,UNABLE TO DETERMINE,FOLLOWING TOO CLOSELY,0,1,3,4,7,6,5,2264,MICHIGAN AVE,41.730744,-87.653575,05/29/2020 08:26:00 AM,2020
CR00010661,10/15/2016 11:44:00 AM,25,CLEAR,DAYLIGHT,TURNING,NOT DIVIDED,NO CONTROLS,FAILING TO YIELD RIGHT-OF-WAY,FOLLOWING TOO CLOSELY,0,0,0,0,11,7,10,1595,CLARK ST,41.997552,-87.689518,10/15/2016 12:40:00 PM,2016
CR00010662,11/30/2023 06:29:00 PM,25,CLEAR,DAYLIGHT,SIDESWIPE SAME DIRECTION,NOT DIVIDED,NO CONTROLS,FOLLOWING TOO CLOSELY,DRIVING SKILLS/KNOWLEDGE/EXPERIENCE,0,0,0,0,18,5,11,1430,ROOSEVELT RD,41.804176,-87.844773,11/30/2023 07:20:00 PM,2023
CR00010663,01/14/2015 07:53:00 AM,30,CLEAR,DARKNESS - LIGHTED ROAD,PARKED MOTOR VEHICLE,NOT DIVIDED,UNKNOWN,FAILING TO REDUCE SPEED,DISREGARDING TRAFFIC SIGNALS,0,0,0,0,7,4,1,951,MICHIGAN AVE,41.794682,-87.760595,01/14/2015 07:59:00 AM,2015
CR00010664,10/06/2024 06:44:00 AM,20,CLOUDY/OVERCAST,DARKNESS,REAR END,ONE-WAY,TRAFFIC SIGNAL,DISTRACTION - FROM INSIDE VEHICLE,FAILING TO REDUCE SPEED,0,0,0,0,6,1,10,183,KEDZIE AVE,41.730256,-87.584061,10/06/2024 08:43:00 AM,2024
CR00010665,07/01/2017 07:44:00 AM,25,CLEAR,DAYLIGHT,REAR END,FOUR WAY,NO CONTROLS,FAILING TO REDUCE SPEED,FOLLOWING TOO CLOSELY,0,0,0,0,7,7,7,1492,STATE ST,41.779595,-87.558191,07/01/2017 09:30:00 AM,2017
CR00010666,11/23/2017 05:16:00 PM,35,CLEAR,DAYLIGHT,TURNING,DIVIDED - W/MEDIAN BARRIER,TRAFFIC SIGNAL,DISTRACTION - FROM INSIDE VEHICLE,FAILING TO YIELD RIGHT-OF-WAY,0,0,0,0,17,5,11,308,ELSTON AVE,41.728353,-87.521396,11/23/2017 05:51:00 PM,2017
CR00010667,03/26/2015 03:36:00 AM,30,CLEAR,DARKNESS - LIGHTED ROAD,SIDESWIPE SAME DIRECTION,FOUR WAY,UNKNOWN,WEATHER,FAILING TO REDUCE SPEED,0,0,0,0,3,5,3,2392,47TH ST,41.884494,-87.624838,03/26/2015 03:58:00 AM,2015
CR00010668,12/07/2015 08:26:00 AM,30,CLEAR,DARKNESS,REAR TO FRONT,FOUR WAY,TRAFFIC SIGNAL,UNABLE TO DETERMINE,FOLLOWING TOO CLOSELY,0,0,0,0,8,2,12,474,PULASKI RD,41.984326,-87.706503,12/07/2015 08:49:00 AM,2015
CR00010669,05/31/2022 06:11:00 AM,45,CLEAR,DARKNESS,SIDESWIPE SAME DIRECTION,DIVIDED - W/MEDIAN (NOT RAISED),YIELD,UNABLE TO DETERMINE,FAILING TO YIELD RIGHT-OF-WAY,0,0,2,2,6,3,5,616,FULLERTON AVE,41.889489,-87.786125,05/31/2022 08:02:00 AM,2022
CR00010670,05/03/2022 04:24:00 PM,30,SNOW,DAYLIGHT,ANGLE,NOT DIVIDED,PEDESTRIAN CROSSING SIGN,UNABLE TO DETERMINE,DISREGARDING TRAFFIC SIGNALS,0,0,0,0,16,3,5,1951,LAKE SHORE DR,41.753905,-87.551332,05/03/2022 04:50:00 PM,2022
CR00010671,06/07/2016 08:26:00 PM,40,CLEAR,DAYLIGHT,REAR END,DIVIDED - W/MEDIAN (NOT RAISED),TRAFFIC SIGNAL,FAILING TO YIELD RIGHT-OF-WAY,DISTRACTION - FROM INSIDE VEHICLE,0,0,0,0,20,3,6,951,MILWAUKEE AVE,41.927563,-87.823092,06/07/2016 10:24:00 PM,2016
CR00010672,06/24/2020 10:38:00 AM,40,CLOUDY/OVERCAST,DARKNESS,FIXED OBJECT,ONE-WAY,STOP SIGN/FLASHER,FAILING TO YIELD RIGHT-OF-WAY,FAILING TO YIELD RIGHT-OF-WAY,0,0,0,0,10,4,6,2502,BROADWAY,41.928309,-87.792583,06/24/2020 11:45:00 AM,2020
CR00010673,04/29/2021 07:10:00 AM,25,CLEAR,DAYLIGHT,SIDESWIPE SAME DIRECTION,ONE-WAY,TRAFFIC SIGNAL,FAILING TO YIELD RIGHT-OF-WAY,UNABLE TO DETERMINE,0,0,0,0,7,5,4,2270,79TH ST,41.782627,-87.84198,04/29/2021 08:11:00 AM,2021
CR00010674,08/08/2017 02:02:00 PM,30,CLEAR,DAYLIGHT,ANGLE,NOT DIVIDED,NO CONTROLS,DRIVING SKILLS/KNOWLEDGE/EXPERIENCE,FAILING TO YIELD RIGHT-OF-WAY,0,0,0,0,14,3,8,858,FULLERTON AVE,41.982363,-87.838825,08/08/2017 02:13:00 PM,2017
CR00010675,08/12/2020 04:57:00 PM,20,FREEZING RAIN/DRIZZLE,DAYLIGHT,REAR END,DIVIDED - W/MEDIAN (NOT RAISED),TRAFFIC SIGNAL,FAILING TO YIELD RIGHT-OF-WAY,FOLLOWING TOO CLOSELY,0,0,0,0,16,4,8,989,PULASKI RD,41.822062,-87.540046,08/12/2020 06:32:00 PM,2020
CR00010676,09/17/2015 12:05:00 PM,20,CLEAR,DAYLIGHT,TURNING,NOT DIVIDED,TRAFFIC SIGNAL,UNABLE TO DETERMINE,NOT APPLICABLE,0,0,3,3,12,5,9,804,ASHLAND AVE,41.938873,-87.744062,09/17/2015 01:01:00 PM,2015
CR00010677,11/05/2021 12:46:00 PM,20,RAIN,DARKNESS - LIGHTED ROAD,FIXED OBJECT,FOUR WAY,NO CONTROLS,DISTRACTION - FROM INSIDE VEHICLE,DISTRACTION - FROM INSIDE VEHICLE,0,0,0,0,12,6,11,1839,DAMEN AVE,41.977705,-87.623458,11/05/2021 02:21:00 PM,2021
CR00010678,09/20/2020 10:51:00 AM,35,CLEAR,DAYLIGHT,REAR END,NOT DIVIDED,NO CONTROLS,UNABLE TO DETERMINE,DRIVING SKILLS/KNOWLEDGE/EXPERIENCE,0,0,0,0,10,1,9,466,IRVING PARK RD,41.76631,-87.535435,09/20/2020 12:06:00 PM,2020
CR00010679,10/23/2016 05:41:00 PM,30,CLEAR,DAYLIGHT,REAR TO FRONT,DIVIDED - W/MEDIAN (NOT RAISED),NO CONTROLS,UNABLE TO DETERMINE,UNABLE TO DETERMINE,0,0,0,0,17,1,10,831,MICHIGAN AVE,41.70274,-87.579009,10/23/2016 06:42:00 PM,2016
CR00010680,08/08/2019 08:35:00 AM,45,CLEAR,DARKNESS - LIGHTED ROAD,PARKED MOTOR VEHICLE,NOT DIVIDED,STOP SIGN/FLASHER,UNABLE TO DETERMINE,UNABLE TO DETERMINE,0,0,0,0,8,5,8,2205,STONY ISLAND AVE,41.868874,-87.661753,08/08/2019 10:11:00 AM,2019
CR00010681,01/15/2018 03:34:00 PM,45,FREEZING RAIN/DRIZZLE,DAYLIGHT,ANGLE,DIVIDED - W/MEDIAN (NOT RAISED),TRAFFIC SIGNAL,UNABLE TO DETERMINE,FAILING TO REDUCE SPEED,0,0,0,0,15,2,1,1275,PULASKI RD,41.98566,-87.693019,01/15/2018 03:56:00 PM,2018
CR00010682,03/31/2015 05:47:00 PM,40,FOG/SMOKE/HAZE,DAYLIGHT,REAR END,FOUR WAY,NO CONTROLS,UNABLE TO DETERMINE,IMPROPER LANE USAGE,0,0,0,0,17,3,3,2518,ELSTON AVE,41.882675,-87.810187,03/31/2015 06:52:00 PM,2015
CR00010683,03/19/2015 04:49:00 PM,25,CLEAR,DAYLIGHT,SIDESWIPE SAME DIRECTION,NOT DIVIDED,UNKNOWN,UNABLE TO DETERMINE,IMPROPER LANE USAGE,0,0,0,0,16,5,3,2314,MILWAUKEE AVE,41.794204,-87.75205,03/19/2015 05:46:00 PM,2015
CR00010684,01/19/2021 09:31:00 AM,45,FOG/SMOKE/HAZE,DARKNESS - LIGHTED ROAD,SIDESWIPE SAME DIRECTION,NOT DIVIDED,TRAFFIC SIGNAL,UNABLE TO DETERMINE,NOT APPLICABLE,0,0,2,2,9,3,1,1143,OGDEN AVE,41.79754,-87.572532,01/19/2021 11:02:00 AM,2021
CR00010685,05/16/2015 01:06:00 AM,30,FOG/SMOKE/HAZE,DAYLIGHT,PARKED MOTOR VEHICLE,FOUR WAY,STOP SIGN/FLASHER,FAILING TO REDUCE SPEED,FAILING TO REDUCE SPEED,0,0,2,2,1,7,5,1438,STONY ISLAND AVE,41.967953,-87.608383,05/16/2015 02:44:00 AM,2015
CR00010686,05/11/2021 07:51:00 PM,20,CLEAR,DAYLIGHT,TURNING,NOT DIVIDED,NO CONTROLS,WEATHER,NOT APPLICABLE,0,0,0,0,19,3,5,2078,HALSTED ST,41.92913,-87.617792,05/11/2021 09:51:00 PM,2021
CR00010687,03/26/2018 08:53:00 PM,30,CLEAR,DARKNESS - LIGHTED ROAD,FIXED OBJECT,T-INTERSECTION,TRAFFIC SIGNAL,UNABLE TO DETERMINE,IMPROPER LANE USAGE,0,0,0,0,20,2,3,1941,79TH ST,41.971252,-87.74187,03/26/2018 09:00:00 PM,2018
CR00010688,06/14/2019 04:15:00 AM,30,CLEAR,DUSK,REAR END,NOT DIVIDED,NO CONTROLS,DISREGARDING TRAFFIC SIGNALS,IMPROPER OVERTAKING/PASSING,0,0,0,0,4,6,6,1858,47TH ST,41.927685,-87.670633,06/14/2019 04:59:00 AM,2019
CR00010689,12/13/2024 08:57:00 AM,45,CLOUDY/OVERCAST,DAWN,REAR TO FRONT,DIVIDED - W/MEDIAN BARRIER,TRAFFIC SIGNAL,UNABLE TO DETERMINE,DISTRACTION - FROM INSIDE VEHICLE,0,0,0,0,8,6,12,1857,MILWAUKEE AVE,41.850797,-87.711138,12/13/2024 09:00:00 AM,2024
CR00010690,06/28/2015 05:23:00 AM,20,CLEAR,DARKNESS,REAR TO FRONT,ONE-WAY,STOP SIGN/FLASHER,DISTRACTION - FROM INSIDE VEHICLE,NOT APPLICABLE,0,0,3,3,5,1,6,891,ELSTON AVE,41.718521,-87.616269,06/28/2015 05:57:00 AM,2015
CR00010691,05/13/2022 05:02:00 AM,30,CLEAR,DAYLIGHT,SIDESWIPE SAME DIRECTION,NOT DIVIDED,NO CONTROLS,UNABLE TO DETERMINE,IMPROPER OVERTAKING/PASSING,0,0,0,0,5,6,5,1213,IRVING PARK RD,41.95215,-87.634984,05/13/2022 06:46:00 AM,2022
CR00010692,12/31/2018 06:48:00 PM,35,CLEAR,DAYLIGHT,REAR END,DIVIDED - W/MEDIAN (NOT RAISED),TRAFFIC SIGNAL,IMPROPER OVERTAKING/PASSING,DISREGARDING TRAFFIC SIGNALS,0,0,0,0,18,2,12,2374,63RD ST,41.736642,-87.536963,12/31/2018 07:47:00 PM,2018
CR00010693,04/12/2020 09:34:00 PM,30,CLEAR,DAYLIGHT,PARKED MOTOR VEHICLE,NOT DIVIDED,TRAFFIC SIGNAL,FAILING TO REDUCE SPEED,DISREGARDING TRAFFIC SIGNALS,0,0,0,0,21,1,4,717,LAKE SHORE DR,41.938314,-87.736294,04/12/2020 11:05:00 PM,2020
CR00010694,01/02/2022 05:14:00 PM,20,CLEAR,DAYLIGHT,FIXED OBJECT,FOUR WAY,TRAFFIC SIGNAL,DISTRACTION - FROM INSIDE VEHICLE,NOT APPLICABLE,0,0,1,1,17,1,1,1734,IRVING PARK RD,41.951382,-87.617392,01/02/2022 06:00:00 PM,2022
CR00010695,05/03/2020 11:58:00 AM,25,CLEAR,DAYLIGHT,ANGLE,DIVIDED - W/MEDIAN (NOT RAISED),NO CONTROLS,IMPROPER LANE USAGE,UNABLE TO DETERMINE,0,0,0,0,11,1,5,2296,OGDEN AVE,41.949839,-87.576961,05/03/2020 01:21:00 PM,2020
CR00010696,01/28/2015 11:11:00 PM,15,CLEAR,DUSK,REAR END,NOT DIVIDED,TRAFFIC SIGNAL,FOLLOWING TOO CLOSELY,IMPROPER OVERTAKING/PASSING,0,0,0,0,23,4,1,1368,63RD ST,41.712443,-87.600828,01/29/2015 12:35:00 AM,2015
CR00010697,07/31/2022 12:38:00 PM,30,RAIN,DAYLIGHT,TURNING,NOT DIVIDED,NO CONTROLS,FOLLOWING TOO CLOSELY,NOT APPLICABLE,0,0,0,0,12,1,7,1120,HALSTED ST,41.961241,-87.750939,07/31/2022 02:12:00 PM,2022
CR00010698,05/26/2016 03:44:00 PM,30,CLEAR,DUSK,TURNING,ONE-WAY,TRAFFIC SIGNAL,FOLLOWING TOO CLOSELY,DRIVING SKILLS/KNOWLEDGE/EXPERIENCE,0,0,0,0,15,5,5,1689,ELSTON AVE,41.746072,-87.634829,05/26/2016 04:27:00 PM,2016
CR00010699,01/18/2015 08:19:00 AM,35,CLEAR,DAYLIGHT,TURNING,DIVIDED - W/MEDIAN (NOT RAISED),TRAFFIC SIGNAL,FAILING TO YIELD RIGHT-OF-WAY,IMPROPER LANE USAGE,0,0,0,0,8,1,1,2428,47TH ST,41.718395,-87.762403,01/18/2015 09:02:00 AM,2015
CR00010700,05/30/2019 06:12:00 PM,25,FREEZING RAIN/DRIZZLE,DUSK,REAR END,ONE-WAY,STOP SIGN/FLASHER,UNABLE TO DETERMINE,DISREGARDING TRAFFIC SIGNALS,0,0,0,0,18,5,5,1839,WESTERN AVE,41.906326,-87.75058,05/30/2019 06:54:00 PM,2019
CR00010701,03/09/2016 11:30:00 AM,30,FOG/SMOKE/HAZE,DAYLIGHT,REAR END,NOT DIVIDED,NO CONTROLS,FAILING TO YIELD RIGHT-OF-WAY,UNABLE TO DETERMINE,0,0,0,0,11,4,3,769,PULASKI RD,41.771675,-87.671757,03/09/2016 11:46:00 AM,2016
CR00010702,07/10/2022 04:26:00 AM,35,CLEAR,DARKNESS - LIGHTED ROAD,REAR END,DIVIDED - W/MEDIAN (NOT RAISED),NO CONTROLS,FAILING TO YIELD RIGHT-OF-WAY,FOLLOWING TOO CLOSELY,0,0,0,0,4,1,7,283,CALIFORNIA AVE,41.727967,-87.762255,07/10/2022 05:52:00 AM,2022
CR00010703,02/05/2018 09:06:00 PM,45,CLEAR,DAYLIGHT,TURNING,DIVIDED - W/MEDIAN BARRIER,STOP SIGN/FLASHER,UNABLE TO DETERMINE,UNABLE TO DETERMINE,0,0,0,0,21,2,2,360,CALIFORNIA AVE,41.804234,-87.685243,02/05/2018 10:50:00 PM,2018
CR00010704,03/17/2022 06:46:00 AM,25,CLEAR,DARKNESS - LIGHTED ROAD,REAR END,NOT DIVIDED,TRAFFIC SIGNAL,FAILING TO REDUCE SPEED,UNABLE TO DETERMINE,0,0,0,0,6,5,3,383,63RD ST,41.938749,-87.796971,03/17/2022 07:27:00 AM,2022
CR00010705,11/09/2017 06:52:00 PM,30,CLEAR,DAYLIGHT,REAR TO FRONT,DIVIDED - W/MEDIAN (NOT RAISED),NO CONTROLS,FOLLOWING TOO CLOSELY,UNABLE TO DETERMINE,0,0,0,0,18,5,11,1405,WESTERN AVE,41.883279,-87.689345,11/09/2017 07:45:00 PM,2017