CRASH_RECORD_ID,CRASH_DATE,POSTED_SPEED_LIMIT,WEATHER_CONDITION,LIGHTING_CONDITION,FIRST_CRASH_TYPE,TRAFFICWAY_TYPE,TRAFFIC_CONTROL_DEVICE,PRIM_CONTRIBUTORY_CAUSE,SEC_CONTRIBUTORY_CAUSE,INJURIES_FATAL,INJURIES_INCAPACITATING,INJURIES_NON_INCAPACITATING,INJURIES_TOTAL,CRASH_HOUR,CRASH_DAY_OF_WEEK,CRASH_MONTH,BEAT_OF_OCCURRENCE,STREET_NAME,LATITUDE,LONGITUDE,DATE_POLICE_NOTIFIED,year
CR00010706,10/05/2024 05:37:00 PM,30,CLEAR,DAWN,TURNING,NOT DIVIDED,TRAFFIC SIGNAL,IMPROPER LANE USAGE,FAILING TO YIELD RIGHT-OF-WAY,0,0,0,0,17,7,10,281,DIVISION ST,41.819966,-87.57371,10/05/2024 06:31:00 PM,2024
CR00010707,09/06/2017 12:58:00 PM,30,CLEAR,DARKNESS,TURNING,DIVIDED - W/MEDIAN BARRIER,NO CONTROLS,UNABLE TO DETERMINE,FOLLOWING TOO CLOSELY,0,0,0,0,12,4,9,2484,ARCHER AVE,41.70837,-87.503954,09/06/2017 02:19:00 PM,2017
CR00010708,11/08/2023 04:10:00 PM,45,CLEAR,DAYLIGHT,REAR END,NOT DIVIDED,UNKNOWN,FOLLOWING TOO CLOSELY,FOLLOWING TOO CLOSELY,0,2,0,2,16,4,11,1896,CALIFORNIA AVE,41.82309,-87.835663,11/08/2023 05:33:00 PM,2023
CR00010709,03/16/2021 11:18:00 PM,30,CLEAR,DUSK,REAR TO FRONT,FOUR WAY,NO CONTROLS,DISREGARDING TRAFFIC SIGNALS,FAILING TO YIELD RIGHT-OF-WAY,0,0,0,0,23,3,3,2492,HALSTED ST,41.736154,-87.520689,03/17/2021 01:08:00 AM,2021
CR00010710,01/23/2016 04:39:00 PM,35,CLEAR,DAYLIGHT,ANGLE,NOT DIVIDED,NO CONTROLS,FOLLOWING TOO CLOSELY,FOLLOWING TOO CLOSELY,0,1,0,1,16,7,1,2384,STATE ST,41.777435,-87.742737,01/23/2016 04:41:00 PM,2016
CR00010711,02/16/2017 10:20:00 AM,15,RAIN,DAYLIGHT,ANGLE,T-INTERSECTION,NO CONTROLS,IMPROPER LANE USAGE,IMPROPER LANE USAGE,0,0,0,0,10,5,2,1152,PULASKI RD,41.836158,-87.710745,02/16/2017 11:05:00 AM,2017
CR00010712,01/14/2023 05:55:00 PM,30,CLEAR,DAYLIGHT,PEDESTRIAN,DIVIDED - W/MEDIAN (NOT RAISED),UNKNOWN,IMPROPER OVERTAKING/PASSING,UNABLE TO DETERMINE,0,0,0,0,17,7,1,1551,OGDEN AVE,41.844799,-87.560701,01/14/2023 07:12:00 PM,2023
CR00010713,10/12/2020 10:35:00 AM,40,CLEAR,DAYLIGHT,REAR END,DIVIDED - W/MEDIAN (NOT RAISED),STOP SIGN/FLASHER,DISTRACTION - FROM INSIDE VEHICLE,FOLLOWING TOO CLOSELY,0,0,0,0,10,2,10,1597,63RD ST,41.70636,-87.681194,10/12/2020 12:14:00 PM,2020
CR00010714,06/30/2018 06:53:00 PM,30,CLOUDY/OVERCAST,DAYLIGHT,REAR END,DIVIDED - W/MEDIAN (NOT RAISED),TRAFFIC SIGNAL,FAILING TO YIELD RIGHT-OF-WAY,IMPROPER LANE USAGE,0,0,0,0,18,7,6,1653,CICERO AVE,41.9527,-87.751563,06/30/2018 07:42:00 PM,2018
CR00010715,07/29/2020 05:31:00 AM,30,CLEAR,DAYLIGHT,REAR END,NOT DIVIDED,TRAFFIC SIGNAL,WEATHER,NOT APPLICABLE,0,0,0,0,5,4,7,1177,MICHIGAN AVE,41.897856,-87.681291,07/29/2020 06:31:00 AM,2020
CR00010716,04/20/2024 09:54:00 AM,40,CLEAR,DAYLIGHT,REAR TO FRONT,ONE-WAY,PEDESTRIAN CROSSING SIGN,IMPROPER LANE USAGE,NOT APPLICABLE,0,1,1,2,9,7,4,733,CICERO AVE,41.875287,-87.695334,04/20/2024 10:50:00 AM,2024
CR00010717,08/14/2021 03:37:00 AM,40,CLEAR,DAYLIGHT,TURNING,DIVIDED - W/MEDIAN (NOT RAISED),STOP SIGN/FLASHER,WEATHER,DISTRACTION - FROM INSIDE VEHICLE,0,0,0,0,3,7,8,248,ROOSEVELT RD,41.777837,-87.763739,08/14/2021 05:31:00 AM,2021
CR00010718,11/21/2021 06:04:00 PM,30,CLEAR,DARKNESS - LIGHTED ROAD,PARKED MOTOR VEHICLE,DIVIDED - W/MEDIAN (NOT RAISED),NO CONTROLS,UNABLE TO DETERMINE,NOT APPLICABLE,0,0,0,0,18,1,11,1971,FULLERTON AVE,41.797714,-87.530065,11/21/2021 07:23:00 PM,2021
CR00010719,11/03/2015 12:33:00 PM,30,CLEAR,DARKNESS - LIGHTED ROAD,REAR END,DIVIDED - W/MEDIAN (NOT RAISED),NO CONTROLS,UNABLE TO DETERMINE,DISREGARDING TRAFFIC SIGNALS,0,0,1,1,12,3,11,1977,47TH ST,41.962018,-87.564271,11/03/2015 02:20:00 PM,2015
CR00010720,12/31/2019 06:53:00 PM,30,RAIN,DUSK,REAR TO FRONT,ONE-WAY,NO CONTROLS,UNABLE TO DETERMINE,DRIVING SKILLS/KNOWLEDGE/EXPERIENCE,0,0,0,0,18,3,12,1294,79TH ST,41.719942,-87.734411,12/31/2019 07:51:00 PM,2019
CR00010721,02/05/2021 04:49:00 PM,15,CLEAR,DAYLIGHT,REAR END,ONE-WAY,UNKNOWN,WEATHER,IMPROPER LANE USAGE,0,0,0,0,16,6,2,1715,MICHIGAN AVE,41.853365,-87.560379,02/05/2021 05:49:00 PM,2021
CR00010722,05/04/2020 10:25:00 AM,35,CLEAR,DAYLIGHT,SIDESWIPE SAME DIRECTION,DIVIDED - W/MEDIAN (NOT RAISED),UNKNOWN,FOLLOWING TOO CLOSELY,FOLLOWING TOO CLOSELY,0,0,0,0,10,2,5,1721,79TH ST,41.940567,-87.640565,05/04/2020 10:36:00 AM,2020
CR00010723,02/22/2015 01:34:00 PM,40,SNOW,DAYLIGHT,PEDESTRIAN,DIVIDED - W/MEDIAN (NOT RAISED),TRAFFIC SIGNAL,FAILING TO YIELD RIGHT-OF-WAY,UNABLE TO DETERMINE,0,0,0,0,13,1,2,276,DAMEN AVE,41.734101,-87.587792,02/22/2015 02:53:00 PM,2015
CR00010724,04/13/2021 09:12:00 AM,15,CLEAR,DAYLIGHT,ANGLE,NOT DIVIDED,TRAFFIC SIGNAL,FOLLOWING TOO CLOSELY,NOT APPLICABLE,0,0,0,0,9,3,4,2458,HALSTED ST,41.729997,-87.646399,04/13/2021 10:57:00 AM,2021
CR00010725,10/08/2016 08:41:00 AM,20,CLEAR,DAYLIGHT,PEDESTRIAN,DIVIDED - W/MEDIAN (NOT RAISED),TRAFFIC SIGNAL,FAILING TO YIELD RIGHT-OF-WAY,NOT APPLICABLE,0,0,0,0,8,7,10,1875,ELSTON AVE,41.757416,-87.813525,10/08/2016 09:42:00 AM,2016
CR00010726,09/27/2024 03:03:00 PM,15,CLEAR,DAYLIGHT,REAR END,DIVIDED - W/MEDIAN BARRIER,TRAFFIC SIGNAL,UNABLE TO DETERMINE,NOT APPLICABLE,0,0,0,0,15,6,9,329,MILWAUKEE AVE,41.773588,-87.713263,09/27/2024 04:09:00 PM,2024
CR00010727,03/14/2020 12:02:00 PM,40,CLEAR,DAYLIGHT,TURNING,DIVIDED - W/MEDIAN BARRIER,TRAFFIC SIGNAL,DRIVING SKILLS/KNOWLEDGE/EXPERIENCE,UNABLE TO DETERMINE,0,0,0,0,12,7,3,619,MICHIGAN AVE,41.844495,-87.735039,03/14/2020 12:08:00 PM,2020
CR00010728,06/26/2016 01:00:00 PM,35,CLEAR,DAYLIGHT,PARKED MOTOR VEHICLE,FOUR WAY,NO CONTROLS,FAILING TO YIELD RIGHT-OF-WAY,NOT APPLICABLE,0,0,3,3,13,1,6,1006,STONY ISLAND AVE,41.854328,-87.826767,06/26/2016 02:35:00 PM,2016
CR00010729,04/05/2018 09:16:00 AM,30,CLEAR,DAYLIGHT,SIDESWIPE SAME DIRECTION,DIVIDED - W/MEDIAN (NOT RAISED),TRAFFIC SIGNAL,FOLLOWING TOO CLOSELY,DISTRACTION - FROM INSIDE VEHICLE,0,0,0,0,9,5,4,671,KEDZIE AVE,41.921181,-87.838207,04/05/2018 11:12:00 AM,2018
CR00010730,01/11/2015 05:19:00 PM,35,CLEAR,DAYLIGHT,REAR END,T-INTERSECTION,NO CONTROLS,DISTRACTION - FROM INSIDE VEHICLE,FOLLOWING TOO CLOSELY,0,0,0,0,17,1,1,1230,DIVISION ST,41.931891,-87.66804,01/11/2015 06:13:00 PM,2015
CR00010731,05/31/2024 06:51:00 AM,35,CLEAR,DARKNESS - LIGHTED ROAD,TURNING,NOT DIVIDED,TRAFFIC SIGNAL,IMPROPER LANE USAGE,IMPROPER LANE USAGE,0,0,0,0,6,6,5,1775,KEDZIE AVE,41.777534,-87.641425,05/31/2024 07:12:00 AM,2024
CR00010732,09/15/2021 02:46:00 PM,35,CLEAR,DAYLIGHT,TURNING,ONE-WAY,TRAFFIC SIGNAL,UNABLE TO DETERMINE,UNABLE TO DETERMINE,0,0,0,0,14,4,9,2508,ARCHER AVE,41.827049,-87.686465,09/15/2021 03:57:00 PM,2021
CR00010733,10/18/2018 04:33:00 PM,35,CLEAR,DARKNESS - LIGHTED ROAD,TURNING,NOT DIVIDED,NO CONTROLS,IMPROPER LANE USAGE,NOT APPLICABLE,0,0,1,1,16,5,10,2318,CALIFORNIA AVE,41.756243,-87.561375,10/18/2018 05:47:00 PM,2018
CR00010734,01/07/2023 11:12:00 AM,30,CLEAR,DAYLIGHT,TURNING,DIVIDED - W/MEDIAN (NOT RAISED),NO CONTROLS,UNABLE TO DETERMINE,FOLLOWING TOO CLOSELY,0,0,0,0,11,7,1,1520,CICERO AVE,41.723375,-87.58537,01/07/2023 12:59:00 PM,2023
CR00010735,07/26/2017 03:32:00 PM,35,CLEAR,DAYLIGHT,FIXED OBJECT,NOT DIVIDED,TRAFFIC SIGNAL,FAILING TO YIELD RIGHT-OF-WAY,UNABLE TO DETERMINE,0,0,0,0,15,4,7,1353,FULLERTON AVE,41.940222,-87.838685,07/26/2017 04:09:00 PM,2017
CR00010736,08/13/2021 05:32:00 AM,15,CLEAR,DAYLIGHT,TURNING,NOT DIVIDED,TRAFFIC SIGNAL,FOLLOWING TOO CLOSELY,FOLLOWING TOO CLOSELY,0,0,0,0,5,6,8,841,63RD ST,41.718879,-87.540708,08/13/2021 05:47:00 AM,2021
CR00010737,03/07/2022 07:51:00 PM,40,CLEAR,DAYLIGHT,TURNING,DIVIDED - W/MEDIAN (NOT RAISED),PEDESTRIAN CROSSING SIGN,FOLLOWING TOO CLOSELY,NOT APPLICABLE,0,0,2,2,19,2,3,1650,OGDEN AVE,41.768454,-87.84276,03/07/2022 09:12:00 PM,2022
CR00010738,03/18/2018 08:00:00 AM,40,RAIN,DAYLIGHT,REAR END,NOT DIVIDED,TRAFFIC SIGNAL,DRIVING SKILLS/KNOWLEDGE/EXPERIENCE,UNABLE TO DETERMINE,0,0,1,1,8,1,3,266,MICHIGAN AVE,41.810467,-87.849244,03/18/2018 09:58:00 AM,2018
CR00010739,01/26/2021 07:48:00 AM,30,RAIN,DAYLIGHT,REAR TO FRONT,FOUR WAY,NO CONTROLS,UNABLE TO DETERMINE,DISREGARDING TRAFFIC SIGNALS,0,0,0,0,7,3,1,2514,63RD ST,41.731228,-87.53797,01/26/2021 09:01:00 AM,2021
CR00010740,08/26/2023 01:39:00 AM,35,SNOW,DAYLIGHT,ANGLE,DIVIDED - W/MEDIAN (NOT RAISED),NO CONTROLS,UNABLE TO DETERMINE,FOLLOWING TOO CLOSELY,0,0,1,1,1,7,8,1129,79TH ST,41.950222,-87.827394,08/26/2023 02:56:00 AM,2023
CR00010741,05/25/2018 03:44:00 AM,45,CLEAR,DAYLIGHT,REAR END,NOT DIVIDED,NO CONTROLS,UNABLE TO DETERMINE,FAILING TO REDUCE SPEED,0,0,1,1,3,6,5,1291,DAMEN AVE,41.991501,-87.585299,05/25/2018 04:29:00 AM,2018
CR00010742,08/17/2019 12:41:00 PM,35,CLEAR,DAYLIGHT,SIDESWIPE SAME DIRECTION,DIVIDED - W/MEDIAN (NOT RAISED),UNKNOWN,DISTRACTION - FROM INSIDE VEHICLE,FOLLOWING TOO CLOSELY,0,0,0,0,12,7,8,1384,47TH ST,41.836877,-87.710048,08/17/2019 01:09:00 PM,2019
CR00010743,12/29/2021 05:17:00 AM,35,CLEAR,DAYLIGHT,SIDESWIPE SAME DIRECTION,ONE-WAY,TRAFFIC SIGNAL,UNABLE TO DETERMINE,FAILING TO YIELD RIGHT-OF-WAY,0,0,0,0,5,4,12,1529,WESTERN AVE,41.744493,-87.533307,12/29/2021 05:31:00 AM,2021
CR00010744,11/06/2017 06:33:00 PM,40,CLOUDY/OVERCAST,DAYLIGHT,ANGLE,NOT DIVIDED,NO CONTROLS,FAILING TO YIELD RIGHT-OF-WAY,DISTRACTION - FROM INSIDE VEHICLE,0,0,0,0,18,2,11,2479,79TH ST,41.713739,-87.668736,11/06/2017 07:00:00 PM,2017
CR00010745,09/30/2018 05:50:00 PM,35,CLEAR,DARKNESS - LIGHTED ROAD,ANGLE,DIVIDED - W/MEDIAN (NOT RAISED),NO CONTROLS,UNABLE TO DETERMINE,IMPROPER LANE USAGE,0,0,0,0,17,1,9,316,MICHIGAN AVE,41.791704,-87.662248,09/30/2018 07:46:00 PM,2018
CR00010746,01/30/2021 01:41:00 PM,35,FREEZING RAIN/DRIZZLE,DAYLIGHT,PARKED MOTOR VEHICLE,DIVIDED - W/MEDIAN (NOT RAISED),TRAFFIC SIGNAL,FOLLOWING TOO CLOSELY,FOLLOWING TOO CLOSELY,0,0,0,0,13,7,1,1393,IRVING PARK RD,41.962713,-87.740673,01/30/2021 03:41:00 PM,2021
CR00010747,09/28/2016 12:21:00 PM,45,SNOW,DARKNESS - LIGHTED ROAD,ANGLE,NOT DIVIDED,NO CONTROLS,FOLLOWING TOO CLOSELY,FOLLOWING TOO CLOSELY,0,0,0,0,12,4,9,1912,BROADWAY,41.719505,-87.71383,09/28/2016 01:28:00 PM,2016
CR00010748,03/05/2020 09:02:00 PM,20,RAIN,DAYLIGHT,TURNING,FOUR WAY,TRAFFIC SIGNAL,FOLLOWING TOO CLOSELY,UNABLE TO DETERMINE,0,0,0,0,21,5,3,751,IRVING PARK RD,41.712917,-87.592136,03/05/2020 10:23:00 PM,2020
CR00010749,08/28/2021 08:45:00 PM,35,CLEAR,DAYLIGHT,REAR TO FRONT,DIVIDED - W/MEDIAN (NOT RAISED),PEDESTRIAN CROSSING SIGN,IMPROPER OVERTAKING/PASSING,UNABLE TO DETERMINE,0,0,0,0,20,7,8,2297,STONY ISLAND AVE,41.820986,-87.613221,08/28/2021 10:09:00 PM,2021
CR00010750,11/26/2017 08:42:00 PM,25,RAIN,DAYLIGHT,PARKED MOTOR VEHICLE,NOT DIVIDED,STOP SIGN/FLASHER,IMPROPER OVERTAKING/PASSING,NOT APPLICABLE,0,0,0,0,20,1,11,2514,CALIFORNIA AVE,41.976948,-87.765357,11/26/2017 09:54:00 PM,2017
CR00010751,12/23/2015 03:36:00 PM,30,SNOW,DARKNESS - LIGHTED ROAD,PARKED MOTOR VEHICLE,DIVIDED - W/MEDIAN (NOT RAISED),TRAFFIC SIGNAL,DRIVING SKILLS/KNOWLEDGE/EXPERIENCE,FOLLOWING TOO CLOSELY,0,0,1,1,15,4,12,1339,PULASKI RD,41.706037,-87.750955,12/23/2015 04:19:00 PM,2015
CR00010752,03/06/2023 10:10:00 AM,35,SNOW,DAYLIGHT,REAR END,NOT DIVIDED,UNKNOWN,IMPROPER OVERTAKING/PASSING,UNABLE TO DETERMINE,0,0,0,0,10,2,3,1856,DIVISION ST,41.820664,-87.513844,03/06/2023 11:45:00 AM,2023
CR00010753,03/07/2023 05:23:00 AM,25,CLOUDY/OVERCAST,DAYLIGHT,ANGLE,DIVIDED - W/MEDIAN (NOT RAISED),NO CONTROLS,DISREGARDING TRAFFIC SIGNALS,NOT APPLICABLE,0,0,0,0,5,3,3,1708,DIVISION ST,41.854755,-87.568386,03/07/2023 06:00:00 AM,2023
CR00010754,01/29/2021 05:21:00 PM,35,CLEAR,DARKNESS - LIGHTED ROAD,REAR END,NOT DIVIDED,NO CONTROLS,FAILING TO YIELD RIGHT-OF-WAY,FOLLOWING TOO CLOSELY,0,0,0,0,17,6,1,2503,KEDZIE AVE,41.873891,-87.663266,01/29/2021 07:06:00 PM,2021
CR00010755,05/05/2019 09:21:00 AM,40,RAIN,DARKNESS - LIGHTED ROAD,SIDESWIPE SAME DIRECTION,NOT DIVIDED,STOP SIGN/FLASHER,FAILING TO YIELD RIGHT-OF-WAY,DISTRACTION - FROM INSIDE VEHICLE,0,0,0,0,9,1,5,131,LAKE SHORE DR,41.86982,-87.530546,05/05/2019 10:33:00 AM,2019
CR00010756,02/18/2021 05:49:00 PM,30,CLEAR,DAYLIGHT,REAR END,NOT DIVIDED,NO CONTROLS,UNABLE TO DETERMINE,NOT APPLICABLE,0,0,0,0,17,5,2,1168,OGDEN AVE,41.975836,-87.527507,02/18/2021 06:23:00 PM,2021
CR00010757,08/21/2022 06:37:00 PM,30,CLEAR,DAYLIGHT,ANGLE,DIVIDED - W/MEDIAN (NOT RAISED),TRAFFIC SIGNAL,UNABLE TO DETERMINE,NOT APPLICABLE,0,0,0,0,18,1,8,1478,FULLERTON AVE,41.748832,-87.751996,08/21/2022 06:50:00 PM,2022
CR00010758,01/04/2021 06:16:00 PM,45,SNOW,DAYLIGHT,TURNING,FOUR WAY,TRAFFIC SIGNAL,UNABLE TO DETERMINE,NOT APPLICABLE,0,0,0,0,18,2,1,2063,47TH ST,41.956657,-87.585977,01/04/2021 06:25:00 PM,2021
CR00010759,08/23/2015 05:47:00 PM,35,CLEAR,DUSK,REAR END,NOT DIVIDED,NO CONTROLS,FOLLOWING TOO CLOSELY,UNABLE TO DETERMINE,0,0,0,0,17,1,8,2348,OGDEN AVE,41.961405,-87.552079,08/23/2015 06:22:00 PM,2015
CR00010760,10/12/2017 02:31:00 AM,45,RAIN,DARKNESS - LIGHTED ROAD,REAR END,DIVIDED - W/MEDIAN BARRIER,TRAFFIC SIGNAL,IMPROPER LANE USAGE,IMPROPER OVERTAKING/PASSING,0,0,2,2,2,5,10,1040,ASHLAND AVE,41.737551,-87.576594,10/12/2017 02:57:00 AM,2017
CR00010761,10/30/2021 11:15:00 AM,30,CLEAR,DARKNESS - LIGHTED ROAD,ANGLE,FOUR WAY,TRAFFIC SIGNAL,FOLLOWING TOO CLOSELY,UNABLE TO DETERMINE,0,0,0,0,11,7,10,507,DAMEN AVE,41.862584,-87.706181,10/30/2021 12:14:00 PM,2021
CR00010762,07/20/2022 08:02:00 PM,25,CLOUDY/OVERCAST,DAYLIGHT,TURNING,NOT DIVIDED,NO CONTROLS,UNABLE TO DETERMINE,DISTRACTION - FROM INSIDE VEHICLE,0,0,0,0,20,4,7,2471,ROOSEVELT RD,41.78682,-87.670362,07/20/2022 09:45:00 PM,2022
CR00010763,06/06/2021 04:12:00 PM,20,CLEAR,DAYLIGHT,TURNING,NOT DIVIDED,NO CONTROLS,DISREGARDING TRAFFIC SIGNALS,UNABLE TO DETERMINE,0,0,0,0,16,1,6,670,IRVING PARK RD,41.965074,-87.580704,06/06/2021 05:36:00 PM,2021
CR00010764,09/16/2021 02:38:00 PM,30,CLEAR,DAYLIGHT,FIXED OBJECT,NOT DIVIDED,NO CONTROLS,UNABLE TO DETERMINE,FAILING TO REDUCE SPEED,0,0,0,0,14,5,9,1516,KEDZIE AVE,41.997737,-87.65996,09/16/2021 04:16:00 PM,2021
CR00010765,05/15/2016 03:10:00 PM,40,RAIN,DAYLIGHT,REAR TO FRONT,DIVIDED - W/MEDIAN (NOT RAISED),STOP SIGN/FLASHER,IMPROPER OVERTAKING/PASSING,IMPROPER LANE USAGE,0,0,0,0,15,1,5,986,PULASKI RD,41.802339,-87.777649,05/15/2016 04:15:00 PM,2016
CR00010766,10/06/2017 07:15:00 PM,40,CLEAR,DARKNESS - LIGHTED ROAD,ANGLE,NOT DIVIDED,PEDESTRIAN CROSSING SIGN,UNABLE TO DETERMINE,DRIVING SKILLS/KNOWLEDGE/EXPERIENCE,0,0,0,0,19,6,10,2110,CALIFORNIA AVE,41.934334,-87.518887,10/06/2017 07:19:00 PM,2017
CR00010767,02/04/2019 10:00:00 AM,30,CLEAR,DAYLIGHT,SIDESWIPE SAME DIRECTION,NOT DIVIDED,NO CONTROLS,DRIVING SKILLS/KNOWLEDGE/EXPERIENCE,FAILING TO YIELD RIGHT-OF-WAY,0,0,0,0,10,2,2,2097,MILWAUKEE AVE,41.706129,-87.732189,02/04/2019 10:14:00 AM,2019
CR00010768,04/18/2023 05:05:00 PM,45,CLEAR,DAYLIGHT,TURNING,FOUR WAY,NO CONTROLS,DISREGARDING TRAFFIC SIGNALS,NOT APPLICABLE,0,0,0,0,17,3,4,1658,ELSTON AVE,41.935263,-87.773083,04/18/2023 06:24:00 PM,2023
CR00010769,04/03/2023 08:22:00 AM,15,FOG/SMOKE/HAZE,DARKNESS - LIGHTED ROAD,TURNING,NOT DIVIDED,TRAFFIC SIGNAL,UNABLE TO DETERMINE,FOLLOWING TOO CLOSELY,0,0,0,0,8,2,4,2040,BROADWAY,41.841607,-87.818364,04/03/2023 09:05:00 AM,2023
CR00010770,08/21/2022 11:32:00 AM,30,SNOW,DAYLIGHT,REAR END,DIVIDED - W/MEDIAN (NOT RAISED),NO CONTROLS,IMPROPER LANE USAGE,FAILING TO YIELD RIGHT-OF-WAY,0,1,0,1,11,1,8,1336,STONY ISLAND AVE,41.882004,-87.684883,08/21/2022 12:39:00 PM,2022
CR00010771,06/03/2016 05:05:00 AM,30,FREEZING RAIN/DRIZZLE,DAYLIGHT,REAR TO FRONT,DIVIDED - W/MEDIAN BARRIER,TRAFFIC SIGNAL,FOLLOWING TOO CLOSELY,NOT APPLICABLE,0,0,0,0,5,6,6,232,STATE ST,41.746282,-87.668867,06/03/2016 05:10:00 AM,2016
CR00010772,12/10/2015 07:40:00 PM,25,CLEAR,DAYLIGHT,SIDESWIPE SAME DIRECTION,FOUR WAY,NO CONTROLS,UNABLE TO DETERMINE,NOT APPLICABLE,0,0,0,0,19,5,12,676,WESTERN AVE,41.732623,-87.749938,12/10/2015 08:29:00 PM,2015
CR00010773,06/07/2017 07:34:00 AM,30,SNOW,DAYLIGHT,REAR END,NOT DIVIDED,STOP SIGN/FLASHER,DISTRACTION - FROM INSIDE VEHICLE,NOT APPLICABLE,0,0,3,3,7,4,6,1480,ELSTON AVE,41.921583,-87.522412,06/07/2017 07:36:00 AM,2017
CR00010774,12/27/2016 07:03:00 PM,30,SNOW,DAYLIGHT,REAR END,DIVIDED - W/MEDIAN (NOT RAISED),STOP SIGN/FLASHER,UNABLE TO DETERMINE,FAILING TO YIELD RIGHT-OF-WAY,0,0,0,0,19,3,12,1985,DIVISION ST,41.860164,-87.602196,12/27/2016 08:01:00 PM,2016
CR00010775,01/30/2022 03:17:00 PM,20,CLEAR,DARKNESS - LIGHTED ROAD,TURNING,ONE-WAY,TRAFFIC SIGNAL,DISREGARDING TRAFFIC SIGNALS,FAILING TO YIELD RIGHT-OF-WAY,0,0,0,0,15,1,1,1379,PULASKI RD,41.834097,-87.717805,01/30/2022 04:41:00 PM,2022
CR00010776,01/15/2022 10:53:00 AM,30,SNOW,DARKNESS - LIGHTED ROAD,ANGLE,FOUR WAY,STOP SIGN/FLASHER,FOLLOWING TOO CLOSELY,DISREGARDING TRAFFIC SIGNALS,0,0,1,1,10,7,1,594,ARCHER AVE,41.78944,-87.514126,01/15/2022 12:34:00 PM,2022
CR00010777,05/05/2020 06:07:00 PM,20,CLEAR,DAYLIGHT,TURNING,ONE-WAY,UNKNOWN,FAILING TO YIELD RIGHT-OF-WAY,IMPROPER OVERTAKING/PASSING,0,0,0,0,18,3,5,1603,BROADWAY,41.737741,-87.642255,05/05/2020 07:24:00 PM,2020
CR00010778,04/22/2016 10:27:00 AM,20,CLEAR,DARKNESS - LIGHTED ROAD,REAR TO FRONT,ONE-WAY,NO CONTROLS,DISTRACTION - FROM INSIDE VEHICLE,DRIVING SKILLS/KNOWLEDGE/EXPERIENCE,0,0,0,0,10,6,4,1631,ROOSEVELT RD,41.883222,-87.521848,04/22/2016 11:21:00 AM,2016
CR00010779,01/12/2024 06:33:00 AM,15,CLEAR,DAYLIGHT,REAR TO FRONT,FOUR WAY,NO CONTROLS,FAILING TO YIELD RIGHT-OF-WAY,UNABLE TO DETERMINE,0,0,0,0,6,6,1,727,ASHLAND AVE,41.897744,-87.689201,01/12/2024 08:31:00 AM,2024
CR00010780,12/22/2016 12:52:00 PM,35,FREEZING RAIN/DRIZZLE,DARKNESS - LIGHTED ROAD,TURNING,NOT DIVIDED,TRAFFIC SIGNAL,UNABLE TO DETERMINE,UNABLE TO DETERMINE,0,0,0,0,12,5,12,545,BROADWAY,41.966712,-87.52476,12/22/2016 02:12:00 PM,2016
CR00010781,07/13/2016 03:33:00 PM,15,RAIN,DARKNESS,SIDESWIPE SAME DIRECTION,NOT DIVIDED,STOP SIGN/FLASHER,DISTRACTION - FROM INSIDE VEHICLE,UNABLE TO DETERMINE,0,0,0,0,15,4,7,129,STONY ISLAND AVE,41.926132,-87.624484,07/13/2016 04:43:00 PM,2016
CR00010782,08/22/2015 10:58:00 AM,30,CLOUDY/OVERCAST,DARKNESS - LIGHTED ROAD,TURNING,NOT DIVIDED,NO CONTROLS,FAILING TO REDUCE SPEED,FAILING TO YIELD RIGHT-OF-WAY,0,0,0,0,10,7,8,1881,OGDEN AVE,41.924231,-87.807251,08/22/2015 12:18:00 PM,2015
CR00010783,12/25/2017 09:52:00 PM,20,CLEAR,DAYLIGHT,REAR END,NOT DIVIDED,TRAFFIC SIGNAL,WEATHER,FOLLOWING TOO CLOSELY,0,0,0,0,21,2,12,1917,LAKE SHORE DR,41.969599,-87.775116,12/25/2017 10:19:00 PM,2017
CR00010784,02/09/2018 03:28:00 PM,15,RAIN,DARKNESS - LIGHTED ROAD,FIXED OBJECT,NOT DIVIDED,NO CONTROLS,DISTRACTION - FROM INSIDE VEHICLE,FAILING TO REDUCE SPEED,0,0,0,0,15,6,2,457,BROADWAY,41.737801,-87.763231,02/09/2018 05:09:00 PM,2018
CR00010785,06/29/2017 04:28:00 PM,20,CLEAR,DAYLIGHT,REAR END,NOT DIVIDED,NO CONTROLS,FOLLOWING TOO CLOSELY,UNABLE TO DETERMINE,0,0,0,0,16,5,6,2351,STONY ISLAND AVE,41.891416,-87.664636,06/29/2017 05:43:00 PM,2017
CR00010786,09/02/2018 09:45:00 PM,20,CLEAR,DAYLIGHT,REAR END,NOT DIVIDED,NO CONTROLS,FOLLOWING TOO CLOSELY,NOT APPLICABLE,0,0,0,0,21,1,9,1797,MICHIGAN AVE,41.963907,-87.704592,09/02/2018 10:10:00 PM,2018
CR00010787,03/10/2019 03:50:00 PM,45,CLEAR,DARKNESS - LIGHTED ROAD,ANGLE,NOT DIVIDED,NO CONTROLS,UNABLE TO DETERMINE,UNABLE TO DETERMINE,0,0,0,0,15,1,3,1944,WESTERN AVE,41.78246,-87.68093,03/10/2019 04:34:00 PM,2019