CRASH_RECORD_ID,CRASH_DATE,POSTED_SPEED_LIMIT,WEATHER_CONDITION,LIGHTING_CONDITION,FIRST_CRASH_TYPE,TRAFFICWAY_TYPE,TRAFFIC_CONTROL_DEVICE,PRIM_CONTRIBUTORY_CAUSE,SEC_CONTRIBUTORY_CAUSE,INJURIES_FATAL,INJURIES_INCAPACITATING,INJURIES_NON_INCAPACITATING,INJURIES_TOTAL,CRASH_HOUR,CRASH_DAY_OF_WEEK,CRASH_MONTH,BEAT_OF_OCCURRENCE,STREET_NAME,LATITUDE,LONGITUDE,DATE_POLICE_NOTIFIED,year
CR00010788,11/11/2022 03:44:00 PM,35,CLEAR,DAYLIGHT,REAR END,DIVIDED - W/MEDIAN (NOT RAISED),NO CONTROLS,FOLLOWING TOO CLOSELY,UNABLE TO DETERMINE,0,0,1,1,15,6,11,1809,FULLERTON AVE,41.919702,-87.60583,11/11/2022 05:44:00 PM,2022
CR00010789,05/09/2016 02:55:00 AM,40,SNOW,DAYLIGHT,REAR END,NOT DIVIDED,NO CONTROLS,UNABLE TO DETERMINE,FOLLOWING TOO CLOSELY,0,0,0,0,2,2,5,1190,ROOSEVELT RD,41.914241,-87.658507,05/09/2016 03:51:00 AM,2016
CR00010790,06/17/2023 06:55:00 PM,25,CLEAR,DARKNESS - LIGHTED ROAD,ANGLE,NOT DIVIDED,NO CONTROLS,FAILING TO REDUCE SPEED,UNABLE TO DETERMINE,0,0,0,0,18,7,6,1633,STATE ST,41.704834,-87.76013,06/17/2023 08:19:00 PM,2023
CR00010791,06/18/2018 09:28:00 AM,35,FREEZING RAIN/DRIZZLE,DAYLIGHT,SIDESWIPE SAME DIRECTION,ONE-WAY,UNKNOWN,DRIVING SKILLS/KNOWLEDGE/EXPERIENCE,UNABLE TO DETERMINE,0,0,1,1,9,2,6,1789,DAMEN AVE,41.750653,-87.562389,06/18/2018 10:19:00 AM,2018
CR00010792,07/11/2024 07:14:00 AM,30,CLOUDY/OVERCAST,DARKNESS - LIGHTED ROAD,TURNING,NOT DIVIDED,UNKNOWN,DISTRACTION - FROM INSIDE VEHICLE,FOLLOWING TOO CLOSELY,0,0,1,1,7,5,7,1185,47TH ST,41.924433,-87.783412,07/11/2024 08:10:00 AM,2024
CR00010793,11/02/2020 05:12:00 AM,35,CLEAR,DAYLIGHT,TURNING,NOT DIVIDED,NO CONTROLS,DRIVING SKILLS/KNOWLEDGE/EXPERIENCE,FAILING TO YIELD RIGHT-OF-WAY,0,1,0,1,5,2,11,2309,LAKE SHORE DR,41.787252,-87.718,11/02/2020 06:35:00 AM,2020
CR00010794,09/01/2016 12:42:00 PM,20,CLEAR,DARKNESS - LIGHTED ROAD,REAR TO FRONT,NOT DIVIDED,TRAFFIC SIGNAL,IMPROPER OVERTAKING/PASSING,UNABLE TO DETERMINE,0,0,0,0,12,5,9,162,FULLERTON AVE,41.953812,-87.614216,09/01/2016 02:23:00 PM,2016
CR00010795,02/03/2023 08:00:00 PM,30,CLEAR,DUSK,REAR TO FRONT,DIVIDED - W/MEDIAN (NOT RAISED),TRAFFIC SIGNAL,UNABLE TO DETERMINE,FAILING TO YIELD RIGHT-OF-WAY,0,0,3,3,20,6,2,2333,47TH ST,41.897734,-87.547497,02/03/2023 08:05:00 PM,2023
CR00010796,02/02/2023 04:42:00 PM,20,CLEAR,DARKNESS,REAR END,NOT DIVIDED,NO CONTROLS,FAILING TO YIELD RIGHT-OF-WAY,DISTRACTION - FROM INSIDE VEHICLE,0,0,0,0,16,5,2,234,FULLERTON AVE,41.729852,-87.530526,02/02/2023 06:24:00 PM,2023
CR00010797,02/28/2018 10:37:00 AM,35,CLEAR,DAYLIGHT,REAR END,NOT DIVIDED,NO CONTROLS,UNABLE TO DETERMINE,FAILING TO YIELD RIGHT-OF-WAY,0,0,2,2,10,4,2,1086,CLARK ST,41.762373,-87.515356,02/28/2018 11:03:00 AM,2018
CR00010798,12/30/2018 05:57:00 PM,30,CLEAR,DUSK,PARKED MOTOR VEHICLE,NOT DIVIDED,STOP SIGN/FLASHER,IMPROPER LANE USAGE,FOLLOWING TOO CLOSELY,0,0,0,0,17,1,12,839,BROADWAY,41.707366,-87.734657,12/30/2018 06:08:00 PM,2018
CR00010799,02/16/2017 08:52:00 PM,30,RAIN,DAYLIGHT,ANGLE,T-INTERSECTION,STOP SIGN/FLASHER,IMPROPER OVERTAKING/PASSING,IMPROPER OVERTAKING/PASSING,0,0,0,0,20,5,2,1499,FULLERTON AVE,41.887341,-87.692736,02/16/2017 10:09:00 PM,2017
CR00010800,12/16/2018 04:21:00 AM,15,SNOW,DARKNESS,TURNING,FOUR WAY,STOP SIGN/FLASHER,DRIVING SKILLS/KNOWLEDGE/EXPERIENCE,FOLLOWING TOO CLOSELY,0,0,0,0,4,1,12,1059,63RD ST,41.727764,-87.530723,12/16/2018 04:45:00 AM,2018
CR00010801,08/13/2023 06:59:00 PM,45,FOG/SMOKE/HAZE,DARKNESS - LIGHTED ROAD,TURNING,NOT DIVIDED,TRAFFIC SIGNAL,DISREGARDING TRAFFIC SIGNALS,IMPROPER LANE USAGE,0,0,1,1,18,1,8,106,CLARK ST,41.946327,-87.658827,08/13/2023 08:56:00 PM,2023
CR00010802,02/10/2016 07:04:00 AM,15,RAIN,DARKNESS - LIGHTED ROAD,SIDESWIPE SAME DIRECTION,DIVIDED - W/MEDIAN (NOT RAISED),STOP SIGN/FLASHER,IMPROPER OVERTAKING/PASSING,IMPROPER LANE USAGE,0,0,0,0,7,4,2,2159,63RD ST,41.728869,-87.637831,02/10/2016 08:15:00 AM,2016
CR00010803,01/05/2024 12:49:00 AM,15,CLEAR,DARKNESS,REAR END,NOT DIVIDED,NO CONTROLS,FOLLOWING TOO CLOSELY,DISREGARDING TRAFFIC SIGNALS,0,0,0,0,0,6,1,144,STONY ISLAND AVE,41.817763,-87.579147,01/05/2024 01:08:00 AM,2024
CR00010804,12/17/2017 11:38:00 PM,20,CLEAR,DARKNESS,FIXED OBJECT,FOUR WAY,NO CONTROLS,IMPROPER LANE USAGE,DISTRACTION - FROM INSIDE VEHICLE,0,0,0,0,23,1,12,747,ARCHER AVE,41.700597,-87.626117,12/18/2017 12:54:00 AM,2017
CR00010805,02/23/2024 10:11:00 AM,25,CLEAR,DARKNESS - LIGHTED ROAD,ANGLE,NOT DIVIDED,NO CONTROLS,IMPROPER OVERTAKING/PASSING,DRIVING SKILLS/KNOWLEDGE/EXPERIENCE,0,0,0,0,10,6,2,545,LAKE SHORE DR,41.923343,-87.518322,02/23/2024 10:36:00 AM,2024
CR00010806,04/15/2023 05:45:00 PM,45,SNOW,DARKNESS - LIGHTED ROAD,REAR END,DIVIDED - W/MEDIAN (NOT RAISED),NO CONTROLS,FAILING TO REDUCE SPEED,UNABLE TO DETERMINE,0,0,2,2,17,7,4,519,HALSTED ST,41.741723,-87.768656,04/15/2023 05:54:00 PM,2023
CR00010807,08/28/2022 07:02:00 PM,30,CLEAR,DAYLIGHT,PARKED MOTOR VEHICLE,FOUR WAY,TRAFFIC SIGNAL,WEATHER,FOLLOWING TOO CLOSELY,0,0,0,0,19,1,8,2046,ARCHER AVE,41.896488,-87.671128,08/28/2022 07:27:00 PM,2022
CR00010808,05/14/2023 02:04:00 PM,30,CLOUDY/OVERCAST,DAWN,REAR TO FRONT,T-INTERSECTION,NO CONTROLS,DRIVING SKILLS/KNOWLEDGE/EXPERIENCE,UNABLE TO DETERMINE,0,0,0,0,14,1,5,100,STONY ISLAND AVE,41.722746,-87.602865,05/14/2023 03:31:00 PM,2023
CR00010809,11/03/2020 07:48:00 AM,25,SNOW,DUSK,REAR END,NOT DIVIDED,STOP SIGN/FLASHER,IMPROPER OVERTAKING/PASSING,IMPROPER OVERTAKING/PASSING,0,0,0,0,7,3,11,616,ARCHER AVE,41.773037,-87.738322,11/03/2020 07:52:00 AM,2020
CR00010810,12/27/2018 11:07:00 AM,35,CLEAR,DARKNESS - LIGHTED ROAD,PEDESTRIAN,NOT DIVIDED,UNKNOWN,IMPROPER OVERTAKING/PASSING,FOLLOWING TOO CLOSELY,0,0,0,0,11,5,12,322,63RD ST,41.818314,-87.779773,12/27/2018 12:57:00 PM,2018
CR00010811,10/23/2019 04:46:00 PM,30,CLEAR,DAYLIGHT,SIDESWIPE SAME DIRECTION,DIVIDED - W/MEDIAN (NOT RAISED),STOP SIGN/FLASHER,FOLLOWING TOO CLOSELY,IMPROPER LANE USAGE,0,0,0,0,16,4,10,1464,OGDEN AVE,41.803659,-87.649232,10/23/2019 06:23:00 PM,2019
CR00010812,03/06/2015 06:42:00 PM,30,CLEAR,DAYLIGHT,ANGLE,DIVIDED - W/MEDIAN (NOT RAISED),UNKNOWN,FAILING TO YIELD RIGHT-OF-WAY,UNABLE TO DETERMINE,0,0,0,0,18,6,3,478,ELSTON AVE,41.72554,-87.504335,03/06/2015 08:22:00 PM,2015
CR00010813,09/14/2024 01:59:00 AM,35,CLEAR,DARKNESS,ANGLE,ONE-WAY,NO CONTROLS,DRIVING SKILLS/KNOWLEDGE/EXPERIENCE,UNABLE TO DETERMINE,0,0,0,0,1,7,9,1398,ELSTON AVE,41.992869,-87.683711,09/14/2024 03:11:00 AM,2024
CR00010814,01/04/2018 05:10:00 AM,30,CLEAR,DAYLIGHT,ANGLE,NOT DIVIDED,NO CONTROLS,FAILING TO REDUCE SPEED,WEATHER,0,2,3,5,5,5,1,780,DIVISION ST,41.720022,-87.631906,01/04/2018 05:46:00 AM,2018
CR00010815,03/17/2019 07:16:00 PM,15,CLEAR,DARKNESS - LIGHTED ROAD,REAR END,ONE-WAY,NO CONTROLS,FOLLOWING TOO CLOSELY,WEATHER,0,0,0,0,19,1,3,107,MICHIGAN AVE,41.85455,-87.783267,03/17/2019 09:06:00 PM,2019
CR00010816,07/25/2016 02:49:00 PM,25,CLEAR,DAYLIGHT,REAR END,FOUR WAY,UNKNOWN,FAILING TO REDUCE SPEED,FAILING TO YIELD RIGHT-OF-WAY,0,0,1,1,14,2,7,1556,OGDEN AVE,41.718408,-87.674323,07/25/2016 02:53:00 PM,2016
CR00010817,01/31/2018 07:21:00 PM,20,CLEAR,DARKNESS,SIDESWIPE SAME DIRECTION,DIVIDED - W/MEDIAN BARRIER,TRAFFIC SIGNAL,UNABLE TO DETERMINE,NOT APPLICABLE,0,0,0,0,19,4,1,1982,63RD ST,41.936368,-87.73305,01/31/2018 08:06:00 PM,2018
CR00010818,02/16/2017 02:00:00 PM,40,CLEAR,DUSK,PARKED MOTOR VEHICLE,DIVIDED - W/MEDIAN (NOT RAISED),TRAFFIC SIGNAL,IMPROPER OVERTAKING/PASSING,FAILING TO YIELD RIGHT-OF-WAY,0,0,0,0,14,5,2,1909,DAMEN AVE,41.842294,-87.675002,02/16/2017 02:33:00 PM,2017
CR00010819,09/29/2020 02:12:00 PM,40,CLEAR,DAYLIGHT,TURNING,ONE-WAY,TRAFFIC SIGNAL,IMPROPER OVERTAKING/PASSING,UNABLE TO DETERMINE,0,0,0,0,14,3,9,194,63RD ST,41.926335,-87.750928,09/29/2020 03:21:00 PM,2020
CR00010820,01/31/2022 07:34:00 PM,30,SNOW,DAYLIGHT,SIDESWIPE SAME DIRECTION,NOT DIVIDED,TRAFFIC SIGNAL,UNABLE TO DETERMINE,NOT APPLICABLE,0,0,1,1,19,2,1,778,63RD ST,41.756945,-87.551286,01/31/2022 08:27:00 PM,2022
CR00010821,03/16/2024 08:54:00 AM,15,CLEAR,DAYLIGHT,SIDESWIPE SAME DIRECTION,NOT DIVIDED,TRAFFIC SIGNAL,FAILING TO YIELD RIGHT-OF-WAY,NOT APPLICABLE,0,0,1,1,8,7,3,1458,ARCHER AVE,41.821317,-87.840867,03/16/2024 09:10:00 AM,2024
CR00010822,10/20/2017 05:11:00 PM,20,CLEAR,DAYLIGHT,TURNING,NOT DIVIDED,UNKNOWN,DRIVING SKILLS/KNOWLEDGE/EXPERIENCE,DISTRACTION - FROM INSIDE VEHICLE,0,0,0,0,17,6,10,184,KEDZIE AVE,41.766596,-87.628816,10/20/2017 05:57:00 PM,2017
CR00010823,03/30/2023 02:12:00 PM,15,CLEAR,DAYLIGHT,SIDESWIPE SAME DIRECTION,T-INTERSECTION,NO CONTROLS,IMPROPER OVERTAKING/PASSING,DISTRACTION - FROM INSIDE VEHICLE,0,0,0,0,14,5,3,1205,ROOSEVELT RD,41.741315,-87.657436,03/30/2023 03:19:00 PM,2023
CR00010824,07/02/2016 06:51:00 AM,40,CLEAR,DAYLIGHT,REAR END,DIVIDED - W/MEDIAN (NOT RAISED),NO CONTROLS,FAILING TO YIELD RIGHT-OF-WAY,NOT APPLICABLE,0,0,0,0,6,7,7,1463,HALSTED ST,41.705304,-87.838293,07/02/2016 08:50:00 AM,2016
CR00010825,10/27/2023 05:08:00 PM,40,CLOUDY/OVERCAST,DAYLIGHT,REAR END,ONE-WAY,TRAFFIC SIGNAL,FAILING TO REDUCE SPEED,IMPROPER LANE USAGE,0,0,0,0,17,6,10,272,FULLERTON AVE,41.866148,-87.550774,10/27/2023 06:54:00 PM,2023
CR00010826,07/09/2021 08:48:00 AM,30,CLEAR,DAWN,SIDESWIPE SAME DIRECTION,DIVIDED - W/MEDIAN BARRIER,NO CONTROLS,IMPROPER OVERTAKING/PASSING,UNABLE TO DETERMINE,0,0,1,1,8,6,7,1218,DIVISION ST,41.718098,-87.608365,07/09/2021 10:27:00 AM,2021
CR00010827,04/21/2020 08:49:00 PM,20,CLEAR,DAWN,REAR END,NOT DIVIDED,TRAFFIC SIGNAL,WEATHER,FOLLOWING TOO CLOSELY,0,0,0,0,20,3,4,1837,STONY ISLAND AVE,41.875649,-87.783329,04/21/2020 09:22:00 PM,2020
CR00010828,07/28/2024 08:56:00 AM,40,CLOUDY/OVERCAST,DAYLIGHT,ANGLE,DIVIDED - W/MEDIAN BARRIER,TRAFFIC SIGNAL,FAILING TO YIELD RIGHT-OF-WAY,FAILING TO REDUCE SPEED,0,0,0,0,8,1,7,638,ASHLAND AVE,41.820805,-87.693469,07/28/2024 09:21:00 AM,2024
CR00010829,09/27/2017 03:34:00 PM,15,RAIN,DAYLIGHT,REAR END,DIVIDED - W/MEDIAN (NOT RAISED),NO CONTROLS,UNABLE TO DETERMINE,UNABLE TO DETERMINE,0,0,0,0,15,4,9,958,STONY ISLAND AVE,41.742284,-87.745438,09/27/2017 05:17:00 PM,2017
CR00010830,05/24/2020 04:44:00 PM,20,CLEAR,DAYLIGHT,TURNING,FOUR WAY,NO CONTROLS,IMPROPER OVERTAKING/PASSING,DISREGARDING TRAFFIC SIGNALS,0,0,0,0,16,1,5,2270,IRVING PARK RD,41.99669,-87.804782,05/24/2020 06:13:00 PM,2020
CR00010831,10/14/2021 12:25:00 PM,35,RAIN,DAYLIGHT,PARKED MOTOR VEHICLE,ONE-WAY,TRAFFIC SIGNAL,UNABLE TO DETERMINE,UNABLE TO DETERMINE,0,0,1,1,12,5,10,412,CICERO AVE,41.781334,-87.594028,10/14/2021 01:35:00 PM,2021
CR00010832,03/08/2021 07:01:00 PM,30,SNOW,DAYLIGHT,REAR END,NOT DIVIDED,TRAFFIC SIGNAL,FOLLOWING TOO CLOSELY,FOLLOWING TOO CLOSELY,0,0,0,0,19,2,3,414,IRVING PARK RD,41.838451,-87.542769,03/08/2021 08:06:00 PM,2021
CR00010833,02/08/2024 07:25:00 PM,20,CLEAR,DARKNESS - LIGHTED ROAD,TURNING,NOT DIVIDED,TRAFFIC SIGNAL,DRIVING SKILLS/KNOWLEDGE/EXPERIENCE,IMPROPER LANE USAGE,0,0,0,0,19,5,2,658,PULASKI RD,41.91298,-87.829989,02/08/2024 07:54:00 PM,2024
CR00010834,01/10/2018 04:01:00 PM,30,CLEAR,DARKNESS - LIGHTED ROAD,ANGLE,NOT DIVIDED,STOP SIGN/FLASHER,DRIVING SKILLS/KNOWLEDGE/EXPERIENCE,UNABLE TO DETERMINE,0,0,0,0,16,4,1,838,FULLERTON AVE,41.791867,-87.610745,01/10/2018 05:46:00 PM,2018
CR00010835,10/01/2017 08:49:00 AM,25,CLOUDY/OVERCAST,DAWN,ANGLE,ONE-WAY,NO CONTROLS,UNABLE TO DETERMINE,NOT APPLICABLE,0,0,0,0,8,1,10,1303,STATE ST,41.723306,-87.703008,10/01/2017 10:05:00 AM,2017
CR00010836,12/03/2023 03:35:00 PM,40,CLEAR,DARKNESS - LIGHTED ROAD,FIXED OBJECT,T-INTERSECTION,NO CONTROLS,UNABLE TO DETERMINE,FOLLOWING TOO CLOSELY,0,0,0,0,15,1,12,1641,63RD ST,41.774094,-87.724599,12/03/2023 04:16:00 PM,2023
CR00010837,02/04/2015 05:23:00 PM,40,CLEAR,DAYLIGHT,TURNING,DIVIDED - W/MEDIAN (NOT RAISED),NO CONTROLS,UNABLE TO DETERMINE,NOT APPLICABLE,0,0,0,0,17,4,2,2004,ROOSEVELT RD,41.911852,-87.544097,02/04/2015 06:34:00 PM,2015
CR00010838,12/10/2022 09:05:00 AM,30,CLEAR,DARKNESS - LIGHTED ROAD,REAR END,NOT DIVIDED,UNKNOWN,FAILING TO REDUCE SPEED,FOLLOWING TOO CLOSELY,0,0,0,0,9,7,12,862,PULASKI RD,41.732906,-87.567441,12/10/2022 10:32:00 AM,2022
CR00010839,02/22/2017 12:44:00 PM,20,CLEAR,DAYLIGHT,SIDESWIPE SAME DIRECTION,NOT DIVIDED,UNKNOWN,UNABLE TO DETERMINE,IMPROPER OVERTAKING/PASSING,0,0,0,0,12,4,2,150,47TH ST,41.747611,-87.536321,02/22/2017 01:10:00 PM,2017
CR00010840,04/02/2018 08:47:00 PM,30,RAIN,DARKNESS - LIGHTED ROAD,REAR END,FOUR WAY,STOP SIGN/FLASHER,UNABLE TO DETERMINE,DISREGARDING TRAFFIC SIGNALS,0,0,1,1,20,2,4,1369,PULASKI RD,41.706386,-87.626331,04/02/2018 09:43:00 PM,2018
CR00010841,06/06/2019 07:51:00 AM,45,CLEAR,DAYLIGHT,PEDESTRIAN,NOT DIVIDED,NO CONTROLS,IMPROPER LANE USAGE,UNABLE TO DETERMINE,0,0,0,0,7,5,6,627,PULASKI RD,41.825722,-87.527452,06/06/2019 08:14:00 AM,2019
CR00010842,01/15/2021 04:25:00 PM,25,CLEAR,DARKNESS - LIGHTED ROAD,SIDESWIPE SAME DIRECTION,ONE-WAY,STOP SIGN/FLASHER,UNABLE TO DETERMINE,NOT APPLICABLE,0,0,0,0,16,6,1,2136,ASHLAND AVE,41.853354,-87.616308,01/15/2021 04:42:00 PM,2021
CR00010843,05/16/2023 03:47:00 PM,35,CLOUDY/OVERCAST,DARKNESS - LIGHTED ROAD,TURNING,NOT DIVIDED,STOP SIGN/FLASHER,UNABLE TO DETERMINE,UNABLE TO DETERMINE,0,0,0,0,15,3,5,1075,63RD ST,41.933928,-87.525385,05/16/2023 04:03:00 PM,2023
CR00010844,05/31/2015 08:45:00 AM,30,CLEAR,DARKNESS - LIGHTED ROAD,PEDESTRIAN,DIVIDED - W/MEDIAN (NOT RAISED),TRAFFIC SIGNAL,IMPROPER OVERTAKING/PASSING,NOT APPLICABLE,0,0,0,0,8,1,5,1070,ELSTON AVE,41.837833,-87.753187,05/31/2015 09:57:00 AM,2015
CR00010845,01/25/2023 06:33:00 PM,25,CLEAR,DAYLIGHT,TURNING,ONE-WAY,TRAFFIC SIGNAL,IMPROPER OVERTAKING/PASSING,FAILING TO YIELD RIGHT-OF-WAY,0,0,0,0,18,4,1,2149,STATE ST,41.85501,-87.520389,01/25/2023 07:01:00 PM,2023
CR00010846,10/05/2017 05:58:00 PM,30,CLEAR,DAWN,FIXED OBJECT,NOT DIVIDED,TRAFFIC SIGNAL,FOLLOWING TOO CLOSELY,DISTRACTION - FROM INSIDE VEHICLE,0,0,1,1,17,5,10,2440,MILWAUKEE AVE,41.977022,-87.646135,10/05/2017 07:04:00 PM,2017
CR00010847,05/02/2019 01:01:00 PM,35,CLEAR,DAYLIGHT,ANGLE,NOT DIVIDED,NO CONTROLS,DISREGARDING TRAFFIC SIGNALS,IMPROPER LANE USAGE,0,0,0,0,13,5,5,992,WESTERN AVE,41.944768,-87.839438,05/02/2019 01:51:00 PM,2019
CR00010848,01/23/2017 06:02:00 AM,15,CLEAR,DARKNESS - LIGHTED ROAD,TURNING,NOT DIVIDED,NO CONTROLS,IMPROPER LANE USAGE,FAILING TO YIELD RIGHT-OF-WAY,0,0,0,0,6,2,1,1129,DAMEN AVE,41.796314,-87.653367,01/23/2017 07:43:00 AM,2017
CR00010849,02/01/2024 08:34:00 AM,35,CLEAR,DUSK,FIXED OBJECT,ONE-WAY,NO CONTROLS,FOLLOWING TOO CLOSELY,WEATHER,0,0,0,0,8,5,2,1014,DAMEN AVE,41.897885,-87.784766,02/01/2024 09:59:00 AM,2024
CR00010850,11/10/2018 01:14:00 AM,20,FREEZING RAIN/DRIZZLE,DAYLIGHT,REAR END,ONE-WAY,NO CONTROLS,FOLLOWING TOO CLOSELY,NOT APPLICABLE,0,0,0,0,1,7,11,276,FULLERTON AVE,41.762043,-87.838759,11/10/2018 01:24:00 AM,2018
CR00010851,10/12/2023 09:13:00 AM,35,CLEAR,DAYLIGHT,SIDESWIPE SAME DIRECTION,DIVIDED - W/MEDIAN BARRIER,TRAFFIC SIGNAL,FOLLOWING TOO CLOSELY,DRIVING SKILLS/KNOWLEDGE/EXPERIENCE,0,0,0,0,9,5,10,2258,MICHIGAN AVE,41.786306,-87.728383,10/12/2023 09:18:00 AM,2023
CR00010852,12/10/2021 03:03:00 PM,15,CLEAR,DAYLIGHT,SIDESWIPE SAME DIRECTION,NOT DIVIDED,YIELD,UNABLE TO DETERMINE,UNABLE TO DETERMINE,0,0,1,1,15,6,12,2479,HALSTED ST,41.738722,-87.510946,12/10/2021 04:04:00 PM,2021
CR00010853,08/08/2019 09:54:00 AM,40,CLEAR,DAYLIGHT,SIDESWIPE SAME DIRECTION,NOT DIVIDED,TRAFFIC SIGNAL,IMPROPER OVERTAKING/PASSING,FAILING TO REDUCE SPEED,0,0,0,0,9,5,8,1007,MICHIGAN AVE,41.917933,-87.693001,08/08/2019 10:33:00 AM,2019
CR00010854,06/24/2024 10:10:00 AM,20,SNOW,DAYLIGHT,TURNING,ONE-WAY,STOP SIGN/FLASHER,IMPROPER LANE USAGE,NOT APPLICABLE,0,0,0,0,10,2,6,266,STATE ST,41.720914,-87.546933,06/24/2024 12:00:00 PM,2024
CR00010855,12/25/2019 04:19:00 AM,15,CLEAR,DAYLIGHT,PARKED MOTOR VEHICLE,ONE-WAY,TRAFFIC SIGNAL,UNABLE TO DETERMINE,NOT APPLICABLE,0,0,0,0,4,4,12,1376,WESTERN AVE,41.753532,-87.689013,12/25/2019 06:16:00 AM,2019
CR00010856,09/23/2018 08:07:00 PM,30,RAIN,DARKNESS - LIGHTED ROAD,PARKED MOTOR VEHICLE,DIVIDED - W/MEDIAN (NOT RAISED),STOP SIGN/FLASHER,DISTRACTION - FROM INSIDE VEHICLE,DRIVING SKILLS/KNOWLEDGE/EXPERIENCE,0,0,1,1,20,1,9,341,DAMEN AVE,41.970658,-87.686226,09/23/2018 08:26:00 PM,2018
CR00010857,01/23/2023 01:35:00 PM,30,CLEAR,DAWN,REAR END,T-INTERSECTION,TRAFFIC SIGNAL,FOLLOWING TOO CLOSELY,UNABLE TO DETERMINE,0,0,0,0,13,2,1,1593,DAMEN AVE,41.848425,-87.729088,01/23/2023 02:11:00 PM,2023
CR00010858,01/28/2016 05:57:00 PM,15,SNOW,DAYLIGHT,TURNING,DIVIDED - W/MEDIAN BARRIER,NO CONTROLS,UNABLE TO DETERMINE,FAILING TO REDUCE SPEED,0,0,0,0,17,5,1,1911,MICHIGAN AVE,41.808641,-87.766811,01/28/2016 06:06:00 PM,2016
CR00010859,03/04/2016 10:40:00 AM,30,CLEAR,DAYLIGHT,SIDESWIPE SAME DIRECTION,FOUR WAY,YIELD,UNABLE TO DETERMINE,UNABLE TO DETERMINE,0,0,0,0,10,6,3,997,ROOSEVELT RD,41.708833,-87.84741,03/04/2016 11:45:00 AM,2016
CR00010860,06/27/2022 07:37:00 PM,40,RAIN,DARKNESS - LIGHTED ROAD,TURNING,ONE-WAY,NO CONTROLS,FOLLOWING TOO CLOSELY,NOT APPLICABLE,0,0,0,0,19,2,6,764,CALIFORNIA AVE,41.895855,-87.841856,06/27/2022 09:29:00 PM,2022
CR00010861,05/25/2024 08:14:00 PM,30,CLEAR,DAYLIGHT,PARKED MOTOR VEHICLE,NOT DIVIDED,UNKNOWN,DISREGARDING TRAFFIC SIGNALS,UNABLE TO DETERMINE,0,0,0,0,20,7,5,518,47TH ST,41.974711,-87.774542,05/25/2024 10:01:00 PM,2024
CR00010862,09/23/2020 04:25:00 PM,20,CLEAR,DARKNESS - LIGHTED ROAD,FIXED OBJECT,NOT DIVIDED,STOP SIGN/FLASHER,FAILING TO YIELD RIGHT-OF-WAY,FAILING TO YIELD RIGHT-OF-WAY,0,0,3,3,16,4,9,2432,STATE ST,41.73472,-87.763224,09/23/2020 06:06:00 PM,2020
CR00010863,06/20/2018 10:40:00 AM,30,RAIN,DAYLIGHT,PARKED MOTOR VEHICLE,T-INTERSECTION,STOP SIGN/FLASHER,DISTRACTION - FROM INSIDE VEHICLE,DRIVING SKILLS/KNOWLEDGE/EXPERIENCE,0,0,0,0,10,4,6,308,47TH ST,41.84025,-87.824041,06/20/2018 12:18:00 PM,2018
CR00010864,02/23/2019 05:42:00 PM,20,FOG/SMOKE/HAZE,DARKNESS - LIGHTED ROAD,REAR END,NOT DIVIDED,NO CONTROLS,FOLLOWING TOO CLOSELY,FOLLOWING TOO CLOSELY,0,0,0,0,17,7,2,1027,63RD ST,41.938388,-87.731375,02/23/2019 07:26:00 PM,2019
CR00010865,10/10/2019 03:56:00 PM,30,CLEAR,DAYLIGHT,REAR TO FRONT,NOT DIVIDED,UNKNOWN,FOLLOWING TOO CLOSELY,IMPROPER LANE USAGE,0,0,0,0,15,5,10,1899,CICERO AVE,41.828617,-87.629759,10/10/2019 04:53:00 PM,2019
CR00010866,07/01/2021 08:17:00 PM,45,CLEAR,DAYLIGHT,TURNING,DIVIDED - W/MEDIAN BARRIER,NO CONTROLS,FAILING TO YIELD RIGHT-OF-WAY,UNABLE TO DETERMINE,0,0,0,0,20,5,7,1828,DAMEN AVE,41.990955,-87.794548,07/01/2021 10:01:00 PM,2021
CR00010867,03/05/2017 04:23:00 AM,45,CLEAR,DAYLIGHT,TURNING,DIVIDED - W/MEDIAN BARRIER,UNKNOWN,DISTRACTION - FROM INSIDE VEHICLE,FOLLOWING TOO CLOSELY,0,0,0,0,4,1,3,461,MILWAUKEE AVE,41.778633,-87.737999,03/05/2017 06:01:00 AM,2017
CR00010868,12/25/2015 11:50:00 AM,15,CLEAR,DAYLIGHT,ANGLE,NOT DIVIDED,NO CONTROLS,FAILING TO YIELD RIGHT-OF-WAY,FAILING TO YIELD RIGHT-OF-WAY,0,0,0,0,11,6,12,2523,MILWAUKEE AVE,41.998114,-87.702971,12/25/2015 12:03:00 PM,2015
CR00010869,02/05/2018 10:20:00 AM,45,CLEAR,DAYLIGHT,REAR END,ONE-WAY,TRAFFIC SIGNAL,FOLLOWING TOO CLOSELY,NOT APPLICABLE,0,2,3,5,10,2,2,1619,47TH ST,41.910876,-87.711156,02/05/2018 11:08:00 AM,2018
CR00010870,07/10/2016 10:48:00 PM,15,CLEAR,DARKNESS - LIGHTED ROAD,REAR END,NOT DIVIDED,TRAFFIC SIGNAL,DISTRACTION - FROM INSIDE VEHICLE,FOLLOWING TOO CLOSELY,0,0,0,0,22,1,7,169,79TH ST,41.91361,-87.567032,07/11/2016 12:05:00 AM,2016