CRASH_RECORD_ID,CRASH_DATE,POSTED_SPEED_LIMIT,WEATHER_CONDITION,LIGHTING_CONDITION,FIRST_CRASH_TYPE,TRAFFICWAY_TYPE,TRAFFIC_CONTROL_DEVICE,PRIM_CONTRIBUTORY_CAUSE,SEC_CONTRIBUTORY_CAUSE,INJURIES_FATAL,INJURIES_INCAPACITATING,INJURIES_NON_INCAPACITATING,INJURIES_TOTAL,CRASH_HOUR,CRASH_DAY_OF_WEEK,CRASH_MONTH,BEAT_OF_OCCURRENCE,STREET_NAME,LATITUDE,LONGITUDE,DATE_POLICE_NOTIFIED,year
CR00010871,03/28/2019 02:47:00 AM,20,RAIN,DARKNESS - LIGHTED ROAD,REAR END,NOT DIVIDED,NO CONTROLS,FAILING TO YIELD RIGHT-OF-WAY,DRIVING SKILLS/KNOWLEDGE/EXPERIENCE,0,0,1,1,2,5,3,834,KEDZIE AVE,41.817001,-87.560438,03/28/2019 03:36:00 AM,2019
CR00010872,06/09/2017 09:48:00 AM,30,CLEAR,DAYLIGHT,TURNING,DIVIDED - W/MEDIAN (NOT RAISED),TRAFFIC SIGNAL,WEATHER,UNABLE TO DETERMINE,0,0,0,0,9,6,6,1599,79TH ST,41.712562,-87.786462,06/09/2017 10:38:00 AM,2017
CR00010873,12/13/2022 09:13:00 PM,30,CLEAR,DAYLIGHT,TURNING,DIVIDED - W/MEDIAN BARRIER,NO CONTROLS,UNABLE TO DETERMINE,IMPROPER LANE USAGE,0,0,0,0,21,3,12,2462,MILWAUKEE AVE,41.73846,-87.631701,12/13/2022 09:25:00 PM,2022
CR00010874,01/03/2021 06:47:00 PM,30,CLEAR,DAYLIGHT,REAR END,NOT DIVIDED,STOP SIGN/FLASHER,DRIVING SKILLS/KNOWLEDGE/EXPERIENCE,UNABLE TO DETERMINE,0,0,0,0,18,1,1,1106,DAMEN AVE,41.783621,-87.799177,01/03/2021 08:26:00 PM,2021
CR00010875,07/01/2017 05:58:00 PM,40,SNOW,DARKNESS - LIGHTED ROAD,PARKED MOTOR VEHICLE,NOT DIVIDED,STOP SIGN/FLASHER,IMPROPER OVERTAKING/PASSING,NOT APPLICABLE,0,0,0,0,17,7,7,502,79TH ST,41.970604,-87.661433,07/01/2017 05:59:00 PM,2017
CR00010876,11/26/2015 12:42:00 PM,30,CLEAR,DAWN,TURNING,NOT DIVIDED,TRAFFIC SIGNAL,FAILING TO REDUCE SPEED,UNABLE TO DETERMINE,0,0,0,0,12,5,11,577,DIVISION ST,41.989177,-87.745599,11/26/2015 12:55:00 PM,2015
CR00010877,08/07/2024 10:47:00 PM,40,CLOUDY/OVERCAST,DAYLIGHT,REAR END,DIVIDED - W/MEDIAN (NOT RAISED),TRAFFIC SIGNAL,UNABLE TO DETERMINE,FAILING TO YIELD RIGHT-OF-WAY,0,0,0,0,22,4,8,193,LAKE SHORE DR,41.722312,-87.56159,08/08/2024 12:34:00 AM,2024
CR00010878,08/18/2015 01:43:00 AM,30,CLEAR,DAYLIGHT,TURNING,FOUR WAY,TRAFFIC SIGNAL,UNABLE TO DETERMINE,UNABLE TO DETERMINE,0,0,0,0,1,3,8,851,ELSTON AVE,41.84326,-87.66023,08/18/2015 02:27:00 AM,2015
CR00010879,08/29/2019 04:53:00 AM,35,CLEAR,DARKNESS - LIGHTED ROAD,REAR END,ONE-WAY,UNKNOWN,DRIVING SKILLS/KNOWLEDGE/EXPERIENCE,UNABLE TO DETERMINE,0,0,0,0,4,5,8,327,STONY ISLAND AVE,41.9039,-87.550392,08/29/2019 05:37:00 AM,2019
CR00010880,11/28/2016 08:08:00 PM,35,CLEAR,DUSK,ANGLE,DIVIDED - W/MEDIAN (NOT RAISED),STOP SIGN/FLASHER,DISTRACTION - FROM INSIDE VEHICLE,UNABLE TO DETERMINE,0,0,0,0,20,2,11,2491,STONY ISLAND AVE,41.896113,-87.714822,11/28/2016 09:16:00 PM,2016
CR00010881,04/28/2019 07:48:00 AM,30,CLEAR,DAYLIGHT,ANGLE,ONE-WAY,TRAFFIC SIGNAL,FAILING TO YIELD RIGHT-OF-WAY,IMPROPER LANE USAGE,0,0,0,0,7,1,4,1353,IRVING PARK RD,41.772607,-87.692173,04/28/2019 09:23:00 AM,2019
CR00010882,07/29/2015 09:18:00 PM,35,CLEAR,DARKNESS - LIGHTED ROAD,PARKED MOTOR VEHICLE,NOT DIVIDED,NO CONTROLS,FOLLOWING TOO CLOSELY,FOLLOWING TOO CLOSELY,0,0,2,2,21,4,7,1973,CICERO AVE,41.926645,-87.750313,07/29/2015 10:30:00 PM,2015
CR00010883,02/14/2022 04:32:00 AM,40,RAIN,DAYLIGHT,REAR END,ONE-WAY,NO CONTROLS,UNABLE TO DETERMINE,FAILING TO YIELD RIGHT-OF-WAY,0,1,0,1,4,2,2,1752,DAMEN AVE,41.974989,-87.781779,02/14/2022 06:03:00 AM,2022
CR00010884,04/23/2023 05:44:00 PM,35,CLEAR,DAYLIGHT,ANGLE,FOUR WAY,STOP SIGN/FLASHER,FAILING TO YIELD RIGHT-OF-WAY,IMPROPER OVERTAKING/PASSING,0,0,0,0,17,1,4,1984,HALSTED ST,41.75276,-87.657202,04/23/2023 07:44:00 PM,2023
CR00010885,12/17/2019 04:04:00 PM,15,CLOUDY/OVERCAST,DAYLIGHT,TURNING,NOT DIVIDED,NO CONTROLS,FAILING TO REDUCE SPEED,UNABLE TO DETERMINE,1,0,3,4,16,3,12,1632,IRVING PARK RD,41.987433,-87.833691,12/17/2019 04:42:00 PM,2019
CR00010886,12/21/2024 05:51:00 PM,15,CLEAR,DARKNESS,REAR END,NOT DIVIDED,NO CONTROLS,FOLLOWING TOO CLOSELY,UNABLE TO DETERMINE,0,0,0,0,17,7,12,175,79TH ST,41.749896,-87.728242,12/21/2024 07:06:00 PM,2024
CR00010887,12/12/2023 02:29:00 PM,35,CLEAR,DARKNESS,REAR END,DIVIDED - W/MEDIAN (NOT RAISED),UNKNOWN,DRIVING SKILLS/KNOWLEDGE/EXPERIENCE,FAILING TO REDUCE SPEED,0,0,0,0,14,3,12,1027,63RD ST,41.967247,-87.780927,12/12/2023 03:14:00 PM,2023
CR00010888,11/03/2021 08:24:00 PM,15,CLEAR,DAYLIGHT,SIDESWIPE SAME DIRECTION,FOUR WAY,STOP SIGN/FLASHER,UNABLE TO DETERMINE,FAILING TO REDUCE SPEED,0,0,0,0,20,4,11,2311,LAKE SHORE DR,41.719422,-87.504921,11/03/2021 08:59:00 PM,2021
CR00010889,07/06/2018 07:39:00 PM,35,CLEAR,DARKNESS - LIGHTED ROAD,SIDESWIPE SAME DIRECTION,T-INTERSECTION,UNKNOWN,DRIVING SKILLS/KNOWLEDGE/EXPERIENCE,DRIVING SKILLS/KNOWLEDGE/EXPERIENCE,0,0,1,1,19,6,7,279,BROADWAY,41.709128,-87.780554,07/06/2018 08:57:00 PM,2018
CR00010890,01/26/2017 09:21:00 AM,45,CLEAR,DARKNESS - LIGHTED ROAD,ANGLE,T-INTERSECTION,NO CONTROLS,DISTRACTION - FROM INSIDE VEHICLE,FOLLOWING TOO CLOSELY,0,0,0,0,9,5,1,245,PULASKI RD,41.943755,-87.616675,01/26/2017 11:00:00 AM,2017
CR00010891,09/27/2023 01:53:00 PM,30,CLEAR,DAYLIGHT,REAR END,T-INTERSECTION,TRAFFIC SIGNAL,FAILING TO YIELD RIGHT-OF-WAY,FAILING TO REDUCE SPEED,0,0,0,0,13,4,9,1200,CLARK ST,41.81933,-87.647357,09/27/2023 03:49:00 PM,2023
CR00010892,10/03/2018 04:08:00 PM,30,CLEAR,DARKNESS - LIGHTED ROAD,ANGLE,ONE-WAY,NO CONTROLS,FAILING TO YIELD RIGHT-OF-WAY,UNABLE TO DETERMINE,0,0,0,0,16,4,10,403,OGDEN AVE,41.990324,-87.787641,10/03/2018 05:11:00 PM,2018
CR00010893,11/20/2015 08:20:00 AM,45,CLEAR,DARKNESS,PARKED MOTOR VEHICLE,NOT DIVIDED,STOP SIGN/FLASHER,IMPROPER LANE USAGE,IMPROPER OVERTAKING/PASSING,0,0,0,0,8,6,11,1895,STONY ISLAND AVE,41.726745,-87.517408,11/20/2015 09:47:00 AM,2015
CR00010894,12/23/2022 02:01:00 PM,30,CLEAR,DAYLIGHT,TURNING,FOUR WAY,NO CONTROLS,DISTRACTION - FROM INSIDE VEHICLE,UNABLE TO DETERMINE,0,0,0,0,14,6,12,878,STONY ISLAND AVE,41.908887,-87.696304,12/23/2022 03:40:00 PM,2022
CR00010895,10/21/2018 07:39:00 AM,25,CLEAR,DAYLIGHT,REAR END,DIVIDED - W/MEDIAN (NOT RAISED),NO CONTROLS,UNABLE TO DETERMINE,FOLLOWING TOO CLOSELY,0,0,2,2,7,1,10,2074,IRVING PARK RD,41.864823,-87.715906,10/21/2018 09:00:00 AM,2018
CR00010896,07/20/2024 10:45:00 AM,30,CLEAR,DAYLIGHT,ANGLE,ONE-WAY,YIELD,FOLLOWING TOO CLOSELY,FOLLOWING TOO CLOSELY,0,0,0,0,10,7,7,1450,HALSTED ST,41.74004,-87.531184,07/20/2024 11:53:00 AM,2024
CR00010897,01/22/2023 07:48:00 AM,15,FOG/SMOKE/HAZE,DAYLIGHT,PARKED MOTOR VEHICLE,ONE-WAY,STOP SIGN/FLASHER,FOLLOWING TOO CLOSELY,UNABLE TO DETERMINE,0,0,3,3,7,1,1,1368,BROADWAY,41.964351,-87.535437,01/22/2023 08:17:00 AM,2023
CR00010898,05/21/2023 04:57:00 PM,25,CLEAR,DAYLIGHT,ANGLE,NOT DIVIDED,STOP SIGN/FLASHER,IMPROPER LANE USAGE,UNABLE TO DETERMINE,0,0,0,0,16,1,5,2112,ARCHER AVE,41.756038,-87.627217,05/21/2023 06:05:00 PM,2023
CR00010899,07/09/2022 05:06:00 AM,35,CLEAR,DARKNESS - LIGHTED ROAD,TURNING,ONE-WAY,NO CONTROLS,FOLLOWING TOO CLOSELY,NOT APPLICABLE,0,0,0,0,5,7,7,1433,MICHIGAN AVE,41.780991,-87.507386,07/09/2022 06:27:00 AM,2022
CR00010900,07/08/2022 08:26:00 AM,25,CLEAR,DAYLIGHT,REAR END,NOT DIVIDED,TRAFFIC SIGNAL,WEATHER,DISREGARDING TRAFFIC SIGNALS,0,0,0,0,8,6,7,1371,CICERO AVE,41.998328,-87.800503,07/08/2022 09:44:00 AM,2022
CR00010901,01/27/2018 10:49:00 PM,45,CLEAR,DARKNESS,TURNING,DIVIDED - W/MEDIAN (NOT RAISED),UNKNOWN,DRIVING SKILLS/KNOWLEDGE/EXPERIENCE,FOLLOWING TOO CLOSELY,0,0,2,2,22,7,1,265,HALSTED ST,41.751548,-87.610314,01/27/2018 11:46:00 PM,2018
CR00010902,08/18/2022 03:07:00 PM,35,RAIN,DAYLIGHT,ANGLE,NOT DIVIDED,NO CONTROLS,UNABLE TO DETERMINE,IMPROPER OVERTAKING/PASSING,0,0,0,0,15,5,8,2109,47TH ST,41.790702,-87.704869,08/18/2022 03:35:00 PM,2022
CR00010903,10/08/2019 01:54:00 PM,35,CLEAR,DAYLIGHT,PARKED MOTOR VEHICLE,DIVIDED - W/MEDIAN BARRIER,TRAFFIC SIGNAL,UNABLE TO DETERMINE,DISREGARDING TRAFFIC SIGNALS,0,0,0,0,13,3,10,1704,LAKE SHORE DR,41.713091,-87.738518,10/08/2019 03:24:00 PM,2019
CR00010904,07/03/2021 05:49:00 PM,30,CLEAR,DAYLIGHT,PARKED MOTOR VEHICLE,NOT DIVIDED,STOP SIGN/FLASHER,FAILING TO YIELD RIGHT-OF-WAY,DISREGARDING TRAFFIC SIGNALS,0,0,0,0,17,7,7,142,IRVING PARK RD,41.715895,-87.703883,07/03/2021 06:52:00 PM,2021
CR00010905,07/06/2017 12:00:00 PM,30,RAIN,DAYLIGHT,REAR TO FRONT,NOT DIVIDED,NO CONTROLS,FAILING TO REDUCE SPEED,FOLLOWING TOO CLOSELY,0,0,0,0,12,5,7,1942,STATE ST,41.825451,-87.515031,07/06/2017 01:17:00 PM,2017
CR00010906,08/16/2020 08:46:00 AM,30,CLEAR,DAYLIGHT,ANGLE,DIVIDED - W/MEDIAN (NOT RAISED),NO CONTROLS,UNABLE TO DETERMINE,DRIVING SKILLS/KNOWLEDGE/EXPERIENCE,0,0,0,0,8,1,8,1700,MICHIGAN AVE,41.781476,-87.612692,08/16/2020 09:41:00 AM,2020
CR00010907,04/28/2023 05:01:00 PM,20,CLEAR,DAYLIGHT,REAR END,DIVIDED - W/MEDIAN BARRIER,UNKNOWN,DISREGARDING TRAFFIC SIGNALS,NOT APPLICABLE,0,0,0,0,17,6,4,1814,FULLERTON AVE,41.94441,-87.654901,04/28/2023 05:50:00 PM,2023
CR00010908,05/18/2020 07:18:00 PM,25,CLEAR,DAYLIGHT,PARKED MOTOR VEHICLE,DIVIDED - W/MEDIAN BARRIER,STOP SIGN/FLASHER,IMPROPER OVERTAKING/PASSING,UNABLE TO DETERMINE,0,0,0,0,19,2,5,2120,BROADWAY,41.837631,-87.649575,05/18/2020 09:09:00 PM,2020
CR00010909,06/07/2024 11:35:00 PM,30,FOG/SMOKE/HAZE,DARKNESS - LIGHTED ROAD,SIDESWIPE SAME DIRECTION,NOT DIVIDED,NO CONTROLS,FOLLOWING TOO CLOSELY,NOT APPLICABLE,0,0,0,0,23,6,6,137,FULLERTON AVE,41.882942,-87.607544,06/08/2024 12:16:00 AM,2024
CR00010910,05/12/2018 09:10:00 AM,30,CLEAR,DAYLIGHT,TURNING,FOUR WAY,STOP SIGN/FLASHER,DISREGARDING TRAFFIC SIGNALS,DISTRACTION - FROM INSIDE VEHICLE,0,0,0,0,9,7,5,226,DAMEN AVE,41.841046,-87.598421,05/12/2018 11:06:00 AM,2018
CR00010911,03/26/2021 09:37:00 AM,35,RAIN,DAYLIGHT,TURNING,ONE-WAY,STOP SIGN/FLASHER,UNABLE TO DETERMINE,WEATHER,0,0,1,1,9,6,3,153,IRVING PARK RD,41.868108,-87.749344,03/26/2021 10:03:00 AM,2021
CR00010912,09/18/2020 07:22:00 PM,15,CLEAR,DUSK,ANGLE,NOT DIVIDED,NO CONTROLS,FAILING TO YIELD RIGHT-OF-WAY,UNABLE TO DETERMINE,0,0,1,1,19,6,9,1268,63RD ST,41.825463,-87.743987,09/18/2020 09:01:00 PM,2020
CR00010913,08/11/2017 09:40:00 AM,40,RAIN,DARKNESS - LIGHTED ROAD,REAR END,DIVIDED - W/MEDIAN (NOT RAISED),TRAFFIC SIGNAL,FOLLOWING TOO CLOSELY,NOT APPLICABLE,0,0,0,0,9,6,8,2275,ASHLAND AVE,41.763561,-87.544495,08/11/2017 10:03:00 AM,2017
CR00010914,07/15/2020 09:59:00 AM,20,FREEZING RAIN/DRIZZLE,DARKNESS - LIGHTED ROAD,SIDESWIPE SAME DIRECTION,FOUR WAY,NO CONTROLS,UNABLE TO DETERMINE,FOLLOWING TOO CLOSELY,0,0,0,0,9,4,7,2498,STATE ST,41.960918,-87.706019,07/15/2020 10:59:00 AM,2020
CR00010915,08/31/2020 05:08:00 PM,45,CLOUDY/OVERCAST,DAYLIGHT,SIDESWIPE SAME DIRECTION,NOT DIVIDED,TRAFFIC SIGNAL,FAILING TO YIELD RIGHT-OF-WAY,FOLLOWING TOO CLOSELY,0,0,0,0,17,2,8,1577,CLARK ST,41.967254,-87.50716,08/31/2020 06:24:00 PM,2020
CR00010916,07/14/2021 07:31:00 AM,25,CLEAR,DAYLIGHT,FIXED OBJECT,DIVIDED - W/MEDIAN BARRIER,UNKNOWN,UNABLE TO DETERMINE,UNABLE TO DETERMINE,0,0,0,0,7,4,7,247,STONY ISLAND AVE,41.847224,-87.843092,07/14/2021 07:51:00 AM,2021
CR00010917,04/14/2019 08:32:00 AM,35,CLEAR,DAYLIGHT,PARKED MOTOR VEHICLE,DIVIDED - W/MEDIAN (NOT RAISED),TRAFFIC SIGNAL,DRIVING SKILLS/KNOWLEDGE/EXPERIENCE,DISREGARDING TRAFFIC SIGNALS,0,0,0,0,8,1,4,1538,CALIFORNIA AVE,41.982949,-87.626888,04/14/2019 09:16:00 AM,2019
CR00010918,06/18/2015 11:51:00 AM,35,CLEAR,DAYLIGHT,SIDESWIPE SAME DIRECTION,NOT DIVIDED,STOP SIGN/FLASHER,WEATHER,FAILING TO REDUCE SPEED,0,0,0,0,11,5,6,1138,KEDZIE AVE,41.707893,-87.633556,06/18/2015 12:32:00 PM,2015
CR00010919,02/15/2020 03:58:00 PM,45,CLEAR,DAYLIGHT,ANGLE,NOT DIVIDED,NO CONTROLS,FAILING TO YIELD RIGHT-OF-WAY,UNABLE TO DETERMINE,0,0,0,0,15,7,2,500,DIVISION ST,41.88212,-87.56976,02/15/2020 05:57:00 PM,2020
CR00010920,03/06/2020 03:20:00 AM,20,CLEAR,DARKNESS,FIXED OBJECT,NOT DIVIDED,TRAFFIC SIGNAL,DISTRACTION - FROM INSIDE VEHICLE,DISTRACTION - FROM INSIDE VEHICLE,0,0,0,0,3,6,3,2529,STATE ST,41.969505,-87.756916,03/06/2020 03:28:00 AM,2020
CR00010921,07/25/2022 09:58:00 AM,35,CLEAR,DAYLIGHT,REAR TO FRONT,ONE-WAY,TRAFFIC SIGNAL,FAILING TO YIELD RIGHT-OF-WAY,FAILING TO REDUCE SPEED,0,0,0,0,9,2,7,2000,HALSTED ST,41.913689,-87.798003,07/25/2022 10:07:00 AM,2022
CR00010922,08/09/2020 10:51:00 AM,30,FOG/SMOKE/HAZE,DARKNESS - LIGHTED ROAD,REAR END,ONE-WAY,TRAFFIC SIGNAL,FAILING TO REDUCE SPEED,FAILING TO YIELD RIGHT-OF-WAY,0,0,0,0,10,1,8,260,HALSTED ST,41.94375,-87.705982,08/09/2020 11:36:00 AM,2020
CR00010923,07/24/2019 06:10:00 PM,30,CLEAR,DAYLIGHT,PARKED MOTOR VEHICLE,DIVIDED - W/MEDIAN (NOT RAISED),TRAFFIC SIGNAL,FAILING TO YIELD RIGHT-OF-WAY,UNABLE TO DETERMINE,0,0,0,0,18,4,7,1950,ARCHER AVE,41.839513,-87.563002,07/24/2019 06:19:00 PM,2019
CR00010924,04/11/2015 01:10:00 PM,25,CLEAR,DAYLIGHT,TURNING,NOT DIVIDED,NO CONTROLS,DISREGARDING TRAFFIC SIGNALS,FOLLOWING TOO CLOSELY,0,0,0,0,13,7,4,918,CALIFORNIA AVE,41.894011,-87.837265,04/11/2015 03:10:00 PM,2015
CR00010925,12/20/2015 05:39:00 PM,30,CLEAR,DARKNESS,SIDESWIPE SAME DIRECTION,FOUR WAY,TRAFFIC SIGNAL,FOLLOWING TOO CLOSELY,NOT APPLICABLE,0,0,3,3,17,1,12,1420,PULASKI RD,41.748815,-87.526002,12/20/2015 06:01:00 PM,2015
CR00010926,04/11/2021 07:16:00 AM,15,CLEAR,DAYLIGHT,REAR END,NOT DIVIDED,NO CONTROLS,FOLLOWING TOO CLOSELY,IMPROPER OVERTAKING/PASSING,0,0,0,0,7,1,4,2288,LAKE SHORE DR,41.972433,-87.508395,04/11/2021 08:11:00 AM,2021
CR00010927,02/08/2022 04:56:00 PM,35,CLEAR,DARKNESS,REAR TO FRONT,NOT DIVIDED,TRAFFIC SIGNAL,FAILING TO REDUCE SPEED,UNABLE TO DETERMINE,0,0,0,0,16,3,2,864,ROOSEVELT RD,41.829212,-87.675958,02/08/2022 05:52:00 PM,2022
CR00010928,01/04/2022 05:38:00 PM,30,CLEAR,DAYLIGHT,SIDESWIPE SAME DIRECTION,DIVIDED - W/MEDIAN (NOT RAISED),TRAFFIC SIGNAL,WEATHER,DISTRACTION - FROM INSIDE VEHICLE,0,0,0,0,17,3,1,513,KEDZIE AVE,41.948127,-87.793982,01/04/2022 07:28:00 PM,2022
CR00010929,10/21/2021 07:14:00 AM,30,CLEAR,DARKNESS,REAR END,DIVIDED - W/MEDIAN (NOT RAISED),TRAFFIC SIGNAL,UNABLE TO DETERMINE,FAILING TO YIELD RIGHT-OF-WAY,0,0,0,0,7,5,10,886,ROOSEVELT RD,41.914051,-87.524591,10/21/2021 08:32:00 AM,2021
CR00010930,08/03/2018 12:38:00 PM,30,CLEAR,DARKNESS - LIGHTED ROAD,REAR END,NOT DIVIDED,NO CONTROLS,FOLLOWING TOO CLOSELY,NOT APPLICABLE,0,0,0,0,12,6,8,615,47TH ST,41.974139,-87.711203,08/03/2018 01:55:00 PM,2018
CR00010931,05/18/2017 05:14:00 PM,35,CLEAR,DAYLIGHT,ANGLE,NOT DIVIDED,TRAFFIC SIGNAL,DISTRACTION - FROM INSIDE VEHICLE,FOLLOWING TOO CLOSELY,0,0,0,0,17,5,5,1888,ROOSEVELT RD,41.826796,-87.511845,05/18/2017 05:41:00 PM,2017
CR00010932,09/12/2017 10:46:00 AM,25,SNOW,DAYLIGHT,SIDESWIPE SAME DIRECTION,NOT DIVIDED,NO CONTROLS,DRIVING SKILLS/KNOWLEDGE/EXPERIENCE,UNABLE TO DETERMINE,0,0,0,0,10,3,9,135,PULASKI RD,41.957331,-87.70705,09/12/2017 11:03:00 AM,2017
CR00010933,11/11/2020 11:15:00 AM,40,CLEAR,DARKNESS - LIGHTED ROAD,TURNING,FOUR WAY,YIELD,WEATHER,IMPROPER OVERTAKING/PASSING,0,0,0,0,11,4,11,1664,STONY ISLAND AVE,41.892897,-87.842297,11/11/2020 12:08:00 PM,2020
CR00010934,06/06/2023 07:36:00 PM,35,CLEAR,DAYLIGHT,REAR END,NOT DIVIDED,PEDESTRIAN CROSSING SIGN,DRIVING SKILLS/KNOWLEDGE/EXPERIENCE,UNABLE TO DETERMINE,0,0,1,1,19,3,6,685,WESTERN AVE,41.758629,-87.704588,06/06/2023 08:54:00 PM,2023
CR00010935,01/19/2016 03:20:00 PM,35,CLEAR,DAYLIGHT,REAR END,FOUR WAY,STOP SIGN/FLASHER,DRIVING SKILLS/KNOWLEDGE/EXPERIENCE,WEATHER,0,0,0,0,15,3,1,1261,DAMEN AVE,41.902549,-87.743822,01/19/2016 05:08:00 PM,2016
CR00010936,01/08/2017 11:35:00 AM,30,CLOUDY/OVERCAST,DAWN,REAR END,NOT DIVIDED,STOP SIGN/FLASHER,FOLLOWING TOO CLOSELY,FOLLOWING TOO CLOSELY,0,0,0,0,11,1,1,404,47TH ST,41.717894,-87.690114,01/08/2017 11:45:00 AM,2017
CR00010937,11/27/2020 08:29:00 AM,35,FOG/SMOKE/HAZE,DAYLIGHT,TURNING,ONE-WAY,STOP SIGN/FLASHER,IMPROPER OVERTAKING/PASSING,NOT APPLICABLE,0,0,0,0,8,6,11,1879,ROOSEVELT RD,41.929368,-87.757361,11/27/2020 09:04:00 AM,2020
CR00010938,01/26/2023 07:21:00 AM,35,CLEAR,DAYLIGHT,SIDESWIPE SAME DIRECTION,NOT DIVIDED,NO CONTROLS,DISTRACTION - FROM INSIDE VEHICLE,DISTRACTION - FROM INSIDE VEHICLE,0,0,2,2,7,5,1,2244,MICHIGAN AVE,41.743713,-87.839003,01/26/2023 09:11:00 AM,2023
CR00010939,11/24/2021 05:52:00 PM,30,RAIN,DARKNESS,SIDESWIPE SAME DIRECTION,NOT DIVIDED,TRAFFIC SIGNAL,DISREGARDING TRAFFIC SIGNALS,FOLLOWING TOO CLOSELY,0,0,0,0,17,4,11,844,OGDEN AVE,41.703862,-87.78274,11/24/2021 07:13:00 PM,2021
CR00010940,07/15/2023 10:57:00 AM,30,SNOW,DAYLIGHT,PARKED MOTOR VEHICLE,FOUR WAY,TRAFFIC SIGNAL,DRIVING SKILLS/KNOWLEDGE/EXPERIENCE,FOLLOWING TOO CLOSELY,0,0,0,0,10,7,7,2126,BROADWAY,41.826135,-87.535789,07/15/2023 12:37:00 PM,2023
CR00010941,07/25/2024 01:27:00 PM,20,SNOW,DAYLIGHT,REAR END,NOT DIVIDED,TRAFFIC SIGNAL,FOLLOWING TOO CLOSELY,NOT APPLICABLE,0,0,0,0,13,5,7,1725,PULASKI RD,41.796894,-87.559504,07/25/2024 02:59:00 PM,2024
CR00010942,05/07/2018 05:44:00 PM,35,CLEAR,DARKNESS - LIGHTED ROAD,REAR END,NOT DIVIDED,TRAFFIC SIGNAL,WEATHER,FAILING TO REDUCE SPEED,0,0,0,0,17,2,5,1200,CICERO AVE,41.903978,-87.751565,05/07/2018 07:40:00 PM,2018
CR00010943,11/05/2015 08:52:00 AM,35,FREEZING RAIN/DRIZZLE,DAYLIGHT,ANGLE,NOT DIVIDED,STOP SIGN/FLASHER,IMPROPER LANE USAGE,NOT APPLICABLE,0,0,0,0,8,5,11,2423,47TH ST,41.881846,-87.559692,11/05/2015 09:18:00 AM,2015
CR00010944,02/12/2024 08:21:00 AM,30,SNOW,DAYLIGHT,REAR END,NOT DIVIDED,UNKNOWN,UNABLE TO DETERMINE,UNABLE TO DETERMINE,0,0,0,0,8,2,2,1361,CLARK ST,41.904311,-87.63245,02/12/2024 08:56:00 AM,2024
CR00010945,09/29/2017 03:18:00 AM,35,RAIN,DAYLIGHT,REAR END,NOT DIVIDED,PEDESTRIAN CROSSING SIGN,UNABLE TO DETERMINE,NOT APPLICABLE,0,0,0,0,3,6,9,863,MILWAUKEE AVE,41.717429,-87.782854,09/29/2017 05:09:00 AM,2017
CR00010946,03/28/2021 07:10:00 AM,20,CLEAR,DARKNESS - LIGHTED ROAD,REAR END,DIVIDED - W/MEDIAN (NOT RAISED),YIELD,FAILING TO YIELD RIGHT-OF-WAY,DRIVING SKILLS/KNOWLEDGE/EXPERIENCE,0,0,0,0,7,1,3,1870,DAMEN AVE,41.794932,-87.790943,03/28/2021 07:18:00 AM,2021
CR00010947,10/29/2015 10:03:00 AM,25,CLOUDY/OVERCAST,DAYLIGHT,REAR END,NOT DIVIDED,NO CONTROLS,FOLLOWING TOO CLOSELY,UNABLE TO DETERMINE,0,0,0,0,10,5,10,2481,STONY ISLAND AVE,41.793631,-87.749234,10/29/2015 10:42:00 AM,2015
CR00010948,01/30/2021 11:00:00 AM,20,CLEAR,DARKNESS,REAR TO FRONT,NOT DIVIDED,TRAFFIC SIGNAL,DISREGARDING TRAFFIC SIGNALS,DRIVING SKILLS/KNOWLEDGE/EXPERIENCE,0,0,0,0,11,7,1,1427,ASHLAND AVE,41.729028,-87.848712,01/30/2021 12:10:00 PM,2021
CR00010949,07/04/2017 06:34:00 AM,25,RAIN,DARKNESS - LIGHTED ROAD,PARKED MOTOR VEHICLE,NOT DIVIDED,STOP SIGN/FLASHER,UNABLE TO DETERMINE,FAILING TO YIELD RIGHT-OF-WAY,0,0,0,0,6,3,7,1176,STONY ISLAND AVE,41.875364,-87.613719,07/04/2017 08:01:00 AM,2017
CR00010950,04/17/2019 12:50:00 AM,35,CLEAR,DARKNESS - LIGHTED ROAD,PARKED MOTOR VEHICLE,ONE-WAY,STOP SIGN/FLASHER,IMPROPER OVERTAKING/PASSING,UNABLE TO DETERMINE,0,0,0,0,0,4,4,2374,MICHIGAN AVE,41.804365,-87.539882,04/17/2019 02:13:00 AM,2019
CR00010951,06/30/2023 07:26:00 PM,30,CLEAR,DAYLIGHT,PARKED MOTOR VEHICLE,NOT DIVIDED,STOP SIGN/FLASHER,DRIVING SKILLS/KNOWLEDGE/EXPERIENCE,DISTRACTION - FROM INSIDE VEHICLE,0,0,0,0,19,6,6,2451,OGDEN AVE,41.711486,-87.792796,06/30/2023 09:13:00 PM,2023
CR00010952,05/11/2024 03:30:00 PM,35,CLEAR,DAWN,REAR TO FRONT,DIVIDED - W/MEDIAN BARRIER,NO CONTROLS,FAILING TO YIELD RIGHT-OF-WAY,FOLLOWING TOO CLOSELY,0,0,0,0,15,7,5,223,BROADWAY,41.821413,-87.784915,05/11/2024 05:11:00 PM,2024
CR00010953,12/01/2015 08:35:00 AM,25,CLEAR,DAYLIGHT,REAR END,NOT DIVIDED,UNKNOWN,DISREGARDING TRAFFIC SIGNALS,IMPROPER OVERTAKING/PASSING,0,0,0,0,8,3,12,2287,CALIFORNIA AVE,41.703268,-87.503455,12/01/2015 10:31:00 AM,2015