CRASH_RECORD_ID,CRASH_DATE,POSTED_SPEED_LIMIT,WEATHER_CONDITION,LIGHTING_CONDITION,FIRST_CRASH_TYPE,TRAFFICWAY_TYPE,TRAFFIC_CONTROL_DEVICE,PRIM_CONTRIBUTORY_CAUSE,SEC_CONTRIBUTORY_CAUSE,INJURIES_FATAL,INJURIES_INCAPACITATING,INJURIES_NON_INCAPACITATING,INJURIES_TOTAL,CRASH_HOUR,CRASH_DAY_OF_WEEK,CRASH_MONTH,BEAT_OF_OCCURRENCE,STREET_NAME,LATITUDE,LONGITUDE,DATE_POLICE_NOTIFIED,year
CR00010954,11/18/2021 06:00:00 PM,15,CLEAR,DARKNESS - LIGHTED ROAD,REAR END,DIVIDED - W/MEDIAN (NOT RAISED),PEDESTRIAN CROSSING SIGN,DISTRACTION - FROM INSIDE VEHICLE,UNABLE TO DETERMINE,0,0,0,0,18,5,11,1268,PULASKI RD,41.951237,-87.841226,11/18/2021 07:55:00 PM,2021
CR00010955,10/15/2017 07:24:00 PM,45,CLEAR,DARKNESS - LIGHTED ROAD,ANGLE,DIVIDED - W/MEDIAN (NOT RAISED),UNKNOWN,FAILING TO YIELD RIGHT-OF-WAY,NOT APPLICABLE,0,0,0,0,19,1,10,1494,MICHIGAN AVE,41.996588,-87.510466,10/15/2017 08:34:00 PM,2017
CR00010956,06/01/2024 02:31:00 PM,25,CLEAR,DARKNESS,REAR END,NOT DIVIDED,NO CONTROLS,UNABLE TO DETERMINE,IMPROPER LANE USAGE,0,0,0,0,14,7,6,253,LAKE SHORE DR,41.769355,-87.819976,06/01/2024 04:20:00 PM,2024
CR00010957,08/09/2021 04:15:00 AM,35,CLOUDY/OVERCAST,DAYLIGHT,REAR END,NOT DIVIDED,YIELD,DISREGARDING TRAFFIC SIGNALS,DRIVING SKILLS/KNOWLEDGE/EXPERIENCE,0,0,0,0,4,2,8,2379,HALSTED ST,41.968431,-87.83759,08/09/2021 04:20:00 AM,2021
CR00010958,12/12/2020 11:47:00 PM,35,CLEAR,DAYLIGHT,PARKED MOTOR VEHICLE,NOT DIVIDED,UNKNOWN,IMPROPER LANE USAGE,FOLLOWING TOO CLOSELY,0,0,0,0,23,7,12,266,FULLERTON AVE,41.788077,-87.511523,12/13/2020 01:27:00 AM,2020
CR00010959,10/27/2018 10:06:00 AM,35,CLEAR,DAWN,TURNING,FOUR WAY,NO CONTROLS,DISREGARDING TRAFFIC SIGNALS,FAILING TO YIELD RIGHT-OF-WAY,0,0,0,0,10,7,10,2070,63RD ST,41.712363,-87.797529,10/27/2018 11:22:00 AM,2018
CR00010960,08/02/2023 10:34:00 AM,25,CLEAR,DARKNESS - LIGHTED ROAD,SIDESWIPE SAME DIRECTION,T-INTERSECTION,NO CONTROLS,DISREGARDING TRAFFIC SIGNALS,FAILING TO REDUCE SPEED,0,0,2,2,10,4,8,961,ARCHER AVE,41.851625,-87.809776,08/02/2023 10:51:00 AM,2023
CR00010961,01/20/2022 12:18:00 AM,40,CLEAR,DAYLIGHT,PARKED MOTOR VEHICLE,DIVIDED - W/MEDIAN BARRIER,TRAFFIC SIGNAL,FAILING TO YIELD RIGHT-OF-WAY,UNABLE TO DETERMINE,0,0,0,0,0,5,1,2267,BROADWAY,41.858015,-87.722518,01/20/2022 01:04:00 AM,2022
CR00010962,02/22/2018 07:39:00 AM,30,CLOUDY/OVERCAST,DAYLIGHT,TURNING,NOT DIVIDED,TRAFFIC SIGNAL,UNABLE TO DETERMINE,DISTRACTION - FROM INSIDE VEHICLE,0,0,0,0,7,5,2,1455,ASHLAND AVE,41.726241,-87.775356,02/22/2018 08:00:00 AM,2018
CR00010963,12/04/2016 05:10:00 AM,30,CLEAR,DUSK,ANGLE,ONE-WAY,NO CONTROLS,FOLLOWING TOO CLOSELY,DISTRACTION - FROM INSIDE VEHICLE,0,0,2,2,5,1,12,527,ELSTON AVE,41.804185,-87.605294,12/04/2016 06:11:00 AM,2016
CR00010964,10/03/2020 11:29:00 AM,15,CLEAR,DARKNESS - LIGHTED ROAD,ANGLE,DIVIDED - W/MEDIAN (NOT RAISED),STOP SIGN/FLASHER,DRIVING SKILLS/KNOWLEDGE/EXPERIENCE,FAILING TO YIELD RIGHT-OF-WAY,0,0,0,0,11,7,10,1320,LAKE SHORE DR,41.834883,-87.704089,10/03/2020 01:06:00 PM,2020
CR00010965,10/19/2019 04:50:00 AM,35,CLEAR,DUSK,SIDESWIPE SAME DIRECTION,NOT DIVIDED,UNKNOWN,UNABLE TO DETERMINE,IMPROPER LANE USAGE,0,0,0,0,4,7,10,1654,KEDZIE AVE,41.717445,-87.655977,10/19/2019 06:33:00 AM,2019
CR00010966,05/10/2019 08:54:00 PM,20,CLEAR,DARKNESS - LIGHTED ROAD,REAR END,DIVIDED - W/MEDIAN (NOT RAISED),TRAFFIC SIGNAL,UNABLE TO DETERMINE,DISTRACTION - FROM INSIDE VEHICLE,0,0,1,1,20,6,5,526,CALIFORNIA AVE,41.768038,-87.690571,05/10/2019 10:04:00 PM,2019
CR00010967,06/06/2018 11:43:00 AM,30,CLOUDY/OVERCAST,DAYLIGHT,PARKED MOTOR VEHICLE,DIVIDED - W/MEDIAN (NOT RAISED),NO CONTROLS,UNABLE TO DETERMINE,NOT APPLICABLE,0,0,0,0,11,4,6,2343,MILWAUKEE AVE,41.932854,-87.619099,06/06/2018 11:47:00 AM,2018
CR00010968,10/26/2023 04:27:00 PM,40,CLEAR,DAWN,REAR END,DIVIDED - W/MEDIAN (NOT RAISED),STOP SIGN/FLASHER,DRIVING SKILLS/KNOWLEDGE/EXPERIENCE,NOT APPLICABLE,0,0,0,0,16,5,10,2375,CICERO AVE,41.955419,-87.800983,10/26/2023 04:46:00 PM,2023
CR00010969,05/04/2016 05:39:00 PM,30,CLEAR,DAYLIGHT,FIXED OBJECT,DIVIDED - W/MEDIAN BARRIER,NO CONTROLS,UNABLE TO DETERMINE,UNABLE TO DETERMINE,0,0,0,0,17,4,5,698,ASHLAND AVE,41.816032,-87.663456,05/04/2016 06:59:00 PM,2016
CR00010970,01/04/2021 04:47:00 PM,40,SNOW,DAYLIGHT,ANGLE,DIVIDED - W/MEDIAN BARRIER,NO CONTROLS,UNABLE TO DETERMINE,NOT APPLICABLE,0,0,0,0,16,2,1,1115,FULLERTON AVE,41.893919,-87.731324,01/04/2021 05:55:00 PM,2021
CR00010971,07/03/2017 07:09:00 PM,20,CLEAR,DAYLIGHT,TURNING,ONE-WAY,STOP SIGN/FLASHER,UNABLE TO DETERMINE,UNABLE TO DETERMINE,0,0,0,0,19,2,7,1023,STONY ISLAND AVE,41.991775,-87.686482,07/03/2017 08:46:00 PM,2017
CR00010972,07/15/2022 05:42:00 AM,30,CLEAR,DAYLIGHT,SIDESWIPE SAME DIRECTION,DIVIDED - W/MEDIAN (NOT RAISED),PEDESTRIAN CROSSING SIGN,WEATHER,NOT APPLICABLE,0,0,0,0,5,6,7,1028,DIVISION ST,41.909763,-87.547287,07/15/2022 07:20:00 AM,2022
CR00010973,08/31/2017 12:11:00 AM,40,CLEAR,DAYLIGHT,SIDESWIPE SAME DIRECTION,NOT DIVIDED,STOP SIGN/FLASHER,FOLLOWING TOO CLOSELY,FAILING TO REDUCE SPEED,0,0,1,1,0,5,8,1160,DAMEN AVE,41.900496,-87.607264,08/31/2017 12:23:00 AM,2017
CR00010974,07/01/2016 04:45:00 PM,25,CLEAR,DAYLIGHT,FIXED OBJECT,FOUR WAY,NO CONTROLS,DRIVING SKILLS/KNOWLEDGE/EXPERIENCE,UNABLE TO DETERMINE,0,0,0,0,16,6,7,319,IRVING PARK RD,41.8554,-87.599856,07/01/2016 05:12:00 PM,2016
CR00010975,09/29/2016 12:37:00 PM,35,CLEAR,DARKNESS - LIGHTED ROAD,REAR TO FRONT,ONE-WAY,UNKNOWN,IMPROPER OVERTAKING/PASSING,DRIVING SKILLS/KNOWLEDGE/EXPERIENCE,0,0,3,3,12,5,9,664,47TH ST,41.954958,-87.60949,09/29/2016 12:53:00 PM,2016
CR00010976,10/07/2015 06:51:00 PM,45,CLEAR,DARKNESS - LIGHTED ROAD,REAR TO FRONT,FOUR WAY,NO CONTROLS,DRIVING SKILLS/KNOWLEDGE/EXPERIENCE,WEATHER,0,0,2,2,18,4,10,2403,HALSTED ST,41.716057,-87.714875,10/07/2015 07:54:00 PM,2015
CR00010977,02/22/2023 01:57:00 AM,25,CLEAR,DARKNESS,REAR END,DIVIDED - W/MEDIAN (NOT RAISED),NO CONTROLS,WEATHER,NOT APPLICABLE,0,0,0,0,1,4,2,1949,IRVING PARK RD,41.813007,-87.617237,02/22/2023 01:58:00 AM,2023
CR00010978,10/24/2016 05:54:00 PM,40,CLEAR,DARKNESS - LIGHTED ROAD,TURNING,DIVIDED - W/MEDIAN BARRIER,TRAFFIC SIGNAL,FAILING TO YIELD RIGHT-OF-WAY,NOT APPLICABLE,0,0,0,0,17,2,10,2061,PULASKI RD,41.711184,-87.836152,10/24/2016 07:33:00 PM,2016
CR00010979,06/11/2024 05:46:00 AM,35,CLEAR,DUSK,TURNING,FOUR WAY,NO CONTROLS,UNABLE TO DETERMINE,FAILING TO REDUCE SPEED,0,0,0,0,5,3,6,1414,ASHLAND AVE,41.890908,-87.507895,06/11/2024 07:03:00 AM,2024
CR00010980,03/09/2022 08:15:00 PM,25,CLEAR,DARKNESS - LIGHTED ROAD,PARKED MOTOR VEHICLE,NOT DIVIDED,YIELD,UNABLE TO DETERMINE,UNABLE TO DETERMINE,0,0,0,0,20,4,3,976,STATE ST,41.708274,-87.574696,03/09/2022 09:22:00 PM,2022
CR00010981,06/19/2019 08:14:00 AM,40,SNOW,DAYLIGHT,REAR END,NOT DIVIDED,NO CONTROLS,IMPROPER OVERTAKING/PASSING,UNABLE TO DETERMINE,0,0,0,0,8,4,6,2179,IRVING PARK RD,41.988438,-87.50496,06/19/2019 08:45:00 AM,2019
CR00010982,05/24/2024 01:47:00 AM,40,CLEAR,DARKNESS - LIGHTED ROAD,REAR END,DIVIDED - W/MEDIAN (NOT RAISED),NO CONTROLS,UNABLE TO DETERMINE,FOLLOWING TOO CLOSELY,0,1,1,2,1,6,5,2326,LAKE SHORE DR,41.725285,-87.802588,05/24/2024 02:08:00 AM,2024
CR00010983,11/15/2024 04:43:00 PM,15,CLEAR,DAYLIGHT,REAR END,DIVIDED - W/MEDIAN (NOT RAISED),NO CONTROLS,UNABLE TO DETERMINE,IMPROPER LANE USAGE,0,0,3,3,16,6,11,1145,STONY ISLAND AVE,41.725538,-87.81878,11/15/2024 06:43:00 PM,2024
CR00010984,01/31/2023 12:24:00 PM,40,SNOW,DARKNESS,TURNING,NOT DIVIDED,STOP SIGN/FLASHER,FOLLOWING TOO CLOSELY,FAILING TO REDUCE SPEED,0,0,1,1,12,3,1,1565,WESTERN AVE,41.803658,-87.554732,01/31/2023 01:55:00 PM,2023
CR00010985,12/16/2015 04:29:00 PM,15,RAIN,DARKNESS - LIGHTED ROAD,PARKED MOTOR VEHICLE,DIVIDED - W/MEDIAN (NOT RAISED),NO CONTROLS,DISTRACTION - FROM INSIDE VEHICLE,IMPROPER OVERTAKING/PASSING,0,0,0,0,16,4,12,2213,DIVISION ST,41.840689,-87.724422,12/16/2015 04:45:00 PM,2015
CR00010986,08/20/2024 11:21:00 AM,45,CLEAR,DAYLIGHT,TURNING,DIVIDED - W/MEDIAN (NOT RAISED),UNKNOWN,FAILING TO YIELD RIGHT-OF-WAY,FAILING TO YIELD RIGHT-OF-WAY,0,0,0,0,11,3,8,1133,HALSTED ST,41.823633,-87.695276,08/20/2024 11:52:00 AM,2024
CR00010987,10/25/2024 07:15:00 PM,30,CLEAR,DAYLIGHT,SIDESWIPE SAME DIRECTION,DIVIDED - W/MEDIAN (NOT RAISED),NO CONTROLS,UNABLE TO DETERMINE,IMPROPER OVERTAKING/PASSING,0,0,1,1,19,6,10,2366,CLARK ST,41.778484,-87.502082,10/25/2024 08:21:00 PM,2024
CR00010988,08/15/2016 10:36:00 AM,40,CLEAR,DARKNESS - LIGHTED ROAD,REAR TO FRONT,DIVIDED - W/MEDIAN (NOT RAISED),UNKNOWN,UNABLE TO DETERMINE,FAILING TO REDUCE SPEED,0,0,0,0,10,2,8,2077,ELSTON AVE,41.884525,-87.789854,08/15/2016 11:36:00 AM,2016
CR00010989,08/10/2016 06:21:00 PM,40,CLEAR,DAYLIGHT,REAR END,DIVIDED - W/MEDIAN (NOT RAISED),NO CONTROLS,FAILING TO REDUCE SPEED,NOT APPLICABLE,0,0,0,0,18,4,8,706,ARCHER AVE,41.790532,-87.623249,08/10/2016 07:05:00 PM,2016
CR00010990,03/05/2023 08:57:00 PM,35,CLEAR,DAYLIGHT,SIDESWIPE SAME DIRECTION,FOUR WAY,STOP SIGN/FLASHER,FAILING TO YIELD RIGHT-OF-WAY,FOLLOWING TOO CLOSELY,0,0,0,0,20,1,3,2004,MILWAUKEE AVE,41.769849,-87.720304,03/05/2023 10:04:00 PM,2023
CR00010991,12/12/2022 06:03:00 PM,20,CLEAR,DARKNESS,TURNING,NOT DIVIDED,STOP SIGN/FLASHER,UNABLE TO DETERMINE,UNABLE TO DETERMINE,0,0,0,0,18,2,12,2529,STATE ST,41.84475,-87.666604,12/12/2022 07:30:00 PM,2022
CR00010992,08/11/2016 08:39:00 PM,30,CLEAR,DARKNESS - LIGHTED ROAD,REAR END,DIVIDED - W/MEDIAN (NOT RAISED),NO CONTROLS,FOLLOWING TOO CLOSELY,IMPROPER OVERTAKING/PASSING,0,0,0,0,20,5,8,1342,47TH ST,41.882292,-87.823756,08/11/2016 10:08:00 PM,2016
CR00010993,03/26/2017 02:05:00 PM,25,CLOUDY/OVERCAST,DAYLIGHT,REAR END,FOUR WAY,NO CONTROLS,UNABLE TO DETERMINE,UNABLE TO DETERMINE,0,0,0,0,14,1,3,2502,ARCHER AVE,41.805825,-87.749986,03/26/2017 03:45:00 PM,2017
CR00010994,01/09/2022 04:53:00 PM,20,SNOW,DAYLIGHT,TURNING,T-INTERSECTION,NO CONTROLS,DISREGARDING TRAFFIC SIGNALS,NOT APPLICABLE,0,0,0,0,16,1,1,1618,79TH ST,41.943249,-87.780488,01/09/2022 06:26:00 PM,2022
CR00010995,04/07/2017 01:24:00 PM,40,FREEZING RAIN/DRIZZLE,DAYLIGHT,SIDESWIPE SAME DIRECTION,DIVIDED - W/MEDIAN (NOT RAISED),NO CONTROLS,UNABLE TO DETERMINE,FAILING TO YIELD RIGHT-OF-WAY,0,0,1,1,13,6,4,235,CALIFORNIA AVE,41.9962,-87.786859,04/07/2017 02:18:00 PM,2017
CR00010996,09/11/2022 08:12:00 PM,20,CLEAR,DAYLIGHT,PARKED MOTOR VEHICLE,NOT DIVIDED,STOP SIGN/FLASHER,IMPROPER LANE USAGE,UNABLE TO DETERMINE,0,0,0,0,20,1,9,1215,LAKE SHORE DR,41.885783,-87.710018,09/11/2022 09:18:00 PM,2022
CR00010997,12/19/2020 04:42:00 PM,30,CLEAR,DAWN,PEDESTRIAN,NOT DIVIDED,NO CONTROLS,UNABLE TO DETERMINE,NOT APPLICABLE,0,0,0,0,16,7,12,722,OGDEN AVE,41.850942,-87.554168,12/19/2020 04:55:00 PM,2020
CR00010998,11/18/2023 07:36:00 AM,30,SNOW,DARKNESS - LIGHTED ROAD,REAR TO FRONT,ONE-WAY,STOP SIGN/FLASHER,UNABLE TO DETERMINE,DRIVING SKILLS/KNOWLEDGE/EXPERIENCE,0,0,3,3,7,7,11,149,STONY ISLAND AVE,41.781433,-87.825481,11/18/2023 08:19:00 AM,2023
CR00010999,06/26/2024 02:40:00 AM,45,CLEAR,DAYLIGHT,REAR END,NOT DIVIDED,NO CONTROLS,UNABLE TO DETERMINE,UNABLE TO DETERMINE,0,2,0,2,2,4,6,2320,DIVISION ST,41.858872,-87.768333,06/26/2024 04:20:00 AM,2024
CR00011000,10/11/2019 11:12:00 AM,35,CLEAR,DARKNESS - LIGHTED ROAD,SIDESWIPE SAME DIRECTION,DIVIDED - W/MEDIAN BARRIER,STOP SIGN/FLASHER,WEATHER,UNABLE TO DETERMINE,0,0,0,0,11,6,10,505,HALSTED ST,41.981109,-87.791922,10/11/2019 12:24:00 PM,2019
CR00011001,06/22/2018 05:06:00 AM,40,RAIN,DARKNESS - LIGHTED ROAD,ANGLE,ONE-WAY,STOP SIGN/FLASHER,IMPROPER LANE USAGE,UNABLE TO DETERMINE,0,0,0,0,5,6,6,1113,ASHLAND AVE,41.955555,-87.655458,06/22/2018 06:55:00 AM,2018
CR00011002,10/11/2017 09:35:00 PM,15,CLEAR,DAYLIGHT,PARKED MOTOR VEHICLE,NOT DIVIDED,NO CONTROLS,DISTRACTION - FROM INSIDE VEHICLE,NOT APPLICABLE,0,0,0,0,21,4,10,1207,DIVISION ST,41.762706,-87.759329,10/11/2017 11:25:00 PM,2017
CR00011003,05/08/2023 08:51:00 PM,20,CLEAR,DAYLIGHT,ANGLE,T-INTERSECTION,STOP SIGN/FLASHER,IMPROPER OVERTAKING/PASSING,UNABLE TO DETERMINE,0,0,0,0,20,2,5,1024,LAKE SHORE DR,41.939821,-87.734157,05/08/2023 10:32:00 PM,2023
CR00011004,06/19/2015 09:35:00 PM,25,CLOUDY/OVERCAST,DARKNESS - LIGHTED ROAD,TURNING,NOT DIVIDED,STOP SIGN/FLASHER,FOLLOWING TOO CLOSELY,UNABLE TO DETERMINE,0,0,2,2,21,6,6,958,47TH ST,41.966016,-87.637544,06/19/2015 09:40:00 PM,2015
CR00011005,08/02/2019 03:59:00 AM,25,RAIN,DARKNESS - LIGHTED ROAD,TURNING,DIVIDED - W/MEDIAN (NOT RAISED),UNKNOWN,IMPROPER LANE USAGE,IMPROPER LANE USAGE,0,0,0,0,3,6,8,1817,MILWAUKEE AVE,41.738441,-87.585099,08/02/2019 05:44:00 AM,2019
CR00011006,09/30/2021 06:34:00 PM,35,CLEAR,DAYLIGHT,PEDESTRIAN,DIVIDED - W/MEDIAN BARRIER,UNKNOWN,WEATHER,DISREGARDING TRAFFIC SIGNALS,0,0,1,1,18,5,9,1269,ARCHER AVE,41.775826,-87.686219,09/30/2021 08:15:00 PM,2021
CR00011007,03/16/2022 01:30:00 PM,20,CLEAR,DAYLIGHT,REAR TO FRONT,ONE-WAY,NO CONTROLS,UNABLE TO DETERMINE,UNABLE TO DETERMINE,0,0,1,1,13,4,3,2147,63RD ST,41.817912,-87.631485,03/16/2022 02:58:00 PM,2022
CR00011008,09/02/2018 03:32:00 PM,30,CLEAR,DARKNESS,PARKED MOTOR VEHICLE,NOT DIVIDED,YIELD,FAILING TO REDUCE SPEED,UNABLE TO DETERMINE,0,0,1,1,15,1,9,667,WESTERN AVE,41.944197,-87.687312,09/02/2018 04:42:00 PM,2018
CR00011009,03/01/2015 09:28:00 AM,20,RAIN,DAYLIGHT,ANGLE,DIVIDED - W/MEDIAN BARRIER,NO CONTROLS,DRIVING SKILLS/KNOWLEDGE/EXPERIENCE,UNABLE TO DETERMINE,0,0,0,0,9,1,3,2151,PULASKI RD,41.844028,-87.620871,03/01/2015 10:57:00 AM,2015
CR00011010,12/23/2024 03:55:00 PM,35,CLEAR,DUSK,TURNING,NOT DIVIDED,NO CONTROLS,FOLLOWING TOO CLOSELY,UNABLE TO DETERMINE,0,0,0,0,15,2,12,2495,OGDEN AVE,41.961152,-87.621419,12/23/2024 05:42:00 PM,2024
CR00011011,09/01/2019 02:27:00 PM,30,CLEAR,DAYLIGHT,FIXED OBJECT,DIVIDED - W/MEDIAN (NOT RAISED),NO CONTROLS,UNABLE TO DETERMINE,UNABLE TO DETERMINE,0,0,0,0,14,1,9,1848,HALSTED ST,41.991433,-87.81465,09/01/2019 03:00:00 PM,2019
CR00011012,06/15/2023 01:18:00 AM,20,CLEAR,DARKNESS - LIGHTED ROAD,TURNING,NOT DIVIDED,NO CONTROLS,DRIVING SKILLS/KNOWLEDGE/EXPERIENCE,DISTRACTION - FROM INSIDE VEHICLE,0,0,0,0,1,5,6,1383,ELSTON AVE,41.83464,-87.801463,06/15/2023 02:14:00 AM,2023
CR00011013,01/27/2015 11:28:00 AM,35,RAIN,DARKNESS - LIGHTED ROAD,PARKED MOTOR VEHICLE,ONE-WAY,TRAFFIC SIGNAL,FOLLOWING TOO CLOSELY,UNABLE TO DETERMINE,0,0,0,0,11,3,1,532,79TH ST,41.725488,-87.681952,01/27/2015 01:02:00 PM,2015
CR00011014,02/08/2021 02:54:00 PM,30,CLEAR,DAWN,SIDESWIPE SAME DIRECTION,DIVIDED - W/MEDIAN (NOT RAISED),NO CONTROLS,DISTRACTION - FROM INSIDE VEHICLE,UNABLE TO DETERMINE,0,0,2,2,14,2,2,1102,ARCHER AVE,41.705803,-87.521887,02/08/2021 04:12:00 PM,2021
CR00011015,10/15/2024 07:22:00 AM,30,RAIN,DAYLIGHT,REAR END,DIVIDED - W/MEDIAN (NOT RAISED),TRAFFIC SIGNAL,FAILING TO YIELD RIGHT-OF-WAY,FOLLOWING TOO CLOSELY,0,0,0,0,7,3,10,1626,LAKE SHORE DR,41.924343,-87.534139,10/15/2024 09:10:00 AM,2024
CR00011016,10/09/2017 11:34:00 AM,45,CLEAR,DAYLIGHT,TURNING,NOT DIVIDED,NO CONTROLS,UNABLE TO DETERMINE,FAILING TO YIELD RIGHT-OF-WAY,0,0,1,1,11,2,10,1971,FULLERTON AVE,41.936687,-87.848822,10/09/2017 11:46:00 AM,2017
CR00011017,11/25/2017 02:31:00 PM,35,CLOUDY/OVERCAST,DAWN,TURNING,DIVIDED - W/MEDIAN (NOT RAISED),TRAFFIC SIGNAL,FOLLOWING TOO CLOSELY,FAILING TO YIELD RIGHT-OF-WAY,0,0,0,0,14,7,11,1529,ASHLAND AVE,41.700308,-87.710678,11/25/2017 02:57:00 PM,2017
CR00011018,08/24/2021 07:51:00 AM,30,CLEAR,DAYLIGHT,ANGLE,DIVIDED - W/MEDIAN (NOT RAISED),NO CONTROLS,DRIVING SKILLS/KNOWLEDGE/EXPERIENCE,NOT APPLICABLE,0,0,0,0,7,3,8,1012,ARCHER AVE,41.997752,-87.547892,08/24/2021 08:51:00 AM,2021
CR00011019,02/06/2021 07:35:00 AM,45,CLEAR,DAYLIGHT,SIDESWIPE SAME DIRECTION,ONE-WAY,YIELD,FOLLOWING TOO CLOSELY,UNABLE TO DETERMINE,0,0,0,0,7,7,2,1940,CICERO AVE,41.736166,-87.670627,02/06/2021 07:54:00 AM,2021
CR00011020,12/24/2015 03:29:00 PM,30,FREEZING RAIN/DRIZZLE,DAYLIGHT,REAR END,NOT DIVIDED,STOP SIGN/FLASHER,FAILING TO YIELD RIGHT-OF-WAY,FAILING TO REDUCE SPEED,0,0,0,0,15,5,12,1627,CICERO AVE,41.777382,-87.707643,12/24/2015 04:59:00 PM,2015
CR00011021,01/11/2024 08:44:00 PM,15,CLOUDY/OVERCAST,DARKNESS - LIGHTED ROAD,REAR END,NOT DIVIDED,NO CONTROLS,FOLLOWING TOO CLOSELY,NOT APPLICABLE,0,0,0,0,20,5,1,1740,STONY ISLAND AVE,41.870215,-87.731486,01/11/2024 09:42:00 PM,2024
CR00011022,02/24/2019 05:02:00 PM,30,CLEAR,DAYLIGHT,PEDESTRIAN,DIVIDED - W/MEDIAN (NOT RAISED),NO CONTROLS,FAILING TO YIELD RIGHT-OF-WAY,FOLLOWING TOO CLOSELY,0,0,0,0,17,1,2,1198,CICERO AVE,41.904644,-87.700511,02/24/2019 06:24:00 PM,2019
CR00011023,09/12/2015 06:28:00 PM,25,CLEAR,DAYLIGHT,ANGLE,NOT DIVIDED,PEDESTRIAN CROSSING SIGN,FAILING TO YIELD RIGHT-OF-WAY,FAILING TO YIELD RIGHT-OF-WAY,0,0,0,0,18,7,9,1609,ELSTON AVE,41.756642,-87.630837,09/12/2015 07:53:00 PM,2015
CR00011024,09/30/2024 02:55:00 PM,35,CLEAR,DAYLIGHT,SIDESWIPE SAME DIRECTION,NOT DIVIDED,NO CONTROLS,UNABLE TO DETERMINE,FOLLOWING TOO CLOSELY,0,0,0,0,14,2,9,678,STONY ISLAND AVE,41.700035,-87.664818,09/30/2024 04:47:00 PM,2024
CR00011025,08/27/2018 06:37:00 PM,30,CLEAR,DAYLIGHT,TURNING,NOT DIVIDED,NO CONTROLS,FAILING TO YIELD RIGHT-OF-WAY,UNABLE TO DETERMINE,0,0,0,0,18,2,8,919,BROADWAY,41.791818,-87.622248,08/27/2018 07:58:00 PM,2018
CR00011026,12/04/2019 01:20:00 PM,15,FREEZING RAIN/DRIZZLE,DARKNESS,REAR END,NOT DIVIDED,TRAFFIC SIGNAL,UNABLE TO DETERMINE,FOLLOWING TOO CLOSELY,0,0,1,1,13,4,12,1718,DAMEN AVE,41.792384,-87.797341,12/04/2019 02:25:00 PM,2019
CR00011027,05/16/2022 11:30:00 AM,35,CLEAR,DUSK,ANGLE,NOT DIVIDED,NO CONTROLS,FOLLOWING TOO CLOSELY,NOT APPLICABLE,0,0,1,1,11,2,5,826,BROADWAY,41.919599,-87.840247,05/16/2022 11:59:00 AM,2022
CR00011028,11/10/2023 09:44:00 AM,35,CLEAR,DAYLIGHT,REAR END,NOT DIVIDED,TRAFFIC SIGNAL,DRIVING SKILLS/KNOWLEDGE/EXPERIENCE,IMPROPER OVERTAKING/PASSING,1,0,2,3,9,6,11,250,IRVING PARK RD,41.897245,-87.551415,11/10/2023 11:36:00 AM,2023
CR00011029,07/30/2017 07:49:00 PM,35,CLEAR,DARKNESS,REAR END,NOT DIVIDED,TRAFFIC SIGNAL,UNABLE TO DETERMINE,DISTRACTION - FROM INSIDE VEHICLE,1,0,3,4,19,1,7,611,47TH ST,41.728583,-87.713452,07/30/2017 09:36:00 PM,2017
CR00011030,02/14/2017 10:19:00 AM,25,CLEAR,DARKNESS - LIGHTED ROAD,ANGLE,DIVIDED - W/MEDIAN BARRIER,NO CONTROLS,FAILING TO YIELD RIGHT-OF-WAY,FAILING TO YIELD RIGHT-OF-WAY,0,0,0,0,10,3,2,2457,DAMEN AVE,41.98527,-87.807691,02/14/2017 11:10:00 AM,2017
CR00011031,08/02/2015 11:18:00 AM,15,RAIN,DAYLIGHT,SIDESWIPE SAME DIRECTION,DIVIDED - W/MEDIAN BARRIER,UNKNOWN,UNABLE TO DETERMINE,UNABLE TO DETERMINE,0,0,2,2,11,1,8,714,BROADWAY,41.717832,-87.742317,08/02/2015 12:04:00 PM,2015
CR00011032,03/14/2021 05:20:00 PM,30,CLEAR,DAYLIGHT,FIXED OBJECT,NOT DIVIDED,NO CONTROLS,UNABLE TO DETERMINE,FAILING TO YIELD RIGHT-OF-WAY,0,0,0,0,17,1,3,810,CLARK ST,41.852894,-87.591977,03/14/2021 06:24:00 PM,2021
CR00011033,04/23/2024 04:04:00 PM,40,CLEAR,DARKNESS - LIGHTED ROAD,SIDESWIPE SAME DIRECTION,ONE-WAY,NO CONTROLS,UNABLE TO DETERMINE,DISREGARDING TRAFFIC SIGNALS,0,0,0,0,16,3,4,1752,ASHLAND AVE,41.95542,-87.745784,04/23/2024 05:09:00 PM,2024
CR00011034,12/31/2019 08:26:00 PM,30,CLEAR,DAYLIGHT,ANGLE,FOUR WAY,NO CONTROLS,UNABLE TO DETERMINE,FAILING TO REDUCE SPEED,0,0,0,0,20,3,12,539,HALSTED ST,41.795807,-87.604614,12/31/2019 08:51:00 PM,2019