CRASH_RECORD_ID,CRASH_DATE,POSTED_SPEED_LIMIT,WEATHER_CONDITION,LIGHTING_CONDITION,FIRST_CRASH_TYPE,TRAFFICWAY_TYPE,TRAFFIC_CONTROL_DEVICE,PRIM_CONTRIBUTORY_CAUSE,SEC_CONTRIBUTORY_CAUSE,INJURIES_FATAL,INJURIES_INCAPACITATING,INJURIES_NON_INCAPACITATING,INJURIES_TOTAL,CRASH_HOUR,CRASH_DAY_OF_WEEK,CRASH_MONTH,BEAT_OF_OCCURRENCE,STREET_NAME,LATITUDE,LONGITUDE,DATE_POLICE_NOTIFIED,year
CR00011035,03/12/2018 12:56:00 PM,30,CLEAR,DAYLIGHT,REAR END,DIVIDED - W/MEDIAN (NOT RAISED),TRAFFIC SIGNAL,IMPROPER OVERTAKING/PASSING,UNABLE TO DETERMINE,0,0,0,0,12,2,3,1797,47TH ST,41.998801,-87.711126,03/12/2018 01:31:00 PM,2018
CR00011036,09/19/2016 10:43:00 AM,30,RAIN,DARKNESS,ANGLE,DIVIDED - W/MEDIAN (NOT RAISED),UNKNOWN,FAILING TO YIELD RIGHT-OF-WAY,DRIVING SKILLS/KNOWLEDGE/EXPERIENCE,0,0,0,0,10,2,9,1722,CALIFORNIA AVE,41.796779,-87.75494,09/19/2016 11:46:00 AM,2016
CR00011037,09/22/2021 07:40:00 PM,30,CLEAR,DARKNESS,REAR END,NOT DIVIDED,NO CONTROLS,UNABLE TO DETERMINE,FOLLOWING TOO CLOSELY,0,0,0,0,19,4,9,820,MICHIGAN AVE,41.77688,-87.71484,09/22/2021 09:39:00 PM,2021
CR00011038,09/14/2018 07:42:00 AM,30,RAIN,DAYLIGHT,TURNING,ONE-WAY,NO CONTROLS,UNABLE TO DETERMINE,UNABLE TO DETERMINE,0,0,0,0,7,6,9,1965,IRVING PARK RD,41.713915,-87.623187,09/14/2018 08:41:00 AM,2018
CR00011039,12/15/2021 09:05:00 PM,20,CLEAR,DAYLIGHT,REAR END,NOT DIVIDED,TRAFFIC SIGNAL,UNABLE TO DETERMINE,DRIVING SKILLS/KNOWLEDGE/EXPERIENCE,0,0,0,0,21,4,12,1809,WESTERN AVE,41.778702,-87.701517,12/15/2021 09:35:00 PM,2021
CR00011040,10/17/2018 09:40:00 AM,35,CLEAR,DARKNESS - LIGHTED ROAD,REAR END,T-INTERSECTION,TRAFFIC SIGNAL,UNABLE TO DETERMINE,FOLLOWING TOO CLOSELY,0,0,0,0,9,4,10,2322,STONY ISLAND AVE,41.839624,-87.80552,10/17/2018 10:00:00 AM,2018
CR00011041,11/24/2023 11:30:00 PM,30,CLOUDY/OVERCAST,DAYLIGHT,SIDESWIPE SAME DIRECTION,FOUR WAY,STOP SIGN/FLASHER,FAILING TO YIELD RIGHT-OF-WAY,DISTRACTION - FROM INSIDE VEHICLE,0,0,0,0,23,6,11,2432,ROOSEVELT RD,41.979083,-87.50109,11/25/2023 01:24:00 AM,2023
CR00011042,02/17/2019 06:39:00 PM,40,CLEAR,DARKNESS,FIXED OBJECT,DIVIDED - W/MEDIAN BARRIER,STOP SIGN/FLASHER,UNABLE TO DETERMINE,NOT APPLICABLE,0,0,0,0,18,1,2,142,DIVISION ST,41.730737,-87.711007,02/17/2019 07:07:00 PM,2019
CR00011043,01/15/2020 12:59:00 PM,20,CLEAR,DARKNESS - LIGHTED ROAD,PARKED MOTOR VEHICLE,ONE-WAY,TRAFFIC SIGNAL,UNABLE TO DETERMINE,FAILING TO REDUCE SPEED,0,0,0,0,12,4,1,1459,DAMEN AVE,41.911719,-87.847775,01/15/2020 01:26:00 PM,2020
CR00011044,03/27/2017 04:10:00 PM,30,CLEAR,DARKNESS - LIGHTED ROAD,FIXED OBJECT,NOT DIVIDED,NO CONTROLS,UNABLE TO DETERMINE,DISREGARDING TRAFFIC SIGNALS,0,0,0,0,16,2,3,1724,ARCHER AVE,41.875428,-87.504875,03/27/2017 04:19:00 PM,2017
CR00011045,05/29/2019 01:32:00 AM,20,CLEAR,DAYLIGHT,PARKED MOTOR VEHICLE,NOT DIVIDED,NO CONTROLS,UNABLE TO DETERMINE,UNABLE TO DETERMINE,0,0,0,0,1,4,5,1688,CALIFORNIA AVE,41.935935,-87.730264,05/29/2019 03:07:00 AM,2019
CR00011046,11/09/2019 08:04:00 PM,30,CLEAR,DAYLIGHT,REAR END,NOT DIVIDED,NO CONTROLS,FAILING TO YIELD RIGHT-OF-WAY,FAILING TO REDUCE SPEED,0,0,0,0,20,7,11,952,ARCHER AVE,41.749324,-87.675561,11/09/2019 09:35:00 PM,2019
CR00011047,12/02/2023 01:21:00 PM,30,RAIN,DAYLIGHT,SIDESWIPE SAME DIRECTION,NOT DIVIDED,STOP SIGN/FLASHER,FAILING TO YIELD RIGHT-OF-WAY,DISTRACTION - FROM INSIDE VEHICLE,0,0,0,0,13,7,12,349,PULASKI RD,41.913233,-87.798093,12/02/2023 02:54:00 PM,2023
CR00011048,07/14/2024 07:25:00 AM,30,CLEAR,DARKNESS - LIGHTED ROAD,REAR END,DIVIDED - W/MEDIAN BARRIER,PEDESTRIAN CROSSING SIGN,DISTRACTION - FROM INSIDE VEHICLE,DISTRACTION - FROM INSIDE VEHICLE,0,0,0,0,7,1,7,472,DIVISION ST,41.729942,-87.814975,07/14/2024 09:07:00 AM,2024
CR00011049,09/01/2019 04:59:00 PM,35,CLEAR,DAYLIGHT,PARKED MOTOR VEHICLE,NOT DIVIDED,YIELD,UNABLE TO DETERMINE,DRIVING SKILLS/KNOWLEDGE/EXPERIENCE,0,0,0,0,16,1,9,1040,IRVING PARK RD,41.850541,-87.660191,09/01/2019 05:25:00 PM,2019
CR00011050,03/22/2023 05:46:00 PM,25,SNOW,DARKNESS,PARKED MOTOR VEHICLE,DIVIDED - W/MEDIAN BARRIER,TRAFFIC SIGNAL,UNABLE TO DETERMINE,UNABLE TO DETERMINE,0,0,0,0,17,4,3,2508,CALIFORNIA AVE,41.967737,-87.708545,03/22/2023 07:09:00 PM,2023
CR00011051,02/23/2016 05:26:00 AM,15,CLOUDY/OVERCAST,DAYLIGHT,SIDESWIPE SAME DIRECTION,NOT DIVIDED,STOP SIGN/FLASHER,IMPROPER OVERTAKING/PASSING,FOLLOWING TOO CLOSELY,0,0,1,1,5,3,2,1764,HALSTED ST,41.88152,-87.617603,02/23/2016 07:09:00 AM,2016
CR00011052,08/08/2024 07:45:00 AM,20,SNOW,DAYLIGHT,REAR END,NOT DIVIDED,TRAFFIC SIGNAL,DRIVING SKILLS/KNOWLEDGE/EXPERIENCE,UNABLE TO DETERMINE,0,0,0,0,7,5,8,518,63RD ST,41.968908,-87.791748,08/08/2024 09:31:00 AM,2024
CR00011053,10/25/2023 08:35:00 AM,35,CLOUDY/OVERCAST,DAYLIGHT,REAR END,DIVIDED - W/MEDIAN (NOT RAISED),TRAFFIC SIGNAL,UNABLE TO DETERMINE,UNABLE TO DETERMINE,0,0,0,0,8,4,10,297,ROOSEVELT RD,41.985846,-87.612465,10/25/2023 09:26:00 AM,2023
CR00011054,02/27/2024 03:03:00 PM,30,CLEAR,DARKNESS,REAR END,ONE-WAY,TRAFFIC SIGNAL,IMPROPER LANE USAGE,NOT APPLICABLE,0,0,0,0,15,3,2,1291,ASHLAND AVE,41.957637,-87.529035,02/27/2024 03:43:00 PM,2024
CR00011055,12/23/2024 08:45:00 AM,30,FOG/SMOKE/HAZE,DARKNESS,PEDESTRIAN,DIVIDED - W/MEDIAN (NOT RAISED),TRAFFIC SIGNAL,IMPROPER OVERTAKING/PASSING,NOT APPLICABLE,0,0,0,0,8,2,12,896,STATE ST,41.837437,-87.5267,12/23/2024 09:59:00 AM,2024
CR00011056,05/20/2019 05:23:00 PM,20,CLEAR,DAYLIGHT,TURNING,DIVIDED - W/MEDIAN BARRIER,TRAFFIC SIGNAL,IMPROPER LANE USAGE,FOLLOWING TOO CLOSELY,0,0,0,0,17,2,5,895,OGDEN AVE,41.786406,-87.772511,05/20/2019 05:59:00 PM,2019
CR00011057,07/06/2021 09:34:00 AM,30,CLEAR,DAYLIGHT,REAR END,NOT DIVIDED,PEDESTRIAN CROSSING SIGN,DISTRACTION - FROM INSIDE VEHICLE,FOLLOWING TOO CLOSELY,0,0,0,0,9,3,7,1186,IRVING PARK RD,41.786377,-87.737471,07/06/2021 09:51:00 AM,2021
CR00011058,05/19/2022 08:52:00 AM,45,CLEAR,DARKNESS,REAR END,FOUR WAY,TRAFFIC SIGNAL,IMPROPER OVERTAKING/PASSING,DISREGARDING TRAFFIC SIGNALS,0,0,2,2,8,5,5,2180,KEDZIE AVE,41.739488,-87.587112,05/19/2022 09:18:00 AM,2022
CR00011059,07/07/2019 04:12:00 PM,15,CLEAR,DARKNESS - LIGHTED ROAD,REAR END,FOUR WAY,TRAFFIC SIGNAL,UNABLE TO DETERMINE,FOLLOWING TOO CLOSELY,0,0,0,0,16,1,7,1612,ROOSEVELT RD,41.859123,-87.734819,07/07/2019 04:20:00 PM,2019
CR00011060,04/27/2021 09:26:00 AM,15,CLEAR,DARKNESS - LIGHTED ROAD,REAR END,T-INTERSECTION,NO CONTROLS,IMPROPER LANE USAGE,FOLLOWING TOO CLOSELY,0,0,0,0,9,3,4,2302,STONY ISLAND AVE,41.92685,-87.736499,04/27/2021 11:22:00 AM,2021
CR00011061,06/05/2015 10:56:00 PM,35,CLEAR,DAYLIGHT,ANGLE,NOT DIVIDED,NO CONTROLS,FOLLOWING TOO CLOSELY,NOT APPLICABLE,0,0,1,1,22,6,6,1854,HALSTED ST,41.712753,-87.797594,06/06/2015 12:34:00 AM,2015
CR00011062,12/26/2024 04:33:00 PM,30,CLEAR,DARKNESS - LIGHTED ROAD,REAR END,DIVIDED - W/MEDIAN (NOT RAISED),NO CONTROLS,IMPROPER LANE USAGE,NOT APPLICABLE,0,0,0,0,16,5,12,1197,HALSTED ST,41.710681,-87.667851,12/26/2024 04:41:00 PM,2024
CR00011063,07/17/2024 06:36:00 PM,30,RAIN,DAWN,ANGLE,T-INTERSECTION,TRAFFIC SIGNAL,UNABLE TO DETERMINE,FAILING TO YIELD RIGHT-OF-WAY,0,0,0,0,18,4,7,1180,FULLERTON AVE,41.819184,-87.640081,07/17/2024 08:30:00 PM,2024
CR00011064,08/15/2021 02:55:00 AM,30,CLEAR,DAYLIGHT,REAR TO FRONT,DIVIDED - W/MEDIAN BARRIER,TRAFFIC SIGNAL,UNABLE TO DETERMINE,IMPROPER LANE USAGE,0,0,0,0,2,1,8,375,CALIFORNIA AVE,41.843211,-87.78631,08/15/2021 04:05:00 AM,2021
CR00011065,04/13/2024 04:32:00 PM,35,CLEAR,DUSK,ANGLE,DIVIDED - W/MEDIAN (NOT RAISED),TRAFFIC SIGNAL,IMPROPER OVERTAKING/PASSING,DRIVING SKILLS/KNOWLEDGE/EXPERIENCE,0,1,1,2,16,7,4,1083,STATE ST,41.799526,-87.8466,04/13/2024 05:07:00 PM,2024
CR00011066,06/05/2019 11:47:00 AM,30,CLEAR,DAYLIGHT,FIXED OBJECT,DIVIDED - W/MEDIAN (NOT RAISED),UNKNOWN,FAILING TO REDUCE SPEED,UNABLE TO DETERMINE,0,0,0,0,11,4,6,189,HALSTED ST,41.854609,-87.817398,06/05/2019 11:55:00 AM,2019
CR00011067,05/28/2015 10:20:00 AM,35,RAIN,DAYLIGHT,REAR END,NOT DIVIDED,STOP SIGN/FLASHER,IMPROPER LANE USAGE,FAILING TO YIELD RIGHT-OF-WAY,0,0,0,0,10,5,5,711,STATE ST,41.731962,-87.826355,05/28/2015 12:16:00 PM,2015
CR00011068,10/22/2023 10:14:00 PM,35,CLEAR,DAYLIGHT,REAR END,DIVIDED - W/MEDIAN (NOT RAISED),STOP SIGN/FLASHER,FAILING TO YIELD RIGHT-OF-WAY,NOT APPLICABLE,0,0,0,0,22,1,10,329,DAMEN AVE,41.847883,-87.634627,10/22/2023 11:10:00 PM,2023
CR00011069,08/01/2024 10:23:00 PM,35,CLOUDY/OVERCAST,DAYLIGHT,ANGLE,NOT DIVIDED,TRAFFIC SIGNAL,IMPROPER LANE USAGE,DISTRACTION - FROM INSIDE VEHICLE,0,0,1,1,22,5,8,1782,DAMEN AVE,41.992988,-87.640326,08/02/2024 12:21:00 AM,2024
CR00011070,08/12/2018 10:26:00 AM,30,CLEAR,DAYLIGHT,ANGLE,NOT DIVIDED,NO CONTROLS,IMPROPER LANE USAGE,FOLLOWING TOO CLOSELY,0,0,0,0,10,1,8,1430,KEDZIE AVE,41.901293,-87.701275,08/12/2018 11:32:00 AM,2018
CR00011071,09/01/2024 02:12:00 PM,40,RAIN,DAYLIGHT,SIDESWIPE SAME DIRECTION,DIVIDED - W/MEDIAN (NOT RAISED),TRAFFIC SIGNAL,DRIVING SKILLS/KNOWLEDGE/EXPERIENCE,IMPROPER OVERTAKING/PASSING,0,0,1,1,14,1,9,966,IRVING PARK RD,41.836367,-87.713718,09/01/2024 03:50:00 PM,2024
CR00011072,07/03/2015 04:45:00 PM,35,CLEAR,DAYLIGHT,REAR TO FRONT,NOT DIVIDED,STOP SIGN/FLASHER,DISREGARDING TRAFFIC SIGNALS,DRIVING SKILLS/KNOWLEDGE/EXPERIENCE,0,0,0,0,16,6,7,1778,CALIFORNIA AVE,41.877427,-87.811976,07/03/2015 06:18:00 PM,2015
CR00011073,04/03/2022 07:21:00 AM,30,CLOUDY/OVERCAST,DARKNESS - LIGHTED ROAD,SIDESWIPE SAME DIRECTION,DIVIDED - W/MEDIAN (NOT RAISED),NO CONTROLS,UNABLE TO DETERMINE,IMPROPER LANE USAGE,0,0,0,0,7,1,4,1637,CICERO AVE,41.924401,-87.612921,04/03/2022 07:49:00 AM,2022
CR00011074,06/22/2024 08:00:00 AM,35,CLEAR,DAYLIGHT,REAR END,NOT DIVIDED,TRAFFIC SIGNAL,UNABLE TO DETERMINE,FAILING TO YIELD RIGHT-OF-WAY,0,0,0,0,8,7,6,1214,WESTERN AVE,41.954182,-87.72116,06/22/2024 08:24:00 AM,2024
CR00011075,08/21/2015 07:21:00 PM,35,CLEAR,DAYLIGHT,PEDESTRIAN,NOT DIVIDED,STOP SIGN/FLASHER,UNABLE TO DETERMINE,UNABLE TO DETERMINE,0,0,1,1,19,6,8,951,WESTERN AVE,41.916101,-87.605817,08/21/2015 08:31:00 PM,2015
CR00011076,06/17/2024 07:15:00 AM,30,CLEAR,DARKNESS - LIGHTED ROAD,SIDESWIPE SAME DIRECTION,ONE-WAY,NO CONTROLS,FOLLOWING TOO CLOSELY,DISTRACTION - FROM INSIDE VEHICLE,0,0,1,1,7,2,6,364,IRVING PARK RD,41.874727,-87.603927,06/17/2024 09:02:00 AM,2024
CR00011077,01/24/2020 07:46:00 PM,25,CLEAR,DAYLIGHT,REAR END,NOT DIVIDED,NO CONTROLS,DISREGARDING TRAFFIC SIGNALS,FAILING TO YIELD RIGHT-OF-WAY,0,0,2,2,19,6,1,1995,ELSTON AVE,41.722201,-87.588896,01/24/2020 08:32:00 PM,2020
CR00011078,04/15/2022 07:39:00 AM,45,FOG/SMOKE/HAZE,DARKNESS,SIDESWIPE SAME DIRECTION,NOT DIVIDED,TRAFFIC SIGNAL,DISREGARDING TRAFFIC SIGNALS,NOT APPLICABLE,0,0,0,0,7,6,4,2065,HALSTED ST,41.731732,-87.513226,04/15/2022 07:44:00 AM,2022
CR00011079,04/06/2023 06:34:00 AM,35,CLEAR,DAYLIGHT,ANGLE,T-INTERSECTION,TRAFFIC SIGNAL,DISTRACTION - FROM INSIDE VEHICLE,FOLLOWING TOO CLOSELY,0,0,0,0,6,5,4,1404,MICHIGAN AVE,41.830878,-87.778556,04/06/2023 08:00:00 AM,2023
CR00011080,07/27/2023 09:37:00 AM,15,SNOW,DAYLIGHT,SIDESWIPE SAME DIRECTION,DIVIDED - W/MEDIAN (NOT RAISED),UNKNOWN,WEATHER,IMPROPER OVERTAKING/PASSING,0,1,3,4,9,5,7,2255,STONY ISLAND AVE,41.795861,-87.81272,07/27/2023 10:57:00 AM,2023
CR00011081,11/30/2019 08:05:00 AM,30,RAIN,DAYLIGHT,REAR END,T-INTERSECTION,PEDESTRIAN CROSSING SIGN,UNABLE TO DETERMINE,UNABLE TO DETERMINE,0,1,0,1,8,7,11,2153,PULASKI RD,41.797092,-87.657339,11/30/2019 09:06:00 AM,2019
CR00011082,08/12/2022 07:52:00 PM,30,CLEAR,DARKNESS - LIGHTED ROAD,ANGLE,DIVIDED - W/MEDIAN BARRIER,NO CONTROLS,FAILING TO REDUCE SPEED,NOT APPLICABLE,0,0,0,0,19,6,8,2050,IRVING PARK RD,41.825042,-87.849431,08/12/2022 09:44:00 PM,2022
CR00011083,08/10/2022 09:45:00 AM,40,CLEAR,DAYLIGHT,REAR END,FOUR WAY,STOP SIGN/FLASHER,UNABLE TO DETERMINE,DRIVING SKILLS/KNOWLEDGE/EXPERIENCE,0,0,3,3,9,4,8,752,MILWAUKEE AVE,41.748606,-87.70663,08/10/2022 10:44:00 AM,2022
CR00011084,10/17/2019 03:24:00 PM,40,SNOW,DAYLIGHT,REAR TO FRONT,DIVIDED - W/MEDIAN (NOT RAISED),TRAFFIC SIGNAL,DISREGARDING TRAFFIC SIGNALS,FOLLOWING TOO CLOSELY,0,0,0,0,15,5,10,1170,79TH ST,41.81242,-87.635893,10/17/2019 04:59:00 PM,2019
CR00011085,07/16/2024 01:23:00 PM,15,SNOW,DAWN,PARKED MOTOR VEHICLE,T-INTERSECTION,NO CONTROLS,FAILING TO REDUCE SPEED,NOT APPLICABLE,0,0,0,0,13,3,7,2064,MILWAUKEE AVE,41.870361,-87.513239,07/16/2024 03:20:00 PM,2024
CR00011086,08/21/2017 05:10:00 PM,35,CLEAR,DARKNESS - LIGHTED ROAD,SIDESWIPE SAME DIRECTION,DIVIDED - W/MEDIAN BARRIER,TRAFFIC SIGNAL,FOLLOWING TOO CLOSELY,DISREGARDING TRAFFIC SIGNALS,0,0,0,0,17,2,8,1487,79TH ST,41.94906,-87.682616,08/21/2017 06:36:00 PM,2017
CR00011087,11/01/2021 02:26:00 PM,25,CLEAR,DAYLIGHT,REAR END,ONE-WAY,TRAFFIC SIGNAL,UNABLE TO DETERMINE,DISTRACTION - FROM INSIDE VEHICLE,0,0,0,0,14,2,11,246,STONY ISLAND AVE,41.874088,-87.655474,11/01/2021 03:01:00 PM,2021
CR00011088,04/26/2018 07:42:00 AM,45,CLEAR,DAYLIGHT,REAR END,NOT DIVIDED,TRAFFIC SIGNAL,UNABLE TO DETERMINE,IMPROPER OVERTAKING/PASSING,0,0,0,0,7,5,4,950,BROADWAY,41.829335,-87.816607,04/26/2018 07:43:00 AM,2018
CR00011089,02/09/2017 03:29:00 PM,15,CLEAR,DAYLIGHT,TURNING,NOT DIVIDED,TRAFFIC SIGNAL,DISTRACTION - FROM INSIDE VEHICLE,FAILING TO YIELD RIGHT-OF-WAY,0,0,1,1,15,5,2,1652,PULASKI RD,41.843377,-87.747422,02/09/2017 03:56:00 PM,2017
CR00011090,10/12/2024 08:00:00 PM,30,CLEAR,DAYLIGHT,SIDESWIPE SAME DIRECTION,DIVIDED - W/MEDIAN BARRIER,NO CONTROLS,IMPROPER LANE USAGE,FAILING TO REDUCE SPEED,0,0,3,3,20,7,10,875,IRVING PARK RD,41.840305,-87.595596,10/12/2024 08:50:00 PM,2024
CR00011091,06/28/2018 08:40:00 PM,40,CLEAR,DAYLIGHT,REAR END,T-INTERSECTION,NO CONTROLS,UNABLE TO DETERMINE,UNABLE TO DETERMINE,0,0,2,2,20,5,6,1596,47TH ST,41.727873,-87.670564,06/28/2018 08:59:00 PM,2018
CR00011092,05/12/2022 01:33:00 AM,40,CLEAR,DAYLIGHT,TURNING,DIVIDED - W/MEDIAN (NOT RAISED),TRAFFIC SIGNAL,UNABLE TO DETERMINE,NOT APPLICABLE,0,0,0,0,1,5,5,154,CALIFORNIA AVE,41.70484,-87.735769,05/12/2022 02:06:00 AM,2022
CR00011093,05/21/2018 09:47:00 PM,35,CLEAR,DARKNESS - LIGHTED ROAD,FIXED OBJECT,ONE-WAY,NO CONTROLS,FOLLOWING TOO CLOSELY,FAILING TO REDUCE SPEED,0,0,0,0,21,2,5,2243,FULLERTON AVE,41.733888,-87.811716,05/21/2018 11:33:00 PM,2018
CR00011094,01/06/2020 11:27:00 AM,25,CLEAR,DARKNESS - LIGHTED ROAD,REAR END,NOT DIVIDED,TRAFFIC SIGNAL,UNABLE TO DETERMINE,FOLLOWING TOO CLOSELY,0,0,1,1,11,2,1,1941,MICHIGAN AVE,41.985806,-87.641478,01/06/2020 01:00:00 PM,2020
CR00011095,02/20/2020 05:04:00 AM,45,CLEAR,DARKNESS - LIGHTED ROAD,PARKED MOTOR VEHICLE,DIVIDED - W/MEDIAN (NOT RAISED),NO CONTROLS,UNABLE TO DETERMINE,FOLLOWING TOO CLOSELY,0,0,0,0,5,5,2,2062,OGDEN AVE,41.725343,-87.619052,02/20/2020 05:25:00 AM,2020
CR00011096,06/01/2017 12:36:00 PM,45,CLEAR,DAWN,TURNING,DIVIDED - W/MEDIAN (NOT RAISED),NO CONTROLS,UNABLE TO DETERMINE,FAILING TO YIELD RIGHT-OF-WAY,0,0,0,0,12,5,6,873,STONY ISLAND AVE,41.779977,-87.600466,06/01/2017 12:43:00 PM,2017
CR00011097,09/29/2022 10:53:00 AM,35,CLOUDY/OVERCAST,DAYLIGHT,REAR END,ONE-WAY,UNKNOWN,IMPROPER OVERTAKING/PASSING,FAILING TO YIELD RIGHT-OF-WAY,0,0,0,0,10,5,9,2443,HALSTED ST,41.989119,-87.81267,09/29/2022 11:36:00 AM,2022
CR00011098,04/23/2022 08:12:00 AM,30,CLEAR,DARKNESS - LIGHTED ROAD,TURNING,NOT DIVIDED,NO CONTROLS,FAILING TO YIELD RIGHT-OF-WAY,WEATHER,0,0,0,0,8,7,4,2299,STATE ST,41.846729,-87.682513,04/23/2022 10:11:00 AM,2022
CR00011099,01/10/2015 04:46:00 PM,30,SNOW,DAYLIGHT,FIXED OBJECT,FOUR WAY,NO CONTROLS,FOLLOWING TOO CLOSELY,FOLLOWING TOO CLOSELY,0,1,1,2,16,7,1,654,ELSTON AVE,41.724417,-87.614316,01/10/2015 05:29:00 PM,2015
CR00011100,01/11/2022 12:18:00 PM,30,CLEAR,DARKNESS - LIGHTED ROAD,REAR END,ONE-WAY,NO CONTROLS,DISREGARDING TRAFFIC SIGNALS,DRIVING SKILLS/KNOWLEDGE/EXPERIENCE,0,0,0,0,12,3,1,745,CALIFORNIA AVE,41.968269,-87.561836,01/11/2022 01:11:00 PM,2022
CR00011101,08/05/2021 11:16:00 AM,35,RAIN,DAYLIGHT,PARKED MOTOR VEHICLE,ONE-WAY,TRAFFIC SIGNAL,UNABLE TO DETERMINE,FAILING TO REDUCE SPEED,0,0,0,0,11,5,8,1471,OGDEN AVE,41.838487,-87.712877,08/05/2021 12:18:00 PM,2021
CR00011102,05/23/2020 04:05:00 PM,40,SNOW,DAYLIGHT,TURNING,NOT DIVIDED,TRAFFIC SIGNAL,IMPROPER LANE USAGE,UNABLE TO DETERMINE,0,0,0,0,16,7,5,716,79TH ST,41.761135,-87.652283,05/23/2020 05:32:00 PM,2020
CR00011103,09/10/2020 02:18:00 AM,45,CLEAR,DARKNESS - LIGHTED ROAD,TURNING,ONE-WAY,UNKNOWN,UNABLE TO DETERMINE,IMPROPER OVERTAKING/PASSING,0,0,0,0,2,5,9,1211,FULLERTON AVE,41.805975,-87.769575,09/10/2020 04:03:00 AM,2020
CR00011104,06/19/2022 11:38:00 AM,35,CLEAR,DARKNESS - LIGHTED ROAD,REAR TO FRONT,NOT DIVIDED,UNKNOWN,UNABLE TO DETERMINE,IMPROPER LANE USAGE,0,2,3,5,11,1,6,1746,KEDZIE AVE,41.962546,-87.753078,06/19/2022 01:12:00 PM,2022
CR00011105,11/01/2017 02:16:00 PM,30,CLEAR,DAYLIGHT,REAR END,NOT DIVIDED,NO CONTROLS,UNABLE TO DETERMINE,UNABLE TO DETERMINE,0,0,1,1,14,4,11,2489,MILWAUKEE AVE,41.710884,-87.81434,11/01/2017 02:31:00 PM,2017
CR00011106,07/21/2022 06:27:00 PM,35,CLEAR,DAYLIGHT,SIDESWIPE SAME DIRECTION,FOUR WAY,NO CONTROLS,UNABLE TO DETERMINE,DRIVING SKILLS/KNOWLEDGE/EXPERIENCE,0,0,0,0,18,5,7,1756,MILWAUKEE AVE,41.747032,-87.705658,07/21/2022 07:29:00 PM,2022
CR00011107,11/07/2019 06:42:00 PM,30,CLEAR,DAYLIGHT,REAR END,NOT DIVIDED,TRAFFIC SIGNAL,IMPROPER OVERTAKING/PASSING,UNABLE TO DETERMINE,0,0,0,0,18,5,11,762,DAMEN AVE,41.765347,-87.559099,11/07/2019 07:50:00 PM,2019
CR00011108,06/18/2017 12:12:00 AM,35,CLEAR,DARKNESS - LIGHTED ROAD,REAR END,DIVIDED - W/MEDIAN BARRIER,TRAFFIC SIGNAL,DRIVING SKILLS/KNOWLEDGE/EXPERIENCE,NOT APPLICABLE,0,0,0,0,0,1,6,1040,ELSTON AVE,41.770484,-87.561045,06/18/2017 12:14:00 AM,2017
CR00011109,06/19/2024 10:40:00 PM,30,CLEAR,DAYLIGHT,REAR END,NOT DIVIDED,TRAFFIC SIGNAL,UNABLE TO DETERMINE,FOLLOWING TOO CLOSELY,0,0,0,0,22,4,6,2353,IRVING PARK RD,41.811752,-87.786711,06/20/2024 12:28:00 AM,2024
CR00011110,05/14/2015 01:34:00 PM,25,CLEAR,DUSK,ANGLE,DIVIDED - W/MEDIAN (NOT RAISED),NO CONTROLS,DISREGARDING TRAFFIC SIGNALS,FOLLOWING TOO CLOSELY,0,0,0,0,13,5,5,1630,DIVISION ST,41.897406,-87.532866,05/14/2015 03:04:00 PM,2015
CR00011111,06/19/2017 05:03:00 PM,35,CLEAR,DAYLIGHT,REAR END,NOT DIVIDED,STOP SIGN/FLASHER,FAILING TO YIELD RIGHT-OF-WAY,FOLLOWING TOO CLOSELY,0,0,0,0,17,2,6,2046,CLARK ST,41.805744,-87.780748,06/19/2017 05:45:00 PM,2017
CR00011112,08/04/2017 06:17:00 PM,30,CLEAR,DAWN,TURNING,NOT DIVIDED,NO CONTROLS,FOLLOWING TOO CLOSELY,FOLLOWING TOO CLOSELY,0,0,0,0,18,6,8,2338,DAMEN AVE,41.733875,-87.687206,08/04/2017 08:09:00 PM,2017
CR00011113,01/22/2024 09:51:00 AM,35,RAIN,DARKNESS - LIGHTED ROAD,ANGLE,NOT DIVIDED,STOP SIGN/FLASHER,DRIVING SKILLS/KNOWLEDGE/EXPERIENCE,IMPROPER OVERTAKING/PASSING,0,0,0,0,9,2,1,1656,STONY ISLAND AVE,41.959408,-87.601009,01/22/2024 10:47:00 AM,2024
CR00011114,08/26/2018 10:02:00 PM,35,RAIN,DAYLIGHT,REAR END,DIVIDED - W/MEDIAN (NOT RAISED),TRAFFIC SIGNAL,UNABLE TO DETERMINE,IMPROPER LANE USAGE,0,0,0,0,22,1,8,102,79TH ST,41.830833,-87.576388,08/26/2018 11:49:00 PM,2018
CR00011115,03/13/2022 03:10:00 PM,35,CLEAR,DUSK,TURNING,DIVIDED - W/MEDIAN (NOT RAISED),NO CONTROLS,FOLLOWING TOO CLOSELY,UNABLE TO DETERMINE,0,0,0,0,15,1,3,1751,KEDZIE AVE,41.745997,-87.719391,03/13/2022 04:25:00 PM,2022
CR00011116,05/13/2021 10:43:00 AM,45,RAIN,DARKNESS - LIGHTED ROAD,PARKED MOTOR VEHICLE,NOT DIVIDED,STOP SIGN/FLASHER,UNABLE TO DETERMINE,IMPROPER LANE USAGE,0,0,0,0,10,5,5,631,BROADWAY,41.73405,-87.715822,05/13/2021 11:39:00 AM,2021