CRASH_RECORD_ID,CRASH_DATE,POSTED_SPEED_LIMIT,WEATHER_CONDITION,LIGHTING_CONDITION,FIRST_CRASH_TYPE,TRAFFICWAY_TYPE,TRAFFIC_CONTROL_DEVICE,PRIM_CONTRIBUTORY_CAUSE,SEC_CONTRIBUTORY_CAUSE,INJURIES_FATAL,INJURIES_INCAPACITATING,INJURIES_NON_INCAPACITATING,INJURIES_TOTAL,CRASH_HOUR,CRASH_DAY_OF_WEEK,CRASH_MONTH,BEAT_OF_OCCURRENCE,STREET_NAME,LATITUDE,LONGITUDE,DATE_POLICE_NOTIFIED,year
CR00011117,01/07/2015 02:52:00 AM,30,RAIN,DAYLIGHT,TURNING,NOT DIVIDED,NO CONTROLS,FAILING TO REDUCE SPEED,UNABLE TO DETERMINE,0,0,0,0,2,4,1,1143,CALIFORNIA AVE,41.930608,-87.565812,01/07/2015 04:49:00 AM,2015
CR00011118,12/23/2016 08:05:00 AM,45,RAIN,DAYLIGHT,ANGLE,NOT DIVIDED,NO CONTROLS,UNABLE TO DETERMINE,IMPROPER LANE USAGE,0,0,2,2,8,6,12,1260,DAMEN AVE,41.952477,-87.812603,12/23/2016 08:08:00 AM,2016
CR00011119,02/24/2016 06:41:00 PM,30,CLEAR,DAYLIGHT,FIXED OBJECT,NOT DIVIDED,TRAFFIC SIGNAL,UNABLE TO DETERMINE,UNABLE TO DETERMINE,0,0,1,1,18,4,2,2256,MILWAUKEE AVE,41.997142,-87.689049,02/24/2016 08:19:00 PM,2016
CR00011120,03/28/2021 02:57:00 PM,45,CLOUDY/OVERCAST,DARKNESS - LIGHTED ROAD,REAR END,NOT DIVIDED,NO CONTROLS,UNABLE TO DETERMINE,DRIVING SKILLS/KNOWLEDGE/EXPERIENCE,0,0,1,1,14,1,3,2475,47TH ST,41.817927,-87.737985,03/28/2021 04:10:00 PM,2021
CR00011121,09/14/2016 07:12:00 PM,45,CLEAR,DARKNESS,REAR TO FRONT,NOT DIVIDED,UNKNOWN,IMPROPER OVERTAKING/PASSING,UNABLE TO DETERMINE,0,0,0,0,19,4,9,792,CICERO AVE,41.915904,-87.600027,09/14/2016 08:19:00 PM,2016
CR00011122,03/11/2017 07:41:00 PM,30,CLEAR,DAYLIGHT,SIDESWIPE SAME DIRECTION,DIVIDED - W/MEDIAN (NOT RAISED),STOP SIGN/FLASHER,UNABLE TO DETERMINE,NOT APPLICABLE,0,0,0,0,19,7,3,528,HALSTED ST,41.855192,-87.743766,03/11/2017 09:15:00 PM,2017
CR00011123,08/14/2023 11:07:00 AM,30,CLEAR,DARKNESS - LIGHTED ROAD,REAR END,NOT DIVIDED,UNKNOWN,WEATHER,NOT APPLICABLE,0,0,0,0,11,2,8,2119,OGDEN AVE,41.842332,-87.563065,08/14/2023 12:43:00 PM,2023
CR00011124,12/16/2017 08:35:00 AM,15,CLEAR,DAYLIGHT,PEDESTRIAN,DIVIDED - W/MEDIAN (NOT RAISED),NO CONTROLS,IMPROPER LANE USAGE,IMPROPER OVERTAKING/PASSING,0,1,1,2,8,7,12,948,MILWAUKEE AVE,41.90688,-87.684923,12/16/2017 09:11:00 AM,2017
CR00011125,12/15/2017 05:05:00 PM,30,CLEAR,DUSK,REAR TO FRONT,DIVIDED - W/MEDIAN (NOT RAISED),TRAFFIC SIGNAL,FAILING TO YIELD RIGHT-OF-WAY,FAILING TO REDUCE SPEED,0,0,0,0,17,6,12,1166,CALIFORNIA AVE,41.703378,-87.739397,12/15/2017 06:35:00 PM,2017
CR00011126,09/11/2021 04:21:00 PM,30,CLEAR,DAYLIGHT,REAR END,NOT DIVIDED,UNKNOWN,IMPROPER OVERTAKING/PASSING,DISREGARDING TRAFFIC SIGNALS,0,0,0,0,16,7,9,1367,LAKE SHORE DR,41.949651,-87.549236,09/11/2021 04:38:00 PM,2021
CR00011127,04/24/2022 01:03:00 AM,30,CLEAR,DARKNESS - LIGHTED ROAD,FIXED OBJECT,NOT DIVIDED,NO CONTROLS,FOLLOWING TOO CLOSELY,IMPROPER OVERTAKING/PASSING,0,0,0,0,1,1,4,1988,KEDZIE AVE,41.811488,-87.590428,04/24/2022 01:22:00 AM,2022
CR00011128,05/30/2020 02:58:00 PM,20,CLEAR,DARKNESS,TURNING,ONE-WAY,YIELD,UNABLE TO DETERMINE,NOT APPLICABLE,0,0,0,0,14,7,5,1654,WESTERN AVE,41.869582,-87.665491,05/30/2020 04:56:00 PM,2020
CR00011129,08/15/2015 11:29:00 PM,35,CLEAR,DAYLIGHT,PARKED MOTOR VEHICLE,NOT DIVIDED,NO CONTROLS,IMPROPER OVERTAKING/PASSING,NOT APPLICABLE,0,0,0,0,23,7,8,162,ARCHER AVE,41.838283,-87.734004,08/16/2015 12:09:00 AM,2015
CR00011130,04/12/2020 12:38:00 PM,35,CLEAR,DAWN,REAR END,ONE-WAY,STOP SIGN/FLASHER,IMPROPER LANE USAGE,UNABLE TO DETERMINE,0,0,0,0,12,1,4,798,MILWAUKEE AVE,41.859944,-87.554108,04/12/2020 02:08:00 PM,2020
CR00011131,02/01/2015 05:43:00 PM,30,CLOUDY/OVERCAST,DAYLIGHT,TURNING,NOT DIVIDED,TRAFFIC SIGNAL,UNABLE TO DETERMINE,IMPROPER OVERTAKING/PASSING,0,0,0,0,17,1,2,645,79TH ST,41.756748,-87.812774,02/01/2015 06:44:00 PM,2015
CR00011132,12/12/2022 11:24:00 AM,25,CLEAR,DAYLIGHT,ANGLE,DIVIDED - W/MEDIAN (NOT RAISED),NO CONTROLS,FAILING TO REDUCE SPEED,UNABLE TO DETERMINE,0,0,0,0,11,2,12,678,IRVING PARK RD,41.766115,-87.84872,12/12/2022 12:05:00 PM,2022
CR00011133,05/25/2022 03:37:00 PM,35,CLEAR,DARKNESS - LIGHTED ROAD,REAR END,DIVIDED - W/MEDIAN (NOT RAISED),TRAFFIC SIGNAL,FAILING TO YIELD RIGHT-OF-WAY,FOLLOWING TOO CLOSELY,0,0,1,1,15,4,5,684,MILWAUKEE AVE,41.720096,-87.794641,05/25/2022 03:45:00 PM,2022
CR00011134,07/02/2017 06:39:00 AM,15,CLEAR,DAYLIGHT,TURNING,NOT DIVIDED,TRAFFIC SIGNAL,DRIVING SKILLS/KNOWLEDGE/EXPERIENCE,IMPROPER OVERTAKING/PASSING,0,1,0,1,6,1,7,1846,ROOSEVELT RD,41.892774,-87.733306,07/02/2017 08:37:00 AM,2017
CR00011135,01/07/2018 08:22:00 PM,30,CLEAR,DAYLIGHT,PARKED MOTOR VEHICLE,NOT DIVIDED,NO CONTROLS,FOLLOWING TOO CLOSELY,FAILING TO REDUCE SPEED,0,0,0,0,20,1,1,1492,ELSTON AVE,41.957336,-87.604382,01/07/2018 10:17:00 PM,2018
CR00011136,03/02/2015 04:15:00 PM,30,CLEAR,DARKNESS - LIGHTED ROAD,REAR END,ONE-WAY,TRAFFIC SIGNAL,UNABLE TO DETERMINE,UNABLE TO DETERMINE,0,0,0,0,16,2,3,1418,OGDEN AVE,41.847926,-87.727193,03/02/2015 06:09:00 PM,2015
CR00011137,08/02/2018 12:55:00 PM,40,RAIN,DARKNESS - LIGHTED ROAD,ANGLE,DIVIDED - W/MEDIAN BARRIER,NO CONTROLS,IMPROPER OVERTAKING/PASSING,UNABLE TO DETERMINE,0,0,0,0,12,5,8,1959,MILWAUKEE AVE,41.702741,-87.622957,08/02/2018 02:19:00 PM,2018
CR00011138,05/30/2020 08:11:00 AM,35,RAIN,DARKNESS - LIGHTED ROAD,REAR TO FRONT,NOT DIVIDED,TRAFFIC SIGNAL,FOLLOWING TOO CLOSELY,FAILING TO YIELD RIGHT-OF-WAY,0,0,0,0,8,7,5,185,STATE ST,41.774184,-87.757376,05/30/2020 09:25:00 AM,2020
CR00011139,11/15/2019 06:56:00 PM,20,RAIN,DAYLIGHT,FIXED OBJECT,NOT DIVIDED,NO CONTROLS,FAILING TO REDUCE SPEED,FAILING TO YIELD RIGHT-OF-WAY,0,0,0,0,18,6,11,1311,ELSTON AVE,41.991011,-87.815863,11/15/2019 07:27:00 PM,2019
CR00011140,04/14/2017 06:40:00 PM,15,CLEAR,DAYLIGHT,FIXED OBJECT,NOT DIVIDED,NO CONTROLS,FOLLOWING TOO CLOSELY,FAILING TO REDUCE SPEED,0,0,0,0,18,6,4,2304,ELSTON AVE,41.849265,-87.664728,04/14/2017 07:26:00 PM,2017
CR00011141,01/20/2024 06:32:00 AM,30,CLEAR,DAYLIGHT,REAR END,ONE-WAY,UNKNOWN,FOLLOWING TOO CLOSELY,NOT APPLICABLE,0,0,0,0,6,7,1,637,ARCHER AVE,41.778123,-87.541696,01/20/2024 06:57:00 AM,2024
CR00011142,08/25/2023 02:32:00 AM,30,CLOUDY/OVERCAST,DAYLIGHT,REAR END,NOT DIVIDED,TRAFFIC SIGNAL,FOLLOWING TOO CLOSELY,FOLLOWING TOO CLOSELY,0,0,0,0,2,6,8,2311,HALSTED ST,41.82403,-87.519002,08/25/2023 02:50:00 AM,2023
CR00011143,01/22/2024 06:52:00 PM,30,CLEAR,DAYLIGHT,PARKED MOTOR VEHICLE,DIVIDED - W/MEDIAN BARRIER,NO CONTROLS,DRIVING SKILLS/KNOWLEDGE/EXPERIENCE,UNABLE TO DETERMINE,0,0,1,1,18,2,1,1415,HALSTED ST,41.906353,-87.687373,01/22/2024 07:18:00 PM,2024
CR00011144,08/20/2016 08:00:00 AM,30,RAIN,DUSK,ANGLE,FOUR WAY,STOP SIGN/FLASHER,DRIVING SKILLS/KNOWLEDGE/EXPERIENCE,DRIVING SKILLS/KNOWLEDGE/EXPERIENCE,0,0,0,0,8,7,8,584,79TH ST,41.849714,-87.568032,08/20/2016 09:53:00 AM,2016
CR00011145,05/19/2017 10:47:00 PM,40,CLEAR,DAYLIGHT,FIXED OBJECT,FOUR WAY,TRAFFIC SIGNAL,FAILING TO YIELD RIGHT-OF-WAY,IMPROPER LANE USAGE,0,0,0,0,22,6,5,181,CLARK ST,41.931003,-87.525857,05/20/2017 12:41:00 AM,2017
CR00011146,01/08/2023 02:36:00 PM,45,CLEAR,DAYLIGHT,PEDESTRIAN,ONE-WAY,NO CONTROLS,FAILING TO YIELD RIGHT-OF-WAY,NOT APPLICABLE,0,0,1,1,14,1,1,1350,KEDZIE AVE,41.79514,-87.848931,01/08/2023 02:40:00 PM,2023
CR00011147,07/20/2018 09:57:00 AM,15,CLOUDY/OVERCAST,DARKNESS - LIGHTED ROAD,TURNING,DIVIDED - W/MEDIAN (NOT RAISED),STOP SIGN/FLASHER,FOLLOWING TOO CLOSELY,UNABLE TO DETERMINE,0,0,0,0,9,6,7,596,DAMEN AVE,41.753852,-87.635947,07/20/2018 10:45:00 AM,2018
CR00011148,03/05/2015 11:01:00 AM,45,CLEAR,DAYLIGHT,REAR END,ONE-WAY,NO CONTROLS,DISREGARDING TRAFFIC SIGNALS,WEATHER,0,0,0,0,11,5,3,2002,FULLERTON AVE,41.898676,-87.563705,03/05/2015 12:15:00 PM,2015
CR00011149,07/03/2019 04:38:00 AM,30,CLEAR,DAYLIGHT,ANGLE,DIVIDED - W/MEDIAN (NOT RAISED),TRAFFIC SIGNAL,UNABLE TO DETERMINE,DISREGARDING TRAFFIC SIGNALS,0,0,0,0,4,4,7,1687,FULLERTON AVE,41.894114,-87.753746,07/03/2019 06:32:00 AM,2019
CR00011150,03/09/2020 08:57:00 AM,45,CLEAR,DAYLIGHT,REAR END,NOT DIVIDED,NO CONTROLS,FAILING TO REDUCE SPEED,NOT APPLICABLE,0,0,0,0,8,2,3,2510,79TH ST,41.868756,-87.517555,03/09/2020 10:15:00 AM,2020
CR00011151,05/02/2024 02:03:00 PM,30,CLEAR,DAWN,REAR TO FRONT,NOT DIVIDED,UNKNOWN,DISTRACTION - FROM INSIDE VEHICLE,IMPROPER LANE USAGE,0,0,0,0,14,5,5,1642,IRVING PARK RD,41.938519,-87.633836,05/02/2024 03:56:00 PM,2024
CR00011152,08/22/2022 10:59:00 PM,30,CLEAR,DAYLIGHT,REAR END,FOUR WAY,UNKNOWN,UNABLE TO DETERMINE,UNABLE TO DETERMINE,0,0,0,0,22,2,8,2201,IRVING PARK RD,41.83085,-87.817005,08/23/2022 12:40:00 AM,2022
CR00011153,02/03/2015 07:38:00 AM,35,CLEAR,DAYLIGHT,ANGLE,DIVIDED - W/MEDIAN BARRIER,STOP SIGN/FLASHER,FAILING TO REDUCE SPEED,UNABLE TO DETERMINE,0,0,0,0,7,3,2,2271,FULLERTON AVE,41.897819,-87.649461,02/03/2015 08:51:00 AM,2015
CR00011154,03/03/2016 07:52:00 AM,40,CLEAR,DAYLIGHT,REAR END,NOT DIVIDED,UNKNOWN,UNABLE TO DETERMINE,FOLLOWING TOO CLOSELY,0,0,0,0,7,5,3,279,MICHIGAN AVE,41.822131,-87.590415,03/03/2016 08:21:00 AM,2016
CR00011155,04/06/2021 09:03:00 AM,40,CLEAR,DARKNESS - LIGHTED ROAD,REAR END,NOT DIVIDED,NO CONTROLS,FAILING TO YIELD RIGHT-OF-WAY,FAILING TO YIELD RIGHT-OF-WAY,0,0,0,0,9,3,4,1285,79TH ST,41.952429,-87.844645,04/06/2021 10:53:00 AM,2021
CR00011156,12/11/2023 08:07:00 AM,40,CLEAR,DAYLIGHT,REAR END,DIVIDED - W/MEDIAN (NOT RAISED),TRAFFIC SIGNAL,DRIVING SKILLS/KNOWLEDGE/EXPERIENCE,NOT APPLICABLE,0,0,0,0,8,2,12,1528,CLARK ST,41.95214,-87.603722,12/11/2023 08:47:00 AM,2023
CR00011157,02/15/2016 10:57:00 AM,30,CLEAR,DARKNESS,FIXED OBJECT,NOT DIVIDED,STOP SIGN/FLASHER,IMPROPER OVERTAKING/PASSING,UNABLE TO DETERMINE,0,0,0,0,10,2,2,106,79TH ST,41.774004,-87.68139,02/15/2016 11:40:00 AM,2016
CR00011158,11/04/2024 08:57:00 AM,30,CLEAR,DAYLIGHT,TURNING,NOT DIVIDED,NO CONTROLS,FAILING TO REDUCE SPEED,UNABLE TO DETERMINE,0,0,1,1,8,2,11,667,79TH ST,41.901962,-87.787907,11/04/2024 09:57:00 AM,2024
CR00011159,01/10/2018 04:59:00 PM,20,RAIN,DARKNESS - LIGHTED ROAD,REAR END,NOT DIVIDED,UNKNOWN,UNABLE TO DETERMINE,UNABLE TO DETERMINE,0,0,0,0,16,4,1,1031,WESTERN AVE,41.995001,-87.609348,01/10/2018 05:32:00 PM,2018
CR00011160,08/09/2019 12:15:00 AM,20,CLEAR,DAYLIGHT,REAR END,FOUR WAY,STOP SIGN/FLASHER,FAILING TO REDUCE SPEED,NOT APPLICABLE,0,0,0,0,0,6,8,211,PULASKI RD,41.944162,-87.697473,08/09/2019 02:08:00 AM,2019
CR00011161,04/02/2015 07:07:00 PM,15,CLEAR,DARKNESS - LIGHTED ROAD,TURNING,DIVIDED - W/MEDIAN (NOT RAISED),NO CONTROLS,IMPROPER LANE USAGE,UNABLE TO DETERMINE,0,0,1,1,19,5,4,670,WESTERN AVE,41.907767,-87.686571,04/02/2015 08:43:00 PM,2015
CR00011162,04/12/2022 11:47:00 AM,40,RAIN,DARKNESS - LIGHTED ROAD,REAR END,ONE-WAY,TRAFFIC SIGNAL,IMPROPER OVERTAKING/PASSING,NOT APPLICABLE,0,0,0,0,11,3,4,2317,CLARK ST,41.763155,-87.824571,04/12/2022 12:11:00 PM,2022
CR00011163,08/13/2017 03:14:00 PM,30,CLEAR,DAYLIGHT,SIDESWIPE SAME DIRECTION,ONE-WAY,NO CONTROLS,DRIVING SKILLS/KNOWLEDGE/EXPERIENCE,IMPROPER OVERTAKING/PASSING,0,0,0,0,15,1,8,1289,HALSTED ST,41.81456,-87.836456,08/13/2017 03:41:00 PM,2017
CR00011164,10/11/2015 10:12:00 AM,30,CLEAR,DARKNESS - LIGHTED ROAD,TURNING,DIVIDED - W/MEDIAN (NOT RAISED),TRAFFIC SIGNAL,IMPROPER OVERTAKING/PASSING,FOLLOWING TOO CLOSELY,0,0,0,0,10,1,10,2388,MILWAUKEE AVE,41.927104,-87.610152,10/11/2015 11:11:00 AM,2015
CR00011165,03/19/2020 09:26:00 AM,45,RAIN,DARKNESS - LIGHTED ROAD,REAR TO FRONT,ONE-WAY,TRAFFIC SIGNAL,UNABLE TO DETERMINE,NOT APPLICABLE,0,0,0,0,9,5,3,310,IRVING PARK RD,41.81212,-87.551682,03/19/2020 10:56:00 AM,2020
CR00011166,11/08/2021 03:18:00 AM,30,SNOW,DAYLIGHT,SIDESWIPE SAME DIRECTION,NOT DIVIDED,UNKNOWN,IMPROPER OVERTAKING/PASSING,DRIVING SKILLS/KNOWLEDGE/EXPERIENCE,0,0,0,0,3,2,11,1114,PULASKI RD,41.873984,-87.667589,11/08/2021 05:01:00 AM,2021
CR00011167,10/22/2021 05:04:00 AM,35,CLEAR,DARKNESS - LIGHTED ROAD,REAR END,T-INTERSECTION,TRAFFIC SIGNAL,UNABLE TO DETERMINE,FAILING TO REDUCE SPEED,0,0,1,1,5,6,10,775,47TH ST,41.757897,-87.62423,10/22/2021 06:27:00 AM,2021
CR00011168,10/12/2022 08:01:00 AM,20,RAIN,DARKNESS - LIGHTED ROAD,PARKED MOTOR VEHICLE,NOT DIVIDED,TRAFFIC SIGNAL,DISREGARDING TRAFFIC SIGNALS,DRIVING SKILLS/KNOWLEDGE/EXPERIENCE,0,0,0,0,8,4,10,566,63RD ST,41.700028,-87.505665,10/12/2022 09:53:00 AM,2022
CR00011169,07/20/2016 11:43:00 AM,30,CLEAR,DARKNESS - LIGHTED ROAD,SIDESWIPE SAME DIRECTION,DIVIDED - W/MEDIAN BARRIER,NO CONTROLS,FOLLOWING TOO CLOSELY,DRIVING SKILLS/KNOWLEDGE/EXPERIENCE,0,2,1,3,11,4,7,769,BROADWAY,41.960664,-87.801242,07/20/2016 12:06:00 PM,2016
CR00011170,01/06/2019 09:27:00 AM,30,CLEAR,DAYLIGHT,TURNING,NOT DIVIDED,NO CONTROLS,IMPROPER OVERTAKING/PASSING,FAILING TO YIELD RIGHT-OF-WAY,0,0,0,0,9,1,1,1762,BROADWAY,41.747662,-87.699126,01/06/2019 10:49:00 AM,2019
CR00011171,11/19/2024 04:52:00 AM,35,CLEAR,DAYLIGHT,ANGLE,NOT DIVIDED,UNKNOWN,FAILING TO REDUCE SPEED,DISREGARDING TRAFFIC SIGNALS,0,0,0,0,4,3,11,1154,WESTERN AVE,41.757393,-87.604505,11/19/2024 05:11:00 AM,2024
CR00011172,07/22/2019 05:59:00 PM,35,CLEAR,DAYLIGHT,TURNING,DIVIDED - W/MEDIAN BARRIER,TRAFFIC SIGNAL,DRIVING SKILLS/KNOWLEDGE/EXPERIENCE,NOT APPLICABLE,0,0,0,0,17,2,7,1287,79TH ST,41.953504,-87.501865,07/22/2019 06:10:00 PM,2019
CR00011173,08/21/2015 04:55:00 PM,35,CLEAR,DAYLIGHT,TURNING,FOUR WAY,TRAFFIC SIGNAL,DRIVING SKILLS/KNOWLEDGE/EXPERIENCE,DRIVING SKILLS/KNOWLEDGE/EXPERIENCE,0,0,1,1,16,6,8,1959,79TH ST,41.955919,-87.563084,08/21/2015 06:30:00 PM,2015
CR00011174,12/11/2020 07:09:00 PM,40,CLEAR,DAYLIGHT,FIXED OBJECT,FOUR WAY,NO CONTROLS,FAILING TO YIELD RIGHT-OF-WAY,IMPROPER LANE USAGE,0,0,0,0,19,6,12,2239,FULLERTON AVE,41.806382,-87.803595,12/11/2020 07:19:00 PM,2020
CR00011175,08/18/2016 09:34:00 AM,15,CLEAR,DAYLIGHT,ANGLE,DIVIDED - W/MEDIAN (NOT RAISED),NO CONTROLS,FAILING TO REDUCE SPEED,IMPROPER OVERTAKING/PASSING,0,0,0,0,9,5,8,387,DIVISION ST,41.771992,-87.788105,08/18/2016 11:08:00 AM,2016
CR00011176,03/10/2015 10:27:00 AM,40,CLEAR,DAYLIGHT,REAR END,NOT DIVIDED,TRAFFIC SIGNAL,FAILING TO YIELD RIGHT-OF-WAY,UNABLE TO DETERMINE,0,0,0,0,10,3,3,1396,CALIFORNIA AVE,41.77705,-87.75199,03/10/2015 11:51:00 AM,2015
CR00011177,03/18/2018 05:33:00 PM,45,CLEAR,DAYLIGHT,REAR END,NOT DIVIDED,UNKNOWN,UNABLE TO DETERMINE,FOLLOWING TOO CLOSELY,0,0,0,0,17,1,3,408,BROADWAY,41.912046,-87.739753,03/18/2018 07:27:00 PM,2018
CR00011178,02/03/2018 10:09:00 AM,35,CLEAR,DARKNESS,ANGLE,DIVIDED - W/MEDIAN BARRIER,NO CONTROLS,FAILING TO YIELD RIGHT-OF-WAY,NOT APPLICABLE,0,0,0,0,10,7,2,995,47TH ST,41.860077,-87.811506,02/03/2018 10:47:00 AM,2018
CR00011179,09/10/2021 09:45:00 AM,30,CLEAR,DAYLIGHT,PEDESTRIAN,T-INTERSECTION,STOP SIGN/FLASHER,DRIVING SKILLS/KNOWLEDGE/EXPERIENCE,DRIVING SKILLS/KNOWLEDGE/EXPERIENCE,0,0,1,1,9,6,9,2253,63RD ST,41.927509,-87.556478,09/10/2021 10:40:00 AM,2021
CR00011180,01/17/2022 12:20:00 AM,20,CLEAR,DARKNESS - LIGHTED ROAD,REAR END,NOT DIVIDED,UNKNOWN,UNABLE TO DETERMINE,UNABLE TO DETERMINE,0,0,0,0,0,2,1,1741,PULASKI RD,41.879455,-87.654508,01/17/2022 12:31:00 AM,2022
CR00011181,05/29/2024 11:05:00 AM,35,CLEAR,DAYLIGHT,REAR END,DIVIDED - W/MEDIAN (NOT RAISED),TRAFFIC SIGNAL,FAILING TO YIELD RIGHT-OF-WAY,UNABLE TO DETERMINE,0,0,0,0,11,4,5,561,63RD ST,41.870275,-87.662386,05/29/2024 11:15:00 AM,2024
CR00011182,12/26/2024 04:18:00 AM,30,CLEAR,DARKNESS - LIGHTED ROAD,SIDESWIPE SAME DIRECTION,T-INTERSECTION,NO CONTROLS,IMPROPER LANE USAGE,DRIVING SKILLS/KNOWLEDGE/EXPERIENCE,0,0,1,1,4,5,12,429,MICHIGAN AVE,41.857085,-87.781672,12/26/2024 05:49:00 AM,2024
CR00011183,05/23/2018 02:54:00 PM,35,CLEAR,DAYLIGHT,ANGLE,DIVIDED - W/MEDIAN (NOT RAISED),STOP SIGN/FLASHER,DISREGARDING TRAFFIC SIGNALS,FAILING TO YIELD RIGHT-OF-WAY,0,0,0,0,14,4,5,260,FULLERTON AVE,41.728027,-87.778253,05/23/2018 03:13:00 PM,2018
CR00011184,12/01/2018 12:21:00 PM,30,FREEZING RAIN/DRIZZLE,DAYLIGHT,ANGLE,ONE-WAY,TRAFFIC SIGNAL,DRIVING SKILLS/KNOWLEDGE/EXPERIENCE,UNABLE TO DETERMINE,0,0,0,0,12,7,12,1513,ROOSEVELT RD,41.723532,-87.502789,12/01/2018 02:18:00 PM,2018
CR00011185,03/19/2023 03:52:00 AM,30,CLEAR,DUSK,TURNING,DIVIDED - W/MEDIAN (NOT RAISED),TRAFFIC SIGNAL,IMPROPER LANE USAGE,UNABLE TO DETERMINE,0,0,0,0,3,1,3,346,OGDEN AVE,41.993433,-87.726369,03/19/2023 04:18:00 AM,2023
CR00011186,06/27/2018 03:05:00 PM,30,FOG/SMOKE/HAZE,DAYLIGHT,REAR END,DIVIDED - W/MEDIAN BARRIER,NO CONTROLS,IMPROPER LANE USAGE,IMPROPER LANE USAGE,0,0,0,0,15,4,6,824,MILWAUKEE AVE,41.989191,-87.687013,06/27/2018 04:57:00 PM,2018
CR00011187,03/30/2022 07:16:00 PM,20,RAIN,DAYLIGHT,REAR END,NOT DIVIDED,NO CONTROLS,FOLLOWING TOO CLOSELY,DRIVING SKILLS/KNOWLEDGE/EXPERIENCE,0,0,1,1,19,4,3,949,DIVISION ST,41.707887,-87.545961,03/30/2022 07:56:00 PM,2022
CR00011188,06/03/2024 02:41:00 PM,25,CLEAR,DAYLIGHT,FIXED OBJECT,FOUR WAY,STOP SIGN/FLASHER,UNABLE TO DETERMINE,UNABLE TO DETERMINE,0,0,0,0,14,2,6,1273,HALSTED ST,41.922492,-87.633363,06/03/2024 02:58:00 PM,2024
CR00011189,03/02/2015 02:01:00 PM,15,CLEAR,DAYLIGHT,SIDESWIPE SAME DIRECTION,DIVIDED - W/MEDIAN BARRIER,STOP SIGN/FLASHER,DRIVING SKILLS/KNOWLEDGE/EXPERIENCE,NOT APPLICABLE,0,0,0,0,14,2,3,995,79TH ST,41.755091,-87.841951,03/02/2015 03:17:00 PM,2015
CR00011190,03/18/2018 07:45:00 AM,30,CLEAR,DAYLIGHT,PARKED MOTOR VEHICLE,NOT DIVIDED,NO CONTROLS,UNABLE TO DETERMINE,FAILING TO YIELD RIGHT-OF-WAY,0,0,0,0,7,1,3,1026,ASHLAND AVE,41.731076,-87.707816,03/18/2018 09:30:00 AM,2018
CR00011191,08/06/2019 06:48:00 PM,20,CLEAR,DAYLIGHT,ANGLE,NOT DIVIDED,TRAFFIC SIGNAL,UNABLE TO DETERMINE,UNABLE TO DETERMINE,0,0,1,1,18,3,8,1404,ASHLAND AVE,41.885088,-87.647482,08/06/2019 08:41:00 PM,2019
CR00011192,07/29/2021 11:36:00 PM,35,RAIN,DAYLIGHT,ANGLE,DIVIDED - W/MEDIAN (NOT RAISED),NO CONTROLS,FAILING TO YIELD RIGHT-OF-WAY,UNABLE TO DETERMINE,0,0,0,0,23,5,7,1679,ROOSEVELT RD,41.974259,-87.749886,07/30/2021 12:16:00 AM,2021
CR00011193,07/08/2024 05:09:00 PM,30,RAIN,DUSK,REAR END,NOT DIVIDED,NO CONTROLS,FOLLOWING TOO CLOSELY,UNABLE TO DETERMINE,0,0,0,0,17,2,7,484,OGDEN AVE,41.972993,-87.56527,07/08/2024 05:30:00 PM,2024
CR00011194,03/22/2016 07:11:00 PM,45,CLEAR,DUSK,PARKED MOTOR VEHICLE,NOT DIVIDED,NO CONTROLS,UNABLE TO DETERMINE,NOT APPLICABLE,0,0,0,0,19,3,3,1212,OGDEN AVE,41.922057,-87.720029,03/22/2016 08:24:00 PM,2016
CR00011195,01/24/2018 06:22:00 AM,15,CLEAR,DAYLIGHT,ANGLE,DIVIDED - W/MEDIAN (NOT RAISED),STOP SIGN/FLASHER,UNABLE TO DETERMINE,NOT APPLICABLE,0,0,0,0,6,4,1,1215,79TH ST,41.968955,-87.78152,01/24/2018 06:23:00 AM,2018
CR00011196,06/20/2023 10:37:00 AM,40,CLEAR,DARKNESS - LIGHTED ROAD,PARKED MOTOR VEHICLE,ONE-WAY,TRAFFIC SIGNAL,UNABLE TO DETERMINE,UNABLE TO DETERMINE,0,0,0,0,10,3,6,1311,HALSTED ST,41.707527,-87.575396,06/20/2023 11:19:00 AM,2023
CR00011197,07/15/2017 04:12:00 PM,15,CLEAR,DAYLIGHT,REAR END,NOT DIVIDED,NO CONTROLS,WEATHER,WEATHER,0,0,0,0,16,7,7,2417,FULLERTON AVE,41.907938,-87.690104,07/15/2017 05:19:00 PM,2017
CR00011198,12/22/2018 06:16:00 AM,35,CLOUDY/OVERCAST,DARKNESS - LIGHTED ROAD,REAR END,DIVIDED - W/MEDIAN BARRIER,NO CONTROLS,UNABLE TO DETERMINE,UNABLE TO DETERMINE,0,0,0,0,6,7,12,2238,ELSTON AVE,41.854655,-87.540249,12/22/2018 07:27:00 AM,2018
CR00011199,10/24/2020 07:26:00 PM,45,CLOUDY/OVERCAST,DAYLIGHT,SIDESWIPE SAME DIRECTION,NOT DIVIDED,UNKNOWN,UNABLE TO DETERMINE,IMPROPER OVERTAKING/PASSING,0,0,0,0,19,7,10,2071,HALSTED ST,41.949357,-87.683956,10/24/2020 07:53:00 PM,2020