CRASH_RECORD_ID,CRASH_DATE,POSTED_SPEED_LIMIT,WEATHER_CONDITION,LIGHTING_CONDITION,FIRST_CRASH_TYPE,TRAFFICWAY_TYPE,TRAFFIC_CONTROL_DEVICE,PRIM_CONTRIBUTORY_CAUSE,SEC_CONTRIBUTORY_CAUSE,INJURIES_FATAL,INJURIES_INCAPACITATING,INJURIES_NON_INCAPACITATING,INJURIES_TOTAL,CRASH_HOUR,CRASH_DAY_OF_WEEK,CRASH_MONTH,BEAT_OF_OCCURRENCE,STREET_NAME,LATITUDE,LONGITUDE,DATE_POLICE_NOTIFIED,year
CR00011200,10/07/2024 04:32:00 AM,35,CLEAR,DAYLIGHT,ANGLE,DIVIDED - W/MEDIAN (NOT RAISED),TRAFFIC SIGNAL,UNABLE TO DETERMINE,NOT APPLICABLE,0,0,0,0,4,2,10,1454,LAKE SHORE DR,41.818449,-87.601262,10/07/2024 06:03:00 AM,2024
CR00011201,10/21/2019 06:02:00 AM,20,CLEAR,DAYLIGHT,SIDESWIPE SAME DIRECTION,DIVIDED - W/MEDIAN BARRIER,NO CONTROLS,UNABLE TO DETERMINE,UNABLE TO DETERMINE,0,0,0,0,6,2,10,2424,47TH ST,41.798871,-87.66252,10/21/2019 06:25:00 AM,2019
CR00011202,11/28/2017 10:35:00 AM,40,RAIN,DAYLIGHT,REAR END,NOT DIVIDED,NO CONTROLS,WEATHER,UNABLE TO DETERMINE,0,0,0,0,10,3,11,591,ROOSEVELT RD,41.90556,-87.784892,11/28/2017 12:02:00 PM,2017
CR00011203,08/20/2023 11:55:00 AM,40,CLEAR,DAYLIGHT,REAR END,DIVIDED - W/MEDIAN (NOT RAISED),STOP SIGN/FLASHER,UNABLE TO DETERMINE,NOT APPLICABLE,0,0,0,0,11,1,8,1301,CLARK ST,41.953847,-87.816006,08/20/2023 12:31:00 PM,2023
CR00011204,07/20/2015 12:04:00 AM,20,CLEAR,DAYLIGHT,REAR END,NOT DIVIDED,NO CONTROLS,UNABLE TO DETERMINE,IMPROPER LANE USAGE,0,0,0,0,0,2,7,728,FULLERTON AVE,41.76319,-87.822359,07/20/2015 01:04:00 AM,2015
CR00011205,12/15/2016 05:27:00 PM,30,CLEAR,DARKNESS - LIGHTED ROAD,SIDESWIPE SAME DIRECTION,ONE-WAY,NO CONTROLS,IMPROPER OVERTAKING/PASSING,UNABLE TO DETERMINE,0,0,1,1,17,5,12,2217,MICHIGAN AVE,41.719081,-87.628989,12/15/2016 07:10:00 PM,2016
CR00011206,05/09/2020 09:24:00 PM,25,CLEAR,DAYLIGHT,PARKED MOTOR VEHICLE,DIVIDED - W/MEDIAN (NOT RAISED),NO CONTROLS,DISREGARDING TRAFFIC SIGNALS,WEATHER,0,0,0,0,21,7,5,1581,FULLERTON AVE,41.986385,-87.599126,05/09/2020 11:21:00 PM,2020
CR00011207,05/01/2022 03:24:00 AM,25,CLEAR,DARKNESS - LIGHTED ROAD,TURNING,ONE-WAY,TRAFFIC SIGNAL,UNABLE TO DETERMINE,NOT APPLICABLE,0,0,0,0,3,1,5,702,PULASKI RD,41.995614,-87.56275,05/01/2022 04:08:00 AM,2022
CR00011208,12/11/2022 04:09:00 PM,20,RAIN,DARKNESS - LIGHTED ROAD,REAR TO FRONT,NOT DIVIDED,YIELD,IMPROPER OVERTAKING/PASSING,UNABLE TO DETERMINE,0,0,0,0,16,1,12,2315,PULASKI RD,41.814347,-87.573941,12/11/2022 04:45:00 PM,2022
CR00011209,07/20/2018 03:50:00 PM,40,CLEAR,DAYLIGHT,ANGLE,ONE-WAY,NO CONTROLS,IMPROPER LANE USAGE,IMPROPER LANE USAGE,0,0,0,0,15,6,7,336,79TH ST,41.915036,-87.694605,07/20/2018 05:41:00 PM,2018
CR00011210,03/20/2021 09:55:00 AM,25,CLEAR,DARKNESS,PARKED MOTOR VEHICLE,NOT DIVIDED,STOP SIGN/FLASHER,IMPROPER OVERTAKING/PASSING,FOLLOWING TOO CLOSELY,0,0,0,0,9,7,3,1425,STONY ISLAND AVE,41.741802,-87.758006,03/20/2021 10:01:00 AM,2021
CR00011211,08/28/2015 06:42:00 PM,30,CLEAR,DARKNESS - LIGHTED ROAD,REAR END,NOT DIVIDED,STOP SIGN/FLASHER,UNABLE TO DETERMINE,DRIVING SKILLS/KNOWLEDGE/EXPERIENCE,0,0,0,0,18,6,8,2419,IRVING PARK RD,41.8156,-87.652348,08/28/2015 07:50:00 PM,2015
CR00011212,07/28/2016 07:52:00 AM,25,CLEAR,DARKNESS - LIGHTED ROAD,SIDESWIPE SAME DIRECTION,DIVIDED - W/MEDIAN (NOT RAISED),STOP SIGN/FLASHER,UNABLE TO DETERMINE,FOLLOWING TOO CLOSELY,0,0,0,0,7,5,7,1178,BROADWAY,41.873863,-87.592394,07/28/2016 09:04:00 AM,2016
CR00011213,03/06/2021 07:34:00 PM,40,CLEAR,DAYLIGHT,TURNING,NOT DIVIDED,TRAFFIC SIGNAL,FAILING TO YIELD RIGHT-OF-WAY,FAILING TO YIELD RIGHT-OF-WAY,0,0,0,0,19,7,3,1478,STONY ISLAND AVE,41.925759,-87.514486,03/06/2021 08:27:00 PM,2021
CR00011214,02/27/2016 01:12:00 AM,35,CLEAR,DAYLIGHT,REAR END,NOT DIVIDED,STOP SIGN/FLASHER,FOLLOWING TOO CLOSELY,NOT APPLICABLE,0,0,0,0,1,7,2,2107,KEDZIE AVE,41.784584,-87.50031,02/27/2016 01:25:00 AM,2016
CR00011215,01/25/2017 05:23:00 PM,30,CLEAR,DAYLIGHT,REAR END,FOUR WAY,NO CONTROLS,UNABLE TO DETERMINE,DRIVING SKILLS/KNOWLEDGE/EXPERIENCE,0,0,0,0,17,4,1,724,DIVISION ST,41.868267,-87.620044,01/25/2017 06:23:00 PM,2017
CR00011216,01/01/2023 08:33:00 AM,30,CLEAR,DAYLIGHT,PEDESTRIAN,ONE-WAY,NO CONTROLS,DISTRACTION - FROM INSIDE VEHICLE,IMPROPER OVERTAKING/PASSING,0,0,0,0,8,1,1,1312,IRVING PARK RD,41.76175,-87.834285,01/01/2023 09:38:00 AM,2023
CR00011217,04/08/2022 07:59:00 AM,25,RAIN,DAYLIGHT,PARKED MOTOR VEHICLE,T-INTERSECTION,NO CONTROLS,UNABLE TO DETERMINE,FAILING TO YIELD RIGHT-OF-WAY,0,0,0,0,7,6,4,361,IRVING PARK RD,41.767932,-87.718911,04/08/2022 09:32:00 AM,2022
CR00011218,10/12/2023 07:10:00 PM,15,CLEAR,DARKNESS - LIGHTED ROAD,TURNING,T-INTERSECTION,NO CONTROLS,IMPROPER LANE USAGE,IMPROPER OVERTAKING/PASSING,0,0,0,0,19,5,10,1453,FULLERTON AVE,41.890557,-87.605835,10/12/2023 08:36:00 PM,2023
CR00011219,05/11/2019 02:03:00 PM,35,CLEAR,DARKNESS - LIGHTED ROAD,SIDESWIPE SAME DIRECTION,DIVIDED - W/MEDIAN BARRIER,STOP SIGN/FLASHER,DISREGARDING TRAFFIC SIGNALS,DISREGARDING TRAFFIC SIGNALS,0,0,0,0,14,7,5,306,CLARK ST,41.965428,-87.59104,05/11/2019 02:55:00 PM,2019
CR00011220,12/17/2021 10:02:00 AM,40,RAIN,DAYLIGHT,REAR TO FRONT,DIVIDED - W/MEDIAN (NOT RAISED),NO CONTROLS,DRIVING SKILLS/KNOWLEDGE/EXPERIENCE,NOT APPLICABLE,0,0,0,0,10,6,12,2093,OGDEN AVE,41.783721,-87.575412,12/17/2021 10:25:00 AM,2021
CR00011221,01/06/2015 03:36:00 PM,35,CLEAR,DAYLIGHT,SIDESWIPE SAME DIRECTION,FOUR WAY,NO CONTROLS,WEATHER,UNABLE TO DETERMINE,0,0,0,0,15,3,1,1203,CALIFORNIA AVE,41.734995,-87.821005,01/06/2015 04:18:00 PM,2015
CR00011222,01/25/2021 07:42:00 AM,35,CLEAR,DARKNESS - LIGHTED ROAD,REAR END,DIVIDED - W/MEDIAN (NOT RAISED),TRAFFIC SIGNAL,FAILING TO YIELD RIGHT-OF-WAY,DRIVING SKILLS/KNOWLEDGE/EXPERIENCE,0,0,0,0,7,2,1,2257,IRVING PARK RD,41.949778,-87.70153,01/25/2021 09:16:00 AM,2021
CR00011223,09/29/2018 01:27:00 AM,30,CLEAR,DAYLIGHT,TURNING,ONE-WAY,UNKNOWN,DRIVING SKILLS/KNOWLEDGE/EXPERIENCE,FOLLOWING TOO CLOSELY,0,0,0,0,1,7,9,2029,IRVING PARK RD,41.95967,-87.831284,09/29/2018 01:42:00 AM,2018
CR00011224,02/07/2019 07:14:00 PM,20,CLOUDY/OVERCAST,DAYLIGHT,REAR END,FOUR WAY,NO CONTROLS,FAILING TO YIELD RIGHT-OF-WAY,UNABLE TO DETERMINE,0,0,0,0,19,5,2,276,OGDEN AVE,41.955989,-87.839241,02/07/2019 09:14:00 PM,2019
CR00011225,12/14/2019 11:41:00 AM,35,CLEAR,DARKNESS - LIGHTED ROAD,REAR END,NOT DIVIDED,NO CONTROLS,DRIVING SKILLS/KNOWLEDGE/EXPERIENCE,WEATHER,0,0,0,0,11,7,12,1077,ASHLAND AVE,41.893169,-87.680541,12/14/2019 12:36:00 PM,2019
CR00011226,08/15/2015 03:28:00 PM,40,CLEAR,DARKNESS,REAR END,DIVIDED - W/MEDIAN (NOT RAISED),NO CONTROLS,UNABLE TO DETERMINE,UNABLE TO DETERMINE,0,0,0,0,15,7,8,272,DAMEN AVE,41.974457,-87.82061,08/15/2015 05:18:00 PM,2015
CR00011227,05/06/2024 11:56:00 AM,45,CLEAR,DAYLIGHT,REAR END,NOT DIVIDED,STOP SIGN/FLASHER,DRIVING SKILLS/KNOWLEDGE/EXPERIENCE,DRIVING SKILLS/KNOWLEDGE/EXPERIENCE,0,0,1,1,11,2,5,2219,CLARK ST,41.815575,-87.632309,05/06/2024 01:15:00 PM,2024
CR00011228,06/04/2016 12:20:00 AM,35,FOG/SMOKE/HAZE,DARKNESS - LIGHTED ROAD,TURNING,DIVIDED - W/MEDIAN (NOT RAISED),NO CONTROLS,DISTRACTION - FROM INSIDE VEHICLE,UNABLE TO DETERMINE,0,0,0,0,0,7,6,1322,CLARK ST,41.922076,-87.650711,06/04/2016 12:47:00 AM,2016
CR00011229,09/22/2023 05:20:00 PM,20,CLEAR,DARKNESS - LIGHTED ROAD,FIXED OBJECT,DIVIDED - W/MEDIAN (NOT RAISED),NO CONTROLS,FAILING TO REDUCE SPEED,NOT APPLICABLE,0,0,1,1,17,6,9,2466,ASHLAND AVE,41.753658,-87.508166,09/22/2023 06:19:00 PM,2023
CR00011230,06/03/2018 01:22:00 PM,30,CLEAR,DARKNESS - LIGHTED ROAD,FIXED OBJECT,NOT DIVIDED,PEDESTRIAN CROSSING SIGN,FAILING TO YIELD RIGHT-OF-WAY,NOT APPLICABLE,0,0,0,0,13,1,6,711,ELSTON AVE,41.888493,-87.799521,06/03/2018 01:28:00 PM,2018
CR00011231,06/24/2019 11:13:00 AM,40,CLEAR,DAYLIGHT,REAR END,DIVIDED - W/MEDIAN BARRIER,STOP SIGN/FLASHER,WEATHER,FAILING TO REDUCE SPEED,0,0,0,0,11,2,6,1848,ASHLAND AVE,41.946127,-87.745189,06/24/2019 11:23:00 AM,2019
CR00011232,06/11/2019 05:27:00 PM,20,CLEAR,DARKNESS - LIGHTED ROAD,TURNING,DIVIDED - W/MEDIAN (NOT RAISED),TRAFFIC SIGNAL,FOLLOWING TOO CLOSELY,DRIVING SKILLS/KNOWLEDGE/EXPERIENCE,0,0,1,1,17,3,6,2311,CALIFORNIA AVE,41.741352,-87.554253,06/11/2019 06:24:00 PM,2019
CR00011233,06/22/2018 10:33:00 AM,40,CLEAR,DUSK,PARKED MOTOR VEHICLE,DIVIDED - W/MEDIAN BARRIER,STOP SIGN/FLASHER,FAILING TO YIELD RIGHT-OF-WAY,DRIVING SKILLS/KNOWLEDGE/EXPERIENCE,0,0,0,0,10,6,6,1211,PULASKI RD,41.822403,-87.753704,06/22/2018 10:51:00 AM,2018
CR00011234,02/20/2024 07:28:00 AM,20,CLOUDY/OVERCAST,DAYLIGHT,ANGLE,NOT DIVIDED,NO CONTROLS,UNABLE TO DETERMINE,FAILING TO YIELD RIGHT-OF-WAY,0,0,0,0,7,3,2,1477,CICERO AVE,41.861343,-87.781636,02/20/2024 08:37:00 AM,2024
CR00011235,05/04/2023 02:49:00 PM,35,RAIN,DAYLIGHT,PARKED MOTOR VEHICLE,NOT DIVIDED,TRAFFIC SIGNAL,IMPROPER OVERTAKING/PASSING,DISREGARDING TRAFFIC SIGNALS,0,0,0,0,14,5,5,1438,DAMEN AVE,41.88676,-87.750103,05/04/2023 04:43:00 PM,2023
CR00011236,08/19/2015 11:34:00 AM,25,CLEAR,DUSK,ANGLE,NOT DIVIDED,NO CONTROLS,IMPROPER OVERTAKING/PASSING,FAILING TO YIELD RIGHT-OF-WAY,0,0,1,1,11,4,8,317,ARCHER AVE,41.869227,-87.735536,08/19/2015 01:02:00 PM,2015
CR00011237,09/23/2020 12:19:00 PM,30,CLEAR,DAYLIGHT,TURNING,NOT DIVIDED,TRAFFIC SIGNAL,UNABLE TO DETERMINE,IMPROPER OVERTAKING/PASSING,0,0,0,0,12,4,9,545,CLARK ST,41.781633,-87.806795,09/23/2020 01:02:00 PM,2020
CR00011238,01/17/2016 06:17:00 PM,30,CLEAR,DAYLIGHT,PARKED MOTOR VEHICLE,NOT DIVIDED,STOP SIGN/FLASHER,UNABLE TO DETERMINE,NOT APPLICABLE,0,1,3,4,18,1,1,1129,HALSTED ST,41.837111,-87.710385,01/17/2016 08:15:00 PM,2016
CR00011239,11/08/2017 05:09:00 PM,30,CLEAR,DAYLIGHT,ANGLE,ONE-WAY,NO CONTROLS,DISTRACTION - FROM INSIDE VEHICLE,FAILING TO YIELD RIGHT-OF-WAY,0,0,0,0,17,4,11,150,ASHLAND AVE,41.812443,-87.833344,11/08/2017 06:51:00 PM,2017
CR00011240,11/03/2018 04:09:00 PM,45,CLEAR,DARKNESS - LIGHTED ROAD,TURNING,NOT DIVIDED,YIELD,FOLLOWING TOO CLOSELY,UNABLE TO DETERMINE,0,0,0,0,16,7,11,838,MILWAUKEE AVE,41.922819,-87.731761,11/03/2018 05:24:00 PM,2018
CR00011241,04/29/2023 12:42:00 PM,35,CLEAR,DAYLIGHT,PARKED MOTOR VEHICLE,NOT DIVIDED,NO CONTROLS,FAILING TO REDUCE SPEED,UNABLE TO DETERMINE,0,0,0,0,12,7,4,1549,PULASKI RD,41.742181,-87.811955,04/29/2023 02:35:00 PM,2023
CR00011242,11/17/2020 11:48:00 AM,35,CLEAR,DARKNESS - LIGHTED ROAD,SIDESWIPE SAME DIRECTION,NOT DIVIDED,NO CONTROLS,UNABLE TO DETERMINE,WEATHER,0,0,1,1,11,3,11,241,KEDZIE AVE,41.926821,-87.53457,11/17/2020 01:38:00 PM,2020
CR00011243,03/13/2015 08:56:00 AM,25,RAIN,DUSK,PARKED MOTOR VEHICLE,DIVIDED - W/MEDIAN (NOT RAISED),UNKNOWN,DRIVING SKILLS/KNOWLEDGE/EXPERIENCE,FOLLOWING TOO CLOSELY,0,0,0,0,8,6,3,1276,CALIFORNIA AVE,41.975533,-87.800468,03/13/2015 10:39:00 AM,2015
CR00011244,01/02/2015 11:35:00 AM,35,CLOUDY/OVERCAST,DUSK,REAR END,FOUR WAY,NO CONTROLS,UNABLE TO DETERMINE,NOT APPLICABLE,0,0,0,0,11,6,1,2364,63RD ST,41.923279,-87.658761,01/02/2015 11:43:00 AM,2015
CR00011245,01/15/2020 04:34:00 PM,15,CLEAR,DAYLIGHT,PARKED MOTOR VEHICLE,NOT DIVIDED,TRAFFIC SIGNAL,UNABLE TO DETERMINE,FOLLOWING TOO CLOSELY,0,0,0,0,16,4,1,1396,DIVISION ST,41.855946,-87.629893,01/15/2020 05:21:00 PM,2020
CR00011246,05/13/2016 08:03:00 AM,25,CLEAR,DAYLIGHT,PARKED MOTOR VEHICLE,ONE-WAY,UNKNOWN,WEATHER,FOLLOWING TOO CLOSELY,0,0,0,0,8,6,5,2461,CICERO AVE,41.823221,-87.55752,05/13/2016 09:21:00 AM,2016
CR00011247,08/17/2017 12:31:00 PM,35,CLEAR,DUSK,REAR END,NOT DIVIDED,NO CONTROLS,FOLLOWING TOO CLOSELY,NOT APPLICABLE,0,0,0,0,12,5,8,2049,CALIFORNIA AVE,41.781141,-87.710608,08/17/2017 01:56:00 PM,2017
CR00011248,05/25/2017 08:11:00 PM,30,SNOW,DAYLIGHT,TURNING,NOT DIVIDED,NO CONTROLS,FAILING TO REDUCE SPEED,NOT APPLICABLE,0,0,0,0,20,5,5,669,CICERO AVE,41.815248,-87.746898,05/25/2017 08:31:00 PM,2017
CR00011249,07/12/2019 07:27:00 AM,40,RAIN,DAYLIGHT,PARKED MOTOR VEHICLE,DIVIDED - W/MEDIAN (NOT RAISED),NO CONTROLS,DRIVING SKILLS/KNOWLEDGE/EXPERIENCE,UNABLE TO DETERMINE,0,0,0,0,7,6,7,1340,47TH ST,41.918644,-87.831873,07/12/2019 08:30:00 AM,2019
CR00011250,02/04/2021 01:00:00 PM,45,RAIN,DUSK,ANGLE,FOUR WAY,STOP SIGN/FLASHER,FAILING TO YIELD RIGHT-OF-WAY,NOT APPLICABLE,0,1,2,3,13,5,2,681,WESTERN AVE,41.799029,-87.504546,02/04/2021 02:26:00 PM,2021
CR00011251,02/25/2015 03:21:00 PM,30,RAIN,DAYLIGHT,REAR END,DIVIDED - W/MEDIAN (NOT RAISED),STOP SIGN/FLASHER,IMPROPER LANE USAGE,UNABLE TO DETERMINE,0,0,0,0,15,4,2,2014,79TH ST,41.745642,-87.612356,02/25/2015 04:34:00 PM,2015
CR00011252,05/21/2022 10:23:00 AM,35,CLEAR,DAYLIGHT,PARKED MOTOR VEHICLE,DIVIDED - W/MEDIAN BARRIER,NO CONTROLS,UNABLE TO DETERMINE,UNABLE TO DETERMINE,0,0,0,0,10,7,5,482,CICERO AVE,41.913805,-87.608359,05/21/2022 10:32:00 AM,2022
CR00011253,09/17/2017 07:48:00 PM,40,FOG/SMOKE/HAZE,DAYLIGHT,PEDESTRIAN,NOT DIVIDED,TRAFFIC SIGNAL,UNABLE TO DETERMINE,UNABLE TO DETERMINE,0,0,2,2,19,1,9,2211,MICHIGAN AVE,41.903142,-87.845902,09/17/2017 07:59:00 PM,2017
CR00011254,01/19/2021 01:33:00 PM,25,CLEAR,DAYLIGHT,REAR TO FRONT,NOT DIVIDED,TRAFFIC SIGNAL,UNABLE TO DETERMINE,FAILING TO YIELD RIGHT-OF-WAY,0,0,3,3,13,3,1,2239,ASHLAND AVE,41.869351,-87.781234,01/19/2021 03:04:00 PM,2021
CR00011255,02/25/2019 04:54:00 PM,15,CLEAR,DARKNESS,SIDESWIPE SAME DIRECTION,ONE-WAY,NO CONTROLS,DISTRACTION - FROM INSIDE VEHICLE,NOT APPLICABLE,0,0,0,0,16,2,2,1025,STATE ST,41.885357,-87.728138,02/25/2019 05:51:00 PM,2019
CR00011256,04/06/2019 05:38:00 AM,35,CLEAR,DAYLIGHT,REAR END,ONE-WAY,TRAFFIC SIGNAL,UNABLE TO DETERMINE,DISREGARDING TRAFFIC SIGNALS,0,0,0,0,5,7,4,1486,ELSTON AVE,41.703972,-87.650316,04/06/2019 06:52:00 AM,2019
CR00011257,04/30/2017 11:48:00 PM,30,FREEZING RAIN/DRIZZLE,DAYLIGHT,PARKED MOTOR VEHICLE,NOT DIVIDED,STOP SIGN/FLASHER,DISTRACTION - FROM INSIDE VEHICLE,NOT APPLICABLE,0,0,0,0,23,1,4,1998,79TH ST,41.802052,-87.68405,05/01/2017 12:55:00 AM,2017
CR00011258,04/21/2020 03:20:00 PM,40,CLEAR,DAYLIGHT,REAR END,NOT DIVIDED,STOP SIGN/FLASHER,UNABLE TO DETERMINE,FAILING TO YIELD RIGHT-OF-WAY,0,0,0,0,15,3,4,595,ARCHER AVE,41.700544,-87.6214,04/21/2020 03:56:00 PM,2020
CR00011259,04/10/2016 08:46:00 PM,45,CLEAR,DARKNESS,PEDESTRIAN,ONE-WAY,STOP SIGN/FLASHER,UNABLE TO DETERMINE,NOT APPLICABLE,0,0,1,1,20,1,4,1003,CLARK ST,41.861616,-87.772512,04/10/2016 10:31:00 PM,2016
CR00011260,08/24/2024 11:36:00 AM,45,FREEZING RAIN/DRIZZLE,DAYLIGHT,REAR END,NOT DIVIDED,NO CONTROLS,UNABLE TO DETERMINE,IMPROPER OVERTAKING/PASSING,0,0,0,0,11,7,8,2105,CICERO AVE,41.834495,-87.673921,08/24/2024 11:55:00 AM,2024
CR00011261,11/29/2024 06:02:00 PM,30,CLOUDY/OVERCAST,DAYLIGHT,TURNING,ONE-WAY,NO CONTROLS,UNABLE TO DETERMINE,NOT APPLICABLE,0,0,0,0,18,6,11,178,IRVING PARK RD,41.898844,-87.689501,11/29/2024 06:44:00 PM,2024
CR00011262,03/05/2020 03:34:00 PM,35,CLEAR,DAYLIGHT,PARKED MOTOR VEHICLE,ONE-WAY,PEDESTRIAN CROSSING SIGN,DRIVING SKILLS/KNOWLEDGE/EXPERIENCE,FOLLOWING TOO CLOSELY,0,0,0,0,15,5,3,834,ARCHER AVE,41.925221,-87.639805,03/05/2020 04:29:00 PM,2020
CR00011263,08/24/2015 08:56:00 PM,45,FREEZING RAIN/DRIZZLE,DAYLIGHT,PARKED MOTOR VEHICLE,ONE-WAY,NO CONTROLS,FOLLOWING TOO CLOSELY,NOT APPLICABLE,0,0,0,0,20,2,8,546,DAMEN AVE,41.780402,-87.837857,08/24/2015 09:31:00 PM,2015
CR00011264,08/24/2020 02:32:00 PM,45,CLEAR,DARKNESS - LIGHTED ROAD,PARKED MOTOR VEHICLE,DIVIDED - W/MEDIAN BARRIER,NO CONTROLS,FOLLOWING TOO CLOSELY,UNABLE TO DETERMINE,0,0,0,0,14,2,8,1768,ROOSEVELT RD,41.956687,-87.763412,08/24/2020 03:21:00 PM,2020
CR00011265,11/21/2022 01:17:00 AM,30,CLEAR,DARKNESS - LIGHTED ROAD,PARKED MOTOR VEHICLE,FOUR WAY,UNKNOWN,IMPROPER LANE USAGE,WEATHER,0,0,0,0,1,2,11,2307,LAKE SHORE DR,41.736924,-87.836871,11/21/2022 02:56:00 AM,2022
CR00011266,08/01/2016 03:00:00 PM,25,CLEAR,DAYLIGHT,ANGLE,DIVIDED - W/MEDIAN (NOT RAISED),STOP SIGN/FLASHER,UNABLE TO DETERMINE,FAILING TO YIELD RIGHT-OF-WAY,0,0,3,3,15,2,8,2422,STONY ISLAND AVE,41.824787,-87.833229,08/01/2016 03:31:00 PM,2016
CR00011267,06/14/2018 11:30:00 PM,35,CLEAR,DAWN,REAR END,NOT DIVIDED,NO CONTROLS,UNABLE TO DETERMINE,IMPROPER OVERTAKING/PASSING,0,0,0,0,23,5,6,1256,MICHIGAN AVE,41.855789,-87.669092,06/14/2018 11:31:00 PM,2018
CR00011268,01/01/2022 11:21:00 AM,30,CLEAR,DARKNESS - LIGHTED ROAD,PARKED MOTOR VEHICLE,DIVIDED - W/MEDIAN (NOT RAISED),TRAFFIC SIGNAL,UNABLE TO DETERMINE,UNABLE TO DETERMINE,0,0,0,0,11,7,1,2222,CICERO AVE,41.940023,-87.610621,01/01/2022 11:35:00 AM,2022
CR00011269,07/21/2019 06:03:00 AM,20,SNOW,DAYLIGHT,SIDESWIPE SAME DIRECTION,ONE-WAY,NO CONTROLS,WEATHER,NOT APPLICABLE,0,0,1,1,6,1,7,1434,CICERO AVE,41.911281,-87.639001,07/21/2019 07:11:00 AM,2019
CR00011270,07/19/2022 06:46:00 PM,25,CLEAR,DAYLIGHT,PEDESTRIAN,FOUR WAY,TRAFFIC SIGNAL,DRIVING SKILLS/KNOWLEDGE/EXPERIENCE,NOT APPLICABLE,0,0,0,0,18,3,7,2432,HALSTED ST,41.793414,-87.579498,07/19/2022 07:08:00 PM,2022
CR00011271,02/04/2017 04:46:00 PM,25,CLEAR,DAYLIGHT,REAR END,NOT DIVIDED,STOP SIGN/FLASHER,FOLLOWING TOO CLOSELY,DISTRACTION - FROM INSIDE VEHICLE,0,0,0,0,16,7,2,634,CLARK ST,41.702225,-87.703417,02/04/2017 05:54:00 PM,2017
CR00011272,02/26/2016 08:36:00 AM,30,CLEAR,DARKNESS,PEDESTRIAN,NOT DIVIDED,TRAFFIC SIGNAL,FAILING TO REDUCE SPEED,DISREGARDING TRAFFIC SIGNALS,0,0,0,0,8,6,2,1887,PULASKI RD,41.849891,-87.543845,02/26/2016 10:10:00 AM,2016
CR00011273,06/09/2020 03:06:00 PM,35,CLEAR,DARKNESS - LIGHTED ROAD,REAR TO FRONT,ONE-WAY,STOP SIGN/FLASHER,UNABLE TO DETERMINE,FAILING TO YIELD RIGHT-OF-WAY,0,0,0,0,15,3,6,2065,WESTERN AVE,41.736593,-87.638123,06/09/2020 03:57:00 PM,2020
CR00011274,12/12/2017 02:29:00 AM,35,CLEAR,DARKNESS - LIGHTED ROAD,PEDESTRIAN,ONE-WAY,NO CONTROLS,UNABLE TO DETERMINE,DRIVING SKILLS/KNOWLEDGE/EXPERIENCE,0,0,0,0,2,3,12,1094,MILWAUKEE AVE,41.936193,-87.509993,12/12/2017 03:59:00 AM,2017
CR00011275,12/14/2016 08:10:00 PM,35,CLEAR,DARKNESS - LIGHTED ROAD,SIDESWIPE SAME DIRECTION,ONE-WAY,STOP SIGN/FLASHER,UNABLE TO DETERMINE,NOT APPLICABLE,0,0,0,0,20,4,12,1358,ROOSEVELT RD,41.876549,-87.811152,12/14/2016 08:16:00 PM,2016
CR00011276,03/23/2023 01:43:00 AM,15,CLEAR,DUSK,REAR END,T-INTERSECTION,TRAFFIC SIGNAL,UNABLE TO DETERMINE,DISTRACTION - FROM INSIDE VEHICLE,0,0,0,0,1,5,3,2523,OGDEN AVE,41.755764,-87.697085,03/23/2023 02:03:00 AM,2023
CR00011277,01/03/2017 02:51:00 PM,30,CLOUDY/OVERCAST,DAYLIGHT,FIXED OBJECT,ONE-WAY,UNKNOWN,DISREGARDING TRAFFIC SIGNALS,DRIVING SKILLS/KNOWLEDGE/EXPERIENCE,0,0,0,0,14,3,1,1647,OGDEN AVE,41.836085,-87.634772,01/03/2017 02:52:00 PM,2017
CR00011278,10/02/2024 08:15:00 AM,35,CLEAR,DAYLIGHT,REAR END,DIVIDED - W/MEDIAN BARRIER,NO CONTROLS,UNABLE TO DETERMINE,FAILING TO YIELD RIGHT-OF-WAY,0,0,0,0,8,4,10,1917,79TH ST,41.791393,-87.710258,10/02/2024 09:31:00 AM,2024
CR00011279,05/19/2020 04:35:00 PM,20,CLOUDY/OVERCAST,DARKNESS - LIGHTED ROAD,REAR END,DIVIDED - W/MEDIAN BARRIER,UNKNOWN,FAILING TO YIELD RIGHT-OF-WAY,FOLLOWING TOO CLOSELY,0,0,0,0,16,3,5,1248,PULASKI RD,41.963754,-87.591674,05/19/2020 06:17:00 PM,2020
CR00011280,05/31/2021 09:32:00 AM,30,CLEAR,DAYLIGHT,PARKED MOTOR VEHICLE,DIVIDED - W/MEDIAN (NOT RAISED),STOP SIGN/FLASHER,IMPROPER LANE USAGE,FAILING TO YIELD RIGHT-OF-WAY,0,0,0,0,9,2,5,866,CICERO AVE,41.847152,-87.75069,05/31/2021 11:09:00 AM,2021
CR00011281,12/19/2022 08:48:00 AM,35,CLOUDY/OVERCAST,DUSK,ANGLE,DIVIDED - W/MEDIAN (NOT RAISED),STOP SIGN/FLASHER,FAILING TO YIELD RIGHT-OF-WAY,DRIVING SKILLS/KNOWLEDGE/EXPERIENCE,0,0,0,0,8,2,12,210,CLARK ST,41.845246,-87.664545,12/19/2022 09:56:00 AM,2022
CR00011282,11/25/2023 08:12:00 PM,20,FOG/SMOKE/HAZE,DAYLIGHT,TURNING,FOUR WAY,NO CONTROLS,FOLLOWING TOO CLOSELY,IMPROPER LANE USAGE,0,0,0,0,20,7,11,2473,STATE ST,41.718452,-87.760257,11/25/2023 08:26:00 PM,2023