CRASH_RECORD_ID,CRASH_DATE,POSTED_SPEED_LIMIT,WEATHER_CONDITION,LIGHTING_CONDITION,FIRST_CRASH_TYPE,TRAFFICWAY_TYPE,TRAFFIC_CONTROL_DEVICE,PRIM_CONTRIBUTORY_CAUSE,SEC_CONTRIBUTORY_CAUSE,INJURIES_FATAL,INJURIES_INCAPACITATING,INJURIES_NON_INCAPACITATING,INJURIES_TOTAL,CRASH_HOUR,CRASH_DAY_OF_WEEK,CRASH_MONTH,BEAT_OF_OCCURRENCE,STREET_NAME,LATITUDE,LONGITUDE,DATE_POLICE_NOTIFIED,year
CR00011283,01/30/2019 03:28:00 AM,40,CLEAR,DAYLIGHT,SIDESWIPE SAME DIRECTION,NOT DIVIDED,NO CONTROLS,FOLLOWING TOO CLOSELY,UNABLE TO DETERMINE,0,0,0,0,3,4,1,491,47TH ST,41.90789,-87.740677,01/30/2019 04:08:00 AM,2019
CR00011284,06/21/2017 08:58:00 PM,45,CLEAR,DAYLIGHT,FIXED OBJECT,ONE-WAY,NO CONTROLS,FOLLOWING TOO CLOSELY,IMPROPER OVERTAKING/PASSING,0,0,0,0,20,4,6,2422,ASHLAND AVE,41.861561,-87.68987,06/21/2017 10:52:00 PM,2017
CR00011285,05/15/2019 02:30:00 PM,30,CLEAR,DUSK,TURNING,DIVIDED - W/MEDIAN BARRIER,NO CONTROLS,UNABLE TO DETERMINE,UNABLE TO DETERMINE,0,0,0,0,14,4,5,2175,47TH ST,41.804358,-87.765275,05/15/2019 03:54:00 PM,2019
CR00011286,11/13/2020 08:58:00 AM,30,RAIN,DAYLIGHT,ANGLE,DIVIDED - W/MEDIAN BARRIER,NO CONTROLS,FOLLOWING TOO CLOSELY,FOLLOWING TOO CLOSELY,0,0,0,0,8,6,11,2332,STONY ISLAND AVE,41.786396,-87.81138,11/13/2020 10:25:00 AM,2020
CR00011287,11/27/2019 08:50:00 AM,30,CLEAR,DAYLIGHT,REAR END,DIVIDED - W/MEDIAN (NOT RAISED),NO CONTROLS,DISTRACTION - FROM INSIDE VEHICLE,UNABLE TO DETERMINE,0,0,0,0,8,4,11,507,DIVISION ST,41.705852,-87.516068,11/27/2019 09:05:00 AM,2019
CR00011288,07/12/2020 04:29:00 AM,20,RAIN,DAYLIGHT,TURNING,NOT DIVIDED,TRAFFIC SIGNAL,IMPROPER LANE USAGE,IMPROPER LANE USAGE,0,0,0,0,4,1,7,1828,47TH ST,41.722967,-87.554309,07/12/2020 05:01:00 AM,2020
CR00011289,06/10/2019 04:29:00 AM,25,SNOW,DARKNESS,REAR END,NOT DIVIDED,TRAFFIC SIGNAL,IMPROPER OVERTAKING/PASSING,FOLLOWING TOO CLOSELY,0,1,0,1,4,2,6,2478,ELSTON AVE,41.709034,-87.661052,06/10/2019 06:29:00 AM,2019
CR00011290,09/24/2020 09:29:00 AM,40,CLEAR,DAYLIGHT,REAR END,FOUR WAY,NO CONTROLS,UNABLE TO DETERMINE,UNABLE TO DETERMINE,0,0,0,0,9,5,9,2218,HALSTED ST,41.96596,-87.741147,09/24/2020 11:10:00 AM,2020
CR00011291,08/24/2018 08:32:00 AM,15,CLEAR,DAYLIGHT,REAR TO FRONT,NOT DIVIDED,YIELD,FOLLOWING TOO CLOSELY,IMPROPER LANE USAGE,0,1,3,4,8,6,8,1153,MICHIGAN AVE,41.721192,-87.546022,08/24/2018 09:25:00 AM,2018
CR00011292,07/23/2015 04:48:00 PM,40,SNOW,DUSK,SIDESWIPE SAME DIRECTION,DIVIDED - W/MEDIAN (NOT RAISED),TRAFFIC SIGNAL,IMPROPER LANE USAGE,UNABLE TO DETERMINE,0,0,0,0,16,5,7,818,DIVISION ST,41.777087,-87.515491,07/23/2015 05:41:00 PM,2015
CR00011293,12/04/2016 09:22:00 AM,25,CLEAR,DAYLIGHT,TURNING,NOT DIVIDED,TRAFFIC SIGNAL,UNABLE TO DETERMINE,UNABLE TO DETERMINE,0,0,0,0,9,1,12,2466,LAKE SHORE DR,41.806823,-87.65156,12/04/2016 09:32:00 AM,2016
CR00011294,02/10/2015 09:38:00 AM,45,CLEAR,DAYLIGHT,REAR END,NOT DIVIDED,TRAFFIC SIGNAL,DISTRACTION - FROM INSIDE VEHICLE,FAILING TO REDUCE SPEED,0,0,0,0,9,3,2,709,HALSTED ST,41.988764,-87.757974,02/10/2015 09:41:00 AM,2015
CR00011295,02/25/2024 08:12:00 PM,40,CLEAR,DUSK,ANGLE,NOT DIVIDED,NO CONTROLS,UNABLE TO DETERMINE,DISTRACTION - FROM INSIDE VEHICLE,0,0,0,0,20,1,2,208,BROADWAY,41.883075,-87.637527,02/25/2024 08:49:00 PM,2024
CR00011296,07/27/2024 03:17:00 AM,45,CLEAR,DARKNESS - LIGHTED ROAD,TURNING,FOUR WAY,UNKNOWN,UNABLE TO DETERMINE,UNABLE TO DETERMINE,0,0,0,0,3,7,7,716,ROOSEVELT RD,41.813383,-87.585437,07/27/2024 04:52:00 AM,2024
CR00011297,04/08/2019 02:25:00 AM,20,CLEAR,DARKNESS - LIGHTED ROAD,ANGLE,DIVIDED - W/MEDIAN (NOT RAISED),NO CONTROLS,DRIVING SKILLS/KNOWLEDGE/EXPERIENCE,FOLLOWING TOO CLOSELY,0,0,0,0,2,2,4,683,HALSTED ST,41.928419,-87.623441,04/08/2019 03:16:00 AM,2019
CR00011298,12/16/2020 01:18:00 PM,35,CLEAR,DARKNESS - LIGHTED ROAD,REAR END,DIVIDED - W/MEDIAN BARRIER,NO CONTROLS,FAILING TO YIELD RIGHT-OF-WAY,IMPROPER OVERTAKING/PASSING,0,0,0,0,13,4,12,2487,47TH ST,41.716831,-87.625503,12/16/2020 03:11:00 PM,2020
CR00011299,06/06/2021 01:19:00 PM,35,SNOW,DARKNESS,SIDESWIPE SAME DIRECTION,NOT DIVIDED,NO CONTROLS,FOLLOWING TOO CLOSELY,FAILING TO YIELD RIGHT-OF-WAY,0,0,0,0,13,1,6,1072,CLARK ST,41.826995,-87.543166,06/06/2021 01:55:00 PM,2021
CR00011300,03/02/2022 01:52:00 PM,15,CLOUDY/OVERCAST,DAYLIGHT,PEDESTRIAN,ONE-WAY,NO CONTROLS,UNABLE TO DETERMINE,IMPROPER LANE USAGE,0,0,0,0,13,4,3,1980,STATE ST,41.771143,-87.684014,03/02/2022 03:52:00 PM,2022
CR00011301,12/29/2017 07:53:00 AM,30,CLEAR,DAYLIGHT,REAR END,NOT DIVIDED,NO CONTROLS,UNABLE TO DETERMINE,WEATHER,0,0,0,0,7,6,12,482,KEDZIE AVE,41.873796,-87.832727,12/29/2017 09:39:00 AM,2017
CR00011302,08/09/2017 08:10:00 PM,45,CLEAR,DAYLIGHT,TURNING,NOT DIVIDED,NO CONTROLS,UNABLE TO DETERMINE,UNABLE TO DETERMINE,0,0,0,0,20,4,8,880,KEDZIE AVE,41.860704,-87.61981,08/09/2017 09:54:00 PM,2017
CR00011303,03/17/2016 03:34:00 PM,25,RAIN,DAYLIGHT,SIDESWIPE SAME DIRECTION,DIVIDED - W/MEDIAN (NOT RAISED),STOP SIGN/FLASHER,WEATHER,FAILING TO REDUCE SPEED,0,0,0,0,15,5,3,2185,MICHIGAN AVE,41.948697,-87.703788,03/17/2016 03:52:00 PM,2016
CR00011304,07/31/2024 04:35:00 PM,20,CLEAR,DARKNESS - LIGHTED ROAD,TURNING,NOT DIVIDED,NO CONTROLS,UNABLE TO DETERMINE,UNABLE TO DETERMINE,0,0,0,0,16,4,7,2508,ELSTON AVE,41.983243,-87.586517,07/31/2024 05:53:00 PM,2024
CR00011305,02/15/2024 11:06:00 AM,40,RAIN,DARKNESS - LIGHTED ROAD,PEDESTRIAN,ONE-WAY,TRAFFIC SIGNAL,UNABLE TO DETERMINE,UNABLE TO DETERMINE,0,0,0,0,11,5,2,558,IRVING PARK RD,41.937544,-87.590463,02/15/2024 11:13:00 AM,2024
CR00011306,10/24/2021 11:42:00 PM,35,CLEAR,DAYLIGHT,REAR END,T-INTERSECTION,TRAFFIC SIGNAL,UNABLE TO DETERMINE,UNABLE TO DETERMINE,0,0,1,1,23,1,10,2449,KEDZIE AVE,41.964088,-87.58202,10/25/2021 12:32:00 AM,2021
CR00011307,06/26/2018 08:28:00 AM,15,CLEAR,DAYLIGHT,SIDESWIPE SAME DIRECTION,DIVIDED - W/MEDIAN BARRIER,NO CONTROLS,DISTRACTION - FROM INSIDE VEHICLE,FAILING TO YIELD RIGHT-OF-WAY,0,0,3,3,8,3,6,1956,LAKE SHORE DR,41.711952,-87.659175,06/26/2018 09:47:00 AM,2018
CR00011308,09/29/2016 03:21:00 AM,15,CLEAR,DAYLIGHT,TURNING,NOT DIVIDED,UNKNOWN,FOLLOWING TOO CLOSELY,UNABLE TO DETERMINE,0,0,0,0,3,5,9,1421,DIVISION ST,41.943638,-87.630704,09/29/2016 05:05:00 AM,2016
CR00011309,01/29/2023 08:54:00 AM,30,CLEAR,DAYLIGHT,ANGLE,DIVIDED - W/MEDIAN BARRIER,NO CONTROLS,DISTRACTION - FROM INSIDE VEHICLE,NOT APPLICABLE,0,0,0,0,8,1,1,2383,MILWAUKEE AVE,41.808788,-87.599367,01/29/2023 09:16:00 AM,2023
CR00011310,02/13/2016 05:40:00 AM,30,CLEAR,DARKNESS,REAR END,T-INTERSECTION,UNKNOWN,FAILING TO REDUCE SPEED,DISTRACTION - FROM INSIDE VEHICLE,0,0,0,0,5,7,2,1101,HALSTED ST,41.966549,-87.607904,02/13/2016 06:06:00 AM,2016
CR00011311,09/12/2020 05:37:00 PM,30,CLEAR,DAYLIGHT,PARKED MOTOR VEHICLE,NOT DIVIDED,NO CONTROLS,DISTRACTION - FROM INSIDE VEHICLE,DISTRACTION - FROM INSIDE VEHICLE,0,0,0,0,17,7,9,1299,ASHLAND AVE,41.776305,-87.587579,09/12/2020 07:06:00 PM,2020
CR00011312,02/04/2022 04:12:00 PM,30,CLEAR,DARKNESS - LIGHTED ROAD,PEDESTRIAN,DIVIDED - W/MEDIAN (NOT RAISED),NO CONTROLS,UNABLE TO DETERMINE,IMPROPER LANE USAGE,0,0,0,0,16,6,2,1686,DAMEN AVE,41.780993,-87.667993,02/04/2022 05:15:00 PM,2022
CR00011313,03/27/2017 09:07:00 PM,35,CLEAR,DAYLIGHT,REAR TO FRONT,T-INTERSECTION,STOP SIGN/FLASHER,DRIVING SKILLS/KNOWLEDGE/EXPERIENCE,UNABLE TO DETERMINE,0,0,0,0,21,2,3,2390,79TH ST,41.771697,-87.74941,03/27/2017 09:41:00 PM,2017
CR00011314,11/23/2023 02:06:00 PM,20,CLEAR,DAYLIGHT,REAR END,NOT DIVIDED,NO CONTROLS,UNABLE TO DETERMINE,WEATHER,0,0,1,1,14,5,11,665,MILWAUKEE AVE,41.894677,-87.807401,11/23/2023 02:56:00 PM,2023
CR00011315,10/01/2020 04:03:00 PM,15,CLEAR,DAYLIGHT,REAR END,NOT DIVIDED,NO CONTROLS,UNABLE TO DETERMINE,NOT APPLICABLE,0,0,0,0,16,5,10,2200,79TH ST,41.767329,-87.528467,10/01/2020 05:37:00 PM,2020
CR00011316,05/22/2021 06:10:00 PM,35,CLEAR,DAYLIGHT,TURNING,ONE-WAY,NO CONTROLS,UNABLE TO DETERMINE,NOT APPLICABLE,0,0,0,0,18,7,5,2495,DIVISION ST,41.735986,-87.520552,05/22/2021 06:57:00 PM,2021
CR00011317,03/01/2023 07:52:00 AM,45,CLEAR,DAYLIGHT,ANGLE,NOT DIVIDED,TRAFFIC SIGNAL,UNABLE TO DETERMINE,UNABLE TO DETERMINE,0,0,0,0,7,4,3,668,ASHLAND AVE,41.995066,-87.585904,03/01/2023 09:45:00 AM,2023
CR00011318,08/14/2021 11:47:00 PM,25,CLEAR,DAYLIGHT,SIDESWIPE SAME DIRECTION,NOT DIVIDED,TRAFFIC SIGNAL,FAILING TO REDUCE SPEED,UNABLE TO DETERMINE,0,2,0,2,23,7,8,1359,LAKE SHORE DR,41.917514,-87.65386,08/15/2021 01:19:00 AM,2021
CR00011319,03/28/2019 10:50:00 PM,30,RAIN,DAYLIGHT,SIDESWIPE SAME DIRECTION,NOT DIVIDED,STOP SIGN/FLASHER,IMPROPER OVERTAKING/PASSING,IMPROPER OVERTAKING/PASSING,0,0,0,0,22,5,3,508,LAKE SHORE DR,41.879514,-87.545479,03/28/2019 11:06:00 PM,2019
CR00011320,05/06/2015 02:13:00 AM,30,CLOUDY/OVERCAST,DAWN,ANGLE,NOT DIVIDED,NO CONTROLS,DISTRACTION - FROM INSIDE VEHICLE,FOLLOWING TOO CLOSELY,0,0,1,1,2,4,5,595,CICERO AVE,41.781465,-87.720317,05/06/2015 02:21:00 AM,2015
CR00011321,05/21/2019 10:03:00 AM,45,CLEAR,DAYLIGHT,PARKED MOTOR VEHICLE,ONE-WAY,STOP SIGN/FLASHER,UNABLE TO DETERMINE,NOT APPLICABLE,0,0,0,0,10,3,5,2371,CLARK ST,41.850006,-87.700567,05/21/2019 11:10:00 AM,2019
CR00011322,01/21/2019 08:23:00 AM,15,CLEAR,DARKNESS - LIGHTED ROAD,SIDESWIPE SAME DIRECTION,DIVIDED - W/MEDIAN (NOT RAISED),NO CONTROLS,UNABLE TO DETERMINE,DRIVING SKILLS/KNOWLEDGE/EXPERIENCE,0,0,0,0,8,2,1,463,FULLERTON AVE,41.813305,-87.599151,01/21/2019 10:08:00 AM,2019
CR00011323,09/25/2022 07:01:00 AM,30,CLEAR,DARKNESS - LIGHTED ROAD,SIDESWIPE SAME DIRECTION,NOT DIVIDED,STOP SIGN/FLASHER,FAILING TO YIELD RIGHT-OF-WAY,UNABLE TO DETERMINE,0,0,0,0,7,1,9,2148,ROOSEVELT RD,41.983319,-87.714836,09/25/2022 07:33:00 AM,2022
CR00011324,01/31/2020 06:30:00 PM,30,CLOUDY/OVERCAST,DAYLIGHT,ANGLE,DIVIDED - W/MEDIAN BARRIER,NO CONTROLS,DISTRACTION - FROM INSIDE VEHICLE,UNABLE TO DETERMINE,0,0,1,1,18,6,1,2344,CLARK ST,41.740182,-87.755624,01/31/2020 07:33:00 PM,2020
CR00011325,12/28/2021 01:20:00 PM,30,CLEAR,DAYLIGHT,REAR END,FOUR WAY,NO CONTROLS,FAILING TO YIELD RIGHT-OF-WAY,NOT APPLICABLE,0,0,0,0,13,3,12,1443,DIVISION ST,41.905946,-87.755561,12/28/2021 02:21:00 PM,2021
CR00011326,11/14/2022 02:44:00 PM,30,CLEAR,DARKNESS - LIGHTED ROAD,REAR END,FOUR WAY,NO CONTROLS,DISTRACTION - FROM INSIDE VEHICLE,NOT APPLICABLE,0,0,0,0,14,2,11,2259,ARCHER AVE,41.875784,-87.820479,11/14/2022 02:51:00 PM,2022
CR00011327,04/21/2024 06:27:00 AM,20,RAIN,DAYLIGHT,ANGLE,DIVIDED - W/MEDIAN BARRIER,STOP SIGN/FLASHER,UNABLE TO DETERMINE,DISTRACTION - FROM INSIDE VEHICLE,0,0,0,0,6,1,4,1505,DAMEN AVE,41.861766,-87.802804,04/21/2024 07:59:00 AM,2024
CR00011328,09/10/2022 01:48:00 PM,20,CLEAR,DAYLIGHT,REAR END,ONE-WAY,TRAFFIC SIGNAL,UNABLE TO DETERMINE,IMPROPER LANE USAGE,0,0,0,0,13,7,9,113,79TH ST,41.803664,-87.838344,09/10/2022 01:59:00 PM,2022
CR00011329,07/09/2019 11:40:00 AM,35,RAIN,DAYLIGHT,REAR END,FOUR WAY,NO CONTROLS,UNABLE TO DETERMINE,DISREGARDING TRAFFIC SIGNALS,0,0,3,3,11,3,7,1235,FULLERTON AVE,41.717656,-87.718609,07/09/2019 11:52:00 AM,2019
CR00011330,12/31/2016 03:29:00 PM,35,CLEAR,DUSK,REAR TO FRONT,FOUR WAY,STOP SIGN/FLASHER,FAILING TO YIELD RIGHT-OF-WAY,UNABLE TO DETERMINE,0,0,0,0,15,7,12,1272,PULASKI RD,41.701069,-87.712139,12/31/2016 03:43:00 PM,2016
CR00011331,07/09/2018 11:17:00 AM,40,CLEAR,DARKNESS - LIGHTED ROAD,REAR END,FOUR WAY,NO CONTROLS,FOLLOWING TOO CLOSELY,NOT APPLICABLE,0,0,0,0,11,2,7,2495,LAKE SHORE DR,41.838301,-87.78679,07/09/2018 12:37:00 PM,2018
CR00011332,04/08/2022 11:57:00 AM,30,CLEAR,DAYLIGHT,PEDESTRIAN,NOT DIVIDED,NO CONTROLS,UNABLE TO DETERMINE,IMPROPER LANE USAGE,0,0,1,1,11,6,4,1749,IRVING PARK RD,41.768112,-87.713158,04/08/2022 12:32:00 PM,2022
CR00011333,10/03/2024 04:12:00 PM,30,RAIN,DAYLIGHT,FIXED OBJECT,DIVIDED - W/MEDIAN (NOT RAISED),TRAFFIC SIGNAL,UNABLE TO DETERMINE,FAILING TO YIELD RIGHT-OF-WAY,0,0,1,1,16,5,10,246,DAMEN AVE,41.979173,-87.747328,10/03/2024 05:11:00 PM,2024
CR00011334,11/20/2019 02:52:00 PM,20,CLEAR,DAYLIGHT,SIDESWIPE SAME DIRECTION,DIVIDED - W/MEDIAN (NOT RAISED),NO CONTROLS,FOLLOWING TOO CLOSELY,WEATHER,0,0,0,0,14,4,11,250,OGDEN AVE,41.908346,-87.504609,11/20/2019 03:22:00 PM,2019
CR00011335,10/31/2015 06:39:00 PM,30,FREEZING RAIN/DRIZZLE,DAYLIGHT,REAR END,NOT DIVIDED,NO CONTROLS,DRIVING SKILLS/KNOWLEDGE/EXPERIENCE,UNABLE TO DETERMINE,0,0,1,1,18,7,10,1948,HALSTED ST,41.934968,-87.747735,10/31/2015 07:17:00 PM,2015
CR00011336,02/11/2023 07:14:00 AM,45,CLEAR,DAYLIGHT,REAR TO FRONT,DIVIDED - W/MEDIAN BARRIER,NO CONTROLS,DRIVING SKILLS/KNOWLEDGE/EXPERIENCE,UNABLE TO DETERMINE,0,0,0,0,7,7,2,1638,MICHIGAN AVE,41.865224,-87.580997,02/11/2023 08:54:00 AM,2023
CR00011337,08/10/2022 03:30:00 PM,20,FREEZING RAIN/DRIZZLE,DAYLIGHT,SIDESWIPE SAME DIRECTION,NOT DIVIDED,STOP SIGN/FLASHER,FOLLOWING TOO CLOSELY,NOT APPLICABLE,0,0,0,0,15,4,8,2309,STONY ISLAND AVE,41.831601,-87.633174,08/10/2022 04:44:00 PM,2022
CR00011338,08/20/2016 10:18:00 AM,20,CLEAR,DAYLIGHT,TURNING,NOT DIVIDED,UNKNOWN,UNABLE TO DETERMINE,FAILING TO REDUCE SPEED,0,0,0,0,10,7,8,293,ASHLAND AVE,41.763487,-87.830832,08/20/2016 12:09:00 PM,2016
CR00011339,12/29/2023 02:11:00 PM,35,CLEAR,DARKNESS,REAR END,ONE-WAY,TRAFFIC SIGNAL,FOLLOWING TOO CLOSELY,DRIVING SKILLS/KNOWLEDGE/EXPERIENCE,0,0,2,2,14,6,12,1435,STONY ISLAND AVE,41.863126,-87.575296,12/29/2023 03:25:00 PM,2023
CR00011340,10/20/2015 04:02:00 PM,45,CLEAR,DAYLIGHT,ANGLE,NOT DIVIDED,TRAFFIC SIGNAL,UNABLE TO DETERMINE,NOT APPLICABLE,0,0,0,0,16,3,10,1295,FULLERTON AVE,41.748676,-87.753864,10/20/2015 05:13:00 PM,2015
CR00011341,04/06/2018 04:25:00 PM,45,SNOW,DAYLIGHT,REAR END,NOT DIVIDED,TRAFFIC SIGNAL,UNABLE TO DETERMINE,NOT APPLICABLE,0,0,0,0,16,6,4,1722,CALIFORNIA AVE,41.722303,-87.587536,04/06/2018 05:44:00 PM,2018
CR00011342,02/26/2021 06:53:00 PM,25,CLEAR,DARKNESS - LIGHTED ROAD,REAR END,DIVIDED - W/MEDIAN (NOT RAISED),NO CONTROLS,FAILING TO YIELD RIGHT-OF-WAY,DRIVING SKILLS/KNOWLEDGE/EXPERIENCE,0,0,0,0,18,6,2,2234,ROOSEVELT RD,41.747923,-87.609123,02/26/2021 07:28:00 PM,2021
CR00011343,10/31/2021 03:52:00 PM,35,FREEZING RAIN/DRIZZLE,DUSK,PARKED MOTOR VEHICLE,DIVIDED - W/MEDIAN (NOT RAISED),NO CONTROLS,FAILING TO YIELD RIGHT-OF-WAY,DISTRACTION - FROM INSIDE VEHICLE,0,0,0,0,15,1,10,1699,IRVING PARK RD,41.830089,-87.786083,10/31/2021 04:40:00 PM,2021
CR00011344,01/31/2023 07:32:00 AM,45,CLEAR,DARKNESS - LIGHTED ROAD,SIDESWIPE SAME DIRECTION,NOT DIVIDED,NO CONTROLS,FAILING TO YIELD RIGHT-OF-WAY,FAILING TO REDUCE SPEED,0,0,0,0,7,3,1,2108,PULASKI RD,41.896634,-87.614839,01/31/2023 08:40:00 AM,2023
CR00011345,02/23/2016 07:23:00 PM,15,RAIN,DAYLIGHT,TURNING,ONE-WAY,NO CONTROLS,UNABLE TO DETERMINE,DISTRACTION - FROM INSIDE VEHICLE,0,0,0,0,19,3,2,444,ROOSEVELT RD,41.716785,-87.651748,02/23/2016 09:22:00 PM,2016
CR00011346,08/15/2022 05:10:00 PM,20,CLEAR,DAYLIGHT,SIDESWIPE SAME DIRECTION,FOUR WAY,UNKNOWN,FAILING TO REDUCE SPEED,DRIVING SKILLS/KNOWLEDGE/EXPERIENCE,0,0,0,0,17,2,8,1259,CALIFORNIA AVE,41.988428,-87.805928,08/15/2022 06:53:00 PM,2022
CR00011347,03/14/2022 08:55:00 AM,30,CLEAR,DAYLIGHT,REAR TO FRONT,NOT DIVIDED,STOP SIGN/FLASHER,DRIVING SKILLS/KNOWLEDGE/EXPERIENCE,FAILING TO REDUCE SPEED,0,0,0,0,8,2,3,1825,PULASKI RD,41.768697,-87.796742,03/14/2022 09:34:00 AM,2022
CR00011348,11/03/2017 01:24:00 PM,35,RAIN,DARKNESS - LIGHTED ROAD,REAR END,NOT DIVIDED,TRAFFIC SIGNAL,FAILING TO REDUCE SPEED,FAILING TO YIELD RIGHT-OF-WAY,0,0,0,0,13,6,11,1539,FULLERTON AVE,41.793845,-87.578685,11/03/2017 02:46:00 PM,2017
CR00011349,07/18/2021 03:15:00 PM,20,CLEAR,DAYLIGHT,TURNING,FOUR WAY,STOP SIGN/FLASHER,IMPROPER LANE USAGE,IMPROPER LANE USAGE,0,0,0,0,15,1,7,1525,79TH ST,41.827306,-87.656972,07/18/2021 04:53:00 PM,2021
CR00011350,04/03/2024 06:42:00 AM,35,CLEAR,DARKNESS,FIXED OBJECT,ONE-WAY,STOP SIGN/FLASHER,WEATHER,FOLLOWING TOO CLOSELY,0,0,0,0,6,4,4,1500,HALSTED ST,41.868879,-87.669297,04/03/2024 07:49:00 AM,2024
CR00011351,06/09/2021 06:23:00 PM,40,CLEAR,DARKNESS - LIGHTED ROAD,REAR END,ONE-WAY,NO CONTROLS,FAILING TO YIELD RIGHT-OF-WAY,FOLLOWING TOO CLOSELY,0,0,0,0,18,4,6,1959,LAKE SHORE DR,41.997297,-87.733501,06/09/2021 07:29:00 PM,2021
CR00011352,01/09/2023 08:45:00 PM,40,CLOUDY/OVERCAST,DAYLIGHT,FIXED OBJECT,ONE-WAY,TRAFFIC SIGNAL,FAILING TO YIELD RIGHT-OF-WAY,FAILING TO REDUCE SPEED,0,0,0,0,20,2,1,1788,CLARK ST,41.966936,-87.541105,01/09/2023 08:56:00 PM,2023
CR00011353,02/06/2019 04:50:00 PM,35,CLEAR,DAYLIGHT,ANGLE,ONE-WAY,NO CONTROLS,UNABLE TO DETERMINE,FAILING TO YIELD RIGHT-OF-WAY,0,0,0,0,16,4,2,1894,CICERO AVE,41.729627,-87.664964,02/06/2019 05:51:00 PM,2019
CR00011354,08/31/2019 10:54:00 AM,30,CLEAR,DAYLIGHT,REAR END,DIVIDED - W/MEDIAN BARRIER,NO CONTROLS,DISREGARDING TRAFFIC SIGNALS,NOT APPLICABLE,0,0,1,1,10,7,8,1437,WESTERN AVE,41.968428,-87.645131,08/31/2019 12:33:00 PM,2019
CR00011355,05/15/2018 04:06:00 PM,40,CLEAR,DAYLIGHT,REAR END,NOT DIVIDED,NO CONTROLS,FAILING TO YIELD RIGHT-OF-WAY,UNABLE TO DETERMINE,0,0,0,0,16,3,5,511,MICHIGAN AVE,41.783096,-87.795014,05/15/2018 04:53:00 PM,2018
CR00011356,02/02/2020 06:02:00 PM,30,CLEAR,DAYLIGHT,TURNING,NOT DIVIDED,TRAFFIC SIGNAL,DISTRACTION - FROM INSIDE VEHICLE,UNABLE TO DETERMINE,0,0,0,0,18,1,2,1658,DIVISION ST,41.796466,-87.737929,02/02/2020 06:17:00 PM,2020
CR00011357,12/15/2016 08:58:00 AM,30,RAIN,DAYLIGHT,TURNING,T-INTERSECTION,NO CONTROLS,UNABLE TO DETERMINE,UNABLE TO DETERMINE,0,0,0,0,8,5,12,2487,DIVISION ST,41.863771,-87.703469,12/15/2016 10:47:00 AM,2016
CR00011358,09/25/2021 09:38:00 AM,35,CLEAR,DUSK,TURNING,FOUR WAY,TRAFFIC SIGNAL,UNABLE TO DETERMINE,UNABLE TO DETERMINE,0,0,1,1,9,7,9,1743,DIVISION ST,41.907819,-87.632604,09/25/2021 11:33:00 AM,2021
CR00011359,03/01/2019 09:29:00 AM,45,CLEAR,DAYLIGHT,REAR TO FRONT,DIVIDED - W/MEDIAN (NOT RAISED),STOP SIGN/FLASHER,IMPROPER OVERTAKING/PASSING,DRIVING SKILLS/KNOWLEDGE/EXPERIENCE,0,0,2,2,9,6,3,534,STATE ST,41.716417,-87.539108,03/01/2019 10:52:00 AM,2019
CR00011360,09/06/2023 08:11:00 AM,35,SNOW,DAYLIGHT,SIDESWIPE SAME DIRECTION,DIVIDED - W/MEDIAN (NOT RAISED),TRAFFIC SIGNAL,UNABLE TO DETERMINE,FAILING TO REDUCE SPEED,0,0,0,0,8,4,9,2211,HALSTED ST,41.770509,-87.778363,09/06/2023 10:05:00 AM,2023
CR00011361,09/19/2021 07:50:00 AM,25,CLEAR,DAYLIGHT,FIXED OBJECT,ONE-WAY,TRAFFIC SIGNAL,UNABLE TO DETERMINE,UNABLE TO DETERMINE,0,0,0,0,7,1,9,754,ASHLAND AVE,41.850892,-87.673438,09/19/2021 08:07:00 AM,2021
CR00011362,05/06/2017 05:53:00 PM,20,CLEAR,DAYLIGHT,TURNING,NOT DIVIDED,NO CONTROLS,UNABLE TO DETERMINE,DRIVING SKILLS/KNOWLEDGE/EXPERIENCE,0,0,0,0,17,7,5,1212,DAMEN AVE,41.921552,-87.580857,05/06/2017 07:40:00 PM,2017
CR00011363,11/23/2018 12:58:00 PM,40,RAIN,DAYLIGHT,PARKED MOTOR VEHICLE,NOT DIVIDED,YIELD,UNABLE TO DETERMINE,WEATHER,0,0,3,3,12,6,11,2446,CLARK ST,41.854959,-87.753644,11/23/2018 01:05:00 PM,2018
CR00011364,07/20/2015 12:03:00 PM,35,CLEAR,DARKNESS - LIGHTED ROAD,SIDESWIPE SAME DIRECTION,ONE-WAY,NO CONTROLS,DISTRACTION - FROM INSIDE VEHICLE,IMPROPER LANE USAGE,0,2,2,4,12,2,7,2180,DAMEN AVE,41.783137,-87.51226,07/20/2015 12:07:00 PM,2015
CR00011365,07/03/2017 07:12:00 PM,40,CLEAR,DAYLIGHT,ANGLE,ONE-WAY,TRAFFIC SIGNAL,FAILING TO YIELD RIGHT-OF-WAY,IMPROPER OVERTAKING/PASSING,0,0,0,0,19,2,7,1902,MILWAUKEE AVE,41.745879,-87.75702,07/03/2017 07:49:00 PM,2017