CRASH_RECORD_ID,CRASH_DATE,POSTED_SPEED_LIMIT,WEATHER_CONDITION,LIGHTING_CONDITION,FIRST_CRASH_TYPE,TRAFFICWAY_TYPE,TRAFFIC_CONTROL_DEVICE,PRIM_CONTRIBUTORY_CAUSE,SEC_CONTRIBUTORY_CAUSE,INJURIES_FATAL,INJURIES_INCAPACITATING,INJURIES_NON_INCAPACITATING,INJURIES_TOTAL,CRASH_HOUR,CRASH_DAY_OF_WEEK,CRASH_MONTH,BEAT_OF_OCCURRENCE,STREET_NAME,LATITUDE,LONGITUDE,DATE_POLICE_NOTIFIED,year
CR00011366,07/24/2022 01:56:00 AM,25,CLOUDY/OVERCAST,DAYLIGHT,SIDESWIPE SAME DIRECTION,DIVIDED - W/MEDIAN (NOT RAISED),STOP SIGN/FLASHER,DISTRACTION - FROM INSIDE VEHICLE,UNABLE TO DETERMINE,0,0,1,1,1,1,7,585,PULASKI RD,41.817017,-87.714137,07/24/2022 03:19:00 AM,2022
CR00011367,11/01/2022 07:22:00 AM,20,CLEAR,DAYLIGHT,TURNING,NOT DIVIDED,NO CONTROLS,UNABLE TO DETERMINE,NOT APPLICABLE,0,0,0,0,7,3,11,1523,WESTERN AVE,41.917711,-87.826763,11/01/2022 07:26:00 AM,2022
CR00011368,11/30/2015 01:07:00 PM,15,CLEAR,DARKNESS - LIGHTED ROAD,REAR END,NOT DIVIDED,UNKNOWN,FAILING TO YIELD RIGHT-OF-WAY,IMPROPER OVERTAKING/PASSING,0,0,2,2,13,2,11,1753,DAMEN AVE,41.853221,-87.602,11/30/2015 02:50:00 PM,2015
CR00011369,04/11/2016 11:35:00 AM,20,CLOUDY/OVERCAST,DAYLIGHT,TURNING,NOT DIVIDED,NO CONTROLS,WEATHER,DRIVING SKILLS/KNOWLEDGE/EXPERIENCE,0,0,1,1,11,2,4,974,STONY ISLAND AVE,41.904002,-87.765544,04/11/2016 11:53:00 AM,2016
CR00011370,08/03/2024 11:16:00 AM,30,CLEAR,DAYLIGHT,TURNING,ONE-WAY,NO CONTROLS,UNABLE TO DETERMINE,UNABLE TO DETERMINE,0,0,0,0,11,7,8,1437,ARCHER AVE,41.941748,-87.692763,08/03/2024 12:42:00 PM,2024
CR00011371,04/03/2015 04:31:00 PM,35,SNOW,DAYLIGHT,ANGLE,ONE-WAY,NO CONTROLS,IMPROPER LANE USAGE,NOT APPLICABLE,0,0,1,1,16,6,4,1454,47TH ST,41.766015,-87.84661,04/03/2015 04:45:00 PM,2015
CR00011372,06/25/2020 03:39:00 PM,45,CLEAR,DAYLIGHT,TURNING,NOT DIVIDED,UNKNOWN,FOLLOWING TOO CLOSELY,DISREGARDING TRAFFIC SIGNALS,0,0,0,0,15,5,6,2210,IRVING PARK RD,41.826741,-87.694454,06/25/2020 03:52:00 PM,2020
CR00011373,09/22/2023 01:47:00 PM,20,CLEAR,DAYLIGHT,REAR END,ONE-WAY,NO CONTROLS,FAILING TO YIELD RIGHT-OF-WAY,DRIVING SKILLS/KNOWLEDGE/EXPERIENCE,0,0,0,0,13,6,9,1478,CALIFORNIA AVE,41.972814,-87.795631,09/22/2023 02:09:00 PM,2023
CR00011374,01/22/2016 03:46:00 AM,25,CLEAR,DARKNESS - LIGHTED ROAD,REAR END,FOUR WAY,NO CONTROLS,UNABLE TO DETERMINE,NOT APPLICABLE,0,0,0,0,3,6,1,1150,OGDEN AVE,41.871649,-87.586856,01/22/2016 05:36:00 AM,2016
CR00011375,03/11/2017 06:29:00 AM,30,CLEAR,DAYLIGHT,TURNING,NOT DIVIDED,UNKNOWN,FAILING TO REDUCE SPEED,UNABLE TO DETERMINE,0,0,0,0,6,7,3,1462,79TH ST,41.954231,-87.828913,03/11/2017 08:24:00 AM,2017
CR00011376,04/20/2018 07:23:00 AM,35,CLEAR,DAYLIGHT,PEDESTRIAN,NOT DIVIDED,NO CONTROLS,IMPROPER LANE USAGE,NOT APPLICABLE,0,0,0,0,7,6,4,2116,WESTERN AVE,41.708677,-87.769051,04/20/2018 07:46:00 AM,2018
CR00011377,10/11/2024 04:29:00 PM,15,CLEAR,DAYLIGHT,REAR END,ONE-WAY,TRAFFIC SIGNAL,FOLLOWING TOO CLOSELY,UNABLE TO DETERMINE,0,0,0,0,16,6,10,1944,FULLERTON AVE,41.952044,-87.522094,10/11/2024 05:40:00 PM,2024
CR00011378,06/08/2018 10:29:00 AM,20,CLEAR,DARKNESS,REAR END,NOT DIVIDED,NO CONTROLS,WEATHER,IMPROPER LANE USAGE,0,0,1,1,10,6,6,2145,MILWAUKEE AVE,41.87397,-87.809207,06/08/2018 12:23:00 PM,2018
CR00011379,12/28/2018 03:29:00 PM,25,SNOW,DAWN,ANGLE,ONE-WAY,TRAFFIC SIGNAL,FAILING TO YIELD RIGHT-OF-WAY,FOLLOWING TOO CLOSELY,0,1,1,2,15,6,12,1365,KEDZIE AVE,41.851657,-87.661597,12/28/2018 04:03:00 PM,2018
CR00011380,04/19/2020 05:57:00 PM,25,SNOW,DAYLIGHT,SIDESWIPE SAME DIRECTION,FOUR WAY,NO CONTROLS,DISTRACTION - FROM INSIDE VEHICLE,FAILING TO YIELD RIGHT-OF-WAY,0,0,0,0,17,1,4,381,FULLERTON AVE,41.857782,-87.555875,04/19/2020 06:33:00 PM,2020
CR00011381,04/13/2017 11:20:00 PM,15,CLEAR,DAWN,ANGLE,FOUR WAY,NO CONTROLS,UNABLE TO DETERMINE,IMPROPER OVERTAKING/PASSING,0,0,0,0,23,5,4,2442,ELSTON AVE,41.855462,-87.609139,04/13/2017 11:47:00 PM,2017
CR00011382,04/13/2022 12:13:00 PM,40,CLOUDY/OVERCAST,DAYLIGHT,PARKED MOTOR VEHICLE,NOT DIVIDED,NO CONTROLS,FOLLOWING TOO CLOSELY,FOLLOWING TOO CLOSELY,0,0,1,1,12,4,4,1098,ARCHER AVE,41.996759,-87.847995,04/13/2022 01:36:00 PM,2022
CR00011383,10/20/2015 01:33:00 PM,40,CLEAR,DAYLIGHT,SIDESWIPE SAME DIRECTION,FOUR WAY,TRAFFIC SIGNAL,DRIVING SKILLS/KNOWLEDGE/EXPERIENCE,NOT APPLICABLE,0,0,0,0,13,3,10,202,ARCHER AVE,41.841233,-87.647555,10/20/2015 03:02:00 PM,2015
CR00011384,01/15/2019 08:40:00 PM,30,CLEAR,DAYLIGHT,REAR END,NOT DIVIDED,STOP SIGN/FLASHER,DISTRACTION - FROM INSIDE VEHICLE,DISTRACTION - FROM INSIDE VEHICLE,0,0,0,0,20,3,1,178,DAMEN AVE,41.949273,-87.542831,01/15/2019 09:13:00 PM,2019
CR00011385,01/02/2015 09:41:00 AM,40,CLEAR,DAYLIGHT,ANGLE,NOT DIVIDED,YIELD,FOLLOWING TOO CLOSELY,NOT APPLICABLE,0,0,0,0,9,6,1,1857,KEDZIE AVE,41.744347,-87.593776,01/02/2015 11:08:00 AM,2015
CR00011386,05/04/2015 02:32:00 PM,35,CLEAR,DARKNESS - LIGHTED ROAD,REAR TO FRONT,DIVIDED - W/MEDIAN BARRIER,NO CONTROLS,FAILING TO YIELD RIGHT-OF-WAY,FAILING TO REDUCE SPEED,0,0,0,0,14,2,5,558,63RD ST,41.892222,-87.633009,05/04/2015 04:26:00 PM,2015
CR00011387,12/19/2024 09:26:00 AM,40,CLEAR,DAYLIGHT,FIXED OBJECT,NOT DIVIDED,TRAFFIC SIGNAL,FAILING TO YIELD RIGHT-OF-WAY,IMPROPER OVERTAKING/PASSING,0,0,0,0,9,5,12,1836,IRVING PARK RD,41.940406,-87.66521,12/19/2024 10:59:00 AM,2024
CR00011388,10/31/2021 10:48:00 PM,30,FREEZING RAIN/DRIZZLE,DUSK,SIDESWIPE SAME DIRECTION,ONE-WAY,UNKNOWN,FAILING TO YIELD RIGHT-OF-WAY,NOT APPLICABLE,0,0,1,1,22,1,10,291,ASHLAND AVE,41.872823,-87.640271,10/31/2021 11:24:00 PM,2021
CR00011389,06/15/2019 06:25:00 PM,30,CLEAR,DARKNESS - LIGHTED ROAD,ANGLE,NOT DIVIDED,NO CONTROLS,FOLLOWING TOO CLOSELY,DRIVING SKILLS/KNOWLEDGE/EXPERIENCE,0,0,0,0,18,7,6,1029,ELSTON AVE,41.914192,-87.72478,06/15/2019 07:32:00 PM,2019
CR00011390,01/21/2020 10:53:00 AM,30,CLOUDY/OVERCAST,DARKNESS - LIGHTED ROAD,PEDESTRIAN,ONE-WAY,TRAFFIC SIGNAL,DRIVING SKILLS/KNOWLEDGE/EXPERIENCE,FAILING TO REDUCE SPEED,0,0,0,0,10,3,1,404,79TH ST,41.911894,-87.734909,01/21/2020 12:50:00 PM,2020
CR00011391,12/25/2023 06:24:00 PM,20,CLEAR,DAYLIGHT,PARKED MOTOR VEHICLE,NOT DIVIDED,NO CONTROLS,IMPROPER LANE USAGE,NOT APPLICABLE,0,0,0,0,18,2,12,613,MICHIGAN AVE,41.700143,-87.681364,12/25/2023 07:34:00 PM,2023
CR00011392,05/12/2022 03:14:00 PM,40,CLEAR,DARKNESS - LIGHTED ROAD,SIDESWIPE SAME DIRECTION,T-INTERSECTION,TRAFFIC SIGNAL,DISTRACTION - FROM INSIDE VEHICLE,UNABLE TO DETERMINE,0,0,0,0,15,5,5,913,PULASKI RD,41.843221,-87.770522,05/12/2022 04:05:00 PM,2022
CR00011393,10/14/2022 05:55:00 PM,30,CLEAR,DAYLIGHT,FIXED OBJECT,NOT DIVIDED,STOP SIGN/FLASHER,FAILING TO YIELD RIGHT-OF-WAY,UNABLE TO DETERMINE,0,0,0,0,17,6,10,1392,MILWAUKEE AVE,41.913105,-87.678058,10/14/2022 06:36:00 PM,2022
CR00011394,07/22/2020 07:05:00 PM,20,CLOUDY/OVERCAST,DAWN,FIXED OBJECT,FOUR WAY,NO CONTROLS,UNABLE TO DETERMINE,NOT APPLICABLE,0,0,0,0,19,4,7,745,MILWAUKEE AVE,41.812059,-87.651725,07/22/2020 07:24:00 PM,2020
CR00011395,08/15/2015 06:42:00 PM,15,SNOW,DAYLIGHT,ANGLE,ONE-WAY,TRAFFIC SIGNAL,DISTRACTION - FROM INSIDE VEHICLE,DRIVING SKILLS/KNOWLEDGE/EXPERIENCE,0,0,0,0,18,7,8,1553,STONY ISLAND AVE,41.823899,-87.503655,08/15/2015 06:47:00 PM,2015
CR00011396,04/05/2019 07:34:00 AM,20,CLEAR,DAYLIGHT,TURNING,NOT DIVIDED,NO CONTROLS,FOLLOWING TOO CLOSELY,UNABLE TO DETERMINE,0,0,0,0,7,6,4,560,STONY ISLAND AVE,41.78514,-87.538289,04/05/2019 08:33:00 AM,2019
CR00011397,05/13/2022 08:45:00 PM,30,CLEAR,DARKNESS - LIGHTED ROAD,SIDESWIPE SAME DIRECTION,DIVIDED - W/MEDIAN BARRIER,NO CONTROLS,IMPROPER OVERTAKING/PASSING,DRIVING SKILLS/KNOWLEDGE/EXPERIENCE,0,0,0,0,20,6,5,1086,CICERO AVE,41.750594,-87.797105,05/13/2022 09:46:00 PM,2022
CR00011398,09/03/2022 04:25:00 PM,20,CLEAR,DARKNESS - LIGHTED ROAD,REAR TO FRONT,ONE-WAY,NO CONTROLS,IMPROPER LANE USAGE,DRIVING SKILLS/KNOWLEDGE/EXPERIENCE,0,0,0,0,16,7,9,136,KEDZIE AVE,41.865381,-87.599302,09/03/2022 05:02:00 PM,2022
CR00011399,07/03/2019 01:08:00 PM,15,CLEAR,DAWN,TURNING,NOT DIVIDED,TRAFFIC SIGNAL,FAILING TO REDUCE SPEED,UNABLE TO DETERMINE,0,0,1,1,13,4,7,2308,STATE ST,41.841087,-87.644165,07/03/2019 01:10:00 PM,2019
CR00011400,07/13/2016 06:12:00 PM,30,CLEAR,DAYLIGHT,SIDESWIPE SAME DIRECTION,DIVIDED - W/MEDIAN (NOT RAISED),NO CONTROLS,UNABLE TO DETERMINE,NOT APPLICABLE,0,0,0,0,18,4,7,124,ELSTON AVE,41.785532,-87.560102,07/13/2016 06:40:00 PM,2016
CR00011401,04/21/2022 01:27:00 PM,40,CLEAR,DAYLIGHT,REAR TO FRONT,NOT DIVIDED,TRAFFIC SIGNAL,IMPROPER OVERTAKING/PASSING,FOLLOWING TOO CLOSELY,0,0,0,0,13,5,4,1518,CLARK ST,41.973879,-87.634824,04/21/2022 02:49:00 PM,2022
CR00011402,09/19/2023 12:48:00 PM,20,CLOUDY/OVERCAST,DAYLIGHT,REAR END,NOT DIVIDED,UNKNOWN,FOLLOWING TOO CLOSELY,FAILING TO YIELD RIGHT-OF-WAY,0,0,0,0,12,3,9,193,79TH ST,41.723386,-87.586329,09/19/2023 02:12:00 PM,2023
CR00011403,12/25/2016 04:11:00 AM,45,CLEAR,DARKNESS - LIGHTED ROAD,FIXED OBJECT,NOT DIVIDED,UNKNOWN,FAILING TO REDUCE SPEED,NOT APPLICABLE,0,0,0,0,4,1,12,2182,WESTERN AVE,41.910908,-87.601373,12/25/2016 05:40:00 AM,2016
CR00011404,04/26/2021 01:14:00 PM,40,CLEAR,DARKNESS,REAR END,T-INTERSECTION,TRAFFIC SIGNAL,FAILING TO YIELD RIGHT-OF-WAY,IMPROPER LANE USAGE,0,0,0,0,13,2,4,408,BROADWAY,41.96769,-87.848724,04/26/2021 02:22:00 PM,2021
CR00011405,03/24/2023 05:37:00 PM,45,RAIN,DAYLIGHT,ANGLE,NOT DIVIDED,UNKNOWN,DISTRACTION - FROM INSIDE VEHICLE,DISTRACTION - FROM INSIDE VEHICLE,0,0,3,3,17,6,3,517,ELSTON AVE,41.933633,-87.695485,03/24/2023 05:48:00 PM,2023
CR00011406,04/26/2020 04:14:00 PM,30,FOG/SMOKE/HAZE,DARKNESS,REAR END,DIVIDED - W/MEDIAN BARRIER,TRAFFIC SIGNAL,FAILING TO YIELD RIGHT-OF-WAY,FOLLOWING TOO CLOSELY,0,0,0,0,16,1,4,1484,CLARK ST,41.812663,-87.565454,04/26/2020 05:50:00 PM,2020
CR00011407,06/26/2023 05:55:00 PM,30,CLOUDY/OVERCAST,DAYLIGHT,SIDESWIPE SAME DIRECTION,ONE-WAY,STOP SIGN/FLASHER,DRIVING SKILLS/KNOWLEDGE/EXPERIENCE,UNABLE TO DETERMINE,0,0,0,0,17,2,6,107,BROADWAY,41.922477,-87.815714,06/26/2023 07:50:00 PM,2023
CR00011408,05/10/2016 04:22:00 PM,25,SNOW,DAYLIGHT,SIDESWIPE SAME DIRECTION,T-INTERSECTION,TRAFFIC SIGNAL,UNABLE TO DETERMINE,IMPROPER LANE USAGE,0,0,0,0,16,3,5,796,MICHIGAN AVE,41.851864,-87.831278,05/10/2016 06:19:00 PM,2016
CR00011409,08/29/2016 07:49:00 PM,30,RAIN,DARKNESS,REAR END,ONE-WAY,STOP SIGN/FLASHER,FAILING TO REDUCE SPEED,UNABLE TO DETERMINE,0,0,0,0,19,2,8,716,DAMEN AVE,41.982776,-87.69594,08/29/2016 08:50:00 PM,2016
CR00011410,01/15/2022 07:52:00 AM,45,RAIN,DAYLIGHT,REAR TO FRONT,NOT DIVIDED,STOP SIGN/FLASHER,DRIVING SKILLS/KNOWLEDGE/EXPERIENCE,UNABLE TO DETERMINE,0,0,0,0,7,7,1,435,FULLERTON AVE,41.748262,-87.794209,01/15/2022 08:17:00 AM,2022
CR00011411,06/14/2022 04:32:00 PM,30,CLOUDY/OVERCAST,DAYLIGHT,REAR END,NOT DIVIDED,TRAFFIC SIGNAL,DISREGARDING TRAFFIC SIGNALS,FAILING TO REDUCE SPEED,0,0,0,0,16,3,6,1938,LAKE SHORE DR,41.846864,-87.732805,06/14/2022 05:46:00 PM,2022
CR00011412,04/12/2016 02:29:00 AM,45,FOG/SMOKE/HAZE,DARKNESS - LIGHTED ROAD,SIDESWIPE SAME DIRECTION,DIVIDED - W/MEDIAN (NOT RAISED),TRAFFIC SIGNAL,FOLLOWING TOO CLOSELY,IMPROPER OVERTAKING/PASSING,0,0,0,0,2,3,4,1392,ELSTON AVE,41.703442,-87.592639,04/12/2016 03:28:00 AM,2016
CR00011413,06/29/2022 07:15:00 AM,30,CLEAR,DAYLIGHT,PEDESTRIAN,FOUR WAY,YIELD,FAILING TO YIELD RIGHT-OF-WAY,DISREGARDING TRAFFIC SIGNALS,0,0,0,0,7,4,6,578,FULLERTON AVE,41.812438,-87.828012,06/29/2022 07:22:00 AM,2022
CR00011414,06/04/2018 08:40:00 AM,15,CLEAR,DAYLIGHT,REAR END,NOT DIVIDED,TRAFFIC SIGNAL,DRIVING SKILLS/KNOWLEDGE/EXPERIENCE,NOT APPLICABLE,0,0,0,0,8,2,6,186,KEDZIE AVE,41.730245,-87.808737,06/04/2018 09:07:00 AM,2018
CR00011415,12/27/2024 04:06:00 AM,35,SNOW,DAYLIGHT,ANGLE,FOUR WAY,NO CONTROLS,FOLLOWING TOO CLOSELY,NOT APPLICABLE,0,0,0,0,4,6,12,2220,WESTERN AVE,41.704052,-87.584729,12/27/2024 05:54:00 AM,2024
CR00011416,05/15/2024 08:57:00 AM,20,CLEAR,DAYLIGHT,ANGLE,NOT DIVIDED,NO CONTROLS,UNABLE TO DETERMINE,NOT APPLICABLE,0,0,0,0,8,4,5,1532,IRVING PARK RD,41.962555,-87.679803,05/15/2024 09:09:00 AM,2024
CR00011417,02/01/2022 01:30:00 PM,35,CLEAR,DAYLIGHT,TURNING,DIVIDED - W/MEDIAN (NOT RAISED),UNKNOWN,FAILING TO REDUCE SPEED,WEATHER,0,0,0,0,13,3,2,800,ELSTON AVE,41.761512,-87.800947,02/01/2022 03:28:00 PM,2022
CR00011418,09/10/2017 06:20:00 AM,20,CLEAR,DAYLIGHT,REAR END,DIVIDED - W/MEDIAN (NOT RAISED),TRAFFIC SIGNAL,FAILING TO REDUCE SPEED,UNABLE TO DETERMINE,0,0,0,0,6,1,9,576,MICHIGAN AVE,41.868561,-87.63551,09/10/2017 08:13:00 AM,2017
CR00011419,03/07/2019 08:01:00 PM,30,RAIN,DAYLIGHT,TURNING,FOUR WAY,STOP SIGN/FLASHER,DISREGARDING TRAFFIC SIGNALS,NOT APPLICABLE,0,0,0,0,20,5,3,2144,ELSTON AVE,41.976756,-87.617039,03/07/2019 08:23:00 PM,2019
CR00011420,10/12/2023 08:04:00 AM,25,CLEAR,DAYLIGHT,REAR END,DIVIDED - W/MEDIAN (NOT RAISED),STOP SIGN/FLASHER,UNABLE TO DETERMINE,NOT APPLICABLE,0,0,0,0,8,5,10,328,79TH ST,41.808241,-87.504952,10/12/2023 08:36:00 AM,2023
CR00011421,01/20/2021 08:08:00 AM,35,CLEAR,DAYLIGHT,SIDESWIPE SAME DIRECTION,FOUR WAY,NO CONTROLS,DISTRACTION - FROM INSIDE VEHICLE,IMPROPER OVERTAKING/PASSING,0,0,3,3,8,4,1,1782,ROOSEVELT RD,41.776316,-87.555225,01/20/2021 08:25:00 AM,2021
CR00011422,11/04/2023 03:23:00 PM,35,SNOW,DAWN,FIXED OBJECT,NOT DIVIDED,STOP SIGN/FLASHER,UNABLE TO DETERMINE,FAILING TO REDUCE SPEED,0,0,0,0,15,7,11,553,ASHLAND AVE,41.792463,-87.68102,11/04/2023 04:37:00 PM,2023
CR00011423,04/11/2017 01:31:00 PM,45,CLEAR,DARKNESS - LIGHTED ROAD,PARKED MOTOR VEHICLE,NOT DIVIDED,TRAFFIC SIGNAL,UNABLE TO DETERMINE,NOT APPLICABLE,0,0,1,1,13,3,4,988,79TH ST,41.776648,-87.575484,04/11/2017 02:25:00 PM,2017
CR00011424,09/10/2017 08:51:00 AM,35,CLEAR,DAWN,SIDESWIPE SAME DIRECTION,DIVIDED - W/MEDIAN BARRIER,NO CONTROLS,WEATHER,IMPROPER OVERTAKING/PASSING,0,0,0,0,8,1,9,1749,ROOSEVELT RD,41.879182,-87.730781,09/10/2017 10:39:00 AM,2017
CR00011425,12/15/2018 08:24:00 PM,30,RAIN,DARKNESS - LIGHTED ROAD,REAR END,NOT DIVIDED,TRAFFIC SIGNAL,IMPROPER LANE USAGE,UNABLE TO DETERMINE,0,0,0,0,20,7,12,2221,CALIFORNIA AVE,41.824561,-87.538195,12/15/2018 08:36:00 PM,2018
CR00011426,10/31/2021 12:28:00 PM,35,CLOUDY/OVERCAST,DARKNESS,SIDESWIPE SAME DIRECTION,DIVIDED - W/MEDIAN BARRIER,NO CONTROLS,FAILING TO YIELD RIGHT-OF-WAY,IMPROPER LANE USAGE,0,0,0,0,12,1,10,2346,ASHLAND AVE,41.887169,-87.726944,10/31/2021 12:39:00 PM,2021
CR00011427,12/29/2016 03:54:00 PM,15,CLEAR,DAYLIGHT,REAR END,NOT DIVIDED,NO CONTROLS,UNABLE TO DETERMINE,NOT APPLICABLE,0,0,2,2,15,5,12,996,ARCHER AVE,41.730739,-87.849154,12/29/2016 05:00:00 PM,2016
CR00011428,09/21/2024 04:58:00 PM,30,CLEAR,DAYLIGHT,REAR END,NOT DIVIDED,STOP SIGN/FLASHER,DRIVING SKILLS/KNOWLEDGE/EXPERIENCE,DISTRACTION - FROM INSIDE VEHICLE,0,0,0,0,16,7,9,380,DAMEN AVE,41.975055,-87.714533,09/21/2024 05:01:00 PM,2024
CR00011429,10/10/2018 09:54:00 AM,35,CLEAR,DARKNESS,SIDESWIPE SAME DIRECTION,FOUR WAY,PEDESTRIAN CROSSING SIGN,FOLLOWING TOO CLOSELY,FOLLOWING TOO CLOSELY,0,0,1,1,9,4,10,1187,79TH ST,41.944711,-87.677893,10/10/2018 11:47:00 AM,2018
CR00011430,07/26/2016 08:18:00 AM,35,RAIN,DAYLIGHT,REAR END,DIVIDED - W/MEDIAN (NOT RAISED),PEDESTRIAN CROSSING SIGN,DISTRACTION - FROM INSIDE VEHICLE,NOT APPLICABLE,0,0,0,0,8,3,7,1829,ARCHER AVE,41.846013,-87.777048,07/26/2016 09:25:00 AM,2016
CR00011431,07/20/2019 12:37:00 AM,30,CLEAR,DAYLIGHT,REAR END,NOT DIVIDED,TRAFFIC SIGNAL,FAILING TO REDUCE SPEED,FAILING TO REDUCE SPEED,0,0,0,0,0,7,7,570,FULLERTON AVE,41.886635,-87.557023,07/20/2019 01:46:00 AM,2019
CR00011432,05/24/2016 04:11:00 AM,35,CLEAR,DUSK,PARKED MOTOR VEHICLE,ONE-WAY,NO CONTROLS,DISTRACTION - FROM INSIDE VEHICLE,FOLLOWING TOO CLOSELY,0,0,0,0,4,3,5,919,KEDZIE AVE,41.837813,-87.701972,05/24/2016 06:04:00 AM,2016
CR00011433,06/22/2024 06:44:00 PM,40,SNOW,DAYLIGHT,ANGLE,ONE-WAY,NO CONTROLS,IMPROPER LANE USAGE,IMPROPER OVERTAKING/PASSING,0,0,0,0,18,7,6,133,BROADWAY,41.887161,-87.789537,06/22/2024 07:11:00 PM,2024
CR00011434,07/17/2022 05:08:00 PM,30,CLEAR,DARKNESS - LIGHTED ROAD,ANGLE,NOT DIVIDED,UNKNOWN,UNABLE TO DETERMINE,NOT APPLICABLE,0,0,0,0,17,1,7,2044,LAKE SHORE DR,41.956705,-87.657034,07/17/2022 06:43:00 PM,2022
CR00011435,07/16/2024 03:03:00 AM,25,CLEAR,DAYLIGHT,ANGLE,NOT DIVIDED,PEDESTRIAN CROSSING SIGN,UNABLE TO DETERMINE,DRIVING SKILLS/KNOWLEDGE/EXPERIENCE,0,0,0,0,3,3,7,1249,47TH ST,41.987655,-87.649144,07/16/2024 03:32:00 AM,2024
CR00011436,01/22/2024 08:08:00 PM,30,CLEAR,DAYLIGHT,PEDESTRIAN,DIVIDED - W/MEDIAN (NOT RAISED),TRAFFIC SIGNAL,WEATHER,DISTRACTION - FROM INSIDE VEHICLE,0,0,0,0,20,2,1,1789,OGDEN AVE,41.859519,-87.527806,01/22/2024 09:00:00 PM,2024
CR00011437,05/22/2024 12:45:00 PM,30,FREEZING RAIN/DRIZZLE,DAYLIGHT,SIDESWIPE SAME DIRECTION,DIVIDED - W/MEDIAN BARRIER,STOP SIGN/FLASHER,WEATHER,FAILING TO REDUCE SPEED,0,0,1,1,12,4,5,1098,IRVING PARK RD,41.831331,-87.661054,05/22/2024 01:09:00 PM,2024
CR00011438,08/28/2019 03:00:00 PM,45,RAIN,DARKNESS,TURNING,ONE-WAY,TRAFFIC SIGNAL,IMPROPER OVERTAKING/PASSING,FOLLOWING TOO CLOSELY,0,0,0,0,15,4,8,2516,ELSTON AVE,41.911223,-87.628404,08/28/2019 03:24:00 PM,2019
CR00011439,09/26/2020 01:40:00 PM,20,CLEAR,DAYLIGHT,PEDESTRIAN,NOT DIVIDED,TRAFFIC SIGNAL,FAILING TO REDUCE SPEED,IMPROPER OVERTAKING/PASSING,0,0,0,0,13,7,9,885,CICERO AVE,41.969681,-87.553475,09/26/2020 01:44:00 PM,2020
CR00011440,08/08/2015 03:01:00 PM,30,CLEAR,DAYLIGHT,SIDESWIPE SAME DIRECTION,DIVIDED - W/MEDIAN (NOT RAISED),NO CONTROLS,FAILING TO YIELD RIGHT-OF-WAY,UNABLE TO DETERMINE,0,1,3,4,15,7,8,970,CLARK ST,41.84546,-87.501902,08/08/2015 04:53:00 PM,2015
CR00011441,01/12/2022 07:09:00 PM,20,CLEAR,DAYLIGHT,REAR END,NOT DIVIDED,NO CONTROLS,DISTRACTION - FROM INSIDE VEHICLE,DISTRACTION - FROM INSIDE VEHICLE,0,0,0,0,19,4,1,1735,IRVING PARK RD,41.932287,-87.618542,01/12/2022 09:09:00 PM,2022
CR00011442,11/19/2020 08:44:00 AM,30,CLOUDY/OVERCAST,DARKNESS - LIGHTED ROAD,REAR END,FOUR WAY,NO CONTROLS,DRIVING SKILLS/KNOWLEDGE/EXPERIENCE,DISTRACTION - FROM INSIDE VEHICLE,0,0,1,1,8,5,11,1628,ROOSEVELT RD,41.827507,-87.696779,11/19/2020 10:22:00 AM,2020
CR00011443,03/29/2022 11:43:00 AM,30,FOG/SMOKE/HAZE,DAYLIGHT,REAR END,DIVIDED - W/MEDIAN BARRIER,NO CONTROLS,UNABLE TO DETERMINE,FOLLOWING TOO CLOSELY,0,0,0,0,11,3,3,1990,BROADWAY,41.89841,-87.719883,03/29/2022 12:47:00 PM,2022
CR00011444,01/28/2021 12:24:00 PM,40,RAIN,DAYLIGHT,FIXED OBJECT,NOT DIVIDED,NO CONTROLS,IMPROPER OVERTAKING/PASSING,IMPROPER OVERTAKING/PASSING,0,0,0,0,12,5,1,1733,FULLERTON AVE,41.868934,-87.582931,01/28/2021 01:57:00 PM,2021
CR00011445,11/26/2023 12:16:00 PM,45,CLOUDY/OVERCAST,DAYLIGHT,TURNING,NOT DIVIDED,NO CONTROLS,FAILING TO YIELD RIGHT-OF-WAY,UNABLE TO DETERMINE,0,0,1,1,12,1,11,366,79TH ST,41.876906,-87.778196,11/26/2023 01:28:00 PM,2023
CR00011446,01/23/2022 07:59:00 AM,25,RAIN,DAYLIGHT,TURNING,T-INTERSECTION,UNKNOWN,FAILING TO YIELD RIGHT-OF-WAY,UNABLE TO DETERMINE,0,2,3,5,7,1,1,601,OGDEN AVE,41.724204,-87.515437,01/23/2022 09:57:00 AM,2022
CR00011447,11/27/2015 10:43:00 AM,25,CLEAR,DAYLIGHT,SIDESWIPE SAME DIRECTION,ONE-WAY,STOP SIGN/FLASHER,IMPROPER OVERTAKING/PASSING,UNABLE TO DETERMINE,0,0,0,0,10,6,11,182,KEDZIE AVE,41.769109,-87.746057,11/27/2015 11:49:00 AM,2015
CR00011448,01/16/2022 09:15:00 AM,25,CLEAR,DARKNESS - LIGHTED ROAD,PARKED MOTOR VEHICLE,ONE-WAY,TRAFFIC SIGNAL,UNABLE TO DETERMINE,DISREGARDING TRAFFIC SIGNALS,0,0,3,3,9,1,1,504,CICERO AVE,41.991555,-87.791524,01/16/2022 10:30:00 AM,2022