CRASH_RECORD_ID,CRASH_DATE,POSTED_SPEED_LIMIT,WEATHER_CONDITION,LIGHTING_CONDITION,FIRST_CRASH_TYPE,TRAFFICWAY_TYPE,TRAFFIC_CONTROL_DEVICE,PRIM_CONTRIBUTORY_CAUSE,SEC_CONTRIBUTORY_CAUSE,INJURIES_FATAL,INJURIES_INCAPACITATING,INJURIES_NON_INCAPACITATING,INJURIES_TOTAL,CRASH_HOUR,CRASH_DAY_OF_WEEK,CRASH_MONTH,BEAT_OF_OCCURRENCE,STREET_NAME,LATITUDE,LONGITUDE,DATE_POLICE_NOTIFIED,year
CR00011449,04/09/2019 01:31:00 PM,20,CLEAR,DARKNESS - LIGHTED ROAD,TURNING,ONE-WAY,NO CONTROLS,DISTRACTION - FROM INSIDE VEHICLE,DRIVING SKILLS/KNOWLEDGE/EXPERIENCE,0,0,3,3,13,3,4,929,STATE ST,41.805246,-87.644806,04/09/2019 02:08:00 PM,2019
CR00011450,08/01/2016 10:49:00 AM,30,CLEAR,DAYLIGHT,REAR END,DIVIDED - W/MEDIAN BARRIER,NO CONTROLS,FOLLOWING TOO CLOSELY,IMPROPER OVERTAKING/PASSING,0,0,1,1,10,2,8,2112,47TH ST,41.775923,-87.513861,08/01/2016 11:20:00 AM,2016
CR00011451,12/30/2023 02:52:00 AM,45,CLEAR,DAYLIGHT,PARKED MOTOR VEHICLE,ONE-WAY,TRAFFIC SIGNAL,DISREGARDING TRAFFIC SIGNALS,FOLLOWING TOO CLOSELY,0,0,0,0,2,7,12,1927,47TH ST,41.93048,-87.848771,12/30/2023 03:56:00 AM,2023
CR00011452,12/08/2019 04:41:00 PM,15,CLEAR,DAYLIGHT,SIDESWIPE SAME DIRECTION,DIVIDED - W/MEDIAN (NOT RAISED),NO CONTROLS,DISTRACTION - FROM INSIDE VEHICLE,UNABLE TO DETERMINE,0,0,0,0,16,1,12,2360,OGDEN AVE,41.773864,-87.827196,12/08/2019 05:40:00 PM,2019
CR00011453,07/02/2018 03:39:00 PM,15,CLEAR,DAYLIGHT,PARKED MOTOR VEHICLE,NOT DIVIDED,NO CONTROLS,DISTRACTION - FROM INSIDE VEHICLE,NOT APPLICABLE,0,0,0,0,15,2,7,1526,CLARK ST,41.859199,-87.522564,07/02/2018 05:15:00 PM,2018
CR00011454,05/28/2021 12:31:00 PM,30,SNOW,DAYLIGHT,PEDESTRIAN,NOT DIVIDED,TRAFFIC SIGNAL,UNABLE TO DETERMINE,FAILING TO REDUCE SPEED,0,1,2,3,12,6,5,1640,BROADWAY,41.922622,-87.625176,05/28/2021 01:51:00 PM,2021
CR00011455,07/09/2024 08:34:00 AM,40,CLEAR,DAYLIGHT,REAR TO FRONT,DIVIDED - W/MEDIAN BARRIER,TRAFFIC SIGNAL,FOLLOWING TOO CLOSELY,DRIVING SKILLS/KNOWLEDGE/EXPERIENCE,0,0,1,1,8,3,7,1110,MICHIGAN AVE,41.847833,-87.830647,07/09/2024 09:50:00 AM,2024
CR00011456,12/03/2022 07:32:00 AM,35,CLEAR,DAYLIGHT,PARKED MOTOR VEHICLE,NOT DIVIDED,STOP SIGN/FLASHER,FOLLOWING TOO CLOSELY,UNABLE TO DETERMINE,0,0,0,0,7,7,12,715,ARCHER AVE,41.949208,-87.722844,12/03/2022 08:10:00 AM,2022
CR00011457,10/20/2023 08:32:00 AM,30,RAIN,DAYLIGHT,PARKED MOTOR VEHICLE,NOT DIVIDED,YIELD,DRIVING SKILLS/KNOWLEDGE/EXPERIENCE,UNABLE TO DETERMINE,0,0,0,0,8,6,10,2191,DIVISION ST,41.896784,-87.711854,10/20/2023 10:16:00 AM,2023
CR00011458,07/18/2018 03:20:00 PM,25,CLEAR,DARKNESS,ANGLE,NOT DIVIDED,NO CONTROLS,IMPROPER LANE USAGE,DISREGARDING TRAFFIC SIGNALS,0,0,0,0,15,4,7,1355,ARCHER AVE,41.96014,-87.50678,07/18/2018 03:25:00 PM,2018
CR00011459,08/21/2021 01:16:00 PM,35,SNOW,DAWN,ANGLE,FOUR WAY,UNKNOWN,FOLLOWING TOO CLOSELY,FAILING TO YIELD RIGHT-OF-WAY,0,0,0,0,13,7,8,1176,IRVING PARK RD,41.895981,-87.71349,08/21/2021 01:19:00 PM,2021
CR00011460,01/09/2017 11:51:00 AM,25,SNOW,DAYLIGHT,REAR END,NOT DIVIDED,STOP SIGN/FLASHER,UNABLE TO DETERMINE,UNABLE TO DETERMINE,0,0,0,0,11,2,1,1952,BROADWAY,41.9087,-87.834681,01/09/2017 12:58:00 PM,2017
CR00011461,08/21/2024 12:32:00 AM,30,CLEAR,DAYLIGHT,PARKED MOTOR VEHICLE,DIVIDED - W/MEDIAN (NOT RAISED),TRAFFIC SIGNAL,FAILING TO YIELD RIGHT-OF-WAY,FOLLOWING TOO CLOSELY,0,0,0,0,0,4,8,1079,CLARK ST,41.925495,-87.670475,08/21/2024 02:11:00 AM,2024
CR00011462,11/28/2022 04:03:00 PM,20,CLEAR,DAYLIGHT,REAR END,NOT DIVIDED,NO CONTROLS,FOLLOWING TOO CLOSELY,UNABLE TO DETERMINE,0,0,1,1,16,2,11,502,PULASKI RD,41.995465,-87.767272,11/28/2022 05:41:00 PM,2022
CR00011463,05/28/2019 09:51:00 PM,35,CLEAR,DAYLIGHT,PARKED MOTOR VEHICLE,NOT DIVIDED,PEDESTRIAN CROSSING SIGN,DISREGARDING TRAFFIC SIGNALS,IMPROPER LANE USAGE,0,0,1,1,21,3,5,582,KEDZIE AVE,41.85641,-87.645542,05/28/2019 10:44:00 PM,2019
CR00011464,07/21/2016 06:04:00 PM,30,SNOW,DARKNESS,TURNING,NOT DIVIDED,NO CONTROLS,FOLLOWING TOO CLOSELY,FOLLOWING TOO CLOSELY,0,0,0,0,18,5,7,1520,CALIFORNIA AVE,41.892317,-87.50125,07/21/2016 07:56:00 PM,2016
CR00011465,02/26/2017 05:10:00 AM,25,CLEAR,DARKNESS,REAR END,FOUR WAY,NO CONTROLS,DISREGARDING TRAFFIC SIGNALS,UNABLE TO DETERMINE,0,0,1,1,5,1,2,2289,OGDEN AVE,41.781786,-87.574932,02/26/2017 05:33:00 AM,2017
CR00011466,08/11/2024 07:34:00 AM,40,CLEAR,DAYLIGHT,SIDESWIPE SAME DIRECTION,FOUR WAY,NO CONTROLS,WEATHER,UNABLE TO DETERMINE,0,0,0,0,7,1,8,1585,DIVISION ST,41.708635,-87.800579,08/11/2024 08:38:00 AM,2024
CR00011467,07/01/2016 08:49:00 PM,35,CLEAR,DAYLIGHT,REAR END,DIVIDED - W/MEDIAN (NOT RAISED),TRAFFIC SIGNAL,UNABLE TO DETERMINE,NOT APPLICABLE,0,0,0,0,20,6,7,2033,CICERO AVE,41.730873,-87.733355,07/01/2016 09:29:00 PM,2016
CR00011468,05/17/2023 09:25:00 PM,40,CLEAR,DARKNESS - LIGHTED ROAD,REAR END,DIVIDED - W/MEDIAN (NOT RAISED),TRAFFIC SIGNAL,UNABLE TO DETERMINE,DISREGARDING TRAFFIC SIGNALS,0,0,0,0,21,4,5,2431,47TH ST,41.737346,-87.844853,05/17/2023 11:21:00 PM,2023
CR00011469,09/24/2022 09:07:00 AM,15,CLEAR,DARKNESS - LIGHTED ROAD,TURNING,DIVIDED - W/MEDIAN (NOT RAISED),TRAFFIC SIGNAL,UNABLE TO DETERMINE,FAILING TO YIELD RIGHT-OF-WAY,0,0,0,0,9,7,9,2026,79TH ST,41.867114,-87.707798,09/24/2022 10:11:00 AM,2022
CR00011470,04/30/2024 07:53:00 PM,30,CLEAR,DARKNESS - LIGHTED ROAD,REAR END,DIVIDED - W/MEDIAN (NOT RAISED),NO CONTROLS,FOLLOWING TOO CLOSELY,DISTRACTION - FROM INSIDE VEHICLE,0,0,1,1,19,3,4,785,ASHLAND AVE,41.778076,-87.518867,04/30/2024 09:37:00 PM,2024
CR00011471,03/19/2023 05:36:00 AM,30,CLOUDY/OVERCAST,DAYLIGHT,REAR END,FOUR WAY,NO CONTROLS,FOLLOWING TOO CLOSELY,UNABLE TO DETERMINE,0,0,0,0,5,1,3,1100,DAMEN AVE,41.888858,-87.767622,03/19/2023 06:47:00 AM,2023
CR00011472,04/14/2021 04:09:00 PM,30,CLEAR,DUSK,REAR END,NOT DIVIDED,YIELD,UNABLE TO DETERMINE,NOT APPLICABLE,0,0,1,1,16,4,4,155,CICERO AVE,41.768329,-87.522724,04/14/2021 04:40:00 PM,2021
CR00011473,08/02/2016 04:54:00 PM,35,CLEAR,DAYLIGHT,ANGLE,FOUR WAY,TRAFFIC SIGNAL,IMPROPER LANE USAGE,UNABLE TO DETERMINE,0,0,0,0,16,3,8,315,63RD ST,41.935443,-87.848239,08/02/2016 05:07:00 PM,2016
CR00011474,04/21/2024 05:09:00 PM,30,CLEAR,DAYLIGHT,REAR END,ONE-WAY,UNKNOWN,UNABLE TO DETERMINE,DISREGARDING TRAFFIC SIGNALS,0,0,2,2,17,1,4,367,ASHLAND AVE,41.916755,-87.797274,04/21/2024 05:51:00 PM,2024
CR00011475,11/13/2018 08:58:00 PM,30,CLEAR,DAYLIGHT,TURNING,DIVIDED - W/MEDIAN (NOT RAISED),TRAFFIC SIGNAL,DISREGARDING TRAFFIC SIGNALS,NOT APPLICABLE,0,0,0,0,20,3,11,575,CLARK ST,41.812845,-87.675,11/13/2018 10:36:00 PM,2018
CR00011476,06/01/2021 07:11:00 AM,25,RAIN,DARKNESS - LIGHTED ROAD,REAR END,NOT DIVIDED,NO CONTROLS,FAILING TO YIELD RIGHT-OF-WAY,DRIVING SKILLS/KNOWLEDGE/EXPERIENCE,0,0,0,0,7,3,6,719,DIVISION ST,41.924481,-87.521591,06/01/2021 08:37:00 AM,2021
CR00011477,07/30/2015 04:47:00 PM,35,CLEAR,DARKNESS - LIGHTED ROAD,REAR END,DIVIDED - W/MEDIAN (NOT RAISED),TRAFFIC SIGNAL,UNABLE TO DETERMINE,UNABLE TO DETERMINE,0,0,2,2,16,5,7,2508,HALSTED ST,41.712844,-87.780482,07/30/2015 06:05:00 PM,2015
CR00011478,04/18/2021 08:32:00 PM,30,CLEAR,DARKNESS - LIGHTED ROAD,ANGLE,NOT DIVIDED,NO CONTROLS,FAILING TO YIELD RIGHT-OF-WAY,IMPROPER OVERTAKING/PASSING,0,0,1,1,20,1,4,2083,DAMEN AVE,41.764873,-87.69014,04/18/2021 09:03:00 PM,2021
CR00011479,10/20/2016 07:50:00 AM,15,CLEAR,DAYLIGHT,PARKED MOTOR VEHICLE,NOT DIVIDED,UNKNOWN,WEATHER,FAILING TO YIELD RIGHT-OF-WAY,0,0,2,2,7,5,10,1100,MILWAUKEE AVE,41.905619,-87.696616,10/20/2016 08:52:00 AM,2016
CR00011480,09/19/2016 06:51:00 PM,35,CLEAR,DUSK,ANGLE,DIVIDED - W/MEDIAN (NOT RAISED),UNKNOWN,UNABLE TO DETERMINE,NOT APPLICABLE,0,0,0,0,18,2,9,1353,WESTERN AVE,41.819748,-87.611279,09/19/2016 08:03:00 PM,2016
CR00011481,07/14/2022 05:33:00 AM,25,CLOUDY/OVERCAST,DAYLIGHT,REAR END,ONE-WAY,TRAFFIC SIGNAL,UNABLE TO DETERMINE,UNABLE TO DETERMINE,0,0,0,0,5,5,7,872,KEDZIE AVE,41.901552,-87.586535,07/14/2022 06:46:00 AM,2022
CR00011482,10/04/2021 04:20:00 PM,15,FOG/SMOKE/HAZE,DAYLIGHT,REAR END,NOT DIVIDED,NO CONTROLS,WEATHER,IMPROPER LANE USAGE,0,0,0,0,16,2,10,2147,ASHLAND AVE,41.945791,-87.696215,10/04/2021 05:52:00 PM,2021
CR00011483,05/28/2016 03:06:00 PM,25,CLEAR,DAYLIGHT,TURNING,ONE-WAY,NO CONTROLS,FOLLOWING TOO CLOSELY,UNABLE TO DETERMINE,0,0,0,0,15,7,5,1344,79TH ST,41.908888,-87.784352,05/28/2016 03:14:00 PM,2016
CR00011484,08/09/2015 04:50:00 PM,15,RAIN,DAYLIGHT,PEDESTRIAN,FOUR WAY,STOP SIGN/FLASHER,UNABLE TO DETERMINE,FAILING TO REDUCE SPEED,0,0,0,0,16,1,8,1003,WESTERN AVE,41.853374,-87.803505,08/09/2015 05:54:00 PM,2015
CR00011485,06/12/2023 02:48:00 PM,30,CLEAR,DAYLIGHT,SIDESWIPE SAME DIRECTION,NOT DIVIDED,NO CONTROLS,FOLLOWING TOO CLOSELY,NOT APPLICABLE,0,0,0,0,14,2,6,102,79TH ST,41.763708,-87.823803,06/12/2023 04:44:00 PM,2023
CR00011486,11/22/2022 08:24:00 AM,40,CLEAR,DARKNESS,PARKED MOTOR VEHICLE,NOT DIVIDED,NO CONTROLS,FOLLOWING TOO CLOSELY,NOT APPLICABLE,0,0,0,0,8,3,11,1163,CICERO AVE,41.997778,-87.51253,11/22/2022 08:40:00 AM,2022
CR00011487,06/22/2023 08:47:00 PM,30,CLEAR,DAYLIGHT,REAR END,NOT DIVIDED,NO CONTROLS,UNABLE TO DETERMINE,DISTRACTION - FROM INSIDE VEHICLE,0,0,0,0,20,5,6,2337,HALSTED ST,41.726865,-87.676239,06/22/2023 09:46:00 PM,2023
CR00011488,03/26/2023 05:16:00 PM,25,SNOW,DARKNESS - LIGHTED ROAD,SIDESWIPE SAME DIRECTION,DIVIDED - W/MEDIAN (NOT RAISED),NO CONTROLS,FOLLOWING TOO CLOSELY,FAILING TO YIELD RIGHT-OF-WAY,0,0,0,0,17,1,3,1725,ASHLAND AVE,41.999352,-87.785831,03/26/2023 05:18:00 PM,2023
CR00011489,04/10/2015 07:33:00 PM,35,CLEAR,DAYLIGHT,PEDESTRIAN,T-INTERSECTION,UNKNOWN,DRIVING SKILLS/KNOWLEDGE/EXPERIENCE,UNABLE TO DETERMINE,0,0,0,0,19,6,4,1135,CICERO AVE,41.83442,-87.515167,04/10/2015 08:16:00 PM,2015
CR00011490,02/12/2018 11:03:00 AM,35,CLOUDY/OVERCAST,DARKNESS - LIGHTED ROAD,REAR END,NOT DIVIDED,NO CONTROLS,IMPROPER OVERTAKING/PASSING,FAILING TO REDUCE SPEED,0,0,1,1,11,2,2,2065,DAMEN AVE,41.708763,-87.762426,02/12/2018 12:20:00 PM,2018
CR00011491,07/02/2018 08:05:00 AM,25,CLEAR,DAYLIGHT,REAR END,DIVIDED - W/MEDIAN (NOT RAISED),UNKNOWN,FOLLOWING TOO CLOSELY,WEATHER,0,0,1,1,8,2,7,1921,STONY ISLAND AVE,41.717835,-87.72823,07/02/2018 09:19:00 AM,2018
CR00011492,03/23/2019 05:02:00 PM,30,CLEAR,DAYLIGHT,REAR END,DIVIDED - W/MEDIAN (NOT RAISED),UNKNOWN,UNABLE TO DETERMINE,FAILING TO YIELD RIGHT-OF-WAY,0,0,1,1,17,7,3,415,MILWAUKEE AVE,41.860536,-87.653424,03/23/2019 05:11:00 PM,2019
CR00011493,10/17/2020 07:42:00 AM,30,RAIN,DARKNESS - LIGHTED ROAD,REAR TO FRONT,DIVIDED - W/MEDIAN (NOT RAISED),TRAFFIC SIGNAL,DRIVING SKILLS/KNOWLEDGE/EXPERIENCE,UNABLE TO DETERMINE,0,0,2,2,7,7,10,944,WESTERN AVE,41.780576,-87.730137,10/17/2020 09:27:00 AM,2020
CR00011494,03/15/2016 07:15:00 AM,25,CLEAR,DAYLIGHT,PARKED MOTOR VEHICLE,T-INTERSECTION,TRAFFIC SIGNAL,UNABLE TO DETERMINE,FOLLOWING TOO CLOSELY,0,0,1,1,7,3,3,2231,79TH ST,41.782549,-87.564042,03/15/2016 09:03:00 AM,2016
CR00011495,10/06/2022 05:08:00 PM,15,CLEAR,DAYLIGHT,REAR END,NOT DIVIDED,YIELD,DRIVING SKILLS/KNOWLEDGE/EXPERIENCE,DRIVING SKILLS/KNOWLEDGE/EXPERIENCE,0,0,0,0,17,5,10,1727,STATE ST,41.844491,-87.583298,10/06/2022 06:49:00 PM,2022
CR00011496,03/08/2017 12:17:00 AM,45,CLEAR,DARKNESS - LIGHTED ROAD,SIDESWIPE SAME DIRECTION,NOT DIVIDED,NO CONTROLS,UNABLE TO DETERMINE,UNABLE TO DETERMINE,0,0,0,0,0,4,3,631,HALSTED ST,41.999528,-87.590347,03/08/2017 12:36:00 AM,2017
CR00011497,05/14/2024 12:23:00 PM,45,CLEAR,DAYLIGHT,SIDESWIPE SAME DIRECTION,NOT DIVIDED,PEDESTRIAN CROSSING SIGN,FAILING TO YIELD RIGHT-OF-WAY,FAILING TO REDUCE SPEED,0,1,2,3,12,3,5,2167,ARCHER AVE,41.743533,-87.693318,05/14/2024 02:03:00 PM,2024
CR00011498,12/01/2015 05:30:00 PM,45,CLEAR,DAYLIGHT,TURNING,ONE-WAY,NO CONTROLS,UNABLE TO DETERMINE,UNABLE TO DETERMINE,0,0,0,0,17,3,12,1191,MICHIGAN AVE,41.948049,-87.759725,12/01/2015 06:16:00 PM,2015
CR00011499,08/25/2017 03:39:00 PM,25,RAIN,DAYLIGHT,ANGLE,DIVIDED - W/MEDIAN (NOT RAISED),STOP SIGN/FLASHER,UNABLE TO DETERMINE,FAILING TO REDUCE SPEED,0,0,0,0,15,6,8,444,CALIFORNIA AVE,41.707823,-87.67323,08/25/2017 05:21:00 PM,2017
CR00011500,01/13/2019 08:08:00 PM,40,CLEAR,DAWN,ANGLE,DIVIDED - W/MEDIAN (NOT RAISED),STOP SIGN/FLASHER,UNABLE TO DETERMINE,FAILING TO YIELD RIGHT-OF-WAY,0,0,0,0,20,1,1,1567,ELSTON AVE,41.828537,-87.622198,01/13/2019 10:08:00 PM,2019
CR00011501,12/28/2019 06:10:00 PM,25,CLEAR,DAYLIGHT,REAR END,NOT DIVIDED,UNKNOWN,IMPROPER OVERTAKING/PASSING,FAILING TO YIELD RIGHT-OF-WAY,0,0,0,0,18,7,12,1717,CLARK ST,41.967484,-87.817311,12/28/2019 07:09:00 PM,2019
CR00011502,12/27/2015 02:01:00 AM,30,CLEAR,DARKNESS - LIGHTED ROAD,SIDESWIPE SAME DIRECTION,NOT DIVIDED,UNKNOWN,IMPROPER OVERTAKING/PASSING,NOT APPLICABLE,0,0,0,0,2,1,12,537,ASHLAND AVE,41.809223,-87.705843,12/27/2015 03:58:00 AM,2015
CR00011503,01/31/2015 05:38:00 PM,35,CLEAR,DARKNESS - LIGHTED ROAD,TURNING,T-INTERSECTION,TRAFFIC SIGNAL,DISREGARDING TRAFFIC SIGNALS,UNABLE TO DETERMINE,0,0,0,0,17,7,1,1318,LAKE SHORE DR,41.848215,-87.725072,01/31/2015 06:06:00 PM,2015
CR00011504,08/01/2021 09:44:00 AM,40,CLOUDY/OVERCAST,DAYLIGHT,REAR END,NOT DIVIDED,NO CONTROLS,IMPROPER OVERTAKING/PASSING,FOLLOWING TOO CLOSELY,0,0,0,0,9,1,8,575,FULLERTON AVE,41.861165,-87.777387,08/01/2021 09:51:00 AM,2021
CR00011505,03/12/2022 03:37:00 AM,35,CLEAR,DAYLIGHT,REAR END,T-INTERSECTION,NO CONTROLS,FOLLOWING TOO CLOSELY,DRIVING SKILLS/KNOWLEDGE/EXPERIENCE,0,0,0,0,3,7,3,601,DIVISION ST,41.759035,-87.622824,03/12/2022 04:04:00 AM,2022
CR00011506,02/21/2022 03:56:00 PM,35,CLEAR,DARKNESS - LIGHTED ROAD,TURNING,NOT DIVIDED,TRAFFIC SIGNAL,FAILING TO YIELD RIGHT-OF-WAY,UNABLE TO DETERMINE,0,0,0,0,15,2,2,125,ELSTON AVE,41.994397,-87.508824,02/21/2022 05:22:00 PM,2022
CR00011507,11/29/2019 02:30:00 PM,15,CLEAR,DARKNESS - LIGHTED ROAD,PEDESTRIAN,DIVIDED - W/MEDIAN (NOT RAISED),NO CONTROLS,IMPROPER LANE USAGE,UNABLE TO DETERMINE,0,0,0,0,14,6,11,1299,STATE ST,41.880072,-87.620127,11/29/2019 02:48:00 PM,2019
CR00011508,09/12/2022 12:51:00 AM,25,RAIN,DAYLIGHT,ANGLE,DIVIDED - W/MEDIAN (NOT RAISED),STOP SIGN/FLASHER,FOLLOWING TOO CLOSELY,NOT APPLICABLE,0,0,0,0,0,2,9,751,ROOSEVELT RD,41.73973,-87.603372,09/12/2022 02:49:00 AM,2022
CR00011509,08/23/2018 08:40:00 AM,35,CLEAR,DAYLIGHT,PARKED MOTOR VEHICLE,DIVIDED - W/MEDIAN BARRIER,NO CONTROLS,FAILING TO YIELD RIGHT-OF-WAY,UNABLE TO DETERMINE,0,0,3,3,8,5,8,519,WESTERN AVE,41.772193,-87.734593,08/23/2018 10:05:00 AM,2018
CR00011510,08/18/2023 06:32:00 PM,35,CLEAR,DAYLIGHT,REAR TO FRONT,NOT DIVIDED,TRAFFIC SIGNAL,IMPROPER LANE USAGE,FAILING TO YIELD RIGHT-OF-WAY,0,0,0,0,18,6,8,2065,ARCHER AVE,41.897221,-87.755285,08/18/2023 08:10:00 PM,2023
CR00011511,05/03/2016 06:24:00 PM,30,FOG/SMOKE/HAZE,DAYLIGHT,TURNING,NOT DIVIDED,UNKNOWN,UNABLE TO DETERMINE,FAILING TO YIELD RIGHT-OF-WAY,0,0,0,0,18,3,5,104,79TH ST,41.992067,-87.615057,05/03/2016 07:39:00 PM,2016
CR00011512,07/28/2015 07:27:00 AM,45,CLEAR,DAYLIGHT,ANGLE,ONE-WAY,STOP SIGN/FLASHER,WEATHER,FAILING TO YIELD RIGHT-OF-WAY,0,0,0,0,7,3,7,771,79TH ST,41.953251,-87.650326,07/28/2015 08:02:00 AM,2015
CR00011513,04/25/2019 04:58:00 PM,35,CLEAR,DAYLIGHT,SIDESWIPE SAME DIRECTION,T-INTERSECTION,UNKNOWN,FAILING TO YIELD RIGHT-OF-WAY,NOT APPLICABLE,0,0,3,3,16,5,4,1465,ROOSEVELT RD,41.97422,-87.68322,04/25/2019 06:48:00 PM,2019
CR00011514,02/12/2022 11:42:00 AM,30,CLEAR,DAYLIGHT,SIDESWIPE SAME DIRECTION,DIVIDED - W/MEDIAN (NOT RAISED),TRAFFIC SIGNAL,IMPROPER LANE USAGE,UNABLE TO DETERMINE,0,0,0,0,11,7,2,1374,47TH ST,41.768673,-87.673684,02/12/2022 01:05:00 PM,2022
CR00011515,04/15/2021 05:01:00 PM,30,CLEAR,DAYLIGHT,REAR END,FOUR WAY,NO CONTROLS,FAILING TO YIELD RIGHT-OF-WAY,IMPROPER OVERTAKING/PASSING,0,0,0,0,17,5,4,840,ELSTON AVE,41.974305,-87.511797,04/15/2021 06:04:00 PM,2021
CR00011516,04/01/2019 09:20:00 PM,30,RAIN,DAYLIGHT,FIXED OBJECT,DIVIDED - W/MEDIAN BARRIER,NO CONTROLS,DISREGARDING TRAFFIC SIGNALS,NOT APPLICABLE,0,0,0,0,21,2,4,2510,WESTERN AVE,41.884151,-87.650256,04/01/2019 10:11:00 PM,2019
CR00011517,06/21/2018 10:36:00 AM,15,CLEAR,DAYLIGHT,REAR END,T-INTERSECTION,STOP SIGN/FLASHER,DISTRACTION - FROM INSIDE VEHICLE,FOLLOWING TOO CLOSELY,0,0,0,0,10,5,6,1010,DIVISION ST,41.985044,-87.7298,06/21/2018 10:42:00 AM,2018
CR00011518,05/04/2022 08:04:00 AM,40,CLEAR,DAYLIGHT,FIXED OBJECT,DIVIDED - W/MEDIAN BARRIER,NO CONTROLS,UNABLE TO DETERMINE,DISREGARDING TRAFFIC SIGNALS,0,0,0,0,8,4,5,912,CLARK ST,41.794454,-87.646187,05/04/2022 09:48:00 AM,2022
CR00011519,11/17/2017 02:16:00 PM,25,RAIN,DARKNESS - LIGHTED ROAD,ANGLE,DIVIDED - W/MEDIAN (NOT RAISED),TRAFFIC SIGNAL,FAILING TO YIELD RIGHT-OF-WAY,FOLLOWING TOO CLOSELY,0,0,0,0,14,6,11,1197,HALSTED ST,41.858006,-87.78044,11/17/2017 02:41:00 PM,2017
CR00011520,06/30/2020 04:58:00 PM,20,SNOW,DAYLIGHT,FIXED OBJECT,NOT DIVIDED,NO CONTROLS,UNABLE TO DETERMINE,UNABLE TO DETERMINE,0,0,0,0,16,3,6,2299,79TH ST,41.97813,-87.529709,06/30/2020 06:49:00 PM,2020
CR00011521,09/10/2018 05:45:00 PM,20,CLEAR,DAYLIGHT,TURNING,NOT DIVIDED,TRAFFIC SIGNAL,UNABLE TO DETERMINE,DRIVING SKILLS/KNOWLEDGE/EXPERIENCE,0,0,0,0,17,2,9,441,ELSTON AVE,41.727045,-87.524699,09/10/2018 07:07:00 PM,2018
CR00011522,09/15/2015 05:45:00 PM,25,SNOW,DARKNESS - LIGHTED ROAD,TURNING,DIVIDED - W/MEDIAN (NOT RAISED),TRAFFIC SIGNAL,UNABLE TO DETERMINE,NOT APPLICABLE,0,0,1,1,17,3,9,1716,LAKE SHORE DR,41.862433,-87.714281,09/15/2015 05:59:00 PM,2015
CR00011523,09/28/2020 12:17:00 AM,15,CLEAR,DAYLIGHT,REAR TO FRONT,FOUR WAY,TRAFFIC SIGNAL,FOLLOWING TOO CLOSELY,DRIVING SKILLS/KNOWLEDGE/EXPERIENCE,0,0,1,1,0,2,9,2450,CICERO AVE,41.972609,-87.82018,09/28/2020 12:28:00 AM,2020
CR00011524,07/08/2019 05:47:00 PM,30,CLEAR,DARKNESS - LIGHTED ROAD,TURNING,NOT DIVIDED,STOP SIGN/FLASHER,DISTRACTION - FROM INSIDE VEHICLE,NOT APPLICABLE,0,0,0,0,17,2,7,114,47TH ST,41.837779,-87.828875,07/08/2019 07:21:00 PM,2019
CR00011525,09/04/2021 01:41:00 AM,35,CLEAR,DUSK,ANGLE,NOT DIVIDED,NO CONTROLS,FOLLOWING TOO CLOSELY,NOT APPLICABLE,0,0,0,0,1,7,9,2511,OGDEN AVE,41.86616,-87.714349,09/04/2021 01:52:00 AM,2021
CR00011526,09/17/2020 09:48:00 AM,30,CLEAR,DARKNESS - LIGHTED ROAD,SIDESWIPE SAME DIRECTION,DIVIDED - W/MEDIAN (NOT RAISED),STOP SIGN/FLASHER,IMPROPER OVERTAKING/PASSING,FAILING TO REDUCE SPEED,0,0,0,0,9,5,9,1799,STATE ST,41.819891,-87.592011,09/17/2020 10:50:00 AM,2020
CR00011527,05/22/2021 09:56:00 AM,35,RAIN,DARKNESS - LIGHTED ROAD,REAR END,NOT DIVIDED,UNKNOWN,FOLLOWING TOO CLOSELY,FOLLOWING TOO CLOSELY,0,0,0,0,9,7,5,590,WESTERN AVE,41.880417,-87.64847,05/22/2021 11:10:00 AM,2021
CR00011528,04/26/2017 03:39:00 PM,35,CLEAR,DAYLIGHT,FIXED OBJECT,NOT DIVIDED,TRAFFIC SIGNAL,FOLLOWING TOO CLOSELY,IMPROPER LANE USAGE,0,0,0,0,15,4,4,2105,STATE ST,41.962679,-87.720983,04/26/2017 04:19:00 PM,2017
CR00011529,05/18/2023 07:10:00 AM,40,CLEAR,DARKNESS - LIGHTED ROAD,SIDESWIPE SAME DIRECTION,NOT DIVIDED,STOP SIGN/FLASHER,DRIVING SKILLS/KNOWLEDGE/EXPERIENCE,DISREGARDING TRAFFIC SIGNALS,0,0,1,1,7,5,5,1106,DIVISION ST,41.8846,-87.649239,05/18/2023 07:51:00 AM,2023
CR00011530,07/02/2015 08:15:00 AM,30,CLEAR,DAYLIGHT,REAR END,FOUR WAY,NO CONTROLS,UNABLE TO DETERMINE,DISREGARDING TRAFFIC SIGNALS,0,0,0,0,8,5,7,1619,PULASKI RD,41.825501,-87.79618,07/02/2015 10:09:00 AM,2015
CR00011531,08/13/2015 07:13:00 PM,35,CLEAR,DAYLIGHT,FIXED OBJECT,NOT DIVIDED,NO CONTROLS,IMPROPER OVERTAKING/PASSING,FOLLOWING TOO CLOSELY,0,0,0,0,19,5,8,1441,BROADWAY,41.742322,-87.688752,08/13/2015 09:07:00 PM,2015