CRASH_RECORD_ID,CRASH_DATE,POSTED_SPEED_LIMIT,WEATHER_CONDITION,LIGHTING_CONDITION,FIRST_CRASH_TYPE,TRAFFICWAY_TYPE,TRAFFIC_CONTROL_DEVICE,PRIM_CONTRIBUTORY_CAUSE,SEC_CONTRIBUTORY_CAUSE,INJURIES_FATAL,INJURIES_INCAPACITATING,INJURIES_NON_INCAPACITATING,INJURIES_TOTAL,CRASH_HOUR,CRASH_DAY_OF_WEEK,CRASH_MONTH,BEAT_OF_OCCURRENCE,STREET_NAME,LATITUDE,LONGITUDE,DATE_POLICE_NOTIFIED,year
CR00011532,11/03/2021 04:25:00 PM,15,FREEZING RAIN/DRIZZLE,DAYLIGHT,REAR END,FOUR WAY,TRAFFIC SIGNAL,UNABLE TO DETERMINE,IMPROPER OVERTAKING/PASSING,0,0,0,0,16,4,11,2307,79TH ST,41.834403,-87.839308,11/03/2021 05:21:00 PM,2021
CR00011533,06/22/2022 12:47:00 AM,30,FOG/SMOKE/HAZE,DAYLIGHT,SIDESWIPE SAME DIRECTION,NOT DIVIDED,NO CONTROLS,DRIVING SKILLS/KNOWLEDGE/EXPERIENCE,UNABLE TO DETERMINE,0,0,0,0,0,4,6,2003,ROOSEVELT RD,41.882499,-87.771145,06/22/2022 12:56:00 AM,2022
CR00011534,05/19/2023 12:30:00 AM,30,CLEAR,DAYLIGHT,SIDESWIPE SAME DIRECTION,NOT DIVIDED,STOP SIGN/FLASHER,IMPROPER LANE USAGE,IMPROPER OVERTAKING/PASSING,0,0,0,0,0,6,5,969,DIVISION ST,41.717547,-87.75518,05/19/2023 01:37:00 AM,2023
CR00011535,12/10/2019 03:54:00 PM,15,CLOUDY/OVERCAST,DAYLIGHT,SIDESWIPE SAME DIRECTION,DIVIDED - W/MEDIAN (NOT RAISED),STOP SIGN/FLASHER,UNABLE TO DETERMINE,UNABLE TO DETERMINE,0,0,0,0,15,3,12,1397,WESTERN AVE,41.758127,-87.707397,12/10/2019 05:22:00 PM,2019
CR00011536,12/12/2024 08:40:00 AM,40,CLEAR,DAYLIGHT,PARKED MOTOR VEHICLE,DIVIDED - W/MEDIAN (NOT RAISED),TRAFFIC SIGNAL,UNABLE TO DETERMINE,NOT APPLICABLE,0,0,0,0,8,5,12,1557,CLARK ST,41.801898,-87.677322,12/12/2024 08:56:00 AM,2024
CR00011537,06/12/2015 07:21:00 AM,40,CLEAR,DAYLIGHT,PARKED MOTOR VEHICLE,DIVIDED - W/MEDIAN BARRIER,TRAFFIC SIGNAL,DRIVING SKILLS/KNOWLEDGE/EXPERIENCE,UNABLE TO DETERMINE,0,0,1,1,7,6,6,2013,MILWAUKEE AVE,41.775819,-87.712427,06/12/2015 09:12:00 AM,2015
CR00011538,07/04/2018 05:37:00 PM,25,CLEAR,DAYLIGHT,REAR END,NOT DIVIDED,NO CONTROLS,FAILING TO YIELD RIGHT-OF-WAY,UNABLE TO DETERMINE,0,0,0,0,17,4,7,1467,HALSTED ST,41.722959,-87.779418,07/04/2018 06:44:00 PM,2018
CR00011539,07/23/2024 06:18:00 PM,25,CLEAR,DAYLIGHT,ANGLE,DIVIDED - W/MEDIAN BARRIER,TRAFFIC SIGNAL,IMPROPER LANE USAGE,FAILING TO YIELD RIGHT-OF-WAY,0,0,0,0,18,3,7,1780,WESTERN AVE,41.880697,-87.736379,07/23/2024 08:09:00 PM,2024
CR00011540,09/04/2024 05:43:00 PM,25,RAIN,DAYLIGHT,PEDESTRIAN,ONE-WAY,STOP SIGN/FLASHER,FAILING TO REDUCE SPEED,IMPROPER OVERTAKING/PASSING,0,0,0,0,17,4,9,287,LAKE SHORE DR,41.883455,-87.720189,09/04/2024 05:47:00 PM,2024
CR00011541,04/11/2019 07:00:00 AM,30,CLEAR,DAYLIGHT,PARKED MOTOR VEHICLE,NOT DIVIDED,TRAFFIC SIGNAL,UNABLE TO DETERMINE,UNABLE TO DETERMINE,0,0,0,0,7,5,4,2250,STONY ISLAND AVE,41.745472,-87.562413,04/11/2019 08:14:00 AM,2019
CR00011542,06/18/2019 05:50:00 AM,30,CLEAR,DAYLIGHT,REAR END,NOT DIVIDED,STOP SIGN/FLASHER,IMPROPER OVERTAKING/PASSING,NOT APPLICABLE,0,0,0,0,5,3,6,1816,PULASKI RD,41.994054,-87.702683,06/18/2019 07:17:00 AM,2019
CR00011543,12/28/2021 06:21:00 AM,35,CLEAR,DAYLIGHT,ANGLE,ONE-WAY,STOP SIGN/FLASHER,FOLLOWING TOO CLOSELY,FAILING TO REDUCE SPEED,0,0,0,0,6,3,12,1614,KEDZIE AVE,41.80858,-87.544643,12/28/2021 06:42:00 AM,2021
CR00011544,12/24/2015 04:49:00 PM,45,CLEAR,DARKNESS,REAR END,NOT DIVIDED,NO CONTROLS,UNABLE TO DETERMINE,IMPROPER LANE USAGE,0,0,0,0,16,5,12,1635,47TH ST,41.93046,-87.609313,12/24/2015 06:08:00 PM,2015
CR00011545,01/19/2022 08:36:00 AM,40,CLEAR,DAYLIGHT,SIDESWIPE SAME DIRECTION,DIVIDED - W/MEDIAN (NOT RAISED),STOP SIGN/FLASHER,WEATHER,FOLLOWING TOO CLOSELY,0,0,1,1,8,4,1,1693,CALIFORNIA AVE,41.824223,-87.782951,01/19/2022 09:44:00 AM,2022
CR00011546,04/18/2017 02:48:00 AM,35,CLOUDY/OVERCAST,DARKNESS - LIGHTED ROAD,TURNING,NOT DIVIDED,STOP SIGN/FLASHER,FAILING TO YIELD RIGHT-OF-WAY,FAILING TO YIELD RIGHT-OF-WAY,0,0,0,0,2,3,4,1141,KEDZIE AVE,41.974685,-87.704303,04/18/2017 03:01:00 AM,2017
CR00011547,02/22/2022 10:26:00 PM,25,RAIN,DARKNESS - LIGHTED ROAD,PARKED MOTOR VEHICLE,FOUR WAY,STOP SIGN/FLASHER,UNABLE TO DETERMINE,FAILING TO YIELD RIGHT-OF-WAY,0,2,3,5,22,3,2,833,DIVISION ST,41.82691,-87.699289,02/23/2022 12:07:00 AM,2022
CR00011548,05/04/2019 03:10:00 PM,30,CLEAR,DARKNESS - LIGHTED ROAD,TURNING,NOT DIVIDED,TRAFFIC SIGNAL,FOLLOWING TOO CLOSELY,DRIVING SKILLS/KNOWLEDGE/EXPERIENCE,0,0,0,0,15,7,5,1292,DIVISION ST,41.870143,-87.674941,05/04/2019 05:02:00 PM,2019
CR00011549,05/15/2019 09:48:00 AM,20,CLEAR,DUSK,FIXED OBJECT,DIVIDED - W/MEDIAN (NOT RAISED),STOP SIGN/FLASHER,FOLLOWING TOO CLOSELY,NOT APPLICABLE,0,0,0,0,9,4,5,1957,MICHIGAN AVE,41.901039,-87.7697,05/15/2019 09:52:00 AM,2019
CR00011550,06/19/2017 03:15:00 PM,25,CLEAR,DAYLIGHT,TURNING,ONE-WAY,STOP SIGN/FLASHER,FOLLOWING TOO CLOSELY,FAILING TO YIELD RIGHT-OF-WAY,0,0,0,0,15,2,6,2530,KEDZIE AVE,41.96903,-87.596607,06/19/2017 04:48:00 PM,2017
CR00011551,12/26/2023 06:14:00 AM,30,CLEAR,DAYLIGHT,ANGLE,ONE-WAY,STOP SIGN/FLASHER,DISTRACTION - FROM INSIDE VEHICLE,NOT APPLICABLE,0,0,0,0,6,3,12,722,IRVING PARK RD,41.771263,-87.805276,12/26/2023 07:55:00 AM,2023
CR00011552,11/17/2015 09:03:00 PM,45,CLEAR,DARKNESS - LIGHTED ROAD,ANGLE,DIVIDED - W/MEDIAN BARRIER,STOP SIGN/FLASHER,UNABLE TO DETERMINE,FAILING TO YIELD RIGHT-OF-WAY,0,0,0,0,21,3,11,1479,ELSTON AVE,41.877106,-87.79198,11/17/2015 10:21:00 PM,2015
CR00011553,08/02/2021 07:13:00 AM,40,CLEAR,DAYLIGHT,TURNING,NOT DIVIDED,TRAFFIC SIGNAL,IMPROPER OVERTAKING/PASSING,FAILING TO REDUCE SPEED,0,0,0,0,7,2,8,243,CLARK ST,41.834412,-87.726312,08/02/2021 07:42:00 AM,2021
CR00011554,06/02/2022 07:51:00 AM,15,CLEAR,DAYLIGHT,FIXED OBJECT,DIVIDED - W/MEDIAN (NOT RAISED),STOP SIGN/FLASHER,FAILING TO YIELD RIGHT-OF-WAY,NOT APPLICABLE,0,0,0,0,7,5,6,1759,79TH ST,41.773636,-87.75153,06/02/2022 07:57:00 AM,2022
CR00011555,11/06/2016 02:31:00 PM,25,CLEAR,DARKNESS - LIGHTED ROAD,SIDESWIPE SAME DIRECTION,T-INTERSECTION,UNKNOWN,UNABLE TO DETERMINE,NOT APPLICABLE,0,0,1,1,14,1,11,1206,LAKE SHORE DR,41.738339,-87.841034,11/06/2016 04:04:00 PM,2016
CR00011556,08/09/2021 05:07:00 AM,30,CLEAR,DAYLIGHT,ANGLE,DIVIDED - W/MEDIAN (NOT RAISED),TRAFFIC SIGNAL,UNABLE TO DETERMINE,NOT APPLICABLE,0,0,0,0,5,2,8,1998,STATE ST,41.940637,-87.57214,08/09/2021 07:05:00 AM,2021
CR00011557,12/10/2017 08:29:00 PM,30,RAIN,DAYLIGHT,PARKED MOTOR VEHICLE,NOT DIVIDED,TRAFFIC SIGNAL,UNABLE TO DETERMINE,UNABLE TO DETERMINE,0,0,0,0,20,1,12,210,ROOSEVELT RD,41.856423,-87.597075,12/10/2017 08:43:00 PM,2017
CR00011558,07/22/2018 04:05:00 PM,35,CLEAR,DARKNESS - LIGHTED ROAD,REAR END,NOT DIVIDED,NO CONTROLS,FOLLOWING TOO CLOSELY,FAILING TO YIELD RIGHT-OF-WAY,0,0,1,1,16,1,7,729,STONY ISLAND AVE,41.921983,-87.623705,07/22/2018 05:27:00 PM,2018
CR00011559,09/20/2015 09:22:00 AM,35,RAIN,DUSK,ANGLE,FOUR WAY,TRAFFIC SIGNAL,FOLLOWING TOO CLOSELY,UNABLE TO DETERMINE,0,0,1,1,9,1,9,1501,MICHIGAN AVE,41.700415,-87.624342,09/20/2015 09:39:00 AM,2015
CR00011560,10/19/2016 11:46:00 AM,45,CLOUDY/OVERCAST,DARKNESS - LIGHTED ROAD,ANGLE,NOT DIVIDED,TRAFFIC SIGNAL,UNABLE TO DETERMINE,DISTRACTION - FROM INSIDE VEHICLE,0,0,0,0,11,4,10,1987,CICERO AVE,41.711483,-87.82587,10/19/2016 12:51:00 PM,2016
CR00011561,10/09/2023 09:26:00 AM,20,RAIN,DAYLIGHT,SIDESWIPE SAME DIRECTION,ONE-WAY,TRAFFIC SIGNAL,DISTRACTION - FROM INSIDE VEHICLE,DISTRACTION - FROM INSIDE VEHICLE,0,0,0,0,9,2,10,1854,MICHIGAN AVE,41.863495,-87.803201,10/09/2023 09:44:00 AM,2023
CR00011562,01/22/2017 07:41:00 AM,20,CLEAR,DARKNESS - LIGHTED ROAD,PARKED MOTOR VEHICLE,FOUR WAY,YIELD,UNABLE TO DETERMINE,FOLLOWING TOO CLOSELY,0,0,0,0,7,1,1,1038,BROADWAY,41.708129,-87.522465,01/22/2017 08:01:00 AM,2017
CR00011563,09/08/2015 02:08:00 PM,40,CLEAR,DARKNESS,REAR TO FRONT,DIVIDED - W/MEDIAN (NOT RAISED),NO CONTROLS,FAILING TO REDUCE SPEED,NOT APPLICABLE,0,0,1,1,14,3,9,101,ELSTON AVE,41.841962,-87.68578,09/08/2015 03:11:00 PM,2015
CR00011564,08/14/2024 03:39:00 PM,20,CLEAR,DAWN,REAR END,ONE-WAY,NO CONTROLS,FAILING TO YIELD RIGHT-OF-WAY,IMPROPER OVERTAKING/PASSING,0,0,0,0,15,4,8,1415,ASHLAND AVE,41.974519,-87.654799,08/14/2024 04:40:00 PM,2024
CR00011565,03/20/2021 10:47:00 PM,35,CLOUDY/OVERCAST,DAYLIGHT,REAR END,FOUR WAY,UNKNOWN,FAILING TO YIELD RIGHT-OF-WAY,FAILING TO REDUCE SPEED,0,0,0,0,22,7,3,1570,STONY ISLAND AVE,41.799621,-87.516217,03/21/2021 12:20:00 AM,2021
CR00011566,10/25/2023 10:48:00 AM,35,RAIN,DARKNESS,TURNING,ONE-WAY,TRAFFIC SIGNAL,FOLLOWING TOO CLOSELY,FOLLOWING TOO CLOSELY,0,0,0,0,10,4,10,528,ASHLAND AVE,41.811223,-87.849037,10/25/2023 12:26:00 PM,2023
CR00011567,10/28/2016 12:23:00 PM,30,SNOW,DAYLIGHT,TURNING,FOUR WAY,NO CONTROLS,FAILING TO REDUCE SPEED,FOLLOWING TOO CLOSELY,0,0,0,0,12,6,10,1474,CALIFORNIA AVE,41.889837,-87.778173,10/28/2016 12:53:00 PM,2016
CR00011568,10/02/2024 10:10:00 AM,20,CLEAR,DAYLIGHT,TURNING,ONE-WAY,NO CONTROLS,FOLLOWING TOO CLOSELY,UNABLE TO DETERMINE,0,0,0,0,10,4,10,2243,CICERO AVE,41.979839,-87.688045,10/02/2024 10:32:00 AM,2024
CR00011569,01/31/2022 07:52:00 PM,15,CLEAR,DARKNESS - LIGHTED ROAD,ANGLE,DIVIDED - W/MEDIAN (NOT RAISED),TRAFFIC SIGNAL,DRIVING SKILLS/KNOWLEDGE/EXPERIENCE,DISTRACTION - FROM INSIDE VEHICLE,0,0,2,2,19,2,1,369,CICERO AVE,41.87413,-87.715406,01/31/2022 08:25:00 PM,2022
CR00011570,12/02/2016 04:52:00 PM,15,CLEAR,DARKNESS - LIGHTED ROAD,REAR END,DIVIDED - W/MEDIAN (NOT RAISED),TRAFFIC SIGNAL,DISTRACTION - FROM INSIDE VEHICLE,FAILING TO YIELD RIGHT-OF-WAY,0,0,0,0,16,6,12,1308,47TH ST,41.728167,-87.712965,12/02/2016 05:10:00 PM,2016
CR00011571,06/04/2021 01:14:00 PM,25,CLEAR,DARKNESS - LIGHTED ROAD,FIXED OBJECT,NOT DIVIDED,STOP SIGN/FLASHER,DISREGARDING TRAFFIC SIGNALS,DISTRACTION - FROM INSIDE VEHICLE,0,0,0,0,13,6,6,1621,MILWAUKEE AVE,41.871958,-87.734023,06/04/2021 02:22:00 PM,2021
CR00011572,04/05/2021 03:24:00 PM,35,CLEAR,DAYLIGHT,REAR END,DIVIDED - W/MEDIAN BARRIER,TRAFFIC SIGNAL,FAILING TO YIELD RIGHT-OF-WAY,FOLLOWING TOO CLOSELY,0,0,0,0,15,2,4,1742,CICERO AVE,41.78994,-87.641751,04/05/2021 04:42:00 PM,2021
CR00011573,04/20/2022 05:15:00 PM,15,CLEAR,DAYLIGHT,REAR END,ONE-WAY,NO CONTROLS,DISREGARDING TRAFFIC SIGNALS,DISREGARDING TRAFFIC SIGNALS,0,0,0,0,17,4,4,1792,47TH ST,41.768857,-87.812706,04/20/2022 06:46:00 PM,2022
CR00011574,03/25/2016 09:18:00 AM,45,CLEAR,DARKNESS - LIGHTED ROAD,ANGLE,DIVIDED - W/MEDIAN (NOT RAISED),TRAFFIC SIGNAL,UNABLE TO DETERMINE,FAILING TO REDUCE SPEED,0,0,0,0,9,6,3,1270,KEDZIE AVE,41.815589,-87.601943,03/25/2016 10:42:00 AM,2016
CR00011575,01/02/2019 01:17:00 PM,30,CLEAR,DARKNESS - LIGHTED ROAD,TURNING,ONE-WAY,STOP SIGN/FLASHER,FOLLOWING TOO CLOSELY,UNABLE TO DETERMINE,0,0,0,0,13,4,1,1785,ELSTON AVE,41.8403,-87.727346,01/02/2019 02:21:00 PM,2019
CR00011576,01/05/2017 03:44:00 PM,30,SNOW,DAYLIGHT,REAR END,DIVIDED - W/MEDIAN (NOT RAISED),NO CONTROLS,IMPROPER LANE USAGE,UNABLE TO DETERMINE,0,0,0,0,15,5,1,1938,LAKE SHORE DR,41.869483,-87.730351,01/05/2017 04:28:00 PM,2017
CR00011577,08/27/2019 04:27:00 PM,15,CLEAR,DARKNESS,REAR END,ONE-WAY,TRAFFIC SIGNAL,WEATHER,NOT APPLICABLE,0,0,0,0,16,3,8,827,CLARK ST,41.732251,-87.546677,08/27/2019 04:28:00 PM,2019
CR00011578,07/03/2015 03:45:00 PM,30,FREEZING RAIN/DRIZZLE,DAYLIGHT,REAR END,NOT DIVIDED,NO CONTROLS,FAILING TO YIELD RIGHT-OF-WAY,IMPROPER LANE USAGE,0,1,0,1,15,6,7,2152,DIVISION ST,41.724286,-87.702301,07/03/2015 03:59:00 PM,2015
CR00011579,06/30/2018 04:46:00 PM,15,CLEAR,DARKNESS - LIGHTED ROAD,REAR END,NOT DIVIDED,STOP SIGN/FLASHER,IMPROPER LANE USAGE,NOT APPLICABLE,0,0,0,0,16,7,6,729,MILWAUKEE AVE,41.932572,-87.830983,06/30/2018 04:59:00 PM,2018
CR00011580,06/29/2015 02:46:00 PM,35,CLEAR,DAYLIGHT,PARKED MOTOR VEHICLE,NOT DIVIDED,STOP SIGN/FLASHER,IMPROPER LANE USAGE,UNABLE TO DETERMINE,0,1,2,3,14,2,6,1892,ASHLAND AVE,41.869958,-87.513744,06/29/2015 04:46:00 PM,2015
CR00011581,05/06/2023 11:00:00 AM,25,FOG/SMOKE/HAZE,DAYLIGHT,TURNING,FOUR WAY,TRAFFIC SIGNAL,FOLLOWING TOO CLOSELY,IMPROPER OVERTAKING/PASSING,0,0,0,0,11,7,5,1337,DAMEN AVE,41.959068,-87.775073,05/06/2023 12:50:00 PM,2023
CR00011582,09/19/2021 07:46:00 AM,45,CLOUDY/OVERCAST,DAYLIGHT,SIDESWIPE SAME DIRECTION,NOT DIVIDED,NO CONTROLS,IMPROPER OVERTAKING/PASSING,NOT APPLICABLE,0,0,0,0,7,1,9,1378,MILWAUKEE AVE,41.928142,-87.593629,09/19/2021 09:11:00 AM,2021
CR00011583,06/07/2021 08:42:00 PM,15,CLEAR,DAYLIGHT,SIDESWIPE SAME DIRECTION,NOT DIVIDED,YIELD,DRIVING SKILLS/KNOWLEDGE/EXPERIENCE,IMPROPER LANE USAGE,0,0,0,0,20,2,6,1808,IRVING PARK RD,41.754717,-87.549649,06/07/2021 10:13:00 PM,2021
CR00011584,01/22/2024 12:49:00 AM,40,CLEAR,DAYLIGHT,PARKED MOTOR VEHICLE,NOT DIVIDED,NO CONTROLS,IMPROPER OVERTAKING/PASSING,FOLLOWING TOO CLOSELY,0,0,0,0,0,2,1,2356,MICHIGAN AVE,41.953658,-87.634371,01/22/2024 02:40:00 AM,2024
CR00011585,12/14/2021 10:52:00 AM,35,CLEAR,DAYLIGHT,REAR END,NOT DIVIDED,YIELD,DRIVING SKILLS/KNOWLEDGE/EXPERIENCE,NOT APPLICABLE,0,0,0,0,10,3,12,1519,DAMEN AVE,41.808184,-87.732894,12/14/2021 12:21:00 PM,2021
CR00011586,07/06/2017 12:33:00 AM,30,CLEAR,DARKNESS,ANGLE,FOUR WAY,STOP SIGN/FLASHER,FAILING TO REDUCE SPEED,NOT APPLICABLE,0,0,0,0,0,5,7,2271,LAKE SHORE DR,41.969393,-87.530653,07/06/2017 01:25:00 AM,2017
CR00011587,01/28/2024 03:22:00 PM,45,CLEAR,DAYLIGHT,TURNING,NOT DIVIDED,PEDESTRIAN CROSSING SIGN,FOLLOWING TOO CLOSELY,DISREGARDING TRAFFIC SIGNALS,0,0,0,0,15,1,1,1184,47TH ST,41.711401,-87.505171,01/28/2024 03:39:00 PM,2024
CR00011588,05/29/2016 02:46:00 PM,15,CLEAR,DAYLIGHT,PARKED MOTOR VEHICLE,DIVIDED - W/MEDIAN (NOT RAISED),STOP SIGN/FLASHER,UNABLE TO DETERMINE,NOT APPLICABLE,0,0,3,3,14,1,5,273,PULASKI RD,41.963746,-87.552153,05/29/2016 03:54:00 PM,2016
CR00011589,08/10/2021 08:40:00 AM,35,CLEAR,DARKNESS - LIGHTED ROAD,PARKED MOTOR VEHICLE,FOUR WAY,NO CONTROLS,DISTRACTION - FROM INSIDE VEHICLE,UNABLE TO DETERMINE,0,0,0,0,8,3,8,425,PULASKI RD,41.973517,-87.568114,08/10/2021 10:40:00 AM,2021
CR00011590,10/30/2020 01:16:00 PM,30,CLEAR,DUSK,REAR TO FRONT,DIVIDED - W/MEDIAN (NOT RAISED),TRAFFIC SIGNAL,FOLLOWING TOO CLOSELY,FOLLOWING TOO CLOSELY,0,0,0,0,13,6,10,1690,79TH ST,41.928281,-87.534994,10/30/2020 02:37:00 PM,2020
CR00011591,05/11/2023 05:56:00 PM,45,CLEAR,DARKNESS - LIGHTED ROAD,REAR END,NOT DIVIDED,NO CONTROLS,UNABLE TO DETERMINE,DISTRACTION - FROM INSIDE VEHICLE,0,0,0,0,17,5,5,952,ROOSEVELT RD,41.727471,-87.613779,05/11/2023 07:36:00 PM,2023
CR00011592,04/29/2024 11:01:00 AM,30,CLEAR,DARKNESS,REAR END,T-INTERSECTION,UNKNOWN,DRIVING SKILLS/KNOWLEDGE/EXPERIENCE,IMPROPER OVERTAKING/PASSING,0,0,0,0,11,2,4,2501,KEDZIE AVE,41.887178,-87.799113,04/29/2024 11:54:00 AM,2024
CR00011593,07/20/2020 01:16:00 PM,45,CLEAR,DARKNESS - LIGHTED ROAD,TURNING,T-INTERSECTION,TRAFFIC SIGNAL,FAILING TO YIELD RIGHT-OF-WAY,DISTRACTION - FROM INSIDE VEHICLE,0,0,0,0,13,2,7,2437,ASHLAND AVE,41.779373,-87.669623,07/20/2020 01:29:00 PM,2020
CR00011594,07/01/2015 02:37:00 AM,30,RAIN,DAYLIGHT,PARKED MOTOR VEHICLE,DIVIDED - W/MEDIAN (NOT RAISED),NO CONTROLS,UNABLE TO DETERMINE,FOLLOWING TOO CLOSELY,0,0,0,0,2,4,7,701,OGDEN AVE,41.925001,-87.542147,07/01/2015 04:01:00 AM,2015
CR00011595,12/22/2022 12:56:00 PM,15,CLEAR,DAYLIGHT,REAR TO FRONT,ONE-WAY,TRAFFIC SIGNAL,FAILING TO YIELD RIGHT-OF-WAY,UNABLE TO DETERMINE,0,0,0,0,12,5,12,914,63RD ST,41.739764,-87.799248,12/22/2022 02:16:00 PM,2022
CR00011596,11/22/2018 08:48:00 AM,15,CLEAR,DAYLIGHT,SIDESWIPE SAME DIRECTION,NOT DIVIDED,NO CONTROLS,IMPROPER OVERTAKING/PASSING,UNABLE TO DETERMINE,0,0,1,1,8,5,11,1456,HALSTED ST,41.995799,-87.737332,11/22/2018 09:51:00 AM,2018
CR00011597,11/05/2020 05:32:00 PM,30,FOG/SMOKE/HAZE,DAYLIGHT,ANGLE,ONE-WAY,TRAFFIC SIGNAL,UNABLE TO DETERMINE,NOT APPLICABLE,0,0,2,2,17,5,11,1136,BROADWAY,41.70423,-87.736589,11/05/2020 07:08:00 PM,2020
CR00011598,03/04/2015 08:01:00 AM,35,CLOUDY/OVERCAST,DARKNESS - LIGHTED ROAD,PARKED MOTOR VEHICLE,NOT DIVIDED,TRAFFIC SIGNAL,UNABLE TO DETERMINE,IMPROPER OVERTAKING/PASSING,0,0,0,0,8,4,3,2118,IRVING PARK RD,41.913601,-87.640567,03/04/2015 08:37:00 AM,2015
CR00011599,01/18/2018 05:03:00 AM,15,CLEAR,DAYLIGHT,FIXED OBJECT,T-INTERSECTION,NO CONTROLS,UNABLE TO DETERMINE,IMPROPER OVERTAKING/PASSING,0,0,0,0,5,5,1,1800,IRVING PARK RD,41.904695,-87.769638,01/18/2018 05:11:00 AM,2018
CR00011600,12/18/2020 01:56:00 PM,30,RAIN,DAYLIGHT,REAR TO FRONT,DIVIDED - W/MEDIAN (NOT RAISED),UNKNOWN,IMPROPER LANE USAGE,IMPROPER OVERTAKING/PASSING,0,0,0,0,13,6,12,1446,STONY ISLAND AVE,41.737107,-87.615423,12/18/2020 02:36:00 PM,2020
CR00011601,06/15/2024 05:58:00 PM,15,CLEAR,DARKNESS - LIGHTED ROAD,REAR END,ONE-WAY,NO CONTROLS,DISREGARDING TRAFFIC SIGNALS,IMPROPER OVERTAKING/PASSING,0,0,0,0,17,7,6,1113,WESTERN AVE,41.719829,-87.510523,06/15/2024 07:38:00 PM,2024
CR00011602,05/29/2015 01:14:00 PM,45,CLOUDY/OVERCAST,DARKNESS - LIGHTED ROAD,ANGLE,DIVIDED - W/MEDIAN BARRIER,TRAFFIC SIGNAL,FOLLOWING TOO CLOSELY,NOT APPLICABLE,0,0,1,1,13,6,5,1075,CALIFORNIA AVE,41.960271,-87.648431,05/29/2015 01:44:00 PM,2015
CR00011603,07/09/2016 09:07:00 AM,30,CLEAR,DAYLIGHT,REAR END,DIVIDED - W/MEDIAN (NOT RAISED),TRAFFIC SIGNAL,DISTRACTION - FROM INSIDE VEHICLE,IMPROPER OVERTAKING/PASSING,0,1,0,1,9,7,7,435,FULLERTON AVE,41.79273,-87.845756,07/09/2016 09:12:00 AM,2016
CR00011604,06/18/2015 03:04:00 PM,30,CLEAR,DAYLIGHT,PARKED MOTOR VEHICLE,NOT DIVIDED,STOP SIGN/FLASHER,IMPROPER OVERTAKING/PASSING,NOT APPLICABLE,0,0,0,0,15,5,6,2143,KEDZIE AVE,41.832324,-87.797736,06/18/2015 04:58:00 PM,2015
CR00011605,06/19/2015 11:20:00 AM,15,CLOUDY/OVERCAST,DAYLIGHT,PARKED MOTOR VEHICLE,DIVIDED - W/MEDIAN (NOT RAISED),STOP SIGN/FLASHER,FOLLOWING TOO CLOSELY,FOLLOWING TOO CLOSELY,0,0,0,0,11,6,6,1801,47TH ST,41.99244,-87.607235,06/19/2015 01:15:00 PM,2015
CR00011606,07/22/2020 09:39:00 AM,35,CLEAR,DAYLIGHT,REAR END,NOT DIVIDED,TRAFFIC SIGNAL,FOLLOWING TOO CLOSELY,DRIVING SKILLS/KNOWLEDGE/EXPERIENCE,0,0,0,0,9,4,7,2105,BROADWAY,41.887626,-87.816413,07/22/2020 09:51:00 AM,2020
CR00011607,03/26/2022 07:59:00 AM,30,CLEAR,DARKNESS - LIGHTED ROAD,REAR END,DIVIDED - W/MEDIAN (NOT RAISED),STOP SIGN/FLASHER,DISREGARDING TRAFFIC SIGNALS,WEATHER,0,0,2,2,7,7,3,989,CLARK ST,41.7503,-87.835416,03/26/2022 09:30:00 AM,2022
CR00011608,11/27/2016 06:34:00 PM,30,CLEAR,DAYLIGHT,REAR END,NOT DIVIDED,NO CONTROLS,DISREGARDING TRAFFIC SIGNALS,UNABLE TO DETERMINE,0,0,0,0,18,1,11,2094,ASHLAND AVE,41.759058,-87.731736,11/27/2016 08:04:00 PM,2016
CR00011609,10/07/2023 06:10:00 PM,30,CLEAR,DARKNESS,TURNING,ONE-WAY,PEDESTRIAN CROSSING SIGN,FOLLOWING TOO CLOSELY,FOLLOWING TOO CLOSELY,0,0,0,0,18,7,10,700,CALIFORNIA AVE,41.721225,-87.567797,10/07/2023 07:37:00 PM,2023
CR00011610,08/11/2015 12:36:00 PM,35,CLEAR,DAYLIGHT,REAR TO FRONT,NOT DIVIDED,TRAFFIC SIGNAL,UNABLE TO DETERMINE,FAILING TO YIELD RIGHT-OF-WAY,0,0,0,0,12,3,8,1810,IRVING PARK RD,41.81245,-87.611171,08/11/2015 12:58:00 PM,2015
CR00011611,05/06/2018 07:34:00 PM,30,CLEAR,DAYLIGHT,REAR END,FOUR WAY,TRAFFIC SIGNAL,UNABLE TO DETERMINE,FOLLOWING TOO CLOSELY,0,0,0,0,19,1,5,544,STONY ISLAND AVE,41.998276,-87.77952,05/06/2018 08:50:00 PM,2018
CR00011612,06/02/2023 06:13:00 AM,35,SNOW,DAYLIGHT,SIDESWIPE SAME DIRECTION,NOT DIVIDED,NO CONTROLS,DISTRACTION - FROM INSIDE VEHICLE,UNABLE TO DETERMINE,0,0,0,0,6,6,6,1092,STONY ISLAND AVE,41.721216,-87.577691,06/02/2023 07:28:00 AM,2023
CR00011613,02/15/2022 10:21:00 PM,30,CLEAR,DAYLIGHT,PARKED MOTOR VEHICLE,ONE-WAY,NO CONTROLS,UNABLE TO DETERMINE,NOT APPLICABLE,0,0,0,0,22,3,2,1968,DIVISION ST,41.883882,-87.593291,02/15/2022 11:40:00 PM,2022