CRASH_RECORD_ID,CRASH_DATE,POSTED_SPEED_LIMIT,WEATHER_CONDITION,LIGHTING_CONDITION,FIRST_CRASH_TYPE,TRAFFICWAY_TYPE,TRAFFIC_CONTROL_DEVICE,PRIM_CONTRIBUTORY_CAUSE,SEC_CONTRIBUTORY_CAUSE,INJURIES_FATAL,INJURIES_INCAPACITATING,INJURIES_NON_INCAPACITATING,INJURIES_TOTAL,CRASH_HOUR,CRASH_DAY_OF_WEEK,CRASH_MONTH,BEAT_OF_OCCURRENCE,STREET_NAME,LATITUDE,LONGITUDE,DATE_POLICE_NOTIFIED,year
CR00011614,02/14/2024 10:40:00 AM,35,CLEAR,DARKNESS - LIGHTED ROAD,ANGLE,NOT DIVIDED,TRAFFIC SIGNAL,FAILING TO YIELD RIGHT-OF-WAY,NOT APPLICABLE,0,0,0,0,10,4,2,1370,STONY ISLAND AVE,41.767631,-87.791631,02/14/2024 12:01:00 PM,2024
CR00011615,06/13/2022 11:41:00 AM,45,CLEAR,DAYLIGHT,SIDESWIPE SAME DIRECTION,NOT DIVIDED,STOP SIGN/FLASHER,UNABLE TO DETERMINE,IMPROPER OVERTAKING/PASSING,0,0,0,0,11,2,6,1385,PULASKI RD,41.755763,-87.640659,06/13/2022 01:35:00 PM,2022
CR00011616,02/06/2024 12:50:00 PM,35,CLEAR,DAYLIGHT,TURNING,NOT DIVIDED,TRAFFIC SIGNAL,DRIVING SKILLS/KNOWLEDGE/EXPERIENCE,NOT APPLICABLE,0,0,0,0,12,3,2,403,ROOSEVELT RD,41.79116,-87.526234,02/06/2024 02:26:00 PM,2024
CR00011617,03/14/2016 11:31:00 AM,20,CLEAR,DARKNESS - LIGHTED ROAD,TURNING,ONE-WAY,TRAFFIC SIGNAL,FOLLOWING TOO CLOSELY,UNABLE TO DETERMINE,0,0,2,2,11,2,3,1157,CALIFORNIA AVE,41.87765,-87.561154,03/14/2016 11:58:00 AM,2016
CR00011618,12/02/2021 12:28:00 PM,30,RAIN,DAYLIGHT,REAR END,FOUR WAY,NO CONTROLS,UNABLE TO DETERMINE,FOLLOWING TOO CLOSELY,0,0,0,0,12,5,12,833,CLARK ST,41.930457,-87.682752,12/02/2021 12:41:00 PM,2021
CR00011619,11/28/2024 05:25:00 AM,20,CLEAR,DAYLIGHT,REAR END,NOT DIVIDED,TRAFFIC SIGNAL,DRIVING SKILLS/KNOWLEDGE/EXPERIENCE,UNABLE TO DETERMINE,0,1,1,2,5,5,11,1937,CICERO AVE,41.984123,-87.669382,11/28/2024 07:16:00 AM,2024
CR00011620,12/03/2024 08:49:00 AM,35,CLEAR,DARKNESS,PARKED MOTOR VEHICLE,ONE-WAY,TRAFFIC SIGNAL,UNABLE TO DETERMINE,NOT APPLICABLE,0,0,0,0,8,3,12,371,63RD ST,41.931509,-87.64728,12/03/2024 09:35:00 AM,2024
CR00011621,07/31/2024 06:51:00 PM,25,CLEAR,DAYLIGHT,FIXED OBJECT,NOT DIVIDED,STOP SIGN/FLASHER,FAILING TO YIELD RIGHT-OF-WAY,DRIVING SKILLS/KNOWLEDGE/EXPERIENCE,0,0,0,0,18,4,7,946,FULLERTON AVE,41.84583,-87.829513,07/31/2024 07:35:00 PM,2024
CR00011622,03/24/2021 02:58:00 PM,20,CLEAR,DARKNESS - LIGHTED ROAD,SIDESWIPE SAME DIRECTION,NOT DIVIDED,TRAFFIC SIGNAL,UNABLE TO DETERMINE,DISREGARDING TRAFFIC SIGNALS,0,0,0,0,14,4,3,1133,OGDEN AVE,41.946543,-87.766604,03/24/2021 03:08:00 PM,2021
CR00011623,10/02/2017 01:31:00 PM,35,CLEAR,DAYLIGHT,FIXED OBJECT,NOT DIVIDED,PEDESTRIAN CROSSING SIGN,IMPROPER LANE USAGE,UNABLE TO DETERMINE,0,0,0,0,13,2,10,1032,47TH ST,41.840595,-87.841525,10/02/2017 01:45:00 PM,2017
CR00011624,12/21/2016 09:04:00 AM,30,RAIN,DAYLIGHT,REAR TO FRONT,DIVIDED - W/MEDIAN (NOT RAISED),YIELD,DISTRACTION - FROM INSIDE VEHICLE,NOT APPLICABLE,0,2,0,2,9,4,12,509,IRVING PARK RD,41.824007,-87.524768,12/21/2016 09:17:00 AM,2016
CR00011625,03/19/2019 07:45:00 PM,25,CLEAR,DAYLIGHT,PARKED MOTOR VEHICLE,DIVIDED - W/MEDIAN (NOT RAISED),TRAFFIC SIGNAL,FAILING TO REDUCE SPEED,FAILING TO YIELD RIGHT-OF-WAY,0,2,2,4,19,3,3,2115,KEDZIE AVE,41.706558,-87.848911,03/19/2019 08:58:00 PM,2019
CR00011626,02/07/2020 06:36:00 PM,35,CLEAR,DAYLIGHT,REAR END,FOUR WAY,NO CONTROLS,UNABLE TO DETERMINE,UNABLE TO DETERMINE,0,0,0,0,18,6,2,222,CICERO AVE,41.919746,-87.539034,02/07/2020 07:42:00 PM,2020
CR00011627,11/25/2020 10:59:00 PM,45,CLEAR,DARKNESS,PARKED MOTOR VEHICLE,DIVIDED - W/MEDIAN (NOT RAISED),TRAFFIC SIGNAL,IMPROPER OVERTAKING/PASSING,DRIVING SKILLS/KNOWLEDGE/EXPERIENCE,0,1,2,3,22,4,11,2163,ARCHER AVE,41.94407,-87.679775,11/25/2020 11:53:00 PM,2020
CR00011628,10/15/2024 03:11:00 PM,40,RAIN,DARKNESS - LIGHTED ROAD,PARKED MOTOR VEHICLE,DIVIDED - W/MEDIAN BARRIER,NO CONTROLS,DRIVING SKILLS/KNOWLEDGE/EXPERIENCE,FOLLOWING TOO CLOSELY,0,0,1,1,15,3,10,2453,79TH ST,41.828527,-87.740728,10/15/2024 04:33:00 PM,2024
CR00011629,09/30/2018 06:02:00 PM,15,CLEAR,DARKNESS,REAR END,NOT DIVIDED,UNKNOWN,DISTRACTION - FROM INSIDE VEHICLE,UNABLE TO DETERMINE,0,0,0,0,18,1,9,1827,MICHIGAN AVE,41.932526,-87.786176,09/30/2018 07:13:00 PM,2018
CR00011630,04/25/2023 05:36:00 PM,20,CLEAR,DARKNESS - LIGHTED ROAD,ANGLE,FOUR WAY,TRAFFIC SIGNAL,DISREGARDING TRAFFIC SIGNALS,UNABLE TO DETERMINE,0,0,2,2,17,3,4,2518,ASHLAND AVE,41.802679,-87.708983,04/25/2023 06:52:00 PM,2023
CR00011631,09/21/2018 01:32:00 AM,30,CLEAR,DARKNESS,TURNING,ONE-WAY,TRAFFIC SIGNAL,DISREGARDING TRAFFIC SIGNALS,FOLLOWING TOO CLOSELY,0,0,0,0,1,6,9,1070,KEDZIE AVE,41.767454,-87.593309,09/21/2018 01:55:00 AM,2018
CR00011632,05/02/2022 12:56:00 PM,20,CLEAR,DAYLIGHT,FIXED OBJECT,DIVIDED - W/MEDIAN (NOT RAISED),TRAFFIC SIGNAL,DRIVING SKILLS/KNOWLEDGE/EXPERIENCE,FAILING TO REDUCE SPEED,0,0,0,0,12,2,5,161,STATE ST,41.832639,-87.5211,05/02/2022 01:53:00 PM,2022
CR00011633,08/23/2022 09:57:00 AM,25,CLEAR,DAYLIGHT,REAR END,NOT DIVIDED,NO CONTROLS,FAILING TO YIELD RIGHT-OF-WAY,NOT APPLICABLE,0,0,0,0,9,3,8,1427,63RD ST,41.846145,-87.548969,08/23/2022 10:07:00 AM,2022
CR00011634,03/03/2016 04:38:00 PM,45,CLEAR,DUSK,ANGLE,DIVIDED - W/MEDIAN (NOT RAISED),STOP SIGN/FLASHER,UNABLE TO DETERMINE,UNABLE TO DETERMINE,0,0,0,0,16,5,3,2430,ARCHER AVE,41.918085,-87.715213,03/03/2016 04:58:00 PM,2016
CR00011635,03/23/2017 07:31:00 AM,40,CLEAR,DAYLIGHT,ANGLE,FOUR WAY,YIELD,UNABLE TO DETERMINE,FOLLOWING TOO CLOSELY,0,0,0,0,7,5,3,200,OGDEN AVE,41.91321,-87.759209,03/23/2017 09:07:00 AM,2017
CR00011636,08/03/2018 03:23:00 PM,30,CLOUDY/OVERCAST,DAYLIGHT,PARKED MOTOR VEHICLE,NOT DIVIDED,STOP SIGN/FLASHER,IMPROPER OVERTAKING/PASSING,WEATHER,0,0,0,0,15,6,8,1182,FULLERTON AVE,41.773007,-87.834495,08/03/2018 04:36:00 PM,2018
CR00011637,08/13/2016 05:27:00 PM,35,CLEAR,DAYLIGHT,REAR TO FRONT,DIVIDED - W/MEDIAN (NOT RAISED),TRAFFIC SIGNAL,DISREGARDING TRAFFIC SIGNALS,UNABLE TO DETERMINE,0,2,2,4,17,7,8,469,MILWAUKEE AVE,41.778143,-87.701268,08/13/2016 07:17:00 PM,2016
CR00011638,12/09/2023 10:02:00 AM,30,SNOW,DARKNESS,REAR END,DIVIDED - W/MEDIAN (NOT RAISED),TRAFFIC SIGNAL,DISTRACTION - FROM INSIDE VEHICLE,UNABLE TO DETERMINE,0,0,0,0,10,7,12,2157,WESTERN AVE,41.845326,-87.605545,12/09/2023 10:46:00 AM,2023
CR00011639,05/28/2015 08:44:00 AM,35,CLEAR,DAWN,PEDESTRIAN,DIVIDED - W/MEDIAN (NOT RAISED),UNKNOWN,FOLLOWING TOO CLOSELY,UNABLE TO DETERMINE,0,0,0,0,8,5,5,1983,CLARK ST,41.953596,-87.504791,05/28/2015 09:49:00 AM,2015
CR00011640,09/20/2023 07:03:00 PM,30,CLEAR,DAYLIGHT,PEDESTRIAN,NOT DIVIDED,STOP SIGN/FLASHER,FOLLOWING TOO CLOSELY,NOT APPLICABLE,0,0,0,0,19,4,9,497,OGDEN AVE,41.748976,-87.539407,09/20/2023 08:28:00 PM,2023
CR00011641,06/26/2024 12:14:00 PM,35,CLEAR,DAYLIGHT,PARKED MOTOR VEHICLE,NOT DIVIDED,TRAFFIC SIGNAL,UNABLE TO DETERMINE,IMPROPER LANE USAGE,0,0,1,1,12,4,6,1635,MICHIGAN AVE,41.874732,-87.703376,06/26/2024 12:27:00 PM,2024
CR00011642,03/19/2015 01:04:00 PM,30,CLEAR,DAYLIGHT,REAR END,ONE-WAY,TRAFFIC SIGNAL,FOLLOWING TOO CLOSELY,IMPROPER LANE USAGE,0,0,0,0,13,5,3,1529,ARCHER AVE,41.902082,-87.561644,03/19/2015 01:19:00 PM,2015
CR00011643,11/07/2021 12:53:00 AM,30,CLOUDY/OVERCAST,DUSK,TURNING,NOT DIVIDED,NO CONTROLS,FOLLOWING TOO CLOSELY,FAILING TO YIELD RIGHT-OF-WAY,0,2,1,3,0,1,11,813,ELSTON AVE,41.884672,-87.551118,11/07/2021 01:17:00 AM,2021
CR00011644,10/13/2023 12:01:00 PM,20,SNOW,DAYLIGHT,ANGLE,T-INTERSECTION,STOP SIGN/FLASHER,DISREGARDING TRAFFIC SIGNALS,NOT APPLICABLE,0,0,0,0,12,6,10,2104,FULLERTON AVE,41.741446,-87.652404,10/13/2023 12:30:00 PM,2023
CR00011645,06/03/2022 04:02:00 PM,30,RAIN,DAYLIGHT,SIDESWIPE SAME DIRECTION,FOUR WAY,NO CONTROLS,DRIVING SKILLS/KNOWLEDGE/EXPERIENCE,DRIVING SKILLS/KNOWLEDGE/EXPERIENCE,0,0,3,3,16,6,6,834,IRVING PARK RD,41.891642,-87.588078,06/03/2022 04:52:00 PM,2022
CR00011646,10/19/2015 09:03:00 AM,25,CLEAR,DARKNESS - LIGHTED ROAD,TURNING,ONE-WAY,YIELD,IMPROPER LANE USAGE,NOT APPLICABLE,0,0,0,0,9,2,10,1058,OGDEN AVE,41.863738,-87.838556,10/19/2015 09:31:00 AM,2015
CR00011647,08/30/2017 06:23:00 PM,40,CLEAR,DAYLIGHT,ANGLE,DIVIDED - W/MEDIAN BARRIER,STOP SIGN/FLASHER,DRIVING SKILLS/KNOWLEDGE/EXPERIENCE,FAILING TO YIELD RIGHT-OF-WAY,0,0,0,0,18,4,8,2040,STATE ST,41.847994,-87.717461,08/30/2017 07:15:00 PM,2017
CR00011648,01/04/2020 10:20:00 AM,40,RAIN,DAYLIGHT,REAR END,DIVIDED - W/MEDIAN (NOT RAISED),NO CONTROLS,FAILING TO YIELD RIGHT-OF-WAY,NOT APPLICABLE,0,0,0,0,10,7,1,1395,HALSTED ST,41.99933,-87.697242,01/04/2020 12:05:00 PM,2020
CR00011649,11/06/2020 08:32:00 PM,20,CLEAR,DAYLIGHT,REAR END,NOT DIVIDED,TRAFFIC SIGNAL,FOLLOWING TOO CLOSELY,IMPROPER OVERTAKING/PASSING,0,1,2,3,20,6,11,1319,ASHLAND AVE,41.921904,-87.524841,11/06/2020 09:40:00 PM,2020
CR00011650,06/16/2024 11:13:00 PM,30,CLEAR,DAYLIGHT,REAR END,NOT DIVIDED,TRAFFIC SIGNAL,UNABLE TO DETERMINE,NOT APPLICABLE,0,0,0,0,23,1,6,792,CICERO AVE,41.997985,-87.57824,06/17/2024 01:12:00 AM,2024
CR00011651,12/09/2023 07:24:00 AM,20,CLEAR,DARKNESS - LIGHTED ROAD,TURNING,NOT DIVIDED,STOP SIGN/FLASHER,FAILING TO YIELD RIGHT-OF-WAY,FAILING TO YIELD RIGHT-OF-WAY,0,1,0,1,7,7,12,2421,CLARK ST,41.863031,-87.755541,12/09/2023 08:51:00 AM,2023
CR00011652,01/17/2015 05:38:00 PM,35,CLEAR,DARKNESS - LIGHTED ROAD,REAR END,DIVIDED - W/MEDIAN BARRIER,UNKNOWN,FAILING TO YIELD RIGHT-OF-WAY,UNABLE TO DETERMINE,0,0,2,2,17,7,1,1141,WESTERN AVE,41.814243,-87.531704,01/17/2015 07:05:00 PM,2015
CR00011653,10/07/2015 01:58:00 PM,40,CLEAR,DAYLIGHT,TURNING,ONE-WAY,TRAFFIC SIGNAL,DISREGARDING TRAFFIC SIGNALS,DISTRACTION - FROM INSIDE VEHICLE,0,0,0,0,13,4,10,711,CICERO AVE,41.779589,-87.51776,10/07/2015 03:02:00 PM,2015
CR00011654,01/14/2023 01:44:00 PM,30,FREEZING RAIN/DRIZZLE,DAYLIGHT,SIDESWIPE SAME DIRECTION,ONE-WAY,UNKNOWN,DRIVING SKILLS/KNOWLEDGE/EXPERIENCE,FAILING TO YIELD RIGHT-OF-WAY,0,0,1,1,13,7,1,1987,DIVISION ST,41.789814,-87.827081,01/14/2023 03:26:00 PM,2023
CR00011655,05/08/2023 04:47:00 PM,25,CLOUDY/OVERCAST,DARKNESS - LIGHTED ROAD,TURNING,NOT DIVIDED,NO CONTROLS,UNABLE TO DETERMINE,DISREGARDING TRAFFIC SIGNALS,0,0,0,0,16,2,5,2081,MICHIGAN AVE,41.729577,-87.723684,05/08/2023 06:36:00 PM,2023
CR00011656,02/28/2020 09:35:00 AM,15,CLEAR,DARKNESS - LIGHTED ROAD,ANGLE,NOT DIVIDED,NO CONTROLS,IMPROPER LANE USAGE,UNABLE TO DETERMINE,0,0,0,0,9,6,2,989,ASHLAND AVE,41.867232,-87.577239,02/28/2020 09:49:00 AM,2020
CR00011657,12/07/2018 11:51:00 PM,30,RAIN,DAYLIGHT,PARKED MOTOR VEHICLE,NOT DIVIDED,NO CONTROLS,DISTRACTION - FROM INSIDE VEHICLE,NOT APPLICABLE,0,0,0,0,23,6,12,691,MICHIGAN AVE,41.876869,-87.749492,12/08/2018 01:50:00 AM,2018
CR00011658,09/23/2021 09:03:00 AM,30,CLEAR,DARKNESS - LIGHTED ROAD,REAR END,DIVIDED - W/MEDIAN (NOT RAISED),NO CONTROLS,DRIVING SKILLS/KNOWLEDGE/EXPERIENCE,NOT APPLICABLE,0,0,0,0,9,5,9,167,ELSTON AVE,41.809001,-87.55966,09/23/2021 10:08:00 AM,2021
CR00011659,08/29/2023 08:12:00 AM,15,RAIN,DARKNESS,ANGLE,NOT DIVIDED,NO CONTROLS,UNABLE TO DETERMINE,DISREGARDING TRAFFIC SIGNALS,0,0,1,1,8,3,8,1790,FULLERTON AVE,41.931745,-87.527035,08/29/2023 08:20:00 AM,2023
CR00011660,10/03/2023 03:55:00 PM,20,CLEAR,DUSK,SIDESWIPE SAME DIRECTION,DIVIDED - W/MEDIAN (NOT RAISED),TRAFFIC SIGNAL,FAILING TO YIELD RIGHT-OF-WAY,IMPROPER OVERTAKING/PASSING,0,0,0,0,15,3,10,683,ELSTON AVE,41.897033,-87.526553,10/03/2023 05:38:00 PM,2023
CR00011661,11/02/2022 04:26:00 PM,35,FREEZING RAIN/DRIZZLE,DARKNESS - LIGHTED ROAD,REAR END,NOT DIVIDED,TRAFFIC SIGNAL,IMPROPER LANE USAGE,DISREGARDING TRAFFIC SIGNALS,0,0,0,0,16,4,11,2202,79TH ST,41.897066,-87.847643,11/02/2022 05:27:00 PM,2022
CR00011662,06/06/2015 12:55:00 PM,25,CLEAR,DUSK,ANGLE,NOT DIVIDED,TRAFFIC SIGNAL,IMPROPER LANE USAGE,NOT APPLICABLE,0,1,0,1,12,7,6,1238,ROOSEVELT RD,41.93606,-87.798124,06/06/2015 02:13:00 PM,2015
CR00011663,01/19/2019 11:05:00 AM,15,CLEAR,DAYLIGHT,ANGLE,DIVIDED - W/MEDIAN (NOT RAISED),TRAFFIC SIGNAL,FAILING TO REDUCE SPEED,NOT APPLICABLE,0,0,0,0,11,7,1,1872,ELSTON AVE,41.830738,-87.6674,01/19/2019 12:39:00 PM,2019
CR00011664,07/10/2015 05:27:00 PM,30,CLEAR,DARKNESS,TURNING,NOT DIVIDED,TRAFFIC SIGNAL,FAILING TO REDUCE SPEED,IMPROPER LANE USAGE,0,0,0,0,17,6,7,229,MICHIGAN AVE,41.99621,-87.790304,07/10/2015 06:25:00 PM,2015
CR00011665,08/24/2023 07:43:00 AM,45,RAIN,DARKNESS,REAR END,DIVIDED - W/MEDIAN (NOT RAISED),STOP SIGN/FLASHER,DRIVING SKILLS/KNOWLEDGE/EXPERIENCE,FAILING TO REDUCE SPEED,0,0,0,0,7,5,8,292,CALIFORNIA AVE,41.909744,-87.809283,08/24/2023 09:06:00 AM,2023
CR00011666,04/08/2015 04:12:00 AM,40,CLEAR,DARKNESS - LIGHTED ROAD,TURNING,DIVIDED - W/MEDIAN (NOT RAISED),NO CONTROLS,UNABLE TO DETERMINE,IMPROPER LANE USAGE,0,0,0,0,4,4,4,308,FULLERTON AVE,41.793833,-87.835993,04/08/2015 04:53:00 AM,2015
CR00011667,01/24/2024 12:36:00 PM,30,RAIN,DAYLIGHT,TURNING,DIVIDED - W/MEDIAN (NOT RAISED),PEDESTRIAN CROSSING SIGN,IMPROPER OVERTAKING/PASSING,DISTRACTION - FROM INSIDE VEHICLE,0,0,0,0,12,4,1,1588,CLARK ST,41.760828,-87.505742,01/24/2024 01:39:00 PM,2024
CR00011668,08/17/2023 08:46:00 AM,30,CLEAR,DAYLIGHT,TURNING,NOT DIVIDED,TRAFFIC SIGNAL,DRIVING SKILLS/KNOWLEDGE/EXPERIENCE,UNABLE TO DETERMINE,0,0,0,0,8,5,8,2244,DAMEN AVE,41.95261,-87.687225,08/17/2023 09:30:00 AM,2023
CR00011669,11/05/2023 07:19:00 AM,25,CLEAR,DUSK,SIDESWIPE SAME DIRECTION,NOT DIVIDED,TRAFFIC SIGNAL,IMPROPER LANE USAGE,FAILING TO YIELD RIGHT-OF-WAY,0,0,0,0,7,1,11,744,ELSTON AVE,41.988783,-87.506212,11/05/2023 07:54:00 AM,2023
CR00011670,10/15/2015 04:20:00 PM,40,CLEAR,DARKNESS,REAR TO FRONT,ONE-WAY,TRAFFIC SIGNAL,IMPROPER OVERTAKING/PASSING,UNABLE TO DETERMINE,0,0,0,0,16,5,10,1410,DAMEN AVE,41.838044,-87.726379,10/15/2015 06:10:00 PM,2015
CR00011671,07/20/2018 04:52:00 PM,30,CLEAR,DAWN,REAR END,NOT DIVIDED,PEDESTRIAN CROSSING SIGN,UNABLE TO DETERMINE,IMPROPER LANE USAGE,0,2,0,2,16,6,7,1784,FULLERTON AVE,41.928306,-87.734209,07/20/2018 06:39:00 PM,2018
CR00011672,08/07/2016 07:50:00 AM,25,CLEAR,DARKNESS - LIGHTED ROAD,SIDESWIPE SAME DIRECTION,NOT DIVIDED,NO CONTROLS,FAILING TO REDUCE SPEED,DRIVING SKILLS/KNOWLEDGE/EXPERIENCE,0,0,0,0,7,1,8,138,KEDZIE AVE,41.879896,-87.558316,08/07/2016 08:33:00 AM,2016
CR00011673,05/12/2023 12:22:00 AM,30,CLEAR,DAYLIGHT,PEDESTRIAN,T-INTERSECTION,TRAFFIC SIGNAL,FAILING TO YIELD RIGHT-OF-WAY,FOLLOWING TOO CLOSELY,0,0,0,0,0,6,5,1159,ROOSEVELT RD,41.761449,-87.627112,05/12/2023 12:31:00 AM,2023
CR00011674,10/27/2015 01:23:00 PM,25,CLOUDY/OVERCAST,DAYLIGHT,REAR END,DIVIDED - W/MEDIAN (NOT RAISED),TRAFFIC SIGNAL,WEATHER,NOT APPLICABLE,0,0,0,0,13,3,10,1538,STATE ST,41.721026,-87.738638,10/27/2015 01:31:00 PM,2015
CR00011675,08/20/2023 09:30:00 AM,30,CLOUDY/OVERCAST,DAYLIGHT,REAR TO FRONT,NOT DIVIDED,NO CONTROLS,IMPROPER LANE USAGE,UNABLE TO DETERMINE,0,0,0,0,9,1,8,1787,PULASKI RD,41.84866,-87.65566,08/20/2023 11:17:00 AM,2023
CR00011676,01/16/2023 08:30:00 AM,30,CLEAR,DAYLIGHT,TURNING,DIVIDED - W/MEDIAN (NOT RAISED),NO CONTROLS,FAILING TO YIELD RIGHT-OF-WAY,FAILING TO REDUCE SPEED,0,0,3,3,8,2,1,131,CLARK ST,41.822563,-87.550317,01/16/2023 09:50:00 AM,2023
CR00011677,02/13/2021 09:12:00 PM,20,CLEAR,DAYLIGHT,REAR END,DIVIDED - W/MEDIAN BARRIER,NO CONTROLS,FAILING TO YIELD RIGHT-OF-WAY,FOLLOWING TOO CLOSELY,0,0,0,0,21,7,2,237,79TH ST,41.913258,-87.518031,02/13/2021 09:36:00 PM,2021
CR00011678,01/06/2023 07:49:00 AM,25,CLEAR,DAYLIGHT,REAR END,NOT DIVIDED,NO CONTROLS,UNABLE TO DETERMINE,NOT APPLICABLE,0,1,1,2,7,6,1,1910,ARCHER AVE,41.736702,-87.642077,01/06/2023 08:15:00 AM,2023
CR00011679,05/16/2018 01:10:00 PM,40,CLEAR,DAYLIGHT,FIXED OBJECT,DIVIDED - W/MEDIAN (NOT RAISED),NO CONTROLS,FAILING TO YIELD RIGHT-OF-WAY,UNABLE TO DETERMINE,0,0,0,0,13,4,5,1998,DAMEN AVE,41.965446,-87.812998,05/16/2018 02:49:00 PM,2018
CR00011680,10/17/2024 02:42:00 PM,30,CLEAR,DARKNESS - LIGHTED ROAD,ANGLE,NOT DIVIDED,TRAFFIC SIGNAL,UNABLE TO DETERMINE,FOLLOWING TOO CLOSELY,0,0,0,0,14,5,10,1369,ASHLAND AVE,41.796299,-87.723584,10/17/2024 04:32:00 PM,2024
CR00011681,09/25/2018 07:43:00 PM,15,CLEAR,DARKNESS - LIGHTED ROAD,TURNING,NOT DIVIDED,TRAFFIC SIGNAL,FOLLOWING TOO CLOSELY,NOT APPLICABLE,0,0,0,0,19,3,9,2264,IRVING PARK RD,41.92871,-87.578903,09/25/2018 09:05:00 PM,2018
CR00011682,10/04/2020 08:18:00 AM,30,CLEAR,DUSK,REAR END,DIVIDED - W/MEDIAN (NOT RAISED),NO CONTROLS,DISTRACTION - FROM INSIDE VEHICLE,UNABLE TO DETERMINE,0,0,0,0,8,1,10,1327,PULASKI RD,41.957115,-87.696175,10/04/2020 09:03:00 AM,2020
CR00011683,05/21/2019 09:10:00 AM,15,CLEAR,DUSK,REAR END,NOT DIVIDED,NO CONTROLS,UNABLE TO DETERMINE,FOLLOWING TOO CLOSELY,0,0,0,0,9,3,5,1904,BROADWAY,41.98788,-87.512278,05/21/2019 10:46:00 AM,2019
CR00011684,05/14/2023 09:13:00 AM,20,RAIN,DAYLIGHT,TURNING,ONE-WAY,UNKNOWN,DISTRACTION - FROM INSIDE VEHICLE,UNABLE TO DETERMINE,0,0,0,0,9,1,5,2378,LAKE SHORE DR,41.734783,-87.672408,05/14/2023 11:13:00 AM,2023
CR00011685,05/04/2022 12:23:00 PM,40,CLEAR,DAYLIGHT,REAR END,NOT DIVIDED,STOP SIGN/FLASHER,UNABLE TO DETERMINE,FAILING TO YIELD RIGHT-OF-WAY,0,0,0,0,12,4,5,901,WESTERN AVE,41.725535,-87.514657,05/04/2022 01:24:00 PM,2022
CR00011686,06/16/2018 02:41:00 PM,30,CLEAR,DARKNESS,PEDESTRIAN,FOUR WAY,NO CONTROLS,FOLLOWING TOO CLOSELY,NOT APPLICABLE,0,0,0,0,14,7,6,254,CALIFORNIA AVE,41.724787,-87.804049,06/16/2018 03:11:00 PM,2018
CR00011687,12/14/2018 12:10:00 PM,35,RAIN,DARKNESS,REAR TO FRONT,FOUR WAY,STOP SIGN/FLASHER,UNABLE TO DETERMINE,DRIVING SKILLS/KNOWLEDGE/EXPERIENCE,0,0,0,0,12,6,12,740,DIVISION ST,41.961801,-87.766771,12/14/2018 02:07:00 PM,2018
CR00011688,01/18/2016 11:16:00 AM,30,CLEAR,DARKNESS,REAR END,DIVIDED - W/MEDIAN (NOT RAISED),STOP SIGN/FLASHER,FOLLOWING TOO CLOSELY,FOLLOWING TOO CLOSELY,0,0,0,0,11,2,1,1006,CLARK ST,41.874906,-87.641099,01/18/2016 12:19:00 PM,2016
CR00011689,05/27/2024 07:29:00 AM,30,FREEZING RAIN/DRIZZLE,DAYLIGHT,TURNING,DIVIDED - W/MEDIAN (NOT RAISED),NO CONTROLS,UNABLE TO DETERMINE,UNABLE TO DETERMINE,0,0,0,0,7,2,5,1608,ROOSEVELT RD,41.973967,-87.59437,05/27/2024 08:43:00 AM,2024
CR00011690,07/01/2015 04:03:00 PM,30,CLEAR,DAYLIGHT,REAR END,DIVIDED - W/MEDIAN BARRIER,TRAFFIC SIGNAL,IMPROPER LANE USAGE,FAILING TO YIELD RIGHT-OF-WAY,0,0,0,0,16,4,7,2532,OGDEN AVE,41.989048,-87.665777,07/01/2015 05:18:00 PM,2015
CR00011691,11/16/2017 12:15:00 PM,40,RAIN,DARKNESS - LIGHTED ROAD,REAR END,DIVIDED - W/MEDIAN (NOT RAISED),STOP SIGN/FLASHER,FOLLOWING TOO CLOSELY,UNABLE TO DETERMINE,0,0,0,0,12,5,11,2501,ELSTON AVE,41.880725,-87.540536,11/16/2017 12:48:00 PM,2017
CR00011692,10/10/2023 07:35:00 AM,40,CLEAR,DARKNESS - LIGHTED ROAD,REAR END,DIVIDED - W/MEDIAN (NOT RAISED),NO CONTROLS,IMPROPER LANE USAGE,DISTRACTION - FROM INSIDE VEHICLE,0,1,1,2,7,3,10,1434,OGDEN AVE,41.895944,-87.668877,10/10/2023 08:45:00 AM,2023
CR00011693,03/06/2020 08:23:00 PM,45,CLEAR,DAYLIGHT,FIXED OBJECT,DIVIDED - W/MEDIAN (NOT RAISED),UNKNOWN,FAILING TO YIELD RIGHT-OF-WAY,NOT APPLICABLE,0,0,0,0,20,6,3,936,PULASKI RD,41.961227,-87.58529,03/06/2020 08:30:00 PM,2020
CR00011694,08/06/2022 05:25:00 PM,15,SNOW,DAYLIGHT,PARKED MOTOR VEHICLE,NOT DIVIDED,NO CONTROLS,FAILING TO YIELD RIGHT-OF-WAY,UNABLE TO DETERMINE,0,0,0,0,17,7,8,1307,DAMEN AVE,41.80252,-87.815145,08/06/2022 07:09:00 PM,2022
CR00011695,04/29/2022 12:41:00 AM,45,CLEAR,DAYLIGHT,PARKED MOTOR VEHICLE,DIVIDED - W/MEDIAN (NOT RAISED),TRAFFIC SIGNAL,FAILING TO REDUCE SPEED,UNABLE TO DETERMINE,0,0,3,3,0,6,4,1601,ROOSEVELT RD,41.741291,-87.66432,04/29/2022 01:02:00 AM,2022