CRASH_RECORD_ID,CRASH_DATE,POSTED_SPEED_LIMIT,WEATHER_CONDITION,LIGHTING_CONDITION,FIRST_CRASH_TYPE,TRAFFICWAY_TYPE,TRAFFIC_CONTROL_DEVICE,PRIM_CONTRIBUTORY_CAUSE,SEC_CONTRIBUTORY_CAUSE,INJURIES_FATAL,INJURIES_INCAPACITATING,INJURIES_NON_INCAPACITATING,INJURIES_TOTAL,CRASH_HOUR,CRASH_DAY_OF_WEEK,CRASH_MONTH,BEAT_OF_OCCURRENCE,STREET_NAME,LATITUDE,LONGITUDE,DATE_POLICE_NOTIFIED,year
CR00011696,08/27/2024 02:58:00 AM,30,CLEAR,DAYLIGHT,TURNING,DIVIDED - W/MEDIAN (NOT RAISED),TRAFFIC SIGNAL,UNABLE TO DETERMINE,DRIVING SKILLS/KNOWLEDGE/EXPERIENCE,0,0,0,0,2,3,8,901,STONY ISLAND AVE,41.843433,-87.774315,08/27/2024 04:10:00 AM,2024
CR00011697,07/05/2016 04:46:00 PM,30,CLEAR,DAYLIGHT,ANGLE,FOUR WAY,NO CONTROLS,FAILING TO YIELD RIGHT-OF-WAY,UNABLE TO DETERMINE,0,0,1,1,16,3,7,179,79TH ST,41.825519,-87.597809,07/05/2016 05:25:00 PM,2016
CR00011698,12/23/2024 10:33:00 AM,15,FOG/SMOKE/HAZE,DAYLIGHT,TURNING,DIVIDED - W/MEDIAN (NOT RAISED),NO CONTROLS,FOLLOWING TOO CLOSELY,IMPROPER OVERTAKING/PASSING,0,0,0,0,10,2,12,2139,CLARK ST,41.748323,-87.684025,12/23/2024 11:52:00 AM,2024
CR00011699,12/14/2023 12:30:00 AM,15,CLEAR,DAYLIGHT,TURNING,DIVIDED - W/MEDIAN (NOT RAISED),TRAFFIC SIGNAL,UNABLE TO DETERMINE,UNABLE TO DETERMINE,0,0,3,3,0,5,12,893,DIVISION ST,41.793975,-87.620555,12/14/2023 02:06:00 AM,2023
CR00011700,02/08/2021 03:29:00 PM,30,CLOUDY/OVERCAST,DAYLIGHT,PARKED MOTOR VEHICLE,ONE-WAY,NO CONTROLS,UNABLE TO DETERMINE,UNABLE TO DETERMINE,0,0,0,0,15,2,2,1914,DIVISION ST,41.832587,-87.573159,02/08/2021 03:34:00 PM,2021
CR00011701,10/29/2022 08:02:00 AM,35,CLEAR,DAYLIGHT,SIDESWIPE SAME DIRECTION,NOT DIVIDED,TRAFFIC SIGNAL,IMPROPER LANE USAGE,DRIVING SKILLS/KNOWLEDGE/EXPERIENCE,0,0,0,0,8,7,10,1383,MICHIGAN AVE,41.915088,-87.707312,10/29/2022 08:26:00 AM,2022
CR00011702,04/10/2022 08:04:00 AM,35,CLEAR,DAYLIGHT,SIDESWIPE SAME DIRECTION,NOT DIVIDED,NO CONTROLS,UNABLE TO DETERMINE,IMPROPER LANE USAGE,0,0,1,1,8,1,4,225,KEDZIE AVE,41.916045,-87.535968,04/10/2022 09:48:00 AM,2022
CR00011703,04/19/2020 03:35:00 PM,15,CLEAR,DAYLIGHT,SIDESWIPE SAME DIRECTION,DIVIDED - W/MEDIAN (NOT RAISED),TRAFFIC SIGNAL,FOLLOWING TOO CLOSELY,NOT APPLICABLE,0,0,0,0,15,1,4,994,DAMEN AVE,41.746764,-87.517313,04/19/2020 05:05:00 PM,2020
CR00011704,02/27/2021 03:56:00 AM,30,CLEAR,DARKNESS - LIGHTED ROAD,PARKED MOTOR VEHICLE,NOT DIVIDED,YIELD,UNABLE TO DETERMINE,UNABLE TO DETERMINE,0,0,0,0,3,7,2,2458,DIVISION ST,41.877935,-87.782325,02/27/2021 04:18:00 AM,2021
CR00011705,12/29/2022 07:22:00 PM,35,CLOUDY/OVERCAST,DAYLIGHT,ANGLE,NOT DIVIDED,STOP SIGN/FLASHER,FOLLOWING TOO CLOSELY,FAILING TO YIELD RIGHT-OF-WAY,0,2,1,3,19,5,12,431,OGDEN AVE,41.862391,-87.833487,12/29/2022 07:23:00 PM,2022
CR00011706,03/02/2016 08:18:00 PM,35,CLEAR,DAYLIGHT,SIDESWIPE SAME DIRECTION,NOT DIVIDED,NO CONTROLS,WEATHER,FOLLOWING TOO CLOSELY,0,0,0,0,20,4,3,1146,ASHLAND AVE,41.719098,-87.705441,03/02/2016 09:26:00 PM,2016
CR00011707,01/15/2023 07:44:00 PM,20,CLEAR,DARKNESS - LIGHTED ROAD,REAR END,DIVIDED - W/MEDIAN BARRIER,TRAFFIC SIGNAL,FAILING TO REDUCE SPEED,IMPROPER OVERTAKING/PASSING,0,0,0,0,19,1,1,679,CALIFORNIA AVE,41.741142,-87.721086,01/15/2023 09:31:00 PM,2023
CR00011708,10/06/2019 08:11:00 AM,30,CLEAR,DAYLIGHT,SIDESWIPE SAME DIRECTION,DIVIDED - W/MEDIAN (NOT RAISED),STOP SIGN/FLASHER,IMPROPER LANE USAGE,IMPROPER LANE USAGE,0,0,0,0,8,1,10,1356,CLARK ST,41.80215,-87.588441,10/06/2019 08:49:00 AM,2019
CR00011709,09/06/2015 07:47:00 AM,20,CLEAR,DAYLIGHT,REAR TO FRONT,NOT DIVIDED,NO CONTROLS,IMPROPER LANE USAGE,UNABLE TO DETERMINE,0,1,3,4,7,1,9,459,CICERO AVE,41.906889,-87.686,09/06/2015 08:59:00 AM,2015
CR00011710,01/02/2024 07:03:00 PM,45,CLEAR,DAYLIGHT,TURNING,FOUR WAY,STOP SIGN/FLASHER,UNABLE TO DETERMINE,NOT APPLICABLE,0,0,0,0,19,3,1,1561,ASHLAND AVE,41.940019,-87.755467,01/02/2024 08:29:00 PM,2024
CR00011711,12/04/2017 04:05:00 PM,30,CLOUDY/OVERCAST,DAYLIGHT,REAR END,T-INTERSECTION,STOP SIGN/FLASHER,UNABLE TO DETERMINE,DRIVING SKILLS/KNOWLEDGE/EXPERIENCE,0,0,0,0,16,2,12,2461,DAMEN AVE,41.757041,-87.633085,12/04/2017 05:53:00 PM,2017
CR00011712,02/11/2023 10:07:00 PM,45,CLEAR,DARKNESS - LIGHTED ROAD,ANGLE,FOUR WAY,PEDESTRIAN CROSSING SIGN,FAILING TO REDUCE SPEED,DISTRACTION - FROM INSIDE VEHICLE,0,0,0,0,22,7,2,289,LAKE SHORE DR,41.979186,-87.742365,02/11/2023 11:19:00 PM,2023
CR00011713,08/30/2023 08:02:00 PM,30,RAIN,DAYLIGHT,REAR END,ONE-WAY,UNKNOWN,UNABLE TO DETERMINE,DRIVING SKILLS/KNOWLEDGE/EXPERIENCE,0,0,1,1,20,4,8,1221,HALSTED ST,41.757582,-87.706827,08/30/2023 08:59:00 PM,2023
CR00011714,12/29/2019 02:49:00 AM,35,RAIN,DARKNESS,ANGLE,DIVIDED - W/MEDIAN (NOT RAISED),TRAFFIC SIGNAL,UNABLE TO DETERMINE,UNABLE TO DETERMINE,0,0,0,0,2,1,12,1595,ELSTON AVE,41.757788,-87.585684,12/29/2019 03:01:00 AM,2019
CR00011715,09/25/2019 09:16:00 AM,40,CLEAR,DAYLIGHT,PARKED MOTOR VEHICLE,NOT DIVIDED,TRAFFIC SIGNAL,UNABLE TO DETERMINE,FAILING TO YIELD RIGHT-OF-WAY,0,0,0,0,9,4,9,1023,CALIFORNIA AVE,41.924587,-87.722275,09/25/2019 09:30:00 AM,2019
CR00011716,03/01/2024 07:25:00 PM,45,CLEAR,DAYLIGHT,REAR END,DIVIDED - W/MEDIAN BARRIER,TRAFFIC SIGNAL,FOLLOWING TOO CLOSELY,IMPROPER OVERTAKING/PASSING,0,0,0,0,19,6,3,458,KEDZIE AVE,41.864523,-87.803993,03/01/2024 09:10:00 PM,2024
CR00011717,10/02/2017 08:42:00 AM,30,CLEAR,DAYLIGHT,REAR END,FOUR WAY,STOP SIGN/FLASHER,FAILING TO REDUCE SPEED,NOT APPLICABLE,0,0,0,0,8,2,10,969,WESTERN AVE,41.895444,-87.776309,10/02/2017 09:00:00 AM,2017
CR00011718,11/04/2022 10:25:00 PM,35,CLEAR,DAYLIGHT,REAR END,DIVIDED - W/MEDIAN BARRIER,NO CONTROLS,UNABLE TO DETERMINE,UNABLE TO DETERMINE,0,0,0,0,22,6,11,1368,ARCHER AVE,41.765237,-87.656233,11/04/2022 11:42:00 PM,2022
CR00011719,03/28/2019 06:59:00 PM,15,CLEAR,DARKNESS - LIGHTED ROAD,REAR END,ONE-WAY,STOP SIGN/FLASHER,UNABLE TO DETERMINE,UNABLE TO DETERMINE,0,0,0,0,18,5,3,443,47TH ST,41.897082,-87.61106,03/28/2019 07:59:00 PM,2019
CR00011720,03/26/2022 01:38:00 PM,25,RAIN,DARKNESS - LIGHTED ROAD,REAR END,FOUR WAY,NO CONTROLS,FOLLOWING TOO CLOSELY,NOT APPLICABLE,0,0,0,0,13,7,3,564,PULASKI RD,41.952098,-87.690941,03/26/2022 03:26:00 PM,2022
CR00011721,11/16/2022 06:22:00 PM,30,CLOUDY/OVERCAST,DAYLIGHT,REAR END,NOT DIVIDED,NO CONTROLS,DRIVING SKILLS/KNOWLEDGE/EXPERIENCE,IMPROPER OVERTAKING/PASSING,0,0,0,0,18,4,11,1775,ROOSEVELT RD,41.922193,-87.72827,11/16/2022 07:00:00 PM,2022
CR00011722,08/10/2024 08:11:00 PM,20,RAIN,DAYLIGHT,ANGLE,DIVIDED - W/MEDIAN BARRIER,NO CONTROLS,UNABLE TO DETERMINE,FAILING TO YIELD RIGHT-OF-WAY,0,0,0,0,20,7,8,451,IRVING PARK RD,41.920311,-87.53679,08/10/2024 08:42:00 PM,2024
CR00011723,08/18/2022 07:18:00 AM,25,CLEAR,DAYLIGHT,TURNING,NOT DIVIDED,TRAFFIC SIGNAL,FOLLOWING TOO CLOSELY,FOLLOWING TOO CLOSELY,0,0,0,0,7,5,8,2134,ASHLAND AVE,41.898737,-87.684505,08/18/2022 08:48:00 AM,2022
CR00011724,11/16/2022 10:13:00 AM,30,CLEAR,DAYLIGHT,SIDESWIPE SAME DIRECTION,NOT DIVIDED,TRAFFIC SIGNAL,DRIVING SKILLS/KNOWLEDGE/EXPERIENCE,IMPROPER OVERTAKING/PASSING,0,0,3,3,10,4,11,279,79TH ST,41.895767,-87.67444,11/16/2022 11:39:00 AM,2022
CR00011725,07/21/2020 05:54:00 PM,35,CLEAR,DAYLIGHT,TURNING,ONE-WAY,NO CONTROLS,FAILING TO YIELD RIGHT-OF-WAY,UNABLE TO DETERMINE,0,0,0,0,17,3,7,2440,FULLERTON AVE,41.893385,-87.611683,07/21/2020 07:19:00 PM,2020
CR00011726,03/18/2015 04:13:00 PM,30,CLOUDY/OVERCAST,DAYLIGHT,SIDESWIPE SAME DIRECTION,ONE-WAY,NO CONTROLS,WEATHER,FAILING TO YIELD RIGHT-OF-WAY,0,0,0,0,16,4,3,1288,STATE ST,41.927612,-87.532986,03/18/2015 05:38:00 PM,2015
CR00011727,04/08/2019 10:49:00 PM,35,CLEAR,DARKNESS - LIGHTED ROAD,REAR END,DIVIDED - W/MEDIAN (NOT RAISED),NO CONTROLS,DISTRACTION - FROM INSIDE VEHICLE,DRIVING SKILLS/KNOWLEDGE/EXPERIENCE,0,0,0,0,22,2,4,2073,CALIFORNIA AVE,41.914574,-87.660984,04/08/2019 11:41:00 PM,2019
CR00011728,11/19/2016 08:09:00 AM,30,CLEAR,DAYLIGHT,REAR END,NOT DIVIDED,NO CONTROLS,UNABLE TO DETERMINE,DRIVING SKILLS/KNOWLEDGE/EXPERIENCE,0,0,0,0,8,7,11,1122,HALSTED ST,41.771107,-87.761997,11/19/2016 09:30:00 AM,2016
CR00011729,08/03/2024 06:10:00 PM,30,CLOUDY/OVERCAST,DAYLIGHT,PARKED MOTOR VEHICLE,DIVIDED - W/MEDIAN BARRIER,TRAFFIC SIGNAL,IMPROPER LANE USAGE,UNABLE TO DETERMINE,0,0,0,0,18,7,8,1905,CLARK ST,41.812431,-87.526414,08/03/2024 07:37:00 PM,2024
CR00011730,09/16/2016 08:55:00 PM,20,CLEAR,DAYLIGHT,ANGLE,FOUR WAY,STOP SIGN/FLASHER,DISTRACTION - FROM INSIDE VEHICLE,UNABLE TO DETERMINE,0,0,0,0,20,6,9,1043,CALIFORNIA AVE,41.702553,-87.548896,09/16/2016 09:49:00 PM,2016
CR00011731,07/24/2022 05:47:00 PM,25,CLEAR,DAYLIGHT,SIDESWIPE SAME DIRECTION,ONE-WAY,NO CONTROLS,UNABLE TO DETERMINE,DISREGARDING TRAFFIC SIGNALS,0,0,0,0,17,1,7,2484,ASHLAND AVE,41.719055,-87.532372,07/24/2022 07:45:00 PM,2022
CR00011732,09/29/2022 09:31:00 AM,35,CLEAR,DAYLIGHT,REAR END,NOT DIVIDED,STOP SIGN/FLASHER,IMPROPER OVERTAKING/PASSING,FAILING TO REDUCE SPEED,0,0,0,0,9,5,9,709,ROOSEVELT RD,41.992642,-87.718483,09/29/2022 10:39:00 AM,2022
CR00011733,06/22/2017 09:31:00 AM,30,CLEAR,DAYLIGHT,FIXED OBJECT,NOT DIVIDED,UNKNOWN,IMPROPER OVERTAKING/PASSING,NOT APPLICABLE,0,1,1,2,9,5,6,2227,CICERO AVE,41.797271,-87.595221,06/22/2017 11:13:00 AM,2017
CR00011734,10/15/2018 02:22:00 PM,20,CLEAR,DARKNESS,TURNING,ONE-WAY,TRAFFIC SIGNAL,IMPROPER OVERTAKING/PASSING,FOLLOWING TOO CLOSELY,0,0,1,1,14,2,10,1199,HALSTED ST,41.912987,-87.610065,10/15/2018 02:37:00 PM,2018
CR00011735,07/31/2023 04:12:00 PM,20,CLEAR,DUSK,REAR END,ONE-WAY,TRAFFIC SIGNAL,UNABLE TO DETERMINE,NOT APPLICABLE,0,0,1,1,16,2,7,458,PULASKI RD,41.844372,-87.598745,07/31/2023 04:23:00 PM,2023
CR00011736,02/27/2020 10:00:00 AM,30,RAIN,DAYLIGHT,SIDESWIPE SAME DIRECTION,FOUR WAY,TRAFFIC SIGNAL,DISTRACTION - FROM INSIDE VEHICLE,UNABLE TO DETERMINE,0,0,0,0,10,5,2,479,ELSTON AVE,41.781392,-87.586338,02/27/2020 10:13:00 AM,2020
CR00011737,06/11/2017 03:57:00 PM,25,CLOUDY/OVERCAST,DAYLIGHT,SIDESWIPE SAME DIRECTION,DIVIDED - W/MEDIAN BARRIER,STOP SIGN/FLASHER,FOLLOWING TOO CLOSELY,FOLLOWING TOO CLOSELY,0,0,0,0,15,1,6,898,MILWAUKEE AVE,41.756954,-87.726417,06/11/2017 05:54:00 PM,2017
CR00011738,03/30/2022 01:32:00 PM,45,CLEAR,DAYLIGHT,REAR END,DIVIDED - W/MEDIAN BARRIER,TRAFFIC SIGNAL,DISTRACTION - FROM INSIDE VEHICLE,DRIVING SKILLS/KNOWLEDGE/EXPERIENCE,0,0,0,0,13,4,3,1286,STONY ISLAND AVE,41.884971,-87.80979,03/30/2022 01:43:00 PM,2022
CR00011739,02/18/2016 07:26:00 AM,35,CLEAR,DARKNESS - LIGHTED ROAD,SIDESWIPE SAME DIRECTION,NOT DIVIDED,YIELD,FAILING TO YIELD RIGHT-OF-WAY,UNABLE TO DETERMINE,0,0,0,0,7,5,2,1677,PULASKI RD,41.990286,-87.782439,02/18/2016 08:10:00 AM,2016
CR00011740,08/11/2021 05:45:00 PM,35,CLOUDY/OVERCAST,DAYLIGHT,PARKED MOTOR VEHICLE,T-INTERSECTION,NO CONTROLS,UNABLE TO DETERMINE,IMPROPER LANE USAGE,0,0,3,3,17,4,8,231,OGDEN AVE,41.795407,-87.685833,08/11/2021 06:43:00 PM,2021
CR00011741,08/25/2019 11:22:00 AM,20,CLOUDY/OVERCAST,DARKNESS - LIGHTED ROAD,PEDESTRIAN,DIVIDED - W/MEDIAN (NOT RAISED),NO CONTROLS,DRIVING SKILLS/KNOWLEDGE/EXPERIENCE,UNABLE TO DETERMINE,0,0,0,0,11,1,8,1978,WESTERN AVE,41.832747,-87.549663,08/25/2019 01:12:00 PM,2019
CR00011742,06/26/2015 02:48:00 AM,20,CLEAR,DAYLIGHT,REAR END,ONE-WAY,TRAFFIC SIGNAL,DISREGARDING TRAFFIC SIGNALS,FAILING TO REDUCE SPEED,0,0,0,0,2,6,6,771,BROADWAY,41.788102,-87.517648,06/26/2015 02:59:00 AM,2015
CR00011743,10/24/2023 10:28:00 AM,20,CLEAR,DAYLIGHT,REAR END,DIVIDED - W/MEDIAN (NOT RAISED),STOP SIGN/FLASHER,FAILING TO REDUCE SPEED,UNABLE TO DETERMINE,0,0,1,1,10,3,10,2278,STATE ST,41.83696,-87.787318,10/24/2023 11:29:00 AM,2023
CR00011744,01/07/2022 12:55:00 AM,45,RAIN,DAYLIGHT,FIXED OBJECT,NOT DIVIDED,NO CONTROLS,IMPROPER LANE USAGE,DISTRACTION - FROM INSIDE VEHICLE,0,0,0,0,0,6,1,1095,MICHIGAN AVE,41.937597,-87.586021,01/07/2022 02:26:00 AM,2022
CR00011745,03/24/2023 05:47:00 PM,45,CLEAR,DARKNESS - LIGHTED ROAD,ANGLE,NOT DIVIDED,TRAFFIC SIGNAL,DRIVING SKILLS/KNOWLEDGE/EXPERIENCE,UNABLE TO DETERMINE,0,0,0,0,17,6,3,746,IRVING PARK RD,41.71155,-87.7181,03/24/2023 07:22:00 PM,2023
CR00011746,10/25/2016 06:42:00 PM,30,CLEAR,DAYLIGHT,ANGLE,ONE-WAY,TRAFFIC SIGNAL,UNABLE TO DETERMINE,UNABLE TO DETERMINE,0,0,0,0,18,3,10,1422,CLARK ST,41.943979,-87.815859,10/25/2016 07:14:00 PM,2016
CR00011747,12/24/2023 04:11:00 PM,30,CLEAR,DAYLIGHT,SIDESWIPE SAME DIRECTION,DIVIDED - W/MEDIAN (NOT RAISED),UNKNOWN,WEATHER,DISTRACTION - FROM INSIDE VEHICLE,0,1,2,3,16,1,12,1637,MILWAUKEE AVE,41.989188,-87.634124,12/24/2023 05:13:00 PM,2023
CR00011748,08/05/2018 06:30:00 PM,35,CLEAR,DAYLIGHT,PARKED MOTOR VEHICLE,FOUR WAY,TRAFFIC SIGNAL,DISREGARDING TRAFFIC SIGNALS,IMPROPER OVERTAKING/PASSING,0,0,0,0,18,1,8,1131,BROADWAY,41.852078,-87.515953,08/05/2018 08:26:00 PM,2018
CR00011749,07/05/2023 06:48:00 AM,15,CLEAR,DAYLIGHT,TURNING,NOT DIVIDED,TRAFFIC SIGNAL,FAILING TO REDUCE SPEED,WEATHER,0,0,0,0,6,4,7,1706,ARCHER AVE,41.996134,-87.696351,07/05/2023 06:57:00 AM,2023
CR00011750,01/15/2022 02:36:00 PM,45,CLEAR,DARKNESS,REAR END,ONE-WAY,NO CONTROLS,DISREGARDING TRAFFIC SIGNALS,FAILING TO YIELD RIGHT-OF-WAY,0,0,0,0,14,7,1,1399,CICERO AVE,41.77811,-87.506655,01/15/2022 02:48:00 PM,2022
CR00011751,05/24/2021 10:03:00 AM,35,CLEAR,DARKNESS,REAR END,NOT DIVIDED,STOP SIGN/FLASHER,UNABLE TO DETERMINE,IMPROPER LANE USAGE,0,0,0,0,10,2,5,1985,DAMEN AVE,41.869651,-87.762626,05/24/2021 10:31:00 AM,2021
CR00011752,01/10/2020 07:50:00 AM,15,CLEAR,DAYLIGHT,TURNING,NOT DIVIDED,TRAFFIC SIGNAL,UNABLE TO DETERMINE,UNABLE TO DETERMINE,0,0,1,1,7,6,1,859,ROOSEVELT RD,41.867215,-87.837632,01/10/2020 07:53:00 AM,2020
CR00011753,11/08/2017 08:23:00 PM,30,CLEAR,DARKNESS,SIDESWIPE SAME DIRECTION,DIVIDED - W/MEDIAN (NOT RAISED),TRAFFIC SIGNAL,DRIVING SKILLS/KNOWLEDGE/EXPERIENCE,FOLLOWING TOO CLOSELY,0,0,0,0,20,4,11,2282,63RD ST,41.984373,-87.67661,11/08/2017 08:46:00 PM,2017
CR00011754,08/30/2016 12:15:00 AM,35,CLEAR,DAYLIGHT,REAR TO FRONT,NOT DIVIDED,TRAFFIC SIGNAL,DISREGARDING TRAFFIC SIGNALS,NOT APPLICABLE,0,0,0,0,0,3,8,824,WESTERN AVE,41.977205,-87.817163,08/30/2016 01:57:00 AM,2016
CR00011755,11/23/2016 07:37:00 PM,30,CLEAR,DARKNESS - LIGHTED ROAD,ANGLE,ONE-WAY,NO CONTROLS,FAILING TO REDUCE SPEED,FAILING TO REDUCE SPEED,0,0,2,2,19,4,11,1445,FULLERTON AVE,41.977631,-87.610506,11/23/2016 09:27:00 PM,2016
CR00011756,11/15/2023 03:25:00 PM,35,CLOUDY/OVERCAST,DAYLIGHT,REAR END,DIVIDED - W/MEDIAN BARRIER,NO CONTROLS,IMPROPER OVERTAKING/PASSING,IMPROPER OVERTAKING/PASSING,0,0,3,3,15,4,11,212,MILWAUKEE AVE,41.710065,-87.758974,11/15/2023 03:55:00 PM,2023
CR00011757,10/04/2016 05:38:00 PM,45,CLEAR,DAYLIGHT,SIDESWIPE SAME DIRECTION,DIVIDED - W/MEDIAN (NOT RAISED),TRAFFIC SIGNAL,DISREGARDING TRAFFIC SIGNALS,WEATHER,0,0,0,0,17,3,10,976,OGDEN AVE,41.770587,-87.707289,10/04/2016 06:06:00 PM,2016
CR00011758,05/01/2022 12:58:00 PM,30,RAIN,DAYLIGHT,TURNING,NOT DIVIDED,NO CONTROLS,IMPROPER OVERTAKING/PASSING,FOLLOWING TOO CLOSELY,0,0,0,0,12,1,5,2329,MILWAUKEE AVE,41.759598,-87.81383,05/01/2022 02:12:00 PM,2022
CR00011759,05/21/2016 03:09:00 AM,35,CLEAR,DAYLIGHT,TURNING,DIVIDED - W/MEDIAN (NOT RAISED),UNKNOWN,DRIVING SKILLS/KNOWLEDGE/EXPERIENCE,IMPROPER OVERTAKING/PASSING,0,0,1,1,3,7,5,2503,79TH ST,41.981907,-87.705187,05/21/2016 04:52:00 AM,2016
CR00011760,03/29/2021 04:16:00 PM,45,CLEAR,DARKNESS - LIGHTED ROAD,ANGLE,FOUR WAY,NO CONTROLS,IMPROPER LANE USAGE,NOT APPLICABLE,0,0,0,0,16,2,3,2013,ELSTON AVE,41.851475,-87.683098,03/29/2021 05:20:00 PM,2021
CR00011761,04/19/2015 05:00:00 PM,15,CLEAR,DARKNESS - LIGHTED ROAD,SIDESWIPE SAME DIRECTION,DIVIDED - W/MEDIAN (NOT RAISED),NO CONTROLS,UNABLE TO DETERMINE,UNABLE TO DETERMINE,0,0,0,0,17,1,4,1735,KEDZIE AVE,41.801462,-87.771821,04/19/2015 05:03:00 PM,2015
CR00011762,06/05/2015 06:49:00 PM,30,SNOW,DAYLIGHT,FIXED OBJECT,DIVIDED - W/MEDIAN (NOT RAISED),TRAFFIC SIGNAL,FOLLOWING TOO CLOSELY,DISREGARDING TRAFFIC SIGNALS,0,0,1,1,18,6,6,2010,PULASKI RD,41.742607,-87.841384,06/05/2015 07:24:00 PM,2015
CR00011763,03/19/2023 02:05:00 PM,20,CLEAR,DARKNESS - LIGHTED ROAD,REAR END,DIVIDED - W/MEDIAN BARRIER,NO CONTROLS,IMPROPER OVERTAKING/PASSING,IMPROPER LANE USAGE,0,0,0,0,14,1,3,2238,47TH ST,41.802025,-87.701084,03/19/2023 03:33:00 PM,2023
CR00011764,02/17/2021 08:27:00 AM,30,CLEAR,DARKNESS - LIGHTED ROAD,REAR END,FOUR WAY,UNKNOWN,FOLLOWING TOO CLOSELY,UNABLE TO DETERMINE,0,0,0,0,8,4,2,1295,ARCHER AVE,41.748209,-87.767439,02/17/2021 10:06:00 AM,2021
CR00011765,02/09/2019 10:35:00 AM,30,CLEAR,DAYLIGHT,TURNING,DIVIDED - W/MEDIAN (NOT RAISED),NO CONTROLS,UNABLE TO DETERMINE,UNABLE TO DETERMINE,0,1,1,2,10,7,2,2226,OGDEN AVE,41.799676,-87.649497,02/09/2019 12:23:00 PM,2019
CR00011766,09/03/2015 08:49:00 PM,30,SNOW,DAYLIGHT,TURNING,NOT DIVIDED,TRAFFIC SIGNAL,UNABLE TO DETERMINE,DISREGARDING TRAFFIC SIGNALS,0,0,0,0,20,5,9,2282,ELSTON AVE,41.837025,-87.716667,09/03/2015 10:09:00 PM,2015
CR00011767,03/21/2020 11:59:00 AM,30,SNOW,DUSK,SIDESWIPE SAME DIRECTION,T-INTERSECTION,NO CONTROLS,UNABLE TO DETERMINE,NOT APPLICABLE,0,0,0,0,11,7,3,1072,ELSTON AVE,41.808514,-87.644862,03/21/2020 01:41:00 PM,2020
CR00011768,11/23/2021 10:15:00 AM,30,CLEAR,DUSK,REAR END,T-INTERSECTION,TRAFFIC SIGNAL,UNABLE TO DETERMINE,NOT APPLICABLE,0,0,1,1,10,3,11,2260,BROADWAY,41.858379,-87.621519,11/23/2021 10:37:00 AM,2021
CR00011769,09/21/2019 01:01:00 PM,35,CLEAR,DAYLIGHT,REAR END,ONE-WAY,TRAFFIC SIGNAL,UNABLE TO DETERMINE,UNABLE TO DETERMINE,0,0,0,0,13,7,9,892,DIVISION ST,41.953139,-87.600775,09/21/2019 01:25:00 PM,2019
CR00011770,11/24/2016 03:44:00 PM,35,CLEAR,DARKNESS - LIGHTED ROAD,SIDESWIPE SAME DIRECTION,NOT DIVIDED,TRAFFIC SIGNAL,DISREGARDING TRAFFIC SIGNALS,UNABLE TO DETERMINE,0,0,0,0,15,5,11,649,BROADWAY,41.979615,-87.508301,11/24/2016 04:57:00 PM,2016
CR00011771,04/20/2021 05:45:00 PM,40,CLEAR,DAYLIGHT,REAR END,DIVIDED - W/MEDIAN (NOT RAISED),NO CONTROLS,IMPROPER LANE USAGE,UNABLE TO DETERMINE,0,0,0,0,17,3,4,1103,DAMEN AVE,41.947149,-87.512176,04/20/2021 06:57:00 PM,2021
CR00011772,04/28/2021 05:56:00 PM,45,SNOW,DAYLIGHT,FIXED OBJECT,NOT DIVIDED,STOP SIGN/FLASHER,FAILING TO YIELD RIGHT-OF-WAY,DISTRACTION - FROM INSIDE VEHICLE,0,0,0,0,17,4,4,281,MICHIGAN AVE,41.942429,-87.726177,04/28/2021 07:15:00 PM,2021
CR00011773,08/14/2020 04:06:00 PM,45,CLEAR,DAYLIGHT,REAR END,NOT DIVIDED,UNKNOWN,UNABLE TO DETERMINE,WEATHER,0,0,0,0,16,6,8,1288,ARCHER AVE,41.736948,-87.544049,08/14/2020 05:03:00 PM,2020
CR00011774,07/24/2020 10:51:00 AM,25,CLEAR,DAYLIGHT,REAR END,DIVIDED - W/MEDIAN BARRIER,TRAFFIC SIGNAL,DISTRACTION - FROM INSIDE VEHICLE,FOLLOWING TOO CLOSELY,0,0,0,0,10,6,7,1701,ASHLAND AVE,41.987074,-87.74129,07/24/2020 10:59:00 AM,2020
CR00011775,05/24/2017 01:15:00 AM,25,RAIN,DAYLIGHT,SIDESWIPE SAME DIRECTION,NOT DIVIDED,PEDESTRIAN CROSSING SIGN,FOLLOWING TOO CLOSELY,FAILING TO REDUCE SPEED,0,0,0,0,1,4,5,1269,KEDZIE AVE,41.795293,-87.724427,05/24/2017 02:50:00 AM,2017
CR00011776,05/17/2023 02:57:00 PM,45,CLEAR,DARKNESS - LIGHTED ROAD,SIDESWIPE SAME DIRECTION,NOT DIVIDED,STOP SIGN/FLASHER,WEATHER,IMPROPER LANE USAGE,0,0,0,0,14,4,5,967,WESTERN AVE,41.966023,-87.823608,05/17/2023 03:53:00 PM,2023
CR00011777,06/17/2023 06:34:00 PM,15,CLEAR,DARKNESS,REAR END,NOT DIVIDED,UNKNOWN,UNABLE TO DETERMINE,NOT APPLICABLE,0,0,0,0,18,7,6,230,STATE ST,41.924551,-87.636271,06/17/2023 07:08:00 PM,2023