CRASH_RECORD_ID,CRASH_DATE,POSTED_SPEED_LIMIT,WEATHER_CONDITION,LIGHTING_CONDITION,FIRST_CRASH_TYPE,TRAFFICWAY_TYPE,TRAFFIC_CONTROL_DEVICE,PRIM_CONTRIBUTORY_CAUSE,SEC_CONTRIBUTORY_CAUSE,INJURIES_FATAL,INJURIES_INCAPACITATING,INJURIES_NON_INCAPACITATING,INJURIES_TOTAL,CRASH_HOUR,CRASH_DAY_OF_WEEK,CRASH_MONTH,BEAT_OF_OCCURRENCE,STREET_NAME,LATITUDE,LONGITUDE,DATE_POLICE_NOTIFIED,year
CR00011778,10/27/2021 07:47:00 AM,45,CLEAR,DARKNESS - LIGHTED ROAD,REAR TO FRONT,DIVIDED - W/MEDIAN BARRIER,NO CONTROLS,UNABLE TO DETERMINE,IMPROPER LANE USAGE,0,0,1,1,7,4,10,403,ELSTON AVE,41.899982,-87.540756,10/27/2021 08:58:00 AM,2021
CR00011779,08/10/2018 01:31:00 PM,30,SNOW,DAYLIGHT,TURNING,NOT DIVIDED,NO CONTROLS,UNABLE TO DETERMINE,FAILING TO YIELD RIGHT-OF-WAY,0,0,0,0,13,6,8,1856,CALIFORNIA AVE,41.797077,-87.556154,08/10/2018 01:42:00 PM,2018
CR00011780,09/11/2024 05:48:00 PM,40,CLEAR,DARKNESS - LIGHTED ROAD,REAR END,FOUR WAY,TRAFFIC SIGNAL,UNABLE TO DETERMINE,FAILING TO YIELD RIGHT-OF-WAY,0,0,0,0,17,4,9,2234,OGDEN AVE,41.81378,-87.568504,09/11/2024 06:02:00 PM,2024
CR00011781,10/20/2015 11:53:00 PM,35,CLOUDY/OVERCAST,DAYLIGHT,TURNING,DIVIDED - W/MEDIAN (NOT RAISED),TRAFFIC SIGNAL,IMPROPER OVERTAKING/PASSING,DRIVING SKILLS/KNOWLEDGE/EXPERIENCE,0,0,0,0,23,3,10,1388,DIVISION ST,41.909904,-87.56811,10/21/2015 12:10:00 AM,2015
CR00011782,08/25/2021 02:58:00 PM,30,CLEAR,DAYLIGHT,REAR END,NOT DIVIDED,PEDESTRIAN CROSSING SIGN,FOLLOWING TOO CLOSELY,IMPROPER LANE USAGE,0,0,0,0,14,4,8,293,79TH ST,41.984589,-87.67161,08/25/2021 04:39:00 PM,2021
CR00011783,05/08/2019 02:51:00 PM,25,CLEAR,DARKNESS - LIGHTED ROAD,FIXED OBJECT,NOT DIVIDED,NO CONTROLS,FOLLOWING TOO CLOSELY,NOT APPLICABLE,0,0,1,1,14,4,5,1814,STATE ST,41.82765,-87.67463,05/08/2019 03:57:00 PM,2019
CR00011784,05/01/2019 04:45:00 PM,15,CLEAR,DAYLIGHT,SIDESWIPE SAME DIRECTION,NOT DIVIDED,TRAFFIC SIGNAL,IMPROPER OVERTAKING/PASSING,NOT APPLICABLE,0,0,1,1,16,4,5,2271,79TH ST,41.959392,-87.683627,05/01/2019 05:36:00 PM,2019
CR00011785,09/26/2016 05:06:00 PM,30,CLEAR,DARKNESS - LIGHTED ROAD,FIXED OBJECT,T-INTERSECTION,TRAFFIC SIGNAL,UNABLE TO DETERMINE,IMPROPER OVERTAKING/PASSING,0,2,1,3,17,2,9,1009,BROADWAY,41.982971,-87.848159,09/26/2016 05:17:00 PM,2016
CR00011786,05/04/2017 06:27:00 AM,35,CLEAR,DAWN,SIDESWIPE SAME DIRECTION,NOT DIVIDED,STOP SIGN/FLASHER,UNABLE TO DETERMINE,UNABLE TO DETERMINE,0,0,0,0,6,5,5,1546,LAKE SHORE DR,41.790682,-87.63405,05/04/2017 08:02:00 AM,2017
CR00011787,12/30/2022 05:21:00 AM,30,CLEAR,DAYLIGHT,SIDESWIPE SAME DIRECTION,ONE-WAY,STOP SIGN/FLASHER,DRIVING SKILLS/KNOWLEDGE/EXPERIENCE,IMPROPER LANE USAGE,0,0,0,0,5,6,12,776,MICHIGAN AVE,41.982823,-87.548548,12/30/2022 06:18:00 AM,2022
CR00011788,07/09/2024 11:08:00 AM,35,CLEAR,DAYLIGHT,TURNING,NOT DIVIDED,YIELD,FAILING TO YIELD RIGHT-OF-WAY,UNABLE TO DETERMINE,0,0,0,0,11,3,7,1639,LAKE SHORE DR,41.820584,-87.508802,07/09/2024 01:04:00 PM,2024
CR00011789,09/09/2022 03:26:00 PM,30,CLEAR,DARKNESS - LIGHTED ROAD,TURNING,DIVIDED - W/MEDIAN (NOT RAISED),NO CONTROLS,DRIVING SKILLS/KNOWLEDGE/EXPERIENCE,DISTRACTION - FROM INSIDE VEHICLE,0,0,0,0,15,6,9,1342,MICHIGAN AVE,41.768282,-87.808502,09/09/2022 05:04:00 PM,2022
CR00011790,12/18/2019 06:18:00 PM,20,CLEAR,DARKNESS,FIXED OBJECT,ONE-WAY,UNKNOWN,IMPROPER LANE USAGE,UNABLE TO DETERMINE,0,0,0,0,18,4,12,1104,63RD ST,41.97032,-87.618564,12/18/2019 08:08:00 PM,2019
CR00011791,03/20/2022 05:49:00 PM,20,CLEAR,DAYLIGHT,REAR END,NOT DIVIDED,TRAFFIC SIGNAL,UNABLE TO DETERMINE,UNABLE TO DETERMINE,0,0,0,0,17,1,3,584,WESTERN AVE,41.856008,-87.792729,03/20/2022 06:49:00 PM,2022
CR00011792,02/16/2016 08:17:00 PM,35,CLEAR,DARKNESS - LIGHTED ROAD,REAR END,NOT DIVIDED,UNKNOWN,UNABLE TO DETERMINE,IMPROPER LANE USAGE,0,0,0,0,20,3,2,1464,79TH ST,41.988264,-87.594003,02/16/2016 09:14:00 PM,2016
CR00011793,08/27/2018 04:39:00 AM,40,RAIN,DAWN,FIXED OBJECT,ONE-WAY,NO CONTROLS,UNABLE TO DETERMINE,FAILING TO YIELD RIGHT-OF-WAY,0,0,1,1,4,2,8,2180,CICERO AVE,41.705657,-87.794369,08/27/2018 04:44:00 AM,2018
CR00011794,07/05/2019 08:37:00 AM,30,RAIN,DAYLIGHT,REAR END,NOT DIVIDED,UNKNOWN,WEATHER,IMPROPER LANE USAGE,0,0,0,0,8,6,7,263,CICERO AVE,41.826695,-87.532378,07/05/2019 08:57:00 AM,2019
CR00011795,06/12/2021 03:42:00 PM,30,CLEAR,DARKNESS,SIDESWIPE SAME DIRECTION,NOT DIVIDED,TRAFFIC SIGNAL,DISREGARDING TRAFFIC SIGNALS,IMPROPER LANE USAGE,0,0,0,0,15,7,6,349,OGDEN AVE,41.85024,-87.822113,06/12/2021 04:03:00 PM,2021
CR00011796,02/01/2015 08:06:00 AM,35,RAIN,DARKNESS - LIGHTED ROAD,TURNING,ONE-WAY,NO CONTROLS,IMPROPER LANE USAGE,FAILING TO YIELD RIGHT-OF-WAY,0,0,1,1,8,1,2,886,ROOSEVELT RD,41.933288,-87.688547,02/01/2015 09:55:00 AM,2015
CR00011797,07/28/2020 05:44:00 PM,45,CLEAR,DUSK,PARKED MOTOR VEHICLE,DIVIDED - W/MEDIAN BARRIER,NO CONTROLS,UNABLE TO DETERMINE,DISREGARDING TRAFFIC SIGNALS,0,0,0,0,17,3,7,1816,CICERO AVE,41.803739,-87.729278,07/28/2020 07:05:00 PM,2020
CR00011798,10/30/2021 07:23:00 AM,20,CLEAR,DARKNESS,REAR TO FRONT,NOT DIVIDED,STOP SIGN/FLASHER,UNABLE TO DETERMINE,UNABLE TO DETERMINE,0,0,0,0,7,7,10,1584,WESTERN AVE,41.936219,-87.531196,10/30/2021 08:46:00 AM,2021
CR00011799,02/23/2016 01:30:00 PM,20,RAIN,DARKNESS - LIGHTED ROAD,REAR END,ONE-WAY,NO CONTROLS,WEATHER,UNABLE TO DETERMINE,0,0,0,0,13,3,2,1696,BROADWAY,41.833307,-87.696332,02/23/2016 03:19:00 PM,2016
CR00011800,10/04/2024 11:57:00 PM,30,CLEAR,DAYLIGHT,FIXED OBJECT,DIVIDED - W/MEDIAN (NOT RAISED),NO CONTROLS,DISREGARDING TRAFFIC SIGNALS,IMPROPER LANE USAGE,0,0,0,0,23,6,10,598,WESTERN AVE,41.757312,-87.666861,10/05/2024 12:06:00 AM,2024
CR00011801,08/10/2023 10:34:00 AM,25,CLEAR,DAYLIGHT,REAR TO FRONT,ONE-WAY,YIELD,DISTRACTION - FROM INSIDE VEHICLE,IMPROPER OVERTAKING/PASSING,0,0,0,0,10,5,8,133,STONY ISLAND AVE,41.768648,-87.566738,08/10/2023 11:52:00 AM,2023
CR00011802,05/17/2018 10:04:00 AM,30,CLEAR,DARKNESS - LIGHTED ROAD,ANGLE,ONE-WAY,STOP SIGN/FLASHER,UNABLE TO DETERMINE,FAILING TO REDUCE SPEED,0,1,0,1,10,5,5,857,FULLERTON AVE,41.864544,-87.55257,05/17/2018 11:43:00 AM,2018
CR00011803,12/30/2022 02:07:00 AM,35,RAIN,DAYLIGHT,FIXED OBJECT,NOT DIVIDED,TRAFFIC SIGNAL,UNABLE TO DETERMINE,NOT APPLICABLE,0,0,0,0,2,6,12,1338,CICERO AVE,41.887186,-87.654932,12/30/2022 02:08:00 AM,2022
CR00011804,02/04/2016 08:05:00 AM,35,CLEAR,DAYLIGHT,SIDESWIPE SAME DIRECTION,ONE-WAY,NO CONTROLS,IMPROPER OVERTAKING/PASSING,FAILING TO YIELD RIGHT-OF-WAY,0,0,3,3,8,5,2,2029,PULASKI RD,41.958764,-87.649969,02/04/2016 08:15:00 AM,2016
CR00011805,04/13/2018 04:07:00 PM,40,CLEAR,DAYLIGHT,ANGLE,NOT DIVIDED,STOP SIGN/FLASHER,DISTRACTION - FROM INSIDE VEHICLE,IMPROPER LANE USAGE,0,0,0,0,16,6,4,1922,KEDZIE AVE,41.881988,-87.628624,04/13/2018 04:42:00 PM,2018
CR00011806,08/17/2023 03:27:00 PM,35,CLEAR,DAYLIGHT,REAR TO FRONT,NOT DIVIDED,NO CONTROLS,DRIVING SKILLS/KNOWLEDGE/EXPERIENCE,FAILING TO YIELD RIGHT-OF-WAY,0,0,0,0,15,5,8,2259,WESTERN AVE,41.847482,-87.829589,08/17/2023 03:52:00 PM,2023
CR00011807,03/06/2022 02:28:00 PM,40,CLEAR,DAYLIGHT,ANGLE,DIVIDED - W/MEDIAN (NOT RAISED),UNKNOWN,IMPROPER LANE USAGE,IMPROPER OVERTAKING/PASSING,0,0,1,1,14,1,3,2423,63RD ST,41.884117,-87.553739,03/06/2022 03:53:00 PM,2022
CR00011808,03/03/2018 05:44:00 AM,30,CLEAR,DAYLIGHT,TURNING,NOT DIVIDED,NO CONTROLS,FAILING TO YIELD RIGHT-OF-WAY,UNABLE TO DETERMINE,0,0,0,0,5,7,3,2218,PULASKI RD,41.756116,-87.712976,03/03/2018 07:24:00 AM,2018
CR00011809,11/23/2015 09:22:00 AM,30,CLEAR,DAYLIGHT,PARKED MOTOR VEHICLE,ONE-WAY,TRAFFIC SIGNAL,UNABLE TO DETERMINE,NOT APPLICABLE,0,0,0,0,9,2,11,1353,47TH ST,41.956887,-87.747766,11/23/2015 10:06:00 AM,2015
CR00011810,03/11/2024 10:55:00 AM,45,RAIN,DAYLIGHT,REAR END,NOT DIVIDED,TRAFFIC SIGNAL,UNABLE TO DETERMINE,UNABLE TO DETERMINE,0,0,0,0,10,2,3,2385,MILWAUKEE AVE,41.879626,-87.814146,03/11/2024 11:34:00 AM,2024
CR00011811,05/16/2022 05:13:00 PM,40,CLEAR,DUSK,ANGLE,NOT DIVIDED,NO CONTROLS,UNABLE TO DETERMINE,UNABLE TO DETERMINE,0,0,0,0,17,2,5,865,ARCHER AVE,41.797652,-87.504662,05/16/2022 06:50:00 PM,2022
CR00011812,07/18/2020 01:56:00 PM,25,SNOW,DARKNESS - LIGHTED ROAD,SIDESWIPE SAME DIRECTION,FOUR WAY,TRAFFIC SIGNAL,DISTRACTION - FROM INSIDE VEHICLE,DRIVING SKILLS/KNOWLEDGE/EXPERIENCE,0,2,0,2,13,7,7,1481,OGDEN AVE,41.779336,-87.612856,07/18/2020 03:36:00 PM,2020
CR00011813,02/08/2017 01:32:00 PM,30,CLEAR,DARKNESS,REAR END,ONE-WAY,STOP SIGN/FLASHER,FOLLOWING TOO CLOSELY,IMPROPER LANE USAGE,0,0,0,0,13,4,2,1711,DIVISION ST,41.951622,-87.766246,02/08/2017 01:51:00 PM,2017
CR00011814,08/01/2017 05:48:00 PM,25,CLEAR,DARKNESS - LIGHTED ROAD,REAR END,NOT DIVIDED,NO CONTROLS,FAILING TO YIELD RIGHT-OF-WAY,UNABLE TO DETERMINE,0,1,3,4,17,3,8,423,DIVISION ST,41.992085,-87.811432,08/01/2017 06:04:00 PM,2017
CR00011815,08/13/2022 04:28:00 AM,25,CLOUDY/OVERCAST,DARKNESS - LIGHTED ROAD,PEDESTRIAN,NOT DIVIDED,NO CONTROLS,UNABLE TO DETERMINE,UNABLE TO DETERMINE,0,0,1,1,4,7,8,867,DAMEN AVE,41.798167,-87.71032,08/13/2022 06:05:00 AM,2022
CR00011816,10/07/2017 01:54:00 PM,30,CLEAR,DARKNESS - LIGHTED ROAD,REAR END,NOT DIVIDED,TRAFFIC SIGNAL,FAILING TO YIELD RIGHT-OF-WAY,UNABLE TO DETERMINE,0,0,0,0,13,7,10,682,MICHIGAN AVE,41.724689,-87.667483,10/07/2017 02:37:00 PM,2017
CR00011817,05/31/2019 07:29:00 PM,40,CLOUDY/OVERCAST,DAYLIGHT,FIXED OBJECT,NOT DIVIDED,NO CONTROLS,DISTRACTION - FROM INSIDE VEHICLE,FOLLOWING TOO CLOSELY,0,0,0,0,19,6,5,848,CALIFORNIA AVE,41.786664,-87.532167,05/31/2019 08:33:00 PM,2019
CR00011818,01/26/2018 05:19:00 PM,35,CLEAR,DAYLIGHT,PARKED MOTOR VEHICLE,ONE-WAY,TRAFFIC SIGNAL,DRIVING SKILLS/KNOWLEDGE/EXPERIENCE,UNABLE TO DETERMINE,0,0,0,0,17,6,1,1007,LAKE SHORE DR,41.877802,-87.699174,01/26/2018 05:56:00 PM,2018
CR00011819,08/24/2021 12:09:00 PM,15,CLEAR,DAYLIGHT,SIDESWIPE SAME DIRECTION,DIVIDED - W/MEDIAN (NOT RAISED),NO CONTROLS,FOLLOWING TOO CLOSELY,WEATHER,0,0,0,0,12,3,8,708,WESTERN AVE,41.789875,-87.580934,08/24/2021 01:01:00 PM,2021
CR00011820,03/15/2019 06:27:00 PM,25,CLOUDY/OVERCAST,DARKNESS - LIGHTED ROAD,REAR END,NOT DIVIDED,NO CONTROLS,UNABLE TO DETERMINE,NOT APPLICABLE,0,0,0,0,18,6,3,1220,STATE ST,41.800623,-87.731378,03/15/2019 07:59:00 PM,2019
CR00011821,03/21/2017 07:10:00 AM,35,CLEAR,DAYLIGHT,TURNING,NOT DIVIDED,STOP SIGN/FLASHER,WEATHER,DRIVING SKILLS/KNOWLEDGE/EXPERIENCE,0,0,0,0,7,3,3,2135,CLARK ST,41.924388,-87.83444,03/21/2017 07:40:00 AM,2017
CR00011822,11/14/2024 02:10:00 PM,35,CLEAR,DAYLIGHT,ANGLE,FOUR WAY,NO CONTROLS,FAILING TO YIELD RIGHT-OF-WAY,DISREGARDING TRAFFIC SIGNALS,0,0,0,0,14,5,11,2132,FULLERTON AVE,41.845453,-87.802334,11/14/2024 03:11:00 PM,2024
CR00011823,10/20/2022 04:19:00 PM,30,CLEAR,DUSK,PARKED MOTOR VEHICLE,DIVIDED - W/MEDIAN BARRIER,NO CONTROLS,UNABLE TO DETERMINE,DISREGARDING TRAFFIC SIGNALS,0,0,1,1,16,5,10,583,MILWAUKEE AVE,41.932307,-87.59228,10/20/2022 04:37:00 PM,2022
CR00011824,06/22/2015 11:47:00 AM,20,RAIN,DAYLIGHT,TURNING,DIVIDED - W/MEDIAN (NOT RAISED),TRAFFIC SIGNAL,UNABLE TO DETERMINE,UNABLE TO DETERMINE,0,0,0,0,11,2,6,2161,CALIFORNIA AVE,41.700158,-87.75126,06/22/2015 12:15:00 PM,2015
CR00011825,03/26/2020 01:34:00 PM,15,CLEAR,DAWN,TURNING,DIVIDED - W/MEDIAN (NOT RAISED),TRAFFIC SIGNAL,UNABLE TO DETERMINE,FAILING TO YIELD RIGHT-OF-WAY,0,0,3,3,13,5,3,2209,OGDEN AVE,41.744337,-87.822211,03/26/2020 03:02:00 PM,2020
CR00011826,11/11/2018 12:17:00 PM,25,CLEAR,DAWN,ANGLE,DIVIDED - W/MEDIAN BARRIER,STOP SIGN/FLASHER,IMPROPER LANE USAGE,UNABLE TO DETERMINE,0,0,1,1,12,1,11,902,WESTERN AVE,41.893728,-87.640601,11/11/2018 12:56:00 PM,2018
CR00011827,11/04/2018 03:53:00 PM,20,CLOUDY/OVERCAST,DAYLIGHT,REAR END,FOUR WAY,TRAFFIC SIGNAL,FAILING TO YIELD RIGHT-OF-WAY,FOLLOWING TOO CLOSELY,0,0,2,2,15,1,11,1173,WESTERN AVE,41.75637,-87.663106,11/04/2018 04:45:00 PM,2018
CR00011828,01/25/2021 08:39:00 AM,25,CLEAR,DAYLIGHT,REAR END,NOT DIVIDED,TRAFFIC SIGNAL,IMPROPER LANE USAGE,IMPROPER OVERTAKING/PASSING,0,0,0,0,8,2,1,2445,BROADWAY,41.990718,-87.737766,01/25/2021 10:36:00 AM,2021
CR00011829,12/06/2018 08:18:00 AM,30,CLEAR,DAYLIGHT,TURNING,ONE-WAY,UNKNOWN,UNABLE TO DETERMINE,UNABLE TO DETERMINE,0,0,0,0,8,5,12,1749,HALSTED ST,41.781467,-87.658845,12/06/2018 08:28:00 AM,2018
CR00011830,12/11/2024 01:20:00 PM,30,CLEAR,DARKNESS - LIGHTED ROAD,TURNING,ONE-WAY,NO CONTROLS,UNABLE TO DETERMINE,IMPROPER OVERTAKING/PASSING,0,0,0,0,13,4,12,342,ROOSEVELT RD,41.902935,-87.594949,12/11/2024 02:36:00 PM,2024
CR00011831,06/28/2021 03:48:00 PM,30,CLEAR,DAYLIGHT,SIDESWIPE SAME DIRECTION,ONE-WAY,TRAFFIC SIGNAL,UNABLE TO DETERMINE,NOT APPLICABLE,0,0,0,0,15,2,6,1043,MILWAUKEE AVE,41.785652,-87.620792,06/28/2021 04:30:00 PM,2021
CR00011832,03/08/2015 10:24:00 AM,30,RAIN,DARKNESS - LIGHTED ROAD,ANGLE,DIVIDED - W/MEDIAN (NOT RAISED),STOP SIGN/FLASHER,IMPROPER LANE USAGE,UNABLE TO DETERMINE,0,0,0,0,10,1,3,1069,OGDEN AVE,41.915341,-87.608015,03/08/2015 11:57:00 AM,2015
CR00011833,10/23/2023 12:46:00 PM,35,CLEAR,DARKNESS - LIGHTED ROAD,ANGLE,NOT DIVIDED,STOP SIGN/FLASHER,FAILING TO REDUCE SPEED,DRIVING SKILLS/KNOWLEDGE/EXPERIENCE,0,0,0,0,12,2,10,1445,79TH ST,41.917087,-87.847989,10/23/2023 02:11:00 PM,2023
CR00011834,01/21/2022 02:29:00 PM,20,CLEAR,DAWN,REAR END,DIVIDED - W/MEDIAN (NOT RAISED),NO CONTROLS,DISREGARDING TRAFFIC SIGNALS,UNABLE TO DETERMINE,0,0,0,0,14,6,1,2326,63RD ST,41.72032,-87.59099,01/21/2022 04:18:00 PM,2022
CR00011835,04/21/2017 03:29:00 PM,30,CLEAR,DARKNESS - LIGHTED ROAD,REAR END,ONE-WAY,NO CONTROLS,DISTRACTION - FROM INSIDE VEHICLE,DRIVING SKILLS/KNOWLEDGE/EXPERIENCE,0,0,0,0,15,6,4,1052,63RD ST,41.866764,-87.709535,04/21/2017 04:32:00 PM,2017
CR00011836,12/23/2018 03:43:00 AM,45,CLEAR,DAYLIGHT,REAR END,DIVIDED - W/MEDIAN (NOT RAISED),PEDESTRIAN CROSSING SIGN,UNABLE TO DETERMINE,UNABLE TO DETERMINE,0,1,3,4,3,1,12,1437,ARCHER AVE,41.731009,-87.765986,12/23/2018 05:08:00 AM,2018
CR00011837,05/20/2022 03:48:00 PM,40,CLEAR,DAYLIGHT,ANGLE,DIVIDED - W/MEDIAN BARRIER,TRAFFIC SIGNAL,FAILING TO YIELD RIGHT-OF-WAY,DISTRACTION - FROM INSIDE VEHICLE,0,0,0,0,15,6,5,345,ARCHER AVE,41.986173,-87.519962,05/20/2022 03:50:00 PM,2022
CR00011838,01/10/2018 08:25:00 PM,30,CLEAR,DAYLIGHT,REAR TO FRONT,NOT DIVIDED,TRAFFIC SIGNAL,FAILING TO YIELD RIGHT-OF-WAY,FAILING TO REDUCE SPEED,0,0,0,0,20,4,1,1109,KEDZIE AVE,41.853734,-87.60253,01/10/2018 08:27:00 PM,2018
CR00011839,02/04/2015 09:21:00 AM,30,CLEAR,DAYLIGHT,REAR TO FRONT,NOT DIVIDED,NO CONTROLS,DISTRACTION - FROM INSIDE VEHICLE,FAILING TO YIELD RIGHT-OF-WAY,0,0,0,0,9,4,2,315,CLARK ST,41.828842,-87.781832,02/04/2015 10:22:00 AM,2015
CR00011840,06/19/2017 10:14:00 AM,30,CLEAR,DARKNESS - LIGHTED ROAD,TURNING,T-INTERSECTION,NO CONTROLS,DISREGARDING TRAFFIC SIGNALS,FAILING TO YIELD RIGHT-OF-WAY,0,0,0,0,10,2,6,1342,KEDZIE AVE,41.723599,-87.588595,06/19/2017 10:59:00 AM,2017
CR00011841,04/05/2017 05:52:00 PM,35,CLOUDY/OVERCAST,DAYLIGHT,TURNING,NOT DIVIDED,YIELD,FOLLOWING TOO CLOSELY,UNABLE TO DETERMINE,0,0,1,1,17,4,4,2011,CLARK ST,41.990443,-87.69545,04/05/2017 07:15:00 PM,2017
CR00011842,11/05/2019 02:22:00 AM,30,CLEAR,DARKNESS,ANGLE,DIVIDED - W/MEDIAN (NOT RAISED),NO CONTROLS,IMPROPER LANE USAGE,IMPROPER OVERTAKING/PASSING,0,0,0,0,2,3,11,1444,MILWAUKEE AVE,41.94733,-87.749851,11/05/2019 04:18:00 AM,2019
CR00011843,05/17/2018 03:32:00 AM,35,CLEAR,DAYLIGHT,REAR END,NOT DIVIDED,STOP SIGN/FLASHER,DISTRACTION - FROM INSIDE VEHICLE,IMPROPER LANE USAGE,0,0,0,0,3,5,5,146,CLARK ST,41.962881,-87.662357,05/17/2018 04:19:00 AM,2018
CR00011844,03/30/2023 12:21:00 PM,40,CLEAR,DAYLIGHT,REAR END,NOT DIVIDED,NO CONTROLS,IMPROPER OVERTAKING/PASSING,NOT APPLICABLE,0,0,0,0,12,5,3,1880,FULLERTON AVE,41.834777,-87.600596,03/30/2023 12:33:00 PM,2023
CR00011845,12/12/2017 02:08:00 PM,15,CLEAR,DAYLIGHT,REAR END,ONE-WAY,NO CONTROLS,DISTRACTION - FROM INSIDE VEHICLE,IMPROPER OVERTAKING/PASSING,0,0,0,0,14,3,12,328,DAMEN AVE,41.745928,-87.555941,12/12/2017 02:22:00 PM,2017
CR00011846,05/22/2023 05:43:00 PM,35,SNOW,DARKNESS - LIGHTED ROAD,REAR END,ONE-WAY,NO CONTROLS,UNABLE TO DETERMINE,FAILING TO YIELD RIGHT-OF-WAY,0,0,0,0,17,2,5,465,47TH ST,41.976771,-87.60438,05/22/2023 07:15:00 PM,2023
CR00011847,05/26/2016 04:55:00 AM,30,CLOUDY/OVERCAST,DAYLIGHT,REAR END,NOT DIVIDED,TRAFFIC SIGNAL,UNABLE TO DETERMINE,NOT APPLICABLE,0,0,0,0,4,5,5,1751,WESTERN AVE,41.928224,-87.825566,05/26/2016 05:20:00 AM,2016
CR00011848,01/27/2016 02:10:00 PM,30,CLEAR,DAYLIGHT,FIXED OBJECT,ONE-WAY,TRAFFIC SIGNAL,IMPROPER OVERTAKING/PASSING,UNABLE TO DETERMINE,0,0,2,2,14,4,1,2149,CLARK ST,41.744714,-87.502938,01/27/2016 03:19:00 PM,2016
CR00011849,10/02/2024 03:41:00 PM,40,FREEZING RAIN/DRIZZLE,DAYLIGHT,FIXED OBJECT,NOT DIVIDED,NO CONTROLS,UNABLE TO DETERMINE,IMPROPER OVERTAKING/PASSING,0,0,0,0,15,4,10,1929,MILWAUKEE AVE,41.948577,-87.639931,10/02/2024 03:53:00 PM,2024
CR00011850,08/22/2016 08:55:00 AM,35,RAIN,DAYLIGHT,REAR END,NOT DIVIDED,NO CONTROLS,FAILING TO YIELD RIGHT-OF-WAY,FAILING TO YIELD RIGHT-OF-WAY,0,0,0,0,8,2,8,261,IRVING PARK RD,41.727097,-87.671218,08/22/2016 10:52:00 AM,2016
CR00011851,07/22/2015 10:01:00 AM,35,CLEAR,DAYLIGHT,SIDESWIPE SAME DIRECTION,NOT DIVIDED,STOP SIGN/FLASHER,UNABLE TO DETERMINE,UNABLE TO DETERMINE,0,1,2,3,10,4,7,1302,47TH ST,41.776862,-87.514586,07/22/2015 10:16:00 AM,2015
CR00011852,11/05/2023 06:13:00 PM,25,CLEAR,DARKNESS - LIGHTED ROAD,TURNING,FOUR WAY,TRAFFIC SIGNAL,UNABLE TO DETERMINE,FAILING TO YIELD RIGHT-OF-WAY,0,0,0,0,18,1,11,1902,CLARK ST,41.81732,-87.806961,11/05/2023 06:25:00 PM,2023
CR00011853,10/23/2015 01:46:00 PM,20,CLEAR,DAYLIGHT,REAR END,NOT DIVIDED,NO CONTROLS,WEATHER,NOT APPLICABLE,0,0,0,0,13,6,10,1360,DAMEN AVE,41.877408,-87.838003,10/23/2015 03:16:00 PM,2015
CR00011854,06/11/2024 03:58:00 PM,45,CLEAR,DAWN,REAR TO FRONT,DIVIDED - W/MEDIAN (NOT RAISED),STOP SIGN/FLASHER,WEATHER,DRIVING SKILLS/KNOWLEDGE/EXPERIENCE,0,0,0,0,15,3,6,330,DAMEN AVE,41.897118,-87.714158,06/11/2024 05:54:00 PM,2024
CR00011855,02/08/2016 02:24:00 PM,40,SNOW,DARKNESS - LIGHTED ROAD,SIDESWIPE SAME DIRECTION,NOT DIVIDED,STOP SIGN/FLASHER,DISTRACTION - FROM INSIDE VEHICLE,UNABLE TO DETERMINE,0,0,0,0,14,2,2,1254,63RD ST,41.968254,-87.528551,02/08/2016 03:01:00 PM,2016
CR00011856,12/04/2016 12:07:00 PM,30,RAIN,DARKNESS,ANGLE,ONE-WAY,NO CONTROLS,UNABLE TO DETERMINE,NOT APPLICABLE,0,0,0,0,12,1,12,671,DIVISION ST,41.780746,-87.680571,12/04/2016 01:19:00 PM,2016
CR00011857,03/11/2021 05:42:00 AM,15,CLEAR,DAYLIGHT,TURNING,DIVIDED - W/MEDIAN (NOT RAISED),STOP SIGN/FLASHER,FAILING TO YIELD RIGHT-OF-WAY,NOT APPLICABLE,0,0,0,0,5,5,3,2261,HALSTED ST,41.99875,-87.547925,03/11/2021 05:56:00 AM,2021
CR00011858,05/29/2020 07:54:00 AM,30,RAIN,DARKNESS - LIGHTED ROAD,REAR END,NOT DIVIDED,NO CONTROLS,IMPROPER LANE USAGE,WEATHER,0,0,1,1,7,6,5,700,CALIFORNIA AVE,41.782976,-87.787596,05/29/2020 08:33:00 AM,2020
CR00011859,04/06/2019 02:34:00 PM,35,CLEAR,DARKNESS - LIGHTED ROAD,REAR END,NOT DIVIDED,NO CONTROLS,FOLLOWING TOO CLOSELY,WEATHER,0,1,2,3,14,7,4,1058,KEDZIE AVE,41.917884,-87.801369,04/06/2019 03:55:00 PM,2019
CR00011860,01/29/2017 08:04:00 AM,25,CLEAR,DAWN,FIXED OBJECT,ONE-WAY,STOP SIGN/FLASHER,FOLLOWING TOO CLOSELY,UNABLE TO DETERMINE,0,2,1,3,8,1,1,1375,OGDEN AVE,41.786513,-87.581506,01/29/2017 09:32:00 AM,2017
CR00011861,07/18/2020 03:05:00 PM,20,CLEAR,DAYLIGHT,REAR TO FRONT,T-INTERSECTION,STOP SIGN/FLASHER,FAILING TO YIELD RIGHT-OF-WAY,UNABLE TO DETERMINE,0,0,1,1,15,7,7,2455,OGDEN AVE,41.796933,-87.78999,07/18/2020 03:16:00 PM,2020