CRASH_RECORD_ID,CRASH_DATE,POSTED_SPEED_LIMIT,WEATHER_CONDITION,LIGHTING_CONDITION,FIRST_CRASH_TYPE,TRAFFICWAY_TYPE,TRAFFIC_CONTROL_DEVICE,PRIM_CONTRIBUTORY_CAUSE,SEC_CONTRIBUTORY_CAUSE,INJURIES_FATAL,INJURIES_INCAPACITATING,INJURIES_NON_INCAPACITATING,INJURIES_TOTAL,CRASH_HOUR,CRASH_DAY_OF_WEEK,CRASH_MONTH,BEAT_OF_OCCURRENCE,STREET_NAME,LATITUDE,LONGITUDE,DATE_POLICE_NOTIFIED,year
CR00011862,12/17/2020 10:51:00 AM,35,CLEAR,DAYLIGHT,ANGLE,FOUR WAY,NO CONTROLS,FOLLOWING TOO CLOSELY,UNABLE TO DETERMINE,0,0,0,0,10,5,12,398,ROOSEVELT RD,41.749228,-87.757992,12/17/2020 12:50:00 PM,2020
CR00011863,01/25/2017 12:33:00 AM,25,CLEAR,DARKNESS - LIGHTED ROAD,PARKED MOTOR VEHICLE,DIVIDED - W/MEDIAN (NOT RAISED),NO CONTROLS,DISREGARDING TRAFFIC SIGNALS,DISREGARDING TRAFFIC SIGNALS,0,0,0,0,0,4,1,1395,DAMEN AVE,41.879859,-87.528307,01/25/2017 12:40:00 AM,2017
CR00011864,05/15/2019 08:28:00 PM,45,CLEAR,DUSK,ANGLE,DIVIDED - W/MEDIAN BARRIER,NO CONTROLS,IMPROPER LANE USAGE,FAILING TO YIELD RIGHT-OF-WAY,0,0,1,1,20,4,5,2347,LAKE SHORE DR,41.816712,-87.747079,05/15/2019 09:34:00 PM,2019
CR00011865,05/07/2020 08:23:00 AM,30,FREEZING RAIN/DRIZZLE,DARKNESS,SIDESWIPE SAME DIRECTION,DIVIDED - W/MEDIAN (NOT RAISED),TRAFFIC SIGNAL,UNABLE TO DETERMINE,NOT APPLICABLE,0,0,0,0,8,5,5,1207,CALIFORNIA AVE,41.903049,-87.609816,05/07/2020 08:29:00 AM,2020
CR00011866,03/09/2018 05:29:00 AM,15,CLEAR,DARKNESS - LIGHTED ROAD,REAR END,DIVIDED - W/MEDIAN BARRIER,STOP SIGN/FLASHER,UNABLE TO DETERMINE,UNABLE TO DETERMINE,0,0,0,0,5,6,3,1612,CLARK ST,41.894973,-87.725579,03/09/2018 06:54:00 AM,2018
CR00011867,08/03/2022 06:20:00 PM,35,FREEZING RAIN/DRIZZLE,DAYLIGHT,SIDESWIPE SAME DIRECTION,NOT DIVIDED,NO CONTROLS,FOLLOWING TOO CLOSELY,FAILING TO YIELD RIGHT-OF-WAY,0,0,0,0,18,4,8,277,DIVISION ST,41.826221,-87.666433,08/03/2022 08:04:00 PM,2022
CR00011868,01/17/2021 07:34:00 PM,35,CLEAR,DARKNESS - LIGHTED ROAD,TURNING,ONE-WAY,TRAFFIC SIGNAL,UNABLE TO DETERMINE,UNABLE TO DETERMINE,0,0,0,0,19,1,1,1485,CLARK ST,41.98474,-87.621888,01/17/2021 08:43:00 PM,2021
CR00011869,07/23/2022 05:20:00 PM,40,CLOUDY/OVERCAST,DARKNESS,REAR TO FRONT,NOT DIVIDED,NO CONTROLS,DRIVING SKILLS/KNOWLEDGE/EXPERIENCE,NOT APPLICABLE,0,0,0,0,17,7,7,2491,FULLERTON AVE,41.878873,-87.590808,07/23/2022 07:16:00 PM,2022
CR00011870,02/20/2022 08:36:00 AM,20,RAIN,DAYLIGHT,TURNING,DIVIDED - W/MEDIAN (NOT RAISED),TRAFFIC SIGNAL,UNABLE TO DETERMINE,DISTRACTION - FROM INSIDE VEHICLE,0,0,0,0,8,1,2,1290,ARCHER AVE,41.893597,-87.834094,02/20/2022 10:35:00 AM,2022
CR00011871,11/30/2015 06:27:00 PM,45,CLEAR,DARKNESS - LIGHTED ROAD,REAR END,NOT DIVIDED,NO CONTROLS,UNABLE TO DETERMINE,FAILING TO YIELD RIGHT-OF-WAY,0,0,0,0,18,2,11,852,IRVING PARK RD,41.910462,-87.845425,11/30/2015 08:26:00 PM,2015
CR00011872,11/28/2022 09:05:00 PM,15,CLEAR,DAYLIGHT,SIDESWIPE SAME DIRECTION,FOUR WAY,TRAFFIC SIGNAL,UNABLE TO DETERMINE,FAILING TO YIELD RIGHT-OF-WAY,0,0,0,0,21,2,11,1098,BROADWAY,41.923582,-87.585066,11/28/2022 09:35:00 PM,2022
CR00011873,08/11/2019 07:18:00 AM,30,SNOW,DARKNESS - LIGHTED ROAD,TURNING,DIVIDED - W/MEDIAN (NOT RAISED),NO CONTROLS,FAILING TO YIELD RIGHT-OF-WAY,NOT APPLICABLE,0,0,0,0,7,1,8,1675,MICHIGAN AVE,41.709477,-87.735862,08/11/2019 07:50:00 AM,2019
CR00011874,01/06/2019 05:47:00 PM,30,CLEAR,DUSK,REAR END,DIVIDED - W/MEDIAN BARRIER,TRAFFIC SIGNAL,FAILING TO YIELD RIGHT-OF-WAY,FOLLOWING TOO CLOSELY,0,0,0,0,17,1,1,1475,WESTERN AVE,41.827053,-87.839106,01/06/2019 05:51:00 PM,2019
CR00011875,03/29/2022 03:52:00 PM,40,CLEAR,DAYLIGHT,TURNING,ONE-WAY,PEDESTRIAN CROSSING SIGN,FOLLOWING TOO CLOSELY,IMPROPER LANE USAGE,0,0,2,2,15,3,3,1576,CLARK ST,41.912148,-87.721515,03/29/2022 04:03:00 PM,2022
CR00011876,01/30/2015 07:40:00 AM,30,CLEAR,DAYLIGHT,REAR TO FRONT,DIVIDED - W/MEDIAN BARRIER,NO CONTROLS,DISREGARDING TRAFFIC SIGNALS,UNABLE TO DETERMINE,0,0,0,0,7,6,1,111,MILWAUKEE AVE,41.916672,-87.692834,01/30/2015 09:22:00 AM,2015
CR00011877,01/12/2018 04:29:00 PM,35,CLEAR,DAYLIGHT,SIDESWIPE SAME DIRECTION,ONE-WAY,NO CONTROLS,FAILING TO YIELD RIGHT-OF-WAY,UNABLE TO DETERMINE,0,0,0,0,16,6,1,2410,OGDEN AVE,41.878709,-87.748725,01/12/2018 06:23:00 PM,2018
CR00011878,03/29/2016 03:21:00 PM,40,CLEAR,DAYLIGHT,FIXED OBJECT,DIVIDED - W/MEDIAN BARRIER,TRAFFIC SIGNAL,DISTRACTION - FROM INSIDE VEHICLE,DISTRACTION - FROM INSIDE VEHICLE,0,0,0,0,15,3,3,1105,CLARK ST,41.837581,-87.543568,03/29/2016 03:48:00 PM,2016
CR00011879,11/23/2017 07:18:00 AM,35,RAIN,DUSK,ANGLE,ONE-WAY,NO CONTROLS,IMPROPER OVERTAKING/PASSING,FOLLOWING TOO CLOSELY,0,2,3,5,7,5,11,415,BROADWAY,41.838042,-87.638718,11/23/2017 08:24:00 AM,2017
CR00011880,02/20/2020 12:11:00 PM,30,RAIN,DAYLIGHT,SIDESWIPE SAME DIRECTION,NOT DIVIDED,YIELD,FOLLOWING TOO CLOSELY,IMPROPER LANE USAGE,0,0,2,2,12,5,2,1070,MICHIGAN AVE,41.820131,-87.545819,02/20/2020 01:12:00 PM,2020
CR00011881,02/14/2019 10:00:00 AM,30,CLOUDY/OVERCAST,DAYLIGHT,FIXED OBJECT,DIVIDED - W/MEDIAN (NOT RAISED),NO CONTROLS,FAILING TO YIELD RIGHT-OF-WAY,NOT APPLICABLE,0,0,0,0,10,5,2,2080,ROOSEVELT RD,41.74956,-87.838081,02/14/2019 11:06:00 AM,2019
CR00011882,07/12/2022 10:48:00 PM,30,CLEAR,DARKNESS - LIGHTED ROAD,TURNING,NOT DIVIDED,NO CONTROLS,IMPROPER LANE USAGE,UNABLE TO DETERMINE,0,0,1,1,22,3,7,135,IRVING PARK RD,41.767832,-87.725323,07/13/2022 12:12:00 AM,2022
CR00011883,07/27/2020 08:36:00 PM,30,CLEAR,DAYLIGHT,PARKED MOTOR VEHICLE,NOT DIVIDED,STOP SIGN/FLASHER,DRIVING SKILLS/KNOWLEDGE/EXPERIENCE,UNABLE TO DETERMINE,0,0,1,1,20,2,7,1322,ARCHER AVE,41.948864,-87.616045,07/27/2020 10:15:00 PM,2020
CR00011884,12/02/2020 01:30:00 AM,20,FREEZING RAIN/DRIZZLE,DARKNESS,TURNING,NOT DIVIDED,TRAFFIC SIGNAL,DRIVING SKILLS/KNOWLEDGE/EXPERIENCE,UNABLE TO DETERMINE,0,0,0,0,1,4,12,1430,CLARK ST,41.978041,-87.707957,12/02/2020 01:37:00 AM,2020
CR00011885,06/04/2021 09:30:00 AM,30,CLEAR,DARKNESS - LIGHTED ROAD,TURNING,DIVIDED - W/MEDIAN (NOT RAISED),NO CONTROLS,IMPROPER LANE USAGE,NOT APPLICABLE,0,0,0,0,9,6,6,365,BROADWAY,41.870265,-87.692776,06/04/2021 10:32:00 AM,2021
CR00011886,03/02/2016 11:23:00 AM,40,CLEAR,DARKNESS,REAR END,DIVIDED - W/MEDIAN BARRIER,NO CONTROLS,IMPROPER OVERTAKING/PASSING,FOLLOWING TOO CLOSELY,0,0,0,0,11,4,3,1731,79TH ST,41.856675,-87.696298,03/02/2016 11:34:00 AM,2016
CR00011887,01/09/2024 02:38:00 AM,15,RAIN,DAYLIGHT,SIDESWIPE SAME DIRECTION,NOT DIVIDED,UNKNOWN,FOLLOWING TOO CLOSELY,WEATHER,0,1,0,1,2,3,1,231,LAKE SHORE DR,41.976449,-87.56195,01/09/2024 04:03:00 AM,2024
CR00011888,07/09/2016 06:29:00 PM,15,CLOUDY/OVERCAST,DARKNESS,TURNING,NOT DIVIDED,TRAFFIC SIGNAL,FOLLOWING TOO CLOSELY,UNABLE TO DETERMINE,0,0,0,0,18,7,7,1529,FULLERTON AVE,41.714472,-87.621271,07/09/2016 07:17:00 PM,2016
CR00011889,06/30/2018 02:46:00 PM,35,CLEAR,DAYLIGHT,ANGLE,NOT DIVIDED,NO CONTROLS,FAILING TO YIELD RIGHT-OF-WAY,IMPROPER LANE USAGE,0,0,0,0,14,7,6,374,CLARK ST,41.903717,-87.667207,06/30/2018 04:12:00 PM,2018
CR00011890,10/12/2024 06:03:00 PM,15,SNOW,DUSK,REAR END,T-INTERSECTION,UNKNOWN,DISREGARDING TRAFFIC SIGNALS,UNABLE TO DETERMINE,0,0,0,0,18,7,10,2241,HALSTED ST,41.921335,-87.67828,10/12/2024 07:48:00 PM,2024
CR00011891,07/22/2019 10:55:00 PM,25,FOG/SMOKE/HAZE,DAYLIGHT,PARKED MOTOR VEHICLE,FOUR WAY,UNKNOWN,DISTRACTION - FROM INSIDE VEHICLE,UNABLE TO DETERMINE,0,0,0,0,22,2,7,1264,PULASKI RD,41.741713,-87.84409,07/23/2019 12:38:00 AM,2019
CR00011892,12/30/2016 07:11:00 AM,35,CLEAR,DAYLIGHT,SIDESWIPE SAME DIRECTION,NOT DIVIDED,TRAFFIC SIGNAL,FOLLOWING TOO CLOSELY,FOLLOWING TOO CLOSELY,0,0,0,0,7,6,12,967,ELSTON AVE,41.876208,-87.616004,12/30/2016 08:21:00 AM,2016
CR00011893,09/02/2020 12:03:00 PM,40,SNOW,DAYLIGHT,TURNING,ONE-WAY,TRAFFIC SIGNAL,IMPROPER OVERTAKING/PASSING,FOLLOWING TOO CLOSELY,0,0,0,0,12,4,9,346,CALIFORNIA AVE,41.881902,-87.732322,09/02/2020 01:07:00 PM,2020
CR00011894,09/07/2016 12:33:00 PM,30,CLEAR,DARKNESS - LIGHTED ROAD,REAR TO FRONT,NOT DIVIDED,TRAFFIC SIGNAL,DISTRACTION - FROM INSIDE VEHICLE,UNABLE TO DETERMINE,0,0,1,1,12,4,9,112,MICHIGAN AVE,41.893178,-87.637313,09/07/2016 01:33:00 PM,2016
CR00011895,02/04/2024 10:08:00 AM,20,CLEAR,DAYLIGHT,REAR END,NOT DIVIDED,NO CONTROLS,UNABLE TO DETERMINE,UNABLE TO DETERMINE,0,2,0,2,10,1,2,695,STATE ST,41.859274,-87.557679,02/04/2024 10:54:00 AM,2024
CR00011896,05/02/2015 07:51:00 AM,40,CLEAR,DAYLIGHT,TURNING,NOT DIVIDED,STOP SIGN/FLASHER,UNABLE TO DETERMINE,NOT APPLICABLE,0,0,0,0,7,7,5,1734,FULLERTON AVE,41.857404,-87.509134,05/02/2015 08:21:00 AM,2015
CR00011897,09/10/2016 07:34:00 PM,35,CLOUDY/OVERCAST,DAYLIGHT,FIXED OBJECT,NOT DIVIDED,NO CONTROLS,UNABLE TO DETERMINE,DISTRACTION - FROM INSIDE VEHICLE,0,0,0,0,19,7,9,1237,PULASKI RD,41.799246,-87.575357,09/10/2016 07:35:00 PM,2016
CR00011898,05/02/2015 03:37:00 AM,15,CLEAR,DAYLIGHT,REAR TO FRONT,FOUR WAY,NO CONTROLS,UNABLE TO DETERMINE,NOT APPLICABLE,0,0,0,0,3,7,5,683,MICHIGAN AVE,41.950944,-87.684344,05/02/2015 04:03:00 AM,2015
CR00011899,07/22/2022 03:25:00 PM,20,CLOUDY/OVERCAST,DARKNESS - LIGHTED ROAD,TURNING,DIVIDED - W/MEDIAN (NOT RAISED),TRAFFIC SIGNAL,FAILING TO YIELD RIGHT-OF-WAY,DRIVING SKILLS/KNOWLEDGE/EXPERIENCE,0,0,0,0,15,6,7,1865,FULLERTON AVE,41.876996,-87.625682,07/22/2022 04:40:00 PM,2022
CR00011900,03/16/2017 08:13:00 AM,25,CLEAR,DAYLIGHT,REAR END,ONE-WAY,TRAFFIC SIGNAL,FAILING TO YIELD RIGHT-OF-WAY,FOLLOWING TOO CLOSELY,0,0,0,0,8,5,3,682,LAKE SHORE DR,41.865562,-87.595079,03/16/2017 08:30:00 AM,2017
CR00011901,03/23/2020 05:38:00 PM,30,CLEAR,DAYLIGHT,PEDESTRIAN,ONE-WAY,NO CONTROLS,FAILING TO YIELD RIGHT-OF-WAY,NOT APPLICABLE,0,0,2,2,17,2,3,2230,KEDZIE AVE,41.951474,-87.530905,03/23/2020 07:09:00 PM,2020
CR00011902,08/07/2016 09:01:00 AM,35,CLEAR,DARKNESS,FIXED OBJECT,NOT DIVIDED,NO CONTROLS,DISTRACTION - FROM INSIDE VEHICLE,UNABLE TO DETERMINE,0,0,0,0,9,1,8,306,CICERO AVE,41.81924,-87.54741,08/07/2016 09:05:00 AM,2016
CR00011903,07/09/2016 06:04:00 PM,35,CLEAR,DUSK,TURNING,NOT DIVIDED,NO CONTROLS,DISTRACTION - FROM INSIDE VEHICLE,FAILING TO YIELD RIGHT-OF-WAY,0,0,0,0,18,7,7,471,STONY ISLAND AVE,41.802658,-87.658784,07/09/2016 07:13:00 PM,2016
CR00011904,09/14/2022 03:40:00 PM,35,CLEAR,DAYLIGHT,REAR END,NOT DIVIDED,TRAFFIC SIGNAL,UNABLE TO DETERMINE,FOLLOWING TOO CLOSELY,0,0,0,0,15,4,9,1263,OGDEN AVE,41.76474,-87.751887,09/14/2022 03:58:00 PM,2022
CR00011905,11/16/2015 09:45:00 AM,30,CLEAR,DARKNESS - LIGHTED ROAD,ANGLE,NOT DIVIDED,NO CONTROLS,IMPROPER LANE USAGE,UNABLE TO DETERMINE,0,0,0,0,9,2,11,156,ELSTON AVE,41.961432,-87.69024,11/16/2015 10:08:00 AM,2015
CR00011906,11/18/2015 01:33:00 PM,20,CLEAR,DAYLIGHT,REAR END,NOT DIVIDED,TRAFFIC SIGNAL,IMPROPER OVERTAKING/PASSING,UNABLE TO DETERMINE,0,0,0,0,13,4,11,1680,PULASKI RD,41.922591,-87.786324,11/18/2015 03:02:00 PM,2015
CR00011907,10/28/2023 03:33:00 PM,30,CLEAR,DAYLIGHT,SIDESWIPE SAME DIRECTION,FOUR WAY,TRAFFIC SIGNAL,DRIVING SKILLS/KNOWLEDGE/EXPERIENCE,UNABLE TO DETERMINE,0,0,0,0,15,7,10,2301,ARCHER AVE,41.881651,-87.700951,10/28/2023 04:25:00 PM,2023
CR00011908,08/23/2023 11:06:00 AM,35,CLOUDY/OVERCAST,DAYLIGHT,SIDESWIPE SAME DIRECTION,DIVIDED - W/MEDIAN (NOT RAISED),STOP SIGN/FLASHER,IMPROPER OVERTAKING/PASSING,FOLLOWING TOO CLOSELY,0,0,1,1,11,4,8,234,MILWAUKEE AVE,41.989029,-87.670812,08/23/2023 12:48:00 PM,2023
CR00011909,05/13/2020 04:22:00 PM,40,CLEAR,DARKNESS,REAR END,FOUR WAY,TRAFFIC SIGNAL,IMPROPER OVERTAKING/PASSING,UNABLE TO DETERMINE,0,0,0,0,16,4,5,1676,STONY ISLAND AVE,41.917764,-87.840771,05/13/2020 05:23:00 PM,2020
CR00011910,01/30/2017 03:15:00 PM,45,CLEAR,DAYLIGHT,TURNING,FOUR WAY,TRAFFIC SIGNAL,IMPROPER OVERTAKING/PASSING,DISREGARDING TRAFFIC SIGNALS,0,2,1,3,15,2,1,464,HALSTED ST,41.897485,-87.719772,01/30/2017 03:38:00 PM,2017
CR00011911,07/23/2018 05:16:00 PM,30,CLEAR,DAYLIGHT,FIXED OBJECT,ONE-WAY,STOP SIGN/FLASHER,UNABLE TO DETERMINE,NOT APPLICABLE,0,0,0,0,17,2,7,1784,OGDEN AVE,41.707959,-87.764369,07/23/2018 05:29:00 PM,2018
CR00011912,02/23/2022 05:00:00 PM,35,CLEAR,DARKNESS,TURNING,T-INTERSECTION,NO CONTROLS,IMPROPER LANE USAGE,NOT APPLICABLE,0,0,0,0,17,4,2,2042,LAKE SHORE DR,41.886988,-87.655075,02/23/2022 05:02:00 PM,2022
CR00011913,12/13/2018 12:26:00 PM,15,CLEAR,DAYLIGHT,REAR END,DIVIDED - W/MEDIAN (NOT RAISED),NO CONTROLS,UNABLE TO DETERMINE,FOLLOWING TOO CLOSELY,0,0,1,1,12,5,12,2397,WESTERN AVE,41.98531,-87.676613,12/13/2018 01:53:00 PM,2018
CR00011914,05/19/2022 05:02:00 PM,15,CLEAR,DARKNESS - LIGHTED ROAD,TURNING,NOT DIVIDED,NO CONTROLS,FOLLOWING TOO CLOSELY,DRIVING SKILLS/KNOWLEDGE/EXPERIENCE,0,0,0,0,17,5,5,142,LAKE SHORE DR,41.940009,-87.63426,05/19/2022 06:20:00 PM,2022
CR00011915,12/29/2023 04:21:00 PM,30,CLEAR,DAYLIGHT,REAR END,NOT DIVIDED,NO CONTROLS,IMPROPER OVERTAKING/PASSING,DRIVING SKILLS/KNOWLEDGE/EXPERIENCE,0,0,0,0,16,6,12,2039,HALSTED ST,41.733585,-87.530293,12/29/2023 06:15:00 PM,2023
CR00011916,08/21/2022 02:52:00 PM,15,CLEAR,DARKNESS - LIGHTED ROAD,REAR END,FOUR WAY,STOP SIGN/FLASHER,DRIVING SKILLS/KNOWLEDGE/EXPERIENCE,NOT APPLICABLE,0,1,2,3,14,1,8,2402,CALIFORNIA AVE,41.817449,-87.787659,08/21/2022 04:45:00 PM,2022
CR00011917,02/18/2017 03:30:00 PM,45,CLEAR,DAYLIGHT,TURNING,FOUR WAY,NO CONTROLS,DRIVING SKILLS/KNOWLEDGE/EXPERIENCE,FAILING TO YIELD RIGHT-OF-WAY,0,0,0,0,15,7,2,499,PULASKI RD,41.99405,-87.720829,02/18/2017 05:07:00 PM,2017
CR00011918,12/09/2018 03:15:00 AM,40,CLEAR,DAYLIGHT,REAR TO FRONT,NOT DIVIDED,NO CONTROLS,DISREGARDING TRAFFIC SIGNALS,UNABLE TO DETERMINE,0,0,3,3,3,1,12,321,CLARK ST,41.73989,-87.586305,12/09/2018 03:30:00 AM,2018
CR00011919,11/26/2021 06:53:00 PM,25,CLEAR,DAYLIGHT,ANGLE,ONE-WAY,TRAFFIC SIGNAL,DRIVING SKILLS/KNOWLEDGE/EXPERIENCE,UNABLE TO DETERMINE,0,0,0,0,18,6,11,144,HALSTED ST,41.825326,-87.658702,11/26/2021 07:04:00 PM,2021
CR00011920,08/03/2020 10:05:00 AM,45,FOG/SMOKE/HAZE,DAYLIGHT,ANGLE,T-INTERSECTION,NO CONTROLS,FAILING TO YIELD RIGHT-OF-WAY,WEATHER,0,0,0,0,10,2,8,1684,IRVING PARK RD,41.828388,-87.698412,08/03/2020 11:20:00 AM,2020
CR00011921,12/06/2020 07:20:00 PM,35,CLEAR,DAYLIGHT,REAR END,NOT DIVIDED,TRAFFIC SIGNAL,FOLLOWING TOO CLOSELY,FOLLOWING TOO CLOSELY,0,0,0,0,19,1,12,2505,HALSTED ST,41.963619,-87.563957,12/06/2020 08:21:00 PM,2020
CR00011922,04/01/2023 09:08:00 AM,35,CLEAR,DARKNESS - LIGHTED ROAD,REAR TO FRONT,DIVIDED - W/MEDIAN BARRIER,NO CONTROLS,IMPROPER LANE USAGE,DISTRACTION - FROM INSIDE VEHICLE,0,0,0,0,9,7,4,463,MILWAUKEE AVE,41.985555,-87.637908,04/01/2023 11:03:00 AM,2023
CR00011923,03/12/2021 09:48:00 AM,30,CLEAR,DAYLIGHT,TURNING,DIVIDED - W/MEDIAN BARRIER,NO CONTROLS,WEATHER,FAILING TO REDUCE SPEED,0,1,3,4,9,6,3,885,ASHLAND AVE,41.954142,-87.776141,03/12/2021 10:42:00 AM,2021
CR00011924,08/05/2015 11:35:00 AM,45,RAIN,DARKNESS - LIGHTED ROAD,SIDESWIPE SAME DIRECTION,DIVIDED - W/MEDIAN (NOT RAISED),NO CONTROLS,WEATHER,FOLLOWING TOO CLOSELY,0,0,0,0,11,4,8,147,MICHIGAN AVE,41.701355,-87.732311,08/05/2015 12:47:00 PM,2015
CR00011925,02/03/2021 06:38:00 PM,35,CLOUDY/OVERCAST,DAYLIGHT,TURNING,ONE-WAY,NO CONTROLS,IMPROPER OVERTAKING/PASSING,DRIVING SKILLS/KNOWLEDGE/EXPERIENCE,0,0,1,1,18,4,2,105,LAKE SHORE DR,41.868262,-87.69879,02/03/2021 06:44:00 PM,2021
CR00011926,07/06/2016 12:40:00 AM,35,CLEAR,DAYLIGHT,PARKED MOTOR VEHICLE,DIVIDED - W/MEDIAN BARRIER,TRAFFIC SIGNAL,DRIVING SKILLS/KNOWLEDGE/EXPERIENCE,FOLLOWING TOO CLOSELY,0,0,0,0,0,4,7,282,MICHIGAN AVE,41.838737,-87.774748,07/06/2016 12:52:00 AM,2016
CR00011927,08/19/2018 08:08:00 AM,20,SNOW,DAYLIGHT,PARKED MOTOR VEHICLE,NOT DIVIDED,NO CONTROLS,UNABLE TO DETERMINE,NOT APPLICABLE,0,0,3,3,8,1,8,880,PULASKI RD,41.846044,-87.585009,08/19/2018 08:37:00 AM,2018
CR00011928,03/26/2024 05:15:00 PM,20,CLEAR,DARKNESS - LIGHTED ROAD,PARKED MOTOR VEHICLE,NOT DIVIDED,NO CONTROLS,FOLLOWING TOO CLOSELY,FAILING TO REDUCE SPEED,0,0,1,1,17,3,3,463,OGDEN AVE,41.958414,-87.522666,03/26/2024 05:36:00 PM,2024
CR00011929,03/26/2018 08:13:00 AM,15,CLEAR,DARKNESS - LIGHTED ROAD,TURNING,DIVIDED - W/MEDIAN (NOT RAISED),TRAFFIC SIGNAL,FAILING TO YIELD RIGHT-OF-WAY,FAILING TO REDUCE SPEED,0,0,0,0,8,2,3,1503,HALSTED ST,41.795237,-87.694223,03/26/2018 09:49:00 AM,2018
CR00011930,02/24/2019 06:41:00 PM,35,SNOW,DAYLIGHT,SIDESWIPE SAME DIRECTION,NOT DIVIDED,STOP SIGN/FLASHER,UNABLE TO DETERMINE,FOLLOWING TOO CLOSELY,0,0,0,0,18,1,2,281,MICHIGAN AVE,41.77923,-87.750318,02/24/2019 07:05:00 PM,2019
CR00011931,06/15/2020 04:09:00 PM,30,CLEAR,DAYLIGHT,SIDESWIPE SAME DIRECTION,DIVIDED - W/MEDIAN (NOT RAISED),NO CONTROLS,UNABLE TO DETERMINE,IMPROPER LANE USAGE,0,0,0,0,16,2,6,1019,HALSTED ST,41.979833,-87.617113,06/15/2020 06:09:00 PM,2020
CR00011932,10/28/2020 03:35:00 AM,25,CLEAR,DARKNESS,SIDESWIPE SAME DIRECTION,T-INTERSECTION,NO CONTROLS,FAILING TO REDUCE SPEED,FOLLOWING TOO CLOSELY,0,0,0,0,3,4,10,2376,ARCHER AVE,41.843351,-87.710877,10/28/2020 05:33:00 AM,2020
CR00011933,02/11/2024 03:55:00 PM,35,CLEAR,DAYLIGHT,SIDESWIPE SAME DIRECTION,NOT DIVIDED,NO CONTROLS,IMPROPER LANE USAGE,NOT APPLICABLE,0,0,0,0,15,1,2,2114,OGDEN AVE,41.718272,-87.709455,02/11/2024 04:54:00 PM,2024
CR00011934,06/08/2023 03:26:00 PM,30,CLEAR,DAYLIGHT,REAR END,DIVIDED - W/MEDIAN (NOT RAISED),STOP SIGN/FLASHER,UNABLE TO DETERMINE,NOT APPLICABLE,0,0,0,0,15,5,6,518,MICHIGAN AVE,41.859432,-87.62588,06/08/2023 04:38:00 PM,2023
CR00011935,02/24/2023 03:15:00 PM,30,CLEAR,DAYLIGHT,ANGLE,DIVIDED - W/MEDIAN (NOT RAISED),TRAFFIC SIGNAL,FAILING TO YIELD RIGHT-OF-WAY,IMPROPER OVERTAKING/PASSING,0,0,1,1,15,6,2,824,63RD ST,41.838545,-87.729216,02/24/2023 04:41:00 PM,2023
CR00011936,05/06/2017 05:44:00 PM,25,CLEAR,DAYLIGHT,ANGLE,FOUR WAY,TRAFFIC SIGNAL,WEATHER,NOT APPLICABLE,0,0,0,0,17,7,5,741,ELSTON AVE,41.745067,-87.760446,05/06/2017 05:48:00 PM,2017
CR00011937,09/05/2020 01:48:00 PM,35,SNOW,DARKNESS,FIXED OBJECT,NOT DIVIDED,UNKNOWN,FOLLOWING TOO CLOSELY,NOT APPLICABLE,0,0,0,0,13,7,9,1018,BROADWAY,41.732197,-87.515234,09/05/2020 02:07:00 PM,2020
CR00011938,06/24/2015 11:04:00 AM,15,FOG/SMOKE/HAZE,DARKNESS - LIGHTED ROAD,SIDESWIPE SAME DIRECTION,T-INTERSECTION,NO CONTROLS,IMPROPER OVERTAKING/PASSING,NOT APPLICABLE,0,0,0,0,11,4,6,1303,ELSTON AVE,41.914241,-87.759895,06/24/2015 11:49:00 AM,2015
CR00011939,08/22/2015 04:19:00 PM,30,CLEAR,DAYLIGHT,REAR END,DIVIDED - W/MEDIAN (NOT RAISED),NO CONTROLS,FOLLOWING TOO CLOSELY,FAILING TO REDUCE SPEED,0,0,0,0,16,7,8,1831,BROADWAY,41.712396,-87.786089,08/22/2015 05:38:00 PM,2015
CR00011940,05/30/2020 09:02:00 PM,40,CLEAR,DAWN,REAR END,NOT DIVIDED,STOP SIGN/FLASHER,FOLLOWING TOO CLOSELY,FAILING TO YIELD RIGHT-OF-WAY,0,0,1,1,21,7,5,953,ARCHER AVE,41.800055,-87.559528,05/30/2020 09:42:00 PM,2020
CR00011941,05/27/2017 05:47:00 PM,25,CLEAR,DAYLIGHT,SIDESWIPE SAME DIRECTION,FOUR WAY,PEDESTRIAN CROSSING SIGN,UNABLE TO DETERMINE,UNABLE TO DETERMINE,1,1,2,4,17,7,5,2113,ARCHER AVE,41.87099,-87.510736,05/27/2017 06:22:00 PM,2017
CR00011942,11/30/2015 08:10:00 AM,20,CLEAR,DAYLIGHT,TURNING,NOT DIVIDED,STOP SIGN/FLASHER,FOLLOWING TOO CLOSELY,UNABLE TO DETERMINE,0,0,1,1,8,2,11,2524,PULASKI RD,41.863751,-87.838499,11/30/2015 08:42:00 AM,2015
CR00011943,06/11/2018 12:07:00 PM,25,CLEAR,DARKNESS - LIGHTED ROAD,REAR END,DIVIDED - W/MEDIAN (NOT RAISED),TRAFFIC SIGNAL,FOLLOWING TOO CLOSELY,FOLLOWING TOO CLOSELY,0,0,0,0,12,2,6,472,OGDEN AVE,41.804324,-87.627488,06/11/2018 01:05:00 PM,2018