CRASH_RECORD_ID,CRASH_DATE,POSTED_SPEED_LIMIT,WEATHER_CONDITION,LIGHTING_CONDITION,FIRST_CRASH_TYPE,TRAFFICWAY_TYPE,TRAFFIC_CONTROL_DEVICE,PRIM_CONTRIBUTORY_CAUSE,SEC_CONTRIBUTORY_CAUSE,INJURIES_FATAL,INJURIES_INCAPACITATING,INJURIES_NON_INCAPACITATING,INJURIES_TOTAL,CRASH_HOUR,CRASH_DAY_OF_WEEK,CRASH_MONTH,BEAT_OF_OCCURRENCE,STREET_NAME,LATITUDE,LONGITUDE,DATE_POLICE_NOTIFIED,year
CR00011944,05/04/2020 12:02:00 AM,45,CLEAR,DAYLIGHT,TURNING,DIVIDED - W/MEDIAN (NOT RAISED),TRAFFIC SIGNAL,DISTRACTION - FROM INSIDE VEHICLE,WEATHER,0,1,1,2,0,2,5,447,ARCHER AVE,41.745373,-87.708849,05/04/2020 01:08:00 AM,2020
CR00011945,10/18/2024 11:25:00 AM,30,CLEAR,DARKNESS - LIGHTED ROAD,SIDESWIPE SAME DIRECTION,NOT DIVIDED,TRAFFIC SIGNAL,IMPROPER OVERTAKING/PASSING,UNABLE TO DETERMINE,0,0,0,0,11,6,10,2091,STONY ISLAND AVE,41.721156,-87.593776,10/18/2024 12:14:00 PM,2024
CR00011946,07/09/2022 12:05:00 PM,30,CLOUDY/OVERCAST,DARKNESS - LIGHTED ROAD,REAR END,ONE-WAY,UNKNOWN,FAILING TO YIELD RIGHT-OF-WAY,FAILING TO REDUCE SPEED,0,0,2,2,12,7,7,1256,MICHIGAN AVE,41.781206,-87.761647,07/09/2022 12:15:00 PM,2022
CR00011947,02/12/2017 07:00:00 PM,30,CLEAR,DAYLIGHT,REAR END,NOT DIVIDED,TRAFFIC SIGNAL,DISTRACTION - FROM INSIDE VEHICLE,FAILING TO YIELD RIGHT-OF-WAY,0,0,0,0,19,1,2,486,ROOSEVELT RD,41.760725,-87.669479,02/12/2017 07:12:00 PM,2017
CR00011948,08/26/2021 08:21:00 AM,25,CLOUDY/OVERCAST,DAYLIGHT,TURNING,T-INTERSECTION,NO CONTROLS,IMPROPER OVERTAKING/PASSING,FAILING TO YIELD RIGHT-OF-WAY,0,0,2,2,8,5,8,1057,LAKE SHORE DR,41.713927,-87.585761,08/26/2021 09:25:00 AM,2021
CR00011949,09/17/2017 04:48:00 AM,25,CLEAR,DARKNESS - LIGHTED ROAD,ANGLE,NOT DIVIDED,YIELD,UNABLE TO DETERMINE,UNABLE TO DETERMINE,0,0,0,0,4,1,9,1041,BROADWAY,41.821499,-87.702043,09/17/2017 05:36:00 AM,2017
CR00011950,03/03/2016 01:41:00 PM,15,CLEAR,DARKNESS - LIGHTED ROAD,PARKED MOTOR VEHICLE,T-INTERSECTION,NO CONTROLS,FAILING TO YIELD RIGHT-OF-WAY,FOLLOWING TOO CLOSELY,0,0,0,0,13,5,3,879,WESTERN AVE,41.932255,-87.514153,03/03/2016 02:52:00 PM,2016
CR00011951,07/09/2022 12:14:00 PM,15,CLEAR,DAYLIGHT,REAR END,NOT DIVIDED,NO CONTROLS,DISREGARDING TRAFFIC SIGNALS,DISTRACTION - FROM INSIDE VEHICLE,0,0,0,0,12,7,7,2508,ASHLAND AVE,41.763076,-87.821745,07/09/2022 01:28:00 PM,2022
CR00011952,04/06/2018 03:20:00 PM,15,CLEAR,DUSK,TURNING,NOT DIVIDED,TRAFFIC SIGNAL,FOLLOWING TOO CLOSELY,FAILING TO YIELD RIGHT-OF-WAY,0,0,0,0,15,6,4,1701,WESTERN AVE,41.957957,-87.844534,04/06/2018 03:55:00 PM,2018
CR00011953,10/12/2017 12:28:00 AM,15,CLEAR,DAYLIGHT,REAR END,NOT DIVIDED,NO CONTROLS,FAILING TO YIELD RIGHT-OF-WAY,UNABLE TO DETERMINE,0,0,0,0,0,5,10,1734,ELSTON AVE,41.99893,-87.743807,10/12/2017 01:35:00 AM,2017
CR00011954,06/20/2022 02:44:00 PM,20,RAIN,DAYLIGHT,REAR END,T-INTERSECTION,NO CONTROLS,UNABLE TO DETERMINE,IMPROPER LANE USAGE,0,0,0,0,14,2,6,125,IRVING PARK RD,41.882501,-87.630975,06/20/2022 03:21:00 PM,2022
CR00011955,06/18/2024 04:04:00 PM,40,CLEAR,DARKNESS - LIGHTED ROAD,REAR END,DIVIDED - W/MEDIAN (NOT RAISED),UNKNOWN,UNABLE TO DETERMINE,UNABLE TO DETERMINE,0,0,0,0,16,3,6,1642,DIVISION ST,41.759675,-87.703092,06/18/2024 04:42:00 PM,2024
CR00011956,03/31/2016 12:15:00 PM,40,CLEAR,DAYLIGHT,REAR END,NOT DIVIDED,TRAFFIC SIGNAL,FAILING TO YIELD RIGHT-OF-WAY,IMPROPER OVERTAKING/PASSING,0,0,0,0,12,5,3,909,FULLERTON AVE,41.934977,-87.687682,03/31/2016 12:34:00 PM,2016
CR00011957,07/30/2018 02:30:00 PM,30,CLEAR,DARKNESS,REAR END,DIVIDED - W/MEDIAN (NOT RAISED),TRAFFIC SIGNAL,FAILING TO YIELD RIGHT-OF-WAY,DRIVING SKILLS/KNOWLEDGE/EXPERIENCE,0,0,0,0,14,2,7,2430,ROOSEVELT RD,41.751345,-87.762574,07/30/2018 02:47:00 PM,2018
CR00011958,06/07/2023 12:50:00 PM,30,RAIN,DAYLIGHT,SIDESWIPE SAME DIRECTION,NOT DIVIDED,NO CONTROLS,DISREGARDING TRAFFIC SIGNALS,FOLLOWING TOO CLOSELY,0,1,0,1,12,4,6,2487,LAKE SHORE DR,41.831353,-87.792792,06/07/2023 01:22:00 PM,2023
CR00011959,06/13/2017 03:24:00 PM,15,CLEAR,DAYLIGHT,PARKED MOTOR VEHICLE,FOUR WAY,NO CONTROLS,FOLLOWING TOO CLOSELY,UNABLE TO DETERMINE,0,0,0,0,15,3,6,178,ELSTON AVE,41.925768,-87.566702,06/13/2017 03:38:00 PM,2017
CR00011960,02/01/2021 07:39:00 PM,30,CLEAR,DARKNESS - LIGHTED ROAD,TURNING,NOT DIVIDED,NO CONTROLS,WEATHER,UNABLE TO DETERMINE,0,0,1,1,19,2,2,2162,CALIFORNIA AVE,41.717982,-87.779809,02/01/2021 07:54:00 PM,2021
CR00011961,07/26/2017 08:27:00 AM,40,CLEAR,DAYLIGHT,TURNING,FOUR WAY,TRAFFIC SIGNAL,FAILING TO YIELD RIGHT-OF-WAY,FOLLOWING TOO CLOSELY,0,0,0,0,8,4,7,1165,WESTERN AVE,41.930602,-87.732483,07/26/2017 08:29:00 AM,2017
CR00011962,08/06/2024 07:52:00 PM,30,CLEAR,DAYLIGHT,REAR END,ONE-WAY,NO CONTROLS,UNABLE TO DETERMINE,UNABLE TO DETERMINE,0,0,0,0,19,3,8,426,FULLERTON AVE,41.783739,-87.718292,08/06/2024 09:18:00 PM,2024
CR00011963,09/14/2022 07:28:00 AM,40,FOG/SMOKE/HAZE,DARKNESS - LIGHTED ROAD,SIDESWIPE SAME DIRECTION,ONE-WAY,STOP SIGN/FLASHER,FOLLOWING TOO CLOSELY,NOT APPLICABLE,0,0,0,0,7,4,9,2145,DAMEN AVE,41.711534,-87.552843,09/14/2022 07:35:00 AM,2022
CR00011964,11/25/2018 12:31:00 PM,30,CLEAR,DAYLIGHT,REAR TO FRONT,NOT DIVIDED,STOP SIGN/FLASHER,DISTRACTION - FROM INSIDE VEHICLE,IMPROPER OVERTAKING/PASSING,0,0,1,1,12,1,11,1344,ROOSEVELT RD,41.926838,-87.766226,11/25/2018 01:55:00 PM,2018
CR00011965,12/07/2019 05:58:00 PM,20,CLEAR,DAWN,TURNING,DIVIDED - W/MEDIAN (NOT RAISED),TRAFFIC SIGNAL,UNABLE TO DETERMINE,NOT APPLICABLE,0,0,0,0,17,7,12,370,PULASKI RD,41.878441,-87.600107,12/07/2019 07:11:00 PM,2019
CR00011966,05/30/2023 01:11:00 PM,30,FREEZING RAIN/DRIZZLE,DAYLIGHT,ANGLE,DIVIDED - W/MEDIAN BARRIER,STOP SIGN/FLASHER,UNABLE TO DETERMINE,FAILING TO YIELD RIGHT-OF-WAY,0,0,0,0,13,3,5,1062,HALSTED ST,41.841889,-87.60715,05/30/2023 01:51:00 PM,2023
CR00011967,09/09/2024 08:44:00 AM,35,CLEAR,DAYLIGHT,ANGLE,DIVIDED - W/MEDIAN (NOT RAISED),STOP SIGN/FLASHER,IMPROPER OVERTAKING/PASSING,DISREGARDING TRAFFIC SIGNALS,0,0,0,0,8,2,9,1165,47TH ST,41.811459,-87.786838,09/09/2024 09:53:00 AM,2024
CR00011968,12/31/2021 01:57:00 PM,30,CLEAR,DAYLIGHT,TURNING,ONE-WAY,TRAFFIC SIGNAL,FAILING TO YIELD RIGHT-OF-WAY,NOT APPLICABLE,0,0,0,0,13,6,12,442,OGDEN AVE,41.775832,-87.789815,12/31/2021 02:43:00 PM,2021
CR00011969,03/25/2018 03:44:00 PM,40,RAIN,DAYLIGHT,ANGLE,T-INTERSECTION,UNKNOWN,FAILING TO REDUCE SPEED,FOLLOWING TOO CLOSELY,0,0,0,0,15,1,3,755,IRVING PARK RD,41.897427,-87.759127,03/25/2018 04:11:00 PM,2018
CR00011970,09/10/2024 09:31:00 AM,40,CLEAR,DAYLIGHT,REAR END,FOUR WAY,YIELD,UNABLE TO DETERMINE,NOT APPLICABLE,0,0,0,0,9,3,9,2031,47TH ST,41.883727,-87.507825,09/10/2024 11:00:00 AM,2024
CR00011971,04/30/2023 05:07:00 PM,30,CLEAR,DAYLIGHT,REAR END,NOT DIVIDED,TRAFFIC SIGNAL,DISREGARDING TRAFFIC SIGNALS,DRIVING SKILLS/KNOWLEDGE/EXPERIENCE,0,0,0,0,17,1,4,2076,79TH ST,41.912329,-87.836514,04/30/2023 06:10:00 PM,2023
CR00011972,11/29/2022 04:29:00 PM,35,CLEAR,DARKNESS - LIGHTED ROAD,REAR TO FRONT,DIVIDED - W/MEDIAN BARRIER,STOP SIGN/FLASHER,DISREGARDING TRAFFIC SIGNALS,UNABLE TO DETERMINE,0,0,0,0,16,3,11,1569,CICERO AVE,41.942934,-87.825509,11/29/2022 06:18:00 PM,2022
CR00011973,10/01/2015 06:39:00 PM,35,CLEAR,DAYLIGHT,SIDESWIPE SAME DIRECTION,ONE-WAY,NO CONTROLS,FOLLOWING TOO CLOSELY,FOLLOWING TOO CLOSELY,0,0,0,0,18,5,10,225,DAMEN AVE,41.976271,-87.534589,10/01/2015 07:37:00 PM,2015
CR00011974,08/27/2020 07:17:00 PM,15,CLEAR,DARKNESS,REAR TO FRONT,ONE-WAY,STOP SIGN/FLASHER,FAILING TO YIELD RIGHT-OF-WAY,IMPROPER OVERTAKING/PASSING,0,0,0,0,19,5,8,1373,HALSTED ST,41.803451,-87.692313,08/27/2020 07:45:00 PM,2020
CR00011975,04/09/2024 10:30:00 PM,30,CLEAR,DAYLIGHT,REAR END,DIVIDED - W/MEDIAN (NOT RAISED),TRAFFIC SIGNAL,DRIVING SKILLS/KNOWLEDGE/EXPERIENCE,DISREGARDING TRAFFIC SIGNALS,0,0,2,2,22,3,4,2454,47TH ST,41.745424,-87.757411,04/09/2024 11:15:00 PM,2024
CR00011976,08/04/2015 08:28:00 AM,35,CLEAR,DAYLIGHT,REAR TO FRONT,DIVIDED - W/MEDIAN (NOT RAISED),STOP SIGN/FLASHER,FAILING TO REDUCE SPEED,FOLLOWING TOO CLOSELY,0,0,0,0,8,3,8,1852,STATE ST,41.790958,-87.750314,08/04/2015 09:48:00 AM,2015
CR00011977,07/24/2015 01:30:00 PM,35,CLEAR,DAYLIGHT,ANGLE,NOT DIVIDED,STOP SIGN/FLASHER,FAILING TO YIELD RIGHT-OF-WAY,DRIVING SKILLS/KNOWLEDGE/EXPERIENCE,0,1,2,3,13,6,7,2469,ELSTON AVE,41.842507,-87.849287,07/24/2015 02:31:00 PM,2015
CR00011978,12/06/2020 12:49:00 PM,30,CLEAR,DAYLIGHT,TURNING,T-INTERSECTION,STOP SIGN/FLASHER,FAILING TO YIELD RIGHT-OF-WAY,DISTRACTION - FROM INSIDE VEHICLE,0,0,0,0,12,1,12,1958,ELSTON AVE,41.903097,-87.823897,12/06/2020 02:44:00 PM,2020
CR00011979,01/18/2024 06:11:00 PM,20,FOG/SMOKE/HAZE,DARKNESS - LIGHTED ROAD,FIXED OBJECT,FOUR WAY,NO CONTROLS,FOLLOWING TOO CLOSELY,UNABLE TO DETERMINE,0,0,0,0,18,5,1,2359,PULASKI RD,41.989473,-87.574588,01/18/2024 07:38:00 PM,2024
CR00011980,03/19/2015 08:54:00 PM,35,CLEAR,DAYLIGHT,FIXED OBJECT,DIVIDED - W/MEDIAN BARRIER,NO CONTROLS,FOLLOWING TOO CLOSELY,DISTRACTION - FROM INSIDE VEHICLE,0,0,0,0,20,5,3,154,47TH ST,41.912101,-87.523519,03/19/2015 09:41:00 PM,2015
CR00011981,05/12/2017 12:44:00 PM,25,CLEAR,DAYLIGHT,REAR END,NOT DIVIDED,NO CONTROLS,DRIVING SKILLS/KNOWLEDGE/EXPERIENCE,IMPROPER LANE USAGE,0,0,0,0,12,6,5,545,47TH ST,41.816245,-87.603324,05/12/2017 01:12:00 PM,2017
CR00011982,10/02/2017 09:03:00 AM,35,RAIN,DARKNESS - LIGHTED ROAD,TURNING,NOT DIVIDED,NO CONTROLS,UNABLE TO DETERMINE,IMPROPER LANE USAGE,0,0,3,3,9,2,10,2534,HALSTED ST,41.867371,-87.513961,10/02/2017 09:55:00 AM,2017
CR00011983,05/18/2020 05:50:00 PM,35,CLEAR,DAYLIGHT,PEDESTRIAN,DIVIDED - W/MEDIAN (NOT RAISED),NO CONTROLS,FOLLOWING TOO CLOSELY,WEATHER,0,0,0,0,17,2,5,1057,FULLERTON AVE,41.794986,-87.817335,05/18/2020 06:56:00 PM,2020
CR00011984,11/07/2023 07:42:00 AM,35,CLEAR,DAYLIGHT,ANGLE,DIVIDED - W/MEDIAN (NOT RAISED),NO CONTROLS,DRIVING SKILLS/KNOWLEDGE/EXPERIENCE,UNABLE TO DETERMINE,0,0,3,3,7,3,11,1569,DIVISION ST,41.855403,-87.836622,11/07/2023 08:53:00 AM,2023
CR00011985,12/08/2017 10:42:00 PM,15,SNOW,DAYLIGHT,REAR TO FRONT,NOT DIVIDED,TRAFFIC SIGNAL,FAILING TO YIELD RIGHT-OF-WAY,FAILING TO REDUCE SPEED,0,0,0,0,22,6,12,2467,ROOSEVELT RD,41.881506,-87.639661,12/08/2017 10:48:00 PM,2017
CR00011986,06/04/2015 08:01:00 AM,35,CLEAR,DUSK,SIDESWIPE SAME DIRECTION,DIVIDED - W/MEDIAN (NOT RAISED),UNKNOWN,UNABLE TO DETERMINE,IMPROPER OVERTAKING/PASSING,0,0,0,0,8,5,6,1779,ELSTON AVE,41.910857,-87.567685,06/04/2015 09:13:00 AM,2015
CR00011987,10/12/2020 05:59:00 PM,30,CLEAR,DARKNESS - LIGHTED ROAD,TURNING,FOUR WAY,NO CONTROLS,DISTRACTION - FROM INSIDE VEHICLE,FAILING TO YIELD RIGHT-OF-WAY,0,0,0,0,17,2,10,2505,STONY ISLAND AVE,41.720787,-87.524116,10/12/2020 07:05:00 PM,2020
CR00011988,07/12/2021 07:26:00 AM,30,CLEAR,DAYLIGHT,SIDESWIPE SAME DIRECTION,DIVIDED - W/MEDIAN (NOT RAISED),NO CONTROLS,FAILING TO REDUCE SPEED,NOT APPLICABLE,0,0,1,1,7,2,7,308,ASHLAND AVE,41.971305,-87.701803,07/12/2021 07:53:00 AM,2021
CR00011989,10/08/2017 07:04:00 PM,30,CLEAR,DAYLIGHT,REAR END,NOT DIVIDED,NO CONTROLS,DRIVING SKILLS/KNOWLEDGE/EXPERIENCE,UNABLE TO DETERMINE,0,0,3,3,19,1,10,947,ARCHER AVE,41.79763,-87.703481,10/08/2017 07:48:00 PM,2017
CR00011990,06/24/2015 10:17:00 AM,30,CLEAR,DAYLIGHT,REAR TO FRONT,NOT DIVIDED,STOP SIGN/FLASHER,UNABLE TO DETERMINE,UNABLE TO DETERMINE,0,0,2,2,10,4,6,2503,63RD ST,41.906054,-87.628465,06/24/2015 12:02:00 PM,2015
CR00011991,04/29/2018 08:24:00 PM,40,CLEAR,DAYLIGHT,REAR END,DIVIDED - W/MEDIAN BARRIER,NO CONTROLS,IMPROPER LANE USAGE,IMPROPER LANE USAGE,0,0,0,0,20,1,4,895,STONY ISLAND AVE,41.754942,-87.818082,04/29/2018 09:58:00 PM,2018
CR00011992,05/17/2021 11:14:00 AM,40,CLEAR,DARKNESS - LIGHTED ROAD,REAR END,FOUR WAY,UNKNOWN,UNABLE TO DETERMINE,FAILING TO YIELD RIGHT-OF-WAY,0,0,0,0,11,2,5,2249,IRVING PARK RD,41.892607,-87.702461,05/17/2021 12:50:00 PM,2021
CR00011993,09/02/2022 02:46:00 AM,45,CLEAR,DARKNESS,ANGLE,DIVIDED - W/MEDIAN BARRIER,NO CONTROLS,FAILING TO YIELD RIGHT-OF-WAY,DISTRACTION - FROM INSIDE VEHICLE,0,0,0,0,2,6,9,2234,79TH ST,41.985681,-87.577522,09/02/2022 04:21:00 AM,2022
CR00011994,02/21/2022 01:58:00 PM,35,CLEAR,DAYLIGHT,SIDESWIPE SAME DIRECTION,DIVIDED - W/MEDIAN (NOT RAISED),NO CONTROLS,FOLLOWING TOO CLOSELY,FAILING TO YIELD RIGHT-OF-WAY,0,0,0,0,13,2,2,559,FULLERTON AVE,41.93862,-87.726267,02/21/2022 03:02:00 PM,2022
CR00011995,04/01/2021 11:04:00 AM,30,RAIN,DAYLIGHT,REAR END,DIVIDED - W/MEDIAN (NOT RAISED),NO CONTROLS,DISREGARDING TRAFFIC SIGNALS,DRIVING SKILLS/KNOWLEDGE/EXPERIENCE,0,0,0,0,11,5,4,100,KEDZIE AVE,41.856217,-87.784855,04/01/2021 12:08:00 PM,2021
CR00011996,03/23/2021 10:04:00 PM,30,RAIN,DAYLIGHT,ANGLE,ONE-WAY,TRAFFIC SIGNAL,UNABLE TO DETERMINE,UNABLE TO DETERMINE,0,0,0,0,22,3,3,353,DIVISION ST,41.867071,-87.591546,03/23/2021 11:40:00 PM,2021
CR00011997,10/30/2018 09:22:00 PM,30,CLEAR,DAYLIGHT,REAR TO FRONT,T-INTERSECTION,TRAFFIC SIGNAL,DRIVING SKILLS/KNOWLEDGE/EXPERIENCE,UNABLE TO DETERMINE,0,0,1,1,21,3,10,1192,HALSTED ST,41.936094,-87.505171,10/30/2018 10:04:00 PM,2018
CR00011998,06/17/2024 06:24:00 PM,30,FREEZING RAIN/DRIZZLE,DAYLIGHT,TURNING,FOUR WAY,NO CONTROLS,UNABLE TO DETERMINE,UNABLE TO DETERMINE,0,0,0,0,18,2,6,2275,ASHLAND AVE,41.810616,-87.759688,06/17/2024 07:54:00 PM,2024
CR00011999,06/22/2016 12:32:00 PM,25,CLEAR,DAYLIGHT,ANGLE,DIVIDED - W/MEDIAN (NOT RAISED),TRAFFIC SIGNAL,DISREGARDING TRAFFIC SIGNALS,UNABLE TO DETERMINE,0,0,0,0,12,4,6,581,DAMEN AVE,41.865586,-87.839089,06/22/2016 12:44:00 PM,2016
CR00012000,05/31/2020 01:57:00 PM,45,CLEAR,DAYLIGHT,TURNING,DIVIDED - W/MEDIAN (NOT RAISED),NO CONTROLS,DISTRACTION - FROM INSIDE VEHICLE,NOT APPLICABLE,0,0,0,0,13,1,5,358,CLARK ST,41.940904,-87.751446,05/31/2020 03:05:00 PM,2020
CR00012001,09/03/2018 06:32:00 PM,30,RAIN,DAYLIGHT,SIDESWIPE SAME DIRECTION,NOT DIVIDED,NO CONTROLS,DRIVING SKILLS/KNOWLEDGE/EXPERIENCE,DISREGARDING TRAFFIC SIGNALS,0,0,0,0,18,2,9,692,ASHLAND AVE,41.775163,-87.73281,09/03/2018 06:56:00 PM,2018
CR00012002,12/15/2020 07:27:00 AM,45,CLEAR,DAYLIGHT,SIDESWIPE SAME DIRECTION,NOT DIVIDED,STOP SIGN/FLASHER,UNABLE TO DETERMINE,DISREGARDING TRAFFIC SIGNALS,0,0,0,0,7,3,12,1174,DIVISION ST,41.89635,-87.831834,12/15/2020 07:45:00 AM,2020
CR00012003,10/09/2022 11:28:00 AM,25,CLOUDY/OVERCAST,DAWN,REAR END,NOT DIVIDED,TRAFFIC SIGNAL,UNABLE TO DETERMINE,UNABLE TO DETERMINE,0,0,0,0,11,1,10,1344,CALIFORNIA AVE,41.716491,-87.633542,10/09/2022 12:14:00 PM,2022
CR00012004,10/07/2016 06:01:00 PM,30,CLEAR,DAYLIGHT,REAR TO FRONT,NOT DIVIDED,NO CONTROLS,FAILING TO YIELD RIGHT-OF-WAY,NOT APPLICABLE,0,0,0,0,18,6,10,326,WESTERN AVE,41.971059,-87.540658,10/07/2016 07:07:00 PM,2016
CR00012005,08/22/2024 05:50:00 PM,15,CLEAR,DAYLIGHT,REAR END,FOUR WAY,TRAFFIC SIGNAL,UNABLE TO DETERMINE,UNABLE TO DETERMINE,0,0,1,1,17,5,8,240,LAKE SHORE DR,41.765947,-87.548875,08/22/2024 07:17:00 PM,2024
CR00012006,09/15/2017 07:04:00 AM,35,CLEAR,DAYLIGHT,ANGLE,DIVIDED - W/MEDIAN (NOT RAISED),UNKNOWN,FOLLOWING TOO CLOSELY,UNABLE TO DETERMINE,0,0,0,0,7,6,9,978,MILWAUKEE AVE,41.950537,-87.621297,09/15/2017 07:57:00 AM,2017
CR00012007,12/21/2021 08:11:00 PM,15,CLEAR,DAYLIGHT,PEDESTRIAN,FOUR WAY,TRAFFIC SIGNAL,FAILING TO YIELD RIGHT-OF-WAY,IMPROPER OVERTAKING/PASSING,0,0,0,0,20,3,12,1216,FULLERTON AVE,41.91196,-87.665921,12/21/2021 08:29:00 PM,2021
CR00012008,08/31/2024 12:58:00 PM,25,CLOUDY/OVERCAST,DARKNESS - LIGHTED ROAD,TURNING,T-INTERSECTION,STOP SIGN/FLASHER,FAILING TO YIELD RIGHT-OF-WAY,FAILING TO YIELD RIGHT-OF-WAY,0,0,0,0,12,7,8,843,47TH ST,41.934851,-87.721978,08/31/2024 02:43:00 PM,2024
CR00012009,07/12/2024 04:59:00 PM,30,CLEAR,DAYLIGHT,SIDESWIPE SAME DIRECTION,ONE-WAY,NO CONTROLS,UNABLE TO DETERMINE,UNABLE TO DETERMINE,0,0,0,0,16,6,7,1734,KEDZIE AVE,41.718256,-87.818734,07/12/2024 06:41:00 PM,2024
CR00012010,12/07/2022 05:43:00 PM,25,CLEAR,DARKNESS - LIGHTED ROAD,PEDESTRIAN,NOT DIVIDED,NO CONTROLS,DISREGARDING TRAFFIC SIGNALS,DISREGARDING TRAFFIC SIGNALS,0,0,0,0,17,4,12,1464,MILWAUKEE AVE,41.76801,-87.56494,12/07/2022 06:37:00 PM,2022
CR00012011,10/31/2024 01:52:00 PM,35,CLEAR,DARKNESS - LIGHTED ROAD,SIDESWIPE SAME DIRECTION,FOUR WAY,STOP SIGN/FLASHER,FAILING TO REDUCE SPEED,FAILING TO YIELD RIGHT-OF-WAY,0,0,0,0,13,5,10,1542,ARCHER AVE,41.796538,-87.787895,10/31/2024 02:47:00 PM,2024
CR00012012,09/13/2021 04:54:00 PM,40,CLEAR,DARKNESS,ANGLE,FOUR WAY,UNKNOWN,DISTRACTION - FROM INSIDE VEHICLE,NOT APPLICABLE,0,0,0,0,16,2,9,2464,PULASKI RD,41.80728,-87.77487,09/13/2021 06:54:00 PM,2021
CR00012013,11/18/2019 08:53:00 AM,30,CLEAR,DAYLIGHT,ANGLE,NOT DIVIDED,YIELD,UNABLE TO DETERMINE,DISTRACTION - FROM INSIDE VEHICLE,0,0,0,0,8,2,11,1291,63RD ST,41.9752,-87.675875,11/18/2019 10:06:00 AM,2019
CR00012014,09/06/2015 02:20:00 PM,35,CLEAR,DAYLIGHT,ANGLE,T-INTERSECTION,NO CONTROLS,WEATHER,DRIVING SKILLS/KNOWLEDGE/EXPERIENCE,0,0,0,0,14,1,9,1202,ARCHER AVE,41.971905,-87.618645,09/06/2015 02:57:00 PM,2015
CR00012015,09/15/2021 02:13:00 PM,15,CLEAR,DAYLIGHT,SIDESWIPE SAME DIRECTION,DIVIDED - W/MEDIAN (NOT RAISED),TRAFFIC SIGNAL,UNABLE TO DETERMINE,IMPROPER LANE USAGE,0,0,0,0,14,4,9,1798,79TH ST,41.720901,-87.63381,09/15/2021 02:14:00 PM,2021
CR00012016,01/09/2019 06:08:00 PM,20,CLEAR,DAYLIGHT,REAR END,ONE-WAY,TRAFFIC SIGNAL,DISREGARDING TRAFFIC SIGNALS,NOT APPLICABLE,0,0,0,0,18,4,1,1867,79TH ST,41.763872,-87.634936,01/09/2019 07:39:00 PM,2019
CR00012017,01/10/2019 03:38:00 PM,15,SNOW,DARKNESS - LIGHTED ROAD,REAR END,FOUR WAY,TRAFFIC SIGNAL,DISREGARDING TRAFFIC SIGNALS,FOLLOWING TOO CLOSELY,0,0,1,1,15,5,1,1777,WESTERN AVE,41.706743,-87.605815,01/10/2019 04:33:00 PM,2019
CR00012018,03/23/2017 09:13:00 AM,40,CLEAR,DAWN,TURNING,DIVIDED - W/MEDIAN (NOT RAISED),NO CONTROLS,IMPROPER OVERTAKING/PASSING,IMPROPER LANE USAGE,0,0,2,2,9,5,3,1269,KEDZIE AVE,41.846565,-87.502815,03/23/2017 10:05:00 AM,2017
CR00012019,11/30/2022 07:29:00 AM,30,CLEAR,DAYLIGHT,SIDESWIPE SAME DIRECTION,NOT DIVIDED,NO CONTROLS,DRIVING SKILLS/KNOWLEDGE/EXPERIENCE,IMPROPER LANE USAGE,0,0,0,0,7,4,11,1898,DAMEN AVE,41.802168,-87.544716,11/30/2022 09:01:00 AM,2022
CR00012020,11/22/2017 08:35:00 AM,35,CLEAR,DAYLIGHT,REAR END,ONE-WAY,TRAFFIC SIGNAL,UNABLE TO DETERMINE,FAILING TO YIELD RIGHT-OF-WAY,0,0,0,0,8,4,11,2188,CLARK ST,41.904235,-87.696001,11/22/2017 09:28:00 AM,2017
CR00012021,11/27/2023 09:00:00 AM,40,CLEAR,DAWN,SIDESWIPE SAME DIRECTION,ONE-WAY,UNKNOWN,IMPROPER LANE USAGE,FAILING TO REDUCE SPEED,0,0,0,0,9,2,11,1698,CICERO AVE,41.753824,-87.508367,11/27/2023 09:33:00 AM,2023
CR00012022,01/18/2023 10:31:00 PM,30,CLEAR,DAYLIGHT,REAR END,NOT DIVIDED,UNKNOWN,IMPROPER OVERTAKING/PASSING,DRIVING SKILLS/KNOWLEDGE/EXPERIENCE,0,0,0,0,22,4,1,1792,MILWAUKEE AVE,41.760769,-87.696034,01/19/2023 12:04:00 AM,2023
CR00012023,10/07/2018 11:02:00 AM,20,SNOW,DAYLIGHT,REAR END,ONE-WAY,TRAFFIC SIGNAL,FAILING TO YIELD RIGHT-OF-WAY,IMPROPER LANE USAGE,0,0,0,0,11,1,10,1841,PULASKI RD,41.887432,-87.707743,10/07/2018 11:44:00 AM,2018
CR00012024,11/02/2020 03:26:00 AM,35,FOG/SMOKE/HAZE,DAYLIGHT,TURNING,NOT DIVIDED,NO CONTROLS,FAILING TO YIELD RIGHT-OF-WAY,NOT APPLICABLE,0,0,0,0,3,2,11,2278,OGDEN AVE,41.735969,-87.664779,11/02/2020 04:27:00 AM,2020
CR00012025,12/13/2021 01:42:00 PM,40,CLOUDY/OVERCAST,DAYLIGHT,TURNING,ONE-WAY,TRAFFIC SIGNAL,FAILING TO YIELD RIGHT-OF-WAY,IMPROPER LANE USAGE,0,0,1,1,13,2,12,1365,OGDEN AVE,41.996061,-87.719579,12/13/2021 03:33:00 PM,2021