CRASH_RECORD_ID,CRASH_DATE,POSTED_SPEED_LIMIT,WEATHER_CONDITION,LIGHTING_CONDITION,FIRST_CRASH_TYPE,TRAFFICWAY_TYPE,TRAFFIC_CONTROL_DEVICE,PRIM_CONTRIBUTORY_CAUSE,SEC_CONTRIBUTORY_CAUSE,INJURIES_FATAL,INJURIES_INCAPACITATING,INJURIES_NON_INCAPACITATING,INJURIES_TOTAL,CRASH_HOUR,CRASH_DAY_OF_WEEK,CRASH_MONTH,BEAT_OF_OCCURRENCE,STREET_NAME,LATITUDE,LONGITUDE,DATE_POLICE_NOTIFIED,year
CR00012026,02/20/2022 07:01:00 AM,30,CLEAR,DARKNESS - LIGHTED ROAD,REAR END,T-INTERSECTION,TRAFFIC SIGNAL,IMPROPER OVERTAKING/PASSING,UNABLE TO DETERMINE,0,0,0,0,7,1,2,900,DIVISION ST,41.852959,-87.524447,02/20/2022 07:31:00 AM,2022
CR00012027,07/13/2016 08:04:00 AM,30,CLEAR,DAYLIGHT,SIDESWIPE SAME DIRECTION,FOUR WAY,NO CONTROLS,IMPROPER OVERTAKING/PASSING,FOLLOWING TOO CLOSELY,0,0,0,0,8,4,7,1664,ELSTON AVE,41.716145,-87.592529,07/13/2016 08:44:00 AM,2016
CR00012028,09/29/2016 08:41:00 AM,35,CLEAR,DARKNESS - LIGHTED ROAD,REAR END,DIVIDED - W/MEDIAN (NOT RAISED),TRAFFIC SIGNAL,IMPROPER OVERTAKING/PASSING,FOLLOWING TOO CLOSELY,0,2,3,5,8,5,9,1296,63RD ST,41.774923,-87.842884,09/29/2016 09:16:00 AM,2016
CR00012029,04/23/2015 04:58:00 PM,35,CLEAR,DARKNESS,TURNING,FOUR WAY,NO CONTROLS,UNABLE TO DETERMINE,UNABLE TO DETERMINE,0,0,0,0,16,5,4,1586,MICHIGAN AVE,41.889971,-87.641015,04/23/2015 05:48:00 PM,2015
CR00012030,04/25/2020 12:03:00 PM,35,CLEAR,DAYLIGHT,REAR END,DIVIDED - W/MEDIAN BARRIER,NO CONTROLS,DISTRACTION - FROM INSIDE VEHICLE,DRIVING SKILLS/KNOWLEDGE/EXPERIENCE,0,0,0,0,12,7,4,2322,IRVING PARK RD,41.70148,-87.594976,04/25/2020 12:20:00 PM,2020
CR00012031,03/20/2024 08:21:00 AM,25,CLEAR,DAYLIGHT,REAR END,FOUR WAY,UNKNOWN,DISREGARDING TRAFFIC SIGNALS,NOT APPLICABLE,0,0,0,0,8,4,3,1950,LAKE SHORE DR,41.763538,-87.540099,03/20/2024 08:38:00 AM,2024
CR00012032,06/23/2021 01:56:00 PM,35,CLOUDY/OVERCAST,DAYLIGHT,PARKED MOTOR VEHICLE,NOT DIVIDED,NO CONTROLS,FOLLOWING TOO CLOSELY,FOLLOWING TOO CLOSELY,0,0,2,2,13,4,6,528,ARCHER AVE,41.937868,-87.547503,06/23/2021 03:14:00 PM,2021
CR00012033,01/21/2020 03:10:00 PM,15,CLEAR,DAYLIGHT,FIXED OBJECT,DIVIDED - W/MEDIAN BARRIER,STOP SIGN/FLASHER,FOLLOWING TOO CLOSELY,UNABLE TO DETERMINE,0,0,0,0,15,3,1,588,STONY ISLAND AVE,41.700505,-87.637687,01/21/2020 03:54:00 PM,2020
CR00012034,12/29/2021 08:18:00 AM,25,CLEAR,DAYLIGHT,SIDESWIPE SAME DIRECTION,NOT DIVIDED,NO CONTROLS,IMPROPER OVERTAKING/PASSING,NOT APPLICABLE,0,0,0,0,8,4,12,762,79TH ST,41.82686,-87.530223,12/29/2021 10:06:00 AM,2021
CR00012035,03/04/2017 02:17:00 PM,30,CLEAR,DARKNESS - LIGHTED ROAD,PARKED MOTOR VEHICLE,DIVIDED - W/MEDIAN BARRIER,NO CONTROLS,IMPROPER OVERTAKING/PASSING,FAILING TO YIELD RIGHT-OF-WAY,0,0,0,0,14,7,3,1849,OGDEN AVE,41.937332,-87.742228,03/04/2017 03:57:00 PM,2017
CR00012036,07/21/2017 11:28:00 AM,25,CLEAR,DAYLIGHT,FIXED OBJECT,DIVIDED - W/MEDIAN (NOT RAISED),NO CONTROLS,IMPROPER LANE USAGE,FAILING TO REDUCE SPEED,0,0,0,0,11,6,7,2371,KEDZIE AVE,41.803778,-87.501036,07/21/2017 12:07:00 PM,2017
CR00012037,10/19/2024 05:53:00 PM,45,CLEAR,DARKNESS - LIGHTED ROAD,REAR TO FRONT,NOT DIVIDED,TRAFFIC SIGNAL,DRIVING SKILLS/KNOWLEDGE/EXPERIENCE,DISREGARDING TRAFFIC SIGNALS,0,0,0,0,17,7,10,1201,KEDZIE AVE,41.737761,-87.591069,10/19/2024 06:04:00 PM,2024
CR00012038,01/24/2019 09:12:00 PM,30,CLEAR,DAYLIGHT,ANGLE,DIVIDED - W/MEDIAN (NOT RAISED),NO CONTROLS,FOLLOWING TOO CLOSELY,FOLLOWING TOO CLOSELY,0,0,0,0,21,5,1,233,CLARK ST,41.728821,-87.528233,01/24/2019 11:06:00 PM,2019
CR00012039,03/30/2019 09:43:00 PM,40,FOG/SMOKE/HAZE,DAYLIGHT,TURNING,DIVIDED - W/MEDIAN BARRIER,NO CONTROLS,FOLLOWING TOO CLOSELY,FAILING TO YIELD RIGHT-OF-WAY,0,0,0,0,21,7,3,439,STATE ST,41.928284,-87.611905,03/30/2019 09:57:00 PM,2019
CR00012040,02/01/2022 07:35:00 AM,25,CLEAR,DAYLIGHT,FIXED OBJECT,NOT DIVIDED,TRAFFIC SIGNAL,DRIVING SKILLS/KNOWLEDGE/EXPERIENCE,UNABLE TO DETERMINE,0,1,1,2,7,3,2,328,DAMEN AVE,41.96748,-87.676754,02/01/2022 08:57:00 AM,2022
CR00012041,08/15/2022 10:56:00 AM,25,SNOW,DARKNESS - LIGHTED ROAD,REAR END,DIVIDED - W/MEDIAN (NOT RAISED),NO CONTROLS,IMPROPER OVERTAKING/PASSING,DISTRACTION - FROM INSIDE VEHICLE,0,0,0,0,10,2,8,320,47TH ST,41.999411,-87.834205,08/15/2022 11:57:00 AM,2022
CR00012042,10/27/2016 05:54:00 PM,45,CLEAR,DARKNESS - LIGHTED ROAD,PARKED MOTOR VEHICLE,NOT DIVIDED,NO CONTROLS,UNABLE TO DETERMINE,NOT APPLICABLE,0,0,0,0,17,5,10,484,DIVISION ST,41.872105,-87.844997,10/27/2016 06:07:00 PM,2016
CR00012043,06/14/2015 10:49:00 AM,25,CLOUDY/OVERCAST,DAYLIGHT,REAR TO FRONT,NOT DIVIDED,TRAFFIC SIGNAL,UNABLE TO DETERMINE,IMPROPER OVERTAKING/PASSING,0,0,0,0,10,1,6,359,MILWAUKEE AVE,41.961421,-87.556585,06/14/2015 10:52:00 AM,2015
CR00012044,12/03/2018 01:42:00 PM,40,CLEAR,DARKNESS,TURNING,NOT DIVIDED,NO CONTROLS,FOLLOWING TOO CLOSELY,UNABLE TO DETERMINE,0,0,0,0,13,2,12,1512,STONY ISLAND AVE,41.787495,-87.802759,12/03/2018 02:14:00 PM,2018
CR00012045,06/24/2020 06:08:00 AM,20,CLEAR,DARKNESS - LIGHTED ROAD,SIDESWIPE SAME DIRECTION,NOT DIVIDED,YIELD,IMPROPER OVERTAKING/PASSING,DRIVING SKILLS/KNOWLEDGE/EXPERIENCE,0,0,1,1,6,4,6,1615,HALSTED ST,41.746563,-87.663127,06/24/2020 07:15:00 AM,2020
CR00012046,12/10/2021 06:41:00 PM,15,CLEAR,DAYLIGHT,TURNING,DIVIDED - W/MEDIAN (NOT RAISED),TRAFFIC SIGNAL,UNABLE TO DETERMINE,DRIVING SKILLS/KNOWLEDGE/EXPERIENCE,0,0,0,0,18,6,12,316,ROOSEVELT RD,41.808163,-87.725675,12/10/2021 08:07:00 PM,2021
CR00012047,10/16/2022 08:12:00 PM,20,CLEAR,DAWN,TURNING,DIVIDED - W/MEDIAN BARRIER,NO CONTROLS,DISTRACTION - FROM INSIDE VEHICLE,NOT APPLICABLE,0,0,0,0,20,1,10,1306,FULLERTON AVE,41.769751,-87.509035,10/16/2022 08:43:00 PM,2022
CR00012048,05/01/2017 09:27:00 AM,25,CLEAR,DAYLIGHT,TURNING,NOT DIVIDED,STOP SIGN/FLASHER,FAILING TO YIELD RIGHT-OF-WAY,FOLLOWING TOO CLOSELY,0,0,0,0,9,2,5,2447,CALIFORNIA AVE,41.947578,-87.587961,05/01/2017 10:58:00 AM,2017
CR00012049,11/26/2020 01:50:00 PM,35,RAIN,DAYLIGHT,SIDESWIPE SAME DIRECTION,ONE-WAY,NO CONTROLS,FOLLOWING TOO CLOSELY,FAILING TO YIELD RIGHT-OF-WAY,0,0,1,1,13,5,11,687,IRVING PARK RD,41.716232,-87.574714,11/26/2020 03:39:00 PM,2020
CR00012050,11/06/2018 03:48:00 PM,30,CLEAR,DARKNESS,REAR END,ONE-WAY,NO CONTROLS,UNABLE TO DETERMINE,NOT APPLICABLE,0,0,0,0,15,3,11,684,DAMEN AVE,41.770024,-87.567561,11/06/2018 04:51:00 PM,2018
CR00012051,01/19/2017 03:07:00 PM,30,CLEAR,DAYLIGHT,SIDESWIPE SAME DIRECTION,DIVIDED - W/MEDIAN BARRIER,YIELD,UNABLE TO DETERMINE,IMPROPER OVERTAKING/PASSING,0,0,0,0,15,5,1,127,STONY ISLAND AVE,41.951237,-87.531198,01/19/2017 03:39:00 PM,2017
CR00012052,05/18/2023 05:49:00 PM,30,CLEAR,DAYLIGHT,ANGLE,T-INTERSECTION,NO CONTROLS,IMPROPER LANE USAGE,DISREGARDING TRAFFIC SIGNALS,0,0,0,0,17,5,5,1562,CICERO AVE,41.83141,-87.594691,05/18/2023 07:40:00 PM,2023
CR00012053,03/13/2017 05:46:00 PM,15,CLEAR,DAYLIGHT,REAR END,NOT DIVIDED,TRAFFIC SIGNAL,UNABLE TO DETERMINE,FAILING TO REDUCE SPEED,0,1,0,1,17,2,3,2481,PULASKI RD,41.85664,-87.837547,03/13/2017 06:44:00 PM,2017
CR00012054,02/28/2019 08:05:00 AM,40,CLEAR,DAYLIGHT,SIDESWIPE SAME DIRECTION,NOT DIVIDED,STOP SIGN/FLASHER,FAILING TO YIELD RIGHT-OF-WAY,WEATHER,0,0,0,0,8,5,2,1351,KEDZIE AVE,41.939604,-87.73485,02/28/2019 08:20:00 AM,2019
CR00012055,10/30/2018 09:09:00 AM,35,CLEAR,DAYLIGHT,PEDESTRIAN,DIVIDED - W/MEDIAN (NOT RAISED),TRAFFIC SIGNAL,UNABLE TO DETERMINE,UNABLE TO DETERMINE,0,0,0,0,9,3,10,2460,IRVING PARK RD,41.938026,-87.738746,10/30/2018 09:53:00 AM,2018
CR00012056,08/24/2016 12:09:00 PM,25,CLEAR,DAYLIGHT,REAR END,ONE-WAY,TRAFFIC SIGNAL,FOLLOWING TOO CLOSELY,FAILING TO REDUCE SPEED,0,0,1,1,12,4,8,1707,STONY ISLAND AVE,41.80229,-87.814121,08/24/2016 01:10:00 PM,2016
CR00012057,07/22/2018 06:42:00 PM,30,RAIN,DAYLIGHT,FIXED OBJECT,NOT DIVIDED,STOP SIGN/FLASHER,WEATHER,FAILING TO YIELD RIGHT-OF-WAY,0,0,1,1,18,1,7,1904,LAKE SHORE DR,41.794827,-87.580214,07/22/2018 06:49:00 PM,2018
CR00012058,08/08/2024 05:42:00 AM,35,CLOUDY/OVERCAST,DARKNESS,REAR END,T-INTERSECTION,STOP SIGN/FLASHER,FOLLOWING TOO CLOSELY,UNABLE TO DETERMINE,0,1,1,2,5,5,8,1204,LAKE SHORE DR,41.758222,-87.748404,08/08/2024 05:57:00 AM,2024
CR00012059,10/02/2023 08:18:00 AM,30,CLEAR,DARKNESS - LIGHTED ROAD,REAR END,DIVIDED - W/MEDIAN (NOT RAISED),NO CONTROLS,DRIVING SKILLS/KNOWLEDGE/EXPERIENCE,IMPROPER OVERTAKING/PASSING,0,0,0,0,8,2,10,525,KEDZIE AVE,41.904797,-87.776713,10/02/2023 09:30:00 AM,2023
CR00012060,05/04/2017 11:01:00 AM,15,CLEAR,DARKNESS - LIGHTED ROAD,REAR TO FRONT,ONE-WAY,NO CONTROLS,FOLLOWING TOO CLOSELY,NOT APPLICABLE,0,0,1,1,11,5,5,126,47TH ST,41.711402,-87.726404,05/04/2017 12:55:00 PM,2017
CR00012061,10/28/2021 12:10:00 AM,30,RAIN,DARKNESS,REAR END,NOT DIVIDED,YIELD,DISTRACTION - FROM INSIDE VEHICLE,IMPROPER OVERTAKING/PASSING,0,0,0,0,0,5,10,323,CALIFORNIA AVE,41.945729,-87.637065,10/28/2021 01:11:00 AM,2021
CR00012062,09/21/2020 11:10:00 AM,30,CLOUDY/OVERCAST,DARKNESS,SIDESWIPE SAME DIRECTION,NOT DIVIDED,STOP SIGN/FLASHER,FAILING TO YIELD RIGHT-OF-WAY,FAILING TO YIELD RIGHT-OF-WAY,0,0,0,0,11,2,9,511,DIVISION ST,41.733431,-87.560646,09/21/2020 11:33:00 AM,2020
CR00012063,04/03/2015 12:50:00 PM,40,CLEAR,DARKNESS,TURNING,NOT DIVIDED,NO CONTROLS,DISTRACTION - FROM INSIDE VEHICLE,DISREGARDING TRAFFIC SIGNALS,0,0,0,0,12,6,4,1897,ROOSEVELT RD,41.924528,-87.546173,04/03/2015 01:41:00 PM,2015
CR00012064,07/24/2019 04:36:00 PM,40,CLEAR,DAYLIGHT,REAR END,DIVIDED - W/MEDIAN (NOT RAISED),STOP SIGN/FLASHER,FAILING TO REDUCE SPEED,FOLLOWING TOO CLOSELY,0,0,0,0,16,4,7,1691,WESTERN AVE,41.828515,-87.645963,07/24/2019 05:10:00 PM,2019
CR00012065,06/10/2022 11:34:00 PM,15,CLEAR,DAYLIGHT,REAR END,ONE-WAY,STOP SIGN/FLASHER,FAILING TO REDUCE SPEED,DISTRACTION - FROM INSIDE VEHICLE,0,0,0,0,23,6,6,2456,DIVISION ST,41.882926,-87.544722,06/11/2022 12:46:00 AM,2022
CR00012066,06/07/2024 06:20:00 PM,30,CLOUDY/OVERCAST,DARKNESS,REAR END,FOUR WAY,STOP SIGN/FLASHER,FOLLOWING TOO CLOSELY,FAILING TO YIELD RIGHT-OF-WAY,0,0,0,0,18,6,6,1623,OGDEN AVE,41.769172,-87.629532,06/07/2024 08:12:00 PM,2024
CR00012067,12/08/2018 06:02:00 PM,35,SNOW,DAYLIGHT,TURNING,DIVIDED - W/MEDIAN (NOT RAISED),NO CONTROLS,IMPROPER OVERTAKING/PASSING,UNABLE TO DETERMINE,0,0,0,0,18,7,12,740,63RD ST,41.703498,-87.622056,12/08/2018 06:08:00 PM,2018
CR00012068,11/28/2019 06:35:00 PM,35,SNOW,DAYLIGHT,SIDESWIPE SAME DIRECTION,T-INTERSECTION,TRAFFIC SIGNAL,UNABLE TO DETERMINE,FAILING TO YIELD RIGHT-OF-WAY,0,0,0,0,18,5,11,1142,STATE ST,41.903101,-87.587269,11/28/2019 07:03:00 PM,2019
CR00012069,08/25/2019 08:21:00 AM,40,CLEAR,DAYLIGHT,REAR END,DIVIDED - W/MEDIAN (NOT RAISED),STOP SIGN/FLASHER,FAILING TO YIELD RIGHT-OF-WAY,UNABLE TO DETERMINE,0,0,0,0,8,1,8,1764,FULLERTON AVE,41.82507,-87.544404,08/25/2019 08:53:00 AM,2019
CR00012070,11/16/2016 07:12:00 PM,15,CLOUDY/OVERCAST,DAYLIGHT,REAR END,DIVIDED - W/MEDIAN (NOT RAISED),TRAFFIC SIGNAL,UNABLE TO DETERMINE,FAILING TO REDUCE SPEED,0,0,1,1,19,4,11,1256,ARCHER AVE,41.706391,-87.530793,11/16/2016 09:08:00 PM,2016
CR00012071,08/06/2023 06:51:00 PM,30,CLEAR,DARKNESS - LIGHTED ROAD,REAR END,DIVIDED - W/MEDIAN BARRIER,UNKNOWN,IMPROPER OVERTAKING/PASSING,FAILING TO REDUCE SPEED,0,0,0,0,18,1,8,1322,79TH ST,41.804451,-87.602713,08/06/2023 08:50:00 PM,2023
CR00012072,01/05/2019 06:56:00 PM,25,RAIN,DAYLIGHT,REAR END,NOT DIVIDED,NO CONTROLS,FOLLOWING TOO CLOSELY,FAILING TO YIELD RIGHT-OF-WAY,0,0,0,0,18,7,1,1408,63RD ST,41.834551,-87.705305,01/05/2019 08:50:00 PM,2019
CR00012073,11/05/2016 06:28:00 PM,45,RAIN,DARKNESS - LIGHTED ROAD,REAR END,DIVIDED - W/MEDIAN BARRIER,TRAFFIC SIGNAL,UNABLE TO DETERMINE,FAILING TO REDUCE SPEED,0,0,1,1,18,7,11,877,KEDZIE AVE,41.832253,-87.658609,11/05/2016 07:53:00 PM,2016
CR00012074,01/27/2019 05:19:00 PM,15,CLEAR,DAYLIGHT,SIDESWIPE SAME DIRECTION,DIVIDED - W/MEDIAN (NOT RAISED),NO CONTROLS,FAILING TO YIELD RIGHT-OF-WAY,IMPROPER OVERTAKING/PASSING,0,0,0,0,17,1,1,2156,CICERO AVE,41.938673,-87.704003,01/27/2019 07:05:00 PM,2019
CR00012075,08/22/2024 03:12:00 PM,35,CLOUDY/OVERCAST,DARKNESS - LIGHTED ROAD,REAR END,NOT DIVIDED,NO CONTROLS,DRIVING SKILLS/KNOWLEDGE/EXPERIENCE,UNABLE TO DETERMINE,0,0,0,0,15,5,8,1163,IRVING PARK RD,41.945476,-87.538949,08/22/2024 04:28:00 PM,2024
CR00012076,11/16/2017 02:51:00 PM,45,RAIN,DAYLIGHT,PEDESTRIAN,NOT DIVIDED,TRAFFIC SIGNAL,IMPROPER OVERTAKING/PASSING,DISTRACTION - FROM INSIDE VEHICLE,0,0,2,2,14,5,11,2520,FULLERTON AVE,41.794896,-87.76383,11/16/2017 04:28:00 PM,2017
CR00012077,03/19/2018 04:51:00 PM,35,SNOW,DAYLIGHT,REAR END,T-INTERSECTION,NO CONTROLS,FAILING TO YIELD RIGHT-OF-WAY,UNABLE TO DETERMINE,0,0,0,0,16,2,3,1295,FULLERTON AVE,41.925754,-87.825124,03/19/2018 06:31:00 PM,2018
CR00012078,06/13/2020 05:01:00 AM,45,CLEAR,DARKNESS - LIGHTED ROAD,SIDESWIPE SAME DIRECTION,NOT DIVIDED,NO CONTROLS,IMPROPER OVERTAKING/PASSING,UNABLE TO DETERMINE,0,0,0,0,5,7,6,511,ARCHER AVE,41.865961,-87.715268,06/13/2020 05:46:00 AM,2020
CR00012079,05/26/2020 12:27:00 PM,20,CLEAR,DARKNESS - LIGHTED ROAD,ANGLE,NOT DIVIDED,NO CONTROLS,FOLLOWING TOO CLOSELY,DISREGARDING TRAFFIC SIGNALS,0,0,0,0,12,3,5,953,ARCHER AVE,41.930183,-87.708971,05/26/2020 01:20:00 PM,2020
CR00012080,02/04/2018 03:15:00 PM,20,CLEAR,DUSK,FIXED OBJECT,DIVIDED - W/MEDIAN (NOT RAISED),NO CONTROLS,DRIVING SKILLS/KNOWLEDGE/EXPERIENCE,FOLLOWING TOO CLOSELY,0,0,0,0,15,1,2,2077,ASHLAND AVE,41.932295,-87.83158,02/04/2018 04:59:00 PM,2018
CR00012081,12/07/2015 01:17:00 AM,25,CLEAR,DARKNESS - LIGHTED ROAD,REAR END,DIVIDED - W/MEDIAN (NOT RAISED),TRAFFIC SIGNAL,UNABLE TO DETERMINE,UNABLE TO DETERMINE,0,0,1,1,1,2,12,2228,IRVING PARK RD,41.925564,-87.808031,12/07/2015 01:28:00 AM,2015
CR00012082,09/19/2024 11:16:00 AM,30,CLEAR,DAYLIGHT,SIDESWIPE SAME DIRECTION,ONE-WAY,STOP SIGN/FLASHER,DRIVING SKILLS/KNOWLEDGE/EXPERIENCE,UNABLE TO DETERMINE,0,0,0,0,11,5,9,699,KEDZIE AVE,41.946818,-87.70622,09/19/2024 12:05:00 PM,2024
CR00012083,12/07/2020 07:51:00 PM,30,CLEAR,DAYLIGHT,ANGLE,NOT DIVIDED,NO CONTROLS,IMPROPER OVERTAKING/PASSING,IMPROPER OVERTAKING/PASSING,0,0,0,0,19,2,12,988,79TH ST,41.709632,-87.715432,12/07/2020 08:31:00 PM,2020
CR00012084,02/16/2024 07:38:00 AM,30,CLEAR,DAYLIGHT,ANGLE,ONE-WAY,STOP SIGN/FLASHER,IMPROPER OVERTAKING/PASSING,UNABLE TO DETERMINE,0,0,2,2,7,6,2,563,CLARK ST,41.725892,-87.758734,02/16/2024 09:28:00 AM,2024
CR00012085,05/14/2020 10:30:00 AM,20,CLEAR,DARKNESS,REAR END,FOUR WAY,TRAFFIC SIGNAL,DRIVING SKILLS/KNOWLEDGE/EXPERIENCE,NOT APPLICABLE,0,0,2,2,10,5,5,587,OGDEN AVE,41.908531,-87.639239,05/14/2020 11:57:00 AM,2020
CR00012086,01/30/2024 09:01:00 AM,30,CLEAR,DAYLIGHT,TURNING,DIVIDED - W/MEDIAN (NOT RAISED),TRAFFIC SIGNAL,UNABLE TO DETERMINE,UNABLE TO DETERMINE,0,0,1,1,9,3,1,234,IRVING PARK RD,41.723125,-87.829555,01/30/2024 09:43:00 AM,2024
CR00012087,08/09/2017 08:33:00 PM,35,CLEAR,DARKNESS - LIGHTED ROAD,PEDESTRIAN,DIVIDED - W/MEDIAN (NOT RAISED),NO CONTROLS,UNABLE TO DETERMINE,UNABLE TO DETERMINE,0,0,0,0,20,4,8,873,CICERO AVE,41.916847,-87.614255,08/09/2017 09:26:00 PM,2017
CR00012088,11/16/2020 01:21:00 PM,15,SNOW,DARKNESS - LIGHTED ROAD,SIDESWIPE SAME DIRECTION,NOT DIVIDED,NO CONTROLS,IMPROPER LANE USAGE,UNABLE TO DETERMINE,0,1,1,2,13,2,11,1331,STATE ST,41.995154,-87.701437,11/16/2020 01:25:00 PM,2020
CR00012089,04/02/2016 01:06:00 AM,15,CLEAR,DARKNESS - LIGHTED ROAD,TURNING,ONE-WAY,TRAFFIC SIGNAL,DRIVING SKILLS/KNOWLEDGE/EXPERIENCE,IMPROPER LANE USAGE,0,0,0,0,1,7,4,1306,ASHLAND AVE,41.856938,-87.77167,04/02/2016 02:43:00 AM,2016
CR00012090,05/11/2018 05:42:00 AM,40,CLEAR,DARKNESS - LIGHTED ROAD,PARKED MOTOR VEHICLE,NOT DIVIDED,NO CONTROLS,UNABLE TO DETERMINE,IMPROPER OVERTAKING/PASSING,0,0,0,0,5,6,5,862,DAMEN AVE,41.873862,-87.751639,05/11/2018 05:59:00 AM,2018
CR00012091,07/01/2017 01:22:00 AM,30,CLEAR,DAYLIGHT,TURNING,NOT DIVIDED,NO CONTROLS,IMPROPER LANE USAGE,DISTRACTION - FROM INSIDE VEHICLE,0,0,0,0,1,7,7,2475,MILWAUKEE AVE,41.799283,-87.522037,07/01/2017 03:05:00 AM,2017
CR00012092,06/25/2016 07:32:00 PM,30,CLEAR,DAYLIGHT,REAR END,NOT DIVIDED,STOP SIGN/FLASHER,DRIVING SKILLS/KNOWLEDGE/EXPERIENCE,UNABLE TO DETERMINE,0,0,0,0,19,7,6,1701,CICERO AVE,41.974788,-87.562975,06/25/2016 07:47:00 PM,2016
CR00012093,07/29/2016 05:37:00 PM,20,CLEAR,DAYLIGHT,REAR END,FOUR WAY,NO CONTROLS,FOLLOWING TOO CLOSELY,FOLLOWING TOO CLOSELY,0,0,3,3,17,6,7,119,ASHLAND AVE,41.814833,-87.730077,07/29/2016 06:45:00 PM,2016
CR00012094,10/08/2022 04:27:00 PM,35,RAIN,DAYLIGHT,PARKED MOTOR VEHICLE,NOT DIVIDED,STOP SIGN/FLASHER,FOLLOWING TOO CLOSELY,DISTRACTION - FROM INSIDE VEHICLE,0,0,0,0,16,7,10,1840,47TH ST,41.904351,-87.510827,10/08/2022 04:41:00 PM,2022
CR00012095,01/06/2020 06:26:00 PM,25,CLEAR,DAYLIGHT,PEDESTRIAN,ONE-WAY,PEDESTRIAN CROSSING SIGN,FAILING TO YIELD RIGHT-OF-WAY,FOLLOWING TOO CLOSELY,0,0,0,0,18,2,1,1047,ELSTON AVE,41.72826,-87.615596,01/06/2020 06:35:00 PM,2020
CR00012096,01/08/2017 12:35:00 AM,30,SNOW,DUSK,SIDESWIPE SAME DIRECTION,DIVIDED - W/MEDIAN BARRIER,TRAFFIC SIGNAL,FAILING TO YIELD RIGHT-OF-WAY,UNABLE TO DETERMINE,0,0,0,0,0,1,1,212,ASHLAND AVE,41.737544,-87.619419,01/08/2017 02:14:00 AM,2017
CR00012097,03/03/2020 05:27:00 PM,35,CLOUDY/OVERCAST,DAYLIGHT,PEDESTRIAN,NOT DIVIDED,TRAFFIC SIGNAL,DISTRACTION - FROM INSIDE VEHICLE,UNABLE TO DETERMINE,0,0,0,0,17,3,3,464,FULLERTON AVE,41.775111,-87.748057,03/03/2020 06:22:00 PM,2020
CR00012098,08/18/2019 04:31:00 PM,30,CLEAR,DAYLIGHT,TURNING,NOT DIVIDED,NO CONTROLS,DISREGARDING TRAFFIC SIGNALS,IMPROPER LANE USAGE,0,0,3,3,16,1,8,1033,STATE ST,41.751363,-87.602873,08/18/2019 05:09:00 PM,2019
CR00012099,08/14/2016 11:50:00 AM,25,CLEAR,DAYLIGHT,FIXED OBJECT,NOT DIVIDED,NO CONTROLS,UNABLE TO DETERMINE,NOT APPLICABLE,0,0,0,0,11,1,8,376,WESTERN AVE,41.960662,-87.707227,08/14/2016 12:38:00 PM,2016
CR00012100,02/28/2015 08:01:00 AM,35,RAIN,DARKNESS - LIGHTED ROAD,REAR END,ONE-WAY,NO CONTROLS,UNABLE TO DETERMINE,FAILING TO YIELD RIGHT-OF-WAY,0,0,1,1,8,7,2,534,PULASKI RD,41.770907,-87.630855,02/28/2015 08:08:00 AM,2015
CR00012101,06/18/2016 03:00:00 PM,30,CLEAR,DARKNESS - LIGHTED ROAD,REAR END,T-INTERSECTION,NO CONTROLS,DRIVING SKILLS/KNOWLEDGE/EXPERIENCE,UNABLE TO DETERMINE,0,0,0,0,15,7,6,213,FULLERTON AVE,41.83723,-87.764564,06/18/2016 03:43:00 PM,2016
CR00012102,08/22/2016 12:28:00 AM,30,CLEAR,DAYLIGHT,REAR END,T-INTERSECTION,STOP SIGN/FLASHER,UNABLE TO DETERMINE,UNABLE TO DETERMINE,0,0,0,0,0,2,8,918,BROADWAY,41.875633,-87.508829,08/22/2016 12:57:00 AM,2016
CR00012103,12/02/2023 04:50:00 PM,45,CLEAR,DAYLIGHT,TURNING,NOT DIVIDED,TRAFFIC SIGNAL,UNABLE TO DETERMINE,UNABLE TO DETERMINE,0,0,0,0,16,7,12,963,PULASKI RD,41.867454,-87.786731,12/02/2023 05:31:00 PM,2023
CR00012104,08/14/2015 09:16:00 PM,25,CLEAR,DAYLIGHT,REAR END,NOT DIVIDED,UNKNOWN,IMPROPER OVERTAKING/PASSING,UNABLE TO DETERMINE,0,0,0,0,21,6,8,1240,WESTERN AVE,41.897606,-87.783599,08/14/2015 09:33:00 PM,2015
CR00012105,08/25/2020 01:59:00 PM,35,CLEAR,DAYLIGHT,SIDESWIPE SAME DIRECTION,DIVIDED - W/MEDIAN (NOT RAISED),TRAFFIC SIGNAL,DISTRACTION - FROM INSIDE VEHICLE,FOLLOWING TOO CLOSELY,0,0,0,0,13,3,8,710,OGDEN AVE,41.868904,-87.618357,08/25/2020 02:04:00 PM,2020
CR00012106,10/15/2017 10:44:00 PM,15,CLEAR,DAYLIGHT,SIDESWIPE SAME DIRECTION,FOUR WAY,NO CONTROLS,FOLLOWING TOO CLOSELY,NOT APPLICABLE,0,0,0,0,22,1,10,2330,63RD ST,41.865849,-87.784333,10/15/2017 10:55:00 PM,2017
CR00012107,11/20/2023 05:14:00 PM,40,CLOUDY/OVERCAST,DAYLIGHT,TURNING,NOT DIVIDED,STOP SIGN/FLASHER,IMPROPER LANE USAGE,UNABLE TO DETERMINE,0,0,0,0,17,2,11,161,DIVISION ST,41.904146,-87.554008,11/20/2023 06:14:00 PM,2023