CRASH_RECORD_ID,CRASH_DATE,POSTED_SPEED_LIMIT,WEATHER_CONDITION,LIGHTING_CONDITION,FIRST_CRASH_TYPE,TRAFFICWAY_TYPE,TRAFFIC_CONTROL_DEVICE,PRIM_CONTRIBUTORY_CAUSE,SEC_CONTRIBUTORY_CAUSE,INJURIES_FATAL,INJURIES_INCAPACITATING,INJURIES_NON_INCAPACITATING,INJURIES_TOTAL,CRASH_HOUR,CRASH_DAY_OF_WEEK,CRASH_MONTH,BEAT_OF_OCCURRENCE,STREET_NAME,LATITUDE,LONGITUDE,DATE_POLICE_NOTIFIED,year
CR00012108,01/13/2020 06:47:00 AM,20,CLEAR,DARKNESS,PARKED MOTOR VEHICLE,FOUR WAY,NO CONTROLS,UNABLE TO DETERMINE,UNABLE TO DETERMINE,0,0,0,0,6,2,1,1054,CLARK ST,41.9565,-87.754952,01/13/2020 08:14:00 AM,2020
CR00012109,11/29/2024 07:40:00 AM,20,CLEAR,DAYLIGHT,REAR END,ONE-WAY,TRAFFIC SIGNAL,FOLLOWING TOO CLOSELY,IMPROPER OVERTAKING/PASSING,0,0,3,3,7,6,11,1218,ARCHER AVE,41.763358,-87.52071,11/29/2024 08:24:00 AM,2024
CR00012110,06/21/2016 01:58:00 PM,40,CLEAR,DAYLIGHT,SIDESWIPE SAME DIRECTION,FOUR WAY,TRAFFIC SIGNAL,DRIVING SKILLS/KNOWLEDGE/EXPERIENCE,NOT APPLICABLE,0,0,0,0,13,3,6,214,MILWAUKEE AVE,41.782573,-87.521344,06/21/2016 02:54:00 PM,2016
CR00012111,12/03/2015 01:44:00 PM,35,CLEAR,DUSK,REAR END,ONE-WAY,STOP SIGN/FLASHER,DISTRACTION - FROM INSIDE VEHICLE,NOT APPLICABLE,0,0,0,0,13,5,12,2295,ASHLAND AVE,41.927646,-87.671202,12/03/2015 02:51:00 PM,2015
CR00012112,09/05/2019 06:54:00 PM,30,RAIN,DAYLIGHT,REAR TO FRONT,DIVIDED - W/MEDIAN (NOT RAISED),NO CONTROLS,IMPROPER OVERTAKING/PASSING,UNABLE TO DETERMINE,0,0,0,0,18,5,9,2193,MILWAUKEE AVE,41.912449,-87.670792,09/05/2019 06:59:00 PM,2019
CR00012113,12/02/2019 08:19:00 AM,15,RAIN,DAYLIGHT,REAR END,ONE-WAY,NO CONTROLS,UNABLE TO DETERMINE,UNABLE TO DETERMINE,0,0,1,1,8,2,12,1467,OGDEN AVE,41.951383,-87.825046,12/02/2019 09:45:00 AM,2019
CR00012114,02/13/2015 05:25:00 PM,45,CLEAR,DARKNESS - LIGHTED ROAD,FIXED OBJECT,DIVIDED - W/MEDIAN BARRIER,TRAFFIC SIGNAL,DISTRACTION - FROM INSIDE VEHICLE,IMPROPER OVERTAKING/PASSING,0,0,0,0,17,6,2,2515,FULLERTON AVE,41.777795,-87.599339,02/13/2015 07:07:00 PM,2015
CR00012115,04/26/2023 11:57:00 AM,30,SNOW,DAYLIGHT,ANGLE,ONE-WAY,NO CONTROLS,UNABLE TO DETERMINE,IMPROPER OVERTAKING/PASSING,0,0,0,0,11,4,4,831,DAMEN AVE,41.720828,-87.751639,04/26/2023 11:59:00 AM,2023
CR00012116,06/17/2021 08:59:00 AM,45,CLEAR,DAYLIGHT,REAR TO FRONT,NOT DIVIDED,NO CONTROLS,FAILING TO REDUCE SPEED,FOLLOWING TOO CLOSELY,0,0,0,0,8,5,6,1773,CICERO AVE,41.803791,-87.834842,06/17/2021 09:08:00 AM,2021
CR00012117,07/16/2020 06:19:00 PM,30,CLEAR,DAYLIGHT,PARKED MOTOR VEHICLE,DIVIDED - W/MEDIAN (NOT RAISED),TRAFFIC SIGNAL,IMPROPER LANE USAGE,FOLLOWING TOO CLOSELY,0,0,0,0,18,5,7,2223,CICERO AVE,41.879272,-87.58125,07/16/2020 06:58:00 PM,2020
CR00012118,04/14/2019 03:54:00 AM,40,CLOUDY/OVERCAST,DAYLIGHT,PARKED MOTOR VEHICLE,NOT DIVIDED,NO CONTROLS,IMPROPER OVERTAKING/PASSING,DRIVING SKILLS/KNOWLEDGE/EXPERIENCE,0,0,0,0,3,1,4,2527,ASHLAND AVE,41.894512,-87.500664,04/14/2019 04:01:00 AM,2019
CR00012119,10/12/2015 07:40:00 AM,35,CLOUDY/OVERCAST,DARKNESS - LIGHTED ROAD,ANGLE,DIVIDED - W/MEDIAN (NOT RAISED),NO CONTROLS,UNABLE TO DETERMINE,NOT APPLICABLE,0,0,0,0,7,2,10,1306,MICHIGAN AVE,41.967086,-87.573494,10/12/2015 08:54:00 AM,2015
CR00012120,02/22/2015 08:36:00 AM,35,CLEAR,DARKNESS - LIGHTED ROAD,SIDESWIPE SAME DIRECTION,FOUR WAY,TRAFFIC SIGNAL,FOLLOWING TOO CLOSELY,DISTRACTION - FROM INSIDE VEHICLE,0,0,2,2,8,1,2,1083,CICERO AVE,41.946018,-87.788019,02/22/2015 09:17:00 AM,2015
CR00012121,06/04/2016 07:30:00 AM,35,CLEAR,DAYLIGHT,REAR END,NOT DIVIDED,TRAFFIC SIGNAL,FAILING TO REDUCE SPEED,FOLLOWING TOO CLOSELY,0,0,0,0,7,7,6,304,ARCHER AVE,41.759087,-87.519606,06/04/2016 08:56:00 AM,2016
CR00012122,11/14/2022 11:36:00 AM,15,CLEAR,DARKNESS - LIGHTED ROAD,FIXED OBJECT,ONE-WAY,NO CONTROLS,DISREGARDING TRAFFIC SIGNALS,UNABLE TO DETERMINE,0,1,1,2,11,2,11,2526,KEDZIE AVE,41.785579,-87.605043,11/14/2022 12:23:00 PM,2022
CR00012123,04/13/2017 09:25:00 PM,40,CLEAR,DARKNESS,TURNING,DIVIDED - W/MEDIAN BARRIER,TRAFFIC SIGNAL,UNABLE TO DETERMINE,IMPROPER OVERTAKING/PASSING,0,0,0,0,21,5,4,344,ELSTON AVE,41.723648,-87.66027,04/13/2017 11:13:00 PM,2017
CR00012124,08/08/2016 12:31:00 PM,20,SNOW,DARKNESS - LIGHTED ROAD,ANGLE,FOUR WAY,TRAFFIC SIGNAL,UNABLE TO DETERMINE,FOLLOWING TOO CLOSELY,0,0,0,0,12,2,8,761,DAMEN AVE,41.939714,-87.598684,08/08/2016 01:26:00 PM,2016
CR00012125,12/19/2023 04:27:00 AM,20,CLEAR,DAYLIGHT,PARKED MOTOR VEHICLE,NOT DIVIDED,NO CONTROLS,DRIVING SKILLS/KNOWLEDGE/EXPERIENCE,UNABLE TO DETERMINE,0,0,3,3,4,3,12,1998,OGDEN AVE,41.975991,-87.580683,12/19/2023 05:52:00 AM,2023
CR00012126,10/14/2020 02:50:00 PM,25,CLEAR,DAYLIGHT,SIDESWIPE SAME DIRECTION,T-INTERSECTION,NO CONTROLS,UNABLE TO DETERMINE,FAILING TO REDUCE SPEED,0,0,0,0,14,4,10,537,OGDEN AVE,41.758123,-87.83625,10/14/2020 03:55:00 PM,2020
CR00012127,08/22/2018 07:50:00 AM,35,CLEAR,DAYLIGHT,REAR END,NOT DIVIDED,TRAFFIC SIGNAL,WEATHER,DRIVING SKILLS/KNOWLEDGE/EXPERIENCE,0,0,0,0,7,4,8,1395,STATE ST,41.748991,-87.813405,08/22/2018 08:43:00 AM,2018
CR00012128,09/27/2020 07:08:00 AM,45,CLEAR,DAYLIGHT,ANGLE,NOT DIVIDED,STOP SIGN/FLASHER,DISREGARDING TRAFFIC SIGNALS,FAILING TO YIELD RIGHT-OF-WAY,0,0,0,0,7,1,9,793,DIVISION ST,41.83636,-87.606265,09/27/2020 08:53:00 AM,2020
CR00012129,04/26/2021 12:44:00 PM,40,CLEAR,DAYLIGHT,ANGLE,NOT DIVIDED,TRAFFIC SIGNAL,WEATHER,FAILING TO REDUCE SPEED,0,0,1,1,12,2,4,2174,47TH ST,41.700106,-87.624636,04/26/2021 02:10:00 PM,2021
CR00012130,11/27/2020 06:43:00 PM,30,CLEAR,DAYLIGHT,REAR END,DIVIDED - W/MEDIAN (NOT RAISED),NO CONTROLS,DISTRACTION - FROM INSIDE VEHICLE,FAILING TO YIELD RIGHT-OF-WAY,0,0,0,0,18,6,11,274,CICERO AVE,41.78722,-87.567979,11/27/2020 06:55:00 PM,2020
CR00012131,11/04/2023 02:30:00 AM,45,CLEAR,DARKNESS,REAR END,NOT DIVIDED,STOP SIGN/FLASHER,UNABLE TO DETERMINE,WEATHER,0,0,0,0,2,7,11,2041,CALIFORNIA AVE,41.856758,-87.77477,11/04/2023 04:18:00 AM,2023
CR00012132,03/09/2015 11:51:00 AM,25,CLEAR,DAYLIGHT,ANGLE,DIVIDED - W/MEDIAN (NOT RAISED),NO CONTROLS,FAILING TO YIELD RIGHT-OF-WAY,NOT APPLICABLE,0,0,0,0,11,2,3,2234,MILWAUKEE AVE,41.984241,-87.591803,03/09/2015 11:54:00 AM,2015
CR00012133,11/30/2017 09:09:00 AM,30,CLEAR,DAYLIGHT,SIDESWIPE SAME DIRECTION,NOT DIVIDED,NO CONTROLS,IMPROPER LANE USAGE,FAILING TO REDUCE SPEED,0,0,0,0,9,5,11,2232,ROOSEVELT RD,41.807837,-87.729536,11/30/2017 09:31:00 AM,2017
CR00012134,01/10/2019 06:12:00 PM,15,CLOUDY/OVERCAST,DARKNESS - LIGHTED ROAD,REAR END,DIVIDED - W/MEDIAN (NOT RAISED),NO CONTROLS,WEATHER,NOT APPLICABLE,0,1,0,1,18,5,1,2308,DIVISION ST,41.977604,-87.578494,01/10/2019 07:24:00 PM,2019
CR00012135,06/12/2023 10:42:00 AM,30,CLEAR,DAYLIGHT,SIDESWIPE SAME DIRECTION,ONE-WAY,NO CONTROLS,IMPROPER LANE USAGE,WEATHER,0,0,0,0,10,2,6,553,CALIFORNIA AVE,41.858944,-87.770534,06/12/2023 12:37:00 PM,2023
CR00012136,07/04/2024 03:46:00 PM,20,CLEAR,DAYLIGHT,SIDESWIPE SAME DIRECTION,DIVIDED - W/MEDIAN (NOT RAISED),NO CONTROLS,FOLLOWING TOO CLOSELY,UNABLE TO DETERMINE,0,0,3,3,15,5,7,1122,CICERO AVE,41.832177,-87.559918,07/04/2024 03:58:00 PM,2024
CR00012137,05/08/2015 04:10:00 PM,25,RAIN,DAYLIGHT,ANGLE,DIVIDED - W/MEDIAN BARRIER,NO CONTROLS,DRIVING SKILLS/KNOWLEDGE/EXPERIENCE,UNABLE TO DETERMINE,0,0,0,0,16,6,5,1693,DAMEN AVE,41.981343,-87.567129,05/08/2015 05:44:00 PM,2015
CR00012138,08/22/2015 05:01:00 AM,30,CLEAR,DARKNESS - LIGHTED ROAD,REAR END,NOT DIVIDED,NO CONTROLS,FOLLOWING TOO CLOSELY,UNABLE TO DETERMINE,0,0,0,0,5,7,8,2319,MILWAUKEE AVE,41.714817,-87.688149,08/22/2015 05:28:00 AM,2015
CR00012139,04/03/2022 08:40:00 PM,20,CLEAR,DAYLIGHT,ANGLE,DIVIDED - W/MEDIAN BARRIER,TRAFFIC SIGNAL,FAILING TO YIELD RIGHT-OF-WAY,DISTRACTION - FROM INSIDE VEHICLE,0,0,0,0,20,1,4,1151,FULLERTON AVE,41.757495,-87.612038,04/03/2022 09:27:00 PM,2022
CR00012140,08/18/2022 05:26:00 PM,45,CLOUDY/OVERCAST,DAYLIGHT,REAR END,DIVIDED - W/MEDIAN BARRIER,NO CONTROLS,UNABLE TO DETERMINE,NOT APPLICABLE,0,0,0,0,17,5,8,1942,MICHIGAN AVE,41.721934,-87.555404,08/18/2022 05:57:00 PM,2022
CR00012141,10/25/2015 02:51:00 PM,45,CLEAR,DARKNESS,PEDESTRIAN,T-INTERSECTION,TRAFFIC SIGNAL,FOLLOWING TOO CLOSELY,FAILING TO REDUCE SPEED,0,0,0,0,14,1,10,933,LAKE SHORE DR,41.978887,-87.604696,10/25/2015 04:34:00 PM,2015
CR00012142,11/24/2019 09:24:00 PM,35,SNOW,DAYLIGHT,SIDESWIPE SAME DIRECTION,DIVIDED - W/MEDIAN (NOT RAISED),TRAFFIC SIGNAL,UNABLE TO DETERMINE,UNABLE TO DETERMINE,0,0,0,0,21,1,11,1524,ELSTON AVE,41.98297,-87.520175,11/24/2019 10:02:00 PM,2019
CR00012143,02/24/2015 08:43:00 AM,45,CLOUDY/OVERCAST,DAYLIGHT,TURNING,FOUR WAY,NO CONTROLS,UNABLE TO DETERMINE,NOT APPLICABLE,0,0,0,0,8,3,2,2388,DAMEN AVE,41.849219,-87.736308,02/24/2015 09:14:00 AM,2015
CR00012144,11/04/2015 12:47:00 PM,35,CLEAR,DUSK,TURNING,NOT DIVIDED,TRAFFIC SIGNAL,IMPROPER OVERTAKING/PASSING,UNABLE TO DETERMINE,0,0,0,0,12,4,11,1159,DIVISION ST,41.724768,-87.694568,11/04/2015 02:18:00 PM,2015
CR00012145,08/30/2021 08:07:00 AM,25,RAIN,DARKNESS - LIGHTED ROAD,REAR END,DIVIDED - W/MEDIAN BARRIER,STOP SIGN/FLASHER,UNABLE TO DETERMINE,DISREGARDING TRAFFIC SIGNALS,0,0,1,1,8,2,8,1057,CICERO AVE,41.971014,-87.667487,08/30/2021 08:23:00 AM,2021
CR00012146,11/06/2015 02:37:00 AM,35,CLOUDY/OVERCAST,DAYLIGHT,PARKED MOTOR VEHICLE,DIVIDED - W/MEDIAN (NOT RAISED),TRAFFIC SIGNAL,UNABLE TO DETERMINE,UNABLE TO DETERMINE,0,0,1,1,2,6,11,1304,CALIFORNIA AVE,41.782454,-87.637618,11/06/2015 02:56:00 AM,2015
CR00012147,09/14/2019 08:00:00 AM,40,SNOW,DUSK,REAR END,NOT DIVIDED,NO CONTROLS,DISREGARDING TRAFFIC SIGNALS,UNABLE TO DETERMINE,0,1,2,3,8,7,9,1714,MICHIGAN AVE,41.701136,-87.521545,09/14/2019 09:44:00 AM,2019
CR00012148,10/31/2018 02:18:00 PM,35,CLEAR,DARKNESS - LIGHTED ROAD,REAR END,ONE-WAY,TRAFFIC SIGNAL,FAILING TO YIELD RIGHT-OF-WAY,IMPROPER LANE USAGE,0,0,0,0,14,4,10,1836,KEDZIE AVE,41.989774,-87.695061,10/31/2018 04:17:00 PM,2018
CR00012149,07/29/2015 10:24:00 AM,30,CLEAR,DAYLIGHT,REAR END,DIVIDED - W/MEDIAN (NOT RAISED),NO CONTROLS,UNABLE TO DETERMINE,FAILING TO YIELD RIGHT-OF-WAY,0,0,0,0,10,4,7,1584,HALSTED ST,41.842222,-87.699213,07/29/2015 12:22:00 PM,2015
CR00012150,09/01/2023 01:42:00 PM,40,CLEAR,DAYLIGHT,PEDESTRIAN,NOT DIVIDED,NO CONTROLS,FAILING TO YIELD RIGHT-OF-WAY,UNABLE TO DETERMINE,0,0,0,0,13,6,9,1953,PULASKI RD,41.967528,-87.58952,09/01/2023 01:49:00 PM,2023
CR00012151,07/08/2017 07:23:00 AM,35,RAIN,DAYLIGHT,TURNING,T-INTERSECTION,NO CONTROLS,FAILING TO YIELD RIGHT-OF-WAY,FOLLOWING TOO CLOSELY,0,0,0,0,7,7,7,214,MICHIGAN AVE,41.897432,-87.583432,07/08/2017 08:18:00 AM,2017
CR00012152,02/14/2019 11:04:00 AM,45,CLEAR,DAYLIGHT,REAR END,NOT DIVIDED,NO CONTROLS,UNABLE TO DETERMINE,IMPROPER LANE USAGE,0,0,0,0,11,5,2,782,47TH ST,41.903531,-87.666202,02/14/2019 12:19:00 PM,2019
CR00012153,08/19/2018 08:02:00 AM,20,RAIN,DAYLIGHT,REAR END,NOT DIVIDED,NO CONTROLS,DISTRACTION - FROM INSIDE VEHICLE,DRIVING SKILLS/KNOWLEDGE/EXPERIENCE,0,0,1,1,8,1,8,1679,DIVISION ST,41.715114,-87.847626,08/19/2018 09:37:00 AM,2018
CR00012154,01/06/2023 11:18:00 AM,35,CLEAR,DAYLIGHT,REAR END,NOT DIVIDED,TRAFFIC SIGNAL,IMPROPER LANE USAGE,FAILING TO YIELD RIGHT-OF-WAY,0,0,0,0,11,6,1,590,63RD ST,41.977917,-87.56286,01/06/2023 12:59:00 PM,2023
CR00012155,01/25/2019 07:01:00 AM,30,SNOW,DUSK,PARKED MOTOR VEHICLE,ONE-WAY,NO CONTROLS,FAILING TO REDUCE SPEED,DRIVING SKILLS/KNOWLEDGE/EXPERIENCE,0,1,2,3,7,6,1,1291,FULLERTON AVE,41.76605,-87.721334,01/25/2019 07:27:00 AM,2019
CR00012156,12/27/2016 09:15:00 AM,40,CLEAR,DAYLIGHT,TURNING,NOT DIVIDED,TRAFFIC SIGNAL,FAILING TO YIELD RIGHT-OF-WAY,FOLLOWING TOO CLOSELY,0,0,0,0,9,3,12,1435,HALSTED ST,41.782362,-87.531662,12/27/2016 09:16:00 AM,2016
CR00012157,04/15/2020 06:18:00 PM,25,RAIN,DARKNESS,ANGLE,FOUR WAY,NO CONTROLS,UNABLE TO DETERMINE,UNABLE TO DETERMINE,0,0,1,1,18,4,4,353,STATE ST,41.763334,-87.807183,04/15/2020 07:05:00 PM,2020
CR00012158,03/20/2021 01:55:00 AM,15,CLEAR,DARKNESS - LIGHTED ROAD,ANGLE,NOT DIVIDED,NO CONTROLS,DRIVING SKILLS/KNOWLEDGE/EXPERIENCE,NOT APPLICABLE,0,0,0,0,1,7,3,2112,ARCHER AVE,41.787738,-87.554848,03/20/2021 02:51:00 AM,2021
CR00012159,03/23/2018 04:14:00 AM,15,CLEAR,DAYLIGHT,ANGLE,DIVIDED - W/MEDIAN (NOT RAISED),STOP SIGN/FLASHER,UNABLE TO DETERMINE,DRIVING SKILLS/KNOWLEDGE/EXPERIENCE,0,0,0,0,4,6,3,296,DIVISION ST,41.938692,-87.517591,03/23/2018 05:02:00 AM,2018
CR00012160,07/22/2022 03:52:00 AM,45,CLEAR,DAYLIGHT,REAR END,FOUR WAY,NO CONTROLS,DISREGARDING TRAFFIC SIGNALS,WEATHER,0,0,0,0,3,6,7,2080,79TH ST,41.851319,-87.534898,07/22/2022 05:29:00 AM,2022
CR00012161,09/12/2022 10:04:00 PM,35,CLEAR,DAYLIGHT,SIDESWIPE SAME DIRECTION,NOT DIVIDED,TRAFFIC SIGNAL,FAILING TO REDUCE SPEED,NOT APPLICABLE,0,0,0,0,22,2,9,2506,STONY ISLAND AVE,41.704422,-87.511913,09/12/2022 10:15:00 PM,2022
CR00012162,06/29/2022 05:27:00 PM,20,CLEAR,DARKNESS - LIGHTED ROAD,SIDESWIPE SAME DIRECTION,DIVIDED - W/MEDIAN (NOT RAISED),TRAFFIC SIGNAL,FOLLOWING TOO CLOSELY,NOT APPLICABLE,0,0,0,0,17,4,6,334,79TH ST,41.956989,-87.697499,06/29/2022 05:50:00 PM,2022
CR00012163,07/27/2018 03:35:00 PM,20,CLOUDY/OVERCAST,DAYLIGHT,PARKED MOTOR VEHICLE,ONE-WAY,UNKNOWN,DISTRACTION - FROM INSIDE VEHICLE,DISTRACTION - FROM INSIDE VEHICLE,0,0,0,0,15,6,7,1069,STATE ST,41.730576,-87.679466,07/27/2018 03:41:00 PM,2018
CR00012164,03/22/2022 07:04:00 PM,35,CLEAR,DAYLIGHT,SIDESWIPE SAME DIRECTION,DIVIDED - W/MEDIAN (NOT RAISED),STOP SIGN/FLASHER,UNABLE TO DETERMINE,WEATHER,0,0,0,0,19,3,3,423,WESTERN AVE,41.845446,-87.790185,03/22/2022 08:49:00 PM,2022
CR00012165,09/14/2021 02:07:00 PM,15,CLEAR,DARKNESS - LIGHTED ROAD,TURNING,DIVIDED - W/MEDIAN (NOT RAISED),STOP SIGN/FLASHER,FOLLOWING TOO CLOSELY,FOLLOWING TOO CLOSELY,0,0,1,1,14,3,9,2370,CICERO AVE,41.904742,-87.53101,09/14/2021 03:29:00 PM,2021
CR00012166,07/06/2023 12:53:00 AM,20,CLEAR,DARKNESS,REAR TO FRONT,DIVIDED - W/MEDIAN (NOT RAISED),PEDESTRIAN CROSSING SIGN,FAILING TO YIELD RIGHT-OF-WAY,UNABLE TO DETERMINE,0,0,0,0,0,5,7,2516,CALIFORNIA AVE,41.759444,-87.82085,07/06/2023 01:15:00 AM,2023
CR00012167,10/17/2021 05:52:00 PM,45,RAIN,DAYLIGHT,REAR END,NOT DIVIDED,TRAFFIC SIGNAL,FOLLOWING TOO CLOSELY,UNABLE TO DETERMINE,0,0,0,0,17,1,10,2099,CALIFORNIA AVE,41.807683,-87.723312,10/17/2021 06:15:00 PM,2021
CR00012168,09/24/2023 11:35:00 PM,30,RAIN,DAYLIGHT,PARKED MOTOR VEHICLE,FOUR WAY,NO CONTROLS,UNABLE TO DETERMINE,WEATHER,0,0,1,1,23,1,9,1133,ROOSEVELT RD,41.907148,-87.536693,09/25/2023 01:02:00 AM,2023
CR00012169,11/20/2023 10:01:00 PM,30,SNOW,DARKNESS - LIGHTED ROAD,REAR END,FOUR WAY,NO CONTROLS,UNABLE TO DETERMINE,UNABLE TO DETERMINE,0,1,1,2,22,2,11,1099,OGDEN AVE,41.772083,-87.527664,11/20/2023 11:18:00 PM,2023
CR00012170,04/02/2015 08:31:00 PM,45,CLEAR,DAYLIGHT,REAR END,ONE-WAY,NO CONTROLS,UNABLE TO DETERMINE,FAILING TO YIELD RIGHT-OF-WAY,0,0,0,0,20,5,4,615,ASHLAND AVE,41.814346,-87.719364,04/02/2015 09:46:00 PM,2015
CR00012171,09/26/2015 07:53:00 AM,30,CLEAR,DAYLIGHT,PEDESTRIAN,DIVIDED - W/MEDIAN BARRIER,NO CONTROLS,IMPROPER LANE USAGE,FAILING TO REDUCE SPEED,0,0,0,0,7,7,9,2340,KEDZIE AVE,41.73222,-87.715375,09/26/2015 08:43:00 AM,2015
CR00012172,02/07/2022 08:36:00 AM,20,CLEAR,DARKNESS - LIGHTED ROAD,ANGLE,ONE-WAY,NO CONTROLS,FOLLOWING TOO CLOSELY,FAILING TO YIELD RIGHT-OF-WAY,0,0,0,0,8,2,2,816,CLARK ST,41.973887,-87.770515,02/07/2022 09:50:00 AM,2022
CR00012173,08/13/2016 10:00:00 AM,35,CLEAR,DARKNESS - LIGHTED ROAD,REAR END,NOT DIVIDED,UNKNOWN,IMPROPER OVERTAKING/PASSING,UNABLE TO DETERMINE,0,0,0,0,10,7,8,1646,MICHIGAN AVE,41.861316,-87.72904,08/13/2016 10:33:00 AM,2016
CR00012174,10/14/2015 09:04:00 AM,30,CLEAR,DARKNESS - LIGHTED ROAD,ANGLE,DIVIDED - W/MEDIAN (NOT RAISED),STOP SIGN/FLASHER,IMPROPER OVERTAKING/PASSING,FOLLOWING TOO CLOSELY,0,0,0,0,9,4,10,1284,DAMEN AVE,41.968415,-87.742256,10/14/2015 10:20:00 AM,2015
CR00012175,02/13/2021 07:30:00 AM,30,CLEAR,DAYLIGHT,TURNING,FOUR WAY,STOP SIGN/FLASHER,UNABLE TO DETERMINE,NOT APPLICABLE,0,0,0,0,7,7,2,1255,STATE ST,41.731467,-87.501419,02/13/2021 09:07:00 AM,2021
CR00012176,12/10/2020 05:55:00 PM,30,CLEAR,DAYLIGHT,REAR TO FRONT,ONE-WAY,STOP SIGN/FLASHER,FOLLOWING TOO CLOSELY,FOLLOWING TOO CLOSELY,0,0,3,3,17,5,12,1263,WESTERN AVE,41.727253,-87.694183,12/10/2020 06:42:00 PM,2020
CR00012177,02/26/2016 01:29:00 PM,25,CLEAR,DARKNESS - LIGHTED ROAD,REAR END,NOT DIVIDED,TRAFFIC SIGNAL,UNABLE TO DETERMINE,IMPROPER OVERTAKING/PASSING,0,0,0,0,13,6,2,1394,DIVISION ST,41.74059,-87.587243,02/26/2016 02:43:00 PM,2016
CR00012178,09/16/2016 09:50:00 AM,35,CLEAR,DAYLIGHT,SIDESWIPE SAME DIRECTION,ONE-WAY,TRAFFIC SIGNAL,FOLLOWING TOO CLOSELY,UNABLE TO DETERMINE,0,0,0,0,9,6,9,1106,ASHLAND AVE,41.969167,-87.666859,09/16/2016 11:03:00 AM,2016
CR00012179,02/14/2016 08:16:00 PM,15,CLEAR,DAYLIGHT,PARKED MOTOR VEHICLE,NOT DIVIDED,TRAFFIC SIGNAL,UNABLE TO DETERMINE,UNABLE TO DETERMINE,0,0,0,0,20,1,2,2325,ELSTON AVE,41.760753,-87.757726,02/14/2016 09:02:00 PM,2016
CR00012180,03/06/2021 12:57:00 PM,25,CLEAR,DARKNESS - LIGHTED ROAD,SIDESWIPE SAME DIRECTION,NOT DIVIDED,TRAFFIC SIGNAL,UNABLE TO DETERMINE,FAILING TO YIELD RIGHT-OF-WAY,0,0,0,0,12,7,3,229,CLARK ST,41.802077,-87.765324,03/06/2021 01:13:00 PM,2021
CR00012181,07/12/2018 01:01:00 AM,25,CLEAR,DUSK,REAR END,DIVIDED - W/MEDIAN (NOT RAISED),STOP SIGN/FLASHER,DISTRACTION - FROM INSIDE VEHICLE,IMPROPER OVERTAKING/PASSING,0,0,3,3,1,5,7,1197,MICHIGAN AVE,41.747191,-87.638609,07/12/2018 01:53:00 AM,2018
CR00012182,09/28/2015 06:40:00 PM,30,CLEAR,DAYLIGHT,FIXED OBJECT,DIVIDED - W/MEDIAN BARRIER,TRAFFIC SIGNAL,UNABLE TO DETERMINE,UNABLE TO DETERMINE,0,0,0,0,18,2,9,2402,ELSTON AVE,41.873858,-87.537321,09/28/2015 06:45:00 PM,2015
CR00012183,03/27/2022 08:24:00 PM,35,CLEAR,DAYLIGHT,TURNING,FOUR WAY,TRAFFIC SIGNAL,DRIVING SKILLS/KNOWLEDGE/EXPERIENCE,DRIVING SKILLS/KNOWLEDGE/EXPERIENCE,0,0,0,0,20,1,3,286,LAKE SHORE DR,41.796335,-87.787877,03/27/2022 10:19:00 PM,2022
CR00012184,12/04/2016 04:10:00 PM,45,CLEAR,DARKNESS - LIGHTED ROAD,REAR END,NOT DIVIDED,NO CONTROLS,UNABLE TO DETERMINE,FOLLOWING TOO CLOSELY,0,0,0,0,16,1,12,2175,CALIFORNIA AVE,41.758992,-87.564305,12/04/2016 05:23:00 PM,2016
CR00012185,10/26/2015 12:50:00 PM,15,CLEAR,DAYLIGHT,PEDESTRIAN,NOT DIVIDED,UNKNOWN,FAILING TO YIELD RIGHT-OF-WAY,NOT APPLICABLE,0,0,3,3,12,2,10,1754,LAKE SHORE DR,41.89893,-87.60401,10/26/2015 02:16:00 PM,2015
CR00012186,06/24/2017 10:47:00 PM,20,RAIN,DAYLIGHT,ANGLE,NOT DIVIDED,STOP SIGN/FLASHER,FAILING TO REDUCE SPEED,DISREGARDING TRAFFIC SIGNALS,0,0,1,1,22,7,6,2243,KEDZIE AVE,41.730156,-87.573632,06/25/2017 12:11:00 AM,2017
CR00012187,08/31/2021 05:40:00 PM,35,CLOUDY/OVERCAST,DAYLIGHT,REAR END,NOT DIVIDED,NO CONTROLS,IMPROPER OVERTAKING/PASSING,UNABLE TO DETERMINE,0,0,0,0,17,3,8,1562,CALIFORNIA AVE,41.704914,-87.744727,08/31/2021 07:26:00 PM,2021
CR00012188,02/07/2015 01:59:00 PM,30,RAIN,DARKNESS - LIGHTED ROAD,SIDESWIPE SAME DIRECTION,FOUR WAY,NO CONTROLS,FOLLOWING TOO CLOSELY,FAILING TO YIELD RIGHT-OF-WAY,0,0,0,0,13,7,2,2297,LAKE SHORE DR,41.715018,-87.735415,02/07/2015 02:51:00 PM,2015
CR00012189,05/29/2019 11:17:00 AM,35,FOG/SMOKE/HAZE,DAYLIGHT,SIDESWIPE SAME DIRECTION,FOUR WAY,STOP SIGN/FLASHER,UNABLE TO DETERMINE,UNABLE TO DETERMINE,0,0,0,0,11,4,5,1475,ASHLAND AVE,41.771033,-87.574148,05/29/2019 11:21:00 AM,2019