CRASH_RECORD_ID,CRASH_DATE,POSTED_SPEED_LIMIT,WEATHER_CONDITION,LIGHTING_CONDITION,FIRST_CRASH_TYPE,TRAFFICWAY_TYPE,TRAFFIC_CONTROL_DEVICE,PRIM_CONTRIBUTORY_CAUSE,SEC_CONTRIBUTORY_CAUSE,INJURIES_FATAL,INJURIES_INCAPACITATING,INJURIES_NON_INCAPACITATING,INJURIES_TOTAL,CRASH_HOUR,CRASH_DAY_OF_WEEK,CRASH_MONTH,BEAT_OF_OCCURRENCE,STREET_NAME,LATITUDE,LONGITUDE,DATE_POLICE_NOTIFIED,year
CR00012190,11/23/2019 06:27:00 AM,15,CLEAR,DAYLIGHT,SIDESWIPE SAME DIRECTION,NOT DIVIDED,STOP SIGN/FLASHER,FOLLOWING TOO CLOSELY,IMPROPER LANE USAGE,0,0,0,0,6,7,11,1446,WESTERN AVE,41.988894,-87.7036,11/23/2019 08:05:00 AM,2019
CR00012191,09/26/2022 07:03:00 PM,30,CLEAR,DAYLIGHT,PARKED MOTOR VEHICLE,DIVIDED - W/MEDIAN (NOT RAISED),NO CONTROLS,IMPROPER OVERTAKING/PASSING,FOLLOWING TOO CLOSELY,0,0,0,0,19,2,9,1186,PULASKI RD,41.768064,-87.676595,09/26/2022 08:09:00 PM,2022
CR00012192,10/25/2024 05:12:00 PM,30,CLEAR,DARKNESS - LIGHTED ROAD,FIXED OBJECT,ONE-WAY,TRAFFIC SIGNAL,FOLLOWING TOO CLOSELY,NOT APPLICABLE,0,0,0,0,17,6,10,2201,PULASKI RD,41.978365,-87.773317,10/25/2024 06:34:00 PM,2024
CR00012193,11/14/2018 09:21:00 AM,30,SNOW,DARKNESS - LIGHTED ROAD,REAR END,FOUR WAY,NO CONTROLS,DRIVING SKILLS/KNOWLEDGE/EXPERIENCE,UNABLE TO DETERMINE,0,0,0,0,9,4,11,1550,MICHIGAN AVE,41.893558,-87.524937,11/14/2018 10:17:00 AM,2018
CR00012194,04/09/2016 03:58:00 AM,15,CLEAR,DARKNESS - LIGHTED ROAD,ANGLE,NOT DIVIDED,PEDESTRIAN CROSSING SIGN,DISREGARDING TRAFFIC SIGNALS,NOT APPLICABLE,0,0,0,0,3,7,4,1697,79TH ST,41.934278,-87.820027,04/09/2016 05:30:00 AM,2016
CR00012195,11/28/2018 09:39:00 AM,20,CLEAR,DAYLIGHT,ANGLE,ONE-WAY,NO CONTROLS,UNABLE TO DETERMINE,DISREGARDING TRAFFIC SIGNALS,0,0,0,0,9,4,11,2396,CLARK ST,41.954886,-87.679765,11/28/2018 11:01:00 AM,2018
CR00012196,12/18/2018 07:37:00 PM,15,CLEAR,DAYLIGHT,REAR END,NOT DIVIDED,NO CONTROLS,DRIVING SKILLS/KNOWLEDGE/EXPERIENCE,IMPROPER OVERTAKING/PASSING,0,0,2,2,19,3,12,472,ELSTON AVE,41.76441,-87.776947,12/18/2018 07:39:00 PM,2018
CR00012197,08/01/2020 05:40:00 PM,35,CLEAR,DAYLIGHT,REAR END,NOT DIVIDED,NO CONTROLS,DRIVING SKILLS/KNOWLEDGE/EXPERIENCE,UNABLE TO DETERMINE,0,0,0,0,17,7,8,1103,DAMEN AVE,41.711619,-87.606457,08/01/2020 06:34:00 PM,2020
CR00012198,10/29/2023 02:40:00 PM,30,CLEAR,DAYLIGHT,ANGLE,NOT DIVIDED,NO CONTROLS,FAILING TO REDUCE SPEED,NOT APPLICABLE,0,0,3,3,14,1,10,369,BROADWAY,41.719563,-87.721338,10/29/2023 03:59:00 PM,2023
CR00012199,03/01/2015 08:18:00 PM,35,RAIN,DAYLIGHT,TURNING,ONE-WAY,UNKNOWN,UNABLE TO DETERMINE,DRIVING SKILLS/KNOWLEDGE/EXPERIENCE,0,0,0,0,20,1,3,1658,LAKE SHORE DR,41.94173,-87.719197,03/01/2015 08:41:00 PM,2015
CR00012200,03/01/2024 07:38:00 PM,20,CLEAR,DAYLIGHT,SIDESWIPE SAME DIRECTION,NOT DIVIDED,TRAFFIC SIGNAL,IMPROPER LANE USAGE,FOLLOWING TOO CLOSELY,0,1,2,3,19,6,3,1649,MICHIGAN AVE,41.857672,-87.536293,03/01/2024 07:44:00 PM,2024
CR00012201,02/22/2016 10:39:00 PM,35,CLEAR,DAYLIGHT,REAR END,DIVIDED - W/MEDIAN (NOT RAISED),TRAFFIC SIGNAL,UNABLE TO DETERMINE,UNABLE TO DETERMINE,0,1,0,1,22,2,2,1284,IRVING PARK RD,41.836555,-87.673091,02/23/2016 12:29:00 AM,2016
CR00012202,02/20/2022 03:21:00 PM,20,CLOUDY/OVERCAST,DAYLIGHT,ANGLE,NOT DIVIDED,NO CONTROLS,UNABLE TO DETERMINE,WEATHER,0,0,0,0,15,1,2,500,MICHIGAN AVE,41.767785,-87.801702,02/20/2022 04:14:00 PM,2022
CR00012203,08/09/2015 07:45:00 AM,25,CLEAR,DAYLIGHT,REAR END,NOT DIVIDED,TRAFFIC SIGNAL,FOLLOWING TOO CLOSELY,UNABLE TO DETERMINE,0,0,0,0,7,1,8,1362,FULLERTON AVE,41.719791,-87.516957,08/09/2015 07:46:00 AM,2015
CR00012204,06/20/2016 09:50:00 AM,35,RAIN,DAYLIGHT,REAR END,FOUR WAY,NO CONTROLS,UNABLE TO DETERMINE,FAILING TO YIELD RIGHT-OF-WAY,0,0,2,2,9,2,6,2453,DAMEN AVE,41.839839,-87.744211,06/20/2016 11:08:00 AM,2016
CR00012205,06/27/2015 11:02:00 AM,30,CLOUDY/OVERCAST,DARKNESS - LIGHTED ROAD,SIDESWIPE SAME DIRECTION,NOT DIVIDED,TRAFFIC SIGNAL,UNABLE TO DETERMINE,IMPROPER LANE USAGE,0,0,0,0,11,7,6,2064,STONY ISLAND AVE,41.904717,-87.516321,06/27/2015 11:50:00 AM,2015
CR00012206,06/08/2018 04:53:00 PM,30,CLEAR,DARKNESS,FIXED OBJECT,DIVIDED - W/MEDIAN (NOT RAISED),NO CONTROLS,IMPROPER OVERTAKING/PASSING,DRIVING SKILLS/KNOWLEDGE/EXPERIENCE,0,0,0,0,16,6,6,1524,MILWAUKEE AVE,41.882214,-87.764856,06/08/2018 06:36:00 PM,2018
CR00012207,12/27/2022 04:06:00 PM,35,CLEAR,DAYLIGHT,ANGLE,DIVIDED - W/MEDIAN BARRIER,TRAFFIC SIGNAL,FAILING TO YIELD RIGHT-OF-WAY,NOT APPLICABLE,0,0,0,0,16,3,12,271,47TH ST,41.88665,-87.750732,12/27/2022 05:58:00 PM,2022
CR00012208,03/17/2015 03:06:00 AM,45,CLEAR,DARKNESS - LIGHTED ROAD,FIXED OBJECT,NOT DIVIDED,TRAFFIC SIGNAL,FAILING TO YIELD RIGHT-OF-WAY,DISTRACTION - FROM INSIDE VEHICLE,0,0,1,1,3,3,3,1359,79TH ST,41.990487,-87.643292,03/17/2015 04:09:00 AM,2015
CR00012209,01/09/2019 07:59:00 AM,15,CLEAR,DAYLIGHT,PARKED MOTOR VEHICLE,DIVIDED - W/MEDIAN BARRIER,UNKNOWN,DRIVING SKILLS/KNOWLEDGE/EXPERIENCE,FAILING TO REDUCE SPEED,0,0,0,0,7,4,1,2330,OGDEN AVE,41.841733,-87.786235,01/09/2019 08:36:00 AM,2019
CR00012210,11/07/2020 10:11:00 AM,35,CLEAR,DAYLIGHT,ANGLE,FOUR WAY,NO CONTROLS,DRIVING SKILLS/KNOWLEDGE/EXPERIENCE,UNABLE TO DETERMINE,0,0,0,0,10,7,11,1188,WESTERN AVE,41.94643,-87.7077,11/07/2020 10:20:00 AM,2020
CR00012211,09/22/2023 01:09:00 PM,30,RAIN,DAYLIGHT,TURNING,NOT DIVIDED,NO CONTROLS,DISTRACTION - FROM INSIDE VEHICLE,IMPROPER OVERTAKING/PASSING,0,1,1,2,13,6,9,1242,CALIFORNIA AVE,41.72397,-87.764539,09/22/2023 01:12:00 PM,2023
CR00012212,01/08/2020 05:19:00 PM,30,CLEAR,DARKNESS - LIGHTED ROAD,ANGLE,NOT DIVIDED,NO CONTROLS,FAILING TO YIELD RIGHT-OF-WAY,DISTRACTION - FROM INSIDE VEHICLE,0,0,1,1,17,4,1,986,FULLERTON AVE,41.820934,-87.537886,01/08/2020 05:43:00 PM,2020
CR00012213,10/30/2019 08:23:00 AM,40,CLEAR,DARKNESS - LIGHTED ROAD,REAR TO FRONT,DIVIDED - W/MEDIAN (NOT RAISED),TRAFFIC SIGNAL,FOLLOWING TOO CLOSELY,DISREGARDING TRAFFIC SIGNALS,0,0,0,0,8,4,10,1742,KEDZIE AVE,41.947106,-87.733905,10/30/2019 08:52:00 AM,2019
CR00012214,11/13/2018 09:23:00 AM,20,CLEAR,DAYLIGHT,ANGLE,NOT DIVIDED,TRAFFIC SIGNAL,UNABLE TO DETERMINE,DISREGARDING TRAFFIC SIGNALS,0,0,0,0,9,3,11,2337,HALSTED ST,41.85036,-87.726054,11/13/2018 10:39:00 AM,2018
CR00012215,06/01/2015 01:42:00 PM,25,CLEAR,DAYLIGHT,TURNING,ONE-WAY,UNKNOWN,UNABLE TO DETERMINE,FOLLOWING TOO CLOSELY,0,0,1,1,13,2,6,1664,MICHIGAN AVE,41.953711,-87.831714,06/01/2015 02:40:00 PM,2015
CR00012216,11/21/2017 09:40:00 AM,20,CLEAR,DAWN,REAR END,DIVIDED - W/MEDIAN (NOT RAISED),NO CONTROLS,FOLLOWING TOO CLOSELY,NOT APPLICABLE,0,0,0,0,9,3,11,1675,MILWAUKEE AVE,41.892805,-87.685127,11/21/2017 10:17:00 AM,2017
CR00012217,12/02/2017 06:36:00 PM,30,CLEAR,DARKNESS - LIGHTED ROAD,REAR END,NOT DIVIDED,TRAFFIC SIGNAL,FAILING TO REDUCE SPEED,FAILING TO YIELD RIGHT-OF-WAY,0,0,0,0,18,7,12,486,ASHLAND AVE,41.761241,-87.513968,12/02/2017 08:10:00 PM,2017
CR00012218,07/27/2016 07:15:00 AM,20,CLEAR,DAYLIGHT,PEDESTRIAN,NOT DIVIDED,NO CONTROLS,DRIVING SKILLS/KNOWLEDGE/EXPERIENCE,DISTRACTION - FROM INSIDE VEHICLE,0,0,0,0,7,4,7,1788,WESTERN AVE,41.802331,-87.571071,07/27/2016 08:56:00 AM,2016
CR00012219,01/15/2022 10:08:00 AM,30,CLEAR,DUSK,TURNING,FOUR WAY,NO CONTROLS,IMPROPER OVERTAKING/PASSING,FOLLOWING TOO CLOSELY,0,0,0,0,10,7,1,2348,STATE ST,41.998237,-87.792968,01/15/2022 10:53:00 AM,2022
CR00012220,09/19/2015 07:31:00 AM,40,CLOUDY/OVERCAST,DARKNESS,TURNING,NOT DIVIDED,TRAFFIC SIGNAL,DISTRACTION - FROM INSIDE VEHICLE,DISTRACTION - FROM INSIDE VEHICLE,0,0,1,1,7,7,9,1270,IRVING PARK RD,41.947511,-87.753247,09/19/2015 08:40:00 AM,2015
CR00012221,12/03/2021 07:09:00 PM,40,CLOUDY/OVERCAST,DAYLIGHT,REAR TO FRONT,DIVIDED - W/MEDIAN (NOT RAISED),STOP SIGN/FLASHER,IMPROPER OVERTAKING/PASSING,UNABLE TO DETERMINE,0,0,0,0,19,6,12,2517,CALIFORNIA AVE,41.910697,-87.803824,12/03/2021 09:00:00 PM,2021
CR00012222,05/18/2020 07:03:00 AM,35,SNOW,DARKNESS,REAR TO FRONT,DIVIDED - W/MEDIAN BARRIER,STOP SIGN/FLASHER,UNABLE TO DETERMINE,FAILING TO REDUCE SPEED,0,0,0,0,7,2,5,2293,47TH ST,41.707236,-87.758684,05/18/2020 09:00:00 AM,2020
CR00012223,04/05/2016 08:27:00 PM,35,CLEAR,DARKNESS - LIGHTED ROAD,PARKED MOTOR VEHICLE,NOT DIVIDED,NO CONTROLS,FAILING TO YIELD RIGHT-OF-WAY,FAILING TO REDUCE SPEED,0,0,0,0,20,3,4,1452,ASHLAND AVE,41.86222,-87.71506,04/05/2016 09:22:00 PM,2016
CR00012224,04/02/2017 06:07:00 PM,15,CLEAR,DAYLIGHT,PEDESTRIAN,FOUR WAY,NO CONTROLS,FOLLOWING TOO CLOSELY,DISREGARDING TRAFFIC SIGNALS,0,0,0,0,18,1,4,2150,DIVISION ST,41.772297,-87.529529,04/02/2017 06:57:00 PM,2017
CR00012225,02/01/2018 03:12:00 PM,45,FREEZING RAIN/DRIZZLE,DAYLIGHT,FIXED OBJECT,NOT DIVIDED,STOP SIGN/FLASHER,IMPROPER OVERTAKING/PASSING,WEATHER,0,0,0,0,15,5,2,538,IRVING PARK RD,41.94543,-87.777523,02/01/2018 05:07:00 PM,2018
CR00012226,03/02/2023 12:36:00 PM,35,CLEAR,DAYLIGHT,PARKED MOTOR VEHICLE,DIVIDED - W/MEDIAN (NOT RAISED),STOP SIGN/FLASHER,IMPROPER LANE USAGE,WEATHER,0,0,1,1,12,5,3,1280,CLARK ST,41.833138,-87.819385,03/02/2023 01:41:00 PM,2023
CR00012227,01/24/2019 01:58:00 PM,30,CLEAR,DAYLIGHT,REAR END,ONE-WAY,STOP SIGN/FLASHER,IMPROPER OVERTAKING/PASSING,NOT APPLICABLE,0,0,0,0,13,5,1,583,STONY ISLAND AVE,41.821929,-87.78629,01/24/2019 02:51:00 PM,2019
CR00012228,08/24/2018 10:11:00 AM,30,CLOUDY/OVERCAST,DAYLIGHT,PARKED MOTOR VEHICLE,ONE-WAY,TRAFFIC SIGNAL,FAILING TO YIELD RIGHT-OF-WAY,DRIVING SKILLS/KNOWLEDGE/EXPERIENCE,0,0,2,2,10,6,8,1216,FULLERTON AVE,41.877394,-87.710574,08/24/2018 11:23:00 AM,2018
CR00012229,09/27/2015 04:21:00 PM,35,CLEAR,DAYLIGHT,FIXED OBJECT,NOT DIVIDED,TRAFFIC SIGNAL,UNABLE TO DETERMINE,FAILING TO YIELD RIGHT-OF-WAY,0,0,1,1,16,1,9,1411,MILWAUKEE AVE,41.914081,-87.768298,09/27/2015 05:20:00 PM,2015
CR00012230,09/23/2023 04:11:00 PM,35,CLEAR,DAYLIGHT,FIXED OBJECT,NOT DIVIDED,STOP SIGN/FLASHER,WEATHER,FOLLOWING TOO CLOSELY,0,0,0,0,16,7,9,1027,ELSTON AVE,41.742523,-87.593247,09/23/2023 06:10:00 PM,2023
CR00012231,03/16/2021 02:18:00 AM,25,CLEAR,DAYLIGHT,REAR END,DIVIDED - W/MEDIAN BARRIER,NO CONTROLS,FAILING TO REDUCE SPEED,UNABLE TO DETERMINE,0,0,0,0,2,3,3,2050,DIVISION ST,41.819426,-87.825532,03/16/2021 03:19:00 AM,2021
CR00012232,03/22/2017 03:38:00 AM,45,RAIN,DARKNESS - LIGHTED ROAD,REAR END,DIVIDED - W/MEDIAN (NOT RAISED),STOP SIGN/FLASHER,IMPROPER LANE USAGE,UNABLE TO DETERMINE,0,0,0,0,3,4,3,283,STATE ST,41.771419,-87.597558,03/22/2017 03:58:00 AM,2017
CR00012233,10/18/2016 11:03:00 PM,45,SNOW,DUSK,SIDESWIPE SAME DIRECTION,NOT DIVIDED,TRAFFIC SIGNAL,FOLLOWING TOO CLOSELY,FAILING TO REDUCE SPEED,0,0,0,0,23,3,10,2284,LAKE SHORE DR,41.756466,-87.631828,10/19/2016 12:39:00 AM,2016
CR00012234,08/15/2015 05:04:00 PM,30,CLEAR,DAYLIGHT,REAR TO FRONT,DIVIDED - W/MEDIAN (NOT RAISED),NO CONTROLS,IMPROPER OVERTAKING/PASSING,UNABLE TO DETERMINE,0,0,0,0,17,7,8,1791,IRVING PARK RD,41.783243,-87.658966,08/15/2015 05:57:00 PM,2015
CR00012235,04/18/2019 08:52:00 AM,35,CLOUDY/OVERCAST,DAYLIGHT,ANGLE,FOUR WAY,NO CONTROLS,WEATHER,NOT APPLICABLE,0,0,0,0,8,5,4,2177,79TH ST,41.809345,-87.712491,04/18/2019 09:41:00 AM,2019
CR00012236,04/03/2015 07:35:00 AM,30,CLEAR,DAYLIGHT,TURNING,DIVIDED - W/MEDIAN BARRIER,STOP SIGN/FLASHER,FAILING TO REDUCE SPEED,FAILING TO YIELD RIGHT-OF-WAY,0,0,0,0,7,6,4,1024,ELSTON AVE,41.899317,-87.548259,04/03/2015 08:50:00 AM,2015
CR00012237,12/10/2016 04:07:00 PM,25,CLEAR,DARKNESS,REAR END,ONE-WAY,TRAFFIC SIGNAL,FAILING TO REDUCE SPEED,DISREGARDING TRAFFIC SIGNALS,0,0,0,0,16,7,12,1224,WESTERN AVE,41.803644,-87.797145,12/10/2016 04:24:00 PM,2016
CR00012238,03/01/2018 12:09:00 PM,25,CLEAR,DAWN,TURNING,NOT DIVIDED,NO CONTROLS,UNABLE TO DETERMINE,UNABLE TO DETERMINE,0,0,0,0,12,5,3,955,STATE ST,41.927264,-87.572626,03/01/2018 12:25:00 PM,2018
CR00012239,03/20/2015 06:24:00 PM,30,CLEAR,DARKNESS - LIGHTED ROAD,ANGLE,DIVIDED - W/MEDIAN BARRIER,NO CONTROLS,FOLLOWING TOO CLOSELY,IMPROPER OVERTAKING/PASSING,0,0,0,0,18,6,3,542,STONY ISLAND AVE,41.873122,-87.614809,03/20/2015 07:48:00 PM,2015
CR00012240,10/07/2023 04:38:00 PM,20,CLOUDY/OVERCAST,DARKNESS - LIGHTED ROAD,PARKED MOTOR VEHICLE,NOT DIVIDED,TRAFFIC SIGNAL,DRIVING SKILLS/KNOWLEDGE/EXPERIENCE,IMPROPER OVERTAKING/PASSING,0,0,0,0,16,7,10,1751,STATE ST,41.774586,-87.747266,10/07/2023 05:22:00 PM,2023
CR00012241,11/07/2016 09:37:00 AM,35,RAIN,DARKNESS - LIGHTED ROAD,SIDESWIPE SAME DIRECTION,NOT DIVIDED,NO CONTROLS,IMPROPER OVERTAKING/PASSING,IMPROPER LANE USAGE,0,0,0,0,9,2,11,206,MILWAUKEE AVE,41.979709,-87.836849,11/07/2016 10:42:00 AM,2016
CR00012242,07/04/2019 02:34:00 PM,25,CLEAR,DARKNESS - LIGHTED ROAD,REAR END,DIVIDED - W/MEDIAN (NOT RAISED),TRAFFIC SIGNAL,UNABLE TO DETERMINE,FAILING TO REDUCE SPEED,0,0,0,0,14,5,7,1533,BROADWAY,41.886069,-87.782743,07/04/2019 03:36:00 PM,2019
CR00012243,09/14/2017 06:41:00 PM,15,CLEAR,DAYLIGHT,SIDESWIPE SAME DIRECTION,DIVIDED - W/MEDIAN (NOT RAISED),NO CONTROLS,FAILING TO REDUCE SPEED,NOT APPLICABLE,0,0,0,0,18,5,9,1622,STONY ISLAND AVE,41.756143,-87.753691,09/14/2017 07:25:00 PM,2017
CR00012244,03/23/2016 09:26:00 PM,15,CLEAR,DAYLIGHT,ANGLE,NOT DIVIDED,TRAFFIC SIGNAL,DRIVING SKILLS/KNOWLEDGE/EXPERIENCE,NOT APPLICABLE,0,2,3,5,21,4,3,2210,BROADWAY,41.984791,-87.501491,03/23/2016 09:42:00 PM,2016
CR00012245,04/25/2015 08:17:00 AM,30,CLEAR,DAYLIGHT,ANGLE,NOT DIVIDED,TRAFFIC SIGNAL,UNABLE TO DETERMINE,FOLLOWING TOO CLOSELY,0,0,0,0,8,7,4,748,WESTERN AVE,41.821619,-87.666772,04/25/2015 09:40:00 AM,2015
CR00012246,05/30/2021 10:32:00 AM,45,CLEAR,DARKNESS - LIGHTED ROAD,REAR END,DIVIDED - W/MEDIAN (NOT RAISED),TRAFFIC SIGNAL,IMPROPER LANE USAGE,UNABLE TO DETERMINE,0,0,1,1,10,1,5,2307,ELSTON AVE,41.934589,-87.667249,05/30/2021 11:30:00 AM,2021
CR00012247,11/11/2021 11:19:00 AM,30,CLEAR,DAYLIGHT,TURNING,DIVIDED - W/MEDIAN (NOT RAISED),NO CONTROLS,FAILING TO YIELD RIGHT-OF-WAY,IMPROPER LANE USAGE,0,0,0,0,11,5,11,2395,79TH ST,41.800536,-87.722883,11/11/2021 11:44:00 AM,2021
CR00012248,09/23/2019 03:08:00 PM,20,FREEZING RAIN/DRIZZLE,DAYLIGHT,REAR END,NOT DIVIDED,NO CONTROLS,FAILING TO YIELD RIGHT-OF-WAY,NOT APPLICABLE,0,0,1,1,15,2,9,2020,PULASKI RD,41.725414,-87.785918,09/23/2019 04:55:00 PM,2019
CR00012249,08/19/2020 12:18:00 PM,25,RAIN,DARKNESS - LIGHTED ROAD,PEDESTRIAN,NOT DIVIDED,NO CONTROLS,UNABLE TO DETERMINE,FAILING TO YIELD RIGHT-OF-WAY,0,0,0,0,12,4,8,1286,CLARK ST,41.727994,-87.54253,08/19/2020 01:19:00 PM,2020
CR00012250,05/27/2016 06:55:00 PM,40,CLEAR,DAYLIGHT,SIDESWIPE SAME DIRECTION,DIVIDED - W/MEDIAN (NOT RAISED),TRAFFIC SIGNAL,UNABLE TO DETERMINE,DRIVING SKILLS/KNOWLEDGE/EXPERIENCE,0,0,0,0,18,6,5,850,MICHIGAN AVE,41.755501,-87.560986,05/27/2016 07:02:00 PM,2016
CR00012251,12/02/2019 07:04:00 PM,25,CLEAR,DAYLIGHT,TURNING,DIVIDED - W/MEDIAN (NOT RAISED),PEDESTRIAN CROSSING SIGN,FAILING TO YIELD RIGHT-OF-WAY,FOLLOWING TOO CLOSELY,0,0,0,0,19,2,12,2207,47TH ST,41.94985,-87.501043,12/02/2019 08:43:00 PM,2019
CR00012252,03/09/2022 08:28:00 AM,35,CLEAR,DARKNESS - LIGHTED ROAD,REAR END,DIVIDED - W/MEDIAN BARRIER,NO CONTROLS,FAILING TO YIELD RIGHT-OF-WAY,WEATHER,0,0,1,1,8,4,3,1516,WESTERN AVE,41.891873,-87.834492,03/09/2022 09:38:00 AM,2022
CR00012253,02/16/2024 05:15:00 PM,30,CLEAR,DARKNESS - LIGHTED ROAD,ANGLE,NOT DIVIDED,NO CONTROLS,FAILING TO YIELD RIGHT-OF-WAY,NOT APPLICABLE,0,0,1,1,17,6,2,1847,ROOSEVELT RD,41.746652,-87.625127,02/16/2024 06:36:00 PM,2024
CR00012254,02/04/2016 04:51:00 PM,40,CLEAR,DUSK,REAR END,FOUR WAY,UNKNOWN,FAILING TO REDUCE SPEED,FAILING TO YIELD RIGHT-OF-WAY,0,0,0,0,16,5,2,1070,HALSTED ST,41.792003,-87.640454,02/04/2016 05:03:00 PM,2016
CR00012255,10/23/2024 07:51:00 PM,35,CLEAR,DAYLIGHT,ANGLE,NOT DIVIDED,TRAFFIC SIGNAL,IMPROPER LANE USAGE,NOT APPLICABLE,0,0,1,1,19,4,10,1162,CALIFORNIA AVE,41.700386,-87.710321,10/23/2024 08:38:00 PM,2024
CR00012256,06/07/2015 04:01:00 PM,15,CLEAR,DARKNESS,TURNING,DIVIDED - W/MEDIAN BARRIER,TRAFFIC SIGNAL,DRIVING SKILLS/KNOWLEDGE/EXPERIENCE,UNABLE TO DETERMINE,0,0,3,3,16,1,6,2005,79TH ST,41.816699,-87.612732,06/07/2015 04:19:00 PM,2015
CR00012257,11/30/2016 08:20:00 PM,40,CLEAR,DAYLIGHT,TURNING,T-INTERSECTION,STOP SIGN/FLASHER,UNABLE TO DETERMINE,WEATHER,0,0,0,0,20,4,11,1856,BROADWAY,41.890347,-87.543406,11/30/2016 08:39:00 PM,2016
CR00012258,09/26/2021 12:10:00 PM,15,FREEZING RAIN/DRIZZLE,DAYLIGHT,ANGLE,DIVIDED - W/MEDIAN BARRIER,TRAFFIC SIGNAL,UNABLE TO DETERMINE,NOT APPLICABLE,0,0,0,0,12,1,9,2326,FULLERTON AVE,41.887849,-87.661662,09/26/2021 01:34:00 PM,2021
CR00012259,04/26/2024 06:33:00 PM,35,SNOW,DAYLIGHT,ANGLE,DIVIDED - W/MEDIAN (NOT RAISED),UNKNOWN,IMPROPER OVERTAKING/PASSING,IMPROPER LANE USAGE,0,0,0,0,18,6,4,1131,KEDZIE AVE,41.768118,-87.555155,04/26/2024 07:32:00 PM,2024
CR00012260,09/03/2024 05:45:00 PM,30,CLEAR,DAYLIGHT,PEDESTRIAN,DIVIDED - W/MEDIAN BARRIER,TRAFFIC SIGNAL,UNABLE TO DETERMINE,IMPROPER OVERTAKING/PASSING,0,0,0,0,17,3,9,316,BROADWAY,41.808053,-87.714756,09/03/2024 07:04:00 PM,2024
CR00012261,06/26/2015 07:48:00 AM,45,CLEAR,DARKNESS - LIGHTED ROAD,PARKED MOTOR VEHICLE,NOT DIVIDED,NO CONTROLS,DRIVING SKILLS/KNOWLEDGE/EXPERIENCE,DISTRACTION - FROM INSIDE VEHICLE,0,2,1,3,7,6,6,602,47TH ST,41.962451,-87.544107,06/26/2015 09:34:00 AM,2015
CR00012262,02/15/2019 03:35:00 PM,30,RAIN,DARKNESS - LIGHTED ROAD,ANGLE,DIVIDED - W/MEDIAN BARRIER,STOP SIGN/FLASHER,FAILING TO YIELD RIGHT-OF-WAY,UNABLE TO DETERMINE,0,0,0,0,15,6,2,2274,CICERO AVE,41.726168,-87.540592,02/15/2019 04:34:00 PM,2019
CR00012263,04/27/2016 07:35:00 AM,30,RAIN,DAYLIGHT,PARKED MOTOR VEHICLE,NOT DIVIDED,TRAFFIC SIGNAL,UNABLE TO DETERMINE,IMPROPER LANE USAGE,0,0,0,0,7,4,4,833,PULASKI RD,41.992589,-87.636821,04/27/2016 07:54:00 AM,2016
CR00012264,03/06/2016 06:30:00 PM,30,CLEAR,DARKNESS,ANGLE,DIVIDED - W/MEDIAN (NOT RAISED),NO CONTROLS,IMPROPER LANE USAGE,NOT APPLICABLE,0,0,1,1,18,1,3,688,MICHIGAN AVE,41.774681,-87.727037,03/06/2016 07:31:00 PM,2016
CR00012265,03/01/2018 05:56:00 PM,35,CLEAR,DAYLIGHT,TURNING,ONE-WAY,TRAFFIC SIGNAL,DRIVING SKILLS/KNOWLEDGE/EXPERIENCE,IMPROPER LANE USAGE,0,0,0,0,17,5,3,309,MICHIGAN AVE,41.760386,-87.819987,03/01/2018 07:45:00 PM,2018
CR00012266,09/17/2016 08:51:00 PM,15,SNOW,DAYLIGHT,REAR END,NOT DIVIDED,STOP SIGN/FLASHER,FAILING TO YIELD RIGHT-OF-WAY,DISREGARDING TRAFFIC SIGNALS,0,0,0,0,20,7,9,852,MILWAUKEE AVE,41.922635,-87.569551,09/17/2016 10:28:00 PM,2016
CR00012267,06/07/2024 04:10:00 AM,30,CLEAR,DAYLIGHT,PEDESTRIAN,ONE-WAY,TRAFFIC SIGNAL,UNABLE TO DETERMINE,UNABLE TO DETERMINE,0,0,0,0,4,6,6,2004,OGDEN AVE,41.913365,-87.675694,06/07/2024 05:15:00 AM,2024
CR00012268,09/27/2022 07:47:00 AM,45,CLEAR,DARKNESS - LIGHTED ROAD,REAR END,NOT DIVIDED,STOP SIGN/FLASHER,DISREGARDING TRAFFIC SIGNALS,IMPROPER OVERTAKING/PASSING,0,0,0,0,7,3,9,2030,CALIFORNIA AVE,41.754848,-87.707895,09/27/2022 08:28:00 AM,2022
CR00012269,03/02/2017 04:43:00 PM,20,CLEAR,DAYLIGHT,PEDESTRIAN,FOUR WAY,TRAFFIC SIGNAL,DRIVING SKILLS/KNOWLEDGE/EXPERIENCE,UNABLE TO DETERMINE,0,0,0,0,16,5,3,2479,FULLERTON AVE,41.827894,-87.662398,03/02/2017 06:33:00 PM,2017
CR00012270,08/12/2022 07:24:00 AM,25,CLEAR,DAYLIGHT,REAR END,NOT DIVIDED,UNKNOWN,FAILING TO YIELD RIGHT-OF-WAY,NOT APPLICABLE,0,0,0,0,7,6,8,1353,IRVING PARK RD,41.722028,-87.646885,08/12/2022 08:45:00 AM,2022
CR00012271,09/02/2023 12:10:00 PM,20,CLEAR,DAYLIGHT,SIDESWIPE SAME DIRECTION,DIVIDED - W/MEDIAN BARRIER,UNKNOWN,FOLLOWING TOO CLOSELY,FOLLOWING TOO CLOSELY,0,0,0,0,12,7,9,1002,OGDEN AVE,41.743647,-87.813282,09/02/2023 01:37:00 PM,2023