CRASH_RECORD_ID,CRASH_DATE,POSTED_SPEED_LIMIT,WEATHER_CONDITION,LIGHTING_CONDITION,FIRST_CRASH_TYPE,TRAFFICWAY_TYPE,TRAFFIC_CONTROL_DEVICE,PRIM_CONTRIBUTORY_CAUSE,SEC_CONTRIBUTORY_CAUSE,INJURIES_FATAL,INJURIES_INCAPACITATING,INJURIES_NON_INCAPACITATING,INJURIES_TOTAL,CRASH_HOUR,CRASH_DAY_OF_WEEK,CRASH_MONTH,BEAT_OF_OCCURRENCE,STREET_NAME,LATITUDE,LONGITUDE,DATE_POLICE_NOTIFIED,year
CR00012272,07/24/2016 05:58:00 PM,20,CLEAR,DARKNESS - LIGHTED ROAD,TURNING,ONE-WAY,NO CONTROLS,UNABLE TO DETERMINE,UNABLE TO DETERMINE,0,0,0,0,17,1,7,720,MICHIGAN AVE,41.879234,-87.643534,07/24/2016 06:14:00 PM,2016
CR00012273,07/04/2016 11:43:00 AM,45,CLEAR,DARKNESS - LIGHTED ROAD,REAR END,NOT DIVIDED,STOP SIGN/FLASHER,DISTRACTION - FROM INSIDE VEHICLE,IMPROPER OVERTAKING/PASSING,0,0,0,0,11,2,7,640,WESTERN AVE,41.712105,-87.670773,07/04/2016 12:39:00 PM,2016
CR00012274,06/16/2018 06:54:00 PM,25,CLEAR,DAYLIGHT,TURNING,NOT DIVIDED,NO CONTROLS,UNABLE TO DETERMINE,FOLLOWING TOO CLOSELY,0,0,0,0,18,7,6,581,CICERO AVE,41.703547,-87.7061,06/16/2018 08:00:00 PM,2018
CR00012275,03/07/2017 08:50:00 AM,30,CLEAR,DARKNESS - LIGHTED ROAD,PARKED MOTOR VEHICLE,NOT DIVIDED,TRAFFIC SIGNAL,FOLLOWING TOO CLOSELY,DRIVING SKILLS/KNOWLEDGE/EXPERIENCE,0,0,0,0,8,3,3,2028,CICERO AVE,41.757943,-87.678029,03/07/2017 10:39:00 AM,2017
CR00012276,04/18/2021 03:57:00 PM,35,RAIN,DAWN,PARKED MOTOR VEHICLE,FOUR WAY,NO CONTROLS,IMPROPER LANE USAGE,FAILING TO YIELD RIGHT-OF-WAY,0,0,0,0,15,1,4,349,MILWAUKEE AVE,41.936791,-87.765272,04/18/2021 05:05:00 PM,2021
CR00012277,12/06/2016 04:37:00 PM,15,CLEAR,DAYLIGHT,TURNING,NOT DIVIDED,STOP SIGN/FLASHER,UNABLE TO DETERMINE,DISTRACTION - FROM INSIDE VEHICLE,0,0,0,0,16,3,12,964,ARCHER AVE,41.866767,-87.500299,12/06/2016 06:02:00 PM,2016
CR00012278,09/23/2017 02:46:00 AM,15,CLEAR,DARKNESS - LIGHTED ROAD,REAR END,NOT DIVIDED,NO CONTROLS,WEATHER,NOT APPLICABLE,0,0,0,0,2,7,9,280,CICERO AVE,41.902271,-87.674228,09/23/2017 04:26:00 AM,2017
CR00012279,01/16/2019 07:54:00 AM,25,CLEAR,DARKNESS - LIGHTED ROAD,SIDESWIPE SAME DIRECTION,DIVIDED - W/MEDIAN (NOT RAISED),STOP SIGN/FLASHER,FAILING TO YIELD RIGHT-OF-WAY,IMPROPER OVERTAKING/PASSING,0,0,0,0,7,4,1,1249,63RD ST,41.800296,-87.770621,01/16/2019 08:41:00 AM,2019
CR00012280,01/15/2018 04:53:00 AM,30,CLEAR,DAYLIGHT,REAR END,NOT DIVIDED,TRAFFIC SIGNAL,UNABLE TO DETERMINE,FOLLOWING TOO CLOSELY,0,0,0,0,4,2,1,821,79TH ST,41.885068,-87.647411,01/15/2018 06:30:00 AM,2018
CR00012281,10/20/2016 08:51:00 AM,45,RAIN,DARKNESS,SIDESWIPE SAME DIRECTION,ONE-WAY,PEDESTRIAN CROSSING SIGN,DISTRACTION - FROM INSIDE VEHICLE,UNABLE TO DETERMINE,0,0,0,0,8,5,10,1860,ELSTON AVE,41.96524,-87.559777,10/20/2016 10:32:00 AM,2016
CR00012282,03/03/2015 08:27:00 PM,30,CLEAR,DAYLIGHT,PARKED MOTOR VEHICLE,NOT DIVIDED,TRAFFIC SIGNAL,UNABLE TO DETERMINE,UNABLE TO DETERMINE,0,1,1,2,20,3,3,584,HALSTED ST,41.962352,-87.581378,03/03/2015 08:55:00 PM,2015
CR00012283,03/07/2020 12:15:00 PM,25,FOG/SMOKE/HAZE,DARKNESS - LIGHTED ROAD,PEDESTRIAN,ONE-WAY,NO CONTROLS,FOLLOWING TOO CLOSELY,UNABLE TO DETERMINE,0,0,0,0,12,7,3,2211,ARCHER AVE,41.904348,-87.707521,03/07/2020 01:29:00 PM,2020
CR00012284,05/16/2019 08:48:00 AM,35,CLEAR,DAYLIGHT,SIDESWIPE SAME DIRECTION,FOUR WAY,NO CONTROLS,IMPROPER LANE USAGE,FOLLOWING TOO CLOSELY,0,0,0,0,8,5,5,1958,STONY ISLAND AVE,41.808737,-87.552659,05/16/2019 10:26:00 AM,2019
CR00012285,10/25/2021 05:48:00 PM,35,CLEAR,DAYLIGHT,PEDESTRIAN,ONE-WAY,TRAFFIC SIGNAL,FOLLOWING TOO CLOSELY,WEATHER,0,0,0,0,17,2,10,812,WESTERN AVE,41.978952,-87.65681,10/25/2021 07:46:00 PM,2021
CR00012286,10/24/2019 08:06:00 PM,30,SNOW,DARKNESS - LIGHTED ROAD,TURNING,NOT DIVIDED,STOP SIGN/FLASHER,DISREGARDING TRAFFIC SIGNALS,FAILING TO YIELD RIGHT-OF-WAY,0,0,0,0,20,5,10,1111,CICERO AVE,41.809746,-87.544778,10/24/2019 08:08:00 PM,2019
CR00012287,11/29/2020 12:11:00 PM,30,CLEAR,DARKNESS - LIGHTED ROAD,ANGLE,NOT DIVIDED,NO CONTROLS,FAILING TO YIELD RIGHT-OF-WAY,FAILING TO REDUCE SPEED,0,0,0,0,12,1,11,1699,DAMEN AVE,41.988774,-87.518809,11/29/2020 01:05:00 PM,2020
CR00012288,08/08/2022 03:10:00 PM,20,CLEAR,DUSK,ANGLE,NOT DIVIDED,NO CONTROLS,UNABLE TO DETERMINE,UNABLE TO DETERMINE,0,0,0,0,15,2,8,230,OGDEN AVE,41.97152,-87.818212,08/08/2022 03:34:00 PM,2022
CR00012289,02/24/2018 12:14:00 AM,35,CLEAR,DARKNESS,FIXED OBJECT,ONE-WAY,STOP SIGN/FLASHER,UNABLE TO DETERMINE,DRIVING SKILLS/KNOWLEDGE/EXPERIENCE,0,0,0,0,0,7,2,1352,MILWAUKEE AVE,41.795896,-87.540333,02/24/2018 01:08:00 AM,2018
CR00012290,01/10/2019 11:12:00 AM,20,CLEAR,DAYLIGHT,TURNING,DIVIDED - W/MEDIAN (NOT RAISED),NO CONTROLS,UNABLE TO DETERMINE,FOLLOWING TOO CLOSELY,0,0,0,0,11,5,1,383,47TH ST,41.850683,-87.526963,01/10/2019 12:32:00 PM,2019
CR00012291,12/03/2022 06:36:00 PM,45,CLEAR,DAYLIGHT,SIDESWIPE SAME DIRECTION,DIVIDED - W/MEDIAN (NOT RAISED),NO CONTROLS,UNABLE TO DETERMINE,NOT APPLICABLE,0,0,0,0,18,7,12,1066,ASHLAND AVE,41.701852,-87.523111,12/03/2022 08:17:00 PM,2022
CR00012292,10/13/2018 03:18:00 AM,25,FREEZING RAIN/DRIZZLE,DAYLIGHT,ANGLE,NOT DIVIDED,TRAFFIC SIGNAL,FOLLOWING TOO CLOSELY,UNABLE TO DETERMINE,0,0,1,1,3,7,10,2202,BROADWAY,41.807175,-87.703629,10/13/2018 03:21:00 AM,2018
CR00012293,08/28/2023 01:20:00 PM,35,CLEAR,DAYLIGHT,ANGLE,NOT DIVIDED,STOP SIGN/FLASHER,UNABLE TO DETERMINE,DISTRACTION - FROM INSIDE VEHICLE,0,0,0,0,13,2,8,1666,BROADWAY,41.967225,-87.55406,08/28/2023 03:07:00 PM,2023
CR00012294,07/11/2018 08:07:00 AM,30,CLEAR,DARKNESS - LIGHTED ROAD,PARKED MOTOR VEHICLE,DIVIDED - W/MEDIAN BARRIER,TRAFFIC SIGNAL,IMPROPER LANE USAGE,NOT APPLICABLE,0,0,0,0,8,4,7,2468,MICHIGAN AVE,41.918444,-87.618718,07/11/2018 09:04:00 AM,2018
CR00012295,01/10/2019 12:51:00 AM,35,RAIN,DARKNESS,REAR END,DIVIDED - W/MEDIAN (NOT RAISED),NO CONTROLS,UNABLE TO DETERMINE,NOT APPLICABLE,0,0,0,0,0,5,1,840,PULASKI RD,41.911508,-87.839504,01/10/2019 12:58:00 AM,2019
CR00012296,04/12/2017 04:13:00 PM,15,CLEAR,DARKNESS - LIGHTED ROAD,TURNING,NOT DIVIDED,TRAFFIC SIGNAL,FAILING TO YIELD RIGHT-OF-WAY,FAILING TO REDUCE SPEED,0,0,1,1,16,4,4,2315,BROADWAY,41.98096,-87.79921,04/12/2017 04:58:00 PM,2017
CR00012297,02/26/2020 02:47:00 PM,45,CLEAR,DAYLIGHT,REAR END,ONE-WAY,NO CONTROLS,UNABLE TO DETERMINE,FAILING TO YIELD RIGHT-OF-WAY,0,0,0,0,14,4,2,2286,STATE ST,41.761613,-87.618861,02/26/2020 04:30:00 PM,2020
CR00012298,03/03/2020 08:18:00 AM,45,CLOUDY/OVERCAST,DAYLIGHT,ANGLE,NOT DIVIDED,NO CONTROLS,FAILING TO REDUCE SPEED,IMPROPER OVERTAKING/PASSING,0,0,0,0,8,3,3,2203,PULASKI RD,41.93273,-87.779793,03/03/2020 09:54:00 AM,2020
CR00012299,06/20/2019 10:13:00 AM,30,CLEAR,DAYLIGHT,ANGLE,DIVIDED - W/MEDIAN (NOT RAISED),TRAFFIC SIGNAL,WEATHER,UNABLE TO DETERMINE,0,0,0,0,10,5,6,1623,HALSTED ST,41.849341,-87.51671,06/20/2019 11:58:00 AM,2019
CR00012300,05/05/2018 07:10:00 AM,15,CLEAR,DAYLIGHT,SIDESWIPE SAME DIRECTION,NOT DIVIDED,NO CONTROLS,FOLLOWING TOO CLOSELY,FAILING TO YIELD RIGHT-OF-WAY,0,0,1,1,7,7,5,1719,STONY ISLAND AVE,41.730368,-87.530357,05/05/2018 07:47:00 AM,2018
CR00012301,12/21/2019 09:16:00 AM,25,CLOUDY/OVERCAST,DAYLIGHT,REAR END,DIVIDED - W/MEDIAN (NOT RAISED),NO CONTROLS,IMPROPER LANE USAGE,DISTRACTION - FROM INSIDE VEHICLE,0,0,0,0,9,7,12,1491,MILWAUKEE AVE,41.780918,-87.512,12/21/2019 09:36:00 AM,2019
CR00012302,04/03/2019 07:12:00 PM,20,CLEAR,DARKNESS - LIGHTED ROAD,TURNING,DIVIDED - W/MEDIAN BARRIER,NO CONTROLS,DRIVING SKILLS/KNOWLEDGE/EXPERIENCE,IMPROPER LANE USAGE,0,0,1,1,19,4,4,139,HALSTED ST,41.955032,-87.825627,04/03/2019 07:46:00 PM,2019
CR00012303,08/19/2017 12:34:00 PM,35,CLEAR,DAYLIGHT,FIXED OBJECT,FOUR WAY,TRAFFIC SIGNAL,DISTRACTION - FROM INSIDE VEHICLE,UNABLE TO DETERMINE,0,0,0,0,12,7,8,1838,47TH ST,41.90685,-87.742541,08/19/2017 12:38:00 PM,2017
CR00012304,10/09/2018 04:57:00 AM,15,CLEAR,DAYLIGHT,ANGLE,NOT DIVIDED,UNKNOWN,IMPROPER OVERTAKING/PASSING,FOLLOWING TOO CLOSELY,0,0,0,0,4,3,10,306,FULLERTON AVE,41.930746,-87.704522,10/09/2018 05:47:00 AM,2018
CR00012305,09/01/2015 02:54:00 AM,40,SNOW,DAYLIGHT,ANGLE,NOT DIVIDED,NO CONTROLS,UNABLE TO DETERMINE,IMPROPER OVERTAKING/PASSING,0,0,0,0,2,3,9,1730,ASHLAND AVE,41.801245,-87.833908,09/01/2015 03:27:00 AM,2015
CR00012306,11/26/2017 12:55:00 PM,15,CLEAR,DUSK,SIDESWIPE SAME DIRECTION,FOUR WAY,NO CONTROLS,UNABLE TO DETERMINE,IMPROPER LANE USAGE,0,0,0,0,12,1,11,1277,STONY ISLAND AVE,41.977379,-87.803837,11/26/2017 01:29:00 PM,2017
CR00012307,04/15/2024 07:38:00 AM,30,RAIN,DAYLIGHT,SIDESWIPE SAME DIRECTION,ONE-WAY,STOP SIGN/FLASHER,FOLLOWING TOO CLOSELY,FOLLOWING TOO CLOSELY,0,0,0,0,7,2,4,1765,HALSTED ST,41.955245,-87.59984,04/15/2024 08:15:00 AM,2024
CR00012308,10/27/2016 11:29:00 AM,35,CLEAR,DAYLIGHT,TURNING,DIVIDED - W/MEDIAN (NOT RAISED),UNKNOWN,DISTRACTION - FROM INSIDE VEHICLE,FAILING TO YIELD RIGHT-OF-WAY,0,0,0,0,11,5,10,1577,ARCHER AVE,41.869567,-87.553564,10/27/2016 11:49:00 AM,2016
CR00012309,10/31/2022 11:38:00 PM,40,CLEAR,DAYLIGHT,REAR END,NOT DIVIDED,TRAFFIC SIGNAL,FAILING TO YIELD RIGHT-OF-WAY,FAILING TO REDUCE SPEED,0,0,0,0,23,2,10,1607,ARCHER AVE,41.705195,-87.706713,11/01/2022 12:11:00 AM,2022
CR00012310,12/12/2020 10:48:00 AM,40,CLEAR,DAWN,FIXED OBJECT,NOT DIVIDED,NO CONTROLS,FOLLOWING TOO CLOSELY,FAILING TO YIELD RIGHT-OF-WAY,0,0,1,1,10,7,12,2038,MILWAUKEE AVE,41.930417,-87.718987,12/12/2020 12:01:00 PM,2020
CR00012311,01/21/2024 07:21:00 AM,20,FOG/SMOKE/HAZE,DAYLIGHT,SIDESWIPE SAME DIRECTION,NOT DIVIDED,TRAFFIC SIGNAL,IMPROPER LANE USAGE,FOLLOWING TOO CLOSELY,0,0,0,0,7,1,1,1698,63RD ST,41.940546,-87.65792,01/21/2024 08:28:00 AM,2024
CR00012312,05/02/2017 12:32:00 AM,35,RAIN,DARKNESS - LIGHTED ROAD,SIDESWIPE SAME DIRECTION,NOT DIVIDED,UNKNOWN,UNABLE TO DETERMINE,IMPROPER OVERTAKING/PASSING,0,0,0,0,0,3,5,1970,CICERO AVE,41.965768,-87.690902,05/02/2017 02:15:00 AM,2017
CR00012313,10/05/2016 03:41:00 AM,45,CLEAR,DAYLIGHT,TURNING,NOT DIVIDED,NO CONTROLS,UNABLE TO DETERMINE,UNABLE TO DETERMINE,0,0,0,0,3,4,10,379,79TH ST,41.858665,-87.768425,10/05/2016 05:18:00 AM,2016
CR00012314,05/03/2018 08:42:00 PM,30,RAIN,DARKNESS - LIGHTED ROAD,REAR END,NOT DIVIDED,TRAFFIC SIGNAL,IMPROPER LANE USAGE,NOT APPLICABLE,0,0,0,0,20,5,5,381,ARCHER AVE,41.985238,-87.726257,05/03/2018 08:55:00 PM,2018
CR00012315,10/09/2022 07:52:00 AM,40,FOG/SMOKE/HAZE,DAYLIGHT,PARKED MOTOR VEHICLE,DIVIDED - W/MEDIAN (NOT RAISED),STOP SIGN/FLASHER,IMPROPER OVERTAKING/PASSING,FAILING TO YIELD RIGHT-OF-WAY,0,0,0,0,7,1,10,1472,DIVISION ST,41.805492,-87.820889,10/09/2022 09:09:00 AM,2022
CR00012316,07/17/2018 12:49:00 PM,25,CLEAR,DARKNESS - LIGHTED ROAD,REAR TO FRONT,NOT DIVIDED,STOP SIGN/FLASHER,UNABLE TO DETERMINE,UNABLE TO DETERMINE,0,0,0,0,12,3,7,2341,DIVISION ST,41.819034,-87.516979,07/17/2018 02:40:00 PM,2018
CR00012317,08/30/2016 07:41:00 PM,30,CLEAR,DARKNESS - LIGHTED ROAD,PARKED MOTOR VEHICLE,FOUR WAY,NO CONTROLS,DRIVING SKILLS/KNOWLEDGE/EXPERIENCE,NOT APPLICABLE,0,0,0,0,19,3,8,1450,MILWAUKEE AVE,41.90677,-87.62827,08/30/2016 07:56:00 PM,2016
CR00012318,07/31/2016 08:40:00 PM,35,SNOW,DARKNESS - LIGHTED ROAD,REAR END,DIVIDED - W/MEDIAN (NOT RAISED),NO CONTROLS,DISREGARDING TRAFFIC SIGNALS,UNABLE TO DETERMINE,0,0,0,0,20,1,7,1866,CICERO AVE,41.752619,-87.763154,07/31/2016 09:06:00 PM,2016
CR00012319,08/09/2023 06:53:00 AM,20,CLEAR,DARKNESS,REAR END,DIVIDED - W/MEDIAN (NOT RAISED),TRAFFIC SIGNAL,WEATHER,NOT APPLICABLE,0,1,0,1,6,4,8,943,OGDEN AVE,41.705227,-87.647138,08/09/2023 07:08:00 AM,2023
CR00012320,05/03/2022 04:14:00 PM,25,CLEAR,DARKNESS - LIGHTED ROAD,PARKED MOTOR VEHICLE,DIVIDED - W/MEDIAN (NOT RAISED),UNKNOWN,UNABLE TO DETERMINE,UNABLE TO DETERMINE,0,1,0,1,16,3,5,376,BROADWAY,41.839735,-87.525044,05/03/2022 05:00:00 PM,2022
CR00012321,08/17/2018 04:48:00 PM,20,CLEAR,DARKNESS - LIGHTED ROAD,SIDESWIPE SAME DIRECTION,DIVIDED - W/MEDIAN (NOT RAISED),TRAFFIC SIGNAL,UNABLE TO DETERMINE,FOLLOWING TOO CLOSELY,0,0,0,0,16,6,8,975,IRVING PARK RD,41.881976,-87.583931,08/17/2018 04:59:00 PM,2018
CR00012322,11/04/2024 07:22:00 PM,30,CLOUDY/OVERCAST,DARKNESS - LIGHTED ROAD,PARKED MOTOR VEHICLE,NOT DIVIDED,UNKNOWN,DISTRACTION - FROM INSIDE VEHICLE,DRIVING SKILLS/KNOWLEDGE/EXPERIENCE,0,0,2,2,19,2,11,2088,63RD ST,41.739343,-87.774471,11/04/2024 07:23:00 PM,2024
CR00012323,09/11/2023 08:09:00 PM,20,CLEAR,DARKNESS - LIGHTED ROAD,ANGLE,DIVIDED - W/MEDIAN (NOT RAISED),UNKNOWN,FAILING TO REDUCE SPEED,FOLLOWING TOO CLOSELY,0,0,0,0,20,2,9,1291,MICHIGAN AVE,41.748857,-87.730806,09/11/2023 08:42:00 PM,2023
CR00012324,12/10/2021 05:29:00 PM,20,CLEAR,DARKNESS - LIGHTED ROAD,REAR END,DIVIDED - W/MEDIAN (NOT RAISED),NO CONTROLS,DRIVING SKILLS/KNOWLEDGE/EXPERIENCE,IMPROPER OVERTAKING/PASSING,1,0,1,2,17,6,12,2124,MICHIGAN AVE,41.790719,-87.727946,12/10/2021 06:07:00 PM,2021
CR00012325,05/30/2019 04:31:00 PM,45,RAIN,DAYLIGHT,ANGLE,NOT DIVIDED,UNKNOWN,UNABLE TO DETERMINE,FOLLOWING TOO CLOSELY,0,0,0,0,16,5,5,221,LAKE SHORE DR,41.811276,-87.584867,05/30/2019 05:15:00 PM,2019
CR00012326,05/31/2024 08:51:00 PM,40,CLEAR,DARKNESS - LIGHTED ROAD,SIDESWIPE SAME DIRECTION,NOT DIVIDED,NO CONTROLS,FOLLOWING TOO CLOSELY,IMPROPER OVERTAKING/PASSING,0,0,3,3,20,6,5,1309,DAMEN AVE,41.877498,-87.510355,05/31/2024 09:37:00 PM,2024
CR00012327,08/10/2023 08:02:00 AM,20,CLEAR,DAYLIGHT,ANGLE,DIVIDED - W/MEDIAN (NOT RAISED),UNKNOWN,FAILING TO YIELD RIGHT-OF-WAY,FOLLOWING TOO CLOSELY,0,0,0,0,8,5,8,810,IRVING PARK RD,41.901752,-87.693355,08/10/2023 08:12:00 AM,2023
CR00012328,03/02/2019 09:00:00 AM,30,CLEAR,DARKNESS - LIGHTED ROAD,REAR END,T-INTERSECTION,STOP SIGN/FLASHER,FAILING TO REDUCE SPEED,FOLLOWING TOO CLOSELY,0,0,0,0,9,7,3,1240,STATE ST,41.721824,-87.761214,03/02/2019 10:10:00 AM,2019
CR00012329,09/21/2024 08:54:00 AM,35,CLEAR,DAYLIGHT,REAR END,DIVIDED - W/MEDIAN BARRIER,NO CONTROLS,UNABLE TO DETERMINE,UNABLE TO DETERMINE,0,0,1,1,8,7,9,370,HALSTED ST,41.771181,-87.539905,09/21/2024 10:02:00 AM,2024
CR00012330,06/11/2019 05:26:00 PM,30,CLEAR,DAYLIGHT,TURNING,DIVIDED - W/MEDIAN (NOT RAISED),STOP SIGN/FLASHER,UNABLE TO DETERMINE,UNABLE TO DETERMINE,0,0,0,0,17,3,6,1662,BROADWAY,41.930966,-87.752083,06/11/2019 05:58:00 PM,2019
CR00012331,06/20/2023 01:39:00 PM,30,CLEAR,DAYLIGHT,PEDESTRIAN,DIVIDED - W/MEDIAN (NOT RAISED),TRAFFIC SIGNAL,IMPROPER LANE USAGE,FOLLOWING TOO CLOSELY,0,0,0,0,13,3,6,1400,47TH ST,41.760278,-87.601542,06/20/2023 02:14:00 PM,2023
CR00012332,08/24/2017 02:33:00 PM,30,SNOW,DAYLIGHT,REAR END,DIVIDED - W/MEDIAN (NOT RAISED),TRAFFIC SIGNAL,DISREGARDING TRAFFIC SIGNALS,IMPROPER OVERTAKING/PASSING,0,0,0,0,14,5,8,2327,DIVISION ST,41.835169,-87.559267,08/24/2017 04:07:00 PM,2017
CR00012333,10/27/2024 03:34:00 PM,25,RAIN,DARKNESS,REAR END,DIVIDED - W/MEDIAN (NOT RAISED),STOP SIGN/FLASHER,DISTRACTION - FROM INSIDE VEHICLE,IMPROPER OVERTAKING/PASSING,0,0,0,0,15,1,10,2175,ROOSEVELT RD,41.874201,-87.600732,10/27/2024 04:50:00 PM,2024
CR00012334,06/10/2018 01:44:00 PM,25,CLEAR,DAYLIGHT,FIXED OBJECT,DIVIDED - W/MEDIAN (NOT RAISED),TRAFFIC SIGNAL,DRIVING SKILLS/KNOWLEDGE/EXPERIENCE,UNABLE TO DETERMINE,0,0,0,0,13,1,6,213,PULASKI RD,41.738395,-87.819374,06/10/2018 02:33:00 PM,2018
CR00012335,02/13/2021 09:31:00 AM,35,RAIN,DAYLIGHT,REAR END,NOT DIVIDED,NO CONTROLS,DISTRACTION - FROM INSIDE VEHICLE,NOT APPLICABLE,0,0,0,0,9,7,2,1646,LAKE SHORE DR,41.873988,-87.812673,02/13/2021 11:13:00 AM,2021
CR00012336,10/28/2021 03:19:00 PM,45,CLEAR,DAYLIGHT,SIDESWIPE SAME DIRECTION,FOUR WAY,NO CONTROLS,UNABLE TO DETERMINE,NOT APPLICABLE,0,0,0,0,15,5,10,821,STATE ST,41.804181,-87.838685,10/28/2021 03:34:00 PM,2021
CR00012337,12/26/2018 08:48:00 PM,45,CLEAR,DUSK,REAR TO FRONT,NOT DIVIDED,TRAFFIC SIGNAL,IMPROPER LANE USAGE,FOLLOWING TOO CLOSELY,0,0,0,0,20,4,12,1566,47TH ST,41.720212,-87.807989,12/26/2018 09:47:00 PM,2018
CR00012338,11/05/2022 11:04:00 PM,35,CLEAR,DAYLIGHT,ANGLE,DIVIDED - W/MEDIAN (NOT RAISED),NO CONTROLS,FAILING TO REDUCE SPEED,DRIVING SKILLS/KNOWLEDGE/EXPERIENCE,0,0,0,0,23,7,11,1271,CALIFORNIA AVE,41.811181,-87.511454,11/05/2022 11:54:00 PM,2022
CR00012339,01/12/2015 11:01:00 AM,35,CLEAR,DAYLIGHT,REAR TO FRONT,NOT DIVIDED,STOP SIGN/FLASHER,FAILING TO REDUCE SPEED,FOLLOWING TOO CLOSELY,0,0,3,3,11,2,1,1211,OGDEN AVE,41.876052,-87.624295,01/12/2015 12:51:00 PM,2015
CR00012340,11/11/2024 04:08:00 PM,35,CLEAR,DARKNESS - LIGHTED ROAD,TURNING,NOT DIVIDED,NO CONTROLS,IMPROPER OVERTAKING/PASSING,FOLLOWING TOO CLOSELY,0,0,0,0,16,2,11,2307,STONY ISLAND AVE,41.983815,-87.779821,11/11/2024 06:03:00 PM,2024
CR00012341,11/29/2020 08:04:00 PM,30,CLOUDY/OVERCAST,DAYLIGHT,SIDESWIPE SAME DIRECTION,NOT DIVIDED,TRAFFIC SIGNAL,FAILING TO REDUCE SPEED,NOT APPLICABLE,0,0,0,0,20,1,11,667,HALSTED ST,41.987691,-87.528973,11/29/2020 08:13:00 PM,2020
CR00012342,12/20/2022 01:07:00 PM,35,CLEAR,DARKNESS - LIGHTED ROAD,TURNING,DIVIDED - W/MEDIAN (NOT RAISED),TRAFFIC SIGNAL,WEATHER,NOT APPLICABLE,0,0,0,0,13,3,12,1084,STATE ST,41.939384,-87.553311,12/20/2022 02:04:00 PM,2022
CR00012343,06/06/2017 03:22:00 PM,45,RAIN,DARKNESS - LIGHTED ROAD,PARKED MOTOR VEHICLE,T-INTERSECTION,UNKNOWN,UNABLE TO DETERMINE,NOT APPLICABLE,0,0,0,0,15,3,6,525,BROADWAY,41.750576,-87.54798,06/06/2017 05:07:00 PM,2017
CR00012344,09/14/2020 05:53:00 PM,25,CLEAR,DAYLIGHT,SIDESWIPE SAME DIRECTION,DIVIDED - W/MEDIAN BARRIER,NO CONTROLS,DRIVING SKILLS/KNOWLEDGE/EXPERIENCE,FAILING TO REDUCE SPEED,0,0,0,0,17,2,9,857,63RD ST,41.995178,-87.606133,09/14/2020 07:12:00 PM,2020
CR00012345,06/18/2022 09:14:00 PM,35,CLEAR,DARKNESS - LIGHTED ROAD,ANGLE,NOT DIVIDED,PEDESTRIAN CROSSING SIGN,FOLLOWING TOO CLOSELY,UNABLE TO DETERMINE,0,0,0,0,21,7,6,153,LAKE SHORE DR,41.860551,-87.606999,06/18/2022 10:07:00 PM,2022
CR00012346,09/23/2022 07:46:00 PM,30,FOG/SMOKE/HAZE,DAYLIGHT,REAR END,NOT DIVIDED,TRAFFIC SIGNAL,FAILING TO YIELD RIGHT-OF-WAY,UNABLE TO DETERMINE,0,0,0,0,19,6,9,2273,CLARK ST,41.934535,-87.605375,09/23/2022 08:51:00 PM,2022
CR00012347,03/16/2022 11:41:00 AM,30,CLEAR,DARKNESS - LIGHTED ROAD,FIXED OBJECT,NOT DIVIDED,NO CONTROLS,FAILING TO YIELD RIGHT-OF-WAY,NOT APPLICABLE,0,0,0,0,11,4,3,1685,STATE ST,41.858852,-87.848294,03/16/2022 11:52:00 AM,2022
CR00012348,01/18/2024 11:40:00 PM,15,CLEAR,DAWN,PARKED MOTOR VEHICLE,NOT DIVIDED,TRAFFIC SIGNAL,DISTRACTION - FROM INSIDE VEHICLE,DISTRACTION - FROM INSIDE VEHICLE,0,0,1,1,23,5,1,1538,PULASKI RD,41.83215,-87.564719,01/19/2024 12:32:00 AM,2024
CR00012349,11/09/2017 04:11:00 PM,40,RAIN,DAYLIGHT,TURNING,NOT DIVIDED,NO CONTROLS,UNABLE TO DETERMINE,DISTRACTION - FROM INSIDE VEHICLE,0,0,0,0,16,5,11,598,IRVING PARK RD,41.760791,-87.764195,11/09/2017 05:22:00 PM,2017
CR00012350,04/02/2015 06:02:00 PM,35,CLEAR,DAYLIGHT,REAR END,DIVIDED - W/MEDIAN (NOT RAISED),TRAFFIC SIGNAL,UNABLE TO DETERMINE,IMPROPER OVERTAKING/PASSING,0,0,1,1,18,5,4,1539,STATE ST,41.720167,-87.552086,04/02/2015 07:13:00 PM,2015
CR00012351,09/24/2018 01:11:00 PM,15,RAIN,DAYLIGHT,PARKED MOTOR VEHICLE,DIVIDED - W/MEDIAN (NOT RAISED),TRAFFIC SIGNAL,UNABLE TO DETERMINE,UNABLE TO DETERMINE,0,0,0,0,13,2,9,2405,ARCHER AVE,41.90714,-87.53201,09/24/2018 01:31:00 PM,2018
CR00012352,12/14/2023 12:17:00 AM,35,CLEAR,DARKNESS - LIGHTED ROAD,TURNING,NOT DIVIDED,NO CONTROLS,UNABLE TO DETERMINE,UNABLE TO DETERMINE,0,0,0,0,0,5,12,1445,KEDZIE AVE,41.751066,-87.772395,12/14/2023 12:19:00 AM,2023
CR00012353,09/01/2020 11:31:00 PM,35,CLEAR,DAYLIGHT,TURNING,NOT DIVIDED,TRAFFIC SIGNAL,FAILING TO YIELD RIGHT-OF-WAY,IMPROPER LANE USAGE,0,0,0,0,23,3,9,686,PULASKI RD,41.942166,-87.631593,09/02/2020 01:20:00 AM,2020