CRASH_RECORD_ID,CRASH_DATE,POSTED_SPEED_LIMIT,WEATHER_CONDITION,LIGHTING_CONDITION,FIRST_CRASH_TYPE,TRAFFICWAY_TYPE,TRAFFIC_CONTROL_DEVICE,PRIM_CONTRIBUTORY_CAUSE,SEC_CONTRIBUTORY_CAUSE,INJURIES_FATAL,INJURIES_INCAPACITATING,INJURIES_NON_INCAPACITATING,INJURIES_TOTAL,CRASH_HOUR,CRASH_DAY_OF_WEEK,CRASH_MONTH,BEAT_OF_OCCURRENCE,STREET_NAME,LATITUDE,LONGITUDE,DATE_POLICE_NOTIFIED,year
CR00012354,09/29/2022 06:17:00 PM,25,CLEAR,DAYLIGHT,SIDESWIPE SAME DIRECTION,NOT DIVIDED,TRAFFIC SIGNAL,UNABLE TO DETERMINE,DISTRACTION - FROM INSIDE VEHICLE,0,0,0,0,18,5,9,1379,BROADWAY,41.720393,-87.837869,09/29/2022 06:50:00 PM,2022
CR00012355,05/16/2015 06:10:00 PM,15,SNOW,DARKNESS - LIGHTED ROAD,TURNING,ONE-WAY,NO CONTROLS,IMPROPER OVERTAKING/PASSING,IMPROPER OVERTAKING/PASSING,0,0,0,0,18,7,5,468,PULASKI RD,41.739586,-87.554753,05/16/2015 06:11:00 PM,2015
CR00012356,09/05/2019 07:01:00 PM,30,CLEAR,DAYLIGHT,TURNING,T-INTERSECTION,UNKNOWN,WEATHER,WEATHER,0,0,0,0,19,5,9,2107,CLARK ST,41.931724,-87.761608,09/05/2019 08:40:00 PM,2019
CR00012357,10/22/2015 03:59:00 AM,45,CLEAR,DAYLIGHT,SIDESWIPE SAME DIRECTION,NOT DIVIDED,NO CONTROLS,DRIVING SKILLS/KNOWLEDGE/EXPERIENCE,NOT APPLICABLE,0,0,0,0,3,5,10,2218,DAMEN AVE,41.748252,-87.782115,10/22/2015 04:56:00 AM,2015
CR00012358,04/08/2022 10:16:00 PM,15,CLEAR,DAYLIGHT,REAR TO FRONT,NOT DIVIDED,NO CONTROLS,FAILING TO REDUCE SPEED,NOT APPLICABLE,0,0,0,0,22,6,4,815,47TH ST,41.924051,-87.510748,04/09/2022 12:02:00 AM,2022
CR00012359,03/10/2024 11:36:00 AM,35,FOG/SMOKE/HAZE,DAYLIGHT,PARKED MOTOR VEHICLE,ONE-WAY,STOP SIGN/FLASHER,FAILING TO YIELD RIGHT-OF-WAY,UNABLE TO DETERMINE,0,0,0,0,11,1,3,115,BROADWAY,41.905518,-87.568358,03/10/2024 11:43:00 AM,2024
CR00012360,03/27/2024 01:24:00 PM,20,CLEAR,DARKNESS - LIGHTED ROAD,TURNING,NOT DIVIDED,STOP SIGN/FLASHER,FOLLOWING TOO CLOSELY,IMPROPER LANE USAGE,0,1,1,2,13,4,3,706,STONY ISLAND AVE,41.963305,-87.699275,03/27/2024 01:49:00 PM,2024
CR00012361,09/21/2019 08:35:00 PM,20,CLEAR,DAYLIGHT,TURNING,NOT DIVIDED,UNKNOWN,WEATHER,NOT APPLICABLE,0,0,0,0,20,7,9,371,OGDEN AVE,41.972652,-87.710705,09/21/2019 10:27:00 PM,2019
CR00012362,02/20/2016 07:08:00 AM,20,CLEAR,DAYLIGHT,PEDESTRIAN,DIVIDED - W/MEDIAN (NOT RAISED),NO CONTROLS,FOLLOWING TOO CLOSELY,FAILING TO REDUCE SPEED,0,0,0,0,7,7,2,2460,CALIFORNIA AVE,41.882555,-87.666095,02/20/2016 08:24:00 AM,2016
CR00012363,12/17/2024 05:50:00 PM,30,CLEAR,DUSK,SIDESWIPE SAME DIRECTION,NOT DIVIDED,NO CONTROLS,UNABLE TO DETERMINE,DRIVING SKILLS/KNOWLEDGE/EXPERIENCE,0,0,0,0,17,3,12,328,ELSTON AVE,41.809053,-87.797098,12/17/2024 07:29:00 PM,2024
CR00012364,03/20/2015 06:22:00 PM,20,CLEAR,DAYLIGHT,TURNING,NOT DIVIDED,NO CONTROLS,DISTRACTION - FROM INSIDE VEHICLE,FOLLOWING TOO CLOSELY,0,0,0,0,18,6,3,816,LAKE SHORE DR,41.720238,-87.787022,03/20/2015 07:59:00 PM,2015
CR00012365,01/07/2022 06:24:00 AM,45,CLEAR,DAYLIGHT,PARKED MOTOR VEHICLE,DIVIDED - W/MEDIAN (NOT RAISED),NO CONTROLS,UNABLE TO DETERMINE,UNABLE TO DETERMINE,0,0,0,0,6,6,1,1440,CLARK ST,41.720749,-87.826626,01/07/2022 07:45:00 AM,2022
CR00012366,05/03/2022 04:41:00 AM,30,CLEAR,DARKNESS,REAR END,NOT DIVIDED,UNKNOWN,FAILING TO YIELD RIGHT-OF-WAY,FAILING TO YIELD RIGHT-OF-WAY,0,0,1,1,4,3,5,323,DAMEN AVE,41.994821,-87.708726,05/03/2022 05:44:00 AM,2022
CR00012367,06/22/2019 08:11:00 PM,15,RAIN,DAYLIGHT,REAR END,ONE-WAY,NO CONTROLS,DISTRACTION - FROM INSIDE VEHICLE,UNABLE TO DETERMINE,0,0,0,0,20,7,6,232,ELSTON AVE,41.950633,-87.52018,06/22/2019 09:51:00 PM,2019
CR00012368,01/04/2021 08:09:00 PM,30,CLEAR,DAYLIGHT,TURNING,FOUR WAY,NO CONTROLS,UNABLE TO DETERMINE,IMPROPER OVERTAKING/PASSING,0,0,1,1,20,2,1,391,MICHIGAN AVE,41.985961,-87.59224,01/04/2021 09:30:00 PM,2021
CR00012369,12/10/2024 06:49:00 PM,20,CLEAR,DAYLIGHT,FIXED OBJECT,DIVIDED - W/MEDIAN BARRIER,UNKNOWN,UNABLE TO DETERMINE,FAILING TO YIELD RIGHT-OF-WAY,0,0,0,0,18,3,12,1704,STATE ST,41.945213,-87.69868,12/10/2024 06:56:00 PM,2024
CR00012370,07/22/2019 02:19:00 AM,20,CLEAR,DARKNESS - LIGHTED ROAD,REAR END,T-INTERSECTION,UNKNOWN,WEATHER,IMPROPER OVERTAKING/PASSING,0,0,0,0,2,2,7,1365,CICERO AVE,41.962484,-87.788413,07/22/2019 03:13:00 AM,2019
CR00012371,04/05/2016 06:38:00 PM,30,FREEZING RAIN/DRIZZLE,DARKNESS - LIGHTED ROAD,SIDESWIPE SAME DIRECTION,FOUR WAY,STOP SIGN/FLASHER,FOLLOWING TOO CLOSELY,UNABLE TO DETERMINE,0,0,0,0,18,3,4,1145,PULASKI RD,41.938567,-87.610572,04/05/2016 07:29:00 PM,2016
CR00012372,08/22/2020 10:59:00 AM,30,RAIN,DARKNESS - LIGHTED ROAD,REAR END,DIVIDED - W/MEDIAN (NOT RAISED),UNKNOWN,FOLLOWING TOO CLOSELY,DISTRACTION - FROM INSIDE VEHICLE,0,0,0,0,10,7,8,301,STONY ISLAND AVE,41.765085,-87.537334,08/22/2020 12:38:00 PM,2020
CR00012373,08/05/2019 08:40:00 AM,25,CLEAR,DAYLIGHT,REAR END,DIVIDED - W/MEDIAN (NOT RAISED),NO CONTROLS,WEATHER,FOLLOWING TOO CLOSELY,0,0,0,0,8,2,8,2490,FULLERTON AVE,41.887329,-87.551242,08/05/2019 09:11:00 AM,2019
CR00012374,08/05/2020 09:46:00 PM,40,CLEAR,DARKNESS - LIGHTED ROAD,SIDESWIPE SAME DIRECTION,DIVIDED - W/MEDIAN BARRIER,STOP SIGN/FLASHER,IMPROPER OVERTAKING/PASSING,FAILING TO REDUCE SPEED,0,0,0,0,21,4,8,687,STONY ISLAND AVE,41.78581,-87.506666,08/05/2020 11:31:00 PM,2020
CR00012375,11/08/2016 09:18:00 AM,30,CLEAR,DAYLIGHT,REAR END,FOUR WAY,STOP SIGN/FLASHER,UNABLE TO DETERMINE,FAILING TO REDUCE SPEED,0,0,0,0,9,3,11,1769,WESTERN AVE,41.771936,-87.628446,11/08/2016 10:00:00 AM,2016
CR00012376,07/17/2015 08:59:00 AM,30,CLEAR,DARKNESS - LIGHTED ROAD,SIDESWIPE SAME DIRECTION,T-INTERSECTION,STOP SIGN/FLASHER,FAILING TO YIELD RIGHT-OF-WAY,UNABLE TO DETERMINE,0,0,0,0,8,6,7,1271,PULASKI RD,41.774668,-87.661296,07/17/2015 09:19:00 AM,2015
CR00012377,06/23/2021 01:51:00 PM,20,CLEAR,DAYLIGHT,ANGLE,DIVIDED - W/MEDIAN (NOT RAISED),NO CONTROLS,UNABLE TO DETERMINE,FAILING TO YIELD RIGHT-OF-WAY,0,0,0,0,13,4,6,1956,IRVING PARK RD,41.916757,-87.710925,06/23/2021 03:10:00 PM,2021
CR00012378,10/06/2024 05:04:00 PM,30,CLEAR,DAYLIGHT,FIXED OBJECT,NOT DIVIDED,TRAFFIC SIGNAL,UNABLE TO DETERMINE,FAILING TO YIELD RIGHT-OF-WAY,0,0,1,1,17,1,10,2177,PULASKI RD,41.815414,-87.841176,10/06/2024 05:12:00 PM,2024
CR00012379,01/19/2017 10:11:00 PM,20,SNOW,DAYLIGHT,REAR END,DIVIDED - W/MEDIAN BARRIER,UNKNOWN,FOLLOWING TOO CLOSELY,DRIVING SKILLS/KNOWLEDGE/EXPERIENCE,0,0,0,0,22,5,1,1911,BROADWAY,41.990489,-87.513352,01/19/2017 10:58:00 PM,2017
CR00012380,01/02/2015 07:04:00 AM,30,CLEAR,DARKNESS - LIGHTED ROAD,PARKED MOTOR VEHICLE,ONE-WAY,TRAFFIC SIGNAL,UNABLE TO DETERMINE,DRIVING SKILLS/KNOWLEDGE/EXPERIENCE,0,0,0,0,7,6,1,983,CLARK ST,41.859205,-87.772093,01/02/2015 08:56:00 AM,2015
CR00012381,06/19/2022 09:55:00 AM,45,CLEAR,DAYLIGHT,PARKED MOTOR VEHICLE,NOT DIVIDED,YIELD,FOLLOWING TOO CLOSELY,DRIVING SKILLS/KNOWLEDGE/EXPERIENCE,0,0,0,0,9,1,6,701,HALSTED ST,41.790608,-87.638513,06/19/2022 10:53:00 AM,2022
CR00012382,06/05/2022 08:45:00 AM,30,CLEAR,DARKNESS - LIGHTED ROAD,TURNING,NOT DIVIDED,TRAFFIC SIGNAL,UNABLE TO DETERMINE,UNABLE TO DETERMINE,0,0,0,0,8,1,6,1205,OGDEN AVE,41.982582,-87.817914,06/05/2022 10:35:00 AM,2022
CR00012383,12/08/2017 12:09:00 AM,30,CLEAR,DAYLIGHT,FIXED OBJECT,ONE-WAY,NO CONTROLS,DISTRACTION - FROM INSIDE VEHICLE,DISREGARDING TRAFFIC SIGNALS,0,0,0,0,0,6,12,1253,DIVISION ST,41.890173,-87.664257,12/08/2017 12:38:00 AM,2017
CR00012384,06/14/2019 04:47:00 PM,20,CLEAR,DUSK,REAR END,NOT DIVIDED,TRAFFIC SIGNAL,DISREGARDING TRAFFIC SIGNALS,IMPROPER LANE USAGE,0,0,0,0,16,6,6,1520,BROADWAY,41.849862,-87.506566,06/14/2019 05:44:00 PM,2019
CR00012385,02/10/2021 07:26:00 AM,15,CLEAR,DAYLIGHT,FIXED OBJECT,NOT DIVIDED,NO CONTROLS,DISTRACTION - FROM INSIDE VEHICLE,UNABLE TO DETERMINE,0,0,0,0,7,4,2,353,MILWAUKEE AVE,41.982934,-87.592021,02/10/2021 09:05:00 AM,2021
CR00012386,12/07/2020 07:32:00 AM,20,CLEAR,DAYLIGHT,PARKED MOTOR VEHICLE,ONE-WAY,NO CONTROLS,IMPROPER LANE USAGE,UNABLE TO DETERMINE,0,0,0,0,7,2,12,1902,63RD ST,41.929514,-87.715904,12/07/2020 08:31:00 AM,2020
CR00012387,05/12/2018 06:25:00 PM,40,CLEAR,DARKNESS - LIGHTED ROAD,TURNING,NOT DIVIDED,STOP SIGN/FLASHER,DRIVING SKILLS/KNOWLEDGE/EXPERIENCE,WEATHER,0,0,2,2,18,7,5,998,MILWAUKEE AVE,41.736584,-87.547277,05/12/2018 08:02:00 PM,2018
CR00012388,06/29/2019 04:51:00 PM,30,CLEAR,DAYLIGHT,SIDESWIPE SAME DIRECTION,NOT DIVIDED,NO CONTROLS,FOLLOWING TOO CLOSELY,FAILING TO REDUCE SPEED,0,0,0,0,16,7,6,856,OGDEN AVE,41.94531,-87.511642,06/29/2019 05:44:00 PM,2019
CR00012389,07/30/2023 10:33:00 PM,40,CLEAR,DARKNESS - LIGHTED ROAD,FIXED OBJECT,DIVIDED - W/MEDIAN (NOT RAISED),NO CONTROLS,DISTRACTION - FROM INSIDE VEHICLE,FOLLOWING TOO CLOSELY,0,0,3,3,22,1,7,2113,HALSTED ST,41.978093,-87.743694,07/30/2023 10:54:00 PM,2023
CR00012390,06/09/2019 06:34:00 PM,35,CLEAR,DAYLIGHT,REAR END,NOT DIVIDED,TRAFFIC SIGNAL,FOLLOWING TOO CLOSELY,IMPROPER LANE USAGE,0,0,1,1,18,1,6,1716,BROADWAY,41.818218,-87.776309,06/09/2019 06:39:00 PM,2019
CR00012391,07/02/2019 03:03:00 AM,25,CLEAR,DARKNESS - LIGHTED ROAD,TURNING,DIVIDED - W/MEDIAN BARRIER,NO CONTROLS,IMPROPER OVERTAKING/PASSING,NOT APPLICABLE,0,0,0,0,3,3,7,1191,79TH ST,41.886068,-87.779983,07/02/2019 04:25:00 AM,2019
CR00012392,10/18/2024 04:01:00 PM,30,FREEZING RAIN/DRIZZLE,DAYLIGHT,TURNING,NOT DIVIDED,UNKNOWN,UNABLE TO DETERMINE,WEATHER,0,0,0,0,16,6,10,2312,DIVISION ST,41.826057,-87.64372,10/18/2024 05:47:00 PM,2024
CR00012393,02/19/2017 09:34:00 AM,40,CLEAR,DAYLIGHT,TURNING,NOT DIVIDED,NO CONTROLS,IMPROPER LANE USAGE,FAILING TO REDUCE SPEED,0,0,0,0,9,1,2,1074,CALIFORNIA AVE,41.974792,-87.683004,02/19/2017 09:58:00 AM,2017
CR00012394,07/24/2017 04:20:00 PM,30,RAIN,DAYLIGHT,ANGLE,FOUR WAY,YIELD,DISTRACTION - FROM INSIDE VEHICLE,FAILING TO YIELD RIGHT-OF-WAY,0,0,0,0,16,2,7,2156,79TH ST,41.812818,-87.645722,07/24/2017 05:16:00 PM,2017
CR00012395,04/14/2018 03:13:00 PM,15,RAIN,DARKNESS,REAR TO FRONT,ONE-WAY,TRAFFIC SIGNAL,DRIVING SKILLS/KNOWLEDGE/EXPERIENCE,FAILING TO REDUCE SPEED,0,0,0,0,15,7,4,2380,ASHLAND AVE,41.782502,-87.843398,04/14/2018 04:16:00 PM,2018
CR00012396,04/04/2021 12:56:00 PM,30,CLEAR,DAYLIGHT,ANGLE,NOT DIVIDED,NO CONTROLS,IMPROPER OVERTAKING/PASSING,UNABLE TO DETERMINE,0,0,0,0,12,1,4,1872,STONY ISLAND AVE,41.934562,-87.685372,04/04/2021 01:43:00 PM,2021
CR00012397,10/03/2024 03:49:00 PM,35,CLEAR,DAWN,REAR END,NOT DIVIDED,TRAFFIC SIGNAL,FAILING TO YIELD RIGHT-OF-WAY,UNABLE TO DETERMINE,0,0,0,0,15,5,10,1447,MILWAUKEE AVE,41.847933,-87.836854,10/03/2024 05:02:00 PM,2024
CR00012398,09/08/2016 04:28:00 PM,35,CLEAR,DAYLIGHT,REAR END,ONE-WAY,STOP SIGN/FLASHER,UNABLE TO DETERMINE,UNABLE TO DETERMINE,0,0,0,0,16,5,9,1918,ROOSEVELT RD,41.802938,-87.590241,09/08/2016 05:04:00 PM,2016
CR00012399,03/13/2022 08:25:00 AM,20,CLEAR,DARKNESS - LIGHTED ROAD,REAR END,DIVIDED - W/MEDIAN (NOT RAISED),NO CONTROLS,UNABLE TO DETERMINE,UNABLE TO DETERMINE,0,0,0,0,8,1,3,2202,47TH ST,41.922313,-87.581247,03/13/2022 09:58:00 AM,2022
CR00012400,08/26/2015 01:59:00 AM,40,CLEAR,DAYLIGHT,REAR END,NOT DIVIDED,TRAFFIC SIGNAL,UNABLE TO DETERMINE,IMPROPER OVERTAKING/PASSING,0,1,2,3,1,4,8,1810,DIVISION ST,41.933969,-87.536271,08/26/2015 02:14:00 AM,2015
CR00012401,07/12/2023 06:55:00 PM,40,RAIN,DAYLIGHT,REAR END,DIVIDED - W/MEDIAN (NOT RAISED),NO CONTROLS,FAILING TO REDUCE SPEED,FOLLOWING TOO CLOSELY,0,0,0,0,18,4,7,1463,HALSTED ST,41.843966,-87.65854,07/12/2023 08:23:00 PM,2023
CR00012402,07/10/2022 05:49:00 AM,40,CLEAR,DAYLIGHT,SIDESWIPE SAME DIRECTION,NOT DIVIDED,TRAFFIC SIGNAL,UNABLE TO DETERMINE,IMPROPER OVERTAKING/PASSING,0,0,0,0,5,1,7,1867,MILWAUKEE AVE,41.947319,-87.650407,07/10/2022 06:21:00 AM,2022
CR00012403,10/08/2019 06:09:00 PM,40,CLEAR,DAYLIGHT,SIDESWIPE SAME DIRECTION,NOT DIVIDED,UNKNOWN,IMPROPER LANE USAGE,FOLLOWING TOO CLOSELY,0,0,0,0,18,3,10,1136,STATE ST,41.710528,-87.641253,10/08/2019 06:43:00 PM,2019
CR00012404,10/25/2024 08:47:00 AM,45,FOG/SMOKE/HAZE,DAYLIGHT,TURNING,ONE-WAY,TRAFFIC SIGNAL,DRIVING SKILLS/KNOWLEDGE/EXPERIENCE,UNABLE TO DETERMINE,0,0,0,0,8,6,10,1755,LAKE SHORE DR,41.721458,-87.740802,10/25/2024 09:10:00 AM,2024
CR00012405,07/15/2018 09:49:00 AM,35,RAIN,DAYLIGHT,SIDESWIPE SAME DIRECTION,ONE-WAY,YIELD,DISTRACTION - FROM INSIDE VEHICLE,FOLLOWING TOO CLOSELY,0,0,0,0,9,1,7,1367,BROADWAY,41.891615,-87.620247,07/15/2018 10:01:00 AM,2018
CR00012406,12/08/2018 11:28:00 AM,35,CLEAR,DUSK,ANGLE,DIVIDED - W/MEDIAN (NOT RAISED),UNKNOWN,UNABLE TO DETERMINE,NOT APPLICABLE,0,0,0,0,11,7,12,1376,MICHIGAN AVE,41.784264,-87.794007,12/08/2018 12:58:00 PM,2018
CR00012407,08/10/2018 02:42:00 AM,40,CLEAR,DAYLIGHT,PARKED MOTOR VEHICLE,NOT DIVIDED,NO CONTROLS,FOLLOWING TOO CLOSELY,UNABLE TO DETERMINE,0,0,0,0,2,6,8,1432,STONY ISLAND AVE,41.845945,-87.740141,08/10/2018 04:21:00 AM,2018
CR00012408,09/14/2018 11:47:00 AM,40,CLEAR,DUSK,REAR END,T-INTERSECTION,STOP SIGN/FLASHER,IMPROPER LANE USAGE,IMPROPER OVERTAKING/PASSING,0,0,0,0,11,6,9,829,STATE ST,41.808234,-87.622672,09/14/2018 01:31:00 PM,2018
CR00012409,10/14/2021 05:02:00 PM,35,CLEAR,DAYLIGHT,REAR END,NOT DIVIDED,TRAFFIC SIGNAL,IMPROPER OVERTAKING/PASSING,FOLLOWING TOO CLOSELY,0,0,3,3,17,5,10,141,CLARK ST,41.711205,-87.568052,10/14/2021 06:34:00 PM,2021
CR00012410,08/31/2016 08:41:00 AM,30,SNOW,DUSK,ANGLE,FOUR WAY,TRAFFIC SIGNAL,UNABLE TO DETERMINE,DISREGARDING TRAFFIC SIGNALS,0,0,0,0,8,4,8,1911,CLARK ST,41.898909,-87.679822,08/31/2016 09:25:00 AM,2016
CR00012411,03/28/2024 11:26:00 PM,30,CLEAR,DAYLIGHT,REAR END,FOUR WAY,TRAFFIC SIGNAL,FAILING TO REDUCE SPEED,FAILING TO REDUCE SPEED,0,0,0,0,23,5,3,1984,IRVING PARK RD,41.707987,-87.760918,03/29/2024 01:15:00 AM,2024
CR00012412,07/27/2015 07:40:00 AM,35,CLEAR,DAYLIGHT,REAR TO FRONT,NOT DIVIDED,NO CONTROLS,DRIVING SKILLS/KNOWLEDGE/EXPERIENCE,FAILING TO YIELD RIGHT-OF-WAY,0,0,0,0,7,2,7,467,WESTERN AVE,41.731394,-87.808247,07/27/2015 08:21:00 AM,2015
CR00012413,11/14/2021 08:03:00 PM,25,CLEAR,DARKNESS,PEDESTRIAN,ONE-WAY,TRAFFIC SIGNAL,DISTRACTION - FROM INSIDE VEHICLE,NOT APPLICABLE,0,0,0,0,20,1,11,629,ELSTON AVE,41.720734,-87.698289,11/14/2021 08:32:00 PM,2021
CR00012414,05/30/2019 04:19:00 PM,40,CLEAR,DARKNESS - LIGHTED ROAD,REAR END,FOUR WAY,NO CONTROLS,UNABLE TO DETERMINE,IMPROPER LANE USAGE,0,0,1,1,16,5,5,1360,OGDEN AVE,41.8928,-87.581856,05/30/2019 05:46:00 PM,2019
CR00012415,05/11/2023 12:01:00 PM,35,CLEAR,DAYLIGHT,REAR END,DIVIDED - W/MEDIAN BARRIER,NO CONTROLS,UNABLE TO DETERMINE,DRIVING SKILLS/KNOWLEDGE/EXPERIENCE,0,0,0,0,12,5,5,1483,PULASKI RD,41.963428,-87.571,05/11/2023 01:17:00 PM,2023
CR00012416,04/21/2017 11:21:00 PM,15,CLEAR,DAYLIGHT,ANGLE,DIVIDED - W/MEDIAN (NOT RAISED),NO CONTROLS,FAILING TO REDUCE SPEED,UNABLE TO DETERMINE,0,0,0,0,23,6,4,656,ARCHER AVE,41.874372,-87.827107,04/21/2017 11:35:00 PM,2017
CR00012417,05/13/2017 04:29:00 PM,30,CLEAR,DAYLIGHT,REAR END,NOT DIVIDED,STOP SIGN/FLASHER,FAILING TO YIELD RIGHT-OF-WAY,DRIVING SKILLS/KNOWLEDGE/EXPERIENCE,0,0,0,0,16,7,5,1387,PULASKI RD,41.736593,-87.747266,05/13/2017 06:20:00 PM,2017
CR00012418,04/18/2015 07:07:00 AM,25,CLOUDY/OVERCAST,DAYLIGHT,ANGLE,DIVIDED - W/MEDIAN (NOT RAISED),NO CONTROLS,IMPROPER OVERTAKING/PASSING,FAILING TO REDUCE SPEED,0,0,0,0,7,7,4,1760,STONY ISLAND AVE,41.860156,-87.635069,04/18/2015 08:46:00 AM,2015
CR00012419,12/07/2016 09:20:00 AM,30,CLEAR,DAYLIGHT,SIDESWIPE SAME DIRECTION,FOUR WAY,TRAFFIC SIGNAL,UNABLE TO DETERMINE,FOLLOWING TOO CLOSELY,0,0,0,0,9,4,12,860,STONY ISLAND AVE,41.932358,-87.759469,12/07/2016 10:40:00 AM,2016
CR00012420,12/12/2018 06:05:00 PM,45,CLEAR,DAYLIGHT,TURNING,DIVIDED - W/MEDIAN (NOT RAISED),TRAFFIC SIGNAL,DRIVING SKILLS/KNOWLEDGE/EXPERIENCE,NOT APPLICABLE,0,0,0,0,18,4,12,687,DIVISION ST,41.960705,-87.654046,12/12/2018 07:37:00 PM,2018
CR00012421,04/06/2016 10:25:00 PM,25,CLEAR,DAYLIGHT,PARKED MOTOR VEHICLE,DIVIDED - W/MEDIAN (NOT RAISED),TRAFFIC SIGNAL,DISTRACTION - FROM INSIDE VEHICLE,IMPROPER OVERTAKING/PASSING,0,0,0,0,22,4,4,1144,CICERO AVE,41.841799,-87.683425,04/06/2016 11:38:00 PM,2016
CR00012422,11/05/2019 03:04:00 PM,25,CLEAR,DARKNESS - LIGHTED ROAD,PEDESTRIAN,T-INTERSECTION,STOP SIGN/FLASHER,UNABLE TO DETERMINE,DISTRACTION - FROM INSIDE VEHICLE,0,0,0,0,15,3,11,812,STATE ST,41.93495,-87.583549,11/05/2019 03:59:00 PM,2019
CR00012423,01/03/2020 06:59:00 PM,20,CLEAR,DARKNESS - LIGHTED ROAD,PARKED MOTOR VEHICLE,NOT DIVIDED,NO CONTROLS,FOLLOWING TOO CLOSELY,IMPROPER LANE USAGE,0,0,1,1,18,6,1,1958,OGDEN AVE,41.700962,-87.704975,01/03/2020 08:18:00 PM,2020
CR00012424,04/11/2023 03:32:00 PM,40,CLEAR,DAYLIGHT,TURNING,T-INTERSECTION,NO CONTROLS,DRIVING SKILLS/KNOWLEDGE/EXPERIENCE,FAILING TO YIELD RIGHT-OF-WAY,0,0,0,0,15,3,4,257,FULLERTON AVE,41.995573,-87.800682,04/11/2023 04:54:00 PM,2023
CR00012425,09/21/2024 10:44:00 AM,30,CLEAR,DAYLIGHT,TURNING,DIVIDED - W/MEDIAN (NOT RAISED),NO CONTROLS,UNABLE TO DETERMINE,IMPROPER OVERTAKING/PASSING,0,0,0,0,10,7,9,2312,ASHLAND AVE,41.988103,-87.816539,09/21/2024 10:47:00 AM,2024
CR00012426,11/02/2022 01:12:00 AM,30,CLEAR,DAYLIGHT,REAR END,NOT DIVIDED,STOP SIGN/FLASHER,FOLLOWING TOO CLOSELY,UNABLE TO DETERMINE,0,0,0,0,1,4,11,1464,HALSTED ST,41.716468,-87.73569,11/02/2022 02:13:00 AM,2022
CR00012427,06/08/2021 09:28:00 AM,15,CLEAR,DAYLIGHT,PARKED MOTOR VEHICLE,NOT DIVIDED,TRAFFIC SIGNAL,FOLLOWING TOO CLOSELY,DISTRACTION - FROM INSIDE VEHICLE,0,0,0,0,9,3,6,134,MILWAUKEE AVE,41.775467,-87.772385,06/08/2021 09:59:00 AM,2021
CR00012428,12/05/2017 02:01:00 PM,25,CLEAR,DARKNESS - LIGHTED ROAD,ANGLE,DIVIDED - W/MEDIAN (NOT RAISED),NO CONTROLS,IMPROPER LANE USAGE,DRIVING SKILLS/KNOWLEDGE/EXPERIENCE,0,0,0,0,14,3,12,2132,WESTERN AVE,41.820297,-87.65289,12/05/2017 03:11:00 PM,2017
CR00012429,09/02/2015 03:36:00 AM,30,CLEAR,DAYLIGHT,PARKED MOTOR VEHICLE,NOT DIVIDED,UNKNOWN,FAILING TO YIELD RIGHT-OF-WAY,FAILING TO YIELD RIGHT-OF-WAY,0,0,3,3,3,4,9,419,CLARK ST,41.844172,-87.671139,09/02/2015 03:52:00 AM,2015
CR00012430,11/03/2016 08:00:00 AM,35,CLEAR,DARKNESS - LIGHTED ROAD,SIDESWIPE SAME DIRECTION,T-INTERSECTION,TRAFFIC SIGNAL,IMPROPER OVERTAKING/PASSING,NOT APPLICABLE,0,0,0,0,8,5,11,1652,CICERO AVE,41.705276,-87.765813,11/03/2016 08:59:00 AM,2016
CR00012431,08/06/2015 05:40:00 PM,45,CLEAR,DAYLIGHT,FIXED OBJECT,DIVIDED - W/MEDIAN (NOT RAISED),TRAFFIC SIGNAL,DRIVING SKILLS/KNOWLEDGE/EXPERIENCE,NOT APPLICABLE,0,0,0,0,17,5,8,1244,63RD ST,41.772277,-87.843055,08/06/2015 06:41:00 PM,2015
CR00012432,03/14/2015 08:10:00 AM,30,RAIN,DAYLIGHT,REAR END,ONE-WAY,STOP SIGN/FLASHER,FAILING TO YIELD RIGHT-OF-WAY,FOLLOWING TOO CLOSELY,0,0,0,0,8,7,3,1342,BROADWAY,41.893542,-87.784964,03/14/2015 08:36:00 AM,2015
CR00012433,02/15/2018 01:27:00 PM,15,CLEAR,DARKNESS - LIGHTED ROAD,PARKED MOTOR VEHICLE,FOUR WAY,YIELD,WEATHER,FOLLOWING TOO CLOSELY,0,0,0,0,13,5,2,308,STATE ST,41.72917,-87.809881,02/15/2018 02:07:00 PM,2018
CR00012434,07/20/2018 10:24:00 AM,20,SNOW,DARKNESS - LIGHTED ROAD,ANGLE,FOUR WAY,NO CONTROLS,DRIVING SKILLS/KNOWLEDGE/EXPERIENCE,IMPROPER LANE USAGE,0,0,0,0,10,6,7,1564,ROOSEVELT RD,41.702422,-87.714666,07/20/2018 12:09:00 PM,2018
CR00012435,04/03/2020 06:31:00 AM,30,CLEAR,DARKNESS - LIGHTED ROAD,ANGLE,FOUR WAY,STOP SIGN/FLASHER,WEATHER,UNABLE TO DETERMINE,0,0,0,0,6,6,4,2003,OGDEN AVE,41.76799,-87.70782,04/03/2020 06:44:00 AM,2020