CRASH_RECORD_ID,CRASH_DATE,POSTED_SPEED_LIMIT,WEATHER_CONDITION,LIGHTING_CONDITION,FIRST_CRASH_TYPE,TRAFFICWAY_TYPE,TRAFFIC_CONTROL_DEVICE,PRIM_CONTRIBUTORY_CAUSE,SEC_CONTRIBUTORY_CAUSE,INJURIES_FATAL,INJURIES_INCAPACITATING,INJURIES_NON_INCAPACITATING,INJURIES_TOTAL,CRASH_HOUR,CRASH_DAY_OF_WEEK,CRASH_MONTH,BEAT_OF_OCCURRENCE,STREET_NAME,LATITUDE,LONGITUDE,DATE_POLICE_NOTIFIED,year
CR00012436,01/20/2023 11:28:00 AM,30,CLEAR,DAYLIGHT,PARKED MOTOR VEHICLE,DIVIDED - W/MEDIAN (NOT RAISED),NO CONTROLS,UNABLE TO DETERMINE,DISREGARDING TRAFFIC SIGNALS,0,0,1,1,11,6,1,2128,ARCHER AVE,41.917298,-87.738777,01/20/2023 01:03:00 PM,2023
CR00012437,09/07/2023 12:51:00 PM,30,CLEAR,DARKNESS - LIGHTED ROAD,TURNING,FOUR WAY,STOP SIGN/FLASHER,UNABLE TO DETERMINE,IMPROPER LANE USAGE,0,0,0,0,12,5,9,1078,ELSTON AVE,41.863332,-87.646042,09/07/2023 01:18:00 PM,2023
CR00012438,01/27/2017 06:34:00 PM,15,RAIN,DAYLIGHT,TURNING,NOT DIVIDED,TRAFFIC SIGNAL,FOLLOWING TOO CLOSELY,UNABLE TO DETERMINE,0,0,0,0,18,6,1,1010,FULLERTON AVE,41.929739,-87.519897,01/27/2017 07:52:00 PM,2017
CR00012439,09/25/2024 08:00:00 AM,35,CLEAR,DUSK,REAR TO FRONT,DIVIDED - W/MEDIAN (NOT RAISED),STOP SIGN/FLASHER,DISREGARDING TRAFFIC SIGNALS,NOT APPLICABLE,0,0,0,0,8,4,9,2192,ROOSEVELT RD,41.86337,-87.527079,09/25/2024 09:04:00 AM,2024
CR00012440,06/07/2024 06:24:00 PM,40,RAIN,DARKNESS - LIGHTED ROAD,FIXED OBJECT,ONE-WAY,TRAFFIC SIGNAL,DRIVING SKILLS/KNOWLEDGE/EXPERIENCE,DRIVING SKILLS/KNOWLEDGE/EXPERIENCE,0,0,0,0,18,6,6,1546,CLARK ST,41.942083,-87.536034,06/07/2024 07:33:00 PM,2024
CR00012441,08/03/2019 09:27:00 AM,45,FOG/SMOKE/HAZE,DUSK,ANGLE,NOT DIVIDED,UNKNOWN,IMPROPER OVERTAKING/PASSING,FOLLOWING TOO CLOSELY,0,0,0,0,9,7,8,1714,BROADWAY,41.872842,-87.741215,08/03/2019 09:39:00 AM,2019
CR00012442,09/30/2020 10:32:00 AM,30,CLOUDY/OVERCAST,DARKNESS - LIGHTED ROAD,ANGLE,DIVIDED - W/MEDIAN (NOT RAISED),TRAFFIC SIGNAL,FOLLOWING TOO CLOSELY,FAILING TO YIELD RIGHT-OF-WAY,0,0,0,0,10,4,9,392,63RD ST,41.921537,-87.831065,09/30/2020 12:23:00 PM,2020
CR00012443,07/01/2020 12:02:00 AM,45,CLEAR,DAYLIGHT,SIDESWIPE SAME DIRECTION,FOUR WAY,NO CONTROLS,UNABLE TO DETERMINE,UNABLE TO DETERMINE,0,0,0,0,0,4,7,274,PULASKI RD,41.94602,-87.513792,07/01/2020 01:42:00 AM,2020
CR00012444,07/02/2019 07:10:00 AM,40,RAIN,DAYLIGHT,SIDESWIPE SAME DIRECTION,DIVIDED - W/MEDIAN (NOT RAISED),NO CONTROLS,WEATHER,UNABLE TO DETERMINE,0,0,0,0,7,3,7,874,PULASKI RD,41.881388,-87.667963,07/02/2019 08:59:00 AM,2019
CR00012445,09/23/2017 03:43:00 PM,20,CLEAR,DAYLIGHT,ANGLE,NOT DIVIDED,STOP SIGN/FLASHER,UNABLE TO DETERMINE,FAILING TO YIELD RIGHT-OF-WAY,0,0,1,1,15,7,9,2360,ARCHER AVE,41.73798,-87.537472,09/23/2017 04:39:00 PM,2017
CR00012446,12/23/2017 07:02:00 PM,30,CLOUDY/OVERCAST,DARKNESS - LIGHTED ROAD,REAR TO FRONT,ONE-WAY,STOP SIGN/FLASHER,UNABLE TO DETERMINE,UNABLE TO DETERMINE,0,0,0,0,19,7,12,2160,CICERO AVE,41.913949,-87.506469,12/23/2017 07:27:00 PM,2017
CR00012447,05/04/2019 11:00:00 AM,15,CLEAR,DARKNESS - LIGHTED ROAD,REAR TO FRONT,DIVIDED - W/MEDIAN (NOT RAISED),UNKNOWN,FOLLOWING TOO CLOSELY,UNABLE TO DETERMINE,0,0,0,0,11,7,5,1078,DAMEN AVE,41.828908,-87.777295,05/04/2019 11:29:00 AM,2019
CR00012448,04/28/2024 10:06:00 PM,30,CLEAR,DARKNESS,REAR END,DIVIDED - W/MEDIAN (NOT RAISED),TRAFFIC SIGNAL,UNABLE TO DETERMINE,FAILING TO YIELD RIGHT-OF-WAY,0,2,2,4,22,1,4,1370,ROOSEVELT RD,41.810965,-87.628096,04/28/2024 11:22:00 PM,2024
CR00012449,11/17/2019 07:27:00 AM,30,SNOW,DARKNESS - LIGHTED ROAD,ANGLE,FOUR WAY,TRAFFIC SIGNAL,UNABLE TO DETERMINE,IMPROPER LANE USAGE,0,0,0,0,7,1,11,1898,PULASKI RD,41.893633,-87.755261,11/17/2019 09:14:00 AM,2019
CR00012450,07/08/2023 07:25:00 AM,25,CLOUDY/OVERCAST,DARKNESS - LIGHTED ROAD,REAR TO FRONT,ONE-WAY,YIELD,WEATHER,NOT APPLICABLE,0,0,0,0,7,7,7,2351,DAMEN AVE,41.932519,-87.661119,07/08/2023 07:50:00 AM,2023
CR00012451,03/17/2019 04:03:00 PM,35,CLEAR,DAYLIGHT,TURNING,NOT DIVIDED,NO CONTROLS,FOLLOWING TOO CLOSELY,UNABLE TO DETERMINE,0,0,0,0,16,1,3,1920,STATE ST,41.968507,-87.66665,03/17/2019 05:59:00 PM,2019
CR00012452,11/26/2017 11:41:00 PM,30,FOG/SMOKE/HAZE,DAYLIGHT,TURNING,FOUR WAY,UNKNOWN,DISREGARDING TRAFFIC SIGNALS,IMPROPER OVERTAKING/PASSING,0,0,0,0,23,1,11,682,BROADWAY,41.931443,-87.70367,11/27/2017 01:13:00 AM,2017
CR00012453,01/31/2019 07:57:00 PM,45,CLEAR,DARKNESS - LIGHTED ROAD,FIXED OBJECT,NOT DIVIDED,NO CONTROLS,DRIVING SKILLS/KNOWLEDGE/EXPERIENCE,IMPROPER OVERTAKING/PASSING,0,0,0,0,19,5,1,1630,WESTERN AVE,41.874138,-87.527486,01/31/2019 09:20:00 PM,2019
CR00012454,09/12/2024 06:04:00 PM,30,RAIN,DARKNESS - LIGHTED ROAD,REAR TO FRONT,T-INTERSECTION,PEDESTRIAN CROSSING SIGN,FOLLOWING TOO CLOSELY,IMPROPER OVERTAKING/PASSING,0,0,0,0,18,5,9,1463,KEDZIE AVE,41.741106,-87.682369,09/12/2024 07:39:00 PM,2024
CR00012455,02/11/2021 09:53:00 AM,40,CLEAR,DAYLIGHT,REAR END,DIVIDED - W/MEDIAN (NOT RAISED),STOP SIGN/FLASHER,UNABLE TO DETERMINE,IMPROPER OVERTAKING/PASSING,0,1,0,1,9,5,2,475,47TH ST,41.749251,-87.552512,02/11/2021 11:53:00 AM,2021
CR00012456,08/09/2023 07:53:00 AM,35,CLEAR,DARKNESS,TURNING,NOT DIVIDED,STOP SIGN/FLASHER,UNABLE TO DETERMINE,NOT APPLICABLE,0,0,2,2,7,4,8,973,ELSTON AVE,41.737024,-87.568063,08/09/2023 08:59:00 AM,2023
CR00012457,05/30/2021 08:33:00 AM,25,CLEAR,DAYLIGHT,REAR END,DIVIDED - W/MEDIAN (NOT RAISED),TRAFFIC SIGNAL,FAILING TO YIELD RIGHT-OF-WAY,FAILING TO YIELD RIGHT-OF-WAY,0,0,0,0,8,1,5,818,STONY ISLAND AVE,41.852532,-87.614947,05/30/2021 10:18:00 AM,2021
CR00012458,07/24/2023 09:39:00 AM,35,CLOUDY/OVERCAST,DAYLIGHT,TURNING,NOT DIVIDED,STOP SIGN/FLASHER,FAILING TO YIELD RIGHT-OF-WAY,NOT APPLICABLE,0,0,0,0,9,2,7,114,47TH ST,41.744563,-87.79251,07/24/2023 09:48:00 AM,2023
CR00012459,09/24/2018 03:54:00 PM,25,CLEAR,DAYLIGHT,SIDESWIPE SAME DIRECTION,NOT DIVIDED,NO CONTROLS,DRIVING SKILLS/KNOWLEDGE/EXPERIENCE,NOT APPLICABLE,0,0,1,1,15,2,9,2335,STONY ISLAND AVE,41.872005,-87.538765,09/24/2018 03:57:00 PM,2018
CR00012460,03/13/2015 02:14:00 AM,30,CLEAR,DAYLIGHT,PEDESTRIAN,ONE-WAY,UNKNOWN,DISTRACTION - FROM INSIDE VEHICLE,FAILING TO YIELD RIGHT-OF-WAY,0,0,0,0,2,6,3,366,ROOSEVELT RD,41.720797,-87.78462,03/13/2015 03:10:00 AM,2015
CR00012461,04/27/2019 03:51:00 PM,35,FREEZING RAIN/DRIZZLE,DAYLIGHT,REAR END,DIVIDED - W/MEDIAN (NOT RAISED),STOP SIGN/FLASHER,UNABLE TO DETERMINE,FOLLOWING TOO CLOSELY,0,0,1,1,15,7,4,1998,IRVING PARK RD,41.739022,-87.730802,04/27/2019 04:16:00 PM,2019
CR00012462,12/14/2022 03:37:00 PM,30,RAIN,DAYLIGHT,PARKED MOTOR VEHICLE,FOUR WAY,TRAFFIC SIGNAL,FAILING TO YIELD RIGHT-OF-WAY,UNABLE TO DETERMINE,0,0,0,0,15,4,12,1404,47TH ST,41.828736,-87.793115,12/14/2022 03:50:00 PM,2022
CR00012463,02/23/2022 04:07:00 PM,25,CLEAR,DAYLIGHT,PARKED MOTOR VEHICLE,NOT DIVIDED,PEDESTRIAN CROSSING SIGN,FAILING TO YIELD RIGHT-OF-WAY,NOT APPLICABLE,0,0,0,0,16,4,2,1772,LAKE SHORE DR,41.755025,-87.73274,02/23/2022 04:38:00 PM,2022
CR00012464,05/23/2015 06:00:00 PM,35,CLEAR,DAYLIGHT,FIXED OBJECT,NOT DIVIDED,NO CONTROLS,FAILING TO REDUCE SPEED,UNABLE TO DETERMINE,0,0,0,0,18,7,5,1510,IRVING PARK RD,41.865188,-87.791023,05/23/2015 06:11:00 PM,2015
CR00012465,11/09/2015 11:46:00 AM,30,CLEAR,DARKNESS - LIGHTED ROAD,REAR TO FRONT,NOT DIVIDED,NO CONTROLS,DISTRACTION - FROM INSIDE VEHICLE,UNABLE TO DETERMINE,0,0,0,0,11,2,11,1445,PULASKI RD,41.857291,-87.781074,11/09/2015 01:24:00 PM,2015
CR00012466,08/18/2015 04:33:00 AM,20,CLEAR,DAYLIGHT,TURNING,NOT DIVIDED,NO CONTROLS,UNABLE TO DETERMINE,UNABLE TO DETERMINE,0,0,0,0,4,3,8,269,ELSTON AVE,41.768179,-87.53839,08/18/2015 06:07:00 AM,2015
CR00012467,01/24/2023 11:51:00 AM,30,CLEAR,DAYLIGHT,ANGLE,FOUR WAY,TRAFFIC SIGNAL,FAILING TO YIELD RIGHT-OF-WAY,NOT APPLICABLE,0,0,0,0,11,3,1,380,DAMEN AVE,41.808988,-87.628983,01/24/2023 01:35:00 PM,2023
CR00012468,08/15/2016 08:41:00 AM,15,CLEAR,DAYLIGHT,SIDESWIPE SAME DIRECTION,NOT DIVIDED,TRAFFIC SIGNAL,FOLLOWING TOO CLOSELY,UNABLE TO DETERMINE,0,0,0,0,8,2,8,1218,KEDZIE AVE,41.714533,-87.70889,08/15/2016 08:52:00 AM,2016
CR00012469,04/14/2016 07:55:00 AM,35,CLOUDY/OVERCAST,DARKNESS - LIGHTED ROAD,ANGLE,DIVIDED - W/MEDIAN BARRIER,STOP SIGN/FLASHER,IMPROPER LANE USAGE,NOT APPLICABLE,0,0,0,0,7,5,4,729,DAMEN AVE,41.984254,-87.847238,04/14/2016 08:22:00 AM,2016
CR00012470,01/13/2024 04:56:00 PM,25,CLOUDY/OVERCAST,DARKNESS - LIGHTED ROAD,TURNING,DIVIDED - W/MEDIAN (NOT RAISED),NO CONTROLS,DRIVING SKILLS/KNOWLEDGE/EXPERIENCE,FAILING TO YIELD RIGHT-OF-WAY,0,0,0,0,16,7,1,2067,KEDZIE AVE,41.758829,-87.794511,01/13/2024 05:28:00 PM,2024
CR00012471,04/16/2019 07:05:00 PM,15,CLEAR,DAYLIGHT,REAR END,ONE-WAY,TRAFFIC SIGNAL,FOLLOWING TOO CLOSELY,DRIVING SKILLS/KNOWLEDGE/EXPERIENCE,0,0,0,0,19,3,4,136,ELSTON AVE,41.872713,-87.564866,04/16/2019 08:23:00 PM,2019
CR00012472,02/20/2022 11:16:00 PM,30,CLOUDY/OVERCAST,DAYLIGHT,ANGLE,NOT DIVIDED,NO CONTROLS,FAILING TO YIELD RIGHT-OF-WAY,FAILING TO YIELD RIGHT-OF-WAY,0,0,0,0,23,1,2,898,ARCHER AVE,41.961531,-87.518081,02/21/2022 12:01:00 AM,2022
CR00012473,09/29/2023 04:36:00 PM,25,CLEAR,DAYLIGHT,REAR END,DIVIDED - W/MEDIAN (NOT RAISED),STOP SIGN/FLASHER,UNABLE TO DETERMINE,UNABLE TO DETERMINE,0,0,0,0,16,6,9,2151,HALSTED ST,41.840878,-87.779132,09/29/2023 05:40:00 PM,2023
CR00012474,07/13/2024 03:08:00 AM,45,CLEAR,DAYLIGHT,SIDESWIPE SAME DIRECTION,NOT DIVIDED,TRAFFIC SIGNAL,FOLLOWING TOO CLOSELY,NOT APPLICABLE,0,0,0,0,3,7,7,906,STATE ST,41.959521,-87.688995,07/13/2024 05:02:00 AM,2024
CR00012475,07/10/2024 06:39:00 PM,25,CLEAR,DAYLIGHT,PARKED MOTOR VEHICLE,DIVIDED - W/MEDIAN (NOT RAISED),NO CONTROLS,DISTRACTION - FROM INSIDE VEHICLE,FOLLOWING TOO CLOSELY,0,0,0,0,18,4,7,789,ASHLAND AVE,41.834478,-87.5024,07/10/2024 07:07:00 PM,2024
CR00012476,08/16/2023 04:31:00 PM,35,RAIN,DAYLIGHT,ANGLE,DIVIDED - W/MEDIAN (NOT RAISED),NO CONTROLS,IMPROPER LANE USAGE,FAILING TO YIELD RIGHT-OF-WAY,0,0,0,0,16,4,8,1973,PULASKI RD,41.870999,-87.75091,08/16/2023 05:52:00 PM,2023
CR00012477,11/30/2016 05:23:00 PM,30,CLEAR,DARKNESS - LIGHTED ROAD,PARKED MOTOR VEHICLE,DIVIDED - W/MEDIAN (NOT RAISED),NO CONTROLS,WEATHER,NOT APPLICABLE,0,0,0,0,17,4,11,2379,LAKE SHORE DR,41.761124,-87.662166,11/30/2016 06:53:00 PM,2016
CR00012478,05/15/2018 05:55:00 PM,20,CLEAR,DUSK,REAR END,NOT DIVIDED,NO CONTROLS,DRIVING SKILLS/KNOWLEDGE/EXPERIENCE,NOT APPLICABLE,0,0,0,0,17,3,5,530,ARCHER AVE,41.895143,-87.745982,05/15/2018 07:17:00 PM,2018
CR00012479,07/24/2021 10:02:00 PM,30,CLEAR,DAYLIGHT,PEDESTRIAN,DIVIDED - W/MEDIAN (NOT RAISED),NO CONTROLS,FOLLOWING TOO CLOSELY,NOT APPLICABLE,0,0,0,0,22,7,7,2443,KEDZIE AVE,41.87683,-87.831531,07/24/2021 10:54:00 PM,2021
CR00012480,08/17/2020 01:29:00 PM,40,CLEAR,DAYLIGHT,FIXED OBJECT,ONE-WAY,STOP SIGN/FLASHER,DRIVING SKILLS/KNOWLEDGE/EXPERIENCE,IMPROPER OVERTAKING/PASSING,0,0,0,0,13,2,8,1666,LAKE SHORE DR,41.710894,-87.591596,08/17/2020 03:03:00 PM,2020
CR00012481,11/26/2019 08:52:00 AM,30,RAIN,DAYLIGHT,REAR END,NOT DIVIDED,STOP SIGN/FLASHER,UNABLE TO DETERMINE,UNABLE TO DETERMINE,0,0,0,0,8,3,11,2418,DIVISION ST,41.965362,-87.840597,11/26/2019 10:38:00 AM,2019
CR00012482,05/23/2020 09:55:00 AM,30,CLEAR,DAYLIGHT,REAR END,ONE-WAY,UNKNOWN,DISTRACTION - FROM INSIDE VEHICLE,FAILING TO YIELD RIGHT-OF-WAY,0,0,0,0,9,7,5,1667,ASHLAND AVE,41.752263,-87.581737,05/23/2020 11:12:00 AM,2020
CR00012483,01/05/2022 10:07:00 AM,40,CLEAR,DUSK,TURNING,DIVIDED - W/MEDIAN (NOT RAISED),UNKNOWN,DRIVING SKILLS/KNOWLEDGE/EXPERIENCE,UNABLE TO DETERMINE,0,0,0,0,10,4,1,558,MILWAUKEE AVE,41.933221,-87.527319,01/05/2022 10:43:00 AM,2022
CR00012484,01/27/2024 06:40:00 PM,15,CLEAR,DAYLIGHT,PEDESTRIAN,ONE-WAY,TRAFFIC SIGNAL,IMPROPER OVERTAKING/PASSING,NOT APPLICABLE,0,0,0,0,18,7,1,1437,HALSTED ST,41.741302,-87.546221,01/27/2024 08:40:00 PM,2024
CR00012485,11/15/2022 08:41:00 AM,45,CLEAR,DARKNESS - LIGHTED ROAD,TURNING,NOT DIVIDED,STOP SIGN/FLASHER,FOLLOWING TOO CLOSELY,UNABLE TO DETERMINE,0,0,0,0,8,3,11,628,KEDZIE AVE,41.75637,-87.630822,11/15/2022 08:59:00 AM,2022
CR00012486,09/06/2021 04:28:00 PM,45,RAIN,DUSK,REAR END,NOT DIVIDED,NO CONTROLS,UNABLE TO DETERMINE,DISREGARDING TRAFFIC SIGNALS,0,0,1,1,16,2,9,493,LAKE SHORE DR,41.78233,-87.559922,09/06/2021 04:34:00 PM,2021
CR00012487,03/28/2017 08:29:00 PM,35,CLEAR,DARKNESS - LIGHTED ROAD,FIXED OBJECT,NOT DIVIDED,TRAFFIC SIGNAL,DISREGARDING TRAFFIC SIGNALS,UNABLE TO DETERMINE,0,0,2,2,20,3,3,1170,BROADWAY,41.902847,-87.5738,03/28/2017 09:19:00 PM,2017
CR00012488,08/05/2024 03:27:00 PM,40,CLEAR,DAYLIGHT,PARKED MOTOR VEHICLE,NOT DIVIDED,STOP SIGN/FLASHER,UNABLE TO DETERMINE,IMPROPER LANE USAGE,0,0,0,0,15,2,8,458,47TH ST,41.979924,-87.583249,08/05/2024 04:48:00 PM,2024
CR00012489,04/22/2022 06:40:00 PM,20,CLEAR,DAYLIGHT,FIXED OBJECT,NOT DIVIDED,TRAFFIC SIGNAL,FAILING TO REDUCE SPEED,IMPROPER LANE USAGE,0,0,0,0,18,6,4,2472,CICERO AVE,41.735379,-87.605556,04/22/2022 07:26:00 PM,2022
CR00012490,05/20/2017 03:59:00 PM,30,RAIN,DARKNESS - LIGHTED ROAD,TURNING,NOT DIVIDED,STOP SIGN/FLASHER,UNABLE TO DETERMINE,FOLLOWING TOO CLOSELY,0,0,0,0,15,7,5,2083,CALIFORNIA AVE,41.84774,-87.550931,05/20/2017 04:30:00 PM,2017
CR00012491,07/21/2016 04:07:00 PM,30,CLEAR,DAYLIGHT,ANGLE,NOT DIVIDED,STOP SIGN/FLASHER,FOLLOWING TOO CLOSELY,NOT APPLICABLE,0,0,0,0,16,5,7,1314,HALSTED ST,41.955936,-87.644081,07/21/2016 04:38:00 PM,2016
CR00012492,05/19/2023 05:57:00 PM,45,CLEAR,DAYLIGHT,PARKED MOTOR VEHICLE,DIVIDED - W/MEDIAN BARRIER,NO CONTROLS,UNABLE TO DETERMINE,NOT APPLICABLE,0,0,0,0,17,6,5,701,STONY ISLAND AVE,41.754048,-87.607351,05/19/2023 06:21:00 PM,2023
CR00012493,06/19/2020 10:26:00 AM,25,CLEAR,DAYLIGHT,REAR END,ONE-WAY,NO CONTROLS,DISREGARDING TRAFFIC SIGNALS,NOT APPLICABLE,0,0,0,0,10,6,6,409,ASHLAND AVE,41.772036,-87.736299,06/19/2020 10:27:00 AM,2020
CR00012494,03/17/2022 06:07:00 PM,30,CLOUDY/OVERCAST,DAYLIGHT,ANGLE,NOT DIVIDED,TRAFFIC SIGNAL,FOLLOWING TOO CLOSELY,DISTRACTION - FROM INSIDE VEHICLE,0,0,1,1,18,5,3,2222,WESTERN AVE,41.997081,-87.602107,03/17/2022 06:37:00 PM,2022
CR00012495,08/22/2024 10:30:00 AM,30,CLEAR,DAYLIGHT,FIXED OBJECT,NOT DIVIDED,NO CONTROLS,DISREGARDING TRAFFIC SIGNALS,DISTRACTION - FROM INSIDE VEHICLE,0,0,0,0,10,5,8,525,DIVISION ST,41.891488,-87.815366,08/22/2024 11:27:00 AM,2024
CR00012496,03/06/2023 09:36:00 AM,35,CLOUDY/OVERCAST,DAYLIGHT,REAR END,FOUR WAY,NO CONTROLS,DISREGARDING TRAFFIC SIGNALS,DISREGARDING TRAFFIC SIGNALS,0,0,0,0,9,2,3,626,79TH ST,41.921131,-87.797842,03/06/2023 11:34:00 AM,2023
CR00012497,08/13/2023 10:16:00 PM,15,RAIN,DAYLIGHT,FIXED OBJECT,DIVIDED - W/MEDIAN (NOT RAISED),STOP SIGN/FLASHER,DISREGARDING TRAFFIC SIGNALS,FAILING TO YIELD RIGHT-OF-WAY,0,0,0,0,22,1,8,341,CICERO AVE,41.949049,-87.696066,08/13/2023 11:55:00 PM,2023
CR00012498,09/12/2024 06:59:00 PM,45,CLEAR,DAYLIGHT,FIXED OBJECT,FOUR WAY,STOP SIGN/FLASHER,DRIVING SKILLS/KNOWLEDGE/EXPERIENCE,UNABLE TO DETERMINE,0,0,0,0,18,5,9,2452,PULASKI RD,41.927083,-87.708748,09/12/2024 07:26:00 PM,2024
CR00012499,06/21/2016 05:31:00 PM,30,CLEAR,DUSK,TURNING,NOT DIVIDED,NO CONTROLS,IMPROPER OVERTAKING/PASSING,FOLLOWING TOO CLOSELY,0,0,0,0,17,3,6,338,ARCHER AVE,41.970175,-87.690057,06/21/2016 07:18:00 PM,2016
CR00012500,12/31/2021 04:41:00 AM,20,CLEAR,DAYLIGHT,ANGLE,NOT DIVIDED,TRAFFIC SIGNAL,DISREGARDING TRAFFIC SIGNALS,FOLLOWING TOO CLOSELY,0,0,1,1,4,6,12,613,CICERO AVE,41.912286,-87.591762,12/31/2021 04:42:00 AM,2021
CR00012501,07/31/2018 06:51:00 PM,40,CLEAR,DARKNESS - LIGHTED ROAD,PARKED MOTOR VEHICLE,DIVIDED - W/MEDIAN BARRIER,NO CONTROLS,DISREGARDING TRAFFIC SIGNALS,UNABLE TO DETERMINE,0,0,0,0,18,3,7,1113,CICERO AVE,41.74596,-87.59861,07/31/2018 08:46:00 PM,2018
CR00012502,11/17/2024 03:47:00 PM,20,CLEAR,DARKNESS - LIGHTED ROAD,REAR TO FRONT,NOT DIVIDED,STOP SIGN/FLASHER,FAILING TO YIELD RIGHT-OF-WAY,NOT APPLICABLE,0,0,0,0,15,1,11,232,BROADWAY,41.977538,-87.654694,11/17/2024 04:55:00 PM,2024
CR00012503,12/07/2022 08:22:00 AM,30,CLEAR,DARKNESS - LIGHTED ROAD,REAR TO FRONT,DIVIDED - W/MEDIAN (NOT RAISED),STOP SIGN/FLASHER,DISREGARDING TRAFFIC SIGNALS,FAILING TO YIELD RIGHT-OF-WAY,0,0,1,1,8,4,12,2046,KEDZIE AVE,41.830793,-87.57636,12/07/2022 08:33:00 AM,2022
CR00012504,11/14/2018 09:21:00 AM,45,RAIN,DAYLIGHT,REAR TO FRONT,NOT DIVIDED,UNKNOWN,IMPROPER LANE USAGE,FAILING TO REDUCE SPEED,0,0,0,0,9,4,11,1904,47TH ST,41.887896,-87.781141,11/14/2018 09:46:00 AM,2018
CR00012505,08/18/2020 08:38:00 PM,15,CLEAR,DARKNESS - LIGHTED ROAD,ANGLE,NOT DIVIDED,TRAFFIC SIGNAL,UNABLE TO DETERMINE,DISTRACTION - FROM INSIDE VEHICLE,0,0,0,0,20,3,8,806,LAKE SHORE DR,41.763916,-87.659489,08/18/2020 10:28:00 PM,2020
CR00012506,01/03/2015 10:02:00 AM,35,CLEAR,DAYLIGHT,PEDESTRIAN,T-INTERSECTION,STOP SIGN/FLASHER,FOLLOWING TOO CLOSELY,NOT APPLICABLE,0,0,0,0,10,7,1,723,79TH ST,41.709773,-87.664927,01/03/2015 10:15:00 AM,2015
CR00012507,11/18/2022 12:03:00 AM,35,CLEAR,DARKNESS - LIGHTED ROAD,PARKED MOTOR VEHICLE,FOUR WAY,NO CONTROLS,IMPROPER OVERTAKING/PASSING,NOT APPLICABLE,0,1,3,4,0,6,11,1362,IRVING PARK RD,41.741172,-87.596523,11/18/2022 01:12:00 AM,2022
CR00012508,04/11/2019 12:29:00 AM,30,CLEAR,DAYLIGHT,ANGLE,NOT DIVIDED,TRAFFIC SIGNAL,UNABLE TO DETERMINE,FAILING TO YIELD RIGHT-OF-WAY,0,0,0,0,0,5,4,2335,79TH ST,41.830882,-87.777902,04/11/2019 02:04:00 AM,2019
CR00012509,03/07/2019 08:18:00 AM,25,CLEAR,DAYLIGHT,FIXED OBJECT,DIVIDED - W/MEDIAN (NOT RAISED),STOP SIGN/FLASHER,DRIVING SKILLS/KNOWLEDGE/EXPERIENCE,UNABLE TO DETERMINE,0,0,0,0,8,5,3,1880,MICHIGAN AVE,41.904602,-87.559999,03/07/2019 09:04:00 AM,2019
CR00012510,04/19/2024 07:12:00 AM,15,CLEAR,DARKNESS - LIGHTED ROAD,SIDESWIPE SAME DIRECTION,DIVIDED - W/MEDIAN BARRIER,NO CONTROLS,FAILING TO YIELD RIGHT-OF-WAY,UNABLE TO DETERMINE,0,0,0,0,7,6,4,1840,WESTERN AVE,41.794581,-87.809971,04/19/2024 08:18:00 AM,2024
CR00012511,10/14/2017 04:54:00 PM,30,CLEAR,DAYLIGHT,TURNING,NOT DIVIDED,TRAFFIC SIGNAL,FOLLOWING TOO CLOSELY,WEATHER,0,0,1,1,16,7,10,833,KEDZIE AVE,41.982153,-87.657006,10/14/2017 05:18:00 PM,2017
CR00012512,11/29/2018 07:59:00 PM,35,CLEAR,DAYLIGHT,PARKED MOTOR VEHICLE,ONE-WAY,TRAFFIC SIGNAL,FAILING TO YIELD RIGHT-OF-WAY,UNABLE TO DETERMINE,0,0,1,1,19,5,11,1996,HALSTED ST,41.904765,-87.565828,11/29/2018 08:23:00 PM,2018
CR00012513,11/15/2017 07:21:00 AM,35,CLEAR,DARKNESS - LIGHTED ROAD,ANGLE,ONE-WAY,UNKNOWN,IMPROPER OVERTAKING/PASSING,IMPROPER LANE USAGE,0,0,0,0,7,4,11,1818,ASHLAND AVE,41.951352,-87.593862,11/15/2017 08:54:00 AM,2017
CR00012514,02/28/2016 04:06:00 PM,30,CLEAR,DAYLIGHT,FIXED OBJECT,T-INTERSECTION,NO CONTROLS,DISTRACTION - FROM INSIDE VEHICLE,DRIVING SKILLS/KNOWLEDGE/EXPERIENCE,0,0,0,0,16,1,2,911,63RD ST,41.73094,-87.840047,02/28/2016 04:36:00 PM,2016
CR00012515,06/05/2018 01:56:00 PM,30,SNOW,DAYLIGHT,REAR TO FRONT,NOT DIVIDED,TRAFFIC SIGNAL,FAILING TO YIELD RIGHT-OF-WAY,NOT APPLICABLE,0,0,0,0,13,3,6,1582,ELSTON AVE,41.702738,-87.848487,06/05/2018 02:11:00 PM,2018
CR00012516,05/29/2021 11:34:00 AM,45,CLEAR,DAYLIGHT,ANGLE,NOT DIVIDED,TRAFFIC SIGNAL,DISTRACTION - FROM INSIDE VEHICLE,UNABLE TO DETERMINE,0,0,0,0,11,7,5,470,DIVISION ST,41.957645,-87.712806,05/29/2021 11:52:00 AM,2021
CR00012517,06/19/2016 03:07:00 PM,35,CLEAR,DAYLIGHT,TURNING,T-INTERSECTION,NO CONTROLS,FOLLOWING TOO CLOSELY,UNABLE TO DETERMINE,0,0,0,0,15,1,6,139,BROADWAY,41.935834,-87.756058,06/19/2016 05:05:00 PM,2016