CRASH_RECORD_ID,CRASH_DATE,POSTED_SPEED_LIMIT,WEATHER_CONDITION,LIGHTING_CONDITION,FIRST_CRASH_TYPE,TRAFFICWAY_TYPE,TRAFFIC_CONTROL_DEVICE,PRIM_CONTRIBUTORY_CAUSE,SEC_CONTRIBUTORY_CAUSE,INJURIES_FATAL,INJURIES_INCAPACITATING,INJURIES_NON_INCAPACITATING,INJURIES_TOTAL,CRASH_HOUR,CRASH_DAY_OF_WEEK,CRASH_MONTH,BEAT_OF_OCCURRENCE,STREET_NAME,LATITUDE,LONGITUDE,DATE_POLICE_NOTIFIED,year
CR00012518,10/19/2015 04:57:00 PM,40,CLEAR,DARKNESS - LIGHTED ROAD,ANGLE,DIVIDED - W/MEDIAN BARRIER,TRAFFIC SIGNAL,FOLLOWING TOO CLOSELY,IMPROPER OVERTAKING/PASSING,0,0,0,0,16,2,10,711,CLARK ST,41.921906,-87.575938,10/19/2015 06:55:00 PM,2015
CR00012519,12/12/2016 07:16:00 PM,35,FREEZING RAIN/DRIZZLE,DAYLIGHT,REAR END,DIVIDED - W/MEDIAN BARRIER,TRAFFIC SIGNAL,UNABLE TO DETERMINE,UNABLE TO DETERMINE,0,0,0,0,19,2,12,162,IRVING PARK RD,41.90036,-87.648947,12/12/2016 07:50:00 PM,2016
CR00012520,05/31/2020 10:22:00 AM,45,CLEAR,DARKNESS - LIGHTED ROAD,REAR END,ONE-WAY,NO CONTROLS,IMPROPER OVERTAKING/PASSING,UNABLE TO DETERMINE,0,0,0,0,10,1,5,2211,KEDZIE AVE,41.977616,-87.777951,05/31/2020 10:41:00 AM,2020
CR00012521,08/14/2023 01:00:00 PM,35,RAIN,DAWN,REAR TO FRONT,FOUR WAY,STOP SIGN/FLASHER,DRIVING SKILLS/KNOWLEDGE/EXPERIENCE,WEATHER,0,0,3,3,13,2,8,1448,CLARK ST,41.880878,-87.552219,08/14/2023 01:58:00 PM,2023
CR00012522,09/23/2016 04:58:00 AM,30,RAIN,DAYLIGHT,SIDESWIPE SAME DIRECTION,FOUR WAY,YIELD,FAILING TO YIELD RIGHT-OF-WAY,NOT APPLICABLE,0,0,0,0,4,6,9,527,IRVING PARK RD,41.891209,-87.811453,09/23/2016 06:24:00 AM,2016
CR00012523,07/06/2016 02:44:00 PM,20,CLOUDY/OVERCAST,DAYLIGHT,PARKED MOTOR VEHICLE,FOUR WAY,TRAFFIC SIGNAL,UNABLE TO DETERMINE,DISTRACTION - FROM INSIDE VEHICLE,0,0,0,0,14,4,7,575,MILWAUKEE AVE,41.807399,-87.754497,07/06/2016 04:14:00 PM,2016
CR00012524,10/13/2021 07:02:00 PM,30,CLEAR,DUSK,TURNING,DIVIDED - W/MEDIAN BARRIER,STOP SIGN/FLASHER,IMPROPER LANE USAGE,UNABLE TO DETERMINE,0,0,2,2,19,4,10,1984,MICHIGAN AVE,41.700245,-87.732483,10/13/2021 07:12:00 PM,2021
CR00012525,12/01/2023 01:42:00 PM,40,CLEAR,DAYLIGHT,REAR END,DIVIDED - W/MEDIAN (NOT RAISED),NO CONTROLS,UNABLE TO DETERMINE,IMPROPER LANE USAGE,0,0,0,0,13,6,12,951,KEDZIE AVE,41.824587,-87.834577,12/01/2023 03:25:00 PM,2023
CR00012526,07/27/2017 09:09:00 PM,45,CLEAR,DAYLIGHT,REAR END,ONE-WAY,TRAFFIC SIGNAL,DISTRACTION - FROM INSIDE VEHICLE,DISTRACTION - FROM INSIDE VEHICLE,0,0,0,0,21,5,7,2393,LAKE SHORE DR,41.852656,-87.823197,07/27/2017 10:36:00 PM,2017
CR00012527,05/22/2017 09:23:00 AM,35,CLOUDY/OVERCAST,DUSK,REAR TO FRONT,NOT DIVIDED,NO CONTROLS,IMPROPER LANE USAGE,DISTRACTION - FROM INSIDE VEHICLE,0,0,0,0,9,2,5,1965,ELSTON AVE,41.94204,-87.834517,05/22/2017 10:03:00 AM,2017
CR00012528,04/21/2020 12:16:00 AM,35,CLEAR,DAYLIGHT,REAR END,DIVIDED - W/MEDIAN (NOT RAISED),TRAFFIC SIGNAL,UNABLE TO DETERMINE,FOLLOWING TOO CLOSELY,0,0,0,0,0,3,4,570,ELSTON AVE,41.806707,-87.628677,04/21/2020 12:53:00 AM,2020
CR00012529,04/06/2024 01:03:00 AM,30,CLEAR,DAYLIGHT,SIDESWIPE SAME DIRECTION,NOT DIVIDED,NO CONTROLS,UNABLE TO DETERMINE,FAILING TO YIELD RIGHT-OF-WAY,0,0,0,0,1,7,4,531,HALSTED ST,41.909226,-87.625954,04/06/2024 01:23:00 AM,2024
CR00012530,05/13/2022 11:15:00 AM,25,RAIN,DARKNESS - LIGHTED ROAD,PARKED MOTOR VEHICLE,NOT DIVIDED,NO CONTROLS,UNABLE TO DETERMINE,FOLLOWING TOO CLOSELY,0,0,0,0,11,6,5,213,ELSTON AVE,41.782104,-87.531755,05/13/2022 01:10:00 PM,2022
CR00012531,09/06/2015 11:42:00 PM,30,CLEAR,DAYLIGHT,ANGLE,NOT DIVIDED,STOP SIGN/FLASHER,FOLLOWING TOO CLOSELY,FOLLOWING TOO CLOSELY,0,0,0,0,23,1,9,1946,OGDEN AVE,41.989767,-87.562765,09/07/2015 01:03:00 AM,2015
CR00012532,07/21/2018 08:25:00 AM,20,CLEAR,DARKNESS - LIGHTED ROAD,TURNING,NOT DIVIDED,NO CONTROLS,IMPROPER LANE USAGE,NOT APPLICABLE,0,0,0,0,8,7,7,1276,ROOSEVELT RD,41.755414,-87.797536,07/21/2018 08:51:00 AM,2018
CR00012533,12/17/2017 06:51:00 PM,30,CLEAR,DUSK,FIXED OBJECT,FOUR WAY,TRAFFIC SIGNAL,UNABLE TO DETERMINE,IMPROPER OVERTAKING/PASSING,0,0,0,0,18,1,12,1521,79TH ST,41.866337,-87.755987,12/17/2017 08:36:00 PM,2017
CR00012534,08/27/2021 04:25:00 PM,30,CLEAR,DAYLIGHT,SIDESWIPE SAME DIRECTION,ONE-WAY,NO CONTROLS,WEATHER,UNABLE TO DETERMINE,0,0,0,0,16,6,8,815,ARCHER AVE,41.707067,-87.561723,08/27/2021 05:56:00 PM,2021
CR00012535,11/21/2023 12:59:00 PM,35,CLEAR,DAYLIGHT,TURNING,NOT DIVIDED,STOP SIGN/FLASHER,UNABLE TO DETERMINE,IMPROPER OVERTAKING/PASSING,0,0,0,0,12,3,11,425,PULASKI RD,41.783882,-87.778688,11/21/2023 02:17:00 PM,2023
CR00012536,01/10/2019 07:29:00 PM,20,CLEAR,DARKNESS - LIGHTED ROAD,FIXED OBJECT,NOT DIVIDED,NO CONTROLS,UNABLE TO DETERMINE,NOT APPLICABLE,0,0,0,0,19,5,1,1535,ARCHER AVE,41.819412,-87.511554,01/10/2019 08:36:00 PM,2019
CR00012537,03/02/2020 04:49:00 PM,30,CLEAR,DAWN,SIDESWIPE SAME DIRECTION,NOT DIVIDED,NO CONTROLS,DISTRACTION - FROM INSIDE VEHICLE,IMPROPER OVERTAKING/PASSING,0,0,0,0,16,2,3,1651,DAMEN AVE,41.880717,-87.767143,03/02/2020 05:33:00 PM,2020
CR00012538,02/28/2023 05:47:00 PM,35,CLOUDY/OVERCAST,DARKNESS - LIGHTED ROAD,ANGLE,DIVIDED - W/MEDIAN BARRIER,TRAFFIC SIGNAL,WEATHER,UNABLE TO DETERMINE,0,0,0,0,17,3,2,1785,47TH ST,41.92922,-87.710693,02/28/2023 07:03:00 PM,2023
CR00012539,08/18/2021 08:32:00 AM,40,CLOUDY/OVERCAST,DAYLIGHT,REAR END,DIVIDED - W/MEDIAN (NOT RAISED),NO CONTROLS,UNABLE TO DETERMINE,NOT APPLICABLE,0,0,0,0,8,4,8,2181,47TH ST,41.736717,-87.571849,08/18/2021 09:13:00 AM,2021
CR00012540,08/21/2016 03:26:00 PM,45,CLEAR,DAYLIGHT,SIDESWIPE SAME DIRECTION,DIVIDED - W/MEDIAN BARRIER,TRAFFIC SIGNAL,DISREGARDING TRAFFIC SIGNALS,FAILING TO YIELD RIGHT-OF-WAY,0,0,1,1,15,1,8,1053,KEDZIE AVE,41.719404,-87.638908,08/21/2016 04:12:00 PM,2016
CR00012541,09/12/2022 04:07:00 PM,35,CLEAR,DAYLIGHT,ANGLE,DIVIDED - W/MEDIAN (NOT RAISED),TRAFFIC SIGNAL,FAILING TO YIELD RIGHT-OF-WAY,FOLLOWING TOO CLOSELY,0,0,0,0,16,2,9,1192,PULASKI RD,41.703685,-87.643565,09/12/2022 06:01:00 PM,2022
CR00012542,10/12/2023 06:12:00 PM,30,CLEAR,DAYLIGHT,REAR TO FRONT,ONE-WAY,STOP SIGN/FLASHER,FOLLOWING TOO CLOSELY,FOLLOWING TOO CLOSELY,0,0,0,0,18,5,10,1448,HALSTED ST,41.732691,-87.536532,10/12/2023 06:59:00 PM,2023
CR00012543,07/06/2022 12:22:00 PM,30,CLEAR,DAYLIGHT,REAR END,DIVIDED - W/MEDIAN BARRIER,TRAFFIC SIGNAL,FOLLOWING TOO CLOSELY,FOLLOWING TOO CLOSELY,0,0,0,0,12,4,7,691,CALIFORNIA AVE,41.990078,-87.832107,07/06/2022 01:15:00 PM,2022
CR00012544,11/18/2015 03:43:00 PM,30,CLEAR,DAYLIGHT,TURNING,NOT DIVIDED,NO CONTROLS,DRIVING SKILLS/KNOWLEDGE/EXPERIENCE,DISTRACTION - FROM INSIDE VEHICLE,0,0,0,0,15,4,11,795,63RD ST,41.74366,-87.819411,11/18/2015 04:23:00 PM,2015
CR00012545,09/24/2017 10:18:00 PM,30,CLEAR,DAYLIGHT,REAR END,NOT DIVIDED,TRAFFIC SIGNAL,IMPROPER OVERTAKING/PASSING,FOLLOWING TOO CLOSELY,0,0,0,0,22,1,9,1975,OGDEN AVE,41.964495,-87.842814,09/24/2017 10:48:00 PM,2017
CR00012546,05/18/2019 02:15:00 PM,20,CLEAR,DARKNESS - LIGHTED ROAD,PARKED MOTOR VEHICLE,ONE-WAY,NO CONTROLS,UNABLE TO DETERMINE,UNABLE TO DETERMINE,0,1,2,3,14,7,5,1218,KEDZIE AVE,41.988686,-87.821781,05/18/2019 02:39:00 PM,2019
CR00012547,08/02/2021 11:12:00 PM,45,CLEAR,DUSK,ANGLE,FOUR WAY,TRAFFIC SIGNAL,UNABLE TO DETERMINE,DISREGARDING TRAFFIC SIGNALS,0,0,1,1,23,2,8,2241,MICHIGAN AVE,41.884289,-87.570761,08/03/2021 12:41:00 AM,2021
CR00012548,05/02/2021 03:36:00 PM,30,CLEAR,DAYLIGHT,ANGLE,DIVIDED - W/MEDIAN (NOT RAISED),STOP SIGN/FLASHER,WEATHER,UNABLE TO DETERMINE,0,0,0,0,15,1,5,1881,DAMEN AVE,41.948862,-87.571257,05/02/2021 05:07:00 PM,2021
CR00012549,01/21/2024 07:35:00 AM,15,CLEAR,DAYLIGHT,TURNING,ONE-WAY,NO CONTROLS,IMPROPER OVERTAKING/PASSING,DISTRACTION - FROM INSIDE VEHICLE,0,0,0,0,7,1,1,575,79TH ST,41.919841,-87.765134,01/21/2024 09:06:00 AM,2024
CR00012550,06/20/2023 04:38:00 PM,25,FOG/SMOKE/HAZE,DAWN,PARKED MOTOR VEHICLE,NOT DIVIDED,TRAFFIC SIGNAL,IMPROPER LANE USAGE,IMPROPER LANE USAGE,0,0,0,0,16,3,6,1326,HALSTED ST,41.957431,-87.683182,06/20/2023 06:20:00 PM,2023
CR00012551,01/03/2022 10:16:00 AM,15,RAIN,DAYLIGHT,FIXED OBJECT,NOT DIVIDED,UNKNOWN,UNABLE TO DETERMINE,IMPROPER LANE USAGE,0,0,0,0,10,2,1,774,MICHIGAN AVE,41.70075,-87.739846,01/03/2022 11:53:00 AM,2022
CR00012552,07/13/2017 08:43:00 AM,20,CLEAR,DAYLIGHT,TURNING,T-INTERSECTION,TRAFFIC SIGNAL,DISTRACTION - FROM INSIDE VEHICLE,IMPROPER LANE USAGE,0,1,1,2,8,5,7,2122,ROOSEVELT RD,41.943979,-87.734235,07/13/2017 09:53:00 AM,2017
CR00012553,10/17/2020 07:38:00 PM,25,CLEAR,DARKNESS - LIGHTED ROAD,ANGLE,DIVIDED - W/MEDIAN (NOT RAISED),STOP SIGN/FLASHER,UNABLE TO DETERMINE,IMPROPER OVERTAKING/PASSING,0,0,0,0,19,7,10,331,47TH ST,41.770769,-87.56071,10/17/2020 08:09:00 PM,2020
CR00012554,05/28/2021 08:17:00 PM,40,CLEAR,DARKNESS - LIGHTED ROAD,ANGLE,DIVIDED - W/MEDIAN (NOT RAISED),STOP SIGN/FLASHER,IMPROPER LANE USAGE,IMPROPER LANE USAGE,0,1,1,2,20,6,5,797,OGDEN AVE,41.968197,-87.626175,05/28/2021 08:35:00 PM,2021
CR00012555,03/16/2015 12:49:00 PM,30,CLOUDY/OVERCAST,DARKNESS - LIGHTED ROAD,REAR END,DIVIDED - W/MEDIAN (NOT RAISED),NO CONTROLS,UNABLE TO DETERMINE,NOT APPLICABLE,0,0,0,0,12,2,3,2367,IRVING PARK RD,41.774621,-87.648101,03/16/2015 01:09:00 PM,2015
CR00012556,10/31/2020 07:13:00 AM,25,CLEAR,DAYLIGHT,REAR END,NOT DIVIDED,NO CONTROLS,UNABLE TO DETERMINE,FAILING TO YIELD RIGHT-OF-WAY,0,0,0,0,7,7,10,1891,47TH ST,41.840901,-87.700449,10/31/2020 08:49:00 AM,2020
CR00012557,09/23/2022 02:59:00 PM,35,CLEAR,DAYLIGHT,REAR TO FRONT,NOT DIVIDED,UNKNOWN,DISTRACTION - FROM INSIDE VEHICLE,NOT APPLICABLE,0,0,0,0,14,6,9,219,LAKE SHORE DR,41.817061,-87.735928,09/23/2022 03:35:00 PM,2022
CR00012558,11/24/2016 05:43:00 PM,40,CLEAR,DAYLIGHT,REAR TO FRONT,T-INTERSECTION,TRAFFIC SIGNAL,UNABLE TO DETERMINE,UNABLE TO DETERMINE,0,0,0,0,17,5,11,1775,FULLERTON AVE,41.737705,-87.631734,11/24/2016 07:19:00 PM,2016
CR00012559,03/19/2024 06:17:00 PM,30,CLEAR,DAYLIGHT,SIDESWIPE SAME DIRECTION,NOT DIVIDED,TRAFFIC SIGNAL,FAILING TO YIELD RIGHT-OF-WAY,DRIVING SKILLS/KNOWLEDGE/EXPERIENCE,0,0,0,0,18,3,3,1001,KEDZIE AVE,41.730281,-87.768183,03/19/2024 07:50:00 PM,2024
CR00012560,12/21/2018 07:24:00 AM,30,CLEAR,DAYLIGHT,ANGLE,DIVIDED - W/MEDIAN (NOT RAISED),NO CONTROLS,WEATHER,NOT APPLICABLE,0,0,1,1,7,6,12,2277,OGDEN AVE,41.783039,-87.636019,12/21/2018 08:16:00 AM,2018
CR00012561,12/14/2016 02:47:00 PM,35,CLEAR,DARKNESS - LIGHTED ROAD,SIDESWIPE SAME DIRECTION,ONE-WAY,TRAFFIC SIGNAL,DISTRACTION - FROM INSIDE VEHICLE,UNABLE TO DETERMINE,0,0,0,0,14,4,12,252,MICHIGAN AVE,41.947068,-87.666082,12/14/2016 03:06:00 PM,2016
CR00012562,04/09/2020 07:13:00 AM,30,CLEAR,DAYLIGHT,ANGLE,NOT DIVIDED,NO CONTROLS,DISTRACTION - FROM INSIDE VEHICLE,UNABLE TO DETERMINE,0,0,0,0,7,5,4,578,ELSTON AVE,41.972578,-87.567023,04/09/2020 07:36:00 AM,2020
CR00012563,10/29/2020 08:34:00 PM,25,CLEAR,DAYLIGHT,ANGLE,ONE-WAY,STOP SIGN/FLASHER,UNABLE TO DETERMINE,NOT APPLICABLE,0,0,1,1,20,5,10,1797,STONY ISLAND AVE,41.921711,-87.835177,10/29/2020 10:12:00 PM,2020
CR00012564,05/18/2017 04:11:00 PM,30,CLEAR,DAYLIGHT,REAR END,DIVIDED - W/MEDIAN BARRIER,NO CONTROLS,FAILING TO REDUCE SPEED,UNABLE TO DETERMINE,0,0,0,0,16,5,5,538,DAMEN AVE,41.921236,-87.834369,05/18/2017 04:35:00 PM,2017
CR00012565,02/09/2016 08:03:00 PM,30,FREEZING RAIN/DRIZZLE,DAYLIGHT,PARKED MOTOR VEHICLE,DIVIDED - W/MEDIAN (NOT RAISED),STOP SIGN/FLASHER,UNABLE TO DETERMINE,FOLLOWING TOO CLOSELY,0,0,0,0,20,3,2,194,ELSTON AVE,41.842672,-87.799914,02/09/2016 08:11:00 PM,2016
CR00012566,02/28/2018 07:29:00 AM,40,CLEAR,DAYLIGHT,SIDESWIPE SAME DIRECTION,DIVIDED - W/MEDIAN (NOT RAISED),TRAFFIC SIGNAL,DISTRACTION - FROM INSIDE VEHICLE,UNABLE TO DETERMINE,0,0,0,0,7,4,2,659,KEDZIE AVE,41.797258,-87.615351,02/28/2018 08:58:00 AM,2018
CR00012567,08/30/2020 02:59:00 PM,30,CLEAR,DAYLIGHT,SIDESWIPE SAME DIRECTION,NOT DIVIDED,YIELD,FAILING TO REDUCE SPEED,UNABLE TO DETERMINE,0,0,0,0,14,1,8,206,63RD ST,41.945524,-87.586716,08/30/2020 04:11:00 PM,2020
CR00012568,01/13/2020 08:45:00 AM,25,CLEAR,DAYLIGHT,SIDESWIPE SAME DIRECTION,ONE-WAY,NO CONTROLS,IMPROPER LANE USAGE,FAILING TO YIELD RIGHT-OF-WAY,0,0,0,0,8,2,1,2509,ROOSEVELT RD,41.93433,-87.601344,01/13/2020 09:02:00 AM,2020
CR00012569,09/03/2022 07:39:00 AM,35,CLOUDY/OVERCAST,DARKNESS,TURNING,NOT DIVIDED,NO CONTROLS,UNABLE TO DETERMINE,UNABLE TO DETERMINE,0,0,0,0,7,7,9,259,WESTERN AVE,41.845204,-87.576709,09/03/2022 09:09:00 AM,2022
CR00012570,07/05/2017 04:53:00 PM,20,CLEAR,DAYLIGHT,REAR END,NOT DIVIDED,NO CONTROLS,WEATHER,UNABLE TO DETERMINE,0,0,0,0,16,4,7,2156,CICERO AVE,41.916165,-87.73107,07/05/2017 05:27:00 PM,2017
CR00012571,08/28/2024 08:06:00 AM,30,CLEAR,DAYLIGHT,PARKED MOTOR VEHICLE,NOT DIVIDED,TRAFFIC SIGNAL,UNABLE TO DETERMINE,DISTRACTION - FROM INSIDE VEHICLE,0,0,0,0,8,4,8,1407,ASHLAND AVE,41.945026,-87.513978,08/28/2024 09:08:00 AM,2024
CR00012572,04/18/2021 07:13:00 AM,35,CLEAR,DAYLIGHT,TURNING,DIVIDED - W/MEDIAN BARRIER,TRAFFIC SIGNAL,FAILING TO YIELD RIGHT-OF-WAY,NOT APPLICABLE,0,0,0,0,7,1,4,2088,MICHIGAN AVE,41.724057,-87.680754,04/18/2021 08:33:00 AM,2021
CR00012573,04/20/2023 08:47:00 AM,45,CLEAR,DARKNESS - LIGHTED ROAD,TURNING,DIVIDED - W/MEDIAN BARRIER,NO CONTROLS,DISREGARDING TRAFFIC SIGNALS,UNABLE TO DETERMINE,0,0,0,0,8,5,4,614,IRVING PARK RD,41.98055,-87.729546,04/20/2023 09:06:00 AM,2023
CR00012574,04/19/2021 09:40:00 PM,30,RAIN,DAYLIGHT,REAR END,NOT DIVIDED,UNKNOWN,UNABLE TO DETERMINE,IMPROPER OVERTAKING/PASSING,0,0,0,0,21,2,4,253,DIVISION ST,41.874397,-87.639992,04/19/2021 09:44:00 PM,2021
CR00012575,08/10/2016 10:57:00 AM,30,CLEAR,DARKNESS - LIGHTED ROAD,ANGLE,DIVIDED - W/MEDIAN BARRIER,STOP SIGN/FLASHER,FOLLOWING TOO CLOSELY,NOT APPLICABLE,0,0,1,1,10,4,8,755,KEDZIE AVE,41.978879,-87.574337,08/10/2016 11:17:00 AM,2016
CR00012576,10/03/2024 03:00:00 PM,25,CLEAR,DAYLIGHT,FIXED OBJECT,DIVIDED - W/MEDIAN BARRIER,STOP SIGN/FLASHER,IMPROPER LANE USAGE,UNABLE TO DETERMINE,0,0,0,0,15,5,10,2201,HALSTED ST,41.788328,-87.581346,10/03/2024 04:03:00 PM,2024
CR00012577,12/18/2019 08:56:00 AM,30,CLEAR,DAYLIGHT,SIDESWIPE SAME DIRECTION,ONE-WAY,STOP SIGN/FLASHER,FOLLOWING TOO CLOSELY,UNABLE TO DETERMINE,0,0,0,0,8,4,12,543,ARCHER AVE,41.748525,-87.633044,12/18/2019 09:37:00 AM,2019
CR00012578,03/17/2022 05:48:00 AM,15,RAIN,DARKNESS - LIGHTED ROAD,TURNING,NOT DIVIDED,NO CONTROLS,WEATHER,UNABLE TO DETERMINE,0,0,3,3,5,5,3,811,STONY ISLAND AVE,41.999387,-87.656772,03/17/2022 07:20:00 AM,2022
CR00012579,05/03/2023 06:44:00 PM,30,CLEAR,DAYLIGHT,PARKED MOTOR VEHICLE,DIVIDED - W/MEDIAN (NOT RAISED),UNKNOWN,DISTRACTION - FROM INSIDE VEHICLE,NOT APPLICABLE,0,0,0,0,18,4,5,144,IRVING PARK RD,41.965655,-87.509351,05/03/2023 06:56:00 PM,2023
CR00012580,01/04/2016 10:48:00 AM,30,CLOUDY/OVERCAST,DAYLIGHT,REAR END,ONE-WAY,TRAFFIC SIGNAL,UNABLE TO DETERMINE,UNABLE TO DETERMINE,0,0,0,0,10,2,1,1254,STONY ISLAND AVE,41.982578,-87.552804,01/04/2016 11:04:00 AM,2016
CR00012581,04/10/2022 03:51:00 PM,30,CLEAR,DUSK,REAR END,ONE-WAY,NO CONTROLS,WEATHER,UNABLE TO DETERMINE,0,0,2,2,15,1,4,1760,63RD ST,41.892362,-87.754993,04/10/2022 05:29:00 PM,2022
CR00012582,02/28/2023 07:38:00 AM,35,CLEAR,DAWN,REAR END,DIVIDED - W/MEDIAN BARRIER,STOP SIGN/FLASHER,FOLLOWING TOO CLOSELY,FOLLOWING TOO CLOSELY,0,0,2,2,7,3,2,598,ROOSEVELT RD,41.866905,-87.527707,02/28/2023 08:26:00 AM,2023
CR00012583,11/01/2019 01:13:00 PM,20,CLEAR,DAYLIGHT,PEDESTRIAN,DIVIDED - W/MEDIAN (NOT RAISED),YIELD,UNABLE TO DETERMINE,FOLLOWING TOO CLOSELY,0,0,0,0,13,6,11,721,BROADWAY,41.702046,-87.756882,11/01/2019 01:37:00 PM,2019
CR00012584,09/23/2021 03:53:00 PM,30,CLEAR,DAYLIGHT,TURNING,NOT DIVIDED,NO CONTROLS,UNABLE TO DETERMINE,NOT APPLICABLE,0,0,0,0,15,5,9,435,CLARK ST,41.875321,-87.717208,09/23/2021 04:48:00 PM,2021
CR00012585,07/17/2020 04:55:00 PM,30,RAIN,DARKNESS,ANGLE,NOT DIVIDED,STOP SIGN/FLASHER,FOLLOWING TOO CLOSELY,NOT APPLICABLE,0,0,0,0,16,6,7,764,ELSTON AVE,41.771324,-87.744764,07/17/2020 05:31:00 PM,2020
CR00012586,01/04/2019 05:28:00 AM,40,SNOW,DAYLIGHT,SIDESWIPE SAME DIRECTION,NOT DIVIDED,STOP SIGN/FLASHER,IMPROPER OVERTAKING/PASSING,FAILING TO YIELD RIGHT-OF-WAY,0,0,0,0,5,6,1,392,63RD ST,41.803849,-87.712476,01/04/2019 05:55:00 AM,2019
CR00012587,05/12/2019 06:58:00 AM,20,CLOUDY/OVERCAST,DAYLIGHT,PEDESTRIAN,NOT DIVIDED,TRAFFIC SIGNAL,UNABLE TO DETERMINE,UNABLE TO DETERMINE,0,0,0,0,6,1,5,1590,WESTERN AVE,41.717029,-87.647431,05/12/2019 07:33:00 AM,2019
CR00012588,01/13/2020 01:53:00 AM,30,RAIN,DAYLIGHT,REAR END,ONE-WAY,PEDESTRIAN CROSSING SIGN,FOLLOWING TOO CLOSELY,UNABLE TO DETERMINE,0,0,2,2,1,2,1,990,CLARK ST,41.711963,-87.529935,01/13/2020 03:19:00 AM,2020
CR00012589,02/11/2017 04:35:00 PM,30,CLEAR,DAYLIGHT,REAR END,DIVIDED - W/MEDIAN (NOT RAISED),NO CONTROLS,DISTRACTION - FROM INSIDE VEHICLE,NOT APPLICABLE,0,0,0,0,16,7,2,955,BROADWAY,41.7248,-87.571395,02/11/2017 05:39:00 PM,2017
CR00012590,07/19/2017 11:48:00 AM,35,CLEAR,DAWN,SIDESWIPE SAME DIRECTION,NOT DIVIDED,NO CONTROLS,FOLLOWING TOO CLOSELY,FAILING TO YIELD RIGHT-OF-WAY,0,0,0,0,11,4,7,1322,DIVISION ST,41.71179,-87.834083,07/19/2017 12:24:00 PM,2017
CR00012591,05/01/2018 08:20:00 PM,35,CLOUDY/OVERCAST,DAYLIGHT,PARKED MOTOR VEHICLE,NOT DIVIDED,TRAFFIC SIGNAL,FAILING TO YIELD RIGHT-OF-WAY,DRIVING SKILLS/KNOWLEDGE/EXPERIENCE,0,0,0,0,20,3,5,875,CICERO AVE,41.92921,-87.841868,05/01/2018 09:19:00 PM,2018
CR00012592,11/14/2021 01:00:00 PM,45,FREEZING RAIN/DRIZZLE,DAYLIGHT,REAR END,NOT DIVIDED,TRAFFIC SIGNAL,UNABLE TO DETERMINE,FAILING TO YIELD RIGHT-OF-WAY,0,0,3,3,13,1,11,670,STATE ST,41.809991,-87.748164,11/14/2021 02:11:00 PM,2021
CR00012593,04/15/2022 05:17:00 PM,45,CLEAR,DARKNESS - LIGHTED ROAD,PEDESTRIAN,NOT DIVIDED,NO CONTROLS,UNABLE TO DETERMINE,DRIVING SKILLS/KNOWLEDGE/EXPERIENCE,0,1,1,2,17,6,4,1559,47TH ST,41.721608,-87.565854,04/15/2022 06:54:00 PM,2022
CR00012594,06/15/2021 12:45:00 AM,35,CLEAR,DAYLIGHT,SIDESWIPE SAME DIRECTION,DIVIDED - W/MEDIAN (NOT RAISED),TRAFFIC SIGNAL,WEATHER,IMPROPER LANE USAGE,0,0,0,0,0,3,6,1990,OGDEN AVE,41.89334,-87.601767,06/15/2021 01:18:00 AM,2021
CR00012595,04/13/2019 07:59:00 PM,20,RAIN,DARKNESS - LIGHTED ROAD,TURNING,FOUR WAY,NO CONTROLS,UNABLE TO DETERMINE,FOLLOWING TOO CLOSELY,0,0,0,0,19,7,4,1853,LAKE SHORE DR,41.996585,-87.776871,04/13/2019 08:46:00 PM,2019
CR00012596,12/27/2016 08:50:00 PM,25,CLEAR,DAWN,REAR END,NOT DIVIDED,TRAFFIC SIGNAL,UNABLE TO DETERMINE,IMPROPER LANE USAGE,0,0,0,0,20,3,12,715,MILWAUKEE AVE,41.728136,-87.639418,12/27/2016 09:48:00 PM,2016
CR00012597,07/24/2018 05:01:00 PM,15,CLEAR,DAYLIGHT,REAR END,NOT DIVIDED,TRAFFIC SIGNAL,FOLLOWING TOO CLOSELY,NOT APPLICABLE,0,0,0,0,17,3,7,2449,47TH ST,41.905784,-87.597031,07/24/2018 06:48:00 PM,2018
CR00012598,06/02/2023 10:36:00 AM,30,CLEAR,DAYLIGHT,REAR END,NOT DIVIDED,YIELD,UNABLE TO DETERMINE,NOT APPLICABLE,0,0,0,0,10,6,6,2493,ROOSEVELT RD,41.853824,-87.810084,06/02/2023 11:51:00 AM,2023
CR00012599,02/14/2021 04:49:00 PM,20,CLEAR,DAYLIGHT,REAR END,NOT DIVIDED,TRAFFIC SIGNAL,UNABLE TO DETERMINE,FOLLOWING TOO CLOSELY,0,0,1,1,16,1,2,2445,MILWAUKEE AVE,41.741388,-87.632769,02/14/2021 05:11:00 PM,2021
CR00012600,07/21/2019 05:35:00 PM,25,CLEAR,DAYLIGHT,REAR END,NOT DIVIDED,STOP SIGN/FLASHER,FAILING TO YIELD RIGHT-OF-WAY,DISREGARDING TRAFFIC SIGNALS,0,1,1,2,17,1,7,902,OGDEN AVE,41.756788,-87.839542,07/21/2019 06:33:00 PM,2019
CR00012601,01/10/2022 02:25:00 PM,20,FREEZING RAIN/DRIZZLE,DAYLIGHT,REAR END,NOT DIVIDED,NO CONTROLS,DRIVING SKILLS/KNOWLEDGE/EXPERIENCE,DISREGARDING TRAFFIC SIGNALS,0,0,0,0,14,2,1,467,ROOSEVELT RD,41.838999,-87.62399,01/10/2022 02:32:00 PM,2022