CRASH_RECORD_ID,CRASH_DATE,POSTED_SPEED_LIMIT,WEATHER_CONDITION,LIGHTING_CONDITION,FIRST_CRASH_TYPE,TRAFFICWAY_TYPE,TRAFFIC_CONTROL_DEVICE,PRIM_CONTRIBUTORY_CAUSE,SEC_CONTRIBUTORY_CAUSE,INJURIES_FATAL,INJURIES_INCAPACITATING,INJURIES_NON_INCAPACITATING,INJURIES_TOTAL,CRASH_HOUR,CRASH_DAY_OF_WEEK,CRASH_MONTH,BEAT_OF_OCCURRENCE,STREET_NAME,LATITUDE,LONGITUDE,DATE_POLICE_NOTIFIED,year
CR00012602,07/23/2015 11:10:00 PM,25,SNOW,DARKNESS - LIGHTED ROAD,TURNING,FOUR WAY,TRAFFIC SIGNAL,FOLLOWING TOO CLOSELY,UNABLE TO DETERMINE,0,0,0,0,23,5,7,1754,DAMEN AVE,41.948223,-87.761245,07/23/2015 11:34:00 PM,2015
CR00012603,08/30/2018 08:52:00 AM,30,CLEAR,DUSK,REAR END,FOUR WAY,STOP SIGN/FLASHER,DRIVING SKILLS/KNOWLEDGE/EXPERIENCE,IMPROPER OVERTAKING/PASSING,0,0,1,1,8,5,8,1949,HALSTED ST,41.87621,-87.518731,08/30/2018 10:17:00 AM,2018
CR00012604,07/22/2020 03:49:00 PM,15,CLEAR,DARKNESS - LIGHTED ROAD,PARKED MOTOR VEHICLE,FOUR WAY,PEDESTRIAN CROSSING SIGN,UNABLE TO DETERMINE,FOLLOWING TOO CLOSELY,0,0,0,0,15,4,7,1405,STATE ST,41.963993,-87.813209,07/22/2020 04:40:00 PM,2020
CR00012605,07/24/2016 04:22:00 PM,25,CLEAR,DARKNESS,REAR END,NOT DIVIDED,NO CONTROLS,UNABLE TO DETERMINE,UNABLE TO DETERMINE,0,0,0,0,16,1,7,428,CALIFORNIA AVE,41.771471,-87.758603,07/24/2016 04:35:00 PM,2016
CR00012606,08/10/2017 07:11:00 AM,25,CLEAR,DAYLIGHT,ANGLE,NOT DIVIDED,TRAFFIC SIGNAL,UNABLE TO DETERMINE,IMPROPER LANE USAGE,0,0,0,0,7,5,8,1195,IRVING PARK RD,41.943066,-87.769972,08/10/2017 08:19:00 AM,2017
CR00012607,10/05/2021 05:15:00 PM,25,CLEAR,DARKNESS - LIGHTED ROAD,TURNING,DIVIDED - W/MEDIAN (NOT RAISED),NO CONTROLS,UNABLE TO DETERMINE,DISTRACTION - FROM INSIDE VEHICLE,0,1,3,4,17,3,10,1710,MICHIGAN AVE,41.993773,-87.804049,10/05/2021 05:30:00 PM,2021
CR00012608,10/26/2015 04:38:00 PM,30,CLEAR,DAYLIGHT,SIDESWIPE SAME DIRECTION,DIVIDED - W/MEDIAN BARRIER,NO CONTROLS,FAILING TO YIELD RIGHT-OF-WAY,IMPROPER OVERTAKING/PASSING,0,0,0,0,16,2,10,416,BROADWAY,41.858998,-87.571129,10/26/2015 05:12:00 PM,2015
CR00012609,12/14/2019 01:04:00 AM,20,CLEAR,DAYLIGHT,TURNING,NOT DIVIDED,NO CONTROLS,FAILING TO REDUCE SPEED,FAILING TO YIELD RIGHT-OF-WAY,0,0,0,0,1,7,12,1303,CALIFORNIA AVE,41.978537,-87.614888,12/14/2019 03:02:00 AM,2019
CR00012610,10/08/2024 02:01:00 AM,25,CLEAR,DAYLIGHT,REAR TO FRONT,NOT DIVIDED,NO CONTROLS,DISTRACTION - FROM INSIDE VEHICLE,FAILING TO REDUCE SPEED,0,0,0,0,2,3,10,1292,KEDZIE AVE,41.822108,-87.820096,10/08/2024 04:00:00 AM,2024
CR00012611,01/04/2022 07:01:00 PM,45,RAIN,DAYLIGHT,REAR END,NOT DIVIDED,TRAFFIC SIGNAL,IMPROPER LANE USAGE,UNABLE TO DETERMINE,0,0,0,0,19,3,1,1798,CLARK ST,41.801584,-87.826042,01/04/2022 08:38:00 PM,2022
CR00012612,04/30/2021 07:57:00 AM,35,CLEAR,DAYLIGHT,REAR TO FRONT,DIVIDED - W/MEDIAN (NOT RAISED),PEDESTRIAN CROSSING SIGN,DRIVING SKILLS/KNOWLEDGE/EXPERIENCE,UNABLE TO DETERMINE,0,0,0,0,7,6,4,1381,DAMEN AVE,41.986381,-87.506006,04/30/2021 08:11:00 AM,2021
CR00012613,01/27/2020 12:23:00 PM,35,CLEAR,DAYLIGHT,PARKED MOTOR VEHICLE,DIVIDED - W/MEDIAN (NOT RAISED),TRAFFIC SIGNAL,FOLLOWING TOO CLOSELY,IMPROPER LANE USAGE,0,0,0,0,12,2,1,578,CLARK ST,41.987207,-87.66003,01/27/2020 12:48:00 PM,2020
CR00012614,12/10/2016 07:36:00 AM,30,RAIN,DARKNESS - LIGHTED ROAD,REAR END,DIVIDED - W/MEDIAN BARRIER,STOP SIGN/FLASHER,IMPROPER OVERTAKING/PASSING,FOLLOWING TOO CLOSELY,0,0,0,0,7,7,12,647,HALSTED ST,41.754249,-87.540694,12/10/2016 07:56:00 AM,2016
CR00012615,11/19/2023 03:25:00 PM,45,CLEAR,DAYLIGHT,FIXED OBJECT,NOT DIVIDED,NO CONTROLS,UNABLE TO DETERMINE,UNABLE TO DETERMINE,0,0,0,0,15,1,11,780,ARCHER AVE,41.997148,-87.642695,11/19/2023 04:34:00 PM,2023
CR00012616,05/03/2024 05:09:00 PM,20,FREEZING RAIN/DRIZZLE,DARKNESS - LIGHTED ROAD,ANGLE,DIVIDED - W/MEDIAN (NOT RAISED),TRAFFIC SIGNAL,FAILING TO YIELD RIGHT-OF-WAY,WEATHER,0,0,0,0,17,6,5,140,PULASKI RD,41.818011,-87.766677,05/03/2024 06:06:00 PM,2024
CR00012617,07/24/2023 01:00:00 PM,40,CLEAR,DAYLIGHT,SIDESWIPE SAME DIRECTION,ONE-WAY,TRAFFIC SIGNAL,IMPROPER OVERTAKING/PASSING,UNABLE TO DETERMINE,0,0,0,0,13,2,7,1435,63RD ST,41.913173,-87.603085,07/24/2023 01:15:00 PM,2023
CR00012618,10/03/2021 12:36:00 PM,35,CLEAR,DAYLIGHT,ANGLE,DIVIDED - W/MEDIAN BARRIER,STOP SIGN/FLASHER,FAILING TO YIELD RIGHT-OF-WAY,DISREGARDING TRAFFIC SIGNALS,0,0,0,0,12,1,10,1899,FULLERTON AVE,41.867418,-87.559872,10/03/2021 12:52:00 PM,2021
CR00012619,12/29/2023 02:43:00 PM,40,CLEAR,DARKNESS - LIGHTED ROAD,REAR END,DIVIDED - W/MEDIAN (NOT RAISED),NO CONTROLS,FOLLOWING TOO CLOSELY,FAILING TO YIELD RIGHT-OF-WAY,0,0,0,0,14,6,12,2238,DAMEN AVE,41.869084,-87.73924,12/29/2023 04:32:00 PM,2023
CR00012620,09/09/2019 05:24:00 PM,35,CLEAR,DARKNESS - LIGHTED ROAD,REAR END,T-INTERSECTION,TRAFFIC SIGNAL,DISTRACTION - FROM INSIDE VEHICLE,UNABLE TO DETERMINE,0,0,0,0,17,2,9,530,ASHLAND AVE,41.856017,-87.797936,09/09/2019 07:09:00 PM,2019
CR00012621,07/28/2023 09:51:00 PM,20,CLEAR,DAYLIGHT,REAR END,ONE-WAY,NO CONTROLS,FAILING TO YIELD RIGHT-OF-WAY,DISREGARDING TRAFFIC SIGNALS,0,0,0,0,21,6,7,373,ASHLAND AVE,41.878651,-87.684365,07/28/2023 11:41:00 PM,2023
CR00012622,03/18/2019 11:25:00 AM,30,CLEAR,DAWN,REAR TO FRONT,DIVIDED - W/MEDIAN BARRIER,STOP SIGN/FLASHER,DRIVING SKILLS/KNOWLEDGE/EXPERIENCE,UNABLE TO DETERMINE,0,0,0,0,11,2,3,1716,BROADWAY,41.785697,-87.632234,03/18/2019 11:45:00 AM,2019
CR00012623,08/14/2024 07:45:00 AM,30,SNOW,DAYLIGHT,ANGLE,FOUR WAY,NO CONTROLS,FAILING TO YIELD RIGHT-OF-WAY,UNABLE TO DETERMINE,0,0,0,0,7,4,8,2179,MICHIGAN AVE,41.847181,-87.691437,08/14/2024 09:41:00 AM,2024
CR00012624,04/02/2020 04:08:00 PM,15,RAIN,DARKNESS - LIGHTED ROAD,TURNING,DIVIDED - W/MEDIAN (NOT RAISED),NO CONTROLS,UNABLE TO DETERMINE,FOLLOWING TOO CLOSELY,0,0,0,0,16,5,4,747,ELSTON AVE,41.970405,-87.512909,04/02/2020 06:02:00 PM,2020
CR00012625,03/10/2018 06:28:00 PM,30,CLEAR,DARKNESS - LIGHTED ROAD,TURNING,DIVIDED - W/MEDIAN (NOT RAISED),NO CONTROLS,FAILING TO REDUCE SPEED,UNABLE TO DETERMINE,0,0,0,0,18,7,3,899,ARCHER AVE,41.927186,-87.517927,03/10/2018 06:55:00 PM,2018
CR00012626,08/16/2018 06:02:00 PM,40,CLEAR,DARKNESS,FIXED OBJECT,DIVIDED - W/MEDIAN BARRIER,YIELD,FAILING TO YIELD RIGHT-OF-WAY,DISTRACTION - FROM INSIDE VEHICLE,0,0,0,0,18,5,8,1763,ASHLAND AVE,41.912252,-87.824004,08/16/2018 06:23:00 PM,2018
CR00012627,02/27/2015 04:20:00 PM,20,CLEAR,DAWN,TURNING,DIVIDED - W/MEDIAN (NOT RAISED),TRAFFIC SIGNAL,UNABLE TO DETERMINE,UNABLE TO DETERMINE,0,0,1,1,16,6,2,1545,WESTERN AVE,41.758319,-87.787456,02/27/2015 04:59:00 PM,2015
CR00012628,09/20/2016 03:50:00 AM,30,CLEAR,DAYLIGHT,PARKED MOTOR VEHICLE,FOUR WAY,STOP SIGN/FLASHER,UNABLE TO DETERMINE,DISTRACTION - FROM INSIDE VEHICLE,0,0,0,0,3,3,9,211,IRVING PARK RD,41.852408,-87.51186,09/20/2016 05:43:00 AM,2016
CR00012629,07/06/2022 10:03:00 AM,35,CLEAR,DAYLIGHT,FIXED OBJECT,NOT DIVIDED,NO CONTROLS,UNABLE TO DETERMINE,UNABLE TO DETERMINE,0,0,0,0,10,4,7,2244,OGDEN AVE,41.799123,-87.545146,07/06/2022 10:06:00 AM,2022
CR00012630,05/18/2016 12:46:00 PM,20,CLEAR,DUSK,FIXED OBJECT,NOT DIVIDED,STOP SIGN/FLASHER,UNABLE TO DETERMINE,NOT APPLICABLE,0,0,0,0,12,4,5,1235,ELSTON AVE,41.785691,-87.571687,05/18/2016 02:40:00 PM,2016
CR00012631,09/13/2023 02:23:00 PM,20,CLEAR,DAYLIGHT,ANGLE,ONE-WAY,STOP SIGN/FLASHER,DISTRACTION - FROM INSIDE VEHICLE,UNABLE TO DETERMINE,0,0,0,0,14,4,9,1920,47TH ST,41.792941,-87.738981,09/13/2023 03:44:00 PM,2023
CR00012632,08/17/2018 06:33:00 PM,30,RAIN,DAYLIGHT,PARKED MOTOR VEHICLE,NOT DIVIDED,TRAFFIC SIGNAL,IMPROPER LANE USAGE,UNABLE TO DETERMINE,0,0,0,0,18,6,8,585,DAMEN AVE,41.922976,-87.797669,08/17/2018 06:40:00 PM,2018
CR00012633,01/01/2022 07:02:00 PM,15,CLEAR,DAWN,REAR END,ONE-WAY,TRAFFIC SIGNAL,IMPROPER OVERTAKING/PASSING,NOT APPLICABLE,0,0,1,1,19,7,1,1182,PULASKI RD,41.999985,-87.560215,01/01/2022 08:13:00 PM,2022
CR00012634,10/08/2022 01:27:00 AM,25,CLEAR,DAYLIGHT,REAR END,NOT DIVIDED,TRAFFIC SIGNAL,FAILING TO REDUCE SPEED,IMPROPER OVERTAKING/PASSING,0,0,0,0,1,7,10,2078,MICHIGAN AVE,41.766525,-87.722905,10/08/2022 03:16:00 AM,2022
CR00012635,07/19/2020 11:45:00 AM,30,CLEAR,DAYLIGHT,REAR END,DIVIDED - W/MEDIAN (NOT RAISED),TRAFFIC SIGNAL,FAILING TO YIELD RIGHT-OF-WAY,NOT APPLICABLE,0,0,0,0,11,1,7,1805,HALSTED ST,41.908631,-87.804693,07/19/2020 01:09:00 PM,2020
CR00012636,11/26/2015 02:42:00 PM,40,CLEAR,DAYLIGHT,REAR END,ONE-WAY,NO CONTROLS,IMPROPER OVERTAKING/PASSING,FOLLOWING TOO CLOSELY,0,0,0,0,14,5,11,1006,ARCHER AVE,41.839528,-87.550259,11/26/2015 03:28:00 PM,2015
CR00012637,12/28/2017 04:43:00 PM,45,CLEAR,DAYLIGHT,REAR END,DIVIDED - W/MEDIAN (NOT RAISED),STOP SIGN/FLASHER,DRIVING SKILLS/KNOWLEDGE/EXPERIENCE,FOLLOWING TOO CLOSELY,0,0,0,0,16,5,12,1169,CICERO AVE,41.945508,-87.533613,12/28/2017 05:04:00 PM,2017
CR00012638,05/20/2018 02:29:00 PM,35,CLEAR,DARKNESS - LIGHTED ROAD,REAR END,FOUR WAY,STOP SIGN/FLASHER,UNABLE TO DETERMINE,FAILING TO YIELD RIGHT-OF-WAY,0,0,0,0,14,1,5,1744,47TH ST,41.97879,-87.582756,05/20/2018 04:17:00 PM,2018
CR00012639,03/04/2023 02:44:00 PM,25,FREEZING RAIN/DRIZZLE,DUSK,ANGLE,FOUR WAY,TRAFFIC SIGNAL,FOLLOWING TOO CLOSELY,DRIVING SKILLS/KNOWLEDGE/EXPERIENCE,0,0,0,0,14,7,3,724,DAMEN AVE,41.82149,-87.638808,03/04/2023 03:39:00 PM,2023
CR00012640,11/23/2017 03:31:00 PM,35,CLEAR,DAYLIGHT,FIXED OBJECT,DIVIDED - W/MEDIAN BARRIER,NO CONTROLS,DISREGARDING TRAFFIC SIGNALS,UNABLE TO DETERMINE,0,0,0,0,15,5,11,2334,OGDEN AVE,41.709027,-87.525464,11/23/2017 04:43:00 PM,2017
CR00012641,11/30/2015 08:46:00 PM,35,CLEAR,DAYLIGHT,SIDESWIPE SAME DIRECTION,NOT DIVIDED,STOP SIGN/FLASHER,UNABLE TO DETERMINE,IMPROPER OVERTAKING/PASSING,0,0,0,0,20,2,11,1356,PULASKI RD,41.786782,-87.681796,11/30/2015 09:29:00 PM,2015
CR00012642,03/13/2016 11:30:00 AM,30,CLEAR,DAYLIGHT,PARKED MOTOR VEHICLE,DIVIDED - W/MEDIAN (NOT RAISED),NO CONTROLS,DISREGARDING TRAFFIC SIGNALS,FAILING TO YIELD RIGHT-OF-WAY,0,0,0,0,11,1,3,769,HALSTED ST,41.737895,-87.509545,03/13/2016 12:24:00 PM,2016
CR00012643,04/17/2016 06:15:00 AM,20,CLEAR,DAYLIGHT,PARKED MOTOR VEHICLE,FOUR WAY,STOP SIGN/FLASHER,DISTRACTION - FROM INSIDE VEHICLE,DRIVING SKILLS/KNOWLEDGE/EXPERIENCE,0,0,0,0,6,1,4,1573,ASHLAND AVE,41.737547,-87.769211,04/17/2016 08:14:00 AM,2016
CR00012644,12/01/2019 02:39:00 AM,25,RAIN,DAYLIGHT,TURNING,NOT DIVIDED,NO CONTROLS,FOLLOWING TOO CLOSELY,NOT APPLICABLE,0,0,0,0,2,1,12,445,ELSTON AVE,41.854461,-87.831586,12/01/2019 04:36:00 AM,2019
CR00012645,04/29/2019 06:41:00 PM,45,CLEAR,DAYLIGHT,REAR END,ONE-WAY,TRAFFIC SIGNAL,DISTRACTION - FROM INSIDE VEHICLE,UNABLE TO DETERMINE,0,0,2,2,18,2,4,498,MILWAUKEE AVE,41.889011,-87.736794,04/29/2019 08:25:00 PM,2019
CR00012646,03/13/2020 05:51:00 PM,20,CLEAR,DUSK,FIXED OBJECT,FOUR WAY,NO CONTROLS,FOLLOWING TOO CLOSELY,DRIVING SKILLS/KNOWLEDGE/EXPERIENCE,0,0,0,0,17,6,3,933,DIVISION ST,41.963946,-87.671068,03/13/2020 05:59:00 PM,2020
CR00012647,06/01/2017 02:34:00 PM,25,CLEAR,DAYLIGHT,REAR TO FRONT,FOUR WAY,NO CONTROLS,UNABLE TO DETERMINE,DISREGARDING TRAFFIC SIGNALS,0,0,0,0,14,5,6,1738,ELSTON AVE,41.992982,-87.597984,06/01/2017 02:55:00 PM,2017
CR00012648,05/29/2017 10:25:00 AM,35,CLEAR,DAYLIGHT,REAR END,DIVIDED - W/MEDIAN (NOT RAISED),NO CONTROLS,FOLLOWING TOO CLOSELY,FOLLOWING TOO CLOSELY,0,0,0,0,10,2,5,1805,IRVING PARK RD,41.95946,-87.591748,05/29/2017 12:01:00 PM,2017
CR00012649,03/03/2019 08:33:00 PM,30,CLEAR,DARKNESS - LIGHTED ROAD,REAR END,NOT DIVIDED,NO CONTROLS,UNABLE TO DETERMINE,FAILING TO REDUCE SPEED,0,0,3,3,20,1,3,1156,STATE ST,41.910489,-87.804989,03/03/2019 10:06:00 PM,2019
CR00012650,02/16/2024 09:56:00 AM,35,RAIN,DAWN,REAR END,NOT DIVIDED,NO CONTROLS,FAILING TO YIELD RIGHT-OF-WAY,FAILING TO YIELD RIGHT-OF-WAY,0,0,0,0,9,6,2,2040,LAKE SHORE DR,41.780518,-87.599445,02/16/2024 10:07:00 AM,2024
CR00012651,03/27/2015 11:41:00 AM,30,CLEAR,DARKNESS - LIGHTED ROAD,TURNING,ONE-WAY,NO CONTROLS,IMPROPER OVERTAKING/PASSING,DISREGARDING TRAFFIC SIGNALS,0,0,0,0,11,6,3,633,63RD ST,41.872068,-87.806207,03/27/2015 12:48:00 PM,2015
CR00012652,05/23/2017 04:52:00 PM,30,CLEAR,DUSK,ANGLE,T-INTERSECTION,TRAFFIC SIGNAL,UNABLE TO DETERMINE,UNABLE TO DETERMINE,0,0,0,0,16,3,5,363,ELSTON AVE,41.994408,-87.56011,05/23/2017 05:50:00 PM,2017
CR00012653,10/23/2016 08:49:00 AM,30,SNOW,DUSK,REAR END,DIVIDED - W/MEDIAN (NOT RAISED),PEDESTRIAN CROSSING SIGN,FAILING TO YIELD RIGHT-OF-WAY,IMPROPER OVERTAKING/PASSING,0,0,1,1,8,1,10,550,STATE ST,41.884522,-87.769648,10/23/2016 09:20:00 AM,2016
CR00012654,11/11/2022 01:41:00 PM,15,CLEAR,DARKNESS - LIGHTED ROAD,REAR TO FRONT,DIVIDED - W/MEDIAN (NOT RAISED),TRAFFIC SIGNAL,FOLLOWING TOO CLOSELY,NOT APPLICABLE,0,0,0,0,13,6,11,610,HALSTED ST,41.800026,-87.503231,11/11/2022 02:42:00 PM,2022
CR00012655,01/03/2018 08:07:00 PM,15,CLOUDY/OVERCAST,DAYLIGHT,PARKED MOTOR VEHICLE,NOT DIVIDED,NO CONTROLS,IMPROPER LANE USAGE,FAILING TO YIELD RIGHT-OF-WAY,0,0,0,0,20,4,1,1037,CICERO AVE,41.920694,-87.607437,01/03/2018 08:43:00 PM,2018
CR00012656,07/02/2016 04:19:00 PM,35,CLEAR,DAYLIGHT,FIXED OBJECT,DIVIDED - W/MEDIAN (NOT RAISED),TRAFFIC SIGNAL,FOLLOWING TOO CLOSELY,NOT APPLICABLE,0,0,0,0,16,7,7,117,BROADWAY,41.890462,-87.541798,07/02/2016 04:51:00 PM,2016
CR00012657,05/03/2019 12:20:00 PM,35,CLEAR,DAYLIGHT,REAR END,FOUR WAY,NO CONTROLS,FAILING TO YIELD RIGHT-OF-WAY,IMPROPER LANE USAGE,0,0,0,0,12,6,5,2479,DIVISION ST,41.988282,-87.642227,05/03/2019 01:39:00 PM,2019
CR00012658,07/13/2017 02:45:00 PM,30,CLEAR,DAYLIGHT,REAR TO FRONT,FOUR WAY,NO CONTROLS,DISREGARDING TRAFFIC SIGNALS,DISREGARDING TRAFFIC SIGNALS,0,0,0,0,14,5,7,1886,STATE ST,41.726211,-87.785594,07/13/2017 03:05:00 PM,2017
CR00012659,09/20/2024 05:53:00 PM,30,CLEAR,DARKNESS - LIGHTED ROAD,REAR END,DIVIDED - W/MEDIAN BARRIER,STOP SIGN/FLASHER,FOLLOWING TOO CLOSELY,UNABLE TO DETERMINE,0,2,3,5,17,6,9,1069,ROOSEVELT RD,41.983639,-87.599699,09/20/2024 06:49:00 PM,2024
CR00012660,02/19/2016 07:25:00 PM,40,CLEAR,DAWN,REAR END,ONE-WAY,NO CONTROLS,UNABLE TO DETERMINE,IMPROPER LANE USAGE,0,0,1,1,19,6,2,1482,63RD ST,41.856842,-87.606146,02/19/2016 07:34:00 PM,2016
CR00012661,09/22/2015 09:37:00 AM,35,CLEAR,DARKNESS,SIDESWIPE SAME DIRECTION,DIVIDED - W/MEDIAN BARRIER,NO CONTROLS,IMPROPER OVERTAKING/PASSING,WEATHER,0,0,3,3,9,3,9,1779,CLARK ST,41.821194,-87.797668,09/22/2015 09:50:00 AM,2015
CR00012662,07/20/2016 02:18:00 AM,30,RAIN,DAYLIGHT,SIDESWIPE SAME DIRECTION,NOT DIVIDED,NO CONTROLS,FOLLOWING TOO CLOSELY,DRIVING SKILLS/KNOWLEDGE/EXPERIENCE,0,0,0,0,2,4,7,513,ARCHER AVE,41.932486,-87.541779,07/20/2016 02:20:00 AM,2016
CR00012663,02/01/2023 03:48:00 PM,30,CLEAR,DAYLIGHT,REAR END,ONE-WAY,STOP SIGN/FLASHER,UNABLE TO DETERMINE,IMPROPER LANE USAGE,0,0,1,1,15,4,2,2391,LAKE SHORE DR,41.980754,-87.506773,02/01/2023 04:57:00 PM,2023
CR00012664,10/02/2016 04:18:00 PM,15,CLEAR,DAYLIGHT,ANGLE,ONE-WAY,STOP SIGN/FLASHER,UNABLE TO DETERMINE,IMPROPER OVERTAKING/PASSING,0,0,0,0,16,1,10,1757,HALSTED ST,41.94571,-87.671137,10/02/2016 05:11:00 PM,2016
CR00012665,04/23/2022 10:38:00 AM,15,RAIN,DARKNESS,SIDESWIPE SAME DIRECTION,FOUR WAY,NO CONTROLS,UNABLE TO DETERMINE,FOLLOWING TOO CLOSELY,0,0,0,0,10,7,4,2435,63RD ST,41.70453,-87.843178,04/23/2022 12:02:00 PM,2022
CR00012666,02/26/2016 02:10:00 PM,40,RAIN,DAYLIGHT,TURNING,DIVIDED - W/MEDIAN (NOT RAISED),NO CONTROLS,FOLLOWING TOO CLOSELY,WEATHER,0,0,0,0,14,6,2,2287,DIVISION ST,41.816963,-87.699939,02/26/2016 03:55:00 PM,2016
CR00012667,06/13/2015 02:52:00 AM,45,CLEAR,DAYLIGHT,REAR END,DIVIDED - W/MEDIAN BARRIER,NO CONTROLS,UNABLE TO DETERMINE,FOLLOWING TOO CLOSELY,0,0,0,0,2,7,6,1254,KEDZIE AVE,41.792512,-87.502854,06/13/2015 04:24:00 AM,2015
CR00012668,10/19/2024 12:19:00 AM,30,CLEAR,DARKNESS - LIGHTED ROAD,TURNING,NOT DIVIDED,STOP SIGN/FLASHER,FAILING TO YIELD RIGHT-OF-WAY,FAILING TO REDUCE SPEED,0,0,0,0,0,7,10,647,PULASKI RD,41.783433,-87.757126,10/19/2024 12:55:00 AM,2024
CR00012669,11/28/2020 08:05:00 AM,35,RAIN,DAYLIGHT,REAR END,ONE-WAY,UNKNOWN,UNABLE TO DETERMINE,FOLLOWING TOO CLOSELY,0,0,0,0,8,7,11,709,HALSTED ST,41.754823,-87.799212,11/28/2020 08:28:00 AM,2020
CR00012670,09/27/2018 09:42:00 AM,35,CLEAR,DAYLIGHT,TURNING,NOT DIVIDED,STOP SIGN/FLASHER,IMPROPER OVERTAKING/PASSING,NOT APPLICABLE,0,0,0,0,9,5,9,1710,STATE ST,41.806231,-87.838719,09/27/2018 10:04:00 AM,2018
CR00012671,03/03/2015 07:24:00 AM,25,CLEAR,DAYLIGHT,REAR END,NOT DIVIDED,STOP SIGN/FLASHER,FAILING TO YIELD RIGHT-OF-WAY,NOT APPLICABLE,0,0,0,0,7,3,3,1528,MILWAUKEE AVE,41.985602,-87.709623,03/03/2015 08:46:00 AM,2015
CR00012672,05/27/2021 11:15:00 AM,25,CLOUDY/OVERCAST,DARKNESS,ANGLE,NOT DIVIDED,TRAFFIC SIGNAL,UNABLE TO DETERMINE,FAILING TO REDUCE SPEED,0,0,0,0,11,5,5,2353,WESTERN AVE,41.75562,-87.766726,05/27/2021 12:47:00 PM,2021
CR00012673,10/20/2022 09:25:00 AM,20,CLEAR,DAYLIGHT,REAR END,FOUR WAY,STOP SIGN/FLASHER,FAILING TO REDUCE SPEED,NOT APPLICABLE,0,0,1,1,9,5,10,1049,ROOSEVELT RD,41.975379,-87.72089,10/20/2022 10:26:00 AM,2022
CR00012674,06/23/2020 06:52:00 AM,45,CLEAR,DAYLIGHT,REAR END,NOT DIVIDED,NO CONTROLS,UNABLE TO DETERMINE,UNABLE TO DETERMINE,0,0,0,0,6,3,6,1267,63RD ST,41.708822,-87.682713,06/23/2020 07:24:00 AM,2020
CR00012675,04/11/2022 01:19:00 PM,45,RAIN,DARKNESS - LIGHTED ROAD,REAR END,ONE-WAY,TRAFFIC SIGNAL,UNABLE TO DETERMINE,FAILING TO YIELD RIGHT-OF-WAY,0,0,0,0,13,2,4,1303,CALIFORNIA AVE,41.832139,-87.549491,04/11/2022 02:01:00 PM,2022
CR00012676,03/14/2016 05:42:00 PM,20,RAIN,DAYLIGHT,TURNING,T-INTERSECTION,NO CONTROLS,UNABLE TO DETERMINE,UNABLE TO DETERMINE,0,0,0,0,17,2,3,214,CLARK ST,41.721311,-87.78028,03/14/2016 05:55:00 PM,2016
CR00012677,05/04/2023 10:52:00 AM,15,RAIN,DAWN,TURNING,T-INTERSECTION,NO CONTROLS,FAILING TO YIELD RIGHT-OF-WAY,DISTRACTION - FROM INSIDE VEHICLE,0,0,0,0,10,5,5,2310,HALSTED ST,41.900406,-87.830841,05/04/2023 11:36:00 AM,2023
CR00012678,12/13/2020 04:23:00 PM,15,CLEAR,DAYLIGHT,PARKED MOTOR VEHICLE,NOT DIVIDED,STOP SIGN/FLASHER,FAILING TO YIELD RIGHT-OF-WAY,UNABLE TO DETERMINE,0,0,0,0,16,1,12,1257,WESTERN AVE,41.807008,-87.680729,12/13/2020 05:34:00 PM,2020
CR00012679,10/17/2023 11:00:00 AM,25,CLEAR,DAYLIGHT,SIDESWIPE SAME DIRECTION,NOT DIVIDED,NO CONTROLS,FAILING TO YIELD RIGHT-OF-WAY,FAILING TO YIELD RIGHT-OF-WAY,0,0,0,0,11,3,10,1988,IRVING PARK RD,41.947714,-87.505013,10/17/2023 11:14:00 AM,2023
CR00012680,11/15/2022 07:47:00 AM,25,CLEAR,DAYLIGHT,TURNING,ONE-WAY,NO CONTROLS,UNABLE TO DETERMINE,IMPROPER OVERTAKING/PASSING,0,0,0,0,7,3,11,828,HALSTED ST,41.717433,-87.752761,11/15/2022 08:26:00 AM,2022
CR00012681,06/13/2016 05:59:00 PM,25,RAIN,DAYLIGHT,SIDESWIPE SAME DIRECTION,ONE-WAY,TRAFFIC SIGNAL,FAILING TO YIELD RIGHT-OF-WAY,UNABLE TO DETERMINE,0,0,0,0,17,2,6,780,DIVISION ST,41.97982,-87.606102,06/13/2016 06:56:00 PM,2016
CR00012682,12/26/2024 07:36:00 AM,40,CLOUDY/OVERCAST,DAYLIGHT,REAR END,FOUR WAY,NO CONTROLS,DISREGARDING TRAFFIC SIGNALS,WEATHER,0,0,0,0,7,5,12,354,CICERO AVE,41.87088,-87.720465,12/26/2024 08:53:00 AM,2024
CR00012683,08/04/2018 03:10:00 PM,40,CLEAR,DAYLIGHT,PARKED MOTOR VEHICLE,ONE-WAY,NO CONTROLS,IMPROPER LANE USAGE,NOT APPLICABLE,0,0,1,1,15,7,8,2437,CALIFORNIA AVE,41.897284,-87.536663,08/04/2018 04:31:00 PM,2018
CR00012684,09/30/2016 05:26:00 PM,45,CLEAR,DAYLIGHT,REAR END,DIVIDED - W/MEDIAN (NOT RAISED),TRAFFIC SIGNAL,FAILING TO YIELD RIGHT-OF-WAY,UNABLE TO DETERMINE,0,0,0,0,17,6,9,884,OGDEN AVE,41.88957,-87.52215,09/30/2016 07:16:00 PM,2016