CRASH_RECORD_ID,CRASH_DATE,POSTED_SPEED_LIMIT,WEATHER_CONDITION,LIGHTING_CONDITION,FIRST_CRASH_TYPE,TRAFFICWAY_TYPE,TRAFFIC_CONTROL_DEVICE,PRIM_CONTRIBUTORY_CAUSE,SEC_CONTRIBUTORY_CAUSE,INJURIES_FATAL,INJURIES_INCAPACITATING,INJURIES_NON_INCAPACITATING,INJURIES_TOTAL,CRASH_HOUR,CRASH_DAY_OF_WEEK,CRASH_MONTH,BEAT_OF_OCCURRENCE,STREET_NAME,LATITUDE,LONGITUDE,DATE_POLICE_NOTIFIED,year
CR00012685,11/09/2020 10:21:00 PM,45,CLEAR,DAYLIGHT,REAR END,ONE-WAY,TRAFFIC SIGNAL,FOLLOWING TOO CLOSELY,UNABLE TO DETERMINE,0,0,0,0,22,2,11,1920,63RD ST,41.984703,-87.514877,11/09/2020 11:55:00 PM,2020
CR00012686,03/31/2024 05:58:00 PM,30,CLEAR,DAYLIGHT,ANGLE,DIVIDED - W/MEDIAN (NOT RAISED),NO CONTROLS,FAILING TO YIELD RIGHT-OF-WAY,NOT APPLICABLE,0,0,1,1,17,1,3,2528,MILWAUKEE AVE,41.913215,-87.502948,03/31/2024 06:04:00 PM,2024
CR00012687,10/06/2016 07:26:00 AM,30,CLEAR,DUSK,TURNING,ONE-WAY,PEDESTRIAN CROSSING SIGN,FOLLOWING TOO CLOSELY,UNABLE TO DETERMINE,0,0,0,0,7,5,10,1278,FULLERTON AVE,41.773814,-87.815224,10/06/2016 08:07:00 AM,2016
CR00012688,05/14/2023 10:59:00 AM,25,FOG/SMOKE/HAZE,DAWN,SIDESWIPE SAME DIRECTION,NOT DIVIDED,NO CONTROLS,IMPROPER LANE USAGE,UNABLE TO DETERMINE,0,0,0,0,10,1,5,2277,IRVING PARK RD,41.979961,-87.583186,05/14/2023 11:48:00 AM,2023
CR00012689,11/17/2024 12:01:00 PM,30,RAIN,DAYLIGHT,TURNING,NOT DIVIDED,NO CONTROLS,DISTRACTION - FROM INSIDE VEHICLE,UNABLE TO DETERMINE,0,2,3,5,12,1,11,1853,FULLERTON AVE,41.733005,-87.561646,11/17/2024 01:51:00 PM,2024
CR00012690,09/20/2024 05:19:00 PM,25,CLEAR,DARKNESS - LIGHTED ROAD,PEDESTRIAN,NOT DIVIDED,UNKNOWN,DRIVING SKILLS/KNOWLEDGE/EXPERIENCE,FOLLOWING TOO CLOSELY,0,0,0,0,17,6,9,512,ROOSEVELT RD,41.876135,-87.510832,09/20/2024 05:22:00 PM,2024
CR00012691,11/30/2022 12:48:00 AM,35,CLEAR,DAYLIGHT,ANGLE,NOT DIVIDED,STOP SIGN/FLASHER,IMPROPER OVERTAKING/PASSING,DRIVING SKILLS/KNOWLEDGE/EXPERIENCE,0,0,0,0,0,4,11,557,ASHLAND AVE,41.986216,-87.610468,11/30/2022 02:14:00 AM,2022
CR00012692,09/01/2018 04:45:00 AM,35,CLEAR,DARKNESS - LIGHTED ROAD,SIDESWIPE SAME DIRECTION,FOUR WAY,TRAFFIC SIGNAL,DISTRACTION - FROM INSIDE VEHICLE,NOT APPLICABLE,0,0,0,0,4,7,9,2032,WESTERN AVE,41.990204,-87.558708,09/01/2018 05:50:00 AM,2018
CR00012693,02/05/2017 08:33:00 AM,20,FOG/SMOKE/HAZE,DAYLIGHT,PEDESTRIAN,DIVIDED - W/MEDIAN BARRIER,NO CONTROLS,FOLLOWING TOO CLOSELY,IMPROPER OVERTAKING/PASSING,0,0,3,3,8,1,2,258,ARCHER AVE,41.725191,-87.752848,02/05/2017 10:21:00 AM,2017
CR00012694,02/08/2015 11:33:00 AM,40,CLEAR,DARKNESS - LIGHTED ROAD,TURNING,NOT DIVIDED,TRAFFIC SIGNAL,DISREGARDING TRAFFIC SIGNALS,FOLLOWING TOO CLOSELY,0,0,0,0,11,1,2,2526,HALSTED ST,41.810675,-87.676456,02/08/2015 01:33:00 PM,2015
CR00012695,10/29/2019 07:12:00 PM,15,SNOW,DAYLIGHT,REAR END,NOT DIVIDED,NO CONTROLS,FAILING TO YIELD RIGHT-OF-WAY,IMPROPER LANE USAGE,0,0,0,0,19,3,10,1634,DAMEN AVE,41.88783,-87.750689,10/29/2019 08:21:00 PM,2019
CR00012696,12/03/2018 06:43:00 PM,25,CLEAR,DARKNESS - LIGHTED ROAD,SIDESWIPE SAME DIRECTION,ONE-WAY,YIELD,FAILING TO YIELD RIGHT-OF-WAY,NOT APPLICABLE,0,0,0,0,18,2,12,1998,PULASKI RD,41.892476,-87.741707,12/03/2018 06:49:00 PM,2018
CR00012697,10/30/2022 11:39:00 AM,45,CLEAR,DARKNESS,REAR END,DIVIDED - W/MEDIAN (NOT RAISED),NO CONTROLS,UNABLE TO DETERMINE,UNABLE TO DETERMINE,0,0,0,0,11,1,10,632,STATE ST,41.878338,-87.652722,10/30/2022 01:04:00 PM,2022
CR00012698,05/30/2020 08:33:00 AM,40,CLEAR,DAYLIGHT,SIDESWIPE SAME DIRECTION,DIVIDED - W/MEDIAN (NOT RAISED),NO CONTROLS,FOLLOWING TOO CLOSELY,NOT APPLICABLE,0,0,0,0,8,7,5,609,PULASKI RD,41.767825,-87.669867,05/30/2020 09:49:00 AM,2020
CR00012699,01/18/2020 02:16:00 PM,45,CLEAR,DAYLIGHT,ANGLE,DIVIDED - W/MEDIAN BARRIER,NO CONTROLS,FOLLOWING TOO CLOSELY,WEATHER,0,0,0,0,14,7,1,2027,STATE ST,41.786508,-87.770183,01/18/2020 02:27:00 PM,2020
CR00012700,03/07/2018 07:39:00 PM,35,CLEAR,DARKNESS,ANGLE,ONE-WAY,NO CONTROLS,IMPROPER OVERTAKING/PASSING,FAILING TO YIELD RIGHT-OF-WAY,0,0,0,0,19,4,3,1091,FULLERTON AVE,41.758638,-87.69707,03/07/2018 07:46:00 PM,2018
CR00012701,12/22/2024 10:17:00 AM,30,CLEAR,DAYLIGHT,SIDESWIPE SAME DIRECTION,NOT DIVIDED,NO CONTROLS,IMPROPER OVERTAKING/PASSING,FOLLOWING TOO CLOSELY,0,0,0,0,10,1,12,1232,DAMEN AVE,41.904254,-87.763912,12/22/2024 11:00:00 AM,2024
CR00012702,08/13/2023 01:39:00 PM,30,SNOW,DAYLIGHT,REAR END,DIVIDED - W/MEDIAN BARRIER,NO CONTROLS,FOLLOWING TOO CLOSELY,FAILING TO YIELD RIGHT-OF-WAY,0,0,0,0,13,1,8,104,LAKE SHORE DR,41.831923,-87.697019,08/13/2023 02:54:00 PM,2023
CR00012703,01/02/2019 06:40:00 PM,35,CLEAR,DAYLIGHT,REAR END,DIVIDED - W/MEDIAN (NOT RAISED),NO CONTROLS,IMPROPER LANE USAGE,NOT APPLICABLE,0,0,0,0,18,4,1,1876,CLARK ST,41.712,-87.781378,01/02/2019 07:26:00 PM,2019
CR00012704,04/25/2016 06:35:00 PM,35,CLOUDY/OVERCAST,DAYLIGHT,PARKED MOTOR VEHICLE,NOT DIVIDED,NO CONTROLS,UNABLE TO DETERMINE,IMPROPER LANE USAGE,0,0,0,0,18,2,4,2300,LAKE SHORE DR,41.932486,-87.725484,04/25/2016 07:15:00 PM,2016
CR00012705,02/28/2018 04:59:00 PM,30,CLEAR,DARKNESS - LIGHTED ROAD,TURNING,DIVIDED - W/MEDIAN BARRIER,TRAFFIC SIGNAL,UNABLE TO DETERMINE,FOLLOWING TOO CLOSELY,0,0,2,2,16,4,2,1201,63RD ST,41.7582,-87.585092,02/28/2018 06:53:00 PM,2018
CR00012706,12/11/2017 11:26:00 AM,40,CLEAR,DARKNESS,ANGLE,DIVIDED - W/MEDIAN (NOT RAISED),STOP SIGN/FLASHER,DRIVING SKILLS/KNOWLEDGE/EXPERIENCE,UNABLE TO DETERMINE,0,0,0,0,11,2,12,484,MILWAUKEE AVE,41.918978,-87.631363,12/11/2017 01:04:00 PM,2017
CR00012707,03/23/2022 05:06:00 PM,30,CLEAR,DAYLIGHT,REAR END,T-INTERSECTION,TRAFFIC SIGNAL,DISTRACTION - FROM INSIDE VEHICLE,FOLLOWING TOO CLOSELY,0,0,0,0,17,4,3,2198,63RD ST,41.922732,-87.693635,03/23/2022 05:29:00 PM,2022
CR00012708,05/14/2021 01:03:00 PM,45,FREEZING RAIN/DRIZZLE,DAYLIGHT,FIXED OBJECT,NOT DIVIDED,UNKNOWN,FOLLOWING TOO CLOSELY,NOT APPLICABLE,0,0,3,3,13,6,5,227,MICHIGAN AVE,41.971189,-87.539059,05/14/2021 01:07:00 PM,2021
CR00012709,05/26/2017 07:11:00 PM,30,SNOW,DAYLIGHT,ANGLE,ONE-WAY,NO CONTROLS,DISTRACTION - FROM INSIDE VEHICLE,DRIVING SKILLS/KNOWLEDGE/EXPERIENCE,0,0,0,0,19,6,5,2439,ARCHER AVE,41.792041,-87.530669,05/26/2017 07:46:00 PM,2017
CR00012710,09/22/2023 07:00:00 PM,30,SNOW,DARKNESS - LIGHTED ROAD,REAR END,T-INTERSECTION,NO CONTROLS,IMPROPER LANE USAGE,UNABLE TO DETERMINE,0,0,0,0,19,6,9,1488,STONY ISLAND AVE,41.918599,-87.825594,09/22/2023 07:47:00 PM,2023
CR00012711,12/17/2023 02:18:00 PM,35,CLEAR,DAYLIGHT,PARKED MOTOR VEHICLE,FOUR WAY,TRAFFIC SIGNAL,WEATHER,FAILING TO YIELD RIGHT-OF-WAY,0,0,0,0,14,1,12,176,CALIFORNIA AVE,41.825386,-87.778432,12/17/2023 03:56:00 PM,2023
CR00012712,03/12/2017 07:38:00 PM,20,CLEAR,DARKNESS,ANGLE,DIVIDED - W/MEDIAN (NOT RAISED),TRAFFIC SIGNAL,UNABLE TO DETERMINE,NOT APPLICABLE,0,0,0,0,19,1,3,2285,BROADWAY,41.72181,-87.567009,03/12/2017 08:55:00 PM,2017
CR00012713,01/08/2021 06:28:00 AM,30,CLEAR,DARKNESS - LIGHTED ROAD,TURNING,NOT DIVIDED,NO CONTROLS,FAILING TO YIELD RIGHT-OF-WAY,UNABLE TO DETERMINE,0,0,0,0,6,6,1,390,STATE ST,41.999849,-87.73042,01/08/2021 07:13:00 AM,2021
CR00012714,01/30/2021 05:12:00 PM,30,FOG/SMOKE/HAZE,DAYLIGHT,SIDESWIPE SAME DIRECTION,ONE-WAY,NO CONTROLS,UNABLE TO DETERMINE,UNABLE TO DETERMINE,0,0,0,0,17,7,1,999,ELSTON AVE,41.865415,-87.573414,01/30/2021 06:32:00 PM,2021
CR00012715,01/20/2017 01:32:00 PM,30,CLEAR,DAYLIGHT,SIDESWIPE SAME DIRECTION,T-INTERSECTION,STOP SIGN/FLASHER,UNABLE TO DETERMINE,IMPROPER OVERTAKING/PASSING,0,0,0,0,13,6,1,387,MILWAUKEE AVE,41.975511,-87.823859,01/20/2017 02:07:00 PM,2017
CR00012716,08/06/2021 11:52:00 AM,45,CLEAR,DAYLIGHT,SIDESWIPE SAME DIRECTION,DIVIDED - W/MEDIAN (NOT RAISED),TRAFFIC SIGNAL,DISREGARDING TRAFFIC SIGNALS,IMPROPER LANE USAGE,0,0,0,0,11,6,8,406,BROADWAY,41.9934,-87.833333,08/06/2021 01:51:00 PM,2021
CR00012717,06/02/2024 01:36:00 PM,40,CLEAR,DAYLIGHT,REAR END,NOT DIVIDED,STOP SIGN/FLASHER,FAILING TO REDUCE SPEED,NOT APPLICABLE,0,0,0,0,13,1,6,1838,WESTERN AVE,41.955295,-87.558575,06/02/2024 03:14:00 PM,2024
CR00012718,01/24/2017 07:48:00 AM,30,CLEAR,DAYLIGHT,PEDESTRIAN,NOT DIVIDED,YIELD,FOLLOWING TOO CLOSELY,NOT APPLICABLE,0,1,1,2,7,3,1,1266,79TH ST,41.87525,-87.606794,01/24/2017 07:53:00 AM,2017
CR00012719,05/19/2020 09:05:00 AM,30,CLEAR,DAYLIGHT,TURNING,DIVIDED - W/MEDIAN (NOT RAISED),TRAFFIC SIGNAL,UNABLE TO DETERMINE,DRIVING SKILLS/KNOWLEDGE/EXPERIENCE,0,0,0,0,9,3,5,2273,FULLERTON AVE,41.964718,-87.798711,05/19/2020 09:46:00 AM,2020
CR00012720,07/30/2021 12:33:00 AM,35,CLEAR,DAYLIGHT,REAR END,T-INTERSECTION,TRAFFIC SIGNAL,DRIVING SKILLS/KNOWLEDGE/EXPERIENCE,FAILING TO REDUCE SPEED,0,0,0,0,0,6,7,777,47TH ST,41.706734,-87.788985,07/30/2021 01:09:00 AM,2021
CR00012721,12/10/2019 06:19:00 PM,20,CLEAR,DARKNESS - LIGHTED ROAD,REAR END,FOUR WAY,STOP SIGN/FLASHER,DISREGARDING TRAFFIC SIGNALS,DISREGARDING TRAFFIC SIGNALS,0,0,0,0,18,3,12,761,ARCHER AVE,41.723958,-87.507992,12/10/2019 07:04:00 PM,2019
CR00012722,06/19/2015 12:43:00 AM,30,CLEAR,DARKNESS - LIGHTED ROAD,ANGLE,NOT DIVIDED,UNKNOWN,UNABLE TO DETERMINE,NOT APPLICABLE,0,0,0,0,0,6,6,563,MICHIGAN AVE,41.734158,-87.830837,06/19/2015 02:39:00 AM,2015
CR00012723,02/13/2015 05:15:00 PM,20,CLEAR,DAYLIGHT,REAR END,ONE-WAY,TRAFFIC SIGNAL,FAILING TO YIELD RIGHT-OF-WAY,UNABLE TO DETERMINE,0,0,0,0,17,6,2,1485,HALSTED ST,41.892457,-87.784399,02/13/2015 05:33:00 PM,2015
CR00012724,07/01/2018 10:19:00 AM,45,CLEAR,DARKNESS - LIGHTED ROAD,REAR END,NOT DIVIDED,TRAFFIC SIGNAL,UNABLE TO DETERMINE,FOLLOWING TOO CLOSELY,0,0,0,0,10,1,7,1076,CLARK ST,41.72133,-87.782596,07/01/2018 11:35:00 AM,2018
CR00012725,06/27/2019 07:01:00 AM,30,CLEAR,DAYLIGHT,ANGLE,FOUR WAY,TRAFFIC SIGNAL,UNABLE TO DETERMINE,FAILING TO REDUCE SPEED,0,0,0,0,7,5,6,1887,LAKE SHORE DR,41.880873,-87.837197,06/27/2019 08:40:00 AM,2019
CR00012726,03/21/2017 07:20:00 AM,35,CLEAR,DAYLIGHT,REAR END,NOT DIVIDED,NO CONTROLS,UNABLE TO DETERMINE,UNABLE TO DETERMINE,0,0,2,2,7,3,3,2245,DAMEN AVE,41.740517,-87.727109,03/21/2017 09:06:00 AM,2017
CR00012727,04/03/2018 05:47:00 PM,25,CLEAR,DARKNESS - LIGHTED ROAD,TURNING,NOT DIVIDED,TRAFFIC SIGNAL,FAILING TO YIELD RIGHT-OF-WAY,NOT APPLICABLE,0,0,0,0,17,3,4,1429,LAKE SHORE DR,41.766442,-87.801587,04/03/2018 06:50:00 PM,2018
CR00012728,04/09/2015 09:18:00 AM,35,CLEAR,DAYLIGHT,PARKED MOTOR VEHICLE,DIVIDED - W/MEDIAN BARRIER,STOP SIGN/FLASHER,IMPROPER OVERTAKING/PASSING,NOT APPLICABLE,0,0,2,2,9,5,4,811,FULLERTON AVE,41.906914,-87.849015,04/09/2015 11:10:00 AM,2015
CR00012729,03/20/2018 05:24:00 PM,25,CLEAR,DARKNESS - LIGHTED ROAD,TURNING,DIVIDED - W/MEDIAN (NOT RAISED),NO CONTROLS,WEATHER,DISTRACTION - FROM INSIDE VEHICLE,0,0,0,0,17,3,3,2020,CLARK ST,41.861996,-87.60101,03/20/2018 06:05:00 PM,2018
CR00012730,03/27/2016 06:19:00 PM,45,CLEAR,DAYLIGHT,ANGLE,T-INTERSECTION,TRAFFIC SIGNAL,WEATHER,DRIVING SKILLS/KNOWLEDGE/EXPERIENCE,0,0,2,2,18,1,3,1642,OGDEN AVE,41.988262,-87.793509,03/27/2016 06:21:00 PM,2016
CR00012731,08/20/2015 08:09:00 PM,35,CLEAR,DAYLIGHT,PARKED MOTOR VEHICLE,NOT DIVIDED,PEDESTRIAN CROSSING SIGN,FAILING TO YIELD RIGHT-OF-WAY,NOT APPLICABLE,0,0,0,0,20,5,8,983,DIVISION ST,41.854295,-87.602071,08/20/2015 09:40:00 PM,2015
CR00012732,12/28/2019 07:54:00 AM,30,CLEAR,DUSK,REAR END,DIVIDED - W/MEDIAN (NOT RAISED),TRAFFIC SIGNAL,DRIVING SKILLS/KNOWLEDGE/EXPERIENCE,UNABLE TO DETERMINE,0,0,0,0,7,7,12,1773,CICERO AVE,41.873077,-87.841507,12/28/2019 09:37:00 AM,2019
CR00012733,05/02/2015 03:20:00 PM,30,CLEAR,DAYLIGHT,TURNING,NOT DIVIDED,NO CONTROLS,UNABLE TO DETERMINE,UNABLE TO DETERMINE,0,1,2,3,15,7,5,2199,LAKE SHORE DR,41.994744,-87.772666,05/02/2015 04:21:00 PM,2015
CR00012734,10/03/2020 08:01:00 AM,15,CLEAR,DAYLIGHT,PEDESTRIAN,FOUR WAY,NO CONTROLS,DISTRACTION - FROM INSIDE VEHICLE,FOLLOWING TOO CLOSELY,0,0,0,0,8,7,10,1058,PULASKI RD,41.728448,-87.667509,10/03/2020 09:42:00 AM,2020
CR00012735,11/14/2017 06:23:00 PM,30,CLEAR,DAYLIGHT,REAR END,FOUR WAY,TRAFFIC SIGNAL,FOLLOWING TOO CLOSELY,WEATHER,0,0,0,0,18,3,11,2200,ELSTON AVE,41.789556,-87.779102,11/14/2017 07:55:00 PM,2017
CR00012736,05/20/2021 12:50:00 PM,35,CLEAR,DAWN,SIDESWIPE SAME DIRECTION,NOT DIVIDED,NO CONTROLS,FAILING TO REDUCE SPEED,UNABLE TO DETERMINE,0,0,1,1,12,5,5,2272,HALSTED ST,41.951892,-87.545309,05/20/2021 02:13:00 PM,2021
CR00012737,12/31/2018 01:27:00 PM,25,CLEAR,DAYLIGHT,ANGLE,DIVIDED - W/MEDIAN BARRIER,STOP SIGN/FLASHER,IMPROPER OVERTAKING/PASSING,NOT APPLICABLE,0,0,0,0,13,2,12,1930,BROADWAY,41.933277,-87.503642,12/31/2018 01:40:00 PM,2018
CR00012738,01/28/2017 09:43:00 AM,40,CLEAR,DAYLIGHT,REAR END,DIVIDED - W/MEDIAN (NOT RAISED),NO CONTROLS,UNABLE TO DETERMINE,IMPROPER OVERTAKING/PASSING,0,0,1,1,9,7,1,976,47TH ST,41.737433,-87.592568,01/28/2017 10:38:00 AM,2017
CR00012739,01/30/2017 11:41:00 AM,30,CLEAR,DAYLIGHT,PARKED MOTOR VEHICLE,NOT DIVIDED,TRAFFIC SIGNAL,DISREGARDING TRAFFIC SIGNALS,NOT APPLICABLE,0,0,0,0,11,2,1,902,CICERO AVE,41.754339,-87.683013,01/30/2017 01:18:00 PM,2017
CR00012740,01/15/2018 07:46:00 AM,45,CLEAR,DARKNESS - LIGHTED ROAD,ANGLE,T-INTERSECTION,STOP SIGN/FLASHER,UNABLE TO DETERMINE,FAILING TO YIELD RIGHT-OF-WAY,0,0,0,0,7,2,1,105,HALSTED ST,41.776329,-87.787492,01/15/2018 08:42:00 AM,2018
CR00012741,09/05/2019 07:40:00 PM,15,RAIN,DAYLIGHT,ANGLE,NOT DIVIDED,NO CONTROLS,UNABLE TO DETERMINE,FOLLOWING TOO CLOSELY,0,0,0,0,19,5,9,2287,DAMEN AVE,41.789146,-87.52056,09/05/2019 09:05:00 PM,2019
CR00012742,08/28/2015 07:47:00 PM,25,CLEAR,DAYLIGHT,TURNING,DIVIDED - W/MEDIAN (NOT RAISED),TRAFFIC SIGNAL,UNABLE TO DETERMINE,UNABLE TO DETERMINE,0,0,0,0,19,6,8,1643,79TH ST,41.880089,-87.634511,08/28/2015 08:33:00 PM,2015
CR00012743,04/20/2017 04:58:00 AM,30,CLEAR,DAYLIGHT,REAR TO FRONT,DIVIDED - W/MEDIAN (NOT RAISED),NO CONTROLS,IMPROPER LANE USAGE,FAILING TO REDUCE SPEED,0,0,0,0,4,5,4,897,ROOSEVELT RD,41.975725,-87.519814,04/20/2017 06:48:00 AM,2017
CR00012744,01/23/2016 11:32:00 AM,30,CLEAR,DAYLIGHT,PEDESTRIAN,NOT DIVIDED,UNKNOWN,UNABLE TO DETERMINE,NOT APPLICABLE,0,0,2,2,11,7,1,1536,LAKE SHORE DR,41.798093,-87.673828,01/23/2016 11:54:00 AM,2016
CR00012745,05/18/2023 04:46:00 AM,30,CLEAR,DARKNESS - LIGHTED ROAD,SIDESWIPE SAME DIRECTION,ONE-WAY,UNKNOWN,IMPROPER LANE USAGE,NOT APPLICABLE,0,0,3,3,4,5,5,1741,LAKE SHORE DR,41.702829,-87.634507,05/18/2023 06:38:00 AM,2023
CR00012746,07/12/2022 08:35:00 AM,25,RAIN,DUSK,ANGLE,NOT DIVIDED,NO CONTROLS,FOLLOWING TOO CLOSELY,NOT APPLICABLE,0,0,0,0,8,3,7,197,BROADWAY,41.89498,-87.846157,07/12/2022 08:46:00 AM,2022
CR00012747,08/30/2016 01:35:00 PM,30,CLEAR,DAYLIGHT,REAR END,FOUR WAY,NO CONTROLS,DRIVING SKILLS/KNOWLEDGE/EXPERIENCE,UNABLE TO DETERMINE,0,0,0,0,13,3,8,2518,DIVISION ST,41.970597,-87.632568,08/30/2016 01:38:00 PM,2016
CR00012748,12/02/2022 05:50:00 PM,45,SNOW,DAYLIGHT,REAR TO FRONT,ONE-WAY,TRAFFIC SIGNAL,IMPROPER LANE USAGE,DRIVING SKILLS/KNOWLEDGE/EXPERIENCE,0,0,0,0,17,6,12,1255,CALIFORNIA AVE,41.832965,-87.785786,12/02/2022 07:09:00 PM,2022
CR00012749,06/01/2018 07:55:00 PM,35,RAIN,DAYLIGHT,REAR END,DIVIDED - W/MEDIAN (NOT RAISED),TRAFFIC SIGNAL,DISREGARDING TRAFFIC SIGNALS,DRIVING SKILLS/KNOWLEDGE/EXPERIENCE,0,1,3,4,19,6,6,1531,79TH ST,41.742617,-87.610078,06/01/2018 08:53:00 PM,2018
CR00012750,10/20/2021 02:26:00 PM,35,CLEAR,DARKNESS,FIXED OBJECT,NOT DIVIDED,STOP SIGN/FLASHER,UNABLE TO DETERMINE,DRIVING SKILLS/KNOWLEDGE/EXPERIENCE,0,0,3,3,14,4,10,1242,MICHIGAN AVE,41.843743,-87.735849,10/20/2021 02:28:00 PM,2021
CR00012751,05/14/2024 06:05:00 PM,30,CLEAR,DAYLIGHT,REAR END,FOUR WAY,STOP SIGN/FLASHER,FAILING TO REDUCE SPEED,FAILING TO REDUCE SPEED,0,0,3,3,18,3,5,2166,OGDEN AVE,41.89101,-87.763301,05/14/2024 06:51:00 PM,2024
CR00012752,01/25/2015 11:42:00 PM,35,CLEAR,DARKNESS,REAR END,NOT DIVIDED,UNKNOWN,IMPROPER LANE USAGE,UNABLE TO DETERMINE,0,0,0,0,23,1,1,2399,PULASKI RD,41.944193,-87.522883,01/26/2015 12:09:00 AM,2015
CR00012753,07/28/2018 02:47:00 AM,40,CLEAR,DAYLIGHT,PEDESTRIAN,NOT DIVIDED,STOP SIGN/FLASHER,IMPROPER LANE USAGE,FAILING TO REDUCE SPEED,0,0,0,0,2,7,7,1953,CLARK ST,41.977086,-87.580234,07/28/2018 04:11:00 AM,2018
CR00012754,10/17/2022 11:14:00 PM,15,CLEAR,DAYLIGHT,SIDESWIPE SAME DIRECTION,DIVIDED - W/MEDIAN BARRIER,NO CONTROLS,FAILING TO YIELD RIGHT-OF-WAY,FAILING TO REDUCE SPEED,0,0,3,3,23,2,10,1874,KEDZIE AVE,41.887174,-87.514375,10/18/2022 01:03:00 AM,2022
CR00012755,09/02/2018 11:58:00 AM,15,CLEAR,DAYLIGHT,REAR END,FOUR WAY,STOP SIGN/FLASHER,UNABLE TO DETERMINE,FOLLOWING TOO CLOSELY,0,0,0,0,11,1,9,679,47TH ST,41.940025,-87.737914,09/02/2018 01:43:00 PM,2018
CR00012756,11/03/2024 08:34:00 AM,30,CLEAR,DAYLIGHT,ANGLE,NOT DIVIDED,TRAFFIC SIGNAL,UNABLE TO DETERMINE,NOT APPLICABLE,0,0,0,0,8,1,11,347,HALSTED ST,41.959032,-87.59107,11/03/2024 09:36:00 AM,2024
CR00012757,07/09/2021 08:13:00 PM,45,CLEAR,DUSK,ANGLE,DIVIDED - W/MEDIAN BARRIER,STOP SIGN/FLASHER,FOLLOWING TOO CLOSELY,IMPROPER LANE USAGE,0,0,0,0,20,6,7,597,63RD ST,41.826289,-87.638343,07/09/2021 08:40:00 PM,2021
CR00012758,05/05/2020 08:01:00 PM,25,SNOW,DAYLIGHT,REAR END,DIVIDED - W/MEDIAN (NOT RAISED),TRAFFIC SIGNAL,DISREGARDING TRAFFIC SIGNALS,UNABLE TO DETERMINE,0,0,0,0,20,3,5,398,CALIFORNIA AVE,41.80247,-87.755918,05/05/2020 08:14:00 PM,2020
CR00012759,10/08/2023 02:15:00 PM,45,SNOW,DARKNESS - LIGHTED ROAD,TURNING,DIVIDED - W/MEDIAN (NOT RAISED),NO CONTROLS,IMPROPER LANE USAGE,UNABLE TO DETERMINE,0,0,0,0,14,1,10,2211,MICHIGAN AVE,41.957482,-87.517379,10/08/2023 02:32:00 PM,2023
CR00012760,05/20/2021 05:27:00 PM,30,CLOUDY/OVERCAST,DAWN,PEDESTRIAN,DIVIDED - W/MEDIAN (NOT RAISED),NO CONTROLS,FAILING TO YIELD RIGHT-OF-WAY,DISREGARDING TRAFFIC SIGNALS,0,0,0,0,17,5,5,414,IRVING PARK RD,41.980041,-87.651375,05/20/2021 06:06:00 PM,2021
CR00012761,07/08/2022 08:40:00 AM,25,CLEAR,DARKNESS,REAR END,DIVIDED - W/MEDIAN (NOT RAISED),TRAFFIC SIGNAL,FAILING TO YIELD RIGHT-OF-WAY,IMPROPER LANE USAGE,0,0,0,0,8,6,7,889,DAMEN AVE,41.801447,-87.747806,07/08/2022 08:53:00 AM,2022
CR00012762,09/24/2016 09:58:00 AM,40,RAIN,DAWN,REAR END,NOT DIVIDED,NO CONTROLS,DISTRACTION - FROM INSIDE VEHICLE,IMPROPER LANE USAGE,0,0,0,0,9,7,9,639,MICHIGAN AVE,41.82342,-87.504184,09/24/2016 10:49:00 AM,2016
CR00012763,07/15/2019 10:06:00 PM,30,RAIN,DAYLIGHT,PARKED MOTOR VEHICLE,DIVIDED - W/MEDIAN BARRIER,TRAFFIC SIGNAL,IMPROPER LANE USAGE,FAILING TO YIELD RIGHT-OF-WAY,0,0,0,0,22,2,7,2358,ELSTON AVE,41.745794,-87.541723,07/15/2019 11:06:00 PM,2019
CR00012764,04/09/2016 08:16:00 AM,30,CLOUDY/OVERCAST,DARKNESS - LIGHTED ROAD,SIDESWIPE SAME DIRECTION,ONE-WAY,PEDESTRIAN CROSSING SIGN,UNABLE TO DETERMINE,FAILING TO REDUCE SPEED,0,1,0,1,8,7,4,1420,FULLERTON AVE,41.769837,-87.594787,04/09/2016 08:25:00 AM,2016
CR00012765,05/12/2024 11:14:00 AM,20,RAIN,DARKNESS,REAR END,NOT DIVIDED,UNKNOWN,DISTRACTION - FROM INSIDE VEHICLE,UNABLE TO DETERMINE,0,0,0,0,11,1,5,2395,PULASKI RD,41.924478,-87.780687,05/12/2024 12:55:00 PM,2024
CR00012766,05/10/2019 02:45:00 PM,30,CLEAR,DARKNESS - LIGHTED ROAD,REAR END,DIVIDED - W/MEDIAN BARRIER,NO CONTROLS,FAILING TO REDUCE SPEED,UNABLE TO DETERMINE,0,0,0,0,14,6,5,316,LAKE SHORE DR,41.821535,-87.582863,05/10/2019 02:46:00 PM,2019
CR00012767,09/23/2021 01:32:00 PM,40,CLEAR,DAYLIGHT,REAR END,DIVIDED - W/MEDIAN (NOT RAISED),NO CONTROLS,FAILING TO YIELD RIGHT-OF-WAY,NOT APPLICABLE,0,0,1,1,13,5,9,1370,MICHIGAN AVE,41.983498,-87.534315,09/23/2021 02:29:00 PM,2021