CRASH_RECORD_ID,CRASH_DATE,POSTED_SPEED_LIMIT,WEATHER_CONDITION,LIGHTING_CONDITION,FIRST_CRASH_TYPE,TRAFFICWAY_TYPE,TRAFFIC_CONTROL_DEVICE,PRIM_CONTRIBUTORY_CAUSE,SEC_CONTRIBUTORY_CAUSE,INJURIES_FATAL,INJURIES_INCAPACITATING,INJURIES_NON_INCAPACITATING,INJURIES_TOTAL,CRASH_HOUR,CRASH_DAY_OF_WEEK,CRASH_MONTH,BEAT_OF_OCCURRENCE,STREET_NAME,LATITUDE,LONGITUDE,DATE_POLICE_NOTIFIED,year
CR00012768,01/16/2020 12:21:00 PM,30,CLEAR,DARKNESS - LIGHTED ROAD,TURNING,NOT DIVIDED,NO CONTROLS,UNABLE TO DETERMINE,IMPROPER OVERTAKING/PASSING,0,0,0,0,12,5,1,1380,ARCHER AVE,41.902605,-87.615373,01/16/2020 01:09:00 PM,2020
CR00012769,10/30/2020 05:27:00 PM,25,CLEAR,DAYLIGHT,REAR TO FRONT,DIVIDED - W/MEDIAN BARRIER,TRAFFIC SIGNAL,FOLLOWING TOO CLOSELY,DRIVING SKILLS/KNOWLEDGE/EXPERIENCE,0,0,0,0,17,6,10,458,ASHLAND AVE,41.725284,-87.750317,10/30/2020 06:34:00 PM,2020
CR00012770,06/28/2018 06:49:00 AM,30,CLEAR,DAYLIGHT,SIDESWIPE SAME DIRECTION,NOT DIVIDED,NO CONTROLS,UNABLE TO DETERMINE,FAILING TO YIELD RIGHT-OF-WAY,0,0,0,0,6,5,6,1383,BROADWAY,41.964842,-87.558817,06/28/2018 07:47:00 AM,2018
CR00012771,08/04/2023 07:05:00 AM,15,SNOW,DARKNESS - LIGHTED ROAD,TURNING,DIVIDED - W/MEDIAN (NOT RAISED),UNKNOWN,UNABLE TO DETERMINE,FAILING TO YIELD RIGHT-OF-WAY,0,0,1,1,7,6,8,1819,OGDEN AVE,41.769525,-87.607697,08/04/2023 07:47:00 AM,2023
CR00012772,05/21/2022 07:30:00 PM,30,CLEAR,DARKNESS - LIGHTED ROAD,PARKED MOTOR VEHICLE,NOT DIVIDED,NO CONTROLS,UNABLE TO DETERMINE,UNABLE TO DETERMINE,0,0,0,0,19,7,5,2492,CALIFORNIA AVE,41.765511,-87.660106,05/21/2022 09:08:00 PM,2022
CR00012773,07/10/2020 06:55:00 PM,15,CLOUDY/OVERCAST,DARKNESS,PEDESTRIAN,DIVIDED - W/MEDIAN (NOT RAISED),YIELD,FAILING TO REDUCE SPEED,UNABLE TO DETERMINE,0,0,0,0,18,6,7,1408,MICHIGAN AVE,41.779033,-87.77473,07/10/2020 07:57:00 PM,2020
CR00012774,09/01/2017 08:14:00 AM,45,CLEAR,DAYLIGHT,ANGLE,NOT DIVIDED,NO CONTROLS,FAILING TO YIELD RIGHT-OF-WAY,IMPROPER LANE USAGE,0,0,0,0,8,6,9,1893,CLARK ST,41.82516,-87.715444,09/01/2017 10:08:00 AM,2017
CR00012775,11/09/2015 02:05:00 AM,35,CLEAR,DAYLIGHT,PEDESTRIAN,DIVIDED - W/MEDIAN (NOT RAISED),NO CONTROLS,FAILING TO REDUCE SPEED,NOT APPLICABLE,0,0,0,0,2,2,11,632,ASHLAND AVE,41.889618,-87.718742,11/09/2015 02:11:00 AM,2015
CR00012776,06/15/2016 09:07:00 AM,45,CLEAR,DAYLIGHT,REAR END,NOT DIVIDED,NO CONTROLS,FAILING TO YIELD RIGHT-OF-WAY,IMPROPER LANE USAGE,0,0,1,1,9,4,6,869,63RD ST,41.782898,-87.788611,06/15/2016 09:39:00 AM,2016
CR00012777,02/12/2022 02:34:00 PM,15,SNOW,DAYLIGHT,TURNING,T-INTERSECTION,TRAFFIC SIGNAL,WEATHER,DRIVING SKILLS/KNOWLEDGE/EXPERIENCE,0,0,0,0,14,7,2,1600,ARCHER AVE,41.769777,-87.790797,02/12/2022 04:10:00 PM,2022
CR00012778,06/08/2020 12:43:00 PM,25,CLEAR,DARKNESS - LIGHTED ROAD,TURNING,ONE-WAY,NO CONTROLS,UNABLE TO DETERMINE,UNABLE TO DETERMINE,0,0,0,0,12,2,6,2489,CICERO AVE,41.985617,-87.746046,06/08/2020 01:41:00 PM,2020
CR00012779,05/13/2017 03:14:00 PM,35,CLEAR,DAYLIGHT,PARKED MOTOR VEHICLE,DIVIDED - W/MEDIAN (NOT RAISED),NO CONTROLS,DISREGARDING TRAFFIC SIGNALS,FOLLOWING TOO CLOSELY,0,0,1,1,15,7,5,1743,MICHIGAN AVE,41.975682,-87.513992,05/13/2017 04:33:00 PM,2017
CR00012780,03/13/2016 05:49:00 PM,30,CLEAR,DARKNESS - LIGHTED ROAD,SIDESWIPE SAME DIRECTION,DIVIDED - W/MEDIAN BARRIER,NO CONTROLS,UNABLE TO DETERMINE,IMPROPER OVERTAKING/PASSING,0,0,1,1,17,1,3,1446,OGDEN AVE,41.964287,-87.827045,03/13/2016 06:18:00 PM,2016
CR00012781,11/17/2021 06:42:00 PM,45,CLEAR,DAYLIGHT,REAR END,DIVIDED - W/MEDIAN (NOT RAISED),TRAFFIC SIGNAL,DISTRACTION - FROM INSIDE VEHICLE,NOT APPLICABLE,0,0,0,0,18,4,11,661,MICHIGAN AVE,41.868634,-87.747714,11/17/2021 08:12:00 PM,2021
CR00012782,01/17/2015 05:18:00 PM,40,CLEAR,DUSK,PARKED MOTOR VEHICLE,NOT DIVIDED,TRAFFIC SIGNAL,FAILING TO YIELD RIGHT-OF-WAY,UNABLE TO DETERMINE,0,0,0,0,17,7,1,1298,DIVISION ST,41.89367,-87.592477,01/17/2015 05:26:00 PM,2015
CR00012783,03/16/2019 07:38:00 AM,30,CLEAR,DAYLIGHT,PEDESTRIAN,DIVIDED - W/MEDIAN BARRIER,STOP SIGN/FLASHER,UNABLE TO DETERMINE,FOLLOWING TOO CLOSELY,0,0,0,0,7,7,3,2493,LAKE SHORE DR,41.850948,-87.657069,03/16/2019 08:11:00 AM,2019
CR00012784,11/13/2015 04:48:00 PM,30,CLEAR,DAYLIGHT,REAR END,NOT DIVIDED,NO CONTROLS,DRIVING SKILLS/KNOWLEDGE/EXPERIENCE,NOT APPLICABLE,0,0,1,1,16,6,11,1069,KEDZIE AVE,41.846262,-87.72588,11/13/2015 05:32:00 PM,2015
CR00012785,01/12/2024 08:04:00 AM,15,CLEAR,DAYLIGHT,SIDESWIPE SAME DIRECTION,NOT DIVIDED,NO CONTROLS,FAILING TO YIELD RIGHT-OF-WAY,FAILING TO YIELD RIGHT-OF-WAY,0,0,0,0,8,6,1,662,DAMEN AVE,41.951278,-87.61114,01/12/2024 08:42:00 AM,2024
CR00012786,05/09/2019 03:16:00 AM,30,CLEAR,DAYLIGHT,PARKED MOTOR VEHICLE,DIVIDED - W/MEDIAN BARRIER,NO CONTROLS,FAILING TO YIELD RIGHT-OF-WAY,FAILING TO YIELD RIGHT-OF-WAY,0,0,0,0,3,5,5,572,47TH ST,41.826002,-87.650918,05/09/2019 04:48:00 AM,2019
CR00012787,05/11/2023 06:27:00 PM,20,CLOUDY/OVERCAST,DAYLIGHT,REAR TO FRONT,NOT DIVIDED,NO CONTROLS,DRIVING SKILLS/KNOWLEDGE/EXPERIENCE,NOT APPLICABLE,0,0,0,0,18,5,5,2497,CALIFORNIA AVE,41.974665,-87.578454,05/11/2023 07:07:00 PM,2023
CR00012788,08/06/2024 07:12:00 AM,35,CLEAR,DARKNESS - LIGHTED ROAD,SIDESWIPE SAME DIRECTION,ONE-WAY,TRAFFIC SIGNAL,UNABLE TO DETERMINE,IMPROPER OVERTAKING/PASSING,0,0,0,0,7,3,8,542,WESTERN AVE,41.874808,-87.823202,08/06/2024 07:36:00 AM,2024
CR00012789,03/24/2023 02:33:00 PM,40,FREEZING RAIN/DRIZZLE,DAYLIGHT,SIDESWIPE SAME DIRECTION,ONE-WAY,NO CONTROLS,FAILING TO REDUCE SPEED,FAILING TO YIELD RIGHT-OF-WAY,0,0,0,0,14,6,3,1847,ASHLAND AVE,41.813796,-87.542257,03/24/2023 04:26:00 PM,2023
CR00012790,10/08/2020 05:52:00 PM,35,CLEAR,DAYLIGHT,TURNING,NOT DIVIDED,NO CONTROLS,UNABLE TO DETERMINE,FAILING TO YIELD RIGHT-OF-WAY,0,0,0,0,17,5,10,993,DIVISION ST,41.854537,-87.802713,10/08/2020 06:00:00 PM,2020
CR00012791,04/10/2018 07:03:00 AM,35,CLEAR,DAYLIGHT,REAR END,NOT DIVIDED,NO CONTROLS,UNABLE TO DETERMINE,IMPROPER OVERTAKING/PASSING,0,0,0,0,7,3,4,1439,DAMEN AVE,41.761979,-87.707522,04/10/2018 07:24:00 AM,2018
CR00012792,06/15/2015 04:59:00 PM,35,CLEAR,DAYLIGHT,REAR TO FRONT,T-INTERSECTION,NO CONTROLS,UNABLE TO DETERMINE,UNABLE TO DETERMINE,0,1,1,2,16,2,6,1669,MICHIGAN AVE,41.836975,-87.519824,06/15/2015 05:37:00 PM,2015
CR00012793,09/05/2022 08:08:00 AM,25,CLOUDY/OVERCAST,DAYLIGHT,PARKED MOTOR VEHICLE,ONE-WAY,NO CONTROLS,DRIVING SKILLS/KNOWLEDGE/EXPERIENCE,WEATHER,0,0,0,0,8,2,9,404,MILWAUKEE AVE,41.962171,-87.819254,09/05/2022 09:57:00 AM,2022
CR00012794,10/01/2016 03:57:00 PM,30,CLEAR,DAYLIGHT,ANGLE,NOT DIVIDED,NO CONTROLS,FAILING TO YIELD RIGHT-OF-WAY,NOT APPLICABLE,0,0,3,3,15,7,10,504,DAMEN AVE,41.791233,-87.844561,10/01/2016 05:36:00 PM,2016
CR00012795,03/07/2023 08:27:00 PM,30,CLEAR,DAYLIGHT,TURNING,ONE-WAY,NO CONTROLS,UNABLE TO DETERMINE,FAILING TO YIELD RIGHT-OF-WAY,0,0,1,1,20,3,3,130,FULLERTON AVE,41.838112,-87.547183,03/07/2023 10:23:00 PM,2023
CR00012796,08/01/2022 05:12:00 PM,40,CLEAR,DAYLIGHT,SIDESWIPE SAME DIRECTION,DIVIDED - W/MEDIAN (NOT RAISED),STOP SIGN/FLASHER,FOLLOWING TOO CLOSELY,DISREGARDING TRAFFIC SIGNALS,0,0,0,0,17,2,8,2518,ROOSEVELT RD,41.924975,-87.769648,08/01/2022 06:42:00 PM,2022
CR00012797,01/28/2016 10:00:00 PM,40,CLEAR,DUSK,REAR END,DIVIDED - W/MEDIAN (NOT RAISED),NO CONTROLS,UNABLE TO DETERMINE,DISREGARDING TRAFFIC SIGNALS,0,0,0,0,22,5,1,699,79TH ST,41.729014,-87.600535,01/28/2016 11:46:00 PM,2016
CR00012798,07/25/2016 07:07:00 AM,15,CLEAR,DAYLIGHT,PEDESTRIAN,NOT DIVIDED,TRAFFIC SIGNAL,DRIVING SKILLS/KNOWLEDGE/EXPERIENCE,UNABLE TO DETERMINE,0,0,0,0,7,2,7,173,IRVING PARK RD,41.769271,-87.664707,07/25/2016 08:58:00 AM,2016
CR00012799,03/12/2015 01:01:00 PM,15,CLEAR,DAYLIGHT,PARKED MOTOR VEHICLE,FOUR WAY,STOP SIGN/FLASHER,FAILING TO YIELD RIGHT-OF-WAY,NOT APPLICABLE,0,0,0,0,13,5,3,315,PULASKI RD,41.953807,-87.823016,03/12/2015 02:58:00 PM,2015
CR00012800,06/10/2015 12:29:00 PM,30,CLEAR,DARKNESS - LIGHTED ROAD,REAR END,NOT DIVIDED,NO CONTROLS,IMPROPER OVERTAKING/PASSING,IMPROPER OVERTAKING/PASSING,0,0,0,0,12,4,6,268,LAKE SHORE DR,41.930663,-87.600005,06/10/2015 01:11:00 PM,2015
CR00012801,07/02/2021 08:56:00 PM,20,CLEAR,DARKNESS - LIGHTED ROAD,PARKED MOTOR VEHICLE,FOUR WAY,STOP SIGN/FLASHER,FOLLOWING TOO CLOSELY,NOT APPLICABLE,0,0,0,0,20,6,7,1733,47TH ST,41.928851,-87.84532,07/02/2021 09:00:00 PM,2021
CR00012802,02/14/2019 08:39:00 PM,15,CLEAR,DAYLIGHT,TURNING,FOUR WAY,NO CONTROLS,DISREGARDING TRAFFIC SIGNALS,DRIVING SKILLS/KNOWLEDGE/EXPERIENCE,0,0,0,0,20,5,2,1792,STATE ST,41.859426,-87.799412,02/14/2019 08:48:00 PM,2019
CR00012803,03/16/2022 02:11:00 AM,25,CLEAR,DAYLIGHT,ANGLE,DIVIDED - W/MEDIAN (NOT RAISED),UNKNOWN,FOLLOWING TOO CLOSELY,NOT APPLICABLE,0,0,0,0,2,4,3,1362,CLARK ST,41.881264,-87.652959,03/16/2022 02:50:00 AM,2022
CR00012804,04/18/2024 10:09:00 AM,30,CLEAR,DAYLIGHT,SIDESWIPE SAME DIRECTION,DIVIDED - W/MEDIAN (NOT RAISED),STOP SIGN/FLASHER,UNABLE TO DETERMINE,FOLLOWING TOO CLOSELY,0,0,1,1,10,5,4,1413,MICHIGAN AVE,41.876273,-87.622317,04/18/2024 11:15:00 AM,2024
CR00012805,05/27/2018 05:52:00 PM,30,CLEAR,DARKNESS - LIGHTED ROAD,TURNING,T-INTERSECTION,TRAFFIC SIGNAL,IMPROPER OVERTAKING/PASSING,UNABLE TO DETERMINE,0,0,2,2,17,1,5,776,DAMEN AVE,41.991787,-87.845518,05/27/2018 07:03:00 PM,2018
CR00012806,11/19/2024 06:51:00 AM,40,RAIN,DAWN,ANGLE,NOT DIVIDED,STOP SIGN/FLASHER,FAILING TO REDUCE SPEED,UNABLE TO DETERMINE,0,0,0,0,6,3,11,2150,ELSTON AVE,41.953366,-87.83387,11/19/2024 07:59:00 AM,2024
CR00012807,04/05/2019 06:04:00 PM,15,CLEAR,DAYLIGHT,SIDESWIPE SAME DIRECTION,NOT DIVIDED,NO CONTROLS,IMPROPER LANE USAGE,FAILING TO REDUCE SPEED,0,0,0,0,18,6,4,1316,HALSTED ST,41.891722,-87.652369,04/05/2019 06:06:00 PM,2019
CR00012808,12/31/2017 02:57:00 AM,45,CLEAR,DAYLIGHT,SIDESWIPE SAME DIRECTION,FOUR WAY,STOP SIGN/FLASHER,UNABLE TO DETERMINE,UNABLE TO DETERMINE,0,0,3,3,2,1,12,1288,IRVING PARK RD,41.853538,-87.524585,12/31/2017 04:50:00 AM,2017
CR00012809,08/26/2017 06:13:00 AM,30,RAIN,DARKNESS,SIDESWIPE SAME DIRECTION,ONE-WAY,NO CONTROLS,FOLLOWING TOO CLOSELY,DISREGARDING TRAFFIC SIGNALS,0,0,0,0,6,7,8,2262,63RD ST,41.818219,-87.679777,08/26/2017 06:22:00 AM,2017
CR00012810,07/23/2021 08:31:00 AM,30,CLEAR,DAYLIGHT,TURNING,T-INTERSECTION,STOP SIGN/FLASHER,UNABLE TO DETERMINE,NOT APPLICABLE,0,0,0,0,8,6,7,921,PULASKI RD,41.858988,-87.764936,07/23/2021 10:04:00 AM,2021
CR00012811,04/10/2020 09:22:00 AM,45,CLEAR,DAYLIGHT,FIXED OBJECT,DIVIDED - W/MEDIAN (NOT RAISED),STOP SIGN/FLASHER,UNABLE TO DETERMINE,UNABLE TO DETERMINE,0,0,1,1,9,6,4,2015,FULLERTON AVE,41.858044,-87.72006,04/10/2020 11:05:00 AM,2020
CR00012812,08/19/2023 03:26:00 PM,30,CLOUDY/OVERCAST,DARKNESS,ANGLE,NOT DIVIDED,STOP SIGN/FLASHER,UNABLE TO DETERMINE,UNABLE TO DETERMINE,0,0,1,1,15,7,8,530,CICERO AVE,41.74059,-87.720648,08/19/2023 04:28:00 PM,2023
CR00012813,03/14/2017 11:12:00 PM,25,CLEAR,DARKNESS,SIDESWIPE SAME DIRECTION,ONE-WAY,NO CONTROLS,FAILING TO REDUCE SPEED,NOT APPLICABLE,0,0,3,3,23,3,3,1897,ASHLAND AVE,41.873871,-87.784536,03/15/2017 12:01:00 AM,2017
CR00012814,08/22/2021 02:56:00 AM,25,CLEAR,DAYLIGHT,ANGLE,DIVIDED - W/MEDIAN (NOT RAISED),STOP SIGN/FLASHER,FAILING TO REDUCE SPEED,DISTRACTION - FROM INSIDE VEHICLE,0,0,0,0,2,1,8,123,FULLERTON AVE,41.867466,-87.583868,08/22/2021 02:57:00 AM,2021
CR00012815,05/18/2015 10:35:00 PM,30,SNOW,DAYLIGHT,PEDESTRIAN,DIVIDED - W/MEDIAN (NOT RAISED),NO CONTROLS,UNABLE TO DETERMINE,UNABLE TO DETERMINE,0,0,2,2,22,2,5,1872,CICERO AVE,41.891842,-87.801093,05/19/2015 12:01:00 AM,2015
CR00012816,11/18/2024 07:54:00 AM,40,CLOUDY/OVERCAST,DAYLIGHT,SIDESWIPE SAME DIRECTION,NOT DIVIDED,NO CONTROLS,WEATHER,UNABLE TO DETERMINE,0,0,0,0,7,2,11,1354,BROADWAY,41.725887,-87.584614,11/18/2024 08:46:00 AM,2024
CR00012817,08/15/2020 01:19:00 AM,35,CLEAR,DAYLIGHT,PARKED MOTOR VEHICLE,DIVIDED - W/MEDIAN BARRIER,NO CONTROLS,FAILING TO YIELD RIGHT-OF-WAY,FOLLOWING TOO CLOSELY,0,0,0,0,1,7,8,1275,PULASKI RD,41.865614,-87.526512,08/15/2020 01:45:00 AM,2020
CR00012818,05/07/2018 04:18:00 PM,35,CLEAR,DAYLIGHT,REAR END,NOT DIVIDED,TRAFFIC SIGNAL,UNABLE TO DETERMINE,IMPROPER OVERTAKING/PASSING,0,0,0,0,16,2,5,1017,CALIFORNIA AVE,41.792203,-87.710696,05/07/2018 05:40:00 PM,2018
CR00012819,06/14/2020 11:44:00 AM,45,CLEAR,DAYLIGHT,REAR END,ONE-WAY,NO CONTROLS,FAILING TO REDUCE SPEED,UNABLE TO DETERMINE,0,0,0,0,11,1,6,459,WESTERN AVE,41.840362,-87.550772,06/14/2020 01:18:00 PM,2020
CR00012820,05/21/2019 04:45:00 PM,15,CLEAR,DAYLIGHT,TURNING,DIVIDED - W/MEDIAN (NOT RAISED),TRAFFIC SIGNAL,FOLLOWING TOO CLOSELY,FOLLOWING TOO CLOSELY,0,0,1,1,16,3,5,945,ELSTON AVE,41.705492,-87.778557,05/21/2019 06:05:00 PM,2019
CR00012821,06/21/2016 05:32:00 PM,35,CLEAR,DAYLIGHT,REAR END,T-INTERSECTION,NO CONTROLS,DRIVING SKILLS/KNOWLEDGE/EXPERIENCE,WEATHER,0,0,0,0,17,3,6,981,STATE ST,41.875397,-87.769544,06/21/2016 05:40:00 PM,2016
CR00012822,05/30/2021 04:26:00 PM,25,CLEAR,DARKNESS - LIGHTED ROAD,ANGLE,ONE-WAY,NO CONTROLS,DISTRACTION - FROM INSIDE VEHICLE,NOT APPLICABLE,0,0,1,1,16,1,5,664,OGDEN AVE,41.817432,-87.665472,05/30/2021 05:07:00 PM,2021
CR00012823,07/04/2019 04:06:00 PM,20,CLEAR,DAYLIGHT,TURNING,ONE-WAY,NO CONTROLS,UNABLE TO DETERMINE,UNABLE TO DETERMINE,0,0,2,2,16,5,7,995,47TH ST,41.911305,-87.805009,07/04/2019 04:39:00 PM,2019
CR00012824,02/11/2018 08:59:00 AM,35,CLEAR,DARKNESS - LIGHTED ROAD,REAR END,NOT DIVIDED,NO CONTROLS,DISREGARDING TRAFFIC SIGNALS,IMPROPER LANE USAGE,0,0,0,0,8,1,2,1749,DIVISION ST,41.783255,-87.604974,02/11/2018 10:43:00 AM,2018
CR00012825,10/28/2017 07:37:00 AM,35,CLEAR,DAYLIGHT,TURNING,FOUR WAY,NO CONTROLS,FOLLOWING TOO CLOSELY,FOLLOWING TOO CLOSELY,0,0,0,0,7,7,10,1824,ELSTON AVE,41.756716,-87.729894,10/28/2017 08:19:00 AM,2017
CR00012826,08/06/2022 07:27:00 AM,35,CLEAR,DAYLIGHT,REAR END,NOT DIVIDED,NO CONTROLS,FOLLOWING TOO CLOSELY,FOLLOWING TOO CLOSELY,0,0,0,0,7,7,8,1706,STONY ISLAND AVE,41.738622,-87.718841,08/06/2022 08:47:00 AM,2022
CR00012827,03/31/2023 12:38:00 PM,15,CLEAR,DAYLIGHT,ANGLE,NOT DIVIDED,NO CONTROLS,IMPROPER LANE USAGE,UNABLE TO DETERMINE,0,0,0,0,12,6,3,999,STATE ST,41.97955,-87.64233,03/31/2023 02:32:00 PM,2023
CR00012828,11/22/2019 11:40:00 AM,45,CLEAR,DARKNESS - LIGHTED ROAD,PARKED MOTOR VEHICLE,NOT DIVIDED,NO CONTROLS,DISTRACTION - FROM INSIDE VEHICLE,UNABLE TO DETERMINE,0,0,2,2,11,6,11,1041,ELSTON AVE,41.861614,-87.530485,11/22/2019 12:04:00 PM,2019
CR00012829,05/23/2023 11:21:00 AM,20,CLEAR,DAYLIGHT,REAR END,NOT DIVIDED,STOP SIGN/FLASHER,FOLLOWING TOO CLOSELY,NOT APPLICABLE,0,0,0,0,11,3,5,1320,ROOSEVELT RD,41.837727,-87.804144,05/23/2023 12:47:00 PM,2023
CR00012830,07/14/2024 03:17:00 AM,30,CLEAR,DAYLIGHT,REAR END,FOUR WAY,STOP SIGN/FLASHER,DISTRACTION - FROM INSIDE VEHICLE,FAILING TO YIELD RIGHT-OF-WAY,0,0,0,0,3,1,7,1310,CALIFORNIA AVE,41.896895,-87.594878,07/14/2024 04:05:00 AM,2024
CR00012831,10/30/2017 05:52:00 PM,35,SNOW,DAYLIGHT,FIXED OBJECT,DIVIDED - W/MEDIAN BARRIER,STOP SIGN/FLASHER,FAILING TO REDUCE SPEED,UNABLE TO DETERMINE,0,0,0,0,17,2,10,779,MICHIGAN AVE,41.87845,-87.796656,10/30/2017 06:06:00 PM,2017
CR00012832,05/08/2018 06:40:00 AM,20,CLEAR,DAYLIGHT,TURNING,ONE-WAY,NO CONTROLS,FOLLOWING TOO CLOSELY,DISTRACTION - FROM INSIDE VEHICLE,0,0,0,0,6,3,5,963,ASHLAND AVE,41.950966,-87.530291,05/08/2018 07:03:00 AM,2018
CR00012833,04/07/2015 10:50:00 AM,20,CLEAR,DAYLIGHT,REAR END,NOT DIVIDED,UNKNOWN,DISTRACTION - FROM INSIDE VEHICLE,IMPROPER LANE USAGE,0,0,0,0,10,3,4,2532,DIVISION ST,41.858119,-87.738761,04/07/2015 12:46:00 PM,2015
CR00012834,10/09/2020 01:12:00 PM,35,CLEAR,DAYLIGHT,ANGLE,NOT DIVIDED,PEDESTRIAN CROSSING SIGN,DRIVING SKILLS/KNOWLEDGE/EXPERIENCE,FAILING TO YIELD RIGHT-OF-WAY,0,1,1,2,13,6,10,1881,HALSTED ST,41.843846,-87.522795,10/09/2020 02:32:00 PM,2020
CR00012835,05/05/2024 08:23:00 PM,40,FREEZING RAIN/DRIZZLE,DUSK,REAR END,ONE-WAY,TRAFFIC SIGNAL,DRIVING SKILLS/KNOWLEDGE/EXPERIENCE,FOLLOWING TOO CLOSELY,0,0,2,2,20,1,5,1224,STATE ST,41.785431,-87.755207,05/05/2024 10:18:00 PM,2024
CR00012836,03/14/2017 06:03:00 PM,25,CLEAR,DARKNESS,SIDESWIPE SAME DIRECTION,ONE-WAY,NO CONTROLS,FAILING TO YIELD RIGHT-OF-WAY,DISTRACTION - FROM INSIDE VEHICLE,0,0,0,0,18,3,3,1395,WESTERN AVE,41.800632,-87.551302,03/14/2017 06:52:00 PM,2017
CR00012837,01/03/2021 02:10:00 PM,35,RAIN,DAYLIGHT,REAR END,DIVIDED - W/MEDIAN BARRIER,NO CONTROLS,FAILING TO YIELD RIGHT-OF-WAY,WEATHER,0,0,0,0,14,1,1,1542,STATE ST,41.762605,-87.840596,01/03/2021 02:22:00 PM,2021
CR00012838,08/15/2020 07:02:00 AM,30,RAIN,DARKNESS - LIGHTED ROAD,REAR END,FOUR WAY,NO CONTROLS,UNABLE TO DETERMINE,NOT APPLICABLE,0,0,1,1,7,7,8,348,ARCHER AVE,41.741473,-87.766183,08/15/2020 07:28:00 AM,2020
CR00012839,01/07/2020 05:19:00 PM,35,RAIN,DAYLIGHT,SIDESWIPE SAME DIRECTION,DIVIDED - W/MEDIAN BARRIER,TRAFFIC SIGNAL,UNABLE TO DETERMINE,FAILING TO REDUCE SPEED,0,0,0,0,17,3,1,1042,FULLERTON AVE,41.814157,-87.791287,01/07/2020 06:20:00 PM,2020
CR00012840,12/15/2020 05:36:00 AM,25,SNOW,DAYLIGHT,ANGLE,DIVIDED - W/MEDIAN BARRIER,TRAFFIC SIGNAL,DRIVING SKILLS/KNOWLEDGE/EXPERIENCE,DRIVING SKILLS/KNOWLEDGE/EXPERIENCE,0,0,0,0,5,3,12,687,PULASKI RD,41.709393,-87.621035,12/15/2020 06:15:00 AM,2020
CR00012841,08/31/2024 05:03:00 PM,30,CLEAR,DAYLIGHT,TURNING,FOUR WAY,TRAFFIC SIGNAL,IMPROPER LANE USAGE,UNABLE TO DETERMINE,0,2,1,3,17,7,8,2131,CALIFORNIA AVE,41.754582,-87.656163,08/31/2024 06:11:00 PM,2024
CR00012842,01/15/2018 03:56:00 AM,30,RAIN,DARKNESS - LIGHTED ROAD,PARKED MOTOR VEHICLE,DIVIDED - W/MEDIAN BARRIER,TRAFFIC SIGNAL,FOLLOWING TOO CLOSELY,FAILING TO REDUCE SPEED,0,0,0,0,3,2,1,1634,ELSTON AVE,41.814727,-87.688615,01/15/2018 05:14:00 AM,2018
CR00012843,03/05/2024 11:19:00 AM,35,CLEAR,DAYLIGHT,TURNING,NOT DIVIDED,NO CONTROLS,WEATHER,NOT APPLICABLE,0,0,0,0,11,3,3,493,FULLERTON AVE,41.885236,-87.511722,03/05/2024 12:38:00 PM,2024
CR00012844,04/22/2024 06:03:00 PM,45,CLEAR,DAYLIGHT,FIXED OBJECT,NOT DIVIDED,NO CONTROLS,FAILING TO YIELD RIGHT-OF-WAY,IMPROPER OVERTAKING/PASSING,0,0,1,1,18,2,4,268,47TH ST,41.92393,-87.828212,04/22/2024 06:16:00 PM,2024
CR00012845,08/12/2021 11:53:00 AM,15,FREEZING RAIN/DRIZZLE,DAYLIGHT,TURNING,NOT DIVIDED,TRAFFIC SIGNAL,UNABLE TO DETERMINE,NOT APPLICABLE,0,0,0,0,11,5,8,1593,OGDEN AVE,41.706487,-87.800419,08/12/2021 12:05:00 PM,2021
CR00012846,04/18/2020 02:11:00 PM,45,CLOUDY/OVERCAST,DARKNESS - LIGHTED ROAD,TURNING,DIVIDED - W/MEDIAN (NOT RAISED),STOP SIGN/FLASHER,FOLLOWING TOO CLOSELY,IMPROPER OVERTAKING/PASSING,0,0,0,0,14,7,4,2463,CALIFORNIA AVE,41.776137,-87.721576,04/18/2020 02:19:00 PM,2020
CR00012847,05/26/2016 08:06:00 AM,25,CLEAR,DAWN,SIDESWIPE SAME DIRECTION,NOT DIVIDED,TRAFFIC SIGNAL,FOLLOWING TOO CLOSELY,NOT APPLICABLE,0,0,0,0,8,5,5,1601,CALIFORNIA AVE,41.910637,-87.650756,05/26/2016 10:05:00 AM,2016
CR00012848,08/10/2024 08:36:00 AM,40,CLEAR,DAYLIGHT,REAR END,NOT DIVIDED,NO CONTROLS,UNABLE TO DETERMINE,UNABLE TO DETERMINE,0,0,0,0,8,7,8,1586,CLARK ST,41.957193,-87.729747,08/10/2024 09:17:00 AM,2024
CR00012849,10/04/2016 12:32:00 PM,20,CLEAR,DARKNESS - LIGHTED ROAD,REAR END,NOT DIVIDED,NO CONTROLS,FAILING TO YIELD RIGHT-OF-WAY,UNABLE TO DETERMINE,0,0,0,0,12,3,10,824,KEDZIE AVE,41.928369,-87.603714,10/04/2016 12:54:00 PM,2016
CR00012850,07/01/2020 08:40:00 PM,20,SNOW,DAYLIGHT,PARKED MOTOR VEHICLE,ONE-WAY,NO CONTROLS,IMPROPER OVERTAKING/PASSING,UNABLE TO DETERMINE,0,0,0,0,20,4,7,652,LAKE SHORE DR,41.794594,-87.84737,07/01/2020 09:04:00 PM,2020