CRASH_RECORD_ID,CRASH_DATE,POSTED_SPEED_LIMIT,WEATHER_CONDITION,LIGHTING_CONDITION,FIRST_CRASH_TYPE,TRAFFICWAY_TYPE,TRAFFIC_CONTROL_DEVICE,PRIM_CONTRIBUTORY_CAUSE,SEC_CONTRIBUTORY_CAUSE,INJURIES_FATAL,INJURIES_INCAPACITATING,INJURIES_NON_INCAPACITATING,INJURIES_TOTAL,CRASH_HOUR,CRASH_DAY_OF_WEEK,CRASH_MONTH,BEAT_OF_OCCURRENCE,STREET_NAME,LATITUDE,LONGITUDE,DATE_POLICE_NOTIFIED,year
CR00012851,09/23/2024 09:26:00 AM,35,CLEAR,DUSK,PARKED MOTOR VEHICLE,T-INTERSECTION,STOP SIGN/FLASHER,FOLLOWING TOO CLOSELY,NOT APPLICABLE,0,0,0,0,9,2,9,1239,CICERO AVE,41.932356,-87.733093,09/23/2024 10:34:00 AM,2024
CR00012852,06/28/2017 03:33:00 PM,40,FOG/SMOKE/HAZE,DARKNESS - LIGHTED ROAD,FIXED OBJECT,DIVIDED - W/MEDIAN BARRIER,STOP SIGN/FLASHER,UNABLE TO DETERMINE,NOT APPLICABLE,0,0,0,0,15,4,6,1247,IRVING PARK RD,41.944185,-87.562725,06/28/2017 05:05:00 PM,2017
CR00012853,01/13/2023 08:41:00 AM,30,CLEAR,DARKNESS - LIGHTED ROAD,REAR END,NOT DIVIDED,NO CONTROLS,FOLLOWING TOO CLOSELY,UNABLE TO DETERMINE,0,0,0,0,8,6,1,186,CALIFORNIA AVE,41.783483,-87.797177,01/13/2023 09:16:00 AM,2023
CR00012854,06/03/2022 01:10:00 PM,40,SNOW,DARKNESS - LIGHTED ROAD,REAR END,FOUR WAY,NO CONTROLS,IMPROPER OVERTAKING/PASSING,FAILING TO YIELD RIGHT-OF-WAY,0,0,0,0,13,6,6,1039,47TH ST,41.723841,-87.793456,06/03/2022 02:39:00 PM,2022
CR00012855,08/02/2019 01:10:00 AM,35,CLEAR,DARKNESS,REAR END,ONE-WAY,NO CONTROLS,FAILING TO YIELD RIGHT-OF-WAY,DISREGARDING TRAFFIC SIGNALS,0,0,0,0,1,6,8,1969,ROOSEVELT RD,41.833059,-87.506926,08/02/2019 02:13:00 AM,2019
CR00012856,12/01/2021 06:42:00 AM,25,CLEAR,DARKNESS - LIGHTED ROAD,REAR END,DIVIDED - W/MEDIAN (NOT RAISED),TRAFFIC SIGNAL,FOLLOWING TOO CLOSELY,UNABLE TO DETERMINE,0,0,0,0,6,4,12,1206,WESTERN AVE,41.890621,-87.606426,12/01/2021 06:47:00 AM,2021
CR00012857,11/23/2021 02:01:00 PM,15,CLEAR,DUSK,REAR END,ONE-WAY,STOP SIGN/FLASHER,FAILING TO YIELD RIGHT-OF-WAY,FAILING TO YIELD RIGHT-OF-WAY,0,0,0,0,14,3,11,896,ROOSEVELT RD,41.866223,-87.800317,11/23/2021 03:56:00 PM,2021
CR00012858,07/31/2017 09:43:00 PM,35,CLEAR,DARKNESS - LIGHTED ROAD,FIXED OBJECT,NOT DIVIDED,NO CONTROLS,UNABLE TO DETERMINE,FAILING TO YIELD RIGHT-OF-WAY,0,0,0,0,21,2,7,1877,CLARK ST,41.969753,-87.793787,07/31/2017 10:09:00 PM,2017
CR00012859,07/12/2020 08:51:00 AM,35,RAIN,DARKNESS - LIGHTED ROAD,FIXED OBJECT,NOT DIVIDED,STOP SIGN/FLASHER,DRIVING SKILLS/KNOWLEDGE/EXPERIENCE,IMPROPER LANE USAGE,0,0,0,0,8,1,7,190,47TH ST,41.773279,-87.603524,07/12/2020 08:54:00 AM,2020
CR00012860,08/23/2024 06:58:00 PM,35,RAIN,DAYLIGHT,REAR END,NOT DIVIDED,STOP SIGN/FLASHER,FOLLOWING TOO CLOSELY,FAILING TO REDUCE SPEED,0,0,0,0,18,6,8,1838,DIVISION ST,41.847014,-87.709672,08/23/2024 07:23:00 PM,2024
CR00012861,08/11/2020 06:12:00 AM,30,SNOW,DAYLIGHT,REAR TO FRONT,FOUR WAY,NO CONTROLS,FOLLOWING TOO CLOSELY,IMPROPER OVERTAKING/PASSING,0,0,0,0,6,3,8,144,PULASKI RD,41.987026,-87.753729,08/11/2020 06:25:00 AM,2020
CR00012862,05/03/2024 08:42:00 PM,30,RAIN,DAYLIGHT,PARKED MOTOR VEHICLE,NOT DIVIDED,TRAFFIC SIGNAL,UNABLE TO DETERMINE,FOLLOWING TOO CLOSELY,0,0,0,0,20,6,5,1341,HALSTED ST,41.812969,-87.785658,05/03/2024 10:19:00 PM,2024
CR00012863,02/28/2017 07:03:00 PM,30,CLEAR,DARKNESS - LIGHTED ROAD,TURNING,NOT DIVIDED,TRAFFIC SIGNAL,UNABLE TO DETERMINE,DISTRACTION - FROM INSIDE VEHICLE,0,0,0,0,19,3,2,664,FULLERTON AVE,41.965334,-87.620859,02/28/2017 07:53:00 PM,2017
CR00012864,07/15/2021 02:18:00 PM,25,CLOUDY/OVERCAST,DUSK,SIDESWIPE SAME DIRECTION,NOT DIVIDED,TRAFFIC SIGNAL,UNABLE TO DETERMINE,UNABLE TO DETERMINE,0,0,0,0,14,5,7,977,ASHLAND AVE,41.973731,-87.568239,07/15/2021 02:33:00 PM,2021
CR00012865,11/07/2016 01:29:00 PM,35,CLEAR,DAYLIGHT,ANGLE,FOUR WAY,NO CONTROLS,UNABLE TO DETERMINE,IMPROPER OVERTAKING/PASSING,0,0,0,0,13,2,11,1704,47TH ST,41.851774,-87.700873,11/07/2016 02:02:00 PM,2016
CR00012866,07/09/2023 11:48:00 AM,30,SNOW,DAYLIGHT,SIDESWIPE SAME DIRECTION,ONE-WAY,TRAFFIC SIGNAL,DISTRACTION - FROM INSIDE VEHICLE,IMPROPER LANE USAGE,0,1,1,2,11,1,7,1296,ROOSEVELT RD,41.972579,-87.624081,07/09/2023 12:41:00 PM,2023
CR00012867,08/24/2020 09:26:00 AM,35,CLEAR,DAYLIGHT,REAR TO FRONT,DIVIDED - W/MEDIAN (NOT RAISED),TRAFFIC SIGNAL,FAILING TO YIELD RIGHT-OF-WAY,NOT APPLICABLE,0,0,0,0,9,2,8,206,CICERO AVE,41.875738,-87.758617,08/24/2020 10:59:00 AM,2020
CR00012868,09/08/2021 01:00:00 PM,35,CLEAR,DAYLIGHT,REAR END,NOT DIVIDED,TRAFFIC SIGNAL,DISTRACTION - FROM INSIDE VEHICLE,DISREGARDING TRAFFIC SIGNALS,0,0,0,0,13,4,9,539,ROOSEVELT RD,41.8715,-87.546472,09/08/2021 02:30:00 PM,2021
CR00012869,01/28/2020 05:41:00 PM,35,CLEAR,DARKNESS - LIGHTED ROAD,ANGLE,DIVIDED - W/MEDIAN (NOT RAISED),TRAFFIC SIGNAL,UNABLE TO DETERMINE,FAILING TO REDUCE SPEED,0,0,0,0,17,3,1,1061,DIVISION ST,41.990971,-87.734824,01/28/2020 07:10:00 PM,2020
CR00012870,02/25/2022 07:52:00 AM,30,RAIN,DAYLIGHT,TURNING,NOT DIVIDED,NO CONTROLS,WEATHER,FOLLOWING TOO CLOSELY,0,0,0,0,7,6,2,2109,KEDZIE AVE,41.985003,-87.604483,02/25/2022 09:24:00 AM,2022
CR00012871,11/11/2020 01:39:00 PM,35,CLOUDY/OVERCAST,DARKNESS - LIGHTED ROAD,REAR END,NOT DIVIDED,NO CONTROLS,IMPROPER OVERTAKING/PASSING,FAILING TO REDUCE SPEED,0,0,1,1,13,4,11,1756,STONY ISLAND AVE,41.825855,-87.650931,11/11/2020 01:49:00 PM,2020
CR00012872,04/14/2023 05:23:00 PM,20,RAIN,DAYLIGHT,PARKED MOTOR VEHICLE,NOT DIVIDED,NO CONTROLS,FOLLOWING TOO CLOSELY,DISREGARDING TRAFFIC SIGNALS,0,0,0,0,17,6,4,680,ROOSEVELT RD,41.877481,-87.764614,04/14/2023 07:05:00 PM,2023
CR00012873,12/20/2023 06:00:00 PM,45,CLEAR,DAYLIGHT,SIDESWIPE SAME DIRECTION,ONE-WAY,NO CONTROLS,FAILING TO YIELD RIGHT-OF-WAY,FOLLOWING TOO CLOSELY,0,0,0,0,18,4,12,242,47TH ST,41.87413,-87.781187,12/20/2023 06:36:00 PM,2023
CR00012874,12/01/2019 03:51:00 PM,45,CLEAR,DAYLIGHT,REAR END,FOUR WAY,NO CONTROLS,FOLLOWING TOO CLOSELY,DRIVING SKILLS/KNOWLEDGE/EXPERIENCE,0,0,0,0,15,1,12,1151,STATE ST,41.82217,-87.697432,12/01/2019 04:30:00 PM,2019
CR00012875,03/10/2020 03:56:00 PM,35,CLOUDY/OVERCAST,DARKNESS - LIGHTED ROAD,REAR END,NOT DIVIDED,TRAFFIC SIGNAL,DISREGARDING TRAFFIC SIGNALS,FAILING TO YIELD RIGHT-OF-WAY,0,0,0,0,15,3,3,176,DIVISION ST,41.922538,-87.645454,03/10/2020 04:21:00 PM,2020
CR00012876,03/09/2018 06:46:00 PM,30,CLEAR,DAYLIGHT,ANGLE,DIVIDED - W/MEDIAN (NOT RAISED),YIELD,UNABLE TO DETERMINE,FAILING TO REDUCE SPEED,0,0,0,0,18,6,3,1100,FULLERTON AVE,41.763199,-87.79432,03/09/2018 08:03:00 PM,2018
CR00012877,12/07/2023 06:54:00 PM,30,CLEAR,DAYLIGHT,TURNING,DIVIDED - W/MEDIAN BARRIER,TRAFFIC SIGNAL,FAILING TO REDUCE SPEED,UNABLE TO DETERMINE,0,0,0,0,18,5,12,122,WESTERN AVE,41.977713,-87.762722,12/07/2023 07:29:00 PM,2023
CR00012878,05/25/2020 03:57:00 PM,30,CLEAR,DARKNESS - LIGHTED ROAD,REAR END,ONE-WAY,TRAFFIC SIGNAL,UNABLE TO DETERMINE,UNABLE TO DETERMINE,0,0,1,1,15,2,5,366,OGDEN AVE,41.805557,-87.716503,05/25/2020 04:17:00 PM,2020
CR00012879,09/02/2017 06:08:00 PM,30,CLEAR,DAYLIGHT,PARKED MOTOR VEHICLE,ONE-WAY,NO CONTROLS,FAILING TO YIELD RIGHT-OF-WAY,NOT APPLICABLE,0,0,0,0,18,7,9,1225,ASHLAND AVE,41.922379,-87.521473,09/02/2017 07:45:00 PM,2017
CR00012880,04/23/2017 07:58:00 AM,30,RAIN,DAWN,TURNING,FOUR WAY,NO CONTROLS,UNABLE TO DETERMINE,IMPROPER OVERTAKING/PASSING,0,0,0,0,7,1,4,1171,FULLERTON AVE,41.976709,-87.602128,04/23/2017 08:32:00 AM,2017
CR00012881,02/03/2016 07:35:00 AM,25,CLEAR,DARKNESS - LIGHTED ROAD,REAR END,DIVIDED - W/MEDIAN (NOT RAISED),STOP SIGN/FLASHER,UNABLE TO DETERMINE,UNABLE TO DETERMINE,0,0,0,0,7,4,2,1020,ARCHER AVE,41.801213,-87.505657,02/03/2016 09:05:00 AM,2016
CR00012882,05/02/2021 04:13:00 PM,35,CLEAR,DAYLIGHT,REAR END,NOT DIVIDED,STOP SIGN/FLASHER,DRIVING SKILLS/KNOWLEDGE/EXPERIENCE,FAILING TO YIELD RIGHT-OF-WAY,0,0,0,0,16,1,5,552,FULLERTON AVE,41.928215,-87.749745,05/02/2021 05:20:00 PM,2021
CR00012883,02/19/2016 09:53:00 AM,45,FREEZING RAIN/DRIZZLE,DARKNESS,REAR END,NOT DIVIDED,UNKNOWN,FOLLOWING TOO CLOSELY,IMPROPER OVERTAKING/PASSING,0,0,0,0,9,6,2,2283,ARCHER AVE,41.72667,-87.59104,02/19/2016 11:09:00 AM,2016
CR00012884,10/09/2021 10:17:00 AM,15,CLEAR,DAYLIGHT,FIXED OBJECT,DIVIDED - W/MEDIAN (NOT RAISED),TRAFFIC SIGNAL,IMPROPER OVERTAKING/PASSING,DISTRACTION - FROM INSIDE VEHICLE,0,0,0,0,10,7,10,1580,DIVISION ST,41.891966,-87.568923,10/09/2021 11:53:00 AM,2021
CR00012885,08/06/2016 12:46:00 PM,30,CLOUDY/OVERCAST,DARKNESS - LIGHTED ROAD,REAR END,NOT DIVIDED,TRAFFIC SIGNAL,DISTRACTION - FROM INSIDE VEHICLE,DISTRACTION - FROM INSIDE VEHICLE,0,0,0,0,12,7,8,109,CLARK ST,41.797714,-87.522399,08/06/2016 02:35:00 PM,2016
CR00012886,02/09/2018 05:36:00 PM,15,CLOUDY/OVERCAST,DUSK,SIDESWIPE SAME DIRECTION,ONE-WAY,NO CONTROLS,IMPROPER LANE USAGE,FAILING TO REDUCE SPEED,0,0,0,0,17,6,2,1666,STATE ST,41.863481,-87.571785,02/09/2018 06:08:00 PM,2018
CR00012887,04/26/2020 08:42:00 AM,30,RAIN,DAYLIGHT,ANGLE,ONE-WAY,STOP SIGN/FLASHER,DISTRACTION - FROM INSIDE VEHICLE,IMPROPER OVERTAKING/PASSING,0,0,0,0,8,1,4,1452,63RD ST,41.800883,-87.675253,04/26/2020 10:34:00 AM,2020
CR00012888,08/27/2020 11:26:00 AM,45,SNOW,DARKNESS - LIGHTED ROAD,REAR END,FOUR WAY,NO CONTROLS,FAILING TO YIELD RIGHT-OF-WAY,IMPROPER OVERTAKING/PASSING,0,1,1,2,11,5,8,381,BROADWAY,41.71913,-87.587652,08/27/2020 01:16:00 PM,2020
CR00012889,03/30/2019 12:29:00 PM,15,CLEAR,DAYLIGHT,REAR END,DIVIDED - W/MEDIAN BARRIER,STOP SIGN/FLASHER,IMPROPER LANE USAGE,IMPROPER OVERTAKING/PASSING,0,0,0,0,12,7,3,2533,DIVISION ST,41.880756,-87.726111,03/30/2019 12:41:00 PM,2019
CR00012890,05/06/2016 01:39:00 AM,45,CLEAR,DUSK,PEDESTRIAN,NOT DIVIDED,TRAFFIC SIGNAL,DISTRACTION - FROM INSIDE VEHICLE,IMPROPER LANE USAGE,0,0,0,0,1,6,5,1204,CICERO AVE,41.737611,-87.838337,05/06/2016 02:07:00 AM,2016
CR00012891,12/31/2019 11:55:00 AM,30,CLEAR,DAYLIGHT,SIDESWIPE SAME DIRECTION,NOT DIVIDED,STOP SIGN/FLASHER,DRIVING SKILLS/KNOWLEDGE/EXPERIENCE,UNABLE TO DETERMINE,0,0,0,0,11,3,12,2529,MILWAUKEE AVE,41.816861,-87.681329,12/31/2019 01:52:00 PM,2019
CR00012892,12/03/2023 04:19:00 PM,15,CLEAR,DAYLIGHT,SIDESWIPE SAME DIRECTION,ONE-WAY,NO CONTROLS,DISTRACTION - FROM INSIDE VEHICLE,UNABLE TO DETERMINE,0,0,0,0,16,1,12,380,WESTERN AVE,41.918256,-87.751835,12/03/2023 05:33:00 PM,2023
CR00012893,04/19/2023 12:40:00 PM,20,CLEAR,DARKNESS - LIGHTED ROAD,TURNING,NOT DIVIDED,NO CONTROLS,UNABLE TO DETERMINE,UNABLE TO DETERMINE,0,0,2,2,12,4,4,2088,CALIFORNIA AVE,41.815132,-87.570787,04/19/2023 02:37:00 PM,2023
CR00012894,03/16/2022 07:44:00 AM,15,RAIN,DAYLIGHT,SIDESWIPE SAME DIRECTION,ONE-WAY,TRAFFIC SIGNAL,FOLLOWING TOO CLOSELY,NOT APPLICABLE,0,0,0,0,7,4,3,2459,OGDEN AVE,41.864669,-87.573335,03/16/2022 09:22:00 AM,2022
CR00012895,07/20/2015 11:09:00 AM,25,CLEAR,DAYLIGHT,REAR END,DIVIDED - W/MEDIAN BARRIER,STOP SIGN/FLASHER,UNABLE TO DETERMINE,DISTRACTION - FROM INSIDE VEHICLE,0,0,0,0,11,2,7,1654,63RD ST,41.843139,-87.716498,07/20/2015 11:53:00 AM,2015
CR00012896,10/30/2020 03:49:00 PM,20,CLEAR,DAYLIGHT,TURNING,DIVIDED - W/MEDIAN BARRIER,TRAFFIC SIGNAL,UNABLE TO DETERMINE,WEATHER,0,0,0,0,15,6,10,175,LAKE SHORE DR,41.974974,-87.604891,10/30/2020 05:42:00 PM,2020
CR00012897,05/29/2023 04:01:00 AM,35,CLEAR,DUSK,REAR END,ONE-WAY,TRAFFIC SIGNAL,FOLLOWING TOO CLOSELY,DRIVING SKILLS/KNOWLEDGE/EXPERIENCE,0,0,0,0,4,2,5,1235,79TH ST,41.810202,-87.626099,05/29/2023 04:55:00 AM,2023
CR00012898,05/25/2023 01:19:00 PM,35,CLEAR,DAWN,REAR END,DIVIDED - W/MEDIAN (NOT RAISED),NO CONTROLS,FOLLOWING TOO CLOSELY,UNABLE TO DETERMINE,0,0,3,3,13,5,5,1977,LAKE SHORE DR,41.78828,-87.756711,05/25/2023 02:44:00 PM,2023
CR00012899,04/14/2019 03:24:00 PM,45,CLEAR,DAYLIGHT,TURNING,NOT DIVIDED,STOP SIGN/FLASHER,IMPROPER LANE USAGE,UNABLE TO DETERMINE,0,0,0,0,15,1,4,641,FULLERTON AVE,41.996163,-87.53336,04/14/2019 04:31:00 PM,2019
CR00012900,03/07/2023 02:01:00 AM,35,CLOUDY/OVERCAST,DARKNESS - LIGHTED ROAD,ANGLE,DIVIDED - W/MEDIAN (NOT RAISED),NO CONTROLS,UNABLE TO DETERMINE,IMPROPER LANE USAGE,0,0,0,0,2,3,3,792,79TH ST,41.709452,-87.779062,03/07/2023 02:26:00 AM,2023
CR00012901,01/22/2019 01:18:00 PM,40,CLEAR,DARKNESS - LIGHTED ROAD,TURNING,FOUR WAY,NO CONTROLS,FOLLOWING TOO CLOSELY,DRIVING SKILLS/KNOWLEDGE/EXPERIENCE,0,0,0,0,13,3,1,1754,ROOSEVELT RD,41.735931,-87.699394,01/22/2019 03:01:00 PM,2019
CR00012902,01/26/2015 07:36:00 PM,15,RAIN,DAYLIGHT,REAR END,NOT DIVIDED,NO CONTROLS,FAILING TO YIELD RIGHT-OF-WAY,UNABLE TO DETERMINE,0,0,0,0,19,2,1,1570,DIVISION ST,41.920711,-87.695785,01/26/2015 07:38:00 PM,2015
CR00012903,02/18/2023 02:21:00 PM,15,RAIN,DARKNESS - LIGHTED ROAD,REAR END,DIVIDED - W/MEDIAN BARRIER,TRAFFIC SIGNAL,FAILING TO YIELD RIGHT-OF-WAY,FOLLOWING TOO CLOSELY,0,0,0,0,14,7,2,980,KEDZIE AVE,41.808997,-87.625143,02/18/2023 02:32:00 PM,2023
CR00012904,08/24/2015 05:07:00 AM,40,SNOW,DAYLIGHT,REAR END,T-INTERSECTION,NO CONTROLS,FOLLOWING TOO CLOSELY,IMPROPER OVERTAKING/PASSING,0,0,0,0,5,2,8,456,79TH ST,41.822313,-87.58546,08/24/2015 05:11:00 AM,2015
CR00012905,05/23/2023 03:46:00 PM,30,CLEAR,DARKNESS,REAR END,FOUR WAY,UNKNOWN,FOLLOWING TOO CLOSELY,UNABLE TO DETERMINE,0,0,0,0,15,3,5,213,DIVISION ST,41.790206,-87.678751,05/23/2023 04:34:00 PM,2023
CR00012906,01/09/2019 12:24:00 AM,30,RAIN,DAYLIGHT,REAR END,DIVIDED - W/MEDIAN BARRIER,TRAFFIC SIGNAL,DISTRACTION - FROM INSIDE VEHICLE,UNABLE TO DETERMINE,0,0,0,0,0,4,1,2449,47TH ST,41.70296,-87.784873,01/09/2019 01:24:00 AM,2019
CR00012907,05/04/2022 03:23:00 PM,35,CLEAR,DAYLIGHT,TURNING,NOT DIVIDED,NO CONTROLS,FAILING TO YIELD RIGHT-OF-WAY,WEATHER,0,0,0,0,15,4,5,1370,STONY ISLAND AVE,41.833383,-87.614227,05/04/2022 05:14:00 PM,2022
CR00012908,04/10/2018 07:25:00 AM,30,CLEAR,DARKNESS - LIGHTED ROAD,TURNING,FOUR WAY,UNKNOWN,UNABLE TO DETERMINE,IMPROPER LANE USAGE,0,0,0,0,7,3,4,939,63RD ST,41.9771,-87.604655,04/10/2018 08:56:00 AM,2018
CR00012909,05/06/2021 04:21:00 PM,35,FREEZING RAIN/DRIZZLE,DARKNESS - LIGHTED ROAD,SIDESWIPE SAME DIRECTION,NOT DIVIDED,NO CONTROLS,UNABLE TO DETERMINE,DRIVING SKILLS/KNOWLEDGE/EXPERIENCE,0,0,0,0,16,5,5,1847,WESTERN AVE,41.918879,-87.727655,05/06/2021 05:23:00 PM,2021
CR00012910,12/01/2018 10:20:00 AM,15,CLEAR,DAYLIGHT,ANGLE,NOT DIVIDED,NO CONTROLS,DRIVING SKILLS/KNOWLEDGE/EXPERIENCE,DRIVING SKILLS/KNOWLEDGE/EXPERIENCE,0,0,0,0,10,7,12,1308,MILWAUKEE AVE,41.720677,-87.838423,12/01/2018 10:35:00 AM,2018
CR00012911,05/20/2017 04:52:00 PM,25,SNOW,DAYLIGHT,SIDESWIPE SAME DIRECTION,NOT DIVIDED,UNKNOWN,UNABLE TO DETERMINE,DISTRACTION - FROM INSIDE VEHICLE,0,2,3,5,16,7,5,1182,STONY ISLAND AVE,41.877555,-87.652024,05/20/2017 05:39:00 PM,2017
CR00012912,05/03/2021 09:56:00 PM,35,CLEAR,DARKNESS - LIGHTED ROAD,PARKED MOTOR VEHICLE,DIVIDED - W/MEDIAN (NOT RAISED),TRAFFIC SIGNAL,WEATHER,DRIVING SKILLS/KNOWLEDGE/EXPERIENCE,0,0,0,0,21,2,5,2287,ROOSEVELT RD,41.714425,-87.798754,05/03/2021 10:34:00 PM,2021
CR00012913,07/22/2015 09:17:00 AM,40,RAIN,DARKNESS - LIGHTED ROAD,REAR END,DIVIDED - W/MEDIAN (NOT RAISED),TRAFFIC SIGNAL,FOLLOWING TOO CLOSELY,FOLLOWING TOO CLOSELY,0,0,0,0,9,4,7,1665,ARCHER AVE,41.802408,-87.750393,07/22/2015 11:13:00 AM,2015
CR00012914,03/03/2018 02:20:00 PM,30,CLEAR,DAYLIGHT,REAR END,NOT DIVIDED,NO CONTROLS,UNABLE TO DETERMINE,UNABLE TO DETERMINE,0,0,0,0,14,7,3,688,ASHLAND AVE,41.740124,-87.637197,03/03/2018 04:18:00 PM,2018
CR00012915,02/03/2022 07:47:00 AM,30,CLEAR,DAYLIGHT,PARKED MOTOR VEHICLE,NOT DIVIDED,NO CONTROLS,UNABLE TO DETERMINE,UNABLE TO DETERMINE,0,0,0,0,7,5,2,1334,79TH ST,41.81662,-87.620587,02/03/2022 09:41:00 AM,2022
CR00012916,09/21/2015 08:58:00 AM,25,CLEAR,DAYLIGHT,TURNING,T-INTERSECTION,NO CONTROLS,UNABLE TO DETERMINE,NOT APPLICABLE,0,0,0,0,8,2,9,773,ELSTON AVE,41.982287,-87.522656,09/21/2015 09:05:00 AM,2015
CR00012917,10/28/2020 12:21:00 AM,20,CLEAR,DAYLIGHT,PARKED MOTOR VEHICLE,FOUR WAY,TRAFFIC SIGNAL,DRIVING SKILLS/KNOWLEDGE/EXPERIENCE,FAILING TO REDUCE SPEED,0,0,0,0,0,4,10,2011,HALSTED ST,41.723473,-87.608415,10/28/2020 02:07:00 AM,2020
CR00012918,01/29/2022 08:07:00 AM,20,CLEAR,DARKNESS,REAR END,DIVIDED - W/MEDIAN (NOT RAISED),UNKNOWN,UNABLE TO DETERMINE,FOLLOWING TOO CLOSELY,0,0,0,0,8,7,1,717,WESTERN AVE,41.851649,-87.691693,01/29/2022 08:32:00 AM,2022
CR00012919,06/18/2015 11:11:00 AM,20,FOG/SMOKE/HAZE,DAYLIGHT,ANGLE,T-INTERSECTION,TRAFFIC SIGNAL,FAILING TO REDUCE SPEED,FAILING TO REDUCE SPEED,0,0,0,0,11,5,6,2243,DIVISION ST,41.920475,-87.819361,06/18/2015 11:40:00 AM,2015
CR00012920,11/10/2023 08:30:00 PM,40,CLEAR,DAWN,TURNING,NOT DIVIDED,NO CONTROLS,FOLLOWING TOO CLOSELY,FAILING TO REDUCE SPEED,0,0,0,0,20,6,11,868,WESTERN AVE,41.778209,-87.583386,11/10/2023 10:25:00 PM,2023
CR00012921,09/18/2020 02:35:00 PM,35,CLEAR,DARKNESS,TURNING,DIVIDED - W/MEDIAN (NOT RAISED),YIELD,DRIVING SKILLS/KNOWLEDGE/EXPERIENCE,IMPROPER OVERTAKING/PASSING,0,0,0,0,14,6,9,1334,FULLERTON AVE,41.93631,-87.768324,09/18/2020 02:41:00 PM,2020
CR00012922,08/12/2021 08:41:00 PM,35,CLEAR,DAYLIGHT,REAR TO FRONT,NOT DIVIDED,NO CONTROLS,DRIVING SKILLS/KNOWLEDGE/EXPERIENCE,NOT APPLICABLE,0,0,0,0,20,5,8,1523,STONY ISLAND AVE,41.852162,-87.645383,08/12/2021 08:49:00 PM,2021
CR00012923,05/16/2015 08:25:00 PM,15,CLEAR,DARKNESS,REAR END,DIVIDED - W/MEDIAN BARRIER,TRAFFIC SIGNAL,DISREGARDING TRAFFIC SIGNALS,FAILING TO REDUCE SPEED,0,0,0,0,20,7,5,2450,PULASKI RD,41.780589,-87.671969,05/16/2015 08:26:00 PM,2015
CR00012924,03/31/2022 11:51:00 AM,45,CLEAR,DAYLIGHT,REAR END,NOT DIVIDED,TRAFFIC SIGNAL,DRIVING SKILLS/KNOWLEDGE/EXPERIENCE,FAILING TO REDUCE SPEED,0,0,0,0,11,5,3,2505,HALSTED ST,41.917701,-87.84947,03/31/2022 12:02:00 PM,2022
CR00012925,11/12/2017 08:02:00 PM,20,CLEAR,DARKNESS - LIGHTED ROAD,REAR END,NOT DIVIDED,STOP SIGN/FLASHER,UNABLE TO DETERMINE,DRIVING SKILLS/KNOWLEDGE/EXPERIENCE,0,0,0,0,20,1,11,812,ROOSEVELT RD,41.84853,-87.682613,11/12/2017 09:51:00 PM,2017
CR00012926,12/09/2020 05:27:00 PM,40,CLEAR,DAYLIGHT,PARKED MOTOR VEHICLE,NOT DIVIDED,NO CONTROLS,IMPROPER OVERTAKING/PASSING,IMPROPER OVERTAKING/PASSING,0,0,0,0,17,4,12,700,DAMEN AVE,41.965791,-87.666991,12/09/2020 07:16:00 PM,2020
CR00012927,11/23/2020 06:23:00 AM,45,CLEAR,DUSK,FIXED OBJECT,DIVIDED - W/MEDIAN BARRIER,YIELD,IMPROPER LANE USAGE,DISREGARDING TRAFFIC SIGNALS,0,0,0,0,6,2,11,660,STATE ST,41.703098,-87.732319,11/23/2020 08:21:00 AM,2020
CR00012928,04/28/2022 10:34:00 AM,40,CLEAR,DAYLIGHT,REAR END,FOUR WAY,TRAFFIC SIGNAL,FAILING TO YIELD RIGHT-OF-WAY,UNABLE TO DETERMINE,0,0,0,0,10,5,4,1914,DIVISION ST,41.866145,-87.725087,04/28/2022 12:06:00 PM,2022
CR00012929,10/05/2020 09:52:00 PM,30,CLEAR,DAYLIGHT,TURNING,NOT DIVIDED,TRAFFIC SIGNAL,IMPROPER LANE USAGE,NOT APPLICABLE,0,0,0,0,21,2,10,858,PULASKI RD,41.901608,-87.675011,10/05/2020 10:33:00 PM,2020
CR00012930,02/26/2018 05:01:00 PM,35,CLEAR,DAYLIGHT,REAR END,NOT DIVIDED,TRAFFIC SIGNAL,DISTRACTION - FROM INSIDE VEHICLE,UNABLE TO DETERMINE,0,0,0,0,17,2,2,1389,CALIFORNIA AVE,41.775173,-87.78386,02/26/2018 06:36:00 PM,2018
CR00012931,08/18/2020 03:13:00 PM,30,CLEAR,DARKNESS - LIGHTED ROAD,TURNING,DIVIDED - W/MEDIAN (NOT RAISED),TRAFFIC SIGNAL,FAILING TO REDUCE SPEED,UNABLE TO DETERMINE,0,0,0,0,15,3,8,730,DIVISION ST,41.78273,-87.681444,08/18/2020 04:10:00 PM,2020
CR00012932,12/10/2020 08:12:00 PM,30,CLOUDY/OVERCAST,DAYLIGHT,SIDESWIPE SAME DIRECTION,ONE-WAY,UNKNOWN,FAILING TO YIELD RIGHT-OF-WAY,UNABLE TO DETERMINE,0,0,2,2,20,5,12,2267,CICERO AVE,41.868467,-87.774686,12/10/2020 09:43:00 PM,2020