CRASH_RECORD_ID,CRASH_DATE,POSTED_SPEED_LIMIT,WEATHER_CONDITION,LIGHTING_CONDITION,FIRST_CRASH_TYPE,TRAFFICWAY_TYPE,TRAFFIC_CONTROL_DEVICE,PRIM_CONTRIBUTORY_CAUSE,SEC_CONTRIBUTORY_CAUSE,INJURIES_FATAL,INJURIES_INCAPACITATING,INJURIES_NON_INCAPACITATING,INJURIES_TOTAL,CRASH_HOUR,CRASH_DAY_OF_WEEK,CRASH_MONTH,BEAT_OF_OCCURRENCE,STREET_NAME,LATITUDE,LONGITUDE,DATE_POLICE_NOTIFIED,year
CR00012933,07/02/2019 08:51:00 AM,20,CLEAR,DARKNESS,REAR END,DIVIDED - W/MEDIAN (NOT RAISED),NO CONTROLS,UNABLE TO DETERMINE,NOT APPLICABLE,0,0,2,2,8,3,7,2346,FULLERTON AVE,41.774094,-87.530051,07/02/2019 10:41:00 AM,2019
CR00012934,01/10/2017 09:20:00 AM,40,CLOUDY/OVERCAST,DAYLIGHT,REAR END,DIVIDED - W/MEDIAN (NOT RAISED),STOP SIGN/FLASHER,UNABLE TO DETERMINE,DRIVING SKILLS/KNOWLEDGE/EXPERIENCE,0,0,0,0,9,3,1,912,HALSTED ST,41.861278,-87.577734,01/10/2017 10:05:00 AM,2017
CR00012935,12/12/2019 03:21:00 PM,30,CLEAR,DAYLIGHT,REAR END,ONE-WAY,TRAFFIC SIGNAL,DRIVING SKILLS/KNOWLEDGE/EXPERIENCE,FAILING TO YIELD RIGHT-OF-WAY,0,0,0,0,15,5,12,1331,ELSTON AVE,41.772371,-87.842005,12/12/2019 05:01:00 PM,2019
CR00012936,09/21/2022 06:32:00 PM,45,CLEAR,DARKNESS - LIGHTED ROAD,TURNING,DIVIDED - W/MEDIAN (NOT RAISED),TRAFFIC SIGNAL,FOLLOWING TOO CLOSELY,UNABLE TO DETERMINE,0,0,0,0,18,4,9,2180,CALIFORNIA AVE,41.945989,-87.567608,09/21/2022 06:50:00 PM,2022
CR00012937,11/10/2017 06:57:00 PM,30,CLEAR,DARKNESS - LIGHTED ROAD,TURNING,DIVIDED - W/MEDIAN (NOT RAISED),TRAFFIC SIGNAL,IMPROPER OVERTAKING/PASSING,IMPROPER LANE USAGE,0,0,0,0,18,6,11,1375,ARCHER AVE,41.801574,-87.727888,11/10/2017 08:52:00 PM,2017
CR00012938,11/04/2018 06:59:00 PM,15,CLEAR,DAYLIGHT,PEDESTRIAN,NOT DIVIDED,NO CONTROLS,WEATHER,UNABLE TO DETERMINE,0,0,0,0,18,1,11,2533,MILWAUKEE AVE,41.72541,-87.782221,11/04/2018 07:20:00 PM,2018
CR00012939,10/05/2016 12:55:00 PM,15,SNOW,DARKNESS - LIGHTED ROAD,TURNING,NOT DIVIDED,TRAFFIC SIGNAL,FOLLOWING TOO CLOSELY,UNABLE TO DETERMINE,0,0,0,0,12,4,10,839,ELSTON AVE,41.880877,-87.718645,10/05/2016 02:28:00 PM,2016
CR00012940,12/25/2017 05:54:00 PM,30,CLEAR,DAYLIGHT,PEDESTRIAN,ONE-WAY,TRAFFIC SIGNAL,UNABLE TO DETERMINE,UNABLE TO DETERMINE,0,0,0,0,17,2,12,1054,CALIFORNIA AVE,41.815198,-87.701845,12/25/2017 06:51:00 PM,2017
CR00012941,10/06/2015 09:04:00 AM,30,CLOUDY/OVERCAST,DAYLIGHT,REAR END,DIVIDED - W/MEDIAN (NOT RAISED),TRAFFIC SIGNAL,DISTRACTION - FROM INSIDE VEHICLE,NOT APPLICABLE,0,0,0,0,9,3,10,230,KEDZIE AVE,41.866628,-87.768101,10/06/2015 10:58:00 AM,2015
CR00012942,08/29/2019 10:20:00 PM,30,SNOW,DAYLIGHT,REAR END,NOT DIVIDED,NO CONTROLS,WEATHER,FOLLOWING TOO CLOSELY,0,0,0,0,22,5,8,908,KEDZIE AVE,41.8287,-87.751357,08/29/2019 11:24:00 PM,2019
CR00012943,03/27/2022 12:54:00 PM,40,CLEAR,DAYLIGHT,REAR TO FRONT,DIVIDED - W/MEDIAN (NOT RAISED),NO CONTROLS,IMPROPER LANE USAGE,FOLLOWING TOO CLOSELY,0,0,0,0,12,1,3,1620,63RD ST,41.764896,-87.627871,03/27/2022 01:03:00 PM,2022
CR00012944,11/19/2015 04:51:00 PM,25,CLEAR,DAYLIGHT,SIDESWIPE SAME DIRECTION,NOT DIVIDED,TRAFFIC SIGNAL,UNABLE TO DETERMINE,UNABLE TO DETERMINE,0,0,0,0,16,5,11,2381,IRVING PARK RD,41.841247,-87.595948,11/19/2015 04:52:00 PM,2015
CR00012945,05/16/2019 02:58:00 PM,40,CLEAR,DARKNESS - LIGHTED ROAD,REAR END,ONE-WAY,STOP SIGN/FLASHER,DRIVING SKILLS/KNOWLEDGE/EXPERIENCE,UNABLE TO DETERMINE,0,0,0,0,14,5,5,730,CALIFORNIA AVE,41.824322,-87.633532,05/16/2019 03:55:00 PM,2019
CR00012946,10/23/2022 08:09:00 PM,15,CLOUDY/OVERCAST,DAYLIGHT,REAR END,NOT DIVIDED,UNKNOWN,UNABLE TO DETERMINE,NOT APPLICABLE,0,0,0,0,20,1,10,1707,BROADWAY,41.971919,-87.569921,10/23/2022 08:45:00 PM,2022
CR00012947,04/23/2019 08:47:00 AM,20,CLEAR,DAYLIGHT,ANGLE,DIVIDED - W/MEDIAN (NOT RAISED),TRAFFIC SIGNAL,UNABLE TO DETERMINE,UNABLE TO DETERMINE,0,0,0,0,8,3,4,757,DIVISION ST,41.82156,-87.538012,04/23/2019 09:01:00 AM,2019
CR00012948,04/01/2022 08:19:00 PM,35,CLOUDY/OVERCAST,DAYLIGHT,ANGLE,DIVIDED - W/MEDIAN (NOT RAISED),UNKNOWN,DRIVING SKILLS/KNOWLEDGE/EXPERIENCE,UNABLE TO DETERMINE,0,0,1,1,20,6,4,2391,ASHLAND AVE,41.872906,-87.595928,04/01/2022 08:52:00 PM,2022
CR00012949,12/08/2017 07:40:00 AM,40,CLEAR,DARKNESS - LIGHTED ROAD,TURNING,NOT DIVIDED,TRAFFIC SIGNAL,FAILING TO YIELD RIGHT-OF-WAY,DISTRACTION - FROM INSIDE VEHICLE,0,0,0,0,7,6,12,2145,FULLERTON AVE,41.876042,-87.515288,12/08/2017 08:22:00 AM,2017
CR00012950,04/11/2024 09:56:00 AM,30,CLEAR,DAYLIGHT,PARKED MOTOR VEHICLE,DIVIDED - W/MEDIAN (NOT RAISED),NO CONTROLS,UNABLE TO DETERMINE,FAILING TO YIELD RIGHT-OF-WAY,0,0,0,0,9,5,4,1248,STATE ST,41.736745,-87.53286,04/11/2024 10:27:00 AM,2024
CR00012951,12/09/2023 04:12:00 PM,35,CLEAR,DAWN,FIXED OBJECT,NOT DIVIDED,NO CONTROLS,FOLLOWING TOO CLOSELY,FAILING TO YIELD RIGHT-OF-WAY,0,0,0,0,16,7,12,2516,STATE ST,41.988068,-87.753563,12/09/2023 04:36:00 PM,2023
CR00012952,05/02/2021 07:04:00 PM,30,CLOUDY/OVERCAST,DAYLIGHT,TURNING,NOT DIVIDED,NO CONTROLS,WEATHER,IMPROPER LANE USAGE,0,0,1,1,19,1,5,200,63RD ST,41.727997,-87.764896,05/02/2021 07:15:00 PM,2021
CR00012953,11/19/2021 07:53:00 PM,45,CLOUDY/OVERCAST,DAYLIGHT,TURNING,ONE-WAY,TRAFFIC SIGNAL,IMPROPER LANE USAGE,FOLLOWING TOO CLOSELY,0,0,0,0,19,6,11,1128,MILWAUKEE AVE,41.980983,-87.731546,11/19/2021 09:13:00 PM,2021
CR00012954,08/06/2016 03:32:00 PM,30,CLEAR,DARKNESS - LIGHTED ROAD,REAR END,NOT DIVIDED,NO CONTROLS,DISTRACTION - FROM INSIDE VEHICLE,DISREGARDING TRAFFIC SIGNALS,0,0,0,0,15,7,8,764,CICERO AVE,41.734153,-87.550033,08/06/2016 05:24:00 PM,2016
CR00012955,08/16/2017 01:00:00 AM,25,CLEAR,DARKNESS - LIGHTED ROAD,TURNING,FOUR WAY,TRAFFIC SIGNAL,UNABLE TO DETERMINE,FAILING TO YIELD RIGHT-OF-WAY,0,0,0,0,1,4,8,1315,DAMEN AVE,41.702171,-87.662903,08/16/2017 01:29:00 AM,2017
CR00012956,06/29/2024 09:45:00 PM,25,CLEAR,DAYLIGHT,SIDESWIPE SAME DIRECTION,ONE-WAY,NO CONTROLS,IMPROPER LANE USAGE,NOT APPLICABLE,0,0,0,0,21,7,6,329,63RD ST,41.840824,-87.774397,06/29/2024 09:48:00 PM,2024
CR00012957,06/23/2015 04:42:00 PM,35,CLEAR,DAYLIGHT,PEDESTRIAN,NOT DIVIDED,NO CONTROLS,UNABLE TO DETERMINE,UNABLE TO DETERMINE,0,0,0,0,16,3,6,716,STATE ST,41.992342,-87.736904,06/23/2015 05:12:00 PM,2015
CR00012958,04/29/2019 08:30:00 PM,30,CLEAR,DARKNESS,REAR END,NOT DIVIDED,TRAFFIC SIGNAL,UNABLE TO DETERMINE,FAILING TO YIELD RIGHT-OF-WAY,0,0,1,1,20,2,4,1636,63RD ST,41.913801,-87.571382,04/29/2019 10:15:00 PM,2019
CR00012959,03/24/2022 09:03:00 AM,30,CLEAR,DARKNESS - LIGHTED ROAD,ANGLE,ONE-WAY,TRAFFIC SIGNAL,UNABLE TO DETERMINE,UNABLE TO DETERMINE,0,0,0,0,9,5,3,1467,PULASKI RD,41.818507,-87.833643,03/24/2022 09:09:00 AM,2022
CR00012960,04/18/2018 06:11:00 PM,30,RAIN,DARKNESS - LIGHTED ROAD,PEDESTRIAN,NOT DIVIDED,STOP SIGN/FLASHER,FOLLOWING TOO CLOSELY,WEATHER,0,0,0,0,18,4,4,1064,STATE ST,41.909107,-87.793265,04/18/2018 06:41:00 PM,2018
CR00012961,06/27/2015 04:04:00 PM,30,CLEAR,DAYLIGHT,PARKED MOTOR VEHICLE,DIVIDED - W/MEDIAN (NOT RAISED),YIELD,FOLLOWING TOO CLOSELY,NOT APPLICABLE,0,0,0,0,16,7,6,1234,63RD ST,41.700283,-87.595278,06/27/2015 06:04:00 PM,2015
CR00012962,09/10/2021 11:15:00 AM,15,CLEAR,DAYLIGHT,SIDESWIPE SAME DIRECTION,DIVIDED - W/MEDIAN BARRIER,STOP SIGN/FLASHER,UNABLE TO DETERMINE,UNABLE TO DETERMINE,0,1,1,2,11,6,9,207,DIVISION ST,41.846186,-87.549799,09/10/2021 11:49:00 AM,2021
CR00012963,11/10/2022 02:50:00 PM,30,SNOW,DAYLIGHT,PEDESTRIAN,NOT DIVIDED,TRAFFIC SIGNAL,UNABLE TO DETERMINE,UNABLE TO DETERMINE,0,0,0,0,14,5,11,654,BROADWAY,41.876184,-87.53553,11/10/2022 03:59:00 PM,2022
CR00012964,06/13/2016 11:06:00 PM,45,RAIN,DARKNESS - LIGHTED ROAD,REAR END,NOT DIVIDED,TRAFFIC SIGNAL,DISTRACTION - FROM INSIDE VEHICLE,DRIVING SKILLS/KNOWLEDGE/EXPERIENCE,0,0,0,0,23,2,6,271,IRVING PARK RD,41.857826,-87.832378,06/14/2016 01:05:00 AM,2016
CR00012965,06/06/2015 11:28:00 AM,35,CLEAR,DARKNESS - LIGHTED ROAD,TURNING,ONE-WAY,NO CONTROLS,IMPROPER LANE USAGE,IMPROPER OVERTAKING/PASSING,0,0,0,0,11,7,6,1310,STATE ST,41.909367,-87.722897,06/06/2015 12:05:00 PM,2015
CR00012966,11/15/2015 10:34:00 PM,35,CLEAR,DARKNESS - LIGHTED ROAD,TURNING,ONE-WAY,TRAFFIC SIGNAL,IMPROPER OVERTAKING/PASSING,UNABLE TO DETERMINE,0,0,0,0,22,1,11,973,LAKE SHORE DR,41.857477,-87.545194,11/16/2015 12:19:00 AM,2015
CR00012967,11/26/2015 06:47:00 AM,40,FREEZING RAIN/DRIZZLE,DARKNESS,TURNING,DIVIDED - W/MEDIAN (NOT RAISED),TRAFFIC SIGNAL,IMPROPER OVERTAKING/PASSING,FAILING TO YIELD RIGHT-OF-WAY,0,0,2,2,6,5,11,1845,IRVING PARK RD,41.862114,-87.518672,11/26/2015 08:19:00 AM,2015
CR00012968,03/30/2017 02:36:00 PM,45,CLEAR,DARKNESS - LIGHTED ROAD,REAR END,DIVIDED - W/MEDIAN (NOT RAISED),TRAFFIC SIGNAL,DRIVING SKILLS/KNOWLEDGE/EXPERIENCE,UNABLE TO DETERMINE,0,0,1,1,14,5,3,1221,ASHLAND AVE,41.995841,-87.573101,03/30/2017 04:32:00 PM,2017
CR00012969,05/15/2015 09:51:00 AM,40,CLEAR,DAYLIGHT,REAR END,ONE-WAY,TRAFFIC SIGNAL,IMPROPER OVERTAKING/PASSING,UNABLE TO DETERMINE,0,0,0,0,9,6,5,1359,STATE ST,41.764232,-87.623787,05/15/2015 09:54:00 AM,2015
CR00012970,11/22/2021 07:06:00 PM,35,CLEAR,DAYLIGHT,REAR TO FRONT,DIVIDED - W/MEDIAN (NOT RAISED),NO CONTROLS,FAILING TO REDUCE SPEED,FOLLOWING TOO CLOSELY,0,0,0,0,19,2,11,2180,63RD ST,41.79226,-87.61912,11/22/2021 08:35:00 PM,2021
CR00012971,08/22/2022 03:09:00 PM,30,SNOW,DUSK,REAR END,DIVIDED - W/MEDIAN BARRIER,TRAFFIC SIGNAL,UNABLE TO DETERMINE,UNABLE TO DETERMINE,0,0,0,0,15,2,8,1146,CICERO AVE,41.928838,-87.588682,08/22/2022 04:50:00 PM,2022
CR00012972,04/28/2023 03:25:00 PM,45,CLEAR,DAWN,REAR END,NOT DIVIDED,TRAFFIC SIGNAL,UNABLE TO DETERMINE,IMPROPER OVERTAKING/PASSING,0,0,0,0,15,6,4,1980,ROOSEVELT RD,41.844535,-87.555508,04/28/2023 03:27:00 PM,2023
CR00012973,07/18/2017 12:10:00 PM,30,CLEAR,DAYLIGHT,TURNING,NOT DIVIDED,TRAFFIC SIGNAL,FAILING TO YIELD RIGHT-OF-WAY,FAILING TO YIELD RIGHT-OF-WAY,0,0,0,0,12,3,7,2294,FULLERTON AVE,41.899276,-87.545178,07/18/2017 12:27:00 PM,2017
CR00012974,06/19/2015 02:28:00 AM,45,CLEAR,DAYLIGHT,FIXED OBJECT,NOT DIVIDED,UNKNOWN,FAILING TO YIELD RIGHT-OF-WAY,NOT APPLICABLE,0,0,0,0,2,6,6,872,HALSTED ST,41.805377,-87.804874,06/19/2015 02:50:00 AM,2015
CR00012975,05/08/2019 03:56:00 PM,35,CLEAR,DAYLIGHT,PARKED MOTOR VEHICLE,NOT DIVIDED,NO CONTROLS,UNABLE TO DETERMINE,UNABLE TO DETERMINE,0,0,0,0,15,4,5,838,PULASKI RD,41.892775,-87.815972,05/08/2019 05:20:00 PM,2019
CR00012976,01/13/2019 01:42:00 PM,20,CLEAR,DAYLIGHT,PARKED MOTOR VEHICLE,DIVIDED - W/MEDIAN (NOT RAISED),YIELD,DRIVING SKILLS/KNOWLEDGE/EXPERIENCE,FOLLOWING TOO CLOSELY,0,0,0,0,13,1,1,931,MILWAUKEE AVE,41.931781,-87.612378,01/13/2019 02:23:00 PM,2019
CR00012977,09/03/2018 12:48:00 PM,35,CLEAR,DAYLIGHT,ANGLE,FOUR WAY,TRAFFIC SIGNAL,UNABLE TO DETERMINE,UNABLE TO DETERMINE,0,0,0,0,12,2,9,1718,MILWAUKEE AVE,41.876181,-87.751693,09/03/2018 02:18:00 PM,2018
CR00012978,04/04/2024 05:07:00 PM,45,CLEAR,DARKNESS,SIDESWIPE SAME DIRECTION,DIVIDED - W/MEDIAN (NOT RAISED),TRAFFIC SIGNAL,FAILING TO YIELD RIGHT-OF-WAY,FAILING TO REDUCE SPEED,0,0,1,1,17,5,4,751,DIVISION ST,41.740151,-87.64218,04/04/2024 05:57:00 PM,2024
CR00012979,04/05/2023 09:07:00 AM,30,CLEAR,DAYLIGHT,REAR END,NOT DIVIDED,TRAFFIC SIGNAL,UNABLE TO DETERMINE,FOLLOWING TOO CLOSELY,0,0,0,0,9,4,4,746,CALIFORNIA AVE,41.869459,-87.623254,04/05/2023 09:36:00 AM,2023
CR00012980,02/02/2016 12:14:00 PM,40,CLEAR,DAYLIGHT,TURNING,DIVIDED - W/MEDIAN BARRIER,TRAFFIC SIGNAL,FOLLOWING TOO CLOSELY,NOT APPLICABLE,0,0,0,0,12,3,2,1701,PULASKI RD,41.981314,-87.745781,02/02/2016 12:20:00 PM,2016
CR00012981,09/29/2022 11:16:00 PM,30,CLEAR,DAYLIGHT,REAR TO FRONT,DIVIDED - W/MEDIAN BARRIER,NO CONTROLS,UNABLE TO DETERMINE,FOLLOWING TOO CLOSELY,0,0,1,1,23,5,9,424,CLARK ST,41.776187,-87.693649,09/30/2022 12:12:00 AM,2022
CR00012982,02/27/2018 04:43:00 PM,30,CLEAR,DARKNESS - LIGHTED ROAD,ANGLE,DIVIDED - W/MEDIAN (NOT RAISED),TRAFFIC SIGNAL,UNABLE TO DETERMINE,FAILING TO YIELD RIGHT-OF-WAY,0,0,0,0,16,3,2,722,63RD ST,41.93827,-87.687754,02/27/2018 06:13:00 PM,2018
CR00012983,07/21/2024 02:23:00 PM,30,CLEAR,DAYLIGHT,REAR END,NOT DIVIDED,UNKNOWN,DISREGARDING TRAFFIC SIGNALS,DISTRACTION - FROM INSIDE VEHICLE,0,0,0,0,14,1,7,1073,ROOSEVELT RD,41.81617,-87.566132,07/21/2024 02:29:00 PM,2024
CR00012984,06/15/2021 03:49:00 PM,40,RAIN,DARKNESS - LIGHTED ROAD,TURNING,NOT DIVIDED,NO CONTROLS,WEATHER,NOT APPLICABLE,0,0,0,0,15,3,6,402,IRVING PARK RD,41.93324,-87.527754,06/15/2021 04:33:00 PM,2021
CR00012985,04/16/2018 06:10:00 AM,20,RAIN,DAYLIGHT,REAR END,DIVIDED - W/MEDIAN (NOT RAISED),STOP SIGN/FLASHER,IMPROPER OVERTAKING/PASSING,UNABLE TO DETERMINE,0,0,0,0,6,2,4,1342,CALIFORNIA AVE,41.966728,-87.702235,04/16/2018 07:40:00 AM,2018
CR00012986,09/15/2015 03:31:00 PM,35,CLEAR,DAYLIGHT,SIDESWIPE SAME DIRECTION,DIVIDED - W/MEDIAN (NOT RAISED),UNKNOWN,DRIVING SKILLS/KNOWLEDGE/EXPERIENCE,FAILING TO YIELD RIGHT-OF-WAY,0,0,0,0,15,3,9,1788,WESTERN AVE,41.763717,-87.6134,09/15/2015 05:00:00 PM,2015
CR00012987,07/29/2020 07:54:00 AM,15,FOG/SMOKE/HAZE,DAYLIGHT,SIDESWIPE SAME DIRECTION,ONE-WAY,TRAFFIC SIGNAL,UNABLE TO DETERMINE,IMPROPER OVERTAKING/PASSING,0,0,2,2,7,4,7,2281,47TH ST,41.886658,-87.740935,07/29/2020 08:25:00 AM,2020
CR00012988,01/24/2022 06:45:00 PM,30,CLEAR,DAYLIGHT,REAR END,NOT DIVIDED,NO CONTROLS,DISREGARDING TRAFFIC SIGNALS,IMPROPER LANE USAGE,0,0,2,2,18,2,1,316,STATE ST,41.842317,-87.695567,01/24/2022 08:23:00 PM,2022
CR00012989,07/02/2018 10:01:00 AM,15,CLEAR,DAYLIGHT,TURNING,NOT DIVIDED,NO CONTROLS,UNABLE TO DETERMINE,FOLLOWING TOO CLOSELY,0,0,0,0,10,2,7,190,STATE ST,41.867523,-87.8398,07/02/2018 10:59:00 AM,2018
CR00012990,08/31/2017 10:30:00 PM,30,CLEAR,DAYLIGHT,REAR END,FOUR WAY,YIELD,FAILING TO YIELD RIGHT-OF-WAY,NOT APPLICABLE,0,0,1,1,22,5,8,1827,BROADWAY,41.951538,-87.549648,08/31/2017 11:13:00 PM,2017
CR00012991,03/08/2020 07:35:00 AM,35,CLEAR,DAWN,REAR END,NOT DIVIDED,NO CONTROLS,DRIVING SKILLS/KNOWLEDGE/EXPERIENCE,WEATHER,0,0,0,0,7,1,3,537,OGDEN AVE,41.775941,-87.751557,03/08/2020 07:47:00 AM,2020
CR00012992,11/27/2019 03:21:00 PM,30,CLEAR,DUSK,SIDESWIPE SAME DIRECTION,ONE-WAY,NO CONTROLS,FAILING TO YIELD RIGHT-OF-WAY,NOT APPLICABLE,0,0,0,0,15,4,11,1104,LAKE SHORE DR,41.983405,-87.635393,11/27/2019 03:28:00 PM,2019
CR00012993,01/08/2023 02:46:00 PM,45,CLEAR,DAYLIGHT,REAR END,ONE-WAY,UNKNOWN,DISREGARDING TRAFFIC SIGNALS,NOT APPLICABLE,0,0,0,0,14,1,1,926,MILWAUKEE AVE,41.761173,-87.744818,01/08/2023 03:09:00 PM,2023
CR00012994,08/06/2015 02:38:00 PM,15,RAIN,DAYLIGHT,REAR END,ONE-WAY,TRAFFIC SIGNAL,FOLLOWING TOO CLOSELY,FAILING TO YIELD RIGHT-OF-WAY,0,0,0,0,14,5,8,375,ASHLAND AVE,41.930372,-87.567678,08/06/2015 03:13:00 PM,2015
CR00012995,11/14/2015 12:49:00 AM,15,RAIN,DAYLIGHT,REAR TO FRONT,DIVIDED - W/MEDIAN (NOT RAISED),NO CONTROLS,DISREGARDING TRAFFIC SIGNALS,FAILING TO YIELD RIGHT-OF-WAY,0,0,0,0,0,7,11,2459,CICERO AVE,41.843827,-87.744724,11/14/2015 02:47:00 AM,2015
CR00012996,08/20/2018 05:30:00 PM,25,CLEAR,DARKNESS - LIGHTED ROAD,PEDESTRIAN,DIVIDED - W/MEDIAN (NOT RAISED),NO CONTROLS,DISTRACTION - FROM INSIDE VEHICLE,NOT APPLICABLE,0,0,0,0,17,2,8,946,MILWAUKEE AVE,41.711442,-87.751557,08/20/2018 05:39:00 PM,2018
CR00012997,07/04/2024 11:32:00 AM,15,CLEAR,DAYLIGHT,ANGLE,NOT DIVIDED,NO CONTROLS,IMPROPER OVERTAKING/PASSING,UNABLE TO DETERMINE,0,0,0,0,11,5,7,400,ASHLAND AVE,41.75056,-87.624123,07/04/2024 12:18:00 PM,2024
CR00012998,03/19/2021 03:41:00 PM,40,CLEAR,DARKNESS - LIGHTED ROAD,PEDESTRIAN,FOUR WAY,UNKNOWN,FAILING TO REDUCE SPEED,DISREGARDING TRAFFIC SIGNALS,0,0,0,0,15,6,3,927,KEDZIE AVE,41.892625,-87.715254,03/19/2021 03:45:00 PM,2021
CR00012999,12/15/2017 03:52:00 AM,40,RAIN,DARKNESS - LIGHTED ROAD,TURNING,NOT DIVIDED,NO CONTROLS,FAILING TO YIELD RIGHT-OF-WAY,NOT APPLICABLE,0,0,0,0,3,6,12,1469,OGDEN AVE,41.834331,-87.5806,12/15/2017 05:44:00 AM,2017
CR00013000,03/13/2017 09:32:00 PM,30,CLEAR,DARKNESS,FIXED OBJECT,NOT DIVIDED,TRAFFIC SIGNAL,UNABLE TO DETERMINE,UNABLE TO DETERMINE,0,0,0,0,21,2,3,1855,STONY ISLAND AVE,41.970948,-87.840781,03/13/2017 10:40:00 PM,2017
CR00013001,04/29/2022 11:39:00 AM,40,CLEAR,DARKNESS,REAR END,ONE-WAY,NO CONTROLS,IMPROPER OVERTAKING/PASSING,UNABLE TO DETERMINE,0,0,0,0,11,6,4,133,MICHIGAN AVE,41.923103,-87.614662,04/29/2022 12:46:00 PM,2022
CR00013002,01/02/2018 11:38:00 PM,45,CLEAR,DAYLIGHT,ANGLE,DIVIDED - W/MEDIAN (NOT RAISED),STOP SIGN/FLASHER,UNABLE TO DETERMINE,UNABLE TO DETERMINE,0,1,0,1,23,3,1,2289,IRVING PARK RD,41.883532,-87.819319,01/03/2018 01:27:00 AM,2018
CR00013003,03/11/2022 06:05:00 PM,15,CLEAR,DARKNESS - LIGHTED ROAD,PARKED MOTOR VEHICLE,NOT DIVIDED,NO CONTROLS,UNABLE TO DETERMINE,FAILING TO YIELD RIGHT-OF-WAY,0,0,0,0,18,6,3,1054,CALIFORNIA AVE,41.825604,-87.760762,03/11/2022 07:50:00 PM,2022
CR00013004,11/17/2024 08:45:00 AM,25,RAIN,DARKNESS,SIDESWIPE SAME DIRECTION,DIVIDED - W/MEDIAN BARRIER,TRAFFIC SIGNAL,UNABLE TO DETERMINE,NOT APPLICABLE,0,0,0,0,8,1,11,1755,FULLERTON AVE,41.995006,-87.510359,11/17/2024 09:29:00 AM,2024
CR00013005,07/04/2020 06:04:00 PM,20,CLEAR,DARKNESS,SIDESWIPE SAME DIRECTION,NOT DIVIDED,TRAFFIC SIGNAL,UNABLE TO DETERMINE,DRIVING SKILLS/KNOWLEDGE/EXPERIENCE,0,0,0,0,18,7,7,145,63RD ST,41.789639,-87.811588,07/04/2020 06:38:00 PM,2020
CR00013006,07/29/2021 04:38:00 PM,20,CLOUDY/OVERCAST,DAYLIGHT,ANGLE,T-INTERSECTION,NO CONTROLS,IMPROPER LANE USAGE,FOLLOWING TOO CLOSELY,0,0,0,0,16,5,7,1960,ASHLAND AVE,41.717316,-87.78042,07/29/2021 06:13:00 PM,2021
CR00013007,02/17/2020 09:27:00 PM,35,CLOUDY/OVERCAST,DARKNESS - LIGHTED ROAD,SIDESWIPE SAME DIRECTION,ONE-WAY,UNKNOWN,FOLLOWING TOO CLOSELY,UNABLE TO DETERMINE,0,0,0,0,21,2,2,2484,CICERO AVE,41.756693,-87.559867,02/17/2020 09:57:00 PM,2020
CR00013008,11/23/2020 01:26:00 AM,40,FOG/SMOKE/HAZE,DARKNESS - LIGHTED ROAD,REAR TO FRONT,NOT DIVIDED,TRAFFIC SIGNAL,DISREGARDING TRAFFIC SIGNALS,NOT APPLICABLE,0,0,0,0,1,2,11,1556,ROOSEVELT RD,41.777779,-87.648039,11/23/2020 03:20:00 AM,2020
CR00013009,05/28/2019 09:50:00 AM,40,RAIN,DARKNESS - LIGHTED ROAD,SIDESWIPE SAME DIRECTION,NOT DIVIDED,NO CONTROLS,IMPROPER OVERTAKING/PASSING,NOT APPLICABLE,0,0,0,0,9,3,5,1316,WESTERN AVE,41.754695,-87.762087,05/28/2019 11:10:00 AM,2019
CR00013010,07/27/2019 05:14:00 PM,15,CLEAR,DAYLIGHT,SIDESWIPE SAME DIRECTION,NOT DIVIDED,NO CONTROLS,UNABLE TO DETERMINE,NOT APPLICABLE,0,0,0,0,17,7,7,600,MILWAUKEE AVE,41.839856,-87.541248,07/27/2019 05:27:00 PM,2019
CR00013011,07/08/2024 02:09:00 PM,45,CLEAR,DAYLIGHT,ANGLE,NOT DIVIDED,TRAFFIC SIGNAL,FAILING TO YIELD RIGHT-OF-WAY,IMPROPER LANE USAGE,0,0,0,0,14,2,7,1669,ELSTON AVE,41.869167,-87.687798,07/08/2024 03:48:00 PM,2024
CR00013012,01/24/2019 05:21:00 AM,30,CLEAR,DAYLIGHT,REAR END,DIVIDED - W/MEDIAN (NOT RAISED),TRAFFIC SIGNAL,FOLLOWING TOO CLOSELY,FOLLOWING TOO CLOSELY,0,0,3,3,5,5,1,1005,BROADWAY,41.824083,-87.840107,01/24/2019 06:05:00 AM,2019
CR00013013,12/15/2023 01:30:00 PM,15,RAIN,DAYLIGHT,REAR TO FRONT,DIVIDED - W/MEDIAN BARRIER,STOP SIGN/FLASHER,FOLLOWING TOO CLOSELY,IMPROPER LANE USAGE,0,0,0,0,13,6,12,1128,ARCHER AVE,41.700942,-87.718278,12/15/2023 02:27:00 PM,2023
CR00013014,03/09/2016 05:23:00 PM,15,CLEAR,DARKNESS - LIGHTED ROAD,PARKED MOTOR VEHICLE,DIVIDED - W/MEDIAN (NOT RAISED),NO CONTROLS,UNABLE TO DETERMINE,IMPROPER OVERTAKING/PASSING,0,0,0,0,17,4,3,2378,ELSTON AVE,41.771956,-87.52034,03/09/2016 06:07:00 PM,2016