CRASH_RECORD_ID,CRASH_DATE,POSTED_SPEED_LIMIT,WEATHER_CONDITION,LIGHTING_CONDITION,FIRST_CRASH_TYPE,TRAFFICWAY_TYPE,TRAFFIC_CONTROL_DEVICE,PRIM_CONTRIBUTORY_CAUSE,SEC_CONTRIBUTORY_CAUSE,INJURIES_FATAL,INJURIES_INCAPACITATING,INJURIES_NON_INCAPACITATING,INJURIES_TOTAL,CRASH_HOUR,CRASH_DAY_OF_WEEK,CRASH_MONTH,BEAT_OF_OCCURRENCE,STREET_NAME,LATITUDE,LONGITUDE,DATE_POLICE_NOTIFIED,year
CR00013015,01/16/2019 06:26:00 PM,30,CLOUDY/OVERCAST,DUSK,SIDESWIPE SAME DIRECTION,ONE-WAY,NO CONTROLS,UNABLE TO DETERMINE,FAILING TO REDUCE SPEED,0,0,0,0,18,4,1,2281,PULASKI RD,41.829278,-87.695112,01/16/2019 06:55:00 PM,2019
CR00013016,07/12/2022 09:59:00 AM,30,CLEAR,DUSK,SIDESWIPE SAME DIRECTION,ONE-WAY,NO CONTROLS,FAILING TO YIELD RIGHT-OF-WAY,NOT APPLICABLE,0,0,0,0,9,3,7,1175,63RD ST,41.733678,-87.605025,07/12/2022 11:41:00 AM,2022
CR00013017,03/30/2024 06:09:00 PM,35,CLEAR,DAYLIGHT,PEDESTRIAN,DIVIDED - W/MEDIAN (NOT RAISED),TRAFFIC SIGNAL,FOLLOWING TOO CLOSELY,WEATHER,0,0,0,0,18,7,3,741,47TH ST,41.916453,-87.61189,03/30/2024 06:33:00 PM,2024
CR00013018,04/22/2018 04:24:00 PM,35,CLEAR,DARKNESS - LIGHTED ROAD,FIXED OBJECT,NOT DIVIDED,STOP SIGN/FLASHER,FAILING TO YIELD RIGHT-OF-WAY,UNABLE TO DETERMINE,0,0,0,0,16,1,4,1875,79TH ST,41.763424,-87.751713,04/22/2018 06:13:00 PM,2018
CR00013019,03/07/2022 05:48:00 PM,30,RAIN,DAYLIGHT,REAR END,NOT DIVIDED,YIELD,WEATHER,NOT APPLICABLE,0,0,0,0,17,2,3,2526,STATE ST,41.774802,-87.502857,03/07/2022 07:07:00 PM,2022
CR00013020,11/27/2021 07:51:00 AM,45,CLEAR,DARKNESS,PARKED MOTOR VEHICLE,T-INTERSECTION,TRAFFIC SIGNAL,FOLLOWING TOO CLOSELY,FOLLOWING TOO CLOSELY,0,0,0,0,7,7,11,1905,79TH ST,41.894577,-87.610685,11/27/2021 09:08:00 AM,2021
CR00013021,11/06/2024 06:01:00 PM,20,CLEAR,DAYLIGHT,FIXED OBJECT,NOT DIVIDED,NO CONTROLS,FOLLOWING TOO CLOSELY,NOT APPLICABLE,0,0,1,1,18,4,11,1539,BROADWAY,41.718948,-87.747184,11/06/2024 06:47:00 PM,2024
CR00013022,01/09/2024 04:51:00 PM,15,FOG/SMOKE/HAZE,DARKNESS,PEDESTRIAN,NOT DIVIDED,TRAFFIC SIGNAL,FAILING TO REDUCE SPEED,UNABLE TO DETERMINE,0,0,0,0,16,3,1,1239,PULASKI RD,41.749908,-87.543829,01/09/2024 06:00:00 PM,2024
CR00013023,07/29/2015 05:42:00 PM,25,CLEAR,DAYLIGHT,REAR END,ONE-WAY,NO CONTROLS,FOLLOWING TOO CLOSELY,DISREGARDING TRAFFIC SIGNALS,0,0,0,0,17,4,7,1434,HALSTED ST,41.802449,-87.51257,07/29/2015 06:13:00 PM,2015
CR00013024,03/04/2020 08:27:00 AM,30,FOG/SMOKE/HAZE,DARKNESS - LIGHTED ROAD,REAR END,NOT DIVIDED,STOP SIGN/FLASHER,UNABLE TO DETERMINE,NOT APPLICABLE,0,0,0,0,8,4,3,2259,ELSTON AVE,41.865121,-87.555628,03/04/2020 10:06:00 AM,2020
CR00013025,11/27/2021 09:30:00 AM,20,CLEAR,DARKNESS - LIGHTED ROAD,SIDESWIPE SAME DIRECTION,DIVIDED - W/MEDIAN (NOT RAISED),NO CONTROLS,DRIVING SKILLS/KNOWLEDGE/EXPERIENCE,FOLLOWING TOO CLOSELY,0,0,2,2,9,7,11,817,STONY ISLAND AVE,41.739734,-87.584407,11/27/2021 10:52:00 AM,2021
CR00013026,02/15/2018 02:01:00 PM,45,CLOUDY/OVERCAST,DAYLIGHT,TURNING,NOT DIVIDED,TRAFFIC SIGNAL,FAILING TO YIELD RIGHT-OF-WAY,IMPROPER LANE USAGE,0,0,0,0,14,5,2,1333,OGDEN AVE,41.782522,-87.819579,02/15/2018 03:31:00 PM,2018
CR00013027,05/11/2024 02:30:00 PM,40,CLEAR,DARKNESS,REAR TO FRONT,NOT DIVIDED,NO CONTROLS,FOLLOWING TOO CLOSELY,FOLLOWING TOO CLOSELY,0,0,3,3,14,7,5,822,CLARK ST,41.965573,-87.742746,05/11/2024 03:43:00 PM,2024
CR00013028,11/15/2015 03:58:00 PM,40,CLEAR,DARKNESS,REAR TO FRONT,DIVIDED - W/MEDIAN BARRIER,TRAFFIC SIGNAL,FOLLOWING TOO CLOSELY,DISTRACTION - FROM INSIDE VEHICLE,0,0,2,2,15,1,11,512,WESTERN AVE,41.821785,-87.811564,11/15/2015 04:59:00 PM,2015
CR00013029,12/02/2017 01:08:00 PM,45,RAIN,DARKNESS - LIGHTED ROAD,REAR END,DIVIDED - W/MEDIAN BARRIER,STOP SIGN/FLASHER,WEATHER,NOT APPLICABLE,0,0,1,1,13,7,12,590,BROADWAY,41.786831,-87.671059,12/02/2017 01:20:00 PM,2017
CR00013030,08/30/2024 08:43:00 AM,15,CLOUDY/OVERCAST,DAYLIGHT,ANGLE,ONE-WAY,TRAFFIC SIGNAL,DISTRACTION - FROM INSIDE VEHICLE,IMPROPER OVERTAKING/PASSING,0,0,0,0,8,6,8,1041,BROADWAY,41.889488,-87.5637,08/30/2024 08:46:00 AM,2024
CR00013031,06/22/2020 02:06:00 PM,35,CLEAR,DAYLIGHT,TURNING,FOUR WAY,STOP SIGN/FLASHER,FAILING TO YIELD RIGHT-OF-WAY,FAILING TO YIELD RIGHT-OF-WAY,0,0,0,0,14,2,6,2473,ARCHER AVE,41.99984,-87.81438,06/22/2020 03:33:00 PM,2020
CR00013032,02/24/2024 01:36:00 PM,15,CLOUDY/OVERCAST,DAYLIGHT,REAR END,ONE-WAY,NO CONTROLS,DRIVING SKILLS/KNOWLEDGE/EXPERIENCE,FAILING TO YIELD RIGHT-OF-WAY,0,0,0,0,13,7,2,1611,DIVISION ST,41.717653,-87.595119,02/24/2024 01:44:00 PM,2024
CR00013033,06/13/2024 06:56:00 PM,40,CLEAR,DARKNESS - LIGHTED ROAD,TURNING,DIVIDED - W/MEDIAN (NOT RAISED),NO CONTROLS,UNABLE TO DETERMINE,UNABLE TO DETERMINE,0,0,0,0,18,5,6,1768,ARCHER AVE,41.910142,-87.735869,06/13/2024 07:16:00 PM,2024
CR00013034,08/01/2020 07:05:00 AM,25,SNOW,DAYLIGHT,TURNING,DIVIDED - W/MEDIAN (NOT RAISED),TRAFFIC SIGNAL,DISTRACTION - FROM INSIDE VEHICLE,DRIVING SKILLS/KNOWLEDGE/EXPERIENCE,0,0,0,0,7,7,8,1956,MILWAUKEE AVE,41.851504,-87.657323,08/01/2020 07:23:00 AM,2020
CR00013035,09/15/2021 10:28:00 AM,20,RAIN,DAYLIGHT,TURNING,ONE-WAY,NO CONTROLS,UNABLE TO DETERMINE,NOT APPLICABLE,0,0,1,1,10,4,9,1476,DIVISION ST,41.859549,-87.671151,09/15/2021 11:24:00 AM,2021
CR00013036,02/09/2019 04:02:00 PM,35,CLEAR,DARKNESS - LIGHTED ROAD,PARKED MOTOR VEHICLE,FOUR WAY,NO CONTROLS,FOLLOWING TOO CLOSELY,UNABLE TO DETERMINE,0,0,0,0,16,7,2,1133,MICHIGAN AVE,41.723567,-87.830578,02/09/2019 05:50:00 PM,2019
CR00013037,12/01/2019 08:13:00 AM,35,CLEAR,DAYLIGHT,REAR TO FRONT,ONE-WAY,TRAFFIC SIGNAL,UNABLE TO DETERMINE,IMPROPER OVERTAKING/PASSING,0,0,0,0,8,1,12,2422,OGDEN AVE,41.849713,-87.641595,12/01/2019 09:09:00 AM,2019
CR00013038,04/06/2021 03:43:00 AM,25,CLEAR,DAYLIGHT,TURNING,NOT DIVIDED,UNKNOWN,FOLLOWING TOO CLOSELY,NOT APPLICABLE,0,0,0,0,3,3,4,2051,MILWAUKEE AVE,41.749514,-87.585818,04/06/2021 05:15:00 AM,2021
CR00013039,06/11/2015 02:13:00 PM,25,CLEAR,DAYLIGHT,REAR END,NOT DIVIDED,NO CONTROLS,UNABLE TO DETERMINE,FOLLOWING TOO CLOSELY,0,0,0,0,14,5,6,548,DIVISION ST,41.90518,-87.636056,06/11/2015 03:47:00 PM,2015
CR00013040,04/29/2022 05:31:00 AM,15,CLEAR,DARKNESS,REAR TO FRONT,DIVIDED - W/MEDIAN BARRIER,NO CONTROLS,FAILING TO YIELD RIGHT-OF-WAY,FOLLOWING TOO CLOSELY,0,0,0,0,5,6,4,665,63RD ST,41.956979,-87.684547,04/29/2022 05:44:00 AM,2022
CR00013041,05/13/2024 05:10:00 PM,30,CLEAR,DAYLIGHT,ANGLE,NOT DIVIDED,UNKNOWN,UNABLE TO DETERMINE,NOT APPLICABLE,0,0,2,2,17,2,5,2381,CALIFORNIA AVE,41.966484,-87.607788,05/13/2024 05:46:00 PM,2024
CR00013042,02/13/2015 03:05:00 PM,15,CLEAR,DUSK,ANGLE,ONE-WAY,STOP SIGN/FLASHER,WEATHER,DRIVING SKILLS/KNOWLEDGE/EXPERIENCE,0,0,0,0,15,6,2,2248,ELSTON AVE,41.772973,-87.841823,02/13/2015 04:22:00 PM,2015
CR00013043,07/24/2023 08:34:00 AM,15,CLEAR,DARKNESS - LIGHTED ROAD,REAR END,NOT DIVIDED,NO CONTROLS,FOLLOWING TOO CLOSELY,UNABLE TO DETERMINE,0,0,1,1,8,2,7,1661,IRVING PARK RD,41.88108,-87.754605,07/24/2023 10:32:00 AM,2023
CR00013044,05/03/2023 04:28:00 PM,35,FOG/SMOKE/HAZE,DAYLIGHT,FIXED OBJECT,DIVIDED - W/MEDIAN BARRIER,TRAFFIC SIGNAL,UNABLE TO DETERMINE,DISTRACTION - FROM INSIDE VEHICLE,0,0,1,1,16,4,5,195,WESTERN AVE,41.939694,-87.718642,05/03/2023 04:51:00 PM,2023
CR00013045,02/26/2023 06:21:00 PM,25,CLEAR,DAWN,PARKED MOTOR VEHICLE,DIVIDED - W/MEDIAN (NOT RAISED),TRAFFIC SIGNAL,UNABLE TO DETERMINE,IMPROPER LANE USAGE,0,0,1,1,18,1,2,1831,LAKE SHORE DR,41.780723,-87.576899,02/26/2023 06:45:00 PM,2023
CR00013046,12/10/2017 06:08:00 PM,35,CLEAR,DAYLIGHT,TURNING,DIVIDED - W/MEDIAN (NOT RAISED),TRAFFIC SIGNAL,UNABLE TO DETERMINE,NOT APPLICABLE,0,0,0,0,18,1,12,2008,IRVING PARK RD,41.914013,-87.603796,12/10/2017 07:12:00 PM,2017
CR00013047,10/14/2017 02:33:00 AM,25,CLEAR,DAYLIGHT,TURNING,T-INTERSECTION,UNKNOWN,UNABLE TO DETERMINE,DISTRACTION - FROM INSIDE VEHICLE,0,0,0,0,2,7,10,1106,79TH ST,41.947748,-87.725698,10/14/2017 03:18:00 AM,2017
CR00013048,02/17/2023 07:00:00 PM,45,CLOUDY/OVERCAST,DARKNESS - LIGHTED ROAD,PARKED MOTOR VEHICLE,DIVIDED - W/MEDIAN (NOT RAISED),NO CONTROLS,UNABLE TO DETERMINE,UNABLE TO DETERMINE,0,0,0,0,19,6,2,1218,BROADWAY,41.769645,-87.504624,02/17/2023 08:30:00 PM,2023
CR00013049,08/12/2016 01:20:00 AM,40,CLEAR,DUSK,REAR TO FRONT,NOT DIVIDED,NO CONTROLS,IMPROPER OVERTAKING/PASSING,UNABLE TO DETERMINE,0,0,0,0,1,6,8,747,ELSTON AVE,41.797383,-87.715503,08/12/2016 01:35:00 AM,2016
CR00013050,08/05/2016 04:46:00 AM,35,CLEAR,DARKNESS - LIGHTED ROAD,SIDESWIPE SAME DIRECTION,ONE-WAY,NO CONTROLS,DISREGARDING TRAFFIC SIGNALS,NOT APPLICABLE,0,0,1,1,4,6,8,2301,63RD ST,41.922049,-87.730898,08/05/2016 04:56:00 AM,2016
CR00013051,05/14/2019 12:39:00 AM,25,CLEAR,DAYLIGHT,REAR END,NOT DIVIDED,STOP SIGN/FLASHER,FAILING TO YIELD RIGHT-OF-WAY,NOT APPLICABLE,0,0,0,0,0,3,5,117,MILWAUKEE AVE,41.949156,-87.721818,05/14/2019 01:41:00 AM,2019
CR00013052,07/12/2021 04:29:00 PM,45,SNOW,DARKNESS - LIGHTED ROAD,ANGLE,DIVIDED - W/MEDIAN BARRIER,NO CONTROLS,DISTRACTION - FROM INSIDE VEHICLE,IMPROPER LANE USAGE,0,0,0,0,16,2,7,1464,OGDEN AVE,41.918068,-87.778669,07/12/2021 06:00:00 PM,2021
CR00013053,09/29/2023 07:46:00 AM,35,CLEAR,DAYLIGHT,PEDESTRIAN,DIVIDED - W/MEDIAN (NOT RAISED),TRAFFIC SIGNAL,UNABLE TO DETERMINE,FAILING TO YIELD RIGHT-OF-WAY,0,0,0,0,7,6,9,804,DIVISION ST,41.860882,-87.663663,09/29/2023 09:13:00 AM,2023
CR00013054,04/23/2015 06:15:00 PM,25,CLEAR,DARKNESS - LIGHTED ROAD,SIDESWIPE SAME DIRECTION,ONE-WAY,STOP SIGN/FLASHER,UNABLE TO DETERMINE,FOLLOWING TOO CLOSELY,0,1,0,1,18,5,4,1997,MICHIGAN AVE,41.983813,-87.811265,04/23/2015 07:10:00 PM,2015
CR00013055,03/23/2015 06:01:00 AM,35,SNOW,DAYLIGHT,REAR END,DIVIDED - W/MEDIAN (NOT RAISED),NO CONTROLS,UNABLE TO DETERMINE,NOT APPLICABLE,0,0,0,0,6,2,3,1101,IRVING PARK RD,41.739324,-87.825135,03/23/2015 07:08:00 AM,2015
CR00013056,11/13/2017 12:26:00 PM,30,CLEAR,DARKNESS - LIGHTED ROAD,PEDESTRIAN,DIVIDED - W/MEDIAN (NOT RAISED),TRAFFIC SIGNAL,FOLLOWING TOO CLOSELY,FOLLOWING TOO CLOSELY,0,0,0,0,12,2,11,682,MILWAUKEE AVE,41.814152,-87.65776,11/13/2017 02:19:00 PM,2017
CR00013057,02/27/2020 07:22:00 AM,40,FREEZING RAIN/DRIZZLE,DAYLIGHT,SIDESWIPE SAME DIRECTION,FOUR WAY,TRAFFIC SIGNAL,DISREGARDING TRAFFIC SIGNALS,DRIVING SKILLS/KNOWLEDGE/EXPERIENCE,0,0,0,0,7,5,2,2305,ASHLAND AVE,41.714452,-87.55581,02/27/2020 09:13:00 AM,2020
CR00013058,01/07/2022 02:07:00 AM,20,CLEAR,DARKNESS - LIGHTED ROAD,REAR END,DIVIDED - W/MEDIAN BARRIER,YIELD,DRIVING SKILLS/KNOWLEDGE/EXPERIENCE,NOT APPLICABLE,0,0,2,2,2,6,1,2147,PULASKI RD,41.745389,-87.758399,01/07/2022 02:37:00 AM,2022
CR00013059,07/29/2023 06:18:00 AM,30,CLEAR,DARKNESS - LIGHTED ROAD,REAR END,FOUR WAY,NO CONTROLS,FOLLOWING TOO CLOSELY,UNABLE TO DETERMINE,0,0,2,2,6,7,7,309,CLARK ST,41.977231,-87.640091,07/29/2023 07:58:00 AM,2023
CR00013060,11/20/2022 02:29:00 AM,15,CLEAR,DAYLIGHT,SIDESWIPE SAME DIRECTION,DIVIDED - W/MEDIAN (NOT RAISED),NO CONTROLS,FAILING TO REDUCE SPEED,FAILING TO YIELD RIGHT-OF-WAY,0,0,0,0,2,1,11,813,OGDEN AVE,41.80093,-87.550908,11/20/2022 04:21:00 AM,2022
CR00013061,03/22/2020 04:33:00 AM,20,RAIN,DAYLIGHT,SIDESWIPE SAME DIRECTION,NOT DIVIDED,NO CONTROLS,UNABLE TO DETERMINE,FOLLOWING TOO CLOSELY,0,0,0,0,4,1,3,225,CICERO AVE,41.771627,-87.555741,03/22/2020 05:42:00 AM,2020
CR00013062,03/23/2022 12:34:00 PM,15,RAIN,DAYLIGHT,SIDESWIPE SAME DIRECTION,DIVIDED - W/MEDIAN (NOT RAISED),STOP SIGN/FLASHER,FOLLOWING TOO CLOSELY,UNABLE TO DETERMINE,0,0,0,0,12,4,3,929,CLARK ST,41.898618,-87.707217,03/23/2022 01:09:00 PM,2022
CR00013063,07/18/2015 03:28:00 PM,15,CLEAR,DAYLIGHT,FIXED OBJECT,ONE-WAY,STOP SIGN/FLASHER,FOLLOWING TOO CLOSELY,NOT APPLICABLE,0,0,0,0,15,7,7,2270,FULLERTON AVE,41.95695,-87.761623,07/18/2015 04:12:00 PM,2015
CR00013064,03/25/2018 01:29:00 PM,20,CLEAR,DAYLIGHT,TURNING,T-INTERSECTION,NO CONTROLS,FAILING TO YIELD RIGHT-OF-WAY,FOLLOWING TOO CLOSELY,0,0,0,0,13,1,3,770,STATE ST,41.842838,-87.74026,03/25/2018 02:42:00 PM,2018
CR00013065,08/22/2022 03:28:00 PM,25,CLEAR,DAYLIGHT,REAR END,DIVIDED - W/MEDIAN (NOT RAISED),NO CONTROLS,UNABLE TO DETERMINE,UNABLE TO DETERMINE,0,0,3,3,15,2,8,1674,CALIFORNIA AVE,41.730049,-87.532665,08/22/2022 05:26:00 PM,2022
CR00013066,10/12/2016 08:40:00 AM,15,CLEAR,DAYLIGHT,ANGLE,DIVIDED - W/MEDIAN BARRIER,NO CONTROLS,FAILING TO YIELD RIGHT-OF-WAY,UNABLE TO DETERMINE,0,0,0,0,8,4,10,757,ELSTON AVE,41.883764,-87.685175,10/12/2016 10:24:00 AM,2016
CR00013067,11/25/2023 12:14:00 PM,30,SNOW,DAYLIGHT,SIDESWIPE SAME DIRECTION,NOT DIVIDED,STOP SIGN/FLASHER,FOLLOWING TOO CLOSELY,IMPROPER LANE USAGE,0,0,0,0,12,7,11,950,79TH ST,41.765051,-87.626565,11/25/2023 12:32:00 PM,2023
CR00013068,08/18/2022 05:44:00 PM,40,CLEAR,DARKNESS - LIGHTED ROAD,SIDESWIPE SAME DIRECTION,FOUR WAY,NO CONTROLS,FAILING TO YIELD RIGHT-OF-WAY,UNABLE TO DETERMINE,0,0,0,0,17,5,8,1904,PULASKI RD,41.894707,-87.722636,08/18/2022 07:04:00 PM,2022
CR00013069,12/11/2022 03:44:00 PM,30,RAIN,DAYLIGHT,REAR END,NOT DIVIDED,NO CONTROLS,IMPROPER OVERTAKING/PASSING,UNABLE TO DETERMINE,0,0,0,0,15,1,12,2133,PULASKI RD,41.935741,-87.843197,12/11/2022 03:50:00 PM,2022
CR00013070,05/04/2022 03:12:00 PM,35,CLEAR,DAWN,ANGLE,ONE-WAY,TRAFFIC SIGNAL,FAILING TO REDUCE SPEED,IMPROPER OVERTAKING/PASSING,0,0,0,0,15,4,5,1179,ASHLAND AVE,41.792047,-87.56754,05/04/2022 05:02:00 PM,2022
CR00013071,03/31/2017 08:54:00 PM,15,CLEAR,DARKNESS - LIGHTED ROAD,TURNING,NOT DIVIDED,STOP SIGN/FLASHER,UNABLE TO DETERMINE,DRIVING SKILLS/KNOWLEDGE/EXPERIENCE,0,0,0,0,20,6,3,919,ASHLAND AVE,41.849068,-87.751682,03/31/2017 10:54:00 PM,2017
CR00013072,12/27/2023 10:50:00 AM,45,CLEAR,DAYLIGHT,REAR END,NOT DIVIDED,TRAFFIC SIGNAL,UNABLE TO DETERMINE,DRIVING SKILLS/KNOWLEDGE/EXPERIENCE,0,0,0,0,10,4,12,1426,MILWAUKEE AVE,41.846491,-87.788609,12/27/2023 12:48:00 PM,2023
CR00013073,01/01/2019 06:18:00 PM,20,FOG/SMOKE/HAZE,DAYLIGHT,ANGLE,NOT DIVIDED,STOP SIGN/FLASHER,FOLLOWING TOO CLOSELY,FAILING TO YIELD RIGHT-OF-WAY,0,0,0,0,18,3,1,2394,CICERO AVE,41.706234,-87.554215,01/01/2019 07:29:00 PM,2019
CR00013074,08/24/2024 07:43:00 AM,40,CLEAR,DAYLIGHT,PARKED MOTOR VEHICLE,ONE-WAY,NO CONTROLS,DRIVING SKILLS/KNOWLEDGE/EXPERIENCE,DRIVING SKILLS/KNOWLEDGE/EXPERIENCE,0,0,0,0,7,7,8,714,ELSTON AVE,41.759895,-87.741534,08/24/2024 09:15:00 AM,2024
CR00013075,09/26/2016 07:06:00 AM,30,CLEAR,DAYLIGHT,SIDESWIPE SAME DIRECTION,DIVIDED - W/MEDIAN (NOT RAISED),NO CONTROLS,DISTRACTION - FROM INSIDE VEHICLE,UNABLE TO DETERMINE,0,0,0,0,7,2,9,1355,WESTERN AVE,41.741886,-87.783758,09/26/2016 07:24:00 AM,2016
CR00013076,08/09/2021 08:30:00 AM,35,CLOUDY/OVERCAST,DAYLIGHT,PARKED MOTOR VEHICLE,NOT DIVIDED,NO CONTROLS,DRIVING SKILLS/KNOWLEDGE/EXPERIENCE,DISTRACTION - FROM INSIDE VEHICLE,0,0,0,0,8,2,8,759,PULASKI RD,41.928813,-87.743248,08/09/2021 09:52:00 AM,2021
CR00013077,04/25/2023 07:45:00 AM,15,CLEAR,DAYLIGHT,ANGLE,DIVIDED - W/MEDIAN (NOT RAISED),NO CONTROLS,UNABLE TO DETERMINE,UNABLE TO DETERMINE,0,0,0,0,7,3,4,2369,MICHIGAN AVE,41.758962,-87.510439,04/25/2023 08:14:00 AM,2023
CR00013078,08/09/2020 03:49:00 PM,45,FREEZING RAIN/DRIZZLE,DARKNESS - LIGHTED ROAD,SIDESWIPE SAME DIRECTION,DIVIDED - W/MEDIAN (NOT RAISED),NO CONTROLS,DISTRACTION - FROM INSIDE VEHICLE,FAILING TO REDUCE SPEED,0,0,0,0,15,1,8,1244,79TH ST,41.777524,-87.807626,08/09/2020 05:15:00 PM,2020
CR00013079,05/13/2017 05:46:00 PM,30,CLEAR,DAYLIGHT,SIDESWIPE SAME DIRECTION,DIVIDED - W/MEDIAN (NOT RAISED),NO CONTROLS,UNABLE TO DETERMINE,UNABLE TO DETERMINE,0,0,1,1,17,7,5,2384,MILWAUKEE AVE,41.797848,-87.729169,05/13/2017 06:01:00 PM,2017
CR00013080,07/28/2022 07:00:00 AM,45,CLEAR,DARKNESS - LIGHTED ROAD,ANGLE,ONE-WAY,TRAFFIC SIGNAL,UNABLE TO DETERMINE,UNABLE TO DETERMINE,0,0,3,3,7,5,7,1736,CALIFORNIA AVE,41.790837,-87.656801,07/28/2022 08:59:00 AM,2022
CR00013081,06/06/2020 10:52:00 AM,45,CLEAR,DAYLIGHT,ANGLE,NOT DIVIDED,NO CONTROLS,WEATHER,UNABLE TO DETERMINE,0,0,0,0,10,7,6,2048,ARCHER AVE,41.943756,-87.523466,06/06/2020 11:50:00 AM,2020
CR00013082,09/18/2021 09:01:00 PM,35,CLEAR,DAYLIGHT,REAR END,NOT DIVIDED,NO CONTROLS,UNABLE TO DETERMINE,DRIVING SKILLS/KNOWLEDGE/EXPERIENCE,0,0,0,0,21,7,9,397,BROADWAY,41.844129,-87.520874,09/18/2021 09:42:00 PM,2021
CR00013083,10/07/2019 04:55:00 AM,35,CLEAR,DARKNESS,REAR END,DIVIDED - W/MEDIAN (NOT RAISED),NO CONTROLS,FOLLOWING TOO CLOSELY,UNABLE TO DETERMINE,0,0,0,0,4,2,10,470,ELSTON AVE,41.985891,-87.726999,10/07/2019 06:01:00 AM,2019
CR00013084,03/02/2015 06:09:00 PM,20,CLEAR,DAYLIGHT,TURNING,T-INTERSECTION,TRAFFIC SIGNAL,DISTRACTION - FROM INSIDE VEHICLE,DISTRACTION - FROM INSIDE VEHICLE,0,0,0,0,18,2,3,2314,STATE ST,41.958655,-87.528539,03/02/2015 07:42:00 PM,2015
CR00013085,04/07/2024 02:55:00 AM,45,CLEAR,DARKNESS - LIGHTED ROAD,SIDESWIPE SAME DIRECTION,ONE-WAY,TRAFFIC SIGNAL,DISREGARDING TRAFFIC SIGNALS,DISREGARDING TRAFFIC SIGNALS,0,0,0,0,2,1,4,1890,CLARK ST,41.825537,-87.519415,04/07/2024 03:21:00 AM,2024
CR00013086,10/01/2024 08:35:00 AM,30,CLEAR,DARKNESS - LIGHTED ROAD,ANGLE,DIVIDED - W/MEDIAN (NOT RAISED),TRAFFIC SIGNAL,UNABLE TO DETERMINE,NOT APPLICABLE,0,0,0,0,8,3,10,481,DAMEN AVE,41.737955,-87.821704,10/01/2024 10:18:00 AM,2024
CR00013087,10/30/2017 05:16:00 PM,40,RAIN,DAYLIGHT,TURNING,DIVIDED - W/MEDIAN (NOT RAISED),TRAFFIC SIGNAL,UNABLE TO DETERMINE,UNABLE TO DETERMINE,0,0,0,0,17,2,10,1993,STATE ST,41.986868,-87.847178,10/30/2017 05:18:00 PM,2017
CR00013088,11/23/2024 02:15:00 AM,30,CLEAR,DAYLIGHT,PARKED MOTOR VEHICLE,NOT DIVIDED,TRAFFIC SIGNAL,DRIVING SKILLS/KNOWLEDGE/EXPERIENCE,FAILING TO REDUCE SPEED,0,0,0,0,2,7,11,985,CLARK ST,41.862579,-87.57867,11/23/2024 02:45:00 AM,2024
CR00013089,05/23/2015 08:03:00 AM,45,RAIN,DAYLIGHT,SIDESWIPE SAME DIRECTION,DIVIDED - W/MEDIAN (NOT RAISED),TRAFFIC SIGNAL,UNABLE TO DETERMINE,DISREGARDING TRAFFIC SIGNALS,0,0,0,0,8,7,5,1206,KEDZIE AVE,41.980611,-87.84463,05/23/2015 09:36:00 AM,2015
CR00013090,02/14/2020 10:53:00 AM,30,CLEAR,DAYLIGHT,REAR END,NOT DIVIDED,STOP SIGN/FLASHER,FOLLOWING TOO CLOSELY,UNABLE TO DETERMINE,0,0,1,1,10,6,2,1827,DAMEN AVE,41.883621,-87.779683,02/14/2020 12:16:00 PM,2020
CR00013091,12/27/2023 11:42:00 AM,30,CLEAR,DARKNESS - LIGHTED ROAD,ANGLE,NOT DIVIDED,NO CONTROLS,FOLLOWING TOO CLOSELY,NOT APPLICABLE,0,0,0,0,11,4,12,733,ROOSEVELT RD,41.939491,-87.6803,12/27/2023 01:07:00 PM,2023
CR00013092,09/27/2017 07:55:00 AM,40,RAIN,DARKNESS - LIGHTED ROAD,PARKED MOTOR VEHICLE,FOUR WAY,NO CONTROLS,UNABLE TO DETERMINE,UNABLE TO DETERMINE,0,0,0,0,7,4,9,1432,CLARK ST,41.945458,-87.822796,09/27/2017 08:24:00 AM,2017
CR00013093,09/16/2021 12:39:00 PM,45,CLEAR,DAYLIGHT,REAR END,NOT DIVIDED,NO CONTROLS,UNABLE TO DETERMINE,IMPROPER LANE USAGE,0,0,0,0,12,5,9,433,BROADWAY,41.918667,-87.539692,09/16/2021 12:42:00 PM,2021
CR00013094,03/15/2017 10:45:00 AM,35,CLEAR,DARKNESS - LIGHTED ROAD,FIXED OBJECT,DIVIDED - W/MEDIAN (NOT RAISED),NO CONTROLS,WEATHER,IMPROPER OVERTAKING/PASSING,0,0,0,0,10,4,3,1163,BROADWAY,41.889227,-87.508266,03/15/2017 12:29:00 PM,2017
CR00013095,10/10/2021 09:31:00 PM,15,CLEAR,DAYLIGHT,FIXED OBJECT,NOT DIVIDED,NO CONTROLS,DRIVING SKILLS/KNOWLEDGE/EXPERIENCE,NOT APPLICABLE,0,0,0,0,21,1,10,1056,CLARK ST,41.807623,-87.611316,10/10/2021 09:52:00 PM,2021
CR00013096,11/19/2017 12:29:00 PM,15,CLEAR,DARKNESS - LIGHTED ROAD,REAR END,ONE-WAY,TRAFFIC SIGNAL,FOLLOWING TOO CLOSELY,WEATHER,0,0,0,0,12,1,11,1422,ELSTON AVE,41.8594,-87.766224,11/19/2017 01:14:00 PM,2017