CRASH_RECORD_ID,CRASH_DATE,POSTED_SPEED_LIMIT,WEATHER_CONDITION,LIGHTING_CONDITION,FIRST_CRASH_TYPE,TRAFFICWAY_TYPE,TRAFFIC_CONTROL_DEVICE,PRIM_CONTRIBUTORY_CAUSE,SEC_CONTRIBUTORY_CAUSE,INJURIES_FATAL,INJURIES_INCAPACITATING,INJURIES_NON_INCAPACITATING,INJURIES_TOTAL,CRASH_HOUR,CRASH_DAY_OF_WEEK,CRASH_MONTH,BEAT_OF_OCCURRENCE,STREET_NAME,LATITUDE,LONGITUDE,DATE_POLICE_NOTIFIED,year
CR00013097,08/04/2021 08:00:00 AM,20,CLEAR,DAYLIGHT,TURNING,DIVIDED - W/MEDIAN (NOT RAISED),STOP SIGN/FLASHER,DISREGARDING TRAFFIC SIGNALS,UNABLE TO DETERMINE,0,1,1,2,8,4,8,1874,OGDEN AVE,41.764783,-87.706615,08/04/2021 09:04:00 AM,2021
CR00013098,12/23/2023 03:46:00 PM,30,CLEAR,DARKNESS - LIGHTED ROAD,REAR END,FOUR WAY,STOP SIGN/FLASHER,DRIVING SKILLS/KNOWLEDGE/EXPERIENCE,UNABLE TO DETERMINE,0,0,0,0,15,7,12,744,WESTERN AVE,41.704193,-87.73787,12/23/2023 05:05:00 PM,2023
CR00013099,06/05/2018 10:41:00 PM,35,CLOUDY/OVERCAST,DARKNESS - LIGHTED ROAD,REAR END,DIVIDED - W/MEDIAN (NOT RAISED),UNKNOWN,FOLLOWING TOO CLOSELY,FOLLOWING TOO CLOSELY,0,0,2,2,22,3,6,1472,ELSTON AVE,41.722585,-87.589849,06/06/2018 12:17:00 AM,2018
CR00013100,09/19/2024 05:36:00 PM,35,CLEAR,DARKNESS,ANGLE,ONE-WAY,YIELD,DISTRACTION - FROM INSIDE VEHICLE,DISREGARDING TRAFFIC SIGNALS,0,0,0,0,17,5,9,2203,WESTERN AVE,41.821371,-87.77471,09/19/2024 06:42:00 PM,2024
CR00013101,12/02/2019 07:46:00 PM,40,FREEZING RAIN/DRIZZLE,DUSK,SIDESWIPE SAME DIRECTION,NOT DIVIDED,TRAFFIC SIGNAL,IMPROPER OVERTAKING/PASSING,DISTRACTION - FROM INSIDE VEHICLE,0,0,0,0,19,2,12,1251,DIVISION ST,41.730136,-87.633496,12/02/2019 08:46:00 PM,2019
CR00013102,01/18/2023 09:46:00 PM,15,CLEAR,DAYLIGHT,TURNING,FOUR WAY,NO CONTROLS,DRIVING SKILLS/KNOWLEDGE/EXPERIENCE,DRIVING SKILLS/KNOWLEDGE/EXPERIENCE,0,0,0,0,21,4,1,1589,FULLERTON AVE,41.811388,-87.646179,01/18/2023 11:34:00 PM,2023
CR00013103,06/17/2022 07:22:00 AM,20,RAIN,DAYLIGHT,ANGLE,ONE-WAY,STOP SIGN/FLASHER,UNABLE TO DETERMINE,IMPROPER OVERTAKING/PASSING,0,0,0,0,7,6,6,1477,CICERO AVE,41.724914,-87.717854,06/17/2022 09:01:00 AM,2022
CR00013104,06/28/2016 07:34:00 PM,45,CLOUDY/OVERCAST,DAYLIGHT,PARKED MOTOR VEHICLE,DIVIDED - W/MEDIAN (NOT RAISED),TRAFFIC SIGNAL,DISTRACTION - FROM INSIDE VEHICLE,DISREGARDING TRAFFIC SIGNALS,0,0,0,0,19,3,6,288,ASHLAND AVE,41.849515,-87.787153,06/28/2016 08:37:00 PM,2016
CR00013105,07/18/2019 04:46:00 PM,35,RAIN,DAYLIGHT,REAR END,T-INTERSECTION,NO CONTROLS,FOLLOWING TOO CLOSELY,UNABLE TO DETERMINE,0,0,3,3,16,5,7,592,CLARK ST,41.987959,-87.594396,07/18/2019 06:01:00 PM,2019
CR00013106,12/07/2018 08:02:00 AM,40,CLEAR,DARKNESS,TURNING,NOT DIVIDED,TRAFFIC SIGNAL,UNABLE TO DETERMINE,IMPROPER LANE USAGE,0,0,0,0,8,6,12,677,KEDZIE AVE,41.826901,-87.815645,12/07/2018 09:54:00 AM,2018
CR00013107,01/02/2017 06:35:00 PM,30,CLEAR,DAYLIGHT,PARKED MOTOR VEHICLE,NOT DIVIDED,TRAFFIC SIGNAL,FAILING TO REDUCE SPEED,DISTRACTION - FROM INSIDE VEHICLE,0,0,1,1,18,2,1,1265,MILWAUKEE AVE,41.979517,-87.550301,01/02/2017 08:06:00 PM,2017
CR00013108,03/18/2018 09:32:00 AM,40,CLEAR,DUSK,REAR END,FOUR WAY,YIELD,UNABLE TO DETERMINE,DRIVING SKILLS/KNOWLEDGE/EXPERIENCE,0,0,0,0,9,1,3,1772,ARCHER AVE,41.740755,-87.724696,03/18/2018 09:58:00 AM,2018
CR00013109,10/03/2021 05:31:00 PM,45,CLEAR,DAYLIGHT,FIXED OBJECT,FOUR WAY,NO CONTROLS,UNABLE TO DETERMINE,NOT APPLICABLE,0,0,0,0,17,1,10,1671,PULASKI RD,41.886908,-87.762823,10/03/2021 07:30:00 PM,2021
CR00013110,06/23/2017 07:17:00 AM,25,CLEAR,DARKNESS - LIGHTED ROAD,REAR END,NOT DIVIDED,NO CONTROLS,UNABLE TO DETERMINE,DRIVING SKILLS/KNOWLEDGE/EXPERIENCE,0,0,0,0,7,6,6,1972,ELSTON AVE,41.766643,-87.770266,06/23/2017 08:48:00 AM,2017
CR00013111,03/29/2015 08:37:00 PM,35,CLEAR,DAYLIGHT,TURNING,ONE-WAY,STOP SIGN/FLASHER,IMPROPER OVERTAKING/PASSING,FAILING TO YIELD RIGHT-OF-WAY,0,0,0,0,20,1,3,1272,MILWAUKEE AVE,41.78246,-87.630717,03/29/2015 09:44:00 PM,2015
CR00013112,11/15/2017 12:07:00 PM,15,SNOW,DAYLIGHT,ANGLE,NOT DIVIDED,NO CONTROLS,UNABLE TO DETERMINE,FAILING TO YIELD RIGHT-OF-WAY,0,0,0,0,12,4,11,2088,STATE ST,41.806933,-87.673566,11/15/2017 02:01:00 PM,2017
CR00013113,05/09/2022 08:22:00 PM,20,CLEAR,DARKNESS - LIGHTED ROAD,REAR END,NOT DIVIDED,STOP SIGN/FLASHER,IMPROPER LANE USAGE,FAILING TO YIELD RIGHT-OF-WAY,0,0,0,0,20,2,5,2150,CLARK ST,41.840803,-87.672139,05/09/2022 08:31:00 PM,2022
CR00013114,03/09/2024 12:59:00 PM,15,CLEAR,DAYLIGHT,ANGLE,ONE-WAY,TRAFFIC SIGNAL,IMPROPER LANE USAGE,UNABLE TO DETERMINE,0,0,0,0,12,7,3,445,OGDEN AVE,41.705035,-87.733053,03/09/2024 02:15:00 PM,2024
CR00013115,07/18/2017 07:57:00 AM,15,CLEAR,DAYLIGHT,SIDESWIPE SAME DIRECTION,NOT DIVIDED,NO CONTROLS,FOLLOWING TOO CLOSELY,NOT APPLICABLE,0,0,0,0,7,3,7,914,ARCHER AVE,41.777955,-87.835873,07/18/2017 09:38:00 AM,2017
CR00013116,12/22/2022 10:19:00 AM,15,CLOUDY/OVERCAST,DAYLIGHT,SIDESWIPE SAME DIRECTION,DIVIDED - W/MEDIAN (NOT RAISED),TRAFFIC SIGNAL,FOLLOWING TOO CLOSELY,UNABLE TO DETERMINE,0,1,1,2,10,5,12,1548,CALIFORNIA AVE,41.893998,-87.508748,12/22/2022 10:47:00 AM,2022
CR00013117,02/07/2016 08:41:00 PM,45,CLOUDY/OVERCAST,DAYLIGHT,REAR END,ONE-WAY,STOP SIGN/FLASHER,IMPROPER LANE USAGE,IMPROPER OVERTAKING/PASSING,0,0,0,0,20,1,2,146,63RD ST,41.768593,-87.821203,02/07/2016 10:07:00 PM,2016
CR00013118,04/04/2016 09:04:00 AM,15,CLEAR,DAWN,REAR END,DIVIDED - W/MEDIAN (NOT RAISED),TRAFFIC SIGNAL,UNABLE TO DETERMINE,NOT APPLICABLE,0,0,0,0,9,2,4,1553,WESTERN AVE,41.974725,-87.674994,04/04/2016 10:51:00 AM,2016
CR00013119,06/16/2023 01:32:00 PM,30,CLOUDY/OVERCAST,DAYLIGHT,TURNING,NOT DIVIDED,STOP SIGN/FLASHER,IMPROPER LANE USAGE,FAILING TO REDUCE SPEED,0,0,0,0,13,6,6,633,ARCHER AVE,41.803114,-87.621967,06/16/2023 02:51:00 PM,2023
CR00013120,07/15/2020 07:37:00 PM,30,CLEAR,DARKNESS,TURNING,DIVIDED - W/MEDIAN BARRIER,NO CONTROLS,UNABLE TO DETERMINE,DISTRACTION - FROM INSIDE VEHICLE,0,0,0,0,19,4,7,333,FULLERTON AVE,41.734072,-87.5324,07/15/2020 09:11:00 PM,2020
CR00013121,02/12/2022 03:28:00 PM,35,RAIN,DAWN,PARKED MOTOR VEHICLE,T-INTERSECTION,TRAFFIC SIGNAL,DRIVING SKILLS/KNOWLEDGE/EXPERIENCE,DRIVING SKILLS/KNOWLEDGE/EXPERIENCE,0,0,0,0,15,7,2,1739,STONY ISLAND AVE,41.770755,-87.71624,02/12/2022 05:06:00 PM,2022
CR00013122,07/16/2019 07:01:00 PM,35,CLEAR,DAYLIGHT,REAR END,ONE-WAY,TRAFFIC SIGNAL,UNABLE TO DETERMINE,DRIVING SKILLS/KNOWLEDGE/EXPERIENCE,0,0,0,0,19,3,7,332,IRVING PARK RD,41.890017,-87.643849,07/16/2019 08:13:00 PM,2019
CR00013123,05/18/2024 10:58:00 AM,35,CLEAR,DAYLIGHT,REAR END,DIVIDED - W/MEDIAN (NOT RAISED),STOP SIGN/FLASHER,IMPROPER LANE USAGE,UNABLE TO DETERMINE,0,0,0,0,10,7,5,1346,DIVISION ST,41.770869,-87.526303,05/18/2024 11:53:00 AM,2024
CR00013124,05/23/2019 07:53:00 PM,15,CLEAR,DAYLIGHT,PARKED MOTOR VEHICLE,NOT DIVIDED,NO CONTROLS,FOLLOWING TOO CLOSELY,IMPROPER LANE USAGE,0,0,0,0,19,5,5,907,ELSTON AVE,41.79072,-87.795101,05/23/2019 07:55:00 PM,2019
CR00013125,02/12/2015 04:31:00 PM,35,CLEAR,DARKNESS - LIGHTED ROAD,TURNING,NOT DIVIDED,NO CONTROLS,FAILING TO YIELD RIGHT-OF-WAY,IMPROPER LANE USAGE,0,0,0,0,16,5,2,2077,PULASKI RD,41.784205,-87.567355,02/12/2015 05:36:00 PM,2015
CR00013126,11/30/2021 09:45:00 AM,30,CLEAR,DAYLIGHT,REAR END,DIVIDED - W/MEDIAN BARRIER,NO CONTROLS,FOLLOWING TOO CLOSELY,NOT APPLICABLE,0,0,0,0,9,3,11,2330,KEDZIE AVE,41.748187,-87.759493,11/30/2021 10:01:00 AM,2021
CR00013127,09/15/2024 09:31:00 PM,25,CLEAR,DARKNESS - LIGHTED ROAD,SIDESWIPE SAME DIRECTION,DIVIDED - W/MEDIAN (NOT RAISED),TRAFFIC SIGNAL,UNABLE TO DETERMINE,NOT APPLICABLE,0,0,3,3,21,1,9,1142,DAMEN AVE,41.8921,-87.507432,09/15/2024 10:34:00 PM,2024
CR00013128,12/15/2023 03:01:00 PM,25,CLEAR,DARKNESS - LIGHTED ROAD,PARKED MOTOR VEHICLE,NOT DIVIDED,NO CONTROLS,UNABLE TO DETERMINE,IMPROPER LANE USAGE,0,0,0,0,15,6,12,1232,IRVING PARK RD,41.923037,-87.727638,12/15/2023 03:05:00 PM,2023
CR00013129,12/15/2015 07:23:00 AM,30,CLEAR,DAYLIGHT,REAR TO FRONT,FOUR WAY,STOP SIGN/FLASHER,UNABLE TO DETERMINE,NOT APPLICABLE,0,0,0,0,7,3,12,2529,63RD ST,41.954302,-87.834889,12/15/2015 08:03:00 AM,2015
CR00013130,09/03/2015 06:26:00 PM,40,CLEAR,DARKNESS - LIGHTED ROAD,TURNING,FOUR WAY,TRAFFIC SIGNAL,DRIVING SKILLS/KNOWLEDGE/EXPERIENCE,DRIVING SKILLS/KNOWLEDGE/EXPERIENCE,0,0,0,0,18,5,9,1086,CLARK ST,41.710022,-87.658614,09/03/2015 06:34:00 PM,2015
CR00013131,08/16/2017 05:25:00 PM,35,CLEAR,DAWN,REAR END,NOT DIVIDED,NO CONTROLS,IMPROPER OVERTAKING/PASSING,UNABLE TO DETERMINE,0,0,0,0,17,4,8,1401,STONY ISLAND AVE,41.917088,-87.824024,08/16/2017 06:42:00 PM,2017
CR00013132,06/28/2021 11:19:00 AM,15,CLEAR,DARKNESS,SIDESWIPE SAME DIRECTION,T-INTERSECTION,TRAFFIC SIGNAL,UNABLE TO DETERMINE,DISTRACTION - FROM INSIDE VEHICLE,0,0,0,0,11,2,6,808,STATE ST,41.776775,-87.797652,06/28/2021 11:38:00 AM,2021
CR00013133,02/20/2016 05:07:00 PM,15,CLEAR,DAYLIGHT,REAR END,DIVIDED - W/MEDIAN (NOT RAISED),NO CONTROLS,UNABLE TO DETERMINE,UNABLE TO DETERMINE,0,0,0,0,17,7,2,2444,CICERO AVE,41.946509,-87.678407,02/20/2016 06:42:00 PM,2016
CR00013134,01/04/2020 10:21:00 AM,25,CLEAR,DAYLIGHT,SIDESWIPE SAME DIRECTION,FOUR WAY,NO CONTROLS,UNABLE TO DETERMINE,NOT APPLICABLE,0,0,0,0,10,7,1,1375,STONY ISLAND AVE,41.738909,-87.581642,01/04/2020 11:30:00 AM,2020
CR00013135,12/28/2023 06:08:00 PM,30,CLEAR,DAYLIGHT,TURNING,NOT DIVIDED,TRAFFIC SIGNAL,UNABLE TO DETERMINE,UNABLE TO DETERMINE,0,0,0,0,18,5,12,2396,79TH ST,41.962756,-87.758265,12/28/2023 07:47:00 PM,2023
CR00013136,11/01/2016 09:42:00 AM,35,CLEAR,DAYLIGHT,TURNING,FOUR WAY,UNKNOWN,FOLLOWING TOO CLOSELY,IMPROPER LANE USAGE,0,0,0,0,9,3,11,801,KEDZIE AVE,41.847768,-87.68721,11/01/2016 11:11:00 AM,2016
CR00013137,08/06/2022 06:03:00 PM,30,SNOW,DARKNESS - LIGHTED ROAD,REAR END,NOT DIVIDED,NO CONTROLS,FAILING TO YIELD RIGHT-OF-WAY,UNABLE TO DETERMINE,0,1,1,2,18,7,8,1098,KEDZIE AVE,41.794381,-87.559358,08/06/2022 07:20:00 PM,2022
CR00013138,12/04/2019 10:33:00 AM,20,CLEAR,DARKNESS - LIGHTED ROAD,TURNING,NOT DIVIDED,NO CONTROLS,DRIVING SKILLS/KNOWLEDGE/EXPERIENCE,NOT APPLICABLE,0,0,1,1,10,4,12,1374,HALSTED ST,41.934693,-87.725849,12/04/2019 12:17:00 PM,2019
CR00013139,09/20/2022 09:15:00 PM,35,CLEAR,DUSK,PEDESTRIAN,NOT DIVIDED,STOP SIGN/FLASHER,DISTRACTION - FROM INSIDE VEHICLE,NOT APPLICABLE,0,0,0,0,21,3,9,1967,ARCHER AVE,41.868001,-87.634681,09/20/2022 10:48:00 PM,2022
CR00013140,04/13/2015 05:33:00 PM,25,RAIN,DAYLIGHT,PEDESTRIAN,NOT DIVIDED,TRAFFIC SIGNAL,UNABLE TO DETERMINE,NOT APPLICABLE,0,0,0,0,17,2,4,2162,79TH ST,41.752391,-87.630641,04/13/2015 06:04:00 PM,2015
CR00013141,09/24/2018 04:39:00 PM,35,CLEAR,DARKNESS - LIGHTED ROAD,SIDESWIPE SAME DIRECTION,NOT DIVIDED,TRAFFIC SIGNAL,UNABLE TO DETERMINE,UNABLE TO DETERMINE,0,0,0,0,16,2,9,1089,IRVING PARK RD,41.730769,-87.774941,09/24/2018 04:42:00 PM,2018
CR00013142,10/26/2017 08:57:00 PM,30,CLEAR,DAYLIGHT,PEDESTRIAN,NOT DIVIDED,STOP SIGN/FLASHER,FOLLOWING TOO CLOSELY,UNABLE TO DETERMINE,0,0,0,0,20,5,10,750,LAKE SHORE DR,41.919124,-87.54862,10/26/2017 10:13:00 PM,2017
CR00013143,08/18/2020 11:00:00 AM,35,CLEAR,DARKNESS,REAR END,ONE-WAY,STOP SIGN/FLASHER,FAILING TO YIELD RIGHT-OF-WAY,FOLLOWING TOO CLOSELY,0,0,0,0,11,3,8,1682,ARCHER AVE,41.816894,-87.565026,08/18/2020 11:40:00 AM,2020
CR00013144,01/05/2022 10:35:00 AM,15,CLEAR,DAYLIGHT,ANGLE,NOT DIVIDED,NO CONTROLS,UNABLE TO DETERMINE,UNABLE TO DETERMINE,0,0,0,0,10,4,1,2465,ARCHER AVE,41.825745,-87.787419,01/05/2022 11:51:00 AM,2022
CR00013145,04/12/2022 11:24:00 AM,25,CLOUDY/OVERCAST,DARKNESS - LIGHTED ROAD,ANGLE,DIVIDED - W/MEDIAN BARRIER,STOP SIGN/FLASHER,IMPROPER LANE USAGE,FAILING TO YIELD RIGHT-OF-WAY,0,0,0,0,11,3,4,2498,OGDEN AVE,41.790752,-87.581176,04/12/2022 01:01:00 PM,2022
CR00013146,02/09/2017 03:32:00 PM,40,CLEAR,DAYLIGHT,FIXED OBJECT,DIVIDED - W/MEDIAN (NOT RAISED),NO CONTROLS,UNABLE TO DETERMINE,IMPROPER LANE USAGE,0,0,0,0,15,5,2,1449,LAKE SHORE DR,41.979357,-87.804899,02/09/2017 04:49:00 PM,2017
CR00013147,05/13/2019 10:19:00 AM,40,SNOW,DAYLIGHT,TURNING,NOT DIVIDED,UNKNOWN,UNABLE TO DETERMINE,UNABLE TO DETERMINE,0,0,0,0,10,2,5,2302,HALSTED ST,41.788993,-87.631016,05/13/2019 11:50:00 AM,2019
CR00013148,01/05/2022 11:30:00 AM,20,CLEAR,DAYLIGHT,FIXED OBJECT,DIVIDED - W/MEDIAN (NOT RAISED),TRAFFIC SIGNAL,DRIVING SKILLS/KNOWLEDGE/EXPERIENCE,IMPROPER LANE USAGE,0,0,0,0,11,4,1,2402,MILWAUKEE AVE,41.932649,-87.793047,01/05/2022 11:47:00 AM,2022
CR00013149,11/26/2023 04:00:00 PM,40,CLEAR,DAYLIGHT,REAR END,NOT DIVIDED,NO CONTROLS,UNABLE TO DETERMINE,IMPROPER OVERTAKING/PASSING,0,0,0,0,16,1,11,1687,MICHIGAN AVE,41.762829,-87.53775,11/26/2023 04:21:00 PM,2023
CR00013150,07/03/2023 03:09:00 PM,40,CLEAR,DAWN,ANGLE,DIVIDED - W/MEDIAN (NOT RAISED),STOP SIGN/FLASHER,DISREGARDING TRAFFIC SIGNALS,NOT APPLICABLE,0,2,2,4,15,2,7,2135,63RD ST,41.958307,-87.632283,07/03/2023 03:48:00 PM,2023
CR00013151,01/16/2015 04:47:00 AM,35,CLEAR,DAYLIGHT,SIDESWIPE SAME DIRECTION,DIVIDED - W/MEDIAN (NOT RAISED),TRAFFIC SIGNAL,FOLLOWING TOO CLOSELY,IMPROPER OVERTAKING/PASSING,0,0,0,0,4,6,1,918,BROADWAY,41.703098,-87.743459,01/16/2015 06:14:00 AM,2015
CR00013152,08/12/2017 06:19:00 PM,20,CLEAR,DARKNESS - LIGHTED ROAD,TURNING,ONE-WAY,NO CONTROLS,UNABLE TO DETERMINE,DISREGARDING TRAFFIC SIGNALS,0,0,0,0,18,7,8,1116,KEDZIE AVE,41.772305,-87.839128,08/12/2017 07:05:00 PM,2017
CR00013153,01/15/2023 04:01:00 PM,30,CLOUDY/OVERCAST,DARKNESS - LIGHTED ROAD,REAR END,DIVIDED - W/MEDIAN BARRIER,STOP SIGN/FLASHER,DRIVING SKILLS/KNOWLEDGE/EXPERIENCE,FAILING TO YIELD RIGHT-OF-WAY,0,0,0,0,16,1,1,1475,DIVISION ST,41.760691,-87.5543,01/15/2023 04:26:00 PM,2023
CR00013154,03/23/2023 09:21:00 PM,15,CLEAR,DARKNESS,REAR END,NOT DIVIDED,NO CONTROLS,UNABLE TO DETERMINE,NOT APPLICABLE,0,0,0,0,21,5,3,517,STATE ST,41.792107,-87.58963,03/23/2023 10:38:00 PM,2023
CR00013155,08/28/2024 06:58:00 PM,35,SNOW,DUSK,REAR END,NOT DIVIDED,STOP SIGN/FLASHER,FOLLOWING TOO CLOSELY,NOT APPLICABLE,0,0,0,0,18,4,8,1758,CALIFORNIA AVE,41.73014,-87.727547,08/28/2024 07:51:00 PM,2024
CR00013156,12/12/2018 02:15:00 PM,15,CLEAR,DAYLIGHT,REAR END,T-INTERSECTION,NO CONTROLS,FAILING TO YIELD RIGHT-OF-WAY,FAILING TO REDUCE SPEED,0,0,1,1,14,4,12,895,DAMEN AVE,41.735088,-87.816643,12/12/2018 04:05:00 PM,2018
CR00013157,01/06/2019 11:13:00 PM,30,RAIN,DAYLIGHT,SIDESWIPE SAME DIRECTION,NOT DIVIDED,NO CONTROLS,UNABLE TO DETERMINE,NOT APPLICABLE,0,0,0,0,23,1,1,881,ELSTON AVE,41.74248,-87.545321,01/07/2019 12:01:00 AM,2019
CR00013158,12/12/2024 11:10:00 AM,30,CLEAR,DARKNESS - LIGHTED ROAD,ANGLE,NOT DIVIDED,NO CONTROLS,FOLLOWING TOO CLOSELY,NOT APPLICABLE,0,0,0,0,11,5,12,923,OGDEN AVE,41.802206,-87.575429,12/12/2024 01:03:00 PM,2024
CR00013159,09/02/2020 07:59:00 AM,15,FOG/SMOKE/HAZE,DAYLIGHT,REAR END,NOT DIVIDED,TRAFFIC SIGNAL,DISTRACTION - FROM INSIDE VEHICLE,IMPROPER OVERTAKING/PASSING,0,0,1,1,7,4,9,239,LAKE SHORE DR,41.777169,-87.70308,09/02/2020 08:13:00 AM,2020
CR00013160,10/24/2019 02:16:00 PM,40,CLEAR,DARKNESS - LIGHTED ROAD,PARKED MOTOR VEHICLE,DIVIDED - W/MEDIAN (NOT RAISED),TRAFFIC SIGNAL,FAILING TO REDUCE SPEED,UNABLE TO DETERMINE,0,0,0,0,14,5,10,805,DIVISION ST,41.8041,-87.518383,10/24/2019 03:42:00 PM,2019
CR00013161,04/26/2022 11:24:00 AM,25,CLEAR,DAWN,REAR TO FRONT,DIVIDED - W/MEDIAN (NOT RAISED),TRAFFIC SIGNAL,DISTRACTION - FROM INSIDE VEHICLE,DISREGARDING TRAFFIC SIGNALS,0,0,0,0,11,3,4,836,79TH ST,41.863322,-87.729815,04/26/2022 12:08:00 PM,2022
CR00013162,06/07/2020 02:57:00 PM,25,CLOUDY/OVERCAST,DARKNESS,SIDESWIPE SAME DIRECTION,NOT DIVIDED,TRAFFIC SIGNAL,DRIVING SKILLS/KNOWLEDGE/EXPERIENCE,IMPROPER LANE USAGE,0,0,0,0,14,1,6,236,79TH ST,41.753075,-87.501718,06/07/2020 04:53:00 PM,2020
CR00013163,12/01/2015 04:06:00 PM,30,CLEAR,DAYLIGHT,SIDESWIPE SAME DIRECTION,NOT DIVIDED,NO CONTROLS,FAILING TO YIELD RIGHT-OF-WAY,FAILING TO YIELD RIGHT-OF-WAY,0,0,0,0,16,3,12,2317,IRVING PARK RD,41.961791,-87.57721,12/01/2015 04:14:00 PM,2015
CR00013164,07/02/2018 10:59:00 PM,45,CLEAR,DAYLIGHT,ANGLE,DIVIDED - W/MEDIAN (NOT RAISED),UNKNOWN,UNABLE TO DETERMINE,FOLLOWING TOO CLOSELY,0,0,0,0,22,2,7,1398,FULLERTON AVE,41.794322,-87.645731,07/03/2018 12:00:00 AM,2018
CR00013165,04/05/2022 06:53:00 PM,15,RAIN,DAYLIGHT,ANGLE,ONE-WAY,TRAFFIC SIGNAL,FAILING TO YIELD RIGHT-OF-WAY,IMPROPER OVERTAKING/PASSING,0,0,0,0,18,3,4,837,BROADWAY,41.98991,-87.703401,04/05/2022 08:01:00 PM,2022
CR00013166,02/23/2023 01:42:00 PM,30,CLEAR,DARKNESS,REAR END,NOT DIVIDED,TRAFFIC SIGNAL,IMPROPER OVERTAKING/PASSING,DISREGARDING TRAFFIC SIGNALS,0,0,0,0,13,5,2,1065,79TH ST,41.98034,-87.695986,02/23/2023 03:13:00 PM,2023
CR00013167,08/01/2024 08:00:00 AM,15,SNOW,DAYLIGHT,ANGLE,DIVIDED - W/MEDIAN BARRIER,YIELD,FAILING TO YIELD RIGHT-OF-WAY,DRIVING SKILLS/KNOWLEDGE/EXPERIENCE,0,0,1,1,8,5,8,2358,MILWAUKEE AVE,41.720333,-87.828692,08/01/2024 08:41:00 AM,2024
CR00013168,06/27/2022 04:24:00 PM,15,CLEAR,DAYLIGHT,TURNING,DIVIDED - W/MEDIAN (NOT RAISED),TRAFFIC SIGNAL,UNABLE TO DETERMINE,NOT APPLICABLE,0,0,0,0,16,2,6,742,ASHLAND AVE,41.980774,-87.625548,06/27/2022 05:41:00 PM,2022
CR00013169,02/27/2017 10:10:00 PM,30,CLEAR,DAYLIGHT,TURNING,NOT DIVIDED,NO CONTROLS,UNABLE TO DETERMINE,FAILING TO YIELD RIGHT-OF-WAY,0,2,1,3,22,2,2,240,FULLERTON AVE,41.722371,-87.693302,02/27/2017 10:37:00 PM,2017
CR00013170,12/01/2021 02:28:00 PM,25,CLEAR,DAYLIGHT,SIDESWIPE SAME DIRECTION,NOT DIVIDED,NO CONTROLS,FOLLOWING TOO CLOSELY,UNABLE TO DETERMINE,0,0,0,0,14,4,12,1054,WESTERN AVE,41.710356,-87.740712,12/01/2021 03:05:00 PM,2021
CR00013171,04/23/2024 11:40:00 PM,30,CLEAR,DAYLIGHT,ANGLE,NOT DIVIDED,TRAFFIC SIGNAL,DRIVING SKILLS/KNOWLEDGE/EXPERIENCE,DISREGARDING TRAFFIC SIGNALS,0,0,0,0,23,3,4,185,ARCHER AVE,41.990809,-87.736039,04/24/2024 12:13:00 AM,2024
CR00013172,11/22/2023 06:15:00 PM,20,CLEAR,DAYLIGHT,FIXED OBJECT,NOT DIVIDED,NO CONTROLS,FOLLOWING TOO CLOSELY,UNABLE TO DETERMINE,0,0,0,0,18,4,11,2114,MILWAUKEE AVE,41.938748,-87.822861,11/22/2023 07:34:00 PM,2023
CR00013173,07/16/2015 03:59:00 PM,35,CLEAR,DARKNESS - LIGHTED ROAD,PARKED MOTOR VEHICLE,NOT DIVIDED,NO CONTROLS,UNABLE TO DETERMINE,FAILING TO YIELD RIGHT-OF-WAY,0,0,0,0,15,5,7,650,DIVISION ST,41.998507,-87.83766,07/16/2015 05:11:00 PM,2015
CR00013174,03/29/2015 10:58:00 PM,35,RAIN,DAYLIGHT,TURNING,DIVIDED - W/MEDIAN BARRIER,PEDESTRIAN CROSSING SIGN,FAILING TO REDUCE SPEED,UNABLE TO DETERMINE,0,0,0,0,22,1,3,1552,ARCHER AVE,41.944707,-87.656507,03/30/2015 12:36:00 AM,2015
CR00013175,03/21/2022 10:53:00 PM,40,CLOUDY/OVERCAST,DAYLIGHT,REAR END,DIVIDED - W/MEDIAN (NOT RAISED),NO CONTROLS,DRIVING SKILLS/KNOWLEDGE/EXPERIENCE,FAILING TO YIELD RIGHT-OF-WAY,0,0,0,0,22,2,3,115,STATE ST,41.940544,-87.845387,03/21/2022 11:19:00 PM,2022
CR00013176,01/02/2022 01:50:00 AM,30,CLEAR,DAYLIGHT,TURNING,DIVIDED - W/MEDIAN (NOT RAISED),UNKNOWN,FAILING TO REDUCE SPEED,NOT APPLICABLE,0,0,0,0,1,1,1,164,ARCHER AVE,41.816357,-87.721174,01/02/2022 01:52:00 AM,2022
CR00013177,07/11/2024 01:35:00 PM,35,CLEAR,DAWN,TURNING,T-INTERSECTION,NO CONTROLS,IMPROPER OVERTAKING/PASSING,IMPROPER LANE USAGE,0,0,0,0,13,5,7,307,HALSTED ST,41.933624,-87.688037,07/11/2024 02:39:00 PM,2024
CR00013178,04/09/2024 06:29:00 PM,35,CLEAR,DAYLIGHT,ANGLE,ONE-WAY,NO CONTROLS,FOLLOWING TOO CLOSELY,DISREGARDING TRAFFIC SIGNALS,0,0,0,0,18,3,4,1695,63RD ST,41.835004,-87.540103,04/09/2024 07:18:00 PM,2024
CR00013179,08/09/2018 04:12:00 PM,15,CLEAR,DUSK,ANGLE,DIVIDED - W/MEDIAN (NOT RAISED),STOP SIGN/FLASHER,FOLLOWING TOO CLOSELY,FOLLOWING TOO CLOSELY,0,0,0,0,16,5,8,1512,DAMEN AVE,41.758035,-87.762927,08/09/2018 05:00:00 PM,2018