CRASH_RECORD_ID,CRASH_DATE,POSTED_SPEED_LIMIT,WEATHER_CONDITION,LIGHTING_CONDITION,FIRST_CRASH_TYPE,TRAFFICWAY_TYPE,TRAFFIC_CONTROL_DEVICE,PRIM_CONTRIBUTORY_CAUSE,SEC_CONTRIBUTORY_CAUSE,INJURIES_FATAL,INJURIES_INCAPACITATING,INJURIES_NON_INCAPACITATING,INJURIES_TOTAL,CRASH_HOUR,CRASH_DAY_OF_WEEK,CRASH_MONTH,BEAT_OF_OCCURRENCE,STREET_NAME,LATITUDE,LONGITUDE,DATE_POLICE_NOTIFIED,year
CR00013180,09/25/2019 08:52:00 AM,20,CLOUDY/OVERCAST,DARKNESS - LIGHTED ROAD,ANGLE,DIVIDED - W/MEDIAN (NOT RAISED),NO CONTROLS,DRIVING SKILLS/KNOWLEDGE/EXPERIENCE,UNABLE TO DETERMINE,0,0,0,0,8,4,9,487,CALIFORNIA AVE,41.725872,-87.550032,09/25/2019 10:50:00 AM,2019
CR00013181,01/12/2020 06:58:00 AM,30,CLOUDY/OVERCAST,DUSK,TURNING,ONE-WAY,TRAFFIC SIGNAL,IMPROPER OVERTAKING/PASSING,UNABLE TO DETERMINE,0,0,0,0,6,1,1,1959,ARCHER AVE,41.946372,-87.593684,01/12/2020 08:06:00 AM,2020
CR00013182,01/07/2020 07:43:00 AM,25,CLEAR,DAYLIGHT,REAR END,FOUR WAY,STOP SIGN/FLASHER,FOLLOWING TOO CLOSELY,UNABLE TO DETERMINE,0,0,0,0,7,3,1,1125,ASHLAND AVE,41.750469,-87.556882,01/07/2020 09:10:00 AM,2020
CR00013183,12/19/2020 10:57:00 AM,25,CLEAR,DAYLIGHT,TURNING,NOT DIVIDED,NO CONTROLS,FOLLOWING TOO CLOSELY,FOLLOWING TOO CLOSELY,0,0,0,0,10,7,12,642,47TH ST,41.713593,-87.759218,12/19/2020 11:38:00 AM,2020
CR00013184,07/19/2017 07:48:00 AM,25,CLEAR,DARKNESS - LIGHTED ROAD,SIDESWIPE SAME DIRECTION,NOT DIVIDED,TRAFFIC SIGNAL,IMPROPER OVERTAKING/PASSING,DISREGARDING TRAFFIC SIGNALS,0,0,0,0,7,4,7,481,ARCHER AVE,41.913413,-87.702256,07/19/2017 09:03:00 AM,2017
CR00013185,01/25/2021 11:45:00 AM,25,RAIN,DAYLIGHT,SIDESWIPE SAME DIRECTION,NOT DIVIDED,STOP SIGN/FLASHER,IMPROPER LANE USAGE,DISTRACTION - FROM INSIDE VEHICLE,0,0,0,0,11,2,1,313,FULLERTON AVE,41.83938,-87.661003,01/25/2021 01:10:00 PM,2021
CR00013186,04/16/2023 07:33:00 AM,35,CLEAR,DARKNESS - LIGHTED ROAD,REAR END,NOT DIVIDED,STOP SIGN/FLASHER,FAILING TO YIELD RIGHT-OF-WAY,FOLLOWING TOO CLOSELY,0,0,2,2,7,1,4,111,LAKE SHORE DR,41.722854,-87.673993,04/16/2023 09:33:00 AM,2023
CR00013187,12/04/2023 12:53:00 PM,15,CLOUDY/OVERCAST,DAYLIGHT,FIXED OBJECT,NOT DIVIDED,NO CONTROLS,UNABLE TO DETERMINE,UNABLE TO DETERMINE,0,1,3,4,12,2,12,1127,ROOSEVELT RD,41.803637,-87.506874,12/04/2023 02:14:00 PM,2023
CR00013188,03/15/2017 11:28:00 AM,15,RAIN,DAYLIGHT,SIDESWIPE SAME DIRECTION,FOUR WAY,NO CONTROLS,DISREGARDING TRAFFIC SIGNALS,FOLLOWING TOO CLOSELY,0,0,1,1,11,4,3,1215,STONY ISLAND AVE,41.907556,-87.539729,03/15/2017 01:12:00 PM,2017
CR00013189,06/12/2018 12:20:00 PM,40,CLEAR,DARKNESS,PARKED MOTOR VEHICLE,DIVIDED - W/MEDIAN (NOT RAISED),TRAFFIC SIGNAL,UNABLE TO DETERMINE,DRIVING SKILLS/KNOWLEDGE/EXPERIENCE,0,0,0,0,12,3,6,1074,47TH ST,41.861728,-87.824431,06/12/2018 01:41:00 PM,2018
CR00013190,12/01/2018 04:31:00 PM,25,CLEAR,DAYLIGHT,PARKED MOTOR VEHICLE,ONE-WAY,TRAFFIC SIGNAL,UNABLE TO DETERMINE,DISTRACTION - FROM INSIDE VEHICLE,0,0,3,3,16,7,12,1552,47TH ST,41.938464,-87.721605,12/01/2018 06:13:00 PM,2018
CR00013191,09/14/2022 03:36:00 PM,35,CLEAR,DARKNESS - LIGHTED ROAD,TURNING,NOT DIVIDED,TRAFFIC SIGNAL,FOLLOWING TOO CLOSELY,DISTRACTION - FROM INSIDE VEHICLE,0,0,0,0,15,4,9,2164,DIVISION ST,41.700557,-87.696445,09/14/2022 05:15:00 PM,2022
CR00013192,07/13/2022 05:36:00 PM,30,CLEAR,DARKNESS - LIGHTED ROAD,REAR END,FOUR WAY,TRAFFIC SIGNAL,FAILING TO REDUCE SPEED,IMPROPER LANE USAGE,0,0,0,0,17,4,7,1771,DAMEN AVE,41.754883,-87.787379,07/13/2022 07:14:00 PM,2022
CR00013193,10/08/2019 07:28:00 AM,30,CLOUDY/OVERCAST,DAYLIGHT,PARKED MOTOR VEHICLE,NOT DIVIDED,STOP SIGN/FLASHER,FOLLOWING TOO CLOSELY,DISREGARDING TRAFFIC SIGNALS,0,0,1,1,7,3,10,264,FULLERTON AVE,41.865409,-87.547229,10/08/2019 07:54:00 AM,2019
CR00013194,09/24/2022 11:55:00 AM,35,CLEAR,DARKNESS - LIGHTED ROAD,PEDESTRIAN,NOT DIVIDED,NO CONTROLS,FOLLOWING TOO CLOSELY,UNABLE TO DETERMINE,0,0,0,0,11,7,9,326,OGDEN AVE,41.84834,-87.719209,09/24/2022 01:52:00 PM,2022
CR00013195,03/17/2023 06:15:00 PM,45,CLEAR,DARKNESS,FIXED OBJECT,NOT DIVIDED,TRAFFIC SIGNAL,FOLLOWING TOO CLOSELY,NOT APPLICABLE,0,0,0,0,18,6,3,1869,CLARK ST,41.849692,-87.58871,03/17/2023 07:30:00 PM,2023
CR00013196,07/27/2024 02:20:00 PM,40,CLEAR,DAYLIGHT,REAR END,ONE-WAY,TRAFFIC SIGNAL,UNABLE TO DETERMINE,DRIVING SKILLS/KNOWLEDGE/EXPERIENCE,0,0,0,0,14,7,7,810,ARCHER AVE,41.801129,-87.776642,07/27/2024 02:22:00 PM,2024
CR00013197,10/12/2021 12:25:00 PM,20,CLOUDY/OVERCAST,DARKNESS,REAR END,ONE-WAY,TRAFFIC SIGNAL,DRIVING SKILLS/KNOWLEDGE/EXPERIENCE,UNABLE TO DETERMINE,0,0,0,0,12,3,10,256,CALIFORNIA AVE,41.932543,-87.581984,10/12/2021 02:17:00 PM,2021
CR00013198,07/16/2018 03:38:00 PM,40,CLEAR,DAYLIGHT,PEDESTRIAN,NOT DIVIDED,TRAFFIC SIGNAL,FAILING TO YIELD RIGHT-OF-WAY,FAILING TO REDUCE SPEED,0,0,0,0,15,2,7,630,DAMEN AVE,41.727,-87.815431,07/16/2018 03:52:00 PM,2018
CR00013199,10/24/2018 02:20:00 AM,30,CLEAR,DAYLIGHT,ANGLE,FOUR WAY,TRAFFIC SIGNAL,DRIVING SKILLS/KNOWLEDGE/EXPERIENCE,NOT APPLICABLE,0,0,0,0,2,4,10,2382,HALSTED ST,41.918905,-87.847418,10/24/2018 02:37:00 AM,2018
CR00013200,04/21/2018 03:32:00 PM,30,CLEAR,DARKNESS - LIGHTED ROAD,PARKED MOTOR VEHICLE,DIVIDED - W/MEDIAN (NOT RAISED),NO CONTROLS,DRIVING SKILLS/KNOWLEDGE/EXPERIENCE,UNABLE TO DETERMINE,0,0,0,0,15,7,4,1774,CALIFORNIA AVE,41.827305,-87.538601,04/21/2018 04:15:00 PM,2018
CR00013201,08/08/2020 03:08:00 PM,45,CLEAR,DAYLIGHT,REAR END,DIVIDED - W/MEDIAN (NOT RAISED),NO CONTROLS,FAILING TO YIELD RIGHT-OF-WAY,NOT APPLICABLE,0,0,1,1,15,7,8,513,DAMEN AVE,41.805422,-87.624079,08/08/2020 04:53:00 PM,2020
CR00013202,06/26/2015 07:51:00 PM,25,CLEAR,DARKNESS - LIGHTED ROAD,TURNING,NOT DIVIDED,NO CONTROLS,IMPROPER OVERTAKING/PASSING,FAILING TO REDUCE SPEED,0,0,1,1,19,6,6,952,FULLERTON AVE,41.892285,-87.537844,06/26/2015 08:53:00 PM,2015
CR00013203,11/06/2018 07:24:00 AM,35,RAIN,DAYLIGHT,SIDESWIPE SAME DIRECTION,DIVIDED - W/MEDIAN BARRIER,NO CONTROLS,IMPROPER LANE USAGE,FAILING TO YIELD RIGHT-OF-WAY,0,0,0,0,7,3,11,145,BROADWAY,41.847454,-87.693408,11/06/2018 08:39:00 AM,2018
CR00013204,09/14/2021 09:50:00 AM,30,RAIN,DARKNESS - LIGHTED ROAD,ANGLE,NOT DIVIDED,STOP SIGN/FLASHER,WEATHER,FOLLOWING TOO CLOSELY,0,0,0,0,9,3,9,2363,LAKE SHORE DR,41.952972,-87.843424,09/14/2021 11:50:00 AM,2021
CR00013205,07/15/2016 07:16:00 PM,15,CLEAR,DAYLIGHT,SIDESWIPE SAME DIRECTION,NOT DIVIDED,NO CONTROLS,UNABLE TO DETERMINE,FOLLOWING TOO CLOSELY,0,0,0,0,19,6,7,2162,STONY ISLAND AVE,41.919009,-87.78996,07/15/2016 08:52:00 PM,2016
CR00013206,09/11/2019 03:57:00 AM,30,CLEAR,DAYLIGHT,ANGLE,NOT DIVIDED,TRAFFIC SIGNAL,FAILING TO YIELD RIGHT-OF-WAY,UNABLE TO DETERMINE,0,0,0,0,3,4,9,2369,WESTERN AVE,41.920761,-87.698102,09/11/2019 05:11:00 AM,2019
CR00013207,09/09/2020 10:26:00 AM,30,RAIN,DAYLIGHT,REAR TO FRONT,DIVIDED - W/MEDIAN (NOT RAISED),STOP SIGN/FLASHER,FOLLOWING TOO CLOSELY,UNABLE TO DETERMINE,0,0,0,0,10,4,9,523,IRVING PARK RD,41.798437,-87.732227,09/09/2020 10:59:00 AM,2020
CR00013208,05/23/2023 04:31:00 PM,25,CLEAR,DARKNESS - LIGHTED ROAD,FIXED OBJECT,NOT DIVIDED,TRAFFIC SIGNAL,FAILING TO YIELD RIGHT-OF-WAY,IMPROPER OVERTAKING/PASSING,0,1,1,2,16,3,5,899,STATE ST,41.99926,-87.712804,05/23/2023 04:40:00 PM,2023
CR00013209,01/30/2024 12:15:00 PM,30,CLEAR,DAYLIGHT,ANGLE,ONE-WAY,NO CONTROLS,FOLLOWING TOO CLOSELY,FAILING TO YIELD RIGHT-OF-WAY,0,1,2,3,12,3,1,2507,OGDEN AVE,41.985552,-87.536793,01/30/2024 01:44:00 PM,2024
CR00013210,08/30/2023 12:53:00 AM,15,CLEAR,DARKNESS - LIGHTED ROAD,REAR END,NOT DIVIDED,TRAFFIC SIGNAL,UNABLE TO DETERMINE,UNABLE TO DETERMINE,0,0,0,0,0,4,8,2303,CALIFORNIA AVE,41.99216,-87.627797,08/30/2023 02:29:00 AM,2023
CR00013211,01/18/2023 05:46:00 PM,30,CLEAR,DAWN,REAR END,DIVIDED - W/MEDIAN (NOT RAISED),TRAFFIC SIGNAL,DRIVING SKILLS/KNOWLEDGE/EXPERIENCE,UNABLE TO DETERMINE,0,0,1,1,17,4,1,1620,OGDEN AVE,41.900067,-87.591564,01/18/2023 06:58:00 PM,2023
CR00013212,01/28/2023 08:23:00 PM,45,CLEAR,DUSK,REAR END,NOT DIVIDED,UNKNOWN,FOLLOWING TOO CLOSELY,DRIVING SKILLS/KNOWLEDGE/EXPERIENCE,0,0,0,0,20,7,1,480,FULLERTON AVE,41.76606,-87.782585,01/28/2023 08:54:00 PM,2023
CR00013213,03/03/2021 04:41:00 PM,30,SNOW,DAYLIGHT,TURNING,ONE-WAY,YIELD,FOLLOWING TOO CLOSELY,FOLLOWING TOO CLOSELY,0,0,0,0,16,4,3,1115,FULLERTON AVE,41.936551,-87.689422,03/03/2021 06:06:00 PM,2021
CR00013214,10/03/2018 07:22:00 AM,25,FOG/SMOKE/HAZE,DAYLIGHT,REAR END,NOT DIVIDED,TRAFFIC SIGNAL,FOLLOWING TOO CLOSELY,NOT APPLICABLE,0,0,0,0,7,4,10,1461,CICERO AVE,41.839905,-87.744098,10/03/2018 08:43:00 AM,2018
CR00013215,12/18/2021 12:31:00 PM,15,CLEAR,DARKNESS - LIGHTED ROAD,REAR END,DIVIDED - W/MEDIAN BARRIER,TRAFFIC SIGNAL,FOLLOWING TOO CLOSELY,FAILING TO YIELD RIGHT-OF-WAY,0,0,1,1,12,7,12,467,KEDZIE AVE,41.942023,-87.580598,12/18/2021 02:25:00 PM,2021
CR00013216,08/29/2024 04:28:00 PM,30,CLEAR,DARKNESS - LIGHTED ROAD,PARKED MOTOR VEHICLE,DIVIDED - W/MEDIAN (NOT RAISED),STOP SIGN/FLASHER,DRIVING SKILLS/KNOWLEDGE/EXPERIENCE,IMPROPER OVERTAKING/PASSING,0,0,0,0,16,5,8,1158,OGDEN AVE,41.749899,-87.667798,08/29/2024 04:53:00 PM,2024
CR00013217,10/27/2023 12:02:00 PM,15,CLEAR,DAYLIGHT,REAR TO FRONT,NOT DIVIDED,STOP SIGN/FLASHER,IMPROPER OVERTAKING/PASSING,FAILING TO YIELD RIGHT-OF-WAY,0,0,1,1,12,6,10,2151,47TH ST,41.887109,-87.831771,10/27/2023 12:53:00 PM,2023
CR00013218,09/15/2019 12:15:00 PM,30,CLEAR,DAYLIGHT,PARKED MOTOR VEHICLE,ONE-WAY,UNKNOWN,UNABLE TO DETERMINE,NOT APPLICABLE,0,0,0,0,12,1,9,616,CLARK ST,41.983116,-87.719693,09/15/2019 01:13:00 PM,2019
CR00013219,09/21/2021 08:11:00 AM,45,CLOUDY/OVERCAST,DAYLIGHT,REAR END,NOT DIVIDED,STOP SIGN/FLASHER,UNABLE TO DETERMINE,UNABLE TO DETERMINE,0,1,2,3,8,3,9,1423,ARCHER AVE,41.754611,-87.644092,09/21/2021 08:31:00 AM,2021
CR00013220,05/05/2018 08:19:00 AM,15,CLEAR,DARKNESS - LIGHTED ROAD,REAR END,ONE-WAY,TRAFFIC SIGNAL,UNABLE TO DETERMINE,FAILING TO REDUCE SPEED,0,0,0,0,8,7,5,1165,ARCHER AVE,41.881062,-87.662741,05/05/2018 09:45:00 AM,2018
CR00013221,07/28/2015 09:42:00 AM,30,RAIN,DARKNESS - LIGHTED ROAD,REAR END,NOT DIVIDED,STOP SIGN/FLASHER,IMPROPER LANE USAGE,FOLLOWING TOO CLOSELY,0,0,0,0,9,3,7,1210,47TH ST,41.777099,-87.766251,07/28/2015 11:09:00 AM,2015
CR00013222,10/26/2016 04:36:00 PM,20,CLEAR,DUSK,TURNING,NOT DIVIDED,NO CONTROLS,IMPROPER LANE USAGE,UNABLE TO DETERMINE,0,0,0,0,16,4,10,2413,BROADWAY,41.922294,-87.636787,10/26/2016 05:26:00 PM,2016
CR00013223,07/03/2015 06:03:00 PM,35,CLEAR,DARKNESS,TURNING,DIVIDED - W/MEDIAN (NOT RAISED),UNKNOWN,IMPROPER OVERTAKING/PASSING,FAILING TO REDUCE SPEED,0,0,0,0,18,6,7,2168,KEDZIE AVE,41.914798,-87.624356,07/03/2015 06:55:00 PM,2015
CR00013224,06/12/2019 03:41:00 PM,30,CLEAR,DAYLIGHT,TURNING,FOUR WAY,NO CONTROLS,DRIVING SKILLS/KNOWLEDGE/EXPERIENCE,FAILING TO REDUCE SPEED,0,0,0,0,15,4,6,255,CALIFORNIA AVE,41.901282,-87.735583,06/12/2019 03:46:00 PM,2019
CR00013225,10/30/2015 09:29:00 AM,45,CLEAR,DAYLIGHT,ANGLE,DIVIDED - W/MEDIAN (NOT RAISED),NO CONTROLS,DISTRACTION - FROM INSIDE VEHICLE,UNABLE TO DETERMINE,0,0,0,0,9,6,10,373,ELSTON AVE,41.85593,-87.743534,10/30/2015 10:59:00 AM,2015
CR00013226,11/03/2022 12:48:00 PM,35,RAIN,DAYLIGHT,TURNING,FOUR WAY,STOP SIGN/FLASHER,FAILING TO REDUCE SPEED,NOT APPLICABLE,0,0,1,1,12,5,11,585,BROADWAY,41.769665,-87.837444,11/03/2022 12:52:00 PM,2022
CR00013227,12/11/2017 07:49:00 AM,25,CLEAR,DAYLIGHT,PARKED MOTOR VEHICLE,NOT DIVIDED,TRAFFIC SIGNAL,IMPROPER LANE USAGE,IMPROPER LANE USAGE,0,0,0,0,7,2,12,2388,63RD ST,41.725495,-87.528339,12/11/2017 08:26:00 AM,2017
CR00013228,01/25/2015 02:08:00 AM,30,CLEAR,DAYLIGHT,REAR TO FRONT,DIVIDED - W/MEDIAN BARRIER,NO CONTROLS,IMPROPER OVERTAKING/PASSING,FAILING TO REDUCE SPEED,0,0,0,0,2,1,1,362,63RD ST,41.940724,-87.572212,01/25/2015 02:25:00 AM,2015
CR00013229,05/03/2021 12:08:00 PM,25,CLEAR,DARKNESS - LIGHTED ROAD,REAR END,NOT DIVIDED,TRAFFIC SIGNAL,FAILING TO REDUCE SPEED,FOLLOWING TOO CLOSELY,0,0,0,0,12,2,5,2076,FULLERTON AVE,41.855907,-87.683429,05/03/2021 01:55:00 PM,2021
CR00013230,03/25/2021 06:41:00 AM,35,CLEAR,DAYLIGHT,TURNING,T-INTERSECTION,NO CONTROLS,UNABLE TO DETERMINE,UNABLE TO DETERMINE,0,0,0,0,6,5,3,1404,WESTERN AVE,41.985595,-87.56319,03/25/2021 07:37:00 AM,2021
CR00013231,04/28/2015 03:30:00 PM,25,RAIN,DAYLIGHT,REAR END,DIVIDED - W/MEDIAN (NOT RAISED),UNKNOWN,DISREGARDING TRAFFIC SIGNALS,NOT APPLICABLE,0,0,0,0,15,3,4,657,MICHIGAN AVE,41.835905,-87.507789,04/28/2015 04:50:00 PM,2015
CR00013232,08/03/2020 11:18:00 AM,30,CLEAR,DAYLIGHT,SIDESWIPE SAME DIRECTION,DIVIDED - W/MEDIAN BARRIER,NO CONTROLS,FOLLOWING TOO CLOSELY,NOT APPLICABLE,0,0,0,0,11,2,8,2381,LAKE SHORE DR,41.947005,-87.511283,08/03/2020 11:19:00 AM,2020
CR00013233,10/18/2015 10:59:00 AM,45,CLEAR,DAYLIGHT,REAR TO FRONT,DIVIDED - W/MEDIAN (NOT RAISED),NO CONTROLS,UNABLE TO DETERMINE,UNABLE TO DETERMINE,0,0,0,0,10,1,10,2478,OGDEN AVE,41.849866,-87.795363,10/18/2015 11:21:00 AM,2015
CR00013234,08/13/2022 06:35:00 PM,35,CLEAR,DARKNESS,ANGLE,FOUR WAY,UNKNOWN,FAILING TO REDUCE SPEED,FOLLOWING TOO CLOSELY,0,0,1,1,18,7,8,1994,OGDEN AVE,41.880194,-87.645395,08/13/2022 06:41:00 PM,2022
CR00013235,07/06/2019 06:58:00 PM,15,CLEAR,DAYLIGHT,ANGLE,ONE-WAY,NO CONTROLS,FOLLOWING TOO CLOSELY,DRIVING SKILLS/KNOWLEDGE/EXPERIENCE,0,0,1,1,18,7,7,405,WESTERN AVE,41.775088,-87.837297,07/06/2019 07:01:00 PM,2019
CR00013236,09/22/2021 04:39:00 PM,15,CLEAR,DAYLIGHT,FIXED OBJECT,NOT DIVIDED,UNKNOWN,FAILING TO YIELD RIGHT-OF-WAY,UNABLE TO DETERMINE,0,0,0,0,16,4,9,2254,79TH ST,41.741632,-87.760386,09/22/2021 05:44:00 PM,2021
CR00013237,08/19/2017 07:47:00 AM,35,CLEAR,DAYLIGHT,SIDESWIPE SAME DIRECTION,ONE-WAY,NO CONTROLS,UNABLE TO DETERMINE,UNABLE TO DETERMINE,0,0,0,0,7,7,8,1809,ROOSEVELT RD,41.852539,-87.734344,08/19/2017 09:29:00 AM,2017
CR00013238,07/24/2019 07:35:00 PM,40,CLOUDY/OVERCAST,DAYLIGHT,TURNING,NOT DIVIDED,STOP SIGN/FLASHER,FOLLOWING TOO CLOSELY,DRIVING SKILLS/KNOWLEDGE/EXPERIENCE,0,0,1,1,19,4,7,2244,PULASKI RD,41.969872,-87.583967,07/24/2019 08:50:00 PM,2019
CR00013239,02/13/2016 08:26:00 AM,30,FOG/SMOKE/HAZE,DARKNESS - LIGHTED ROAD,TURNING,NOT DIVIDED,TRAFFIC SIGNAL,UNABLE TO DETERMINE,IMPROPER LANE USAGE,0,0,0,0,8,7,2,2132,PULASKI RD,41.755908,-87.61203,02/13/2016 10:24:00 AM,2016
CR00013240,03/21/2020 08:29:00 PM,20,CLEAR,DAYLIGHT,REAR END,ONE-WAY,TRAFFIC SIGNAL,DISTRACTION - FROM INSIDE VEHICLE,NOT APPLICABLE,0,0,0,0,20,7,3,1521,STONY ISLAND AVE,41.980601,-87.819338,03/21/2020 09:12:00 PM,2020
CR00013241,11/14/2018 04:36:00 PM,30,FREEZING RAIN/DRIZZLE,DAYLIGHT,REAR END,NOT DIVIDED,TRAFFIC SIGNAL,UNABLE TO DETERMINE,NOT APPLICABLE,0,0,0,0,16,4,11,1926,CLARK ST,41.7954,-87.537736,11/14/2018 05:15:00 PM,2018
CR00013242,01/04/2022 11:04:00 AM,30,CLEAR,DAYLIGHT,REAR END,NOT DIVIDED,NO CONTROLS,UNABLE TO DETERMINE,DRIVING SKILLS/KNOWLEDGE/EXPERIENCE,0,0,0,0,11,3,1,1158,STATE ST,41.866857,-87.588819,01/04/2022 12:48:00 PM,2022
CR00013243,02/05/2017 08:12:00 AM,40,CLEAR,DAYLIGHT,TURNING,NOT DIVIDED,TRAFFIC SIGNAL,UNABLE TO DETERMINE,UNABLE TO DETERMINE,0,0,0,0,8,1,2,1446,CLARK ST,41.771277,-87.749687,02/05/2017 08:47:00 AM,2017
CR00013244,02/13/2016 05:29:00 PM,35,CLEAR,DAYLIGHT,PARKED MOTOR VEHICLE,ONE-WAY,STOP SIGN/FLASHER,FAILING TO YIELD RIGHT-OF-WAY,DRIVING SKILLS/KNOWLEDGE/EXPERIENCE,0,0,2,2,17,7,2,1475,ARCHER AVE,41.75284,-87.745392,02/13/2016 05:47:00 PM,2016
CR00013245,06/29/2015 06:53:00 PM,45,CLEAR,DARKNESS - LIGHTED ROAD,REAR END,NOT DIVIDED,UNKNOWN,UNABLE TO DETERMINE,IMPROPER LANE USAGE,0,0,0,0,18,2,6,1685,LAKE SHORE DR,41.779211,-87.841705,06/29/2015 08:40:00 PM,2015
CR00013246,08/18/2024 04:59:00 PM,30,FOG/SMOKE/HAZE,DAYLIGHT,ANGLE,NOT DIVIDED,NO CONTROLS,FAILING TO YIELD RIGHT-OF-WAY,FAILING TO REDUCE SPEED,0,0,2,2,16,1,8,1384,IRVING PARK RD,41.984629,-87.787303,08/18/2024 06:27:00 PM,2024
CR00013247,12/02/2017 08:04:00 AM,25,RAIN,DAYLIGHT,REAR END,DIVIDED - W/MEDIAN BARRIER,NO CONTROLS,DISTRACTION - FROM INSIDE VEHICLE,UNABLE TO DETERMINE,0,0,0,0,8,7,12,1363,STATE ST,41.895683,-87.659725,12/02/2017 09:04:00 AM,2017
CR00013248,06/16/2021 02:30:00 PM,35,SNOW,DAWN,SIDESWIPE SAME DIRECTION,NOT DIVIDED,PEDESTRIAN CROSSING SIGN,DRIVING SKILLS/KNOWLEDGE/EXPERIENCE,UNABLE TO DETERMINE,0,0,0,0,14,4,6,320,KEDZIE AVE,41.796825,-87.504472,06/16/2021 02:31:00 PM,2021
CR00013249,05/02/2015 01:51:00 PM,30,CLEAR,DAYLIGHT,PARKED MOTOR VEHICLE,DIVIDED - W/MEDIAN (NOT RAISED),TRAFFIC SIGNAL,IMPROPER LANE USAGE,FOLLOWING TOO CLOSELY,0,1,3,4,13,7,5,185,DAMEN AVE,41.774021,-87.561915,05/02/2015 03:10:00 PM,2015
CR00013250,11/15/2021 12:42:00 AM,45,CLEAR,DAYLIGHT,TURNING,DIVIDED - W/MEDIAN (NOT RAISED),NO CONTROLS,FOLLOWING TOO CLOSELY,UNABLE TO DETERMINE,0,0,0,0,0,2,11,410,ARCHER AVE,41.9427,-87.818878,11/15/2021 01:26:00 AM,2021
CR00013251,05/20/2019 02:01:00 PM,20,CLEAR,DARKNESS - LIGHTED ROAD,PARKED MOTOR VEHICLE,DIVIDED - W/MEDIAN (NOT RAISED),NO CONTROLS,FAILING TO REDUCE SPEED,FAILING TO YIELD RIGHT-OF-WAY,0,0,3,3,14,2,5,1224,KEDZIE AVE,41.872007,-87.802657,05/20/2019 02:45:00 PM,2019
CR00013252,02/03/2017 04:41:00 AM,40,FREEZING RAIN/DRIZZLE,DARKNESS - LIGHTED ROAD,TURNING,DIVIDED - W/MEDIAN (NOT RAISED),NO CONTROLS,UNABLE TO DETERMINE,DISREGARDING TRAFFIC SIGNALS,0,0,1,1,4,6,2,2135,BROADWAY,41.741965,-87.737097,02/03/2017 06:03:00 AM,2017
CR00013253,07/07/2022 09:00:00 PM,35,RAIN,DARKNESS - LIGHTED ROAD,ANGLE,NOT DIVIDED,TRAFFIC SIGNAL,UNABLE TO DETERMINE,UNABLE TO DETERMINE,0,0,0,0,21,5,7,153,63RD ST,41.980437,-87.760905,07/07/2022 10:43:00 PM,2022
CR00013254,01/30/2015 02:43:00 PM,30,CLEAR,DAYLIGHT,SIDESWIPE SAME DIRECTION,DIVIDED - W/MEDIAN (NOT RAISED),NO CONTROLS,UNABLE TO DETERMINE,DISREGARDING TRAFFIC SIGNALS,0,0,0,0,14,6,1,158,MICHIGAN AVE,41.716196,-87.535691,01/30/2015 02:56:00 PM,2015
CR00013255,06/20/2022 05:43:00 PM,20,SNOW,DARKNESS - LIGHTED ROAD,REAR END,NOT DIVIDED,YIELD,FOLLOWING TOO CLOSELY,FAILING TO YIELD RIGHT-OF-WAY,0,0,0,0,17,2,6,2082,KEDZIE AVE,41.860094,-87.51378,06/20/2022 06:29:00 PM,2022
CR00013256,04/17/2018 10:22:00 PM,25,CLEAR,DUSK,TURNING,DIVIDED - W/MEDIAN (NOT RAISED),STOP SIGN/FLASHER,UNABLE TO DETERMINE,IMPROPER LANE USAGE,0,0,0,0,22,3,4,2044,DAMEN AVE,41.933448,-87.802791,04/17/2018 11:40:00 PM,2018
CR00013257,03/21/2024 02:53:00 PM,45,CLEAR,DAYLIGHT,REAR END,DIVIDED - W/MEDIAN BARRIER,NO CONTROLS,UNABLE TO DETERMINE,NOT APPLICABLE,0,0,0,0,14,5,3,1021,63RD ST,41.869112,-87.742055,03/21/2024 03:40:00 PM,2024
CR00013258,10/11/2024 10:21:00 AM,30,CLEAR,DARKNESS - LIGHTED ROAD,SIDESWIPE SAME DIRECTION,FOUR WAY,NO CONTROLS,UNABLE TO DETERMINE,FOLLOWING TOO CLOSELY,0,0,1,1,10,6,10,1279,DAMEN AVE,41.811424,-87.757291,10/11/2024 11:28:00 AM,2024
CR00013259,07/01/2024 11:19:00 PM,35,CLEAR,DAWN,ANGLE,NOT DIVIDED,PEDESTRIAN CROSSING SIGN,DRIVING SKILLS/KNOWLEDGE/EXPERIENCE,NOT APPLICABLE,0,0,3,3,23,2,7,2203,79TH ST,41.73262,-87.62541,07/02/2024 12:24:00 AM,2024
CR00013260,06/09/2017 03:39:00 PM,40,CLEAR,DAYLIGHT,PEDESTRIAN,DIVIDED - W/MEDIAN (NOT RAISED),STOP SIGN/FLASHER,UNABLE TO DETERMINE,FOLLOWING TOO CLOSELY,0,0,1,1,15,6,6,1236,CALIFORNIA AVE,41.790859,-87.615844,06/09/2017 03:49:00 PM,2017
CR00013261,11/29/2019 09:20:00 AM,30,CLEAR,DAYLIGHT,PARKED MOTOR VEHICLE,NOT DIVIDED,NO CONTROLS,UNABLE TO DETERMINE,UNABLE TO DETERMINE,0,0,0,0,9,6,11,1907,WESTERN AVE,41.957648,-87.769567,11/29/2019 11:20:00 AM,2019