CRASH_RECORD_ID,CRASH_DATE,POSTED_SPEED_LIMIT,WEATHER_CONDITION,LIGHTING_CONDITION,FIRST_CRASH_TYPE,TRAFFICWAY_TYPE,TRAFFIC_CONTROL_DEVICE,PRIM_CONTRIBUTORY_CAUSE,SEC_CONTRIBUTORY_CAUSE,INJURIES_FATAL,INJURIES_INCAPACITATING,INJURIES_NON_INCAPACITATING,INJURIES_TOTAL,CRASH_HOUR,CRASH_DAY_OF_WEEK,CRASH_MONTH,BEAT_OF_OCCURRENCE,STREET_NAME,LATITUDE,LONGITUDE,DATE_POLICE_NOTIFIED,year
CR00013262,06/17/2022 07:00:00 AM,15,CLEAR,DAYLIGHT,ANGLE,NOT DIVIDED,NO CONTROLS,UNABLE TO DETERMINE,NOT APPLICABLE,0,0,0,0,7,6,6,225,STONY ISLAND AVE,41.762583,-87.59366,06/17/2022 07:34:00 AM,2022
CR00013263,12/21/2015 11:54:00 AM,40,CLEAR,DAWN,TURNING,NOT DIVIDED,NO CONTROLS,UNABLE TO DETERMINE,FAILING TO REDUCE SPEED,0,0,0,0,11,2,12,2192,CALIFORNIA AVE,41.89156,-87.717247,12/21/2015 12:09:00 PM,2015
CR00013264,06/02/2020 04:20:00 PM,15,CLEAR,DARKNESS,REAR END,NOT DIVIDED,NO CONTROLS,FOLLOWING TOO CLOSELY,DRIVING SKILLS/KNOWLEDGE/EXPERIENCE,0,0,0,0,16,3,6,1056,FULLERTON AVE,41.883755,-87.790135,06/02/2020 05:45:00 PM,2020
CR00013265,03/07/2016 08:55:00 AM,20,CLEAR,DAYLIGHT,FIXED OBJECT,DIVIDED - W/MEDIAN (NOT RAISED),NO CONTROLS,IMPROPER OVERTAKING/PASSING,DISTRACTION - FROM INSIDE VEHICLE,0,1,3,4,8,2,3,1013,WESTERN AVE,41.701615,-87.598437,03/07/2016 09:57:00 AM,2016
CR00013266,10/14/2015 01:39:00 AM,40,CLEAR,DARKNESS - LIGHTED ROAD,ANGLE,ONE-WAY,TRAFFIC SIGNAL,UNABLE TO DETERMINE,UNABLE TO DETERMINE,0,2,3,5,1,4,10,243,FULLERTON AVE,41.884233,-87.810686,10/14/2015 01:40:00 AM,2015
CR00013267,03/08/2015 10:31:00 AM,35,CLOUDY/OVERCAST,DAYLIGHT,REAR END,NOT DIVIDED,STOP SIGN/FLASHER,UNABLE TO DETERMINE,WEATHER,0,0,0,0,10,1,3,1720,FULLERTON AVE,41.937851,-87.589141,03/08/2015 12:27:00 PM,2015
CR00013268,01/13/2024 02:10:00 AM,35,CLEAR,DAYLIGHT,SIDESWIPE SAME DIRECTION,FOUR WAY,STOP SIGN/FLASHER,DRIVING SKILLS/KNOWLEDGE/EXPERIENCE,FAILING TO YIELD RIGHT-OF-WAY,0,0,0,0,2,7,1,717,WESTERN AVE,41.819111,-87.700985,01/13/2024 03:20:00 AM,2024
CR00013269,10/27/2019 05:28:00 PM,30,CLEAR,DAYLIGHT,REAR END,DIVIDED - W/MEDIAN BARRIER,NO CONTROLS,FOLLOWING TOO CLOSELY,FOLLOWING TOO CLOSELY,0,0,1,1,17,1,10,2524,DIVISION ST,41.737105,-87.756024,10/27/2019 06:13:00 PM,2019
CR00013270,07/29/2023 03:04:00 AM,35,CLEAR,DAYLIGHT,PEDESTRIAN,DIVIDED - W/MEDIAN (NOT RAISED),NO CONTROLS,DISTRACTION - FROM INSIDE VEHICLE,WEATHER,0,0,0,0,3,7,7,370,47TH ST,41.985289,-87.574536,07/29/2023 04:42:00 AM,2023
CR00013271,07/23/2016 07:41:00 PM,30,CLEAR,DUSK,REAR END,NOT DIVIDED,TRAFFIC SIGNAL,DISREGARDING TRAFFIC SIGNALS,FOLLOWING TOO CLOSELY,0,0,0,0,19,7,7,1396,ELSTON AVE,41.826289,-87.783392,07/23/2016 09:01:00 PM,2016
CR00013272,03/13/2024 05:04:00 PM,15,CLEAR,DAYLIGHT,PARKED MOTOR VEHICLE,NOT DIVIDED,TRAFFIC SIGNAL,UNABLE TO DETERMINE,FOLLOWING TOO CLOSELY,0,0,0,0,17,4,3,239,79TH ST,41.906656,-87.807075,03/13/2024 06:58:00 PM,2024
CR00013273,12/07/2021 09:03:00 AM,15,CLEAR,DARKNESS - LIGHTED ROAD,REAR END,NOT DIVIDED,STOP SIGN/FLASHER,FOLLOWING TOO CLOSELY,IMPROPER LANE USAGE,0,0,0,0,9,3,12,1095,DIVISION ST,41.716484,-87.790264,12/07/2021 10:23:00 AM,2021
CR00013274,04/07/2023 09:15:00 PM,45,CLEAR,DAYLIGHT,REAR TO FRONT,NOT DIVIDED,TRAFFIC SIGNAL,FAILING TO YIELD RIGHT-OF-WAY,UNABLE TO DETERMINE,0,0,0,0,21,6,4,1435,MILWAUKEE AVE,41.952434,-87.821761,04/07/2023 10:09:00 PM,2023
CR00013275,04/14/2016 06:01:00 PM,30,CLEAR,DAYLIGHT,TURNING,ONE-WAY,STOP SIGN/FLASHER,DISTRACTION - FROM INSIDE VEHICLE,UNABLE TO DETERMINE,0,0,0,0,18,5,4,1731,LAKE SHORE DR,41.706701,-87.687876,04/14/2016 07:34:00 PM,2016
CR00013276,12/24/2021 02:54:00 AM,45,CLEAR,DARKNESS - LIGHTED ROAD,PARKED MOTOR VEHICLE,NOT DIVIDED,NO CONTROLS,UNABLE TO DETERMINE,NOT APPLICABLE,0,0,0,0,2,6,12,285,47TH ST,41.861933,-87.681862,12/24/2021 04:26:00 AM,2021
CR00013277,02/25/2019 05:29:00 PM,25,CLEAR,DAWN,ANGLE,NOT DIVIDED,TRAFFIC SIGNAL,FAILING TO YIELD RIGHT-OF-WAY,FAILING TO YIELD RIGHT-OF-WAY,0,0,0,0,17,2,2,2129,OGDEN AVE,41.751865,-87.840736,02/25/2019 06:45:00 PM,2019
CR00013278,10/08/2016 05:11:00 PM,20,CLEAR,DAYLIGHT,REAR END,NOT DIVIDED,NO CONTROLS,DISTRACTION - FROM INSIDE VEHICLE,UNABLE TO DETERMINE,0,0,0,0,17,7,10,865,47TH ST,41.954006,-87.775724,10/08/2016 05:25:00 PM,2016
CR00013279,04/06/2024 11:11:00 AM,40,CLEAR,DAYLIGHT,PEDESTRIAN,NOT DIVIDED,NO CONTROLS,DISTRACTION - FROM INSIDE VEHICLE,UNABLE TO DETERMINE,0,0,0,0,11,7,4,417,OGDEN AVE,41.852162,-87.54396,04/06/2024 01:06:00 PM,2024
CR00013280,09/25/2022 05:47:00 PM,20,RAIN,DAYLIGHT,SIDESWIPE SAME DIRECTION,DIVIDED - W/MEDIAN (NOT RAISED),NO CONTROLS,IMPROPER LANE USAGE,NOT APPLICABLE,0,0,0,0,17,1,9,869,ELSTON AVE,41.790764,-87.831975,09/25/2022 07:44:00 PM,2022
CR00013281,04/17/2021 07:42:00 AM,30,FOG/SMOKE/HAZE,DARKNESS - LIGHTED ROAD,ANGLE,ONE-WAY,NO CONTROLS,UNABLE TO DETERMINE,FOLLOWING TOO CLOSELY,0,0,1,1,7,7,4,2080,ELSTON AVE,41.888421,-87.826796,04/17/2021 08:58:00 AM,2021
CR00013282,10/24/2016 08:46:00 AM,20,CLEAR,DAYLIGHT,REAR END,NOT DIVIDED,TRAFFIC SIGNAL,FAILING TO YIELD RIGHT-OF-WAY,UNABLE TO DETERMINE,0,0,0,0,8,2,10,516,WESTERN AVE,41.911096,-87.741524,10/24/2016 10:42:00 AM,2016
CR00013283,01/15/2015 04:59:00 PM,40,RAIN,DARKNESS,ANGLE,DIVIDED - W/MEDIAN (NOT RAISED),TRAFFIC SIGNAL,FOLLOWING TOO CLOSELY,IMPROPER OVERTAKING/PASSING,0,0,0,0,16,5,1,2224,ARCHER AVE,41.843443,-87.780152,01/15/2015 05:59:00 PM,2015
CR00013284,08/21/2017 09:30:00 AM,30,SNOW,DAYLIGHT,REAR END,DIVIDED - W/MEDIAN (NOT RAISED),NO CONTROLS,IMPROPER OVERTAKING/PASSING,FAILING TO YIELD RIGHT-OF-WAY,0,0,3,3,9,2,8,119,ELSTON AVE,41.921158,-87.821747,08/21/2017 10:27:00 AM,2017
CR00013285,10/08/2024 10:03:00 AM,15,CLEAR,DAYLIGHT,REAR END,ONE-WAY,NO CONTROLS,FAILING TO YIELD RIGHT-OF-WAY,NOT APPLICABLE,0,0,0,0,10,3,10,279,CLARK ST,41.762749,-87.685499,10/08/2024 10:14:00 AM,2024
CR00013286,05/13/2021 08:21:00 AM,40,CLEAR,DARKNESS,PARKED MOTOR VEHICLE,FOUR WAY,TRAFFIC SIGNAL,IMPROPER LANE USAGE,NOT APPLICABLE,0,0,0,0,8,5,5,1118,47TH ST,41.773428,-87.636252,05/13/2021 09:41:00 AM,2021
CR00013287,12/09/2018 06:28:00 PM,40,CLEAR,DAYLIGHT,REAR END,NOT DIVIDED,NO CONTROLS,DISTRACTION - FROM INSIDE VEHICLE,IMPROPER OVERTAKING/PASSING,0,0,0,0,18,1,12,1377,MILWAUKEE AVE,41.943404,-87.804406,12/09/2018 06:46:00 PM,2018
CR00013288,11/21/2022 03:56:00 PM,30,CLEAR,DAYLIGHT,TURNING,NOT DIVIDED,TRAFFIC SIGNAL,UNABLE TO DETERMINE,DRIVING SKILLS/KNOWLEDGE/EXPERIENCE,0,0,0,0,15,2,11,2019,MILWAUKEE AVE,41.704688,-87.703128,11/21/2022 04:03:00 PM,2022
CR00013289,09/05/2018 10:38:00 AM,25,SNOW,DARKNESS,PARKED MOTOR VEHICLE,NOT DIVIDED,NO CONTROLS,UNABLE TO DETERMINE,DRIVING SKILLS/KNOWLEDGE/EXPERIENCE,0,0,0,0,10,4,9,2143,ARCHER AVE,41.803586,-87.706294,09/05/2018 12:10:00 PM,2018
CR00013290,07/31/2023 09:42:00 AM,40,CLOUDY/OVERCAST,DAYLIGHT,SIDESWIPE SAME DIRECTION,DIVIDED - W/MEDIAN BARRIER,TRAFFIC SIGNAL,DRIVING SKILLS/KNOWLEDGE/EXPERIENCE,UNABLE TO DETERMINE,0,0,0,0,9,2,7,235,ARCHER AVE,41.759819,-87.712826,07/31/2023 10:09:00 AM,2023
CR00013291,08/14/2015 10:02:00 AM,20,CLEAR,DAYLIGHT,TURNING,ONE-WAY,TRAFFIC SIGNAL,UNABLE TO DETERMINE,UNABLE TO DETERMINE,0,0,1,1,10,6,8,358,IRVING PARK RD,41.894457,-87.69991,08/14/2015 11:29:00 AM,2015
CR00013292,02/20/2015 09:28:00 AM,35,CLEAR,DAYLIGHT,PEDESTRIAN,DIVIDED - W/MEDIAN (NOT RAISED),STOP SIGN/FLASHER,UNABLE TO DETERMINE,UNABLE TO DETERMINE,0,0,0,0,9,6,2,1520,PULASKI RD,41.817345,-87.653008,02/20/2015 10:18:00 AM,2015
CR00013293,03/04/2017 08:03:00 AM,25,CLEAR,DAYLIGHT,ANGLE,NOT DIVIDED,TRAFFIC SIGNAL,FAILING TO REDUCE SPEED,UNABLE TO DETERMINE,0,0,0,0,8,7,3,1117,OGDEN AVE,41.846553,-87.519902,03/04/2017 09:10:00 AM,2017
CR00013294,06/26/2018 10:31:00 AM,40,RAIN,DARKNESS - LIGHTED ROAD,SIDESWIPE SAME DIRECTION,ONE-WAY,NO CONTROLS,FAILING TO YIELD RIGHT-OF-WAY,UNABLE TO DETERMINE,0,0,1,1,10,3,6,251,DIVISION ST,41.86438,-87.606196,06/26/2018 11:33:00 AM,2018
CR00013295,03/06/2018 05:46:00 PM,35,CLEAR,DARKNESS - LIGHTED ROAD,PARKED MOTOR VEHICLE,FOUR WAY,TRAFFIC SIGNAL,UNABLE TO DETERMINE,IMPROPER OVERTAKING/PASSING,0,0,3,3,17,3,3,1966,STATE ST,41.811629,-87.5926,03/06/2018 06:16:00 PM,2018
CR00013296,10/15/2022 02:52:00 PM,20,CLEAR,DAYLIGHT,REAR TO FRONT,FOUR WAY,NO CONTROLS,FAILING TO YIELD RIGHT-OF-WAY,DISREGARDING TRAFFIC SIGNALS,0,0,1,1,14,7,10,477,WESTERN AVE,41.98606,-87.833288,10/15/2022 04:31:00 PM,2022
CR00013297,03/07/2022 11:25:00 AM,20,CLEAR,DAYLIGHT,SIDESWIPE SAME DIRECTION,NOT DIVIDED,NO CONTROLS,DISREGARDING TRAFFIC SIGNALS,UNABLE TO DETERMINE,0,0,1,1,11,2,3,564,DIVISION ST,41.747148,-87.585585,03/07/2022 12:47:00 PM,2022
CR00013298,06/20/2018 07:32:00 AM,30,CLEAR,DARKNESS - LIGHTED ROAD,ANGLE,NOT DIVIDED,NO CONTROLS,FAILING TO YIELD RIGHT-OF-WAY,NOT APPLICABLE,0,0,0,0,7,4,6,1118,ASHLAND AVE,41.846505,-87.773972,06/20/2018 08:39:00 AM,2018
CR00013299,08/08/2015 12:02:00 AM,35,CLEAR,DAYLIGHT,REAR END,FOUR WAY,TRAFFIC SIGNAL,FOLLOWING TOO CLOSELY,UNABLE TO DETERMINE,0,0,1,1,0,7,8,999,47TH ST,41.731384,-87.622395,08/08/2015 12:08:00 AM,2015
CR00013300,10/25/2018 11:10:00 AM,35,CLEAR,DARKNESS - LIGHTED ROAD,ANGLE,NOT DIVIDED,UNKNOWN,FAILING TO YIELD RIGHT-OF-WAY,FAILING TO YIELD RIGHT-OF-WAY,0,0,0,0,11,5,10,179,79TH ST,41.934318,-87.536193,10/25/2018 11:33:00 AM,2018
CR00013301,12/30/2021 12:06:00 PM,15,CLEAR,DUSK,REAR END,FOUR WAY,STOP SIGN/FLASHER,FAILING TO YIELD RIGHT-OF-WAY,NOT APPLICABLE,0,0,0,0,12,5,12,1450,ASHLAND AVE,41.847477,-87.506089,12/30/2021 01:55:00 PM,2021
CR00013302,05/10/2024 03:46:00 PM,25,CLEAR,DAYLIGHT,ANGLE,DIVIDED - W/MEDIAN (NOT RAISED),NO CONTROLS,WEATHER,UNABLE TO DETERMINE,0,0,0,0,15,6,5,1815,BROADWAY,41.943929,-87.524881,05/10/2024 04:47:00 PM,2024
CR00013303,10/17/2015 08:36:00 PM,30,CLEAR,DARKNESS - LIGHTED ROAD,PARKED MOTOR VEHICLE,NOT DIVIDED,TRAFFIC SIGNAL,IMPROPER OVERTAKING/PASSING,FOLLOWING TOO CLOSELY,0,0,0,0,20,7,10,806,ROOSEVELT RD,41.996203,-87.748776,10/17/2015 10:05:00 PM,2015
CR00013304,10/24/2023 05:52:00 PM,15,CLEAR,DARKNESS - LIGHTED ROAD,PARKED MOTOR VEHICLE,NOT DIVIDED,STOP SIGN/FLASHER,FOLLOWING TOO CLOSELY,UNABLE TO DETERMINE,0,0,0,0,17,3,10,374,LAKE SHORE DR,41.986323,-87.502409,10/24/2023 07:08:00 PM,2023
CR00013305,08/05/2021 06:39:00 PM,30,CLEAR,DAYLIGHT,TURNING,NOT DIVIDED,TRAFFIC SIGNAL,UNABLE TO DETERMINE,NOT APPLICABLE,0,0,0,0,18,5,8,443,DIVISION ST,41.8335,-87.821156,08/05/2021 08:36:00 PM,2021
CR00013306,10/31/2015 10:25:00 AM,30,CLEAR,DARKNESS - LIGHTED ROAD,SIDESWIPE SAME DIRECTION,FOUR WAY,PEDESTRIAN CROSSING SIGN,DISTRACTION - FROM INSIDE VEHICLE,FOLLOWING TOO CLOSELY,0,0,0,0,10,7,10,2120,DAMEN AVE,41.962954,-87.824101,10/31/2015 11:20:00 AM,2015
CR00013307,10/30/2019 08:41:00 PM,35,CLEAR,DAWN,PEDESTRIAN,NOT DIVIDED,TRAFFIC SIGNAL,DRIVING SKILLS/KNOWLEDGE/EXPERIENCE,FOLLOWING TOO CLOSELY,0,0,0,0,20,4,10,1305,KEDZIE AVE,41.952905,-87.845395,10/30/2019 10:34:00 PM,2019
CR00013308,12/22/2024 04:22:00 PM,45,CLEAR,DAYLIGHT,REAR TO FRONT,ONE-WAY,NO CONTROLS,FAILING TO YIELD RIGHT-OF-WAY,NOT APPLICABLE,0,0,0,0,16,1,12,220,DIVISION ST,41.84056,-87.729936,12/22/2024 04:24:00 PM,2024
CR00013309,09/18/2016 08:40:00 PM,30,CLEAR,DAYLIGHT,ANGLE,NOT DIVIDED,NO CONTROLS,FAILING TO YIELD RIGHT-OF-WAY,UNABLE TO DETERMINE,0,0,0,0,20,1,9,689,ELSTON AVE,41.799711,-87.832887,09/18/2016 09:48:00 PM,2016
CR00013310,12/01/2015 09:19:00 AM,30,CLEAR,DAYLIGHT,SIDESWIPE SAME DIRECTION,DIVIDED - W/MEDIAN (NOT RAISED),NO CONTROLS,UNABLE TO DETERMINE,UNABLE TO DETERMINE,0,0,0,0,9,3,12,2049,ELSTON AVE,41.950482,-87.710118,12/01/2015 10:56:00 AM,2015
CR00013311,12/14/2021 08:14:00 AM,30,CLEAR,DARKNESS,ANGLE,FOUR WAY,TRAFFIC SIGNAL,FAILING TO REDUCE SPEED,DISTRACTION - FROM INSIDE VEHICLE,0,0,1,1,8,3,12,1401,ASHLAND AVE,41.850609,-87.615243,12/14/2021 09:51:00 AM,2021
CR00013312,01/29/2023 06:09:00 PM,35,CLEAR,DAYLIGHT,REAR END,NOT DIVIDED,UNKNOWN,FOLLOWING TOO CLOSELY,IMPROPER LANE USAGE,0,0,0,0,18,1,1,743,STATE ST,41.877813,-87.636364,01/29/2023 07:57:00 PM,2023
CR00013313,12/30/2016 06:15:00 PM,15,CLEAR,DUSK,ANGLE,NOT DIVIDED,NO CONTROLS,FAILING TO YIELD RIGHT-OF-WAY,UNABLE TO DETERMINE,0,0,0,0,18,6,12,471,PULASKI RD,41.864896,-87.595652,12/30/2016 06:16:00 PM,2016
CR00013314,01/14/2015 10:51:00 AM,25,RAIN,DAYLIGHT,REAR END,ONE-WAY,NO CONTROLS,DRIVING SKILLS/KNOWLEDGE/EXPERIENCE,IMPROPER LANE USAGE,0,0,0,0,10,4,1,1573,CICERO AVE,41.857807,-87.56069,01/14/2015 12:32:00 PM,2015
CR00013315,09/03/2016 10:43:00 AM,30,CLEAR,DAYLIGHT,PARKED MOTOR VEHICLE,NOT DIVIDED,NO CONTROLS,FOLLOWING TOO CLOSELY,UNABLE TO DETERMINE,0,0,0,0,10,7,9,1784,IRVING PARK RD,41.920401,-87.820942,09/03/2016 10:45:00 AM,2016
CR00013316,04/30/2017 03:24:00 AM,30,CLEAR,DARKNESS - LIGHTED ROAD,REAR END,NOT DIVIDED,NO CONTROLS,IMPROPER LANE USAGE,UNABLE TO DETERMINE,0,2,1,3,3,1,4,1239,MICHIGAN AVE,41.786117,-87.598744,04/30/2017 05:00:00 AM,2017
CR00013317,03/14/2020 10:14:00 PM,40,CLOUDY/OVERCAST,DAYLIGHT,TURNING,NOT DIVIDED,TRAFFIC SIGNAL,FOLLOWING TOO CLOSELY,IMPROPER OVERTAKING/PASSING,0,0,0,0,22,7,3,1467,OGDEN AVE,41.800755,-87.743206,03/14/2020 11:09:00 PM,2020
CR00013318,12/01/2018 07:46:00 AM,35,CLEAR,DAYLIGHT,SIDESWIPE SAME DIRECTION,DIVIDED - W/MEDIAN BARRIER,TRAFFIC SIGNAL,DISTRACTION - FROM INSIDE VEHICLE,DRIVING SKILLS/KNOWLEDGE/EXPERIENCE,0,0,1,1,7,7,12,2011,ELSTON AVE,41.751621,-87.728755,12/01/2018 08:38:00 AM,2018
CR00013319,04/01/2019 03:06:00 PM,20,CLEAR,DARKNESS - LIGHTED ROAD,REAR END,DIVIDED - W/MEDIAN BARRIER,STOP SIGN/FLASHER,FAILING TO REDUCE SPEED,UNABLE TO DETERMINE,0,0,0,0,15,2,4,596,LAKE SHORE DR,41.92967,-87.743267,04/01/2019 04:29:00 PM,2019
CR00013320,10/10/2024 08:02:00 AM,25,RAIN,DAYLIGHT,REAR END,ONE-WAY,YIELD,IMPROPER LANE USAGE,NOT APPLICABLE,0,0,0,0,8,5,10,373,CICERO AVE,41.735074,-87.501839,10/10/2024 08:38:00 AM,2024
CR00013321,06/28/2024 02:42:00 PM,35,CLEAR,DAYLIGHT,PARKED MOTOR VEHICLE,FOUR WAY,NO CONTROLS,UNABLE TO DETERMINE,DRIVING SKILLS/KNOWLEDGE/EXPERIENCE,0,0,0,0,14,6,6,2255,LAKE SHORE DR,41.969629,-87.794982,06/28/2024 03:36:00 PM,2024
CR00013322,02/18/2017 04:14:00 PM,30,CLEAR,DAYLIGHT,REAR END,NOT DIVIDED,TRAFFIC SIGNAL,IMPROPER OVERTAKING/PASSING,DRIVING SKILLS/KNOWLEDGE/EXPERIENCE,0,0,0,0,16,7,2,900,PULASKI RD,41.74164,-87.553143,02/18/2017 05:22:00 PM,2017
CR00013323,11/03/2015 08:31:00 PM,45,CLEAR,DAYLIGHT,PARKED MOTOR VEHICLE,NOT DIVIDED,TRAFFIC SIGNAL,IMPROPER OVERTAKING/PASSING,NOT APPLICABLE,0,0,1,1,20,3,11,464,STATE ST,41.957498,-87.720826,11/03/2015 08:41:00 PM,2015
CR00013324,03/19/2015 08:33:00 AM,25,CLEAR,DARKNESS - LIGHTED ROAD,REAR END,DIVIDED - W/MEDIAN (NOT RAISED),NO CONTROLS,UNABLE TO DETERMINE,FAILING TO YIELD RIGHT-OF-WAY,0,0,1,1,8,5,3,1554,DIVISION ST,41.729341,-87.653805,03/19/2015 10:10:00 AM,2015
CR00013325,06/12/2017 03:11:00 PM,30,RAIN,DAYLIGHT,ANGLE,NOT DIVIDED,TRAFFIC SIGNAL,FAILING TO YIELD RIGHT-OF-WAY,UNABLE TO DETERMINE,0,0,0,0,15,2,6,106,LAKE SHORE DR,41.85059,-87.527579,06/12/2017 03:13:00 PM,2017
CR00013326,01/10/2021 10:42:00 AM,45,CLEAR,DAYLIGHT,SIDESWIPE SAME DIRECTION,NOT DIVIDED,TRAFFIC SIGNAL,FOLLOWING TOO CLOSELY,IMPROPER OVERTAKING/PASSING,0,0,0,0,10,1,1,941,ARCHER AVE,41.765717,-87.811147,01/10/2021 12:01:00 PM,2021
CR00013327,06/16/2023 07:26:00 AM,30,CLEAR,DAYLIGHT,REAR END,ONE-WAY,STOP SIGN/FLASHER,FOLLOWING TOO CLOSELY,IMPROPER OVERTAKING/PASSING,0,0,0,0,7,6,6,2334,STATE ST,41.70717,-87.53368,06/16/2023 07:50:00 AM,2023
CR00013328,02/23/2015 08:51:00 PM,35,CLEAR,DARKNESS - LIGHTED ROAD,SIDESWIPE SAME DIRECTION,FOUR WAY,NO CONTROLS,FAILING TO YIELD RIGHT-OF-WAY,UNABLE TO DETERMINE,0,0,0,0,20,2,2,2395,79TH ST,41.89585,-87.774059,02/23/2015 10:06:00 PM,2015
CR00013329,05/06/2021 01:29:00 PM,35,CLEAR,DAYLIGHT,ANGLE,ONE-WAY,UNKNOWN,UNABLE TO DETERMINE,NOT APPLICABLE,0,0,0,0,13,5,5,1624,FULLERTON AVE,41.87651,-87.678916,05/06/2021 03:02:00 PM,2021
CR00013330,04/24/2021 03:44:00 PM,45,RAIN,DAWN,TURNING,DIVIDED - W/MEDIAN BARRIER,UNKNOWN,DRIVING SKILLS/KNOWLEDGE/EXPERIENCE,UNABLE TO DETERMINE,0,0,0,0,15,7,4,584,OGDEN AVE,41.846106,-87.671419,04/24/2021 05:30:00 PM,2021
CR00013331,12/11/2024 08:48:00 PM,45,CLEAR,DAYLIGHT,PARKED MOTOR VEHICLE,NOT DIVIDED,UNKNOWN,IMPROPER OVERTAKING/PASSING,FAILING TO YIELD RIGHT-OF-WAY,0,0,0,0,20,4,12,106,ELSTON AVE,41.922752,-87.65052,12/11/2024 09:45:00 PM,2024
CR00013332,07/28/2015 05:00:00 PM,15,CLEAR,DAYLIGHT,SIDESWIPE SAME DIRECTION,FOUR WAY,UNKNOWN,FAILING TO YIELD RIGHT-OF-WAY,NOT APPLICABLE,0,0,0,0,17,3,7,1021,CICERO AVE,41.758388,-87.840675,07/28/2015 06:33:00 PM,2015
CR00013333,09/05/2024 08:23:00 AM,40,CLOUDY/OVERCAST,DARKNESS - LIGHTED ROAD,TURNING,NOT DIVIDED,NO CONTROLS,DRIVING SKILLS/KNOWLEDGE/EXPERIENCE,FOLLOWING TOO CLOSELY,0,0,0,0,8,5,9,623,HALSTED ST,41.885572,-87.756378,09/05/2024 08:55:00 AM,2024
CR00013334,01/27/2024 09:13:00 AM,40,CLEAR,DAYLIGHT,ANGLE,NOT DIVIDED,TRAFFIC SIGNAL,UNABLE TO DETERMINE,IMPROPER OVERTAKING/PASSING,0,0,0,0,9,7,1,1805,CALIFORNIA AVE,41.702262,-87.514944,01/27/2024 11:07:00 AM,2024
CR00013335,11/21/2022 08:42:00 AM,45,CLEAR,DAYLIGHT,REAR END,T-INTERSECTION,STOP SIGN/FLASHER,FOLLOWING TOO CLOSELY,DISREGARDING TRAFFIC SIGNALS,0,2,1,3,8,2,11,2156,PULASKI RD,41.853327,-87.522241,11/21/2022 09:07:00 AM,2022
CR00013336,09/01/2022 03:45:00 PM,30,CLEAR,DAYLIGHT,REAR END,NOT DIVIDED,NO CONTROLS,IMPROPER LANE USAGE,UNABLE TO DETERMINE,0,0,1,1,15,5,9,303,DAMEN AVE,41.981475,-87.704504,09/01/2022 04:01:00 PM,2022
CR00013337,10/31/2020 05:46:00 PM,40,CLEAR,DAYLIGHT,ANGLE,NOT DIVIDED,NO CONTROLS,UNABLE TO DETERMINE,NOT APPLICABLE,0,0,0,0,17,7,10,2037,ASHLAND AVE,41.960002,-87.694569,10/31/2020 07:16:00 PM,2020
CR00013338,11/25/2023 12:27:00 PM,35,CLEAR,DAYLIGHT,TURNING,NOT DIVIDED,NO CONTROLS,UNABLE TO DETERMINE,DISREGARDING TRAFFIC SIGNALS,0,0,0,0,12,7,11,1812,CALIFORNIA AVE,41.833811,-87.738866,11/25/2023 02:22:00 PM,2023
CR00013339,07/15/2020 06:21:00 PM,25,CLEAR,DARKNESS - LIGHTED ROAD,PARKED MOTOR VEHICLE,T-INTERSECTION,UNKNOWN,WEATHER,FAILING TO REDUCE SPEED,0,0,0,0,18,4,7,960,DIVISION ST,41.980342,-87.528878,07/15/2020 07:33:00 PM,2020
CR00013340,05/28/2018 10:57:00 AM,45,CLEAR,DARKNESS,ANGLE,NOT DIVIDED,STOP SIGN/FLASHER,IMPROPER LANE USAGE,UNABLE TO DETERMINE,0,0,0,0,10,2,5,1411,ASHLAND AVE,41.720927,-87.615896,05/28/2018 11:31:00 AM,2018
CR00013341,02/06/2020 12:59:00 AM,35,CLEAR,DARKNESS - LIGHTED ROAD,REAR TO FRONT,DIVIDED - W/MEDIAN BARRIER,STOP SIGN/FLASHER,IMPROPER LANE USAGE,NOT APPLICABLE,0,0,0,0,0,5,2,641,IRVING PARK RD,41.899927,-87.625791,02/06/2020 01:43:00 AM,2020
CR00013342,08/01/2022 11:53:00 AM,20,CLEAR,DARKNESS - LIGHTED ROAD,REAR END,T-INTERSECTION,STOP SIGN/FLASHER,FOLLOWING TOO CLOSELY,NOT APPLICABLE,0,0,0,0,11,2,8,213,MILWAUKEE AVE,41.769265,-87.587163,08/01/2022 12:59:00 PM,2022
CR00013343,11/02/2023 09:21:00 AM,15,CLEAR,DAYLIGHT,REAR END,NOT DIVIDED,TRAFFIC SIGNAL,UNABLE TO DETERMINE,UNABLE TO DETERMINE,0,0,0,0,9,5,11,1328,IRVING PARK RD,41.775383,-87.666508,11/02/2023 11:18:00 AM,2023
CR00013344,03/17/2017 06:53:00 AM,15,RAIN,DAYLIGHT,ANGLE,FOUR WAY,TRAFFIC SIGNAL,UNABLE TO DETERMINE,FAILING TO REDUCE SPEED,0,0,0,0,6,6,3,1487,LAKE SHORE DR,41.900292,-87.561737,03/17/2017 07:42:00 AM,2017