CRASH_RECORD_ID,CRASH_DATE,POSTED_SPEED_LIMIT,WEATHER_CONDITION,LIGHTING_CONDITION,FIRST_CRASH_TYPE,TRAFFICWAY_TYPE,TRAFFIC_CONTROL_DEVICE,PRIM_CONTRIBUTORY_CAUSE,SEC_CONTRIBUTORY_CAUSE,INJURIES_FATAL,INJURIES_INCAPACITATING,INJURIES_NON_INCAPACITATING,INJURIES_TOTAL,CRASH_HOUR,CRASH_DAY_OF_WEEK,CRASH_MONTH,BEAT_OF_OCCURRENCE,STREET_NAME,LATITUDE,LONGITUDE,DATE_POLICE_NOTIFIED,year
CR00013345,04/17/2018 04:21:00 PM,45,CLEAR,DARKNESS,FIXED OBJECT,DIVIDED - W/MEDIAN (NOT RAISED),STOP SIGN/FLASHER,DRIVING SKILLS/KNOWLEDGE/EXPERIENCE,FOLLOWING TOO CLOSELY,0,0,0,0,16,3,4,360,OGDEN AVE,41.721839,-87.594852,04/17/2018 04:56:00 PM,2018
CR00013346,02/19/2021 03:52:00 PM,30,RAIN,DARKNESS - LIGHTED ROAD,ANGLE,NOT DIVIDED,NO CONTROLS,UNABLE TO DETERMINE,IMPROPER OVERTAKING/PASSING,0,0,0,0,15,6,2,414,STATE ST,41.74912,-87.606628,02/19/2021 04:38:00 PM,2021
CR00013347,12/27/2024 08:59:00 AM,35,CLEAR,DAYLIGHT,TURNING,NOT DIVIDED,TRAFFIC SIGNAL,UNABLE TO DETERMINE,NOT APPLICABLE,0,0,0,0,8,6,12,1676,STATE ST,41.76606,-87.616519,12/27/2024 10:49:00 AM,2024
CR00013348,06/24/2020 10:22:00 PM,35,CLEAR,DARKNESS - LIGHTED ROAD,PARKED MOTOR VEHICLE,NOT DIVIDED,NO CONTROLS,DRIVING SKILLS/KNOWLEDGE/EXPERIENCE,UNABLE TO DETERMINE,0,0,0,0,22,4,6,406,OGDEN AVE,41.984593,-87.503843,06/24/2020 11:03:00 PM,2020
CR00013349,06/11/2020 08:49:00 PM,25,CLOUDY/OVERCAST,DAYLIGHT,ANGLE,DIVIDED - W/MEDIAN BARRIER,TRAFFIC SIGNAL,UNABLE TO DETERMINE,WEATHER,0,0,0,0,20,5,6,1790,FULLERTON AVE,41.830851,-87.5629,06/11/2020 10:32:00 PM,2020
CR00013350,12/30/2020 07:28:00 PM,40,CLEAR,DARKNESS - LIGHTED ROAD,REAR END,FOUR WAY,TRAFFIC SIGNAL,FOLLOWING TOO CLOSELY,WEATHER,0,0,3,3,19,4,12,2091,LAKE SHORE DR,41.704367,-87.753136,12/30/2020 09:16:00 PM,2020
CR00013351,03/04/2019 10:43:00 PM,35,CLEAR,DAYLIGHT,REAR END,ONE-WAY,NO CONTROLS,FAILING TO YIELD RIGHT-OF-WAY,UNABLE TO DETERMINE,0,0,0,0,22,2,3,873,WESTERN AVE,41.934277,-87.819471,03/04/2019 11:17:00 PM,2019
CR00013352,07/26/2016 05:46:00 PM,45,CLEAR,DAYLIGHT,REAR TO FRONT,DIVIDED - W/MEDIAN (NOT RAISED),TRAFFIC SIGNAL,UNABLE TO DETERMINE,DISTRACTION - FROM INSIDE VEHICLE,0,0,1,1,17,3,7,930,DAMEN AVE,41.772044,-87.631193,07/26/2016 07:45:00 PM,2016
CR00013353,04/22/2023 08:50:00 PM,15,CLOUDY/OVERCAST,DAYLIGHT,TURNING,DIVIDED - W/MEDIAN (NOT RAISED),NO CONTROLS,IMPROPER LANE USAGE,NOT APPLICABLE,0,0,0,0,20,7,4,1389,LAKE SHORE DR,41.729289,-87.828733,04/22/2023 08:58:00 PM,2023
CR00013354,03/31/2017 07:14:00 AM,15,CLEAR,DAYLIGHT,ANGLE,NOT DIVIDED,TRAFFIC SIGNAL,FAILING TO YIELD RIGHT-OF-WAY,FOLLOWING TOO CLOSELY,0,1,3,4,7,6,3,1769,FULLERTON AVE,41.949864,-87.669605,03/31/2017 07:29:00 AM,2017
CR00013355,11/13/2022 07:29:00 AM,15,CLEAR,DARKNESS,REAR END,NOT DIVIDED,NO CONTROLS,IMPROPER OVERTAKING/PASSING,DRIVING SKILLS/KNOWLEDGE/EXPERIENCE,0,0,0,0,7,1,11,1705,CALIFORNIA AVE,41.9123,-87.772491,11/13/2022 08:50:00 AM,2022
CR00013356,07/27/2017 07:45:00 AM,20,CLEAR,DAYLIGHT,PARKED MOTOR VEHICLE,DIVIDED - W/MEDIAN (NOT RAISED),NO CONTROLS,FOLLOWING TOO CLOSELY,WEATHER,0,0,2,2,7,5,7,724,63RD ST,41.969945,-87.690786,07/27/2017 08:29:00 AM,2017
CR00013357,05/09/2016 10:53:00 PM,25,CLEAR,DARKNESS - LIGHTED ROAD,REAR END,NOT DIVIDED,TRAFFIC SIGNAL,DISTRACTION - FROM INSIDE VEHICLE,WEATHER,0,0,0,0,22,2,5,745,WESTERN AVE,41.743441,-87.780824,05/09/2016 11:55:00 PM,2016
CR00013358,01/19/2017 07:59:00 AM,15,SNOW,DARKNESS - LIGHTED ROAD,SIDESWIPE SAME DIRECTION,NOT DIVIDED,NO CONTROLS,DRIVING SKILLS/KNOWLEDGE/EXPERIENCE,DISREGARDING TRAFFIC SIGNALS,0,0,0,0,7,5,1,120,CALIFORNIA AVE,41.806919,-87.740626,01/19/2017 08:39:00 AM,2017
CR00013359,02/18/2015 04:39:00 PM,30,CLEAR,DUSK,REAR END,NOT DIVIDED,TRAFFIC SIGNAL,UNABLE TO DETERMINE,DISTRACTION - FROM INSIDE VEHICLE,0,0,0,0,16,4,2,718,KEDZIE AVE,41.882733,-87.524642,02/18/2015 05:47:00 PM,2015
CR00013360,09/20/2016 06:27:00 PM,45,CLEAR,DARKNESS,REAR END,DIVIDED - W/MEDIAN BARRIER,NO CONTROLS,IMPROPER OVERTAKING/PASSING,NOT APPLICABLE,0,0,0,0,18,3,9,228,STONY ISLAND AVE,41.75254,-87.785798,09/20/2016 06:52:00 PM,2016
CR00013361,07/30/2024 07:37:00 AM,40,CLEAR,DAYLIGHT,PARKED MOTOR VEHICLE,FOUR WAY,TRAFFIC SIGNAL,FAILING TO REDUCE SPEED,WEATHER,0,0,0,0,7,3,7,905,ROOSEVELT RD,41.967822,-87.836195,07/30/2024 08:27:00 AM,2024
CR00013362,09/11/2023 02:27:00 PM,30,CLEAR,DAYLIGHT,ANGLE,ONE-WAY,TRAFFIC SIGNAL,FOLLOWING TOO CLOSELY,IMPROPER OVERTAKING/PASSING,0,0,0,0,14,2,9,2091,STATE ST,41.773907,-87.730516,09/11/2023 04:06:00 PM,2023
CR00013363,10/27/2022 02:32:00 PM,20,CLEAR,DARKNESS - LIGHTED ROAD,TURNING,DIVIDED - W/MEDIAN (NOT RAISED),NO CONTROLS,UNABLE TO DETERMINE,FOLLOWING TOO CLOSELY,0,0,2,2,14,5,10,2465,FULLERTON AVE,41.847129,-87.633062,10/27/2022 02:37:00 PM,2022
CR00013364,08/01/2023 07:25:00 PM,35,FOG/SMOKE/HAZE,DAWN,REAR END,NOT DIVIDED,STOP SIGN/FLASHER,UNABLE TO DETERMINE,DISTRACTION - FROM INSIDE VEHICLE,0,0,0,0,19,3,8,1913,ASHLAND AVE,41.951156,-87.591853,08/01/2023 08:51:00 PM,2023
CR00013365,03/06/2015 09:07:00 AM,30,CLEAR,DAYLIGHT,REAR TO FRONT,DIVIDED - W/MEDIAN BARRIER,UNKNOWN,IMPROPER OVERTAKING/PASSING,FAILING TO REDUCE SPEED,0,0,0,0,9,6,3,1894,63RD ST,41.822376,-87.785542,03/06/2015 10:46:00 AM,2015
CR00013366,04/14/2017 04:57:00 PM,45,CLEAR,DARKNESS - LIGHTED ROAD,SIDESWIPE SAME DIRECTION,NOT DIVIDED,STOP SIGN/FLASHER,DISTRACTION - FROM INSIDE VEHICLE,DISREGARDING TRAFFIC SIGNALS,0,0,0,0,16,6,4,698,79TH ST,41.785966,-87.58746,04/14/2017 05:47:00 PM,2017
CR00013367,09/24/2018 08:29:00 AM,40,CLEAR,DAYLIGHT,ANGLE,DIVIDED - W/MEDIAN (NOT RAISED),STOP SIGN/FLASHER,DRIVING SKILLS/KNOWLEDGE/EXPERIENCE,UNABLE TO DETERMINE,0,0,1,1,8,2,9,1314,WESTERN AVE,41.895969,-87.746888,09/24/2018 10:02:00 AM,2018
CR00013368,06/03/2015 07:07:00 AM,30,CLEAR,DAYLIGHT,TURNING,DIVIDED - W/MEDIAN (NOT RAISED),NO CONTROLS,FAILING TO YIELD RIGHT-OF-WAY,FAILING TO REDUCE SPEED,0,0,0,0,7,4,6,2202,ROOSEVELT RD,41.727029,-87.532771,06/03/2015 08:26:00 AM,2015
CR00013369,11/17/2019 08:54:00 AM,40,RAIN,DAYLIGHT,PEDESTRIAN,DIVIDED - W/MEDIAN (NOT RAISED),UNKNOWN,DISTRACTION - FROM INSIDE VEHICLE,UNABLE TO DETERMINE,0,0,0,0,8,1,11,1006,DAMEN AVE,41.877685,-87.806062,11/17/2019 09:38:00 AM,2019
CR00013370,06/10/2020 07:18:00 AM,25,CLOUDY/OVERCAST,DARKNESS - LIGHTED ROAD,FIXED OBJECT,NOT DIVIDED,STOP SIGN/FLASHER,UNABLE TO DETERMINE,UNABLE TO DETERMINE,0,0,0,0,7,4,6,2298,OGDEN AVE,41.733162,-87.578626,06/10/2020 07:51:00 AM,2020
CR00013371,07/05/2022 07:10:00 PM,35,CLEAR,DARKNESS - LIGHTED ROAD,FIXED OBJECT,ONE-WAY,STOP SIGN/FLASHER,FOLLOWING TOO CLOSELY,NOT APPLICABLE,0,0,1,1,19,3,7,1062,MICHIGAN AVE,41.782093,-87.663307,07/05/2022 08:32:00 PM,2022
CR00013372,02/04/2021 05:59:00 PM,40,CLEAR,DARKNESS,REAR END,NOT DIVIDED,NO CONTROLS,FOLLOWING TOO CLOSELY,UNABLE TO DETERMINE,0,0,0,0,17,5,2,2215,HALSTED ST,41.866572,-87.774199,02/04/2021 07:43:00 PM,2021
CR00013373,02/22/2018 10:29:00 AM,40,FREEZING RAIN/DRIZZLE,DAYLIGHT,TURNING,NOT DIVIDED,UNKNOWN,UNABLE TO DETERMINE,IMPROPER LANE USAGE,0,0,0,0,10,5,2,2409,PULASKI RD,41.712073,-87.581305,02/22/2018 10:41:00 AM,2018
CR00013374,02/07/2023 03:53:00 AM,15,RAIN,DARKNESS - LIGHTED ROAD,TURNING,DIVIDED - W/MEDIAN BARRIER,NO CONTROLS,UNABLE TO DETERMINE,UNABLE TO DETERMINE,0,0,0,0,3,3,2,1206,OGDEN AVE,41.739808,-87.69927,02/07/2023 04:23:00 AM,2023
CR00013375,12/29/2023 12:08:00 PM,35,FREEZING RAIN/DRIZZLE,DARKNESS - LIGHTED ROAD,REAR TO FRONT,DIVIDED - W/MEDIAN (NOT RAISED),TRAFFIC SIGNAL,FAILING TO YIELD RIGHT-OF-WAY,WEATHER,0,0,0,0,12,6,12,1720,CLARK ST,41.879072,-87.584287,12/29/2023 01:40:00 PM,2023
CR00013376,07/18/2020 05:08:00 PM,25,CLEAR,DARKNESS,REAR TO FRONT,DIVIDED - W/MEDIAN (NOT RAISED),STOP SIGN/FLASHER,FOLLOWING TOO CLOSELY,IMPROPER LANE USAGE,0,0,0,0,17,7,7,1079,LAKE SHORE DR,41.841491,-87.697643,07/18/2020 05:30:00 PM,2020
CR00013377,05/14/2023 06:22:00 PM,30,CLOUDY/OVERCAST,DAYLIGHT,FIXED OBJECT,NOT DIVIDED,UNKNOWN,UNABLE TO DETERMINE,NOT APPLICABLE,0,0,0,0,18,1,5,2219,CICERO AVE,41.81704,-87.775189,05/14/2023 06:45:00 PM,2023
CR00013378,12/01/2024 11:01:00 AM,20,SNOW,DAYLIGHT,REAR END,DIVIDED - W/MEDIAN (NOT RAISED),STOP SIGN/FLASHER,UNABLE TO DETERMINE,FAILING TO REDUCE SPEED,0,1,3,4,11,1,12,796,CALIFORNIA AVE,41.725868,-87.805288,12/01/2024 12:57:00 PM,2024
CR00013379,11/06/2018 05:58:00 PM,35,CLEAR,DARKNESS - LIGHTED ROAD,REAR END,NOT DIVIDED,NO CONTROLS,FOLLOWING TOO CLOSELY,IMPROPER LANE USAGE,0,0,0,0,17,3,11,2523,ASHLAND AVE,41.833118,-87.624796,11/06/2018 06:08:00 PM,2018
CR00013380,11/04/2020 03:36:00 PM,40,CLEAR,DAWN,PARKED MOTOR VEHICLE,NOT DIVIDED,NO CONTROLS,FAILING TO YIELD RIGHT-OF-WAY,WEATHER,0,0,0,0,15,4,11,183,BROADWAY,41.924043,-87.661186,11/04/2020 04:03:00 PM,2020
CR00013381,08/10/2015 08:57:00 AM,20,CLEAR,DAYLIGHT,PARKED MOTOR VEHICLE,ONE-WAY,TRAFFIC SIGNAL,UNABLE TO DETERMINE,IMPROPER LANE USAGE,0,0,0,0,8,2,8,651,IRVING PARK RD,41.958733,-87.735999,08/10/2015 09:47:00 AM,2015
CR00013382,05/23/2016 04:23:00 AM,40,RAIN,DARKNESS - LIGHTED ROAD,TURNING,DIVIDED - W/MEDIAN (NOT RAISED),TRAFFIC SIGNAL,UNABLE TO DETERMINE,DISTRACTION - FROM INSIDE VEHICLE,0,0,0,0,4,2,5,1400,ARCHER AVE,41.731943,-87.679868,05/23/2016 04:32:00 AM,2016
CR00013383,11/05/2016 08:14:00 AM,35,CLEAR,DARKNESS - LIGHTED ROAD,REAR END,DIVIDED - W/MEDIAN BARRIER,UNKNOWN,FAILING TO YIELD RIGHT-OF-WAY,UNABLE TO DETERMINE,0,0,0,0,8,7,11,535,CALIFORNIA AVE,41.766979,-87.586023,11/05/2016 10:02:00 AM,2016
CR00013384,04/08/2018 07:09:00 PM,40,CLEAR,DAYLIGHT,TURNING,FOUR WAY,NO CONTROLS,UNABLE TO DETERMINE,FOLLOWING TOO CLOSELY,0,0,0,0,19,1,4,1697,MILWAUKEE AVE,41.984797,-87.838773,04/08/2018 07:28:00 PM,2018
CR00013385,04/16/2016 05:58:00 PM,45,CLEAR,DAYLIGHT,ANGLE,DIVIDED - W/MEDIAN (NOT RAISED),UNKNOWN,FOLLOWING TOO CLOSELY,UNABLE TO DETERMINE,0,0,0,0,17,7,4,802,IRVING PARK RD,41.949726,-87.634197,04/16/2016 06:04:00 PM,2016
CR00013386,10/19/2020 04:11:00 AM,30,CLOUDY/OVERCAST,DAWN,ANGLE,ONE-WAY,TRAFFIC SIGNAL,FAILING TO REDUCE SPEED,FAILING TO YIELD RIGHT-OF-WAY,0,0,1,1,4,2,10,1934,DAMEN AVE,41.89136,-87.509751,10/19/2020 04:37:00 AM,2020
CR00013387,03/15/2018 11:46:00 AM,35,CLEAR,DARKNESS,PARKED MOTOR VEHICLE,ONE-WAY,TRAFFIC SIGNAL,UNABLE TO DETERMINE,FOLLOWING TOO CLOSELY,0,0,0,0,11,5,3,1609,ASHLAND AVE,41.956727,-87.559412,03/15/2018 11:56:00 AM,2018
CR00013388,07/14/2024 05:40:00 PM,45,CLEAR,DAYLIGHT,SIDESWIPE SAME DIRECTION,NOT DIVIDED,NO CONTROLS,UNABLE TO DETERMINE,NOT APPLICABLE,0,0,0,0,17,1,7,2012,STONY ISLAND AVE,41.825296,-87.551349,07/14/2024 07:34:00 PM,2024
CR00013389,02/21/2022 10:23:00 AM,25,CLOUDY/OVERCAST,DAYLIGHT,TURNING,NOT DIVIDED,NO CONTROLS,UNABLE TO DETERMINE,NOT APPLICABLE,0,0,0,0,10,2,2,474,IRVING PARK RD,41.997154,-87.7715,02/21/2022 10:52:00 AM,2022
CR00013390,08/08/2015 04:04:00 AM,30,CLEAR,DAYLIGHT,SIDESWIPE SAME DIRECTION,DIVIDED - W/MEDIAN (NOT RAISED),TRAFFIC SIGNAL,UNABLE TO DETERMINE,UNABLE TO DETERMINE,0,0,0,0,4,7,8,1878,DAMEN AVE,41.997183,-87.535076,08/08/2015 04:55:00 AM,2015
CR00013391,11/04/2020 10:32:00 PM,20,CLEAR,DAYLIGHT,SIDESWIPE SAME DIRECTION,NOT DIVIDED,UNKNOWN,UNABLE TO DETERMINE,FAILING TO YIELD RIGHT-OF-WAY,0,0,0,0,22,4,11,2330,WESTERN AVE,41.964339,-87.500097,11/04/2020 11:34:00 PM,2020
CR00013392,07/23/2022 05:44:00 AM,30,CLEAR,DAYLIGHT,ANGLE,DIVIDED - W/MEDIAN (NOT RAISED),NO CONTROLS,FAILING TO YIELD RIGHT-OF-WAY,FAILING TO REDUCE SPEED,0,0,0,0,5,7,7,462,ROOSEVELT RD,41.882984,-87.73078,07/23/2022 06:37:00 AM,2022
CR00013393,02/23/2019 07:46:00 AM,30,CLEAR,DAYLIGHT,FIXED OBJECT,DIVIDED - W/MEDIAN (NOT RAISED),TRAFFIC SIGNAL,DRIVING SKILLS/KNOWLEDGE/EXPERIENCE,DISREGARDING TRAFFIC SIGNALS,0,0,0,0,7,7,2,1034,IRVING PARK RD,41.821997,-87.718646,02/23/2019 08:51:00 AM,2019
CR00013394,10/01/2020 07:49:00 AM,30,SNOW,DAYLIGHT,REAR TO FRONT,NOT DIVIDED,NO CONTROLS,FAILING TO YIELD RIGHT-OF-WAY,UNABLE TO DETERMINE,0,0,0,0,7,5,10,1196,CICERO AVE,41.995264,-87.763482,10/01/2020 09:18:00 AM,2020
CR00013395,06/04/2017 08:40:00 AM,30,CLEAR,DAYLIGHT,REAR END,DIVIDED - W/MEDIAN (NOT RAISED),STOP SIGN/FLASHER,FOLLOWING TOO CLOSELY,UNABLE TO DETERMINE,0,0,0,0,8,1,6,2297,STATE ST,41.73633,-87.756813,06/04/2017 10:04:00 AM,2017
CR00013396,06/22/2024 02:03:00 PM,30,RAIN,DARKNESS - LIGHTED ROAD,PARKED MOTOR VEHICLE,NOT DIVIDED,STOP SIGN/FLASHER,UNABLE TO DETERMINE,UNABLE TO DETERMINE,0,0,0,0,14,7,6,981,ASHLAND AVE,41.786496,-87.5402,06/22/2024 03:02:00 PM,2024
CR00013397,12/10/2016 05:30:00 PM,20,CLEAR,DAYLIGHT,FIXED OBJECT,DIVIDED - W/MEDIAN (NOT RAISED),TRAFFIC SIGNAL,FAILING TO REDUCE SPEED,FAILING TO YIELD RIGHT-OF-WAY,0,0,0,0,17,7,12,1090,HALSTED ST,41.779254,-87.569912,12/10/2016 07:17:00 PM,2016
CR00013398,11/23/2020 01:22:00 PM,45,CLEAR,DAYLIGHT,TURNING,ONE-WAY,TRAFFIC SIGNAL,FAILING TO YIELD RIGHT-OF-WAY,NOT APPLICABLE,0,0,1,1,13,2,11,896,KEDZIE AVE,41.93325,-87.824909,11/23/2020 01:46:00 PM,2020
CR00013399,04/18/2021 03:44:00 PM,40,SNOW,DAYLIGHT,REAR TO FRONT,NOT DIVIDED,NO CONTROLS,FAILING TO YIELD RIGHT-OF-WAY,DISTRACTION - FROM INSIDE VEHICLE,0,0,1,1,15,1,4,2457,MICHIGAN AVE,41.827494,-87.781919,04/18/2021 04:17:00 PM,2021
CR00013400,07/19/2022 06:12:00 PM,15,CLEAR,DAYLIGHT,REAR END,NOT DIVIDED,UNKNOWN,IMPROPER LANE USAGE,DISTRACTION - FROM INSIDE VEHICLE,0,0,0,0,18,3,7,1570,LAKE SHORE DR,41.707092,-87.801379,07/19/2022 07:08:00 PM,2022
CR00013401,05/31/2019 06:56:00 PM,30,CLEAR,DAYLIGHT,ANGLE,NOT DIVIDED,TRAFFIC SIGNAL,UNABLE TO DETERMINE,UNABLE TO DETERMINE,0,1,1,2,18,6,5,1137,HALSTED ST,41.96053,-87.699844,05/31/2019 07:02:00 PM,2019
CR00013402,04/14/2018 01:30:00 PM,25,RAIN,DAYLIGHT,ANGLE,ONE-WAY,STOP SIGN/FLASHER,UNABLE TO DETERMINE,DISTRACTION - FROM INSIDE VEHICLE,0,0,0,0,13,7,4,1526,ELSTON AVE,41.961127,-87.686032,04/14/2018 02:46:00 PM,2018
CR00013403,11/29/2017 09:29:00 AM,35,RAIN,DAYLIGHT,ANGLE,T-INTERSECTION,YIELD,WEATHER,FAILING TO YIELD RIGHT-OF-WAY,0,0,2,2,9,4,11,364,ELSTON AVE,41.919642,-87.776605,11/29/2017 10:47:00 AM,2017
CR00013404,02/24/2018 02:59:00 AM,35,CLEAR,DAYLIGHT,PARKED MOTOR VEHICLE,DIVIDED - W/MEDIAN (NOT RAISED),NO CONTROLS,UNABLE TO DETERMINE,FAILING TO REDUCE SPEED,0,0,0,0,2,7,2,479,ELSTON AVE,41.739317,-87.727187,02/24/2018 03:08:00 AM,2018
CR00013405,10/16/2022 04:22:00 PM,30,CLEAR,DAYLIGHT,TURNING,NOT DIVIDED,STOP SIGN/FLASHER,UNABLE TO DETERMINE,IMPROPER OVERTAKING/PASSING,0,0,0,0,16,1,10,1623,WESTERN AVE,41.952311,-87.64663,10/16/2022 05:36:00 PM,2022
CR00013406,06/10/2016 09:11:00 PM,30,CLOUDY/OVERCAST,DAYLIGHT,SIDESWIPE SAME DIRECTION,DIVIDED - W/MEDIAN (NOT RAISED),TRAFFIC SIGNAL,FOLLOWING TOO CLOSELY,DISREGARDING TRAFFIC SIGNALS,0,0,0,0,21,6,6,2450,DAMEN AVE,41.810821,-87.541129,06/10/2016 10:07:00 PM,2016
CR00013407,11/10/2018 08:58:00 AM,15,CLEAR,DARKNESS - LIGHTED ROAD,REAR END,DIVIDED - W/MEDIAN (NOT RAISED),STOP SIGN/FLASHER,DISTRACTION - FROM INSIDE VEHICLE,FAILING TO YIELD RIGHT-OF-WAY,0,0,2,2,8,7,11,806,63RD ST,41.824428,-87.576529,11/10/2018 10:46:00 AM,2018
CR00013408,03/06/2022 07:21:00 AM,35,CLEAR,DAYLIGHT,REAR TO FRONT,DIVIDED - W/MEDIAN BARRIER,NO CONTROLS,FOLLOWING TOO CLOSELY,NOT APPLICABLE,0,0,0,0,7,1,3,1470,ROOSEVELT RD,41.890209,-87.804602,03/06/2022 07:33:00 AM,2022
CR00013409,02/12/2016 06:54:00 PM,30,SNOW,DAYLIGHT,PARKED MOTOR VEHICLE,DIVIDED - W/MEDIAN (NOT RAISED),NO CONTROLS,UNABLE TO DETERMINE,IMPROPER LANE USAGE,0,0,0,0,18,6,2,2199,63RD ST,41.915985,-87.652907,02/12/2016 07:07:00 PM,2016
CR00013410,01/18/2018 03:31:00 PM,30,CLEAR,DARKNESS - LIGHTED ROAD,ANGLE,DIVIDED - W/MEDIAN (NOT RAISED),UNKNOWN,UNABLE TO DETERMINE,FAILING TO YIELD RIGHT-OF-WAY,0,0,1,1,15,5,1,1347,63RD ST,41.913552,-87.749353,01/18/2018 04:13:00 PM,2018
CR00013411,03/10/2022 04:12:00 PM,30,RAIN,DARKNESS,FIXED OBJECT,DIVIDED - W/MEDIAN BARRIER,NO CONTROLS,UNABLE TO DETERMINE,FOLLOWING TOO CLOSELY,0,0,0,0,16,5,3,1074,OGDEN AVE,41.761736,-87.654986,03/10/2022 04:16:00 PM,2022
CR00013412,03/31/2015 10:32:00 PM,20,RAIN,DAYLIGHT,TURNING,DIVIDED - W/MEDIAN (NOT RAISED),TRAFFIC SIGNAL,UNABLE TO DETERMINE,DISTRACTION - FROM INSIDE VEHICLE,0,0,1,1,22,3,3,1583,DAMEN AVE,41.92759,-87.683286,04/01/2015 12:19:00 AM,2015
CR00013413,10/24/2015 11:23:00 AM,35,RAIN,DARKNESS - LIGHTED ROAD,SIDESWIPE SAME DIRECTION,ONE-WAY,NO CONTROLS,FOLLOWING TOO CLOSELY,IMPROPER OVERTAKING/PASSING,0,0,0,0,11,7,10,2360,CLARK ST,41.96166,-87.514428,10/24/2015 11:40:00 AM,2015
CR00013414,04/30/2018 11:01:00 AM,30,CLEAR,DARKNESS,PEDESTRIAN,NOT DIVIDED,TRAFFIC SIGNAL,UNABLE TO DETERMINE,DRIVING SKILLS/KNOWLEDGE/EXPERIENCE,0,0,0,0,11,2,4,1731,WESTERN AVE,41.867435,-87.603943,04/30/2018 11:42:00 AM,2018
CR00013415,12/13/2017 07:12:00 PM,30,FREEZING RAIN/DRIZZLE,DAYLIGHT,SIDESWIPE SAME DIRECTION,NOT DIVIDED,TRAFFIC SIGNAL,IMPROPER LANE USAGE,IMPROPER LANE USAGE,0,0,0,0,19,4,12,878,HALSTED ST,41.918837,-87.503194,12/13/2017 08:58:00 PM,2017
CR00013416,07/13/2018 05:14:00 PM,30,CLEAR,DUSK,PARKED MOTOR VEHICLE,NOT DIVIDED,TRAFFIC SIGNAL,UNABLE TO DETERMINE,FOLLOWING TOO CLOSELY,0,0,0,0,17,6,7,1799,47TH ST,41.742355,-87.589334,07/13/2018 06:25:00 PM,2018
CR00013417,09/27/2021 02:08:00 AM,45,CLEAR,DAYLIGHT,PARKED MOTOR VEHICLE,DIVIDED - W/MEDIAN BARRIER,NO CONTROLS,FOLLOWING TOO CLOSELY,FAILING TO YIELD RIGHT-OF-WAY,0,0,1,1,2,2,9,2470,ROOSEVELT RD,41.998287,-87.724517,09/27/2021 02:13:00 AM,2021
CR00013418,06/10/2024 10:36:00 PM,30,CLEAR,DARKNESS - LIGHTED ROAD,REAR END,NOT DIVIDED,TRAFFIC SIGNAL,UNABLE TO DETERMINE,UNABLE TO DETERMINE,0,2,1,3,22,2,6,693,CALIFORNIA AVE,41.87101,-87.738676,06/11/2024 12:06:00 AM,2024
CR00013419,12/07/2020 03:21:00 AM,30,CLEAR,DAYLIGHT,TURNING,FOUR WAY,STOP SIGN/FLASHER,WEATHER,DRIVING SKILLS/KNOWLEDGE/EXPERIENCE,0,2,1,3,3,2,12,2052,ARCHER AVE,41.963919,-87.58337,12/07/2020 04:36:00 AM,2020
CR00013420,10/16/2015 09:40:00 AM,15,CLEAR,DUSK,SIDESWIPE SAME DIRECTION,T-INTERSECTION,TRAFFIC SIGNAL,DISTRACTION - FROM INSIDE VEHICLE,IMPROPER OVERTAKING/PASSING,0,0,0,0,9,6,10,2381,47TH ST,41.764346,-87.749831,10/16/2015 10:48:00 AM,2015
CR00013421,03/09/2024 03:07:00 AM,30,CLEAR,DAWN,REAR TO FRONT,ONE-WAY,TRAFFIC SIGNAL,UNABLE TO DETERMINE,FAILING TO YIELD RIGHT-OF-WAY,0,0,1,1,3,7,3,1932,CALIFORNIA AVE,41.984253,-87.517684,03/09/2024 03:55:00 AM,2024
CR00013422,06/17/2019 06:38:00 AM,45,CLEAR,DAYLIGHT,FIXED OBJECT,FOUR WAY,TRAFFIC SIGNAL,UNABLE TO DETERMINE,FOLLOWING TOO CLOSELY,0,0,0,0,6,2,6,2530,CALIFORNIA AVE,41.755305,-87.678394,06/17/2019 08:33:00 AM,2019
CR00013423,09/24/2017 12:31:00 PM,45,CLEAR,DARKNESS - LIGHTED ROAD,REAR END,DIVIDED - W/MEDIAN (NOT RAISED),STOP SIGN/FLASHER,IMPROPER LANE USAGE,UNABLE TO DETERMINE,0,0,0,0,12,1,9,528,CLARK ST,41.993432,-87.77928,09/24/2017 01:16:00 PM,2017
CR00013424,05/13/2015 02:39:00 AM,35,CLOUDY/OVERCAST,DARKNESS - LIGHTED ROAD,PARKED MOTOR VEHICLE,FOUR WAY,TRAFFIC SIGNAL,FAILING TO YIELD RIGHT-OF-WAY,DISREGARDING TRAFFIC SIGNALS,0,0,0,0,2,4,5,1088,MILWAUKEE AVE,41.809878,-87.747096,05/13/2015 04:24:00 AM,2015
CR00013425,10/21/2024 02:14:00 AM,20,CLEAR,DARKNESS,FIXED OBJECT,DIVIDED - W/MEDIAN (NOT RAISED),NO CONTROLS,UNABLE TO DETERMINE,UNABLE TO DETERMINE,0,0,0,0,2,2,10,2162,47TH ST,41.846051,-87.530402,10/21/2024 03:51:00 AM,2024
CR00013426,01/27/2021 04:45:00 PM,40,CLEAR,DARKNESS - LIGHTED ROAD,SIDESWIPE SAME DIRECTION,DIVIDED - W/MEDIAN (NOT RAISED),NO CONTROLS,FAILING TO YIELD RIGHT-OF-WAY,FOLLOWING TOO CLOSELY,0,0,0,0,16,4,1,1846,DIVISION ST,41.814863,-87.570571,01/27/2021 05:37:00 PM,2021