CRASH_RECORD_ID,CRASH_DATE,POSTED_SPEED_LIMIT,WEATHER_CONDITION,LIGHTING_CONDITION,FIRST_CRASH_TYPE,TRAFFICWAY_TYPE,TRAFFIC_CONTROL_DEVICE,PRIM_CONTRIBUTORY_CAUSE,SEC_CONTRIBUTORY_CAUSE,INJURIES_FATAL,INJURIES_INCAPACITATING,INJURIES_NON_INCAPACITATING,INJURIES_TOTAL,CRASH_HOUR,CRASH_DAY_OF_WEEK,CRASH_MONTH,BEAT_OF_OCCURRENCE,STREET_NAME,LATITUDE,LONGITUDE,DATE_POLICE_NOTIFIED,year
CR00013427,03/05/2017 09:11:00 AM,30,CLEAR,DAYLIGHT,REAR END,DIVIDED - W/MEDIAN (NOT RAISED),UNKNOWN,FOLLOWING TOO CLOSELY,FAILING TO YIELD RIGHT-OF-WAY,0,1,0,1,9,1,3,1851,CICERO AVE,41.87799,-87.710007,03/05/2017 10:53:00 AM,2017
CR00013428,03/08/2024 07:23:00 AM,30,CLEAR,DAYLIGHT,PARKED MOTOR VEHICLE,DIVIDED - W/MEDIAN (NOT RAISED),YIELD,FAILING TO REDUCE SPEED,FAILING TO REDUCE SPEED,0,0,0,0,7,6,3,1394,OGDEN AVE,41.904836,-87.636203,03/08/2024 07:51:00 AM,2024
CR00013429,05/19/2024 09:28:00 AM,40,CLOUDY/OVERCAST,DAYLIGHT,PARKED MOTOR VEHICLE,NOT DIVIDED,NO CONTROLS,UNABLE TO DETERMINE,DISTRACTION - FROM INSIDE VEHICLE,0,0,0,0,9,1,5,1992,IRVING PARK RD,41.834361,-87.643699,05/19/2024 10:46:00 AM,2024
CR00013430,01/11/2018 10:21:00 PM,15,CLEAR,DAYLIGHT,REAR END,DIVIDED - W/MEDIAN (NOT RAISED),NO CONTROLS,FOLLOWING TOO CLOSELY,FAILING TO YIELD RIGHT-OF-WAY,0,0,2,2,22,5,1,1100,HALSTED ST,41.842631,-87.779314,01/11/2018 11:59:00 PM,2018
CR00013431,07/22/2022 02:53:00 AM,15,CLEAR,DAYLIGHT,TURNING,FOUR WAY,NO CONTROLS,IMPROPER OVERTAKING/PASSING,IMPROPER OVERTAKING/PASSING,0,0,0,0,2,6,7,2289,WESTERN AVE,41.868046,-87.788975,07/22/2022 02:54:00 AM,2022
CR00013432,02/28/2020 02:57:00 PM,35,CLEAR,DARKNESS - LIGHTED ROAD,ANGLE,DIVIDED - W/MEDIAN (NOT RAISED),UNKNOWN,IMPROPER OVERTAKING/PASSING,IMPROPER LANE USAGE,0,2,1,3,14,6,2,480,HALSTED ST,41.797133,-87.742971,02/28/2020 04:26:00 PM,2020
CR00013433,03/08/2024 07:44:00 PM,35,CLOUDY/OVERCAST,DARKNESS - LIGHTED ROAD,ANGLE,NOT DIVIDED,TRAFFIC SIGNAL,DISTRACTION - FROM INSIDE VEHICLE,UNABLE TO DETERMINE,0,0,0,0,19,6,3,873,79TH ST,41.729316,-87.694142,03/08/2024 08:13:00 PM,2024
CR00013434,01/19/2016 08:25:00 PM,35,RAIN,DARKNESS - LIGHTED ROAD,REAR END,FOUR WAY,NO CONTROLS,FOLLOWING TOO CLOSELY,FAILING TO REDUCE SPEED,0,0,0,0,20,3,1,1258,DIVISION ST,41.826018,-87.788882,01/19/2016 10:18:00 PM,2016
CR00013435,02/18/2024 08:25:00 AM,15,CLEAR,DAYLIGHT,TURNING,DIVIDED - W/MEDIAN (NOT RAISED),UNKNOWN,DISTRACTION - FROM INSIDE VEHICLE,UNABLE TO DETERMINE,0,0,0,0,8,1,2,1114,DAMEN AVE,41.874668,-87.502444,02/18/2024 08:44:00 AM,2024
CR00013436,02/15/2022 04:59:00 PM,35,CLEAR,DAWN,TURNING,DIVIDED - W/MEDIAN (NOT RAISED),TRAFFIC SIGNAL,UNABLE TO DETERMINE,DRIVING SKILLS/KNOWLEDGE/EXPERIENCE,0,0,0,0,16,3,2,1412,FULLERTON AVE,41.935951,-87.683458,02/15/2022 05:26:00 PM,2022
CR00013437,09/17/2018 06:38:00 PM,15,CLEAR,DAWN,TURNING,DIVIDED - W/MEDIAN BARRIER,TRAFFIC SIGNAL,UNABLE TO DETERMINE,UNABLE TO DETERMINE,0,0,0,0,18,2,9,1915,CLARK ST,41.791239,-87.65717,09/17/2018 08:29:00 PM,2018
CR00013438,04/06/2015 02:30:00 AM,30,CLEAR,DUSK,TURNING,NOT DIVIDED,STOP SIGN/FLASHER,UNABLE TO DETERMINE,DRIVING SKILLS/KNOWLEDGE/EXPERIENCE,0,0,0,0,2,2,4,2326,79TH ST,41.948156,-87.531179,04/06/2015 02:48:00 AM,2015
CR00013439,04/22/2015 05:04:00 PM,25,CLOUDY/OVERCAST,DAYLIGHT,TURNING,NOT DIVIDED,NO CONTROLS,FAILING TO REDUCE SPEED,DRIVING SKILLS/KNOWLEDGE/EXPERIENCE,0,0,2,2,17,4,4,412,MILWAUKEE AVE,41.98895,-87.566117,04/22/2015 06:12:00 PM,2015
CR00013440,09/18/2023 03:42:00 PM,30,CLEAR,DAYLIGHT,REAR END,FOUR WAY,TRAFFIC SIGNAL,IMPROPER LANE USAGE,FAILING TO YIELD RIGHT-OF-WAY,0,0,0,0,15,2,9,1293,IRVING PARK RD,41.749192,-87.762877,09/18/2023 05:34:00 PM,2023
CR00013441,02/18/2022 07:08:00 PM,20,CLEAR,DAYLIGHT,REAR TO FRONT,NOT DIVIDED,STOP SIGN/FLASHER,UNABLE TO DETERMINE,WEATHER,0,0,0,0,19,6,2,2186,ASHLAND AVE,41.815534,-87.723799,02/18/2022 07:47:00 PM,2022
CR00013442,01/29/2022 05:57:00 PM,20,CLEAR,DARKNESS,REAR END,DIVIDED - W/MEDIAN (NOT RAISED),TRAFFIC SIGNAL,IMPROPER OVERTAKING/PASSING,FAILING TO YIELD RIGHT-OF-WAY,0,0,0,0,17,7,1,1687,MILWAUKEE AVE,41.736122,-87.531448,01/29/2022 06:18:00 PM,2022
CR00013443,05/10/2021 07:35:00 AM,35,CLEAR,DARKNESS - LIGHTED ROAD,SIDESWIPE SAME DIRECTION,DIVIDED - W/MEDIAN BARRIER,TRAFFIC SIGNAL,FOLLOWING TOO CLOSELY,UNABLE TO DETERMINE,0,0,0,0,7,2,5,1161,FULLERTON AVE,41.781992,-87.641242,05/10/2021 07:53:00 AM,2021
CR00013444,04/23/2019 11:13:00 AM,30,CLEAR,DAYLIGHT,PARKED MOTOR VEHICLE,ONE-WAY,NO CONTROLS,UNABLE TO DETERMINE,DISTRACTION - FROM INSIDE VEHICLE,0,1,1,2,11,3,4,1473,OGDEN AVE,41.74883,-87.614299,04/23/2019 12:43:00 PM,2019
CR00013445,08/20/2020 09:27:00 AM,30,CLEAR,DARKNESS - LIGHTED ROAD,TURNING,NOT DIVIDED,NO CONTROLS,IMPROPER LANE USAGE,IMPROPER LANE USAGE,0,0,0,0,9,5,8,1247,63RD ST,41.9855,-87.825033,08/20/2020 09:58:00 AM,2020
CR00013446,08/30/2015 08:17:00 AM,15,CLEAR,DARKNESS,REAR END,NOT DIVIDED,NO CONTROLS,FAILING TO REDUCE SPEED,FAILING TO YIELD RIGHT-OF-WAY,0,0,0,0,8,1,8,848,STONY ISLAND AVE,41.988729,-87.79472,08/30/2015 09:41:00 AM,2015
CR00013447,12/08/2015 03:14:00 PM,35,CLEAR,DAYLIGHT,PEDESTRIAN,NOT DIVIDED,TRAFFIC SIGNAL,UNABLE TO DETERMINE,UNABLE TO DETERMINE,0,0,0,0,15,3,12,1491,LAKE SHORE DR,41.723908,-87.56292,12/08/2015 04:36:00 PM,2015
CR00013448,09/08/2023 09:41:00 PM,15,RAIN,DAWN,PARKED MOTOR VEHICLE,NOT DIVIDED,NO CONTROLS,FOLLOWING TOO CLOSELY,DISREGARDING TRAFFIC SIGNALS,0,0,0,0,21,6,9,219,KEDZIE AVE,41.910252,-87.547868,09/08/2023 11:17:00 PM,2023
CR00013449,06/30/2021 08:30:00 PM,30,CLEAR,DAYLIGHT,TURNING,DIVIDED - W/MEDIAN (NOT RAISED),NO CONTROLS,FOLLOWING TOO CLOSELY,IMPROPER OVERTAKING/PASSING,0,0,0,0,20,4,6,2246,MICHIGAN AVE,41.808757,-87.516867,06/30/2021 09:08:00 PM,2021
CR00013450,12/10/2019 03:56:00 PM,15,RAIN,DARKNESS,ANGLE,ONE-WAY,TRAFFIC SIGNAL,FOLLOWING TOO CLOSELY,FOLLOWING TOO CLOSELY,0,0,0,0,15,3,12,113,IRVING PARK RD,41.949152,-87.795615,12/10/2019 04:12:00 PM,2019
CR00013451,10/02/2015 08:52:00 AM,45,RAIN,DAYLIGHT,PEDESTRIAN,NOT DIVIDED,TRAFFIC SIGNAL,FOLLOWING TOO CLOSELY,DISREGARDING TRAFFIC SIGNALS,0,0,3,3,8,6,10,1565,ARCHER AVE,41.927245,-87.512499,10/02/2015 10:48:00 AM,2015
CR00013452,03/05/2015 11:17:00 PM,45,RAIN,DARKNESS - LIGHTED ROAD,ANGLE,DIVIDED - W/MEDIAN BARRIER,TRAFFIC SIGNAL,DISTRACTION - FROM INSIDE VEHICLE,FOLLOWING TOO CLOSELY,0,0,0,0,23,5,3,1777,STATE ST,41.727635,-87.573004,03/06/2015 12:02:00 AM,2015
CR00013453,09/07/2022 01:32:00 PM,35,RAIN,DARKNESS - LIGHTED ROAD,REAR END,FOUR WAY,NO CONTROLS,FAILING TO REDUCE SPEED,NOT APPLICABLE,0,0,0,0,13,4,9,109,CICERO AVE,41.74522,-87.78991,09/07/2022 02:13:00 PM,2022
CR00013454,12/17/2019 08:55:00 AM,15,CLEAR,DAYLIGHT,ANGLE,NOT DIVIDED,NO CONTROLS,WEATHER,UNABLE TO DETERMINE,0,0,0,0,8,3,12,2488,63RD ST,41.722645,-87.599758,12/17/2019 09:10:00 AM,2019
CR00013455,12/15/2017 07:05:00 AM,20,CLEAR,DAYLIGHT,ANGLE,DIVIDED - W/MEDIAN BARRIER,UNKNOWN,WEATHER,DISREGARDING TRAFFIC SIGNALS,0,0,0,0,7,6,12,1677,DAMEN AVE,41.903315,-87.604158,12/15/2017 08:08:00 AM,2017
CR00013456,07/09/2019 11:44:00 AM,25,CLEAR,DAYLIGHT,ANGLE,NOT DIVIDED,NO CONTROLS,UNABLE TO DETERMINE,IMPROPER LANE USAGE,0,0,0,0,11,3,7,2128,DIVISION ST,41.930405,-87.558872,07/09/2019 01:01:00 PM,2019
CR00013457,10/05/2024 07:31:00 AM,25,CLEAR,DARKNESS,SIDESWIPE SAME DIRECTION,DIVIDED - W/MEDIAN BARRIER,TRAFFIC SIGNAL,UNABLE TO DETERMINE,UNABLE TO DETERMINE,0,0,0,0,7,7,10,1285,STONY ISLAND AVE,41.756089,-87.812604,10/05/2024 07:49:00 AM,2024
CR00013458,09/03/2019 07:10:00 AM,35,CLEAR,DAYLIGHT,REAR END,FOUR WAY,UNKNOWN,DRIVING SKILLS/KNOWLEDGE/EXPERIENCE,NOT APPLICABLE,0,0,1,1,7,3,9,405,STONY ISLAND AVE,41.756151,-87.832979,09/03/2019 07:39:00 AM,2019
CR00013459,10/07/2017 07:49:00 PM,35,CLEAR,DARKNESS,ANGLE,NOT DIVIDED,UNKNOWN,DISREGARDING TRAFFIC SIGNALS,IMPROPER OVERTAKING/PASSING,0,0,0,0,19,7,10,111,CALIFORNIA AVE,41.81417,-87.709039,10/07/2017 08:28:00 PM,2017
CR00013460,10/17/2016 07:49:00 PM,35,CLEAR,DARKNESS - LIGHTED ROAD,REAR END,NOT DIVIDED,NO CONTROLS,IMPROPER OVERTAKING/PASSING,UNABLE TO DETERMINE,0,0,0,0,19,2,10,1357,ROOSEVELT RD,41.99109,-87.629581,10/17/2016 08:28:00 PM,2016
CR00013461,04/27/2016 06:20:00 PM,25,SNOW,DARKNESS,ANGLE,ONE-WAY,TRAFFIC SIGNAL,FOLLOWING TOO CLOSELY,FAILING TO YIELD RIGHT-OF-WAY,0,1,0,1,18,4,4,696,FULLERTON AVE,41.809082,-87.616098,04/27/2016 08:13:00 PM,2016
CR00013462,05/10/2024 03:03:00 PM,15,CLEAR,DARKNESS,PARKED MOTOR VEHICLE,NOT DIVIDED,STOP SIGN/FLASHER,FAILING TO YIELD RIGHT-OF-WAY,UNABLE TO DETERMINE,0,0,0,0,15,6,5,517,79TH ST,41.766791,-87.634246,05/10/2024 04:13:00 PM,2024
CR00013463,08/11/2022 03:31:00 PM,40,RAIN,DAYLIGHT,REAR END,DIVIDED - W/MEDIAN (NOT RAISED),STOP SIGN/FLASHER,FOLLOWING TOO CLOSELY,FOLLOWING TOO CLOSELY,0,0,0,0,15,5,8,405,STONY ISLAND AVE,41.997767,-87.627423,08/11/2022 03:38:00 PM,2022
CR00013464,11/10/2021 08:58:00 PM,35,CLEAR,DAYLIGHT,REAR END,NOT DIVIDED,TRAFFIC SIGNAL,DISTRACTION - FROM INSIDE VEHICLE,FAILING TO REDUCE SPEED,0,0,0,0,20,4,11,1242,PULASKI RD,41.879785,-87.760456,11/10/2021 09:25:00 PM,2021
CR00013465,03/11/2017 08:36:00 AM,30,FOG/SMOKE/HAZE,DAYLIGHT,TURNING,ONE-WAY,TRAFFIC SIGNAL,UNABLE TO DETERMINE,WEATHER,0,0,0,0,8,7,3,1712,PULASKI RD,41.716548,-87.624789,03/11/2017 10:14:00 AM,2017
CR00013466,12/21/2023 01:03:00 PM,35,CLOUDY/OVERCAST,DARKNESS,TURNING,ONE-WAY,NO CONTROLS,UNABLE TO DETERMINE,DRIVING SKILLS/KNOWLEDGE/EXPERIENCE,0,0,0,0,13,5,12,2327,STATE ST,41.919782,-87.676787,12/21/2023 02:04:00 PM,2023
CR00013467,04/07/2023 11:12:00 AM,30,FREEZING RAIN/DRIZZLE,DAYLIGHT,REAR END,NOT DIVIDED,STOP SIGN/FLASHER,FAILING TO YIELD RIGHT-OF-WAY,FAILING TO YIELD RIGHT-OF-WAY,0,0,3,3,11,6,4,341,ARCHER AVE,41.821785,-87.692049,04/07/2023 01:01:00 PM,2023
CR00013468,12/19/2022 12:59:00 AM,30,CLEAR,DARKNESS - LIGHTED ROAD,SIDESWIPE SAME DIRECTION,NOT DIVIDED,NO CONTROLS,UNABLE TO DETERMINE,FOLLOWING TOO CLOSELY,0,0,0,0,0,2,12,1741,OGDEN AVE,41.994079,-87.789479,12/19/2022 02:50:00 AM,2022
CR00013469,08/14/2021 10:22:00 AM,35,CLEAR,DAYLIGHT,SIDESWIPE SAME DIRECTION,DIVIDED - W/MEDIAN (NOT RAISED),STOP SIGN/FLASHER,UNABLE TO DETERMINE,FOLLOWING TOO CLOSELY,0,0,0,0,10,7,8,154,ROOSEVELT RD,41.804419,-87.78832,08/14/2021 11:18:00 AM,2021
CR00013470,03/05/2015 01:49:00 PM,35,CLEAR,DAYLIGHT,TURNING,NOT DIVIDED,NO CONTROLS,UNABLE TO DETERMINE,IMPROPER OVERTAKING/PASSING,0,0,3,3,13,5,3,289,WESTERN AVE,41.819124,-87.5495,03/05/2015 02:29:00 PM,2015
CR00013471,10/09/2019 08:08:00 AM,35,CLEAR,DARKNESS,FIXED OBJECT,ONE-WAY,NO CONTROLS,UNABLE TO DETERMINE,FAILING TO YIELD RIGHT-OF-WAY,0,0,0,0,8,4,10,2418,CLARK ST,41.883309,-87.763773,10/09/2019 08:43:00 AM,2019
CR00013472,07/14/2024 06:04:00 PM,40,RAIN,DARKNESS - LIGHTED ROAD,PEDESTRIAN,NOT DIVIDED,NO CONTROLS,UNABLE TO DETERMINE,UNABLE TO DETERMINE,0,0,3,3,18,1,7,391,MICHIGAN AVE,41.730983,-87.784779,07/14/2024 07:02:00 PM,2024
CR00013473,10/29/2019 08:57:00 PM,35,CLOUDY/OVERCAST,DAYLIGHT,FIXED OBJECT,NOT DIVIDED,NO CONTROLS,FOLLOWING TOO CLOSELY,DISREGARDING TRAFFIC SIGNALS,0,0,0,0,20,3,10,855,OGDEN AVE,41.86149,-87.604876,10/29/2019 10:33:00 PM,2019
CR00013474,12/21/2015 09:10:00 PM,40,CLEAR,DAYLIGHT,TURNING,DIVIDED - W/MEDIAN BARRIER,NO CONTROLS,WEATHER,FAILING TO YIELD RIGHT-OF-WAY,0,0,0,0,21,2,12,676,PULASKI RD,41.744735,-87.690193,12/21/2015 10:15:00 PM,2015
CR00013475,12/09/2021 07:27:00 AM,15,CLOUDY/OVERCAST,DAYLIGHT,PARKED MOTOR VEHICLE,NOT DIVIDED,TRAFFIC SIGNAL,FAILING TO REDUCE SPEED,DRIVING SKILLS/KNOWLEDGE/EXPERIENCE,0,0,0,0,7,5,12,1666,ROOSEVELT RD,41.807399,-87.506751,12/09/2021 07:47:00 AM,2021
CR00013476,05/25/2017 07:28:00 PM,25,CLEAR,DAYLIGHT,SIDESWIPE SAME DIRECTION,DIVIDED - W/MEDIAN (NOT RAISED),NO CONTROLS,WEATHER,IMPROPER LANE USAGE,0,0,1,1,19,5,5,1163,STATE ST,41.751269,-87.824861,05/25/2017 08:10:00 PM,2017
CR00013477,03/06/2015 10:30:00 PM,30,CLEAR,DAYLIGHT,SIDESWIPE SAME DIRECTION,NOT DIVIDED,NO CONTROLS,UNABLE TO DETERMINE,NOT APPLICABLE,0,0,0,0,22,6,3,768,WESTERN AVE,41.926677,-87.749867,03/06/2015 11:48:00 PM,2015
CR00013478,11/13/2024 01:03:00 PM,15,CLEAR,DARKNESS - LIGHTED ROAD,FIXED OBJECT,DIVIDED - W/MEDIAN BARRIER,TRAFFIC SIGNAL,UNABLE TO DETERMINE,IMPROPER OVERTAKING/PASSING,0,0,0,0,13,4,11,2355,DIVISION ST,41.955294,-87.62136,11/13/2024 02:57:00 PM,2024
CR00013479,06/09/2019 06:33:00 PM,30,CLEAR,DAYLIGHT,TURNING,NOT DIVIDED,NO CONTROLS,UNABLE TO DETERMINE,UNABLE TO DETERMINE,0,2,3,5,18,1,6,2427,KEDZIE AVE,41.907606,-87.556515,06/09/2019 07:39:00 PM,2019
CR00013480,05/08/2016 05:51:00 PM,30,CLEAR,DARKNESS - LIGHTED ROAD,TURNING,FOUR WAY,TRAFFIC SIGNAL,IMPROPER LANE USAGE,FAILING TO YIELD RIGHT-OF-WAY,0,0,1,1,17,1,5,780,DIVISION ST,41.897464,-87.78303,05/08/2016 07:18:00 PM,2016
CR00013481,06/06/2022 11:58:00 PM,30,CLEAR,DAYLIGHT,TURNING,ONE-WAY,STOP SIGN/FLASHER,FAILING TO YIELD RIGHT-OF-WAY,UNABLE TO DETERMINE,0,0,0,0,23,2,6,1832,ROOSEVELT RD,41.885372,-87.830932,06/07/2022 01:48:00 AM,2022
CR00013482,08/23/2016 06:17:00 PM,25,CLEAR,DARKNESS - LIGHTED ROAD,REAR TO FRONT,DIVIDED - W/MEDIAN (NOT RAISED),TRAFFIC SIGNAL,DISTRACTION - FROM INSIDE VEHICLE,UNABLE TO DETERMINE,0,0,0,0,18,3,8,2111,PULASKI RD,41.727666,-87.71494,08/23/2016 07:49:00 PM,2016
CR00013483,06/16/2024 08:30:00 AM,35,SNOW,DARKNESS - LIGHTED ROAD,FIXED OBJECT,DIVIDED - W/MEDIAN (NOT RAISED),TRAFFIC SIGNAL,DRIVING SKILLS/KNOWLEDGE/EXPERIENCE,DRIVING SKILLS/KNOWLEDGE/EXPERIENCE,0,0,1,1,8,1,6,1506,CALIFORNIA AVE,41.907888,-87.6349,06/16/2024 10:13:00 AM,2024
CR00013484,02/19/2017 08:19:00 AM,30,CLEAR,DAYLIGHT,REAR TO FRONT,ONE-WAY,NO CONTROLS,IMPROPER OVERTAKING/PASSING,UNABLE TO DETERMINE,0,0,0,0,8,1,2,2445,CICERO AVE,41.760519,-87.554296,02/19/2017 09:15:00 AM,2017
CR00013485,12/21/2016 07:28:00 PM,45,CLEAR,DARKNESS - LIGHTED ROAD,PARKED MOTOR VEHICLE,FOUR WAY,NO CONTROLS,IMPROPER LANE USAGE,NOT APPLICABLE,0,0,2,2,19,4,12,707,MILWAUKEE AVE,41.777988,-87.693448,12/21/2016 08:39:00 PM,2016
CR00013486,02/20/2016 11:04:00 AM,30,CLOUDY/OVERCAST,DARKNESS,TURNING,NOT DIVIDED,NO CONTROLS,IMPROPER OVERTAKING/PASSING,DRIVING SKILLS/KNOWLEDGE/EXPERIENCE,0,0,0,0,11,7,2,2095,47TH ST,41.917167,-87.59879,02/20/2016 11:44:00 AM,2016
CR00013487,08/17/2016 02:41:00 PM,20,RAIN,DAYLIGHT,REAR END,NOT DIVIDED,STOP SIGN/FLASHER,DISREGARDING TRAFFIC SIGNALS,FAILING TO REDUCE SPEED,0,0,0,0,14,4,8,2384,IRVING PARK RD,41.853356,-87.741498,08/17/2016 04:26:00 PM,2016
CR00013488,02/16/2023 03:22:00 PM,35,CLEAR,DAYLIGHT,SIDESWIPE SAME DIRECTION,DIVIDED - W/MEDIAN (NOT RAISED),NO CONTROLS,DRIVING SKILLS/KNOWLEDGE/EXPERIENCE,UNABLE TO DETERMINE,0,0,0,0,15,5,2,2406,STONY ISLAND AVE,41.720411,-87.826527,02/16/2023 04:22:00 PM,2023
CR00013489,08/02/2019 11:29:00 PM,35,CLEAR,DAYLIGHT,REAR TO FRONT,DIVIDED - W/MEDIAN BARRIER,TRAFFIC SIGNAL,FOLLOWING TOO CLOSELY,UNABLE TO DETERMINE,0,0,0,0,23,6,8,767,STONY ISLAND AVE,41.99618,-87.774148,08/03/2019 12:54:00 AM,2019
CR00013490,02/18/2022 05:05:00 AM,40,CLEAR,DARKNESS - LIGHTED ROAD,SIDESWIPE SAME DIRECTION,NOT DIVIDED,NO CONTROLS,FOLLOWING TOO CLOSELY,FOLLOWING TOO CLOSELY,0,0,1,1,5,6,2,1202,DIVISION ST,41.792789,-87.722178,02/18/2022 06:10:00 AM,2022
CR00013491,11/08/2016 06:09:00 PM,30,CLEAR,DUSK,ANGLE,NOT DIVIDED,TRAFFIC SIGNAL,DISREGARDING TRAFFIC SIGNALS,DISTRACTION - FROM INSIDE VEHICLE,0,0,0,0,18,3,11,139,STATE ST,41.862137,-87.587304,11/08/2016 07:29:00 PM,2016
CR00013492,11/29/2023 12:41:00 PM,45,CLEAR,DARKNESS - LIGHTED ROAD,ANGLE,DIVIDED - W/MEDIAN (NOT RAISED),TRAFFIC SIGNAL,DISREGARDING TRAFFIC SIGNALS,DRIVING SKILLS/KNOWLEDGE/EXPERIENCE,0,0,0,0,12,4,11,2135,CICERO AVE,41.956499,-87.812815,11/29/2023 01:52:00 PM,2023
CR00013493,04/12/2016 03:49:00 AM,30,CLEAR,DAYLIGHT,SIDESWIPE SAME DIRECTION,NOT DIVIDED,UNKNOWN,DISTRACTION - FROM INSIDE VEHICLE,NOT APPLICABLE,0,0,0,0,3,3,4,2002,FULLERTON AVE,41.916778,-87.524774,04/12/2016 05:01:00 AM,2016
CR00013494,11/04/2024 02:30:00 PM,30,CLEAR,DAYLIGHT,SIDESWIPE SAME DIRECTION,FOUR WAY,TRAFFIC SIGNAL,UNABLE TO DETERMINE,FOLLOWING TOO CLOSELY,0,0,0,0,14,2,11,242,47TH ST,41.73064,-87.562115,11/04/2024 03:58:00 PM,2024
CR00013495,07/13/2018 11:38:00 AM,30,CLEAR,DAYLIGHT,REAR END,NOT DIVIDED,STOP SIGN/FLASHER,UNABLE TO DETERMINE,IMPROPER LANE USAGE,0,0,1,1,11,6,7,119,MILWAUKEE AVE,41.918478,-87.807426,07/13/2018 12:46:00 PM,2018
CR00013496,08/17/2023 11:19:00 AM,35,CLEAR,DAYLIGHT,FIXED OBJECT,DIVIDED - W/MEDIAN (NOT RAISED),YIELD,UNABLE TO DETERMINE,UNABLE TO DETERMINE,0,0,0,0,11,5,8,623,63RD ST,41.857014,-87.687889,08/17/2023 01:13:00 PM,2023
CR00013497,01/14/2024 07:40:00 AM,35,CLEAR,DAYLIGHT,PARKED MOTOR VEHICLE,ONE-WAY,NO CONTROLS,FAILING TO REDUCE SPEED,NOT APPLICABLE,0,0,0,0,7,1,1,470,BROADWAY,41.730017,-87.559642,01/14/2024 08:04:00 AM,2024
CR00013498,10/16/2022 05:59:00 PM,35,CLEAR,DARKNESS,TURNING,NOT DIVIDED,TRAFFIC SIGNAL,FAILING TO YIELD RIGHT-OF-WAY,NOT APPLICABLE,0,0,0,0,17,1,10,1455,47TH ST,41.932882,-87.849098,10/16/2022 07:29:00 PM,2022
CR00013499,04/25/2017 08:34:00 AM,30,CLEAR,DARKNESS,REAR END,FOUR WAY,TRAFFIC SIGNAL,UNABLE TO DETERMINE,IMPROPER LANE USAGE,0,0,0,0,8,3,4,1516,LAKE SHORE DR,41.875246,-87.574805,04/25/2017 09:14:00 AM,2017
CR00013500,05/30/2018 08:31:00 AM,15,CLEAR,DAYLIGHT,FIXED OBJECT,FOUR WAY,NO CONTROLS,FOLLOWING TOO CLOSELY,FAILING TO YIELD RIGHT-OF-WAY,0,0,0,0,8,4,5,1630,LAKE SHORE DR,41.815834,-87.68975,05/30/2018 08:46:00 AM,2018
CR00013501,07/16/2017 09:37:00 AM,35,CLEAR,DAYLIGHT,SIDESWIPE SAME DIRECTION,NOT DIVIDED,NO CONTROLS,UNABLE TO DETERMINE,NOT APPLICABLE,0,1,1,2,9,1,7,2529,ROOSEVELT RD,41.891293,-87.82722,07/16/2017 10:52:00 AM,2017
CR00013502,01/07/2016 03:22:00 PM,35,CLEAR,DAYLIGHT,TURNING,NOT DIVIDED,STOP SIGN/FLASHER,FOLLOWING TOO CLOSELY,UNABLE TO DETERMINE,0,0,0,0,15,5,1,430,STONY ISLAND AVE,41.975964,-87.803235,01/07/2016 04:47:00 PM,2016
CR00013503,08/31/2023 09:30:00 PM,35,RAIN,DAYLIGHT,REAR TO FRONT,DIVIDED - W/MEDIAN BARRIER,TRAFFIC SIGNAL,IMPROPER OVERTAKING/PASSING,FAILING TO REDUCE SPEED,0,0,0,0,21,5,8,550,CLARK ST,41.917966,-87.506641,08/31/2023 11:17:00 PM,2023
CR00013504,01/12/2020 03:25:00 AM,15,CLEAR,DAYLIGHT,REAR END,NOT DIVIDED,STOP SIGN/FLASHER,FOLLOWING TOO CLOSELY,UNABLE TO DETERMINE,0,0,0,0,3,1,1,187,ASHLAND AVE,41.772071,-87.749841,01/12/2020 05:16:00 AM,2020
CR00013505,07/01/2019 05:54:00 PM,35,CLEAR,DAYLIGHT,TURNING,DIVIDED - W/MEDIAN (NOT RAISED),TRAFFIC SIGNAL,WEATHER,DISTRACTION - FROM INSIDE VEHICLE,0,2,2,4,17,2,7,967,CALIFORNIA AVE,41.97147,-87.627964,07/01/2019 07:53:00 PM,2019
CR00013506,03/21/2022 03:56:00 PM,45,CLEAR,DARKNESS - LIGHTED ROAD,REAR END,DIVIDED - W/MEDIAN BARRIER,TRAFFIC SIGNAL,FAILING TO REDUCE SPEED,UNABLE TO DETERMINE,0,0,0,0,15,2,3,1056,CICERO AVE,41.937824,-87.629703,03/21/2022 04:58:00 PM,2022
CR00013507,02/14/2015 05:54:00 AM,30,FREEZING RAIN/DRIZZLE,DARKNESS,PARKED MOTOR VEHICLE,FOUR WAY,UNKNOWN,UNABLE TO DETERMINE,UNABLE TO DETERMINE,0,0,0,0,5,7,2,869,STATE ST,41.896622,-87.668,02/14/2015 06:22:00 AM,2015
CR00013508,08/06/2015 02:20:00 AM,35,RAIN,DAYLIGHT,PARKED MOTOR VEHICLE,DIVIDED - W/MEDIAN BARRIER,YIELD,DISREGARDING TRAFFIC SIGNALS,FAILING TO REDUCE SPEED,0,0,0,0,2,5,8,2416,79TH ST,41.708058,-87.615786,08/06/2015 03:02:00 AM,2015