CRASH_RECORD_ID,CRASH_DATE,POSTED_SPEED_LIMIT,WEATHER_CONDITION,LIGHTING_CONDITION,FIRST_CRASH_TYPE,TRAFFICWAY_TYPE,TRAFFIC_CONTROL_DEVICE,PRIM_CONTRIBUTORY_CAUSE,SEC_CONTRIBUTORY_CAUSE,INJURIES_FATAL,INJURIES_INCAPACITATING,INJURIES_NON_INCAPACITATING,INJURIES_TOTAL,CRASH_HOUR,CRASH_DAY_OF_WEEK,CRASH_MONTH,BEAT_OF_OCCURRENCE,STREET_NAME,LATITUDE,LONGITUDE,DATE_POLICE_NOTIFIED,year
CR00013509,07/07/2017 04:06:00 AM,30,CLEAR,DAYLIGHT,ANGLE,NOT DIVIDED,TRAFFIC SIGNAL,DRIVING SKILLS/KNOWLEDGE/EXPERIENCE,UNABLE TO DETERMINE,0,0,1,1,4,6,7,1465,WESTERN AVE,41.822023,-87.833327,07/07/2017 04:55:00 AM,2017
CR00013510,09/12/2024 11:33:00 AM,20,FREEZING RAIN/DRIZZLE,DAYLIGHT,TURNING,DIVIDED - W/MEDIAN (NOT RAISED),STOP SIGN/FLASHER,DRIVING SKILLS/KNOWLEDGE/EXPERIENCE,UNABLE TO DETERMINE,0,0,0,0,11,5,9,1560,MICHIGAN AVE,41.841713,-87.623775,09/12/2024 12:29:00 PM,2024
CR00013511,12/28/2021 08:01:00 AM,25,CLEAR,DAYLIGHT,ANGLE,DIVIDED - W/MEDIAN BARRIER,TRAFFIC SIGNAL,FAILING TO REDUCE SPEED,FOLLOWING TOO CLOSELY,0,1,0,1,8,3,12,1877,WESTERN AVE,41.750655,-87.519847,12/28/2021 09:48:00 AM,2021
CR00013512,07/16/2022 07:56:00 AM,35,CLEAR,DARKNESS - LIGHTED ROAD,ANGLE,T-INTERSECTION,STOP SIGN/FLASHER,FAILING TO YIELD RIGHT-OF-WAY,DISREGARDING TRAFFIC SIGNALS,0,0,0,0,7,7,7,2494,CICERO AVE,41.922212,-87.62157,07/16/2022 08:59:00 AM,2022
CR00013513,01/22/2024 11:48:00 AM,20,RAIN,DAYLIGHT,ANGLE,NOT DIVIDED,STOP SIGN/FLASHER,FAILING TO REDUCE SPEED,NOT APPLICABLE,0,0,1,1,11,2,1,1197,ASHLAND AVE,41.771236,-87.592616,01/22/2024 12:02:00 PM,2024
CR00013514,09/26/2016 06:59:00 PM,20,CLEAR,DAYLIGHT,REAR END,NOT DIVIDED,NO CONTROLS,UNABLE TO DETERMINE,DISREGARDING TRAFFIC SIGNALS,0,0,0,0,18,2,9,587,DIVISION ST,41.982975,-87.694011,09/26/2016 08:46:00 PM,2016
CR00013515,06/08/2023 09:56:00 AM,35,SNOW,DAYLIGHT,PARKED MOTOR VEHICLE,NOT DIVIDED,NO CONTROLS,UNABLE TO DETERMINE,UNABLE TO DETERMINE,0,0,0,0,9,5,6,822,ROOSEVELT RD,41.860887,-87.823589,06/08/2023 10:23:00 AM,2023
CR00013516,06/04/2021 12:00:00 PM,30,CLEAR,DARKNESS,TURNING,NOT DIVIDED,NO CONTROLS,DRIVING SKILLS/KNOWLEDGE/EXPERIENCE,UNABLE TO DETERMINE,0,0,0,0,12,6,6,1330,ROOSEVELT RD,41.788922,-87.796779,06/04/2021 01:52:00 PM,2021
CR00013517,12/11/2017 08:39:00 AM,15,CLEAR,DAYLIGHT,PARKED MOTOR VEHICLE,ONE-WAY,NO CONTROLS,FOLLOWING TOO CLOSELY,FOLLOWING TOO CLOSELY,0,0,0,0,8,2,12,1877,DAMEN AVE,41.991736,-87.647378,12/11/2017 08:58:00 AM,2017
CR00013518,12/05/2017 06:07:00 PM,15,SNOW,DARKNESS - LIGHTED ROAD,ANGLE,NOT DIVIDED,TRAFFIC SIGNAL,DRIVING SKILLS/KNOWLEDGE/EXPERIENCE,UNABLE TO DETERMINE,0,0,3,3,18,3,12,1289,MILWAUKEE AVE,41.768197,-87.771743,12/05/2017 07:12:00 PM,2017
CR00013519,03/29/2018 10:03:00 AM,20,CLEAR,DAYLIGHT,PARKED MOTOR VEHICLE,NOT DIVIDED,NO CONTROLS,DRIVING SKILLS/KNOWLEDGE/EXPERIENCE,DISREGARDING TRAFFIC SIGNALS,0,0,0,0,10,5,3,1401,DIVISION ST,41.822187,-87.635061,03/29/2018 11:58:00 AM,2018
CR00013520,05/16/2023 08:56:00 AM,15,CLOUDY/OVERCAST,DAYLIGHT,PARKED MOTOR VEHICLE,ONE-WAY,TRAFFIC SIGNAL,DISTRACTION - FROM INSIDE VEHICLE,DRIVING SKILLS/KNOWLEDGE/EXPERIENCE,0,0,0,0,8,3,5,924,LAKE SHORE DR,41.91003,-87.538755,05/16/2023 08:57:00 AM,2023
CR00013521,10/31/2021 02:09:00 PM,25,CLEAR,DARKNESS,REAR END,DIVIDED - W/MEDIAN (NOT RAISED),NO CONTROLS,FOLLOWING TOO CLOSELY,FAILING TO YIELD RIGHT-OF-WAY,0,0,0,0,14,1,10,2153,ARCHER AVE,41.909715,-87.744702,10/31/2021 03:29:00 PM,2021
CR00013522,06/14/2017 11:05:00 AM,30,CLEAR,DUSK,PEDESTRIAN,NOT DIVIDED,NO CONTROLS,DISREGARDING TRAFFIC SIGNALS,UNABLE TO DETERMINE,0,0,0,0,11,4,6,1928,OGDEN AVE,41.819136,-87.695172,06/14/2017 11:13:00 AM,2017
CR00013523,09/19/2023 06:59:00 PM,35,CLEAR,DAYLIGHT,ANGLE,NOT DIVIDED,UNKNOWN,FAILING TO REDUCE SPEED,NOT APPLICABLE,0,1,0,1,18,3,9,2367,KEDZIE AVE,41.902288,-87.764032,09/19/2023 07:59:00 PM,2023
CR00013524,05/10/2022 09:13:00 AM,30,CLEAR,DAYLIGHT,SIDESWIPE SAME DIRECTION,FOUR WAY,NO CONTROLS,UNABLE TO DETERMINE,UNABLE TO DETERMINE,0,0,0,0,9,3,5,1984,BROADWAY,41.837996,-87.816614,05/10/2022 10:29:00 AM,2022
CR00013525,12/11/2022 06:57:00 PM,25,CLEAR,DARKNESS - LIGHTED ROAD,REAR END,DIVIDED - W/MEDIAN BARRIER,NO CONTROLS,DISTRACTION - FROM INSIDE VEHICLE,UNABLE TO DETERMINE,0,0,0,0,18,1,12,1480,79TH ST,41.936352,-87.692845,12/11/2022 08:03:00 PM,2022
CR00013526,12/28/2019 12:34:00 PM,45,CLEAR,DUSK,TURNING,NOT DIVIDED,NO CONTROLS,UNABLE TO DETERMINE,NOT APPLICABLE,0,0,0,0,12,7,12,2454,STONY ISLAND AVE,41.944009,-87.507722,12/28/2019 01:28:00 PM,2019
CR00013527,01/14/2022 07:18:00 AM,40,CLOUDY/OVERCAST,DAYLIGHT,REAR END,ONE-WAY,NO CONTROLS,FOLLOWING TOO CLOSELY,FAILING TO REDUCE SPEED,0,0,3,3,7,6,1,1875,HALSTED ST,41.925172,-87.811471,01/14/2022 08:05:00 AM,2022
CR00013528,09/23/2016 06:02:00 PM,45,RAIN,DARKNESS - LIGHTED ROAD,ANGLE,NOT DIVIDED,NO CONTROLS,DRIVING SKILLS/KNOWLEDGE/EXPERIENCE,UNABLE TO DETERMINE,0,0,0,0,18,6,9,2533,ARCHER AVE,41.725662,-87.522156,09/23/2016 07:02:00 PM,2016
CR00013529,02/11/2016 11:22:00 AM,35,RAIN,DARKNESS - LIGHTED ROAD,REAR END,DIVIDED - W/MEDIAN BARRIER,TRAFFIC SIGNAL,IMPROPER LANE USAGE,FAILING TO YIELD RIGHT-OF-WAY,0,0,0,0,11,5,2,2278,CICERO AVE,41.877089,-87.512879,02/11/2016 12:57:00 PM,2016
CR00013530,10/04/2015 07:02:00 PM,30,CLEAR,DAYLIGHT,TURNING,ONE-WAY,NO CONTROLS,UNABLE TO DETERMINE,FAILING TO YIELD RIGHT-OF-WAY,0,0,2,2,19,1,10,1573,CICERO AVE,41.70092,-87.648049,10/04/2015 07:05:00 PM,2015
CR00013531,01/28/2020 08:04:00 PM,30,CLEAR,DARKNESS - LIGHTED ROAD,SIDESWIPE SAME DIRECTION,FOUR WAY,TRAFFIC SIGNAL,FAILING TO YIELD RIGHT-OF-WAY,DISREGARDING TRAFFIC SIGNALS,0,0,1,1,20,3,1,930,STONY ISLAND AVE,41.747679,-87.847049,01/28/2020 09:06:00 PM,2020
CR00013532,04/11/2024 08:24:00 AM,30,CLEAR,DARKNESS - LIGHTED ROAD,PEDESTRIAN,NOT DIVIDED,STOP SIGN/FLASHER,UNABLE TO DETERMINE,NOT APPLICABLE,0,1,1,2,8,5,4,225,KEDZIE AVE,41.883703,-87.684629,04/11/2024 09:35:00 AM,2024
CR00013533,05/21/2018 08:22:00 AM,30,RAIN,DARKNESS - LIGHTED ROAD,TURNING,DIVIDED - W/MEDIAN (NOT RAISED),NO CONTROLS,FAILING TO YIELD RIGHT-OF-WAY,FAILING TO REDUCE SPEED,0,0,0,0,8,2,5,976,CICERO AVE,41.736505,-87.80649,05/21/2018 08:43:00 AM,2018
CR00013534,06/23/2024 10:52:00 PM,20,CLEAR,DAYLIGHT,REAR END,DIVIDED - W/MEDIAN (NOT RAISED),UNKNOWN,UNABLE TO DETERMINE,FOLLOWING TOO CLOSELY,0,0,3,3,22,1,6,933,ELSTON AVE,41.823869,-87.671537,06/24/2024 12:06:00 AM,2024
CR00013535,04/07/2022 02:17:00 PM,25,SNOW,DAYLIGHT,TURNING,DIVIDED - W/MEDIAN (NOT RAISED),NO CONTROLS,UNABLE TO DETERMINE,NOT APPLICABLE,0,0,0,0,14,5,4,2313,PULASKI RD,41.814662,-87.54893,04/07/2022 02:29:00 PM,2022
CR00013536,03/27/2023 10:05:00 AM,30,CLEAR,DAYLIGHT,TURNING,DIVIDED - W/MEDIAN (NOT RAISED),STOP SIGN/FLASHER,FAILING TO YIELD RIGHT-OF-WAY,IMPROPER OVERTAKING/PASSING,0,0,0,0,10,2,3,1229,FULLERTON AVE,41.81128,-87.833908,03/27/2023 10:50:00 AM,2023
CR00013537,09/17/2024 04:58:00 PM,20,CLEAR,DARKNESS - LIGHTED ROAD,REAR END,DIVIDED - W/MEDIAN (NOT RAISED),TRAFFIC SIGNAL,DRIVING SKILLS/KNOWLEDGE/EXPERIENCE,NOT APPLICABLE,0,0,0,0,16,3,9,322,LAKE SHORE DR,41.999845,-87.783479,09/17/2024 06:26:00 PM,2024
CR00013538,03/06/2015 07:14:00 AM,30,CLEAR,DARKNESS - LIGHTED ROAD,FIXED OBJECT,FOUR WAY,STOP SIGN/FLASHER,FAILING TO YIELD RIGHT-OF-WAY,UNABLE TO DETERMINE,0,0,0,0,7,6,3,1433,ELSTON AVE,41.890645,-87.551708,03/06/2015 08:41:00 AM,2015
CR00013539,03/19/2019 08:40:00 AM,20,CLEAR,DAWN,PARKED MOTOR VEHICLE,NOT DIVIDED,STOP SIGN/FLASHER,DRIVING SKILLS/KNOWLEDGE/EXPERIENCE,NOT APPLICABLE,0,0,0,0,8,3,3,428,CALIFORNIA AVE,41.882534,-87.611245,03/19/2019 08:48:00 AM,2019
CR00013540,02/01/2024 10:10:00 AM,25,CLEAR,DAYLIGHT,TURNING,NOT DIVIDED,TRAFFIC SIGNAL,IMPROPER LANE USAGE,IMPROPER LANE USAGE,0,0,3,3,10,5,2,1953,PULASKI RD,41.812115,-87.520251,02/01/2024 10:58:00 AM,2024
CR00013541,03/09/2022 08:23:00 AM,40,CLEAR,DAYLIGHT,REAR END,NOT DIVIDED,NO CONTROLS,UNABLE TO DETERMINE,DRIVING SKILLS/KNOWLEDGE/EXPERIENCE,0,0,0,0,8,4,3,2209,STATE ST,41.975458,-87.833255,03/09/2022 08:52:00 AM,2022
CR00013542,01/20/2016 09:40:00 AM,35,CLEAR,DAYLIGHT,REAR END,DIVIDED - W/MEDIAN (NOT RAISED),STOP SIGN/FLASHER,DRIVING SKILLS/KNOWLEDGE/EXPERIENCE,UNABLE TO DETERMINE,0,0,0,0,9,4,1,1938,DAMEN AVE,41.912036,-87.829827,01/20/2016 09:57:00 AM,2016
CR00013543,02/24/2016 07:44:00 PM,40,CLEAR,DAYLIGHT,TURNING,NOT DIVIDED,TRAFFIC SIGNAL,IMPROPER LANE USAGE,FAILING TO YIELD RIGHT-OF-WAY,0,0,0,0,19,4,2,375,MICHIGAN AVE,41.91028,-87.695796,02/24/2016 08:07:00 PM,2016
CR00013544,12/30/2021 08:14:00 AM,20,CLOUDY/OVERCAST,DARKNESS - LIGHTED ROAD,REAR END,NOT DIVIDED,NO CONTROLS,UNABLE TO DETERMINE,IMPROPER OVERTAKING/PASSING,0,0,1,1,8,5,12,380,OGDEN AVE,41.928598,-87.804986,12/30/2021 10:06:00 AM,2021
CR00013545,11/25/2024 08:47:00 AM,30,CLEAR,DAYLIGHT,TURNING,T-INTERSECTION,NO CONTROLS,DISTRACTION - FROM INSIDE VEHICLE,UNABLE TO DETERMINE,0,0,0,0,8,2,11,1404,FULLERTON AVE,41.812591,-87.777812,11/25/2024 10:39:00 AM,2024
CR00013546,08/18/2021 07:06:00 PM,30,CLEAR,DAYLIGHT,REAR END,NOT DIVIDED,NO CONTROLS,UNABLE TO DETERMINE,DISTRACTION - FROM INSIDE VEHICLE,0,0,0,0,19,4,8,2304,ARCHER AVE,41.855319,-87.845451,08/18/2021 08:17:00 PM,2021
CR00013547,01/30/2015 07:35:00 PM,30,CLEAR,DARKNESS,TURNING,NOT DIVIDED,NO CONTROLS,DRIVING SKILLS/KNOWLEDGE/EXPERIENCE,NOT APPLICABLE,0,0,1,1,19,6,1,136,47TH ST,41.728969,-87.581006,01/30/2015 08:16:00 PM,2015
CR00013548,12/10/2022 08:48:00 AM,30,CLEAR,DARKNESS - LIGHTED ROAD,REAR END,NOT DIVIDED,TRAFFIC SIGNAL,UNABLE TO DETERMINE,IMPROPER LANE USAGE,0,0,0,0,8,7,12,765,KEDZIE AVE,41.768123,-87.685586,12/10/2022 09:08:00 AM,2022
CR00013549,05/17/2022 10:40:00 AM,45,CLEAR,DUSK,REAR END,T-INTERSECTION,TRAFFIC SIGNAL,IMPROPER LANE USAGE,FOLLOWING TOO CLOSELY,0,1,3,4,10,3,5,690,DAMEN AVE,41.839972,-87.745164,05/17/2022 12:14:00 PM,2022
CR00013550,02/10/2016 11:24:00 PM,45,CLEAR,DAYLIGHT,PARKED MOTOR VEHICLE,ONE-WAY,STOP SIGN/FLASHER,FAILING TO YIELD RIGHT-OF-WAY,UNABLE TO DETERMINE,0,0,0,0,23,4,2,689,STONY ISLAND AVE,41.891697,-87.733427,02/10/2016 11:43:00 PM,2016
CR00013551,12/31/2022 11:58:00 AM,35,CLEAR,DAYLIGHT,REAR END,DIVIDED - W/MEDIAN (NOT RAISED),NO CONTROLS,FAILING TO YIELD RIGHT-OF-WAY,FOLLOWING TOO CLOSELY,0,2,1,3,11,7,12,1627,BROADWAY,41.792153,-87.606445,12/31/2022 01:11:00 PM,2022
CR00013552,07/21/2018 04:33:00 AM,35,CLEAR,DAYLIGHT,ANGLE,DIVIDED - W/MEDIAN (NOT RAISED),NO CONTROLS,UNABLE TO DETERMINE,UNABLE TO DETERMINE,0,0,0,0,4,7,7,1609,CICERO AVE,41.746188,-87.710963,07/21/2018 06:23:00 AM,2018
CR00013553,10/16/2018 05:40:00 PM,30,CLEAR,DAYLIGHT,ANGLE,DIVIDED - W/MEDIAN (NOT RAISED),STOP SIGN/FLASHER,UNABLE TO DETERMINE,FOLLOWING TOO CLOSELY,0,0,3,3,17,3,10,801,DAMEN AVE,41.785328,-87.801455,10/16/2018 06:36:00 PM,2018
CR00013554,02/08/2022 10:24:00 AM,20,CLOUDY/OVERCAST,DAYLIGHT,SIDESWIPE SAME DIRECTION,NOT DIVIDED,TRAFFIC SIGNAL,UNABLE TO DETERMINE,FAILING TO YIELD RIGHT-OF-WAY,0,1,0,1,10,3,2,1314,OGDEN AVE,41.974327,-87.601309,02/08/2022 11:20:00 AM,2022
CR00013555,09/03/2020 05:12:00 AM,30,CLEAR,DAYLIGHT,PEDESTRIAN,DIVIDED - W/MEDIAN (NOT RAISED),TRAFFIC SIGNAL,DISTRACTION - FROM INSIDE VEHICLE,IMPROPER LANE USAGE,0,0,0,0,5,5,9,1716,DIVISION ST,41.890487,-87.751732,09/03/2020 07:01:00 AM,2020
CR00013556,01/06/2021 07:51:00 AM,40,CLEAR,DAYLIGHT,SIDESWIPE SAME DIRECTION,NOT DIVIDED,NO CONTROLS,UNABLE TO DETERMINE,UNABLE TO DETERMINE,0,0,0,0,7,4,1,1578,STATE ST,41.705594,-87.809324,01/06/2021 09:13:00 AM,2021
CR00013557,07/04/2023 06:28:00 PM,30,RAIN,DAYLIGHT,PARKED MOTOR VEHICLE,DIVIDED - W/MEDIAN BARRIER,TRAFFIC SIGNAL,UNABLE TO DETERMINE,IMPROPER OVERTAKING/PASSING,0,0,3,3,18,3,7,160,CALIFORNIA AVE,41.910593,-87.790503,07/04/2023 06:36:00 PM,2023
CR00013558,01/04/2023 01:14:00 AM,45,CLOUDY/OVERCAST,DAYLIGHT,REAR END,NOT DIVIDED,TRAFFIC SIGNAL,FOLLOWING TOO CLOSELY,FOLLOWING TOO CLOSELY,0,0,0,0,1,4,1,1507,CLARK ST,41.851631,-87.783468,01/04/2023 02:14:00 AM,2023
CR00013559,04/17/2021 08:03:00 AM,25,CLOUDY/OVERCAST,DAYLIGHT,SIDESWIPE SAME DIRECTION,NOT DIVIDED,NO CONTROLS,FOLLOWING TOO CLOSELY,IMPROPER LANE USAGE,0,0,0,0,8,7,4,604,63RD ST,41.99907,-87.805959,04/17/2021 09:05:00 AM,2021
CR00013560,08/30/2020 01:34:00 PM,35,CLEAR,DAYLIGHT,TURNING,ONE-WAY,STOP SIGN/FLASHER,UNABLE TO DETERMINE,FAILING TO YIELD RIGHT-OF-WAY,0,0,0,0,13,1,8,2228,79TH ST,41.981168,-87.512618,08/30/2020 01:54:00 PM,2020
CR00013561,09/02/2020 04:44:00 PM,45,CLEAR,DAYLIGHT,REAR END,T-INTERSECTION,PEDESTRIAN CROSSING SIGN,UNABLE TO DETERMINE,FAILING TO REDUCE SPEED,0,0,0,0,16,4,9,1900,HALSTED ST,41.854367,-87.644603,09/02/2020 05:08:00 PM,2020
CR00013562,06/04/2020 01:56:00 PM,35,RAIN,DAYLIGHT,REAR END,ONE-WAY,NO CONTROLS,FOLLOWING TOO CLOSELY,UNABLE TO DETERMINE,0,0,0,0,13,5,6,610,ROOSEVELT RD,41.821847,-87.547904,06/04/2020 02:07:00 PM,2020
CR00013563,12/10/2015 10:50:00 AM,35,CLEAR,DARKNESS - LIGHTED ROAD,SIDESWIPE SAME DIRECTION,NOT DIVIDED,NO CONTROLS,IMPROPER OVERTAKING/PASSING,UNABLE TO DETERMINE,0,0,0,0,10,5,12,1908,DAMEN AVE,41.8487,-87.646024,12/10/2015 11:00:00 AM,2015
CR00013564,02/09/2023 05:20:00 PM,30,CLEAR,DARKNESS,ANGLE,ONE-WAY,TRAFFIC SIGNAL,WEATHER,IMPROPER LANE USAGE,0,0,0,0,17,5,2,747,63RD ST,41.738798,-87.803982,02/09/2023 05:54:00 PM,2023
CR00013565,03/28/2016 04:16:00 AM,30,CLEAR,DAYLIGHT,PARKED MOTOR VEHICLE,DIVIDED - W/MEDIAN BARRIER,YIELD,UNABLE TO DETERMINE,FOLLOWING TOO CLOSELY,0,0,0,0,4,2,3,1530,STONY ISLAND AVE,41.944648,-87.815215,03/28/2016 05:29:00 AM,2016
CR00013566,06/05/2021 04:31:00 PM,30,CLOUDY/OVERCAST,DARKNESS - LIGHTED ROAD,ANGLE,FOUR WAY,UNKNOWN,UNABLE TO DETERMINE,NOT APPLICABLE,0,0,0,0,16,7,6,1335,ELSTON AVE,41.87329,-87.670456,06/05/2021 05:12:00 PM,2021
CR00013567,11/21/2015 01:16:00 PM,30,CLEAR,DAYLIGHT,REAR END,ONE-WAY,NO CONTROLS,IMPROPER OVERTAKING/PASSING,NOT APPLICABLE,0,0,0,0,13,7,11,2102,KEDZIE AVE,41.948187,-87.596988,11/21/2015 02:19:00 PM,2015
CR00013568,01/05/2019 05:52:00 PM,40,CLEAR,DAYLIGHT,SIDESWIPE SAME DIRECTION,NOT DIVIDED,NO CONTROLS,FAILING TO YIELD RIGHT-OF-WAY,NOT APPLICABLE,0,0,0,0,17,7,1,1255,STONY ISLAND AVE,41.979191,-87.690658,01/05/2019 06:45:00 PM,2019
CR00013569,04/27/2021 06:17:00 PM,20,CLOUDY/OVERCAST,DAYLIGHT,REAR END,T-INTERSECTION,UNKNOWN,FAILING TO YIELD RIGHT-OF-WAY,IMPROPER OVERTAKING/PASSING,0,0,0,0,18,3,4,1740,CLARK ST,41.955546,-87.732104,04/27/2021 07:36:00 PM,2021
CR00013570,02/26/2018 01:55:00 PM,30,CLEAR,DAYLIGHT,SIDESWIPE SAME DIRECTION,FOUR WAY,STOP SIGN/FLASHER,UNABLE TO DETERMINE,UNABLE TO DETERMINE,0,0,0,0,13,2,2,1127,IRVING PARK RD,41.933142,-87.546286,02/26/2018 03:04:00 PM,2018
CR00013571,12/11/2022 10:00:00 PM,35,CLEAR,DARKNESS - LIGHTED ROAD,SIDESWIPE SAME DIRECTION,DIVIDED - W/MEDIAN (NOT RAISED),NO CONTROLS,IMPROPER LANE USAGE,NOT APPLICABLE,0,0,1,1,22,1,12,590,WESTERN AVE,41.814297,-87.718487,12/11/2022 10:01:00 PM,2022
CR00013572,03/31/2023 08:08:00 AM,45,CLEAR,DARKNESS - LIGHTED ROAD,REAR END,ONE-WAY,STOP SIGN/FLASHER,IMPROPER LANE USAGE,DISREGARDING TRAFFIC SIGNALS,0,0,0,0,8,6,3,142,ROOSEVELT RD,41.754227,-87.770936,03/31/2023 09:36:00 AM,2023
CR00013573,02/05/2019 10:02:00 AM,20,CLEAR,DAYLIGHT,TURNING,NOT DIVIDED,TRAFFIC SIGNAL,FOLLOWING TOO CLOSELY,NOT APPLICABLE,0,0,0,0,10,3,2,216,CLARK ST,41.756415,-87.650571,02/05/2019 11:07:00 AM,2019
CR00013574,05/23/2023 03:28:00 PM,20,CLEAR,DAYLIGHT,REAR END,NOT DIVIDED,STOP SIGN/FLASHER,UNABLE TO DETERMINE,FOLLOWING TOO CLOSELY,0,0,1,1,15,3,5,2217,STATE ST,41.904137,-87.581541,05/23/2023 05:12:00 PM,2023
CR00013575,11/03/2020 06:17:00 PM,40,CLOUDY/OVERCAST,DARKNESS - LIGHTED ROAD,TURNING,NOT DIVIDED,NO CONTROLS,DISTRACTION - FROM INSIDE VEHICLE,NOT APPLICABLE,0,0,3,3,18,3,11,2054,79TH ST,41.723104,-87.729496,11/03/2020 06:22:00 PM,2020
CR00013576,02/12/2018 11:55:00 PM,25,CLEAR,DAYLIGHT,REAR END,NOT DIVIDED,NO CONTROLS,FOLLOWING TOO CLOSELY,UNABLE TO DETERMINE,0,0,0,0,23,2,2,400,ELSTON AVE,41.917375,-87.766961,02/13/2018 12:20:00 AM,2018
CR00013577,04/11/2019 01:09:00 AM,40,CLEAR,DARKNESS - LIGHTED ROAD,REAR END,ONE-WAY,NO CONTROLS,IMPROPER OVERTAKING/PASSING,FAILING TO YIELD RIGHT-OF-WAY,0,0,0,0,1,5,4,430,BROADWAY,41.806924,-87.80641,04/11/2019 02:24:00 AM,2019
CR00013578,10/07/2022 03:47:00 AM,35,CLEAR,DAYLIGHT,REAR END,NOT DIVIDED,STOP SIGN/FLASHER,DRIVING SKILLS/KNOWLEDGE/EXPERIENCE,DISREGARDING TRAFFIC SIGNALS,0,0,0,0,3,6,10,613,ASHLAND AVE,41.904864,-87.531927,10/07/2022 04:56:00 AM,2022
CR00013579,11/15/2024 02:34:00 PM,30,CLEAR,DARKNESS - LIGHTED ROAD,TURNING,DIVIDED - W/MEDIAN (NOT RAISED),TRAFFIC SIGNAL,UNABLE TO DETERMINE,DRIVING SKILLS/KNOWLEDGE/EXPERIENCE,0,0,1,1,14,6,11,433,MILWAUKEE AVE,41.722021,-87.62542,11/15/2024 03:23:00 PM,2024
CR00013580,05/21/2015 03:08:00 PM,30,CLEAR,DAYLIGHT,TURNING,NOT DIVIDED,STOP SIGN/FLASHER,DISREGARDING TRAFFIC SIGNALS,NOT APPLICABLE,0,0,1,1,15,5,5,1505,DAMEN AVE,41.847282,-87.841578,05/21/2015 03:10:00 PM,2015
CR00013581,12/20/2021 06:26:00 PM,25,CLEAR,DAYLIGHT,FIXED OBJECT,NOT DIVIDED,NO CONTROLS,DISREGARDING TRAFFIC SIGNALS,FOLLOWING TOO CLOSELY,0,0,0,0,18,2,12,946,IRVING PARK RD,41.749954,-87.618821,12/20/2021 07:17:00 PM,2021
CR00013582,01/19/2021 01:43:00 PM,30,CLEAR,DAYLIGHT,REAR END,DIVIDED - W/MEDIAN (NOT RAISED),STOP SIGN/FLASHER,DRIVING SKILLS/KNOWLEDGE/EXPERIENCE,UNABLE TO DETERMINE,0,0,0,0,13,3,1,1905,ELSTON AVE,41.948963,-87.843126,01/19/2021 03:25:00 PM,2021
CR00013583,02/14/2024 09:55:00 AM,35,CLEAR,DARKNESS,REAR END,NOT DIVIDED,NO CONTROLS,DISREGARDING TRAFFIC SIGNALS,WEATHER,0,0,0,0,9,4,2,1777,BROADWAY,41.898311,-87.824345,02/14/2024 10:24:00 AM,2024
CR00013584,04/26/2019 03:54:00 AM,30,CLEAR,DAYLIGHT,PEDESTRIAN,ONE-WAY,NO CONTROLS,FOLLOWING TOO CLOSELY,UNABLE TO DETERMINE,0,0,0,0,3,6,4,1019,HALSTED ST,41.776647,-87.69644,04/26/2019 04:02:00 AM,2019
CR00013585,12/31/2015 07:50:00 AM,30,CLEAR,DAYLIGHT,PARKED MOTOR VEHICLE,NOT DIVIDED,NO CONTROLS,UNABLE TO DETERMINE,NOT APPLICABLE,0,1,2,3,7,5,12,1396,79TH ST,41.752907,-87.708044,12/31/2015 08:16:00 AM,2015
CR00013586,04/25/2024 05:32:00 PM,30,CLEAR,DAYLIGHT,REAR END,DIVIDED - W/MEDIAN BARRIER,STOP SIGN/FLASHER,UNABLE TO DETERMINE,UNABLE TO DETERMINE,0,0,0,0,17,5,4,784,CALIFORNIA AVE,41.872486,-87.501947,04/25/2024 05:59:00 PM,2024
CR00013587,06/17/2024 09:31:00 AM,30,SNOW,DAYLIGHT,ANGLE,DIVIDED - W/MEDIAN BARRIER,TRAFFIC SIGNAL,UNABLE TO DETERMINE,NOT APPLICABLE,0,0,0,0,9,2,6,1987,MICHIGAN AVE,41.954837,-87.790682,06/17/2024 11:20:00 AM,2024
CR00013588,04/24/2019 01:20:00 AM,35,CLEAR,DARKNESS - LIGHTED ROAD,REAR END,NOT DIVIDED,TRAFFIC SIGNAL,FAILING TO YIELD RIGHT-OF-WAY,DISREGARDING TRAFFIC SIGNALS,0,0,0,0,1,4,4,2342,BROADWAY,41.830895,-87.760257,04/24/2019 01:24:00 AM,2019
CR00013589,05/15/2015 08:19:00 AM,40,SNOW,DAYLIGHT,REAR END,DIVIDED - W/MEDIAN (NOT RAISED),NO CONTROLS,FOLLOWING TOO CLOSELY,DISTRACTION - FROM INSIDE VEHICLE,0,0,0,0,8,6,5,2026,STONY ISLAND AVE,41.742295,-87.725941,05/15/2015 09:45:00 AM,2015
CR00013590,09/30/2017 05:24:00 PM,20,FOG/SMOKE/HAZE,DAYLIGHT,TURNING,NOT DIVIDED,TRAFFIC SIGNAL,FAILING TO REDUCE SPEED,DISTRACTION - FROM INSIDE VEHICLE,0,2,2,4,17,7,9,1306,CICERO AVE,41.862097,-87.641805,09/30/2017 05:35:00 PM,2017
CR00013591,07/13/2016 08:37:00 AM,35,CLEAR,DAYLIGHT,SIDESWIPE SAME DIRECTION,NOT DIVIDED,NO CONTROLS,DRIVING SKILLS/KNOWLEDGE/EXPERIENCE,UNABLE TO DETERMINE,0,0,3,3,8,4,7,1000,MICHIGAN AVE,41.727539,-87.690002,07/13/2016 09:22:00 AM,2016