CRASH_RECORD_ID,CRASH_DATE,POSTED_SPEED_LIMIT,WEATHER_CONDITION,LIGHTING_CONDITION,FIRST_CRASH_TYPE,TRAFFICWAY_TYPE,TRAFFIC_CONTROL_DEVICE,PRIM_CONTRIBUTORY_CAUSE,SEC_CONTRIBUTORY_CAUSE,INJURIES_FATAL,INJURIES_INCAPACITATING,INJURIES_NON_INCAPACITATING,INJURIES_TOTAL,CRASH_HOUR,CRASH_DAY_OF_WEEK,CRASH_MONTH,BEAT_OF_OCCURRENCE,STREET_NAME,LATITUDE,LONGITUDE,DATE_POLICE_NOTIFIED,year
CR00013592,02/27/2022 10:51:00 PM,35,CLEAR,DAYLIGHT,SIDESWIPE SAME DIRECTION,ONE-WAY,TRAFFIC SIGNAL,FAILING TO YIELD RIGHT-OF-WAY,UNABLE TO DETERMINE,0,0,0,0,22,1,2,1536,OGDEN AVE,41.918489,-87.744285,02/28/2022 12:17:00 AM,2022
CR00013593,03/03/2016 08:42:00 AM,20,CLEAR,DAYLIGHT,REAR END,NOT DIVIDED,TRAFFIC SIGNAL,IMPROPER OVERTAKING/PASSING,NOT APPLICABLE,0,0,0,0,8,5,3,1102,ARCHER AVE,41.932616,-87.801329,03/03/2016 08:56:00 AM,2016
CR00013594,05/23/2015 01:48:00 PM,35,CLEAR,DAYLIGHT,REAR END,NOT DIVIDED,TRAFFIC SIGNAL,UNABLE TO DETERMINE,IMPROPER OVERTAKING/PASSING,0,0,0,0,13,7,5,110,HALSTED ST,41.777723,-87.556212,05/23/2015 02:19:00 PM,2015
CR00013595,02/05/2020 08:51:00 AM,30,CLEAR,DAYLIGHT,SIDESWIPE SAME DIRECTION,DIVIDED - W/MEDIAN (NOT RAISED),TRAFFIC SIGNAL,UNABLE TO DETERMINE,FOLLOWING TOO CLOSELY,0,0,0,0,8,4,2,891,63RD ST,41.709649,-87.778391,02/05/2020 09:14:00 AM,2020
CR00013596,12/21/2015 12:05:00 PM,30,CLEAR,DAYLIGHT,PARKED MOTOR VEHICLE,NOT DIVIDED,STOP SIGN/FLASHER,UNABLE TO DETERMINE,FAILING TO YIELD RIGHT-OF-WAY,0,0,0,0,12,2,12,641,WESTERN AVE,41.817212,-87.823728,12/21/2015 12:57:00 PM,2015
CR00013597,09/01/2017 10:44:00 AM,20,SNOW,DUSK,ANGLE,DIVIDED - W/MEDIAN (NOT RAISED),TRAFFIC SIGNAL,UNABLE TO DETERMINE,UNABLE TO DETERMINE,0,0,0,0,10,6,9,2161,STATE ST,41.863474,-87.527994,09/01/2017 10:46:00 AM,2017
CR00013598,08/21/2016 07:36:00 PM,30,CLEAR,DAYLIGHT,TURNING,FOUR WAY,TRAFFIC SIGNAL,DISTRACTION - FROM INSIDE VEHICLE,FAILING TO YIELD RIGHT-OF-WAY,0,0,0,0,19,1,8,1825,ASHLAND AVE,41.936468,-87.61851,08/21/2016 08:51:00 PM,2016
CR00013599,09/04/2022 09:06:00 PM,35,CLEAR,DARKNESS,FIXED OBJECT,DIVIDED - W/MEDIAN (NOT RAISED),NO CONTROLS,DRIVING SKILLS/KNOWLEDGE/EXPERIENCE,DISREGARDING TRAFFIC SIGNALS,0,0,0,0,21,1,9,1313,WESTERN AVE,41.927224,-87.568925,09/04/2022 09:37:00 PM,2022
CR00013600,06/02/2017 09:23:00 PM,25,CLEAR,DAWN,TURNING,DIVIDED - W/MEDIAN (NOT RAISED),NO CONTROLS,IMPROPER LANE USAGE,UNABLE TO DETERMINE,0,0,3,3,21,6,6,1612,MICHIGAN AVE,41.872711,-87.743781,06/02/2017 10:13:00 PM,2017
CR00013601,08/27/2015 05:09:00 PM,30,CLEAR,DAYLIGHT,PARKED MOTOR VEHICLE,T-INTERSECTION,STOP SIGN/FLASHER,UNABLE TO DETERMINE,WEATHER,0,2,1,3,17,5,8,2288,ARCHER AVE,41.98814,-87.824896,08/27/2015 05:24:00 PM,2015
CR00013602,07/15/2024 01:10:00 PM,20,RAIN,DARKNESS,REAR END,DIVIDED - W/MEDIAN (NOT RAISED),UNKNOWN,FAILING TO REDUCE SPEED,DRIVING SKILLS/KNOWLEDGE/EXPERIENCE,0,0,0,0,13,2,7,707,DAMEN AVE,41.994349,-87.692449,07/15/2024 03:10:00 PM,2024
CR00013603,02/01/2019 01:05:00 PM,35,CLOUDY/OVERCAST,DAYLIGHT,ANGLE,ONE-WAY,UNKNOWN,UNABLE TO DETERMINE,FAILING TO YIELD RIGHT-OF-WAY,0,0,0,0,13,6,2,2098,DIVISION ST,41.945081,-87.540312,02/01/2019 01:31:00 PM,2019
CR00013604,12/19/2024 09:37:00 AM,35,CLOUDY/OVERCAST,DARKNESS - LIGHTED ROAD,PARKED MOTOR VEHICLE,DIVIDED - W/MEDIAN (NOT RAISED),NO CONTROLS,FAILING TO YIELD RIGHT-OF-WAY,FAILING TO YIELD RIGHT-OF-WAY,0,0,0,0,9,5,12,1049,MICHIGAN AVE,41.94345,-87.843908,12/19/2024 10:26:00 AM,2024
CR00013605,12/22/2022 11:42:00 AM,45,CLEAR,DAYLIGHT,ANGLE,ONE-WAY,STOP SIGN/FLASHER,FOLLOWING TOO CLOSELY,IMPROPER OVERTAKING/PASSING,0,0,0,0,11,5,12,1593,DIVISION ST,41.819637,-87.764142,12/22/2022 12:33:00 PM,2022
CR00013606,07/19/2015 08:48:00 PM,30,RAIN,DAYLIGHT,SIDESWIPE SAME DIRECTION,DIVIDED - W/MEDIAN (NOT RAISED),STOP SIGN/FLASHER,DRIVING SKILLS/KNOWLEDGE/EXPERIENCE,FOLLOWING TOO CLOSELY,0,0,0,0,20,1,7,279,STATE ST,41.806287,-87.683372,07/19/2015 09:06:00 PM,2015
CR00013607,09/23/2021 10:35:00 AM,20,CLEAR,DUSK,REAR END,NOT DIVIDED,TRAFFIC SIGNAL,IMPROPER LANE USAGE,UNABLE TO DETERMINE,0,0,0,0,10,5,9,229,LAKE SHORE DR,41.885493,-87.801147,09/23/2021 12:35:00 PM,2021
CR00013608,03/10/2016 01:39:00 PM,30,CLEAR,DAYLIGHT,REAR END,NOT DIVIDED,NO CONTROLS,FAILING TO YIELD RIGHT-OF-WAY,NOT APPLICABLE,0,0,0,0,13,5,3,1679,MILWAUKEE AVE,41.818665,-87.716169,03/10/2016 02:11:00 PM,2016
CR00013609,12/12/2024 08:16:00 PM,35,CLOUDY/OVERCAST,DAYLIGHT,ANGLE,ONE-WAY,STOP SIGN/FLASHER,UNABLE TO DETERMINE,FAILING TO YIELD RIGHT-OF-WAY,0,0,0,0,20,5,12,1636,IRVING PARK RD,41.980927,-87.539786,12/12/2024 08:27:00 PM,2024
CR00013610,04/10/2015 06:15:00 PM,35,CLEAR,DAYLIGHT,SIDESWIPE SAME DIRECTION,DIVIDED - W/MEDIAN (NOT RAISED),NO CONTROLS,UNABLE TO DETERMINE,IMPROPER LANE USAGE,0,0,0,0,18,6,4,2159,ARCHER AVE,41.995205,-87.812103,04/10/2015 06:52:00 PM,2015
CR00013611,03/05/2021 07:58:00 AM,30,RAIN,DAYLIGHT,FIXED OBJECT,NOT DIVIDED,NO CONTROLS,UNABLE TO DETERMINE,UNABLE TO DETERMINE,0,0,0,0,7,6,3,490,MILWAUKEE AVE,41.784888,-87.80066,03/05/2021 08:02:00 AM,2021
CR00013612,12/27/2021 12:16:00 AM,20,CLEAR,DAYLIGHT,ANGLE,T-INTERSECTION,UNKNOWN,FAILING TO YIELD RIGHT-OF-WAY,UNABLE TO DETERMINE,0,0,0,0,0,2,12,1707,DAMEN AVE,41.81437,-87.678521,12/27/2021 02:03:00 AM,2021
CR00013613,08/07/2019 03:16:00 AM,30,CLEAR,DARKNESS - LIGHTED ROAD,REAR END,ONE-WAY,NO CONTROLS,FAILING TO REDUCE SPEED,UNABLE TO DETERMINE,0,0,0,0,3,4,8,1767,DAMEN AVE,41.755699,-87.558232,08/07/2019 03:57:00 AM,2019
CR00013614,07/04/2018 11:57:00 AM,40,FOG/SMOKE/HAZE,DARKNESS - LIGHTED ROAD,TURNING,DIVIDED - W/MEDIAN (NOT RAISED),TRAFFIC SIGNAL,FAILING TO REDUCE SPEED,FOLLOWING TOO CLOSELY,0,0,2,2,11,4,7,1214,CALIFORNIA AVE,41.871558,-87.551637,07/04/2018 01:14:00 PM,2018
CR00013615,08/20/2024 12:50:00 PM,35,CLEAR,DAYLIGHT,REAR END,NOT DIVIDED,STOP SIGN/FLASHER,IMPROPER OVERTAKING/PASSING,FOLLOWING TOO CLOSELY,0,0,0,0,12,3,8,1035,ASHLAND AVE,41.863692,-87.667064,08/20/2024 12:57:00 PM,2024
CR00013616,09/27/2017 04:44:00 PM,40,CLEAR,DAYLIGHT,PARKED MOTOR VEHICLE,DIVIDED - W/MEDIAN (NOT RAISED),TRAFFIC SIGNAL,DISTRACTION - FROM INSIDE VEHICLE,IMPROPER OVERTAKING/PASSING,0,0,0,0,16,4,9,1902,ELSTON AVE,41.927677,-87.820698,09/27/2017 04:59:00 PM,2017
CR00013617,04/26/2018 05:03:00 PM,35,CLEAR,DAYLIGHT,REAR TO FRONT,DIVIDED - W/MEDIAN (NOT RAISED),NO CONTROLS,IMPROPER OVERTAKING/PASSING,NOT APPLICABLE,0,0,0,0,17,5,4,1965,CLARK ST,41.968633,-87.525378,04/26/2018 06:30:00 PM,2018
CR00013618,02/20/2021 11:56:00 AM,35,CLOUDY/OVERCAST,DAYLIGHT,TURNING,NOT DIVIDED,UNKNOWN,FAILING TO YIELD RIGHT-OF-WAY,UNABLE TO DETERMINE,0,0,0,0,11,7,2,818,DIVISION ST,41.741106,-87.832845,02/20/2021 12:36:00 PM,2021
CR00013619,08/24/2018 12:34:00 AM,35,CLEAR,DAYLIGHT,ANGLE,DIVIDED - W/MEDIAN (NOT RAISED),TRAFFIC SIGNAL,UNABLE TO DETERMINE,FOLLOWING TOO CLOSELY,0,0,0,0,0,6,8,1259,MILWAUKEE AVE,41.848463,-87.827258,08/24/2018 01:30:00 AM,2018
CR00013620,09/09/2019 08:15:00 AM,30,CLOUDY/OVERCAST,DAYLIGHT,SIDESWIPE SAME DIRECTION,ONE-WAY,TRAFFIC SIGNAL,UNABLE TO DETERMINE,UNABLE TO DETERMINE,0,0,0,0,8,2,9,826,ROOSEVELT RD,41.82188,-87.749798,09/09/2019 08:21:00 AM,2019
CR00013621,02/21/2016 04:37:00 AM,35,SNOW,DARKNESS,REAR END,FOUR WAY,TRAFFIC SIGNAL,FOLLOWING TOO CLOSELY,NOT APPLICABLE,0,0,0,0,4,1,2,180,IRVING PARK RD,41.769904,-87.749137,02/21/2016 05:23:00 AM,2016
CR00013622,07/23/2024 08:50:00 PM,30,RAIN,DAYLIGHT,SIDESWIPE SAME DIRECTION,NOT DIVIDED,NO CONTROLS,FAILING TO YIELD RIGHT-OF-WAY,DISTRACTION - FROM INSIDE VEHICLE,0,0,0,0,20,3,7,867,IRVING PARK RD,41.95302,-87.843862,07/23/2024 10:11:00 PM,2024
CR00013623,10/29/2015 01:47:00 PM,30,RAIN,DARKNESS - LIGHTED ROAD,TURNING,T-INTERSECTION,NO CONTROLS,WEATHER,FAILING TO YIELD RIGHT-OF-WAY,0,0,1,1,13,5,10,1915,ARCHER AVE,41.738968,-87.813198,10/29/2015 03:28:00 PM,2015
CR00013624,10/26/2018 07:06:00 PM,30,CLEAR,DAYLIGHT,FIXED OBJECT,ONE-WAY,TRAFFIC SIGNAL,IMPROPER OVERTAKING/PASSING,UNABLE TO DETERMINE,0,0,0,0,19,6,10,1253,DIVISION ST,41.833219,-87.849826,10/26/2018 07:46:00 PM,2018
CR00013625,09/02/2015 03:54:00 PM,15,SNOW,DAYLIGHT,REAR END,DIVIDED - W/MEDIAN (NOT RAISED),YIELD,FAILING TO REDUCE SPEED,DRIVING SKILLS/KNOWLEDGE/EXPERIENCE,0,0,2,2,15,4,9,1074,79TH ST,41.726827,-87.699285,09/02/2015 04:48:00 PM,2015
CR00013626,09/01/2024 03:31:00 PM,25,RAIN,DAYLIGHT,REAR TO FRONT,DIVIDED - W/MEDIAN (NOT RAISED),NO CONTROLS,DRIVING SKILLS/KNOWLEDGE/EXPERIENCE,FAILING TO YIELD RIGHT-OF-WAY,0,0,0,0,15,1,9,2418,ASHLAND AVE,41.854156,-87.807853,09/01/2024 05:11:00 PM,2024
CR00013627,02/21/2021 02:41:00 PM,25,CLEAR,DAYLIGHT,ANGLE,DIVIDED - W/MEDIAN (NOT RAISED),TRAFFIC SIGNAL,IMPROPER LANE USAGE,FAILING TO YIELD RIGHT-OF-WAY,0,0,0,0,14,1,2,1589,CICERO AVE,41.857719,-87.728878,02/21/2021 03:52:00 PM,2021
CR00013628,08/27/2018 06:55:00 PM,30,CLEAR,DAYLIGHT,ANGLE,NOT DIVIDED,NO CONTROLS,UNABLE TO DETERMINE,IMPROPER LANE USAGE,0,0,0,0,18,2,8,540,ROOSEVELT RD,41.869245,-87.623669,08/27/2018 07:17:00 PM,2018
CR00013629,09/08/2022 06:22:00 AM,15,RAIN,DAYLIGHT,REAR END,FOUR WAY,STOP SIGN/FLASHER,FAILING TO YIELD RIGHT-OF-WAY,UNABLE TO DETERMINE,0,0,0,0,6,5,9,252,CALIFORNIA AVE,41.789448,-87.554134,09/08/2022 07:13:00 AM,2022
CR00013630,08/08/2024 02:09:00 PM,35,CLEAR,DARKNESS - LIGHTED ROAD,SIDESWIPE SAME DIRECTION,ONE-WAY,TRAFFIC SIGNAL,FOLLOWING TOO CLOSELY,DRIVING SKILLS/KNOWLEDGE/EXPERIENCE,0,1,3,4,14,5,8,2419,MILWAUKEE AVE,41.873666,-87.596435,08/08/2024 03:41:00 PM,2024
CR00013631,12/05/2017 03:16:00 AM,45,CLEAR,DARKNESS - LIGHTED ROAD,REAR END,DIVIDED - W/MEDIAN (NOT RAISED),STOP SIGN/FLASHER,FOLLOWING TOO CLOSELY,UNABLE TO DETERMINE,0,0,0,0,3,3,12,1948,HALSTED ST,41.938314,-87.843928,12/05/2017 04:41:00 AM,2017
CR00013632,07/05/2023 08:50:00 AM,25,CLEAR,DAYLIGHT,REAR END,NOT DIVIDED,TRAFFIC SIGNAL,DISREGARDING TRAFFIC SIGNALS,UNABLE TO DETERMINE,0,0,3,3,8,4,7,1243,MILWAUKEE AVE,41.901305,-87.587478,07/05/2023 09:24:00 AM,2023
CR00013633,12/20/2024 12:31:00 PM,25,CLEAR,DAYLIGHT,SIDESWIPE SAME DIRECTION,DIVIDED - W/MEDIAN BARRIER,STOP SIGN/FLASHER,FAILING TO YIELD RIGHT-OF-WAY,UNABLE TO DETERMINE,0,0,1,1,12,6,12,586,CALIFORNIA AVE,41.782937,-87.512614,12/20/2024 12:44:00 PM,2024
CR00013634,02/06/2019 04:45:00 AM,40,CLEAR,DAYLIGHT,REAR END,NOT DIVIDED,TRAFFIC SIGNAL,IMPROPER LANE USAGE,FAILING TO YIELD RIGHT-OF-WAY,0,0,0,0,4,4,2,1899,PULASKI RD,41.770275,-87.555363,02/06/2019 06:02:00 AM,2019
CR00013635,05/24/2022 09:37:00 AM,25,FREEZING RAIN/DRIZZLE,DAYLIGHT,REAR END,NOT DIVIDED,TRAFFIC SIGNAL,DRIVING SKILLS/KNOWLEDGE/EXPERIENCE,FOLLOWING TOO CLOSELY,0,0,3,3,9,3,5,1204,FULLERTON AVE,41.969651,-87.67451,05/24/2022 10:28:00 AM,2022
CR00013636,04/03/2022 02:16:00 PM,20,CLEAR,DAYLIGHT,PARKED MOTOR VEHICLE,DIVIDED - W/MEDIAN (NOT RAISED),TRAFFIC SIGNAL,IMPROPER OVERTAKING/PASSING,DISREGARDING TRAFFIC SIGNALS,0,0,0,0,14,1,4,2077,STONY ISLAND AVE,41.899298,-87.804156,04/03/2022 04:14:00 PM,2022
CR00013637,08/30/2015 12:38:00 AM,40,CLEAR,DAYLIGHT,PARKED MOTOR VEHICLE,NOT DIVIDED,NO CONTROLS,DISTRACTION - FROM INSIDE VEHICLE,DISREGARDING TRAFFIC SIGNALS,0,0,0,0,0,1,8,1366,CICERO AVE,41.721099,-87.697707,08/30/2015 02:18:00 AM,2015
CR00013638,06/23/2018 08:58:00 PM,40,RAIN,DAYLIGHT,SIDESWIPE SAME DIRECTION,DIVIDED - W/MEDIAN (NOT RAISED),YIELD,UNABLE TO DETERMINE,NOT APPLICABLE,0,0,3,3,20,7,6,148,DAMEN AVE,41.893923,-87.822702,06/23/2018 10:31:00 PM,2018
CR00013639,08/14/2017 08:07:00 AM,30,CLEAR,DAYLIGHT,REAR END,NOT DIVIDED,TRAFFIC SIGNAL,UNABLE TO DETERMINE,DISREGARDING TRAFFIC SIGNALS,0,0,0,0,8,2,8,1012,47TH ST,41.955899,-87.670292,08/14/2017 09:59:00 AM,2017
CR00013640,11/29/2018 12:37:00 AM,35,CLEAR,DAYLIGHT,REAR END,NOT DIVIDED,TRAFFIC SIGNAL,FAILING TO YIELD RIGHT-OF-WAY,DISTRACTION - FROM INSIDE VEHICLE,0,0,0,0,0,5,11,273,ELSTON AVE,41.880063,-87.784738,11/29/2018 02:13:00 AM,2018
CR00013641,09/29/2017 05:02:00 PM,45,CLEAR,DAYLIGHT,SIDESWIPE SAME DIRECTION,DIVIDED - W/MEDIAN BARRIER,TRAFFIC SIGNAL,FAILING TO YIELD RIGHT-OF-WAY,FAILING TO YIELD RIGHT-OF-WAY,0,0,0,0,17,6,9,832,ARCHER AVE,41.824208,-87.687245,09/29/2017 05:21:00 PM,2017
CR00013642,11/29/2020 02:17:00 PM,20,RAIN,DAYLIGHT,ANGLE,NOT DIVIDED,TRAFFIC SIGNAL,UNABLE TO DETERMINE,NOT APPLICABLE,0,0,0,0,14,1,11,666,STONY ISLAND AVE,41.988119,-87.685754,11/29/2020 03:42:00 PM,2020
CR00013643,10/16/2024 02:21:00 AM,35,CLEAR,DARKNESS,REAR END,NOT DIVIDED,NO CONTROLS,DISTRACTION - FROM INSIDE VEHICLE,UNABLE TO DETERMINE,0,0,0,0,2,4,10,2080,79TH ST,41.933647,-87.532839,10/16/2024 03:44:00 AM,2024
CR00013644,02/22/2022 10:02:00 PM,30,RAIN,DAYLIGHT,TURNING,NOT DIVIDED,UNKNOWN,FOLLOWING TOO CLOSELY,FAILING TO YIELD RIGHT-OF-WAY,0,0,0,0,22,3,2,646,ELSTON AVE,41.783654,-87.62548,02/22/2022 10:45:00 PM,2022
CR00013645,09/22/2023 09:22:00 AM,35,CLEAR,DARKNESS - LIGHTED ROAD,ANGLE,FOUR WAY,STOP SIGN/FLASHER,UNABLE TO DETERMINE,DRIVING SKILLS/KNOWLEDGE/EXPERIENCE,0,0,0,0,9,6,9,1375,PULASKI RD,41.760935,-87.717201,09/22/2023 09:27:00 AM,2023
CR00013646,12/06/2015 11:31:00 PM,25,CLEAR,DARKNESS - LIGHTED ROAD,TURNING,NOT DIVIDED,NO CONTROLS,WEATHER,DISREGARDING TRAFFIC SIGNALS,0,1,2,3,23,1,12,1789,FULLERTON AVE,41.872603,-87.659699,12/07/2015 01:24:00 AM,2015
CR00013647,09/04/2021 07:14:00 AM,20,CLEAR,DAYLIGHT,REAR TO FRONT,DIVIDED - W/MEDIAN (NOT RAISED),NO CONTROLS,IMPROPER OVERTAKING/PASSING,UNABLE TO DETERMINE,0,0,0,0,7,7,9,942,KEDZIE AVE,41.980468,-87.600977,09/04/2021 08:53:00 AM,2021
CR00013648,07/29/2022 06:19:00 PM,30,FOG/SMOKE/HAZE,DARKNESS - LIGHTED ROAD,SIDESWIPE SAME DIRECTION,DIVIDED - W/MEDIAN (NOT RAISED),TRAFFIC SIGNAL,DISTRACTION - FROM INSIDE VEHICLE,IMPROPER OVERTAKING/PASSING,0,0,3,3,18,6,7,2214,LAKE SHORE DR,41.874219,-87.734588,07/29/2022 07:55:00 PM,2022
CR00013649,05/24/2017 11:48:00 PM,30,CLEAR,DAYLIGHT,REAR END,ONE-WAY,NO CONTROLS,FOLLOWING TOO CLOSELY,FOLLOWING TOO CLOSELY,0,2,0,2,23,4,5,638,IRVING PARK RD,41.962373,-87.847265,05/25/2017 01:39:00 AM,2017
CR00013650,05/26/2019 02:54:00 PM,30,CLEAR,DARKNESS,ANGLE,NOT DIVIDED,TRAFFIC SIGNAL,FOLLOWING TOO CLOSELY,NOT APPLICABLE,0,0,0,0,14,1,5,177,HALSTED ST,41.810238,-87.840166,05/26/2019 04:30:00 PM,2019
CR00013651,10/25/2023 10:21:00 AM,30,FREEZING RAIN/DRIZZLE,DAYLIGHT,TURNING,T-INTERSECTION,NO CONTROLS,FAILING TO REDUCE SPEED,DISTRACTION - FROM INSIDE VEHICLE,0,0,1,1,10,4,10,177,63RD ST,41.798689,-87.750155,10/25/2023 10:52:00 AM,2023
CR00013652,09/30/2016 10:04:00 PM,30,RAIN,DAWN,REAR END,DIVIDED - W/MEDIAN (NOT RAISED),NO CONTROLS,FAILING TO YIELD RIGHT-OF-WAY,NOT APPLICABLE,0,0,0,0,22,6,9,148,OGDEN AVE,41.929494,-87.521965,09/30/2016 10:33:00 PM,2016
CR00013653,08/17/2017 12:03:00 PM,40,FREEZING RAIN/DRIZZLE,DAYLIGHT,ANGLE,FOUR WAY,STOP SIGN/FLASHER,IMPROPER LANE USAGE,WEATHER,0,0,0,0,12,5,8,1697,ROOSEVELT RD,41.814885,-87.776747,08/17/2017 12:48:00 PM,2017
CR00013654,06/14/2016 10:14:00 AM,35,CLEAR,DAYLIGHT,REAR END,NOT DIVIDED,STOP SIGN/FLASHER,DISTRACTION - FROM INSIDE VEHICLE,IMPROPER LANE USAGE,0,0,0,0,10,3,6,1668,ELSTON AVE,41.809544,-87.59811,06/14/2016 10:42:00 AM,2016
CR00013655,03/06/2020 08:39:00 AM,15,CLEAR,DARKNESS,ANGLE,DIVIDED - W/MEDIAN (NOT RAISED),NO CONTROLS,UNABLE TO DETERMINE,DRIVING SKILLS/KNOWLEDGE/EXPERIENCE,0,0,0,0,8,6,3,1675,WESTERN AVE,41.713974,-87.75881,03/06/2020 10:27:00 AM,2020
CR00013656,05/20/2022 03:48:00 PM,30,CLEAR,DAYLIGHT,PARKED MOTOR VEHICLE,DIVIDED - W/MEDIAN (NOT RAISED),TRAFFIC SIGNAL,UNABLE TO DETERMINE,DISREGARDING TRAFFIC SIGNALS,0,0,3,3,15,6,5,1575,ARCHER AVE,41.741089,-87.804123,05/20/2022 05:33:00 PM,2022
CR00013657,05/12/2024 05:04:00 AM,30,CLEAR,DAYLIGHT,ANGLE,NOT DIVIDED,NO CONTROLS,UNABLE TO DETERMINE,DISREGARDING TRAFFIC SIGNALS,0,0,1,1,5,1,5,257,ELSTON AVE,41.717866,-87.599292,05/12/2024 05:52:00 AM,2024
CR00013658,05/15/2020 05:53:00 PM,15,RAIN,DAYLIGHT,TURNING,NOT DIVIDED,NO CONTROLS,FOLLOWING TOO CLOSELY,UNABLE TO DETERMINE,0,0,0,0,17,6,5,553,IRVING PARK RD,41.939971,-87.794019,05/15/2020 06:25:00 PM,2020
CR00013659,12/11/2019 06:17:00 AM,35,CLEAR,DARKNESS,TURNING,FOUR WAY,STOP SIGN/FLASHER,DRIVING SKILLS/KNOWLEDGE/EXPERIENCE,IMPROPER OVERTAKING/PASSING,0,0,1,1,6,4,12,446,DIVISION ST,41.76206,-87.595273,12/11/2019 06:31:00 AM,2019
CR00013660,09/02/2024 02:37:00 PM,35,CLEAR,DARKNESS - LIGHTED ROAD,SIDESWIPE SAME DIRECTION,NOT DIVIDED,STOP SIGN/FLASHER,FOLLOWING TOO CLOSELY,NOT APPLICABLE,0,0,0,0,14,2,9,2322,DAMEN AVE,41.7387,-87.689425,09/02/2024 03:33:00 PM,2024
CR00013661,07/11/2018 04:14:00 PM,30,SNOW,DAYLIGHT,SIDESWIPE SAME DIRECTION,FOUR WAY,NO CONTROLS,DRIVING SKILLS/KNOWLEDGE/EXPERIENCE,FOLLOWING TOO CLOSELY,0,0,0,0,16,4,7,1326,79TH ST,41.960643,-87.533892,07/11/2018 04:25:00 PM,2018
CR00013662,01/11/2023 12:04:00 PM,20,CLEAR,DARKNESS,REAR END,NOT DIVIDED,TRAFFIC SIGNAL,IMPROPER LANE USAGE,FAILING TO YIELD RIGHT-OF-WAY,0,0,0,0,12,4,1,1710,63RD ST,41.928879,-87.827368,01/11/2023 02:04:00 PM,2023
CR00013663,06/26/2020 09:24:00 AM,20,CLEAR,DAYLIGHT,SIDESWIPE SAME DIRECTION,ONE-WAY,NO CONTROLS,UNABLE TO DETERMINE,FAILING TO YIELD RIGHT-OF-WAY,0,0,0,0,9,6,6,439,CALIFORNIA AVE,41.725678,-87.554167,06/26/2020 10:26:00 AM,2020
CR00013664,08/12/2020 05:13:00 PM,30,RAIN,DAYLIGHT,PEDESTRIAN,NOT DIVIDED,NO CONTROLS,FOLLOWING TOO CLOSELY,UNABLE TO DETERMINE,0,0,0,0,17,4,8,100,63RD ST,41.905171,-87.721595,08/12/2020 05:28:00 PM,2020
CR00013665,03/11/2023 08:49:00 AM,40,CLEAR,DAYLIGHT,TURNING,ONE-WAY,NO CONTROLS,IMPROPER OVERTAKING/PASSING,DISREGARDING TRAFFIC SIGNALS,0,0,0,0,8,7,3,2405,MICHIGAN AVE,41.797529,-87.771729,03/11/2023 09:02:00 AM,2023
CR00013666,08/16/2017 08:09:00 PM,35,CLEAR,DAYLIGHT,SIDESWIPE SAME DIRECTION,NOT DIVIDED,UNKNOWN,IMPROPER OVERTAKING/PASSING,DISTRACTION - FROM INSIDE VEHICLE,0,0,1,1,20,4,8,241,FULLERTON AVE,41.834107,-87.76913,08/16/2017 09:30:00 PM,2017
CR00013667,01/11/2019 06:32:00 PM,30,CLEAR,DARKNESS - LIGHTED ROAD,REAR END,DIVIDED - W/MEDIAN BARRIER,NO CONTROLS,UNABLE TO DETERMINE,NOT APPLICABLE,0,0,0,0,18,6,1,1623,STATE ST,41.809635,-87.547523,01/11/2019 06:51:00 PM,2019
CR00013668,01/17/2023 12:30:00 PM,20,CLEAR,DAYLIGHT,ANGLE,NOT DIVIDED,STOP SIGN/FLASHER,UNABLE TO DETERMINE,UNABLE TO DETERMINE,0,0,0,0,12,3,1,2132,DIVISION ST,41.712967,-87.729967,01/17/2023 01:58:00 PM,2023
CR00013669,02/24/2018 11:55:00 AM,30,RAIN,DARKNESS - LIGHTED ROAD,REAR END,DIVIDED - W/MEDIAN BARRIER,TRAFFIC SIGNAL,DRIVING SKILLS/KNOWLEDGE/EXPERIENCE,UNABLE TO DETERMINE,0,0,0,0,11,7,2,377,63RD ST,41.729608,-87.594476,02/24/2018 12:42:00 PM,2018
CR00013670,03/12/2023 08:35:00 AM,40,CLEAR,DAYLIGHT,REAR END,ONE-WAY,NO CONTROLS,UNABLE TO DETERMINE,DRIVING SKILLS/KNOWLEDGE/EXPERIENCE,0,0,0,0,8,1,3,2012,HALSTED ST,41.999264,-87.805089,03/12/2023 09:47:00 AM,2023
CR00013671,03/31/2021 01:42:00 PM,20,CLEAR,DARKNESS,REAR END,DIVIDED - W/MEDIAN (NOT RAISED),STOP SIGN/FLASHER,DISTRACTION - FROM INSIDE VEHICLE,WEATHER,0,0,0,0,13,4,3,2527,MICHIGAN AVE,41.750367,-87.715488,03/31/2021 03:31:00 PM,2021
CR00013672,08/03/2022 06:47:00 PM,25,CLEAR,DAYLIGHT,SIDESWIPE SAME DIRECTION,DIVIDED - W/MEDIAN (NOT RAISED),TRAFFIC SIGNAL,WEATHER,UNABLE TO DETERMINE,0,0,0,0,18,4,8,569,HALSTED ST,41.714023,-87.600187,08/03/2022 07:40:00 PM,2022