CRASH_RECORD_ID,CRASH_DATE,POSTED_SPEED_LIMIT,WEATHER_CONDITION,LIGHTING_CONDITION,FIRST_CRASH_TYPE,TRAFFICWAY_TYPE,TRAFFIC_CONTROL_DEVICE,PRIM_CONTRIBUTORY_CAUSE,SEC_CONTRIBUTORY_CAUSE,INJURIES_FATAL,INJURIES_INCAPACITATING,INJURIES_NON_INCAPACITATING,INJURIES_TOTAL,CRASH_HOUR,CRASH_DAY_OF_WEEK,CRASH_MONTH,BEAT_OF_OCCURRENCE,STREET_NAME,LATITUDE,LONGITUDE,DATE_POLICE_NOTIFIED,year
CR00013673,06/04/2019 06:55:00 AM,40,CLEAR,DARKNESS - LIGHTED ROAD,ANGLE,NOT DIVIDED,UNKNOWN,UNABLE TO DETERMINE,NOT APPLICABLE,0,0,0,0,6,3,6,1330,KEDZIE AVE,41.925201,-87.591621,06/04/2019 07:20:00 AM,2019
CR00013674,12/26/2016 10:28:00 PM,35,RAIN,DARKNESS - LIGHTED ROAD,REAR END,T-INTERSECTION,NO CONTROLS,WEATHER,FAILING TO YIELD RIGHT-OF-WAY,0,0,0,0,22,2,12,1527,ELSTON AVE,41.98994,-87.806893,12/26/2016 11:16:00 PM,2016
CR00013675,09/02/2024 01:17:00 AM,30,SNOW,DAYLIGHT,PARKED MOTOR VEHICLE,DIVIDED - W/MEDIAN (NOT RAISED),NO CONTROLS,DRIVING SKILLS/KNOWLEDGE/EXPERIENCE,FAILING TO YIELD RIGHT-OF-WAY,0,0,1,1,1,2,9,370,KEDZIE AVE,41.734038,-87.702446,09/02/2024 01:52:00 AM,2024
CR00013676,12/02/2018 06:01:00 PM,15,CLEAR,DAYLIGHT,REAR END,DIVIDED - W/MEDIAN (NOT RAISED),TRAFFIC SIGNAL,UNABLE TO DETERMINE,FAILING TO REDUCE SPEED,0,0,0,0,18,1,12,1765,STONY ISLAND AVE,41.753241,-87.63004,12/02/2018 06:58:00 PM,2018
CR00013677,04/01/2020 03:10:00 PM,15,CLEAR,DARKNESS - LIGHTED ROAD,PARKED MOTOR VEHICLE,NOT DIVIDED,UNKNOWN,FOLLOWING TOO CLOSELY,DISTRACTION - FROM INSIDE VEHICLE,0,0,0,0,15,4,4,2167,OGDEN AVE,41.828674,-87.806017,04/01/2020 03:43:00 PM,2020
CR00013678,05/04/2024 05:47:00 PM,35,RAIN,DAYLIGHT,REAR END,NOT DIVIDED,NO CONTROLS,UNABLE TO DETERMINE,UNABLE TO DETERMINE,0,0,0,0,17,7,5,2124,CICERO AVE,41.856437,-87.770119,05/04/2024 06:29:00 PM,2024
CR00013679,10/22/2021 09:50:00 AM,15,CLEAR,DARKNESS - LIGHTED ROAD,REAR TO FRONT,T-INTERSECTION,NO CONTROLS,DRIVING SKILLS/KNOWLEDGE/EXPERIENCE,FAILING TO YIELD RIGHT-OF-WAY,0,0,0,0,9,6,10,1030,DIVISION ST,41.88824,-87.51041,10/22/2021 11:17:00 AM,2021
CR00013680,01/04/2023 06:03:00 PM,30,CLEAR,DAYLIGHT,SIDESWIPE SAME DIRECTION,NOT DIVIDED,YIELD,UNABLE TO DETERMINE,FAILING TO YIELD RIGHT-OF-WAY,0,0,0,0,18,4,1,1913,PULASKI RD,41.860015,-87.618514,01/04/2023 06:49:00 PM,2023
CR00013681,07/29/2015 09:12:00 AM,45,CLEAR,DAYLIGHT,REAR END,NOT DIVIDED,TRAFFIC SIGNAL,FAILING TO YIELD RIGHT-OF-WAY,UNABLE TO DETERMINE,0,0,0,0,9,4,7,2095,HALSTED ST,41.729979,-87.795868,07/29/2015 11:12:00 AM,2015
CR00013682,01/22/2022 05:46:00 PM,35,CLEAR,DARKNESS - LIGHTED ROAD,ANGLE,NOT DIVIDED,NO CONTROLS,IMPROPER LANE USAGE,DISREGARDING TRAFFIC SIGNALS,0,0,0,0,17,7,1,679,KEDZIE AVE,41.996634,-87.638785,01/22/2022 06:06:00 PM,2022
CR00013683,07/26/2015 08:48:00 AM,25,CLOUDY/OVERCAST,DARKNESS - LIGHTED ROAD,TURNING,NOT DIVIDED,NO CONTROLS,UNABLE TO DETERMINE,IMPROPER OVERTAKING/PASSING,0,0,3,3,8,1,7,420,CICERO AVE,41.728024,-87.533149,07/26/2015 09:18:00 AM,2015
CR00013684,03/11/2018 10:19:00 AM,35,CLEAR,DARKNESS - LIGHTED ROAD,SIDESWIPE SAME DIRECTION,NOT DIVIDED,TRAFFIC SIGNAL,DISTRACTION - FROM INSIDE VEHICLE,UNABLE TO DETERMINE,0,0,0,0,10,1,3,2050,LAKE SHORE DR,41.766166,-87.549815,03/11/2018 12:05:00 PM,2018
CR00013685,12/21/2019 03:50:00 PM,25,CLEAR,DUSK,SIDESWIPE SAME DIRECTION,FOUR WAY,NO CONTROLS,UNABLE TO DETERMINE,FAILING TO YIELD RIGHT-OF-WAY,0,0,0,0,15,7,12,458,DAMEN AVE,41.736535,-87.584571,12/21/2019 04:36:00 PM,2019
CR00013686,08/05/2024 07:23:00 AM,15,CLEAR,DARKNESS,PARKED MOTOR VEHICLE,DIVIDED - W/MEDIAN (NOT RAISED),NO CONTROLS,UNABLE TO DETERMINE,UNABLE TO DETERMINE,0,0,0,0,7,2,8,2019,IRVING PARK RD,41.783484,-87.707276,08/05/2024 08:53:00 AM,2024
CR00013687,02/27/2019 06:30:00 AM,20,RAIN,DAYLIGHT,PARKED MOTOR VEHICLE,NOT DIVIDED,STOP SIGN/FLASHER,UNABLE TO DETERMINE,DRIVING SKILLS/KNOWLEDGE/EXPERIENCE,0,0,0,0,6,4,2,1054,CALIFORNIA AVE,41.827537,-87.666355,02/27/2019 07:31:00 AM,2019
CR00013688,10/18/2019 06:11:00 AM,15,CLEAR,DAYLIGHT,TURNING,NOT DIVIDED,TRAFFIC SIGNAL,DISTRACTION - FROM INSIDE VEHICLE,NOT APPLICABLE,0,0,0,0,6,6,10,1564,ASHLAND AVE,41.858078,-87.535169,10/18/2019 06:22:00 AM,2019
CR00013689,08/01/2022 07:26:00 AM,30,CLEAR,DAYLIGHT,REAR END,NOT DIVIDED,STOP SIGN/FLASHER,FOLLOWING TOO CLOSELY,UNABLE TO DETERMINE,0,0,0,0,7,2,8,604,ELSTON AVE,41.736311,-87.56145,08/01/2022 08:37:00 AM,2022
CR00013690,03/18/2016 07:36:00 AM,45,CLEAR,DAYLIGHT,PARKED MOTOR VEHICLE,NOT DIVIDED,STOP SIGN/FLASHER,UNABLE TO DETERMINE,WEATHER,0,0,0,0,7,6,3,211,DAMEN AVE,41.904047,-87.765068,03/18/2016 07:52:00 AM,2016
CR00013691,09/19/2022 12:32:00 PM,15,CLEAR,DAYLIGHT,SIDESWIPE SAME DIRECTION,DIVIDED - W/MEDIAN BARRIER,TRAFFIC SIGNAL,IMPROPER LANE USAGE,UNABLE TO DETERMINE,0,0,1,1,12,2,9,1019,MILWAUKEE AVE,41.925983,-87.51571,09/19/2022 01:16:00 PM,2022
CR00013692,11/06/2019 10:39:00 AM,30,CLEAR,DAYLIGHT,REAR END,NOT DIVIDED,STOP SIGN/FLASHER,DISTRACTION - FROM INSIDE VEHICLE,DRIVING SKILLS/KNOWLEDGE/EXPERIENCE,0,0,0,0,10,4,11,1906,CICERO AVE,41.729234,-87.536622,11/06/2019 11:29:00 AM,2019
CR00013693,04/20/2016 09:21:00 AM,45,SNOW,DAYLIGHT,REAR END,ONE-WAY,NO CONTROLS,IMPROPER LANE USAGE,IMPROPER OVERTAKING/PASSING,0,0,0,0,9,4,4,2498,MILWAUKEE AVE,41.892347,-87.714969,04/20/2016 10:23:00 AM,2016
CR00013694,12/16/2020 11:47:00 AM,20,CLEAR,DAYLIGHT,SIDESWIPE SAME DIRECTION,ONE-WAY,STOP SIGN/FLASHER,DISTRACTION - FROM INSIDE VEHICLE,DISTRACTION - FROM INSIDE VEHICLE,0,0,0,0,11,4,12,103,63RD ST,41.927937,-87.815895,12/16/2020 11:55:00 AM,2020
CR00013695,12/17/2019 01:52:00 PM,25,CLEAR,DAYLIGHT,PARKED MOTOR VEHICLE,NOT DIVIDED,NO CONTROLS,IMPROPER LANE USAGE,UNABLE TO DETERMINE,0,0,0,0,13,3,12,319,63RD ST,41.755985,-87.661494,12/17/2019 02:20:00 PM,2019
CR00013696,01/17/2016 09:20:00 AM,45,CLEAR,DAYLIGHT,PARKED MOTOR VEHICLE,DIVIDED - W/MEDIAN (NOT RAISED),NO CONTROLS,UNABLE TO DETERMINE,IMPROPER OVERTAKING/PASSING,0,0,1,1,9,1,1,1515,KEDZIE AVE,41.918047,-87.84824,01/17/2016 09:52:00 AM,2016
CR00013697,05/26/2017 06:03:00 AM,25,CLEAR,DUSK,REAR END,FOUR WAY,UNKNOWN,DISTRACTION - FROM INSIDE VEHICLE,NOT APPLICABLE,0,0,0,0,6,6,5,998,47TH ST,41.901249,-87.697908,05/26/2017 06:24:00 AM,2017
CR00013698,08/06/2016 05:01:00 PM,35,CLEAR,DAYLIGHT,REAR END,NOT DIVIDED,NO CONTROLS,IMPROPER LANE USAGE,NOT APPLICABLE,0,0,0,0,17,7,8,690,CLARK ST,41.97462,-87.679274,08/06/2016 05:45:00 PM,2016
CR00013699,05/04/2019 05:22:00 PM,35,CLEAR,DAYLIGHT,PARKED MOTOR VEHICLE,DIVIDED - W/MEDIAN BARRIER,TRAFFIC SIGNAL,UNABLE TO DETERMINE,UNABLE TO DETERMINE,0,0,0,0,17,7,5,816,KEDZIE AVE,41.90982,-87.544159,05/04/2019 05:51:00 PM,2019
CR00013700,05/25/2020 04:45:00 AM,45,CLEAR,DUSK,TURNING,ONE-WAY,STOP SIGN/FLASHER,FAILING TO YIELD RIGHT-OF-WAY,NOT APPLICABLE,0,0,0,0,4,2,5,1524,WESTERN AVE,41.715309,-87.616265,05/25/2020 06:22:00 AM,2020
CR00013701,03/07/2021 09:32:00 AM,45,CLEAR,DAYLIGHT,FIXED OBJECT,DIVIDED - W/MEDIAN (NOT RAISED),NO CONTROLS,UNABLE TO DETERMINE,FAILING TO YIELD RIGHT-OF-WAY,0,0,0,0,9,1,3,1534,FULLERTON AVE,41.81012,-87.775703,03/07/2021 11:05:00 AM,2021
CR00013702,11/18/2019 10:31:00 AM,15,RAIN,DARKNESS - LIGHTED ROAD,TURNING,NOT DIVIDED,STOP SIGN/FLASHER,FAILING TO YIELD RIGHT-OF-WAY,NOT APPLICABLE,0,0,3,3,10,2,11,890,FULLERTON AVE,41.796386,-87.508184,11/18/2019 11:05:00 AM,2019
CR00013703,11/25/2021 09:21:00 AM,15,CLEAR,DARKNESS,REAR END,DIVIDED - W/MEDIAN (NOT RAISED),NO CONTROLS,UNABLE TO DETERMINE,FOLLOWING TOO CLOSELY,0,1,3,4,9,5,11,1635,HALSTED ST,41.88087,-87.77369,11/25/2021 10:07:00 AM,2021
CR00013704,10/09/2024 04:32:00 PM,30,CLEAR,DAYLIGHT,PARKED MOTOR VEHICLE,NOT DIVIDED,TRAFFIC SIGNAL,FOLLOWING TOO CLOSELY,UNABLE TO DETERMINE,0,0,1,1,16,4,10,2478,ROOSEVELT RD,41.723653,-87.598726,10/09/2024 06:01:00 PM,2024
CR00013705,11/28/2019 03:55:00 AM,30,CLEAR,DAYLIGHT,PARKED MOTOR VEHICLE,NOT DIVIDED,NO CONTROLS,DISTRACTION - FROM INSIDE VEHICLE,NOT APPLICABLE,0,0,3,3,3,5,11,1269,DAMEN AVE,41.90721,-87.550622,11/28/2019 04:41:00 AM,2019
CR00013706,05/12/2018 02:02:00 PM,45,CLEAR,DARKNESS - LIGHTED ROAD,PEDESTRIAN,NOT DIVIDED,TRAFFIC SIGNAL,UNABLE TO DETERMINE,FAILING TO YIELD RIGHT-OF-WAY,0,0,0,0,14,7,5,633,FULLERTON AVE,41.903257,-87.768944,05/12/2018 02:29:00 PM,2018
CR00013707,09/26/2019 03:30:00 PM,35,CLEAR,DAWN,PARKED MOTOR VEHICLE,NOT DIVIDED,NO CONTROLS,IMPROPER LANE USAGE,WEATHER,0,0,0,0,15,5,9,1261,DAMEN AVE,41.986634,-87.517387,09/26/2019 04:11:00 PM,2019
CR00013708,11/05/2020 11:45:00 PM,25,CLEAR,DAYLIGHT,SIDESWIPE SAME DIRECTION,NOT DIVIDED,NO CONTROLS,UNABLE TO DETERMINE,UNABLE TO DETERMINE,0,0,1,1,23,5,11,1806,MICHIGAN AVE,41.812084,-87.698832,11/06/2020 01:25:00 AM,2020
CR00013709,11/10/2021 06:15:00 PM,25,CLOUDY/OVERCAST,DARKNESS - LIGHTED ROAD,PARKED MOTOR VEHICLE,FOUR WAY,NO CONTROLS,FAILING TO YIELD RIGHT-OF-WAY,FAILING TO YIELD RIGHT-OF-WAY,0,0,0,0,18,4,11,1539,ARCHER AVE,41.734759,-87.607234,11/10/2021 06:34:00 PM,2021
CR00013710,01/20/2024 06:30:00 PM,30,CLEAR,DAYLIGHT,TURNING,NOT DIVIDED,TRAFFIC SIGNAL,FOLLOWING TOO CLOSELY,FAILING TO YIELD RIGHT-OF-WAY,0,0,2,2,18,7,1,143,47TH ST,41.970935,-87.503431,01/20/2024 08:29:00 PM,2024
CR00013711,11/14/2023 08:54:00 AM,45,RAIN,DARKNESS - LIGHTED ROAD,PARKED MOTOR VEHICLE,NOT DIVIDED,NO CONTROLS,DRIVING SKILLS/KNOWLEDGE/EXPERIENCE,NOT APPLICABLE,0,0,0,0,8,3,11,1246,ARCHER AVE,41.807936,-87.798912,11/14/2023 09:26:00 AM,2023
CR00013712,08/06/2019 09:08:00 AM,30,FREEZING RAIN/DRIZZLE,DAYLIGHT,REAR TO FRONT,NOT DIVIDED,TRAFFIC SIGNAL,IMPROPER LANE USAGE,DRIVING SKILLS/KNOWLEDGE/EXPERIENCE,0,0,0,0,9,3,8,737,ELSTON AVE,41.820598,-87.584568,08/06/2019 10:46:00 AM,2019
CR00013713,08/22/2015 09:46:00 AM,25,CLEAR,DARKNESS,TURNING,DIVIDED - W/MEDIAN (NOT RAISED),TRAFFIC SIGNAL,IMPROPER LANE USAGE,NOT APPLICABLE,0,0,0,0,9,7,8,155,79TH ST,41.775838,-87.512977,08/22/2015 10:45:00 AM,2015
CR00013714,07/03/2021 04:22:00 PM,15,CLEAR,DAYLIGHT,TURNING,ONE-WAY,TRAFFIC SIGNAL,FOLLOWING TOO CLOSELY,NOT APPLICABLE,0,0,0,0,16,7,7,1744,STATE ST,41.728468,-87.69572,07/03/2021 04:40:00 PM,2021
CR00013715,05/23/2015 07:56:00 AM,30,CLEAR,DAYLIGHT,TURNING,DIVIDED - W/MEDIAN BARRIER,NO CONTROLS,IMPROPER OVERTAKING/PASSING,UNABLE TO DETERMINE,0,0,0,0,7,7,5,1650,STATE ST,41.818073,-87.676305,05/23/2015 09:22:00 AM,2015
CR00013716,02/24/2022 12:43:00 AM,30,CLOUDY/OVERCAST,DARKNESS,TURNING,T-INTERSECTION,UNKNOWN,UNABLE TO DETERMINE,FAILING TO YIELD RIGHT-OF-WAY,0,0,0,0,0,5,2,1452,OGDEN AVE,41.901476,-87.658303,02/24/2022 01:30:00 AM,2022
CR00013717,05/25/2023 06:47:00 PM,15,RAIN,DAYLIGHT,PARKED MOTOR VEHICLE,ONE-WAY,NO CONTROLS,FOLLOWING TOO CLOSELY,UNABLE TO DETERMINE,0,0,0,0,18,5,5,2295,47TH ST,41.759632,-87.6289,05/25/2023 08:31:00 PM,2023
CR00013718,04/03/2022 12:46:00 PM,35,FREEZING RAIN/DRIZZLE,DARKNESS,REAR TO FRONT,ONE-WAY,NO CONTROLS,DISTRACTION - FROM INSIDE VEHICLE,NOT APPLICABLE,0,0,1,1,12,1,4,673,FULLERTON AVE,41.931014,-87.553758,04/03/2022 01:17:00 PM,2022
CR00013719,09/24/2020 08:31:00 AM,15,CLEAR,DAYLIGHT,ANGLE,NOT DIVIDED,NO CONTROLS,DISTRACTION - FROM INSIDE VEHICLE,NOT APPLICABLE,0,0,0,0,8,5,9,1771,CLARK ST,41.874345,-87.696583,09/24/2020 10:29:00 AM,2020
CR00013720,02/14/2018 11:47:00 AM,40,FREEZING RAIN/DRIZZLE,DARKNESS - LIGHTED ROAD,REAR END,FOUR WAY,TRAFFIC SIGNAL,FAILING TO YIELD RIGHT-OF-WAY,FAILING TO YIELD RIGHT-OF-WAY,0,0,0,0,11,4,2,758,STATE ST,41.87564,-87.671882,02/14/2018 12:30:00 PM,2018
CR00013721,05/14/2015 05:47:00 PM,15,CLEAR,DARKNESS,REAR TO FRONT,DIVIDED - W/MEDIAN (NOT RAISED),STOP SIGN/FLASHER,FOLLOWING TOO CLOSELY,FAILING TO YIELD RIGHT-OF-WAY,0,0,0,0,17,5,5,771,CLARK ST,41.929378,-87.7615,05/14/2015 06:06:00 PM,2015
CR00013722,09/14/2022 08:48:00 PM,20,CLEAR,DUSK,SIDESWIPE SAME DIRECTION,NOT DIVIDED,TRAFFIC SIGNAL,DISREGARDING TRAFFIC SIGNALS,FAILING TO YIELD RIGHT-OF-WAY,0,0,0,0,20,4,9,192,KEDZIE AVE,41.708891,-87.784116,09/14/2022 09:24:00 PM,2022
CR00013723,04/01/2015 10:23:00 AM,35,CLEAR,DAYLIGHT,TURNING,ONE-WAY,NO CONTROLS,UNABLE TO DETERMINE,DISTRACTION - FROM INSIDE VEHICLE,0,0,1,1,10,4,4,1609,MILWAUKEE AVE,41.95646,-87.532198,04/01/2015 10:56:00 AM,2015
CR00013724,09/13/2022 01:39:00 AM,30,CLEAR,DARKNESS - LIGHTED ROAD,REAR END,ONE-WAY,YIELD,IMPROPER OVERTAKING/PASSING,FOLLOWING TOO CLOSELY,0,2,3,5,1,3,9,605,IRVING PARK RD,41.790207,-87.638251,09/13/2022 03:11:00 AM,2022
CR00013725,06/20/2019 12:15:00 PM,25,CLEAR,DAYLIGHT,TURNING,FOUR WAY,TRAFFIC SIGNAL,IMPROPER OVERTAKING/PASSING,UNABLE TO DETERMINE,0,0,2,2,12,5,6,2265,DIVISION ST,41.731296,-87.531111,06/20/2019 01:24:00 PM,2019
CR00013726,06/06/2019 12:43:00 AM,35,CLEAR,DAYLIGHT,TURNING,FOUR WAY,TRAFFIC SIGNAL,DRIVING SKILLS/KNOWLEDGE/EXPERIENCE,UNABLE TO DETERMINE,0,0,0,0,0,5,6,2399,MILWAUKEE AVE,41.74453,-87.708401,06/06/2019 01:41:00 AM,2019
CR00013727,07/30/2018 03:18:00 PM,30,CLEAR,DAWN,REAR END,DIVIDED - W/MEDIAN (NOT RAISED),NO CONTROLS,FOLLOWING TOO CLOSELY,DISTRACTION - FROM INSIDE VEHICLE,0,0,0,0,15,2,7,1417,DAMEN AVE,41.885181,-87.508627,07/30/2018 04:22:00 PM,2018
CR00013728,10/01/2020 11:36:00 AM,30,CLEAR,DARKNESS - LIGHTED ROAD,ANGLE,NOT DIVIDED,UNKNOWN,FOLLOWING TOO CLOSELY,UNABLE TO DETERMINE,0,0,0,0,11,5,10,813,ARCHER AVE,41.839664,-87.537959,10/01/2020 01:00:00 PM,2020
CR00013729,01/14/2019 05:25:00 PM,40,CLEAR,DAYLIGHT,REAR END,DIVIDED - W/MEDIAN (NOT RAISED),NO CONTROLS,UNABLE TO DETERMINE,DRIVING SKILLS/KNOWLEDGE/EXPERIENCE,0,2,3,5,17,2,1,584,WESTERN AVE,41.73172,-87.827176,01/14/2019 07:23:00 PM,2019
CR00013730,03/07/2023 10:33:00 AM,15,CLEAR,DAYLIGHT,PARKED MOTOR VEHICLE,DIVIDED - W/MEDIAN (NOT RAISED),STOP SIGN/FLASHER,DISTRACTION - FROM INSIDE VEHICLE,FAILING TO YIELD RIGHT-OF-WAY,0,0,2,2,10,3,3,2091,ELSTON AVE,41.985605,-87.533323,03/07/2023 11:50:00 AM,2023
CR00013731,09/01/2015 04:07:00 AM,25,CLEAR,DAYLIGHT,REAR END,NOT DIVIDED,TRAFFIC SIGNAL,UNABLE TO DETERMINE,FOLLOWING TOO CLOSELY,0,0,0,0,4,3,9,944,CALIFORNIA AVE,41.745212,-87.650611,09/01/2015 05:31:00 AM,2015
CR00013732,02/17/2018 11:16:00 AM,40,CLEAR,DARKNESS - LIGHTED ROAD,PARKED MOTOR VEHICLE,DIVIDED - W/MEDIAN (NOT RAISED),STOP SIGN/FLASHER,DISREGARDING TRAFFIC SIGNALS,FOLLOWING TOO CLOSELY,0,0,0,0,11,7,2,2328,WESTERN AVE,41.823324,-87.675678,02/17/2018 11:30:00 AM,2018
CR00013733,05/23/2019 07:58:00 PM,45,CLEAR,DARKNESS - LIGHTED ROAD,FIXED OBJECT,ONE-WAY,NO CONTROLS,UNABLE TO DETERMINE,DRIVING SKILLS/KNOWLEDGE/EXPERIENCE,0,0,0,0,19,5,5,140,47TH ST,41.899792,-87.511005,05/23/2019 09:50:00 PM,2019
CR00013734,05/18/2018 10:12:00 AM,35,CLEAR,DAYLIGHT,REAR END,NOT DIVIDED,STOP SIGN/FLASHER,DISTRACTION - FROM INSIDE VEHICLE,UNABLE TO DETERMINE,0,0,0,0,10,6,5,1251,PULASKI RD,41.851614,-87.61877,05/18/2018 11:04:00 AM,2018
CR00013735,09/15/2017 07:13:00 AM,20,CLEAR,DAYLIGHT,PARKED MOTOR VEHICLE,DIVIDED - W/MEDIAN BARRIER,NO CONTROLS,UNABLE TO DETERMINE,UNABLE TO DETERMINE,0,0,0,0,7,6,9,1204,STONY ISLAND AVE,41.777791,-87.721346,09/15/2017 07:48:00 AM,2017
CR00013736,07/20/2021 12:52:00 PM,35,CLEAR,DUSK,PARKED MOTOR VEHICLE,DIVIDED - W/MEDIAN (NOT RAISED),TRAFFIC SIGNAL,DISTRACTION - FROM INSIDE VEHICLE,FAILING TO YIELD RIGHT-OF-WAY,0,0,0,0,12,3,7,415,CALIFORNIA AVE,41.841583,-87.579322,07/20/2021 02:28:00 PM,2021
CR00013737,08/27/2023 11:48:00 AM,30,CLEAR,DARKNESS,REAR END,NOT DIVIDED,NO CONTROLS,FOLLOWING TOO CLOSELY,DRIVING SKILLS/KNOWLEDGE/EXPERIENCE,0,0,1,1,11,1,8,1950,63RD ST,41.746976,-87.831944,08/27/2023 11:51:00 AM,2023
CR00013738,04/02/2020 03:36:00 PM,30,FOG/SMOKE/HAZE,DAYLIGHT,REAR TO FRONT,NOT DIVIDED,NO CONTROLS,DISREGARDING TRAFFIC SIGNALS,DISREGARDING TRAFFIC SIGNALS,0,0,0,0,15,5,4,1750,WESTERN AVE,41.811619,-87.816119,04/02/2020 04:38:00 PM,2020
CR00013739,08/11/2016 08:19:00 AM,35,CLEAR,DUSK,REAR TO FRONT,ONE-WAY,STOP SIGN/FLASHER,FOLLOWING TOO CLOSELY,FAILING TO REDUCE SPEED,0,0,0,0,8,5,8,432,MICHIGAN AVE,41.946173,-87.743903,08/11/2016 09:10:00 AM,2016
CR00013740,02/14/2015 05:26:00 PM,40,FREEZING RAIN/DRIZZLE,DARKNESS - LIGHTED ROAD,SIDESWIPE SAME DIRECTION,ONE-WAY,STOP SIGN/FLASHER,UNABLE TO DETERMINE,NOT APPLICABLE,0,0,2,2,17,7,2,1880,DIVISION ST,41.807995,-87.577333,02/14/2015 06:59:00 PM,2015
CR00013741,01/04/2019 09:33:00 AM,25,CLEAR,DARKNESS - LIGHTED ROAD,REAR END,T-INTERSECTION,NO CONTROLS,UNABLE TO DETERMINE,DRIVING SKILLS/KNOWLEDGE/EXPERIENCE,0,0,0,0,9,6,1,1851,63RD ST,41.876339,-87.544659,01/04/2019 11:30:00 AM,2019
CR00013742,04/19/2018 03:12:00 PM,30,CLEAR,DAYLIGHT,REAR TO FRONT,NOT DIVIDED,STOP SIGN/FLASHER,UNABLE TO DETERMINE,FAILING TO REDUCE SPEED,0,0,1,1,15,5,4,2054,STONY ISLAND AVE,41.844405,-87.815628,04/19/2018 04:57:00 PM,2018
CR00013743,12/27/2015 03:33:00 PM,45,CLEAR,DUSK,SIDESWIPE SAME DIRECTION,T-INTERSECTION,TRAFFIC SIGNAL,UNABLE TO DETERMINE,FOLLOWING TOO CLOSELY,0,0,0,0,15,1,12,2185,ARCHER AVE,41.885862,-87.727278,12/27/2015 05:04:00 PM,2015
CR00013744,10/07/2016 04:49:00 PM,15,CLEAR,DAWN,REAR END,NOT DIVIDED,NO CONTROLS,UNABLE TO DETERMINE,FAILING TO YIELD RIGHT-OF-WAY,0,0,0,0,16,6,10,446,47TH ST,41.702298,-87.633105,10/07/2016 06:46:00 PM,2016
CR00013745,01/21/2015 03:04:00 PM,30,CLEAR,DAYLIGHT,SIDESWIPE SAME DIRECTION,FOUR WAY,NO CONTROLS,UNABLE TO DETERMINE,UNABLE TO DETERMINE,0,0,1,1,15,4,1,1728,63RD ST,41.796291,-87.527739,01/21/2015 03:56:00 PM,2015
CR00013746,07/08/2021 04:35:00 AM,15,CLEAR,DARKNESS,TURNING,DIVIDED - W/MEDIAN BARRIER,NO CONTROLS,IMPROPER OVERTAKING/PASSING,FOLLOWING TOO CLOSELY,0,0,0,0,4,5,7,2063,DAMEN AVE,41.71305,-87.715817,07/08/2021 06:30:00 AM,2021
CR00013747,12/06/2017 03:59:00 AM,45,CLEAR,DAYLIGHT,REAR TO FRONT,NOT DIVIDED,STOP SIGN/FLASHER,FOLLOWING TOO CLOSELY,FOLLOWING TOO CLOSELY,0,0,0,0,3,4,12,1161,79TH ST,41.736711,-87.608632,12/06/2017 05:44:00 AM,2017
CR00013748,02/06/2024 11:01:00 PM,35,SNOW,DAYLIGHT,ANGLE,DIVIDED - W/MEDIAN (NOT RAISED),TRAFFIC SIGNAL,FOLLOWING TOO CLOSELY,DISREGARDING TRAFFIC SIGNALS,0,0,0,0,23,3,2,993,STATE ST,41.934405,-87.838053,02/07/2024 12:51:00 AM,2024
CR00013749,03/10/2018 07:24:00 PM,30,SNOW,DARKNESS - LIGHTED ROAD,REAR END,NOT DIVIDED,NO CONTROLS,FAILING TO REDUCE SPEED,DISTRACTION - FROM INSIDE VEHICLE,0,0,2,2,19,7,3,2001,PULASKI RD,41.757165,-87.786597,03/10/2018 07:57:00 PM,2018
CR00013750,08/19/2022 07:15:00 PM,45,CLEAR,DARKNESS - LIGHTED ROAD,SIDESWIPE SAME DIRECTION,DIVIDED - W/MEDIAN BARRIER,NO CONTROLS,FAILING TO YIELD RIGHT-OF-WAY,FAILING TO REDUCE SPEED,0,0,0,0,19,6,8,1300,CICERO AVE,41.718308,-87.829375,08/19/2022 07:53:00 PM,2022
CR00013751,04/14/2015 06:38:00 AM,30,RAIN,DARKNESS,SIDESWIPE SAME DIRECTION,DIVIDED - W/MEDIAN (NOT RAISED),STOP SIGN/FLASHER,FOLLOWING TOO CLOSELY,UNABLE TO DETERMINE,0,0,3,3,6,3,4,2137,LAKE SHORE DR,41.916407,-87.799417,04/14/2015 08:07:00 AM,2015
CR00013752,09/12/2022 08:38:00 PM,15,CLEAR,DAYLIGHT,TURNING,DIVIDED - W/MEDIAN BARRIER,NO CONTROLS,FOLLOWING TOO CLOSELY,IMPROPER LANE USAGE,0,0,0,0,20,2,9,1640,OGDEN AVE,41.831452,-87.665738,09/12/2022 09:50:00 PM,2022
CR00013753,09/21/2015 08:53:00 AM,35,FOG/SMOKE/HAZE,DAYLIGHT,TURNING,NOT DIVIDED,NO CONTROLS,DRIVING SKILLS/KNOWLEDGE/EXPERIENCE,NOT APPLICABLE,0,0,0,0,8,2,9,1767,STONY ISLAND AVE,41.82076,-87.705345,09/21/2015 10:25:00 AM,2015
CR00013754,02/15/2021 06:34:00 PM,40,CLEAR,DAYLIGHT,REAR END,FOUR WAY,TRAFFIC SIGNAL,FAILING TO YIELD RIGHT-OF-WAY,UNABLE TO DETERMINE,0,0,0,0,18,2,2,1050,MICHIGAN AVE,41.941168,-87.686747,02/15/2021 07:19:00 PM,2021