CRASH_RECORD_ID,CRASH_DATE,POSTED_SPEED_LIMIT,WEATHER_CONDITION,LIGHTING_CONDITION,FIRST_CRASH_TYPE,TRAFFICWAY_TYPE,TRAFFIC_CONTROL_DEVICE,PRIM_CONTRIBUTORY_CAUSE,SEC_CONTRIBUTORY_CAUSE,INJURIES_FATAL,INJURIES_INCAPACITATING,INJURIES_NON_INCAPACITATING,INJURIES_TOTAL,CRASH_HOUR,CRASH_DAY_OF_WEEK,CRASH_MONTH,BEAT_OF_OCCURRENCE,STREET_NAME,LATITUDE,LONGITUDE,DATE_POLICE_NOTIFIED,year
CR00013755,02/14/2017 05:42:00 PM,15,CLEAR,DARKNESS - LIGHTED ROAD,SIDESWIPE SAME DIRECTION,ONE-WAY,TRAFFIC SIGNAL,FOLLOWING TOO CLOSELY,NOT APPLICABLE,0,0,0,0,17,3,2,1221,ROOSEVELT RD,41.783153,-87.773084,02/14/2017 07:40:00 PM,2017
CR00013756,12/08/2015 11:45:00 AM,35,CLEAR,DAYLIGHT,REAR END,NOT DIVIDED,NO CONTROLS,UNABLE TO DETERMINE,UNABLE TO DETERMINE,0,0,1,1,11,3,12,1301,DIVISION ST,41.951275,-87.699799,12/08/2015 12:44:00 PM,2015
CR00013757,01/03/2023 04:34:00 AM,40,CLEAR,DAYLIGHT,ANGLE,DIVIDED - W/MEDIAN BARRIER,NO CONTROLS,UNABLE TO DETERMINE,FOLLOWING TOO CLOSELY,0,0,0,0,4,3,1,680,BROADWAY,41.832547,-87.505136,01/03/2023 06:11:00 AM,2023
CR00013758,01/08/2016 09:22:00 AM,35,RAIN,DAYLIGHT,TURNING,NOT DIVIDED,YIELD,UNABLE TO DETERMINE,FOLLOWING TOO CLOSELY,0,0,0,0,9,6,1,716,LAKE SHORE DR,41.87922,-87.532096,01/08/2016 09:46:00 AM,2016
CR00013759,08/28/2017 07:40:00 PM,40,CLEAR,DAWN,TURNING,T-INTERSECTION,STOP SIGN/FLASHER,FAILING TO YIELD RIGHT-OF-WAY,FAILING TO REDUCE SPEED,0,0,0,0,19,2,8,123,PULASKI RD,41.961806,-87.782592,08/28/2017 07:47:00 PM,2017
CR00013760,08/22/2019 01:17:00 PM,35,CLEAR,DAYLIGHT,TURNING,NOT DIVIDED,STOP SIGN/FLASHER,DISTRACTION - FROM INSIDE VEHICLE,FAILING TO YIELD RIGHT-OF-WAY,0,0,0,0,13,5,8,1891,STATE ST,41.833132,-87.84978,08/22/2019 01:55:00 PM,2019
CR00013761,04/22/2023 09:06:00 PM,15,RAIN,DARKNESS - LIGHTED ROAD,REAR END,NOT DIVIDED,TRAFFIC SIGNAL,FAILING TO YIELD RIGHT-OF-WAY,UNABLE TO DETERMINE,0,0,0,0,21,7,4,2411,DAMEN AVE,41.80839,-87.815312,04/22/2023 10:10:00 PM,2023
CR00013762,10/05/2022 05:19:00 PM,30,CLEAR,DAYLIGHT,SIDESWIPE SAME DIRECTION,NOT DIVIDED,TRAFFIC SIGNAL,IMPROPER LANE USAGE,IMPROPER OVERTAKING/PASSING,0,0,0,0,17,4,10,1845,WESTERN AVE,41.844582,-87.661092,10/05/2022 05:31:00 PM,2022
CR00013763,07/29/2016 05:38:00 PM,35,CLEAR,DAYLIGHT,REAR END,NOT DIVIDED,YIELD,UNABLE TO DETERMINE,UNABLE TO DETERMINE,0,0,0,0,17,6,7,1421,PULASKI RD,41.767308,-87.669926,07/29/2016 07:00:00 PM,2016
CR00013764,01/20/2017 06:08:00 PM,30,CLEAR,DAYLIGHT,REAR END,FOUR WAY,TRAFFIC SIGNAL,DISREGARDING TRAFFIC SIGNALS,DISTRACTION - FROM INSIDE VEHICLE,0,0,0,0,18,6,1,1241,DAMEN AVE,41.871962,-87.652844,01/20/2017 07:22:00 PM,2017
CR00013765,11/27/2017 12:46:00 AM,20,CLEAR,DAYLIGHT,TURNING,FOUR WAY,NO CONTROLS,FAILING TO REDUCE SPEED,DRIVING SKILLS/KNOWLEDGE/EXPERIENCE,0,2,0,2,0,2,11,1545,CICERO AVE,41.984736,-87.51395,11/27/2017 02:02:00 AM,2017
CR00013766,12/15/2018 07:59:00 AM,20,CLEAR,DAYLIGHT,PARKED MOTOR VEHICLE,DIVIDED - W/MEDIAN (NOT RAISED),TRAFFIC SIGNAL,UNABLE TO DETERMINE,DISTRACTION - FROM INSIDE VEHICLE,0,0,0,0,7,7,12,1614,ASHLAND AVE,41.826816,-87.819019,12/15/2018 09:01:00 AM,2018
CR00013767,11/12/2015 08:36:00 PM,25,CLEAR,DAYLIGHT,REAR END,NOT DIVIDED,STOP SIGN/FLASHER,UNABLE TO DETERMINE,UNABLE TO DETERMINE,0,0,0,0,20,5,11,418,47TH ST,41.79647,-87.785911,11/12/2015 09:10:00 PM,2015
CR00013768,02/08/2021 06:53:00 PM,30,CLEAR,DARKNESS - LIGHTED ROAD,REAR END,DIVIDED - W/MEDIAN (NOT RAISED),STOP SIGN/FLASHER,FOLLOWING TOO CLOSELY,IMPROPER OVERTAKING/PASSING,0,0,0,0,18,2,2,1084,KEDZIE AVE,41.822667,-87.544864,02/08/2021 08:17:00 PM,2021
CR00013769,07/24/2016 03:46:00 PM,35,RAIN,DAYLIGHT,REAR END,NOT DIVIDED,NO CONTROLS,IMPROPER OVERTAKING/PASSING,DRIVING SKILLS/KNOWLEDGE/EXPERIENCE,0,0,1,1,15,1,7,1448,MILWAUKEE AVE,41.85843,-87.724528,07/24/2016 04:58:00 PM,2016
CR00013770,03/03/2023 01:05:00 PM,45,CLEAR,DARKNESS - LIGHTED ROAD,PARKED MOTOR VEHICLE,DIVIDED - W/MEDIAN BARRIER,TRAFFIC SIGNAL,FAILING TO YIELD RIGHT-OF-WAY,IMPROPER OVERTAKING/PASSING,0,0,0,0,13,6,3,154,ROOSEVELT RD,41.777897,-87.65285,03/03/2023 01:13:00 PM,2023
CR00013771,04/26/2018 02:39:00 PM,35,CLEAR,DARKNESS - LIGHTED ROAD,SIDESWIPE SAME DIRECTION,ONE-WAY,STOP SIGN/FLASHER,DRIVING SKILLS/KNOWLEDGE/EXPERIENCE,DRIVING SKILLS/KNOWLEDGE/EXPERIENCE,0,0,0,0,14,5,4,1545,PULASKI RD,41.702116,-87.503653,04/26/2018 03:56:00 PM,2018
CR00013772,07/15/2024 02:14:00 PM,30,SNOW,DAWN,REAR END,NOT DIVIDED,NO CONTROLS,IMPROPER OVERTAKING/PASSING,UNABLE TO DETERMINE,0,0,0,0,14,2,7,1254,LAKE SHORE DR,41.980777,-87.532247,07/15/2024 02:33:00 PM,2024
CR00013773,08/05/2016 06:43:00 PM,40,CLEAR,DAYLIGHT,ANGLE,NOT DIVIDED,NO CONTROLS,UNABLE TO DETERMINE,IMPROPER LANE USAGE,0,0,0,0,18,6,8,707,79TH ST,41.987426,-87.509865,08/05/2016 07:03:00 PM,2016
CR00013774,07/08/2021 03:11:00 PM,30,CLEAR,DAYLIGHT,SIDESWIPE SAME DIRECTION,NOT DIVIDED,TRAFFIC SIGNAL,FOLLOWING TOO CLOSELY,FOLLOWING TOO CLOSELY,0,0,0,0,15,5,7,703,KEDZIE AVE,41.860317,-87.763055,07/08/2021 04:00:00 PM,2021
CR00013775,10/04/2015 01:40:00 PM,25,CLOUDY/OVERCAST,DAYLIGHT,SIDESWIPE SAME DIRECTION,NOT DIVIDED,TRAFFIC SIGNAL,IMPROPER OVERTAKING/PASSING,UNABLE TO DETERMINE,0,0,0,0,13,1,10,2064,MILWAUKEE AVE,41.735566,-87.538868,10/04/2015 02:51:00 PM,2015
CR00013776,04/09/2015 07:51:00 AM,15,CLEAR,DAYLIGHT,PARKED MOTOR VEHICLE,NOT DIVIDED,TRAFFIC SIGNAL,FAILING TO REDUCE SPEED,FAILING TO YIELD RIGHT-OF-WAY,0,0,0,0,7,5,4,2073,CALIFORNIA AVE,41.894392,-87.506663,04/09/2015 09:13:00 AM,2015
CR00013777,12/08/2017 12:00:00 PM,30,SNOW,DAYLIGHT,SIDESWIPE SAME DIRECTION,FOUR WAY,TRAFFIC SIGNAL,IMPROPER LANE USAGE,UNABLE TO DETERMINE,0,0,0,0,12,6,12,1443,WESTERN AVE,41.780669,-87.597891,12/08/2017 01:02:00 PM,2017
CR00013778,05/23/2016 05:25:00 PM,30,CLEAR,DAYLIGHT,REAR END,DIVIDED - W/MEDIAN (NOT RAISED),TRAFFIC SIGNAL,DISTRACTION - FROM INSIDE VEHICLE,NOT APPLICABLE,0,0,0,0,17,2,5,115,STATE ST,41.951595,-87.661985,05/23/2016 05:37:00 PM,2016
CR00013779,09/04/2015 03:38:00 AM,40,RAIN,DAYLIGHT,FIXED OBJECT,ONE-WAY,NO CONTROLS,DRIVING SKILLS/KNOWLEDGE/EXPERIENCE,UNABLE TO DETERMINE,0,0,1,1,3,6,9,2443,MICHIGAN AVE,41.737939,-87.751104,09/04/2015 04:30:00 AM,2015
CR00013780,01/07/2020 06:37:00 PM,30,RAIN,DAYLIGHT,TURNING,NOT DIVIDED,NO CONTROLS,IMPROPER OVERTAKING/PASSING,NOT APPLICABLE,0,0,0,0,18,3,1,992,CALIFORNIA AVE,41.723864,-87.665687,01/07/2020 06:39:00 PM,2020
CR00013781,03/18/2022 08:47:00 AM,30,CLEAR,DAYLIGHT,REAR END,T-INTERSECTION,STOP SIGN/FLASHER,UNABLE TO DETERMINE,UNABLE TO DETERMINE,0,0,0,0,8,6,3,546,HALSTED ST,41.729855,-87.52418,03/18/2022 08:54:00 AM,2022
CR00013782,07/17/2021 01:22:00 PM,45,FREEZING RAIN/DRIZZLE,DARKNESS - LIGHTED ROAD,REAR END,NOT DIVIDED,TRAFFIC SIGNAL,IMPROPER LANE USAGE,UNABLE TO DETERMINE,0,0,0,0,13,7,7,1431,STATE ST,41.995402,-87.54944,07/17/2021 02:46:00 PM,2021
CR00013783,05/31/2017 01:40:00 AM,30,CLEAR,DAYLIGHT,REAR END,NOT DIVIDED,YIELD,FAILING TO REDUCE SPEED,DISTRACTION - FROM INSIDE VEHICLE,0,0,0,0,1,4,5,655,FULLERTON AVE,41.737019,-87.58127,05/31/2017 03:02:00 AM,2017
CR00013784,10/16/2016 04:54:00 PM,15,FOG/SMOKE/HAZE,DAYLIGHT,FIXED OBJECT,NOT DIVIDED,UNKNOWN,UNABLE TO DETERMINE,DISTRACTION - FROM INSIDE VEHICLE,0,0,0,0,16,1,10,895,WESTERN AVE,41.975716,-87.577462,10/16/2016 05:43:00 PM,2016
CR00013785,05/30/2016 05:22:00 PM,35,RAIN,DAYLIGHT,SIDESWIPE SAME DIRECTION,DIVIDED - W/MEDIAN (NOT RAISED),TRAFFIC SIGNAL,UNABLE TO DETERMINE,FAILING TO YIELD RIGHT-OF-WAY,0,0,0,0,17,2,5,2230,ELSTON AVE,41.991121,-87.770898,05/30/2016 05:24:00 PM,2016
CR00013786,08/17/2021 04:32:00 PM,35,CLEAR,DARKNESS - LIGHTED ROAD,ANGLE,DIVIDED - W/MEDIAN (NOT RAISED),NO CONTROLS,UNABLE TO DETERMINE,DISREGARDING TRAFFIC SIGNALS,0,0,0,0,16,3,8,662,ASHLAND AVE,41.834498,-87.515769,08/17/2021 05:23:00 PM,2021
CR00013787,08/25/2018 03:00:00 PM,30,SNOW,DARKNESS - LIGHTED ROAD,TURNING,ONE-WAY,NO CONTROLS,FOLLOWING TOO CLOSELY,NOT APPLICABLE,0,0,0,0,15,7,8,2085,ELSTON AVE,41.889699,-87.55669,08/25/2018 04:41:00 PM,2018
CR00013788,05/25/2020 10:30:00 AM,25,CLEAR,DAYLIGHT,REAR END,NOT DIVIDED,STOP SIGN/FLASHER,IMPROPER OVERTAKING/PASSING,FAILING TO REDUCE SPEED,0,0,0,0,10,2,5,768,WESTERN AVE,41.760319,-87.827955,05/25/2020 11:29:00 AM,2020
CR00013789,06/17/2024 05:13:00 PM,40,CLEAR,DARKNESS - LIGHTED ROAD,ANGLE,DIVIDED - W/MEDIAN (NOT RAISED),NO CONTROLS,UNABLE TO DETERMINE,NOT APPLICABLE,0,0,0,0,17,2,6,1992,MILWAUKEE AVE,41.967786,-87.753497,06/17/2024 05:29:00 PM,2024
CR00013790,11/24/2017 01:57:00 AM,45,RAIN,DARKNESS,REAR END,DIVIDED - W/MEDIAN (NOT RAISED),NO CONTROLS,DRIVING SKILLS/KNOWLEDGE/EXPERIENCE,FOLLOWING TOO CLOSELY,0,0,0,0,1,6,11,913,STATE ST,41.923478,-87.541049,11/24/2017 03:02:00 AM,2017
CR00013791,04/13/2022 02:20:00 AM,30,SNOW,DAYLIGHT,TURNING,NOT DIVIDED,NO CONTROLS,DISREGARDING TRAFFIC SIGNALS,NOT APPLICABLE,0,0,1,1,2,4,4,1054,ASHLAND AVE,41.938466,-87.843609,04/13/2022 02:28:00 AM,2022
CR00013792,03/12/2021 01:32:00 PM,30,CLOUDY/OVERCAST,DAYLIGHT,SIDESWIPE SAME DIRECTION,DIVIDED - W/MEDIAN (NOT RAISED),STOP SIGN/FLASHER,FAILING TO YIELD RIGHT-OF-WAY,NOT APPLICABLE,0,0,3,3,13,6,3,563,KEDZIE AVE,41.904834,-87.651685,03/12/2021 02:41:00 PM,2021
CR00013793,11/17/2015 05:38:00 PM,35,CLEAR,DARKNESS,ANGLE,NOT DIVIDED,TRAFFIC SIGNAL,IMPROPER OVERTAKING/PASSING,DRIVING SKILLS/KNOWLEDGE/EXPERIENCE,0,0,0,0,17,3,11,1039,ELSTON AVE,41.946085,-87.532027,11/17/2015 05:40:00 PM,2015
CR00013794,10/29/2022 02:47:00 PM,35,CLEAR,DARKNESS - LIGHTED ROAD,REAR END,DIVIDED - W/MEDIAN BARRIER,TRAFFIC SIGNAL,FOLLOWING TOO CLOSELY,UNABLE TO DETERMINE,0,0,0,0,14,7,10,764,IRVING PARK RD,41.856504,-87.539516,10/29/2022 03:27:00 PM,2022
CR00013795,05/11/2016 02:44:00 PM,40,CLOUDY/OVERCAST,DAYLIGHT,SIDESWIPE SAME DIRECTION,DIVIDED - W/MEDIAN (NOT RAISED),YIELD,UNABLE TO DETERMINE,IMPROPER LANE USAGE,0,0,0,0,14,4,5,1718,DIVISION ST,41.978816,-87.625438,05/11/2016 03:04:00 PM,2016
CR00013796,02/05/2016 03:28:00 PM,25,CLEAR,DARKNESS - LIGHTED ROAD,ANGLE,NOT DIVIDED,TRAFFIC SIGNAL,IMPROPER LANE USAGE,UNABLE TO DETERMINE,0,0,0,0,15,6,2,2407,79TH ST,41.877045,-87.753715,02/05/2016 04:40:00 PM,2016
CR00013797,03/30/2021 10:07:00 PM,35,CLEAR,DARKNESS - LIGHTED ROAD,REAR END,ONE-WAY,TRAFFIC SIGNAL,FOLLOWING TOO CLOSELY,FAILING TO REDUCE SPEED,0,0,0,0,22,3,3,523,MICHIGAN AVE,41.78112,-87.62193,03/30/2021 10:41:00 PM,2021
CR00013798,12/18/2015 12:14:00 PM,15,CLEAR,DAYLIGHT,REAR END,NOT DIVIDED,TRAFFIC SIGNAL,FAILING TO YIELD RIGHT-OF-WAY,NOT APPLICABLE,0,0,0,0,12,6,12,1623,CALIFORNIA AVE,41.851528,-87.836572,12/18/2015 12:15:00 PM,2015
CR00013799,07/25/2020 02:36:00 PM,25,CLEAR,DAYLIGHT,TURNING,DIVIDED - W/MEDIAN BARRIER,STOP SIGN/FLASHER,IMPROPER LANE USAGE,DRIVING SKILLS/KNOWLEDGE/EXPERIENCE,0,0,0,0,14,7,7,1211,STONY ISLAND AVE,41.966923,-87.509531,07/25/2020 03:48:00 PM,2020
CR00013800,02/08/2020 04:24:00 PM,35,CLEAR,DARKNESS - LIGHTED ROAD,ANGLE,NOT DIVIDED,STOP SIGN/FLASHER,UNABLE TO DETERMINE,UNABLE TO DETERMINE,0,0,0,0,16,7,2,1211,ROOSEVELT RD,41.961289,-87.607383,02/08/2020 04:30:00 PM,2020
CR00013801,04/12/2018 04:46:00 PM,40,CLEAR,DAYLIGHT,PEDESTRIAN,NOT DIVIDED,STOP SIGN/FLASHER,IMPROPER OVERTAKING/PASSING,DISREGARDING TRAFFIC SIGNALS,0,0,1,1,16,5,4,559,CALIFORNIA AVE,41.70981,-87.627669,04/12/2018 06:25:00 PM,2018
CR00013802,07/06/2021 05:35:00 PM,40,CLEAR,DAWN,SIDESWIPE SAME DIRECTION,NOT DIVIDED,TRAFFIC SIGNAL,DRIVING SKILLS/KNOWLEDGE/EXPERIENCE,UNABLE TO DETERMINE,0,0,0,0,17,3,7,777,79TH ST,41.731322,-87.667569,07/06/2021 05:43:00 PM,2021
CR00013803,02/27/2024 05:40:00 PM,30,CLEAR,DAYLIGHT,REAR END,ONE-WAY,NO CONTROLS,DISREGARDING TRAFFIC SIGNALS,FAILING TO YIELD RIGHT-OF-WAY,0,0,0,0,17,3,2,2067,MICHIGAN AVE,41.972409,-87.590185,02/27/2024 06:38:00 PM,2024
CR00013804,10/20/2015 05:45:00 AM,40,CLEAR,DAYLIGHT,ANGLE,T-INTERSECTION,NO CONTROLS,FAILING TO REDUCE SPEED,UNABLE TO DETERMINE,0,0,0,0,5,3,10,2398,ELSTON AVE,41.79247,-87.564485,10/20/2015 07:03:00 AM,2015
CR00013805,12/17/2024 09:23:00 AM,25,CLEAR,DAYLIGHT,SIDESWIPE SAME DIRECTION,DIVIDED - W/MEDIAN (NOT RAISED),STOP SIGN/FLASHER,UNABLE TO DETERMINE,UNABLE TO DETERMINE,0,0,1,1,9,3,12,2345,63RD ST,41.920838,-87.764571,12/17/2024 11:05:00 AM,2024
CR00013806,04/23/2017 04:27:00 PM,30,CLEAR,DAYLIGHT,SIDESWIPE SAME DIRECTION,FOUR WAY,TRAFFIC SIGNAL,DISTRACTION - FROM INSIDE VEHICLE,UNABLE TO DETERMINE,0,0,0,0,16,1,4,220,MILWAUKEE AVE,41.98577,-87.546688,04/23/2017 05:23:00 PM,2017
CR00013807,03/16/2023 05:13:00 PM,45,CLEAR,DAYLIGHT,REAR END,T-INTERSECTION,NO CONTROLS,UNABLE TO DETERMINE,DISTRACTION - FROM INSIDE VEHICLE,0,0,2,2,17,5,3,1314,BROADWAY,41.772249,-87.815607,03/16/2023 05:58:00 PM,2023
CR00013808,02/26/2018 08:20:00 PM,35,CLEAR,DAYLIGHT,ANGLE,DIVIDED - W/MEDIAN (NOT RAISED),STOP SIGN/FLASHER,DISREGARDING TRAFFIC SIGNALS,NOT APPLICABLE,0,0,0,0,20,2,2,1897,DAMEN AVE,41.888499,-87.68149,02/26/2018 08:31:00 PM,2018
CR00013809,10/13/2024 06:43:00 PM,35,CLEAR,DARKNESS - LIGHTED ROAD,TURNING,NOT DIVIDED,TRAFFIC SIGNAL,UNABLE TO DETERMINE,FOLLOWING TOO CLOSELY,0,0,0,0,18,1,10,1216,MICHIGAN AVE,41.777333,-87.508178,10/13/2024 08:42:00 PM,2024
CR00013810,12/25/2023 06:28:00 PM,30,CLEAR,DAYLIGHT,PARKED MOTOR VEHICLE,NOT DIVIDED,NO CONTROLS,DISREGARDING TRAFFIC SIGNALS,UNABLE TO DETERMINE,0,0,0,0,18,2,12,1304,PULASKI RD,41.756955,-87.750764,12/25/2023 07:30:00 PM,2023
CR00013811,07/23/2021 07:31:00 PM,30,CLEAR,DAYLIGHT,REAR END,FOUR WAY,NO CONTROLS,FAILING TO YIELD RIGHT-OF-WAY,UNABLE TO DETERMINE,0,0,0,0,19,6,7,1573,FULLERTON AVE,41.972067,-87.808889,07/23/2021 07:44:00 PM,2021
CR00013812,09/24/2015 04:52:00 PM,25,CLEAR,DAYLIGHT,SIDESWIPE SAME DIRECTION,DIVIDED - W/MEDIAN BARRIER,NO CONTROLS,FAILING TO REDUCE SPEED,UNABLE TO DETERMINE,0,0,0,0,16,5,9,1006,ROOSEVELT RD,41.976961,-87.68027,09/24/2015 06:24:00 PM,2015
CR00013813,06/14/2016 08:24:00 AM,35,CLEAR,DAYLIGHT,REAR END,ONE-WAY,TRAFFIC SIGNAL,UNABLE TO DETERMINE,UNABLE TO DETERMINE,0,0,0,0,8,3,6,1353,MILWAUKEE AVE,41.959367,-87.827071,06/14/2016 09:03:00 AM,2016
CR00013814,06/16/2023 11:28:00 AM,40,RAIN,DAYLIGHT,REAR END,NOT DIVIDED,PEDESTRIAN CROSSING SIGN,DRIVING SKILLS/KNOWLEDGE/EXPERIENCE,UNABLE TO DETERMINE,0,0,1,1,11,6,6,1343,DAMEN AVE,41.754988,-87.821312,06/16/2023 11:39:00 AM,2023
CR00013815,08/19/2020 07:03:00 AM,30,CLOUDY/OVERCAST,DAYLIGHT,PEDESTRIAN,FOUR WAY,NO CONTROLS,FAILING TO YIELD RIGHT-OF-WAY,FAILING TO YIELD RIGHT-OF-WAY,0,0,0,0,7,4,8,1931,ROOSEVELT RD,41.845548,-87.718457,08/19/2020 07:10:00 AM,2020
CR00013816,09/22/2019 09:55:00 AM,40,CLEAR,DAYLIGHT,FIXED OBJECT,DIVIDED - W/MEDIAN (NOT RAISED),TRAFFIC SIGNAL,DISTRACTION - FROM INSIDE VEHICLE,UNABLE TO DETERMINE,0,0,0,0,9,1,9,2292,IRVING PARK RD,41.832871,-87.507425,09/22/2019 10:26:00 AM,2019
CR00013817,08/25/2023 06:26:00 PM,30,RAIN,DAYLIGHT,REAR TO FRONT,DIVIDED - W/MEDIAN (NOT RAISED),NO CONTROLS,UNABLE TO DETERMINE,FOLLOWING TOO CLOSELY,0,0,0,0,18,6,8,937,63RD ST,41.917579,-87.56529,08/25/2023 06:44:00 PM,2023
CR00013818,09/17/2023 04:52:00 PM,30,RAIN,DARKNESS - LIGHTED ROAD,REAR END,NOT DIVIDED,NO CONTROLS,UNABLE TO DETERMINE,FAILING TO REDUCE SPEED,0,0,0,0,16,1,9,1539,47TH ST,41.708695,-87.644148,09/17/2023 05:36:00 PM,2023
CR00013819,08/08/2019 01:51:00 PM,35,CLEAR,DAYLIGHT,REAR TO FRONT,FOUR WAY,YIELD,UNABLE TO DETERMINE,UNABLE TO DETERMINE,0,0,0,0,13,5,8,722,IRVING PARK RD,41.745413,-87.536512,08/08/2019 03:16:00 PM,2019
CR00013820,11/19/2015 06:33:00 PM,35,CLEAR,DARKNESS - LIGHTED ROAD,REAR END,DIVIDED - W/MEDIAN BARRIER,NO CONTROLS,IMPROPER OVERTAKING/PASSING,FAILING TO YIELD RIGHT-OF-WAY,0,0,0,0,18,5,11,403,FULLERTON AVE,41.869935,-87.723809,11/19/2015 06:51:00 PM,2015
CR00013821,09/28/2024 04:12:00 PM,30,CLEAR,DAYLIGHT,ANGLE,ONE-WAY,TRAFFIC SIGNAL,DRIVING SKILLS/KNOWLEDGE/EXPERIENCE,UNABLE TO DETERMINE,0,0,0,0,16,7,9,205,CALIFORNIA AVE,41.912632,-87.754813,09/28/2024 04:47:00 PM,2024
CR00013822,04/15/2024 03:49:00 PM,30,CLEAR,DAYLIGHT,TURNING,ONE-WAY,TRAFFIC SIGNAL,UNABLE TO DETERMINE,DRIVING SKILLS/KNOWLEDGE/EXPERIENCE,0,0,1,1,15,2,4,2528,PULASKI RD,41.886602,-87.819006,04/15/2024 05:13:00 PM,2024
CR00013823,03/13/2024 02:33:00 PM,45,CLEAR,DAYLIGHT,ANGLE,ONE-WAY,NO CONTROLS,UNABLE TO DETERMINE,UNABLE TO DETERMINE,0,0,0,0,14,4,3,2308,WESTERN AVE,41.73849,-87.640837,03/13/2024 04:06:00 PM,2024
CR00013824,05/25/2016 10:20:00 PM,35,CLEAR,DAWN,ANGLE,FOUR WAY,NO CONTROLS,FOLLOWING TOO CLOSELY,IMPROPER OVERTAKING/PASSING,0,2,3,5,22,4,5,277,MICHIGAN AVE,41.724666,-87.550493,05/25/2016 11:13:00 PM,2016
CR00013825,10/01/2017 02:04:00 PM,20,CLEAR,DARKNESS - LIGHTED ROAD,ANGLE,T-INTERSECTION,NO CONTROLS,DRIVING SKILLS/KNOWLEDGE/EXPERIENCE,UNABLE TO DETERMINE,0,0,0,0,14,1,10,1061,DAMEN AVE,41.881324,-87.722573,10/01/2017 02:22:00 PM,2017
CR00013826,06/02/2019 08:58:00 PM,45,CLOUDY/OVERCAST,DARKNESS,SIDESWIPE SAME DIRECTION,DIVIDED - W/MEDIAN BARRIER,STOP SIGN/FLASHER,UNABLE TO DETERMINE,UNABLE TO DETERMINE,0,0,0,0,20,1,6,1878,KEDZIE AVE,41.847945,-87.543727,06/02/2019 10:18:00 PM,2019
CR00013827,01/15/2017 07:20:00 AM,30,CLEAR,DARKNESS - LIGHTED ROAD,TURNING,DIVIDED - W/MEDIAN BARRIER,NO CONTROLS,IMPROPER LANE USAGE,IMPROPER OVERTAKING/PASSING,0,0,0,0,7,1,1,2077,OGDEN AVE,41.755302,-87.77011,01/15/2017 07:23:00 AM,2017
CR00013828,08/20/2020 01:53:00 PM,45,RAIN,DARKNESS - LIGHTED ROAD,TURNING,FOUR WAY,NO CONTROLS,UNABLE TO DETERMINE,IMPROPER LANE USAGE,0,0,0,0,13,5,8,708,BROADWAY,41.907624,-87.667221,08/20/2020 02:32:00 PM,2020
CR00013829,04/17/2020 08:32:00 AM,30,CLEAR,DAYLIGHT,REAR END,NOT DIVIDED,NO CONTROLS,DRIVING SKILLS/KNOWLEDGE/EXPERIENCE,DISTRACTION - FROM INSIDE VEHICLE,0,0,0,0,8,6,4,2421,LAKE SHORE DR,41.887942,-87.810917,04/17/2020 09:26:00 AM,2020
CR00013830,12/02/2016 03:43:00 PM,35,RAIN,DARKNESS - LIGHTED ROAD,TURNING,NOT DIVIDED,TRAFFIC SIGNAL,UNABLE TO DETERMINE,FAILING TO REDUCE SPEED,0,0,0,0,15,6,12,525,DIVISION ST,41.801951,-87.732448,12/02/2016 03:56:00 PM,2016
CR00013831,03/02/2021 10:10:00 PM,30,CLEAR,DAYLIGHT,ANGLE,DIVIDED - W/MEDIAN BARRIER,TRAFFIC SIGNAL,UNABLE TO DETERMINE,DRIVING SKILLS/KNOWLEDGE/EXPERIENCE,0,0,0,0,22,3,3,1546,CLARK ST,41.950016,-87.844705,03/02/2021 11:06:00 PM,2021
CR00013832,03/21/2016 05:13:00 AM,30,CLEAR,DAYLIGHT,SIDESWIPE SAME DIRECTION,T-INTERSECTION,TRAFFIC SIGNAL,DISREGARDING TRAFFIC SIGNALS,NOT APPLICABLE,0,0,0,0,5,2,3,953,LAKE SHORE DR,41.737083,-87.827187,03/21/2016 06:14:00 AM,2016
CR00013833,06/07/2024 11:04:00 PM,15,CLEAR,DAYLIGHT,ANGLE,NOT DIVIDED,NO CONTROLS,IMPROPER OVERTAKING/PASSING,UNABLE TO DETERMINE,0,0,0,0,23,6,6,110,CLARK ST,41.838365,-87.773102,06/08/2024 12:37:00 AM,2024
CR00013834,06/13/2019 11:21:00 PM,20,CLOUDY/OVERCAST,DARKNESS - LIGHTED ROAD,SIDESWIPE SAME DIRECTION,ONE-WAY,TRAFFIC SIGNAL,IMPROPER LANE USAGE,DRIVING SKILLS/KNOWLEDGE/EXPERIENCE,0,0,0,0,23,5,6,1744,PULASKI RD,41.930331,-87.569628,06/14/2019 12:59:00 AM,2019
CR00013835,12/18/2020 12:07:00 AM,30,CLEAR,DARKNESS - LIGHTED ROAD,REAR TO FRONT,NOT DIVIDED,YIELD,UNABLE TO DETERMINE,UNABLE TO DETERMINE,0,0,0,0,0,6,12,222,DIVISION ST,41.816988,-87.514354,12/18/2020 12:46:00 AM,2020
CR00013836,05/07/2021 04:03:00 PM,40,CLEAR,DARKNESS - LIGHTED ROAD,REAR END,FOUR WAY,STOP SIGN/FLASHER,UNABLE TO DETERMINE,DISTRACTION - FROM INSIDE VEHICLE,0,0,0,0,16,6,5,1756,MICHIGAN AVE,41.817812,-87.510132,05/07/2021 04:57:00 PM,2021