CRASH_RECORD_ID,CRASH_DATE,POSTED_SPEED_LIMIT,WEATHER_CONDITION,LIGHTING_CONDITION,FIRST_CRASH_TYPE,TRAFFICWAY_TYPE,TRAFFIC_CONTROL_DEVICE,PRIM_CONTRIBUTORY_CAUSE,SEC_CONTRIBUTORY_CAUSE,INJURIES_FATAL,INJURIES_INCAPACITATING,INJURIES_NON_INCAPACITATING,INJURIES_TOTAL,CRASH_HOUR,CRASH_DAY_OF_WEEK,CRASH_MONTH,BEAT_OF_OCCURRENCE,STREET_NAME,LATITUDE,LONGITUDE,DATE_POLICE_NOTIFIED,year
CR00013837,05/09/2020 04:54:00 PM,30,RAIN,DAYLIGHT,PARKED MOTOR VEHICLE,NOT DIVIDED,TRAFFIC SIGNAL,IMPROPER OVERTAKING/PASSING,UNABLE TO DETERMINE,0,0,0,0,16,7,5,487,PULASKI RD,41.791424,-87.735319,05/09/2020 06:04:00 PM,2020
CR00013838,10/07/2024 11:01:00 PM,20,CLEAR,DARKNESS - LIGHTED ROAD,ANGLE,FOUR WAY,NO CONTROLS,IMPROPER LANE USAGE,UNABLE TO DETERMINE,0,0,2,2,23,2,10,1934,MICHIGAN AVE,41.724999,-87.68742,10/07/2024 11:27:00 PM,2024
CR00013839,02/27/2015 01:59:00 AM,45,CLEAR,DUSK,PEDESTRIAN,DIVIDED - W/MEDIAN (NOT RAISED),STOP SIGN/FLASHER,FAILING TO YIELD RIGHT-OF-WAY,UNABLE TO DETERMINE,0,0,0,0,1,6,2,1503,DIVISION ST,41.968636,-87.608423,02/27/2015 03:13:00 AM,2015
CR00013840,06/04/2016 03:41:00 PM,40,SNOW,DAYLIGHT,SIDESWIPE SAME DIRECTION,NOT DIVIDED,STOP SIGN/FLASHER,UNABLE TO DETERMINE,DISTRACTION - FROM INSIDE VEHICLE,0,0,0,0,15,7,6,253,FULLERTON AVE,41.73145,-87.835012,06/04/2016 04:24:00 PM,2016
CR00013841,08/31/2015 03:57:00 PM,40,CLEAR,DAYLIGHT,ANGLE,DIVIDED - W/MEDIAN BARRIER,STOP SIGN/FLASHER,UNABLE TO DETERMINE,FOLLOWING TOO CLOSELY,0,0,0,0,15,2,8,2273,FULLERTON AVE,41.902981,-87.756741,08/31/2015 05:24:00 PM,2015
CR00013842,07/16/2024 05:33:00 PM,25,RAIN,DARKNESS,PEDESTRIAN,DIVIDED - W/MEDIAN (NOT RAISED),TRAFFIC SIGNAL,DRIVING SKILLS/KNOWLEDGE/EXPERIENCE,UNABLE TO DETERMINE,0,0,0,0,17,3,7,976,63RD ST,41.841714,-87.71223,07/16/2024 07:22:00 PM,2024
CR00013843,08/13/2024 03:28:00 PM,25,CLOUDY/OVERCAST,DARKNESS - LIGHTED ROAD,REAR END,DIVIDED - W/MEDIAN (NOT RAISED),NO CONTROLS,FAILING TO YIELD RIGHT-OF-WAY,FAILING TO REDUCE SPEED,0,0,0,0,15,3,8,2038,CLARK ST,41.828018,-87.818276,08/13/2024 05:24:00 PM,2024
CR00013844,06/21/2016 03:46:00 PM,35,CLEAR,DAYLIGHT,REAR END,NOT DIVIDED,TRAFFIC SIGNAL,DRIVING SKILLS/KNOWLEDGE/EXPERIENCE,UNABLE TO DETERMINE,0,0,0,0,15,3,6,875,STATE ST,41.93974,-87.532434,06/21/2016 05:31:00 PM,2016
CR00013845,03/28/2019 07:47:00 PM,35,CLEAR,DARKNESS - LIGHTED ROAD,REAR END,ONE-WAY,STOP SIGN/FLASHER,FAILING TO YIELD RIGHT-OF-WAY,FAILING TO YIELD RIGHT-OF-WAY,0,0,0,0,19,5,3,924,PULASKI RD,41.901032,-87.774812,03/28/2019 08:05:00 PM,2019
CR00013846,10/15/2017 03:42:00 PM,35,CLEAR,DAYLIGHT,FIXED OBJECT,ONE-WAY,TRAFFIC SIGNAL,IMPROPER LANE USAGE,UNABLE TO DETERMINE,0,0,0,0,15,1,10,1916,ASHLAND AVE,41.795584,-87.623412,10/15/2017 04:18:00 PM,2017
CR00013847,06/10/2016 10:56:00 PM,20,CLEAR,DAYLIGHT,TURNING,ONE-WAY,UNKNOWN,FAILING TO YIELD RIGHT-OF-WAY,FOLLOWING TOO CLOSELY,0,0,0,0,22,6,6,1261,DIVISION ST,41.906621,-87.614036,06/11/2016 12:53:00 AM,2016
CR00013848,05/21/2020 07:42:00 AM,30,RAIN,DARKNESS - LIGHTED ROAD,ANGLE,NOT DIVIDED,NO CONTROLS,UNABLE TO DETERMINE,NOT APPLICABLE,0,0,0,0,7,5,5,1970,WESTERN AVE,41.934631,-87.84311,05/21/2020 09:12:00 AM,2020
CR00013849,11/19/2018 06:42:00 PM,35,CLEAR,DAYLIGHT,TURNING,DIVIDED - W/MEDIAN (NOT RAISED),NO CONTROLS,FAILING TO REDUCE SPEED,IMPROPER OVERTAKING/PASSING,0,0,1,1,18,2,11,2511,STATE ST,41.771446,-87.629546,11/19/2018 06:55:00 PM,2018
CR00013850,01/17/2020 02:36:00 PM,25,CLEAR,DAYLIGHT,TURNING,NOT DIVIDED,STOP SIGN/FLASHER,UNABLE TO DETERMINE,IMPROPER OVERTAKING/PASSING,0,0,0,0,14,6,1,2085,63RD ST,41.723261,-87.785643,01/17/2020 03:08:00 PM,2020
CR00013851,11/27/2017 09:13:00 AM,30,CLOUDY/OVERCAST,DARKNESS - LIGHTED ROAD,REAR END,DIVIDED - W/MEDIAN (NOT RAISED),NO CONTROLS,FAILING TO YIELD RIGHT-OF-WAY,FOLLOWING TOO CLOSELY,0,0,0,0,9,2,11,1036,63RD ST,41.907736,-87.762461,11/27/2017 10:19:00 AM,2017
CR00013852,08/22/2024 05:11:00 AM,45,CLOUDY/OVERCAST,DAYLIGHT,SIDESWIPE SAME DIRECTION,NOT DIVIDED,TRAFFIC SIGNAL,UNABLE TO DETERMINE,UNABLE TO DETERMINE,0,0,0,0,5,5,8,1867,ELSTON AVE,41.824843,-87.500976,08/22/2024 06:16:00 AM,2024
CR00013853,09/19/2021 01:11:00 PM,20,SNOW,DAYLIGHT,SIDESWIPE SAME DIRECTION,NOT DIVIDED,STOP SIGN/FLASHER,UNABLE TO DETERMINE,UNABLE TO DETERMINE,0,0,1,1,13,1,9,2339,CLARK ST,41.904473,-87.73294,09/19/2021 02:13:00 PM,2021
CR00013854,05/09/2018 07:01:00 PM,25,CLEAR,DAYLIGHT,PEDESTRIAN,DIVIDED - W/MEDIAN BARRIER,NO CONTROLS,DISREGARDING TRAFFIC SIGNALS,DISREGARDING TRAFFIC SIGNALS,0,0,0,0,19,4,5,1595,MICHIGAN AVE,41.705498,-87.715765,05/09/2018 08:20:00 PM,2018
CR00013855,04/01/2021 08:34:00 PM,40,CLEAR,DARKNESS - LIGHTED ROAD,REAR END,NOT DIVIDED,UNKNOWN,UNABLE TO DETERMINE,FOLLOWING TOO CLOSELY,0,0,0,0,20,5,4,1829,WESTERN AVE,41.768357,-87.831654,04/01/2021 08:35:00 PM,2021
CR00013856,04/16/2023 01:39:00 PM,35,CLEAR,DAYLIGHT,REAR TO FRONT,DIVIDED - W/MEDIAN (NOT RAISED),STOP SIGN/FLASHER,IMPROPER LANE USAGE,FAILING TO REDUCE SPEED,0,0,0,0,13,1,4,966,63RD ST,41.731608,-87.647828,04/16/2023 01:57:00 PM,2023
CR00013857,04/06/2020 04:23:00 AM,40,CLEAR,DAYLIGHT,SIDESWIPE SAME DIRECTION,DIVIDED - W/MEDIAN BARRIER,TRAFFIC SIGNAL,UNABLE TO DETERMINE,UNABLE TO DETERMINE,0,0,0,0,4,2,4,201,MILWAUKEE AVE,41.808225,-87.730534,04/06/2020 05:28:00 AM,2020
CR00013858,02/22/2015 06:40:00 PM,40,CLEAR,DAYLIGHT,REAR END,NOT DIVIDED,UNKNOWN,FAILING TO YIELD RIGHT-OF-WAY,FAILING TO YIELD RIGHT-OF-WAY,0,0,0,0,18,1,2,965,CALIFORNIA AVE,41.905804,-87.83659,02/22/2015 08:16:00 PM,2015
CR00013859,06/06/2023 03:56:00 PM,40,CLEAR,DAYLIGHT,PARKED MOTOR VEHICLE,NOT DIVIDED,NO CONTROLS,UNABLE TO DETERMINE,IMPROPER LANE USAGE,0,0,0,0,15,3,6,657,ROOSEVELT RD,41.894192,-87.55981,06/06/2023 05:13:00 PM,2023
CR00013860,01/05/2015 10:25:00 AM,30,CLEAR,DAWN,REAR END,ONE-WAY,NO CONTROLS,FOLLOWING TOO CLOSELY,DRIVING SKILLS/KNOWLEDGE/EXPERIENCE,0,0,0,0,10,2,1,852,WESTERN AVE,41.852925,-87.669157,01/05/2015 11:56:00 AM,2015
CR00013861,01/09/2023 05:52:00 PM,35,RAIN,DARKNESS - LIGHTED ROAD,REAR END,T-INTERSECTION,TRAFFIC SIGNAL,UNABLE TO DETERMINE,IMPROPER OVERTAKING/PASSING,0,0,0,0,17,2,1,1955,IRVING PARK RD,41.753818,-87.544571,01/09/2023 05:54:00 PM,2023
CR00013862,07/29/2022 08:23:00 AM,30,SNOW,DARKNESS - LIGHTED ROAD,REAR TO FRONT,DIVIDED - W/MEDIAN (NOT RAISED),NO CONTROLS,UNABLE TO DETERMINE,UNABLE TO DETERMINE,0,0,0,0,8,6,7,855,ARCHER AVE,41.956403,-87.82059,07/29/2022 08:38:00 AM,2022
CR00013863,02/26/2019 10:27:00 PM,35,RAIN,DAYLIGHT,TURNING,DIVIDED - W/MEDIAN (NOT RAISED),UNKNOWN,UNABLE TO DETERMINE,UNABLE TO DETERMINE,0,0,0,0,22,3,2,247,ELSTON AVE,41.841265,-87.728728,02/26/2019 11:09:00 PM,2019
CR00013864,05/09/2021 03:19:00 AM,35,CLEAR,DARKNESS - LIGHTED ROAD,REAR END,DIVIDED - W/MEDIAN (NOT RAISED),TRAFFIC SIGNAL,FAILING TO YIELD RIGHT-OF-WAY,FAILING TO REDUCE SPEED,0,0,0,0,3,1,5,1692,DIVISION ST,41.941882,-87.658109,05/09/2021 05:09:00 AM,2021
CR00013865,08/21/2018 03:32:00 PM,30,SNOW,DAYLIGHT,REAR END,DIVIDED - W/MEDIAN (NOT RAISED),NO CONTROLS,WEATHER,FOLLOWING TOO CLOSELY,0,0,0,0,15,3,8,2204,ARCHER AVE,41.78695,-87.593802,08/21/2018 04:02:00 PM,2018
CR00013866,03/28/2022 07:54:00 PM,40,CLEAR,DAYLIGHT,REAR END,DIVIDED - W/MEDIAN BARRIER,TRAFFIC SIGNAL,FAILING TO YIELD RIGHT-OF-WAY,UNABLE TO DETERMINE,0,0,0,0,19,2,3,216,ROOSEVELT RD,41.759009,-87.614075,03/28/2022 09:03:00 PM,2022
CR00013867,05/13/2018 08:25:00 AM,20,CLEAR,DARKNESS - LIGHTED ROAD,REAR END,DIVIDED - W/MEDIAN (NOT RAISED),STOP SIGN/FLASHER,FAILING TO YIELD RIGHT-OF-WAY,NOT APPLICABLE,0,0,0,0,8,1,5,1166,ELSTON AVE,41.920633,-87.639246,05/13/2018 08:26:00 AM,2018
CR00013868,07/28/2024 09:50:00 AM,30,RAIN,DARKNESS - LIGHTED ROAD,REAR END,DIVIDED - W/MEDIAN BARRIER,NO CONTROLS,FAILING TO YIELD RIGHT-OF-WAY,DISTRACTION - FROM INSIDE VEHICLE,0,0,0,0,9,1,7,1567,STONY ISLAND AVE,41.725818,-87.644103,07/28/2024 10:00:00 AM,2024
CR00013869,05/10/2019 09:11:00 PM,25,CLEAR,DAYLIGHT,TURNING,NOT DIVIDED,STOP SIGN/FLASHER,DRIVING SKILLS/KNOWLEDGE/EXPERIENCE,IMPROPER OVERTAKING/PASSING,0,0,0,0,21,6,5,2330,ROOSEVELT RD,41.919312,-87.617031,05/10/2019 09:54:00 PM,2019
CR00013870,11/26/2022 12:49:00 PM,40,CLEAR,DAYLIGHT,REAR END,NOT DIVIDED,TRAFFIC SIGNAL,FAILING TO REDUCE SPEED,UNABLE TO DETERMINE,0,0,0,0,12,7,11,1127,PULASKI RD,41.877934,-87.544429,11/26/2022 01:29:00 PM,2022
CR00013871,07/20/2022 04:21:00 PM,35,CLEAR,DARKNESS - LIGHTED ROAD,PEDESTRIAN,NOT DIVIDED,TRAFFIC SIGNAL,FOLLOWING TOO CLOSELY,UNABLE TO DETERMINE,0,0,0,0,16,4,7,1303,BROADWAY,41.806422,-87.75545,07/20/2022 06:06:00 PM,2022
CR00013872,09/24/2023 09:27:00 AM,30,CLEAR,DAYLIGHT,PARKED MOTOR VEHICLE,NOT DIVIDED,PEDESTRIAN CROSSING SIGN,DRIVING SKILLS/KNOWLEDGE/EXPERIENCE,UNABLE TO DETERMINE,0,0,0,0,9,1,9,1381,CICERO AVE,41.89985,-87.551709,09/24/2023 10:22:00 AM,2023
CR00013873,05/02/2015 08:04:00 PM,20,CLEAR,DARKNESS - LIGHTED ROAD,TURNING,ONE-WAY,NO CONTROLS,IMPROPER OVERTAKING/PASSING,DISTRACTION - FROM INSIDE VEHICLE,0,0,0,0,20,7,5,2030,BROADWAY,41.978479,-87.65579,05/02/2015 08:17:00 PM,2015
CR00013874,08/19/2021 08:31:00 AM,30,CLEAR,DARKNESS - LIGHTED ROAD,SIDESWIPE SAME DIRECTION,DIVIDED - W/MEDIAN (NOT RAISED),TRAFFIC SIGNAL,IMPROPER OVERTAKING/PASSING,IMPROPER LANE USAGE,0,0,0,0,8,5,8,2328,HALSTED ST,41.920519,-87.747528,08/19/2021 08:52:00 AM,2021
CR00013875,12/16/2020 01:39:00 PM,35,CLEAR,DARKNESS,PARKED MOTOR VEHICLE,FOUR WAY,STOP SIGN/FLASHER,FAILING TO YIELD RIGHT-OF-WAY,UNABLE TO DETERMINE,0,0,0,0,13,4,12,2270,ROOSEVELT RD,41.761553,-87.795163,12/16/2020 02:39:00 PM,2020
CR00013876,07/21/2015 11:59:00 AM,35,CLOUDY/OVERCAST,DAYLIGHT,FIXED OBJECT,DIVIDED - W/MEDIAN (NOT RAISED),UNKNOWN,DISREGARDING TRAFFIC SIGNALS,DRIVING SKILLS/KNOWLEDGE/EXPERIENCE,0,0,2,2,11,3,7,858,IRVING PARK RD,41.964323,-87.680449,07/21/2015 01:53:00 PM,2015
CR00013877,10/20/2018 06:10:00 PM,30,CLOUDY/OVERCAST,DUSK,SIDESWIPE SAME DIRECTION,DIVIDED - W/MEDIAN BARRIER,STOP SIGN/FLASHER,IMPROPER LANE USAGE,FOLLOWING TOO CLOSELY,0,0,0,0,18,7,10,1764,OGDEN AVE,41.866164,-87.574863,10/20/2018 06:53:00 PM,2018
CR00013878,04/04/2020 07:42:00 PM,45,FREEZING RAIN/DRIZZLE,DARKNESS - LIGHTED ROAD,REAR END,DIVIDED - W/MEDIAN (NOT RAISED),NO CONTROLS,UNABLE TO DETERMINE,UNABLE TO DETERMINE,0,0,0,0,19,7,4,973,STATE ST,41.891264,-87.565257,04/04/2020 09:38:00 PM,2020
CR00013879,06/03/2021 08:51:00 PM,30,CLEAR,DAYLIGHT,REAR END,NOT DIVIDED,NO CONTROLS,UNABLE TO DETERMINE,FAILING TO REDUCE SPEED,0,0,1,1,20,5,6,840,CICERO AVE,41.772192,-87.51343,06/03/2021 09:02:00 PM,2021
CR00013880,07/31/2019 12:33:00 PM,35,RAIN,DUSK,TURNING,DIVIDED - W/MEDIAN (NOT RAISED),STOP SIGN/FLASHER,DISTRACTION - FROM INSIDE VEHICLE,UNABLE TO DETERMINE,0,0,0,0,12,4,7,1990,WESTERN AVE,41.71077,-87.844594,07/31/2019 01:59:00 PM,2019
CR00013881,10/19/2019 08:40:00 AM,20,RAIN,DAYLIGHT,TURNING,NOT DIVIDED,TRAFFIC SIGNAL,FOLLOWING TOO CLOSELY,DRIVING SKILLS/KNOWLEDGE/EXPERIENCE,0,0,0,0,8,7,10,852,IRVING PARK RD,41.701488,-87.558866,10/19/2019 09:37:00 AM,2019
CR00013882,07/17/2018 07:31:00 AM,25,CLEAR,DARKNESS - LIGHTED ROAD,REAR TO FRONT,NOT DIVIDED,NO CONTROLS,DRIVING SKILLS/KNOWLEDGE/EXPERIENCE,IMPROPER LANE USAGE,0,0,0,0,7,3,7,2086,ASHLAND AVE,41.790167,-87.599934,07/17/2018 07:52:00 AM,2018
CR00013883,08/29/2017 05:41:00 PM,40,CLEAR,DAYLIGHT,SIDESWIPE SAME DIRECTION,NOT DIVIDED,NO CONTROLS,UNABLE TO DETERMINE,UNABLE TO DETERMINE,0,0,0,0,17,3,8,2031,ARCHER AVE,41.779094,-87.639589,08/29/2017 07:07:00 PM,2017
CR00013884,10/19/2016 02:10:00 PM,30,CLEAR,DARKNESS - LIGHTED ROAD,ANGLE,FOUR WAY,STOP SIGN/FLASHER,FAILING TO YIELD RIGHT-OF-WAY,IMPROPER LANE USAGE,0,0,0,0,14,4,10,1047,STATE ST,41.751131,-87.664323,10/19/2016 04:05:00 PM,2016
CR00013885,08/18/2018 07:40:00 AM,30,CLEAR,DAYLIGHT,TURNING,FOUR WAY,NO CONTROLS,FOLLOWING TOO CLOSELY,NOT APPLICABLE,0,0,0,0,7,7,8,1356,BROADWAY,41.951943,-87.538253,08/18/2018 07:49:00 AM,2018
CR00013886,05/07/2021 11:04:00 PM,30,CLEAR,DAYLIGHT,REAR END,NOT DIVIDED,NO CONTROLS,IMPROPER LANE USAGE,FAILING TO YIELD RIGHT-OF-WAY,0,0,0,0,23,6,5,2378,MILWAUKEE AVE,41.841072,-87.71988,05/08/2021 12:04:00 AM,2021
CR00013887,08/10/2017 08:54:00 AM,45,RAIN,DAYLIGHT,SIDESWIPE SAME DIRECTION,ONE-WAY,STOP SIGN/FLASHER,DISTRACTION - FROM INSIDE VEHICLE,FOLLOWING TOO CLOSELY,0,0,0,0,8,5,8,485,ASHLAND AVE,41.817812,-87.684293,08/10/2017 10:05:00 AM,2017
CR00013888,10/29/2017 10:39:00 AM,30,CLEAR,DAYLIGHT,PARKED MOTOR VEHICLE,DIVIDED - W/MEDIAN BARRIER,TRAFFIC SIGNAL,DISTRACTION - FROM INSIDE VEHICLE,DISTRACTION - FROM INSIDE VEHICLE,0,0,0,0,10,1,10,2435,79TH ST,41.869201,-87.806973,10/29/2017 12:13:00 PM,2017
CR00013889,05/29/2015 12:01:00 PM,30,CLOUDY/OVERCAST,DAYLIGHT,PARKED MOTOR VEHICLE,ONE-WAY,STOP SIGN/FLASHER,FAILING TO YIELD RIGHT-OF-WAY,FAILING TO REDUCE SPEED,0,0,0,0,12,6,5,1629,BROADWAY,41.913202,-87.752695,05/29/2015 12:15:00 PM,2015
CR00013890,09/10/2020 05:58:00 PM,35,CLEAR,DAYLIGHT,REAR END,DIVIDED - W/MEDIAN (NOT RAISED),NO CONTROLS,FAILING TO YIELD RIGHT-OF-WAY,IMPROPER OVERTAKING/PASSING,0,0,0,0,17,5,9,1595,79TH ST,41.836554,-87.508945,09/10/2020 06:07:00 PM,2020
CR00013891,10/10/2022 05:25:00 PM,30,RAIN,DUSK,REAR END,DIVIDED - W/MEDIAN (NOT RAISED),NO CONTROLS,FOLLOWING TOO CLOSELY,UNABLE TO DETERMINE,0,0,0,0,17,2,10,2062,CLARK ST,41.916727,-87.840201,10/10/2022 06:16:00 PM,2022
CR00013892,08/01/2016 03:30:00 AM,35,CLEAR,DAYLIGHT,TURNING,FOUR WAY,NO CONTROLS,DRIVING SKILLS/KNOWLEDGE/EXPERIENCE,IMPROPER OVERTAKING/PASSING,0,0,0,0,3,2,8,2256,ROOSEVELT RD,41.796009,-87.572877,08/01/2016 04:39:00 AM,2016
CR00013893,08/21/2016 05:35:00 PM,40,RAIN,DAYLIGHT,FIXED OBJECT,NOT DIVIDED,TRAFFIC SIGNAL,UNABLE TO DETERMINE,UNABLE TO DETERMINE,0,0,0,0,17,1,8,254,CICERO AVE,41.974161,-87.671476,08/21/2016 06:47:00 PM,2016
CR00013894,02/24/2017 07:16:00 PM,15,CLEAR,DAYLIGHT,SIDESWIPE SAME DIRECTION,FOUR WAY,TRAFFIC SIGNAL,DRIVING SKILLS/KNOWLEDGE/EXPERIENCE,FOLLOWING TOO CLOSELY,0,0,0,0,19,6,2,1512,FULLERTON AVE,41.898342,-87.587833,02/24/2017 07:58:00 PM,2017
CR00013895,10/30/2022 12:25:00 AM,25,CLEAR,DARKNESS - LIGHTED ROAD,REAR TO FRONT,DIVIDED - W/MEDIAN (NOT RAISED),NO CONTROLS,FOLLOWING TOO CLOSELY,UNABLE TO DETERMINE,0,0,0,0,0,1,10,1199,79TH ST,41.909936,-87.730408,10/30/2022 01:55:00 AM,2022
CR00013896,12/11/2020 09:02:00 AM,35,CLEAR,DAYLIGHT,SIDESWIPE SAME DIRECTION,DIVIDED - W/MEDIAN (NOT RAISED),TRAFFIC SIGNAL,DRIVING SKILLS/KNOWLEDGE/EXPERIENCE,UNABLE TO DETERMINE,0,0,0,0,9,6,12,481,FULLERTON AVE,41.845451,-87.761084,12/11/2020 09:54:00 AM,2020
CR00013897,04/11/2019 05:28:00 PM,45,CLEAR,DARKNESS - LIGHTED ROAD,TURNING,NOT DIVIDED,STOP SIGN/FLASHER,FOLLOWING TOO CLOSELY,FOLLOWING TOO CLOSELY,0,0,0,0,17,5,4,1398,WESTERN AVE,41.795092,-87.604506,04/11/2019 05:47:00 PM,2019
CR00013898,09/22/2023 02:24:00 PM,15,CLEAR,DUSK,TURNING,ONE-WAY,TRAFFIC SIGNAL,IMPROPER OVERTAKING/PASSING,UNABLE TO DETERMINE,0,0,0,0,14,6,9,763,ROOSEVELT RD,41.86103,-87.684218,09/22/2023 02:54:00 PM,2023
CR00013899,12/17/2022 08:00:00 PM,20,CLEAR,DAYLIGHT,FIXED OBJECT,FOUR WAY,NO CONTROLS,FOLLOWING TOO CLOSELY,NOT APPLICABLE,0,0,0,0,20,7,12,196,63RD ST,41.869772,-87.590854,12/17/2022 09:15:00 PM,2022
CR00013900,05/29/2018 03:37:00 AM,30,CLEAR,DUSK,REAR TO FRONT,FOUR WAY,NO CONTROLS,FAILING TO YIELD RIGHT-OF-WAY,FAILING TO YIELD RIGHT-OF-WAY,0,0,0,0,3,3,5,1466,ARCHER AVE,41.755141,-87.848042,05/29/2018 04:42:00 AM,2018
CR00013901,07/24/2015 06:42:00 AM,30,CLEAR,DAYLIGHT,SIDESWIPE SAME DIRECTION,DIVIDED - W/MEDIAN (NOT RAISED),NO CONTROLS,UNABLE TO DETERMINE,UNABLE TO DETERMINE,0,0,2,2,6,6,7,2298,CLARK ST,41.947224,-87.78248,07/24/2015 07:22:00 AM,2015
CR00013902,06/07/2017 12:49:00 PM,40,CLEAR,DAYLIGHT,ANGLE,DIVIDED - W/MEDIAN (NOT RAISED),NO CONTROLS,FAILING TO YIELD RIGHT-OF-WAY,UNABLE TO DETERMINE,0,0,0,0,12,4,6,2258,CLARK ST,41.740417,-87.710233,06/07/2017 02:19:00 PM,2017
CR00013903,11/14/2015 07:40:00 AM,25,CLEAR,DAYLIGHT,SIDESWIPE SAME DIRECTION,ONE-WAY,TRAFFIC SIGNAL,IMPROPER LANE USAGE,DRIVING SKILLS/KNOWLEDGE/EXPERIENCE,0,0,0,0,7,7,11,1078,CALIFORNIA AVE,41.901476,-87.506689,11/14/2015 09:40:00 AM,2015
CR00013904,10/09/2015 02:32:00 PM,30,RAIN,DAYLIGHT,SIDESWIPE SAME DIRECTION,DIVIDED - W/MEDIAN BARRIER,TRAFFIC SIGNAL,UNABLE TO DETERMINE,DISTRACTION - FROM INSIDE VEHICLE,0,0,0,0,14,6,10,1721,ARCHER AVE,41.728724,-87.595028,10/09/2015 04:21:00 PM,2015
CR00013905,07/27/2023 08:55:00 PM,15,CLEAR,DUSK,REAR END,ONE-WAY,NO CONTROLS,FAILING TO REDUCE SPEED,IMPROPER LANE USAGE,0,0,0,0,20,5,7,2080,63RD ST,41.902274,-87.648596,07/27/2023 09:34:00 PM,2023
CR00013906,02/25/2021 05:54:00 AM,35,CLEAR,DAYLIGHT,ANGLE,NOT DIVIDED,TRAFFIC SIGNAL,UNABLE TO DETERMINE,FAILING TO REDUCE SPEED,0,0,0,0,5,5,2,2127,OGDEN AVE,41.782433,-87.610693,02/25/2021 07:22:00 AM,2021
CR00013907,06/25/2015 07:19:00 PM,25,RAIN,DAYLIGHT,SIDESWIPE SAME DIRECTION,ONE-WAY,UNKNOWN,DISREGARDING TRAFFIC SIGNALS,UNABLE TO DETERMINE,0,0,1,1,19,5,6,2047,BROADWAY,41.996298,-87.51811,06/25/2015 08:02:00 PM,2015
CR00013908,04/22/2022 12:24:00 PM,35,CLEAR,DAYLIGHT,REAR TO FRONT,DIVIDED - W/MEDIAN BARRIER,NO CONTROLS,DRIVING SKILLS/KNOWLEDGE/EXPERIENCE,IMPROPER OVERTAKING/PASSING,0,0,0,0,12,6,4,169,ELSTON AVE,41.786185,-87.531877,04/22/2022 02:21:00 PM,2022
CR00013909,02/19/2018 09:29:00 PM,25,RAIN,DARKNESS - LIGHTED ROAD,TURNING,ONE-WAY,NO CONTROLS,DISREGARDING TRAFFIC SIGNALS,FAILING TO YIELD RIGHT-OF-WAY,0,0,0,0,21,2,2,2374,79TH ST,41.801872,-87.545574,02/19/2018 09:35:00 PM,2018
CR00013910,08/05/2016 05:11:00 PM,30,CLEAR,DAYLIGHT,ANGLE,NOT DIVIDED,TRAFFIC SIGNAL,UNABLE TO DETERMINE,DRIVING SKILLS/KNOWLEDGE/EXPERIENCE,0,1,1,2,17,6,8,2248,LAKE SHORE DR,41.969944,-87.760659,08/05/2016 06:00:00 PM,2016
CR00013911,06/20/2020 07:53:00 AM,15,CLOUDY/OVERCAST,DAYLIGHT,TURNING,NOT DIVIDED,STOP SIGN/FLASHER,FAILING TO REDUCE SPEED,UNABLE TO DETERMINE,0,0,0,0,7,7,6,491,PULASKI RD,41.842762,-87.531479,06/20/2020 09:49:00 AM,2020
CR00013912,09/06/2018 10:18:00 AM,25,RAIN,DAYLIGHT,REAR END,NOT DIVIDED,TRAFFIC SIGNAL,UNABLE TO DETERMINE,FAILING TO YIELD RIGHT-OF-WAY,0,0,0,0,10,5,9,226,CALIFORNIA AVE,41.919121,-87.803911,09/06/2018 11:07:00 AM,2018
CR00013913,11/23/2020 11:55:00 PM,35,CLEAR,DAYLIGHT,REAR END,DIVIDED - W/MEDIAN BARRIER,NO CONTROLS,IMPROPER LANE USAGE,DISTRACTION - FROM INSIDE VEHICLE,0,0,0,0,23,2,11,940,STONY ISLAND AVE,41.792911,-87.680341,11/24/2020 12:20:00 AM,2020
CR00013914,08/24/2019 05:37:00 PM,30,CLOUDY/OVERCAST,DAYLIGHT,REAR END,FOUR WAY,STOP SIGN/FLASHER,FOLLOWING TOO CLOSELY,FAILING TO REDUCE SPEED,0,0,0,0,17,7,8,1443,ASHLAND AVE,41.850526,-87.513783,08/24/2019 07:07:00 PM,2019
CR00013915,06/24/2020 10:40:00 AM,45,CLEAR,DARKNESS - LIGHTED ROAD,REAR END,NOT DIVIDED,TRAFFIC SIGNAL,UNABLE TO DETERMINE,NOT APPLICABLE,0,0,0,0,10,4,6,2133,FULLERTON AVE,41.725862,-87.72316,06/24/2020 12:38:00 PM,2020
CR00013916,04/11/2019 08:03:00 AM,25,CLEAR,DAYLIGHT,REAR TO FRONT,NOT DIVIDED,STOP SIGN/FLASHER,FAILING TO YIELD RIGHT-OF-WAY,UNABLE TO DETERMINE,0,0,0,0,8,5,4,182,PULASKI RD,41.962454,-87.723274,04/11/2019 08:09:00 AM,2019
CR00013917,02/26/2015 06:55:00 PM,20,CLEAR,DAWN,TURNING,NOT DIVIDED,NO CONTROLS,WEATHER,DISTRACTION - FROM INSIDE VEHICLE,0,0,0,0,18,5,2,1685,IRVING PARK RD,41.837537,-87.728704,02/26/2015 08:12:00 PM,2015