CRASH_RECORD_ID,CRASH_DATE,POSTED_SPEED_LIMIT,WEATHER_CONDITION,LIGHTING_CONDITION,FIRST_CRASH_TYPE,TRAFFICWAY_TYPE,TRAFFIC_CONTROL_DEVICE,PRIM_CONTRIBUTORY_CAUSE,SEC_CONTRIBUTORY_CAUSE,INJURIES_FATAL,INJURIES_INCAPACITATING,INJURIES_NON_INCAPACITATING,INJURIES_TOTAL,CRASH_HOUR,CRASH_DAY_OF_WEEK,CRASH_MONTH,BEAT_OF_OCCURRENCE,STREET_NAME,LATITUDE,LONGITUDE,DATE_POLICE_NOTIFIED,year
CR00013918,03/17/2023 06:18:00 AM,30,CLEAR,DAYLIGHT,REAR TO FRONT,NOT DIVIDED,NO CONTROLS,FAILING TO REDUCE SPEED,DISTRACTION - FROM INSIDE VEHICLE,0,0,0,0,6,6,3,2267,WESTERN AVE,41.987714,-87.545018,03/17/2023 06:28:00 AM,2023
CR00013919,08/05/2021 03:54:00 PM,35,CLEAR,DUSK,ANGLE,NOT DIVIDED,TRAFFIC SIGNAL,DISREGARDING TRAFFIC SIGNALS,UNABLE TO DETERMINE,0,0,0,0,15,5,8,1242,63RD ST,41.845277,-87.506468,08/05/2021 04:54:00 PM,2021
CR00013920,09/14/2019 08:38:00 PM,20,FREEZING RAIN/DRIZZLE,DAYLIGHT,SIDESWIPE SAME DIRECTION,FOUR WAY,NO CONTROLS,DISTRACTION - FROM INSIDE VEHICLE,FAILING TO REDUCE SPEED,0,0,0,0,20,7,9,113,ELSTON AVE,41.948204,-87.781211,09/14/2019 09:20:00 PM,2019
CR00013921,04/15/2015 05:40:00 PM,35,CLEAR,DARKNESS - LIGHTED ROAD,PARKED MOTOR VEHICLE,NOT DIVIDED,STOP SIGN/FLASHER,IMPROPER OVERTAKING/PASSING,IMPROPER LANE USAGE,0,0,1,1,17,4,4,2118,ASHLAND AVE,41.788504,-87.565388,04/15/2015 05:52:00 PM,2015
CR00013922,05/06/2022 01:25:00 AM,15,RAIN,DARKNESS,SIDESWIPE SAME DIRECTION,ONE-WAY,NO CONTROLS,DRIVING SKILLS/KNOWLEDGE/EXPERIENCE,FAILING TO YIELD RIGHT-OF-WAY,0,0,0,0,1,6,5,2303,63RD ST,41.768618,-87.824584,05/06/2022 02:35:00 AM,2022
CR00013923,08/20/2018 05:19:00 PM,15,CLEAR,DAYLIGHT,REAR END,NOT DIVIDED,NO CONTROLS,FAILING TO YIELD RIGHT-OF-WAY,NOT APPLICABLE,0,0,1,1,17,2,8,1432,ROOSEVELT RD,41.971391,-87.846681,08/20/2018 05:37:00 PM,2018
CR00013924,12/07/2018 10:58:00 AM,20,SNOW,DARKNESS,REAR END,NOT DIVIDED,UNKNOWN,IMPROPER LANE USAGE,DRIVING SKILLS/KNOWLEDGE/EXPERIENCE,0,0,2,2,10,6,12,2033,DIVISION ST,41.704516,-87.820256,12/07/2018 12:21:00 PM,2018
CR00013925,10/01/2023 11:58:00 AM,30,FOG/SMOKE/HAZE,DARKNESS - LIGHTED ROAD,PEDESTRIAN,NOT DIVIDED,NO CONTROLS,FAILING TO YIELD RIGHT-OF-WAY,FOLLOWING TOO CLOSELY,0,0,0,0,11,1,10,1295,ASHLAND AVE,41.977544,-87.624136,10/01/2023 12:01:00 PM,2023
CR00013926,09/23/2016 09:08:00 AM,30,CLEAR,DARKNESS - LIGHTED ROAD,TURNING,NOT DIVIDED,NO CONTROLS,IMPROPER OVERTAKING/PASSING,UNABLE TO DETERMINE,0,0,0,0,9,6,9,1119,STONY ISLAND AVE,41.759505,-87.534535,09/23/2016 09:21:00 AM,2016
CR00013927,07/23/2024 12:46:00 AM,30,CLEAR,DAYLIGHT,REAR END,NOT DIVIDED,TRAFFIC SIGNAL,UNABLE TO DETERMINE,IMPROPER LANE USAGE,0,0,1,1,0,3,7,2247,HALSTED ST,41.899159,-87.813084,07/23/2024 01:08:00 AM,2024
CR00013928,05/07/2021 11:17:00 AM,40,CLEAR,DAYLIGHT,SIDESWIPE SAME DIRECTION,DIVIDED - W/MEDIAN (NOT RAISED),UNKNOWN,IMPROPER OVERTAKING/PASSING,UNABLE TO DETERMINE,0,0,0,0,11,6,5,2349,BROADWAY,41.800875,-87.680108,05/07/2021 12:32:00 PM,2021
CR00013929,08/18/2015 10:57:00 PM,35,CLEAR,DARKNESS - LIGHTED ROAD,FIXED OBJECT,DIVIDED - W/MEDIAN (NOT RAISED),TRAFFIC SIGNAL,FAILING TO YIELD RIGHT-OF-WAY,UNABLE TO DETERMINE,0,0,0,0,22,3,8,2192,CICERO AVE,41.701704,-87.650655,08/18/2015 11:36:00 PM,2015
CR00013930,07/04/2016 08:30:00 PM,30,CLEAR,DAYLIGHT,ANGLE,DIVIDED - W/MEDIAN BARRIER,STOP SIGN/FLASHER,DISREGARDING TRAFFIC SIGNALS,UNABLE TO DETERMINE,0,0,0,0,20,2,7,2171,ARCHER AVE,41.883675,-87.528853,07/04/2016 10:25:00 PM,2016
CR00013931,12/21/2018 05:11:00 PM,35,RAIN,DARKNESS - LIGHTED ROAD,ANGLE,DIVIDED - W/MEDIAN BARRIER,NO CONTROLS,UNABLE TO DETERMINE,IMPROPER OVERTAKING/PASSING,0,0,1,1,17,6,12,1728,HALSTED ST,41.948281,-87.735443,12/21/2018 06:45:00 PM,2018
CR00013932,10/19/2018 07:49:00 AM,30,CLEAR,DAYLIGHT,PEDESTRIAN,DIVIDED - W/MEDIAN BARRIER,NO CONTROLS,FAILING TO REDUCE SPEED,FAILING TO YIELD RIGHT-OF-WAY,0,0,0,0,7,6,10,1961,ARCHER AVE,41.802417,-87.807103,10/19/2018 08:08:00 AM,2018
CR00013933,01/27/2016 04:52:00 PM,30,RAIN,DAYLIGHT,REAR END,DIVIDED - W/MEDIAN BARRIER,UNKNOWN,FAILING TO YIELD RIGHT-OF-WAY,UNABLE TO DETERMINE,0,0,1,1,16,4,1,2081,DAMEN AVE,41.956749,-87.514672,01/27/2016 06:33:00 PM,2016
CR00013934,12/05/2018 06:37:00 PM,45,RAIN,DARKNESS - LIGHTED ROAD,TURNING,DIVIDED - W/MEDIAN (NOT RAISED),PEDESTRIAN CROSSING SIGN,FOLLOWING TOO CLOSELY,DRIVING SKILLS/KNOWLEDGE/EXPERIENCE,0,0,0,0,18,4,12,1570,47TH ST,41.715593,-87.597425,12/05/2018 08:16:00 PM,2018
CR00013935,01/24/2015 04:39:00 PM,35,CLEAR,DAYLIGHT,REAR END,NOT DIVIDED,STOP SIGN/FLASHER,UNABLE TO DETERMINE,DRIVING SKILLS/KNOWLEDGE/EXPERIENCE,0,0,0,0,16,7,1,1335,ARCHER AVE,41.873609,-87.776341,01/24/2015 06:04:00 PM,2015
CR00013936,10/06/2021 07:39:00 AM,30,CLEAR,DAYLIGHT,PARKED MOTOR VEHICLE,NOT DIVIDED,NO CONTROLS,FAILING TO REDUCE SPEED,FAILING TO YIELD RIGHT-OF-WAY,0,0,0,0,7,4,10,1720,KEDZIE AVE,41.824141,-87.825227,10/06/2021 09:31:00 AM,2021
CR00013937,11/25/2016 02:46:00 PM,35,CLOUDY/OVERCAST,DARKNESS - LIGHTED ROAD,TURNING,FOUR WAY,STOP SIGN/FLASHER,IMPROPER LANE USAGE,UNABLE TO DETERMINE,0,0,0,0,14,6,11,2369,LAKE SHORE DR,41.883705,-87.657524,11/25/2016 03:02:00 PM,2016
CR00013938,08/28/2021 05:47:00 PM,35,CLEAR,DAYLIGHT,SIDESWIPE SAME DIRECTION,NOT DIVIDED,STOP SIGN/FLASHER,UNABLE TO DETERMINE,NOT APPLICABLE,0,0,0,0,17,7,8,619,BROADWAY,41.924187,-87.826963,08/28/2021 06:22:00 PM,2021
CR00013939,09/29/2020 02:21:00 PM,25,RAIN,DAYLIGHT,TURNING,T-INTERSECTION,TRAFFIC SIGNAL,DISTRACTION - FROM INSIDE VEHICLE,UNABLE TO DETERMINE,0,0,0,0,14,3,9,864,LAKE SHORE DR,41.927491,-87.565234,09/29/2020 02:35:00 PM,2020
CR00013940,11/12/2017 05:00:00 AM,35,CLEAR,DAYLIGHT,TURNING,DIVIDED - W/MEDIAN BARRIER,NO CONTROLS,DRIVING SKILLS/KNOWLEDGE/EXPERIENCE,FAILING TO YIELD RIGHT-OF-WAY,0,0,1,1,5,1,11,1369,ROOSEVELT RD,41.80328,-87.664557,11/12/2017 05:37:00 AM,2017
CR00013941,11/22/2018 04:51:00 PM,40,CLEAR,DARKNESS - LIGHTED ROAD,SIDESWIPE SAME DIRECTION,DIVIDED - W/MEDIAN BARRIER,NO CONTROLS,UNABLE TO DETERMINE,NOT APPLICABLE,0,0,0,0,16,5,11,543,KEDZIE AVE,41.841024,-87.728067,11/22/2018 05:49:00 PM,2018
CR00013942,04/22/2015 08:26:00 AM,35,CLEAR,DAYLIGHT,REAR END,T-INTERSECTION,TRAFFIC SIGNAL,FOLLOWING TOO CLOSELY,FOLLOWING TOO CLOSELY,0,0,0,0,8,4,4,2035,STONY ISLAND AVE,41.999692,-87.525475,04/22/2015 09:53:00 AM,2015
CR00013943,10/13/2018 03:54:00 AM,35,CLEAR,DARKNESS - LIGHTED ROAD,SIDESWIPE SAME DIRECTION,NOT DIVIDED,NO CONTROLS,FOLLOWING TOO CLOSELY,UNABLE TO DETERMINE,0,0,0,0,3,7,10,2502,MICHIGAN AVE,41.994928,-87.673938,10/13/2018 05:04:00 AM,2018
CR00013944,08/08/2021 03:52:00 PM,40,CLEAR,DUSK,TURNING,NOT DIVIDED,NO CONTROLS,IMPROPER LANE USAGE,FOLLOWING TOO CLOSELY,0,0,0,0,15,1,8,916,BROADWAY,41.757921,-87.748481,08/08/2021 05:18:00 PM,2021
CR00013945,01/13/2024 08:59:00 AM,15,SNOW,DARKNESS - LIGHTED ROAD,REAR TO FRONT,DIVIDED - W/MEDIAN BARRIER,STOP SIGN/FLASHER,DISTRACTION - FROM INSIDE VEHICLE,IMPROPER OVERTAKING/PASSING,0,0,3,3,8,7,1,2351,MILWAUKEE AVE,41.734945,-87.674173,01/13/2024 09:30:00 AM,2024
CR00013946,09/19/2019 08:06:00 PM,30,FREEZING RAIN/DRIZZLE,DARKNESS - LIGHTED ROAD,FIXED OBJECT,DIVIDED - W/MEDIAN BARRIER,NO CONTROLS,DISTRACTION - FROM INSIDE VEHICLE,UNABLE TO DETERMINE,0,0,0,0,20,5,9,120,HALSTED ST,41.821689,-87.633871,09/19/2019 08:48:00 PM,2019
CR00013947,10/03/2023 03:38:00 PM,30,CLEAR,DAYLIGHT,PARKED MOTOR VEHICLE,DIVIDED - W/MEDIAN BARRIER,TRAFFIC SIGNAL,FAILING TO YIELD RIGHT-OF-WAY,IMPROPER OVERTAKING/PASSING,0,0,1,1,15,3,10,760,WESTERN AVE,41.806107,-87.843908,10/03/2023 03:45:00 PM,2023
CR00013948,02/05/2017 07:33:00 PM,30,CLEAR,DAYLIGHT,ANGLE,ONE-WAY,TRAFFIC SIGNAL,FOLLOWING TOO CLOSELY,NOT APPLICABLE,0,0,0,0,19,1,2,2512,63RD ST,41.847439,-87.589566,02/05/2017 08:18:00 PM,2017
CR00013949,07/05/2020 07:57:00 PM,40,CLEAR,DAYLIGHT,PARKED MOTOR VEHICLE,NOT DIVIDED,STOP SIGN/FLASHER,IMPROPER LANE USAGE,FAILING TO YIELD RIGHT-OF-WAY,0,0,0,0,19,1,7,2089,CICERO AVE,41.972073,-87.627891,07/05/2020 08:16:00 PM,2020
CR00013950,09/04/2024 07:33:00 PM,40,RAIN,DARKNESS,ANGLE,T-INTERSECTION,TRAFFIC SIGNAL,DRIVING SKILLS/KNOWLEDGE/EXPERIENCE,FAILING TO YIELD RIGHT-OF-WAY,0,0,0,0,19,4,9,665,CLARK ST,41.942848,-87.733477,09/04/2024 07:52:00 PM,2024
CR00013951,10/04/2019 10:27:00 AM,35,CLEAR,DAYLIGHT,PARKED MOTOR VEHICLE,DIVIDED - W/MEDIAN (NOT RAISED),STOP SIGN/FLASHER,FAILING TO REDUCE SPEED,UNABLE TO DETERMINE,0,0,0,0,10,6,10,1171,47TH ST,41.712804,-87.539718,10/04/2019 11:58:00 AM,2019
CR00013952,12/30/2021 04:35:00 PM,30,RAIN,DAYLIGHT,SIDESWIPE SAME DIRECTION,NOT DIVIDED,TRAFFIC SIGNAL,IMPROPER OVERTAKING/PASSING,DRIVING SKILLS/KNOWLEDGE/EXPERIENCE,0,0,0,0,16,5,12,2436,WESTERN AVE,41.903118,-87.691227,12/30/2021 04:50:00 PM,2021
CR00013953,11/07/2017 12:34:00 PM,45,CLEAR,DARKNESS - LIGHTED ROAD,REAR END,NOT DIVIDED,TRAFFIC SIGNAL,DISTRACTION - FROM INSIDE VEHICLE,IMPROPER LANE USAGE,0,0,1,1,12,3,11,2182,PULASKI RD,41.80012,-87.528988,11/07/2017 01:58:00 PM,2017
CR00013954,12/25/2023 07:12:00 PM,35,CLEAR,DAYLIGHT,REAR END,NOT DIVIDED,UNKNOWN,WEATHER,IMPROPER OVERTAKING/PASSING,0,0,3,3,19,2,12,1259,STONY ISLAND AVE,41.975907,-87.545597,12/25/2023 07:32:00 PM,2023
CR00013955,07/07/2022 05:17:00 AM,20,CLEAR,DAYLIGHT,FIXED OBJECT,T-INTERSECTION,NO CONTROLS,DISTRACTION - FROM INSIDE VEHICLE,UNABLE TO DETERMINE,0,0,1,1,5,5,7,2235,DAMEN AVE,41.884206,-87.645858,07/07/2022 06:56:00 AM,2022
CR00013956,12/31/2022 03:30:00 PM,35,CLEAR,DARKNESS - LIGHTED ROAD,REAR TO FRONT,DIVIDED - W/MEDIAN (NOT RAISED),NO CONTROLS,IMPROPER LANE USAGE,IMPROPER LANE USAGE,0,0,0,0,15,7,12,1699,KEDZIE AVE,41.939801,-87.813402,12/31/2022 04:55:00 PM,2022
CR00013957,06/14/2024 04:09:00 AM,35,CLEAR,DARKNESS - LIGHTED ROAD,ANGLE,NOT DIVIDED,TRAFFIC SIGNAL,FAILING TO REDUCE SPEED,NOT APPLICABLE,0,0,0,0,4,6,6,1663,MICHIGAN AVE,41.717276,-87.766899,06/14/2024 05:25:00 AM,2024
CR00013958,11/14/2020 12:27:00 AM,20,CLEAR,DARKNESS - LIGHTED ROAD,REAR TO FRONT,DIVIDED - W/MEDIAN (NOT RAISED),STOP SIGN/FLASHER,UNABLE TO DETERMINE,NOT APPLICABLE,0,0,0,0,0,7,11,545,ARCHER AVE,41.957586,-87.707862,11/14/2020 01:14:00 AM,2020
CR00013959,09/13/2020 09:59:00 PM,30,CLEAR,DAYLIGHT,ANGLE,NOT DIVIDED,NO CONTROLS,IMPROPER LANE USAGE,UNABLE TO DETERMINE,0,0,0,0,21,1,9,1064,OGDEN AVE,41.700716,-87.805827,09/13/2020 10:58:00 PM,2020
CR00013960,03/31/2018 02:48:00 PM,25,CLEAR,DARKNESS - LIGHTED ROAD,PEDESTRIAN,DIVIDED - W/MEDIAN (NOT RAISED),NO CONTROLS,IMPROPER OVERTAKING/PASSING,FAILING TO YIELD RIGHT-OF-WAY,0,0,0,0,14,7,3,2315,ELSTON AVE,41.827105,-87.553134,03/31/2018 03:47:00 PM,2018
CR00013961,10/11/2021 12:27:00 PM,15,SNOW,DARKNESS,REAR END,NOT DIVIDED,TRAFFIC SIGNAL,FAILING TO YIELD RIGHT-OF-WAY,DISTRACTION - FROM INSIDE VEHICLE,0,0,0,0,12,2,10,1562,DAMEN AVE,41.901215,-87.602733,10/11/2021 01:31:00 PM,2021
CR00013962,05/07/2022 08:21:00 AM,25,CLEAR,DAYLIGHT,SIDESWIPE SAME DIRECTION,DIVIDED - W/MEDIAN (NOT RAISED),STOP SIGN/FLASHER,FOLLOWING TOO CLOSELY,FAILING TO YIELD RIGHT-OF-WAY,0,0,0,0,8,7,5,1054,HALSTED ST,41.734189,-87.749365,05/07/2022 09:31:00 AM,2022
CR00013963,03/28/2019 04:40:00 PM,35,CLEAR,DAYLIGHT,REAR END,NOT DIVIDED,TRAFFIC SIGNAL,WEATHER,UNABLE TO DETERMINE,0,0,0,0,16,5,3,991,ELSTON AVE,41.709995,-87.678887,03/28/2019 05:49:00 PM,2019
CR00013964,02/15/2018 08:21:00 AM,20,CLEAR,DAYLIGHT,REAR END,NOT DIVIDED,TRAFFIC SIGNAL,UNABLE TO DETERMINE,FOLLOWING TOO CLOSELY,0,0,0,0,8,5,2,1426,79TH ST,41.74937,-87.719136,02/15/2018 09:51:00 AM,2018
CR00013965,12/07/2015 02:36:00 PM,30,CLEAR,DAYLIGHT,REAR TO FRONT,NOT DIVIDED,NO CONTROLS,IMPROPER LANE USAGE,NOT APPLICABLE,0,0,1,1,14,2,12,1733,STATE ST,41.727495,-87.588378,12/07/2015 03:34:00 PM,2015
CR00013966,02/01/2024 12:58:00 PM,35,CLEAR,DAYLIGHT,FIXED OBJECT,T-INTERSECTION,NO CONTROLS,DRIVING SKILLS/KNOWLEDGE/EXPERIENCE,UNABLE TO DETERMINE,0,0,0,0,12,5,2,382,MICHIGAN AVE,41.930285,-87.549352,02/01/2024 01:44:00 PM,2024
CR00013967,11/28/2023 03:35:00 AM,40,CLOUDY/OVERCAST,DUSK,REAR END,ONE-WAY,NO CONTROLS,IMPROPER LANE USAGE,DRIVING SKILLS/KNOWLEDGE/EXPERIENCE,0,0,0,0,3,3,11,1560,STONY ISLAND AVE,41.74725,-87.506955,11/28/2023 04:58:00 AM,2023
CR00013968,03/05/2024 08:59:00 PM,30,CLEAR,DAYLIGHT,REAR END,NOT DIVIDED,TRAFFIC SIGNAL,UNABLE TO DETERMINE,IMPROPER LANE USAGE,0,0,0,0,20,3,3,1729,CALIFORNIA AVE,41.889937,-87.518663,03/05/2024 10:51:00 PM,2024
CR00013969,09/16/2017 12:23:00 PM,15,CLEAR,DAYLIGHT,TURNING,NOT DIVIDED,NO CONTROLS,UNABLE TO DETERMINE,FAILING TO REDUCE SPEED,0,0,0,0,12,7,9,733,DAMEN AVE,41.720237,-87.668108,09/16/2017 01:12:00 PM,2017
CR00013970,01/31/2023 10:52:00 PM,35,RAIN,DAYLIGHT,TURNING,NOT DIVIDED,NO CONTROLS,UNABLE TO DETERMINE,NOT APPLICABLE,0,0,0,0,22,3,1,518,ROOSEVELT RD,41.748462,-87.835357,02/01/2023 12:11:00 AM,2023
CR00013971,03/27/2024 08:33:00 AM,40,SNOW,DAYLIGHT,FIXED OBJECT,FOUR WAY,UNKNOWN,UNABLE TO DETERMINE,NOT APPLICABLE,0,0,0,0,8,4,3,2300,CLARK ST,41.764761,-87.814787,03/27/2024 09:57:00 AM,2024
CR00013972,03/27/2021 01:35:00 AM,30,CLEAR,DARKNESS - LIGHTED ROAD,FIXED OBJECT,NOT DIVIDED,NO CONTROLS,FOLLOWING TOO CLOSELY,FAILING TO YIELD RIGHT-OF-WAY,0,0,0,0,1,7,3,1074,PULASKI RD,41.775963,-87.6752,03/27/2021 01:47:00 AM,2021
CR00013973,03/03/2021 07:12:00 AM,25,FOG/SMOKE/HAZE,DAYLIGHT,REAR END,FOUR WAY,TRAFFIC SIGNAL,UNABLE TO DETERMINE,FAILING TO YIELD RIGHT-OF-WAY,0,0,0,0,7,4,3,337,MILWAUKEE AVE,41.732875,-87.53152,03/03/2021 08:23:00 AM,2021
CR00013974,04/28/2019 03:10:00 AM,30,CLEAR,DAYLIGHT,REAR END,NOT DIVIDED,TRAFFIC SIGNAL,FAILING TO REDUCE SPEED,IMPROPER OVERTAKING/PASSING,0,0,0,0,3,1,4,356,KEDZIE AVE,41.994955,-87.842541,04/28/2019 05:10:00 AM,2019
CR00013975,09/01/2019 06:28:00 AM,35,CLEAR,DUSK,PARKED MOTOR VEHICLE,FOUR WAY,NO CONTROLS,DRIVING SKILLS/KNOWLEDGE/EXPERIENCE,DISTRACTION - FROM INSIDE VEHICLE,0,0,0,0,6,1,9,2135,ELSTON AVE,41.884639,-87.787709,09/01/2019 06:47:00 AM,2019
CR00013976,10/09/2023 02:03:00 PM,20,CLEAR,DAYLIGHT,REAR END,ONE-WAY,TRAFFIC SIGNAL,UNABLE TO DETERMINE,DISTRACTION - FROM INSIDE VEHICLE,0,0,0,0,14,2,10,798,63RD ST,41.957126,-87.626076,10/09/2023 02:29:00 PM,2023
CR00013977,10/01/2020 02:40:00 AM,20,RAIN,DAYLIGHT,FIXED OBJECT,DIVIDED - W/MEDIAN (NOT RAISED),TRAFFIC SIGNAL,FAILING TO YIELD RIGHT-OF-WAY,UNABLE TO DETERMINE,0,0,0,0,2,5,10,1089,STONY ISLAND AVE,41.886813,-87.66158,10/01/2020 03:15:00 AM,2020
CR00013978,02/08/2021 06:27:00 PM,30,CLEAR,DAYLIGHT,PARKED MOTOR VEHICLE,NOT DIVIDED,STOP SIGN/FLASHER,IMPROPER OVERTAKING/PASSING,UNABLE TO DETERMINE,0,0,0,0,18,2,2,422,HALSTED ST,41.998584,-87.79482,02/08/2021 07:05:00 PM,2021
CR00013979,09/25/2024 05:29:00 AM,40,CLOUDY/OVERCAST,DAYLIGHT,TURNING,NOT DIVIDED,YIELD,FOLLOWING TOO CLOSELY,DISREGARDING TRAFFIC SIGNALS,0,0,0,0,5,4,9,2481,79TH ST,41.749638,-87.559267,09/25/2024 07:08:00 AM,2024
CR00013980,08/30/2023 05:09:00 AM,30,CLEAR,DARKNESS - LIGHTED ROAD,SIDESWIPE SAME DIRECTION,DIVIDED - W/MEDIAN (NOT RAISED),NO CONTROLS,IMPROPER LANE USAGE,FAILING TO YIELD RIGHT-OF-WAY,0,0,2,2,5,4,8,1454,MICHIGAN AVE,41.860511,-87.622122,08/30/2023 06:23:00 AM,2023
CR00013981,03/13/2015 07:56:00 PM,45,CLEAR,DAYLIGHT,TURNING,DIVIDED - W/MEDIAN (NOT RAISED),TRAFFIC SIGNAL,FAILING TO YIELD RIGHT-OF-WAY,FOLLOWING TOO CLOSELY,0,0,0,0,19,6,3,220,ARCHER AVE,41.814851,-87.616069,03/13/2015 09:25:00 PM,2015
CR00013982,02/14/2020 02:35:00 PM,35,CLEAR,DAWN,PARKED MOTOR VEHICLE,NOT DIVIDED,NO CONTROLS,DISREGARDING TRAFFIC SIGNALS,UNABLE TO DETERMINE,0,0,0,0,14,6,2,982,HALSTED ST,41.847078,-87.849174,02/14/2020 04:09:00 PM,2020
CR00013983,03/30/2024 08:52:00 PM,15,CLEAR,DARKNESS - LIGHTED ROAD,TURNING,ONE-WAY,STOP SIGN/FLASHER,DISTRACTION - FROM INSIDE VEHICLE,NOT APPLICABLE,0,0,0,0,20,7,3,2334,STONY ISLAND AVE,41.769429,-87.743836,03/30/2024 09:35:00 PM,2024
CR00013984,08/11/2017 05:46:00 AM,35,CLEAR,DAYLIGHT,REAR END,DIVIDED - W/MEDIAN (NOT RAISED),YIELD,DISTRACTION - FROM INSIDE VEHICLE,FAILING TO REDUCE SPEED,0,0,1,1,5,6,8,2251,LAKE SHORE DR,41.919934,-87.849448,08/11/2017 07:15:00 AM,2017
CR00013985,06/14/2017 04:58:00 PM,15,SNOW,DAYLIGHT,SIDESWIPE SAME DIRECTION,FOUR WAY,TRAFFIC SIGNAL,UNABLE TO DETERMINE,NOT APPLICABLE,0,0,0,0,16,4,6,2381,OGDEN AVE,41.981664,-87.713675,06/14/2017 05:30:00 PM,2017
CR00013986,03/29/2020 12:01:00 PM,35,RAIN,DAYLIGHT,ANGLE,NOT DIVIDED,NO CONTROLS,DISREGARDING TRAFFIC SIGNALS,FOLLOWING TOO CLOSELY,0,0,1,1,12,1,3,1920,IRVING PARK RD,41.787332,-87.66014,03/29/2020 01:50:00 PM,2020
CR00013987,04/18/2023 05:14:00 PM,15,CLEAR,DARKNESS,REAR END,ONE-WAY,STOP SIGN/FLASHER,DISREGARDING TRAFFIC SIGNALS,FOLLOWING TOO CLOSELY,0,0,0,0,17,3,4,2280,DIVISION ST,41.900853,-87.608151,04/18/2023 06:01:00 PM,2023
CR00013988,10/13/2017 11:12:00 AM,35,CLEAR,DAWN,PEDESTRIAN,NOT DIVIDED,TRAFFIC SIGNAL,DRIVING SKILLS/KNOWLEDGE/EXPERIENCE,NOT APPLICABLE,0,0,0,0,11,6,10,436,BROADWAY,41.887234,-87.592617,10/13/2017 11:43:00 AM,2017
CR00013989,05/14/2018 04:35:00 PM,30,RAIN,DARKNESS - LIGHTED ROAD,TURNING,NOT DIVIDED,NO CONTROLS,UNABLE TO DETERMINE,DISTRACTION - FROM INSIDE VEHICLE,0,0,1,1,16,2,5,1964,ARCHER AVE,41.785772,-87.684278,05/14/2018 05:30:00 PM,2018
CR00013990,06/08/2017 07:22:00 AM,30,CLOUDY/OVERCAST,DAYLIGHT,TURNING,FOUR WAY,NO CONTROLS,UNABLE TO DETERMINE,FAILING TO YIELD RIGHT-OF-WAY,0,0,0,0,7,5,6,593,CALIFORNIA AVE,41.701084,-87.846316,06/08/2017 08:38:00 AM,2017
CR00013991,02/19/2018 08:22:00 AM,30,RAIN,DARKNESS,TURNING,NOT DIVIDED,TRAFFIC SIGNAL,DISTRACTION - FROM INSIDE VEHICLE,UNABLE TO DETERMINE,0,0,1,1,8,2,2,2490,ROOSEVELT RD,41.860404,-87.680491,02/19/2018 08:54:00 AM,2018
CR00013992,10/19/2024 05:28:00 PM,30,CLEAR,DARKNESS,ANGLE,T-INTERSECTION,STOP SIGN/FLASHER,FAILING TO YIELD RIGHT-OF-WAY,DRIVING SKILLS/KNOWLEDGE/EXPERIENCE,0,0,0,0,17,7,10,2083,MILWAUKEE AVE,41.989122,-87.703663,10/19/2024 07:09:00 PM,2024
CR00013993,09/27/2016 02:54:00 PM,20,CLEAR,DAYLIGHT,PARKED MOTOR VEHICLE,DIVIDED - W/MEDIAN (NOT RAISED),NO CONTROLS,DRIVING SKILLS/KNOWLEDGE/EXPERIENCE,UNABLE TO DETERMINE,0,0,0,0,14,3,9,1947,79TH ST,41.941137,-87.825239,09/27/2016 04:18:00 PM,2016
CR00013994,02/19/2024 06:07:00 AM,25,CLEAR,DAYLIGHT,TURNING,NOT DIVIDED,NO CONTROLS,FOLLOWING TOO CLOSELY,IMPROPER OVERTAKING/PASSING,0,0,0,0,6,2,2,1791,47TH ST,41.749327,-87.59929,02/19/2024 06:31:00 AM,2024
CR00013995,11/25/2020 09:05:00 AM,35,CLEAR,DAYLIGHT,SIDESWIPE SAME DIRECTION,FOUR WAY,STOP SIGN/FLASHER,DISTRACTION - FROM INSIDE VEHICLE,UNABLE TO DETERMINE,0,0,0,0,9,4,11,1443,PULASKI RD,41.953491,-87.672019,11/25/2020 09:32:00 AM,2020
CR00013996,08/15/2016 06:00:00 PM,15,RAIN,DAYLIGHT,ANGLE,DIVIDED - W/MEDIAN (NOT RAISED),NO CONTROLS,FAILING TO YIELD RIGHT-OF-WAY,FAILING TO YIELD RIGHT-OF-WAY,0,0,0,0,18,2,8,2289,ELSTON AVE,41.780534,-87.558935,08/15/2016 07:33:00 PM,2016
CR00013997,01/04/2023 10:40:00 PM,20,SNOW,DAYLIGHT,REAR END,DIVIDED - W/MEDIAN BARRIER,NO CONTROLS,UNABLE TO DETERMINE,NOT APPLICABLE,0,0,0,0,22,4,1,1662,BROADWAY,41.911787,-87.634546,01/04/2023 11:30:00 PM,2023
CR00013998,04/12/2024 08:58:00 PM,25,CLEAR,DARKNESS - LIGHTED ROAD,REAR END,ONE-WAY,YIELD,DISREGARDING TRAFFIC SIGNALS,UNABLE TO DETERMINE,0,0,0,0,20,6,4,1281,CICERO AVE,41.821839,-87.599943,04/12/2024 10:54:00 PM,2024
CR00013999,02/23/2023 11:29:00 AM,20,CLEAR,DUSK,REAR TO FRONT,NOT DIVIDED,NO CONTROLS,DRIVING SKILLS/KNOWLEDGE/EXPERIENCE,FAILING TO YIELD RIGHT-OF-WAY,0,0,0,0,11,5,2,1320,ASHLAND AVE,41.781703,-87.60796,02/23/2023 01:05:00 PM,2023