CRASH_RECORD_ID,CRASH_DATE,POSTED_SPEED_LIMIT,WEATHER_CONDITION,LIGHTING_CONDITION,FIRST_CRASH_TYPE,TRAFFICWAY_TYPE,TRAFFIC_CONTROL_DEVICE,PRIM_CONTRIBUTORY_CAUSE,SEC_CONTRIBUTORY_CAUSE,INJURIES_FATAL,INJURIES_INCAPACITATING,INJURIES_NON_INCAPACITATING,INJURIES_TOTAL,CRASH_HOUR,CRASH_DAY_OF_WEEK,CRASH_MONTH,BEAT_OF_OCCURRENCE,STREET_NAME,LATITUDE,LONGITUDE,DATE_POLICE_NOTIFIED,year
CR00014000,02/20/2018 01:24:00 AM,30,CLEAR,DAYLIGHT,TURNING,NOT DIVIDED,NO CONTROLS,IMPROPER OVERTAKING/PASSING,IMPROPER LANE USAGE,0,0,0,0,1,3,2,500,47TH ST,41.850654,-87.662453,02/20/2018 03:18:00 AM,2018
CR00014001,08/20/2024 05:48:00 AM,45,CLEAR,DAWN,PARKED MOTOR VEHICLE,NOT DIVIDED,STOP SIGN/FLASHER,UNABLE TO DETERMINE,NOT APPLICABLE,0,0,0,0,5,3,8,1757,IRVING PARK RD,41.983426,-87.626971,08/20/2024 06:28:00 AM,2024
CR00014002,07/19/2016 08:25:00 AM,30,CLEAR,DAYLIGHT,REAR END,T-INTERSECTION,NO CONTROLS,UNABLE TO DETERMINE,FOLLOWING TOO CLOSELY,0,0,0,0,8,3,7,2231,ROOSEVELT RD,41.991458,-87.656112,07/19/2016 09:01:00 AM,2016
CR00014003,12/14/2021 10:45:00 PM,25,CLEAR,DAYLIGHT,SIDESWIPE SAME DIRECTION,ONE-WAY,STOP SIGN/FLASHER,UNABLE TO DETERMINE,FAILING TO YIELD RIGHT-OF-WAY,0,2,3,5,22,3,12,2176,FULLERTON AVE,41.810052,-87.812393,12/14/2021 11:33:00 PM,2021
CR00014004,11/28/2017 03:41:00 PM,15,CLEAR,DAYLIGHT,TURNING,ONE-WAY,TRAFFIC SIGNAL,DISREGARDING TRAFFIC SIGNALS,FAILING TO YIELD RIGHT-OF-WAY,0,0,3,3,15,3,11,1514,STONY ISLAND AVE,41.819926,-87.803581,11/28/2017 04:31:00 PM,2017
CR00014005,07/08/2020 08:14:00 PM,45,CLEAR,DAYLIGHT,TURNING,NOT DIVIDED,STOP SIGN/FLASHER,DISTRACTION - FROM INSIDE VEHICLE,FOLLOWING TOO CLOSELY,0,0,0,0,20,4,7,225,63RD ST,41.976965,-87.752484,07/08/2020 10:12:00 PM,2020
CR00014006,06/20/2019 10:21:00 AM,30,CLEAR,DAYLIGHT,ANGLE,FOUR WAY,TRAFFIC SIGNAL,IMPROPER LANE USAGE,UNABLE TO DETERMINE,0,1,0,1,10,5,6,862,DAMEN AVE,41.75907,-87.548188,06/20/2019 11:36:00 AM,2019
CR00014007,11/02/2021 07:03:00 AM,20,CLEAR,DAYLIGHT,FIXED OBJECT,ONE-WAY,NO CONTROLS,UNABLE TO DETERMINE,FAILING TO REDUCE SPEED,0,0,0,0,7,3,11,982,CALIFORNIA AVE,41.915145,-87.611786,11/02/2021 08:55:00 AM,2021
CR00014008,01/09/2024 07:57:00 PM,35,CLEAR,DAYLIGHT,REAR TO FRONT,T-INTERSECTION,YIELD,IMPROPER LANE USAGE,NOT APPLICABLE,0,0,0,0,19,3,1,507,FULLERTON AVE,41.809192,-87.586957,01/09/2024 09:16:00 PM,2024
CR00014009,01/30/2023 04:04:00 PM,30,CLEAR,DAYLIGHT,PARKED MOTOR VEHICLE,DIVIDED - W/MEDIAN (NOT RAISED),NO CONTROLS,UNABLE TO DETERMINE,DISTRACTION - FROM INSIDE VEHICLE,0,0,0,0,16,2,1,2081,LAKE SHORE DR,41.940078,-87.776847,01/30/2023 05:29:00 PM,2023
CR00014010,02/26/2023 03:52:00 PM,20,FREEZING RAIN/DRIZZLE,DAYLIGHT,ANGLE,NOT DIVIDED,NO CONTROLS,UNABLE TO DETERMINE,FOLLOWING TOO CLOSELY,0,0,0,0,15,1,2,1260,WESTERN AVE,41.855324,-87.545869,02/26/2023 04:30:00 PM,2023
CR00014011,02/13/2023 05:00:00 PM,15,CLOUDY/OVERCAST,DARKNESS - LIGHTED ROAD,FIXED OBJECT,ONE-WAY,NO CONTROLS,WEATHER,UNABLE TO DETERMINE,0,0,0,0,17,2,2,491,63RD ST,41.923405,-87.829868,02/13/2023 05:16:00 PM,2023
CR00014012,03/19/2021 06:12:00 PM,20,RAIN,DARKNESS - LIGHTED ROAD,REAR END,NOT DIVIDED,STOP SIGN/FLASHER,FOLLOWING TOO CLOSELY,FAILING TO YIELD RIGHT-OF-WAY,0,0,0,0,18,6,3,1627,LAKE SHORE DR,41.829546,-87.819888,03/19/2021 07:30:00 PM,2021
CR00014013,08/10/2022 06:55:00 PM,30,CLEAR,DUSK,TURNING,DIVIDED - W/MEDIAN (NOT RAISED),STOP SIGN/FLASHER,UNABLE TO DETERMINE,NOT APPLICABLE,0,0,0,0,18,4,8,773,WESTERN AVE,41.999654,-87.665441,08/10/2022 08:20:00 PM,2022
CR00014014,03/20/2021 07:42:00 PM,40,CLEAR,DUSK,TURNING,DIVIDED - W/MEDIAN BARRIER,STOP SIGN/FLASHER,UNABLE TO DETERMINE,NOT APPLICABLE,0,0,0,0,19,7,3,286,KEDZIE AVE,41.930795,-87.676677,03/20/2021 09:22:00 PM,2021
CR00014015,12/20/2022 01:49:00 PM,40,CLEAR,DARKNESS - LIGHTED ROAD,TURNING,NOT DIVIDED,TRAFFIC SIGNAL,UNABLE TO DETERMINE,UNABLE TO DETERMINE,0,0,0,0,13,3,12,1352,DAMEN AVE,41.936393,-87.737823,12/20/2022 01:56:00 PM,2022
CR00014016,08/20/2016 11:40:00 PM,30,CLEAR,DAYLIGHT,TURNING,FOUR WAY,TRAFFIC SIGNAL,UNABLE TO DETERMINE,UNABLE TO DETERMINE,0,0,1,1,23,7,8,1969,ELSTON AVE,41.955905,-87.709404,08/21/2016 12:34:00 AM,2016
CR00014017,10/30/2021 07:02:00 AM,35,CLOUDY/OVERCAST,DARKNESS - LIGHTED ROAD,TURNING,ONE-WAY,YIELD,FAILING TO YIELD RIGHT-OF-WAY,FAILING TO REDUCE SPEED,0,0,0,0,7,7,10,166,LAKE SHORE DR,41.874424,-87.767983,10/30/2021 08:37:00 AM,2021
CR00014018,08/16/2020 07:28:00 PM,25,FOG/SMOKE/HAZE,DAYLIGHT,PEDESTRIAN,NOT DIVIDED,TRAFFIC SIGNAL,IMPROPER OVERTAKING/PASSING,UNABLE TO DETERMINE,0,0,3,3,19,1,8,1465,63RD ST,41.965069,-87.726611,08/16/2020 09:18:00 PM,2020
CR00014019,04/30/2018 04:38:00 PM,30,CLEAR,DAYLIGHT,REAR END,ONE-WAY,TRAFFIC SIGNAL,DISREGARDING TRAFFIC SIGNALS,IMPROPER LANE USAGE,0,0,0,0,16,2,4,808,IRVING PARK RD,41.875162,-87.573644,04/30/2018 05:50:00 PM,2018
CR00014020,04/28/2019 10:49:00 AM,15,CLEAR,DAYLIGHT,SIDESWIPE SAME DIRECTION,NOT DIVIDED,NO CONTROLS,UNABLE TO DETERMINE,DISREGARDING TRAFFIC SIGNALS,0,0,1,1,10,1,4,1770,BROADWAY,41.972329,-87.605413,04/28/2019 11:03:00 AM,2019
CR00014021,02/17/2017 03:32:00 PM,30,CLEAR,DUSK,REAR END,NOT DIVIDED,YIELD,DISREGARDING TRAFFIC SIGNALS,IMPROPER LANE USAGE,0,0,1,1,15,6,2,1920,DIVISION ST,41.915925,-87.813562,02/17/2017 04:43:00 PM,2017
CR00014022,03/08/2022 01:15:00 AM,20,RAIN,DAYLIGHT,TURNING,ONE-WAY,TRAFFIC SIGNAL,DRIVING SKILLS/KNOWLEDGE/EXPERIENCE,DRIVING SKILLS/KNOWLEDGE/EXPERIENCE,0,0,0,0,1,3,3,2293,FULLERTON AVE,41.779296,-87.7517,03/08/2022 01:52:00 AM,2022
CR00014023,07/19/2024 08:25:00 AM,45,SNOW,DARKNESS,REAR END,DIVIDED - W/MEDIAN BARRIER,PEDESTRIAN CROSSING SIGN,DRIVING SKILLS/KNOWLEDGE/EXPERIENCE,FAILING TO YIELD RIGHT-OF-WAY,0,0,0,0,8,6,7,1327,WESTERN AVE,41.83545,-87.697497,07/19/2024 09:53:00 AM,2024
CR00014024,04/06/2024 09:04:00 AM,15,CLEAR,DAYLIGHT,REAR END,DIVIDED - W/MEDIAN (NOT RAISED),TRAFFIC SIGNAL,DRIVING SKILLS/KNOWLEDGE/EXPERIENCE,FAILING TO REDUCE SPEED,0,1,1,2,9,7,4,951,HALSTED ST,41.719891,-87.788936,04/06/2024 10:35:00 AM,2024
CR00014025,08/04/2024 06:21:00 PM,30,CLEAR,DAYLIGHT,PARKED MOTOR VEHICLE,NOT DIVIDED,TRAFFIC SIGNAL,FAILING TO YIELD RIGHT-OF-WAY,NOT APPLICABLE,0,0,0,0,18,1,8,208,STONY ISLAND AVE,41.713681,-87.723374,08/04/2024 07:43:00 PM,2024
CR00014026,01/18/2016 04:39:00 PM,15,RAIN,DAWN,SIDESWIPE SAME DIRECTION,DIVIDED - W/MEDIAN BARRIER,STOP SIGN/FLASHER,IMPROPER OVERTAKING/PASSING,FAILING TO YIELD RIGHT-OF-WAY,0,0,0,0,16,2,1,283,OGDEN AVE,41.773836,-87.576794,01/18/2016 06:06:00 PM,2016
CR00014027,04/12/2022 06:15:00 PM,15,CLEAR,DUSK,SIDESWIPE SAME DIRECTION,ONE-WAY,NO CONTROLS,FAILING TO YIELD RIGHT-OF-WAY,DISREGARDING TRAFFIC SIGNALS,0,0,0,0,18,3,4,1948,MILWAUKEE AVE,41.997126,-87.667804,04/12/2022 08:04:00 PM,2022
CR00014028,01/02/2017 12:06:00 PM,30,CLEAR,DARKNESS - LIGHTED ROAD,ANGLE,DIVIDED - W/MEDIAN (NOT RAISED),TRAFFIC SIGNAL,WEATHER,DISREGARDING TRAFFIC SIGNALS,0,0,1,1,12,2,1,2331,CLARK ST,41.892359,-87.656722,01/02/2017 01:03:00 PM,2017
CR00014029,03/11/2024 08:28:00 PM,45,CLEAR,DUSK,TURNING,NOT DIVIDED,TRAFFIC SIGNAL,IMPROPER LANE USAGE,DRIVING SKILLS/KNOWLEDGE/EXPERIENCE,0,0,0,0,20,2,3,2365,IRVING PARK RD,41.904981,-87.684146,03/11/2024 09:19:00 PM,2024
CR00014030,03/06/2017 08:14:00 AM,30,CLEAR,DAYLIGHT,REAR TO FRONT,DIVIDED - W/MEDIAN BARRIER,UNKNOWN,FAILING TO YIELD RIGHT-OF-WAY,NOT APPLICABLE,0,1,2,3,8,2,3,375,CALIFORNIA AVE,41.817684,-87.583232,03/06/2017 10:08:00 AM,2017
CR00014031,12/19/2017 02:09:00 PM,35,CLEAR,DAYLIGHT,TURNING,DIVIDED - W/MEDIAN (NOT RAISED),TRAFFIC SIGNAL,IMPROPER LANE USAGE,UNABLE TO DETERMINE,0,0,0,0,14,3,12,1645,ROOSEVELT RD,41.882775,-87.672251,12/19/2017 04:07:00 PM,2017
CR00014032,07/20/2017 09:38:00 AM,35,CLEAR,DAYLIGHT,REAR END,DIVIDED - W/MEDIAN (NOT RAISED),TRAFFIC SIGNAL,FAILING TO REDUCE SPEED,NOT APPLICABLE,0,0,0,0,9,5,7,1864,KEDZIE AVE,41.945646,-87.502646,07/20/2017 11:17:00 AM,2017
CR00014033,12/21/2024 07:28:00 PM,35,CLEAR,DAYLIGHT,SIDESWIPE SAME DIRECTION,ONE-WAY,YIELD,DRIVING SKILLS/KNOWLEDGE/EXPERIENCE,UNABLE TO DETERMINE,0,0,0,0,19,7,12,171,KEDZIE AVE,41.925585,-87.742929,12/21/2024 08:49:00 PM,2024
CR00014034,12/14/2022 01:05:00 PM,35,CLEAR,DAYLIGHT,REAR END,FOUR WAY,TRAFFIC SIGNAL,UNABLE TO DETERMINE,FAILING TO YIELD RIGHT-OF-WAY,0,0,0,0,13,4,12,1438,47TH ST,41.790999,-87.840119,12/14/2022 02:36:00 PM,2022
CR00014035,01/05/2023 01:26:00 PM,35,CLEAR,DAYLIGHT,PARKED MOTOR VEHICLE,DIVIDED - W/MEDIAN (NOT RAISED),PEDESTRIAN CROSSING SIGN,DRIVING SKILLS/KNOWLEDGE/EXPERIENCE,NOT APPLICABLE,0,0,0,0,13,5,1,2342,BROADWAY,41.931931,-87.761006,01/05/2023 02:55:00 PM,2023
CR00014036,07/19/2018 09:40:00 AM,15,CLEAR,DAYLIGHT,PARKED MOTOR VEHICLE,NOT DIVIDED,NO CONTROLS,DRIVING SKILLS/KNOWLEDGE/EXPERIENCE,DISREGARDING TRAFFIC SIGNALS,0,0,0,0,9,5,7,1345,ASHLAND AVE,41.868066,-87.542314,07/19/2018 11:10:00 AM,2018
CR00014037,07/26/2021 06:50:00 AM,40,SNOW,DUSK,SIDESWIPE SAME DIRECTION,NOT DIVIDED,NO CONTROLS,FAILING TO REDUCE SPEED,DISTRACTION - FROM INSIDE VEHICLE,0,0,0,0,6,2,7,838,KEDZIE AVE,41.789218,-87.696541,07/26/2021 06:52:00 AM,2021
CR00014038,03/26/2023 10:35:00 PM,15,CLEAR,DARKNESS,ANGLE,FOUR WAY,UNKNOWN,FOLLOWING TOO CLOSELY,FAILING TO YIELD RIGHT-OF-WAY,0,0,0,0,22,1,3,1784,STONY ISLAND AVE,41.743888,-87.530087,03/26/2023 11:57:00 PM,2023
CR00014039,04/24/2018 08:19:00 PM,45,CLEAR,DAYLIGHT,PARKED MOTOR VEHICLE,DIVIDED - W/MEDIAN BARRIER,UNKNOWN,UNABLE TO DETERMINE,DISTRACTION - FROM INSIDE VEHICLE,0,0,0,0,20,3,4,1206,IRVING PARK RD,41.94498,-87.509736,04/24/2018 08:38:00 PM,2018
CR00014040,11/15/2022 02:34:00 PM,20,CLEAR,DAYLIGHT,REAR END,DIVIDED - W/MEDIAN (NOT RAISED),UNKNOWN,UNABLE TO DETERMINE,FAILING TO YIELD RIGHT-OF-WAY,0,0,0,0,14,3,11,1086,ASHLAND AVE,41.84387,-87.82671,11/15/2022 03:11:00 PM,2022
CR00014041,12/30/2018 07:08:00 PM,35,CLEAR,DAYLIGHT,REAR END,DIVIDED - W/MEDIAN (NOT RAISED),TRAFFIC SIGNAL,FOLLOWING TOO CLOSELY,FOLLOWING TOO CLOSELY,0,0,0,0,19,1,12,1651,WESTERN AVE,41.748149,-87.667708,12/30/2018 08:01:00 PM,2018
CR00014042,08/01/2021 11:54:00 AM,30,CLOUDY/OVERCAST,DARKNESS,TURNING,NOT DIVIDED,STOP SIGN/FLASHER,UNABLE TO DETERMINE,NOT APPLICABLE,0,0,0,0,11,1,8,2192,HALSTED ST,41.830745,-87.635274,08/01/2021 01:42:00 PM,2021
CR00014043,09/20/2018 09:31:00 AM,30,CLOUDY/OVERCAST,DUSK,PARKED MOTOR VEHICLE,NOT DIVIDED,TRAFFIC SIGNAL,IMPROPER OVERTAKING/PASSING,DRIVING SKILLS/KNOWLEDGE/EXPERIENCE,0,1,2,3,9,5,9,1053,STATE ST,41.933452,-87.837598,09/20/2018 10:59:00 AM,2018
CR00014044,07/31/2020 04:40:00 PM,40,CLEAR,DAYLIGHT,PEDESTRIAN,NOT DIVIDED,NO CONTROLS,FOLLOWING TOO CLOSELY,DRIVING SKILLS/KNOWLEDGE/EXPERIENCE,0,0,0,0,16,6,7,730,ARCHER AVE,41.890697,-87.540695,07/31/2020 05:02:00 PM,2020
CR00014045,09/18/2023 11:20:00 AM,20,CLEAR,DAYLIGHT,PARKED MOTOR VEHICLE,ONE-WAY,TRAFFIC SIGNAL,UNABLE TO DETERMINE,FAILING TO REDUCE SPEED,0,0,0,0,11,2,9,626,ASHLAND AVE,41.970195,-87.699188,09/18/2023 11:45:00 AM,2023
CR00014046,06/05/2018 08:21:00 AM,45,CLEAR,DAYLIGHT,SIDESWIPE SAME DIRECTION,DIVIDED - W/MEDIAN (NOT RAISED),STOP SIGN/FLASHER,DISTRACTION - FROM INSIDE VEHICLE,WEATHER,0,0,0,0,8,3,6,1307,CLARK ST,41.71518,-87.647226,06/05/2018 09:41:00 AM,2018
CR00014047,11/28/2021 01:17:00 PM,30,CLEAR,DARKNESS - LIGHTED ROAD,REAR END,DIVIDED - W/MEDIAN BARRIER,NO CONTROLS,FAILING TO REDUCE SPEED,NOT APPLICABLE,0,0,0,0,13,1,11,1487,LAKE SHORE DR,41.892826,-87.56208,11/28/2021 02:37:00 PM,2021
CR00014048,10/12/2020 11:40:00 AM,30,CLEAR,DAYLIGHT,REAR END,NOT DIVIDED,TRAFFIC SIGNAL,DISREGARDING TRAFFIC SIGNALS,DISREGARDING TRAFFIC SIGNALS,0,0,0,0,11,2,10,1924,ARCHER AVE,41.766462,-87.618517,10/12/2020 01:03:00 PM,2020
CR00014049,11/26/2015 10:39:00 PM,25,CLEAR,DARKNESS - LIGHTED ROAD,SIDESWIPE SAME DIRECTION,NOT DIVIDED,STOP SIGN/FLASHER,UNABLE TO DETERMINE,DRIVING SKILLS/KNOWLEDGE/EXPERIENCE,0,0,0,0,22,5,11,1512,CLARK ST,41.977835,-87.756338,11/27/2015 12:17:00 AM,2015
CR00014050,12/19/2022 09:46:00 AM,35,CLEAR,DAYLIGHT,TURNING,NOT DIVIDED,TRAFFIC SIGNAL,FAILING TO YIELD RIGHT-OF-WAY,DRIVING SKILLS/KNOWLEDGE/EXPERIENCE,0,0,0,0,9,2,12,407,47TH ST,41.978009,-87.666004,12/19/2022 11:42:00 AM,2022
CR00014051,04/10/2018 01:38:00 AM,35,CLEAR,DAYLIGHT,TURNING,FOUR WAY,TRAFFIC SIGNAL,UNABLE TO DETERMINE,FOLLOWING TOO CLOSELY,0,0,0,0,1,3,4,359,ARCHER AVE,41.852206,-87.579987,04/10/2018 01:52:00 AM,2018
CR00014052,02/05/2024 07:15:00 PM,20,CLEAR,DAYLIGHT,PARKED MOTOR VEHICLE,DIVIDED - W/MEDIAN (NOT RAISED),YIELD,UNABLE TO DETERMINE,NOT APPLICABLE,0,0,0,0,19,2,2,2322,DAMEN AVE,41.801604,-87.725805,02/05/2024 08:35:00 PM,2024
CR00014053,03/06/2021 07:56:00 PM,30,CLEAR,DARKNESS,PEDESTRIAN,T-INTERSECTION,STOP SIGN/FLASHER,IMPROPER OVERTAKING/PASSING,IMPROPER LANE USAGE,0,0,0,0,19,7,3,2303,DAMEN AVE,41.943434,-87.749216,03/06/2021 09:11:00 PM,2021
CR00014054,09/07/2016 05:23:00 PM,45,CLOUDY/OVERCAST,DAYLIGHT,REAR END,NOT DIVIDED,TRAFFIC SIGNAL,UNABLE TO DETERMINE,DRIVING SKILLS/KNOWLEDGE/EXPERIENCE,0,0,0,0,17,4,9,315,OGDEN AVE,41.865358,-87.785085,09/07/2016 05:57:00 PM,2016
CR00014055,12/12/2021 03:49:00 PM,25,CLOUDY/OVERCAST,DAYLIGHT,REAR TO FRONT,NOT DIVIDED,STOP SIGN/FLASHER,UNABLE TO DETERMINE,IMPROPER LANE USAGE,0,0,0,0,15,1,12,1750,63RD ST,41.926872,-87.709716,12/12/2021 04:21:00 PM,2021
CR00014056,04/28/2019 09:31:00 AM,45,CLEAR,DAYLIGHT,REAR TO FRONT,NOT DIVIDED,TRAFFIC SIGNAL,FAILING TO YIELD RIGHT-OF-WAY,FAILING TO YIELD RIGHT-OF-WAY,0,0,0,0,9,1,4,701,STATE ST,41.763335,-87.564749,04/28/2019 10:58:00 AM,2019
CR00014057,10/17/2023 07:14:00 AM,15,CLEAR,DAYLIGHT,TURNING,ONE-WAY,NO CONTROLS,UNABLE TO DETERMINE,DISREGARDING TRAFFIC SIGNALS,0,0,0,0,7,3,10,819,47TH ST,41.947955,-87.538257,10/17/2023 07:21:00 AM,2023
CR00014058,10/24/2024 05:34:00 AM,35,CLEAR,DAYLIGHT,TURNING,ONE-WAY,TRAFFIC SIGNAL,UNABLE TO DETERMINE,NOT APPLICABLE,0,0,0,0,5,5,10,527,CICERO AVE,41.941831,-87.787039,10/24/2024 06:13:00 AM,2024
CR00014059,08/18/2022 12:42:00 PM,30,CLOUDY/OVERCAST,DARKNESS,REAR TO FRONT,DIVIDED - W/MEDIAN (NOT RAISED),STOP SIGN/FLASHER,DRIVING SKILLS/KNOWLEDGE/EXPERIENCE,FOLLOWING TOO CLOSELY,0,0,0,0,12,5,8,1812,BROADWAY,41.988279,-87.633515,08/18/2022 01:45:00 PM,2022
CR00014060,10/30/2021 07:02:00 AM,35,CLEAR,DAYLIGHT,SIDESWIPE SAME DIRECTION,NOT DIVIDED,TRAFFIC SIGNAL,UNABLE TO DETERMINE,UNABLE TO DETERMINE,0,0,0,0,7,7,10,796,ROOSEVELT RD,41.870415,-87.656278,10/30/2021 07:06:00 AM,2021
CR00014061,03/06/2022 08:45:00 PM,35,CLEAR,DARKNESS - LIGHTED ROAD,PEDESTRIAN,NOT DIVIDED,STOP SIGN/FLASHER,FAILING TO REDUCE SPEED,FOLLOWING TOO CLOSELY,0,0,0,0,20,1,3,1308,ELSTON AVE,41.996629,-87.809144,03/06/2022 10:14:00 PM,2022
CR00014062,08/25/2015 10:56:00 AM,20,CLEAR,DAYLIGHT,REAR END,NOT DIVIDED,NO CONTROLS,FAILING TO YIELD RIGHT-OF-WAY,WEATHER,0,0,3,3,10,3,8,2486,MICHIGAN AVE,41.833796,-87.793427,08/25/2015 12:52:00 PM,2015
CR00014063,11/26/2020 02:44:00 AM,35,CLEAR,DARKNESS - LIGHTED ROAD,REAR TO FRONT,NOT DIVIDED,NO CONTROLS,UNABLE TO DETERMINE,FOLLOWING TOO CLOSELY,0,0,0,0,2,5,11,1969,STATE ST,41.780139,-87.562569,11/26/2020 02:57:00 AM,2020
CR00014064,09/24/2023 03:34:00 PM,30,CLEAR,DAYLIGHT,ANGLE,FOUR WAY,TRAFFIC SIGNAL,FOLLOWING TOO CLOSELY,IMPROPER OVERTAKING/PASSING,0,0,0,0,15,1,9,1341,KEDZIE AVE,41.734979,-87.558112,09/24/2023 03:53:00 PM,2023
CR00014065,12/01/2017 02:17:00 AM,45,CLEAR,DAYLIGHT,ANGLE,DIVIDED - W/MEDIAN (NOT RAISED),TRAFFIC SIGNAL,IMPROPER LANE USAGE,FAILING TO YIELD RIGHT-OF-WAY,0,0,0,0,2,6,12,1982,CALIFORNIA AVE,41.868083,-87.652273,12/01/2017 03:09:00 AM,2017
CR00014066,03/22/2020 09:09:00 AM,25,RAIN,DAYLIGHT,REAR TO FRONT,DIVIDED - W/MEDIAN (NOT RAISED),STOP SIGN/FLASHER,IMPROPER OVERTAKING/PASSING,WEATHER,0,0,0,0,9,1,3,211,BROADWAY,41.719736,-87.586241,03/22/2020 10:45:00 AM,2020
CR00014067,08/02/2015 01:10:00 AM,35,CLEAR,DARKNESS - LIGHTED ROAD,REAR END,NOT DIVIDED,PEDESTRIAN CROSSING SIGN,FOLLOWING TOO CLOSELY,IMPROPER OVERTAKING/PASSING,0,0,0,0,1,1,8,2279,HALSTED ST,41.939005,-87.743943,08/02/2015 01:31:00 AM,2015
CR00014068,05/19/2020 08:51:00 AM,30,CLEAR,DAYLIGHT,REAR END,DIVIDED - W/MEDIAN (NOT RAISED),NO CONTROLS,UNABLE TO DETERMINE,IMPROPER OVERTAKING/PASSING,0,0,0,0,8,3,5,1616,63RD ST,41.997199,-87.515161,05/19/2020 10:10:00 AM,2020
CR00014069,10/31/2015 08:58:00 PM,40,CLEAR,DAYLIGHT,PARKED MOTOR VEHICLE,NOT DIVIDED,STOP SIGN/FLASHER,DRIVING SKILLS/KNOWLEDGE/EXPERIENCE,FOLLOWING TOO CLOSELY,0,0,0,0,20,7,10,2203,IRVING PARK RD,41.76737,-87.633182,10/31/2015 10:08:00 PM,2015
CR00014070,11/29/2020 08:54:00 PM,30,CLOUDY/OVERCAST,DARKNESS - LIGHTED ROAD,REAR END,NOT DIVIDED,TRAFFIC SIGNAL,DRIVING SKILLS/KNOWLEDGE/EXPERIENCE,FOLLOWING TOO CLOSELY,0,1,1,2,20,1,11,330,WESTERN AVE,41.807826,-87.776217,11/29/2020 10:18:00 PM,2020
CR00014071,05/25/2024 08:45:00 AM,45,CLEAR,DAYLIGHT,SIDESWIPE SAME DIRECTION,FOUR WAY,TRAFFIC SIGNAL,IMPROPER LANE USAGE,NOT APPLICABLE,0,0,0,0,8,7,5,2321,CLARK ST,41.95108,-87.840227,05/25/2024 09:43:00 AM,2024
CR00014072,05/01/2023 04:07:00 AM,30,CLEAR,DAYLIGHT,SIDESWIPE SAME DIRECTION,DIVIDED - W/MEDIAN (NOT RAISED),NO CONTROLS,FOLLOWING TOO CLOSELY,FOLLOWING TOO CLOSELY,0,0,1,1,4,2,5,2292,79TH ST,41.971829,-87.747975,05/01/2023 04:41:00 AM,2023
CR00014073,09/17/2017 11:43:00 AM,30,RAIN,DAYLIGHT,REAR END,ONE-WAY,NO CONTROLS,IMPROPER LANE USAGE,NOT APPLICABLE,0,0,0,0,11,1,9,601,FULLERTON AVE,41.968368,-87.694411,09/17/2017 11:56:00 AM,2017
CR00014074,09/19/2024 12:46:00 AM,15,RAIN,DAYLIGHT,TURNING,DIVIDED - W/MEDIAN BARRIER,NO CONTROLS,UNABLE TO DETERMINE,IMPROPER LANE USAGE,0,0,0,0,0,5,9,2101,ELSTON AVE,41.82006,-87.72066,09/19/2024 01:52:00 AM,2024
CR00014075,05/31/2017 06:48:00 PM,35,CLEAR,DAYLIGHT,SIDESWIPE SAME DIRECTION,NOT DIVIDED,NO CONTROLS,IMPROPER OVERTAKING/PASSING,NOT APPLICABLE,0,0,0,0,18,4,5,619,MILWAUKEE AVE,41.919348,-87.512806,05/31/2017 07:16:00 PM,2017
CR00014076,02/05/2015 02:42:00 AM,30,CLEAR,DAYLIGHT,PARKED MOTOR VEHICLE,NOT DIVIDED,NO CONTROLS,DRIVING SKILLS/KNOWLEDGE/EXPERIENCE,NOT APPLICABLE,0,0,0,0,2,5,2,1949,HALSTED ST,41.89552,-87.621352,02/05/2015 04:41:00 AM,2015
CR00014077,12/15/2019 02:59:00 AM,30,RAIN,DAYLIGHT,REAR END,DIVIDED - W/MEDIAN (NOT RAISED),TRAFFIC SIGNAL,FAILING TO YIELD RIGHT-OF-WAY,FAILING TO REDUCE SPEED,0,0,3,3,2,1,12,1801,CLARK ST,41.83519,-87.824002,12/15/2019 03:56:00 AM,2019
CR00014078,12/28/2017 01:15:00 PM,20,CLOUDY/OVERCAST,DAYLIGHT,ANGLE,DIVIDED - W/MEDIAN (NOT RAISED),NO CONTROLS,FOLLOWING TOO CLOSELY,NOT APPLICABLE,0,0,0,0,13,5,12,2174,ROOSEVELT RD,41.98496,-87.719626,12/28/2017 01:48:00 PM,2017
CR00014079,08/21/2018 06:59:00 AM,30,CLEAR,DAYLIGHT,PEDESTRIAN,NOT DIVIDED,TRAFFIC SIGNAL,DISREGARDING TRAFFIC SIGNALS,FAILING TO REDUCE SPEED,0,0,0,0,6,3,8,765,ELSTON AVE,41.927279,-87.517357,08/21/2018 07:37:00 AM,2018
CR00014080,06/09/2024 08:19:00 PM,20,CLOUDY/OVERCAST,DAYLIGHT,SIDESWIPE SAME DIRECTION,NOT DIVIDED,NO CONTROLS,FAILING TO YIELD RIGHT-OF-WAY,FOLLOWING TOO CLOSELY,0,0,0,0,20,1,6,670,STATE ST,41.794853,-87.603247,06/09/2024 08:25:00 PM,2024
CR00014081,04/06/2015 08:40:00 AM,35,RAIN,DARKNESS - LIGHTED ROAD,FIXED OBJECT,DIVIDED - W/MEDIAN (NOT RAISED),TRAFFIC SIGNAL,IMPROPER OVERTAKING/PASSING,IMPROPER LANE USAGE,0,0,0,0,8,2,4,1768,CALIFORNIA AVE,41.890238,-87.678562,04/06/2015 10:04:00 AM,2015