CRASH_RECORD_ID,CRASH_DATE,POSTED_SPEED_LIMIT,WEATHER_CONDITION,LIGHTING_CONDITION,FIRST_CRASH_TYPE,TRAFFICWAY_TYPE,TRAFFIC_CONTROL_DEVICE,PRIM_CONTRIBUTORY_CAUSE,SEC_CONTRIBUTORY_CAUSE,INJURIES_FATAL,INJURIES_INCAPACITATING,INJURIES_NON_INCAPACITATING,INJURIES_TOTAL,CRASH_HOUR,CRASH_DAY_OF_WEEK,CRASH_MONTH,BEAT_OF_OCCURRENCE,STREET_NAME,LATITUDE,LONGITUDE,DATE_POLICE_NOTIFIED,year
CR00014082,02/07/2024 09:56:00 AM,25,CLEAR,DARKNESS - LIGHTED ROAD,FIXED OBJECT,FOUR WAY,NO CONTROLS,FAILING TO REDUCE SPEED,DISTRACTION - FROM INSIDE VEHICLE,0,0,0,0,9,4,2,1326,IRVING PARK RD,41.827362,-87.846114,02/07/2024 10:06:00 AM,2024
CR00014083,05/08/2022 08:18:00 PM,40,CLEAR,DAYLIGHT,REAR END,FOUR WAY,STOP SIGN/FLASHER,DRIVING SKILLS/KNOWLEDGE/EXPERIENCE,NOT APPLICABLE,0,0,0,0,20,1,5,1908,STONY ISLAND AVE,41.876951,-87.519978,05/08/2022 08:59:00 PM,2022
CR00014084,01/22/2017 11:51:00 PM,35,SNOW,DARKNESS,TURNING,ONE-WAY,STOP SIGN/FLASHER,DISTRACTION - FROM INSIDE VEHICLE,UNABLE TO DETERMINE,0,0,0,0,23,1,1,1390,STATE ST,41.771788,-87.660835,01/23/2017 12:10:00 AM,2017
CR00014085,03/29/2020 07:23:00 PM,40,CLEAR,DAYLIGHT,SIDESWIPE SAME DIRECTION,NOT DIVIDED,TRAFFIC SIGNAL,DISTRACTION - FROM INSIDE VEHICLE,NOT APPLICABLE,0,0,1,1,19,1,3,2211,OGDEN AVE,41.849686,-87.522055,03/29/2020 09:16:00 PM,2020
CR00014086,09/18/2021 04:45:00 PM,25,RAIN,DAYLIGHT,PEDESTRIAN,NOT DIVIDED,NO CONTROLS,IMPROPER LANE USAGE,DISREGARDING TRAFFIC SIGNALS,0,0,1,1,16,7,9,2510,CICERO AVE,41.726941,-87.559638,09/18/2021 06:34:00 PM,2021
CR00014087,05/23/2021 05:56:00 PM,45,CLEAR,DAYLIGHT,PARKED MOTOR VEHICLE,NOT DIVIDED,TRAFFIC SIGNAL,UNABLE TO DETERMINE,FOLLOWING TOO CLOSELY,0,0,0,0,17,1,5,2203,HALSTED ST,41.89107,-87.825025,05/23/2021 07:20:00 PM,2021
CR00014088,10/18/2018 10:10:00 AM,35,SNOW,DARKNESS - LIGHTED ROAD,SIDESWIPE SAME DIRECTION,DIVIDED - W/MEDIAN (NOT RAISED),TRAFFIC SIGNAL,IMPROPER OVERTAKING/PASSING,NOT APPLICABLE,0,0,0,0,10,5,10,157,LAKE SHORE DR,41.71174,-87.594114,10/18/2018 11:03:00 AM,2018
CR00014089,04/08/2017 04:48:00 PM,30,CLEAR,DARKNESS - LIGHTED ROAD,REAR END,DIVIDED - W/MEDIAN (NOT RAISED),NO CONTROLS,FAILING TO REDUCE SPEED,IMPROPER LANE USAGE,0,0,0,0,16,7,4,2504,DIVISION ST,41.727861,-87.757221,04/08/2017 05:06:00 PM,2017
CR00014090,02/22/2017 07:18:00 AM,35,CLEAR,DAYLIGHT,REAR END,NOT DIVIDED,TRAFFIC SIGNAL,UNABLE TO DETERMINE,UNABLE TO DETERMINE,0,0,0,0,7,4,2,1284,MICHIGAN AVE,41.905488,-87.520177,02/22/2017 08:44:00 AM,2017
CR00014091,05/19/2024 06:39:00 PM,35,CLEAR,DAWN,FIXED OBJECT,DIVIDED - W/MEDIAN (NOT RAISED),TRAFFIC SIGNAL,DISTRACTION - FROM INSIDE VEHICLE,IMPROPER OVERTAKING/PASSING,0,0,0,0,18,1,5,426,MICHIGAN AVE,41.78264,-87.742694,05/19/2024 07:30:00 PM,2024
CR00014092,02/23/2016 11:56:00 AM,35,CLEAR,DARKNESS - LIGHTED ROAD,REAR TO FRONT,NOT DIVIDED,UNKNOWN,FAILING TO YIELD RIGHT-OF-WAY,UNABLE TO DETERMINE,0,1,0,1,11,3,2,1518,STONY ISLAND AVE,41.843432,-87.837983,02/23/2016 12:58:00 PM,2016
CR00014093,09/04/2024 07:15:00 AM,35,CLEAR,DAYLIGHT,SIDESWIPE SAME DIRECTION,T-INTERSECTION,STOP SIGN/FLASHER,FAILING TO YIELD RIGHT-OF-WAY,IMPROPER OVERTAKING/PASSING,0,0,0,0,7,4,9,1498,MILWAUKEE AVE,41.913099,-87.736228,09/04/2024 09:03:00 AM,2024
CR00014094,10/16/2016 01:40:00 PM,45,CLEAR,DAYLIGHT,REAR TO FRONT,ONE-WAY,TRAFFIC SIGNAL,DRIVING SKILLS/KNOWLEDGE/EXPERIENCE,UNABLE TO DETERMINE,0,0,1,1,13,1,10,1424,CLARK ST,41.93133,-87.502116,10/16/2016 02:22:00 PM,2016
CR00014095,09/27/2022 11:30:00 AM,30,SNOW,DARKNESS,REAR END,T-INTERSECTION,STOP SIGN/FLASHER,FAILING TO REDUCE SPEED,UNABLE TO DETERMINE,0,0,0,0,11,3,9,1702,CICERO AVE,41.882302,-87.81568,09/27/2022 12:52:00 PM,2022
CR00014096,05/18/2021 08:05:00 PM,40,CLEAR,DARKNESS,ANGLE,DIVIDED - W/MEDIAN (NOT RAISED),TRAFFIC SIGNAL,FAILING TO REDUCE SPEED,FAILING TO YIELD RIGHT-OF-WAY,0,1,0,1,20,3,5,142,CALIFORNIA AVE,41.806133,-87.565592,05/18/2021 08:55:00 PM,2021
CR00014097,12/16/2024 06:40:00 AM,45,CLEAR,DAYLIGHT,REAR TO FRONT,NOT DIVIDED,NO CONTROLS,DISTRACTION - FROM INSIDE VEHICLE,NOT APPLICABLE,0,0,0,0,6,2,12,1642,WESTERN AVE,41.878927,-87.677553,12/16/2024 07:47:00 AM,2024
CR00014098,11/07/2019 01:43:00 PM,35,CLEAR,DARKNESS - LIGHTED ROAD,REAR END,DIVIDED - W/MEDIAN (NOT RAISED),NO CONTROLS,FOLLOWING TOO CLOSELY,NOT APPLICABLE,0,1,3,4,13,5,11,1651,BROADWAY,41.903203,-87.785793,11/07/2019 03:41:00 PM,2019
CR00014099,09/05/2024 06:44:00 PM,15,SNOW,DAYLIGHT,TURNING,ONE-WAY,NO CONTROLS,UNABLE TO DETERMINE,NOT APPLICABLE,0,0,1,1,18,5,9,1949,DIVISION ST,41.776197,-87.785529,09/05/2024 08:07:00 PM,2024
CR00014100,01/30/2020 09:37:00 PM,20,CLEAR,DARKNESS - LIGHTED ROAD,PARKED MOTOR VEHICLE,ONE-WAY,UNKNOWN,UNABLE TO DETERMINE,UNABLE TO DETERMINE,0,0,0,0,21,5,1,2258,63RD ST,41.97858,-87.576083,01/30/2020 11:05:00 PM,2020
CR00014101,10/20/2019 09:34:00 PM,40,CLEAR,DAYLIGHT,TURNING,DIVIDED - W/MEDIAN (NOT RAISED),NO CONTROLS,FOLLOWING TOO CLOSELY,FAILING TO YIELD RIGHT-OF-WAY,0,0,0,0,21,1,10,489,STATE ST,41.867574,-87.683853,10/20/2019 10:41:00 PM,2019
CR00014102,03/19/2021 05:25:00 PM,30,CLEAR,DARKNESS,REAR END,NOT DIVIDED,TRAFFIC SIGNAL,FAILING TO REDUCE SPEED,UNABLE TO DETERMINE,0,0,3,3,17,6,3,2236,HALSTED ST,41.824778,-87.525127,03/19/2021 06:48:00 PM,2021
CR00014103,03/17/2017 07:30:00 PM,45,CLEAR,DARKNESS,REAR END,FOUR WAY,TRAFFIC SIGNAL,FOLLOWING TOO CLOSELY,IMPROPER LANE USAGE,0,0,0,0,19,6,3,1919,STONY ISLAND AVE,41.813958,-87.536,03/17/2017 09:07:00 PM,2017
CR00014104,04/05/2018 10:03:00 AM,35,CLEAR,DARKNESS - LIGHTED ROAD,PEDESTRIAN,NOT DIVIDED,NO CONTROLS,IMPROPER OVERTAKING/PASSING,NOT APPLICABLE,0,0,0,0,10,5,4,2028,HALSTED ST,41.765294,-87.807869,04/05/2018 10:45:00 AM,2018
CR00014105,06/11/2015 01:14:00 PM,30,FREEZING RAIN/DRIZZLE,DAYLIGHT,REAR END,ONE-WAY,UNKNOWN,IMPROPER LANE USAGE,DISREGARDING TRAFFIC SIGNALS,0,0,1,1,13,5,6,1229,CLARK ST,41.826117,-87.513267,06/11/2015 03:13:00 PM,2015
CR00014106,05/07/2024 08:40:00 AM,35,CLEAR,DAYLIGHT,REAR END,NOT DIVIDED,STOP SIGN/FLASHER,IMPROPER OVERTAKING/PASSING,IMPROPER OVERTAKING/PASSING,0,0,0,0,8,3,5,1185,OGDEN AVE,41.953159,-87.573625,05/07/2024 08:50:00 AM,2024
CR00014107,04/30/2016 12:26:00 PM,15,CLEAR,DAYLIGHT,PARKED MOTOR VEHICLE,FOUR WAY,NO CONTROLS,UNABLE TO DETERMINE,UNABLE TO DETERMINE,0,0,0,0,12,7,4,2145,PULASKI RD,41.742662,-87.557812,04/30/2016 01:18:00 PM,2016
CR00014108,08/26/2022 08:57:00 AM,30,CLOUDY/OVERCAST,DAYLIGHT,ANGLE,NOT DIVIDED,NO CONTROLS,UNABLE TO DETERMINE,FAILING TO YIELD RIGHT-OF-WAY,0,0,0,0,8,6,8,657,BROADWAY,41.811872,-87.840133,08/26/2022 09:33:00 AM,2022
CR00014109,10/07/2022 03:32:00 PM,15,CLEAR,DARKNESS - LIGHTED ROAD,PEDESTRIAN,NOT DIVIDED,STOP SIGN/FLASHER,DISTRACTION - FROM INSIDE VEHICLE,FAILING TO YIELD RIGHT-OF-WAY,0,0,0,0,15,6,10,1492,STONY ISLAND AVE,41.799958,-87.549196,10/07/2022 05:32:00 PM,2022
CR00014110,10/20/2022 08:10:00 PM,15,CLEAR,DARKNESS,PARKED MOTOR VEHICLE,NOT DIVIDED,STOP SIGN/FLASHER,IMPROPER LANE USAGE,FAILING TO REDUCE SPEED,0,0,0,0,20,5,10,1129,47TH ST,41.917503,-87.597819,10/20/2022 10:10:00 PM,2022
CR00014111,08/15/2022 07:22:00 PM,30,SNOW,DARKNESS - LIGHTED ROAD,REAR TO FRONT,DIVIDED - W/MEDIAN (NOT RAISED),NO CONTROLS,IMPROPER LANE USAGE,UNABLE TO DETERMINE,0,0,0,0,19,2,8,311,IRVING PARK RD,41.945629,-87.781262,08/15/2022 08:22:00 PM,2022
CR00014112,02/26/2024 05:07:00 AM,20,CLEAR,DAYLIGHT,ANGLE,NOT DIVIDED,NO CONTROLS,IMPROPER LANE USAGE,FAILING TO YIELD RIGHT-OF-WAY,0,0,0,0,5,2,2,277,CALIFORNIA AVE,41.936176,-87.604627,02/26/2024 06:31:00 AM,2024
CR00014113,12/02/2021 07:15:00 AM,45,RAIN,DAYLIGHT,PEDESTRIAN,T-INTERSECTION,NO CONTROLS,UNABLE TO DETERMINE,NOT APPLICABLE,0,0,2,2,7,5,12,228,DAMEN AVE,41.788569,-87.653381,12/02/2021 07:54:00 AM,2021
CR00014114,12/30/2016 12:34:00 AM,45,CLEAR,DAYLIGHT,PEDESTRIAN,DIVIDED - W/MEDIAN BARRIER,STOP SIGN/FLASHER,FAILING TO YIELD RIGHT-OF-WAY,IMPROPER LANE USAGE,0,0,0,0,0,6,12,1060,PULASKI RD,41.97754,-87.808052,12/30/2016 12:41:00 AM,2016
CR00014115,06/02/2024 02:02:00 AM,30,CLEAR,DARKNESS - LIGHTED ROAD,REAR END,FOUR WAY,UNKNOWN,WEATHER,UNABLE TO DETERMINE,0,0,0,0,2,1,6,242,ROOSEVELT RD,41.933257,-87.771477,06/02/2024 03:09:00 AM,2024
CR00014116,03/06/2018 10:16:00 AM,15,CLEAR,DAYLIGHT,PARKED MOTOR VEHICLE,DIVIDED - W/MEDIAN (NOT RAISED),STOP SIGN/FLASHER,UNABLE TO DETERMINE,UNABLE TO DETERMINE,0,0,0,0,10,3,3,303,ROOSEVELT RD,41.757122,-87.585571,03/06/2018 11:44:00 AM,2018
CR00014117,01/10/2015 06:15:00 PM,35,CLEAR,DAYLIGHT,ANGLE,FOUR WAY,NO CONTROLS,FOLLOWING TOO CLOSELY,UNABLE TO DETERMINE,0,0,0,0,18,7,1,1025,CALIFORNIA AVE,41.73553,-87.758331,01/10/2015 07:39:00 PM,2015
CR00014118,03/05/2021 06:27:00 PM,30,CLEAR,DARKNESS - LIGHTED ROAD,REAR TO FRONT,DIVIDED - W/MEDIAN (NOT RAISED),TRAFFIC SIGNAL,DISREGARDING TRAFFIC SIGNALS,UNABLE TO DETERMINE,0,0,0,0,18,6,3,2451,STATE ST,41.902066,-87.558177,03/05/2021 07:56:00 PM,2021
CR00014119,04/24/2024 01:23:00 AM,35,CLEAR,DAYLIGHT,SIDESWIPE SAME DIRECTION,DIVIDED - W/MEDIAN (NOT RAISED),TRAFFIC SIGNAL,FOLLOWING TOO CLOSELY,FOLLOWING TOO CLOSELY,0,0,0,0,1,4,4,2343,CICERO AVE,41.799973,-87.569396,04/24/2024 03:06:00 AM,2024
CR00014120,01/15/2020 08:04:00 PM,45,CLEAR,DUSK,REAR END,NOT DIVIDED,UNKNOWN,UNABLE TO DETERMINE,UNABLE TO DETERMINE,0,0,0,0,20,4,1,1686,47TH ST,41.76825,-87.692544,01/15/2020 08:39:00 PM,2020
CR00014121,02/10/2024 12:01:00 PM,30,CLEAR,DAYLIGHT,REAR END,NOT DIVIDED,NO CONTROLS,UNABLE TO DETERMINE,NOT APPLICABLE,0,0,0,0,12,7,2,1679,MICHIGAN AVE,41.862004,-87.60981,02/10/2024 01:39:00 PM,2024
CR00014122,01/05/2017 07:23:00 AM,35,SNOW,DAYLIGHT,REAR END,ONE-WAY,NO CONTROLS,FOLLOWING TOO CLOSELY,UNABLE TO DETERMINE,0,0,0,0,7,5,1,912,BROADWAY,41.704843,-87.79028,01/05/2017 08:59:00 AM,2017
CR00014123,07/14/2019 10:30:00 PM,15,RAIN,DUSK,REAR END,DIVIDED - W/MEDIAN BARRIER,NO CONTROLS,FAILING TO YIELD RIGHT-OF-WAY,FAILING TO YIELD RIGHT-OF-WAY,0,0,1,1,22,1,7,2071,MILWAUKEE AVE,41.828339,-87.774281,07/14/2019 11:54:00 PM,2019
CR00014124,06/18/2020 05:26:00 PM,40,CLEAR,DARKNESS,REAR END,DIVIDED - W/MEDIAN (NOT RAISED),NO CONTROLS,UNABLE TO DETERMINE,IMPROPER LANE USAGE,0,1,3,4,17,5,6,988,KEDZIE AVE,41.849265,-87.53377,06/18/2020 06:39:00 PM,2020
CR00014125,05/16/2015 09:59:00 AM,30,CLEAR,DAYLIGHT,TURNING,ONE-WAY,TRAFFIC SIGNAL,FOLLOWING TOO CLOSELY,NOT APPLICABLE,0,0,0,0,9,7,5,1138,FULLERTON AVE,41.727213,-87.618675,05/16/2015 11:26:00 AM,2015
CR00014126,09/16/2023 03:32:00 PM,30,FOG/SMOKE/HAZE,DAYLIGHT,REAR END,DIVIDED - W/MEDIAN (NOT RAISED),TRAFFIC SIGNAL,DISREGARDING TRAFFIC SIGNALS,FOLLOWING TOO CLOSELY,0,0,0,0,15,7,9,2109,CALIFORNIA AVE,41.789266,-87.806857,09/16/2023 04:18:00 PM,2023
CR00014127,06/10/2017 02:29:00 PM,35,CLEAR,DAYLIGHT,PARKED MOTOR VEHICLE,DIVIDED - W/MEDIAN (NOT RAISED),UNKNOWN,DISTRACTION - FROM INSIDE VEHICLE,NOT APPLICABLE,0,0,0,0,14,7,6,157,LAKE SHORE DR,41.761746,-87.517573,06/10/2017 03:46:00 PM,2017
CR00014128,11/16/2016 08:20:00 PM,25,CLEAR,DAYLIGHT,TURNING,DIVIDED - W/MEDIAN (NOT RAISED),NO CONTROLS,DISTRACTION - FROM INSIDE VEHICLE,FAILING TO YIELD RIGHT-OF-WAY,0,0,0,0,20,4,11,324,CLARK ST,41.952823,-87.5508,11/16/2016 09:36:00 PM,2016
CR00014129,09/26/2020 08:49:00 AM,40,CLEAR,DARKNESS,REAR TO FRONT,DIVIDED - W/MEDIAN (NOT RAISED),NO CONTROLS,DISTRACTION - FROM INSIDE VEHICLE,WEATHER,0,0,0,0,8,7,9,562,63RD ST,41.928908,-87.562362,09/26/2020 09:19:00 AM,2020
CR00014130,02/10/2015 10:07:00 AM,15,CLEAR,DARKNESS,SIDESWIPE SAME DIRECTION,NOT DIVIDED,STOP SIGN/FLASHER,IMPROPER OVERTAKING/PASSING,NOT APPLICABLE,0,0,0,0,10,3,2,1180,MICHIGAN AVE,41.852898,-87.766918,02/10/2015 11:41:00 AM,2015
CR00014131,05/05/2023 10:18:00 PM,30,CLEAR,DAYLIGHT,SIDESWIPE SAME DIRECTION,T-INTERSECTION,NO CONTROLS,UNABLE TO DETERMINE,WEATHER,0,0,0,0,22,6,5,717,CALIFORNIA AVE,41.873486,-87.615681,05/05/2023 11:47:00 PM,2023
CR00014132,01/29/2022 03:29:00 PM,35,CLEAR,DAYLIGHT,REAR END,NOT DIVIDED,TRAFFIC SIGNAL,DISTRACTION - FROM INSIDE VEHICLE,FOLLOWING TOO CLOSELY,0,0,0,0,15,7,1,1627,47TH ST,41.760841,-87.594028,01/29/2022 05:09:00 PM,2022
CR00014133,11/28/2022 06:42:00 PM,30,SNOW,DAYLIGHT,REAR TO FRONT,NOT DIVIDED,TRAFFIC SIGNAL,DRIVING SKILLS/KNOWLEDGE/EXPERIENCE,FAILING TO REDUCE SPEED,0,0,0,0,18,2,11,462,STONY ISLAND AVE,41.814246,-87.537282,11/28/2022 07:47:00 PM,2022
CR00014134,11/15/2024 07:52:00 AM,35,CLEAR,DAYLIGHT,ANGLE,NOT DIVIDED,STOP SIGN/FLASHER,UNABLE TO DETERMINE,FAILING TO YIELD RIGHT-OF-WAY,0,1,1,2,7,6,11,2104,ARCHER AVE,41.925871,-87.828305,11/15/2024 09:39:00 AM,2024
CR00014135,03/11/2020 05:25:00 AM,30,CLEAR,DAYLIGHT,TURNING,DIVIDED - W/MEDIAN (NOT RAISED),TRAFFIC SIGNAL,DRIVING SKILLS/KNOWLEDGE/EXPERIENCE,DISTRACTION - FROM INSIDE VEHICLE,0,0,1,1,5,4,3,967,FULLERTON AVE,41.700604,-87.510613,03/11/2020 05:31:00 AM,2020
CR00014136,10/16/2019 12:04:00 PM,15,CLEAR,DAYLIGHT,REAR END,NOT DIVIDED,STOP SIGN/FLASHER,DRIVING SKILLS/KNOWLEDGE/EXPERIENCE,UNABLE TO DETERMINE,0,0,0,0,12,4,10,2261,63RD ST,41.985078,-87.713756,10/16/2019 01:21:00 PM,2019
CR00014137,05/11/2018 04:50:00 AM,40,CLEAR,DARKNESS - LIGHTED ROAD,FIXED OBJECT,DIVIDED - W/MEDIAN BARRIER,UNKNOWN,UNABLE TO DETERMINE,NOT APPLICABLE,0,0,0,0,4,6,5,1235,IRVING PARK RD,41.913115,-87.53147,05/11/2018 05:23:00 AM,2018
CR00014138,04/16/2021 08:41:00 AM,25,CLEAR,DARKNESS - LIGHTED ROAD,ANGLE,ONE-WAY,NO CONTROLS,UNABLE TO DETERMINE,NOT APPLICABLE,0,0,0,0,8,6,4,547,OGDEN AVE,41.884608,-87.722552,04/16/2021 09:51:00 AM,2021
CR00014139,01/26/2023 09:31:00 AM,45,CLEAR,DARKNESS - LIGHTED ROAD,TURNING,ONE-WAY,STOP SIGN/FLASHER,UNABLE TO DETERMINE,UNABLE TO DETERMINE,0,0,3,3,9,5,1,2319,PULASKI RD,41.712844,-87.584464,01/26/2023 10:23:00 AM,2023
CR00014140,07/26/2019 03:53:00 PM,30,CLEAR,DAWN,PARKED MOTOR VEHICLE,T-INTERSECTION,TRAFFIC SIGNAL,FAILING TO YIELD RIGHT-OF-WAY,DRIVING SKILLS/KNOWLEDGE/EXPERIENCE,0,0,0,0,15,6,7,279,CLARK ST,41.72718,-87.607406,07/26/2019 04:52:00 PM,2019
CR00014141,06/20/2016 09:15:00 PM,35,CLEAR,DUSK,REAR END,NOT DIVIDED,NO CONTROLS,FAILING TO YIELD RIGHT-OF-WAY,NOT APPLICABLE,0,0,1,1,21,2,6,2503,STONY ISLAND AVE,41.856909,-87.719291,06/20/2016 10:31:00 PM,2016
CR00014142,07/23/2015 06:49:00 PM,15,CLEAR,DARKNESS,ANGLE,DIVIDED - W/MEDIAN BARRIER,STOP SIGN/FLASHER,UNABLE TO DETERMINE,FOLLOWING TOO CLOSELY,0,0,0,0,18,5,7,2374,DIVISION ST,41.72327,-87.839738,07/23/2015 08:18:00 PM,2015
CR00014143,10/23/2016 12:09:00 PM,40,CLEAR,DAYLIGHT,SIDESWIPE SAME DIRECTION,DIVIDED - W/MEDIAN (NOT RAISED),TRAFFIC SIGNAL,IMPROPER OVERTAKING/PASSING,NOT APPLICABLE,0,0,0,0,12,1,10,376,IRVING PARK RD,41.991322,-87.712674,10/23/2016 12:26:00 PM,2016
CR00014144,08/06/2024 01:00:00 PM,35,CLEAR,DAYLIGHT,REAR END,NOT DIVIDED,NO CONTROLS,DRIVING SKILLS/KNOWLEDGE/EXPERIENCE,FOLLOWING TOO CLOSELY,0,0,0,0,13,3,8,1407,OGDEN AVE,41.923736,-87.649699,08/06/2024 01:07:00 PM,2024
CR00014145,02/06/2018 04:08:00 PM,30,SNOW,DAYLIGHT,TURNING,ONE-WAY,NO CONTROLS,UNABLE TO DETERMINE,IMPROPER LANE USAGE,0,0,0,0,16,3,2,1758,OGDEN AVE,41.881809,-87.741585,02/06/2018 05:49:00 PM,2018
CR00014146,11/06/2023 03:07:00 AM,30,CLOUDY/OVERCAST,DAYLIGHT,REAR END,NOT DIVIDED,STOP SIGN/FLASHER,FOLLOWING TOO CLOSELY,UNABLE TO DETERMINE,0,0,0,0,3,2,11,407,79TH ST,41.820949,-87.660103,11/06/2023 04:12:00 AM,2023
CR00014147,04/14/2018 03:25:00 PM,35,CLEAR,DAYLIGHT,ANGLE,DIVIDED - W/MEDIAN BARRIER,NO CONTROLS,UNABLE TO DETERMINE,UNABLE TO DETERMINE,0,0,0,0,15,7,4,1033,PULASKI RD,41.933056,-87.824898,04/14/2018 03:43:00 PM,2018
CR00014148,10/17/2015 03:19:00 PM,15,CLEAR,DUSK,SIDESWIPE SAME DIRECTION,T-INTERSECTION,NO CONTROLS,UNABLE TO DETERMINE,NOT APPLICABLE,0,0,1,1,15,7,10,121,HALSTED ST,41.881498,-87.594722,10/17/2015 04:23:00 PM,2015
CR00014149,05/16/2022 05:36:00 AM,30,CLOUDY/OVERCAST,DAYLIGHT,REAR END,ONE-WAY,TRAFFIC SIGNAL,DRIVING SKILLS/KNOWLEDGE/EXPERIENCE,FAILING TO REDUCE SPEED,0,0,0,0,5,2,5,1087,STONY ISLAND AVE,41.878468,-87.526412,05/16/2022 06:59:00 AM,2022
CR00014150,08/16/2024 08:22:00 AM,30,CLEAR,DAYLIGHT,REAR END,DIVIDED - W/MEDIAN (NOT RAISED),UNKNOWN,FOLLOWING TOO CLOSELY,NOT APPLICABLE,0,0,0,0,8,6,8,172,DIVISION ST,41.893872,-87.726376,08/16/2024 08:46:00 AM,2024
CR00014151,10/29/2016 01:21:00 PM,35,CLEAR,DAYLIGHT,REAR END,FOUR WAY,NO CONTROLS,IMPROPER LANE USAGE,DISTRACTION - FROM INSIDE VEHICLE,0,0,1,1,13,7,10,2408,79TH ST,41.901148,-87.786081,10/29/2016 02:37:00 PM,2016
CR00014152,02/04/2021 04:26:00 PM,20,CLEAR,DAYLIGHT,REAR END,DIVIDED - W/MEDIAN (NOT RAISED),NO CONTROLS,FOLLOWING TOO CLOSELY,FOLLOWING TOO CLOSELY,0,0,0,0,16,5,2,1089,MICHIGAN AVE,41.885357,-87.837243,02/04/2021 05:11:00 PM,2021
CR00014153,06/11/2021 06:08:00 PM,20,CLEAR,DAYLIGHT,REAR TO FRONT,DIVIDED - W/MEDIAN (NOT RAISED),NO CONTROLS,DISTRACTION - FROM INSIDE VEHICLE,FAILING TO REDUCE SPEED,0,0,0,0,18,6,6,591,ROOSEVELT RD,41.928562,-87.825897,06/11/2021 06:27:00 PM,2021
CR00014154,10/25/2017 05:58:00 PM,30,SNOW,DUSK,TURNING,ONE-WAY,NO CONTROLS,FAILING TO YIELD RIGHT-OF-WAY,FOLLOWING TOO CLOSELY,0,0,0,0,17,4,10,1739,ROOSEVELT RD,41.733374,-87.562237,10/25/2017 06:21:00 PM,2017
CR00014155,09/16/2022 01:46:00 PM,30,RAIN,DAYLIGHT,SIDESWIPE SAME DIRECTION,DIVIDED - W/MEDIAN (NOT RAISED),NO CONTROLS,FOLLOWING TOO CLOSELY,UNABLE TO DETERMINE,0,0,0,0,13,6,9,734,HALSTED ST,41.792331,-87.72632,09/16/2022 02:03:00 PM,2022
CR00014156,04/19/2021 06:55:00 AM,35,CLEAR,DAYLIGHT,SIDESWIPE SAME DIRECTION,FOUR WAY,NO CONTROLS,UNABLE TO DETERMINE,DISREGARDING TRAFFIC SIGNALS,0,0,0,0,6,2,4,1810,LAKE SHORE DR,41.800826,-87.503246,04/19/2021 08:20:00 AM,2021
CR00014157,09/26/2022 12:58:00 PM,35,CLEAR,DARKNESS - LIGHTED ROAD,REAR END,ONE-WAY,TRAFFIC SIGNAL,UNABLE TO DETERMINE,DRIVING SKILLS/KNOWLEDGE/EXPERIENCE,0,0,0,0,12,2,9,1453,47TH ST,41.801737,-87.62757,09/26/2022 01:30:00 PM,2022
CR00014158,12/28/2021 01:33:00 PM,35,CLEAR,DAYLIGHT,REAR END,NOT DIVIDED,PEDESTRIAN CROSSING SIGN,FAILING TO REDUCE SPEED,IMPROPER OVERTAKING/PASSING,0,0,0,0,13,3,12,389,STONY ISLAND AVE,41.833506,-87.747039,12/28/2021 03:17:00 PM,2021
CR00014159,06/18/2019 01:34:00 PM,20,CLEAR,DARKNESS,SIDESWIPE SAME DIRECTION,DIVIDED - W/MEDIAN (NOT RAISED),STOP SIGN/FLASHER,IMPROPER OVERTAKING/PASSING,NOT APPLICABLE,0,0,0,0,13,3,6,1895,DAMEN AVE,41.727702,-87.608787,06/18/2019 01:53:00 PM,2019
CR00014160,07/18/2019 05:00:00 PM,30,CLOUDY/OVERCAST,DAYLIGHT,REAR TO FRONT,NOT DIVIDED,TRAFFIC SIGNAL,UNABLE TO DETERMINE,UNABLE TO DETERMINE,0,0,0,0,17,5,7,934,BROADWAY,41.928398,-87.506967,07/18/2019 06:28:00 PM,2019
CR00014161,05/24/2022 03:19:00 PM,15,CLOUDY/OVERCAST,DARKNESS - LIGHTED ROAD,REAR END,DIVIDED - W/MEDIAN BARRIER,NO CONTROLS,IMPROPER OVERTAKING/PASSING,UNABLE TO DETERMINE,0,0,0,0,15,3,5,2322,BROADWAY,41.927809,-87.66999,05/24/2022 04:47:00 PM,2022
CR00014162,07/25/2020 02:52:00 PM,30,CLEAR,DARKNESS - LIGHTED ROAD,ANGLE,DIVIDED - W/MEDIAN (NOT RAISED),NO CONTROLS,UNABLE TO DETERMINE,IMPROPER LANE USAGE,0,0,2,2,14,7,7,2171,KEDZIE AVE,41.752202,-87.835468,07/25/2020 04:34:00 PM,2020
CR00014163,07/06/2021 06:33:00 PM,40,CLEAR,DARKNESS,TURNING,ONE-WAY,NO CONTROLS,UNABLE TO DETERMINE,UNABLE TO DETERMINE,0,0,0,0,18,3,7,945,FULLERTON AVE,41.844134,-87.80673,07/06/2021 08:10:00 PM,2021