CRASH_RECORD_ID,CRASH_DATE,POSTED_SPEED_LIMIT,WEATHER_CONDITION,LIGHTING_CONDITION,FIRST_CRASH_TYPE,TRAFFICWAY_TYPE,TRAFFIC_CONTROL_DEVICE,PRIM_CONTRIBUTORY_CAUSE,SEC_CONTRIBUTORY_CAUSE,INJURIES_FATAL,INJURIES_INCAPACITATING,INJURIES_NON_INCAPACITATING,INJURIES_TOTAL,CRASH_HOUR,CRASH_DAY_OF_WEEK,CRASH_MONTH,BEAT_OF_OCCURRENCE,STREET_NAME,LATITUDE,LONGITUDE,DATE_POLICE_NOTIFIED,year
CR00014164,02/03/2016 04:41:00 PM,35,CLEAR,DARKNESS - LIGHTED ROAD,REAR END,T-INTERSECTION,TRAFFIC SIGNAL,UNABLE TO DETERMINE,FOLLOWING TOO CLOSELY,0,0,0,0,16,4,2,1149,ROOSEVELT RD,41.981826,-87.81247,02/03/2016 05:15:00 PM,2016
CR00014165,02/24/2022 04:34:00 PM,20,FREEZING RAIN/DRIZZLE,DARKNESS - LIGHTED ROAD,PARKED MOTOR VEHICLE,ONE-WAY,NO CONTROLS,DISREGARDING TRAFFIC SIGNALS,UNABLE TO DETERMINE,0,0,0,0,16,5,2,960,ROOSEVELT RD,41.985608,-87.647039,02/24/2022 05:41:00 PM,2022
CR00014166,12/06/2021 09:40:00 AM,40,CLEAR,DAYLIGHT,REAR END,NOT DIVIDED,NO CONTROLS,IMPROPER LANE USAGE,IMPROPER OVERTAKING/PASSING,0,0,0,0,9,2,12,444,KEDZIE AVE,41.72683,-87.826529,12/06/2021 10:54:00 AM,2021
CR00014167,12/08/2024 08:12:00 PM,30,CLEAR,DAYLIGHT,ANGLE,DIVIDED - W/MEDIAN BARRIER,NO CONTROLS,UNABLE TO DETERMINE,UNABLE TO DETERMINE,0,0,0,0,20,1,12,499,FULLERTON AVE,41.91638,-87.517674,12/08/2024 08:49:00 PM,2024
CR00014168,01/14/2023 12:17:00 AM,25,CLEAR,DAYLIGHT,TURNING,T-INTERSECTION,NO CONTROLS,UNABLE TO DETERMINE,IMPROPER LANE USAGE,0,0,0,0,0,7,1,612,ROOSEVELT RD,41.781985,-87.690286,01/14/2023 01:44:00 AM,2023
CR00014169,10/04/2022 02:06:00 AM,40,CLEAR,DAYLIGHT,TURNING,DIVIDED - W/MEDIAN (NOT RAISED),NO CONTROLS,IMPROPER LANE USAGE,NOT APPLICABLE,0,0,0,0,2,3,10,2265,DAMEN AVE,41.770252,-87.664623,10/04/2022 03:21:00 AM,2022
CR00014170,12/25/2019 09:03:00 AM,30,CLEAR,DAYLIGHT,TURNING,NOT DIVIDED,UNKNOWN,UNABLE TO DETERMINE,UNABLE TO DETERMINE,0,0,1,1,9,4,12,890,CLARK ST,41.928033,-87.613167,12/25/2019 09:22:00 AM,2019
CR00014171,12/19/2024 06:28:00 PM,20,CLEAR,DAYLIGHT,REAR END,FOUR WAY,NO CONTROLS,FOLLOWING TOO CLOSELY,DISREGARDING TRAFFIC SIGNALS,0,0,0,0,18,5,12,2060,DIVISION ST,41.957666,-87.542187,12/19/2024 07:10:00 PM,2024
CR00014172,03/04/2022 04:14:00 PM,30,CLEAR,DAYLIGHT,SIDESWIPE SAME DIRECTION,NOT DIVIDED,TRAFFIC SIGNAL,FOLLOWING TOO CLOSELY,NOT APPLICABLE,0,0,0,0,16,6,3,976,ARCHER AVE,41.705999,-87.752145,03/04/2022 04:53:00 PM,2022
CR00014173,08/26/2017 09:17:00 AM,25,CLEAR,DAYLIGHT,REAR END,FOUR WAY,NO CONTROLS,FOLLOWING TOO CLOSELY,DRIVING SKILLS/KNOWLEDGE/EXPERIENCE,0,0,0,0,9,7,8,1395,79TH ST,41.917601,-87.524824,08/26/2017 10:59:00 AM,2017
CR00014174,03/25/2018 07:22:00 PM,35,CLEAR,DAYLIGHT,REAR TO FRONT,DIVIDED - W/MEDIAN (NOT RAISED),TRAFFIC SIGNAL,DRIVING SKILLS/KNOWLEDGE/EXPERIENCE,DRIVING SKILLS/KNOWLEDGE/EXPERIENCE,0,0,0,0,19,1,3,1208,63RD ST,41.897159,-87.549127,03/25/2018 07:37:00 PM,2018
CR00014175,06/30/2022 04:27:00 PM,20,CLEAR,DARKNESS - LIGHTED ROAD,REAR END,NOT DIVIDED,TRAFFIC SIGNAL,FOLLOWING TOO CLOSELY,DISREGARDING TRAFFIC SIGNALS,0,0,0,0,16,5,6,738,47TH ST,41.716539,-87.634775,06/30/2022 04:32:00 PM,2022
CR00014176,07/07/2022 06:26:00 AM,40,CLEAR,DARKNESS - LIGHTED ROAD,ANGLE,DIVIDED - W/MEDIAN BARRIER,NO CONTROLS,FAILING TO YIELD RIGHT-OF-WAY,DISTRACTION - FROM INSIDE VEHICLE,0,0,0,0,6,5,7,983,ELSTON AVE,41.715413,-87.744932,07/07/2022 08:16:00 AM,2022
CR00014177,03/18/2022 04:02:00 AM,30,RAIN,DAYLIGHT,PARKED MOTOR VEHICLE,NOT DIVIDED,NO CONTROLS,FAILING TO YIELD RIGHT-OF-WAY,IMPROPER OVERTAKING/PASSING,0,0,0,0,4,6,3,588,BROADWAY,41.947701,-87.573353,03/18/2022 04:22:00 AM,2022
CR00014178,09/19/2018 12:57:00 PM,45,SNOW,DARKNESS - LIGHTED ROAD,ANGLE,DIVIDED - W/MEDIAN (NOT RAISED),NO CONTROLS,UNABLE TO DETERMINE,UNABLE TO DETERMINE,0,0,0,0,12,4,9,1854,DIVISION ST,41.933468,-87.516975,09/19/2018 02:44:00 PM,2018
CR00014179,11/02/2016 07:18:00 AM,30,CLOUDY/OVERCAST,DAYLIGHT,REAR END,ONE-WAY,TRAFFIC SIGNAL,FOLLOWING TOO CLOSELY,FOLLOWING TOO CLOSELY,0,0,3,3,7,4,11,2224,CALIFORNIA AVE,41.916954,-87.599241,11/02/2016 08:56:00 AM,2016
CR00014180,08/05/2024 07:36:00 AM,35,RAIN,DAYLIGHT,TURNING,DIVIDED - W/MEDIAN (NOT RAISED),TRAFFIC SIGNAL,DRIVING SKILLS/KNOWLEDGE/EXPERIENCE,FOLLOWING TOO CLOSELY,0,0,0,0,7,2,8,305,WESTERN AVE,41.770511,-87.787743,08/05/2024 08:13:00 AM,2024
CR00014181,04/21/2019 05:11:00 PM,30,CLEAR,DARKNESS,TURNING,ONE-WAY,STOP SIGN/FLASHER,FAILING TO YIELD RIGHT-OF-WAY,FAILING TO REDUCE SPEED,0,0,0,0,17,1,4,1371,63RD ST,41.854483,-87.709725,04/21/2019 05:26:00 PM,2019
CR00014182,01/14/2022 09:26:00 AM,30,CLEAR,DUSK,REAR END,NOT DIVIDED,NO CONTROLS,UNABLE TO DETERMINE,FOLLOWING TOO CLOSELY,0,0,0,0,9,6,1,147,CLARK ST,41.956496,-87.504126,01/14/2022 11:20:00 AM,2022
CR00014183,04/23/2017 03:48:00 PM,30,CLEAR,DUSK,TURNING,NOT DIVIDED,NO CONTROLS,UNABLE TO DETERMINE,UNABLE TO DETERMINE,0,0,0,0,15,1,4,773,WESTERN AVE,41.979765,-87.629467,04/23/2017 04:07:00 PM,2017
CR00014184,05/08/2018 07:06:00 AM,25,RAIN,DAYLIGHT,TURNING,ONE-WAY,STOP SIGN/FLASHER,FOLLOWING TOO CLOSELY,FOLLOWING TOO CLOSELY,0,0,0,0,7,3,5,295,DIVISION ST,41.921733,-87.585641,05/08/2018 08:57:00 AM,2018
CR00014185,09/29/2015 03:34:00 PM,30,CLEAR,DAYLIGHT,REAR END,DIVIDED - W/MEDIAN BARRIER,NO CONTROLS,DRIVING SKILLS/KNOWLEDGE/EXPERIENCE,DRIVING SKILLS/KNOWLEDGE/EXPERIENCE,0,0,0,0,15,3,9,1233,79TH ST,41.781623,-87.693944,09/29/2015 04:51:00 PM,2015
CR00014186,02/02/2020 07:49:00 PM,30,CLOUDY/OVERCAST,DAYLIGHT,SIDESWIPE SAME DIRECTION,DIVIDED - W/MEDIAN BARRIER,TRAFFIC SIGNAL,FAILING TO YIELD RIGHT-OF-WAY,DRIVING SKILLS/KNOWLEDGE/EXPERIENCE,0,0,0,0,19,1,2,1205,DAMEN AVE,41.859919,-87.714605,02/02/2020 09:27:00 PM,2020
CR00014187,01/21/2024 01:27:00 AM,40,RAIN,DAYLIGHT,REAR END,NOT DIVIDED,NO CONTROLS,FAILING TO YIELD RIGHT-OF-WAY,UNABLE TO DETERMINE,0,0,0,0,1,1,1,1387,ELSTON AVE,41.906652,-87.734899,01/21/2024 02:49:00 AM,2024
CR00014188,01/30/2018 10:00:00 AM,30,CLOUDY/OVERCAST,DAYLIGHT,ANGLE,DIVIDED - W/MEDIAN BARRIER,STOP SIGN/FLASHER,UNABLE TO DETERMINE,NOT APPLICABLE,0,0,1,1,10,3,1,213,ROOSEVELT RD,41.901464,-87.833841,01/30/2018 11:19:00 AM,2018
CR00014189,10/13/2021 04:31:00 PM,35,CLEAR,DUSK,REAR END,DIVIDED - W/MEDIAN (NOT RAISED),TRAFFIC SIGNAL,IMPROPER OVERTAKING/PASSING,NOT APPLICABLE,1,0,2,3,16,4,10,1274,DIVISION ST,41.954956,-87.618234,10/13/2021 06:20:00 PM,2021
CR00014190,04/25/2017 08:25:00 PM,30,CLOUDY/OVERCAST,DAYLIGHT,REAR END,DIVIDED - W/MEDIAN (NOT RAISED),TRAFFIC SIGNAL,DRIVING SKILLS/KNOWLEDGE/EXPERIENCE,UNABLE TO DETERMINE,0,0,0,0,20,3,4,1374,HALSTED ST,41.868396,-87.646658,04/25/2017 09:46:00 PM,2017
CR00014191,07/30/2023 02:14:00 AM,20,CLEAR,DAYLIGHT,SIDESWIPE SAME DIRECTION,NOT DIVIDED,NO CONTROLS,IMPROPER LANE USAGE,UNABLE TO DETERMINE,0,0,0,0,2,1,7,472,STATE ST,41.703384,-87.809532,07/30/2023 03:46:00 AM,2023
CR00014192,01/20/2022 09:09:00 PM,25,CLEAR,DAYLIGHT,REAR END,ONE-WAY,UNKNOWN,UNABLE TO DETERMINE,DISREGARDING TRAFFIC SIGNALS,0,0,0,0,21,5,1,566,CALIFORNIA AVE,41.872594,-87.561387,01/20/2022 09:54:00 PM,2022
CR00014193,03/22/2019 06:05:00 PM,20,CLEAR,DAYLIGHT,SIDESWIPE SAME DIRECTION,NOT DIVIDED,TRAFFIC SIGNAL,UNABLE TO DETERMINE,FAILING TO REDUCE SPEED,0,0,1,1,18,6,3,2266,ELSTON AVE,41.868392,-87.68596,03/22/2019 06:32:00 PM,2019
CR00014194,01/02/2019 06:37:00 AM,30,CLEAR,DAYLIGHT,REAR END,NOT DIVIDED,STOP SIGN/FLASHER,FAILING TO YIELD RIGHT-OF-WAY,DRIVING SKILLS/KNOWLEDGE/EXPERIENCE,0,0,0,0,6,4,1,2240,ASHLAND AVE,41.811898,-87.609805,01/02/2019 06:59:00 AM,2019
CR00014195,07/18/2018 04:19:00 PM,30,CLEAR,DARKNESS,PARKED MOTOR VEHICLE,DIVIDED - W/MEDIAN (NOT RAISED),NO CONTROLS,UNABLE TO DETERMINE,IMPROPER OVERTAKING/PASSING,0,0,0,0,16,4,7,1584,ROOSEVELT RD,41.724658,-87.735012,07/18/2018 04:46:00 PM,2018
CR00014196,11/30/2015 12:03:00 PM,35,CLEAR,DARKNESS,SIDESWIPE SAME DIRECTION,FOUR WAY,STOP SIGN/FLASHER,WEATHER,UNABLE TO DETERMINE,0,0,0,0,12,2,11,1113,CICERO AVE,41.732079,-87.677121,11/30/2015 12:59:00 PM,2015
CR00014197,08/05/2024 03:12:00 PM,25,CLEAR,DAYLIGHT,REAR END,FOUR WAY,TRAFFIC SIGNAL,UNABLE TO DETERMINE,DISTRACTION - FROM INSIDE VEHICLE,0,0,0,0,15,2,8,165,DIVISION ST,41.863009,-87.831102,08/05/2024 05:05:00 PM,2024
CR00014198,01/22/2015 12:50:00 AM,20,CLEAR,DARKNESS,REAR END,DIVIDED - W/MEDIAN BARRIER,UNKNOWN,FOLLOWING TOO CLOSELY,NOT APPLICABLE,0,0,0,0,0,5,1,280,STATE ST,41.797695,-87.537238,01/22/2015 02:27:00 AM,2015
CR00014199,11/06/2018 06:17:00 PM,30,CLEAR,DAWN,PARKED MOTOR VEHICLE,NOT DIVIDED,TRAFFIC SIGNAL,FOLLOWING TOO CLOSELY,FAILING TO YIELD RIGHT-OF-WAY,0,0,0,0,18,3,11,779,MICHIGAN AVE,41.921199,-87.669147,11/06/2018 06:59:00 PM,2018
CR00014200,11/20/2022 02:00:00 PM,30,CLEAR,DARKNESS - LIGHTED ROAD,PARKED MOTOR VEHICLE,DIVIDED - W/MEDIAN (NOT RAISED),NO CONTROLS,IMPROPER LANE USAGE,IMPROPER LANE USAGE,0,0,3,3,14,1,11,1801,IRVING PARK RD,41.784919,-87.57621,11/20/2022 03:57:00 PM,2022
CR00014201,05/12/2017 02:26:00 PM,40,CLEAR,DARKNESS - LIGHTED ROAD,REAR END,NOT DIVIDED,NO CONTROLS,DISTRACTION - FROM INSIDE VEHICLE,UNABLE TO DETERMINE,0,0,0,0,14,6,5,1719,WESTERN AVE,41.805312,-87.628157,05/12/2017 02:48:00 PM,2017
CR00014202,01/06/2022 09:06:00 AM,35,CLEAR,DAYLIGHT,REAR END,NOT DIVIDED,STOP SIGN/FLASHER,DISTRACTION - FROM INSIDE VEHICLE,NOT APPLICABLE,0,0,1,1,9,5,1,2118,79TH ST,41.777446,-87.725972,01/06/2022 09:26:00 AM,2022
CR00014203,02/05/2018 01:54:00 PM,15,CLEAR,DAYLIGHT,FIXED OBJECT,ONE-WAY,STOP SIGN/FLASHER,IMPROPER OVERTAKING/PASSING,FOLLOWING TOO CLOSELY,0,0,0,0,13,2,2,1916,ARCHER AVE,41.807889,-87.634808,02/05/2018 01:59:00 PM,2018
CR00014204,11/21/2022 09:54:00 AM,30,CLEAR,DAYLIGHT,ANGLE,NOT DIVIDED,NO CONTROLS,IMPROPER OVERTAKING/PASSING,IMPROPER OVERTAKING/PASSING,0,0,0,0,9,2,11,1579,CALIFORNIA AVE,41.763191,-87.671513,11/21/2022 11:01:00 AM,2022
CR00014205,03/22/2018 12:22:00 AM,40,CLEAR,DAYLIGHT,FIXED OBJECT,ONE-WAY,STOP SIGN/FLASHER,FAILING TO REDUCE SPEED,WEATHER,0,0,0,0,0,5,3,2058,IRVING PARK RD,41.762932,-87.505491,03/22/2018 12:40:00 AM,2018
CR00014206,12/08/2017 10:25:00 AM,30,CLEAR,DARKNESS - LIGHTED ROAD,FIXED OBJECT,DIVIDED - W/MEDIAN (NOT RAISED),TRAFFIC SIGNAL,IMPROPER OVERTAKING/PASSING,FAILING TO REDUCE SPEED,0,0,0,0,10,6,12,1178,CLARK ST,41.944687,-87.529753,12/08/2017 10:34:00 AM,2017
CR00014207,06/21/2024 08:35:00 AM,30,CLEAR,DAYLIGHT,TURNING,NOT DIVIDED,STOP SIGN/FLASHER,FAILING TO YIELD RIGHT-OF-WAY,NOT APPLICABLE,0,0,0,0,8,6,6,968,MILWAUKEE AVE,41.76621,-87.741378,06/21/2024 09:39:00 AM,2024
CR00014208,02/05/2019 12:02:00 PM,40,RAIN,DAYLIGHT,SIDESWIPE SAME DIRECTION,ONE-WAY,STOP SIGN/FLASHER,IMPROPER OVERTAKING/PASSING,DRIVING SKILLS/KNOWLEDGE/EXPERIENCE,0,1,2,3,12,3,2,128,ARCHER AVE,41.917933,-87.641002,02/05/2019 12:22:00 PM,2019
CR00014209,06/04/2016 07:03:00 AM,35,CLEAR,DARKNESS - LIGHTED ROAD,ANGLE,DIVIDED - W/MEDIAN BARRIER,PEDESTRIAN CROSSING SIGN,UNABLE TO DETERMINE,FOLLOWING TOO CLOSELY,0,0,2,2,7,7,6,231,STONY ISLAND AVE,41.859053,-87.768806,06/04/2016 07:46:00 AM,2016
CR00014210,06/08/2015 08:15:00 AM,30,CLEAR,DAYLIGHT,REAR END,NOT DIVIDED,TRAFFIC SIGNAL,DISTRACTION - FROM INSIDE VEHICLE,NOT APPLICABLE,0,0,0,0,8,2,6,1238,MICHIGAN AVE,41.730716,-87.746274,06/08/2015 10:13:00 AM,2015
CR00014211,07/16/2016 04:43:00 PM,25,CLEAR,DAYLIGHT,PARKED MOTOR VEHICLE,DIVIDED - W/MEDIAN (NOT RAISED),TRAFFIC SIGNAL,FAILING TO YIELD RIGHT-OF-WAY,FAILING TO REDUCE SPEED,0,0,0,0,16,7,7,727,FULLERTON AVE,41.995444,-87.70139,07/16/2016 06:40:00 PM,2016
CR00014212,09/22/2020 08:31:00 AM,35,RAIN,DARKNESS,SIDESWIPE SAME DIRECTION,NOT DIVIDED,TRAFFIC SIGNAL,FOLLOWING TOO CLOSELY,IMPROPER LANE USAGE,0,0,0,0,8,3,9,1021,ASHLAND AVE,41.94313,-87.689899,09/22/2020 10:05:00 AM,2020
CR00014213,04/18/2022 05:40:00 AM,25,CLEAR,DARKNESS - LIGHTED ROAD,TURNING,NOT DIVIDED,TRAFFIC SIGNAL,UNABLE TO DETERMINE,DISTRACTION - FROM INSIDE VEHICLE,0,0,0,0,5,2,4,902,FULLERTON AVE,41.83632,-87.797497,04/18/2022 06:10:00 AM,2022
CR00014214,12/05/2021 06:54:00 PM,30,CLEAR,DAYLIGHT,REAR END,DIVIDED - W/MEDIAN (NOT RAISED),NO CONTROLS,UNABLE TO DETERMINE,NOT APPLICABLE,0,0,0,0,18,1,12,1217,WESTERN AVE,41.784645,-87.739434,12/05/2021 08:03:00 PM,2021
CR00014215,04/09/2024 07:49:00 AM,35,CLEAR,DAYLIGHT,REAR END,NOT DIVIDED,UNKNOWN,IMPROPER LANE USAGE,DRIVING SKILLS/KNOWLEDGE/EXPERIENCE,0,0,0,0,7,3,4,252,ELSTON AVE,41.809479,-87.63359,04/09/2024 09:14:00 AM,2024
CR00014216,09/16/2019 07:18:00 AM,20,CLEAR,DAYLIGHT,REAR END,ONE-WAY,TRAFFIC SIGNAL,FOLLOWING TOO CLOSELY,FAILING TO REDUCE SPEED,0,0,0,0,7,2,9,1170,ELSTON AVE,41.835255,-87.553735,09/16/2019 08:11:00 AM,2019
CR00014217,06/23/2017 12:25:00 PM,30,CLEAR,DAYLIGHT,SIDESWIPE SAME DIRECTION,DIVIDED - W/MEDIAN BARRIER,TRAFFIC SIGNAL,DRIVING SKILLS/KNOWLEDGE/EXPERIENCE,FOLLOWING TOO CLOSELY,0,0,0,0,12,6,6,704,ELSTON AVE,41.964755,-87.58437,06/23/2017 02:17:00 PM,2017
CR00014218,11/17/2015 09:39:00 AM,20,CLEAR,DARKNESS,REAR END,NOT DIVIDED,TRAFFIC SIGNAL,UNABLE TO DETERMINE,UNABLE TO DETERMINE,0,0,0,0,9,3,11,2157,STATE ST,41.938027,-87.615927,11/17/2015 10:58:00 AM,2015
CR00014219,08/09/2019 02:40:00 PM,20,FOG/SMOKE/HAZE,DAYLIGHT,PARKED MOTOR VEHICLE,DIVIDED - W/MEDIAN (NOT RAISED),TRAFFIC SIGNAL,DISREGARDING TRAFFIC SIGNALS,FAILING TO YIELD RIGHT-OF-WAY,0,0,1,1,14,6,8,1000,STATE ST,41.999134,-87.770299,08/09/2019 04:20:00 PM,2019
CR00014220,03/03/2015 12:50:00 PM,30,CLEAR,DAYLIGHT,ANGLE,T-INTERSECTION,NO CONTROLS,FAILING TO REDUCE SPEED,NOT APPLICABLE,0,0,0,0,12,3,3,2172,CLARK ST,41.94503,-87.769953,03/03/2015 02:50:00 PM,2015
CR00014221,09/18/2022 06:43:00 PM,15,CLEAR,DARKNESS - LIGHTED ROAD,REAR TO FRONT,NOT DIVIDED,PEDESTRIAN CROSSING SIGN,UNABLE TO DETERMINE,IMPROPER OVERTAKING/PASSING,0,0,0,0,18,1,9,422,ARCHER AVE,41.891015,-87.655817,09/18/2022 06:44:00 PM,2022
CR00014222,11/29/2020 08:55:00 AM,20,CLEAR,DAYLIGHT,TURNING,NOT DIVIDED,NO CONTROLS,DRIVING SKILLS/KNOWLEDGE/EXPERIENCE,NOT APPLICABLE,0,0,0,0,8,1,11,2273,PULASKI RD,41.987371,-87.703292,11/29/2020 09:50:00 AM,2020
CR00014223,01/03/2021 06:41:00 PM,40,SNOW,DAYLIGHT,REAR TO FRONT,ONE-WAY,STOP SIGN/FLASHER,DISTRACTION - FROM INSIDE VEHICLE,IMPROPER LANE USAGE,0,0,0,0,18,1,1,805,KEDZIE AVE,41.755958,-87.602296,01/03/2021 07:18:00 PM,2021
CR00014224,05/28/2017 10:05:00 AM,30,CLEAR,DARKNESS - LIGHTED ROAD,TURNING,NOT DIVIDED,TRAFFIC SIGNAL,FAILING TO YIELD RIGHT-OF-WAY,FAILING TO YIELD RIGHT-OF-WAY,0,0,0,0,10,1,5,1032,STONY ISLAND AVE,41.9032,-87.78866,05/28/2017 10:27:00 AM,2017
CR00014225,09/09/2021 11:44:00 PM,45,CLEAR,DARKNESS - LIGHTED ROAD,REAR END,NOT DIVIDED,TRAFFIC SIGNAL,UNABLE TO DETERMINE,UNABLE TO DETERMINE,0,0,3,3,23,5,9,2133,79TH ST,41.8742,-87.739826,09/10/2021 12:23:00 AM,2021
CR00014226,10/18/2018 12:29:00 AM,30,CLEAR,DARKNESS,ANGLE,DIVIDED - W/MEDIAN BARRIER,NO CONTROLS,UNABLE TO DETERMINE,UNABLE TO DETERMINE,0,0,0,0,0,5,10,1073,47TH ST,41.820146,-87.690419,10/18/2018 02:13:00 AM,2018
CR00014227,05/10/2015 10:25:00 AM,45,SNOW,DAYLIGHT,REAR END,ONE-WAY,UNKNOWN,IMPROPER LANE USAGE,DISREGARDING TRAFFIC SIGNALS,0,0,0,0,10,1,5,617,ASHLAND AVE,41.840655,-87.79378,05/10/2015 12:05:00 PM,2015
CR00014228,01/10/2024 03:34:00 PM,30,CLEAR,DAYLIGHT,ANGLE,DIVIDED - W/MEDIAN BARRIER,YIELD,UNABLE TO DETERMINE,UNABLE TO DETERMINE,0,0,0,0,15,4,1,1638,MILWAUKEE AVE,41.828908,-87.708578,01/10/2024 05:13:00 PM,2024
CR00014229,03/14/2019 05:32:00 PM,35,CLEAR,DAYLIGHT,REAR END,DIVIDED - W/MEDIAN (NOT RAISED),STOP SIGN/FLASHER,FAILING TO YIELD RIGHT-OF-WAY,FOLLOWING TOO CLOSELY,0,0,1,1,17,5,3,2447,63RD ST,41.927902,-87.773729,03/14/2019 05:39:00 PM,2019
CR00014230,03/04/2016 12:03:00 PM,25,CLEAR,DARKNESS - LIGHTED ROAD,PEDESTRIAN,DIVIDED - W/MEDIAN BARRIER,STOP SIGN/FLASHER,UNABLE TO DETERMINE,IMPROPER LANE USAGE,0,0,0,0,12,6,3,238,STONY ISLAND AVE,41.921647,-87.628532,03/04/2016 12:54:00 PM,2016
CR00014231,05/08/2022 10:29:00 AM,30,CLEAR,DAYLIGHT,SIDESWIPE SAME DIRECTION,DIVIDED - W/MEDIAN (NOT RAISED),NO CONTROLS,IMPROPER OVERTAKING/PASSING,DISTRACTION - FROM INSIDE VEHICLE,0,0,3,3,10,1,5,1194,HALSTED ST,41.869304,-87.636241,05/08/2022 11:09:00 AM,2022
CR00014232,12/28/2017 11:46:00 PM,30,CLEAR,DARKNESS,REAR END,NOT DIVIDED,NO CONTROLS,FAILING TO REDUCE SPEED,DISTRACTION - FROM INSIDE VEHICLE,0,0,0,0,23,5,12,1906,79TH ST,41.830104,-87.816163,12/29/2017 01:16:00 AM,2017
CR00014233,11/25/2021 07:21:00 AM,45,CLEAR,DAYLIGHT,REAR END,DIVIDED - W/MEDIAN (NOT RAISED),STOP SIGN/FLASHER,FAILING TO YIELD RIGHT-OF-WAY,UNABLE TO DETERMINE,0,0,0,0,7,5,11,2328,HALSTED ST,41.758541,-87.642822,11/25/2021 07:34:00 AM,2021
CR00014234,08/21/2022 04:05:00 PM,15,CLEAR,DARKNESS - LIGHTED ROAD,FIXED OBJECT,FOUR WAY,NO CONTROLS,DISTRACTION - FROM INSIDE VEHICLE,DISTRACTION - FROM INSIDE VEHICLE,0,0,0,0,16,1,8,943,LAKE SHORE DR,41.820173,-87.842148,08/21/2022 05:24:00 PM,2022
CR00014235,07/09/2015 05:24:00 AM,35,CLOUDY/OVERCAST,DAYLIGHT,REAR END,NOT DIVIDED,NO CONTROLS,FAILING TO REDUCE SPEED,NOT APPLICABLE,0,0,0,0,5,5,7,409,47TH ST,41.705514,-87.597847,07/09/2015 05:33:00 AM,2015
CR00014236,09/22/2023 03:42:00 PM,45,CLOUDY/OVERCAST,DAYLIGHT,PARKED MOTOR VEHICLE,NOT DIVIDED,UNKNOWN,FOLLOWING TOO CLOSELY,DRIVING SKILLS/KNOWLEDGE/EXPERIENCE,0,0,0,0,15,6,9,1230,IRVING PARK RD,41.787099,-87.793174,09/22/2023 05:24:00 PM,2023
CR00014237,09/01/2023 09:03:00 PM,30,CLEAR,DARKNESS - LIGHTED ROAD,REAR END,NOT DIVIDED,TRAFFIC SIGNAL,UNABLE TO DETERMINE,FOLLOWING TOO CLOSELY,0,0,0,0,21,6,9,1167,CALIFORNIA AVE,41.881111,-87.534932,09/01/2023 09:32:00 PM,2023
CR00014238,07/03/2016 08:14:00 PM,15,RAIN,DAYLIGHT,ANGLE,DIVIDED - W/MEDIAN (NOT RAISED),STOP SIGN/FLASHER,FAILING TO YIELD RIGHT-OF-WAY,NOT APPLICABLE,0,0,0,0,20,1,7,2215,STONY ISLAND AVE,41.983162,-87.610242,07/03/2016 09:40:00 PM,2016
CR00014239,03/04/2022 05:05:00 PM,15,RAIN,DAYLIGHT,ANGLE,T-INTERSECTION,NO CONTROLS,IMPROPER LANE USAGE,UNABLE TO DETERMINE,0,0,1,1,17,6,3,2205,MICHIGAN AVE,41.965174,-87.603837,03/04/2022 07:02:00 PM,2022
CR00014240,05/03/2021 02:04:00 PM,30,SNOW,DAYLIGHT,REAR END,DIVIDED - W/MEDIAN (NOT RAISED),TRAFFIC SIGNAL,UNABLE TO DETERMINE,NOT APPLICABLE,0,0,2,2,14,2,5,1685,ASHLAND AVE,41.707049,-87.804691,05/03/2021 03:54:00 PM,2021
CR00014241,11/25/2023 06:01:00 AM,30,CLEAR,DAYLIGHT,REAR END,DIVIDED - W/MEDIAN BARRIER,STOP SIGN/FLASHER,UNABLE TO DETERMINE,UNABLE TO DETERMINE,0,0,0,0,6,7,11,862,63RD ST,41.755234,-87.819119,11/25/2023 07:01:00 AM,2023
CR00014242,09/15/2019 10:53:00 AM,30,RAIN,DAYLIGHT,REAR END,ONE-WAY,NO CONTROLS,UNABLE TO DETERMINE,IMPROPER LANE USAGE,0,0,0,0,10,1,9,1642,CALIFORNIA AVE,41.835725,-87.626935,09/15/2019 12:17:00 PM,2019
CR00014243,01/26/2018 03:55:00 PM,35,RAIN,DAYLIGHT,ANGLE,DIVIDED - W/MEDIAN (NOT RAISED),NO CONTROLS,IMPROPER OVERTAKING/PASSING,FAILING TO YIELD RIGHT-OF-WAY,0,0,0,0,15,6,1,1213,STATE ST,41.805009,-87.707397,01/26/2018 03:56:00 PM,2018
CR00014244,07/14/2015 03:24:00 PM,45,CLOUDY/OVERCAST,DARKNESS - LIGHTED ROAD,PARKED MOTOR VEHICLE,NOT DIVIDED,TRAFFIC SIGNAL,FAILING TO YIELD RIGHT-OF-WAY,UNABLE TO DETERMINE,0,0,0,0,15,3,7,2439,79TH ST,41.753187,-87.677521,07/14/2015 03:56:00 PM,2015
CR00014245,03/03/2018 06:52:00 PM,45,CLEAR,DAYLIGHT,REAR END,ONE-WAY,NO CONTROLS,DRIVING SKILLS/KNOWLEDGE/EXPERIENCE,IMPROPER LANE USAGE,0,0,0,0,18,7,3,2469,STONY ISLAND AVE,41.868275,-87.844972,03/03/2018 08:00:00 PM,2018