CRASH_RECORD_ID,CRASH_DATE,POSTED_SPEED_LIMIT,WEATHER_CONDITION,LIGHTING_CONDITION,FIRST_CRASH_TYPE,TRAFFICWAY_TYPE,TRAFFIC_CONTROL_DEVICE,PRIM_CONTRIBUTORY_CAUSE,SEC_CONTRIBUTORY_CAUSE,INJURIES_FATAL,INJURIES_INCAPACITATING,INJURIES_NON_INCAPACITATING,INJURIES_TOTAL,CRASH_HOUR,CRASH_DAY_OF_WEEK,CRASH_MONTH,BEAT_OF_OCCURRENCE,STREET_NAME,LATITUDE,LONGITUDE,DATE_POLICE_NOTIFIED,year
CR00014246,10/01/2023 03:07:00 AM,15,CLEAR,DAYLIGHT,REAR END,ONE-WAY,NO CONTROLS,DRIVING SKILLS/KNOWLEDGE/EXPERIENCE,IMPROPER LANE USAGE,0,0,0,0,3,1,10,972,CLARK ST,41.755128,-87.712775,10/01/2023 03:38:00 AM,2023
CR00014247,05/14/2017 04:37:00 PM,20,CLEAR,DAYLIGHT,SIDESWIPE SAME DIRECTION,NOT DIVIDED,TRAFFIC SIGNAL,UNABLE TO DETERMINE,FAILING TO REDUCE SPEED,0,0,0,0,16,1,5,383,DAMEN AVE,41.864271,-87.748545,05/14/2017 04:42:00 PM,2017
CR00014248,03/16/2018 04:55:00 PM,35,CLEAR,DARKNESS - LIGHTED ROAD,TURNING,ONE-WAY,TRAFFIC SIGNAL,UNABLE TO DETERMINE,WEATHER,0,0,0,0,16,6,3,2004,DAMEN AVE,41.824688,-87.73815,03/16/2018 06:51:00 PM,2018
CR00014249,07/21/2019 04:21:00 AM,45,RAIN,DAYLIGHT,REAR END,ONE-WAY,UNKNOWN,FAILING TO YIELD RIGHT-OF-WAY,UNABLE TO DETERMINE,0,0,0,0,4,1,7,739,STATE ST,41.939017,-87.717748,07/21/2019 05:55:00 AM,2019
CR00014250,03/14/2017 07:36:00 PM,40,CLEAR,DAYLIGHT,TURNING,NOT DIVIDED,NO CONTROLS,FOLLOWING TOO CLOSELY,UNABLE TO DETERMINE,0,0,0,0,19,3,3,388,KEDZIE AVE,41.946203,-87.799959,03/14/2017 07:42:00 PM,2017
CR00014251,11/13/2022 12:13:00 PM,15,CLEAR,DARKNESS - LIGHTED ROAD,ANGLE,NOT DIVIDED,NO CONTROLS,DISTRACTION - FROM INSIDE VEHICLE,DISREGARDING TRAFFIC SIGNALS,0,0,0,0,12,1,11,1784,PULASKI RD,41.85024,-87.725959,11/13/2022 01:12:00 PM,2022
CR00014252,06/18/2023 08:42:00 PM,35,CLEAR,DAYLIGHT,TURNING,NOT DIVIDED,STOP SIGN/FLASHER,FOLLOWING TOO CLOSELY,FAILING TO REDUCE SPEED,0,0,0,0,20,1,6,2354,STATE ST,41.805992,-87.705352,06/18/2023 09:00:00 PM,2023
CR00014253,09/29/2017 08:20:00 AM,35,FREEZING RAIN/DRIZZLE,DAYLIGHT,PARKED MOTOR VEHICLE,DIVIDED - W/MEDIAN (NOT RAISED),NO CONTROLS,IMPROPER LANE USAGE,NOT APPLICABLE,0,0,0,0,8,6,9,1747,DAMEN AVE,41.959629,-87.558711,09/29/2017 08:59:00 AM,2017
CR00014254,07/01/2017 04:14:00 PM,35,CLEAR,DAYLIGHT,REAR END,NOT DIVIDED,STOP SIGN/FLASHER,FAILING TO REDUCE SPEED,WEATHER,0,0,0,0,16,7,7,373,PULASKI RD,41.80917,-87.594954,07/01/2017 06:01:00 PM,2017
CR00014255,03/08/2016 01:33:00 PM,20,CLEAR,DAYLIGHT,TURNING,NOT DIVIDED,NO CONTROLS,DISTRACTION - FROM INSIDE VEHICLE,DISREGARDING TRAFFIC SIGNALS,0,0,1,1,13,3,3,2510,ARCHER AVE,41.849047,-87.765698,03/08/2016 01:59:00 PM,2016
CR00014256,08/15/2016 07:38:00 AM,30,FOG/SMOKE/HAZE,DARKNESS - LIGHTED ROAD,TURNING,NOT DIVIDED,NO CONTROLS,DRIVING SKILLS/KNOWLEDGE/EXPERIENCE,UNABLE TO DETERMINE,0,0,0,0,7,2,8,1064,IRVING PARK RD,41.728849,-87.575815,08/15/2016 08:47:00 AM,2016
CR00014257,03/07/2024 08:09:00 AM,35,CLEAR,DAYLIGHT,FIXED OBJECT,NOT DIVIDED,TRAFFIC SIGNAL,IMPROPER OVERTAKING/PASSING,NOT APPLICABLE,0,0,2,2,8,5,3,2156,KEDZIE AVE,41.785485,-87.820738,03/07/2024 08:19:00 AM,2024
CR00014258,11/25/2023 03:53:00 PM,30,CLEAR,DAYLIGHT,FIXED OBJECT,ONE-WAY,NO CONTROLS,DISTRACTION - FROM INSIDE VEHICLE,UNABLE TO DETERMINE,0,0,0,0,15,7,11,2304,FULLERTON AVE,41.919051,-87.564757,11/25/2023 04:57:00 PM,2023
CR00014259,02/04/2016 08:08:00 AM,30,CLEAR,DAYLIGHT,SIDESWIPE SAME DIRECTION,DIVIDED - W/MEDIAN BARRIER,TRAFFIC SIGNAL,UNABLE TO DETERMINE,FAILING TO REDUCE SPEED,0,0,0,0,8,5,2,2176,CLARK ST,41.913775,-87.606159,02/04/2016 09:22:00 AM,2016
CR00014260,12/19/2020 06:53:00 PM,35,CLEAR,DAYLIGHT,PARKED MOTOR VEHICLE,DIVIDED - W/MEDIAN (NOT RAISED),STOP SIGN/FLASHER,IMPROPER LANE USAGE,NOT APPLICABLE,0,0,0,0,18,7,12,1477,DIVISION ST,41.916649,-87.84675,12/19/2020 07:41:00 PM,2020
CR00014261,01/12/2020 07:32:00 PM,25,SNOW,DAYLIGHT,PARKED MOTOR VEHICLE,NOT DIVIDED,NO CONTROLS,DISTRACTION - FROM INSIDE VEHICLE,IMPROPER OVERTAKING/PASSING,0,0,0,0,19,1,1,829,ROOSEVELT RD,41.947521,-87.644656,01/12/2020 09:22:00 PM,2020
CR00014262,10/16/2021 05:56:00 PM,25,RAIN,DAWN,REAR END,ONE-WAY,TRAFFIC SIGNAL,DRIVING SKILLS/KNOWLEDGE/EXPERIENCE,UNABLE TO DETERMINE,0,0,0,0,17,7,10,231,DAMEN AVE,41.730186,-87.697844,10/16/2021 06:10:00 PM,2021
CR00014263,09/29/2015 05:06:00 PM,40,CLEAR,DAYLIGHT,TURNING,NOT DIVIDED,TRAFFIC SIGNAL,DISTRACTION - FROM INSIDE VEHICLE,UNABLE TO DETERMINE,0,0,2,2,17,3,9,1032,CLARK ST,41.839888,-87.527754,09/29/2015 05:42:00 PM,2015
CR00014264,04/04/2019 12:59:00 PM,30,CLOUDY/OVERCAST,DARKNESS - LIGHTED ROAD,SIDESWIPE SAME DIRECTION,DIVIDED - W/MEDIAN (NOT RAISED),NO CONTROLS,FAILING TO YIELD RIGHT-OF-WAY,FAILING TO REDUCE SPEED,0,0,0,0,12,5,4,1890,CICERO AVE,41.723321,-87.568596,04/04/2019 01:19:00 PM,2019
CR00014265,01/23/2018 05:16:00 AM,40,CLEAR,DARKNESS,REAR END,NOT DIVIDED,TRAFFIC SIGNAL,FOLLOWING TOO CLOSELY,UNABLE TO DETERMINE,0,0,0,0,5,3,1,2320,MILWAUKEE AVE,41.838816,-87.543231,01/23/2018 05:55:00 AM,2018
CR00014266,02/25/2015 12:03:00 PM,30,CLEAR,DAYLIGHT,ANGLE,DIVIDED - W/MEDIAN (NOT RAISED),NO CONTROLS,FAILING TO REDUCE SPEED,DISTRACTION - FROM INSIDE VEHICLE,0,0,0,0,12,4,2,607,FULLERTON AVE,41.805701,-87.625758,02/25/2015 12:18:00 PM,2015
CR00014267,10/04/2016 02:38:00 AM,30,CLEAR,DARKNESS - LIGHTED ROAD,FIXED OBJECT,ONE-WAY,YIELD,FAILING TO YIELD RIGHT-OF-WAY,UNABLE TO DETERMINE,0,0,0,0,2,3,10,865,ASHLAND AVE,41.775625,-87.50518,10/04/2016 04:04:00 AM,2016
CR00014268,04/20/2024 06:17:00 PM,40,CLEAR,DAYLIGHT,REAR TO FRONT,T-INTERSECTION,TRAFFIC SIGNAL,UNABLE TO DETERMINE,UNABLE TO DETERMINE,0,0,0,0,18,7,4,1312,IRVING PARK RD,41.963514,-87.832767,04/20/2024 06:42:00 PM,2024
CR00014269,04/05/2016 05:43:00 PM,20,CLEAR,DAYLIGHT,TURNING,DIVIDED - W/MEDIAN (NOT RAISED),NO CONTROLS,DRIVING SKILLS/KNOWLEDGE/EXPERIENCE,UNABLE TO DETERMINE,0,0,1,1,17,3,4,2387,HALSTED ST,41.831093,-87.843916,04/05/2016 07:20:00 PM,2016
CR00014270,04/28/2016 08:16:00 AM,20,CLEAR,DARKNESS - LIGHTED ROAD,REAR TO FRONT,NOT DIVIDED,TRAFFIC SIGNAL,FOLLOWING TOO CLOSELY,FOLLOWING TOO CLOSELY,0,0,0,0,8,5,4,905,ELSTON AVE,41.900911,-87.622483,04/28/2016 08:34:00 AM,2016
CR00014271,04/02/2023 10:19:00 AM,35,CLEAR,DAYLIGHT,SIDESWIPE SAME DIRECTION,NOT DIVIDED,TRAFFIC SIGNAL,UNABLE TO DETERMINE,FAILING TO YIELD RIGHT-OF-WAY,0,0,0,0,10,1,4,1506,CLARK ST,41.971119,-87.517031,04/02/2023 10:49:00 AM,2023
CR00014272,02/24/2020 03:08:00 PM,20,CLEAR,DAYLIGHT,FIXED OBJECT,FOUR WAY,STOP SIGN/FLASHER,FOLLOWING TOO CLOSELY,FAILING TO YIELD RIGHT-OF-WAY,0,2,2,4,15,2,2,2231,PULASKI RD,41.995194,-87.696997,02/24/2020 04:37:00 PM,2020
CR00014273,08/01/2024 05:55:00 PM,20,CLOUDY/OVERCAST,DAYLIGHT,REAR END,DIVIDED - W/MEDIAN (NOT RAISED),NO CONTROLS,UNABLE TO DETERMINE,UNABLE TO DETERMINE,0,1,2,3,17,5,8,1435,WESTERN AVE,41.921112,-87.542069,08/01/2024 07:13:00 PM,2024
CR00014274,08/03/2015 05:31:00 PM,30,CLEAR,DAYLIGHT,SIDESWIPE SAME DIRECTION,DIVIDED - W/MEDIAN BARRIER,UNKNOWN,FAILING TO YIELD RIGHT-OF-WAY,NOT APPLICABLE,0,0,0,0,17,2,8,1193,CALIFORNIA AVE,41.837506,-87.735827,08/03/2015 05:43:00 PM,2015
CR00014275,06/28/2020 08:04:00 AM,35,CLEAR,DARKNESS - LIGHTED ROAD,PARKED MOTOR VEHICLE,NOT DIVIDED,NO CONTROLS,FOLLOWING TOO CLOSELY,UNABLE TO DETERMINE,0,0,0,0,8,1,6,1128,DAMEN AVE,41.950975,-87.814851,06/28/2020 08:29:00 AM,2020
CR00014276,07/08/2018 01:36:00 PM,15,CLEAR,DAWN,SIDESWIPE SAME DIRECTION,FOUR WAY,STOP SIGN/FLASHER,DISREGARDING TRAFFIC SIGNALS,DRIVING SKILLS/KNOWLEDGE/EXPERIENCE,0,0,0,0,13,1,7,839,WESTERN AVE,41.838191,-87.557738,07/08/2018 02:42:00 PM,2018
CR00014277,02/21/2023 06:47:00 PM,40,CLEAR,DARKNESS - LIGHTED ROAD,REAR TO FRONT,DIVIDED - W/MEDIAN (NOT RAISED),NO CONTROLS,UNABLE TO DETERMINE,UNABLE TO DETERMINE,0,0,0,0,18,3,2,2110,IRVING PARK RD,41.8644,-87.509244,02/21/2023 08:24:00 PM,2023
CR00014278,09/11/2023 08:59:00 AM,45,CLEAR,DAYLIGHT,TURNING,FOUR WAY,STOP SIGN/FLASHER,UNABLE TO DETERMINE,FAILING TO REDUCE SPEED,0,0,1,1,8,2,9,956,KEDZIE AVE,41.799692,-87.571753,09/11/2023 09:41:00 AM,2023
CR00014279,08/07/2015 08:23:00 AM,30,CLEAR,DAYLIGHT,REAR END,DIVIDED - W/MEDIAN BARRIER,NO CONTROLS,DISTRACTION - FROM INSIDE VEHICLE,IMPROPER OVERTAKING/PASSING,0,1,3,4,8,6,8,1877,47TH ST,41.957787,-87.642771,08/07/2015 10:10:00 AM,2015
CR00014280,11/24/2018 06:05:00 PM,30,CLEAR,DAYLIGHT,TURNING,FOUR WAY,PEDESTRIAN CROSSING SIGN,UNABLE TO DETERMINE,NOT APPLICABLE,0,0,0,0,18,7,11,1016,CICERO AVE,41.724593,-87.777148,11/24/2018 06:08:00 PM,2018
CR00014281,03/29/2021 06:38:00 AM,20,CLEAR,DAYLIGHT,REAR TO FRONT,NOT DIVIDED,TRAFFIC SIGNAL,FAILING TO REDUCE SPEED,DRIVING SKILLS/KNOWLEDGE/EXPERIENCE,0,0,0,0,6,2,3,2421,ELSTON AVE,41.958567,-87.811419,03/29/2021 07:02:00 AM,2021
CR00014282,01/02/2016 07:02:00 AM,30,CLOUDY/OVERCAST,DAYLIGHT,ANGLE,NOT DIVIDED,NO CONTROLS,UNABLE TO DETERMINE,FAILING TO REDUCE SPEED,0,0,0,0,7,7,1,243,PULASKI RD,41.997817,-87.705916,01/02/2016 08:33:00 AM,2016
CR00014283,09/13/2024 01:00:00 PM,25,CLEAR,DAYLIGHT,REAR TO FRONT,DIVIDED - W/MEDIAN (NOT RAISED),NO CONTROLS,FOLLOWING TOO CLOSELY,UNABLE TO DETERMINE,0,0,0,0,13,6,9,1382,PULASKI RD,41.789181,-87.842403,09/13/2024 01:16:00 PM,2024
CR00014284,02/01/2019 06:56:00 PM,35,CLEAR,DAYLIGHT,REAR END,NOT DIVIDED,NO CONTROLS,DRIVING SKILLS/KNOWLEDGE/EXPERIENCE,IMPROPER LANE USAGE,0,0,0,0,18,6,2,2178,79TH ST,41.766725,-87.788305,02/01/2019 07:38:00 PM,2019
CR00014285,08/21/2023 09:43:00 AM,35,CLEAR,DARKNESS - LIGHTED ROAD,REAR TO FRONT,DIVIDED - W/MEDIAN (NOT RAISED),TRAFFIC SIGNAL,IMPROPER OVERTAKING/PASSING,UNABLE TO DETERMINE,0,0,0,0,9,2,8,1521,FULLERTON AVE,41.760172,-87.623697,08/21/2023 10:36:00 AM,2023
CR00014286,03/18/2020 01:59:00 PM,35,CLEAR,DARKNESS,REAR END,NOT DIVIDED,NO CONTROLS,FAILING TO REDUCE SPEED,FAILING TO REDUCE SPEED,0,0,0,0,13,4,3,1831,CLARK ST,41.804254,-87.527851,03/18/2020 03:58:00 PM,2020
CR00014287,07/05/2020 07:04:00 AM,15,CLEAR,DUSK,TURNING,DIVIDED - W/MEDIAN (NOT RAISED),STOP SIGN/FLASHER,FOLLOWING TOO CLOSELY,IMPROPER OVERTAKING/PASSING,0,0,0,0,7,1,7,571,DIVISION ST,41.879747,-87.744698,07/05/2020 08:44:00 AM,2020
CR00014288,06/04/2019 04:13:00 PM,45,CLEAR,DARKNESS,REAR END,NOT DIVIDED,NO CONTROLS,UNABLE TO DETERMINE,FAILING TO REDUCE SPEED,0,0,0,0,16,3,6,548,BROADWAY,41.868498,-87.576611,06/04/2019 04:57:00 PM,2019
CR00014289,06/08/2022 12:23:00 PM,45,CLEAR,DAYLIGHT,PEDESTRIAN,NOT DIVIDED,TRAFFIC SIGNAL,FAILING TO YIELD RIGHT-OF-WAY,FOLLOWING TOO CLOSELY,0,0,0,0,12,4,6,2520,CLARK ST,41.819874,-87.665736,06/08/2022 01:02:00 PM,2022
CR00014290,02/09/2022 06:47:00 PM,30,CLEAR,DARKNESS - LIGHTED ROAD,REAR TO FRONT,DIVIDED - W/MEDIAN (NOT RAISED),UNKNOWN,FOLLOWING TOO CLOSELY,UNABLE TO DETERMINE,0,0,0,0,18,4,2,1313,ARCHER AVE,41.954293,-87.767503,02/09/2022 08:06:00 PM,2022
CR00014291,06/07/2017 06:55:00 PM,30,CLEAR,DARKNESS - LIGHTED ROAD,REAR TO FRONT,ONE-WAY,NO CONTROLS,DISREGARDING TRAFFIC SIGNALS,UNABLE TO DETERMINE,0,0,0,0,18,4,6,620,BROADWAY,41.716824,-87.645507,06/07/2017 07:04:00 PM,2017
CR00014292,06/15/2016 08:41:00 PM,35,CLEAR,DAYLIGHT,ANGLE,DIVIDED - W/MEDIAN (NOT RAISED),NO CONTROLS,DISTRACTION - FROM INSIDE VEHICLE,FAILING TO YIELD RIGHT-OF-WAY,0,0,0,0,20,4,6,2158,WESTERN AVE,41.754728,-87.745047,06/15/2016 10:15:00 PM,2016
CR00014293,02/15/2019 10:48:00 AM,35,CLEAR,DAYLIGHT,REAR END,DIVIDED - W/MEDIAN BARRIER,UNKNOWN,FAILING TO YIELD RIGHT-OF-WAY,NOT APPLICABLE,0,0,0,0,10,6,2,470,47TH ST,41.945329,-87.686139,02/15/2019 12:04:00 PM,2019
CR00014294,10/05/2020 02:22:00 PM,25,FOG/SMOKE/HAZE,DARKNESS - LIGHTED ROAD,SIDESWIPE SAME DIRECTION,ONE-WAY,NO CONTROLS,FAILING TO YIELD RIGHT-OF-WAY,UNABLE TO DETERMINE,0,0,0,0,14,2,10,511,STATE ST,41.969388,-87.774817,10/05/2020 02:58:00 PM,2020
CR00014295,01/27/2018 01:03:00 PM,15,CLEAR,DAYLIGHT,ANGLE,NOT DIVIDED,STOP SIGN/FLASHER,DISTRACTION - FROM INSIDE VEHICLE,DRIVING SKILLS/KNOWLEDGE/EXPERIENCE,0,0,0,0,13,7,1,743,OGDEN AVE,41.796565,-87.731003,01/27/2018 02:54:00 PM,2018
CR00014296,05/28/2019 05:20:00 PM,30,CLOUDY/OVERCAST,DAYLIGHT,PARKED MOTOR VEHICLE,DIVIDED - W/MEDIAN (NOT RAISED),STOP SIGN/FLASHER,DISREGARDING TRAFFIC SIGNALS,FAILING TO REDUCE SPEED,0,0,0,0,17,3,5,368,ASHLAND AVE,41.988524,-87.550734,05/28/2019 06:48:00 PM,2019
CR00014297,10/09/2019 04:30:00 PM,35,RAIN,DAYLIGHT,PARKED MOTOR VEHICLE,ONE-WAY,STOP SIGN/FLASHER,FAILING TO REDUCE SPEED,FAILING TO YIELD RIGHT-OF-WAY,0,0,0,0,16,4,10,1500,ARCHER AVE,41.970096,-87.693469,10/09/2019 04:55:00 PM,2019
CR00014298,07/26/2022 05:41:00 PM,25,CLEAR,DAYLIGHT,REAR END,NOT DIVIDED,NO CONTROLS,DISREGARDING TRAFFIC SIGNALS,NOT APPLICABLE,0,0,1,1,17,3,7,773,CICERO AVE,41.967675,-87.503264,07/26/2022 07:27:00 PM,2022
CR00014299,10/18/2024 03:44:00 PM,30,CLEAR,DAYLIGHT,SIDESWIPE SAME DIRECTION,NOT DIVIDED,NO CONTROLS,UNABLE TO DETERMINE,UNABLE TO DETERMINE,0,0,0,0,15,6,10,2045,ROOSEVELT RD,41.805481,-87.72161,10/18/2024 04:00:00 PM,2024
CR00014300,03/24/2019 07:09:00 AM,30,CLEAR,DARKNESS,PARKED MOTOR VEHICLE,DIVIDED - W/MEDIAN BARRIER,TRAFFIC SIGNAL,FAILING TO YIELD RIGHT-OF-WAY,FOLLOWING TOO CLOSELY,0,0,0,0,7,1,3,478,FULLERTON AVE,41.885496,-87.618141,03/24/2019 08:17:00 AM,2019
CR00014301,07/05/2023 08:24:00 PM,30,CLEAR,DAYLIGHT,REAR END,ONE-WAY,STOP SIGN/FLASHER,FOLLOWING TOO CLOSELY,UNABLE TO DETERMINE,0,0,1,1,20,4,7,342,CICERO AVE,41.975431,-87.771901,07/05/2023 09:41:00 PM,2023
CR00014302,11/10/2020 02:57:00 AM,30,CLEAR,DARKNESS - LIGHTED ROAD,SIDESWIPE SAME DIRECTION,ONE-WAY,TRAFFIC SIGNAL,UNABLE TO DETERMINE,UNABLE TO DETERMINE,0,0,0,0,2,3,11,1460,CALIFORNIA AVE,41.824213,-87.610954,11/10/2020 03:51:00 AM,2020
CR00014303,07/26/2019 04:23:00 AM,25,CLEAR,DAYLIGHT,TURNING,NOT DIVIDED,PEDESTRIAN CROSSING SIGN,IMPROPER OVERTAKING/PASSING,DISTRACTION - FROM INSIDE VEHICLE,0,0,1,1,4,6,7,1483,HALSTED ST,41.749702,-87.735398,07/26/2019 06:14:00 AM,2019
CR00014304,01/14/2015 01:43:00 AM,20,CLEAR,DUSK,REAR END,NOT DIVIDED,TRAFFIC SIGNAL,WEATHER,DISREGARDING TRAFFIC SIGNALS,0,0,0,0,1,4,1,1717,HALSTED ST,41.794219,-87.551431,01/14/2015 02:57:00 AM,2015
CR00014305,12/21/2024 05:35:00 PM,30,CLEAR,DUSK,REAR END,ONE-WAY,UNKNOWN,IMPROPER LANE USAGE,NOT APPLICABLE,0,1,0,1,17,7,12,505,ROOSEVELT RD,41.90036,-87.655808,12/21/2024 06:19:00 PM,2024
CR00014306,02/09/2020 09:17:00 AM,40,RAIN,DAYLIGHT,SIDESWIPE SAME DIRECTION,DIVIDED - W/MEDIAN (NOT RAISED),STOP SIGN/FLASHER,UNABLE TO DETERMINE,FOLLOWING TOO CLOSELY,0,0,0,0,9,1,2,849,ROOSEVELT RD,41.943977,-87.62536,02/09/2020 10:47:00 AM,2020
CR00014307,04/09/2020 07:18:00 AM,25,CLEAR,DAYLIGHT,PARKED MOTOR VEHICLE,NOT DIVIDED,TRAFFIC SIGNAL,DISTRACTION - FROM INSIDE VEHICLE,UNABLE TO DETERMINE,0,0,0,0,7,5,4,2325,OGDEN AVE,41.802569,-87.844277,04/09/2020 07:58:00 AM,2020
CR00014308,06/03/2024 11:29:00 AM,45,CLEAR,DAYLIGHT,SIDESWIPE SAME DIRECTION,ONE-WAY,TRAFFIC SIGNAL,UNABLE TO DETERMINE,FAILING TO REDUCE SPEED,0,0,0,0,11,2,6,1646,63RD ST,41.925457,-87.667325,06/03/2024 12:55:00 PM,2024
CR00014309,05/19/2015 05:52:00 PM,35,CLOUDY/OVERCAST,DAYLIGHT,TURNING,NOT DIVIDED,NO CONTROLS,IMPROPER OVERTAKING/PASSING,UNABLE TO DETERMINE,0,1,2,3,17,3,5,182,KEDZIE AVE,41.710766,-87.836814,05/19/2015 07:22:00 PM,2015
CR00014310,10/06/2015 10:34:00 PM,25,CLEAR,DAYLIGHT,REAR END,DIVIDED - W/MEDIAN BARRIER,PEDESTRIAN CROSSING SIGN,UNABLE TO DETERMINE,IMPROPER OVERTAKING/PASSING,0,0,0,0,22,3,10,1872,STONY ISLAND AVE,41.718907,-87.817524,10/07/2015 12:31:00 AM,2015
CR00014311,03/02/2022 08:23:00 AM,35,CLEAR,DAYLIGHT,REAR END,ONE-WAY,TRAFFIC SIGNAL,FAILING TO REDUCE SPEED,IMPROPER OVERTAKING/PASSING,0,0,0,0,8,4,3,1542,WESTERN AVE,41.765314,-87.705809,03/02/2022 09:49:00 AM,2022
CR00014312,01/23/2022 06:25:00 AM,35,CLEAR,DARKNESS - LIGHTED ROAD,REAR END,ONE-WAY,TRAFFIC SIGNAL,FAILING TO REDUCE SPEED,UNABLE TO DETERMINE,0,0,0,0,6,1,1,2195,DIVISION ST,41.783573,-87.836373,01/23/2022 07:35:00 AM,2022
CR00014313,05/28/2024 11:18:00 AM,15,SNOW,DAYLIGHT,REAR END,FOUR WAY,TRAFFIC SIGNAL,FOLLOWING TOO CLOSELY,DRIVING SKILLS/KNOWLEDGE/EXPERIENCE,0,0,0,0,11,3,5,1939,BROADWAY,41.71818,-87.690456,05/28/2024 12:06:00 PM,2024
CR00014314,10/20/2019 11:00:00 AM,25,RAIN,DAYLIGHT,ANGLE,NOT DIVIDED,NO CONTROLS,IMPROPER LANE USAGE,UNABLE TO DETERMINE,0,0,3,3,11,1,10,698,47TH ST,41.922333,-87.619549,10/20/2019 12:13:00 PM,2019
CR00014315,07/19/2019 09:53:00 AM,30,RAIN,DARKNESS - LIGHTED ROAD,REAR END,NOT DIVIDED,UNKNOWN,UNABLE TO DETERMINE,NOT APPLICABLE,0,0,3,3,9,6,7,569,HALSTED ST,41.771216,-87.824096,07/19/2019 11:49:00 AM,2019
CR00014316,08/15/2020 08:41:00 AM,25,CLEAR,DARKNESS - LIGHTED ROAD,ANGLE,ONE-WAY,YIELD,DRIVING SKILLS/KNOWLEDGE/EXPERIENCE,NOT APPLICABLE,0,0,0,0,8,7,8,1503,WESTERN AVE,41.743574,-87.757073,08/15/2020 10:01:00 AM,2020
CR00014317,11/20/2019 03:20:00 AM,20,CLEAR,DAWN,SIDESWIPE SAME DIRECTION,T-INTERSECTION,TRAFFIC SIGNAL,DISTRACTION - FROM INSIDE VEHICLE,NOT APPLICABLE,0,0,1,1,3,4,11,2078,LAKE SHORE DR,41.999679,-87.516732,11/20/2019 05:17:00 AM,2019
CR00014318,02/18/2022 05:47:00 PM,15,CLEAR,DAYLIGHT,PARKED MOTOR VEHICLE,FOUR WAY,NO CONTROLS,FAILING TO YIELD RIGHT-OF-WAY,FOLLOWING TOO CLOSELY,0,0,0,0,17,6,2,288,MILWAUKEE AVE,41.744053,-87.758927,02/18/2022 06:18:00 PM,2022
CR00014319,07/16/2018 11:14:00 PM,30,RAIN,DAYLIGHT,PEDESTRIAN,DIVIDED - W/MEDIAN (NOT RAISED),TRAFFIC SIGNAL,FOLLOWING TOO CLOSELY,DISTRACTION - FROM INSIDE VEHICLE,0,0,1,1,23,2,7,1668,KEDZIE AVE,41.88426,-87.559172,07/16/2018 11:31:00 PM,2018
CR00014320,04/25/2018 10:01:00 AM,35,FREEZING RAIN/DRIZZLE,DARKNESS - LIGHTED ROAD,TURNING,NOT DIVIDED,STOP SIGN/FLASHER,UNABLE TO DETERMINE,WEATHER,0,0,1,1,10,4,4,1561,STATE ST,41.812767,-87.706807,04/25/2018 10:56:00 AM,2018
CR00014321,08/24/2017 01:26:00 PM,30,CLEAR,DAYLIGHT,PARKED MOTOR VEHICLE,NOT DIVIDED,TRAFFIC SIGNAL,UNABLE TO DETERMINE,UNABLE TO DETERMINE,0,0,0,0,13,5,8,144,CICERO AVE,41.771688,-87.67098,08/24/2017 02:13:00 PM,2017
CR00014322,08/12/2024 01:29:00 AM,35,RAIN,DAYLIGHT,REAR END,DIVIDED - W/MEDIAN BARRIER,PEDESTRIAN CROSSING SIGN,FAILING TO YIELD RIGHT-OF-WAY,NOT APPLICABLE,0,0,0,0,1,2,8,1550,FULLERTON AVE,41.813974,-87.68031,08/12/2024 03:22:00 AM,2024
CR00014323,07/17/2021 10:18:00 AM,15,CLEAR,DAYLIGHT,SIDESWIPE SAME DIRECTION,ONE-WAY,TRAFFIC SIGNAL,FAILING TO YIELD RIGHT-OF-WAY,DISTRACTION - FROM INSIDE VEHICLE,0,0,0,0,10,7,7,1049,ROOSEVELT RD,41.988051,-87.521352,07/17/2021 10:24:00 AM,2021
CR00014324,10/02/2017 06:40:00 PM,15,CLEAR,DAYLIGHT,TURNING,NOT DIVIDED,TRAFFIC SIGNAL,IMPROPER OVERTAKING/PASSING,UNABLE TO DETERMINE,0,0,2,2,18,2,10,112,LAKE SHORE DR,41.986116,-87.629778,10/02/2017 06:46:00 PM,2017
CR00014325,04/17/2023 05:06:00 PM,25,CLEAR,DARKNESS - LIGHTED ROAD,PEDESTRIAN,NOT DIVIDED,NO CONTROLS,DISTRACTION - FROM INSIDE VEHICLE,IMPROPER LANE USAGE,0,0,0,0,17,2,4,392,STATE ST,41.916657,-87.804294,04/17/2023 06:51:00 PM,2023
CR00014326,08/02/2017 09:15:00 PM,45,CLEAR,DAYLIGHT,REAR END,NOT DIVIDED,TRAFFIC SIGNAL,FOLLOWING TOO CLOSELY,FOLLOWING TOO CLOSELY,0,2,1,3,21,4,8,1907,IRVING PARK RD,41.869774,-87.719641,08/02/2017 09:30:00 PM,2017
CR00014327,04/22/2018 07:07:00 PM,30,RAIN,DAYLIGHT,TURNING,DIVIDED - W/MEDIAN (NOT RAISED),UNKNOWN,FAILING TO YIELD RIGHT-OF-WAY,IMPROPER LANE USAGE,0,0,0,0,19,1,4,919,ASHLAND AVE,41.844894,-87.693231,04/22/2018 08:31:00 PM,2018
CR00014328,01/09/2019 07:55:00 AM,35,CLEAR,DAYLIGHT,ANGLE,DIVIDED - W/MEDIAN (NOT RAISED),STOP SIGN/FLASHER,IMPROPER OVERTAKING/PASSING,UNABLE TO DETERMINE,0,0,0,0,7,4,1,1345,MICHIGAN AVE,41.739257,-87.839407,01/09/2019 09:24:00 AM,2019