CRASH_RECORD_ID,CRASH_DATE,POSTED_SPEED_LIMIT,WEATHER_CONDITION,LIGHTING_CONDITION,FIRST_CRASH_TYPE,TRAFFICWAY_TYPE,TRAFFIC_CONTROL_DEVICE,PRIM_CONTRIBUTORY_CAUSE,SEC_CONTRIBUTORY_CAUSE,INJURIES_FATAL,INJURIES_INCAPACITATING,INJURIES_NON_INCAPACITATING,INJURIES_TOTAL,CRASH_HOUR,CRASH_DAY_OF_WEEK,CRASH_MONTH,BEAT_OF_OCCURRENCE,STREET_NAME,LATITUDE,LONGITUDE,DATE_POLICE_NOTIFIED,year
CR00014329,05/04/2015 04:45:00 PM,30,CLEAR,DAYLIGHT,TURNING,DIVIDED - W/MEDIAN (NOT RAISED),TRAFFIC SIGNAL,IMPROPER LANE USAGE,UNABLE TO DETERMINE,0,0,0,0,16,2,5,1534,CALIFORNIA AVE,41.715826,-87.707487,05/04/2015 06:22:00 PM,2015
CR00014330,07/30/2018 05:02:00 PM,25,CLEAR,DAYLIGHT,PARKED MOTOR VEHICLE,T-INTERSECTION,TRAFFIC SIGNAL,UNABLE TO DETERMINE,UNABLE TO DETERMINE,0,0,0,0,17,2,7,542,ARCHER AVE,41.84338,-87.527662,07/30/2018 06:44:00 PM,2018
CR00014331,04/13/2019 05:56:00 PM,35,CLEAR,DAYLIGHT,SIDESWIPE SAME DIRECTION,NOT DIVIDED,NO CONTROLS,FAILING TO YIELD RIGHT-OF-WAY,FOLLOWING TOO CLOSELY,0,0,0,0,17,7,4,2313,STATE ST,41.857586,-87.565115,04/13/2019 05:58:00 PM,2019
CR00014332,08/11/2022 01:36:00 AM,45,CLOUDY/OVERCAST,DAYLIGHT,TURNING,DIVIDED - W/MEDIAN (NOT RAISED),STOP SIGN/FLASHER,DRIVING SKILLS/KNOWLEDGE/EXPERIENCE,IMPROPER LANE USAGE,0,0,1,1,1,5,8,159,ELSTON AVE,41.948944,-87.566198,08/11/2022 02:09:00 AM,2022
CR00014333,09/19/2019 03:38:00 AM,15,RAIN,DAYLIGHT,REAR END,DIVIDED - W/MEDIAN (NOT RAISED),TRAFFIC SIGNAL,IMPROPER LANE USAGE,DISTRACTION - FROM INSIDE VEHICLE,0,0,0,0,3,5,9,1793,47TH ST,41.932517,-87.7431,09/19/2019 04:32:00 AM,2019
CR00014334,11/14/2018 03:53:00 AM,40,CLEAR,DARKNESS - LIGHTED ROAD,TURNING,NOT DIVIDED,TRAFFIC SIGNAL,UNABLE TO DETERMINE,DRIVING SKILLS/KNOWLEDGE/EXPERIENCE,0,0,0,0,3,4,11,1822,ELSTON AVE,41.793766,-87.572006,11/14/2018 04:55:00 AM,2018
CR00014335,03/21/2019 11:33:00 AM,40,CLEAR,DAYLIGHT,SIDESWIPE SAME DIRECTION,NOT DIVIDED,TRAFFIC SIGNAL,WEATHER,NOT APPLICABLE,0,0,0,0,11,5,3,924,STONY ISLAND AVE,41.980814,-87.553252,03/21/2019 01:12:00 PM,2019
CR00014336,04/27/2021 09:06:00 AM,35,CLEAR,DAYLIGHT,ANGLE,ONE-WAY,STOP SIGN/FLASHER,DRIVING SKILLS/KNOWLEDGE/EXPERIENCE,UNABLE TO DETERMINE,0,0,0,0,9,3,4,2030,OGDEN AVE,41.863006,-87.581793,04/27/2021 10:59:00 AM,2021
CR00014337,11/06/2023 02:15:00 AM,35,CLEAR,DAYLIGHT,REAR END,NOT DIVIDED,STOP SIGN/FLASHER,UNABLE TO DETERMINE,UNABLE TO DETERMINE,0,0,0,0,2,2,11,1309,ASHLAND AVE,41.842019,-87.693105,11/06/2023 03:42:00 AM,2023
CR00014338,12/09/2019 06:03:00 PM,30,RAIN,DARKNESS - LIGHTED ROAD,ANGLE,DIVIDED - W/MEDIAN (NOT RAISED),TRAFFIC SIGNAL,IMPROPER OVERTAKING/PASSING,UNABLE TO DETERMINE,0,0,0,0,18,2,12,2365,ASHLAND AVE,41.902413,-87.500064,12/09/2019 07:48:00 PM,2019
CR00014339,10/18/2021 08:28:00 PM,35,CLEAR,DAYLIGHT,FIXED OBJECT,NOT DIVIDED,NO CONTROLS,DISTRACTION - FROM INSIDE VEHICLE,IMPROPER LANE USAGE,0,0,0,0,20,2,10,1114,ROOSEVELT RD,41.767001,-87.668628,10/18/2021 10:19:00 PM,2021
CR00014340,11/14/2015 02:53:00 PM,20,CLEAR,DARKNESS,SIDESWIPE SAME DIRECTION,NOT DIVIDED,TRAFFIC SIGNAL,DRIVING SKILLS/KNOWLEDGE/EXPERIENCE,NOT APPLICABLE,0,0,0,0,14,7,11,1968,STATE ST,41.7109,-87.668046,11/14/2015 03:42:00 PM,2015
CR00014341,07/26/2017 06:19:00 PM,30,FREEZING RAIN/DRIZZLE,DAYLIGHT,PARKED MOTOR VEHICLE,ONE-WAY,NO CONTROLS,IMPROPER OVERTAKING/PASSING,NOT APPLICABLE,0,0,0,0,18,4,7,1475,47TH ST,41.8996,-87.727649,07/26/2017 07:05:00 PM,2017
CR00014342,10/29/2017 07:14:00 PM,25,RAIN,DAYLIGHT,PARKED MOTOR VEHICLE,NOT DIVIDED,STOP SIGN/FLASHER,FOLLOWING TOO CLOSELY,FAILING TO REDUCE SPEED,0,0,0,0,19,1,10,702,PULASKI RD,41.786277,-87.79997,10/29/2017 07:36:00 PM,2017
CR00014343,05/17/2023 07:25:00 PM,25,RAIN,DARKNESS - LIGHTED ROAD,REAR END,NOT DIVIDED,NO CONTROLS,FAILING TO YIELD RIGHT-OF-WAY,DRIVING SKILLS/KNOWLEDGE/EXPERIENCE,0,0,1,1,19,4,5,797,ARCHER AVE,41.867066,-87.627804,05/17/2023 09:06:00 PM,2023
CR00014344,02/06/2018 10:41:00 AM,35,CLEAR,DAYLIGHT,TURNING,NOT DIVIDED,NO CONTROLS,DRIVING SKILLS/KNOWLEDGE/EXPERIENCE,FOLLOWING TOO CLOSELY,0,0,0,0,10,3,2,160,MILWAUKEE AVE,41.794205,-87.654562,02/06/2018 10:50:00 AM,2018
CR00014345,10/06/2021 09:26:00 PM,20,CLEAR,DARKNESS - LIGHTED ROAD,ANGLE,DIVIDED - W/MEDIAN BARRIER,TRAFFIC SIGNAL,UNABLE TO DETERMINE,UNABLE TO DETERMINE,0,0,1,1,21,4,10,2043,ROOSEVELT RD,41.71327,-87.67297,10/06/2021 10:45:00 PM,2021
CR00014346,09/30/2018 09:08:00 AM,25,CLEAR,DUSK,REAR END,FOUR WAY,TRAFFIC SIGNAL,FOLLOWING TOO CLOSELY,DRIVING SKILLS/KNOWLEDGE/EXPERIENCE,0,0,2,2,9,1,9,2315,CICERO AVE,41.744096,-87.617334,09/30/2018 10:35:00 AM,2018
CR00014347,03/03/2017 03:58:00 PM,35,CLEAR,DAYLIGHT,ANGLE,NOT DIVIDED,TRAFFIC SIGNAL,DISREGARDING TRAFFIC SIGNALS,FOLLOWING TOO CLOSELY,0,0,0,0,15,6,3,1628,CLARK ST,41.963052,-87.555578,03/03/2017 04:10:00 PM,2017
CR00014348,01/19/2015 11:06:00 AM,30,CLEAR,DAYLIGHT,PEDESTRIAN,NOT DIVIDED,STOP SIGN/FLASHER,FOLLOWING TOO CLOSELY,WEATHER,0,0,0,0,11,2,1,2171,ASHLAND AVE,41.896727,-87.535569,01/19/2015 12:31:00 PM,2015
CR00014349,07/25/2024 12:50:00 PM,40,RAIN,DARKNESS - LIGHTED ROAD,ANGLE,NOT DIVIDED,TRAFFIC SIGNAL,UNABLE TO DETERMINE,FOLLOWING TOO CLOSELY,0,0,0,0,12,5,7,538,DIVISION ST,41.899199,-87.705335,07/25/2024 02:46:00 PM,2024
CR00014350,01/03/2015 08:27:00 AM,45,CLEAR,DARKNESS - LIGHTED ROAD,REAR END,DIVIDED - W/MEDIAN (NOT RAISED),NO CONTROLS,IMPROPER OVERTAKING/PASSING,DISTRACTION - FROM INSIDE VEHICLE,0,0,3,3,8,7,1,150,DIVISION ST,41.772377,-87.541339,01/03/2015 09:02:00 AM,2015
CR00014351,07/09/2024 05:18:00 PM,30,FOG/SMOKE/HAZE,DAYLIGHT,REAR END,FOUR WAY,TRAFFIC SIGNAL,FOLLOWING TOO CLOSELY,UNABLE TO DETERMINE,0,0,0,0,17,3,7,852,KEDZIE AVE,41.985927,-87.643804,07/09/2024 06:38:00 PM,2024
CR00014352,12/18/2015 07:16:00 AM,35,CLEAR,DARKNESS,PEDESTRIAN,NOT DIVIDED,YIELD,UNABLE TO DETERMINE,IMPROPER LANE USAGE,0,0,0,0,7,6,12,1886,BROADWAY,41.944373,-87.810503,12/18/2015 07:48:00 AM,2015
CR00014353,05/06/2022 03:44:00 PM,30,CLEAR,DAYLIGHT,ANGLE,FOUR WAY,YIELD,FOLLOWING TOO CLOSELY,IMPROPER OVERTAKING/PASSING,0,0,0,0,15,6,5,1121,CALIFORNIA AVE,41.893908,-87.581353,05/06/2022 03:55:00 PM,2022
CR00014354,03/19/2022 09:26:00 AM,30,RAIN,DARKNESS,REAR END,DIVIDED - W/MEDIAN (NOT RAISED),NO CONTROLS,IMPROPER OVERTAKING/PASSING,FOLLOWING TOO CLOSELY,0,0,0,0,9,7,3,140,DIVISION ST,41.945806,-87.838458,03/19/2022 11:13:00 AM,2022
CR00014355,07/06/2016 07:57:00 PM,15,RAIN,DARKNESS - LIGHTED ROAD,REAR END,ONE-WAY,TRAFFIC SIGNAL,DISTRACTION - FROM INSIDE VEHICLE,FAILING TO REDUCE SPEED,0,0,0,0,19,4,7,2043,ROOSEVELT RD,41.78563,-87.559985,07/06/2016 09:51:00 PM,2016
CR00014356,05/16/2015 08:12:00 PM,15,CLEAR,DAYLIGHT,REAR END,NOT DIVIDED,NO CONTROLS,UNABLE TO DETERMINE,IMPROPER LANE USAGE,0,0,0,0,20,7,5,925,CLARK ST,41.929117,-87.583513,05/16/2015 09:16:00 PM,2015
CR00014357,08/23/2021 04:42:00 PM,20,RAIN,DAYLIGHT,PARKED MOTOR VEHICLE,DIVIDED - W/MEDIAN (NOT RAISED),TRAFFIC SIGNAL,IMPROPER LANE USAGE,FAILING TO YIELD RIGHT-OF-WAY,0,0,0,0,16,2,8,1190,KEDZIE AVE,41.865612,-87.61752,08/23/2021 06:12:00 PM,2021
CR00014358,04/22/2018 08:47:00 PM,30,CLOUDY/OVERCAST,DARKNESS - LIGHTED ROAD,REAR END,NOT DIVIDED,STOP SIGN/FLASHER,DISREGARDING TRAFFIC SIGNALS,FAILING TO YIELD RIGHT-OF-WAY,0,0,1,1,20,1,4,665,ARCHER AVE,41.896096,-87.700123,04/22/2018 09:47:00 PM,2018
CR00014359,11/10/2018 03:30:00 PM,45,CLEAR,DUSK,TURNING,DIVIDED - W/MEDIAN BARRIER,NO CONTROLS,FAILING TO REDUCE SPEED,UNABLE TO DETERMINE,0,0,0,0,15,7,11,1155,79TH ST,41.771201,-87.559212,11/10/2018 03:46:00 PM,2018
CR00014360,11/18/2018 10:07:00 AM,25,CLEAR,DARKNESS - LIGHTED ROAD,REAR END,NOT DIVIDED,NO CONTROLS,DRIVING SKILLS/KNOWLEDGE/EXPERIENCE,FOLLOWING TOO CLOSELY,0,0,0,0,10,1,11,1731,CICERO AVE,41.99357,-87.651473,11/18/2018 11:43:00 AM,2018
CR00014361,08/30/2015 11:24:00 AM,30,CLEAR,DAYLIGHT,FIXED OBJECT,ONE-WAY,NO CONTROLS,FOLLOWING TOO CLOSELY,FAILING TO YIELD RIGHT-OF-WAY,0,0,0,0,11,1,8,2257,47TH ST,41.842688,-87.723308,08/30/2015 11:51:00 AM,2015
CR00014362,02/26/2015 01:46:00 PM,40,CLEAR,DAYLIGHT,PARKED MOTOR VEHICLE,FOUR WAY,NO CONTROLS,FOLLOWING TOO CLOSELY,FAILING TO YIELD RIGHT-OF-WAY,0,0,0,0,13,5,2,1015,DAMEN AVE,41.737181,-87.692096,02/26/2015 02:10:00 PM,2015
CR00014363,09/21/2019 05:18:00 PM,35,FOG/SMOKE/HAZE,DAYLIGHT,REAR TO FRONT,DIVIDED - W/MEDIAN BARRIER,UNKNOWN,FOLLOWING TOO CLOSELY,UNABLE TO DETERMINE,0,0,0,0,17,7,9,1968,OGDEN AVE,41.94118,-87.608317,09/21/2019 05:25:00 PM,2019
CR00014364,02/09/2020 01:58:00 AM,15,CLEAR,DAYLIGHT,ANGLE,ONE-WAY,UNKNOWN,FAILING TO YIELD RIGHT-OF-WAY,DRIVING SKILLS/KNOWLEDGE/EXPERIENCE,0,0,0,0,1,1,2,1122,DIVISION ST,41.748902,-87.845238,02/09/2020 03:26:00 AM,2020
CR00014365,11/13/2017 07:44:00 PM,30,RAIN,DUSK,REAR END,DIVIDED - W/MEDIAN (NOT RAISED),TRAFFIC SIGNAL,FAILING TO YIELD RIGHT-OF-WAY,DISREGARDING TRAFFIC SIGNALS,0,0,0,0,19,2,11,738,MILWAUKEE AVE,41.738042,-87.826135,11/13/2017 08:36:00 PM,2017
CR00014366,11/04/2021 04:29:00 PM,35,CLEAR,DAYLIGHT,TURNING,DIVIDED - W/MEDIAN (NOT RAISED),STOP SIGN/FLASHER,IMPROPER OVERTAKING/PASSING,FOLLOWING TOO CLOSELY,0,0,0,0,16,5,11,373,IRVING PARK RD,41.885693,-87.541765,11/04/2021 05:42:00 PM,2021
CR00014367,09/17/2019 07:35:00 AM,35,CLEAR,DARKNESS - LIGHTED ROAD,REAR END,NOT DIVIDED,NO CONTROLS,DISTRACTION - FROM INSIDE VEHICLE,FAILING TO YIELD RIGHT-OF-WAY,0,0,0,0,7,3,9,1432,CALIFORNIA AVE,41.950595,-87.639342,09/17/2019 09:09:00 AM,2019
CR00014368,04/17/2018 11:49:00 PM,30,CLEAR,DAYLIGHT,REAR END,FOUR WAY,NO CONTROLS,DRIVING SKILLS/KNOWLEDGE/EXPERIENCE,UNABLE TO DETERMINE,0,0,0,0,23,3,4,1615,DAMEN AVE,41.945037,-87.522746,04/18/2018 12:26:00 AM,2018
CR00014369,01/08/2023 03:49:00 PM,35,CLEAR,DAYLIGHT,REAR END,ONE-WAY,NO CONTROLS,FOLLOWING TOO CLOSELY,DISTRACTION - FROM INSIDE VEHICLE,0,0,0,0,15,1,1,773,FULLERTON AVE,41.94055,-87.74841,01/08/2023 04:34:00 PM,2023
CR00014370,01/25/2015 04:25:00 PM,20,SNOW,DAYLIGHT,REAR END,NOT DIVIDED,STOP SIGN/FLASHER,UNABLE TO DETERMINE,FOLLOWING TOO CLOSELY,0,1,2,3,16,1,1,680,MILWAUKEE AVE,41.806426,-87.590016,01/25/2015 04:31:00 PM,2015
CR00014371,11/07/2017 05:08:00 PM,15,FREEZING RAIN/DRIZZLE,DARKNESS - LIGHTED ROAD,SIDESWIPE SAME DIRECTION,NOT DIVIDED,STOP SIGN/FLASHER,WEATHER,FAILING TO YIELD RIGHT-OF-WAY,0,0,3,3,17,3,11,707,79TH ST,41.866735,-87.51503,11/07/2017 06:46:00 PM,2017
CR00014372,08/02/2024 10:32:00 AM,30,CLEAR,DAYLIGHT,ANGLE,NOT DIVIDED,TRAFFIC SIGNAL,UNABLE TO DETERMINE,FOLLOWING TOO CLOSELY,0,0,0,0,10,6,8,1070,LAKE SHORE DR,41.889597,-87.526471,08/02/2024 11:26:00 AM,2024
CR00014373,08/26/2016 03:44:00 PM,20,CLOUDY/OVERCAST,DARKNESS,PARKED MOTOR VEHICLE,DIVIDED - W/MEDIAN (NOT RAISED),NO CONTROLS,WEATHER,FAILING TO YIELD RIGHT-OF-WAY,0,0,0,0,15,6,8,1361,CLARK ST,41.988014,-87.632448,08/26/2016 05:40:00 PM,2016
CR00014374,08/26/2015 04:43:00 AM,35,CLEAR,DARKNESS - LIGHTED ROAD,ANGLE,NOT DIVIDED,UNKNOWN,FOLLOWING TOO CLOSELY,FOLLOWING TOO CLOSELY,0,0,0,0,4,4,8,117,ELSTON AVE,41.73818,-87.841683,08/26/2015 06:04:00 AM,2015
CR00014375,08/11/2017 04:34:00 PM,25,FREEZING RAIN/DRIZZLE,DUSK,TURNING,DIVIDED - W/MEDIAN (NOT RAISED),YIELD,UNABLE TO DETERMINE,IMPROPER OVERTAKING/PASSING,0,0,0,0,16,6,8,1131,FULLERTON AVE,41.964855,-87.737444,08/11/2017 05:15:00 PM,2017
CR00014376,11/02/2017 06:51:00 PM,40,RAIN,DAYLIGHT,SIDESWIPE SAME DIRECTION,FOUR WAY,NO CONTROLS,DRIVING SKILLS/KNOWLEDGE/EXPERIENCE,NOT APPLICABLE,0,0,1,1,18,5,11,1891,ARCHER AVE,41.945888,-87.790086,11/02/2017 07:34:00 PM,2017
CR00014377,04/04/2019 01:37:00 PM,40,CLEAR,DARKNESS - LIGHTED ROAD,FIXED OBJECT,DIVIDED - W/MEDIAN (NOT RAISED),UNKNOWN,IMPROPER LANE USAGE,UNABLE TO DETERMINE,0,0,0,0,13,5,4,763,WESTERN AVE,41.943174,-87.521274,04/04/2019 02:46:00 PM,2019
CR00014378,05/12/2016 04:27:00 AM,30,FOG/SMOKE/HAZE,DAYLIGHT,REAR END,NOT DIVIDED,YIELD,UNABLE TO DETERMINE,DRIVING SKILLS/KNOWLEDGE/EXPERIENCE,0,0,0,0,4,5,5,2371,ROOSEVELT RD,41.961011,-87.54923,05/12/2016 06:20:00 AM,2016
CR00014379,07/05/2016 06:07:00 PM,20,CLEAR,DAYLIGHT,TURNING,NOT DIVIDED,NO CONTROLS,FAILING TO REDUCE SPEED,UNABLE TO DETERMINE,0,0,2,2,18,3,7,1134,STATE ST,41.983321,-87.66768,07/05/2016 07:35:00 PM,2016
CR00014380,10/04/2022 07:19:00 PM,25,FREEZING RAIN/DRIZZLE,DARKNESS - LIGHTED ROAD,TURNING,ONE-WAY,STOP SIGN/FLASHER,DRIVING SKILLS/KNOWLEDGE/EXPERIENCE,FAILING TO REDUCE SPEED,0,0,0,0,19,3,10,311,79TH ST,41.958904,-87.771511,10/04/2022 09:15:00 PM,2022
CR00014381,02/22/2024 12:33:00 PM,45,CLEAR,DARKNESS - LIGHTED ROAD,TURNING,DIVIDED - W/MEDIAN (NOT RAISED),TRAFFIC SIGNAL,IMPROPER LANE USAGE,UNABLE TO DETERMINE,0,0,0,0,12,5,2,887,ASHLAND AVE,41.807328,-87.523561,02/22/2024 01:01:00 PM,2024
CR00014382,04/08/2018 07:20:00 PM,40,CLOUDY/OVERCAST,DAYLIGHT,PARKED MOTOR VEHICLE,ONE-WAY,STOP SIGN/FLASHER,UNABLE TO DETERMINE,UNABLE TO DETERMINE,0,1,1,2,19,1,4,2387,79TH ST,41.995618,-87.833183,04/08/2018 08:47:00 PM,2018
CR00014383,06/21/2018 09:03:00 AM,35,SNOW,DARKNESS - LIGHTED ROAD,TURNING,NOT DIVIDED,NO CONTROLS,FAILING TO REDUCE SPEED,FAILING TO YIELD RIGHT-OF-WAY,0,0,0,0,9,5,6,1119,OGDEN AVE,41.712853,-87.692102,06/21/2018 10:54:00 AM,2018
CR00014384,11/19/2015 11:19:00 AM,45,RAIN,DARKNESS - LIGHTED ROAD,REAR END,NOT DIVIDED,NO CONTROLS,FAILING TO REDUCE SPEED,NOT APPLICABLE,0,1,1,2,11,5,11,1883,ASHLAND AVE,41.730005,-87.783764,11/19/2015 01:17:00 PM,2015
CR00014385,03/09/2016 03:45:00 PM,30,CLEAR,DAYLIGHT,PARKED MOTOR VEHICLE,NOT DIVIDED,TRAFFIC SIGNAL,UNABLE TO DETERMINE,NOT APPLICABLE,0,0,0,0,15,4,3,681,DIVISION ST,41.705355,-87.505932,03/09/2016 05:14:00 PM,2016
CR00014386,07/25/2015 06:58:00 PM,40,CLEAR,DAYLIGHT,SIDESWIPE SAME DIRECTION,DIVIDED - W/MEDIAN BARRIER,NO CONTROLS,FAILING TO REDUCE SPEED,IMPROPER LANE USAGE,0,0,0,0,18,7,7,338,DIVISION ST,41.865967,-87.537202,07/25/2015 07:37:00 PM,2015
CR00014387,12/19/2015 03:44:00 AM,35,CLEAR,DAYLIGHT,PARKED MOTOR VEHICLE,DIVIDED - W/MEDIAN (NOT RAISED),TRAFFIC SIGNAL,FOLLOWING TOO CLOSELY,UNABLE TO DETERMINE,0,0,0,0,3,7,12,743,ASHLAND AVE,41.864829,-87.573111,12/19/2015 04:07:00 AM,2015
CR00014388,07/05/2016 01:25:00 PM,40,CLEAR,DAYLIGHT,PEDESTRIAN,ONE-WAY,NO CONTROLS,DRIVING SKILLS/KNOWLEDGE/EXPERIENCE,UNABLE TO DETERMINE,0,0,0,0,13,3,7,1058,STATE ST,41.795377,-87.507539,07/05/2016 02:35:00 PM,2016
CR00014389,11/11/2016 12:43:00 PM,20,CLEAR,DARKNESS,TURNING,NOT DIVIDED,UNKNOWN,FOLLOWING TOO CLOSELY,FAILING TO YIELD RIGHT-OF-WAY,0,0,0,0,12,6,11,1895,OGDEN AVE,41.896146,-87.845894,11/11/2016 01:07:00 PM,2016
CR00014390,07/25/2016 09:24:00 AM,35,CLEAR,DAYLIGHT,TURNING,ONE-WAY,NO CONTROLS,DISREGARDING TRAFFIC SIGNALS,FOLLOWING TOO CLOSELY,0,0,0,0,9,2,7,826,ARCHER AVE,41.741484,-87.672132,07/25/2016 11:06:00 AM,2016
CR00014391,04/05/2021 06:45:00 PM,20,CLEAR,DARKNESS - LIGHTED ROAD,PARKED MOTOR VEHICLE,NOT DIVIDED,NO CONTROLS,UNABLE TO DETERMINE,WEATHER,0,0,1,1,18,2,4,817,MILWAUKEE AVE,41.727168,-87.572477,04/05/2021 08:02:00 PM,2021
CR00014392,04/26/2018 11:21:00 PM,20,CLEAR,DAYLIGHT,ANGLE,NOT DIVIDED,STOP SIGN/FLASHER,UNABLE TO DETERMINE,UNABLE TO DETERMINE,0,0,0,0,23,5,4,1040,BROADWAY,41.830647,-87.784593,04/26/2018 11:31:00 PM,2018
CR00014393,07/24/2022 08:35:00 AM,25,CLEAR,DARKNESS,TURNING,DIVIDED - W/MEDIAN (NOT RAISED),YIELD,UNABLE TO DETERMINE,FAILING TO YIELD RIGHT-OF-WAY,0,0,0,0,8,1,7,2112,47TH ST,41.858407,-87.773317,07/24/2022 09:46:00 AM,2022
CR00014394,09/20/2018 05:38:00 PM,45,CLEAR,DAYLIGHT,SIDESWIPE SAME DIRECTION,NOT DIVIDED,TRAFFIC SIGNAL,FAILING TO REDUCE SPEED,NOT APPLICABLE,0,0,0,0,17,5,9,1976,IRVING PARK RD,41.869282,-87.550171,09/20/2018 07:09:00 PM,2018
CR00014395,04/12/2016 10:17:00 AM,35,CLEAR,DAYLIGHT,REAR END,DIVIDED - W/MEDIAN (NOT RAISED),YIELD,IMPROPER OVERTAKING/PASSING,FAILING TO REDUCE SPEED,0,2,3,5,10,3,4,205,DIVISION ST,41.992821,-87.56433,04/12/2016 11:18:00 AM,2016
CR00014396,12/22/2023 01:24:00 PM,30,CLEAR,DUSK,REAR END,DIVIDED - W/MEDIAN (NOT RAISED),UNKNOWN,FAILING TO YIELD RIGHT-OF-WAY,FAILING TO REDUCE SPEED,0,0,0,0,13,6,12,1925,ELSTON AVE,41.833972,-87.610665,12/22/2023 02:46:00 PM,2023
CR00014397,01/29/2024 03:07:00 PM,30,RAIN,DUSK,REAR END,DIVIDED - W/MEDIAN (NOT RAISED),YIELD,UNABLE TO DETERMINE,DISREGARDING TRAFFIC SIGNALS,0,0,0,0,15,2,1,2013,CICERO AVE,41.932334,-87.657123,01/29/2024 04:44:00 PM,2024
CR00014398,04/26/2023 02:15:00 PM,25,CLOUDY/OVERCAST,DAYLIGHT,TURNING,NOT DIVIDED,NO CONTROLS,FOLLOWING TOO CLOSELY,FOLLOWING TOO CLOSELY,0,0,0,0,14,4,4,2005,WESTERN AVE,41.832473,-87.66941,04/26/2023 03:00:00 PM,2023
CR00014399,06/20/2021 04:36:00 PM,25,CLEAR,DAYLIGHT,SIDESWIPE SAME DIRECTION,NOT DIVIDED,NO CONTROLS,DRIVING SKILLS/KNOWLEDGE/EXPERIENCE,UNABLE TO DETERMINE,0,1,1,2,16,1,6,2025,ROOSEVELT RD,41.902229,-87.627769,06/20/2021 06:22:00 PM,2021
CR00014400,04/23/2015 05:49:00 AM,30,CLEAR,DAYLIGHT,TURNING,FOUR WAY,UNKNOWN,IMPROPER OVERTAKING/PASSING,FAILING TO YIELD RIGHT-OF-WAY,0,0,3,3,5,5,4,1065,CICERO AVE,41.703302,-87.528057,04/23/2015 06:37:00 AM,2015
CR00014401,07/29/2020 01:18:00 PM,40,CLEAR,DAYLIGHT,ANGLE,FOUR WAY,TRAFFIC SIGNAL,FAILING TO REDUCE SPEED,FAILING TO REDUCE SPEED,0,0,0,0,13,4,7,886,OGDEN AVE,41.704048,-87.545655,07/29/2020 01:55:00 PM,2020
CR00014402,09/11/2024 07:11:00 PM,30,CLEAR,DUSK,TURNING,FOUR WAY,TRAFFIC SIGNAL,UNABLE TO DETERMINE,NOT APPLICABLE,0,0,0,0,19,4,9,1437,ASHLAND AVE,41.714008,-87.663283,09/11/2024 07:18:00 PM,2024
CR00014403,01/08/2021 07:17:00 AM,45,CLEAR,DAYLIGHT,REAR END,DIVIDED - W/MEDIAN (NOT RAISED),TRAFFIC SIGNAL,UNABLE TO DETERMINE,UNABLE TO DETERMINE,0,0,0,0,7,6,1,1130,ROOSEVELT RD,41.902133,-87.743164,01/08/2021 09:00:00 AM,2021
CR00014404,12/22/2021 08:47:00 PM,40,CLEAR,DARKNESS - LIGHTED ROAD,REAR END,DIVIDED - W/MEDIAN (NOT RAISED),YIELD,FOLLOWING TOO CLOSELY,UNABLE TO DETERMINE,0,0,0,0,20,4,12,1498,LAKE SHORE DR,41.794597,-87.548449,12/22/2021 09:42:00 PM,2021
CR00014405,03/14/2018 06:43:00 PM,40,FOG/SMOKE/HAZE,DAWN,REAR END,DIVIDED - W/MEDIAN (NOT RAISED),NO CONTROLS,UNABLE TO DETERMINE,DISREGARDING TRAFFIC SIGNALS,0,0,0,0,18,4,3,134,ARCHER AVE,41.926051,-87.805657,03/14/2018 07:41:00 PM,2018
CR00014406,12/11/2016 03:51:00 PM,20,SNOW,DAYLIGHT,TURNING,FOUR WAY,STOP SIGN/FLASHER,IMPROPER OVERTAKING/PASSING,UNABLE TO DETERMINE,0,1,3,4,15,1,12,228,ARCHER AVE,41.781092,-87.625927,12/11/2016 05:10:00 PM,2016
CR00014407,07/06/2015 12:44:00 PM,25,RAIN,DARKNESS - LIGHTED ROAD,REAR END,NOT DIVIDED,NO CONTROLS,FOLLOWING TOO CLOSELY,NOT APPLICABLE,0,1,1,2,12,2,7,2160,STATE ST,41.800485,-87.609964,07/06/2015 02:11:00 PM,2015
CR00014408,11/27/2024 04:10:00 PM,30,CLEAR,DAYLIGHT,TURNING,NOT DIVIDED,TRAFFIC SIGNAL,DISTRACTION - FROM INSIDE VEHICLE,IMPROPER LANE USAGE,0,0,0,0,16,4,11,1271,CICERO AVE,41.844269,-87.768183,11/27/2024 05:13:00 PM,2024
CR00014409,09/22/2024 07:05:00 AM,30,CLEAR,DAYLIGHT,REAR END,NOT DIVIDED,NO CONTROLS,UNABLE TO DETERMINE,DISTRACTION - FROM INSIDE VEHICLE,0,0,2,2,7,1,9,1178,ASHLAND AVE,41.861978,-87.637369,09/22/2024 07:57:00 AM,2024
CR00014410,08/03/2023 04:54:00 AM,35,CLEAR,DAYLIGHT,TURNING,NOT DIVIDED,NO CONTROLS,DRIVING SKILLS/KNOWLEDGE/EXPERIENCE,FAILING TO YIELD RIGHT-OF-WAY,0,0,0,0,4,5,8,1795,ROOSEVELT RD,41.897817,-87.608668,08/03/2023 05:17:00 AM,2023