CRASH_RECORD_ID,CRASH_DATE,POSTED_SPEED_LIMIT,WEATHER_CONDITION,LIGHTING_CONDITION,FIRST_CRASH_TYPE,TRAFFICWAY_TYPE,TRAFFIC_CONTROL_DEVICE,PRIM_CONTRIBUTORY_CAUSE,SEC_CONTRIBUTORY_CAUSE,INJURIES_FATAL,INJURIES_INCAPACITATING,INJURIES_NON_INCAPACITATING,INJURIES_TOTAL,CRASH_HOUR,CRASH_DAY_OF_WEEK,CRASH_MONTH,BEAT_OF_OCCURRENCE,STREET_NAME,LATITUDE,LONGITUDE,DATE_POLICE_NOTIFIED,year
CR00014411,11/28/2019 05:30:00 PM,30,RAIN,DAYLIGHT,REAR END,NOT DIVIDED,NO CONTROLS,FOLLOWING TOO CLOSELY,NOT APPLICABLE,0,0,0,0,17,5,11,1664,ROOSEVELT RD,41.732849,-87.586531,11/28/2019 07:06:00 PM,2019
CR00014412,03/08/2020 04:16:00 PM,35,CLEAR,DARKNESS,SIDESWIPE SAME DIRECTION,ONE-WAY,NO CONTROLS,UNABLE TO DETERMINE,IMPROPER LANE USAGE,0,0,0,0,16,1,3,1628,FULLERTON AVE,41.73734,-87.545252,03/08/2020 05:49:00 PM,2020
CR00014413,09/27/2023 06:46:00 AM,15,RAIN,DARKNESS,PARKED MOTOR VEHICLE,NOT DIVIDED,NO CONTROLS,DISREGARDING TRAFFIC SIGNALS,UNABLE TO DETERMINE,0,0,0,0,6,4,9,905,47TH ST,41.715596,-87.547618,09/27/2023 08:12:00 AM,2023
CR00014414,11/01/2020 11:06:00 AM,30,CLOUDY/OVERCAST,DARKNESS - LIGHTED ROAD,FIXED OBJECT,NOT DIVIDED,STOP SIGN/FLASHER,FAILING TO REDUCE SPEED,IMPROPER OVERTAKING/PASSING,0,0,0,0,11,1,11,2034,BROADWAY,41.749482,-87.682875,11/01/2020 11:09:00 AM,2020
CR00014415,05/18/2019 06:14:00 PM,30,SNOW,DAYLIGHT,ANGLE,DIVIDED - W/MEDIAN (NOT RAISED),NO CONTROLS,FAILING TO YIELD RIGHT-OF-WAY,FAILING TO YIELD RIGHT-OF-WAY,0,0,0,0,18,7,5,1771,FULLERTON AVE,41.823917,-87.709837,05/18/2019 07:23:00 PM,2019
CR00014416,06/03/2017 08:16:00 AM,30,CLEAR,DAYLIGHT,REAR END,NOT DIVIDED,STOP SIGN/FLASHER,UNABLE TO DETERMINE,UNABLE TO DETERMINE,0,0,0,0,8,7,6,967,FULLERTON AVE,41.841519,-87.803352,06/03/2017 09:37:00 AM,2017
CR00014417,10/23/2021 01:05:00 AM,15,CLEAR,DAYLIGHT,ANGLE,DIVIDED - W/MEDIAN BARRIER,NO CONTROLS,DISTRACTION - FROM INSIDE VEHICLE,FAILING TO YIELD RIGHT-OF-WAY,0,0,1,1,1,7,10,1156,BROADWAY,41.946491,-87.757107,10/23/2021 02:38:00 AM,2021
CR00014418,06/25/2023 05:01:00 PM,15,RAIN,DARKNESS - LIGHTED ROAD,TURNING,NOT DIVIDED,NO CONTROLS,UNABLE TO DETERMINE,FAILING TO YIELD RIGHT-OF-WAY,0,0,0,0,17,1,6,2016,HALSTED ST,41.755693,-87.512519,06/25/2023 06:33:00 PM,2023
CR00014419,02/06/2022 04:15:00 PM,15,RAIN,DAYLIGHT,SIDESWIPE SAME DIRECTION,DIVIDED - W/MEDIAN BARRIER,TRAFFIC SIGNAL,UNABLE TO DETERMINE,UNABLE TO DETERMINE,0,0,0,0,16,1,2,1136,FULLERTON AVE,41.751303,-87.53129,02/06/2022 05:39:00 PM,2022
CR00014420,11/17/2017 06:38:00 PM,45,CLEAR,DUSK,PARKED MOTOR VEHICLE,NOT DIVIDED,TRAFFIC SIGNAL,DRIVING SKILLS/KNOWLEDGE/EXPERIENCE,FAILING TO YIELD RIGHT-OF-WAY,0,0,1,1,18,6,11,1012,LAKE SHORE DR,41.80127,-87.814812,11/17/2017 08:20:00 PM,2017
CR00014421,01/31/2024 07:16:00 PM,35,CLOUDY/OVERCAST,DARKNESS - LIGHTED ROAD,FIXED OBJECT,NOT DIVIDED,STOP SIGN/FLASHER,FAILING TO YIELD RIGHT-OF-WAY,UNABLE TO DETERMINE,0,0,0,0,19,4,1,997,ARCHER AVE,41.806812,-87.509306,01/31/2024 09:15:00 PM,2024
CR00014422,07/11/2021 06:23:00 AM,15,RAIN,DAYLIGHT,TURNING,ONE-WAY,STOP SIGN/FLASHER,IMPROPER LANE USAGE,DRIVING SKILLS/KNOWLEDGE/EXPERIENCE,0,0,0,0,6,1,7,2233,CLARK ST,41.851929,-87.647901,07/11/2021 06:35:00 AM,2021
CR00014423,07/11/2020 01:46:00 AM,35,FOG/SMOKE/HAZE,DARKNESS - LIGHTED ROAD,REAR END,DIVIDED - W/MEDIAN BARRIER,UNKNOWN,IMPROPER LANE USAGE,DISREGARDING TRAFFIC SIGNALS,0,0,0,0,1,7,7,1342,FULLERTON AVE,41.972505,-87.574601,07/11/2020 01:55:00 AM,2020
CR00014424,05/22/2022 02:50:00 AM,15,CLEAR,DAYLIGHT,TURNING,NOT DIVIDED,STOP SIGN/FLASHER,IMPROPER OVERTAKING/PASSING,NOT APPLICABLE,0,0,0,0,2,1,5,1986,PULASKI RD,41.995065,-87.602273,05/22/2022 04:00:00 AM,2022
CR00014425,10/17/2015 03:50:00 PM,30,CLEAR,DAYLIGHT,SIDESWIPE SAME DIRECTION,ONE-WAY,TRAFFIC SIGNAL,DISREGARDING TRAFFIC SIGNALS,NOT APPLICABLE,0,0,0,0,15,7,10,612,DAMEN AVE,41.701834,-87.710978,10/17/2015 05:37:00 PM,2015
CR00014426,01/04/2019 05:46:00 AM,30,CLEAR,DAYLIGHT,TURNING,NOT DIVIDED,NO CONTROLS,FAILING TO YIELD RIGHT-OF-WAY,IMPROPER LANE USAGE,0,0,0,0,5,6,1,2055,CALIFORNIA AVE,41.865556,-87.757547,01/04/2019 07:38:00 AM,2019
CR00014427,11/14/2023 06:29:00 PM,20,CLEAR,DAYLIGHT,FIXED OBJECT,DIVIDED - W/MEDIAN BARRIER,TRAFFIC SIGNAL,UNABLE TO DETERMINE,FOLLOWING TOO CLOSELY,0,0,0,0,18,3,11,583,WESTERN AVE,41.705367,-87.758934,11/14/2023 07:10:00 PM,2023
CR00014428,12/21/2021 11:27:00 PM,30,SNOW,DAYLIGHT,ANGLE,DIVIDED - W/MEDIAN (NOT RAISED),STOP SIGN/FLASHER,UNABLE TO DETERMINE,FAILING TO REDUCE SPEED,0,0,0,0,23,3,12,1457,ROOSEVELT RD,41.80652,-87.668057,12/22/2021 01:17:00 AM,2021
CR00014429,01/06/2021 12:22:00 PM,25,RAIN,DAYLIGHT,SIDESWIPE SAME DIRECTION,ONE-WAY,TRAFFIC SIGNAL,IMPROPER LANE USAGE,UNABLE TO DETERMINE,0,0,0,0,12,4,1,1172,ELSTON AVE,41.883891,-87.687378,01/06/2021 12:53:00 PM,2021
CR00014430,11/24/2018 09:46:00 PM,25,CLEAR,DAYLIGHT,ANGLE,DIVIDED - W/MEDIAN (NOT RAISED),YIELD,UNABLE TO DETERMINE,FOLLOWING TOO CLOSELY,0,0,2,2,21,7,11,1226,ARCHER AVE,41.757061,-87.654293,11/24/2018 10:22:00 PM,2018
CR00014431,07/05/2019 03:10:00 PM,40,CLEAR,DAYLIGHT,SIDESWIPE SAME DIRECTION,NOT DIVIDED,TRAFFIC SIGNAL,DISTRACTION - FROM INSIDE VEHICLE,FAILING TO REDUCE SPEED,0,0,0,0,15,6,7,522,DAMEN AVE,41.993923,-87.782818,07/05/2019 04:41:00 PM,2019
CR00014432,08/30/2024 03:16:00 PM,45,CLEAR,DAYLIGHT,ANGLE,DIVIDED - W/MEDIAN (NOT RAISED),TRAFFIC SIGNAL,FOLLOWING TOO CLOSELY,NOT APPLICABLE,0,0,0,0,15,6,8,388,OGDEN AVE,41.789542,-87.610709,08/30/2024 04:36:00 PM,2024
CR00014433,11/02/2018 04:07:00 PM,40,SNOW,DUSK,REAR END,NOT DIVIDED,STOP SIGN/FLASHER,IMPROPER OVERTAKING/PASSING,DISTRACTION - FROM INSIDE VEHICLE,0,0,3,3,16,6,11,1785,DAMEN AVE,41.889928,-87.515373,11/02/2018 05:47:00 PM,2018
CR00014434,10/23/2016 04:44:00 PM,40,SNOW,DAYLIGHT,REAR END,DIVIDED - W/MEDIAN (NOT RAISED),NO CONTROLS,FOLLOWING TOO CLOSELY,UNABLE TO DETERMINE,0,0,0,0,16,1,10,1264,LAKE SHORE DR,41.797521,-87.786687,10/23/2016 05:24:00 PM,2016
CR00014435,10/27/2018 08:00:00 AM,20,CLEAR,DAYLIGHT,REAR END,T-INTERSECTION,NO CONTROLS,FOLLOWING TOO CLOSELY,UNABLE TO DETERMINE,0,0,0,0,8,7,10,1515,LAKE SHORE DR,41.828158,-87.765818,10/27/2018 08:33:00 AM,2018
CR00014436,05/29/2018 04:18:00 PM,30,CLEAR,DAYLIGHT,ANGLE,NOT DIVIDED,STOP SIGN/FLASHER,DRIVING SKILLS/KNOWLEDGE/EXPERIENCE,UNABLE TO DETERMINE,0,0,0,0,16,3,5,581,DIVISION ST,41.7704,-87.804478,05/29/2018 05:33:00 PM,2018
CR00014437,04/20/2015 03:31:00 PM,45,SNOW,DAYLIGHT,TURNING,ONE-WAY,STOP SIGN/FLASHER,FOLLOWING TOO CLOSELY,NOT APPLICABLE,0,0,0,0,15,2,4,739,DIVISION ST,41.878672,-87.835784,04/20/2015 03:42:00 PM,2015
CR00014438,05/07/2015 04:58:00 PM,25,CLEAR,DAYLIGHT,SIDESWIPE SAME DIRECTION,FOUR WAY,NO CONTROLS,IMPROPER LANE USAGE,DISTRACTION - FROM INSIDE VEHICLE,0,0,1,1,16,5,5,2107,MILWAUKEE AVE,41.971738,-87.584449,05/07/2015 05:31:00 PM,2015
CR00014439,05/14/2015 10:10:00 AM,20,CLEAR,DAYLIGHT,REAR END,NOT DIVIDED,TRAFFIC SIGNAL,FAILING TO REDUCE SPEED,DISTRACTION - FROM INSIDE VEHICLE,0,0,0,0,10,5,5,183,STATE ST,41.868771,-87.709711,05/14/2015 11:45:00 AM,2015
CR00014440,06/27/2015 04:48:00 PM,30,CLEAR,DARKNESS,SIDESWIPE SAME DIRECTION,DIVIDED - W/MEDIAN (NOT RAISED),TRAFFIC SIGNAL,DRIVING SKILLS/KNOWLEDGE/EXPERIENCE,FAILING TO YIELD RIGHT-OF-WAY,0,0,0,0,16,7,6,2322,47TH ST,41.82548,-87.669594,06/27/2015 06:32:00 PM,2015
CR00014441,03/03/2021 03:24:00 PM,25,FOG/SMOKE/HAZE,DAWN,TURNING,ONE-WAY,TRAFFIC SIGNAL,IMPROPER OVERTAKING/PASSING,UNABLE TO DETERMINE,0,1,1,2,15,4,3,1869,STONY ISLAND AVE,41.759892,-87.562957,03/03/2021 03:33:00 PM,2021
CR00014442,03/07/2023 03:26:00 PM,25,CLEAR,DARKNESS - LIGHTED ROAD,REAR END,NOT DIVIDED,TRAFFIC SIGNAL,FAILING TO YIELD RIGHT-OF-WAY,UNABLE TO DETERMINE,0,0,1,1,15,3,3,1749,OGDEN AVE,41.902052,-87.516574,03/07/2023 04:56:00 PM,2023
CR00014443,02/19/2020 12:00:00 AM,45,CLEAR,DARKNESS - LIGHTED ROAD,PARKED MOTOR VEHICLE,NOT DIVIDED,TRAFFIC SIGNAL,FAILING TO REDUCE SPEED,UNABLE TO DETERMINE,0,2,3,5,0,4,2,886,IRVING PARK RD,41.839778,-87.781087,02/19/2020 12:09:00 AM,2020
CR00014444,06/24/2024 04:13:00 PM,30,CLEAR,DARKNESS,SIDESWIPE SAME DIRECTION,DIVIDED - W/MEDIAN (NOT RAISED),NO CONTROLS,DRIVING SKILLS/KNOWLEDGE/EXPERIENCE,FAILING TO REDUCE SPEED,0,0,0,0,16,2,6,711,HALSTED ST,41.771875,-87.759628,06/24/2024 06:04:00 PM,2024
CR00014445,01/07/2015 01:42:00 PM,40,CLEAR,DARKNESS - LIGHTED ROAD,REAR END,NOT DIVIDED,TRAFFIC SIGNAL,UNABLE TO DETERMINE,FOLLOWING TOO CLOSELY,0,0,0,0,13,4,1,2098,ARCHER AVE,41.951201,-87.751982,01/07/2015 03:37:00 PM,2015
CR00014446,12/14/2018 05:51:00 PM,45,FREEZING RAIN/DRIZZLE,DAYLIGHT,FIXED OBJECT,DIVIDED - W/MEDIAN (NOT RAISED),NO CONTROLS,UNABLE TO DETERMINE,NOT APPLICABLE,0,0,0,0,17,6,12,2366,CALIFORNIA AVE,41.707142,-87.798193,12/14/2018 07:44:00 PM,2018
CR00014447,09/18/2020 11:50:00 AM,40,CLEAR,DARKNESS,REAR END,NOT DIVIDED,TRAFFIC SIGNAL,IMPROPER LANE USAGE,FOLLOWING TOO CLOSELY,0,0,0,0,11,6,9,1672,LAKE SHORE DR,41.949861,-87.620236,09/18/2020 12:50:00 PM,2020
CR00014448,10/21/2015 11:22:00 AM,25,SNOW,DAYLIGHT,REAR END,ONE-WAY,NO CONTROLS,FAILING TO YIELD RIGHT-OF-WAY,IMPROPER LANE USAGE,0,0,0,0,11,4,10,1042,WESTERN AVE,41.837187,-87.627472,10/21/2015 12:37:00 PM,2015
CR00014449,01/01/2019 03:26:00 PM,20,RAIN,DAYLIGHT,REAR TO FRONT,DIVIDED - W/MEDIAN (NOT RAISED),YIELD,FAILING TO YIELD RIGHT-OF-WAY,FAILING TO REDUCE SPEED,0,0,0,0,15,3,1,754,CICERO AVE,41.83857,-87.545263,01/01/2019 04:24:00 PM,2019
CR00014450,02/06/2016 09:24:00 AM,45,RAIN,DUSK,TURNING,NOT DIVIDED,TRAFFIC SIGNAL,DISTRACTION - FROM INSIDE VEHICLE,FOLLOWING TOO CLOSELY,0,0,0,0,9,7,2,1752,47TH ST,41.787084,-87.541169,02/06/2016 10:43:00 AM,2016
CR00014451,08/28/2017 09:16:00 AM,20,CLEAR,DAYLIGHT,SIDESWIPE SAME DIRECTION,DIVIDED - W/MEDIAN (NOT RAISED),TRAFFIC SIGNAL,UNABLE TO DETERMINE,FAILING TO YIELD RIGHT-OF-WAY,0,0,0,0,9,2,8,1464,ROOSEVELT RD,41.747207,-87.827731,08/28/2017 10:45:00 AM,2017
CR00014452,07/16/2023 05:40:00 PM,35,CLEAR,DAYLIGHT,REAR END,NOT DIVIDED,STOP SIGN/FLASHER,DISREGARDING TRAFFIC SIGNALS,FOLLOWING TOO CLOSELY,0,0,0,0,17,1,7,2411,PULASKI RD,41.778944,-87.678934,07/16/2023 07:35:00 PM,2023
CR00014453,04/22/2022 12:50:00 AM,40,CLEAR,DARKNESS - LIGHTED ROAD,PEDESTRIAN,NOT DIVIDED,TRAFFIC SIGNAL,UNABLE TO DETERMINE,NOT APPLICABLE,0,0,0,0,0,6,4,623,STATE ST,41.988126,-87.822239,04/22/2022 02:23:00 AM,2022
CR00014454,05/15/2019 05:55:00 PM,30,CLEAR,DAYLIGHT,TURNING,NOT DIVIDED,NO CONTROLS,DRIVING SKILLS/KNOWLEDGE/EXPERIENCE,DISTRACTION - FROM INSIDE VEHICLE,0,0,0,0,17,4,5,1360,DIVISION ST,41.831297,-87.670625,05/15/2019 07:49:00 PM,2019
CR00014455,03/27/2015 07:06:00 AM,45,CLEAR,DAYLIGHT,REAR END,DIVIDED - W/MEDIAN BARRIER,NO CONTROLS,UNABLE TO DETERMINE,DRIVING SKILLS/KNOWLEDGE/EXPERIENCE,0,0,0,0,7,6,3,1976,KEDZIE AVE,41.961687,-87.680956,03/27/2015 07:29:00 AM,2015
CR00014456,07/29/2022 07:18:00 AM,30,CLEAR,DARKNESS - LIGHTED ROAD,REAR END,NOT DIVIDED,NO CONTROLS,IMPROPER OVERTAKING/PASSING,NOT APPLICABLE,0,2,3,5,7,6,7,1792,IRVING PARK RD,41.771375,-87.582196,07/29/2022 07:25:00 AM,2022
CR00014457,08/06/2021 08:53:00 AM,45,FREEZING RAIN/DRIZZLE,DARKNESS - LIGHTED ROAD,ANGLE,DIVIDED - W/MEDIAN BARRIER,TRAFFIC SIGNAL,DISREGARDING TRAFFIC SIGNALS,NOT APPLICABLE,0,0,0,0,8,6,8,273,STATE ST,41.984554,-87.538639,08/06/2021 09:13:00 AM,2021
CR00014458,08/22/2021 02:20:00 PM,35,CLEAR,DAYLIGHT,SIDESWIPE SAME DIRECTION,NOT DIVIDED,STOP SIGN/FLASHER,UNABLE TO DETERMINE,FAILING TO YIELD RIGHT-OF-WAY,0,0,0,0,14,1,8,2397,CLARK ST,41.946916,-87.784544,08/22/2021 04:09:00 PM,2021
CR00014459,01/16/2023 02:51:00 PM,15,CLEAR,DARKNESS - LIGHTED ROAD,ANGLE,DIVIDED - W/MEDIAN BARRIER,TRAFFIC SIGNAL,UNABLE TO DETERMINE,NOT APPLICABLE,0,0,0,0,14,2,1,1539,47TH ST,41.850441,-87.721033,01/16/2023 03:26:00 PM,2023
CR00014460,05/02/2015 09:26:00 AM,20,FOG/SMOKE/HAZE,DARKNESS - LIGHTED ROAD,TURNING,NOT DIVIDED,NO CONTROLS,UNABLE TO DETERMINE,WEATHER,0,0,0,0,9,7,5,393,MICHIGAN AVE,41.882527,-87.720718,05/02/2015 09:31:00 AM,2015
CR00014461,12/24/2016 03:26:00 AM,20,RAIN,DAYLIGHT,FIXED OBJECT,T-INTERSECTION,TRAFFIC SIGNAL,UNABLE TO DETERMINE,UNABLE TO DETERMINE,0,0,1,1,3,7,12,1043,OGDEN AVE,41.904389,-87.710431,12/24/2016 05:06:00 AM,2016
CR00014462,02/14/2020 03:08:00 PM,30,CLEAR,DARKNESS - LIGHTED ROAD,ANGLE,DIVIDED - W/MEDIAN (NOT RAISED),UNKNOWN,UNABLE TO DETERMINE,FOLLOWING TOO CLOSELY,0,2,1,3,15,6,2,1669,HALSTED ST,41.891797,-87.702731,02/14/2020 03:59:00 PM,2020
CR00014463,02/11/2018 02:13:00 AM,40,CLEAR,DAYLIGHT,TURNING,NOT DIVIDED,TRAFFIC SIGNAL,UNABLE TO DETERMINE,NOT APPLICABLE,0,0,0,0,2,1,2,2519,ASHLAND AVE,41.849206,-87.735172,02/11/2018 03:25:00 AM,2018
CR00014464,06/23/2020 08:09:00 AM,35,CLEAR,DAYLIGHT,TURNING,NOT DIVIDED,TRAFFIC SIGNAL,UNABLE TO DETERMINE,FAILING TO YIELD RIGHT-OF-WAY,0,0,0,0,8,3,6,2049,ROOSEVELT RD,41.744936,-87.787054,06/23/2020 08:28:00 AM,2020
CR00014465,10/29/2023 06:55:00 PM,30,CLOUDY/OVERCAST,DAYLIGHT,TURNING,NOT DIVIDED,NO CONTROLS,IMPROPER LANE USAGE,FAILING TO YIELD RIGHT-OF-WAY,0,0,1,1,18,1,10,584,HALSTED ST,41.750134,-87.534712,10/29/2023 08:03:00 PM,2023
CR00014466,04/18/2020 08:22:00 PM,30,CLEAR,DARKNESS - LIGHTED ROAD,TURNING,ONE-WAY,STOP SIGN/FLASHER,UNABLE TO DETERMINE,UNABLE TO DETERMINE,0,0,0,0,20,7,4,944,STONY ISLAND AVE,41.967349,-87.738096,04/18/2020 10:07:00 PM,2020
CR00014467,07/22/2021 04:32:00 PM,20,CLEAR,DARKNESS,TURNING,ONE-WAY,NO CONTROLS,UNABLE TO DETERMINE,FAILING TO YIELD RIGHT-OF-WAY,0,0,0,0,16,5,7,840,PULASKI RD,41.706613,-87.822293,07/22/2021 05:23:00 PM,2021
CR00014468,06/06/2019 05:29:00 PM,15,CLEAR,DARKNESS - LIGHTED ROAD,REAR END,DIVIDED - W/MEDIAN (NOT RAISED),TRAFFIC SIGNAL,FOLLOWING TOO CLOSELY,DISTRACTION - FROM INSIDE VEHICLE,0,0,0,0,17,5,6,879,BROADWAY,41.715529,-87.795747,06/06/2019 07:27:00 PM,2019
CR00014469,04/24/2019 01:59:00 PM,45,CLEAR,DARKNESS,REAR TO FRONT,FOUR WAY,NO CONTROLS,UNABLE TO DETERMINE,UNABLE TO DETERMINE,0,0,0,0,13,4,4,1171,STATE ST,41.771551,-87.697434,04/24/2019 03:18:00 PM,2019
CR00014470,09/08/2020 01:56:00 PM,30,CLEAR,DUSK,REAR END,DIVIDED - W/MEDIAN (NOT RAISED),NO CONTROLS,FAILING TO REDUCE SPEED,NOT APPLICABLE,0,0,0,0,13,3,9,1184,KEDZIE AVE,41.987868,-87.769108,09/08/2020 03:54:00 PM,2020
CR00014471,12/10/2016 06:34:00 PM,30,CLEAR,DARKNESS,TURNING,NOT DIVIDED,NO CONTROLS,UNABLE TO DETERMINE,FAILING TO REDUCE SPEED,0,0,0,0,18,7,12,1819,LAKE SHORE DR,41.73408,-87.646545,12/10/2016 07:30:00 PM,2016
CR00014472,12/31/2015 12:37:00 PM,25,CLEAR,DARKNESS,REAR END,DIVIDED - W/MEDIAN BARRIER,TRAFFIC SIGNAL,IMPROPER LANE USAGE,IMPROPER LANE USAGE,0,0,1,1,12,5,12,2380,ASHLAND AVE,41.749914,-87.743243,12/31/2015 01:42:00 PM,2015
CR00014473,06/17/2023 10:28:00 AM,30,CLEAR,DAYLIGHT,ANGLE,NOT DIVIDED,NO CONTROLS,IMPROPER OVERTAKING/PASSING,NOT APPLICABLE,0,0,0,0,10,7,6,977,DAMEN AVE,41.994858,-87.846943,06/17/2023 10:39:00 AM,2023
CR00014474,02/17/2021 08:21:00 AM,45,SNOW,DAYLIGHT,SIDESWIPE SAME DIRECTION,NOT DIVIDED,UNKNOWN,DISREGARDING TRAFFIC SIGNALS,IMPROPER OVERTAKING/PASSING,0,2,1,3,8,4,2,1347,CALIFORNIA AVE,41.841529,-87.766819,02/17/2021 09:55:00 AM,2021
CR00014475,05/31/2019 03:36:00 PM,30,CLEAR,DAYLIGHT,TURNING,NOT DIVIDED,STOP SIGN/FLASHER,IMPROPER OVERTAKING/PASSING,NOT APPLICABLE,0,0,0,0,15,6,5,1656,OGDEN AVE,41.74811,-87.644371,05/31/2019 04:38:00 PM,2019
CR00014476,02/09/2017 09:48:00 PM,25,FREEZING RAIN/DRIZZLE,DUSK,TURNING,NOT DIVIDED,NO CONTROLS,UNABLE TO DETERMINE,FOLLOWING TOO CLOSELY,0,0,0,0,21,5,2,1839,63RD ST,41.776542,-87.577137,02/09/2017 10:22:00 PM,2017
CR00014477,06/19/2020 01:18:00 PM,30,CLEAR,DAWN,REAR END,NOT DIVIDED,NO CONTROLS,UNABLE TO DETERMINE,FAILING TO YIELD RIGHT-OF-WAY,0,0,0,0,13,6,6,1314,DIVISION ST,41.88474,-87.549113,06/19/2020 01:46:00 PM,2020
CR00014478,12/31/2023 06:36:00 PM,20,CLEAR,DAYLIGHT,SIDESWIPE SAME DIRECTION,NOT DIVIDED,TRAFFIC SIGNAL,UNABLE TO DETERMINE,FAILING TO YIELD RIGHT-OF-WAY,0,0,0,0,18,1,12,214,STATE ST,41.864386,-87.68823,12/31/2023 07:10:00 PM,2023
CR00014479,09/20/2023 08:46:00 AM,35,CLEAR,DAYLIGHT,ANGLE,NOT DIVIDED,TRAFFIC SIGNAL,FAILING TO YIELD RIGHT-OF-WAY,UNABLE TO DETERMINE,0,0,0,0,8,4,9,2226,47TH ST,41.947898,-87.622332,09/20/2023 09:32:00 AM,2023
CR00014480,05/28/2019 04:56:00 PM,15,CLEAR,DAWN,ANGLE,NOT DIVIDED,NO CONTROLS,IMPROPER LANE USAGE,DISTRACTION - FROM INSIDE VEHICLE,0,0,0,0,16,3,5,2210,47TH ST,41.710397,-87.717502,05/28/2019 05:00:00 PM,2019
CR00014481,09/30/2022 03:04:00 PM,30,CLEAR,DARKNESS - LIGHTED ROAD,SIDESWIPE SAME DIRECTION,DIVIDED - W/MEDIAN (NOT RAISED),TRAFFIC SIGNAL,UNABLE TO DETERMINE,FAILING TO YIELD RIGHT-OF-WAY,0,0,0,0,15,6,9,1774,MILWAUKEE AVE,41.983921,-87.621237,09/30/2022 03:11:00 PM,2022
CR00014482,12/14/2024 05:03:00 PM,25,CLEAR,DAYLIGHT,ANGLE,FOUR WAY,NO CONTROLS,FOLLOWING TOO CLOSELY,DISTRACTION - FROM INSIDE VEHICLE,0,0,0,0,17,7,12,1914,DAMEN AVE,41.8562,-87.613826,12/14/2024 05:34:00 PM,2024
CR00014483,02/02/2018 07:39:00 PM,30,CLEAR,DAYLIGHT,TURNING,NOT DIVIDED,NO CONTROLS,UNABLE TO DETERMINE,UNABLE TO DETERMINE,0,0,0,0,19,6,2,2081,63RD ST,41.899722,-87.712774,02/02/2018 07:47:00 PM,2018
CR00014484,04/04/2022 04:42:00 PM,20,CLEAR,DAYLIGHT,TURNING,NOT DIVIDED,TRAFFIC SIGNAL,DRIVING SKILLS/KNOWLEDGE/EXPERIENCE,FAILING TO YIELD RIGHT-OF-WAY,0,0,0,0,16,2,4,613,STONY ISLAND AVE,41.862905,-87.827817,04/04/2022 05:42:00 PM,2022
CR00014485,08/18/2016 01:16:00 AM,45,RAIN,DAYLIGHT,REAR END,ONE-WAY,NO CONTROLS,FAILING TO YIELD RIGHT-OF-WAY,FAILING TO REDUCE SPEED,0,0,0,0,1,5,8,2209,HALSTED ST,41.896554,-87.662566,08/18/2016 02:38:00 AM,2016
CR00014486,02/28/2018 12:34:00 PM,30,RAIN,DUSK,TURNING,FOUR WAY,NO CONTROLS,DISTRACTION - FROM INSIDE VEHICLE,NOT APPLICABLE,0,0,0,0,12,4,2,1765,DAMEN AVE,41.895187,-87.623746,02/28/2018 01:42:00 PM,2018
CR00014487,09/25/2023 04:57:00 PM,30,CLEAR,DARKNESS - LIGHTED ROAD,REAR END,NOT DIVIDED,NO CONTROLS,UNABLE TO DETERMINE,NOT APPLICABLE,0,0,1,1,16,2,9,178,LAKE SHORE DR,41.820429,-87.52162,09/25/2023 05:21:00 PM,2023
CR00014488,01/10/2016 11:57:00 AM,35,CLEAR,DARKNESS - LIGHTED ROAD,FIXED OBJECT,ONE-WAY,STOP SIGN/FLASHER,UNABLE TO DETERMINE,UNABLE TO DETERMINE,0,0,1,1,11,1,1,655,STATE ST,41.985733,-87.703145,01/10/2016 12:41:00 PM,2016
CR00014489,03/22/2023 01:04:00 AM,25,CLEAR,DARKNESS - LIGHTED ROAD,ANGLE,NOT DIVIDED,TRAFFIC SIGNAL,IMPROPER OVERTAKING/PASSING,UNABLE TO DETERMINE,0,0,0,0,1,4,3,2140,FULLERTON AVE,41.78579,-87.726042,03/22/2023 02:10:00 AM,2023
CR00014490,08/30/2018 07:44:00 AM,30,SNOW,DAYLIGHT,REAR TO FRONT,NOT DIVIDED,NO CONTROLS,DISTRACTION - FROM INSIDE VEHICLE,UNABLE TO DETERMINE,0,0,0,0,7,5,8,1218,BROADWAY,41.870866,-87.627291,08/30/2018 08:23:00 AM,2018
CR00014491,10/14/2015 05:16:00 PM,15,RAIN,DARKNESS - LIGHTED ROAD,REAR END,FOUR WAY,NO CONTROLS,UNABLE TO DETERMINE,DRIVING SKILLS/KNOWLEDGE/EXPERIENCE,0,0,0,0,17,4,10,2175,DAMEN AVE,41.843663,-87.565748,10/14/2015 06:21:00 PM,2015
CR00014492,10/01/2020 11:24:00 AM,15,SNOW,DARKNESS,PARKED MOTOR VEHICLE,DIVIDED - W/MEDIAN (NOT RAISED),UNKNOWN,DRIVING SKILLS/KNOWLEDGE/EXPERIENCE,IMPROPER OVERTAKING/PASSING,0,0,0,0,11,5,10,2283,ARCHER AVE,41.813059,-87.696295,10/01/2020 01:11:00 PM,2020
CR00014493,05/19/2017 07:10:00 AM,25,SNOW,DARKNESS,SIDESWIPE SAME DIRECTION,DIVIDED - W/MEDIAN (NOT RAISED),TRAFFIC SIGNAL,UNABLE TO DETERMINE,NOT APPLICABLE,0,0,0,0,7,6,5,588,47TH ST,41.976538,-87.782409,05/19/2017 08:29:00 AM,2017