CRASH_RECORD_ID,CRASH_DATE,POSTED_SPEED_LIMIT,WEATHER_CONDITION,LIGHTING_CONDITION,FIRST_CRASH_TYPE,TRAFFICWAY_TYPE,TRAFFIC_CONTROL_DEVICE,PRIM_CONTRIBUTORY_CAUSE,SEC_CONTRIBUTORY_CAUSE,INJURIES_FATAL,INJURIES_INCAPACITATING,INJURIES_NON_INCAPACITATING,INJURIES_TOTAL,CRASH_HOUR,CRASH_DAY_OF_WEEK,CRASH_MONTH,BEAT_OF_OCCURRENCE,STREET_NAME,LATITUDE,LONGITUDE,DATE_POLICE_NOTIFIED,year
CR00014494,11/07/2020 10:16:00 AM,30,CLEAR,DAYLIGHT,ANGLE,NOT DIVIDED,TRAFFIC SIGNAL,UNABLE TO DETERMINE,DISTRACTION - FROM INSIDE VEHICLE,0,0,0,0,10,7,11,1171,MILWAUKEE AVE,41.790953,-87.535879,11/07/2020 11:00:00 AM,2020
CR00014495,04/10/2015 07:53:00 PM,25,CLOUDY/OVERCAST,DARKNESS - LIGHTED ROAD,PARKED MOTOR VEHICLE,DIVIDED - W/MEDIAN (NOT RAISED),TRAFFIC SIGNAL,DRIVING SKILLS/KNOWLEDGE/EXPERIENCE,FAILING TO YIELD RIGHT-OF-WAY,0,0,0,0,19,6,4,1879,HALSTED ST,41.715547,-87.841643,04/10/2015 08:42:00 PM,2015
CR00014496,11/01/2022 01:33:00 PM,30,CLEAR,DAYLIGHT,REAR TO FRONT,NOT DIVIDED,NO CONTROLS,FAILING TO REDUCE SPEED,UNABLE TO DETERMINE,0,1,1,2,13,3,11,639,ROOSEVELT RD,41.939258,-87.754179,11/01/2022 01:40:00 PM,2022
CR00014497,08/11/2022 06:37:00 PM,45,CLOUDY/OVERCAST,DAYLIGHT,SIDESWIPE SAME DIRECTION,T-INTERSECTION,YIELD,UNABLE TO DETERMINE,IMPROPER LANE USAGE,0,0,0,0,18,5,8,1466,MICHIGAN AVE,41.965266,-87.715474,08/11/2022 07:16:00 PM,2022
CR00014498,04/26/2016 07:45:00 AM,30,CLEAR,DAYLIGHT,PARKED MOTOR VEHICLE,ONE-WAY,STOP SIGN/FLASHER,UNABLE TO DETERMINE,UNABLE TO DETERMINE,0,0,1,1,7,3,4,1227,CLARK ST,41.767353,-87.762047,04/26/2016 07:52:00 AM,2016
CR00014499,01/25/2020 06:16:00 PM,40,CLEAR,DAYLIGHT,REAR END,DIVIDED - W/MEDIAN BARRIER,STOP SIGN/FLASHER,UNABLE TO DETERMINE,FAILING TO YIELD RIGHT-OF-WAY,0,0,0,0,18,7,1,1620,ASHLAND AVE,41.805029,-87.624248,01/25/2020 06:45:00 PM,2020
CR00014500,07/11/2020 02:39:00 AM,35,SNOW,DAYLIGHT,PARKED MOTOR VEHICLE,NOT DIVIDED,NO CONTROLS,FOLLOWING TOO CLOSELY,DISREGARDING TRAFFIC SIGNALS,0,0,0,0,2,7,7,775,IRVING PARK RD,41.898242,-87.512179,07/11/2020 03:29:00 AM,2020
CR00014501,01/02/2022 11:19:00 AM,30,RAIN,DAWN,TURNING,FOUR WAY,YIELD,IMPROPER LANE USAGE,DISTRACTION - FROM INSIDE VEHICLE,0,0,0,0,11,1,1,298,CLARK ST,41.742681,-87.70742,01/02/2022 11:49:00 AM,2022
CR00014502,12/07/2016 06:59:00 PM,35,SNOW,DAYLIGHT,REAR END,DIVIDED - W/MEDIAN BARRIER,TRAFFIC SIGNAL,FOLLOWING TOO CLOSELY,FAILING TO REDUCE SPEED,0,0,0,0,18,4,12,851,OGDEN AVE,41.955593,-87.772823,12/07/2016 08:48:00 PM,2016
CR00014503,10/28/2024 07:54:00 AM,25,SNOW,DARKNESS - LIGHTED ROAD,SIDESWIPE SAME DIRECTION,DIVIDED - W/MEDIAN (NOT RAISED),TRAFFIC SIGNAL,UNABLE TO DETERMINE,UNABLE TO DETERMINE,0,0,0,0,7,2,10,997,WESTERN AVE,41.823193,-87.692873,10/28/2024 09:26:00 AM,2024
CR00014504,01/07/2024 02:39:00 PM,25,CLEAR,DAYLIGHT,REAR END,ONE-WAY,NO CONTROLS,FAILING TO REDUCE SPEED,DRIVING SKILLS/KNOWLEDGE/EXPERIENCE,0,0,0,0,14,1,1,742,CLARK ST,41.824217,-87.708999,01/07/2024 03:35:00 PM,2024
CR00014505,08/13/2018 03:08:00 PM,45,CLEAR,DAYLIGHT,ANGLE,NOT DIVIDED,TRAFFIC SIGNAL,DISTRACTION - FROM INSIDE VEHICLE,UNABLE TO DETERMINE,0,0,0,0,15,2,8,523,OGDEN AVE,41.728631,-87.684708,08/13/2018 04:21:00 PM,2018
CR00014506,06/27/2019 08:21:00 AM,35,CLEAR,DARKNESS - LIGHTED ROAD,SIDESWIPE SAME DIRECTION,NOT DIVIDED,STOP SIGN/FLASHER,IMPROPER LANE USAGE,DRIVING SKILLS/KNOWLEDGE/EXPERIENCE,0,0,0,0,8,5,6,1016,DAMEN AVE,41.777188,-87.804306,06/27/2019 08:49:00 AM,2019
CR00014507,12/30/2017 03:22:00 PM,15,CLOUDY/OVERCAST,DARKNESS - LIGHTED ROAD,REAR END,DIVIDED - W/MEDIAN BARRIER,TRAFFIC SIGNAL,DRIVING SKILLS/KNOWLEDGE/EXPERIENCE,DISTRACTION - FROM INSIDE VEHICLE,0,0,0,0,15,7,12,2078,MILWAUKEE AVE,41.849828,-87.500045,12/30/2017 03:26:00 PM,2017
CR00014508,06/13/2023 06:05:00 PM,30,RAIN,DARKNESS,REAR END,NOT DIVIDED,NO CONTROLS,IMPROPER LANE USAGE,UNABLE TO DETERMINE,0,0,0,0,18,3,6,1814,STONY ISLAND AVE,41.89991,-87.768622,06/13/2023 07:12:00 PM,2023
CR00014509,09/05/2024 03:58:00 AM,30,CLOUDY/OVERCAST,DARKNESS - LIGHTED ROAD,TURNING,NOT DIVIDED,NO CONTROLS,FAILING TO YIELD RIGHT-OF-WAY,FAILING TO YIELD RIGHT-OF-WAY,0,0,0,0,3,5,9,1431,HALSTED ST,41.749688,-87.548353,09/05/2024 05:45:00 AM,2024
CR00014510,09/27/2021 07:07:00 AM,35,CLEAR,DAYLIGHT,ANGLE,ONE-WAY,STOP SIGN/FLASHER,IMPROPER LANE USAGE,UNABLE TO DETERMINE,0,0,0,0,7,2,9,1886,CICERO AVE,41.905014,-87.691936,09/27/2021 08:19:00 AM,2021
CR00014511,05/05/2019 02:55:00 AM,30,CLEAR,DAYLIGHT,SIDESWIPE SAME DIRECTION,DIVIDED - W/MEDIAN (NOT RAISED),TRAFFIC SIGNAL,FOLLOWING TOO CLOSELY,FOLLOWING TOO CLOSELY,0,0,0,0,2,1,5,344,DIVISION ST,41.949046,-87.84374,05/05/2019 04:44:00 AM,2019
CR00014512,12/25/2017 10:01:00 AM,35,CLEAR,DAYLIGHT,REAR TO FRONT,NOT DIVIDED,STOP SIGN/FLASHER,IMPROPER OVERTAKING/PASSING,UNABLE TO DETERMINE,0,0,1,1,10,2,12,645,BROADWAY,41.809104,-87.562411,12/25/2017 10:16:00 AM,2017
CR00014513,11/11/2020 03:41:00 AM,15,CLEAR,DAYLIGHT,TURNING,DIVIDED - W/MEDIAN (NOT RAISED),STOP SIGN/FLASHER,FAILING TO REDUCE SPEED,FOLLOWING TOO CLOSELY,0,0,1,1,3,4,11,456,79TH ST,41.797927,-87.763392,11/11/2020 03:45:00 AM,2020
CR00014514,06/08/2016 09:11:00 AM,20,CLEAR,DARKNESS - LIGHTED ROAD,TURNING,DIVIDED - W/MEDIAN (NOT RAISED),NO CONTROLS,DRIVING SKILLS/KNOWLEDGE/EXPERIENCE,DISTRACTION - FROM INSIDE VEHICLE,0,1,1,2,9,4,6,1092,FULLERTON AVE,41.977181,-87.698764,06/08/2016 10:12:00 AM,2016
CR00014515,05/09/2022 04:56:00 PM,15,CLOUDY/OVERCAST,DARKNESS - LIGHTED ROAD,REAR END,DIVIDED - W/MEDIAN (NOT RAISED),NO CONTROLS,FOLLOWING TOO CLOSELY,NOT APPLICABLE,0,0,0,0,16,2,5,768,WESTERN AVE,41.732837,-87.592323,05/09/2022 06:55:00 PM,2022
CR00014516,05/18/2019 06:27:00 PM,30,RAIN,DUSK,REAR TO FRONT,NOT DIVIDED,NO CONTROLS,IMPROPER LANE USAGE,FOLLOWING TOO CLOSELY,0,0,0,0,18,7,5,2455,OGDEN AVE,41.779879,-87.511122,05/18/2019 08:11:00 PM,2019
CR00014517,05/22/2019 10:50:00 AM,30,CLOUDY/OVERCAST,DAYLIGHT,FIXED OBJECT,NOT DIVIDED,TRAFFIC SIGNAL,FAILING TO YIELD RIGHT-OF-WAY,UNABLE TO DETERMINE,0,0,0,0,10,4,5,1645,ROOSEVELT RD,41.917627,-87.558504,05/22/2019 12:16:00 PM,2019
CR00014518,09/06/2015 06:19:00 PM,30,CLEAR,DARKNESS,FIXED OBJECT,NOT DIVIDED,UNKNOWN,IMPROPER OVERTAKING/PASSING,FAILING TO YIELD RIGHT-OF-WAY,0,0,2,2,18,1,9,2238,STONY ISLAND AVE,41.88289,-87.838739,09/06/2015 07:37:00 PM,2015
CR00014519,10/22/2021 01:40:00 AM,25,CLEAR,DAYLIGHT,TURNING,DIVIDED - W/MEDIAN (NOT RAISED),PEDESTRIAN CROSSING SIGN,UNABLE TO DETERMINE,UNABLE TO DETERMINE,0,0,0,0,1,6,10,329,STONY ISLAND AVE,41.9603,-87.592607,10/22/2021 02:05:00 AM,2021
CR00014520,04/07/2016 04:11:00 PM,30,FOG/SMOKE/HAZE,DAYLIGHT,SIDESWIPE SAME DIRECTION,DIVIDED - W/MEDIAN BARRIER,STOP SIGN/FLASHER,UNABLE TO DETERMINE,DISREGARDING TRAFFIC SIGNALS,0,0,0,0,16,5,4,1986,63RD ST,41.999689,-87.687141,04/07/2016 06:02:00 PM,2016
CR00014521,07/15/2015 09:13:00 AM,20,CLEAR,DAYLIGHT,PARKED MOTOR VEHICLE,NOT DIVIDED,STOP SIGN/FLASHER,UNABLE TO DETERMINE,NOT APPLICABLE,0,0,0,0,9,4,7,1411,DIVISION ST,41.8342,-87.567098,07/15/2015 10:49:00 AM,2015
CR00014522,11/17/2023 11:05:00 PM,45,CLEAR,DAYLIGHT,PARKED MOTOR VEHICLE,NOT DIVIDED,TRAFFIC SIGNAL,FAILING TO YIELD RIGHT-OF-WAY,NOT APPLICABLE,0,0,0,0,23,6,11,1038,WESTERN AVE,41.867033,-87.678041,11/18/2023 12:24:00 AM,2023
CR00014523,04/12/2024 06:32:00 PM,15,CLEAR,DAYLIGHT,TURNING,NOT DIVIDED,NO CONTROLS,FOLLOWING TOO CLOSELY,IMPROPER OVERTAKING/PASSING,0,0,0,0,18,6,4,151,IRVING PARK RD,41.835511,-87.566104,04/12/2024 07:59:00 PM,2024
CR00014524,01/22/2024 04:44:00 PM,30,CLOUDY/OVERCAST,DAYLIGHT,SIDESWIPE SAME DIRECTION,NOT DIVIDED,NO CONTROLS,UNABLE TO DETERMINE,FOLLOWING TOO CLOSELY,0,0,0,0,16,2,1,1094,CLARK ST,41.920248,-87.749669,01/22/2024 04:56:00 PM,2024
CR00014525,11/27/2019 03:32:00 PM,25,CLEAR,DARKNESS,SIDESWIPE SAME DIRECTION,NOT DIVIDED,NO CONTROLS,UNABLE TO DETERMINE,NOT APPLICABLE,0,0,0,0,15,4,11,623,MILWAUKEE AVE,41.876963,-87.791883,11/27/2019 04:35:00 PM,2019
CR00014526,03/31/2015 03:51:00 PM,25,FREEZING RAIN/DRIZZLE,DAYLIGHT,SIDESWIPE SAME DIRECTION,NOT DIVIDED,STOP SIGN/FLASHER,FOLLOWING TOO CLOSELY,NOT APPLICABLE,0,0,0,0,15,3,3,1709,ROOSEVELT RD,41.786572,-87.676609,03/31/2015 04:06:00 PM,2015
CR00014527,05/04/2015 03:53:00 AM,35,CLEAR,DARKNESS - LIGHTED ROAD,ANGLE,DIVIDED - W/MEDIAN (NOT RAISED),TRAFFIC SIGNAL,UNABLE TO DETERMINE,NOT APPLICABLE,0,0,0,0,3,2,5,2486,OGDEN AVE,41.799215,-87.587127,05/04/2015 04:03:00 AM,2015
CR00014528,11/07/2021 12:05:00 AM,35,CLOUDY/OVERCAST,DARKNESS,ANGLE,NOT DIVIDED,TRAFFIC SIGNAL,DRIVING SKILLS/KNOWLEDGE/EXPERIENCE,UNABLE TO DETERMINE,0,0,1,1,0,1,11,1577,ROOSEVELT RD,41.735676,-87.676214,11/07/2021 01:42:00 AM,2021
CR00014529,01/25/2018 11:07:00 AM,20,CLEAR,DAYLIGHT,FIXED OBJECT,T-INTERSECTION,STOP SIGN/FLASHER,DRIVING SKILLS/KNOWLEDGE/EXPERIENCE,NOT APPLICABLE,0,0,0,0,11,5,1,426,ASHLAND AVE,41.790562,-87.550466,01/25/2018 11:57:00 AM,2018
CR00014530,03/06/2016 08:32:00 AM,35,CLEAR,DAYLIGHT,REAR END,ONE-WAY,TRAFFIC SIGNAL,FOLLOWING TOO CLOSELY,FAILING TO YIELD RIGHT-OF-WAY,0,0,0,0,8,1,3,388,ASHLAND AVE,41.983989,-87.834507,03/06/2016 09:33:00 AM,2016
CR00014531,05/20/2018 08:59:00 AM,45,CLEAR,DAYLIGHT,TURNING,NOT DIVIDED,TRAFFIC SIGNAL,UNABLE TO DETERMINE,DISTRACTION - FROM INSIDE VEHICLE,0,0,0,0,8,1,5,1147,63RD ST,41.794501,-87.693012,05/20/2018 10:43:00 AM,2018
CR00014532,06/01/2020 04:54:00 PM,30,CLEAR,DAYLIGHT,PEDESTRIAN,DIVIDED - W/MEDIAN BARRIER,TRAFFIC SIGNAL,DRIVING SKILLS/KNOWLEDGE/EXPERIENCE,UNABLE TO DETERMINE,0,0,0,0,16,2,6,2350,DAMEN AVE,41.98429,-87.508038,06/01/2020 06:09:00 PM,2020
CR00014533,03/29/2021 01:09:00 AM,40,CLOUDY/OVERCAST,DAYLIGHT,FIXED OBJECT,NOT DIVIDED,STOP SIGN/FLASHER,IMPROPER OVERTAKING/PASSING,FAILING TO YIELD RIGHT-OF-WAY,0,0,0,0,1,2,3,885,ASHLAND AVE,41.905528,-87.834641,03/29/2021 01:35:00 AM,2021
CR00014534,03/26/2020 01:59:00 AM,45,CLEAR,DAYLIGHT,REAR END,DIVIDED - W/MEDIAN (NOT RAISED),NO CONTROLS,FAILING TO REDUCE SPEED,NOT APPLICABLE,0,0,0,0,1,5,3,1546,STONY ISLAND AVE,41.895804,-87.803225,03/26/2020 03:07:00 AM,2020
CR00014535,01/15/2015 01:53:00 PM,45,FREEZING RAIN/DRIZZLE,DARKNESS - LIGHTED ROAD,REAR END,T-INTERSECTION,TRAFFIC SIGNAL,DISREGARDING TRAFFIC SIGNALS,NOT APPLICABLE,0,0,0,0,13,5,1,2270,IRVING PARK RD,41.783969,-87.576819,01/15/2015 03:07:00 PM,2015
CR00014536,03/25/2023 01:15:00 PM,30,FREEZING RAIN/DRIZZLE,DAYLIGHT,REAR END,DIVIDED - W/MEDIAN (NOT RAISED),STOP SIGN/FLASHER,UNABLE TO DETERMINE,IMPROPER LANE USAGE,0,0,0,0,13,7,3,698,OGDEN AVE,41.81651,-87.518636,03/25/2023 01:49:00 PM,2023
CR00014537,11/14/2023 02:36:00 PM,15,CLOUDY/OVERCAST,DARKNESS - LIGHTED ROAD,PARKED MOTOR VEHICLE,DIVIDED - W/MEDIAN (NOT RAISED),STOP SIGN/FLASHER,IMPROPER OVERTAKING/PASSING,FAILING TO YIELD RIGHT-OF-WAY,0,0,0,0,14,3,11,666,BROADWAY,41.79348,-87.841433,11/14/2023 03:19:00 PM,2023
CR00014538,03/25/2016 02:45:00 PM,15,CLEAR,DAYLIGHT,REAR TO FRONT,FOUR WAY,UNKNOWN,FAILING TO REDUCE SPEED,DISREGARDING TRAFFIC SIGNALS,0,0,1,1,14,6,3,470,47TH ST,41.985127,-87.505424,03/25/2016 04:40:00 PM,2016
CR00014539,06/22/2017 09:28:00 AM,30,SNOW,DARKNESS - LIGHTED ROAD,ANGLE,DIVIDED - W/MEDIAN BARRIER,TRAFFIC SIGNAL,IMPROPER LANE USAGE,WEATHER,0,0,0,0,9,5,6,156,LAKE SHORE DR,41.983439,-87.634736,06/22/2017 09:52:00 AM,2017
CR00014540,02/27/2016 01:13:00 PM,30,CLEAR,DARKNESS - LIGHTED ROAD,PEDESTRIAN,T-INTERSECTION,NO CONTROLS,DISREGARDING TRAFFIC SIGNALS,DRIVING SKILLS/KNOWLEDGE/EXPERIENCE,0,0,0,0,13,7,2,1422,FULLERTON AVE,41.740889,-87.791579,02/27/2016 02:38:00 PM,2016
CR00014541,10/26/2015 11:09:00 AM,25,CLEAR,DAYLIGHT,REAR END,DIVIDED - W/MEDIAN (NOT RAISED),STOP SIGN/FLASHER,DRIVING SKILLS/KNOWLEDGE/EXPERIENCE,WEATHER,0,0,1,1,11,2,10,2203,MILWAUKEE AVE,41.866908,-87.520222,10/26/2015 11:41:00 AM,2015
CR00014542,10/23/2020 08:54:00 PM,35,CLEAR,DARKNESS - LIGHTED ROAD,PARKED MOTOR VEHICLE,FOUR WAY,NO CONTROLS,FAILING TO REDUCE SPEED,NOT APPLICABLE,0,0,0,0,20,6,10,492,ELSTON AVE,41.921353,-87.596247,10/23/2020 10:41:00 PM,2020
CR00014543,05/24/2023 08:48:00 AM,40,SNOW,DAYLIGHT,TURNING,NOT DIVIDED,NO CONTROLS,DISTRACTION - FROM INSIDE VEHICLE,IMPROPER LANE USAGE,0,0,1,1,8,4,5,619,MICHIGAN AVE,41.775396,-87.663643,05/24/2023 10:40:00 AM,2023
CR00014544,06/26/2019 09:39:00 AM,15,CLEAR,DARKNESS - LIGHTED ROAD,REAR TO FRONT,DIVIDED - W/MEDIAN (NOT RAISED),NO CONTROLS,IMPROPER OVERTAKING/PASSING,DRIVING SKILLS/KNOWLEDGE/EXPERIENCE,0,0,0,0,9,4,6,441,BROADWAY,41.971037,-87.77193,06/26/2019 11:35:00 AM,2019
CR00014545,09/12/2023 05:02:00 PM,45,CLEAR,DARKNESS - LIGHTED ROAD,SIDESWIPE SAME DIRECTION,ONE-WAY,STOP SIGN/FLASHER,IMPROPER LANE USAGE,NOT APPLICABLE,0,0,0,0,17,3,9,1599,ASHLAND AVE,41.892812,-87.824472,09/12/2023 05:26:00 PM,2023
CR00014546,05/11/2015 07:00:00 PM,35,CLEAR,DAYLIGHT,FIXED OBJECT,NOT DIVIDED,NO CONTROLS,FAILING TO YIELD RIGHT-OF-WAY,NOT APPLICABLE,0,0,1,1,19,2,5,2330,DIVISION ST,41.783052,-87.500072,05/11/2015 07:49:00 PM,2015
CR00014547,06/18/2024 10:09:00 AM,30,CLEAR,DAYLIGHT,ANGLE,T-INTERSECTION,NO CONTROLS,DRIVING SKILLS/KNOWLEDGE/EXPERIENCE,NOT APPLICABLE,0,0,0,0,10,3,6,2259,ARCHER AVE,41.745695,-87.615278,06/18/2024 10:24:00 AM,2024
CR00014548,01/28/2020 08:21:00 PM,15,CLEAR,DAYLIGHT,REAR END,NOT DIVIDED,STOP SIGN/FLASHER,IMPROPER OVERTAKING/PASSING,FAILING TO YIELD RIGHT-OF-WAY,0,0,1,1,20,3,1,2527,63RD ST,41.722565,-87.831828,01/28/2020 08:27:00 PM,2020
CR00014549,02/19/2017 08:48:00 AM,20,RAIN,DARKNESS - LIGHTED ROAD,REAR END,ONE-WAY,TRAFFIC SIGNAL,FAILING TO YIELD RIGHT-OF-WAY,UNABLE TO DETERMINE,0,0,0,0,8,1,2,2183,BROADWAY,41.851032,-87.764873,02/19/2017 10:11:00 AM,2017
CR00014550,02/12/2023 01:27:00 PM,15,CLEAR,DAYLIGHT,TURNING,DIVIDED - W/MEDIAN (NOT RAISED),STOP SIGN/FLASHER,UNABLE TO DETERMINE,FOLLOWING TOO CLOSELY,0,0,0,0,13,1,2,1488,79TH ST,41.857491,-87.791682,02/12/2023 02:07:00 PM,2023
CR00014551,06/04/2024 07:57:00 AM,25,CLEAR,DAYLIGHT,TURNING,FOUR WAY,NO CONTROLS,FAILING TO YIELD RIGHT-OF-WAY,IMPROPER LANE USAGE,0,0,0,0,7,3,6,1217,ROOSEVELT RD,41.741085,-87.656077,06/04/2024 08:30:00 AM,2024
CR00014552,11/24/2024 03:46:00 PM,20,RAIN,DUSK,TURNING,DIVIDED - W/MEDIAN (NOT RAISED),TRAFFIC SIGNAL,IMPROPER LANE USAGE,DISREGARDING TRAFFIC SIGNALS,0,0,0,0,15,1,11,1716,ELSTON AVE,41.949538,-87.808959,11/24/2024 05:23:00 PM,2024
CR00014553,09/07/2021 08:45:00 AM,30,FOG/SMOKE/HAZE,DAYLIGHT,REAR END,ONE-WAY,NO CONTROLS,UNABLE TO DETERMINE,DISTRACTION - FROM INSIDE VEHICLE,0,0,0,0,8,3,9,2062,LAKE SHORE DR,41.751864,-87.618552,09/07/2021 09:51:00 AM,2021
CR00014554,05/14/2024 08:35:00 PM,35,CLEAR,DAYLIGHT,TURNING,DIVIDED - W/MEDIAN (NOT RAISED),NO CONTROLS,FAILING TO REDUCE SPEED,FOLLOWING TOO CLOSELY,0,1,2,3,20,3,5,2530,OGDEN AVE,41.823085,-87.532858,05/14/2024 09:24:00 PM,2024
CR00014555,09/04/2016 03:03:00 PM,25,CLEAR,DAYLIGHT,PARKED MOTOR VEHICLE,NOT DIVIDED,NO CONTROLS,UNABLE TO DETERMINE,FAILING TO YIELD RIGHT-OF-WAY,0,0,2,2,15,1,9,1335,ARCHER AVE,41.988642,-87.726355,09/04/2016 03:25:00 PM,2016
CR00014556,03/07/2015 02:33:00 PM,40,CLEAR,DAYLIGHT,REAR END,NOT DIVIDED,NO CONTROLS,FOLLOWING TOO CLOSELY,UNABLE TO DETERMINE,0,0,0,0,14,7,3,1396,ROOSEVELT RD,41.916768,-87.504108,03/07/2015 03:40:00 PM,2015
CR00014557,09/04/2021 02:41:00 PM,25,CLEAR,DARKNESS - LIGHTED ROAD,REAR TO FRONT,T-INTERSECTION,NO CONTROLS,UNABLE TO DETERMINE,IMPROPER LANE USAGE,0,0,0,0,14,7,9,2391,STONY ISLAND AVE,41.984302,-87.574317,09/04/2021 03:30:00 PM,2021
CR00014558,07/14/2024 10:31:00 AM,40,RAIN,DAYLIGHT,FIXED OBJECT,NOT DIVIDED,TRAFFIC SIGNAL,UNABLE TO DETERMINE,FAILING TO YIELD RIGHT-OF-WAY,0,0,0,0,10,1,7,2034,PULASKI RD,41.786227,-87.704219,07/14/2024 10:49:00 AM,2024
CR00014559,04/26/2022 08:49:00 PM,45,CLEAR,DAYLIGHT,TURNING,NOT DIVIDED,TRAFFIC SIGNAL,UNABLE TO DETERMINE,UNABLE TO DETERMINE,0,0,0,0,20,3,4,962,ASHLAND AVE,41.879703,-87.82582,04/26/2022 09:07:00 PM,2022
CR00014560,10/25/2018 03:41:00 PM,45,CLEAR,DAYLIGHT,ANGLE,DIVIDED - W/MEDIAN (NOT RAISED),NO CONTROLS,FAILING TO REDUCE SPEED,FOLLOWING TOO CLOSELY,0,0,0,0,15,5,10,614,MICHIGAN AVE,41.77722,-87.691153,10/25/2018 05:33:00 PM,2018
CR00014561,11/13/2023 07:22:00 PM,35,CLEAR,DARKNESS - LIGHTED ROAD,TURNING,T-INTERSECTION,NO CONTROLS,UNABLE TO DETERMINE,UNABLE TO DETERMINE,0,0,0,0,19,2,11,2527,STATE ST,41.89753,-87.787745,11/13/2023 08:21:00 PM,2023
CR00014562,05/20/2017 03:02:00 PM,45,CLEAR,DAYLIGHT,PARKED MOTOR VEHICLE,NOT DIVIDED,TRAFFIC SIGNAL,FOLLOWING TOO CLOSELY,DISTRACTION - FROM INSIDE VEHICLE,0,0,0,0,15,7,5,1199,WESTERN AVE,41.857277,-87.84625,05/20/2017 04:51:00 PM,2017
CR00014563,09/28/2019 01:35:00 PM,35,SNOW,DAYLIGHT,PARKED MOTOR VEHICLE,DIVIDED - W/MEDIAN BARRIER,STOP SIGN/FLASHER,IMPROPER OVERTAKING/PASSING,FAILING TO YIELD RIGHT-OF-WAY,0,0,0,0,13,7,9,1970,HALSTED ST,41.842344,-87.844569,09/28/2019 01:52:00 PM,2019
CR00014564,12/16/2018 07:46:00 AM,25,CLEAR,DARKNESS - LIGHTED ROAD,ANGLE,T-INTERSECTION,NO CONTROLS,UNABLE TO DETERMINE,DISREGARDING TRAFFIC SIGNALS,0,0,0,0,7,1,12,937,LAKE SHORE DR,41.977332,-87.615276,12/16/2018 08:24:00 AM,2018
CR00014565,07/06/2021 06:03:00 PM,35,RAIN,DAYLIGHT,REAR END,NOT DIVIDED,STOP SIGN/FLASHER,FOLLOWING TOO CLOSELY,DRIVING SKILLS/KNOWLEDGE/EXPERIENCE,0,0,0,0,18,3,7,1389,63RD ST,41.972019,-87.505923,07/06/2021 07:31:00 PM,2021
CR00014566,02/23/2022 12:11:00 PM,15,CLEAR,DUSK,TURNING,NOT DIVIDED,NO CONTROLS,DISTRACTION - FROM INSIDE VEHICLE,UNABLE TO DETERMINE,0,0,0,0,12,4,2,1110,ASHLAND AVE,41.929327,-87.645796,02/23/2022 12:39:00 PM,2022
CR00014567,03/29/2016 09:35:00 AM,20,CLEAR,DAYLIGHT,SIDESWIPE SAME DIRECTION,DIVIDED - W/MEDIAN (NOT RAISED),TRAFFIC SIGNAL,FOLLOWING TOO CLOSELY,NOT APPLICABLE,0,2,0,2,9,3,3,2072,STONY ISLAND AVE,41.939563,-87.736393,03/29/2016 11:27:00 AM,2016
CR00014568,04/07/2024 04:26:00 PM,35,RAIN,DAYLIGHT,ANGLE,FOUR WAY,NO CONTROLS,UNABLE TO DETERMINE,FAILING TO YIELD RIGHT-OF-WAY,0,0,0,0,16,1,4,432,CALIFORNIA AVE,41.725751,-87.542426,04/07/2024 05:47:00 PM,2024
CR00014569,03/06/2018 09:47:00 PM,40,CLEAR,DARKNESS,SIDESWIPE SAME DIRECTION,FOUR WAY,TRAFFIC SIGNAL,WEATHER,WEATHER,0,0,0,0,21,3,3,2247,MILWAUKEE AVE,41.984221,-87.741019,03/06/2018 11:46:00 PM,2018
CR00014570,06/25/2017 07:06:00 PM,30,CLEAR,DAYLIGHT,ANGLE,DIVIDED - W/MEDIAN (NOT RAISED),STOP SIGN/FLASHER,UNABLE TO DETERMINE,IMPROPER OVERTAKING/PASSING,0,0,0,0,19,1,6,674,CLARK ST,41.870327,-87.621633,06/25/2017 07:51:00 PM,2017
CR00014571,11/06/2018 06:11:00 PM,30,FOG/SMOKE/HAZE,DAYLIGHT,TURNING,NOT DIVIDED,STOP SIGN/FLASHER,FOLLOWING TOO CLOSELY,DISTRACTION - FROM INSIDE VEHICLE,0,0,0,0,18,3,11,2498,CLARK ST,41.968604,-87.597706,11/06/2018 06:54:00 PM,2018
CR00014572,08/19/2017 04:15:00 AM,15,CLEAR,DAYLIGHT,FIXED OBJECT,ONE-WAY,NO CONTROLS,IMPROPER OVERTAKING/PASSING,UNABLE TO DETERMINE,0,0,0,0,4,7,8,2028,HALSTED ST,41.917824,-87.585173,08/19/2017 05:00:00 AM,2017
CR00014573,10/06/2022 08:45:00 PM,30,RAIN,DAYLIGHT,PARKED MOTOR VEHICLE,DIVIDED - W/MEDIAN BARRIER,STOP SIGN/FLASHER,IMPROPER OVERTAKING/PASSING,UNABLE TO DETERMINE,0,0,0,0,20,5,10,2207,CALIFORNIA AVE,41.818418,-87.776462,10/06/2022 09:19:00 PM,2022
CR00014574,07/20/2023 04:35:00 PM,15,RAIN,DAYLIGHT,ANGLE,NOT DIVIDED,TRAFFIC SIGNAL,DISTRACTION - FROM INSIDE VEHICLE,IMPROPER LANE USAGE,0,0,0,0,16,5,7,1624,ELSTON AVE,41.89974,-87.679327,07/20/2023 05:36:00 PM,2023