CRASH_RECORD_ID,CRASH_DATE,POSTED_SPEED_LIMIT,WEATHER_CONDITION,LIGHTING_CONDITION,FIRST_CRASH_TYPE,TRAFFICWAY_TYPE,TRAFFIC_CONTROL_DEVICE,PRIM_CONTRIBUTORY_CAUSE,SEC_CONTRIBUTORY_CAUSE,INJURIES_FATAL,INJURIES_INCAPACITATING,INJURIES_NON_INCAPACITATING,INJURIES_TOTAL,CRASH_HOUR,CRASH_DAY_OF_WEEK,CRASH_MONTH,BEAT_OF_OCCURRENCE,STREET_NAME,LATITUDE,LONGITUDE,DATE_POLICE_NOTIFIED,year
CR00014575,06/14/2019 10:46:00 PM,35,CLEAR,DAYLIGHT,SIDESWIPE SAME DIRECTION,FOUR WAY,STOP SIGN/FLASHER,UNABLE TO DETERMINE,UNABLE TO DETERMINE,0,0,0,0,22,6,6,1680,CICERO AVE,41.793674,-87.61322,06/15/2019 12:38:00 AM,2019
CR00014576,07/16/2015 07:11:00 PM,35,CLEAR,DARKNESS,SIDESWIPE SAME DIRECTION,NOT DIVIDED,TRAFFIC SIGNAL,IMPROPER LANE USAGE,UNABLE TO DETERMINE,0,0,2,2,19,5,7,2153,ELSTON AVE,41.792946,-87.530439,07/16/2015 07:17:00 PM,2015
CR00014577,10/08/2015 09:17:00 AM,15,SNOW,DAYLIGHT,PARKED MOTOR VEHICLE,DIVIDED - W/MEDIAN BARRIER,TRAFFIC SIGNAL,UNABLE TO DETERMINE,DRIVING SKILLS/KNOWLEDGE/EXPERIENCE,0,0,1,1,9,5,10,2354,79TH ST,41.785916,-87.520834,10/08/2015 11:00:00 AM,2015
CR00014578,12/04/2018 12:56:00 PM,45,RAIN,DARKNESS,ANGLE,NOT DIVIDED,STOP SIGN/FLASHER,UNABLE TO DETERMINE,FOLLOWING TOO CLOSELY,0,0,0,0,12,3,12,1115,CLARK ST,41.795062,-87.735447,12/04/2018 01:11:00 PM,2018
CR00014579,01/28/2016 05:46:00 AM,45,CLEAR,DAYLIGHT,REAR END,NOT DIVIDED,TRAFFIC SIGNAL,IMPROPER LANE USAGE,FAILING TO YIELD RIGHT-OF-WAY,0,0,3,3,5,5,1,1112,KEDZIE AVE,41.867123,-87.742916,01/28/2016 06:01:00 AM,2016
CR00014580,09/16/2016 02:48:00 PM,25,RAIN,DAYLIGHT,REAR END,NOT DIVIDED,NO CONTROLS,UNABLE TO DETERMINE,FAILING TO YIELD RIGHT-OF-WAY,0,0,0,0,14,6,9,2193,FULLERTON AVE,41.768596,-87.581746,09/16/2016 04:45:00 PM,2016
CR00014581,04/25/2015 09:08:00 AM,20,CLEAR,DARKNESS - LIGHTED ROAD,FIXED OBJECT,DIVIDED - W/MEDIAN BARRIER,STOP SIGN/FLASHER,UNABLE TO DETERMINE,DRIVING SKILLS/KNOWLEDGE/EXPERIENCE,0,0,0,0,9,7,4,1964,IRVING PARK RD,41.736806,-87.763317,04/25/2015 10:29:00 AM,2015
CR00014582,01/16/2019 09:48:00 AM,45,CLEAR,DAYLIGHT,ANGLE,FOUR WAY,YIELD,DISTRACTION - FROM INSIDE VEHICLE,IMPROPER LANE USAGE,0,0,0,0,9,4,1,1299,DIVISION ST,41.792642,-87.665624,01/16/2019 10:52:00 AM,2019
CR00014583,05/26/2021 05:15:00 PM,30,CLOUDY/OVERCAST,DAYLIGHT,REAR END,NOT DIVIDED,TRAFFIC SIGNAL,FOLLOWING TOO CLOSELY,FOLLOWING TOO CLOSELY,0,0,0,0,17,4,5,1641,ASHLAND AVE,41.974236,-87.639521,05/26/2021 05:53:00 PM,2021
CR00014584,03/31/2021 11:20:00 AM,30,CLEAR,DAYLIGHT,FIXED OBJECT,NOT DIVIDED,NO CONTROLS,DRIVING SKILLS/KNOWLEDGE/EXPERIENCE,NOT APPLICABLE,0,0,0,0,11,4,3,1262,LAKE SHORE DR,41.858539,-87.665031,03/31/2021 12:18:00 PM,2021
CR00014585,11/24/2024 08:26:00 AM,40,CLEAR,DAYLIGHT,TURNING,DIVIDED - W/MEDIAN (NOT RAISED),TRAFFIC SIGNAL,FAILING TO REDUCE SPEED,IMPROPER LANE USAGE,0,0,0,0,8,1,11,2166,DAMEN AVE,41.972284,-87.686809,11/24/2024 09:45:00 AM,2024
CR00014586,09/21/2019 12:09:00 PM,30,FOG/SMOKE/HAZE,DARKNESS - LIGHTED ROAD,PEDESTRIAN,DIVIDED - W/MEDIAN BARRIER,NO CONTROLS,UNABLE TO DETERMINE,UNABLE TO DETERMINE,0,0,0,0,12,7,9,1708,LAKE SHORE DR,41.8679,-87.580441,09/21/2019 01:13:00 PM,2019
CR00014587,12/08/2017 07:48:00 PM,30,CLEAR,DAYLIGHT,REAR END,NOT DIVIDED,NO CONTROLS,FAILING TO REDUCE SPEED,NOT APPLICABLE,0,0,0,0,19,6,12,1138,BROADWAY,41.990738,-87.662886,12/08/2017 08:22:00 PM,2017
CR00014588,01/12/2015 12:53:00 PM,15,FREEZING RAIN/DRIZZLE,DAYLIGHT,REAR TO FRONT,DIVIDED - W/MEDIAN (NOT RAISED),NO CONTROLS,UNABLE TO DETERMINE,FOLLOWING TOO CLOSELY,0,0,0,0,12,2,1,565,ELSTON AVE,41.948752,-87.757628,01/12/2015 01:46:00 PM,2015
CR00014589,03/17/2022 02:25:00 PM,35,CLEAR,DAYLIGHT,FIXED OBJECT,DIVIDED - W/MEDIAN (NOT RAISED),NO CONTROLS,DISTRACTION - FROM INSIDE VEHICLE,DISREGARDING TRAFFIC SIGNALS,0,0,0,0,14,5,3,571,ELSTON AVE,41.861324,-87.689247,03/17/2022 02:55:00 PM,2022
CR00014590,08/24/2021 04:23:00 PM,45,RAIN,DAYLIGHT,PARKED MOTOR VEHICLE,NOT DIVIDED,NO CONTROLS,DRIVING SKILLS/KNOWLEDGE/EXPERIENCE,DISREGARDING TRAFFIC SIGNALS,0,0,0,0,16,3,8,646,DAMEN AVE,41.858041,-87.729382,08/24/2021 05:35:00 PM,2021
CR00014591,10/21/2022 09:30:00 PM,35,RAIN,DAYLIGHT,SIDESWIPE SAME DIRECTION,NOT DIVIDED,NO CONTROLS,FAILING TO YIELD RIGHT-OF-WAY,FAILING TO YIELD RIGHT-OF-WAY,0,0,0,0,21,6,10,1781,ARCHER AVE,41.825707,-87.816295,10/21/2022 09:37:00 PM,2022
CR00014592,05/27/2017 07:14:00 AM,35,CLEAR,DAYLIGHT,PARKED MOTOR VEHICLE,DIVIDED - W/MEDIAN (NOT RAISED),STOP SIGN/FLASHER,FAILING TO YIELD RIGHT-OF-WAY,DRIVING SKILLS/KNOWLEDGE/EXPERIENCE,0,0,0,0,7,7,5,504,LAKE SHORE DR,41.787448,-87.815456,05/27/2017 09:09:00 AM,2017
CR00014593,01/29/2019 11:16:00 PM,30,RAIN,DUSK,REAR END,NOT DIVIDED,NO CONTROLS,DISTRACTION - FROM INSIDE VEHICLE,FOLLOWING TOO CLOSELY,0,0,0,0,23,3,1,404,DIVISION ST,41.993917,-87.642394,01/30/2019 12:12:00 AM,2019
CR00014594,03/27/2015 04:55:00 PM,20,CLEAR,DAYLIGHT,REAR END,NOT DIVIDED,TRAFFIC SIGNAL,FAILING TO YIELD RIGHT-OF-WAY,UNABLE TO DETERMINE,0,0,0,0,16,6,3,480,ASHLAND AVE,41.87108,-87.6909,03/27/2015 05:10:00 PM,2015
CR00014595,04/30/2022 09:44:00 AM,45,CLEAR,DAWN,SIDESWIPE SAME DIRECTION,NOT DIVIDED,TRAFFIC SIGNAL,FOLLOWING TOO CLOSELY,DISREGARDING TRAFFIC SIGNALS,0,0,0,0,9,7,4,1005,STATE ST,41.786148,-87.595677,04/30/2022 11:39:00 AM,2022
CR00014596,10/11/2023 06:08:00 PM,40,CLEAR,DAYLIGHT,PEDESTRIAN,NOT DIVIDED,STOP SIGN/FLASHER,FAILING TO REDUCE SPEED,FAILING TO YIELD RIGHT-OF-WAY,0,0,0,0,18,4,10,930,STONY ISLAND AVE,41.936044,-87.598187,10/11/2023 07:11:00 PM,2023
CR00014597,02/27/2015 03:03:00 PM,30,RAIN,DARKNESS - LIGHTED ROAD,REAR END,FOUR WAY,TRAFFIC SIGNAL,IMPROPER OVERTAKING/PASSING,IMPROPER OVERTAKING/PASSING,0,0,0,0,15,6,2,1134,DIVISION ST,41.79135,-87.573459,02/27/2015 04:44:00 PM,2015
CR00014598,11/26/2019 07:26:00 PM,45,FOG/SMOKE/HAZE,DAYLIGHT,PARKED MOTOR VEHICLE,T-INTERSECTION,NO CONTROLS,UNABLE TO DETERMINE,IMPROPER LANE USAGE,0,0,0,0,19,3,11,321,BROADWAY,41.702115,-87.599893,11/26/2019 09:17:00 PM,2019
CR00014599,01/22/2023 05:03:00 PM,30,CLEAR,DARKNESS - LIGHTED ROAD,PARKED MOTOR VEHICLE,NOT DIVIDED,NO CONTROLS,UNABLE TO DETERMINE,IMPROPER LANE USAGE,0,0,0,0,17,1,1,1389,BROADWAY,41.798493,-87.674832,01/22/2023 05:11:00 PM,2023
CR00014600,02/25/2024 11:45:00 AM,25,CLEAR,DARKNESS - LIGHTED ROAD,PARKED MOTOR VEHICLE,ONE-WAY,UNKNOWN,DISTRACTION - FROM INSIDE VEHICLE,NOT APPLICABLE,0,0,0,0,11,1,2,682,OGDEN AVE,41.978396,-87.590258,02/25/2024 12:05:00 PM,2024
CR00014601,05/26/2022 02:12:00 AM,15,CLEAR,DAYLIGHT,ANGLE,ONE-WAY,TRAFFIC SIGNAL,UNABLE TO DETERMINE,IMPROPER OVERTAKING/PASSING,0,0,0,0,2,5,5,679,ARCHER AVE,41.983966,-87.541404,05/26/2022 03:33:00 AM,2022
CR00014602,10/25/2024 01:20:00 AM,30,CLEAR,DARKNESS - LIGHTED ROAD,TURNING,ONE-WAY,TRAFFIC SIGNAL,UNABLE TO DETERMINE,FAILING TO YIELD RIGHT-OF-WAY,0,0,0,0,1,6,10,801,WESTERN AVE,41.795587,-87.645941,10/25/2024 01:54:00 AM,2024
CR00014603,11/06/2019 12:10:00 AM,45,CLEAR,DAYLIGHT,REAR TO FRONT,NOT DIVIDED,STOP SIGN/FLASHER,FAILING TO YIELD RIGHT-OF-WAY,UNABLE TO DETERMINE,0,0,0,0,0,4,11,151,STONY ISLAND AVE,41.778371,-87.709932,11/06/2019 01:49:00 AM,2019
CR00014604,11/25/2018 10:40:00 PM,35,CLEAR,DAYLIGHT,TURNING,DIVIDED - W/MEDIAN (NOT RAISED),UNKNOWN,UNABLE TO DETERMINE,NOT APPLICABLE,0,0,1,1,22,1,11,685,DAMEN AVE,41.813592,-87.564573,11/26/2018 12:36:00 AM,2018
CR00014605,12/28/2019 05:19:00 PM,30,CLEAR,DARKNESS,TURNING,NOT DIVIDED,TRAFFIC SIGNAL,FOLLOWING TOO CLOSELY,IMPROPER OVERTAKING/PASSING,0,0,0,0,17,7,12,1370,BROADWAY,41.833362,-87.540216,12/28/2019 05:45:00 PM,2019
CR00014606,02/12/2016 06:51:00 PM,30,CLEAR,DAYLIGHT,REAR TO FRONT,T-INTERSECTION,STOP SIGN/FLASHER,DISTRACTION - FROM INSIDE VEHICLE,DISTRACTION - FROM INSIDE VEHICLE,0,0,1,1,18,6,2,366,DIVISION ST,41.842441,-87.604568,02/12/2016 07:33:00 PM,2016
CR00014607,04/08/2024 04:47:00 PM,30,RAIN,DARKNESS - LIGHTED ROAD,FIXED OBJECT,ONE-WAY,NO CONTROLS,IMPROPER LANE USAGE,UNABLE TO DETERMINE,0,0,1,1,16,2,4,2368,ARCHER AVE,41.895412,-87.625379,04/08/2024 05:22:00 PM,2024
CR00014608,03/10/2022 11:17:00 AM,15,CLEAR,DAYLIGHT,ANGLE,ONE-WAY,UNKNOWN,DISREGARDING TRAFFIC SIGNALS,FOLLOWING TOO CLOSELY,0,0,1,1,11,5,3,111,63RD ST,41.865205,-87.749522,03/10/2022 11:23:00 AM,2022
CR00014609,09/05/2021 02:49:00 PM,30,CLEAR,DARKNESS - LIGHTED ROAD,TURNING,DIVIDED - W/MEDIAN BARRIER,TRAFFIC SIGNAL,FAILING TO YIELD RIGHT-OF-WAY,IMPROPER OVERTAKING/PASSING,0,0,0,0,14,1,9,1134,OGDEN AVE,41.996289,-87.637677,09/05/2021 04:28:00 PM,2021
CR00014610,03/20/2024 12:26:00 PM,45,CLEAR,DARKNESS - LIGHTED ROAD,REAR END,NOT DIVIDED,NO CONTROLS,DISTRACTION - FROM INSIDE VEHICLE,IMPROPER LANE USAGE,0,0,0,0,12,4,3,733,79TH ST,41.809168,-87.542685,03/20/2024 02:04:00 PM,2024
CR00014611,08/31/2020 08:09:00 AM,35,CLEAR,DAYLIGHT,REAR END,NOT DIVIDED,STOP SIGN/FLASHER,DISREGARDING TRAFFIC SIGNALS,FOLLOWING TOO CLOSELY,0,0,0,0,8,2,8,2078,ELSTON AVE,41.780649,-87.550398,08/31/2020 08:45:00 AM,2020
CR00014612,10/08/2024 02:56:00 AM,30,CLEAR,DAWN,SIDESWIPE SAME DIRECTION,ONE-WAY,NO CONTROLS,UNABLE TO DETERMINE,UNABLE TO DETERMINE,0,0,0,0,2,3,10,909,STONY ISLAND AVE,41.917982,-87.567287,10/08/2024 03:29:00 AM,2024
CR00014613,09/05/2020 03:40:00 PM,15,CLEAR,DAYLIGHT,REAR END,DIVIDED - W/MEDIAN (NOT RAISED),TRAFFIC SIGNAL,IMPROPER OVERTAKING/PASSING,UNABLE TO DETERMINE,0,0,1,1,15,7,9,849,LAKE SHORE DR,41.845814,-87.760745,09/05/2020 05:34:00 PM,2020
CR00014614,01/30/2023 09:35:00 PM,40,CLEAR,DAYLIGHT,TURNING,FOUR WAY,NO CONTROLS,IMPROPER OVERTAKING/PASSING,FAILING TO YIELD RIGHT-OF-WAY,0,0,0,0,21,2,1,1722,MICHIGAN AVE,41.728181,-87.621627,01/30/2023 10:50:00 PM,2023
CR00014615,09/04/2023 05:26:00 PM,25,CLEAR,DARKNESS - LIGHTED ROAD,PARKED MOTOR VEHICLE,ONE-WAY,NO CONTROLS,UNABLE TO DETERMINE,IMPROPER LANE USAGE,0,0,1,1,17,2,9,922,PULASKI RD,41.946995,-87.661752,09/04/2023 07:18:00 PM,2023
CR00014616,10/18/2019 07:01:00 AM,30,CLEAR,DAYLIGHT,ANGLE,DIVIDED - W/MEDIAN BARRIER,NO CONTROLS,FAILING TO YIELD RIGHT-OF-WAY,NOT APPLICABLE,0,0,0,0,7,6,10,2410,47TH ST,41.815226,-87.517719,10/18/2019 08:49:00 AM,2019
CR00014617,08/15/2016 01:35:00 PM,30,CLEAR,DARKNESS,REAR END,DIVIDED - W/MEDIAN BARRIER,TRAFFIC SIGNAL,IMPROPER OVERTAKING/PASSING,UNABLE TO DETERMINE,0,0,0,0,13,2,8,1657,HALSTED ST,41.931968,-87.747377,08/15/2016 02:31:00 PM,2016
CR00014618,05/22/2024 06:49:00 PM,30,CLEAR,DARKNESS - LIGHTED ROAD,REAR TO FRONT,DIVIDED - W/MEDIAN BARRIER,PEDESTRIAN CROSSING SIGN,DRIVING SKILLS/KNOWLEDGE/EXPERIENCE,NOT APPLICABLE,0,0,1,1,18,4,5,666,BROADWAY,41.877237,-87.652058,05/22/2024 08:07:00 PM,2024
CR00014619,08/12/2020 01:26:00 PM,15,CLOUDY/OVERCAST,DAYLIGHT,ANGLE,NOT DIVIDED,UNKNOWN,FAILING TO REDUCE SPEED,FAILING TO YIELD RIGHT-OF-WAY,0,0,1,1,13,4,8,457,PULASKI RD,41.885204,-87.625146,08/12/2020 01:35:00 PM,2020
CR00014620,09/20/2024 08:38:00 AM,35,RAIN,DARKNESS - LIGHTED ROAD,SIDESWIPE SAME DIRECTION,NOT DIVIDED,UNKNOWN,DRIVING SKILLS/KNOWLEDGE/EXPERIENCE,FAILING TO REDUCE SPEED,0,0,0,0,8,6,9,1923,HALSTED ST,41.813072,-87.645148,09/20/2024 08:52:00 AM,2024
CR00014621,09/06/2017 09:14:00 AM,40,SNOW,DARKNESS - LIGHTED ROAD,ANGLE,DIVIDED - W/MEDIAN BARRIER,NO CONTROLS,UNABLE TO DETERMINE,DISTRACTION - FROM INSIDE VEHICLE,0,0,3,3,9,4,9,1345,IRVING PARK RD,41.760202,-87.564176,09/06/2017 10:40:00 AM,2017
CR00014622,04/11/2024 05:17:00 PM,35,CLEAR,DAYLIGHT,FIXED OBJECT,DIVIDED - W/MEDIAN BARRIER,TRAFFIC SIGNAL,FOLLOWING TOO CLOSELY,UNABLE TO DETERMINE,0,0,0,0,17,5,4,1386,STATE ST,41.829361,-87.663725,04/11/2024 07:11:00 PM,2024
CR00014623,06/03/2018 01:56:00 PM,45,CLEAR,DAYLIGHT,REAR END,NOT DIVIDED,NO CONTROLS,UNABLE TO DETERMINE,UNABLE TO DETERMINE,0,0,1,1,13,1,6,1983,CICERO AVE,41.776235,-87.776595,06/03/2018 03:30:00 PM,2018
CR00014624,02/15/2023 06:31:00 PM,35,CLEAR,DAYLIGHT,REAR END,NOT DIVIDED,NO CONTROLS,UNABLE TO DETERMINE,FAILING TO YIELD RIGHT-OF-WAY,0,0,0,0,18,4,2,2178,ROOSEVELT RD,41.798384,-87.84035,02/15/2023 07:29:00 PM,2023
CR00014625,06/09/2022 09:45:00 PM,45,CLOUDY/OVERCAST,DAYLIGHT,ANGLE,NOT DIVIDED,NO CONTROLS,FOLLOWING TOO CLOSELY,DISTRACTION - FROM INSIDE VEHICLE,0,0,1,1,21,5,6,1359,79TH ST,41.706644,-87.79409,06/09/2022 10:47:00 PM,2022
CR00014626,05/09/2015 01:14:00 PM,40,CLEAR,DARKNESS - LIGHTED ROAD,TURNING,DIVIDED - W/MEDIAN (NOT RAISED),NO CONTROLS,UNABLE TO DETERMINE,FAILING TO REDUCE SPEED,0,0,0,0,13,7,5,2274,CICERO AVE,41.992285,-87.776142,05/09/2015 01:59:00 PM,2015
CR00014627,09/04/2017 06:02:00 PM,15,RAIN,DAYLIGHT,ANGLE,NOT DIVIDED,TRAFFIC SIGNAL,UNABLE TO DETERMINE,WEATHER,0,0,0,0,18,2,9,982,ARCHER AVE,41.830188,-87.795113,09/04/2017 07:03:00 PM,2017
CR00014628,06/05/2015 10:53:00 PM,35,RAIN,DARKNESS - LIGHTED ROAD,ANGLE,NOT DIVIDED,NO CONTROLS,DRIVING SKILLS/KNOWLEDGE/EXPERIENCE,UNABLE TO DETERMINE,0,2,1,3,22,6,6,487,IRVING PARK RD,41.955272,-87.777462,06/05/2015 11:26:00 PM,2015
CR00014629,08/09/2023 04:35:00 AM,30,CLEAR,DUSK,ANGLE,NOT DIVIDED,STOP SIGN/FLASHER,IMPROPER OVERTAKING/PASSING,FAILING TO YIELD RIGHT-OF-WAY,0,0,3,3,4,4,8,1955,BROADWAY,41.789628,-87.548212,08/09/2023 05:47:00 AM,2023
CR00014630,10/18/2024 05:37:00 PM,35,CLEAR,DAYLIGHT,PEDESTRIAN,DIVIDED - W/MEDIAN BARRIER,UNKNOWN,DRIVING SKILLS/KNOWLEDGE/EXPERIENCE,FAILING TO REDUCE SPEED,0,2,1,3,17,6,10,602,ROOSEVELT RD,41.952426,-87.621491,10/18/2024 05:47:00 PM,2024
CR00014631,03/10/2019 06:38:00 AM,20,CLEAR,DUSK,SIDESWIPE SAME DIRECTION,NOT DIVIDED,TRAFFIC SIGNAL,WEATHER,UNABLE TO DETERMINE,0,0,0,0,6,1,3,931,MICHIGAN AVE,41.850747,-87.794412,03/10/2019 08:34:00 AM,2019
CR00014632,12/10/2016 02:09:00 PM,25,SNOW,DAYLIGHT,PEDESTRIAN,NOT DIVIDED,TRAFFIC SIGNAL,UNABLE TO DETERMINE,UNABLE TO DETERMINE,0,1,1,2,14,7,12,2203,79TH ST,41.851268,-87.845526,12/10/2016 03:32:00 PM,2016
CR00014633,06/07/2018 11:59:00 PM,30,CLEAR,DAYLIGHT,TURNING,NOT DIVIDED,TRAFFIC SIGNAL,FAILING TO YIELD RIGHT-OF-WAY,UNABLE TO DETERMINE,0,0,0,0,23,5,6,246,63RD ST,41.894048,-87.818051,06/08/2018 01:33:00 AM,2018
CR00014634,05/07/2020 05:13:00 PM,30,RAIN,DARKNESS,TURNING,ONE-WAY,UNKNOWN,FOLLOWING TOO CLOSELY,WEATHER,0,0,0,0,17,5,5,2435,DAMEN AVE,41.733458,-87.505315,05/07/2020 06:38:00 PM,2020
CR00014635,06/22/2024 03:20:00 PM,30,SNOW,DARKNESS,PEDESTRIAN,DIVIDED - W/MEDIAN (NOT RAISED),NO CONTROLS,FOLLOWING TOO CLOSELY,UNABLE TO DETERMINE,0,0,0,0,15,7,6,1707,PULASKI RD,41.854512,-87.56472,06/22/2024 04:23:00 PM,2024
CR00014636,10/28/2024 01:24:00 PM,20,CLEAR,DAYLIGHT,SIDESWIPE SAME DIRECTION,NOT DIVIDED,NO CONTROLS,IMPROPER LANE USAGE,IMPROPER OVERTAKING/PASSING,0,0,0,0,13,2,10,2403,DIVISION ST,41.766065,-87.697192,10/28/2024 02:00:00 PM,2024
CR00014637,09/14/2017 08:13:00 AM,25,CLEAR,DAYLIGHT,PARKED MOTOR VEHICLE,FOUR WAY,TRAFFIC SIGNAL,FAILING TO YIELD RIGHT-OF-WAY,DISTRACTION - FROM INSIDE VEHICLE,0,0,1,1,8,5,9,2123,STATE ST,41.948336,-87.663401,09/14/2017 10:08:00 AM,2017
CR00014638,04/19/2017 01:23:00 AM,30,CLOUDY/OVERCAST,DARKNESS - LIGHTED ROAD,TURNING,NOT DIVIDED,TRAFFIC SIGNAL,DISTRACTION - FROM INSIDE VEHICLE,UNABLE TO DETERMINE,0,0,0,0,1,4,4,2272,DAMEN AVE,41.825566,-87.738612,04/19/2017 01:58:00 AM,2017
CR00014639,06/23/2016 04:51:00 PM,30,CLEAR,DAYLIGHT,REAR END,NOT DIVIDED,TRAFFIC SIGNAL,IMPROPER OVERTAKING/PASSING,FAILING TO YIELD RIGHT-OF-WAY,0,0,0,0,16,5,6,643,WESTERN AVE,41.948929,-87.648274,06/23/2016 06:03:00 PM,2016
CR00014640,04/23/2023 08:40:00 AM,40,RAIN,DAYLIGHT,ANGLE,DIVIDED - W/MEDIAN (NOT RAISED),STOP SIGN/FLASHER,IMPROPER OVERTAKING/PASSING,FOLLOWING TOO CLOSELY,0,0,0,0,8,1,4,1729,LAKE SHORE DR,41.732422,-87.79959,04/23/2023 09:04:00 AM,2023
CR00014641,08/19/2021 09:17:00 AM,30,SNOW,DUSK,TURNING,NOT DIVIDED,UNKNOWN,UNABLE TO DETERMINE,IMPROPER OVERTAKING/PASSING,0,0,0,0,9,5,8,1599,ARCHER AVE,41.851115,-87.574256,08/19/2021 10:58:00 AM,2021
CR00014642,05/24/2015 11:58:00 AM,40,CLEAR,DAYLIGHT,SIDESWIPE SAME DIRECTION,NOT DIVIDED,NO CONTROLS,UNABLE TO DETERMINE,DISTRACTION - FROM INSIDE VEHICLE,0,0,0,0,11,1,5,2369,WESTERN AVE,41.722649,-87.652925,05/24/2015 12:34:00 PM,2015
CR00014643,09/25/2023 05:30:00 PM,40,FOG/SMOKE/HAZE,DAYLIGHT,ANGLE,DIVIDED - W/MEDIAN (NOT RAISED),STOP SIGN/FLASHER,FAILING TO YIELD RIGHT-OF-WAY,UNABLE TO DETERMINE,0,1,2,3,17,2,9,416,STATE ST,41.864633,-87.684665,09/25/2023 06:14:00 PM,2023
CR00014644,05/27/2018 05:54:00 PM,30,CLEAR,DARKNESS - LIGHTED ROAD,REAR END,NOT DIVIDED,NO CONTROLS,FAILING TO REDUCE SPEED,UNABLE TO DETERMINE,0,0,0,0,17,1,5,1911,CICERO AVE,41.982845,-87.753086,05/27/2018 06:54:00 PM,2018
CR00014645,08/20/2015 10:32:00 AM,45,CLEAR,DARKNESS - LIGHTED ROAD,TURNING,NOT DIVIDED,NO CONTROLS,UNABLE TO DETERMINE,DISTRACTION - FROM INSIDE VEHICLE,0,0,0,0,10,5,8,530,ELSTON AVE,41.745088,-87.795634,08/20/2015 11:20:00 AM,2015
CR00014646,12/29/2023 02:32:00 PM,20,CLEAR,DARKNESS,SIDESWIPE SAME DIRECTION,NOT DIVIDED,TRAFFIC SIGNAL,WEATHER,UNABLE TO DETERMINE,0,0,0,0,14,6,12,1389,CLARK ST,41.810741,-87.74213,12/29/2023 02:49:00 PM,2023
CR00014647,02/07/2021 01:30:00 PM,35,CLEAR,DUSK,FIXED OBJECT,NOT DIVIDED,STOP SIGN/FLASHER,DRIVING SKILLS/KNOWLEDGE/EXPERIENCE,FAILING TO YIELD RIGHT-OF-WAY,0,0,0,0,13,1,2,2057,ARCHER AVE,41.742969,-87.515697,02/07/2021 02:23:00 PM,2021
CR00014648,02/09/2017 07:41:00 AM,30,CLEAR,DAYLIGHT,SIDESWIPE SAME DIRECTION,NOT DIVIDED,TRAFFIC SIGNAL,UNABLE TO DETERMINE,FOLLOWING TOO CLOSELY,0,0,0,0,7,5,2,2276,LAKE SHORE DR,41.833827,-87.655497,02/09/2017 08:41:00 AM,2017
CR00014649,03/08/2019 07:51:00 AM,25,CLEAR,DAYLIGHT,FIXED OBJECT,NOT DIVIDED,TRAFFIC SIGNAL,DISREGARDING TRAFFIC SIGNALS,UNABLE TO DETERMINE,0,0,0,0,7,6,3,1155,KEDZIE AVE,41.767819,-87.515051,03/08/2019 08:25:00 AM,2019
CR00014650,12/25/2024 09:50:00 AM,30,CLEAR,DAYLIGHT,ANGLE,FOUR WAY,STOP SIGN/FLASHER,FAILING TO YIELD RIGHT-OF-WAY,FAILING TO REDUCE SPEED,0,0,0,0,9,4,12,268,IRVING PARK RD,41.756102,-87.704642,12/25/2024 11:06:00 AM,2024
CR00014651,10/31/2023 01:14:00 PM,30,CLEAR,DAYLIGHT,REAR END,NOT DIVIDED,TRAFFIC SIGNAL,FOLLOWING TOO CLOSELY,DRIVING SKILLS/KNOWLEDGE/EXPERIENCE,0,0,0,0,13,3,10,1176,CLARK ST,41.878162,-87.552111,10/31/2023 03:08:00 PM,2023
CR00014652,05/17/2022 01:16:00 PM,45,SNOW,DARKNESS - LIGHTED ROAD,REAR END,FOUR WAY,PEDESTRIAN CROSSING SIGN,UNABLE TO DETERMINE,DRIVING SKILLS/KNOWLEDGE/EXPERIENCE,0,0,0,0,13,3,5,778,63RD ST,41.941828,-87.751584,05/17/2022 03:00:00 PM,2022
CR00014653,06/16/2023 01:14:00 AM,30,SNOW,DARKNESS - LIGHTED ROAD,FIXED OBJECT,DIVIDED - W/MEDIAN (NOT RAISED),UNKNOWN,FAILING TO YIELD RIGHT-OF-WAY,UNABLE TO DETERMINE,0,0,3,3,1,6,6,2381,ARCHER AVE,41.745392,-87.740093,06/16/2023 03:08:00 AM,2023
CR00014654,10/02/2016 08:12:00 PM,45,CLEAR,DARKNESS - LIGHTED ROAD,SIDESWIPE SAME DIRECTION,ONE-WAY,STOP SIGN/FLASHER,IMPROPER LANE USAGE,FAILING TO YIELD RIGHT-OF-WAY,0,0,1,1,20,1,10,1399,ASHLAND AVE,41.781429,-87.814487,10/02/2016 08:16:00 PM,2016
CR00014655,03/03/2023 05:27:00 PM,30,CLEAR,DARKNESS - LIGHTED ROAD,TURNING,T-INTERSECTION,NO CONTROLS,IMPROPER OVERTAKING/PASSING,DRIVING SKILLS/KNOWLEDGE/EXPERIENCE,0,0,0,0,17,6,3,929,79TH ST,41.948605,-87.844944,03/03/2023 07:23:00 PM,2023
CR00014656,12/14/2020 12:11:00 PM,35,CLEAR,DAYLIGHT,PARKED MOTOR VEHICLE,NOT DIVIDED,YIELD,DISTRACTION - FROM INSIDE VEHICLE,NOT APPLICABLE,0,0,0,0,12,2,12,2015,STONY ISLAND AVE,41.794068,-87.784624,12/14/2020 12:46:00 PM,2020