CRASH_RECORD_ID,CRASH_DATE,POSTED_SPEED_LIMIT,WEATHER_CONDITION,LIGHTING_CONDITION,FIRST_CRASH_TYPE,TRAFFICWAY_TYPE,TRAFFIC_CONTROL_DEVICE,PRIM_CONTRIBUTORY_CAUSE,SEC_CONTRIBUTORY_CAUSE,INJURIES_FATAL,INJURIES_INCAPACITATING,INJURIES_NON_INCAPACITATING,INJURIES_TOTAL,CRASH_HOUR,CRASH_DAY_OF_WEEK,CRASH_MONTH,BEAT_OF_OCCURRENCE,STREET_NAME,LATITUDE,LONGITUDE,DATE_POLICE_NOTIFIED,year
CR00014657,12/05/2017 10:01:00 PM,35,CLEAR,DARKNESS - LIGHTED ROAD,REAR END,ONE-WAY,NO CONTROLS,UNABLE TO DETERMINE,FAILING TO YIELD RIGHT-OF-WAY,0,0,0,0,22,3,12,1469,CICERO AVE,41.827665,-87.80002,12/05/2017 11:41:00 PM,2017
CR00014658,09/07/2018 07:57:00 PM,30,CLEAR,DAYLIGHT,TURNING,NOT DIVIDED,UNKNOWN,DRIVING SKILLS/KNOWLEDGE/EXPERIENCE,IMPROPER OVERTAKING/PASSING,0,0,0,0,19,6,9,724,MICHIGAN AVE,41.938848,-87.71995,09/07/2018 08:02:00 PM,2018
CR00014659,06/11/2021 10:45:00 AM,45,CLEAR,DARKNESS,REAR TO FRONT,NOT DIVIDED,TRAFFIC SIGNAL,FAILING TO REDUCE SPEED,DRIVING SKILLS/KNOWLEDGE/EXPERIENCE,0,0,3,3,10,6,6,591,ARCHER AVE,41.905126,-87.585188,06/11/2021 11:22:00 AM,2021
CR00014660,08/11/2019 08:51:00 AM,30,CLEAR,DARKNESS,ANGLE,NOT DIVIDED,NO CONTROLS,WEATHER,NOT APPLICABLE,0,0,1,1,8,1,8,1880,FULLERTON AVE,41.788055,-87.713588,08/11/2019 09:08:00 AM,2019
CR00014661,01/05/2021 06:56:00 PM,45,CLEAR,DAYLIGHT,ANGLE,FOUR WAY,UNKNOWN,FAILING TO YIELD RIGHT-OF-WAY,UNABLE TO DETERMINE,0,0,0,0,18,3,1,870,MICHIGAN AVE,41.98991,-87.682172,01/05/2021 07:26:00 PM,2021
CR00014662,07/26/2024 03:58:00 PM,30,CLEAR,DAYLIGHT,REAR END,NOT DIVIDED,UNKNOWN,UNABLE TO DETERMINE,IMPROPER OVERTAKING/PASSING,0,0,1,1,15,6,7,1948,CALIFORNIA AVE,41.967047,-87.779291,07/26/2024 05:12:00 PM,2024
CR00014663,02/13/2015 09:07:00 PM,35,RAIN,DARKNESS - LIGHTED ROAD,REAR END,NOT DIVIDED,STOP SIGN/FLASHER,IMPROPER OVERTAKING/PASSING,DISREGARDING TRAFFIC SIGNALS,0,0,3,3,21,6,2,701,DIVISION ST,41.795235,-87.522738,02/13/2015 09:52:00 PM,2015
CR00014664,08/31/2021 03:29:00 PM,20,CLOUDY/OVERCAST,DARKNESS - LIGHTED ROAD,SIDESWIPE SAME DIRECTION,ONE-WAY,TRAFFIC SIGNAL,IMPROPER LANE USAGE,DRIVING SKILLS/KNOWLEDGE/EXPERIENCE,0,0,0,0,15,3,8,1345,CALIFORNIA AVE,41.774458,-87.637557,08/31/2021 03:52:00 PM,2021
CR00014665,08/12/2021 05:12:00 PM,30,CLEAR,DARKNESS - LIGHTED ROAD,PARKED MOTOR VEHICLE,NOT DIVIDED,TRAFFIC SIGNAL,IMPROPER OVERTAKING/PASSING,NOT APPLICABLE,0,0,0,0,17,5,8,1779,MICHIGAN AVE,41.893909,-87.512133,08/12/2021 06:05:00 PM,2021
CR00014666,09/23/2015 03:23:00 PM,40,CLEAR,DAYLIGHT,REAR END,DIVIDED - W/MEDIAN (NOT RAISED),NO CONTROLS,DISTRACTION - FROM INSIDE VEHICLE,IMPROPER LANE USAGE,0,0,0,0,15,4,9,975,STONY ISLAND AVE,41.923514,-87.776855,09/23/2015 03:43:00 PM,2015
CR00014667,09/27/2021 09:47:00 AM,30,CLEAR,DAYLIGHT,ANGLE,DIVIDED - W/MEDIAN (NOT RAISED),NO CONTROLS,UNABLE TO DETERMINE,DISREGARDING TRAFFIC SIGNALS,0,0,0,0,9,2,9,2502,WESTERN AVE,41.868822,-87.679957,09/27/2021 11:14:00 AM,2021
CR00014668,12/10/2019 03:19:00 PM,30,CLEAR,DAYLIGHT,PARKED MOTOR VEHICLE,NOT DIVIDED,UNKNOWN,FOLLOWING TOO CLOSELY,FOLLOWING TOO CLOSELY,0,0,0,0,15,3,12,2381,KEDZIE AVE,41.919043,-87.844676,12/10/2019 04:17:00 PM,2019
CR00014669,11/03/2023 05:24:00 PM,30,CLOUDY/OVERCAST,DAYLIGHT,REAR END,DIVIDED - W/MEDIAN (NOT RAISED),UNKNOWN,UNABLE TO DETERMINE,FAILING TO YIELD RIGHT-OF-WAY,0,0,0,0,17,6,11,1081,STATE ST,41.94107,-87.607356,11/03/2023 05:32:00 PM,2023
CR00014670,02/07/2021 11:06:00 AM,40,CLEAR,DARKNESS - LIGHTED ROAD,ANGLE,NOT DIVIDED,TRAFFIC SIGNAL,IMPROPER OVERTAKING/PASSING,IMPROPER OVERTAKING/PASSING,0,0,2,2,11,1,2,1889,IRVING PARK RD,41.982582,-87.625842,02/07/2021 12:24:00 PM,2021
CR00014671,06/19/2020 10:26:00 PM,20,SNOW,DAYLIGHT,ANGLE,NOT DIVIDED,TRAFFIC SIGNAL,FOLLOWING TOO CLOSELY,UNABLE TO DETERMINE,0,0,0,0,22,6,6,846,47TH ST,41.878008,-87.734392,06/19/2020 10:40:00 PM,2020
CR00014672,03/17/2017 06:12:00 PM,20,CLEAR,DAYLIGHT,ANGLE,ONE-WAY,NO CONTROLS,FOLLOWING TOO CLOSELY,DRIVING SKILLS/KNOWLEDGE/EXPERIENCE,0,0,0,0,18,6,3,2333,FULLERTON AVE,41.883248,-87.754421,03/17/2017 07:48:00 PM,2017
CR00014673,02/25/2023 02:41:00 AM,35,CLEAR,DAYLIGHT,REAR END,NOT DIVIDED,STOP SIGN/FLASHER,UNABLE TO DETERMINE,FAILING TO YIELD RIGHT-OF-WAY,0,0,0,0,2,7,2,1114,ROOSEVELT RD,41.799574,-87.523112,02/25/2023 03:43:00 AM,2023
CR00014674,06/05/2015 10:01:00 AM,45,CLEAR,DARKNESS - LIGHTED ROAD,REAR END,ONE-WAY,NO CONTROLS,UNABLE TO DETERMINE,FAILING TO YIELD RIGHT-OF-WAY,0,0,1,1,10,6,6,2012,DAMEN AVE,41.998981,-87.84709,06/05/2015 11:35:00 AM,2015
CR00014675,11/12/2022 02:41:00 PM,30,CLEAR,DARKNESS - LIGHTED ROAD,PARKED MOTOR VEHICLE,NOT DIVIDED,TRAFFIC SIGNAL,FAILING TO YIELD RIGHT-OF-WAY,NOT APPLICABLE,0,0,0,0,14,7,11,2277,MILWAUKEE AVE,41.949236,-87.631434,11/12/2022 03:23:00 PM,2022
CR00014676,01/04/2019 06:43:00 AM,30,CLOUDY/OVERCAST,DAYLIGHT,SIDESWIPE SAME DIRECTION,DIVIDED - W/MEDIAN (NOT RAISED),TRAFFIC SIGNAL,WEATHER,NOT APPLICABLE,0,0,0,0,6,6,1,1731,LAKE SHORE DR,41.749107,-87.535941,01/04/2019 08:20:00 AM,2019
CR00014677,08/25/2015 02:26:00 PM,30,RAIN,DUSK,REAR END,NOT DIVIDED,STOP SIGN/FLASHER,DISREGARDING TRAFFIC SIGNALS,NOT APPLICABLE,0,0,0,0,14,3,8,2250,OGDEN AVE,41.969532,-87.510341,08/25/2015 04:18:00 PM,2015
CR00014678,09/14/2021 04:38:00 PM,15,CLEAR,DAYLIGHT,REAR TO FRONT,NOT DIVIDED,STOP SIGN/FLASHER,FAILING TO YIELD RIGHT-OF-WAY,NOT APPLICABLE,0,0,0,0,16,3,9,1064,BROADWAY,41.942796,-87.611599,09/14/2021 05:43:00 PM,2021
CR00014679,11/20/2024 07:12:00 AM,40,CLOUDY/OVERCAST,DARKNESS - LIGHTED ROAD,PEDESTRIAN,DIVIDED - W/MEDIAN BARRIER,NO CONTROLS,DISTRACTION - FROM INSIDE VEHICLE,DISTRACTION - FROM INSIDE VEHICLE,0,0,0,0,7,4,11,1221,FULLERTON AVE,41.741225,-87.583166,11/20/2024 08:44:00 AM,2024
CR00014680,06/27/2020 06:58:00 PM,30,CLEAR,DAYLIGHT,PARKED MOTOR VEHICLE,DIVIDED - W/MEDIAN (NOT RAISED),TRAFFIC SIGNAL,FAILING TO REDUCE SPEED,DRIVING SKILLS/KNOWLEDGE/EXPERIENCE,0,0,0,0,18,7,6,2093,LAKE SHORE DR,41.8504,-87.510196,06/27/2020 07:54:00 PM,2020
CR00014681,02/08/2023 11:30:00 PM,45,RAIN,DAYLIGHT,PARKED MOTOR VEHICLE,NOT DIVIDED,NO CONTROLS,FAILING TO REDUCE SPEED,DRIVING SKILLS/KNOWLEDGE/EXPERIENCE,0,0,0,0,23,4,2,1539,STATE ST,41.952812,-87.748886,02/09/2023 12:15:00 AM,2023
CR00014682,10/18/2021 10:22:00 AM,40,RAIN,DAYLIGHT,ANGLE,FOUR WAY,TRAFFIC SIGNAL,FOLLOWING TOO CLOSELY,DRIVING SKILLS/KNOWLEDGE/EXPERIENCE,0,0,0,0,10,2,10,567,63RD ST,41.994254,-87.521751,10/18/2021 10:51:00 AM,2021
CR00014683,07/27/2015 02:16:00 PM,45,CLEAR,DUSK,FIXED OBJECT,NOT DIVIDED,NO CONTROLS,FOLLOWING TOO CLOSELY,FAILING TO REDUCE SPEED,0,0,0,0,14,2,7,353,DAMEN AVE,41.759617,-87.609192,07/27/2015 03:56:00 PM,2015
CR00014684,06/11/2024 05:43:00 PM,15,CLEAR,DARKNESS - LIGHTED ROAD,SIDESWIPE SAME DIRECTION,DIVIDED - W/MEDIAN (NOT RAISED),NO CONTROLS,UNABLE TO DETERMINE,NOT APPLICABLE,0,0,0,0,17,3,6,1560,PULASKI RD,41.74089,-87.534887,06/11/2024 06:49:00 PM,2024
CR00014685,04/26/2017 08:34:00 AM,45,CLEAR,DARKNESS - LIGHTED ROAD,REAR END,NOT DIVIDED,TRAFFIC SIGNAL,UNABLE TO DETERMINE,NOT APPLICABLE,0,0,0,0,8,4,4,2410,ASHLAND AVE,41.981155,-87.553603,04/26/2017 08:53:00 AM,2017
CR00014686,10/25/2023 09:35:00 AM,30,CLEAR,DAYLIGHT,SIDESWIPE SAME DIRECTION,NOT DIVIDED,TRAFFIC SIGNAL,DISREGARDING TRAFFIC SIGNALS,DRIVING SKILLS/KNOWLEDGE/EXPERIENCE,0,0,0,0,9,4,10,680,47TH ST,41.856256,-87.541531,10/25/2023 10:10:00 AM,2023
CR00014687,03/10/2021 08:17:00 AM,20,SNOW,DAYLIGHT,SIDESWIPE SAME DIRECTION,DIVIDED - W/MEDIAN BARRIER,UNKNOWN,DRIVING SKILLS/KNOWLEDGE/EXPERIENCE,FOLLOWING TOO CLOSELY,0,0,0,0,8,4,3,1673,ASHLAND AVE,41.731466,-87.714475,03/10/2021 09:50:00 AM,2021
CR00014688,11/21/2021 08:51:00 AM,35,CLEAR,DAYLIGHT,TURNING,NOT DIVIDED,NO CONTROLS,IMPROPER LANE USAGE,UNABLE TO DETERMINE,0,0,0,0,8,1,11,263,79TH ST,41.716774,-87.796541,11/21/2021 10:26:00 AM,2021
CR00014689,08/02/2018 07:07:00 AM,45,CLEAR,DARKNESS - LIGHTED ROAD,REAR END,ONE-WAY,NO CONTROLS,DISTRACTION - FROM INSIDE VEHICLE,UNABLE TO DETERMINE,0,0,2,2,7,5,8,350,DAMEN AVE,41.835708,-87.764185,08/02/2018 07:52:00 AM,2018
CR00014690,01/28/2020 04:12:00 PM,35,CLEAR,DAYLIGHT,SIDESWIPE SAME DIRECTION,ONE-WAY,NO CONTROLS,IMPROPER LANE USAGE,UNABLE TO DETERMINE,0,0,1,1,16,3,1,158,47TH ST,41.844063,-87.817253,01/28/2020 04:38:00 PM,2020
CR00014691,06/17/2015 08:45:00 PM,30,SNOW,DARKNESS - LIGHTED ROAD,REAR END,DIVIDED - W/MEDIAN (NOT RAISED),STOP SIGN/FLASHER,IMPROPER OVERTAKING/PASSING,NOT APPLICABLE,0,0,0,0,20,4,6,1085,ROOSEVELT RD,41.735392,-87.683113,06/17/2015 09:06:00 PM,2015
CR00014692,11/19/2022 04:11:00 PM,15,CLEAR,DAYLIGHT,TURNING,ONE-WAY,TRAFFIC SIGNAL,IMPROPER LANE USAGE,FAILING TO YIELD RIGHT-OF-WAY,0,0,0,0,16,7,11,1265,MICHIGAN AVE,41.948001,-87.658156,11/19/2022 05:19:00 PM,2022
CR00014693,02/10/2021 10:14:00 AM,25,CLEAR,DUSK,REAR END,DIVIDED - W/MEDIAN (NOT RAISED),YIELD,UNABLE TO DETERMINE,NOT APPLICABLE,0,0,2,2,10,4,2,960,47TH ST,41.766042,-87.748542,02/10/2021 11:23:00 AM,2021
CR00014694,03/10/2020 06:26:00 PM,45,CLEAR,DARKNESS - LIGHTED ROAD,TURNING,NOT DIVIDED,NO CONTROLS,UNABLE TO DETERMINE,NOT APPLICABLE,0,0,0,0,18,3,3,2454,CALIFORNIA AVE,41.803162,-87.569212,03/10/2020 06:51:00 PM,2020
CR00014695,07/25/2019 05:54:00 PM,35,CLEAR,DAYLIGHT,PEDESTRIAN,ONE-WAY,NO CONTROLS,IMPROPER LANE USAGE,FAILING TO YIELD RIGHT-OF-WAY,0,0,0,0,17,5,7,2349,CALIFORNIA AVE,41.888561,-87.523531,07/25/2019 07:40:00 PM,2019
CR00014696,05/04/2021 03:11:00 PM,20,CLEAR,DAYLIGHT,TURNING,NOT DIVIDED,STOP SIGN/FLASHER,DRIVING SKILLS/KNOWLEDGE/EXPERIENCE,UNABLE TO DETERMINE,0,0,0,0,15,3,5,752,ROOSEVELT RD,41.711494,-87.584721,05/04/2021 03:58:00 PM,2021
CR00014697,08/07/2016 10:58:00 AM,30,CLEAR,DAYLIGHT,SIDESWIPE SAME DIRECTION,NOT DIVIDED,TRAFFIC SIGNAL,FAILING TO YIELD RIGHT-OF-WAY,DRIVING SKILLS/KNOWLEDGE/EXPERIENCE,0,0,1,1,10,1,8,118,47TH ST,41.851001,-87.517545,08/07/2016 12:31:00 PM,2016
CR00014698,10/14/2018 04:15:00 PM,30,FOG/SMOKE/HAZE,DAYLIGHT,PEDESTRIAN,DIVIDED - W/MEDIAN (NOT RAISED),UNKNOWN,UNABLE TO DETERMINE,UNABLE TO DETERMINE,0,0,3,3,16,1,10,1779,OGDEN AVE,41.861804,-87.660816,10/14/2018 05:06:00 PM,2018
CR00014699,06/13/2018 09:56:00 AM,30,CLEAR,DAYLIGHT,REAR TO FRONT,FOUR WAY,UNKNOWN,DISTRACTION - FROM INSIDE VEHICLE,IMPROPER OVERTAKING/PASSING,0,0,0,0,9,4,6,2208,WESTERN AVE,41.908381,-87.800551,06/13/2018 10:06:00 AM,2018
CR00014700,07/01/2018 05:53:00 AM,45,CLEAR,DARKNESS - LIGHTED ROAD,REAR END,NOT DIVIDED,TRAFFIC SIGNAL,FOLLOWING TOO CLOSELY,UNABLE TO DETERMINE,0,0,1,1,5,1,7,104,WESTERN AVE,41.841886,-87.502621,07/01/2018 06:38:00 AM,2018
CR00014701,12/20/2020 03:55:00 PM,30,CLEAR,DAYLIGHT,PARKED MOTOR VEHICLE,DIVIDED - W/MEDIAN (NOT RAISED),TRAFFIC SIGNAL,UNABLE TO DETERMINE,DISTRACTION - FROM INSIDE VEHICLE,0,0,0,0,15,1,12,2486,DIVISION ST,41.709826,-87.60745,12/20/2020 05:25:00 PM,2020
CR00014702,09/19/2024 05:30:00 PM,30,CLOUDY/OVERCAST,DAYLIGHT,REAR TO FRONT,NOT DIVIDED,TRAFFIC SIGNAL,IMPROPER OVERTAKING/PASSING,UNABLE TO DETERMINE,0,0,0,0,17,5,9,1825,BROADWAY,41.885659,-87.632382,09/19/2024 05:35:00 PM,2024
CR00014703,06/19/2015 08:44:00 AM,30,SNOW,DARKNESS - LIGHTED ROAD,ANGLE,NOT DIVIDED,NO CONTROLS,IMPROPER OVERTAKING/PASSING,IMPROPER LANE USAGE,0,0,0,0,8,6,6,1857,OGDEN AVE,41.879833,-87.553725,06/19/2015 09:22:00 AM,2015
CR00014704,04/23/2020 08:35:00 AM,45,CLEAR,DAYLIGHT,REAR END,NOT DIVIDED,TRAFFIC SIGNAL,FAILING TO YIELD RIGHT-OF-WAY,FAILING TO REDUCE SPEED,0,0,0,0,8,5,4,2291,IRVING PARK RD,41.717813,-87.532027,04/23/2020 09:35:00 AM,2020
CR00014705,03/11/2020 08:18:00 PM,30,CLOUDY/OVERCAST,DAYLIGHT,REAR END,FOUR WAY,TRAFFIC SIGNAL,UNABLE TO DETERMINE,FOLLOWING TOO CLOSELY,0,0,0,0,20,4,3,987,ELSTON AVE,41.865331,-87.623337,03/11/2020 09:20:00 PM,2020
CR00014706,07/27/2015 01:46:00 PM,30,CLEAR,DUSK,ANGLE,DIVIDED - W/MEDIAN (NOT RAISED),STOP SIGN/FLASHER,WEATHER,UNABLE TO DETERMINE,0,0,1,1,13,2,7,2133,IRVING PARK RD,41.71005,-87.578671,07/27/2015 02:04:00 PM,2015
CR00014707,06/08/2024 12:50:00 AM,30,RAIN,DAYLIGHT,TURNING,DIVIDED - W/MEDIAN (NOT RAISED),YIELD,DRIVING SKILLS/KNOWLEDGE/EXPERIENCE,FOLLOWING TOO CLOSELY,0,0,0,0,0,7,6,547,MILWAUKEE AVE,41.787489,-87.580408,06/08/2024 02:19:00 AM,2024
CR00014708,06/25/2015 07:04:00 AM,25,SNOW,DAYLIGHT,REAR END,ONE-WAY,NO CONTROLS,IMPROPER OVERTAKING/PASSING,IMPROPER OVERTAKING/PASSING,0,0,0,0,7,5,6,1972,STATE ST,41.818009,-87.571749,06/25/2015 08:15:00 AM,2015
CR00014709,02/16/2021 06:48:00 AM,20,CLEAR,DARKNESS - LIGHTED ROAD,REAR END,DIVIDED - W/MEDIAN BARRIER,NO CONTROLS,IMPROPER OVERTAKING/PASSING,UNABLE TO DETERMINE,0,0,0,0,6,3,2,1619,KEDZIE AVE,41.742398,-87.715184,02/16/2021 08:27:00 AM,2021
CR00014710,10/13/2017 08:35:00 AM,45,CLEAR,DAYLIGHT,REAR END,T-INTERSECTION,STOP SIGN/FLASHER,IMPROPER LANE USAGE,FAILING TO YIELD RIGHT-OF-WAY,0,0,0,0,8,6,10,1436,CLARK ST,41.70791,-87.66538,10/13/2017 09:48:00 AM,2017
CR00014711,02/09/2015 04:48:00 PM,30,CLOUDY/OVERCAST,DARKNESS - LIGHTED ROAD,SIDESWIPE SAME DIRECTION,NOT DIVIDED,STOP SIGN/FLASHER,FAILING TO YIELD RIGHT-OF-WAY,FOLLOWING TOO CLOSELY,0,0,2,2,16,2,2,226,CICERO AVE,41.83799,-87.710528,02/09/2015 05:49:00 PM,2015
CR00014712,02/26/2019 01:41:00 PM,35,RAIN,DARKNESS - LIGHTED ROAD,SIDESWIPE SAME DIRECTION,NOT DIVIDED,NO CONTROLS,UNABLE TO DETERMINE,DRIVING SKILLS/KNOWLEDGE/EXPERIENCE,0,0,0,0,13,3,2,1449,ASHLAND AVE,41.78631,-87.606493,02/26/2019 03:10:00 PM,2019
CR00014713,06/18/2017 12:46:00 PM,35,CLEAR,DARKNESS - LIGHTED ROAD,SIDESWIPE SAME DIRECTION,DIVIDED - W/MEDIAN (NOT RAISED),NO CONTROLS,UNABLE TO DETERMINE,FOLLOWING TOO CLOSELY,0,0,1,1,12,1,6,2421,DIVISION ST,41.730655,-87.526434,06/18/2017 01:54:00 PM,2017
CR00014714,08/10/2018 10:16:00 PM,35,CLEAR,DAYLIGHT,PEDESTRIAN,NOT DIVIDED,NO CONTROLS,IMPROPER LANE USAGE,DRIVING SKILLS/KNOWLEDGE/EXPERIENCE,0,0,0,0,22,6,8,1470,LAKE SHORE DR,41.732969,-87.504665,08/10/2018 10:27:00 PM,2018
CR00014715,09/25/2018 12:57:00 PM,30,CLEAR,DAYLIGHT,TURNING,FOUR WAY,NO CONTROLS,IMPROPER LANE USAGE,UNABLE TO DETERMINE,0,0,1,1,12,3,9,393,STATE ST,41.961811,-87.73967,09/25/2018 01:11:00 PM,2018
CR00014716,08/29/2015 05:26:00 PM,30,CLEAR,DAYLIGHT,REAR TO FRONT,DIVIDED - W/MEDIAN (NOT RAISED),STOP SIGN/FLASHER,UNABLE TO DETERMINE,IMPROPER OVERTAKING/PASSING,0,0,0,0,17,7,8,2474,CALIFORNIA AVE,41.801505,-87.657607,08/29/2015 06:13:00 PM,2015
CR00014717,12/30/2024 02:54:00 AM,30,CLEAR,DAYLIGHT,REAR END,DIVIDED - W/MEDIAN BARRIER,STOP SIGN/FLASHER,FOLLOWING TOO CLOSELY,FAILING TO YIELD RIGHT-OF-WAY,0,0,0,0,2,2,12,1077,CICERO AVE,41.957131,-87.83261,12/30/2024 03:13:00 AM,2024
CR00014718,10/02/2024 09:11:00 AM,20,CLEAR,DAYLIGHT,REAR END,NOT DIVIDED,NO CONTROLS,FOLLOWING TOO CLOSELY,DISREGARDING TRAFFIC SIGNALS,0,0,0,0,9,4,10,2200,ARCHER AVE,41.778771,-87.616736,10/02/2024 09:41:00 AM,2024
CR00014719,02/14/2022 07:11:00 AM,45,CLEAR,DAYLIGHT,PEDESTRIAN,T-INTERSECTION,NO CONTROLS,FAILING TO REDUCE SPEED,IMPROPER LANE USAGE,0,0,0,0,7,2,2,983,CALIFORNIA AVE,41.897578,-87.829478,02/14/2022 07:33:00 AM,2022
CR00014720,09/22/2015 12:22:00 PM,30,CLEAR,DAYLIGHT,PEDESTRIAN,ONE-WAY,STOP SIGN/FLASHER,FAILING TO YIELD RIGHT-OF-WAY,DISTRACTION - FROM INSIDE VEHICLE,0,0,0,0,12,3,9,338,CICERO AVE,41.813187,-87.707725,09/22/2015 02:02:00 PM,2015
CR00014721,11/09/2021 11:32:00 AM,30,FREEZING RAIN/DRIZZLE,DAYLIGHT,SIDESWIPE SAME DIRECTION,DIVIDED - W/MEDIAN (NOT RAISED),NO CONTROLS,UNABLE TO DETERMINE,DISREGARDING TRAFFIC SIGNALS,0,0,0,0,11,3,11,1856,PULASKI RD,41.726943,-87.71047,11/09/2021 11:46:00 AM,2021
CR00014722,04/13/2017 07:55:00 AM,15,CLEAR,DAYLIGHT,ANGLE,FOUR WAY,STOP SIGN/FLASHER,UNABLE TO DETERMINE,FOLLOWING TOO CLOSELY,0,0,0,0,7,5,4,2396,STATE ST,41.967484,-87.604106,04/13/2017 08:30:00 AM,2017
CR00014723,10/14/2019 01:52:00 PM,45,CLEAR,DARKNESS,ANGLE,NOT DIVIDED,STOP SIGN/FLASHER,FAILING TO YIELD RIGHT-OF-WAY,FAILING TO YIELD RIGHT-OF-WAY,0,0,0,0,13,2,10,564,63RD ST,41.878841,-87.603708,10/14/2019 02:32:00 PM,2019
CR00014724,01/02/2017 04:55:00 PM,35,CLEAR,DAYLIGHT,PARKED MOTOR VEHICLE,DIVIDED - W/MEDIAN BARRIER,STOP SIGN/FLASHER,FOLLOWING TOO CLOSELY,FOLLOWING TOO CLOSELY,0,0,0,0,16,2,1,1038,PULASKI RD,41.894009,-87.622788,01/02/2017 06:46:00 PM,2017
CR00014725,08/20/2024 09:04:00 AM,45,CLEAR,DAYLIGHT,REAR END,DIVIDED - W/MEDIAN BARRIER,TRAFFIC SIGNAL,FAILING TO YIELD RIGHT-OF-WAY,FAILING TO REDUCE SPEED,0,0,0,0,9,3,8,2360,ARCHER AVE,41.718488,-87.752875,08/20/2024 11:00:00 AM,2024
CR00014726,07/15/2020 05:34:00 AM,15,RAIN,DAYLIGHT,SIDESWIPE SAME DIRECTION,DIVIDED - W/MEDIAN (NOT RAISED),NO CONTROLS,UNABLE TO DETERMINE,FOLLOWING TOO CLOSELY,0,0,0,0,5,4,7,485,47TH ST,41.701489,-87.743924,07/15/2020 06:49:00 AM,2020
CR00014727,08/19/2019 05:02:00 PM,30,RAIN,DAYLIGHT,ANGLE,NOT DIVIDED,NO CONTROLS,DRIVING SKILLS/KNOWLEDGE/EXPERIENCE,NOT APPLICABLE,0,0,0,0,17,2,8,473,LAKE SHORE DR,41.874637,-87.749038,08/19/2019 06:10:00 PM,2019
CR00014728,05/28/2020 09:51:00 AM,35,CLEAR,DAYLIGHT,SIDESWIPE SAME DIRECTION,DIVIDED - W/MEDIAN (NOT RAISED),NO CONTROLS,FOLLOWING TOO CLOSELY,FOLLOWING TOO CLOSELY,0,0,0,0,9,5,5,795,OGDEN AVE,41.92239,-87.755898,05/28/2020 10:47:00 AM,2020
CR00014729,01/29/2021 08:07:00 PM,15,CLEAR,DAYLIGHT,PARKED MOTOR VEHICLE,ONE-WAY,PEDESTRIAN CROSSING SIGN,FAILING TO REDUCE SPEED,NOT APPLICABLE,0,0,0,0,20,6,1,1447,MILWAUKEE AVE,41.719798,-87.659671,01/29/2021 08:47:00 PM,2021
CR00014730,07/28/2023 02:33:00 AM,30,SNOW,DAYLIGHT,SIDESWIPE SAME DIRECTION,NOT DIVIDED,STOP SIGN/FLASHER,UNABLE TO DETERMINE,FOLLOWING TOO CLOSELY,0,0,0,0,2,6,7,528,47TH ST,41.8487,-87.530207,07/28/2023 02:37:00 AM,2023
CR00014731,02/10/2016 06:45:00 PM,15,CLEAR,DARKNESS - LIGHTED ROAD,PARKED MOTOR VEHICLE,NOT DIVIDED,TRAFFIC SIGNAL,DRIVING SKILLS/KNOWLEDGE/EXPERIENCE,NOT APPLICABLE,0,0,0,0,18,4,2,2465,HALSTED ST,41.74064,-87.833176,02/10/2016 08:12:00 PM,2016
CR00014732,04/29/2023 09:11:00 PM,35,CLEAR,DARKNESS,SIDESWIPE SAME DIRECTION,ONE-WAY,STOP SIGN/FLASHER,FOLLOWING TOO CLOSELY,UNABLE TO DETERMINE,0,0,0,0,21,7,4,503,63RD ST,41.828014,-87.51494,04/29/2023 11:01:00 PM,2023
CR00014733,10/02/2020 08:31:00 PM,30,RAIN,DAYLIGHT,FIXED OBJECT,DIVIDED - W/MEDIAN (NOT RAISED),STOP SIGN/FLASHER,FAILING TO REDUCE SPEED,IMPROPER LANE USAGE,0,0,1,1,20,6,10,1934,79TH ST,41.759881,-87.609984,10/02/2020 09:11:00 PM,2020
CR00014734,04/25/2021 07:35:00 AM,35,CLEAR,DAYLIGHT,PARKED MOTOR VEHICLE,NOT DIVIDED,TRAFFIC SIGNAL,UNABLE TO DETERMINE,FAILING TO YIELD RIGHT-OF-WAY,0,0,0,0,7,1,4,2523,ASHLAND AVE,41.718794,-87.785133,04/25/2021 09:05:00 AM,2021
CR00014735,05/01/2024 02:50:00 AM,30,CLOUDY/OVERCAST,DAYLIGHT,REAR END,NOT DIVIDED,STOP SIGN/FLASHER,IMPROPER OVERTAKING/PASSING,FOLLOWING TOO CLOSELY,0,0,1,1,2,4,5,822,CICERO AVE,41.905249,-87.849126,05/01/2024 03:23:00 AM,2024
CR00014736,04/09/2020 06:26:00 AM,25,CLEAR,DARKNESS - LIGHTED ROAD,ANGLE,DIVIDED - W/MEDIAN (NOT RAISED),NO CONTROLS,FAILING TO YIELD RIGHT-OF-WAY,DISREGARDING TRAFFIC SIGNALS,0,0,0,0,6,5,4,1175,ASHLAND AVE,41.805256,-87.747543,04/09/2020 07:20:00 AM,2020
CR00014737,09/07/2015 05:11:00 PM,15,CLEAR,DAYLIGHT,REAR END,NOT DIVIDED,TRAFFIC SIGNAL,FAILING TO YIELD RIGHT-OF-WAY,FAILING TO YIELD RIGHT-OF-WAY,0,0,1,1,17,2,9,2064,DIVISION ST,41.894771,-87.669036,09/07/2015 05:30:00 PM,2015