CRASH_RECORD_ID,CRASH_DATE,POSTED_SPEED_LIMIT,WEATHER_CONDITION,LIGHTING_CONDITION,FIRST_CRASH_TYPE,TRAFFICWAY_TYPE,TRAFFIC_CONTROL_DEVICE,PRIM_CONTRIBUTORY_CAUSE,SEC_CONTRIBUTORY_CAUSE,INJURIES_FATAL,INJURIES_INCAPACITATING,INJURIES_NON_INCAPACITATING,INJURIES_TOTAL,CRASH_HOUR,CRASH_DAY_OF_WEEK,CRASH_MONTH,BEAT_OF_OCCURRENCE,STREET_NAME,LATITUDE,LONGITUDE,DATE_POLICE_NOTIFIED,year
CR00014738,08/03/2016 09:13:00 PM,35,CLEAR,DAYLIGHT,SIDESWIPE SAME DIRECTION,DIVIDED - W/MEDIAN (NOT RAISED),NO CONTROLS,UNABLE TO DETERMINE,UNABLE TO DETERMINE,0,0,0,0,21,4,8,2239,PULASKI RD,41.89365,-87.762329,08/03/2016 10:06:00 PM,2016
CR00014739,04/11/2017 08:25:00 AM,35,CLEAR,DAYLIGHT,TURNING,NOT DIVIDED,NO CONTROLS,DRIVING SKILLS/KNOWLEDGE/EXPERIENCE,FOLLOWING TOO CLOSELY,0,0,0,0,8,3,4,2229,ASHLAND AVE,41.727757,-87.818576,04/11/2017 08:26:00 AM,2017
CR00014740,01/01/2021 08:55:00 AM,30,CLEAR,DARKNESS - LIGHTED ROAD,REAR TO FRONT,DIVIDED - W/MEDIAN (NOT RAISED),TRAFFIC SIGNAL,FAILING TO YIELD RIGHT-OF-WAY,DISREGARDING TRAFFIC SIGNALS,0,0,1,1,8,6,1,1618,CALIFORNIA AVE,41.918787,-87.785214,01/01/2021 09:05:00 AM,2021
CR00014741,07/09/2024 07:10:00 AM,45,SNOW,DARKNESS - LIGHTED ROAD,PARKED MOTOR VEHICLE,DIVIDED - W/MEDIAN BARRIER,TRAFFIC SIGNAL,UNABLE TO DETERMINE,FOLLOWING TOO CLOSELY,0,0,0,0,7,3,7,969,MICHIGAN AVE,41.7743,-87.583987,07/09/2024 07:49:00 AM,2024
CR00014742,01/21/2017 02:29:00 PM,15,CLEAR,DAYLIGHT,REAR END,DIVIDED - W/MEDIAN (NOT RAISED),NO CONTROLS,IMPROPER OVERTAKING/PASSING,NOT APPLICABLE,0,0,0,0,14,7,1,725,ARCHER AVE,41.964618,-87.780361,01/21/2017 03:56:00 PM,2017
CR00014743,08/03/2015 07:18:00 AM,35,SNOW,DARKNESS - LIGHTED ROAD,SIDESWIPE SAME DIRECTION,ONE-WAY,STOP SIGN/FLASHER,UNABLE TO DETERMINE,FOLLOWING TOO CLOSELY,0,0,0,0,7,2,8,399,CICERO AVE,41.810954,-87.666774,08/03/2015 08:12:00 AM,2015
CR00014744,10/29/2022 06:28:00 PM,40,CLEAR,DAYLIGHT,REAR END,DIVIDED - W/MEDIAN BARRIER,STOP SIGN/FLASHER,UNABLE TO DETERMINE,DISREGARDING TRAFFIC SIGNALS,0,0,0,0,18,7,10,526,47TH ST,41.814552,-87.805535,10/29/2022 08:07:00 PM,2022
CR00014745,04/25/2015 06:04:00 PM,35,CLEAR,DARKNESS - LIGHTED ROAD,PARKED MOTOR VEHICLE,DIVIDED - W/MEDIAN (NOT RAISED),TRAFFIC SIGNAL,FAILING TO REDUCE SPEED,FAILING TO YIELD RIGHT-OF-WAY,0,0,0,0,18,7,4,2000,79TH ST,41.991961,-87.696832,04/25/2015 08:00:00 PM,2015
CR00014746,10/12/2015 08:54:00 AM,35,CLEAR,DAYLIGHT,REAR END,DIVIDED - W/MEDIAN BARRIER,PEDESTRIAN CROSSING SIGN,FOLLOWING TOO CLOSELY,DRIVING SKILLS/KNOWLEDGE/EXPERIENCE,0,0,0,0,8,2,10,1668,FULLERTON AVE,41.939022,-87.590158,10/12/2015 09:14:00 AM,2015
CR00014747,12/26/2024 06:37:00 PM,40,CLEAR,DARKNESS - LIGHTED ROAD,SIDESWIPE SAME DIRECTION,NOT DIVIDED,TRAFFIC SIGNAL,IMPROPER OVERTAKING/PASSING,UNABLE TO DETERMINE,0,1,1,2,18,5,12,1061,IRVING PARK RD,41.902569,-87.732755,12/26/2024 06:43:00 PM,2024
CR00014748,05/24/2024 08:32:00 AM,15,SNOW,DARKNESS,ANGLE,NOT DIVIDED,NO CONTROLS,UNABLE TO DETERMINE,UNABLE TO DETERMINE,0,0,0,0,8,6,5,863,IRVING PARK RD,41.949832,-87.715378,05/24/2024 10:24:00 AM,2024
CR00014749,08/27/2021 02:32:00 PM,40,CLEAR,DAYLIGHT,REAR END,ONE-WAY,TRAFFIC SIGNAL,FAILING TO YIELD RIGHT-OF-WAY,FOLLOWING TOO CLOSELY,0,0,0,0,14,6,8,1262,MILWAUKEE AVE,41.875434,-87.669064,08/27/2021 03:23:00 PM,2021
CR00014750,03/08/2017 03:45:00 PM,40,CLEAR,DAYLIGHT,TURNING,NOT DIVIDED,UNKNOWN,UNABLE TO DETERMINE,UNABLE TO DETERMINE,0,0,2,2,15,4,3,1322,STATE ST,41.993479,-87.721048,03/08/2017 05:32:00 PM,2017
CR00014751,01/16/2024 09:03:00 AM,35,RAIN,DAYLIGHT,TURNING,ONE-WAY,STOP SIGN/FLASHER,UNABLE TO DETERMINE,UNABLE TO DETERMINE,0,0,3,3,9,3,1,1062,79TH ST,41.710278,-87.736928,01/16/2024 09:46:00 AM,2024
CR00014752,07/22/2017 11:14:00 AM,25,SNOW,DAYLIGHT,ANGLE,T-INTERSECTION,TRAFFIC SIGNAL,DRIVING SKILLS/KNOWLEDGE/EXPERIENCE,FOLLOWING TOO CLOSELY,0,0,0,0,11,7,7,1494,DAMEN AVE,41.808097,-87.795937,07/22/2017 12:24:00 PM,2017
CR00014753,03/19/2017 06:11:00 PM,30,CLEAR,DARKNESS - LIGHTED ROAD,ANGLE,NOT DIVIDED,PEDESTRIAN CROSSING SIGN,UNABLE TO DETERMINE,IMPROPER LANE USAGE,0,0,0,0,18,1,3,555,ELSTON AVE,41.908864,-87.795454,03/19/2017 06:51:00 PM,2017
CR00014754,02/07/2019 08:34:00 PM,25,CLEAR,DAYLIGHT,REAR END,NOT DIVIDED,YIELD,FAILING TO YIELD RIGHT-OF-WAY,NOT APPLICABLE,0,0,0,0,20,5,2,2478,MICHIGAN AVE,41.940751,-87.738525,02/07/2019 09:17:00 PM,2019
CR00014755,02/12/2022 06:33:00 PM,25,CLEAR,DAYLIGHT,REAR END,DIVIDED - W/MEDIAN (NOT RAISED),TRAFFIC SIGNAL,DRIVING SKILLS/KNOWLEDGE/EXPERIENCE,IMPROPER OVERTAKING/PASSING,0,0,0,0,18,7,2,2292,LAKE SHORE DR,41.82543,-87.706701,02/12/2022 07:59:00 PM,2022
CR00014756,10/03/2016 05:00:00 AM,25,CLEAR,DAWN,SIDESWIPE SAME DIRECTION,DIVIDED - W/MEDIAN (NOT RAISED),NO CONTROLS,WEATHER,IMPROPER OVERTAKING/PASSING,0,0,0,0,5,2,10,1518,63RD ST,41.717623,-87.530623,10/03/2016 06:50:00 AM,2016
CR00014757,03/11/2015 03:55:00 PM,30,CLEAR,DAWN,ANGLE,NOT DIVIDED,NO CONTROLS,FAILING TO REDUCE SPEED,DISTRACTION - FROM INSIDE VEHICLE,0,0,2,2,15,4,3,2161,ROOSEVELT RD,41.996397,-87.805916,03/11/2015 05:41:00 PM,2015
CR00014758,06/11/2019 02:31:00 PM,45,CLOUDY/OVERCAST,DARKNESS - LIGHTED ROAD,SIDESWIPE SAME DIRECTION,ONE-WAY,NO CONTROLS,UNABLE TO DETERMINE,WEATHER,0,0,0,0,14,3,6,1760,PULASKI RD,41.780235,-87.62722,06/11/2019 03:30:00 PM,2019
CR00014759,12/17/2023 06:06:00 PM,15,SNOW,DARKNESS,REAR END,T-INTERSECTION,NO CONTROLS,UNABLE TO DETERMINE,NOT APPLICABLE,0,0,0,0,18,1,12,791,BROADWAY,41.794626,-87.611099,12/17/2023 07:41:00 PM,2023
CR00014760,04/16/2022 10:00:00 AM,20,CLOUDY/OVERCAST,DAYLIGHT,FIXED OBJECT,NOT DIVIDED,NO CONTROLS,FOLLOWING TOO CLOSELY,WEATHER,0,0,0,0,10,7,4,2411,DIVISION ST,41.774862,-87.692513,04/16/2022 11:11:00 AM,2022
CR00014761,09/22/2024 12:58:00 PM,40,CLEAR,DAYLIGHT,SIDESWIPE SAME DIRECTION,FOUR WAY,NO CONTROLS,UNABLE TO DETERMINE,UNABLE TO DETERMINE,0,0,0,0,12,1,9,1254,PULASKI RD,41.869456,-87.608639,09/22/2024 01:25:00 PM,2024
CR00014762,12/03/2022 05:21:00 PM,35,CLEAR,DAYLIGHT,REAR END,DIVIDED - W/MEDIAN (NOT RAISED),NO CONTROLS,FAILING TO YIELD RIGHT-OF-WAY,WEATHER,0,0,0,0,17,7,12,2167,ELSTON AVE,41.782531,-87.777815,12/03/2022 06:13:00 PM,2022
CR00014763,06/10/2023 09:32:00 AM,15,CLEAR,DAYLIGHT,PARKED MOTOR VEHICLE,NOT DIVIDED,NO CONTROLS,UNABLE TO DETERMINE,FOLLOWING TOO CLOSELY,0,1,1,2,9,7,6,879,CICERO AVE,41.719151,-87.759962,06/10/2023 10:29:00 AM,2023
CR00014764,01/06/2024 08:12:00 AM,40,CLEAR,DARKNESS,PEDESTRIAN,ONE-WAY,NO CONTROLS,UNABLE TO DETERMINE,IMPROPER OVERTAKING/PASSING,0,0,1,1,8,7,1,2414,OGDEN AVE,41.922659,-87.628495,01/06/2024 08:49:00 AM,2024
CR00014765,11/06/2021 02:07:00 PM,20,CLEAR,DAYLIGHT,TURNING,DIVIDED - W/MEDIAN (NOT RAISED),NO CONTROLS,WEATHER,DISTRACTION - FROM INSIDE VEHICLE,0,0,2,2,14,7,11,536,ASHLAND AVE,41.908924,-87.619968,11/06/2021 02:30:00 PM,2021
CR00014766,07/31/2018 04:14:00 AM,30,CLOUDY/OVERCAST,DAYLIGHT,TURNING,FOUR WAY,TRAFFIC SIGNAL,UNABLE TO DETERMINE,DRIVING SKILLS/KNOWLEDGE/EXPERIENCE,0,0,0,0,4,3,7,169,CALIFORNIA AVE,41.759807,-87.719257,07/31/2018 05:59:00 AM,2018
CR00014767,05/02/2016 06:35:00 PM,25,CLEAR,DAWN,TURNING,NOT DIVIDED,NO CONTROLS,FAILING TO YIELD RIGHT-OF-WAY,UNABLE TO DETERMINE,0,0,0,0,18,2,5,2378,79TH ST,41.926906,-87.801492,05/02/2016 07:32:00 PM,2016
CR00014768,05/09/2021 03:55:00 AM,25,CLEAR,DAYLIGHT,SIDESWIPE SAME DIRECTION,ONE-WAY,NO CONTROLS,FAILING TO YIELD RIGHT-OF-WAY,UNABLE TO DETERMINE,0,1,1,2,3,1,5,2029,BROADWAY,41.945005,-87.682111,05/09/2021 05:26:00 AM,2021
CR00014769,09/11/2024 07:48:00 AM,35,CLEAR,DAYLIGHT,TURNING,DIVIDED - W/MEDIAN (NOT RAISED),STOP SIGN/FLASHER,UNABLE TO DETERMINE,IMPROPER LANE USAGE,0,0,0,0,7,4,9,755,PULASKI RD,41.957203,-87.784373,09/11/2024 09:08:00 AM,2024
CR00014770,12/01/2024 08:14:00 PM,35,CLEAR,DAYLIGHT,SIDESWIPE SAME DIRECTION,ONE-WAY,TRAFFIC SIGNAL,IMPROPER OVERTAKING/PASSING,NOT APPLICABLE,0,0,0,0,20,1,12,2208,ASHLAND AVE,41.928433,-87.531896,12/01/2024 09:52:00 PM,2024
CR00014771,05/06/2019 03:06:00 PM,30,RAIN,DAYLIGHT,REAR END,NOT DIVIDED,NO CONTROLS,UNABLE TO DETERMINE,UNABLE TO DETERMINE,0,0,0,0,15,2,5,490,LAKE SHORE DR,41.728026,-87.620216,05/06/2019 04:03:00 PM,2019
CR00014772,11/18/2022 06:43:00 AM,25,CLOUDY/OVERCAST,DAYLIGHT,PARKED MOTOR VEHICLE,NOT DIVIDED,TRAFFIC SIGNAL,IMPROPER LANE USAGE,NOT APPLICABLE,0,0,0,0,6,6,11,2322,ARCHER AVE,41.897724,-87.708646,11/18/2022 07:03:00 AM,2022
CR00014773,02/12/2023 08:32:00 AM,15,CLEAR,DAYLIGHT,ANGLE,NOT DIVIDED,TRAFFIC SIGNAL,FAILING TO YIELD RIGHT-OF-WAY,NOT APPLICABLE,0,0,1,1,8,1,2,531,CLARK ST,41.77996,-87.524972,02/12/2023 09:54:00 AM,2023
CR00014774,01/06/2021 04:38:00 PM,20,CLEAR,DAYLIGHT,FIXED OBJECT,NOT DIVIDED,NO CONTROLS,DISTRACTION - FROM INSIDE VEHICLE,DISTRACTION - FROM INSIDE VEHICLE,0,0,0,0,16,4,1,1576,ARCHER AVE,41.878535,-87.587862,01/06/2021 05:45:00 PM,2021
CR00014775,03/21/2016 05:13:00 PM,15,SNOW,DAYLIGHT,TURNING,NOT DIVIDED,NO CONTROLS,DISTRACTION - FROM INSIDE VEHICLE,NOT APPLICABLE,0,0,0,0,17,2,3,2298,ASHLAND AVE,41.859482,-87.660367,03/21/2016 05:19:00 PM,2016
CR00014776,10/25/2021 09:21:00 AM,30,RAIN,DAYLIGHT,REAR END,DIVIDED - W/MEDIAN (NOT RAISED),NO CONTROLS,FAILING TO YIELD RIGHT-OF-WAY,DISTRACTION - FROM INSIDE VEHICLE,0,0,0,0,9,2,10,2242,47TH ST,41.810877,-87.846193,10/25/2021 10:22:00 AM,2021
CR00014777,04/25/2019 04:47:00 PM,30,CLEAR,DARKNESS,ANGLE,NOT DIVIDED,TRAFFIC SIGNAL,IMPROPER LANE USAGE,IMPROPER OVERTAKING/PASSING,0,0,3,3,16,5,4,1913,CALIFORNIA AVE,41.938526,-87.569072,04/25/2019 04:56:00 PM,2019
CR00014778,09/05/2021 11:52:00 AM,30,CLEAR,DAYLIGHT,REAR END,ONE-WAY,NO CONTROLS,FAILING TO YIELD RIGHT-OF-WAY,FAILING TO YIELD RIGHT-OF-WAY,0,0,0,0,11,1,9,289,KEDZIE AVE,41.906904,-87.645239,09/05/2021 12:17:00 PM,2021
CR00014779,01/13/2016 06:07:00 PM,30,SNOW,DAYLIGHT,REAR END,ONE-WAY,STOP SIGN/FLASHER,FAILING TO YIELD RIGHT-OF-WAY,UNABLE TO DETERMINE,0,0,0,0,18,4,1,389,ARCHER AVE,41.860787,-87.601704,01/13/2016 06:35:00 PM,2016
CR00014780,04/18/2016 11:20:00 AM,45,CLEAR,DARKNESS - LIGHTED ROAD,FIXED OBJECT,T-INTERSECTION,STOP SIGN/FLASHER,UNABLE TO DETERMINE,NOT APPLICABLE,0,0,2,2,11,2,4,240,ARCHER AVE,41.734435,-87.728821,04/18/2016 11:29:00 AM,2016
CR00014781,12/03/2016 01:16:00 PM,30,CLEAR,DAYLIGHT,REAR END,NOT DIVIDED,NO CONTROLS,FAILING TO YIELD RIGHT-OF-WAY,NOT APPLICABLE,0,0,0,0,13,7,12,586,CICERO AVE,41.741106,-87.798241,12/03/2016 02:28:00 PM,2016
CR00014782,01/14/2024 07:53:00 PM,15,CLEAR,DARKNESS - LIGHTED ROAD,PARKED MOTOR VEHICLE,FOUR WAY,NO CONTROLS,FOLLOWING TOO CLOSELY,FAILING TO YIELD RIGHT-OF-WAY,0,0,0,0,19,1,1,1668,FULLERTON AVE,41.822577,-87.781464,01/14/2024 09:52:00 PM,2024
CR00014783,08/22/2023 03:04:00 PM,20,CLEAR,DARKNESS - LIGHTED ROAD,ANGLE,DIVIDED - W/MEDIAN BARRIER,STOP SIGN/FLASHER,DISTRACTION - FROM INSIDE VEHICLE,DISREGARDING TRAFFIC SIGNALS,0,0,0,0,15,3,8,1887,BROADWAY,41.771563,-87.815344,08/22/2023 03:57:00 PM,2023
CR00014784,07/02/2016 07:18:00 AM,15,SNOW,DARKNESS - LIGHTED ROAD,REAR END,ONE-WAY,NO CONTROLS,DRIVING SKILLS/KNOWLEDGE/EXPERIENCE,NOT APPLICABLE,0,2,3,5,7,7,7,2027,79TH ST,41.945519,-87.669964,07/02/2016 07:25:00 AM,2016
CR00014785,08/01/2017 07:10:00 AM,40,CLEAR,DARKNESS - LIGHTED ROAD,TURNING,ONE-WAY,NO CONTROLS,DRIVING SKILLS/KNOWLEDGE/EXPERIENCE,FAILING TO YIELD RIGHT-OF-WAY,0,0,0,0,7,3,8,2432,ASHLAND AVE,41.820573,-87.505337,08/01/2017 08:01:00 AM,2017
CR00014786,01/20/2017 06:00:00 PM,15,CLEAR,DAYLIGHT,ANGLE,DIVIDED - W/MEDIAN (NOT RAISED),TRAFFIC SIGNAL,FOLLOWING TOO CLOSELY,IMPROPER OVERTAKING/PASSING,0,0,0,0,18,6,1,114,STATE ST,41.826641,-87.501442,01/20/2017 07:14:00 PM,2017
CR00014787,07/19/2020 07:08:00 AM,20,CLEAR,DARKNESS,PEDESTRIAN,NOT DIVIDED,NO CONTROLS,FOLLOWING TOO CLOSELY,FAILING TO REDUCE SPEED,0,0,0,0,7,1,7,1273,WESTERN AVE,41.807635,-87.802484,07/19/2020 08:37:00 AM,2020
CR00014788,03/05/2018 07:13:00 PM,35,CLEAR,DUSK,REAR END,T-INTERSECTION,TRAFFIC SIGNAL,UNABLE TO DETERMINE,DISTRACTION - FROM INSIDE VEHICLE,0,0,0,0,19,2,3,1215,CICERO AVE,41.914712,-87.779449,03/05/2018 08:55:00 PM,2018
CR00014789,07/09/2023 12:42:00 PM,20,CLEAR,DAYLIGHT,PEDESTRIAN,FOUR WAY,NO CONTROLS,FAILING TO REDUCE SPEED,UNABLE TO DETERMINE,0,0,0,0,12,1,7,1000,STONY ISLAND AVE,41.879336,-87.796475,07/09/2023 02:40:00 PM,2023
CR00014790,02/23/2024 02:23:00 PM,20,RAIN,DAYLIGHT,SIDESWIPE SAME DIRECTION,DIVIDED - W/MEDIAN (NOT RAISED),TRAFFIC SIGNAL,FAILING TO REDUCE SPEED,NOT APPLICABLE,0,0,0,0,14,6,2,1650,63RD ST,41.980106,-87.761806,02/23/2024 03:16:00 PM,2024
CR00014791,11/19/2018 02:55:00 PM,35,SNOW,DAYLIGHT,SIDESWIPE SAME DIRECTION,NOT DIVIDED,NO CONTROLS,UNABLE TO DETERMINE,UNABLE TO DETERMINE,0,0,0,0,14,2,11,1539,HALSTED ST,41.826572,-87.623259,11/19/2018 03:30:00 PM,2018
CR00014792,07/06/2017 06:42:00 PM,35,CLOUDY/OVERCAST,DUSK,REAR TO FRONT,ONE-WAY,NO CONTROLS,FOLLOWING TOO CLOSELY,DRIVING SKILLS/KNOWLEDGE/EXPERIENCE,0,0,0,0,18,5,7,1049,LAKE SHORE DR,41.722225,-87.823422,07/06/2017 07:18:00 PM,2017
CR00014793,06/01/2015 08:06:00 PM,35,RAIN,DARKNESS - LIGHTED ROAD,REAR END,ONE-WAY,STOP SIGN/FLASHER,FAILING TO YIELD RIGHT-OF-WAY,UNABLE TO DETERMINE,0,0,0,0,20,2,6,2013,ASHLAND AVE,41.774593,-87.507957,06/01/2015 09:59:00 PM,2015
CR00014794,02/12/2021 04:50:00 PM,30,CLEAR,DARKNESS - LIGHTED ROAD,TURNING,NOT DIVIDED,NO CONTROLS,IMPROPER OVERTAKING/PASSING,UNABLE TO DETERMINE,0,0,0,0,16,6,2,2232,MICHIGAN AVE,41.968597,-87.638468,02/12/2021 06:32:00 PM,2021
CR00014795,10/12/2024 12:47:00 PM,20,RAIN,DAYLIGHT,FIXED OBJECT,T-INTERSECTION,NO CONTROLS,UNABLE TO DETERMINE,DRIVING SKILLS/KNOWLEDGE/EXPERIENCE,0,0,1,1,12,7,10,1112,ARCHER AVE,41.768369,-87.624483,10/12/2024 01:16:00 PM,2024
CR00014796,06/29/2015 07:09:00 PM,15,CLEAR,DAYLIGHT,ANGLE,DIVIDED - W/MEDIAN (NOT RAISED),STOP SIGN/FLASHER,DRIVING SKILLS/KNOWLEDGE/EXPERIENCE,UNABLE TO DETERMINE,0,0,0,0,19,2,6,2268,OGDEN AVE,41.766221,-87.724321,06/29/2015 07:49:00 PM,2015
CR00014797,05/11/2018 02:39:00 PM,35,CLEAR,DAYLIGHT,PARKED MOTOR VEHICLE,DIVIDED - W/MEDIAN (NOT RAISED),TRAFFIC SIGNAL,DISTRACTION - FROM INSIDE VEHICLE,UNABLE TO DETERMINE,0,0,0,0,14,6,5,2078,CICERO AVE,41.939428,-87.690702,05/11/2018 03:14:00 PM,2018
CR00014798,07/21/2017 04:52:00 PM,40,CLEAR,DUSK,ANGLE,NOT DIVIDED,TRAFFIC SIGNAL,UNABLE TO DETERMINE,UNABLE TO DETERMINE,0,0,0,0,16,6,7,1414,CICERO AVE,41.912144,-87.77958,07/21/2017 05:56:00 PM,2017
CR00014799,05/23/2017 07:37:00 AM,35,CLEAR,DAYLIGHT,REAR END,DIVIDED - W/MEDIAN (NOT RAISED),TRAFFIC SIGNAL,UNABLE TO DETERMINE,DRIVING SKILLS/KNOWLEDGE/EXPERIENCE,0,0,0,0,7,3,5,2095,BROADWAY,41.913399,-87.546254,05/23/2017 09:36:00 AM,2017
CR00014800,10/06/2022 03:46:00 PM,30,CLEAR,DAYLIGHT,ANGLE,NOT DIVIDED,TRAFFIC SIGNAL,IMPROPER OVERTAKING/PASSING,DRIVING SKILLS/KNOWLEDGE/EXPERIENCE,0,0,0,0,15,5,10,2488,ASHLAND AVE,41.90971,-87.75364,10/06/2022 04:41:00 PM,2022
CR00014801,01/20/2020 04:03:00 PM,35,CLEAR,DAYLIGHT,TURNING,ONE-WAY,UNKNOWN,UNABLE TO DETERMINE,DISREGARDING TRAFFIC SIGNALS,0,0,0,0,16,2,1,2460,ELSTON AVE,41.910911,-87.757126,01/20/2020 05:40:00 PM,2020
CR00014802,09/20/2019 06:14:00 PM,35,CLEAR,DAYLIGHT,REAR TO FRONT,ONE-WAY,UNKNOWN,UNABLE TO DETERMINE,UNABLE TO DETERMINE,0,0,0,0,18,6,9,232,ASHLAND AVE,41.803547,-87.553049,09/20/2019 06:39:00 PM,2019
CR00014803,04/07/2015 12:55:00 AM,35,CLOUDY/OVERCAST,DUSK,SIDESWIPE SAME DIRECTION,NOT DIVIDED,YIELD,DISTRACTION - FROM INSIDE VEHICLE,NOT APPLICABLE,0,0,0,0,0,3,4,2442,BROADWAY,41.832625,-87.82765,04/07/2015 02:03:00 AM,2015
CR00014804,02/08/2020 09:13:00 AM,40,CLEAR,DAYLIGHT,TURNING,T-INTERSECTION,STOP SIGN/FLASHER,DISTRACTION - FROM INSIDE VEHICLE,UNABLE TO DETERMINE,0,0,0,0,9,7,2,2378,ARCHER AVE,41.852489,-87.545924,02/08/2020 10:26:00 AM,2020
CR00014805,01/28/2021 08:29:00 PM,30,CLEAR,DAYLIGHT,REAR TO FRONT,DIVIDED - W/MEDIAN BARRIER,TRAFFIC SIGNAL,DRIVING SKILLS/KNOWLEDGE/EXPERIENCE,UNABLE TO DETERMINE,0,0,0,0,20,5,1,2098,KEDZIE AVE,41.903518,-87.565436,01/28/2021 09:19:00 PM,2021
CR00014806,06/16/2016 03:43:00 PM,40,CLEAR,DAYLIGHT,SIDESWIPE SAME DIRECTION,ONE-WAY,TRAFFIC SIGNAL,IMPROPER LANE USAGE,FAILING TO YIELD RIGHT-OF-WAY,0,0,0,0,15,5,6,1297,KEDZIE AVE,41.747666,-87.725494,06/16/2016 03:58:00 PM,2016
CR00014807,11/14/2023 02:44:00 PM,15,CLEAR,DAYLIGHT,TURNING,NOT DIVIDED,NO CONTROLS,DRIVING SKILLS/KNOWLEDGE/EXPERIENCE,FAILING TO YIELD RIGHT-OF-WAY,0,0,0,0,14,3,11,164,KEDZIE AVE,41.918826,-87.79555,11/14/2023 04:00:00 PM,2023
CR00014808,04/28/2019 04:59:00 PM,20,CLEAR,DUSK,SIDESWIPE SAME DIRECTION,T-INTERSECTION,NO CONTROLS,FOLLOWING TOO CLOSELY,IMPROPER OVERTAKING/PASSING,0,0,0,0,16,1,4,677,63RD ST,41.704804,-87.622052,04/28/2019 05:09:00 PM,2019
CR00014809,11/08/2016 06:45:00 PM,20,CLOUDY/OVERCAST,DARKNESS - LIGHTED ROAD,ANGLE,NOT DIVIDED,NO CONTROLS,DISREGARDING TRAFFIC SIGNALS,UNABLE TO DETERMINE,0,1,2,3,18,3,11,665,ROOSEVELT RD,41.803742,-87.757488,11/08/2016 08:35:00 PM,2016
CR00014810,08/05/2015 12:46:00 AM,40,CLEAR,DAYLIGHT,REAR END,NOT DIVIDED,NO CONTROLS,IMPROPER LANE USAGE,IMPROPER LANE USAGE,0,0,0,0,0,4,8,1762,IRVING PARK RD,41.791899,-87.79738,08/05/2015 01:53:00 AM,2015
CR00014811,12/13/2016 05:11:00 PM,40,CLEAR,DAYLIGHT,REAR TO FRONT,NOT DIVIDED,NO CONTROLS,IMPROPER LANE USAGE,FAILING TO YIELD RIGHT-OF-WAY,0,0,0,0,17,3,12,722,PULASKI RD,41.849218,-87.636883,12/13/2016 05:29:00 PM,2016
CR00014812,03/12/2022 04:42:00 PM,45,SNOW,DAYLIGHT,SIDESWIPE SAME DIRECTION,DIVIDED - W/MEDIAN (NOT RAISED),STOP SIGN/FLASHER,FAILING TO YIELD RIGHT-OF-WAY,NOT APPLICABLE,0,0,0,0,16,7,3,2426,BROADWAY,41.963727,-87.613264,03/12/2022 06:24:00 PM,2022
CR00014813,05/31/2024 01:16:00 PM,15,CLEAR,DAYLIGHT,REAR TO FRONT,NOT DIVIDED,NO CONTROLS,FOLLOWING TOO CLOSELY,IMPROPER OVERTAKING/PASSING,0,0,0,0,13,6,5,1534,LAKE SHORE DR,41.995807,-87.521684,05/31/2024 02:17:00 PM,2024
CR00014814,12/10/2024 03:14:00 PM,35,CLEAR,DAYLIGHT,REAR END,DIVIDED - W/MEDIAN (NOT RAISED),UNKNOWN,DISTRACTION - FROM INSIDE VEHICLE,FAILING TO YIELD RIGHT-OF-WAY,0,0,0,0,15,3,12,1916,STONY ISLAND AVE,41.893332,-87.810175,12/10/2024 04:56:00 PM,2024
CR00014815,11/10/2019 08:47:00 AM,30,CLEAR,DAYLIGHT,TURNING,FOUR WAY,TRAFFIC SIGNAL,UNABLE TO DETERMINE,NOT APPLICABLE,0,0,3,3,8,1,11,2184,CICERO AVE,41.819029,-87.784058,11/10/2019 09:35:00 AM,2019
CR00014816,03/30/2018 12:06:00 PM,45,CLEAR,DAYLIGHT,SIDESWIPE SAME DIRECTION,DIVIDED - W/MEDIAN (NOT RAISED),STOP SIGN/FLASHER,UNABLE TO DETERMINE,FOLLOWING TOO CLOSELY,0,0,0,0,12,6,3,614,MICHIGAN AVE,41.80048,-87.538083,03/30/2018 01:14:00 PM,2018
CR00014817,12/07/2015 09:03:00 AM,45,CLEAR,DAYLIGHT,REAR END,NOT DIVIDED,YIELD,UNABLE TO DETERMINE,IMPROPER LANE USAGE,0,1,1,2,9,2,12,1659,CLARK ST,41.892901,-87.80643,12/07/2015 10:03:00 AM,2015
CR00014818,12/10/2019 12:46:00 PM,15,CLEAR,DARKNESS - LIGHTED ROAD,SIDESWIPE SAME DIRECTION,DIVIDED - W/MEDIAN BARRIER,STOP SIGN/FLASHER,UNABLE TO DETERMINE,FAILING TO REDUCE SPEED,0,0,0,0,12,3,12,170,ARCHER AVE,41.9661,-87.529503,12/10/2019 02:27:00 PM,2019
CR00014819,09/12/2017 09:29:00 AM,30,CLEAR,DARKNESS - LIGHTED ROAD,SIDESWIPE SAME DIRECTION,NOT DIVIDED,NO CONTROLS,IMPROPER OVERTAKING/PASSING,NOT APPLICABLE,0,0,0,0,9,3,9,1417,FULLERTON AVE,41.823212,-87.849466,09/12/2017 10:35:00 AM,2017
CR00014820,06/27/2023 07:12:00 PM,35,CLEAR,DAYLIGHT,TURNING,NOT DIVIDED,TRAFFIC SIGNAL,FAILING TO YIELD RIGHT-OF-WAY,NOT APPLICABLE,0,0,0,0,19,3,6,182,CLARK ST,41.881076,-87.575989,06/27/2023 08:16:00 PM,2023