CRASH_RECORD_ID,CRASH_DATE,POSTED_SPEED_LIMIT,WEATHER_CONDITION,LIGHTING_CONDITION,FIRST_CRASH_TYPE,TRAFFICWAY_TYPE,TRAFFIC_CONTROL_DEVICE,PRIM_CONTRIBUTORY_CAUSE,SEC_CONTRIBUTORY_CAUSE,INJURIES_FATAL,INJURIES_INCAPACITATING,INJURIES_NON_INCAPACITATING,INJURIES_TOTAL,CRASH_HOUR,CRASH_DAY_OF_WEEK,CRASH_MONTH,BEAT_OF_OCCURRENCE,STREET_NAME,LATITUDE,LONGITUDE,DATE_POLICE_NOTIFIED,year
CR00014821,06/07/2015 06:52:00 PM,40,CLEAR,DAYLIGHT,REAR END,T-INTERSECTION,NO CONTROLS,FOLLOWING TOO CLOSELY,IMPROPER OVERTAKING/PASSING,0,0,0,0,18,1,6,1419,ROOSEVELT RD,41.916329,-87.625648,06/07/2015 08:03:00 PM,2015
CR00014822,09/19/2016 04:20:00 PM,45,CLEAR,DAYLIGHT,PARKED MOTOR VEHICLE,DIVIDED - W/MEDIAN (NOT RAISED),NO CONTROLS,DISTRACTION - FROM INSIDE VEHICLE,IMPROPER LANE USAGE,0,0,0,0,16,2,9,589,79TH ST,41.743356,-87.788577,09/19/2016 06:02:00 PM,2016
CR00014823,05/31/2024 04:43:00 AM,35,RAIN,DAYLIGHT,REAR END,ONE-WAY,UNKNOWN,DISTRACTION - FROM INSIDE VEHICLE,FOLLOWING TOO CLOSELY,0,0,0,0,4,6,5,568,IRVING PARK RD,41.748778,-87.782529,05/31/2024 04:59:00 AM,2024
CR00014824,03/09/2018 09:27:00 AM,25,CLEAR,DARKNESS - LIGHTED ROAD,SIDESWIPE SAME DIRECTION,NOT DIVIDED,STOP SIGN/FLASHER,FAILING TO YIELD RIGHT-OF-WAY,IMPROPER LANE USAGE,0,0,0,0,9,6,3,866,79TH ST,41.791792,-87.78349,03/09/2018 09:56:00 AM,2018
CR00014825,11/13/2023 05:38:00 PM,30,CLEAR,DAYLIGHT,REAR TO FRONT,NOT DIVIDED,NO CONTROLS,FAILING TO YIELD RIGHT-OF-WAY,IMPROPER LANE USAGE,0,0,0,0,17,2,11,2489,CICERO AVE,41.931251,-87.683993,11/13/2023 05:54:00 PM,2023
CR00014826,01/28/2021 02:05:00 PM,35,CLEAR,DARKNESS - LIGHTED ROAD,ANGLE,FOUR WAY,NO CONTROLS,IMPROPER OVERTAKING/PASSING,FOLLOWING TOO CLOSELY,0,0,0,0,14,5,1,122,79TH ST,41.816666,-87.515013,01/28/2021 03:41:00 PM,2021
CR00014827,01/16/2021 12:54:00 PM,25,CLEAR,DARKNESS - LIGHTED ROAD,SIDESWIPE SAME DIRECTION,ONE-WAY,NO CONTROLS,FOLLOWING TOO CLOSELY,NOT APPLICABLE,0,0,0,0,12,7,1,2352,IRVING PARK RD,41.852043,-87.595172,01/16/2021 01:29:00 PM,2021
CR00014828,10/24/2022 12:23:00 AM,45,CLEAR,DAYLIGHT,ANGLE,FOUR WAY,NO CONTROLS,IMPROPER OVERTAKING/PASSING,FAILING TO YIELD RIGHT-OF-WAY,0,0,0,0,0,2,10,1725,CICERO AVE,41.967563,-87.562596,10/24/2022 01:48:00 AM,2022
CR00014829,08/28/2016 06:23:00 PM,45,CLEAR,DAYLIGHT,REAR END,DIVIDED - W/MEDIAN (NOT RAISED),YIELD,DRIVING SKILLS/KNOWLEDGE/EXPERIENCE,IMPROPER LANE USAGE,0,0,0,0,18,1,8,416,MILWAUKEE AVE,41.986005,-87.841548,08/28/2016 06:34:00 PM,2016
CR00014830,07/21/2024 08:19:00 AM,30,SNOW,DARKNESS - LIGHTED ROAD,ANGLE,ONE-WAY,NO CONTROLS,UNABLE TO DETERMINE,UNABLE TO DETERMINE,0,0,1,1,8,1,7,1606,PULASKI RD,41.732618,-87.753983,07/21/2024 10:09:00 AM,2024
CR00014831,02/02/2019 04:42:00 AM,25,CLEAR,DAYLIGHT,FIXED OBJECT,DIVIDED - W/MEDIAN (NOT RAISED),TRAFFIC SIGNAL,FAILING TO REDUCE SPEED,DRIVING SKILLS/KNOWLEDGE/EXPERIENCE,0,0,0,0,4,7,2,694,IRVING PARK RD,41.810257,-87.633799,02/02/2019 05:40:00 AM,2019
CR00014832,09/10/2020 10:18:00 AM,15,CLOUDY/OVERCAST,DARKNESS - LIGHTED ROAD,REAR END,ONE-WAY,NO CONTROLS,FOLLOWING TOO CLOSELY,IMPROPER OVERTAKING/PASSING,0,0,0,0,10,5,9,2145,IRVING PARK RD,41.736213,-87.587412,09/10/2020 11:03:00 AM,2020
CR00014833,04/11/2017 04:50:00 AM,30,CLEAR,DARKNESS - LIGHTED ROAD,PEDESTRIAN,DIVIDED - W/MEDIAN (NOT RAISED),NO CONTROLS,FOLLOWING TOO CLOSELY,DISTRACTION - FROM INSIDE VEHICLE,0,0,0,0,4,3,4,1838,OGDEN AVE,41.718153,-87.5747,04/11/2017 06:01:00 AM,2017
CR00014834,09/09/2018 06:38:00 AM,30,RAIN,DAWN,REAR END,T-INTERSECTION,NO CONTROLS,FOLLOWING TOO CLOSELY,DRIVING SKILLS/KNOWLEDGE/EXPERIENCE,0,0,2,2,6,1,9,2190,CLARK ST,41.758083,-87.557382,09/09/2018 06:48:00 AM,2018
CR00014835,01/24/2021 03:50:00 PM,15,CLEAR,DAYLIGHT,TURNING,FOUR WAY,TRAFFIC SIGNAL,FOLLOWING TOO CLOSELY,FOLLOWING TOO CLOSELY,0,0,0,0,15,1,1,2005,MICHIGAN AVE,41.834308,-87.83917,01/24/2021 04:23:00 PM,2021
CR00014836,02/15/2017 09:56:00 AM,30,CLEAR,DAYLIGHT,REAR END,NOT DIVIDED,TRAFFIC SIGNAL,UNABLE TO DETERMINE,DISTRACTION - FROM INSIDE VEHICLE,0,0,1,1,9,4,2,671,63RD ST,41.792545,-87.546129,02/15/2017 11:10:00 AM,2017
CR00014837,10/17/2023 04:44:00 PM,20,CLEAR,DAYLIGHT,REAR END,NOT DIVIDED,UNKNOWN,IMPROPER OVERTAKING/PASSING,UNABLE TO DETERMINE,0,0,3,3,16,3,10,2373,CALIFORNIA AVE,41.956943,-87.609199,10/17/2023 05:43:00 PM,2023
CR00014838,09/06/2017 10:43:00 AM,30,CLEAR,DAYLIGHT,PARKED MOTOR VEHICLE,NOT DIVIDED,TRAFFIC SIGNAL,DRIVING SKILLS/KNOWLEDGE/EXPERIENCE,FOLLOWING TOO CLOSELY,0,0,0,0,10,4,9,1809,KEDZIE AVE,41.981329,-87.647767,09/06/2017 12:02:00 PM,2017
CR00014839,12/09/2015 06:50:00 PM,30,CLOUDY/OVERCAST,DARKNESS,REAR END,ONE-WAY,NO CONTROLS,UNABLE TO DETERMINE,FAILING TO YIELD RIGHT-OF-WAY,0,0,0,0,18,4,12,2109,OGDEN AVE,41.767028,-87.624183,12/09/2015 08:11:00 PM,2015
CR00014840,12/14/2021 02:51:00 AM,15,SNOW,DAYLIGHT,PARKED MOTOR VEHICLE,NOT DIVIDED,NO CONTROLS,UNABLE TO DETERMINE,NOT APPLICABLE,0,0,0,0,2,3,12,1758,FULLERTON AVE,41.709149,-87.824976,12/14/2021 04:32:00 AM,2021
CR00014841,07/24/2024 02:51:00 PM,30,CLEAR,DAYLIGHT,SIDESWIPE SAME DIRECTION,ONE-WAY,STOP SIGN/FLASHER,UNABLE TO DETERMINE,DRIVING SKILLS/KNOWLEDGE/EXPERIENCE,0,0,0,0,14,4,7,2415,ELSTON AVE,41.99788,-87.526127,07/24/2024 04:15:00 PM,2024
CR00014842,07/28/2021 08:40:00 PM,30,RAIN,DAYLIGHT,PARKED MOTOR VEHICLE,NOT DIVIDED,NO CONTROLS,DISREGARDING TRAFFIC SIGNALS,DRIVING SKILLS/KNOWLEDGE/EXPERIENCE,0,0,0,0,20,4,7,1291,HALSTED ST,41.717978,-87.720723,07/28/2021 10:22:00 PM,2021
CR00014843,03/29/2023 11:51:00 AM,35,RAIN,DAYLIGHT,REAR END,DIVIDED - W/MEDIAN BARRIER,YIELD,FAILING TO REDUCE SPEED,FOLLOWING TOO CLOSELY,0,0,0,0,11,4,3,1128,ARCHER AVE,41.730539,-87.595971,03/29/2023 01:24:00 PM,2023
CR00014844,06/03/2023 07:10:00 PM,30,CLEAR,DAYLIGHT,PEDESTRIAN,NOT DIVIDED,NO CONTROLS,IMPROPER OVERTAKING/PASSING,FAILING TO YIELD RIGHT-OF-WAY,0,0,0,0,19,7,6,2293,MICHIGAN AVE,41.984064,-87.523348,06/03/2023 08:09:00 PM,2023
CR00014845,03/03/2024 07:46:00 PM,30,CLEAR,DARKNESS,REAR END,ONE-WAY,STOP SIGN/FLASHER,IMPROPER LANE USAGE,UNABLE TO DETERMINE,0,0,0,0,19,1,3,1817,STATE ST,41.95601,-87.682484,03/03/2024 08:06:00 PM,2024
CR00014846,09/10/2024 09:12:00 AM,45,RAIN,DAYLIGHT,REAR END,ONE-WAY,TRAFFIC SIGNAL,FAILING TO REDUCE SPEED,FAILING TO YIELD RIGHT-OF-WAY,0,0,0,0,9,3,9,1465,DIVISION ST,41.706891,-87.610425,09/10/2024 09:47:00 AM,2024
CR00014847,01/29/2021 11:43:00 AM,15,RAIN,DAYLIGHT,TURNING,NOT DIVIDED,NO CONTROLS,FAILING TO REDUCE SPEED,NOT APPLICABLE,0,0,0,0,11,6,1,1175,STONY ISLAND AVE,41.751211,-87.722643,01/29/2021 12:20:00 PM,2021
CR00014848,12/13/2015 04:34:00 PM,30,RAIN,DAYLIGHT,REAR END,FOUR WAY,STOP SIGN/FLASHER,DRIVING SKILLS/KNOWLEDGE/EXPERIENCE,NOT APPLICABLE,0,0,0,0,16,1,12,214,ASHLAND AVE,41.780778,-87.538515,12/13/2015 06:33:00 PM,2015
CR00014849,05/16/2016 07:21:00 AM,20,CLEAR,DAYLIGHT,ANGLE,T-INTERSECTION,STOP SIGN/FLASHER,FOLLOWING TOO CLOSELY,UNABLE TO DETERMINE,0,0,0,0,7,2,5,2526,ROOSEVELT RD,41.835162,-87.772197,05/16/2016 08:35:00 AM,2016
CR00014850,05/23/2023 09:52:00 AM,30,CLEAR,DARKNESS - LIGHTED ROAD,REAR END,DIVIDED - W/MEDIAN (NOT RAISED),TRAFFIC SIGNAL,DRIVING SKILLS/KNOWLEDGE/EXPERIENCE,IMPROPER OVERTAKING/PASSING,0,0,3,3,9,3,5,1058,IRVING PARK RD,41.759168,-87.755016,05/23/2023 11:20:00 AM,2023
CR00014851,01/04/2022 11:42:00 AM,20,CLEAR,DAYLIGHT,SIDESWIPE SAME DIRECTION,NOT DIVIDED,STOP SIGN/FLASHER,UNABLE TO DETERMINE,FAILING TO REDUCE SPEED,0,0,1,1,11,3,1,1225,HALSTED ST,41.971854,-87.806816,01/04/2022 01:10:00 PM,2022
CR00014852,07/07/2022 10:09:00 PM,45,CLEAR,DAYLIGHT,REAR TO FRONT,DIVIDED - W/MEDIAN (NOT RAISED),YIELD,DRIVING SKILLS/KNOWLEDGE/EXPERIENCE,UNABLE TO DETERMINE,0,0,0,0,22,5,7,1716,LAKE SHORE DR,41.994977,-87.846219,07/07/2022 11:21:00 PM,2022
CR00014853,12/11/2016 05:32:00 PM,40,RAIN,DAYLIGHT,ANGLE,DIVIDED - W/MEDIAN BARRIER,NO CONTROLS,DISTRACTION - FROM INSIDE VEHICLE,DRIVING SKILLS/KNOWLEDGE/EXPERIENCE,0,0,2,2,17,1,12,1562,FULLERTON AVE,41.862634,-87.732726,12/11/2016 07:25:00 PM,2016
CR00014854,06/17/2015 11:32:00 AM,40,CLEAR,DAYLIGHT,ANGLE,DIVIDED - W/MEDIAN (NOT RAISED),NO CONTROLS,UNABLE TO DETERMINE,FAILING TO YIELD RIGHT-OF-WAY,0,0,0,0,11,4,6,831,79TH ST,41.98639,-87.502168,06/17/2015 12:59:00 PM,2015
CR00014855,06/15/2023 08:13:00 AM,30,CLEAR,DAYLIGHT,REAR END,ONE-WAY,NO CONTROLS,UNABLE TO DETERMINE,UNABLE TO DETERMINE,0,0,0,0,8,5,6,349,STATE ST,41.870125,-87.829113,06/15/2023 10:00:00 AM,2023
CR00014856,09/03/2023 09:17:00 AM,45,SNOW,DAYLIGHT,PARKED MOTOR VEHICLE,NOT DIVIDED,UNKNOWN,DISREGARDING TRAFFIC SIGNALS,IMPROPER OVERTAKING/PASSING,0,0,0,0,9,1,9,1337,PULASKI RD,41.768813,-87.674337,09/03/2023 09:27:00 AM,2023
CR00014857,01/25/2021 08:48:00 PM,30,SNOW,DAYLIGHT,REAR END,FOUR WAY,NO CONTROLS,FAILING TO REDUCE SPEED,FOLLOWING TOO CLOSELY,0,0,3,3,20,2,1,994,DIVISION ST,41.713193,-87.554848,01/25/2021 10:30:00 PM,2021
CR00014858,11/26/2020 08:43:00 AM,15,CLEAR,DAYLIGHT,TURNING,ONE-WAY,TRAFFIC SIGNAL,DRIVING SKILLS/KNOWLEDGE/EXPERIENCE,NOT APPLICABLE,0,0,0,0,8,5,11,1718,DAMEN AVE,41.774831,-87.71542,11/26/2020 09:38:00 AM,2020
CR00014859,01/01/2019 10:10:00 PM,30,CLEAR,DAYLIGHT,REAR TO FRONT,DIVIDED - W/MEDIAN BARRIER,STOP SIGN/FLASHER,FAILING TO YIELD RIGHT-OF-WAY,NOT APPLICABLE,0,0,0,0,22,3,1,1296,DAMEN AVE,41.708445,-87.574202,01/01/2019 10:41:00 PM,2019
CR00014860,01/11/2017 02:01:00 PM,30,SNOW,DUSK,PARKED MOTOR VEHICLE,T-INTERSECTION,TRAFFIC SIGNAL,DRIVING SKILLS/KNOWLEDGE/EXPERIENCE,FAILING TO YIELD RIGHT-OF-WAY,0,0,0,0,14,4,1,1327,DAMEN AVE,41.761098,-87.638337,01/11/2017 02:57:00 PM,2017
CR00014861,08/03/2018 04:53:00 AM,30,CLOUDY/OVERCAST,DAYLIGHT,PARKED MOTOR VEHICLE,ONE-WAY,NO CONTROLS,DISREGARDING TRAFFIC SIGNALS,DRIVING SKILLS/KNOWLEDGE/EXPERIENCE,0,0,2,2,4,6,8,1528,MILWAUKEE AVE,41.752198,-87.600299,08/03/2018 06:07:00 AM,2018
CR00014862,05/09/2017 04:25:00 PM,30,SNOW,DAYLIGHT,REAR END,NOT DIVIDED,YIELD,FOLLOWING TOO CLOSELY,IMPROPER LANE USAGE,0,0,0,0,16,3,5,621,DAMEN AVE,41.830051,-87.810674,05/09/2017 04:58:00 PM,2017
CR00014863,03/25/2017 06:06:00 PM,30,CLEAR,DAYLIGHT,ANGLE,NOT DIVIDED,NO CONTROLS,DRIVING SKILLS/KNOWLEDGE/EXPERIENCE,FAILING TO REDUCE SPEED,0,0,0,0,18,7,3,1244,CLARK ST,41.769352,-87.760372,03/25/2017 07:07:00 PM,2017
CR00014864,08/15/2015 12:08:00 AM,40,CLEAR,DARKNESS - LIGHTED ROAD,SIDESWIPE SAME DIRECTION,ONE-WAY,NO CONTROLS,FAILING TO YIELD RIGHT-OF-WAY,IMPROPER OVERTAKING/PASSING,0,0,0,0,0,7,8,930,ASHLAND AVE,41.995199,-87.556207,08/15/2015 01:48:00 AM,2015
CR00014865,06/09/2022 02:46:00 PM,40,CLEAR,DAYLIGHT,ANGLE,NOT DIVIDED,NO CONTROLS,FAILING TO REDUCE SPEED,NOT APPLICABLE,0,0,0,0,14,5,6,377,ASHLAND AVE,41.715865,-87.72674,06/09/2022 03:57:00 PM,2022
CR00014866,03/08/2024 07:34:00 AM,35,CLEAR,DARKNESS - LIGHTED ROAD,PARKED MOTOR VEHICLE,NOT DIVIDED,TRAFFIC SIGNAL,IMPROPER OVERTAKING/PASSING,DRIVING SKILLS/KNOWLEDGE/EXPERIENCE,0,0,0,0,7,6,3,2198,CLARK ST,41.950382,-87.583832,03/08/2024 09:15:00 AM,2024
CR00014867,05/04/2020 12:42:00 PM,45,CLEAR,DARKNESS - LIGHTED ROAD,REAR END,NOT DIVIDED,NO CONTROLS,IMPROPER OVERTAKING/PASSING,FAILING TO REDUCE SPEED,0,1,3,4,12,2,5,573,ROOSEVELT RD,41.787162,-87.721176,05/04/2020 01:22:00 PM,2020
CR00014868,03/15/2016 11:10:00 AM,30,CLEAR,DAYLIGHT,TURNING,ONE-WAY,NO CONTROLS,FAILING TO YIELD RIGHT-OF-WAY,DISREGARDING TRAFFIC SIGNALS,0,0,0,0,11,3,3,1687,CICERO AVE,41.996809,-87.805754,03/15/2016 11:30:00 AM,2016
CR00014869,04/27/2024 01:08:00 PM,30,CLEAR,DAYLIGHT,SIDESWIPE SAME DIRECTION,NOT DIVIDED,TRAFFIC SIGNAL,FAILING TO YIELD RIGHT-OF-WAY,FAILING TO REDUCE SPEED,0,0,0,0,13,7,4,222,DAMEN AVE,41.948716,-87.739899,04/27/2024 02:49:00 PM,2024
CR00014870,08/06/2017 09:06:00 AM,40,CLOUDY/OVERCAST,DARKNESS - LIGHTED ROAD,REAR END,DIVIDED - W/MEDIAN (NOT RAISED),NO CONTROLS,IMPROPER LANE USAGE,FOLLOWING TOO CLOSELY,0,0,0,0,9,1,8,516,CICERO AVE,41.929716,-87.602141,08/06/2017 10:22:00 AM,2017
CR00014871,07/26/2023 07:40:00 PM,30,SNOW,DARKNESS - LIGHTED ROAD,ANGLE,DIVIDED - W/MEDIAN BARRIER,NO CONTROLS,DRIVING SKILLS/KNOWLEDGE/EXPERIENCE,DRIVING SKILLS/KNOWLEDGE/EXPERIENCE,0,0,0,0,19,4,7,2263,FULLERTON AVE,41.753162,-87.820367,07/26/2023 09:01:00 PM,2023
CR00014872,01/01/2015 07:59:00 AM,15,CLEAR,DAYLIGHT,REAR END,NOT DIVIDED,NO CONTROLS,UNABLE TO DETERMINE,FAILING TO REDUCE SPEED,0,0,2,2,7,5,1,1682,79TH ST,41.940489,-87.721471,01/01/2015 09:47:00 AM,2015
CR00014873,08/24/2016 12:33:00 PM,15,CLEAR,DARKNESS,SIDESWIPE SAME DIRECTION,FOUR WAY,NO CONTROLS,UNABLE TO DETERMINE,UNABLE TO DETERMINE,0,1,3,4,12,4,8,1804,MICHIGAN AVE,41.983911,-87.815834,08/24/2016 01:53:00 PM,2016
CR00014874,03/15/2015 03:11:00 AM,15,RAIN,DAYLIGHT,ANGLE,T-INTERSECTION,NO CONTROLS,DISTRACTION - FROM INSIDE VEHICLE,DISTRACTION - FROM INSIDE VEHICLE,0,0,0,0,3,1,3,2186,FULLERTON AVE,41.76139,-87.551894,03/15/2015 03:30:00 AM,2015
CR00014875,06/07/2017 11:52:00 AM,45,CLEAR,DARKNESS - LIGHTED ROAD,SIDESWIPE SAME DIRECTION,DIVIDED - W/MEDIAN BARRIER,NO CONTROLS,DISREGARDING TRAFFIC SIGNALS,FOLLOWING TOO CLOSELY,0,0,0,0,11,4,6,2151,HALSTED ST,41.825238,-87.830895,06/07/2017 12:17:00 PM,2017
CR00014876,11/05/2017 05:28:00 PM,30,RAIN,DAYLIGHT,ANGLE,DIVIDED - W/MEDIAN (NOT RAISED),TRAFFIC SIGNAL,UNABLE TO DETERMINE,UNABLE TO DETERMINE,0,0,0,0,17,1,11,341,CALIFORNIA AVE,41.83982,-87.745886,11/05/2017 07:27:00 PM,2017
CR00014877,12/11/2023 07:26:00 AM,30,CLEAR,DAYLIGHT,ANGLE,DIVIDED - W/MEDIAN BARRIER,UNKNOWN,IMPROPER OVERTAKING/PASSING,NOT APPLICABLE,0,0,0,0,7,2,12,1676,63RD ST,41.75867,-87.80883,12/11/2023 08:23:00 AM,2023
CR00014878,04/21/2022 11:33:00 AM,30,CLEAR,DAYLIGHT,REAR END,NOT DIVIDED,TRAFFIC SIGNAL,DRIVING SKILLS/KNOWLEDGE/EXPERIENCE,NOT APPLICABLE,0,0,0,0,11,5,4,499,MILWAUKEE AVE,41.711118,-87.602309,04/21/2022 11:48:00 AM,2022
CR00014879,02/04/2016 08:04:00 PM,35,CLEAR,DAYLIGHT,TURNING,NOT DIVIDED,STOP SIGN/FLASHER,FAILING TO YIELD RIGHT-OF-WAY,NOT APPLICABLE,0,0,0,0,20,5,2,2312,ROOSEVELT RD,41.955266,-87.590218,02/04/2016 08:37:00 PM,2016
CR00014880,08/16/2019 11:31:00 PM,25,RAIN,DAYLIGHT,PEDESTRIAN,DIVIDED - W/MEDIAN BARRIER,NO CONTROLS,FAILING TO REDUCE SPEED,UNABLE TO DETERMINE,0,0,0,0,23,6,8,1361,ARCHER AVE,41.989219,-87.747869,08/17/2019 12:43:00 AM,2019
CR00014881,04/07/2020 01:15:00 PM,30,CLEAR,DARKNESS - LIGHTED ROAD,ANGLE,NOT DIVIDED,STOP SIGN/FLASHER,IMPROPER OVERTAKING/PASSING,FAILING TO YIELD RIGHT-OF-WAY,0,0,0,0,13,3,4,2285,47TH ST,41.772917,-87.535412,04/07/2020 01:54:00 PM,2020
CR00014882,07/08/2022 06:06:00 PM,35,CLEAR,DARKNESS - LIGHTED ROAD,TURNING,NOT DIVIDED,NO CONTROLS,FOLLOWING TOO CLOSELY,UNABLE TO DETERMINE,0,0,0,0,18,6,7,1736,63RD ST,41.966712,-87.567683,07/08/2022 07:34:00 PM,2022
CR00014883,03/27/2021 09:01:00 AM,45,CLEAR,DARKNESS - LIGHTED ROAD,PARKED MOTOR VEHICLE,DIVIDED - W/MEDIAN BARRIER,TRAFFIC SIGNAL,UNABLE TO DETERMINE,UNABLE TO DETERMINE,0,0,0,0,9,7,3,605,MILWAUKEE AVE,41.728889,-87.66599,03/27/2021 10:45:00 AM,2021
CR00014884,05/02/2021 07:10:00 PM,40,CLEAR,DARKNESS,TURNING,DIVIDED - W/MEDIAN (NOT RAISED),TRAFFIC SIGNAL,IMPROPER OVERTAKING/PASSING,UNABLE TO DETERMINE,0,0,0,0,19,1,5,1239,63RD ST,41.734449,-87.553529,05/02/2021 07:20:00 PM,2021
CR00014885,06/02/2023 11:10:00 AM,30,CLEAR,DARKNESS - LIGHTED ROAD,REAR END,DIVIDED - W/MEDIAN (NOT RAISED),STOP SIGN/FLASHER,UNABLE TO DETERMINE,NOT APPLICABLE,0,0,0,0,11,6,6,2430,WESTERN AVE,41.764145,-87.607559,06/02/2023 01:09:00 PM,2023
CR00014886,10/12/2024 07:39:00 AM,30,CLEAR,DAWN,REAR END,ONE-WAY,TRAFFIC SIGNAL,IMPROPER OVERTAKING/PASSING,DRIVING SKILLS/KNOWLEDGE/EXPERIENCE,0,0,0,0,7,7,10,446,CLARK ST,41.752834,-87.832581,10/12/2024 08:25:00 AM,2024
CR00014887,07/04/2020 07:41:00 AM,35,CLEAR,DARKNESS - LIGHTED ROAD,PARKED MOTOR VEHICLE,DIVIDED - W/MEDIAN BARRIER,NO CONTROLS,UNABLE TO DETERMINE,DRIVING SKILLS/KNOWLEDGE/EXPERIENCE,0,0,0,0,7,7,7,851,79TH ST,41.875758,-87.567096,07/04/2020 08:13:00 AM,2020
CR00014888,09/15/2015 09:46:00 PM,20,SNOW,DAYLIGHT,SIDESWIPE SAME DIRECTION,DIVIDED - W/MEDIAN (NOT RAISED),NO CONTROLS,DRIVING SKILLS/KNOWLEDGE/EXPERIENCE,FAILING TO YIELD RIGHT-OF-WAY,0,0,0,0,21,3,9,963,MILWAUKEE AVE,41.764818,-87.545674,09/15/2015 11:22:00 PM,2015
CR00014889,08/24/2017 02:58:00 PM,15,RAIN,DARKNESS - LIGHTED ROAD,REAR END,ONE-WAY,NO CONTROLS,UNABLE TO DETERMINE,DRIVING SKILLS/KNOWLEDGE/EXPERIENCE,0,0,0,0,14,5,8,1240,ASHLAND AVE,41.792248,-87.685321,08/24/2017 04:43:00 PM,2017
CR00014890,12/29/2016 06:39:00 PM,35,CLEAR,DARKNESS - LIGHTED ROAD,REAR END,FOUR WAY,STOP SIGN/FLASHER,UNABLE TO DETERMINE,FAILING TO YIELD RIGHT-OF-WAY,0,0,0,0,18,5,12,1511,STATE ST,41.852906,-87.526782,12/29/2016 08:17:00 PM,2016
CR00014891,08/28/2023 10:07:00 AM,30,CLEAR,DAYLIGHT,REAR END,DIVIDED - W/MEDIAN (NOT RAISED),NO CONTROLS,FAILING TO REDUCE SPEED,FAILING TO YIELD RIGHT-OF-WAY,0,0,0,0,10,2,8,2174,ARCHER AVE,41.968831,-87.847992,08/28/2023 11:10:00 AM,2023
CR00014892,01/14/2022 01:16:00 PM,35,CLEAR,DAYLIGHT,FIXED OBJECT,NOT DIVIDED,NO CONTROLS,UNABLE TO DETERMINE,NOT APPLICABLE,0,0,0,0,13,6,1,155,MICHIGAN AVE,41.791059,-87.622495,01/14/2022 02:00:00 PM,2022
CR00014893,04/29/2015 04:26:00 PM,45,CLEAR,DARKNESS - LIGHTED ROAD,ANGLE,FOUR WAY,TRAFFIC SIGNAL,UNABLE TO DETERMINE,IMPROPER OVERTAKING/PASSING,0,0,0,0,16,4,4,952,MICHIGAN AVE,41.739208,-87.673212,04/29/2015 05:10:00 PM,2015
CR00014894,12/15/2024 01:24:00 PM,30,CLEAR,DAYLIGHT,REAR END,ONE-WAY,NO CONTROLS,FAILING TO REDUCE SPEED,FOLLOWING TOO CLOSELY,0,0,0,0,13,1,12,2099,BROADWAY,41.774762,-87.615185,12/15/2024 02:08:00 PM,2024
CR00014895,07/10/2016 03:54:00 PM,40,RAIN,DAYLIGHT,REAR END,DIVIDED - W/MEDIAN BARRIER,STOP SIGN/FLASHER,UNABLE TO DETERMINE,DRIVING SKILLS/KNOWLEDGE/EXPERIENCE,0,0,0,0,15,1,7,236,PULASKI RD,41.719694,-87.821272,07/10/2016 04:57:00 PM,2016
CR00014896,12/23/2018 01:41:00 PM,30,CLEAR,DAWN,REAR END,DIVIDED - W/MEDIAN (NOT RAISED),NO CONTROLS,IMPROPER OVERTAKING/PASSING,FAILING TO REDUCE SPEED,0,0,0,0,13,1,12,2465,DIVISION ST,41.958346,-87.573559,12/23/2018 02:28:00 PM,2018
CR00014897,05/29/2019 07:10:00 AM,30,CLEAR,DARKNESS,TURNING,DIVIDED - W/MEDIAN (NOT RAISED),NO CONTROLS,UNABLE TO DETERMINE,NOT APPLICABLE,0,0,0,0,7,4,5,2335,FULLERTON AVE,41.924243,-87.60322,05/29/2019 08:28:00 AM,2019
CR00014898,09/20/2024 09:45:00 AM,30,CLOUDY/OVERCAST,DAYLIGHT,TURNING,NOT DIVIDED,TRAFFIC SIGNAL,FOLLOWING TOO CLOSELY,UNABLE TO DETERMINE,0,0,0,0,9,6,9,2091,DAMEN AVE,41.845478,-87.664899,09/20/2024 11:09:00 AM,2024
CR00014899,04/20/2019 04:29:00 PM,30,CLEAR,DARKNESS - LIGHTED ROAD,SIDESWIPE SAME DIRECTION,ONE-WAY,TRAFFIC SIGNAL,FAILING TO REDUCE SPEED,DISTRACTION - FROM INSIDE VEHICLE,0,0,3,3,16,7,4,2055,WESTERN AVE,41.824619,-87.78858,04/20/2019 04:36:00 PM,2019
CR00014900,07/15/2024 12:17:00 PM,30,CLEAR,DAYLIGHT,SIDESWIPE SAME DIRECTION,ONE-WAY,NO CONTROLS,UNABLE TO DETERMINE,FOLLOWING TOO CLOSELY,0,0,2,2,12,2,7,1139,KEDZIE AVE,41.951866,-87.588476,07/15/2024 01:51:00 PM,2024
CR00014901,11/25/2018 08:14:00 AM,20,CLOUDY/OVERCAST,DAYLIGHT,TURNING,NOT DIVIDED,NO CONTROLS,IMPROPER LANE USAGE,IMPROPER LANE USAGE,0,0,0,0,8,1,11,1342,STONY ISLAND AVE,41.710793,-87.585298,11/25/2018 08:22:00 AM,2018