CRASH_RECORD_ID,CRASH_DATE,POSTED_SPEED_LIMIT,WEATHER_CONDITION,LIGHTING_CONDITION,FIRST_CRASH_TYPE,TRAFFICWAY_TYPE,TRAFFIC_CONTROL_DEVICE,PRIM_CONTRIBUTORY_CAUSE,SEC_CONTRIBUTORY_CAUSE,INJURIES_FATAL,INJURIES_INCAPACITATING,INJURIES_NON_INCAPACITATING,INJURIES_TOTAL,CRASH_HOUR,CRASH_DAY_OF_WEEK,CRASH_MONTH,BEAT_OF_OCCURRENCE,STREET_NAME,LATITUDE,LONGITUDE,DATE_POLICE_NOTIFIED,year
CR00014902,09/23/2017 01:05:00 PM,45,CLEAR,DARKNESS - LIGHTED ROAD,PARKED MOTOR VEHICLE,DIVIDED - W/MEDIAN BARRIER,TRAFFIC SIGNAL,IMPROPER LANE USAGE,IMPROPER OVERTAKING/PASSING,0,0,0,0,13,7,9,1238,79TH ST,41.906364,-87.732567,09/23/2017 02:49:00 PM,2017
CR00014903,10/05/2023 10:53:00 AM,40,RAIN,DAYLIGHT,PARKED MOTOR VEHICLE,NOT DIVIDED,STOP SIGN/FLASHER,UNABLE TO DETERMINE,FAILING TO YIELD RIGHT-OF-WAY,0,0,1,1,10,5,10,374,DIVISION ST,41.731824,-87.692343,10/05/2023 11:25:00 AM,2023
CR00014904,08/10/2019 12:10:00 AM,20,CLEAR,DAYLIGHT,TURNING,NOT DIVIDED,NO CONTROLS,IMPROPER LANE USAGE,UNABLE TO DETERMINE,0,0,0,0,0,7,8,561,KEDZIE AVE,41.789762,-87.796209,08/10/2019 01:36:00 AM,2019
CR00014905,10/19/2023 12:50:00 PM,40,CLEAR,DAWN,SIDESWIPE SAME DIRECTION,NOT DIVIDED,STOP SIGN/FLASHER,IMPROPER LANE USAGE,IMPROPER LANE USAGE,0,0,0,0,12,5,10,1406,STONY ISLAND AVE,41.844758,-87.694132,10/19/2023 02:30:00 PM,2023
CR00014906,06/30/2019 04:34:00 PM,20,RAIN,DAYLIGHT,ANGLE,DIVIDED - W/MEDIAN BARRIER,TRAFFIC SIGNAL,UNABLE TO DETERMINE,UNABLE TO DETERMINE,0,0,0,0,16,1,6,2135,ASHLAND AVE,41.700087,-87.516456,06/30/2019 04:40:00 PM,2019
CR00014907,12/08/2018 04:56:00 PM,30,RAIN,DARKNESS - LIGHTED ROAD,REAR END,NOT DIVIDED,NO CONTROLS,DRIVING SKILLS/KNOWLEDGE/EXPERIENCE,UNABLE TO DETERMINE,0,0,2,2,16,7,12,2346,BROADWAY,41.701885,-87.846212,12/08/2018 06:17:00 PM,2018
CR00014908,01/19/2017 10:00:00 AM,20,CLEAR,DAYLIGHT,REAR END,NOT DIVIDED,STOP SIGN/FLASHER,WEATHER,NOT APPLICABLE,0,0,0,0,10,5,1,1313,63RD ST,41.746378,-87.673955,01/19/2017 11:52:00 AM,2017
CR00014909,07/03/2022 06:15:00 PM,35,CLEAR,DARKNESS,TURNING,ONE-WAY,TRAFFIC SIGNAL,DRIVING SKILLS/KNOWLEDGE/EXPERIENCE,IMPROPER LANE USAGE,0,0,0,0,18,1,7,1356,OGDEN AVE,41.92801,-87.632551,07/03/2022 06:16:00 PM,2022
CR00014910,05/17/2018 10:13:00 PM,30,CLEAR,DARKNESS - LIGHTED ROAD,SIDESWIPE SAME DIRECTION,DIVIDED - W/MEDIAN BARRIER,NO CONTROLS,FAILING TO YIELD RIGHT-OF-WAY,UNABLE TO DETERMINE,0,0,0,0,22,5,5,1053,KEDZIE AVE,41.931891,-87.700634,05/17/2018 10:15:00 PM,2018
CR00014911,05/04/2021 04:21:00 AM,15,FREEZING RAIN/DRIZZLE,DUSK,TURNING,DIVIDED - W/MEDIAN (NOT RAISED),NO CONTROLS,UNABLE TO DETERMINE,DISTRACTION - FROM INSIDE VEHICLE,0,0,0,0,4,3,5,1302,63RD ST,41.854596,-87.545612,05/04/2021 05:47:00 AM,2021
CR00014912,06/02/2024 08:41:00 AM,30,CLOUDY/OVERCAST,DAYLIGHT,ANGLE,DIVIDED - W/MEDIAN (NOT RAISED),UNKNOWN,FAILING TO REDUCE SPEED,FAILING TO YIELD RIGHT-OF-WAY,0,0,0,0,8,1,6,756,DAMEN AVE,41.963449,-87.845474,06/02/2024 10:16:00 AM,2024
CR00014913,08/15/2021 07:20:00 AM,30,CLEAR,DARKNESS - LIGHTED ROAD,SIDESWIPE SAME DIRECTION,ONE-WAY,NO CONTROLS,DISREGARDING TRAFFIC SIGNALS,IMPROPER OVERTAKING/PASSING,0,0,0,0,7,1,8,1762,BROADWAY,41.981304,-87.613604,08/15/2021 08:04:00 AM,2021
CR00014914,09/23/2018 06:30:00 AM,30,RAIN,DARKNESS - LIGHTED ROAD,TURNING,DIVIDED - W/MEDIAN BARRIER,NO CONTROLS,FAILING TO YIELD RIGHT-OF-WAY,UNABLE TO DETERMINE,0,0,0,0,6,1,9,1251,OGDEN AVE,41.810826,-87.757836,09/23/2018 08:08:00 AM,2018
CR00014915,03/27/2017 08:55:00 AM,30,CLEAR,DAYLIGHT,REAR END,T-INTERSECTION,STOP SIGN/FLASHER,UNABLE TO DETERMINE,FAILING TO REDUCE SPEED,0,0,0,0,8,2,3,1764,WESTERN AVE,41.726902,-87.572555,03/27/2017 10:27:00 AM,2017
CR00014916,03/18/2016 08:38:00 AM,35,CLEAR,DARKNESS,TURNING,NOT DIVIDED,NO CONTROLS,IMPROPER OVERTAKING/PASSING,FAILING TO REDUCE SPEED,0,0,2,2,8,6,3,2464,ASHLAND AVE,41.793172,-87.510363,03/18/2016 10:04:00 AM,2016
CR00014917,01/05/2017 08:11:00 PM,15,CLEAR,DAYLIGHT,ANGLE,NOT DIVIDED,STOP SIGN/FLASHER,DRIVING SKILLS/KNOWLEDGE/EXPERIENCE,NOT APPLICABLE,0,0,0,0,20,5,1,724,HALSTED ST,41.707127,-87.614013,01/05/2017 08:39:00 PM,2017
CR00014918,05/12/2017 04:59:00 PM,30,CLEAR,DAYLIGHT,TURNING,NOT DIVIDED,TRAFFIC SIGNAL,FAILING TO YIELD RIGHT-OF-WAY,UNABLE TO DETERMINE,0,0,0,0,16,6,5,2524,MILWAUKEE AVE,41.79406,-87.680251,05/12/2017 05:40:00 PM,2017
CR00014919,04/13/2015 02:56:00 AM,30,CLEAR,DAWN,PEDESTRIAN,T-INTERSECTION,NO CONTROLS,UNABLE TO DETERMINE,UNABLE TO DETERMINE,0,0,1,1,2,2,4,2353,CALIFORNIA AVE,41.722263,-87.590817,04/13/2015 03:59:00 AM,2015
CR00014920,04/21/2015 04:44:00 PM,30,CLEAR,DARKNESS - LIGHTED ROAD,REAR END,T-INTERSECTION,STOP SIGN/FLASHER,UNABLE TO DETERMINE,NOT APPLICABLE,0,0,1,1,16,3,4,1959,LAKE SHORE DR,41.79282,-87.804033,04/21/2015 06:40:00 PM,2015
CR00014921,06/22/2023 02:33:00 AM,35,CLEAR,DAYLIGHT,REAR TO FRONT,FOUR WAY,NO CONTROLS,FOLLOWING TOO CLOSELY,WEATHER,0,0,0,0,2,5,6,717,OGDEN AVE,41.78198,-87.812308,06/22/2023 02:54:00 AM,2023
CR00014922,07/14/2024 05:15:00 PM,35,CLEAR,DAYLIGHT,REAR END,NOT DIVIDED,TRAFFIC SIGNAL,UNABLE TO DETERMINE,UNABLE TO DETERMINE,0,0,0,0,17,1,7,567,HALSTED ST,41.91345,-87.781392,07/14/2024 05:24:00 PM,2024
CR00014923,03/19/2016 06:43:00 PM,30,CLEAR,DAYLIGHT,PARKED MOTOR VEHICLE,NOT DIVIDED,UNKNOWN,FOLLOWING TOO CLOSELY,UNABLE TO DETERMINE,0,1,0,1,18,7,3,504,ELSTON AVE,41.751894,-87.534257,03/19/2016 07:26:00 PM,2016
CR00014924,10/24/2023 05:57:00 PM,30,RAIN,DAYLIGHT,TURNING,ONE-WAY,TRAFFIC SIGNAL,IMPROPER OVERTAKING/PASSING,FAILING TO YIELD RIGHT-OF-WAY,0,0,0,0,17,3,10,694,ROOSEVELT RD,41.740129,-87.664935,10/24/2023 06:31:00 PM,2023
CR00014925,09/09/2015 09:54:00 AM,25,RAIN,DARKNESS,TURNING,NOT DIVIDED,STOP SIGN/FLASHER,UNABLE TO DETERMINE,UNABLE TO DETERMINE,0,0,0,0,9,4,9,1589,MILWAUKEE AVE,41.8616,-87.752419,09/09/2015 10:41:00 AM,2015
CR00014926,08/25/2018 06:10:00 AM,20,CLEAR,DARKNESS - LIGHTED ROAD,SIDESWIPE SAME DIRECTION,ONE-WAY,STOP SIGN/FLASHER,FAILING TO YIELD RIGHT-OF-WAY,DRIVING SKILLS/KNOWLEDGE/EXPERIENCE,0,0,0,0,6,7,8,2027,ROOSEVELT RD,41.795213,-87.6407,08/25/2018 06:35:00 AM,2018
CR00014927,06/22/2024 01:41:00 PM,30,CLEAR,DUSK,PARKED MOTOR VEHICLE,NOT DIVIDED,UNKNOWN,IMPROPER OVERTAKING/PASSING,UNABLE TO DETERMINE,0,0,1,1,13,7,6,2217,47TH ST,41.92335,-87.573496,06/22/2024 01:44:00 PM,2024
CR00014928,09/25/2021 04:16:00 PM,25,CLEAR,DAYLIGHT,SIDESWIPE SAME DIRECTION,NOT DIVIDED,NO CONTROLS,FOLLOWING TOO CLOSELY,UNABLE TO DETERMINE,0,0,1,1,16,7,9,2165,ARCHER AVE,41.973998,-87.629843,09/25/2021 05:51:00 PM,2021
CR00014929,06/25/2019 08:32:00 AM,20,CLEAR,DARKNESS - LIGHTED ROAD,PEDESTRIAN,ONE-WAY,NO CONTROLS,FOLLOWING TOO CLOSELY,IMPROPER OVERTAKING/PASSING,0,0,0,0,8,3,6,1523,STONY ISLAND AVE,41.753092,-87.661867,06/25/2019 10:01:00 AM,2019
CR00014930,08/25/2023 03:40:00 PM,45,CLEAR,DARKNESS - LIGHTED ROAD,PARKED MOTOR VEHICLE,DIVIDED - W/MEDIAN (NOT RAISED),STOP SIGN/FLASHER,UNABLE TO DETERMINE,FAILING TO REDUCE SPEED,0,0,1,1,15,6,8,369,FULLERTON AVE,41.712252,-87.809897,08/25/2023 03:55:00 PM,2023
CR00014931,07/21/2022 12:08:00 PM,15,CLEAR,DAYLIGHT,ANGLE,ONE-WAY,NO CONTROLS,FOLLOWING TOO CLOSELY,UNABLE TO DETERMINE,0,0,0,0,12,5,7,1622,OGDEN AVE,41.938798,-87.550362,07/21/2022 12:17:00 PM,2022
CR00014932,06/10/2024 08:16:00 PM,40,SNOW,DAYLIGHT,REAR END,NOT DIVIDED,NO CONTROLS,WEATHER,DISREGARDING TRAFFIC SIGNALS,0,0,3,3,20,2,6,1600,ASHLAND AVE,41.719962,-87.658388,06/10/2024 09:00:00 PM,2024
CR00014933,01/23/2023 11:27:00 PM,40,FOG/SMOKE/HAZE,DAYLIGHT,REAR TO FRONT,FOUR WAY,NO CONTROLS,IMPROPER OVERTAKING/PASSING,DISREGARDING TRAFFIC SIGNALS,0,2,1,3,23,2,1,583,MICHIGAN AVE,41.761469,-87.656459,01/24/2023 01:17:00 AM,2023
CR00014934,06/29/2019 11:09:00 AM,35,CLEAR,DAYLIGHT,REAR TO FRONT,NOT DIVIDED,STOP SIGN/FLASHER,UNABLE TO DETERMINE,FOLLOWING TOO CLOSELY,0,0,0,0,11,7,6,2050,BROADWAY,41.845722,-87.700045,06/29/2019 11:59:00 AM,2019
CR00014935,04/26/2019 12:05:00 PM,25,CLEAR,DAYLIGHT,FIXED OBJECT,DIVIDED - W/MEDIAN (NOT RAISED),TRAFFIC SIGNAL,IMPROPER OVERTAKING/PASSING,UNABLE TO DETERMINE,0,0,0,0,12,6,4,2069,MICHIGAN AVE,41.722746,-87.541454,04/26/2019 01:16:00 PM,2019
CR00014936,06/15/2021 12:01:00 AM,30,CLEAR,DAYLIGHT,REAR END,NOT DIVIDED,UNKNOWN,DISTRACTION - FROM INSIDE VEHICLE,IMPROPER LANE USAGE,0,0,1,1,0,3,6,751,CICERO AVE,41.907642,-87.675852,06/15/2021 12:23:00 AM,2021
CR00014937,07/01/2017 05:15:00 PM,20,RAIN,DARKNESS - LIGHTED ROAD,TURNING,DIVIDED - W/MEDIAN (NOT RAISED),STOP SIGN/FLASHER,UNABLE TO DETERMINE,UNABLE TO DETERMINE,0,0,1,1,17,7,7,2095,IRVING PARK RD,41.753806,-87.696362,07/01/2017 05:52:00 PM,2017
CR00014938,06/12/2019 08:07:00 AM,20,CLEAR,DARKNESS - LIGHTED ROAD,FIXED OBJECT,FOUR WAY,NO CONTROLS,FAILING TO REDUCE SPEED,WEATHER,0,0,1,1,8,4,6,1011,FULLERTON AVE,41.863083,-87.546988,06/12/2019 09:36:00 AM,2019
CR00014939,11/07/2021 10:42:00 AM,35,CLEAR,DARKNESS - LIGHTED ROAD,TURNING,FOUR WAY,NO CONTROLS,FAILING TO YIELD RIGHT-OF-WAY,FOLLOWING TOO CLOSELY,0,0,0,0,10,1,11,1457,MILWAUKEE AVE,41.996298,-87.828927,11/07/2021 12:28:00 PM,2021
CR00014940,12/08/2019 12:59:00 PM,35,CLEAR,DARKNESS - LIGHTED ROAD,REAR END,NOT DIVIDED,STOP SIGN/FLASHER,DISTRACTION - FROM INSIDE VEHICLE,NOT APPLICABLE,0,0,0,0,12,1,12,788,MICHIGAN AVE,41.869094,-87.616695,12/08/2019 02:12:00 PM,2019
CR00014941,12/24/2015 06:37:00 PM,35,CLEAR,DARKNESS,SIDESWIPE SAME DIRECTION,NOT DIVIDED,TRAFFIC SIGNAL,UNABLE TO DETERMINE,UNABLE TO DETERMINE,0,0,0,0,18,5,12,2235,63RD ST,41.897175,-87.636935,12/24/2015 06:54:00 PM,2015
CR00014942,12/17/2020 06:32:00 PM,15,CLEAR,DAYLIGHT,SIDESWIPE SAME DIRECTION,DIVIDED - W/MEDIAN BARRIER,TRAFFIC SIGNAL,FAILING TO YIELD RIGHT-OF-WAY,FOLLOWING TOO CLOSELY,0,0,0,0,18,5,12,252,CLARK ST,41.870473,-87.808902,12/17/2020 06:46:00 PM,2020
CR00014943,03/21/2019 12:40:00 PM,30,CLEAR,DARKNESS,TURNING,ONE-WAY,TRAFFIC SIGNAL,FOLLOWING TOO CLOSELY,NOT APPLICABLE,0,0,0,0,12,5,3,1483,STATE ST,41.706759,-87.60317,03/21/2019 01:25:00 PM,2019
CR00014944,02/13/2022 06:03:00 PM,40,CLEAR,DARKNESS - LIGHTED ROAD,REAR END,FOUR WAY,NO CONTROLS,UNABLE TO DETERMINE,DISREGARDING TRAFFIC SIGNALS,0,0,0,0,18,1,2,749,DIVISION ST,41.787164,-87.679678,02/13/2022 07:17:00 PM,2022
CR00014945,03/04/2022 04:06:00 PM,30,CLEAR,DAYLIGHT,SIDESWIPE SAME DIRECTION,NOT DIVIDED,TRAFFIC SIGNAL,FOLLOWING TOO CLOSELY,UNABLE TO DETERMINE,0,0,0,0,16,6,3,917,FULLERTON AVE,41.888463,-87.595274,03/04/2022 05:52:00 PM,2022
CR00014946,01/09/2017 02:40:00 PM,25,CLEAR,DAYLIGHT,REAR END,ONE-WAY,NO CONTROLS,DISREGARDING TRAFFIC SIGNALS,UNABLE TO DETERMINE,0,0,0,0,14,2,1,1000,CLARK ST,41.984315,-87.607543,01/09/2017 03:48:00 PM,2017
CR00014947,06/25/2018 10:26:00 AM,30,CLOUDY/OVERCAST,DUSK,ANGLE,ONE-WAY,STOP SIGN/FLASHER,IMPROPER OVERTAKING/PASSING,FOLLOWING TOO CLOSELY,0,0,2,2,10,2,6,2062,IRVING PARK RD,41.891929,-87.735135,06/25/2018 10:41:00 AM,2018
CR00014948,09/17/2019 07:44:00 PM,30,CLEAR,DUSK,TURNING,T-INTERSECTION,NO CONTROLS,FOLLOWING TOO CLOSELY,UNABLE TO DETERMINE,0,0,0,0,19,3,9,468,ASHLAND AVE,41.989099,-87.672832,09/17/2019 08:55:00 PM,2019
CR00014949,12/28/2022 04:53:00 PM,25,CLEAR,DUSK,REAR TO FRONT,NOT DIVIDED,UNKNOWN,UNABLE TO DETERMINE,IMPROPER LANE USAGE,0,0,0,0,16,4,12,2402,CALIFORNIA AVE,41.830402,-87.645443,12/28/2022 06:09:00 PM,2022
CR00014950,02/04/2018 06:57:00 PM,30,CLOUDY/OVERCAST,DAYLIGHT,REAR END,DIVIDED - W/MEDIAN BARRIER,NO CONTROLS,DISREGARDING TRAFFIC SIGNALS,NOT APPLICABLE,0,0,0,0,18,1,2,575,FULLERTON AVE,41.893155,-87.643349,02/04/2018 07:34:00 PM,2018
CR00014951,06/19/2018 08:50:00 AM,40,CLEAR,DARKNESS - LIGHTED ROAD,REAR END,ONE-WAY,TRAFFIC SIGNAL,FAILING TO YIELD RIGHT-OF-WAY,IMPROPER OVERTAKING/PASSING,0,0,0,0,8,3,6,2107,79TH ST,41.917169,-87.800594,06/19/2018 10:18:00 AM,2018
CR00014952,02/19/2019 01:36:00 PM,30,CLEAR,DAYLIGHT,FIXED OBJECT,NOT DIVIDED,NO CONTROLS,DISREGARDING TRAFFIC SIGNALS,FAILING TO YIELD RIGHT-OF-WAY,0,0,0,0,13,3,2,409,MICHIGAN AVE,41.993617,-87.510848,02/19/2019 01:49:00 PM,2019
CR00014953,03/21/2020 06:01:00 PM,20,RAIN,DARKNESS,SIDESWIPE SAME DIRECTION,DIVIDED - W/MEDIAN (NOT RAISED),NO CONTROLS,IMPROPER OVERTAKING/PASSING,FAILING TO YIELD RIGHT-OF-WAY,0,0,0,0,18,7,3,1289,DAMEN AVE,41.74721,-87.796342,03/21/2020 07:49:00 PM,2020
CR00014954,10/18/2019 06:36:00 PM,35,CLEAR,DAYLIGHT,PARKED MOTOR VEHICLE,NOT DIVIDED,NO CONTROLS,UNABLE TO DETERMINE,DISTRACTION - FROM INSIDE VEHICLE,0,0,0,0,18,6,10,1462,CLARK ST,41.705901,-87.50707,10/18/2019 07:59:00 PM,2019
CR00014955,03/01/2021 02:53:00 PM,25,CLEAR,DAYLIGHT,SIDESWIPE SAME DIRECTION,NOT DIVIDED,NO CONTROLS,DISTRACTION - FROM INSIDE VEHICLE,UNABLE TO DETERMINE,0,1,0,1,14,2,3,996,CLARK ST,41.834744,-87.644075,03/01/2021 03:01:00 PM,2021
CR00014956,03/01/2022 08:28:00 PM,30,CLEAR,DAYLIGHT,SIDESWIPE SAME DIRECTION,NOT DIVIDED,NO CONTROLS,FOLLOWING TOO CLOSELY,FAILING TO YIELD RIGHT-OF-WAY,0,0,0,0,20,3,3,1543,KEDZIE AVE,41.823603,-87.500478,03/01/2022 09:11:00 PM,2022
CR00014957,07/13/2022 07:21:00 AM,40,CLEAR,DAYLIGHT,REAR END,DIVIDED - W/MEDIAN (NOT RAISED),TRAFFIC SIGNAL,UNABLE TO DETERMINE,DISTRACTION - FROM INSIDE VEHICLE,0,0,0,0,7,4,7,458,47TH ST,41.797499,-87.625674,07/13/2022 08:23:00 AM,2022
CR00014958,06/05/2018 08:01:00 AM,25,CLOUDY/OVERCAST,DARKNESS - LIGHTED ROAD,ANGLE,NOT DIVIDED,TRAFFIC SIGNAL,FAILING TO YIELD RIGHT-OF-WAY,NOT APPLICABLE,0,0,0,0,8,3,6,917,ASHLAND AVE,41.995286,-87.591249,06/05/2018 08:05:00 AM,2018
CR00014959,02/06/2015 02:17:00 PM,30,CLEAR,DAYLIGHT,PARKED MOTOR VEHICLE,NOT DIVIDED,YIELD,IMPROPER OVERTAKING/PASSING,FOLLOWING TOO CLOSELY,0,1,3,4,14,6,2,2116,47TH ST,41.943569,-87.687191,02/06/2015 04:03:00 PM,2015
CR00014960,07/22/2019 08:20:00 AM,25,SNOW,DAYLIGHT,REAR END,NOT DIVIDED,NO CONTROLS,UNABLE TO DETERMINE,FOLLOWING TOO CLOSELY,0,0,0,0,8,2,7,487,ASHLAND AVE,41.985293,-87.766286,07/22/2019 09:34:00 AM,2019
CR00014961,12/02/2018 09:19:00 AM,25,CLEAR,DAYLIGHT,ANGLE,DIVIDED - W/MEDIAN (NOT RAISED),NO CONTROLS,FOLLOWING TOO CLOSELY,NOT APPLICABLE,0,0,0,0,9,1,12,1442,BROADWAY,41.881549,-87.794004,12/02/2018 10:09:00 AM,2018
CR00014962,01/26/2021 10:18:00 PM,20,CLEAR,DARKNESS - LIGHTED ROAD,ANGLE,NOT DIVIDED,TRAFFIC SIGNAL,DISTRACTION - FROM INSIDE VEHICLE,UNABLE TO DETERMINE,0,0,1,1,22,3,1,1105,47TH ST,41.78691,-87.730232,01/26/2021 10:56:00 PM,2021
CR00014963,08/16/2023 07:05:00 PM,35,SNOW,DAYLIGHT,ANGLE,NOT DIVIDED,UNKNOWN,DRIVING SKILLS/KNOWLEDGE/EXPERIENCE,DRIVING SKILLS/KNOWLEDGE/EXPERIENCE,0,0,0,0,19,4,8,1230,47TH ST,41.824773,-87.620791,08/16/2023 07:08:00 PM,2023
CR00014964,05/27/2015 07:16:00 AM,15,CLOUDY/OVERCAST,DAYLIGHT,ANGLE,NOT DIVIDED,STOP SIGN/FLASHER,FOLLOWING TOO CLOSELY,IMPROPER LANE USAGE,0,0,0,0,7,4,5,357,63RD ST,41.93264,-87.654193,05/27/2015 08:01:00 AM,2015
CR00014965,02/04/2018 12:23:00 PM,35,CLEAR,DAYLIGHT,SIDESWIPE SAME DIRECTION,ONE-WAY,TRAFFIC SIGNAL,WEATHER,FOLLOWING TOO CLOSELY,0,0,0,0,12,1,2,1983,LAKE SHORE DR,41.753067,-87.603131,02/04/2018 01:36:00 PM,2018
CR00014966,10/31/2022 05:38:00 PM,20,RAIN,DAYLIGHT,REAR END,NOT DIVIDED,TRAFFIC SIGNAL,IMPROPER OVERTAKING/PASSING,NOT APPLICABLE,0,0,0,0,17,2,10,2003,MICHIGAN AVE,41.952239,-87.711668,10/31/2022 06:06:00 PM,2022
CR00014967,04/13/2016 03:40:00 PM,15,FOG/SMOKE/HAZE,DAYLIGHT,SIDESWIPE SAME DIRECTION,DIVIDED - W/MEDIAN BARRIER,NO CONTROLS,FOLLOWING TOO CLOSELY,IMPROPER LANE USAGE,0,0,2,2,15,4,4,2285,BROADWAY,41.865456,-87.728185,04/13/2016 04:53:00 PM,2016
CR00014968,09/24/2016 10:42:00 PM,20,RAIN,DAYLIGHT,ANGLE,DIVIDED - W/MEDIAN (NOT RAISED),STOP SIGN/FLASHER,FOLLOWING TOO CLOSELY,FAILING TO REDUCE SPEED,0,0,0,0,22,7,9,1654,HALSTED ST,41.957107,-87.714499,09/24/2016 11:09:00 PM,2016
CR00014969,12/22/2022 05:12:00 PM,30,CLEAR,DUSK,REAR TO FRONT,NOT DIVIDED,YIELD,UNABLE TO DETERMINE,UNABLE TO DETERMINE,0,0,0,0,17,5,12,2371,STATE ST,41.874424,-87.626539,12/22/2022 06:39:00 PM,2022
CR00014970,09/23/2019 05:07:00 PM,30,CLEAR,DAYLIGHT,ANGLE,NOT DIVIDED,TRAFFIC SIGNAL,FAILING TO YIELD RIGHT-OF-WAY,FAILING TO YIELD RIGHT-OF-WAY,0,0,0,0,17,2,9,234,PULASKI RD,41.722714,-87.724993,09/23/2019 05:49:00 PM,2019
CR00014971,03/17/2021 07:52:00 AM,30,FOG/SMOKE/HAZE,DAYLIGHT,ANGLE,ONE-WAY,NO CONTROLS,UNABLE TO DETERMINE,IMPROPER LANE USAGE,0,0,0,0,7,4,3,1387,OGDEN AVE,41.95578,-87.680738,03/17/2021 08:41:00 AM,2021
CR00014972,12/08/2021 04:00:00 PM,30,CLEAR,DARKNESS - LIGHTED ROAD,REAR END,NOT DIVIDED,STOP SIGN/FLASHER,UNABLE TO DETERMINE,NOT APPLICABLE,0,0,0,0,16,4,12,665,OGDEN AVE,41.865267,-87.700537,12/08/2021 04:27:00 PM,2021
CR00014973,07/13/2022 03:06:00 PM,30,CLEAR,DAYLIGHT,PARKED MOTOR VEHICLE,DIVIDED - W/MEDIAN (NOT RAISED),TRAFFIC SIGNAL,DISREGARDING TRAFFIC SIGNALS,UNABLE TO DETERMINE,0,0,0,0,15,4,7,2072,LAKE SHORE DR,41.938609,-87.744206,07/13/2022 03:47:00 PM,2022
CR00014974,05/01/2015 01:42:00 AM,30,SNOW,DAYLIGHT,PARKED MOTOR VEHICLE,NOT DIVIDED,NO CONTROLS,IMPROPER OVERTAKING/PASSING,FOLLOWING TOO CLOSELY,0,0,0,0,1,6,5,1898,79TH ST,41.969434,-87.813425,05/01/2015 01:59:00 AM,2015
CR00014975,12/25/2021 10:12:00 AM,35,FREEZING RAIN/DRIZZLE,DAYLIGHT,REAR END,T-INTERSECTION,STOP SIGN/FLASHER,UNABLE TO DETERMINE,DISREGARDING TRAFFIC SIGNALS,0,0,0,0,10,7,12,1743,HALSTED ST,41.863816,-87.63679,12/25/2021 10:49:00 AM,2021
CR00014976,03/05/2021 04:17:00 PM,30,CLEAR,DAYLIGHT,SIDESWIPE SAME DIRECTION,DIVIDED - W/MEDIAN (NOT RAISED),TRAFFIC SIGNAL,FOLLOWING TOO CLOSELY,FAILING TO YIELD RIGHT-OF-WAY,0,0,0,0,16,6,3,1697,63RD ST,41.980295,-87.584166,03/05/2021 05:36:00 PM,2021
CR00014977,01/08/2017 07:28:00 AM,45,SNOW,DUSK,TURNING,FOUR WAY,STOP SIGN/FLASHER,UNABLE TO DETERMINE,UNABLE TO DETERMINE,0,0,0,0,7,1,1,488,CICERO AVE,41.953261,-87.599454,01/08/2017 08:55:00 AM,2017
CR00014978,04/25/2015 04:46:00 AM,30,CLEAR,DAYLIGHT,ANGLE,NOT DIVIDED,TRAFFIC SIGNAL,DRIVING SKILLS/KNOWLEDGE/EXPERIENCE,FOLLOWING TOO CLOSELY,0,0,0,0,4,7,4,1591,DAMEN AVE,41.8994,-87.647914,04/25/2015 06:26:00 AM,2015
CR00014979,01/01/2021 06:37:00 PM,40,CLEAR,DAYLIGHT,TURNING,NOT DIVIDED,UNKNOWN,FOLLOWING TOO CLOSELY,UNABLE TO DETERMINE,0,0,1,1,18,6,1,479,FULLERTON AVE,41.770995,-87.632584,01/01/2021 07:41:00 PM,2021
CR00014980,08/14/2021 01:04:00 AM,25,CLEAR,DAYLIGHT,SIDESWIPE SAME DIRECTION,NOT DIVIDED,NO CONTROLS,FAILING TO YIELD RIGHT-OF-WAY,FOLLOWING TOO CLOSELY,0,0,0,0,1,7,8,1387,PULASKI RD,41.904176,-87.751628,08/14/2021 01:31:00 AM,2021
CR00014981,10/06/2023 10:15:00 AM,25,CLEAR,DAYLIGHT,REAR END,DIVIDED - W/MEDIAN (NOT RAISED),UNKNOWN,WEATHER,IMPROPER LANE USAGE,0,0,0,0,10,6,10,655,OGDEN AVE,41.804656,-87.741767,10/06/2023 10:32:00 AM,2023
CR00014982,10/07/2016 12:43:00 AM,30,CLEAR,DAYLIGHT,REAR END,T-INTERSECTION,TRAFFIC SIGNAL,UNABLE TO DETERMINE,DISREGARDING TRAFFIC SIGNALS,0,0,0,0,0,6,10,987,WESTERN AVE,41.711089,-87.524884,10/07/2016 01:46:00 AM,2016
CR00014983,07/09/2016 10:26:00 PM,15,CLEAR,DAYLIGHT,SIDESWIPE SAME DIRECTION,NOT DIVIDED,UNKNOWN,FOLLOWING TOO CLOSELY,FOLLOWING TOO CLOSELY,0,0,0,0,22,7,7,284,STONY ISLAND AVE,41.882498,-87.779637,07/09/2016 10:52:00 PM,2016
CR00014984,07/30/2015 04:13:00 PM,30,CLEAR,DUSK,PARKED MOTOR VEHICLE,NOT DIVIDED,PEDESTRIAN CROSSING SIGN,UNABLE TO DETERMINE,IMPROPER LANE USAGE,0,0,0,0,16,5,7,2254,MICHIGAN AVE,41.711496,-87.715472,07/30/2015 06:09:00 PM,2015
CR00014985,06/26/2017 01:27:00 PM,30,CLEAR,DAWN,FIXED OBJECT,DIVIDED - W/MEDIAN (NOT RAISED),NO CONTROLS,DISTRACTION - FROM INSIDE VEHICLE,NOT APPLICABLE,0,0,0,0,13,2,6,391,PULASKI RD,41.975641,-87.631859,06/26/2017 03:13:00 PM,2017