CRASH_RECORD_ID,CRASH_DATE,POSTED_SPEED_LIMIT,WEATHER_CONDITION,LIGHTING_CONDITION,FIRST_CRASH_TYPE,TRAFFICWAY_TYPE,TRAFFIC_CONTROL_DEVICE,PRIM_CONTRIBUTORY_CAUSE,SEC_CONTRIBUTORY_CAUSE,INJURIES_FATAL,INJURIES_INCAPACITATING,INJURIES_NON_INCAPACITATING,INJURIES_TOTAL,CRASH_HOUR,CRASH_DAY_OF_WEEK,CRASH_MONTH,BEAT_OF_OCCURRENCE,STREET_NAME,LATITUDE,LONGITUDE,DATE_POLICE_NOTIFIED,year
CR00014986,01/14/2024 04:30:00 PM,30,CLEAR,DAYLIGHT,SIDESWIPE SAME DIRECTION,NOT DIVIDED,NO CONTROLS,DRIVING SKILLS/KNOWLEDGE/EXPERIENCE,FAILING TO YIELD RIGHT-OF-WAY,0,0,0,0,16,1,1,622,PULASKI RD,41.852812,-87.679442,01/14/2024 05:31:00 PM,2024
CR00014987,12/13/2015 07:03:00 AM,20,CLEAR,DARKNESS - LIGHTED ROAD,ANGLE,DIVIDED - W/MEDIAN (NOT RAISED),TRAFFIC SIGNAL,UNABLE TO DETERMINE,UNABLE TO DETERMINE,0,0,0,0,7,1,12,1580,IRVING PARK RD,41.821711,-87.55081,12/13/2015 07:56:00 AM,2015
CR00014988,11/18/2016 02:14:00 PM,40,CLEAR,DAYLIGHT,SIDESWIPE SAME DIRECTION,NOT DIVIDED,TRAFFIC SIGNAL,FAILING TO YIELD RIGHT-OF-WAY,IMPROPER LANE USAGE,0,0,0,0,14,6,11,705,DIVISION ST,41.818351,-87.801505,11/18/2016 03:49:00 PM,2016
CR00014989,11/24/2024 12:57:00 PM,40,RAIN,DAYLIGHT,PARKED MOTOR VEHICLE,DIVIDED - W/MEDIAN BARRIER,TRAFFIC SIGNAL,UNABLE TO DETERMINE,UNABLE TO DETERMINE,0,0,0,0,12,1,11,2497,DAMEN AVE,41.782407,-87.729859,11/24/2024 02:43:00 PM,2024
CR00014990,09/16/2016 09:26:00 AM,30,CLEAR,DAYLIGHT,SIDESWIPE SAME DIRECTION,NOT DIVIDED,UNKNOWN,FAILING TO YIELD RIGHT-OF-WAY,IMPROPER OVERTAKING/PASSING,0,0,0,0,9,6,9,1351,MICHIGAN AVE,41.868945,-87.707343,09/16/2016 11:24:00 AM,2016
CR00014991,05/05/2019 07:59:00 PM,40,CLOUDY/OVERCAST,DARKNESS - LIGHTED ROAD,SIDESWIPE SAME DIRECTION,ONE-WAY,PEDESTRIAN CROSSING SIGN,UNABLE TO DETERMINE,NOT APPLICABLE,0,0,0,0,19,1,5,1090,CICERO AVE,41.936573,-87.744681,05/05/2019 09:15:00 PM,2019
CR00014992,11/09/2021 02:28:00 PM,35,CLEAR,DARKNESS,REAR END,T-INTERSECTION,TRAFFIC SIGNAL,FAILING TO YIELD RIGHT-OF-WAY,IMPROPER LANE USAGE,0,0,0,0,14,3,11,1100,63RD ST,41.796406,-87.844516,11/09/2021 03:34:00 PM,2021
CR00014993,07/13/2019 07:07:00 PM,40,CLEAR,DARKNESS - LIGHTED ROAD,REAR END,DIVIDED - W/MEDIAN (NOT RAISED),STOP SIGN/FLASHER,FOLLOWING TOO CLOSELY,NOT APPLICABLE,0,0,0,0,19,7,7,375,STONY ISLAND AVE,41.860779,-87.618348,07/13/2019 07:55:00 PM,2019
CR00014994,09/16/2024 07:52:00 PM,40,CLEAR,DAYLIGHT,REAR END,T-INTERSECTION,TRAFFIC SIGNAL,FOLLOWING TOO CLOSELY,FOLLOWING TOO CLOSELY,0,0,0,0,19,2,9,2482,FULLERTON AVE,41.768567,-87.684529,09/16/2024 08:14:00 PM,2024
CR00014995,07/01/2017 05:11:00 AM,40,SNOW,DUSK,TURNING,NOT DIVIDED,NO CONTROLS,DRIVING SKILLS/KNOWLEDGE/EXPERIENCE,FAILING TO REDUCE SPEED,0,0,0,0,5,7,7,2498,HALSTED ST,41.856482,-87.541613,07/01/2017 06:11:00 AM,2017
CR00014996,09/15/2023 07:36:00 AM,30,RAIN,DARKNESS,TURNING,DIVIDED - W/MEDIAN (NOT RAISED),TRAFFIC SIGNAL,IMPROPER LANE USAGE,NOT APPLICABLE,0,0,0,0,7,6,9,479,MILWAUKEE AVE,41.916005,-87.661117,09/15/2023 09:00:00 AM,2023
CR00014997,11/10/2020 04:33:00 AM,35,CLEAR,DAYLIGHT,SIDESWIPE SAME DIRECTION,NOT DIVIDED,UNKNOWN,UNABLE TO DETERMINE,DRIVING SKILLS/KNOWLEDGE/EXPERIENCE,0,0,1,1,4,3,11,752,CICERO AVE,41.775125,-87.716591,11/10/2020 05:24:00 AM,2020
CR00014998,07/25/2022 10:47:00 AM,30,FOG/SMOKE/HAZE,DAYLIGHT,ANGLE,DIVIDED - W/MEDIAN (NOT RAISED),STOP SIGN/FLASHER,UNABLE TO DETERMINE,NOT APPLICABLE,0,0,0,0,10,2,7,701,WESTERN AVE,41.978092,-87.604707,07/25/2022 11:53:00 AM,2022
CR00014999,10/23/2016 07:49:00 AM,20,CLEAR,DARKNESS - LIGHTED ROAD,PEDESTRIAN,FOUR WAY,TRAFFIC SIGNAL,UNABLE TO DETERMINE,NOT APPLICABLE,0,0,0,0,7,1,10,191,63RD ST,41.950866,-87.680625,10/23/2016 08:23:00 AM,2016
CR00015000,05/07/2023 03:36:00 PM,40,CLEAR,DAYLIGHT,SIDESWIPE SAME DIRECTION,ONE-WAY,NO CONTROLS,UNABLE TO DETERMINE,DISREGARDING TRAFFIC SIGNALS,0,0,0,0,15,1,5,1456,PULASKI RD,41.751144,-87.635028,05/07/2023 03:52:00 PM,2023
CR00015001,04/11/2023 05:31:00 PM,45,RAIN,DARKNESS - LIGHTED ROAD,SIDESWIPE SAME DIRECTION,NOT DIVIDED,TRAFFIC SIGNAL,FAILING TO YIELD RIGHT-OF-WAY,FAILING TO YIELD RIGHT-OF-WAY,0,0,0,0,17,3,4,167,DIVISION ST,41.969161,-87.585778,04/11/2023 07:13:00 PM,2023
CR00015002,05/13/2021 01:06:00 PM,35,RAIN,DARKNESS - LIGHTED ROAD,REAR END,FOUR WAY,NO CONTROLS,DRIVING SKILLS/KNOWLEDGE/EXPERIENCE,UNABLE TO DETERMINE,0,0,0,0,13,5,5,2503,ELSTON AVE,41.720207,-87.63104,05/13/2021 01:28:00 PM,2021
CR00015003,07/04/2018 04:37:00 PM,30,CLEAR,DARKNESS - LIGHTED ROAD,PARKED MOTOR VEHICLE,NOT DIVIDED,TRAFFIC SIGNAL,DISREGARDING TRAFFIC SIGNALS,FOLLOWING TOO CLOSELY,0,0,0,0,16,4,7,140,CALIFORNIA AVE,41.755591,-87.636133,07/04/2018 05:48:00 PM,2018
CR00015004,11/08/2017 06:47:00 PM,15,CLEAR,DAYLIGHT,TURNING,NOT DIVIDED,NO CONTROLS,FAILING TO REDUCE SPEED,DRIVING SKILLS/KNOWLEDGE/EXPERIENCE,0,0,1,1,18,4,11,1980,MILWAUKEE AVE,41.849617,-87.54483,11/08/2017 07:22:00 PM,2017
CR00015005,02/28/2024 12:04:00 AM,30,CLEAR,DAYLIGHT,FIXED OBJECT,DIVIDED - W/MEDIAN (NOT RAISED),NO CONTROLS,FAILING TO YIELD RIGHT-OF-WAY,UNABLE TO DETERMINE,0,0,0,0,0,4,2,1777,STATE ST,41.902867,-87.829489,02/28/2024 01:40:00 AM,2024
CR00015006,02/09/2022 07:58:00 AM,30,RAIN,DARKNESS,SIDESWIPE SAME DIRECTION,ONE-WAY,STOP SIGN/FLASHER,FAILING TO YIELD RIGHT-OF-WAY,UNABLE TO DETERMINE,0,0,1,1,7,4,2,2281,ROOSEVELT RD,41.9141,-87.545182,02/09/2022 08:15:00 AM,2022
CR00015007,02/02/2023 09:23:00 PM,45,CLEAR,DAYLIGHT,FIXED OBJECT,DIVIDED - W/MEDIAN (NOT RAISED),STOP SIGN/FLASHER,DISTRACTION - FROM INSIDE VEHICLE,DISTRACTION - FROM INSIDE VEHICLE,0,0,0,0,21,5,2,1933,OGDEN AVE,41.799911,-87.714363,02/02/2023 11:09:00 PM,2023
CR00015008,10/10/2019 11:54:00 AM,35,RAIN,DAYLIGHT,TURNING,DIVIDED - W/MEDIAN (NOT RAISED),NO CONTROLS,FAILING TO YIELD RIGHT-OF-WAY,UNABLE TO DETERMINE,0,0,0,0,11,5,10,348,MILWAUKEE AVE,41.828377,-87.706045,10/10/2019 12:27:00 PM,2019
CR00015009,12/20/2023 03:54:00 PM,45,SNOW,DARKNESS,TURNING,FOUR WAY,STOP SIGN/FLASHER,UNABLE TO DETERMINE,FOLLOWING TOO CLOSELY,0,0,2,2,15,4,12,335,IRVING PARK RD,41.768958,-87.528203,12/20/2023 05:13:00 PM,2023
CR00015010,01/11/2020 05:48:00 PM,30,CLEAR,DARKNESS - LIGHTED ROAD,ANGLE,T-INTERSECTION,TRAFFIC SIGNAL,DRIVING SKILLS/KNOWLEDGE/EXPERIENCE,IMPROPER LANE USAGE,0,0,0,0,17,7,1,1056,ARCHER AVE,41.95815,-87.561681,01/11/2020 07:22:00 PM,2020
CR00015011,04/03/2022 04:36:00 PM,40,CLEAR,DARKNESS - LIGHTED ROAD,FIXED OBJECT,NOT DIVIDED,STOP SIGN/FLASHER,FOLLOWING TOO CLOSELY,WEATHER,0,0,0,0,16,1,4,1218,LAKE SHORE DR,41.991585,-87.654358,04/03/2022 06:11:00 PM,2022
CR00015012,09/15/2024 09:54:00 AM,35,CLEAR,DAYLIGHT,REAR END,NOT DIVIDED,STOP SIGN/FLASHER,FOLLOWING TOO CLOSELY,WEATHER,0,0,0,0,9,1,9,175,ASHLAND AVE,41.818817,-87.517885,09/15/2024 10:42:00 AM,2024
CR00015013,02/04/2023 01:55:00 PM,20,CLEAR,DARKNESS - LIGHTED ROAD,SIDESWIPE SAME DIRECTION,DIVIDED - W/MEDIAN (NOT RAISED),STOP SIGN/FLASHER,UNABLE TO DETERMINE,UNABLE TO DETERMINE,0,0,0,0,13,7,2,1656,FULLERTON AVE,41.787158,-87.734936,02/04/2023 03:35:00 PM,2023
CR00015014,10/11/2018 05:00:00 PM,30,CLEAR,DAYLIGHT,TURNING,ONE-WAY,TRAFFIC SIGNAL,IMPROPER OVERTAKING/PASSING,NOT APPLICABLE,0,0,1,1,17,5,10,377,ROOSEVELT RD,41.805408,-87.788258,10/11/2018 05:21:00 PM,2018
CR00015015,01/02/2015 12:05:00 PM,30,FOG/SMOKE/HAZE,DAYLIGHT,SIDESWIPE SAME DIRECTION,ONE-WAY,TRAFFIC SIGNAL,UNABLE TO DETERMINE,DRIVING SKILLS/KNOWLEDGE/EXPERIENCE,0,0,0,0,12,6,1,1062,KEDZIE AVE,41.77152,-87.71698,01/02/2015 01:25:00 PM,2015
CR00015016,08/29/2018 05:50:00 PM,30,CLEAR,DAYLIGHT,PARKED MOTOR VEHICLE,FOUR WAY,TRAFFIC SIGNAL,FOLLOWING TOO CLOSELY,DISREGARDING TRAFFIC SIGNALS,0,0,0,0,17,4,8,1628,ASHLAND AVE,41.853464,-87.644244,08/29/2018 05:52:00 PM,2018
CR00015017,07/30/2021 04:46:00 PM,40,CLEAR,DAYLIGHT,SIDESWIPE SAME DIRECTION,DIVIDED - W/MEDIAN (NOT RAISED),TRAFFIC SIGNAL,IMPROPER LANE USAGE,NOT APPLICABLE,0,0,1,1,16,6,7,2431,WESTERN AVE,41.830443,-87.769563,07/30/2021 05:47:00 PM,2021
CR00015018,12/12/2023 02:35:00 PM,15,RAIN,DAYLIGHT,REAR END,ONE-WAY,STOP SIGN/FLASHER,DISTRACTION - FROM INSIDE VEHICLE,FAILING TO REDUCE SPEED,0,0,0,0,14,3,12,564,STATE ST,41.820021,-87.636047,12/12/2023 04:17:00 PM,2023
CR00015019,10/05/2016 08:30:00 PM,35,CLEAR,DARKNESS - LIGHTED ROAD,REAR END,NOT DIVIDED,NO CONTROLS,IMPROPER LANE USAGE,FOLLOWING TOO CLOSELY,0,0,1,1,20,4,10,1498,MICHIGAN AVE,41.886035,-87.743782,10/05/2016 09:46:00 PM,2016
CR00015020,06/14/2015 01:50:00 AM,35,CLEAR,DARKNESS - LIGHTED ROAD,REAR TO FRONT,T-INTERSECTION,STOP SIGN/FLASHER,DRIVING SKILLS/KNOWLEDGE/EXPERIENCE,DRIVING SKILLS/KNOWLEDGE/EXPERIENCE,0,0,0,0,1,1,6,130,PULASKI RD,41.930995,-87.750389,06/14/2015 03:13:00 AM,2015
CR00015021,01/13/2020 07:30:00 PM,45,RAIN,DAYLIGHT,TURNING,NOT DIVIDED,STOP SIGN/FLASHER,IMPROPER OVERTAKING/PASSING,UNABLE TO DETERMINE,0,0,0,0,19,2,1,128,ELSTON AVE,41.792333,-87.836189,01/13/2020 07:40:00 PM,2020
CR00015022,06/13/2024 07:34:00 PM,20,CLEAR,DAYLIGHT,REAR END,ONE-WAY,TRAFFIC SIGNAL,FOLLOWING TOO CLOSELY,FOLLOWING TOO CLOSELY,0,0,0,0,19,5,6,2081,DAMEN AVE,41.788309,-87.691292,06/13/2024 08:35:00 PM,2024
CR00015023,05/31/2018 09:52:00 AM,30,CLEAR,DAYLIGHT,PARKED MOTOR VEHICLE,ONE-WAY,STOP SIGN/FLASHER,UNABLE TO DETERMINE,FOLLOWING TOO CLOSELY,0,0,0,0,9,5,5,1911,ROOSEVELT RD,41.761786,-87.741352,05/31/2018 10:02:00 AM,2018
CR00015024,04/18/2019 11:12:00 AM,35,CLEAR,DAYLIGHT,SIDESWIPE SAME DIRECTION,T-INTERSECTION,NO CONTROLS,DISTRACTION - FROM INSIDE VEHICLE,UNABLE TO DETERMINE,0,0,0,0,11,5,4,1763,WESTERN AVE,41.930431,-87.813727,04/18/2019 11:14:00 AM,2019
CR00015025,08/02/2023 11:45:00 PM,35,RAIN,DAYLIGHT,REAR END,T-INTERSECTION,TRAFFIC SIGNAL,FAILING TO REDUCE SPEED,UNABLE TO DETERMINE,0,0,0,0,23,4,8,1034,BROADWAY,41.91221,-87.613881,08/03/2023 12:16:00 AM,2023
CR00015026,01/18/2023 07:12:00 AM,30,CLEAR,DARKNESS,SIDESWIPE SAME DIRECTION,NOT DIVIDED,TRAFFIC SIGNAL,UNABLE TO DETERMINE,IMPROPER OVERTAKING/PASSING,0,0,0,0,7,4,1,1432,ASHLAND AVE,41.966688,-87.754604,01/18/2023 07:59:00 AM,2023
CR00015027,04/01/2018 11:50:00 AM,20,CLEAR,DARKNESS,PARKED MOTOR VEHICLE,FOUR WAY,NO CONTROLS,UNABLE TO DETERMINE,UNABLE TO DETERMINE,0,0,0,0,11,1,4,2192,STATE ST,41.966463,-87.776048,04/01/2018 12:22:00 PM,2018
CR00015028,08/27/2022 02:25:00 PM,30,CLEAR,DAYLIGHT,REAR TO FRONT,NOT DIVIDED,TRAFFIC SIGNAL,FAILING TO YIELD RIGHT-OF-WAY,UNABLE TO DETERMINE,0,1,2,3,14,7,8,2332,OGDEN AVE,41.954512,-87.791683,08/27/2022 04:21:00 PM,2022
CR00015029,08/15/2021 08:24:00 AM,35,CLEAR,DAYLIGHT,TURNING,DIVIDED - W/MEDIAN (NOT RAISED),NO CONTROLS,DRIVING SKILLS/KNOWLEDGE/EXPERIENCE,FOLLOWING TOO CLOSELY,0,0,0,0,8,1,8,204,MICHIGAN AVE,41.945902,-87.70101,08/15/2021 09:13:00 AM,2021
CR00015030,01/20/2019 12:38:00 PM,40,RAIN,DARKNESS - LIGHTED ROAD,REAR TO FRONT,DIVIDED - W/MEDIAN BARRIER,STOP SIGN/FLASHER,FAILING TO REDUCE SPEED,UNABLE TO DETERMINE,0,0,0,0,12,1,1,682,DIVISION ST,41.997351,-87.765225,01/20/2019 01:21:00 PM,2019
CR00015031,06/07/2019 01:09:00 PM,30,CLEAR,DAYLIGHT,ANGLE,T-INTERSECTION,NO CONTROLS,UNABLE TO DETERMINE,IMPROPER OVERTAKING/PASSING,0,0,3,3,13,6,6,1066,CICERO AVE,41.722041,-87.741502,06/07/2019 03:03:00 PM,2019
CR00015032,08/03/2016 03:35:00 PM,15,RAIN,DAYLIGHT,FIXED OBJECT,NOT DIVIDED,NO CONTROLS,DRIVING SKILLS/KNOWLEDGE/EXPERIENCE,WEATHER,0,0,0,0,15,4,8,2289,OGDEN AVE,41.997861,-87.550092,08/03/2016 05:11:00 PM,2016
CR00015033,06/15/2024 04:57:00 PM,30,CLEAR,DAYLIGHT,ANGLE,NOT DIVIDED,NO CONTROLS,DRIVING SKILLS/KNOWLEDGE/EXPERIENCE,UNABLE TO DETERMINE,0,0,3,3,16,7,6,1778,KEDZIE AVE,41.855467,-87.563036,06/15/2024 06:20:00 PM,2024
CR00015034,10/24/2017 04:36:00 PM,30,CLEAR,DARKNESS - LIGHTED ROAD,REAR END,NOT DIVIDED,UNKNOWN,FOLLOWING TOO CLOSELY,DRIVING SKILLS/KNOWLEDGE/EXPERIENCE,0,1,1,2,16,3,10,1017,63RD ST,41.728726,-87.637529,10/24/2017 05:39:00 PM,2017
CR00015035,04/03/2017 08:56:00 AM,35,CLEAR,DARKNESS - LIGHTED ROAD,REAR TO FRONT,T-INTERSECTION,NO CONTROLS,UNABLE TO DETERMINE,NOT APPLICABLE,0,0,0,0,8,2,4,361,STATE ST,41.753216,-87.775068,04/03/2017 09:35:00 AM,2017
CR00015036,07/26/2022 01:16:00 PM,40,CLEAR,DAYLIGHT,REAR END,DIVIDED - W/MEDIAN BARRIER,TRAFFIC SIGNAL,UNABLE TO DETERMINE,DRIVING SKILLS/KNOWLEDGE/EXPERIENCE,0,0,0,0,13,3,7,602,ELSTON AVE,41.851207,-87.682524,07/26/2022 01:18:00 PM,2022
CR00015037,11/14/2016 03:59:00 PM,40,CLEAR,DAYLIGHT,REAR END,FOUR WAY,YIELD,FOLLOWING TOO CLOSELY,UNABLE TO DETERMINE,0,0,0,0,15,2,11,329,PULASKI RD,41.857982,-87.628431,11/14/2016 04:11:00 PM,2016
CR00015038,12/06/2022 12:25:00 PM,25,CLOUDY/OVERCAST,DAYLIGHT,TURNING,DIVIDED - W/MEDIAN (NOT RAISED),STOP SIGN/FLASHER,DISTRACTION - FROM INSIDE VEHICLE,DISREGARDING TRAFFIC SIGNALS,0,0,0,0,12,3,12,900,STONY ISLAND AVE,41.952772,-87.683731,12/06/2022 01:54:00 PM,2022
CR00015039,03/29/2018 05:29:00 PM,30,CLEAR,DAYLIGHT,PARKED MOTOR VEHICLE,NOT DIVIDED,TRAFFIC SIGNAL,FAILING TO YIELD RIGHT-OF-WAY,IMPROPER OVERTAKING/PASSING,0,0,0,0,17,5,3,531,STONY ISLAND AVE,41.951999,-87.702502,03/29/2018 06:11:00 PM,2018
CR00015040,07/07/2020 07:34:00 PM,30,CLEAR,DAYLIGHT,REAR END,DIVIDED - W/MEDIAN BARRIER,STOP SIGN/FLASHER,UNABLE TO DETERMINE,UNABLE TO DETERMINE,0,0,0,0,19,3,7,1713,BROADWAY,41.792178,-87.669867,07/07/2020 09:33:00 PM,2020
CR00015041,11/14/2023 08:41:00 PM,35,RAIN,DARKNESS - LIGHTED ROAD,REAR END,NOT DIVIDED,NO CONTROLS,DISTRACTION - FROM INSIDE VEHICLE,DISREGARDING TRAFFIC SIGNALS,0,0,1,1,20,3,11,1592,BROADWAY,41.777924,-87.544086,11/14/2023 10:05:00 PM,2023
CR00015042,01/06/2016 05:00:00 PM,30,CLEAR,DAYLIGHT,REAR END,NOT DIVIDED,YIELD,UNABLE TO DETERMINE,FAILING TO YIELD RIGHT-OF-WAY,0,0,0,0,17,4,1,787,WESTERN AVE,41.809958,-87.58021,01/06/2016 06:44:00 PM,2016
CR00015043,07/03/2018 11:25:00 AM,30,FOG/SMOKE/HAZE,DAYLIGHT,SIDESWIPE SAME DIRECTION,DIVIDED - W/MEDIAN BARRIER,TRAFFIC SIGNAL,FOLLOWING TOO CLOSELY,UNABLE TO DETERMINE,0,0,0,0,11,3,7,1353,OGDEN AVE,41.844781,-87.668155,07/03/2018 12:16:00 PM,2018
CR00015044,11/16/2016 06:04:00 PM,30,CLEAR,DARKNESS - LIGHTED ROAD,FIXED OBJECT,ONE-WAY,YIELD,FOLLOWING TOO CLOSELY,UNABLE TO DETERMINE,0,0,0,0,18,4,11,2066,PULASKI RD,41.971458,-87.608557,11/16/2016 06:59:00 PM,2016
CR00015045,10/01/2022 07:45:00 AM,20,CLEAR,DARKNESS - LIGHTED ROAD,SIDESWIPE SAME DIRECTION,NOT DIVIDED,NO CONTROLS,IMPROPER LANE USAGE,FOLLOWING TOO CLOSELY,0,0,0,0,7,7,10,514,47TH ST,41.83061,-87.831264,10/01/2022 08:40:00 AM,2022
CR00015046,10/15/2020 05:56:00 PM,30,CLEAR,DARKNESS,FIXED OBJECT,NOT DIVIDED,STOP SIGN/FLASHER,UNABLE TO DETERMINE,FOLLOWING TOO CLOSELY,0,0,0,0,17,5,10,145,79TH ST,41.71571,-87.624173,10/15/2020 07:09:00 PM,2020
CR00015047,08/18/2015 07:34:00 AM,30,CLEAR,DAYLIGHT,TURNING,NOT DIVIDED,TRAFFIC SIGNAL,FOLLOWING TOO CLOSELY,IMPROPER OVERTAKING/PASSING,0,0,0,0,7,3,8,1479,FULLERTON AVE,41.911143,-87.568112,08/18/2015 09:16:00 AM,2015
CR00015048,05/07/2017 07:50:00 AM,30,CLEAR,DAYLIGHT,REAR TO FRONT,NOT DIVIDED,STOP SIGN/FLASHER,DRIVING SKILLS/KNOWLEDGE/EXPERIENCE,UNABLE TO DETERMINE,0,0,0,0,7,1,5,2101,79TH ST,41.870283,-87.684786,05/07/2017 09:03:00 AM,2017
CR00015049,08/27/2024 11:46:00 PM,40,CLEAR,DARKNESS,SIDESWIPE SAME DIRECTION,DIVIDED - W/MEDIAN BARRIER,STOP SIGN/FLASHER,UNABLE TO DETERMINE,UNABLE TO DETERMINE,0,0,0,0,23,3,8,1308,MICHIGAN AVE,41.765801,-87.688803,08/28/2024 12:02:00 AM,2024
CR00015050,06/06/2017 06:41:00 PM,35,CLEAR,DAYLIGHT,REAR END,DIVIDED - W/MEDIAN (NOT RAISED),NO CONTROLS,UNABLE TO DETERMINE,DISREGARDING TRAFFIC SIGNALS,0,0,0,0,18,3,6,1963,WESTERN AVE,41.923274,-87.512287,06/06/2017 08:35:00 PM,2017
CR00015051,10/29/2019 02:54:00 AM,15,CLOUDY/OVERCAST,DAYLIGHT,REAR END,FOUR WAY,TRAFFIC SIGNAL,IMPROPER OVERTAKING/PASSING,WEATHER,0,0,3,3,2,3,10,225,IRVING PARK RD,41.822442,-87.74804,10/29/2019 03:04:00 AM,2019
CR00015052,02/28/2023 06:33:00 PM,15,CLEAR,DARKNESS,REAR END,NOT DIVIDED,TRAFFIC SIGNAL,FOLLOWING TOO CLOSELY,UNABLE TO DETERMINE,0,0,1,1,18,3,2,1448,WESTERN AVE,41.92245,-87.742967,02/28/2023 07:31:00 PM,2023
CR00015053,09/26/2024 03:16:00 AM,30,CLEAR,DAYLIGHT,ANGLE,NOT DIVIDED,NO CONTROLS,DRIVING SKILLS/KNOWLEDGE/EXPERIENCE,NOT APPLICABLE,0,0,1,1,3,5,9,1113,STONY ISLAND AVE,41.730538,-87.573043,09/26/2024 04:09:00 AM,2024
CR00015054,06/04/2016 09:55:00 AM,25,CLEAR,DAYLIGHT,FIXED OBJECT,DIVIDED - W/MEDIAN (NOT RAISED),NO CONTROLS,FOLLOWING TOO CLOSELY,UNABLE TO DETERMINE,0,0,0,0,9,7,6,1799,WESTERN AVE,41.7197,-87.782683,06/04/2016 11:27:00 AM,2016
CR00015055,08/09/2020 08:16:00 AM,40,RAIN,DARKNESS - LIGHTED ROAD,FIXED OBJECT,NOT DIVIDED,TRAFFIC SIGNAL,DISTRACTION - FROM INSIDE VEHICLE,NOT APPLICABLE,0,0,3,3,8,1,8,1541,CLARK ST,41.828503,-87.73372,08/09/2020 09:54:00 AM,2020
CR00015056,05/07/2024 06:48:00 PM,25,RAIN,DAYLIGHT,FIXED OBJECT,NOT DIVIDED,TRAFFIC SIGNAL,DRIVING SKILLS/KNOWLEDGE/EXPERIENCE,IMPROPER OVERTAKING/PASSING,0,0,0,0,18,3,5,2037,ASHLAND AVE,41.720802,-87.812253,05/07/2024 07:23:00 PM,2024
CR00015057,08/18/2021 04:04:00 PM,30,CLEAR,DARKNESS - LIGHTED ROAD,REAR END,DIVIDED - W/MEDIAN (NOT RAISED),NO CONTROLS,DRIVING SKILLS/KNOWLEDGE/EXPERIENCE,FAILING TO YIELD RIGHT-OF-WAY,0,0,1,1,16,4,8,811,DIVISION ST,41.714475,-87.847015,08/18/2021 05:53:00 PM,2021
CR00015058,07/29/2024 06:15:00 PM,40,CLEAR,DUSK,REAR END,DIVIDED - W/MEDIAN BARRIER,STOP SIGN/FLASHER,FOLLOWING TOO CLOSELY,UNABLE TO DETERMINE,0,0,2,2,18,2,7,825,KEDZIE AVE,41.832584,-87.556762,07/29/2024 08:05:00 PM,2024
CR00015059,03/09/2017 04:56:00 PM,30,CLEAR,DUSK,TURNING,ONE-WAY,TRAFFIC SIGNAL,UNABLE TO DETERMINE,DRIVING SKILLS/KNOWLEDGE/EXPERIENCE,0,0,0,0,16,5,3,1567,OGDEN AVE,41.775422,-87.801881,03/09/2017 05:47:00 PM,2017
CR00015060,12/28/2017 05:35:00 PM,40,SNOW,DARKNESS - LIGHTED ROAD,ANGLE,NOT DIVIDED,YIELD,UNABLE TO DETERMINE,FAILING TO YIELD RIGHT-OF-WAY,0,0,0,0,17,5,12,618,DAMEN AVE,41.933303,-87.606865,12/28/2017 06:07:00 PM,2017
CR00015061,12/30/2023 01:27:00 AM,15,CLOUDY/OVERCAST,DAYLIGHT,REAR END,T-INTERSECTION,TRAFFIC SIGNAL,UNABLE TO DETERMINE,NOT APPLICABLE,0,0,1,1,1,7,12,1580,63RD ST,41.783575,-87.838422,12/30/2023 02:35:00 AM,2023
CR00015062,05/13/2019 12:51:00 AM,40,CLEAR,DAYLIGHT,PEDESTRIAN,NOT DIVIDED,NO CONTROLS,UNABLE TO DETERMINE,UNABLE TO DETERMINE,0,0,0,0,0,2,5,1467,KEDZIE AVE,41.907174,-87.846154,05/13/2019 01:50:00 AM,2019
CR00015063,12/16/2018 06:11:00 PM,30,CLEAR,DARKNESS - LIGHTED ROAD,REAR END,FOUR WAY,NO CONTROLS,FOLLOWING TOO CLOSELY,NOT APPLICABLE,0,0,0,0,18,1,12,1593,DIVISION ST,41.990168,-87.743985,12/16/2018 08:10:00 PM,2018
CR00015064,08/19/2022 08:37:00 AM,30,CLEAR,DAYLIGHT,REAR TO FRONT,DIVIDED - W/MEDIAN (NOT RAISED),NO CONTROLS,DISTRACTION - FROM INSIDE VEHICLE,DISREGARDING TRAFFIC SIGNALS,0,0,1,1,8,6,8,231,MICHIGAN AVE,41.877718,-87.593664,08/19/2022 09:27:00 AM,2022
CR00015065,11/01/2021 02:54:00 PM,30,CLEAR,DAWN,PEDESTRIAN,FOUR WAY,NO CONTROLS,UNABLE TO DETERMINE,NOT APPLICABLE,0,0,1,1,14,2,11,820,STATE ST,41.859105,-87.562547,11/01/2021 04:40:00 PM,2021
CR00015066,05/23/2015 02:13:00 AM,30,CLEAR,DAYLIGHT,TURNING,DIVIDED - W/MEDIAN (NOT RAISED),NO CONTROLS,FOLLOWING TOO CLOSELY,FOLLOWING TOO CLOSELY,0,0,0,0,2,7,5,887,ELSTON AVE,41.830543,-87.531765,05/23/2015 02:26:00 AM,2015