CRASH_RECORD_ID,CRASH_DATE,POSTED_SPEED_LIMIT,WEATHER_CONDITION,LIGHTING_CONDITION,FIRST_CRASH_TYPE,TRAFFICWAY_TYPE,TRAFFIC_CONTROL_DEVICE,PRIM_CONTRIBUTORY_CAUSE,SEC_CONTRIBUTORY_CAUSE,INJURIES_FATAL,INJURIES_INCAPACITATING,INJURIES_NON_INCAPACITATING,INJURIES_TOTAL,CRASH_HOUR,CRASH_DAY_OF_WEEK,CRASH_MONTH,BEAT_OF_OCCURRENCE,STREET_NAME,LATITUDE,LONGITUDE,DATE_POLICE_NOTIFIED,year
CR00015067,09/25/2023 07:51:00 AM,30,CLEAR,DAYLIGHT,REAR END,FOUR WAY,NO CONTROLS,UNABLE TO DETERMINE,UNABLE TO DETERMINE,0,0,0,0,7,2,9,1521,STONY ISLAND AVE,41.846385,-87.615618,09/25/2023 09:44:00 AM,2023
CR00015068,10/24/2023 10:47:00 PM,40,CLEAR,DAYLIGHT,REAR END,FOUR WAY,NO CONTROLS,FOLLOWING TOO CLOSELY,UNABLE TO DETERMINE,0,0,0,0,22,3,10,1670,STATE ST,41.806329,-87.587636,10/25/2023 12:01:00 AM,2023
CR00015069,03/18/2019 10:16:00 AM,30,CLEAR,DARKNESS - LIGHTED ROAD,FIXED OBJECT,DIVIDED - W/MEDIAN (NOT RAISED),NO CONTROLS,FAILING TO REDUCE SPEED,FOLLOWING TOO CLOSELY,0,0,0,0,10,2,3,361,OGDEN AVE,41.796179,-87.559972,03/18/2019 12:08:00 PM,2019
CR00015070,08/13/2017 04:17:00 PM,35,CLEAR,DAYLIGHT,SIDESWIPE SAME DIRECTION,NOT DIVIDED,NO CONTROLS,UNABLE TO DETERMINE,FOLLOWING TOO CLOSELY,0,0,1,1,16,1,8,1064,LAKE SHORE DR,41.939266,-87.540981,08/13/2017 06:13:00 PM,2017
CR00015071,10/15/2019 08:16:00 AM,30,CLEAR,DAYLIGHT,REAR TO FRONT,DIVIDED - W/MEDIAN BARRIER,STOP SIGN/FLASHER,FAILING TO REDUCE SPEED,UNABLE TO DETERMINE,0,0,0,0,8,3,10,1884,PULASKI RD,41.720819,-87.679112,10/15/2019 08:47:00 AM,2019
CR00015072,09/13/2017 08:49:00 AM,30,CLEAR,DAYLIGHT,REAR END,NOT DIVIDED,NO CONTROLS,UNABLE TO DETERMINE,FAILING TO REDUCE SPEED,0,0,0,0,8,4,9,932,BROADWAY,41.802607,-87.693556,09/13/2017 08:58:00 AM,2017
CR00015073,01/06/2017 07:32:00 AM,35,SNOW,DUSK,SIDESWIPE SAME DIRECTION,DIVIDED - W/MEDIAN (NOT RAISED),STOP SIGN/FLASHER,FAILING TO YIELD RIGHT-OF-WAY,NOT APPLICABLE,0,0,0,0,7,6,1,1213,FULLERTON AVE,41.756397,-87.500065,01/06/2017 09:02:00 AM,2017
CR00015074,03/17/2016 10:36:00 AM,40,RAIN,DAYLIGHT,TURNING,ONE-WAY,NO CONTROLS,UNABLE TO DETERMINE,UNABLE TO DETERMINE,0,0,0,0,10,5,3,1718,FULLERTON AVE,41.962158,-87.632452,03/17/2016 12:11:00 PM,2016
CR00015075,07/21/2021 10:37:00 AM,30,CLEAR,DAYLIGHT,PEDESTRIAN,DIVIDED - W/MEDIAN (NOT RAISED),NO CONTROLS,UNABLE TO DETERMINE,FOLLOWING TOO CLOSELY,0,0,1,1,10,4,7,1171,WESTERN AVE,41.793333,-87.561295,07/21/2021 11:50:00 AM,2021
CR00015076,06/02/2019 12:45:00 AM,30,CLEAR,DAYLIGHT,REAR TO FRONT,ONE-WAY,TRAFFIC SIGNAL,FAILING TO REDUCE SPEED,UNABLE TO DETERMINE,0,0,0,0,0,1,6,386,STATE ST,41.944772,-87.500271,06/02/2019 01:25:00 AM,2019
CR00015077,05/13/2016 07:28:00 AM,35,CLEAR,DAYLIGHT,SIDESWIPE SAME DIRECTION,DIVIDED - W/MEDIAN (NOT RAISED),TRAFFIC SIGNAL,FAILING TO REDUCE SPEED,NOT APPLICABLE,0,0,3,3,7,6,5,1085,WESTERN AVE,41.988246,-87.522582,05/13/2016 08:55:00 AM,2016
CR00015078,04/20/2015 11:25:00 AM,20,CLEAR,DAYLIGHT,REAR END,FOUR WAY,NO CONTROLS,FOLLOWING TOO CLOSELY,NOT APPLICABLE,0,0,0,0,11,2,4,1885,CLARK ST,41.968689,-87.521526,04/20/2015 11:52:00 AM,2015
CR00015079,05/14/2020 07:03:00 PM,15,RAIN,DAYLIGHT,ANGLE,NOT DIVIDED,NO CONTROLS,DISREGARDING TRAFFIC SIGNALS,NOT APPLICABLE,0,0,0,0,19,5,5,2468,CICERO AVE,41.803583,-87.580828,05/14/2020 08:01:00 PM,2020
CR00015080,01/11/2021 05:31:00 PM,25,CLEAR,DARKNESS - LIGHTED ROAD,REAR TO FRONT,ONE-WAY,STOP SIGN/FLASHER,FOLLOWING TOO CLOSELY,FAILING TO REDUCE SPEED,0,0,2,2,17,2,1,108,ELSTON AVE,41.941574,-87.61263,01/11/2021 05:43:00 PM,2021
CR00015081,07/03/2015 11:34:00 AM,40,CLEAR,DARKNESS - LIGHTED ROAD,REAR TO FRONT,FOUR WAY,NO CONTROLS,UNABLE TO DETERMINE,DRIVING SKILLS/KNOWLEDGE/EXPERIENCE,0,0,0,0,11,6,7,2100,MICHIGAN AVE,41.953419,-87.815876,07/03/2015 11:55:00 AM,2015
CR00015082,06/08/2021 10:38:00 AM,35,CLEAR,DAYLIGHT,ANGLE,NOT DIVIDED,NO CONTROLS,UNABLE TO DETERMINE,IMPROPER OVERTAKING/PASSING,0,0,1,1,10,3,6,1807,CALIFORNIA AVE,41.736217,-87.609126,06/08/2021 10:57:00 AM,2021
CR00015083,05/15/2024 11:48:00 PM,15,CLEAR,DAYLIGHT,TURNING,NOT DIVIDED,NO CONTROLS,UNABLE TO DETERMINE,FAILING TO REDUCE SPEED,0,0,0,0,23,4,5,2001,CLARK ST,41.929877,-87.841589,05/16/2024 01:43:00 AM,2024
CR00015084,07/20/2020 01:32:00 PM,35,CLEAR,DAYLIGHT,TURNING,ONE-WAY,NO CONTROLS,DISREGARDING TRAFFIC SIGNALS,DISREGARDING TRAFFIC SIGNALS,0,0,0,0,13,2,7,2280,CLARK ST,41.86592,-87.72032,07/20/2020 02:11:00 PM,2020
CR00015085,10/15/2019 04:35:00 PM,25,CLEAR,DUSK,ANGLE,NOT DIVIDED,TRAFFIC SIGNAL,UNABLE TO DETERMINE,FAILING TO YIELD RIGHT-OF-WAY,0,0,2,2,16,3,10,2330,ROOSEVELT RD,41.769238,-87.596462,10/15/2019 05:21:00 PM,2019
CR00015086,05/09/2022 08:04:00 PM,45,CLEAR,DAYLIGHT,REAR END,DIVIDED - W/MEDIAN (NOT RAISED),NO CONTROLS,UNABLE TO DETERMINE,FOLLOWING TOO CLOSELY,0,0,0,0,20,2,5,501,BROADWAY,41.849034,-87.826782,05/09/2022 09:41:00 PM,2022
CR00015087,08/24/2018 08:23:00 PM,30,CLEAR,DARKNESS - LIGHTED ROAD,REAR END,DIVIDED - W/MEDIAN (NOT RAISED),TRAFFIC SIGNAL,FOLLOWING TOO CLOSELY,FOLLOWING TOO CLOSELY,0,0,0,0,20,6,8,753,CALIFORNIA AVE,41.995407,-87.634667,08/24/2018 09:22:00 PM,2018
CR00015088,01/02/2022 11:48:00 AM,45,CLEAR,DARKNESS - LIGHTED ROAD,TURNING,T-INTERSECTION,STOP SIGN/FLASHER,UNABLE TO DETERMINE,NOT APPLICABLE,0,0,0,0,11,1,1,2078,BROADWAY,41.849383,-87.825072,01/02/2022 11:57:00 AM,2022
CR00015089,11/25/2016 11:50:00 AM,40,SNOW,DAYLIGHT,ANGLE,ONE-WAY,NO CONTROLS,WEATHER,UNABLE TO DETERMINE,0,0,0,0,11,6,11,524,CALIFORNIA AVE,41.862226,-87.690273,11/25/2016 12:17:00 PM,2016
CR00015090,11/19/2024 04:35:00 PM,25,CLOUDY/OVERCAST,DAYLIGHT,SIDESWIPE SAME DIRECTION,DIVIDED - W/MEDIAN (NOT RAISED),NO CONTROLS,UNABLE TO DETERMINE,DRIVING SKILLS/KNOWLEDGE/EXPERIENCE,0,0,0,0,16,3,11,1471,OGDEN AVE,41.900655,-87.640477,11/19/2024 04:55:00 PM,2024
CR00015091,12/05/2016 08:04:00 AM,25,CLEAR,DAYLIGHT,REAR END,NOT DIVIDED,NO CONTROLS,UNABLE TO DETERMINE,FAILING TO YIELD RIGHT-OF-WAY,0,1,1,2,8,2,12,306,79TH ST,41.797288,-87.814663,12/05/2016 08:54:00 AM,2016
CR00015092,07/10/2022 12:36:00 PM,25,CLEAR,DAYLIGHT,PARKED MOTOR VEHICLE,ONE-WAY,STOP SIGN/FLASHER,FOLLOWING TOO CLOSELY,NOT APPLICABLE,0,1,0,1,12,1,7,416,DIVISION ST,41.848684,-87.733202,07/10/2022 12:37:00 PM,2022
CR00015093,03/06/2024 04:51:00 PM,15,CLEAR,DAYLIGHT,FIXED OBJECT,T-INTERSECTION,TRAFFIC SIGNAL,FAILING TO YIELD RIGHT-OF-WAY,FOLLOWING TOO CLOSELY,0,0,0,0,16,4,3,2273,IRVING PARK RD,41.994329,-87.632579,03/06/2024 06:18:00 PM,2024
CR00015094,06/11/2015 12:32:00 PM,30,CLEAR,DARKNESS,PEDESTRIAN,NOT DIVIDED,UNKNOWN,DISTRACTION - FROM INSIDE VEHICLE,UNABLE TO DETERMINE,0,0,1,1,12,5,6,831,STATE ST,41.821883,-87.763427,06/11/2015 01:04:00 PM,2015
CR00015095,05/15/2022 04:01:00 PM,30,CLEAR,DAYLIGHT,REAR END,FOUR WAY,NO CONTROLS,FAILING TO REDUCE SPEED,UNABLE TO DETERMINE,0,0,0,0,16,1,5,2332,WESTERN AVE,41.968844,-87.58796,05/15/2022 05:51:00 PM,2022
CR00015096,03/25/2023 08:55:00 PM,30,CLEAR,DUSK,TURNING,FOUR WAY,UNKNOWN,UNABLE TO DETERMINE,FOLLOWING TOO CLOSELY,0,0,0,0,20,7,3,596,ARCHER AVE,41.910934,-87.609546,03/25/2023 09:07:00 PM,2023
CR00015097,08/03/2017 11:15:00 AM,30,RAIN,DAYLIGHT,TURNING,NOT DIVIDED,TRAFFIC SIGNAL,UNABLE TO DETERMINE,NOT APPLICABLE,0,0,0,0,11,5,8,2133,CICERO AVE,41.910987,-87.677553,08/03/2017 11:47:00 AM,2017
CR00015098,07/04/2017 11:44:00 PM,40,CLEAR,DARKNESS - LIGHTED ROAD,PARKED MOTOR VEHICLE,NOT DIVIDED,NO CONTROLS,UNABLE TO DETERMINE,FOLLOWING TOO CLOSELY,0,0,0,0,23,3,7,2406,CLARK ST,41.801171,-87.620153,07/05/2017 01:24:00 AM,2017
CR00015099,05/04/2017 09:03:00 AM,30,CLEAR,DAYLIGHT,SIDESWIPE SAME DIRECTION,DIVIDED - W/MEDIAN (NOT RAISED),YIELD,DRIVING SKILLS/KNOWLEDGE/EXPERIENCE,DRIVING SKILLS/KNOWLEDGE/EXPERIENCE,0,0,0,0,9,5,5,119,BROADWAY,41.759528,-87.619312,05/04/2017 09:23:00 AM,2017
CR00015100,06/13/2018 08:44:00 PM,20,SNOW,DAYLIGHT,TURNING,NOT DIVIDED,TRAFFIC SIGNAL,UNABLE TO DETERMINE,UNABLE TO DETERMINE,0,0,0,0,20,4,6,622,FULLERTON AVE,41.797129,-87.580872,06/13/2018 10:43:00 PM,2018
CR00015101,02/24/2020 01:20:00 PM,25,CLOUDY/OVERCAST,DAYLIGHT,REAR TO FRONT,DIVIDED - W/MEDIAN BARRIER,NO CONTROLS,DISTRACTION - FROM INSIDE VEHICLE,UNABLE TO DETERMINE,0,0,2,2,13,2,2,2222,MILWAUKEE AVE,41.872044,-87.670279,02/24/2020 02:14:00 PM,2020
CR00015102,06/01/2017 08:13:00 AM,30,CLEAR,DAYLIGHT,REAR END,ONE-WAY,TRAFFIC SIGNAL,UNABLE TO DETERMINE,FOLLOWING TOO CLOSELY,0,0,0,0,8,5,6,2239,KEDZIE AVE,41.731268,-87.587739,06/01/2017 09:16:00 AM,2017
CR00015103,06/02/2023 05:01:00 PM,30,CLEAR,DAYLIGHT,FIXED OBJECT,NOT DIVIDED,NO CONTROLS,WEATHER,UNABLE TO DETERMINE,0,0,0,0,17,6,6,1571,MICHIGAN AVE,41.8578,-87.677231,06/02/2023 05:24:00 PM,2023
CR00015104,09/10/2022 04:59:00 PM,20,CLEAR,DAYLIGHT,SIDESWIPE SAME DIRECTION,NOT DIVIDED,NO CONTROLS,FOLLOWING TOO CLOSELY,UNABLE TO DETERMINE,0,0,0,0,16,7,9,1357,BROADWAY,41.871285,-87.786473,09/10/2022 05:01:00 PM,2022
CR00015105,09/27/2015 06:16:00 PM,35,FREEZING RAIN/DRIZZLE,DAYLIGHT,REAR END,NOT DIVIDED,NO CONTROLS,DISREGARDING TRAFFIC SIGNALS,UNABLE TO DETERMINE,0,0,0,0,18,1,9,2517,KEDZIE AVE,41.757912,-87.719138,09/27/2015 07:15:00 PM,2015
CR00015106,09/01/2020 02:52:00 PM,25,SNOW,DAYLIGHT,TURNING,DIVIDED - W/MEDIAN (NOT RAISED),NO CONTROLS,FAILING TO YIELD RIGHT-OF-WAY,DISREGARDING TRAFFIC SIGNALS,0,0,0,0,14,3,9,1781,MILWAUKEE AVE,41.705373,-87.594402,09/01/2020 03:31:00 PM,2020
CR00015107,02/17/2022 10:10:00 PM,35,CLOUDY/OVERCAST,DAYLIGHT,PARKED MOTOR VEHICLE,NOT DIVIDED,TRAFFIC SIGNAL,DISTRACTION - FROM INSIDE VEHICLE,IMPROPER LANE USAGE,0,0,0,0,22,5,2,1085,STONY ISLAND AVE,41.882908,-87.805838,02/17/2022 10:12:00 PM,2022
CR00015108,05/14/2016 10:36:00 AM,30,CLEAR,DAYLIGHT,SIDESWIPE SAME DIRECTION,NOT DIVIDED,NO CONTROLS,UNABLE TO DETERMINE,FOLLOWING TOO CLOSELY,0,0,0,0,10,7,5,722,STONY ISLAND AVE,41.890975,-87.693972,05/14/2016 11:50:00 AM,2016
CR00015109,04/12/2015 01:38:00 PM,20,RAIN,DAYLIGHT,SIDESWIPE SAME DIRECTION,T-INTERSECTION,NO CONTROLS,UNABLE TO DETERMINE,NOT APPLICABLE,0,0,0,0,13,1,4,709,MILWAUKEE AVE,41.814108,-87.577933,04/12/2015 01:57:00 PM,2015
CR00015110,04/20/2023 04:38:00 PM,35,FOG/SMOKE/HAZE,DAYLIGHT,REAR TO FRONT,DIVIDED - W/MEDIAN BARRIER,UNKNOWN,FOLLOWING TOO CLOSELY,FOLLOWING TOO CLOSELY,0,0,0,0,16,5,4,343,FULLERTON AVE,41.750226,-87.654885,04/20/2023 06:31:00 PM,2023
CR00015111,05/19/2020 12:57:00 PM,40,CLEAR,DAYLIGHT,PARKED MOTOR VEHICLE,ONE-WAY,TRAFFIC SIGNAL,UNABLE TO DETERMINE,FAILING TO YIELD RIGHT-OF-WAY,0,0,1,1,12,3,5,1374,OGDEN AVE,41.794112,-87.642982,05/19/2020 02:52:00 PM,2020
CR00015112,12/07/2018 07:46:00 AM,30,CLEAR,DAYLIGHT,FIXED OBJECT,DIVIDED - W/MEDIAN BARRIER,NO CONTROLS,DISREGARDING TRAFFIC SIGNALS,NOT APPLICABLE,0,1,1,2,7,6,12,2402,IRVING PARK RD,41.84157,-87.526453,12/07/2018 08:34:00 AM,2018
CR00015113,01/17/2015 08:15:00 AM,30,CLOUDY/OVERCAST,DAYLIGHT,TURNING,NOT DIVIDED,TRAFFIC SIGNAL,UNABLE TO DETERMINE,DISTRACTION - FROM INSIDE VEHICLE,0,0,0,0,8,7,1,834,DIVISION ST,41.761451,-87.846447,01/17/2015 08:20:00 AM,2015
CR00015114,08/12/2019 05:10:00 PM,35,CLEAR,DAYLIGHT,TURNING,FOUR WAY,PEDESTRIAN CROSSING SIGN,UNABLE TO DETERMINE,NOT APPLICABLE,0,0,0,0,17,2,8,748,WESTERN AVE,41.924711,-87.53157,08/12/2019 05:54:00 PM,2019
CR00015115,06/21/2015 03:38:00 PM,20,CLEAR,DARKNESS,ANGLE,DIVIDED - W/MEDIAN BARRIER,NO CONTROLS,DRIVING SKILLS/KNOWLEDGE/EXPERIENCE,DISREGARDING TRAFFIC SIGNALS,0,0,0,0,15,1,6,1354,47TH ST,41.963076,-87.605399,06/21/2015 05:15:00 PM,2015
CR00015116,02/17/2022 07:24:00 PM,30,CLEAR,DAYLIGHT,REAR END,NOT DIVIDED,NO CONTROLS,FOLLOWING TOO CLOSELY,FAILING TO REDUCE SPEED,0,0,0,0,19,5,2,1257,LAKE SHORE DR,41.93544,-87.82351,02/17/2022 08:45:00 PM,2022
CR00015117,06/12/2020 11:56:00 AM,20,CLEAR,DARKNESS,SIDESWIPE SAME DIRECTION,NOT DIVIDED,NO CONTROLS,UNABLE TO DETERMINE,UNABLE TO DETERMINE,0,0,0,0,11,6,6,729,DIVISION ST,41.913106,-87.5696,06/12/2020 12:41:00 PM,2020
CR00015118,04/09/2022 08:52:00 AM,30,RAIN,DAYLIGHT,REAR END,DIVIDED - W/MEDIAN (NOT RAISED),TRAFFIC SIGNAL,UNABLE TO DETERMINE,FOLLOWING TOO CLOSELY,0,1,0,1,8,7,4,661,ASHLAND AVE,41.949451,-87.530045,04/09/2022 08:58:00 AM,2022
CR00015119,08/28/2021 08:30:00 AM,20,CLEAR,DAYLIGHT,PARKED MOTOR VEHICLE,NOT DIVIDED,STOP SIGN/FLASHER,UNABLE TO DETERMINE,FOLLOWING TOO CLOSELY,0,0,1,1,8,7,8,1691,79TH ST,41.714524,-87.588187,08/28/2021 10:24:00 AM,2021
CR00015120,05/16/2022 03:06:00 PM,35,CLEAR,DAYLIGHT,FIXED OBJECT,NOT DIVIDED,TRAFFIC SIGNAL,DISTRACTION - FROM INSIDE VEHICLE,DRIVING SKILLS/KNOWLEDGE/EXPERIENCE,0,0,0,0,15,2,5,2109,CICERO AVE,41.913899,-87.686511,05/16/2022 04:39:00 PM,2022
CR00015121,09/28/2015 08:20:00 AM,15,CLEAR,DARKNESS - LIGHTED ROAD,FIXED OBJECT,DIVIDED - W/MEDIAN (NOT RAISED),NO CONTROLS,DISREGARDING TRAFFIC SIGNALS,FAILING TO YIELD RIGHT-OF-WAY,0,0,1,1,8,2,9,143,LAKE SHORE DR,41.909681,-87.846031,09/28/2015 08:33:00 AM,2015
CR00015122,10/10/2024 07:33:00 PM,30,CLEAR,DARKNESS - LIGHTED ROAD,TURNING,FOUR WAY,TRAFFIC SIGNAL,DISREGARDING TRAFFIC SIGNALS,NOT APPLICABLE,0,1,2,3,19,5,10,2132,79TH ST,41.959863,-87.772043,10/10/2024 08:53:00 PM,2024
CR00015123,06/25/2021 08:14:00 PM,20,CLOUDY/OVERCAST,DAYLIGHT,REAR END,NOT DIVIDED,TRAFFIC SIGNAL,DISREGARDING TRAFFIC SIGNALS,DRIVING SKILLS/KNOWLEDGE/EXPERIENCE,0,0,0,0,20,6,6,883,STONY ISLAND AVE,41.854864,-87.800861,06/25/2021 09:49:00 PM,2021
CR00015124,03/03/2016 12:19:00 PM,45,CLEAR,DAYLIGHT,TURNING,DIVIDED - W/MEDIAN BARRIER,NO CONTROLS,UNABLE TO DETERMINE,FAILING TO REDUCE SPEED,0,0,1,1,12,5,3,258,ELSTON AVE,41.990338,-87.720615,03/03/2016 02:00:00 PM,2016
CR00015125,05/04/2021 08:41:00 AM,35,CLEAR,DAYLIGHT,SIDESWIPE SAME DIRECTION,FOUR WAY,NO CONTROLS,UNABLE TO DETERMINE,DRIVING SKILLS/KNOWLEDGE/EXPERIENCE,0,0,2,2,8,3,5,907,CICERO AVE,41.832183,-87.747334,05/04/2021 09:03:00 AM,2021
CR00015126,09/02/2020 01:36:00 PM,25,CLEAR,DARKNESS - LIGHTED ROAD,REAR END,DIVIDED - W/MEDIAN (NOT RAISED),NO CONTROLS,DISTRACTION - FROM INSIDE VEHICLE,FOLLOWING TOO CLOSELY,0,0,1,1,13,4,9,1432,MICHIGAN AVE,41.924416,-87.821072,09/02/2020 03:07:00 PM,2020
CR00015127,11/13/2019 07:44:00 AM,20,CLOUDY/OVERCAST,DARKNESS - LIGHTED ROAD,TURNING,FOUR WAY,TRAFFIC SIGNAL,DISTRACTION - FROM INSIDE VEHICLE,DRIVING SKILLS/KNOWLEDGE/EXPERIENCE,0,0,0,0,7,4,11,2095,63RD ST,41.731114,-87.598268,11/13/2019 07:47:00 AM,2019
CR00015128,04/21/2019 12:18:00 PM,30,CLEAR,DARKNESS - LIGHTED ROAD,TURNING,FOUR WAY,NO CONTROLS,UNABLE TO DETERMINE,DRIVING SKILLS/KNOWLEDGE/EXPERIENCE,0,0,0,0,12,1,4,207,CLARK ST,41.81394,-87.817543,04/21/2019 01:34:00 PM,2019
CR00015129,09/22/2016 06:52:00 PM,35,CLEAR,DAYLIGHT,TURNING,ONE-WAY,TRAFFIC SIGNAL,FOLLOWING TOO CLOSELY,FAILING TO YIELD RIGHT-OF-WAY,0,0,0,0,18,5,9,1886,HALSTED ST,41.930742,-87.702024,09/22/2016 07:36:00 PM,2016
CR00015130,04/21/2016 06:14:00 PM,20,CLOUDY/OVERCAST,DAYLIGHT,REAR END,ONE-WAY,NO CONTROLS,WEATHER,UNABLE TO DETERMINE,0,0,0,0,18,5,4,1564,WESTERN AVE,41.835528,-87.701517,04/21/2016 07:58:00 PM,2016
CR00015131,10/17/2022 05:14:00 AM,35,SNOW,DARKNESS - LIGHTED ROAD,FIXED OBJECT,ONE-WAY,NO CONTROLS,UNABLE TO DETERMINE,NOT APPLICABLE,0,2,0,2,5,2,10,920,63RD ST,41.814758,-87.740997,10/17/2022 06:02:00 AM,2022
CR00015132,08/13/2022 05:07:00 AM,40,CLEAR,DARKNESS - LIGHTED ROAD,ANGLE,FOUR WAY,PEDESTRIAN CROSSING SIGN,IMPROPER OVERTAKING/PASSING,DRIVING SKILLS/KNOWLEDGE/EXPERIENCE,0,0,1,1,5,7,8,1035,MILWAUKEE AVE,41.722621,-87.780583,08/13/2022 06:21:00 AM,2022
CR00015133,05/28/2015 02:35:00 PM,30,CLEAR,DARKNESS - LIGHTED ROAD,PEDESTRIAN,DIVIDED - W/MEDIAN BARRIER,NO CONTROLS,FOLLOWING TOO CLOSELY,DRIVING SKILLS/KNOWLEDGE/EXPERIENCE,0,0,0,0,14,5,5,624,FULLERTON AVE,41.720553,-87.557825,05/28/2015 03:29:00 PM,2015
CR00015134,12/27/2017 04:40:00 PM,30,CLEAR,DARKNESS - LIGHTED ROAD,REAR END,NOT DIVIDED,TRAFFIC SIGNAL,WEATHER,IMPROPER OVERTAKING/PASSING,0,0,0,0,16,4,12,2378,OGDEN AVE,41.877826,-87.720054,12/27/2017 05:53:00 PM,2017
CR00015135,12/08/2018 06:05:00 PM,30,CLEAR,DAYLIGHT,PARKED MOTOR VEHICLE,NOT DIVIDED,STOP SIGN/FLASHER,UNABLE TO DETERMINE,NOT APPLICABLE,0,0,0,0,18,7,12,563,ARCHER AVE,41.931603,-87.736358,12/08/2018 06:45:00 PM,2018
CR00015136,10/14/2022 03:23:00 PM,20,CLEAR,DAYLIGHT,REAR END,ONE-WAY,NO CONTROLS,DISREGARDING TRAFFIC SIGNALS,DRIVING SKILLS/KNOWLEDGE/EXPERIENCE,0,0,0,0,15,6,10,1113,ELSTON AVE,41.872877,-87.59555,10/14/2022 04:11:00 PM,2022
CR00015137,02/23/2024 05:06:00 PM,45,CLEAR,DAYLIGHT,TURNING,DIVIDED - W/MEDIAN BARRIER,NO CONTROLS,UNABLE TO DETERMINE,FAILING TO REDUCE SPEED,0,0,2,2,17,6,2,656,OGDEN AVE,41.922479,-87.737172,02/23/2024 05:56:00 PM,2024
CR00015138,01/15/2017 08:34:00 PM,30,CLOUDY/OVERCAST,DAYLIGHT,TURNING,NOT DIVIDED,STOP SIGN/FLASHER,WEATHER,FOLLOWING TOO CLOSELY,0,0,0,0,20,1,1,2146,STONY ISLAND AVE,41.909949,-87.769513,01/15/2017 09:31:00 PM,2017
CR00015139,10/05/2017 07:22:00 AM,40,FOG/SMOKE/HAZE,DAYLIGHT,TURNING,ONE-WAY,NO CONTROLS,UNABLE TO DETERMINE,DISREGARDING TRAFFIC SIGNALS,0,0,0,0,7,5,10,1879,PULASKI RD,41.957326,-87.519295,10/05/2017 09:03:00 AM,2017
CR00015140,07/17/2021 11:25:00 AM,35,CLEAR,DAYLIGHT,PEDESTRIAN,NOT DIVIDED,TRAFFIC SIGNAL,IMPROPER LANE USAGE,UNABLE TO DETERMINE,0,0,0,0,11,7,7,1446,CICERO AVE,41.980893,-87.742824,07/17/2021 12:24:00 PM,2021
CR00015141,03/24/2022 12:15:00 AM,30,CLEAR,DARKNESS - LIGHTED ROAD,SIDESWIPE SAME DIRECTION,NOT DIVIDED,NO CONTROLS,FAILING TO REDUCE SPEED,FOLLOWING TOO CLOSELY,0,0,0,0,0,5,3,2133,63RD ST,41.792442,-87.780811,03/24/2022 01:59:00 AM,2022
CR00015142,01/07/2018 08:19:00 PM,30,CLEAR,DAYLIGHT,TURNING,NOT DIVIDED,NO CONTROLS,DISREGARDING TRAFFIC SIGNALS,IMPROPER OVERTAKING/PASSING,0,0,0,0,20,1,1,1624,DIVISION ST,41.841266,-87.728621,01/07/2018 09:17:00 PM,2018
CR00015143,11/26/2017 07:12:00 PM,40,CLEAR,DAYLIGHT,REAR END,NOT DIVIDED,NO CONTROLS,UNABLE TO DETERMINE,NOT APPLICABLE,0,0,0,0,19,1,11,376,MILWAUKEE AVE,41.786099,-87.837823,11/26/2017 08:56:00 PM,2017
CR00015144,01/17/2017 12:10:00 AM,35,CLEAR,DAYLIGHT,FIXED OBJECT,DIVIDED - W/MEDIAN (NOT RAISED),TRAFFIC SIGNAL,DRIVING SKILLS/KNOWLEDGE/EXPERIENCE,NOT APPLICABLE,0,0,1,1,0,3,1,1826,LAKE SHORE DR,41.790272,-87.83206,01/17/2017 02:07:00 AM,2017
CR00015145,01/22/2022 11:50:00 AM,15,CLEAR,DARKNESS - LIGHTED ROAD,TURNING,NOT DIVIDED,STOP SIGN/FLASHER,UNABLE TO DETERMINE,DISREGARDING TRAFFIC SIGNALS,0,0,0,0,11,7,1,1324,PULASKI RD,41.856842,-87.781717,01/22/2022 12:25:00 PM,2022
CR00015146,03/01/2021 07:27:00 PM,40,CLEAR,DAYLIGHT,REAR END,FOUR WAY,NO CONTROLS,DISTRACTION - FROM INSIDE VEHICLE,NOT APPLICABLE,0,0,0,0,19,2,3,1051,CLARK ST,41.945302,-87.590929,03/01/2021 09:01:00 PM,2021
CR00015147,06/08/2022 10:13:00 PM,25,CLOUDY/OVERCAST,DAYLIGHT,ANGLE,FOUR WAY,TRAFFIC SIGNAL,WEATHER,NOT APPLICABLE,0,0,0,0,22,4,6,1345,CICERO AVE,41.906067,-87.545317,06/08/2022 11:19:00 PM,2022
CR00015148,12/19/2019 04:24:00 PM,45,RAIN,DUSK,REAR END,NOT DIVIDED,TRAFFIC SIGNAL,FAILING TO YIELD RIGHT-OF-WAY,UNABLE TO DETERMINE,0,0,0,0,16,5,12,1378,STONY ISLAND AVE,41.906759,-87.748859,12/19/2019 04:51:00 PM,2019
CR00015149,01/02/2019 05:29:00 AM,35,CLEAR,DARKNESS - LIGHTED ROAD,SIDESWIPE SAME DIRECTION,DIVIDED - W/MEDIAN (NOT RAISED),STOP SIGN/FLASHER,DRIVING SKILLS/KNOWLEDGE/EXPERIENCE,FOLLOWING TOO CLOSELY,0,0,0,0,5,4,1,1602,CALIFORNIA AVE,41.957273,-87.811349,01/02/2019 06:30:00 AM,2019