CRASH_RECORD_ID,CRASH_DATE,POSTED_SPEED_LIMIT,WEATHER_CONDITION,LIGHTING_CONDITION,FIRST_CRASH_TYPE,TRAFFICWAY_TYPE,TRAFFIC_CONTROL_DEVICE,PRIM_CONTRIBUTORY_CAUSE,SEC_CONTRIBUTORY_CAUSE,INJURIES_FATAL,INJURIES_INCAPACITATING,INJURIES_NON_INCAPACITATING,INJURIES_TOTAL,CRASH_HOUR,CRASH_DAY_OF_WEEK,CRASH_MONTH,BEAT_OF_OCCURRENCE,STREET_NAME,LATITUDE,LONGITUDE,DATE_POLICE_NOTIFIED,year
CR00015150,09/14/2018 02:17:00 AM,35,CLEAR,DUSK,ANGLE,DIVIDED - W/MEDIAN (NOT RAISED),TRAFFIC SIGNAL,UNABLE TO DETERMINE,FOLLOWING TOO CLOSELY,0,0,0,0,2,6,9,1720,79TH ST,41.756456,-87.801444,09/14/2018 03:45:00 AM,2018
CR00015151,06/03/2021 10:56:00 PM,45,CLOUDY/OVERCAST,DAYLIGHT,REAR END,NOT DIVIDED,STOP SIGN/FLASHER,UNABLE TO DETERMINE,UNABLE TO DETERMINE,0,0,0,0,22,5,6,1795,MILWAUKEE AVE,41.798709,-87.609631,06/04/2021 12:45:00 AM,2021
CR00015152,07/14/2022 02:11:00 AM,30,CLOUDY/OVERCAST,DAYLIGHT,SIDESWIPE SAME DIRECTION,NOT DIVIDED,TRAFFIC SIGNAL,UNABLE TO DETERMINE,NOT APPLICABLE,0,0,0,0,2,5,7,1065,ROOSEVELT RD,41.977372,-87.603967,07/14/2022 02:21:00 AM,2022
CR00015153,10/04/2019 09:17:00 PM,30,SNOW,DUSK,ANGLE,DIVIDED - W/MEDIAN (NOT RAISED),NO CONTROLS,FOLLOWING TOO CLOSELY,WEATHER,0,0,3,3,21,6,10,1656,ROOSEVELT RD,41.894857,-87.589404,10/04/2019 11:01:00 PM,2019
CR00015154,06/07/2015 07:35:00 AM,15,SNOW,DAYLIGHT,FIXED OBJECT,DIVIDED - W/MEDIAN (NOT RAISED),NO CONTROLS,UNABLE TO DETERMINE,DISTRACTION - FROM INSIDE VEHICLE,0,0,0,0,7,1,6,1604,BROADWAY,41.731009,-87.540535,06/07/2015 09:20:00 AM,2015
CR00015155,09/20/2019 07:53:00 AM,25,RAIN,DARKNESS - LIGHTED ROAD,REAR END,DIVIDED - W/MEDIAN (NOT RAISED),STOP SIGN/FLASHER,DRIVING SKILLS/KNOWLEDGE/EXPERIENCE,FAILING TO REDUCE SPEED,0,0,0,0,7,6,9,2174,CALIFORNIA AVE,41.778297,-87.747394,09/20/2019 09:38:00 AM,2019
CR00015156,10/07/2015 10:59:00 PM,15,CLEAR,DAYLIGHT,REAR TO FRONT,FOUR WAY,STOP SIGN/FLASHER,UNABLE TO DETERMINE,UNABLE TO DETERMINE,0,0,0,0,22,4,10,760,BROADWAY,41.843322,-87.612125,10/07/2015 11:49:00 PM,2015
CR00015157,11/29/2020 08:38:00 AM,20,FOG/SMOKE/HAZE,DAYLIGHT,REAR END,NOT DIVIDED,TRAFFIC SIGNAL,DISREGARDING TRAFFIC SIGNALS,NOT APPLICABLE,0,0,3,3,8,1,11,1293,KEDZIE AVE,41.746695,-87.608083,11/29/2020 09:01:00 AM,2020
CR00015158,06/15/2017 06:56:00 PM,45,RAIN,DAYLIGHT,ANGLE,NOT DIVIDED,NO CONTROLS,FOLLOWING TOO CLOSELY,IMPROPER OVERTAKING/PASSING,0,0,0,0,18,5,6,1798,ELSTON AVE,41.780331,-87.820767,06/15/2017 07:32:00 PM,2017
CR00015159,03/20/2016 05:24:00 PM,35,CLEAR,DAYLIGHT,TURNING,DIVIDED - W/MEDIAN (NOT RAISED),NO CONTROLS,FAILING TO YIELD RIGHT-OF-WAY,DISTRACTION - FROM INSIDE VEHICLE,0,0,1,1,17,1,3,1224,MILWAUKEE AVE,41.813673,-87.519087,03/20/2016 05:50:00 PM,2016
CR00015160,02/21/2024 01:11:00 PM,30,CLOUDY/OVERCAST,DAYLIGHT,PARKED MOTOR VEHICLE,ONE-WAY,STOP SIGN/FLASHER,UNABLE TO DETERMINE,UNABLE TO DETERMINE,0,0,1,1,13,4,2,1640,HALSTED ST,41.861928,-87.558375,02/21/2024 03:11:00 PM,2024
CR00015161,06/18/2019 06:50:00 AM,20,SNOW,DARKNESS - LIGHTED ROAD,REAR TO FRONT,FOUR WAY,NO CONTROLS,FAILING TO YIELD RIGHT-OF-WAY,DRIVING SKILLS/KNOWLEDGE/EXPERIENCE,0,0,0,0,6,3,6,1790,CICERO AVE,41.962087,-87.69761,06/18/2019 07:22:00 AM,2019
CR00015162,10/15/2024 04:43:00 AM,45,CLEAR,DAYLIGHT,REAR TO FRONT,NOT DIVIDED,NO CONTROLS,UNABLE TO DETERMINE,FAILING TO REDUCE SPEED,0,0,0,0,4,3,10,1438,ELSTON AVE,41.765327,-87.662315,10/15/2024 06:35:00 AM,2024
CR00015163,08/26/2017 06:43:00 AM,35,CLEAR,DARKNESS,REAR END,DIVIDED - W/MEDIAN (NOT RAISED),TRAFFIC SIGNAL,IMPROPER OVERTAKING/PASSING,DISTRACTION - FROM INSIDE VEHICLE,0,0,0,0,6,7,8,2375,STONY ISLAND AVE,41.995772,-87.685051,08/26/2017 06:47:00 AM,2017
CR00015164,09/27/2018 12:58:00 PM,30,CLEAR,DARKNESS - LIGHTED ROAD,SIDESWIPE SAME DIRECTION,DIVIDED - W/MEDIAN (NOT RAISED),NO CONTROLS,FAILING TO REDUCE SPEED,FAILING TO REDUCE SPEED,0,1,2,3,12,5,9,1052,CLARK ST,41.836009,-87.786009,09/27/2018 02:35:00 PM,2018
CR00015165,12/18/2022 04:32:00 PM,35,CLEAR,DAYLIGHT,TURNING,ONE-WAY,NO CONTROLS,DRIVING SKILLS/KNOWLEDGE/EXPERIENCE,UNABLE TO DETERMINE,0,0,0,0,16,1,12,892,STATE ST,41.963538,-87.602391,12/18/2022 05:32:00 PM,2022
CR00015166,08/30/2023 04:18:00 AM,30,RAIN,DAYLIGHT,REAR END,ONE-WAY,YIELD,FAILING TO YIELD RIGHT-OF-WAY,FAILING TO YIELD RIGHT-OF-WAY,0,0,0,0,4,4,8,1364,STONY ISLAND AVE,41.975127,-87.8188,08/30/2023 06:01:00 AM,2023
CR00015167,01/29/2023 02:35:00 PM,35,CLEAR,DAYLIGHT,REAR END,DIVIDED - W/MEDIAN BARRIER,TRAFFIC SIGNAL,FOLLOWING TOO CLOSELY,IMPROPER LANE USAGE,0,0,0,0,14,1,1,2071,ARCHER AVE,41.910497,-87.500229,01/29/2023 03:46:00 PM,2023
CR00015168,01/04/2023 09:22:00 AM,15,CLEAR,DAYLIGHT,ANGLE,T-INTERSECTION,UNKNOWN,UNABLE TO DETERMINE,FOLLOWING TOO CLOSELY,0,0,0,0,9,4,1,1993,CICERO AVE,41.995332,-87.733318,01/04/2023 09:44:00 AM,2023
CR00015169,04/26/2019 03:43:00 AM,40,CLEAR,DUSK,REAR END,NOT DIVIDED,NO CONTROLS,UNABLE TO DETERMINE,FOLLOWING TOO CLOSELY,0,0,0,0,3,6,4,1004,79TH ST,41.765221,-87.606898,04/26/2019 04:00:00 AM,2019
CR00015170,01/28/2022 08:04:00 PM,30,CLEAR,DAYLIGHT,TURNING,NOT DIVIDED,NO CONTROLS,DISTRACTION - FROM INSIDE VEHICLE,UNABLE TO DETERMINE,0,0,0,0,20,6,1,541,PULASKI RD,41.802192,-87.759533,01/28/2022 08:50:00 PM,2022
CR00015171,04/01/2020 07:07:00 AM,35,RAIN,DAYLIGHT,REAR END,NOT DIVIDED,TRAFFIC SIGNAL,UNABLE TO DETERMINE,FOLLOWING TOO CLOSELY,0,0,0,0,7,4,4,1335,PULASKI RD,41.935976,-87.803168,04/01/2020 08:31:00 AM,2020
CR00015172,12/31/2016 12:47:00 PM,30,CLEAR,DAYLIGHT,SIDESWIPE SAME DIRECTION,DIVIDED - W/MEDIAN (NOT RAISED),STOP SIGN/FLASHER,UNABLE TO DETERMINE,DRIVING SKILLS/KNOWLEDGE/EXPERIENCE,0,0,0,0,12,7,12,1353,OGDEN AVE,41.764557,-87.651041,12/31/2016 01:55:00 PM,2016
CR00015173,05/02/2020 09:10:00 PM,35,RAIN,DAYLIGHT,PEDESTRIAN,FOUR WAY,TRAFFIC SIGNAL,UNABLE TO DETERMINE,NOT APPLICABLE,0,0,0,0,21,7,5,2456,DAMEN AVE,41.791884,-87.766191,05/02/2020 10:08:00 PM,2020
CR00015174,07/26/2023 08:56:00 PM,30,FOG/SMOKE/HAZE,DARKNESS,REAR END,DIVIDED - W/MEDIAN (NOT RAISED),TRAFFIC SIGNAL,UNABLE TO DETERMINE,DISREGARDING TRAFFIC SIGNALS,0,0,0,0,20,4,7,1159,FULLERTON AVE,41.896578,-87.841799,07/26/2023 08:59:00 PM,2023
CR00015175,05/29/2017 04:10:00 AM,15,CLEAR,DAYLIGHT,REAR END,DIVIDED - W/MEDIAN (NOT RAISED),NO CONTROLS,FOLLOWING TOO CLOSELY,UNABLE TO DETERMINE,0,1,2,3,4,2,5,462,ROOSEVELT RD,41.948307,-87.847151,05/29/2017 04:42:00 AM,2017
CR00015176,04/10/2018 05:39:00 AM,35,CLEAR,DAYLIGHT,REAR TO FRONT,DIVIDED - W/MEDIAN (NOT RAISED),STOP SIGN/FLASHER,UNABLE TO DETERMINE,IMPROPER LANE USAGE,0,0,0,0,5,3,4,2503,63RD ST,41.708962,-87.643292,04/10/2018 06:22:00 AM,2018
CR00015177,08/23/2024 04:42:00 PM,25,CLEAR,DARKNESS,PEDESTRIAN,DIVIDED - W/MEDIAN (NOT RAISED),NO CONTROLS,UNABLE TO DETERMINE,DISTRACTION - FROM INSIDE VEHICLE,0,0,0,0,16,6,8,687,47TH ST,41.821807,-87.727451,08/23/2024 06:32:00 PM,2024
CR00015178,03/13/2021 12:04:00 AM,35,CLEAR,DAYLIGHT,REAR END,ONE-WAY,NO CONTROLS,DISTRACTION - FROM INSIDE VEHICLE,UNABLE TO DETERMINE,0,0,0,0,0,7,3,1461,OGDEN AVE,41.92329,-87.753087,03/13/2021 01:42:00 AM,2021
CR00015179,05/08/2019 07:13:00 AM,15,CLEAR,DAYLIGHT,ANGLE,NOT DIVIDED,TRAFFIC SIGNAL,UNABLE TO DETERMINE,FOLLOWING TOO CLOSELY,0,0,0,0,7,4,5,1473,ARCHER AVE,41.971754,-87.665517,05/08/2019 09:07:00 AM,2019
CR00015180,12/18/2021 06:20:00 AM,30,SNOW,DARKNESS - LIGHTED ROAD,SIDESWIPE SAME DIRECTION,NOT DIVIDED,STOP SIGN/FLASHER,FAILING TO REDUCE SPEED,NOT APPLICABLE,0,0,0,0,6,7,12,2255,ASHLAND AVE,41.881532,-87.708388,12/18/2021 06:58:00 AM,2021
CR00015181,09/27/2018 02:57:00 PM,15,RAIN,DAYLIGHT,PARKED MOTOR VEHICLE,FOUR WAY,NO CONTROLS,DRIVING SKILLS/KNOWLEDGE/EXPERIENCE,DISTRACTION - FROM INSIDE VEHICLE,0,0,0,0,14,5,9,2251,BROADWAY,41.866426,-87.545947,09/27/2018 04:01:00 PM,2018
CR00015182,09/01/2015 05:11:00 AM,30,CLEAR,DARKNESS - LIGHTED ROAD,REAR END,FOUR WAY,TRAFFIC SIGNAL,FOLLOWING TOO CLOSELY,FAILING TO REDUCE SPEED,0,0,0,0,5,3,9,1626,ELSTON AVE,41.91836,-87.536709,09/01/2015 06:13:00 AM,2015
CR00015183,02/10/2018 12:46:00 PM,30,CLEAR,DARKNESS - LIGHTED ROAD,REAR END,ONE-WAY,NO CONTROLS,UNABLE TO DETERMINE,UNABLE TO DETERMINE,0,0,0,0,12,7,2,838,DIVISION ST,41.763288,-87.818451,02/10/2018 12:52:00 PM,2018
CR00015184,08/01/2020 08:52:00 AM,30,CLEAR,DAYLIGHT,REAR END,DIVIDED - W/MEDIAN BARRIER,TRAFFIC SIGNAL,UNABLE TO DETERMINE,FAILING TO REDUCE SPEED,0,0,0,0,8,7,8,1043,DAMEN AVE,41.734393,-87.641722,08/01/2020 09:51:00 AM,2020
CR00015185,01/05/2017 01:14:00 AM,40,CLEAR,DARKNESS,REAR END,DIVIDED - W/MEDIAN BARRIER,TRAFFIC SIGNAL,UNABLE TO DETERMINE,FAILING TO YIELD RIGHT-OF-WAY,0,0,1,1,1,5,1,426,MICHIGAN AVE,41.735713,-87.722371,01/05/2017 01:34:00 AM,2017
CR00015186,10/31/2018 05:11:00 PM,35,CLEAR,DAYLIGHT,PEDESTRIAN,FOUR WAY,NO CONTROLS,IMPROPER OVERTAKING/PASSING,WEATHER,0,0,0,0,17,4,10,1638,DAMEN AVE,41.908668,-87.812845,10/31/2018 06:11:00 PM,2018
CR00015187,09/08/2015 06:24:00 PM,30,CLEAR,DAYLIGHT,SIDESWIPE SAME DIRECTION,NOT DIVIDED,STOP SIGN/FLASHER,FAILING TO YIELD RIGHT-OF-WAY,UNABLE TO DETERMINE,0,1,3,4,18,3,9,1583,IRVING PARK RD,41.987525,-87.81797,09/08/2015 07:36:00 PM,2015
CR00015188,07/06/2017 11:36:00 PM,40,RAIN,DAYLIGHT,TURNING,NOT DIVIDED,NO CONTROLS,IMPROPER LANE USAGE,DRIVING SKILLS/KNOWLEDGE/EXPERIENCE,0,0,0,0,23,5,7,2284,MICHIGAN AVE,41.781658,-87.717825,07/07/2017 12:55:00 AM,2017
CR00015189,04/11/2024 07:45:00 PM,45,CLEAR,DARKNESS - LIGHTED ROAD,REAR TO FRONT,ONE-WAY,NO CONTROLS,DISTRACTION - FROM INSIDE VEHICLE,FOLLOWING TOO CLOSELY,0,0,0,0,19,5,4,1913,BROADWAY,41.871924,-87.50425,04/11/2024 09:31:00 PM,2024
CR00015190,04/21/2024 04:52:00 AM,35,CLOUDY/OVERCAST,DAYLIGHT,ANGLE,DIVIDED - W/MEDIAN (NOT RAISED),NO CONTROLS,UNABLE TO DETERMINE,FAILING TO YIELD RIGHT-OF-WAY,0,0,1,1,4,1,4,710,ASHLAND AVE,41.706889,-87.806958,04/21/2024 05:01:00 AM,2024
CR00015191,12/14/2015 08:49:00 AM,25,SNOW,DAYLIGHT,SIDESWIPE SAME DIRECTION,NOT DIVIDED,NO CONTROLS,UNABLE TO DETERMINE,NOT APPLICABLE,0,0,0,0,8,2,12,2255,DIVISION ST,41.811286,-87.688488,12/14/2015 10:16:00 AM,2015
CR00015192,01/15/2021 07:10:00 AM,35,CLEAR,DARKNESS - LIGHTED ROAD,SIDESWIPE SAME DIRECTION,NOT DIVIDED,STOP SIGN/FLASHER,FOLLOWING TOO CLOSELY,UNABLE TO DETERMINE,0,0,0,0,7,6,1,827,OGDEN AVE,41.910678,-87.814733,01/15/2021 08:08:00 AM,2021
CR00015193,10/22/2020 01:47:00 PM,20,CLEAR,DARKNESS - LIGHTED ROAD,TURNING,DIVIDED - W/MEDIAN (NOT RAISED),TRAFFIC SIGNAL,DISREGARDING TRAFFIC SIGNALS,UNABLE TO DETERMINE,0,0,3,3,13,5,10,138,PULASKI RD,41.744368,-87.694455,10/22/2020 03:26:00 PM,2020
CR00015194,03/18/2019 05:36:00 PM,20,CLEAR,DARKNESS,REAR END,T-INTERSECTION,TRAFFIC SIGNAL,DISTRACTION - FROM INSIDE VEHICLE,DISREGARDING TRAFFIC SIGNALS,0,0,0,0,17,2,3,1328,ARCHER AVE,41.796439,-87.725024,03/18/2019 06:20:00 PM,2019
CR00015195,04/29/2023 06:06:00 PM,35,RAIN,DAYLIGHT,PARKED MOTOR VEHICLE,DIVIDED - W/MEDIAN (NOT RAISED),NO CONTROLS,FOLLOWING TOO CLOSELY,UNABLE TO DETERMINE,0,0,0,0,18,7,4,762,DIVISION ST,41.710358,-87.580037,04/29/2023 07:23:00 PM,2023
CR00015196,02/18/2024 02:15:00 AM,35,CLEAR,DAYLIGHT,REAR END,DIVIDED - W/MEDIAN BARRIER,TRAFFIC SIGNAL,UNABLE TO DETERMINE,UNABLE TO DETERMINE,0,0,0,0,2,1,2,676,CALIFORNIA AVE,41.872683,-87.726492,02/18/2024 02:36:00 AM,2024
CR00015197,02/18/2015 08:26:00 AM,30,SNOW,DAYLIGHT,ANGLE,ONE-WAY,NO CONTROLS,IMPROPER LANE USAGE,UNABLE TO DETERMINE,0,0,0,0,8,4,2,1457,47TH ST,41.979391,-87.607678,02/18/2015 09:45:00 AM,2015
CR00015198,07/02/2023 05:03:00 PM,35,CLEAR,DAYLIGHT,REAR END,DIVIDED - W/MEDIAN (NOT RAISED),STOP SIGN/FLASHER,FAILING TO REDUCE SPEED,UNABLE TO DETERMINE,0,0,0,0,17,1,7,1268,PULASKI RD,41.959516,-87.596262,07/02/2023 05:39:00 PM,2023
CR00015199,09/25/2019 05:29:00 PM,45,CLEAR,DARKNESS - LIGHTED ROAD,REAR END,NOT DIVIDED,TRAFFIC SIGNAL,IMPROPER OVERTAKING/PASSING,IMPROPER LANE USAGE,0,0,3,3,17,4,9,732,CALIFORNIA AVE,41.819348,-87.770508,09/25/2019 06:28:00 PM,2019
CR00015200,03/17/2020 04:38:00 PM,15,CLEAR,DAYLIGHT,REAR END,NOT DIVIDED,NO CONTROLS,UNABLE TO DETERMINE,NOT APPLICABLE,0,0,0,0,16,3,3,986,CICERO AVE,41.732438,-87.522695,03/17/2020 05:27:00 PM,2020
CR00015201,02/01/2017 11:11:00 PM,20,CLEAR,DARKNESS - LIGHTED ROAD,PARKED MOTOR VEHICLE,NOT DIVIDED,TRAFFIC SIGNAL,FOLLOWING TOO CLOSELY,FOLLOWING TOO CLOSELY,0,0,0,0,23,4,2,1387,IRVING PARK RD,41.712139,-87.547345,02/02/2017 12:21:00 AM,2017
CR00015202,07/01/2020 08:40:00 AM,15,SNOW,DAYLIGHT,REAR END,DIVIDED - W/MEDIAN BARRIER,TRAFFIC SIGNAL,FAILING TO YIELD RIGHT-OF-WAY,IMPROPER LANE USAGE,0,0,0,0,8,4,7,1665,LAKE SHORE DR,41.922524,-87.738198,07/01/2020 09:18:00 AM,2020
CR00015203,09/28/2022 04:05:00 PM,40,CLEAR,DAYLIGHT,REAR END,NOT DIVIDED,UNKNOWN,IMPROPER LANE USAGE,WEATHER,0,0,0,0,16,4,9,1409,DAMEN AVE,41.869803,-87.821886,09/28/2022 05:56:00 PM,2022
CR00015204,12/28/2024 07:06:00 AM,35,CLOUDY/OVERCAST,DAYLIGHT,REAR TO FRONT,NOT DIVIDED,NO CONTROLS,IMPROPER LANE USAGE,FAILING TO YIELD RIGHT-OF-WAY,0,0,0,0,7,7,12,895,STATE ST,41.81652,-87.81681,12/28/2024 08:56:00 AM,2024
CR00015205,01/02/2016 05:23:00 PM,45,CLEAR,DAYLIGHT,PARKED MOTOR VEHICLE,DIVIDED - W/MEDIAN (NOT RAISED),UNKNOWN,FAILING TO YIELD RIGHT-OF-WAY,DISREGARDING TRAFFIC SIGNALS,0,0,0,0,17,7,1,309,LAKE SHORE DR,41.956165,-87.548907,01/02/2016 05:37:00 PM,2016
CR00015206,11/18/2023 03:49:00 AM,30,CLEAR,DAYLIGHT,REAR END,DIVIDED - W/MEDIAN (NOT RAISED),STOP SIGN/FLASHER,IMPROPER OVERTAKING/PASSING,UNABLE TO DETERMINE,0,0,0,0,3,7,11,1767,CLARK ST,41.835078,-87.71372,11/18/2023 04:18:00 AM,2023
CR00015207,09/04/2017 03:35:00 PM,25,CLEAR,DARKNESS - LIGHTED ROAD,TURNING,NOT DIVIDED,TRAFFIC SIGNAL,DRIVING SKILLS/KNOWLEDGE/EXPERIENCE,NOT APPLICABLE,0,0,0,0,15,2,9,1498,79TH ST,41.771991,-87.572474,09/04/2017 04:08:00 PM,2017
CR00015208,02/02/2015 05:56:00 AM,45,CLEAR,DAYLIGHT,REAR END,NOT DIVIDED,STOP SIGN/FLASHER,IMPROPER LANE USAGE,UNABLE TO DETERMINE,0,0,0,0,5,2,2,1247,63RD ST,41.891914,-87.556387,02/02/2015 07:53:00 AM,2015
CR00015209,06/08/2021 09:23:00 PM,45,CLEAR,DARKNESS - LIGHTED ROAD,SIDESWIPE SAME DIRECTION,NOT DIVIDED,NO CONTROLS,UNABLE TO DETERMINE,IMPROPER LANE USAGE,0,0,0,0,21,3,6,765,LAKE SHORE DR,41.802704,-87.679003,06/08/2021 10:00:00 PM,2021
CR00015210,03/20/2015 05:16:00 PM,30,CLEAR,DAYLIGHT,REAR END,NOT DIVIDED,NO CONTROLS,UNABLE TO DETERMINE,NOT APPLICABLE,0,0,3,3,17,6,3,678,DAMEN AVE,41.74873,-87.506414,03/20/2015 06:35:00 PM,2015
CR00015211,02/26/2019 07:54:00 AM,35,CLEAR,DAYLIGHT,REAR TO FRONT,NOT DIVIDED,NO CONTROLS,DISREGARDING TRAFFIC SIGNALS,UNABLE TO DETERMINE,0,0,0,0,7,3,2,1422,WESTERN AVE,41.713707,-87.664241,02/26/2019 08:58:00 AM,2019
CR00015212,01/07/2017 02:21:00 PM,30,CLEAR,DAYLIGHT,SIDESWIPE SAME DIRECTION,NOT DIVIDED,UNKNOWN,IMPROPER LANE USAGE,NOT APPLICABLE,0,0,1,1,14,7,1,1254,DAMEN AVE,41.722405,-87.630705,01/07/2017 03:20:00 PM,2017
CR00015213,06/05/2018 02:23:00 PM,40,CLEAR,DAYLIGHT,PEDESTRIAN,NOT DIVIDED,TRAFFIC SIGNAL,DISREGARDING TRAFFIC SIGNALS,UNABLE TO DETERMINE,0,0,0,0,14,3,6,905,MICHIGAN AVE,41.969709,-87.68318,06/05/2018 02:52:00 PM,2018
CR00015214,07/21/2015 01:18:00 PM,35,CLEAR,DARKNESS - LIGHTED ROAD,REAR TO FRONT,DIVIDED - W/MEDIAN (NOT RAISED),TRAFFIC SIGNAL,UNABLE TO DETERMINE,DISREGARDING TRAFFIC SIGNALS,0,0,0,0,13,3,7,904,CLARK ST,41.709778,-87.828475,07/21/2015 02:59:00 PM,2015
CR00015215,01/01/2015 12:20:00 PM,15,SNOW,DAYLIGHT,REAR TO FRONT,NOT DIVIDED,UNKNOWN,IMPROPER OVERTAKING/PASSING,FAILING TO YIELD RIGHT-OF-WAY,0,0,0,0,12,5,1,146,WESTERN AVE,41.724906,-87.715657,01/01/2015 02:07:00 PM,2015
CR00015216,07/21/2015 06:42:00 PM,40,CLEAR,DAYLIGHT,REAR END,FOUR WAY,NO CONTROLS,DISREGARDING TRAFFIC SIGNALS,NOT APPLICABLE,0,0,0,0,18,3,7,2443,FULLERTON AVE,41.882002,-87.809735,07/21/2015 06:54:00 PM,2015
CR00015217,01/10/2021 10:51:00 PM,35,SNOW,DAYLIGHT,PARKED MOTOR VEHICLE,DIVIDED - W/MEDIAN (NOT RAISED),TRAFFIC SIGNAL,UNABLE TO DETERMINE,FOLLOWING TOO CLOSELY,1,0,0,1,22,1,1,2034,ELSTON AVE,41.881397,-87.55026,01/10/2021 11:33:00 PM,2021
CR00015218,03/05/2019 06:38:00 AM,15,CLEAR,DARKNESS - LIGHTED ROAD,PARKED MOTOR VEHICLE,NOT DIVIDED,TRAFFIC SIGNAL,UNABLE TO DETERMINE,UNABLE TO DETERMINE,0,1,3,4,6,3,3,196,STATE ST,41.944895,-87.536562,03/05/2019 06:51:00 AM,2019
CR00015219,09/06/2021 08:11:00 AM,30,RAIN,DUSK,ANGLE,FOUR WAY,TRAFFIC SIGNAL,DISREGARDING TRAFFIC SIGNALS,NOT APPLICABLE,0,0,0,0,8,2,9,1651,ELSTON AVE,41.720477,-87.666161,09/06/2021 09:45:00 AM,2021
CR00015220,08/25/2020 03:22:00 PM,25,RAIN,DAYLIGHT,SIDESWIPE SAME DIRECTION,NOT DIVIDED,TRAFFIC SIGNAL,WEATHER,IMPROPER OVERTAKING/PASSING,0,0,1,1,15,3,8,1241,LAKE SHORE DR,41.728064,-87.659991,08/25/2020 05:15:00 PM,2020
CR00015221,10/20/2016 03:18:00 PM,35,CLEAR,DARKNESS - LIGHTED ROAD,SIDESWIPE SAME DIRECTION,DIVIDED - W/MEDIAN BARRIER,TRAFFIC SIGNAL,UNABLE TO DETERMINE,UNABLE TO DETERMINE,0,0,0,0,15,5,10,292,MILWAUKEE AVE,41.813739,-87.555561,10/20/2016 04:29:00 PM,2016
CR00015222,09/27/2015 04:06:00 PM,40,CLEAR,DUSK,REAR END,ONE-WAY,TRAFFIC SIGNAL,FAILING TO REDUCE SPEED,DISTRACTION - FROM INSIDE VEHICLE,0,0,0,0,16,1,9,1090,79TH ST,41.958022,-87.619568,09/27/2015 04:50:00 PM,2015
CR00015223,06/11/2016 12:51:00 PM,30,CLEAR,DAYLIGHT,SIDESWIPE SAME DIRECTION,NOT DIVIDED,TRAFFIC SIGNAL,UNABLE TO DETERMINE,FOLLOWING TOO CLOSELY,0,0,0,0,12,7,6,211,HALSTED ST,41.927968,-87.628741,06/11/2016 01:22:00 PM,2016
CR00015224,02/28/2024 06:56:00 PM,30,CLEAR,DARKNESS,REAR END,NOT DIVIDED,TRAFFIC SIGNAL,UNABLE TO DETERMINE,DISTRACTION - FROM INSIDE VEHICLE,0,0,0,0,18,4,2,979,STONY ISLAND AVE,41.99018,-87.525941,02/28/2024 07:32:00 PM,2024
CR00015225,12/17/2022 04:16:00 PM,45,RAIN,DAYLIGHT,REAR TO FRONT,ONE-WAY,TRAFFIC SIGNAL,FAILING TO YIELD RIGHT-OF-WAY,UNABLE TO DETERMINE,0,0,3,3,16,7,12,1635,ARCHER AVE,41.760481,-87.75168,12/17/2022 05:53:00 PM,2022
CR00015226,10/04/2020 03:59:00 PM,45,CLEAR,DARKNESS - LIGHTED ROAD,ANGLE,NOT DIVIDED,UNKNOWN,UNABLE TO DETERMINE,FOLLOWING TOO CLOSELY,0,0,0,0,15,1,10,473,HALSTED ST,41.735361,-87.745443,10/04/2020 04:03:00 PM,2020
CR00015227,07/03/2016 08:18:00 PM,40,CLEAR,DAYLIGHT,ANGLE,DIVIDED - W/MEDIAN (NOT RAISED),NO CONTROLS,DISTRACTION - FROM INSIDE VEHICLE,FAILING TO YIELD RIGHT-OF-WAY,0,0,0,0,20,1,7,1988,CALIFORNIA AVE,41.717327,-87.586063,07/03/2016 10:08:00 PM,2016
CR00015228,07/22/2023 04:25:00 PM,20,CLEAR,DAYLIGHT,SIDESWIPE SAME DIRECTION,FOUR WAY,NO CONTROLS,DISREGARDING TRAFFIC SIGNALS,NOT APPLICABLE,0,0,0,0,16,7,7,1775,DAMEN AVE,41.801913,-87.740498,07/22/2023 04:35:00 PM,2023
CR00015229,01/25/2017 06:12:00 PM,20,CLEAR,DAYLIGHT,ANGLE,NOT DIVIDED,TRAFFIC SIGNAL,FOLLOWING TOO CLOSELY,IMPROPER OVERTAKING/PASSING,0,1,2,3,18,4,1,1068,BROADWAY,41.957636,-87.744314,01/25/2017 07:23:00 PM,2017
CR00015230,07/22/2022 06:52:00 PM,25,RAIN,DAYLIGHT,PARKED MOTOR VEHICLE,DIVIDED - W/MEDIAN (NOT RAISED),TRAFFIC SIGNAL,IMPROPER LANE USAGE,FAILING TO YIELD RIGHT-OF-WAY,0,0,0,0,18,6,7,521,ELSTON AVE,41.959153,-87.679862,07/22/2022 08:11:00 PM,2022
CR00015231,02/13/2023 03:37:00 PM,45,CLEAR,DAYLIGHT,TURNING,NOT DIVIDED,NO CONTROLS,UNABLE TO DETERMINE,NOT APPLICABLE,0,0,0,0,15,2,2,1582,63RD ST,41.853567,-87.702901,02/13/2023 03:43:00 PM,2023
CR00015232,01/08/2017 10:37:00 PM,45,CLEAR,DAYLIGHT,SIDESWIPE SAME DIRECTION,ONE-WAY,NO CONTROLS,UNABLE TO DETERMINE,DRIVING SKILLS/KNOWLEDGE/EXPERIENCE,0,0,0,0,22,1,1,2063,MICHIGAN AVE,41.847469,-87.664056,01/08/2017 11:04:00 PM,2017