CRASH_RECORD_ID,CRASH_DATE,POSTED_SPEED_LIMIT,WEATHER_CONDITION,LIGHTING_CONDITION,FIRST_CRASH_TYPE,TRAFFICWAY_TYPE,TRAFFIC_CONTROL_DEVICE,PRIM_CONTRIBUTORY_CAUSE,SEC_CONTRIBUTORY_CAUSE,INJURIES_FATAL,INJURIES_INCAPACITATING,INJURIES_NON_INCAPACITATING,INJURIES_TOTAL,CRASH_HOUR,CRASH_DAY_OF_WEEK,CRASH_MONTH,BEAT_OF_OCCURRENCE,STREET_NAME,LATITUDE,LONGITUDE,DATE_POLICE_NOTIFIED,year
CR00015233,07/26/2016 12:27:00 PM,20,CLEAR,DAWN,REAR END,FOUR WAY,NO CONTROLS,FAILING TO YIELD RIGHT-OF-WAY,UNABLE TO DETERMINE,0,0,0,0,12,3,7,666,FULLERTON AVE,41.888705,-87.599442,07/26/2016 12:53:00 PM,2016
CR00015234,10/04/2022 10:26:00 AM,25,SNOW,DAYLIGHT,SIDESWIPE SAME DIRECTION,T-INTERSECTION,NO CONTROLS,UNABLE TO DETERMINE,NOT APPLICABLE,0,0,0,0,10,3,10,1098,WESTERN AVE,41.993816,-87.666688,10/04/2022 10:37:00 AM,2022
CR00015235,05/24/2019 08:16:00 AM,30,CLEAR,DAYLIGHT,REAR END,NOT DIVIDED,TRAFFIC SIGNAL,DISTRACTION - FROM INSIDE VEHICLE,UNABLE TO DETERMINE,0,0,0,0,8,6,5,873,DAMEN AVE,41.79681,-87.798916,05/24/2019 08:51:00 AM,2019
CR00015236,08/12/2021 10:59:00 AM,40,CLEAR,DAYLIGHT,TURNING,NOT DIVIDED,NO CONTROLS,IMPROPER OVERTAKING/PASSING,NOT APPLICABLE,0,0,0,0,10,5,8,2281,LAKE SHORE DR,41.91051,-87.630566,08/12/2021 12:25:00 PM,2021
CR00015237,05/19/2018 07:48:00 PM,35,CLEAR,DAYLIGHT,SIDESWIPE SAME DIRECTION,ONE-WAY,NO CONTROLS,UNABLE TO DETERMINE,DRIVING SKILLS/KNOWLEDGE/EXPERIENCE,0,0,0,0,19,7,5,2526,BROADWAY,41.99268,-87.557637,05/19/2018 08:39:00 PM,2018
CR00015238,01/28/2018 04:32:00 PM,25,FOG/SMOKE/HAZE,DAYLIGHT,REAR END,NOT DIVIDED,TRAFFIC SIGNAL,FAILING TO YIELD RIGHT-OF-WAY,IMPROPER LANE USAGE,0,0,0,0,16,1,1,303,MILWAUKEE AVE,41.91622,-87.639134,01/28/2018 05:53:00 PM,2018
CR00015239,02/09/2018 12:22:00 PM,40,CLEAR,DAYLIGHT,ANGLE,DIVIDED - W/MEDIAN (NOT RAISED),NO CONTROLS,FOLLOWING TOO CLOSELY,UNABLE TO DETERMINE,0,0,0,0,12,6,2,1999,DIVISION ST,41.911123,-87.815212,02/09/2018 02:01:00 PM,2018
CR00015240,02/08/2015 06:00:00 PM,25,CLEAR,DAYLIGHT,REAR END,T-INTERSECTION,NO CONTROLS,IMPROPER OVERTAKING/PASSING,NOT APPLICABLE,0,0,0,0,18,1,2,1812,47TH ST,41.856025,-87.802394,02/08/2015 07:23:00 PM,2015
CR00015241,03/06/2022 04:00:00 PM,35,CLEAR,DARKNESS - LIGHTED ROAD,PARKED MOTOR VEHICLE,DIVIDED - W/MEDIAN BARRIER,UNKNOWN,UNABLE TO DETERMINE,IMPROPER LANE USAGE,0,0,0,0,16,1,3,1127,BROADWAY,41.87312,-87.524567,03/06/2022 05:14:00 PM,2022
CR00015242,01/05/2018 04:37:00 PM,30,CLEAR,DARKNESS - LIGHTED ROAD,ANGLE,NOT DIVIDED,UNKNOWN,IMPROPER LANE USAGE,NOT APPLICABLE,0,0,0,0,16,6,1,2169,LAKE SHORE DR,41.866606,-87.586644,01/05/2018 06:30:00 PM,2018
CR00015243,09/20/2018 10:13:00 PM,45,CLEAR,DAYLIGHT,FIXED OBJECT,NOT DIVIDED,UNKNOWN,FOLLOWING TOO CLOSELY,FAILING TO REDUCE SPEED,0,0,0,0,22,5,9,667,47TH ST,41.808317,-87.718279,09/20/2018 11:18:00 PM,2018
CR00015244,09/19/2024 05:27:00 PM,20,CLEAR,DAYLIGHT,ANGLE,T-INTERSECTION,NO CONTROLS,FAILING TO YIELD RIGHT-OF-WAY,DISTRACTION - FROM INSIDE VEHICLE,0,0,0,0,17,5,9,108,CICERO AVE,41.963817,-87.715594,09/19/2024 05:29:00 PM,2024
CR00015245,09/30/2015 09:58:00 PM,35,CLEAR,DAYLIGHT,REAR END,DIVIDED - W/MEDIAN BARRIER,UNKNOWN,DISTRACTION - FROM INSIDE VEHICLE,DISTRACTION - FROM INSIDE VEHICLE,0,0,0,0,21,4,9,2265,OGDEN AVE,41.770792,-87.522166,09/30/2015 11:56:00 PM,2015
CR00015246,09/30/2024 12:22:00 PM,40,CLEAR,DAYLIGHT,ANGLE,FOUR WAY,TRAFFIC SIGNAL,DRIVING SKILLS/KNOWLEDGE/EXPERIENCE,FOLLOWING TOO CLOSELY,0,0,0,0,12,2,9,949,CALIFORNIA AVE,41.924406,-87.504353,09/30/2024 12:37:00 PM,2024
CR00015247,02/16/2019 05:59:00 PM,35,CLEAR,DARKNESS - LIGHTED ROAD,PARKED MOTOR VEHICLE,T-INTERSECTION,UNKNOWN,UNABLE TO DETERMINE,FAILING TO REDUCE SPEED,0,1,0,1,17,7,2,201,WESTERN AVE,41.84138,-87.597664,02/16/2019 07:56:00 PM,2019
CR00015248,09/11/2018 03:29:00 PM,20,RAIN,DAYLIGHT,TURNING,FOUR WAY,NO CONTROLS,IMPROPER LANE USAGE,NOT APPLICABLE,0,0,0,0,15,3,9,1843,ROOSEVELT RD,41.870288,-87.779771,09/11/2018 05:11:00 PM,2018
CR00015249,09/19/2018 08:50:00 AM,20,CLEAR,DAWN,ANGLE,FOUR WAY,STOP SIGN/FLASHER,FOLLOWING TOO CLOSELY,NOT APPLICABLE,0,0,2,2,8,4,9,1375,63RD ST,41.744693,-87.830056,09/19/2018 08:51:00 AM,2018
CR00015250,08/05/2023 04:42:00 AM,45,CLEAR,DAYLIGHT,PARKED MOTOR VEHICLE,FOUR WAY,TRAFFIC SIGNAL,IMPROPER OVERTAKING/PASSING,NOT APPLICABLE,0,0,0,0,4,7,8,2081,DIVISION ST,41.800863,-87.743862,08/05/2023 05:23:00 AM,2023
CR00015251,04/07/2022 04:18:00 AM,35,CLEAR,DAYLIGHT,FIXED OBJECT,DIVIDED - W/MEDIAN (NOT RAISED),YIELD,DISTRACTION - FROM INSIDE VEHICLE,IMPROPER LANE USAGE,0,0,0,0,4,5,4,1150,IRVING PARK RD,41.747979,-87.503711,04/07/2022 06:08:00 AM,2022
CR00015252,09/09/2021 04:09:00 PM,20,CLEAR,DUSK,FIXED OBJECT,NOT DIVIDED,STOP SIGN/FLASHER,UNABLE TO DETERMINE,FOLLOWING TOO CLOSELY,0,0,2,2,16,5,9,1366,ARCHER AVE,41.931608,-87.546983,09/09/2021 06:09:00 PM,2021
CR00015253,07/05/2023 07:06:00 AM,35,CLEAR,DUSK,ANGLE,NOT DIVIDED,NO CONTROLS,UNABLE TO DETERMINE,DISTRACTION - FROM INSIDE VEHICLE,0,0,1,1,7,4,7,1075,KEDZIE AVE,41.977458,-87.765585,07/05/2023 07:49:00 AM,2023
CR00015254,08/09/2021 03:38:00 PM,15,CLEAR,DAYLIGHT,TURNING,ONE-WAY,STOP SIGN/FLASHER,DISTRACTION - FROM INSIDE VEHICLE,FAILING TO REDUCE SPEED,0,0,0,0,15,2,8,607,STONY ISLAND AVE,41.75472,-87.524019,08/09/2021 04:28:00 PM,2021
CR00015255,09/05/2020 09:33:00 AM,45,RAIN,DAYLIGHT,REAR TO FRONT,FOUR WAY,STOP SIGN/FLASHER,UNABLE TO DETERMINE,DRIVING SKILLS/KNOWLEDGE/EXPERIENCE,0,0,0,0,9,7,9,565,IRVING PARK RD,41.792817,-87.776232,09/05/2020 11:13:00 AM,2020
CR00015256,04/16/2016 10:16:00 AM,20,CLEAR,DARKNESS - LIGHTED ROAD,TURNING,NOT DIVIDED,YIELD,UNABLE TO DETERMINE,DISREGARDING TRAFFIC SIGNALS,0,0,0,0,10,7,4,2444,MILWAUKEE AVE,41.835484,-87.620312,04/16/2016 12:14:00 PM,2016
CR00015257,12/15/2018 10:38:00 AM,25,CLEAR,DUSK,ANGLE,FOUR WAY,STOP SIGN/FLASHER,FOLLOWING TOO CLOSELY,UNABLE TO DETERMINE,0,0,3,3,10,7,12,1470,DAMEN AVE,41.839981,-87.692775,12/15/2018 12:19:00 PM,2018
CR00015258,04/07/2022 04:35:00 PM,35,CLEAR,DAYLIGHT,SIDESWIPE SAME DIRECTION,NOT DIVIDED,NO CONTROLS,UNABLE TO DETERMINE,IMPROPER OVERTAKING/PASSING,0,0,0,0,16,5,4,2196,HALSTED ST,41.964532,-87.847506,04/07/2022 05:07:00 PM,2022
CR00015259,07/31/2018 06:34:00 PM,35,CLEAR,DAYLIGHT,PARKED MOTOR VEHICLE,DIVIDED - W/MEDIAN (NOT RAISED),NO CONTROLS,UNABLE TO DETERMINE,UNABLE TO DETERMINE,0,0,0,0,18,3,7,1202,DAMEN AVE,41.898418,-87.639275,07/31/2018 07:19:00 PM,2018
CR00015260,03/01/2017 08:30:00 AM,25,CLEAR,DARKNESS - LIGHTED ROAD,TURNING,NOT DIVIDED,NO CONTROLS,DISTRACTION - FROM INSIDE VEHICLE,UNABLE TO DETERMINE,0,0,0,0,8,4,3,2095,ROOSEVELT RD,41.751638,-87.576802,03/01/2017 09:30:00 AM,2017
CR00015261,11/18/2020 04:34:00 PM,35,SNOW,DUSK,PEDESTRIAN,NOT DIVIDED,TRAFFIC SIGNAL,UNABLE TO DETERMINE,IMPROPER OVERTAKING/PASSING,0,0,0,0,16,4,11,1322,ASHLAND AVE,41.845707,-87.794989,11/18/2020 05:54:00 PM,2020
CR00015262,09/07/2020 04:11:00 PM,35,CLEAR,DAYLIGHT,REAR END,NOT DIVIDED,TRAFFIC SIGNAL,IMPROPER OVERTAKING/PASSING,UNABLE TO DETERMINE,0,0,0,0,16,2,9,902,STONY ISLAND AVE,41.99555,-87.572828,09/07/2020 06:02:00 PM,2020
CR00015263,12/23/2024 01:27:00 AM,30,CLEAR,DAYLIGHT,PARKED MOTOR VEHICLE,ONE-WAY,NO CONTROLS,DISREGARDING TRAFFIC SIGNALS,DISTRACTION - FROM INSIDE VEHICLE,0,0,0,0,1,2,12,1557,LAKE SHORE DR,41.700922,-87.773026,12/23/2024 02:12:00 AM,2024
CR00015264,04/02/2020 11:06:00 AM,30,CLOUDY/OVERCAST,DAYLIGHT,REAR TO FRONT,DIVIDED - W/MEDIAN (NOT RAISED),STOP SIGN/FLASHER,UNABLE TO DETERMINE,DISTRACTION - FROM INSIDE VEHICLE,0,0,0,0,11,5,4,1232,IRVING PARK RD,41.849402,-87.753911,04/02/2020 11:27:00 AM,2020
CR00015265,02/28/2019 06:28:00 PM,20,CLEAR,DAYLIGHT,FIXED OBJECT,ONE-WAY,NO CONTROLS,DRIVING SKILLS/KNOWLEDGE/EXPERIENCE,NOT APPLICABLE,0,0,0,0,18,5,2,580,KEDZIE AVE,41.959063,-87.848082,02/28/2019 06:41:00 PM,2019
CR00015266,03/07/2015 12:30:00 PM,30,SNOW,DAYLIGHT,TURNING,DIVIDED - W/MEDIAN (NOT RAISED),STOP SIGN/FLASHER,UNABLE TO DETERMINE,UNABLE TO DETERMINE,0,0,0,0,12,7,3,1722,79TH ST,41.71148,-87.525363,03/07/2015 01:38:00 PM,2015
CR00015267,01/29/2019 10:30:00 AM,25,CLEAR,DARKNESS - LIGHTED ROAD,REAR END,NOT DIVIDED,STOP SIGN/FLASHER,IMPROPER LANE USAGE,FAILING TO YIELD RIGHT-OF-WAY,0,1,2,3,10,3,1,540,OGDEN AVE,41.772559,-87.841173,01/29/2019 12:29:00 PM,2019
CR00015268,02/18/2016 08:21:00 AM,35,CLEAR,DUSK,REAR END,NOT DIVIDED,STOP SIGN/FLASHER,DISTRACTION - FROM INSIDE VEHICLE,UNABLE TO DETERMINE,0,0,0,0,8,5,2,1479,79TH ST,41.818831,-87.534988,02/18/2016 10:09:00 AM,2016
CR00015269,08/10/2024 03:08:00 PM,30,SNOW,DARKNESS - LIGHTED ROAD,PARKED MOTOR VEHICLE,NOT DIVIDED,NO CONTROLS,UNABLE TO DETERMINE,NOT APPLICABLE,0,1,0,1,15,7,8,1669,FULLERTON AVE,41.775049,-87.740938,08/10/2024 03:10:00 PM,2024
CR00015270,08/17/2021 08:30:00 PM,20,RAIN,DAYLIGHT,SIDESWIPE SAME DIRECTION,DIVIDED - W/MEDIAN (NOT RAISED),UNKNOWN,FAILING TO YIELD RIGHT-OF-WAY,FAILING TO YIELD RIGHT-OF-WAY,0,0,0,0,20,3,8,1527,KEDZIE AVE,41.819131,-87.532771,08/17/2021 08:44:00 PM,2021
CR00015271,11/26/2015 12:07:00 PM,30,CLEAR,DAYLIGHT,FIXED OBJECT,T-INTERSECTION,STOP SIGN/FLASHER,FAILING TO YIELD RIGHT-OF-WAY,UNABLE TO DETERMINE,0,0,1,1,12,5,11,1760,CICERO AVE,41.783522,-87.781025,11/26/2015 01:56:00 PM,2015
CR00015272,04/13/2021 10:31:00 AM,25,CLEAR,DARKNESS - LIGHTED ROAD,REAR END,DIVIDED - W/MEDIAN (NOT RAISED),TRAFFIC SIGNAL,FAILING TO YIELD RIGHT-OF-WAY,FOLLOWING TOO CLOSELY,0,0,0,0,10,3,4,2144,LAKE SHORE DR,41.777836,-87.796859,04/13/2021 11:47:00 AM,2021
CR00015273,01/23/2019 07:20:00 AM,35,CLEAR,DAYLIGHT,ANGLE,ONE-WAY,NO CONTROLS,IMPROPER LANE USAGE,FAILING TO REDUCE SPEED,0,0,0,0,7,4,1,1007,STATE ST,41.962188,-87.686745,01/23/2019 07:57:00 AM,2019
CR00015274,02/17/2020 11:04:00 AM,30,RAIN,DARKNESS,SIDESWIPE SAME DIRECTION,NOT DIVIDED,TRAFFIC SIGNAL,FOLLOWING TOO CLOSELY,UNABLE TO DETERMINE,0,0,0,0,11,2,2,888,ROOSEVELT RD,41.890326,-87.622446,02/17/2020 11:08:00 AM,2020
CR00015275,11/05/2018 01:08:00 PM,35,CLEAR,DAYLIGHT,TURNING,NOT DIVIDED,STOP SIGN/FLASHER,DISREGARDING TRAFFIC SIGNALS,UNABLE TO DETERMINE,0,0,0,0,13,2,11,1591,MICHIGAN AVE,41.994729,-87.61921,11/05/2018 02:37:00 PM,2018
CR00015276,05/09/2021 06:46:00 PM,30,CLEAR,DAYLIGHT,ANGLE,ONE-WAY,TRAFFIC SIGNAL,UNABLE TO DETERMINE,UNABLE TO DETERMINE,0,0,3,3,18,1,5,459,63RD ST,41.790562,-87.675297,05/09/2021 07:26:00 PM,2021
CR00015277,12/13/2022 12:09:00 PM,45,CLEAR,DAYLIGHT,ANGLE,DIVIDED - W/MEDIAN (NOT RAISED),NO CONTROLS,DISREGARDING TRAFFIC SIGNALS,IMPROPER LANE USAGE,0,0,0,0,12,3,12,1531,79TH ST,41.899088,-87.817006,12/13/2022 01:39:00 PM,2022
CR00015278,02/01/2022 05:04:00 PM,30,SNOW,DAYLIGHT,TURNING,ONE-WAY,TRAFFIC SIGNAL,FOLLOWING TOO CLOSELY,IMPROPER OVERTAKING/PASSING,0,0,0,0,17,3,2,1116,STONY ISLAND AVE,41.9069,-87.641841,02/01/2022 07:00:00 PM,2022
CR00015279,02/15/2021 12:10:00 PM,40,CLEAR,DAYLIGHT,TURNING,FOUR WAY,NO CONTROLS,DISREGARDING TRAFFIC SIGNALS,DRIVING SKILLS/KNOWLEDGE/EXPERIENCE,0,0,0,0,12,2,2,1692,WESTERN AVE,41.91006,-87.838172,02/15/2021 12:33:00 PM,2021
CR00015280,01/10/2024 05:19:00 PM,30,RAIN,DARKNESS - LIGHTED ROAD,TURNING,NOT DIVIDED,NO CONTROLS,WEATHER,UNABLE TO DETERMINE,0,2,0,2,17,4,1,1320,OGDEN AVE,41.750491,-87.821114,01/10/2024 07:11:00 PM,2024
CR00015281,11/14/2015 04:35:00 PM,35,CLEAR,DAYLIGHT,FIXED OBJECT,NOT DIVIDED,NO CONTROLS,DRIVING SKILLS/KNOWLEDGE/EXPERIENCE,IMPROPER LANE USAGE,0,0,0,0,16,7,11,902,DAMEN AVE,41.987623,-87.59376,11/14/2015 04:49:00 PM,2015
CR00015282,08/19/2023 06:05:00 PM,35,CLOUDY/OVERCAST,DAYLIGHT,ANGLE,NOT DIVIDED,TRAFFIC SIGNAL,IMPROPER LANE USAGE,DRIVING SKILLS/KNOWLEDGE/EXPERIENCE,0,0,3,3,18,7,8,2349,OGDEN AVE,41.826365,-87.763373,08/19/2023 06:11:00 PM,2023
CR00015283,04/04/2018 01:03:00 AM,20,CLOUDY/OVERCAST,DARKNESS - LIGHTED ROAD,TURNING,ONE-WAY,PEDESTRIAN CROSSING SIGN,FAILING TO YIELD RIGHT-OF-WAY,DISREGARDING TRAFFIC SIGNALS,0,0,0,0,1,4,4,1372,CICERO AVE,41.950004,-87.688563,04/04/2018 01:21:00 AM,2018
CR00015284,07/29/2023 06:58:00 PM,30,CLEAR,DAYLIGHT,PEDESTRIAN,DIVIDED - W/MEDIAN BARRIER,STOP SIGN/FLASHER,DISTRACTION - FROM INSIDE VEHICLE,FAILING TO REDUCE SPEED,0,0,0,0,18,7,7,141,ROOSEVELT RD,41.716772,-87.535007,07/29/2023 08:57:00 PM,2023
CR00015285,09/22/2022 10:10:00 AM,20,CLEAR,DARKNESS,REAR END,FOUR WAY,NO CONTROLS,IMPROPER LANE USAGE,FOLLOWING TOO CLOSELY,0,0,0,0,10,5,9,569,BROADWAY,41.793461,-87.743586,09/22/2022 11:16:00 AM,2022
CR00015286,08/05/2022 02:43:00 PM,30,CLEAR,DAYLIGHT,REAR END,NOT DIVIDED,YIELD,DISTRACTION - FROM INSIDE VEHICLE,DRIVING SKILLS/KNOWLEDGE/EXPERIENCE,0,1,2,3,14,6,8,2471,MICHIGAN AVE,41.931124,-87.586916,08/05/2022 03:07:00 PM,2022
CR00015287,10/01/2019 08:49:00 PM,40,RAIN,DARKNESS - LIGHTED ROAD,SIDESWIPE SAME DIRECTION,DIVIDED - W/MEDIAN (NOT RAISED),TRAFFIC SIGNAL,DRIVING SKILLS/KNOWLEDGE/EXPERIENCE,NOT APPLICABLE,0,0,0,0,20,3,10,2063,47TH ST,41.92721,-87.729417,10/01/2019 10:20:00 PM,2019
CR00015288,10/03/2016 06:02:00 PM,25,CLEAR,DAYLIGHT,REAR TO FRONT,NOT DIVIDED,NO CONTROLS,FAILING TO REDUCE SPEED,DISREGARDING TRAFFIC SIGNALS,0,0,0,0,18,2,10,1958,CALIFORNIA AVE,41.993674,-87.704373,10/03/2016 06:27:00 PM,2016
CR00015289,11/29/2018 03:32:00 AM,40,SNOW,DARKNESS - LIGHTED ROAD,TURNING,NOT DIVIDED,NO CONTROLS,FAILING TO YIELD RIGHT-OF-WAY,UNABLE TO DETERMINE,0,0,0,0,3,5,11,1400,HALSTED ST,41.932045,-87.555593,11/29/2018 03:40:00 AM,2018
CR00015290,02/19/2021 05:14:00 PM,45,FOG/SMOKE/HAZE,DAYLIGHT,PEDESTRIAN,DIVIDED - W/MEDIAN BARRIER,STOP SIGN/FLASHER,UNABLE TO DETERMINE,NOT APPLICABLE,0,0,0,0,17,6,2,478,WESTERN AVE,41.710741,-87.548753,02/19/2021 06:07:00 PM,2021
CR00015291,12/06/2017 12:20:00 AM,45,CLEAR,DUSK,FIXED OBJECT,NOT DIVIDED,TRAFFIC SIGNAL,UNABLE TO DETERMINE,FOLLOWING TOO CLOSELY,0,0,0,0,0,4,12,1086,FULLERTON AVE,41.827303,-87.771023,12/06/2017 12:34:00 AM,2017
CR00015292,09/02/2024 05:14:00 PM,30,CLEAR,DAYLIGHT,FIXED OBJECT,DIVIDED - W/MEDIAN (NOT RAISED),NO CONTROLS,UNABLE TO DETERMINE,WEATHER,0,0,0,0,17,2,9,1252,HALSTED ST,41.736375,-87.776632,09/02/2024 05:59:00 PM,2024
CR00015293,08/14/2022 03:40:00 PM,40,CLEAR,DAYLIGHT,ANGLE,NOT DIVIDED,STOP SIGN/FLASHER,DISTRACTION - FROM INSIDE VEHICLE,UNABLE TO DETERMINE,0,0,0,0,15,1,8,819,STATE ST,41.721346,-87.507443,08/14/2022 04:32:00 PM,2022
CR00015294,08/13/2021 12:58:00 PM,20,CLEAR,DAYLIGHT,REAR END,DIVIDED - W/MEDIAN (NOT RAISED),TRAFFIC SIGNAL,UNABLE TO DETERMINE,FAILING TO REDUCE SPEED,0,0,0,0,12,6,8,744,STONY ISLAND AVE,41.759227,-87.733094,08/13/2021 01:52:00 PM,2021
CR00015295,07/05/2024 06:53:00 PM,30,CLEAR,DARKNESS - LIGHTED ROAD,FIXED OBJECT,FOUR WAY,NO CONTROLS,DISTRACTION - FROM INSIDE VEHICLE,UNABLE TO DETERMINE,0,0,0,0,18,6,7,375,CICERO AVE,41.73173,-87.704938,07/05/2024 07:27:00 PM,2024
CR00015296,03/05/2023 05:07:00 AM,25,CLOUDY/OVERCAST,DAYLIGHT,ANGLE,FOUR WAY,TRAFFIC SIGNAL,UNABLE TO DETERMINE,UNABLE TO DETERMINE,0,0,0,0,5,1,3,1853,79TH ST,41.877256,-87.602394,03/05/2023 06:16:00 AM,2023
CR00015297,10/01/2024 04:26:00 PM,25,CLEAR,DAYLIGHT,REAR END,DIVIDED - W/MEDIAN (NOT RAISED),NO CONTROLS,FOLLOWING TOO CLOSELY,UNABLE TO DETERMINE,0,0,0,0,16,3,10,1669,DAMEN AVE,41.834292,-87.503192,10/01/2024 05:50:00 PM,2024
CR00015298,05/15/2015 10:25:00 AM,30,CLEAR,DARKNESS - LIGHTED ROAD,SIDESWIPE SAME DIRECTION,DIVIDED - W/MEDIAN (NOT RAISED),STOP SIGN/FLASHER,FOLLOWING TOO CLOSELY,IMPROPER LANE USAGE,0,0,0,0,10,6,5,659,WESTERN AVE,41.717582,-87.578452,05/15/2015 12:16:00 PM,2015
CR00015299,09/26/2021 03:22:00 PM,25,CLEAR,DARKNESS - LIGHTED ROAD,REAR END,NOT DIVIDED,TRAFFIC SIGNAL,FAILING TO YIELD RIGHT-OF-WAY,FOLLOWING TOO CLOSELY,0,0,0,0,15,1,9,1522,DAMEN AVE,41.820597,-87.660408,09/26/2021 03:41:00 PM,2021
CR00015300,08/10/2018 10:36:00 PM,20,CLEAR,DAYLIGHT,REAR END,ONE-WAY,NO CONTROLS,IMPROPER LANE USAGE,IMPROPER OVERTAKING/PASSING,0,0,0,0,22,6,8,142,ASHLAND AVE,41.942441,-87.628239,08/10/2018 10:54:00 PM,2018
CR00015301,05/30/2022 05:45:00 PM,30,CLEAR,DAYLIGHT,ANGLE,NOT DIVIDED,UNKNOWN,FAILING TO YIELD RIGHT-OF-WAY,DRIVING SKILLS/KNOWLEDGE/EXPERIENCE,0,0,0,0,17,2,5,2441,63RD ST,41.802155,-87.622747,05/30/2022 05:58:00 PM,2022
CR00015302,01/16/2015 08:12:00 AM,35,CLEAR,DARKNESS - LIGHTED ROAD,REAR END,NOT DIVIDED,NO CONTROLS,UNABLE TO DETERMINE,IMPROPER OVERTAKING/PASSING,0,0,0,0,8,6,1,324,KEDZIE AVE,41.97696,-87.73914,01/16/2015 08:44:00 AM,2015
CR00015303,01/15/2024 10:21:00 PM,40,CLEAR,DAYLIGHT,SIDESWIPE SAME DIRECTION,DIVIDED - W/MEDIAN (NOT RAISED),STOP SIGN/FLASHER,WEATHER,DISREGARDING TRAFFIC SIGNALS,0,0,0,0,22,2,1,2389,KEDZIE AVE,41.968424,-87.815811,01/15/2024 11:55:00 PM,2024
CR00015304,07/18/2017 01:59:00 AM,35,CLEAR,DARKNESS - LIGHTED ROAD,SIDESWIPE SAME DIRECTION,FOUR WAY,NO CONTROLS,UNABLE TO DETERMINE,UNABLE TO DETERMINE,0,0,0,0,1,3,7,746,WESTERN AVE,41.864112,-87.747319,07/18/2017 03:48:00 AM,2017
CR00015305,01/18/2016 12:02:00 PM,30,CLEAR,DARKNESS - LIGHTED ROAD,PEDESTRIAN,T-INTERSECTION,NO CONTROLS,FOLLOWING TOO CLOSELY,DRIVING SKILLS/KNOWLEDGE/EXPERIENCE,0,0,3,3,12,2,1,1041,IRVING PARK RD,41.910662,-87.652271,01/18/2016 01:59:00 PM,2016
CR00015306,10/17/2021 04:34:00 PM,30,CLEAR,DARKNESS - LIGHTED ROAD,REAR TO FRONT,NOT DIVIDED,STOP SIGN/FLASHER,IMPROPER LANE USAGE,UNABLE TO DETERMINE,0,0,0,0,16,1,10,1214,CLARK ST,41.959095,-87.584304,10/17/2021 06:11:00 PM,2021
CR00015307,10/29/2018 04:34:00 PM,25,CLOUDY/OVERCAST,DAYLIGHT,FIXED OBJECT,NOT DIVIDED,NO CONTROLS,DISTRACTION - FROM INSIDE VEHICLE,IMPROPER OVERTAKING/PASSING,0,0,0,0,16,2,10,1779,ROOSEVELT RD,41.7561,-87.739888,10/29/2018 05:24:00 PM,2018
CR00015308,11/03/2015 12:22:00 PM,30,CLEAR,DUSK,REAR END,DIVIDED - W/MEDIAN BARRIER,UNKNOWN,UNABLE TO DETERMINE,UNABLE TO DETERMINE,0,0,0,0,12,3,11,1038,47TH ST,41.742673,-87.767954,11/03/2015 12:45:00 PM,2015
CR00015309,12/16/2021 04:41:00 PM,30,RAIN,DAYLIGHT,FIXED OBJECT,DIVIDED - W/MEDIAN (NOT RAISED),NO CONTROLS,FAILING TO YIELD RIGHT-OF-WAY,FAILING TO YIELD RIGHT-OF-WAY,0,0,0,0,16,5,12,439,47TH ST,41.712434,-87.624192,12/16/2021 05:52:00 PM,2021
CR00015310,04/04/2021 08:32:00 PM,20,CLEAR,DARKNESS - LIGHTED ROAD,SIDESWIPE SAME DIRECTION,FOUR WAY,NO CONTROLS,FOLLOWING TOO CLOSELY,UNABLE TO DETERMINE,0,1,1,2,20,1,4,834,79TH ST,41.893184,-87.612107,04/04/2021 09:35:00 PM,2021
CR00015311,09/19/2017 06:55:00 PM,40,RAIN,DARKNESS,REAR END,NOT DIVIDED,TRAFFIC SIGNAL,DRIVING SKILLS/KNOWLEDGE/EXPERIENCE,FAILING TO YIELD RIGHT-OF-WAY,0,0,0,0,18,3,9,159,LAKE SHORE DR,41.863205,-87.698306,09/19/2017 07:57:00 PM,2017
CR00015312,04/23/2023 07:52:00 PM,20,FREEZING RAIN/DRIZZLE,DAYLIGHT,SIDESWIPE SAME DIRECTION,ONE-WAY,NO CONTROLS,FOLLOWING TOO CLOSELY,IMPROPER OVERTAKING/PASSING,0,0,0,0,19,1,4,750,HALSTED ST,41.709811,-87.790196,04/23/2023 09:08:00 PM,2023
CR00015313,05/05/2020 08:37:00 AM,15,CLOUDY/OVERCAST,DAYLIGHT,REAR END,NOT DIVIDED,NO CONTROLS,DISREGARDING TRAFFIC SIGNALS,UNABLE TO DETERMINE,0,0,0,0,8,3,5,102,ELSTON AVE,41.909513,-87.729002,05/05/2020 08:55:00 AM,2020
CR00015314,12/08/2021 10:30:00 PM,45,RAIN,DAYLIGHT,FIXED OBJECT,DIVIDED - W/MEDIAN (NOT RAISED),NO CONTROLS,DRIVING SKILLS/KNOWLEDGE/EXPERIENCE,NOT APPLICABLE,0,0,1,1,22,4,12,1021,CICERO AVE,41.876312,-87.705128,12/08/2021 10:49:00 PM,2021
CR00015315,08/19/2020 11:32:00 AM,40,CLEAR,DAYLIGHT,FIXED OBJECT,ONE-WAY,TRAFFIC SIGNAL,DISTRACTION - FROM INSIDE VEHICLE,FAILING TO YIELD RIGHT-OF-WAY,0,0,0,0,11,4,8,129,WESTERN AVE,41.920071,-87.524532,08/19/2020 01:02:00 PM,2020