CRASH_RECORD_ID,CRASH_DATE,POSTED_SPEED_LIMIT,WEATHER_CONDITION,LIGHTING_CONDITION,FIRST_CRASH_TYPE,TRAFFICWAY_TYPE,TRAFFIC_CONTROL_DEVICE,PRIM_CONTRIBUTORY_CAUSE,SEC_CONTRIBUTORY_CAUSE,INJURIES_FATAL,INJURIES_INCAPACITATING,INJURIES_NON_INCAPACITATING,INJURIES_TOTAL,CRASH_HOUR,CRASH_DAY_OF_WEEK,CRASH_MONTH,BEAT_OF_OCCURRENCE,STREET_NAME,LATITUDE,LONGITUDE,DATE_POLICE_NOTIFIED,year
CR00015316,11/18/2018 05:02:00 PM,20,CLOUDY/OVERCAST,DAYLIGHT,ANGLE,NOT DIVIDED,NO CONTROLS,DISTRACTION - FROM INSIDE VEHICLE,NOT APPLICABLE,0,0,0,0,17,1,11,1348,KEDZIE AVE,41.755106,-87.825855,11/18/2018 06:57:00 PM,2018
CR00015317,10/02/2023 09:24:00 AM,35,CLEAR,DAYLIGHT,SIDESWIPE SAME DIRECTION,DIVIDED - W/MEDIAN (NOT RAISED),NO CONTROLS,FAILING TO YIELD RIGHT-OF-WAY,UNABLE TO DETERMINE,0,0,0,0,9,2,10,1556,ASHLAND AVE,41.782425,-87.676788,10/02/2023 11:01:00 AM,2023
CR00015318,08/21/2023 01:12:00 PM,35,CLEAR,DAYLIGHT,REAR END,NOT DIVIDED,NO CONTROLS,IMPROPER LANE USAGE,NOT APPLICABLE,0,0,0,0,13,2,8,1243,63RD ST,41.777333,-87.782833,08/21/2023 02:17:00 PM,2023
CR00015319,12/10/2022 08:23:00 PM,40,CLEAR,DAYLIGHT,REAR END,T-INTERSECTION,STOP SIGN/FLASHER,UNABLE TO DETERMINE,FOLLOWING TOO CLOSELY,0,0,0,0,20,7,12,276,WESTERN AVE,41.763352,-87.552235,12/10/2022 09:34:00 PM,2022
CR00015320,01/01/2019 07:59:00 PM,35,CLEAR,DAYLIGHT,ANGLE,NOT DIVIDED,STOP SIGN/FLASHER,DISTRACTION - FROM INSIDE VEHICLE,NOT APPLICABLE,0,0,0,0,19,3,1,537,OGDEN AVE,41.768627,-87.523088,01/01/2019 09:50:00 PM,2019
CR00015321,08/13/2021 10:14:00 AM,15,CLEAR,DAYLIGHT,PARKED MOTOR VEHICLE,DIVIDED - W/MEDIAN (NOT RAISED),NO CONTROLS,IMPROPER LANE USAGE,NOT APPLICABLE,0,0,0,0,10,6,8,2102,ASHLAND AVE,41.864685,-87.57053,08/13/2021 10:28:00 AM,2021
CR00015322,05/24/2022 02:48:00 PM,35,CLEAR,DAYLIGHT,REAR END,NOT DIVIDED,NO CONTROLS,UNABLE TO DETERMINE,DRIVING SKILLS/KNOWLEDGE/EXPERIENCE,0,0,0,0,14,3,5,1614,STATE ST,41.977861,-87.796806,05/24/2022 03:19:00 PM,2022
CR00015323,02/07/2017 06:39:00 AM,15,CLEAR,DUSK,REAR END,FOUR WAY,YIELD,FOLLOWING TOO CLOSELY,DISTRACTION - FROM INSIDE VEHICLE,0,0,0,0,6,3,2,1377,ELSTON AVE,41.946489,-87.761365,02/07/2017 07:44:00 AM,2017
CR00015324,03/15/2021 07:24:00 AM,30,CLEAR,DAYLIGHT,ANGLE,ONE-WAY,STOP SIGN/FLASHER,FOLLOWING TOO CLOSELY,FOLLOWING TOO CLOSELY,0,0,0,0,7,2,3,1705,STONY ISLAND AVE,41.82608,-87.698157,03/15/2021 07:55:00 AM,2021
CR00015325,02/15/2015 12:34:00 PM,20,FREEZING RAIN/DRIZZLE,DAYLIGHT,REAR END,DIVIDED - W/MEDIAN (NOT RAISED),NO CONTROLS,FAILING TO YIELD RIGHT-OF-WAY,FAILING TO YIELD RIGHT-OF-WAY,0,0,0,0,12,1,2,221,OGDEN AVE,41.93079,-87.828465,02/15/2015 12:36:00 PM,2015
CR00015326,10/06/2018 12:18:00 PM,15,CLEAR,DAYLIGHT,ANGLE,DIVIDED - W/MEDIAN BARRIER,NO CONTROLS,DISREGARDING TRAFFIC SIGNALS,FOLLOWING TOO CLOSELY,0,0,0,0,12,7,10,2197,ROOSEVELT RD,41.7317,-87.824569,10/06/2018 01:43:00 PM,2018
CR00015327,07/14/2015 09:42:00 AM,15,CLEAR,DAYLIGHT,TURNING,T-INTERSECTION,STOP SIGN/FLASHER,IMPROPER LANE USAGE,NOT APPLICABLE,0,0,0,0,9,3,7,963,FULLERTON AVE,41.793039,-87.819446,07/14/2015 11:19:00 AM,2015
CR00015328,05/26/2022 07:12:00 AM,15,CLEAR,DARKNESS - LIGHTED ROAD,TURNING,FOUR WAY,STOP SIGN/FLASHER,IMPROPER LANE USAGE,DISTRACTION - FROM INSIDE VEHICLE,0,0,0,0,7,5,5,929,CALIFORNIA AVE,41.738547,-87.671367,05/26/2022 07:15:00 AM,2022
CR00015329,02/23/2020 03:42:00 PM,30,CLEAR,DARKNESS - LIGHTED ROAD,SIDESWIPE SAME DIRECTION,FOUR WAY,STOP SIGN/FLASHER,IMPROPER OVERTAKING/PASSING,FOLLOWING TOO CLOSELY,0,0,0,0,15,1,2,1962,DIVISION ST,41.720314,-87.751962,02/23/2020 04:26:00 PM,2020
CR00015330,05/30/2021 04:54:00 PM,35,FOG/SMOKE/HAZE,DAYLIGHT,SIDESWIPE SAME DIRECTION,DIVIDED - W/MEDIAN (NOT RAISED),TRAFFIC SIGNAL,UNABLE TO DETERMINE,DISREGARDING TRAFFIC SIGNALS,0,0,0,0,16,1,5,2137,MILWAUKEE AVE,41.934656,-87.839642,05/30/2021 06:10:00 PM,2021
CR00015331,12/23/2021 12:02:00 PM,15,CLEAR,DARKNESS,SIDESWIPE SAME DIRECTION,ONE-WAY,NO CONTROLS,UNABLE TO DETERMINE,NOT APPLICABLE,0,0,0,0,12,5,12,152,ELSTON AVE,41.862457,-87.597294,12/23/2021 01:12:00 PM,2021
CR00015332,07/05/2016 07:43:00 AM,15,CLEAR,DARKNESS,ANGLE,NOT DIVIDED,STOP SIGN/FLASHER,IMPROPER OVERTAKING/PASSING,WEATHER,0,0,0,0,7,3,7,1536,ROOSEVELT RD,41.917473,-87.755839,07/05/2016 08:34:00 AM,2016
CR00015333,01/10/2016 02:01:00 PM,25,RAIN,DAYLIGHT,TURNING,FOUR WAY,TRAFFIC SIGNAL,UNABLE TO DETERMINE,FAILING TO YIELD RIGHT-OF-WAY,0,0,0,0,14,1,1,2283,CALIFORNIA AVE,41.801347,-87.671116,01/10/2016 03:38:00 PM,2016
CR00015334,11/25/2016 01:04:00 AM,45,CLEAR,DUSK,SIDESWIPE SAME DIRECTION,DIVIDED - W/MEDIAN BARRIER,TRAFFIC SIGNAL,DISTRACTION - FROM INSIDE VEHICLE,UNABLE TO DETERMINE,0,0,1,1,1,6,11,1769,WESTERN AVE,41.966724,-87.759589,11/25/2016 01:17:00 AM,2016
CR00015335,05/10/2017 09:02:00 PM,30,CLEAR,DAYLIGHT,ANGLE,DIVIDED - W/MEDIAN (NOT RAISED),NO CONTROLS,IMPROPER LANE USAGE,UNABLE TO DETERMINE,0,0,0,0,21,4,5,1712,MILWAUKEE AVE,41.888829,-87.632754,05/10/2017 09:27:00 PM,2017
CR00015336,03/14/2021 12:43:00 PM,15,CLEAR,DAYLIGHT,SIDESWIPE SAME DIRECTION,DIVIDED - W/MEDIAN (NOT RAISED),NO CONTROLS,FAILING TO YIELD RIGHT-OF-WAY,DRIVING SKILLS/KNOWLEDGE/EXPERIENCE,0,0,0,0,12,1,3,369,OGDEN AVE,41.939278,-87.649351,03/14/2021 01:11:00 PM,2021
CR00015337,10/31/2018 04:01:00 PM,30,CLEAR,DAYLIGHT,SIDESWIPE SAME DIRECTION,ONE-WAY,NO CONTROLS,FAILING TO REDUCE SPEED,FOLLOWING TOO CLOSELY,0,0,0,0,16,4,10,195,KEDZIE AVE,41.790312,-87.848383,10/31/2018 05:50:00 PM,2018
CR00015338,01/19/2017 03:28:00 PM,35,RAIN,DAYLIGHT,ANGLE,NOT DIVIDED,TRAFFIC SIGNAL,UNABLE TO DETERMINE,FOLLOWING TOO CLOSELY,0,0,0,0,15,5,1,367,ROOSEVELT RD,41.975493,-87.718103,01/19/2017 05:24:00 PM,2017
CR00015339,02/18/2016 07:09:00 AM,15,CLEAR,DARKNESS - LIGHTED ROAD,ANGLE,T-INTERSECTION,NO CONTROLS,DISREGARDING TRAFFIC SIGNALS,DRIVING SKILLS/KNOWLEDGE/EXPERIENCE,0,0,0,0,7,5,2,1047,LAKE SHORE DR,41.756601,-87.777078,02/18/2016 07:58:00 AM,2016
CR00015340,09/19/2016 12:27:00 PM,30,CLEAR,DAYLIGHT,TURNING,ONE-WAY,TRAFFIC SIGNAL,FOLLOWING TOO CLOSELY,NOT APPLICABLE,0,0,0,0,12,2,9,736,79TH ST,41.70165,-87.735642,09/19/2016 01:14:00 PM,2016
CR00015341,06/24/2018 11:40:00 PM,45,CLEAR,DAYLIGHT,REAR END,NOT DIVIDED,TRAFFIC SIGNAL,IMPROPER OVERTAKING/PASSING,UNABLE TO DETERMINE,0,0,3,3,23,1,6,2213,CICERO AVE,41.774725,-87.683367,06/25/2018 12:03:00 AM,2018
CR00015342,12/25/2021 09:48:00 AM,15,CLEAR,DAYLIGHT,TURNING,DIVIDED - W/MEDIAN BARRIER,TRAFFIC SIGNAL,FAILING TO YIELD RIGHT-OF-WAY,NOT APPLICABLE,0,0,0,0,9,7,12,1852,ROOSEVELT RD,41.806904,-87.820405,12/25/2021 11:12:00 AM,2021
CR00015343,01/12/2016 08:11:00 PM,30,CLEAR,DARKNESS,REAR END,ONE-WAY,NO CONTROLS,UNABLE TO DETERMINE,IMPROPER LANE USAGE,0,0,0,0,20,3,1,1382,79TH ST,41.948754,-87.723265,01/12/2016 09:09:00 PM,2016
CR00015344,10/14/2017 05:36:00 AM,30,CLEAR,DAYLIGHT,TURNING,NOT DIVIDED,TRAFFIC SIGNAL,IMPROPER OVERTAKING/PASSING,FAILING TO REDUCE SPEED,0,0,0,0,5,7,10,318,ARCHER AVE,41.915548,-87.834412,10/14/2017 06:40:00 AM,2017
CR00015345,12/09/2021 07:10:00 PM,35,CLEAR,DARKNESS - LIGHTED ROAD,REAR END,NOT DIVIDED,STOP SIGN/FLASHER,FOLLOWING TOO CLOSELY,UNABLE TO DETERMINE,0,0,0,0,19,5,12,1739,STATE ST,41.994079,-87.653984,12/09/2021 08:06:00 PM,2021
CR00015346,12/29/2016 02:39:00 PM,35,CLEAR,DAYLIGHT,FIXED OBJECT,ONE-WAY,NO CONTROLS,DRIVING SKILLS/KNOWLEDGE/EXPERIENCE,FAILING TO YIELD RIGHT-OF-WAY,0,1,3,4,14,5,12,715,HALSTED ST,41.750448,-87.752082,12/29/2016 04:15:00 PM,2016
CR00015347,06/08/2020 07:38:00 PM,20,RAIN,DARKNESS - LIGHTED ROAD,ANGLE,NOT DIVIDED,NO CONTROLS,UNABLE TO DETERMINE,DISREGARDING TRAFFIC SIGNALS,0,0,0,0,19,2,6,2434,OGDEN AVE,41.780134,-87.64859,06/08/2020 07:52:00 PM,2020
CR00015348,07/02/2019 08:58:00 AM,45,FOG/SMOKE/HAZE,DARKNESS - LIGHTED ROAD,REAR END,NOT DIVIDED,PEDESTRIAN CROSSING SIGN,IMPROPER OVERTAKING/PASSING,DRIVING SKILLS/KNOWLEDGE/EXPERIENCE,0,0,0,0,8,3,7,2104,ASHLAND AVE,41.719342,-87.703016,07/02/2019 10:18:00 AM,2019
CR00015349,10/04/2018 12:55:00 PM,30,CLEAR,DARKNESS - LIGHTED ROAD,REAR END,NOT DIVIDED,TRAFFIC SIGNAL,UNABLE TO DETERMINE,IMPROPER LANE USAGE,0,0,0,0,12,5,10,2401,DAMEN AVE,41.756103,-87.549043,10/04/2018 02:44:00 PM,2018
CR00015350,03/28/2020 06:25:00 AM,35,SNOW,DAYLIGHT,SIDESWIPE SAME DIRECTION,DIVIDED - W/MEDIAN (NOT RAISED),TRAFFIC SIGNAL,IMPROPER OVERTAKING/PASSING,NOT APPLICABLE,0,2,2,4,6,7,3,689,OGDEN AVE,41.925645,-87.700804,03/28/2020 07:01:00 AM,2020
CR00015351,05/28/2017 01:26:00 PM,35,SNOW,DARKNESS,TURNING,DIVIDED - W/MEDIAN (NOT RAISED),NO CONTROLS,FAILING TO REDUCE SPEED,NOT APPLICABLE,0,0,0,0,13,1,5,343,CALIFORNIA AVE,41.996209,-87.804587,05/28/2017 02:00:00 PM,2017
CR00015352,12/11/2024 10:11:00 AM,20,CLEAR,DAYLIGHT,PARKED MOTOR VEHICLE,DIVIDED - W/MEDIAN (NOT RAISED),TRAFFIC SIGNAL,DISREGARDING TRAFFIC SIGNALS,NOT APPLICABLE,0,0,0,0,10,4,12,616,ARCHER AVE,41.790182,-87.770745,12/11/2024 11:22:00 AM,2024
CR00015353,04/08/2021 07:15:00 PM,15,SNOW,DARKNESS,TURNING,NOT DIVIDED,TRAFFIC SIGNAL,IMPROPER OVERTAKING/PASSING,NOT APPLICABLE,0,0,0,0,19,5,4,1878,CLARK ST,41.787734,-87.820588,04/08/2021 07:47:00 PM,2021
CR00015354,02/05/2018 09:13:00 PM,45,CLEAR,DAYLIGHT,FIXED OBJECT,NOT DIVIDED,NO CONTROLS,FOLLOWING TOO CLOSELY,WEATHER,0,0,0,0,21,2,2,1125,CICERO AVE,41.760647,-87.613679,02/05/2018 10:40:00 PM,2018
CR00015355,12/16/2018 06:32:00 PM,35,CLEAR,DAYLIGHT,REAR TO FRONT,DIVIDED - W/MEDIAN (NOT RAISED),TRAFFIC SIGNAL,IMPROPER LANE USAGE,WEATHER,0,0,0,0,18,1,12,2090,ARCHER AVE,41.752727,-87.81076,12/16/2018 06:44:00 PM,2018
CR00015356,09/11/2021 02:29:00 PM,45,CLOUDY/OVERCAST,DUSK,TURNING,NOT DIVIDED,NO CONTROLS,WEATHER,FAILING TO REDUCE SPEED,0,0,1,1,14,7,9,354,FULLERTON AVE,41.774207,-87.567199,09/11/2021 04:18:00 PM,2021
CR00015357,12/22/2019 05:59:00 PM,25,CLEAR,DARKNESS - LIGHTED ROAD,REAR END,DIVIDED - W/MEDIAN BARRIER,STOP SIGN/FLASHER,FOLLOWING TOO CLOSELY,FAILING TO YIELD RIGHT-OF-WAY,0,0,1,1,17,1,12,614,STATE ST,41.761543,-87.632838,12/22/2019 07:14:00 PM,2019
CR00015358,03/29/2016 03:52:00 PM,35,CLEAR,DAYLIGHT,REAR END,DIVIDED - W/MEDIAN (NOT RAISED),NO CONTROLS,UNABLE TO DETERMINE,FOLLOWING TOO CLOSELY,0,0,0,0,15,3,3,498,ARCHER AVE,41.818106,-87.686165,03/29/2016 05:36:00 PM,2016
CR00015359,04/24/2015 06:51:00 PM,30,CLEAR,DAYLIGHT,TURNING,DIVIDED - W/MEDIAN (NOT RAISED),UNKNOWN,IMPROPER LANE USAGE,DRIVING SKILLS/KNOWLEDGE/EXPERIENCE,0,0,0,0,18,6,4,2455,MICHIGAN AVE,41.70685,-87.802787,04/24/2015 08:00:00 PM,2015
CR00015360,01/28/2022 07:59:00 AM,35,SNOW,DAYLIGHT,PARKED MOTOR VEHICLE,NOT DIVIDED,TRAFFIC SIGNAL,UNABLE TO DETERMINE,UNABLE TO DETERMINE,0,0,0,0,7,6,1,654,63RD ST,41.975403,-87.710842,01/28/2022 09:20:00 AM,2022
CR00015361,06/25/2024 06:00:00 PM,45,CLEAR,DARKNESS,ANGLE,DIVIDED - W/MEDIAN (NOT RAISED),UNKNOWN,FAILING TO YIELD RIGHT-OF-WAY,NOT APPLICABLE,0,0,0,0,18,3,6,346,47TH ST,41.879155,-87.803158,06/25/2024 07:46:00 PM,2024
CR00015362,09/06/2020 05:24:00 PM,45,CLEAR,DAYLIGHT,TURNING,NOT DIVIDED,STOP SIGN/FLASHER,UNABLE TO DETERMINE,NOT APPLICABLE,0,0,0,0,17,1,9,1273,KEDZIE AVE,41.915768,-87.80022,09/06/2020 06:53:00 PM,2020
CR00015363,09/19/2023 02:34:00 PM,30,RAIN,DARKNESS - LIGHTED ROAD,REAR TO FRONT,NOT DIVIDED,NO CONTROLS,FAILING TO YIELD RIGHT-OF-WAY,DRIVING SKILLS/KNOWLEDGE/EXPERIENCE,0,0,0,0,14,3,9,643,IRVING PARK RD,41.710097,-87.670742,09/19/2023 03:08:00 PM,2023
CR00015364,01/05/2023 08:07:00 AM,35,CLEAR,DARKNESS - LIGHTED ROAD,TURNING,NOT DIVIDED,NO CONTROLS,DRIVING SKILLS/KNOWLEDGE/EXPERIENCE,FAILING TO YIELD RIGHT-OF-WAY,0,0,1,1,8,5,1,360,ROOSEVELT RD,41.849905,-87.553882,01/05/2023 08:49:00 AM,2023
CR00015365,03/01/2024 07:27:00 PM,30,CLEAR,DAYLIGHT,TURNING,NOT DIVIDED,NO CONTROLS,IMPROPER OVERTAKING/PASSING,UNABLE TO DETERMINE,0,0,0,0,19,6,3,1887,PULASKI RD,41.983891,-87.778578,03/01/2024 08:48:00 PM,2024
CR00015366,01/10/2015 10:14:00 PM,30,CLEAR,DAYLIGHT,PEDESTRIAN,NOT DIVIDED,STOP SIGN/FLASHER,UNABLE TO DETERMINE,FAILING TO REDUCE SPEED,0,0,0,0,22,7,1,1836,WESTERN AVE,41.921885,-87.514886,01/10/2015 10:47:00 PM,2015
CR00015367,06/29/2019 01:54:00 PM,30,CLEAR,DARKNESS - LIGHTED ROAD,REAR END,NOT DIVIDED,NO CONTROLS,UNABLE TO DETERMINE,UNABLE TO DETERMINE,0,0,0,0,13,7,6,228,79TH ST,41.880907,-87.586991,06/29/2019 03:17:00 PM,2019
CR00015368,02/26/2016 04:35:00 PM,30,SNOW,DAYLIGHT,REAR END,NOT DIVIDED,NO CONTROLS,DRIVING SKILLS/KNOWLEDGE/EXPERIENCE,DRIVING SKILLS/KNOWLEDGE/EXPERIENCE,0,0,0,0,16,6,2,1499,LAKE SHORE DR,41.95726,-87.836529,02/26/2016 05:41:00 PM,2016
CR00015369,08/05/2021 08:03:00 AM,35,CLEAR,DARKNESS - LIGHTED ROAD,SIDESWIPE SAME DIRECTION,NOT DIVIDED,STOP SIGN/FLASHER,FOLLOWING TOO CLOSELY,DRIVING SKILLS/KNOWLEDGE/EXPERIENCE,0,0,0,0,8,5,8,1152,KEDZIE AVE,41.968606,-87.794355,08/05/2021 09:59:00 AM,2021
CR00015370,04/01/2017 08:46:00 PM,30,RAIN,DAYLIGHT,REAR END,NOT DIVIDED,TRAFFIC SIGNAL,FOLLOWING TOO CLOSELY,IMPROPER LANE USAGE,0,0,0,0,20,7,4,740,CICERO AVE,41.831605,-87.643043,04/01/2017 10:37:00 PM,2017
CR00015371,04/15/2022 01:31:00 PM,45,CLOUDY/OVERCAST,DAYLIGHT,PARKED MOTOR VEHICLE,NOT DIVIDED,NO CONTROLS,DISREGARDING TRAFFIC SIGNALS,FAILING TO REDUCE SPEED,0,0,0,0,13,6,4,351,STATE ST,41.846867,-87.57463,04/15/2022 01:44:00 PM,2022
CR00015372,04/27/2020 05:47:00 PM,25,CLEAR,DAYLIGHT,REAR END,DIVIDED - W/MEDIAN (NOT RAISED),TRAFFIC SIGNAL,FOLLOWING TOO CLOSELY,UNABLE TO DETERMINE,0,0,0,0,17,2,4,149,47TH ST,41.889272,-87.694667,04/27/2020 06:47:00 PM,2020
CR00015373,12/01/2022 03:49:00 PM,45,SNOW,DAYLIGHT,PEDESTRIAN,T-INTERSECTION,STOP SIGN/FLASHER,WEATHER,NOT APPLICABLE,0,0,0,0,15,5,12,1078,FULLERTON AVE,41.8067,-87.618505,12/01/2022 04:04:00 PM,2022
CR00015374,11/28/2017 06:41:00 AM,40,CLEAR,DAYLIGHT,REAR END,DIVIDED - W/MEDIAN (NOT RAISED),TRAFFIC SIGNAL,IMPROPER OVERTAKING/PASSING,NOT APPLICABLE,0,0,0,0,6,3,11,2146,KEDZIE AVE,41.73438,-87.810706,11/28/2017 07:14:00 AM,2017
CR00015375,12/22/2024 09:29:00 PM,30,RAIN,DARKNESS,SIDESWIPE SAME DIRECTION,NOT DIVIDED,PEDESTRIAN CROSSING SIGN,IMPROPER LANE USAGE,UNABLE TO DETERMINE,0,0,0,0,21,1,12,373,63RD ST,41.950689,-87.627027,12/22/2024 11:10:00 PM,2024
CR00015376,06/15/2021 08:40:00 AM,35,CLEAR,DAYLIGHT,ANGLE,NOT DIVIDED,NO CONTROLS,IMPROPER LANE USAGE,FAILING TO YIELD RIGHT-OF-WAY,0,0,0,0,8,3,6,293,CLARK ST,41.78609,-87.784865,06/15/2021 09:53:00 AM,2021
CR00015377,07/31/2021 11:47:00 AM,30,CLEAR,DAYLIGHT,REAR END,NOT DIVIDED,NO CONTROLS,UNABLE TO DETERMINE,DISREGARDING TRAFFIC SIGNALS,0,0,1,1,11,7,7,1100,STATE ST,41.981514,-87.712258,07/31/2021 11:52:00 AM,2021
CR00015378,09/08/2018 06:25:00 AM,30,CLEAR,DUSK,REAR END,NOT DIVIDED,NO CONTROLS,DRIVING SKILLS/KNOWLEDGE/EXPERIENCE,FAILING TO REDUCE SPEED,0,1,1,2,6,7,9,1893,FULLERTON AVE,41.941283,-87.779238,09/08/2018 07:33:00 AM,2018
CR00015379,06/25/2017 03:22:00 PM,15,CLEAR,DARKNESS - LIGHTED ROAD,FIXED OBJECT,DIVIDED - W/MEDIAN (NOT RAISED),TRAFFIC SIGNAL,UNABLE TO DETERMINE,UNABLE TO DETERMINE,0,0,0,0,15,1,6,2321,WESTERN AVE,41.883187,-87.835721,06/25/2017 03:54:00 PM,2017
CR00015380,01/19/2021 05:03:00 PM,35,CLEAR,DAYLIGHT,SIDESWIPE SAME DIRECTION,ONE-WAY,UNKNOWN,IMPROPER LANE USAGE,NOT APPLICABLE,0,0,1,1,17,3,1,2296,IRVING PARK RD,41.994345,-87.711747,01/19/2021 05:15:00 PM,2021
CR00015381,04/01/2019 07:06:00 AM,35,CLEAR,DAYLIGHT,PARKED MOTOR VEHICLE,ONE-WAY,TRAFFIC SIGNAL,FOLLOWING TOO CLOSELY,DRIVING SKILLS/KNOWLEDGE/EXPERIENCE,0,0,0,0,7,2,4,975,KEDZIE AVE,41.877295,-87.692328,04/01/2019 08:54:00 AM,2019
CR00015382,03/08/2021 07:01:00 AM,35,CLEAR,DAYLIGHT,TURNING,DIVIDED - W/MEDIAN (NOT RAISED),STOP SIGN/FLASHER,FAILING TO REDUCE SPEED,UNABLE TO DETERMINE,0,0,1,1,7,2,3,2237,DIVISION ST,41.767695,-87.743878,03/08/2021 07:28:00 AM,2021
CR00015383,05/24/2016 07:38:00 PM,40,RAIN,DAYLIGHT,SIDESWIPE SAME DIRECTION,DIVIDED - W/MEDIAN (NOT RAISED),STOP SIGN/FLASHER,UNABLE TO DETERMINE,FOLLOWING TOO CLOSELY,0,0,0,0,19,3,5,481,LAKE SHORE DR,41.917071,-87.668528,05/24/2016 09:07:00 PM,2016
CR00015384,10/26/2023 04:44:00 PM,45,CLEAR,DARKNESS - LIGHTED ROAD,REAR END,NOT DIVIDED,NO CONTROLS,DRIVING SKILLS/KNOWLEDGE/EXPERIENCE,FAILING TO REDUCE SPEED,0,0,1,1,16,5,10,875,MICHIGAN AVE,41.869219,-87.574832,10/26/2023 04:46:00 PM,2023
CR00015385,10/19/2018 08:57:00 PM,30,CLEAR,DARKNESS,TURNING,NOT DIVIDED,PEDESTRIAN CROSSING SIGN,DISREGARDING TRAFFIC SIGNALS,NOT APPLICABLE,0,0,2,2,20,6,10,2154,STONY ISLAND AVE,41.895817,-87.770902,10/19/2018 10:25:00 PM,2018
CR00015386,05/09/2024 11:59:00 AM,25,CLEAR,DAYLIGHT,SIDESWIPE SAME DIRECTION,NOT DIVIDED,TRAFFIC SIGNAL,UNABLE TO DETERMINE,FOLLOWING TOO CLOSELY,0,2,1,3,11,5,5,220,WESTERN AVE,41.988797,-87.521719,05/09/2024 01:53:00 PM,2024
CR00015387,01/26/2015 12:23:00 PM,30,CLEAR,DAYLIGHT,TURNING,FOUR WAY,NO CONTROLS,IMPROPER OVERTAKING/PASSING,UNABLE TO DETERMINE,0,0,0,0,12,2,1,539,DAMEN AVE,41.870654,-87.523064,01/26/2015 12:55:00 PM,2015
CR00015388,10/14/2016 01:14:00 PM,35,CLEAR,DAYLIGHT,TURNING,ONE-WAY,NO CONTROLS,DISTRACTION - FROM INSIDE VEHICLE,NOT APPLICABLE,0,0,0,0,13,6,10,2084,63RD ST,41.852599,-87.51478,10/14/2016 01:36:00 PM,2016
CR00015389,09/07/2024 07:23:00 PM,15,CLEAR,DAYLIGHT,PARKED MOTOR VEHICLE,NOT DIVIDED,YIELD,FAILING TO YIELD RIGHT-OF-WAY,NOT APPLICABLE,0,2,1,3,19,7,9,1461,DIVISION ST,41.835681,-87.783532,09/07/2024 07:34:00 PM,2024
CR00015390,02/10/2018 08:12:00 AM,30,CLEAR,DAYLIGHT,ANGLE,FOUR WAY,TRAFFIC SIGNAL,FOLLOWING TOO CLOSELY,UNABLE TO DETERMINE,0,0,0,0,8,7,2,1658,47TH ST,41.951091,-87.619595,02/10/2018 09:41:00 AM,2018
CR00015391,11/25/2019 02:29:00 PM,15,CLEAR,DARKNESS - LIGHTED ROAD,TURNING,NOT DIVIDED,NO CONTROLS,DISTRACTION - FROM INSIDE VEHICLE,UNABLE TO DETERMINE,0,0,0,0,14,2,11,1582,HALSTED ST,41.761377,-87.512438,11/25/2019 04:20:00 PM,2019
CR00015392,02/26/2016 04:32:00 PM,20,CLEAR,DAYLIGHT,FIXED OBJECT,DIVIDED - W/MEDIAN BARRIER,UNKNOWN,UNABLE TO DETERMINE,FOLLOWING TOO CLOSELY,0,0,0,0,16,6,2,1691,BROADWAY,41.761948,-87.566482,02/26/2016 05:28:00 PM,2016
CR00015393,11/18/2019 04:40:00 AM,45,RAIN,DAYLIGHT,REAR END,ONE-WAY,TRAFFIC SIGNAL,UNABLE TO DETERMINE,NOT APPLICABLE,0,0,1,1,4,2,11,646,MICHIGAN AVE,41.840589,-87.608311,11/18/2019 05:42:00 AM,2019
CR00015394,04/03/2018 08:44:00 AM,30,RAIN,DARKNESS - LIGHTED ROAD,FIXED OBJECT,DIVIDED - W/MEDIAN (NOT RAISED),STOP SIGN/FLASHER,IMPROPER LANE USAGE,NOT APPLICABLE,0,0,0,0,8,3,4,231,BROADWAY,41.84927,-87.550119,04/03/2018 10:23:00 AM,2018
CR00015395,01/31/2022 03:30:00 PM,35,RAIN,DARKNESS - LIGHTED ROAD,TURNING,NOT DIVIDED,STOP SIGN/FLASHER,FOLLOWING TOO CLOSELY,DRIVING SKILLS/KNOWLEDGE/EXPERIENCE,0,1,0,1,15,2,1,613,63RD ST,41.989353,-87.707617,01/31/2022 05:09:00 PM,2022
CR00015396,12/14/2015 02:39:00 AM,45,CLEAR,DAYLIGHT,REAR TO FRONT,DIVIDED - W/MEDIAN BARRIER,TRAFFIC SIGNAL,IMPROPER OVERTAKING/PASSING,FAILING TO REDUCE SPEED,0,0,0,0,2,2,12,2024,CLARK ST,41.706215,-87.501702,12/14/2015 03:35:00 AM,2015
CR00015397,11/27/2021 05:31:00 PM,35,CLOUDY/OVERCAST,DAYLIGHT,TURNING,DIVIDED - W/MEDIAN BARRIER,NO CONTROLS,FAILING TO YIELD RIGHT-OF-WAY,IMPROPER LANE USAGE,0,0,0,0,17,7,11,486,OGDEN AVE,41.795497,-87.514511,11/27/2021 06:24:00 PM,2021