CRASH_RECORD_ID,CRASH_DATE,POSTED_SPEED_LIMIT,WEATHER_CONDITION,LIGHTING_CONDITION,FIRST_CRASH_TYPE,TRAFFICWAY_TYPE,TRAFFIC_CONTROL_DEVICE,PRIM_CONTRIBUTORY_CAUSE,SEC_CONTRIBUTORY_CAUSE,INJURIES_FATAL,INJURIES_INCAPACITATING,INJURIES_NON_INCAPACITATING,INJURIES_TOTAL,CRASH_HOUR,CRASH_DAY_OF_WEEK,CRASH_MONTH,BEAT_OF_OCCURRENCE,STREET_NAME,LATITUDE,LONGITUDE,DATE_POLICE_NOTIFIED,year
CR00015398,05/29/2020 05:58:00 PM,35,CLOUDY/OVERCAST,DARKNESS - LIGHTED ROAD,SIDESWIPE SAME DIRECTION,NOT DIVIDED,TRAFFIC SIGNAL,UNABLE TO DETERMINE,FAILING TO YIELD RIGHT-OF-WAY,0,0,0,0,17,6,5,862,DAMEN AVE,41.961438,-87.831695,05/29/2020 06:44:00 PM,2020
CR00015399,07/27/2023 09:35:00 PM,30,CLEAR,DAYLIGHT,REAR END,NOT DIVIDED,NO CONTROLS,UNABLE TO DETERMINE,UNABLE TO DETERMINE,0,0,0,0,21,5,7,1338,DAMEN AVE,41.734192,-87.553629,07/27/2023 09:39:00 PM,2023
CR00015400,02/08/2022 04:11:00 PM,30,CLEAR,DAYLIGHT,REAR END,DIVIDED - W/MEDIAN (NOT RAISED),TRAFFIC SIGNAL,DISTRACTION - FROM INSIDE VEHICLE,UNABLE TO DETERMINE,0,0,2,2,16,3,2,2467,OGDEN AVE,41.822067,-87.813761,02/08/2022 05:26:00 PM,2022
CR00015401,08/04/2024 06:24:00 PM,35,CLEAR,DAYLIGHT,TURNING,NOT DIVIDED,TRAFFIC SIGNAL,UNABLE TO DETERMINE,DRIVING SKILLS/KNOWLEDGE/EXPERIENCE,0,0,0,0,18,1,8,808,PULASKI RD,41.834462,-87.702481,08/04/2024 08:19:00 PM,2024
CR00015402,05/04/2020 03:52:00 PM,45,CLEAR,DAYLIGHT,ANGLE,NOT DIVIDED,STOP SIGN/FLASHER,FOLLOWING TOO CLOSELY,NOT APPLICABLE,0,0,0,0,15,2,5,2056,WESTERN AVE,41.940147,-87.682274,05/04/2020 04:30:00 PM,2020
CR00015403,01/14/2020 02:36:00 AM,40,CLEAR,DAYLIGHT,REAR END,DIVIDED - W/MEDIAN (NOT RAISED),STOP SIGN/FLASHER,UNABLE TO DETERMINE,UNABLE TO DETERMINE,0,0,0,0,2,3,1,2387,WESTERN AVE,41.983546,-87.820244,01/14/2020 03:07:00 AM,2020
CR00015404,01/29/2017 07:18:00 PM,15,SNOW,DAYLIGHT,REAR END,NOT DIVIDED,TRAFFIC SIGNAL,UNABLE TO DETERMINE,DISTRACTION - FROM INSIDE VEHICLE,0,0,0,0,19,1,1,1363,MILWAUKEE AVE,41.993072,-87.64315,01/29/2017 08:47:00 PM,2017
CR00015405,06/14/2018 08:25:00 PM,45,RAIN,DAYLIGHT,TURNING,DIVIDED - W/MEDIAN (NOT RAISED),PEDESTRIAN CROSSING SIGN,IMPROPER OVERTAKING/PASSING,UNABLE TO DETERMINE,0,0,0,0,20,5,6,2062,MILWAUKEE AVE,41.80229,-87.727234,06/14/2018 09:09:00 PM,2018
CR00015406,05/13/2023 08:19:00 PM,20,CLEAR,DARKNESS - LIGHTED ROAD,ANGLE,FOUR WAY,UNKNOWN,UNABLE TO DETERMINE,IMPROPER LANE USAGE,0,0,0,0,20,7,5,356,CICERO AVE,41.844282,-87.773406,05/13/2023 09:51:00 PM,2023
CR00015407,08/11/2019 06:04:00 PM,30,CLEAR,DAYLIGHT,PARKED MOTOR VEHICLE,ONE-WAY,NO CONTROLS,DISREGARDING TRAFFIC SIGNALS,UNABLE TO DETERMINE,0,0,0,0,18,1,8,1021,47TH ST,41.793441,-87.598222,08/11/2019 07:28:00 PM,2019
CR00015408,07/22/2024 05:06:00 PM,35,CLEAR,DAYLIGHT,TURNING,DIVIDED - W/MEDIAN BARRIER,NO CONTROLS,IMPROPER LANE USAGE,DISREGARDING TRAFFIC SIGNALS,0,0,0,0,17,2,7,2447,PULASKI RD,41.905948,-87.631515,07/22/2024 06:00:00 PM,2024
CR00015409,06/09/2022 08:15:00 PM,30,CLEAR,DAYLIGHT,PEDESTRIAN,NOT DIVIDED,UNKNOWN,IMPROPER OVERTAKING/PASSING,DISTRACTION - FROM INSIDE VEHICLE,0,0,0,0,20,5,6,2509,KEDZIE AVE,41.971952,-87.741974,06/09/2022 09:08:00 PM,2022
CR00015410,06/11/2020 01:01:00 PM,40,CLEAR,DAYLIGHT,REAR TO FRONT,NOT DIVIDED,TRAFFIC SIGNAL,DISTRACTION - FROM INSIDE VEHICLE,UNABLE TO DETERMINE,0,0,0,0,13,5,6,2425,ARCHER AVE,41.999237,-87.742781,06/11/2020 01:20:00 PM,2020
CR00015411,05/21/2022 05:49:00 AM,35,CLEAR,DAYLIGHT,REAR END,ONE-WAY,NO CONTROLS,UNABLE TO DETERMINE,FAILING TO REDUCE SPEED,0,1,1,2,5,7,5,2128,IRVING PARK RD,41.95166,-87.628006,05/21/2022 06:35:00 AM,2022
CR00015412,02/07/2024 11:15:00 AM,30,CLEAR,DAYLIGHT,REAR TO FRONT,DIVIDED - W/MEDIAN (NOT RAISED),NO CONTROLS,DRIVING SKILLS/KNOWLEDGE/EXPERIENCE,FAILING TO YIELD RIGHT-OF-WAY,0,0,0,0,11,4,2,806,HALSTED ST,41.980027,-87.764964,02/07/2024 11:35:00 AM,2024
CR00015413,07/22/2020 07:26:00 AM,30,CLEAR,DUSK,ANGLE,NOT DIVIDED,STOP SIGN/FLASHER,UNABLE TO DETERMINE,FOLLOWING TOO CLOSELY,0,0,0,0,7,4,7,436,OGDEN AVE,41.707318,-87.522014,07/22/2020 07:46:00 AM,2020
CR00015414,07/06/2015 10:01:00 AM,35,RAIN,DAYLIGHT,TURNING,NOT DIVIDED,NO CONTROLS,UNABLE TO DETERMINE,DISTRACTION - FROM INSIDE VEHICLE,0,0,0,0,10,2,7,680,ASHLAND AVE,41.837443,-87.772659,07/06/2015 11:17:00 AM,2015
CR00015415,09/25/2020 04:02:00 AM,20,CLOUDY/OVERCAST,DARKNESS - LIGHTED ROAD,ANGLE,FOUR WAY,NO CONTROLS,UNABLE TO DETERMINE,NOT APPLICABLE,0,0,0,0,4,6,9,2482,63RD ST,41.902688,-87.637846,09/25/2020 05:02:00 AM,2020
CR00015416,06/22/2017 10:02:00 AM,35,CLEAR,DAYLIGHT,SIDESWIPE SAME DIRECTION,NOT DIVIDED,NO CONTROLS,DISREGARDING TRAFFIC SIGNALS,UNABLE TO DETERMINE,0,0,1,1,10,5,6,1611,WESTERN AVE,41.979642,-87.812735,06/22/2017 11:20:00 AM,2017
CR00015417,04/17/2020 06:30:00 PM,45,CLEAR,DARKNESS - LIGHTED ROAD,REAR END,DIVIDED - W/MEDIAN (NOT RAISED),NO CONTROLS,FOLLOWING TOO CLOSELY,DRIVING SKILLS/KNOWLEDGE/EXPERIENCE,0,0,0,0,18,6,4,2090,WESTERN AVE,41.830479,-87.650573,04/17/2020 07:27:00 PM,2020
CR00015418,11/22/2015 04:00:00 AM,30,CLEAR,DARKNESS - LIGHTED ROAD,TURNING,DIVIDED - W/MEDIAN (NOT RAISED),NO CONTROLS,UNABLE TO DETERMINE,FAILING TO YIELD RIGHT-OF-WAY,0,0,0,0,4,1,11,433,STONY ISLAND AVE,41.95614,-87.772881,11/22/2015 04:18:00 AM,2015
CR00015419,06/14/2022 09:58:00 AM,40,RAIN,DAYLIGHT,TURNING,FOUR WAY,TRAFFIC SIGNAL,FOLLOWING TOO CLOSELY,DRIVING SKILLS/KNOWLEDGE/EXPERIENCE,0,1,1,2,9,3,6,1820,ROOSEVELT RD,41.918479,-87.700731,06/14/2022 11:02:00 AM,2022
CR00015420,10/22/2016 04:15:00 AM,20,CLEAR,DARKNESS - LIGHTED ROAD,REAR END,NOT DIVIDED,STOP SIGN/FLASHER,DRIVING SKILLS/KNOWLEDGE/EXPERIENCE,UNABLE TO DETERMINE,0,0,0,0,4,7,10,948,ROOSEVELT RD,41.871578,-87.628864,10/22/2016 05:26:00 AM,2016
CR00015421,08/25/2019 06:54:00 AM,45,CLEAR,DARKNESS - LIGHTED ROAD,REAR TO FRONT,NOT DIVIDED,NO CONTROLS,IMPROPER OVERTAKING/PASSING,FOLLOWING TOO CLOSELY,0,0,0,0,6,1,8,216,ROOSEVELT RD,41.871986,-87.824009,08/25/2019 07:18:00 AM,2019
CR00015422,02/03/2022 05:30:00 PM,20,CLEAR,DARKNESS - LIGHTED ROAD,REAR END,NOT DIVIDED,STOP SIGN/FLASHER,IMPROPER LANE USAGE,FAILING TO YIELD RIGHT-OF-WAY,0,0,0,0,17,5,2,2125,63RD ST,41.77221,-87.806677,02/03/2022 06:29:00 PM,2022
CR00015423,02/24/2020 04:25:00 PM,35,RAIN,DAYLIGHT,PARKED MOTOR VEHICLE,NOT DIVIDED,STOP SIGN/FLASHER,WEATHER,DRIVING SKILLS/KNOWLEDGE/EXPERIENCE,0,0,0,0,16,2,2,1310,MICHIGAN AVE,41.763643,-87.611793,02/24/2020 05:14:00 PM,2020
CR00015424,05/30/2015 08:03:00 AM,25,RAIN,DAYLIGHT,REAR END,NOT DIVIDED,NO CONTROLS,FAILING TO YIELD RIGHT-OF-WAY,IMPROPER OVERTAKING/PASSING,0,0,0,0,8,7,5,1457,ARCHER AVE,41.890072,-87.550288,05/30/2015 08:36:00 AM,2015
CR00015425,02/24/2021 07:47:00 AM,35,CLEAR,DAYLIGHT,TURNING,DIVIDED - W/MEDIAN (NOT RAISED),NO CONTROLS,DISTRACTION - FROM INSIDE VEHICLE,NOT APPLICABLE,0,0,0,0,7,4,2,1444,CLARK ST,41.945522,-87.750649,02/24/2021 09:31:00 AM,2021
CR00015426,02/28/2019 10:31:00 AM,35,CLEAR,DUSK,SIDESWIPE SAME DIRECTION,NOT DIVIDED,STOP SIGN/FLASHER,DISREGARDING TRAFFIC SIGNALS,DISTRACTION - FROM INSIDE VEHICLE,0,0,0,0,10,5,2,990,BROADWAY,41.780285,-87.585205,02/28/2019 12:12:00 PM,2019
CR00015427,11/15/2019 08:54:00 PM,20,RAIN,DAYLIGHT,REAR END,NOT DIVIDED,TRAFFIC SIGNAL,FAILING TO YIELD RIGHT-OF-WAY,UNABLE TO DETERMINE,0,0,1,1,20,6,11,1071,CICERO AVE,41.748997,-87.639789,11/15/2019 09:25:00 PM,2019
CR00015428,03/24/2023 11:13:00 AM,35,CLEAR,DAYLIGHT,REAR END,FOUR WAY,TRAFFIC SIGNAL,UNABLE TO DETERMINE,IMPROPER OVERTAKING/PASSING,0,0,0,0,11,6,3,878,LAKE SHORE DR,41.939933,-87.500491,03/24/2023 12:58:00 PM,2023
CR00015429,09/15/2020 08:25:00 AM,30,CLEAR,DAYLIGHT,SIDESWIPE SAME DIRECTION,NOT DIVIDED,NO CONTROLS,UNABLE TO DETERMINE,IMPROPER OVERTAKING/PASSING,0,0,0,0,8,3,9,2426,DAMEN AVE,41.802299,-87.812891,09/15/2020 09:46:00 AM,2020
CR00015430,11/24/2021 10:09:00 AM,25,CLEAR,DARKNESS,REAR END,T-INTERSECTION,PEDESTRIAN CROSSING SIGN,FAILING TO YIELD RIGHT-OF-WAY,IMPROPER LANE USAGE,0,0,0,0,10,4,11,966,MILWAUKEE AVE,41.964448,-87.802708,11/24/2021 10:50:00 AM,2021
CR00015431,03/24/2017 01:06:00 AM,30,CLEAR,DAYLIGHT,REAR TO FRONT,DIVIDED - W/MEDIAN BARRIER,TRAFFIC SIGNAL,FOLLOWING TOO CLOSELY,FOLLOWING TOO CLOSELY,0,1,3,4,1,6,3,1087,ASHLAND AVE,41.995793,-87.684336,03/24/2017 01:48:00 AM,2017
CR00015432,04/11/2022 12:10:00 AM,15,CLEAR,DAYLIGHT,SIDESWIPE SAME DIRECTION,NOT DIVIDED,NO CONTROLS,FOLLOWING TOO CLOSELY,WEATHER,0,0,0,0,0,2,4,1350,CLARK ST,41.819896,-87.83718,04/11/2022 01:14:00 AM,2022
CR00015433,03/31/2020 07:52:00 AM,35,CLOUDY/OVERCAST,DAYLIGHT,TURNING,DIVIDED - W/MEDIAN (NOT RAISED),NO CONTROLS,IMPROPER LANE USAGE,UNABLE TO DETERMINE,0,0,0,0,7,3,3,1434,DIVISION ST,41.96773,-87.777441,03/31/2020 09:29:00 AM,2020
CR00015434,01/12/2018 08:45:00 AM,35,CLOUDY/OVERCAST,DAYLIGHT,REAR END,ONE-WAY,STOP SIGN/FLASHER,IMPROPER LANE USAGE,DISTRACTION - FROM INSIDE VEHICLE,0,0,0,0,8,6,1,1626,MICHIGAN AVE,41.762864,-87.78652,01/12/2018 10:40:00 AM,2018
CR00015435,08/26/2021 07:05:00 PM,30,CLEAR,DARKNESS - LIGHTED ROAD,TURNING,DIVIDED - W/MEDIAN (NOT RAISED),STOP SIGN/FLASHER,DRIVING SKILLS/KNOWLEDGE/EXPERIENCE,UNABLE TO DETERMINE,0,0,0,0,19,5,8,177,79TH ST,41.839461,-87.668717,08/26/2021 08:15:00 PM,2021
CR00015436,11/13/2020 02:13:00 PM,30,CLEAR,DARKNESS - LIGHTED ROAD,FIXED OBJECT,ONE-WAY,TRAFFIC SIGNAL,DRIVING SKILLS/KNOWLEDGE/EXPERIENCE,FAILING TO REDUCE SPEED,0,2,3,5,14,6,11,231,CLARK ST,41.843748,-87.703408,11/13/2020 04:02:00 PM,2020
CR00015437,11/21/2016 05:02:00 PM,30,CLEAR,DARKNESS - LIGHTED ROAD,SIDESWIPE SAME DIRECTION,NOT DIVIDED,TRAFFIC SIGNAL,DISREGARDING TRAFFIC SIGNALS,UNABLE TO DETERMINE,0,0,0,0,17,2,11,2449,FULLERTON AVE,41.97817,-87.808261,11/21/2016 06:53:00 PM,2016
CR00015438,12/08/2018 03:33:00 AM,30,CLEAR,DAYLIGHT,REAR TO FRONT,DIVIDED - W/MEDIAN (NOT RAISED),NO CONTROLS,FAILING TO REDUCE SPEED,FOLLOWING TOO CLOSELY,0,0,0,0,3,7,12,1321,STATE ST,41.956957,-87.698085,12/08/2018 05:04:00 AM,2018
CR00015439,09/12/2015 03:25:00 AM,25,CLEAR,DAYLIGHT,REAR END,DIVIDED - W/MEDIAN BARRIER,STOP SIGN/FLASHER,FAILING TO REDUCE SPEED,NOT APPLICABLE,0,0,0,0,3,7,9,2169,ARCHER AVE,41.991848,-87.759045,09/12/2015 04:09:00 AM,2015
CR00015440,06/25/2022 06:26:00 PM,25,CLEAR,DUSK,TURNING,NOT DIVIDED,NO CONTROLS,FAILING TO YIELD RIGHT-OF-WAY,DRIVING SKILLS/KNOWLEDGE/EXPERIENCE,0,0,0,0,18,7,6,2156,IRVING PARK RD,41.929944,-87.615844,06/25/2022 08:17:00 PM,2022
CR00015441,11/26/2017 11:11:00 AM,45,SNOW,DARKNESS - LIGHTED ROAD,TURNING,FOUR WAY,TRAFFIC SIGNAL,FAILING TO YIELD RIGHT-OF-WAY,IMPROPER OVERTAKING/PASSING,0,0,0,0,11,1,11,652,ROOSEVELT RD,41.958434,-87.752827,11/26/2017 12:13:00 PM,2017
CR00015442,04/17/2022 07:45:00 AM,15,CLEAR,DAYLIGHT,SIDESWIPE SAME DIRECTION,DIVIDED - W/MEDIAN (NOT RAISED),NO CONTROLS,DRIVING SKILLS/KNOWLEDGE/EXPERIENCE,IMPROPER LANE USAGE,0,0,0,0,7,1,4,176,CICERO AVE,41.897016,-87.838873,04/17/2022 09:32:00 AM,2022
CR00015443,03/09/2019 10:18:00 AM,30,RAIN,DAYLIGHT,ANGLE,DIVIDED - W/MEDIAN (NOT RAISED),STOP SIGN/FLASHER,DRIVING SKILLS/KNOWLEDGE/EXPERIENCE,IMPROPER LANE USAGE,0,0,0,0,10,7,3,1469,MILWAUKEE AVE,41.941874,-87.645641,03/09/2019 11:05:00 AM,2019
CR00015444,01/26/2017 05:55:00 AM,30,CLEAR,DAYLIGHT,ANGLE,NOT DIVIDED,NO CONTROLS,FAILING TO YIELD RIGHT-OF-WAY,UNABLE TO DETERMINE,0,1,3,4,5,5,1,679,WESTERN AVE,41.857916,-87.590928,01/26/2017 07:32:00 AM,2017
CR00015445,01/29/2022 07:02:00 PM,20,CLEAR,DARKNESS - LIGHTED ROAD,TURNING,NOT DIVIDED,NO CONTROLS,UNABLE TO DETERMINE,NOT APPLICABLE,0,0,0,0,19,7,1,1973,FULLERTON AVE,41.85538,-87.704833,01/29/2022 09:01:00 PM,2022
CR00015446,02/13/2017 02:39:00 PM,35,SNOW,DAYLIGHT,REAR END,T-INTERSECTION,TRAFFIC SIGNAL,UNABLE TO DETERMINE,FAILING TO YIELD RIGHT-OF-WAY,0,0,0,0,14,2,2,2475,ROOSEVELT RD,41.769973,-87.680962,02/13/2017 02:42:00 PM,2017
CR00015447,03/21/2024 07:11:00 PM,40,CLEAR,DAYLIGHT,REAR END,ONE-WAY,NO CONTROLS,DISREGARDING TRAFFIC SIGNALS,DISTRACTION - FROM INSIDE VEHICLE,0,0,0,0,19,5,3,1531,MICHIGAN AVE,41.744254,-87.793561,03/21/2024 08:18:00 PM,2024
CR00015448,11/20/2023 02:32:00 PM,40,SNOW,DARKNESS - LIGHTED ROAD,REAR END,ONE-WAY,NO CONTROLS,FAILING TO YIELD RIGHT-OF-WAY,NOT APPLICABLE,0,1,1,2,14,2,11,1087,ASHLAND AVE,41.94836,-87.762747,11/20/2023 04:25:00 PM,2023
CR00015449,10/11/2016 05:27:00 PM,30,CLEAR,DAYLIGHT,FIXED OBJECT,T-INTERSECTION,PEDESTRIAN CROSSING SIGN,UNABLE TO DETERMINE,FAILING TO REDUCE SPEED,0,0,0,0,17,3,10,2342,STONY ISLAND AVE,41.732529,-87.513072,10/11/2016 06:50:00 PM,2016
CR00015450,07/31/2022 03:57:00 PM,20,CLEAR,DAYLIGHT,REAR END,ONE-WAY,TRAFFIC SIGNAL,UNABLE TO DETERMINE,FAILING TO YIELD RIGHT-OF-WAY,0,1,1,2,15,1,7,1768,DAMEN AVE,41.700179,-87.715705,07/31/2022 04:10:00 PM,2022
CR00015451,11/21/2024 05:29:00 PM,30,CLOUDY/OVERCAST,DAYLIGHT,REAR END,NOT DIVIDED,TRAFFIC SIGNAL,UNABLE TO DETERMINE,NOT APPLICABLE,0,0,0,0,17,5,11,267,PULASKI RD,41.783747,-87.821488,11/21/2024 06:20:00 PM,2024
CR00015452,10/08/2017 11:18:00 AM,25,RAIN,DAYLIGHT,PEDESTRIAN,NOT DIVIDED,TRAFFIC SIGNAL,DISTRACTION - FROM INSIDE VEHICLE,FOLLOWING TOO CLOSELY,0,0,0,0,11,1,10,222,ARCHER AVE,41.991231,-87.67641,10/08/2017 11:32:00 AM,2017
CR00015453,08/14/2015 11:56:00 AM,40,CLEAR,DAYLIGHT,ANGLE,DIVIDED - W/MEDIAN BARRIER,UNKNOWN,DISREGARDING TRAFFIC SIGNALS,UNABLE TO DETERMINE,0,0,0,0,11,6,8,362,ASHLAND AVE,41.718759,-87.613054,08/14/2015 12:55:00 PM,2015
CR00015454,06/20/2016 04:08:00 AM,20,CLEAR,DAYLIGHT,SIDESWIPE SAME DIRECTION,DIVIDED - W/MEDIAN (NOT RAISED),TRAFFIC SIGNAL,UNABLE TO DETERMINE,IMPROPER OVERTAKING/PASSING,0,0,1,1,4,2,6,411,ROOSEVELT RD,41.786625,-87.655126,06/20/2016 06:04:00 AM,2016
CR00015455,11/27/2018 09:18:00 PM,35,CLEAR,DAYLIGHT,TURNING,NOT DIVIDED,TRAFFIC SIGNAL,FOLLOWING TOO CLOSELY,UNABLE TO DETERMINE,0,0,0,0,21,3,11,2015,IRVING PARK RD,41.830776,-87.589569,11/27/2018 10:30:00 PM,2018
CR00015456,05/18/2022 02:03:00 AM,45,CLEAR,DAYLIGHT,PARKED MOTOR VEHICLE,DIVIDED - W/MEDIAN (NOT RAISED),NO CONTROLS,FOLLOWING TOO CLOSELY,UNABLE TO DETERMINE,0,0,2,2,2,4,5,1947,PULASKI RD,41.706821,-87.789993,05/18/2022 04:03:00 AM,2022
CR00015457,12/05/2019 05:34:00 PM,45,CLOUDY/OVERCAST,DARKNESS - LIGHTED ROAD,PARKED MOTOR VEHICLE,NOT DIVIDED,TRAFFIC SIGNAL,DRIVING SKILLS/KNOWLEDGE/EXPERIENCE,FAILING TO YIELD RIGHT-OF-WAY,0,0,0,0,17,5,12,1876,MICHIGAN AVE,41.877797,-87.732725,12/05/2019 06:32:00 PM,2019
CR00015458,12/31/2021 08:44:00 AM,30,CLEAR,DAYLIGHT,REAR END,FOUR WAY,TRAFFIC SIGNAL,FOLLOWING TOO CLOSELY,UNABLE TO DETERMINE,0,0,0,0,8,6,12,1365,PULASKI RD,41.89876,-87.527717,12/31/2021 09:23:00 AM,2021
CR00015459,02/09/2018 07:40:00 AM,30,CLEAR,DARKNESS - LIGHTED ROAD,REAR END,DIVIDED - W/MEDIAN BARRIER,NO CONTROLS,DISTRACTION - FROM INSIDE VEHICLE,UNABLE TO DETERMINE,0,0,0,0,7,6,2,1534,STATE ST,41.925564,-87.564662,02/09/2018 08:37:00 AM,2018
CR00015460,07/11/2020 11:40:00 AM,25,CLOUDY/OVERCAST,DARKNESS - LIGHTED ROAD,REAR END,NOT DIVIDED,NO CONTROLS,UNABLE TO DETERMINE,FAILING TO YIELD RIGHT-OF-WAY,0,0,0,0,11,7,7,913,FULLERTON AVE,41.950992,-87.735652,07/11/2020 12:43:00 PM,2020
CR00015461,04/09/2022 02:50:00 PM,30,CLEAR,DARKNESS - LIGHTED ROAD,REAR END,DIVIDED - W/MEDIAN BARRIER,TRAFFIC SIGNAL,DISREGARDING TRAFFIC SIGNALS,DRIVING SKILLS/KNOWLEDGE/EXPERIENCE,0,0,0,0,14,7,4,2055,47TH ST,41.947014,-87.699908,04/09/2022 04:32:00 PM,2022
CR00015462,06/21/2018 04:05:00 AM,25,CLOUDY/OVERCAST,DAYLIGHT,ANGLE,NOT DIVIDED,TRAFFIC SIGNAL,UNABLE TO DETERMINE,FAILING TO YIELD RIGHT-OF-WAY,0,0,0,0,4,5,6,1060,STONY ISLAND AVE,41.894432,-87.56726,06/21/2018 04:46:00 AM,2018
CR00015463,07/27/2015 08:03:00 PM,45,CLEAR,DAYLIGHT,ANGLE,NOT DIVIDED,TRAFFIC SIGNAL,UNABLE TO DETERMINE,NOT APPLICABLE,0,0,0,0,20,2,7,1778,KEDZIE AVE,41.766749,-87.634216,07/27/2015 09:31:00 PM,2015
CR00015464,09/29/2018 08:47:00 AM,35,CLEAR,DAYLIGHT,REAR END,ONE-WAY,STOP SIGN/FLASHER,DRIVING SKILLS/KNOWLEDGE/EXPERIENCE,IMPROPER OVERTAKING/PASSING,0,0,0,0,8,7,9,783,LAKE SHORE DR,41.852706,-87.55108,09/29/2018 09:29:00 AM,2018
CR00015465,11/18/2023 12:06:00 PM,20,RAIN,DARKNESS,TURNING,DIVIDED - W/MEDIAN BARRIER,NO CONTROLS,DISREGARDING TRAFFIC SIGNALS,DISTRACTION - FROM INSIDE VEHICLE,0,0,0,0,12,7,11,1588,IRVING PARK RD,41.907428,-87.657264,11/18/2023 01:48:00 PM,2023
CR00015466,10/16/2015 04:46:00 PM,15,CLEAR,DUSK,PARKED MOTOR VEHICLE,NOT DIVIDED,NO CONTROLS,FOLLOWING TOO CLOSELY,FAILING TO YIELD RIGHT-OF-WAY,0,0,0,0,16,6,10,1956,47TH ST,41.70349,-87.833899,10/16/2015 05:15:00 PM,2015
CR00015467,03/19/2023 06:43:00 PM,40,CLEAR,DAYLIGHT,REAR END,FOUR WAY,TRAFFIC SIGNAL,UNABLE TO DETERMINE,NOT APPLICABLE,0,0,0,0,18,1,3,829,47TH ST,41.845708,-87.630227,03/19/2023 07:18:00 PM,2023
CR00015468,03/04/2018 01:42:00 PM,40,CLEAR,DARKNESS,REAR END,NOT DIVIDED,NO CONTROLS,FAILING TO REDUCE SPEED,DRIVING SKILLS/KNOWLEDGE/EXPERIENCE,0,0,1,1,13,1,3,643,ELSTON AVE,41.717353,-87.560693,03/04/2018 02:01:00 PM,2018
CR00015469,05/16/2022 09:55:00 AM,20,RAIN,DUSK,TURNING,NOT DIVIDED,TRAFFIC SIGNAL,IMPROPER LANE USAGE,NOT APPLICABLE,0,0,0,0,9,2,5,1508,PULASKI RD,41.809541,-87.599127,05/16/2022 10:36:00 AM,2022
CR00015470,06/05/2017 06:02:00 PM,30,CLEAR,DAYLIGHT,REAR END,ONE-WAY,TRAFFIC SIGNAL,WEATHER,UNABLE TO DETERMINE,0,0,1,1,18,2,6,2460,STONY ISLAND AVE,41.848127,-87.699702,06/05/2017 07:41:00 PM,2017
CR00015471,08/20/2023 06:41:00 PM,35,CLEAR,DAYLIGHT,REAR TO FRONT,NOT DIVIDED,UNKNOWN,UNABLE TO DETERMINE,UNABLE TO DETERMINE,0,0,0,0,18,1,8,839,FULLERTON AVE,41.88426,-87.658701,08/20/2023 08:10:00 PM,2023
CR00015472,09/09/2018 08:14:00 PM,35,CLEAR,DAWN,ANGLE,T-INTERSECTION,NO CONTROLS,FAILING TO REDUCE SPEED,NOT APPLICABLE,0,0,0,0,20,1,9,1228,KEDZIE AVE,41.753571,-87.726607,09/09/2018 08:33:00 PM,2018
CR00015473,03/08/2024 06:05:00 PM,30,CLEAR,DARKNESS - LIGHTED ROAD,SIDESWIPE SAME DIRECTION,DIVIDED - W/MEDIAN (NOT RAISED),STOP SIGN/FLASHER,UNABLE TO DETERMINE,UNABLE TO DETERMINE,0,0,0,0,18,6,3,615,WESTERN AVE,41.913433,-87.550017,03/08/2024 07:40:00 PM,2024
CR00015474,04/10/2015 09:09:00 AM,25,CLEAR,DARKNESS,REAR END,DIVIDED - W/MEDIAN (NOT RAISED),NO CONTROLS,DISTRACTION - FROM INSIDE VEHICLE,FOLLOWING TOO CLOSELY,0,0,0,0,9,6,4,2512,63RD ST,41.816356,-87.636529,04/10/2015 11:05:00 AM,2015
CR00015475,02/25/2022 04:37:00 PM,30,RAIN,DUSK,REAR END,ONE-WAY,TRAFFIC SIGNAL,FOLLOWING TOO CLOSELY,NOT APPLICABLE,0,0,0,0,16,6,2,978,HALSTED ST,41.88912,-87.643707,02/25/2022 06:04:00 PM,2022
CR00015476,01/30/2019 10:13:00 AM,45,SNOW,DAYLIGHT,REAR TO FRONT,ONE-WAY,TRAFFIC SIGNAL,DRIVING SKILLS/KNOWLEDGE/EXPERIENCE,UNABLE TO DETERMINE,0,0,0,0,10,4,1,2456,CALIFORNIA AVE,41.967459,-87.698228,01/30/2019 11:17:00 AM,2019
CR00015477,09/06/2022 01:52:00 AM,25,SNOW,DAYLIGHT,FIXED OBJECT,DIVIDED - W/MEDIAN BARRIER,TRAFFIC SIGNAL,FOLLOWING TOO CLOSELY,IMPROPER OVERTAKING/PASSING,0,0,0,0,1,3,9,227,ROOSEVELT RD,41.83676,-87.776609,09/06/2022 02:58:00 AM,2022
CR00015478,12/08/2017 02:20:00 PM,45,FREEZING RAIN/DRIZZLE,DAYLIGHT,PARKED MOTOR VEHICLE,DIVIDED - W/MEDIAN (NOT RAISED),TRAFFIC SIGNAL,FAILING TO REDUCE SPEED,FAILING TO REDUCE SPEED,0,0,0,0,14,6,12,660,ROOSEVELT RD,41.921927,-87.80234,12/08/2017 03:59:00 PM,2017
CR00015479,11/18/2023 05:55:00 PM,40,RAIN,DAYLIGHT,REAR END,NOT DIVIDED,YIELD,FAILING TO REDUCE SPEED,WEATHER,0,0,0,0,17,7,11,982,WESTERN AVE,41.829907,-87.83419,11/18/2023 07:46:00 PM,2023
CR00015480,09/10/2016 12:35:00 PM,45,CLOUDY/OVERCAST,DAYLIGHT,ANGLE,T-INTERSECTION,TRAFFIC SIGNAL,DRIVING SKILLS/KNOWLEDGE/EXPERIENCE,UNABLE TO DETERMINE,0,0,0,0,12,7,9,1139,ROOSEVELT RD,41.866852,-87.69908,09/10/2016 02:22:00 PM,2016