CRASH_RECORD_ID,CRASH_DATE,POSTED_SPEED_LIMIT,WEATHER_CONDITION,LIGHTING_CONDITION,FIRST_CRASH_TYPE,TRAFFICWAY_TYPE,TRAFFIC_CONTROL_DEVICE,PRIM_CONTRIBUTORY_CAUSE,SEC_CONTRIBUTORY_CAUSE,INJURIES_FATAL,INJURIES_INCAPACITATING,INJURIES_NON_INCAPACITATING,INJURIES_TOTAL,CRASH_HOUR,CRASH_DAY_OF_WEEK,CRASH_MONTH,BEAT_OF_OCCURRENCE,STREET_NAME,LATITUDE,LONGITUDE,DATE_POLICE_NOTIFIED,year
CR00015481,08/12/2018 01:38:00 PM,35,CLEAR,DUSK,ANGLE,DIVIDED - W/MEDIAN (NOT RAISED),NO CONTROLS,FAILING TO YIELD RIGHT-OF-WAY,IMPROPER OVERTAKING/PASSING,0,0,0,0,13,1,8,1543,47TH ST,41.751904,-87.782531,08/12/2018 02:59:00 PM,2018
CR00015482,08/03/2022 05:10:00 PM,15,CLOUDY/OVERCAST,DAYLIGHT,REAR END,NOT DIVIDED,TRAFFIC SIGNAL,DISREGARDING TRAFFIC SIGNALS,FOLLOWING TOO CLOSELY,0,0,0,0,17,4,8,419,BROADWAY,41.797458,-87.512537,08/03/2022 06:42:00 PM,2022
CR00015483,07/03/2016 07:30:00 AM,45,CLEAR,DARKNESS - LIGHTED ROAD,SIDESWIPE SAME DIRECTION,NOT DIVIDED,UNKNOWN,DISTRACTION - FROM INSIDE VEHICLE,NOT APPLICABLE,0,1,1,2,7,1,7,1664,ASHLAND AVE,41.785723,-87.807327,07/03/2016 08:54:00 AM,2016
CR00015484,02/23/2021 05:41:00 PM,35,CLEAR,DARKNESS,SIDESWIPE SAME DIRECTION,NOT DIVIDED,TRAFFIC SIGNAL,DRIVING SKILLS/KNOWLEDGE/EXPERIENCE,DRIVING SKILLS/KNOWLEDGE/EXPERIENCE,0,0,0,0,17,3,2,415,CICERO AVE,41.826176,-87.715959,02/23/2021 06:22:00 PM,2021
CR00015485,01/28/2024 10:03:00 AM,35,CLEAR,DAYLIGHT,TURNING,ONE-WAY,YIELD,UNABLE TO DETERMINE,FOLLOWING TOO CLOSELY,0,0,0,0,10,1,1,1345,LAKE SHORE DR,41.990351,-87.740053,01/28/2024 11:24:00 AM,2024
CR00015486,01/03/2020 05:26:00 PM,35,CLEAR,DAYLIGHT,SIDESWIPE SAME DIRECTION,FOUR WAY,NO CONTROLS,WEATHER,UNABLE TO DETERMINE,0,0,0,0,17,6,1,2286,63RD ST,41.859568,-87.503416,01/03/2020 06:21:00 PM,2020
CR00015487,08/19/2020 07:01:00 AM,30,RAIN,DAYLIGHT,REAR END,DIVIDED - W/MEDIAN (NOT RAISED),NO CONTROLS,FOLLOWING TOO CLOSELY,NOT APPLICABLE,0,1,0,1,7,4,8,1947,FULLERTON AVE,41.849625,-87.61962,08/19/2020 07:22:00 AM,2020
CR00015488,01/16/2023 07:06:00 PM,30,RAIN,DAYLIGHT,REAR END,NOT DIVIDED,UNKNOWN,FAILING TO REDUCE SPEED,DRIVING SKILLS/KNOWLEDGE/EXPERIENCE,0,0,0,0,19,2,1,762,47TH ST,41.908272,-87.602835,01/16/2023 08:33:00 PM,2023
CR00015489,06/01/2021 11:50:00 AM,40,CLEAR,DAYLIGHT,REAR END,DIVIDED - W/MEDIAN (NOT RAISED),NO CONTROLS,DRIVING SKILLS/KNOWLEDGE/EXPERIENCE,DISREGARDING TRAFFIC SIGNALS,0,0,1,1,11,3,6,1753,CLARK ST,41.845956,-87.813457,06/01/2021 12:20:00 PM,2021
CR00015490,09/09/2019 08:39:00 AM,20,CLEAR,DARKNESS - LIGHTED ROAD,REAR END,NOT DIVIDED,NO CONTROLS,FAILING TO YIELD RIGHT-OF-WAY,FOLLOWING TOO CLOSELY,0,0,0,0,8,2,9,549,CLARK ST,41.793168,-87.758054,09/09/2019 08:56:00 AM,2019
CR00015491,04/05/2024 04:10:00 PM,15,RAIN,DARKNESS - LIGHTED ROAD,TURNING,DIVIDED - W/MEDIAN (NOT RAISED),NO CONTROLS,FAILING TO YIELD RIGHT-OF-WAY,NOT APPLICABLE,0,0,1,1,16,6,4,2089,CLARK ST,41.848888,-87.78718,04/05/2024 05:41:00 PM,2024
CR00015492,04/20/2024 06:48:00 PM,30,CLEAR,DAYLIGHT,REAR TO FRONT,FOUR WAY,STOP SIGN/FLASHER,UNABLE TO DETERMINE,DRIVING SKILLS/KNOWLEDGE/EXPERIENCE,0,0,0,0,18,7,4,1378,ARCHER AVE,41.700084,-87.581356,04/20/2024 08:09:00 PM,2024
CR00015493,02/23/2021 07:13:00 AM,30,CLEAR,DAYLIGHT,FIXED OBJECT,ONE-WAY,NO CONTROLS,UNABLE TO DETERMINE,FAILING TO YIELD RIGHT-OF-WAY,0,0,0,0,7,3,2,233,DIVISION ST,41.938023,-87.778546,02/23/2021 09:07:00 AM,2021
CR00015494,07/31/2022 09:36:00 AM,20,CLEAR,DAYLIGHT,SIDESWIPE SAME DIRECTION,T-INTERSECTION,UNKNOWN,UNABLE TO DETERMINE,DRIVING SKILLS/KNOWLEDGE/EXPERIENCE,0,0,0,0,9,1,7,1568,CICERO AVE,41.954567,-87.778372,07/31/2022 10:17:00 AM,2022
CR00015495,07/05/2019 08:31:00 AM,30,CLEAR,DUSK,PARKED MOTOR VEHICLE,NOT DIVIDED,NO CONTROLS,DRIVING SKILLS/KNOWLEDGE/EXPERIENCE,NOT APPLICABLE,0,0,0,0,8,6,7,313,DIVISION ST,41.841037,-87.653671,07/05/2019 10:18:00 AM,2019
CR00015496,08/20/2016 11:47:00 PM,30,SNOW,DAYLIGHT,SIDESWIPE SAME DIRECTION,DIVIDED - W/MEDIAN BARRIER,STOP SIGN/FLASHER,UNABLE TO DETERMINE,FOLLOWING TOO CLOSELY,0,0,0,0,23,7,8,368,FULLERTON AVE,41.747063,-87.662074,08/21/2016 01:25:00 AM,2016
CR00015497,04/16/2019 07:53:00 AM,30,CLEAR,DAYLIGHT,PARKED MOTOR VEHICLE,DIVIDED - W/MEDIAN (NOT RAISED),TRAFFIC SIGNAL,UNABLE TO DETERMINE,FAILING TO YIELD RIGHT-OF-WAY,0,0,0,0,7,3,4,1809,ROOSEVELT RD,41.929711,-87.804334,04/16/2019 08:26:00 AM,2019
CR00015498,07/16/2022 06:34:00 PM,35,CLOUDY/OVERCAST,DARKNESS - LIGHTED ROAD,REAR END,ONE-WAY,NO CONTROLS,DISTRACTION - FROM INSIDE VEHICLE,WEATHER,0,0,1,1,18,7,7,837,BROADWAY,41.706186,-87.796238,07/16/2022 06:54:00 PM,2022
CR00015499,04/10/2024 02:36:00 PM,40,CLEAR,DAYLIGHT,REAR TO FRONT,T-INTERSECTION,NO CONTROLS,IMPROPER LANE USAGE,UNABLE TO DETERMINE,0,0,0,0,14,4,4,1156,63RD ST,41.818945,-87.666197,04/10/2024 04:21:00 PM,2024
CR00015500,08/07/2024 09:14:00 AM,15,CLEAR,DAYLIGHT,REAR END,NOT DIVIDED,TRAFFIC SIGNAL,IMPROPER OVERTAKING/PASSING,FAILING TO REDUCE SPEED,0,0,0,0,9,4,8,362,BROADWAY,41.972001,-87.820639,08/07/2024 10:53:00 AM,2024
CR00015501,01/22/2023 10:10:00 PM,30,CLEAR,DARKNESS - LIGHTED ROAD,SIDESWIPE SAME DIRECTION,FOUR WAY,NO CONTROLS,FAILING TO YIELD RIGHT-OF-WAY,UNABLE TO DETERMINE,0,0,0,0,22,1,1,908,79TH ST,41.96179,-87.659436,01/22/2023 10:35:00 PM,2023
CR00015502,06/02/2017 01:43:00 PM,45,RAIN,DARKNESS - LIGHTED ROAD,REAR END,DIVIDED - W/MEDIAN (NOT RAISED),PEDESTRIAN CROSSING SIGN,UNABLE TO DETERMINE,UNABLE TO DETERMINE,0,0,0,0,13,6,6,1350,DAMEN AVE,41.877398,-87.516239,06/02/2017 02:54:00 PM,2017
CR00015503,04/18/2020 07:51:00 AM,25,RAIN,DAYLIGHT,REAR END,DIVIDED - W/MEDIAN (NOT RAISED),STOP SIGN/FLASHER,FOLLOWING TOO CLOSELY,FAILING TO YIELD RIGHT-OF-WAY,0,0,0,0,7,7,4,548,WESTERN AVE,41.922782,-87.507194,04/18/2020 09:02:00 AM,2020
CR00015504,12/29/2021 05:18:00 PM,15,CLEAR,DARKNESS - LIGHTED ROAD,REAR END,DIVIDED - W/MEDIAN (NOT RAISED),TRAFFIC SIGNAL,FAILING TO REDUCE SPEED,FAILING TO YIELD RIGHT-OF-WAY,0,0,0,0,17,4,12,1706,MILWAUKEE AVE,41.931977,-87.504643,12/29/2021 05:41:00 PM,2021
CR00015505,01/03/2016 09:44:00 AM,30,FOG/SMOKE/HAZE,DARKNESS - LIGHTED ROAD,SIDESWIPE SAME DIRECTION,ONE-WAY,NO CONTROLS,DISREGARDING TRAFFIC SIGNALS,UNABLE TO DETERMINE,0,0,0,0,9,1,1,1664,WESTERN AVE,41.727892,-87.757646,01/03/2016 10:32:00 AM,2016
CR00015506,08/09/2015 02:22:00 PM,30,CLEAR,DARKNESS - LIGHTED ROAD,TURNING,ONE-WAY,NO CONTROLS,DISTRACTION - FROM INSIDE VEHICLE,UNABLE TO DETERMINE,0,0,0,0,14,1,8,1105,ARCHER AVE,41.935451,-87.701081,08/09/2015 03:16:00 PM,2015
CR00015507,10/06/2021 08:16:00 PM,35,CLEAR,DAYLIGHT,REAR END,DIVIDED - W/MEDIAN (NOT RAISED),TRAFFIC SIGNAL,FAILING TO YIELD RIGHT-OF-WAY,UNABLE TO DETERMINE,0,0,0,0,20,4,10,410,HALSTED ST,41.869347,-87.534651,10/06/2021 09:59:00 PM,2021
CR00015508,07/25/2016 06:31:00 PM,30,CLEAR,DAYLIGHT,ANGLE,DIVIDED - W/MEDIAN (NOT RAISED),NO CONTROLS,DRIVING SKILLS/KNOWLEDGE/EXPERIENCE,DISREGARDING TRAFFIC SIGNALS,0,0,0,0,18,2,7,938,CICERO AVE,41.94265,-87.821226,07/25/2016 07:35:00 PM,2016
CR00015509,02/20/2016 05:44:00 PM,30,CLEAR,DAYLIGHT,FIXED OBJECT,ONE-WAY,NO CONTROLS,FAILING TO YIELD RIGHT-OF-WAY,FOLLOWING TOO CLOSELY,0,0,0,0,17,7,2,1676,HALSTED ST,41.920949,-87.831793,02/20/2016 06:10:00 PM,2016
CR00015510,02/01/2024 01:10:00 AM,40,SNOW,DARKNESS - LIGHTED ROAD,REAR END,ONE-WAY,TRAFFIC SIGNAL,FAILING TO REDUCE SPEED,NOT APPLICABLE,0,0,1,1,1,5,2,223,63RD ST,41.729069,-87.775795,02/01/2024 02:06:00 AM,2024
CR00015511,06/07/2020 02:57:00 AM,30,RAIN,DAYLIGHT,ANGLE,DIVIDED - W/MEDIAN (NOT RAISED),NO CONTROLS,FOLLOWING TOO CLOSELY,NOT APPLICABLE,0,0,0,0,2,1,6,176,47TH ST,41.712772,-87.559348,06/07/2020 03:18:00 AM,2020
CR00015512,04/29/2024 03:16:00 AM,30,CLEAR,DUSK,REAR END,NOT DIVIDED,NO CONTROLS,UNABLE TO DETERMINE,FAILING TO REDUCE SPEED,0,0,0,0,3,2,4,333,ROOSEVELT RD,41.876161,-87.832517,04/29/2024 04:05:00 AM,2024
CR00015513,08/27/2015 09:22:00 PM,40,CLOUDY/OVERCAST,DAYLIGHT,PEDESTRIAN,NOT DIVIDED,TRAFFIC SIGNAL,UNABLE TO DETERMINE,UNABLE TO DETERMINE,0,0,0,0,21,5,8,626,47TH ST,41.708739,-87.803941,08/27/2015 09:24:00 PM,2015
CR00015514,12/26/2022 06:46:00 PM,30,CLEAR,DARKNESS,ANGLE,NOT DIVIDED,TRAFFIC SIGNAL,FOLLOWING TOO CLOSELY,NOT APPLICABLE,0,0,0,0,18,2,12,1669,47TH ST,41.950117,-87.662698,12/26/2022 07:39:00 PM,2022
CR00015515,01/20/2024 03:37:00 AM,30,CLEAR,DAYLIGHT,TURNING,NOT DIVIDED,NO CONTROLS,UNABLE TO DETERMINE,UNABLE TO DETERMINE,0,0,1,1,3,7,1,908,LAKE SHORE DR,41.771171,-87.646821,01/20/2024 04:14:00 AM,2024
CR00015516,05/05/2019 01:11:00 AM,35,CLEAR,DAYLIGHT,SIDESWIPE SAME DIRECTION,ONE-WAY,STOP SIGN/FLASHER,DISREGARDING TRAFFIC SIGNALS,UNABLE TO DETERMINE,0,0,0,0,1,1,5,1278,MICHIGAN AVE,41.723274,-87.770666,05/05/2019 01:23:00 AM,2019
CR00015517,03/18/2016 10:25:00 PM,30,CLEAR,DAYLIGHT,REAR TO FRONT,NOT DIVIDED,PEDESTRIAN CROSSING SIGN,UNABLE TO DETERMINE,IMPROPER LANE USAGE,0,0,0,0,22,6,3,1647,LAKE SHORE DR,41.791567,-87.788077,03/18/2016 11:22:00 PM,2016
CR00015518,12/30/2017 08:29:00 AM,20,CLEAR,DAYLIGHT,PEDESTRIAN,DIVIDED - W/MEDIAN BARRIER,TRAFFIC SIGNAL,UNABLE TO DETERMINE,IMPROPER OVERTAKING/PASSING,0,0,0,0,8,7,12,970,MILWAUKEE AVE,41.85822,-87.721494,12/30/2017 10:22:00 AM,2017
CR00015519,09/26/2022 07:55:00 AM,40,CLEAR,DAYLIGHT,TURNING,T-INTERSECTION,UNKNOWN,DISREGARDING TRAFFIC SIGNALS,UNABLE TO DETERMINE,0,0,0,0,7,2,9,1677,MILWAUKEE AVE,41.892752,-87.529505,09/26/2022 08:11:00 AM,2022
CR00015520,02/10/2022 03:28:00 PM,30,SNOW,DAYLIGHT,SIDESWIPE SAME DIRECTION,NOT DIVIDED,NO CONTROLS,FOLLOWING TOO CLOSELY,FOLLOWING TOO CLOSELY,0,0,0,0,15,5,2,742,BROADWAY,41.941576,-87.798054,02/10/2022 04:16:00 PM,2022
CR00015521,04/13/2022 08:08:00 AM,30,CLEAR,DAWN,ANGLE,ONE-WAY,NO CONTROLS,UNABLE TO DETERMINE,UNABLE TO DETERMINE,0,0,0,0,8,4,4,896,LAKE SHORE DR,41.809044,-87.840302,04/13/2022 08:13:00 AM,2022
CR00015522,10/18/2020 12:44:00 AM,30,CLEAR,DAYLIGHT,REAR END,NOT DIVIDED,NO CONTROLS,IMPROPER OVERTAKING/PASSING,UNABLE TO DETERMINE,0,0,0,0,0,1,10,390,STATE ST,41.873324,-87.748758,10/18/2020 02:06:00 AM,2020
CR00015523,06/25/2024 05:21:00 PM,40,CLEAR,DAYLIGHT,SIDESWIPE SAME DIRECTION,ONE-WAY,TRAFFIC SIGNAL,IMPROPER OVERTAKING/PASSING,UNABLE TO DETERMINE,0,0,0,0,17,3,6,139,OGDEN AVE,41.781637,-87.556013,06/25/2024 05:30:00 PM,2024
CR00015524,10/20/2020 09:07:00 AM,45,CLEAR,DAYLIGHT,SIDESWIPE SAME DIRECTION,T-INTERSECTION,TRAFFIC SIGNAL,FOLLOWING TOO CLOSELY,FAILING TO YIELD RIGHT-OF-WAY,0,0,1,1,9,3,10,1419,CALIFORNIA AVE,41.760494,-87.764095,10/20/2020 10:12:00 AM,2020
CR00015525,08/10/2024 06:11:00 PM,40,CLEAR,DARKNESS - LIGHTED ROAD,TURNING,DIVIDED - W/MEDIAN (NOT RAISED),STOP SIGN/FLASHER,FOLLOWING TOO CLOSELY,UNABLE TO DETERMINE,0,0,0,0,18,7,8,1405,LAKE SHORE DR,41.772866,-87.835852,08/10/2024 07:58:00 PM,2024
CR00015526,01/18/2018 04:55:00 PM,30,CLEAR,DAYLIGHT,TURNING,DIVIDED - W/MEDIAN BARRIER,NO CONTROLS,DRIVING SKILLS/KNOWLEDGE/EXPERIENCE,FAILING TO YIELD RIGHT-OF-WAY,0,0,0,0,16,5,1,1781,DIVISION ST,41.717041,-87.536349,01/18/2018 05:20:00 PM,2018
CR00015527,10/23/2021 09:05:00 AM,25,CLEAR,DARKNESS - LIGHTED ROAD,ANGLE,NOT DIVIDED,NO CONTROLS,UNABLE TO DETERMINE,UNABLE TO DETERMINE,0,2,2,4,9,7,10,545,MILWAUKEE AVE,41.996789,-87.762319,10/23/2021 11:01:00 AM,2021
CR00015528,01/25/2018 01:58:00 PM,40,CLEAR,DARKNESS - LIGHTED ROAD,ANGLE,NOT DIVIDED,STOP SIGN/FLASHER,FAILING TO YIELD RIGHT-OF-WAY,UNABLE TO DETERMINE,0,0,0,0,13,5,1,1754,MICHIGAN AVE,41.843619,-87.509215,01/25/2018 02:54:00 PM,2018
CR00015529,12/23/2017 07:42:00 AM,35,FREEZING RAIN/DRIZZLE,DAYLIGHT,ANGLE,ONE-WAY,NO CONTROLS,DISTRACTION - FROM INSIDE VEHICLE,UNABLE TO DETERMINE,0,0,0,0,7,7,12,590,WESTERN AVE,41.948821,-87.627043,12/23/2017 08:15:00 AM,2017
CR00015530,11/07/2023 10:21:00 AM,20,CLEAR,DAYLIGHT,REAR END,NOT DIVIDED,NO CONTROLS,UNABLE TO DETERMINE,NOT APPLICABLE,0,0,0,0,10,3,11,2092,HALSTED ST,41.91736,-87.612702,11/07/2023 10:22:00 AM,2023
CR00015531,06/07/2018 05:05:00 PM,35,CLEAR,DAYLIGHT,PEDESTRIAN,ONE-WAY,TRAFFIC SIGNAL,UNABLE TO DETERMINE,FOLLOWING TOO CLOSELY,0,0,0,0,17,5,6,170,MICHIGAN AVE,41.761362,-87.512468,06/07/2018 06:50:00 PM,2018
CR00015532,07/16/2023 07:24:00 PM,35,CLEAR,DAYLIGHT,PARKED MOTOR VEHICLE,DIVIDED - W/MEDIAN (NOT RAISED),STOP SIGN/FLASHER,UNABLE TO DETERMINE,DRIVING SKILLS/KNOWLEDGE/EXPERIENCE,0,0,0,0,19,1,7,720,ARCHER AVE,41.826343,-87.70889,07/16/2023 08:21:00 PM,2023
CR00015533,03/25/2017 03:55:00 AM,30,CLEAR,DAYLIGHT,FIXED OBJECT,NOT DIVIDED,UNKNOWN,UNABLE TO DETERMINE,FAILING TO YIELD RIGHT-OF-WAY,0,0,0,0,3,7,3,651,BROADWAY,41.854962,-87.830077,03/25/2017 04:21:00 AM,2017
CR00015534,11/03/2021 05:53:00 PM,20,CLEAR,DARKNESS,ANGLE,NOT DIVIDED,TRAFFIC SIGNAL,FAILING TO REDUCE SPEED,UNABLE TO DETERMINE,0,0,1,1,17,4,11,2426,KEDZIE AVE,41.809584,-87.663759,11/03/2021 07:50:00 PM,2021
CR00015535,04/24/2024 06:44:00 PM,30,SNOW,DAYLIGHT,SIDESWIPE SAME DIRECTION,ONE-WAY,STOP SIGN/FLASHER,FAILING TO YIELD RIGHT-OF-WAY,IMPROPER OVERTAKING/PASSING,0,0,0,0,18,4,4,772,63RD ST,41.766142,-87.613859,04/24/2024 07:38:00 PM,2024
CR00015536,01/29/2021 11:37:00 PM,45,CLOUDY/OVERCAST,DAYLIGHT,SIDESWIPE SAME DIRECTION,DIVIDED - W/MEDIAN BARRIER,STOP SIGN/FLASHER,UNABLE TO DETERMINE,IMPROPER OVERTAKING/PASSING,0,0,0,0,23,6,1,2418,ARCHER AVE,41.999855,-87.527098,01/29/2021 11:59:00 PM,2021
CR00015537,11/08/2021 07:02:00 AM,35,CLEAR,DAYLIGHT,REAR END,DIVIDED - W/MEDIAN BARRIER,NO CONTROLS,UNABLE TO DETERMINE,DISTRACTION - FROM INSIDE VEHICLE,0,0,0,0,7,2,11,1816,63RD ST,41.888679,-87.532125,11/08/2021 07:23:00 AM,2021
CR00015538,02/02/2017 01:03:00 PM,40,CLEAR,DARKNESS,ANGLE,DIVIDED - W/MEDIAN BARRIER,NO CONTROLS,FOLLOWING TOO CLOSELY,FAILING TO YIELD RIGHT-OF-WAY,0,0,0,0,13,5,2,1890,STONY ISLAND AVE,41.950831,-87.840812,02/02/2017 01:59:00 PM,2017
CR00015539,10/13/2015 07:32:00 AM,40,CLOUDY/OVERCAST,DAYLIGHT,TURNING,DIVIDED - W/MEDIAN BARRIER,NO CONTROLS,UNABLE TO DETERMINE,UNABLE TO DETERMINE,0,0,1,1,7,3,10,673,STATE ST,41.707385,-87.808804,10/13/2015 09:12:00 AM,2015
CR00015540,08/07/2020 06:00:00 AM,35,CLEAR,DAYLIGHT,ANGLE,FOUR WAY,TRAFFIC SIGNAL,FOLLOWING TOO CLOSELY,FOLLOWING TOO CLOSELY,0,0,0,0,6,6,8,977,CLARK ST,41.918363,-87.771336,08/07/2020 07:51:00 AM,2020
CR00015541,10/25/2024 05:27:00 PM,20,SNOW,DUSK,REAR END,NOT DIVIDED,NO CONTROLS,IMPROPER OVERTAKING/PASSING,DISTRACTION - FROM INSIDE VEHICLE,0,0,0,0,17,6,10,1888,63RD ST,41.764719,-87.760857,10/25/2024 05:32:00 PM,2024
CR00015542,01/17/2015 04:12:00 PM,30,RAIN,DAYLIGHT,REAR END,NOT DIVIDED,TRAFFIC SIGNAL,FAILING TO YIELD RIGHT-OF-WAY,DISTRACTION - FROM INSIDE VEHICLE,0,0,0,0,16,7,1,1154,CALIFORNIA AVE,41.881509,-87.558412,01/17/2015 04:52:00 PM,2015
CR00015543,01/18/2023 01:59:00 PM,30,CLOUDY/OVERCAST,DARKNESS,TURNING,NOT DIVIDED,NO CONTROLS,FOLLOWING TOO CLOSELY,UNABLE TO DETERMINE,0,0,0,0,13,4,1,665,STATE ST,41.945822,-87.588282,01/18/2023 02:35:00 PM,2023
CR00015544,01/23/2017 03:02:00 PM,35,CLEAR,DAYLIGHT,REAR END,NOT DIVIDED,STOP SIGN/FLASHER,FOLLOWING TOO CLOSELY,FAILING TO YIELD RIGHT-OF-WAY,0,0,0,0,15,2,1,1985,DAMEN AVE,41.975838,-87.683216,01/23/2017 03:24:00 PM,2017
CR00015545,10/24/2024 05:25:00 PM,25,CLEAR,DAYLIGHT,REAR END,NOT DIVIDED,TRAFFIC SIGNAL,FAILING TO REDUCE SPEED,FAILING TO REDUCE SPEED,0,0,2,2,17,5,10,1175,ROOSEVELT RD,41.793886,-87.595756,10/24/2024 06:22:00 PM,2024
CR00015546,03/02/2022 11:27:00 AM,35,CLEAR,DARKNESS,REAR TO FRONT,NOT DIVIDED,NO CONTROLS,UNABLE TO DETERMINE,UNABLE TO DETERMINE,0,0,0,0,11,4,3,801,CICERO AVE,41.873988,-87.849285,03/02/2022 01:12:00 PM,2022
CR00015547,01/11/2017 09:38:00 PM,35,CLEAR,DAYLIGHT,ANGLE,NOT DIVIDED,NO CONTROLS,UNABLE TO DETERMINE,FAILING TO YIELD RIGHT-OF-WAY,0,0,0,0,21,4,1,2149,ARCHER AVE,41.964949,-87.806618,01/11/2017 10:17:00 PM,2017
CR00015548,07/31/2017 02:01:00 PM,35,CLEAR,DAYLIGHT,REAR END,NOT DIVIDED,TRAFFIC SIGNAL,DRIVING SKILLS/KNOWLEDGE/EXPERIENCE,IMPROPER OVERTAKING/PASSING,0,0,0,0,14,2,7,961,DAMEN AVE,41.871646,-87.744321,07/31/2017 02:19:00 PM,2017
CR00015549,06/04/2021 04:32:00 PM,35,RAIN,DAWN,ANGLE,ONE-WAY,TRAFFIC SIGNAL,DRIVING SKILLS/KNOWLEDGE/EXPERIENCE,DRIVING SKILLS/KNOWLEDGE/EXPERIENCE,0,0,0,0,16,6,6,1820,DAMEN AVE,41.97991,-87.778858,06/04/2021 04:37:00 PM,2021
CR00015550,02/23/2015 10:02:00 AM,30,CLEAR,DARKNESS - LIGHTED ROAD,REAR END,DIVIDED - W/MEDIAN (NOT RAISED),NO CONTROLS,UNABLE TO DETERMINE,DISREGARDING TRAFFIC SIGNALS,0,0,0,0,10,2,2,107,STATE ST,41.982332,-87.552885,02/23/2015 10:31:00 AM,2015
CR00015551,12/01/2015 07:45:00 AM,20,RAIN,DAYLIGHT,REAR END,FOUR WAY,NO CONTROLS,UNABLE TO DETERMINE,UNABLE TO DETERMINE,0,0,0,0,7,3,12,682,IRVING PARK RD,41.776808,-87.730107,12/01/2015 08:27:00 AM,2015
CR00015552,09/17/2020 12:18:00 PM,30,CLEAR,DAYLIGHT,REAR END,T-INTERSECTION,PEDESTRIAN CROSSING SIGN,IMPROPER LANE USAGE,NOT APPLICABLE,0,0,0,0,12,5,9,776,CALIFORNIA AVE,41.970775,-87.683186,09/17/2020 01:23:00 PM,2020
CR00015553,06/11/2023 05:26:00 PM,35,CLEAR,DAYLIGHT,PARKED MOTOR VEHICLE,ONE-WAY,STOP SIGN/FLASHER,DISTRACTION - FROM INSIDE VEHICLE,UNABLE TO DETERMINE,0,0,0,0,17,1,6,1358,WESTERN AVE,41.900647,-87.55367,06/11/2023 05:31:00 PM,2023
CR00015554,06/26/2018 07:18:00 PM,35,CLEAR,DARKNESS - LIGHTED ROAD,SIDESWIPE SAME DIRECTION,DIVIDED - W/MEDIAN (NOT RAISED),TRAFFIC SIGNAL,UNABLE TO DETERMINE,NOT APPLICABLE,0,0,0,0,19,3,6,1739,CLARK ST,41.934246,-87.712717,06/26/2018 08:05:00 PM,2018
CR00015555,05/18/2016 10:24:00 AM,25,CLEAR,DAYLIGHT,SIDESWIPE SAME DIRECTION,ONE-WAY,TRAFFIC SIGNAL,IMPROPER LANE USAGE,DISTRACTION - FROM INSIDE VEHICLE,0,0,0,0,10,4,5,596,47TH ST,41.942133,-87.603235,05/18/2016 11:05:00 AM,2016
CR00015556,01/04/2018 12:28:00 PM,45,RAIN,DAYLIGHT,REAR END,NOT DIVIDED,TRAFFIC SIGNAL,UNABLE TO DETERMINE,FAILING TO YIELD RIGHT-OF-WAY,0,0,0,0,12,5,1,1995,MICHIGAN AVE,41.962707,-87.658802,01/04/2018 12:29:00 PM,2018
CR00015557,06/05/2020 01:26:00 PM,35,CLEAR,DAYLIGHT,TURNING,NOT DIVIDED,TRAFFIC SIGNAL,FAILING TO REDUCE SPEED,DISTRACTION - FROM INSIDE VEHICLE,0,0,0,0,13,6,6,2074,ROOSEVELT RD,41.76186,-87.523369,06/05/2020 03:21:00 PM,2020
CR00015558,04/12/2022 03:15:00 PM,30,CLEAR,DARKNESS - LIGHTED ROAD,REAR END,NOT DIVIDED,STOP SIGN/FLASHER,DISREGARDING TRAFFIC SIGNALS,FOLLOWING TOO CLOSELY,0,0,0,0,15,3,4,2525,FULLERTON AVE,41.817735,-87.514505,04/12/2022 04:10:00 PM,2022
CR00015559,04/11/2021 03:50:00 PM,30,CLEAR,DAYLIGHT,TURNING,T-INTERSECTION,TRAFFIC SIGNAL,DISREGARDING TRAFFIC SIGNALS,FAILING TO YIELD RIGHT-OF-WAY,0,0,0,0,15,1,4,482,MICHIGAN AVE,41.922031,-87.624773,04/11/2021 04:14:00 PM,2021
CR00015560,10/08/2015 10:30:00 AM,30,CLEAR,DAYLIGHT,REAR END,T-INTERSECTION,NO CONTROLS,IMPROPER LANE USAGE,DISTRACTION - FROM INSIDE VEHICLE,0,0,1,1,10,5,10,1938,HALSTED ST,41.918959,-87.686569,10/08/2015 10:57:00 AM,2015
CR00015561,03/28/2021 05:44:00 PM,30,SNOW,DAYLIGHT,PARKED MOTOR VEHICLE,NOT DIVIDED,NO CONTROLS,UNABLE TO DETERMINE,FAILING TO REDUCE SPEED,0,0,0,0,17,1,3,1005,DAMEN AVE,41.895267,-87.761539,03/28/2021 07:40:00 PM,2021
CR00015562,12/21/2017 05:10:00 PM,20,CLEAR,DAYLIGHT,SIDESWIPE SAME DIRECTION,DIVIDED - W/MEDIAN BARRIER,STOP SIGN/FLASHER,IMPROPER OVERTAKING/PASSING,DRIVING SKILLS/KNOWLEDGE/EXPERIENCE,0,0,0,0,17,5,12,759,DAMEN AVE,41.724418,-87.807613,12/21/2017 06:59:00 PM,2017