CRASH_RECORD_ID,CRASH_DATE,POSTED_SPEED_LIMIT,WEATHER_CONDITION,LIGHTING_CONDITION,FIRST_CRASH_TYPE,TRAFFICWAY_TYPE,TRAFFIC_CONTROL_DEVICE,PRIM_CONTRIBUTORY_CAUSE,SEC_CONTRIBUTORY_CAUSE,INJURIES_FATAL,INJURIES_INCAPACITATING,INJURIES_NON_INCAPACITATING,INJURIES_TOTAL,CRASH_HOUR,CRASH_DAY_OF_WEEK,CRASH_MONTH,BEAT_OF_OCCURRENCE,STREET_NAME,LATITUDE,LONGITUDE,DATE_POLICE_NOTIFIED,year
CR00015563,10/11/2020 07:10:00 PM,35,CLOUDY/OVERCAST,DARKNESS - LIGHTED ROAD,REAR TO FRONT,T-INTERSECTION,TRAFFIC SIGNAL,UNABLE TO DETERMINE,UNABLE TO DETERMINE,0,0,0,0,19,1,10,2426,LAKE SHORE DR,41.766132,-87.71632,10/11/2020 07:48:00 PM,2020
CR00015564,07/19/2015 03:20:00 PM,30,CLEAR,DAYLIGHT,SIDESWIPE SAME DIRECTION,ONE-WAY,NO CONTROLS,FOLLOWING TOO CLOSELY,FAILING TO REDUCE SPEED,0,0,0,0,15,1,7,1461,CICERO AVE,41.882542,-87.692517,07/19/2015 04:05:00 PM,2015
CR00015565,06/04/2020 08:13:00 AM,15,RAIN,DARKNESS - LIGHTED ROAD,REAR END,DIVIDED - W/MEDIAN BARRIER,NO CONTROLS,FOLLOWING TOO CLOSELY,UNABLE TO DETERMINE,0,0,1,1,8,5,6,545,PULASKI RD,41.864815,-87.683056,06/04/2020 10:10:00 AM,2020
CR00015566,02/20/2019 02:36:00 PM,40,CLEAR,DARKNESS - LIGHTED ROAD,REAR END,NOT DIVIDED,TRAFFIC SIGNAL,DISTRACTION - FROM INSIDE VEHICLE,FOLLOWING TOO CLOSELY,0,0,1,1,14,4,2,1984,DAMEN AVE,41.801776,-87.720304,02/20/2019 03:32:00 PM,2019
CR00015567,01/12/2024 03:31:00 PM,45,CLEAR,DARKNESS,REAR END,FOUR WAY,TRAFFIC SIGNAL,UNABLE TO DETERMINE,NOT APPLICABLE,0,0,0,0,15,6,1,1127,HALSTED ST,41.890203,-87.847841,01/12/2024 04:03:00 PM,2024
CR00015568,12/25/2019 12:11:00 AM,15,CLEAR,DAYLIGHT,SIDESWIPE SAME DIRECTION,NOT DIVIDED,TRAFFIC SIGNAL,FAILING TO REDUCE SPEED,NOT APPLICABLE,0,0,0,0,0,4,12,2448,CLARK ST,41.744038,-87.686677,12/25/2019 01:34:00 AM,2019
CR00015569,06/13/2018 01:01:00 AM,35,CLOUDY/OVERCAST,DAYLIGHT,ANGLE,DIVIDED - W/MEDIAN BARRIER,NO CONTROLS,IMPROPER OVERTAKING/PASSING,UNABLE TO DETERMINE,0,0,0,0,1,4,6,1621,DIVISION ST,41.83017,-87.822252,06/13/2018 01:04:00 AM,2018
CR00015570,03/08/2023 01:04:00 PM,30,CLEAR,DAYLIGHT,SIDESWIPE SAME DIRECTION,DIVIDED - W/MEDIAN BARRIER,NO CONTROLS,DISTRACTION - FROM INSIDE VEHICLE,DRIVING SKILLS/KNOWLEDGE/EXPERIENCE,0,1,0,1,13,4,3,1182,CALIFORNIA AVE,41.979208,-87.651411,03/08/2023 02:23:00 PM,2023
CR00015571,03/09/2019 12:26:00 AM,35,CLEAR,DAYLIGHT,SIDESWIPE SAME DIRECTION,FOUR WAY,TRAFFIC SIGNAL,IMPROPER OVERTAKING/PASSING,NOT APPLICABLE,0,0,0,0,0,7,3,2224,STATE ST,41.857767,-87.614941,03/09/2019 01:02:00 AM,2019
CR00015572,08/03/2016 08:08:00 AM,20,CLEAR,DUSK,ANGLE,FOUR WAY,NO CONTROLS,FOLLOWING TOO CLOSELY,DISREGARDING TRAFFIC SIGNALS,0,0,0,0,8,4,8,2512,KEDZIE AVE,41.730534,-87.841475,08/03/2016 09:18:00 AM,2016
CR00015573,03/17/2016 03:53:00 PM,35,RAIN,DAYLIGHT,ANGLE,DIVIDED - W/MEDIAN BARRIER,TRAFFIC SIGNAL,FOLLOWING TOO CLOSELY,UNABLE TO DETERMINE,0,0,0,0,15,5,3,288,DAMEN AVE,41.750643,-87.840005,03/17/2016 04:41:00 PM,2016
CR00015574,03/13/2021 09:12:00 AM,45,CLEAR,DAYLIGHT,REAR END,NOT DIVIDED,NO CONTROLS,UNABLE TO DETERMINE,FOLLOWING TOO CLOSELY,0,0,0,0,9,7,3,1141,CICERO AVE,41.798463,-87.835694,03/13/2021 10:35:00 AM,2021
CR00015575,04/21/2020 08:51:00 AM,25,SNOW,DARKNESS - LIGHTED ROAD,REAR END,NOT DIVIDED,YIELD,UNABLE TO DETERMINE,UNABLE TO DETERMINE,0,0,0,0,8,3,4,1558,STATE ST,41.878092,-87.658174,04/21/2020 09:36:00 AM,2020
CR00015576,06/09/2022 09:24:00 AM,30,CLEAR,DAYLIGHT,PARKED MOTOR VEHICLE,NOT DIVIDED,TRAFFIC SIGNAL,UNABLE TO DETERMINE,IMPROPER OVERTAKING/PASSING,0,0,1,1,9,5,6,2449,DAMEN AVE,41.90169,-87.759723,06/09/2022 10:39:00 AM,2022
CR00015577,06/07/2017 09:39:00 AM,30,CLEAR,DAYLIGHT,PEDESTRIAN,NOT DIVIDED,TRAFFIC SIGNAL,UNABLE TO DETERMINE,FAILING TO REDUCE SPEED,0,0,0,0,9,4,6,2466,FULLERTON AVE,41.884853,-87.588776,06/07/2017 11:14:00 AM,2017
CR00015578,03/12/2021 07:42:00 AM,35,CLEAR,DAYLIGHT,REAR END,DIVIDED - W/MEDIAN (NOT RAISED),NO CONTROLS,IMPROPER LANE USAGE,FOLLOWING TOO CLOSELY,0,0,0,0,7,6,3,662,LAKE SHORE DR,41.935389,-87.645587,03/12/2021 08:12:00 AM,2021
CR00015579,03/23/2015 07:32:00 AM,30,CLEAR,DARKNESS - LIGHTED ROAD,ANGLE,FOUR WAY,STOP SIGN/FLASHER,DISTRACTION - FROM INSIDE VEHICLE,UNABLE TO DETERMINE,0,0,0,0,7,2,3,2084,HALSTED ST,41.983585,-87.839256,03/23/2015 08:29:00 AM,2015
CR00015580,01/24/2020 12:05:00 PM,25,CLEAR,DAYLIGHT,REAR END,DIVIDED - W/MEDIAN (NOT RAISED),NO CONTROLS,IMPROPER OVERTAKING/PASSING,FOLLOWING TOO CLOSELY,0,0,0,0,12,6,1,2369,DIVISION ST,41.958163,-87.642618,01/24/2020 12:20:00 PM,2020
CR00015581,01/20/2020 07:02:00 AM,15,CLEAR,DAYLIGHT,PARKED MOTOR VEHICLE,DIVIDED - W/MEDIAN BARRIER,YIELD,FOLLOWING TOO CLOSELY,NOT APPLICABLE,0,0,0,0,7,2,1,363,CALIFORNIA AVE,41.700052,-87.809524,01/20/2020 07:36:00 AM,2020
CR00015582,02/12/2019 08:18:00 PM,30,CLEAR,DAYLIGHT,REAR END,DIVIDED - W/MEDIAN BARRIER,TRAFFIC SIGNAL,DISREGARDING TRAFFIC SIGNALS,UNABLE TO DETERMINE,0,0,0,0,20,3,2,1688,WESTERN AVE,41.798875,-87.637379,02/12/2019 08:25:00 PM,2019
CR00015583,07/29/2017 10:15:00 AM,30,CLEAR,DAYLIGHT,REAR END,ONE-WAY,NO CONTROLS,IMPROPER LANE USAGE,UNABLE TO DETERMINE,0,0,0,0,10,7,7,2421,KEDZIE AVE,41.736702,-87.575419,07/29/2017 10:22:00 AM,2017
CR00015584,12/21/2019 08:24:00 AM,15,CLEAR,DAYLIGHT,TURNING,ONE-WAY,STOP SIGN/FLASHER,UNABLE TO DETERMINE,IMPROPER OVERTAKING/PASSING,0,0,0,0,8,7,12,1016,KEDZIE AVE,41.711264,-87.691932,12/21/2019 09:47:00 AM,2019
CR00015585,12/08/2023 08:58:00 PM,30,SNOW,DAYLIGHT,FIXED OBJECT,NOT DIVIDED,NO CONTROLS,FAILING TO YIELD RIGHT-OF-WAY,NOT APPLICABLE,0,1,3,4,20,6,12,2263,ASHLAND AVE,41.965156,-87.772802,12/08/2023 10:26:00 PM,2023
CR00015586,07/27/2020 11:16:00 PM,30,SNOW,DAYLIGHT,TURNING,NOT DIVIDED,NO CONTROLS,IMPROPER LANE USAGE,UNABLE TO DETERMINE,0,0,0,0,23,2,7,1367,IRVING PARK RD,41.754827,-87.637246,07/28/2020 12:23:00 AM,2020
CR00015587,02/25/2017 09:58:00 AM,15,CLEAR,DAYLIGHT,SIDESWIPE SAME DIRECTION,T-INTERSECTION,NO CONTROLS,DRIVING SKILLS/KNOWLEDGE/EXPERIENCE,FAILING TO YIELD RIGHT-OF-WAY,0,0,0,0,9,7,2,1662,79TH ST,41.892935,-87.845031,02/25/2017 11:30:00 AM,2017
CR00015588,06/03/2017 10:50:00 AM,35,CLEAR,DAYLIGHT,PEDESTRIAN,NOT DIVIDED,STOP SIGN/FLASHER,DRIVING SKILLS/KNOWLEDGE/EXPERIENCE,DRIVING SKILLS/KNOWLEDGE/EXPERIENCE,0,0,0,0,10,7,6,581,FULLERTON AVE,41.756725,-87.543655,06/03/2017 11:25:00 AM,2017
CR00015589,06/21/2021 08:54:00 AM,30,CLEAR,DARKNESS - LIGHTED ROAD,SIDESWIPE SAME DIRECTION,NOT DIVIDED,TRAFFIC SIGNAL,IMPROPER LANE USAGE,NOT APPLICABLE,0,0,0,0,8,2,6,2333,DIVISION ST,41.961892,-87.668456,06/21/2021 10:06:00 AM,2021
CR00015590,07/16/2021 05:50:00 PM,20,CLEAR,DARKNESS - LIGHTED ROAD,REAR END,DIVIDED - W/MEDIAN BARRIER,STOP SIGN/FLASHER,FAILING TO YIELD RIGHT-OF-WAY,UNABLE TO DETERMINE,0,0,0,0,17,6,7,439,DIVISION ST,41.737895,-87.616806,07/16/2021 06:59:00 PM,2021
CR00015591,08/13/2017 02:14:00 PM,15,CLEAR,DARKNESS,REAR END,ONE-WAY,TRAFFIC SIGNAL,DRIVING SKILLS/KNOWLEDGE/EXPERIENCE,UNABLE TO DETERMINE,0,0,0,0,14,1,8,1207,CALIFORNIA AVE,41.974605,-87.656936,08/13/2017 02:31:00 PM,2017
CR00015592,08/12/2019 09:57:00 PM,40,CLEAR,DAYLIGHT,TURNING,DIVIDED - W/MEDIAN BARRIER,NO CONTROLS,FOLLOWING TOO CLOSELY,IMPROPER LANE USAGE,0,0,3,3,21,2,8,763,OGDEN AVE,41.807563,-87.822156,08/12/2019 11:32:00 PM,2019
CR00015593,02/28/2020 11:08:00 AM,20,FREEZING RAIN/DRIZZLE,DAYLIGHT,REAR END,DIVIDED - W/MEDIAN (NOT RAISED),NO CONTROLS,UNABLE TO DETERMINE,UNABLE TO DETERMINE,0,0,0,0,11,6,2,112,CLARK ST,41.915744,-87.754894,02/28/2020 12:55:00 PM,2020
CR00015594,06/04/2016 10:03:00 AM,45,RAIN,DAYLIGHT,SIDESWIPE SAME DIRECTION,NOT DIVIDED,STOP SIGN/FLASHER,UNABLE TO DETERMINE,FOLLOWING TOO CLOSELY,0,0,0,0,10,7,6,1112,MILWAUKEE AVE,41.758777,-87.776627,06/04/2016 11:25:00 AM,2016
CR00015595,06/03/2015 08:58:00 AM,35,CLEAR,DARKNESS - LIGHTED ROAD,SIDESWIPE SAME DIRECTION,FOUR WAY,NO CONTROLS,DISTRACTION - FROM INSIDE VEHICLE,FAILING TO YIELD RIGHT-OF-WAY,0,0,0,0,8,4,6,1535,MICHIGAN AVE,41.999383,-87.750391,06/03/2015 09:06:00 AM,2015
CR00015596,02/14/2021 01:58:00 PM,35,SNOW,DAYLIGHT,TURNING,NOT DIVIDED,STOP SIGN/FLASHER,DISREGARDING TRAFFIC SIGNALS,IMPROPER OVERTAKING/PASSING,0,0,1,1,13,1,2,2479,63RD ST,41.753225,-87.565086,02/14/2021 02:51:00 PM,2021
CR00015597,03/26/2017 02:44:00 AM,20,CLEAR,DAYLIGHT,PEDESTRIAN,FOUR WAY,NO CONTROLS,IMPROPER LANE USAGE,FAILING TO YIELD RIGHT-OF-WAY,0,0,2,2,2,1,3,656,CLARK ST,41.84755,-87.833973,03/26/2017 03:48:00 AM,2017
CR00015598,10/25/2020 08:59:00 AM,45,CLEAR,DAYLIGHT,ANGLE,DIVIDED - W/MEDIAN (NOT RAISED),NO CONTROLS,IMPROPER LANE USAGE,NOT APPLICABLE,0,0,0,0,8,1,10,1920,ROOSEVELT RD,41.747698,-87.650315,10/25/2020 10:03:00 AM,2020
CR00015599,08/02/2019 07:20:00 PM,35,SNOW,DAYLIGHT,ANGLE,FOUR WAY,STOP SIGN/FLASHER,UNABLE TO DETERMINE,IMPROPER OVERTAKING/PASSING,0,0,0,0,19,6,8,149,HALSTED ST,41.845633,-87.741693,08/02/2019 09:07:00 PM,2019
CR00015600,06/26/2021 01:38:00 AM,35,CLOUDY/OVERCAST,DARKNESS - LIGHTED ROAD,SIDESWIPE SAME DIRECTION,DIVIDED - W/MEDIAN BARRIER,NO CONTROLS,DRIVING SKILLS/KNOWLEDGE/EXPERIENCE,NOT APPLICABLE,0,0,1,1,1,7,6,2132,ROOSEVELT RD,41.729958,-87.758764,06/26/2021 02:51:00 AM,2021
CR00015601,06/25/2016 05:44:00 PM,30,CLEAR,DAYLIGHT,REAR TO FRONT,DIVIDED - W/MEDIAN (NOT RAISED),STOP SIGN/FLASHER,FOLLOWING TOO CLOSELY,NOT APPLICABLE,0,0,0,0,17,7,6,339,63RD ST,41.989679,-87.506775,06/25/2016 07:00:00 PM,2016
CR00015602,06/07/2017 11:31:00 PM,30,CLEAR,DAYLIGHT,SIDESWIPE SAME DIRECTION,NOT DIVIDED,NO CONTROLS,UNABLE TO DETERMINE,NOT APPLICABLE,0,1,1,2,23,4,6,2091,FULLERTON AVE,41.730685,-87.842458,06/07/2017 11:57:00 PM,2017
CR00015603,10/14/2020 01:32:00 AM,40,CLEAR,DAYLIGHT,SIDESWIPE SAME DIRECTION,DIVIDED - W/MEDIAN BARRIER,NO CONTROLS,UNABLE TO DETERMINE,UNABLE TO DETERMINE,0,0,0,0,1,4,10,1367,ELSTON AVE,41.878538,-87.681786,10/14/2020 02:43:00 AM,2020
CR00015604,02/10/2019 04:17:00 PM,35,RAIN,DAYLIGHT,TURNING,T-INTERSECTION,NO CONTROLS,DISTRACTION - FROM INSIDE VEHICLE,FOLLOWING TOO CLOSELY,0,0,0,0,16,1,2,190,CLARK ST,41.794803,-87.778987,02/10/2019 05:56:00 PM,2019
CR00015605,05/23/2016 11:06:00 AM,20,CLEAR,DARKNESS - LIGHTED ROAD,ANGLE,FOUR WAY,STOP SIGN/FLASHER,UNABLE TO DETERMINE,NOT APPLICABLE,0,0,0,0,11,2,5,787,CICERO AVE,41.89305,-87.650225,05/23/2016 01:01:00 PM,2016
CR00015606,01/17/2020 03:57:00 PM,25,RAIN,DAYLIGHT,PEDESTRIAN,DIVIDED - W/MEDIAN (NOT RAISED),NO CONTROLS,DISREGARDING TRAFFIC SIGNALS,DRIVING SKILLS/KNOWLEDGE/EXPERIENCE,0,0,0,0,15,6,1,2283,ARCHER AVE,41.757442,-87.709101,01/17/2020 04:22:00 PM,2020
CR00015607,09/11/2024 07:41:00 PM,35,CLEAR,DAYLIGHT,FIXED OBJECT,DIVIDED - W/MEDIAN (NOT RAISED),TRAFFIC SIGNAL,UNABLE TO DETERMINE,FOLLOWING TOO CLOSELY,0,0,0,0,19,4,9,808,CICERO AVE,41.708152,-87.663933,09/11/2024 08:46:00 PM,2024
CR00015608,08/17/2017 11:13:00 AM,15,RAIN,DARKNESS,ANGLE,NOT DIVIDED,TRAFFIC SIGNAL,IMPROPER OVERTAKING/PASSING,FAILING TO YIELD RIGHT-OF-WAY,0,0,2,2,11,5,8,710,FULLERTON AVE,41.764771,-87.668147,08/17/2017 11:16:00 AM,2017
CR00015609,01/31/2018 07:06:00 AM,35,CLOUDY/OVERCAST,DUSK,REAR END,NOT DIVIDED,TRAFFIC SIGNAL,WEATHER,NOT APPLICABLE,0,0,0,0,7,4,1,733,ARCHER AVE,41.879229,-87.787358,01/31/2018 07:58:00 AM,2018
CR00015610,12/07/2018 04:44:00 PM,30,RAIN,DAYLIGHT,REAR END,NOT DIVIDED,TRAFFIC SIGNAL,FAILING TO YIELD RIGHT-OF-WAY,DISTRACTION - FROM INSIDE VEHICLE,0,0,0,0,16,6,12,1265,LAKE SHORE DR,41.94702,-87.767227,12/07/2018 06:22:00 PM,2018
CR00015611,05/16/2017 03:13:00 AM,35,CLEAR,DAYLIGHT,SIDESWIPE SAME DIRECTION,NOT DIVIDED,TRAFFIC SIGNAL,FAILING TO YIELD RIGHT-OF-WAY,IMPROPER OVERTAKING/PASSING,0,0,0,0,3,3,5,2285,WESTERN AVE,41.883744,-87.762644,05/16/2017 04:04:00 AM,2017
CR00015612,04/12/2016 07:08:00 PM,40,RAIN,DAYLIGHT,TURNING,NOT DIVIDED,UNKNOWN,FAILING TO YIELD RIGHT-OF-WAY,UNABLE TO DETERMINE,0,0,0,0,19,3,4,354,PULASKI RD,41.771861,-87.596023,04/12/2016 08:50:00 PM,2016
CR00015613,11/08/2017 06:44:00 AM,30,CLOUDY/OVERCAST,DAYLIGHT,FIXED OBJECT,FOUR WAY,PEDESTRIAN CROSSING SIGN,FAILING TO YIELD RIGHT-OF-WAY,FOLLOWING TOO CLOSELY,0,1,1,2,6,4,11,150,ROOSEVELT RD,41.947083,-87.505564,11/08/2017 07:47:00 AM,2017
CR00015614,12/13/2018 02:32:00 PM,20,CLEAR,DARKNESS,REAR END,NOT DIVIDED,NO CONTROLS,FAILING TO REDUCE SPEED,FOLLOWING TOO CLOSELY,0,0,2,2,14,5,12,1471,WESTERN AVE,41.893506,-87.747229,12/13/2018 02:58:00 PM,2018
CR00015615,11/07/2022 03:30:00 PM,20,CLEAR,DAYLIGHT,PARKED MOTOR VEHICLE,ONE-WAY,TRAFFIC SIGNAL,DRIVING SKILLS/KNOWLEDGE/EXPERIENCE,FAILING TO YIELD RIGHT-OF-WAY,0,0,0,0,15,2,11,539,WESTERN AVE,41.839537,-87.541821,11/07/2022 03:35:00 PM,2022
CR00015616,01/18/2022 10:28:00 AM,45,RAIN,DARKNESS - LIGHTED ROAD,REAR END,NOT DIVIDED,STOP SIGN/FLASHER,DRIVING SKILLS/KNOWLEDGE/EXPERIENCE,DISTRACTION - FROM INSIDE VEHICLE,0,0,0,0,10,3,1,1878,47TH ST,41.815681,-87.518065,01/18/2022 12:10:00 PM,2022
CR00015617,05/28/2017 01:14:00 PM,30,CLEAR,DUSK,REAR END,T-INTERSECTION,TRAFFIC SIGNAL,UNABLE TO DETERMINE,FAILING TO YIELD RIGHT-OF-WAY,0,0,0,0,13,1,5,394,79TH ST,41.713312,-87.628979,05/28/2017 02:44:00 PM,2017
CR00015618,10/13/2016 08:13:00 AM,45,CLEAR,DAYLIGHT,ANGLE,ONE-WAY,TRAFFIC SIGNAL,DISTRACTION - FROM INSIDE VEHICLE,FOLLOWING TOO CLOSELY,0,0,0,0,8,5,10,877,BROADWAY,41.871728,-87.692022,10/13/2016 08:52:00 AM,2016
CR00015619,07/02/2015 03:03:00 PM,30,CLEAR,DAWN,ANGLE,ONE-WAY,NO CONTROLS,UNABLE TO DETERMINE,FAILING TO YIELD RIGHT-OF-WAY,0,0,0,0,15,5,7,1736,OGDEN AVE,41.888544,-87.811959,07/02/2015 04:31:00 PM,2015
CR00015620,01/17/2022 04:19:00 PM,15,CLEAR,DARKNESS - LIGHTED ROAD,TURNING,DIVIDED - W/MEDIAN (NOT RAISED),TRAFFIC SIGNAL,UNABLE TO DETERMINE,UNABLE TO DETERMINE,0,0,0,0,16,2,1,1103,ARCHER AVE,41.940948,-87.762821,01/17/2022 04:55:00 PM,2022
CR00015621,05/19/2015 06:14:00 PM,35,CLEAR,DAYLIGHT,REAR END,ONE-WAY,NO CONTROLS,FAILING TO REDUCE SPEED,UNABLE TO DETERMINE,0,0,0,0,18,3,5,1416,CALIFORNIA AVE,41.781121,-87.503184,05/19/2015 07:33:00 PM,2015
CR00015622,12/05/2018 09:34:00 AM,35,RAIN,DAYLIGHT,REAR END,DIVIDED - W/MEDIAN (NOT RAISED),TRAFFIC SIGNAL,UNABLE TO DETERMINE,DISREGARDING TRAFFIC SIGNALS,0,0,0,0,9,4,12,1649,DIVISION ST,41.730347,-87.52181,12/05/2018 10:45:00 AM,2018
CR00015623,06/21/2015 06:03:00 PM,30,CLEAR,DAYLIGHT,SIDESWIPE SAME DIRECTION,FOUR WAY,NO CONTROLS,DISTRACTION - FROM INSIDE VEHICLE,NOT APPLICABLE,0,0,0,0,18,1,6,178,KEDZIE AVE,41.75929,-87.696684,06/21/2015 07:39:00 PM,2015
CR00015624,05/22/2022 12:52:00 PM,45,RAIN,DARKNESS - LIGHTED ROAD,REAR END,ONE-WAY,UNKNOWN,UNABLE TO DETERMINE,DISTRACTION - FROM INSIDE VEHICLE,0,0,0,0,12,1,5,1100,ARCHER AVE,41.974449,-87.747989,05/22/2022 02:47:00 PM,2022
CR00015625,11/23/2016 02:54:00 PM,25,CLEAR,DAYLIGHT,REAR END,DIVIDED - W/MEDIAN (NOT RAISED),NO CONTROLS,IMPROPER OVERTAKING/PASSING,IMPROPER OVERTAKING/PASSING,0,0,0,0,14,4,11,1482,ARCHER AVE,41.743742,-87.725653,11/23/2016 04:24:00 PM,2016
CR00015626,07/22/2021 07:44:00 AM,30,CLEAR,DARKNESS,FIXED OBJECT,FOUR WAY,UNKNOWN,FOLLOWING TOO CLOSELY,NOT APPLICABLE,0,0,0,0,7,5,7,1053,DIVISION ST,41.859508,-87.619988,07/22/2021 08:31:00 AM,2021
CR00015627,12/20/2022 03:25:00 PM,15,CLEAR,DAWN,PARKED MOTOR VEHICLE,NOT DIVIDED,STOP SIGN/FLASHER,FAILING TO REDUCE SPEED,DISREGARDING TRAFFIC SIGNALS,0,0,0,0,15,3,12,349,CLARK ST,41.969426,-87.702583,12/20/2022 03:39:00 PM,2022
CR00015628,04/03/2019 08:38:00 AM,35,RAIN,DAYLIGHT,TURNING,FOUR WAY,STOP SIGN/FLASHER,DISTRACTION - FROM INSIDE VEHICLE,UNABLE TO DETERMINE,0,0,0,0,8,4,4,1764,BROADWAY,41.777529,-87.770907,04/03/2019 09:39:00 AM,2019
CR00015629,06/09/2017 06:35:00 PM,40,CLEAR,DAYLIGHT,REAR END,DIVIDED - W/MEDIAN (NOT RAISED),NO CONTROLS,FAILING TO REDUCE SPEED,UNABLE TO DETERMINE,0,0,0,0,18,6,6,2496,DAMEN AVE,41.876323,-87.552877,06/09/2017 06:54:00 PM,2017
CR00015630,09/01/2016 07:06:00 AM,45,RAIN,DARKNESS - LIGHTED ROAD,PARKED MOTOR VEHICLE,FOUR WAY,TRAFFIC SIGNAL,DRIVING SKILLS/KNOWLEDGE/EXPERIENCE,UNABLE TO DETERMINE,0,1,3,4,7,5,9,930,ROOSEVELT RD,41.785495,-87.745422,09/01/2016 07:44:00 AM,2016
CR00015631,03/07/2019 03:31:00 PM,25,CLEAR,DARKNESS - LIGHTED ROAD,REAR TO FRONT,DIVIDED - W/MEDIAN (NOT RAISED),STOP SIGN/FLASHER,FAILING TO YIELD RIGHT-OF-WAY,NOT APPLICABLE,0,0,0,0,15,5,3,1285,HALSTED ST,41.999508,-87.724623,03/07/2019 05:18:00 PM,2019
CR00015632,05/25/2017 11:34:00 AM,35,RAIN,DAYLIGHT,PARKED MOTOR VEHICLE,NOT DIVIDED,TRAFFIC SIGNAL,FAILING TO YIELD RIGHT-OF-WAY,NOT APPLICABLE,0,0,2,2,11,5,5,2381,STONY ISLAND AVE,41.856322,-87.774504,05/25/2017 01:13:00 PM,2017
CR00015633,11/14/2021 02:35:00 PM,35,CLEAR,DARKNESS,PARKED MOTOR VEHICLE,NOT DIVIDED,NO CONTROLS,FAILING TO REDUCE SPEED,UNABLE TO DETERMINE,0,0,0,0,14,1,11,1851,MICHIGAN AVE,41.861624,-87.753641,11/14/2021 02:51:00 PM,2021
CR00015634,07/18/2019 09:29:00 AM,25,CLEAR,DARKNESS - LIGHTED ROAD,REAR TO FRONT,DIVIDED - W/MEDIAN (NOT RAISED),YIELD,DISTRACTION - FROM INSIDE VEHICLE,UNABLE TO DETERMINE,0,0,0,0,9,5,7,1759,PULASKI RD,41.890811,-87.83842,07/18/2019 10:40:00 AM,2019
CR00015635,09/10/2019 01:08:00 AM,30,RAIN,DAYLIGHT,TURNING,ONE-WAY,TRAFFIC SIGNAL,FOLLOWING TOO CLOSELY,DRIVING SKILLS/KNOWLEDGE/EXPERIENCE,0,0,0,0,1,3,9,291,47TH ST,41.972942,-87.780877,09/10/2019 01:52:00 AM,2019
CR00015636,06/10/2019 10:13:00 AM,20,CLEAR,DARKNESS - LIGHTED ROAD,PARKED MOTOR VEHICLE,NOT DIVIDED,STOP SIGN/FLASHER,FAILING TO YIELD RIGHT-OF-WAY,FAILING TO YIELD RIGHT-OF-WAY,0,0,0,0,10,2,6,882,PULASKI RD,41.852332,-87.844989,06/10/2019 11:52:00 AM,2019
CR00015637,09/24/2019 05:34:00 PM,30,CLEAR,DUSK,SIDESWIPE SAME DIRECTION,DIVIDED - W/MEDIAN (NOT RAISED),TRAFFIC SIGNAL,DISTRACTION - FROM INSIDE VEHICLE,NOT APPLICABLE,0,0,0,0,17,3,9,1677,ASHLAND AVE,41.874075,-87.643221,09/24/2019 07:23:00 PM,2019
CR00015638,02/24/2023 04:34:00 PM,25,CLOUDY/OVERCAST,DAYLIGHT,ANGLE,NOT DIVIDED,NO CONTROLS,DISTRACTION - FROM INSIDE VEHICLE,FAILING TO YIELD RIGHT-OF-WAY,0,0,1,1,16,6,2,1725,WESTERN AVE,41.996534,-87.634042,02/24/2023 06:10:00 PM,2023
CR00015639,12/16/2018 03:29:00 PM,30,CLEAR,DARKNESS - LIGHTED ROAD,ANGLE,DIVIDED - W/MEDIAN (NOT RAISED),TRAFFIC SIGNAL,FAILING TO YIELD RIGHT-OF-WAY,DISREGARDING TRAFFIC SIGNALS,0,0,0,0,15,1,12,1444,MICHIGAN AVE,41.8616,-87.697016,12/16/2018 04:23:00 PM,2018
CR00015640,06/09/2022 01:24:00 PM,40,CLEAR,DAYLIGHT,REAR END,NOT DIVIDED,UNKNOWN,FOLLOWING TOO CLOSELY,UNABLE TO DETERMINE,0,2,1,3,13,5,6,161,OGDEN AVE,41.937021,-87.617202,06/09/2022 03:13:00 PM,2022
CR00015641,08/22/2016 08:55:00 AM,35,CLEAR,DAYLIGHT,PARKED MOTOR VEHICLE,NOT DIVIDED,NO CONTROLS,DISTRACTION - FROM INSIDE VEHICLE,DISTRACTION - FROM INSIDE VEHICLE,0,0,0,0,8,2,8,749,MILWAUKEE AVE,41.897275,-87.678571,08/22/2016 10:02:00 AM,2016
CR00015642,06/16/2023 03:00:00 PM,20,CLOUDY/OVERCAST,DAYLIGHT,REAR END,NOT DIVIDED,NO CONTROLS,IMPROPER OVERTAKING/PASSING,FOLLOWING TOO CLOSELY,0,0,0,0,15,6,6,1035,HALSTED ST,41.915064,-87.587237,06/16/2023 03:45:00 PM,2023
CR00015643,02/12/2019 12:37:00 PM,20,CLOUDY/OVERCAST,DARKNESS - LIGHTED ROAD,TURNING,ONE-WAY,NO CONTROLS,UNABLE TO DETERMINE,NOT APPLICABLE,0,0,0,0,12,3,2,171,WESTERN AVE,41.741134,-87.70297,02/12/2019 01:57:00 PM,2019
CR00015644,11/05/2015 05:33:00 PM,35,CLEAR,DAYLIGHT,REAR END,NOT DIVIDED,PEDESTRIAN CROSSING SIGN,FAILING TO REDUCE SPEED,UNABLE TO DETERMINE,0,0,0,0,17,5,11,635,MICHIGAN AVE,41.840031,-87.657422,11/05/2015 06:55:00 PM,2015