CRASH_RECORD_ID,CRASH_DATE,POSTED_SPEED_LIMIT,WEATHER_CONDITION,LIGHTING_CONDITION,FIRST_CRASH_TYPE,TRAFFICWAY_TYPE,TRAFFIC_CONTROL_DEVICE,PRIM_CONTRIBUTORY_CAUSE,SEC_CONTRIBUTORY_CAUSE,INJURIES_FATAL,INJURIES_INCAPACITATING,INJURIES_NON_INCAPACITATING,INJURIES_TOTAL,CRASH_HOUR,CRASH_DAY_OF_WEEK,CRASH_MONTH,BEAT_OF_OCCURRENCE,STREET_NAME,LATITUDE,LONGITUDE,DATE_POLICE_NOTIFIED,year
CR00015645,08/22/2021 02:11:00 PM,45,SNOW,DARKNESS - LIGHTED ROAD,TURNING,NOT DIVIDED,PEDESTRIAN CROSSING SIGN,FAILING TO REDUCE SPEED,NOT APPLICABLE,0,0,3,3,14,1,8,1785,PULASKI RD,41.908906,-87.708387,08/22/2021 03:58:00 PM,2021
CR00015646,08/24/2023 08:03:00 AM,25,CLOUDY/OVERCAST,DAYLIGHT,REAR TO FRONT,NOT DIVIDED,TRAFFIC SIGNAL,IMPROPER OVERTAKING/PASSING,UNABLE TO DETERMINE,0,0,0,0,8,5,8,1173,STATE ST,41.837857,-87.511104,08/24/2023 08:16:00 AM,2023
CR00015647,05/29/2022 02:47:00 AM,45,CLEAR,DAYLIGHT,PEDESTRIAN,NOT DIVIDED,STOP SIGN/FLASHER,DRIVING SKILLS/KNOWLEDGE/EXPERIENCE,FAILING TO YIELD RIGHT-OF-WAY,0,0,0,0,2,1,5,1903,CALIFORNIA AVE,41.965334,-87.572658,05/29/2022 03:18:00 AM,2022
CR00015648,04/12/2022 03:07:00 PM,40,CLOUDY/OVERCAST,DAYLIGHT,SIDESWIPE SAME DIRECTION,NOT DIVIDED,NO CONTROLS,IMPROPER OVERTAKING/PASSING,UNABLE TO DETERMINE,0,0,1,1,15,3,4,909,IRVING PARK RD,41.729062,-87.66738,04/12/2022 05:06:00 PM,2022
CR00015649,11/28/2015 06:23:00 PM,15,RAIN,DAYLIGHT,SIDESWIPE SAME DIRECTION,NOT DIVIDED,STOP SIGN/FLASHER,DISREGARDING TRAFFIC SIGNALS,DISTRACTION - FROM INSIDE VEHICLE,0,0,0,0,18,7,11,601,CICERO AVE,41.98045,-87.680382,11/28/2015 06:30:00 PM,2015
CR00015650,03/11/2021 06:27:00 PM,15,CLEAR,DAYLIGHT,SIDESWIPE SAME DIRECTION,FOUR WAY,PEDESTRIAN CROSSING SIGN,FAILING TO REDUCE SPEED,FAILING TO YIELD RIGHT-OF-WAY,0,0,0,0,18,5,3,355,KEDZIE AVE,41.982271,-87.67507,03/11/2021 08:04:00 PM,2021
CR00015651,10/16/2017 07:21:00 PM,35,CLEAR,DARKNESS - LIGHTED ROAD,REAR END,NOT DIVIDED,NO CONTROLS,DRIVING SKILLS/KNOWLEDGE/EXPERIENCE,FOLLOWING TOO CLOSELY,0,0,0,0,19,2,10,1149,47TH ST,41.963798,-87.727431,10/16/2017 09:00:00 PM,2017
CR00015652,02/03/2020 04:07:00 PM,25,CLEAR,DARKNESS - LIGHTED ROAD,SIDESWIPE SAME DIRECTION,DIVIDED - W/MEDIAN (NOT RAISED),NO CONTROLS,DRIVING SKILLS/KNOWLEDGE/EXPERIENCE,DISTRACTION - FROM INSIDE VEHICLE,0,0,0,0,16,2,2,1759,PULASKI RD,41.76811,-87.696715,02/03/2020 05:53:00 PM,2020
CR00015653,01/01/2016 04:08:00 PM,35,CLEAR,DARKNESS - LIGHTED ROAD,REAR END,ONE-WAY,STOP SIGN/FLASHER,DISTRACTION - FROM INSIDE VEHICLE,DRIVING SKILLS/KNOWLEDGE/EXPERIENCE,0,0,0,0,16,6,1,1234,OGDEN AVE,41.741948,-87.846876,01/01/2016 04:42:00 PM,2016
CR00015654,06/22/2018 03:46:00 PM,30,SNOW,DAYLIGHT,TURNING,NOT DIVIDED,STOP SIGN/FLASHER,DISTRACTION - FROM INSIDE VEHICLE,IMPROPER OVERTAKING/PASSING,0,0,0,0,15,6,6,1294,BROADWAY,41.793474,-87.549739,06/22/2018 03:49:00 PM,2018
CR00015655,08/04/2023 03:20:00 AM,30,CLEAR,DAYLIGHT,PARKED MOTOR VEHICLE,NOT DIVIDED,NO CONTROLS,UNABLE TO DETERMINE,FAILING TO REDUCE SPEED,0,0,0,0,3,6,8,1311,DAMEN AVE,41.926432,-87.829245,08/04/2023 03:48:00 AM,2023
CR00015656,11/16/2022 11:40:00 AM,20,RAIN,DUSK,ANGLE,NOT DIVIDED,TRAFFIC SIGNAL,IMPROPER OVERTAKING/PASSING,NOT APPLICABLE,0,0,0,0,11,4,11,1734,IRVING PARK RD,41.841448,-87.563398,11/16/2022 12:21:00 PM,2022
CR00015657,11/05/2015 06:32:00 PM,45,SNOW,DARKNESS - LIGHTED ROAD,REAR END,NOT DIVIDED,TRAFFIC SIGNAL,FAILING TO REDUCE SPEED,IMPROPER OVERTAKING/PASSING,0,1,0,1,18,5,11,1851,ELSTON AVE,41.890243,-87.747004,11/05/2015 07:32:00 PM,2015
CR00015658,08/18/2023 07:54:00 PM,25,CLOUDY/OVERCAST,DARKNESS - LIGHTED ROAD,PARKED MOTOR VEHICLE,FOUR WAY,NO CONTROLS,WEATHER,FAILING TO YIELD RIGHT-OF-WAY,0,0,0,0,19,6,8,715,STATE ST,41.894241,-87.793644,08/18/2023 08:57:00 PM,2023
CR00015659,02/13/2015 02:16:00 AM,35,CLEAR,DAYLIGHT,TURNING,FOUR WAY,TRAFFIC SIGNAL,FOLLOWING TOO CLOSELY,DRIVING SKILLS/KNOWLEDGE/EXPERIENCE,0,0,0,0,2,6,2,586,47TH ST,41.738783,-87.762406,02/13/2015 02:28:00 AM,2015
CR00015660,11/03/2015 03:08:00 PM,40,SNOW,DAYLIGHT,SIDESWIPE SAME DIRECTION,DIVIDED - W/MEDIAN (NOT RAISED),STOP SIGN/FLASHER,DRIVING SKILLS/KNOWLEDGE/EXPERIENCE,UNABLE TO DETERMINE,0,0,0,0,15,3,11,1794,PULASKI RD,41.895411,-87.642556,11/03/2015 04:14:00 PM,2015
CR00015661,07/13/2023 04:58:00 AM,35,CLEAR,DUSK,REAR END,DIVIDED - W/MEDIAN (NOT RAISED),TRAFFIC SIGNAL,UNABLE TO DETERMINE,FAILING TO YIELD RIGHT-OF-WAY,0,0,0,0,4,5,7,2025,63RD ST,41.877162,-87.712451,07/13/2023 05:19:00 AM,2023
CR00015662,04/06/2015 08:51:00 AM,30,SNOW,DAYLIGHT,REAR END,NOT DIVIDED,TRAFFIC SIGNAL,DISREGARDING TRAFFIC SIGNALS,IMPROPER OVERTAKING/PASSING,0,0,0,0,8,2,4,303,CLARK ST,41.825321,-87.590925,04/06/2015 09:47:00 AM,2015
CR00015663,04/18/2020 04:33:00 PM,30,CLEAR,DARKNESS - LIGHTED ROAD,REAR END,ONE-WAY,NO CONTROLS,UNABLE TO DETERMINE,NOT APPLICABLE,0,0,0,0,16,7,4,1616,LAKE SHORE DR,41.997338,-87.728623,04/18/2020 05:54:00 PM,2020
CR00015664,03/24/2015 05:01:00 PM,30,CLEAR,DARKNESS - LIGHTED ROAD,SIDESWIPE SAME DIRECTION,DIVIDED - W/MEDIAN BARRIER,TRAFFIC SIGNAL,WEATHER,FAILING TO YIELD RIGHT-OF-WAY,0,0,0,0,17,3,3,478,CLARK ST,41.81076,-87.77568,03/24/2015 05:56:00 PM,2015
CR00015665,10/09/2016 05:44:00 PM,35,CLEAR,DAYLIGHT,REAR END,DIVIDED - W/MEDIAN (NOT RAISED),NO CONTROLS,UNABLE TO DETERMINE,NOT APPLICABLE,0,0,0,0,17,1,10,2519,IRVING PARK RD,41.92417,-87.694581,10/09/2016 05:49:00 PM,2016
CR00015666,02/22/2022 09:00:00 PM,30,CLEAR,DAYLIGHT,TURNING,T-INTERSECTION,NO CONTROLS,FAILING TO YIELD RIGHT-OF-WAY,FOLLOWING TOO CLOSELY,0,0,0,0,21,3,2,2463,47TH ST,41.901447,-87.749069,02/22/2022 10:07:00 PM,2022
CR00015667,04/23/2022 07:54:00 AM,45,CLEAR,DAYLIGHT,REAR END,NOT DIVIDED,STOP SIGN/FLASHER,DRIVING SKILLS/KNOWLEDGE/EXPERIENCE,FOLLOWING TOO CLOSELY,0,0,2,2,7,7,4,1298,ROOSEVELT RD,41.93759,-87.82674,04/23/2022 08:18:00 AM,2022
CR00015668,11/05/2024 10:07:00 AM,30,RAIN,DARKNESS - LIGHTED ROAD,FIXED OBJECT,DIVIDED - W/MEDIAN (NOT RAISED),STOP SIGN/FLASHER,FAILING TO REDUCE SPEED,IMPROPER OVERTAKING/PASSING,0,0,1,1,10,3,11,1393,IRVING PARK RD,41.967009,-87.75352,11/05/2024 12:07:00 PM,2024
CR00015669,12/31/2023 04:42:00 PM,35,CLEAR,DAYLIGHT,REAR END,ONE-WAY,TRAFFIC SIGNAL,IMPROPER OVERTAKING/PASSING,IMPROPER LANE USAGE,0,0,0,0,16,1,12,1035,FULLERTON AVE,41.818222,-87.633252,12/31/2023 05:16:00 PM,2023
CR00015670,09/17/2020 03:47:00 PM,30,CLOUDY/OVERCAST,DAYLIGHT,REAR END,ONE-WAY,TRAFFIC SIGNAL,FAILING TO YIELD RIGHT-OF-WAY,NOT APPLICABLE,0,0,0,0,15,5,9,1704,CALIFORNIA AVE,41.874842,-87.500985,09/17/2020 05:27:00 PM,2020
CR00015671,08/05/2024 12:03:00 PM,30,CLEAR,DAYLIGHT,REAR END,T-INTERSECTION,NO CONTROLS,UNABLE TO DETERMINE,DISTRACTION - FROM INSIDE VEHICLE,0,0,0,0,12,2,8,2253,KEDZIE AVE,41.935616,-87.676142,08/05/2024 01:12:00 PM,2024
CR00015672,01/27/2017 07:14:00 PM,30,RAIN,DARKNESS - LIGHTED ROAD,REAR TO FRONT,DIVIDED - W/MEDIAN BARRIER,NO CONTROLS,UNABLE TO DETERMINE,DISTRACTION - FROM INSIDE VEHICLE,0,0,1,1,19,6,1,1395,CLARK ST,41.765449,-87.804984,01/27/2017 08:39:00 PM,2017
CR00015673,04/03/2020 08:02:00 PM,45,CLEAR,DARKNESS - LIGHTED ROAD,SIDESWIPE SAME DIRECTION,T-INTERSECTION,NO CONTROLS,UNABLE TO DETERMINE,FOLLOWING TOO CLOSELY,0,0,0,0,20,6,4,2394,ARCHER AVE,41.897876,-87.568684,04/03/2020 09:32:00 PM,2020
CR00015674,06/27/2020 11:18:00 AM,30,CLOUDY/OVERCAST,DAYLIGHT,REAR TO FRONT,NOT DIVIDED,TRAFFIC SIGNAL,IMPROPER LANE USAGE,DISTRACTION - FROM INSIDE VEHICLE,0,0,0,0,11,7,6,1285,KEDZIE AVE,41.838628,-87.765656,06/27/2020 11:33:00 AM,2020
CR00015675,11/02/2015 06:56:00 PM,30,CLEAR,DARKNESS,REAR END,ONE-WAY,NO CONTROLS,FOLLOWING TOO CLOSELY,DRIVING SKILLS/KNOWLEDGE/EXPERIENCE,0,0,0,0,18,2,11,1949,79TH ST,41.992434,-87.82767,11/02/2015 07:26:00 PM,2015
CR00015676,02/23/2017 10:28:00 PM,30,CLEAR,DAYLIGHT,FIXED OBJECT,DIVIDED - W/MEDIAN (NOT RAISED),NO CONTROLS,DRIVING SKILLS/KNOWLEDGE/EXPERIENCE,NOT APPLICABLE,0,0,0,0,22,5,2,1776,ELSTON AVE,41.942168,-87.612539,02/23/2017 11:34:00 PM,2017
CR00015677,08/02/2020 07:04:00 AM,30,CLEAR,DARKNESS,REAR TO FRONT,DIVIDED - W/MEDIAN (NOT RAISED),NO CONTROLS,UNABLE TO DETERMINE,DISREGARDING TRAFFIC SIGNALS,0,0,3,3,7,1,8,1148,ARCHER AVE,41.822797,-87.845075,08/02/2020 09:04:00 AM,2020
CR00015678,02/18/2020 08:55:00 AM,30,CLEAR,DAYLIGHT,REAR END,DIVIDED - W/MEDIAN BARRIER,NO CONTROLS,IMPROPER LANE USAGE,IMPROPER OVERTAKING/PASSING,0,0,0,0,8,3,2,188,OGDEN AVE,41.912944,-87.710495,02/18/2020 09:30:00 AM,2020
CR00015679,10/15/2023 11:37:00 PM,45,CLOUDY/OVERCAST,DAYLIGHT,PEDESTRIAN,NOT DIVIDED,NO CONTROLS,UNABLE TO DETERMINE,NOT APPLICABLE,0,0,0,0,23,1,10,356,IRVING PARK RD,41.744733,-87.594857,10/16/2023 12:14:00 AM,2023
CR00015680,10/04/2017 06:29:00 PM,35,FOG/SMOKE/HAZE,DAYLIGHT,TURNING,FOUR WAY,NO CONTROLS,IMPROPER OVERTAKING/PASSING,UNABLE TO DETERMINE,0,1,1,2,18,4,10,2321,ARCHER AVE,41.778579,-87.785461,10/04/2017 07:35:00 PM,2017
CR00015681,07/19/2022 10:05:00 AM,45,CLOUDY/OVERCAST,DARKNESS - LIGHTED ROAD,SIDESWIPE SAME DIRECTION,NOT DIVIDED,NO CONTROLS,FAILING TO YIELD RIGHT-OF-WAY,FAILING TO YIELD RIGHT-OF-WAY,0,0,0,0,10,3,7,817,PULASKI RD,41.955052,-87.563664,07/19/2022 11:21:00 AM,2022
CR00015682,07/10/2017 10:24:00 PM,35,CLEAR,DARKNESS - LIGHTED ROAD,SIDESWIPE SAME DIRECTION,ONE-WAY,STOP SIGN/FLASHER,UNABLE TO DETERMINE,NOT APPLICABLE,0,0,0,0,22,2,7,1696,47TH ST,41.714982,-87.678229,07/10/2017 11:19:00 PM,2017
CR00015683,04/03/2018 11:46:00 PM,30,CLEAR,DAYLIGHT,REAR END,ONE-WAY,UNKNOWN,IMPROPER OVERTAKING/PASSING,DISTRACTION - FROM INSIDE VEHICLE,0,0,2,2,23,3,4,1614,IRVING PARK RD,41.883548,-87.626192,04/04/2018 01:00:00 AM,2018
CR00015684,10/29/2024 12:28:00 AM,30,FREEZING RAIN/DRIZZLE,DAYLIGHT,ANGLE,DIVIDED - W/MEDIAN (NOT RAISED),NO CONTROLS,UNABLE TO DETERMINE,UNABLE TO DETERMINE,0,1,3,4,0,3,10,387,79TH ST,41.92726,-87.551489,10/29/2024 12:52:00 AM,2024
CR00015685,06/19/2017 02:33:00 PM,30,CLEAR,DARKNESS - LIGHTED ROAD,TURNING,NOT DIVIDED,NO CONTROLS,WEATHER,UNABLE TO DETERMINE,0,1,1,2,14,2,6,1481,DIVISION ST,41.895686,-87.71587,06/19/2017 03:09:00 PM,2017
CR00015686,11/28/2017 03:29:00 PM,30,CLEAR,DAYLIGHT,PARKED MOTOR VEHICLE,ONE-WAY,NO CONTROLS,IMPROPER LANE USAGE,DISTRACTION - FROM INSIDE VEHICLE,0,0,0,0,15,3,11,478,63RD ST,41.763206,-87.511474,11/28/2017 03:43:00 PM,2017
CR00015687,09/12/2019 05:19:00 PM,20,CLEAR,DARKNESS,TURNING,T-INTERSECTION,NO CONTROLS,DISTRACTION - FROM INSIDE VEHICLE,FOLLOWING TOO CLOSELY,0,0,0,0,17,5,9,2180,DAMEN AVE,41.751149,-87.67285,09/12/2019 06:51:00 PM,2019
CR00015688,06/04/2023 05:36:00 PM,45,CLEAR,DAYLIGHT,REAR TO FRONT,DIVIDED - W/MEDIAN (NOT RAISED),TRAFFIC SIGNAL,DRIVING SKILLS/KNOWLEDGE/EXPERIENCE,IMPROPER OVERTAKING/PASSING,0,0,2,2,17,1,6,2245,BROADWAY,41.977542,-87.706661,06/04/2023 07:29:00 PM,2023
CR00015689,11/05/2023 05:11:00 PM,30,CLEAR,DAYLIGHT,TURNING,NOT DIVIDED,STOP SIGN/FLASHER,FAILING TO REDUCE SPEED,FOLLOWING TOO CLOSELY,0,0,0,0,17,1,11,1413,ASHLAND AVE,41.907341,-87.696233,11/05/2023 06:22:00 PM,2023
CR00015690,09/25/2024 01:52:00 PM,30,CLEAR,DAYLIGHT,TURNING,NOT DIVIDED,NO CONTROLS,FOLLOWING TOO CLOSELY,UNABLE TO DETERMINE,0,0,0,0,13,4,9,2252,63RD ST,41.801116,-87.584596,09/25/2024 02:45:00 PM,2024
CR00015691,05/12/2018 11:26:00 AM,30,CLEAR,DAYLIGHT,REAR TO FRONT,ONE-WAY,STOP SIGN/FLASHER,IMPROPER LANE USAGE,UNABLE TO DETERMINE,0,0,0,0,11,7,5,460,CICERO AVE,41.74255,-87.717578,05/12/2018 12:18:00 PM,2018
CR00015692,09/10/2019 10:04:00 AM,40,CLEAR,DARKNESS - LIGHTED ROAD,FIXED OBJECT,NOT DIVIDED,STOP SIGN/FLASHER,IMPROPER LANE USAGE,UNABLE TO DETERMINE,0,0,0,0,10,3,9,2050,WESTERN AVE,41.775164,-87.649304,09/10/2019 11:04:00 AM,2019
CR00015693,11/04/2024 07:33:00 AM,20,FOG/SMOKE/HAZE,DAYLIGHT,ANGLE,DIVIDED - W/MEDIAN (NOT RAISED),NO CONTROLS,FAILING TO YIELD RIGHT-OF-WAY,DRIVING SKILLS/KNOWLEDGE/EXPERIENCE,0,0,0,0,7,2,11,871,CICERO AVE,41.997876,-87.829532,11/04/2024 09:10:00 AM,2024
CR00015694,05/07/2024 02:19:00 PM,35,CLOUDY/OVERCAST,DAYLIGHT,ANGLE,ONE-WAY,NO CONTROLS,FAILING TO YIELD RIGHT-OF-WAY,UNABLE TO DETERMINE,0,0,0,0,14,3,5,1374,IRVING PARK RD,41.729882,-87.637649,05/07/2024 02:48:00 PM,2024
CR00015695,12/09/2018 01:51:00 PM,35,CLEAR,DUSK,TURNING,DIVIDED - W/MEDIAN BARRIER,YIELD,UNABLE TO DETERMINE,UNABLE TO DETERMINE,0,0,0,0,13,1,12,2298,CALIFORNIA AVE,41.985868,-87.797684,12/09/2018 01:55:00 PM,2018
CR00015696,08/15/2023 08:01:00 PM,15,CLEAR,DAYLIGHT,REAR TO FRONT,DIVIDED - W/MEDIAN (NOT RAISED),TRAFFIC SIGNAL,DRIVING SKILLS/KNOWLEDGE/EXPERIENCE,NOT APPLICABLE,0,0,0,0,20,3,8,2450,DIVISION ST,41.820509,-87.816732,08/15/2023 08:52:00 PM,2023
CR00015697,05/21/2018 06:21:00 PM,20,SNOW,DAYLIGHT,TURNING,NOT DIVIDED,NO CONTROLS,FAILING TO REDUCE SPEED,UNABLE TO DETERMINE,0,0,0,0,18,2,5,415,MILWAUKEE AVE,41.966997,-87.651926,05/21/2018 08:15:00 PM,2018
CR00015698,03/06/2015 08:40:00 AM,25,CLEAR,DAYLIGHT,PEDESTRIAN,NOT DIVIDED,TRAFFIC SIGNAL,DISREGARDING TRAFFIC SIGNALS,FOLLOWING TOO CLOSELY,0,0,0,0,8,6,3,595,ROOSEVELT RD,41.965307,-87.787739,03/06/2015 09:31:00 AM,2015
CR00015699,10/09/2024 07:55:00 AM,40,CLEAR,DAYLIGHT,REAR END,NOT DIVIDED,TRAFFIC SIGNAL,DISREGARDING TRAFFIC SIGNALS,FAILING TO YIELD RIGHT-OF-WAY,0,0,0,0,7,4,10,397,CALIFORNIA AVE,41.873524,-87.784753,10/09/2024 09:25:00 AM,2024
CR00015700,02/01/2019 09:44:00 AM,25,CLEAR,DARKNESS - LIGHTED ROAD,REAR END,ONE-WAY,TRAFFIC SIGNAL,FOLLOWING TOO CLOSELY,IMPROPER LANE USAGE,0,0,0,0,9,6,2,1181,HALSTED ST,41.803381,-87.565409,02/01/2019 10:10:00 AM,2019
CR00015701,11/17/2017 01:22:00 PM,15,CLEAR,DARKNESS,PARKED MOTOR VEHICLE,NOT DIVIDED,STOP SIGN/FLASHER,DRIVING SKILLS/KNOWLEDGE/EXPERIENCE,UNABLE TO DETERMINE,0,0,0,0,13,6,11,671,PULASKI RD,41.927889,-87.574742,11/17/2017 01:32:00 PM,2017
CR00015702,03/17/2018 08:43:00 AM,20,FREEZING RAIN/DRIZZLE,DAYLIGHT,PARKED MOTOR VEHICLE,NOT DIVIDED,NO CONTROLS,DISREGARDING TRAFFIC SIGNALS,IMPROPER OVERTAKING/PASSING,0,0,0,0,8,7,3,1887,BROADWAY,41.961354,-87.581077,03/17/2018 09:08:00 AM,2018
CR00015703,02/07/2019 06:31:00 PM,35,CLEAR,DAYLIGHT,REAR END,NOT DIVIDED,TRAFFIC SIGNAL,FAILING TO YIELD RIGHT-OF-WAY,FOLLOWING TOO CLOSELY,0,0,0,0,18,5,2,295,STATE ST,41.970091,-87.699171,02/07/2019 06:33:00 PM,2019
CR00015704,09/12/2015 05:31:00 PM,40,CLEAR,DAYLIGHT,SIDESWIPE SAME DIRECTION,ONE-WAY,STOP SIGN/FLASHER,IMPROPER OVERTAKING/PASSING,UNABLE TO DETERMINE,0,0,0,0,17,7,9,1044,STONY ISLAND AVE,41.840571,-87.507363,09/12/2015 06:00:00 PM,2015
CR00015705,02/13/2020 02:52:00 PM,20,RAIN,DAYLIGHT,PARKED MOTOR VEHICLE,DIVIDED - W/MEDIAN (NOT RAISED),NO CONTROLS,UNABLE TO DETERMINE,UNABLE TO DETERMINE,0,0,0,0,14,5,2,872,ROOSEVELT RD,41.896953,-87.623149,02/13/2020 04:02:00 PM,2020
CR00015706,04/20/2019 05:25:00 PM,30,RAIN,DAYLIGHT,PARKED MOTOR VEHICLE,T-INTERSECTION,TRAFFIC SIGNAL,UNABLE TO DETERMINE,UNABLE TO DETERMINE,0,0,1,1,17,7,4,694,LAKE SHORE DR,41.967734,-87.714301,04/20/2019 06:15:00 PM,2019
CR00015707,01/01/2015 01:15:00 AM,30,CLEAR,DARKNESS - LIGHTED ROAD,TURNING,DIVIDED - W/MEDIAN (NOT RAISED),NO CONTROLS,FAILING TO REDUCE SPEED,UNABLE TO DETERMINE,0,0,0,0,1,5,1,1417,KEDZIE AVE,41.840291,-87.639265,01/01/2015 01:37:00 AM,2015
CR00015708,01/27/2021 02:30:00 AM,30,CLEAR,DARKNESS - LIGHTED ROAD,ANGLE,ONE-WAY,NO CONTROLS,FOLLOWING TOO CLOSELY,UNABLE TO DETERMINE,0,0,0,0,2,4,1,1969,ELSTON AVE,41.731247,-87.617956,01/27/2021 03:24:00 AM,2021
CR00015709,01/11/2021 12:51:00 PM,35,RAIN,DARKNESS,ANGLE,FOUR WAY,NO CONTROLS,UNABLE TO DETERMINE,UNABLE TO DETERMINE,0,0,0,0,12,2,1,1744,PULASKI RD,41.945455,-87.808393,01/11/2021 02:45:00 PM,2021
CR00015710,03/09/2021 09:52:00 AM,30,CLOUDY/OVERCAST,DARKNESS - LIGHTED ROAD,REAR END,NOT DIVIDED,STOP SIGN/FLASHER,FAILING TO REDUCE SPEED,UNABLE TO DETERMINE,0,0,0,0,9,3,3,1711,47TH ST,41.798737,-87.812128,03/09/2021 10:57:00 AM,2021
CR00015711,03/01/2020 04:19:00 AM,40,CLEAR,DARKNESS - LIGHTED ROAD,PEDESTRIAN,NOT DIVIDED,TRAFFIC SIGNAL,DRIVING SKILLS/KNOWLEDGE/EXPERIENCE,UNABLE TO DETERMINE,0,0,0,0,4,1,3,355,FULLERTON AVE,41.814331,-87.814428,03/01/2020 06:16:00 AM,2020
CR00015712,06/18/2021 02:40:00 PM,45,CLEAR,DAYLIGHT,REAR END,NOT DIVIDED,TRAFFIC SIGNAL,IMPROPER OVERTAKING/PASSING,UNABLE TO DETERMINE,0,0,0,0,14,6,6,1331,DIVISION ST,41.702669,-87.601273,06/18/2021 04:24:00 PM,2021
CR00015713,12/18/2019 11:21:00 AM,25,CLEAR,DAYLIGHT,REAR END,DIVIDED - W/MEDIAN (NOT RAISED),TRAFFIC SIGNAL,UNABLE TO DETERMINE,DISTRACTION - FROM INSIDE VEHICLE,0,0,0,0,11,4,12,2138,STATE ST,41.871421,-87.559756,12/18/2019 12:51:00 PM,2019
CR00015714,09/17/2023 05:41:00 PM,40,RAIN,DAYLIGHT,REAR TO FRONT,T-INTERSECTION,STOP SIGN/FLASHER,UNABLE TO DETERMINE,NOT APPLICABLE,0,0,0,0,17,1,9,2514,WESTERN AVE,41.965457,-87.682666,09/17/2023 05:43:00 PM,2023
CR00015715,11/13/2021 12:11:00 PM,30,RAIN,DUSK,ANGLE,NOT DIVIDED,NO CONTROLS,FAILING TO REDUCE SPEED,FOLLOWING TOO CLOSELY,0,0,0,0,12,7,11,1154,LAKE SHORE DR,41.712276,-87.754362,11/13/2021 12:12:00 PM,2021
CR00015716,10/23/2016 04:27:00 PM,25,CLEAR,DAYLIGHT,ANGLE,DIVIDED - W/MEDIAN BARRIER,YIELD,DISREGARDING TRAFFIC SIGNALS,NOT APPLICABLE,0,0,0,0,16,1,10,1265,WESTERN AVE,41.866296,-87.763335,10/23/2016 04:55:00 PM,2016
CR00015717,07/01/2021 08:14:00 AM,45,CLEAR,DAWN,REAR END,DIVIDED - W/MEDIAN (NOT RAISED),TRAFFIC SIGNAL,FAILING TO YIELD RIGHT-OF-WAY,NOT APPLICABLE,0,0,0,0,8,5,7,1906,PULASKI RD,41.945405,-87.515798,07/01/2021 09:21:00 AM,2021
CR00015718,05/12/2017 11:03:00 AM,30,CLOUDY/OVERCAST,DAYLIGHT,REAR END,FOUR WAY,STOP SIGN/FLASHER,FOLLOWING TOO CLOSELY,UNABLE TO DETERMINE,0,0,1,1,11,6,5,1604,63RD ST,41.70731,-87.67182,05/12/2017 11:27:00 AM,2017
CR00015719,02/11/2024 08:18:00 PM,30,CLEAR,DAYLIGHT,ANGLE,ONE-WAY,STOP SIGN/FLASHER,FAILING TO YIELD RIGHT-OF-WAY,UNABLE TO DETERMINE,0,0,0,0,20,1,2,2098,DIVISION ST,41.764038,-87.658415,02/11/2024 08:22:00 PM,2024
CR00015720,01/25/2015 06:03:00 PM,40,CLOUDY/OVERCAST,DAYLIGHT,REAR END,DIVIDED - W/MEDIAN BARRIER,STOP SIGN/FLASHER,IMPROPER OVERTAKING/PASSING,FOLLOWING TOO CLOSELY,0,0,0,0,18,1,1,2304,FULLERTON AVE,41.891384,-87.62101,01/25/2015 06:50:00 PM,2015
CR00015721,03/22/2020 05:37:00 PM,30,CLEAR,DAYLIGHT,SIDESWIPE SAME DIRECTION,NOT DIVIDED,NO CONTROLS,WEATHER,IMPROPER LANE USAGE,0,0,0,0,17,1,3,1637,MILWAUKEE AVE,41.729372,-87.754641,03/22/2020 05:54:00 PM,2020
CR00015722,07/30/2018 07:51:00 AM,35,CLEAR,DAYLIGHT,PARKED MOTOR VEHICLE,DIVIDED - W/MEDIAN (NOT RAISED),UNKNOWN,FOLLOWING TOO CLOSELY,UNABLE TO DETERMINE,0,0,2,2,7,2,7,195,BROADWAY,41.860567,-87.821892,07/30/2018 08:09:00 AM,2018
CR00015723,03/08/2019 08:15:00 AM,15,RAIN,DUSK,FIXED OBJECT,NOT DIVIDED,TRAFFIC SIGNAL,FOLLOWING TOO CLOSELY,NOT APPLICABLE,0,0,0,0,8,6,3,1947,OGDEN AVE,41.975628,-87.570121,03/08/2019 09:09:00 AM,2019
CR00015724,10/04/2016 04:47:00 AM,20,CLEAR,DAYLIGHT,SIDESWIPE SAME DIRECTION,DIVIDED - W/MEDIAN (NOT RAISED),NO CONTROLS,DISREGARDING TRAFFIC SIGNALS,FAILING TO YIELD RIGHT-OF-WAY,0,0,0,0,4,3,10,1720,ARCHER AVE,41.971952,-87.756247,10/04/2016 06:43:00 AM,2016
CR00015725,03/12/2020 01:46:00 PM,35,CLEAR,DAYLIGHT,REAR END,DIVIDED - W/MEDIAN (NOT RAISED),STOP SIGN/FLASHER,FAILING TO REDUCE SPEED,UNABLE TO DETERMINE,0,0,1,1,13,5,3,1661,STATE ST,41.74835,-87.741254,03/12/2020 02:53:00 PM,2020