CRASH_RECORD_ID,CRASH_DATE,POSTED_SPEED_LIMIT,WEATHER_CONDITION,LIGHTING_CONDITION,FIRST_CRASH_TYPE,TRAFFICWAY_TYPE,TRAFFIC_CONTROL_DEVICE,PRIM_CONTRIBUTORY_CAUSE,SEC_CONTRIBUTORY_CAUSE,INJURIES_FATAL,INJURIES_INCAPACITATING,INJURIES_NON_INCAPACITATING,INJURIES_TOTAL,CRASH_HOUR,CRASH_DAY_OF_WEEK,CRASH_MONTH,BEAT_OF_OCCURRENCE,STREET_NAME,LATITUDE,LONGITUDE,DATE_POLICE_NOTIFIED,year
CR00015726,10/23/2020 05:45:00 PM,45,CLEAR,DARKNESS - LIGHTED ROAD,REAR END,T-INTERSECTION,NO CONTROLS,WEATHER,UNABLE TO DETERMINE,0,0,0,0,17,6,10,748,MILWAUKEE AVE,41.770686,-87.623841,10/23/2020 06:05:00 PM,2020
CR00015727,09/22/2021 04:33:00 PM,35,CLEAR,DARKNESS - LIGHTED ROAD,SIDESWIPE SAME DIRECTION,NOT DIVIDED,TRAFFIC SIGNAL,FAILING TO YIELD RIGHT-OF-WAY,FAILING TO YIELD RIGHT-OF-WAY,0,0,0,0,16,4,9,1716,STATE ST,41.90922,-87.616573,09/22/2021 05:23:00 PM,2021
CR00015728,07/24/2016 03:04:00 PM,20,FREEZING RAIN/DRIZZLE,DAYLIGHT,PARKED MOTOR VEHICLE,NOT DIVIDED,YIELD,DRIVING SKILLS/KNOWLEDGE/EXPERIENCE,FOLLOWING TOO CLOSELY,0,0,0,0,15,1,7,1655,79TH ST,41.963554,-87.517035,07/24/2016 05:04:00 PM,2016
CR00015729,02/27/2020 06:13:00 AM,20,CLEAR,DARKNESS - LIGHTED ROAD,PARKED MOTOR VEHICLE,DIVIDED - W/MEDIAN (NOT RAISED),TRAFFIC SIGNAL,UNABLE TO DETERMINE,UNABLE TO DETERMINE,0,0,0,0,6,5,2,829,CICERO AVE,41.786777,-87.717901,02/27/2020 06:29:00 AM,2020
CR00015730,01/09/2016 11:42:00 PM,45,CLEAR,DUSK,REAR END,DIVIDED - W/MEDIAN (NOT RAISED),STOP SIGN/FLASHER,DISTRACTION - FROM INSIDE VEHICLE,FOLLOWING TOO CLOSELY,0,0,1,1,23,7,1,1222,LAKE SHORE DR,41.912843,-87.763533,01/09/2016 11:43:00 PM,2016
CR00015731,03/26/2022 05:14:00 AM,30,CLEAR,DAYLIGHT,REAR END,DIVIDED - W/MEDIAN (NOT RAISED),TRAFFIC SIGNAL,FOLLOWING TOO CLOSELY,IMPROPER OVERTAKING/PASSING,0,0,0,0,5,7,3,1510,DAMEN AVE,41.957338,-87.715818,03/26/2022 05:55:00 AM,2022
CR00015732,08/10/2018 02:52:00 PM,30,CLEAR,DAYLIGHT,SIDESWIPE SAME DIRECTION,DIVIDED - W/MEDIAN (NOT RAISED),TRAFFIC SIGNAL,FOLLOWING TOO CLOSELY,UNABLE TO DETERMINE,0,0,0,0,14,6,8,501,63RD ST,41.753889,-87.572752,08/10/2018 02:53:00 PM,2018
CR00015733,12/26/2018 10:39:00 AM,45,CLEAR,DAYLIGHT,ANGLE,ONE-WAY,NO CONTROLS,FAILING TO YIELD RIGHT-OF-WAY,UNABLE TO DETERMINE,0,0,0,0,10,4,12,2225,STATE ST,41.728201,-87.720285,12/26/2018 12:04:00 PM,2018
CR00015734,08/25/2024 02:03:00 AM,40,CLEAR,DAYLIGHT,SIDESWIPE SAME DIRECTION,DIVIDED - W/MEDIAN (NOT RAISED),NO CONTROLS,IMPROPER OVERTAKING/PASSING,UNABLE TO DETERMINE,0,0,0,0,2,1,8,693,ROOSEVELT RD,41.777771,-87.583343,08/25/2024 02:33:00 AM,2024
CR00015735,09/10/2022 02:13:00 PM,30,CLEAR,DAYLIGHT,REAR END,NOT DIVIDED,TRAFFIC SIGNAL,DISTRACTION - FROM INSIDE VEHICLE,DISTRACTION - FROM INSIDE VEHICLE,0,0,0,0,14,7,9,874,CLARK ST,41.916927,-87.516436,09/10/2022 02:35:00 PM,2022
CR00015736,12/15/2023 06:21:00 PM,20,CLEAR,DARKNESS,REAR TO FRONT,NOT DIVIDED,TRAFFIC SIGNAL,IMPROPER OVERTAKING/PASSING,IMPROPER OVERTAKING/PASSING,0,0,0,0,18,6,12,1378,CALIFORNIA AVE,41.707358,-87.712644,12/15/2023 07:34:00 PM,2023
CR00015737,05/28/2020 11:01:00 AM,15,CLEAR,DAYLIGHT,TURNING,NOT DIVIDED,TRAFFIC SIGNAL,IMPROPER LANE USAGE,UNABLE TO DETERMINE,0,2,1,3,11,5,5,2297,CLARK ST,41.995132,-87.651912,05/28/2020 11:40:00 AM,2020
CR00015738,01/08/2020 01:43:00 PM,45,CLEAR,DAYLIGHT,TURNING,DIVIDED - W/MEDIAN (NOT RAISED),NO CONTROLS,FOLLOWING TOO CLOSELY,FOLLOWING TOO CLOSELY,0,0,0,0,13,4,1,873,MICHIGAN AVE,41.773239,-87.73631,01/08/2020 03:01:00 PM,2020
CR00015739,10/03/2021 09:20:00 PM,35,CLEAR,DAYLIGHT,REAR TO FRONT,NOT DIVIDED,STOP SIGN/FLASHER,IMPROPER OVERTAKING/PASSING,UNABLE TO DETERMINE,0,0,0,0,21,1,10,660,CICERO AVE,41.75494,-87.521556,10/03/2021 11:10:00 PM,2021
CR00015740,05/05/2023 02:44:00 PM,30,CLEAR,DUSK,REAR TO FRONT,FOUR WAY,NO CONTROLS,IMPROPER LANE USAGE,IMPROPER LANE USAGE,0,0,0,0,14,6,5,2296,CLARK ST,41.908986,-87.788285,05/05/2023 03:55:00 PM,2023
CR00015741,09/28/2019 03:33:00 PM,20,CLEAR,DAYLIGHT,TURNING,NOT DIVIDED,NO CONTROLS,IMPROPER LANE USAGE,UNABLE TO DETERMINE,0,0,0,0,15,7,9,1074,63RD ST,41.732509,-87.636435,09/28/2019 03:47:00 PM,2019
CR00015742,06/25/2022 02:22:00 PM,30,SNOW,DAYLIGHT,TURNING,NOT DIVIDED,YIELD,UNABLE TO DETERMINE,DISTRACTION - FROM INSIDE VEHICLE,0,0,0,0,14,7,6,2175,ASHLAND AVE,41.834613,-87.606277,06/25/2022 03:03:00 PM,2022
CR00015743,05/28/2020 08:37:00 PM,30,CLEAR,DAYLIGHT,REAR END,NOT DIVIDED,NO CONTROLS,UNABLE TO DETERMINE,FAILING TO YIELD RIGHT-OF-WAY,0,0,0,0,20,5,5,1859,STONY ISLAND AVE,41.85403,-87.562989,05/28/2020 09:19:00 PM,2020
CR00015744,06/23/2018 01:57:00 PM,20,CLEAR,DARKNESS - LIGHTED ROAD,TURNING,DIVIDED - W/MEDIAN BARRIER,STOP SIGN/FLASHER,IMPROPER LANE USAGE,IMPROPER LANE USAGE,0,0,0,0,13,7,6,964,DAMEN AVE,41.95518,-87.686223,06/23/2018 03:05:00 PM,2018
CR00015745,09/01/2018 05:15:00 PM,15,CLEAR,DARKNESS - LIGHTED ROAD,REAR END,NOT DIVIDED,NO CONTROLS,FOLLOWING TOO CLOSELY,NOT APPLICABLE,0,0,0,0,17,7,9,2269,63RD ST,41.865859,-87.818493,09/01/2018 05:52:00 PM,2018
CR00015746,06/19/2023 02:23:00 AM,30,SNOW,DARKNESS,PARKED MOTOR VEHICLE,T-INTERSECTION,TRAFFIC SIGNAL,UNABLE TO DETERMINE,DRIVING SKILLS/KNOWLEDGE/EXPERIENCE,0,0,2,2,2,2,6,338,ASHLAND AVE,41.805053,-87.528361,06/19/2023 03:28:00 AM,2023
CR00015747,10/01/2024 04:31:00 PM,30,RAIN,DAYLIGHT,TURNING,FOUR WAY,NO CONTROLS,DISTRACTION - FROM INSIDE VEHICLE,UNABLE TO DETERMINE,0,2,1,3,16,3,10,1449,WESTERN AVE,41.999398,-87.823154,10/01/2024 05:34:00 PM,2024
CR00015748,06/06/2016 10:33:00 PM,35,CLEAR,DAYLIGHT,SIDESWIPE SAME DIRECTION,NOT DIVIDED,TRAFFIC SIGNAL,FOLLOWING TOO CLOSELY,FOLLOWING TOO CLOSELY,0,0,0,0,22,2,6,1523,PULASKI RD,41.711778,-87.768818,06/06/2016 10:57:00 PM,2016
CR00015749,01/31/2015 01:01:00 PM,25,RAIN,DAYLIGHT,TURNING,DIVIDED - W/MEDIAN (NOT RAISED),TRAFFIC SIGNAL,FOLLOWING TOO CLOSELY,UNABLE TO DETERMINE,0,0,0,0,13,7,1,1036,BROADWAY,41.981036,-87.610058,01/31/2015 01:48:00 PM,2015
CR00015750,12/22/2022 08:06:00 AM,35,CLEAR,DAWN,REAR END,NOT DIVIDED,YIELD,FAILING TO YIELD RIGHT-OF-WAY,UNABLE TO DETERMINE,0,0,0,0,8,5,12,1737,LAKE SHORE DR,41.91688,-87.627095,12/22/2022 09:57:00 AM,2022
CR00015751,03/22/2019 05:04:00 PM,25,CLEAR,DAYLIGHT,REAR END,DIVIDED - W/MEDIAN (NOT RAISED),NO CONTROLS,FOLLOWING TOO CLOSELY,FAILING TO YIELD RIGHT-OF-WAY,0,0,0,0,17,6,3,1340,MICHIGAN AVE,41.76501,-87.651316,03/22/2019 07:01:00 PM,2019
CR00015752,11/13/2022 11:30:00 AM,25,CLEAR,DARKNESS,REAR END,NOT DIVIDED,NO CONTROLS,DISTRACTION - FROM INSIDE VEHICLE,DRIVING SKILLS/KNOWLEDGE/EXPERIENCE,0,0,0,0,11,1,11,1029,DIVISION ST,41.788926,-87.824529,11/13/2022 12:23:00 PM,2022
CR00015753,07/05/2015 08:01:00 PM,15,CLOUDY/OVERCAST,DAYLIGHT,SIDESWIPE SAME DIRECTION,NOT DIVIDED,NO CONTROLS,FOLLOWING TOO CLOSELY,DRIVING SKILLS/KNOWLEDGE/EXPERIENCE,0,0,1,1,20,1,7,560,ASHLAND AVE,41.936419,-87.562882,07/05/2015 08:32:00 PM,2015
CR00015754,07/09/2024 07:28:00 AM,30,CLEAR,DAYLIGHT,ANGLE,NOT DIVIDED,NO CONTROLS,FOLLOWING TOO CLOSELY,FAILING TO REDUCE SPEED,0,0,0,0,7,3,7,1337,IRVING PARK RD,41.99641,-87.794794,07/09/2024 08:58:00 AM,2024
CR00015755,10/12/2018 05:44:00 PM,35,CLEAR,DAYLIGHT,REAR END,NOT DIVIDED,STOP SIGN/FLASHER,IMPROPER OVERTAKING/PASSING,NOT APPLICABLE,0,0,0,0,17,6,10,707,79TH ST,41.831391,-87.7855,10/12/2018 07:22:00 PM,2018
CR00015756,06/08/2021 09:33:00 AM,20,CLEAR,DAYLIGHT,ANGLE,NOT DIVIDED,STOP SIGN/FLASHER,DRIVING SKILLS/KNOWLEDGE/EXPERIENCE,FOLLOWING TOO CLOSELY,0,0,0,0,9,3,6,1123,DAMEN AVE,41.728713,-87.779918,06/08/2021 09:45:00 AM,2021
CR00015757,04/21/2023 12:25:00 AM,25,CLEAR,DARKNESS - LIGHTED ROAD,REAR END,NOT DIVIDED,TRAFFIC SIGNAL,IMPROPER OVERTAKING/PASSING,IMPROPER LANE USAGE,0,0,0,0,0,6,4,1889,ASHLAND AVE,41.777129,-87.722259,04/21/2023 01:31:00 AM,2023
CR00015758,12/20/2018 05:57:00 PM,30,CLEAR,DAYLIGHT,TURNING,DIVIDED - W/MEDIAN (NOT RAISED),TRAFFIC SIGNAL,UNABLE TO DETERMINE,NOT APPLICABLE,0,0,0,0,17,5,12,2198,DAMEN AVE,41.88074,-87.512296,12/20/2018 07:47:00 PM,2018
CR00015759,07/08/2024 08:17:00 PM,15,SNOW,DARKNESS,PEDESTRIAN,NOT DIVIDED,NO CONTROLS,DRIVING SKILLS/KNOWLEDGE/EXPERIENCE,UNABLE TO DETERMINE,0,0,0,0,20,2,7,1173,ARCHER AVE,41.884941,-87.818489,07/08/2024 08:53:00 PM,2024
CR00015760,01/09/2023 10:12:00 AM,40,CLEAR,DUSK,REAR END,NOT DIVIDED,STOP SIGN/FLASHER,IMPROPER OVERTAKING/PASSING,FAILING TO YIELD RIGHT-OF-WAY,0,1,1,2,10,2,1,725,CICERO AVE,41.733859,-87.706393,01/09/2023 10:44:00 AM,2023
CR00015761,05/22/2024 04:07:00 PM,15,CLEAR,DAYLIGHT,TURNING,NOT DIVIDED,UNKNOWN,FOLLOWING TOO CLOSELY,IMPROPER OVERTAKING/PASSING,0,0,0,0,16,4,5,2335,ARCHER AVE,41.944663,-87.704191,05/22/2024 04:44:00 PM,2024
CR00015762,05/10/2018 06:11:00 PM,45,RAIN,DARKNESS - LIGHTED ROAD,REAR END,DIVIDED - W/MEDIAN (NOT RAISED),NO CONTROLS,UNABLE TO DETERMINE,UNABLE TO DETERMINE,0,0,0,0,18,5,5,1562,DIVISION ST,41.772204,-87.50275,05/10/2018 06:12:00 PM,2018
CR00015763,11/13/2016 04:42:00 PM,35,CLEAR,DARKNESS,ANGLE,DIVIDED - W/MEDIAN BARRIER,STOP SIGN/FLASHER,DRIVING SKILLS/KNOWLEDGE/EXPERIENCE,DRIVING SKILLS/KNOWLEDGE/EXPERIENCE,0,0,0,0,16,1,11,1810,MILWAUKEE AVE,41.977743,-87.555902,11/13/2016 05:26:00 PM,2016
CR00015764,06/06/2019 01:10:00 PM,25,CLEAR,DAYLIGHT,SIDESWIPE SAME DIRECTION,NOT DIVIDED,NO CONTROLS,UNABLE TO DETERMINE,FOLLOWING TOO CLOSELY,0,0,0,0,13,5,6,956,STATE ST,41.851303,-87.640271,06/06/2019 01:18:00 PM,2019
CR00015765,08/05/2019 07:27:00 AM,30,CLEAR,DAYLIGHT,REAR TO FRONT,NOT DIVIDED,NO CONTROLS,FAILING TO YIELD RIGHT-OF-WAY,UNABLE TO DETERMINE,0,0,0,0,7,2,8,1991,ELSTON AVE,41.806006,-87.509105,08/05/2019 08:00:00 AM,2019
CR00015766,06/27/2021 08:10:00 AM,35,RAIN,DUSK,SIDESWIPE SAME DIRECTION,DIVIDED - W/MEDIAN (NOT RAISED),NO CONTROLS,UNABLE TO DETERMINE,UNABLE TO DETERMINE,0,0,0,0,8,1,6,2034,STATE ST,41.733677,-87.518076,06/27/2021 09:49:00 AM,2021
CR00015767,05/15/2024 07:51:00 AM,30,CLEAR,DAYLIGHT,REAR TO FRONT,FOUR WAY,TRAFFIC SIGNAL,DISTRACTION - FROM INSIDE VEHICLE,DRIVING SKILLS/KNOWLEDGE/EXPERIENCE,0,0,0,0,7,4,5,1894,BROADWAY,41.956245,-87.644939,05/15/2024 09:07:00 AM,2024
CR00015768,12/27/2017 05:31:00 PM,30,CLEAR,DAYLIGHT,REAR END,NOT DIVIDED,STOP SIGN/FLASHER,IMPROPER OVERTAKING/PASSING,FAILING TO YIELD RIGHT-OF-WAY,0,0,0,0,17,4,12,1295,BROADWAY,41.88404,-87.657777,12/27/2017 06:18:00 PM,2017
CR00015769,03/10/2018 05:22:00 PM,15,CLEAR,DARKNESS,REAR TO FRONT,ONE-WAY,TRAFFIC SIGNAL,IMPROPER OVERTAKING/PASSING,WEATHER,0,0,0,0,17,7,3,2251,KEDZIE AVE,41.883244,-87.776292,03/10/2018 05:53:00 PM,2018
CR00015770,05/05/2015 01:36:00 PM,40,CLEAR,DARKNESS - LIGHTED ROAD,TURNING,NOT DIVIDED,STOP SIGN/FLASHER,FOLLOWING TOO CLOSELY,NOT APPLICABLE,0,0,0,0,13,3,5,1253,ARCHER AVE,41.928106,-87.600732,05/05/2015 02:22:00 PM,2015
CR00015771,04/05/2015 05:31:00 PM,30,CLEAR,DUSK,PARKED MOTOR VEHICLE,ONE-WAY,NO CONTROLS,FAILING TO REDUCE SPEED,NOT APPLICABLE,0,0,2,2,17,1,4,1560,IRVING PARK RD,41.814148,-87.582376,04/05/2015 06:53:00 PM,2015
CR00015772,05/23/2021 04:31:00 PM,20,CLEAR,DAYLIGHT,ANGLE,DIVIDED - W/MEDIAN BARRIER,NO CONTROLS,DISTRACTION - FROM INSIDE VEHICLE,UNABLE TO DETERMINE,0,0,1,1,16,1,5,1867,FULLERTON AVE,41.848545,-87.57877,05/23/2021 05:14:00 PM,2021
CR00015773,01/09/2020 07:43:00 AM,35,CLEAR,DARKNESS - LIGHTED ROAD,PARKED MOTOR VEHICLE,DIVIDED - W/MEDIAN (NOT RAISED),NO CONTROLS,FOLLOWING TOO CLOSELY,UNABLE TO DETERMINE,0,0,1,1,7,5,1,166,ARCHER AVE,41.87603,-87.642711,01/09/2020 09:37:00 AM,2020
CR00015774,03/28/2022 03:35:00 AM,15,CLEAR,DAYLIGHT,ANGLE,NOT DIVIDED,UNKNOWN,FAILING TO YIELD RIGHT-OF-WAY,NOT APPLICABLE,0,0,0,0,3,2,3,933,LAKE SHORE DR,41.91266,-87.581548,03/28/2022 03:47:00 AM,2022
CR00015775,07/27/2017 04:35:00 PM,25,CLEAR,DAYLIGHT,REAR END,ONE-WAY,UNKNOWN,DRIVING SKILLS/KNOWLEDGE/EXPERIENCE,IMPROPER OVERTAKING/PASSING,0,0,0,0,16,5,7,604,BROADWAY,41.747897,-87.664493,07/27/2017 05:30:00 PM,2017
CR00015776,12/17/2021 05:34:00 PM,20,CLEAR,DARKNESS,ANGLE,NOT DIVIDED,NO CONTROLS,FAILING TO REDUCE SPEED,DISTRACTION - FROM INSIDE VEHICLE,0,0,0,0,17,6,12,402,CALIFORNIA AVE,41.95267,-87.809722,12/17/2021 06:09:00 PM,2021
CR00015777,04/05/2015 04:02:00 PM,35,CLEAR,DARKNESS - LIGHTED ROAD,SIDESWIPE SAME DIRECTION,ONE-WAY,NO CONTROLS,DRIVING SKILLS/KNOWLEDGE/EXPERIENCE,NOT APPLICABLE,0,0,0,0,16,1,4,1240,STONY ISLAND AVE,41.709505,-87.504905,04/05/2015 04:13:00 PM,2015
CR00015778,11/19/2017 02:09:00 AM,30,CLEAR,DARKNESS - LIGHTED ROAD,REAR END,FOUR WAY,NO CONTROLS,IMPROPER OVERTAKING/PASSING,FAILING TO YIELD RIGHT-OF-WAY,0,0,0,0,2,1,11,517,CLARK ST,41.985087,-87.556485,11/19/2017 03:20:00 AM,2017
CR00015779,04/08/2018 12:59:00 AM,40,CLEAR,DARKNESS - LIGHTED ROAD,REAR END,NOT DIVIDED,NO CONTROLS,UNABLE TO DETERMINE,FOLLOWING TOO CLOSELY,0,0,0,0,0,1,4,1781,STATE ST,41.812891,-87.751334,04/08/2018 02:20:00 AM,2018
CR00015780,03/17/2021 12:46:00 PM,15,CLEAR,DAYLIGHT,PARKED MOTOR VEHICLE,NOT DIVIDED,TRAFFIC SIGNAL,DISREGARDING TRAFFIC SIGNALS,DISTRACTION - FROM INSIDE VEHICLE,0,0,0,0,12,4,3,319,CALIFORNIA AVE,41.71917,-87.734342,03/17/2021 02:44:00 PM,2021
CR00015781,09/17/2017 09:31:00 AM,35,CLEAR,DAYLIGHT,REAR TO FRONT,NOT DIVIDED,TRAFFIC SIGNAL,UNABLE TO DETERMINE,FOLLOWING TOO CLOSELY,0,0,2,2,9,1,9,1071,FULLERTON AVE,41.739667,-87.597153,09/17/2017 10:53:00 AM,2017
CR00015782,05/02/2024 06:26:00 PM,35,CLEAR,DARKNESS - LIGHTED ROAD,PARKED MOTOR VEHICLE,NOT DIVIDED,NO CONTROLS,FAILING TO REDUCE SPEED,FAILING TO REDUCE SPEED,0,0,0,0,18,5,5,2036,79TH ST,41.711472,-87.695832,05/02/2024 07:34:00 PM,2024
CR00015783,04/04/2020 07:38:00 AM,30,CLEAR,DARKNESS - LIGHTED ROAD,ANGLE,NOT DIVIDED,NO CONTROLS,UNABLE TO DETERMINE,DRIVING SKILLS/KNOWLEDGE/EXPERIENCE,0,0,1,1,7,7,4,760,MICHIGAN AVE,41.809265,-87.63447,04/04/2020 08:51:00 AM,2020
CR00015784,02/15/2016 08:33:00 PM,15,SNOW,DAYLIGHT,TURNING,NOT DIVIDED,NO CONTROLS,DISREGARDING TRAFFIC SIGNALS,NOT APPLICABLE,0,0,0,0,20,2,2,2478,BROADWAY,41.738713,-87.84108,02/15/2016 10:02:00 PM,2016
CR00015785,06/10/2017 08:11:00 AM,35,CLEAR,DAYLIGHT,PEDESTRIAN,NOT DIVIDED,TRAFFIC SIGNAL,IMPROPER OVERTAKING/PASSING,NOT APPLICABLE,0,1,1,2,8,7,6,2531,DIVISION ST,41.945648,-87.657544,06/10/2017 09:53:00 AM,2017
CR00015786,07/11/2015 01:42:00 PM,25,CLEAR,DARKNESS - LIGHTED ROAD,TURNING,NOT DIVIDED,NO CONTROLS,FAILING TO YIELD RIGHT-OF-WAY,FOLLOWING TOO CLOSELY,0,0,0,0,13,7,7,1058,HALSTED ST,41.725161,-87.600698,07/11/2015 02:34:00 PM,2015
CR00015787,05/24/2022 08:48:00 PM,30,CLOUDY/OVERCAST,DAYLIGHT,REAR END,ONE-WAY,YIELD,UNABLE TO DETERMINE,IMPROPER OVERTAKING/PASSING,0,0,0,0,20,3,5,1781,ELSTON AVE,41.939123,-87.602086,05/24/2022 10:27:00 PM,2022
CR00015788,01/26/2019 08:13:00 AM,30,CLEAR,DARKNESS - LIGHTED ROAD,SIDESWIPE SAME DIRECTION,FOUR WAY,NO CONTROLS,UNABLE TO DETERMINE,DISTRACTION - FROM INSIDE VEHICLE,0,0,0,0,8,7,1,587,ELSTON AVE,41.747327,-87.610907,01/26/2019 08:20:00 AM,2019
CR00015789,11/01/2022 08:56:00 PM,30,RAIN,DAYLIGHT,REAR END,NOT DIVIDED,TRAFFIC SIGNAL,UNABLE TO DETERMINE,FAILING TO YIELD RIGHT-OF-WAY,0,0,3,3,20,3,11,1571,IRVING PARK RD,41.996459,-87.795822,11/01/2022 10:52:00 PM,2022
CR00015790,04/14/2018 09:17:00 PM,20,RAIN,DAYLIGHT,REAR END,NOT DIVIDED,TRAFFIC SIGNAL,DISTRACTION - FROM INSIDE VEHICLE,FOLLOWING TOO CLOSELY,0,0,1,1,21,7,4,1494,MICHIGAN AVE,41.956433,-87.556523,04/14/2018 10:33:00 PM,2018
CR00015791,12/22/2022 06:30:00 PM,30,CLOUDY/OVERCAST,DAYLIGHT,PEDESTRIAN,FOUR WAY,STOP SIGN/FLASHER,FAILING TO YIELD RIGHT-OF-WAY,FAILING TO REDUCE SPEED,0,0,1,1,18,5,12,2198,STONY ISLAND AVE,41.912658,-87.667169,12/22/2022 07:24:00 PM,2022
CR00015792,10/06/2024 07:40:00 PM,30,SNOW,DAYLIGHT,ANGLE,DIVIDED - W/MEDIAN BARRIER,TRAFFIC SIGNAL,UNABLE TO DETERMINE,DRIVING SKILLS/KNOWLEDGE/EXPERIENCE,0,0,0,0,19,1,10,425,CLARK ST,41.879703,-87.590728,10/06/2024 07:51:00 PM,2024
CR00015793,01/12/2021 09:54:00 PM,25,CLEAR,DAYLIGHT,REAR END,NOT DIVIDED,TRAFFIC SIGNAL,FAILING TO YIELD RIGHT-OF-WAY,UNABLE TO DETERMINE,0,0,0,0,21,3,1,1328,47TH ST,41.881705,-87.69008,01/12/2021 10:35:00 PM,2021
CR00015794,08/22/2020 09:15:00 AM,25,CLEAR,DAWN,FIXED OBJECT,DIVIDED - W/MEDIAN (NOT RAISED),TRAFFIC SIGNAL,FOLLOWING TOO CLOSELY,NOT APPLICABLE,0,0,0,0,9,7,8,882,WESTERN AVE,41.833692,-87.690238,08/22/2020 09:33:00 AM,2020
CR00015795,12/14/2019 04:26:00 PM,30,CLOUDY/OVERCAST,DAYLIGHT,ANGLE,NOT DIVIDED,TRAFFIC SIGNAL,DISTRACTION - FROM INSIDE VEHICLE,UNABLE TO DETERMINE,0,1,2,3,16,7,12,2467,ELSTON AVE,41.991582,-87.559126,12/14/2019 06:12:00 PM,2019
CR00015796,05/26/2024 02:29:00 PM,40,RAIN,DAYLIGHT,FIXED OBJECT,FOUR WAY,NO CONTROLS,UNABLE TO DETERMINE,WEATHER,0,0,1,1,14,1,5,1578,ASHLAND AVE,41.905641,-87.656767,05/26/2024 04:27:00 PM,2024
CR00015797,12/31/2018 08:34:00 AM,25,CLEAR,DARKNESS - LIGHTED ROAD,TURNING,DIVIDED - W/MEDIAN (NOT RAISED),STOP SIGN/FLASHER,UNABLE TO DETERMINE,FOLLOWING TOO CLOSELY,0,0,0,0,8,2,12,296,LAKE SHORE DR,41.911504,-87.524175,12/31/2018 08:49:00 AM,2018
CR00015798,02/11/2017 08:53:00 AM,30,CLEAR,DARKNESS - LIGHTED ROAD,TURNING,NOT DIVIDED,TRAFFIC SIGNAL,FAILING TO YIELD RIGHT-OF-WAY,IMPROPER OVERTAKING/PASSING,0,2,1,3,8,7,2,1602,ROOSEVELT RD,41.729723,-87.576703,02/11/2017 10:27:00 AM,2017
CR00015799,07/28/2022 12:16:00 PM,30,RAIN,DAYLIGHT,REAR END,DIVIDED - W/MEDIAN (NOT RAISED),NO CONTROLS,FAILING TO REDUCE SPEED,UNABLE TO DETERMINE,0,0,0,0,12,5,7,312,LAKE SHORE DR,41.83631,-87.675321,07/28/2022 12:23:00 PM,2022
CR00015800,09/07/2019 03:06:00 PM,30,CLEAR,DARKNESS - LIGHTED ROAD,REAR END,DIVIDED - W/MEDIAN (NOT RAISED),NO CONTROLS,DRIVING SKILLS/KNOWLEDGE/EXPERIENCE,FOLLOWING TOO CLOSELY,0,0,0,0,15,7,9,206,BROADWAY,41.79262,-87.687197,09/07/2019 03:14:00 PM,2019
CR00015801,08/31/2018 08:41:00 AM,30,CLEAR,DAYLIGHT,REAR END,DIVIDED - W/MEDIAN (NOT RAISED),TRAFFIC SIGNAL,DISTRACTION - FROM INSIDE VEHICLE,FAILING TO YIELD RIGHT-OF-WAY,0,0,0,0,8,6,8,2143,BROADWAY,41.845922,-87.833674,08/31/2018 10:12:00 AM,2018
CR00015802,03/08/2017 08:11:00 AM,35,RAIN,DAYLIGHT,REAR END,FOUR WAY,NO CONTROLS,IMPROPER LANE USAGE,IMPROPER OVERTAKING/PASSING,0,0,0,0,8,4,3,1531,MICHIGAN AVE,41.803212,-87.51282,03/08/2017 09:22:00 AM,2017
CR00015803,03/09/2019 07:08:00 AM,35,CLEAR,DAYLIGHT,TURNING,DIVIDED - W/MEDIAN (NOT RAISED),TRAFFIC SIGNAL,UNABLE TO DETERMINE,UNABLE TO DETERMINE,0,0,0,0,7,7,3,1997,PULASKI RD,41.992329,-87.633511,03/09/2019 08:48:00 AM,2019
CR00015804,12/23/2016 07:38:00 PM,35,CLEAR,DUSK,REAR END,DIVIDED - W/MEDIAN BARRIER,NO CONTROLS,UNABLE TO DETERMINE,FAILING TO YIELD RIGHT-OF-WAY,0,0,0,0,19,6,12,719,63RD ST,41.783717,-87.813087,12/23/2016 09:19:00 PM,2016
CR00015805,04/05/2023 01:17:00 PM,30,CLEAR,DAYLIGHT,TURNING,NOT DIVIDED,TRAFFIC SIGNAL,DISREGARDING TRAFFIC SIGNALS,FOLLOWING TOO CLOSELY,0,0,0,0,13,4,4,961,47TH ST,41.74682,-87.618743,04/05/2023 01:23:00 PM,2023
CR00015806,01/23/2016 05:39:00 AM,25,CLEAR,DAYLIGHT,REAR TO FRONT,DIVIDED - W/MEDIAN (NOT RAISED),UNKNOWN,DISTRACTION - FROM INSIDE VEHICLE,IMPROPER OVERTAKING/PASSING,0,0,0,0,5,7,1,2377,CLARK ST,41.836415,-87.580816,01/23/2016 07:03:00 AM,2016
CR00015807,11/18/2024 12:50:00 AM,20,FREEZING RAIN/DRIZZLE,DAYLIGHT,FIXED OBJECT,NOT DIVIDED,STOP SIGN/FLASHER,DRIVING SKILLS/KNOWLEDGE/EXPERIENCE,FOLLOWING TOO CLOSELY,0,0,0,0,0,2,11,1533,DIVISION ST,41.703258,-87.625916,11/18/2024 02:16:00 AM,2024