CRASH_RECORD_ID,CRASH_DATE,POSTED_SPEED_LIMIT,WEATHER_CONDITION,LIGHTING_CONDITION,FIRST_CRASH_TYPE,TRAFFICWAY_TYPE,TRAFFIC_CONTROL_DEVICE,PRIM_CONTRIBUTORY_CAUSE,SEC_CONTRIBUTORY_CAUSE,INJURIES_FATAL,INJURIES_INCAPACITATING,INJURIES_NON_INCAPACITATING,INJURIES_TOTAL,CRASH_HOUR,CRASH_DAY_OF_WEEK,CRASH_MONTH,BEAT_OF_OCCURRENCE,STREET_NAME,LATITUDE,LONGITUDE,DATE_POLICE_NOTIFIED,year
CR00015808,04/29/2021 02:38:00 PM,35,RAIN,DAYLIGHT,SIDESWIPE SAME DIRECTION,ONE-WAY,TRAFFIC SIGNAL,IMPROPER LANE USAGE,FOLLOWING TOO CLOSELY,0,0,0,0,14,5,4,1117,IRVING PARK RD,41.814201,-87.505707,04/29/2021 04:20:00 PM,2021
CR00015809,11/03/2016 08:53:00 AM,35,CLEAR,DARKNESS - LIGHTED ROAD,ANGLE,NOT DIVIDED,TRAFFIC SIGNAL,FOLLOWING TOO CLOSELY,NOT APPLICABLE,0,0,0,0,8,5,11,1165,CLARK ST,41.894258,-87.705244,11/03/2016 10:27:00 AM,2016
CR00015810,01/11/2020 05:13:00 PM,30,CLEAR,DARKNESS,REAR END,DIVIDED - W/MEDIAN BARRIER,UNKNOWN,DISTRACTION - FROM INSIDE VEHICLE,UNABLE TO DETERMINE,0,0,0,0,17,7,1,676,CALIFORNIA AVE,41.731679,-87.642229,01/11/2020 05:48:00 PM,2020
CR00015811,07/11/2020 07:53:00 AM,20,CLEAR,DAYLIGHT,REAR END,DIVIDED - W/MEDIAN BARRIER,NO CONTROLS,FAILING TO REDUCE SPEED,UNABLE TO DETERMINE,0,0,0,0,7,7,7,300,ROOSEVELT RD,41.781034,-87.727669,07/11/2020 08:08:00 AM,2020
CR00015812,06/05/2020 03:03:00 PM,30,RAIN,DARKNESS - LIGHTED ROAD,REAR END,DIVIDED - W/MEDIAN BARRIER,NO CONTROLS,UNABLE TO DETERMINE,FOLLOWING TOO CLOSELY,0,0,0,0,15,6,6,2435,63RD ST,41.777858,-87.673252,06/05/2020 04:46:00 PM,2020
CR00015813,08/21/2018 01:10:00 AM,35,CLEAR,DAYLIGHT,REAR END,ONE-WAY,NO CONTROLS,FOLLOWING TOO CLOSELY,DISTRACTION - FROM INSIDE VEHICLE,0,0,1,1,1,3,8,2279,OGDEN AVE,41.71603,-87.530595,08/21/2018 01:57:00 AM,2018
CR00015814,11/13/2015 10:35:00 AM,30,CLEAR,DAYLIGHT,ANGLE,ONE-WAY,NO CONTROLS,UNABLE TO DETERMINE,NOT APPLICABLE,0,0,0,0,10,6,11,804,HALSTED ST,41.835108,-87.789465,11/13/2015 11:01:00 AM,2015
CR00015815,08/17/2022 09:34:00 AM,40,CLEAR,DAYLIGHT,REAR END,ONE-WAY,TRAFFIC SIGNAL,DISTRACTION - FROM INSIDE VEHICLE,UNABLE TO DETERMINE,0,0,0,0,9,4,8,1980,MICHIGAN AVE,41.816268,-87.630265,08/17/2022 10:44:00 AM,2022
CR00015816,02/21/2022 12:49:00 AM,35,RAIN,DAYLIGHT,FIXED OBJECT,DIVIDED - W/MEDIAN (NOT RAISED),STOP SIGN/FLASHER,DISREGARDING TRAFFIC SIGNALS,FOLLOWING TOO CLOSELY,0,0,0,0,0,2,2,2425,LAKE SHORE DR,41.996608,-87.697631,02/21/2022 01:14:00 AM,2022
CR00015817,06/08/2024 02:55:00 PM,35,CLEAR,DAYLIGHT,REAR END,T-INTERSECTION,TRAFFIC SIGNAL,DRIVING SKILLS/KNOWLEDGE/EXPERIENCE,UNABLE TO DETERMINE,0,0,3,3,14,7,6,1982,STONY ISLAND AVE,41.711146,-87.783948,06/08/2024 04:18:00 PM,2024
CR00015818,03/08/2020 04:46:00 PM,45,CLEAR,DARKNESS - LIGHTED ROAD,TURNING,DIVIDED - W/MEDIAN (NOT RAISED),NO CONTROLS,DISTRACTION - FROM INSIDE VEHICLE,FOLLOWING TOO CLOSELY,0,0,1,1,16,1,3,2104,CICERO AVE,41.888123,-87.697037,03/08/2020 06:14:00 PM,2020
CR00015819,09/25/2024 06:14:00 PM,45,CLEAR,DARKNESS,REAR END,DIVIDED - W/MEDIAN BARRIER,TRAFFIC SIGNAL,FOLLOWING TOO CLOSELY,NOT APPLICABLE,0,0,1,1,18,4,9,567,FULLERTON AVE,41.793289,-87.62888,09/25/2024 08:08:00 PM,2024
CR00015820,10/01/2018 07:13:00 AM,30,CLEAR,DAYLIGHT,PEDESTRIAN,NOT DIVIDED,TRAFFIC SIGNAL,UNABLE TO DETERMINE,IMPROPER LANE USAGE,0,0,0,0,7,2,10,881,STONY ISLAND AVE,41.983927,-87.659643,10/01/2018 07:41:00 AM,2018
CR00015821,09/04/2016 04:10:00 AM,20,CLEAR,DAYLIGHT,ANGLE,DIVIDED - W/MEDIAN (NOT RAISED),TRAFFIC SIGNAL,UNABLE TO DETERMINE,IMPROPER OVERTAKING/PASSING,0,0,0,0,4,1,9,1252,ELSTON AVE,41.834259,-87.746024,09/04/2016 04:26:00 AM,2016
CR00015822,05/30/2024 08:50:00 PM,25,CLEAR,DARKNESS - LIGHTED ROAD,PARKED MOTOR VEHICLE,DIVIDED - W/MEDIAN (NOT RAISED),NO CONTROLS,IMPROPER LANE USAGE,IMPROPER LANE USAGE,0,0,1,1,20,5,5,2301,MILWAUKEE AVE,41.997293,-87.842292,05/30/2024 09:36:00 PM,2024
CR00015823,01/11/2022 07:37:00 PM,15,CLEAR,DARKNESS - LIGHTED ROAD,TURNING,NOT DIVIDED,NO CONTROLS,FAILING TO YIELD RIGHT-OF-WAY,DRIVING SKILLS/KNOWLEDGE/EXPERIENCE,0,0,0,0,19,3,1,2142,CLARK ST,41.859997,-87.719023,01/11/2022 08:10:00 PM,2022
CR00015824,05/31/2022 06:28:00 AM,35,CLEAR,DARKNESS,REAR END,NOT DIVIDED,TRAFFIC SIGNAL,UNABLE TO DETERMINE,IMPROPER OVERTAKING/PASSING,0,0,0,0,6,3,5,1007,IRVING PARK RD,41.85958,-87.549561,05/31/2022 07:15:00 AM,2022
CR00015825,01/01/2018 09:45:00 AM,45,CLEAR,DARKNESS - LIGHTED ROAD,TURNING,NOT DIVIDED,UNKNOWN,UNABLE TO DETERMINE,DRIVING SKILLS/KNOWLEDGE/EXPERIENCE,0,0,1,1,9,2,1,791,DIVISION ST,41.724478,-87.728275,01/01/2018 10:28:00 AM,2018
CR00015826,10/29/2022 09:34:00 PM,30,CLEAR,DARKNESS - LIGHTED ROAD,REAR END,DIVIDED - W/MEDIAN BARRIER,TRAFFIC SIGNAL,IMPROPER OVERTAKING/PASSING,UNABLE TO DETERMINE,0,0,0,0,21,7,10,217,IRVING PARK RD,41.82006,-87.635416,10/29/2022 11:23:00 PM,2022
CR00015827,02/26/2024 10:19:00 AM,30,CLEAR,DAYLIGHT,REAR END,T-INTERSECTION,TRAFFIC SIGNAL,IMPROPER OVERTAKING/PASSING,NOT APPLICABLE,0,0,0,0,10,2,2,622,KEDZIE AVE,41.803166,-87.648306,02/26/2024 11:43:00 AM,2024
CR00015828,09/21/2023 07:47:00 AM,30,FOG/SMOKE/HAZE,DARKNESS - LIGHTED ROAD,PARKED MOTOR VEHICLE,ONE-WAY,NO CONTROLS,WEATHER,FAILING TO YIELD RIGHT-OF-WAY,1,0,0,1,7,5,9,782,MICHIGAN AVE,41.9961,-87.545412,09/21/2023 08:21:00 AM,2023
CR00015829,05/15/2020 06:15:00 PM,30,CLEAR,DARKNESS - LIGHTED ROAD,PARKED MOTOR VEHICLE,DIVIDED - W/MEDIAN BARRIER,TRAFFIC SIGNAL,UNABLE TO DETERMINE,IMPROPER LANE USAGE,0,0,0,0,18,6,5,1640,STATE ST,41.894036,-87.677595,05/15/2020 08:15:00 PM,2020
CR00015830,02/22/2016 06:43:00 AM,35,CLEAR,DAYLIGHT,ANGLE,DIVIDED - W/MEDIAN (NOT RAISED),NO CONTROLS,WEATHER,FOLLOWING TOO CLOSELY,0,0,0,0,6,2,2,1982,CLARK ST,41.73796,-87.718683,02/22/2016 07:34:00 AM,2016
CR00015831,03/08/2023 07:52:00 AM,35,CLEAR,DAYLIGHT,TURNING,T-INTERSECTION,NO CONTROLS,UNABLE TO DETERMINE,FOLLOWING TOO CLOSELY,0,0,0,0,7,4,3,131,DAMEN AVE,41.774617,-87.665713,03/08/2023 08:36:00 AM,2023
CR00015832,04/25/2017 12:31:00 PM,30,CLEAR,DAYLIGHT,REAR END,FOUR WAY,UNKNOWN,DISTRACTION - FROM INSIDE VEHICLE,NOT APPLICABLE,0,0,1,1,12,3,4,2250,ROOSEVELT RD,41.873884,-87.742007,04/25/2017 01:33:00 PM,2017
CR00015833,02/20/2024 03:25:00 PM,25,CLEAR,DAYLIGHT,PARKED MOTOR VEHICLE,DIVIDED - W/MEDIAN BARRIER,STOP SIGN/FLASHER,FOLLOWING TOO CLOSELY,FAILING TO YIELD RIGHT-OF-WAY,0,0,0,0,15,3,2,1001,KEDZIE AVE,41.726524,-87.63474,02/20/2024 04:06:00 PM,2024
CR00015834,08/17/2021 07:25:00 PM,30,SNOW,DAYLIGHT,SIDESWIPE SAME DIRECTION,DIVIDED - W/MEDIAN (NOT RAISED),STOP SIGN/FLASHER,UNABLE TO DETERMINE,UNABLE TO DETERMINE,0,0,1,1,19,3,8,1518,FULLERTON AVE,41.972426,-87.51784,08/17/2021 09:17:00 PM,2021
CR00015835,02/14/2016 12:26:00 PM,15,CLEAR,DARKNESS - LIGHTED ROAD,REAR END,NOT DIVIDED,UNKNOWN,FOLLOWING TOO CLOSELY,FOLLOWING TOO CLOSELY,0,0,0,0,12,1,2,1791,ASHLAND AVE,41.9858,-87.569056,02/14/2016 01:55:00 PM,2016
CR00015836,09/24/2023 08:01:00 PM,30,CLEAR,DAYLIGHT,ANGLE,FOUR WAY,NO CONTROLS,FAILING TO REDUCE SPEED,FAILING TO YIELD RIGHT-OF-WAY,0,0,0,0,20,1,9,1927,STONY ISLAND AVE,41.846646,-87.615532,09/24/2023 08:19:00 PM,2023
CR00015837,01/15/2024 09:49:00 AM,30,CLEAR,DAYLIGHT,PARKED MOTOR VEHICLE,DIVIDED - W/MEDIAN BARRIER,NO CONTROLS,FAILING TO REDUCE SPEED,UNABLE TO DETERMINE,0,0,0,0,9,2,1,587,WESTERN AVE,41.770312,-87.513852,01/15/2024 10:24:00 AM,2024
CR00015838,10/24/2018 02:35:00 PM,25,CLEAR,DAYLIGHT,REAR END,T-INTERSECTION,TRAFFIC SIGNAL,DISTRACTION - FROM INSIDE VEHICLE,FAILING TO YIELD RIGHT-OF-WAY,0,0,2,2,14,4,10,987,OGDEN AVE,41.903408,-87.549207,10/24/2018 03:16:00 PM,2018
CR00015839,02/27/2022 05:43:00 PM,15,CLEAR,DAYLIGHT,SIDESWIPE SAME DIRECTION,NOT DIVIDED,TRAFFIC SIGNAL,IMPROPER OVERTAKING/PASSING,UNABLE TO DETERMINE,0,0,0,0,17,1,2,2183,CICERO AVE,41.911124,-87.72872,02/27/2022 06:51:00 PM,2022
CR00015840,03/28/2015 05:17:00 PM,35,CLEAR,DAYLIGHT,FIXED OBJECT,NOT DIVIDED,NO CONTROLS,UNABLE TO DETERMINE,UNABLE TO DETERMINE,0,0,0,0,17,7,3,2258,MICHIGAN AVE,41.841676,-87.702532,03/28/2015 06:36:00 PM,2015
CR00015841,07/22/2016 02:23:00 PM,30,RAIN,DAYLIGHT,PARKED MOTOR VEHICLE,NOT DIVIDED,TRAFFIC SIGNAL,UNABLE TO DETERMINE,IMPROPER OVERTAKING/PASSING,0,0,0,0,14,6,7,1085,CLARK ST,41.933011,-87.628135,07/22/2016 02:55:00 PM,2016
CR00015842,10/01/2024 03:34:00 PM,15,RAIN,DUSK,REAR TO FRONT,T-INTERSECTION,STOP SIGN/FLASHER,UNABLE TO DETERMINE,DISREGARDING TRAFFIC SIGNALS,0,0,0,0,15,3,10,1887,MILWAUKEE AVE,41.700649,-87.741793,10/01/2024 04:45:00 PM,2024
CR00015843,02/05/2021 03:33:00 PM,30,CLEAR,DARKNESS - LIGHTED ROAD,REAR END,FOUR WAY,NO CONTROLS,UNABLE TO DETERMINE,DISTRACTION - FROM INSIDE VEHICLE,0,0,1,1,15,6,2,2384,47TH ST,41.726131,-87.668029,02/05/2021 05:17:00 PM,2021
CR00015844,12/30/2016 02:37:00 AM,15,CLEAR,DARKNESS - LIGHTED ROAD,PARKED MOTOR VEHICLE,T-INTERSECTION,NO CONTROLS,DISREGARDING TRAFFIC SIGNALS,NOT APPLICABLE,0,1,1,2,2,6,12,1355,ASHLAND AVE,41.849717,-87.55119,12/30/2016 03:59:00 AM,2016
CR00015845,09/02/2021 08:43:00 AM,35,CLEAR,DAYLIGHT,TURNING,NOT DIVIDED,NO CONTROLS,FOLLOWING TOO CLOSELY,DISTRACTION - FROM INSIDE VEHICLE,0,0,0,0,8,5,9,800,CLARK ST,41.703815,-87.694871,09/02/2021 08:52:00 AM,2021
CR00015846,08/04/2022 12:33:00 PM,45,CLEAR,DARKNESS - LIGHTED ROAD,ANGLE,NOT DIVIDED,TRAFFIC SIGNAL,UNABLE TO DETERMINE,UNABLE TO DETERMINE,0,0,0,0,12,5,8,1234,BROADWAY,41.940749,-87.697963,08/04/2022 01:25:00 PM,2022
CR00015847,01/15/2023 07:38:00 PM,35,CLEAR,DAYLIGHT,SIDESWIPE SAME DIRECTION,DIVIDED - W/MEDIAN (NOT RAISED),TRAFFIC SIGNAL,IMPROPER OVERTAKING/PASSING,FOLLOWING TOO CLOSELY,0,0,1,1,19,1,1,1208,CLARK ST,41.847085,-87.515473,01/15/2023 09:02:00 PM,2023
CR00015848,09/15/2023 12:56:00 PM,30,CLEAR,DARKNESS - LIGHTED ROAD,PEDESTRIAN,ONE-WAY,TRAFFIC SIGNAL,FAILING TO YIELD RIGHT-OF-WAY,UNABLE TO DETERMINE,0,0,0,0,12,6,9,1389,CALIFORNIA AVE,41.701494,-87.672561,09/15/2023 02:43:00 PM,2023
CR00015849,06/16/2016 05:16:00 PM,45,RAIN,DAYLIGHT,REAR END,DIVIDED - W/MEDIAN BARRIER,NO CONTROLS,DRIVING SKILLS/KNOWLEDGE/EXPERIENCE,FOLLOWING TOO CLOSELY,0,0,0,0,17,5,6,1338,ELSTON AVE,41.917515,-87.523288,06/16/2016 06:56:00 PM,2016
CR00015850,12/11/2021 04:09:00 PM,30,RAIN,DARKNESS,ANGLE,FOUR WAY,STOP SIGN/FLASHER,FAILING TO YIELD RIGHT-OF-WAY,IMPROPER OVERTAKING/PASSING,0,0,0,0,16,7,12,1530,63RD ST,41.843775,-87.761037,12/11/2021 04:37:00 PM,2021
CR00015851,08/09/2020 01:06:00 PM,45,CLEAR,DAYLIGHT,REAR END,DIVIDED - W/MEDIAN BARRIER,TRAFFIC SIGNAL,FAILING TO YIELD RIGHT-OF-WAY,UNABLE TO DETERMINE,0,0,0,0,13,1,8,1770,CALIFORNIA AVE,41.978073,-87.534568,08/09/2020 02:31:00 PM,2020
CR00015852,06/07/2016 02:59:00 PM,25,CLEAR,DARKNESS - LIGHTED ROAD,SIDESWIPE SAME DIRECTION,NOT DIVIDED,NO CONTROLS,IMPROPER OVERTAKING/PASSING,UNABLE TO DETERMINE,0,0,0,0,14,3,6,454,CLARK ST,41.719635,-87.829372,06/07/2016 03:54:00 PM,2016
CR00015853,04/30/2016 03:20:00 PM,30,CLEAR,DARKNESS - LIGHTED ROAD,TURNING,NOT DIVIDED,TRAFFIC SIGNAL,FOLLOWING TOO CLOSELY,UNABLE TO DETERMINE,0,0,0,0,15,7,4,977,WESTERN AVE,41.726104,-87.817991,04/30/2016 04:25:00 PM,2016
CR00015854,07/06/2024 04:35:00 PM,30,CLEAR,DAYLIGHT,PARKED MOTOR VEHICLE,DIVIDED - W/MEDIAN (NOT RAISED),NO CONTROLS,DRIVING SKILLS/KNOWLEDGE/EXPERIENCE,FAILING TO YIELD RIGHT-OF-WAY,0,0,0,0,16,7,7,1320,ARCHER AVE,41.784673,-87.561709,07/06/2024 05:36:00 PM,2024
CR00015855,12/19/2024 03:42:00 PM,35,CLEAR,DAYLIGHT,REAR TO FRONT,NOT DIVIDED,PEDESTRIAN CROSSING SIGN,FAILING TO YIELD RIGHT-OF-WAY,DRIVING SKILLS/KNOWLEDGE/EXPERIENCE,0,0,3,3,15,5,12,328,HALSTED ST,41.850052,-87.663633,12/19/2024 05:40:00 PM,2024
CR00015856,12/21/2017 05:38:00 PM,15,CLEAR,DAYLIGHT,TURNING,ONE-WAY,NO CONTROLS,UNABLE TO DETERMINE,UNABLE TO DETERMINE,0,0,0,0,17,5,12,547,HALSTED ST,41.825379,-87.803721,12/21/2017 05:55:00 PM,2017
CR00015857,09/22/2022 11:57:00 AM,30,CLEAR,DARKNESS - LIGHTED ROAD,REAR END,DIVIDED - W/MEDIAN BARRIER,NO CONTROLS,UNABLE TO DETERMINE,DRIVING SKILLS/KNOWLEDGE/EXPERIENCE,0,0,0,0,11,5,9,597,KEDZIE AVE,41.757099,-87.505893,09/22/2022 01:50:00 PM,2022
CR00015858,11/17/2022 01:35:00 PM,30,CLEAR,DARKNESS - LIGHTED ROAD,REAR END,ONE-WAY,NO CONTROLS,DRIVING SKILLS/KNOWLEDGE/EXPERIENCE,IMPROPER OVERTAKING/PASSING,0,0,0,0,13,5,11,311,ROOSEVELT RD,41.943372,-87.772886,11/17/2022 01:36:00 PM,2022
CR00015859,01/30/2016 12:29:00 PM,45,CLEAR,DAYLIGHT,REAR TO FRONT,T-INTERSECTION,NO CONTROLS,FOLLOWING TOO CLOSELY,UNABLE TO DETERMINE,0,0,0,0,12,7,1,927,DAMEN AVE,41.755917,-87.622112,01/30/2016 01:16:00 PM,2016
CR00015860,12/08/2015 04:50:00 PM,30,FREEZING RAIN/DRIZZLE,DARKNESS - LIGHTED ROAD,REAR END,ONE-WAY,STOP SIGN/FLASHER,UNABLE TO DETERMINE,IMPROPER LANE USAGE,0,0,0,0,16,3,12,955,ELSTON AVE,41.989389,-87.612015,12/08/2015 06:35:00 PM,2015
CR00015861,08/09/2019 08:02:00 AM,20,CLEAR,DARKNESS,PARKED MOTOR VEHICLE,FOUR WAY,NO CONTROLS,FAILING TO YIELD RIGHT-OF-WAY,UNABLE TO DETERMINE,0,0,0,0,8,6,8,1146,FULLERTON AVE,41.928347,-87.597078,08/09/2019 08:52:00 AM,2019
CR00015862,08/27/2021 06:10:00 PM,30,CLEAR,DAYLIGHT,PARKED MOTOR VEHICLE,ONE-WAY,NO CONTROLS,FAILING TO YIELD RIGHT-OF-WAY,IMPROPER OVERTAKING/PASSING,0,0,0,0,18,6,8,2382,63RD ST,41.76929,-87.774152,08/27/2021 07:18:00 PM,2021
CR00015863,11/16/2019 09:36:00 AM,35,CLOUDY/OVERCAST,DARKNESS,SIDESWIPE SAME DIRECTION,DIVIDED - W/MEDIAN BARRIER,NO CONTROLS,IMPROPER LANE USAGE,FAILING TO YIELD RIGHT-OF-WAY,0,0,0,0,9,7,11,884,BROADWAY,41.828078,-87.799639,11/16/2019 10:42:00 AM,2019
CR00015864,06/16/2023 05:40:00 AM,15,RAIN,DARKNESS - LIGHTED ROAD,ANGLE,DIVIDED - W/MEDIAN BARRIER,NO CONTROLS,UNABLE TO DETERMINE,NOT APPLICABLE,0,0,0,0,5,6,6,1522,OGDEN AVE,41.871508,-87.564867,06/16/2023 06:50:00 AM,2023
CR00015865,05/09/2021 03:45:00 PM,45,CLEAR,DAYLIGHT,ANGLE,T-INTERSECTION,NO CONTROLS,DISREGARDING TRAFFIC SIGNALS,IMPROPER LANE USAGE,0,0,0,0,15,1,5,864,ARCHER AVE,41.705486,-87.740331,05/09/2021 04:47:00 PM,2021
CR00015866,02/01/2022 05:21:00 PM,35,CLEAR,DARKNESS - LIGHTED ROAD,ANGLE,NOT DIVIDED,STOP SIGN/FLASHER,DISTRACTION - FROM INSIDE VEHICLE,WEATHER,0,0,0,0,17,3,2,2495,STONY ISLAND AVE,41.772591,-87.731558,02/01/2022 06:27:00 PM,2022
CR00015867,07/18/2021 11:43:00 AM,45,CLEAR,DAYLIGHT,ANGLE,DIVIDED - W/MEDIAN (NOT RAISED),NO CONTROLS,FAILING TO YIELD RIGHT-OF-WAY,FAILING TO YIELD RIGHT-OF-WAY,0,0,0,0,11,1,7,2387,ARCHER AVE,41.933366,-87.518814,07/18/2021 11:50:00 AM,2021
CR00015868,05/07/2018 04:23:00 AM,40,CLEAR,DARKNESS,ANGLE,NOT DIVIDED,STOP SIGN/FLASHER,WEATHER,NOT APPLICABLE,0,0,1,1,4,2,5,2257,CLARK ST,41.883378,-87.808728,05/07/2018 05:27:00 AM,2018
CR00015869,09/24/2023 04:35:00 PM,45,RAIN,DAYLIGHT,PARKED MOTOR VEHICLE,NOT DIVIDED,NO CONTROLS,UNABLE TO DETERMINE,DRIVING SKILLS/KNOWLEDGE/EXPERIENCE,0,0,0,0,16,1,9,744,CLARK ST,41.852123,-87.760512,09/24/2023 05:33:00 PM,2023
CR00015870,02/17/2023 12:51:00 PM,20,CLEAR,DAWN,REAR END,DIVIDED - W/MEDIAN (NOT RAISED),TRAFFIC SIGNAL,WEATHER,NOT APPLICABLE,0,0,0,0,12,6,2,1107,DIVISION ST,41.821036,-87.553501,02/17/2023 02:41:00 PM,2023
CR00015871,02/11/2024 07:12:00 AM,35,CLEAR,DAYLIGHT,REAR END,DIVIDED - W/MEDIAN BARRIER,NO CONTROLS,FAILING TO YIELD RIGHT-OF-WAY,FOLLOWING TOO CLOSELY,0,0,0,0,7,1,2,1908,ELSTON AVE,41.808887,-87.755754,02/11/2024 08:01:00 AM,2024
CR00015872,10/24/2017 07:44:00 PM,45,SNOW,DAYLIGHT,REAR END,NOT DIVIDED,NO CONTROLS,WEATHER,FAILING TO YIELD RIGHT-OF-WAY,0,1,1,2,19,3,10,1415,OGDEN AVE,41.962829,-87.646598,10/24/2017 08:27:00 PM,2017
CR00015873,03/05/2023 05:58:00 AM,20,CLEAR,DAYLIGHT,REAR TO FRONT,NOT DIVIDED,UNKNOWN,FOLLOWING TOO CLOSELY,FAILING TO YIELD RIGHT-OF-WAY,0,0,0,0,5,1,3,806,MICHIGAN AVE,41.98835,-87.757395,03/05/2023 06:53:00 AM,2023
CR00015874,07/11/2017 10:43:00 PM,45,CLEAR,DARKNESS - LIGHTED ROAD,PARKED MOTOR VEHICLE,FOUR WAY,STOP SIGN/FLASHER,UNABLE TO DETERMINE,UNABLE TO DETERMINE,0,0,2,2,22,3,7,235,BROADWAY,41.774061,-87.583253,07/12/2017 12:25:00 AM,2017
CR00015875,09/24/2021 04:28:00 PM,25,CLEAR,DAYLIGHT,REAR TO FRONT,DIVIDED - W/MEDIAN (NOT RAISED),NO CONTROLS,FOLLOWING TOO CLOSELY,UNABLE TO DETERMINE,0,0,3,3,16,6,9,1845,47TH ST,41.789472,-87.52789,09/24/2021 06:02:00 PM,2021
CR00015876,07/15/2018 07:40:00 PM,20,CLEAR,DARKNESS - LIGHTED ROAD,REAR END,NOT DIVIDED,TRAFFIC SIGNAL,FAILING TO YIELD RIGHT-OF-WAY,UNABLE TO DETERMINE,0,0,0,0,19,1,7,638,LAKE SHORE DR,41.820085,-87.797657,07/15/2018 09:12:00 PM,2018
CR00015877,01/02/2016 04:55:00 PM,20,CLEAR,DARKNESS - LIGHTED ROAD,ANGLE,DIVIDED - W/MEDIAN BARRIER,UNKNOWN,FOLLOWING TOO CLOSELY,NOT APPLICABLE,0,0,0,0,16,7,1,643,LAKE SHORE DR,41.870733,-87.592169,01/02/2016 06:33:00 PM,2016
CR00015878,03/09/2017 06:47:00 PM,35,CLEAR,DARKNESS - LIGHTED ROAD,PARKED MOTOR VEHICLE,NOT DIVIDED,STOP SIGN/FLASHER,FOLLOWING TOO CLOSELY,DISTRACTION - FROM INSIDE VEHICLE,0,0,0,0,18,5,3,1128,OGDEN AVE,41.976766,-87.577527,03/09/2017 07:26:00 PM,2017
CR00015879,05/03/2022 02:02:00 PM,20,CLEAR,DAYLIGHT,SIDESWIPE SAME DIRECTION,FOUR WAY,STOP SIGN/FLASHER,IMPROPER LANE USAGE,FOLLOWING TOO CLOSELY,0,0,0,0,14,3,5,1251,CALIFORNIA AVE,41.84785,-87.657351,05/03/2022 03:51:00 PM,2022
CR00015880,09/17/2022 06:14:00 PM,30,CLEAR,DAYLIGHT,REAR END,DIVIDED - W/MEDIAN (NOT RAISED),NO CONTROLS,FAILING TO YIELD RIGHT-OF-WAY,FOLLOWING TOO CLOSELY,0,0,0,0,18,7,9,684,STATE ST,41.720886,-87.659369,09/17/2022 06:23:00 PM,2022
CR00015881,12/18/2022 12:56:00 AM,30,CLEAR,DAYLIGHT,PARKED MOTOR VEHICLE,NOT DIVIDED,STOP SIGN/FLASHER,FOLLOWING TOO CLOSELY,DISTRACTION - FROM INSIDE VEHICLE,0,0,0,0,0,1,12,1253,ELSTON AVE,41.734055,-87.800679,12/18/2022 02:07:00 AM,2022
CR00015882,12/31/2022 08:39:00 AM,45,SNOW,DARKNESS,ANGLE,DIVIDED - W/MEDIAN BARRIER,STOP SIGN/FLASHER,DISTRACTION - FROM INSIDE VEHICLE,UNABLE TO DETERMINE,0,0,0,0,8,7,12,1231,HALSTED ST,41.977967,-87.703631,12/31/2022 10:16:00 AM,2022
CR00015883,09/17/2023 08:08:00 AM,35,CLEAR,DARKNESS - LIGHTED ROAD,REAR END,FOUR WAY,TRAFFIC SIGNAL,UNABLE TO DETERMINE,WEATHER,0,0,0,0,8,1,9,1276,ROOSEVELT RD,41.771263,-87.502269,09/17/2023 08:39:00 AM,2023
CR00015884,04/21/2024 04:44:00 PM,20,CLEAR,DAYLIGHT,REAR END,ONE-WAY,NO CONTROLS,FAILING TO YIELD RIGHT-OF-WAY,DRIVING SKILLS/KNOWLEDGE/EXPERIENCE,0,0,0,0,16,1,4,790,ROOSEVELT RD,41.979333,-87.611075,04/21/2024 06:40:00 PM,2024
CR00015885,05/04/2017 01:24:00 AM,20,CLEAR,DARKNESS - LIGHTED ROAD,PARKED MOTOR VEHICLE,ONE-WAY,TRAFFIC SIGNAL,IMPROPER LANE USAGE,FAILING TO YIELD RIGHT-OF-WAY,0,0,1,1,1,5,5,1560,BROADWAY,41.860044,-87.737499,05/04/2017 02:29:00 AM,2017
CR00015886,07/30/2021 05:51:00 PM,25,RAIN,DAYLIGHT,REAR END,T-INTERSECTION,STOP SIGN/FLASHER,UNABLE TO DETERMINE,UNABLE TO DETERMINE,0,0,0,0,17,6,7,1315,IRVING PARK RD,41.792828,-87.762383,07/30/2021 06:32:00 PM,2021
CR00015887,03/21/2020 08:01:00 AM,45,CLEAR,DAYLIGHT,TURNING,FOUR WAY,STOP SIGN/FLASHER,IMPROPER LANE USAGE,UNABLE TO DETERMINE,0,0,0,0,8,7,3,728,ARCHER AVE,41.814524,-87.761063,03/21/2020 09:42:00 AM,2020
CR00015888,10/13/2024 11:42:00 AM,35,CLEAR,DAYLIGHT,PARKED MOTOR VEHICLE,NOT DIVIDED,TRAFFIC SIGNAL,UNABLE TO DETERMINE,DISREGARDING TRAFFIC SIGNALS,0,0,0,0,11,1,10,2498,KEDZIE AVE,41.882966,-87.772536,10/13/2024 12:53:00 PM,2024
CR00015889,09/24/2022 07:20:00 AM,30,CLEAR,DAYLIGHT,SIDESWIPE SAME DIRECTION,FOUR WAY,STOP SIGN/FLASHER,DISTRACTION - FROM INSIDE VEHICLE,DISTRACTION - FROM INSIDE VEHICLE,0,0,0,0,7,7,9,2053,ASHLAND AVE,41.991726,-87.743725,09/24/2022 09:16:00 AM,2022