CRASH_RECORD_ID,CRASH_DATE,POSTED_SPEED_LIMIT,WEATHER_CONDITION,LIGHTING_CONDITION,FIRST_CRASH_TYPE,TRAFFICWAY_TYPE,TRAFFIC_CONTROL_DEVICE,PRIM_CONTRIBUTORY_CAUSE,SEC_CONTRIBUTORY_CAUSE,INJURIES_FATAL,INJURIES_INCAPACITATING,INJURIES_NON_INCAPACITATING,INJURIES_TOTAL,CRASH_HOUR,CRASH_DAY_OF_WEEK,CRASH_MONTH,BEAT_OF_OCCURRENCE,STREET_NAME,LATITUDE,LONGITUDE,DATE_POLICE_NOTIFIED,year
CR00015890,08/21/2020 08:02:00 PM,25,CLEAR,DAWN,REAR TO FRONT,FOUR WAY,TRAFFIC SIGNAL,IMPROPER OVERTAKING/PASSING,NOT APPLICABLE,0,0,0,0,20,6,8,1749,FULLERTON AVE,41.72682,-87.506861,08/21/2020 09:14:00 PM,2020
CR00015891,08/22/2022 06:24:00 AM,30,CLEAR,DARKNESS,REAR END,ONE-WAY,NO CONTROLS,FOLLOWING TOO CLOSELY,FOLLOWING TOO CLOSELY,0,0,0,0,6,2,8,1822,CLARK ST,41.816575,-87.824279,08/22/2022 07:19:00 AM,2022
CR00015892,08/05/2021 06:56:00 PM,30,CLEAR,DAYLIGHT,REAR END,T-INTERSECTION,PEDESTRIAN CROSSING SIGN,WEATHER,DISREGARDING TRAFFIC SIGNALS,0,0,0,0,18,5,8,823,ARCHER AVE,41.752425,-87.673166,08/05/2021 08:18:00 PM,2021
CR00015893,07/07/2023 04:25:00 AM,15,CLEAR,DAYLIGHT,REAR END,NOT DIVIDED,NO CONTROLS,FAILING TO YIELD RIGHT-OF-WAY,IMPROPER OVERTAKING/PASSING,0,0,3,3,4,6,7,2436,LAKE SHORE DR,41.791868,-87.551176,07/07/2023 05:38:00 AM,2023
CR00015894,07/15/2019 05:24:00 AM,45,CLEAR,DARKNESS - LIGHTED ROAD,PEDESTRIAN,ONE-WAY,NO CONTROLS,FOLLOWING TOO CLOSELY,UNABLE TO DETERMINE,0,0,0,0,5,2,7,974,79TH ST,41.989029,-87.677334,07/15/2019 07:06:00 AM,2019
CR00015895,02/05/2019 03:12:00 PM,40,SNOW,DAYLIGHT,REAR END,DIVIDED - W/MEDIAN BARRIER,TRAFFIC SIGNAL,UNABLE TO DETERMINE,FOLLOWING TOO CLOSELY,0,0,0,0,15,3,2,717,ARCHER AVE,41.829039,-87.591785,02/05/2019 04:35:00 PM,2019
CR00015896,01/24/2020 09:57:00 AM,35,CLEAR,DUSK,REAR END,NOT DIVIDED,STOP SIGN/FLASHER,IMPROPER LANE USAGE,UNABLE TO DETERMINE,0,0,0,0,9,6,1,190,47TH ST,41.83071,-87.627726,01/24/2020 11:35:00 AM,2020
CR00015897,07/23/2019 07:19:00 AM,20,CLEAR,DAYLIGHT,TURNING,FOUR WAY,NO CONTROLS,FAILING TO YIELD RIGHT-OF-WAY,UNABLE TO DETERMINE,0,0,0,0,7,3,7,1059,FULLERTON AVE,41.754898,-87.821369,07/23/2019 08:28:00 AM,2019
CR00015898,07/17/2019 07:24:00 PM,20,CLEAR,DARKNESS - LIGHTED ROAD,TURNING,ONE-WAY,NO CONTROLS,DISTRACTION - FROM INSIDE VEHICLE,UNABLE TO DETERMINE,0,0,0,0,19,4,7,563,CLARK ST,41.894363,-87.611082,07/17/2019 08:57:00 PM,2019
CR00015899,08/20/2021 04:45:00 PM,30,CLEAR,DARKNESS - LIGHTED ROAD,REAR END,NOT DIVIDED,NO CONTROLS,UNABLE TO DETERMINE,UNABLE TO DETERMINE,0,0,0,0,16,6,8,465,MILWAUKEE AVE,41.875076,-87.833721,08/20/2021 04:48:00 PM,2021
CR00015900,11/27/2023 04:03:00 PM,40,FREEZING RAIN/DRIZZLE,DAYLIGHT,PARKED MOTOR VEHICLE,ONE-WAY,UNKNOWN,FAILING TO REDUCE SPEED,NOT APPLICABLE,0,0,0,0,16,2,11,788,BROADWAY,41.701518,-87.551738,11/27/2023 04:33:00 PM,2023
CR00015901,06/23/2019 08:00:00 AM,15,CLEAR,DAYLIGHT,REAR END,NOT DIVIDED,STOP SIGN/FLASHER,FAILING TO YIELD RIGHT-OF-WAY,NOT APPLICABLE,0,0,0,0,8,1,6,996,ROOSEVELT RD,41.941756,-87.563867,06/23/2019 08:54:00 AM,2019
CR00015902,10/09/2020 07:58:00 AM,25,CLEAR,DARKNESS,FIXED OBJECT,NOT DIVIDED,UNKNOWN,FAILING TO YIELD RIGHT-OF-WAY,FAILING TO YIELD RIGHT-OF-WAY,0,0,0,0,7,6,10,1512,MILWAUKEE AVE,41.886125,-87.50755,10/09/2020 09:35:00 AM,2020
CR00015903,10/13/2020 08:36:00 AM,20,CLEAR,DAYLIGHT,ANGLE,DIVIDED - W/MEDIAN (NOT RAISED),NO CONTROLS,UNABLE TO DETERMINE,FAILING TO YIELD RIGHT-OF-WAY,0,0,0,0,8,3,10,149,DIVISION ST,41.988525,-87.500688,10/13/2020 10:19:00 AM,2020
CR00015904,07/19/2018 10:34:00 AM,30,CLEAR,DUSK,PARKED MOTOR VEHICLE,NOT DIVIDED,NO CONTROLS,IMPROPER OVERTAKING/PASSING,DRIVING SKILLS/KNOWLEDGE/EXPERIENCE,0,0,0,0,10,5,7,1029,HALSTED ST,41.828266,-87.794689,07/19/2018 11:21:00 AM,2018
CR00015905,10/30/2023 05:52:00 AM,15,CLEAR,DAYLIGHT,REAR END,DIVIDED - W/MEDIAN BARRIER,NO CONTROLS,DRIVING SKILLS/KNOWLEDGE/EXPERIENCE,UNABLE TO DETERMINE,0,0,0,0,5,2,10,452,HALSTED ST,41.871491,-87.568434,10/30/2023 07:30:00 AM,2023
CR00015906,04/07/2024 06:13:00 PM,45,CLEAR,DAWN,SIDESWIPE SAME DIRECTION,DIVIDED - W/MEDIAN (NOT RAISED),STOP SIGN/FLASHER,FOLLOWING TOO CLOSELY,DISREGARDING TRAFFIC SIGNALS,0,0,0,0,18,1,4,166,IRVING PARK RD,41.746983,-87.780806,04/07/2024 07:19:00 PM,2024
CR00015907,01/24/2024 01:48:00 AM,20,CLEAR,DARKNESS - LIGHTED ROAD,PARKED MOTOR VEHICLE,FOUR WAY,NO CONTROLS,UNABLE TO DETERMINE,UNABLE TO DETERMINE,0,0,0,0,1,4,1,1340,CICERO AVE,41.858886,-87.587438,01/24/2024 02:59:00 AM,2024
CR00015908,11/21/2017 05:53:00 AM,35,CLEAR,DARKNESS - LIGHTED ROAD,TURNING,FOUR WAY,NO CONTROLS,FAILING TO YIELD RIGHT-OF-WAY,FOLLOWING TOO CLOSELY,0,0,0,0,5,3,11,2053,MILWAUKEE AVE,41.987799,-87.825625,11/21/2017 05:57:00 AM,2017
CR00015909,03/28/2019 09:53:00 PM,30,CLEAR,DAYLIGHT,ANGLE,DIVIDED - W/MEDIAN BARRIER,TRAFFIC SIGNAL,FOLLOWING TOO CLOSELY,IMPROPER OVERTAKING/PASSING,0,0,0,0,21,5,3,255,CLARK ST,41.772824,-87.529711,03/28/2019 10:54:00 PM,2019
CR00015910,07/17/2024 06:28:00 PM,15,CLEAR,DARKNESS - LIGHTED ROAD,TURNING,NOT DIVIDED,NO CONTROLS,DRIVING SKILLS/KNOWLEDGE/EXPERIENCE,FAILING TO REDUCE SPEED,0,0,0,0,18,4,7,828,ASHLAND AVE,41.774749,-87.634979,07/17/2024 07:10:00 PM,2024
CR00015911,10/10/2019 07:43:00 AM,30,CLEAR,DARKNESS - LIGHTED ROAD,REAR END,NOT DIVIDED,TRAFFIC SIGNAL,IMPROPER LANE USAGE,IMPROPER OVERTAKING/PASSING,0,0,0,0,7,5,10,2464,STONY ISLAND AVE,41.871851,-87.819839,10/10/2019 09:07:00 AM,2019
CR00015912,01/19/2016 01:35:00 PM,30,RAIN,DAYLIGHT,REAR TO FRONT,ONE-WAY,NO CONTROLS,FAILING TO REDUCE SPEED,FOLLOWING TOO CLOSELY,0,0,0,0,13,3,1,2117,WESTERN AVE,41.998136,-87.560142,01/19/2016 03:22:00 PM,2016
CR00015913,05/27/2024 10:43:00 AM,15,CLEAR,DAYLIGHT,FIXED OBJECT,NOT DIVIDED,TRAFFIC SIGNAL,DRIVING SKILLS/KNOWLEDGE/EXPERIENCE,FOLLOWING TOO CLOSELY,0,0,3,3,10,2,5,1300,OGDEN AVE,41.848677,-87.711549,05/27/2024 12:33:00 PM,2024
CR00015914,02/18/2024 11:09:00 AM,30,CLEAR,DAYLIGHT,ANGLE,ONE-WAY,TRAFFIC SIGNAL,IMPROPER OVERTAKING/PASSING,FAILING TO REDUCE SPEED,0,0,1,1,11,1,2,2232,CLARK ST,41.909572,-87.568308,02/18/2024 01:04:00 PM,2024
CR00015915,11/11/2015 07:38:00 PM,40,RAIN,DARKNESS - LIGHTED ROAD,REAR END,DIVIDED - W/MEDIAN (NOT RAISED),NO CONTROLS,FOLLOWING TOO CLOSELY,WEATHER,0,0,0,0,19,4,11,1847,STONY ISLAND AVE,41.73951,-87.573955,11/11/2015 08:51:00 PM,2015
CR00015916,07/08/2017 04:34:00 PM,20,CLEAR,DAYLIGHT,REAR END,NOT DIVIDED,PEDESTRIAN CROSSING SIGN,DISREGARDING TRAFFIC SIGNALS,DRIVING SKILLS/KNOWLEDGE/EXPERIENCE,0,0,0,0,16,7,7,577,HALSTED ST,41.734773,-87.568898,07/08/2017 06:03:00 PM,2017
CR00015917,03/07/2023 08:04:00 PM,15,SNOW,DARKNESS - LIGHTED ROAD,REAR END,DIVIDED - W/MEDIAN BARRIER,UNKNOWN,FAILING TO YIELD RIGHT-OF-WAY,NOT APPLICABLE,0,0,0,0,20,3,3,332,OGDEN AVE,41.79564,-87.806384,03/07/2023 08:58:00 PM,2023
CR00015918,08/03/2020 10:15:00 AM,30,CLEAR,DARKNESS - LIGHTED ROAD,ANGLE,NOT DIVIDED,NO CONTROLS,IMPROPER LANE USAGE,NOT APPLICABLE,0,0,0,0,10,2,8,561,DIVISION ST,41.72184,-87.633816,08/03/2020 11:46:00 AM,2020
CR00015919,11/22/2023 01:58:00 PM,30,CLEAR,DAWN,REAR END,NOT DIVIDED,NO CONTROLS,FAILING TO YIELD RIGHT-OF-WAY,WEATHER,0,1,2,3,13,4,11,2307,DIVISION ST,41.757262,-87.820911,11/22/2023 02:46:00 PM,2023
CR00015920,11/20/2021 10:08:00 PM,35,CLEAR,DAYLIGHT,REAR END,DIVIDED - W/MEDIAN (NOT RAISED),TRAFFIC SIGNAL,UNABLE TO DETERMINE,DISREGARDING TRAFFIC SIGNALS,0,0,0,0,22,7,11,981,FULLERTON AVE,41.986853,-87.809372,11/20/2021 10:58:00 PM,2021
CR00015921,10/20/2024 07:52:00 AM,30,CLEAR,DAYLIGHT,REAR END,FOUR WAY,NO CONTROLS,DRIVING SKILLS/KNOWLEDGE/EXPERIENCE,FAILING TO YIELD RIGHT-OF-WAY,0,0,0,0,7,1,10,1734,STONY ISLAND AVE,41.817646,-87.508836,10/20/2024 08:43:00 AM,2024
CR00015922,07/09/2022 12:28:00 AM,30,CLEAR,DARKNESS - LIGHTED ROAD,REAR END,ONE-WAY,NO CONTROLS,DRIVING SKILLS/KNOWLEDGE/EXPERIENCE,FOLLOWING TOO CLOSELY,0,0,0,0,0,7,7,2062,BROADWAY,41.813259,-87.778702,07/09/2022 01:30:00 AM,2022
CR00015923,11/05/2015 09:43:00 AM,15,FOG/SMOKE/HAZE,DARKNESS - LIGHTED ROAD,TURNING,NOT DIVIDED,NO CONTROLS,DISREGARDING TRAFFIC SIGNALS,NOT APPLICABLE,0,0,2,2,9,5,11,2391,63RD ST,41.777612,-87.716318,11/05/2015 10:59:00 AM,2015
CR00015924,11/30/2018 05:53:00 AM,15,CLEAR,DARKNESS - LIGHTED ROAD,TURNING,DIVIDED - W/MEDIAN (NOT RAISED),NO CONTROLS,UNABLE TO DETERMINE,FOLLOWING TOO CLOSELY,0,0,1,1,5,6,11,2070,MILWAUKEE AVE,41.790888,-87.609942,11/30/2018 07:06:00 AM,2018
CR00015925,11/24/2018 06:32:00 PM,30,SNOW,DAWN,FIXED OBJECT,DIVIDED - W/MEDIAN (NOT RAISED),TRAFFIC SIGNAL,DISTRACTION - FROM INSIDE VEHICLE,UNABLE TO DETERMINE,0,0,0,0,18,7,11,2295,ELSTON AVE,41.983211,-87.823602,11/24/2018 07:25:00 PM,2018
CR00015926,08/03/2020 05:47:00 PM,15,CLEAR,DAYLIGHT,TURNING,FOUR WAY,TRAFFIC SIGNAL,DISREGARDING TRAFFIC SIGNALS,UNABLE TO DETERMINE,0,0,0,0,17,2,8,263,DAMEN AVE,41.907346,-87.834742,08/03/2020 06:30:00 PM,2020
CR00015927,05/01/2021 04:41:00 PM,45,RAIN,DAYLIGHT,ANGLE,DIVIDED - W/MEDIAN (NOT RAISED),NO CONTROLS,DRIVING SKILLS/KNOWLEDGE/EXPERIENCE,UNABLE TO DETERMINE,0,0,0,0,16,7,5,1081,PULASKI RD,41.766043,-87.658809,05/01/2021 06:29:00 PM,2021
CR00015928,11/24/2022 07:07:00 AM,35,RAIN,DAYLIGHT,REAR END,NOT DIVIDED,UNKNOWN,IMPROPER OVERTAKING/PASSING,FOLLOWING TOO CLOSELY,0,0,0,0,7,5,11,1653,ASHLAND AVE,41.950631,-87.598223,11/24/2022 08:17:00 AM,2022
CR00015929,01/13/2017 07:57:00 AM,45,CLEAR,DAYLIGHT,REAR END,DIVIDED - W/MEDIAN BARRIER,STOP SIGN/FLASHER,DRIVING SKILLS/KNOWLEDGE/EXPERIENCE,FOLLOWING TOO CLOSELY,0,0,0,0,7,6,1,1055,63RD ST,41.730282,-87.575873,01/13/2017 09:16:00 AM,2017
CR00015930,03/03/2024 02:46:00 PM,45,CLEAR,DARKNESS,REAR END,NOT DIVIDED,NO CONTROLS,IMPROPER LANE USAGE,FAILING TO YIELD RIGHT-OF-WAY,0,0,0,0,14,1,3,534,FULLERTON AVE,41.887289,-87.702032,03/03/2024 04:41:00 PM,2024
CR00015931,07/14/2023 02:28:00 AM,30,CLEAR,DARKNESS,SIDESWIPE SAME DIRECTION,NOT DIVIDED,TRAFFIC SIGNAL,FAILING TO REDUCE SPEED,FOLLOWING TOO CLOSELY,0,0,0,0,2,6,7,623,79TH ST,41.810987,-87.59912,07/14/2023 03:36:00 AM,2023
CR00015932,03/02/2018 04:21:00 PM,30,CLOUDY/OVERCAST,DARKNESS - LIGHTED ROAD,REAR END,NOT DIVIDED,UNKNOWN,UNABLE TO DETERMINE,DISTRACTION - FROM INSIDE VEHICLE,0,0,0,0,16,6,3,107,CALIFORNIA AVE,41.878328,-87.621869,03/02/2018 04:37:00 PM,2018
CR00015933,06/24/2019 09:58:00 AM,35,CLOUDY/OVERCAST,DAYLIGHT,FIXED OBJECT,DIVIDED - W/MEDIAN (NOT RAISED),NO CONTROLS,UNABLE TO DETERMINE,DISTRACTION - FROM INSIDE VEHICLE,0,0,0,0,9,2,6,2223,CICERO AVE,41.948357,-87.57788,06/24/2019 11:19:00 AM,2019
CR00015934,06/06/2022 08:14:00 PM,30,RAIN,DAYLIGHT,REAR END,NOT DIVIDED,NO CONTROLS,FOLLOWING TOO CLOSELY,UNABLE TO DETERMINE,0,0,0,0,20,2,6,362,ARCHER AVE,41.897794,-87.614323,06/06/2022 09:23:00 PM,2022
CR00015935,05/22/2021 04:37:00 AM,35,CLEAR,DAYLIGHT,TURNING,ONE-WAY,TRAFFIC SIGNAL,UNABLE TO DETERMINE,FOLLOWING TOO CLOSELY,0,0,0,0,4,7,5,1655,47TH ST,41.991753,-87.679138,05/22/2021 06:11:00 AM,2021
CR00015936,04/20/2019 11:06:00 PM,25,CLEAR,DAYLIGHT,PARKED MOTOR VEHICLE,NOT DIVIDED,TRAFFIC SIGNAL,UNABLE TO DETERMINE,NOT APPLICABLE,0,0,0,0,23,7,4,373,IRVING PARK RD,41.8094,-87.524774,04/20/2019 11:30:00 PM,2019
CR00015937,07/13/2018 05:54:00 PM,30,CLEAR,DUSK,SIDESWIPE SAME DIRECTION,NOT DIVIDED,TRAFFIC SIGNAL,FOLLOWING TOO CLOSELY,DISREGARDING TRAFFIC SIGNALS,0,0,0,0,17,6,7,1323,CLARK ST,41.717757,-87.701156,07/13/2018 07:42:00 PM,2018
CR00015938,04/07/2017 04:18:00 AM,25,CLEAR,DAYLIGHT,PARKED MOTOR VEHICLE,NOT DIVIDED,NO CONTROLS,FAILING TO REDUCE SPEED,UNABLE TO DETERMINE,0,0,0,0,4,6,4,2471,FULLERTON AVE,41.719343,-87.708088,04/07/2017 05:47:00 AM,2017
CR00015939,09/08/2021 02:34:00 PM,30,CLEAR,DARKNESS - LIGHTED ROAD,TURNING,FOUR WAY,UNKNOWN,IMPROPER LANE USAGE,IMPROPER LANE USAGE,0,0,0,0,14,4,9,1155,FULLERTON AVE,41.800773,-87.846958,09/08/2021 02:46:00 PM,2021
CR00015940,06/11/2022 03:31:00 PM,15,CLEAR,DAYLIGHT,REAR END,DIVIDED - W/MEDIAN BARRIER,NO CONTROLS,UNABLE TO DETERMINE,UNABLE TO DETERMINE,0,0,0,0,15,7,6,335,CLARK ST,41.733843,-87.603034,06/11/2022 05:31:00 PM,2022
CR00015941,11/23/2021 04:25:00 PM,25,CLEAR,DAYLIGHT,FIXED OBJECT,ONE-WAY,TRAFFIC SIGNAL,FAILING TO YIELD RIGHT-OF-WAY,UNABLE TO DETERMINE,0,0,0,0,16,3,11,541,ROOSEVELT RD,41.923302,-87.823985,11/23/2021 05:44:00 PM,2021
CR00015942,03/01/2016 04:30:00 PM,30,CLOUDY/OVERCAST,DAYLIGHT,REAR END,T-INTERSECTION,NO CONTROLS,UNABLE TO DETERMINE,FAILING TO REDUCE SPEED,0,0,0,0,16,3,3,1199,WESTERN AVE,41.909586,-87.821191,03/01/2016 04:37:00 PM,2016
CR00015943,08/24/2020 04:39:00 PM,40,CLEAR,DAYLIGHT,REAR END,ONE-WAY,STOP SIGN/FLASHER,DRIVING SKILLS/KNOWLEDGE/EXPERIENCE,DISTRACTION - FROM INSIDE VEHICLE,0,0,1,1,16,2,8,688,DIVISION ST,41.976318,-87.711317,08/24/2020 06:37:00 PM,2020
CR00015944,12/04/2016 06:06:00 PM,30,CLEAR,DAYLIGHT,REAR END,NOT DIVIDED,TRAFFIC SIGNAL,FOLLOWING TOO CLOSELY,NOT APPLICABLE,0,0,0,0,18,1,12,453,DAMEN AVE,41.990725,-87.61266,12/04/2016 06:10:00 PM,2016
CR00015945,07/17/2023 05:52:00 PM,30,CLEAR,DARKNESS - LIGHTED ROAD,TURNING,DIVIDED - W/MEDIAN (NOT RAISED),STOP SIGN/FLASHER,DISTRACTION - FROM INSIDE VEHICLE,DISTRACTION - FROM INSIDE VEHICLE,0,0,0,0,17,2,7,1968,ARCHER AVE,41.915132,-87.685957,07/17/2023 07:21:00 PM,2023
CR00015946,11/23/2019 12:25:00 AM,35,CLEAR,DAWN,FIXED OBJECT,NOT DIVIDED,NO CONTROLS,DISREGARDING TRAFFIC SIGNALS,FOLLOWING TOO CLOSELY,0,0,0,0,0,7,11,1815,IRVING PARK RD,41.851096,-87.592905,11/23/2019 02:21:00 AM,2019
CR00015947,06/01/2019 09:17:00 PM,30,CLEAR,DARKNESS - LIGHTED ROAD,REAR END,DIVIDED - W/MEDIAN (NOT RAISED),NO CONTROLS,UNABLE TO DETERMINE,IMPROPER LANE USAGE,0,0,0,0,21,7,6,416,STATE ST,41.847895,-87.843159,06/01/2019 09:45:00 PM,2019
CR00015948,03/24/2020 11:11:00 AM,40,CLEAR,DARKNESS - LIGHTED ROAD,TURNING,ONE-WAY,NO CONTROLS,FAILING TO YIELD RIGHT-OF-WAY,IMPROPER OVERTAKING/PASSING,0,0,0,0,11,3,3,1250,DAMEN AVE,41.911289,-87.643218,03/24/2020 12:17:00 PM,2020
CR00015949,09/11/2018 05:48:00 PM,30,CLEAR,DARKNESS - LIGHTED ROAD,REAR TO FRONT,DIVIDED - W/MEDIAN (NOT RAISED),NO CONTROLS,UNABLE TO DETERMINE,UNABLE TO DETERMINE,0,0,3,3,17,3,9,2023,MICHIGAN AVE,41.828865,-87.745094,09/11/2018 07:30:00 PM,2018
CR00015950,01/24/2016 03:40:00 PM,25,CLEAR,DARKNESS,TURNING,DIVIDED - W/MEDIAN (NOT RAISED),NO CONTROLS,FAILING TO YIELD RIGHT-OF-WAY,DRIVING SKILLS/KNOWLEDGE/EXPERIENCE,0,0,0,0,15,1,1,759,ELSTON AVE,41.843217,-87.525964,01/24/2016 04:44:00 PM,2016
CR00015951,12/23/2016 03:02:00 PM,30,RAIN,DARKNESS - LIGHTED ROAD,PARKED MOTOR VEHICLE,NOT DIVIDED,STOP SIGN/FLASHER,FAILING TO YIELD RIGHT-OF-WAY,FAILING TO YIELD RIGHT-OF-WAY,0,0,0,0,15,6,12,398,STONY ISLAND AVE,41.869908,-87.607883,12/23/2016 04:32:00 PM,2016
CR00015952,11/27/2024 09:43:00 PM,20,FREEZING RAIN/DRIZZLE,DAYLIGHT,REAR TO FRONT,NOT DIVIDED,NO CONTROLS,UNABLE TO DETERMINE,DISREGARDING TRAFFIC SIGNALS,0,0,0,0,21,4,11,640,DIVISION ST,41.834966,-87.603631,11/27/2024 10:19:00 PM,2024
CR00015953,03/20/2016 11:21:00 AM,25,SNOW,DAYLIGHT,FIXED OBJECT,T-INTERSECTION,YIELD,DISTRACTION - FROM INSIDE VEHICLE,IMPROPER LANE USAGE,0,0,0,0,11,1,3,2328,STATE ST,41.768414,-87.770868,03/20/2016 12:20:00 PM,2016
CR00015954,12/09/2016 05:17:00 PM,30,CLEAR,DARKNESS,PEDESTRIAN,T-INTERSECTION,TRAFFIC SIGNAL,FAILING TO REDUCE SPEED,FAILING TO YIELD RIGHT-OF-WAY,0,0,0,0,17,6,12,122,WESTERN AVE,41.880812,-87.797988,12/09/2016 05:31:00 PM,2016
CR00015955,07/09/2021 03:01:00 AM,35,CLEAR,DARKNESS - LIGHTED ROAD,REAR TO FRONT,T-INTERSECTION,NO CONTROLS,IMPROPER OVERTAKING/PASSING,UNABLE TO DETERMINE,0,1,0,1,3,6,7,2307,KEDZIE AVE,41.984791,-87.787607,07/09/2021 03:28:00 AM,2021
CR00015956,04/26/2023 05:56:00 PM,30,CLEAR,DARKNESS - LIGHTED ROAD,ANGLE,DIVIDED - W/MEDIAN BARRIER,UNKNOWN,UNABLE TO DETERMINE,UNABLE TO DETERMINE,0,0,3,3,17,4,4,1385,MILWAUKEE AVE,41.720765,-87.709467,04/26/2023 06:31:00 PM,2023
CR00015957,02/16/2018 07:39:00 AM,30,CLEAR,DAYLIGHT,SIDESWIPE SAME DIRECTION,NOT DIVIDED,NO CONTROLS,FOLLOWING TOO CLOSELY,UNABLE TO DETERMINE,0,0,0,0,7,6,2,330,BROADWAY,41.747568,-87.846143,02/16/2018 08:24:00 AM,2018
CR00015958,08/13/2018 04:34:00 PM,25,CLEAR,DAYLIGHT,TURNING,DIVIDED - W/MEDIAN BARRIER,NO CONTROLS,DRIVING SKILLS/KNOWLEDGE/EXPERIENCE,UNABLE TO DETERMINE,0,0,0,0,16,2,8,933,DAMEN AVE,41.893785,-87.571151,08/13/2018 06:19:00 PM,2018
CR00015959,01/13/2018 04:55:00 PM,40,CLEAR,DARKNESS - LIGHTED ROAD,ANGLE,T-INTERSECTION,NO CONTROLS,FAILING TO YIELD RIGHT-OF-WAY,IMPROPER LANE USAGE,0,0,0,0,16,7,1,1830,ARCHER AVE,41.816904,-87.509308,01/13/2018 05:33:00 PM,2018
CR00015960,08/30/2018 09:36:00 AM,35,CLEAR,DARKNESS - LIGHTED ROAD,REAR END,DIVIDED - W/MEDIAN (NOT RAISED),NO CONTROLS,IMPROPER OVERTAKING/PASSING,FAILING TO YIELD RIGHT-OF-WAY,0,0,0,0,9,5,8,986,ROOSEVELT RD,41.840182,-87.789904,08/30/2018 10:22:00 AM,2018
CR00015961,01/05/2020 11:53:00 AM,40,SNOW,DARKNESS - LIGHTED ROAD,REAR END,NOT DIVIDED,STOP SIGN/FLASHER,UNABLE TO DETERMINE,FOLLOWING TOO CLOSELY,0,0,1,1,11,1,1,624,79TH ST,41.891586,-87.572054,01/05/2020 11:54:00 AM,2020
CR00015962,03/03/2024 08:40:00 PM,35,CLEAR,DUSK,PARKED MOTOR VEHICLE,DIVIDED - W/MEDIAN (NOT RAISED),STOP SIGN/FLASHER,FAILING TO YIELD RIGHT-OF-WAY,NOT APPLICABLE,0,0,0,0,20,1,3,682,PULASKI RD,41.774197,-87.79685,03/03/2024 08:55:00 PM,2024
CR00015963,02/27/2017 09:31:00 AM,25,CLEAR,DARKNESS - LIGHTED ROAD,TURNING,NOT DIVIDED,NO CONTROLS,IMPROPER OVERTAKING/PASSING,DISREGARDING TRAFFIC SIGNALS,0,0,0,0,9,2,2,1620,MICHIGAN AVE,41.912381,-87.578331,02/27/2017 10:07:00 AM,2017
CR00015964,08/21/2016 07:03:00 PM,30,CLEAR,DUSK,REAR END,NOT DIVIDED,NO CONTROLS,FAILING TO REDUCE SPEED,NOT APPLICABLE,0,0,0,0,19,1,8,2486,ASHLAND AVE,41.750476,-87.565119,08/21/2016 07:14:00 PM,2016
CR00015965,06/05/2018 05:57:00 PM,25,RAIN,DAYLIGHT,TURNING,NOT DIVIDED,TRAFFIC SIGNAL,FAILING TO YIELD RIGHT-OF-WAY,DRIVING SKILLS/KNOWLEDGE/EXPERIENCE,0,0,0,0,17,3,6,705,MILWAUKEE AVE,41.872819,-87.600625,06/05/2018 07:44:00 PM,2018
CR00015966,07/15/2021 09:39:00 AM,15,SNOW,DAYLIGHT,PARKED MOTOR VEHICLE,NOT DIVIDED,TRAFFIC SIGNAL,FOLLOWING TOO CLOSELY,FAILING TO YIELD RIGHT-OF-WAY,0,0,0,0,9,5,7,2531,MILWAUKEE AVE,41.707094,-87.806168,07/15/2021 11:36:00 AM,2021
CR00015967,08/08/2018 11:41:00 PM,25,CLEAR,DAYLIGHT,REAR END,DIVIDED - W/MEDIAN (NOT RAISED),TRAFFIC SIGNAL,UNABLE TO DETERMINE,FAILING TO YIELD RIGHT-OF-WAY,0,0,0,0,23,4,8,2414,ARCHER AVE,41.822134,-87.630881,08/09/2018 12:47:00 AM,2018
CR00015968,09/06/2021 07:13:00 PM,15,CLEAR,DARKNESS - LIGHTED ROAD,ANGLE,NOT DIVIDED,TRAFFIC SIGNAL,FAILING TO YIELD RIGHT-OF-WAY,UNABLE TO DETERMINE,0,0,0,0,19,2,9,1498,MICHIGAN AVE,41.862291,-87.626734,09/06/2021 07:38:00 PM,2021
CR00015969,08/01/2015 09:37:00 PM,30,CLEAR,DARKNESS - LIGHTED ROAD,FIXED OBJECT,NOT DIVIDED,NO CONTROLS,IMPROPER LANE USAGE,DISREGARDING TRAFFIC SIGNALS,0,0,0,0,21,7,8,985,MILWAUKEE AVE,41.889378,-87.689585,08/01/2015 10:10:00 PM,2015
CR00015970,10/07/2020 05:23:00 PM,30,CLEAR,DAYLIGHT,SIDESWIPE SAME DIRECTION,DIVIDED - W/MEDIAN (NOT RAISED),TRAFFIC SIGNAL,UNABLE TO DETERMINE,NOT APPLICABLE,0,0,0,0,17,4,10,405,CICERO AVE,41.771824,-87.516916,10/07/2020 06:28:00 PM,2020
CR00015971,11/25/2017 09:15:00 AM,15,CLEAR,DARKNESS - LIGHTED ROAD,REAR TO FRONT,DIVIDED - W/MEDIAN (NOT RAISED),NO CONTROLS,IMPROPER OVERTAKING/PASSING,UNABLE TO DETERMINE,0,0,0,0,9,7,11,1426,63RD ST,41.826295,-87.58789,11/25/2017 10:46:00 AM,2017