CRASH_RECORD_ID,CRASH_DATE,POSTED_SPEED_LIMIT,WEATHER_CONDITION,LIGHTING_CONDITION,FIRST_CRASH_TYPE,TRAFFICWAY_TYPE,TRAFFIC_CONTROL_DEVICE,PRIM_CONTRIBUTORY_CAUSE,SEC_CONTRIBUTORY_CAUSE,INJURIES_FATAL,INJURIES_INCAPACITATING,INJURIES_NON_INCAPACITATING,INJURIES_TOTAL,CRASH_HOUR,CRASH_DAY_OF_WEEK,CRASH_MONTH,BEAT_OF_OCCURRENCE,STREET_NAME,LATITUDE,LONGITUDE,DATE_POLICE_NOTIFIED,year
CR00015972,05/01/2022 08:42:00 AM,30,CLEAR,DARKNESS - LIGHTED ROAD,TURNING,ONE-WAY,TRAFFIC SIGNAL,IMPROPER OVERTAKING/PASSING,FOLLOWING TOO CLOSELY,0,0,0,0,8,1,5,1265,STATE ST,41.733534,-87.73485,05/01/2022 09:04:00 AM,2022
CR00015973,10/19/2024 11:48:00 AM,45,CLEAR,DARKNESS - LIGHTED ROAD,REAR END,NOT DIVIDED,PEDESTRIAN CROSSING SIGN,DRIVING SKILLS/KNOWLEDGE/EXPERIENCE,UNABLE TO DETERMINE,0,0,0,0,11,7,10,190,MICHIGAN AVE,41.723778,-87.810822,10/19/2024 11:59:00 AM,2024
CR00015974,07/09/2018 07:45:00 AM,45,RAIN,DARKNESS - LIGHTED ROAD,REAR END,NOT DIVIDED,TRAFFIC SIGNAL,UNABLE TO DETERMINE,DISREGARDING TRAFFIC SIGNALS,0,0,0,0,7,2,7,1528,ASHLAND AVE,41.872302,-87.685888,07/09/2018 07:48:00 AM,2018
CR00015975,08/04/2016 08:57:00 AM,30,CLEAR,DARKNESS - LIGHTED ROAD,REAR END,DIVIDED - W/MEDIAN (NOT RAISED),NO CONTROLS,UNABLE TO DETERMINE,FAILING TO YIELD RIGHT-OF-WAY,0,0,0,0,8,5,8,1133,CICERO AVE,41.918378,-87.811138,08/04/2016 09:12:00 AM,2016
CR00015976,11/24/2018 07:24:00 AM,30,CLEAR,DAYLIGHT,ANGLE,FOUR WAY,STOP SIGN/FLASHER,IMPROPER OVERTAKING/PASSING,DRIVING SKILLS/KNOWLEDGE/EXPERIENCE,0,0,0,0,7,7,11,1345,CICERO AVE,41.881544,-87.779738,11/24/2018 07:51:00 AM,2018
CR00015977,03/04/2022 12:50:00 PM,15,CLOUDY/OVERCAST,DAYLIGHT,REAR TO FRONT,DIVIDED - W/MEDIAN (NOT RAISED),STOP SIGN/FLASHER,IMPROPER OVERTAKING/PASSING,DRIVING SKILLS/KNOWLEDGE/EXPERIENCE,0,0,0,0,12,6,3,2334,79TH ST,41.734718,-87.697359,03/04/2022 02:47:00 PM,2022
CR00015978,07/26/2015 12:53:00 PM,30,FREEZING RAIN/DRIZZLE,DAYLIGHT,REAR END,DIVIDED - W/MEDIAN (NOT RAISED),NO CONTROLS,DISTRACTION - FROM INSIDE VEHICLE,UNABLE TO DETERMINE,0,0,1,1,12,1,7,1617,DIVISION ST,41.770971,-87.617862,07/26/2015 01:32:00 PM,2015
CR00015979,11/18/2020 03:18:00 AM,20,CLEAR,DARKNESS - LIGHTED ROAD,ANGLE,ONE-WAY,NO CONTROLS,IMPROPER OVERTAKING/PASSING,IMPROPER OVERTAKING/PASSING,0,0,0,0,3,4,11,741,DIVISION ST,41.732191,-87.794176,11/18/2020 04:36:00 AM,2020
CR00015980,06/28/2015 08:58:00 AM,15,SNOW,DARKNESS - LIGHTED ROAD,REAR END,ONE-WAY,NO CONTROLS,DISTRACTION - FROM INSIDE VEHICLE,FAILING TO YIELD RIGHT-OF-WAY,0,0,0,0,8,1,6,2248,MILWAUKEE AVE,41.926231,-87.589431,06/28/2015 10:35:00 AM,2015
CR00015981,05/12/2016 07:37:00 PM,40,RAIN,DAYLIGHT,TURNING,DIVIDED - W/MEDIAN (NOT RAISED),TRAFFIC SIGNAL,FOLLOWING TOO CLOSELY,UNABLE TO DETERMINE,0,0,0,0,19,5,5,1925,KEDZIE AVE,41.898236,-87.598178,05/12/2016 09:08:00 PM,2016
CR00015982,06/14/2017 08:59:00 AM,25,RAIN,DUSK,PEDESTRIAN,FOUR WAY,NO CONTROLS,UNABLE TO DETERMINE,FAILING TO REDUCE SPEED,0,0,3,3,8,4,6,947,ARCHER AVE,41.800999,-87.531371,06/14/2017 09:45:00 AM,2017
CR00015983,07/11/2015 07:57:00 PM,15,CLEAR,DARKNESS - LIGHTED ROAD,REAR END,DIVIDED - W/MEDIAN (NOT RAISED),STOP SIGN/FLASHER,FAILING TO REDUCE SPEED,FOLLOWING TOO CLOSELY,0,0,1,1,19,7,7,1100,STATE ST,41.885938,-87.509695,07/11/2015 08:08:00 PM,2015
CR00015984,06/27/2024 11:24:00 AM,20,CLEAR,DAYLIGHT,REAR TO FRONT,DIVIDED - W/MEDIAN (NOT RAISED),NO CONTROLS,DISTRACTION - FROM INSIDE VEHICLE,NOT APPLICABLE,0,0,0,0,11,5,6,1732,LAKE SHORE DR,41.76373,-87.703686,06/27/2024 01:18:00 PM,2024
CR00015985,11/12/2021 03:54:00 AM,30,CLEAR,DAYLIGHT,PARKED MOTOR VEHICLE,FOUR WAY,YIELD,FAILING TO YIELD RIGHT-OF-WAY,IMPROPER LANE USAGE,0,0,0,0,3,6,11,1861,MILWAUKEE AVE,41.751157,-87.559452,11/12/2021 04:02:00 AM,2021
CR00015986,09/14/2022 07:41:00 PM,30,CLEAR,DAYLIGHT,REAR END,NOT DIVIDED,NO CONTROLS,UNABLE TO DETERMINE,UNABLE TO DETERMINE,0,0,0,0,19,4,9,1887,ARCHER AVE,41.877893,-87.6693,09/14/2022 07:48:00 PM,2022
CR00015987,04/18/2016 06:33:00 PM,30,CLEAR,DAYLIGHT,TURNING,DIVIDED - W/MEDIAN (NOT RAISED),UNKNOWN,DISTRACTION - FROM INSIDE VEHICLE,DISTRACTION - FROM INSIDE VEHICLE,0,0,0,0,18,2,4,1170,IRVING PARK RD,41.711806,-87.55681,04/18/2016 07:55:00 PM,2016
CR00015988,07/10/2016 04:19:00 PM,35,CLEAR,DARKNESS - LIGHTED ROAD,PARKED MOTOR VEHICLE,FOUR WAY,NO CONTROLS,FOLLOWING TOO CLOSELY,NOT APPLICABLE,0,0,0,0,16,1,7,2098,CALIFORNIA AVE,41.81701,-87.680808,07/10/2016 04:52:00 PM,2016
CR00015989,01/23/2022 07:22:00 PM,30,CLEAR,DAYLIGHT,SIDESWIPE SAME DIRECTION,ONE-WAY,NO CONTROLS,DISREGARDING TRAFFIC SIGNALS,UNABLE TO DETERMINE,0,2,1,3,19,1,1,768,MICHIGAN AVE,41.907417,-87.560949,01/23/2022 09:15:00 PM,2022
CR00015990,05/31/2020 06:00:00 PM,30,CLEAR,DAYLIGHT,ANGLE,DIVIDED - W/MEDIAN BARRIER,TRAFFIC SIGNAL,DRIVING SKILLS/KNOWLEDGE/EXPERIENCE,UNABLE TO DETERMINE,0,0,2,2,18,1,5,980,CLARK ST,41.90042,-87.848073,05/31/2020 06:11:00 PM,2020
CR00015991,08/11/2016 07:56:00 PM,15,RAIN,DAYLIGHT,PEDESTRIAN,DIVIDED - W/MEDIAN (NOT RAISED),STOP SIGN/FLASHER,FOLLOWING TOO CLOSELY,DISTRACTION - FROM INSIDE VEHICLE,0,0,3,3,19,5,8,1592,47TH ST,41.91774,-87.812726,08/11/2016 08:36:00 PM,2016
CR00015992,02/06/2024 09:54:00 PM,40,FREEZING RAIN/DRIZZLE,DUSK,REAR END,NOT DIVIDED,TRAFFIC SIGNAL,UNABLE TO DETERMINE,FAILING TO YIELD RIGHT-OF-WAY,0,0,0,0,21,3,2,1937,47TH ST,41.983741,-87.642768,02/06/2024 10:26:00 PM,2024
CR00015993,04/28/2020 08:47:00 AM,15,CLEAR,DAYLIGHT,TURNING,NOT DIVIDED,NO CONTROLS,FAILING TO REDUCE SPEED,NOT APPLICABLE,0,2,2,4,8,3,4,1722,BROADWAY,41.763382,-87.789651,04/28/2020 08:50:00 AM,2020
CR00015994,09/14/2023 02:15:00 AM,40,CLEAR,DAYLIGHT,TURNING,ONE-WAY,NO CONTROLS,FAILING TO YIELD RIGHT-OF-WAY,UNABLE TO DETERMINE,0,0,1,1,2,5,9,473,ROOSEVELT RD,41.950601,-87.621979,09/14/2023 02:47:00 AM,2023
CR00015995,08/05/2018 10:43:00 AM,30,CLEAR,DAYLIGHT,REAR END,DIVIDED - W/MEDIAN BARRIER,NO CONTROLS,UNABLE TO DETERMINE,UNABLE TO DETERMINE,0,0,0,0,10,1,8,1134,79TH ST,41.877305,-87.660502,08/05/2018 12:02:00 PM,2018
CR00015996,07/03/2019 07:26:00 AM,30,SNOW,DAYLIGHT,REAR END,DIVIDED - W/MEDIAN (NOT RAISED),TRAFFIC SIGNAL,FOLLOWING TOO CLOSELY,NOT APPLICABLE,0,0,0,0,7,4,7,605,CALIFORNIA AVE,41.970488,-87.713074,07/03/2019 07:29:00 AM,2019
CR00015997,11/12/2016 12:51:00 PM,35,CLEAR,DAYLIGHT,PEDESTRIAN,NOT DIVIDED,NO CONTROLS,UNABLE TO DETERMINE,NOT APPLICABLE,0,0,1,1,12,7,11,756,WESTERN AVE,41.987915,-87.759666,11/12/2016 02:49:00 PM,2016
CR00015998,06/29/2022 01:08:00 AM,30,CLEAR,DAYLIGHT,REAR TO FRONT,NOT DIVIDED,TRAFFIC SIGNAL,FAILING TO YIELD RIGHT-OF-WAY,UNABLE TO DETERMINE,0,0,0,0,1,4,6,310,MILWAUKEE AVE,41.729543,-87.590673,06/29/2022 02:09:00 AM,2022
CR00015999,07/21/2020 11:28:00 AM,35,CLEAR,DAWN,ANGLE,NOT DIVIDED,STOP SIGN/FLASHER,UNABLE TO DETERMINE,UNABLE TO DETERMINE,0,0,0,0,11,3,7,2102,PULASKI RD,41.750216,-87.832696,07/21/2020 11:45:00 AM,2020
CR00016000,03/27/2015 06:47:00 PM,30,CLEAR,DARKNESS - LIGHTED ROAD,ANGLE,NOT DIVIDED,NO CONTROLS,FAILING TO YIELD RIGHT-OF-WAY,FAILING TO YIELD RIGHT-OF-WAY,0,0,0,0,18,6,3,716,WESTERN AVE,41.958706,-87.69596,03/27/2015 07:04:00 PM,2015
CR00016001,07/21/2019 07:26:00 AM,30,CLEAR,DAYLIGHT,SIDESWIPE SAME DIRECTION,ONE-WAY,TRAFFIC SIGNAL,UNABLE TO DETERMINE,UNABLE TO DETERMINE,0,0,1,1,7,1,7,2105,BROADWAY,41.982805,-87.500514,07/21/2019 08:41:00 AM,2019
CR00016002,05/16/2017 09:58:00 AM,20,RAIN,DAYLIGHT,TURNING,DIVIDED - W/MEDIAN BARRIER,NO CONTROLS,FAILING TO REDUCE SPEED,IMPROPER LANE USAGE,0,1,0,1,9,3,5,2121,ASHLAND AVE,41.907959,-87.525003,05/16/2017 09:59:00 AM,2017
CR00016003,10/18/2024 03:10:00 PM,25,CLEAR,DAYLIGHT,REAR TO FRONT,NOT DIVIDED,TRAFFIC SIGNAL,DISREGARDING TRAFFIC SIGNALS,NOT APPLICABLE,0,0,0,0,15,6,10,1485,79TH ST,41.892489,-87.761408,10/18/2024 04:44:00 PM,2024
CR00016004,12/14/2019 11:57:00 AM,30,CLEAR,DAYLIGHT,REAR END,DIVIDED - W/MEDIAN BARRIER,UNKNOWN,UNABLE TO DETERMINE,IMPROPER LANE USAGE,0,0,0,0,11,7,12,1594,ROOSEVELT RD,41.732578,-87.785709,12/14/2019 12:31:00 PM,2019
CR00016005,01/24/2024 09:17:00 PM,30,CLEAR,DAYLIGHT,TURNING,FOUR WAY,NO CONTROLS,FAILING TO YIELD RIGHT-OF-WAY,NOT APPLICABLE,0,0,0,0,21,4,1,863,HALSTED ST,41.779431,-87.740295,01/24/2024 11:05:00 PM,2024
CR00016006,12/12/2016 05:35:00 PM,20,CLEAR,DARKNESS - LIGHTED ROAD,REAR END,DIVIDED - W/MEDIAN (NOT RAISED),UNKNOWN,UNABLE TO DETERMINE,DRIVING SKILLS/KNOWLEDGE/EXPERIENCE,0,0,0,0,17,2,12,1816,STATE ST,41.734547,-87.667125,12/12/2016 06:59:00 PM,2016
CR00016007,08/24/2016 08:33:00 AM,40,RAIN,DAYLIGHT,REAR END,T-INTERSECTION,NO CONTROLS,UNABLE TO DETERMINE,UNABLE TO DETERMINE,0,0,0,0,8,4,8,192,STATE ST,41.956673,-87.826621,08/24/2016 09:32:00 AM,2016
CR00016008,09/04/2016 11:14:00 AM,25,RAIN,DAYLIGHT,FIXED OBJECT,T-INTERSECTION,NO CONTROLS,UNABLE TO DETERMINE,FAILING TO YIELD RIGHT-OF-WAY,0,0,1,1,11,1,9,2241,CLARK ST,41.740096,-87.668069,09/04/2016 01:11:00 PM,2016
CR00016009,05/31/2021 01:34:00 PM,25,CLEAR,DAYLIGHT,REAR END,NOT DIVIDED,NO CONTROLS,IMPROPER OVERTAKING/PASSING,IMPROPER LANE USAGE,0,0,0,0,13,2,5,1945,MICHIGAN AVE,41.727301,-87.574635,05/31/2021 03:30:00 PM,2021
CR00016010,11/14/2016 04:13:00 PM,30,RAIN,DARKNESS - LIGHTED ROAD,REAR END,NOT DIVIDED,STOP SIGN/FLASHER,DRIVING SKILLS/KNOWLEDGE/EXPERIENCE,FOLLOWING TOO CLOSELY,0,0,0,0,16,2,11,2103,63RD ST,41.882761,-87.572971,11/14/2016 06:12:00 PM,2016
CR00016011,07/20/2022 07:08:00 PM,45,CLOUDY/OVERCAST,DUSK,PARKED MOTOR VEHICLE,DIVIDED - W/MEDIAN BARRIER,UNKNOWN,DISTRACTION - FROM INSIDE VEHICLE,IMPROPER OVERTAKING/PASSING,0,0,1,1,19,4,7,1893,CLARK ST,41.705771,-87.610848,07/20/2022 07:41:00 PM,2022
CR00016012,12/24/2024 03:08:00 PM,30,CLEAR,DARKNESS - LIGHTED ROAD,PARKED MOTOR VEHICLE,NOT DIVIDED,NO CONTROLS,UNABLE TO DETERMINE,FAILING TO YIELD RIGHT-OF-WAY,0,0,0,0,15,3,12,362,63RD ST,41.733178,-87.612938,12/24/2024 03:43:00 PM,2024
CR00016013,05/25/2022 02:05:00 AM,35,CLEAR,DAYLIGHT,REAR END,DIVIDED - W/MEDIAN BARRIER,TRAFFIC SIGNAL,UNABLE TO DETERMINE,DRIVING SKILLS/KNOWLEDGE/EXPERIENCE,0,0,0,0,2,4,5,2162,KEDZIE AVE,41.858707,-87.633834,05/25/2022 03:28:00 AM,2022
CR00016014,08/23/2021 09:00:00 AM,30,CLEAR,DARKNESS - LIGHTED ROAD,PARKED MOTOR VEHICLE,DIVIDED - W/MEDIAN (NOT RAISED),TRAFFIC SIGNAL,DRIVING SKILLS/KNOWLEDGE/EXPERIENCE,FAILING TO REDUCE SPEED,0,0,0,0,9,2,8,2058,CICERO AVE,41.836481,-87.640991,08/23/2021 10:23:00 AM,2021
CR00016015,05/30/2021 12:04:00 PM,30,CLEAR,DAYLIGHT,REAR END,DIVIDED - W/MEDIAN BARRIER,NO CONTROLS,DISTRACTION - FROM INSIDE VEHICLE,UNABLE TO DETERMINE,0,0,0,0,12,1,5,625,HALSTED ST,41.870224,-87.502459,05/30/2021 01:05:00 PM,2021
CR00016016,10/28/2021 04:51:00 AM,40,CLEAR,DARKNESS - LIGHTED ROAD,REAR END,NOT DIVIDED,TRAFFIC SIGNAL,UNABLE TO DETERMINE,DRIVING SKILLS/KNOWLEDGE/EXPERIENCE,0,0,1,1,4,5,10,313,BROADWAY,41.86522,-87.839577,10/28/2021 06:27:00 AM,2021
CR00016017,02/20/2019 04:18:00 PM,35,RAIN,DARKNESS - LIGHTED ROAD,ANGLE,ONE-WAY,STOP SIGN/FLASHER,FAILING TO REDUCE SPEED,UNABLE TO DETERMINE,0,0,2,2,16,4,2,597,HALSTED ST,41.721437,-87.81907,02/20/2019 05:52:00 PM,2019
CR00016018,06/05/2017 05:46:00 AM,45,RAIN,DAYLIGHT,REAR END,NOT DIVIDED,TRAFFIC SIGNAL,UNABLE TO DETERMINE,FOLLOWING TOO CLOSELY,0,0,0,0,5,2,6,1760,CICERO AVE,41.932675,-87.743536,06/05/2017 06:00:00 AM,2017
CR00016019,02/15/2017 05:26:00 PM,45,CLOUDY/OVERCAST,DAYLIGHT,TURNING,DIVIDED - W/MEDIAN (NOT RAISED),NO CONTROLS,FOLLOWING TOO CLOSELY,DRIVING SKILLS/KNOWLEDGE/EXPERIENCE,0,0,0,0,17,4,2,1650,STATE ST,41.86355,-87.561006,02/15/2017 07:25:00 PM,2017
CR00016020,08/11/2016 02:20:00 AM,45,CLEAR,DUSK,SIDESWIPE SAME DIRECTION,NOT DIVIDED,NO CONTROLS,UNABLE TO DETERMINE,UNABLE TO DETERMINE,0,0,0,0,2,5,8,827,KEDZIE AVE,41.819464,-87.564143,08/11/2016 03:18:00 AM,2016
CR00016021,12/10/2023 03:48:00 PM,30,CLEAR,DARKNESS,REAR END,FOUR WAY,NO CONTROLS,FOLLOWING TOO CLOSELY,FAILING TO YIELD RIGHT-OF-WAY,0,0,0,0,15,1,12,1418,PULASKI RD,41.989782,-87.719326,12/10/2023 05:14:00 PM,2023
CR00016022,12/13/2021 12:08:00 PM,25,CLOUDY/OVERCAST,DUSK,REAR END,NOT DIVIDED,YIELD,IMPROPER LANE USAGE,UNABLE TO DETERMINE,0,0,0,0,12,2,12,216,ASHLAND AVE,41.847572,-87.551927,12/13/2021 12:28:00 PM,2021
CR00016023,08/22/2018 05:26:00 PM,25,CLOUDY/OVERCAST,DAYLIGHT,SIDESWIPE SAME DIRECTION,NOT DIVIDED,TRAFFIC SIGNAL,UNABLE TO DETERMINE,FAILING TO REDUCE SPEED,0,0,0,0,17,4,8,1936,CALIFORNIA AVE,41.898676,-87.709853,08/22/2018 05:34:00 PM,2018
CR00016024,06/23/2024 06:53:00 PM,30,CLEAR,DAYLIGHT,REAR END,ONE-WAY,TRAFFIC SIGNAL,UNABLE TO DETERMINE,UNABLE TO DETERMINE,0,0,1,1,18,1,6,1250,HALSTED ST,41.800833,-87.759519,06/23/2024 08:24:00 PM,2024
CR00016025,01/09/2023 04:42:00 AM,35,SNOW,DUSK,TURNING,DIVIDED - W/MEDIAN BARRIER,STOP SIGN/FLASHER,DISTRACTION - FROM INSIDE VEHICLE,FAILING TO REDUCE SPEED,0,0,0,0,4,2,1,2392,ELSTON AVE,41.828531,-87.571946,01/09/2023 05:19:00 AM,2023
CR00016026,11/30/2015 06:10:00 PM,45,CLEAR,DARKNESS - LIGHTED ROAD,TURNING,NOT DIVIDED,NO CONTROLS,FAILING TO YIELD RIGHT-OF-WAY,DISREGARDING TRAFFIC SIGNALS,0,0,0,0,18,2,11,1321,WESTERN AVE,41.745427,-87.656848,11/30/2015 07:31:00 PM,2015
CR00016027,12/12/2021 04:59:00 PM,35,RAIN,DUSK,PEDESTRIAN,ONE-WAY,NO CONTROLS,IMPROPER OVERTAKING/PASSING,UNABLE TO DETERMINE,0,0,0,0,16,1,12,925,ASHLAND AVE,41.874243,-87.715245,12/12/2021 05:45:00 PM,2021
CR00016028,05/22/2024 03:08:00 AM,35,CLEAR,DARKNESS - LIGHTED ROAD,ANGLE,DIVIDED - W/MEDIAN BARRIER,TRAFFIC SIGNAL,UNABLE TO DETERMINE,NOT APPLICABLE,0,0,0,0,3,4,5,1684,IRVING PARK RD,41.788177,-87.652086,05/22/2024 04:27:00 AM,2024
CR00016029,11/04/2019 01:07:00 PM,25,CLEAR,DAWN,TURNING,NOT DIVIDED,NO CONTROLS,DRIVING SKILLS/KNOWLEDGE/EXPERIENCE,FAILING TO YIELD RIGHT-OF-WAY,0,0,0,0,13,2,11,2497,BROADWAY,41.824118,-87.732547,11/04/2019 02:32:00 PM,2019
CR00016030,05/17/2015 10:34:00 AM,35,CLEAR,DAYLIGHT,FIXED OBJECT,NOT DIVIDED,UNKNOWN,FAILING TO REDUCE SPEED,IMPROPER LANE USAGE,0,0,0,0,10,1,5,421,DIVISION ST,41.735275,-87.661134,05/17/2015 12:14:00 PM,2015
CR00016031,05/17/2023 06:28:00 PM,45,CLEAR,DARKNESS - LIGHTED ROAD,FIXED OBJECT,NOT DIVIDED,TRAFFIC SIGNAL,FAILING TO YIELD RIGHT-OF-WAY,DISREGARDING TRAFFIC SIGNALS,0,0,2,2,18,4,5,899,MICHIGAN AVE,41.861946,-87.796385,05/17/2023 08:19:00 PM,2023
CR00016032,07/14/2017 03:01:00 AM,25,CLOUDY/OVERCAST,DARKNESS,PARKED MOTOR VEHICLE,ONE-WAY,NO CONTROLS,IMPROPER OVERTAKING/PASSING,FAILING TO YIELD RIGHT-OF-WAY,0,0,3,3,3,6,7,1951,MICHIGAN AVE,41.946816,-87.762147,07/14/2017 03:52:00 AM,2017
CR00016033,03/14/2021 12:25:00 PM,30,SNOW,DAYLIGHT,FIXED OBJECT,NOT DIVIDED,NO CONTROLS,UNABLE TO DETERMINE,NOT APPLICABLE,0,1,0,1,12,1,3,2154,63RD ST,41.918093,-87.622157,03/14/2021 01:56:00 PM,2021
CR00016034,10/10/2019 10:12:00 AM,30,CLEAR,DAYLIGHT,REAR END,DIVIDED - W/MEDIAN (NOT RAISED),NO CONTROLS,FAILING TO REDUCE SPEED,DRIVING SKILLS/KNOWLEDGE/EXPERIENCE,0,0,0,0,10,5,10,2287,WESTERN AVE,41.748065,-87.509864,10/10/2019 10:22:00 AM,2019
CR00016035,10/30/2016 02:32:00 PM,25,RAIN,DAYLIGHT,REAR END,DIVIDED - W/MEDIAN BARRIER,TRAFFIC SIGNAL,FAILING TO YIELD RIGHT-OF-WAY,IMPROPER LANE USAGE,0,0,0,0,14,1,10,2090,KEDZIE AVE,41.944375,-87.703968,10/30/2016 03:04:00 PM,2016
CR00016036,02/15/2016 06:23:00 PM,15,RAIN,DARKNESS - LIGHTED ROAD,ANGLE,NOT DIVIDED,TRAFFIC SIGNAL,DRIVING SKILLS/KNOWLEDGE/EXPERIENCE,WEATHER,0,0,0,0,18,2,2,1323,IRVING PARK RD,41.815575,-87.522044,02/15/2016 08:03:00 PM,2016
CR00016037,05/05/2019 11:02:00 PM,25,CLEAR,DAYLIGHT,PARKED MOTOR VEHICLE,NOT DIVIDED,TRAFFIC SIGNAL,UNABLE TO DETERMINE,DISTRACTION - FROM INSIDE VEHICLE,0,0,0,0,23,1,5,2143,LAKE SHORE DR,41.720055,-87.707498,05/05/2019 11:22:00 PM,2019
CR00016038,06/29/2020 03:22:00 PM,40,CLEAR,DAWN,REAR END,NOT DIVIDED,NO CONTROLS,FAILING TO YIELD RIGHT-OF-WAY,DISTRACTION - FROM INSIDE VEHICLE,0,0,2,2,15,2,6,1403,DAMEN AVE,41.740506,-87.670382,06/29/2020 04:04:00 PM,2020
CR00016039,01/15/2021 04:32:00 PM,35,CLOUDY/OVERCAST,DARKNESS - LIGHTED ROAD,FIXED OBJECT,ONE-WAY,TRAFFIC SIGNAL,UNABLE TO DETERMINE,IMPROPER OVERTAKING/PASSING,0,0,1,1,16,6,1,1582,63RD ST,41.978927,-87.801354,01/15/2021 06:02:00 PM,2021
CR00016040,11/27/2017 03:39:00 PM,20,CLEAR,DAYLIGHT,PEDESTRIAN,DIVIDED - W/MEDIAN BARRIER,TRAFFIC SIGNAL,DRIVING SKILLS/KNOWLEDGE/EXPERIENCE,IMPROPER LANE USAGE,0,0,0,0,15,2,11,252,ASHLAND AVE,41.750845,-87.81742,11/27/2017 04:26:00 PM,2017
CR00016041,07/25/2023 01:18:00 PM,35,SNOW,DARKNESS - LIGHTED ROAD,ANGLE,ONE-WAY,STOP SIGN/FLASHER,UNABLE TO DETERMINE,UNABLE TO DETERMINE,0,0,0,0,13,3,7,2285,CALIFORNIA AVE,41.966071,-87.588693,07/25/2023 02:38:00 PM,2023
CR00016042,02/09/2023 11:30:00 AM,40,CLEAR,DARKNESS - LIGHTED ROAD,REAR END,DIVIDED - W/MEDIAN BARRIER,NO CONTROLS,FAILING TO REDUCE SPEED,DRIVING SKILLS/KNOWLEDGE/EXPERIENCE,0,0,0,0,11,5,2,1761,FULLERTON AVE,41.894102,-87.572577,02/09/2023 12:22:00 PM,2023
CR00016043,05/23/2021 04:55:00 PM,35,CLEAR,DAYLIGHT,TURNING,NOT DIVIDED,UNKNOWN,UNABLE TO DETERMINE,FAILING TO YIELD RIGHT-OF-WAY,0,0,0,0,16,1,5,535,BROADWAY,41.701485,-87.731808,05/23/2021 05:26:00 PM,2021
CR00016044,03/10/2017 01:25:00 PM,35,CLEAR,DAYLIGHT,REAR END,ONE-WAY,NO CONTROLS,IMPROPER OVERTAKING/PASSING,UNABLE TO DETERMINE,0,0,1,1,13,6,3,520,WESTERN AVE,41.981236,-87.620119,03/10/2017 02:15:00 PM,2017
CR00016045,06/27/2022 06:09:00 PM,20,CLEAR,DARKNESS - LIGHTED ROAD,REAR END,FOUR WAY,NO CONTROLS,DISREGARDING TRAFFIC SIGNALS,UNABLE TO DETERMINE,0,0,1,1,18,2,6,189,ELSTON AVE,41.955156,-87.796175,06/27/2022 06:37:00 PM,2022
CR00016046,01/08/2023 08:03:00 AM,35,CLEAR,DAYLIGHT,REAR END,NOT DIVIDED,NO CONTROLS,UNABLE TO DETERMINE,FAILING TO YIELD RIGHT-OF-WAY,0,0,0,0,8,1,1,466,ELSTON AVE,41.945508,-87.524292,01/08/2023 08:08:00 AM,2023
CR00016047,05/07/2022 06:04:00 AM,20,CLEAR,DARKNESS - LIGHTED ROAD,ANGLE,DIVIDED - W/MEDIAN (NOT RAISED),NO CONTROLS,IMPROPER OVERTAKING/PASSING,NOT APPLICABLE,0,0,0,0,6,7,5,1133,STONY ISLAND AVE,41.777013,-87.723323,05/07/2022 06:16:00 AM,2022
CR00016048,09/29/2024 03:26:00 PM,15,CLEAR,DAYLIGHT,FIXED OBJECT,DIVIDED - W/MEDIAN (NOT RAISED),STOP SIGN/FLASHER,DISREGARDING TRAFFIC SIGNALS,DRIVING SKILLS/KNOWLEDGE/EXPERIENCE,0,0,3,3,15,1,9,2470,LAKE SHORE DR,41.987245,-87.655867,09/29/2024 04:19:00 PM,2024
CR00016049,08/12/2015 12:35:00 PM,20,FOG/SMOKE/HAZE,DAYLIGHT,PEDESTRIAN,NOT DIVIDED,NO CONTROLS,UNABLE TO DETERMINE,FAILING TO YIELD RIGHT-OF-WAY,0,0,0,0,12,4,8,2350,CLARK ST,41.939499,-87.627685,08/12/2015 02:29:00 PM,2015
CR00016050,08/09/2015 11:47:00 PM,35,CLEAR,DAYLIGHT,SIDESWIPE SAME DIRECTION,FOUR WAY,NO CONTROLS,DRIVING SKILLS/KNOWLEDGE/EXPERIENCE,FOLLOWING TOO CLOSELY,0,0,1,1,23,1,8,133,WESTERN AVE,41.7058,-87.520583,08/10/2015 01:42:00 AM,2015
CR00016051,09/07/2022 06:20:00 PM,30,CLEAR,DAYLIGHT,TURNING,NOT DIVIDED,NO CONTROLS,DISREGARDING TRAFFIC SIGNALS,UNABLE TO DETERMINE,0,0,1,1,18,4,9,2515,BROADWAY,41.729727,-87.59079,09/07/2022 06:54:00 PM,2022
CR00016052,01/07/2018 03:00:00 PM,35,CLEAR,DARKNESS - LIGHTED ROAD,SIDESWIPE SAME DIRECTION,ONE-WAY,STOP SIGN/FLASHER,UNABLE TO DETERMINE,UNABLE TO DETERMINE,0,0,0,0,15,1,1,2282,DAMEN AVE,41.894363,-87.500687,01/07/2018 03:33:00 PM,2018
CR00016053,10/12/2017 01:52:00 PM,35,CLEAR,DAYLIGHT,REAR END,NOT DIVIDED,TRAFFIC SIGNAL,IMPROPER LANE USAGE,FAILING TO YIELD RIGHT-OF-WAY,0,0,0,0,13,5,10,633,ROOSEVELT RD,41.971896,-87.523665,10/12/2017 03:08:00 PM,2017