CRASH_RECORD_ID,CRASH_DATE,POSTED_SPEED_LIMIT,WEATHER_CONDITION,LIGHTING_CONDITION,FIRST_CRASH_TYPE,TRAFFICWAY_TYPE,TRAFFIC_CONTROL_DEVICE,PRIM_CONTRIBUTORY_CAUSE,SEC_CONTRIBUTORY_CAUSE,INJURIES_FATAL,INJURIES_INCAPACITATING,INJURIES_NON_INCAPACITATING,INJURIES_TOTAL,CRASH_HOUR,CRASH_DAY_OF_WEEK,CRASH_MONTH,BEAT_OF_OCCURRENCE,STREET_NAME,LATITUDE,LONGITUDE,DATE_POLICE_NOTIFIED,year
CR00016054,05/23/2016 08:02:00 PM,30,FREEZING RAIN/DRIZZLE,DAYLIGHT,PARKED MOTOR VEHICLE,T-INTERSECTION,TRAFFIC SIGNAL,DISTRACTION - FROM INSIDE VEHICLE,IMPROPER LANE USAGE,0,0,1,1,20,2,5,805,FULLERTON AVE,41.862245,-87.513036,05/23/2016 08:29:00 PM,2016
CR00016055,09/30/2020 03:07:00 PM,40,RAIN,DARKNESS,FIXED OBJECT,ONE-WAY,NO CONTROLS,UNABLE TO DETERMINE,FAILING TO REDUCE SPEED,0,0,3,3,15,4,9,816,WESTERN AVE,41.997115,-87.55453,09/30/2020 03:09:00 PM,2020
CR00016056,09/03/2015 04:22:00 AM,30,CLOUDY/OVERCAST,DAYLIGHT,PARKED MOTOR VEHICLE,T-INTERSECTION,NO CONTROLS,UNABLE TO DETERMINE,UNABLE TO DETERMINE,0,0,0,0,4,5,9,2383,63RD ST,41.788894,-87.788863,09/03/2015 04:40:00 AM,2015
CR00016057,10/16/2021 11:27:00 AM,35,CLEAR,DAYLIGHT,PARKED MOTOR VEHICLE,ONE-WAY,TRAFFIC SIGNAL,FOLLOWING TOO CLOSELY,FOLLOWING TOO CLOSELY,0,0,0,0,11,7,10,664,HALSTED ST,41.752656,-87.525333,10/16/2021 12:29:00 PM,2021
CR00016058,06/20/2021 05:47:00 PM,35,CLEAR,DARKNESS,TURNING,DIVIDED - W/MEDIAN (NOT RAISED),TRAFFIC SIGNAL,UNABLE TO DETERMINE,NOT APPLICABLE,0,0,0,0,17,1,6,2471,STONY ISLAND AVE,41.813302,-87.825303,06/20/2021 07:27:00 PM,2021
CR00016059,03/05/2015 05:55:00 AM,20,CLEAR,DARKNESS - LIGHTED ROAD,REAR TO FRONT,NOT DIVIDED,NO CONTROLS,UNABLE TO DETERMINE,NOT APPLICABLE,0,0,0,0,5,5,3,100,CLARK ST,41.868944,-87.72081,03/05/2015 06:13:00 AM,2015
CR00016060,11/19/2019 08:05:00 AM,35,CLEAR,DAYLIGHT,REAR TO FRONT,DIVIDED - W/MEDIAN (NOT RAISED),TRAFFIC SIGNAL,IMPROPER LANE USAGE,DRIVING SKILLS/KNOWLEDGE/EXPERIENCE,0,0,0,0,8,3,11,1887,MICHIGAN AVE,41.852783,-87.553754,11/19/2019 08:58:00 AM,2019
CR00016061,07/23/2019 08:05:00 AM,20,CLOUDY/OVERCAST,DARKNESS - LIGHTED ROAD,ANGLE,FOUR WAY,TRAFFIC SIGNAL,FOLLOWING TOO CLOSELY,DRIVING SKILLS/KNOWLEDGE/EXPERIENCE,0,1,0,1,8,3,7,2255,MICHIGAN AVE,41.995337,-87.617756,07/23/2019 08:35:00 AM,2019
CR00016062,03/22/2015 02:30:00 PM,20,CLEAR,DARKNESS - LIGHTED ROAD,PARKED MOTOR VEHICLE,ONE-WAY,NO CONTROLS,UNABLE TO DETERMINE,WEATHER,0,0,0,0,14,1,3,1385,63RD ST,41.735028,-87.680181,03/22/2015 03:39:00 PM,2015
CR00016063,10/29/2022 07:41:00 AM,45,CLEAR,DAYLIGHT,REAR END,ONE-WAY,TRAFFIC SIGNAL,DISTRACTION - FROM INSIDE VEHICLE,DRIVING SKILLS/KNOWLEDGE/EXPERIENCE,0,0,1,1,7,7,10,1570,ELSTON AVE,41.774623,-87.797106,10/29/2022 07:51:00 AM,2022
CR00016064,08/03/2020 08:37:00 PM,30,CLEAR,DAYLIGHT,SIDESWIPE SAME DIRECTION,DIVIDED - W/MEDIAN BARRIER,NO CONTROLS,FAILING TO REDUCE SPEED,FAILING TO REDUCE SPEED,0,0,1,1,20,2,8,1923,ASHLAND AVE,41.868535,-87.773998,08/03/2020 10:10:00 PM,2020
CR00016065,09/10/2019 04:20:00 PM,25,CLEAR,DAYLIGHT,PARKED MOTOR VEHICLE,NOT DIVIDED,TRAFFIC SIGNAL,DISTRACTION - FROM INSIDE VEHICLE,FAILING TO REDUCE SPEED,0,0,0,0,16,3,9,1062,LAKE SHORE DR,41.786524,-87.847592,09/10/2019 05:23:00 PM,2019
CR00016066,05/26/2021 12:25:00 PM,25,CLEAR,DAYLIGHT,REAR TO FRONT,ONE-WAY,STOP SIGN/FLASHER,FOLLOWING TOO CLOSELY,UNABLE TO DETERMINE,0,0,0,0,12,4,5,1353,63RD ST,41.975753,-87.838823,05/26/2021 12:40:00 PM,2021
CR00016067,08/19/2021 03:00:00 PM,30,CLEAR,DAYLIGHT,PARKED MOTOR VEHICLE,ONE-WAY,TRAFFIC SIGNAL,UNABLE TO DETERMINE,UNABLE TO DETERMINE,0,0,0,0,15,5,8,1277,KEDZIE AVE,41.926473,-87.768602,08/19/2021 04:52:00 PM,2021
CR00016068,06/11/2023 08:47:00 PM,35,FOG/SMOKE/HAZE,DAYLIGHT,REAR END,DIVIDED - W/MEDIAN BARRIER,TRAFFIC SIGNAL,DISTRACTION - FROM INSIDE VEHICLE,FAILING TO YIELD RIGHT-OF-WAY,0,0,0,0,20,1,6,2266,ARCHER AVE,41.884596,-87.591044,06/11/2023 10:06:00 PM,2023
CR00016069,06/23/2023 05:51:00 PM,30,CLEAR,DAYLIGHT,REAR END,NOT DIVIDED,NO CONTROLS,UNABLE TO DETERMINE,NOT APPLICABLE,0,0,0,0,17,6,6,848,WESTERN AVE,41.953999,-87.619492,06/23/2023 06:14:00 PM,2023
CR00016070,03/18/2017 11:12:00 AM,20,FREEZING RAIN/DRIZZLE,DAYLIGHT,REAR END,NOT DIVIDED,TRAFFIC SIGNAL,FAILING TO YIELD RIGHT-OF-WAY,UNABLE TO DETERMINE,0,0,0,0,11,7,3,680,FULLERTON AVE,41.899982,-87.752882,03/18/2017 01:02:00 PM,2017
CR00016071,11/15/2021 11:53:00 AM,25,CLEAR,DAYLIGHT,REAR END,NOT DIVIDED,NO CONTROLS,DISREGARDING TRAFFIC SIGNALS,DRIVING SKILLS/KNOWLEDGE/EXPERIENCE,0,0,1,1,11,2,11,338,KEDZIE AVE,41.979572,-87.604413,11/15/2021 11:56:00 AM,2021
CR00016072,08/22/2018 04:57:00 PM,30,CLOUDY/OVERCAST,DAYLIGHT,TURNING,DIVIDED - W/MEDIAN (NOT RAISED),TRAFFIC SIGNAL,FOLLOWING TOO CLOSELY,DISTRACTION - FROM INSIDE VEHICLE,0,0,0,0,16,4,8,295,IRVING PARK RD,41.810292,-87.521178,08/22/2018 05:34:00 PM,2018
CR00016073,11/13/2023 09:31:00 PM,15,CLOUDY/OVERCAST,DARKNESS - LIGHTED ROAD,PARKED MOTOR VEHICLE,NOT DIVIDED,STOP SIGN/FLASHER,DRIVING SKILLS/KNOWLEDGE/EXPERIENCE,NOT APPLICABLE,0,0,0,0,21,2,11,2482,ROOSEVELT RD,41.916286,-87.506312,11/13/2023 10:42:00 PM,2023
CR00016074,05/19/2022 09:14:00 PM,35,CLEAR,DAYLIGHT,REAR END,NOT DIVIDED,TRAFFIC SIGNAL,DISREGARDING TRAFFIC SIGNALS,FAILING TO YIELD RIGHT-OF-WAY,0,0,0,0,21,5,5,1467,ROOSEVELT RD,41.849755,-87.767138,05/19/2022 09:47:00 PM,2022
CR00016075,08/01/2016 12:03:00 PM,15,CLEAR,DARKNESS - LIGHTED ROAD,ANGLE,ONE-WAY,UNKNOWN,UNABLE TO DETERMINE,DISTRACTION - FROM INSIDE VEHICLE,0,0,1,1,12,2,8,133,47TH ST,41.853764,-87.732066,08/01/2016 01:47:00 PM,2016
CR00016076,02/28/2021 07:32:00 AM,30,CLEAR,DAYLIGHT,ANGLE,T-INTERSECTION,UNKNOWN,DISTRACTION - FROM INSIDE VEHICLE,DISTRACTION - FROM INSIDE VEHICLE,0,0,3,3,7,1,2,1742,STATE ST,41.979483,-87.623259,02/28/2021 09:29:00 AM,2021
CR00016077,08/26/2020 01:53:00 PM,40,CLEAR,DARKNESS - LIGHTED ROAD,REAR END,NOT DIVIDED,TRAFFIC SIGNAL,UNABLE TO DETERMINE,DRIVING SKILLS/KNOWLEDGE/EXPERIENCE,0,0,0,0,13,4,8,1788,HALSTED ST,41.822217,-87.838073,08/26/2020 03:29:00 PM,2020
CR00016078,05/10/2020 04:10:00 AM,15,RAIN,DUSK,REAR TO FRONT,NOT DIVIDED,UNKNOWN,DISTRACTION - FROM INSIDE VEHICLE,UNABLE TO DETERMINE,0,1,2,3,4,1,5,315,ASHLAND AVE,41.810016,-87.830095,05/10/2020 04:40:00 AM,2020
CR00016079,05/20/2019 06:21:00 AM,30,CLEAR,DUSK,FIXED OBJECT,NOT DIVIDED,STOP SIGN/FLASHER,UNABLE TO DETERMINE,IMPROPER LANE USAGE,0,0,0,0,6,2,5,960,47TH ST,41.740388,-87.778414,05/20/2019 06:54:00 AM,2019
CR00016080,12/08/2016 02:42:00 PM,20,RAIN,DARKNESS - LIGHTED ROAD,PEDESTRIAN,NOT DIVIDED,TRAFFIC SIGNAL,DRIVING SKILLS/KNOWLEDGE/EXPERIENCE,NOT APPLICABLE,0,0,1,1,14,5,12,2456,ROOSEVELT RD,41.757733,-87.625575,12/08/2016 04:42:00 PM,2016
CR00016081,08/16/2016 06:26:00 PM,30,CLEAR,DAYLIGHT,SIDESWIPE SAME DIRECTION,DIVIDED - W/MEDIAN BARRIER,UNKNOWN,FOLLOWING TOO CLOSELY,UNABLE TO DETERMINE,0,0,1,1,18,3,8,452,CALIFORNIA AVE,41.762457,-87.833021,08/16/2016 07:14:00 PM,2016
CR00016082,08/28/2015 11:11:00 PM,35,CLEAR,DAYLIGHT,SIDESWIPE SAME DIRECTION,NOT DIVIDED,NO CONTROLS,UNABLE TO DETERMINE,IMPROPER OVERTAKING/PASSING,0,0,0,0,23,6,8,1554,STATE ST,41.896307,-87.525041,08/29/2015 12:52:00 AM,2015
CR00016083,12/30/2021 08:23:00 AM,35,CLOUDY/OVERCAST,DARKNESS - LIGHTED ROAD,SIDESWIPE SAME DIRECTION,DIVIDED - W/MEDIAN (NOT RAISED),NO CONTROLS,IMPROPER LANE USAGE,UNABLE TO DETERMINE,0,0,0,0,8,5,12,671,IRVING PARK RD,41.92175,-87.839849,12/30/2021 08:27:00 AM,2021
CR00016084,11/17/2021 08:28:00 AM,25,CLEAR,DARKNESS,ANGLE,NOT DIVIDED,TRAFFIC SIGNAL,FAILING TO YIELD RIGHT-OF-WAY,UNABLE TO DETERMINE,0,0,2,2,8,4,11,1461,CLARK ST,41.847789,-87.550176,11/17/2021 09:57:00 AM,2021
CR00016085,04/15/2016 10:04:00 PM,35,CLOUDY/OVERCAST,DAYLIGHT,PARKED MOTOR VEHICLE,NOT DIVIDED,STOP SIGN/FLASHER,FAILING TO YIELD RIGHT-OF-WAY,FAILING TO REDUCE SPEED,0,0,0,0,22,6,4,1048,WESTERN AVE,41.733141,-87.768992,04/15/2016 10:23:00 PM,2016
CR00016086,09/13/2020 03:59:00 PM,15,SNOW,DAYLIGHT,TURNING,DIVIDED - W/MEDIAN (NOT RAISED),STOP SIGN/FLASHER,UNABLE TO DETERMINE,IMPROPER OVERTAKING/PASSING,0,0,0,0,15,1,9,928,47TH ST,41.891352,-87.785057,09/13/2020 04:08:00 PM,2020
CR00016087,04/06/2021 03:24:00 PM,35,CLEAR,DAYLIGHT,REAR TO FRONT,T-INTERSECTION,TRAFFIC SIGNAL,FOLLOWING TOO CLOSELY,IMPROPER OVERTAKING/PASSING,0,0,0,0,15,3,4,943,IRVING PARK RD,41.790686,-87.825899,04/06/2021 03:47:00 PM,2021
CR00016088,07/25/2024 03:30:00 PM,25,CLEAR,DAYLIGHT,TURNING,NOT DIVIDED,NO CONTROLS,IMPROPER LANE USAGE,UNABLE TO DETERMINE,0,0,0,0,15,5,7,923,MILWAUKEE AVE,41.78983,-87.73961,07/25/2024 03:47:00 PM,2024
CR00016089,04/05/2017 12:34:00 PM,30,CLEAR,DAYLIGHT,ANGLE,FOUR WAY,TRAFFIC SIGNAL,UNABLE TO DETERMINE,NOT APPLICABLE,0,0,0,0,12,4,4,1411,63RD ST,41.725429,-87.724647,04/05/2017 01:30:00 PM,2017
CR00016090,11/26/2016 04:23:00 PM,40,CLEAR,DUSK,PEDESTRIAN,DIVIDED - W/MEDIAN (NOT RAISED),NO CONTROLS,FAILING TO YIELD RIGHT-OF-WAY,NOT APPLICABLE,0,0,1,1,16,7,11,1372,HALSTED ST,41.768159,-87.770943,11/26/2016 06:08:00 PM,2016
CR00016091,10/02/2021 03:31:00 AM,35,CLEAR,DAYLIGHT,REAR END,NOT DIVIDED,UNKNOWN,DRIVING SKILLS/KNOWLEDGE/EXPERIENCE,UNABLE TO DETERMINE,0,0,0,0,3,7,10,2314,ARCHER AVE,41.738582,-87.561839,10/02/2021 03:49:00 AM,2021
CR00016092,01/25/2019 04:55:00 PM,40,CLEAR,DAYLIGHT,PARKED MOTOR VEHICLE,DIVIDED - W/MEDIAN (NOT RAISED),NO CONTROLS,FAILING TO YIELD RIGHT-OF-WAY,UNABLE TO DETERMINE,0,0,0,0,16,6,1,1542,IRVING PARK RD,41.79596,-87.676397,01/25/2019 05:50:00 PM,2019
CR00016093,11/22/2023 04:33:00 PM,35,CLEAR,DAYLIGHT,ANGLE,DIVIDED - W/MEDIAN BARRIER,NO CONTROLS,FOLLOWING TOO CLOSELY,FOLLOWING TOO CLOSELY,0,0,0,0,16,4,11,2470,CALIFORNIA AVE,41.899481,-87.700136,11/22/2023 05:09:00 PM,2023
CR00016094,03/07/2024 10:22:00 AM,30,CLEAR,DAYLIGHT,REAR END,NOT DIVIDED,TRAFFIC SIGNAL,DRIVING SKILLS/KNOWLEDGE/EXPERIENCE,UNABLE TO DETERMINE,0,0,0,0,10,5,3,1785,CLARK ST,41.979212,-87.828222,03/07/2024 10:48:00 AM,2024
CR00016095,05/18/2023 06:27:00 PM,35,CLOUDY/OVERCAST,DAYLIGHT,PEDESTRIAN,ONE-WAY,NO CONTROLS,FAILING TO REDUCE SPEED,FAILING TO REDUCE SPEED,0,0,0,0,18,5,5,975,ROOSEVELT RD,41.82313,-87.587839,05/18/2023 07:06:00 PM,2023
CR00016096,05/24/2024 01:26:00 PM,45,SNOW,DAYLIGHT,REAR TO FRONT,DIVIDED - W/MEDIAN (NOT RAISED),PEDESTRIAN CROSSING SIGN,UNABLE TO DETERMINE,FOLLOWING TOO CLOSELY,0,0,0,0,13,6,5,156,MICHIGAN AVE,41.834983,-87.526585,05/24/2024 02:29:00 PM,2024
CR00016097,02/23/2022 05:13:00 PM,30,CLEAR,DAYLIGHT,PEDESTRIAN,ONE-WAY,NO CONTROLS,UNABLE TO DETERMINE,FAILING TO REDUCE SPEED,0,0,0,0,17,4,2,1108,KEDZIE AVE,41.81303,-87.529599,02/23/2022 05:42:00 PM,2022
CR00016098,11/30/2021 11:29:00 AM,30,CLEAR,DUSK,REAR TO FRONT,DIVIDED - W/MEDIAN BARRIER,STOP SIGN/FLASHER,FAILING TO REDUCE SPEED,DISREGARDING TRAFFIC SIGNALS,0,0,0,0,11,3,11,1547,ELSTON AVE,41.961196,-87.595073,11/30/2021 12:30:00 PM,2021
CR00016099,02/16/2018 03:54:00 PM,25,RAIN,DARKNESS - LIGHTED ROAD,ANGLE,DIVIDED - W/MEDIAN (NOT RAISED),STOP SIGN/FLASHER,IMPROPER OVERTAKING/PASSING,UNABLE TO DETERMINE,0,0,0,0,15,6,2,722,ASHLAND AVE,41.961646,-87.824423,02/16/2018 04:24:00 PM,2018
CR00016100,04/06/2024 07:39:00 PM,40,CLEAR,DAYLIGHT,TURNING,NOT DIVIDED,TRAFFIC SIGNAL,FAILING TO REDUCE SPEED,DRIVING SKILLS/KNOWLEDGE/EXPERIENCE,0,0,0,0,19,7,4,1468,STATE ST,41.82746,-87.61564,04/06/2024 08:16:00 PM,2024
CR00016101,11/14/2017 03:39:00 PM,35,FOG/SMOKE/HAZE,DAYLIGHT,TURNING,FOUR WAY,TRAFFIC SIGNAL,UNABLE TO DETERMINE,NOT APPLICABLE,0,0,0,0,15,3,11,1132,STONY ISLAND AVE,41.919327,-87.690153,11/14/2017 04:10:00 PM,2017
CR00016102,06/16/2021 10:34:00 PM,25,FOG/SMOKE/HAZE,DAYLIGHT,REAR END,FOUR WAY,TRAFFIC SIGNAL,DRIVING SKILLS/KNOWLEDGE/EXPERIENCE,UNABLE TO DETERMINE,0,0,1,1,22,4,6,2098,PULASKI RD,41.731011,-87.610799,06/16/2021 10:55:00 PM,2021
CR00016103,03/08/2020 12:18:00 PM,35,CLEAR,DAYLIGHT,TURNING,NOT DIVIDED,TRAFFIC SIGNAL,UNABLE TO DETERMINE,DISREGARDING TRAFFIC SIGNALS,0,0,0,0,12,1,3,2393,ROOSEVELT RD,41.933969,-87.538996,03/08/2020 12:21:00 PM,2020
CR00016104,12/11/2017 07:25:00 AM,25,CLEAR,DARKNESS - LIGHTED ROAD,TURNING,FOUR WAY,NO CONTROLS,DRIVING SKILLS/KNOWLEDGE/EXPERIENCE,UNABLE TO DETERMINE,0,0,0,0,7,2,12,1717,FULLERTON AVE,41.84167,-87.701608,12/11/2017 08:46:00 AM,2017
CR00016105,12/28/2020 06:50:00 PM,15,CLEAR,DAYLIGHT,SIDESWIPE SAME DIRECTION,T-INTERSECTION,NO CONTROLS,UNABLE TO DETERMINE,IMPROPER OVERTAKING/PASSING,0,0,0,0,18,2,12,1315,WESTERN AVE,41.830556,-87.624095,12/28/2020 07:24:00 PM,2020
CR00016106,10/05/2016 05:55:00 AM,35,CLEAR,DARKNESS - LIGHTED ROAD,SIDESWIPE SAME DIRECTION,DIVIDED - W/MEDIAN (NOT RAISED),NO CONTROLS,FOLLOWING TOO CLOSELY,DISTRACTION - FROM INSIDE VEHICLE,0,0,0,0,5,4,10,1288,KEDZIE AVE,41.747982,-87.527097,10/05/2016 07:55:00 AM,2016
CR00016107,09/25/2024 08:32:00 PM,30,CLEAR,DAWN,REAR END,DIVIDED - W/MEDIAN (NOT RAISED),TRAFFIC SIGNAL,FAILING TO YIELD RIGHT-OF-WAY,UNABLE TO DETERMINE,0,0,0,0,20,4,9,2179,MICHIGAN AVE,41.956924,-87.646223,09/25/2024 09:18:00 PM,2024
CR00016108,02/20/2018 06:39:00 PM,45,CLEAR,DARKNESS - LIGHTED ROAD,PARKED MOTOR VEHICLE,DIVIDED - W/MEDIAN (NOT RAISED),PEDESTRIAN CROSSING SIGN,FAILING TO REDUCE SPEED,NOT APPLICABLE,0,0,0,0,18,3,2,240,BROADWAY,41.838589,-87.694626,02/20/2018 07:25:00 PM,2018
CR00016109,01/27/2015 09:24:00 AM,15,CLEAR,DAYLIGHT,ANGLE,FOUR WAY,NO CONTROLS,UNABLE TO DETERMINE,IMPROPER OVERTAKING/PASSING,0,0,0,0,9,3,1,2287,OGDEN AVE,41.824502,-87.634309,01/27/2015 10:04:00 AM,2015
CR00016110,10/03/2015 11:02:00 PM,30,CLEAR,DAYLIGHT,SIDESWIPE SAME DIRECTION,FOUR WAY,TRAFFIC SIGNAL,IMPROPER OVERTAKING/PASSING,UNABLE TO DETERMINE,0,0,0,0,23,7,10,932,47TH ST,41.767272,-87.630454,10/03/2015 11:47:00 PM,2015
CR00016111,10/21/2020 12:35:00 PM,30,CLEAR,DUSK,SIDESWIPE SAME DIRECTION,DIVIDED - W/MEDIAN BARRIER,TRAFFIC SIGNAL,IMPROPER LANE USAGE,NOT APPLICABLE,0,0,1,1,12,4,10,1153,WESTERN AVE,41.791836,-87.65043,10/21/2020 12:41:00 PM,2020
CR00016112,04/25/2022 04:10:00 PM,25,CLEAR,DARKNESS - LIGHTED ROAD,REAR END,DIVIDED - W/MEDIAN (NOT RAISED),TRAFFIC SIGNAL,IMPROPER OVERTAKING/PASSING,UNABLE TO DETERMINE,0,0,0,0,16,2,4,1826,STONY ISLAND AVE,41.924669,-87.639763,04/25/2022 05:51:00 PM,2022
CR00016113,02/19/2022 02:58:00 PM,35,CLEAR,DAYLIGHT,PARKED MOTOR VEHICLE,NOT DIVIDED,TRAFFIC SIGNAL,IMPROPER OVERTAKING/PASSING,WEATHER,0,0,0,0,14,7,2,176,ROOSEVELT RD,41.840752,-87.69319,02/19/2022 03:26:00 PM,2022
CR00016114,05/15/2019 05:42:00 PM,45,CLEAR,DAYLIGHT,REAR END,NOT DIVIDED,STOP SIGN/FLASHER,UNABLE TO DETERMINE,NOT APPLICABLE,0,0,0,0,17,4,5,1830,BROADWAY,41.735374,-87.630446,05/15/2019 06:05:00 PM,2019
CR00016115,03/02/2019 11:35:00 PM,35,SNOW,DAYLIGHT,REAR END,NOT DIVIDED,NO CONTROLS,UNABLE TO DETERMINE,DISTRACTION - FROM INSIDE VEHICLE,0,0,0,0,23,7,3,623,DAMEN AVE,41.86505,-87.744779,03/02/2019 11:38:00 PM,2019
CR00016116,02/04/2016 05:30:00 PM,20,CLEAR,DARKNESS - LIGHTED ROAD,REAR END,ONE-WAY,NO CONTROLS,IMPROPER LANE USAGE,UNABLE TO DETERMINE,0,0,0,0,17,5,2,1525,STATE ST,41.910182,-87.788498,02/04/2016 06:32:00 PM,2016
CR00016117,06/02/2020 04:38:00 PM,40,CLOUDY/OVERCAST,DAYLIGHT,SIDESWIPE SAME DIRECTION,NOT DIVIDED,PEDESTRIAN CROSSING SIGN,UNABLE TO DETERMINE,UNABLE TO DETERMINE,0,0,0,0,16,3,6,1596,ASHLAND AVE,41.789966,-87.562091,06/02/2020 04:51:00 PM,2020
CR00016118,09/06/2018 08:12:00 PM,35,CLEAR,DUSK,ANGLE,NOT DIVIDED,NO CONTROLS,UNABLE TO DETERMINE,IMPROPER OVERTAKING/PASSING,0,0,0,0,20,5,9,281,STATE ST,41.706131,-87.587953,09/06/2018 09:41:00 PM,2018
CR00016119,02/22/2015 05:35:00 PM,35,FREEZING RAIN/DRIZZLE,DARKNESS - LIGHTED ROAD,TURNING,T-INTERSECTION,NO CONTROLS,IMPROPER LANE USAGE,FOLLOWING TOO CLOSELY,0,0,0,0,17,1,2,1471,HALSTED ST,41.98733,-87.825668,02/22/2015 05:58:00 PM,2015
CR00016120,10/24/2022 03:00:00 PM,30,CLEAR,DARKNESS - LIGHTED ROAD,TURNING,DIVIDED - W/MEDIAN (NOT RAISED),TRAFFIC SIGNAL,FAILING TO YIELD RIGHT-OF-WAY,UNABLE TO DETERMINE,0,0,0,0,15,2,10,1682,79TH ST,41.938188,-87.734314,10/24/2022 03:50:00 PM,2022
CR00016121,11/01/2022 07:17:00 PM,45,CLEAR,DAWN,FIXED OBJECT,DIVIDED - W/MEDIAN BARRIER,NO CONTROLS,FOLLOWING TOO CLOSELY,WEATHER,0,0,0,0,19,3,11,541,79TH ST,41.81343,-87.835668,11/01/2022 09:05:00 PM,2022
CR00016122,02/04/2024 12:05:00 AM,25,CLEAR,DAYLIGHT,PARKED MOTOR VEHICLE,NOT DIVIDED,NO CONTROLS,UNABLE TO DETERMINE,UNABLE TO DETERMINE,0,0,0,0,0,1,2,2366,KEDZIE AVE,41.934699,-87.708401,02/04/2024 01:27:00 AM,2024
CR00016123,07/04/2023 11:37:00 AM,35,CLEAR,DUSK,TURNING,ONE-WAY,NO CONTROLS,FOLLOWING TOO CLOSELY,FAILING TO YIELD RIGHT-OF-WAY,0,0,1,1,11,3,7,1061,CICERO AVE,41.988841,-87.598338,07/04/2023 11:47:00 AM,2023
CR00016124,08/15/2015 02:27:00 PM,30,CLEAR,DARKNESS,TURNING,DIVIDED - W/MEDIAN (NOT RAISED),STOP SIGN/FLASHER,DRIVING SKILLS/KNOWLEDGE/EXPERIENCE,FAILING TO YIELD RIGHT-OF-WAY,0,0,0,0,14,7,8,2278,ARCHER AVE,41.793193,-87.544027,08/15/2015 02:44:00 PM,2015
CR00016125,02/11/2015 11:00:00 PM,20,RAIN,DAYLIGHT,REAR END,DIVIDED - W/MEDIAN (NOT RAISED),UNKNOWN,UNABLE TO DETERMINE,NOT APPLICABLE,0,0,0,0,23,4,2,2064,MILWAUKEE AVE,41.715839,-87.849062,02/12/2015 12:57:00 AM,2015
CR00016126,01/06/2022 07:04:00 PM,15,SNOW,DARKNESS - LIGHTED ROAD,SIDESWIPE SAME DIRECTION,DIVIDED - W/MEDIAN (NOT RAISED),STOP SIGN/FLASHER,UNABLE TO DETERMINE,UNABLE TO DETERMINE,0,0,0,0,19,5,1,1893,ARCHER AVE,41.878273,-87.63862,01/06/2022 08:57:00 PM,2022
CR00016127,10/13/2015 08:49:00 AM,40,CLEAR,DARKNESS - LIGHTED ROAD,REAR END,NOT DIVIDED,NO CONTROLS,UNABLE TO DETERMINE,FAILING TO YIELD RIGHT-OF-WAY,0,0,0,0,8,3,10,1305,63RD ST,41.7324,-87.521242,10/13/2015 09:30:00 AM,2015
CR00016128,06/10/2024 06:46:00 PM,35,CLOUDY/OVERCAST,DAYLIGHT,TURNING,NOT DIVIDED,TRAFFIC SIGNAL,DISREGARDING TRAFFIC SIGNALS,NOT APPLICABLE,0,0,2,2,18,2,6,1316,KEDZIE AVE,41.958535,-87.641175,06/10/2024 08:12:00 PM,2024
CR00016129,12/06/2016 01:22:00 PM,35,CLEAR,DARKNESS - LIGHTED ROAD,TURNING,DIVIDED - W/MEDIAN (NOT RAISED),STOP SIGN/FLASHER,FAILING TO REDUCE SPEED,DRIVING SKILLS/KNOWLEDGE/EXPERIENCE,0,0,2,2,13,3,12,1764,WESTERN AVE,41.885034,-87.845712,12/06/2016 03:11:00 PM,2016
CR00016130,10/22/2015 11:48:00 PM,25,CLEAR,DAYLIGHT,REAR END,DIVIDED - W/MEDIAN (NOT RAISED),TRAFFIC SIGNAL,FOLLOWING TOO CLOSELY,DRIVING SKILLS/KNOWLEDGE/EXPERIENCE,0,0,2,2,23,5,10,1257,KEDZIE AVE,41.965463,-87.810085,10/23/2015 12:41:00 AM,2015
CR00016131,02/16/2024 03:32:00 AM,30,CLEAR,DUSK,SIDESWIPE SAME DIRECTION,FOUR WAY,TRAFFIC SIGNAL,UNABLE TO DETERMINE,UNABLE TO DETERMINE,0,0,0,0,3,6,2,1817,FULLERTON AVE,41.713239,-87.709318,02/16/2024 03:51:00 AM,2024
CR00016132,06/17/2015 10:35:00 PM,15,CLEAR,DARKNESS - LIGHTED ROAD,REAR END,NOT DIVIDED,TRAFFIC SIGNAL,FOLLOWING TOO CLOSELY,NOT APPLICABLE,0,0,0,0,22,4,6,637,ASHLAND AVE,41.937461,-87.687916,06/17/2015 11:00:00 PM,2015
CR00016133,08/24/2016 10:37:00 PM,30,CLEAR,DAYLIGHT,PARKED MOTOR VEHICLE,DIVIDED - W/MEDIAN (NOT RAISED),STOP SIGN/FLASHER,DISREGARDING TRAFFIC SIGNALS,UNABLE TO DETERMINE,0,0,1,1,22,4,8,1469,BROADWAY,41.768389,-87.594093,08/25/2016 12:35:00 AM,2016
CR00016134,06/22/2023 09:38:00 AM,35,RAIN,DAYLIGHT,ANGLE,ONE-WAY,TRAFFIC SIGNAL,DISREGARDING TRAFFIC SIGNALS,UNABLE TO DETERMINE,0,0,1,1,9,5,6,2358,ELSTON AVE,41.884746,-87.701702,06/22/2023 10:43:00 AM,2023