CRASH_RECORD_ID,CRASH_DATE,POSTED_SPEED_LIMIT,WEATHER_CONDITION,LIGHTING_CONDITION,FIRST_CRASH_TYPE,TRAFFICWAY_TYPE,TRAFFIC_CONTROL_DEVICE,PRIM_CONTRIBUTORY_CAUSE,SEC_CONTRIBUTORY_CAUSE,INJURIES_FATAL,INJURIES_INCAPACITATING,INJURIES_NON_INCAPACITATING,INJURIES_TOTAL,CRASH_HOUR,CRASH_DAY_OF_WEEK,CRASH_MONTH,BEAT_OF_OCCURRENCE,STREET_NAME,LATITUDE,LONGITUDE,DATE_POLICE_NOTIFIED,year
CR00016135,12/14/2019 11:22:00 AM,35,CLEAR,DUSK,TURNING,FOUR WAY,NO CONTROLS,UNABLE TO DETERMINE,NOT APPLICABLE,0,0,0,0,11,7,12,215,79TH ST,41.946249,-87.781343,12/14/2019 11:48:00 AM,2019
CR00016136,11/27/2021 07:47:00 AM,35,CLEAR,DAYLIGHT,SIDESWIPE SAME DIRECTION,NOT DIVIDED,NO CONTROLS,DRIVING SKILLS/KNOWLEDGE/EXPERIENCE,FOLLOWING TOO CLOSELY,0,0,0,0,7,7,11,1946,HALSTED ST,41.886111,-87.790213,11/27/2021 09:44:00 AM,2021
CR00016137,07/11/2019 05:54:00 PM,40,CLEAR,DAYLIGHT,TURNING,DIVIDED - W/MEDIAN BARRIER,TRAFFIC SIGNAL,IMPROPER OVERTAKING/PASSING,UNABLE TO DETERMINE,0,0,0,0,17,5,7,2230,DAMEN AVE,41.956023,-87.827652,07/11/2019 07:21:00 PM,2019
CR00016138,04/07/2018 06:18:00 PM,30,CLEAR,DARKNESS - LIGHTED ROAD,TURNING,NOT DIVIDED,STOP SIGN/FLASHER,UNABLE TO DETERMINE,IMPROPER OVERTAKING/PASSING,0,0,0,0,18,7,4,597,WESTERN AVE,41.830778,-87.686044,04/07/2018 06:55:00 PM,2018
CR00016139,02/17/2020 10:39:00 PM,40,RAIN,DARKNESS - LIGHTED ROAD,ANGLE,NOT DIVIDED,STOP SIGN/FLASHER,UNABLE TO DETERMINE,DISREGARDING TRAFFIC SIGNALS,0,0,0,0,22,2,2,1581,HALSTED ST,41.827946,-87.507851,02/17/2020 11:37:00 PM,2020
CR00016140,09/14/2024 11:53:00 AM,25,RAIN,DAYLIGHT,ANGLE,T-INTERSECTION,TRAFFIC SIGNAL,IMPROPER LANE USAGE,NOT APPLICABLE,0,0,1,1,11,7,9,2044,STATE ST,41.711714,-87.555878,09/14/2024 12:06:00 PM,2024
CR00016141,12/08/2022 03:59:00 PM,40,CLEAR,DAYLIGHT,TURNING,T-INTERSECTION,NO CONTROLS,DISREGARDING TRAFFIC SIGNALS,UNABLE TO DETERMINE,0,0,2,2,15,5,12,1112,FULLERTON AVE,41.788371,-87.84736,12/08/2022 04:04:00 PM,2022
CR00016142,03/24/2019 08:40:00 AM,20,RAIN,DAYLIGHT,REAR END,T-INTERSECTION,NO CONTROLS,IMPROPER LANE USAGE,IMPROPER LANE USAGE,0,0,1,1,8,1,3,273,ARCHER AVE,41.965769,-87.750607,03/24/2019 10:06:00 AM,2019
CR00016143,08/11/2020 09:16:00 AM,35,CLEAR,DARKNESS - LIGHTED ROAD,REAR END,NOT DIVIDED,TRAFFIC SIGNAL,FAILING TO REDUCE SPEED,UNABLE TO DETERMINE,0,0,0,0,9,3,8,2454,CICERO AVE,41.7097,-87.815159,08/11/2020 11:04:00 AM,2020
CR00016144,06/04/2020 09:38:00 AM,45,CLEAR,DAYLIGHT,PARKED MOTOR VEHICLE,FOUR WAY,NO CONTROLS,UNABLE TO DETERMINE,DISTRACTION - FROM INSIDE VEHICLE,0,0,0,0,9,5,6,466,STATE ST,41.816823,-87.561824,06/04/2020 10:30:00 AM,2020
CR00016145,05/11/2015 06:42:00 PM,30,FREEZING RAIN/DRIZZLE,DAWN,ANGLE,FOUR WAY,NO CONTROLS,IMPROPER OVERTAKING/PASSING,IMPROPER OVERTAKING/PASSING,0,0,0,0,18,2,5,1449,ARCHER AVE,41.993469,-87.589956,05/11/2015 08:37:00 PM,2015
CR00016146,03/27/2024 10:57:00 AM,15,RAIN,DARKNESS,PARKED MOTOR VEHICLE,NOT DIVIDED,UNKNOWN,DISREGARDING TRAFFIC SIGNALS,UNABLE TO DETERMINE,0,0,0,0,10,4,3,945,OGDEN AVE,41.925437,-87.78358,03/27/2024 12:39:00 PM,2024
CR00016147,05/03/2023 10:04:00 AM,30,CLOUDY/OVERCAST,DARKNESS - LIGHTED ROAD,SIDESWIPE SAME DIRECTION,FOUR WAY,NO CONTROLS,FAILING TO YIELD RIGHT-OF-WAY,FOLLOWING TOO CLOSELY,0,1,1,2,10,4,5,745,CLARK ST,41.978931,-87.736803,05/03/2023 11:36:00 AM,2023
CR00016148,05/30/2022 04:19:00 PM,25,SNOW,DAYLIGHT,PEDESTRIAN,DIVIDED - W/MEDIAN (NOT RAISED),STOP SIGN/FLASHER,UNABLE TO DETERMINE,FAILING TO YIELD RIGHT-OF-WAY,0,0,0,0,16,2,5,2113,FULLERTON AVE,41.837132,-87.681262,05/30/2022 06:05:00 PM,2022
CR00016149,06/27/2018 07:42:00 AM,45,RAIN,DAWN,REAR TO FRONT,ONE-WAY,UNKNOWN,IMPROPER OVERTAKING/PASSING,DISTRACTION - FROM INSIDE VEHICLE,0,0,0,0,7,4,6,1606,STATE ST,41.993994,-87.571673,06/27/2018 08:19:00 AM,2018
CR00016150,12/04/2018 04:04:00 PM,45,CLEAR,DAYLIGHT,REAR TO FRONT,DIVIDED - W/MEDIAN (NOT RAISED),TRAFFIC SIGNAL,FAILING TO YIELD RIGHT-OF-WAY,DISTRACTION - FROM INSIDE VEHICLE,0,0,0,0,16,3,12,1510,LAKE SHORE DR,41.872241,-87.844532,12/04/2018 04:15:00 PM,2018
CR00016151,09/12/2015 08:06:00 AM,25,CLEAR,DAYLIGHT,ANGLE,NOT DIVIDED,NO CONTROLS,DRIVING SKILLS/KNOWLEDGE/EXPERIENCE,NOT APPLICABLE,0,0,0,0,8,7,9,756,DIVISION ST,41.887866,-87.785769,09/12/2015 08:47:00 AM,2015
CR00016152,02/10/2024 10:02:00 AM,35,CLEAR,DAYLIGHT,REAR END,DIVIDED - W/MEDIAN (NOT RAISED),TRAFFIC SIGNAL,IMPROPER OVERTAKING/PASSING,DISTRACTION - FROM INSIDE VEHICLE,0,0,0,0,10,7,2,2503,MILWAUKEE AVE,41.833293,-87.672814,02/10/2024 10:30:00 AM,2024
CR00016153,02/10/2024 04:58:00 PM,35,CLEAR,DARKNESS - LIGHTED ROAD,REAR TO FRONT,FOUR WAY,TRAFFIC SIGNAL,UNABLE TO DETERMINE,FAILING TO REDUCE SPEED,0,0,0,0,16,7,2,1111,ARCHER AVE,41.765454,-87.767599,02/10/2024 06:55:00 PM,2024
CR00016154,04/05/2024 09:16:00 AM,30,CLOUDY/OVERCAST,DAYLIGHT,SIDESWIPE SAME DIRECTION,DIVIDED - W/MEDIAN BARRIER,NO CONTROLS,DISTRACTION - FROM INSIDE VEHICLE,FOLLOWING TOO CLOSELY,0,0,0,0,9,6,4,503,DIVISION ST,41.888457,-87.542976,04/05/2024 10:34:00 AM,2024
CR00016155,07/25/2021 06:44:00 PM,35,CLEAR,DARKNESS - LIGHTED ROAD,REAR END,ONE-WAY,NO CONTROLS,FOLLOWING TOO CLOSELY,IMPROPER LANE USAGE,0,0,0,0,18,1,7,276,ELSTON AVE,41.702709,-87.651277,07/25/2021 06:50:00 PM,2021
CR00016156,04/04/2023 08:11:00 AM,30,CLEAR,DARKNESS - LIGHTED ROAD,REAR END,NOT DIVIDED,UNKNOWN,UNABLE TO DETERMINE,NOT APPLICABLE,0,0,0,0,8,3,4,1731,FULLERTON AVE,41.771843,-87.577391,04/04/2023 08:32:00 AM,2023
CR00016157,08/29/2021 03:50:00 AM,30,CLEAR,DAYLIGHT,REAR END,FOUR WAY,STOP SIGN/FLASHER,IMPROPER OVERTAKING/PASSING,DISTRACTION - FROM INSIDE VEHICLE,0,0,0,0,3,1,8,1133,HALSTED ST,41.886987,-87.596884,08/29/2021 04:02:00 AM,2021
CR00016158,09/24/2017 11:46:00 AM,40,SNOW,DAYLIGHT,REAR END,DIVIDED - W/MEDIAN BARRIER,STOP SIGN/FLASHER,IMPROPER OVERTAKING/PASSING,UNABLE TO DETERMINE,0,0,0,0,11,1,9,1148,ASHLAND AVE,41.877183,-87.579321,09/24/2017 01:19:00 PM,2017
CR00016159,05/31/2015 08:40:00 AM,20,CLOUDY/OVERCAST,DAYLIGHT,ANGLE,NOT DIVIDED,STOP SIGN/FLASHER,UNABLE TO DETERMINE,UNABLE TO DETERMINE,0,0,0,0,8,1,5,380,ASHLAND AVE,41.864593,-87.601099,05/31/2015 10:39:00 AM,2015
CR00016160,07/17/2022 01:20:00 PM,30,RAIN,DAYLIGHT,TURNING,NOT DIVIDED,TRAFFIC SIGNAL,UNABLE TO DETERMINE,UNABLE TO DETERMINE,0,0,0,0,13,1,7,1345,63RD ST,41.828206,-87.828843,07/17/2022 01:33:00 PM,2022
CR00016161,08/27/2015 03:18:00 PM,40,CLEAR,DAYLIGHT,SIDESWIPE SAME DIRECTION,DIVIDED - W/MEDIAN (NOT RAISED),NO CONTROLS,UNABLE TO DETERMINE,FOLLOWING TOO CLOSELY,0,0,0,0,15,5,8,194,47TH ST,41.990098,-87.790824,08/27/2015 04:42:00 PM,2015
CR00016162,09/03/2020 02:12:00 AM,30,FREEZING RAIN/DRIZZLE,DARKNESS - LIGHTED ROAD,REAR END,NOT DIVIDED,STOP SIGN/FLASHER,IMPROPER OVERTAKING/PASSING,FAILING TO REDUCE SPEED,0,0,0,0,2,5,9,996,BROADWAY,41.86613,-87.715525,09/03/2020 03:53:00 AM,2020
CR00016163,04/06/2019 07:39:00 PM,35,CLEAR,DAYLIGHT,REAR END,NOT DIVIDED,STOP SIGN/FLASHER,DISTRACTION - FROM INSIDE VEHICLE,FOLLOWING TOO CLOSELY,0,0,0,0,19,7,4,1127,ARCHER AVE,41.802556,-87.555979,04/06/2019 08:45:00 PM,2019
CR00016164,03/02/2019 08:22:00 AM,40,RAIN,DARKNESS - LIGHTED ROAD,PARKED MOTOR VEHICLE,NOT DIVIDED,YIELD,UNABLE TO DETERMINE,DISTRACTION - FROM INSIDE VEHICLE,0,0,0,0,8,7,3,1432,PULASKI RD,41.941808,-87.596694,03/02/2019 08:35:00 AM,2019
CR00016165,10/25/2015 04:48:00 PM,40,SNOW,DAYLIGHT,SIDESWIPE SAME DIRECTION,ONE-WAY,NO CONTROLS,DISTRACTION - FROM INSIDE VEHICLE,NOT APPLICABLE,0,0,0,0,16,1,10,1788,LAKE SHORE DR,41.725611,-87.806675,10/25/2015 05:29:00 PM,2015
CR00016166,10/07/2020 10:42:00 AM,35,CLEAR,DAYLIGHT,REAR END,NOT DIVIDED,TRAFFIC SIGNAL,FAILING TO REDUCE SPEED,NOT APPLICABLE,0,0,0,0,10,4,10,1129,ASHLAND AVE,41.764504,-87.81549,10/07/2020 12:10:00 PM,2020
CR00016167,05/28/2022 02:20:00 PM,20,CLEAR,DARKNESS - LIGHTED ROAD,PARKED MOTOR VEHICLE,DIVIDED - W/MEDIAN (NOT RAISED),TRAFFIC SIGNAL,FAILING TO YIELD RIGHT-OF-WAY,IMPROPER LANE USAGE,0,0,0,0,14,7,5,1380,OGDEN AVE,41.954771,-87.753591,05/28/2022 03:45:00 PM,2022
CR00016168,04/19/2018 05:24:00 AM,40,CLEAR,DARKNESS - LIGHTED ROAD,PARKED MOTOR VEHICLE,FOUR WAY,TRAFFIC SIGNAL,UNABLE TO DETERMINE,FOLLOWING TOO CLOSELY,0,0,2,2,5,5,4,1860,CICERO AVE,41.960516,-87.751107,04/19/2018 05:41:00 AM,2018
CR00016169,07/01/2022 11:07:00 AM,30,CLEAR,DARKNESS - LIGHTED ROAD,TURNING,NOT DIVIDED,TRAFFIC SIGNAL,FOLLOWING TOO CLOSELY,UNABLE TO DETERMINE,0,0,0,0,11,6,7,794,HALSTED ST,41.826715,-87.837787,07/01/2022 01:03:00 PM,2022
CR00016170,05/29/2018 02:24:00 PM,45,CLEAR,DARKNESS - LIGHTED ROAD,REAR TO FRONT,ONE-WAY,STOP SIGN/FLASHER,DRIVING SKILLS/KNOWLEDGE/EXPERIENCE,UNABLE TO DETERMINE,0,0,0,0,14,3,5,1615,HALSTED ST,41.721071,-87.527894,05/29/2018 03:33:00 PM,2018
CR00016171,10/30/2016 02:26:00 AM,40,FOG/SMOKE/HAZE,DAYLIGHT,TURNING,NOT DIVIDED,STOP SIGN/FLASHER,IMPROPER LANE USAGE,UNABLE TO DETERMINE,0,0,0,0,2,1,10,2144,DIVISION ST,41.779104,-87.609561,10/30/2016 02:32:00 AM,2016
CR00016172,10/29/2017 04:03:00 PM,40,RAIN,DARKNESS,REAR END,DIVIDED - W/MEDIAN (NOT RAISED),NO CONTROLS,UNABLE TO DETERMINE,IMPROPER LANE USAGE,0,0,0,0,16,1,10,1657,HALSTED ST,41.911236,-87.837526,10/29/2017 05:25:00 PM,2017
CR00016173,05/30/2019 10:53:00 AM,30,CLEAR,DARKNESS,TURNING,DIVIDED - W/MEDIAN (NOT RAISED),NO CONTROLS,FAILING TO YIELD RIGHT-OF-WAY,UNABLE TO DETERMINE,0,0,0,0,10,5,5,1467,DIVISION ST,41.709055,-87.751581,05/30/2019 11:26:00 AM,2019
CR00016174,04/12/2019 02:10:00 PM,45,CLEAR,DAWN,PEDESTRIAN,DIVIDED - W/MEDIAN (NOT RAISED),STOP SIGN/FLASHER,WEATHER,FAILING TO REDUCE SPEED,0,0,0,0,14,6,4,581,CLARK ST,41.889959,-87.703332,04/12/2019 04:08:00 PM,2019
CR00016175,01/06/2020 06:12:00 PM,15,CLEAR,DARKNESS,TURNING,DIVIDED - W/MEDIAN BARRIER,NO CONTROLS,FAILING TO YIELD RIGHT-OF-WAY,NOT APPLICABLE,0,0,0,0,18,2,1,1315,LAKE SHORE DR,41.796981,-87.567587,01/06/2020 07:00:00 PM,2020
CR00016176,12/25/2016 04:58:00 PM,40,CLEAR,DAYLIGHT,REAR END,NOT DIVIDED,NO CONTROLS,DISTRACTION - FROM INSIDE VEHICLE,FOLLOWING TOO CLOSELY,0,0,0,0,16,1,12,1859,IRVING PARK RD,41.788952,-87.7114,12/25/2016 05:07:00 PM,2016
CR00016177,09/04/2015 05:47:00 PM,20,CLEAR,DARKNESS - LIGHTED ROAD,PEDESTRIAN,T-INTERSECTION,STOP SIGN/FLASHER,UNABLE TO DETERMINE,UNABLE TO DETERMINE,0,0,0,0,17,6,9,1919,79TH ST,41.781203,-87.715841,09/04/2015 06:49:00 PM,2015
CR00016178,04/13/2016 11:58:00 AM,30,SNOW,DAYLIGHT,REAR END,T-INTERSECTION,UNKNOWN,FAILING TO YIELD RIGHT-OF-WAY,NOT APPLICABLE,0,0,0,0,11,4,4,1903,ASHLAND AVE,41.793497,-87.61295,04/13/2016 01:37:00 PM,2016
CR00016179,06/20/2020 09:14:00 AM,35,CLEAR,DAYLIGHT,SIDESWIPE SAME DIRECTION,DIVIDED - W/MEDIAN BARRIER,STOP SIGN/FLASHER,UNABLE TO DETERMINE,UNABLE TO DETERMINE,0,0,0,0,9,7,6,716,CICERO AVE,41.913782,-87.693913,06/20/2020 11:02:00 AM,2020
CR00016180,09/27/2017 08:49:00 PM,45,CLEAR,DAYLIGHT,TURNING,DIVIDED - W/MEDIAN BARRIER,NO CONTROLS,IMPROPER LANE USAGE,DISREGARDING TRAFFIC SIGNALS,0,0,0,0,20,4,9,1021,IRVING PARK RD,41.720109,-87.849632,09/27/2017 10:23:00 PM,2017
CR00016181,02/15/2020 07:40:00 AM,35,CLOUDY/OVERCAST,DARKNESS - LIGHTED ROAD,PEDESTRIAN,FOUR WAY,STOP SIGN/FLASHER,DISTRACTION - FROM INSIDE VEHICLE,IMPROPER LANE USAGE,0,1,2,3,7,7,2,1114,79TH ST,41.999135,-87.620306,02/15/2020 08:48:00 AM,2020
CR00016182,04/10/2023 01:35:00 AM,40,CLEAR,DARKNESS - LIGHTED ROAD,REAR END,DIVIDED - W/MEDIAN BARRIER,NO CONTROLS,FOLLOWING TOO CLOSELY,DISTRACTION - FROM INSIDE VEHICLE,0,0,2,2,1,2,4,1768,BROADWAY,41.811251,-87.669879,04/10/2023 02:44:00 AM,2023
CR00016183,03/22/2018 12:13:00 PM,30,RAIN,DAYLIGHT,ANGLE,DIVIDED - W/MEDIAN BARRIER,TRAFFIC SIGNAL,DISREGARDING TRAFFIC SIGNALS,IMPROPER OVERTAKING/PASSING,0,0,1,1,12,5,3,1964,DIVISION ST,41.857769,-87.819533,03/22/2018 01:13:00 PM,2018
CR00016184,05/31/2016 03:48:00 PM,30,CLEAR,DAYLIGHT,ANGLE,ONE-WAY,YIELD,IMPROPER OVERTAKING/PASSING,IMPROPER OVERTAKING/PASSING,0,0,0,0,15,3,5,1579,PULASKI RD,41.767591,-87.789939,05/31/2016 05:26:00 PM,2016
CR00016185,10/02/2017 12:51:00 PM,30,CLEAR,DAWN,PARKED MOTOR VEHICLE,DIVIDED - W/MEDIAN (NOT RAISED),NO CONTROLS,FOLLOWING TOO CLOSELY,NOT APPLICABLE,0,0,1,1,12,2,10,2524,ELSTON AVE,41.898827,-87.816756,10/02/2017 02:48:00 PM,2017
CR00016186,09/13/2017 02:41:00 PM,40,CLOUDY/OVERCAST,DARKNESS - LIGHTED ROAD,SIDESWIPE SAME DIRECTION,DIVIDED - W/MEDIAN (NOT RAISED),STOP SIGN/FLASHER,UNABLE TO DETERMINE,NOT APPLICABLE,0,0,0,0,14,4,9,1985,47TH ST,41.794318,-87.510743,09/13/2017 02:49:00 PM,2017
CR00016187,05/11/2020 09:53:00 PM,30,CLEAR,DARKNESS,ANGLE,ONE-WAY,TRAFFIC SIGNAL,IMPROPER OVERTAKING/PASSING,IMPROPER OVERTAKING/PASSING,0,0,0,0,21,2,5,654,MICHIGAN AVE,41.890528,-87.532476,05/11/2020 11:12:00 PM,2020
CR00016188,08/21/2017 08:18:00 PM,25,CLEAR,DARKNESS,TURNING,NOT DIVIDED,TRAFFIC SIGNAL,FOLLOWING TOO CLOSELY,UNABLE TO DETERMINE,0,0,0,0,20,2,8,1314,STATE ST,41.990466,-87.793055,08/21/2017 08:48:00 PM,2017
CR00016189,05/25/2020 07:11:00 PM,40,CLEAR,DAYLIGHT,SIDESWIPE SAME DIRECTION,DIVIDED - W/MEDIAN (NOT RAISED),NO CONTROLS,FAILING TO YIELD RIGHT-OF-WAY,WEATHER,0,0,0,0,19,2,5,655,OGDEN AVE,41.788578,-87.76532,05/25/2020 07:36:00 PM,2020
CR00016190,08/02/2019 11:52:00 PM,40,CLEAR,DAYLIGHT,TURNING,NOT DIVIDED,STOP SIGN/FLASHER,IMPROPER LANE USAGE,FAILING TO YIELD RIGHT-OF-WAY,0,0,0,0,23,6,8,2008,STONY ISLAND AVE,41.917018,-87.612172,08/03/2019 01:51:00 AM,2019
CR00016191,03/12/2023 07:15:00 AM,30,CLOUDY/OVERCAST,DARKNESS - LIGHTED ROAD,TURNING,ONE-WAY,NO CONTROLS,DISTRACTION - FROM INSIDE VEHICLE,IMPROPER OVERTAKING/PASSING,0,0,0,0,7,1,3,2094,OGDEN AVE,41.702777,-87.72869,03/12/2023 07:23:00 AM,2023
CR00016192,01/12/2020 07:45:00 PM,40,CLOUDY/OVERCAST,DARKNESS - LIGHTED ROAD,ANGLE,ONE-WAY,TRAFFIC SIGNAL,FOLLOWING TOO CLOSELY,UNABLE TO DETERMINE,0,0,0,0,19,1,1,1366,KEDZIE AVE,41.920336,-87.585211,01/12/2020 08:39:00 PM,2020
CR00016193,07/04/2021 04:59:00 PM,30,CLEAR,DAYLIGHT,ANGLE,DIVIDED - W/MEDIAN (NOT RAISED),NO CONTROLS,IMPROPER LANE USAGE,IMPROPER LANE USAGE,0,0,0,0,16,1,7,316,DIVISION ST,41.72885,-87.619962,07/04/2021 05:39:00 PM,2021
CR00016194,08/10/2023 08:21:00 PM,40,CLEAR,DARKNESS,REAR END,NOT DIVIDED,TRAFFIC SIGNAL,IMPROPER OVERTAKING/PASSING,DISREGARDING TRAFFIC SIGNALS,0,1,1,2,20,5,8,748,FULLERTON AVE,41.827328,-87.801479,08/10/2023 08:24:00 PM,2023
CR00016195,09/23/2018 03:58:00 PM,30,CLEAR,DAYLIGHT,ANGLE,T-INTERSECTION,STOP SIGN/FLASHER,FAILING TO REDUCE SPEED,DRIVING SKILLS/KNOWLEDGE/EXPERIENCE,0,0,0,0,15,1,9,1776,DAMEN AVE,41.761453,-87.785987,09/23/2018 04:13:00 PM,2018
CR00016196,06/05/2016 04:57:00 PM,30,CLOUDY/OVERCAST,DAYLIGHT,SIDESWIPE SAME DIRECTION,NOT DIVIDED,TRAFFIC SIGNAL,FAILING TO YIELD RIGHT-OF-WAY,UNABLE TO DETERMINE,0,0,0,0,16,1,6,518,BROADWAY,41.722726,-87.836713,06/05/2016 05:43:00 PM,2016
CR00016197,02/11/2024 07:03:00 PM,35,FREEZING RAIN/DRIZZLE,DAYLIGHT,PEDESTRIAN,DIVIDED - W/MEDIAN BARRIER,STOP SIGN/FLASHER,DISTRACTION - FROM INSIDE VEHICLE,UNABLE TO DETERMINE,0,0,0,0,19,1,2,2496,HALSTED ST,41.944281,-87.824553,02/11/2024 08:15:00 PM,2024
CR00016198,07/10/2021 07:22:00 AM,20,CLOUDY/OVERCAST,DAYLIGHT,PARKED MOTOR VEHICLE,T-INTERSECTION,NO CONTROLS,UNABLE TO DETERMINE,IMPROPER LANE USAGE,0,0,1,1,7,7,7,1549,ELSTON AVE,41.783256,-87.632962,07/10/2021 07:31:00 AM,2021
CR00016199,07/29/2021 07:38:00 AM,30,CLEAR,DUSK,REAR TO FRONT,DIVIDED - W/MEDIAN (NOT RAISED),NO CONTROLS,FAILING TO YIELD RIGHT-OF-WAY,NOT APPLICABLE,0,0,0,0,7,5,7,645,DIVISION ST,41.828361,-87.532954,07/29/2021 09:00:00 AM,2021
CR00016200,01/06/2022 05:20:00 PM,25,CLEAR,DAYLIGHT,TURNING,DIVIDED - W/MEDIAN (NOT RAISED),STOP SIGN/FLASHER,DISTRACTION - FROM INSIDE VEHICLE,UNABLE TO DETERMINE,0,1,2,3,17,5,1,2478,ARCHER AVE,41.74821,-87.827391,01/06/2022 05:47:00 PM,2022
CR00016201,10/29/2024 05:34:00 PM,20,SNOW,DAYLIGHT,TURNING,NOT DIVIDED,TRAFFIC SIGNAL,FOLLOWING TOO CLOSELY,NOT APPLICABLE,0,0,0,0,17,3,10,416,FULLERTON AVE,41.886646,-87.636342,10/29/2024 05:50:00 PM,2024
CR00016202,08/22/2021 08:18:00 AM,35,CLEAR,DARKNESS - LIGHTED ROAD,REAR END,DIVIDED - W/MEDIAN (NOT RAISED),STOP SIGN/FLASHER,UNABLE TO DETERMINE,UNABLE TO DETERMINE,0,0,0,0,8,1,8,1266,MICHIGAN AVE,41.97833,-87.624577,08/22/2021 09:37:00 AM,2021
CR00016203,07/28/2024 08:22:00 AM,25,RAIN,DAYLIGHT,REAR END,DIVIDED - W/MEDIAN BARRIER,TRAFFIC SIGNAL,UNABLE TO DETERMINE,IMPROPER LANE USAGE,0,0,0,0,8,1,7,1097,CLARK ST,41.798691,-87.797873,07/28/2024 08:33:00 AM,2024
CR00016204,05/23/2021 05:44:00 PM,30,CLEAR,DAYLIGHT,PARKED MOTOR VEHICLE,DIVIDED - W/MEDIAN (NOT RAISED),NO CONTROLS,UNABLE TO DETERMINE,UNABLE TO DETERMINE,0,0,0,0,17,1,5,1661,KEDZIE AVE,41.74019,-87.555648,05/23/2021 07:37:00 PM,2021
CR00016205,04/04/2024 09:31:00 AM,30,CLEAR,DAYLIGHT,TURNING,NOT DIVIDED,TRAFFIC SIGNAL,WEATHER,FOLLOWING TOO CLOSELY,0,0,0,0,9,5,4,697,OGDEN AVE,41.91055,-87.719703,04/04/2024 10:17:00 AM,2024
CR00016206,12/08/2019 07:06:00 AM,25,CLOUDY/OVERCAST,DAYLIGHT,PEDESTRIAN,DIVIDED - W/MEDIAN (NOT RAISED),NO CONTROLS,FAILING TO YIELD RIGHT-OF-WAY,NOT APPLICABLE,0,0,0,0,7,1,12,1178,ROOSEVELT RD,41.904845,-87.608243,12/08/2019 07:50:00 AM,2019
CR00016207,06/03/2021 11:55:00 PM,45,CLEAR,DAYLIGHT,REAR END,DIVIDED - W/MEDIAN (NOT RAISED),NO CONTROLS,DRIVING SKILLS/KNOWLEDGE/EXPERIENCE,DRIVING SKILLS/KNOWLEDGE/EXPERIENCE,0,0,2,2,23,5,6,2033,ARCHER AVE,41.971793,-87.545179,06/04/2021 01:12:00 AM,2021
CR00016208,10/09/2015 02:11:00 PM,30,CLEAR,DARKNESS - LIGHTED ROAD,PARKED MOTOR VEHICLE,DIVIDED - W/MEDIAN BARRIER,NO CONTROLS,IMPROPER OVERTAKING/PASSING,UNABLE TO DETERMINE,0,0,0,0,14,6,10,382,CALIFORNIA AVE,41.880982,-87.835997,10/09/2015 03:16:00 PM,2015
CR00016209,06/07/2023 04:04:00 PM,30,CLEAR,DAYLIGHT,REAR END,DIVIDED - W/MEDIAN (NOT RAISED),NO CONTROLS,UNABLE TO DETERMINE,FOLLOWING TOO CLOSELY,0,1,0,1,16,4,6,1371,DAMEN AVE,41.864633,-87.749087,06/07/2023 04:26:00 PM,2023
CR00016210,05/27/2018 01:44:00 PM,30,CLEAR,DARKNESS - LIGHTED ROAD,PARKED MOTOR VEHICLE,NOT DIVIDED,STOP SIGN/FLASHER,FAILING TO YIELD RIGHT-OF-WAY,FOLLOWING TOO CLOSELY,0,0,0,0,13,1,5,1474,HALSTED ST,41.873646,-87.614826,05/27/2018 02:38:00 PM,2018
CR00016211,10/24/2024 09:49:00 AM,25,CLEAR,DAYLIGHT,SIDESWIPE SAME DIRECTION,NOT DIVIDED,TRAFFIC SIGNAL,UNABLE TO DETERMINE,FAILING TO YIELD RIGHT-OF-WAY,0,0,0,0,9,5,10,1590,DAMEN AVE,41.720288,-87.677259,10/24/2024 10:51:00 AM,2024
CR00016212,07/10/2023 09:52:00 AM,25,CLOUDY/OVERCAST,DAYLIGHT,REAR TO FRONT,NOT DIVIDED,NO CONTROLS,FOLLOWING TOO CLOSELY,UNABLE TO DETERMINE,0,0,0,0,9,2,7,1491,DIVISION ST,41.786644,-87.637008,07/10/2023 10:54:00 AM,2023
CR00016213,03/29/2021 05:02:00 PM,35,CLEAR,DAYLIGHT,SIDESWIPE SAME DIRECTION,NOT DIVIDED,UNKNOWN,FAILING TO REDUCE SPEED,FAILING TO REDUCE SPEED,0,0,0,0,17,2,3,1135,ROOSEVELT RD,41.892738,-87.656987,03/29/2021 06:50:00 PM,2021
CR00016214,03/26/2018 10:47:00 AM,35,CLEAR,DARKNESS,TURNING,NOT DIVIDED,TRAFFIC SIGNAL,FAILING TO YIELD RIGHT-OF-WAY,FAILING TO REDUCE SPEED,0,0,0,0,10,2,3,999,STATE ST,41.848244,-87.740188,03/26/2018 11:54:00 AM,2018
CR00016215,06/16/2020 02:47:00 AM,30,CLEAR,DARKNESS - LIGHTED ROAD,SIDESWIPE SAME DIRECTION,FOUR WAY,UNKNOWN,FAILING TO YIELD RIGHT-OF-WAY,NOT APPLICABLE,0,0,2,2,2,3,6,1513,CICERO AVE,41.872834,-87.78427,06/16/2020 04:22:00 AM,2020
CR00016216,06/09/2019 07:26:00 PM,30,CLEAR,DARKNESS - LIGHTED ROAD,PARKED MOTOR VEHICLE,DIVIDED - W/MEDIAN (NOT RAISED),NO CONTROLS,FOLLOWING TOO CLOSELY,UNABLE TO DETERMINE,0,0,0,0,19,1,6,891,WESTERN AVE,41.990586,-87.511367,06/09/2019 07:37:00 PM,2019