CRASH_RECORD_ID,CRASH_DATE,POSTED_SPEED_LIMIT,WEATHER_CONDITION,LIGHTING_CONDITION,FIRST_CRASH_TYPE,TRAFFICWAY_TYPE,TRAFFIC_CONTROL_DEVICE,PRIM_CONTRIBUTORY_CAUSE,SEC_CONTRIBUTORY_CAUSE,INJURIES_FATAL,INJURIES_INCAPACITATING,INJURIES_NON_INCAPACITATING,INJURIES_TOTAL,CRASH_HOUR,CRASH_DAY_OF_WEEK,CRASH_MONTH,BEAT_OF_OCCURRENCE,STREET_NAME,LATITUDE,LONGITUDE,DATE_POLICE_NOTIFIED,year
CR00016217,11/26/2022 05:30:00 PM,45,CLEAR,DARKNESS,PARKED MOTOR VEHICLE,T-INTERSECTION,NO CONTROLS,DISREGARDING TRAFFIC SIGNALS,UNABLE TO DETERMINE,0,0,0,0,17,7,11,2494,DIVISION ST,41.718835,-87.664633,11/26/2022 06:12:00 PM,2022
CR00016218,11/22/2023 07:40:00 PM,25,CLOUDY/OVERCAST,DAYLIGHT,REAR END,NOT DIVIDED,NO CONTROLS,DISREGARDING TRAFFIC SIGNALS,DISTRACTION - FROM INSIDE VEHICLE,0,0,0,0,19,4,11,698,LAKE SHORE DR,41.947244,-87.651155,11/22/2023 08:55:00 PM,2023
CR00016219,11/29/2017 07:54:00 PM,30,CLEAR,DAYLIGHT,REAR END,DIVIDED - W/MEDIAN (NOT RAISED),NO CONTROLS,UNABLE TO DETERMINE,UNABLE TO DETERMINE,0,0,3,3,19,4,11,1637,ASHLAND AVE,41.795569,-87.562988,11/29/2017 09:08:00 PM,2017
CR00016220,07/26/2023 12:38:00 PM,20,RAIN,DARKNESS - LIGHTED ROAD,FIXED OBJECT,DIVIDED - W/MEDIAN (NOT RAISED),NO CONTROLS,IMPROPER OVERTAKING/PASSING,FAILING TO YIELD RIGHT-OF-WAY,0,0,0,0,12,4,7,138,MILWAUKEE AVE,41.890052,-87.531161,07/26/2023 01:55:00 PM,2023
CR00016221,12/04/2021 06:56:00 AM,30,CLEAR,DARKNESS,PARKED MOTOR VEHICLE,NOT DIVIDED,NO CONTROLS,DRIVING SKILLS/KNOWLEDGE/EXPERIENCE,UNABLE TO DETERMINE,0,0,0,0,6,7,12,542,DAMEN AVE,41.920819,-87.814015,12/04/2021 07:35:00 AM,2021
CR00016222,12/11/2019 04:06:00 AM,35,FREEZING RAIN/DRIZZLE,DAYLIGHT,REAR END,FOUR WAY,TRAFFIC SIGNAL,WEATHER,DISTRACTION - FROM INSIDE VEHICLE,0,0,0,0,4,4,12,1023,KEDZIE AVE,41.913434,-87.710995,12/11/2019 04:43:00 AM,2019
CR00016223,11/30/2016 06:25:00 PM,15,CLEAR,DAYLIGHT,REAR TO FRONT,DIVIDED - W/MEDIAN BARRIER,TRAFFIC SIGNAL,UNABLE TO DETERMINE,IMPROPER OVERTAKING/PASSING,0,0,0,0,18,4,11,2015,KEDZIE AVE,41.800217,-87.63759,11/30/2016 07:05:00 PM,2016
CR00016224,03/07/2022 04:48:00 PM,45,CLEAR,DAYLIGHT,ANGLE,ONE-WAY,NO CONTROLS,FOLLOWING TOO CLOSELY,FOLLOWING TOO CLOSELY,0,0,0,0,16,2,3,2319,MICHIGAN AVE,41.735987,-87.812812,03/07/2022 06:13:00 PM,2022
CR00016225,05/20/2015 01:08:00 PM,20,CLEAR,DAYLIGHT,SIDESWIPE SAME DIRECTION,NOT DIVIDED,TRAFFIC SIGNAL,FAILING TO YIELD RIGHT-OF-WAY,UNABLE TO DETERMINE,0,0,0,0,13,4,5,1779,79TH ST,41.807324,-87.666325,05/20/2015 02:17:00 PM,2015
CR00016226,03/17/2021 08:27:00 PM,25,CLEAR,DUSK,FIXED OBJECT,NOT DIVIDED,UNKNOWN,DISTRACTION - FROM INSIDE VEHICLE,DISTRACTION - FROM INSIDE VEHICLE,0,0,1,1,20,4,3,1864,LAKE SHORE DR,41.983723,-87.849434,03/17/2021 09:58:00 PM,2021
CR00016227,07/03/2020 09:39:00 AM,40,RAIN,DAYLIGHT,SIDESWIPE SAME DIRECTION,ONE-WAY,NO CONTROLS,WEATHER,UNABLE TO DETERMINE,0,0,0,0,9,6,7,982,STATE ST,41.784633,-87.599465,07/03/2020 10:41:00 AM,2020
CR00016228,01/13/2019 06:49:00 PM,40,CLEAR,DARKNESS - LIGHTED ROAD,ANGLE,NOT DIVIDED,TRAFFIC SIGNAL,FAILING TO YIELD RIGHT-OF-WAY,IMPROPER LANE USAGE,0,0,0,0,18,1,1,438,ARCHER AVE,41.866139,-87.836597,01/13/2019 07:46:00 PM,2019
CR00016229,04/27/2022 04:23:00 PM,35,RAIN,DAYLIGHT,ANGLE,DIVIDED - W/MEDIAN (NOT RAISED),STOP SIGN/FLASHER,IMPROPER OVERTAKING/PASSING,IMPROPER OVERTAKING/PASSING,0,0,1,1,16,4,4,2270,CICERO AVE,41.702571,-87.819971,04/27/2022 06:10:00 PM,2022
CR00016230,02/27/2024 11:17:00 PM,30,CLEAR,DAYLIGHT,REAR END,DIVIDED - W/MEDIAN (NOT RAISED),NO CONTROLS,UNABLE TO DETERMINE,UNABLE TO DETERMINE,0,0,0,0,23,3,2,1228,DIVISION ST,41.904578,-87.715621,02/28/2024 12:54:00 AM,2024
CR00016231,07/26/2021 09:00:00 AM,35,CLEAR,DAYLIGHT,PEDESTRIAN,NOT DIVIDED,TRAFFIC SIGNAL,UNABLE TO DETERMINE,DRIVING SKILLS/KNOWLEDGE/EXPERIENCE,0,0,0,0,9,2,7,519,WESTERN AVE,41.808147,-87.635714,07/26/2021 10:52:00 AM,2021
CR00016232,05/11/2020 06:46:00 PM,30,CLEAR,DARKNESS - LIGHTED ROAD,REAR END,NOT DIVIDED,NO CONTROLS,UNABLE TO DETERMINE,NOT APPLICABLE,0,1,1,2,18,2,5,667,STONY ISLAND AVE,41.823065,-87.619326,05/11/2020 08:39:00 PM,2020
CR00016233,05/04/2017 03:32:00 PM,25,RAIN,DAYLIGHT,SIDESWIPE SAME DIRECTION,ONE-WAY,NO CONTROLS,DISREGARDING TRAFFIC SIGNALS,NOT APPLICABLE,0,0,3,3,15,5,5,635,STATE ST,41.969051,-87.596604,05/04/2017 04:14:00 PM,2017
CR00016234,03/31/2016 07:22:00 PM,20,CLEAR,DAYLIGHT,FIXED OBJECT,NOT DIVIDED,TRAFFIC SIGNAL,IMPROPER OVERTAKING/PASSING,UNABLE TO DETERMINE,0,0,2,2,19,5,3,313,MICHIGAN AVE,41.945288,-87.832654,03/31/2016 07:34:00 PM,2016
CR00016235,03/03/2015 10:17:00 AM,30,CLEAR,DARKNESS - LIGHTED ROAD,REAR END,ONE-WAY,TRAFFIC SIGNAL,FAILING TO YIELD RIGHT-OF-WAY,FOLLOWING TOO CLOSELY,0,0,0,0,10,3,3,1473,MILWAUKEE AVE,41.79356,-87.585118,03/03/2015 11:34:00 AM,2015
CR00016236,01/18/2021 03:41:00 PM,30,CLEAR,DAYLIGHT,PARKED MOTOR VEHICLE,NOT DIVIDED,TRAFFIC SIGNAL,FOLLOWING TOO CLOSELY,DRIVING SKILLS/KNOWLEDGE/EXPERIENCE,0,0,0,0,15,2,1,1353,LAKE SHORE DR,41.9069,-87.683136,01/18/2021 04:50:00 PM,2021
CR00016237,05/25/2021 04:22:00 PM,25,SNOW,DARKNESS - LIGHTED ROAD,REAR END,ONE-WAY,TRAFFIC SIGNAL,DISREGARDING TRAFFIC SIGNALS,IMPROPER OVERTAKING/PASSING,0,1,1,2,16,3,5,932,MICHIGAN AVE,41.737891,-87.712424,05/25/2021 05:18:00 PM,2021
CR00016238,01/10/2018 01:28:00 PM,35,CLEAR,DAYLIGHT,TURNING,DIVIDED - W/MEDIAN (NOT RAISED),UNKNOWN,DRIVING SKILLS/KNOWLEDGE/EXPERIENCE,IMPROPER OVERTAKING/PASSING,0,0,0,0,13,4,1,1321,STATE ST,41.855409,-87.782644,01/10/2018 01:31:00 PM,2018
CR00016239,09/16/2015 05:54:00 PM,45,CLEAR,DAYLIGHT,ANGLE,NOT DIVIDED,NO CONTROLS,IMPROPER LANE USAGE,DISTRACTION - FROM INSIDE VEHICLE,0,0,0,0,17,4,9,2326,FULLERTON AVE,41.935901,-87.626869,09/16/2015 07:27:00 PM,2015
CR00016240,08/23/2024 05:04:00 AM,25,CLOUDY/OVERCAST,DARKNESS - LIGHTED ROAD,REAR END,FOUR WAY,STOP SIGN/FLASHER,IMPROPER OVERTAKING/PASSING,DRIVING SKILLS/KNOWLEDGE/EXPERIENCE,0,1,1,2,5,6,8,840,79TH ST,41.754691,-87.72678,08/23/2024 06:49:00 AM,2024
CR00016241,11/27/2019 08:02:00 AM,30,CLEAR,DAYLIGHT,ANGLE,DIVIDED - W/MEDIAN (NOT RAISED),STOP SIGN/FLASHER,UNABLE TO DETERMINE,IMPROPER OVERTAKING/PASSING,0,0,0,0,8,4,11,1427,PULASKI RD,41.924588,-87.508117,11/27/2019 08:08:00 AM,2019
CR00016242,05/20/2018 06:37:00 PM,40,CLEAR,DARKNESS,PARKED MOTOR VEHICLE,NOT DIVIDED,UNKNOWN,UNABLE TO DETERMINE,UNABLE TO DETERMINE,0,0,0,0,18,1,5,2158,MICHIGAN AVE,41.762243,-87.564546,05/20/2018 07:34:00 PM,2018
CR00016243,05/29/2021 08:27:00 PM,30,RAIN,DARKNESS,ANGLE,ONE-WAY,NO CONTROLS,IMPROPER OVERTAKING/PASSING,FOLLOWING TOO CLOSELY,0,0,0,0,20,7,5,1589,BROADWAY,41.900237,-87.515132,05/29/2021 09:00:00 PM,2021
CR00016244,04/13/2019 07:14:00 AM,35,CLEAR,DAYLIGHT,TURNING,NOT DIVIDED,NO CONTROLS,DISTRACTION - FROM INSIDE VEHICLE,DISREGARDING TRAFFIC SIGNALS,0,0,0,0,7,7,4,596,FULLERTON AVE,41.793377,-87.56954,04/13/2019 07:30:00 AM,2019
CR00016245,07/10/2019 12:10:00 AM,35,CLEAR,DAYLIGHT,TURNING,DIVIDED - W/MEDIAN (NOT RAISED),STOP SIGN/FLASHER,UNABLE TO DETERMINE,UNABLE TO DETERMINE,0,0,0,0,0,4,7,1253,DAMEN AVE,41.90859,-87.702083,07/10/2019 01:40:00 AM,2019
CR00016246,08/28/2015 01:01:00 PM,30,CLOUDY/OVERCAST,DAYLIGHT,REAR END,DIVIDED - W/MEDIAN (NOT RAISED),NO CONTROLS,WEATHER,FOLLOWING TOO CLOSELY,0,0,1,1,13,6,8,2486,ROOSEVELT RD,41.874682,-87.502132,08/28/2015 01:39:00 PM,2015
CR00016247,04/01/2021 02:45:00 PM,30,CLEAR,DAYLIGHT,PARKED MOTOR VEHICLE,DIVIDED - W/MEDIAN (NOT RAISED),TRAFFIC SIGNAL,UNABLE TO DETERMINE,DISTRACTION - FROM INSIDE VEHICLE,0,0,0,0,14,5,4,1963,63RD ST,41.972335,-87.823915,04/01/2021 03:00:00 PM,2021
CR00016248,02/14/2023 01:31:00 PM,45,CLEAR,DAYLIGHT,TURNING,NOT DIVIDED,STOP SIGN/FLASHER,FOLLOWING TOO CLOSELY,UNABLE TO DETERMINE,0,0,3,3,13,3,2,530,BROADWAY,41.841048,-87.564286,02/14/2023 03:18:00 PM,2023
CR00016249,01/26/2020 06:38:00 PM,35,CLEAR,DAYLIGHT,PARKED MOTOR VEHICLE,T-INTERSECTION,TRAFFIC SIGNAL,FOLLOWING TOO CLOSELY,UNABLE TO DETERMINE,0,0,0,0,18,1,1,1499,DIVISION ST,41.966389,-87.737109,01/26/2020 06:58:00 PM,2020
CR00016250,12/19/2018 10:19:00 AM,35,CLEAR,DARKNESS - LIGHTED ROAD,REAR END,FOUR WAY,TRAFFIC SIGNAL,UNABLE TO DETERMINE,DISTRACTION - FROM INSIDE VEHICLE,0,0,0,0,10,4,12,485,KEDZIE AVE,41.705929,-87.629203,12/19/2018 12:18:00 PM,2018
CR00016251,12/28/2022 07:08:00 PM,35,CLEAR,DARKNESS - LIGHTED ROAD,SIDESWIPE SAME DIRECTION,ONE-WAY,NO CONTROLS,FOLLOWING TOO CLOSELY,UNABLE TO DETERMINE,0,0,3,3,19,4,12,2230,KEDZIE AVE,41.874662,-87.579679,12/28/2022 08:38:00 PM,2022
CR00016252,09/28/2016 02:30:00 AM,30,CLEAR,DARKNESS - LIGHTED ROAD,REAR END,NOT DIVIDED,NO CONTROLS,DRIVING SKILLS/KNOWLEDGE/EXPERIENCE,IMPROPER LANE USAGE,0,0,2,2,2,4,9,2335,HALSTED ST,41.970627,-87.768957,09/28/2016 03:59:00 AM,2016
CR00016253,07/09/2019 06:49:00 PM,35,RAIN,DAYLIGHT,TURNING,DIVIDED - W/MEDIAN BARRIER,TRAFFIC SIGNAL,IMPROPER LANE USAGE,NOT APPLICABLE,0,0,0,0,18,3,7,243,DAMEN AVE,41.937021,-87.809247,07/09/2019 08:34:00 PM,2019
CR00016254,11/20/2021 06:54:00 PM,20,RAIN,DARKNESS - LIGHTED ROAD,TURNING,NOT DIVIDED,NO CONTROLS,UNABLE TO DETERMINE,FOLLOWING TOO CLOSELY,0,0,0,0,18,7,11,2296,HALSTED ST,41.927814,-87.540111,11/20/2021 07:52:00 PM,2021
CR00016255,03/27/2022 11:21:00 PM,30,CLEAR,DAYLIGHT,REAR END,DIVIDED - W/MEDIAN (NOT RAISED),TRAFFIC SIGNAL,IMPROPER OVERTAKING/PASSING,UNABLE TO DETERMINE,0,0,1,1,23,1,3,530,DAMEN AVE,41.901228,-87.755053,03/27/2022 11:23:00 PM,2022
CR00016256,10/28/2021 03:55:00 PM,20,CLEAR,DARKNESS - LIGHTED ROAD,FIXED OBJECT,DIVIDED - W/MEDIAN (NOT RAISED),NO CONTROLS,FOLLOWING TOO CLOSELY,UNABLE TO DETERMINE,0,0,0,0,15,5,10,342,79TH ST,41.940416,-87.570286,10/28/2021 05:35:00 PM,2021
CR00016257,07/20/2020 08:30:00 AM,35,CLEAR,DARKNESS - LIGHTED ROAD,ANGLE,NOT DIVIDED,TRAFFIC SIGNAL,UNABLE TO DETERMINE,DISTRACTION - FROM INSIDE VEHICLE,0,0,0,0,8,2,7,784,ROOSEVELT RD,41.978827,-87.547489,07/20/2020 08:49:00 AM,2020
CR00016258,03/08/2022 01:31:00 PM,45,CLEAR,DARKNESS - LIGHTED ROAD,FIXED OBJECT,NOT DIVIDED,TRAFFIC SIGNAL,DRIVING SKILLS/KNOWLEDGE/EXPERIENCE,FAILING TO REDUCE SPEED,0,0,0,0,13,3,3,1821,ASHLAND AVE,41.708347,-87.76487,03/08/2022 02:44:00 PM,2022
CR00016259,11/10/2016 09:53:00 AM,45,CLEAR,DAYLIGHT,REAR TO FRONT,DIVIDED - W/MEDIAN (NOT RAISED),UNKNOWN,UNABLE TO DETERMINE,NOT APPLICABLE,0,0,0,0,9,5,11,1195,IRVING PARK RD,41.802017,-87.833626,11/10/2016 10:58:00 AM,2016
CR00016260,06/24/2019 06:09:00 AM,30,CLOUDY/OVERCAST,DARKNESS - LIGHTED ROAD,REAR END,DIVIDED - W/MEDIAN (NOT RAISED),NO CONTROLS,FAILING TO YIELD RIGHT-OF-WAY,IMPROPER LANE USAGE,0,0,0,0,6,2,6,2358,MICHIGAN AVE,41.721125,-87.678353,06/24/2019 06:53:00 AM,2019
CR00016261,01/17/2016 03:19:00 PM,25,CLEAR,DAYLIGHT,ANGLE,ONE-WAY,STOP SIGN/FLASHER,UNABLE TO DETERMINE,NOT APPLICABLE,0,0,0,0,15,1,1,895,47TH ST,41.873256,-87.781467,01/17/2016 04:10:00 PM,2016
CR00016262,08/17/2022 07:09:00 AM,30,RAIN,DAYLIGHT,TURNING,DIVIDED - W/MEDIAN (NOT RAISED),TRAFFIC SIGNAL,FOLLOWING TOO CLOSELY,NOT APPLICABLE,0,0,0,0,7,4,8,2004,LAKE SHORE DR,41.803337,-87.684245,08/17/2022 07:50:00 AM,2022
CR00016263,06/12/2015 03:18:00 AM,15,RAIN,DAYLIGHT,SIDESWIPE SAME DIRECTION,DIVIDED - W/MEDIAN (NOT RAISED),NO CONTROLS,FAILING TO REDUCE SPEED,FAILING TO YIELD RIGHT-OF-WAY,0,0,0,0,3,6,6,1748,MILWAUKEE AVE,41.752284,-87.717583,06/12/2015 05:01:00 AM,2015
CR00016264,04/08/2022 01:30:00 AM,20,CLEAR,DARKNESS - LIGHTED ROAD,PARKED MOTOR VEHICLE,NOT DIVIDED,STOP SIGN/FLASHER,UNABLE TO DETERMINE,FOLLOWING TOO CLOSELY,0,0,0,0,1,6,4,1128,ELSTON AVE,41.991437,-87.758626,04/08/2022 02:46:00 AM,2022
CR00016265,01/29/2022 04:49:00 PM,15,CLEAR,DARKNESS,ANGLE,DIVIDED - W/MEDIAN (NOT RAISED),NO CONTROLS,FOLLOWING TOO CLOSELY,FOLLOWING TOO CLOSELY,0,0,0,0,16,7,1,299,WESTERN AVE,41.701505,-87.506283,01/29/2022 04:51:00 PM,2022
CR00016266,11/20/2021 09:46:00 AM,30,CLEAR,DAYLIGHT,REAR END,NOT DIVIDED,TRAFFIC SIGNAL,IMPROPER OVERTAKING/PASSING,IMPROPER LANE USAGE,0,0,0,0,9,7,11,2284,LAKE SHORE DR,41.872904,-87.505427,11/20/2021 10:17:00 AM,2021
CR00016267,06/29/2015 01:27:00 PM,30,CLEAR,DAYLIGHT,REAR END,ONE-WAY,STOP SIGN/FLASHER,UNABLE TO DETERMINE,UNABLE TO DETERMINE,0,0,0,0,13,2,6,1460,LAKE SHORE DR,41.933296,-87.791357,06/29/2015 02:38:00 PM,2015
CR00016268,06/24/2023 04:49:00 AM,35,CLEAR,DARKNESS - LIGHTED ROAD,REAR END,NOT DIVIDED,NO CONTROLS,UNABLE TO DETERMINE,UNABLE TO DETERMINE,0,2,1,3,4,7,6,2481,PULASKI RD,41.896958,-87.513353,06/24/2023 04:58:00 AM,2023
CR00016269,12/06/2023 08:01:00 AM,15,RAIN,DAYLIGHT,REAR END,T-INTERSECTION,STOP SIGN/FLASHER,FOLLOWING TOO CLOSELY,UNABLE TO DETERMINE,0,0,0,0,8,4,12,1397,CALIFORNIA AVE,41.914707,-87.737877,12/06/2023 09:23:00 AM,2023
CR00016270,12/01/2020 10:25:00 AM,15,CLEAR,DAYLIGHT,TURNING,DIVIDED - W/MEDIAN (NOT RAISED),TRAFFIC SIGNAL,DISTRACTION - FROM INSIDE VEHICLE,UNABLE TO DETERMINE,0,0,0,0,10,3,12,1693,KEDZIE AVE,41.96669,-87.575608,12/01/2020 12:17:00 PM,2020
CR00016271,11/08/2023 02:12:00 PM,35,CLEAR,DAYLIGHT,REAR END,NOT DIVIDED,TRAFFIC SIGNAL,DISTRACTION - FROM INSIDE VEHICLE,DISTRACTION - FROM INSIDE VEHICLE,0,0,3,3,14,4,11,253,LAKE SHORE DR,41.751016,-87.608893,11/08/2023 04:12:00 PM,2023
CR00016272,10/27/2017 12:35:00 PM,30,CLEAR,DARKNESS,PARKED MOTOR VEHICLE,ONE-WAY,NO CONTROLS,DRIVING SKILLS/KNOWLEDGE/EXPERIENCE,DISREGARDING TRAFFIC SIGNALS,0,0,0,0,12,6,10,1408,63RD ST,41.797508,-87.761519,10/27/2017 02:00:00 PM,2017
CR00016273,07/16/2016 09:46:00 AM,20,CLEAR,DAYLIGHT,REAR TO FRONT,NOT DIVIDED,NO CONTROLS,FAILING TO YIELD RIGHT-OF-WAY,NOT APPLICABLE,0,0,0,0,9,7,7,710,63RD ST,41.748853,-87.510198,07/16/2016 11:27:00 AM,2016
CR00016274,01/10/2016 02:15:00 PM,30,CLEAR,DARKNESS - LIGHTED ROAD,SIDESWIPE SAME DIRECTION,NOT DIVIDED,TRAFFIC SIGNAL,FAILING TO REDUCE SPEED,NOT APPLICABLE,0,0,1,1,14,1,1,1360,MICHIGAN AVE,41.755254,-87.610884,01/10/2016 02:26:00 PM,2016
CR00016275,12/22/2015 08:33:00 PM,30,CLEAR,DARKNESS,ANGLE,NOT DIVIDED,TRAFFIC SIGNAL,FOLLOWING TOO CLOSELY,DISREGARDING TRAFFIC SIGNALS,0,0,0,0,20,3,12,265,HALSTED ST,41.98352,-87.84985,12/22/2015 10:24:00 PM,2015
CR00016276,12/12/2018 05:23:00 AM,15,CLEAR,DAYLIGHT,FIXED OBJECT,NOT DIVIDED,NO CONTROLS,UNABLE TO DETERMINE,NOT APPLICABLE,0,0,2,2,5,4,12,2043,IRVING PARK RD,41.726537,-87.574989,12/12/2018 06:38:00 AM,2018
CR00016277,10/13/2018 02:29:00 AM,35,CLEAR,DUSK,REAR END,FOUR WAY,STOP SIGN/FLASHER,UNABLE TO DETERMINE,FOLLOWING TOO CLOSELY,0,0,0,0,2,7,10,1991,PULASKI RD,41.718721,-87.544644,10/13/2018 03:23:00 AM,2018
CR00016278,12/29/2017 08:13:00 AM,30,CLOUDY/OVERCAST,DAYLIGHT,REAR END,NOT DIVIDED,STOP SIGN/FLASHER,FOLLOWING TOO CLOSELY,DRIVING SKILLS/KNOWLEDGE/EXPERIENCE,0,0,0,0,8,6,12,1379,MICHIGAN AVE,41.85137,-87.53745,12/29/2017 09:15:00 AM,2017
CR00016279,08/03/2015 07:11:00 AM,35,CLEAR,DUSK,FIXED OBJECT,NOT DIVIDED,STOP SIGN/FLASHER,DISTRACTION - FROM INSIDE VEHICLE,UNABLE TO DETERMINE,0,0,0,0,7,2,8,902,DAMEN AVE,41.719966,-87.661336,08/03/2015 08:23:00 AM,2015
CR00016280,12/06/2023 11:10:00 AM,40,CLEAR,DAYLIGHT,TURNING,ONE-WAY,STOP SIGN/FLASHER,IMPROPER LANE USAGE,IMPROPER OVERTAKING/PASSING,0,0,0,0,11,4,12,2004,CICERO AVE,41.900546,-87.795936,12/06/2023 12:32:00 PM,2023
CR00016281,03/18/2019 06:05:00 PM,45,CLEAR,DAYLIGHT,REAR END,DIVIDED - W/MEDIAN BARRIER,NO CONTROLS,FAILING TO REDUCE SPEED,FAILING TO YIELD RIGHT-OF-WAY,0,0,1,1,18,2,3,1726,ROOSEVELT RD,41.913827,-87.712568,03/18/2019 07:45:00 PM,2019
CR00016282,05/17/2021 04:16:00 PM,30,CLEAR,DARKNESS - LIGHTED ROAD,ANGLE,NOT DIVIDED,STOP SIGN/FLASHER,FAILING TO REDUCE SPEED,FOLLOWING TOO CLOSELY,0,0,0,0,16,2,5,2350,DIVISION ST,41.759206,-87.740466,05/17/2021 06:09:00 PM,2021
CR00016283,05/02/2019 05:05:00 AM,35,CLEAR,DAYLIGHT,ANGLE,DIVIDED - W/MEDIAN (NOT RAISED),TRAFFIC SIGNAL,WEATHER,IMPROPER OVERTAKING/PASSING,0,0,1,1,5,5,5,1074,MICHIGAN AVE,41.819269,-87.517504,05/02/2019 06:30:00 AM,2019
CR00016284,07/17/2019 05:56:00 PM,40,CLEAR,DAYLIGHT,REAR END,NOT DIVIDED,NO CONTROLS,IMPROPER OVERTAKING/PASSING,DRIVING SKILLS/KNOWLEDGE/EXPERIENCE,0,0,0,0,17,4,7,2352,79TH ST,41.879089,-87.733127,07/17/2019 07:20:00 PM,2019
CR00016285,10/22/2021 07:02:00 PM,35,CLEAR,DAYLIGHT,ANGLE,ONE-WAY,NO CONTROLS,FAILING TO YIELD RIGHT-OF-WAY,FAILING TO YIELD RIGHT-OF-WAY,0,0,0,0,19,6,10,539,DAMEN AVE,41.708499,-87.845295,10/22/2021 09:01:00 PM,2021
CR00016286,03/04/2022 05:01:00 PM,25,RAIN,DARKNESS - LIGHTED ROAD,REAR END,DIVIDED - W/MEDIAN (NOT RAISED),TRAFFIC SIGNAL,UNABLE TO DETERMINE,IMPROPER OVERTAKING/PASSING,0,0,0,0,17,6,3,1876,FULLERTON AVE,41.789081,-87.793659,03/04/2022 06:29:00 PM,2022
CR00016287,08/03/2023 07:56:00 AM,30,CLEAR,DARKNESS - LIGHTED ROAD,SIDESWIPE SAME DIRECTION,NOT DIVIDED,STOP SIGN/FLASHER,FOLLOWING TOO CLOSELY,NOT APPLICABLE,0,0,0,0,7,5,8,645,CICERO AVE,41.897283,-87.68855,08/03/2023 09:53:00 AM,2023
CR00016288,03/01/2020 02:12:00 AM,30,CLEAR,DAYLIGHT,REAR END,NOT DIVIDED,TRAFFIC SIGNAL,UNABLE TO DETERMINE,FAILING TO REDUCE SPEED,0,0,0,0,2,1,3,434,LAKE SHORE DR,41.972984,-87.756396,03/01/2020 02:44:00 AM,2020
CR00016289,02/17/2019 06:02:00 PM,30,RAIN,DAYLIGHT,TURNING,DIVIDED - W/MEDIAN (NOT RAISED),NO CONTROLS,IMPROPER OVERTAKING/PASSING,FOLLOWING TOO CLOSELY,0,0,0,0,18,1,2,703,ASHLAND AVE,41.930872,-87.520612,02/17/2019 07:38:00 PM,2019
CR00016290,08/07/2022 10:26:00 AM,30,CLEAR,DAYLIGHT,PARKED MOTOR VEHICLE,DIVIDED - W/MEDIAN (NOT RAISED),UNKNOWN,FOLLOWING TOO CLOSELY,DISTRACTION - FROM INSIDE VEHICLE,0,0,0,0,10,1,8,520,BROADWAY,41.7473,-87.563953,08/07/2022 10:54:00 AM,2022
CR00016291,09/01/2018 01:34:00 AM,20,RAIN,DARKNESS - LIGHTED ROAD,SIDESWIPE SAME DIRECTION,NOT DIVIDED,TRAFFIC SIGNAL,DISREGARDING TRAFFIC SIGNALS,FOLLOWING TOO CLOSELY,0,0,0,0,1,7,9,2260,ELSTON AVE,41.878736,-87.788436,09/01/2018 01:53:00 AM,2018
CR00016292,06/07/2021 04:51:00 AM,35,CLEAR,DAYLIGHT,FIXED OBJECT,NOT DIVIDED,TRAFFIC SIGNAL,FAILING TO YIELD RIGHT-OF-WAY,UNABLE TO DETERMINE,0,0,0,0,4,2,6,576,ELSTON AVE,41.840877,-87.752664,06/07/2021 05:23:00 AM,2021
CR00016293,04/14/2016 08:51:00 AM,35,FOG/SMOKE/HAZE,DARKNESS - LIGHTED ROAD,PARKED MOTOR VEHICLE,T-INTERSECTION,TRAFFIC SIGNAL,UNABLE TO DETERMINE,DRIVING SKILLS/KNOWLEDGE/EXPERIENCE,0,0,0,0,8,5,4,1379,ELSTON AVE,41.869172,-87.509186,04/14/2016 10:38:00 AM,2016
CR00016294,05/13/2024 06:20:00 PM,15,SNOW,DARKNESS - LIGHTED ROAD,PARKED MOTOR VEHICLE,NOT DIVIDED,NO CONTROLS,DISREGARDING TRAFFIC SIGNALS,FOLLOWING TOO CLOSELY,0,0,0,0,18,2,5,296,LAKE SHORE DR,41.973868,-87.836245,05/13/2024 07:02:00 PM,2024
CR00016295,10/31/2015 05:46:00 PM,30,CLEAR,DAWN,TURNING,NOT DIVIDED,STOP SIGN/FLASHER,FAILING TO YIELD RIGHT-OF-WAY,DISREGARDING TRAFFIC SIGNALS,0,0,0,0,17,7,10,2506,IRVING PARK RD,41.784599,-87.709848,10/31/2015 06:47:00 PM,2015
CR00016296,04/18/2023 02:20:00 PM,25,SNOW,DAYLIGHT,REAR END,NOT DIVIDED,TRAFFIC SIGNAL,IMPROPER OVERTAKING/PASSING,FAILING TO REDUCE SPEED,0,0,0,0,14,3,4,149,BROADWAY,41.733067,-87.637061,04/18/2023 04:14:00 PM,2023
CR00016297,05/25/2021 11:04:00 AM,30,SNOW,DAYLIGHT,PARKED MOTOR VEHICLE,DIVIDED - W/MEDIAN (NOT RAISED),NO CONTROLS,FAILING TO YIELD RIGHT-OF-WAY,UNABLE TO DETERMINE,0,0,0,0,11,3,5,1488,CICERO AVE,41.875749,-87.602821,05/25/2021 12:16:00 PM,2021