CRASH_RECORD_ID,CRASH_DATE,POSTED_SPEED_LIMIT,WEATHER_CONDITION,LIGHTING_CONDITION,FIRST_CRASH_TYPE,TRAFFICWAY_TYPE,TRAFFIC_CONTROL_DEVICE,PRIM_CONTRIBUTORY_CAUSE,SEC_CONTRIBUTORY_CAUSE,INJURIES_FATAL,INJURIES_INCAPACITATING,INJURIES_NON_INCAPACITATING,INJURIES_TOTAL,CRASH_HOUR,CRASH_DAY_OF_WEEK,CRASH_MONTH,BEAT_OF_OCCURRENCE,STREET_NAME,LATITUDE,LONGITUDE,DATE_POLICE_NOTIFIED,year
CR00016298,11/11/2018 02:31:00 PM,25,CLEAR,DARKNESS - LIGHTED ROAD,PARKED MOTOR VEHICLE,ONE-WAY,STOP SIGN/FLASHER,FOLLOWING TOO CLOSELY,UNABLE TO DETERMINE,0,0,0,0,14,1,11,336,BROADWAY,41.798352,-87.661557,11/11/2018 02:49:00 PM,2018
CR00016299,05/29/2024 11:58:00 PM,45,CLEAR,DAYLIGHT,PEDESTRIAN,ONE-WAY,NO CONTROLS,DISTRACTION - FROM INSIDE VEHICLE,IMPROPER LANE USAGE,0,0,0,0,23,4,5,327,FULLERTON AVE,41.977233,-87.847806,05/30/2024 01:39:00 AM,2024
CR00016300,09/16/2018 03:23:00 PM,30,CLEAR,DAYLIGHT,ANGLE,T-INTERSECTION,TRAFFIC SIGNAL,FAILING TO YIELD RIGHT-OF-WAY,FOLLOWING TOO CLOSELY,0,0,0,0,15,1,9,446,KEDZIE AVE,41.772126,-87.549826,09/16/2018 03:24:00 PM,2018
CR00016301,01/16/2024 06:30:00 PM,30,SNOW,DARKNESS - LIGHTED ROAD,TURNING,DIVIDED - W/MEDIAN (NOT RAISED),TRAFFIC SIGNAL,DISREGARDING TRAFFIC SIGNALS,UNABLE TO DETERMINE,0,0,3,3,18,3,1,1734,IRVING PARK RD,41.948118,-87.521363,01/16/2024 06:55:00 PM,2024
CR00016302,07/22/2019 03:13:00 PM,30,RAIN,DARKNESS - LIGHTED ROAD,TURNING,NOT DIVIDED,TRAFFIC SIGNAL,IMPROPER OVERTAKING/PASSING,IMPROPER OVERTAKING/PASSING,0,0,0,0,15,2,7,2308,LAKE SHORE DR,41.969374,-87.529856,07/22/2019 04:37:00 PM,2019
CR00016303,03/23/2019 06:16:00 AM,35,CLEAR,DUSK,REAR END,NOT DIVIDED,STOP SIGN/FLASHER,UNABLE TO DETERMINE,NOT APPLICABLE,0,0,0,0,6,7,3,814,IRVING PARK RD,41.904698,-87.566195,03/23/2019 06:25:00 AM,2019
CR00016304,09/24/2016 09:02:00 AM,20,CLEAR,DAYLIGHT,ANGLE,FOUR WAY,TRAFFIC SIGNAL,UNABLE TO DETERMINE,UNABLE TO DETERMINE,0,0,2,2,9,7,9,2447,ROOSEVELT RD,41.805367,-87.815876,09/24/2016 10:00:00 AM,2016
CR00016305,03/11/2023 09:14:00 AM,15,CLEAR,DAYLIGHT,REAR TO FRONT,NOT DIVIDED,TRAFFIC SIGNAL,UNABLE TO DETERMINE,IMPROPER LANE USAGE,0,0,0,0,9,7,3,540,OGDEN AVE,41.722725,-87.683423,03/11/2023 09:53:00 AM,2023
CR00016306,07/12/2018 06:52:00 PM,40,SNOW,DAYLIGHT,FIXED OBJECT,DIVIDED - W/MEDIAN BARRIER,NO CONTROLS,FOLLOWING TOO CLOSELY,NOT APPLICABLE,0,0,2,2,18,5,7,895,ELSTON AVE,41.869923,-87.748473,07/12/2018 08:41:00 PM,2018
CR00016307,06/22/2022 01:22:00 PM,15,SNOW,DARKNESS,SIDESWIPE SAME DIRECTION,DIVIDED - W/MEDIAN (NOT RAISED),PEDESTRIAN CROSSING SIGN,FOLLOWING TOO CLOSELY,UNABLE TO DETERMINE,0,0,0,0,13,4,6,1026,CICERO AVE,41.912164,-87.61617,06/22/2022 02:59:00 PM,2022
CR00016308,05/24/2021 05:57:00 PM,35,CLEAR,DARKNESS - LIGHTED ROAD,SIDESWIPE SAME DIRECTION,NOT DIVIDED,STOP SIGN/FLASHER,FAILING TO YIELD RIGHT-OF-WAY,DISTRACTION - FROM INSIDE VEHICLE,0,0,0,0,17,2,5,2383,63RD ST,41.984234,-87.759121,05/24/2021 06:11:00 PM,2021
CR00016309,04/10/2020 05:15:00 PM,25,CLEAR,DARKNESS - LIGHTED ROAD,REAR END,FOUR WAY,NO CONTROLS,FAILING TO YIELD RIGHT-OF-WAY,DRIVING SKILLS/KNOWLEDGE/EXPERIENCE,0,0,0,0,17,6,4,2191,BROADWAY,41.824348,-87.793288,04/10/2020 05:42:00 PM,2020
CR00016310,06/20/2017 07:01:00 AM,45,CLEAR,DAYLIGHT,FIXED OBJECT,T-INTERSECTION,STOP SIGN/FLASHER,UNABLE TO DETERMINE,DRIVING SKILLS/KNOWLEDGE/EXPERIENCE,0,0,0,0,7,3,6,1033,DAMEN AVE,41.940689,-87.806597,06/20/2017 08:16:00 AM,2017
CR00016311,03/14/2018 05:36:00 PM,35,CLEAR,DAYLIGHT,PEDESTRIAN,NOT DIVIDED,STOP SIGN/FLASHER,DISREGARDING TRAFFIC SIGNALS,DRIVING SKILLS/KNOWLEDGE/EXPERIENCE,0,0,0,0,17,4,3,2116,CALIFORNIA AVE,41.921278,-87.652985,03/14/2018 05:45:00 PM,2018
CR00016312,01/07/2021 11:53:00 AM,40,CLEAR,DAYLIGHT,REAR END,DIVIDED - W/MEDIAN (NOT RAISED),TRAFFIC SIGNAL,FOLLOWING TOO CLOSELY,IMPROPER LANE USAGE,0,0,1,1,11,5,1,340,LAKE SHORE DR,41.995757,-87.644471,01/07/2021 01:26:00 PM,2021
CR00016313,07/27/2022 05:05:00 PM,30,CLEAR,DAYLIGHT,SIDESWIPE SAME DIRECTION,NOT DIVIDED,NO CONTROLS,DRIVING SKILLS/KNOWLEDGE/EXPERIENCE,IMPROPER LANE USAGE,0,0,0,0,17,4,7,1436,LAKE SHORE DR,41.820282,-87.511607,07/27/2022 07:05:00 PM,2022
CR00016314,07/08/2023 10:46:00 AM,40,CLEAR,DAYLIGHT,TURNING,NOT DIVIDED,NO CONTROLS,FAILING TO REDUCE SPEED,IMPROPER LANE USAGE,0,1,2,3,10,7,7,1697,KEDZIE AVE,41.793127,-87.626478,07/08/2023 11:34:00 AM,2023
CR00016315,06/23/2015 07:21:00 PM,35,CLOUDY/OVERCAST,DUSK,TURNING,NOT DIVIDED,STOP SIGN/FLASHER,UNABLE TO DETERMINE,NOT APPLICABLE,0,0,0,0,19,3,6,2418,ELSTON AVE,41.70385,-87.514598,06/23/2015 08:47:00 PM,2015
CR00016316,02/25/2018 08:40:00 AM,30,CLEAR,DAYLIGHT,REAR END,DIVIDED - W/MEDIAN BARRIER,NO CONTROLS,DRIVING SKILLS/KNOWLEDGE/EXPERIENCE,NOT APPLICABLE,0,0,0,0,8,1,2,1861,OGDEN AVE,41.999295,-87.545703,02/25/2018 10:38:00 AM,2018
CR00016317,09/24/2019 10:56:00 PM,30,CLEAR,DAYLIGHT,ANGLE,ONE-WAY,TRAFFIC SIGNAL,UNABLE TO DETERMINE,UNABLE TO DETERMINE,0,0,0,0,22,3,9,1392,ELSTON AVE,41.973131,-87.809524,09/24/2019 11:10:00 PM,2019
CR00016318,07/15/2023 06:30:00 PM,20,CLEAR,DAYLIGHT,FIXED OBJECT,DIVIDED - W/MEDIAN (NOT RAISED),NO CONTROLS,UNABLE TO DETERMINE,FAILING TO YIELD RIGHT-OF-WAY,0,0,1,1,18,7,7,482,ASHLAND AVE,41.916137,-87.660462,07/15/2023 07:48:00 PM,2023
CR00016319,07/10/2019 11:17:00 AM,25,CLEAR,DAYLIGHT,TURNING,DIVIDED - W/MEDIAN BARRIER,TRAFFIC SIGNAL,DRIVING SKILLS/KNOWLEDGE/EXPERIENCE,NOT APPLICABLE,0,0,0,0,11,4,7,1128,79TH ST,41.725056,-87.767427,07/10/2019 11:59:00 AM,2019
CR00016320,04/15/2022 04:33:00 AM,45,RAIN,DAYLIGHT,ANGLE,DIVIDED - W/MEDIAN (NOT RAISED),TRAFFIC SIGNAL,UNABLE TO DETERMINE,UNABLE TO DETERMINE,0,0,0,0,4,6,4,1262,CALIFORNIA AVE,41.923769,-87.659304,04/15/2022 05:02:00 AM,2022
CR00016321,09/13/2016 01:46:00 PM,30,CLEAR,DARKNESS - LIGHTED ROAD,ANGLE,DIVIDED - W/MEDIAN (NOT RAISED),STOP SIGN/FLASHER,DRIVING SKILLS/KNOWLEDGE/EXPERIENCE,NOT APPLICABLE,0,0,0,0,13,3,9,2446,LAKE SHORE DR,41.845081,-87.755388,09/13/2016 03:01:00 PM,2016
CR00016322,09/23/2018 07:37:00 PM,40,RAIN,DARKNESS - LIGHTED ROAD,PARKED MOTOR VEHICLE,DIVIDED - W/MEDIAN (NOT RAISED),TRAFFIC SIGNAL,DISTRACTION - FROM INSIDE VEHICLE,FOLLOWING TOO CLOSELY,0,0,1,1,19,1,9,2517,DIVISION ST,41.72554,-87.671345,09/23/2018 08:22:00 PM,2018
CR00016323,03/26/2020 08:12:00 AM,30,CLEAR,DAYLIGHT,TURNING,DIVIDED - W/MEDIAN (NOT RAISED),UNKNOWN,UNABLE TO DETERMINE,UNABLE TO DETERMINE,0,0,0,0,8,5,3,1718,63RD ST,41.716964,-87.592718,03/26/2020 08:49:00 AM,2020
CR00016324,09/03/2015 09:55:00 AM,30,CLEAR,DAYLIGHT,REAR END,DIVIDED - W/MEDIAN (NOT RAISED),UNKNOWN,DISTRACTION - FROM INSIDE VEHICLE,DISTRACTION - FROM INSIDE VEHICLE,0,0,0,0,9,5,9,1453,CLARK ST,41.864866,-87.692744,09/03/2015 10:47:00 AM,2015
CR00016325,03/05/2024 01:24:00 AM,20,CLEAR,DARKNESS - LIGHTED ROAD,TURNING,FOUR WAY,STOP SIGN/FLASHER,UNABLE TO DETERMINE,UNABLE TO DETERMINE,0,0,1,1,1,3,3,403,FULLERTON AVE,41.770761,-87.604066,03/05/2024 03:04:00 AM,2024
CR00016326,10/06/2021 05:46:00 AM,35,CLOUDY/OVERCAST,DARKNESS - LIGHTED ROAD,REAR END,FOUR WAY,STOP SIGN/FLASHER,UNABLE TO DETERMINE,WEATHER,0,0,0,0,5,4,10,1699,KEDZIE AVE,41.855031,-87.556845,10/06/2021 06:41:00 AM,2021
CR00016327,06/30/2023 04:23:00 PM,20,CLEAR,DAYLIGHT,ANGLE,NOT DIVIDED,NO CONTROLS,FOLLOWING TOO CLOSELY,UNABLE TO DETERMINE,0,0,0,0,16,6,6,312,ARCHER AVE,41.960774,-87.807428,06/30/2023 05:48:00 PM,2023
CR00016328,07/12/2022 08:26:00 AM,45,CLOUDY/OVERCAST,DUSK,REAR END,DIVIDED - W/MEDIAN (NOT RAISED),STOP SIGN/FLASHER,FOLLOWING TOO CLOSELY,WEATHER,0,0,0,0,8,3,7,1209,47TH ST,41.801494,-87.571845,07/12/2022 09:50:00 AM,2022
CR00016329,04/15/2019 08:20:00 AM,30,CLEAR,DARKNESS - LIGHTED ROAD,REAR END,ONE-WAY,NO CONTROLS,FOLLOWING TOO CLOSELY,UNABLE TO DETERMINE,0,0,0,0,8,2,4,1044,LAKE SHORE DR,41.85317,-87.760303,04/15/2019 10:12:00 AM,2019
CR00016330,02/02/2024 09:11:00 AM,45,CLEAR,DUSK,REAR END,NOT DIVIDED,PEDESTRIAN CROSSING SIGN,UNABLE TO DETERMINE,IMPROPER OVERTAKING/PASSING,0,0,0,0,9,6,2,2054,63RD ST,41.922079,-87.642319,02/02/2024 10:49:00 AM,2024
CR00016331,06/03/2016 08:21:00 PM,30,SNOW,DAYLIGHT,SIDESWIPE SAME DIRECTION,DIVIDED - W/MEDIAN BARRIER,NO CONTROLS,FOLLOWING TOO CLOSELY,NOT APPLICABLE,0,0,0,0,20,6,6,330,MILWAUKEE AVE,41.920712,-87.684995,06/03/2016 09:26:00 PM,2016
CR00016332,04/15/2022 11:13:00 PM,20,CLEAR,DARKNESS - LIGHTED ROAD,REAR END,DIVIDED - W/MEDIAN BARRIER,NO CONTROLS,UNABLE TO DETERMINE,NOT APPLICABLE,0,0,2,2,23,6,4,1347,OGDEN AVE,41.998434,-87.638193,04/15/2022 11:18:00 PM,2022
CR00016333,06/29/2022 01:39:00 AM,20,CLEAR,DAYLIGHT,FIXED OBJECT,NOT DIVIDED,NO CONTROLS,UNABLE TO DETERMINE,FAILING TO REDUCE SPEED,0,0,0,0,1,4,6,2357,CALIFORNIA AVE,41.851253,-87.807943,06/29/2022 02:53:00 AM,2022
CR00016334,11/12/2018 08:55:00 AM,30,CLEAR,DARKNESS - LIGHTED ROAD,PARKED MOTOR VEHICLE,NOT DIVIDED,STOP SIGN/FLASHER,IMPROPER LANE USAGE,UNABLE TO DETERMINE,0,0,0,0,8,2,11,1694,STATE ST,41.753403,-87.790847,11/12/2018 10:10:00 AM,2018
CR00016335,03/23/2021 03:27:00 PM,35,CLEAR,DAYLIGHT,ANGLE,NOT DIVIDED,NO CONTROLS,DISREGARDING TRAFFIC SIGNALS,NOT APPLICABLE,0,0,0,0,15,3,3,1885,LAKE SHORE DR,41.819456,-87.698515,03/23/2021 05:04:00 PM,2021
CR00016336,11/21/2015 08:35:00 AM,15,CLEAR,DAYLIGHT,SIDESWIPE SAME DIRECTION,DIVIDED - W/MEDIAN BARRIER,NO CONTROLS,UNABLE TO DETERMINE,FOLLOWING TOO CLOSELY,0,0,1,1,8,7,11,1027,MICHIGAN AVE,41.853696,-87.847323,11/21/2015 10:14:00 AM,2015
CR00016337,04/30/2015 08:06:00 AM,35,CLEAR,DARKNESS,SIDESWIPE SAME DIRECTION,ONE-WAY,NO CONTROLS,UNABLE TO DETERMINE,FAILING TO REDUCE SPEED,0,0,0,0,8,5,4,242,MICHIGAN AVE,41.805746,-87.597243,04/30/2015 09:51:00 AM,2015
CR00016338,03/13/2024 03:16:00 PM,15,CLEAR,DAYLIGHT,SIDESWIPE SAME DIRECTION,NOT DIVIDED,TRAFFIC SIGNAL,IMPROPER OVERTAKING/PASSING,UNABLE TO DETERMINE,0,2,2,4,15,4,3,2188,ELSTON AVE,41.863333,-87.815977,03/13/2024 03:35:00 PM,2024
CR00016339,08/14/2016 01:10:00 PM,30,CLEAR,DAYLIGHT,REAR END,NOT DIVIDED,TRAFFIC SIGNAL,FAILING TO YIELD RIGHT-OF-WAY,IMPROPER LANE USAGE,0,0,0,0,13,1,8,1068,ARCHER AVE,41.917105,-87.65726,08/14/2016 02:55:00 PM,2016
CR00016340,01/20/2016 02:10:00 PM,30,CLEAR,DARKNESS - LIGHTED ROAD,TURNING,FOUR WAY,STOP SIGN/FLASHER,IMPROPER LANE USAGE,DISREGARDING TRAFFIC SIGNALS,0,0,0,0,14,4,1,515,MICHIGAN AVE,41.890372,-87.627214,01/20/2016 04:03:00 PM,2016
CR00016341,10/17/2019 08:00:00 AM,40,SNOW,DAYLIGHT,FIXED OBJECT,DIVIDED - W/MEDIAN (NOT RAISED),TRAFFIC SIGNAL,DRIVING SKILLS/KNOWLEDGE/EXPERIENCE,UNABLE TO DETERMINE,0,0,0,0,8,5,10,722,CLARK ST,41.840403,-87.835923,10/17/2019 09:08:00 AM,2019
CR00016342,04/25/2015 09:47:00 PM,30,CLEAR,DAYLIGHT,REAR END,DIVIDED - W/MEDIAN (NOT RAISED),TRAFFIC SIGNAL,UNABLE TO DETERMINE,NOT APPLICABLE,0,0,3,3,21,7,4,1208,PULASKI RD,41.959967,-87.584562,04/25/2015 11:21:00 PM,2015
CR00016343,06/18/2022 12:32:00 AM,30,CLEAR,DAYLIGHT,TURNING,DIVIDED - W/MEDIAN BARRIER,NO CONTROLS,FAILING TO YIELD RIGHT-OF-WAY,FAILING TO YIELD RIGHT-OF-WAY,0,0,0,0,0,7,6,1449,ROOSEVELT RD,41.933375,-87.516918,06/18/2022 01:37:00 AM,2022
CR00016344,12/09/2024 08:18:00 AM,40,CLEAR,DAYLIGHT,PARKED MOTOR VEHICLE,DIVIDED - W/MEDIAN (NOT RAISED),PEDESTRIAN CROSSING SIGN,UNABLE TO DETERMINE,DRIVING SKILLS/KNOWLEDGE/EXPERIENCE,0,0,0,0,8,2,12,292,DAMEN AVE,41.850374,-87.693666,12/09/2024 08:43:00 AM,2024
CR00016345,07/09/2021 03:56:00 AM,25,CLEAR,DAYLIGHT,FIXED OBJECT,DIVIDED - W/MEDIAN BARRIER,UNKNOWN,DISREGARDING TRAFFIC SIGNALS,IMPROPER OVERTAKING/PASSING,0,0,0,0,3,6,7,449,STATE ST,41.801053,-87.678677,07/09/2021 05:00:00 AM,2021
CR00016346,06/29/2022 06:00:00 AM,45,CLEAR,DARKNESS - LIGHTED ROAD,REAR END,DIVIDED - W/MEDIAN BARRIER,STOP SIGN/FLASHER,FAILING TO YIELD RIGHT-OF-WAY,IMPROPER OVERTAKING/PASSING,0,0,1,1,6,4,6,1473,MICHIGAN AVE,41.995698,-87.759228,06/29/2022 06:51:00 AM,2022
CR00016347,09/03/2023 04:06:00 AM,15,CLEAR,DARKNESS - LIGHTED ROAD,REAR END,NOT DIVIDED,NO CONTROLS,FOLLOWING TOO CLOSELY,UNABLE TO DETERMINE,0,0,0,0,4,1,9,1605,CLARK ST,41.815386,-87.541081,09/03/2023 05:29:00 AM,2023
CR00016348,12/12/2021 07:10:00 AM,35,RAIN,DAYLIGHT,ANGLE,NOT DIVIDED,NO CONTROLS,FAILING TO YIELD RIGHT-OF-WAY,FOLLOWING TOO CLOSELY,0,0,0,0,7,1,12,211,MILWAUKEE AVE,41.715954,-87.756099,12/12/2021 08:09:00 AM,2021
CR00016349,12/04/2022 11:25:00 AM,30,CLEAR,DAYLIGHT,REAR TO FRONT,FOUR WAY,TRAFFIC SIGNAL,FAILING TO YIELD RIGHT-OF-WAY,IMPROPER OVERTAKING/PASSING,0,0,0,0,11,1,12,1778,47TH ST,41.998418,-87.791952,12/04/2022 11:34:00 AM,2022
CR00016350,05/18/2020 07:26:00 AM,30,CLEAR,DARKNESS - LIGHTED ROAD,REAR END,NOT DIVIDED,PEDESTRIAN CROSSING SIGN,UNABLE TO DETERMINE,UNABLE TO DETERMINE,0,0,0,0,7,2,5,977,ASHLAND AVE,41.778005,-87.581798,05/18/2020 08:05:00 AM,2020
CR00016351,10/17/2019 06:06:00 PM,35,CLEAR,DAYLIGHT,ANGLE,DIVIDED - W/MEDIAN BARRIER,TRAFFIC SIGNAL,IMPROPER OVERTAKING/PASSING,DISREGARDING TRAFFIC SIGNALS,0,0,0,0,18,5,10,2476,CLARK ST,41.876672,-87.669444,10/17/2019 08:04:00 PM,2019
CR00016352,04/25/2024 11:41:00 AM,35,CLOUDY/OVERCAST,DARKNESS,REAR END,NOT DIVIDED,TRAFFIC SIGNAL,UNABLE TO DETERMINE,FOLLOWING TOO CLOSELY,0,0,0,0,11,5,4,974,CICERO AVE,41.856389,-87.538468,04/25/2024 12:24:00 PM,2024
CR00016353,11/30/2020 08:41:00 AM,45,SNOW,DAYLIGHT,REAR END,NOT DIVIDED,TRAFFIC SIGNAL,UNABLE TO DETERMINE,UNABLE TO DETERMINE,0,0,0,0,8,2,11,1288,ASHLAND AVE,41.756859,-87.519105,11/30/2020 10:39:00 AM,2020
CR00016354,09/09/2018 07:28:00 AM,30,CLOUDY/OVERCAST,DARKNESS - LIGHTED ROAD,ANGLE,FOUR WAY,PEDESTRIAN CROSSING SIGN,FAILING TO YIELD RIGHT-OF-WAY,UNABLE TO DETERMINE,0,0,1,1,7,1,9,1516,47TH ST,41.782147,-87.799493,09/09/2018 07:30:00 AM,2018
CR00016355,05/05/2019 12:50:00 PM,40,CLEAR,DAYLIGHT,PEDESTRIAN,ONE-WAY,TRAFFIC SIGNAL,WEATHER,FOLLOWING TOO CLOSELY,0,0,0,0,12,1,5,1228,STATE ST,41.809611,-87.550773,05/05/2019 12:59:00 PM,2019
CR00016356,07/07/2019 06:15:00 PM,30,CLEAR,DAYLIGHT,ANGLE,ONE-WAY,TRAFFIC SIGNAL,FOLLOWING TOO CLOSELY,FAILING TO YIELD RIGHT-OF-WAY,0,0,0,0,18,1,7,1699,CLARK ST,41.704867,-87.817016,07/07/2019 06:28:00 PM,2019
CR00016357,03/19/2022 09:48:00 PM,20,CLEAR,DARKNESS - LIGHTED ROAD,PARKED MOTOR VEHICLE,NOT DIVIDED,NO CONTROLS,DRIVING SKILLS/KNOWLEDGE/EXPERIENCE,UNABLE TO DETERMINE,0,0,0,0,21,7,3,1047,MICHIGAN AVE,41.931193,-87.8289,03/19/2022 11:07:00 PM,2022
CR00016358,04/13/2020 05:53:00 PM,35,SNOW,DUSK,REAR END,NOT DIVIDED,NO CONTROLS,FAILING TO REDUCE SPEED,FAILING TO REDUCE SPEED,0,0,0,0,17,2,4,2324,ARCHER AVE,41.832873,-87.530835,04/13/2020 07:12:00 PM,2020
CR00016359,05/04/2024 06:42:00 PM,35,CLEAR,DARKNESS - LIGHTED ROAD,PEDESTRIAN,ONE-WAY,NO CONTROLS,DISREGARDING TRAFFIC SIGNALS,IMPROPER OVERTAKING/PASSING,0,0,0,0,18,7,5,2456,ELSTON AVE,41.765739,-87.652339,05/04/2024 07:34:00 PM,2024
CR00016360,03/19/2020 07:14:00 AM,45,CLEAR,DAYLIGHT,SIDESWIPE SAME DIRECTION,NOT DIVIDED,TRAFFIC SIGNAL,FAILING TO YIELD RIGHT-OF-WAY,IMPROPER OVERTAKING/PASSING,0,0,0,0,7,5,3,2376,LAKE SHORE DR,41.710357,-87.786693,03/19/2020 07:49:00 AM,2020
CR00016361,05/11/2024 08:39:00 AM,30,RAIN,DAYLIGHT,TURNING,ONE-WAY,STOP SIGN/FLASHER,UNABLE TO DETERMINE,UNABLE TO DETERMINE,0,0,0,0,8,7,5,1615,DAMEN AVE,41.89757,-87.628795,05/11/2024 10:11:00 AM,2024
CR00016362,03/20/2021 09:10:00 AM,35,CLEAR,DAYLIGHT,FIXED OBJECT,T-INTERSECTION,UNKNOWN,FOLLOWING TOO CLOSELY,DISREGARDING TRAFFIC SIGNALS,0,0,0,0,9,7,3,1446,63RD ST,41.839844,-87.644886,03/20/2021 10:16:00 AM,2021
CR00016363,09/07/2024 08:33:00 AM,30,CLEAR,DAWN,REAR END,ONE-WAY,UNKNOWN,UNABLE TO DETERMINE,UNABLE TO DETERMINE,0,0,0,0,8,7,9,2134,63RD ST,41.903602,-87.528298,09/07/2024 09:36:00 AM,2024
CR00016364,04/25/2021 01:25:00 PM,25,CLEAR,DAYLIGHT,TURNING,ONE-WAY,NO CONTROLS,IMPROPER LANE USAGE,DISTRACTION - FROM INSIDE VEHICLE,0,0,1,1,13,1,4,2487,HALSTED ST,41.86412,-87.514597,04/25/2021 01:59:00 PM,2021
CR00016365,02/11/2015 07:38:00 AM,35,CLEAR,DARKNESS - LIGHTED ROAD,TURNING,NOT DIVIDED,STOP SIGN/FLASHER,DISTRACTION - FROM INSIDE VEHICLE,IMPROPER LANE USAGE,0,0,0,0,7,4,2,1947,BROADWAY,41.972828,-87.533613,02/11/2015 08:37:00 AM,2015
CR00016366,01/20/2022 08:45:00 AM,30,CLEAR,DAYLIGHT,SIDESWIPE SAME DIRECTION,NOT DIVIDED,TRAFFIC SIGNAL,UNABLE TO DETERMINE,DRIVING SKILLS/KNOWLEDGE/EXPERIENCE,0,0,3,3,8,5,1,1498,WESTERN AVE,41.791818,-87.832748,01/20/2022 09:54:00 AM,2022
CR00016367,07/18/2023 03:54:00 PM,45,CLEAR,DUSK,REAR END,DIVIDED - W/MEDIAN (NOT RAISED),NO CONTROLS,UNABLE TO DETERMINE,WEATHER,0,0,3,3,15,3,7,918,OGDEN AVE,41.921575,-87.840527,07/18/2023 05:41:00 PM,2023
CR00016368,08/11/2017 06:51:00 PM,45,CLEAR,DAYLIGHT,REAR END,NOT DIVIDED,STOP SIGN/FLASHER,WEATHER,DRIVING SKILLS/KNOWLEDGE/EXPERIENCE,0,0,0,0,18,6,8,1211,FULLERTON AVE,41.793383,-87.606823,08/11/2017 08:28:00 PM,2017
CR00016369,07/23/2016 07:15:00 AM,45,CLEAR,DAYLIGHT,ANGLE,ONE-WAY,PEDESTRIAN CROSSING SIGN,IMPROPER LANE USAGE,UNABLE TO DETERMINE,0,0,0,0,7,7,7,459,FULLERTON AVE,41.741201,-87.590291,07/23/2016 07:26:00 AM,2016
CR00016370,12/30/2015 02:12:00 PM,40,CLEAR,DAWN,ANGLE,ONE-WAY,NO CONTROLS,DISTRACTION - FROM INSIDE VEHICLE,FAILING TO REDUCE SPEED,0,0,0,0,14,4,12,978,DIVISION ST,41.797249,-87.690823,12/30/2015 02:48:00 PM,2015
CR00016371,08/22/2022 12:16:00 PM,45,CLEAR,DAYLIGHT,TURNING,ONE-WAY,NO CONTROLS,DISTRACTION - FROM INSIDE VEHICLE,FAILING TO YIELD RIGHT-OF-WAY,0,0,0,0,12,2,8,1093,79TH ST,41.81753,-87.72445,08/22/2022 02:03:00 PM,2022
CR00016372,07/25/2019 03:48:00 AM,30,CLEAR,DARKNESS - LIGHTED ROAD,SIDESWIPE SAME DIRECTION,NOT DIVIDED,NO CONTROLS,FOLLOWING TOO CLOSELY,NOT APPLICABLE,0,2,1,3,3,5,7,2222,PULASKI RD,41.771229,-87.645878,07/25/2019 05:39:00 AM,2019
CR00016373,05/25/2015 07:09:00 AM,25,RAIN,DARKNESS - LIGHTED ROAD,FIXED OBJECT,NOT DIVIDED,NO CONTROLS,FAILING TO REDUCE SPEED,FAILING TO YIELD RIGHT-OF-WAY,0,0,1,1,7,2,5,2017,DAMEN AVE,41.738546,-87.780483,05/25/2015 07:18:00 AM,2015
CR00016374,01/03/2022 07:55:00 PM,45,RAIN,DAYLIGHT,PARKED MOTOR VEHICLE,T-INTERSECTION,STOP SIGN/FLASHER,FAILING TO YIELD RIGHT-OF-WAY,FOLLOWING TOO CLOSELY,0,0,0,0,19,2,1,1100,CALIFORNIA AVE,41.846748,-87.677136,01/03/2022 09:55:00 PM,2022
CR00016375,07/26/2020 11:58:00 AM,45,CLEAR,DARKNESS - LIGHTED ROAD,FIXED OBJECT,NOT DIVIDED,NO CONTROLS,IMPROPER OVERTAKING/PASSING,IMPROPER LANE USAGE,0,0,0,0,11,1,7,321,HALSTED ST,41.856899,-87.748476,07/26/2020 12:42:00 PM,2020
CR00016376,04/18/2024 10:10:00 PM,30,CLEAR,DAYLIGHT,SIDESWIPE SAME DIRECTION,DIVIDED - W/MEDIAN (NOT RAISED),UNKNOWN,WEATHER,NOT APPLICABLE,0,0,0,0,22,5,4,1073,79TH ST,41.700202,-87.618583,04/18/2024 11:59:00 PM,2024
CR00016377,02/13/2023 08:13:00 AM,25,CLEAR,DAYLIGHT,REAR END,DIVIDED - W/MEDIAN BARRIER,TRAFFIC SIGNAL,UNABLE TO DETERMINE,UNABLE TO DETERMINE,0,0,0,0,8,2,2,2119,HALSTED ST,41.783064,-87.792282,02/13/2023 09:38:00 AM,2023
CR00016378,03/08/2022 10:47:00 AM,30,CLOUDY/OVERCAST,DAYLIGHT,SIDESWIPE SAME DIRECTION,ONE-WAY,STOP SIGN/FLASHER,UNABLE TO DETERMINE,UNABLE TO DETERMINE,0,0,0,0,10,3,3,2100,IRVING PARK RD,41.720721,-87.51841,03/08/2022 12:28:00 PM,2022
CR00016379,08/21/2018 04:11:00 AM,30,CLEAR,DAYLIGHT,ANGLE,DIVIDED - W/MEDIAN BARRIER,NO CONTROLS,FAILING TO YIELD RIGHT-OF-WAY,UNABLE TO DETERMINE,0,0,0,0,4,3,8,1049,ASHLAND AVE,41.847469,-87.525016,08/21/2018 05:28:00 AM,2018