CRASH_RECORD_ID,CRASH_DATE,POSTED_SPEED_LIMIT,WEATHER_CONDITION,LIGHTING_CONDITION,FIRST_CRASH_TYPE,TRAFFICWAY_TYPE,TRAFFIC_CONTROL_DEVICE,PRIM_CONTRIBUTORY_CAUSE,SEC_CONTRIBUTORY_CAUSE,INJURIES_FATAL,INJURIES_INCAPACITATING,INJURIES_NON_INCAPACITATING,INJURIES_TOTAL,CRASH_HOUR,CRASH_DAY_OF_WEEK,CRASH_MONTH,BEAT_OF_OCCURRENCE,STREET_NAME,LATITUDE,LONGITUDE,DATE_POLICE_NOTIFIED,year
CR00016380,07/21/2017 11:25:00 AM,30,CLEAR,DARKNESS - LIGHTED ROAD,REAR END,ONE-WAY,TRAFFIC SIGNAL,FOLLOWING TOO CLOSELY,UNABLE TO DETERMINE,0,0,0,0,11,6,7,1916,IRVING PARK RD,41.821594,-87.836463,07/21/2017 12:23:00 PM,2017
CR00016381,07/02/2019 09:59:00 AM,40,RAIN,DAYLIGHT,TURNING,NOT DIVIDED,NO CONTROLS,FOLLOWING TOO CLOSELY,NOT APPLICABLE,0,0,0,0,9,3,7,1191,HALSTED ST,41.90054,-87.512896,07/02/2019 10:00:00 AM,2019
CR00016382,12/27/2020 11:49:00 PM,45,CLEAR,DAYLIGHT,TURNING,ONE-WAY,TRAFFIC SIGNAL,FAILING TO YIELD RIGHT-OF-WAY,DISTRACTION - FROM INSIDE VEHICLE,0,0,0,0,23,1,12,1475,FULLERTON AVE,41.857141,-87.687974,12/28/2020 12:48:00 AM,2020
CR00016383,03/31/2020 09:01:00 AM,30,FREEZING RAIN/DRIZZLE,DAYLIGHT,TURNING,NOT DIVIDED,NO CONTROLS,FOLLOWING TOO CLOSELY,FAILING TO YIELD RIGHT-OF-WAY,0,0,3,3,9,3,3,1297,MICHIGAN AVE,41.96045,-87.733797,03/31/2020 10:57:00 AM,2020
CR00016384,06/30/2019 05:52:00 PM,35,CLEAR,DUSK,FIXED OBJECT,DIVIDED - W/MEDIAN BARRIER,STOP SIGN/FLASHER,UNABLE TO DETERMINE,FOLLOWING TOO CLOSELY,0,0,0,0,17,1,6,1819,LAKE SHORE DR,41.90341,-87.637351,06/30/2019 06:50:00 PM,2019
CR00016385,06/10/2018 08:19:00 AM,15,CLEAR,DARKNESS - LIGHTED ROAD,PARKED MOTOR VEHICLE,FOUR WAY,TRAFFIC SIGNAL,UNABLE TO DETERMINE,FOLLOWING TOO CLOSELY,0,0,0,0,8,1,6,1206,STONY ISLAND AVE,41.952678,-87.679974,06/10/2018 09:57:00 AM,2018
CR00016386,05/14/2015 06:57:00 PM,20,FOG/SMOKE/HAZE,DAYLIGHT,TURNING,ONE-WAY,TRAFFIC SIGNAL,UNABLE TO DETERMINE,DISREGARDING TRAFFIC SIGNALS,0,0,0,0,18,5,5,1502,ELSTON AVE,41.983658,-87.637603,05/14/2015 07:54:00 PM,2015
CR00016387,04/16/2019 07:44:00 AM,30,SNOW,DARKNESS,TURNING,NOT DIVIDED,TRAFFIC SIGNAL,IMPROPER LANE USAGE,FOLLOWING TOO CLOSELY,0,0,0,0,7,3,4,1595,LAKE SHORE DR,41.918856,-87.50722,04/16/2019 07:49:00 AM,2019
CR00016388,10/31/2020 10:22:00 AM,20,CLEAR,DAYLIGHT,TURNING,NOT DIVIDED,UNKNOWN,FAILING TO REDUCE SPEED,NOT APPLICABLE,0,0,0,0,10,7,10,2287,MILWAUKEE AVE,41.765259,-87.595351,10/31/2020 12:22:00 PM,2020
CR00016389,07/02/2019 12:44:00 AM,35,CLOUDY/OVERCAST,DARKNESS - LIGHTED ROAD,REAR END,ONE-WAY,STOP SIGN/FLASHER,UNABLE TO DETERMINE,UNABLE TO DETERMINE,0,0,0,0,0,3,7,1340,63RD ST,41.782279,-87.558383,07/02/2019 12:49:00 AM,2019
CR00016390,06/06/2022 06:23:00 PM,30,CLEAR,DAYLIGHT,REAR END,NOT DIVIDED,UNKNOWN,FOLLOWING TOO CLOSELY,IMPROPER LANE USAGE,0,0,0,0,18,2,6,1608,CICERO AVE,41.846019,-87.818923,06/06/2022 08:17:00 PM,2022
CR00016391,07/09/2017 10:06:00 PM,35,CLEAR,DAYLIGHT,REAR END,DIVIDED - W/MEDIAN BARRIER,STOP SIGN/FLASHER,FAILING TO YIELD RIGHT-OF-WAY,NOT APPLICABLE,0,0,0,0,22,1,7,2092,CICERO AVE,41.909139,-87.61235,07/09/2017 11:49:00 PM,2017
CR00016392,07/11/2015 10:58:00 AM,35,CLEAR,DAYLIGHT,TURNING,DIVIDED - W/MEDIAN (NOT RAISED),NO CONTROLS,IMPROPER LANE USAGE,IMPROPER LANE USAGE,0,0,0,0,10,7,7,2108,ELSTON AVE,41.949951,-87.750299,07/11/2015 12:03:00 PM,2015
CR00016393,09/24/2023 10:34:00 PM,45,CLEAR,DAYLIGHT,REAR END,FOUR WAY,TRAFFIC SIGNAL,FAILING TO YIELD RIGHT-OF-WAY,DISREGARDING TRAFFIC SIGNALS,0,0,0,0,22,1,9,2184,KEDZIE AVE,41.726967,-87.746335,09/24/2023 11:14:00 PM,2023
CR00016394,01/12/2018 08:30:00 PM,30,CLEAR,DAYLIGHT,SIDESWIPE SAME DIRECTION,NOT DIVIDED,NO CONTROLS,DISTRACTION - FROM INSIDE VEHICLE,NOT APPLICABLE,0,0,0,0,20,6,1,2289,KEDZIE AVE,41.807454,-87.584461,01/12/2018 09:31:00 PM,2018
CR00016395,09/07/2017 03:45:00 PM,25,CLEAR,DAYLIGHT,REAR END,ONE-WAY,STOP SIGN/FLASHER,FOLLOWING TOO CLOSELY,FOLLOWING TOO CLOSELY,0,0,0,0,15,5,9,951,CLARK ST,41.88035,-87.761111,09/07/2017 05:45:00 PM,2017
CR00016396,02/13/2016 04:29:00 PM,20,FOG/SMOKE/HAZE,DAYLIGHT,SIDESWIPE SAME DIRECTION,T-INTERSECTION,TRAFFIC SIGNAL,FOLLOWING TOO CLOSELY,UNABLE TO DETERMINE,0,0,0,0,16,7,2,2049,ROOSEVELT RD,41.817939,-87.534536,02/13/2016 05:08:00 PM,2016
CR00016397,10/19/2018 07:31:00 AM,30,CLOUDY/OVERCAST,DAYLIGHT,REAR END,FOUR WAY,STOP SIGN/FLASHER,DISTRACTION - FROM INSIDE VEHICLE,FAILING TO REDUCE SPEED,0,0,0,0,7,6,10,2411,DIVISION ST,41.899814,-87.789438,10/19/2018 09:27:00 AM,2018
CR00016398,11/01/2015 06:45:00 AM,15,RAIN,DUSK,ANGLE,DIVIDED - W/MEDIAN (NOT RAISED),NO CONTROLS,FOLLOWING TOO CLOSELY,NOT APPLICABLE,0,0,0,0,6,1,11,1940,IRVING PARK RD,41.81925,-87.6332,11/01/2015 07:06:00 AM,2015
CR00016399,05/29/2022 11:15:00 AM,30,CLEAR,DARKNESS - LIGHTED ROAD,PARKED MOTOR VEHICLE,DIVIDED - W/MEDIAN (NOT RAISED),TRAFFIC SIGNAL,FOLLOWING TOO CLOSELY,UNABLE TO DETERMINE,0,0,0,0,11,1,5,2054,FULLERTON AVE,41.972638,-87.562925,05/29/2022 12:24:00 PM,2022
CR00016400,06/11/2024 01:04:00 PM,15,CLEAR,DARKNESS - LIGHTED ROAD,REAR END,DIVIDED - W/MEDIAN (NOT RAISED),TRAFFIC SIGNAL,IMPROPER LANE USAGE,UNABLE TO DETERMINE,0,0,0,0,13,3,6,1709,MILWAUKEE AVE,41.783265,-87.605931,06/11/2024 02:06:00 PM,2024
CR00016401,02/13/2022 08:14:00 AM,30,CLEAR,DAYLIGHT,PARKED MOTOR VEHICLE,ONE-WAY,YIELD,UNABLE TO DETERMINE,UNABLE TO DETERMINE,0,0,0,0,8,1,2,2164,MILWAUKEE AVE,41.844434,-87.660082,02/13/2022 08:29:00 AM,2022
CR00016402,09/04/2018 04:44:00 AM,40,CLEAR,DARKNESS - LIGHTED ROAD,REAR END,NOT DIVIDED,NO CONTROLS,FOLLOWING TOO CLOSELY,NOT APPLICABLE,0,0,0,0,4,3,9,2460,WESTERN AVE,41.963047,-87.64274,09/04/2018 05:11:00 AM,2018
CR00016403,09/05/2020 06:11:00 PM,30,CLEAR,DAYLIGHT,REAR END,DIVIDED - W/MEDIAN (NOT RAISED),NO CONTROLS,DRIVING SKILLS/KNOWLEDGE/EXPERIENCE,DRIVING SKILLS/KNOWLEDGE/EXPERIENCE,0,0,0,0,18,7,9,2103,CLARK ST,41.727292,-87.562494,09/05/2020 06:30:00 PM,2020
CR00016404,12/20/2015 11:41:00 AM,30,CLEAR,DAYLIGHT,REAR END,NOT DIVIDED,PEDESTRIAN CROSSING SIGN,UNABLE TO DETERMINE,DISTRACTION - FROM INSIDE VEHICLE,0,0,0,0,11,1,12,1061,STATE ST,41.74487,-87.639207,12/20/2015 11:45:00 AM,2015
CR00016405,08/10/2017 03:46:00 PM,30,CLEAR,DARKNESS - LIGHTED ROAD,PARKED MOTOR VEHICLE,NOT DIVIDED,TRAFFIC SIGNAL,FAILING TO YIELD RIGHT-OF-WAY,NOT APPLICABLE,0,0,0,0,15,5,8,1312,BROADWAY,41.71121,-87.720901,08/10/2017 04:37:00 PM,2017
CR00016406,09/19/2019 03:21:00 PM,30,RAIN,DARKNESS - LIGHTED ROAD,ANGLE,NOT DIVIDED,STOP SIGN/FLASHER,FAILING TO REDUCE SPEED,DISREGARDING TRAFFIC SIGNALS,0,0,0,0,15,5,9,2129,LAKE SHORE DR,41.874031,-87.698285,09/19/2019 04:19:00 PM,2019
CR00016407,11/05/2024 07:38:00 AM,25,CLEAR,DUSK,REAR END,DIVIDED - W/MEDIAN (NOT RAISED),NO CONTROLS,FOLLOWING TOO CLOSELY,FOLLOWING TOO CLOSELY,0,0,0,0,7,3,11,960,LAKE SHORE DR,41.871651,-87.646754,11/05/2024 08:44:00 AM,2024
CR00016408,02/06/2020 03:03:00 PM,35,CLEAR,DARKNESS,SIDESWIPE SAME DIRECTION,DIVIDED - W/MEDIAN (NOT RAISED),TRAFFIC SIGNAL,FAILING TO REDUCE SPEED,UNABLE TO DETERMINE,0,0,0,0,15,5,2,1700,KEDZIE AVE,41.83925,-87.728187,02/06/2020 03:45:00 PM,2020
CR00016409,11/23/2020 05:35:00 PM,30,RAIN,DAYLIGHT,REAR END,NOT DIVIDED,NO CONTROLS,UNABLE TO DETERMINE,DRIVING SKILLS/KNOWLEDGE/EXPERIENCE,0,0,0,0,17,2,11,995,ASHLAND AVE,41.946225,-87.578521,11/23/2020 07:23:00 PM,2020
CR00016410,02/19/2017 05:39:00 AM,40,RAIN,DAYLIGHT,TURNING,DIVIDED - W/MEDIAN (NOT RAISED),NO CONTROLS,UNABLE TO DETERMINE,NOT APPLICABLE,0,0,0,0,5,1,2,746,ASHLAND AVE,41.731173,-87.544744,02/19/2017 06:05:00 AM,2017
CR00016411,02/01/2015 06:41:00 PM,45,CLEAR,DARKNESS - LIGHTED ROAD,FIXED OBJECT,NOT DIVIDED,STOP SIGN/FLASHER,FAILING TO REDUCE SPEED,DRIVING SKILLS/KNOWLEDGE/EXPERIENCE,0,0,0,0,18,1,2,644,KEDZIE AVE,41.767745,-87.701011,02/01/2015 08:36:00 PM,2015
CR00016412,03/19/2018 07:21:00 AM,20,FOG/SMOKE/HAZE,DARKNESS,SIDESWIPE SAME DIRECTION,DIVIDED - W/MEDIAN BARRIER,NO CONTROLS,DRIVING SKILLS/KNOWLEDGE/EXPERIENCE,IMPROPER OVERTAKING/PASSING,0,0,1,1,7,2,3,1359,ELSTON AVE,41.90351,-87.638826,03/19/2018 09:07:00 AM,2018
CR00016413,01/31/2019 04:22:00 PM,25,CLEAR,DAYLIGHT,TURNING,NOT DIVIDED,STOP SIGN/FLASHER,UNABLE TO DETERMINE,FAILING TO REDUCE SPEED,0,0,0,0,16,5,1,639,FULLERTON AVE,41.798442,-87.806871,01/31/2019 04:26:00 PM,2019
CR00016414,03/31/2019 06:30:00 AM,20,CLEAR,DAYLIGHT,TURNING,T-INTERSECTION,TRAFFIC SIGNAL,UNABLE TO DETERMINE,DRIVING SKILLS/KNOWLEDGE/EXPERIENCE,0,0,0,0,6,1,3,2125,LAKE SHORE DR,41.710701,-87.848311,03/31/2019 07:50:00 AM,2019
CR00016415,10/20/2015 04:49:00 AM,25,FOG/SMOKE/HAZE,DARKNESS - LIGHTED ROAD,SIDESWIPE SAME DIRECTION,NOT DIVIDED,TRAFFIC SIGNAL,UNABLE TO DETERMINE,FOLLOWING TOO CLOSELY,0,0,0,0,4,3,10,1177,FULLERTON AVE,41.955453,-87.699827,10/20/2015 06:23:00 AM,2015
CR00016416,12/13/2015 04:48:00 PM,15,CLEAR,DAYLIGHT,PARKED MOTOR VEHICLE,FOUR WAY,STOP SIGN/FLASHER,FOLLOWING TOO CLOSELY,DRIVING SKILLS/KNOWLEDGE/EXPERIENCE,0,0,0,0,16,1,12,1043,CLARK ST,41.830059,-87.731005,12/13/2015 04:56:00 PM,2015
CR00016417,09/30/2024 07:30:00 PM,45,CLEAR,DAYLIGHT,ANGLE,ONE-WAY,STOP SIGN/FLASHER,FAILING TO YIELD RIGHT-OF-WAY,FAILING TO YIELD RIGHT-OF-WAY,0,0,0,0,19,2,9,2083,HALSTED ST,41.877042,-87.584379,09/30/2024 08:22:00 PM,2024
CR00016418,01/31/2017 12:16:00 PM,35,CLEAR,DARKNESS - LIGHTED ROAD,PARKED MOTOR VEHICLE,ONE-WAY,TRAFFIC SIGNAL,FAILING TO YIELD RIGHT-OF-WAY,FAILING TO YIELD RIGHT-OF-WAY,0,0,0,0,12,3,1,544,ASHLAND AVE,41.87326,-87.510428,01/31/2017 12:19:00 PM,2017
CR00016419,11/14/2019 10:30:00 AM,30,CLOUDY/OVERCAST,DARKNESS,REAR END,DIVIDED - W/MEDIAN (NOT RAISED),NO CONTROLS,UNABLE TO DETERMINE,NOT APPLICABLE,0,0,0,0,10,5,11,2360,STONY ISLAND AVE,41.946778,-87.553878,11/14/2019 10:36:00 AM,2019
CR00016420,10/08/2016 07:39:00 AM,40,CLOUDY/OVERCAST,DARKNESS - LIGHTED ROAD,ANGLE,ONE-WAY,NO CONTROLS,IMPROPER OVERTAKING/PASSING,NOT APPLICABLE,0,0,0,0,7,7,10,1780,DAMEN AVE,41.947678,-87.80714,10/08/2016 09:02:00 AM,2016
CR00016421,05/26/2023 04:57:00 PM,25,CLEAR,DAYLIGHT,SIDESWIPE SAME DIRECTION,NOT DIVIDED,NO CONTROLS,UNABLE TO DETERMINE,NOT APPLICABLE,0,0,0,0,16,6,5,2006,ASHLAND AVE,41.911024,-87.837844,05/26/2023 06:00:00 PM,2023
CR00016422,02/15/2017 09:17:00 AM,15,FOG/SMOKE/HAZE,DARKNESS,REAR END,NOT DIVIDED,NO CONTROLS,FAILING TO YIELD RIGHT-OF-WAY,UNABLE TO DETERMINE,0,0,0,0,9,4,2,140,PULASKI RD,41.71453,-87.796363,02/15/2017 10:24:00 AM,2017
CR00016423,10/22/2018 03:53:00 PM,40,RAIN,DARKNESS - LIGHTED ROAD,REAR END,T-INTERSECTION,NO CONTROLS,UNABLE TO DETERMINE,DISTRACTION - FROM INSIDE VEHICLE,0,0,0,0,15,2,10,1957,BROADWAY,41.734599,-87.575072,10/22/2018 04:48:00 PM,2018
CR00016424,09/10/2023 06:34:00 AM,15,CLEAR,DAYLIGHT,REAR END,DIVIDED - W/MEDIAN BARRIER,NO CONTROLS,UNABLE TO DETERMINE,IMPROPER OVERTAKING/PASSING,0,0,2,2,6,1,9,1333,CLARK ST,41.707849,-87.542487,09/10/2023 06:40:00 AM,2023
CR00016425,04/28/2023 11:38:00 AM,20,CLEAR,DAYLIGHT,TURNING,DIVIDED - W/MEDIAN (NOT RAISED),TRAFFIC SIGNAL,FOLLOWING TOO CLOSELY,UNABLE TO DETERMINE,0,0,0,0,11,6,4,819,DIVISION ST,41.791858,-87.84087,04/28/2023 12:35:00 PM,2023
CR00016426,03/10/2017 05:31:00 AM,30,CLOUDY/OVERCAST,DAYLIGHT,ANGLE,DIVIDED - W/MEDIAN (NOT RAISED),STOP SIGN/FLASHER,FAILING TO YIELD RIGHT-OF-WAY,UNABLE TO DETERMINE,0,0,3,3,5,6,3,1296,CLARK ST,41.951969,-87.673374,03/10/2017 06:49:00 AM,2017
CR00016427,07/29/2017 08:55:00 PM,25,CLEAR,DUSK,REAR END,DIVIDED - W/MEDIAN (NOT RAISED),NO CONTROLS,DISTRACTION - FROM INSIDE VEHICLE,IMPROPER OVERTAKING/PASSING,0,0,0,0,20,7,7,150,WESTERN AVE,41.945906,-87.515441,07/29/2017 10:20:00 PM,2017
CR00016428,07/09/2019 01:14:00 PM,40,CLEAR,DAYLIGHT,PEDESTRIAN,NOT DIVIDED,NO CONTROLS,UNABLE TO DETERMINE,DRIVING SKILLS/KNOWLEDGE/EXPERIENCE,0,0,0,0,13,3,7,837,CLARK ST,41.882109,-87.525277,07/09/2019 01:54:00 PM,2019
CR00016429,11/13/2018 11:26:00 AM,15,RAIN,DAYLIGHT,REAR END,NOT DIVIDED,TRAFFIC SIGNAL,IMPROPER OVERTAKING/PASSING,UNABLE TO DETERMINE,0,0,0,0,11,3,11,1265,OGDEN AVE,41.994133,-87.796921,11/13/2018 01:23:00 PM,2018
CR00016430,05/08/2018 02:51:00 AM,15,CLEAR,DAYLIGHT,TURNING,NOT DIVIDED,NO CONTROLS,IMPROPER OVERTAKING/PASSING,NOT APPLICABLE,0,2,1,3,2,3,5,860,WESTERN AVE,41.924362,-87.63202,05/08/2018 04:00:00 AM,2018
CR00016431,08/02/2023 03:55:00 PM,30,CLEAR,DAYLIGHT,REAR END,DIVIDED - W/MEDIAN (NOT RAISED),STOP SIGN/FLASHER,UNABLE TO DETERMINE,FOLLOWING TOO CLOSELY,0,0,0,0,15,4,8,1324,ELSTON AVE,41.947873,-87.787316,08/02/2023 05:02:00 PM,2023
CR00016432,12/14/2015 12:45:00 AM,45,CLEAR,DAYLIGHT,FIXED OBJECT,ONE-WAY,STOP SIGN/FLASHER,FAILING TO YIELD RIGHT-OF-WAY,UNABLE TO DETERMINE,0,0,1,1,0,2,12,1810,STONY ISLAND AVE,41.984087,-87.528499,12/14/2015 01:49:00 AM,2015
CR00016433,08/15/2022 01:38:00 AM,25,CLEAR,DARKNESS - LIGHTED ROAD,ANGLE,NOT DIVIDED,STOP SIGN/FLASHER,DISTRACTION - FROM INSIDE VEHICLE,NOT APPLICABLE,0,0,1,1,1,2,8,1024,CALIFORNIA AVE,41.85905,-87.806125,08/15/2022 02:03:00 AM,2022
CR00016434,11/22/2024 02:29:00 AM,15,CLOUDY/OVERCAST,DAYLIGHT,ANGLE,DIVIDED - W/MEDIAN (NOT RAISED),NO CONTROLS,DRIVING SKILLS/KNOWLEDGE/EXPERIENCE,UNABLE TO DETERMINE,0,1,2,3,2,6,11,1406,ARCHER AVE,41.82375,-87.517633,11/22/2024 03:45:00 AM,2024
CR00016435,05/09/2020 04:33:00 PM,45,CLEAR,DARKNESS - LIGHTED ROAD,SIDESWIPE SAME DIRECTION,NOT DIVIDED,STOP SIGN/FLASHER,IMPROPER LANE USAGE,FAILING TO YIELD RIGHT-OF-WAY,0,0,0,0,16,7,5,2052,79TH ST,41.902475,-87.747883,05/09/2020 05:52:00 PM,2020
CR00016436,02/16/2021 04:31:00 PM,40,CLEAR,DARKNESS - LIGHTED ROAD,SIDESWIPE SAME DIRECTION,ONE-WAY,STOP SIGN/FLASHER,FOLLOWING TOO CLOSELY,FOLLOWING TOO CLOSELY,0,0,0,0,16,3,2,1369,DIVISION ST,41.728433,-87.702036,02/16/2021 05:58:00 PM,2021
CR00016437,04/21/2015 05:15:00 AM,30,CLEAR,DARKNESS,PEDESTRIAN,NOT DIVIDED,NO CONTROLS,FAILING TO YIELD RIGHT-OF-WAY,UNABLE TO DETERMINE,0,0,0,0,5,3,4,1864,OGDEN AVE,41.937049,-87.652889,04/21/2015 05:25:00 AM,2015
CR00016438,11/23/2016 10:50:00 AM,35,CLEAR,DAYLIGHT,REAR END,ONE-WAY,NO CONTROLS,UNABLE TO DETERMINE,UNABLE TO DETERMINE,0,0,0,0,10,4,11,874,ELSTON AVE,41.708825,-87.527049,11/23/2016 12:19:00 PM,2016
CR00016439,04/16/2024 09:36:00 PM,30,CLEAR,DAYLIGHT,TURNING,DIVIDED - W/MEDIAN (NOT RAISED),NO CONTROLS,UNABLE TO DETERMINE,UNABLE TO DETERMINE,0,0,0,0,21,3,4,1720,DIVISION ST,41.923611,-87.59849,04/16/2024 11:23:00 PM,2024
CR00016440,10/06/2024 07:09:00 AM,35,CLEAR,DUSK,SIDESWIPE SAME DIRECTION,NOT DIVIDED,NO CONTROLS,IMPROPER LANE USAGE,DISREGARDING TRAFFIC SIGNALS,0,0,0,0,7,1,10,218,IRVING PARK RD,41.822522,-87.521605,10/06/2024 07:28:00 AM,2024
CR00016441,04/19/2024 01:55:00 PM,35,SNOW,DAYLIGHT,SIDESWIPE SAME DIRECTION,NOT DIVIDED,TRAFFIC SIGNAL,UNABLE TO DETERMINE,IMPROPER LANE USAGE,0,0,0,0,13,6,4,1057,BROADWAY,41.805498,-87.701156,04/19/2024 02:37:00 PM,2024
CR00016442,04/20/2016 12:50:00 AM,40,RAIN,DARKNESS - LIGHTED ROAD,ANGLE,FOUR WAY,NO CONTROLS,UNABLE TO DETERMINE,FAILING TO YIELD RIGHT-OF-WAY,0,0,0,0,0,4,4,1435,LAKE SHORE DR,41.80686,-87.559063,04/20/2016 02:25:00 AM,2016
CR00016443,06/02/2024 07:43:00 PM,25,CLEAR,DAYLIGHT,REAR END,FOUR WAY,TRAFFIC SIGNAL,IMPROPER LANE USAGE,IMPROPER OVERTAKING/PASSING,0,0,1,1,19,1,6,2067,MICHIGAN AVE,41.705238,-87.690702,06/02/2024 08:18:00 PM,2024
CR00016444,11/27/2015 03:55:00 AM,25,CLEAR,DUSK,REAR END,DIVIDED - W/MEDIAN (NOT RAISED),NO CONTROLS,UNABLE TO DETERMINE,UNABLE TO DETERMINE,0,0,0,0,3,6,11,537,MILWAUKEE AVE,41.714371,-87.752115,11/27/2015 04:36:00 AM,2015
CR00016445,10/09/2020 07:51:00 AM,30,CLEAR,DAYLIGHT,ANGLE,NOT DIVIDED,NO CONTROLS,FAILING TO YIELD RIGHT-OF-WAY,UNABLE TO DETERMINE,0,0,0,0,7,6,10,1815,PULASKI RD,41.89298,-87.596829,10/09/2020 08:19:00 AM,2020
CR00016446,09/22/2018 07:11:00 AM,30,CLEAR,DARKNESS - LIGHTED ROAD,PEDESTRIAN,DIVIDED - W/MEDIAN (NOT RAISED),YIELD,FAILING TO YIELD RIGHT-OF-WAY,WEATHER,0,0,0,0,7,7,9,541,PULASKI RD,41.709327,-87.719551,09/22/2018 08:06:00 AM,2018
CR00016447,04/22/2022 05:12:00 PM,45,CLOUDY/OVERCAST,DAYLIGHT,REAR TO FRONT,DIVIDED - W/MEDIAN (NOT RAISED),NO CONTROLS,FAILING TO YIELD RIGHT-OF-WAY,NOT APPLICABLE,0,0,0,0,17,6,4,1132,ELSTON AVE,41.825878,-87.691678,04/22/2022 06:35:00 PM,2022
CR00016448,02/11/2018 05:24:00 PM,40,CLEAR,DARKNESS - LIGHTED ROAD,PARKED MOTOR VEHICLE,NOT DIVIDED,STOP SIGN/FLASHER,DISREGARDING TRAFFIC SIGNALS,IMPROPER LANE USAGE,0,1,3,4,17,1,2,285,CLARK ST,41.939424,-87.683854,02/11/2018 06:45:00 PM,2018
CR00016449,04/25/2022 10:45:00 AM,30,CLEAR,DARKNESS - LIGHTED ROAD,PARKED MOTOR VEHICLE,DIVIDED - W/MEDIAN (NOT RAISED),NO CONTROLS,UNABLE TO DETERMINE,UNABLE TO DETERMINE,0,0,0,0,10,2,4,2389,ARCHER AVE,41.833759,-87.512662,04/25/2022 11:45:00 AM,2022
CR00016450,02/15/2023 02:12:00 PM,35,CLEAR,DUSK,PEDESTRIAN,ONE-WAY,NO CONTROLS,FOLLOWING TOO CLOSELY,DISTRACTION - FROM INSIDE VEHICLE,0,0,3,3,14,4,2,2226,PULASKI RD,41.932091,-87.506312,02/15/2023 02:20:00 PM,2023
CR00016451,02/20/2018 07:29:00 PM,45,RAIN,DARKNESS - LIGHTED ROAD,REAR END,NOT DIVIDED,YIELD,IMPROPER LANE USAGE,NOT APPLICABLE,0,0,0,0,19,3,2,2106,KEDZIE AVE,41.740503,-87.763325,02/20/2018 07:50:00 PM,2018
CR00016452,09/18/2022 08:59:00 AM,25,CLEAR,DARKNESS - LIGHTED ROAD,TURNING,FOUR WAY,STOP SIGN/FLASHER,DRIVING SKILLS/KNOWLEDGE/EXPERIENCE,UNABLE TO DETERMINE,0,0,0,0,8,1,9,2211,FULLERTON AVE,41.919351,-87.574124,09/18/2022 09:34:00 AM,2022
CR00016453,02/27/2019 04:17:00 PM,30,CLEAR,DUSK,SIDESWIPE SAME DIRECTION,ONE-WAY,UNKNOWN,UNABLE TO DETERMINE,UNABLE TO DETERMINE,0,0,1,1,16,4,2,2506,CLARK ST,41.789902,-87.576527,02/27/2019 05:53:00 PM,2019
CR00016454,10/04/2016 05:42:00 PM,20,CLEAR,DAYLIGHT,SIDESWIPE SAME DIRECTION,NOT DIVIDED,NO CONTROLS,FAILING TO YIELD RIGHT-OF-WAY,IMPROPER LANE USAGE,0,0,0,0,17,3,10,944,LAKE SHORE DR,41.872804,-87.574221,10/04/2016 06:20:00 PM,2016
CR00016455,07/10/2017 08:02:00 AM,40,CLEAR,DAYLIGHT,REAR TO FRONT,NOT DIVIDED,UNKNOWN,FAILING TO YIELD RIGHT-OF-WAY,NOT APPLICABLE,0,0,0,0,8,2,7,1603,PULASKI RD,41.893372,-87.566269,07/10/2017 08:51:00 AM,2017
CR00016456,10/22/2019 11:13:00 AM,15,CLEAR,DAYLIGHT,SIDESWIPE SAME DIRECTION,NOT DIVIDED,NO CONTROLS,IMPROPER LANE USAGE,FAILING TO YIELD RIGHT-OF-WAY,0,1,1,2,11,3,10,1835,LAKE SHORE DR,41.893787,-87.715318,10/22/2019 11:18:00 AM,2019
CR00016457,03/09/2021 06:43:00 PM,20,CLEAR,DAYLIGHT,REAR END,NOT DIVIDED,NO CONTROLS,IMPROPER OVERTAKING/PASSING,UNABLE TO DETERMINE,0,0,0,0,18,3,3,1036,BROADWAY,41.866979,-87.502653,03/09/2021 08:34:00 PM,2021
CR00016458,12/17/2022 05:05:00 PM,35,SNOW,DAYLIGHT,REAR TO FRONT,DIVIDED - W/MEDIAN (NOT RAISED),TRAFFIC SIGNAL,IMPROPER OVERTAKING/PASSING,FAILING TO YIELD RIGHT-OF-WAY,0,0,1,1,17,7,12,2055,LAKE SHORE DR,41.780964,-87.627908,12/17/2022 05:57:00 PM,2022
CR00016459,11/11/2019 04:50:00 PM,40,CLEAR,DAYLIGHT,ANGLE,DIVIDED - W/MEDIAN (NOT RAISED),STOP SIGN/FLASHER,FOLLOWING TOO CLOSELY,DISTRACTION - FROM INSIDE VEHICLE,0,0,0,0,16,2,11,553,STATE ST,41.745831,-87.500941,11/11/2019 05:08:00 PM,2019
CR00016460,04/25/2020 07:10:00 AM,25,CLEAR,DAYLIGHT,SIDESWIPE SAME DIRECTION,DIVIDED - W/MEDIAN BARRIER,STOP SIGN/FLASHER,FAILING TO YIELD RIGHT-OF-WAY,DISREGARDING TRAFFIC SIGNALS,0,0,0,0,7,7,4,830,KEDZIE AVE,41.906082,-87.73279,04/25/2020 08:47:00 AM,2020
CR00016461,12/06/2021 06:23:00 PM,35,CLEAR,DAYLIGHT,SIDESWIPE SAME DIRECTION,ONE-WAY,TRAFFIC SIGNAL,FAILING TO REDUCE SPEED,UNABLE TO DETERMINE,0,0,1,1,18,2,12,2244,IRVING PARK RD,41.768056,-87.508869,12/06/2021 08:08:00 PM,2021