CRASH_RECORD_ID,CRASH_DATE,POSTED_SPEED_LIMIT,WEATHER_CONDITION,LIGHTING_CONDITION,FIRST_CRASH_TYPE,TRAFFICWAY_TYPE,TRAFFIC_CONTROL_DEVICE,PRIM_CONTRIBUTORY_CAUSE,SEC_CONTRIBUTORY_CAUSE,INJURIES_FATAL,INJURIES_INCAPACITATING,INJURIES_NON_INCAPACITATING,INJURIES_TOTAL,CRASH_HOUR,CRASH_DAY_OF_WEEK,CRASH_MONTH,BEAT_OF_OCCURRENCE,STREET_NAME,LATITUDE,LONGITUDE,DATE_POLICE_NOTIFIED,year
CR00016462,12/19/2024 03:18:00 AM,30,CLEAR,DAYLIGHT,SIDESWIPE SAME DIRECTION,NOT DIVIDED,TRAFFIC SIGNAL,DRIVING SKILLS/KNOWLEDGE/EXPERIENCE,FAILING TO YIELD RIGHT-OF-WAY,0,0,2,2,3,5,12,1561,CLARK ST,41.857901,-87.566379,12/19/2024 04:01:00 AM,2024
CR00016463,09/20/2024 03:05:00 AM,30,CLOUDY/OVERCAST,DARKNESS - LIGHTED ROAD,PARKED MOTOR VEHICLE,FOUR WAY,TRAFFIC SIGNAL,UNABLE TO DETERMINE,DRIVING SKILLS/KNOWLEDGE/EXPERIENCE,0,0,0,0,3,6,9,477,CALIFORNIA AVE,41.951193,-87.808745,09/20/2024 03:50:00 AM,2024
CR00016464,10/16/2016 06:32:00 PM,25,CLOUDY/OVERCAST,DAYLIGHT,REAR END,NOT DIVIDED,PEDESTRIAN CROSSING SIGN,IMPROPER LANE USAGE,IMPROPER LANE USAGE,0,0,0,0,18,1,10,2400,STATE ST,41.998179,-87.606193,10/16/2016 07:01:00 PM,2016
CR00016465,04/05/2016 09:32:00 AM,45,CLEAR,DARKNESS - LIGHTED ROAD,SIDESWIPE SAME DIRECTION,NOT DIVIDED,NO CONTROLS,DISTRACTION - FROM INSIDE VEHICLE,UNABLE TO DETERMINE,0,1,1,2,9,3,4,1193,STATE ST,41.845141,-87.83083,04/05/2016 09:49:00 AM,2016
CR00016466,08/01/2016 12:25:00 PM,30,CLEAR,DAYLIGHT,REAR END,NOT DIVIDED,STOP SIGN/FLASHER,FOLLOWING TOO CLOSELY,UNABLE TO DETERMINE,0,1,2,3,12,2,8,1750,IRVING PARK RD,41.778175,-87.68387,08/01/2016 02:04:00 PM,2016
CR00016467,09/25/2023 10:50:00 AM,30,RAIN,DAYLIGHT,REAR END,DIVIDED - W/MEDIAN (NOT RAISED),TRAFFIC SIGNAL,UNABLE TO DETERMINE,WEATHER,0,0,0,0,10,2,9,957,ARCHER AVE,41.951762,-87.50949,09/25/2023 12:05:00 PM,2023
CR00016468,07/21/2020 07:01:00 AM,35,SNOW,DAYLIGHT,TURNING,DIVIDED - W/MEDIAN BARRIER,TRAFFIC SIGNAL,FAILING TO YIELD RIGHT-OF-WAY,DISREGARDING TRAFFIC SIGNALS,0,0,0,0,7,3,7,1100,MILWAUKEE AVE,41.952615,-87.699236,07/21/2020 07:53:00 AM,2020
CR00016469,02/07/2016 08:40:00 AM,35,RAIN,DARKNESS - LIGHTED ROAD,ANGLE,NOT DIVIDED,TRAFFIC SIGNAL,IMPROPER OVERTAKING/PASSING,IMPROPER LANE USAGE,0,0,0,0,8,1,2,2359,CICERO AVE,41.860925,-87.564009,02/07/2016 10:22:00 AM,2016
CR00016470,11/14/2019 07:30:00 PM,20,CLEAR,DAYLIGHT,REAR END,NOT DIVIDED,TRAFFIC SIGNAL,UNABLE TO DETERMINE,UNABLE TO DETERMINE,0,0,0,0,19,5,11,2324,OGDEN AVE,41.99488,-87.824992,11/14/2019 08:22:00 PM,2019
CR00016471,09/23/2017 03:59:00 AM,30,CLEAR,DARKNESS - LIGHTED ROAD,ANGLE,ONE-WAY,TRAFFIC SIGNAL,DISTRACTION - FROM INSIDE VEHICLE,UNABLE TO DETERMINE,0,0,0,0,3,7,9,349,ARCHER AVE,41.848896,-87.653468,09/23/2017 04:05:00 AM,2017
CR00016472,02/09/2019 09:45:00 AM,45,CLEAR,DARKNESS - LIGHTED ROAD,FIXED OBJECT,DIVIDED - W/MEDIAN (NOT RAISED),TRAFFIC SIGNAL,DISREGARDING TRAFFIC SIGNALS,FAILING TO YIELD RIGHT-OF-WAY,0,0,1,1,9,7,2,271,ROOSEVELT RD,41.973627,-87.71626,02/09/2019 10:29:00 AM,2019
CR00016473,03/24/2019 06:08:00 AM,30,CLEAR,DARKNESS - LIGHTED ROAD,REAR END,DIVIDED - W/MEDIAN (NOT RAISED),STOP SIGN/FLASHER,DRIVING SKILLS/KNOWLEDGE/EXPERIENCE,FAILING TO YIELD RIGHT-OF-WAY,0,0,0,0,6,1,3,471,ASHLAND AVE,41.98976,-87.747566,03/24/2019 06:31:00 AM,2019
CR00016474,12/28/2016 04:27:00 PM,30,CLEAR,DARKNESS - LIGHTED ROAD,TURNING,ONE-WAY,NO CONTROLS,DISTRACTION - FROM INSIDE VEHICLE,FAILING TO REDUCE SPEED,0,0,0,0,16,4,12,1647,BROADWAY,41.825883,-87.50709,12/28/2016 05:22:00 PM,2016
CR00016475,03/27/2018 05:15:00 PM,15,RAIN,DARKNESS - LIGHTED ROAD,REAR END,DIVIDED - W/MEDIAN BARRIER,NO CONTROLS,IMPROPER OVERTAKING/PASSING,UNABLE TO DETERMINE,0,0,1,1,17,3,3,2171,MILWAUKEE AVE,41.706565,-87.780676,03/27/2018 06:21:00 PM,2018
CR00016476,04/05/2024 04:41:00 PM,30,CLEAR,DAYLIGHT,ANGLE,NOT DIVIDED,NO CONTROLS,DISTRACTION - FROM INSIDE VEHICLE,FOLLOWING TOO CLOSELY,0,0,2,2,16,6,4,440,63RD ST,41.903735,-87.507024,04/05/2024 06:15:00 PM,2024
CR00016477,10/20/2023 04:30:00 PM,30,CLEAR,DUSK,ANGLE,NOT DIVIDED,TRAFFIC SIGNAL,FAILING TO YIELD RIGHT-OF-WAY,DRIVING SKILLS/KNOWLEDGE/EXPERIENCE,0,0,2,2,16,6,10,2464,ARCHER AVE,41.824205,-87.747589,10/20/2023 05:41:00 PM,2023
CR00016478,02/22/2016 05:10:00 PM,35,CLEAR,DAYLIGHT,PARKED MOTOR VEHICLE,NOT DIVIDED,TRAFFIC SIGNAL,FOLLOWING TOO CLOSELY,UNABLE TO DETERMINE,0,0,0,0,17,2,2,2453,ROOSEVELT RD,41.974508,-87.570343,02/22/2016 06:38:00 PM,2016
CR00016479,04/18/2015 03:25:00 PM,30,RAIN,DAWN,REAR END,FOUR WAY,STOP SIGN/FLASHER,FOLLOWING TOO CLOSELY,NOT APPLICABLE,0,0,0,0,15,7,4,1061,ARCHER AVE,41.824337,-87.828933,04/18/2015 03:38:00 PM,2015
CR00016480,04/07/2024 12:46:00 AM,25,CLEAR,DAYLIGHT,SIDESWIPE SAME DIRECTION,DIVIDED - W/MEDIAN (NOT RAISED),STOP SIGN/FLASHER,FOLLOWING TOO CLOSELY,FAILING TO REDUCE SPEED,0,0,0,0,0,1,4,726,MILWAUKEE AVE,41.736715,-87.755425,04/07/2024 01:10:00 AM,2024
CR00016481,09/12/2016 07:25:00 AM,30,CLEAR,DARKNESS - LIGHTED ROAD,REAR END,FOUR WAY,TRAFFIC SIGNAL,UNABLE TO DETERMINE,FAILING TO REDUCE SPEED,0,0,2,2,7,2,9,1000,WESTERN AVE,41.82844,-87.754576,09/12/2016 08:25:00 AM,2016
CR00016482,05/21/2018 03:38:00 PM,40,CLEAR,DAYLIGHT,REAR END,NOT DIVIDED,TRAFFIC SIGNAL,WEATHER,NOT APPLICABLE,0,0,0,0,15,2,5,1990,OGDEN AVE,41.881768,-87.760187,05/21/2018 03:48:00 PM,2018
CR00016483,05/28/2017 07:33:00 PM,15,CLEAR,DARKNESS - LIGHTED ROAD,TURNING,NOT DIVIDED,NO CONTROLS,UNABLE TO DETERMINE,UNABLE TO DETERMINE,0,2,2,4,19,1,5,1602,HALSTED ST,41.901265,-87.77446,05/28/2017 08:57:00 PM,2017
CR00016484,03/27/2022 05:20:00 PM,30,CLEAR,DAYLIGHT,ANGLE,ONE-WAY,NO CONTROLS,FAILING TO YIELD RIGHT-OF-WAY,DRIVING SKILLS/KNOWLEDGE/EXPERIENCE,0,0,0,0,17,1,3,596,ROOSEVELT RD,41.868588,-87.69578,03/27/2022 07:07:00 PM,2022
CR00016485,05/24/2021 08:28:00 PM,35,CLEAR,DAYLIGHT,TURNING,NOT DIVIDED,STOP SIGN/FLASHER,DISTRACTION - FROM INSIDE VEHICLE,NOT APPLICABLE,0,0,0,0,20,2,5,2171,ROOSEVELT RD,41.966555,-87.666462,05/24/2021 08:59:00 PM,2021
CR00016486,06/28/2021 03:48:00 PM,25,RAIN,DUSK,SIDESWIPE SAME DIRECTION,NOT DIVIDED,UNKNOWN,DISTRACTION - FROM INSIDE VEHICLE,IMPROPER LANE USAGE,0,0,2,2,15,2,6,1620,CALIFORNIA AVE,41.780778,-87.624798,06/28/2021 04:14:00 PM,2021
CR00016487,02/05/2019 03:16:00 PM,40,CLEAR,DAYLIGHT,ANGLE,NOT DIVIDED,NO CONTROLS,DRIVING SKILLS/KNOWLEDGE/EXPERIENCE,DISTRACTION - FROM INSIDE VEHICLE,0,0,0,0,15,3,2,1569,CLARK ST,41.715699,-87.639592,02/05/2019 03:43:00 PM,2019
CR00016488,10/05/2020 03:49:00 PM,35,CLEAR,DAYLIGHT,PEDESTRIAN,FOUR WAY,TRAFFIC SIGNAL,UNABLE TO DETERMINE,FAILING TO YIELD RIGHT-OF-WAY,0,0,2,2,15,2,10,2487,KEDZIE AVE,41.854178,-87.505817,10/05/2020 04:21:00 PM,2020
CR00016489,02/27/2021 07:08:00 PM,45,CLEAR,DAYLIGHT,PARKED MOTOR VEHICLE,T-INTERSECTION,STOP SIGN/FLASHER,UNABLE TO DETERMINE,IMPROPER OVERTAKING/PASSING,0,0,0,0,19,7,2,1394,WESTERN AVE,41.927092,-87.648578,02/27/2021 07:44:00 PM,2021
CR00016490,11/20/2021 12:03:00 PM,30,CLEAR,DAYLIGHT,ANGLE,DIVIDED - W/MEDIAN (NOT RAISED),STOP SIGN/FLASHER,UNABLE TO DETERMINE,FOLLOWING TOO CLOSELY,0,0,0,0,12,7,11,1438,MICHIGAN AVE,41.995714,-87.713908,11/20/2021 01:03:00 PM,2021
CR00016491,02/15/2021 09:36:00 AM,25,CLEAR,DAYLIGHT,REAR END,DIVIDED - W/MEDIAN (NOT RAISED),TRAFFIC SIGNAL,UNABLE TO DETERMINE,UNABLE TO DETERMINE,0,0,0,0,9,2,2,122,79TH ST,41.802025,-87.730052,02/15/2021 09:43:00 AM,2021
CR00016492,05/19/2022 01:42:00 PM,45,CLEAR,DAYLIGHT,REAR TO FRONT,ONE-WAY,NO CONTROLS,IMPROPER OVERTAKING/PASSING,FOLLOWING TOO CLOSELY,0,0,0,0,13,5,5,2154,CLARK ST,41.80238,-87.63519,05/19/2022 01:45:00 PM,2022
CR00016493,11/13/2020 07:30:00 AM,25,CLEAR,DARKNESS - LIGHTED ROAD,SIDESWIPE SAME DIRECTION,NOT DIVIDED,NO CONTROLS,DRIVING SKILLS/KNOWLEDGE/EXPERIENCE,NOT APPLICABLE,0,0,0,0,7,6,11,729,PULASKI RD,41.927519,-87.776403,11/13/2020 08:18:00 AM,2020
CR00016494,01/04/2021 12:54:00 PM,25,CLEAR,DARKNESS,REAR END,NOT DIVIDED,STOP SIGN/FLASHER,IMPROPER OVERTAKING/PASSING,FOLLOWING TOO CLOSELY,0,0,2,2,12,2,1,2477,ASHLAND AVE,41.863746,-87.830639,01/04/2021 01:17:00 PM,2021
CR00016495,11/25/2016 04:29:00 PM,30,CLEAR,DAYLIGHT,PARKED MOTOR VEHICLE,NOT DIVIDED,TRAFFIC SIGNAL,IMPROPER OVERTAKING/PASSING,UNABLE TO DETERMINE,0,0,0,0,16,6,11,873,63RD ST,41.776612,-87.573827,11/25/2016 04:54:00 PM,2016
CR00016496,04/13/2022 03:09:00 PM,40,FREEZING RAIN/DRIZZLE,DARKNESS,TURNING,ONE-WAY,PEDESTRIAN CROSSING SIGN,FOLLOWING TOO CLOSELY,NOT APPLICABLE,0,0,0,0,15,4,4,111,47TH ST,41.992168,-87.611777,04/13/2022 05:00:00 PM,2022
CR00016497,05/29/2021 08:34:00 AM,45,CLEAR,DAYLIGHT,PEDESTRIAN,NOT DIVIDED,TRAFFIC SIGNAL,DISTRACTION - FROM INSIDE VEHICLE,UNABLE TO DETERMINE,0,0,2,2,8,7,5,1364,47TH ST,41.833536,-87.590682,05/29/2021 10:17:00 AM,2021
CR00016498,11/26/2021 07:05:00 AM,20,CLEAR,DAYLIGHT,PARKED MOTOR VEHICLE,FOUR WAY,YIELD,FAILING TO YIELD RIGHT-OF-WAY,DRIVING SKILLS/KNOWLEDGE/EXPERIENCE,0,0,0,0,7,6,11,716,47TH ST,41.886534,-87.545963,11/26/2021 09:00:00 AM,2021
CR00016499,04/13/2022 08:33:00 PM,15,CLEAR,DAYLIGHT,SIDESWIPE SAME DIRECTION,NOT DIVIDED,NO CONTROLS,FAILING TO YIELD RIGHT-OF-WAY,FOLLOWING TOO CLOSELY,0,0,0,0,20,4,4,983,HALSTED ST,41.804373,-87.790111,04/13/2022 08:48:00 PM,2022
CR00016500,03/31/2021 01:21:00 AM,15,RAIN,DARKNESS - LIGHTED ROAD,PARKED MOTOR VEHICLE,NOT DIVIDED,NO CONTROLS,UNABLE TO DETERMINE,DISTRACTION - FROM INSIDE VEHICLE,0,0,0,0,1,4,3,2392,BROADWAY,41.921706,-87.764336,03/31/2021 01:31:00 AM,2021
CR00016501,12/04/2019 04:08:00 AM,20,CLEAR,DAYLIGHT,REAR TO FRONT,DIVIDED - W/MEDIAN (NOT RAISED),NO CONTROLS,DISREGARDING TRAFFIC SIGNALS,NOT APPLICABLE,0,0,0,0,4,4,12,1419,ROOSEVELT RD,41.893124,-87.502267,12/04/2019 05:05:00 AM,2019
CR00016502,06/23/2015 08:44:00 AM,20,SNOW,DAYLIGHT,ANGLE,DIVIDED - W/MEDIAN (NOT RAISED),STOP SIGN/FLASHER,UNABLE TO DETERMINE,NOT APPLICABLE,0,0,2,2,8,3,6,604,FULLERTON AVE,41.84496,-87.600648,06/23/2015 09:10:00 AM,2015
CR00016503,02/21/2018 07:44:00 AM,45,CLEAR,DARKNESS - LIGHTED ROAD,REAR TO FRONT,NOT DIVIDED,TRAFFIC SIGNAL,FAILING TO YIELD RIGHT-OF-WAY,FAILING TO YIELD RIGHT-OF-WAY,0,0,0,0,7,4,2,1009,LAKE SHORE DR,41.902981,-87.579438,02/21/2018 09:05:00 AM,2018
CR00016504,08/10/2021 07:13:00 PM,35,CLEAR,DAYLIGHT,TURNING,ONE-WAY,NO CONTROLS,IMPROPER OVERTAKING/PASSING,DISTRACTION - FROM INSIDE VEHICLE,0,0,0,0,19,3,8,229,CLARK ST,41.830513,-87.541114,08/10/2021 09:01:00 PM,2021
CR00016505,04/10/2021 07:55:00 PM,30,CLEAR,DAYLIGHT,ANGLE,DIVIDED - W/MEDIAN (NOT RAISED),NO CONTROLS,IMPROPER OVERTAKING/PASSING,DISTRACTION - FROM INSIDE VEHICLE,0,0,0,0,19,7,4,370,MICHIGAN AVE,41.979915,-87.800785,04/10/2021 09:21:00 PM,2021
CR00016506,05/08/2021 03:00:00 PM,30,CLEAR,DAYLIGHT,REAR END,ONE-WAY,NO CONTROLS,FAILING TO YIELD RIGHT-OF-WAY,FOLLOWING TOO CLOSELY,0,0,0,0,15,7,5,1258,ELSTON AVE,41.709382,-87.543268,05/08/2021 03:22:00 PM,2021
CR00016507,11/29/2022 03:02:00 PM,35,CLEAR,DARKNESS - LIGHTED ROAD,TURNING,NOT DIVIDED,STOP SIGN/FLASHER,IMPROPER OVERTAKING/PASSING,UNABLE TO DETERMINE,0,0,0,0,15,3,11,100,ARCHER AVE,41.751661,-87.749436,11/29/2022 04:11:00 PM,2022
CR00016508,01/13/2023 09:53:00 AM,30,CLEAR,DAYLIGHT,PARKED MOTOR VEHICLE,DIVIDED - W/MEDIAN (NOT RAISED),TRAFFIC SIGNAL,DRIVING SKILLS/KNOWLEDGE/EXPERIENCE,WEATHER,0,0,0,0,9,6,1,1178,MICHIGAN AVE,41.72632,-87.766208,01/13/2023 10:11:00 AM,2023
CR00016509,04/13/2020 09:08:00 AM,20,CLEAR,DUSK,FIXED OBJECT,NOT DIVIDED,STOP SIGN/FLASHER,FOLLOWING TOO CLOSELY,DISREGARDING TRAFFIC SIGNALS,0,0,0,0,9,2,4,1605,CALIFORNIA AVE,41.719256,-87.748435,04/13/2020 10:36:00 AM,2020
CR00016510,06/29/2020 10:03:00 AM,45,SNOW,DAYLIGHT,REAR END,NOT DIVIDED,TRAFFIC SIGNAL,IMPROPER LANE USAGE,NOT APPLICABLE,0,0,0,0,10,2,6,551,79TH ST,41.951695,-87.808622,06/29/2020 10:20:00 AM,2020
CR00016511,05/29/2024 11:16:00 AM,20,CLEAR,DARKNESS - LIGHTED ROAD,REAR END,DIVIDED - W/MEDIAN BARRIER,STOP SIGN/FLASHER,DRIVING SKILLS/KNOWLEDGE/EXPERIENCE,IMPROPER OVERTAKING/PASSING,0,0,0,0,11,4,5,1422,HALSTED ST,41.92812,-87.818131,05/29/2024 01:08:00 PM,2024
CR00016512,02/09/2019 08:38:00 AM,30,CLEAR,DUSK,REAR END,NOT DIVIDED,NO CONTROLS,UNABLE TO DETERMINE,DISTRACTION - FROM INSIDE VEHICLE,0,0,0,0,8,7,2,302,OGDEN AVE,41.707656,-87.580736,02/09/2019 09:32:00 AM,2019
CR00016513,09/21/2016 02:20:00 PM,30,CLEAR,DARKNESS - LIGHTED ROAD,SIDESWIPE SAME DIRECTION,NOT DIVIDED,YIELD,FAILING TO YIELD RIGHT-OF-WAY,IMPROPER OVERTAKING/PASSING,0,0,0,0,14,4,9,955,WESTERN AVE,41.730821,-87.809968,09/21/2016 03:38:00 PM,2016
CR00016514,08/09/2016 09:44:00 AM,30,CLEAR,DAYLIGHT,ANGLE,T-INTERSECTION,TRAFFIC SIGNAL,UNABLE TO DETERMINE,FOLLOWING TOO CLOSELY,0,0,0,0,9,3,8,148,DAMEN AVE,41.946485,-87.592132,08/09/2016 11:37:00 AM,2016
CR00016515,10/26/2021 12:54:00 AM,40,RAIN,DAYLIGHT,FIXED OBJECT,DIVIDED - W/MEDIAN (NOT RAISED),PEDESTRIAN CROSSING SIGN,IMPROPER LANE USAGE,UNABLE TO DETERMINE,0,0,1,1,0,3,10,300,LAKE SHORE DR,41.914486,-87.640331,10/26/2021 01:40:00 AM,2021
CR00016516,03/19/2018 08:21:00 AM,30,CLOUDY/OVERCAST,DARKNESS - LIGHTED ROAD,TURNING,DIVIDED - W/MEDIAN (NOT RAISED),NO CONTROLS,DISREGARDING TRAFFIC SIGNALS,NOT APPLICABLE,0,0,0,0,8,2,3,1880,CICERO AVE,41.914893,-87.779982,03/19/2018 09:29:00 AM,2018
CR00016517,04/29/2019 08:55:00 AM,15,RAIN,DARKNESS,REAR END,NOT DIVIDED,NO CONTROLS,FAILING TO YIELD RIGHT-OF-WAY,FOLLOWING TOO CLOSELY,0,0,0,0,8,2,4,506,FULLERTON AVE,41.72408,-87.742337,04/29/2019 09:50:00 AM,2019
CR00016518,05/29/2020 03:15:00 PM,30,RAIN,DARKNESS - LIGHTED ROAD,REAR END,DIVIDED - W/MEDIAN BARRIER,UNKNOWN,UNABLE TO DETERMINE,UNABLE TO DETERMINE,0,0,0,0,15,6,5,2400,FULLERTON AVE,41.976263,-87.597586,05/29/2020 04:43:00 PM,2020
CR00016519,08/11/2015 11:30:00 AM,35,RAIN,DARKNESS,REAR END,ONE-WAY,NO CONTROLS,UNABLE TO DETERMINE,NOT APPLICABLE,0,0,0,0,11,3,8,353,KEDZIE AVE,41.799916,-87.539921,08/11/2015 12:35:00 PM,2015
CR00016520,05/17/2016 03:59:00 PM,15,CLEAR,DAYLIGHT,SIDESWIPE SAME DIRECTION,DIVIDED - W/MEDIAN (NOT RAISED),TRAFFIC SIGNAL,UNABLE TO DETERMINE,FAILING TO YIELD RIGHT-OF-WAY,0,0,0,0,15,3,5,2086,79TH ST,41.892003,-87.666992,05/17/2016 05:41:00 PM,2016
CR00016521,07/25/2015 06:35:00 AM,25,CLEAR,DAYLIGHT,SIDESWIPE SAME DIRECTION,NOT DIVIDED,NO CONTROLS,UNABLE TO DETERMINE,FOLLOWING TOO CLOSELY,0,0,0,0,6,7,7,1228,ROOSEVELT RD,41.714098,-87.642268,07/25/2015 07:16:00 AM,2015
CR00016522,11/13/2021 08:27:00 AM,35,CLOUDY/OVERCAST,DAYLIGHT,REAR END,DIVIDED - W/MEDIAN BARRIER,TRAFFIC SIGNAL,UNABLE TO DETERMINE,IMPROPER LANE USAGE,0,0,0,0,8,7,11,1361,LAKE SHORE DR,41.970918,-87.579122,11/13/2021 09:10:00 AM,2021
CR00016523,12/13/2024 07:24:00 AM,20,RAIN,DAYLIGHT,TURNING,DIVIDED - W/MEDIAN (NOT RAISED),NO CONTROLS,UNABLE TO DETERMINE,NOT APPLICABLE,0,0,0,0,7,6,12,1829,IRVING PARK RD,41.952873,-87.799943,12/13/2024 08:34:00 AM,2024
CR00016524,04/10/2019 10:14:00 AM,30,CLEAR,DAYLIGHT,FIXED OBJECT,DIVIDED - W/MEDIAN (NOT RAISED),NO CONTROLS,DISREGARDING TRAFFIC SIGNALS,IMPROPER LANE USAGE,0,0,0,0,10,4,4,2278,CALIFORNIA AVE,41.855811,-87.546431,04/10/2019 11:36:00 AM,2019
CR00016525,05/09/2022 04:52:00 PM,15,CLEAR,DAYLIGHT,FIXED OBJECT,FOUR WAY,TRAFFIC SIGNAL,FOLLOWING TOO CLOSELY,NOT APPLICABLE,0,0,0,0,16,2,5,397,CALIFORNIA AVE,41.926739,-87.707617,05/09/2022 05:12:00 PM,2022
CR00016526,06/17/2024 12:21:00 AM,45,CLEAR,DAWN,PARKED MOTOR VEHICLE,NOT DIVIDED,NO CONTROLS,DISTRACTION - FROM INSIDE VEHICLE,UNABLE TO DETERMINE,0,0,1,1,0,2,6,1507,LAKE SHORE DR,41.882651,-87.840907,06/17/2024 01:40:00 AM,2024
CR00016527,01/24/2022 07:57:00 AM,30,CLEAR,DAYLIGHT,ANGLE,NOT DIVIDED,NO CONTROLS,FAILING TO YIELD RIGHT-OF-WAY,DRIVING SKILLS/KNOWLEDGE/EXPERIENCE,0,0,0,0,7,2,1,1039,CALIFORNIA AVE,41.751402,-87.800614,01/24/2022 08:41:00 AM,2022
CR00016528,12/21/2017 08:36:00 AM,35,CLOUDY/OVERCAST,DARKNESS,REAR END,DIVIDED - W/MEDIAN BARRIER,TRAFFIC SIGNAL,DISTRACTION - FROM INSIDE VEHICLE,NOT APPLICABLE,0,0,0,0,8,5,12,606,IRVING PARK RD,41.802136,-87.699848,12/21/2017 10:36:00 AM,2017
CR00016529,07/09/2015 09:17:00 AM,40,CLEAR,DARKNESS,TURNING,DIVIDED - W/MEDIAN (NOT RAISED),STOP SIGN/FLASHER,UNABLE TO DETERMINE,FAILING TO REDUCE SPEED,0,0,1,1,9,5,7,2422,CICERO AVE,41.990999,-87.669078,07/09/2015 11:15:00 AM,2015
CR00016530,05/26/2022 05:35:00 PM,40,CLEAR,DARKNESS,FIXED OBJECT,NOT DIVIDED,STOP SIGN/FLASHER,DRIVING SKILLS/KNOWLEDGE/EXPERIENCE,UNABLE TO DETERMINE,0,0,0,0,17,5,5,1708,WESTERN AVE,41.767885,-87.631628,05/26/2022 05:51:00 PM,2022
CR00016531,03/13/2016 07:22:00 PM,15,SNOW,DAYLIGHT,FIXED OBJECT,NOT DIVIDED,TRAFFIC SIGNAL,FOLLOWING TOO CLOSELY,DISTRACTION - FROM INSIDE VEHICLE,0,0,0,0,19,1,3,1680,ASHLAND AVE,41.729654,-87.814134,03/13/2016 07:39:00 PM,2016
CR00016532,09/15/2019 05:42:00 PM,25,CLEAR,DARKNESS,REAR END,DIVIDED - W/MEDIAN (NOT RAISED),NO CONTROLS,UNABLE TO DETERMINE,NOT APPLICABLE,0,0,0,0,17,1,9,1255,FULLERTON AVE,41.909829,-87.8467,09/15/2019 06:05:00 PM,2019
CR00016533,10/21/2024 07:24:00 AM,15,CLEAR,DARKNESS - LIGHTED ROAD,ANGLE,DIVIDED - W/MEDIAN (NOT RAISED),STOP SIGN/FLASHER,FAILING TO YIELD RIGHT-OF-WAY,UNABLE TO DETERMINE,0,0,0,0,7,2,10,722,CICERO AVE,41.915418,-87.548446,10/21/2024 09:00:00 AM,2024
CR00016534,06/29/2019 05:37:00 PM,15,CLOUDY/OVERCAST,DAYLIGHT,SIDESWIPE SAME DIRECTION,FOUR WAY,NO CONTROLS,UNABLE TO DETERMINE,UNABLE TO DETERMINE,0,0,0,0,17,7,6,793,ARCHER AVE,41.978096,-87.680988,06/29/2019 07:32:00 PM,2019
CR00016535,06/25/2018 11:43:00 AM,20,CLEAR,DAYLIGHT,REAR END,NOT DIVIDED,TRAFFIC SIGNAL,UNABLE TO DETERMINE,FOLLOWING TOO CLOSELY,0,0,0,0,11,2,6,2143,IRVING PARK RD,41.956511,-87.525271,06/25/2018 01:21:00 PM,2018
CR00016536,06/08/2016 08:44:00 AM,35,CLEAR,DAYLIGHT,ANGLE,ONE-WAY,TRAFFIC SIGNAL,FAILING TO YIELD RIGHT-OF-WAY,UNABLE TO DETERMINE,0,0,3,3,8,4,6,1885,79TH ST,41.993509,-87.746185,06/08/2016 09:28:00 AM,2016
CR00016537,11/29/2022 06:16:00 PM,30,CLOUDY/OVERCAST,DAYLIGHT,REAR END,ONE-WAY,NO CONTROLS,UNABLE TO DETERMINE,UNABLE TO DETERMINE,0,0,3,3,18,3,11,212,PULASKI RD,41.974435,-87.760612,11/29/2022 06:22:00 PM,2022
CR00016538,03/23/2020 08:25:00 AM,35,CLEAR,DUSK,REAR END,NOT DIVIDED,NO CONTROLS,FAILING TO REDUCE SPEED,DRIVING SKILLS/KNOWLEDGE/EXPERIENCE,0,0,1,1,8,2,3,1103,DAMEN AVE,41.70335,-87.506195,03/23/2020 09:09:00 AM,2020
CR00016539,12/23/2020 09:06:00 AM,40,SNOW,DAYLIGHT,REAR END,DIVIDED - W/MEDIAN (NOT RAISED),NO CONTROLS,DISREGARDING TRAFFIC SIGNALS,NOT APPLICABLE,0,1,0,1,9,4,12,1366,LAKE SHORE DR,41.996121,-87.522211,12/23/2020 09:31:00 AM,2020
CR00016540,09/09/2019 09:14:00 PM,15,CLEAR,DAYLIGHT,PARKED MOTOR VEHICLE,DIVIDED - W/MEDIAN (NOT RAISED),NO CONTROLS,UNABLE TO DETERMINE,NOT APPLICABLE,0,0,0,0,21,2,9,385,HALSTED ST,41.716669,-87.647027,09/09/2019 10:39:00 PM,2019
CR00016541,09/02/2015 06:47:00 PM,30,CLEAR,DARKNESS - LIGHTED ROAD,TURNING,ONE-WAY,STOP SIGN/FLASHER,UNABLE TO DETERMINE,FAILING TO YIELD RIGHT-OF-WAY,0,0,0,0,18,4,9,2288,KEDZIE AVE,41.750423,-87.646195,09/02/2015 07:27:00 PM,2015
CR00016542,09/25/2021 07:14:00 PM,30,SNOW,DARKNESS - LIGHTED ROAD,ANGLE,NOT DIVIDED,TRAFFIC SIGNAL,IMPROPER OVERTAKING/PASSING,WEATHER,0,0,0,0,19,7,9,817,STATE ST,41.77484,-87.770259,09/25/2021 09:10:00 PM,2021
CR00016543,05/16/2015 01:00:00 PM,35,CLEAR,DAYLIGHT,PEDESTRIAN,NOT DIVIDED,TRAFFIC SIGNAL,FOLLOWING TOO CLOSELY,NOT APPLICABLE,0,0,0,0,13,7,5,269,47TH ST,41.970659,-87.805031,05/16/2015 02:33:00 PM,2015