CRASH_RECORD_ID,CRASH_DATE,POSTED_SPEED_LIMIT,WEATHER_CONDITION,LIGHTING_CONDITION,FIRST_CRASH_TYPE,TRAFFICWAY_TYPE,TRAFFIC_CONTROL_DEVICE,PRIM_CONTRIBUTORY_CAUSE,SEC_CONTRIBUTORY_CAUSE,INJURIES_FATAL,INJURIES_INCAPACITATING,INJURIES_NON_INCAPACITATING,INJURIES_TOTAL,CRASH_HOUR,CRASH_DAY_OF_WEEK,CRASH_MONTH,BEAT_OF_OCCURRENCE,STREET_NAME,LATITUDE,LONGITUDE,DATE_POLICE_NOTIFIED,year
CR00016544,12/10/2016 05:05:00 PM,30,RAIN,DAYLIGHT,REAR TO FRONT,FOUR WAY,NO CONTROLS,UNABLE TO DETERMINE,FOLLOWING TOO CLOSELY,0,0,0,0,17,7,12,1699,STONY ISLAND AVE,41.91405,-87.590385,12/10/2016 06:55:00 PM,2016
CR00016545,06/02/2020 01:27:00 PM,45,FOG/SMOKE/HAZE,DARKNESS - LIGHTED ROAD,PARKED MOTOR VEHICLE,FOUR WAY,NO CONTROLS,DISREGARDING TRAFFIC SIGNALS,UNABLE TO DETERMINE,0,0,0,0,13,3,6,2241,47TH ST,41.849944,-87.619913,06/02/2020 02:45:00 PM,2020
CR00016546,08/22/2017 01:24:00 PM,30,CLOUDY/OVERCAST,DARKNESS - LIGHTED ROAD,SIDESWIPE SAME DIRECTION,DIVIDED - W/MEDIAN BARRIER,STOP SIGN/FLASHER,FAILING TO YIELD RIGHT-OF-WAY,UNABLE TO DETERMINE,0,0,0,0,13,3,8,1153,WESTERN AVE,41.944412,-87.745534,08/22/2017 02:26:00 PM,2017
CR00016547,03/13/2022 08:06:00 AM,35,RAIN,DAYLIGHT,SIDESWIPE SAME DIRECTION,DIVIDED - W/MEDIAN (NOT RAISED),NO CONTROLS,FAILING TO YIELD RIGHT-OF-WAY,IMPROPER LANE USAGE,0,0,0,0,8,1,3,1696,OGDEN AVE,41.807404,-87.690189,03/13/2022 09:13:00 AM,2022
CR00016548,02/08/2021 12:46:00 PM,45,CLEAR,DAYLIGHT,SIDESWIPE SAME DIRECTION,NOT DIVIDED,NO CONTROLS,UNABLE TO DETERMINE,FOLLOWING TOO CLOSELY,0,0,0,0,12,2,2,877,ASHLAND AVE,41.918351,-87.711632,02/08/2021 12:49:00 PM,2021
CR00016549,02/24/2015 04:39:00 PM,20,CLEAR,DAYLIGHT,REAR TO FRONT,DIVIDED - W/MEDIAN (NOT RAISED),NO CONTROLS,DRIVING SKILLS/KNOWLEDGE/EXPERIENCE,UNABLE TO DETERMINE,0,0,0,0,16,3,2,1253,HALSTED ST,41.940091,-87.720272,02/24/2015 04:44:00 PM,2015
CR00016550,09/27/2019 07:15:00 AM,40,CLOUDY/OVERCAST,DARKNESS - LIGHTED ROAD,REAR END,DIVIDED - W/MEDIAN (NOT RAISED),NO CONTROLS,IMPROPER OVERTAKING/PASSING,DISTRACTION - FROM INSIDE VEHICLE,0,0,0,0,7,6,9,2368,BROADWAY,41.822512,-87.780277,09/27/2019 08:49:00 AM,2019
CR00016551,09/28/2023 02:04:00 PM,30,CLEAR,DAYLIGHT,REAR END,DIVIDED - W/MEDIAN (NOT RAISED),NO CONTROLS,UNABLE TO DETERMINE,UNABLE TO DETERMINE,0,0,0,0,14,5,9,1035,ELSTON AVE,41.816418,-87.785235,09/28/2023 04:01:00 PM,2023
CR00016552,04/19/2019 03:01:00 PM,30,CLEAR,DARKNESS - LIGHTED ROAD,REAR TO FRONT,NOT DIVIDED,NO CONTROLS,DISTRACTION - FROM INSIDE VEHICLE,NOT APPLICABLE,0,2,0,2,15,6,4,2263,KEDZIE AVE,41.869792,-87.662416,04/19/2019 03:46:00 PM,2019
CR00016553,05/27/2021 08:01:00 PM,35,CLEAR,DARKNESS - LIGHTED ROAD,REAR END,ONE-WAY,UNKNOWN,UNABLE TO DETERMINE,DISTRACTION - FROM INSIDE VEHICLE,0,0,0,0,20,5,5,1009,IRVING PARK RD,41.765887,-87.843387,05/27/2021 09:07:00 PM,2021
CR00016554,11/17/2019 10:43:00 AM,25,RAIN,DAYLIGHT,FIXED OBJECT,DIVIDED - W/MEDIAN BARRIER,TRAFFIC SIGNAL,UNABLE TO DETERMINE,UNABLE TO DETERMINE,0,0,0,0,10,1,11,2430,ARCHER AVE,41.968557,-87.763247,11/17/2019 11:25:00 AM,2019
CR00016555,04/08/2017 07:47:00 AM,15,CLEAR,DAYLIGHT,REAR END,DIVIDED - W/MEDIAN (NOT RAISED),PEDESTRIAN CROSSING SIGN,UNABLE TO DETERMINE,FAILING TO YIELD RIGHT-OF-WAY,0,0,0,0,7,7,4,303,CLARK ST,41.742828,-87.608059,04/08/2017 09:41:00 AM,2017
CR00016556,03/05/2016 12:02:00 PM,15,CLEAR,DAYLIGHT,REAR TO FRONT,ONE-WAY,NO CONTROLS,FAILING TO YIELD RIGHT-OF-WAY,NOT APPLICABLE,0,0,0,0,12,7,3,2332,MICHIGAN AVE,41.906382,-87.749335,03/05/2016 01:33:00 PM,2016
CR00016557,03/22/2016 07:53:00 PM,30,CLEAR,DAWN,REAR END,FOUR WAY,TRAFFIC SIGNAL,UNABLE TO DETERMINE,UNABLE TO DETERMINE,0,0,0,0,19,3,3,1580,CICERO AVE,41.811978,-87.579401,03/22/2016 09:31:00 PM,2016
CR00016558,07/22/2017 07:21:00 AM,15,CLEAR,DAYLIGHT,REAR END,T-INTERSECTION,TRAFFIC SIGNAL,FOLLOWING TOO CLOSELY,UNABLE TO DETERMINE,0,0,0,0,7,7,7,2370,HALSTED ST,41.931762,-87.633202,07/22/2017 09:09:00 AM,2017
CR00016559,06/16/2021 10:41:00 PM,30,RAIN,DAYLIGHT,REAR END,ONE-WAY,NO CONTROLS,UNABLE TO DETERMINE,UNABLE TO DETERMINE,0,0,0,0,22,4,6,778,CLARK ST,41.855799,-87.548786,06/17/2021 12:15:00 AM,2021
CR00016560,12/26/2021 03:48:00 PM,30,CLEAR,DARKNESS - LIGHTED ROAD,FIXED OBJECT,NOT DIVIDED,NO CONTROLS,IMPROPER LANE USAGE,IMPROPER LANE USAGE,0,0,0,0,15,1,12,1880,ROOSEVELT RD,41.810346,-87.683392,12/26/2021 04:34:00 PM,2021
CR00016561,12/11/2024 12:29:00 PM,35,CLEAR,DUSK,TURNING,NOT DIVIDED,NO CONTROLS,DISTRACTION - FROM INSIDE VEHICLE,DISREGARDING TRAFFIC SIGNALS,0,0,0,0,12,4,12,2095,LAKE SHORE DR,41.761168,-87.563967,12/11/2024 02:17:00 PM,2024
CR00016562,07/21/2020 10:55:00 PM,35,CLEAR,DARKNESS - LIGHTED ROAD,TURNING,T-INTERSECTION,TRAFFIC SIGNAL,FAILING TO YIELD RIGHT-OF-WAY,NOT APPLICABLE,0,0,0,0,22,3,7,993,MICHIGAN AVE,41.993092,-87.555486,07/22/2020 12:47:00 AM,2020
CR00016563,03/18/2022 04:55:00 PM,30,SNOW,DARKNESS - LIGHTED ROAD,FIXED OBJECT,NOT DIVIDED,NO CONTROLS,UNABLE TO DETERMINE,NOT APPLICABLE,0,0,0,0,16,6,3,1221,DIVISION ST,41.817648,-87.605976,03/18/2022 06:34:00 PM,2022
CR00016564,10/27/2022 04:17:00 PM,40,CLEAR,DARKNESS,SIDESWIPE SAME DIRECTION,NOT DIVIDED,NO CONTROLS,DISTRACTION - FROM INSIDE VEHICLE,DISTRACTION - FROM INSIDE VEHICLE,0,0,0,0,16,5,10,680,IRVING PARK RD,41.860165,-87.758564,10/27/2022 06:14:00 PM,2022
CR00016565,08/13/2023 08:15:00 AM,15,SNOW,DAYLIGHT,SIDESWIPE SAME DIRECTION,T-INTERSECTION,NO CONTROLS,FOLLOWING TOO CLOSELY,UNABLE TO DETERMINE,0,0,0,0,8,1,8,1306,47TH ST,41.765965,-87.759007,08/13/2023 08:28:00 AM,2023
CR00016566,07/11/2015 06:51:00 PM,40,CLEAR,DAYLIGHT,FIXED OBJECT,DIVIDED - W/MEDIAN (NOT RAISED),TRAFFIC SIGNAL,UNABLE TO DETERMINE,FAILING TO YIELD RIGHT-OF-WAY,0,0,1,1,18,7,7,2192,WESTERN AVE,41.898434,-87.812986,07/11/2015 07:56:00 PM,2015
CR00016567,02/25/2015 08:01:00 AM,30,FREEZING RAIN/DRIZZLE,DAYLIGHT,PARKED MOTOR VEHICLE,ONE-WAY,NO CONTROLS,FAILING TO REDUCE SPEED,FOLLOWING TOO CLOSELY,0,0,2,2,8,4,2,1815,ARCHER AVE,41.882168,-87.810434,02/25/2015 09:05:00 AM,2015
CR00016568,11/12/2022 10:07:00 PM,35,RAIN,DARKNESS,REAR TO FRONT,ONE-WAY,TRAFFIC SIGNAL,DISTRACTION - FROM INSIDE VEHICLE,UNABLE TO DETERMINE,0,0,0,0,22,7,11,1028,ELSTON AVE,41.946719,-87.805946,11/12/2022 10:55:00 PM,2022
CR00016569,01/10/2015 10:59:00 PM,40,CLEAR,DARKNESS - LIGHTED ROAD,ANGLE,NOT DIVIDED,NO CONTROLS,IMPROPER LANE USAGE,IMPROPER LANE USAGE,0,0,0,0,22,7,1,1601,MILWAUKEE AVE,41.828535,-87.594566,01/11/2015 12:23:00 AM,2015
CR00016570,12/12/2015 01:53:00 PM,30,FREEZING RAIN/DRIZZLE,DAYLIGHT,REAR TO FRONT,DIVIDED - W/MEDIAN BARRIER,TRAFFIC SIGNAL,DISREGARDING TRAFFIC SIGNALS,FAILING TO REDUCE SPEED,0,0,0,0,13,7,12,169,CICERO AVE,41.869895,-87.536815,12/12/2015 02:43:00 PM,2015
CR00016571,01/27/2020 09:23:00 AM,25,CLEAR,DAYLIGHT,TURNING,ONE-WAY,TRAFFIC SIGNAL,FAILING TO REDUCE SPEED,UNABLE TO DETERMINE,0,0,0,0,9,2,1,1828,WESTERN AVE,41.989425,-87.844085,01/27/2020 10:46:00 AM,2020
CR00016572,07/18/2024 07:27:00 AM,30,CLEAR,DAYLIGHT,REAR END,DIVIDED - W/MEDIAN BARRIER,NO CONTROLS,DISREGARDING TRAFFIC SIGNALS,FAILING TO YIELD RIGHT-OF-WAY,0,0,0,0,7,5,7,1274,CALIFORNIA AVE,41.797348,-87.751736,07/18/2024 08:56:00 AM,2024
CR00016573,01/10/2018 05:31:00 PM,30,CLEAR,DUSK,ANGLE,ONE-WAY,NO CONTROLS,UNABLE TO DETERMINE,NOT APPLICABLE,0,1,1,2,17,4,1,1404,CICERO AVE,41.722033,-87.550863,01/10/2018 07:01:00 PM,2018
CR00016574,11/21/2015 06:22:00 PM,30,RAIN,DAYLIGHT,PARKED MOTOR VEHICLE,ONE-WAY,YIELD,UNABLE TO DETERMINE,NOT APPLICABLE,0,0,1,1,18,7,11,2198,LAKE SHORE DR,41.806152,-87.804572,11/21/2015 07:43:00 PM,2015
CR00016575,03/22/2019 04:17:00 PM,45,CLEAR,DARKNESS - LIGHTED ROAD,FIXED OBJECT,FOUR WAY,UNKNOWN,UNABLE TO DETERMINE,DRIVING SKILLS/KNOWLEDGE/EXPERIENCE,0,0,0,0,16,6,3,2480,DAMEN AVE,41.771221,-87.775604,03/22/2019 06:10:00 PM,2019
CR00016576,01/22/2021 11:30:00 AM,30,CLEAR,DAYLIGHT,PEDESTRIAN,T-INTERSECTION,TRAFFIC SIGNAL,FAILING TO YIELD RIGHT-OF-WAY,FOLLOWING TOO CLOSELY,0,0,0,0,11,6,1,2000,FULLERTON AVE,41.813914,-87.583269,01/22/2021 12:40:00 PM,2021
CR00016577,01/31/2015 08:25:00 AM,35,CLEAR,DAYLIGHT,TURNING,ONE-WAY,NO CONTROLS,IMPROPER OVERTAKING/PASSING,UNABLE TO DETERMINE,0,0,0,0,8,7,1,988,DAMEN AVE,41.844959,-87.775305,01/31/2015 09:50:00 AM,2015
CR00016578,12/16/2017 02:51:00 PM,30,CLEAR,DAYLIGHT,PARKED MOTOR VEHICLE,NOT DIVIDED,TRAFFIC SIGNAL,FAILING TO REDUCE SPEED,FOLLOWING TOO CLOSELY,0,0,3,3,14,7,12,298,ARCHER AVE,41.780699,-87.802308,12/16/2017 04:43:00 PM,2017
CR00016579,11/20/2022 04:30:00 AM,30,RAIN,DARKNESS - LIGHTED ROAD,ANGLE,DIVIDED - W/MEDIAN (NOT RAISED),NO CONTROLS,UNABLE TO DETERMINE,NOT APPLICABLE,0,0,0,0,4,1,11,890,BROADWAY,41.866539,-87.584415,11/20/2022 05:46:00 AM,2022
CR00016580,05/27/2024 04:50:00 PM,30,CLEAR,DAWN,FIXED OBJECT,FOUR WAY,NO CONTROLS,IMPROPER OVERTAKING/PASSING,UNABLE TO DETERMINE,0,0,0,0,16,2,5,141,CALIFORNIA AVE,41.807566,-87.694269,05/27/2024 05:49:00 PM,2024
CR00016581,04/28/2015 06:07:00 PM,35,CLEAR,DAYLIGHT,SIDESWIPE SAME DIRECTION,DIVIDED - W/MEDIAN (NOT RAISED),TRAFFIC SIGNAL,WEATHER,DRIVING SKILLS/KNOWLEDGE/EXPERIENCE,0,0,0,0,18,3,4,373,MILWAUKEE AVE,41.935165,-87.508664,04/28/2015 06:14:00 PM,2015
CR00016582,03/04/2024 04:30:00 AM,45,CLEAR,DARKNESS - LIGHTED ROAD,TURNING,FOUR WAY,TRAFFIC SIGNAL,UNABLE TO DETERMINE,DISREGARDING TRAFFIC SIGNALS,0,0,0,0,4,2,3,1191,LAKE SHORE DR,41.800289,-87.811656,03/04/2024 05:12:00 AM,2024
CR00016583,02/04/2018 11:00:00 AM,30,CLEAR,DAYLIGHT,REAR TO FRONT,DIVIDED - W/MEDIAN (NOT RAISED),NO CONTROLS,DRIVING SKILLS/KNOWLEDGE/EXPERIENCE,IMPROPER OVERTAKING/PASSING,0,0,0,0,11,1,2,1347,PULASKI RD,41.825585,-87.699099,02/04/2018 12:34:00 PM,2018
CR00016584,03/20/2016 07:31:00 PM,35,CLEAR,DAYLIGHT,REAR END,NOT DIVIDED,TRAFFIC SIGNAL,FOLLOWING TOO CLOSELY,IMPROPER LANE USAGE,0,1,1,2,19,1,3,2242,63RD ST,41.829551,-87.823339,03/20/2016 07:34:00 PM,2016
CR00016585,06/23/2020 08:17:00 PM,35,CLEAR,DAYLIGHT,REAR END,NOT DIVIDED,TRAFFIC SIGNAL,UNABLE TO DETERMINE,UNABLE TO DETERMINE,0,0,0,0,20,3,6,2534,MILWAUKEE AVE,41.863206,-87.821574,06/23/2020 09:46:00 PM,2020
CR00016586,01/14/2021 01:38:00 AM,15,FREEZING RAIN/DRIZZLE,DARKNESS - LIGHTED ROAD,REAR END,NOT DIVIDED,TRAFFIC SIGNAL,UNABLE TO DETERMINE,DRIVING SKILLS/KNOWLEDGE/EXPERIENCE,0,0,3,3,1,5,1,2532,47TH ST,41.795051,-87.786739,01/14/2021 02:02:00 AM,2021
CR00016587,01/18/2022 09:02:00 AM,45,SNOW,DARKNESS - LIGHTED ROAD,PEDESTRIAN,DIVIDED - W/MEDIAN (NOT RAISED),STOP SIGN/FLASHER,FAILING TO YIELD RIGHT-OF-WAY,IMPROPER OVERTAKING/PASSING,0,0,0,0,9,3,1,2143,HALSTED ST,41.745261,-87.786803,01/18/2022 09:24:00 AM,2022
CR00016588,06/01/2015 10:50:00 PM,35,FOG/SMOKE/HAZE,DARKNESS - LIGHTED ROAD,TURNING,NOT DIVIDED,TRAFFIC SIGNAL,UNABLE TO DETERMINE,UNABLE TO DETERMINE,0,0,0,0,22,2,6,1855,IRVING PARK RD,41.749426,-87.82828,06/01/2015 11:32:00 PM,2015
CR00016589,06/28/2016 04:54:00 PM,30,CLEAR,DAYLIGHT,REAR END,FOUR WAY,TRAFFIC SIGNAL,UNABLE TO DETERMINE,UNABLE TO DETERMINE,0,0,0,0,16,3,6,990,PULASKI RD,41.863355,-87.5658,06/28/2016 06:07:00 PM,2016
CR00016590,05/07/2019 04:02:00 AM,30,CLEAR,DARKNESS,SIDESWIPE SAME DIRECTION,NOT DIVIDED,TRAFFIC SIGNAL,FOLLOWING TOO CLOSELY,NOT APPLICABLE,0,0,0,0,4,3,5,1888,PULASKI RD,41.841902,-87.7631,05/07/2019 04:48:00 AM,2019
CR00016591,05/16/2017 04:43:00 AM,45,CLEAR,DARKNESS - LIGHTED ROAD,TURNING,DIVIDED - W/MEDIAN (NOT RAISED),NO CONTROLS,DISTRACTION - FROM INSIDE VEHICLE,DISTRACTION - FROM INSIDE VEHICLE,0,0,0,0,4,3,5,534,79TH ST,41.980245,-87.569563,05/16/2017 05:46:00 AM,2017
CR00016592,07/30/2020 02:18:00 AM,15,SNOW,DAYLIGHT,ANGLE,T-INTERSECTION,STOP SIGN/FLASHER,FAILING TO REDUCE SPEED,NOT APPLICABLE,0,0,0,0,2,5,7,1558,STATE ST,41.727927,-87.730115,07/30/2020 02:26:00 AM,2020
CR00016593,07/04/2019 04:56:00 PM,30,CLEAR,DAYLIGHT,REAR END,ONE-WAY,STOP SIGN/FLASHER,DRIVING SKILLS/KNOWLEDGE/EXPERIENCE,NOT APPLICABLE,0,0,0,0,16,5,7,582,OGDEN AVE,41.908554,-87.80441,07/04/2019 05:26:00 PM,2019
CR00016594,09/22/2024 06:27:00 PM,20,CLEAR,DAYLIGHT,TURNING,T-INTERSECTION,NO CONTROLS,FOLLOWING TOO CLOSELY,IMPROPER OVERTAKING/PASSING,0,0,0,0,18,1,9,1357,DAMEN AVE,41.99448,-87.746601,09/22/2024 06:36:00 PM,2024
CR00016595,03/23/2020 05:04:00 PM,30,CLEAR,DAYLIGHT,PEDESTRIAN,NOT DIVIDED,NO CONTROLS,UNABLE TO DETERMINE,DISTRACTION - FROM INSIDE VEHICLE,0,0,0,0,17,2,3,1905,ASHLAND AVE,41.767631,-87.813193,03/23/2020 06:30:00 PM,2020
CR00016596,01/31/2022 05:21:00 PM,35,CLEAR,DUSK,SIDESWIPE SAME DIRECTION,NOT DIVIDED,NO CONTROLS,FOLLOWING TOO CLOSELY,DRIVING SKILLS/KNOWLEDGE/EXPERIENCE,0,0,0,0,17,2,1,1197,CICERO AVE,41.836482,-87.595661,01/31/2022 06:29:00 PM,2022
CR00016597,09/01/2021 03:03:00 AM,40,CLOUDY/OVERCAST,DARKNESS,REAR END,NOT DIVIDED,UNKNOWN,UNABLE TO DETERMINE,FAILING TO YIELD RIGHT-OF-WAY,0,0,0,0,3,4,9,487,ROOSEVELT RD,41.841054,-87.642963,09/01/2021 04:14:00 AM,2021
CR00016598,04/21/2020 12:27:00 AM,30,CLEAR,DAYLIGHT,SIDESWIPE SAME DIRECTION,ONE-WAY,NO CONTROLS,DISREGARDING TRAFFIC SIGNALS,FAILING TO REDUCE SPEED,0,0,0,0,0,3,4,851,63RD ST,41.828969,-87.54621,04/21/2020 01:14:00 AM,2020
CR00016599,09/13/2020 09:42:00 AM,40,CLEAR,DARKNESS,REAR END,NOT DIVIDED,NO CONTROLS,DRIVING SKILLS/KNOWLEDGE/EXPERIENCE,NOT APPLICABLE,0,1,2,3,9,1,9,2144,OGDEN AVE,41.859843,-87.645792,09/13/2020 10:04:00 AM,2020
CR00016600,02/18/2018 07:44:00 AM,40,RAIN,DAYLIGHT,REAR END,T-INTERSECTION,NO CONTROLS,DISTRACTION - FROM INSIDE VEHICLE,UNABLE TO DETERMINE,0,0,0,0,7,1,2,2130,CALIFORNIA AVE,41.984438,-87.509052,02/18/2018 08:50:00 AM,2018
CR00016601,01/08/2024 12:00:00 PM,30,CLEAR,DAYLIGHT,TURNING,NOT DIVIDED,NO CONTROLS,FAILING TO YIELD RIGHT-OF-WAY,DRIVING SKILLS/KNOWLEDGE/EXPERIENCE,0,0,0,0,12,2,1,436,63RD ST,41.87549,-87.709669,01/08/2024 12:59:00 PM,2024
CR00016602,01/22/2019 02:27:00 PM,30,RAIN,DARKNESS,SIDESWIPE SAME DIRECTION,DIVIDED - W/MEDIAN (NOT RAISED),STOP SIGN/FLASHER,FOLLOWING TOO CLOSELY,IMPROPER OVERTAKING/PASSING,0,0,1,1,14,3,1,2393,ASHLAND AVE,41.879777,-87.726666,01/22/2019 03:40:00 PM,2019
CR00016603,07/15/2024 06:56:00 PM,20,CLEAR,DAYLIGHT,FIXED OBJECT,DIVIDED - W/MEDIAN (NOT RAISED),NO CONTROLS,UNABLE TO DETERMINE,NOT APPLICABLE,0,0,0,0,18,2,7,1181,WESTERN AVE,41.985364,-87.585758,07/15/2024 07:17:00 PM,2024
CR00016604,08/20/2022 08:55:00 AM,35,CLEAR,DAWN,PARKED MOTOR VEHICLE,DIVIDED - W/MEDIAN (NOT RAISED),YIELD,FAILING TO YIELD RIGHT-OF-WAY,FAILING TO YIELD RIGHT-OF-WAY,0,0,0,0,8,7,8,1674,LAKE SHORE DR,41.948483,-87.767341,08/20/2022 09:10:00 AM,2022
CR00016605,02/22/2024 06:56:00 PM,25,CLEAR,DAYLIGHT,ANGLE,NOT DIVIDED,NO CONTROLS,DISTRACTION - FROM INSIDE VEHICLE,NOT APPLICABLE,0,0,0,0,18,5,2,706,OGDEN AVE,41.979097,-87.794116,02/22/2024 08:33:00 PM,2024
CR00016606,04/13/2022 09:03:00 AM,15,CLEAR,DAYLIGHT,REAR END,DIVIDED - W/MEDIAN (NOT RAISED),TRAFFIC SIGNAL,DRIVING SKILLS/KNOWLEDGE/EXPERIENCE,NOT APPLICABLE,0,0,0,0,9,4,4,841,STATE ST,41.901342,-87.68341,04/13/2022 10:01:00 AM,2022
CR00016607,11/22/2020 03:02:00 AM,30,CLEAR,DAYLIGHT,PARKED MOTOR VEHICLE,DIVIDED - W/MEDIAN BARRIER,STOP SIGN/FLASHER,WEATHER,UNABLE TO DETERMINE,0,0,1,1,3,1,11,2000,79TH ST,41.973023,-87.712949,11/22/2020 04:32:00 AM,2020
CR00016608,09/17/2015 05:10:00 PM,25,FREEZING RAIN/DRIZZLE,DAYLIGHT,REAR END,DIVIDED - W/MEDIAN BARRIER,NO CONTROLS,FOLLOWING TOO CLOSELY,NOT APPLICABLE,0,0,3,3,17,5,9,856,DAMEN AVE,41.98527,-87.512948,09/17/2015 07:04:00 PM,2015
CR00016609,07/23/2022 03:54:00 PM,30,CLEAR,DARKNESS - LIGHTED ROAD,ANGLE,T-INTERSECTION,TRAFFIC SIGNAL,UNABLE TO DETERMINE,UNABLE TO DETERMINE,0,0,0,0,15,7,7,945,63RD ST,41.800241,-87.831039,07/23/2022 05:45:00 PM,2022
CR00016610,07/18/2024 07:23:00 PM,35,CLEAR,DAYLIGHT,REAR END,NOT DIVIDED,NO CONTROLS,UNABLE TO DETERMINE,FOLLOWING TOO CLOSELY,0,0,0,0,19,5,7,2256,STONY ISLAND AVE,41.94321,-87.544346,07/18/2024 07:56:00 PM,2024
CR00016611,08/29/2016 08:55:00 PM,35,CLEAR,DAYLIGHT,PARKED MOTOR VEHICLE,FOUR WAY,STOP SIGN/FLASHER,DISREGARDING TRAFFIC SIGNALS,DISTRACTION - FROM INSIDE VEHICLE,0,0,2,2,20,2,8,1883,OGDEN AVE,41.763325,-87.822095,08/29/2016 09:44:00 PM,2016
CR00016612,10/20/2016 03:28:00 PM,30,CLEAR,DARKNESS - LIGHTED ROAD,SIDESWIPE SAME DIRECTION,NOT DIVIDED,NO CONTROLS,UNABLE TO DETERMINE,WEATHER,0,0,0,0,15,5,10,2220,MICHIGAN AVE,41.779634,-87.616521,10/20/2016 04:00:00 PM,2016
CR00016613,06/27/2017 11:49:00 AM,30,RAIN,DAYLIGHT,FIXED OBJECT,NOT DIVIDED,UNKNOWN,FAILING TO YIELD RIGHT-OF-WAY,IMPROPER OVERTAKING/PASSING,0,0,0,0,11,3,6,1352,ARCHER AVE,41.800192,-87.638957,06/27/2017 01:32:00 PM,2017
CR00016614,08/21/2017 08:06:00 AM,30,RAIN,DUSK,ANGLE,NOT DIVIDED,TRAFFIC SIGNAL,IMPROPER LANE USAGE,UNABLE TO DETERMINE,0,0,1,1,8,2,8,2233,LAKE SHORE DR,41.834867,-87.714927,08/21/2017 10:03:00 AM,2017
CR00016615,09/18/2022 05:49:00 PM,45,RAIN,DAYLIGHT,REAR END,DIVIDED - W/MEDIAN BARRIER,STOP SIGN/FLASHER,UNABLE TO DETERMINE,UNABLE TO DETERMINE,0,0,0,0,17,1,9,1292,PULASKI RD,41.979393,-87.660283,09/18/2022 06:23:00 PM,2022
CR00016616,08/19/2019 04:56:00 AM,35,CLEAR,DARKNESS - LIGHTED ROAD,SIDESWIPE SAME DIRECTION,ONE-WAY,YIELD,IMPROPER OVERTAKING/PASSING,DISTRACTION - FROM INSIDE VEHICLE,0,0,0,0,4,2,8,1304,ELSTON AVE,41.931011,-87.834661,08/19/2019 05:15:00 AM,2019
CR00016617,12/25/2020 03:48:00 PM,15,CLEAR,DARKNESS,REAR END,NOT DIVIDED,NO CONTROLS,DISTRACTION - FROM INSIDE VEHICLE,FOLLOWING TOO CLOSELY,0,0,0,0,15,6,12,762,ASHLAND AVE,41.738626,-87.671344,12/25/2020 04:36:00 PM,2020
CR00016618,06/18/2021 02:17:00 PM,30,CLEAR,DAYLIGHT,TURNING,DIVIDED - W/MEDIAN (NOT RAISED),YIELD,UNABLE TO DETERMINE,WEATHER,0,0,0,0,14,6,6,2477,MICHIGAN AVE,41.771013,-87.805523,06/18/2021 03:37:00 PM,2021
CR00016619,07/26/2019 06:24:00 PM,20,CLOUDY/OVERCAST,DARKNESS - LIGHTED ROAD,FIXED OBJECT,NOT DIVIDED,TRAFFIC SIGNAL,FOLLOWING TOO CLOSELY,FOLLOWING TOO CLOSELY,0,0,0,0,18,6,7,1247,CICERO AVE,41.997466,-87.841061,07/26/2019 07:56:00 PM,2019
CR00016620,04/09/2023 05:56:00 AM,25,CLEAR,DARKNESS,SIDESWIPE SAME DIRECTION,FOUR WAY,TRAFFIC SIGNAL,FOLLOWING TOO CLOSELY,IMPROPER OVERTAKING/PASSING,0,0,0,0,5,1,4,1924,FULLERTON AVE,41.937171,-87.729754,04/09/2023 06:24:00 AM,2023
CR00016621,09/20/2017 03:47:00 PM,30,CLEAR,DAYLIGHT,TURNING,NOT DIVIDED,NO CONTROLS,DRIVING SKILLS/KNOWLEDGE/EXPERIENCE,UNABLE TO DETERMINE,0,0,0,0,15,4,9,1074,CICERO AVE,41.74508,-87.562231,09/20/2017 05:13:00 PM,2017
CR00016622,05/11/2023 07:24:00 AM,40,CLEAR,DAYLIGHT,SIDESWIPE SAME DIRECTION,NOT DIVIDED,NO CONTROLS,UNABLE TO DETERMINE,UNABLE TO DETERMINE,0,0,0,0,7,5,5,327,HALSTED ST,41.923449,-87.507278,05/11/2023 09:14:00 AM,2023
CR00016623,11/30/2016 08:36:00 AM,40,CLEAR,DARKNESS - LIGHTED ROAD,PARKED MOTOR VEHICLE,ONE-WAY,NO CONTROLS,FAILING TO YIELD RIGHT-OF-WAY,IMPROPER OVERTAKING/PASSING,0,0,0,0,8,4,11,1897,ARCHER AVE,41.731515,-87.677065,11/30/2016 08:37:00 AM,2016
CR00016624,04/24/2018 07:01:00 AM,15,CLOUDY/OVERCAST,DAYLIGHT,ANGLE,NOT DIVIDED,STOP SIGN/FLASHER,IMPROPER OVERTAKING/PASSING,UNABLE TO DETERMINE,0,0,3,3,7,3,4,312,FULLERTON AVE,41.826165,-87.618228,04/24/2018 07:33:00 AM,2018
CR00016625,09/18/2023 10:49:00 AM,15,CLEAR,DAYLIGHT,REAR END,DIVIDED - W/MEDIAN (NOT RAISED),TRAFFIC SIGNAL,UNABLE TO DETERMINE,FOLLOWING TOO CLOSELY,0,0,0,0,10,2,9,697,ELSTON AVE,41.87604,-87.655873,09/18/2023 12:17:00 PM,2023