CRASH_RECORD_ID,CRASH_DATE,POSTED_SPEED_LIMIT,WEATHER_CONDITION,LIGHTING_CONDITION,FIRST_CRASH_TYPE,TRAFFICWAY_TYPE,TRAFFIC_CONTROL_DEVICE,PRIM_CONTRIBUTORY_CAUSE,SEC_CONTRIBUTORY_CAUSE,INJURIES_FATAL,INJURIES_INCAPACITATING,INJURIES_NON_INCAPACITATING,INJURIES_TOTAL,CRASH_HOUR,CRASH_DAY_OF_WEEK,CRASH_MONTH,BEAT_OF_OCCURRENCE,STREET_NAME,LATITUDE,LONGITUDE,DATE_POLICE_NOTIFIED,year
CR00016626,11/09/2017 03:02:00 AM,30,CLEAR,DARKNESS - LIGHTED ROAD,PARKED MOTOR VEHICLE,NOT DIVIDED,TRAFFIC SIGNAL,UNABLE TO DETERMINE,DISTRACTION - FROM INSIDE VEHICLE,0,0,0,0,3,5,11,2381,MICHIGAN AVE,41.955425,-87.658745,11/09/2017 03:07:00 AM,2017
CR00016627,01/02/2024 02:21:00 AM,40,FREEZING RAIN/DRIZZLE,DAYLIGHT,SIDESWIPE SAME DIRECTION,NOT DIVIDED,STOP SIGN/FLASHER,DRIVING SKILLS/KNOWLEDGE/EXPERIENCE,DRIVING SKILLS/KNOWLEDGE/EXPERIENCE,0,0,1,1,2,3,1,270,MICHIGAN AVE,41.793986,-87.572413,01/02/2024 03:28:00 AM,2024
CR00016628,02/26/2016 07:44:00 AM,30,CLEAR,DARKNESS - LIGHTED ROAD,SIDESWIPE SAME DIRECTION,DIVIDED - W/MEDIAN BARRIER,NO CONTROLS,DISTRACTION - FROM INSIDE VEHICLE,FAILING TO REDUCE SPEED,0,0,0,0,7,6,2,1041,ROOSEVELT RD,41.996327,-87.72131,02/26/2016 09:05:00 AM,2016
CR00016629,03/05/2017 09:25:00 PM,30,CLEAR,DARKNESS - LIGHTED ROAD,REAR END,T-INTERSECTION,TRAFFIC SIGNAL,FOLLOWING TOO CLOSELY,NOT APPLICABLE,0,0,0,0,21,1,3,1753,47TH ST,41.706357,-87.678366,03/05/2017 09:58:00 PM,2017
CR00016630,03/08/2020 02:17:00 AM,30,RAIN,DAYLIGHT,REAR END,NOT DIVIDED,STOP SIGN/FLASHER,DISTRACTION - FROM INSIDE VEHICLE,IMPROPER LANE USAGE,0,0,1,1,2,1,3,2338,MICHIGAN AVE,41.742261,-87.559358,03/08/2020 03:10:00 AM,2020
CR00016631,12/17/2017 02:19:00 AM,40,CLEAR,DAWN,ANGLE,FOUR WAY,NO CONTROLS,FAILING TO YIELD RIGHT-OF-WAY,UNABLE TO DETERMINE,0,0,0,0,2,1,12,1078,STONY ISLAND AVE,41.856256,-87.757784,12/17/2017 03:33:00 AM,2017
CR00016632,04/07/2023 07:45:00 PM,45,CLEAR,DAYLIGHT,ANGLE,DIVIDED - W/MEDIAN (NOT RAISED),NO CONTROLS,UNABLE TO DETERMINE,NOT APPLICABLE,0,0,0,0,19,6,4,1258,DAMEN AVE,41.930456,-87.827839,04/07/2023 07:54:00 PM,2023
CR00016633,09/14/2017 03:33:00 PM,30,CLEAR,DARKNESS,PARKED MOTOR VEHICLE,NOT DIVIDED,NO CONTROLS,FOLLOWING TOO CLOSELY,FAILING TO YIELD RIGHT-OF-WAY,0,0,0,0,15,5,9,604,WESTERN AVE,41.731068,-87.773649,09/14/2017 04:13:00 PM,2017
CR00016634,07/26/2016 04:04:00 PM,15,CLEAR,DAYLIGHT,SIDESWIPE SAME DIRECTION,NOT DIVIDED,NO CONTROLS,FAILING TO REDUCE SPEED,DISTRACTION - FROM INSIDE VEHICLE,0,1,3,4,16,3,7,305,ROOSEVELT RD,41.784943,-87.693326,07/26/2016 05:00:00 PM,2016
CR00016635,07/28/2016 12:28:00 PM,30,CLEAR,DARKNESS,REAR END,NOT DIVIDED,TRAFFIC SIGNAL,DISREGARDING TRAFFIC SIGNALS,NOT APPLICABLE,0,0,0,0,12,5,7,2174,WESTERN AVE,41.947108,-87.778036,07/28/2016 01:37:00 PM,2016
CR00016636,08/05/2018 03:11:00 PM,35,CLEAR,DAYLIGHT,SIDESWIPE SAME DIRECTION,NOT DIVIDED,STOP SIGN/FLASHER,UNABLE TO DETERMINE,FOLLOWING TOO CLOSELY,0,0,1,1,15,1,8,1437,WESTERN AVE,41.81065,-87.591633,08/05/2018 04:51:00 PM,2018
CR00016637,07/12/2017 08:19:00 AM,30,SNOW,DARKNESS,REAR END,NOT DIVIDED,YIELD,UNABLE TO DETERMINE,DISTRACTION - FROM INSIDE VEHICLE,0,0,0,0,8,4,7,1423,PULASKI RD,41.980053,-87.765693,07/12/2017 09:54:00 AM,2017
CR00016638,05/04/2017 01:51:00 PM,25,CLEAR,DUSK,REAR END,ONE-WAY,TRAFFIC SIGNAL,WEATHER,DISREGARDING TRAFFIC SIGNALS,0,0,0,0,13,5,5,1085,BROADWAY,41.740493,-87.591108,05/04/2017 02:08:00 PM,2017
CR00016639,04/20/2017 03:48:00 PM,30,CLEAR,DAYLIGHT,REAR TO FRONT,ONE-WAY,STOP SIGN/FLASHER,IMPROPER LANE USAGE,IMPROPER OVERTAKING/PASSING,0,0,0,0,15,5,4,1927,WESTERN AVE,41.985189,-87.777879,04/20/2017 04:09:00 PM,2017
CR00016640,12/20/2015 10:12:00 PM,45,CLOUDY/OVERCAST,DAYLIGHT,SIDESWIPE SAME DIRECTION,DIVIDED - W/MEDIAN (NOT RAISED),NO CONTROLS,DRIVING SKILLS/KNOWLEDGE/EXPERIENCE,UNABLE TO DETERMINE,0,0,2,2,22,1,12,1447,DIVISION ST,41.942976,-87.692241,12/20/2015 10:40:00 PM,2015
CR00016641,05/29/2016 07:56:00 PM,45,CLEAR,DAYLIGHT,REAR END,NOT DIVIDED,STOP SIGN/FLASHER,FAILING TO YIELD RIGHT-OF-WAY,UNABLE TO DETERMINE,0,0,0,0,19,1,5,1707,DIVISION ST,41.713851,-87.530784,05/29/2016 08:47:00 PM,2016
CR00016642,06/28/2021 04:37:00 PM,30,CLEAR,DAYLIGHT,ANGLE,FOUR WAY,NO CONTROLS,IMPROPER LANE USAGE,IMPROPER LANE USAGE,0,0,2,2,16,2,6,1015,ELSTON AVE,41.790457,-87.764219,06/28/2021 05:05:00 PM,2021
CR00016643,11/20/2017 10:28:00 PM,40,CLEAR,DAYLIGHT,TURNING,ONE-WAY,STOP SIGN/FLASHER,UNABLE TO DETERMINE,IMPROPER OVERTAKING/PASSING,0,0,0,0,22,2,11,290,DAMEN AVE,41.907931,-87.695538,11/20/2017 11:13:00 PM,2017
CR00016644,05/23/2022 05:28:00 PM,40,CLEAR,DAYLIGHT,PEDESTRIAN,T-INTERSECTION,TRAFFIC SIGNAL,FAILING TO YIELD RIGHT-OF-WAY,DRIVING SKILLS/KNOWLEDGE/EXPERIENCE,0,0,0,0,17,2,5,741,IRVING PARK RD,41.996859,-87.620916,05/23/2022 07:27:00 PM,2022
CR00016645,11/20/2020 08:11:00 AM,35,CLEAR,DAYLIGHT,REAR END,NOT DIVIDED,NO CONTROLS,FAILING TO YIELD RIGHT-OF-WAY,UNABLE TO DETERMINE,0,0,0,0,8,6,11,1032,ARCHER AVE,41.768537,-87.560021,11/20/2020 08:41:00 AM,2020
CR00016646,06/29/2018 07:49:00 AM,45,CLEAR,DAYLIGHT,ANGLE,NOT DIVIDED,STOP SIGN/FLASHER,FAILING TO YIELD RIGHT-OF-WAY,UNABLE TO DETERMINE,0,0,0,0,7,6,6,1797,ROOSEVELT RD,41.957074,-87.54503,06/29/2018 07:58:00 AM,2018
CR00016647,08/01/2024 10:27:00 AM,20,CLEAR,DARKNESS - LIGHTED ROAD,ANGLE,FOUR WAY,STOP SIGN/FLASHER,FOLLOWING TOO CLOSELY,DISTRACTION - FROM INSIDE VEHICLE,0,0,0,0,10,5,8,321,MILWAUKEE AVE,41.747518,-87.627373,08/01/2024 12:15:00 PM,2024
CR00016648,08/27/2023 10:12:00 AM,30,CLEAR,DAYLIGHT,TURNING,ONE-WAY,NO CONTROLS,DISTRACTION - FROM INSIDE VEHICLE,FOLLOWING TOO CLOSELY,0,0,0,0,10,1,8,284,STONY ISLAND AVE,41.841956,-87.543085,08/27/2023 10:35:00 AM,2023
CR00016649,12/30/2024 02:33:00 PM,15,CLOUDY/OVERCAST,DARKNESS - LIGHTED ROAD,REAR END,ONE-WAY,STOP SIGN/FLASHER,DRIVING SKILLS/KNOWLEDGE/EXPERIENCE,FAILING TO REDUCE SPEED,0,0,2,2,14,2,12,109,FULLERTON AVE,41.924575,-87.708888,12/30/2024 02:55:00 PM,2024
CR00016650,09/28/2023 07:17:00 PM,45,SNOW,DARKNESS,ANGLE,NOT DIVIDED,TRAFFIC SIGNAL,FAILING TO REDUCE SPEED,WEATHER,0,0,0,0,19,5,9,1786,IRVING PARK RD,41.896066,-87.538867,09/28/2023 08:51:00 PM,2023
CR00016651,12/06/2015 09:32:00 AM,25,CLEAR,DAYLIGHT,REAR END,DIVIDED - W/MEDIAN BARRIER,TRAFFIC SIGNAL,UNABLE TO DETERMINE,FAILING TO YIELD RIGHT-OF-WAY,0,0,0,0,9,1,12,1251,STATE ST,41.708049,-87.795385,12/06/2015 10:59:00 AM,2015
CR00016652,06/25/2024 09:13:00 AM,40,CLEAR,DAYLIGHT,SIDESWIPE SAME DIRECTION,NOT DIVIDED,TRAFFIC SIGNAL,FAILING TO YIELD RIGHT-OF-WAY,FOLLOWING TOO CLOSELY,0,0,0,0,9,3,6,1192,LAKE SHORE DR,41.986465,-87.776249,06/25/2024 10:02:00 AM,2024
CR00016653,06/16/2023 11:24:00 AM,30,CLEAR,DUSK,REAR END,ONE-WAY,TRAFFIC SIGNAL,FAILING TO REDUCE SPEED,UNABLE TO DETERMINE,0,0,0,0,11,6,6,1127,STATE ST,41.740802,-87.68932,06/16/2023 01:04:00 PM,2023
CR00016654,12/07/2018 03:15:00 AM,40,FREEZING RAIN/DRIZZLE,DAYLIGHT,REAR END,NOT DIVIDED,TRAFFIC SIGNAL,IMPROPER OVERTAKING/PASSING,NOT APPLICABLE,0,0,0,0,3,6,12,1099,CLARK ST,41.789406,-87.756731,12/07/2018 04:04:00 AM,2018
CR00016655,08/04/2023 07:30:00 AM,45,CLEAR,DAYLIGHT,REAR END,NOT DIVIDED,NO CONTROLS,DRIVING SKILLS/KNOWLEDGE/EXPERIENCE,UNABLE TO DETERMINE,0,0,0,0,7,6,8,624,MICHIGAN AVE,41.735865,-87.843911,08/04/2023 09:00:00 AM,2023
CR00016656,01/10/2023 12:41:00 PM,35,CLEAR,DARKNESS,TURNING,NOT DIVIDED,UNKNOWN,FOLLOWING TOO CLOSELY,IMPROPER LANE USAGE,0,0,0,0,12,3,1,242,63RD ST,41.831064,-87.542567,01/10/2023 02:14:00 PM,2023
CR00016657,09/05/2018 07:52:00 AM,20,CLEAR,DARKNESS - LIGHTED ROAD,SIDESWIPE SAME DIRECTION,NOT DIVIDED,STOP SIGN/FLASHER,UNABLE TO DETERMINE,NOT APPLICABLE,0,0,0,0,7,4,9,1246,FULLERTON AVE,41.79576,-87.779264,09/05/2018 09:33:00 AM,2018
CR00016658,04/18/2022 01:54:00 PM,15,CLEAR,DARKNESS,SIDESWIPE SAME DIRECTION,NOT DIVIDED,TRAFFIC SIGNAL,FAILING TO YIELD RIGHT-OF-WAY,UNABLE TO DETERMINE,0,0,1,1,13,2,4,480,CICERO AVE,41.81209,-87.810634,04/18/2022 02:24:00 PM,2022
CR00016659,10/18/2021 02:59:00 PM,30,SNOW,DARKNESS,REAR END,FOUR WAY,NO CONTROLS,UNABLE TO DETERMINE,IMPROPER LANE USAGE,0,0,0,0,14,2,10,2511,OGDEN AVE,41.829301,-87.501042,10/18/2021 04:32:00 PM,2021
CR00016660,04/30/2019 02:37:00 PM,30,CLEAR,DARKNESS - LIGHTED ROAD,REAR END,NOT DIVIDED,TRAFFIC SIGNAL,UNABLE TO DETERMINE,FAILING TO REDUCE SPEED,0,0,0,0,14,3,4,1979,STONY ISLAND AVE,41.960787,-87.772138,04/30/2019 03:36:00 PM,2019
CR00016661,11/09/2017 12:07:00 PM,30,CLEAR,DAYLIGHT,TURNING,ONE-WAY,NO CONTROLS,FAILING TO YIELD RIGHT-OF-WAY,UNABLE TO DETERMINE,0,0,0,0,12,5,11,956,KEDZIE AVE,41.97194,-87.690395,11/09/2017 12:25:00 PM,2017
CR00016662,06/29/2019 03:30:00 AM,25,CLEAR,DAYLIGHT,TURNING,NOT DIVIDED,TRAFFIC SIGNAL,IMPROPER LANE USAGE,DISTRACTION - FROM INSIDE VEHICLE,0,0,1,1,3,7,6,267,MICHIGAN AVE,41.775793,-87.743375,06/29/2019 03:57:00 AM,2019
CR00016663,01/21/2015 11:40:00 PM,40,CLEAR,DAYLIGHT,REAR END,NOT DIVIDED,TRAFFIC SIGNAL,DRIVING SKILLS/KNOWLEDGE/EXPERIENCE,UNABLE TO DETERMINE,0,0,0,0,23,4,1,2145,STATE ST,41.969037,-87.796138,01/22/2015 01:07:00 AM,2015
CR00016664,11/07/2018 11:28:00 PM,30,SNOW,DAYLIGHT,ANGLE,DIVIDED - W/MEDIAN (NOT RAISED),TRAFFIC SIGNAL,UNABLE TO DETERMINE,FOLLOWING TOO CLOSELY,0,0,0,0,23,4,11,1407,CICERO AVE,41.904367,-87.566601,11/08/2018 01:28:00 AM,2018
CR00016665,02/21/2019 06:14:00 PM,40,CLEAR,DAYLIGHT,REAR END,NOT DIVIDED,UNKNOWN,DRIVING SKILLS/KNOWLEDGE/EXPERIENCE,UNABLE TO DETERMINE,0,0,0,0,18,5,2,2040,CALIFORNIA AVE,41.724608,-87.551746,02/21/2019 06:31:00 PM,2019
CR00016666,03/21/2017 05:40:00 PM,35,CLEAR,DAYLIGHT,TURNING,DIVIDED - W/MEDIAN (NOT RAISED),TRAFFIC SIGNAL,FOLLOWING TOO CLOSELY,UNABLE TO DETERMINE,0,0,1,1,17,3,3,2263,BROADWAY,41.705087,-87.574385,03/21/2017 06:48:00 PM,2017
CR00016667,05/08/2024 03:39:00 AM,20,CLEAR,DAYLIGHT,REAR END,NOT DIVIDED,NO CONTROLS,FOLLOWING TOO CLOSELY,DISTRACTION - FROM INSIDE VEHICLE,0,0,0,0,3,4,5,231,HALSTED ST,41.781714,-87.839934,05/08/2024 05:09:00 AM,2024
CR00016668,06/19/2018 02:05:00 PM,45,CLEAR,DARKNESS - LIGHTED ROAD,ANGLE,FOUR WAY,TRAFFIC SIGNAL,FAILING TO YIELD RIGHT-OF-WAY,UNABLE TO DETERMINE,0,1,0,1,14,3,6,354,STATE ST,41.87918,-87.598768,06/19/2018 03:00:00 PM,2018
CR00016669,02/11/2016 09:04:00 AM,35,CLEAR,DARKNESS - LIGHTED ROAD,REAR END,ONE-WAY,NO CONTROLS,FOLLOWING TOO CLOSELY,IMPROPER LANE USAGE,0,0,0,0,9,5,2,1863,ROOSEVELT RD,41.780657,-87.615886,02/11/2016 09:43:00 AM,2016
CR00016670,05/24/2016 09:10:00 AM,30,CLEAR,DAYLIGHT,REAR END,NOT DIVIDED,TRAFFIC SIGNAL,UNABLE TO DETERMINE,UNABLE TO DETERMINE,0,1,3,4,9,3,5,283,DAMEN AVE,41.957403,-87.525145,05/24/2016 10:04:00 AM,2016
CR00016671,02/01/2023 07:51:00 AM,30,SNOW,DARKNESS - LIGHTED ROAD,REAR END,FOUR WAY,NO CONTROLS,IMPROPER OVERTAKING/PASSING,FAILING TO YIELD RIGHT-OF-WAY,0,0,0,0,7,4,2,726,STATE ST,41.96675,-87.699516,02/01/2023 09:45:00 AM,2023
CR00016672,01/23/2024 06:50:00 PM,35,CLEAR,DAYLIGHT,FIXED OBJECT,ONE-WAY,TRAFFIC SIGNAL,FAILING TO REDUCE SPEED,UNABLE TO DETERMINE,0,0,0,0,18,3,1,764,CICERO AVE,41.819022,-87.509016,01/23/2024 07:13:00 PM,2024
CR00016673,12/11/2015 07:19:00 PM,25,CLEAR,DARKNESS - LIGHTED ROAD,REAR END,DIVIDED - W/MEDIAN BARRIER,TRAFFIC SIGNAL,UNABLE TO DETERMINE,NOT APPLICABLE,0,0,0,0,19,6,12,586,DAMEN AVE,41.934725,-87.620495,12/11/2015 09:11:00 PM,2015
CR00016674,09/19/2017 05:49:00 PM,45,CLEAR,DUSK,TURNING,ONE-WAY,NO CONTROLS,UNABLE TO DETERMINE,FAILING TO YIELD RIGHT-OF-WAY,0,0,0,0,17,3,9,1114,79TH ST,41.769283,-87.657741,09/19/2017 06:22:00 PM,2017
CR00016675,07/29/2015 01:06:00 PM,25,RAIN,DAYLIGHT,FIXED OBJECT,DIVIDED - W/MEDIAN (NOT RAISED),TRAFFIC SIGNAL,FAILING TO YIELD RIGHT-OF-WAY,NOT APPLICABLE,0,0,0,0,13,4,7,1362,PULASKI RD,41.712946,-87.825444,07/29/2015 01:25:00 PM,2015
CR00016676,04/21/2022 06:38:00 PM,35,CLEAR,DAYLIGHT,SIDESWIPE SAME DIRECTION,NOT DIVIDED,TRAFFIC SIGNAL,UNABLE TO DETERMINE,DRIVING SKILLS/KNOWLEDGE/EXPERIENCE,0,0,0,0,18,5,4,1090,IRVING PARK RD,41.959255,-87.767163,04/21/2022 07:54:00 PM,2022
CR00016677,11/10/2020 08:33:00 AM,30,RAIN,DAYLIGHT,ANGLE,DIVIDED - W/MEDIAN (NOT RAISED),NO CONTROLS,FOLLOWING TOO CLOSELY,FOLLOWING TOO CLOSELY,0,0,0,0,8,3,11,1333,63RD ST,41.974619,-87.695173,11/10/2020 09:22:00 AM,2020
CR00016678,02/28/2021 04:52:00 AM,30,CLEAR,DAYLIGHT,REAR TO FRONT,DIVIDED - W/MEDIAN BARRIER,STOP SIGN/FLASHER,FOLLOWING TOO CLOSELY,IMPROPER LANE USAGE,0,0,1,1,4,1,2,1257,MILWAUKEE AVE,41.901587,-87.84577,02/28/2021 05:52:00 AM,2021
CR00016679,09/12/2024 06:18:00 PM,35,CLEAR,DAYLIGHT,REAR END,NOT DIVIDED,NO CONTROLS,FAILING TO REDUCE SPEED,FOLLOWING TOO CLOSELY,0,0,0,0,18,5,9,1305,ROOSEVELT RD,41.975644,-87.622322,09/12/2024 07:23:00 PM,2024
CR00016680,02/19/2023 05:12:00 PM,15,RAIN,DAYLIGHT,TURNING,FOUR WAY,NO CONTROLS,DISTRACTION - FROM INSIDE VEHICLE,UNABLE TO DETERMINE,0,0,0,0,17,1,2,2000,DAMEN AVE,41.952252,-87.793729,02/19/2023 06:59:00 PM,2023
CR00016681,10/25/2023 01:08:00 PM,15,CLOUDY/OVERCAST,DARKNESS - LIGHTED ROAD,ANGLE,NOT DIVIDED,STOP SIGN/FLASHER,IMPROPER LANE USAGE,UNABLE TO DETERMINE,0,0,1,1,13,4,10,1335,ASHLAND AVE,41.720761,-87.745208,10/25/2023 03:02:00 PM,2023
CR00016682,03/12/2018 07:03:00 AM,35,CLOUDY/OVERCAST,DARKNESS - LIGHTED ROAD,ANGLE,NOT DIVIDED,NO CONTROLS,UNABLE TO DETERMINE,UNABLE TO DETERMINE,0,0,0,0,7,2,3,1966,WESTERN AVE,41.968447,-87.849063,03/12/2018 07:13:00 AM,2018
CR00016683,08/17/2016 01:37:00 PM,30,CLEAR,DARKNESS,SIDESWIPE SAME DIRECTION,DIVIDED - W/MEDIAN BARRIER,NO CONTROLS,UNABLE TO DETERMINE,DRIVING SKILLS/KNOWLEDGE/EXPERIENCE,0,0,0,0,13,4,8,1350,FULLERTON AVE,41.844705,-87.533402,08/17/2016 03:10:00 PM,2016
CR00016684,09/15/2021 01:13:00 PM,30,RAIN,DUSK,REAR END,NOT DIVIDED,NO CONTROLS,UNABLE TO DETERMINE,UNABLE TO DETERMINE,0,0,0,0,13,4,9,1708,ASHLAND AVE,41.964154,-87.662313,09/15/2021 02:18:00 PM,2021
CR00016685,04/15/2023 12:17:00 PM,20,CLEAR,DARKNESS - LIGHTED ROAD,REAR END,NOT DIVIDED,TRAFFIC SIGNAL,IMPROPER OVERTAKING/PASSING,IMPROPER OVERTAKING/PASSING,0,0,0,0,12,7,4,464,KEDZIE AVE,41.707633,-87.788086,04/15/2023 01:09:00 PM,2023
CR00016686,06/16/2018 01:37:00 AM,45,CLOUDY/OVERCAST,DARKNESS - LIGHTED ROAD,REAR END,NOT DIVIDED,NO CONTROLS,IMPROPER OVERTAKING/PASSING,FAILING TO REDUCE SPEED,0,0,1,1,1,7,6,1726,MICHIGAN AVE,41.802041,-87.521989,06/16/2018 02:29:00 AM,2018
CR00016687,09/07/2017 11:00:00 AM,20,CLEAR,DARKNESS - LIGHTED ROAD,ANGLE,NOT DIVIDED,TRAFFIC SIGNAL,UNABLE TO DETERMINE,NOT APPLICABLE,0,0,0,0,11,5,9,1690,MILWAUKEE AVE,41.946976,-87.607004,09/07/2017 12:23:00 PM,2017
CR00016688,03/25/2015 09:39:00 AM,35,CLEAR,DAYLIGHT,TURNING,T-INTERSECTION,STOP SIGN/FLASHER,FAILING TO REDUCE SPEED,UNABLE TO DETERMINE,0,0,0,0,9,4,3,812,FULLERTON AVE,41.982285,-87.587742,03/25/2015 11:35:00 AM,2015
CR00016689,09/22/2016 08:43:00 PM,30,CLEAR,DARKNESS - LIGHTED ROAD,ANGLE,ONE-WAY,TRAFFIC SIGNAL,WEATHER,FAILING TO YIELD RIGHT-OF-WAY,0,0,0,0,20,5,9,2294,WESTERN AVE,41.931036,-87.609166,09/22/2016 10:14:00 PM,2016
CR00016690,06/08/2023 09:25:00 AM,15,CLEAR,DAYLIGHT,FIXED OBJECT,DIVIDED - W/MEDIAN BARRIER,NO CONTROLS,FAILING TO YIELD RIGHT-OF-WAY,FAILING TO REDUCE SPEED,0,0,0,0,9,5,6,600,ARCHER AVE,41.914701,-87.591578,06/08/2023 11:23:00 AM,2023
CR00016691,12/27/2020 06:57:00 PM,25,CLEAR,DAYLIGHT,REAR TO FRONT,ONE-WAY,STOP SIGN/FLASHER,IMPROPER LANE USAGE,WEATHER,0,0,0,0,18,1,12,1421,BROADWAY,41.834443,-87.631006,12/27/2020 08:01:00 PM,2020
CR00016692,08/07/2015 02:47:00 PM,35,CLEAR,DAYLIGHT,REAR END,NOT DIVIDED,STOP SIGN/FLASHER,DRIVING SKILLS/KNOWLEDGE/EXPERIENCE,DISREGARDING TRAFFIC SIGNALS,0,0,3,3,14,6,8,639,CLARK ST,41.793034,-87.807995,08/07/2015 03:40:00 PM,2015
CR00016693,11/18/2018 01:40:00 PM,45,FOG/SMOKE/HAZE,DAYLIGHT,REAR END,NOT DIVIDED,PEDESTRIAN CROSSING SIGN,UNABLE TO DETERMINE,DISTRACTION - FROM INSIDE VEHICLE,0,0,0,0,13,1,11,1754,LAKE SHORE DR,41.859285,-87.762154,11/18/2018 02:03:00 PM,2018
CR00016694,09/04/2015 10:44:00 AM,25,CLEAR,DAYLIGHT,TURNING,ONE-WAY,TRAFFIC SIGNAL,UNABLE TO DETERMINE,DRIVING SKILLS/KNOWLEDGE/EXPERIENCE,0,0,2,2,10,6,9,996,PULASKI RD,41.898714,-87.612581,09/04/2015 12:23:00 PM,2015
CR00016695,10/01/2021 12:50:00 PM,45,CLEAR,DARKNESS - LIGHTED ROAD,ANGLE,NOT DIVIDED,NO CONTROLS,UNABLE TO DETERMINE,WEATHER,0,0,0,0,12,6,10,2407,CALIFORNIA AVE,41.911297,-87.642385,10/01/2021 01:05:00 PM,2021
CR00016696,08/22/2022 06:51:00 PM,15,CLEAR,DARKNESS - LIGHTED ROAD,REAR END,NOT DIVIDED,STOP SIGN/FLASHER,FAILING TO YIELD RIGHT-OF-WAY,FAILING TO YIELD RIGHT-OF-WAY,0,0,0,0,18,2,8,715,CLARK ST,41.833366,-87.667072,08/22/2022 08:28:00 PM,2022
CR00016697,04/24/2023 04:55:00 PM,30,CLEAR,DUSK,ANGLE,FOUR WAY,UNKNOWN,UNABLE TO DETERMINE,DISTRACTION - FROM INSIDE VEHICLE,0,0,0,0,16,2,4,120,STONY ISLAND AVE,41.787121,-87.632624,04/24/2023 05:13:00 PM,2023
CR00016698,04/02/2015 04:16:00 AM,30,RAIN,DAYLIGHT,REAR TO FRONT,DIVIDED - W/MEDIAN BARRIER,TRAFFIC SIGNAL,DRIVING SKILLS/KNOWLEDGE/EXPERIENCE,FOLLOWING TOO CLOSELY,0,0,0,0,4,5,4,2166,47TH ST,41.909793,-87.680525,04/02/2015 05:00:00 AM,2015
CR00016699,09/11/2021 12:25:00 PM,30,CLEAR,DAYLIGHT,PARKED MOTOR VEHICLE,NOT DIVIDED,NO CONTROLS,DISREGARDING TRAFFIC SIGNALS,FAILING TO YIELD RIGHT-OF-WAY,0,0,0,0,12,7,9,1939,PULASKI RD,41.953605,-87.766597,09/11/2021 12:36:00 PM,2021
CR00016700,06/20/2024 08:47:00 AM,15,CLEAR,DAYLIGHT,ANGLE,NOT DIVIDED,YIELD,FOLLOWING TOO CLOSELY,UNABLE TO DETERMINE,0,0,1,1,8,5,6,955,DIVISION ST,41.867177,-87.658061,06/20/2024 10:22:00 AM,2024
CR00016701,05/19/2023 06:46:00 PM,30,CLEAR,DUSK,REAR END,DIVIDED - W/MEDIAN BARRIER,TRAFFIC SIGNAL,IMPROPER LANE USAGE,NOT APPLICABLE,0,0,0,0,18,6,5,2509,ASHLAND AVE,41.721593,-87.757035,05/19/2023 08:01:00 PM,2023
CR00016702,08/30/2017 10:18:00 AM,40,CLEAR,DAYLIGHT,REAR END,DIVIDED - W/MEDIAN (NOT RAISED),STOP SIGN/FLASHER,DRIVING SKILLS/KNOWLEDGE/EXPERIENCE,FOLLOWING TOO CLOSELY,0,0,0,0,10,4,8,1804,47TH ST,41.978444,-87.644879,08/30/2017 11:09:00 AM,2017
CR00016703,08/05/2015 07:15:00 AM,40,CLEAR,DARKNESS - LIGHTED ROAD,REAR END,DIVIDED - W/MEDIAN (NOT RAISED),NO CONTROLS,FAILING TO YIELD RIGHT-OF-WAY,DISREGARDING TRAFFIC SIGNALS,0,0,0,0,7,4,8,2500,OGDEN AVE,41.798564,-87.513753,08/05/2015 07:45:00 AM,2015
CR00016704,05/10/2015 05:51:00 AM,15,CLEAR,DAYLIGHT,TURNING,DIVIDED - W/MEDIAN BARRIER,TRAFFIC SIGNAL,FAILING TO REDUCE SPEED,UNABLE TO DETERMINE,0,0,0,0,5,1,5,183,STATE ST,41.911023,-87.519245,05/10/2015 06:00:00 AM,2015
CR00016705,04/08/2015 04:22:00 PM,30,CLEAR,DAYLIGHT,TURNING,DIVIDED - W/MEDIAN (NOT RAISED),TRAFFIC SIGNAL,UNABLE TO DETERMINE,FAILING TO REDUCE SPEED,0,0,0,0,16,4,4,113,CALIFORNIA AVE,41.733582,-87.714082,04/08/2015 05:27:00 PM,2015
CR00016706,08/17/2018 09:18:00 AM,30,SNOW,DARKNESS - LIGHTED ROAD,PARKED MOTOR VEHICLE,NOT DIVIDED,TRAFFIC SIGNAL,DRIVING SKILLS/KNOWLEDGE/EXPERIENCE,UNABLE TO DETERMINE,0,0,1,1,9,6,8,1900,CLARK ST,41.803812,-87.830614,08/17/2018 09:21:00 AM,2018
CR00016707,10/23/2015 07:56:00 AM,40,CLEAR,DAYLIGHT,REAR END,ONE-WAY,NO CONTROLS,UNABLE TO DETERMINE,DISREGARDING TRAFFIC SIGNALS,0,0,3,3,7,6,10,109,CALIFORNIA AVE,41.744383,-87.579136,10/23/2015 08:57:00 AM,2015
CR00016708,04/12/2018 06:50:00 PM,25,CLEAR,DARKNESS - LIGHTED ROAD,FIXED OBJECT,ONE-WAY,NO CONTROLS,UNABLE TO DETERMINE,IMPROPER OVERTAKING/PASSING,0,0,0,0,18,5,4,1250,OGDEN AVE,41.902754,-87.839004,04/12/2018 07:50:00 PM,2018