CRASH_RECORD_ID,CRASH_DATE,POSTED_SPEED_LIMIT,WEATHER_CONDITION,LIGHTING_CONDITION,FIRST_CRASH_TYPE,TRAFFICWAY_TYPE,TRAFFIC_CONTROL_DEVICE,PRIM_CONTRIBUTORY_CAUSE,SEC_CONTRIBUTORY_CAUSE,INJURIES_FATAL,INJURIES_INCAPACITATING,INJURIES_NON_INCAPACITATING,INJURIES_TOTAL,CRASH_HOUR,CRASH_DAY_OF_WEEK,CRASH_MONTH,BEAT_OF_OCCURRENCE,STREET_NAME,LATITUDE,LONGITUDE,DATE_POLICE_NOTIFIED,year
CR00016709,06/02/2015 10:25:00 AM,45,CLEAR,DUSK,PARKED MOTOR VEHICLE,NOT DIVIDED,STOP SIGN/FLASHER,FAILING TO YIELD RIGHT-OF-WAY,UNABLE TO DETERMINE,0,0,1,1,10,3,6,136,63RD ST,41.851072,-87.807361,06/02/2015 10:52:00 AM,2015
CR00016710,09/12/2019 03:35:00 PM,15,CLEAR,DAYLIGHT,REAR END,DIVIDED - W/MEDIAN BARRIER,NO CONTROLS,FAILING TO YIELD RIGHT-OF-WAY,UNABLE TO DETERMINE,0,0,0,0,15,5,9,1247,CLARK ST,41.717651,-87.592566,09/12/2019 04:13:00 PM,2019
CR00016711,12/08/2017 09:24:00 AM,15,CLEAR,DARKNESS - LIGHTED ROAD,PARKED MOTOR VEHICLE,FOUR WAY,TRAFFIC SIGNAL,UNABLE TO DETERMINE,UNABLE TO DETERMINE,0,0,0,0,9,6,12,2432,ELSTON AVE,41.715959,-87.622128,12/08/2017 10:12:00 AM,2017
CR00016712,11/10/2019 08:31:00 AM,35,CLEAR,DAYLIGHT,PARKED MOTOR VEHICLE,ONE-WAY,TRAFFIC SIGNAL,DISTRACTION - FROM INSIDE VEHICLE,FOLLOWING TOO CLOSELY,0,0,0,0,8,1,11,1620,FULLERTON AVE,41.895322,-87.689387,11/10/2019 10:12:00 AM,2019
CR00016713,12/20/2020 11:56:00 AM,15,CLEAR,DAYLIGHT,REAR END,NOT DIVIDED,NO CONTROLS,DISTRACTION - FROM INSIDE VEHICLE,DISREGARDING TRAFFIC SIGNALS,0,0,0,0,11,1,12,417,KEDZIE AVE,41.888449,-87.512162,12/20/2020 12:37:00 PM,2020
CR00016714,02/19/2024 09:51:00 AM,25,CLEAR,DAYLIGHT,SIDESWIPE SAME DIRECTION,ONE-WAY,NO CONTROLS,IMPROPER LANE USAGE,NOT APPLICABLE,0,0,0,0,9,2,2,1250,ELSTON AVE,41.96283,-87.633549,02/19/2024 11:03:00 AM,2024
CR00016715,02/01/2023 07:14:00 AM,30,RAIN,DAYLIGHT,ANGLE,NOT DIVIDED,STOP SIGN/FLASHER,IMPROPER LANE USAGE,FAILING TO REDUCE SPEED,0,0,0,0,7,4,2,1070,ROOSEVELT RD,41.766915,-87.607781,02/01/2023 08:34:00 AM,2023
CR00016716,07/30/2023 11:21:00 AM,30,CLEAR,DAYLIGHT,REAR END,ONE-WAY,STOP SIGN/FLASHER,UNABLE TO DETERMINE,IMPROPER LANE USAGE,0,0,0,0,11,1,7,1739,63RD ST,41.831613,-87.821305,07/30/2023 12:03:00 PM,2023
CR00016717,11/15/2023 05:10:00 AM,20,CLEAR,DAYLIGHT,TURNING,DIVIDED - W/MEDIAN BARRIER,TRAFFIC SIGNAL,WEATHER,DRIVING SKILLS/KNOWLEDGE/EXPERIENCE,0,0,0,0,5,4,11,2464,ASHLAND AVE,41.749468,-87.505334,11/15/2023 06:35:00 AM,2023
CR00016718,10/05/2019 03:35:00 AM,40,CLEAR,DAYLIGHT,REAR END,DIVIDED - W/MEDIAN BARRIER,UNKNOWN,FOLLOWING TOO CLOSELY,FAILING TO REDUCE SPEED,0,0,0,0,3,7,10,1056,STONY ISLAND AVE,41.803181,-87.564439,10/05/2019 03:42:00 AM,2019
CR00016719,09/06/2022 09:31:00 AM,25,SNOW,DARKNESS - LIGHTED ROAD,FIXED OBJECT,DIVIDED - W/MEDIAN (NOT RAISED),NO CONTROLS,IMPROPER OVERTAKING/PASSING,FAILING TO YIELD RIGHT-OF-WAY,0,0,1,1,9,3,9,841,CICERO AVE,41.807935,-87.625658,09/06/2022 09:57:00 AM,2022
CR00016720,01/17/2019 06:12:00 AM,45,RAIN,DARKNESS,REAR END,NOT DIVIDED,TRAFFIC SIGNAL,FAILING TO YIELD RIGHT-OF-WAY,UNABLE TO DETERMINE,0,0,0,0,6,5,1,1258,MILWAUKEE AVE,41.786699,-87.521196,01/17/2019 07:54:00 AM,2019
CR00016721,12/27/2021 11:18:00 PM,45,FREEZING RAIN/DRIZZLE,DAYLIGHT,FIXED OBJECT,NOT DIVIDED,TRAFFIC SIGNAL,IMPROPER OVERTAKING/PASSING,IMPROPER OVERTAKING/PASSING,0,0,0,0,23,2,12,868,CLARK ST,41.806279,-87.547792,12/28/2021 01:02:00 AM,2021
CR00016722,01/13/2019 12:12:00 PM,20,CLEAR,DARKNESS - LIGHTED ROAD,REAR END,ONE-WAY,TRAFFIC SIGNAL,DRIVING SKILLS/KNOWLEDGE/EXPERIENCE,FOLLOWING TOO CLOSELY,0,0,0,0,12,1,1,184,DAMEN AVE,41.988494,-87.612889,01/13/2019 01:38:00 PM,2019
CR00016723,07/11/2022 05:59:00 PM,35,SNOW,DAYLIGHT,FIXED OBJECT,NOT DIVIDED,NO CONTROLS,FAILING TO YIELD RIGHT-OF-WAY,FAILING TO REDUCE SPEED,0,0,0,0,17,2,7,777,HALSTED ST,41.975811,-87.703235,07/11/2022 07:03:00 PM,2022
CR00016724,03/27/2024 07:03:00 PM,30,SNOW,DAYLIGHT,TURNING,DIVIDED - W/MEDIAN BARRIER,NO CONTROLS,FOLLOWING TOO CLOSELY,UNABLE TO DETERMINE,0,0,3,3,19,4,3,2073,CALIFORNIA AVE,41.743392,-87.630009,03/27/2024 07:56:00 PM,2024
CR00016725,10/01/2019 10:38:00 PM,30,CLEAR,DARKNESS - LIGHTED ROAD,PARKED MOTOR VEHICLE,DIVIDED - W/MEDIAN BARRIER,UNKNOWN,IMPROPER OVERTAKING/PASSING,UNABLE TO DETERMINE,0,0,0,0,22,3,10,1863,ARCHER AVE,41.955754,-87.794273,10/01/2019 11:05:00 PM,2019
CR00016726,07/11/2017 03:40:00 PM,30,CLEAR,DAYLIGHT,SIDESWIPE SAME DIRECTION,DIVIDED - W/MEDIAN (NOT RAISED),NO CONTROLS,DISTRACTION - FROM INSIDE VEHICLE,NOT APPLICABLE,0,0,0,0,15,3,7,2438,KEDZIE AVE,41.806708,-87.66316,07/11/2017 05:08:00 PM,2017
CR00016727,09/03/2021 07:25:00 AM,15,CLEAR,DAYLIGHT,ANGLE,DIVIDED - W/MEDIAN (NOT RAISED),TRAFFIC SIGNAL,IMPROPER OVERTAKING/PASSING,DISREGARDING TRAFFIC SIGNALS,0,0,0,0,7,6,9,1903,HALSTED ST,41.851671,-87.671806,09/03/2021 09:10:00 AM,2021
CR00016728,09/01/2018 07:04:00 PM,45,RAIN,DAYLIGHT,TURNING,ONE-WAY,UNKNOWN,UNABLE TO DETERMINE,DRIVING SKILLS/KNOWLEDGE/EXPERIENCE,0,0,0,0,19,7,9,1366,STONY ISLAND AVE,41.711327,-87.729908,09/01/2018 07:47:00 PM,2018
CR00016729,04/12/2017 03:21:00 PM,30,CLEAR,DAYLIGHT,REAR TO FRONT,DIVIDED - W/MEDIAN (NOT RAISED),TRAFFIC SIGNAL,FAILING TO YIELD RIGHT-OF-WAY,IMPROPER LANE USAGE,0,0,0,0,15,4,4,988,ROOSEVELT RD,41.727731,-87.642547,04/12/2017 04:47:00 PM,2017
CR00016730,03/04/2017 05:33:00 PM,20,RAIN,DAYLIGHT,REAR END,DIVIDED - W/MEDIAN BARRIER,PEDESTRIAN CROSSING SIGN,UNABLE TO DETERMINE,FAILING TO YIELD RIGHT-OF-WAY,0,0,0,0,17,7,3,1730,CALIFORNIA AVE,41.978263,-87.669823,03/04/2017 07:26:00 PM,2017
CR00016731,09/19/2020 03:22:00 PM,15,CLEAR,DAYLIGHT,TURNING,DIVIDED - W/MEDIAN (NOT RAISED),NO CONTROLS,DRIVING SKILLS/KNOWLEDGE/EXPERIENCE,FAILING TO REDUCE SPEED,0,2,1,3,15,7,9,2265,WESTERN AVE,41.769093,-87.79074,09/19/2020 04:36:00 PM,2020
CR00016732,08/24/2017 01:23:00 PM,40,FREEZING RAIN/DRIZZLE,DAYLIGHT,REAR END,DIVIDED - W/MEDIAN BARRIER,STOP SIGN/FLASHER,DRIVING SKILLS/KNOWLEDGE/EXPERIENCE,FAILING TO YIELD RIGHT-OF-WAY,0,0,0,0,13,5,8,356,MICHIGAN AVE,41.918214,-87.740537,08/24/2017 01:28:00 PM,2017
CR00016733,03/12/2022 08:55:00 PM,30,SNOW,DAYLIGHT,TURNING,NOT DIVIDED,TRAFFIC SIGNAL,IMPROPER OVERTAKING/PASSING,UNABLE TO DETERMINE,0,0,0,0,20,7,3,618,CALIFORNIA AVE,41.924467,-87.717427,03/12/2022 10:19:00 PM,2022
CR00016734,05/15/2024 10:50:00 AM,20,CLEAR,DAYLIGHT,TURNING,NOT DIVIDED,STOP SIGN/FLASHER,DISTRACTION - FROM INSIDE VEHICLE,NOT APPLICABLE,0,0,0,0,10,4,5,1213,ARCHER AVE,41.828632,-87.584351,05/15/2024 12:41:00 PM,2024
CR00016735,04/26/2020 03:48:00 PM,35,RAIN,DAYLIGHT,REAR END,T-INTERSECTION,STOP SIGN/FLASHER,FOLLOWING TOO CLOSELY,FOLLOWING TOO CLOSELY,0,0,0,0,15,1,4,1601,DIVISION ST,41.740516,-87.831142,04/26/2020 05:46:00 PM,2020
CR00016736,10/09/2020 10:29:00 PM,15,RAIN,DAYLIGHT,REAR END,DIVIDED - W/MEDIAN (NOT RAISED),TRAFFIC SIGNAL,DISTRACTION - FROM INSIDE VEHICLE,NOT APPLICABLE,0,0,0,0,22,6,10,1338,KEDZIE AVE,41.710782,-87.549484,10/10/2020 12:02:00 AM,2020
CR00016737,01/19/2020 06:11:00 PM,20,RAIN,DARKNESS,TURNING,NOT DIVIDED,NO CONTROLS,DRIVING SKILLS/KNOWLEDGE/EXPERIENCE,UNABLE TO DETERMINE,0,0,0,0,18,1,1,924,CLARK ST,41.765272,-87.615061,01/19/2020 07:54:00 PM,2020
CR00016738,07/17/2020 02:03:00 PM,15,CLEAR,DARKNESS - LIGHTED ROAD,PEDESTRIAN,ONE-WAY,NO CONTROLS,UNABLE TO DETERMINE,DRIVING SKILLS/KNOWLEDGE/EXPERIENCE,0,0,0,0,14,6,7,216,CICERO AVE,41.763334,-87.541889,07/17/2020 03:57:00 PM,2020
CR00016739,10/02/2015 11:36:00 AM,30,CLEAR,DARKNESS,REAR TO FRONT,NOT DIVIDED,TRAFFIC SIGNAL,UNABLE TO DETERMINE,NOT APPLICABLE,0,0,0,0,11,6,10,1407,STATE ST,41.729882,-87.655904,10/02/2015 01:10:00 PM,2015
CR00016740,11/06/2020 09:21:00 AM,15,CLEAR,DARKNESS - LIGHTED ROAD,REAR END,ONE-WAY,STOP SIGN/FLASHER,UNABLE TO DETERMINE,WEATHER,0,0,0,0,9,6,11,2198,CICERO AVE,41.801821,-87.548067,11/06/2020 10:52:00 AM,2020
CR00016741,08/02/2016 02:53:00 PM,30,CLEAR,DAYLIGHT,REAR TO FRONT,T-INTERSECTION,NO CONTROLS,DISREGARDING TRAFFIC SIGNALS,NOT APPLICABLE,0,1,2,3,14,3,8,447,KEDZIE AVE,41.926708,-87.816729,08/02/2016 04:16:00 PM,2016
CR00016742,11/22/2024 11:54:00 AM,20,CLEAR,DAYLIGHT,SIDESWIPE SAME DIRECTION,NOT DIVIDED,UNKNOWN,UNABLE TO DETERMINE,FOLLOWING TOO CLOSELY,0,0,0,0,11,6,11,1136,79TH ST,41.785713,-87.539972,11/22/2024 12:39:00 PM,2024
CR00016743,11/09/2021 11:16:00 AM,35,RAIN,DAYLIGHT,TURNING,DIVIDED - W/MEDIAN (NOT RAISED),YIELD,UNABLE TO DETERMINE,FAILING TO REDUCE SPEED,0,0,0,0,11,3,11,1398,ASHLAND AVE,41.99026,-87.751003,11/09/2021 12:17:00 PM,2021
CR00016744,10/23/2020 05:09:00 AM,45,CLEAR,DARKNESS - LIGHTED ROAD,REAR END,NOT DIVIDED,NO CONTROLS,UNABLE TO DETERMINE,UNABLE TO DETERMINE,0,0,1,1,5,6,10,537,IRVING PARK RD,41.885208,-87.751537,10/23/2020 06:02:00 AM,2020
CR00016745,12/03/2023 02:45:00 PM,15,CLEAR,DAYLIGHT,REAR TO FRONT,ONE-WAY,YIELD,DISTRACTION - FROM INSIDE VEHICLE,UNABLE TO DETERMINE,0,0,0,0,14,1,12,1975,CALIFORNIA AVE,41.789595,-87.525817,12/03/2023 04:01:00 PM,2023
CR00016746,05/15/2017 03:23:00 AM,40,CLEAR,DAYLIGHT,REAR END,FOUR WAY,TRAFFIC SIGNAL,WEATHER,FOLLOWING TOO CLOSELY,0,0,0,0,3,2,5,1797,CLARK ST,41.997102,-87.532867,05/15/2017 03:52:00 AM,2017
CR00016747,07/30/2020 01:24:00 AM,30,CLEAR,DARKNESS,SIDESWIPE SAME DIRECTION,NOT DIVIDED,NO CONTROLS,DISTRACTION - FROM INSIDE VEHICLE,FOLLOWING TOO CLOSELY,0,0,0,0,1,5,7,2517,PULASKI RD,41.77116,-87.720648,07/30/2020 01:57:00 AM,2020
CR00016748,05/17/2023 08:23:00 AM,35,CLEAR,DAYLIGHT,REAR END,NOT DIVIDED,NO CONTROLS,DISTRACTION - FROM INSIDE VEHICLE,UNABLE TO DETERMINE,0,0,0,0,8,4,5,1831,HALSTED ST,41.729213,-87.762883,05/17/2023 09:24:00 AM,2023
CR00016749,07/03/2022 08:13:00 PM,30,CLEAR,DAYLIGHT,REAR END,NOT DIVIDED,TRAFFIC SIGNAL,IMPROPER OVERTAKING/PASSING,FAILING TO YIELD RIGHT-OF-WAY,0,0,1,1,20,1,7,1996,HALSTED ST,41.955509,-87.554559,07/03/2022 09:33:00 PM,2022
CR00016750,08/07/2021 04:56:00 PM,15,CLEAR,DAYLIGHT,TURNING,NOT DIVIDED,STOP SIGN/FLASHER,UNABLE TO DETERMINE,FAILING TO REDUCE SPEED,0,1,1,2,16,7,8,1905,PULASKI RD,41.880573,-87.788779,08/07/2021 05:22:00 PM,2021
CR00016751,11/24/2021 05:43:00 PM,30,CLEAR,DAYLIGHT,TURNING,T-INTERSECTION,NO CONTROLS,UNABLE TO DETERMINE,NOT APPLICABLE,0,0,0,0,17,4,11,1705,79TH ST,41.792399,-87.62437,11/24/2021 06:37:00 PM,2021
CR00016752,04/16/2020 02:23:00 PM,30,FOG/SMOKE/HAZE,DAYLIGHT,REAR END,DIVIDED - W/MEDIAN (NOT RAISED),TRAFFIC SIGNAL,DISTRACTION - FROM INSIDE VEHICLE,UNABLE TO DETERMINE,0,0,0,0,14,5,4,1714,CICERO AVE,41.705422,-87.579468,04/16/2020 03:05:00 PM,2020
CR00016753,12/07/2017 08:54:00 AM,40,CLOUDY/OVERCAST,DAYLIGHT,ANGLE,DIVIDED - W/MEDIAN BARRIER,TRAFFIC SIGNAL,DISTRACTION - FROM INSIDE VEHICLE,UNABLE TO DETERMINE,0,0,0,0,8,5,12,2129,CLARK ST,41.813049,-87.660372,12/07/2017 08:57:00 AM,2017
CR00016754,04/10/2019 04:10:00 PM,35,CLEAR,DARKNESS - LIGHTED ROAD,TURNING,NOT DIVIDED,STOP SIGN/FLASHER,UNABLE TO DETERMINE,UNABLE TO DETERMINE,0,0,0,0,16,4,4,873,FULLERTON AVE,41.784079,-87.513964,04/10/2019 05:42:00 PM,2019
CR00016755,03/14/2016 07:11:00 PM,40,SNOW,DARKNESS - LIGHTED ROAD,REAR END,DIVIDED - W/MEDIAN (NOT RAISED),UNKNOWN,IMPROPER OVERTAKING/PASSING,UNABLE TO DETERMINE,0,0,0,0,19,2,3,2510,MICHIGAN AVE,41.90173,-87.732405,03/14/2016 08:07:00 PM,2016
CR00016756,06/07/2016 07:24:00 AM,35,CLEAR,DAYLIGHT,PARKED MOTOR VEHICLE,FOUR WAY,TRAFFIC SIGNAL,UNABLE TO DETERMINE,UNABLE TO DETERMINE,0,0,0,0,7,3,6,1971,MICHIGAN AVE,41.846883,-87.624926,06/07/2016 08:39:00 AM,2016
CR00016757,04/28/2023 03:12:00 PM,15,CLEAR,DARKNESS - LIGHTED ROAD,TURNING,NOT DIVIDED,NO CONTROLS,FAILING TO REDUCE SPEED,UNABLE TO DETERMINE,0,0,0,0,15,6,4,2402,KEDZIE AVE,41.883581,-87.642642,04/28/2023 04:11:00 PM,2023
CR00016758,05/21/2019 09:30:00 AM,45,SNOW,DAYLIGHT,ANGLE,NOT DIVIDED,NO CONTROLS,IMPROPER LANE USAGE,UNABLE TO DETERMINE,0,0,0,0,9,3,5,1166,ASHLAND AVE,41.880734,-87.585842,05/21/2019 09:47:00 AM,2019
CR00016759,09/20/2024 12:57:00 AM,25,CLEAR,DAYLIGHT,REAR END,NOT DIVIDED,TRAFFIC SIGNAL,UNABLE TO DETERMINE,IMPROPER LANE USAGE,0,0,2,2,0,6,9,1339,CLARK ST,41.897622,-87.680075,09/20/2024 02:30:00 AM,2024
CR00016760,07/30/2022 06:13:00 AM,20,RAIN,DAYLIGHT,TURNING,T-INTERSECTION,NO CONTROLS,FAILING TO YIELD RIGHT-OF-WAY,FAILING TO REDUCE SPEED,0,0,0,0,6,7,7,1799,IRVING PARK RD,41.892727,-87.689895,07/30/2022 07:15:00 AM,2022
CR00016761,02/14/2018 07:36:00 AM,45,CLEAR,DAYLIGHT,TURNING,DIVIDED - W/MEDIAN (NOT RAISED),NO CONTROLS,DISTRACTION - FROM INSIDE VEHICLE,NOT APPLICABLE,0,0,0,0,7,4,2,2288,WESTERN AVE,41.840914,-87.805059,02/14/2018 08:43:00 AM,2018
CR00016762,10/17/2016 09:37:00 AM,25,CLEAR,DARKNESS - LIGHTED ROAD,PARKED MOTOR VEHICLE,DIVIDED - W/MEDIAN BARRIER,NO CONTROLS,UNABLE TO DETERMINE,NOT APPLICABLE,0,0,0,0,9,2,10,958,MILWAUKEE AVE,41.993597,-87.760222,10/17/2016 10:37:00 AM,2016
CR00016763,02/19/2020 09:23:00 AM,30,FOG/SMOKE/HAZE,DARKNESS - LIGHTED ROAD,REAR END,ONE-WAY,UNKNOWN,UNABLE TO DETERMINE,NOT APPLICABLE,0,0,1,1,9,4,2,621,63RD ST,41.74568,-87.562629,02/19/2020 10:01:00 AM,2020
CR00016764,03/25/2019 10:30:00 AM,45,CLEAR,DARKNESS - LIGHTED ROAD,TURNING,NOT DIVIDED,NO CONTROLS,IMPROPER LANE USAGE,UNABLE TO DETERMINE,0,0,1,1,10,2,3,833,FULLERTON AVE,41.709725,-87.739975,03/25/2019 10:41:00 AM,2019
CR00016765,06/13/2018 03:42:00 PM,35,CLEAR,DAYLIGHT,REAR END,DIVIDED - W/MEDIAN (NOT RAISED),TRAFFIC SIGNAL,DISTRACTION - FROM INSIDE VEHICLE,UNABLE TO DETERMINE,0,0,0,0,15,4,6,1536,ARCHER AVE,41.957904,-87.558362,06/13/2018 04:00:00 PM,2018
CR00016766,06/24/2022 11:41:00 AM,40,CLEAR,DAYLIGHT,PARKED MOTOR VEHICLE,NOT DIVIDED,NO CONTROLS,DRIVING SKILLS/KNOWLEDGE/EXPERIENCE,NOT APPLICABLE,0,0,0,0,11,6,6,1589,63RD ST,41.865952,-87.700008,06/24/2022 12:40:00 PM,2022
CR00016767,02/11/2019 08:38:00 AM,25,CLEAR,DAYLIGHT,REAR END,NOT DIVIDED,PEDESTRIAN CROSSING SIGN,WEATHER,UNABLE TO DETERMINE,0,0,0,0,8,2,2,1904,CICERO AVE,41.705659,-87.701002,02/11/2019 09:26:00 AM,2019
CR00016768,07/24/2024 06:07:00 AM,25,CLOUDY/OVERCAST,DAYLIGHT,SIDESWIPE SAME DIRECTION,NOT DIVIDED,NO CONTROLS,FOLLOWING TOO CLOSELY,DISTRACTION - FROM INSIDE VEHICLE,0,0,2,2,6,4,7,2305,63RD ST,41.962684,-87.784638,07/24/2024 06:29:00 AM,2024
CR00016769,09/01/2018 07:25:00 AM,30,FREEZING RAIN/DRIZZLE,DARKNESS - LIGHTED ROAD,PARKED MOTOR VEHICLE,FOUR WAY,TRAFFIC SIGNAL,FOLLOWING TOO CLOSELY,DISTRACTION - FROM INSIDE VEHICLE,0,0,1,1,7,7,9,839,IRVING PARK RD,41.985748,-87.841939,09/01/2018 08:16:00 AM,2018
CR00016770,02/01/2016 04:12:00 PM,30,CLEAR,DAYLIGHT,ANGLE,T-INTERSECTION,TRAFFIC SIGNAL,UNABLE TO DETERMINE,FAILING TO YIELD RIGHT-OF-WAY,0,0,0,0,16,2,2,979,ARCHER AVE,41.702021,-87.770991,02/01/2016 05:47:00 PM,2016
CR00016771,08/03/2016 09:38:00 AM,15,CLEAR,DARKNESS - LIGHTED ROAD,TURNING,NOT DIVIDED,NO CONTROLS,IMPROPER LANE USAGE,FOLLOWING TOO CLOSELY,0,0,1,1,9,4,8,376,OGDEN AVE,41.764905,-87.583911,08/03/2016 10:14:00 AM,2016
CR00016772,10/27/2019 01:39:00 PM,25,CLEAR,DARKNESS - LIGHTED ROAD,REAR END,FOUR WAY,STOP SIGN/FLASHER,UNABLE TO DETERMINE,FAILING TO YIELD RIGHT-OF-WAY,0,0,0,0,13,1,10,270,DAMEN AVE,41.814943,-87.839173,10/27/2019 02:42:00 PM,2019
CR00016773,09/20/2022 06:38:00 AM,35,CLOUDY/OVERCAST,DAYLIGHT,SIDESWIPE SAME DIRECTION,ONE-WAY,TRAFFIC SIGNAL,UNABLE TO DETERMINE,IMPROPER LANE USAGE,0,0,0,0,6,3,9,2313,MILWAUKEE AVE,41.986142,-87.835652,09/20/2022 07:36:00 AM,2022
CR00016774,09/26/2017 07:03:00 AM,35,CLEAR,DAYLIGHT,REAR TO FRONT,T-INTERSECTION,NO CONTROLS,FAILING TO YIELD RIGHT-OF-WAY,UNABLE TO DETERMINE,0,0,0,0,7,3,9,823,CICERO AVE,41.833109,-87.687546,09/26/2017 07:40:00 AM,2017
CR00016775,07/14/2020 05:58:00 PM,25,RAIN,DAYLIGHT,REAR END,NOT DIVIDED,TRAFFIC SIGNAL,DRIVING SKILLS/KNOWLEDGE/EXPERIENCE,UNABLE TO DETERMINE,0,0,0,0,17,3,7,286,DAMEN AVE,41.729218,-87.527818,07/14/2020 07:42:00 PM,2020
CR00016776,12/24/2023 09:41:00 AM,15,CLEAR,DAYLIGHT,REAR END,NOT DIVIDED,NO CONTROLS,UNABLE TO DETERMINE,FOLLOWING TOO CLOSELY,0,0,0,0,9,1,12,1695,MILWAUKEE AVE,41.746072,-87.759236,12/24/2023 11:12:00 AM,2023
CR00016777,05/29/2022 03:21:00 PM,30,CLOUDY/OVERCAST,DUSK,PEDESTRIAN,NOT DIVIDED,TRAFFIC SIGNAL,FOLLOWING TOO CLOSELY,DISREGARDING TRAFFIC SIGNALS,0,0,0,0,15,1,5,1943,79TH ST,41.816793,-87.728534,05/29/2022 04:25:00 PM,2022
CR00016778,12/03/2020 03:08:00 PM,30,CLEAR,DAYLIGHT,TURNING,NOT DIVIDED,TRAFFIC SIGNAL,IMPROPER LANE USAGE,NOT APPLICABLE,0,0,1,1,15,5,12,671,ELSTON AVE,41.776441,-87.757476,12/03/2020 03:09:00 PM,2020
CR00016779,09/03/2017 03:33:00 AM,30,CLEAR,DAYLIGHT,REAR END,DIVIDED - W/MEDIAN (NOT RAISED),NO CONTROLS,FOLLOWING TOO CLOSELY,UNABLE TO DETERMINE,0,0,0,0,3,1,9,355,LAKE SHORE DR,41.832626,-87.630796,09/03/2017 05:01:00 AM,2017
CR00016780,04/25/2019 09:43:00 AM,30,SNOW,DARKNESS,REAR END,DIVIDED - W/MEDIAN (NOT RAISED),NO CONTROLS,FAILING TO REDUCE SPEED,IMPROPER LANE USAGE,0,1,3,4,9,5,4,265,LAKE SHORE DR,41.838641,-87.711018,04/25/2019 11:28:00 AM,2019
CR00016781,10/11/2024 10:02:00 AM,30,CLEAR,DAYLIGHT,PARKED MOTOR VEHICLE,DIVIDED - W/MEDIAN (NOT RAISED),TRAFFIC SIGNAL,IMPROPER LANE USAGE,UNABLE TO DETERMINE,0,0,0,0,10,6,10,1358,CALIFORNIA AVE,41.778113,-87.621988,10/11/2024 10:03:00 AM,2024
CR00016782,07/22/2021 12:29:00 AM,30,CLEAR,DAWN,PARKED MOTOR VEHICLE,T-INTERSECTION,UNKNOWN,FAILING TO YIELD RIGHT-OF-WAY,IMPROPER LANE USAGE,0,0,0,0,0,5,7,2413,KEDZIE AVE,41.815278,-87.78492,07/22/2021 12:40:00 AM,2021
CR00016783,08/30/2022 05:57:00 PM,40,CLEAR,DARKNESS - LIGHTED ROAD,REAR END,ONE-WAY,NO CONTROLS,DRIVING SKILLS/KNOWLEDGE/EXPERIENCE,NOT APPLICABLE,0,0,0,0,17,3,8,443,LAKE SHORE DR,41.975227,-87.73452,08/30/2022 07:17:00 PM,2022
CR00016784,05/02/2020 05:55:00 PM,30,CLEAR,DAYLIGHT,REAR END,NOT DIVIDED,STOP SIGN/FLASHER,DRIVING SKILLS/KNOWLEDGE/EXPERIENCE,IMPROPER LANE USAGE,0,0,0,0,17,7,5,1694,STONY ISLAND AVE,41.729308,-87.532067,05/02/2020 06:32:00 PM,2020
CR00016785,09/26/2016 07:52:00 PM,15,CLEAR,DARKNESS - LIGHTED ROAD,TURNING,NOT DIVIDED,NO CONTROLS,FOLLOWING TOO CLOSELY,NOT APPLICABLE,0,0,0,0,19,2,9,1900,CALIFORNIA AVE,41.845797,-87.64152,09/26/2016 08:54:00 PM,2016
CR00016786,11/15/2018 01:25:00 PM,30,RAIN,DARKNESS - LIGHTED ROAD,FIXED OBJECT,NOT DIVIDED,STOP SIGN/FLASHER,DRIVING SKILLS/KNOWLEDGE/EXPERIENCE,NOT APPLICABLE,0,0,0,0,13,5,11,1398,MILWAUKEE AVE,41.785489,-87.765574,11/15/2018 02:07:00 PM,2018
CR00016787,06/15/2017 03:45:00 PM,20,CLEAR,DUSK,REAR END,ONE-WAY,TRAFFIC SIGNAL,FOLLOWING TOO CLOSELY,FAILING TO REDUCE SPEED,0,0,2,2,15,5,6,1988,ROOSEVELT RD,41.969472,-87.681014,06/15/2017 05:11:00 PM,2017
CR00016788,10/23/2024 04:48:00 PM,25,CLEAR,DAYLIGHT,PARKED MOTOR VEHICLE,DIVIDED - W/MEDIAN (NOT RAISED),NO CONTROLS,FAILING TO YIELD RIGHT-OF-WAY,NOT APPLICABLE,0,0,0,0,16,4,10,633,ASHLAND AVE,41.880713,-87.734832,10/23/2024 04:50:00 PM,2024
CR00016789,12/27/2016 08:37:00 PM,30,CLEAR,DAYLIGHT,REAR END,DIVIDED - W/MEDIAN BARRIER,NO CONTROLS,UNABLE TO DETERMINE,IMPROPER LANE USAGE,0,0,2,2,20,3,12,1752,STATE ST,41.973933,-87.568803,12/27/2016 08:40:00 PM,2016
CR00016790,06/21/2023 04:44:00 AM,15,CLEAR,DAYLIGHT,PEDESTRIAN,ONE-WAY,NO CONTROLS,DISREGARDING TRAFFIC SIGNALS,UNABLE TO DETERMINE,0,0,0,0,4,4,6,670,DIVISION ST,41.846243,-87.722503,06/21/2023 05:44:00 AM,2023
CR00016791,08/08/2021 08:31:00 PM,45,CLOUDY/OVERCAST,DARKNESS - LIGHTED ROAD,REAR TO FRONT,T-INTERSECTION,TRAFFIC SIGNAL,DRIVING SKILLS/KNOWLEDGE/EXPERIENCE,FAILING TO YIELD RIGHT-OF-WAY,0,0,3,3,20,1,8,350,HALSTED ST,41.886573,-87.794292,08/08/2021 09:00:00 PM,2021