CRASH_RECORD_ID,CRASH_DATE,POSTED_SPEED_LIMIT,WEATHER_CONDITION,LIGHTING_CONDITION,FIRST_CRASH_TYPE,TRAFFICWAY_TYPE,TRAFFIC_CONTROL_DEVICE,PRIM_CONTRIBUTORY_CAUSE,SEC_CONTRIBUTORY_CAUSE,INJURIES_FATAL,INJURIES_INCAPACITATING,INJURIES_NON_INCAPACITATING,INJURIES_TOTAL,CRASH_HOUR,CRASH_DAY_OF_WEEK,CRASH_MONTH,BEAT_OF_OCCURRENCE,STREET_NAME,LATITUDE,LONGITUDE,DATE_POLICE_NOTIFIED,year
CR00016792,08/03/2023 08:56:00 PM,35,CLEAR,DARKNESS - LIGHTED ROAD,REAR END,NOT DIVIDED,TRAFFIC SIGNAL,DISTRACTION - FROM INSIDE VEHICLE,NOT APPLICABLE,0,0,0,0,20,5,8,2494,BROADWAY,41.932939,-87.617546,08/03/2023 09:33:00 PM,2023
CR00016793,03/20/2019 06:09:00 AM,30,CLEAR,DAYLIGHT,REAR TO FRONT,DIVIDED - W/MEDIAN (NOT RAISED),NO CONTROLS,WEATHER,NOT APPLICABLE,0,0,0,0,6,4,3,2179,CLARK ST,41.820546,-87.628368,03/20/2019 06:17:00 AM,2019
CR00016794,08/18/2016 08:10:00 PM,30,CLEAR,DAYLIGHT,TURNING,NOT DIVIDED,UNKNOWN,FOLLOWING TOO CLOSELY,FAILING TO YIELD RIGHT-OF-WAY,0,0,0,0,20,5,8,1191,STONY ISLAND AVE,41.859352,-87.839465,08/18/2016 09:04:00 PM,2016
CR00016795,04/08/2020 08:38:00 PM,30,SNOW,DAYLIGHT,REAR END,NOT DIVIDED,STOP SIGN/FLASHER,UNABLE TO DETERMINE,FOLLOWING TOO CLOSELY,0,0,3,3,20,4,4,1246,CICERO AVE,41.963619,-87.73399,04/08/2020 09:23:00 PM,2020
CR00016796,11/20/2019 03:16:00 PM,30,CLEAR,DAYLIGHT,REAR END,NOT DIVIDED,UNKNOWN,IMPROPER OVERTAKING/PASSING,FAILING TO YIELD RIGHT-OF-WAY,0,0,0,0,15,4,11,1494,ELSTON AVE,41.917916,-87.602077,11/20/2019 04:02:00 PM,2019
CR00016797,08/06/2024 05:04:00 PM,40,CLEAR,DAYLIGHT,SIDESWIPE SAME DIRECTION,NOT DIVIDED,STOP SIGN/FLASHER,FOLLOWING TOO CLOSELY,UNABLE TO DETERMINE,0,0,0,0,17,3,8,448,HALSTED ST,41.754072,-87.648434,08/06/2024 05:40:00 PM,2024
CR00016798,02/15/2016 02:53:00 AM,25,CLEAR,DAYLIGHT,REAR END,FOUR WAY,NO CONTROLS,UNABLE TO DETERMINE,FOLLOWING TOO CLOSELY,0,0,0,0,2,2,2,1905,WESTERN AVE,41.907496,-87.691898,02/15/2016 04:15:00 AM,2016
CR00016799,11/02/2018 03:38:00 PM,30,CLEAR,DARKNESS - LIGHTED ROAD,PARKED MOTOR VEHICLE,NOT DIVIDED,STOP SIGN/FLASHER,UNABLE TO DETERMINE,FAILING TO YIELD RIGHT-OF-WAY,0,0,0,0,15,6,11,1660,HALSTED ST,41.711556,-87.673007,11/02/2018 04:01:00 PM,2018
CR00016800,03/30/2020 08:14:00 PM,20,CLEAR,DUSK,REAR TO FRONT,NOT DIVIDED,NO CONTROLS,FOLLOWING TOO CLOSELY,NOT APPLICABLE,0,0,0,0,20,2,3,1772,IRVING PARK RD,41.988278,-87.822601,03/30/2020 09:47:00 PM,2020
CR00016801,04/16/2016 11:29:00 AM,30,CLEAR,DARKNESS - LIGHTED ROAD,REAR END,ONE-WAY,NO CONTROLS,FOLLOWING TOO CLOSELY,WEATHER,0,0,0,0,11,7,4,1124,PULASKI RD,41.976087,-87.658291,04/16/2016 11:53:00 AM,2016
CR00016802,06/05/2017 04:10:00 PM,30,CLOUDY/OVERCAST,DARKNESS,ANGLE,ONE-WAY,STOP SIGN/FLASHER,IMPROPER LANE USAGE,NOT APPLICABLE,0,1,0,1,16,2,6,2202,ARCHER AVE,41.867607,-87.610552,06/05/2017 05:41:00 PM,2017
CR00016803,07/31/2016 04:21:00 PM,45,RAIN,DAYLIGHT,TURNING,FOUR WAY,STOP SIGN/FLASHER,UNABLE TO DETERMINE,UNABLE TO DETERMINE,0,1,2,3,16,1,7,809,STONY ISLAND AVE,41.825704,-87.596748,07/31/2016 04:48:00 PM,2016
CR00016804,10/26/2017 02:47:00 PM,30,CLEAR,DAYLIGHT,TURNING,T-INTERSECTION,NO CONTROLS,UNABLE TO DETERMINE,UNABLE TO DETERMINE,0,0,0,0,14,5,10,1319,OGDEN AVE,41.933616,-87.705536,10/26/2017 03:21:00 PM,2017
CR00016805,08/30/2021 12:26:00 PM,30,CLEAR,DAYLIGHT,SIDESWIPE SAME DIRECTION,ONE-WAY,STOP SIGN/FLASHER,FOLLOWING TOO CLOSELY,UNABLE TO DETERMINE,0,2,1,3,12,2,8,1173,LAKE SHORE DR,41.792356,-87.745504,08/30/2021 02:06:00 PM,2021
CR00016806,04/10/2020 07:36:00 AM,25,CLEAR,DAYLIGHT,REAR END,NOT DIVIDED,STOP SIGN/FLASHER,UNABLE TO DETERMINE,UNABLE TO DETERMINE,0,0,0,0,7,6,4,2427,CALIFORNIA AVE,41.761029,-87.829339,04/10/2020 09:15:00 AM,2020
CR00016807,07/05/2015 03:27:00 PM,20,CLEAR,DAYLIGHT,REAR TO FRONT,FOUR WAY,NO CONTROLS,UNABLE TO DETERMINE,DRIVING SKILLS/KNOWLEDGE/EXPERIENCE,0,0,0,0,15,1,7,2284,OGDEN AVE,41.884444,-87.64915,07/05/2015 04:32:00 PM,2015
CR00016808,01/25/2022 03:49:00 PM,30,FOG/SMOKE/HAZE,DAYLIGHT,PARKED MOTOR VEHICLE,NOT DIVIDED,TRAFFIC SIGNAL,FAILING TO YIELD RIGHT-OF-WAY,UNABLE TO DETERMINE,0,0,1,1,15,3,1,1620,PULASKI RD,41.796384,-87.737593,01/25/2022 04:34:00 PM,2022
CR00016809,05/22/2023 06:56:00 PM,15,CLEAR,DAYLIGHT,TURNING,NOT DIVIDED,STOP SIGN/FLASHER,WEATHER,DRIVING SKILLS/KNOWLEDGE/EXPERIENCE,0,0,0,0,18,2,5,1489,PULASKI RD,41.72727,-87.527987,05/22/2023 07:36:00 PM,2023
CR00016810,03/20/2022 05:02:00 PM,15,CLEAR,DAYLIGHT,TURNING,DIVIDED - W/MEDIAN (NOT RAISED),NO CONTROLS,FOLLOWING TOO CLOSELY,NOT APPLICABLE,0,1,2,3,17,1,3,1169,CALIFORNIA AVE,41.988136,-87.521118,03/20/2022 05:57:00 PM,2022
CR00016811,07/30/2023 11:30:00 PM,40,CLEAR,DAYLIGHT,FIXED OBJECT,NOT DIVIDED,TRAFFIC SIGNAL,IMPROPER OVERTAKING/PASSING,UNABLE TO DETERMINE,0,0,0,0,23,1,7,1075,STATE ST,41.789339,-87.818203,07/31/2023 12:41:00 AM,2023
CR00016812,12/29/2020 06:23:00 PM,35,FOG/SMOKE/HAZE,DAYLIGHT,SIDESWIPE SAME DIRECTION,FOUR WAY,NO CONTROLS,IMPROPER OVERTAKING/PASSING,IMPROPER LANE USAGE,0,0,0,0,18,3,12,306,FULLERTON AVE,41.850602,-87.515702,12/29/2020 06:34:00 PM,2020
CR00016813,05/28/2024 01:02:00 PM,15,CLEAR,DAYLIGHT,REAR TO FRONT,NOT DIVIDED,STOP SIGN/FLASHER,UNABLE TO DETERMINE,FAILING TO YIELD RIGHT-OF-WAY,0,0,3,3,13,3,5,1514,STONY ISLAND AVE,41.76158,-87.601836,05/28/2024 01:34:00 PM,2024
CR00016814,05/04/2020 09:24:00 AM,20,RAIN,DARKNESS - LIGHTED ROAD,REAR END,NOT DIVIDED,TRAFFIC SIGNAL,UNABLE TO DETERMINE,FAILING TO YIELD RIGHT-OF-WAY,0,0,0,0,9,2,5,275,PULASKI RD,41.947817,-87.69939,05/04/2020 10:22:00 AM,2020
CR00016815,11/21/2019 05:49:00 PM,40,CLEAR,DAYLIGHT,REAR TO FRONT,DIVIDED - W/MEDIAN (NOT RAISED),NO CONTROLS,FAILING TO YIELD RIGHT-OF-WAY,FOLLOWING TOO CLOSELY,0,0,0,0,17,5,11,1774,HALSTED ST,41.73409,-87.775057,11/21/2019 07:43:00 PM,2019
CR00016816,10/23/2017 07:32:00 AM,30,CLEAR,DARKNESS,TURNING,NOT DIVIDED,NO CONTROLS,FAILING TO YIELD RIGHT-OF-WAY,UNABLE TO DETERMINE,0,0,0,0,7,2,10,2270,63RD ST,41.794889,-87.798393,10/23/2017 07:37:00 AM,2017
CR00016817,08/27/2022 12:05:00 AM,30,CLEAR,DARKNESS - LIGHTED ROAD,ANGLE,DIVIDED - W/MEDIAN (NOT RAISED),NO CONTROLS,UNABLE TO DETERMINE,DISTRACTION - FROM INSIDE VEHICLE,0,0,1,1,0,7,8,2466,ROOSEVELT RD,41.921722,-87.543626,08/27/2022 01:44:00 AM,2022
CR00016818,03/08/2018 07:35:00 AM,35,CLOUDY/OVERCAST,DAYLIGHT,REAR END,DIVIDED - W/MEDIAN (NOT RAISED),TRAFFIC SIGNAL,UNABLE TO DETERMINE,NOT APPLICABLE,0,0,0,0,7,5,3,1987,ASHLAND AVE,41.903622,-87.640513,03/08/2018 08:59:00 AM,2018
CR00016819,06/18/2024 09:48:00 AM,25,CLOUDY/OVERCAST,DARKNESS - LIGHTED ROAD,TURNING,DIVIDED - W/MEDIAN (NOT RAISED),NO CONTROLS,FAILING TO YIELD RIGHT-OF-WAY,NOT APPLICABLE,0,0,0,0,9,3,6,218,ELSTON AVE,41.907016,-87.518256,06/18/2024 10:23:00 AM,2024
CR00016820,10/04/2020 08:44:00 PM,30,CLEAR,DAYLIGHT,REAR END,NOT DIVIDED,NO CONTROLS,IMPROPER LANE USAGE,UNABLE TO DETERMINE,0,0,2,2,20,1,10,2195,OGDEN AVE,41.922453,-87.686645,10/04/2020 10:08:00 PM,2020
CR00016821,06/16/2023 01:32:00 PM,30,CLEAR,DAYLIGHT,FIXED OBJECT,DIVIDED - W/MEDIAN (NOT RAISED),NO CONTROLS,DRIVING SKILLS/KNOWLEDGE/EXPERIENCE,DISTRACTION - FROM INSIDE VEHICLE,0,0,0,0,13,6,6,506,ASHLAND AVE,41.731483,-87.764422,06/16/2023 02:25:00 PM,2023
CR00016822,09/07/2023 07:27:00 AM,15,CLEAR,DAYLIGHT,TURNING,NOT DIVIDED,NO CONTROLS,FAILING TO YIELD RIGHT-OF-WAY,FOLLOWING TOO CLOSELY,0,0,0,0,7,5,9,1667,HALSTED ST,41.776167,-87.83439,09/07/2023 08:28:00 AM,2023
CR00016823,11/29/2020 07:16:00 AM,30,CLEAR,DAWN,REAR END,FOUR WAY,STOP SIGN/FLASHER,FOLLOWING TOO CLOSELY,IMPROPER OVERTAKING/PASSING,0,0,0,0,7,1,11,398,HALSTED ST,41.710892,-87.698074,11/29/2020 07:34:00 AM,2020
CR00016824,09/02/2016 07:55:00 PM,20,CLEAR,DAYLIGHT,FIXED OBJECT,NOT DIVIDED,UNKNOWN,DISTRACTION - FROM INSIDE VEHICLE,NOT APPLICABLE,0,0,0,0,19,6,9,262,CALIFORNIA AVE,41.898755,-87.732115,09/02/2016 09:23:00 PM,2016
CR00016825,11/24/2022 08:55:00 AM,35,CLOUDY/OVERCAST,DAYLIGHT,PEDESTRIAN,NOT DIVIDED,TRAFFIC SIGNAL,DISTRACTION - FROM INSIDE VEHICLE,UNABLE TO DETERMINE,0,0,0,0,8,5,11,2420,47TH ST,41.723691,-87.78418,11/24/2022 09:26:00 AM,2022
CR00016826,04/24/2019 12:24:00 PM,25,CLEAR,DARKNESS,REAR END,DIVIDED - W/MEDIAN (NOT RAISED),TRAFFIC SIGNAL,FAILING TO YIELD RIGHT-OF-WAY,UNABLE TO DETERMINE,0,0,1,1,12,4,4,1572,63RD ST,41.93246,-87.839434,04/24/2019 01:53:00 PM,2019
CR00016827,05/06/2021 04:42:00 AM,35,CLEAR,DAYLIGHT,REAR END,NOT DIVIDED,NO CONTROLS,UNABLE TO DETERMINE,FAILING TO YIELD RIGHT-OF-WAY,0,0,0,0,4,5,5,497,79TH ST,41.934835,-87.570239,05/06/2021 05:55:00 AM,2021
CR00016828,09/14/2023 06:04:00 PM,30,CLEAR,DARKNESS - LIGHTED ROAD,REAR END,FOUR WAY,TRAFFIC SIGNAL,UNABLE TO DETERMINE,IMPROPER OVERTAKING/PASSING,0,0,0,0,18,5,9,1407,OGDEN AVE,41.858448,-87.744596,09/14/2023 06:12:00 PM,2023
CR00016829,03/29/2022 01:19:00 AM,35,CLEAR,DAYLIGHT,ANGLE,NOT DIVIDED,TRAFFIC SIGNAL,DISTRACTION - FROM INSIDE VEHICLE,UNABLE TO DETERMINE,0,0,0,0,1,3,3,981,WESTERN AVE,41.969248,-87.805718,03/29/2022 03:16:00 AM,2022
CR00016830,12/25/2016 12:34:00 PM,30,RAIN,DAYLIGHT,TURNING,DIVIDED - W/MEDIAN BARRIER,STOP SIGN/FLASHER,DISTRACTION - FROM INSIDE VEHICLE,FOLLOWING TOO CLOSELY,0,0,0,0,12,1,12,1960,MILWAUKEE AVE,41.87967,-87.814226,12/25/2016 02:09:00 PM,2016
CR00016831,01/30/2018 09:43:00 AM,30,CLEAR,DAYLIGHT,SIDESWIPE SAME DIRECTION,DIVIDED - W/MEDIAN BARRIER,NO CONTROLS,FAILING TO REDUCE SPEED,NOT APPLICABLE,0,0,0,0,9,3,1,1334,KEDZIE AVE,41.711452,-87.712438,01/30/2018 09:44:00 AM,2018
CR00016832,12/25/2019 10:45:00 AM,30,CLEAR,DAYLIGHT,ANGLE,NOT DIVIDED,TRAFFIC SIGNAL,UNABLE TO DETERMINE,UNABLE TO DETERMINE,0,0,0,0,10,4,12,289,LAKE SHORE DR,41.829081,-87.760164,12/25/2019 11:30:00 AM,2019
CR00016833,06/13/2020 08:43:00 AM,30,CLOUDY/OVERCAST,DAYLIGHT,REAR TO FRONT,NOT DIVIDED,NO CONTROLS,FOLLOWING TOO CLOSELY,DRIVING SKILLS/KNOWLEDGE/EXPERIENCE,0,0,0,0,8,7,6,2013,DIVISION ST,41.817546,-87.606921,06/13/2020 10:43:00 AM,2020
CR00016834,02/22/2015 07:04:00 AM,20,CLEAR,DARKNESS - LIGHTED ROAD,REAR END,NOT DIVIDED,NO CONTROLS,WEATHER,DRIVING SKILLS/KNOWLEDGE/EXPERIENCE,0,0,0,0,7,1,2,177,STONY ISLAND AVE,41.810788,-87.50653,02/22/2015 07:57:00 AM,2015
CR00016835,05/27/2024 06:32:00 PM,45,CLEAR,DARKNESS - LIGHTED ROAD,REAR END,NOT DIVIDED,NO CONTROLS,FAILING TO REDUCE SPEED,NOT APPLICABLE,0,0,0,0,18,2,5,2111,BROADWAY,41.932256,-87.520348,05/27/2024 06:43:00 PM,2024
CR00016836,09/02/2023 12:23:00 PM,20,CLEAR,DAYLIGHT,PARKED MOTOR VEHICLE,DIVIDED - W/MEDIAN (NOT RAISED),STOP SIGN/FLASHER,UNABLE TO DETERMINE,IMPROPER OVERTAKING/PASSING,0,0,0,0,12,7,9,2399,DIVISION ST,41.898341,-87.578854,09/02/2023 01:42:00 PM,2023
CR00016837,05/24/2018 10:41:00 PM,35,CLEAR,DUSK,REAR END,DIVIDED - W/MEDIAN BARRIER,NO CONTROLS,DISTRACTION - FROM INSIDE VEHICLE,UNABLE TO DETERMINE,0,0,0,0,22,5,5,947,PULASKI RD,41.7038,-87.715309,05/24/2018 11:11:00 PM,2018
CR00016838,04/01/2024 04:49:00 PM,30,CLEAR,DAYLIGHT,PARKED MOTOR VEHICLE,NOT DIVIDED,NO CONTROLS,UNABLE TO DETERMINE,FAILING TO REDUCE SPEED,0,0,0,0,16,2,4,2515,PULASKI RD,41.728671,-87.727217,04/01/2024 04:50:00 PM,2024
CR00016839,05/09/2024 06:40:00 PM,30,CLOUDY/OVERCAST,DAYLIGHT,REAR END,NOT DIVIDED,YIELD,DRIVING SKILLS/KNOWLEDGE/EXPERIENCE,UNABLE TO DETERMINE,0,0,0,0,18,5,5,483,47TH ST,41.712285,-87.641085,05/09/2024 07:01:00 PM,2024
CR00016840,03/04/2017 06:28:00 PM,35,CLEAR,DAYLIGHT,SIDESWIPE SAME DIRECTION,NOT DIVIDED,TRAFFIC SIGNAL,FOLLOWING TOO CLOSELY,UNABLE TO DETERMINE,0,2,0,2,18,7,3,1801,HALSTED ST,41.757942,-87.809461,03/04/2017 06:41:00 PM,2017
CR00016841,06/01/2015 03:58:00 PM,25,CLOUDY/OVERCAST,DARKNESS - LIGHTED ROAD,PARKED MOTOR VEHICLE,NOT DIVIDED,TRAFFIC SIGNAL,DRIVING SKILLS/KNOWLEDGE/EXPERIENCE,FAILING TO YIELD RIGHT-OF-WAY,0,0,0,0,15,2,6,1647,PULASKI RD,41.72861,-87.531362,06/01/2015 04:59:00 PM,2015
CR00016842,05/07/2016 08:12:00 AM,25,CLEAR,DAYLIGHT,PARKED MOTOR VEHICLE,FOUR WAY,TRAFFIC SIGNAL,IMPROPER OVERTAKING/PASSING,UNABLE TO DETERMINE,0,0,0,0,8,7,5,107,ROOSEVELT RD,41.821414,-87.564232,05/07/2016 08:54:00 AM,2016
CR00016843,08/13/2020 06:17:00 AM,25,CLEAR,DAYLIGHT,REAR END,NOT DIVIDED,STOP SIGN/FLASHER,FAILING TO YIELD RIGHT-OF-WAY,IMPROPER LANE USAGE,0,0,0,0,6,5,8,2087,DIVISION ST,41.827787,-87.834421,08/13/2020 07:52:00 AM,2020
CR00016844,05/18/2015 06:43:00 PM,30,CLEAR,DAYLIGHT,TURNING,T-INTERSECTION,STOP SIGN/FLASHER,FAILING TO YIELD RIGHT-OF-WAY,WEATHER,0,0,0,0,18,2,5,1772,STATE ST,41.887103,-87.569273,05/18/2015 07:32:00 PM,2015
CR00016845,07/04/2016 06:20:00 PM,20,CLEAR,DAYLIGHT,ANGLE,DIVIDED - W/MEDIAN (NOT RAISED),UNKNOWN,IMPROPER OVERTAKING/PASSING,DISREGARDING TRAFFIC SIGNALS,0,2,2,4,18,2,7,1584,CALIFORNIA AVE,41.717988,-87.562328,07/04/2016 06:58:00 PM,2016
CR00016846,08/27/2016 09:12:00 AM,30,CLEAR,DAYLIGHT,TURNING,NOT DIVIDED,TRAFFIC SIGNAL,UNABLE TO DETERMINE,DRIVING SKILLS/KNOWLEDGE/EXPERIENCE,0,0,0,0,9,7,8,1858,ROOSEVELT RD,41.981897,-87.616474,08/27/2016 10:35:00 AM,2016
CR00016847,05/15/2020 07:59:00 AM,15,CLEAR,DARKNESS - LIGHTED ROAD,TURNING,NOT DIVIDED,NO CONTROLS,UNABLE TO DETERMINE,NOT APPLICABLE,0,0,0,0,7,6,5,1734,47TH ST,41.99486,-87.686374,05/15/2020 08:55:00 AM,2020
CR00016848,10/07/2020 03:24:00 PM,35,CLEAR,DAYLIGHT,PARKED MOTOR VEHICLE,NOT DIVIDED,STOP SIGN/FLASHER,IMPROPER LANE USAGE,FAILING TO YIELD RIGHT-OF-WAY,0,0,0,0,15,4,10,2302,79TH ST,41.762309,-87.608528,10/07/2020 04:59:00 PM,2020
CR00016849,01/09/2018 10:46:00 AM,30,RAIN,DUSK,REAR END,NOT DIVIDED,TRAFFIC SIGNAL,UNABLE TO DETERMINE,UNABLE TO DETERMINE,0,0,0,0,10,3,1,1547,DIVISION ST,41.998053,-87.57109,01/09/2018 11:29:00 AM,2018
CR00016850,11/02/2018 04:53:00 PM,35,CLEAR,DAYLIGHT,REAR END,T-INTERSECTION,UNKNOWN,IMPROPER OVERTAKING/PASSING,FOLLOWING TOO CLOSELY,0,0,0,0,16,6,11,1653,PULASKI RD,41.884336,-87.78478,11/02/2018 06:05:00 PM,2018
CR00016851,08/09/2021 07:38:00 AM,40,RAIN,DAYLIGHT,TURNING,NOT DIVIDED,STOP SIGN/FLASHER,UNABLE TO DETERMINE,UNABLE TO DETERMINE,0,0,0,0,7,2,8,2249,63RD ST,41.794128,-87.752233,08/09/2021 08:59:00 AM,2021
CR00016852,03/30/2018 11:21:00 AM,30,CLEAR,DAYLIGHT,ANGLE,NOT DIVIDED,STOP SIGN/FLASHER,UNABLE TO DETERMINE,FAILING TO REDUCE SPEED,0,0,0,0,11,6,3,1334,CLARK ST,41.906451,-87.59915,03/30/2018 12:09:00 PM,2018
CR00016853,05/08/2023 01:07:00 PM,20,SNOW,DAYLIGHT,TURNING,ONE-WAY,STOP SIGN/FLASHER,DRIVING SKILLS/KNOWLEDGE/EXPERIENCE,IMPROPER OVERTAKING/PASSING,0,0,3,3,13,2,5,696,CICERO AVE,41.874508,-87.537445,05/08/2023 02:15:00 PM,2023
CR00016854,01/26/2022 09:26:00 AM,40,CLEAR,DAYLIGHT,TURNING,ONE-WAY,NO CONTROLS,FOLLOWING TOO CLOSELY,FAILING TO YIELD RIGHT-OF-WAY,0,0,0,0,9,4,1,364,OGDEN AVE,41.779291,-87.795009,01/26/2022 09:58:00 AM,2022
CR00016855,10/18/2016 12:50:00 PM,25,RAIN,DARKNESS - LIGHTED ROAD,REAR END,ONE-WAY,NO CONTROLS,UNABLE TO DETERMINE,UNABLE TO DETERMINE,0,0,0,0,12,3,10,1021,IRVING PARK RD,41.840921,-87.522349,10/18/2016 12:53:00 PM,2016
CR00016856,02/24/2022 07:15:00 PM,30,CLEAR,DAYLIGHT,TURNING,NOT DIVIDED,TRAFFIC SIGNAL,FAILING TO YIELD RIGHT-OF-WAY,NOT APPLICABLE,0,0,1,1,19,5,2,1982,79TH ST,41.932663,-87.636979,02/24/2022 08:24:00 PM,2022
CR00016857,03/16/2015 06:54:00 AM,30,RAIN,DAYLIGHT,REAR END,DIVIDED - W/MEDIAN (NOT RAISED),NO CONTROLS,FAILING TO YIELD RIGHT-OF-WAY,UNABLE TO DETERMINE,0,0,0,0,6,2,3,2396,ROOSEVELT RD,41.935513,-87.674214,03/16/2015 07:42:00 AM,2015
CR00016858,05/28/2015 05:12:00 PM,30,FOG/SMOKE/HAZE,DAYLIGHT,REAR END,NOT DIVIDED,UNKNOWN,UNABLE TO DETERMINE,IMPROPER LANE USAGE,0,0,0,0,17,5,5,1304,OGDEN AVE,41.926979,-87.649752,05/28/2015 05:48:00 PM,2015
CR00016859,09/03/2021 01:59:00 AM,40,CLEAR,DAYLIGHT,ANGLE,ONE-WAY,NO CONTROLS,FAILING TO YIELD RIGHT-OF-WAY,UNABLE TO DETERMINE,0,0,0,0,1,6,9,1580,WESTERN AVE,41.93906,-87.725876,09/03/2021 03:49:00 AM,2021
CR00016860,02/18/2021 12:09:00 PM,15,CLEAR,DAWN,REAR END,DIVIDED - W/MEDIAN (NOT RAISED),UNKNOWN,FOLLOWING TOO CLOSELY,FOLLOWING TOO CLOSELY,0,0,0,0,12,5,2,2407,HALSTED ST,41.993677,-87.646333,02/18/2021 12:42:00 PM,2021
CR00016861,04/17/2022 08:42:00 PM,35,CLEAR,DAYLIGHT,REAR END,FOUR WAY,STOP SIGN/FLASHER,UNABLE TO DETERMINE,UNABLE TO DETERMINE,0,0,0,0,20,1,4,381,ARCHER AVE,41.830632,-87.764105,04/17/2022 09:38:00 PM,2022
CR00016862,12/31/2018 08:17:00 AM,30,CLEAR,DAYLIGHT,ANGLE,DIVIDED - W/MEDIAN (NOT RAISED),NO CONTROLS,UNABLE TO DETERMINE,IMPROPER OVERTAKING/PASSING,0,0,0,0,8,2,12,558,LAKE SHORE DR,41.927564,-87.564682,12/31/2018 08:28:00 AM,2018
CR00016863,06/13/2019 05:11:00 PM,25,CLEAR,DARKNESS - LIGHTED ROAD,SIDESWIPE SAME DIRECTION,NOT DIVIDED,NO CONTROLS,UNABLE TO DETERMINE,IMPROPER OVERTAKING/PASSING,0,0,0,0,17,5,6,713,OGDEN AVE,41.877403,-87.771211,06/13/2019 06:41:00 PM,2019
CR00016864,06/28/2017 12:11:00 PM,40,CLEAR,DAYLIGHT,REAR TO FRONT,NOT DIVIDED,UNKNOWN,FOLLOWING TOO CLOSELY,UNABLE TO DETERMINE,0,0,0,0,12,4,6,2535,79TH ST,41.767846,-87.668726,06/28/2017 01:40:00 PM,2017
CR00016865,04/19/2021 06:00:00 PM,30,CLEAR,DARKNESS - LIGHTED ROAD,TURNING,NOT DIVIDED,TRAFFIC SIGNAL,DISTRACTION - FROM INSIDE VEHICLE,UNABLE TO DETERMINE,0,2,2,4,18,2,4,2268,STONY ISLAND AVE,41.933187,-87.784741,04/19/2021 07:28:00 PM,2021
CR00016866,08/01/2024 10:39:00 AM,30,CLEAR,DAYLIGHT,FIXED OBJECT,DIVIDED - W/MEDIAN BARRIER,TRAFFIC SIGNAL,FAILING TO REDUCE SPEED,UNABLE TO DETERMINE,0,0,0,0,10,5,8,2164,FULLERTON AVE,41.992188,-87.64882,08/01/2024 12:30:00 PM,2024
CR00016867,02/04/2021 10:34:00 AM,30,CLEAR,DARKNESS - LIGHTED ROAD,SIDESWIPE SAME DIRECTION,DIVIDED - W/MEDIAN (NOT RAISED),TRAFFIC SIGNAL,DISTRACTION - FROM INSIDE VEHICLE,NOT APPLICABLE,0,0,0,0,10,5,2,373,IRVING PARK RD,41.779169,-87.670315,02/04/2021 11:36:00 AM,2021
CR00016868,07/28/2018 11:56:00 AM,25,CLEAR,DARKNESS,ANGLE,ONE-WAY,STOP SIGN/FLASHER,FAILING TO YIELD RIGHT-OF-WAY,UNABLE TO DETERMINE,0,0,1,1,11,7,7,1285,LAKE SHORE DR,41.781105,-87.675163,07/28/2018 01:00:00 PM,2018
CR00016869,11/06/2018 07:38:00 PM,45,CLEAR,DAYLIGHT,TURNING,NOT DIVIDED,TRAFFIC SIGNAL,FAILING TO YIELD RIGHT-OF-WAY,UNABLE TO DETERMINE,0,0,0,0,19,3,11,492,DIVISION ST,41.719135,-87.777424,11/06/2018 08:02:00 PM,2018
CR00016870,10/11/2024 03:22:00 PM,30,CLEAR,DARKNESS,REAR TO FRONT,NOT DIVIDED,TRAFFIC SIGNAL,DISREGARDING TRAFFIC SIGNALS,IMPROPER LANE USAGE,0,0,0,0,15,6,10,673,MICHIGAN AVE,41.912156,-87.582329,10/11/2024 03:33:00 PM,2024
CR00016871,05/16/2017 06:45:00 PM,30,CLEAR,DARKNESS - LIGHTED ROAD,REAR END,ONE-WAY,NO CONTROLS,FAILING TO YIELD RIGHT-OF-WAY,FOLLOWING TOO CLOSELY,0,0,0,0,18,3,5,135,ELSTON AVE,41.991791,-87.667945,05/16/2017 08:33:00 PM,2017
CR00016872,08/07/2016 02:01:00 PM,20,CLEAR,DAYLIGHT,ANGLE,DIVIDED - W/MEDIAN BARRIER,NO CONTROLS,UNABLE TO DETERMINE,UNABLE TO DETERMINE,0,0,3,3,14,1,8,1932,CLARK ST,41.876118,-87.654401,08/07/2016 03:42:00 PM,2016
CR00016873,10/16/2023 07:50:00 PM,35,RAIN,DAYLIGHT,SIDESWIPE SAME DIRECTION,DIVIDED - W/MEDIAN BARRIER,TRAFFIC SIGNAL,FOLLOWING TOO CLOSELY,FOLLOWING TOO CLOSELY,0,0,1,1,19,2,10,1976,CALIFORNIA AVE,41.749254,-87.582685,10/16/2023 08:31:00 PM,2023
CR00016874,01/09/2017 06:31:00 PM,30,CLEAR,DUSK,SIDESWIPE SAME DIRECTION,DIVIDED - W/MEDIAN (NOT RAISED),NO CONTROLS,IMPROPER LANE USAGE,IMPROPER OVERTAKING/PASSING,0,0,0,0,18,2,1,1589,ARCHER AVE,41.742426,-87.807558,01/09/2017 07:58:00 PM,2017