CRASH_RECORD_ID,CRASH_DATE,POSTED_SPEED_LIMIT,WEATHER_CONDITION,LIGHTING_CONDITION,FIRST_CRASH_TYPE,TRAFFICWAY_TYPE,TRAFFIC_CONTROL_DEVICE,PRIM_CONTRIBUTORY_CAUSE,SEC_CONTRIBUTORY_CAUSE,INJURIES_FATAL,INJURIES_INCAPACITATING,INJURIES_NON_INCAPACITATING,INJURIES_TOTAL,CRASH_HOUR,CRASH_DAY_OF_WEEK,CRASH_MONTH,BEAT_OF_OCCURRENCE,STREET_NAME,LATITUDE,LONGITUDE,DATE_POLICE_NOTIFIED,year
CR00016875,07/25/2023 07:46:00 AM,35,CLEAR,DAYLIGHT,REAR TO FRONT,DIVIDED - W/MEDIAN (NOT RAISED),TRAFFIC SIGNAL,FOLLOWING TOO CLOSELY,UNABLE TO DETERMINE,0,0,0,0,7,3,7,866,CICERO AVE,41.788687,-87.740282,07/25/2023 08:06:00 AM,2023
CR00016876,03/22/2018 11:46:00 AM,35,CLEAR,DAYLIGHT,REAR END,NOT DIVIDED,TRAFFIC SIGNAL,UNABLE TO DETERMINE,DISTRACTION - FROM INSIDE VEHICLE,0,0,0,0,11,5,3,334,DIVISION ST,41.806072,-87.785375,03/22/2018 11:59:00 AM,2018
CR00016877,06/19/2022 03:15:00 PM,15,CLEAR,DAYLIGHT,REAR END,ONE-WAY,TRAFFIC SIGNAL,UNABLE TO DETERMINE,UNABLE TO DETERMINE,0,0,0,0,15,1,6,1947,LAKE SHORE DR,41.734547,-87.566457,06/19/2022 03:53:00 PM,2022
CR00016878,04/14/2021 04:54:00 PM,25,CLOUDY/OVERCAST,DAYLIGHT,REAR END,NOT DIVIDED,TRAFFIC SIGNAL,FAILING TO YIELD RIGHT-OF-WAY,UNABLE TO DETERMINE,0,0,0,0,16,4,4,1902,KEDZIE AVE,41.945433,-87.788218,04/14/2021 05:32:00 PM,2021
CR00016879,05/09/2024 08:08:00 AM,45,CLEAR,DAYLIGHT,REAR END,NOT DIVIDED,YIELD,UNABLE TO DETERMINE,UNABLE TO DETERMINE,0,0,0,0,8,5,5,362,STONY ISLAND AVE,41.830817,-87.608599,05/09/2024 08:25:00 AM,2024
CR00016880,10/25/2021 12:51:00 PM,35,CLEAR,DARKNESS - LIGHTED ROAD,PARKED MOTOR VEHICLE,NOT DIVIDED,TRAFFIC SIGNAL,FAILING TO REDUCE SPEED,DRIVING SKILLS/KNOWLEDGE/EXPERIENCE,0,0,0,0,12,2,10,2115,MICHIGAN AVE,41.864528,-87.800772,10/25/2021 01:57:00 PM,2021
CR00016881,05/16/2019 04:00:00 PM,25,FOG/SMOKE/HAZE,DARKNESS - LIGHTED ROAD,TURNING,NOT DIVIDED,NO CONTROLS,DISREGARDING TRAFFIC SIGNALS,NOT APPLICABLE,0,1,3,4,16,5,5,913,CLARK ST,41.805407,-87.626721,05/16/2019 05:54:00 PM,2019
CR00016882,04/19/2018 10:43:00 PM,30,CLEAR,DAYLIGHT,ANGLE,DIVIDED - W/MEDIAN (NOT RAISED),UNKNOWN,DISTRACTION - FROM INSIDE VEHICLE,UNABLE TO DETERMINE,0,0,0,0,22,5,4,2273,ARCHER AVE,41.757109,-87.811471,04/19/2018 10:50:00 PM,2018
CR00016883,05/06/2017 10:43:00 AM,15,CLEAR,DAYLIGHT,REAR END,DIVIDED - W/MEDIAN BARRIER,STOP SIGN/FLASHER,FOLLOWING TOO CLOSELY,DRIVING SKILLS/KNOWLEDGE/EXPERIENCE,0,0,0,0,10,7,5,2161,CICERO AVE,41.805599,-87.697455,05/06/2017 10:52:00 AM,2017
CR00016884,02/01/2015 04:22:00 PM,35,CLEAR,DAWN,ANGLE,FOUR WAY,TRAFFIC SIGNAL,FOLLOWING TOO CLOSELY,DISTRACTION - FROM INSIDE VEHICLE,0,0,3,3,16,1,2,2157,FULLERTON AVE,41.919262,-87.745224,02/01/2015 05:34:00 PM,2015
CR00016885,03/26/2020 08:22:00 AM,45,RAIN,DAYLIGHT,TURNING,DIVIDED - W/MEDIAN (NOT RAISED),TRAFFIC SIGNAL,DISTRACTION - FROM INSIDE VEHICLE,NOT APPLICABLE,0,1,2,3,8,5,3,141,KEDZIE AVE,41.975206,-87.671096,03/26/2020 09:39:00 AM,2020
CR00016886,05/21/2015 06:41:00 PM,45,CLEAR,DAYLIGHT,PARKED MOTOR VEHICLE,NOT DIVIDED,STOP SIGN/FLASHER,DISTRACTION - FROM INSIDE VEHICLE,DISTRACTION - FROM INSIDE VEHICLE,0,0,0,0,18,5,5,739,FULLERTON AVE,41.980203,-87.615411,05/21/2015 08:39:00 PM,2015
CR00016887,01/18/2021 07:44:00 AM,35,CLEAR,DARKNESS - LIGHTED ROAD,REAR END,DIVIDED - W/MEDIAN (NOT RAISED),YIELD,IMPROPER LANE USAGE,DRIVING SKILLS/KNOWLEDGE/EXPERIENCE,0,0,0,0,7,2,1,373,79TH ST,41.72612,-87.723828,01/18/2021 08:11:00 AM,2021
CR00016888,05/05/2021 04:19:00 PM,35,CLEAR,DAYLIGHT,ANGLE,ONE-WAY,TRAFFIC SIGNAL,FOLLOWING TOO CLOSELY,UNABLE TO DETERMINE,0,0,0,0,16,4,5,2060,ASHLAND AVE,41.703978,-87.782591,05/05/2021 05:02:00 PM,2021
CR00016889,02/24/2017 01:30:00 PM,35,CLEAR,DAYLIGHT,REAR END,NOT DIVIDED,UNKNOWN,DISTRACTION - FROM INSIDE VEHICLE,FAILING TO YIELD RIGHT-OF-WAY,0,0,0,0,13,6,2,2376,OGDEN AVE,41.919918,-87.687951,02/24/2017 03:28:00 PM,2017
CR00016890,07/25/2018 07:39:00 AM,35,SNOW,DAYLIGHT,REAR END,FOUR WAY,NO CONTROLS,IMPROPER OVERTAKING/PASSING,DISREGARDING TRAFFIC SIGNALS,0,0,0,0,7,4,7,2412,KEDZIE AVE,41.929617,-87.752159,07/25/2018 07:57:00 AM,2018
CR00016891,01/07/2020 10:43:00 AM,45,RAIN,DARKNESS - LIGHTED ROAD,REAR END,FOUR WAY,NO CONTROLS,UNABLE TO DETERMINE,UNABLE TO DETERMINE,0,0,0,0,10,3,1,266,IRVING PARK RD,41.919673,-87.556092,01/07/2020 11:16:00 AM,2020
CR00016892,02/25/2021 03:50:00 PM,45,CLEAR,DAYLIGHT,TURNING,NOT DIVIDED,NO CONTROLS,DISREGARDING TRAFFIC SIGNALS,DISTRACTION - FROM INSIDE VEHICLE,0,0,1,1,15,5,2,356,CALIFORNIA AVE,41.742204,-87.769588,02/25/2021 05:38:00 PM,2021
CR00016893,07/17/2021 08:55:00 AM,35,RAIN,DAYLIGHT,REAR END,DIVIDED - W/MEDIAN (NOT RAISED),NO CONTROLS,UNABLE TO DETERMINE,NOT APPLICABLE,0,0,0,0,8,7,7,1879,ASHLAND AVE,41.704163,-87.717211,07/17/2021 09:47:00 AM,2021
CR00016894,09/15/2021 04:48:00 PM,35,RAIN,DAYLIGHT,REAR END,DIVIDED - W/MEDIAN BARRIER,NO CONTROLS,FAILING TO REDUCE SPEED,IMPROPER LANE USAGE,0,0,1,1,16,4,9,1792,63RD ST,41.843869,-87.802951,09/15/2021 06:20:00 PM,2021
CR00016895,12/30/2017 09:01:00 PM,45,CLOUDY/OVERCAST,DARKNESS - LIGHTED ROAD,SIDESWIPE SAME DIRECTION,ONE-WAY,STOP SIGN/FLASHER,FAILING TO YIELD RIGHT-OF-WAY,FAILING TO YIELD RIGHT-OF-WAY,0,0,0,0,21,7,12,375,MILWAUKEE AVE,41.834728,-87.694552,12/30/2017 09:57:00 PM,2017
CR00016896,03/24/2018 03:35:00 PM,20,CLEAR,DAYLIGHT,ANGLE,DIVIDED - W/MEDIAN BARRIER,NO CONTROLS,FAILING TO YIELD RIGHT-OF-WAY,NOT APPLICABLE,0,0,0,0,15,7,3,2229,LAKE SHORE DR,41.783135,-87.702977,03/24/2018 04:21:00 PM,2018
CR00016897,10/06/2023 07:45:00 PM,30,CLEAR,DAYLIGHT,FIXED OBJECT,T-INTERSECTION,NO CONTROLS,FOLLOWING TOO CLOSELY,NOT APPLICABLE,0,0,0,0,19,6,10,1010,CALIFORNIA AVE,41.756475,-87.733963,10/06/2023 08:40:00 PM,2023
CR00016898,10/28/2020 03:22:00 PM,35,CLEAR,DAYLIGHT,REAR END,NOT DIVIDED,NO CONTROLS,DRIVING SKILLS/KNOWLEDGE/EXPERIENCE,DISTRACTION - FROM INSIDE VEHICLE,0,0,0,0,15,4,10,1212,79TH ST,41.78526,-87.560589,10/28/2020 04:41:00 PM,2020
CR00016899,04/30/2022 08:26:00 AM,40,CLEAR,DAYLIGHT,TURNING,DIVIDED - W/MEDIAN (NOT RAISED),PEDESTRIAN CROSSING SIGN,UNABLE TO DETERMINE,UNABLE TO DETERMINE,0,0,0,0,8,7,4,2013,OGDEN AVE,41.988007,-87.684257,04/30/2022 10:22:00 AM,2022
CR00016900,07/02/2015 10:50:00 PM,30,RAIN,DAYLIGHT,REAR END,NOT DIVIDED,TRAFFIC SIGNAL,IMPROPER LANE USAGE,DISTRACTION - FROM INSIDE VEHICLE,0,0,0,0,22,5,7,1172,PULASKI RD,41.895408,-87.759752,07/02/2015 11:22:00 PM,2015
CR00016901,10/12/2020 07:14:00 AM,30,RAIN,DAYLIGHT,REAR END,ONE-WAY,UNKNOWN,FAILING TO YIELD RIGHT-OF-WAY,UNABLE TO DETERMINE,0,0,3,3,7,2,10,2313,63RD ST,41.993029,-87.5397,10/12/2020 08:08:00 AM,2020
CR00016902,10/12/2019 06:33:00 PM,25,SNOW,DARKNESS - LIGHTED ROAD,PARKED MOTOR VEHICLE,FOUR WAY,NO CONTROLS,FOLLOWING TOO CLOSELY,IMPROPER OVERTAKING/PASSING,0,0,0,0,18,7,10,466,ELSTON AVE,41.911719,-87.564832,10/12/2019 07:58:00 PM,2019
CR00016903,03/03/2021 04:34:00 PM,30,CLEAR,DAYLIGHT,REAR END,T-INTERSECTION,TRAFFIC SIGNAL,DISREGARDING TRAFFIC SIGNALS,FAILING TO REDUCE SPEED,0,0,0,0,16,4,3,435,MILWAUKEE AVE,41.960213,-87.55571,03/03/2021 05:29:00 PM,2021
CR00016904,11/17/2019 10:20:00 AM,20,CLEAR,DARKNESS - LIGHTED ROAD,TURNING,DIVIDED - W/MEDIAN (NOT RAISED),TRAFFIC SIGNAL,UNABLE TO DETERMINE,FAILING TO YIELD RIGHT-OF-WAY,0,0,0,0,10,1,11,1129,MILWAUKEE AVE,41.773466,-87.77758,11/17/2019 12:20:00 PM,2019
CR00016905,05/28/2015 03:32:00 PM,30,CLOUDY/OVERCAST,DAYLIGHT,TURNING,NOT DIVIDED,NO CONTROLS,IMPROPER LANE USAGE,FOLLOWING TOO CLOSELY,0,0,0,0,15,5,5,2448,LAKE SHORE DR,41.723669,-87.667018,05/28/2015 04:02:00 PM,2015
CR00016906,11/17/2021 10:33:00 PM,45,SNOW,DAWN,PARKED MOTOR VEHICLE,DIVIDED - W/MEDIAN BARRIER,NO CONTROLS,DISREGARDING TRAFFIC SIGNALS,NOT APPLICABLE,0,0,0,0,22,4,11,199,OGDEN AVE,41.80457,-87.801396,11/17/2021 11:54:00 PM,2021
CR00016907,12/02/2017 05:12:00 PM,30,CLEAR,DARKNESS - LIGHTED ROAD,REAR TO FRONT,DIVIDED - W/MEDIAN (NOT RAISED),TRAFFIC SIGNAL,FAILING TO YIELD RIGHT-OF-WAY,WEATHER,0,0,1,1,17,7,12,1811,PULASKI RD,41.787674,-87.580992,12/02/2017 05:39:00 PM,2017
CR00016908,09/09/2023 03:23:00 PM,35,CLEAR,DAYLIGHT,FIXED OBJECT,ONE-WAY,NO CONTROLS,UNABLE TO DETERMINE,DISTRACTION - FROM INSIDE VEHICLE,0,0,1,1,15,7,9,1629,DAMEN AVE,41.999193,-87.50368,09/09/2023 04:03:00 PM,2023
CR00016909,12/10/2021 07:49:00 AM,40,CLEAR,DAYLIGHT,SIDESWIPE SAME DIRECTION,NOT DIVIDED,NO CONTROLS,DISTRACTION - FROM INSIDE VEHICLE,UNABLE TO DETERMINE,0,0,1,1,7,6,12,307,47TH ST,41.821945,-87.66618,12/10/2021 08:35:00 AM,2021
CR00016910,01/21/2023 07:22:00 AM,30,CLEAR,DARKNESS - LIGHTED ROAD,REAR END,NOT DIVIDED,TRAFFIC SIGNAL,UNABLE TO DETERMINE,UNABLE TO DETERMINE,0,0,0,0,7,7,1,756,CICERO AVE,41.808869,-87.620182,01/21/2023 08:31:00 AM,2023
CR00016911,10/13/2022 09:53:00 PM,30,CLEAR,DAYLIGHT,FIXED OBJECT,NOT DIVIDED,NO CONTROLS,FAILING TO YIELD RIGHT-OF-WAY,UNABLE TO DETERMINE,0,0,0,0,21,5,10,2360,MILWAUKEE AVE,41.908161,-87.608514,10/13/2022 11:24:00 PM,2022
CR00016912,02/10/2015 08:47:00 AM,30,CLEAR,DAYLIGHT,TURNING,DIVIDED - W/MEDIAN BARRIER,TRAFFIC SIGNAL,UNABLE TO DETERMINE,FAILING TO YIELD RIGHT-OF-WAY,0,0,0,0,8,3,2,2175,CICERO AVE,41.789731,-87.726979,02/10/2015 09:25:00 AM,2015
CR00016913,07/21/2015 08:21:00 AM,35,RAIN,DAYLIGHT,REAR TO FRONT,NOT DIVIDED,TRAFFIC SIGNAL,DRIVING SKILLS/KNOWLEDGE/EXPERIENCE,NOT APPLICABLE,0,0,0,0,8,3,7,279,79TH ST,41.709755,-87.555971,07/21/2015 08:46:00 AM,2015
CR00016914,03/11/2018 10:02:00 AM,45,CLOUDY/OVERCAST,DARKNESS - LIGHTED ROAD,REAR END,NOT DIVIDED,TRAFFIC SIGNAL,FAILING TO YIELD RIGHT-OF-WAY,FOLLOWING TOO CLOSELY,0,0,0,0,10,1,3,1417,BROADWAY,41.814011,-87.609671,03/11/2018 10:57:00 AM,2018
CR00016915,04/06/2023 03:10:00 PM,30,CLEAR,DAYLIGHT,PARKED MOTOR VEHICLE,FOUR WAY,STOP SIGN/FLASHER,FAILING TO YIELD RIGHT-OF-WAY,FOLLOWING TOO CLOSELY,0,0,0,0,15,5,4,2223,STATE ST,41.815894,-87.603587,04/06/2023 03:46:00 PM,2023
CR00016916,05/25/2020 06:36:00 PM,20,CLEAR,DAYLIGHT,TURNING,ONE-WAY,TRAFFIC SIGNAL,FAILING TO REDUCE SPEED,FAILING TO YIELD RIGHT-OF-WAY,0,0,0,0,18,2,5,1435,DIVISION ST,41.712522,-87.565067,05/25/2020 08:10:00 PM,2020
CR00016917,08/14/2021 04:57:00 PM,30,CLEAR,DARKNESS - LIGHTED ROAD,REAR END,NOT DIVIDED,STOP SIGN/FLASHER,DRIVING SKILLS/KNOWLEDGE/EXPERIENCE,NOT APPLICABLE,0,0,2,2,16,7,8,1830,ASHLAND AVE,41.867299,-87.745147,08/14/2021 06:48:00 PM,2021
CR00016918,07/10/2016 08:50:00 AM,20,CLEAR,DAYLIGHT,REAR TO FRONT,NOT DIVIDED,NO CONTROLS,IMPROPER LANE USAGE,IMPROPER OVERTAKING/PASSING,0,0,0,0,8,1,7,175,PULASKI RD,41.803045,-87.616313,07/10/2016 09:03:00 AM,2016
CR00016919,03/15/2022 12:47:00 AM,25,CLEAR,DAYLIGHT,ANGLE,NOT DIVIDED,TRAFFIC SIGNAL,IMPROPER OVERTAKING/PASSING,FOLLOWING TOO CLOSELY,0,0,0,0,0,3,3,244,ARCHER AVE,41.725948,-87.539836,03/15/2022 02:24:00 AM,2022
CR00016920,11/29/2019 02:45:00 AM,30,CLEAR,DAYLIGHT,REAR END,DIVIDED - W/MEDIAN (NOT RAISED),TRAFFIC SIGNAL,IMPROPER LANE USAGE,NOT APPLICABLE,0,0,0,0,2,6,11,584,ELSTON AVE,41.750318,-87.501965,11/29/2019 03:36:00 AM,2019
CR00016921,02/24/2023 07:22:00 PM,30,CLOUDY/OVERCAST,DUSK,REAR TO FRONT,NOT DIVIDED,TRAFFIC SIGNAL,IMPROPER OVERTAKING/PASSING,UNABLE TO DETERMINE,0,0,0,0,19,6,2,1527,63RD ST,41.976143,-87.527322,02/24/2023 09:17:00 PM,2023
CR00016922,08/11/2024 10:02:00 PM,40,SNOW,DAYLIGHT,TURNING,NOT DIVIDED,NO CONTROLS,FAILING TO YIELD RIGHT-OF-WAY,IMPROPER OVERTAKING/PASSING,0,0,0,0,22,1,8,850,STATE ST,41.740501,-87.587222,08/11/2024 11:19:00 PM,2024
CR00016923,03/29/2021 11:24:00 AM,35,CLOUDY/OVERCAST,DAYLIGHT,SIDESWIPE SAME DIRECTION,DIVIDED - W/MEDIAN (NOT RAISED),STOP SIGN/FLASHER,FOLLOWING TOO CLOSELY,IMPROPER OVERTAKING/PASSING,0,0,0,0,11,2,3,737,MILWAUKEE AVE,41.850865,-87.70773,03/29/2021 11:57:00 AM,2021
CR00016924,01/20/2015 01:45:00 AM,30,CLEAR,DARKNESS - LIGHTED ROAD,FIXED OBJECT,NOT DIVIDED,TRAFFIC SIGNAL,UNABLE TO DETERMINE,DISTRACTION - FROM INSIDE VEHICLE,0,0,3,3,1,3,1,1815,MILWAUKEE AVE,41.857558,-87.549897,01/20/2015 02:22:00 AM,2015
CR00016925,12/20/2015 10:13:00 PM,35,CLOUDY/OVERCAST,DARKNESS - LIGHTED ROAD,REAR END,NOT DIVIDED,YIELD,FAILING TO YIELD RIGHT-OF-WAY,FOLLOWING TOO CLOSELY,0,0,2,2,22,1,12,2280,ASHLAND AVE,41.74942,-87.758384,12/20/2015 11:40:00 PM,2015
CR00016926,01/25/2016 09:03:00 AM,25,CLEAR,DAYLIGHT,TURNING,DIVIDED - W/MEDIAN (NOT RAISED),STOP SIGN/FLASHER,DISREGARDING TRAFFIC SIGNALS,IMPROPER LANE USAGE,0,0,0,0,9,2,1,2257,CALIFORNIA AVE,41.739837,-87.555178,01/25/2016 10:42:00 AM,2016
CR00016927,02/06/2018 12:04:00 PM,40,CLEAR,DAYLIGHT,SIDESWIPE SAME DIRECTION,DIVIDED - W/MEDIAN BARRIER,TRAFFIC SIGNAL,FOLLOWING TOO CLOSELY,NOT APPLICABLE,0,0,0,0,12,3,2,1155,DIVISION ST,41.707997,-87.741425,02/06/2018 01:53:00 PM,2018
CR00016928,07/13/2016 01:39:00 AM,20,RAIN,DAYLIGHT,FIXED OBJECT,DIVIDED - W/MEDIAN (NOT RAISED),TRAFFIC SIGNAL,WEATHER,FAILING TO REDUCE SPEED,0,0,0,0,1,4,7,863,KEDZIE AVE,41.926235,-87.718511,07/13/2016 03:17:00 AM,2016
CR00016929,08/06/2022 08:09:00 AM,40,SNOW,DARKNESS - LIGHTED ROAD,REAR END,DIVIDED - W/MEDIAN (NOT RAISED),NO CONTROLS,IMPROPER OVERTAKING/PASSING,FAILING TO REDUCE SPEED,0,0,0,0,8,7,8,1741,63RD ST,41.967502,-87.567567,08/06/2022 08:35:00 AM,2022
CR00016930,08/10/2018 11:06:00 AM,30,CLEAR,DARKNESS - LIGHTED ROAD,PARKED MOTOR VEHICLE,ONE-WAY,NO CONTROLS,UNABLE TO DETERMINE,NOT APPLICABLE,0,0,0,0,11,6,8,1420,LAKE SHORE DR,41.882788,-87.832998,08/10/2018 11:08:00 AM,2018
CR00016931,12/25/2020 05:53:00 PM,30,CLEAR,DAYLIGHT,ANGLE,T-INTERSECTION,NO CONTROLS,DISTRACTION - FROM INSIDE VEHICLE,FAILING TO YIELD RIGHT-OF-WAY,0,0,3,3,17,6,12,2235,IRVING PARK RD,41.94407,-87.536631,12/25/2020 06:25:00 PM,2020
CR00016932,05/15/2024 07:33:00 AM,35,CLEAR,DAYLIGHT,ANGLE,NOT DIVIDED,NO CONTROLS,IMPROPER LANE USAGE,FOLLOWING TOO CLOSELY,0,0,0,0,7,4,5,1629,FULLERTON AVE,41.915527,-87.792014,05/15/2024 09:18:00 AM,2024
CR00016933,10/20/2020 03:15:00 PM,30,RAIN,DARKNESS - LIGHTED ROAD,SIDESWIPE SAME DIRECTION,FOUR WAY,NO CONTROLS,IMPROPER OVERTAKING/PASSING,DRIVING SKILLS/KNOWLEDGE/EXPERIENCE,0,0,0,0,15,3,10,2422,OGDEN AVE,41.887407,-87.585662,10/20/2020 04:00:00 PM,2020
CR00016934,06/27/2021 01:16:00 AM,40,CLEAR,DAYLIGHT,PEDESTRIAN,NOT DIVIDED,NO CONTROLS,UNABLE TO DETERMINE,FAILING TO REDUCE SPEED,0,0,0,0,1,1,6,1515,STATE ST,41.711017,-87.654603,06/27/2021 01:19:00 AM,2021
CR00016935,12/10/2019 03:45:00 PM,45,SNOW,DARKNESS - LIGHTED ROAD,ANGLE,NOT DIVIDED,TRAFFIC SIGNAL,FAILING TO YIELD RIGHT-OF-WAY,UNABLE TO DETERMINE,0,0,0,0,15,3,12,2199,FULLERTON AVE,41.962184,-87.781582,12/10/2019 04:25:00 PM,2019
CR00016936,01/25/2024 04:31:00 PM,30,CLEAR,DARKNESS - LIGHTED ROAD,ANGLE,DIVIDED - W/MEDIAN (NOT RAISED),UNKNOWN,IMPROPER LANE USAGE,FOLLOWING TOO CLOSELY,0,2,2,4,16,5,1,951,LAKE SHORE DR,41.715153,-87.846866,01/25/2024 04:40:00 PM,2024
CR00016937,06/23/2015 03:16:00 PM,30,CLEAR,DAYLIGHT,PEDESTRIAN,FOUR WAY,NO CONTROLS,DISREGARDING TRAFFIC SIGNALS,NOT APPLICABLE,0,0,0,0,15,3,6,1161,63RD ST,41.956894,-87.73625,06/23/2015 04:12:00 PM,2015
CR00016938,05/20/2023 08:21:00 AM,30,CLEAR,DUSK,TURNING,FOUR WAY,YIELD,FAILING TO REDUCE SPEED,DRIVING SKILLS/KNOWLEDGE/EXPERIENCE,0,0,0,0,8,7,5,2049,ASHLAND AVE,41.800672,-87.709496,05/20/2023 10:08:00 AM,2023
CR00016939,01/09/2015 06:30:00 AM,40,SNOW,DAYLIGHT,SIDESWIPE SAME DIRECTION,NOT DIVIDED,TRAFFIC SIGNAL,FAILING TO REDUCE SPEED,UNABLE TO DETERMINE,0,0,0,0,6,6,1,2031,LAKE SHORE DR,41.801144,-87.554067,01/09/2015 06:54:00 AM,2015
CR00016940,11/19/2016 01:53:00 PM,45,RAIN,DAYLIGHT,REAR TO FRONT,DIVIDED - W/MEDIAN BARRIER,NO CONTROLS,UNABLE TO DETERMINE,UNABLE TO DETERMINE,0,0,0,0,13,7,11,1275,63RD ST,41.847637,-87.598538,11/19/2016 02:26:00 PM,2016
CR00016941,12/29/2016 08:49:00 AM,30,FOG/SMOKE/HAZE,DAYLIGHT,TURNING,ONE-WAY,STOP SIGN/FLASHER,UNABLE TO DETERMINE,NOT APPLICABLE,0,0,1,1,8,5,12,2492,OGDEN AVE,41.846976,-87.602488,12/29/2016 10:18:00 AM,2016
CR00016942,09/17/2020 08:18:00 PM,35,CLEAR,DARKNESS - LIGHTED ROAD,FIXED OBJECT,NOT DIVIDED,TRAFFIC SIGNAL,FAILING TO YIELD RIGHT-OF-WAY,UNABLE TO DETERMINE,0,0,0,0,20,5,9,792,IRVING PARK RD,41.920501,-87.514911,09/17/2020 10:09:00 PM,2020
CR00016943,02/10/2021 08:04:00 PM,25,CLEAR,DAYLIGHT,ANGLE,NOT DIVIDED,NO CONTROLS,IMPROPER LANE USAGE,FAILING TO YIELD RIGHT-OF-WAY,0,0,0,0,20,4,2,171,MICHIGAN AVE,41.89835,-87.709221,02/10/2021 08:05:00 PM,2021
CR00016944,05/17/2024 07:13:00 PM,45,CLEAR,DARKNESS - LIGHTED ROAD,TURNING,ONE-WAY,TRAFFIC SIGNAL,DRIVING SKILLS/KNOWLEDGE/EXPERIENCE,DISTRACTION - FROM INSIDE VEHICLE,0,0,0,0,19,6,5,703,PULASKI RD,41.737289,-87.702032,05/17/2024 08:39:00 PM,2024
CR00016945,12/10/2024 08:15:00 AM,30,CLEAR,DUSK,SIDESWIPE SAME DIRECTION,NOT DIVIDED,STOP SIGN/FLASHER,FAILING TO YIELD RIGHT-OF-WAY,UNABLE TO DETERMINE,0,0,0,0,8,3,12,515,OGDEN AVE,41.743272,-87.760346,12/10/2024 09:11:00 AM,2024
CR00016946,11/13/2022 11:57:00 AM,40,CLEAR,DARKNESS - LIGHTED ROAD,FIXED OBJECT,FOUR WAY,STOP SIGN/FLASHER,DISTRACTION - FROM INSIDE VEHICLE,NOT APPLICABLE,0,0,0,0,11,1,11,236,KEDZIE AVE,41.885981,-87.546437,11/13/2022 12:31:00 PM,2022
CR00016947,02/06/2023 07:49:00 AM,45,CLEAR,DAYLIGHT,ANGLE,NOT DIVIDED,NO CONTROLS,WEATHER,UNABLE TO DETERMINE,0,0,0,0,7,2,2,1025,LAKE SHORE DR,41.70256,-87.579062,02/06/2023 09:04:00 AM,2023
CR00016948,06/15/2022 04:26:00 AM,30,CLEAR,DAYLIGHT,ANGLE,DIVIDED - W/MEDIAN (NOT RAISED),NO CONTROLS,IMPROPER LANE USAGE,DRIVING SKILLS/KNOWLEDGE/EXPERIENCE,0,0,0,0,4,4,6,2462,STATE ST,41.970617,-87.633447,06/15/2022 05:07:00 AM,2022
CR00016949,10/27/2020 08:11:00 PM,35,RAIN,DAYLIGHT,ANGLE,DIVIDED - W/MEDIAN (NOT RAISED),NO CONTROLS,FAILING TO YIELD RIGHT-OF-WAY,FAILING TO YIELD RIGHT-OF-WAY,0,0,0,0,20,3,10,172,BROADWAY,41.821756,-87.733903,10/27/2020 09:52:00 PM,2020
CR00016950,08/09/2019 11:35:00 AM,15,CLEAR,DARKNESS,PEDESTRIAN,NOT DIVIDED,NO CONTROLS,IMPROPER OVERTAKING/PASSING,FAILING TO YIELD RIGHT-OF-WAY,0,2,1,3,11,6,8,2194,BROADWAY,41.957063,-87.693698,08/09/2019 11:38:00 AM,2019
CR00016951,03/14/2023 09:28:00 AM,30,CLEAR,DARKNESS - LIGHTED ROAD,PEDESTRIAN,DIVIDED - W/MEDIAN (NOT RAISED),NO CONTROLS,FOLLOWING TOO CLOSELY,DRIVING SKILLS/KNOWLEDGE/EXPERIENCE,0,0,0,0,9,3,3,375,PULASKI RD,41.953275,-87.72723,03/14/2023 09:39:00 AM,2023
CR00016952,01/20/2022 07:18:00 AM,30,CLEAR,DARKNESS,SIDESWIPE SAME DIRECTION,DIVIDED - W/MEDIAN BARRIER,TRAFFIC SIGNAL,FAILING TO YIELD RIGHT-OF-WAY,IMPROPER OVERTAKING/PASSING,0,0,0,0,7,5,1,1209,STONY ISLAND AVE,41.713955,-87.501396,01/20/2022 07:52:00 AM,2022
CR00016953,10/19/2017 03:01:00 PM,45,CLOUDY/OVERCAST,DARKNESS - LIGHTED ROAD,REAR END,DIVIDED - W/MEDIAN (NOT RAISED),TRAFFIC SIGNAL,DISTRACTION - FROM INSIDE VEHICLE,FAILING TO REDUCE SPEED,0,0,0,0,15,5,10,1846,MILWAUKEE AVE,41.968787,-87.637094,10/19/2017 03:07:00 PM,2017
CR00016954,04/24/2024 07:31:00 AM,15,CLEAR,DAYLIGHT,PARKED MOTOR VEHICLE,ONE-WAY,NO CONTROLS,UNABLE TO DETERMINE,FOLLOWING TOO CLOSELY,0,0,0,0,7,4,4,2384,DIVISION ST,41.821263,-87.802289,04/24/2024 08:13:00 AM,2024
CR00016955,07/29/2021 02:45:00 PM,15,SNOW,DAYLIGHT,TURNING,DIVIDED - W/MEDIAN (NOT RAISED),NO CONTROLS,UNABLE TO DETERMINE,IMPROPER LANE USAGE,0,0,0,0,14,5,7,1653,CICERO AVE,41.939172,-87.538447,07/29/2021 04:39:00 PM,2021
CR00016956,11/10/2023 04:14:00 PM,25,CLEAR,DAWN,TURNING,NOT DIVIDED,TRAFFIC SIGNAL,FOLLOWING TOO CLOSELY,FAILING TO YIELD RIGHT-OF-WAY,0,0,0,0,16,6,11,422,MILWAUKEE AVE,41.701871,-87.501969,11/10/2023 04:29:00 PM,2023