CRASH_RECORD_ID,CRASH_DATE,POSTED_SPEED_LIMIT,WEATHER_CONDITION,LIGHTING_CONDITION,FIRST_CRASH_TYPE,TRAFFICWAY_TYPE,TRAFFIC_CONTROL_DEVICE,PRIM_CONTRIBUTORY_CAUSE,SEC_CONTRIBUTORY_CAUSE,INJURIES_FATAL,INJURIES_INCAPACITATING,INJURIES_NON_INCAPACITATING,INJURIES_TOTAL,CRASH_HOUR,CRASH_DAY_OF_WEEK,CRASH_MONTH,BEAT_OF_OCCURRENCE,STREET_NAME,LATITUDE,LONGITUDE,DATE_POLICE_NOTIFIED,year
CR00016957,08/13/2020 04:26:00 PM,30,CLEAR,DAYLIGHT,REAR TO FRONT,FOUR WAY,NO CONTROLS,UNABLE TO DETERMINE,FOLLOWING TOO CLOSELY,0,0,0,0,16,5,8,462,DIVISION ST,41.943167,-87.833732,08/13/2020 05:19:00 PM,2020
CR00016958,12/16/2016 05:17:00 PM,15,RAIN,DAYLIGHT,ANGLE,FOUR WAY,NO CONTROLS,DRIVING SKILLS/KNOWLEDGE/EXPERIENCE,DISREGARDING TRAFFIC SIGNALS,0,0,0,0,17,6,12,733,47TH ST,41.846775,-87.637952,12/16/2016 07:10:00 PM,2016
CR00016959,01/05/2015 06:58:00 PM,35,RAIN,DAWN,FIXED OBJECT,DIVIDED - W/MEDIAN BARRIER,NO CONTROLS,UNABLE TO DETERMINE,UNABLE TO DETERMINE,0,0,1,1,18,2,1,1138,CLARK ST,41.729961,-87.568704,01/05/2015 07:44:00 PM,2015
CR00016960,06/30/2022 01:06:00 PM,40,CLEAR,DARKNESS - LIGHTED ROAD,ANGLE,DIVIDED - W/MEDIAN (NOT RAISED),TRAFFIC SIGNAL,FOLLOWING TOO CLOSELY,NOT APPLICABLE,0,0,0,0,13,5,6,1107,MILWAUKEE AVE,41.878346,-87.624634,06/30/2022 02:22:00 PM,2022
CR00016961,03/20/2019 01:28:00 PM,40,RAIN,DUSK,REAR END,FOUR WAY,TRAFFIC SIGNAL,DRIVING SKILLS/KNOWLEDGE/EXPERIENCE,UNABLE TO DETERMINE,0,0,0,0,13,4,3,592,MICHIGAN AVE,41.734936,-87.802054,03/20/2019 02:30:00 PM,2019
CR00016962,05/02/2022 10:17:00 AM,30,CLEAR,DAYLIGHT,REAR END,NOT DIVIDED,NO CONTROLS,DISREGARDING TRAFFIC SIGNALS,NOT APPLICABLE,0,0,0,0,10,2,5,2371,IRVING PARK RD,41.814939,-87.634196,05/02/2022 11:03:00 AM,2022
CR00016963,04/19/2024 07:22:00 PM,25,RAIN,DAYLIGHT,ANGLE,DIVIDED - W/MEDIAN (NOT RAISED),NO CONTROLS,IMPROPER OVERTAKING/PASSING,DISTRACTION - FROM INSIDE VEHICLE,0,0,0,0,19,6,4,350,ELSTON AVE,41.909128,-87.703861,04/19/2024 08:08:00 PM,2024
CR00016964,04/14/2024 12:56:00 AM,20,CLEAR,DAWN,REAR END,DIVIDED - W/MEDIAN BARRIER,STOP SIGN/FLASHER,UNABLE TO DETERMINE,UNABLE TO DETERMINE,0,0,1,1,0,1,4,1845,IRVING PARK RD,41.727761,-87.696732,04/14/2024 01:05:00 AM,2024
CR00016965,11/16/2015 02:46:00 AM,30,CLEAR,DAYLIGHT,SIDESWIPE SAME DIRECTION,DIVIDED - W/MEDIAN BARRIER,UNKNOWN,IMPROPER LANE USAGE,UNABLE TO DETERMINE,0,0,1,1,2,2,11,2382,OGDEN AVE,41.794728,-87.842102,11/16/2015 03:56:00 AM,2015
CR00016966,02/24/2019 07:01:00 AM,35,CLEAR,DARKNESS - LIGHTED ROAD,PARKED MOTOR VEHICLE,ONE-WAY,UNKNOWN,DRIVING SKILLS/KNOWLEDGE/EXPERIENCE,NOT APPLICABLE,0,0,1,1,7,1,2,867,STONY ISLAND AVE,41.868695,-87.811956,02/24/2019 08:59:00 AM,2019
CR00016967,12/14/2022 05:39:00 PM,30,CLEAR,DAWN,PARKED MOTOR VEHICLE,DIVIDED - W/MEDIAN (NOT RAISED),TRAFFIC SIGNAL,DRIVING SKILLS/KNOWLEDGE/EXPERIENCE,DISTRACTION - FROM INSIDE VEHICLE,0,0,0,0,17,4,12,1634,CALIFORNIA AVE,41.816539,-87.834359,12/14/2022 06:13:00 PM,2022
CR00016968,01/17/2024 03:57:00 PM,30,CLEAR,DARKNESS - LIGHTED ROAD,REAR END,NOT DIVIDED,PEDESTRIAN CROSSING SIGN,DISREGARDING TRAFFIC SIGNALS,NOT APPLICABLE,0,0,0,0,15,4,1,680,DAMEN AVE,41.882002,-87.835057,01/17/2024 05:20:00 PM,2024
CR00016969,01/21/2016 09:54:00 PM,15,RAIN,DAYLIGHT,PARKED MOTOR VEHICLE,ONE-WAY,NO CONTROLS,IMPROPER LANE USAGE,UNABLE TO DETERMINE,0,0,0,0,21,5,1,1027,MILWAUKEE AVE,41.930425,-87.576152,01/21/2016 10:02:00 PM,2016
CR00016970,04/06/2018 03:14:00 AM,45,CLEAR,DAWN,SIDESWIPE SAME DIRECTION,NOT DIVIDED,TRAFFIC SIGNAL,FAILING TO REDUCE SPEED,UNABLE TO DETERMINE,0,0,0,0,3,6,4,897,OGDEN AVE,41.900459,-87.688275,04/06/2018 05:11:00 AM,2018
CR00016971,04/13/2020 09:44:00 AM,15,CLEAR,DAYLIGHT,FIXED OBJECT,NOT DIVIDED,UNKNOWN,UNABLE TO DETERMINE,WEATHER,0,0,0,0,9,2,4,1436,KEDZIE AVE,41.950249,-87.802661,04/13/2020 11:08:00 AM,2020
CR00016972,06/26/2020 08:38:00 PM,35,RAIN,DARKNESS - LIGHTED ROAD,REAR END,NOT DIVIDED,TRAFFIC SIGNAL,UNABLE TO DETERMINE,NOT APPLICABLE,0,0,0,0,20,6,6,1443,PULASKI RD,41.746082,-87.574305,06/26/2020 09:45:00 PM,2020
CR00016973,09/29/2022 04:26:00 PM,20,CLEAR,DARKNESS - LIGHTED ROAD,SIDESWIPE SAME DIRECTION,NOT DIVIDED,NO CONTROLS,IMPROPER LANE USAGE,DISTRACTION - FROM INSIDE VEHICLE,0,0,0,0,16,5,9,1283,ARCHER AVE,41.775372,-87.721982,09/29/2022 04:38:00 PM,2022
CR00016974,05/22/2021 06:59:00 AM,15,FREEZING RAIN/DRIZZLE,DAYLIGHT,TURNING,NOT DIVIDED,STOP SIGN/FLASHER,FOLLOWING TOO CLOSELY,UNABLE TO DETERMINE,0,0,0,0,6,7,5,897,47TH ST,41.814895,-87.65052,05/22/2021 07:35:00 AM,2021
CR00016975,07/27/2015 04:49:00 PM,45,CLEAR,DAYLIGHT,ANGLE,FOUR WAY,NO CONTROLS,DISTRACTION - FROM INSIDE VEHICLE,WEATHER,0,0,0,0,16,2,7,947,ASHLAND AVE,41.956181,-87.809808,07/27/2015 04:52:00 PM,2015
CR00016976,07/15/2017 01:37:00 AM,30,CLEAR,DAYLIGHT,REAR END,NOT DIVIDED,NO CONTROLS,FAILING TO YIELD RIGHT-OF-WAY,NOT APPLICABLE,0,0,0,0,1,7,7,346,ROOSEVELT RD,41.748289,-87.592583,07/15/2017 03:36:00 AM,2017
CR00016977,05/15/2017 12:45:00 PM,45,CLEAR,DAYLIGHT,REAR END,ONE-WAY,UNKNOWN,FAILING TO YIELD RIGHT-OF-WAY,WEATHER,0,0,0,0,12,2,5,2534,FULLERTON AVE,41.707629,-87.790241,05/15/2017 01:48:00 PM,2017
CR00016978,07/05/2022 04:32:00 PM,40,CLEAR,DAYLIGHT,REAR END,NOT DIVIDED,YIELD,IMPROPER OVERTAKING/PASSING,NOT APPLICABLE,0,0,0,0,16,3,7,1958,CALIFORNIA AVE,41.981729,-87.748866,07/05/2022 04:35:00 PM,2022
CR00016979,03/31/2024 08:55:00 AM,45,CLEAR,DAYLIGHT,SIDESWIPE SAME DIRECTION,DIVIDED - W/MEDIAN (NOT RAISED),STOP SIGN/FLASHER,IMPROPER LANE USAGE,FAILING TO REDUCE SPEED,0,0,0,0,8,1,3,1996,CLARK ST,41.95911,-87.767619,03/31/2024 09:35:00 AM,2024
CR00016980,10/30/2015 10:05:00 AM,35,CLEAR,DAYLIGHT,REAR TO FRONT,DIVIDED - W/MEDIAN (NOT RAISED),TRAFFIC SIGNAL,IMPROPER OVERTAKING/PASSING,UNABLE TO DETERMINE,0,0,0,0,10,6,10,2375,CLARK ST,41.852465,-87.822025,10/30/2015 10:36:00 AM,2015
CR00016981,12/13/2016 05:44:00 PM,30,CLOUDY/OVERCAST,DARKNESS - LIGHTED ROAD,REAR END,NOT DIVIDED,STOP SIGN/FLASHER,DRIVING SKILLS/KNOWLEDGE/EXPERIENCE,UNABLE TO DETERMINE,0,0,0,0,17,3,12,932,IRVING PARK RD,41.979856,-87.727215,12/13/2016 05:50:00 PM,2016
CR00016982,08/14/2015 10:53:00 PM,20,CLEAR,DARKNESS - LIGHTED ROAD,PEDESTRIAN,DIVIDED - W/MEDIAN (NOT RAISED),NO CONTROLS,FAILING TO YIELD RIGHT-OF-WAY,UNABLE TO DETERMINE,0,2,3,5,22,6,8,998,MILWAUKEE AVE,41.714142,-87.593585,08/14/2015 11:31:00 PM,2015
CR00016983,02/17/2018 04:38:00 PM,35,RAIN,DAYLIGHT,TURNING,DIVIDED - W/MEDIAN BARRIER,UNKNOWN,DISREGARDING TRAFFIC SIGNALS,FOLLOWING TOO CLOSELY,0,0,0,0,16,7,2,107,MICHIGAN AVE,41.815788,-87.71114,02/17/2018 04:48:00 PM,2018
CR00016984,11/05/2015 05:34:00 PM,35,RAIN,DAYLIGHT,REAR END,DIVIDED - W/MEDIAN BARRIER,NO CONTROLS,WEATHER,UNABLE TO DETERMINE,0,0,0,0,17,5,11,1471,HALSTED ST,41.83407,-87.617758,11/05/2015 07:20:00 PM,2015
CR00016985,09/20/2024 04:23:00 PM,30,CLEAR,DAYLIGHT,PARKED MOTOR VEHICLE,NOT DIVIDED,NO CONTROLS,UNABLE TO DETERMINE,FAILING TO REDUCE SPEED,0,0,0,0,16,6,9,2359,MICHIGAN AVE,41.781596,-87.513535,09/20/2024 05:05:00 PM,2024
CR00016986,09/19/2016 07:15:00 PM,35,RAIN,DARKNESS,ANGLE,DIVIDED - W/MEDIAN BARRIER,STOP SIGN/FLASHER,FAILING TO YIELD RIGHT-OF-WAY,NOT APPLICABLE,0,0,0,0,19,2,9,2461,79TH ST,41.788393,-87.686602,09/19/2016 08:41:00 PM,2016
CR00016987,04/25/2022 04:16:00 AM,30,CLEAR,DAYLIGHT,PARKED MOTOR VEHICLE,T-INTERSECTION,NO CONTROLS,FAILING TO YIELD RIGHT-OF-WAY,DRIVING SKILLS/KNOWLEDGE/EXPERIENCE,0,0,0,0,4,2,4,2455,HALSTED ST,41.865555,-87.630971,04/25/2022 04:41:00 AM,2022
CR00016988,12/27/2018 01:40:00 PM,45,CLEAR,DAYLIGHT,FIXED OBJECT,NOT DIVIDED,TRAFFIC SIGNAL,UNABLE TO DETERMINE,DISTRACTION - FROM INSIDE VEHICLE,0,0,0,0,13,5,12,1096,IRVING PARK RD,41.876936,-87.780686,12/27/2018 03:14:00 PM,2018
CR00016989,02/03/2024 11:26:00 AM,30,CLEAR,DARKNESS - LIGHTED ROAD,FIXED OBJECT,ONE-WAY,STOP SIGN/FLASHER,IMPROPER OVERTAKING/PASSING,DISTRACTION - FROM INSIDE VEHICLE,0,0,0,0,11,7,2,2294,MICHIGAN AVE,41.759143,-87.527606,02/03/2024 12:23:00 PM,2024
CR00016990,05/25/2018 06:18:00 PM,35,CLEAR,DAYLIGHT,TURNING,NOT DIVIDED,NO CONTROLS,FOLLOWING TOO CLOSELY,FOLLOWING TOO CLOSELY,0,0,0,0,18,6,5,2371,WESTERN AVE,41.897875,-87.66523,05/25/2018 07:43:00 PM,2018
CR00016991,06/17/2018 08:13:00 PM,30,RAIN,DAYLIGHT,REAR END,DIVIDED - W/MEDIAN (NOT RAISED),UNKNOWN,FAILING TO REDUCE SPEED,IMPROPER LANE USAGE,0,0,0,0,20,1,6,2206,DIVISION ST,41.756217,-87.583977,06/17/2018 08:16:00 PM,2018
CR00016992,08/12/2022 10:47:00 AM,35,CLEAR,DARKNESS,TURNING,NOT DIVIDED,NO CONTROLS,UNABLE TO DETERMINE,UNABLE TO DETERMINE,0,0,0,0,10,6,8,1015,DIVISION ST,41.974049,-87.657611,08/12/2022 11:44:00 AM,2022
CR00016993,02/13/2020 11:32:00 AM,15,FOG/SMOKE/HAZE,DAWN,PARKED MOTOR VEHICLE,DIVIDED - W/MEDIAN (NOT RAISED),TRAFFIC SIGNAL,DRIVING SKILLS/KNOWLEDGE/EXPERIENCE,FAILING TO YIELD RIGHT-OF-WAY,0,0,0,0,11,5,2,110,KEDZIE AVE,41.718673,-87.650806,02/13/2020 11:45:00 AM,2020
CR00016994,06/05/2018 08:30:00 AM,20,CLEAR,DAYLIGHT,REAR END,DIVIDED - W/MEDIAN (NOT RAISED),TRAFFIC SIGNAL,DISTRACTION - FROM INSIDE VEHICLE,FOLLOWING TOO CLOSELY,0,1,2,3,8,3,6,2204,FULLERTON AVE,41.928766,-87.754271,06/05/2018 09:16:00 AM,2018
CR00016995,07/23/2024 08:15:00 AM,30,CLEAR,DAYLIGHT,REAR END,NOT DIVIDED,NO CONTROLS,IMPROPER LANE USAGE,NOT APPLICABLE,0,0,2,2,8,3,7,1795,79TH ST,41.992398,-87.757071,07/23/2024 08:57:00 AM,2024
CR00016996,01/27/2018 01:36:00 PM,30,SNOW,DAYLIGHT,PEDESTRIAN,FOUR WAY,UNKNOWN,UNABLE TO DETERMINE,NOT APPLICABLE,0,0,0,0,13,7,1,1827,IRVING PARK RD,41.904818,-87.667128,01/27/2018 02:19:00 PM,2018
CR00016997,11/26/2021 09:26:00 PM,25,SNOW,DARKNESS,PARKED MOTOR VEHICLE,DIVIDED - W/MEDIAN (NOT RAISED),STOP SIGN/FLASHER,DISTRACTION - FROM INSIDE VEHICLE,NOT APPLICABLE,0,0,0,0,21,6,11,880,ASHLAND AVE,41.98353,-87.601925,11/26/2021 09:33:00 PM,2021
CR00016998,10/22/2024 02:12:00 AM,35,CLEAR,DAWN,PARKED MOTOR VEHICLE,FOUR WAY,NO CONTROLS,DISREGARDING TRAFFIC SIGNALS,UNABLE TO DETERMINE,0,1,2,3,2,3,10,440,CLARK ST,41.80392,-87.612916,10/22/2024 02:15:00 AM,2024
CR00016999,01/03/2015 02:46:00 PM,35,CLEAR,DAWN,TURNING,NOT DIVIDED,STOP SIGN/FLASHER,UNABLE TO DETERMINE,NOT APPLICABLE,0,0,1,1,14,7,1,1478,ELSTON AVE,41.949625,-87.555145,01/03/2015 03:47:00 PM,2015
CR00017000,01/23/2021 01:26:00 PM,35,CLEAR,DAYLIGHT,REAR END,ONE-WAY,TRAFFIC SIGNAL,IMPROPER OVERTAKING/PASSING,UNABLE TO DETERMINE,0,0,3,3,13,7,1,408,PULASKI RD,41.798255,-87.705173,01/23/2021 02:35:00 PM,2021
CR00017001,01/15/2020 08:32:00 AM,35,CLEAR,DAYLIGHT,TURNING,NOT DIVIDED,NO CONTROLS,UNABLE TO DETERMINE,DRIVING SKILLS/KNOWLEDGE/EXPERIENCE,0,0,0,0,8,4,1,1900,LAKE SHORE DR,41.994866,-87.691699,01/15/2020 10:31:00 AM,2020
CR00017002,06/04/2024 08:39:00 AM,30,CLEAR,DAWN,FIXED OBJECT,NOT DIVIDED,NO CONTROLS,DRIVING SKILLS/KNOWLEDGE/EXPERIENCE,FOLLOWING TOO CLOSELY,0,0,0,0,8,3,6,446,STATE ST,41.973773,-87.514924,06/04/2024 09:32:00 AM,2024
CR00017003,12/07/2018 09:18:00 PM,30,CLOUDY/OVERCAST,DAYLIGHT,PARKED MOTOR VEHICLE,NOT DIVIDED,NO CONTROLS,UNABLE TO DETERMINE,UNABLE TO DETERMINE,0,0,0,0,21,6,12,2090,STATE ST,41.786096,-87.518522,12/07/2018 10:47:00 PM,2018
CR00017004,06/08/2021 05:57:00 PM,30,CLEAR,DARKNESS - LIGHTED ROAD,REAR END,DIVIDED - W/MEDIAN (NOT RAISED),UNKNOWN,DRIVING SKILLS/KNOWLEDGE/EXPERIENCE,UNABLE TO DETERMINE,0,1,1,2,17,3,6,1634,DIVISION ST,41.806475,-87.689678,06/08/2021 06:03:00 PM,2021
CR00017005,02/18/2020 05:31:00 PM,35,CLEAR,DAYLIGHT,REAR END,DIVIDED - W/MEDIAN (NOT RAISED),NO CONTROLS,IMPROPER OVERTAKING/PASSING,UNABLE TO DETERMINE,0,0,0,0,17,3,2,756,ARCHER AVE,41.72121,-87.837617,02/18/2020 05:46:00 PM,2020
CR00017006,02/18/2016 05:43:00 PM,30,CLEAR,DAYLIGHT,PARKED MOTOR VEHICLE,DIVIDED - W/MEDIAN BARRIER,TRAFFIC SIGNAL,UNABLE TO DETERMINE,NOT APPLICABLE,0,0,3,3,17,5,2,2070,CALIFORNIA AVE,41.733085,-87.787247,02/18/2016 06:59:00 PM,2016
CR00017007,05/16/2015 03:06:00 PM,35,CLEAR,DAYLIGHT,ANGLE,DIVIDED - W/MEDIAN BARRIER,UNKNOWN,DISREGARDING TRAFFIC SIGNALS,DISTRACTION - FROM INSIDE VEHICLE,0,0,0,0,15,7,5,365,ASHLAND AVE,41.932826,-87.535299,05/16/2015 04:33:00 PM,2015
CR00017008,12/12/2017 07:38:00 PM,40,CLEAR,DUSK,TURNING,DIVIDED - W/MEDIAN BARRIER,TRAFFIC SIGNAL,UNABLE TO DETERMINE,NOT APPLICABLE,0,0,0,0,19,3,12,1887,ASHLAND AVE,41.820642,-87.63532,12/12/2017 09:13:00 PM,2017
CR00017009,12/26/2021 08:11:00 AM,40,CLEAR,DAYLIGHT,TURNING,DIVIDED - W/MEDIAN (NOT RAISED),STOP SIGN/FLASHER,FAILING TO YIELD RIGHT-OF-WAY,NOT APPLICABLE,0,0,0,0,8,1,12,980,ARCHER AVE,41.706869,-87.748937,12/26/2021 09:55:00 AM,2021
CR00017010,11/11/2015 02:31:00 PM,30,CLEAR,DAYLIGHT,REAR END,ONE-WAY,NO CONTROLS,FAILING TO YIELD RIGHT-OF-WAY,NOT APPLICABLE,0,0,0,0,14,4,11,2489,STATE ST,41.802823,-87.693417,11/11/2015 04:01:00 PM,2015
CR00017011,12/29/2015 06:44:00 AM,40,CLEAR,DARKNESS - LIGHTED ROAD,REAR TO FRONT,DIVIDED - W/MEDIAN (NOT RAISED),STOP SIGN/FLASHER,UNABLE TO DETERMINE,FAILING TO YIELD RIGHT-OF-WAY,0,0,3,3,6,3,12,2047,HALSTED ST,41.947597,-87.692927,12/29/2015 07:09:00 AM,2015
CR00017012,02/03/2017 02:03:00 PM,15,CLOUDY/OVERCAST,DAYLIGHT,PEDESTRIAN,ONE-WAY,TRAFFIC SIGNAL,FAILING TO YIELD RIGHT-OF-WAY,UNABLE TO DETERMINE,0,0,0,0,14,6,2,320,STATE ST,41.861071,-87.718395,02/03/2017 03:04:00 PM,2017
CR00017013,12/06/2017 06:00:00 PM,35,CLEAR,DAYLIGHT,ANGLE,DIVIDED - W/MEDIAN (NOT RAISED),STOP SIGN/FLASHER,UNABLE TO DETERMINE,DISTRACTION - FROM INSIDE VEHICLE,0,0,0,0,18,4,12,1241,STONY ISLAND AVE,41.715776,-87.689649,12/06/2017 07:00:00 PM,2017
CR00017014,06/18/2020 11:43:00 AM,45,SNOW,DAYLIGHT,REAR END,DIVIDED - W/MEDIAN (NOT RAISED),STOP SIGN/FLASHER,FAILING TO REDUCE SPEED,IMPROPER OVERTAKING/PASSING,0,0,1,1,11,5,6,1294,47TH ST,41.924506,-87.513164,06/18/2020 11:49:00 AM,2020
CR00017015,09/24/2023 07:30:00 AM,20,RAIN,DAYLIGHT,REAR TO FRONT,DIVIDED - W/MEDIAN (NOT RAISED),UNKNOWN,DISREGARDING TRAFFIC SIGNALS,FOLLOWING TOO CLOSELY,0,0,0,0,7,1,9,280,MICHIGAN AVE,41.95345,-87.747899,09/24/2023 09:30:00 AM,2023
CR00017016,03/07/2022 04:13:00 PM,35,CLEAR,DARKNESS,REAR END,FOUR WAY,TRAFFIC SIGNAL,UNABLE TO DETERMINE,UNABLE TO DETERMINE,0,0,0,0,16,2,3,1809,79TH ST,41.880313,-87.735207,03/07/2022 04:35:00 PM,2022
CR00017017,07/08/2024 09:53:00 PM,45,CLEAR,DAYLIGHT,SIDESWIPE SAME DIRECTION,FOUR WAY,NO CONTROLS,WEATHER,FOLLOWING TOO CLOSELY,0,1,0,1,21,2,7,303,BROADWAY,41.860344,-87.507099,07/08/2024 10:37:00 PM,2024
CR00017018,07/15/2023 04:12:00 PM,45,FREEZING RAIN/DRIZZLE,DARKNESS,PARKED MOTOR VEHICLE,ONE-WAY,TRAFFIC SIGNAL,UNABLE TO DETERMINE,FOLLOWING TOO CLOSELY,0,0,3,3,16,7,7,251,DIVISION ST,41.903717,-87.791035,07/15/2023 05:10:00 PM,2023
CR00017019,09/01/2022 04:06:00 PM,30,CLEAR,DAYLIGHT,REAR END,FOUR WAY,NO CONTROLS,DISTRACTION - FROM INSIDE VEHICLE,UNABLE TO DETERMINE,0,0,0,0,16,5,9,772,DAMEN AVE,41.823777,-87.7222,09/01/2022 05:51:00 PM,2022
CR00017020,04/11/2022 04:49:00 AM,30,CLEAR,DAYLIGHT,TURNING,DIVIDED - W/MEDIAN (NOT RAISED),STOP SIGN/FLASHER,DISREGARDING TRAFFIC SIGNALS,IMPROPER LANE USAGE,0,0,0,0,4,2,4,220,ASHLAND AVE,41.92491,-87.680684,04/11/2022 05:03:00 AM,2022
CR00017021,01/01/2020 08:27:00 PM,40,CLEAR,DAYLIGHT,ANGLE,NOT DIVIDED,TRAFFIC SIGNAL,DISREGARDING TRAFFIC SIGNALS,FAILING TO YIELD RIGHT-OF-WAY,0,0,0,0,20,4,1,1663,STATE ST,41.960778,-87.623054,01/01/2020 09:26:00 PM,2020
CR00017022,03/02/2023 11:18:00 AM,45,CLEAR,DAYLIGHT,TURNING,DIVIDED - W/MEDIAN BARRIER,NO CONTROLS,DISTRACTION - FROM INSIDE VEHICLE,NOT APPLICABLE,0,0,0,0,11,5,3,2177,OGDEN AVE,41.70105,-87.771922,03/02/2023 12:38:00 PM,2023
CR00017023,04/10/2023 01:00:00 PM,30,CLEAR,DAYLIGHT,TURNING,ONE-WAY,TRAFFIC SIGNAL,FAILING TO REDUCE SPEED,NOT APPLICABLE,0,0,0,0,13,2,4,1167,47TH ST,41.767945,-87.841208,04/10/2023 02:21:00 PM,2023
CR00017024,07/24/2020 08:09:00 AM,30,CLEAR,DARKNESS,REAR END,ONE-WAY,TRAFFIC SIGNAL,UNABLE TO DETERMINE,NOT APPLICABLE,0,0,0,0,8,6,7,2244,OGDEN AVE,41.872726,-87.680549,07/24/2020 08:40:00 AM,2020
CR00017025,12/28/2021 03:48:00 AM,35,RAIN,DAYLIGHT,ANGLE,T-INTERSECTION,PEDESTRIAN CROSSING SIGN,UNABLE TO DETERMINE,DRIVING SKILLS/KNOWLEDGE/EXPERIENCE,0,0,0,0,3,3,12,1917,DIVISION ST,41.9858,-87.700099,12/28/2021 04:05:00 AM,2021
CR00017026,08/11/2017 11:18:00 AM,15,SNOW,DARKNESS - LIGHTED ROAD,TURNING,DIVIDED - W/MEDIAN BARRIER,UNKNOWN,UNABLE TO DETERMINE,FOLLOWING TOO CLOSELY,0,0,0,0,11,6,8,1416,STONY ISLAND AVE,41.822031,-87.700097,08/11/2017 12:25:00 PM,2017
CR00017027,10/16/2017 04:02:00 PM,25,CLEAR,DAYLIGHT,REAR END,FOUR WAY,UNKNOWN,IMPROPER OVERTAKING/PASSING,FAILING TO YIELD RIGHT-OF-WAY,0,0,0,0,16,2,10,1172,STONY ISLAND AVE,41.769448,-87.647364,10/16/2017 05:09:00 PM,2017
CR00017028,09/25/2024 11:08:00 AM,45,CLEAR,DARKNESS - LIGHTED ROAD,ANGLE,NOT DIVIDED,NO CONTROLS,FOLLOWING TOO CLOSELY,FAILING TO YIELD RIGHT-OF-WAY,0,1,0,1,11,4,9,2424,LAKE SHORE DR,41.736109,-87.697953,09/25/2024 12:19:00 PM,2024
CR00017029,07/04/2019 07:43:00 AM,40,RAIN,DARKNESS - LIGHTED ROAD,REAR END,FOUR WAY,TRAFFIC SIGNAL,FOLLOWING TOO CLOSELY,UNABLE TO DETERMINE,0,0,0,0,7,5,7,342,CICERO AVE,41.877709,-87.586224,07/04/2019 07:50:00 AM,2019
CR00017030,11/07/2021 07:28:00 PM,35,SNOW,DARKNESS - LIGHTED ROAD,SIDESWIPE SAME DIRECTION,FOUR WAY,STOP SIGN/FLASHER,DISTRACTION - FROM INSIDE VEHICLE,FOLLOWING TOO CLOSELY,0,0,1,1,19,1,11,1512,ROOSEVELT RD,41.865953,-87.604032,11/07/2021 09:04:00 PM,2021
CR00017031,09/20/2020 07:30:00 PM,30,CLEAR,DAYLIGHT,REAR END,DIVIDED - W/MEDIAN (NOT RAISED),NO CONTROLS,DRIVING SKILLS/KNOWLEDGE/EXPERIENCE,FAILING TO REDUCE SPEED,0,0,0,0,19,1,9,2346,CALIFORNIA AVE,41.832738,-87.677738,09/20/2020 08:23:00 PM,2020
CR00017032,08/31/2023 02:48:00 PM,35,RAIN,DAYLIGHT,TURNING,DIVIDED - W/MEDIAN (NOT RAISED),STOP SIGN/FLASHER,UNABLE TO DETERMINE,FAILING TO YIELD RIGHT-OF-WAY,0,1,0,1,14,5,8,2331,CICERO AVE,41.864475,-87.68393,08/31/2023 04:12:00 PM,2023
CR00017033,11/06/2019 02:32:00 PM,30,CLEAR,DAYLIGHT,REAR END,FOUR WAY,NO CONTROLS,UNABLE TO DETERMINE,DRIVING SKILLS/KNOWLEDGE/EXPERIENCE,0,0,0,0,14,4,11,604,47TH ST,41.859312,-87.623957,11/06/2019 04:22:00 PM,2019
CR00017034,09/16/2021 05:07:00 PM,30,CLEAR,DAYLIGHT,SIDESWIPE SAME DIRECTION,ONE-WAY,TRAFFIC SIGNAL,DISREGARDING TRAFFIC SIGNALS,UNABLE TO DETERMINE,0,0,3,3,17,5,9,671,DIVISION ST,41.764027,-87.792762,09/16/2021 06:17:00 PM,2021
CR00017035,09/07/2018 07:52:00 AM,45,RAIN,DARKNESS - LIGHTED ROAD,ANGLE,NOT DIVIDED,TRAFFIC SIGNAL,UNABLE TO DETERMINE,DISTRACTION - FROM INSIDE VEHICLE,0,0,0,0,7,6,9,1901,47TH ST,41.74918,-87.790732,09/07/2018 08:28:00 AM,2018
CR00017036,04/14/2023 08:19:00 PM,25,CLEAR,DAYLIGHT,PARKED MOTOR VEHICLE,DIVIDED - W/MEDIAN (NOT RAISED),TRAFFIC SIGNAL,DISREGARDING TRAFFIC SIGNALS,NOT APPLICABLE,0,0,0,0,20,6,4,1251,STONY ISLAND AVE,41.885183,-87.78929,04/14/2023 09:34:00 PM,2023
CR00017037,05/24/2023 10:00:00 AM,35,CLEAR,DAYLIGHT,REAR END,T-INTERSECTION,NO CONTROLS,DRIVING SKILLS/KNOWLEDGE/EXPERIENCE,FAILING TO YIELD RIGHT-OF-WAY,0,0,0,0,10,4,5,1883,ASHLAND AVE,41.993172,-87.812216,05/24/2023 10:19:00 AM,2023
CR00017038,07/04/2015 01:20:00 PM,35,CLEAR,DAYLIGHT,REAR TO FRONT,NOT DIVIDED,TRAFFIC SIGNAL,FAILING TO YIELD RIGHT-OF-WAY,IMPROPER LANE USAGE,0,0,0,0,13,7,7,915,PULASKI RD,41.790192,-87.757023,07/04/2015 01:29:00 PM,2015