CRASH_RECORD_ID,CRASH_DATE,POSTED_SPEED_LIMIT,WEATHER_CONDITION,LIGHTING_CONDITION,FIRST_CRASH_TYPE,TRAFFICWAY_TYPE,TRAFFIC_CONTROL_DEVICE,PRIM_CONTRIBUTORY_CAUSE,SEC_CONTRIBUTORY_CAUSE,INJURIES_FATAL,INJURIES_INCAPACITATING,INJURIES_NON_INCAPACITATING,INJURIES_TOTAL,CRASH_HOUR,CRASH_DAY_OF_WEEK,CRASH_MONTH,BEAT_OF_OCCURRENCE,STREET_NAME,LATITUDE,LONGITUDE,DATE_POLICE_NOTIFIED,year
CR00017039,07/16/2018 01:11:00 AM,35,CLEAR,DARKNESS - LIGHTED ROAD,TURNING,ONE-WAY,YIELD,DISREGARDING TRAFFIC SIGNALS,NOT APPLICABLE,0,0,1,1,1,2,7,1928,IRVING PARK RD,41.908704,-87.77905,07/16/2018 02:03:00 AM,2018
CR00017040,09/25/2024 12:29:00 PM,35,RAIN,DAYLIGHT,ANGLE,NOT DIVIDED,NO CONTROLS,DISREGARDING TRAFFIC SIGNALS,NOT APPLICABLE,0,0,0,0,12,4,9,100,CLARK ST,41.917096,-87.554645,09/25/2024 02:21:00 PM,2024
CR00017041,07/16/2018 03:05:00 AM,30,SNOW,DAYLIGHT,REAR END,NOT DIVIDED,TRAFFIC SIGNAL,FOLLOWING TOO CLOSELY,UNABLE TO DETERMINE,0,0,0,0,3,2,7,843,STATE ST,41.800497,-87.816783,07/16/2018 04:41:00 AM,2018
CR00017042,04/06/2018 07:00:00 AM,40,CLEAR,DARKNESS - LIGHTED ROAD,TURNING,T-INTERSECTION,UNKNOWN,UNABLE TO DETERMINE,UNABLE TO DETERMINE,0,0,1,1,7,6,4,1467,BROADWAY,41.856251,-87.658992,04/06/2018 08:59:00 AM,2018
CR00017043,01/01/2017 08:20:00 AM,25,CLEAR,DAYLIGHT,REAR END,ONE-WAY,NO CONTROLS,FAILING TO REDUCE SPEED,NOT APPLICABLE,0,0,1,1,8,1,1,2147,ASHLAND AVE,41.943691,-87.526929,01/01/2017 09:46:00 AM,2017
CR00017044,02/11/2024 11:08:00 AM,20,CLEAR,DARKNESS - LIGHTED ROAD,SIDESWIPE SAME DIRECTION,ONE-WAY,TRAFFIC SIGNAL,DISTRACTION - FROM INSIDE VEHICLE,FAILING TO YIELD RIGHT-OF-WAY,0,0,3,3,11,1,2,1728,ARCHER AVE,41.901329,-87.65058,02/11/2024 11:39:00 AM,2024
CR00017045,07/05/2021 04:43:00 AM,20,FREEZING RAIN/DRIZZLE,DAYLIGHT,ANGLE,T-INTERSECTION,STOP SIGN/FLASHER,UNABLE TO DETERMINE,DISREGARDING TRAFFIC SIGNALS,0,0,0,0,4,2,7,270,ROOSEVELT RD,41.927101,-87.826678,07/05/2021 05:53:00 AM,2021
CR00017046,03/17/2019 09:38:00 AM,30,CLEAR,DUSK,PARKED MOTOR VEHICLE,FOUR WAY,NO CONTROLS,FAILING TO YIELD RIGHT-OF-WAY,FOLLOWING TOO CLOSELY,0,0,0,0,9,1,3,1724,ELSTON AVE,41.981158,-87.634675,03/17/2019 11:04:00 AM,2019
CR00017047,06/25/2023 06:48:00 PM,30,CLEAR,DAYLIGHT,REAR END,NOT DIVIDED,STOP SIGN/FLASHER,DISTRACTION - FROM INSIDE VEHICLE,UNABLE TO DETERMINE,0,0,0,0,18,1,6,2533,STATE ST,41.96633,-87.709361,06/25/2023 06:58:00 PM,2023
CR00017048,06/29/2021 02:58:00 PM,30,CLEAR,DAYLIGHT,REAR END,NOT DIVIDED,NO CONTROLS,UNABLE TO DETERMINE,IMPROPER LANE USAGE,0,0,0,0,14,3,6,1072,ELSTON AVE,41.997746,-87.567217,06/29/2021 04:58:00 PM,2021
CR00017049,05/07/2021 02:14:00 PM,25,CLEAR,DARKNESS - LIGHTED ROAD,REAR END,DIVIDED - W/MEDIAN BARRIER,TRAFFIC SIGNAL,UNABLE TO DETERMINE,IMPROPER OVERTAKING/PASSING,0,1,0,1,14,6,5,2372,STATE ST,41.881025,-87.665506,05/07/2021 03:48:00 PM,2021
CR00017050,03/04/2016 10:19:00 AM,25,CLEAR,DAYLIGHT,ANGLE,NOT DIVIDED,UNKNOWN,IMPROPER OVERTAKING/PASSING,UNABLE TO DETERMINE,0,0,0,0,10,6,3,2068,63RD ST,41.794577,-87.80196,03/04/2016 10:52:00 AM,2016
CR00017051,01/25/2019 11:59:00 AM,30,CLEAR,DAYLIGHT,TURNING,DIVIDED - W/MEDIAN (NOT RAISED),TRAFFIC SIGNAL,FAILING TO YIELD RIGHT-OF-WAY,FAILING TO YIELD RIGHT-OF-WAY,0,0,1,1,11,6,1,873,CLARK ST,41.779731,-87.529348,01/25/2019 01:14:00 PM,2019
CR00017052,11/21/2022 12:04:00 PM,25,CLOUDY/OVERCAST,DARKNESS - LIGHTED ROAD,PARKED MOTOR VEHICLE,ONE-WAY,TRAFFIC SIGNAL,UNABLE TO DETERMINE,UNABLE TO DETERMINE,0,0,0,0,12,2,11,1305,47TH ST,41.944291,-87.560091,11/21/2022 12:53:00 PM,2022
CR00017053,10/08/2021 06:18:00 PM,45,CLEAR,DARKNESS - LIGHTED ROAD,REAR END,NOT DIVIDED,STOP SIGN/FLASHER,DISTRACTION - FROM INSIDE VEHICLE,UNABLE TO DETERMINE,0,0,0,0,18,6,10,2432,FULLERTON AVE,41.809053,-87.821183,10/08/2021 06:32:00 PM,2021
CR00017054,01/31/2024 09:43:00 AM,30,CLEAR,DUSK,REAR END,NOT DIVIDED,UNKNOWN,FOLLOWING TOO CLOSELY,IMPROPER LANE USAGE,0,0,0,0,9,4,1,465,KEDZIE AVE,41.879834,-87.766844,01/31/2024 09:55:00 AM,2024
CR00017055,06/17/2020 10:25:00 AM,40,SNOW,DAYLIGHT,TURNING,NOT DIVIDED,NO CONTROLS,IMPROPER OVERTAKING/PASSING,FOLLOWING TOO CLOSELY,0,0,0,0,10,4,6,1965,63RD ST,41.792145,-87.818048,06/17/2020 12:10:00 PM,2020
CR00017056,09/29/2019 04:25:00 AM,30,FOG/SMOKE/HAZE,DAYLIGHT,SIDESWIPE SAME DIRECTION,NOT DIVIDED,TRAFFIC SIGNAL,IMPROPER LANE USAGE,FAILING TO REDUCE SPEED,0,0,0,0,4,1,9,1819,PULASKI RD,41.845771,-87.836085,09/29/2019 05:29:00 AM,2019
CR00017057,09/14/2021 04:21:00 PM,40,CLEAR,DUSK,REAR END,NOT DIVIDED,NO CONTROLS,UNABLE TO DETERMINE,DRIVING SKILLS/KNOWLEDGE/EXPERIENCE,0,0,0,0,16,3,9,1967,CLARK ST,41.923665,-87.792641,09/14/2021 04:45:00 PM,2021
CR00017058,12/12/2017 08:44:00 AM,25,SNOW,DAYLIGHT,REAR END,ONE-WAY,STOP SIGN/FLASHER,UNABLE TO DETERMINE,WEATHER,0,0,2,2,8,3,12,1242,ROOSEVELT RD,41.940657,-87.504194,12/12/2017 09:28:00 AM,2017
CR00017059,01/05/2017 04:07:00 PM,30,CLEAR,DARKNESS,SIDESWIPE SAME DIRECTION,ONE-WAY,TRAFFIC SIGNAL,FAILING TO YIELD RIGHT-OF-WAY,UNABLE TO DETERMINE,0,0,0,0,16,5,1,1236,IRVING PARK RD,41.960947,-87.58486,01/05/2017 04:27:00 PM,2017
CR00017060,04/09/2018 07:42:00 AM,25,CLEAR,DAYLIGHT,REAR END,ONE-WAY,NO CONTROLS,UNABLE TO DETERMINE,DRIVING SKILLS/KNOWLEDGE/EXPERIENCE,0,0,0,0,7,2,4,1229,47TH ST,41.808886,-87.77357,04/09/2018 09:12:00 AM,2018
CR00017061,09/22/2022 11:19:00 PM,15,CLEAR,DAYLIGHT,SIDESWIPE SAME DIRECTION,NOT DIVIDED,YIELD,UNABLE TO DETERMINE,UNABLE TO DETERMINE,0,0,1,1,23,5,9,1201,MILWAUKEE AVE,41.990074,-87.546314,09/23/2022 12:58:00 AM,2022
CR00017062,02/26/2024 04:39:00 PM,25,RAIN,DAYLIGHT,SIDESWIPE SAME DIRECTION,DIVIDED - W/MEDIAN (NOT RAISED),NO CONTROLS,DISTRACTION - FROM INSIDE VEHICLE,DRIVING SKILLS/KNOWLEDGE/EXPERIENCE,0,0,0,0,16,2,2,1884,KEDZIE AVE,41.965601,-87.669543,02/26/2024 05:04:00 PM,2024
CR00017063,05/09/2022 08:07:00 PM,30,SNOW,DARKNESS - LIGHTED ROAD,REAR END,NOT DIVIDED,STOP SIGN/FLASHER,DISREGARDING TRAFFIC SIGNALS,UNABLE TO DETERMINE,0,0,3,3,20,2,5,2058,ASHLAND AVE,41.918896,-87.56493,05/09/2022 08:42:00 PM,2022
CR00017064,06/09/2015 03:38:00 PM,35,CLEAR,DAYLIGHT,TURNING,DIVIDED - W/MEDIAN (NOT RAISED),TRAFFIC SIGNAL,UNABLE TO DETERMINE,NOT APPLICABLE,0,0,0,0,15,3,6,310,DAMEN AVE,41.719096,-87.619049,06/09/2015 05:29:00 PM,2015
CR00017065,02/16/2018 07:28:00 PM,30,CLOUDY/OVERCAST,DARKNESS - LIGHTED ROAD,PARKED MOTOR VEHICLE,ONE-WAY,STOP SIGN/FLASHER,DRIVING SKILLS/KNOWLEDGE/EXPERIENCE,IMPROPER OVERTAKING/PASSING,0,0,0,0,19,6,2,2078,ASHLAND AVE,41.849409,-87.695423,02/16/2018 08:34:00 PM,2018
CR00017066,12/08/2023 11:51:00 PM,30,CLEAR,DARKNESS,REAR TO FRONT,DIVIDED - W/MEDIAN (NOT RAISED),NO CONTROLS,DISTRACTION - FROM INSIDE VEHICLE,UNABLE TO DETERMINE,0,0,0,0,23,6,12,1770,STATE ST,41.731174,-87.659639,12/09/2023 01:33:00 AM,2023
CR00017067,07/05/2022 12:41:00 PM,35,CLEAR,DAYLIGHT,PARKED MOTOR VEHICLE,DIVIDED - W/MEDIAN BARRIER,TRAFFIC SIGNAL,UNABLE TO DETERMINE,NOT APPLICABLE,0,0,0,0,12,3,7,2334,CLARK ST,41.956878,-87.816689,07/05/2022 12:58:00 PM,2022
CR00017068,01/07/2017 03:57:00 PM,25,CLEAR,DAYLIGHT,TURNING,DIVIDED - W/MEDIAN BARRIER,TRAFFIC SIGNAL,IMPROPER LANE USAGE,IMPROPER LANE USAGE,0,0,0,0,15,7,1,914,ASHLAND AVE,41.976968,-87.816972,01/07/2017 05:08:00 PM,2017
CR00017069,12/26/2021 07:09:00 PM,25,CLEAR,DAYLIGHT,ANGLE,DIVIDED - W/MEDIAN (NOT RAISED),STOP SIGN/FLASHER,DISREGARDING TRAFFIC SIGNALS,UNABLE TO DETERMINE,0,0,0,0,19,1,12,1395,HALSTED ST,41.786281,-87.84672,12/26/2021 07:51:00 PM,2021
CR00017070,04/22/2020 06:36:00 AM,40,SNOW,DAYLIGHT,REAR END,DIVIDED - W/MEDIAN (NOT RAISED),NO CONTROLS,DRIVING SKILLS/KNOWLEDGE/EXPERIENCE,FAILING TO YIELD RIGHT-OF-WAY,0,0,0,0,6,4,4,2289,DIVISION ST,41.848326,-87.586022,04/22/2020 08:28:00 AM,2020
CR00017071,08/26/2017 05:12:00 PM,45,CLEAR,DAYLIGHT,ANGLE,DIVIDED - W/MEDIAN (NOT RAISED),TRAFFIC SIGNAL,DRIVING SKILLS/KNOWLEDGE/EXPERIENCE,DISTRACTION - FROM INSIDE VEHICLE,0,0,0,0,17,7,8,418,LAKE SHORE DR,41.767351,-87.84005,08/26/2017 06:53:00 PM,2017
CR00017072,06/06/2022 09:13:00 AM,15,CLEAR,DAYLIGHT,TURNING,NOT DIVIDED,NO CONTROLS,IMPROPER OVERTAKING/PASSING,NOT APPLICABLE,0,0,0,0,9,2,6,984,CALIFORNIA AVE,41.77232,-87.661659,06/06/2022 09:19:00 AM,2022
CR00017073,04/23/2024 10:48:00 AM,35,CLEAR,DAYLIGHT,FIXED OBJECT,FOUR WAY,TRAFFIC SIGNAL,FOLLOWING TOO CLOSELY,UNABLE TO DETERMINE,0,0,0,0,10,3,4,1282,63RD ST,41.838551,-87.774642,04/23/2024 10:49:00 AM,2024
CR00017074,01/15/2020 12:39:00 AM,35,CLEAR,DAYLIGHT,TURNING,DIVIDED - W/MEDIAN BARRIER,UNKNOWN,IMPROPER OVERTAKING/PASSING,FAILING TO YIELD RIGHT-OF-WAY,0,0,0,0,0,4,1,814,CLARK ST,41.908779,-87.680267,01/15/2020 01:08:00 AM,2020
CR00017075,03/08/2019 07:09:00 PM,35,CLOUDY/OVERCAST,DAYLIGHT,REAR TO FRONT,NOT DIVIDED,YIELD,IMPROPER OVERTAKING/PASSING,FAILING TO YIELD RIGHT-OF-WAY,0,0,0,0,19,6,3,1137,CLARK ST,41.865676,-87.82938,03/08/2019 07:57:00 PM,2019
CR00017076,07/24/2021 09:43:00 PM,30,CLEAR,DAYLIGHT,PARKED MOTOR VEHICLE,FOUR WAY,TRAFFIC SIGNAL,FAILING TO REDUCE SPEED,IMPROPER OVERTAKING/PASSING,0,0,0,0,21,7,7,2132,STATE ST,41.848086,-87.663028,07/24/2021 10:02:00 PM,2021
CR00017077,03/28/2021 10:44:00 PM,25,CLEAR,DAYLIGHT,TURNING,DIVIDED - W/MEDIAN (NOT RAISED),NO CONTROLS,UNABLE TO DETERMINE,NOT APPLICABLE,0,0,0,0,22,1,3,755,WESTERN AVE,41.863952,-87.816698,03/29/2021 12:04:00 AM,2021
CR00017078,06/29/2016 02:10:00 PM,35,CLEAR,DAYLIGHT,REAR END,ONE-WAY,NO CONTROLS,UNABLE TO DETERMINE,UNABLE TO DETERMINE,0,0,0,0,14,4,6,917,ASHLAND AVE,41.886872,-87.652129,06/29/2016 02:19:00 PM,2016
CR00017079,09/05/2015 09:37:00 AM,35,SNOW,DARKNESS - LIGHTED ROAD,TURNING,NOT DIVIDED,YIELD,FOLLOWING TOO CLOSELY,IMPROPER LANE USAGE,0,0,0,0,9,7,9,1400,DIVISION ST,41.787176,-87.805348,09/05/2015 11:34:00 AM,2015
CR00017080,09/12/2024 10:02:00 AM,25,SNOW,DARKNESS - LIGHTED ROAD,ANGLE,DIVIDED - W/MEDIAN (NOT RAISED),NO CONTROLS,FOLLOWING TOO CLOSELY,FOLLOWING TOO CLOSELY,0,0,0,0,10,5,9,919,LAKE SHORE DR,41.706675,-87.570012,09/12/2024 11:33:00 AM,2024
CR00017081,08/18/2023 06:00:00 PM,30,CLEAR,DAYLIGHT,REAR END,DIVIDED - W/MEDIAN (NOT RAISED),STOP SIGN/FLASHER,UNABLE TO DETERMINE,UNABLE TO DETERMINE,0,0,1,1,18,6,8,711,WESTERN AVE,41.734186,-87.831479,08/18/2023 07:00:00 PM,2023
CR00017082,03/25/2023 03:47:00 PM,35,CLEAR,DUSK,TURNING,DIVIDED - W/MEDIAN BARRIER,UNKNOWN,IMPROPER LANE USAGE,FOLLOWING TOO CLOSELY,0,0,0,0,15,7,3,1807,LAKE SHORE DR,41.738388,-87.535744,03/25/2023 03:55:00 PM,2023
CR00017083,05/03/2017 01:38:00 PM,35,CLEAR,DARKNESS - LIGHTED ROAD,SIDESWIPE SAME DIRECTION,DIVIDED - W/MEDIAN BARRIER,NO CONTROLS,IMPROPER OVERTAKING/PASSING,FAILING TO YIELD RIGHT-OF-WAY,0,0,0,0,13,4,5,967,LAKE SHORE DR,41.741283,-87.790387,05/03/2017 02:44:00 PM,2017
CR00017084,02/07/2015 11:19:00 PM,45,CLEAR,DAYLIGHT,ANGLE,FOUR WAY,NO CONTROLS,FOLLOWING TOO CLOSELY,DRIVING SKILLS/KNOWLEDGE/EXPERIENCE,0,0,0,0,23,7,2,392,FULLERTON AVE,41.759501,-87.62585,02/07/2015 11:45:00 PM,2015
CR00017085,06/26/2023 02:49:00 AM,45,CLEAR,DAYLIGHT,REAR TO FRONT,NOT DIVIDED,TRAFFIC SIGNAL,IMPROPER LANE USAGE,FAILING TO YIELD RIGHT-OF-WAY,0,1,2,3,2,2,6,1918,IRVING PARK RD,41.860968,-87.626948,06/26/2023 03:57:00 AM,2023
CR00017086,05/21/2020 07:23:00 PM,25,FREEZING RAIN/DRIZZLE,DAYLIGHT,TURNING,DIVIDED - W/MEDIAN BARRIER,STOP SIGN/FLASHER,DISTRACTION - FROM INSIDE VEHICLE,NOT APPLICABLE,0,0,0,0,19,5,5,2216,OGDEN AVE,41.94547,-87.682138,05/21/2020 08:38:00 PM,2020
CR00017087,10/01/2017 05:58:00 AM,45,CLEAR,DAYLIGHT,PEDESTRIAN,NOT DIVIDED,TRAFFIC SIGNAL,FOLLOWING TOO CLOSELY,FOLLOWING TOO CLOSELY,0,0,1,1,5,1,10,1944,CALIFORNIA AVE,41.908649,-87.595106,10/01/2017 06:20:00 AM,2017
CR00017088,05/24/2019 01:03:00 PM,40,CLEAR,DAYLIGHT,ANGLE,DIVIDED - W/MEDIAN (NOT RAISED),NO CONTROLS,DISTRACTION - FROM INSIDE VEHICLE,FOLLOWING TOO CLOSELY,0,0,0,0,13,6,5,2443,KEDZIE AVE,41.899433,-87.673426,05/24/2019 01:56:00 PM,2019
CR00017089,09/12/2022 08:46:00 PM,15,CLEAR,DARKNESS,REAR END,NOT DIVIDED,NO CONTROLS,DRIVING SKILLS/KNOWLEDGE/EXPERIENCE,NOT APPLICABLE,0,0,0,0,20,2,9,684,STATE ST,41.929053,-87.685569,09/12/2022 09:46:00 PM,2022
CR00017090,06/03/2018 09:34:00 AM,35,CLEAR,DARKNESS - LIGHTED ROAD,FIXED OBJECT,NOT DIVIDED,NO CONTROLS,UNABLE TO DETERMINE,UNABLE TO DETERMINE,0,0,0,0,9,1,6,1556,WESTERN AVE,41.91443,-87.52072,06/03/2018 11:23:00 AM,2018
CR00017091,03/13/2017 03:00:00 PM,35,CLEAR,DAYLIGHT,FIXED OBJECT,DIVIDED - W/MEDIAN BARRIER,NO CONTROLS,DISTRACTION - FROM INSIDE VEHICLE,DISTRACTION - FROM INSIDE VEHICLE,0,0,0,0,15,2,3,1332,HALSTED ST,41.817743,-87.648834,03/13/2017 04:29:00 PM,2017
CR00017092,02/04/2016 05:25:00 PM,45,CLEAR,DAYLIGHT,ANGLE,NOT DIVIDED,TRAFFIC SIGNAL,FOLLOWING TOO CLOSELY,IMPROPER OVERTAKING/PASSING,0,0,0,0,17,5,2,1469,LAKE SHORE DR,41.834361,-87.73604,02/04/2016 07:00:00 PM,2016
CR00017093,05/18/2018 10:55:00 AM,35,CLOUDY/OVERCAST,DAYLIGHT,PARKED MOTOR VEHICLE,DIVIDED - W/MEDIAN BARRIER,TRAFFIC SIGNAL,FAILING TO YIELD RIGHT-OF-WAY,UNABLE TO DETERMINE,0,0,0,0,10,6,5,439,ARCHER AVE,41.987536,-87.667698,05/18/2018 12:44:00 PM,2018
CR00017094,03/28/2015 07:04:00 AM,30,CLOUDY/OVERCAST,DARKNESS - LIGHTED ROAD,REAR END,DIVIDED - W/MEDIAN BARRIER,NO CONTROLS,IMPROPER LANE USAGE,FOLLOWING TOO CLOSELY,0,0,0,0,7,7,3,823,MILWAUKEE AVE,41.736389,-87.714071,03/28/2015 07:22:00 AM,2015
CR00017095,01/30/2019 05:31:00 PM,30,CLEAR,DAYLIGHT,PARKED MOTOR VEHICLE,NOT DIVIDED,TRAFFIC SIGNAL,DRIVING SKILLS/KNOWLEDGE/EXPERIENCE,IMPROPER LANE USAGE,0,0,0,0,17,4,1,352,DAMEN AVE,41.76364,-87.797363,01/30/2019 05:55:00 PM,2019
CR00017096,11/16/2017 05:53:00 PM,30,RAIN,DAYLIGHT,TURNING,NOT DIVIDED,NO CONTROLS,IMPROPER OVERTAKING/PASSING,DISTRACTION - FROM INSIDE VEHICLE,0,0,0,0,17,5,11,245,STONY ISLAND AVE,41.943324,-87.737478,11/16/2017 07:22:00 PM,2017
CR00017097,03/16/2023 08:00:00 AM,15,CLEAR,DAYLIGHT,REAR END,DIVIDED - W/MEDIAN (NOT RAISED),STOP SIGN/FLASHER,FAILING TO YIELD RIGHT-OF-WAY,IMPROPER OVERTAKING/PASSING,0,0,0,0,8,5,3,159,CALIFORNIA AVE,41.891313,-87.789482,03/16/2023 09:01:00 AM,2023
CR00017098,01/25/2022 05:08:00 AM,25,SNOW,DAYLIGHT,REAR END,NOT DIVIDED,STOP SIGN/FLASHER,UNABLE TO DETERMINE,UNABLE TO DETERMINE,0,0,3,3,5,3,1,992,MICHIGAN AVE,41.895618,-87.619382,01/25/2022 06:49:00 AM,2022
CR00017099,01/27/2017 06:02:00 AM,25,CLEAR,DAYLIGHT,PARKED MOTOR VEHICLE,NOT DIVIDED,NO CONTROLS,IMPROPER OVERTAKING/PASSING,FAILING TO YIELD RIGHT-OF-WAY,0,0,0,0,6,6,1,614,PULASKI RD,41.918262,-87.529491,01/27/2017 07:55:00 AM,2017
CR00017100,11/18/2016 05:44:00 AM,15,CLEAR,DAYLIGHT,TURNING,ONE-WAY,NO CONTROLS,FOLLOWING TOO CLOSELY,NOT APPLICABLE,0,1,1,2,5,6,11,1167,WESTERN AVE,41.742162,-87.50499,11/18/2016 07:33:00 AM,2016
CR00017101,12/01/2020 12:30:00 AM,25,CLEAR,DARKNESS - LIGHTED ROAD,SIDESWIPE SAME DIRECTION,DIVIDED - W/MEDIAN (NOT RAISED),NO CONTROLS,UNABLE TO DETERMINE,UNABLE TO DETERMINE,0,0,0,0,0,3,12,886,FULLERTON AVE,41.90122,-87.640741,12/01/2020 01:14:00 AM,2020
CR00017102,03/21/2019 02:59:00 PM,30,CLEAR,DAYLIGHT,REAR END,FOUR WAY,NO CONTROLS,UNABLE TO DETERMINE,IMPROPER LANE USAGE,0,0,0,0,14,5,3,1189,CLARK ST,41.804183,-87.565458,03/21/2019 04:19:00 PM,2019
CR00017103,04/18/2016 04:45:00 PM,45,CLEAR,DARKNESS - LIGHTED ROAD,FIXED OBJECT,NOT DIVIDED,UNKNOWN,DISREGARDING TRAFFIC SIGNALS,FAILING TO REDUCE SPEED,0,0,0,0,16,2,4,168,FULLERTON AVE,41.889186,-87.674786,04/18/2016 05:06:00 PM,2016
CR00017104,09/25/2021 05:50:00 PM,45,CLEAR,DAYLIGHT,TURNING,DIVIDED - W/MEDIAN (NOT RAISED),STOP SIGN/FLASHER,FAILING TO REDUCE SPEED,DISREGARDING TRAFFIC SIGNALS,0,0,0,0,17,7,9,322,FULLERTON AVE,41.753539,-87.632115,09/25/2021 06:30:00 PM,2021
CR00017105,08/05/2021 08:50:00 PM,30,RAIN,DARKNESS - LIGHTED ROAD,PARKED MOTOR VEHICLE,FOUR WAY,NO CONTROLS,UNABLE TO DETERMINE,NOT APPLICABLE,0,0,0,0,20,5,8,1662,OGDEN AVE,41.795883,-87.833482,08/05/2021 10:35:00 PM,2021
CR00017106,03/30/2018 03:48:00 PM,30,CLEAR,DAYLIGHT,SIDESWIPE SAME DIRECTION,DIVIDED - W/MEDIAN (NOT RAISED),NO CONTROLS,UNABLE TO DETERMINE,IMPROPER LANE USAGE,0,0,0,0,15,6,3,1848,STONY ISLAND AVE,41.79594,-87.784894,03/30/2018 05:12:00 PM,2018
CR00017107,06/25/2019 11:50:00 AM,30,CLEAR,DAYLIGHT,REAR END,T-INTERSECTION,NO CONTROLS,IMPROPER OVERTAKING/PASSING,DISREGARDING TRAFFIC SIGNALS,0,0,0,0,11,3,6,2226,FULLERTON AVE,41.926863,-87.56007,06/25/2019 12:04:00 PM,2019
CR00017108,06/12/2022 08:41:00 AM,20,SNOW,DAYLIGHT,SIDESWIPE SAME DIRECTION,DIVIDED - W/MEDIAN (NOT RAISED),NO CONTROLS,DISREGARDING TRAFFIC SIGNALS,FOLLOWING TOO CLOSELY,0,0,0,0,8,1,6,1553,CICERO AVE,41.773538,-87.515813,06/12/2022 09:50:00 AM,2022
CR00017109,06/12/2024 08:54:00 PM,30,CLEAR,DARKNESS - LIGHTED ROAD,PARKED MOTOR VEHICLE,DIVIDED - W/MEDIAN (NOT RAISED),STOP SIGN/FLASHER,DISTRACTION - FROM INSIDE VEHICLE,UNABLE TO DETERMINE,0,0,1,1,20,4,6,677,PULASKI RD,41.816096,-87.755078,06/12/2024 10:25:00 PM,2024
CR00017110,04/01/2024 07:55:00 PM,20,CLEAR,DAYLIGHT,PARKED MOTOR VEHICLE,DIVIDED - W/MEDIAN (NOT RAISED),TRAFFIC SIGNAL,IMPROPER OVERTAKING/PASSING,NOT APPLICABLE,0,0,0,0,19,2,4,1718,WESTERN AVE,41.99393,-87.65485,04/01/2024 09:37:00 PM,2024
CR00017111,09/22/2017 11:06:00 PM,15,SNOW,DARKNESS - LIGHTED ROAD,PARKED MOTOR VEHICLE,DIVIDED - W/MEDIAN (NOT RAISED),TRAFFIC SIGNAL,IMPROPER LANE USAGE,UNABLE TO DETERMINE,0,0,0,0,23,6,9,2530,KEDZIE AVE,41.995656,-87.587295,09/23/2017 12:49:00 AM,2017
CR00017112,10/29/2019 01:55:00 PM,25,CLOUDY/OVERCAST,DARKNESS,PARKED MOTOR VEHICLE,T-INTERSECTION,NO CONTROLS,IMPROPER OVERTAKING/PASSING,DISTRACTION - FROM INSIDE VEHICLE,0,0,0,0,13,3,10,2454,CICERO AVE,41.802458,-87.509173,10/29/2019 02:06:00 PM,2019
CR00017113,08/06/2019 07:07:00 PM,30,CLEAR,DAYLIGHT,SIDESWIPE SAME DIRECTION,DIVIDED - W/MEDIAN (NOT RAISED),NO CONTROLS,FAILING TO YIELD RIGHT-OF-WAY,UNABLE TO DETERMINE,0,1,1,2,19,3,8,282,KEDZIE AVE,41.980289,-87.786704,08/06/2019 08:29:00 PM,2019
CR00017114,09/06/2022 11:48:00 PM,30,CLEAR,DARKNESS - LIGHTED ROAD,TURNING,NOT DIVIDED,NO CONTROLS,FAILING TO YIELD RIGHT-OF-WAY,IMPROPER LANE USAGE,0,0,2,2,23,3,9,1365,ASHLAND AVE,41.896323,-87.613965,09/06/2022 11:56:00 PM,2022
CR00017115,03/21/2021 06:12:00 AM,45,CLEAR,DARKNESS,REAR END,DIVIDED - W/MEDIAN BARRIER,NO CONTROLS,FAILING TO REDUCE SPEED,DRIVING SKILLS/KNOWLEDGE/EXPERIENCE,0,0,0,0,6,1,3,1353,ROOSEVELT RD,41.803466,-87.71371,03/21/2021 06:51:00 AM,2021
CR00017116,04/14/2020 07:09:00 PM,35,RAIN,DAYLIGHT,TURNING,NOT DIVIDED,NO CONTROLS,DRIVING SKILLS/KNOWLEDGE/EXPERIENCE,FAILING TO REDUCE SPEED,0,0,3,3,19,3,4,277,ARCHER AVE,41.984059,-87.570965,04/14/2020 07:56:00 PM,2020
CR00017117,01/15/2024 07:05:00 AM,30,CLOUDY/OVERCAST,DARKNESS - LIGHTED ROAD,TURNING,DIVIDED - W/MEDIAN (NOT RAISED),UNKNOWN,DRIVING SKILLS/KNOWLEDGE/EXPERIENCE,NOT APPLICABLE,0,0,0,0,7,2,1,355,MICHIGAN AVE,41.998341,-87.692925,01/15/2024 07:29:00 AM,2024
CR00017118,10/12/2023 04:07:00 PM,35,CLEAR,DARKNESS - LIGHTED ROAD,TURNING,ONE-WAY,NO CONTROLS,UNABLE TO DETERMINE,FOLLOWING TOO CLOSELY,0,1,1,2,16,5,10,951,MILWAUKEE AVE,41.796681,-87.834044,10/12/2023 04:16:00 PM,2023
CR00017119,01/28/2021 04:13:00 PM,30,CLEAR,DARKNESS - LIGHTED ROAD,REAR END,NOT DIVIDED,YIELD,UNABLE TO DETERMINE,NOT APPLICABLE,0,0,0,0,16,5,1,1915,MICHIGAN AVE,41.75549,-87.594917,01/28/2021 05:12:00 PM,2021