CRASH_RECORD_ID,CRASH_DATE,POSTED_SPEED_LIMIT,WEATHER_CONDITION,LIGHTING_CONDITION,FIRST_CRASH_TYPE,TRAFFICWAY_TYPE,TRAFFIC_CONTROL_DEVICE,PRIM_CONTRIBUTORY_CAUSE,SEC_CONTRIBUTORY_CAUSE,INJURIES_FATAL,INJURIES_INCAPACITATING,INJURIES_NON_INCAPACITATING,INJURIES_TOTAL,CRASH_HOUR,CRASH_DAY_OF_WEEK,CRASH_MONTH,BEAT_OF_OCCURRENCE,STREET_NAME,LATITUDE,LONGITUDE,DATE_POLICE_NOTIFIED,year
CR00017120,05/06/2018 06:51:00 PM,15,CLEAR,DAYLIGHT,FIXED OBJECT,T-INTERSECTION,TRAFFIC SIGNAL,DRIVING SKILLS/KNOWLEDGE/EXPERIENCE,IMPROPER LANE USAGE,0,0,0,0,18,1,5,1675,MICHIGAN AVE,41.816151,-87.650239,05/06/2018 08:33:00 PM,2018
CR00017121,05/30/2016 02:15:00 PM,45,RAIN,DAYLIGHT,SIDESWIPE SAME DIRECTION,ONE-WAY,TRAFFIC SIGNAL,IMPROPER LANE USAGE,DISREGARDING TRAFFIC SIGNALS,0,0,0,0,14,2,5,2025,WESTERN AVE,41.996652,-87.775021,05/30/2016 02:39:00 PM,2016
CR00017122,09/29/2022 01:34:00 PM,45,CLEAR,DAYLIGHT,PEDESTRIAN,T-INTERSECTION,STOP SIGN/FLASHER,FAILING TO REDUCE SPEED,DISREGARDING TRAFFIC SIGNALS,0,0,0,0,13,5,9,2046,IRVING PARK RD,41.858283,-87.710399,09/29/2022 02:13:00 PM,2022
CR00017123,11/10/2018 08:27:00 PM,40,CLEAR,DAYLIGHT,FIXED OBJECT,ONE-WAY,TRAFFIC SIGNAL,IMPROPER LANE USAGE,UNABLE TO DETERMINE,0,0,0,0,20,7,11,1218,HALSTED ST,41.760233,-87.7046,11/10/2018 08:41:00 PM,2018
CR00017124,12/15/2018 02:50:00 PM,15,CLOUDY/OVERCAST,DAYLIGHT,SIDESWIPE SAME DIRECTION,T-INTERSECTION,NO CONTROLS,UNABLE TO DETERMINE,UNABLE TO DETERMINE,0,0,0,0,14,7,12,785,IRVING PARK RD,41.778902,-87.582342,12/15/2018 04:26:00 PM,2018
CR00017125,10/19/2023 08:04:00 PM,15,CLEAR,DAYLIGHT,REAR END,DIVIDED - W/MEDIAN BARRIER,UNKNOWN,IMPROPER OVERTAKING/PASSING,FOLLOWING TOO CLOSELY,0,0,0,0,20,5,10,2127,CICERO AVE,41.841467,-87.620744,10/19/2023 09:11:00 PM,2023
CR00017126,10/21/2018 03:02:00 AM,30,CLEAR,DAYLIGHT,REAR END,FOUR WAY,PEDESTRIAN CROSSING SIGN,UNABLE TO DETERMINE,FAILING TO YIELD RIGHT-OF-WAY,0,0,0,0,3,1,10,1399,HALSTED ST,41.761698,-87.751699,10/21/2018 04:23:00 AM,2018
CR00017127,03/18/2022 04:40:00 PM,40,CLEAR,DARKNESS - LIGHTED ROAD,SIDESWIPE SAME DIRECTION,DIVIDED - W/MEDIAN (NOT RAISED),STOP SIGN/FLASHER,FOLLOWING TOO CLOSELY,UNABLE TO DETERMINE,0,0,0,0,16,6,3,1141,ASHLAND AVE,41.80997,-87.588076,03/18/2022 06:01:00 PM,2022
CR00017128,04/23/2015 03:58:00 PM,35,CLEAR,DARKNESS,REAR TO FRONT,DIVIDED - W/MEDIAN (NOT RAISED),STOP SIGN/FLASHER,UNABLE TO DETERMINE,FOLLOWING TOO CLOSELY,0,0,3,3,15,5,4,545,KEDZIE AVE,41.786192,-87.701232,04/23/2015 05:48:00 PM,2015
CR00017129,08/07/2016 01:42:00 PM,30,CLEAR,DARKNESS - LIGHTED ROAD,TURNING,T-INTERSECTION,NO CONTROLS,FOLLOWING TOO CLOSELY,UNABLE TO DETERMINE,0,0,0,0,13,1,8,112,STONY ISLAND AVE,41.85557,-87.777328,08/07/2016 01:44:00 PM,2016
CR00017130,04/28/2024 05:05:00 PM,30,CLEAR,DAYLIGHT,REAR END,NOT DIVIDED,NO CONTROLS,FOLLOWING TOO CLOSELY,FOLLOWING TOO CLOSELY,0,0,0,0,17,1,4,192,BROADWAY,41.89654,-87.756957,04/28/2024 06:01:00 PM,2024
CR00017131,03/11/2018 10:20:00 AM,30,CLEAR,DAYLIGHT,REAR END,NOT DIVIDED,NO CONTROLS,DISTRACTION - FROM INSIDE VEHICLE,UNABLE TO DETERMINE,0,0,0,0,10,1,3,1850,STATE ST,41.907057,-87.591428,03/11/2018 10:24:00 AM,2018
CR00017132,06/18/2019 03:03:00 PM,30,CLEAR,DARKNESS,REAR END,DIVIDED - W/MEDIAN BARRIER,STOP SIGN/FLASHER,UNABLE TO DETERMINE,FAILING TO REDUCE SPEED,0,0,0,0,15,3,6,1661,79TH ST,41.878538,-87.658836,06/18/2019 04:38:00 PM,2019
CR00017133,01/11/2018 07:18:00 PM,30,SNOW,DAYLIGHT,REAR END,FOUR WAY,NO CONTROLS,UNABLE TO DETERMINE,UNABLE TO DETERMINE,0,0,0,0,19,5,1,355,ELSTON AVE,41.837291,-87.740939,01/11/2018 08:55:00 PM,2018
CR00017134,01/13/2016 05:18:00 PM,30,RAIN,DARKNESS - LIGHTED ROAD,PEDESTRIAN,DIVIDED - W/MEDIAN (NOT RAISED),NO CONTROLS,DISREGARDING TRAFFIC SIGNALS,UNABLE TO DETERMINE,0,0,2,2,17,4,1,1331,ROOSEVELT RD,41.910719,-87.719732,01/13/2016 06:59:00 PM,2016
CR00017135,10/29/2015 02:55:00 PM,25,CLEAR,DAYLIGHT,TURNING,ONE-WAY,TRAFFIC SIGNAL,UNABLE TO DETERMINE,FAILING TO YIELD RIGHT-OF-WAY,0,0,0,0,14,5,10,1889,MICHIGAN AVE,41.786734,-87.79172,10/29/2015 03:03:00 PM,2015
CR00017136,04/13/2022 01:31:00 PM,25,CLEAR,DARKNESS - LIGHTED ROAD,REAR END,NOT DIVIDED,NO CONTROLS,FOLLOWING TOO CLOSELY,WEATHER,0,0,0,0,13,4,4,412,ELSTON AVE,41.787571,-87.579329,04/13/2022 02:54:00 PM,2022
CR00017137,02/22/2016 08:09:00 AM,25,RAIN,DAYLIGHT,SIDESWIPE SAME DIRECTION,NOT DIVIDED,NO CONTROLS,FAILING TO YIELD RIGHT-OF-WAY,IMPROPER OVERTAKING/PASSING,0,0,0,0,8,2,2,196,CALIFORNIA AVE,41.766532,-87.675257,02/22/2016 08:57:00 AM,2016
CR00017138,06/13/2015 04:35:00 AM,30,FREEZING RAIN/DRIZZLE,DAYLIGHT,SIDESWIPE SAME DIRECTION,NOT DIVIDED,UNKNOWN,FAILING TO YIELD RIGHT-OF-WAY,FAILING TO YIELD RIGHT-OF-WAY,0,0,1,1,4,7,6,1055,CLARK ST,41.917918,-87.839118,06/13/2015 06:02:00 AM,2015
CR00017139,04/04/2023 06:31:00 PM,40,CLEAR,DARKNESS - LIGHTED ROAD,REAR END,ONE-WAY,UNKNOWN,DRIVING SKILLS/KNOWLEDGE/EXPERIENCE,IMPROPER OVERTAKING/PASSING,0,0,0,0,18,3,4,1089,79TH ST,41.989315,-87.550037,04/04/2023 08:02:00 PM,2023
CR00017140,11/30/2023 12:38:00 PM,15,RAIN,DARKNESS - LIGHTED ROAD,REAR END,DIVIDED - W/MEDIAN (NOT RAISED),TRAFFIC SIGNAL,IMPROPER LANE USAGE,FOLLOWING TOO CLOSELY,0,0,0,0,12,5,11,1556,STATE ST,41.703878,-87.656176,11/30/2023 02:12:00 PM,2023
CR00017141,08/22/2019 07:11:00 AM,30,RAIN,DAYLIGHT,PARKED MOTOR VEHICLE,NOT DIVIDED,NO CONTROLS,UNABLE TO DETERMINE,FAILING TO YIELD RIGHT-OF-WAY,0,0,0,0,7,5,8,2406,DAMEN AVE,41.944124,-87.805286,08/22/2019 08:35:00 AM,2019
CR00017142,04/07/2022 05:50:00 PM,45,RAIN,DAYLIGHT,TURNING,NOT DIVIDED,TRAFFIC SIGNAL,UNABLE TO DETERMINE,NOT APPLICABLE,0,0,0,0,17,5,4,1342,CALIFORNIA AVE,41.88601,-87.729212,04/07/2022 06:12:00 PM,2022
CR00017143,11/29/2021 07:56:00 AM,30,CLEAR,DARKNESS,REAR END,NOT DIVIDED,TRAFFIC SIGNAL,IMPROPER LANE USAGE,NOT APPLICABLE,0,0,0,0,7,2,11,2387,MICHIGAN AVE,41.751654,-87.580582,11/29/2021 09:12:00 AM,2021
CR00017144,08/23/2015 12:32:00 AM,30,CLEAR,DAYLIGHT,TURNING,NOT DIVIDED,STOP SIGN/FLASHER,IMPROPER OVERTAKING/PASSING,UNABLE TO DETERMINE,0,0,0,0,0,1,8,1698,OGDEN AVE,41.717148,-87.806165,08/23/2015 02:11:00 AM,2015
CR00017145,05/17/2022 02:58:00 AM,15,SNOW,DAYLIGHT,SIDESWIPE SAME DIRECTION,FOUR WAY,NO CONTROLS,FAILING TO YIELD RIGHT-OF-WAY,FOLLOWING TOO CLOSELY,0,0,0,0,2,3,5,674,KEDZIE AVE,41.849421,-87.516232,05/17/2022 04:48:00 AM,2022
CR00017146,03/27/2017 08:54:00 PM,45,RAIN,DAYLIGHT,ANGLE,ONE-WAY,UNKNOWN,FOLLOWING TOO CLOSELY,UNABLE TO DETERMINE,0,0,0,0,20,2,3,1549,STATE ST,41.932561,-87.833046,03/27/2017 10:09:00 PM,2017
CR00017147,06/12/2016 11:56:00 AM,35,CLEAR,DARKNESS - LIGHTED ROAD,REAR END,DIVIDED - W/MEDIAN (NOT RAISED),NO CONTROLS,DISTRACTION - FROM INSIDE VEHICLE,IMPROPER LANE USAGE,0,0,3,3,11,1,6,1123,BROADWAY,41.795672,-87.515983,06/12/2016 12:34:00 PM,2016
CR00017148,10/28/2021 09:22:00 AM,30,RAIN,DARKNESS - LIGHTED ROAD,FIXED OBJECT,DIVIDED - W/MEDIAN (NOT RAISED),NO CONTROLS,DRIVING SKILLS/KNOWLEDGE/EXPERIENCE,NOT APPLICABLE,0,0,0,0,9,5,10,800,47TH ST,41.958118,-87.573765,10/28/2021 10:22:00 AM,2021
CR00017149,12/23/2021 07:03:00 AM,25,CLEAR,DAYLIGHT,ANGLE,ONE-WAY,STOP SIGN/FLASHER,UNABLE TO DETERMINE,NOT APPLICABLE,0,0,0,0,7,5,12,543,PULASKI RD,41.754061,-87.673323,12/23/2021 08:33:00 AM,2021
CR00017150,01/06/2019 07:15:00 PM,30,SNOW,DAYLIGHT,TURNING,ONE-WAY,PEDESTRIAN CROSSING SIGN,UNABLE TO DETERMINE,NOT APPLICABLE,0,0,2,2,19,1,1,1554,MICHIGAN AVE,41.976413,-87.578524,01/06/2019 08:38:00 PM,2019
CR00017151,10/30/2022 05:53:00 PM,15,CLEAR,DARKNESS - LIGHTED ROAD,REAR END,ONE-WAY,NO CONTROLS,IMPROPER OVERTAKING/PASSING,FAILING TO YIELD RIGHT-OF-WAY,0,0,0,0,17,1,10,830,DAMEN AVE,41.894118,-87.541121,10/30/2022 07:21:00 PM,2022
CR00017152,02/21/2018 09:52:00 AM,35,CLEAR,DAYLIGHT,PARKED MOTOR VEHICLE,DIVIDED - W/MEDIAN (NOT RAISED),NO CONTROLS,UNABLE TO DETERMINE,NOT APPLICABLE,0,0,2,2,9,4,2,717,ROOSEVELT RD,41.800267,-87.829002,02/21/2018 10:09:00 AM,2018
CR00017153,08/29/2024 08:20:00 AM,25,FOG/SMOKE/HAZE,DAYLIGHT,REAR END,ONE-WAY,TRAFFIC SIGNAL,FAILING TO YIELD RIGHT-OF-WAY,IMPROPER LANE USAGE,0,0,0,0,8,5,8,1336,MILWAUKEE AVE,41.796301,-87.570499,08/29/2024 08:47:00 AM,2024
CR00017154,11/11/2018 11:32:00 PM,20,RAIN,DAYLIGHT,TURNING,NOT DIVIDED,TRAFFIC SIGNAL,WEATHER,DRIVING SKILLS/KNOWLEDGE/EXPERIENCE,0,0,1,1,23,1,11,1927,ARCHER AVE,41.846442,-87.816286,11/12/2018 12:45:00 AM,2018
CR00017155,07/21/2015 01:34:00 AM,25,CLEAR,DAYLIGHT,SIDESWIPE SAME DIRECTION,DIVIDED - W/MEDIAN (NOT RAISED),TRAFFIC SIGNAL,UNABLE TO DETERMINE,IMPROPER OVERTAKING/PASSING,0,0,0,0,1,3,7,1458,IRVING PARK RD,41.765572,-87.596178,07/21/2015 02:18:00 AM,2015
CR00017156,12/23/2018 05:57:00 PM,35,CLEAR,DAYLIGHT,FIXED OBJECT,DIVIDED - W/MEDIAN (NOT RAISED),STOP SIGN/FLASHER,FOLLOWING TOO CLOSELY,UNABLE TO DETERMINE,0,0,0,0,17,1,12,727,63RD ST,41.966068,-87.547313,12/23/2018 06:03:00 PM,2018
CR00017157,09/02/2021 11:20:00 AM,25,CLEAR,DAYLIGHT,FIXED OBJECT,NOT DIVIDED,TRAFFIC SIGNAL,DISREGARDING TRAFFIC SIGNALS,FAILING TO YIELD RIGHT-OF-WAY,0,0,0,0,11,5,9,2493,ELSTON AVE,41.756348,-87.579346,09/02/2021 01:10:00 PM,2021
CR00017158,05/25/2023 02:01:00 PM,45,RAIN,DARKNESS - LIGHTED ROAD,REAR END,DIVIDED - W/MEDIAN BARRIER,NO CONTROLS,FOLLOWING TOO CLOSELY,DRIVING SKILLS/KNOWLEDGE/EXPERIENCE,0,0,2,2,14,5,5,2398,CLARK ST,41.997353,-87.660773,05/25/2023 02:45:00 PM,2023
CR00017159,12/06/2020 06:38:00 PM,35,CLEAR,DAYLIGHT,REAR END,NOT DIVIDED,NO CONTROLS,DRIVING SKILLS/KNOWLEDGE/EXPERIENCE,IMPROPER LANE USAGE,0,0,0,0,18,1,12,1077,PULASKI RD,41.842992,-87.588259,12/06/2020 07:44:00 PM,2020
CR00017160,10/11/2021 06:11:00 PM,40,CLEAR,DUSK,REAR END,FOUR WAY,TRAFFIC SIGNAL,FOLLOWING TOO CLOSELY,FAILING TO YIELD RIGHT-OF-WAY,0,0,0,0,18,2,10,1025,WESTERN AVE,41.781225,-87.772503,10/11/2021 07:48:00 PM,2021
CR00017161,03/03/2015 11:04:00 AM,30,RAIN,DAYLIGHT,SIDESWIPE SAME DIRECTION,NOT DIVIDED,TRAFFIC SIGNAL,DISREGARDING TRAFFIC SIGNALS,UNABLE TO DETERMINE,0,0,0,0,11,3,3,1978,ROOSEVELT RD,41.737814,-87.537678,03/03/2015 11:25:00 AM,2015
CR00017162,05/25/2015 08:24:00 AM,25,CLEAR,DAYLIGHT,REAR END,NOT DIVIDED,TRAFFIC SIGNAL,UNABLE TO DETERMINE,UNABLE TO DETERMINE,0,0,0,0,8,2,5,640,WESTERN AVE,41.898067,-87.592972,05/25/2015 09:14:00 AM,2015
CR00017163,12/10/2023 05:38:00 PM,35,CLEAR,DARKNESS - LIGHTED ROAD,ANGLE,ONE-WAY,NO CONTROLS,FAILING TO REDUCE SPEED,IMPROPER OVERTAKING/PASSING,0,0,0,0,17,1,12,1367,IRVING PARK RD,41.833651,-87.708296,12/10/2023 06:28:00 PM,2023
CR00017164,03/04/2024 07:45:00 AM,25,SNOW,DAYLIGHT,PARKED MOTOR VEHICLE,NOT DIVIDED,STOP SIGN/FLASHER,UNABLE TO DETERMINE,WEATHER,0,0,0,0,7,2,3,578,47TH ST,41.800929,-87.617853,03/04/2024 09:41:00 AM,2024
CR00017165,07/11/2015 11:58:00 AM,40,CLEAR,DAYLIGHT,SIDESWIPE SAME DIRECTION,NOT DIVIDED,YIELD,FOLLOWING TOO CLOSELY,FAILING TO YIELD RIGHT-OF-WAY,0,0,0,0,11,7,7,523,MILWAUKEE AVE,41.893224,-87.714277,07/11/2015 01:53:00 PM,2015
CR00017166,11/09/2019 03:48:00 PM,30,CLEAR,DARKNESS - LIGHTED ROAD,TURNING,FOUR WAY,TRAFFIC SIGNAL,FOLLOWING TOO CLOSELY,UNABLE TO DETERMINE,0,0,0,0,15,7,11,2445,47TH ST,41.775542,-87.678814,11/09/2019 04:30:00 PM,2019
CR00017167,04/16/2016 05:00:00 AM,15,FREEZING RAIN/DRIZZLE,DAYLIGHT,ANGLE,ONE-WAY,STOP SIGN/FLASHER,IMPROPER OVERTAKING/PASSING,DISTRACTION - FROM INSIDE VEHICLE,0,0,0,0,5,7,4,2479,BROADWAY,41.930875,-87.532612,04/16/2016 05:09:00 AM,2016
CR00017168,07/25/2024 08:35:00 PM,40,CLEAR,DAYLIGHT,SIDESWIPE SAME DIRECTION,NOT DIVIDED,TRAFFIC SIGNAL,FOLLOWING TOO CLOSELY,FAILING TO YIELD RIGHT-OF-WAY,0,0,0,0,20,5,7,478,47TH ST,41.839537,-87.824024,07/25/2024 10:33:00 PM,2024
CR00017169,09/23/2021 01:33:00 PM,35,CLEAR,DAYLIGHT,FIXED OBJECT,NOT DIVIDED,TRAFFIC SIGNAL,FAILING TO YIELD RIGHT-OF-WAY,DISREGARDING TRAFFIC SIGNALS,0,0,2,2,13,5,9,190,WESTERN AVE,41.914741,-87.814674,09/23/2021 02:31:00 PM,2021
CR00017170,08/16/2021 01:47:00 PM,35,SNOW,DARKNESS - LIGHTED ROAD,ANGLE,ONE-WAY,NO CONTROLS,UNABLE TO DETERMINE,WEATHER,0,0,0,0,13,2,8,847,MILWAUKEE AVE,41.74675,-87.764986,08/16/2021 02:11:00 PM,2021
CR00017171,09/12/2024 11:17:00 AM,45,CLEAR,DAYLIGHT,REAR END,ONE-WAY,TRAFFIC SIGNAL,DRIVING SKILLS/KNOWLEDGE/EXPERIENCE,IMPROPER LANE USAGE,0,0,0,0,11,5,9,1953,MICHIGAN AVE,41.826643,-87.542636,09/12/2024 01:08:00 PM,2024
CR00017172,10/07/2020 03:06:00 PM,30,CLEAR,DUSK,PARKED MOTOR VEHICLE,NOT DIVIDED,TRAFFIC SIGNAL,DISTRACTION - FROM INSIDE VEHICLE,WEATHER,0,0,0,0,15,4,10,2078,CICERO AVE,41.86951,-87.820806,10/07/2020 04:39:00 PM,2020
CR00017173,04/04/2018 01:23:00 PM,30,CLOUDY/OVERCAST,DARKNESS - LIGHTED ROAD,TURNING,DIVIDED - W/MEDIAN (NOT RAISED),NO CONTROLS,FAILING TO YIELD RIGHT-OF-WAY,WEATHER,0,0,0,0,13,4,4,1843,47TH ST,41.93392,-87.830804,04/04/2018 02:32:00 PM,2018
CR00017174,04/20/2017 07:45:00 AM,35,RAIN,DARKNESS,PEDESTRIAN,DIVIDED - W/MEDIAN (NOT RAISED),NO CONTROLS,UNABLE TO DETERMINE,NOT APPLICABLE,0,0,0,0,7,5,4,1731,MICHIGAN AVE,41.826427,-87.837945,04/20/2017 08:06:00 AM,2017
CR00017175,12/20/2019 10:13:00 AM,30,CLOUDY/OVERCAST,DARKNESS,PARKED MOTOR VEHICLE,DIVIDED - W/MEDIAN (NOT RAISED),TRAFFIC SIGNAL,DISTRACTION - FROM INSIDE VEHICLE,IMPROPER LANE USAGE,0,0,0,0,10,6,12,1986,ASHLAND AVE,41.709236,-87.739144,12/20/2019 12:01:00 PM,2019
CR00017176,08/02/2016 07:40:00 AM,30,SNOW,DARKNESS - LIGHTED ROAD,TURNING,DIVIDED - W/MEDIAN BARRIER,UNKNOWN,FOLLOWING TOO CLOSELY,UNABLE TO DETERMINE,0,0,0,0,7,3,8,1596,BROADWAY,41.724177,-87.708804,08/02/2016 08:48:00 AM,2016
CR00017177,10/09/2017 09:19:00 AM,25,CLEAR,DAYLIGHT,TURNING,NOT DIVIDED,PEDESTRIAN CROSSING SIGN,FAILING TO YIELD RIGHT-OF-WAY,NOT APPLICABLE,0,0,1,1,9,2,10,904,IRVING PARK RD,41.866873,-87.776953,10/09/2017 10:21:00 AM,2017
CR00017178,12/17/2023 01:14:00 PM,25,CLEAR,DAYLIGHT,PARKED MOTOR VEHICLE,NOT DIVIDED,TRAFFIC SIGNAL,UNABLE TO DETERMINE,DISTRACTION - FROM INSIDE VEHICLE,0,0,0,0,13,1,12,222,HALSTED ST,41.960981,-87.771333,12/17/2023 02:08:00 PM,2023
CR00017179,05/20/2019 10:10:00 AM,30,RAIN,DARKNESS - LIGHTED ROAD,SIDESWIPE SAME DIRECTION,NOT DIVIDED,STOP SIGN/FLASHER,FAILING TO YIELD RIGHT-OF-WAY,IMPROPER LANE USAGE,0,0,0,0,10,2,5,377,MICHIGAN AVE,41.90595,-87.545955,05/20/2019 11:20:00 AM,2019
CR00017180,05/17/2020 05:30:00 PM,30,RAIN,DAWN,TURNING,DIVIDED - W/MEDIAN (NOT RAISED),TRAFFIC SIGNAL,FAILING TO YIELD RIGHT-OF-WAY,FAILING TO REDUCE SPEED,0,0,0,0,17,1,5,159,63RD ST,41.907732,-87.810163,05/17/2020 05:33:00 PM,2020
CR00017181,06/29/2015 03:31:00 PM,35,RAIN,DARKNESS - LIGHTED ROAD,REAR TO FRONT,NOT DIVIDED,TRAFFIC SIGNAL,UNABLE TO DETERMINE,UNABLE TO DETERMINE,0,0,1,1,15,2,6,647,MILWAUKEE AVE,41.960381,-87.728164,06/29/2015 03:38:00 PM,2015
CR00017182,05/17/2020 01:58:00 PM,45,CLEAR,DAYLIGHT,REAR END,DIVIDED - W/MEDIAN (NOT RAISED),TRAFFIC SIGNAL,DISTRACTION - FROM INSIDE VEHICLE,UNABLE TO DETERMINE,0,0,0,0,13,1,5,1691,CICERO AVE,41.831904,-87.768127,05/17/2020 03:52:00 PM,2020
CR00017183,02/03/2016 03:39:00 PM,45,CLEAR,DAYLIGHT,TURNING,DIVIDED - W/MEDIAN (NOT RAISED),STOP SIGN/FLASHER,FAILING TO REDUCE SPEED,FAILING TO REDUCE SPEED,0,0,0,0,15,4,2,293,PULASKI RD,41.817255,-87.60871,02/03/2016 05:35:00 PM,2016
CR00017184,11/30/2016 07:52:00 PM,30,CLEAR,DAYLIGHT,TURNING,ONE-WAY,TRAFFIC SIGNAL,UNABLE TO DETERMINE,WEATHER,0,0,0,0,19,4,11,2357,ASHLAND AVE,41.992176,-87.528681,11/30/2016 08:58:00 PM,2016
CR00017185,07/11/2017 03:45:00 AM,30,CLEAR,DARKNESS - LIGHTED ROAD,SIDESWIPE SAME DIRECTION,FOUR WAY,TRAFFIC SIGNAL,FAILING TO REDUCE SPEED,UNABLE TO DETERMINE,0,0,0,0,3,3,7,1912,FULLERTON AVE,41.761449,-87.661816,07/11/2017 04:17:00 AM,2017
CR00017186,08/09/2020 07:48:00 AM,35,CLOUDY/OVERCAST,DARKNESS - LIGHTED ROAD,TURNING,ONE-WAY,TRAFFIC SIGNAL,FOLLOWING TOO CLOSELY,UNABLE TO DETERMINE,0,0,0,0,7,1,8,850,KEDZIE AVE,41.897362,-87.621985,08/09/2020 09:46:00 AM,2020
CR00017187,03/18/2023 07:01:00 PM,35,CLEAR,DARKNESS - LIGHTED ROAD,SIDESWIPE SAME DIRECTION,FOUR WAY,STOP SIGN/FLASHER,IMPROPER LANE USAGE,UNABLE TO DETERMINE,0,0,0,0,19,7,3,937,ARCHER AVE,41.78208,-87.803614,03/18/2023 07:35:00 PM,2023
CR00017188,07/31/2019 11:41:00 AM,30,CLEAR,DAYLIGHT,TURNING,DIVIDED - W/MEDIAN BARRIER,NO CONTROLS,IMPROPER OVERTAKING/PASSING,DRIVING SKILLS/KNOWLEDGE/EXPERIENCE,0,0,0,0,11,4,7,297,STONY ISLAND AVE,41.853897,-87.827135,07/31/2019 12:33:00 PM,2019
CR00017189,10/28/2022 06:55:00 PM,25,FREEZING RAIN/DRIZZLE,DAYLIGHT,ANGLE,NOT DIVIDED,YIELD,FAILING TO YIELD RIGHT-OF-WAY,FAILING TO YIELD RIGHT-OF-WAY,0,0,1,1,18,6,10,539,DIVISION ST,41.857817,-87.848034,10/28/2022 07:39:00 PM,2022
CR00017190,03/31/2016 04:22:00 PM,30,CLOUDY/OVERCAST,DAYLIGHT,REAR END,NOT DIVIDED,TRAFFIC SIGNAL,IMPROPER OVERTAKING/PASSING,UNABLE TO DETERMINE,0,0,1,1,16,5,3,1248,CLARK ST,41.878016,-87.600056,03/31/2016 05:00:00 PM,2016
CR00017191,02/15/2023 07:09:00 AM,30,CLEAR,DARKNESS,REAR END,T-INTERSECTION,TRAFFIC SIGNAL,UNABLE TO DETERMINE,FOLLOWING TOO CLOSELY,0,0,0,0,7,4,2,2110,63RD ST,41.954276,-87.800018,02/15/2023 08:51:00 AM,2023
CR00017192,03/07/2024 08:15:00 AM,35,CLEAR,DAYLIGHT,SIDESWIPE SAME DIRECTION,NOT DIVIDED,UNKNOWN,IMPROPER OVERTAKING/PASSING,NOT APPLICABLE,0,0,0,0,8,5,3,878,FULLERTON AVE,41.789453,-87.759045,03/07/2024 08:37:00 AM,2024
CR00017193,10/17/2023 06:48:00 PM,30,CLEAR,DAYLIGHT,REAR END,FOUR WAY,TRAFFIC SIGNAL,DISTRACTION - FROM INSIDE VEHICLE,FAILING TO REDUCE SPEED,0,0,1,1,18,3,10,1031,BROADWAY,41.983096,-87.777442,10/17/2023 07:43:00 PM,2023
CR00017194,01/05/2017 04:57:00 PM,15,RAIN,DAYLIGHT,ANGLE,NOT DIVIDED,NO CONTROLS,UNABLE TO DETERMINE,NOT APPLICABLE,0,0,1,1,16,5,1,1019,LAKE SHORE DR,41.721635,-87.843153,01/05/2017 06:48:00 PM,2017
CR00017195,10/23/2018 06:42:00 PM,15,CLEAR,DAYLIGHT,TURNING,FOUR WAY,NO CONTROLS,DRIVING SKILLS/KNOWLEDGE/EXPERIENCE,DISREGARDING TRAFFIC SIGNALS,0,0,0,0,18,3,10,1912,KEDZIE AVE,41.770453,-87.52435,10/23/2018 08:04:00 PM,2018
CR00017196,07/07/2016 10:56:00 AM,35,SNOW,DAYLIGHT,PARKED MOTOR VEHICLE,DIVIDED - W/MEDIAN (NOT RAISED),NO CONTROLS,DISTRACTION - FROM INSIDE VEHICLE,FOLLOWING TOO CLOSELY,0,0,0,0,10,5,7,1257,IRVING PARK RD,41.751355,-87.644833,07/07/2016 12:47:00 PM,2016
CR00017197,03/23/2018 06:22:00 PM,35,CLEAR,DARKNESS - LIGHTED ROAD,TURNING,DIVIDED - W/MEDIAN (NOT RAISED),NO CONTROLS,FOLLOWING TOO CLOSELY,FAILING TO YIELD RIGHT-OF-WAY,0,0,0,0,18,6,3,1732,CICERO AVE,41.867048,-87.530648,03/23/2018 07:47:00 PM,2018
CR00017198,02/27/2022 03:27:00 PM,30,CLEAR,DARKNESS - LIGHTED ROAD,ANGLE,DIVIDED - W/MEDIAN BARRIER,STOP SIGN/FLASHER,IMPROPER LANE USAGE,NOT APPLICABLE,0,0,0,0,15,1,2,801,CICERO AVE,41.852188,-87.512028,02/27/2022 04:07:00 PM,2022
CR00017199,02/28/2023 01:54:00 PM,30,CLEAR,DUSK,TURNING,NOT DIVIDED,UNKNOWN,UNABLE TO DETERMINE,IMPROPER OVERTAKING/PASSING,0,0,0,0,13,3,2,1726,HALSTED ST,41.832987,-87.517364,02/28/2023 02:54:00 PM,2023
CR00017200,02/04/2018 06:39:00 PM,30,CLEAR,DARKNESS - LIGHTED ROAD,REAR END,NOT DIVIDED,NO CONTROLS,DISREGARDING TRAFFIC SIGNALS,DISREGARDING TRAFFIC SIGNALS,0,0,0,0,18,1,2,1939,OGDEN AVE,41.883188,-87.552601,02/04/2018 07:33:00 PM,2018
CR00017201,06/08/2023 08:25:00 AM,40,SNOW,DAYLIGHT,SIDESWIPE SAME DIRECTION,NOT DIVIDED,NO CONTROLS,FAILING TO REDUCE SPEED,NOT APPLICABLE,0,0,3,3,8,5,6,2188,ASHLAND AVE,41.700361,-87.79238,06/08/2023 09:25:00 AM,2023
CR00017202,01/02/2017 02:50:00 AM,45,CLEAR,DAYLIGHT,PARKED MOTOR VEHICLE,FOUR WAY,NO CONTROLS,DISREGARDING TRAFFIC SIGNALS,IMPROPER OVERTAKING/PASSING,0,0,0,0,2,2,1,326,IRVING PARK RD,41.782486,-87.763988,01/02/2017 03:44:00 AM,2017