CRASH_RECORD_ID,CRASH_DATE,POSTED_SPEED_LIMIT,WEATHER_CONDITION,LIGHTING_CONDITION,FIRST_CRASH_TYPE,TRAFFICWAY_TYPE,TRAFFIC_CONTROL_DEVICE,PRIM_CONTRIBUTORY_CAUSE,SEC_CONTRIBUTORY_CAUSE,INJURIES_FATAL,INJURIES_INCAPACITATING,INJURIES_NON_INCAPACITATING,INJURIES_TOTAL,CRASH_HOUR,CRASH_DAY_OF_WEEK,CRASH_MONTH,BEAT_OF_OCCURRENCE,STREET_NAME,LATITUDE,LONGITUDE,DATE_POLICE_NOTIFIED,year
CR00017203,05/12/2024 10:04:00 AM,40,CLEAR,DARKNESS,ANGLE,DIVIDED - W/MEDIAN BARRIER,TRAFFIC SIGNAL,FAILING TO YIELD RIGHT-OF-WAY,FAILING TO REDUCE SPEED,0,0,1,1,10,1,5,429,ROOSEVELT RD,41.729618,-87.533063,05/12/2024 11:18:00 AM,2024
CR00017204,11/03/2017 12:05:00 PM,35,CLEAR,DAYLIGHT,TURNING,T-INTERSECTION,NO CONTROLS,UNABLE TO DETERMINE,FAILING TO YIELD RIGHT-OF-WAY,0,0,0,0,12,6,11,823,ASHLAND AVE,41.999358,-87.654146,11/03/2017 01:55:00 PM,2017
CR00017205,04/04/2022 03:28:00 PM,30,CLEAR,DAYLIGHT,PARKED MOTOR VEHICLE,DIVIDED - W/MEDIAN (NOT RAISED),STOP SIGN/FLASHER,DISREGARDING TRAFFIC SIGNALS,NOT APPLICABLE,0,0,1,1,15,2,4,1710,CICERO AVE,41.736025,-87.562844,04/04/2022 04:04:00 PM,2022
CR00017206,07/04/2023 01:55:00 AM,30,CLEAR,DUSK,PEDESTRIAN,FOUR WAY,UNKNOWN,FOLLOWING TOO CLOSELY,FOLLOWING TOO CLOSELY,0,0,0,0,1,3,7,1041,PULASKI RD,41.899054,-87.77162,07/04/2023 02:15:00 AM,2023
CR00017207,08/14/2021 11:47:00 PM,20,CLEAR,DAYLIGHT,SIDESWIPE SAME DIRECTION,NOT DIVIDED,UNKNOWN,UNABLE TO DETERMINE,UNABLE TO DETERMINE,0,0,1,1,23,7,8,324,LAKE SHORE DR,41.808128,-87.796558,08/15/2021 01:13:00 AM,2021
CR00017208,06/09/2015 12:15:00 PM,30,CLEAR,DAYLIGHT,REAR END,FOUR WAY,STOP SIGN/FLASHER,IMPROPER OVERTAKING/PASSING,UNABLE TO DETERMINE,0,0,0,0,12,3,6,1122,47TH ST,41.732774,-87.539653,06/09/2015 01:19:00 PM,2015
CR00017209,06/20/2017 06:12:00 PM,30,CLEAR,DARKNESS - LIGHTED ROAD,ANGLE,DIVIDED - W/MEDIAN (NOT RAISED),TRAFFIC SIGNAL,IMPROPER LANE USAGE,FOLLOWING TOO CLOSELY,0,0,0,0,18,3,6,352,CICERO AVE,41.70954,-87.785192,06/20/2017 06:41:00 PM,2017
CR00017210,04/27/2023 03:09:00 AM,30,CLEAR,DARKNESS,ANGLE,NOT DIVIDED,NO CONTROLS,UNABLE TO DETERMINE,UNABLE TO DETERMINE,0,0,0,0,3,5,4,1219,79TH ST,41.965656,-87.585677,04/27/2023 04:44:00 AM,2023
CR00017211,12/25/2017 07:49:00 PM,15,FOG/SMOKE/HAZE,DAYLIGHT,REAR TO FRONT,NOT DIVIDED,NO CONTROLS,UNABLE TO DETERMINE,NOT APPLICABLE,0,0,0,0,19,2,12,1905,HALSTED ST,41.915432,-87.825237,12/25/2017 08:45:00 PM,2017
CR00017212,03/01/2022 01:01:00 PM,35,CLOUDY/OVERCAST,DAYLIGHT,ANGLE,NOT DIVIDED,TRAFFIC SIGNAL,WEATHER,FAILING TO YIELD RIGHT-OF-WAY,0,0,0,0,13,3,3,521,ELSTON AVE,41.853553,-87.728451,03/01/2022 02:53:00 PM,2022
CR00017213,06/29/2021 04:22:00 PM,25,FREEZING RAIN/DRIZZLE,DAYLIGHT,REAR END,NOT DIVIDED,NO CONTROLS,DISREGARDING TRAFFIC SIGNALS,FAILING TO YIELD RIGHT-OF-WAY,0,0,0,0,16,3,6,400,47TH ST,41.883367,-87.797612,06/29/2021 04:47:00 PM,2021
CR00017214,08/25/2024 01:08:00 AM,35,CLEAR,DAYLIGHT,PEDESTRIAN,NOT DIVIDED,STOP SIGN/FLASHER,IMPROPER LANE USAGE,FOLLOWING TOO CLOSELY,0,0,0,0,1,1,8,660,OGDEN AVE,41.964087,-87.532526,08/25/2024 02:14:00 AM,2024
CR00017215,09/20/2015 02:39:00 PM,30,CLEAR,DARKNESS - LIGHTED ROAD,REAR TO FRONT,NOT DIVIDED,TRAFFIC SIGNAL,UNABLE TO DETERMINE,UNABLE TO DETERMINE,0,0,0,0,14,1,9,132,KEDZIE AVE,41.987637,-87.631185,09/20/2015 03:10:00 PM,2015
CR00017216,07/01/2023 06:15:00 AM,30,CLEAR,DAYLIGHT,REAR TO FRONT,DIVIDED - W/MEDIAN (NOT RAISED),TRAFFIC SIGNAL,UNABLE TO DETERMINE,UNABLE TO DETERMINE,0,1,2,3,6,7,7,2257,PULASKI RD,41.866129,-87.736533,07/01/2023 07:27:00 AM,2023
CR00017217,06/28/2024 02:37:00 AM,35,CLEAR,DAYLIGHT,TURNING,DIVIDED - W/MEDIAN (NOT RAISED),NO CONTROLS,FAILING TO REDUCE SPEED,UNABLE TO DETERMINE,0,0,0,0,2,6,6,1920,ROOSEVELT RD,41.926429,-87.607704,06/28/2024 02:49:00 AM,2024
CR00017218,01/12/2018 01:29:00 AM,20,CLEAR,DAYLIGHT,REAR END,DIVIDED - W/MEDIAN (NOT RAISED),NO CONTROLS,FOLLOWING TOO CLOSELY,NOT APPLICABLE,0,1,3,4,1,6,1,2228,CALIFORNIA AVE,41.986331,-87.828701,01/12/2018 03:28:00 AM,2018
CR00017219,07/16/2016 12:02:00 AM,30,CLEAR,DAYLIGHT,PARKED MOTOR VEHICLE,ONE-WAY,NO CONTROLS,FAILING TO YIELD RIGHT-OF-WAY,DRIVING SKILLS/KNOWLEDGE/EXPERIENCE,0,0,0,0,0,7,7,834,CICERO AVE,41.727566,-87.748424,07/16/2016 01:58:00 AM,2016
CR00017220,12/23/2022 10:20:00 AM,30,RAIN,DAYLIGHT,REAR END,DIVIDED - W/MEDIAN (NOT RAISED),TRAFFIC SIGNAL,FOLLOWING TOO CLOSELY,NOT APPLICABLE,0,0,0,0,10,6,12,756,ASHLAND AVE,41.700107,-87.574053,12/23/2022 10:27:00 AM,2022
CR00017221,05/29/2016 04:37:00 PM,35,CLEAR,DAYLIGHT,PARKED MOTOR VEHICLE,NOT DIVIDED,NO CONTROLS,FOLLOWING TOO CLOSELY,UNABLE TO DETERMINE,0,0,0,0,16,1,5,176,DIVISION ST,41.981246,-87.753984,05/29/2016 06:31:00 PM,2016
CR00017222,07/21/2018 09:03:00 AM,35,CLEAR,DAYLIGHT,REAR END,DIVIDED - W/MEDIAN (NOT RAISED),YIELD,UNABLE TO DETERMINE,IMPROPER OVERTAKING/PASSING,0,0,1,1,9,7,7,494,ASHLAND AVE,41.735328,-87.838036,07/21/2018 10:20:00 AM,2018
CR00017223,12/14/2016 06:36:00 PM,30,CLEAR,DAYLIGHT,SIDESWIPE SAME DIRECTION,DIVIDED - W/MEDIAN BARRIER,TRAFFIC SIGNAL,WEATHER,NOT APPLICABLE,0,0,0,0,18,4,12,1328,KEDZIE AVE,41.874589,-87.764193,12/14/2016 07:58:00 PM,2016
CR00017224,04/29/2022 10:19:00 PM,30,CLEAR,DARKNESS - LIGHTED ROAD,SIDESWIPE SAME DIRECTION,NOT DIVIDED,NO CONTROLS,FOLLOWING TOO CLOSELY,UNABLE TO DETERMINE,0,0,0,0,22,6,4,1479,79TH ST,41.776437,-87.761941,04/29/2022 10:41:00 PM,2022
CR00017225,12/31/2019 09:39:00 PM,25,CLEAR,DARKNESS - LIGHTED ROAD,PEDESTRIAN,ONE-WAY,NO CONTROLS,IMPROPER OVERTAKING/PASSING,NOT APPLICABLE,0,0,1,1,21,3,12,1495,FULLERTON AVE,41.708033,-87.805881,12/31/2019 11:32:00 PM,2019
CR00017226,04/13/2022 01:53:00 PM,30,CLEAR,DAYLIGHT,ANGLE,NOT DIVIDED,NO CONTROLS,DISREGARDING TRAFFIC SIGNALS,UNABLE TO DETERMINE,0,0,0,0,13,4,4,1749,CICERO AVE,41.760836,-87.791478,04/13/2022 03:47:00 PM,2022
CR00017227,08/14/2022 10:24:00 PM,20,CLEAR,DAYLIGHT,PARKED MOTOR VEHICLE,NOT DIVIDED,TRAFFIC SIGNAL,UNABLE TO DETERMINE,NOT APPLICABLE,0,0,0,0,22,1,8,1751,ASHLAND AVE,41.855377,-87.528535,08/14/2022 11:02:00 PM,2022
CR00017228,08/31/2017 03:57:00 PM,45,CLEAR,DAYLIGHT,ANGLE,NOT DIVIDED,PEDESTRIAN CROSSING SIGN,IMPROPER LANE USAGE,FAILING TO YIELD RIGHT-OF-WAY,0,0,0,0,15,5,8,457,79TH ST,41.938648,-87.765088,08/31/2017 05:34:00 PM,2017
CR00017229,09/02/2023 07:01:00 AM,30,CLOUDY/OVERCAST,DAYLIGHT,TURNING,ONE-WAY,TRAFFIC SIGNAL,FAILING TO YIELD RIGHT-OF-WAY,NOT APPLICABLE,0,0,0,0,7,7,9,967,MICHIGAN AVE,41.833238,-87.575689,09/02/2023 08:31:00 AM,2023
CR00017230,02/02/2024 04:42:00 PM,40,RAIN,DAYLIGHT,REAR END,NOT DIVIDED,NO CONTROLS,FOLLOWING TOO CLOSELY,UNABLE TO DETERMINE,0,0,3,3,16,6,2,802,STONY ISLAND AVE,41.729647,-87.597639,02/02/2024 04:59:00 PM,2024
CR00017231,02/04/2022 02:22:00 PM,35,SNOW,DARKNESS - LIGHTED ROAD,REAR END,DIVIDED - W/MEDIAN (NOT RAISED),NO CONTROLS,DISTRACTION - FROM INSIDE VEHICLE,NOT APPLICABLE,0,0,0,0,14,6,2,141,DIVISION ST,41.857999,-87.581287,02/04/2022 03:46:00 PM,2022
CR00017232,06/27/2016 01:33:00 PM,20,FOG/SMOKE/HAZE,DAYLIGHT,ANGLE,NOT DIVIDED,NO CONTROLS,FOLLOWING TOO CLOSELY,FAILING TO YIELD RIGHT-OF-WAY,0,0,0,0,13,2,6,1219,63RD ST,41.922405,-87.715619,06/27/2016 02:35:00 PM,2016
CR00017233,10/30/2023 01:12:00 PM,30,SNOW,DARKNESS - LIGHTED ROAD,TURNING,T-INTERSECTION,NO CONTROLS,FAILING TO YIELD RIGHT-OF-WAY,FOLLOWING TOO CLOSELY,0,0,0,0,13,2,10,1308,STATE ST,41.858849,-87.839733,10/30/2023 01:55:00 PM,2023
CR00017234,01/17/2020 04:12:00 PM,25,CLEAR,DAYLIGHT,TURNING,DIVIDED - W/MEDIAN BARRIER,TRAFFIC SIGNAL,UNABLE TO DETERMINE,IMPROPER OVERTAKING/PASSING,0,0,0,0,16,6,1,1082,ELSTON AVE,41.890456,-87.706376,01/17/2020 05:40:00 PM,2020
CR00017235,11/27/2018 02:50:00 PM,30,CLEAR,DARKNESS,REAR END,DIVIDED - W/MEDIAN (NOT RAISED),STOP SIGN/FLASHER,UNABLE TO DETERMINE,DRIVING SKILLS/KNOWLEDGE/EXPERIENCE,0,0,0,0,14,3,11,971,IRVING PARK RD,41.857057,-87.791143,11/27/2018 04:05:00 PM,2018
CR00017236,02/21/2020 08:58:00 AM,20,CLEAR,DARKNESS - LIGHTED ROAD,FIXED OBJECT,NOT DIVIDED,TRAFFIC SIGNAL,FAILING TO YIELD RIGHT-OF-WAY,FOLLOWING TOO CLOSELY,0,0,0,0,8,6,2,1060,HALSTED ST,41.747439,-87.512732,02/21/2020 10:47:00 AM,2020
CR00017237,01/25/2022 06:10:00 AM,45,CLEAR,DARKNESS - LIGHTED ROAD,REAR END,NOT DIVIDED,NO CONTROLS,FAILING TO YIELD RIGHT-OF-WAY,FAILING TO YIELD RIGHT-OF-WAY,0,0,0,0,6,3,1,124,ELSTON AVE,41.738678,-87.571373,01/25/2022 07:38:00 AM,2022
CR00017238,12/14/2021 06:49:00 PM,25,CLEAR,DARKNESS - LIGHTED ROAD,REAR END,DIVIDED - W/MEDIAN (NOT RAISED),NO CONTROLS,UNABLE TO DETERMINE,FAILING TO REDUCE SPEED,0,0,0,0,18,3,12,1520,MICHIGAN AVE,41.954373,-87.831915,12/14/2021 07:10:00 PM,2021
CR00017239,05/15/2018 07:48:00 AM,35,CLEAR,DAYLIGHT,TURNING,NOT DIVIDED,NO CONTROLS,DISREGARDING TRAFFIC SIGNALS,UNABLE TO DETERMINE,0,0,0,0,7,3,5,1785,CALIFORNIA AVE,41.785871,-87.691288,05/15/2018 08:20:00 AM,2018
CR00017240,12/01/2018 11:39:00 AM,15,CLEAR,DAYLIGHT,REAR END,NOT DIVIDED,TRAFFIC SIGNAL,DRIVING SKILLS/KNOWLEDGE/EXPERIENCE,IMPROPER OVERTAKING/PASSING,0,0,1,1,11,7,12,1471,63RD ST,41.957323,-87.673897,12/01/2018 01:30:00 PM,2018
CR00017241,12/13/2016 11:46:00 PM,35,RAIN,DAYLIGHT,REAR TO FRONT,DIVIDED - W/MEDIAN (NOT RAISED),NO CONTROLS,UNABLE TO DETERMINE,FOLLOWING TOO CLOSELY,0,0,0,0,23,3,12,1259,OGDEN AVE,41.897292,-87.792106,12/14/2016 01:05:00 AM,2016
CR00017242,04/20/2016 04:31:00 PM,35,CLEAR,DAYLIGHT,REAR TO FRONT,ONE-WAY,UNKNOWN,UNABLE TO DETERMINE,IMPROPER OVERTAKING/PASSING,0,0,0,0,16,4,4,2003,CICERO AVE,41.926908,-87.776971,04/20/2016 05:24:00 PM,2016
CR00017243,09/06/2018 12:21:00 PM,45,CLOUDY/OVERCAST,DARKNESS - LIGHTED ROAD,REAR END,DIVIDED - W/MEDIAN (NOT RAISED),NO CONTROLS,UNABLE TO DETERMINE,UNABLE TO DETERMINE,0,0,0,0,12,5,9,2172,MICHIGAN AVE,41.982275,-87.55766,09/06/2018 02:04:00 PM,2018
CR00017244,04/12/2018 04:00:00 PM,15,CLEAR,DAYLIGHT,SIDESWIPE SAME DIRECTION,NOT DIVIDED,STOP SIGN/FLASHER,UNABLE TO DETERMINE,IMPROPER LANE USAGE,0,0,0,0,16,5,4,225,PULASKI RD,41.845183,-87.727196,04/12/2018 04:23:00 PM,2018
CR00017245,08/31/2015 09:03:00 AM,35,CLEAR,DARKNESS - LIGHTED ROAD,TURNING,NOT DIVIDED,UNKNOWN,FOLLOWING TOO CLOSELY,DISTRACTION - FROM INSIDE VEHICLE,0,0,0,0,9,2,8,1407,79TH ST,41.866681,-87.528727,08/31/2015 10:14:00 AM,2015
CR00017246,09/09/2020 03:42:00 AM,30,FOG/SMOKE/HAZE,DARKNESS - LIGHTED ROAD,PEDESTRIAN,ONE-WAY,STOP SIGN/FLASHER,IMPROPER OVERTAKING/PASSING,UNABLE TO DETERMINE,0,0,1,1,3,4,9,1466,47TH ST,41.722006,-87.676858,09/09/2020 05:16:00 AM,2020
CR00017247,10/21/2022 11:15:00 AM,15,CLEAR,DAYLIGHT,TURNING,NOT DIVIDED,NO CONTROLS,DRIVING SKILLS/KNOWLEDGE/EXPERIENCE,NOT APPLICABLE,0,0,0,0,11,6,10,2118,STATE ST,41.902675,-87.687481,10/21/2022 12:17:00 PM,2022
CR00017248,11/17/2018 05:57:00 PM,20,CLEAR,DAYLIGHT,REAR TO FRONT,ONE-WAY,NO CONTROLS,FOLLOWING TOO CLOSELY,IMPROPER LANE USAGE,0,0,1,1,17,7,11,681,OGDEN AVE,41.870173,-87.646864,11/17/2018 06:23:00 PM,2018
CR00017249,08/24/2017 04:00:00 PM,30,CLEAR,DARKNESS - LIGHTED ROAD,PEDESTRIAN,NOT DIVIDED,NO CONTROLS,DISTRACTION - FROM INSIDE VEHICLE,FAILING TO YIELD RIGHT-OF-WAY,0,0,0,0,16,5,8,2097,KEDZIE AVE,41.78202,-87.669586,08/24/2017 04:19:00 PM,2017
CR00017250,12/05/2017 11:05:00 AM,15,CLEAR,DAYLIGHT,TURNING,NOT DIVIDED,YIELD,UNABLE TO DETERMINE,WEATHER,0,0,3,3,11,3,12,1292,WESTERN AVE,41.722124,-87.784959,12/05/2017 11:56:00 AM,2017
CR00017251,02/15/2017 12:17:00 PM,40,CLEAR,DARKNESS - LIGHTED ROAD,REAR TO FRONT,NOT DIVIDED,NO CONTROLS,FOLLOWING TOO CLOSELY,FAILING TO REDUCE SPEED,0,0,0,0,12,4,2,804,MILWAUKEE AVE,41.948913,-87.583663,02/15/2017 01:26:00 PM,2017
CR00017252,01/12/2023 09:55:00 PM,45,CLEAR,DARKNESS,TURNING,DIVIDED - W/MEDIAN BARRIER,STOP SIGN/FLASHER,IMPROPER OVERTAKING/PASSING,NOT APPLICABLE,0,0,0,0,21,5,1,169,MICHIGAN AVE,41.737989,-87.555121,01/12/2023 11:15:00 PM,2023
CR00017253,06/21/2020 06:16:00 PM,35,CLEAR,DAYLIGHT,REAR END,T-INTERSECTION,NO CONTROLS,DISREGARDING TRAFFIC SIGNALS,UNABLE TO DETERMINE,0,0,1,1,18,1,6,600,CALIFORNIA AVE,41.705431,-87.782414,06/21/2020 08:06:00 PM,2020
CR00017254,03/17/2024 12:50:00 AM,30,SNOW,DAYLIGHT,ANGLE,ONE-WAY,STOP SIGN/FLASHER,FAILING TO YIELD RIGHT-OF-WAY,DRIVING SKILLS/KNOWLEDGE/EXPERIENCE,0,0,0,0,0,1,3,2464,IRVING PARK RD,41.807398,-87.656992,03/17/2024 02:34:00 AM,2024
CR00017255,11/06/2015 10:31:00 AM,45,CLOUDY/OVERCAST,DARKNESS - LIGHTED ROAD,TURNING,DIVIDED - W/MEDIAN (NOT RAISED),UNKNOWN,UNABLE TO DETERMINE,FAILING TO YIELD RIGHT-OF-WAY,0,0,0,0,10,6,11,2027,79TH ST,41.741257,-87.655656,11/06/2015 11:38:00 AM,2015
CR00017256,12/15/2022 10:36:00 PM,35,CLEAR,DAYLIGHT,SIDESWIPE SAME DIRECTION,DIVIDED - W/MEDIAN BARRIER,TRAFFIC SIGNAL,DRIVING SKILLS/KNOWLEDGE/EXPERIENCE,FAILING TO YIELD RIGHT-OF-WAY,0,0,1,1,22,5,12,2403,MICHIGAN AVE,41.859266,-87.802803,12/15/2022 11:26:00 PM,2022
CR00017257,06/27/2023 06:04:00 PM,30,CLEAR,DAYLIGHT,REAR END,ONE-WAY,NO CONTROLS,WEATHER,UNABLE TO DETERMINE,0,0,0,0,18,3,6,2313,LAKE SHORE DR,41.738744,-87.561969,06/27/2023 07:44:00 PM,2023
CR00017258,11/05/2024 06:24:00 PM,15,RAIN,DAYLIGHT,REAR END,FOUR WAY,STOP SIGN/FLASHER,DISTRACTION - FROM INSIDE VEHICLE,UNABLE TO DETERMINE,0,0,0,0,18,3,11,2162,CALIFORNIA AVE,41.80403,-87.552597,11/05/2024 06:25:00 PM,2024
CR00017259,11/09/2024 05:18:00 PM,15,RAIN,DAYLIGHT,SIDESWIPE SAME DIRECTION,FOUR WAY,TRAFFIC SIGNAL,IMPROPER LANE USAGE,NOT APPLICABLE,0,0,0,0,17,7,11,1303,ROOSEVELT RD,41.793906,-87.516634,11/09/2024 07:02:00 PM,2024
CR00017260,06/10/2024 01:05:00 PM,35,SNOW,DUSK,REAR TO FRONT,DIVIDED - W/MEDIAN (NOT RAISED),UNKNOWN,FAILING TO YIELD RIGHT-OF-WAY,DRIVING SKILLS/KNOWLEDGE/EXPERIENCE,0,0,0,0,13,2,6,1673,MICHIGAN AVE,41.879701,-87.622905,06/10/2024 02:20:00 PM,2024
CR00017261,03/26/2023 01:05:00 AM,35,CLEAR,DAYLIGHT,TURNING,FOUR WAY,NO CONTROLS,IMPROPER LANE USAGE,FAILING TO REDUCE SPEED,0,0,0,0,1,1,3,1443,63RD ST,41.874278,-87.663365,03/26/2023 01:54:00 AM,2023
CR00017262,06/01/2018 08:21:00 AM,25,CLEAR,DARKNESS,PARKED MOTOR VEHICLE,DIVIDED - W/MEDIAN (NOT RAISED),NO CONTROLS,DISREGARDING TRAFFIC SIGNALS,UNABLE TO DETERMINE,0,0,3,3,8,6,6,2056,DIVISION ST,41.719722,-87.61827,06/01/2018 08:41:00 AM,2018
CR00017263,04/27/2024 07:56:00 PM,35,CLEAR,DAYLIGHT,REAR END,NOT DIVIDED,NO CONTROLS,IMPROPER LANE USAGE,NOT APPLICABLE,0,0,0,0,19,7,4,941,CICERO AVE,41.769867,-87.744923,04/27/2024 09:43:00 PM,2024
CR00017264,01/10/2021 11:15:00 PM,40,RAIN,DAYLIGHT,REAR END,NOT DIVIDED,TRAFFIC SIGNAL,FOLLOWING TOO CLOSELY,UNABLE TO DETERMINE,0,0,1,1,23,1,1,2353,DIVISION ST,41.734193,-87.824223,01/11/2021 12:04:00 AM,2021
CR00017265,02/03/2020 01:09:00 PM,30,CLEAR,DARKNESS,ANGLE,DIVIDED - W/MEDIAN (NOT RAISED),TRAFFIC SIGNAL,UNABLE TO DETERMINE,UNABLE TO DETERMINE,0,0,1,1,13,2,2,1235,STONY ISLAND AVE,41.821191,-87.648659,02/03/2020 03:06:00 PM,2020
CR00017266,12/11/2021 11:38:00 AM,20,CLEAR,DAYLIGHT,REAR END,ONE-WAY,TRAFFIC SIGNAL,UNABLE TO DETERMINE,DRIVING SKILLS/KNOWLEDGE/EXPERIENCE,0,0,0,0,11,7,12,2467,STATE ST,41.84749,-87.550647,12/11/2021 01:25:00 PM,2021
CR00017267,06/12/2017 06:37:00 AM,15,RAIN,DAYLIGHT,TURNING,DIVIDED - W/MEDIAN (NOT RAISED),NO CONTROLS,FAILING TO YIELD RIGHT-OF-WAY,UNABLE TO DETERMINE,0,0,1,1,6,2,6,158,DIVISION ST,41.930015,-87.75747,06/12/2017 07:13:00 AM,2017
CR00017268,07/31/2022 09:39:00 AM,40,RAIN,DAYLIGHT,ANGLE,DIVIDED - W/MEDIAN (NOT RAISED),STOP SIGN/FLASHER,DRIVING SKILLS/KNOWLEDGE/EXPERIENCE,IMPROPER OVERTAKING/PASSING,0,0,0,0,9,1,7,572,DAMEN AVE,41.884102,-87.578744,07/31/2022 10:58:00 AM,2022
CR00017269,09/10/2019 03:42:00 PM,25,CLEAR,DAWN,SIDESWIPE SAME DIRECTION,NOT DIVIDED,TRAFFIC SIGNAL,FAILING TO REDUCE SPEED,IMPROPER LANE USAGE,0,0,0,0,15,3,9,1352,79TH ST,41.842423,-87.827692,09/10/2019 04:08:00 PM,2019
CR00017270,02/15/2017 08:03:00 PM,30,CLEAR,DAYLIGHT,SIDESWIPE SAME DIRECTION,DIVIDED - W/MEDIAN (NOT RAISED),TRAFFIC SIGNAL,IMPROPER OVERTAKING/PASSING,UNABLE TO DETERMINE,0,0,3,3,20,4,2,2053,ARCHER AVE,41.95121,-87.84512,02/15/2017 08:21:00 PM,2017
CR00017271,03/24/2015 12:25:00 AM,35,CLEAR,DARKNESS - LIGHTED ROAD,TURNING,NOT DIVIDED,TRAFFIC SIGNAL,FAILING TO YIELD RIGHT-OF-WAY,FOLLOWING TOO CLOSELY,0,0,0,0,0,3,3,1823,OGDEN AVE,41.968983,-87.747327,03/24/2015 02:04:00 AM,2015
CR00017272,05/10/2022 08:57:00 PM,45,CLEAR,DAYLIGHT,REAR END,DIVIDED - W/MEDIAN BARRIER,NO CONTROLS,UNABLE TO DETERMINE,FOLLOWING TOO CLOSELY,0,0,0,0,20,3,5,333,ASHLAND AVE,41.814097,-87.509527,05/10/2022 10:27:00 PM,2022
CR00017273,06/21/2015 11:44:00 AM,30,CLEAR,DARKNESS - LIGHTED ROAD,PARKED MOTOR VEHICLE,T-INTERSECTION,STOP SIGN/FLASHER,WEATHER,IMPROPER OVERTAKING/PASSING,0,0,0,0,11,1,6,2074,MILWAUKEE AVE,41.979594,-87.684231,06/21/2015 01:37:00 PM,2015
CR00017274,06/14/2018 01:29:00 PM,30,CLEAR,DAYLIGHT,REAR TO FRONT,FOUR WAY,STOP SIGN/FLASHER,IMPROPER LANE USAGE,UNABLE TO DETERMINE,0,0,0,0,13,5,6,869,FULLERTON AVE,41.910509,-87.828661,06/14/2018 02:51:00 PM,2018
CR00017275,06/16/2016 02:45:00 PM,30,CLEAR,DAYLIGHT,FIXED OBJECT,NOT DIVIDED,TRAFFIC SIGNAL,IMPROPER OVERTAKING/PASSING,DRIVING SKILLS/KNOWLEDGE/EXPERIENCE,0,0,0,0,14,5,6,1022,ARCHER AVE,41.829371,-87.555486,06/16/2016 04:01:00 PM,2016
CR00017276,02/19/2019 02:59:00 PM,15,SNOW,DAYLIGHT,SIDESWIPE SAME DIRECTION,NOT DIVIDED,TRAFFIC SIGNAL,UNABLE TO DETERMINE,UNABLE TO DETERMINE,0,0,0,0,14,3,2,2231,47TH ST,41.751011,-87.743067,02/19/2019 04:45:00 PM,2019
CR00017277,01/16/2016 05:23:00 PM,25,CLOUDY/OVERCAST,DUSK,PEDESTRIAN,ONE-WAY,UNKNOWN,WEATHER,UNABLE TO DETERMINE,0,0,0,0,17,7,1,715,MILWAUKEE AVE,41.84685,-87.657458,01/16/2016 05:58:00 PM,2016
CR00017278,12/22/2020 08:50:00 PM,30,CLEAR,DARKNESS - LIGHTED ROAD,REAR END,NOT DIVIDED,YIELD,FOLLOWING TOO CLOSELY,NOT APPLICABLE,0,0,3,3,20,3,12,969,MICHIGAN AVE,41.803048,-87.50505,12/22/2020 10:19:00 PM,2020
CR00017279,11/16/2015 07:19:00 AM,35,CLEAR,DAYLIGHT,ANGLE,T-INTERSECTION,NO CONTROLS,UNABLE TO DETERMINE,FAILING TO REDUCE SPEED,0,0,1,1,7,2,11,1566,63RD ST,41.949911,-87.574927,11/16/2015 08:48:00 AM,2015
CR00017280,11/09/2022 08:27:00 AM,35,RAIN,DAYLIGHT,REAR END,FOUR WAY,NO CONTROLS,UNABLE TO DETERMINE,DISREGARDING TRAFFIC SIGNALS,0,0,0,0,8,4,11,2439,CLARK ST,41.93297,-87.609728,11/09/2022 10:18:00 AM,2022
CR00017281,06/25/2017 03:15:00 PM,30,RAIN,DARKNESS - LIGHTED ROAD,REAR END,DIVIDED - W/MEDIAN (NOT RAISED),YIELD,DRIVING SKILLS/KNOWLEDGE/EXPERIENCE,NOT APPLICABLE,0,0,0,0,15,1,6,338,BROADWAY,41.778787,-87.80582,06/25/2017 05:12:00 PM,2017
CR00017282,05/30/2023 09:59:00 AM,15,CLEAR,DARKNESS,SIDESWIPE SAME DIRECTION,DIVIDED - W/MEDIAN BARRIER,PEDESTRIAN CROSSING SIGN,DISTRACTION - FROM INSIDE VEHICLE,DISREGARDING TRAFFIC SIGNALS,0,0,0,0,9,3,5,1491,CICERO AVE,41.866067,-87.748572,05/30/2023 10:22:00 AM,2023
CR00017283,09/07/2018 02:01:00 PM,30,RAIN,DAYLIGHT,REAR TO FRONT,FOUR WAY,TRAFFIC SIGNAL,UNABLE TO DETERMINE,UNABLE TO DETERMINE,0,0,0,0,14,6,9,1096,MICHIGAN AVE,41.729226,-87.778205,09/07/2018 02:10:00 PM,2018
CR00017284,10/16/2016 11:24:00 AM,35,RAIN,DARKNESS - LIGHTED ROAD,PEDESTRIAN,NOT DIVIDED,NO CONTROLS,FAILING TO YIELD RIGHT-OF-WAY,DISREGARDING TRAFFIC SIGNALS,0,0,0,0,11,1,10,176,KEDZIE AVE,41.946954,-87.524639,10/16/2016 11:56:00 AM,2016