CRASH_RECORD_ID,CRASH_DATE,POSTED_SPEED_LIMIT,WEATHER_CONDITION,LIGHTING_CONDITION,FIRST_CRASH_TYPE,TRAFFICWAY_TYPE,TRAFFIC_CONTROL_DEVICE,PRIM_CONTRIBUTORY_CAUSE,SEC_CONTRIBUTORY_CAUSE,INJURIES_FATAL,INJURIES_INCAPACITATING,INJURIES_NON_INCAPACITATING,INJURIES_TOTAL,CRASH_HOUR,CRASH_DAY_OF_WEEK,CRASH_MONTH,BEAT_OF_OCCURRENCE,STREET_NAME,LATITUDE,LONGITUDE,DATE_POLICE_NOTIFIED,year
CR00017285,09/26/2021 12:30:00 PM,40,CLEAR,DARKNESS,SIDESWIPE SAME DIRECTION,DIVIDED - W/MEDIAN (NOT RAISED),NO CONTROLS,UNABLE TO DETERMINE,NOT APPLICABLE,0,0,0,0,12,1,9,2400,CLARK ST,41.791213,-87.714831,09/26/2021 12:48:00 PM,2021
CR00017286,01/13/2016 08:46:00 PM,35,CLEAR,DAYLIGHT,SIDESWIPE SAME DIRECTION,DIVIDED - W/MEDIAN (NOT RAISED),PEDESTRIAN CROSSING SIGN,FAILING TO REDUCE SPEED,NOT APPLICABLE,0,0,0,0,20,4,1,2038,STONY ISLAND AVE,41.745357,-87.790274,01/13/2016 09:05:00 PM,2016
CR00017287,12/19/2019 01:57:00 PM,35,CLEAR,DAYLIGHT,PARKED MOTOR VEHICLE,ONE-WAY,NO CONTROLS,UNABLE TO DETERMINE,FAILING TO YIELD RIGHT-OF-WAY,0,1,1,2,13,5,12,237,MILWAUKEE AVE,41.954688,-87.52787,12/19/2019 03:07:00 PM,2019
CR00017288,06/11/2019 05:06:00 PM,15,CLEAR,DARKNESS - LIGHTED ROAD,REAR END,NOT DIVIDED,UNKNOWN,UNABLE TO DETERMINE,UNABLE TO DETERMINE,0,0,0,0,17,3,6,1906,STONY ISLAND AVE,41.932633,-87.520288,06/11/2019 06:08:00 PM,2019
CR00017289,03/16/2017 10:38:00 AM,30,CLEAR,DARKNESS - LIGHTED ROAD,FIXED OBJECT,NOT DIVIDED,TRAFFIC SIGNAL,UNABLE TO DETERMINE,UNABLE TO DETERMINE,0,0,2,2,10,5,3,983,47TH ST,41.885459,-87.523108,03/16/2017 10:50:00 AM,2017
CR00017290,05/19/2021 06:56:00 AM,40,RAIN,DARKNESS - LIGHTED ROAD,ANGLE,ONE-WAY,NO CONTROLS,IMPROPER LANE USAGE,UNABLE TO DETERMINE,0,0,0,0,6,4,5,2328,PULASKI RD,41.700933,-87.816613,05/19/2021 07:15:00 AM,2021
CR00017291,11/10/2017 04:47:00 AM,15,RAIN,DAYLIGHT,SIDESWIPE SAME DIRECTION,NOT DIVIDED,STOP SIGN/FLASHER,IMPROPER OVERTAKING/PASSING,IMPROPER OVERTAKING/PASSING,0,0,3,3,4,6,11,1248,79TH ST,41.847651,-87.665165,11/10/2017 06:00:00 AM,2017
CR00017292,09/30/2017 10:47:00 PM,25,RAIN,DARKNESS - LIGHTED ROAD,REAR END,DIVIDED - W/MEDIAN (NOT RAISED),TRAFFIC SIGNAL,DRIVING SKILLS/KNOWLEDGE/EXPERIENCE,DISTRACTION - FROM INSIDE VEHICLE,0,0,2,2,22,7,9,537,CALIFORNIA AVE,41.902195,-87.616499,09/30/2017 11:20:00 PM,2017
CR00017293,03/12/2019 08:25:00 AM,30,CLEAR,DARKNESS - LIGHTED ROAD,SIDESWIPE SAME DIRECTION,DIVIDED - W/MEDIAN (NOT RAISED),NO CONTROLS,IMPROPER LANE USAGE,NOT APPLICABLE,0,0,0,0,8,3,3,2230,WESTERN AVE,41.757048,-87.797853,03/12/2019 09:50:00 AM,2019
CR00017294,05/17/2020 05:31:00 PM,30,CLEAR,DARKNESS - LIGHTED ROAD,TURNING,NOT DIVIDED,NO CONTROLS,FOLLOWING TOO CLOSELY,FAILING TO YIELD RIGHT-OF-WAY,0,0,1,1,17,1,5,218,CALIFORNIA AVE,41.893326,-87.815448,05/17/2020 05:43:00 PM,2020
CR00017295,12/23/2019 04:49:00 PM,40,CLEAR,DAYLIGHT,ANGLE,NOT DIVIDED,NO CONTROLS,IMPROPER OVERTAKING/PASSING,UNABLE TO DETERMINE,0,0,0,0,16,2,12,1086,STONY ISLAND AVE,41.909514,-87.688924,12/23/2019 04:50:00 PM,2019
CR00017296,02/28/2022 03:28:00 PM,45,CLEAR,DAYLIGHT,REAR END,NOT DIVIDED,YIELD,FAILING TO YIELD RIGHT-OF-WAY,DISTRACTION - FROM INSIDE VEHICLE,0,0,0,0,15,2,2,1229,IRVING PARK RD,41.985926,-87.569452,02/28/2022 04:00:00 PM,2022
CR00017297,05/10/2024 11:28:00 AM,20,RAIN,DAYLIGHT,ANGLE,ONE-WAY,STOP SIGN/FLASHER,DISREGARDING TRAFFIC SIGNALS,DRIVING SKILLS/KNOWLEDGE/EXPERIENCE,0,0,0,0,11,6,5,308,79TH ST,41.708665,-87.753618,05/10/2024 12:11:00 PM,2024
CR00017298,03/17/2023 06:45:00 PM,35,CLEAR,DAYLIGHT,REAR TO FRONT,ONE-WAY,STOP SIGN/FLASHER,FOLLOWING TOO CLOSELY,FOLLOWING TOO CLOSELY,0,0,3,3,18,6,3,2205,MILWAUKEE AVE,41.814725,-87.601127,03/17/2023 07:37:00 PM,2023
CR00017299,12/03/2021 07:22:00 AM,40,CLEAR,DUSK,REAR END,NOT DIVIDED,TRAFFIC SIGNAL,UNABLE TO DETERMINE,IMPROPER OVERTAKING/PASSING,0,2,1,3,7,6,12,2082,FULLERTON AVE,41.88536,-87.570632,12/03/2021 08:43:00 AM,2021
CR00017300,05/04/2022 07:22:00 AM,35,CLEAR,DAYLIGHT,REAR END,NOT DIVIDED,NO CONTROLS,FOLLOWING TOO CLOSELY,DISTRACTION - FROM INSIDE VEHICLE,0,0,0,0,7,4,5,1989,MILWAUKEE AVE,41.902841,-87.719112,05/04/2022 09:10:00 AM,2022
CR00017301,08/03/2019 10:25:00 AM,35,CLOUDY/OVERCAST,DAYLIGHT,REAR TO FRONT,DIVIDED - W/MEDIAN (NOT RAISED),TRAFFIC SIGNAL,FAILING TO YIELD RIGHT-OF-WAY,FAILING TO YIELD RIGHT-OF-WAY,0,0,0,0,10,7,8,1500,CLARK ST,41.933358,-87.835948,08/03/2019 10:39:00 AM,2019
CR00017302,05/09/2021 06:23:00 AM,45,CLEAR,DAYLIGHT,TURNING,T-INTERSECTION,NO CONTROLS,UNABLE TO DETERMINE,DRIVING SKILLS/KNOWLEDGE/EXPERIENCE,0,0,0,0,6,1,5,1685,ARCHER AVE,41.810958,-87.562051,05/09/2021 07:58:00 AM,2021
CR00017303,06/19/2022 07:57:00 PM,40,CLEAR,DAYLIGHT,PARKED MOTOR VEHICLE,NOT DIVIDED,TRAFFIC SIGNAL,FAILING TO YIELD RIGHT-OF-WAY,UNABLE TO DETERMINE,0,0,1,1,19,1,6,2284,ROOSEVELT RD,41.824514,-87.577287,06/19/2022 08:38:00 PM,2022
CR00017304,10/15/2022 08:29:00 AM,35,CLEAR,DARKNESS - LIGHTED ROAD,REAR END,NOT DIVIDED,TRAFFIC SIGNAL,UNABLE TO DETERMINE,NOT APPLICABLE,0,0,0,0,8,7,10,151,STONY ISLAND AVE,41.9647,-87.798676,10/15/2022 08:41:00 AM,2022
CR00017305,10/28/2016 05:33:00 PM,45,CLOUDY/OVERCAST,DARKNESS - LIGHTED ROAD,SIDESWIPE SAME DIRECTION,ONE-WAY,TRAFFIC SIGNAL,UNABLE TO DETERMINE,FAILING TO YIELD RIGHT-OF-WAY,0,0,0,0,17,6,10,1928,WESTERN AVE,41.764568,-87.70409,10/28/2016 05:43:00 PM,2016
CR00017306,06/08/2024 06:29:00 PM,45,CLOUDY/OVERCAST,DAYLIGHT,TURNING,DIVIDED - W/MEDIAN (NOT RAISED),TRAFFIC SIGNAL,FOLLOWING TOO CLOSELY,NOT APPLICABLE,0,0,0,0,18,7,6,1242,ROOSEVELT RD,41.864487,-87.7304,06/08/2024 06:54:00 PM,2024
CR00017307,02/11/2023 07:58:00 PM,15,SNOW,DAYLIGHT,REAR END,NOT DIVIDED,STOP SIGN/FLASHER,FAILING TO REDUCE SPEED,NOT APPLICABLE,0,0,0,0,19,7,2,1924,IRVING PARK RD,41.728725,-87.771786,02/11/2023 09:58:00 PM,2023
CR00017308,12/13/2018 06:07:00 PM,20,CLOUDY/OVERCAST,DARKNESS - LIGHTED ROAD,SIDESWIPE SAME DIRECTION,DIVIDED - W/MEDIAN (NOT RAISED),NO CONTROLS,DRIVING SKILLS/KNOWLEDGE/EXPERIENCE,DISREGARDING TRAFFIC SIGNALS,0,0,0,0,18,5,12,836,63RD ST,41.73409,-87.650104,12/13/2018 07:18:00 PM,2018
CR00017309,11/28/2017 01:44:00 PM,35,SNOW,DAYLIGHT,FIXED OBJECT,FOUR WAY,TRAFFIC SIGNAL,IMPROPER OVERTAKING/PASSING,FOLLOWING TOO CLOSELY,0,1,0,1,13,3,11,2383,IRVING PARK RD,41.84188,-87.590236,11/28/2017 02:15:00 PM,2017
CR00017310,01/17/2022 03:39:00 PM,35,CLEAR,DARKNESS - LIGHTED ROAD,REAR END,NOT DIVIDED,PEDESTRIAN CROSSING SIGN,WEATHER,IMPROPER OVERTAKING/PASSING,0,0,0,0,15,2,1,2049,OGDEN AVE,41.845617,-87.640624,01/17/2022 04:19:00 PM,2022
CR00017311,04/28/2019 03:08:00 PM,45,CLEAR,DAYLIGHT,TURNING,DIVIDED - W/MEDIAN (NOT RAISED),STOP SIGN/FLASHER,FAILING TO REDUCE SPEED,NOT APPLICABLE,0,1,3,4,15,1,4,1018,LAKE SHORE DR,41.845508,-87.753449,04/28/2019 03:56:00 PM,2019
CR00017312,02/13/2023 03:22:00 PM,30,CLEAR,DARKNESS - LIGHTED ROAD,FIXED OBJECT,FOUR WAY,TRAFFIC SIGNAL,UNABLE TO DETERMINE,DRIVING SKILLS/KNOWLEDGE/EXPERIENCE,0,1,1,2,15,2,2,1547,PULASKI RD,41.93336,-87.837747,02/13/2023 04:53:00 PM,2023
CR00017313,10/07/2015 02:19:00 PM,35,CLEAR,DAYLIGHT,REAR END,T-INTERSECTION,YIELD,FOLLOWING TOO CLOSELY,UNABLE TO DETERMINE,0,0,0,0,14,4,10,186,MICHIGAN AVE,41.832188,-87.537028,10/07/2015 03:44:00 PM,2015
CR00017314,10/12/2017 09:08:00 AM,35,RAIN,DAYLIGHT,FIXED OBJECT,DIVIDED - W/MEDIAN (NOT RAISED),STOP SIGN/FLASHER,DRIVING SKILLS/KNOWLEDGE/EXPERIENCE,NOT APPLICABLE,0,1,0,1,9,5,10,819,STATE ST,41.914213,-87.755928,10/12/2017 09:16:00 AM,2017
CR00017315,02/03/2019 05:19:00 PM,15,CLEAR,DUSK,ANGLE,NOT DIVIDED,TRAFFIC SIGNAL,DISTRACTION - FROM INSIDE VEHICLE,WEATHER,0,0,1,1,17,1,2,1101,MICHIGAN AVE,41.945814,-87.616742,02/03/2019 06:02:00 PM,2019
CR00017316,09/16/2018 06:35:00 PM,30,CLEAR,DAYLIGHT,PARKED MOTOR VEHICLE,ONE-WAY,NO CONTROLS,FOLLOWING TOO CLOSELY,FOLLOWING TOO CLOSELY,0,0,0,0,18,1,9,1860,CALIFORNIA AVE,41.897657,-87.757875,09/16/2018 08:23:00 PM,2018
CR00017317,09/23/2016 08:51:00 PM,30,RAIN,DAYLIGHT,TURNING,NOT DIVIDED,NO CONTROLS,UNABLE TO DETERMINE,DISTRACTION - FROM INSIDE VEHICLE,0,0,0,0,20,6,9,1834,LAKE SHORE DR,41.86512,-87.552588,09/23/2016 10:22:00 PM,2016
CR00017318,03/11/2021 07:24:00 PM,45,CLEAR,DAYLIGHT,PARKED MOTOR VEHICLE,NOT DIVIDED,NO CONTROLS,FOLLOWING TOO CLOSELY,FAILING TO REDUCE SPEED,0,0,1,1,19,5,3,1145,ROOSEVELT RD,41.879292,-87.603822,03/11/2021 09:07:00 PM,2021
CR00017319,07/20/2018 09:16:00 AM,30,CLEAR,DAYLIGHT,REAR END,DIVIDED - W/MEDIAN (NOT RAISED),TRAFFIC SIGNAL,FAILING TO YIELD RIGHT-OF-WAY,UNABLE TO DETERMINE,0,0,3,3,9,6,7,2376,ELSTON AVE,41.949049,-87.731491,07/20/2018 11:10:00 AM,2018
CR00017320,08/26/2022 12:31:00 AM,15,SNOW,DUSK,REAR END,ONE-WAY,TRAFFIC SIGNAL,FAILING TO YIELD RIGHT-OF-WAY,IMPROPER OVERTAKING/PASSING,0,0,0,0,0,6,8,1013,CLARK ST,41.790875,-87.824973,08/26/2022 02:13:00 AM,2022
CR00017321,05/29/2020 02:26:00 PM,40,CLEAR,DARKNESS - LIGHTED ROAD,REAR END,T-INTERSECTION,NO CONTROLS,DRIVING SKILLS/KNOWLEDGE/EXPERIENCE,NOT APPLICABLE,0,0,0,0,14,6,5,677,LAKE SHORE DR,41.931079,-87.624719,05/29/2020 02:48:00 PM,2020
CR00017322,07/22/2023 08:50:00 AM,35,CLOUDY/OVERCAST,DAYLIGHT,REAR TO FRONT,DIVIDED - W/MEDIAN (NOT RAISED),TRAFFIC SIGNAL,WEATHER,FAILING TO REDUCE SPEED,0,0,0,0,8,7,7,1290,79TH ST,41.845098,-87.785911,07/22/2023 10:10:00 AM,2023
CR00017323,03/13/2015 09:00:00 PM,35,CLEAR,DUSK,PEDESTRIAN,NOT DIVIDED,STOP SIGN/FLASHER,UNABLE TO DETERMINE,IMPROPER OVERTAKING/PASSING,0,0,1,1,21,6,3,831,63RD ST,41.776915,-87.693742,03/13/2015 10:46:00 PM,2015
CR00017324,04/21/2015 11:26:00 AM,15,CLEAR,DARKNESS,REAR TO FRONT,DIVIDED - W/MEDIAN BARRIER,TRAFFIC SIGNAL,FOLLOWING TOO CLOSELY,UNABLE TO DETERMINE,0,0,0,0,11,3,4,1059,CALIFORNIA AVE,41.738331,-87.689336,04/21/2015 11:31:00 AM,2015
CR00017325,05/19/2023 08:56:00 AM,25,RAIN,DUSK,TURNING,ONE-WAY,UNKNOWN,FOLLOWING TOO CLOSELY,NOT APPLICABLE,0,0,0,0,8,6,5,565,IRVING PARK RD,41.714525,-87.561007,05/19/2023 10:18:00 AM,2023
CR00017326,03/13/2020 06:02:00 PM,35,SNOW,DARKNESS - LIGHTED ROAD,PARKED MOTOR VEHICLE,DIVIDED - W/MEDIAN (NOT RAISED),STOP SIGN/FLASHER,DISREGARDING TRAFFIC SIGNALS,NOT APPLICABLE,0,0,0,0,18,6,3,517,HALSTED ST,41.77992,-87.617659,03/13/2020 06:21:00 PM,2020
CR00017327,03/01/2016 12:26:00 PM,40,CLEAR,DAYLIGHT,TURNING,DIVIDED - W/MEDIAN (NOT RAISED),NO CONTROLS,DISTRACTION - FROM INSIDE VEHICLE,FAILING TO YIELD RIGHT-OF-WAY,0,0,0,0,12,3,3,335,STONY ISLAND AVE,41.884062,-87.837008,03/01/2016 12:32:00 PM,2016
CR00017328,09/23/2017 08:14:00 AM,40,CLEAR,DAYLIGHT,TURNING,NOT DIVIDED,STOP SIGN/FLASHER,DRIVING SKILLS/KNOWLEDGE/EXPERIENCE,UNABLE TO DETERMINE,0,0,0,0,8,7,9,2142,ASHLAND AVE,41.950128,-87.528484,09/23/2017 09:50:00 AM,2017
CR00017329,03/11/2020 04:07:00 PM,35,RAIN,DAYLIGHT,REAR TO FRONT,NOT DIVIDED,NO CONTROLS,UNABLE TO DETERMINE,FOLLOWING TOO CLOSELY,0,0,0,0,16,4,3,1393,LAKE SHORE DR,41.982225,-87.692934,03/11/2020 04:51:00 PM,2020
CR00017330,08/04/2021 01:20:00 PM,15,CLEAR,DARKNESS - LIGHTED ROAD,SIDESWIPE SAME DIRECTION,NOT DIVIDED,STOP SIGN/FLASHER,FAILING TO YIELD RIGHT-OF-WAY,IMPROPER LANE USAGE,0,0,0,0,13,4,8,2038,LAKE SHORE DR,41.880219,-87.757849,08/04/2021 02:33:00 PM,2021
CR00017331,02/02/2019 10:21:00 AM,15,CLEAR,DAYLIGHT,PARKED MOTOR VEHICLE,NOT DIVIDED,STOP SIGN/FLASHER,FAILING TO REDUCE SPEED,NOT APPLICABLE,0,0,0,0,10,7,2,2000,OGDEN AVE,41.866409,-87.839002,02/02/2019 10:39:00 AM,2019
CR00017332,09/22/2020 11:02:00 PM,35,CLEAR,DARKNESS - LIGHTED ROAD,TURNING,ONE-WAY,STOP SIGN/FLASHER,UNABLE TO DETERMINE,NOT APPLICABLE,0,0,0,0,23,3,9,1287,HALSTED ST,41.769786,-87.657199,09/23/2020 12:09:00 AM,2020
CR00017333,06/30/2020 12:17:00 PM,40,CLEAR,DAYLIGHT,PARKED MOTOR VEHICLE,NOT DIVIDED,NO CONTROLS,IMPROPER OVERTAKING/PASSING,NOT APPLICABLE,0,0,0,0,12,3,6,2128,DAMEN AVE,41.973185,-87.595638,06/30/2020 02:07:00 PM,2020
CR00017334,02/10/2015 03:55:00 PM,20,SNOW,DAYLIGHT,ANGLE,DIVIDED - W/MEDIAN (NOT RAISED),TRAFFIC SIGNAL,IMPROPER OVERTAKING/PASSING,NOT APPLICABLE,0,0,0,0,15,3,2,1842,63RD ST,41.745788,-87.62106,02/10/2015 05:44:00 PM,2015
CR00017335,11/23/2015 07:25:00 AM,30,SNOW,DAYLIGHT,FIXED OBJECT,NOT DIVIDED,UNKNOWN,WEATHER,UNABLE TO DETERMINE,0,0,0,0,7,2,11,161,HALSTED ST,41.859258,-87.560767,11/23/2015 08:47:00 AM,2015
CR00017336,08/26/2019 05:04:00 AM,30,RAIN,DARKNESS - LIGHTED ROAD,ANGLE,NOT DIVIDED,NO CONTROLS,FOLLOWING TOO CLOSELY,IMPROPER OVERTAKING/PASSING,0,0,3,3,5,2,8,903,DIVISION ST,41.844024,-87.776504,08/26/2019 06:01:00 AM,2019
CR00017337,12/10/2019 07:58:00 AM,30,SNOW,DAYLIGHT,REAR END,NOT DIVIDED,TRAFFIC SIGNAL,UNABLE TO DETERMINE,DRIVING SKILLS/KNOWLEDGE/EXPERIENCE,0,0,0,0,7,3,12,467,IRVING PARK RD,41.826379,-87.612852,12/10/2019 08:49:00 AM,2019
CR00017338,06/29/2021 03:48:00 PM,30,CLEAR,DAYLIGHT,REAR TO FRONT,ONE-WAY,YIELD,UNABLE TO DETERMINE,IMPROPER OVERTAKING/PASSING,0,2,2,4,15,3,6,1171,79TH ST,41.852955,-87.724192,06/29/2021 04:42:00 PM,2021
CR00017339,12/13/2024 02:41:00 PM,25,CLEAR,DAWN,PARKED MOTOR VEHICLE,ONE-WAY,NO CONTROLS,UNABLE TO DETERMINE,NOT APPLICABLE,0,0,0,0,14,6,12,2189,47TH ST,41.850531,-87.50746,12/13/2024 02:49:00 PM,2024
CR00017340,10/04/2022 09:33:00 PM,35,CLEAR,DAYLIGHT,PEDESTRIAN,ONE-WAY,STOP SIGN/FLASHER,IMPROPER LANE USAGE,NOT APPLICABLE,0,0,0,0,21,3,10,1407,CALIFORNIA AVE,41.786701,-87.500081,10/04/2022 10:56:00 PM,2022
CR00017341,05/05/2018 10:20:00 PM,45,CLOUDY/OVERCAST,DAYLIGHT,TURNING,FOUR WAY,NO CONTROLS,IMPROPER LANE USAGE,UNABLE TO DETERMINE,0,0,0,0,22,7,5,1049,STONY ISLAND AVE,41.982602,-87.730356,05/05/2018 10:39:00 PM,2018
CR00017342,10/06/2019 04:57:00 AM,15,CLEAR,DAYLIGHT,REAR END,DIVIDED - W/MEDIAN (NOT RAISED),UNKNOWN,IMPROPER LANE USAGE,UNABLE TO DETERMINE,0,0,0,0,4,1,10,2399,MILWAUKEE AVE,41.963299,-87.761746,10/06/2019 05:01:00 AM,2019
CR00017343,06/06/2023 07:12:00 PM,30,CLEAR,DAYLIGHT,TURNING,ONE-WAY,STOP SIGN/FLASHER,DRIVING SKILLS/KNOWLEDGE/EXPERIENCE,FAILING TO REDUCE SPEED,0,0,0,0,19,3,6,2018,CICERO AVE,41.817265,-87.702998,06/06/2023 07:13:00 PM,2023
CR00017344,09/24/2018 08:08:00 PM,25,CLEAR,DAYLIGHT,REAR END,DIVIDED - W/MEDIAN BARRIER,STOP SIGN/FLASHER,UNABLE TO DETERMINE,IMPROPER LANE USAGE,0,1,1,2,20,2,9,359,MILWAUKEE AVE,41.757931,-87.761039,09/24/2018 08:42:00 PM,2018
CR00017345,09/10/2019 09:26:00 AM,25,SNOW,DAYLIGHT,SIDESWIPE SAME DIRECTION,NOT DIVIDED,NO CONTROLS,FAILING TO REDUCE SPEED,IMPROPER LANE USAGE,0,0,0,0,9,3,9,1869,ARCHER AVE,41.951306,-87.791541,09/10/2019 09:33:00 AM,2019
CR00017346,12/14/2023 09:16:00 AM,30,FREEZING RAIN/DRIZZLE,DARKNESS,ANGLE,NOT DIVIDED,NO CONTROLS,FAILING TO REDUCE SPEED,FAILING TO REDUCE SPEED,0,0,0,0,9,5,12,796,CICERO AVE,41.849474,-87.554637,12/14/2023 09:55:00 AM,2023
CR00017347,10/20/2020 02:45:00 PM,35,CLEAR,DARKNESS,REAR END,DIVIDED - W/MEDIAN (NOT RAISED),TRAFFIC SIGNAL,UNABLE TO DETERMINE,FAILING TO REDUCE SPEED,0,0,0,0,14,3,10,2205,DIVISION ST,41.768236,-87.573548,10/20/2020 04:04:00 PM,2020
CR00017348,05/15/2019 05:37:00 PM,40,CLEAR,DARKNESS,FIXED OBJECT,NOT DIVIDED,UNKNOWN,FAILING TO YIELD RIGHT-OF-WAY,IMPROPER OVERTAKING/PASSING,0,0,0,0,17,4,5,139,LAKE SHORE DR,41.718596,-87.522337,05/15/2019 06:30:00 PM,2019
CR00017349,12/09/2020 06:14:00 PM,25,CLEAR,DARKNESS - LIGHTED ROAD,FIXED OBJECT,DIVIDED - W/MEDIAN (NOT RAISED),NO CONTROLS,FOLLOWING TOO CLOSELY,FOLLOWING TOO CLOSELY,0,0,0,0,18,4,12,322,ASHLAND AVE,41.931206,-87.730033,12/09/2020 07:45:00 PM,2020
CR00017350,04/16/2024 06:45:00 PM,15,CLEAR,DARKNESS - LIGHTED ROAD,REAR END,NOT DIVIDED,NO CONTROLS,FOLLOWING TOO CLOSELY,NOT APPLICABLE,0,0,0,0,18,3,4,2119,ROOSEVELT RD,41.982212,-87.606882,04/16/2024 07:33:00 PM,2024
CR00017351,05/01/2018 11:54:00 AM,20,CLEAR,DAYLIGHT,REAR TO FRONT,NOT DIVIDED,TRAFFIC SIGNAL,UNABLE TO DETERMINE,UNABLE TO DETERMINE,0,0,0,0,11,3,5,1572,CLARK ST,41.74629,-87.777809,05/01/2018 01:00:00 PM,2018
CR00017352,07/04/2021 02:16:00 AM,35,CLEAR,DAYLIGHT,SIDESWIPE SAME DIRECTION,NOT DIVIDED,NO CONTROLS,DISTRACTION - FROM INSIDE VEHICLE,IMPROPER OVERTAKING/PASSING,0,0,0,0,2,1,7,2129,FULLERTON AVE,41.811223,-87.576206,07/04/2021 03:17:00 AM,2021
CR00017353,12/28/2016 09:26:00 AM,15,CLEAR,DUSK,REAR TO FRONT,FOUR WAY,TRAFFIC SIGNAL,UNABLE TO DETERMINE,UNABLE TO DETERMINE,0,0,3,3,9,4,12,1628,LAKE SHORE DR,41.749769,-87.841135,12/28/2016 10:03:00 AM,2016
CR00017354,08/01/2016 03:53:00 PM,30,CLEAR,DARKNESS - LIGHTED ROAD,PARKED MOTOR VEHICLE,NOT DIVIDED,NO CONTROLS,DISTRACTION - FROM INSIDE VEHICLE,DISTRACTION - FROM INSIDE VEHICLE,0,0,0,0,15,2,8,2122,STONY ISLAND AVE,41.857285,-87.731627,08/01/2016 05:09:00 PM,2016
CR00017355,04/11/2020 09:26:00 AM,25,CLOUDY/OVERCAST,DARKNESS - LIGHTED ROAD,PARKED MOTOR VEHICLE,NOT DIVIDED,YIELD,IMPROPER LANE USAGE,FAILING TO YIELD RIGHT-OF-WAY,0,0,0,0,9,7,4,1462,CICERO AVE,41.788978,-87.76544,04/11/2020 10:33:00 AM,2020
CR00017356,08/13/2017 07:01:00 AM,30,SNOW,DAYLIGHT,REAR END,DIVIDED - W/MEDIAN (NOT RAISED),NO CONTROLS,UNABLE TO DETERMINE,IMPROPER OVERTAKING/PASSING,0,0,1,1,7,1,8,397,ROOSEVELT RD,41.778337,-87.771332,08/13/2017 08:34:00 AM,2017
CR00017357,03/31/2015 03:40:00 AM,15,CLEAR,DAYLIGHT,PARKED MOTOR VEHICLE,ONE-WAY,NO CONTROLS,FAILING TO YIELD RIGHT-OF-WAY,FOLLOWING TOO CLOSELY,0,0,1,1,3,3,3,1801,79TH ST,41.906157,-87.762614,03/31/2015 04:14:00 AM,2015
CR00017358,08/10/2015 08:12:00 AM,30,CLEAR,DAYLIGHT,PARKED MOTOR VEHICLE,DIVIDED - W/MEDIAN BARRIER,TRAFFIC SIGNAL,UNABLE TO DETERMINE,UNABLE TO DETERMINE,0,0,0,0,8,2,8,1604,WESTERN AVE,41.989151,-87.772332,08/10/2015 09:03:00 AM,2015
CR00017359,07/16/2015 05:41:00 PM,25,CLOUDY/OVERCAST,DAYLIGHT,ANGLE,NOT DIVIDED,NO CONTROLS,IMPROPER OVERTAKING/PASSING,DISTRACTION - FROM INSIDE VEHICLE,0,0,0,0,17,5,7,333,HALSTED ST,41.900059,-87.579051,07/16/2015 06:03:00 PM,2015
CR00017360,09/20/2020 07:17:00 PM,45,CLEAR,DAYLIGHT,SIDESWIPE SAME DIRECTION,DIVIDED - W/MEDIAN BARRIER,STOP SIGN/FLASHER,DISTRACTION - FROM INSIDE VEHICLE,DISTRACTION - FROM INSIDE VEHICLE,0,0,0,0,19,1,9,2484,BROADWAY,41.938197,-87.795517,09/20/2020 08:32:00 PM,2020
CR00017361,08/17/2015 07:39:00 PM,45,CLEAR,DAYLIGHT,PARKED MOTOR VEHICLE,FOUR WAY,UNKNOWN,UNABLE TO DETERMINE,FOLLOWING TOO CLOSELY,0,0,0,0,19,2,8,350,MILWAUKEE AVE,41.814529,-87.703359,08/17/2015 09:03:00 PM,2015
CR00017362,12/01/2022 02:22:00 AM,15,CLEAR,DAYLIGHT,SIDESWIPE SAME DIRECTION,DIVIDED - W/MEDIAN BARRIER,NO CONTROLS,UNABLE TO DETERMINE,UNABLE TO DETERMINE,0,0,0,0,2,5,12,2091,63RD ST,41.852978,-87.743901,12/01/2022 03:36:00 AM,2022
CR00017363,03/26/2018 09:00:00 AM,30,CLEAR,DAYLIGHT,REAR END,DIVIDED - W/MEDIAN BARRIER,TRAFFIC SIGNAL,UNABLE TO DETERMINE,UNABLE TO DETERMINE,0,0,0,0,9,2,3,2506,STONY ISLAND AVE,41.837915,-87.592119,03/26/2018 09:35:00 AM,2018
CR00017364,10/05/2022 06:18:00 PM,35,CLEAR,DAYLIGHT,TURNING,FOUR WAY,STOP SIGN/FLASHER,DISTRACTION - FROM INSIDE VEHICLE,FOLLOWING TOO CLOSELY,0,0,0,0,18,4,10,982,PULASKI RD,41.767341,-87.594141,10/05/2022 07:34:00 PM,2022
CR00017365,05/07/2017 07:01:00 AM,35,CLEAR,DAYLIGHT,ANGLE,FOUR WAY,TRAFFIC SIGNAL,DRIVING SKILLS/KNOWLEDGE/EXPERIENCE,FAILING TO YIELD RIGHT-OF-WAY,0,0,0,0,7,1,5,2359,47TH ST,41.789316,-87.502869,05/07/2017 07:43:00 AM,2017
CR00017366,05/11/2022 12:57:00 PM,35,CLEAR,DARKNESS - LIGHTED ROAD,PEDESTRIAN,NOT DIVIDED,TRAFFIC SIGNAL,UNABLE TO DETERMINE,FOLLOWING TOO CLOSELY,0,0,0,0,12,4,5,630,KEDZIE AVE,41.763147,-87.625629,05/11/2022 01:44:00 PM,2022