CRASH_RECORD_ID,CRASH_DATE,POSTED_SPEED_LIMIT,WEATHER_CONDITION,LIGHTING_CONDITION,FIRST_CRASH_TYPE,TRAFFICWAY_TYPE,TRAFFIC_CONTROL_DEVICE,PRIM_CONTRIBUTORY_CAUSE,SEC_CONTRIBUTORY_CAUSE,INJURIES_FATAL,INJURIES_INCAPACITATING,INJURIES_NON_INCAPACITATING,INJURIES_TOTAL,CRASH_HOUR,CRASH_DAY_OF_WEEK,CRASH_MONTH,BEAT_OF_OCCURRENCE,STREET_NAME,LATITUDE,LONGITUDE,DATE_POLICE_NOTIFIED,year
CR00017367,06/25/2020 03:41:00 AM,40,CLEAR,DUSK,REAR END,NOT DIVIDED,NO CONTROLS,FOLLOWING TOO CLOSELY,NOT APPLICABLE,0,0,1,1,3,5,6,920,ASHLAND AVE,41.842126,-87.562735,06/25/2020 03:48:00 AM,2020
CR00017368,06/05/2022 07:13:00 AM,15,CLEAR,DAYLIGHT,FIXED OBJECT,NOT DIVIDED,TRAFFIC SIGNAL,FOLLOWING TOO CLOSELY,UNABLE TO DETERMINE,0,0,0,0,7,1,6,348,47TH ST,41.880787,-87.671585,06/05/2022 08:20:00 AM,2022
CR00017369,11/11/2021 03:05:00 PM,30,CLEAR,DAYLIGHT,REAR END,FOUR WAY,NO CONTROLS,UNABLE TO DETERMINE,NOT APPLICABLE,0,0,0,0,15,5,11,1968,DIVISION ST,41.775431,-87.738224,11/11/2021 04:17:00 PM,2021
CR00017370,08/03/2016 06:51:00 PM,35,CLEAR,DAYLIGHT,TURNING,DIVIDED - W/MEDIAN (NOT RAISED),STOP SIGN/FLASHER,FOLLOWING TOO CLOSELY,DRIVING SKILLS/KNOWLEDGE/EXPERIENCE,0,0,0,0,18,4,8,582,STONY ISLAND AVE,41.79946,-87.574003,08/03/2016 08:31:00 PM,2016
CR00017371,05/25/2021 08:37:00 AM,45,CLEAR,DARKNESS - LIGHTED ROAD,REAR END,DIVIDED - W/MEDIAN BARRIER,UNKNOWN,DISTRACTION - FROM INSIDE VEHICLE,NOT APPLICABLE,0,0,1,1,8,3,5,2293,BROADWAY,41.758213,-87.587395,05/25/2021 09:06:00 AM,2021
CR00017372,07/22/2017 10:50:00 AM,20,CLEAR,DAYLIGHT,REAR END,ONE-WAY,STOP SIGN/FLASHER,UNABLE TO DETERMINE,FOLLOWING TOO CLOSELY,0,0,0,0,10,7,7,1764,STATE ST,41.909996,-87.552559,07/22/2017 11:02:00 AM,2017
CR00017373,04/23/2023 07:34:00 PM,40,CLEAR,DAYLIGHT,PARKED MOTOR VEHICLE,NOT DIVIDED,STOP SIGN/FLASHER,IMPROPER OVERTAKING/PASSING,IMPROPER OVERTAKING/PASSING,0,0,0,0,19,1,4,1004,BROADWAY,41.799992,-87.754687,04/23/2023 09:19:00 PM,2023
CR00017374,08/24/2016 07:50:00 AM,20,FREEZING RAIN/DRIZZLE,DAYLIGHT,TURNING,NOT DIVIDED,TRAFFIC SIGNAL,UNABLE TO DETERMINE,UNABLE TO DETERMINE,0,0,0,0,7,4,8,1154,LAKE SHORE DR,41.700525,-87.845899,08/24/2016 09:33:00 AM,2016
CR00017375,04/27/2016 07:04:00 PM,25,CLEAR,DAYLIGHT,REAR END,T-INTERSECTION,STOP SIGN/FLASHER,DRIVING SKILLS/KNOWLEDGE/EXPERIENCE,DISREGARDING TRAFFIC SIGNALS,0,0,0,0,19,4,4,2344,ASHLAND AVE,41.865678,-87.77512,04/27/2016 08:03:00 PM,2016
CR00017376,02/19/2024 01:51:00 PM,30,SNOW,DAYLIGHT,SIDESWIPE SAME DIRECTION,DIVIDED - W/MEDIAN (NOT RAISED),STOP SIGN/FLASHER,UNABLE TO DETERMINE,UNABLE TO DETERMINE,0,0,0,0,13,2,2,842,KEDZIE AVE,41.804316,-87.708819,02/19/2024 03:13:00 PM,2024
CR00017377,06/14/2017 04:44:00 PM,35,CLEAR,DAYLIGHT,PARKED MOTOR VEHICLE,NOT DIVIDED,UNKNOWN,FOLLOWING TOO CLOSELY,IMPROPER OVERTAKING/PASSING,0,0,0,0,16,4,6,2383,WESTERN AVE,41.729665,-87.743961,06/14/2017 06:40:00 PM,2017
CR00017378,12/28/2016 08:15:00 AM,45,CLEAR,DAWN,ANGLE,ONE-WAY,NO CONTROLS,UNABLE TO DETERMINE,DISTRACTION - FROM INSIDE VEHICLE,0,0,0,0,8,4,12,1875,CLARK ST,41.767423,-87.694313,12/28/2016 09:11:00 AM,2016
CR00017379,09/10/2021 07:39:00 PM,35,CLEAR,DAYLIGHT,TURNING,DIVIDED - W/MEDIAN (NOT RAISED),TRAFFIC SIGNAL,DISTRACTION - FROM INSIDE VEHICLE,DISTRACTION - FROM INSIDE VEHICLE,0,0,0,0,19,6,9,2023,CALIFORNIA AVE,41.983503,-87.547163,09/10/2021 07:43:00 PM,2021
CR00017380,02/12/2021 05:43:00 PM,25,CLEAR,DUSK,TURNING,T-INTERSECTION,UNKNOWN,IMPROPER OVERTAKING/PASSING,NOT APPLICABLE,0,0,0,0,17,6,2,1886,CLARK ST,41.86573,-87.742445,02/12/2021 07:19:00 PM,2021
CR00017381,06/11/2021 06:07:00 PM,30,CLEAR,DUSK,ANGLE,DIVIDED - W/MEDIAN (NOT RAISED),TRAFFIC SIGNAL,DRIVING SKILLS/KNOWLEDGE/EXPERIENCE,IMPROPER LANE USAGE,0,0,0,0,18,6,6,1191,WESTERN AVE,41.854397,-87.783533,06/11/2021 06:09:00 PM,2021
CR00017382,05/09/2019 05:17:00 PM,15,CLEAR,DAYLIGHT,REAR END,NOT DIVIDED,UNKNOWN,FAILING TO YIELD RIGHT-OF-WAY,UNABLE TO DETERMINE,0,0,0,0,17,5,5,2130,ASHLAND AVE,41.936175,-87.838351,05/09/2019 06:59:00 PM,2019
CR00017383,04/11/2016 08:47:00 PM,35,CLEAR,DAYLIGHT,ANGLE,DIVIDED - W/MEDIAN BARRIER,STOP SIGN/FLASHER,IMPROPER LANE USAGE,FAILING TO YIELD RIGHT-OF-WAY,0,0,0,0,20,2,4,1037,IRVING PARK RD,41.731181,-87.560795,04/11/2016 09:03:00 PM,2016
CR00017384,10/08/2020 05:27:00 PM,35,RAIN,DAYLIGHT,TURNING,NOT DIVIDED,TRAFFIC SIGNAL,FAILING TO YIELD RIGHT-OF-WAY,NOT APPLICABLE,0,0,3,3,17,5,10,2388,ROOSEVELT RD,41.922585,-87.707408,10/08/2020 06:04:00 PM,2020
CR00017385,07/31/2017 06:40:00 PM,30,CLEAR,DAYLIGHT,REAR TO FRONT,NOT DIVIDED,TRAFFIC SIGNAL,FAILING TO REDUCE SPEED,FAILING TO YIELD RIGHT-OF-WAY,0,0,0,0,18,2,7,1291,STATE ST,41.786265,-87.842917,07/31/2017 06:52:00 PM,2017
CR00017386,02/07/2023 09:01:00 AM,20,CLEAR,DARKNESS - LIGHTED ROAD,REAR END,FOUR WAY,TRAFFIC SIGNAL,UNABLE TO DETERMINE,UNABLE TO DETERMINE,0,0,0,0,9,3,2,240,BROADWAY,41.740881,-87.578505,02/07/2023 10:45:00 AM,2023
CR00017387,10/30/2022 05:20:00 PM,35,CLEAR,DAYLIGHT,ANGLE,DIVIDED - W/MEDIAN BARRIER,NO CONTROLS,UNABLE TO DETERMINE,FOLLOWING TOO CLOSELY,0,0,1,1,17,1,10,942,STATE ST,41.720082,-87.642743,10/30/2022 06:03:00 PM,2022
CR00017388,02/17/2021 08:00:00 AM,30,CLEAR,DARKNESS - LIGHTED ROAD,FIXED OBJECT,DIVIDED - W/MEDIAN (NOT RAISED),NO CONTROLS,DISTRACTION - FROM INSIDE VEHICLE,FAILING TO YIELD RIGHT-OF-WAY,0,2,1,3,8,4,2,596,63RD ST,41.767914,-87.832861,02/17/2021 09:59:00 AM,2021
CR00017389,12/17/2024 07:09:00 PM,20,CLEAR,DAYLIGHT,REAR TO FRONT,NOT DIVIDED,YIELD,UNABLE TO DETERMINE,NOT APPLICABLE,0,0,1,1,19,3,12,105,WESTERN AVE,41.920676,-87.746335,12/17/2024 07:38:00 PM,2024
CR00017390,12/28/2021 08:42:00 AM,35,CLEAR,DAYLIGHT,REAR END,ONE-WAY,NO CONTROLS,FAILING TO REDUCE SPEED,IMPROPER OVERTAKING/PASSING,0,0,0,0,8,3,12,1948,ELSTON AVE,41.823315,-87.69773,12/28/2021 10:20:00 AM,2021
CR00017391,09/12/2021 12:14:00 PM,30,CLEAR,DARKNESS - LIGHTED ROAD,REAR END,NOT DIVIDED,STOP SIGN/FLASHER,DISTRACTION - FROM INSIDE VEHICLE,FAILING TO YIELD RIGHT-OF-WAY,0,0,0,0,12,1,9,970,ASHLAND AVE,41.757256,-87.634632,09/12/2021 01:49:00 PM,2021
CR00017392,01/18/2020 06:52:00 PM,30,CLEAR,DAYLIGHT,ANGLE,DIVIDED - W/MEDIAN BARRIER,TRAFFIC SIGNAL,UNABLE TO DETERMINE,NOT APPLICABLE,0,0,0,0,18,7,1,953,FULLERTON AVE,41.924546,-87.733618,01/18/2020 08:31:00 PM,2020
CR00017393,01/19/2021 05:54:00 PM,35,FOG/SMOKE/HAZE,DARKNESS - LIGHTED ROAD,REAR END,NOT DIVIDED,YIELD,UNABLE TO DETERMINE,FOLLOWING TOO CLOSELY,0,0,0,0,17,3,1,2235,STATE ST,41.839719,-87.774154,01/19/2021 05:55:00 PM,2021
CR00017394,04/08/2020 03:07:00 AM,30,FREEZING RAIN/DRIZZLE,DAYLIGHT,REAR END,NOT DIVIDED,STOP SIGN/FLASHER,DISREGARDING TRAFFIC SIGNALS,DRIVING SKILLS/KNOWLEDGE/EXPERIENCE,0,0,1,1,3,4,4,265,DAMEN AVE,41.771667,-87.773371,04/08/2020 03:20:00 AM,2020
CR00017395,08/10/2019 05:05:00 PM,20,FREEZING RAIN/DRIZZLE,DAYLIGHT,TURNING,ONE-WAY,NO CONTROLS,IMPROPER OVERTAKING/PASSING,DISTRACTION - FROM INSIDE VEHICLE,0,0,0,0,17,7,8,503,FULLERTON AVE,41.70764,-87.584257,08/10/2019 05:42:00 PM,2019
CR00017396,08/20/2023 08:44:00 AM,40,CLEAR,DAYLIGHT,FIXED OBJECT,ONE-WAY,STOP SIGN/FLASHER,UNABLE TO DETERMINE,IMPROPER LANE USAGE,0,0,0,0,8,1,8,1402,ASHLAND AVE,41.70377,-87.718504,08/20/2023 08:47:00 AM,2023
CR00017397,09/25/2019 01:05:00 PM,30,CLEAR,DARKNESS,FIXED OBJECT,NOT DIVIDED,NO CONTROLS,IMPROPER LANE USAGE,UNABLE TO DETERMINE,0,0,0,0,13,4,9,203,ASHLAND AVE,41.79018,-87.589064,09/25/2019 01:47:00 PM,2019
CR00017398,08/12/2016 10:01:00 PM,30,SNOW,DAYLIGHT,ANGLE,NOT DIVIDED,NO CONTROLS,DISREGARDING TRAFFIC SIGNALS,FAILING TO YIELD RIGHT-OF-WAY,0,0,0,0,22,6,8,1283,KEDZIE AVE,41.910901,-87.840409,08/12/2016 11:01:00 PM,2016
CR00017399,12/07/2023 06:11:00 PM,30,CLEAR,DAYLIGHT,FIXED OBJECT,FOUR WAY,NO CONTROLS,DRIVING SKILLS/KNOWLEDGE/EXPERIENCE,NOT APPLICABLE,0,0,0,0,18,5,12,1161,ASHLAND AVE,41.820226,-87.606071,12/07/2023 06:27:00 PM,2023
CR00017400,03/18/2015 05:58:00 PM,20,SNOW,DAYLIGHT,PARKED MOTOR VEHICLE,ONE-WAY,TRAFFIC SIGNAL,IMPROPER LANE USAGE,NOT APPLICABLE,0,0,0,0,17,4,3,1385,79TH ST,41.881093,-87.835504,03/18/2015 07:54:00 PM,2015
CR00017401,11/06/2016 09:17:00 PM,35,CLEAR,DAYLIGHT,REAR END,NOT DIVIDED,TRAFFIC SIGNAL,WEATHER,NOT APPLICABLE,0,0,1,1,21,1,11,817,47TH ST,41.738823,-87.802552,11/06/2016 09:36:00 PM,2016
CR00017402,01/02/2017 07:04:00 PM,30,CLEAR,DAYLIGHT,ANGLE,DIVIDED - W/MEDIAN BARRIER,TRAFFIC SIGNAL,DISREGARDING TRAFFIC SIGNALS,NOT APPLICABLE,0,0,0,0,19,2,1,685,MILWAUKEE AVE,41.87601,-87.82124,01/02/2017 07:31:00 PM,2017
CR00017403,06/24/2022 11:34:00 AM,35,SNOW,DAYLIGHT,ANGLE,DIVIDED - W/MEDIAN (NOT RAISED),NO CONTROLS,FAILING TO YIELD RIGHT-OF-WAY,FOLLOWING TOO CLOSELY,0,0,0,0,11,6,6,2143,ELSTON AVE,41.855952,-87.684993,06/24/2022 12:47:00 PM,2022
CR00017404,03/21/2017 05:35:00 PM,35,CLEAR,DAYLIGHT,PARKED MOTOR VEHICLE,NOT DIVIDED,TRAFFIC SIGNAL,FAILING TO YIELD RIGHT-OF-WAY,IMPROPER LANE USAGE,0,0,1,1,17,3,3,670,OGDEN AVE,41.843644,-87.569899,03/21/2017 06:32:00 PM,2017
CR00017405,07/09/2018 06:45:00 PM,25,CLEAR,DAYLIGHT,REAR END,NOT DIVIDED,TRAFFIC SIGNAL,DRIVING SKILLS/KNOWLEDGE/EXPERIENCE,UNABLE TO DETERMINE,0,0,1,1,18,2,7,1868,CLARK ST,41.718323,-87.786896,07/09/2018 08:25:00 PM,2018
CR00017406,09/21/2022 03:17:00 PM,40,CLEAR,DAYLIGHT,REAR END,DIVIDED - W/MEDIAN (NOT RAISED),NO CONTROLS,DISTRACTION - FROM INSIDE VEHICLE,UNABLE TO DETERMINE,0,0,0,0,15,4,9,947,BROADWAY,41.746478,-87.82232,09/21/2022 03:34:00 PM,2022
CR00017407,02/08/2023 11:45:00 AM,30,CLEAR,DAYLIGHT,FIXED OBJECT,NOT DIVIDED,STOP SIGN/FLASHER,UNABLE TO DETERMINE,UNABLE TO DETERMINE,0,0,0,0,11,4,2,242,DAMEN AVE,41.992144,-87.506319,02/08/2023 11:57:00 AM,2023
CR00017408,11/21/2017 08:37:00 PM,25,RAIN,DARKNESS - LIGHTED ROAD,REAR END,FOUR WAY,STOP SIGN/FLASHER,DRIVING SKILLS/KNOWLEDGE/EXPERIENCE,FOLLOWING TOO CLOSELY,0,0,1,1,20,3,11,239,IRVING PARK RD,41.81543,-87.648195,11/21/2017 10:05:00 PM,2017
CR00017409,01/29/2023 09:56:00 AM,40,CLEAR,DAYLIGHT,SIDESWIPE SAME DIRECTION,NOT DIVIDED,TRAFFIC SIGNAL,WEATHER,DISTRACTION - FROM INSIDE VEHICLE,0,0,0,0,9,1,1,1705,OGDEN AVE,41.858532,-87.669013,01/29/2023 10:32:00 AM,2023
CR00017410,07/02/2018 01:33:00 AM,45,CLEAR,DAYLIGHT,PARKED MOTOR VEHICLE,ONE-WAY,NO CONTROLS,UNABLE TO DETERMINE,FOLLOWING TOO CLOSELY,0,0,0,0,1,2,7,2121,STATE ST,41.909559,-87.802312,07/02/2018 01:45:00 AM,2018
CR00017411,12/23/2024 12:15:00 PM,25,CLOUDY/OVERCAST,DAYLIGHT,ANGLE,T-INTERSECTION,NO CONTROLS,UNABLE TO DETERMINE,UNABLE TO DETERMINE,0,0,1,1,12,2,12,2445,CALIFORNIA AVE,41.877298,-87.77866,12/23/2024 12:25:00 PM,2024
CR00017412,06/01/2024 05:26:00 PM,30,CLOUDY/OVERCAST,DAYLIGHT,REAR END,DIVIDED - W/MEDIAN (NOT RAISED),TRAFFIC SIGNAL,FAILING TO YIELD RIGHT-OF-WAY,IMPROPER OVERTAKING/PASSING,0,0,3,3,17,7,6,2004,ARCHER AVE,41.701672,-87.775199,06/01/2024 05:55:00 PM,2024
CR00017413,07/02/2016 03:52:00 PM,15,CLEAR,DAWN,SIDESWIPE SAME DIRECTION,FOUR WAY,STOP SIGN/FLASHER,FAILING TO REDUCE SPEED,NOT APPLICABLE,0,0,2,2,15,7,7,1814,ROOSEVELT RD,41.935977,-87.833909,07/02/2016 04:17:00 PM,2016
CR00017414,10/11/2020 12:07:00 AM,30,CLEAR,DAYLIGHT,REAR END,NOT DIVIDED,TRAFFIC SIGNAL,IMPROPER OVERTAKING/PASSING,IMPROPER LANE USAGE,0,0,0,0,0,1,10,663,ROOSEVELT RD,41.719915,-87.720191,10/11/2020 12:58:00 AM,2020
CR00017415,12/02/2017 11:55:00 AM,45,CLEAR,DAYLIGHT,SIDESWIPE SAME DIRECTION,FOUR WAY,TRAFFIC SIGNAL,WEATHER,NOT APPLICABLE,0,0,0,0,11,7,12,878,ASHLAND AVE,41.829024,-87.736834,12/02/2017 01:39:00 PM,2017
CR00017416,12/07/2017 07:40:00 PM,20,RAIN,DAYLIGHT,TURNING,NOT DIVIDED,PEDESTRIAN CROSSING SIGN,IMPROPER OVERTAKING/PASSING,DISTRACTION - FROM INSIDE VEHICLE,0,0,0,0,19,5,12,615,KEDZIE AVE,41.871814,-87.616225,12/07/2017 09:00:00 PM,2017
CR00017417,10/09/2024 07:11:00 AM,30,CLEAR,DARKNESS - LIGHTED ROAD,SIDESWIPE SAME DIRECTION,FOUR WAY,TRAFFIC SIGNAL,UNABLE TO DETERMINE,NOT APPLICABLE,0,0,1,1,7,4,10,717,ELSTON AVE,41.959351,-87.602598,10/09/2024 08:56:00 AM,2024
CR00017418,03/14/2019 07:41:00 AM,35,SNOW,DUSK,REAR END,NOT DIVIDED,UNKNOWN,FAILING TO YIELD RIGHT-OF-WAY,DISTRACTION - FROM INSIDE VEHICLE,0,0,0,0,7,5,3,2256,DAMEN AVE,41.748716,-87.735088,03/14/2019 08:39:00 AM,2019
CR00017419,02/11/2016 05:24:00 PM,25,CLEAR,DAYLIGHT,TURNING,NOT DIVIDED,NO CONTROLS,UNABLE TO DETERMINE,NOT APPLICABLE,0,0,2,2,17,5,2,1211,CALIFORNIA AVE,41.723615,-87.799238,02/11/2016 06:43:00 PM,2016
CR00017420,11/14/2017 08:30:00 AM,40,CLEAR,DAYLIGHT,PARKED MOTOR VEHICLE,NOT DIVIDED,NO CONTROLS,UNABLE TO DETERMINE,FOLLOWING TOO CLOSELY,0,0,1,1,8,3,11,2355,79TH ST,41.812536,-87.639392,11/14/2017 08:48:00 AM,2017
CR00017421,06/25/2018 06:03:00 PM,30,CLEAR,DAYLIGHT,PARKED MOTOR VEHICLE,ONE-WAY,STOP SIGN/FLASHER,FAILING TO REDUCE SPEED,FOLLOWING TOO CLOSELY,0,0,0,0,18,2,6,1591,CICERO AVE,41.957585,-87.812052,06/25/2018 07:14:00 PM,2018
CR00017422,05/05/2023 07:20:00 AM,25,SNOW,DARKNESS,SIDESWIPE SAME DIRECTION,NOT DIVIDED,NO CONTROLS,DRIVING SKILLS/KNOWLEDGE/EXPERIENCE,FOLLOWING TOO CLOSELY,0,0,1,1,7,6,5,1216,47TH ST,41.925197,-87.841879,05/05/2023 08:47:00 AM,2023
CR00017423,01/02/2023 02:06:00 PM,35,CLEAR,DAYLIGHT,PARKED MOTOR VEHICLE,ONE-WAY,NO CONTROLS,FOLLOWING TOO CLOSELY,FOLLOWING TOO CLOSELY,0,0,0,0,14,2,1,1066,CLARK ST,41.920009,-87.518422,01/02/2023 02:15:00 PM,2023
CR00017424,02/19/2023 07:35:00 PM,35,RAIN,DARKNESS - LIGHTED ROAD,REAR END,FOUR WAY,NO CONTROLS,UNABLE TO DETERMINE,FAILING TO REDUCE SPEED,0,0,0,0,19,1,2,987,KEDZIE AVE,41.846012,-87.70133,02/19/2023 09:34:00 PM,2023
CR00017425,10/09/2019 12:13:00 AM,30,CLEAR,DARKNESS - LIGHTED ROAD,REAR END,FOUR WAY,TRAFFIC SIGNAL,IMPROPER OVERTAKING/PASSING,NOT APPLICABLE,0,1,2,3,0,4,10,1504,HALSTED ST,41.796685,-87.691338,10/09/2019 12:32:00 AM,2019
CR00017426,09/15/2019 08:07:00 PM,30,CLOUDY/OVERCAST,DAYLIGHT,ANGLE,DIVIDED - W/MEDIAN (NOT RAISED),NO CONTROLS,FAILING TO REDUCE SPEED,FOLLOWING TOO CLOSELY,0,0,0,0,20,1,9,856,STONY ISLAND AVE,41.853274,-87.647332,09/15/2019 09:06:00 PM,2019
CR00017427,10/23/2023 07:59:00 AM,25,CLEAR,DAWN,PARKED MOTOR VEHICLE,DIVIDED - W/MEDIAN (NOT RAISED),STOP SIGN/FLASHER,FAILING TO YIELD RIGHT-OF-WAY,WEATHER,0,0,0,0,7,2,10,2306,OGDEN AVE,41.948937,-87.738355,10/23/2023 09:12:00 AM,2023
CR00017428,07/03/2018 08:29:00 AM,40,CLEAR,DAYLIGHT,ANGLE,FOUR WAY,NO CONTROLS,DISTRACTION - FROM INSIDE VEHICLE,DISREGARDING TRAFFIC SIGNALS,0,0,0,0,8,3,7,2009,STONY ISLAND AVE,41.986852,-87.683569,07/03/2018 10:18:00 AM,2018
CR00017429,03/21/2015 05:48:00 PM,45,RAIN,DAYLIGHT,REAR END,T-INTERSECTION,NO CONTROLS,UNABLE TO DETERMINE,FAILING TO REDUCE SPEED,0,0,0,0,17,7,3,922,DAMEN AVE,41.700844,-87.80203,03/21/2015 06:42:00 PM,2015
CR00017430,03/18/2015 01:59:00 AM,30,RAIN,DAWN,REAR END,ONE-WAY,STOP SIGN/FLASHER,IMPROPER LANE USAGE,DISTRACTION - FROM INSIDE VEHICLE,0,0,3,3,1,4,3,480,ELSTON AVE,41.783547,-87.828978,03/18/2015 02:06:00 AM,2015
CR00017431,11/04/2015 06:12:00 PM,30,CLEAR,DAYLIGHT,SIDESWIPE SAME DIRECTION,DIVIDED - W/MEDIAN (NOT RAISED),UNKNOWN,FOLLOWING TOO CLOSELY,FAILING TO YIELD RIGHT-OF-WAY,0,0,0,0,18,4,11,1785,FULLERTON AVE,41.926758,-87.6265,11/04/2015 07:50:00 PM,2015
CR00017432,11/06/2019 04:53:00 PM,40,CLEAR,DAYLIGHT,REAR TO FRONT,FOUR WAY,TRAFFIC SIGNAL,DRIVING SKILLS/KNOWLEDGE/EXPERIENCE,IMPROPER OVERTAKING/PASSING,0,0,0,0,16,4,11,1123,IRVING PARK RD,41.903116,-87.610182,11/06/2019 06:46:00 PM,2019
CR00017433,05/16/2021 07:56:00 PM,15,CLEAR,DAYLIGHT,REAR END,NOT DIVIDED,TRAFFIC SIGNAL,FAILING TO REDUCE SPEED,IMPROPER OVERTAKING/PASSING,0,0,1,1,19,1,5,1902,WESTERN AVE,41.724803,-87.689398,05/16/2021 09:24:00 PM,2021
CR00017434,01/28/2022 09:18:00 AM,30,RAIN,DARKNESS - LIGHTED ROAD,PARKED MOTOR VEHICLE,NOT DIVIDED,STOP SIGN/FLASHER,IMPROPER LANE USAGE,DISREGARDING TRAFFIC SIGNALS,0,0,0,0,9,6,1,224,WESTERN AVE,41.817487,-87.567252,01/28/2022 09:46:00 AM,2022
CR00017435,02/11/2018 12:02:00 PM,45,CLOUDY/OVERCAST,DAYLIGHT,SIDESWIPE SAME DIRECTION,NOT DIVIDED,NO CONTROLS,IMPROPER LANE USAGE,FAILING TO REDUCE SPEED,0,2,0,2,12,1,2,2436,WESTERN AVE,41.953707,-87.712998,02/11/2018 01:09:00 PM,2018
CR00017436,03/27/2023 08:22:00 PM,35,CLEAR,DUSK,REAR END,NOT DIVIDED,UNKNOWN,UNABLE TO DETERMINE,NOT APPLICABLE,0,0,0,0,20,2,3,883,BROADWAY,41.947092,-87.629545,03/27/2023 08:43:00 PM,2023
CR00017437,08/19/2023 07:07:00 PM,30,CLEAR,DAYLIGHT,SIDESWIPE SAME DIRECTION,DIVIDED - W/MEDIAN (NOT RAISED),NO CONTROLS,FOLLOWING TOO CLOSELY,WEATHER,0,0,0,0,19,7,8,294,79TH ST,41.989378,-87.678546,08/19/2023 08:33:00 PM,2023
CR00017438,12/18/2016 12:20:00 PM,15,CLOUDY/OVERCAST,DAYLIGHT,TURNING,DIVIDED - W/MEDIAN (NOT RAISED),NO CONTROLS,DISTRACTION - FROM INSIDE VEHICLE,DRIVING SKILLS/KNOWLEDGE/EXPERIENCE,0,0,1,1,12,1,12,263,MILWAUKEE AVE,41.824193,-87.580004,12/18/2016 01:16:00 PM,2016
CR00017439,06/20/2024 05:27:00 PM,35,CLEAR,DAYLIGHT,REAR END,NOT DIVIDED,STOP SIGN/FLASHER,IMPROPER OVERTAKING/PASSING,FOLLOWING TOO CLOSELY,0,0,0,0,17,5,6,496,CALIFORNIA AVE,41.772775,-87.720852,06/20/2024 06:37:00 PM,2024
CR00017440,12/04/2022 07:15:00 AM,30,RAIN,DAYLIGHT,PEDESTRIAN,FOUR WAY,UNKNOWN,UNABLE TO DETERMINE,UNABLE TO DETERMINE,0,0,1,1,7,1,12,698,ASHLAND AVE,41.740771,-87.752151,12/04/2022 08:18:00 AM,2022
CR00017441,05/04/2019 11:23:00 AM,15,CLEAR,DAYLIGHT,TURNING,NOT DIVIDED,TRAFFIC SIGNAL,UNABLE TO DETERMINE,DRIVING SKILLS/KNOWLEDGE/EXPERIENCE,0,0,0,0,11,7,5,1918,CLARK ST,41.941621,-87.629711,05/04/2019 01:06:00 PM,2019
CR00017442,11/01/2022 06:42:00 PM,45,CLEAR,DAYLIGHT,REAR END,DIVIDED - W/MEDIAN BARRIER,TRAFFIC SIGNAL,DISTRACTION - FROM INSIDE VEHICLE,UNABLE TO DETERMINE,0,0,1,1,18,3,11,1748,KEDZIE AVE,41.791542,-87.629628,11/01/2022 07:03:00 PM,2022
CR00017443,10/05/2020 07:25:00 AM,15,CLEAR,DAYLIGHT,REAR END,NOT DIVIDED,NO CONTROLS,FAILING TO YIELD RIGHT-OF-WAY,FOLLOWING TOO CLOSELY,0,0,0,0,7,2,10,1380,79TH ST,41.994188,-87.731709,10/05/2020 08:27:00 AM,2020
CR00017444,11/08/2015 07:56:00 AM,15,CLEAR,DAYLIGHT,ANGLE,DIVIDED - W/MEDIAN (NOT RAISED),STOP SIGN/FLASHER,FAILING TO REDUCE SPEED,FAILING TO REDUCE SPEED,0,0,0,0,7,1,11,1470,HALSTED ST,41.908615,-87.650038,11/08/2015 08:58:00 AM,2015
CR00017445,07/16/2018 07:31:00 PM,15,CLEAR,DARKNESS,ANGLE,NOT DIVIDED,NO CONTROLS,FAILING TO YIELD RIGHT-OF-WAY,FAILING TO REDUCE SPEED,0,0,0,0,19,2,7,1000,FULLERTON AVE,41.703917,-87.515863,07/16/2018 08:39:00 PM,2018
CR00017446,04/01/2023 07:37:00 AM,30,FREEZING RAIN/DRIZZLE,DAYLIGHT,ANGLE,DIVIDED - W/MEDIAN BARRIER,NO CONTROLS,WEATHER,DISREGARDING TRAFFIC SIGNALS,0,0,0,0,7,7,4,1955,PULASKI RD,41.790643,-87.574216,04/01/2023 08:54:00 AM,2023
CR00017447,01/16/2019 09:50:00 AM,30,CLEAR,DAYLIGHT,REAR END,ONE-WAY,STOP SIGN/FLASHER,IMPROPER LANE USAGE,DISREGARDING TRAFFIC SIGNALS,0,0,2,2,9,4,1,1527,47TH ST,41.875988,-87.578186,01/16/2019 11:50:00 AM,2019
CR00017448,05/16/2018 01:27:00 PM,35,CLOUDY/OVERCAST,DARKNESS,ANGLE,DIVIDED - W/MEDIAN (NOT RAISED),STOP SIGN/FLASHER,DRIVING SKILLS/KNOWLEDGE/EXPERIENCE,NOT APPLICABLE,0,0,0,0,13,4,5,2384,STATE ST,41.995963,-87.701373,05/16/2018 03:22:00 PM,2018
CR00017449,04/12/2018 01:00:00 PM,40,CLEAR,DUSK,REAR END,NOT DIVIDED,TRAFFIC SIGNAL,FOLLOWING TOO CLOSELY,FAILING TO REDUCE SPEED,0,0,0,0,13,5,4,1962,LAKE SHORE DR,41.987196,-87.806238,04/12/2018 01:09:00 PM,2018
CR00017450,10/17/2015 04:43:00 PM,35,CLOUDY/OVERCAST,DAYLIGHT,FIXED OBJECT,NOT DIVIDED,NO CONTROLS,IMPROPER LANE USAGE,UNABLE TO DETERMINE,0,0,0,0,16,7,10,2264,OGDEN AVE,41.750519,-87.600879,10/17/2015 05:50:00 PM,2015