CRASH_RECORD_ID,CRASH_DATE,POSTED_SPEED_LIMIT,WEATHER_CONDITION,LIGHTING_CONDITION,FIRST_CRASH_TYPE,TRAFFICWAY_TYPE,TRAFFIC_CONTROL_DEVICE,PRIM_CONTRIBUTORY_CAUSE,SEC_CONTRIBUTORY_CAUSE,INJURIES_FATAL,INJURIES_INCAPACITATING,INJURIES_NON_INCAPACITATING,INJURIES_TOTAL,CRASH_HOUR,CRASH_DAY_OF_WEEK,CRASH_MONTH,BEAT_OF_OCCURRENCE,STREET_NAME,LATITUDE,LONGITUDE,DATE_POLICE_NOTIFIED,year
CR00017451,07/04/2017 11:16:00 PM,30,CLEAR,DARKNESS - LIGHTED ROAD,PARKED MOTOR VEHICLE,ONE-WAY,NO CONTROLS,FAILING TO YIELD RIGHT-OF-WAY,DRIVING SKILLS/KNOWLEDGE/EXPERIENCE,0,0,0,0,23,3,7,2063,DAMEN AVE,41.933884,-87.798248,07/05/2017 12:12:00 AM,2017
CR00017452,05/20/2017 01:59:00 PM,25,CLEAR,DAYLIGHT,REAR END,NOT DIVIDED,TRAFFIC SIGNAL,UNABLE TO DETERMINE,UNABLE TO DETERMINE,0,0,0,0,13,7,5,191,CLARK ST,41.87713,-87.520516,05/20/2017 03:19:00 PM,2017
CR00017453,03/10/2016 07:02:00 AM,30,CLEAR,DAYLIGHT,FIXED OBJECT,DIVIDED - W/MEDIAN BARRIER,STOP SIGN/FLASHER,UNABLE TO DETERMINE,UNABLE TO DETERMINE,0,1,1,2,7,5,3,2187,ROOSEVELT RD,41.820771,-87.699255,03/10/2016 07:52:00 AM,2016
CR00017454,05/18/2018 08:52:00 AM,15,RAIN,DARKNESS - LIGHTED ROAD,TURNING,ONE-WAY,NO CONTROLS,DRIVING SKILLS/KNOWLEDGE/EXPERIENCE,DISREGARDING TRAFFIC SIGNALS,0,0,0,0,8,6,5,201,CICERO AVE,41.757289,-87.730258,05/18/2018 09:46:00 AM,2018
CR00017455,09/08/2015 10:58:00 AM,30,SNOW,DAYLIGHT,TURNING,T-INTERSECTION,TRAFFIC SIGNAL,IMPROPER OVERTAKING/PASSING,FOLLOWING TOO CLOSELY,0,0,2,2,10,3,9,478,DAMEN AVE,41.935259,-87.541717,09/08/2015 12:15:00 PM,2015
CR00017456,08/31/2023 10:38:00 AM,30,CLEAR,DAYLIGHT,SIDESWIPE SAME DIRECTION,DIVIDED - W/MEDIAN (NOT RAISED),NO CONTROLS,FAILING TO YIELD RIGHT-OF-WAY,DRIVING SKILLS/KNOWLEDGE/EXPERIENCE,0,0,0,0,10,5,8,333,ARCHER AVE,41.829825,-87.797085,08/31/2023 12:23:00 PM,2023
CR00017457,06/12/2020 01:25:00 PM,15,CLOUDY/OVERCAST,DARKNESS,TURNING,NOT DIVIDED,TRAFFIC SIGNAL,UNABLE TO DETERMINE,UNABLE TO DETERMINE,0,0,1,1,13,6,6,2017,63RD ST,41.988025,-87.824439,06/12/2020 03:18:00 PM,2020
CR00017458,08/25/2022 06:03:00 PM,20,CLEAR,DAYLIGHT,TURNING,DIVIDED - W/MEDIAN (NOT RAISED),NO CONTROLS,FOLLOWING TOO CLOSELY,FAILING TO REDUCE SPEED,0,2,3,5,18,5,8,2109,DAMEN AVE,41.723417,-87.567201,08/25/2022 06:58:00 PM,2022
CR00017459,03/14/2020 05:37:00 PM,40,RAIN,DAYLIGHT,TURNING,ONE-WAY,TRAFFIC SIGNAL,IMPROPER OVERTAKING/PASSING,FOLLOWING TOO CLOSELY,0,0,0,0,17,7,3,2415,MICHIGAN AVE,41.794291,-87.551014,03/14/2020 07:01:00 PM,2020
CR00017460,04/14/2024 08:25:00 AM,15,CLEAR,DAYLIGHT,ANGLE,NOT DIVIDED,NO CONTROLS,UNABLE TO DETERMINE,UNABLE TO DETERMINE,0,0,1,1,8,1,4,1466,HALSTED ST,41.942931,-87.656526,04/14/2024 08:32:00 AM,2024
CR00017461,02/01/2022 11:50:00 AM,30,CLEAR,DARKNESS - LIGHTED ROAD,TURNING,NOT DIVIDED,NO CONTROLS,FAILING TO REDUCE SPEED,NOT APPLICABLE,0,0,0,0,11,3,2,1351,DAMEN AVE,41.834188,-87.524469,02/01/2022 12:59:00 PM,2022
CR00017462,12/27/2021 09:06:00 AM,25,CLOUDY/OVERCAST,DAYLIGHT,SIDESWIPE SAME DIRECTION,DIVIDED - W/MEDIAN (NOT RAISED),NO CONTROLS,UNABLE TO DETERMINE,IMPROPER LANE USAGE,0,0,0,0,9,2,12,664,IRVING PARK RD,41.994542,-87.804813,12/27/2021 09:35:00 AM,2021
CR00017463,05/20/2022 07:16:00 PM,35,CLEAR,DUSK,REAR END,DIVIDED - W/MEDIAN (NOT RAISED),TRAFFIC SIGNAL,FOLLOWING TOO CLOSELY,FAILING TO YIELD RIGHT-OF-WAY,0,0,1,1,19,6,5,1553,DIVISION ST,41.910298,-87.506803,05/20/2022 07:21:00 PM,2022
CR00017464,07/13/2022 07:02:00 AM,30,SNOW,DARKNESS - LIGHTED ROAD,SIDESWIPE SAME DIRECTION,DIVIDED - W/MEDIAN (NOT RAISED),TRAFFIC SIGNAL,IMPROPER OVERTAKING/PASSING,UNABLE TO DETERMINE,0,0,0,0,7,4,7,823,47TH ST,41.746953,-87.662982,07/13/2022 07:09:00 AM,2022
CR00017465,09/23/2022 10:44:00 PM,30,CLEAR,DAYLIGHT,FIXED OBJECT,DIVIDED - W/MEDIAN (NOT RAISED),TRAFFIC SIGNAL,FOLLOWING TOO CLOSELY,FAILING TO REDUCE SPEED,0,0,0,0,22,6,9,1512,KEDZIE AVE,41.839568,-87.598532,09/23/2022 11:06:00 PM,2022
CR00017466,01/14/2024 09:27:00 AM,20,RAIN,DAYLIGHT,PARKED MOTOR VEHICLE,NOT DIVIDED,TRAFFIC SIGNAL,DISTRACTION - FROM INSIDE VEHICLE,UNABLE TO DETERMINE,0,0,0,0,9,1,1,1589,MICHIGAN AVE,41.929258,-87.683741,01/14/2024 10:37:00 AM,2024
CR00017467,03/11/2017 03:18:00 PM,30,RAIN,DUSK,PARKED MOTOR VEHICLE,ONE-WAY,NO CONTROLS,DISREGARDING TRAFFIC SIGNALS,DISTRACTION - FROM INSIDE VEHICLE,0,0,0,0,15,7,3,2317,IRVING PARK RD,41.82875,-87.584434,03/11/2017 04:06:00 PM,2017
CR00017468,07/12/2023 09:21:00 PM,30,CLEAR,DAYLIGHT,REAR TO FRONT,NOT DIVIDED,NO CONTROLS,FOLLOWING TOO CLOSELY,FOLLOWING TOO CLOSELY,0,0,1,1,21,4,7,1833,79TH ST,41.964944,-87.841397,07/12/2023 10:27:00 PM,2023
CR00017469,01/06/2021 04:21:00 PM,15,CLEAR,DARKNESS - LIGHTED ROAD,REAR END,DIVIDED - W/MEDIAN (NOT RAISED),STOP SIGN/FLASHER,DISTRACTION - FROM INSIDE VEHICLE,FOLLOWING TOO CLOSELY,0,0,0,0,16,4,1,1599,ROOSEVELT RD,41.795085,-87.700099,01/06/2021 04:48:00 PM,2021
CR00017470,07/27/2016 10:12:00 PM,35,CLOUDY/OVERCAST,DARKNESS - LIGHTED ROAD,REAR END,NOT DIVIDED,STOP SIGN/FLASHER,FOLLOWING TOO CLOSELY,NOT APPLICABLE,0,0,0,0,22,4,7,1352,MICHIGAN AVE,41.873847,-87.658601,07/27/2016 11:27:00 PM,2016
CR00017471,08/22/2018 03:01:00 PM,40,RAIN,DARKNESS - LIGHTED ROAD,ANGLE,DIVIDED - W/MEDIAN (NOT RAISED),NO CONTROLS,DISREGARDING TRAFFIC SIGNALS,UNABLE TO DETERMINE,0,0,0,0,15,4,8,1199,STATE ST,41.84997,-87.793375,08/22/2018 04:34:00 PM,2018
CR00017472,09/21/2016 01:40:00 PM,30,CLEAR,DAYLIGHT,TURNING,ONE-WAY,UNKNOWN,FAILING TO YIELD RIGHT-OF-WAY,NOT APPLICABLE,0,0,0,0,13,4,9,2330,79TH ST,41.918274,-87.749402,09/21/2016 03:27:00 PM,2016
CR00017473,08/14/2019 04:20:00 PM,15,RAIN,DARKNESS - LIGHTED ROAD,SIDESWIPE SAME DIRECTION,FOUR WAY,NO CONTROLS,FAILING TO YIELD RIGHT-OF-WAY,FAILING TO REDUCE SPEED,0,0,0,0,16,4,8,1673,MICHIGAN AVE,41.921587,-87.629208,08/14/2019 05:34:00 PM,2019
CR00017474,07/29/2017 06:17:00 PM,30,RAIN,DAYLIGHT,PEDESTRIAN,ONE-WAY,STOP SIGN/FLASHER,DRIVING SKILLS/KNOWLEDGE/EXPERIENCE,NOT APPLICABLE,0,0,0,0,18,7,7,1394,KEDZIE AVE,41.750792,-87.825891,07/29/2017 06:45:00 PM,2017
CR00017475,03/07/2020 04:30:00 PM,45,SNOW,DAYLIGHT,TURNING,DIVIDED - W/MEDIAN (NOT RAISED),NO CONTROLS,FOLLOWING TOO CLOSELY,NOT APPLICABLE,0,0,0,0,16,7,3,2227,IRVING PARK RD,41.728951,-87.766077,03/07/2020 04:45:00 PM,2020
CR00017476,04/23/2022 02:06:00 PM,30,FOG/SMOKE/HAZE,DAYLIGHT,REAR END,DIVIDED - W/MEDIAN (NOT RAISED),NO CONTROLS,UNABLE TO DETERMINE,UNABLE TO DETERMINE,0,0,0,0,14,7,4,1386,LAKE SHORE DR,41.978777,-87.504694,04/23/2022 03:36:00 PM,2022
CR00017477,03/15/2018 07:57:00 PM,45,CLEAR,DARKNESS - LIGHTED ROAD,REAR END,NOT DIVIDED,NO CONTROLS,DRIVING SKILLS/KNOWLEDGE/EXPERIENCE,UNABLE TO DETERMINE,0,0,0,0,19,5,3,1589,ROOSEVELT RD,41.795475,-87.567984,03/15/2018 08:04:00 PM,2018
CR00017478,12/25/2024 08:03:00 PM,30,CLEAR,DAYLIGHT,ANGLE,NOT DIVIDED,TRAFFIC SIGNAL,FOLLOWING TOO CLOSELY,NOT APPLICABLE,0,0,1,1,20,4,12,1268,DAMEN AVE,41.964061,-87.680767,12/25/2024 09:23:00 PM,2024
CR00017479,06/18/2020 04:57:00 AM,20,CLEAR,DARKNESS,TURNING,NOT DIVIDED,STOP SIGN/FLASHER,DISREGARDING TRAFFIC SIGNALS,UNABLE TO DETERMINE,0,0,3,3,4,5,6,1825,ELSTON AVE,41.932715,-87.776255,06/18/2020 06:07:00 AM,2020
CR00017480,06/30/2020 03:52:00 PM,30,RAIN,DUSK,PARKED MOTOR VEHICLE,FOUR WAY,NO CONTROLS,DISTRACTION - FROM INSIDE VEHICLE,UNABLE TO DETERMINE,0,0,0,0,15,3,6,1711,79TH ST,41.93472,-87.825029,06/30/2020 04:10:00 PM,2020
CR00017481,01/08/2015 01:30:00 PM,25,CLEAR,DARKNESS - LIGHTED ROAD,TURNING,FOUR WAY,TRAFFIC SIGNAL,FOLLOWING TOO CLOSELY,FAILING TO YIELD RIGHT-OF-WAY,0,0,0,0,13,5,1,989,DIVISION ST,41.742688,-87.778836,01/08/2015 03:18:00 PM,2015
CR00017482,08/29/2024 06:17:00 PM,30,CLEAR,DAYLIGHT,FIXED OBJECT,NOT DIVIDED,TRAFFIC SIGNAL,DISREGARDING TRAFFIC SIGNALS,UNABLE TO DETERMINE,0,0,0,0,18,5,8,2488,OGDEN AVE,41.885205,-87.777498,08/29/2024 07:56:00 PM,2024
CR00017483,12/09/2015 08:46:00 AM,30,CLOUDY/OVERCAST,DARKNESS - LIGHTED ROAD,REAR END,T-INTERSECTION,TRAFFIC SIGNAL,FOLLOWING TOO CLOSELY,UNABLE TO DETERMINE,0,0,0,0,8,4,12,1515,ARCHER AVE,41.788721,-87.517038,12/09/2015 09:06:00 AM,2015
CR00017484,07/30/2021 01:46:00 AM,35,CLEAR,DAYLIGHT,ANGLE,NOT DIVIDED,TRAFFIC SIGNAL,DISREGARDING TRAFFIC SIGNALS,IMPROPER OVERTAKING/PASSING,0,0,3,3,1,6,7,1753,STONY ISLAND AVE,41.853869,-87.829121,07/30/2021 01:48:00 AM,2021
CR00017485,01/14/2022 09:49:00 PM,35,CLEAR,DAYLIGHT,REAR END,DIVIDED - W/MEDIAN (NOT RAISED),TRAFFIC SIGNAL,DRIVING SKILLS/KNOWLEDGE/EXPERIENCE,NOT APPLICABLE,0,0,0,0,21,6,1,1780,ELSTON AVE,41.9106,-87.621248,01/14/2022 10:10:00 PM,2022
CR00017486,09/12/2016 02:15:00 AM,35,CLOUDY/OVERCAST,DARKNESS - LIGHTED ROAD,TURNING,NOT DIVIDED,STOP SIGN/FLASHER,IMPROPER OVERTAKING/PASSING,UNABLE TO DETERMINE,0,0,0,0,2,2,9,1172,ROOSEVELT RD,41.913835,-87.508757,09/12/2016 03:17:00 AM,2016
CR00017487,10/10/2023 01:14:00 AM,25,CLEAR,DARKNESS,FIXED OBJECT,FOUR WAY,YIELD,IMPROPER LANE USAGE,NOT APPLICABLE,0,0,0,0,1,3,10,1452,LAKE SHORE DR,41.735261,-87.731155,10/10/2023 03:01:00 AM,2023
CR00017488,11/07/2019 07:05:00 AM,30,CLEAR,DARKNESS - LIGHTED ROAD,REAR END,ONE-WAY,NO CONTROLS,FAILING TO REDUCE SPEED,NOT APPLICABLE,0,0,0,0,7,5,11,1628,STONY ISLAND AVE,41.824049,-87.741468,11/07/2019 07:39:00 AM,2019
CR00017489,12/22/2022 09:34:00 AM,30,CLEAR,DARKNESS - LIGHTED ROAD,PEDESTRIAN,DIVIDED - W/MEDIAN (NOT RAISED),TRAFFIC SIGNAL,DISTRACTION - FROM INSIDE VEHICLE,FAILING TO YIELD RIGHT-OF-WAY,0,0,0,0,9,5,12,2119,FULLERTON AVE,41.893383,-87.657206,12/22/2022 11:03:00 AM,2022
CR00017490,11/06/2023 11:56:00 AM,35,CLEAR,DAYLIGHT,TURNING,DIVIDED - W/MEDIAN (NOT RAISED),YIELD,UNABLE TO DETERMINE,NOT APPLICABLE,0,0,0,0,11,2,11,2188,ARCHER AVE,41.830677,-87.516968,11/06/2023 12:44:00 PM,2023
CR00017491,01/04/2015 08:50:00 PM,30,CLEAR,DARKNESS - LIGHTED ROAD,ANGLE,NOT DIVIDED,TRAFFIC SIGNAL,IMPROPER LANE USAGE,FOLLOWING TOO CLOSELY,0,0,1,1,20,1,1,695,OGDEN AVE,41.971643,-87.597518,01/04/2015 09:40:00 PM,2015
CR00017492,11/14/2019 03:56:00 PM,25,CLEAR,DAYLIGHT,TURNING,NOT DIVIDED,PEDESTRIAN CROSSING SIGN,DISREGARDING TRAFFIC SIGNALS,UNABLE TO DETERMINE,0,0,0,0,15,5,11,1816,WESTERN AVE,41.722736,-87.699478,11/14/2019 05:56:00 PM,2019
CR00017493,07/17/2019 09:42:00 AM,30,CLEAR,DAYLIGHT,REAR END,ONE-WAY,STOP SIGN/FLASHER,FOLLOWING TOO CLOSELY,DISREGARDING TRAFFIC SIGNALS,0,0,2,2,9,4,7,2499,PULASKI RD,41.980585,-87.719048,07/17/2019 11:28:00 AM,2019
CR00017494,05/02/2023 12:16:00 PM,35,CLEAR,DAYLIGHT,SIDESWIPE SAME DIRECTION,NOT DIVIDED,TRAFFIC SIGNAL,DISTRACTION - FROM INSIDE VEHICLE,NOT APPLICABLE,0,0,0,0,12,3,5,2505,IRVING PARK RD,41.953848,-87.683154,05/02/2023 12:52:00 PM,2023
CR00017495,10/15/2024 10:44:00 AM,20,CLEAR,DAYLIGHT,REAR END,FOUR WAY,TRAFFIC SIGNAL,FOLLOWING TOO CLOSELY,IMPROPER OVERTAKING/PASSING,0,0,0,0,10,3,10,1128,CALIFORNIA AVE,41.806409,-87.771931,10/15/2024 11:47:00 AM,2024
CR00017496,10/07/2019 03:21:00 AM,30,CLEAR,DARKNESS - LIGHTED ROAD,REAR END,NOT DIVIDED,PEDESTRIAN CROSSING SIGN,IMPROPER LANE USAGE,UNABLE TO DETERMINE,0,0,0,0,3,2,10,1412,BROADWAY,41.864966,-87.571928,10/07/2019 04:14:00 AM,2019
CR00017497,06/08/2024 10:41:00 AM,30,CLEAR,DAYLIGHT,ANGLE,NOT DIVIDED,NO CONTROLS,DRIVING SKILLS/KNOWLEDGE/EXPERIENCE,FOLLOWING TOO CLOSELY,0,0,0,0,10,7,6,1239,PULASKI RD,41.786714,-87.677938,06/08/2024 12:34:00 PM,2024
CR00017498,04/27/2015 08:39:00 PM,35,SNOW,DARKNESS,SIDESWIPE SAME DIRECTION,NOT DIVIDED,NO CONTROLS,FAILING TO YIELD RIGHT-OF-WAY,UNABLE TO DETERMINE,0,0,0,0,20,2,4,1853,CALIFORNIA AVE,41.727622,-87.805435,04/27/2015 09:19:00 PM,2015
CR00017499,06/19/2015 06:29:00 PM,15,FOG/SMOKE/HAZE,DAYLIGHT,PARKED MOTOR VEHICLE,FOUR WAY,NO CONTROLS,IMPROPER LANE USAGE,FOLLOWING TOO CLOSELY,0,0,3,3,18,6,6,935,ELSTON AVE,41.759345,-87.616647,06/19/2015 06:54:00 PM,2015
CR00017500,06/12/2023 04:49:00 AM,30,CLEAR,DAYLIGHT,SIDESWIPE SAME DIRECTION,NOT DIVIDED,NO CONTROLS,FOLLOWING TOO CLOSELY,NOT APPLICABLE,0,0,0,0,4,2,6,201,47TH ST,41.789107,-87.729684,06/12/2023 05:45:00 AM,2023
CR00017501,01/01/2022 05:12:00 PM,35,CLEAR,DAYLIGHT,REAR TO FRONT,ONE-WAY,UNKNOWN,UNABLE TO DETERMINE,FAILING TO REDUCE SPEED,0,0,0,0,17,7,1,1846,LAKE SHORE DR,41.734287,-87.816058,01/01/2022 06:00:00 PM,2022
CR00017502,05/17/2020 06:35:00 AM,30,CLEAR,DARKNESS - LIGHTED ROAD,PARKED MOTOR VEHICLE,FOUR WAY,NO CONTROLS,FAILING TO REDUCE SPEED,DRIVING SKILLS/KNOWLEDGE/EXPERIENCE,0,0,0,0,6,1,5,1292,ARCHER AVE,41.768802,-87.777246,05/17/2020 07:48:00 AM,2020
CR00017503,04/22/2018 06:47:00 PM,35,CLEAR,DAYLIGHT,REAR END,DIVIDED - W/MEDIAN (NOT RAISED),TRAFFIC SIGNAL,FOLLOWING TOO CLOSELY,FOLLOWING TOO CLOSELY,0,0,2,2,18,1,4,2333,CALIFORNIA AVE,41.867476,-87.637803,04/22/2018 06:52:00 PM,2018
CR00017504,06/06/2016 03:40:00 PM,15,CLEAR,DAYLIGHT,PARKED MOTOR VEHICLE,NOT DIVIDED,NO CONTROLS,DISTRACTION - FROM INSIDE VEHICLE,UNABLE TO DETERMINE,0,0,0,0,15,2,6,482,ASHLAND AVE,41.736488,-87.545475,06/06/2016 05:22:00 PM,2016
CR00017505,01/11/2022 03:26:00 PM,30,CLOUDY/OVERCAST,DAWN,TURNING,FOUR WAY,NO CONTROLS,FOLLOWING TOO CLOSELY,DISTRACTION - FROM INSIDE VEHICLE,0,0,1,1,15,3,1,1398,CICERO AVE,41.759438,-87.500854,01/11/2022 04:15:00 PM,2022
CR00017506,10/01/2021 06:26:00 PM,40,CLEAR,DAYLIGHT,REAR END,DIVIDED - W/MEDIAN (NOT RAISED),NO CONTROLS,FOLLOWING TOO CLOSELY,IMPROPER OVERTAKING/PASSING,0,0,1,1,18,6,10,390,BROADWAY,41.800187,-87.54634,10/01/2021 08:08:00 PM,2021
CR00017507,12/18/2024 08:34:00 AM,35,CLEAR,DAYLIGHT,ANGLE,DIVIDED - W/MEDIAN (NOT RAISED),UNKNOWN,UNABLE TO DETERMINE,FAILING TO YIELD RIGHT-OF-WAY,0,0,0,0,8,4,12,737,MICHIGAN AVE,41.766259,-87.62102,12/18/2024 09:26:00 AM,2024
CR00017508,04/16/2024 09:00:00 AM,20,CLEAR,DAYLIGHT,REAR END,DIVIDED - W/MEDIAN (NOT RAISED),NO CONTROLS,DRIVING SKILLS/KNOWLEDGE/EXPERIENCE,IMPROPER OVERTAKING/PASSING,0,0,0,0,9,3,4,581,HALSTED ST,41.815214,-87.655308,04/16/2024 10:31:00 AM,2024
CR00017509,12/12/2019 04:30:00 AM,15,CLOUDY/OVERCAST,DARKNESS - LIGHTED ROAD,PARKED MOTOR VEHICLE,DIVIDED - W/MEDIAN (NOT RAISED),NO CONTROLS,DISTRACTION - FROM INSIDE VEHICLE,WEATHER,0,0,1,1,4,5,12,2196,79TH ST,41.940023,-87.671114,12/12/2019 06:11:00 AM,2019
CR00017510,02/04/2019 06:54:00 PM,30,CLEAR,DAYLIGHT,TURNING,NOT DIVIDED,STOP SIGN/FLASHER,DISTRACTION - FROM INSIDE VEHICLE,FAILING TO REDUCE SPEED,0,0,0,0,18,2,2,1355,CICERO AVE,41.870828,-87.702192,02/04/2019 06:59:00 PM,2019
CR00017511,10/04/2022 07:49:00 AM,40,CLEAR,DAYLIGHT,REAR TO FRONT,DIVIDED - W/MEDIAN (NOT RAISED),TRAFFIC SIGNAL,UNABLE TO DETERMINE,UNABLE TO DETERMINE,0,0,0,0,7,3,10,2346,LAKE SHORE DR,41.891253,-87.591735,10/04/2022 08:43:00 AM,2022
CR00017512,06/03/2019 08:10:00 PM,40,CLOUDY/OVERCAST,DARKNESS - LIGHTED ROAD,SIDESWIPE SAME DIRECTION,T-INTERSECTION,TRAFFIC SIGNAL,FAILING TO REDUCE SPEED,UNABLE TO DETERMINE,0,2,0,2,20,2,6,228,MILWAUKEE AVE,41.822602,-87.683713,06/03/2019 09:11:00 PM,2019
CR00017513,09/05/2015 12:15:00 PM,35,RAIN,DARKNESS - LIGHTED ROAD,SIDESWIPE SAME DIRECTION,NOT DIVIDED,NO CONTROLS,FOLLOWING TOO CLOSELY,UNABLE TO DETERMINE,0,0,0,0,12,7,9,2201,DAMEN AVE,41.749245,-87.719887,09/05/2015 01:03:00 PM,2015
CR00017514,09/19/2015 06:03:00 AM,20,CLEAR,DAYLIGHT,SIDESWIPE SAME DIRECTION,NOT DIVIDED,STOP SIGN/FLASHER,UNABLE TO DETERMINE,NOT APPLICABLE,0,0,0,0,6,7,9,2240,IRVING PARK RD,41.800222,-87.732864,09/19/2015 06:45:00 AM,2015
CR00017515,01/11/2015 09:31:00 AM,30,FREEZING RAIN/DRIZZLE,DAYLIGHT,REAR END,NOT DIVIDED,STOP SIGN/FLASHER,UNABLE TO DETERMINE,FOLLOWING TOO CLOSELY,0,0,0,0,9,1,1,240,LAKE SHORE DR,41.929222,-87.713697,01/11/2015 09:36:00 AM,2015
CR00017516,07/31/2015 05:27:00 AM,30,RAIN,DAYLIGHT,TURNING,DIVIDED - W/MEDIAN (NOT RAISED),STOP SIGN/FLASHER,UNABLE TO DETERMINE,FOLLOWING TOO CLOSELY,0,0,0,0,5,6,7,691,DAMEN AVE,41.890299,-87.73104,07/31/2015 05:45:00 AM,2015
CR00017517,02/22/2018 08:24:00 AM,15,CLOUDY/OVERCAST,DARKNESS - LIGHTED ROAD,TURNING,DIVIDED - W/MEDIAN (NOT RAISED),TRAFFIC SIGNAL,FAILING TO REDUCE SPEED,UNABLE TO DETERMINE,0,0,0,0,8,5,2,2271,63RD ST,41.810021,-87.507455,02/22/2018 09:46:00 AM,2018
CR00017518,05/17/2021 03:13:00 PM,35,CLEAR,DARKNESS - LIGHTED ROAD,SIDESWIPE SAME DIRECTION,NOT DIVIDED,NO CONTROLS,FOLLOWING TOO CLOSELY,DISREGARDING TRAFFIC SIGNALS,0,0,0,0,15,2,5,352,MILWAUKEE AVE,41.717684,-87.707172,05/17/2021 03:46:00 PM,2021
CR00017519,09/01/2020 05:08:00 PM,40,CLEAR,DUSK,SIDESWIPE SAME DIRECTION,T-INTERSECTION,NO CONTROLS,IMPROPER OVERTAKING/PASSING,DISTRACTION - FROM INSIDE VEHICLE,0,0,0,0,17,3,9,333,79TH ST,41.776834,-87.776486,09/01/2020 05:18:00 PM,2020
CR00017520,04/17/2021 03:05:00 PM,30,CLEAR,DAYLIGHT,ANGLE,ONE-WAY,TRAFFIC SIGNAL,UNABLE TO DETERMINE,UNABLE TO DETERMINE,0,0,0,0,15,7,4,1114,CALIFORNIA AVE,41.874374,-87.774311,04/17/2021 04:51:00 PM,2021
CR00017521,02/22/2019 07:10:00 AM,15,RAIN,DAYLIGHT,ANGLE,DIVIDED - W/MEDIAN (NOT RAISED),NO CONTROLS,UNABLE TO DETERMINE,IMPROPER LANE USAGE,0,0,0,0,7,6,2,754,MICHIGAN AVE,41.857751,-87.531635,02/22/2019 07:13:00 AM,2019
CR00017522,02/20/2018 03:13:00 PM,30,CLEAR,DAWN,SIDESWIPE SAME DIRECTION,FOUR WAY,UNKNOWN,UNABLE TO DETERMINE,DRIVING SKILLS/KNOWLEDGE/EXPERIENCE,0,0,0,0,15,3,2,1419,ELSTON AVE,41.949568,-87.724304,02/20/2018 04:38:00 PM,2018
CR00017523,03/05/2021 12:26:00 PM,35,CLEAR,DAYLIGHT,SIDESWIPE SAME DIRECTION,DIVIDED - W/MEDIAN BARRIER,NO CONTROLS,UNABLE TO DETERMINE,UNABLE TO DETERMINE,0,0,0,0,12,6,3,696,ARCHER AVE,41.899113,-87.699306,03/05/2021 12:34:00 PM,2021
CR00017524,05/21/2022 11:58:00 AM,30,RAIN,DARKNESS - LIGHTED ROAD,TURNING,NOT DIVIDED,NO CONTROLS,IMPROPER LANE USAGE,NOT APPLICABLE,0,0,0,0,11,7,5,1255,ROOSEVELT RD,41.785675,-87.560857,05/21/2022 01:23:00 PM,2022
CR00017525,12/04/2022 11:56:00 AM,25,CLEAR,DARKNESS - LIGHTED ROAD,REAR TO FRONT,DIVIDED - W/MEDIAN BARRIER,NO CONTROLS,FAILING TO YIELD RIGHT-OF-WAY,FOLLOWING TOO CLOSELY,0,0,0,0,11,1,12,1325,HALSTED ST,41.707568,-87.845002,12/04/2022 11:58:00 AM,2022
CR00017526,01/28/2016 08:14:00 AM,35,CLEAR,DAYLIGHT,REAR TO FRONT,NOT DIVIDED,STOP SIGN/FLASHER,WEATHER,FAILING TO REDUCE SPEED,0,0,0,0,8,5,1,1694,STATE ST,41.935763,-87.507232,01/28/2016 09:27:00 AM,2016
CR00017527,06/29/2017 06:23:00 PM,30,RAIN,DAYLIGHT,TURNING,NOT DIVIDED,NO CONTROLS,UNABLE TO DETERMINE,UNABLE TO DETERMINE,0,0,0,0,18,5,6,573,LAKE SHORE DR,41.734653,-87.707798,06/29/2017 07:06:00 PM,2017
CR00017528,04/13/2023 04:44:00 PM,30,RAIN,DARKNESS - LIGHTED ROAD,TURNING,DIVIDED - W/MEDIAN (NOT RAISED),NO CONTROLS,FAILING TO YIELD RIGHT-OF-WAY,DISTRACTION - FROM INSIDE VEHICLE,0,0,0,0,16,5,4,488,LAKE SHORE DR,41.781142,-87.806413,04/13/2023 05:25:00 PM,2023
CR00017529,06/27/2020 01:24:00 PM,30,CLEAR,DARKNESS,TURNING,DIVIDED - W/MEDIAN BARRIER,NO CONTROLS,UNABLE TO DETERMINE,DRIVING SKILLS/KNOWLEDGE/EXPERIENCE,0,0,2,2,13,7,6,1910,HALSTED ST,41.96006,-87.775104,06/27/2020 02:12:00 PM,2020
CR00017530,05/01/2019 06:08:00 PM,25,CLEAR,DAYLIGHT,TURNING,DIVIDED - W/MEDIAN (NOT RAISED),TRAFFIC SIGNAL,FAILING TO YIELD RIGHT-OF-WAY,UNABLE TO DETERMINE,0,0,0,0,18,4,5,2429,FULLERTON AVE,41.731438,-87.768145,05/01/2019 08:00:00 PM,2019
CR00017531,11/30/2021 04:50:00 PM,30,CLEAR,DARKNESS - LIGHTED ROAD,REAR END,NOT DIVIDED,UNKNOWN,IMPROPER OVERTAKING/PASSING,DRIVING SKILLS/KNOWLEDGE/EXPERIENCE,0,0,0,0,16,3,11,138,BROADWAY,41.917142,-87.790679,11/30/2021 04:55:00 PM,2021