CRASH_RECORD_ID,CRASH_DATE,POSTED_SPEED_LIMIT,WEATHER_CONDITION,LIGHTING_CONDITION,FIRST_CRASH_TYPE,TRAFFICWAY_TYPE,TRAFFIC_CONTROL_DEVICE,PRIM_CONTRIBUTORY_CAUSE,SEC_CONTRIBUTORY_CAUSE,INJURIES_FATAL,INJURIES_INCAPACITATING,INJURIES_NON_INCAPACITATING,INJURIES_TOTAL,CRASH_HOUR,CRASH_DAY_OF_WEEK,CRASH_MONTH,BEAT_OF_OCCURRENCE,STREET_NAME,LATITUDE,LONGITUDE,DATE_POLICE_NOTIFIED,year
CR00017532,02/06/2024 07:47:00 AM,25,RAIN,DUSK,REAR END,NOT DIVIDED,TRAFFIC SIGNAL,DRIVING SKILLS/KNOWLEDGE/EXPERIENCE,UNABLE TO DETERMINE,0,0,0,0,7,3,2,706,CLARK ST,41.929382,-87.826099,02/06/2024 08:17:00 AM,2024
CR00017533,02/06/2019 03:30:00 PM,35,FREEZING RAIN/DRIZZLE,DAYLIGHT,TURNING,DIVIDED - W/MEDIAN (NOT RAISED),TRAFFIC SIGNAL,UNABLE TO DETERMINE,NOT APPLICABLE,0,0,0,0,15,4,2,828,OGDEN AVE,41.917604,-87.70745,02/06/2019 05:10:00 PM,2019
CR00017534,09/04/2022 05:41:00 PM,30,CLEAR,DAYLIGHT,REAR TO FRONT,FOUR WAY,NO CONTROLS,UNABLE TO DETERMINE,UNABLE TO DETERMINE,0,0,0,0,17,1,9,1879,CALIFORNIA AVE,41.777938,-87.554285,09/04/2022 05:57:00 PM,2022
CR00017535,10/11/2019 03:56:00 AM,35,CLEAR,DAYLIGHT,REAR END,DIVIDED - W/MEDIAN (NOT RAISED),YIELD,DISREGARDING TRAFFIC SIGNALS,UNABLE TO DETERMINE,0,0,0,0,3,6,10,1419,ELSTON AVE,41.762182,-87.813126,10/11/2019 05:10:00 AM,2019
CR00017536,03/08/2020 01:51:00 AM,15,CLEAR,DAWN,REAR END,NOT DIVIDED,NO CONTROLS,DISTRACTION - FROM INSIDE VEHICLE,NOT APPLICABLE,0,0,3,3,1,1,3,2299,ROOSEVELT RD,41.899204,-87.796727,03/08/2020 03:27:00 AM,2020
CR00017537,06/21/2016 03:52:00 AM,30,CLEAR,DAYLIGHT,REAR END,DIVIDED - W/MEDIAN (NOT RAISED),NO CONTROLS,FAILING TO YIELD RIGHT-OF-WAY,FAILING TO REDUCE SPEED,0,0,0,0,3,3,6,879,PULASKI RD,41.999877,-87.613617,06/21/2016 05:20:00 AM,2016
CR00017538,09/04/2021 08:31:00 PM,35,CLOUDY/OVERCAST,DAYLIGHT,TURNING,ONE-WAY,NO CONTROLS,UNABLE TO DETERMINE,NOT APPLICABLE,0,0,0,0,20,7,9,2096,ASHLAND AVE,41.744257,-87.823826,09/04/2021 10:28:00 PM,2021
CR00017539,09/20/2023 03:57:00 PM,35,RAIN,DARKNESS - LIGHTED ROAD,REAR END,NOT DIVIDED,TRAFFIC SIGNAL,DISREGARDING TRAFFIC SIGNALS,FOLLOWING TOO CLOSELY,0,0,0,0,15,4,9,439,WESTERN AVE,41.72892,-87.711331,09/20/2023 05:40:00 PM,2023
CR00017540,10/20/2020 07:19:00 PM,20,CLEAR,DARKNESS - LIGHTED ROAD,PEDESTRIAN,DIVIDED - W/MEDIAN (NOT RAISED),UNKNOWN,FOLLOWING TOO CLOSELY,IMPROPER LANE USAGE,0,0,0,0,19,3,10,2500,PULASKI RD,41.73375,-87.718636,10/20/2020 07:36:00 PM,2020
CR00017541,12/04/2017 08:40:00 PM,25,CLEAR,DARKNESS - LIGHTED ROAD,FIXED OBJECT,FOUR WAY,UNKNOWN,UNABLE TO DETERMINE,UNABLE TO DETERMINE,0,0,0,0,20,2,12,1689,DIVISION ST,41.866374,-87.727585,12/04/2017 09:17:00 PM,2017
CR00017542,04/25/2021 05:42:00 PM,35,CLEAR,DARKNESS - LIGHTED ROAD,PEDESTRIAN,DIVIDED - W/MEDIAN (NOT RAISED),NO CONTROLS,WEATHER,UNABLE TO DETERMINE,0,0,0,0,17,1,4,1257,CICERO AVE,41.970641,-87.788423,04/25/2021 07:21:00 PM,2021
CR00017543,12/29/2018 05:11:00 PM,20,CLEAR,DAYLIGHT,REAR END,NOT DIVIDED,NO CONTROLS,UNABLE TO DETERMINE,UNABLE TO DETERMINE,0,0,0,0,17,7,12,2147,LAKE SHORE DR,41.756379,-87.660218,12/29/2018 07:11:00 PM,2018
CR00017544,09/09/2024 03:36:00 PM,30,RAIN,DARKNESS - LIGHTED ROAD,PARKED MOTOR VEHICLE,NOT DIVIDED,NO CONTROLS,UNABLE TO DETERMINE,DISTRACTION - FROM INSIDE VEHICLE,0,0,0,0,15,2,9,2271,OGDEN AVE,41.979465,-87.777916,09/09/2024 04:23:00 PM,2024
CR00017545,01/04/2022 04:01:00 PM,30,SNOW,DAYLIGHT,REAR END,DIVIDED - W/MEDIAN BARRIER,NO CONTROLS,FAILING TO YIELD RIGHT-OF-WAY,NOT APPLICABLE,0,0,0,0,16,3,1,1010,MILWAUKEE AVE,41.819401,-87.688329,01/04/2022 05:40:00 PM,2022
CR00017546,12/31/2021 10:22:00 PM,25,CLEAR,DAYLIGHT,ANGLE,NOT DIVIDED,TRAFFIC SIGNAL,FOLLOWING TOO CLOSELY,NOT APPLICABLE,0,0,0,0,22,6,12,271,ARCHER AVE,41.788322,-87.795487,12/31/2021 11:27:00 PM,2021
CR00017547,10/11/2017 07:39:00 PM,30,CLEAR,DAYLIGHT,ANGLE,ONE-WAY,YIELD,DISREGARDING TRAFFIC SIGNALS,DISREGARDING TRAFFIC SIGNALS,0,0,1,1,19,4,10,1541,CALIFORNIA AVE,41.79085,-87.722797,10/11/2017 09:18:00 PM,2017
CR00017548,01/29/2016 06:48:00 PM,40,CLEAR,DAYLIGHT,TURNING,NOT DIVIDED,NO CONTROLS,IMPROPER LANE USAGE,IMPROPER LANE USAGE,0,0,2,2,18,6,1,1485,MICHIGAN AVE,41.796309,-87.618534,01/29/2016 08:07:00 PM,2016
CR00017549,11/04/2016 08:42:00 PM,25,CLEAR,DAYLIGHT,REAR TO FRONT,DIVIDED - W/MEDIAN (NOT RAISED),TRAFFIC SIGNAL,IMPROPER LANE USAGE,DISREGARDING TRAFFIC SIGNALS,0,0,0,0,20,6,11,2052,CALIFORNIA AVE,41.803811,-87.740264,11/04/2016 09:04:00 PM,2016
CR00017550,05/15/2016 01:40:00 PM,15,CLOUDY/OVERCAST,DAYLIGHT,REAR END,DIVIDED - W/MEDIAN (NOT RAISED),TRAFFIC SIGNAL,UNABLE TO DETERMINE,IMPROPER LANE USAGE,0,0,0,0,13,1,5,377,LAKE SHORE DR,41.981143,-87.627027,05/15/2016 02:54:00 PM,2016
CR00017551,03/25/2017 09:55:00 AM,30,CLEAR,DAYLIGHT,REAR END,NOT DIVIDED,STOP SIGN/FLASHER,WEATHER,FOLLOWING TOO CLOSELY,0,0,2,2,9,7,3,2422,ARCHER AVE,41.710232,-87.843893,03/25/2017 11:06:00 AM,2017
CR00017552,07/09/2016 05:19:00 PM,30,CLEAR,DARKNESS - LIGHTED ROAD,TURNING,DIVIDED - W/MEDIAN (NOT RAISED),TRAFFIC SIGNAL,FOLLOWING TOO CLOSELY,FOLLOWING TOO CLOSELY,0,0,0,0,17,7,7,1150,DAMEN AVE,41.968259,-87.669049,07/09/2016 06:56:00 PM,2016
CR00017553,09/23/2023 07:18:00 AM,20,CLEAR,DUSK,REAR END,FOUR WAY,STOP SIGN/FLASHER,FAILING TO YIELD RIGHT-OF-WAY,DISTRACTION - FROM INSIDE VEHICLE,0,0,3,3,7,7,9,1506,WESTERN AVE,41.809871,-87.613758,09/23/2023 07:31:00 AM,2023
CR00017554,01/17/2021 05:00:00 PM,30,CLEAR,DAYLIGHT,REAR END,DIVIDED - W/MEDIAN (NOT RAISED),NO CONTROLS,UNABLE TO DETERMINE,FAILING TO REDUCE SPEED,1,0,1,2,17,1,1,1118,DIVISION ST,41.845691,-87.647318,01/17/2021 05:06:00 PM,2021
CR00017555,05/22/2015 07:37:00 AM,30,CLEAR,DAYLIGHT,REAR END,NOT DIVIDED,TRAFFIC SIGNAL,DRIVING SKILLS/KNOWLEDGE/EXPERIENCE,FOLLOWING TOO CLOSELY,0,1,1,2,7,6,5,1222,IRVING PARK RD,41.751318,-87.785122,05/22/2015 08:45:00 AM,2015
CR00017556,01/04/2022 06:29:00 AM,30,CLOUDY/OVERCAST,DUSK,REAR END,DIVIDED - W/MEDIAN BARRIER,NO CONTROLS,FOLLOWING TOO CLOSELY,DRIVING SKILLS/KNOWLEDGE/EXPERIENCE,0,0,2,2,6,3,1,1363,IRVING PARK RD,41.748491,-87.565573,01/04/2022 06:49:00 AM,2022
CR00017557,01/12/2016 03:13:00 PM,20,CLEAR,DAYLIGHT,REAR TO FRONT,NOT DIVIDED,TRAFFIC SIGNAL,UNABLE TO DETERMINE,FAILING TO YIELD RIGHT-OF-WAY,0,0,1,1,15,3,1,1559,MICHIGAN AVE,41.814073,-87.83109,01/12/2016 04:55:00 PM,2016
CR00017558,01/24/2017 11:32:00 AM,30,CLEAR,DAYLIGHT,TURNING,ONE-WAY,TRAFFIC SIGNAL,UNABLE TO DETERMINE,UNABLE TO DETERMINE,0,0,0,0,11,3,1,1685,PULASKI RD,41.88715,-87.540259,01/24/2017 12:51:00 PM,2017
CR00017559,06/29/2015 05:33:00 PM,15,CLOUDY/OVERCAST,DAYLIGHT,ANGLE,ONE-WAY,NO CONTROLS,UNABLE TO DETERMINE,IMPROPER OVERTAKING/PASSING,0,0,0,0,17,2,6,1088,CICERO AVE,41.831338,-87.752281,06/29/2015 06:18:00 PM,2015
CR00017560,01/19/2016 04:57:00 PM,30,CLEAR,DARKNESS - LIGHTED ROAD,TURNING,DIVIDED - W/MEDIAN (NOT RAISED),NO CONTROLS,UNABLE TO DETERMINE,UNABLE TO DETERMINE,0,0,0,0,16,3,1,1007,47TH ST,41.976732,-87.56179,01/19/2016 05:11:00 PM,2016
CR00017561,06/14/2018 06:25:00 PM,25,CLEAR,DAYLIGHT,TURNING,NOT DIVIDED,NO CONTROLS,UNABLE TO DETERMINE,UNABLE TO DETERMINE,0,0,1,1,18,5,6,2185,LAKE SHORE DR,41.709212,-87.801934,06/14/2018 08:17:00 PM,2018
CR00017562,12/24/2017 09:03:00 AM,30,CLEAR,DAYLIGHT,SIDESWIPE SAME DIRECTION,NOT DIVIDED,NO CONTROLS,IMPROPER LANE USAGE,UNABLE TO DETERMINE,0,0,0,0,9,1,12,2119,LAKE SHORE DR,41.992915,-87.6095,12/24/2017 10:08:00 AM,2017
CR00017563,03/28/2016 02:51:00 PM,35,CLEAR,DAYLIGHT,PEDESTRIAN,T-INTERSECTION,NO CONTROLS,UNABLE TO DETERMINE,UNABLE TO DETERMINE,0,0,2,2,14,2,3,899,ASHLAND AVE,41.724283,-87.611238,03/28/2016 03:11:00 PM,2016
CR00017564,03/23/2021 08:01:00 PM,30,RAIN,DAYLIGHT,REAR END,DIVIDED - W/MEDIAN (NOT RAISED),TRAFFIC SIGNAL,UNABLE TO DETERMINE,DISREGARDING TRAFFIC SIGNALS,0,0,0,0,20,3,3,618,STATE ST,41.84726,-87.550202,03/23/2021 09:05:00 PM,2021
CR00017565,09/17/2021 07:57:00 AM,45,RAIN,DAYLIGHT,REAR END,NOT DIVIDED,STOP SIGN/FLASHER,UNABLE TO DETERMINE,UNABLE TO DETERMINE,0,0,2,2,7,6,9,2338,STONY ISLAND AVE,41.770294,-87.504927,09/17/2021 09:45:00 AM,2021
CR00017566,07/26/2020 11:16:00 AM,40,CLEAR,DUSK,TURNING,NOT DIVIDED,UNKNOWN,IMPROPER OVERTAKING/PASSING,NOT APPLICABLE,0,0,0,0,11,1,7,1441,HALSTED ST,41.889915,-87.703563,07/26/2020 12:12:00 PM,2020
CR00017567,04/15/2021 05:28:00 AM,20,CLEAR,DAYLIGHT,SIDESWIPE SAME DIRECTION,NOT DIVIDED,NO CONTROLS,FOLLOWING TOO CLOSELY,DRIVING SKILLS/KNOWLEDGE/EXPERIENCE,0,0,0,0,5,5,4,1244,WESTERN AVE,41.729351,-87.620868,04/15/2021 06:22:00 AM,2021
CR00017568,02/27/2019 08:58:00 AM,30,CLEAR,DAYLIGHT,REAR TO FRONT,NOT DIVIDED,UNKNOWN,DISREGARDING TRAFFIC SIGNALS,NOT APPLICABLE,0,0,1,1,8,4,2,1514,STONY ISLAND AVE,41.789934,-87.576446,02/27/2019 09:40:00 AM,2019
CR00017569,03/20/2016 07:50:00 AM,35,CLEAR,DARKNESS,TURNING,NOT DIVIDED,UNKNOWN,UNABLE TO DETERMINE,UNABLE TO DETERMINE,0,0,0,0,7,1,3,2153,CLARK ST,41.811498,-87.673742,03/20/2016 08:14:00 AM,2016
CR00017570,04/09/2020 02:04:00 PM,20,CLEAR,DARKNESS - LIGHTED ROAD,TURNING,DIVIDED - W/MEDIAN (NOT RAISED),YIELD,DRIVING SKILLS/KNOWLEDGE/EXPERIENCE,NOT APPLICABLE,0,0,0,0,14,5,4,1728,DAMEN AVE,41.841918,-87.69886,04/09/2020 02:24:00 PM,2020
CR00017571,06/03/2015 07:07:00 AM,35,CLEAR,DAYLIGHT,ANGLE,FOUR WAY,TRAFFIC SIGNAL,UNABLE TO DETERMINE,DISTRACTION - FROM INSIDE VEHICLE,0,0,0,0,7,4,6,597,ASHLAND AVE,41.933928,-87.534911,06/03/2015 08:47:00 AM,2015
CR00017572,11/14/2021 05:07:00 AM,15,CLOUDY/OVERCAST,DAYLIGHT,REAR END,DIVIDED - W/MEDIAN BARRIER,TRAFFIC SIGNAL,UNABLE TO DETERMINE,FAILING TO YIELD RIGHT-OF-WAY,0,0,1,1,5,1,11,2294,STATE ST,41.870303,-87.705086,11/14/2021 06:01:00 AM,2021
CR00017573,05/12/2015 11:20:00 PM,20,FOG/SMOKE/HAZE,DARKNESS - LIGHTED ROAD,REAR END,NOT DIVIDED,NO CONTROLS,IMPROPER LANE USAGE,NOT APPLICABLE,0,0,0,0,23,3,5,1458,IRVING PARK RD,41.972278,-87.568311,05/12/2015 11:33:00 PM,2015
CR00017574,09/26/2020 02:17:00 PM,25,RAIN,DAYLIGHT,REAR END,DIVIDED - W/MEDIAN (NOT RAISED),NO CONTROLS,DISREGARDING TRAFFIC SIGNALS,NOT APPLICABLE,0,0,0,0,14,7,9,1389,CALIFORNIA AVE,41.983965,-87.511463,09/26/2020 03:44:00 PM,2020
CR00017575,08/10/2017 07:43:00 AM,35,CLEAR,DARKNESS - LIGHTED ROAD,ANGLE,DIVIDED - W/MEDIAN BARRIER,TRAFFIC SIGNAL,UNABLE TO DETERMINE,FOLLOWING TOO CLOSELY,0,0,0,0,7,5,8,2164,IRVING PARK RD,41.77126,-87.549092,08/10/2017 07:46:00 AM,2017
CR00017576,11/24/2023 04:18:00 PM,30,CLEAR,DAYLIGHT,SIDESWIPE SAME DIRECTION,NOT DIVIDED,NO CONTROLS,DRIVING SKILLS/KNOWLEDGE/EXPERIENCE,UNABLE TO DETERMINE,0,0,0,0,16,6,11,2439,47TH ST,41.813161,-87.733871,11/24/2023 05:36:00 PM,2023
CR00017577,10/06/2016 02:46:00 PM,40,CLEAR,DARKNESS - LIGHTED ROAD,SIDESWIPE SAME DIRECTION,NOT DIVIDED,PEDESTRIAN CROSSING SIGN,FAILING TO YIELD RIGHT-OF-WAY,IMPROPER LANE USAGE,0,0,0,0,14,5,10,471,BROADWAY,41.754186,-87.829694,10/06/2016 02:59:00 PM,2016
CR00017578,11/20/2022 06:02:00 PM,30,RAIN,DARKNESS,FIXED OBJECT,DIVIDED - W/MEDIAN (NOT RAISED),TRAFFIC SIGNAL,UNABLE TO DETERMINE,IMPROPER LANE USAGE,0,0,0,0,18,1,11,2108,HALSTED ST,41.994579,-87.549185,11/20/2022 06:28:00 PM,2022
CR00017579,05/05/2019 08:31:00 PM,35,CLEAR,DAYLIGHT,REAR END,DIVIDED - W/MEDIAN (NOT RAISED),YIELD,FAILING TO YIELD RIGHT-OF-WAY,UNABLE TO DETERMINE,0,0,1,1,20,1,5,2309,BROADWAY,41.711276,-87.512805,05/05/2019 09:09:00 PM,2019
CR00017580,08/17/2022 03:00:00 PM,35,CLOUDY/OVERCAST,DAYLIGHT,TURNING,DIVIDED - W/MEDIAN (NOT RAISED),TRAFFIC SIGNAL,IMPROPER LANE USAGE,NOT APPLICABLE,0,0,1,1,15,4,8,2196,LAKE SHORE DR,41.8095,-87.595797,08/17/2022 03:42:00 PM,2022
CR00017581,09/27/2018 03:09:00 PM,30,CLEAR,DARKNESS - LIGHTED ROAD,REAR END,NOT DIVIDED,TRAFFIC SIGNAL,UNABLE TO DETERMINE,DISREGARDING TRAFFIC SIGNALS,0,0,2,2,15,5,9,1796,IRVING PARK RD,41.712332,-87.650607,09/27/2018 03:25:00 PM,2018
CR00017582,04/11/2024 09:01:00 PM,25,CLEAR,DAYLIGHT,ANGLE,DIVIDED - W/MEDIAN (NOT RAISED),NO CONTROLS,FAILING TO YIELD RIGHT-OF-WAY,DISREGARDING TRAFFIC SIGNALS,0,0,0,0,21,5,4,1021,WESTERN AVE,41.724257,-87.718717,04/11/2024 10:30:00 PM,2024
CR00017583,06/09/2023 01:19:00 PM,35,RAIN,DAYLIGHT,REAR TO FRONT,DIVIDED - W/MEDIAN (NOT RAISED),STOP SIGN/FLASHER,UNABLE TO DETERMINE,NOT APPLICABLE,0,0,1,1,13,6,6,438,DIVISION ST,41.744348,-87.681152,06/09/2023 03:11:00 PM,2023
CR00017584,11/29/2016 06:00:00 AM,30,CLEAR,DARKNESS - LIGHTED ROAD,SIDESWIPE SAME DIRECTION,DIVIDED - W/MEDIAN (NOT RAISED),PEDESTRIAN CROSSING SIGN,UNABLE TO DETERMINE,NOT APPLICABLE,0,0,0,0,6,3,11,1700,OGDEN AVE,41.736902,-87.655989,11/29/2016 06:24:00 AM,2016
CR00017585,02/24/2024 04:52:00 PM,20,CLEAR,DAYLIGHT,REAR END,NOT DIVIDED,NO CONTROLS,DISREGARDING TRAFFIC SIGNALS,DISTRACTION - FROM INSIDE VEHICLE,0,0,0,0,16,7,2,1739,47TH ST,41.833703,-87.810132,02/24/2024 05:27:00 PM,2024
CR00017586,10/24/2023 12:57:00 PM,35,CLOUDY/OVERCAST,DAYLIGHT,SIDESWIPE SAME DIRECTION,NOT DIVIDED,TRAFFIC SIGNAL,UNABLE TO DETERMINE,UNABLE TO DETERMINE,0,0,0,0,12,3,10,769,ELSTON AVE,41.759861,-87.605724,10/24/2023 01:58:00 PM,2023
CR00017587,10/01/2016 11:53:00 AM,30,CLEAR,DAYLIGHT,SIDESWIPE SAME DIRECTION,NOT DIVIDED,TRAFFIC SIGNAL,DISREGARDING TRAFFIC SIGNALS,UNABLE TO DETERMINE,0,0,0,0,11,7,10,2328,CALIFORNIA AVE,41.766469,-87.710114,10/01/2016 12:20:00 PM,2016
CR00017588,07/18/2016 07:17:00 AM,40,CLEAR,DAWN,PARKED MOTOR VEHICLE,NOT DIVIDED,TRAFFIC SIGNAL,IMPROPER OVERTAKING/PASSING,FAILING TO YIELD RIGHT-OF-WAY,0,0,0,0,7,2,7,695,ARCHER AVE,41.80595,-87.691355,07/18/2016 08:11:00 AM,2016
CR00017589,12/18/2023 08:13:00 PM,30,FOG/SMOKE/HAZE,DARKNESS - LIGHTED ROAD,ANGLE,NOT DIVIDED,NO CONTROLS,FAILING TO REDUCE SPEED,IMPROPER LANE USAGE,0,0,0,0,20,2,12,439,63RD ST,41.803581,-87.718322,12/18/2023 08:49:00 PM,2023
CR00017590,09/16/2024 10:39:00 AM,25,CLEAR,DAYLIGHT,TURNING,NOT DIVIDED,TRAFFIC SIGNAL,IMPROPER LANE USAGE,NOT APPLICABLE,0,0,0,0,10,2,9,1227,STATE ST,41.916753,-87.633186,09/16/2024 12:19:00 PM,2024
CR00017591,04/27/2020 08:11:00 PM,15,CLEAR,DARKNESS,FIXED OBJECT,DIVIDED - W/MEDIAN (NOT RAISED),TRAFFIC SIGNAL,DRIVING SKILLS/KNOWLEDGE/EXPERIENCE,UNABLE TO DETERMINE,0,0,1,1,20,2,4,2495,ROOSEVELT RD,41.958342,-87.706178,04/27/2020 09:03:00 PM,2020
CR00017592,09/07/2021 04:24:00 PM,45,CLEAR,DAYLIGHT,TURNING,NOT DIVIDED,TRAFFIC SIGNAL,FOLLOWING TOO CLOSELY,IMPROPER LANE USAGE,0,0,1,1,16,3,9,1329,79TH ST,41.81642,-87.64464,09/07/2021 05:13:00 PM,2021
CR00017593,08/06/2016 04:11:00 AM,35,CLEAR,DAYLIGHT,REAR END,NOT DIVIDED,UNKNOWN,DISTRACTION - FROM INSIDE VEHICLE,DISTRACTION - FROM INSIDE VEHICLE,0,0,0,0,4,7,8,1908,STONY ISLAND AVE,41.82442,-87.779823,08/06/2016 05:00:00 AM,2016
CR00017594,03/05/2015 08:08:00 AM,35,RAIN,DAYLIGHT,TURNING,T-INTERSECTION,NO CONTROLS,UNABLE TO DETERMINE,DISREGARDING TRAFFIC SIGNALS,0,0,0,0,8,5,3,1765,BROADWAY,41.734296,-87.716896,03/05/2015 08:37:00 AM,2015
CR00017595,01/26/2024 03:40:00 PM,45,CLEAR,DAYLIGHT,PEDESTRIAN,DIVIDED - W/MEDIAN BARRIER,UNKNOWN,DISTRACTION - FROM INSIDE VEHICLE,FAILING TO YIELD RIGHT-OF-WAY,0,0,0,0,15,6,1,2302,OGDEN AVE,41.804321,-87.609028,01/26/2024 03:47:00 PM,2024
CR00017596,07/20/2021 07:04:00 AM,40,CLEAR,DAYLIGHT,PEDESTRIAN,ONE-WAY,STOP SIGN/FLASHER,DRIVING SKILLS/KNOWLEDGE/EXPERIENCE,FAILING TO REDUCE SPEED,0,0,0,0,7,3,7,1147,DIVISION ST,41.830801,-87.771787,07/20/2021 07:09:00 AM,2021
CR00017597,06/27/2016 12:32:00 PM,20,CLEAR,DARKNESS,SIDESWIPE SAME DIRECTION,DIVIDED - W/MEDIAN (NOT RAISED),NO CONTROLS,FAILING TO YIELD RIGHT-OF-WAY,FOLLOWING TOO CLOSELY,0,0,0,0,12,2,6,345,ROOSEVELT RD,41.789379,-87.550736,06/27/2016 02:01:00 PM,2016
CR00017598,01/29/2021 04:49:00 AM,45,CLEAR,DAYLIGHT,REAR END,NOT DIVIDED,TRAFFIC SIGNAL,FAILING TO YIELD RIGHT-OF-WAY,UNABLE TO DETERMINE,0,0,0,0,4,6,1,1917,STATE ST,41.886581,-87.700022,01/29/2021 05:16:00 AM,2021
CR00017599,08/24/2020 05:07:00 PM,35,CLEAR,DAYLIGHT,REAR TO FRONT,NOT DIVIDED,STOP SIGN/FLASHER,DRIVING SKILLS/KNOWLEDGE/EXPERIENCE,NOT APPLICABLE,0,0,0,0,17,2,8,2402,ASHLAND AVE,41.897393,-87.583963,08/24/2020 06:38:00 PM,2020
CR00017600,08/21/2021 10:34:00 PM,35,SNOW,DAYLIGHT,PEDESTRIAN,ONE-WAY,TRAFFIC SIGNAL,FOLLOWING TOO CLOSELY,FAILING TO YIELD RIGHT-OF-WAY,0,0,0,0,22,7,8,1105,CLARK ST,41.958998,-87.559852,08/21/2021 11:18:00 PM,2021
CR00017601,12/08/2022 02:54:00 PM,30,RAIN,DAYLIGHT,REAR END,DIVIDED - W/MEDIAN (NOT RAISED),YIELD,IMPROPER LANE USAGE,FAILING TO YIELD RIGHT-OF-WAY,0,0,1,1,14,5,12,1881,MILWAUKEE AVE,41.816012,-87.782752,12/08/2022 04:31:00 PM,2022
CR00017602,09/30/2020 07:49:00 AM,40,RAIN,DARKNESS,REAR END,ONE-WAY,TRAFFIC SIGNAL,DISREGARDING TRAFFIC SIGNALS,FOLLOWING TOO CLOSELY,0,0,0,0,7,4,9,1463,DAMEN AVE,41.932413,-87.726791,09/30/2020 09:22:00 AM,2020
CR00017603,02/11/2021 11:29:00 PM,15,CLEAR,DAYLIGHT,REAR END,DIVIDED - W/MEDIAN (NOT RAISED),NO CONTROLS,DISTRACTION - FROM INSIDE VEHICLE,NOT APPLICABLE,0,0,0,0,23,5,2,2513,ASHLAND AVE,41.828892,-87.686337,02/12/2021 12:36:00 AM,2021
CR00017604,10/09/2023 08:43:00 PM,25,CLEAR,DARKNESS - LIGHTED ROAD,REAR TO FRONT,ONE-WAY,TRAFFIC SIGNAL,UNABLE TO DETERMINE,FAILING TO REDUCE SPEED,0,0,0,0,20,2,10,2165,63RD ST,41.852985,-87.621901,10/09/2023 10:30:00 PM,2023
CR00017605,11/15/2021 11:44:00 AM,15,CLEAR,DARKNESS - LIGHTED ROAD,TURNING,DIVIDED - W/MEDIAN BARRIER,TRAFFIC SIGNAL,UNABLE TO DETERMINE,NOT APPLICABLE,0,0,0,0,11,2,11,146,STONY ISLAND AVE,41.914745,-87.756554,11/15/2021 11:46:00 AM,2021
CR00017606,02/23/2023 12:04:00 AM,25,CLEAR,DARKNESS - LIGHTED ROAD,TURNING,ONE-WAY,NO CONTROLS,FAILING TO REDUCE SPEED,UNABLE TO DETERMINE,0,0,2,2,0,5,2,2150,ASHLAND AVE,41.981809,-87.567694,02/23/2023 12:08:00 AM,2023
CR00017607,07/06/2015 04:55:00 PM,25,CLEAR,DUSK,SIDESWIPE SAME DIRECTION,NOT DIVIDED,STOP SIGN/FLASHER,FOLLOWING TOO CLOSELY,NOT APPLICABLE,0,0,0,0,16,2,7,1829,CLARK ST,41.965212,-87.702056,07/06/2015 05:43:00 PM,2015
CR00017608,03/14/2015 08:11:00 AM,30,RAIN,DAYLIGHT,TURNING,DIVIDED - W/MEDIAN (NOT RAISED),STOP SIGN/FLASHER,FAILING TO YIELD RIGHT-OF-WAY,UNABLE TO DETERMINE,0,0,0,0,8,7,3,2415,79TH ST,41.788134,-87.674971,03/14/2015 08:20:00 AM,2015
CR00017609,08/06/2022 05:42:00 PM,35,CLEAR,DARKNESS,REAR TO FRONT,DIVIDED - W/MEDIAN (NOT RAISED),TRAFFIC SIGNAL,UNABLE TO DETERMINE,UNABLE TO DETERMINE,0,0,0,0,17,7,8,612,CALIFORNIA AVE,41.798764,-87.796964,08/06/2022 05:55:00 PM,2022
CR00017610,11/10/2019 08:30:00 AM,30,CLEAR,DAYLIGHT,SIDESWIPE SAME DIRECTION,NOT DIVIDED,TRAFFIC SIGNAL,UNABLE TO DETERMINE,DISTRACTION - FROM INSIDE VEHICLE,0,0,0,0,8,1,11,997,BROADWAY,41.919321,-87.676552,11/10/2019 10:06:00 AM,2019
CR00017611,03/12/2015 07:08:00 PM,25,CLEAR,DAYLIGHT,TURNING,DIVIDED - W/MEDIAN (NOT RAISED),TRAFFIC SIGNAL,UNABLE TO DETERMINE,FAILING TO YIELD RIGHT-OF-WAY,0,0,2,2,19,5,3,931,FULLERTON AVE,41.916279,-87.742753,03/12/2015 08:54:00 PM,2015
CR00017612,02/09/2016 05:51:00 PM,30,CLOUDY/OVERCAST,DARKNESS - LIGHTED ROAD,REAR END,ONE-WAY,NO CONTROLS,UNABLE TO DETERMINE,IMPROPER LANE USAGE,0,0,2,2,17,3,2,2392,DIVISION ST,41.968701,-87.505948,02/09/2016 06:42:00 PM,2016
CR00017613,04/09/2024 12:38:00 PM,20,RAIN,DARKNESS - LIGHTED ROAD,SIDESWIPE SAME DIRECTION,DIVIDED - W/MEDIAN (NOT RAISED),NO CONTROLS,FOLLOWING TOO CLOSELY,NOT APPLICABLE,0,0,0,0,12,3,4,635,PULASKI RD,41.873009,-87.674275,04/09/2024 02:03:00 PM,2024