CRASH_RECORD_ID,CRASH_DATE,POSTED_SPEED_LIMIT,WEATHER_CONDITION,LIGHTING_CONDITION,FIRST_CRASH_TYPE,TRAFFICWAY_TYPE,TRAFFIC_CONTROL_DEVICE,PRIM_CONTRIBUTORY_CAUSE,SEC_CONTRIBUTORY_CAUSE,INJURIES_FATAL,INJURIES_INCAPACITATING,INJURIES_NON_INCAPACITATING,INJURIES_TOTAL,CRASH_HOUR,CRASH_DAY_OF_WEEK,CRASH_MONTH,BEAT_OF_OCCURRENCE,STREET_NAME,LATITUDE,LONGITUDE,DATE_POLICE_NOTIFIED,year
CR00017614,03/04/2024 02:22:00 PM,20,CLEAR,DAYLIGHT,TURNING,DIVIDED - W/MEDIAN BARRIER,PEDESTRIAN CROSSING SIGN,DRIVING SKILLS/KNOWLEDGE/EXPERIENCE,UNABLE TO DETERMINE,0,0,0,0,14,2,3,1555,CLARK ST,41.737407,-87.752217,03/04/2024 02:41:00 PM,2024
CR00017615,09/04/2020 03:58:00 AM,40,CLEAR,DAYLIGHT,ANGLE,FOUR WAY,STOP SIGN/FLASHER,IMPROPER LANE USAGE,DISREGARDING TRAFFIC SIGNALS,0,2,0,2,3,6,9,333,MILWAUKEE AVE,41.90624,-87.738764,09/04/2020 04:01:00 AM,2020
CR00017616,08/26/2020 01:47:00 PM,35,CLEAR,DAYLIGHT,SIDESWIPE SAME DIRECTION,ONE-WAY,NO CONTROLS,UNABLE TO DETERMINE,DISTRACTION - FROM INSIDE VEHICLE,0,1,1,2,13,4,8,798,PULASKI RD,41.700526,-87.780676,08/26/2020 03:40:00 PM,2020
CR00017617,06/25/2018 05:28:00 PM,30,CLEAR,DARKNESS,REAR TO FRONT,FOUR WAY,STOP SIGN/FLASHER,DISREGARDING TRAFFIC SIGNALS,UNABLE TO DETERMINE,0,0,0,0,17,2,6,466,CALIFORNIA AVE,41.864399,-87.665162,06/25/2018 05:36:00 PM,2018
CR00017618,05/27/2019 08:07:00 AM,25,CLEAR,DAYLIGHT,TURNING,NOT DIVIDED,TRAFFIC SIGNAL,FAILING TO YIELD RIGHT-OF-WAY,NOT APPLICABLE,0,0,0,0,8,2,5,260,STATE ST,41.96163,-87.702849,05/27/2019 08:24:00 AM,2019
CR00017619,10/02/2018 06:28:00 PM,40,CLEAR,DAWN,REAR END,DIVIDED - W/MEDIAN (NOT RAISED),STOP SIGN/FLASHER,DISTRACTION - FROM INSIDE VEHICLE,UNABLE TO DETERMINE,0,0,0,0,18,3,10,2101,MICHIGAN AVE,41.892487,-87.741952,10/02/2018 06:55:00 PM,2018
CR00017620,08/20/2019 12:21:00 AM,30,CLEAR,DARKNESS - LIGHTED ROAD,REAR END,NOT DIVIDED,NO CONTROLS,UNABLE TO DETERMINE,FOLLOWING TOO CLOSELY,0,0,0,0,0,3,8,1286,BROADWAY,41.765438,-87.631384,08/20/2019 01:47:00 AM,2019
CR00017621,07/28/2016 01:36:00 PM,45,CLEAR,DARKNESS - LIGHTED ROAD,ANGLE,ONE-WAY,NO CONTROLS,UNABLE TO DETERMINE,WEATHER,0,0,3,3,13,5,7,1326,OGDEN AVE,41.718876,-87.702179,07/28/2016 01:45:00 PM,2016
CR00017622,07/27/2023 11:54:00 AM,30,CLEAR,DAYLIGHT,PEDESTRIAN,DIVIDED - W/MEDIAN (NOT RAISED),TRAFFIC SIGNAL,FOLLOWING TOO CLOSELY,IMPROPER OVERTAKING/PASSING,0,0,0,0,11,5,7,416,WESTERN AVE,41.755144,-87.825759,07/27/2023 01:09:00 PM,2023
CR00017623,09/15/2018 10:01:00 AM,25,SNOW,DARKNESS - LIGHTED ROAD,FIXED OBJECT,NOT DIVIDED,NO CONTROLS,UNABLE TO DETERMINE,FAILING TO YIELD RIGHT-OF-WAY,0,0,0,0,10,7,9,390,IRVING PARK RD,41.93627,-87.644438,09/15/2018 11:03:00 AM,2018
CR00017624,11/02/2024 02:17:00 AM,45,CLEAR,DAYLIGHT,REAR END,NOT DIVIDED,YIELD,UNABLE TO DETERMINE,DISTRACTION - FROM INSIDE VEHICLE,0,0,0,0,2,7,11,2001,HALSTED ST,41.756738,-87.736173,11/02/2024 03:55:00 AM,2024
CR00017625,06/14/2018 05:26:00 PM,25,CLEAR,DAYLIGHT,SIDESWIPE SAME DIRECTION,T-INTERSECTION,STOP SIGN/FLASHER,IMPROPER OVERTAKING/PASSING,UNABLE TO DETERMINE,0,0,0,0,17,5,6,1463,ROOSEVELT RD,41.990544,-87.57096,06/14/2018 06:33:00 PM,2018
CR00017626,07/31/2016 08:40:00 AM,30,CLEAR,DAYLIGHT,SIDESWIPE SAME DIRECTION,T-INTERSECTION,PEDESTRIAN CROSSING SIGN,UNABLE TO DETERMINE,FOLLOWING TOO CLOSELY,0,0,0,0,8,1,7,734,IRVING PARK RD,41.992252,-87.704495,07/31/2016 09:23:00 AM,2016
CR00017627,04/23/2019 12:07:00 PM,15,CLEAR,DAYLIGHT,ANGLE,DIVIDED - W/MEDIAN BARRIER,NO CONTROLS,FAILING TO YIELD RIGHT-OF-WAY,NOT APPLICABLE,0,0,0,0,12,3,4,1075,DAMEN AVE,41.892274,-87.756841,04/23/2019 02:03:00 PM,2019
CR00017628,07/23/2021 03:18:00 PM,30,CLEAR,DAYLIGHT,TURNING,FOUR WAY,NO CONTROLS,DRIVING SKILLS/KNOWLEDGE/EXPERIENCE,DRIVING SKILLS/KNOWLEDGE/EXPERIENCE,0,0,0,0,15,6,7,1164,79TH ST,41.753851,-87.679117,07/23/2021 04:22:00 PM,2021
CR00017629,08/06/2023 06:54:00 PM,30,CLOUDY/OVERCAST,DAYLIGHT,REAR END,NOT DIVIDED,UNKNOWN,IMPROPER OVERTAKING/PASSING,UNABLE TO DETERMINE,0,0,0,0,18,1,8,2392,IRVING PARK RD,41.746947,-87.804133,08/06/2023 07:44:00 PM,2023
CR00017630,10/26/2016 07:18:00 PM,15,CLEAR,DAYLIGHT,TURNING,FOUR WAY,STOP SIGN/FLASHER,FAILING TO YIELD RIGHT-OF-WAY,UNABLE TO DETERMINE,0,0,0,0,19,4,10,452,63RD ST,41.840392,-87.739249,10/26/2016 08:56:00 PM,2016
CR00017631,07/01/2016 11:30:00 AM,35,CLEAR,DARKNESS - LIGHTED ROAD,SIDESWIPE SAME DIRECTION,NOT DIVIDED,TRAFFIC SIGNAL,FAILING TO YIELD RIGHT-OF-WAY,FAILING TO YIELD RIGHT-OF-WAY,0,0,3,3,11,6,7,349,ELSTON AVE,41.784214,-87.623091,07/01/2016 11:37:00 AM,2016
CR00017632,08/25/2015 04:12:00 PM,45,FREEZING RAIN/DRIZZLE,DAYLIGHT,TURNING,NOT DIVIDED,NO CONTROLS,UNABLE TO DETERMINE,DRIVING SKILLS/KNOWLEDGE/EXPERIENCE,0,0,1,1,16,3,8,465,BROADWAY,41.757559,-87.520839,08/25/2015 06:11:00 PM,2015
CR00017633,04/14/2019 11:18:00 PM,35,SNOW,DAYLIGHT,PEDESTRIAN,DIVIDED - W/MEDIAN BARRIER,NO CONTROLS,FOLLOWING TOO CLOSELY,IMPROPER LANE USAGE,0,0,0,0,23,1,4,2152,HALSTED ST,41.867159,-87.561869,04/15/2019 12:20:00 AM,2019
CR00017634,02/11/2018 09:01:00 PM,30,RAIN,DAYLIGHT,PARKED MOTOR VEHICLE,DIVIDED - W/MEDIAN (NOT RAISED),TRAFFIC SIGNAL,UNABLE TO DETERMINE,DISTRACTION - FROM INSIDE VEHICLE,0,0,0,0,21,1,2,1890,MICHIGAN AVE,41.879756,-87.719029,02/11/2018 09:46:00 PM,2018
CR00017635,11/29/2021 11:10:00 AM,40,CLEAR,DAYLIGHT,PEDESTRIAN,ONE-WAY,TRAFFIC SIGNAL,DISTRACTION - FROM INSIDE VEHICLE,DRIVING SKILLS/KNOWLEDGE/EXPERIENCE,0,0,0,0,11,2,11,368,ELSTON AVE,41.916736,-87.686949,11/29/2021 12:07:00 PM,2021
CR00017636,12/29/2018 05:58:00 PM,25,SNOW,DARKNESS - LIGHTED ROAD,SIDESWIPE SAME DIRECTION,T-INTERSECTION,TRAFFIC SIGNAL,WEATHER,NOT APPLICABLE,0,0,0,0,17,7,12,605,WESTERN AVE,41.836131,-87.706817,12/29/2018 06:17:00 PM,2018
CR00017637,09/20/2018 11:55:00 AM,35,FOG/SMOKE/HAZE,DUSK,PARKED MOTOR VEHICLE,NOT DIVIDED,NO CONTROLS,DISTRACTION - FROM INSIDE VEHICLE,FOLLOWING TOO CLOSELY,0,0,0,0,11,5,9,623,ARCHER AVE,41.700857,-87.724294,09/20/2018 12:47:00 PM,2018
CR00017638,08/04/2023 11:21:00 PM,30,CLEAR,DAYLIGHT,PARKED MOTOR VEHICLE,NOT DIVIDED,NO CONTROLS,FOLLOWING TOO CLOSELY,NOT APPLICABLE,0,0,0,0,23,6,8,1547,FULLERTON AVE,41.905945,-87.827558,08/05/2023 12:53:00 AM,2023
CR00017639,03/08/2018 03:46:00 PM,45,CLOUDY/OVERCAST,DAYLIGHT,ANGLE,NOT DIVIDED,TRAFFIC SIGNAL,FOLLOWING TOO CLOSELY,UNABLE TO DETERMINE,0,0,0,0,15,5,3,1825,STONY ISLAND AVE,41.997566,-87.577449,03/08/2018 03:54:00 PM,2018
CR00017640,05/13/2016 10:04:00 PM,30,CLEAR,DAYLIGHT,REAR END,NOT DIVIDED,TRAFFIC SIGNAL,DISTRACTION - FROM INSIDE VEHICLE,FOLLOWING TOO CLOSELY,0,0,2,2,22,6,5,2131,CICERO AVE,41.71566,-87.803916,05/13/2016 10:54:00 PM,2016
CR00017641,11/30/2023 05:21:00 PM,30,CLEAR,DARKNESS - LIGHTED ROAD,REAR END,ONE-WAY,NO CONTROLS,FAILING TO YIELD RIGHT-OF-WAY,FAILING TO REDUCE SPEED,0,0,0,0,17,5,11,1530,STATE ST,41.979513,-87.731572,11/30/2023 06:42:00 PM,2023
CR00017642,01/06/2021 03:17:00 PM,20,FOG/SMOKE/HAZE,DARKNESS - LIGHTED ROAD,FIXED OBJECT,DIVIDED - W/MEDIAN BARRIER,NO CONTROLS,DISTRACTION - FROM INSIDE VEHICLE,FAILING TO YIELD RIGHT-OF-WAY,0,1,0,1,15,4,1,1690,DAMEN AVE,41.755393,-87.704051,01/06/2021 04:50:00 PM,2021
CR00017643,07/29/2018 01:28:00 PM,35,CLEAR,DAYLIGHT,PARKED MOTOR VEHICLE,NOT DIVIDED,STOP SIGN/FLASHER,UNABLE TO DETERMINE,UNABLE TO DETERMINE,0,0,1,1,13,1,7,251,DIVISION ST,41.906617,-87.604874,07/29/2018 02:38:00 PM,2018
CR00017644,02/20/2023 11:33:00 PM,30,SNOW,DAYLIGHT,REAR END,NOT DIVIDED,UNKNOWN,FAILING TO YIELD RIGHT-OF-WAY,NOT APPLICABLE,0,0,0,0,23,2,2,246,IRVING PARK RD,41.748792,-87.640316,02/21/2023 01:02:00 AM,2023
CR00017645,03/11/2023 12:14:00 PM,30,CLEAR,DARKNESS - LIGHTED ROAD,SIDESWIPE SAME DIRECTION,FOUR WAY,NO CONTROLS,DRIVING SKILLS/KNOWLEDGE/EXPERIENCE,WEATHER,0,0,0,0,12,7,3,249,MILWAUKEE AVE,41.925295,-87.805468,03/11/2023 12:23:00 PM,2023
CR00017646,01/16/2019 12:00:00 PM,30,CLEAR,DAWN,TURNING,DIVIDED - W/MEDIAN BARRIER,STOP SIGN/FLASHER,DISTRACTION - FROM INSIDE VEHICLE,NOT APPLICABLE,0,1,1,2,12,4,1,1343,CALIFORNIA AVE,41.71682,-87.698778,01/16/2019 01:19:00 PM,2019
CR00017647,09/08/2017 01:18:00 PM,30,SNOW,DAYLIGHT,REAR END,ONE-WAY,NO CONTROLS,IMPROPER LANE USAGE,WEATHER,0,0,0,0,13,6,9,127,KEDZIE AVE,41.770052,-87.682057,09/08/2017 02:16:00 PM,2017
CR00017648,09/07/2020 01:19:00 PM,15,CLEAR,DAYLIGHT,REAR END,NOT DIVIDED,NO CONTROLS,FAILING TO YIELD RIGHT-OF-WAY,NOT APPLICABLE,0,0,0,0,13,2,9,803,WESTERN AVE,41.830463,-87.599919,09/07/2020 02:16:00 PM,2020
CR00017649,06/20/2018 03:43:00 PM,30,CLEAR,DARKNESS - LIGHTED ROAD,ANGLE,FOUR WAY,TRAFFIC SIGNAL,DISREGARDING TRAFFIC SIGNALS,IMPROPER LANE USAGE,0,0,0,0,15,4,6,378,CALIFORNIA AVE,41.723387,-87.518921,06/20/2018 04:38:00 PM,2018
CR00017650,09/21/2018 08:08:00 AM,30,CLEAR,DARKNESS,SIDESWIPE SAME DIRECTION,NOT DIVIDED,NO CONTROLS,FAILING TO REDUCE SPEED,NOT APPLICABLE,0,0,0,0,8,6,9,1281,63RD ST,41.869597,-87.673239,09/21/2018 09:17:00 AM,2018
CR00017651,06/04/2024 05:11:00 PM,30,CLEAR,DAYLIGHT,REAR END,FOUR WAY,YIELD,FOLLOWING TOO CLOSELY,NOT APPLICABLE,0,0,0,0,17,3,6,870,MICHIGAN AVE,41.939721,-87.515591,06/04/2024 06:18:00 PM,2024
CR00017652,01/19/2015 08:55:00 AM,30,CLOUDY/OVERCAST,DARKNESS - LIGHTED ROAD,REAR END,FOUR WAY,STOP SIGN/FLASHER,DISREGARDING TRAFFIC SIGNALS,UNABLE TO DETERMINE,0,0,0,0,8,2,1,1825,63RD ST,41.827558,-87.681592,01/19/2015 10:02:00 AM,2015
CR00017653,07/12/2018 04:09:00 PM,30,RAIN,DAYLIGHT,TURNING,DIVIDED - W/MEDIAN BARRIER,UNKNOWN,DISREGARDING TRAFFIC SIGNALS,IMPROPER LANE USAGE,0,0,0,0,16,5,7,1413,BROADWAY,41.785093,-87.56209,07/12/2018 05:14:00 PM,2018
CR00017654,03/17/2019 06:52:00 PM,30,CLEAR,DARKNESS - LIGHTED ROAD,PARKED MOTOR VEHICLE,NOT DIVIDED,STOP SIGN/FLASHER,UNABLE TO DETERMINE,DRIVING SKILLS/KNOWLEDGE/EXPERIENCE,0,0,0,0,18,1,3,1881,DAMEN AVE,41.982338,-87.509483,03/17/2019 08:39:00 PM,2019
CR00017655,05/15/2023 09:00:00 AM,25,CLEAR,DARKNESS - LIGHTED ROAD,SIDESWIPE SAME DIRECTION,DIVIDED - W/MEDIAN (NOT RAISED),STOP SIGN/FLASHER,UNABLE TO DETERMINE,UNABLE TO DETERMINE,0,0,0,0,9,2,5,2316,LAKE SHORE DR,41.98695,-87.644421,05/15/2023 10:46:00 AM,2023
CR00017656,09/28/2017 10:11:00 PM,35,CLEAR,DARKNESS - LIGHTED ROAD,REAR END,DIVIDED - W/MEDIAN BARRIER,TRAFFIC SIGNAL,FOLLOWING TOO CLOSELY,UNABLE TO DETERMINE,0,0,3,3,22,5,9,662,47TH ST,41.786998,-87.830866,09/29/2017 12:00:00 AM,2017
CR00017657,09/17/2024 06:08:00 PM,30,CLEAR,DARKNESS - LIGHTED ROAD,REAR END,DIVIDED - W/MEDIAN BARRIER,NO CONTROLS,FAILING TO YIELD RIGHT-OF-WAY,NOT APPLICABLE,0,0,0,0,18,3,9,2333,79TH ST,41.788529,-87.785384,09/17/2024 06:44:00 PM,2024
CR00017658,02/18/2016 03:57:00 PM,30,CLOUDY/OVERCAST,DAYLIGHT,REAR END,ONE-WAY,NO CONTROLS,UNABLE TO DETERMINE,IMPROPER LANE USAGE,0,0,0,0,15,5,2,1717,BROADWAY,41.870006,-87.842345,02/18/2016 04:10:00 PM,2016
CR00017659,03/05/2023 08:03:00 AM,45,CLOUDY/OVERCAST,DAYLIGHT,REAR END,NOT DIVIDED,NO CONTROLS,FAILING TO YIELD RIGHT-OF-WAY,NOT APPLICABLE,0,0,0,0,8,1,3,443,ELSTON AVE,41.706236,-87.763127,03/05/2023 08:27:00 AM,2023
CR00017660,08/19/2024 07:51:00 AM,15,CLEAR,DARKNESS - LIGHTED ROAD,REAR TO FRONT,DIVIDED - W/MEDIAN BARRIER,STOP SIGN/FLASHER,UNABLE TO DETERMINE,DISREGARDING TRAFFIC SIGNALS,0,0,0,0,7,2,8,2268,DAMEN AVE,41.722107,-87.509792,08/19/2024 07:57:00 AM,2024
CR00017661,08/07/2015 07:44:00 AM,35,CLEAR,DARKNESS,FIXED OBJECT,DIVIDED - W/MEDIAN (NOT RAISED),UNKNOWN,DRIVING SKILLS/KNOWLEDGE/EXPERIENCE,NOT APPLICABLE,0,0,0,0,7,6,8,385,FULLERTON AVE,41.707212,-87.702953,08/07/2015 08:49:00 AM,2015
CR00017662,08/27/2016 02:59:00 PM,25,RAIN,DAYLIGHT,PEDESTRIAN,ONE-WAY,NO CONTROLS,DISTRACTION - FROM INSIDE VEHICLE,UNABLE TO DETERMINE,0,0,0,0,14,7,8,875,PULASKI RD,41.851941,-87.648186,08/27/2016 04:05:00 PM,2016
CR00017663,03/19/2019 08:22:00 PM,30,SNOW,DAYLIGHT,REAR END,T-INTERSECTION,TRAFFIC SIGNAL,UNABLE TO DETERMINE,DISTRACTION - FROM INSIDE VEHICLE,0,0,0,0,20,3,3,1781,63RD ST,41.987196,-87.788828,03/19/2019 08:52:00 PM,2019
CR00017664,12/17/2015 01:00:00 PM,30,CLEAR,DARKNESS - LIGHTED ROAD,TURNING,DIVIDED - W/MEDIAN BARRIER,NO CONTROLS,UNABLE TO DETERMINE,IMPROPER OVERTAKING/PASSING,0,0,0,0,13,5,12,2074,IRVING PARK RD,41.972446,-87.509378,12/17/2015 02:14:00 PM,2015
CR00017665,10/14/2023 05:35:00 PM,15,CLOUDY/OVERCAST,DAYLIGHT,REAR END,DIVIDED - W/MEDIAN BARRIER,STOP SIGN/FLASHER,FOLLOWING TOO CLOSELY,UNABLE TO DETERMINE,0,0,0,0,17,7,10,766,BROADWAY,41.973498,-87.782477,10/14/2023 06:36:00 PM,2023
CR00017666,12/10/2022 07:19:00 AM,20,RAIN,DAYLIGHT,TURNING,FOUR WAY,NO CONTROLS,UNABLE TO DETERMINE,IMPROPER OVERTAKING/PASSING,0,0,1,1,7,7,12,1090,CICERO AVE,41.767177,-87.787815,12/10/2022 08:33:00 AM,2022
CR00017667,07/14/2024 08:08:00 PM,25,SNOW,DAYLIGHT,SIDESWIPE SAME DIRECTION,DIVIDED - W/MEDIAN (NOT RAISED),YIELD,IMPROPER OVERTAKING/PASSING,FOLLOWING TOO CLOSELY,0,0,0,0,20,1,7,417,CLARK ST,41.781875,-87.727636,07/14/2024 09:00:00 PM,2024
CR00017668,12/31/2022 12:27:00 PM,30,CLEAR,DAYLIGHT,TURNING,NOT DIVIDED,TRAFFIC SIGNAL,FAILING TO REDUCE SPEED,FAILING TO REDUCE SPEED,0,0,2,2,12,7,12,1832,MILWAUKEE AVE,41.971458,-87.799993,12/31/2022 01:54:00 PM,2022
CR00017669,11/05/2019 07:15:00 AM,35,SNOW,DAYLIGHT,SIDESWIPE SAME DIRECTION,NOT DIVIDED,TRAFFIC SIGNAL,WEATHER,FOLLOWING TOO CLOSELY,0,0,0,0,7,3,11,1945,WESTERN AVE,41.746846,-87.835232,11/05/2019 08:42:00 AM,2019
CR00017670,07/21/2017 12:14:00 AM,45,CLEAR,DAYLIGHT,PARKED MOTOR VEHICLE,NOT DIVIDED,STOP SIGN/FLASHER,DISREGARDING TRAFFIC SIGNALS,NOT APPLICABLE,0,0,0,0,0,6,7,561,ROOSEVELT RD,41.921312,-87.514163,07/21/2017 01:15:00 AM,2017
CR00017671,07/08/2017 06:52:00 AM,45,CLEAR,DARKNESS - LIGHTED ROAD,ANGLE,FOUR WAY,TRAFFIC SIGNAL,FOLLOWING TOO CLOSELY,FAILING TO YIELD RIGHT-OF-WAY,0,0,0,0,6,7,7,2001,CALIFORNIA AVE,41.715962,-87.714091,07/08/2017 08:20:00 AM,2017
CR00017672,02/19/2015 07:45:00 AM,35,CLEAR,DARKNESS,REAR END,NOT DIVIDED,NO CONTROLS,UNABLE TO DETERMINE,UNABLE TO DETERMINE,0,1,3,4,7,5,2,160,KEDZIE AVE,41.937501,-87.827362,02/19/2015 09:10:00 AM,2015
CR00017673,04/26/2020 05:55:00 PM,35,CLEAR,DAYLIGHT,TURNING,DIVIDED - W/MEDIAN BARRIER,TRAFFIC SIGNAL,DISREGARDING TRAFFIC SIGNALS,FAILING TO YIELD RIGHT-OF-WAY,0,0,0,0,17,1,4,576,STATE ST,41.704338,-87.500782,04/26/2020 07:53:00 PM,2020
CR00017674,05/14/2018 05:17:00 PM,25,CLEAR,DUSK,ANGLE,DIVIDED - W/MEDIAN (NOT RAISED),NO CONTROLS,UNABLE TO DETERMINE,NOT APPLICABLE,0,0,0,0,17,2,5,1550,OGDEN AVE,41.805779,-87.707408,05/14/2018 05:43:00 PM,2018
CR00017675,08/28/2022 10:02:00 PM,30,CLEAR,DAYLIGHT,PEDESTRIAN,NOT DIVIDED,TRAFFIC SIGNAL,IMPROPER OVERTAKING/PASSING,FOLLOWING TOO CLOSELY,0,0,0,0,22,1,8,2403,ROOSEVELT RD,41.746867,-87.802065,08/28/2022 11:52:00 PM,2022
CR00017676,06/23/2021 07:47:00 PM,35,CLEAR,DAYLIGHT,REAR END,DIVIDED - W/MEDIAN (NOT RAISED),NO CONTROLS,DISTRACTION - FROM INSIDE VEHICLE,UNABLE TO DETERMINE,0,0,0,0,19,4,6,2154,STATE ST,41.772279,-87.769827,06/23/2021 08:44:00 PM,2021
CR00017677,10/07/2021 07:19:00 PM,30,CLEAR,DAYLIGHT,REAR END,DIVIDED - W/MEDIAN (NOT RAISED),NO CONTROLS,DISTRACTION - FROM INSIDE VEHICLE,FOLLOWING TOO CLOSELY,0,0,0,0,19,5,10,447,47TH ST,41.868255,-87.537046,10/07/2021 08:15:00 PM,2021
CR00017678,11/21/2016 08:54:00 AM,25,CLEAR,DAYLIGHT,PEDESTRIAN,NOT DIVIDED,NO CONTROLS,FOLLOWING TOO CLOSELY,FOLLOWING TOO CLOSELY,0,0,1,1,8,2,11,518,PULASKI RD,41.91387,-87.70756,11/21/2016 09:59:00 AM,2016
CR00017679,05/03/2016 06:19:00 PM,35,CLEAR,DAYLIGHT,PARKED MOTOR VEHICLE,NOT DIVIDED,TRAFFIC SIGNAL,UNABLE TO DETERMINE,UNABLE TO DETERMINE,0,0,0,0,18,3,5,1968,LAKE SHORE DR,41.725112,-87.599769,05/03/2016 06:32:00 PM,2016
CR00017680,11/25/2015 02:05:00 PM,25,CLEAR,DAYLIGHT,PARKED MOTOR VEHICLE,DIVIDED - W/MEDIAN (NOT RAISED),TRAFFIC SIGNAL,UNABLE TO DETERMINE,NOT APPLICABLE,0,0,1,1,14,4,11,2479,79TH ST,41.95537,-87.67032,11/25/2015 02:15:00 PM,2015
CR00017681,04/03/2022 12:09:00 PM,15,CLEAR,DAYLIGHT,REAR END,T-INTERSECTION,NO CONTROLS,DISTRACTION - FROM INSIDE VEHICLE,DISREGARDING TRAFFIC SIGNALS,0,0,0,0,12,1,4,1724,MILWAUKEE AVE,41.832268,-87.517832,04/03/2022 12:30:00 PM,2022
CR00017682,04/10/2017 01:49:00 PM,30,CLEAR,DAWN,ANGLE,DIVIDED - W/MEDIAN BARRIER,STOP SIGN/FLASHER,DISTRACTION - FROM INSIDE VEHICLE,UNABLE TO DETERMINE,0,0,0,0,13,2,4,1297,79TH ST,41.816363,-87.774473,04/10/2017 02:29:00 PM,2017
CR00017683,04/26/2023 08:31:00 AM,30,CLEAR,DARKNESS - LIGHTED ROAD,TURNING,DIVIDED - W/MEDIAN (NOT RAISED),TRAFFIC SIGNAL,IMPROPER OVERTAKING/PASSING,NOT APPLICABLE,0,0,1,1,8,4,4,360,STONY ISLAND AVE,41.7434,-87.595318,04/26/2023 08:46:00 AM,2023
CR00017684,12/13/2021 05:26:00 PM,45,SNOW,DARKNESS - LIGHTED ROAD,ANGLE,NOT DIVIDED,TRAFFIC SIGNAL,IMPROPER OVERTAKING/PASSING,FOLLOWING TOO CLOSELY,0,0,0,0,17,2,12,1784,CLARK ST,41.898393,-87.815565,12/13/2021 06:40:00 PM,2021
CR00017685,03/20/2017 11:56:00 AM,30,CLEAR,DARKNESS - LIGHTED ROAD,TURNING,NOT DIVIDED,STOP SIGN/FLASHER,IMPROPER LANE USAGE,DRIVING SKILLS/KNOWLEDGE/EXPERIENCE,0,0,0,0,11,2,3,1043,63RD ST,41.89321,-87.601863,03/20/2017 12:44:00 PM,2017
CR00017686,09/23/2016 07:53:00 PM,40,RAIN,DAYLIGHT,REAR END,T-INTERSECTION,UNKNOWN,DISTRACTION - FROM INSIDE VEHICLE,IMPROPER OVERTAKING/PASSING,0,0,0,0,19,6,9,332,DAMEN AVE,41.704252,-87.651492,09/23/2016 08:40:00 PM,2016
CR00017687,02/14/2017 02:24:00 AM,30,RAIN,DARKNESS - LIGHTED ROAD,SIDESWIPE SAME DIRECTION,NOT DIVIDED,NO CONTROLS,UNABLE TO DETERMINE,DISREGARDING TRAFFIC SIGNALS,0,0,0,0,2,3,2,1845,HALSTED ST,41.77109,-87.512096,02/14/2017 02:28:00 AM,2017
CR00017688,12/29/2018 07:13:00 AM,30,CLEAR,DAYLIGHT,ANGLE,NOT DIVIDED,TRAFFIC SIGNAL,UNABLE TO DETERMINE,DRIVING SKILLS/KNOWLEDGE/EXPERIENCE,0,0,0,0,7,7,12,117,CICERO AVE,41.968412,-87.61107,12/29/2018 07:50:00 AM,2018
CR00017689,07/20/2018 06:21:00 PM,25,CLEAR,DAYLIGHT,REAR END,ONE-WAY,UNKNOWN,DISREGARDING TRAFFIC SIGNALS,FOLLOWING TOO CLOSELY,0,0,0,0,18,6,7,654,79TH ST,41.754603,-87.759953,07/20/2018 08:04:00 PM,2018
CR00017690,06/07/2021 12:33:00 PM,30,FREEZING RAIN/DRIZZLE,DAYLIGHT,REAR END,ONE-WAY,STOP SIGN/FLASHER,WEATHER,DRIVING SKILLS/KNOWLEDGE/EXPERIENCE,0,0,0,0,12,2,6,742,ARCHER AVE,41.824475,-87.814606,06/07/2021 02:27:00 PM,2021
CR00017691,07/12/2021 03:49:00 PM,15,CLEAR,DAWN,REAR END,NOT DIVIDED,TRAFFIC SIGNAL,UNABLE TO DETERMINE,NOT APPLICABLE,0,1,3,4,15,2,7,2130,STATE ST,41.717207,-87.677491,07/12/2021 05:44:00 PM,2021
CR00017692,08/01/2018 09:35:00 AM,45,CLEAR,DAYLIGHT,REAR END,DIVIDED - W/MEDIAN (NOT RAISED),STOP SIGN/FLASHER,UNABLE TO DETERMINE,NOT APPLICABLE,0,0,0,0,9,4,8,1694,BROADWAY,41.822744,-87.807125,08/01/2018 10:19:00 AM,2018
CR00017693,09/14/2019 07:32:00 AM,45,CLEAR,DAYLIGHT,REAR END,NOT DIVIDED,NO CONTROLS,DISTRACTION - FROM INSIDE VEHICLE,DISTRACTION - FROM INSIDE VEHICLE,0,0,0,0,7,7,9,236,MILWAUKEE AVE,41.844642,-87.518017,09/14/2019 08:51:00 AM,2019
CR00017694,09/15/2019 01:10:00 PM,15,CLEAR,DAYLIGHT,ANGLE,ONE-WAY,TRAFFIC SIGNAL,UNABLE TO DETERMINE,DRIVING SKILLS/KNOWLEDGE/EXPERIENCE,0,0,0,0,13,1,9,654,OGDEN AVE,41.923137,-87.734617,09/15/2019 01:47:00 PM,2019
CR00017695,02/23/2020 08:00:00 PM,30,CLEAR,DAWN,REAR TO FRONT,NOT DIVIDED,NO CONTROLS,DISREGARDING TRAFFIC SIGNALS,FOLLOWING TOO CLOSELY,0,0,1,1,20,1,2,2353,CICERO AVE,41.79765,-87.724442,02/23/2020 08:37:00 PM,2020