CRASH_RECORD_ID,CRASH_DATE,POSTED_SPEED_LIMIT,WEATHER_CONDITION,LIGHTING_CONDITION,FIRST_CRASH_TYPE,TRAFFICWAY_TYPE,TRAFFIC_CONTROL_DEVICE,PRIM_CONTRIBUTORY_CAUSE,SEC_CONTRIBUTORY_CAUSE,INJURIES_FATAL,INJURIES_INCAPACITATING,INJURIES_NON_INCAPACITATING,INJURIES_TOTAL,CRASH_HOUR,CRASH_DAY_OF_WEEK,CRASH_MONTH,BEAT_OF_OCCURRENCE,STREET_NAME,LATITUDE,LONGITUDE,DATE_POLICE_NOTIFIED,year
CR00017696,12/28/2021 10:37:00 AM,35,SNOW,DARKNESS,PEDESTRIAN,DIVIDED - W/MEDIAN (NOT RAISED),STOP SIGN/FLASHER,IMPROPER OVERTAKING/PASSING,IMPROPER LANE USAGE,0,0,0,0,10,3,12,1877,ROOSEVELT RD,41.89118,-87.729778,12/28/2021 11:31:00 AM,2021
CR00017697,12/26/2017 08:57:00 AM,30,RAIN,DAYLIGHT,PARKED MOTOR VEHICLE,NOT DIVIDED,NO CONTROLS,FAILING TO YIELD RIGHT-OF-WAY,DRIVING SKILLS/KNOWLEDGE/EXPERIENCE,0,0,0,0,8,3,12,1165,PULASKI RD,41.843213,-87.531324,12/26/2017 09:52:00 AM,2017
CR00017698,10/06/2020 09:20:00 PM,20,CLEAR,DARKNESS - LIGHTED ROAD,TURNING,ONE-WAY,UNKNOWN,UNABLE TO DETERMINE,UNABLE TO DETERMINE,0,0,0,0,21,3,10,822,47TH ST,41.796438,-87.748988,10/06/2020 10:59:00 PM,2020
CR00017699,02/24/2023 10:38:00 AM,30,CLEAR,DAYLIGHT,REAR END,ONE-WAY,NO CONTROLS,DRIVING SKILLS/KNOWLEDGE/EXPERIENCE,FOLLOWING TOO CLOSELY,0,0,0,0,10,6,2,1985,KEDZIE AVE,41.796692,-87.674071,02/24/2023 11:23:00 AM,2023
CR00017700,07/26/2019 06:26:00 AM,35,CLEAR,DAYLIGHT,PEDESTRIAN,DIVIDED - W/MEDIAN BARRIER,STOP SIGN/FLASHER,FAILING TO YIELD RIGHT-OF-WAY,FAILING TO YIELD RIGHT-OF-WAY,0,0,0,0,6,6,7,1652,ELSTON AVE,41.862247,-87.824435,07/26/2019 07:05:00 AM,2019
CR00017701,04/05/2020 03:45:00 AM,15,RAIN,DAYLIGHT,REAR TO FRONT,NOT DIVIDED,UNKNOWN,IMPROPER LANE USAGE,DISTRACTION - FROM INSIDE VEHICLE,0,0,0,0,3,1,4,1384,HALSTED ST,41.849129,-87.775269,04/05/2020 03:53:00 AM,2020
CR00017702,10/11/2016 12:11:00 PM,30,CLEAR,DARKNESS - LIGHTED ROAD,TURNING,NOT DIVIDED,TRAFFIC SIGNAL,FAILING TO YIELD RIGHT-OF-WAY,FOLLOWING TOO CLOSELY,0,0,0,0,12,3,10,1939,STONY ISLAND AVE,41.914449,-87.510031,10/11/2016 01:49:00 PM,2016
CR00017703,07/10/2016 03:05:00 PM,20,CLEAR,DAYLIGHT,PEDESTRIAN,NOT DIVIDED,STOP SIGN/FLASHER,DISREGARDING TRAFFIC SIGNALS,DISREGARDING TRAFFIC SIGNALS,0,0,1,1,15,1,7,147,HALSTED ST,41.809877,-87.663439,07/10/2016 03:22:00 PM,2016
CR00017704,11/14/2021 10:18:00 AM,40,RAIN,DAYLIGHT,TURNING,FOUR WAY,NO CONTROLS,FOLLOWING TOO CLOSELY,FAILING TO YIELD RIGHT-OF-WAY,0,0,0,0,10,1,11,1964,STATE ST,41.746131,-87.584439,11/14/2021 12:10:00 PM,2021
CR00017705,02/15/2016 03:53:00 PM,35,CLEAR,DAWN,PEDESTRIAN,DIVIDED - W/MEDIAN (NOT RAISED),NO CONTROLS,FAILING TO YIELD RIGHT-OF-WAY,NOT APPLICABLE,0,0,0,0,15,2,2,822,LAKE SHORE DR,41.72299,-87.669935,02/15/2016 05:46:00 PM,2016
CR00017706,07/30/2018 04:15:00 PM,20,CLEAR,DAWN,FIXED OBJECT,DIVIDED - W/MEDIAN BARRIER,TRAFFIC SIGNAL,FAILING TO YIELD RIGHT-OF-WAY,UNABLE TO DETERMINE,0,0,0,0,16,2,7,638,63RD ST,41.73781,-87.610203,07/30/2018 04:31:00 PM,2018
CR00017707,01/21/2020 02:25:00 PM,15,CLEAR,DARKNESS - LIGHTED ROAD,SIDESWIPE SAME DIRECTION,NOT DIVIDED,STOP SIGN/FLASHER,UNABLE TO DETERMINE,UNABLE TO DETERMINE,0,0,0,0,14,3,1,1855,KEDZIE AVE,41.804281,-87.734207,01/21/2020 03:13:00 PM,2020
CR00017708,02/19/2015 12:58:00 AM,35,CLEAR,DAYLIGHT,TURNING,NOT DIVIDED,NO CONTROLS,FOLLOWING TOO CLOSELY,FAILING TO YIELD RIGHT-OF-WAY,0,0,0,0,0,5,2,1371,HALSTED ST,41.965593,-87.559909,02/19/2015 02:08:00 AM,2015
CR00017709,03/01/2024 07:16:00 PM,35,CLEAR,DAYLIGHT,REAR END,NOT DIVIDED,PEDESTRIAN CROSSING SIGN,UNABLE TO DETERMINE,FAILING TO YIELD RIGHT-OF-WAY,0,0,0,0,19,6,3,1833,STATE ST,41.762743,-87.814791,03/01/2024 07:35:00 PM,2024
CR00017710,04/29/2023 03:31:00 PM,40,CLEAR,DAYLIGHT,ANGLE,NOT DIVIDED,NO CONTROLS,UNABLE TO DETERMINE,NOT APPLICABLE,0,1,1,2,15,7,4,1375,OGDEN AVE,41.906704,-87.849361,04/29/2023 05:25:00 PM,2023
CR00017711,12/17/2023 05:33:00 PM,35,CLEAR,DAYLIGHT,FIXED OBJECT,DIVIDED - W/MEDIAN (NOT RAISED),TRAFFIC SIGNAL,FAILING TO YIELD RIGHT-OF-WAY,UNABLE TO DETERMINE,0,0,0,0,17,1,12,1004,47TH ST,41.909392,-87.659019,12/17/2023 06:01:00 PM,2023
CR00017712,02/19/2018 11:56:00 AM,40,RAIN,DARKNESS - LIGHTED ROAD,PARKED MOTOR VEHICLE,DIVIDED - W/MEDIAN BARRIER,NO CONTROLS,FAILING TO REDUCE SPEED,UNABLE TO DETERMINE,0,0,0,0,11,2,2,363,BROADWAY,41.929829,-87.629873,02/19/2018 11:58:00 AM,2018
CR00017713,07/06/2020 01:33:00 PM,15,SNOW,DUSK,REAR END,NOT DIVIDED,NO CONTROLS,IMPROPER OVERTAKING/PASSING,NOT APPLICABLE,0,0,0,0,13,2,7,771,63RD ST,41.771875,-87.725484,07/06/2020 02:53:00 PM,2020
CR00017714,03/12/2022 05:27:00 PM,35,CLEAR,DAWN,ANGLE,T-INTERSECTION,NO CONTROLS,FAILING TO YIELD RIGHT-OF-WAY,IMPROPER OVERTAKING/PASSING,0,0,0,0,17,7,3,2231,MICHIGAN AVE,41.85351,-87.673338,03/12/2022 07:26:00 PM,2022
CR00017715,01/06/2023 12:48:00 AM,25,CLEAR,DARKNESS - LIGHTED ROAD,SIDESWIPE SAME DIRECTION,NOT DIVIDED,TRAFFIC SIGNAL,UNABLE TO DETERMINE,IMPROPER OVERTAKING/PASSING,0,0,0,0,0,6,1,2070,ELSTON AVE,41.838539,-87.700999,01/06/2023 01:15:00 AM,2023
CR00017716,12/15/2023 09:59:00 AM,35,RAIN,DAYLIGHT,TURNING,NOT DIVIDED,STOP SIGN/FLASHER,DISREGARDING TRAFFIC SIGNALS,UNABLE TO DETERMINE,0,0,0,0,9,6,12,738,ELSTON AVE,41.800375,-87.613584,12/15/2023 11:54:00 AM,2023
CR00017717,05/13/2015 03:13:00 AM,20,CLEAR,DAYLIGHT,PARKED MOTOR VEHICLE,DIVIDED - W/MEDIAN (NOT RAISED),TRAFFIC SIGNAL,FOLLOWING TOO CLOSELY,WEATHER,0,0,0,0,3,4,5,1897,CLARK ST,41.90269,-87.612317,05/13/2015 04:53:00 AM,2015
CR00017718,12/27/2018 04:27:00 PM,30,CLOUDY/OVERCAST,DARKNESS - LIGHTED ROAD,ANGLE,ONE-WAY,NO CONTROLS,UNABLE TO DETERMINE,IMPROPER OVERTAKING/PASSING,0,0,0,0,16,5,12,1123,FULLERTON AVE,41.759604,-87.599398,12/27/2018 06:16:00 PM,2018
CR00017719,02/19/2018 08:52:00 PM,30,SNOW,DUSK,SIDESWIPE SAME DIRECTION,DIVIDED - W/MEDIAN (NOT RAISED),NO CONTROLS,UNABLE TO DETERMINE,FAILING TO YIELD RIGHT-OF-WAY,0,0,3,3,20,2,2,1653,ELSTON AVE,41.819144,-87.56906,02/19/2018 09:06:00 PM,2018
CR00017720,04/13/2018 03:54:00 PM,45,CLEAR,DARKNESS,ANGLE,DIVIDED - W/MEDIAN (NOT RAISED),TRAFFIC SIGNAL,UNABLE TO DETERMINE,UNABLE TO DETERMINE,0,0,0,0,15,6,4,498,WESTERN AVE,41.821208,-87.606516,04/13/2018 04:26:00 PM,2018
CR00017721,02/25/2024 06:56:00 PM,20,CLEAR,DAYLIGHT,PARKED MOTOR VEHICLE,NOT DIVIDED,TRAFFIC SIGNAL,FOLLOWING TOO CLOSELY,UNABLE TO DETERMINE,0,0,0,0,18,1,2,1542,BROADWAY,41.846247,-87.815978,02/25/2024 08:15:00 PM,2024
CR00017722,12/21/2016 09:44:00 AM,20,CLEAR,DAYLIGHT,ANGLE,FOUR WAY,TRAFFIC SIGNAL,FAILING TO YIELD RIGHT-OF-WAY,DISTRACTION - FROM INSIDE VEHICLE,0,0,0,0,9,4,12,2396,DIVISION ST,41.746594,-87.55382,12/21/2016 10:54:00 AM,2016
CR00017723,05/05/2023 03:58:00 PM,40,FOG/SMOKE/HAZE,DUSK,REAR END,NOT DIVIDED,NO CONTROLS,DISTRACTION - FROM INSIDE VEHICLE,UNABLE TO DETERMINE,0,0,0,0,15,6,5,2104,CALIFORNIA AVE,41.838215,-87.599899,05/05/2023 05:25:00 PM,2023
CR00017724,09/01/2021 10:31:00 AM,45,CLEAR,DARKNESS,REAR END,DIVIDED - W/MEDIAN BARRIER,TRAFFIC SIGNAL,DISREGARDING TRAFFIC SIGNALS,DISTRACTION - FROM INSIDE VEHICLE,0,0,0,0,10,4,9,1342,BROADWAY,41.721129,-87.606845,09/01/2021 11:14:00 AM,2021
CR00017725,12/11/2023 05:38:00 PM,15,CLEAR,DUSK,SIDESWIPE SAME DIRECTION,DIVIDED - W/MEDIAN (NOT RAISED),STOP SIGN/FLASHER,FOLLOWING TOO CLOSELY,DRIVING SKILLS/KNOWLEDGE/EXPERIENCE,0,0,0,0,17,2,12,103,MILWAUKEE AVE,41.945453,-87.762008,12/11/2023 06:48:00 PM,2023
CR00017726,09/16/2016 08:57:00 AM,15,CLEAR,DARKNESS - LIGHTED ROAD,TURNING,ONE-WAY,PEDESTRIAN CROSSING SIGN,DISREGARDING TRAFFIC SIGNALS,FAILING TO YIELD RIGHT-OF-WAY,0,0,0,0,8,6,9,1868,WESTERN AVE,41.969852,-87.631915,09/16/2016 09:03:00 AM,2016
CR00017727,05/13/2017 11:49:00 PM,30,CLEAR,DARKNESS,TURNING,ONE-WAY,STOP SIGN/FLASHER,FAILING TO REDUCE SPEED,FAILING TO YIELD RIGHT-OF-WAY,0,0,0,0,23,7,5,2293,DIVISION ST,41.841958,-87.781843,05/14/2017 12:39:00 AM,2017
CR00017728,01/31/2019 05:07:00 PM,30,CLEAR,DAWN,ANGLE,DIVIDED - W/MEDIAN (NOT RAISED),NO CONTROLS,FOLLOWING TOO CLOSELY,IMPROPER LANE USAGE,0,0,0,0,17,5,1,725,FULLERTON AVE,41.937465,-87.581797,01/31/2019 06:19:00 PM,2019
CR00017729,11/06/2015 04:52:00 PM,35,CLEAR,DAYLIGHT,PEDESTRIAN,NOT DIVIDED,TRAFFIC SIGNAL,UNABLE TO DETERMINE,DISREGARDING TRAFFIC SIGNALS,0,0,2,2,16,6,11,1026,FULLERTON AVE,41.876064,-87.763394,11/06/2015 06:29:00 PM,2015
CR00017730,08/09/2016 06:54:00 AM,35,CLEAR,DAYLIGHT,FIXED OBJECT,NOT DIVIDED,TRAFFIC SIGNAL,WEATHER,FOLLOWING TOO CLOSELY,0,0,0,0,6,3,8,1538,ARCHER AVE,41.737404,-87.732067,08/09/2016 06:59:00 AM,2016
CR00017731,05/25/2024 07:59:00 AM,40,CLEAR,DAYLIGHT,REAR END,ONE-WAY,NO CONTROLS,IMPROPER OVERTAKING/PASSING,FAILING TO REDUCE SPEED,0,0,0,0,7,7,5,2313,WESTERN AVE,41.899481,-87.580689,05/25/2024 09:11:00 AM,2024
CR00017732,08/11/2019 09:37:00 PM,30,CLEAR,DUSK,ANGLE,NOT DIVIDED,NO CONTROLS,DRIVING SKILLS/KNOWLEDGE/EXPERIENCE,IMPROPER OVERTAKING/PASSING,0,0,0,0,21,1,8,2048,DAMEN AVE,41.70092,-87.584966,08/11/2019 10:01:00 PM,2019
CR00017733,04/13/2023 08:04:00 AM,35,CLEAR,DARKNESS - LIGHTED ROAD,REAR END,DIVIDED - W/MEDIAN (NOT RAISED),STOP SIGN/FLASHER,IMPROPER LANE USAGE,UNABLE TO DETERMINE,0,0,0,0,8,5,4,1488,OGDEN AVE,41.835003,-87.790564,04/13/2023 09:36:00 AM,2023
CR00017734,03/17/2018 01:41:00 AM,25,CLEAR,DAYLIGHT,PARKED MOTOR VEHICLE,DIVIDED - W/MEDIAN (NOT RAISED),NO CONTROLS,UNABLE TO DETERMINE,UNABLE TO DETERMINE,0,0,0,0,1,7,3,569,IRVING PARK RD,41.89388,-87.641985,03/17/2018 02:38:00 AM,2018
CR00017735,09/04/2017 10:15:00 AM,25,CLEAR,DAYLIGHT,ANGLE,NOT DIVIDED,NO CONTROLS,FAILING TO YIELD RIGHT-OF-WAY,DRIVING SKILLS/KNOWLEDGE/EXPERIENCE,0,0,0,0,10,2,9,1850,IRVING PARK RD,41.927074,-87.79744,09/04/2017 10:50:00 AM,2017
CR00017736,03/29/2018 03:07:00 PM,40,CLEAR,DAYLIGHT,PARKED MOTOR VEHICLE,FOUR WAY,TRAFFIC SIGNAL,DRIVING SKILLS/KNOWLEDGE/EXPERIENCE,FOLLOWING TOO CLOSELY,0,0,0,0,15,5,3,2485,STONY ISLAND AVE,41.74004,-87.506086,03/29/2018 03:32:00 PM,2018
CR00017737,09/25/2019 06:32:00 AM,25,CLEAR,DAYLIGHT,ANGLE,NOT DIVIDED,NO CONTROLS,UNABLE TO DETERMINE,DRIVING SKILLS/KNOWLEDGE/EXPERIENCE,0,0,0,0,6,4,9,1997,OGDEN AVE,41.705778,-87.682301,09/25/2019 06:54:00 AM,2019
CR00017738,09/23/2018 01:16:00 PM,25,CLEAR,DARKNESS,SIDESWIPE SAME DIRECTION,NOT DIVIDED,YIELD,UNABLE TO DETERMINE,DRIVING SKILLS/KNOWLEDGE/EXPERIENCE,0,0,0,0,13,1,9,2010,CALIFORNIA AVE,41.709239,-87.674389,09/23/2018 01:28:00 PM,2018
CR00017739,08/22/2022 03:38:00 PM,30,CLEAR,DAYLIGHT,REAR END,NOT DIVIDED,UNKNOWN,FAILING TO REDUCE SPEED,FOLLOWING TOO CLOSELY,0,0,0,0,15,2,8,1796,WESTERN AVE,41.79866,-87.509799,08/22/2022 04:58:00 PM,2022
CR00017740,05/24/2023 11:16:00 AM,35,CLOUDY/OVERCAST,DAYLIGHT,SIDESWIPE SAME DIRECTION,FOUR WAY,TRAFFIC SIGNAL,DRIVING SKILLS/KNOWLEDGE/EXPERIENCE,NOT APPLICABLE,0,0,0,0,11,4,5,277,MICHIGAN AVE,41.840678,-87.631419,05/24/2023 11:34:00 AM,2023
CR00017741,01/20/2018 07:39:00 AM,35,SNOW,DAYLIGHT,REAR END,NOT DIVIDED,STOP SIGN/FLASHER,UNABLE TO DETERMINE,UNABLE TO DETERMINE,0,0,0,0,7,7,1,243,ROOSEVELT RD,41.960445,-87.557405,01/20/2018 08:14:00 AM,2018
CR00017742,11/12/2022 05:05:00 PM,40,SNOW,DAYLIGHT,REAR END,DIVIDED - W/MEDIAN (NOT RAISED),TRAFFIC SIGNAL,DISREGARDING TRAFFIC SIGNALS,DRIVING SKILLS/KNOWLEDGE/EXPERIENCE,0,0,0,0,17,7,11,465,ARCHER AVE,41.877409,-87.585771,11/12/2022 05:07:00 PM,2022
CR00017743,12/14/2021 06:25:00 PM,45,CLEAR,DARKNESS - LIGHTED ROAD,REAR END,NOT DIVIDED,NO CONTROLS,WEATHER,FAILING TO YIELD RIGHT-OF-WAY,0,0,0,0,18,3,12,1187,DIVISION ST,41.857157,-87.590371,12/14/2021 08:24:00 PM,2021
CR00017744,08/18/2024 07:49:00 AM,30,RAIN,DAYLIGHT,ANGLE,NOT DIVIDED,NO CONTROLS,FOLLOWING TOO CLOSELY,UNABLE TO DETERMINE,0,0,0,0,7,1,8,1455,MICHIGAN AVE,41.700172,-87.697026,08/18/2024 09:28:00 AM,2024
CR00017745,04/15/2018 08:01:00 PM,15,CLEAR,DAYLIGHT,REAR END,NOT DIVIDED,NO CONTROLS,FOLLOWING TOO CLOSELY,IMPROPER LANE USAGE,0,0,0,0,20,1,4,483,47TH ST,41.895963,-87.534131,04/15/2018 09:28:00 PM,2018
CR00017746,05/23/2019 10:54:00 PM,30,CLOUDY/OVERCAST,DAYLIGHT,SIDESWIPE SAME DIRECTION,ONE-WAY,STOP SIGN/FLASHER,DRIVING SKILLS/KNOWLEDGE/EXPERIENCE,DISTRACTION - FROM INSIDE VEHICLE,0,0,0,0,22,5,5,2442,FULLERTON AVE,41.882977,-87.621458,05/23/2019 11:32:00 PM,2019
CR00017747,03/11/2015 11:05:00 AM,35,CLEAR,DAYLIGHT,TURNING,NOT DIVIDED,UNKNOWN,UNABLE TO DETERMINE,FAILING TO REDUCE SPEED,0,0,0,0,11,4,3,912,KEDZIE AVE,41.769233,-87.552581,03/11/2015 12:20:00 PM,2015
CR00017748,05/17/2024 04:23:00 PM,15,CLEAR,DAYLIGHT,SIDESWIPE SAME DIRECTION,ONE-WAY,TRAFFIC SIGNAL,WEATHER,UNABLE TO DETERMINE,0,0,0,0,16,6,5,1205,CICERO AVE,41.979939,-87.641092,05/17/2024 06:10:00 PM,2024
CR00017749,12/03/2020 06:45:00 PM,20,CLEAR,DARKNESS - LIGHTED ROAD,FIXED OBJECT,NOT DIVIDED,STOP SIGN/FLASHER,UNABLE TO DETERMINE,DRIVING SKILLS/KNOWLEDGE/EXPERIENCE,0,0,0,0,18,5,12,883,MILWAUKEE AVE,41.833844,-87.730321,12/03/2020 07:16:00 PM,2020
CR00017750,09/08/2021 08:24:00 PM,25,SNOW,DAYLIGHT,REAR END,NOT DIVIDED,NO CONTROLS,FAILING TO YIELD RIGHT-OF-WAY,DRIVING SKILLS/KNOWLEDGE/EXPERIENCE,0,0,2,2,20,4,9,1873,MICHIGAN AVE,41.788507,-87.72956,09/08/2021 09:16:00 PM,2021
CR00017751,11/11/2024 06:00:00 PM,15,RAIN,DAYLIGHT,TURNING,NOT DIVIDED,NO CONTROLS,IMPROPER OVERTAKING/PASSING,NOT APPLICABLE,0,0,0,0,18,2,11,1293,CLARK ST,41.959355,-87.733964,11/11/2024 06:33:00 PM,2024
CR00017752,11/10/2024 07:13:00 PM,30,CLEAR,DAYLIGHT,SIDESWIPE SAME DIRECTION,T-INTERSECTION,STOP SIGN/FLASHER,UNABLE TO DETERMINE,FOLLOWING TOO CLOSELY,0,0,0,0,19,1,11,1227,PULASKI RD,41.92884,-87.734006,11/10/2024 09:13:00 PM,2024
CR00017753,03/09/2021 07:53:00 AM,35,CLEAR,DAYLIGHT,PARKED MOTOR VEHICLE,NOT DIVIDED,NO CONTROLS,UNABLE TO DETERMINE,IMPROPER OVERTAKING/PASSING,0,0,0,0,7,3,3,2415,STATE ST,41.828089,-87.771275,03/09/2021 08:58:00 AM,2021
CR00017754,05/30/2023 04:06:00 AM,35,CLOUDY/OVERCAST,DARKNESS - LIGHTED ROAD,TURNING,NOT DIVIDED,NO CONTROLS,UNABLE TO DETERMINE,UNABLE TO DETERMINE,0,0,1,1,4,3,5,1028,BROADWAY,41.94469,-87.642573,05/30/2023 05:52:00 AM,2023
CR00017755,06/15/2018 06:56:00 PM,30,CLEAR,DUSK,TURNING,DIVIDED - W/MEDIAN (NOT RAISED),NO CONTROLS,UNABLE TO DETERMINE,UNABLE TO DETERMINE,0,1,2,3,18,6,6,938,KEDZIE AVE,41.753206,-87.500219,06/15/2018 08:16:00 PM,2018
CR00017756,04/26/2019 05:43:00 PM,35,CLEAR,DAYLIGHT,PARKED MOTOR VEHICLE,NOT DIVIDED,STOP SIGN/FLASHER,UNABLE TO DETERMINE,NOT APPLICABLE,0,0,0,0,17,6,4,793,HALSTED ST,41.928018,-87.732732,04/26/2019 06:42:00 PM,2019
CR00017757,08/04/2016 03:16:00 PM,30,CLEAR,DAYLIGHT,ANGLE,NOT DIVIDED,NO CONTROLS,DRIVING SKILLS/KNOWLEDGE/EXPERIENCE,IMPROPER LANE USAGE,0,0,2,2,15,5,8,1207,ARCHER AVE,41.897553,-87.705768,08/04/2016 05:12:00 PM,2016
CR00017758,10/03/2024 04:02:00 PM,25,CLEAR,DAYLIGHT,SIDESWIPE SAME DIRECTION,DIVIDED - W/MEDIAN (NOT RAISED),UNKNOWN,UNABLE TO DETERMINE,UNABLE TO DETERMINE,0,0,0,0,16,5,10,384,79TH ST,41.781538,-87.742893,10/03/2024 04:07:00 PM,2024
CR00017759,02/13/2021 01:16:00 AM,30,CLEAR,DAYLIGHT,ANGLE,DIVIDED - W/MEDIAN BARRIER,TRAFFIC SIGNAL,UNABLE TO DETERMINE,DISREGARDING TRAFFIC SIGNALS,0,0,3,3,1,7,2,2091,FULLERTON AVE,41.762452,-87.585594,02/13/2021 02:15:00 AM,2021
CR00017760,08/16/2024 02:31:00 PM,15,RAIN,DARKNESS,SIDESWIPE SAME DIRECTION,ONE-WAY,TRAFFIC SIGNAL,UNABLE TO DETERMINE,FAILING TO REDUCE SPEED,0,0,0,0,14,6,8,114,ARCHER AVE,41.942668,-87.609111,08/16/2024 03:13:00 PM,2024
CR00017761,09/06/2018 06:07:00 PM,35,FOG/SMOKE/HAZE,DAYLIGHT,REAR END,NOT DIVIDED,YIELD,FAILING TO YIELD RIGHT-OF-WAY,UNABLE TO DETERMINE,0,0,0,0,18,5,9,962,STONY ISLAND AVE,41.769163,-87.568313,09/06/2018 07:54:00 PM,2018
CR00017762,12/28/2019 05:13:00 PM,30,RAIN,DAYLIGHT,TURNING,DIVIDED - W/MEDIAN (NOT RAISED),TRAFFIC SIGNAL,UNABLE TO DETERMINE,FAILING TO YIELD RIGHT-OF-WAY,0,0,0,0,17,7,12,697,LAKE SHORE DR,41.786631,-87.510877,12/28/2019 05:32:00 PM,2019
CR00017763,03/01/2023 03:07:00 AM,30,CLEAR,DAYLIGHT,TURNING,DIVIDED - W/MEDIAN (NOT RAISED),UNKNOWN,UNABLE TO DETERMINE,UNABLE TO DETERMINE,0,0,0,0,3,4,3,1848,CALIFORNIA AVE,41.919824,-87.784374,03/01/2023 04:46:00 AM,2023
CR00017764,08/02/2019 09:33:00 PM,35,CLEAR,DAYLIGHT,PEDESTRIAN,NOT DIVIDED,NO CONTROLS,FOLLOWING TOO CLOSELY,UNABLE TO DETERMINE,0,0,0,0,21,6,8,898,LAKE SHORE DR,41.727078,-87.554461,08/02/2019 10:15:00 PM,2019
CR00017765,11/09/2021 10:46:00 AM,40,CLEAR,DAYLIGHT,TURNING,FOUR WAY,NO CONTROLS,FAILING TO YIELD RIGHT-OF-WAY,UNABLE TO DETERMINE,0,0,3,3,10,3,11,517,FULLERTON AVE,41.795418,-87.659821,11/09/2021 12:38:00 PM,2021
CR00017766,01/31/2020 08:54:00 AM,25,RAIN,DAYLIGHT,PARKED MOTOR VEHICLE,NOT DIVIDED,NO CONTROLS,FOLLOWING TOO CLOSELY,UNABLE TO DETERMINE,0,0,0,0,8,6,1,1814,ROOSEVELT RD,41.870787,-87.777159,01/31/2020 10:29:00 AM,2020
CR00017767,10/16/2023 01:22:00 AM,25,CLEAR,DAYLIGHT,REAR END,NOT DIVIDED,NO CONTROLS,FOLLOWING TOO CLOSELY,NOT APPLICABLE,0,0,0,0,1,2,10,765,FULLERTON AVE,41.850731,-87.747903,10/16/2023 01:36:00 AM,2023
CR00017768,08/01/2018 12:45:00 AM,40,CLEAR,DARKNESS - LIGHTED ROAD,TURNING,NOT DIVIDED,NO CONTROLS,UNABLE TO DETERMINE,UNABLE TO DETERMINE,0,0,0,0,0,4,8,1734,DIVISION ST,41.983204,-87.743901,08/01/2018 02:34:00 AM,2018
CR00017769,04/07/2018 03:24:00 PM,20,CLOUDY/OVERCAST,DAYLIGHT,REAR END,ONE-WAY,NO CONTROLS,UNABLE TO DETERMINE,FAILING TO YIELD RIGHT-OF-WAY,0,0,0,0,15,7,4,1825,ROOSEVELT RD,41.776224,-87.709104,04/07/2018 03:47:00 PM,2018
CR00017770,09/11/2022 09:55:00 AM,35,CLOUDY/OVERCAST,DARKNESS - LIGHTED ROAD,TURNING,FOUR WAY,NO CONTROLS,DISREGARDING TRAFFIC SIGNALS,NOT APPLICABLE,0,0,0,0,9,1,9,2236,LAKE SHORE DR,41.977527,-87.613591,09/11/2022 11:09:00 AM,2022
CR00017771,06/24/2023 06:49:00 PM,25,CLEAR,DARKNESS,PARKED MOTOR VEHICLE,DIVIDED - W/MEDIAN (NOT RAISED),TRAFFIC SIGNAL,FOLLOWING TOO CLOSELY,NOT APPLICABLE,0,0,0,0,18,7,6,579,79TH ST,41.909304,-87.633143,06/24/2023 07:09:00 PM,2023
CR00017772,09/18/2022 01:35:00 PM,15,CLEAR,DARKNESS - LIGHTED ROAD,TURNING,FOUR WAY,TRAFFIC SIGNAL,UNABLE TO DETERMINE,IMPROPER OVERTAKING/PASSING,0,0,0,0,13,1,9,107,47TH ST,41.72006,-87.805813,09/18/2022 02:01:00 PM,2022
CR00017773,12/08/2019 11:30:00 PM,35,CLEAR,DAYLIGHT,PARKED MOTOR VEHICLE,ONE-WAY,NO CONTROLS,FAILING TO YIELD RIGHT-OF-WAY,UNABLE TO DETERMINE,0,0,0,0,23,1,12,829,STONY ISLAND AVE,41.785293,-87.763912,12/08/2019 11:34:00 PM,2019
CR00017774,01/29/2019 08:38:00 AM,30,RAIN,DARKNESS - LIGHTED ROAD,TURNING,NOT DIVIDED,STOP SIGN/FLASHER,DISREGARDING TRAFFIC SIGNALS,UNABLE TO DETERMINE,0,0,0,0,8,3,1,2247,WESTERN AVE,41.809871,-87.848178,01/29/2019 09:14:00 AM,2019
CR00017775,05/28/2016 01:30:00 PM,25,CLEAR,DAYLIGHT,PEDESTRIAN,FOUR WAY,NO CONTROLS,IMPROPER OVERTAKING/PASSING,NOT APPLICABLE,0,0,0,0,13,7,5,1890,MICHIGAN AVE,41.782796,-87.797919,05/28/2016 02:57:00 PM,2016
CR00017776,08/27/2017 07:21:00 PM,20,RAIN,DARKNESS - LIGHTED ROAD,ANGLE,NOT DIVIDED,STOP SIGN/FLASHER,UNABLE TO DETERMINE,UNABLE TO DETERMINE,0,0,0,0,19,1,8,180,PULASKI RD,41.702386,-87.752586,08/27/2017 08:09:00 PM,2017
CR00017777,02/28/2016 10:51:00 AM,30,RAIN,DAYLIGHT,ANGLE,DIVIDED - W/MEDIAN (NOT RAISED),STOP SIGN/FLASHER,IMPROPER LANE USAGE,DISREGARDING TRAFFIC SIGNALS,0,0,0,0,10,1,2,376,47TH ST,41.760075,-87.702265,02/28/2016 11:15:00 AM,2016
CR00017778,05/17/2019 01:17:00 PM,35,RAIN,DAYLIGHT,TURNING,FOUR WAY,NO CONTROLS,FAILING TO YIELD RIGHT-OF-WAY,UNABLE TO DETERMINE,0,0,0,0,13,6,5,2450,47TH ST,41.770354,-87.794217,05/17/2019 01:42:00 PM,2019