CRASH_RECORD_ID,CRASH_DATE,POSTED_SPEED_LIMIT,WEATHER_CONDITION,LIGHTING_CONDITION,FIRST_CRASH_TYPE,TRAFFICWAY_TYPE,TRAFFIC_CONTROL_DEVICE,PRIM_CONTRIBUTORY_CAUSE,SEC_CONTRIBUTORY_CAUSE,INJURIES_FATAL,INJURIES_INCAPACITATING,INJURIES_NON_INCAPACITATING,INJURIES_TOTAL,CRASH_HOUR,CRASH_DAY_OF_WEEK,CRASH_MONTH,BEAT_OF_OCCURRENCE,STREET_NAME,LATITUDE,LONGITUDE,DATE_POLICE_NOTIFIED,year
CR00017779,02/07/2022 12:35:00 AM,35,CLEAR,DAYLIGHT,SIDESWIPE SAME DIRECTION,FOUR WAY,NO CONTROLS,WEATHER,UNABLE TO DETERMINE,0,0,0,0,0,2,2,1066,DIVISION ST,41.965569,-87.588714,02/07/2022 01:27:00 AM,2022
CR00017780,04/18/2019 12:13:00 AM,45,CLEAR,DARKNESS - LIGHTED ROAD,PARKED MOTOR VEHICLE,FOUR WAY,PEDESTRIAN CROSSING SIGN,FAILING TO REDUCE SPEED,IMPROPER OVERTAKING/PASSING,0,0,0,0,0,5,4,1640,WESTERN AVE,41.923478,-87.718383,04/18/2019 01:39:00 AM,2019
CR00017781,01/15/2023 03:29:00 PM,30,CLOUDY/OVERCAST,DARKNESS - LIGHTED ROAD,FIXED OBJECT,FOUR WAY,TRAFFIC SIGNAL,FAILING TO REDUCE SPEED,FOLLOWING TOO CLOSELY,0,0,0,0,15,1,1,396,MICHIGAN AVE,41.900911,-87.799473,01/15/2023 04:53:00 PM,2023
CR00017782,05/19/2016 03:16:00 AM,40,CLEAR,DARKNESS - LIGHTED ROAD,FIXED OBJECT,DIVIDED - W/MEDIAN (NOT RAISED),STOP SIGN/FLASHER,FOLLOWING TOO CLOSELY,UNABLE TO DETERMINE,0,0,0,0,3,5,5,1817,79TH ST,41.924875,-87.805157,05/19/2016 04:15:00 AM,2016
CR00017783,04/06/2016 06:50:00 PM,20,CLEAR,DARKNESS - LIGHTED ROAD,TURNING,FOUR WAY,TRAFFIC SIGNAL,IMPROPER LANE USAGE,FAILING TO YIELD RIGHT-OF-WAY,0,0,0,0,18,4,4,1196,STATE ST,41.752586,-87.603294,04/06/2016 06:59:00 PM,2016
CR00017784,02/01/2015 03:53:00 AM,30,CLEAR,DAYLIGHT,ANGLE,DIVIDED - W/MEDIAN (NOT RAISED),NO CONTROLS,FAILING TO REDUCE SPEED,NOT APPLICABLE,0,0,0,0,3,1,2,1946,FULLERTON AVE,41.743156,-87.576088,02/01/2015 03:59:00 AM,2015
CR00017785,01/16/2021 11:17:00 PM,15,SNOW,DAYLIGHT,SIDESWIPE SAME DIRECTION,DIVIDED - W/MEDIAN (NOT RAISED),NO CONTROLS,FAILING TO YIELD RIGHT-OF-WAY,UNABLE TO DETERMINE,0,0,0,0,23,7,1,1927,OGDEN AVE,41.844145,-87.580392,01/17/2021 01:10:00 AM,2021
CR00017786,12/10/2017 06:05:00 PM,40,CLEAR,DAYLIGHT,SIDESWIPE SAME DIRECTION,ONE-WAY,TRAFFIC SIGNAL,IMPROPER OVERTAKING/PASSING,DRIVING SKILLS/KNOWLEDGE/EXPERIENCE,0,0,0,0,18,1,12,1159,ROOSEVELT RD,41.934271,-87.532215,12/10/2017 07:42:00 PM,2017
CR00017787,02/08/2023 05:52:00 PM,35,CLEAR,DAYLIGHT,REAR TO FRONT,DIVIDED - W/MEDIAN (NOT RAISED),STOP SIGN/FLASHER,FAILING TO YIELD RIGHT-OF-WAY,UNABLE TO DETERMINE,0,0,0,0,17,4,2,1760,63RD ST,41.820215,-87.798255,02/08/2023 05:57:00 PM,2023
CR00017788,05/08/2017 11:37:00 AM,35,CLEAR,DARKNESS - LIGHTED ROAD,REAR END,NOT DIVIDED,STOP SIGN/FLASHER,IMPROPER LANE USAGE,DRIVING SKILLS/KNOWLEDGE/EXPERIENCE,0,0,0,0,11,2,5,603,HALSTED ST,41.82201,-87.675765,05/08/2017 01:36:00 PM,2017
CR00017789,07/14/2018 07:38:00 AM,30,CLEAR,DAYLIGHT,FIXED OBJECT,ONE-WAY,TRAFFIC SIGNAL,FAILING TO YIELD RIGHT-OF-WAY,FAILING TO YIELD RIGHT-OF-WAY,0,0,0,0,7,7,7,668,79TH ST,41.857013,-87.781862,07/14/2018 09:36:00 AM,2018
CR00017790,01/12/2015 08:08:00 PM,45,CLEAR,DAYLIGHT,REAR END,NOT DIVIDED,PEDESTRIAN CROSSING SIGN,UNABLE TO DETERMINE,NOT APPLICABLE,0,1,1,2,20,2,1,1929,79TH ST,41.889945,-87.807024,01/12/2015 10:05:00 PM,2015
CR00017791,08/21/2019 06:59:00 AM,25,CLEAR,DARKNESS - LIGHTED ROAD,PARKED MOTOR VEHICLE,DIVIDED - W/MEDIAN BARRIER,TRAFFIC SIGNAL,FAILING TO REDUCE SPEED,WEATHER,0,0,0,0,6,4,8,353,STONY ISLAND AVE,41.957416,-87.737991,08/21/2019 07:24:00 AM,2019
CR00017792,02/13/2019 05:09:00 AM,35,RAIN,DAYLIGHT,PEDESTRIAN,NOT DIVIDED,NO CONTROLS,IMPROPER OVERTAKING/PASSING,UNABLE TO DETERMINE,0,0,0,0,5,4,2,1485,IRVING PARK RD,41.960275,-87.555145,02/13/2019 05:15:00 AM,2019
CR00017793,10/01/2022 09:49:00 AM,30,CLEAR,DAYLIGHT,TURNING,DIVIDED - W/MEDIAN BARRIER,UNKNOWN,FOLLOWING TOO CLOSELY,NOT APPLICABLE,0,0,1,1,9,7,10,489,MILWAUKEE AVE,41.783552,-87.607328,10/01/2022 10:15:00 AM,2022
CR00017794,03/04/2023 10:57:00 AM,15,SNOW,DAYLIGHT,TURNING,ONE-WAY,STOP SIGN/FLASHER,DISREGARDING TRAFFIC SIGNALS,IMPROPER OVERTAKING/PASSING,0,0,0,0,10,7,3,2025,ASHLAND AVE,41.886129,-87.78443,03/04/2023 11:49:00 AM,2023
CR00017795,07/12/2020 10:18:00 AM,20,CLEAR,DAYLIGHT,ANGLE,DIVIDED - W/MEDIAN BARRIER,STOP SIGN/FLASHER,IMPROPER OVERTAKING/PASSING,UNABLE TO DETERMINE,0,0,0,0,10,1,7,2127,LAKE SHORE DR,41.844925,-87.512625,07/12/2020 10:32:00 AM,2020
CR00017796,09/10/2023 01:47:00 PM,35,CLEAR,DAYLIGHT,FIXED OBJECT,NOT DIVIDED,TRAFFIC SIGNAL,DRIVING SKILLS/KNOWLEDGE/EXPERIENCE,FAILING TO REDUCE SPEED,0,0,0,0,13,1,9,494,ELSTON AVE,41.892261,-87.6405,09/10/2023 02:56:00 PM,2023
CR00017797,03/09/2023 04:01:00 PM,30,RAIN,DARKNESS,ANGLE,DIVIDED - W/MEDIAN (NOT RAISED),NO CONTROLS,DISREGARDING TRAFFIC SIGNALS,FAILING TO YIELD RIGHT-OF-WAY,0,0,0,0,16,5,3,1963,KEDZIE AVE,41.861492,-87.564141,03/09/2023 05:22:00 PM,2023
CR00017798,04/11/2019 08:51:00 AM,15,CLEAR,DAYLIGHT,PARKED MOTOR VEHICLE,NOT DIVIDED,NO CONTROLS,IMPROPER LANE USAGE,UNABLE TO DETERMINE,0,0,0,0,8,5,4,1066,FULLERTON AVE,41.737927,-87.592348,04/11/2019 09:30:00 AM,2019
CR00017799,03/22/2019 12:40:00 PM,35,CLEAR,DAYLIGHT,SIDESWIPE SAME DIRECTION,DIVIDED - W/MEDIAN BARRIER,TRAFFIC SIGNAL,UNABLE TO DETERMINE,FOLLOWING TOO CLOSELY,0,0,0,0,12,6,3,1149,ARCHER AVE,41.968623,-87.568403,03/22/2019 01:04:00 PM,2019
CR00017800,03/06/2022 11:45:00 PM,20,CLEAR,DAYLIGHT,TURNING,NOT DIVIDED,STOP SIGN/FLASHER,UNABLE TO DETERMINE,FAILING TO YIELD RIGHT-OF-WAY,0,0,1,1,23,1,3,2496,ELSTON AVE,41.851869,-87.796225,03/07/2022 01:45:00 AM,2022
CR00017801,01/01/2023 07:53:00 PM,15,CLEAR,DAWN,TURNING,DIVIDED - W/MEDIAN BARRIER,NO CONTROLS,UNABLE TO DETERMINE,NOT APPLICABLE,0,0,1,1,19,1,1,1184,CLARK ST,41.9418,-87.625895,01/01/2023 08:38:00 PM,2023
CR00017802,01/22/2016 06:50:00 PM,30,CLEAR,DAYLIGHT,TURNING,DIVIDED - W/MEDIAN (NOT RAISED),NO CONTROLS,UNABLE TO DETERMINE,FAILING TO REDUCE SPEED,0,0,0,0,18,6,1,1186,CLARK ST,41.778914,-87.825118,01/22/2016 07:49:00 PM,2016
CR00017803,05/24/2020 07:16:00 AM,45,CLEAR,DUSK,REAR END,FOUR WAY,NO CONTROLS,FAILING TO YIELD RIGHT-OF-WAY,DRIVING SKILLS/KNOWLEDGE/EXPERIENCE,0,0,0,0,7,1,5,866,IRVING PARK RD,41.998501,-87.508717,05/24/2020 08:02:00 AM,2020
CR00017804,08/03/2016 01:57:00 PM,20,CLEAR,DAYLIGHT,REAR END,DIVIDED - W/MEDIAN BARRIER,NO CONTROLS,DRIVING SKILLS/KNOWLEDGE/EXPERIENCE,FAILING TO REDUCE SPEED,0,0,0,0,13,4,8,1557,FULLERTON AVE,41.930573,-87.700838,08/03/2016 02:05:00 PM,2016
CR00017805,01/21/2019 01:31:00 AM,25,CLEAR,DAYLIGHT,REAR END,NOT DIVIDED,NO CONTROLS,DRIVING SKILLS/KNOWLEDGE/EXPERIENCE,NOT APPLICABLE,0,2,0,2,1,2,1,308,CLARK ST,41.894236,-87.77678,01/21/2019 02:47:00 AM,2019
CR00017806,01/02/2019 01:30:00 AM,30,FREEZING RAIN/DRIZZLE,DAYLIGHT,SIDESWIPE SAME DIRECTION,DIVIDED - W/MEDIAN BARRIER,TRAFFIC SIGNAL,IMPROPER OVERTAKING/PASSING,WEATHER,0,0,0,0,1,4,1,2088,FULLERTON AVE,41.937802,-87.583368,01/02/2019 01:48:00 AM,2019
CR00017807,12/29/2023 08:21:00 PM,20,CLEAR,DUSK,REAR TO FRONT,DIVIDED - W/MEDIAN (NOT RAISED),PEDESTRIAN CROSSING SIGN,FAILING TO YIELD RIGHT-OF-WAY,NOT APPLICABLE,0,0,0,0,20,6,12,1702,KEDZIE AVE,41.849244,-87.613652,12/29/2023 08:31:00 PM,2023
CR00017808,06/28/2022 06:56:00 PM,35,CLEAR,DAYLIGHT,REAR END,FOUR WAY,STOP SIGN/FLASHER,DRIVING SKILLS/KNOWLEDGE/EXPERIENCE,NOT APPLICABLE,0,0,0,0,18,3,6,1572,DIVISION ST,41.870277,-87.76701,06/28/2022 08:23:00 PM,2022
CR00017809,12/06/2017 06:08:00 PM,30,CLEAR,DAYLIGHT,FIXED OBJECT,T-INTERSECTION,UNKNOWN,IMPROPER LANE USAGE,NOT APPLICABLE,0,0,0,0,18,4,12,2391,KEDZIE AVE,41.933814,-87.778324,12/06/2017 07:55:00 PM,2017
CR00017810,02/17/2021 07:26:00 AM,30,CLEAR,DAYLIGHT,FIXED OBJECT,DIVIDED - W/MEDIAN BARRIER,NO CONTROLS,UNABLE TO DETERMINE,IMPROPER LANE USAGE,0,0,0,0,7,4,2,1010,ASHLAND AVE,41.886236,-87.798264,02/17/2021 08:31:00 AM,2021
CR00017811,06/10/2022 11:36:00 PM,20,FREEZING RAIN/DRIZZLE,DARKNESS - LIGHTED ROAD,FIXED OBJECT,NOT DIVIDED,NO CONTROLS,FOLLOWING TOO CLOSELY,UNABLE TO DETERMINE,0,0,0,0,23,6,6,2337,79TH ST,41.833274,-87.615155,06/10/2022 11:49:00 PM,2022
CR00017812,09/20/2021 01:16:00 PM,40,CLEAR,DAYLIGHT,SIDESWIPE SAME DIRECTION,DIVIDED - W/MEDIAN BARRIER,TRAFFIC SIGNAL,FOLLOWING TOO CLOSELY,NOT APPLICABLE,0,0,2,2,13,2,9,2198,STONY ISLAND AVE,41.964155,-87.584896,09/20/2021 01:34:00 PM,2021
CR00017813,03/22/2015 07:17:00 PM,30,CLEAR,DAYLIGHT,REAR END,DIVIDED - W/MEDIAN (NOT RAISED),NO CONTROLS,IMPROPER LANE USAGE,NOT APPLICABLE,0,0,0,0,19,1,3,685,CLARK ST,41.807841,-87.847799,03/22/2015 08:20:00 PM,2015
CR00017814,12/09/2024 07:57:00 AM,40,CLEAR,DAYLIGHT,SIDESWIPE SAME DIRECTION,ONE-WAY,TRAFFIC SIGNAL,DRIVING SKILLS/KNOWLEDGE/EXPERIENCE,UNABLE TO DETERMINE,0,0,0,0,7,2,12,2417,FULLERTON AVE,41.727937,-87.590556,12/09/2024 08:46:00 AM,2024
CR00017815,07/05/2015 02:48:00 PM,20,CLEAR,DAYLIGHT,REAR TO FRONT,FOUR WAY,NO CONTROLS,UNABLE TO DETERMINE,UNABLE TO DETERMINE,0,0,2,2,14,1,7,401,PULASKI RD,41.948644,-87.538291,07/05/2015 03:17:00 PM,2015
CR00017816,11/24/2024 08:50:00 PM,20,CLOUDY/OVERCAST,DAYLIGHT,SIDESWIPE SAME DIRECTION,DIVIDED - W/MEDIAN BARRIER,NO CONTROLS,FAILING TO REDUCE SPEED,DRIVING SKILLS/KNOWLEDGE/EXPERIENCE,0,0,0,0,20,1,11,385,STONY ISLAND AVE,41.830761,-87.688599,11/24/2024 10:05:00 PM,2024
CR00017817,06/27/2019 04:06:00 AM,35,CLEAR,DAYLIGHT,TURNING,NOT DIVIDED,STOP SIGN/FLASHER,UNABLE TO DETERMINE,NOT APPLICABLE,0,0,0,0,4,5,6,500,79TH ST,41.846548,-87.555289,06/27/2019 05:25:00 AM,2019
CR00017818,11/24/2023 07:55:00 PM,30,CLEAR,DARKNESS - LIGHTED ROAD,ANGLE,T-INTERSECTION,NO CONTROLS,UNABLE TO DETERMINE,IMPROPER OVERTAKING/PASSING,0,0,0,0,19,6,11,2150,47TH ST,41.879538,-87.55947,11/24/2023 09:16:00 PM,2023
CR00017819,08/12/2024 10:14:00 AM,15,CLEAR,DAYLIGHT,TURNING,ONE-WAY,NO CONTROLS,WEATHER,IMPROPER OVERTAKING/PASSING,0,0,0,0,10,2,8,283,HALSTED ST,41.999779,-87.760897,08/12/2024 11:25:00 AM,2024
CR00017820,03/08/2024 04:47:00 PM,25,CLEAR,DARKNESS - LIGHTED ROAD,SIDESWIPE SAME DIRECTION,ONE-WAY,STOP SIGN/FLASHER,UNABLE TO DETERMINE,UNABLE TO DETERMINE,0,0,0,0,16,6,3,1472,47TH ST,41.787548,-87.619314,03/08/2024 05:06:00 PM,2024
CR00017821,11/12/2017 01:44:00 AM,35,CLEAR,DAYLIGHT,SIDESWIPE SAME DIRECTION,FOUR WAY,TRAFFIC SIGNAL,IMPROPER OVERTAKING/PASSING,IMPROPER OVERTAKING/PASSING,0,0,0,0,1,1,11,1118,MICHIGAN AVE,41.745322,-87.559146,11/12/2017 03:04:00 AM,2017
CR00017822,03/14/2021 07:15:00 AM,35,CLEAR,DAYLIGHT,ANGLE,NOT DIVIDED,NO CONTROLS,FOLLOWING TOO CLOSELY,DISREGARDING TRAFFIC SIGNALS,0,0,0,0,7,1,3,748,IRVING PARK RD,41.764753,-87.53278,03/14/2021 08:24:00 AM,2021
CR00017823,09/03/2021 10:05:00 AM,40,CLEAR,DAYLIGHT,FIXED OBJECT,FOUR WAY,NO CONTROLS,DISREGARDING TRAFFIC SIGNALS,FAILING TO REDUCE SPEED,0,0,2,2,10,6,9,1865,CALIFORNIA AVE,41.775429,-87.568839,09/03/2021 11:20:00 AM,2021
CR00017824,05/19/2022 12:16:00 PM,30,CLEAR,DAYLIGHT,REAR END,NOT DIVIDED,NO CONTROLS,DISTRACTION - FROM INSIDE VEHICLE,UNABLE TO DETERMINE,0,0,0,0,12,5,5,918,CICERO AVE,41.89361,-87.529558,05/19/2022 01:41:00 PM,2022
CR00017825,07/22/2024 05:30:00 PM,30,CLEAR,DARKNESS - LIGHTED ROAD,TURNING,DIVIDED - W/MEDIAN BARRIER,NO CONTROLS,UNABLE TO DETERMINE,NOT APPLICABLE,0,0,0,0,17,2,7,2217,FULLERTON AVE,41.752051,-87.680206,07/22/2024 05:52:00 PM,2024
CR00017826,10/21/2016 06:33:00 PM,20,CLEAR,DAYLIGHT,TURNING,NOT DIVIDED,NO CONTROLS,FOLLOWING TOO CLOSELY,DRIVING SKILLS/KNOWLEDGE/EXPERIENCE,0,0,0,0,18,6,10,1951,ROOSEVELT RD,41.956656,-87.763743,10/21/2016 08:19:00 PM,2016
CR00017827,11/27/2022 01:28:00 AM,35,CLEAR,DAYLIGHT,REAR TO FRONT,T-INTERSECTION,NO CONTROLS,FOLLOWING TOO CLOSELY,NOT APPLICABLE,0,0,1,1,1,1,11,764,63RD ST,41.727469,-87.576123,11/27/2022 02:54:00 AM,2022
CR00017828,06/19/2020 06:14:00 PM,30,CLEAR,DAYLIGHT,ANGLE,DIVIDED - W/MEDIAN (NOT RAISED),STOP SIGN/FLASHER,FAILING TO YIELD RIGHT-OF-WAY,DRIVING SKILLS/KNOWLEDGE/EXPERIENCE,0,0,0,0,18,6,6,2370,ELSTON AVE,41.826288,-87.728547,06/19/2020 07:44:00 PM,2020
CR00017829,06/13/2018 11:58:00 PM,25,CLEAR,DAYLIGHT,TURNING,NOT DIVIDED,STOP SIGN/FLASHER,UNABLE TO DETERMINE,FAILING TO YIELD RIGHT-OF-WAY,0,0,0,0,23,4,6,1582,CLARK ST,41.960112,-87.757799,06/14/2018 12:00:00 AM,2018
CR00017830,05/04/2017 08:34:00 PM,35,CLEAR,DAYLIGHT,REAR END,DIVIDED - W/MEDIAN (NOT RAISED),NO CONTROLS,UNABLE TO DETERMINE,FAILING TO REDUCE SPEED,0,0,0,0,20,5,5,709,STONY ISLAND AVE,41.993304,-87.803918,05/04/2017 10:05:00 PM,2017
CR00017831,07/21/2015 07:13:00 AM,20,CLEAR,DARKNESS,ANGLE,NOT DIVIDED,STOP SIGN/FLASHER,FOLLOWING TOO CLOSELY,FAILING TO REDUCE SPEED,0,0,0,0,7,3,7,890,LAKE SHORE DR,41.933432,-87.776022,07/21/2015 09:03:00 AM,2015
CR00017832,02/09/2015 12:44:00 AM,15,RAIN,DAYLIGHT,REAR END,ONE-WAY,NO CONTROLS,DISREGARDING TRAFFIC SIGNALS,NOT APPLICABLE,0,0,0,0,0,2,2,1357,63RD ST,41.971861,-87.647867,02/09/2015 01:40:00 AM,2015
CR00017833,12/24/2019 07:05:00 PM,30,CLEAR,DUSK,FIXED OBJECT,DIVIDED - W/MEDIAN (NOT RAISED),NO CONTROLS,UNABLE TO DETERMINE,NOT APPLICABLE,0,0,0,0,19,3,12,2193,ELSTON AVE,41.860782,-87.59223,12/24/2019 08:49:00 PM,2019
CR00017834,02/01/2019 05:00:00 PM,35,CLEAR,DARKNESS - LIGHTED ROAD,REAR TO FRONT,DIVIDED - W/MEDIAN (NOT RAISED),NO CONTROLS,DRIVING SKILLS/KNOWLEDGE/EXPERIENCE,DRIVING SKILLS/KNOWLEDGE/EXPERIENCE,0,0,0,0,17,6,2,1904,IRVING PARK RD,41.770701,-87.560556,02/01/2019 05:25:00 PM,2019
CR00017835,03/03/2021 10:12:00 PM,35,CLEAR,DARKNESS - LIGHTED ROAD,ANGLE,NOT DIVIDED,TRAFFIC SIGNAL,IMPROPER OVERTAKING/PASSING,UNABLE TO DETERMINE,0,0,0,0,22,4,3,1873,63RD ST,41.858531,-87.608898,03/03/2021 11:56:00 PM,2021
CR00017836,04/17/2016 08:39:00 AM,25,CLEAR,DAWN,TURNING,DIVIDED - W/MEDIAN (NOT RAISED),STOP SIGN/FLASHER,FOLLOWING TOO CLOSELY,IMPROPER OVERTAKING/PASSING,0,0,1,1,8,1,4,320,STATE ST,41.8836,-87.615006,04/17/2016 10:22:00 AM,2016
CR00017837,04/27/2020 09:13:00 AM,25,RAIN,DARKNESS,REAR END,NOT DIVIDED,NO CONTROLS,UNABLE TO DETERMINE,DISTRACTION - FROM INSIDE VEHICLE,0,0,0,0,9,2,4,1247,MILWAUKEE AVE,41.893327,-87.77384,04/27/2020 09:59:00 AM,2020
CR00017838,04/27/2018 06:20:00 PM,20,CLEAR,DARKNESS - LIGHTED ROAD,REAR END,ONE-WAY,NO CONTROLS,UNABLE TO DETERMINE,NOT APPLICABLE,0,0,0,0,18,6,4,160,CICERO AVE,41.814377,-87.546125,04/27/2018 07:40:00 PM,2018
CR00017839,07/20/2022 10:08:00 PM,45,CLEAR,DAYLIGHT,ANGLE,ONE-WAY,TRAFFIC SIGNAL,FOLLOWING TOO CLOSELY,UNABLE TO DETERMINE,0,0,0,0,22,4,7,1032,DAMEN AVE,41.965251,-87.584544,07/20/2022 10:32:00 PM,2022
CR00017840,03/22/2016 04:36:00 AM,45,CLOUDY/OVERCAST,DUSK,REAR END,ONE-WAY,NO CONTROLS,IMPROPER LANE USAGE,FAILING TO YIELD RIGHT-OF-WAY,0,0,0,0,4,3,3,1195,MICHIGAN AVE,41.705986,-87.500845,03/22/2016 05:08:00 AM,2016
CR00017841,03/04/2022 08:26:00 AM,40,CLEAR,DAYLIGHT,PARKED MOTOR VEHICLE,DIVIDED - W/MEDIAN BARRIER,NO CONTROLS,DISREGARDING TRAFFIC SIGNALS,FOLLOWING TOO CLOSELY,0,0,1,1,8,6,3,344,STATE ST,41.794438,-87.673918,03/04/2022 08:32:00 AM,2022
CR00017842,12/28/2018 10:03:00 AM,15,FOG/SMOKE/HAZE,DUSK,TURNING,FOUR WAY,STOP SIGN/FLASHER,FAILING TO YIELD RIGHT-OF-WAY,UNABLE TO DETERMINE,0,1,1,2,10,6,12,1682,WESTERN AVE,41.822686,-87.530784,12/28/2018 10:08:00 AM,2018
CR00017843,01/10/2016 05:58:00 PM,15,CLEAR,DARKNESS - LIGHTED ROAD,PARKED MOTOR VEHICLE,NOT DIVIDED,TRAFFIC SIGNAL,IMPROPER LANE USAGE,DISREGARDING TRAFFIC SIGNALS,0,0,1,1,17,1,1,419,IRVING PARK RD,41.908639,-87.826241,01/10/2016 06:56:00 PM,2016
CR00017844,01/07/2017 03:57:00 PM,15,CLEAR,DUSK,PARKED MOTOR VEHICLE,DIVIDED - W/MEDIAN (NOT RAISED),UNKNOWN,IMPROPER OVERTAKING/PASSING,DISREGARDING TRAFFIC SIGNALS,0,0,0,0,15,7,1,1069,OGDEN AVE,41.702342,-87.669632,01/07/2017 04:40:00 PM,2017
CR00017845,12/22/2016 09:54:00 PM,30,CLEAR,DAYLIGHT,TURNING,DIVIDED - W/MEDIAN (NOT RAISED),NO CONTROLS,IMPROPER OVERTAKING/PASSING,UNABLE TO DETERMINE,0,0,0,0,21,5,12,2077,63RD ST,41.757499,-87.714795,12/22/2016 10:42:00 PM,2016
CR00017846,05/15/2018 03:31:00 PM,40,CLEAR,DAYLIGHT,REAR TO FRONT,ONE-WAY,NO CONTROLS,FAILING TO YIELD RIGHT-OF-WAY,NOT APPLICABLE,0,0,0,0,15,3,5,2312,ARCHER AVE,41.847364,-87.660087,05/15/2018 04:26:00 PM,2018
CR00017847,01/31/2017 08:41:00 PM,35,CLEAR,DARKNESS - LIGHTED ROAD,REAR END,NOT DIVIDED,UNKNOWN,UNABLE TO DETERMINE,DISTRACTION - FROM INSIDE VEHICLE,0,0,0,0,20,3,1,1154,79TH ST,41.960545,-87.779619,01/31/2017 08:48:00 PM,2017
CR00017848,09/26/2023 03:21:00 PM,40,CLEAR,DAYLIGHT,ANGLE,NOT DIVIDED,TRAFFIC SIGNAL,DRIVING SKILLS/KNOWLEDGE/EXPERIENCE,NOT APPLICABLE,0,0,0,0,15,3,9,1518,WESTERN AVE,41.841309,-87.561179,09/26/2023 04:34:00 PM,2023
CR00017849,05/28/2020 04:56:00 AM,20,CLEAR,DARKNESS - LIGHTED ROAD,PEDESTRIAN,DIVIDED - W/MEDIAN (NOT RAISED),TRAFFIC SIGNAL,DRIVING SKILLS/KNOWLEDGE/EXPERIENCE,DISTRACTION - FROM INSIDE VEHICLE,0,0,0,0,4,5,5,2392,DIVISION ST,41.741687,-87.740337,05/28/2020 06:47:00 AM,2020
CR00017850,02/22/2023 11:45:00 AM,25,CLEAR,DARKNESS - LIGHTED ROAD,PARKED MOTOR VEHICLE,NOT DIVIDED,STOP SIGN/FLASHER,DRIVING SKILLS/KNOWLEDGE/EXPERIENCE,UNABLE TO DETERMINE,0,0,0,0,11,4,2,1609,CICERO AVE,41.874383,-87.773243,02/22/2023 12:10:00 PM,2023
CR00017851,04/15/2018 06:34:00 PM,35,CLEAR,DAYLIGHT,REAR TO FRONT,NOT DIVIDED,TRAFFIC SIGNAL,FOLLOWING TOO CLOSELY,NOT APPLICABLE,0,0,0,0,18,1,4,1246,ELSTON AVE,41.703989,-87.608471,04/15/2018 08:17:00 PM,2018
CR00017852,04/03/2023 01:33:00 PM,30,SNOW,DAYLIGHT,REAR TO FRONT,NOT DIVIDED,NO CONTROLS,DISREGARDING TRAFFIC SIGNALS,IMPROPER OVERTAKING/PASSING,0,0,0,0,13,2,4,1878,STATE ST,41.967995,-87.537297,04/03/2023 03:20:00 PM,2023
CR00017853,07/31/2020 12:01:00 PM,45,CLEAR,DAYLIGHT,SIDESWIPE SAME DIRECTION,NOT DIVIDED,NO CONTROLS,UNABLE TO DETERMINE,UNABLE TO DETERMINE,0,0,0,0,12,6,7,1731,OGDEN AVE,41.823945,-87.523181,07/31/2020 02:00:00 PM,2020
CR00017854,05/27/2020 08:32:00 AM,35,CLEAR,DAYLIGHT,REAR END,ONE-WAY,TRAFFIC SIGNAL,FAILING TO REDUCE SPEED,UNABLE TO DETERMINE,0,0,1,1,8,4,5,1254,ELSTON AVE,41.840398,-87.849067,05/27/2020 09:57:00 AM,2020
CR00017855,12/31/2022 09:09:00 PM,15,CLEAR,DAYLIGHT,SIDESWIPE SAME DIRECTION,DIVIDED - W/MEDIAN (NOT RAISED),PEDESTRIAN CROSSING SIGN,FOLLOWING TOO CLOSELY,DISREGARDING TRAFFIC SIGNALS,0,0,0,0,21,7,12,405,CICERO AVE,41.931419,-87.530728,12/31/2022 10:05:00 PM,2022
CR00017856,12/15/2018 01:54:00 AM,20,CLEAR,DAYLIGHT,FIXED OBJECT,DIVIDED - W/MEDIAN (NOT RAISED),STOP SIGN/FLASHER,DRIVING SKILLS/KNOWLEDGE/EXPERIENCE,DISTRACTION - FROM INSIDE VEHICLE,0,0,0,0,1,7,12,171,CALIFORNIA AVE,41.713044,-87.607128,12/15/2018 02:19:00 AM,2018
CR00017857,03/19/2017 04:49:00 PM,15,CLEAR,DARKNESS - LIGHTED ROAD,TURNING,ONE-WAY,NO CONTROLS,UNABLE TO DETERMINE,NOT APPLICABLE,0,0,0,0,16,1,3,1579,DAMEN AVE,41.971356,-87.760828,03/19/2017 06:01:00 PM,2017
CR00017858,10/20/2016 12:49:00 PM,30,CLOUDY/OVERCAST,DARKNESS - LIGHTED ROAD,REAR END,ONE-WAY,NO CONTROLS,FOLLOWING TOO CLOSELY,UNABLE TO DETERMINE,0,0,0,0,12,5,10,2423,OGDEN AVE,41.952168,-87.657454,10/20/2016 01:11:00 PM,2016
CR00017859,04/21/2019 10:55:00 PM,30,CLEAR,DARKNESS - LIGHTED ROAD,ANGLE,ONE-WAY,NO CONTROLS,FAILING TO YIELD RIGHT-OF-WAY,FAILING TO YIELD RIGHT-OF-WAY,0,1,0,1,22,1,4,2350,LAKE SHORE DR,41.902608,-87.707675,04/22/2019 12:55:00 AM,2019
CR00017860,03/21/2015 05:36:00 PM,35,CLOUDY/OVERCAST,DARKNESS - LIGHTED ROAD,REAR END,NOT DIVIDED,NO CONTROLS,UNABLE TO DETERMINE,IMPROPER OVERTAKING/PASSING,0,0,0,0,17,7,3,1377,WESTERN AVE,41.883433,-87.507702,03/21/2015 05:54:00 PM,2015