CRASH_RECORD_ID,CRASH_DATE,POSTED_SPEED_LIMIT,WEATHER_CONDITION,LIGHTING_CONDITION,FIRST_CRASH_TYPE,TRAFFICWAY_TYPE,TRAFFIC_CONTROL_DEVICE,PRIM_CONTRIBUTORY_CAUSE,SEC_CONTRIBUTORY_CAUSE,INJURIES_FATAL,INJURIES_INCAPACITATING,INJURIES_NON_INCAPACITATING,INJURIES_TOTAL,CRASH_HOUR,CRASH_DAY_OF_WEEK,CRASH_MONTH,BEAT_OF_OCCURRENCE,STREET_NAME,LATITUDE,LONGITUDE,DATE_POLICE_NOTIFIED,year
CR00017861,10/07/2024 07:52:00 PM,30,CLEAR,DARKNESS - LIGHTED ROAD,REAR END,NOT DIVIDED,NO CONTROLS,DISTRACTION - FROM INSIDE VEHICLE,NOT APPLICABLE,0,1,1,2,19,2,10,815,WESTERN AVE,41.95904,-87.535404,10/07/2024 09:46:00 PM,2024
CR00017862,12/22/2024 07:59:00 AM,30,CLEAR,DAYLIGHT,PEDESTRIAN,DIVIDED - W/MEDIAN BARRIER,TRAFFIC SIGNAL,UNABLE TO DETERMINE,FOLLOWING TOO CLOSELY,0,0,0,0,7,1,12,174,CICERO AVE,41.761104,-87.752657,12/22/2024 09:54:00 AM,2024
CR00017863,08/26/2020 04:23:00 PM,30,CLEAR,DAYLIGHT,PARKED MOTOR VEHICLE,DIVIDED - W/MEDIAN (NOT RAISED),NO CONTROLS,UNABLE TO DETERMINE,DISTRACTION - FROM INSIDE VEHICLE,0,0,0,0,16,4,8,2326,DIVISION ST,41.7972,-87.561916,08/26/2020 05:09:00 PM,2020
CR00017864,12/12/2015 04:27:00 PM,30,CLEAR,DAYLIGHT,SIDESWIPE SAME DIRECTION,NOT DIVIDED,TRAFFIC SIGNAL,FAILING TO YIELD RIGHT-OF-WAY,DISREGARDING TRAFFIC SIGNALS,0,0,0,0,16,7,12,1253,MICHIGAN AVE,41.82564,-87.828905,12/12/2015 06:18:00 PM,2015
CR00017865,01/13/2017 03:02:00 PM,20,CLEAR,DAWN,PARKED MOTOR VEHICLE,NOT DIVIDED,NO CONTROLS,DRIVING SKILLS/KNOWLEDGE/EXPERIENCE,FAILING TO YIELD RIGHT-OF-WAY,0,1,0,1,15,6,1,2408,BROADWAY,41.98383,-87.524537,01/13/2017 04:51:00 PM,2017
CR00017866,01/11/2018 03:51:00 PM,30,RAIN,DARKNESS - LIGHTED ROAD,PARKED MOTOR VEHICLE,ONE-WAY,NO CONTROLS,DISTRACTION - FROM INSIDE VEHICLE,UNABLE TO DETERMINE,0,0,0,0,15,5,1,2006,CLARK ST,41.863551,-87.814144,01/11/2018 05:51:00 PM,2018
CR00017867,03/07/2015 09:43:00 AM,15,CLEAR,DAYLIGHT,FIXED OBJECT,DIVIDED - W/MEDIAN BARRIER,TRAFFIC SIGNAL,UNABLE TO DETERMINE,DISTRACTION - FROM INSIDE VEHICLE,0,0,0,0,9,7,3,1485,HALSTED ST,41.97292,-87.596864,03/07/2015 10:05:00 AM,2015
CR00017868,09/21/2015 05:04:00 AM,30,CLEAR,DAYLIGHT,PARKED MOTOR VEHICLE,FOUR WAY,NO CONTROLS,UNABLE TO DETERMINE,FAILING TO REDUCE SPEED,0,0,0,0,5,2,9,675,DIVISION ST,41.920798,-87.622099,09/21/2015 06:59:00 AM,2015
CR00017869,03/13/2022 07:54:00 AM,30,CLEAR,DAYLIGHT,SIDESWIPE SAME DIRECTION,NOT DIVIDED,TRAFFIC SIGNAL,DISTRACTION - FROM INSIDE VEHICLE,FOLLOWING TOO CLOSELY,0,0,0,0,7,1,3,2390,LAKE SHORE DR,41.830928,-87.564702,03/13/2022 09:10:00 AM,2022
CR00017870,09/27/2024 05:48:00 PM,25,CLEAR,DARKNESS - LIGHTED ROAD,PARKED MOTOR VEHICLE,DIVIDED - W/MEDIAN (NOT RAISED),TRAFFIC SIGNAL,FAILING TO YIELD RIGHT-OF-WAY,UNABLE TO DETERMINE,0,0,0,0,17,6,9,1475,STATE ST,41.758643,-87.833568,09/27/2024 07:37:00 PM,2024
CR00017871,03/05/2022 11:24:00 PM,15,CLEAR,DAYLIGHT,ANGLE,DIVIDED - W/MEDIAN (NOT RAISED),STOP SIGN/FLASHER,FAILING TO REDUCE SPEED,FAILING TO REDUCE SPEED,0,0,0,0,23,7,3,831,ARCHER AVE,41.820897,-87.507732,03/05/2022 11:50:00 PM,2022
CR00017872,04/10/2015 10:28:00 AM,15,CLEAR,DAYLIGHT,TURNING,DIVIDED - W/MEDIAN (NOT RAISED),UNKNOWN,DISREGARDING TRAFFIC SIGNALS,DRIVING SKILLS/KNOWLEDGE/EXPERIENCE,0,0,0,0,10,6,4,2290,WESTERN AVE,41.812209,-87.629006,04/10/2015 11:34:00 AM,2015
CR00017873,06/16/2023 06:13:00 PM,30,RAIN,DAYLIGHT,REAR END,DIVIDED - W/MEDIAN (NOT RAISED),NO CONTROLS,DISREGARDING TRAFFIC SIGNALS,UNABLE TO DETERMINE,0,0,0,0,18,6,6,2262,OGDEN AVE,41.765395,-87.630654,06/16/2023 07:57:00 PM,2023
CR00017874,09/11/2016 07:38:00 AM,30,SNOW,DAYLIGHT,REAR TO FRONT,NOT DIVIDED,NO CONTROLS,FOLLOWING TOO CLOSELY,DISREGARDING TRAFFIC SIGNALS,0,0,0,0,7,1,9,1403,ARCHER AVE,41.719406,-87.847554,09/11/2016 08:07:00 AM,2016
CR00017875,07/30/2019 02:52:00 PM,30,CLEAR,DAYLIGHT,REAR END,FOUR WAY,NO CONTROLS,UNABLE TO DETERMINE,UNABLE TO DETERMINE,0,0,0,0,14,3,7,2146,HALSTED ST,41.701925,-87.557536,07/30/2019 03:59:00 PM,2019
CR00017876,10/17/2015 11:59:00 AM,35,CLEAR,DAYLIGHT,TURNING,DIVIDED - W/MEDIAN (NOT RAISED),PEDESTRIAN CROSSING SIGN,UNABLE TO DETERMINE,UNABLE TO DETERMINE,0,0,0,0,11,7,10,1685,OGDEN AVE,41.930301,-87.813144,10/17/2015 12:05:00 PM,2015
CR00017877,06/14/2021 03:24:00 PM,45,CLEAR,DARKNESS - LIGHTED ROAD,TURNING,NOT DIVIDED,NO CONTROLS,DISREGARDING TRAFFIC SIGNALS,FAILING TO YIELD RIGHT-OF-WAY,0,0,0,0,15,2,6,2066,CLARK ST,41.908444,-87.601547,06/14/2021 04:14:00 PM,2021
CR00017878,12/26/2021 04:51:00 PM,45,CLEAR,DAYLIGHT,TURNING,NOT DIVIDED,STOP SIGN/FLASHER,IMPROPER LANE USAGE,UNABLE TO DETERMINE,0,0,0,0,16,1,12,598,IRVING PARK RD,41.939386,-87.698519,12/26/2021 06:00:00 PM,2021
CR00017879,05/17/2023 12:36:00 AM,30,CLEAR,DAYLIGHT,FIXED OBJECT,ONE-WAY,TRAFFIC SIGNAL,DRIVING SKILLS/KNOWLEDGE/EXPERIENCE,DISREGARDING TRAFFIC SIGNALS,0,0,2,2,0,4,5,1807,DIVISION ST,41.762428,-87.61951,05/17/2023 02:35:00 AM,2023
CR00017880,03/19/2015 02:10:00 PM,25,SNOW,DAYLIGHT,SIDESWIPE SAME DIRECTION,T-INTERSECTION,TRAFFIC SIGNAL,DRIVING SKILLS/KNOWLEDGE/EXPERIENCE,DRIVING SKILLS/KNOWLEDGE/EXPERIENCE,0,0,0,0,14,5,3,643,OGDEN AVE,41.70357,-87.77963,03/19/2015 02:35:00 PM,2015
CR00017881,02/09/2022 07:10:00 PM,20,CLEAR,DARKNESS,FIXED OBJECT,ONE-WAY,STOP SIGN/FLASHER,UNABLE TO DETERMINE,DRIVING SKILLS/KNOWLEDGE/EXPERIENCE,0,0,0,0,19,4,2,1784,CALIFORNIA AVE,41.978168,-87.531872,02/09/2022 08:00:00 PM,2022
CR00017882,01/13/2016 09:44:00 AM,20,CLEAR,DARKNESS - LIGHTED ROAD,SIDESWIPE SAME DIRECTION,DIVIDED - W/MEDIAN (NOT RAISED),TRAFFIC SIGNAL,FOLLOWING TOO CLOSELY,FOLLOWING TOO CLOSELY,0,0,0,0,9,4,1,1015,ELSTON AVE,41.742751,-87.787708,01/13/2016 10:37:00 AM,2016
CR00017883,03/09/2017 07:36:00 AM,20,CLEAR,DAYLIGHT,PARKED MOTOR VEHICLE,DIVIDED - W/MEDIAN BARRIER,STOP SIGN/FLASHER,WEATHER,FOLLOWING TOO CLOSELY,0,0,0,0,7,5,3,252,LAKE SHORE DR,41.938112,-87.78938,03/09/2017 07:51:00 AM,2017
CR00017884,11/15/2020 12:14:00 PM,45,CLEAR,DARKNESS - LIGHTED ROAD,ANGLE,DIVIDED - W/MEDIAN BARRIER,TRAFFIC SIGNAL,FOLLOWING TOO CLOSELY,FAILING TO YIELD RIGHT-OF-WAY,0,0,0,0,12,1,11,2434,63RD ST,41.809179,-87.53765,11/15/2020 12:20:00 PM,2020
CR00017885,01/16/2016 01:39:00 PM,25,SNOW,DAYLIGHT,PARKED MOTOR VEHICLE,ONE-WAY,TRAFFIC SIGNAL,IMPROPER LANE USAGE,FAILING TO REDUCE SPEED,0,0,0,0,13,7,1,117,OGDEN AVE,41.769336,-87.510842,01/16/2016 02:56:00 PM,2016
CR00017886,02/28/2023 12:16:00 PM,45,CLEAR,DARKNESS - LIGHTED ROAD,FIXED OBJECT,NOT DIVIDED,NO CONTROLS,UNABLE TO DETERMINE,FAILING TO REDUCE SPEED,0,0,0,0,12,3,2,2150,ELSTON AVE,41.813301,-87.736092,02/28/2023 12:20:00 PM,2023
CR00017887,03/27/2022 03:21:00 PM,45,SNOW,DAYLIGHT,REAR TO FRONT,ONE-WAY,YIELD,FOLLOWING TOO CLOSELY,NOT APPLICABLE,0,0,0,0,15,1,3,785,79TH ST,41.983533,-87.743974,03/27/2022 03:32:00 PM,2022
CR00017888,07/06/2016 07:33:00 AM,45,CLEAR,DAYLIGHT,ANGLE,DIVIDED - W/MEDIAN (NOT RAISED),NO CONTROLS,FOLLOWING TOO CLOSELY,DISREGARDING TRAFFIC SIGNALS,0,0,0,0,7,4,7,1443,WESTERN AVE,41.883795,-87.768475,07/06/2016 08:58:00 AM,2016
CR00017889,12/12/2024 10:35:00 AM,30,CLEAR,DARKNESS - LIGHTED ROAD,REAR END,DIVIDED - W/MEDIAN (NOT RAISED),TRAFFIC SIGNAL,DRIVING SKILLS/KNOWLEDGE/EXPERIENCE,FAILING TO YIELD RIGHT-OF-WAY,0,0,0,0,10,5,12,942,ROOSEVELT RD,41.882742,-87.523378,12/12/2024 12:28:00 PM,2024
CR00017890,10/21/2018 07:10:00 AM,30,CLEAR,DARKNESS - LIGHTED ROAD,ANGLE,FOUR WAY,TRAFFIC SIGNAL,DRIVING SKILLS/KNOWLEDGE/EXPERIENCE,UNABLE TO DETERMINE,0,0,0,0,7,1,10,378,CLARK ST,41.875251,-87.54634,10/21/2018 07:32:00 AM,2018
CR00017891,04/21/2019 09:46:00 AM,20,CLEAR,DAYLIGHT,ANGLE,DIVIDED - W/MEDIAN BARRIER,UNKNOWN,DRIVING SKILLS/KNOWLEDGE/EXPERIENCE,IMPROPER OVERTAKING/PASSING,0,0,0,0,9,1,4,2143,STATE ST,41.993373,-87.789001,04/21/2019 09:51:00 AM,2019
CR00017892,06/14/2024 04:35:00 PM,40,CLEAR,DARKNESS - LIGHTED ROAD,REAR END,ONE-WAY,STOP SIGN/FLASHER,IMPROPER OVERTAKING/PASSING,FOLLOWING TOO CLOSELY,0,1,2,3,16,6,6,741,CLARK ST,41.929972,-87.743983,06/14/2024 06:21:00 PM,2024
CR00017893,07/23/2022 04:01:00 PM,25,CLEAR,DAYLIGHT,TURNING,NOT DIVIDED,TRAFFIC SIGNAL,UNABLE TO DETERMINE,UNABLE TO DETERMINE,0,0,1,1,16,7,7,813,BROADWAY,41.704967,-87.702202,07/23/2022 05:57:00 PM,2022
CR00017894,03/07/2018 09:12:00 AM,35,CLEAR,DARKNESS - LIGHTED ROAD,REAR END,NOT DIVIDED,NO CONTROLS,FAILING TO YIELD RIGHT-OF-WAY,FOLLOWING TOO CLOSELY,0,0,0,0,9,4,3,659,PULASKI RD,41.724079,-87.724246,03/07/2018 10:59:00 AM,2018
CR00017895,02/04/2023 12:53:00 PM,30,CLEAR,DARKNESS - LIGHTED ROAD,FIXED OBJECT,NOT DIVIDED,TRAFFIC SIGNAL,FAILING TO REDUCE SPEED,IMPROPER LANE USAGE,0,1,3,4,12,7,2,135,CALIFORNIA AVE,41.77973,-87.513114,02/04/2023 01:09:00 PM,2023
CR00017896,08/27/2018 05:17:00 PM,35,CLEAR,DARKNESS - LIGHTED ROAD,ANGLE,NOT DIVIDED,NO CONTROLS,FAILING TO REDUCE SPEED,FOLLOWING TOO CLOSELY,0,0,0,0,17,2,8,1520,BROADWAY,41.832514,-87.634811,08/27/2018 06:47:00 PM,2018
CR00017897,06/05/2017 12:34:00 PM,25,CLEAR,DAYLIGHT,REAR END,NOT DIVIDED,UNKNOWN,WEATHER,UNABLE TO DETERMINE,0,0,0,0,12,2,6,994,IRVING PARK RD,41.975536,-87.66429,06/05/2017 02:34:00 PM,2017
CR00017898,12/03/2016 01:09:00 PM,35,CLEAR,DAWN,REAR END,FOUR WAY,UNKNOWN,UNABLE TO DETERMINE,WEATHER,0,0,0,0,13,7,12,693,BROADWAY,41.867024,-87.526431,12/03/2016 03:06:00 PM,2016
CR00017899,09/28/2017 06:32:00 PM,30,CLEAR,DARKNESS - LIGHTED ROAD,REAR END,FOUR WAY,TRAFFIC SIGNAL,DISREGARDING TRAFFIC SIGNALS,UNABLE TO DETERMINE,0,0,0,0,18,5,9,665,47TH ST,41.944045,-87.581356,09/28/2017 08:31:00 PM,2017
CR00017900,05/27/2021 08:10:00 PM,35,SNOW,DAYLIGHT,TURNING,FOUR WAY,TRAFFIC SIGNAL,UNABLE TO DETERMINE,UNABLE TO DETERMINE,0,0,3,3,20,5,5,2524,ARCHER AVE,41.826888,-87.556004,05/27/2021 08:32:00 PM,2021
CR00017901,05/01/2023 02:42:00 PM,30,CLEAR,DAYLIGHT,REAR END,NOT DIVIDED,YIELD,DISTRACTION - FROM INSIDE VEHICLE,DISREGARDING TRAFFIC SIGNALS,0,0,0,0,14,2,5,2346,WESTERN AVE,41.771401,-87.738629,05/01/2023 03:36:00 PM,2023
CR00017902,06/26/2017 06:10:00 AM,15,SNOW,DAYLIGHT,PARKED MOTOR VEHICLE,NOT DIVIDED,TRAFFIC SIGNAL,DRIVING SKILLS/KNOWLEDGE/EXPERIENCE,FOLLOWING TOO CLOSELY,0,0,2,2,6,2,6,462,ROOSEVELT RD,41.899598,-87.847888,06/26/2017 07:39:00 AM,2017
CR00017903,08/04/2024 07:46:00 PM,20,CLEAR,DARKNESS - LIGHTED ROAD,REAR END,NOT DIVIDED,STOP SIGN/FLASHER,UNABLE TO DETERMINE,FAILING TO REDUCE SPEED,0,0,0,0,19,1,8,1282,ASHLAND AVE,41.973051,-87.779243,08/04/2024 08:20:00 PM,2024
CR00017904,06/12/2017 07:01:00 AM,40,CLEAR,DAYLIGHT,ANGLE,FOUR WAY,NO CONTROLS,DISREGARDING TRAFFIC SIGNALS,DISTRACTION - FROM INSIDE VEHICLE,0,0,0,0,7,2,6,2047,63RD ST,41.740728,-87.650442,06/12/2017 07:09:00 AM,2017
CR00017905,08/13/2022 05:15:00 PM,15,CLEAR,DAYLIGHT,ANGLE,FOUR WAY,STOP SIGN/FLASHER,IMPROPER OVERTAKING/PASSING,FOLLOWING TOO CLOSELY,0,1,1,2,17,7,8,1317,MILWAUKEE AVE,41.703839,-87.632865,08/13/2022 06:55:00 PM,2022
CR00017906,02/12/2022 07:19:00 AM,20,CLEAR,DARKNESS - LIGHTED ROAD,ANGLE,NOT DIVIDED,UNKNOWN,IMPROPER OVERTAKING/PASSING,NOT APPLICABLE,0,0,0,0,7,7,2,1288,WESTERN AVE,41.924729,-87.835611,02/12/2022 08:42:00 AM,2022
CR00017907,12/04/2015 01:37:00 PM,35,CLOUDY/OVERCAST,DARKNESS - LIGHTED ROAD,SIDESWIPE SAME DIRECTION,NOT DIVIDED,TRAFFIC SIGNAL,UNABLE TO DETERMINE,IMPROPER LANE USAGE,0,0,0,0,13,6,12,2009,DIVISION ST,41.969962,-87.756604,12/04/2015 02:10:00 PM,2015
CR00017908,06/02/2024 07:57:00 AM,30,CLEAR,DARKNESS - LIGHTED ROAD,REAR END,NOT DIVIDED,NO CONTROLS,FAILING TO REDUCE SPEED,NOT APPLICABLE,0,0,0,0,7,1,6,1324,CALIFORNIA AVE,41.800368,-87.527666,06/02/2024 08:58:00 AM,2024
CR00017909,04/22/2016 03:52:00 PM,30,CLEAR,DAYLIGHT,SIDESWIPE SAME DIRECTION,NOT DIVIDED,STOP SIGN/FLASHER,FAILING TO REDUCE SPEED,FOLLOWING TOO CLOSELY,0,0,1,1,15,6,4,1530,IRVING PARK RD,41.799823,-87.810537,04/22/2016 04:10:00 PM,2016
CR00017910,03/25/2021 06:33:00 PM,35,FOG/SMOKE/HAZE,DAYLIGHT,SIDESWIPE SAME DIRECTION,NOT DIVIDED,NO CONTROLS,UNABLE TO DETERMINE,UNABLE TO DETERMINE,0,0,0,0,18,5,3,2234,STONY ISLAND AVE,41.731053,-87.617385,03/25/2021 07:41:00 PM,2021
CR00017911,11/23/2022 05:41:00 AM,30,CLEAR,DARKNESS - LIGHTED ROAD,REAR END,T-INTERSECTION,NO CONTROLS,IMPROPER LANE USAGE,FOLLOWING TOO CLOSELY,0,0,0,0,5,4,11,2362,DIVISION ST,41.775138,-87.744111,11/23/2022 05:42:00 AM,2022
CR00017912,05/30/2017 05:51:00 PM,30,CLEAR,DUSK,REAR END,NOT DIVIDED,TRAFFIC SIGNAL,FAILING TO YIELD RIGHT-OF-WAY,FAILING TO YIELD RIGHT-OF-WAY,0,0,3,3,17,3,5,1968,79TH ST,41.912275,-87.803536,05/30/2017 06:21:00 PM,2017
CR00017913,01/20/2023 09:02:00 AM,30,CLEAR,DUSK,FIXED OBJECT,NOT DIVIDED,NO CONTROLS,FAILING TO REDUCE SPEED,UNABLE TO DETERMINE,0,2,3,5,9,6,1,279,STATE ST,41.797959,-87.550527,01/20/2023 09:12:00 AM,2023
CR00017914,05/02/2020 09:17:00 AM,25,FREEZING RAIN/DRIZZLE,DAYLIGHT,SIDESWIPE SAME DIRECTION,NOT DIVIDED,NO CONTROLS,IMPROPER LANE USAGE,IMPROPER LANE USAGE,0,0,0,0,9,7,5,1080,BROADWAY,41.90272,-87.720478,05/02/2020 10:38:00 AM,2020
CR00017915,06/28/2022 08:31:00 AM,35,CLEAR,DAYLIGHT,SIDESWIPE SAME DIRECTION,NOT DIVIDED,STOP SIGN/FLASHER,UNABLE TO DETERMINE,FAILING TO YIELD RIGHT-OF-WAY,0,0,0,0,8,3,6,1037,ROOSEVELT RD,41.971918,-87.766158,06/28/2022 09:40:00 AM,2022
CR00017916,05/04/2019 02:50:00 AM,25,FOG/SMOKE/HAZE,DARKNESS - LIGHTED ROAD,REAR END,ONE-WAY,NO CONTROLS,UNABLE TO DETERMINE,UNABLE TO DETERMINE,0,0,0,0,2,7,5,1161,LAKE SHORE DR,41.773837,-87.521388,05/04/2019 03:55:00 AM,2019
CR00017917,05/11/2019 09:36:00 AM,30,CLOUDY/OVERCAST,DARKNESS - LIGHTED ROAD,PARKED MOTOR VEHICLE,DIVIDED - W/MEDIAN (NOT RAISED),TRAFFIC SIGNAL,UNABLE TO DETERMINE,FAILING TO YIELD RIGHT-OF-WAY,0,0,0,0,9,7,5,990,KEDZIE AVE,41.723326,-87.538393,05/11/2019 10:08:00 AM,2019
CR00017918,12/01/2015 11:43:00 AM,30,CLEAR,DARKNESS - LIGHTED ROAD,REAR END,NOT DIVIDED,NO CONTROLS,UNABLE TO DETERMINE,NOT APPLICABLE,0,0,0,0,11,3,12,857,STONY ISLAND AVE,41.847884,-87.60073,12/01/2015 01:39:00 PM,2015
CR00017919,02/27/2017 06:04:00 PM,30,CLEAR,DARKNESS,TURNING,NOT DIVIDED,TRAFFIC SIGNAL,WEATHER,DISTRACTION - FROM INSIDE VEHICLE,0,0,0,0,18,2,2,1567,STATE ST,41.708114,-87.709955,02/27/2017 07:47:00 PM,2017
CR00017920,07/07/2021 12:52:00 PM,35,CLEAR,DARKNESS,REAR END,NOT DIVIDED,NO CONTROLS,IMPROPER OVERTAKING/PASSING,DRIVING SKILLS/KNOWLEDGE/EXPERIENCE,0,0,0,0,12,4,7,377,HALSTED ST,41.754069,-87.846891,07/07/2021 01:37:00 PM,2021
CR00017921,05/23/2020 05:58:00 AM,40,CLEAR,DAYLIGHT,REAR TO FRONT,T-INTERSECTION,TRAFFIC SIGNAL,DISTRACTION - FROM INSIDE VEHICLE,UNABLE TO DETERMINE,0,0,0,0,5,7,5,1099,IRVING PARK RD,41.717918,-87.721833,05/23/2020 07:00:00 AM,2020
CR00017922,05/05/2016 05:43:00 PM,15,FREEZING RAIN/DRIZZLE,DUSK,REAR END,NOT DIVIDED,STOP SIGN/FLASHER,FOLLOWING TOO CLOSELY,NOT APPLICABLE,0,0,0,0,17,5,5,1054,STONY ISLAND AVE,41.813284,-87.778259,05/05/2016 06:50:00 PM,2016
CR00017923,03/17/2021 08:59:00 AM,30,CLEAR,DAYLIGHT,SIDESWIPE SAME DIRECTION,NOT DIVIDED,STOP SIGN/FLASHER,DISTRACTION - FROM INSIDE VEHICLE,DISTRACTION - FROM INSIDE VEHICLE,0,1,0,1,8,4,3,1252,63RD ST,41.74534,-87.53165,03/17/2021 09:55:00 AM,2021
CR00017924,04/08/2017 08:07:00 AM,45,CLEAR,DARKNESS,TURNING,NOT DIVIDED,NO CONTROLS,IMPROPER OVERTAKING/PASSING,FAILING TO REDUCE SPEED,0,0,0,0,8,7,4,2368,PULASKI RD,41.737782,-87.658561,04/08/2017 09:05:00 AM,2017
CR00017925,01/28/2019 03:07:00 PM,35,RAIN,DARKNESS - LIGHTED ROAD,SIDESWIPE SAME DIRECTION,NOT DIVIDED,NO CONTROLS,FOLLOWING TOO CLOSELY,FAILING TO YIELD RIGHT-OF-WAY,0,0,0,0,15,2,1,1834,MICHIGAN AVE,41.847499,-87.649289,01/28/2019 03:55:00 PM,2019
CR00017926,01/26/2018 04:12:00 PM,35,CLEAR,DARKNESS - LIGHTED ROAD,TURNING,NOT DIVIDED,NO CONTROLS,UNABLE TO DETERMINE,DISREGARDING TRAFFIC SIGNALS,0,0,0,0,16,6,1,503,MICHIGAN AVE,41.759229,-87.500579,01/26/2018 04:22:00 PM,2018
CR00017927,03/03/2019 07:49:00 AM,25,CLEAR,DARKNESS - LIGHTED ROAD,PEDESTRIAN,NOT DIVIDED,NO CONTROLS,IMPROPER OVERTAKING/PASSING,FAILING TO YIELD RIGHT-OF-WAY,0,0,1,1,7,1,3,1863,OGDEN AVE,41.887702,-87.788998,03/03/2019 08:33:00 AM,2019
CR00017928,01/10/2018 09:58:00 AM,45,CLEAR,DAYLIGHT,PARKED MOTOR VEHICLE,ONE-WAY,STOP SIGN/FLASHER,UNABLE TO DETERMINE,FAILING TO YIELD RIGHT-OF-WAY,0,0,0,0,9,4,1,418,47TH ST,41.706134,-87.673703,01/10/2018 11:24:00 AM,2018
CR00017929,08/10/2024 08:17:00 PM,15,CLEAR,DARKNESS - LIGHTED ROAD,FIXED OBJECT,FOUR WAY,STOP SIGN/FLASHER,FAILING TO YIELD RIGHT-OF-WAY,FOLLOWING TOO CLOSELY,0,0,0,0,20,7,8,2087,ASHLAND AVE,41.742555,-87.699416,08/10/2024 09:42:00 PM,2024
CR00017930,09/17/2019 03:49:00 AM,15,CLEAR,DARKNESS - LIGHTED ROAD,ANGLE,NOT DIVIDED,NO CONTROLS,DISTRACTION - FROM INSIDE VEHICLE,IMPROPER LANE USAGE,0,0,0,0,3,3,9,276,FULLERTON AVE,41.71975,-87.653088,09/17/2019 05:24:00 AM,2019
CR00017931,11/05/2015 12:52:00 PM,20,SNOW,DARKNESS - LIGHTED ROAD,FIXED OBJECT,NOT DIVIDED,NO CONTROLS,UNABLE TO DETERMINE,UNABLE TO DETERMINE,0,0,0,0,12,5,11,1302,OGDEN AVE,41.794615,-87.593515,11/05/2015 01:24:00 PM,2015
CR00017932,08/03/2024 06:43:00 PM,30,CLEAR,DAYLIGHT,ANGLE,DIVIDED - W/MEDIAN (NOT RAISED),NO CONTROLS,FAILING TO YIELD RIGHT-OF-WAY,UNABLE TO DETERMINE,0,0,0,0,18,7,8,2449,ASHLAND AVE,41.831218,-87.824276,08/03/2024 08:08:00 PM,2024
CR00017933,07/23/2022 12:32:00 PM,45,CLEAR,DAYLIGHT,FIXED OBJECT,FOUR WAY,NO CONTROLS,FOLLOWING TOO CLOSELY,NOT APPLICABLE,0,0,0,0,12,7,7,315,STATE ST,41.85294,-87.799166,07/23/2022 01:03:00 PM,2022
CR00017934,12/20/2019 09:23:00 AM,30,CLEAR,DAYLIGHT,ANGLE,DIVIDED - W/MEDIAN BARRIER,NO CONTROLS,FAILING TO REDUCE SPEED,UNABLE TO DETERMINE,0,0,0,0,9,6,12,1583,DIVISION ST,41.724463,-87.821871,12/20/2019 10:20:00 AM,2019
CR00017935,05/27/2023 08:35:00 AM,30,CLEAR,DAYLIGHT,SIDESWIPE SAME DIRECTION,DIVIDED - W/MEDIAN (NOT RAISED),NO CONTROLS,FAILING TO REDUCE SPEED,DRIVING SKILLS/KNOWLEDGE/EXPERIENCE,0,0,0,0,8,7,5,2526,47TH ST,41.881751,-87.776287,05/27/2023 08:47:00 AM,2023
CR00017936,02/01/2024 12:06:00 PM,45,CLEAR,DAWN,REAR END,ONE-WAY,STOP SIGN/FLASHER,FAILING TO YIELD RIGHT-OF-WAY,IMPROPER LANE USAGE,0,0,1,1,12,5,2,490,79TH ST,41.727528,-87.77123,02/01/2024 01:32:00 PM,2024
CR00017937,07/03/2023 12:32:00 PM,30,CLEAR,DAWN,REAR END,NOT DIVIDED,TRAFFIC SIGNAL,WEATHER,NOT APPLICABLE,0,0,1,1,12,2,7,2271,ASHLAND AVE,41.899849,-87.537761,07/03/2023 02:10:00 PM,2023
CR00017938,03/19/2019 05:02:00 AM,35,CLEAR,DARKNESS - LIGHTED ROAD,SIDESWIPE SAME DIRECTION,ONE-WAY,NO CONTROLS,DISREGARDING TRAFFIC SIGNALS,DRIVING SKILLS/KNOWLEDGE/EXPERIENCE,0,0,0,0,5,3,3,594,ELSTON AVE,41.740999,-87.694615,03/19/2019 05:34:00 AM,2019
CR00017939,07/13/2015 01:47:00 PM,25,CLEAR,DAYLIGHT,TURNING,NOT DIVIDED,NO CONTROLS,DISREGARDING TRAFFIC SIGNALS,UNABLE TO DETERMINE,0,0,0,0,13,2,7,633,OGDEN AVE,41.807608,-87.595325,07/13/2015 03:28:00 PM,2015
CR00017940,09/05/2017 01:52:00 AM,45,RAIN,DARKNESS - LIGHTED ROAD,SIDESWIPE SAME DIRECTION,ONE-WAY,STOP SIGN/FLASHER,DRIVING SKILLS/KNOWLEDGE/EXPERIENCE,UNABLE TO DETERMINE,0,0,0,0,1,3,9,1638,KEDZIE AVE,41.988748,-87.675364,09/05/2017 02:52:00 AM,2017
CR00017941,06/12/2015 12:26:00 PM,25,CLEAR,DAYLIGHT,TURNING,NOT DIVIDED,TRAFFIC SIGNAL,DRIVING SKILLS/KNOWLEDGE/EXPERIENCE,FAILING TO YIELD RIGHT-OF-WAY,0,0,0,0,12,6,6,1971,STATE ST,41.818462,-87.677901,06/12/2015 02:02:00 PM,2015