CRASH_RECORD_ID,CRASH_DATE,POSTED_SPEED_LIMIT,WEATHER_CONDITION,LIGHTING_CONDITION,FIRST_CRASH_TYPE,TRAFFICWAY_TYPE,TRAFFIC_CONTROL_DEVICE,PRIM_CONTRIBUTORY_CAUSE,SEC_CONTRIBUTORY_CAUSE,INJURIES_FATAL,INJURIES_INCAPACITATING,INJURIES_NON_INCAPACITATING,INJURIES_TOTAL,CRASH_HOUR,CRASH_DAY_OF_WEEK,CRASH_MONTH,BEAT_OF_OCCURRENCE,STREET_NAME,LATITUDE,LONGITUDE,DATE_POLICE_NOTIFIED,year
CR00017942,08/12/2017 11:55:00 PM,15,CLEAR,DARKNESS - LIGHTED ROAD,PARKED MOTOR VEHICLE,DIVIDED - W/MEDIAN (NOT RAISED),STOP SIGN/FLASHER,DRIVING SKILLS/KNOWLEDGE/EXPERIENCE,FAILING TO REDUCE SPEED,0,0,0,0,23,7,8,420,ASHLAND AVE,41.933551,-87.836846,08/13/2017 12:08:00 AM,2017
CR00017943,07/31/2017 10:32:00 AM,40,CLEAR,DARKNESS - LIGHTED ROAD,ANGLE,DIVIDED - W/MEDIAN BARRIER,TRAFFIC SIGNAL,FOLLOWING TOO CLOSELY,DISTRACTION - FROM INSIDE VEHICLE,0,0,3,3,10,2,7,936,ELSTON AVE,41.869627,-87.733855,07/31/2017 11:36:00 AM,2017
CR00017944,09/19/2015 04:17:00 PM,45,CLEAR,DARKNESS - LIGHTED ROAD,REAR END,DIVIDED - W/MEDIAN BARRIER,TRAFFIC SIGNAL,IMPROPER LANE USAGE,IMPROPER OVERTAKING/PASSING,0,0,2,2,16,7,9,2441,ELSTON AVE,41.961142,-87.844035,09/19/2015 04:41:00 PM,2015
CR00017945,06/16/2022 05:18:00 AM,25,SNOW,DARKNESS - LIGHTED ROAD,ANGLE,FOUR WAY,NO CONTROLS,UNABLE TO DETERMINE,UNABLE TO DETERMINE,0,0,1,1,5,5,6,424,CICERO AVE,41.985291,-87.823569,06/16/2022 05:33:00 AM,2022
CR00017946,02/18/2021 08:42:00 PM,35,CLEAR,DARKNESS - LIGHTED ROAD,SIDESWIPE SAME DIRECTION,DIVIDED - W/MEDIAN BARRIER,TRAFFIC SIGNAL,DISTRACTION - FROM INSIDE VEHICLE,IMPROPER OVERTAKING/PASSING,0,0,0,0,20,5,2,2505,WESTERN AVE,41.837875,-87.626802,02/18/2021 09:48:00 PM,2021
CR00017947,04/13/2015 09:14:00 AM,15,CLOUDY/OVERCAST,DAYLIGHT,SIDESWIPE SAME DIRECTION,FOUR WAY,STOP SIGN/FLASHER,FOLLOWING TOO CLOSELY,NOT APPLICABLE,0,0,0,0,9,2,4,913,BROADWAY,41.711555,-87.555486,04/13/2015 10:53:00 AM,2015
CR00017948,09/21/2022 08:02:00 AM,30,CLEAR,DAYLIGHT,REAR END,T-INTERSECTION,TRAFFIC SIGNAL,FAILING TO YIELD RIGHT-OF-WAY,UNABLE TO DETERMINE,0,0,0,0,8,4,9,1834,47TH ST,41.747579,-87.701808,09/21/2022 08:14:00 AM,2022
CR00017949,06/30/2021 02:04:00 PM,25,CLEAR,DAYLIGHT,TURNING,DIVIDED - W/MEDIAN (NOT RAISED),NO CONTROLS,FAILING TO YIELD RIGHT-OF-WAY,DISTRACTION - FROM INSIDE VEHICLE,0,0,0,0,14,4,6,483,47TH ST,41.983794,-87.636882,06/30/2021 03:39:00 PM,2021
CR00017950,07/06/2017 01:33:00 PM,15,CLEAR,DAYLIGHT,PARKED MOTOR VEHICLE,T-INTERSECTION,NO CONTROLS,DRIVING SKILLS/KNOWLEDGE/EXPERIENCE,UNABLE TO DETERMINE,0,0,0,0,13,5,7,1032,47TH ST,41.709043,-87.511461,07/06/2017 02:21:00 PM,2017
CR00017951,01/05/2017 01:00:00 AM,35,RAIN,DARKNESS,ANGLE,NOT DIVIDED,TRAFFIC SIGNAL,DRIVING SKILLS/KNOWLEDGE/EXPERIENCE,IMPROPER OVERTAKING/PASSING,0,0,0,0,1,5,1,2138,HALSTED ST,41.966399,-87.58763,01/05/2017 02:24:00 AM,2017
CR00017952,12/09/2016 02:30:00 AM,30,CLOUDY/OVERCAST,DAYLIGHT,PARKED MOTOR VEHICLE,FOUR WAY,NO CONTROLS,UNABLE TO DETERMINE,DISREGARDING TRAFFIC SIGNALS,0,0,0,0,2,6,12,121,STONY ISLAND AVE,41.822304,-87.798552,12/09/2016 04:07:00 AM,2016
CR00017953,02/02/2018 07:59:00 PM,30,CLEAR,DARKNESS - LIGHTED ROAD,PEDESTRIAN,FOUR WAY,STOP SIGN/FLASHER,FOLLOWING TOO CLOSELY,NOT APPLICABLE,0,0,0,0,19,6,2,2535,STONY ISLAND AVE,41.727034,-87.691097,02/02/2018 08:45:00 PM,2018
CR00017954,01/22/2015 08:11:00 PM,35,CLEAR,DARKNESS - LIGHTED ROAD,REAR END,ONE-WAY,NO CONTROLS,DISREGARDING TRAFFIC SIGNALS,FAILING TO YIELD RIGHT-OF-WAY,0,0,0,0,20,5,1,415,WESTERN AVE,41.929257,-87.681167,01/22/2015 08:18:00 PM,2015
CR00017955,02/25/2016 10:04:00 AM,20,CLEAR,DAYLIGHT,REAR END,NOT DIVIDED,UNKNOWN,IMPROPER OVERTAKING/PASSING,UNABLE TO DETERMINE,0,0,0,0,10,5,2,1162,STATE ST,41.88094,-87.540268,02/25/2016 12:03:00 PM,2016
CR00017956,01/05/2016 07:11:00 AM,15,CLEAR,DAYLIGHT,REAR END,NOT DIVIDED,NO CONTROLS,UNABLE TO DETERMINE,FOLLOWING TOO CLOSELY,0,0,2,2,7,3,1,2013,47TH ST,41.701189,-87.67453,01/05/2016 08:32:00 AM,2016
CR00017957,10/02/2017 07:28:00 PM,45,CLEAR,DARKNESS,ANGLE,NOT DIVIDED,NO CONTROLS,FOLLOWING TOO CLOSELY,NOT APPLICABLE,0,0,0,0,19,2,10,848,BROADWAY,41.855407,-87.64523,10/02/2017 08:43:00 PM,2017
CR00017958,06/07/2023 04:10:00 PM,45,RAIN,DAYLIGHT,ANGLE,NOT DIVIDED,TRAFFIC SIGNAL,FOLLOWING TOO CLOSELY,FAILING TO REDUCE SPEED,0,0,0,0,16,4,6,1725,DIVISION ST,41.861873,-87.756501,06/07/2023 05:10:00 PM,2023
CR00017959,11/07/2018 09:55:00 PM,20,CLEAR,DAYLIGHT,PARKED MOTOR VEHICLE,NOT DIVIDED,NO CONTROLS,UNABLE TO DETERMINE,FOLLOWING TOO CLOSELY,0,0,0,0,21,4,11,1592,ROOSEVELT RD,41.702207,-87.689003,11/07/2018 11:49:00 PM,2018
CR00017960,05/13/2024 03:58:00 PM,20,FREEZING RAIN/DRIZZLE,DAYLIGHT,ANGLE,DIVIDED - W/MEDIAN BARRIER,STOP SIGN/FLASHER,FAILING TO YIELD RIGHT-OF-WAY,UNABLE TO DETERMINE,0,0,0,0,15,2,5,1449,LAKE SHORE DR,41.756985,-87.631529,05/13/2024 05:43:00 PM,2024
CR00017961,04/02/2019 06:38:00 AM,25,CLEAR,DAYLIGHT,PEDESTRIAN,NOT DIVIDED,STOP SIGN/FLASHER,FOLLOWING TOO CLOSELY,NOT APPLICABLE,0,0,0,0,6,3,4,110,CALIFORNIA AVE,41.74552,-87.753034,04/02/2019 06:44:00 AM,2019
CR00017962,04/23/2018 03:41:00 PM,35,CLEAR,DAYLIGHT,REAR END,DIVIDED - W/MEDIAN (NOT RAISED),TRAFFIC SIGNAL,DRIVING SKILLS/KNOWLEDGE/EXPERIENCE,DISREGARDING TRAFFIC SIGNALS,0,0,0,0,15,2,4,1752,79TH ST,41.926916,-87.546158,04/23/2018 03:59:00 PM,2018
CR00017963,07/14/2021 09:47:00 AM,25,CLEAR,DAYLIGHT,TURNING,NOT DIVIDED,NO CONTROLS,UNABLE TO DETERMINE,FOLLOWING TOO CLOSELY,0,0,3,3,9,4,7,1365,ARCHER AVE,41.702789,-87.714229,07/14/2021 10:43:00 AM,2021
CR00017964,01/18/2020 01:58:00 AM,30,CLOUDY/OVERCAST,DAYLIGHT,REAR END,NOT DIVIDED,NO CONTROLS,DISTRACTION - FROM INSIDE VEHICLE,UNABLE TO DETERMINE,0,0,0,0,1,7,1,1973,ELSTON AVE,41.825989,-87.64068,01/18/2020 02:37:00 AM,2020
CR00017965,04/11/2018 06:58:00 PM,30,CLEAR,DAYLIGHT,SIDESWIPE SAME DIRECTION,NOT DIVIDED,STOP SIGN/FLASHER,UNABLE TO DETERMINE,DRIVING SKILLS/KNOWLEDGE/EXPERIENCE,0,0,0,0,18,4,4,1107,CALIFORNIA AVE,41.909171,-87.810744,04/11/2018 07:49:00 PM,2018
CR00017966,01/12/2024 04:58:00 PM,30,CLEAR,DAYLIGHT,SIDESWIPE SAME DIRECTION,ONE-WAY,NO CONTROLS,UNABLE TO DETERMINE,FAILING TO REDUCE SPEED,0,1,0,1,16,6,1,1581,ELSTON AVE,41.726457,-87.732945,01/12/2024 06:03:00 PM,2024
CR00017967,03/08/2018 10:47:00 AM,25,CLEAR,DAYLIGHT,SIDESWIPE SAME DIRECTION,NOT DIVIDED,NO CONTROLS,DRIVING SKILLS/KNOWLEDGE/EXPERIENCE,FOLLOWING TOO CLOSELY,0,0,0,0,10,5,3,2225,ELSTON AVE,41.8704,-87.766294,03/08/2018 11:18:00 AM,2018
CR00017968,09/17/2016 03:31:00 PM,15,CLEAR,DARKNESS - LIGHTED ROAD,REAR END,NOT DIVIDED,STOP SIGN/FLASHER,IMPROPER OVERTAKING/PASSING,FAILING TO REDUCE SPEED,0,0,0,0,15,7,9,2470,FULLERTON AVE,41.957963,-87.591079,09/17/2016 04:30:00 PM,2016
CR00017969,04/25/2023 07:59:00 PM,20,CLOUDY/OVERCAST,DARKNESS,REAR END,DIVIDED - W/MEDIAN (NOT RAISED),NO CONTROLS,UNABLE TO DETERMINE,NOT APPLICABLE,0,0,0,0,19,3,4,921,HALSTED ST,41.917421,-87.673544,04/25/2023 09:54:00 PM,2023
CR00017970,04/15/2019 03:57:00 AM,35,SNOW,DARKNESS - LIGHTED ROAD,REAR TO FRONT,NOT DIVIDED,NO CONTROLS,FAILING TO YIELD RIGHT-OF-WAY,IMPROPER LANE USAGE,0,0,0,0,3,2,4,396,MILWAUKEE AVE,41.937286,-87.831518,04/15/2019 05:08:00 AM,2019
CR00017971,09/28/2024 01:07:00 PM,20,CLEAR,DARKNESS - LIGHTED ROAD,TURNING,DIVIDED - W/MEDIAN (NOT RAISED),TRAFFIC SIGNAL,UNABLE TO DETERMINE,NOT APPLICABLE,0,0,0,0,13,7,9,2362,IRVING PARK RD,41.874855,-87.671866,09/28/2024 01:38:00 PM,2024
CR00017972,07/09/2023 03:10:00 AM,20,CLEAR,DAWN,REAR END,NOT DIVIDED,TRAFFIC SIGNAL,DRIVING SKILLS/KNOWLEDGE/EXPERIENCE,DISTRACTION - FROM INSIDE VEHICLE,0,0,0,0,3,1,7,1770,ROOSEVELT RD,41.917324,-87.601511,07/09/2023 03:32:00 AM,2023
CR00017973,08/03/2024 04:54:00 AM,30,CLEAR,DAYLIGHT,PEDESTRIAN,ONE-WAY,TRAFFIC SIGNAL,WEATHER,FAILING TO YIELD RIGHT-OF-WAY,0,0,2,2,4,7,8,954,KEDZIE AVE,41.943665,-87.769808,08/03/2024 05:50:00 AM,2024
CR00017974,05/20/2015 08:10:00 AM,45,CLOUDY/OVERCAST,DAYLIGHT,ANGLE,NOT DIVIDED,NO CONTROLS,UNABLE TO DETERMINE,FAILING TO YIELD RIGHT-OF-WAY,0,0,3,3,8,4,5,1034,STATE ST,41.849962,-87.653309,05/20/2015 08:21:00 AM,2015
CR00017975,07/17/2016 03:22:00 AM,25,SNOW,DAYLIGHT,TURNING,DIVIDED - W/MEDIAN BARRIER,YIELD,UNABLE TO DETERMINE,NOT APPLICABLE,0,0,0,0,3,1,7,1302,OGDEN AVE,41.863392,-87.61879,07/17/2016 05:16:00 AM,2016
CR00017976,01/02/2021 07:45:00 AM,25,SNOW,DARKNESS - LIGHTED ROAD,REAR END,DIVIDED - W/MEDIAN BARRIER,TRAFFIC SIGNAL,UNABLE TO DETERMINE,UNABLE TO DETERMINE,0,0,0,0,7,7,1,1293,STATE ST,41.784725,-87.573295,01/02/2021 08:09:00 AM,2021
CR00017977,10/07/2019 05:58:00 PM,30,CLEAR,DARKNESS - LIGHTED ROAD,TURNING,DIVIDED - W/MEDIAN (NOT RAISED),STOP SIGN/FLASHER,UNABLE TO DETERMINE,FAILING TO YIELD RIGHT-OF-WAY,0,0,3,3,17,2,10,1877,CICERO AVE,41.903024,-87.719753,10/07/2019 07:05:00 PM,2019
CR00017978,04/14/2024 09:46:00 PM,15,CLEAR,DARKNESS - LIGHTED ROAD,SIDESWIPE SAME DIRECTION,DIVIDED - W/MEDIAN BARRIER,NO CONTROLS,WEATHER,FAILING TO YIELD RIGHT-OF-WAY,0,0,3,3,21,1,4,826,63RD ST,41.705963,-87.688097,04/14/2024 10:18:00 PM,2024
CR00017979,01/12/2016 02:58:00 PM,40,CLEAR,DAYLIGHT,ANGLE,DIVIDED - W/MEDIAN (NOT RAISED),NO CONTROLS,DISTRACTION - FROM INSIDE VEHICLE,NOT APPLICABLE,0,0,0,0,14,3,1,1986,IRVING PARK RD,41.851496,-87.791407,01/12/2016 03:59:00 PM,2016
CR00017980,04/24/2018 06:46:00 PM,25,CLEAR,DARKNESS,TURNING,DIVIDED - W/MEDIAN (NOT RAISED),STOP SIGN/FLASHER,IMPROPER LANE USAGE,UNABLE TO DETERMINE,0,0,0,0,18,3,4,997,LAKE SHORE DR,41.966515,-87.764722,04/24/2018 08:42:00 PM,2018
CR00017981,03/27/2024 07:03:00 PM,35,CLEAR,DAYLIGHT,TURNING,ONE-WAY,NO CONTROLS,DRIVING SKILLS/KNOWLEDGE/EXPERIENCE,UNABLE TO DETERMINE,0,0,0,0,19,4,3,562,ASHLAND AVE,41.793034,-87.847556,03/27/2024 07:25:00 PM,2024
CR00017982,03/21/2017 05:21:00 PM,45,CLEAR,DUSK,TURNING,NOT DIVIDED,UNKNOWN,UNABLE TO DETERMINE,DRIVING SKILLS/KNOWLEDGE/EXPERIENCE,0,0,0,0,17,3,3,1013,IRVING PARK RD,41.776071,-87.831932,03/21/2017 07:06:00 PM,2017
CR00017983,05/02/2015 08:38:00 PM,35,RAIN,DAYLIGHT,SIDESWIPE SAME DIRECTION,ONE-WAY,STOP SIGN/FLASHER,DRIVING SKILLS/KNOWLEDGE/EXPERIENCE,FOLLOWING TOO CLOSELY,0,0,1,1,20,7,5,795,OGDEN AVE,41.804737,-87.70349,05/02/2015 08:49:00 PM,2015
CR00017984,02/19/2019 11:17:00 AM,30,CLEAR,DARKNESS - LIGHTED ROAD,REAR END,NOT DIVIDED,TRAFFIC SIGNAL,UNABLE TO DETERMINE,NOT APPLICABLE,0,0,0,0,11,3,2,200,CICERO AVE,41.826338,-87.597574,02/19/2019 12:21:00 PM,2019
CR00017985,01/30/2020 11:06:00 PM,45,CLEAR,DUSK,PARKED MOTOR VEHICLE,DIVIDED - W/MEDIAN (NOT RAISED),STOP SIGN/FLASHER,IMPROPER LANE USAGE,UNABLE TO DETERMINE,0,0,0,0,23,5,1,452,79TH ST,41.966159,-87.635787,01/31/2020 12:09:00 AM,2020
CR00017986,03/14/2018 03:44:00 PM,15,CLEAR,DAYLIGHT,REAR END,NOT DIVIDED,STOP SIGN/FLASHER,IMPROPER OVERTAKING/PASSING,FAILING TO REDUCE SPEED,0,0,0,0,15,4,3,1314,ELSTON AVE,41.995567,-87.824506,03/14/2018 03:45:00 PM,2018
CR00017987,07/26/2019 06:10:00 AM,45,FOG/SMOKE/HAZE,DARKNESS - LIGHTED ROAD,TURNING,DIVIDED - W/MEDIAN (NOT RAISED),NO CONTROLS,FOLLOWING TOO CLOSELY,UNABLE TO DETERMINE,0,0,0,0,6,6,7,1204,CALIFORNIA AVE,41.800471,-87.613015,07/26/2019 07:25:00 AM,2019
CR00017988,06/17/2016 02:46:00 PM,30,RAIN,DAYLIGHT,TURNING,ONE-WAY,NO CONTROLS,FOLLOWING TOO CLOSELY,UNABLE TO DETERMINE,0,0,0,0,14,6,6,976,ASHLAND AVE,41.873157,-87.789637,06/17/2016 03:35:00 PM,2016
CR00017989,08/24/2015 07:38:00 AM,25,CLEAR,DAYLIGHT,REAR END,NOT DIVIDED,TRAFFIC SIGNAL,FAILING TO YIELD RIGHT-OF-WAY,DRIVING SKILLS/KNOWLEDGE/EXPERIENCE,0,0,0,0,7,2,8,2447,OGDEN AVE,41.850252,-87.561114,08/24/2015 07:40:00 AM,2015
CR00017990,02/08/2020 03:25:00 AM,15,CLEAR,DARKNESS - LIGHTED ROAD,REAR END,NOT DIVIDED,TRAFFIC SIGNAL,UNABLE TO DETERMINE,UNABLE TO DETERMINE,0,0,0,0,3,7,2,2005,IRVING PARK RD,41.743763,-87.690648,02/08/2020 04:52:00 AM,2020
CR00017991,09/12/2017 01:42:00 PM,25,RAIN,DUSK,REAR END,ONE-WAY,PEDESTRIAN CROSSING SIGN,UNABLE TO DETERMINE,UNABLE TO DETERMINE,0,0,0,0,13,3,9,352,HALSTED ST,41.962633,-87.550134,09/12/2017 02:55:00 PM,2017
CR00017992,09/14/2024 06:49:00 PM,15,RAIN,DARKNESS - LIGHTED ROAD,ANGLE,NOT DIVIDED,NO CONTROLS,UNABLE TO DETERMINE,FAILING TO YIELD RIGHT-OF-WAY,0,0,0,0,18,7,9,342,STATE ST,41.817419,-87.552714,09/14/2024 08:49:00 PM,2024
CR00017993,11/18/2016 05:15:00 PM,25,CLOUDY/OVERCAST,DAYLIGHT,REAR END,DIVIDED - W/MEDIAN BARRIER,TRAFFIC SIGNAL,IMPROPER LANE USAGE,UNABLE TO DETERMINE,0,0,0,0,17,6,11,2164,79TH ST,41.965586,-87.696964,11/18/2016 07:07:00 PM,2016
CR00017994,11/18/2015 07:46:00 PM,20,CLOUDY/OVERCAST,DAYLIGHT,ANGLE,DIVIDED - W/MEDIAN BARRIER,TRAFFIC SIGNAL,DRIVING SKILLS/KNOWLEDGE/EXPERIENCE,FOLLOWING TOO CLOSELY,0,0,0,0,19,4,11,1969,FULLERTON AVE,41.870339,-87.503183,11/18/2015 07:55:00 PM,2015
CR00017995,02/11/2021 01:20:00 PM,30,CLEAR,DAYLIGHT,ANGLE,FOUR WAY,UNKNOWN,UNABLE TO DETERMINE,NOT APPLICABLE,0,2,1,3,13,5,2,1994,STONY ISLAND AVE,41.701903,-87.534823,02/11/2021 02:38:00 PM,2021
CR00017996,09/22/2015 03:52:00 PM,25,CLEAR,DAYLIGHT,ANGLE,ONE-WAY,STOP SIGN/FLASHER,FOLLOWING TOO CLOSELY,NOT APPLICABLE,0,0,0,0,15,3,9,1196,OGDEN AVE,41.965702,-87.813036,09/22/2015 04:03:00 PM,2015
CR00017997,06/18/2016 05:38:00 AM,20,CLEAR,DAYLIGHT,TURNING,ONE-WAY,STOP SIGN/FLASHER,DRIVING SKILLS/KNOWLEDGE/EXPERIENCE,DISTRACTION - FROM INSIDE VEHICLE,0,0,0,0,5,7,6,512,DIVISION ST,41.790694,-87.521146,06/18/2016 07:25:00 AM,2016
CR00017998,09/01/2015 06:36:00 PM,40,CLEAR,DAYLIGHT,REAR END,DIVIDED - W/MEDIAN BARRIER,TRAFFIC SIGNAL,WEATHER,IMPROPER OVERTAKING/PASSING,0,0,0,0,18,3,9,1795,KEDZIE AVE,41.715957,-87.743739,09/01/2015 07:51:00 PM,2015
CR00017999,04/27/2017 04:10:00 AM,15,CLOUDY/OVERCAST,DUSK,FIXED OBJECT,NOT DIVIDED,STOP SIGN/FLASHER,DRIVING SKILLS/KNOWLEDGE/EXPERIENCE,DISTRACTION - FROM INSIDE VEHICLE,0,0,0,0,4,5,4,1632,ASHLAND AVE,41.826668,-87.800013,04/27/2017 04:11:00 AM,2017
CR00018000,02/15/2017 08:00:00 PM,30,CLEAR,DAYLIGHT,ANGLE,NOT DIVIDED,NO CONTROLS,UNABLE TO DETERMINE,IMPROPER OVERTAKING/PASSING,0,0,0,0,20,4,2,1595,OGDEN AVE,41.877246,-87.504839,02/15/2017 09:44:00 PM,2017
CR00018001,10/05/2015 06:49:00 PM,30,CLEAR,DAYLIGHT,TURNING,FOUR WAY,NO CONTROLS,FOLLOWING TOO CLOSELY,IMPROPER OVERTAKING/PASSING,0,0,0,0,18,2,10,639,PULASKI RD,41.926681,-87.678398,10/05/2015 07:30:00 PM,2015
CR00018002,01/24/2019 11:48:00 AM,35,SNOW,DAYLIGHT,FIXED OBJECT,DIVIDED - W/MEDIAN BARRIER,NO CONTROLS,UNABLE TO DETERMINE,NOT APPLICABLE,0,0,0,0,11,5,1,2479,DIVISION ST,41.970679,-87.688529,01/24/2019 01:04:00 PM,2019
CR00018003,11/11/2018 08:36:00 AM,15,CLEAR,DAYLIGHT,REAR END,DIVIDED - W/MEDIAN (NOT RAISED),TRAFFIC SIGNAL,FOLLOWING TOO CLOSELY,DISTRACTION - FROM INSIDE VEHICLE,0,1,0,1,8,1,11,2119,LAKE SHORE DR,41.832539,-87.681244,11/11/2018 09:35:00 AM,2018
CR00018004,05/18/2023 07:29:00 PM,30,CLEAR,DARKNESS - LIGHTED ROAD,REAR TO FRONT,NOT DIVIDED,NO CONTROLS,DRIVING SKILLS/KNOWLEDGE/EXPERIENCE,NOT APPLICABLE,0,0,0,0,19,5,5,685,HALSTED ST,41.989877,-87.622403,05/18/2023 07:31:00 PM,2023
CR00018005,07/03/2017 12:04:00 PM,35,CLEAR,DARKNESS,SIDESWIPE SAME DIRECTION,NOT DIVIDED,TRAFFIC SIGNAL,UNABLE TO DETERMINE,DISTRACTION - FROM INSIDE VEHICLE,0,0,0,0,12,2,7,1613,79TH ST,41.816942,-87.734245,07/03/2017 01:31:00 PM,2017
CR00018006,10/11/2023 07:06:00 AM,45,CLEAR,DARKNESS - LIGHTED ROAD,REAR END,DIVIDED - W/MEDIAN (NOT RAISED),STOP SIGN/FLASHER,DRIVING SKILLS/KNOWLEDGE/EXPERIENCE,UNABLE TO DETERMINE,0,0,0,0,7,4,10,2180,BROADWAY,41.803074,-87.750883,10/11/2023 07:20:00 AM,2023
CR00018007,10/19/2022 08:19:00 PM,35,CLEAR,DARKNESS - LIGHTED ROAD,PARKED MOTOR VEHICLE,NOT DIVIDED,TRAFFIC SIGNAL,FOLLOWING TOO CLOSELY,UNABLE TO DETERMINE,0,0,0,0,20,4,10,650,79TH ST,41.894277,-87.625743,10/19/2022 09:45:00 PM,2022
CR00018008,05/16/2023 05:33:00 AM,30,RAIN,DAYLIGHT,TURNING,DIVIDED - W/MEDIAN BARRIER,NO CONTROLS,FOLLOWING TOO CLOSELY,UNABLE TO DETERMINE,0,0,3,3,5,3,5,661,FULLERTON AVE,41.814911,-87.574649,05/16/2023 07:04:00 AM,2023
CR00018009,11/24/2024 07:31:00 PM,40,CLEAR,DARKNESS - LIGHTED ROAD,PARKED MOTOR VEHICLE,NOT DIVIDED,NO CONTROLS,WEATHER,DISREGARDING TRAFFIC SIGNALS,0,0,0,0,19,1,11,261,BROADWAY,41.908269,-87.511874,11/24/2024 08:04:00 PM,2024
CR00018010,03/17/2020 05:14:00 PM,30,CLEAR,DARKNESS - LIGHTED ROAD,REAR END,FOUR WAY,TRAFFIC SIGNAL,FOLLOWING TOO CLOSELY,DISTRACTION - FROM INSIDE VEHICLE,0,0,3,3,17,3,3,2366,47TH ST,41.895358,-87.529844,03/17/2020 06:25:00 PM,2020
CR00018011,09/25/2024 10:04:00 AM,25,RAIN,DAYLIGHT,REAR END,T-INTERSECTION,TRAFFIC SIGNAL,FAILING TO REDUCE SPEED,NOT APPLICABLE,0,0,0,0,10,4,9,2302,BROADWAY,41.818159,-87.662344,09/25/2024 10:48:00 AM,2024
CR00018012,10/27/2016 08:29:00 AM,35,CLEAR,DARKNESS,FIXED OBJECT,ONE-WAY,NO CONTROLS,UNABLE TO DETERMINE,DRIVING SKILLS/KNOWLEDGE/EXPERIENCE,0,0,0,0,8,5,10,1730,ROOSEVELT RD,41.779685,-87.572583,10/27/2016 10:06:00 AM,2016
CR00018013,11/05/2015 07:37:00 PM,30,CLEAR,DAYLIGHT,REAR END,ONE-WAY,UNKNOWN,IMPROPER LANE USAGE,NOT APPLICABLE,0,0,1,1,19,5,11,941,ROOSEVELT RD,41.83308,-87.604062,11/05/2015 09:35:00 PM,2015
CR00018014,10/16/2022 09:06:00 AM,30,CLOUDY/OVERCAST,DAYLIGHT,TURNING,DIVIDED - W/MEDIAN (NOT RAISED),STOP SIGN/FLASHER,UNABLE TO DETERMINE,NOT APPLICABLE,0,0,0,0,9,1,10,438,KEDZIE AVE,41.942473,-87.534752,10/16/2022 10:31:00 AM,2022
CR00018015,03/14/2022 11:17:00 AM,35,CLEAR,DARKNESS,REAR END,DIVIDED - W/MEDIAN (NOT RAISED),TRAFFIC SIGNAL,UNABLE TO DETERMINE,UNABLE TO DETERMINE,0,0,3,3,11,2,3,1115,KEDZIE AVE,41.724159,-87.8207,03/14/2022 12:07:00 PM,2022
CR00018016,08/30/2024 07:09:00 AM,30,CLEAR,DAYLIGHT,PARKED MOTOR VEHICLE,NOT DIVIDED,STOP SIGN/FLASHER,UNABLE TO DETERMINE,UNABLE TO DETERMINE,0,0,0,0,7,6,8,1206,MILWAUKEE AVE,41.783177,-87.639502,08/30/2024 08:29:00 AM,2024
CR00018017,08/22/2022 01:30:00 PM,30,CLEAR,DAYLIGHT,SIDESWIPE SAME DIRECTION,FOUR WAY,UNKNOWN,DRIVING SKILLS/KNOWLEDGE/EXPERIENCE,FAILING TO REDUCE SPEED,0,2,3,5,13,2,8,1057,WESTERN AVE,41.750344,-87.695571,08/22/2022 02:54:00 PM,2022
CR00018018,01/24/2016 07:20:00 PM,40,CLEAR,DARKNESS,REAR END,ONE-WAY,NO CONTROLS,UNABLE TO DETERMINE,FAILING TO YIELD RIGHT-OF-WAY,0,0,0,0,19,1,1,2370,PULASKI RD,41.944847,-87.734332,01/24/2016 08:30:00 PM,2016
CR00018019,10/26/2021 12:15:00 PM,30,CLEAR,DARKNESS - LIGHTED ROAD,REAR END,NOT DIVIDED,STOP SIGN/FLASHER,DISTRACTION - FROM INSIDE VEHICLE,NOT APPLICABLE,0,0,0,0,12,3,10,1994,HALSTED ST,41.875006,-87.552594,10/26/2021 01:40:00 PM,2021
CR00018020,07/11/2024 09:59:00 AM,30,CLEAR,DAYLIGHT,REAR END,ONE-WAY,STOP SIGN/FLASHER,DISREGARDING TRAFFIC SIGNALS,IMPROPER OVERTAKING/PASSING,0,0,0,0,9,5,7,2274,ELSTON AVE,41.739288,-87.668932,07/11/2024 10:13:00 AM,2024
CR00018021,07/25/2018 05:10:00 PM,40,CLOUDY/OVERCAST,DAYLIGHT,REAR TO FRONT,ONE-WAY,TRAFFIC SIGNAL,IMPROPER OVERTAKING/PASSING,FAILING TO REDUCE SPEED,0,1,2,3,17,4,7,2399,IRVING PARK RD,41.98879,-87.567201,07/25/2018 06:33:00 PM,2018
CR00018022,06/11/2019 08:24:00 AM,35,CLEAR,DAYLIGHT,SIDESWIPE SAME DIRECTION,FOUR WAY,NO CONTROLS,UNABLE TO DETERMINE,DRIVING SKILLS/KNOWLEDGE/EXPERIENCE,0,0,0,0,8,3,6,1828,BROADWAY,41.709984,-87.608693,06/11/2019 09:19:00 AM,2019
CR00018023,02/08/2016 05:13:00 PM,35,CLOUDY/OVERCAST,DARKNESS,REAR END,DIVIDED - W/MEDIAN (NOT RAISED),TRAFFIC SIGNAL,FOLLOWING TOO CLOSELY,FOLLOWING TOO CLOSELY,0,0,0,0,17,2,2,768,DAMEN AVE,41.979355,-87.774831,02/08/2016 07:04:00 PM,2016