CRASH_RECORD_ID,CRASH_DATE,POSTED_SPEED_LIMIT,WEATHER_CONDITION,LIGHTING_CONDITION,FIRST_CRASH_TYPE,TRAFFICWAY_TYPE,TRAFFIC_CONTROL_DEVICE,PRIM_CONTRIBUTORY_CAUSE,SEC_CONTRIBUTORY_CAUSE,INJURIES_FATAL,INJURIES_INCAPACITATING,INJURIES_NON_INCAPACITATING,INJURIES_TOTAL,CRASH_HOUR,CRASH_DAY_OF_WEEK,CRASH_MONTH,BEAT_OF_OCCURRENCE,STREET_NAME,LATITUDE,LONGITUDE,DATE_POLICE_NOTIFIED,year
CR00018024,07/28/2017 07:22:00 AM,35,CLEAR,DARKNESS - LIGHTED ROAD,SIDESWIPE SAME DIRECTION,NOT DIVIDED,STOP SIGN/FLASHER,DRIVING SKILLS/KNOWLEDGE/EXPERIENCE,DISTRACTION - FROM INSIDE VEHICLE,0,0,0,0,7,6,7,1661,DIVISION ST,41.752185,-87.783727,07/28/2017 08:01:00 AM,2017
CR00018025,04/08/2021 06:01:00 PM,25,RAIN,DAYLIGHT,ANGLE,ONE-WAY,NO CONTROLS,UNABLE TO DETERMINE,FAILING TO REDUCE SPEED,0,0,3,3,18,5,4,1043,47TH ST,41.900197,-87.770226,04/08/2021 06:45:00 PM,2021
CR00018026,02/21/2016 05:55:00 PM,30,RAIN,DAYLIGHT,ANGLE,NOT DIVIDED,TRAFFIC SIGNAL,IMPROPER OVERTAKING/PASSING,FAILING TO YIELD RIGHT-OF-WAY,0,0,2,2,17,1,2,1889,STATE ST,41.970099,-87.646516,02/21/2016 07:15:00 PM,2016
CR00018027,12/19/2015 02:22:00 PM,30,CLEAR,DARKNESS - LIGHTED ROAD,ANGLE,NOT DIVIDED,NO CONTROLS,UNABLE TO DETERMINE,NOT APPLICABLE,0,0,0,0,14,7,12,2518,BROADWAY,41.736318,-87.557091,12/19/2015 03:19:00 PM,2015
CR00018028,09/03/2018 05:53:00 PM,35,CLEAR,DAYLIGHT,TURNING,NOT DIVIDED,TRAFFIC SIGNAL,FAILING TO YIELD RIGHT-OF-WAY,FOLLOWING TOO CLOSELY,0,0,1,1,17,2,9,1929,63RD ST,41.884429,-87.609019,09/03/2018 07:50:00 PM,2018
CR00018029,08/06/2015 08:46:00 AM,40,CLEAR,DAYLIGHT,TURNING,DIVIDED - W/MEDIAN BARRIER,TRAFFIC SIGNAL,UNABLE TO DETERMINE,UNABLE TO DETERMINE,0,0,0,0,8,5,8,2220,OGDEN AVE,41.965623,-87.827536,08/06/2015 09:51:00 AM,2015
CR00018030,06/25/2016 05:21:00 PM,30,RAIN,DAYLIGHT,REAR TO FRONT,NOT DIVIDED,STOP SIGN/FLASHER,FAILING TO YIELD RIGHT-OF-WAY,IMPROPER OVERTAKING/PASSING,0,0,0,0,17,7,6,503,ARCHER AVE,41.784118,-87.521952,06/25/2016 06:20:00 PM,2016
CR00018031,07/16/2023 08:55:00 AM,20,CLEAR,DAYLIGHT,TURNING,NOT DIVIDED,STOP SIGN/FLASHER,IMPROPER LANE USAGE,UNABLE TO DETERMINE,0,0,0,0,8,1,7,224,HALSTED ST,41.824265,-87.773394,07/16/2023 09:09:00 AM,2023
CR00018032,07/06/2019 09:53:00 PM,40,CLEAR,DAYLIGHT,TURNING,DIVIDED - W/MEDIAN (NOT RAISED),NO CONTROLS,FOLLOWING TOO CLOSELY,NOT APPLICABLE,0,0,0,0,21,7,7,1683,ROOSEVELT RD,41.81096,-87.511735,07/06/2019 10:55:00 PM,2019
CR00018033,04/05/2018 08:55:00 AM,45,RAIN,DUSK,TURNING,DIVIDED - W/MEDIAN BARRIER,TRAFFIC SIGNAL,IMPROPER LANE USAGE,FAILING TO YIELD RIGHT-OF-WAY,0,0,0,0,8,5,4,687,47TH ST,41.904589,-87.684283,04/05/2018 09:37:00 AM,2018
CR00018034,10/05/2017 05:36:00 PM,15,CLEAR,DAYLIGHT,PARKED MOTOR VEHICLE,T-INTERSECTION,NO CONTROLS,FAILING TO YIELD RIGHT-OF-WAY,NOT APPLICABLE,0,0,1,1,17,5,10,649,CALIFORNIA AVE,41.934096,-87.7336,10/05/2017 07:13:00 PM,2017
CR00018035,02/01/2021 01:49:00 PM,20,CLEAR,DAYLIGHT,ANGLE,ONE-WAY,STOP SIGN/FLASHER,FAILING TO REDUCE SPEED,FOLLOWING TOO CLOSELY,0,0,0,0,13,2,2,2239,OGDEN AVE,41.830311,-87.544554,02/01/2021 02:46:00 PM,2021
CR00018036,06/20/2023 01:14:00 PM,30,CLEAR,DARKNESS - LIGHTED ROAD,REAR END,NOT DIVIDED,NO CONTROLS,FAILING TO YIELD RIGHT-OF-WAY,NOT APPLICABLE,0,0,0,0,13,3,6,566,MICHIGAN AVE,41.826855,-87.834505,06/20/2023 01:45:00 PM,2023
CR00018037,02/15/2016 08:24:00 AM,35,CLEAR,DAYLIGHT,PARKED MOTOR VEHICLE,ONE-WAY,STOP SIGN/FLASHER,UNABLE TO DETERMINE,IMPROPER LANE USAGE,0,0,0,0,8,2,2,2034,OGDEN AVE,41.800597,-87.584445,02/15/2016 08:34:00 AM,2016
CR00018038,12/11/2020 05:34:00 PM,15,CLEAR,DARKNESS,REAR END,DIVIDED - W/MEDIAN BARRIER,NO CONTROLS,FAILING TO REDUCE SPEED,UNABLE TO DETERMINE,0,0,1,1,17,6,12,2091,IRVING PARK RD,41.743873,-87.773491,12/11/2020 07:16:00 PM,2020
CR00018039,08/29/2021 11:37:00 AM,35,CLOUDY/OVERCAST,DAYLIGHT,REAR END,ONE-WAY,NO CONTROLS,FOLLOWING TOO CLOSELY,NOT APPLICABLE,0,0,0,0,11,1,8,1024,CICERO AVE,41.973663,-87.824917,08/29/2021 12:20:00 PM,2021
CR00018040,10/03/2017 08:17:00 AM,40,CLEAR,DAYLIGHT,REAR END,FOUR WAY,STOP SIGN/FLASHER,FAILING TO YIELD RIGHT-OF-WAY,FAILING TO REDUCE SPEED,0,0,1,1,8,3,10,2077,47TH ST,41.836964,-87.526452,10/03/2017 08:18:00 AM,2017
CR00018041,05/27/2018 08:59:00 AM,15,FREEZING RAIN/DRIZZLE,DAYLIGHT,ANGLE,NOT DIVIDED,NO CONTROLS,DISTRACTION - FROM INSIDE VEHICLE,DRIVING SKILLS/KNOWLEDGE/EXPERIENCE,0,0,1,1,8,1,5,1977,PULASKI RD,41.836829,-87.745955,05/27/2018 10:33:00 AM,2018
CR00018042,12/04/2015 07:13:00 PM,30,CLEAR,DARKNESS - LIGHTED ROAD,ANGLE,DIVIDED - W/MEDIAN BARRIER,NO CONTROLS,DRIVING SKILLS/KNOWLEDGE/EXPERIENCE,FOLLOWING TOO CLOSELY,0,2,2,4,19,6,12,1873,HALSTED ST,41.751238,-87.721101,12/04/2015 07:57:00 PM,2015
CR00018043,11/11/2018 08:06:00 PM,45,CLEAR,DAYLIGHT,SIDESWIPE SAME DIRECTION,T-INTERSECTION,STOP SIGN/FLASHER,FOLLOWING TOO CLOSELY,NOT APPLICABLE,0,0,1,1,20,1,11,2070,MILWAUKEE AVE,41.983112,-87.619724,11/11/2018 08:51:00 PM,2018
CR00018044,09/17/2021 08:27:00 AM,35,CLEAR,DAYLIGHT,ANGLE,NOT DIVIDED,STOP SIGN/FLASHER,IMPROPER OVERTAKING/PASSING,UNABLE TO DETERMINE,0,0,0,0,8,6,9,1876,KEDZIE AVE,41.898408,-87.665584,09/17/2021 10:24:00 AM,2021
CR00018045,08/23/2016 08:52:00 PM,35,CLEAR,DAYLIGHT,TURNING,NOT DIVIDED,UNKNOWN,IMPROPER OVERTAKING/PASSING,FOLLOWING TOO CLOSELY,0,0,0,0,20,3,8,1103,IRVING PARK RD,41.983959,-87.840346,08/23/2016 09:35:00 PM,2016
CR00018046,06/11/2024 07:33:00 AM,45,CLEAR,DARKNESS - LIGHTED ROAD,REAR END,DIVIDED - W/MEDIAN (NOT RAISED),TRAFFIC SIGNAL,FAILING TO REDUCE SPEED,NOT APPLICABLE,0,0,0,0,7,3,6,1838,MICHIGAN AVE,41.840221,-87.543447,06/11/2024 08:25:00 AM,2024
CR00018047,09/22/2023 06:00:00 PM,15,CLEAR,DARKNESS,REAR END,T-INTERSECTION,TRAFFIC SIGNAL,FOLLOWING TOO CLOSELY,UNABLE TO DETERMINE,0,0,0,0,18,6,9,2235,CICERO AVE,41.970222,-87.717234,09/22/2023 06:01:00 PM,2023
CR00018048,05/01/2021 04:38:00 AM,35,CLEAR,DARKNESS - LIGHTED ROAD,SIDESWIPE SAME DIRECTION,FOUR WAY,STOP SIGN/FLASHER,WEATHER,FOLLOWING TOO CLOSELY,0,0,0,0,4,7,5,660,BROADWAY,41.76373,-87.709677,05/01/2021 06:29:00 AM,2021
CR00018049,02/06/2021 12:50:00 PM,25,RAIN,DARKNESS - LIGHTED ROAD,PARKED MOTOR VEHICLE,NOT DIVIDED,TRAFFIC SIGNAL,DRIVING SKILLS/KNOWLEDGE/EXPERIENCE,FAILING TO YIELD RIGHT-OF-WAY,0,0,0,0,12,7,2,305,MILWAUKEE AVE,41.756837,-87.594912,02/06/2021 02:31:00 PM,2021
CR00018050,02/09/2016 04:31:00 PM,30,CLEAR,DARKNESS - LIGHTED ROAD,TURNING,DIVIDED - W/MEDIAN BARRIER,STOP SIGN/FLASHER,DISTRACTION - FROM INSIDE VEHICLE,NOT APPLICABLE,0,0,0,0,16,3,2,1430,LAKE SHORE DR,41.881734,-87.690032,02/09/2016 05:51:00 PM,2016
CR00018051,01/09/2018 06:38:00 AM,20,CLEAR,DARKNESS - LIGHTED ROAD,TURNING,NOT DIVIDED,TRAFFIC SIGNAL,UNABLE TO DETERMINE,IMPROPER LANE USAGE,0,0,0,0,6,3,1,424,FULLERTON AVE,41.843493,-87.74831,01/09/2018 07:47:00 AM,2018
CR00018052,02/12/2024 03:47:00 PM,35,CLEAR,DAYLIGHT,PEDESTRIAN,FOUR WAY,STOP SIGN/FLASHER,DRIVING SKILLS/KNOWLEDGE/EXPERIENCE,IMPROPER OVERTAKING/PASSING,0,0,3,3,15,2,2,1963,HALSTED ST,41.76624,-87.576318,02/12/2024 05:30:00 PM,2024
CR00018053,08/03/2020 08:20:00 AM,40,RAIN,DAYLIGHT,TURNING,DIVIDED - W/MEDIAN (NOT RAISED),NO CONTROLS,FOLLOWING TOO CLOSELY,DRIVING SKILLS/KNOWLEDGE/EXPERIENCE,0,0,0,0,8,2,8,792,STONY ISLAND AVE,41.716257,-87.737761,08/03/2020 10:07:00 AM,2020
CR00018054,05/29/2021 07:24:00 AM,35,CLEAR,DAWN,TURNING,DIVIDED - W/MEDIAN (NOT RAISED),NO CONTROLS,WEATHER,IMPROPER OVERTAKING/PASSING,0,0,0,0,7,7,5,802,LAKE SHORE DR,41.977729,-87.683617,05/29/2021 09:17:00 AM,2021
CR00018055,06/11/2023 08:30:00 AM,45,CLEAR,DAWN,TURNING,DIVIDED - W/MEDIAN BARRIER,STOP SIGN/FLASHER,UNABLE TO DETERMINE,DRIVING SKILLS/KNOWLEDGE/EXPERIENCE,0,0,0,0,8,1,6,2057,BROADWAY,41.80521,-87.698992,06/11/2023 08:56:00 AM,2023
CR00018056,07/27/2015 09:38:00 AM,45,CLEAR,DARKNESS,SIDESWIPE SAME DIRECTION,FOUR WAY,STOP SIGN/FLASHER,UNABLE TO DETERMINE,IMPROPER LANE USAGE,0,0,0,0,9,2,7,398,LAKE SHORE DR,41.921453,-87.624707,07/27/2015 10:46:00 AM,2015
CR00018057,10/17/2021 01:08:00 PM,35,CLEAR,DARKNESS - LIGHTED ROAD,SIDESWIPE SAME DIRECTION,ONE-WAY,STOP SIGN/FLASHER,FAILING TO YIELD RIGHT-OF-WAY,IMPROPER OVERTAKING/PASSING,0,0,0,0,13,1,10,1719,PULASKI RD,41.985115,-87.594628,10/17/2021 02:09:00 PM,2021
CR00018058,09/12/2022 08:09:00 AM,30,CLEAR,DAYLIGHT,ANGLE,ONE-WAY,NO CONTROLS,DISTRACTION - FROM INSIDE VEHICLE,FOLLOWING TOO CLOSELY,0,0,0,0,8,2,9,695,IRVING PARK RD,41.85781,-87.770442,09/12/2022 09:19:00 AM,2022
CR00018059,12/19/2024 07:27:00 PM,25,RAIN,DARKNESS,PARKED MOTOR VEHICLE,NOT DIVIDED,STOP SIGN/FLASHER,DRIVING SKILLS/KNOWLEDGE/EXPERIENCE,FOLLOWING TOO CLOSELY,0,0,0,0,19,5,12,2216,MILWAUKEE AVE,41.731692,-87.733181,12/19/2024 08:37:00 PM,2024
CR00018060,02/22/2020 05:17:00 PM,35,CLOUDY/OVERCAST,DAYLIGHT,ANGLE,FOUR WAY,STOP SIGN/FLASHER,UNABLE TO DETERMINE,DISREGARDING TRAFFIC SIGNALS,0,0,0,0,17,7,2,665,63RD ST,41.739268,-87.833497,02/22/2020 06:50:00 PM,2020
CR00018061,10/15/2017 03:33:00 AM,30,CLEAR,DARKNESS,TURNING,FOUR WAY,NO CONTROLS,UNABLE TO DETERMINE,NOT APPLICABLE,0,0,0,0,3,1,10,795,ROOSEVELT RD,41.819318,-87.697318,10/15/2017 03:53:00 AM,2017
CR00018062,02/21/2018 11:09:00 PM,30,CLEAR,DAYLIGHT,SIDESWIPE SAME DIRECTION,NOT DIVIDED,NO CONTROLS,FOLLOWING TOO CLOSELY,NOT APPLICABLE,0,0,0,0,23,4,2,1370,IRVING PARK RD,41.947602,-87.533784,02/21/2018 11:19:00 PM,2018
CR00018063,02/19/2016 10:42:00 AM,35,FOG/SMOKE/HAZE,DAYLIGHT,TURNING,NOT DIVIDED,NO CONTROLS,FAILING TO REDUCE SPEED,NOT APPLICABLE,0,0,0,0,10,6,2,1590,47TH ST,41.988306,-87.682647,02/19/2016 11:27:00 AM,2016
CR00018064,04/13/2019 03:29:00 PM,15,CLEAR,DARKNESS - LIGHTED ROAD,TURNING,T-INTERSECTION,NO CONTROLS,UNABLE TO DETERMINE,IMPROPER OVERTAKING/PASSING,0,0,0,0,15,7,4,488,HALSTED ST,41.87003,-87.522502,04/13/2019 04:36:00 PM,2019
CR00018065,03/03/2015 04:11:00 AM,35,CLEAR,DARKNESS - LIGHTED ROAD,ANGLE,DIVIDED - W/MEDIAN (NOT RAISED),TRAFFIC SIGNAL,UNABLE TO DETERMINE,UNABLE TO DETERMINE,0,0,0,0,4,3,3,1027,ROOSEVELT RD,41.852889,-87.615354,03/03/2015 04:46:00 AM,2015
CR00018066,11/25/2016 01:46:00 PM,40,CLOUDY/OVERCAST,DUSK,SIDESWIPE SAME DIRECTION,ONE-WAY,NO CONTROLS,DRIVING SKILLS/KNOWLEDGE/EXPERIENCE,IMPROPER LANE USAGE,0,0,0,0,13,6,11,2230,ROOSEVELT RD,41.885624,-87.720808,11/25/2016 01:50:00 PM,2016
CR00018067,04/04/2016 11:19:00 PM,30,CLEAR,DAYLIGHT,TURNING,DIVIDED - W/MEDIAN (NOT RAISED),STOP SIGN/FLASHER,UNABLE TO DETERMINE,FOLLOWING TOO CLOSELY,0,0,0,0,23,2,4,886,IRVING PARK RD,41.772619,-87.74273,04/04/2016 11:59:00 PM,2016
CR00018068,02/22/2016 03:42:00 PM,45,CLEAR,DAYLIGHT,TURNING,DIVIDED - W/MEDIAN BARRIER,NO CONTROLS,FAILING TO YIELD RIGHT-OF-WAY,UNABLE TO DETERMINE,0,0,0,0,15,2,2,2375,WESTERN AVE,41.875626,-87.73273,02/22/2016 04:02:00 PM,2016
CR00018069,09/29/2023 07:35:00 AM,30,CLEAR,DAYLIGHT,ANGLE,NOT DIVIDED,TRAFFIC SIGNAL,DISTRACTION - FROM INSIDE VEHICLE,UNABLE TO DETERMINE,0,0,0,0,7,6,9,2106,ASHLAND AVE,41.842852,-87.513427,09/29/2023 08:08:00 AM,2023
CR00018070,07/08/2015 07:48:00 PM,20,CLEAR,DARKNESS - LIGHTED ROAD,REAR END,NOT DIVIDED,TRAFFIC SIGNAL,FOLLOWING TOO CLOSELY,UNABLE TO DETERMINE,0,0,1,1,19,4,7,2111,79TH ST,41.965437,-87.656617,07/08/2015 08:16:00 PM,2015
CR00018071,11/20/2015 02:02:00 PM,40,CLEAR,DARKNESS,TURNING,NOT DIVIDED,STOP SIGN/FLASHER,UNABLE TO DETERMINE,NOT APPLICABLE,0,0,0,0,14,6,11,2207,HALSTED ST,41.987415,-87.648736,11/20/2015 03:56:00 PM,2015
CR00018072,10/11/2015 05:31:00 PM,35,CLEAR,DAYLIGHT,REAR END,ONE-WAY,UNKNOWN,DISREGARDING TRAFFIC SIGNALS,FAILING TO YIELD RIGHT-OF-WAY,0,0,0,0,17,1,10,2209,MICHIGAN AVE,41.908883,-87.644873,10/11/2015 05:42:00 PM,2015
CR00018073,12/26/2016 11:53:00 PM,20,RAIN,DARKNESS,ANGLE,NOT DIVIDED,TRAFFIC SIGNAL,FAILING TO REDUCE SPEED,NOT APPLICABLE,0,0,0,0,23,2,12,2380,LAKE SHORE DR,41.975592,-87.649092,12/27/2016 12:19:00 AM,2016
CR00018074,03/27/2018 12:02:00 PM,35,CLEAR,DAYLIGHT,ANGLE,DIVIDED - W/MEDIAN BARRIER,YIELD,FAILING TO REDUCE SPEED,FAILING TO REDUCE SPEED,0,0,0,0,12,3,3,1045,HALSTED ST,41.883436,-87.555761,03/27/2018 02:02:00 PM,2018
CR00018075,02/15/2015 04:20:00 PM,40,SNOW,DAYLIGHT,REAR END,T-INTERSECTION,TRAFFIC SIGNAL,DRIVING SKILLS/KNOWLEDGE/EXPERIENCE,DRIVING SKILLS/KNOWLEDGE/EXPERIENCE,0,0,0,0,16,1,2,508,CICERO AVE,41.921195,-87.529028,02/15/2015 05:35:00 PM,2015
CR00018076,10/10/2022 05:50:00 PM,20,CLOUDY/OVERCAST,DAYLIGHT,PARKED MOTOR VEHICLE,NOT DIVIDED,TRAFFIC SIGNAL,UNABLE TO DETERMINE,FOLLOWING TOO CLOSELY,0,0,0,0,17,2,10,323,CICERO AVE,41.793681,-87.506223,10/10/2022 07:40:00 PM,2022
CR00018077,01/24/2019 07:23:00 PM,25,SNOW,DAYLIGHT,TURNING,ONE-WAY,STOP SIGN/FLASHER,FAILING TO YIELD RIGHT-OF-WAY,DRIVING SKILLS/KNOWLEDGE/EXPERIENCE,0,0,0,0,19,5,1,528,IRVING PARK RD,41.894954,-87.84122,01/24/2019 07:57:00 PM,2019
CR00018078,08/11/2018 07:39:00 AM,25,SNOW,DARKNESS - LIGHTED ROAD,FIXED OBJECT,NOT DIVIDED,UNKNOWN,DRIVING SKILLS/KNOWLEDGE/EXPERIENCE,NOT APPLICABLE,0,0,2,2,7,7,8,2036,DAMEN AVE,41.91959,-87.667957,08/11/2018 09:27:00 AM,2018
CR00018079,08/22/2023 07:10:00 AM,40,CLEAR,DAYLIGHT,REAR END,NOT DIVIDED,NO CONTROLS,FOLLOWING TOO CLOSELY,FAILING TO REDUCE SPEED,0,1,3,4,7,3,8,1388,WESTERN AVE,41.999685,-87.550288,08/22/2023 07:19:00 AM,2023
CR00018080,07/27/2019 10:12:00 AM,30,CLOUDY/OVERCAST,DARKNESS - LIGHTED ROAD,REAR END,NOT DIVIDED,TRAFFIC SIGNAL,FAILING TO REDUCE SPEED,FAILING TO REDUCE SPEED,0,0,0,0,10,7,7,1173,DAMEN AVE,41.761813,-87.628616,07/27/2019 10:28:00 AM,2019
CR00018081,04/26/2015 02:21:00 AM,20,CLEAR,DAYLIGHT,REAR END,DIVIDED - W/MEDIAN (NOT RAISED),NO CONTROLS,FAILING TO YIELD RIGHT-OF-WAY,NOT APPLICABLE,0,0,0,0,2,1,4,2178,FULLERTON AVE,41.791673,-87.808231,04/26/2015 03:29:00 AM,2015
CR00018082,06/20/2018 04:45:00 PM,30,CLEAR,DAYLIGHT,REAR END,T-INTERSECTION,TRAFFIC SIGNAL,FOLLOWING TOO CLOSELY,NOT APPLICABLE,0,0,1,1,16,4,6,691,47TH ST,41.812592,-87.803239,06/20/2018 06:07:00 PM,2018
CR00018083,10/28/2024 09:02:00 AM,25,CLEAR,DAYLIGHT,TURNING,NOT DIVIDED,TRAFFIC SIGNAL,FOLLOWING TOO CLOSELY,NOT APPLICABLE,0,0,0,0,9,2,10,1190,ELSTON AVE,41.984775,-87.627831,10/28/2024 09:44:00 AM,2024
CR00018084,06/12/2019 11:34:00 AM,40,CLEAR,DAYLIGHT,PEDESTRIAN,DIVIDED - W/MEDIAN BARRIER,TRAFFIC SIGNAL,UNABLE TO DETERMINE,DRIVING SKILLS/KNOWLEDGE/EXPERIENCE,0,0,0,0,11,4,6,1534,OGDEN AVE,41.83702,-87.670897,06/12/2019 12:34:00 PM,2019
CR00018085,09/08/2018 03:58:00 PM,20,CLEAR,DAYLIGHT,REAR TO FRONT,ONE-WAY,NO CONTROLS,FOLLOWING TOO CLOSELY,FOLLOWING TOO CLOSELY,0,0,0,0,15,7,9,1814,47TH ST,41.850932,-87.686745,09/08/2018 04:34:00 PM,2018
CR00018086,04/24/2021 12:38:00 PM,30,CLEAR,DARKNESS - LIGHTED ROAD,TURNING,ONE-WAY,STOP SIGN/FLASHER,IMPROPER LANE USAGE,DISREGARDING TRAFFIC SIGNALS,0,0,0,0,12,7,4,240,BROADWAY,41.704222,-87.837547,04/24/2021 01:24:00 PM,2021
CR00018087,11/14/2016 12:01:00 PM,40,CLEAR,DAYLIGHT,FIXED OBJECT,DIVIDED - W/MEDIAN BARRIER,TRAFFIC SIGNAL,IMPROPER LANE USAGE,FAILING TO YIELD RIGHT-OF-WAY,0,0,0,0,12,2,11,146,ASHLAND AVE,41.702844,-87.75126,11/14/2016 01:07:00 PM,2016
CR00018088,12/17/2021 11:27:00 AM,30,SNOW,DARKNESS,SIDESWIPE SAME DIRECTION,NOT DIVIDED,TRAFFIC SIGNAL,UNABLE TO DETERMINE,DRIVING SKILLS/KNOWLEDGE/EXPERIENCE,0,0,0,0,11,6,12,617,STATE ST,41.964767,-87.663378,12/17/2021 12:32:00 PM,2021
CR00018089,02/17/2016 06:50:00 AM,30,CLEAR,DARKNESS - LIGHTED ROAD,TURNING,FOUR WAY,STOP SIGN/FLASHER,IMPROPER OVERTAKING/PASSING,DRIVING SKILLS/KNOWLEDGE/EXPERIENCE,0,0,0,0,6,4,2,872,CICERO AVE,41.879398,-87.614096,02/17/2016 08:00:00 AM,2016
CR00018090,04/18/2023 10:38:00 PM,20,CLEAR,DAYLIGHT,PEDESTRIAN,DIVIDED - W/MEDIAN (NOT RAISED),TRAFFIC SIGNAL,UNABLE TO DETERMINE,UNABLE TO DETERMINE,0,2,1,3,22,3,4,1617,63RD ST,41.825602,-87.667074,04/18/2023 11:08:00 PM,2023
CR00018091,02/06/2015 11:17:00 AM,30,CLEAR,DAYLIGHT,FIXED OBJECT,DIVIDED - W/MEDIAN (NOT RAISED),TRAFFIC SIGNAL,FOLLOWING TOO CLOSELY,UNABLE TO DETERMINE,0,0,0,0,11,6,2,2025,STATE ST,41.753851,-87.797124,02/06/2015 12:36:00 PM,2015
CR00018092,01/30/2020 04:11:00 AM,30,CLEAR,DUSK,ANGLE,ONE-WAY,NO CONTROLS,DRIVING SKILLS/KNOWLEDGE/EXPERIENCE,UNABLE TO DETERMINE,0,1,1,2,4,5,1,1205,ASHLAND AVE,41.767619,-87.53503,01/30/2020 05:09:00 AM,2020
CR00018093,05/12/2021 08:11:00 AM,15,CLEAR,DAYLIGHT,REAR END,NOT DIVIDED,NO CONTROLS,DRIVING SKILLS/KNOWLEDGE/EXPERIENCE,UNABLE TO DETERMINE,0,0,1,1,8,4,5,1998,ASHLAND AVE,41.778131,-87.809193,05/12/2021 10:08:00 AM,2021
CR00018094,04/01/2017 06:49:00 PM,30,CLOUDY/OVERCAST,DARKNESS - LIGHTED ROAD,SIDESWIPE SAME DIRECTION,DIVIDED - W/MEDIAN BARRIER,NO CONTROLS,FAILING TO REDUCE SPEED,UNABLE TO DETERMINE,0,0,0,0,18,7,4,2009,CLARK ST,41.918807,-87.723386,04/01/2017 08:24:00 PM,2017
CR00018095,08/25/2020 07:37:00 PM,35,FOG/SMOKE/HAZE,DAYLIGHT,TURNING,T-INTERSECTION,STOP SIGN/FLASHER,FAILING TO YIELD RIGHT-OF-WAY,UNABLE TO DETERMINE,0,0,0,0,19,3,8,982,ASHLAND AVE,41.75107,-87.71769,08/25/2020 08:35:00 PM,2020
CR00018096,03/29/2024 11:56:00 AM,15,CLEAR,DARKNESS - LIGHTED ROAD,FIXED OBJECT,DIVIDED - W/MEDIAN BARRIER,NO CONTROLS,IMPROPER OVERTAKING/PASSING,DRIVING SKILLS/KNOWLEDGE/EXPERIENCE,0,0,0,0,11,6,3,2011,63RD ST,41.835609,-87.759713,03/29/2024 01:27:00 PM,2024
CR00018097,12/13/2015 03:18:00 PM,35,CLEAR,DAYLIGHT,REAR END,ONE-WAY,TRAFFIC SIGNAL,FOLLOWING TOO CLOSELY,DRIVING SKILLS/KNOWLEDGE/EXPERIENCE,0,0,0,0,15,1,12,1545,DIVISION ST,41.959771,-87.782438,12/13/2015 03:40:00 PM,2015
CR00018098,04/27/2020 08:44:00 AM,30,CLEAR,DARKNESS - LIGHTED ROAD,TURNING,NOT DIVIDED,STOP SIGN/FLASHER,DRIVING SKILLS/KNOWLEDGE/EXPERIENCE,DRIVING SKILLS/KNOWLEDGE/EXPERIENCE,0,0,0,0,8,2,4,2466,CLARK ST,41.818488,-87.505004,04/27/2020 10:32:00 AM,2020
CR00018099,11/15/2023 03:40:00 PM,45,CLEAR,DAYLIGHT,TURNING,FOUR WAY,NO CONTROLS,IMPROPER OVERTAKING/PASSING,FOLLOWING TOO CLOSELY,0,0,1,1,15,4,11,757,STATE ST,41.934387,-87.689199,11/15/2023 03:44:00 PM,2023
CR00018100,05/25/2019 12:29:00 PM,30,CLEAR,DAYLIGHT,SIDESWIPE SAME DIRECTION,T-INTERSECTION,UNKNOWN,FOLLOWING TOO CLOSELY,DISTRACTION - FROM INSIDE VEHICLE,0,0,0,0,12,7,5,266,ASHLAND AVE,41.925763,-87.532219,05/25/2019 01:29:00 PM,2019
CR00018101,03/23/2017 09:17:00 PM,15,CLEAR,DARKNESS - LIGHTED ROAD,TURNING,NOT DIVIDED,STOP SIGN/FLASHER,FOLLOWING TOO CLOSELY,DISTRACTION - FROM INSIDE VEHICLE,0,0,0,0,21,5,3,1013,63RD ST,41.844648,-87.795686,03/23/2017 11:09:00 PM,2017
CR00018102,02/15/2018 12:38:00 AM,35,CLOUDY/OVERCAST,DAYLIGHT,REAR END,FOUR WAY,YIELD,FAILING TO YIELD RIGHT-OF-WAY,DISTRACTION - FROM INSIDE VEHICLE,0,0,0,0,0,5,2,670,ROOSEVELT RD,41.926726,-87.61399,02/15/2018 02:25:00 AM,2018
CR00018103,06/20/2018 09:05:00 AM,35,CLEAR,DARKNESS - LIGHTED ROAD,REAR END,DIVIDED - W/MEDIAN (NOT RAISED),NO CONTROLS,DRIVING SKILLS/KNOWLEDGE/EXPERIENCE,FOLLOWING TOO CLOSELY,0,0,2,2,9,4,6,1454,WESTERN AVE,41.938674,-87.644979,06/20/2018 09:22:00 AM,2018
CR00018104,10/17/2024 02:32:00 AM,20,CLEAR,DAYLIGHT,FIXED OBJECT,ONE-WAY,PEDESTRIAN CROSSING SIGN,FAILING TO REDUCE SPEED,DISREGARDING TRAFFIC SIGNALS,0,0,3,3,2,5,10,1900,ASHLAND AVE,41.942231,-87.75725,10/17/2024 03:20:00 AM,2024
CR00018105,11/02/2020 01:48:00 PM,35,CLEAR,DARKNESS - LIGHTED ROAD,TURNING,NOT DIVIDED,TRAFFIC SIGNAL,FAILING TO YIELD RIGHT-OF-WAY,FAILING TO YIELD RIGHT-OF-WAY,0,0,0,0,13,2,11,2089,ASHLAND AVE,41.914201,-87.667257,11/02/2020 02:45:00 PM,2020
CR00018106,01/28/2018 08:35:00 PM,30,CLEAR,DAYLIGHT,REAR TO FRONT,FOUR WAY,NO CONTROLS,IMPROPER LANE USAGE,FOLLOWING TOO CLOSELY,0,0,0,0,20,1,1,1138,FULLERTON AVE,41.827815,-87.616386,01/28/2018 09:53:00 PM,2018