CRASH_RECORD_ID,CRASH_DATE,POSTED_SPEED_LIMIT,WEATHER_CONDITION,LIGHTING_CONDITION,FIRST_CRASH_TYPE,TRAFFICWAY_TYPE,TRAFFIC_CONTROL_DEVICE,PRIM_CONTRIBUTORY_CAUSE,SEC_CONTRIBUTORY_CAUSE,INJURIES_FATAL,INJURIES_INCAPACITATING,INJURIES_NON_INCAPACITATING,INJURIES_TOTAL,CRASH_HOUR,CRASH_DAY_OF_WEEK,CRASH_MONTH,BEAT_OF_OCCURRENCE,STREET_NAME,LATITUDE,LONGITUDE,DATE_POLICE_NOTIFIED,year
CR00018107,04/27/2022 07:04:00 PM,15,CLEAR,DAYLIGHT,TURNING,ONE-WAY,TRAFFIC SIGNAL,DRIVING SKILLS/KNOWLEDGE/EXPERIENCE,IMPROPER LANE USAGE,0,0,0,0,19,4,4,766,DAMEN AVE,41.818248,-87.652343,04/27/2022 07:21:00 PM,2022
CR00018108,08/17/2016 03:23:00 AM,30,CLEAR,DAYLIGHT,SIDESWIPE SAME DIRECTION,T-INTERSECTION,NO CONTROLS,FAILING TO YIELD RIGHT-OF-WAY,IMPROPER OVERTAKING/PASSING,0,0,0,0,3,4,8,747,CICERO AVE,41.733976,-87.812012,08/17/2016 03:57:00 AM,2016
CR00018109,01/06/2021 07:17:00 AM,35,CLEAR,DAYLIGHT,REAR END,NOT DIVIDED,NO CONTROLS,UNABLE TO DETERMINE,FOLLOWING TOO CLOSELY,0,0,0,0,7,4,1,2189,OGDEN AVE,41.843542,-87.686963,01/06/2021 07:28:00 AM,2021
CR00018110,01/02/2015 05:42:00 PM,25,RAIN,DAYLIGHT,ANGLE,NOT DIVIDED,UNKNOWN,FAILING TO YIELD RIGHT-OF-WAY,DISTRACTION - FROM INSIDE VEHICLE,0,0,0,0,17,6,1,315,HALSTED ST,41.73158,-87.694398,01/02/2015 05:46:00 PM,2015
CR00018111,10/11/2021 02:51:00 PM,30,CLOUDY/OVERCAST,DAYLIGHT,REAR END,NOT DIVIDED,NO CONTROLS,DISREGARDING TRAFFIC SIGNALS,UNABLE TO DETERMINE,0,0,0,0,14,2,10,1954,FULLERTON AVE,41.90296,-87.769629,10/11/2021 03:38:00 PM,2021
CR00018112,04/20/2021 01:49:00 PM,35,CLEAR,DAYLIGHT,ANGLE,ONE-WAY,NO CONTROLS,DISTRACTION - FROM INSIDE VEHICLE,FAILING TO YIELD RIGHT-OF-WAY,0,0,0,0,13,3,4,2486,79TH ST,41.866754,-87.569159,04/20/2021 03:13:00 PM,2021
CR00018113,05/21/2020 02:55:00 PM,25,RAIN,DAYLIGHT,REAR TO FRONT,NOT DIVIDED,NO CONTROLS,FAILING TO REDUCE SPEED,UNABLE TO DETERMINE,0,0,0,0,14,5,5,1214,63RD ST,41.8009,-87.71589,05/21/2020 04:20:00 PM,2020
CR00018114,02/28/2015 02:23:00 PM,35,CLEAR,DUSK,SIDESWIPE SAME DIRECTION,NOT DIVIDED,NO CONTROLS,FAILING TO YIELD RIGHT-OF-WAY,IMPROPER OVERTAKING/PASSING,0,0,1,1,14,7,2,2399,MICHIGAN AVE,41.851033,-87.67487,02/28/2015 03:08:00 PM,2015
CR00018115,10/24/2023 08:22:00 AM,35,CLEAR,DAYLIGHT,ANGLE,DIVIDED - W/MEDIAN (NOT RAISED),NO CONTROLS,IMPROPER OVERTAKING/PASSING,UNABLE TO DETERMINE,0,0,1,1,8,3,10,2075,79TH ST,41.742382,-87.719689,10/24/2023 08:41:00 AM,2023
CR00018116,05/01/2015 05:36:00 PM,35,CLEAR,DAYLIGHT,REAR END,NOT DIVIDED,TRAFFIC SIGNAL,FOLLOWING TOO CLOSELY,FAILING TO YIELD RIGHT-OF-WAY,0,0,0,0,17,6,5,352,MILWAUKEE AVE,41.881441,-87.775509,05/01/2015 05:53:00 PM,2015
CR00018117,07/09/2016 01:33:00 PM,30,CLOUDY/OVERCAST,DARKNESS - LIGHTED ROAD,PARKED MOTOR VEHICLE,NOT DIVIDED,NO CONTROLS,FAILING TO YIELD RIGHT-OF-WAY,NOT APPLICABLE,0,0,0,0,13,7,7,1338,47TH ST,41.872141,-87.678388,07/09/2016 02:36:00 PM,2016
CR00018118,09/12/2019 05:40:00 AM,35,CLEAR,DAYLIGHT,SIDESWIPE SAME DIRECTION,NOT DIVIDED,TRAFFIC SIGNAL,FAILING TO YIELD RIGHT-OF-WAY,NOT APPLICABLE,0,0,3,3,5,5,9,477,MICHIGAN AVE,41.854777,-87.527422,09/12/2019 06:56:00 AM,2019
CR00018119,07/11/2022 02:58:00 PM,40,CLEAR,DAYLIGHT,ANGLE,ONE-WAY,TRAFFIC SIGNAL,DISTRACTION - FROM INSIDE VEHICLE,DRIVING SKILLS/KNOWLEDGE/EXPERIENCE,0,2,2,4,14,2,7,580,IRVING PARK RD,41.878659,-87.841955,07/11/2022 03:41:00 PM,2022
CR00018120,03/02/2018 05:15:00 PM,45,CLEAR,DAYLIGHT,ANGLE,DIVIDED - W/MEDIAN (NOT RAISED),NO CONTROLS,UNABLE TO DETERMINE,IMPROPER OVERTAKING/PASSING,0,0,0,0,17,6,3,1197,79TH ST,41.808429,-87.747169,03/02/2018 06:43:00 PM,2018
CR00018121,12/01/2022 07:35:00 PM,20,CLEAR,DAYLIGHT,TURNING,NOT DIVIDED,NO CONTROLS,FAILING TO YIELD RIGHT-OF-WAY,DISREGARDING TRAFFIC SIGNALS,0,0,3,3,19,5,12,1564,STONY ISLAND AVE,41.772697,-87.700266,12/01/2022 08:47:00 PM,2022
CR00018122,06/10/2018 06:44:00 PM,35,CLEAR,DARKNESS - LIGHTED ROAD,TURNING,FOUR WAY,TRAFFIC SIGNAL,UNABLE TO DETERMINE,FAILING TO YIELD RIGHT-OF-WAY,0,0,0,0,18,1,6,1348,79TH ST,41.834207,-87.675424,06/10/2018 07:53:00 PM,2018
CR00018123,09/17/2017 09:25:00 AM,25,CLEAR,DAYLIGHT,ANGLE,DIVIDED - W/MEDIAN (NOT RAISED),UNKNOWN,WEATHER,UNABLE TO DETERMINE,0,0,0,0,9,1,9,1298,ELSTON AVE,41.93267,-87.667889,09/17/2017 09:37:00 AM,2017
CR00018124,03/18/2015 04:26:00 PM,35,CLEAR,DAYLIGHT,FIXED OBJECT,FOUR WAY,NO CONTROLS,FAILING TO YIELD RIGHT-OF-WAY,UNABLE TO DETERMINE,0,1,0,1,16,4,3,437,ASHLAND AVE,41.782192,-87.725653,03/18/2015 05:05:00 PM,2015
CR00018125,01/21/2024 03:47:00 PM,30,CLEAR,DAYLIGHT,SIDESWIPE SAME DIRECTION,DIVIDED - W/MEDIAN (NOT RAISED),UNKNOWN,UNABLE TO DETERMINE,UNABLE TO DETERMINE,0,0,0,0,15,1,1,2137,LAKE SHORE DR,41.753408,-87.763242,01/21/2024 03:55:00 PM,2024
CR00018126,11/22/2021 07:25:00 AM,40,CLOUDY/OVERCAST,DAYLIGHT,REAR END,ONE-WAY,NO CONTROLS,IMPROPER LANE USAGE,DISTRACTION - FROM INSIDE VEHICLE,0,0,0,0,7,2,11,663,DIVISION ST,41.787017,-87.629082,11/22/2021 08:49:00 AM,2021
CR00018127,12/04/2021 08:48:00 PM,20,RAIN,DARKNESS - LIGHTED ROAD,PEDESTRIAN,NOT DIVIDED,TRAFFIC SIGNAL,DISTRACTION - FROM INSIDE VEHICLE,IMPROPER LANE USAGE,0,0,0,0,20,7,12,1278,CALIFORNIA AVE,41.860154,-87.563148,12/04/2021 09:12:00 PM,2021
CR00018128,05/07/2020 08:31:00 AM,20,RAIN,DAYLIGHT,ANGLE,NOT DIVIDED,TRAFFIC SIGNAL,UNABLE TO DETERMINE,DRIVING SKILLS/KNOWLEDGE/EXPERIENCE,0,0,0,0,8,5,5,694,ROOSEVELT RD,41.931637,-87.770644,05/07/2020 09:37:00 AM,2020
CR00018129,08/17/2021 03:51:00 PM,45,CLEAR,DAYLIGHT,TURNING,NOT DIVIDED,TRAFFIC SIGNAL,FAILING TO YIELD RIGHT-OF-WAY,DISREGARDING TRAFFIC SIGNALS,0,0,1,1,15,3,8,2001,ASHLAND AVE,41.860061,-87.788033,08/17/2021 04:54:00 PM,2021
CR00018130,03/28/2021 08:59:00 PM,45,CLEAR,DARKNESS - LIGHTED ROAD,FIXED OBJECT,NOT DIVIDED,NO CONTROLS,WEATHER,NOT APPLICABLE,0,0,0,0,20,1,3,581,HALSTED ST,41.769973,-87.728709,03/28/2021 09:23:00 PM,2021
CR00018131,07/16/2022 03:15:00 PM,30,CLEAR,DAYLIGHT,SIDESWIPE SAME DIRECTION,DIVIDED - W/MEDIAN (NOT RAISED),STOP SIGN/FLASHER,WEATHER,UNABLE TO DETERMINE,0,0,0,0,15,7,7,1046,CLARK ST,41.89284,-87.614558,07/16/2022 04:20:00 PM,2022
CR00018132,07/10/2023 03:24:00 PM,35,CLEAR,DAYLIGHT,ANGLE,FOUR WAY,NO CONTROLS,IMPROPER LANE USAGE,FAILING TO REDUCE SPEED,0,0,0,0,15,2,7,2132,OGDEN AVE,41.932869,-87.573544,07/10/2023 04:06:00 PM,2023
CR00018133,03/18/2018 05:12:00 PM,40,CLEAR,DAYLIGHT,FIXED OBJECT,NOT DIVIDED,NO CONTROLS,DRIVING SKILLS/KNOWLEDGE/EXPERIENCE,NOT APPLICABLE,0,0,0,0,17,1,3,375,CICERO AVE,41.721288,-87.693653,03/18/2018 06:54:00 PM,2018
CR00018134,04/29/2018 08:20:00 PM,45,CLEAR,DARKNESS,TURNING,NOT DIVIDED,NO CONTROLS,FAILING TO YIELD RIGHT-OF-WAY,DRIVING SKILLS/KNOWLEDGE/EXPERIENCE,0,0,0,0,20,1,4,2391,CLARK ST,41.838188,-87.685988,04/29/2018 09:01:00 PM,2018
CR00018135,04/13/2015 05:55:00 PM,20,CLEAR,DAYLIGHT,REAR END,DIVIDED - W/MEDIAN (NOT RAISED),TRAFFIC SIGNAL,FAILING TO YIELD RIGHT-OF-WAY,DISTRACTION - FROM INSIDE VEHICLE,0,0,0,0,17,2,4,2194,KEDZIE AVE,41.973876,-87.642633,04/13/2015 06:52:00 PM,2015
CR00018136,03/14/2022 08:01:00 AM,30,RAIN,DARKNESS - LIGHTED ROAD,REAR END,ONE-WAY,UNKNOWN,FAILING TO REDUCE SPEED,UNABLE TO DETERMINE,0,0,0,0,8,2,3,1542,CLARK ST,41.766793,-87.788503,03/14/2022 09:53:00 AM,2022
CR00018137,01/15/2015 02:19:00 PM,25,CLEAR,DAWN,ANGLE,FOUR WAY,UNKNOWN,DISTRACTION - FROM INSIDE VEHICLE,UNABLE TO DETERMINE,0,0,0,0,14,5,1,1579,63RD ST,41.741144,-87.791659,01/15/2015 03:21:00 PM,2015
CR00018138,11/21/2024 08:24:00 PM,45,CLOUDY/OVERCAST,DAYLIGHT,TURNING,DIVIDED - W/MEDIAN (NOT RAISED),TRAFFIC SIGNAL,DISTRACTION - FROM INSIDE VEHICLE,UNABLE TO DETERMINE,0,0,0,0,20,5,11,1037,STATE ST,41.914468,-87.81585,11/21/2024 09:23:00 PM,2024
CR00018139,05/07/2018 06:58:00 AM,30,CLEAR,DAYLIGHT,REAR END,FOUR WAY,NO CONTROLS,FOLLOWING TOO CLOSELY,DISTRACTION - FROM INSIDE VEHICLE,0,0,1,1,6,2,5,1736,STONY ISLAND AVE,41.738525,-87.661108,05/07/2018 07:50:00 AM,2018
CR00018140,12/05/2021 07:44:00 AM,30,CLEAR,DARKNESS,SIDESWIPE SAME DIRECTION,NOT DIVIDED,TRAFFIC SIGNAL,UNABLE TO DETERMINE,NOT APPLICABLE,0,0,0,0,7,1,12,340,79TH ST,41.792395,-87.802186,12/05/2021 08:30:00 AM,2021
CR00018141,01/13/2018 01:19:00 PM,20,CLEAR,DAYLIGHT,ANGLE,DIVIDED - W/MEDIAN (NOT RAISED),TRAFFIC SIGNAL,WEATHER,UNABLE TO DETERMINE,0,0,0,0,13,7,1,1356,MICHIGAN AVE,41.841779,-87.579452,01/13/2018 01:30:00 PM,2018
CR00018142,09/28/2015 12:34:00 AM,40,CLOUDY/OVERCAST,DARKNESS - LIGHTED ROAD,REAR TO FRONT,FOUR WAY,NO CONTROLS,FAILING TO YIELD RIGHT-OF-WAY,UNABLE TO DETERMINE,0,0,0,0,0,2,9,1812,CALIFORNIA AVE,41.710308,-87.637504,09/28/2015 02:19:00 AM,2015
CR00018143,10/13/2017 12:00:00 PM,20,CLEAR,DAYLIGHT,REAR END,DIVIDED - W/MEDIAN BARRIER,STOP SIGN/FLASHER,UNABLE TO DETERMINE,FAILING TO REDUCE SPEED,0,0,0,0,12,6,10,2088,CICERO AVE,41.995894,-87.713488,10/13/2017 12:07:00 PM,2017
CR00018144,07/01/2017 01:17:00 PM,40,RAIN,DAYLIGHT,PARKED MOTOR VEHICLE,DIVIDED - W/MEDIAN (NOT RAISED),STOP SIGN/FLASHER,DISTRACTION - FROM INSIDE VEHICLE,UNABLE TO DETERMINE,0,0,0,0,13,7,7,534,FULLERTON AVE,41.707134,-87.611639,07/01/2017 03:15:00 PM,2017
CR00018145,09/23/2015 07:37:00 AM,15,FOG/SMOKE/HAZE,DARKNESS,PARKED MOTOR VEHICLE,NOT DIVIDED,PEDESTRIAN CROSSING SIGN,UNABLE TO DETERMINE,DISTRACTION - FROM INSIDE VEHICLE,0,0,0,0,7,4,9,955,LAKE SHORE DR,41.897662,-87.532919,09/23/2015 07:52:00 AM,2015
CR00018146,12/18/2023 12:06:00 AM,30,CLEAR,DARKNESS,TURNING,FOUR WAY,TRAFFIC SIGNAL,FOLLOWING TOO CLOSELY,IMPROPER OVERTAKING/PASSING,0,0,3,3,0,2,12,2159,HALSTED ST,41.842945,-87.695852,12/18/2023 12:40:00 AM,2023
CR00018147,07/22/2021 05:21:00 PM,40,CLEAR,DARKNESS,ANGLE,FOUR WAY,TRAFFIC SIGNAL,UNABLE TO DETERMINE,NOT APPLICABLE,0,0,0,0,17,5,7,519,CALIFORNIA AVE,41.983493,-87.691029,07/22/2021 06:41:00 PM,2021
CR00018148,05/22/2024 03:07:00 PM,35,RAIN,DAYLIGHT,ANGLE,DIVIDED - W/MEDIAN BARRIER,TRAFFIC SIGNAL,IMPROPER LANE USAGE,DISTRACTION - FROM INSIDE VEHICLE,0,0,0,0,15,4,5,1405,63RD ST,41.937563,-87.819459,05/22/2024 04:39:00 PM,2024
CR00018149,01/31/2019 05:23:00 PM,40,RAIN,DAYLIGHT,PARKED MOTOR VEHICLE,DIVIDED - W/MEDIAN (NOT RAISED),TRAFFIC SIGNAL,UNABLE TO DETERMINE,IMPROPER LANE USAGE,0,0,0,0,17,5,1,898,ELSTON AVE,41.733589,-87.841638,01/31/2019 05:53:00 PM,2019
CR00018150,07/21/2022 06:41:00 AM,35,CLOUDY/OVERCAST,DAYLIGHT,TURNING,DIVIDED - W/MEDIAN BARRIER,TRAFFIC SIGNAL,UNABLE TO DETERMINE,FAILING TO YIELD RIGHT-OF-WAY,0,0,0,0,6,5,7,2291,ASHLAND AVE,41.88867,-87.752052,07/21/2022 08:32:00 AM,2022
CR00018151,01/21/2019 06:45:00 PM,30,SNOW,DUSK,REAR END,T-INTERSECTION,TRAFFIC SIGNAL,FOLLOWING TOO CLOSELY,FAILING TO REDUCE SPEED,0,0,0,0,18,2,1,2492,DAMEN AVE,41.84537,-87.558347,01/21/2019 08:44:00 PM,2019
CR00018152,12/19/2016 04:58:00 PM,40,RAIN,DAYLIGHT,ANGLE,ONE-WAY,NO CONTROLS,UNABLE TO DETERMINE,WEATHER,0,0,0,0,16,2,12,459,MILWAUKEE AVE,41.774718,-87.734204,12/19/2016 06:31:00 PM,2016
CR00018153,07/02/2022 08:29:00 AM,30,FOG/SMOKE/HAZE,DAYLIGHT,REAR END,NOT DIVIDED,TRAFFIC SIGNAL,DRIVING SKILLS/KNOWLEDGE/EXPERIENCE,FOLLOWING TOO CLOSELY,0,0,0,0,8,7,7,2243,MICHIGAN AVE,41.750358,-87.809814,07/02/2022 09:41:00 AM,2022
CR00018154,01/31/2018 09:48:00 AM,30,CLEAR,DAYLIGHT,ANGLE,DIVIDED - W/MEDIAN (NOT RAISED),NO CONTROLS,UNABLE TO DETERMINE,UNABLE TO DETERMINE,0,0,0,0,9,4,1,432,LAKE SHORE DR,41.848113,-87.616952,01/31/2018 11:27:00 AM,2018
CR00018155,09/28/2023 07:34:00 AM,45,CLEAR,DARKNESS - LIGHTED ROAD,REAR END,ONE-WAY,TRAFFIC SIGNAL,IMPROPER OVERTAKING/PASSING,DRIVING SKILLS/KNOWLEDGE/EXPERIENCE,0,0,0,0,7,5,9,470,CLARK ST,41.872022,-87.6698,09/28/2023 09:26:00 AM,2023
CR00018156,08/01/2017 08:49:00 PM,35,CLEAR,DAYLIGHT,REAR END,DIVIDED - W/MEDIAN (NOT RAISED),NO CONTROLS,FAILING TO REDUCE SPEED,NOT APPLICABLE,0,0,0,0,20,3,8,1010,ELSTON AVE,41.824301,-87.51808,08/01/2017 10:35:00 PM,2017
CR00018157,11/18/2016 03:12:00 PM,25,CLEAR,DAYLIGHT,REAR END,DIVIDED - W/MEDIAN BARRIER,NO CONTROLS,IMPROPER OVERTAKING/PASSING,FOLLOWING TOO CLOSELY,0,0,0,0,15,6,11,440,BROADWAY,41.979398,-87.83114,11/18/2016 03:56:00 PM,2016
CR00018158,06/29/2021 08:00:00 AM,40,CLEAR,DAYLIGHT,ANGLE,NOT DIVIDED,TRAFFIC SIGNAL,UNABLE TO DETERMINE,WEATHER,0,0,0,0,8,3,6,1813,IRVING PARK RD,41.741081,-87.715541,06/29/2021 09:48:00 AM,2021
CR00018159,09/11/2024 11:14:00 AM,25,CLEAR,DAYLIGHT,FIXED OBJECT,NOT DIVIDED,TRAFFIC SIGNAL,IMPROPER OVERTAKING/PASSING,UNABLE TO DETERMINE,0,0,0,0,11,4,9,2532,PULASKI RD,41.701829,-87.691703,09/11/2024 01:09:00 PM,2024
CR00018160,05/25/2019 11:50:00 AM,20,CLOUDY/OVERCAST,DARKNESS - LIGHTED ROAD,TURNING,FOUR WAY,NO CONTROLS,FAILING TO REDUCE SPEED,DRIVING SKILLS/KNOWLEDGE/EXPERIENCE,0,0,0,0,11,7,5,1449,OGDEN AVE,41.850768,-87.649061,05/25/2019 01:10:00 PM,2019
CR00018161,09/08/2018 03:35:00 PM,30,CLEAR,DAYLIGHT,SIDESWIPE SAME DIRECTION,NOT DIVIDED,TRAFFIC SIGNAL,DRIVING SKILLS/KNOWLEDGE/EXPERIENCE,DRIVING SKILLS/KNOWLEDGE/EXPERIENCE,0,0,0,0,15,7,9,1179,WESTERN AVE,41.825886,-87.815218,09/08/2018 04:53:00 PM,2018
CR00018162,02/14/2015 07:04:00 AM,25,CLEAR,DAYLIGHT,ANGLE,ONE-WAY,YIELD,DISTRACTION - FROM INSIDE VEHICLE,NOT APPLICABLE,0,0,0,0,7,7,2,731,79TH ST,41.756794,-87.635225,02/14/2015 07:24:00 AM,2015
CR00018163,04/19/2019 06:44:00 AM,40,CLOUDY/OVERCAST,DAYLIGHT,SIDESWIPE SAME DIRECTION,DIVIDED - W/MEDIAN (NOT RAISED),STOP SIGN/FLASHER,UNABLE TO DETERMINE,UNABLE TO DETERMINE,0,0,0,0,6,6,4,730,ELSTON AVE,41.947479,-87.558117,04/19/2019 07:26:00 AM,2019
CR00018164,01/07/2022 05:00:00 PM,30,RAIN,DAYLIGHT,PARKED MOTOR VEHICLE,NOT DIVIDED,NO CONTROLS,FOLLOWING TOO CLOSELY,FAILING TO REDUCE SPEED,0,0,0,0,17,6,1,696,DAMEN AVE,41.885523,-87.752067,01/07/2022 06:27:00 PM,2022
CR00018165,11/26/2019 04:03:00 PM,25,CLEAR,DAYLIGHT,REAR END,T-INTERSECTION,TRAFFIC SIGNAL,FOLLOWING TOO CLOSELY,DRIVING SKILLS/KNOWLEDGE/EXPERIENCE,0,0,0,0,16,3,11,1958,LAKE SHORE DR,41.846463,-87.725917,11/26/2019 04:45:00 PM,2019
CR00018166,10/09/2019 07:56:00 AM,45,CLEAR,DAYLIGHT,REAR END,NOT DIVIDED,UNKNOWN,UNABLE TO DETERMINE,DISREGARDING TRAFFIC SIGNALS,0,0,3,3,7,4,10,1288,ELSTON AVE,41.928457,-87.80034,10/09/2019 09:40:00 AM,2019
CR00018167,01/13/2018 06:34:00 AM,35,CLEAR,DAYLIGHT,TURNING,NOT DIVIDED,NO CONTROLS,UNABLE TO DETERMINE,UNABLE TO DETERMINE,0,0,0,0,6,7,1,130,47TH ST,41.767701,-87.829752,01/13/2018 07:21:00 AM,2018
CR00018168,07/20/2020 08:38:00 PM,35,CLEAR,DAYLIGHT,PARKED MOTOR VEHICLE,NOT DIVIDED,STOP SIGN/FLASHER,UNABLE TO DETERMINE,IMPROPER LANE USAGE,0,0,0,0,20,2,7,691,KEDZIE AVE,41.972676,-87.557354,07/20/2020 10:15:00 PM,2020
CR00018169,09/08/2021 07:53:00 PM,40,CLEAR,DARKNESS,FIXED OBJECT,NOT DIVIDED,UNKNOWN,UNABLE TO DETERMINE,UNABLE TO DETERMINE,0,0,0,0,19,4,9,2127,ROOSEVELT RD,41.98575,-87.810006,09/08/2021 09:34:00 PM,2021
CR00018170,01/09/2024 02:59:00 PM,40,CLEAR,DUSK,PARKED MOTOR VEHICLE,DIVIDED - W/MEDIAN BARRIER,NO CONTROLS,IMPROPER OVERTAKING/PASSING,FAILING TO YIELD RIGHT-OF-WAY,0,0,0,0,14,3,1,2302,DIVISION ST,41.876325,-87.638904,01/09/2024 03:52:00 PM,2024
CR00018171,09/19/2017 09:24:00 AM,15,RAIN,DAYLIGHT,REAR END,ONE-WAY,TRAFFIC SIGNAL,UNABLE TO DETERMINE,UNABLE TO DETERMINE,0,0,0,0,9,3,9,1212,MILWAUKEE AVE,41.943864,-87.511382,09/19/2017 09:28:00 AM,2017
CR00018172,07/10/2016 06:22:00 AM,45,CLEAR,DARKNESS - LIGHTED ROAD,ANGLE,NOT DIVIDED,NO CONTROLS,UNABLE TO DETERMINE,FAILING TO YIELD RIGHT-OF-WAY,0,0,0,0,6,1,7,1936,OGDEN AVE,41.937153,-87.727388,07/10/2016 08:10:00 AM,2016
CR00018173,05/31/2019 06:37:00 AM,35,CLEAR,DAWN,PARKED MOTOR VEHICLE,NOT DIVIDED,UNKNOWN,FOLLOWING TOO CLOSELY,FOLLOWING TOO CLOSELY,0,0,0,0,6,6,5,2416,79TH ST,41.786116,-87.572016,05/31/2019 07:14:00 AM,2019
CR00018174,08/28/2019 04:18:00 PM,35,CLOUDY/OVERCAST,DAYLIGHT,REAR END,NOT DIVIDED,UNKNOWN,DISTRACTION - FROM INSIDE VEHICLE,UNABLE TO DETERMINE,0,0,0,0,16,4,8,2311,CLARK ST,41.73171,-87.526918,08/28/2019 05:32:00 PM,2019
CR00018175,06/23/2021 12:01:00 PM,30,CLEAR,DARKNESS - LIGHTED ROAD,REAR END,NOT DIVIDED,TRAFFIC SIGNAL,FAILING TO YIELD RIGHT-OF-WAY,NOT APPLICABLE,0,0,0,0,12,4,6,2468,FULLERTON AVE,41.731516,-87.570754,06/23/2021 01:57:00 PM,2021
CR00018176,08/24/2017 07:52:00 AM,40,CLEAR,DARKNESS,SIDESWIPE SAME DIRECTION,NOT DIVIDED,TRAFFIC SIGNAL,UNABLE TO DETERMINE,NOT APPLICABLE,0,0,0,0,7,5,8,2353,OGDEN AVE,41.835406,-87.514871,08/24/2017 08:12:00 AM,2017
CR00018177,10/07/2015 06:03:00 PM,15,CLEAR,DAYLIGHT,REAR TO FRONT,NOT DIVIDED,NO CONTROLS,UNABLE TO DETERMINE,UNABLE TO DETERMINE,0,0,0,0,18,4,10,2001,ASHLAND AVE,41.900346,-87.693615,10/07/2015 07:22:00 PM,2015
CR00018178,12/23/2017 11:24:00 PM,35,CLEAR,DAYLIGHT,SIDESWIPE SAME DIRECTION,NOT DIVIDED,NO CONTROLS,WEATHER,UNABLE TO DETERMINE,0,0,0,0,23,7,12,644,BROADWAY,41.726951,-87.502479,12/24/2017 12:46:00 AM,2017
CR00018179,01/12/2023 10:43:00 AM,35,CLEAR,DAYLIGHT,TURNING,DIVIDED - W/MEDIAN (NOT RAISED),UNKNOWN,IMPROPER OVERTAKING/PASSING,FAILING TO REDUCE SPEED,0,0,0,0,10,5,1,1117,STONY ISLAND AVE,41.716724,-87.813136,01/12/2023 11:31:00 AM,2023
CR00018180,07/04/2021 07:50:00 PM,25,CLEAR,DAYLIGHT,REAR END,ONE-WAY,STOP SIGN/FLASHER,FOLLOWING TOO CLOSELY,IMPROPER LANE USAGE,0,0,0,0,19,1,7,517,HALSTED ST,41.853385,-87.598372,07/04/2021 09:31:00 PM,2021
CR00018181,10/24/2015 04:07:00 PM,35,CLOUDY/OVERCAST,DAYLIGHT,SIDESWIPE SAME DIRECTION,FOUR WAY,TRAFFIC SIGNAL,DISTRACTION - FROM INSIDE VEHICLE,DRIVING SKILLS/KNOWLEDGE/EXPERIENCE,0,0,0,0,16,7,10,1166,OGDEN AVE,41.993679,-87.564877,10/24/2015 06:06:00 PM,2015
CR00018182,01/22/2024 07:22:00 AM,45,CLEAR,DAYLIGHT,TURNING,NOT DIVIDED,NO CONTROLS,FOLLOWING TOO CLOSELY,NOT APPLICABLE,0,0,0,0,7,2,1,1591,63RD ST,41.834952,-87.642998,01/22/2024 08:26:00 AM,2024
CR00018183,08/27/2023 03:58:00 PM,45,RAIN,DUSK,TURNING,ONE-WAY,NO CONTROLS,IMPROPER OVERTAKING/PASSING,UNABLE TO DETERMINE,0,0,0,0,15,1,8,639,ROOSEVELT RD,41.952956,-87.721804,08/27/2023 04:06:00 PM,2023
CR00018184,01/13/2015 02:05:00 AM,15,CLEAR,DARKNESS - LIGHTED ROAD,TURNING,NOT DIVIDED,TRAFFIC SIGNAL,FAILING TO REDUCE SPEED,NOT APPLICABLE,0,0,2,2,2,3,1,2205,CICERO AVE,41.734569,-87.715542,01/13/2015 03:44:00 AM,2015
CR00018185,12/13/2018 09:19:00 AM,45,CLEAR,DARKNESS,REAR END,NOT DIVIDED,NO CONTROLS,FAILING TO YIELD RIGHT-OF-WAY,UNABLE TO DETERMINE,0,0,0,0,9,5,12,2261,CLARK ST,41.837205,-87.810231,12/13/2018 10:13:00 AM,2018
CR00018186,12/13/2017 09:31:00 AM,35,CLEAR,DAYLIGHT,PARKED MOTOR VEHICLE,DIVIDED - W/MEDIAN BARRIER,TRAFFIC SIGNAL,DRIVING SKILLS/KNOWLEDGE/EXPERIENCE,IMPROPER OVERTAKING/PASSING,0,0,0,0,9,4,12,300,STATE ST,41.957278,-87.558335,12/13/2017 11:26:00 AM,2017
CR00018187,11/15/2024 01:26:00 PM,35,CLEAR,DAYLIGHT,ANGLE,DIVIDED - W/MEDIAN (NOT RAISED),TRAFFIC SIGNAL,UNABLE TO DETERMINE,UNABLE TO DETERMINE,0,0,0,0,13,6,11,1781,ROOSEVELT RD,41.867108,-87.521008,11/15/2024 02:20:00 PM,2024
CR00018188,09/10/2018 05:13:00 AM,30,CLEAR,DUSK,REAR END,NOT DIVIDED,NO CONTROLS,IMPROPER OVERTAKING/PASSING,FOLLOWING TOO CLOSELY,0,0,0,0,5,2,9,2302,IRVING PARK RD,41.722196,-87.721354,09/10/2018 05:21:00 AM,2018
CR00018189,08/14/2022 05:58:00 PM,30,CLEAR,DAYLIGHT,TURNING,DIVIDED - W/MEDIAN (NOT RAISED),PEDESTRIAN CROSSING SIGN,UNABLE TO DETERMINE,DISTRACTION - FROM INSIDE VEHICLE,0,0,0,0,17,1,8,909,CALIFORNIA AVE,41.862997,-87.628038,08/14/2022 07:26:00 PM,2022