CRASH_RECORD_ID,CRASH_DATE,POSTED_SPEED_LIMIT,WEATHER_CONDITION,LIGHTING_CONDITION,FIRST_CRASH_TYPE,TRAFFICWAY_TYPE,TRAFFIC_CONTROL_DEVICE,PRIM_CONTRIBUTORY_CAUSE,SEC_CONTRIBUTORY_CAUSE,INJURIES_FATAL,INJURIES_INCAPACITATING,INJURIES_NON_INCAPACITATING,INJURIES_TOTAL,CRASH_HOUR,CRASH_DAY_OF_WEEK,CRASH_MONTH,BEAT_OF_OCCURRENCE,STREET_NAME,LATITUDE,LONGITUDE,DATE_POLICE_NOTIFIED,year
CR00018190,10/14/2023 07:32:00 AM,20,CLOUDY/OVERCAST,DAYLIGHT,PEDESTRIAN,NOT DIVIDED,NO CONTROLS,FOLLOWING TOO CLOSELY,FAILING TO YIELD RIGHT-OF-WAY,0,0,0,0,7,7,10,415,STATE ST,41.809321,-87.685669,10/14/2023 08:55:00 AM,2023
CR00018191,08/03/2023 06:40:00 PM,30,CLEAR,DAYLIGHT,SIDESWIPE SAME DIRECTION,FOUR WAY,NO CONTROLS,FOLLOWING TOO CLOSELY,IMPROPER OVERTAKING/PASSING,0,0,0,0,18,5,8,312,MILWAUKEE AVE,41.949688,-87.71719,08/03/2023 07:10:00 PM,2023
CR00018192,05/17/2015 07:15:00 PM,30,CLEAR,DAYLIGHT,TURNING,ONE-WAY,TRAFFIC SIGNAL,UNABLE TO DETERMINE,UNABLE TO DETERMINE,0,0,0,0,19,1,5,1978,CALIFORNIA AVE,41.997179,-87.60722,05/17/2015 09:14:00 PM,2015
CR00018193,04/22/2019 06:31:00 PM,30,CLEAR,DARKNESS,FIXED OBJECT,FOUR WAY,STOP SIGN/FLASHER,DRIVING SKILLS/KNOWLEDGE/EXPERIENCE,UNABLE TO DETERMINE,0,0,0,0,18,2,4,2032,LAKE SHORE DR,41.846845,-87.639396,04/22/2019 06:55:00 PM,2019
CR00018194,12/26/2021 03:59:00 PM,35,CLEAR,DAYLIGHT,REAR END,DIVIDED - W/MEDIAN BARRIER,NO CONTROLS,FOLLOWING TOO CLOSELY,UNABLE TO DETERMINE,0,0,0,0,15,1,12,1446,47TH ST,41.897084,-87.503026,12/26/2021 04:11:00 PM,2021
CR00018195,12/17/2021 07:49:00 AM,40,CLEAR,DAYLIGHT,SIDESWIPE SAME DIRECTION,DIVIDED - W/MEDIAN BARRIER,YIELD,FAILING TO YIELD RIGHT-OF-WAY,UNABLE TO DETERMINE,0,0,0,0,7,6,12,1260,KEDZIE AVE,41.711029,-87.76824,12/17/2021 09:30:00 AM,2021
CR00018196,08/08/2022 08:59:00 AM,15,CLEAR,DAYLIGHT,TURNING,DIVIDED - W/MEDIAN (NOT RAISED),NO CONTROLS,UNABLE TO DETERMINE,DISTRACTION - FROM INSIDE VEHICLE,0,0,0,0,8,2,8,683,ARCHER AVE,41.724602,-87.695288,08/08/2022 10:00:00 AM,2022
CR00018197,07/28/2015 10:22:00 PM,20,CLOUDY/OVERCAST,DAYLIGHT,TURNING,DIVIDED - W/MEDIAN (NOT RAISED),TRAFFIC SIGNAL,FAILING TO YIELD RIGHT-OF-WAY,IMPROPER OVERTAKING/PASSING,0,0,0,0,22,3,7,2418,MILWAUKEE AVE,41.86688,-87.814345,07/28/2015 11:20:00 PM,2015
CR00018198,09/06/2016 12:38:00 AM,35,CLEAR,DUSK,REAR END,NOT DIVIDED,STOP SIGN/FLASHER,UNABLE TO DETERMINE,UNABLE TO DETERMINE,0,1,1,2,0,3,9,1156,DAMEN AVE,41.949557,-87.584569,09/06/2016 01:52:00 AM,2016
CR00018199,08/02/2018 06:20:00 PM,40,RAIN,DAYLIGHT,PARKED MOTOR VEHICLE,ONE-WAY,NO CONTROLS,DISTRACTION - FROM INSIDE VEHICLE,WEATHER,0,0,0,0,18,5,8,558,DIVISION ST,41.771586,-87.740413,08/02/2018 07:07:00 PM,2018
CR00018200,05/13/2015 12:00:00 AM,45,CLEAR,DARKNESS,PEDESTRIAN,NOT DIVIDED,STOP SIGN/FLASHER,UNABLE TO DETERMINE,NOT APPLICABLE,0,1,3,4,0,4,5,1567,DIVISION ST,41.799781,-87.582598,05/13/2015 12:22:00 AM,2015
CR00018201,11/13/2018 07:29:00 AM,35,CLEAR,DAYLIGHT,SIDESWIPE SAME DIRECTION,DIVIDED - W/MEDIAN (NOT RAISED),NO CONTROLS,UNABLE TO DETERMINE,UNABLE TO DETERMINE,0,0,0,0,7,3,11,1678,DIVISION ST,41.754135,-87.793054,11/13/2018 07:47:00 AM,2018
CR00018202,01/27/2015 03:07:00 PM,30,CLEAR,DARKNESS - LIGHTED ROAD,TURNING,ONE-WAY,NO CONTROLS,IMPROPER OVERTAKING/PASSING,FOLLOWING TOO CLOSELY,0,0,0,0,15,3,1,2405,OGDEN AVE,41.74121,-87.842414,01/27/2015 04:48:00 PM,2015
CR00018203,12/02/2018 08:41:00 AM,30,CLEAR,DAYLIGHT,REAR END,NOT DIVIDED,TRAFFIC SIGNAL,UNABLE TO DETERMINE,UNABLE TO DETERMINE,0,0,0,0,8,1,12,2305,CALIFORNIA AVE,41.81929,-87.778719,12/02/2018 10:02:00 AM,2018
CR00018204,07/13/2019 12:01:00 PM,45,RAIN,DAYLIGHT,PARKED MOTOR VEHICLE,DIVIDED - W/MEDIAN BARRIER,STOP SIGN/FLASHER,UNABLE TO DETERMINE,FOLLOWING TOO CLOSELY,0,0,2,2,12,7,7,585,WESTERN AVE,41.730852,-87.512583,07/13/2019 12:36:00 PM,2019
CR00018205,06/18/2016 06:09:00 PM,15,SNOW,DARKNESS - LIGHTED ROAD,TURNING,NOT DIVIDED,UNKNOWN,FAILING TO YIELD RIGHT-OF-WAY,NOT APPLICABLE,0,0,0,0,18,7,6,2206,WESTERN AVE,41.843692,-87.636708,06/18/2016 07:34:00 PM,2016
CR00018206,05/12/2020 10:14:00 AM,40,CLEAR,DAYLIGHT,ANGLE,NOT DIVIDED,NO CONTROLS,UNABLE TO DETERMINE,IMPROPER LANE USAGE,0,0,0,0,10,3,5,1200,MILWAUKEE AVE,41.966765,-87.776513,05/12/2020 11:00:00 AM,2020
CR00018207,12/22/2016 12:08:00 PM,45,RAIN,DAYLIGHT,REAR END,FOUR WAY,NO CONTROLS,FAILING TO YIELD RIGHT-OF-WAY,NOT APPLICABLE,0,0,0,0,12,5,12,243,63RD ST,41.770833,-87.668286,12/22/2016 01:02:00 PM,2016
CR00018208,03/02/2020 07:53:00 AM,30,CLEAR,DARKNESS - LIGHTED ROAD,REAR TO FRONT,DIVIDED - W/MEDIAN (NOT RAISED),NO CONTROLS,UNABLE TO DETERMINE,DISREGARDING TRAFFIC SIGNALS,0,0,0,0,7,2,3,818,MILWAUKEE AVE,41.794838,-87.730683,03/02/2020 09:07:00 AM,2020
CR00018209,07/01/2020 09:36:00 AM,30,CLEAR,DARKNESS - LIGHTED ROAD,REAR END,NOT DIVIDED,TRAFFIC SIGNAL,UNABLE TO DETERMINE,UNABLE TO DETERMINE,0,0,0,0,9,4,7,2404,STONY ISLAND AVE,41.710486,-87.508296,07/01/2020 10:06:00 AM,2020
CR00018210,03/03/2019 04:28:00 PM,25,CLEAR,DAYLIGHT,FIXED OBJECT,DIVIDED - W/MEDIAN (NOT RAISED),TRAFFIC SIGNAL,FAILING TO REDUCE SPEED,NOT APPLICABLE,0,0,1,1,16,1,3,701,FULLERTON AVE,41.83453,-87.74328,03/03/2019 05:48:00 PM,2019
CR00018211,12/27/2015 05:06:00 PM,30,CLEAR,DARKNESS,PEDESTRIAN,NOT DIVIDED,NO CONTROLS,UNABLE TO DETERMINE,DRIVING SKILLS/KNOWLEDGE/EXPERIENCE,0,0,0,0,17,1,12,701,CALIFORNIA AVE,41.95396,-87.666407,12/27/2015 06:54:00 PM,2015
CR00018212,05/13/2021 02:46:00 PM,30,CLEAR,DAYLIGHT,PARKED MOTOR VEHICLE,ONE-WAY,NO CONTROLS,IMPROPER OVERTAKING/PASSING,UNABLE TO DETERMINE,0,0,1,1,14,5,5,508,OGDEN AVE,41.872251,-87.8008,05/13/2021 03:12:00 PM,2021
CR00018213,05/01/2024 09:25:00 AM,35,SNOW,DAYLIGHT,SIDESWIPE SAME DIRECTION,T-INTERSECTION,NO CONTROLS,UNABLE TO DETERMINE,DRIVING SKILLS/KNOWLEDGE/EXPERIENCE,0,0,0,0,9,4,5,2158,63RD ST,41.886409,-87.580421,05/01/2024 09:50:00 AM,2024
CR00018214,07/24/2021 10:02:00 PM,30,RAIN,DAWN,PARKED MOTOR VEHICLE,DIVIDED - W/MEDIAN (NOT RAISED),TRAFFIC SIGNAL,UNABLE TO DETERMINE,NOT APPLICABLE,0,0,0,0,22,7,7,2263,HALSTED ST,41.889696,-87.647706,07/24/2021 10:19:00 PM,2021
CR00018215,06/08/2019 07:14:00 AM,15,CLEAR,DARKNESS - LIGHTED ROAD,TURNING,DIVIDED - W/MEDIAN BARRIER,NO CONTROLS,WEATHER,FAILING TO YIELD RIGHT-OF-WAY,0,0,0,0,7,7,6,1319,MILWAUKEE AVE,41.959203,-87.812963,06/08/2019 08:25:00 AM,2019
CR00018216,02/14/2019 05:32:00 PM,30,CLEAR,DAYLIGHT,PEDESTRIAN,T-INTERSECTION,TRAFFIC SIGNAL,FAILING TO YIELD RIGHT-OF-WAY,UNABLE TO DETERMINE,0,0,1,1,17,5,2,1312,KEDZIE AVE,41.998265,-87.794247,02/14/2019 05:41:00 PM,2019
CR00018217,07/06/2021 07:23:00 AM,35,CLOUDY/OVERCAST,DAYLIGHT,TURNING,DIVIDED - W/MEDIAN BARRIER,TRAFFIC SIGNAL,UNABLE TO DETERMINE,NOT APPLICABLE,0,2,2,4,7,3,7,994,47TH ST,41.758531,-87.753605,07/06/2021 08:26:00 AM,2021
CR00018218,09/14/2022 02:20:00 PM,30,CLEAR,DARKNESS - LIGHTED ROAD,TURNING,DIVIDED - W/MEDIAN (NOT RAISED),STOP SIGN/FLASHER,IMPROPER OVERTAKING/PASSING,UNABLE TO DETERMINE,0,0,0,0,14,4,9,2513,FULLERTON AVE,41.949811,-87.719855,09/14/2022 02:39:00 PM,2022
CR00018219,11/19/2015 07:54:00 AM,45,CLOUDY/OVERCAST,DAYLIGHT,REAR END,ONE-WAY,TRAFFIC SIGNAL,IMPROPER LANE USAGE,FAILING TO YIELD RIGHT-OF-WAY,0,0,1,1,7,5,11,760,63RD ST,41.973002,-87.783606,11/19/2015 08:04:00 AM,2015
CR00018220,03/20/2024 08:49:00 AM,30,CLEAR,DARKNESS - LIGHTED ROAD,REAR END,FOUR WAY,STOP SIGN/FLASHER,FAILING TO YIELD RIGHT-OF-WAY,UNABLE TO DETERMINE,0,0,0,0,8,4,3,407,STONY ISLAND AVE,41.966419,-87.518072,03/20/2024 09:02:00 AM,2024
CR00018221,09/09/2015 11:44:00 AM,40,RAIN,DARKNESS - LIGHTED ROAD,TURNING,DIVIDED - W/MEDIAN (NOT RAISED),NO CONTROLS,DISREGARDING TRAFFIC SIGNALS,DISTRACTION - FROM INSIDE VEHICLE,0,0,0,0,11,4,9,1832,CICERO AVE,41.825418,-87.67199,09/09/2015 12:00:00 PM,2015
CR00018222,12/08/2016 08:16:00 AM,30,CLEAR,DAYLIGHT,PARKED MOTOR VEHICLE,DIVIDED - W/MEDIAN (NOT RAISED),TRAFFIC SIGNAL,UNABLE TO DETERMINE,FAILING TO YIELD RIGHT-OF-WAY,0,0,0,0,8,5,12,172,OGDEN AVE,41.939399,-87.505582,12/08/2016 09:27:00 AM,2016
CR00018223,04/04/2021 11:54:00 AM,35,CLEAR,DARKNESS - LIGHTED ROAD,REAR TO FRONT,DIVIDED - W/MEDIAN BARRIER,TRAFFIC SIGNAL,UNABLE TO DETERMINE,UNABLE TO DETERMINE,0,0,0,0,11,1,4,1783,WESTERN AVE,41.906736,-87.550989,04/04/2021 01:08:00 PM,2021
CR00018224,02/01/2017 02:14:00 AM,30,CLEAR,DARKNESS - LIGHTED ROAD,REAR END,DIVIDED - W/MEDIAN BARRIER,STOP SIGN/FLASHER,FAILING TO YIELD RIGHT-OF-WAY,DISTRACTION - FROM INSIDE VEHICLE,0,0,0,0,2,4,2,577,ASHLAND AVE,41.873049,-87.796494,02/01/2017 02:36:00 AM,2017
CR00018225,11/24/2018 03:59:00 AM,15,RAIN,DARKNESS - LIGHTED ROAD,REAR END,NOT DIVIDED,TRAFFIC SIGNAL,FOLLOWING TOO CLOSELY,FAILING TO REDUCE SPEED,0,1,2,3,3,7,11,1293,ARCHER AVE,41.817833,-87.58441,11/24/2018 04:20:00 AM,2018
CR00018226,06/21/2016 08:52:00 AM,25,CLOUDY/OVERCAST,DAYLIGHT,SIDESWIPE SAME DIRECTION,DIVIDED - W/MEDIAN (NOT RAISED),NO CONTROLS,UNABLE TO DETERMINE,WEATHER,0,0,0,0,8,3,6,325,WESTERN AVE,41.930426,-87.790761,06/21/2016 10:45:00 AM,2016
CR00018227,03/12/2023 02:46:00 PM,30,CLEAR,DARKNESS - LIGHTED ROAD,ANGLE,DIVIDED - W/MEDIAN (NOT RAISED),YIELD,FOLLOWING TOO CLOSELY,NOT APPLICABLE,0,0,0,0,14,1,3,1942,CLARK ST,41.721606,-87.703361,03/12/2023 03:36:00 PM,2023
CR00018228,07/28/2022 04:01:00 PM,30,CLEAR,DAYLIGHT,REAR END,DIVIDED - W/MEDIAN BARRIER,UNKNOWN,DRIVING SKILLS/KNOWLEDGE/EXPERIENCE,UNABLE TO DETERMINE,0,0,0,0,16,5,7,2433,DIVISION ST,41.8518,-87.838916,07/28/2022 05:55:00 PM,2022
CR00018229,02/13/2021 08:11:00 AM,30,RAIN,DAYLIGHT,TURNING,NOT DIVIDED,YIELD,DISREGARDING TRAFFIC SIGNALS,FAILING TO YIELD RIGHT-OF-WAY,0,0,0,0,8,7,2,1712,MILWAUKEE AVE,41.907335,-87.587884,02/13/2021 09:08:00 AM,2021
CR00018230,09/09/2018 03:52:00 PM,45,CLOUDY/OVERCAST,DAYLIGHT,PARKED MOTOR VEHICLE,ONE-WAY,NO CONTROLS,IMPROPER OVERTAKING/PASSING,NOT APPLICABLE,0,0,0,0,15,1,9,1414,FULLERTON AVE,41.828958,-87.64308,09/09/2018 05:43:00 PM,2018
CR00018231,11/05/2015 09:54:00 AM,30,CLEAR,DARKNESS - LIGHTED ROAD,ANGLE,ONE-WAY,STOP SIGN/FLASHER,IMPROPER LANE USAGE,UNABLE TO DETERMINE,0,0,0,0,9,5,11,1231,FULLERTON AVE,41.824086,-87.625785,11/05/2015 11:18:00 AM,2015
CR00018232,03/12/2016 04:02:00 PM,25,CLEAR,DAYLIGHT,TURNING,NOT DIVIDED,NO CONTROLS,DISTRACTION - FROM INSIDE VEHICLE,DRIVING SKILLS/KNOWLEDGE/EXPERIENCE,0,0,0,0,16,7,3,206,MICHIGAN AVE,41.71546,-87.559187,03/12/2016 04:19:00 PM,2016
CR00018233,05/06/2022 03:39:00 PM,45,CLEAR,DAYLIGHT,ANGLE,FOUR WAY,NO CONTROLS,FAILING TO REDUCE SPEED,DISREGARDING TRAFFIC SIGNALS,0,0,0,0,15,6,5,2000,OGDEN AVE,41.74446,-87.698881,05/06/2022 04:33:00 PM,2022
CR00018234,06/09/2021 06:42:00 PM,30,CLEAR,DAYLIGHT,TURNING,ONE-WAY,TRAFFIC SIGNAL,UNABLE TO DETERMINE,UNABLE TO DETERMINE,0,0,0,0,18,4,6,2344,47TH ST,41.983795,-87.674272,06/09/2021 07:05:00 PM,2021
CR00018235,11/14/2023 07:00:00 AM,15,CLEAR,DARKNESS - LIGHTED ROAD,PARKED MOTOR VEHICLE,ONE-WAY,STOP SIGN/FLASHER,UNABLE TO DETERMINE,DISREGARDING TRAFFIC SIGNALS,0,0,0,0,7,3,11,656,PULASKI RD,41.726703,-87.831633,11/14/2023 07:06:00 AM,2023
CR00018236,10/06/2024 12:15:00 PM,45,CLEAR,DARKNESS,SIDESWIPE SAME DIRECTION,NOT DIVIDED,UNKNOWN,UNABLE TO DETERMINE,IMPROPER OVERTAKING/PASSING,0,0,0,0,12,1,10,1090,47TH ST,41.873608,-87.559634,10/06/2024 01:41:00 PM,2024
CR00018237,02/23/2020 03:10:00 AM,25,CLOUDY/OVERCAST,DARKNESS,REAR END,NOT DIVIDED,UNKNOWN,FAILING TO YIELD RIGHT-OF-WAY,NOT APPLICABLE,0,0,0,0,3,1,2,138,DIVISION ST,41.873876,-87.729593,02/23/2020 05:05:00 AM,2020
CR00018238,03/10/2023 06:48:00 PM,20,FREEZING RAIN/DRIZZLE,DUSK,FIXED OBJECT,DIVIDED - W/MEDIAN (NOT RAISED),TRAFFIC SIGNAL,UNABLE TO DETERMINE,UNABLE TO DETERMINE,0,0,1,1,18,6,3,139,FULLERTON AVE,41.813391,-87.620731,03/10/2023 07:58:00 PM,2023
CR00018239,03/09/2015 02:14:00 AM,15,FOG/SMOKE/HAZE,DAYLIGHT,PARKED MOTOR VEHICLE,NOT DIVIDED,STOP SIGN/FLASHER,WEATHER,FOLLOWING TOO CLOSELY,0,1,3,4,2,2,3,342,CLARK ST,41.860341,-87.524676,03/09/2015 02:29:00 AM,2015
CR00018240,11/26/2024 05:05:00 PM,20,CLEAR,DARKNESS,FIXED OBJECT,NOT DIVIDED,STOP SIGN/FLASHER,FOLLOWING TOO CLOSELY,FAILING TO YIELD RIGHT-OF-WAY,0,0,0,0,17,3,11,976,63RD ST,41.825714,-87.664827,11/26/2024 07:01:00 PM,2024
CR00018241,04/17/2021 11:09:00 AM,30,CLEAR,DARKNESS,PARKED MOTOR VEHICLE,ONE-WAY,STOP SIGN/FLASHER,IMPROPER OVERTAKING/PASSING,FOLLOWING TOO CLOSELY,0,0,0,0,11,7,4,2298,CICERO AVE,41.916748,-87.703184,04/17/2021 12:24:00 PM,2021
CR00018242,06/16/2015 02:28:00 AM,30,CLEAR,DAYLIGHT,TURNING,ONE-WAY,NO CONTROLS,FOLLOWING TOO CLOSELY,NOT APPLICABLE,0,0,0,0,2,3,6,2493,IRVING PARK RD,41.91468,-87.77342,06/16/2015 04:09:00 AM,2015
CR00018243,09/06/2023 12:26:00 PM,35,RAIN,DARKNESS - LIGHTED ROAD,REAR END,DIVIDED - W/MEDIAN (NOT RAISED),NO CONTROLS,IMPROPER OVERTAKING/PASSING,NOT APPLICABLE,0,0,0,0,12,4,9,1423,ROOSEVELT RD,41.929266,-87.580073,09/06/2023 01:35:00 PM,2023
CR00018244,04/29/2019 02:53:00 AM,45,CLEAR,DAYLIGHT,PEDESTRIAN,DIVIDED - W/MEDIAN (NOT RAISED),NO CONTROLS,IMPROPER OVERTAKING/PASSING,FOLLOWING TOO CLOSELY,0,0,0,0,2,2,4,2088,ELSTON AVE,41.825535,-87.821152,04/29/2019 04:27:00 AM,2019
CR00018245,07/02/2020 11:19:00 AM,25,CLEAR,DAYLIGHT,PARKED MOTOR VEHICLE,ONE-WAY,TRAFFIC SIGNAL,UNABLE TO DETERMINE,IMPROPER LANE USAGE,0,0,0,0,11,5,7,2182,ARCHER AVE,41.892387,-87.805751,07/02/2020 11:52:00 AM,2020
CR00018246,07/06/2024 09:26:00 AM,35,CLEAR,DUSK,TURNING,NOT DIVIDED,TRAFFIC SIGNAL,UNABLE TO DETERMINE,FOLLOWING TOO CLOSELY,0,0,0,0,9,7,7,1556,MICHIGAN AVE,41.718682,-87.612451,07/06/2024 10:46:00 AM,2024
CR00018247,10/03/2015 06:10:00 PM,45,CLEAR,DARKNESS - LIGHTED ROAD,ANGLE,DIVIDED - W/MEDIAN (NOT RAISED),STOP SIGN/FLASHER,FAILING TO REDUCE SPEED,FAILING TO YIELD RIGHT-OF-WAY,0,0,0,0,18,7,10,837,WESTERN AVE,41.971898,-87.847219,10/03/2015 06:25:00 PM,2015
CR00018248,10/19/2020 03:29:00 PM,30,CLEAR,DAYLIGHT,SIDESWIPE SAME DIRECTION,DIVIDED - W/MEDIAN (NOT RAISED),TRAFFIC SIGNAL,DISTRACTION - FROM INSIDE VEHICLE,UNABLE TO DETERMINE,0,0,0,0,15,2,10,1609,63RD ST,41.712492,-87.669322,10/19/2020 05:18:00 PM,2020
CR00018249,02/14/2015 06:35:00 PM,20,CLEAR,DARKNESS - LIGHTED ROAD,PARKED MOTOR VEHICLE,DIVIDED - W/MEDIAN (NOT RAISED),STOP SIGN/FLASHER,IMPROPER OVERTAKING/PASSING,NOT APPLICABLE,0,0,0,0,18,7,2,1659,FULLERTON AVE,41.966583,-87.800582,02/14/2015 07:09:00 PM,2015
CR00018250,02/20/2020 05:06:00 PM,35,CLEAR,DAYLIGHT,REAR END,ONE-WAY,STOP SIGN/FLASHER,IMPROPER LANE USAGE,FOLLOWING TOO CLOSELY,0,0,0,0,17,5,2,2261,STONY ISLAND AVE,41.776987,-87.558087,02/20/2020 05:40:00 PM,2020
CR00018251,04/19/2024 06:46:00 PM,30,RAIN,DUSK,TURNING,NOT DIVIDED,PEDESTRIAN CROSSING SIGN,FAILING TO YIELD RIGHT-OF-WAY,NOT APPLICABLE,0,0,0,0,18,6,4,2104,ELSTON AVE,41.867813,-87.597801,04/19/2024 08:43:00 PM,2024
CR00018252,03/06/2017 07:06:00 PM,45,CLEAR,DAYLIGHT,ANGLE,DIVIDED - W/MEDIAN (NOT RAISED),NO CONTROLS,DRIVING SKILLS/KNOWLEDGE/EXPERIENCE,UNABLE TO DETERMINE,0,0,0,0,19,2,3,1413,ROOSEVELT RD,41.827008,-87.568514,03/06/2017 08:09:00 PM,2017
CR00018253,11/16/2021 01:35:00 PM,45,CLEAR,DAYLIGHT,SIDESWIPE SAME DIRECTION,ONE-WAY,STOP SIGN/FLASHER,UNABLE TO DETERMINE,NOT APPLICABLE,0,0,0,0,13,3,11,1574,DAMEN AVE,41.703834,-87.754674,11/16/2021 03:11:00 PM,2021
CR00018254,02/23/2024 07:23:00 AM,40,CLOUDY/OVERCAST,DAYLIGHT,REAR TO FRONT,NOT DIVIDED,NO CONTROLS,FAILING TO YIELD RIGHT-OF-WAY,UNABLE TO DETERMINE,0,0,0,0,7,6,2,365,47TH ST,41.708682,-87.527393,02/23/2024 08:55:00 AM,2024
CR00018255,03/23/2022 08:34:00 AM,35,CLEAR,DAWN,REAR END,DIVIDED - W/MEDIAN (NOT RAISED),TRAFFIC SIGNAL,IMPROPER OVERTAKING/PASSING,DRIVING SKILLS/KNOWLEDGE/EXPERIENCE,0,0,0,0,8,4,3,841,63RD ST,41.836887,-87.706308,03/23/2022 10:20:00 AM,2022
CR00018256,08/04/2018 01:05:00 AM,30,CLEAR,DAYLIGHT,SIDESWIPE SAME DIRECTION,DIVIDED - W/MEDIAN BARRIER,TRAFFIC SIGNAL,IMPROPER OVERTAKING/PASSING,DRIVING SKILLS/KNOWLEDGE/EXPERIENCE,0,0,0,0,1,7,8,391,OGDEN AVE,41.897653,-87.514623,08/04/2018 01:31:00 AM,2018
CR00018257,05/23/2020 01:10:00 PM,25,CLEAR,DAYLIGHT,PEDESTRIAN,NOT DIVIDED,STOP SIGN/FLASHER,UNABLE TO DETERMINE,NOT APPLICABLE,0,0,0,0,13,7,5,862,CICERO AVE,41.951213,-87.573167,05/23/2020 01:37:00 PM,2020
CR00018258,06/14/2024 08:52:00 AM,15,SNOW,DAWN,ANGLE,DIVIDED - W/MEDIAN BARRIER,STOP SIGN/FLASHER,FOLLOWING TOO CLOSELY,DISTRACTION - FROM INSIDE VEHICLE,0,0,0,0,8,6,6,2053,STATE ST,41.813983,-87.536643,06/14/2024 09:56:00 AM,2024
CR00018259,03/24/2017 11:12:00 AM,45,CLEAR,DUSK,ANGLE,FOUR WAY,NO CONTROLS,DRIVING SKILLS/KNOWLEDGE/EXPERIENCE,DISTRACTION - FROM INSIDE VEHICLE,0,0,3,3,11,6,3,595,MILWAUKEE AVE,41.955079,-87.701104,03/24/2017 11:37:00 AM,2017
CR00018260,03/19/2023 12:37:00 PM,25,CLEAR,DARKNESS - LIGHTED ROAD,TURNING,FOUR WAY,TRAFFIC SIGNAL,FAILING TO YIELD RIGHT-OF-WAY,IMPROPER LANE USAGE,0,0,0,0,12,1,3,1747,DIVISION ST,41.732054,-87.674303,03/19/2023 02:22:00 PM,2023
CR00018261,10/21/2017 12:59:00 AM,45,CLEAR,DARKNESS - LIGHTED ROAD,REAR TO FRONT,NOT DIVIDED,TRAFFIC SIGNAL,UNABLE TO DETERMINE,UNABLE TO DETERMINE,0,0,3,3,0,7,10,299,79TH ST,41.807785,-87.834035,10/21/2017 02:33:00 AM,2017
CR00018262,09/19/2022 10:46:00 AM,35,CLOUDY/OVERCAST,DARKNESS - LIGHTED ROAD,ANGLE,NOT DIVIDED,TRAFFIC SIGNAL,IMPROPER LANE USAGE,DISTRACTION - FROM INSIDE VEHICLE,0,0,0,0,10,2,9,1962,MILWAUKEE AVE,41.707979,-87.67702,09/19/2022 11:36:00 AM,2022
CR00018263,02/17/2016 07:54:00 PM,45,CLEAR,DAYLIGHT,SIDESWIPE SAME DIRECTION,NOT DIVIDED,NO CONTROLS,FAILING TO YIELD RIGHT-OF-WAY,DISREGARDING TRAFFIC SIGNALS,0,0,0,0,19,4,2,1863,STATE ST,41.825508,-87.676687,02/17/2016 08:35:00 PM,2016
CR00018264,08/10/2015 11:07:00 PM,30,CLEAR,DARKNESS,FIXED OBJECT,FOUR WAY,NO CONTROLS,UNABLE TO DETERMINE,IMPROPER OVERTAKING/PASSING,0,0,0,0,23,2,8,2520,STONY ISLAND AVE,41.722726,-87.808095,08/10/2015 11:08:00 PM,2015
CR00018265,09/12/2020 07:59:00 PM,30,CLEAR,DAYLIGHT,TURNING,ONE-WAY,STOP SIGN/FLASHER,UNABLE TO DETERMINE,UNABLE TO DETERMINE,0,0,0,0,19,7,9,1108,ROOSEVELT RD,41.714956,-87.773295,09/12/2020 09:48:00 PM,2020
CR00018266,11/27/2019 07:23:00 AM,30,CLEAR,DARKNESS - LIGHTED ROAD,PARKED MOTOR VEHICLE,DIVIDED - W/MEDIAN (NOT RAISED),TRAFFIC SIGNAL,UNABLE TO DETERMINE,UNABLE TO DETERMINE,0,0,0,0,7,4,11,1349,HALSTED ST,41.945358,-87.844982,11/27/2019 07:43:00 AM,2019
CR00018267,08/06/2023 01:07:00 PM,30,SNOW,DARKNESS - LIGHTED ROAD,REAR END,DIVIDED - W/MEDIAN BARRIER,STOP SIGN/FLASHER,WEATHER,NOT APPLICABLE,0,0,0,0,13,1,8,145,BROADWAY,41.984813,-87.706711,08/06/2023 01:24:00 PM,2023
CR00018268,06/19/2017 11:16:00 AM,25,CLEAR,DAYLIGHT,REAR END,NOT DIVIDED,STOP SIGN/FLASHER,IMPROPER LANE USAGE,NOT APPLICABLE,0,0,0,0,11,2,6,897,ARCHER AVE,41.951065,-87.652366,06/19/2017 11:43:00 AM,2017
CR00018269,07/11/2023 04:39:00 AM,20,CLEAR,DAYLIGHT,SIDESWIPE SAME DIRECTION,FOUR WAY,PEDESTRIAN CROSSING SIGN,UNABLE TO DETERMINE,FAILING TO YIELD RIGHT-OF-WAY,0,0,0,0,4,3,7,1019,MILWAUKEE AVE,41.931471,-87.741331,07/11/2023 05:54:00 AM,2023
CR00018270,07/05/2024 06:02:00 PM,30,CLEAR,DAYLIGHT,PEDESTRIAN,ONE-WAY,NO CONTROLS,UNABLE TO DETERMINE,NOT APPLICABLE,0,0,0,0,18,6,7,2159,BROADWAY,41.837771,-87.777445,07/05/2024 07:56:00 PM,2024
CR00018271,11/13/2021 06:38:00 AM,40,CLEAR,DARKNESS - LIGHTED ROAD,PEDESTRIAN,DIVIDED - W/MEDIAN (NOT RAISED),YIELD,UNABLE TO DETERMINE,DISTRACTION - FROM INSIDE VEHICLE,0,0,0,0,6,7,11,2333,KEDZIE AVE,41.90413,-87.519096,11/13/2021 07:13:00 AM,2021