CRASH_RECORD_ID,CRASH_DATE,POSTED_SPEED_LIMIT,WEATHER_CONDITION,LIGHTING_CONDITION,FIRST_CRASH_TYPE,TRAFFICWAY_TYPE,TRAFFIC_CONTROL_DEVICE,PRIM_CONTRIBUTORY_CAUSE,SEC_CONTRIBUTORY_CAUSE,INJURIES_FATAL,INJURIES_INCAPACITATING,INJURIES_NON_INCAPACITATING,INJURIES_TOTAL,CRASH_HOUR,CRASH_DAY_OF_WEEK,CRASH_MONTH,BEAT_OF_OCCURRENCE,STREET_NAME,LATITUDE,LONGITUDE,DATE_POLICE_NOTIFIED,year
CR00018272,04/17/2015 10:11:00 PM,40,CLEAR,DAYLIGHT,PARKED MOTOR VEHICLE,NOT DIVIDED,TRAFFIC SIGNAL,IMPROPER LANE USAGE,FOLLOWING TOO CLOSELY,0,0,0,0,22,6,4,1084,47TH ST,41.959918,-87.637111,04/17/2015 10:26:00 PM,2015
CR00018273,09/14/2021 04:31:00 PM,40,CLEAR,DARKNESS - LIGHTED ROAD,REAR END,DIVIDED - W/MEDIAN (NOT RAISED),UNKNOWN,IMPROPER OVERTAKING/PASSING,UNABLE TO DETERMINE,0,0,0,0,16,3,9,374,STATE ST,41.984215,-87.568957,09/14/2021 05:18:00 PM,2021
CR00018274,01/06/2015 08:43:00 AM,15,CLEAR,DARKNESS - LIGHTED ROAD,REAR TO FRONT,FOUR WAY,NO CONTROLS,UNABLE TO DETERMINE,FOLLOWING TOO CLOSELY,0,0,0,0,8,3,1,2455,79TH ST,41.849634,-87.807682,01/06/2015 09:13:00 AM,2015
CR00018275,12/19/2023 10:18:00 AM,40,CLEAR,DAYLIGHT,ANGLE,NOT DIVIDED,NO CONTROLS,DISREGARDING TRAFFIC SIGNALS,FOLLOWING TOO CLOSELY,0,0,0,0,10,3,12,482,ARCHER AVE,41.833141,-87.557261,12/19/2023 10:36:00 AM,2023
CR00018276,02/03/2018 08:12:00 AM,20,CLEAR,DARKNESS - LIGHTED ROAD,REAR END,NOT DIVIDED,NO CONTROLS,FOLLOWING TOO CLOSELY,UNABLE TO DETERMINE,0,0,1,1,8,7,2,958,BROADWAY,41.918511,-87.791088,02/03/2018 09:59:00 AM,2018
CR00018277,09/11/2019 08:40:00 AM,20,SNOW,DAYLIGHT,REAR END,ONE-WAY,NO CONTROLS,FOLLOWING TOO CLOSELY,NOT APPLICABLE,0,0,0,0,8,4,9,1019,LAKE SHORE DR,41.847357,-87.713384,09/11/2019 10:25:00 AM,2019
CR00018278,02/03/2023 07:51:00 AM,35,SNOW,DAYLIGHT,ANGLE,DIVIDED - W/MEDIAN (NOT RAISED),NO CONTROLS,UNABLE TO DETERMINE,UNABLE TO DETERMINE,0,0,0,0,7,6,2,2117,BROADWAY,41.773248,-87.585044,02/03/2023 09:08:00 AM,2023
CR00018279,06/05/2022 02:41:00 PM,35,CLEAR,DAYLIGHT,ANGLE,NOT DIVIDED,STOP SIGN/FLASHER,UNABLE TO DETERMINE,DRIVING SKILLS/KNOWLEDGE/EXPERIENCE,0,0,0,0,14,1,6,1204,CALIFORNIA AVE,41.861523,-87.736374,06/05/2022 02:48:00 PM,2022
CR00018280,05/03/2023 02:09:00 PM,30,CLEAR,DUSK,PARKED MOTOR VEHICLE,DIVIDED - W/MEDIAN (NOT RAISED),TRAFFIC SIGNAL,FAILING TO YIELD RIGHT-OF-WAY,UNABLE TO DETERMINE,0,0,0,0,14,4,5,1749,ELSTON AVE,41.709574,-87.681979,05/03/2023 03:43:00 PM,2023
CR00018281,11/14/2021 06:28:00 PM,30,RAIN,DAYLIGHT,PARKED MOTOR VEHICLE,ONE-WAY,TRAFFIC SIGNAL,UNABLE TO DETERMINE,WEATHER,0,1,3,4,18,1,11,795,63RD ST,41.832896,-87.732418,11/14/2021 08:19:00 PM,2021
CR00018282,01/27/2022 12:22:00 AM,30,CLEAR,DARKNESS,REAR END,NOT DIVIDED,NO CONTROLS,DISTRACTION - FROM INSIDE VEHICLE,DISREGARDING TRAFFIC SIGNALS,0,0,0,0,0,5,1,2496,ROOSEVELT RD,41.972236,-87.595859,01/27/2022 01:40:00 AM,2022
CR00018283,10/03/2016 04:33:00 PM,30,SNOW,DAYLIGHT,REAR TO FRONT,NOT DIVIDED,NO CONTROLS,UNABLE TO DETERMINE,IMPROPER LANE USAGE,0,0,1,1,16,2,10,1400,CALIFORNIA AVE,41.935914,-87.83244,10/03/2016 05:23:00 PM,2016
CR00018284,03/20/2019 05:25:00 PM,30,CLEAR,DARKNESS - LIGHTED ROAD,REAR END,NOT DIVIDED,STOP SIGN/FLASHER,FOLLOWING TOO CLOSELY,NOT APPLICABLE,0,0,3,3,17,4,3,2150,BROADWAY,41.909938,-87.637301,03/20/2019 06:23:00 PM,2019
CR00018285,10/13/2015 06:32:00 PM,35,RAIN,DAYLIGHT,REAR END,ONE-WAY,STOP SIGN/FLASHER,FAILING TO REDUCE SPEED,FAILING TO REDUCE SPEED,0,0,1,1,18,3,10,746,MICHIGAN AVE,41.95644,-87.715488,10/13/2015 07:04:00 PM,2015
CR00018286,01/02/2019 03:15:00 PM,30,CLEAR,DUSK,REAR END,DIVIDED - W/MEDIAN (NOT RAISED),NO CONTROLS,UNABLE TO DETERMINE,UNABLE TO DETERMINE,0,0,1,1,15,4,1,398,63RD ST,41.880345,-87.754753,01/02/2019 04:28:00 PM,2019
CR00018287,09/09/2024 11:58:00 AM,35,RAIN,DAYLIGHT,REAR END,NOT DIVIDED,TRAFFIC SIGNAL,FAILING TO YIELD RIGHT-OF-WAY,DISTRACTION - FROM INSIDE VEHICLE,0,0,0,0,11,2,9,1806,DAMEN AVE,41.736501,-87.572076,09/09/2024 12:33:00 PM,2024
CR00018288,05/01/2021 07:49:00 AM,30,CLEAR,DAYLIGHT,PARKED MOTOR VEHICLE,ONE-WAY,NO CONTROLS,FOLLOWING TOO CLOSELY,FAILING TO YIELD RIGHT-OF-WAY,0,0,0,0,7,7,5,1063,DIVISION ST,41.73594,-87.58109,05/01/2021 08:39:00 AM,2021
CR00018289,11/21/2024 07:37:00 AM,30,RAIN,DAYLIGHT,REAR END,NOT DIVIDED,TRAFFIC SIGNAL,WEATHER,UNABLE TO DETERMINE,0,0,0,0,7,5,11,2144,BROADWAY,41.797213,-87.691804,11/21/2024 09:29:00 AM,2024
CR00018290,07/04/2016 12:07:00 AM,35,CLOUDY/OVERCAST,DAYLIGHT,FIXED OBJECT,NOT DIVIDED,YIELD,UNABLE TO DETERMINE,DRIVING SKILLS/KNOWLEDGE/EXPERIENCE,0,1,0,1,0,2,7,705,ARCHER AVE,41.877566,-87.598724,07/04/2016 01:16:00 AM,2016
CR00018291,04/14/2017 04:04:00 PM,30,SNOW,DARKNESS - LIGHTED ROAD,PEDESTRIAN,NOT DIVIDED,NO CONTROLS,UNABLE TO DETERMINE,NOT APPLICABLE,0,0,0,0,16,6,4,1913,WESTERN AVE,41.858859,-87.83202,04/14/2017 05:16:00 PM,2017
CR00018292,04/23/2018 06:42:00 AM,25,CLEAR,DAYLIGHT,FIXED OBJECT,ONE-WAY,STOP SIGN/FLASHER,UNABLE TO DETERMINE,UNABLE TO DETERMINE,0,2,2,4,6,2,4,2048,HALSTED ST,41.922256,-87.77052,04/23/2018 07:38:00 AM,2018
CR00018293,11/05/2021 12:00:00 AM,35,CLEAR,DAYLIGHT,ANGLE,DIVIDED - W/MEDIAN (NOT RAISED),NO CONTROLS,UNABLE TO DETERMINE,FAILING TO YIELD RIGHT-OF-WAY,0,0,0,0,0,6,11,2253,STONY ISLAND AVE,41.938967,-87.684689,11/05/2021 01:41:00 AM,2021
CR00018294,04/17/2015 08:06:00 PM,45,CLOUDY/OVERCAST,DAYLIGHT,REAR END,NOT DIVIDED,NO CONTROLS,IMPROPER OVERTAKING/PASSING,NOT APPLICABLE,0,0,0,0,20,6,4,2483,ASHLAND AVE,41.833864,-87.611955,04/17/2015 08:55:00 PM,2015
CR00018295,11/30/2024 10:28:00 PM,35,CLEAR,DARKNESS - LIGHTED ROAD,ANGLE,DIVIDED - W/MEDIAN (NOT RAISED),TRAFFIC SIGNAL,DISREGARDING TRAFFIC SIGNALS,DRIVING SKILLS/KNOWLEDGE/EXPERIENCE,0,0,0,0,22,7,11,2358,63RD ST,41.918255,-87.72208,11/30/2024 10:31:00 PM,2024
CR00018296,06/28/2023 10:46:00 PM,20,CLEAR,DARKNESS - LIGHTED ROAD,ANGLE,DIVIDED - W/MEDIAN (NOT RAISED),NO CONTROLS,DRIVING SKILLS/KNOWLEDGE/EXPERIENCE,UNABLE TO DETERMINE,0,0,0,0,22,4,6,990,MICHIGAN AVE,41.764003,-87.682083,06/29/2023 12:22:00 AM,2023
CR00018297,12/05/2015 11:50:00 PM,45,CLEAR,DAYLIGHT,REAR END,NOT DIVIDED,NO CONTROLS,FOLLOWING TOO CLOSELY,FAILING TO REDUCE SPEED,0,0,0,0,23,7,12,1200,CALIFORNIA AVE,41.705541,-87.572938,12/06/2015 12:11:00 AM,2015
CR00018298,06/13/2015 04:09:00 AM,40,SNOW,DARKNESS - LIGHTED ROAD,ANGLE,DIVIDED - W/MEDIAN (NOT RAISED),TRAFFIC SIGNAL,UNABLE TO DETERMINE,NOT APPLICABLE,0,0,0,0,4,7,6,2079,KEDZIE AVE,41.954897,-87.70447,06/13/2015 05:15:00 AM,2015
CR00018299,07/24/2024 09:54:00 AM,35,CLEAR,DAYLIGHT,REAR END,NOT DIVIDED,NO CONTROLS,FAILING TO YIELD RIGHT-OF-WAY,FOLLOWING TOO CLOSELY,0,0,2,2,9,4,7,1786,WESTERN AVE,41.962528,-87.755104,07/24/2024 10:55:00 AM,2024
CR00018300,12/20/2017 06:40:00 PM,45,CLEAR,DAYLIGHT,SIDESWIPE SAME DIRECTION,NOT DIVIDED,TRAFFIC SIGNAL,FAILING TO REDUCE SPEED,FAILING TO REDUCE SPEED,0,0,0,0,18,4,12,835,STATE ST,41.829197,-87.703037,12/20/2017 06:41:00 PM,2017
CR00018301,08/03/2022 03:40:00 PM,30,CLEAR,DAYLIGHT,REAR END,NOT DIVIDED,STOP SIGN/FLASHER,DRIVING SKILLS/KNOWLEDGE/EXPERIENCE,FOLLOWING TOO CLOSELY,0,0,0,0,15,4,8,223,CALIFORNIA AVE,41.80847,-87.693739,08/03/2022 04:34:00 PM,2022
CR00018302,04/17/2021 11:41:00 AM,25,CLEAR,DAYLIGHT,ANGLE,DIVIDED - W/MEDIAN BARRIER,TRAFFIC SIGNAL,UNABLE TO DETERMINE,UNABLE TO DETERMINE,0,0,3,3,11,7,4,1282,IRVING PARK RD,41.857911,-87.647527,04/17/2021 11:50:00 AM,2021
CR00018303,02/23/2023 03:05:00 PM,45,CLEAR,DAYLIGHT,TURNING,NOT DIVIDED,TRAFFIC SIGNAL,UNABLE TO DETERMINE,UNABLE TO DETERMINE,0,0,1,1,15,5,2,1764,MICHIGAN AVE,41.976392,-87.622694,02/23/2023 03:17:00 PM,2023
CR00018304,11/16/2018 11:30:00 AM,20,RAIN,DARKNESS - LIGHTED ROAD,SIDESWIPE SAME DIRECTION,NOT DIVIDED,STOP SIGN/FLASHER,UNABLE TO DETERMINE,DISTRACTION - FROM INSIDE VEHICLE,0,0,2,2,11,6,11,681,ELSTON AVE,41.757581,-87.813887,11/16/2018 12:14:00 PM,2018
CR00018305,08/07/2016 06:04:00 PM,20,CLEAR,DAYLIGHT,ANGLE,NOT DIVIDED,NO CONTROLS,IMPROPER LANE USAGE,NOT APPLICABLE,0,0,0,0,18,1,8,2093,CALIFORNIA AVE,41.849002,-87.8236,08/07/2016 06:32:00 PM,2016
CR00018306,05/25/2021 08:51:00 AM,40,RAIN,DAYLIGHT,TURNING,ONE-WAY,TRAFFIC SIGNAL,UNABLE TO DETERMINE,UNABLE TO DETERMINE,0,0,0,0,8,3,5,1560,DIVISION ST,41.712054,-87.786658,05/25/2021 10:32:00 AM,2021
CR00018307,06/22/2018 08:52:00 AM,30,CLEAR,DARKNESS - LIGHTED ROAD,REAR END,FOUR WAY,TRAFFIC SIGNAL,DISREGARDING TRAFFIC SIGNALS,NOT APPLICABLE,0,0,1,1,8,6,6,1505,ELSTON AVE,41.753755,-87.754224,06/22/2018 09:12:00 AM,2018
CR00018308,01/16/2023 04:37:00 PM,35,RAIN,DARKNESS - LIGHTED ROAD,ANGLE,FOUR WAY,NO CONTROLS,FAILING TO YIELD RIGHT-OF-WAY,FAILING TO YIELD RIGHT-OF-WAY,0,0,0,0,16,2,1,1897,MICHIGAN AVE,41.739323,-87.821713,01/16/2023 06:28:00 PM,2023
CR00018309,03/03/2016 06:31:00 PM,45,FREEZING RAIN/DRIZZLE,DAYLIGHT,REAR END,ONE-WAY,NO CONTROLS,UNABLE TO DETERMINE,NOT APPLICABLE,0,0,0,0,18,5,3,1498,MILWAUKEE AVE,41.81893,-87.811359,03/03/2016 07:23:00 PM,2016
CR00018310,01/09/2016 07:36:00 PM,45,SNOW,DARKNESS - LIGHTED ROAD,PEDESTRIAN,NOT DIVIDED,YIELD,FOLLOWING TOO CLOSELY,UNABLE TO DETERMINE,0,0,0,0,19,7,1,2411,PULASKI RD,41.927204,-87.582213,01/09/2016 08:49:00 PM,2016
CR00018311,02/27/2020 01:22:00 PM,35,CLEAR,DARKNESS - LIGHTED ROAD,REAR END,DIVIDED - W/MEDIAN (NOT RAISED),NO CONTROLS,UNABLE TO DETERMINE,NOT APPLICABLE,0,0,0,0,13,5,2,874,79TH ST,41.822796,-87.530265,02/27/2020 01:26:00 PM,2020
CR00018312,04/14/2017 05:02:00 PM,30,RAIN,DUSK,REAR END,NOT DIVIDED,NO CONTROLS,FOLLOWING TOO CLOSELY,IMPROPER OVERTAKING/PASSING,0,0,0,0,17,6,4,2098,79TH ST,41.94942,-87.632322,04/14/2017 06:46:00 PM,2017
CR00018313,06/14/2022 05:14:00 PM,35,RAIN,DUSK,FIXED OBJECT,NOT DIVIDED,TRAFFIC SIGNAL,FOLLOWING TOO CLOSELY,FAILING TO REDUCE SPEED,0,0,0,0,17,3,6,1521,DAMEN AVE,41.902321,-87.514131,06/14/2022 05:52:00 PM,2022
CR00018314,12/28/2018 08:48:00 AM,30,CLEAR,DARKNESS,PARKED MOTOR VEHICLE,DIVIDED - W/MEDIAN (NOT RAISED),YIELD,FAILING TO YIELD RIGHT-OF-WAY,NOT APPLICABLE,0,0,0,0,8,6,12,1452,KEDZIE AVE,41.705033,-87.511582,12/28/2018 09:33:00 AM,2018
CR00018315,06/15/2018 02:12:00 PM,25,CLEAR,DAYLIGHT,REAR END,NOT DIVIDED,NO CONTROLS,DISTRACTION - FROM INSIDE VEHICLE,DISREGARDING TRAFFIC SIGNALS,0,0,1,1,14,6,6,192,HALSTED ST,41.924272,-87.590421,06/15/2018 02:34:00 PM,2018
CR00018316,11/02/2021 08:16:00 PM,30,FREEZING RAIN/DRIZZLE,DUSK,REAR END,NOT DIVIDED,TRAFFIC SIGNAL,FOLLOWING TOO CLOSELY,IMPROPER LANE USAGE,0,0,0,0,20,3,11,1413,WESTERN AVE,41.735909,-87.808443,11/02/2021 10:07:00 PM,2021
CR00018317,02/06/2016 11:53:00 PM,40,RAIN,DAYLIGHT,REAR END,DIVIDED - W/MEDIAN BARRIER,TRAFFIC SIGNAL,FOLLOWING TOO CLOSELY,FOLLOWING TOO CLOSELY,0,0,0,0,23,7,2,1562,ASHLAND AVE,41.766229,-87.753067,02/07/2016 01:53:00 AM,2016
CR00018318,01/08/2020 06:08:00 AM,15,CLEAR,DAYLIGHT,SIDESWIPE SAME DIRECTION,NOT DIVIDED,STOP SIGN/FLASHER,UNABLE TO DETERMINE,IMPROPER OVERTAKING/PASSING,0,0,2,2,6,4,1,2026,CALIFORNIA AVE,41.863967,-87.809872,01/08/2020 06:16:00 AM,2020
CR00018319,10/19/2021 12:25:00 PM,25,CLOUDY/OVERCAST,DAYLIGHT,REAR TO FRONT,NOT DIVIDED,STOP SIGN/FLASHER,DRIVING SKILLS/KNOWLEDGE/EXPERIENCE,UNABLE TO DETERMINE,0,0,0,0,12,3,10,741,ROOSEVELT RD,41.739303,-87.59537,10/19/2021 12:35:00 PM,2021
CR00018320,04/24/2024 06:12:00 PM,30,CLOUDY/OVERCAST,DUSK,TURNING,DIVIDED - W/MEDIAN BARRIER,STOP SIGN/FLASHER,DISTRACTION - FROM INSIDE VEHICLE,UNABLE TO DETERMINE,0,0,0,0,18,4,4,1496,PULASKI RD,41.908394,-87.570446,04/24/2024 07:12:00 PM,2024
CR00018321,09/19/2022 11:08:00 AM,15,CLEAR,DAYLIGHT,REAR TO FRONT,DIVIDED - W/MEDIAN BARRIER,TRAFFIC SIGNAL,IMPROPER OVERTAKING/PASSING,UNABLE TO DETERMINE,0,0,0,0,11,2,9,1205,FULLERTON AVE,41.782055,-87.842911,09/19/2022 11:48:00 AM,2022
CR00018322,06/08/2021 03:32:00 PM,45,CLOUDY/OVERCAST,DAYLIGHT,SIDESWIPE SAME DIRECTION,DIVIDED - W/MEDIAN (NOT RAISED),STOP SIGN/FLASHER,DRIVING SKILLS/KNOWLEDGE/EXPERIENCE,DISREGARDING TRAFFIC SIGNALS,0,0,0,0,15,3,6,2049,DIVISION ST,41.936227,-87.81031,06/08/2021 04:59:00 PM,2021
CR00018323,12/24/2024 06:51:00 PM,30,CLOUDY/OVERCAST,DARKNESS - LIGHTED ROAD,ANGLE,DIVIDED - W/MEDIAN (NOT RAISED),TRAFFIC SIGNAL,UNABLE TO DETERMINE,UNABLE TO DETERMINE,0,0,0,0,18,3,12,2125,CICERO AVE,41.882674,-87.801544,12/24/2024 07:26:00 PM,2024
CR00018324,05/11/2015 01:54:00 PM,30,CLEAR,DAYLIGHT,FIXED OBJECT,DIVIDED - W/MEDIAN BARRIER,NO CONTROLS,UNABLE TO DETERMINE,IMPROPER OVERTAKING/PASSING,0,0,0,0,13,2,5,2161,STATE ST,41.78225,-87.733684,05/11/2015 03:04:00 PM,2015
CR00018325,12/24/2017 12:04:00 PM,30,CLEAR,DUSK,FIXED OBJECT,ONE-WAY,TRAFFIC SIGNAL,FOLLOWING TOO CLOSELY,NOT APPLICABLE,0,0,0,0,12,1,12,2094,LAKE SHORE DR,41.99087,-87.626004,12/24/2017 01:53:00 PM,2017
CR00018326,11/29/2017 02:11:00 PM,45,CLEAR,DAYLIGHT,ANGLE,FOUR WAY,NO CONTROLS,FOLLOWING TOO CLOSELY,UNABLE TO DETERMINE,0,0,0,0,14,4,11,1933,KEDZIE AVE,41.733311,-87.763799,11/29/2017 03:21:00 PM,2017
CR00018327,06/30/2019 12:10:00 PM,15,SNOW,DAYLIGHT,ANGLE,DIVIDED - W/MEDIAN (NOT RAISED),NO CONTROLS,UNABLE TO DETERMINE,NOT APPLICABLE,0,0,3,3,12,1,6,1860,IRVING PARK RD,41.718716,-87.849194,06/30/2019 01:49:00 PM,2019
CR00018328,10/30/2016 01:00:00 PM,15,CLEAR,DARKNESS - LIGHTED ROAD,REAR END,FOUR WAY,STOP SIGN/FLASHER,FAILING TO YIELD RIGHT-OF-WAY,UNABLE TO DETERMINE,0,0,0,0,13,1,10,607,DIVISION ST,41.9543,-87.783997,10/30/2016 01:49:00 PM,2016
CR00018329,10/03/2019 08:15:00 AM,45,CLEAR,DAYLIGHT,SIDESWIPE SAME DIRECTION,T-INTERSECTION,NO CONTROLS,DISTRACTION - FROM INSIDE VEHICLE,FOLLOWING TOO CLOSELY,0,0,3,3,8,5,10,1780,MILWAUKEE AVE,41.910306,-87.533754,10/03/2019 10:00:00 AM,2019
CR00018330,09/19/2016 07:18:00 AM,35,SNOW,DAYLIGHT,ANGLE,NOT DIVIDED,TRAFFIC SIGNAL,WEATHER,FOLLOWING TOO CLOSELY,0,0,0,0,7,2,9,2148,ARCHER AVE,41.983019,-87.734465,09/19/2016 07:48:00 AM,2016
CR00018331,10/27/2022 03:09:00 AM,15,CLEAR,DAYLIGHT,REAR END,NOT DIVIDED,TRAFFIC SIGNAL,UNABLE TO DETERMINE,NOT APPLICABLE,0,0,0,0,3,5,10,1771,DIVISION ST,41.777223,-87.603641,10/27/2022 05:01:00 AM,2022
CR00018332,11/11/2018 03:14:00 PM,35,CLEAR,DARKNESS - LIGHTED ROAD,FIXED OBJECT,NOT DIVIDED,NO CONTROLS,FOLLOWING TOO CLOSELY,NOT APPLICABLE,0,0,0,0,15,1,11,1869,ROOSEVELT RD,41.869159,-87.597678,11/11/2018 03:16:00 PM,2018
CR00018333,09/08/2016 05:02:00 PM,30,CLEAR,DAYLIGHT,TURNING,DIVIDED - W/MEDIAN (NOT RAISED),TRAFFIC SIGNAL,FOLLOWING TOO CLOSELY,IMPROPER OVERTAKING/PASSING,0,0,0,0,17,5,9,1301,OGDEN AVE,41.850707,-87.542306,09/08/2016 05:25:00 PM,2016
CR00018334,08/08/2019 05:33:00 PM,30,CLEAR,DARKNESS - LIGHTED ROAD,PARKED MOTOR VEHICLE,NOT DIVIDED,STOP SIGN/FLASHER,FAILING TO YIELD RIGHT-OF-WAY,UNABLE TO DETERMINE,0,0,0,0,17,5,8,2468,STATE ST,41.919094,-87.750321,08/08/2019 06:21:00 PM,2019
CR00018335,07/20/2023 04:20:00 PM,40,CLEAR,DARKNESS - LIGHTED ROAD,REAR END,NOT DIVIDED,NO CONTROLS,UNABLE TO DETERMINE,IMPROPER OVERTAKING/PASSING,0,0,3,3,16,5,7,2408,HALSTED ST,41.719088,-87.549047,07/20/2023 04:32:00 PM,2023
CR00018336,07/22/2015 10:20:00 AM,40,CLEAR,DARKNESS - LIGHTED ROAD,SIDESWIPE SAME DIRECTION,NOT DIVIDED,NO CONTROLS,DISREGARDING TRAFFIC SIGNALS,NOT APPLICABLE,0,0,1,1,10,4,7,1730,MICHIGAN AVE,41.748024,-87.512465,07/22/2015 10:46:00 AM,2015
CR00018337,07/19/2024 08:11:00 AM,30,CLEAR,DAYLIGHT,PARKED MOTOR VEHICLE,NOT DIVIDED,TRAFFIC SIGNAL,DRIVING SKILLS/KNOWLEDGE/EXPERIENCE,FAILING TO REDUCE SPEED,0,0,0,0,8,6,7,664,OGDEN AVE,41.703196,-87.624077,07/19/2024 09:13:00 AM,2024
CR00018338,08/19/2019 08:04:00 AM,40,CLEAR,DAYLIGHT,TURNING,NOT DIVIDED,NO CONTROLS,FOLLOWING TOO CLOSELY,FOLLOWING TOO CLOSELY,0,0,0,0,8,2,8,1278,ASHLAND AVE,41.7339,-87.540872,08/19/2019 09:27:00 AM,2019
CR00018339,08/26/2023 04:57:00 PM,35,CLEAR,DAYLIGHT,REAR END,NOT DIVIDED,NO CONTROLS,UNABLE TO DETERMINE,UNABLE TO DETERMINE,0,0,0,0,16,7,8,2392,WESTERN AVE,41.98042,-87.554318,08/26/2023 06:14:00 PM,2023
CR00018340,07/19/2019 08:52:00 PM,30,SNOW,DAYLIGHT,REAR END,DIVIDED - W/MEDIAN (NOT RAISED),STOP SIGN/FLASHER,UNABLE TO DETERMINE,FAILING TO YIELD RIGHT-OF-WAY,0,0,0,0,20,6,7,1072,MICHIGAN AVE,41.890662,-87.778492,07/19/2019 09:55:00 PM,2019
CR00018341,07/06/2017 04:55:00 PM,15,CLEAR,DARKNESS - LIGHTED ROAD,REAR END,DIVIDED - W/MEDIAN BARRIER,NO CONTROLS,DISREGARDING TRAFFIC SIGNALS,FAILING TO YIELD RIGHT-OF-WAY,0,0,0,0,16,5,7,814,ASHLAND AVE,41.821885,-87.558441,07/06/2017 06:45:00 PM,2017
CR00018342,02/14/2019 08:12:00 PM,30,CLEAR,DARKNESS - LIGHTED ROAD,TURNING,FOUR WAY,STOP SIGN/FLASHER,IMPROPER LANE USAGE,FOLLOWING TOO CLOSELY,0,0,0,0,20,5,2,1395,LAKE SHORE DR,41.942972,-87.783231,02/14/2019 09:34:00 PM,2019
CR00018343,02/07/2021 03:28:00 PM,30,FOG/SMOKE/HAZE,DAYLIGHT,PARKED MOTOR VEHICLE,NOT DIVIDED,NO CONTROLS,IMPROPER OVERTAKING/PASSING,UNABLE TO DETERMINE,0,0,1,1,15,1,2,1254,OGDEN AVE,41.775433,-87.659443,02/07/2021 04:47:00 PM,2021
CR00018344,12/11/2023 08:05:00 AM,35,CLOUDY/OVERCAST,DAYLIGHT,ANGLE,ONE-WAY,STOP SIGN/FLASHER,UNABLE TO DETERMINE,WEATHER,0,0,0,0,8,2,12,1350,MICHIGAN AVE,41.75858,-87.622808,12/11/2023 08:49:00 AM,2023
CR00018345,02/03/2018 09:29:00 PM,35,CLEAR,DAYLIGHT,REAR END,NOT DIVIDED,NO CONTROLS,DRIVING SKILLS/KNOWLEDGE/EXPERIENCE,FAILING TO YIELD RIGHT-OF-WAY,0,0,0,0,21,7,2,1080,ARCHER AVE,41.82054,-87.6075,02/03/2018 09:35:00 PM,2018
CR00018346,03/07/2016 01:23:00 AM,30,CLEAR,DUSK,TURNING,FOUR WAY,TRAFFIC SIGNAL,UNABLE TO DETERMINE,UNABLE TO DETERMINE,0,0,0,0,1,2,3,665,KEDZIE AVE,41.807719,-87.738889,03/07/2016 02:24:00 AM,2016
CR00018347,05/18/2017 11:52:00 AM,30,SNOW,DAWN,TURNING,NOT DIVIDED,STOP SIGN/FLASHER,FAILING TO REDUCE SPEED,UNABLE TO DETERMINE,0,0,0,0,11,5,5,394,DIVISION ST,41.908237,-87.651362,05/18/2017 12:10:00 PM,2017
CR00018348,09/06/2019 02:04:00 PM,35,CLEAR,DARKNESS - LIGHTED ROAD,REAR END,NOT DIVIDED,STOP SIGN/FLASHER,FAILING TO REDUCE SPEED,FAILING TO YIELD RIGHT-OF-WAY,0,0,2,2,14,6,9,458,47TH ST,41.738,-87.587543,09/06/2019 02:10:00 PM,2019
CR00018349,02/08/2023 05:09:00 AM,15,RAIN,DUSK,REAR END,T-INTERSECTION,NO CONTROLS,UNABLE TO DETERMINE,UNABLE TO DETERMINE,0,0,0,0,5,4,2,1818,79TH ST,41.968493,-87.768161,02/08/2023 05:53:00 AM,2023
CR00018350,12/15/2017 06:58:00 AM,40,RAIN,DAYLIGHT,REAR END,NOT DIVIDED,NO CONTROLS,IMPROPER OVERTAKING/PASSING,UNABLE TO DETERMINE,0,0,0,0,6,6,12,280,ROOSEVELT RD,41.82747,-87.673782,12/15/2017 07:13:00 AM,2017
CR00018351,06/01/2020 05:32:00 PM,15,CLEAR,DAYLIGHT,TURNING,DIVIDED - W/MEDIAN BARRIER,UNKNOWN,UNABLE TO DETERMINE,IMPROPER LANE USAGE,0,2,3,5,17,2,6,824,CLARK ST,41.809741,-87.556397,06/01/2020 06:16:00 PM,2020
CR00018352,01/06/2022 08:51:00 AM,30,CLEAR,DARKNESS,SIDESWIPE SAME DIRECTION,FOUR WAY,STOP SIGN/FLASHER,UNABLE TO DETERMINE,DISREGARDING TRAFFIC SIGNALS,0,0,0,0,8,5,1,351,63RD ST,41.700227,-87.682148,01/06/2022 10:23:00 AM,2022
CR00018353,01/11/2023 02:36:00 AM,20,CLEAR,DARKNESS,TURNING,DIVIDED - W/MEDIAN (NOT RAISED),TRAFFIC SIGNAL,UNABLE TO DETERMINE,DISTRACTION - FROM INSIDE VEHICLE,0,0,0,0,2,4,1,1988,STONY ISLAND AVE,41.829772,-87.840356,01/11/2023 03:58:00 AM,2023
CR00018354,02/20/2019 05:19:00 PM,30,CLEAR,DARKNESS,REAR END,DIVIDED - W/MEDIAN (NOT RAISED),NO CONTROLS,IMPROPER LANE USAGE,IMPROPER LANE USAGE,0,0,0,0,17,4,2,2161,HALSTED ST,41.76896,-87.538613,02/20/2019 06:11:00 PM,2019