CRASH_RECORD_ID,CRASH_DATE,POSTED_SPEED_LIMIT,WEATHER_CONDITION,LIGHTING_CONDITION,FIRST_CRASH_TYPE,TRAFFICWAY_TYPE,TRAFFIC_CONTROL_DEVICE,PRIM_CONTRIBUTORY_CAUSE,SEC_CONTRIBUTORY_CAUSE,INJURIES_FATAL,INJURIES_INCAPACITATING,INJURIES_NON_INCAPACITATING,INJURIES_TOTAL,CRASH_HOUR,CRASH_DAY_OF_WEEK,CRASH_MONTH,BEAT_OF_OCCURRENCE,STREET_NAME,LATITUDE,LONGITUDE,DATE_POLICE_NOTIFIED,year
CR00018355,04/24/2016 04:31:00 PM,20,CLEAR,DARKNESS - LIGHTED ROAD,TURNING,ONE-WAY,NO CONTROLS,FAILING TO REDUCE SPEED,FAILING TO REDUCE SPEED,0,0,1,1,16,1,4,2041,79TH ST,41.811102,-87.589368,04/24/2016 05:16:00 PM,2016
CR00018356,03/27/2017 04:34:00 PM,45,CLEAR,DAYLIGHT,FIXED OBJECT,NOT DIVIDED,NO CONTROLS,FOLLOWING TOO CLOSELY,UNABLE TO DETERMINE,0,0,0,0,16,2,3,1564,WESTERN AVE,41.885146,-87.745464,03/27/2017 05:58:00 PM,2017
CR00018357,06/26/2022 08:00:00 PM,35,CLEAR,DARKNESS,ANGLE,NOT DIVIDED,NO CONTROLS,UNABLE TO DETERMINE,FOLLOWING TOO CLOSELY,0,0,0,0,20,1,6,1953,PULASKI RD,41.704402,-87.793555,06/26/2022 08:48:00 PM,2022
CR00018358,01/09/2022 04:20:00 PM,30,CLEAR,DARKNESS,TURNING,T-INTERSECTION,NO CONTROLS,FAILING TO REDUCE SPEED,DISREGARDING TRAFFIC SIGNALS,0,0,0,0,16,1,1,227,63RD ST,41.978671,-87.809967,01/09/2022 04:54:00 PM,2022
CR00018359,01/19/2016 06:06:00 PM,30,CLEAR,DAYLIGHT,PEDESTRIAN,NOT DIVIDED,NO CONTROLS,IMPROPER LANE USAGE,UNABLE TO DETERMINE,0,2,2,4,18,3,1,1014,ROOSEVELT RD,41.9403,-87.667028,01/19/2016 08:04:00 PM,2016
CR00018360,02/09/2022 03:45:00 PM,45,RAIN,DARKNESS - LIGHTED ROAD,FIXED OBJECT,ONE-WAY,TRAFFIC SIGNAL,DISREGARDING TRAFFIC SIGNALS,FAILING TO REDUCE SPEED,0,0,0,0,15,4,2,2005,79TH ST,41.93679,-87.813448,02/09/2022 04:55:00 PM,2022
CR00018361,01/05/2023 07:36:00 AM,30,CLEAR,DARKNESS - LIGHTED ROAD,REAR END,NOT DIVIDED,NO CONTROLS,FOLLOWING TOO CLOSELY,IMPROPER OVERTAKING/PASSING,0,0,0,0,7,5,1,393,DIVISION ST,41.720194,-87.531979,01/05/2023 09:32:00 AM,2023
CR00018362,09/03/2021 03:22:00 PM,30,CLEAR,DAYLIGHT,TURNING,NOT DIVIDED,TRAFFIC SIGNAL,UNABLE TO DETERMINE,FAILING TO YIELD RIGHT-OF-WAY,0,0,0,0,15,6,9,114,ASHLAND AVE,41.900001,-87.776565,09/03/2021 03:48:00 PM,2021
CR00018363,11/26/2022 07:54:00 PM,30,CLEAR,DAYLIGHT,REAR END,DIVIDED - W/MEDIAN BARRIER,NO CONTROLS,IMPROPER OVERTAKING/PASSING,FOLLOWING TOO CLOSELY,0,0,1,1,19,7,11,2268,CALIFORNIA AVE,41.939497,-87.684871,11/26/2022 09:45:00 PM,2022
CR00018364,07/25/2018 07:20:00 AM,30,CLOUDY/OVERCAST,DAYLIGHT,PEDESTRIAN,DIVIDED - W/MEDIAN (NOT RAISED),NO CONTROLS,FAILING TO YIELD RIGHT-OF-WAY,UNABLE TO DETERMINE,0,0,3,3,7,4,7,1606,ROOSEVELT RD,41.929052,-87.539711,07/25/2018 08:57:00 AM,2018
CR00018365,10/17/2020 07:59:00 PM,30,CLEAR,DARKNESS - LIGHTED ROAD,REAR END,ONE-WAY,NO CONTROLS,FOLLOWING TOO CLOSELY,DRIVING SKILLS/KNOWLEDGE/EXPERIENCE,0,0,0,0,19,7,10,1976,BROADWAY,41.72071,-87.694884,10/17/2020 08:00:00 PM,2020
CR00018366,01/21/2020 05:30:00 PM,15,CLEAR,DAYLIGHT,ANGLE,DIVIDED - W/MEDIAN (NOT RAISED),NO CONTROLS,FAILING TO YIELD RIGHT-OF-WAY,UNABLE TO DETERMINE,0,0,0,0,17,3,1,502,STONY ISLAND AVE,41.821304,-87.786519,01/21/2020 06:36:00 PM,2020
CR00018367,02/15/2017 04:38:00 PM,45,CLEAR,DARKNESS - LIGHTED ROAD,FIXED OBJECT,NOT DIVIDED,UNKNOWN,FOLLOWING TOO CLOSELY,NOT APPLICABLE,0,0,0,0,16,4,2,1635,KEDZIE AVE,41.751576,-87.610735,02/15/2017 05:58:00 PM,2017
CR00018368,08/14/2024 05:30:00 PM,30,CLEAR,DARKNESS - LIGHTED ROAD,TURNING,ONE-WAY,TRAFFIC SIGNAL,UNABLE TO DETERMINE,IMPROPER OVERTAKING/PASSING,0,0,0,0,17,4,8,629,LAKE SHORE DR,41.745832,-87.546987,08/14/2024 07:27:00 PM,2024
CR00018369,10/23/2018 03:28:00 PM,40,CLEAR,DAYLIGHT,ANGLE,NOT DIVIDED,STOP SIGN/FLASHER,DRIVING SKILLS/KNOWLEDGE/EXPERIENCE,FAILING TO YIELD RIGHT-OF-WAY,0,0,0,0,15,3,10,1488,PULASKI RD,41.969892,-87.570881,10/23/2018 05:22:00 PM,2018
CR00018370,07/15/2024 06:58:00 PM,30,CLEAR,DARKNESS - LIGHTED ROAD,REAR END,NOT DIVIDED,NO CONTROLS,UNABLE TO DETERMINE,NOT APPLICABLE,0,0,0,0,18,2,7,1509,DAMEN AVE,41.75981,-87.507121,07/15/2024 07:51:00 PM,2024
CR00018371,12/06/2019 07:12:00 AM,20,CLEAR,DAYLIGHT,REAR END,NOT DIVIDED,NO CONTROLS,UNABLE TO DETERMINE,DISREGARDING TRAFFIC SIGNALS,0,0,0,0,7,6,12,751,DAMEN AVE,41.788984,-87.590464,12/06/2019 08:30:00 AM,2019
CR00018372,09/20/2023 03:48:00 PM,35,CLEAR,DAYLIGHT,PARKED MOTOR VEHICLE,T-INTERSECTION,STOP SIGN/FLASHER,FAILING TO YIELD RIGHT-OF-WAY,FOLLOWING TOO CLOSELY,0,0,0,0,15,4,9,2515,BROADWAY,41.844484,-87.704423,09/20/2023 04:26:00 PM,2023
CR00018373,02/20/2023 06:27:00 PM,20,CLEAR,DAYLIGHT,FIXED OBJECT,FOUR WAY,TRAFFIC SIGNAL,UNABLE TO DETERMINE,DRIVING SKILLS/KNOWLEDGE/EXPERIENCE,0,0,0,0,18,2,2,1349,STATE ST,41.790526,-87.76539,02/20/2023 08:23:00 PM,2023
CR00018374,03/03/2016 02:21:00 AM,30,CLOUDY/OVERCAST,DARKNESS - LIGHTED ROAD,ANGLE,NOT DIVIDED,STOP SIGN/FLASHER,IMPROPER OVERTAKING/PASSING,IMPROPER LANE USAGE,0,0,0,0,2,5,3,1850,OGDEN AVE,41.780841,-87.618613,03/03/2016 03:10:00 AM,2016
CR00018375,07/11/2016 12:58:00 PM,30,CLEAR,DAYLIGHT,REAR END,NOT DIVIDED,TRAFFIC SIGNAL,UNABLE TO DETERMINE,DISTRACTION - FROM INSIDE VEHICLE,0,0,0,0,12,2,7,2362,IRVING PARK RD,41.831802,-87.767978,07/11/2016 01:53:00 PM,2016
CR00018376,01/27/2019 08:58:00 PM,40,CLEAR,DAYLIGHT,TURNING,DIVIDED - W/MEDIAN (NOT RAISED),TRAFFIC SIGNAL,FOLLOWING TOO CLOSELY,DISTRACTION - FROM INSIDE VEHICLE,0,0,0,0,20,1,1,2301,KEDZIE AVE,41.763551,-87.70753,01/27/2019 09:27:00 PM,2019
CR00018377,03/19/2022 05:45:00 PM,35,CLEAR,DAYLIGHT,TURNING,DIVIDED - W/MEDIAN (NOT RAISED),NO CONTROLS,FOLLOWING TOO CLOSELY,FOLLOWING TOO CLOSELY,0,0,0,0,17,7,3,969,79TH ST,41.856249,-87.833028,03/19/2022 07:22:00 PM,2022
CR00018378,07/26/2024 06:47:00 PM,40,CLEAR,DAYLIGHT,ANGLE,DIVIDED - W/MEDIAN (NOT RAISED),NO CONTROLS,UNABLE TO DETERMINE,DISTRACTION - FROM INSIDE VEHICLE,0,0,0,0,18,6,7,107,DAMEN AVE,41.839892,-87.706554,07/26/2024 08:05:00 PM,2024
CR00018379,06/30/2015 11:50:00 AM,30,CLEAR,DAYLIGHT,REAR END,ONE-WAY,STOP SIGN/FLASHER,UNABLE TO DETERMINE,DRIVING SKILLS/KNOWLEDGE/EXPERIENCE,0,0,0,0,11,3,6,215,CLARK ST,41.797627,-87.731074,06/30/2015 12:04:00 PM,2015
CR00018380,01/31/2020 06:38:00 PM,35,CLEAR,DAYLIGHT,REAR END,NOT DIVIDED,TRAFFIC SIGNAL,IMPROPER OVERTAKING/PASSING,IMPROPER LANE USAGE,0,0,0,0,18,6,1,730,79TH ST,41.86375,-87.696561,01/31/2020 07:01:00 PM,2020
CR00018381,11/13/2018 05:42:00 AM,35,CLEAR,DAYLIGHT,PARKED MOTOR VEHICLE,FOUR WAY,NO CONTROLS,UNABLE TO DETERMINE,UNABLE TO DETERMINE,0,0,0,0,5,3,11,602,DIVISION ST,41.998069,-87.778634,11/13/2018 06:22:00 AM,2018
CR00018382,06/21/2018 06:03:00 PM,30,CLEAR,DARKNESS - LIGHTED ROAD,SIDESWIPE SAME DIRECTION,ONE-WAY,NO CONTROLS,IMPROPER OVERTAKING/PASSING,FOLLOWING TOO CLOSELY,0,0,1,1,18,5,6,1154,BROADWAY,41.791651,-87.772423,06/21/2018 07:32:00 PM,2018
CR00018383,09/04/2020 05:22:00 PM,20,CLEAR,DUSK,SIDESWIPE SAME DIRECTION,NOT DIVIDED,NO CONTROLS,UNABLE TO DETERMINE,UNABLE TO DETERMINE,0,0,0,0,17,6,9,2385,BROADWAY,41.72374,-87.749647,09/04/2020 07:07:00 PM,2020
CR00018384,01/12/2016 01:10:00 AM,45,RAIN,DAYLIGHT,SIDESWIPE SAME DIRECTION,NOT DIVIDED,UNKNOWN,DISREGARDING TRAFFIC SIGNALS,UNABLE TO DETERMINE,0,0,0,0,1,3,1,251,KEDZIE AVE,41.789445,-87.717724,01/12/2016 01:20:00 AM,2016
CR00018385,10/19/2019 03:32:00 AM,35,CLEAR,DAYLIGHT,TURNING,T-INTERSECTION,TRAFFIC SIGNAL,UNABLE TO DETERMINE,NOT APPLICABLE,0,0,0,0,3,7,10,1601,ARCHER AVE,41.865179,-87.802137,10/19/2019 03:45:00 AM,2019
CR00018386,11/29/2016 06:33:00 PM,30,CLEAR,DAYLIGHT,TURNING,NOT DIVIDED,NO CONTROLS,UNABLE TO DETERMINE,UNABLE TO DETERMINE,0,0,0,0,18,3,11,808,ELSTON AVE,41.811504,-87.847376,11/29/2016 07:42:00 PM,2016
CR00018387,02/05/2017 11:53:00 AM,35,CLEAR,DAYLIGHT,TURNING,NOT DIVIDED,STOP SIGN/FLASHER,UNABLE TO DETERMINE,IMPROPER OVERTAKING/PASSING,0,0,0,0,11,1,2,2330,CALIFORNIA AVE,41.981248,-87.6224,02/05/2017 11:55:00 AM,2017
CR00018388,02/14/2016 08:26:00 AM,15,CLEAR,DAYLIGHT,TURNING,T-INTERSECTION,TRAFFIC SIGNAL,IMPROPER LANE USAGE,FAILING TO YIELD RIGHT-OF-WAY,0,0,0,0,8,1,2,1194,ROOSEVELT RD,41.720911,-87.600158,02/14/2016 09:25:00 AM,2016
CR00018389,03/30/2023 08:24:00 AM,30,CLEAR,DAYLIGHT,REAR TO FRONT,ONE-WAY,NO CONTROLS,FAILING TO YIELD RIGHT-OF-WAY,IMPROPER LANE USAGE,0,0,0,0,8,5,3,1930,ASHLAND AVE,41.744294,-87.678347,03/30/2023 08:56:00 AM,2023
CR00018390,02/05/2024 07:30:00 AM,35,CLEAR,DARKNESS - LIGHTED ROAD,REAR END,DIVIDED - W/MEDIAN (NOT RAISED),NO CONTROLS,UNABLE TO DETERMINE,IMPROPER OVERTAKING/PASSING,0,0,1,1,7,2,2,1833,MILWAUKEE AVE,41.717212,-87.668086,02/05/2024 09:30:00 AM,2024
CR00018391,04/09/2023 07:40:00 PM,30,CLEAR,DAYLIGHT,SIDESWIPE SAME DIRECTION,NOT DIVIDED,NO CONTROLS,UNABLE TO DETERMINE,IMPROPER OVERTAKING/PASSING,0,0,0,0,19,1,4,1156,47TH ST,41.918342,-87.569922,04/09/2023 08:10:00 PM,2023
CR00018392,01/10/2019 10:01:00 AM,40,CLEAR,DAYLIGHT,REAR END,NOT DIVIDED,NO CONTROLS,WEATHER,DISTRACTION - FROM INSIDE VEHICLE,0,0,3,3,10,5,1,1402,MICHIGAN AVE,41.89978,-87.7862,01/10/2019 11:32:00 AM,2019
CR00018393,03/05/2023 05:38:00 PM,30,CLEAR,DARKNESS - LIGHTED ROAD,TURNING,DIVIDED - W/MEDIAN BARRIER,NO CONTROLS,FAILING TO YIELD RIGHT-OF-WAY,FAILING TO YIELD RIGHT-OF-WAY,0,0,0,0,17,1,3,832,STATE ST,41.931528,-87.848507,03/05/2023 06:21:00 PM,2023
CR00018394,01/10/2018 03:37:00 AM,30,CLEAR,DAYLIGHT,REAR END,ONE-WAY,NO CONTROLS,FOLLOWING TOO CLOSELY,NOT APPLICABLE,0,2,1,3,3,4,1,2308,47TH ST,41.976443,-87.790311,01/10/2018 04:40:00 AM,2018
CR00018395,03/15/2018 06:34:00 PM,20,SNOW,DAYLIGHT,SIDESWIPE SAME DIRECTION,DIVIDED - W/MEDIAN (NOT RAISED),TRAFFIC SIGNAL,UNABLE TO DETERMINE,UNABLE TO DETERMINE,0,0,0,0,18,5,3,639,CICERO AVE,41.840372,-87.691888,03/15/2018 07:50:00 PM,2018
CR00018396,10/24/2015 03:01:00 PM,20,CLOUDY/OVERCAST,DAYLIGHT,PARKED MOTOR VEHICLE,FOUR WAY,NO CONTROLS,IMPROPER OVERTAKING/PASSING,FOLLOWING TOO CLOSELY,0,0,0,0,15,7,10,397,MICHIGAN AVE,41.822773,-87.545116,10/24/2015 04:14:00 PM,2015
CR00018397,04/05/2021 05:16:00 PM,35,CLEAR,DAYLIGHT,SIDESWIPE SAME DIRECTION,DIVIDED - W/MEDIAN (NOT RAISED),STOP SIGN/FLASHER,UNABLE TO DETERMINE,DRIVING SKILLS/KNOWLEDGE/EXPERIENCE,0,0,2,2,17,2,4,1893,HALSTED ST,41.950654,-87.573127,04/05/2021 06:38:00 PM,2021
CR00018398,06/02/2023 10:16:00 AM,35,CLEAR,DARKNESS - LIGHTED ROAD,ANGLE,DIVIDED - W/MEDIAN (NOT RAISED),NO CONTROLS,IMPROPER OVERTAKING/PASSING,FAILING TO REDUCE SPEED,0,0,0,0,10,6,6,1451,IRVING PARK RD,41.70243,-87.66255,06/02/2023 11:56:00 AM,2023
CR00018399,12/20/2015 03:11:00 PM,45,CLEAR,DAYLIGHT,REAR END,NOT DIVIDED,NO CONTROLS,FAILING TO YIELD RIGHT-OF-WAY,DISTRACTION - FROM INSIDE VEHICLE,0,0,0,0,15,1,12,1978,CLARK ST,41.703751,-87.798764,12/20/2015 04:24:00 PM,2015
CR00018400,09/05/2019 07:37:00 AM,30,CLEAR,DAYLIGHT,TURNING,DIVIDED - W/MEDIAN (NOT RAISED),UNKNOWN,IMPROPER OVERTAKING/PASSING,UNABLE TO DETERMINE,0,0,0,0,7,5,9,2297,CALIFORNIA AVE,41.711252,-87.78646,09/05/2019 08:40:00 AM,2019
CR00018401,06/18/2018 12:27:00 AM,25,CLEAR,DARKNESS - LIGHTED ROAD,ANGLE,ONE-WAY,STOP SIGN/FLASHER,DRIVING SKILLS/KNOWLEDGE/EXPERIENCE,DISREGARDING TRAFFIC SIGNALS,0,0,0,0,0,2,6,1120,DAMEN AVE,41.819471,-87.805161,06/18/2018 12:48:00 AM,2018
CR00018402,09/15/2019 01:00:00 PM,35,CLEAR,DAYLIGHT,REAR END,ONE-WAY,UNKNOWN,UNABLE TO DETERMINE,NOT APPLICABLE,0,0,0,0,13,1,9,336,HALSTED ST,41.98538,-87.805589,09/15/2019 02:04:00 PM,2019
CR00018403,04/15/2020 04:05:00 PM,40,RAIN,DAWN,TURNING,NOT DIVIDED,NO CONTROLS,IMPROPER LANE USAGE,IMPROPER LANE USAGE,0,0,0,0,16,4,4,423,ELSTON AVE,41.93123,-87.620221,04/15/2020 04:47:00 PM,2020
CR00018404,07/25/2023 08:37:00 AM,45,CLEAR,DAYLIGHT,SIDESWIPE SAME DIRECTION,NOT DIVIDED,TRAFFIC SIGNAL,DISREGARDING TRAFFIC SIGNALS,NOT APPLICABLE,0,0,0,0,8,3,7,1494,DIVISION ST,41.899133,-87.746041,07/25/2023 09:13:00 AM,2023
CR00018405,03/02/2024 07:51:00 AM,35,SNOW,DARKNESS - LIGHTED ROAD,SIDESWIPE SAME DIRECTION,DIVIDED - W/MEDIAN (NOT RAISED),TRAFFIC SIGNAL,IMPROPER OVERTAKING/PASSING,FAILING TO YIELD RIGHT-OF-WAY,0,0,1,1,7,7,3,1737,BROADWAY,41.978568,-87.553285,03/02/2024 09:33:00 AM,2024
CR00018406,05/09/2018 10:36:00 AM,45,FOG/SMOKE/HAZE,DAYLIGHT,REAR END,NOT DIVIDED,TRAFFIC SIGNAL,UNABLE TO DETERMINE,IMPROPER LANE USAGE,0,0,0,0,10,4,5,685,ROOSEVELT RD,41.841663,-87.814883,05/09/2018 11:22:00 AM,2018
CR00018407,05/08/2016 07:52:00 PM,35,CLEAR,DAWN,TURNING,DIVIDED - W/MEDIAN (NOT RAISED),NO CONTROLS,FOLLOWING TOO CLOSELY,FOLLOWING TOO CLOSELY,0,0,2,2,19,1,5,624,OGDEN AVE,41.992196,-87.548803,05/08/2016 09:21:00 PM,2016
CR00018408,09/18/2024 04:52:00 AM,15,CLEAR,DAYLIGHT,TURNING,NOT DIVIDED,NO CONTROLS,DISTRACTION - FROM INSIDE VEHICLE,UNABLE TO DETERMINE,0,0,0,0,4,4,9,881,ARCHER AVE,41.984236,-87.795611,09/18/2024 06:25:00 AM,2024
CR00018409,11/30/2020 07:48:00 AM,15,SNOW,DARKNESS - LIGHTED ROAD,REAR END,NOT DIVIDED,TRAFFIC SIGNAL,UNABLE TO DETERMINE,NOT APPLICABLE,0,0,0,0,7,2,11,1458,63RD ST,41.98252,-87.521807,11/30/2020 09:00:00 AM,2020
CR00018410,11/28/2017 05:04:00 AM,25,CLEAR,DAYLIGHT,TURNING,FOUR WAY,NO CONTROLS,FAILING TO YIELD RIGHT-OF-WAY,IMPROPER LANE USAGE,0,0,0,0,5,3,11,1824,MILWAUKEE AVE,41.957867,-87.772216,11/28/2017 07:00:00 AM,2017
CR00018411,11/16/2016 02:47:00 PM,40,CLEAR,DAYLIGHT,PARKED MOTOR VEHICLE,NOT DIVIDED,NO CONTROLS,UNABLE TO DETERMINE,DISREGARDING TRAFFIC SIGNALS,0,0,0,0,14,4,11,1203,CLARK ST,41.737406,-87.772372,11/16/2016 04:24:00 PM,2016
CR00018412,10/23/2015 07:20:00 AM,30,CLOUDY/OVERCAST,DARKNESS,PARKED MOTOR VEHICLE,T-INTERSECTION,STOP SIGN/FLASHER,UNABLE TO DETERMINE,IMPROPER LANE USAGE,0,0,0,0,7,6,10,146,ROOSEVELT RD,41.915978,-87.556456,10/23/2015 08:55:00 AM,2015
CR00018413,02/28/2023 07:55:00 AM,25,CLEAR,DARKNESS,REAR END,NOT DIVIDED,NO CONTROLS,FOLLOWING TOO CLOSELY,FAILING TO YIELD RIGHT-OF-WAY,0,0,0,0,7,3,2,410,CLARK ST,41.712587,-87.53066,02/28/2023 08:07:00 AM,2023
CR00018414,01/22/2020 06:24:00 PM,45,CLEAR,DAYLIGHT,REAR TO FRONT,DIVIDED - W/MEDIAN (NOT RAISED),NO CONTROLS,FAILING TO REDUCE SPEED,NOT APPLICABLE,0,0,0,0,18,4,1,1019,MILWAUKEE AVE,41.936999,-87.523992,01/22/2020 08:13:00 PM,2020
CR00018415,03/06/2021 06:05:00 AM,40,CLEAR,DAYLIGHT,SIDESWIPE SAME DIRECTION,DIVIDED - W/MEDIAN (NOT RAISED),NO CONTROLS,IMPROPER OVERTAKING/PASSING,UNABLE TO DETERMINE,0,0,0,0,6,7,3,127,ASHLAND AVE,41.902503,-87.832724,03/06/2021 06:43:00 AM,2021
CR00018416,01/02/2022 01:13:00 PM,20,CLEAR,DAYLIGHT,FIXED OBJECT,T-INTERSECTION,TRAFFIC SIGNAL,WEATHER,FAILING TO YIELD RIGHT-OF-WAY,0,0,0,0,13,1,1,353,ARCHER AVE,41.970687,-87.663282,01/02/2022 02:42:00 PM,2022
CR00018417,09/26/2016 11:42:00 AM,25,RAIN,DAYLIGHT,ANGLE,NOT DIVIDED,YIELD,IMPROPER LANE USAGE,DRIVING SKILLS/KNOWLEDGE/EXPERIENCE,0,0,1,1,11,2,9,1626,DAMEN AVE,41.822658,-87.844977,09/26/2016 12:41:00 PM,2016
CR00018418,02/25/2016 01:09:00 PM,35,CLEAR,DAYLIGHT,SIDESWIPE SAME DIRECTION,NOT DIVIDED,NO CONTROLS,DISREGARDING TRAFFIC SIGNALS,UNABLE TO DETERMINE,0,0,0,0,13,5,2,1329,ELSTON AVE,41.788815,-87.725693,02/25/2016 02:30:00 PM,2016
CR00018419,02/22/2023 08:47:00 PM,20,FREEZING RAIN/DRIZZLE,DAYLIGHT,SIDESWIPE SAME DIRECTION,ONE-WAY,NO CONTROLS,UNABLE TO DETERMINE,FAILING TO YIELD RIGHT-OF-WAY,0,0,0,0,20,4,2,2269,OGDEN AVE,41.722112,-87.817412,02/22/2023 10:09:00 PM,2023
CR00018420,11/29/2017 09:41:00 PM,45,CLEAR,DAWN,REAR END,NOT DIVIDED,NO CONTROLS,FOLLOWING TOO CLOSELY,DISTRACTION - FROM INSIDE VEHICLE,0,0,0,0,21,4,11,1370,ELSTON AVE,41.822952,-87.521781,11/29/2017 11:29:00 PM,2017
CR00018421,06/28/2019 01:55:00 AM,45,CLEAR,DAYLIGHT,ANGLE,DIVIDED - W/MEDIAN (NOT RAISED),TRAFFIC SIGNAL,UNABLE TO DETERMINE,UNABLE TO DETERMINE,0,0,0,0,1,6,6,1689,IRVING PARK RD,41.804472,-87.741522,06/28/2019 02:34:00 AM,2019
CR00018422,03/03/2017 06:20:00 PM,20,CLEAR,DAYLIGHT,ANGLE,FOUR WAY,NO CONTROLS,UNABLE TO DETERMINE,FOLLOWING TOO CLOSELY,0,1,1,2,18,6,3,113,MILWAUKEE AVE,41.762744,-87.822201,03/03/2017 07:58:00 PM,2017
CR00018423,04/19/2020 08:07:00 AM,15,CLEAR,DAYLIGHT,REAR END,DIVIDED - W/MEDIAN (NOT RAISED),NO CONTROLS,UNABLE TO DETERMINE,FAILING TO YIELD RIGHT-OF-WAY,0,0,0,0,8,1,4,2128,ROOSEVELT RD,41.939925,-87.699509,04/19/2020 09:37:00 AM,2020
CR00018424,11/13/2015 06:43:00 AM,30,CLEAR,DAYLIGHT,PARKED MOTOR VEHICLE,DIVIDED - W/MEDIAN BARRIER,TRAFFIC SIGNAL,UNABLE TO DETERMINE,UNABLE TO DETERMINE,0,0,0,0,6,6,11,177,ELSTON AVE,41.888525,-87.527877,11/13/2015 08:40:00 AM,2015
CR00018425,12/14/2017 09:02:00 AM,25,CLEAR,DAYLIGHT,ANGLE,NOT DIVIDED,STOP SIGN/FLASHER,IMPROPER LANE USAGE,UNABLE TO DETERMINE,0,0,0,0,9,5,12,2485,BROADWAY,41.875135,-87.623724,12/14/2017 10:12:00 AM,2017
CR00018426,10/27/2022 11:38:00 AM,40,RAIN,DAYLIGHT,PARKED MOTOR VEHICLE,ONE-WAY,NO CONTROLS,DISTRACTION - FROM INSIDE VEHICLE,DISTRACTION - FROM INSIDE VEHICLE,0,0,0,0,11,5,10,934,MICHIGAN AVE,41.984741,-87.638375,10/27/2022 01:36:00 PM,2022
CR00018427,05/31/2018 11:07:00 AM,35,CLEAR,DAYLIGHT,PARKED MOTOR VEHICLE,ONE-WAY,TRAFFIC SIGNAL,FAILING TO YIELD RIGHT-OF-WAY,IMPROPER OVERTAKING/PASSING,0,0,0,0,11,5,5,1092,MICHIGAN AVE,41.829738,-87.770311,05/31/2018 11:50:00 AM,2018
CR00018428,11/07/2021 08:36:00 AM,30,CLEAR,DARKNESS - LIGHTED ROAD,PARKED MOTOR VEHICLE,NOT DIVIDED,TRAFFIC SIGNAL,FAILING TO REDUCE SPEED,DISREGARDING TRAFFIC SIGNALS,0,0,0,0,8,1,11,797,ROOSEVELT RD,41.759958,-87.693448,11/07/2021 09:48:00 AM,2021
CR00018429,08/27/2021 04:42:00 AM,25,CLEAR,DAYLIGHT,SIDESWIPE SAME DIRECTION,NOT DIVIDED,UNKNOWN,FAILING TO YIELD RIGHT-OF-WAY,UNABLE TO DETERMINE,0,0,0,0,4,6,8,195,ASHLAND AVE,41.82769,-87.72408,08/27/2021 06:18:00 AM,2021
CR00018430,08/11/2021 08:04:00 AM,20,CLEAR,DAYLIGHT,TURNING,DIVIDED - W/MEDIAN (NOT RAISED),YIELD,UNABLE TO DETERMINE,FAILING TO REDUCE SPEED,0,0,0,0,8,4,8,176,MICHIGAN AVE,41.793312,-87.836144,08/11/2021 09:14:00 AM,2021
CR00018431,03/16/2017 08:47:00 AM,30,CLEAR,DAYLIGHT,TURNING,FOUR WAY,NO CONTROLS,FAILING TO REDUCE SPEED,WEATHER,0,0,1,1,8,5,3,1298,DIVISION ST,41.886801,-87.683122,03/16/2017 09:28:00 AM,2017
CR00018432,06/07/2024 05:09:00 PM,20,CLEAR,DAYLIGHT,ANGLE,NOT DIVIDED,STOP SIGN/FLASHER,DISREGARDING TRAFFIC SIGNALS,UNABLE TO DETERMINE,0,0,0,0,17,6,6,1812,LAKE SHORE DR,41.769561,-87.604154,06/07/2024 05:54:00 PM,2024
CR00018433,12/30/2019 01:40:00 PM,25,CLOUDY/OVERCAST,DAYLIGHT,SIDESWIPE SAME DIRECTION,DIVIDED - W/MEDIAN (NOT RAISED),NO CONTROLS,IMPROPER OVERTAKING/PASSING,IMPROPER LANE USAGE,0,0,0,0,13,2,12,2191,ELSTON AVE,41.919092,-87.720141,12/30/2019 03:35:00 PM,2019
CR00018434,05/06/2016 05:41:00 PM,45,CLEAR,DAYLIGHT,TURNING,NOT DIVIDED,TRAFFIC SIGNAL,FAILING TO REDUCE SPEED,IMPROPER LANE USAGE,0,2,1,3,17,6,5,2111,CLARK ST,41.995575,-87.607001,05/06/2016 06:21:00 PM,2016
CR00018435,01/14/2020 04:08:00 PM,25,FOG/SMOKE/HAZE,DAYLIGHT,REAR TO FRONT,NOT DIVIDED,NO CONTROLS,DRIVING SKILLS/KNOWLEDGE/EXPERIENCE,FOLLOWING TOO CLOSELY,0,2,0,2,16,3,1,1306,KEDZIE AVE,41.705146,-87.639621,01/14/2020 04:13:00 PM,2020
CR00018436,05/10/2018 07:25:00 PM,40,CLEAR,DAYLIGHT,PARKED MOTOR VEHICLE,NOT DIVIDED,NO CONTROLS,DRIVING SKILLS/KNOWLEDGE/EXPERIENCE,DRIVING SKILLS/KNOWLEDGE/EXPERIENCE,0,0,0,0,19,5,5,289,STATE ST,41.959156,-87.593783,05/10/2018 07:41:00 PM,2018
CR00018437,06/16/2018 09:57:00 AM,25,CLEAR,DARKNESS - LIGHTED ROAD,TURNING,FOUR WAY,NO CONTROLS,UNABLE TO DETERMINE,UNABLE TO DETERMINE,0,0,0,0,9,7,6,148,STONY ISLAND AVE,41.91877,-87.72461,06/16/2018 10:38:00 AM,2018