CRASH_RECORD_ID,CRASH_DATE,POSTED_SPEED_LIMIT,WEATHER_CONDITION,LIGHTING_CONDITION,FIRST_CRASH_TYPE,TRAFFICWAY_TYPE,TRAFFIC_CONTROL_DEVICE,PRIM_CONTRIBUTORY_CAUSE,SEC_CONTRIBUTORY_CAUSE,INJURIES_FATAL,INJURIES_INCAPACITATING,INJURIES_NON_INCAPACITATING,INJURIES_TOTAL,CRASH_HOUR,CRASH_DAY_OF_WEEK,CRASH_MONTH,BEAT_OF_OCCURRENCE,STREET_NAME,LATITUDE,LONGITUDE,DATE_POLICE_NOTIFIED,year
CR00018438,04/08/2018 04:05:00 PM,30,FREEZING RAIN/DRIZZLE,DARKNESS - LIGHTED ROAD,REAR END,NOT DIVIDED,NO CONTROLS,UNABLE TO DETERMINE,IMPROPER OVERTAKING/PASSING,0,0,0,0,16,1,4,679,ARCHER AVE,41.845847,-87.726319,04/08/2018 05:07:00 PM,2018
CR00018439,09/26/2020 12:31:00 PM,30,CLEAR,DARKNESS - LIGHTED ROAD,TURNING,ONE-WAY,TRAFFIC SIGNAL,IMPROPER LANE USAGE,DISTRACTION - FROM INSIDE VEHICLE,0,0,0,0,12,7,9,996,ARCHER AVE,41.955959,-87.780218,09/26/2020 02:20:00 PM,2020
CR00018440,01/07/2018 04:16:00 PM,35,CLEAR,DUSK,REAR END,NOT DIVIDED,YIELD,IMPROPER LANE USAGE,FOLLOWING TOO CLOSELY,0,0,0,0,16,1,1,1038,DAMEN AVE,41.725505,-87.612196,01/07/2018 04:50:00 PM,2018
CR00018441,12/07/2016 01:10:00 PM,35,CLEAR,DAYLIGHT,TURNING,NOT DIVIDED,NO CONTROLS,UNABLE TO DETERMINE,DISTRACTION - FROM INSIDE VEHICLE,0,0,0,0,13,4,12,2249,ARCHER AVE,41.972143,-87.600796,12/07/2016 02:06:00 PM,2016
CR00018442,10/16/2021 08:21:00 PM,40,CLOUDY/OVERCAST,DARKNESS - LIGHTED ROAD,TURNING,ONE-WAY,NO CONTROLS,FAILING TO REDUCE SPEED,UNABLE TO DETERMINE,0,0,0,0,20,7,10,757,WESTERN AVE,41.907264,-87.671338,10/16/2021 09:10:00 PM,2021
CR00018443,08/28/2018 10:11:00 AM,30,CLEAR,DARKNESS - LIGHTED ROAD,PARKED MOTOR VEHICLE,DIVIDED - W/MEDIAN BARRIER,TRAFFIC SIGNAL,UNABLE TO DETERMINE,DISREGARDING TRAFFIC SIGNALS,0,0,0,0,10,3,8,197,ARCHER AVE,41.802096,-87.762971,08/28/2018 11:36:00 AM,2018
CR00018444,02/24/2016 05:58:00 PM,35,CLEAR,DAYLIGHT,REAR END,DIVIDED - W/MEDIAN (NOT RAISED),NO CONTROLS,FAILING TO YIELD RIGHT-OF-WAY,FOLLOWING TOO CLOSELY,0,0,0,0,17,4,2,892,OGDEN AVE,41.794554,-87.749845,02/24/2016 06:43:00 PM,2016
CR00018445,04/27/2019 11:49:00 PM,15,CLEAR,DARKNESS,ANGLE,FOUR WAY,YIELD,FAILING TO YIELD RIGHT-OF-WAY,NOT APPLICABLE,0,0,2,2,23,7,4,162,STONY ISLAND AVE,41.827922,-87.629251,04/28/2019 12:26:00 AM,2019
CR00018446,05/04/2015 06:21:00 PM,40,FREEZING RAIN/DRIZZLE,DAYLIGHT,TURNING,FOUR WAY,STOP SIGN/FLASHER,UNABLE TO DETERMINE,UNABLE TO DETERMINE,0,0,0,0,18,2,5,784,LAKE SHORE DR,41.767951,-87.701671,05/04/2015 08:16:00 PM,2015
CR00018447,08/05/2019 12:23:00 PM,30,CLEAR,DAYLIGHT,ANGLE,DIVIDED - W/MEDIAN BARRIER,NO CONTROLS,DISTRACTION - FROM INSIDE VEHICLE,FAILING TO REDUCE SPEED,0,0,0,0,12,2,8,1781,BROADWAY,41.759101,-87.807988,08/05/2019 01:42:00 PM,2019
CR00018448,08/19/2023 06:49:00 AM,45,CLOUDY/OVERCAST,DAYLIGHT,REAR TO FRONT,NOT DIVIDED,UNKNOWN,IMPROPER OVERTAKING/PASSING,UNABLE TO DETERMINE,0,0,0,0,6,7,8,818,ROOSEVELT RD,41.948146,-87.742385,08/19/2023 08:25:00 AM,2023
CR00018449,06/25/2024 09:07:00 AM,30,CLEAR,DARKNESS,PEDESTRIAN,DIVIDED - W/MEDIAN (NOT RAISED),NO CONTROLS,UNABLE TO DETERMINE,IMPROPER OVERTAKING/PASSING,0,0,0,0,9,3,6,1472,63RD ST,41.925261,-87.615606,06/25/2024 10:25:00 AM,2024
CR00018450,02/27/2019 05:55:00 PM,30,RAIN,DAYLIGHT,SIDESWIPE SAME DIRECTION,DIVIDED - W/MEDIAN (NOT RAISED),NO CONTROLS,UNABLE TO DETERMINE,FAILING TO YIELD RIGHT-OF-WAY,0,0,0,0,17,4,2,405,PULASKI RD,41.793036,-87.656156,02/27/2019 06:56:00 PM,2019
CR00018451,06/13/2022 03:20:00 PM,35,CLEAR,DAYLIGHT,FIXED OBJECT,DIVIDED - W/MEDIAN (NOT RAISED),TRAFFIC SIGNAL,IMPROPER LANE USAGE,UNABLE TO DETERMINE,0,0,0,0,15,2,6,1487,ELSTON AVE,41.838244,-87.826304,06/13/2022 04:23:00 PM,2022
CR00018452,10/25/2022 03:56:00 PM,30,CLEAR,DAYLIGHT,ANGLE,NOT DIVIDED,NO CONTROLS,DISREGARDING TRAFFIC SIGNALS,UNABLE TO DETERMINE,0,0,0,0,15,3,10,1149,WESTERN AVE,41.770873,-87.705487,10/25/2022 04:23:00 PM,2022
CR00018453,03/31/2018 05:31:00 PM,45,CLEAR,DARKNESS - LIGHTED ROAD,PARKED MOTOR VEHICLE,DIVIDED - W/MEDIAN BARRIER,NO CONTROLS,DISTRACTION - FROM INSIDE VEHICLE,NOT APPLICABLE,0,0,0,0,17,7,3,1220,CLARK ST,41.913601,-87.559178,03/31/2018 06:46:00 PM,2018
CR00018454,05/09/2021 12:16:00 PM,30,CLOUDY/OVERCAST,DAYLIGHT,REAR TO FRONT,NOT DIVIDED,NO CONTROLS,UNABLE TO DETERMINE,IMPROPER OVERTAKING/PASSING,0,0,0,0,12,1,5,1424,CICERO AVE,41.796127,-87.80407,05/09/2021 01:13:00 PM,2021
CR00018455,09/09/2021 04:24:00 PM,15,CLEAR,DAYLIGHT,TURNING,NOT DIVIDED,TRAFFIC SIGNAL,DISTRACTION - FROM INSIDE VEHICLE,DRIVING SKILLS/KNOWLEDGE/EXPERIENCE,0,0,0,0,16,5,9,1942,MICHIGAN AVE,41.806207,-87.765491,09/09/2021 05:39:00 PM,2021
CR00018456,12/16/2020 08:44:00 PM,40,CLEAR,DARKNESS - LIGHTED ROAD,TURNING,ONE-WAY,NO CONTROLS,DISREGARDING TRAFFIC SIGNALS,FOLLOWING TOO CLOSELY,0,0,0,0,20,4,12,2307,CLARK ST,41.952483,-87.836478,12/16/2020 09:39:00 PM,2020
CR00018457,02/08/2016 02:16:00 AM,35,CLOUDY/OVERCAST,DAYLIGHT,REAR END,FOUR WAY,STOP SIGN/FLASHER,WEATHER,UNABLE TO DETERMINE,0,0,0,0,2,2,2,1033,CLARK ST,41.809927,-87.6573,02/08/2016 02:59:00 AM,2016
CR00018458,06/20/2019 12:08:00 PM,15,CLEAR,DAYLIGHT,REAR TO FRONT,FOUR WAY,TRAFFIC SIGNAL,FOLLOWING TOO CLOSELY,NOT APPLICABLE,0,0,0,0,12,5,6,1663,BROADWAY,41.995884,-87.829163,06/20/2019 12:47:00 PM,2019
CR00018459,02/28/2021 04:46:00 PM,40,RAIN,DAYLIGHT,SIDESWIPE SAME DIRECTION,DIVIDED - W/MEDIAN (NOT RAISED),UNKNOWN,DISTRACTION - FROM INSIDE VEHICLE,UNABLE TO DETERMINE,0,0,1,1,16,1,2,1125,CLARK ST,41.787928,-87.530975,02/28/2021 05:46:00 PM,2021
CR00018460,02/07/2019 06:54:00 PM,30,CLEAR,DARKNESS - LIGHTED ROAD,PARKED MOTOR VEHICLE,DIVIDED - W/MEDIAN (NOT RAISED),TRAFFIC SIGNAL,IMPROPER LANE USAGE,IMPROPER OVERTAKING/PASSING,0,0,0,0,18,5,2,273,ASHLAND AVE,41.721821,-87.723709,02/07/2019 07:48:00 PM,2019
CR00018461,08/06/2015 04:36:00 PM,15,CLOUDY/OVERCAST,DAYLIGHT,REAR END,ONE-WAY,NO CONTROLS,FOLLOWING TOO CLOSELY,FAILING TO YIELD RIGHT-OF-WAY,0,0,0,0,16,5,8,541,STATE ST,41.789376,-87.701719,08/06/2015 06:18:00 PM,2015
CR00018462,03/16/2017 08:56:00 PM,30,CLEAR,DAYLIGHT,REAR END,FOUR WAY,STOP SIGN/FLASHER,DISREGARDING TRAFFIC SIGNALS,DISREGARDING TRAFFIC SIGNALS,0,0,0,0,20,5,3,2020,PULASKI RD,41.91366,-87.741658,03/16/2017 10:45:00 PM,2017
CR00018463,04/04/2021 05:23:00 PM,25,CLEAR,DAYLIGHT,TURNING,ONE-WAY,TRAFFIC SIGNAL,UNABLE TO DETERMINE,FOLLOWING TOO CLOSELY,0,0,1,1,17,1,4,1832,47TH ST,41.778284,-87.640874,04/04/2021 05:50:00 PM,2021
CR00018464,03/01/2023 10:16:00 PM,15,CLEAR,DAYLIGHT,PARKED MOTOR VEHICLE,ONE-WAY,NO CONTROLS,IMPROPER LANE USAGE,FOLLOWING TOO CLOSELY,0,0,0,0,22,4,3,1782,63RD ST,41.761108,-87.540481,03/01/2023 11:35:00 PM,2023
CR00018465,01/07/2016 07:04:00 AM,40,CLEAR,DAYLIGHT,REAR END,FOUR WAY,TRAFFIC SIGNAL,UNABLE TO DETERMINE,FAILING TO YIELD RIGHT-OF-WAY,0,0,0,0,7,5,1,1105,WESTERN AVE,41.70305,-87.684795,01/07/2016 07:56:00 AM,2016
CR00018466,03/19/2015 01:30:00 PM,40,CLEAR,DAYLIGHT,ANGLE,ONE-WAY,STOP SIGN/FLASHER,IMPROPER OVERTAKING/PASSING,FAILING TO YIELD RIGHT-OF-WAY,0,0,1,1,13,5,3,2086,ROOSEVELT RD,41.710713,-87.740111,03/19/2015 02:21:00 PM,2015
CR00018467,10/25/2024 04:10:00 PM,15,RAIN,DAYLIGHT,ANGLE,NOT DIVIDED,PEDESTRIAN CROSSING SIGN,UNABLE TO DETERMINE,UNABLE TO DETERMINE,0,0,0,0,16,6,10,1132,KEDZIE AVE,41.921224,-87.787338,10/25/2024 04:33:00 PM,2024
CR00018468,07/25/2016 06:25:00 PM,40,CLEAR,DAYLIGHT,REAR END,DIVIDED - W/MEDIAN (NOT RAISED),NO CONTROLS,FOLLOWING TOO CLOSELY,NOT APPLICABLE,0,0,0,0,18,2,7,1873,FULLERTON AVE,41.909484,-87.653712,07/25/2016 08:01:00 PM,2016
CR00018469,10/30/2016 12:37:00 PM,20,CLEAR,DAYLIGHT,TURNING,NOT DIVIDED,STOP SIGN/FLASHER,UNABLE TO DETERMINE,FAILING TO YIELD RIGHT-OF-WAY,0,0,0,0,12,1,10,1699,DIVISION ST,41.827551,-87.510587,10/30/2016 12:53:00 PM,2016
CR00018470,12/10/2023 01:06:00 AM,20,CLEAR,DAYLIGHT,REAR END,DIVIDED - W/MEDIAN BARRIER,TRAFFIC SIGNAL,DISTRACTION - FROM INSIDE VEHICLE,NOT APPLICABLE,0,0,0,0,1,1,12,692,ROOSEVELT RD,41.769514,-87.733965,12/10/2023 02:17:00 AM,2023
CR00018471,10/27/2019 01:21:00 PM,30,CLOUDY/OVERCAST,DAYLIGHT,FIXED OBJECT,NOT DIVIDED,STOP SIGN/FLASHER,FOLLOWING TOO CLOSELY,FOLLOWING TOO CLOSELY,0,2,3,5,13,1,10,2152,LAKE SHORE DR,41.904019,-87.620964,10/27/2019 03:01:00 PM,2019
CR00018472,02/17/2024 05:27:00 PM,15,CLEAR,DAYLIGHT,REAR END,DIVIDED - W/MEDIAN BARRIER,NO CONTROLS,DISTRACTION - FROM INSIDE VEHICLE,IMPROPER LANE USAGE,0,0,0,0,17,7,2,685,MILWAUKEE AVE,41.851884,-87.549417,02/17/2024 05:44:00 PM,2024
CR00018473,03/29/2024 05:06:00 PM,30,CLEAR,DAYLIGHT,SIDESWIPE SAME DIRECTION,DIVIDED - W/MEDIAN BARRIER,NO CONTROLS,IMPROPER OVERTAKING/PASSING,FAILING TO YIELD RIGHT-OF-WAY,0,0,0,0,17,6,3,1668,KEDZIE AVE,41.925306,-87.57591,03/29/2024 05:45:00 PM,2024
CR00018474,11/22/2021 07:30:00 AM,30,CLEAR,DAYLIGHT,TURNING,DIVIDED - W/MEDIAN (NOT RAISED),TRAFFIC SIGNAL,FOLLOWING TOO CLOSELY,FAILING TO YIELD RIGHT-OF-WAY,0,0,1,1,7,2,11,520,DIVISION ST,41.754139,-87.791591,11/22/2021 09:17:00 AM,2021
CR00018475,02/13/2022 04:07:00 AM,20,RAIN,DAYLIGHT,REAR END,NOT DIVIDED,NO CONTROLS,DRIVING SKILLS/KNOWLEDGE/EXPERIENCE,FAILING TO YIELD RIGHT-OF-WAY,0,0,0,0,4,1,2,1069,WESTERN AVE,41.962772,-87.577608,02/13/2022 05:13:00 AM,2022
CR00018476,07/26/2018 04:39:00 PM,25,RAIN,DAYLIGHT,FIXED OBJECT,NOT DIVIDED,STOP SIGN/FLASHER,UNABLE TO DETERMINE,DISREGARDING TRAFFIC SIGNALS,0,0,0,0,16,5,7,1644,CLARK ST,41.807662,-87.72008,07/26/2018 05:14:00 PM,2018
CR00018477,01/06/2019 05:23:00 AM,20,CLEAR,DARKNESS - LIGHTED ROAD,FIXED OBJECT,DIVIDED - W/MEDIAN (NOT RAISED),STOP SIGN/FLASHER,UNABLE TO DETERMINE,DISTRACTION - FROM INSIDE VEHICLE,0,0,0,0,5,1,1,2414,ROOSEVELT RD,41.815814,-87.543424,01/06/2019 06:14:00 AM,2019
CR00018478,07/24/2019 04:19:00 PM,25,CLEAR,DAYLIGHT,TURNING,DIVIDED - W/MEDIAN (NOT RAISED),TRAFFIC SIGNAL,WEATHER,NOT APPLICABLE,0,0,0,0,16,4,7,1668,LAKE SHORE DR,41.841015,-87.610278,07/24/2019 05:11:00 PM,2019
CR00018479,03/29/2024 05:53:00 PM,30,CLEAR,DARKNESS - LIGHTED ROAD,PARKED MOTOR VEHICLE,DIVIDED - W/MEDIAN BARRIER,PEDESTRIAN CROSSING SIGN,DISTRACTION - FROM INSIDE VEHICLE,FAILING TO REDUCE SPEED,0,0,1,1,17,6,3,343,KEDZIE AVE,41.979424,-87.724792,03/29/2024 07:41:00 PM,2024
CR00018480,06/04/2018 09:36:00 PM,30,CLEAR,DARKNESS,TURNING,NOT DIVIDED,STOP SIGN/FLASHER,FAILING TO YIELD RIGHT-OF-WAY,DRIVING SKILLS/KNOWLEDGE/EXPERIENCE,0,0,0,0,21,2,6,1452,DIVISION ST,41.721003,-87.607716,06/04/2018 09:41:00 PM,2018
CR00018481,05/14/2015 06:08:00 PM,35,CLEAR,DAYLIGHT,SIDESWIPE SAME DIRECTION,DIVIDED - W/MEDIAN (NOT RAISED),STOP SIGN/FLASHER,UNABLE TO DETERMINE,UNABLE TO DETERMINE,0,0,3,3,18,5,5,1251,OGDEN AVE,41.837619,-87.696635,05/14/2015 06:48:00 PM,2015
CR00018482,11/16/2015 08:43:00 PM,40,CLEAR,DAYLIGHT,TURNING,FOUR WAY,TRAFFIC SIGNAL,FAILING TO REDUCE SPEED,FAILING TO REDUCE SPEED,0,0,0,0,20,2,11,1047,MICHIGAN AVE,41.819299,-87.54636,11/16/2015 10:32:00 PM,2015
CR00018483,09/21/2021 04:54:00 PM,35,CLEAR,DAYLIGHT,TURNING,FOUR WAY,NO CONTROLS,UNABLE TO DETERMINE,DISTRACTION - FROM INSIDE VEHICLE,0,0,0,0,16,3,9,1889,WESTERN AVE,41.84958,-87.709295,09/21/2021 05:40:00 PM,2021
CR00018484,12/12/2021 07:33:00 PM,30,CLEAR,DAYLIGHT,REAR END,ONE-WAY,NO CONTROLS,FAILING TO YIELD RIGHT-OF-WAY,FAILING TO REDUCE SPEED,0,0,2,2,19,1,12,1301,CALIFORNIA AVE,41.901217,-87.551906,12/12/2021 08:23:00 PM,2021
CR00018485,03/25/2019 08:40:00 AM,40,CLEAR,DAYLIGHT,TURNING,ONE-WAY,TRAFFIC SIGNAL,IMPROPER OVERTAKING/PASSING,UNABLE TO DETERMINE,0,0,0,0,8,2,3,416,63RD ST,41.859788,-87.699748,03/25/2019 09:00:00 AM,2019
CR00018486,01/31/2019 07:27:00 PM,30,SNOW,DARKNESS - LIGHTED ROAD,REAR TO FRONT,DIVIDED - W/MEDIAN (NOT RAISED),STOP SIGN/FLASHER,UNABLE TO DETERMINE,FOLLOWING TOO CLOSELY,0,0,0,0,19,5,1,1203,DIVISION ST,41.827195,-87.730764,01/31/2019 07:53:00 PM,2019
CR00018487,09/18/2020 07:29:00 PM,35,CLEAR,DAYLIGHT,SIDESWIPE SAME DIRECTION,NOT DIVIDED,STOP SIGN/FLASHER,DRIVING SKILLS/KNOWLEDGE/EXPERIENCE,UNABLE TO DETERMINE,0,0,0,0,19,6,9,863,47TH ST,41.987169,-87.565784,09/18/2020 07:56:00 PM,2020
CR00018488,10/19/2020 08:34:00 PM,15,CLEAR,DARKNESS - LIGHTED ROAD,TURNING,NOT DIVIDED,UNKNOWN,IMPROPER OVERTAKING/PASSING,FOLLOWING TOO CLOSELY,0,0,1,1,20,2,10,862,KEDZIE AVE,41.869276,-87.782309,10/19/2020 10:08:00 PM,2020
CR00018489,05/21/2015 04:22:00 PM,30,CLEAR,DAYLIGHT,REAR END,ONE-WAY,NO CONTROLS,FAILING TO REDUCE SPEED,FAILING TO YIELD RIGHT-OF-WAY,0,0,0,0,16,5,5,392,DIVISION ST,41.700026,-87.810023,05/21/2015 05:35:00 PM,2015
CR00018490,03/29/2019 08:28:00 AM,15,CLOUDY/OVERCAST,DUSK,PARKED MOTOR VEHICLE,ONE-WAY,TRAFFIC SIGNAL,UNABLE TO DETERMINE,UNABLE TO DETERMINE,0,0,0,0,8,6,3,1716,KEDZIE AVE,41.758078,-87.737409,03/29/2019 09:05:00 AM,2019
CR00018491,12/30/2022 02:25:00 AM,25,SNOW,DARKNESS - LIGHTED ROAD,SIDESWIPE SAME DIRECTION,T-INTERSECTION,UNKNOWN,UNABLE TO DETERMINE,NOT APPLICABLE,0,0,0,0,2,6,12,639,CICERO AVE,41.918288,-87.616122,12/30/2022 03:26:00 AM,2022
CR00018492,05/10/2016 08:36:00 PM,35,CLOUDY/OVERCAST,DARKNESS - LIGHTED ROAD,PARKED MOTOR VEHICLE,DIVIDED - W/MEDIAN (NOT RAISED),TRAFFIC SIGNAL,DISREGARDING TRAFFIC SIGNALS,FOLLOWING TOO CLOSELY,0,0,0,0,20,3,5,1033,CALIFORNIA AVE,41.764331,-87.582489,05/10/2016 08:44:00 PM,2016
CR00018493,11/25/2015 04:20:00 PM,25,CLEAR,DAYLIGHT,REAR TO FRONT,NOT DIVIDED,TRAFFIC SIGNAL,FOLLOWING TOO CLOSELY,FAILING TO YIELD RIGHT-OF-WAY,0,0,0,0,16,4,11,1247,IRVING PARK RD,41.976509,-87.600599,11/25/2015 04:57:00 PM,2015
CR00018494,11/26/2022 04:17:00 AM,45,CLEAR,DARKNESS,TURNING,ONE-WAY,NO CONTROLS,FAILING TO REDUCE SPEED,FAILING TO YIELD RIGHT-OF-WAY,0,0,3,3,4,7,11,838,47TH ST,41.897631,-87.540247,11/26/2022 05:47:00 AM,2022
CR00018495,05/23/2020 07:10:00 PM,45,CLEAR,DARKNESS - LIGHTED ROAD,REAR TO FRONT,NOT DIVIDED,STOP SIGN/FLASHER,UNABLE TO DETERMINE,FAILING TO REDUCE SPEED,0,0,0,0,19,7,5,1641,CICERO AVE,41.763454,-87.749283,05/23/2020 07:27:00 PM,2020
CR00018496,04/23/2017 06:39:00 PM,45,CLEAR,DARKNESS - LIGHTED ROAD,TURNING,ONE-WAY,NO CONTROLS,IMPROPER OVERTAKING/PASSING,DISTRACTION - FROM INSIDE VEHICLE,0,0,0,0,18,1,4,1906,STONY ISLAND AVE,41.814232,-87.662999,04/23/2017 07:14:00 PM,2017
CR00018497,06/18/2019 09:15:00 AM,25,CLEAR,DARKNESS - LIGHTED ROAD,SIDESWIPE SAME DIRECTION,NOT DIVIDED,TRAFFIC SIGNAL,FAILING TO YIELD RIGHT-OF-WAY,IMPROPER LANE USAGE,0,0,0,0,9,3,6,1972,HALSTED ST,41.885406,-87.537445,06/18/2019 11:07:00 AM,2019
CR00018498,05/01/2020 08:31:00 AM,30,CLEAR,DARKNESS - LIGHTED ROAD,REAR END,NOT DIVIDED,TRAFFIC SIGNAL,DISTRACTION - FROM INSIDE VEHICLE,FAILING TO YIELD RIGHT-OF-WAY,0,0,0,0,8,6,5,139,PULASKI RD,41.800992,-87.623225,05/01/2020 08:33:00 AM,2020
CR00018499,01/24/2019 11:04:00 AM,20,CLEAR,DAYLIGHT,ANGLE,NOT DIVIDED,NO CONTROLS,UNABLE TO DETERMINE,DISTRACTION - FROM INSIDE VEHICLE,0,0,0,0,11,5,1,662,KEDZIE AVE,41.892488,-87.539041,01/24/2019 12:52:00 PM,2019
CR00018500,11/11/2022 02:23:00 PM,40,CLEAR,DAYLIGHT,REAR END,NOT DIVIDED,NO CONTROLS,FAILING TO YIELD RIGHT-OF-WAY,FAILING TO YIELD RIGHT-OF-WAY,0,0,0,0,14,6,11,1892,KEDZIE AVE,41.982317,-87.647864,11/11/2022 03:38:00 PM,2022
CR00018501,12/23/2018 05:30:00 PM,30,CLEAR,DAYLIGHT,FIXED OBJECT,NOT DIVIDED,TRAFFIC SIGNAL,FAILING TO REDUCE SPEED,FOLLOWING TOO CLOSELY,0,0,0,0,17,1,12,1346,CICERO AVE,41.957555,-87.575456,12/23/2018 07:26:00 PM,2018
CR00018502,08/24/2016 07:48:00 AM,30,FREEZING RAIN/DRIZZLE,DARKNESS - LIGHTED ROAD,PARKED MOTOR VEHICLE,DIVIDED - W/MEDIAN BARRIER,YIELD,FAILING TO YIELD RIGHT-OF-WAY,NOT APPLICABLE,0,0,0,0,7,4,8,1850,ELSTON AVE,41.712006,-87.532341,08/24/2016 09:15:00 AM,2016
CR00018503,09/10/2023 08:33:00 PM,40,CLEAR,DAYLIGHT,FIXED OBJECT,NOT DIVIDED,YIELD,DRIVING SKILLS/KNOWLEDGE/EXPERIENCE,UNABLE TO DETERMINE,0,0,0,0,20,1,9,1845,MICHIGAN AVE,41.752156,-87.506242,09/10/2023 09:24:00 PM,2023
CR00018504,07/08/2020 10:11:00 AM,30,SNOW,DAYLIGHT,SIDESWIPE SAME DIRECTION,NOT DIVIDED,TRAFFIC SIGNAL,FAILING TO YIELD RIGHT-OF-WAY,UNABLE TO DETERMINE,0,0,1,1,10,4,7,734,STATE ST,41.975274,-87.826785,07/08/2020 11:50:00 AM,2020
CR00018505,12/14/2022 03:01:00 PM,30,CLEAR,DAYLIGHT,ANGLE,NOT DIVIDED,NO CONTROLS,UNABLE TO DETERMINE,FAILING TO YIELD RIGHT-OF-WAY,0,0,0,0,15,4,12,1317,BROADWAY,41.781335,-87.669483,12/14/2022 03:48:00 PM,2022
CR00018506,08/14/2022 12:07:00 AM,40,CLEAR,DAYLIGHT,SIDESWIPE SAME DIRECTION,NOT DIVIDED,STOP SIGN/FLASHER,FAILING TO REDUCE SPEED,DRIVING SKILLS/KNOWLEDGE/EXPERIENCE,0,0,1,1,0,1,8,706,STATE ST,41.841286,-87.729826,08/14/2022 01:06:00 AM,2022
CR00018507,10/12/2016 05:17:00 PM,30,CLEAR,DAYLIGHT,ANGLE,ONE-WAY,STOP SIGN/FLASHER,DRIVING SKILLS/KNOWLEDGE/EXPERIENCE,IMPROPER OVERTAKING/PASSING,0,0,0,0,17,4,10,1473,ELSTON AVE,41.936368,-87.55405,10/12/2016 07:01:00 PM,2016
CR00018508,07/23/2016 11:49:00 AM,35,CLEAR,DAYLIGHT,TURNING,ONE-WAY,NO CONTROLS,DISREGARDING TRAFFIC SIGNALS,DRIVING SKILLS/KNOWLEDGE/EXPERIENCE,0,0,1,1,11,7,7,2019,79TH ST,41.801122,-87.838403,07/23/2016 12:38:00 PM,2016
CR00018509,01/19/2021 08:47:00 AM,35,CLEAR,DAYLIGHT,SIDESWIPE SAME DIRECTION,FOUR WAY,NO CONTROLS,IMPROPER OVERTAKING/PASSING,FOLLOWING TOO CLOSELY,0,0,0,0,8,3,1,2132,LAKE SHORE DR,41.734559,-87.786844,01/19/2021 10:11:00 AM,2021
CR00018510,05/18/2021 08:56:00 PM,30,CLEAR,DAYLIGHT,ANGLE,NOT DIVIDED,NO CONTROLS,FAILING TO REDUCE SPEED,FAILING TO YIELD RIGHT-OF-WAY,0,0,0,0,20,3,5,892,KEDZIE AVE,41.919622,-87.760488,05/18/2021 09:31:00 PM,2021
CR00018511,06/24/2016 03:58:00 PM,45,CLEAR,DARKNESS - LIGHTED ROAD,REAR END,ONE-WAY,NO CONTROLS,UNABLE TO DETERMINE,DRIVING SKILLS/KNOWLEDGE/EXPERIENCE,0,0,0,0,15,6,6,1795,ROOSEVELT RD,41.929155,-87.588798,06/24/2016 05:54:00 PM,2016
CR00018512,04/15/2016 05:08:00 PM,30,CLEAR,DARKNESS - LIGHTED ROAD,SIDESWIPE SAME DIRECTION,DIVIDED - W/MEDIAN (NOT RAISED),TRAFFIC SIGNAL,UNABLE TO DETERMINE,UNABLE TO DETERMINE,0,0,0,0,17,6,4,2279,BROADWAY,41.792026,-87.731706,04/15/2016 06:34:00 PM,2016
CR00018513,01/10/2022 06:58:00 PM,35,RAIN,DAYLIGHT,SIDESWIPE SAME DIRECTION,NOT DIVIDED,TRAFFIC SIGNAL,IMPROPER LANE USAGE,UNABLE TO DETERMINE,0,0,0,0,18,2,1,900,LAKE SHORE DR,41.715222,-87.819989,01/10/2022 07:32:00 PM,2022
CR00018514,11/15/2020 05:01:00 PM,40,CLEAR,DAYLIGHT,REAR END,DIVIDED - W/MEDIAN (NOT RAISED),NO CONTROLS,UNABLE TO DETERMINE,UNABLE TO DETERMINE,0,0,1,1,17,1,11,1882,STATE ST,41.952868,-87.680894,11/15/2020 05:49:00 PM,2020
CR00018515,05/25/2019 12:46:00 PM,30,CLEAR,DAYLIGHT,SIDESWIPE SAME DIRECTION,FOUR WAY,TRAFFIC SIGNAL,UNABLE TO DETERMINE,NOT APPLICABLE,0,0,1,1,12,7,5,244,HALSTED ST,41.710145,-87.672603,05/25/2019 01:24:00 PM,2019
CR00018516,01/14/2017 11:52:00 PM,35,CLEAR,DARKNESS - LIGHTED ROAD,TURNING,NOT DIVIDED,NO CONTROLS,UNABLE TO DETERMINE,UNABLE TO DETERMINE,0,0,0,0,23,7,1,1159,ELSTON AVE,41.827832,-87.703702,01/15/2017 12:13:00 AM,2017
CR00018517,07/19/2015 07:18:00 AM,15,CLOUDY/OVERCAST,DAYLIGHT,REAR END,NOT DIVIDED,TRAFFIC SIGNAL,FOLLOWING TOO CLOSELY,UNABLE TO DETERMINE,0,0,0,0,7,1,7,270,CALIFORNIA AVE,41.82312,-87.848477,07/19/2015 07:33:00 AM,2015
CR00018518,10/15/2017 08:31:00 AM,30,RAIN,DAYLIGHT,PARKED MOTOR VEHICLE,DIVIDED - W/MEDIAN (NOT RAISED),NO CONTROLS,DRIVING SKILLS/KNOWLEDGE/EXPERIENCE,UNABLE TO DETERMINE,0,0,0,0,8,1,10,510,STATE ST,41.920563,-87.509771,10/15/2017 09:15:00 AM,2017