CRASH_RECORD_ID,CRASH_DATE,POSTED_SPEED_LIMIT,WEATHER_CONDITION,LIGHTING_CONDITION,FIRST_CRASH_TYPE,TRAFFICWAY_TYPE,TRAFFIC_CONTROL_DEVICE,PRIM_CONTRIBUTORY_CAUSE,SEC_CONTRIBUTORY_CAUSE,INJURIES_FATAL,INJURIES_INCAPACITATING,INJURIES_NON_INCAPACITATING,INJURIES_TOTAL,CRASH_HOUR,CRASH_DAY_OF_WEEK,CRASH_MONTH,BEAT_OF_OCCURRENCE,STREET_NAME,LATITUDE,LONGITUDE,DATE_POLICE_NOTIFIED,year
CR00018519,12/24/2024 06:14:00 AM,30,CLEAR,DARKNESS - LIGHTED ROAD,REAR TO FRONT,DIVIDED - W/MEDIAN (NOT RAISED),TRAFFIC SIGNAL,DISREGARDING TRAFFIC SIGNALS,UNABLE TO DETERMINE,0,0,0,0,6,3,12,662,PULASKI RD,41.924481,-87.55208,12/24/2024 08:03:00 AM,2024
CR00018520,02/19/2021 11:53:00 AM,30,CLEAR,DAYLIGHT,SIDESWIPE SAME DIRECTION,T-INTERSECTION,STOP SIGN/FLASHER,UNABLE TO DETERMINE,DISTRACTION - FROM INSIDE VEHICLE,0,0,0,0,11,6,2,1285,CICERO AVE,41.907794,-87.624526,02/19/2021 12:05:00 PM,2021
CR00018521,01/23/2022 08:23:00 AM,35,RAIN,DAYLIGHT,REAR END,NOT DIVIDED,NO CONTROLS,UNABLE TO DETERMINE,NOT APPLICABLE,0,0,0,0,8,1,1,1852,CLARK ST,41.922369,-87.60243,01/23/2022 09:10:00 AM,2022
CR00018522,05/20/2017 04:09:00 PM,35,SNOW,DAYLIGHT,REAR END,NOT DIVIDED,STOP SIGN/FLASHER,UNABLE TO DETERMINE,FAILING TO REDUCE SPEED,0,0,0,0,16,7,5,154,CLARK ST,41.848046,-87.644651,05/20/2017 05:51:00 PM,2017
CR00018523,10/26/2022 07:46:00 PM,25,CLEAR,DAYLIGHT,ANGLE,NOT DIVIDED,STOP SIGN/FLASHER,IMPROPER OVERTAKING/PASSING,FOLLOWING TOO CLOSELY,0,0,0,0,19,4,10,706,KEDZIE AVE,41.954575,-87.796908,10/26/2022 09:42:00 PM,2022
CR00018524,09/07/2022 05:17:00 PM,35,CLEAR,DAYLIGHT,TURNING,DIVIDED - W/MEDIAN BARRIER,STOP SIGN/FLASHER,UNABLE TO DETERMINE,FAILING TO YIELD RIGHT-OF-WAY,0,0,0,0,17,4,9,2170,CLARK ST,41.700984,-87.546579,09/07/2022 07:16:00 PM,2022
CR00018525,12/13/2015 02:23:00 PM,35,SNOW,DARKNESS - LIGHTED ROAD,ANGLE,NOT DIVIDED,TRAFFIC SIGNAL,DISTRACTION - FROM INSIDE VEHICLE,DRIVING SKILLS/KNOWLEDGE/EXPERIENCE,0,0,1,1,14,1,12,792,ARCHER AVE,41.869222,-87.847688,12/13/2015 03:03:00 PM,2015
CR00018526,12/08/2024 12:35:00 AM,30,FOG/SMOKE/HAZE,DARKNESS,TURNING,DIVIDED - W/MEDIAN (NOT RAISED),STOP SIGN/FLASHER,UNABLE TO DETERMINE,IMPROPER LANE USAGE,0,0,0,0,0,1,12,2031,WESTERN AVE,41.959559,-87.742991,12/08/2024 01:14:00 AM,2024
CR00018527,09/29/2015 07:45:00 AM,30,CLEAR,DARKNESS - LIGHTED ROAD,TURNING,NOT DIVIDED,STOP SIGN/FLASHER,FOLLOWING TOO CLOSELY,UNABLE TO DETERMINE,0,0,0,0,7,3,9,1657,PULASKI RD,41.731794,-87.679847,09/29/2015 08:23:00 AM,2015
CR00018528,11/08/2015 11:04:00 AM,35,CLEAR,DAYLIGHT,REAR TO FRONT,FOUR WAY,STOP SIGN/FLASHER,UNABLE TO DETERMINE,UNABLE TO DETERMINE,0,0,0,0,11,1,11,1770,47TH ST,41.878881,-87.60886,11/08/2015 12:52:00 PM,2015
CR00018529,10/28/2024 08:05:00 PM,20,CLEAR,DAYLIGHT,SIDESWIPE SAME DIRECTION,FOUR WAY,YIELD,IMPROPER LANE USAGE,UNABLE TO DETERMINE,0,0,0,0,20,2,10,2439,ASHLAND AVE,41.811214,-87.820084,10/28/2024 09:20:00 PM,2024
CR00018530,09/21/2016 05:25:00 PM,35,CLEAR,DARKNESS - LIGHTED ROAD,REAR END,NOT DIVIDED,STOP SIGN/FLASHER,FOLLOWING TOO CLOSELY,IMPROPER LANE USAGE,0,0,0,0,17,4,9,2396,MILWAUKEE AVE,41.700082,-87.611931,09/21/2016 06:04:00 PM,2016
CR00018531,11/13/2020 03:44:00 PM,35,CLEAR,DAYLIGHT,ANGLE,ONE-WAY,PEDESTRIAN CROSSING SIGN,WEATHER,UNABLE TO DETERMINE,0,0,0,0,15,6,11,2421,ASHLAND AVE,41.831812,-87.683836,11/13/2020 04:30:00 PM,2020
CR00018532,06/15/2016 04:44:00 PM,15,CLEAR,DARKNESS - LIGHTED ROAD,REAR TO FRONT,NOT DIVIDED,STOP SIGN/FLASHER,DRIVING SKILLS/KNOWLEDGE/EXPERIENCE,FAILING TO REDUCE SPEED,0,0,0,0,16,4,6,1015,MILWAUKEE AVE,41.80307,-87.747013,06/15/2016 06:37:00 PM,2016
CR00018533,04/26/2022 03:54:00 PM,35,CLEAR,DAYLIGHT,REAR END,NOT DIVIDED,TRAFFIC SIGNAL,DRIVING SKILLS/KNOWLEDGE/EXPERIENCE,UNABLE TO DETERMINE,0,0,0,0,15,3,4,585,63RD ST,41.790601,-87.667415,04/26/2022 04:55:00 PM,2022
CR00018534,07/17/2020 01:26:00 PM,15,CLEAR,DAYLIGHT,REAR END,DIVIDED - W/MEDIAN (NOT RAISED),TRAFFIC SIGNAL,IMPROPER OVERTAKING/PASSING,IMPROPER OVERTAKING/PASSING,0,0,0,0,13,6,7,2395,LAKE SHORE DR,41.812532,-87.590077,07/17/2020 01:51:00 PM,2020
CR00018535,05/24/2023 08:01:00 AM,20,CLEAR,DARKNESS - LIGHTED ROAD,REAR END,FOUR WAY,STOP SIGN/FLASHER,DRIVING SKILLS/KNOWLEDGE/EXPERIENCE,FOLLOWING TOO CLOSELY,0,0,0,0,8,4,5,883,ARCHER AVE,41.811806,-87.717161,05/24/2023 08:54:00 AM,2023
CR00018536,08/07/2015 04:20:00 AM,15,CLEAR,DAYLIGHT,REAR TO FRONT,NOT DIVIDED,TRAFFIC SIGNAL,DISTRACTION - FROM INSIDE VEHICLE,NOT APPLICABLE,0,0,0,0,4,6,8,694,ROOSEVELT RD,41.996168,-87.744595,08/07/2015 04:34:00 AM,2015
CR00018537,09/27/2016 10:33:00 AM,35,SNOW,DARKNESS - LIGHTED ROAD,ANGLE,DIVIDED - W/MEDIAN (NOT RAISED),TRAFFIC SIGNAL,WEATHER,UNABLE TO DETERMINE,0,0,0,0,10,3,9,2304,CLARK ST,41.733505,-87.654146,09/27/2016 12:21:00 PM,2016
CR00018538,08/22/2020 08:27:00 AM,30,CLOUDY/OVERCAST,DARKNESS,FIXED OBJECT,NOT DIVIDED,NO CONTROLS,DISTRACTION - FROM INSIDE VEHICLE,UNABLE TO DETERMINE,0,0,0,0,8,7,8,2006,DIVISION ST,41.985033,-87.523611,08/22/2020 08:41:00 AM,2020
CR00018539,01/24/2018 09:45:00 AM,30,CLEAR,DAYLIGHT,ANGLE,ONE-WAY,PEDESTRIAN CROSSING SIGN,IMPROPER LANE USAGE,FAILING TO YIELD RIGHT-OF-WAY,0,0,0,0,9,4,1,762,ASHLAND AVE,41.779466,-87.688182,01/24/2018 09:48:00 AM,2018
CR00018540,10/13/2019 05:41:00 PM,35,CLEAR,DAYLIGHT,PARKED MOTOR VEHICLE,FOUR WAY,NO CONTROLS,DISTRACTION - FROM INSIDE VEHICLE,DISTRACTION - FROM INSIDE VEHICLE,0,0,0,0,17,1,10,1925,FULLERTON AVE,41.896751,-87.688569,10/13/2019 07:37:00 PM,2019
CR00018541,07/14/2022 10:31:00 AM,30,CLEAR,DAYLIGHT,TURNING,DIVIDED - W/MEDIAN (NOT RAISED),NO CONTROLS,FOLLOWING TOO CLOSELY,NOT APPLICABLE,0,0,0,0,10,5,7,2270,ASHLAND AVE,41.802458,-87.604109,07/14/2022 12:24:00 PM,2022
CR00018542,04/28/2023 12:09:00 PM,35,CLEAR,DAYLIGHT,FIXED OBJECT,ONE-WAY,TRAFFIC SIGNAL,UNABLE TO DETERMINE,UNABLE TO DETERMINE,0,0,0,0,12,6,4,127,KEDZIE AVE,41.895323,-87.748244,04/28/2023 12:31:00 PM,2023
CR00018543,06/21/2018 08:11:00 PM,30,CLEAR,DAYLIGHT,ANGLE,NOT DIVIDED,TRAFFIC SIGNAL,FAILING TO REDUCE SPEED,UNABLE TO DETERMINE,0,0,0,0,20,5,6,2400,MILWAUKEE AVE,41.879066,-87.562499,06/21/2018 08:28:00 PM,2018
CR00018544,03/24/2016 08:02:00 PM,35,CLEAR,DAYLIGHT,REAR TO FRONT,T-INTERSECTION,NO CONTROLS,DRIVING SKILLS/KNOWLEDGE/EXPERIENCE,FAILING TO YIELD RIGHT-OF-WAY,0,0,0,0,20,5,3,1937,47TH ST,41.700764,-87.690866,03/24/2016 08:48:00 PM,2016
CR00018545,06/10/2018 06:01:00 PM,35,CLEAR,DUSK,REAR END,NOT DIVIDED,STOP SIGN/FLASHER,UNABLE TO DETERMINE,NOT APPLICABLE,0,0,0,0,18,1,6,463,PULASKI RD,41.868909,-87.69985,06/10/2018 06:04:00 PM,2018
CR00018546,08/30/2017 06:09:00 PM,30,CLEAR,DUSK,ANGLE,DIVIDED - W/MEDIAN (NOT RAISED),STOP SIGN/FLASHER,DISTRACTION - FROM INSIDE VEHICLE,FOLLOWING TOO CLOSELY,0,0,0,0,18,4,8,1418,MILWAUKEE AVE,41.716367,-87.791447,08/30/2017 07:48:00 PM,2017
CR00018547,11/22/2022 08:55:00 PM,35,CLEAR,DARKNESS - LIGHTED ROAD,REAR END,FOUR WAY,NO CONTROLS,WEATHER,FAILING TO REDUCE SPEED,0,0,0,0,20,3,11,1011,STONY ISLAND AVE,41.813072,-87.66706,11/22/2022 09:30:00 PM,2022
CR00018548,12/16/2022 09:05:00 AM,30,CLOUDY/OVERCAST,DARKNESS - LIGHTED ROAD,REAR END,DIVIDED - W/MEDIAN BARRIER,STOP SIGN/FLASHER,DISTRACTION - FROM INSIDE VEHICLE,NOT APPLICABLE,0,0,0,0,9,6,12,863,BROADWAY,41.773924,-87.762705,12/16/2022 10:13:00 AM,2022
CR00018549,08/30/2019 04:08:00 PM,20,CLEAR,DAYLIGHT,REAR END,FOUR WAY,STOP SIGN/FLASHER,UNABLE TO DETERMINE,FAILING TO YIELD RIGHT-OF-WAY,0,0,0,0,16,6,8,1352,DIVISION ST,41.920227,-87.505198,08/30/2019 05:17:00 PM,2019
CR00018550,09/13/2021 07:41:00 AM,45,RAIN,DARKNESS - LIGHTED ROAD,ANGLE,NOT DIVIDED,TRAFFIC SIGNAL,UNABLE TO DETERMINE,NOT APPLICABLE,0,0,0,0,7,2,9,2388,WESTERN AVE,41.859826,-87.503769,09/13/2021 08:08:00 AM,2021
CR00018551,05/01/2023 11:45:00 AM,15,CLEAR,DARKNESS - LIGHTED ROAD,TURNING,ONE-WAY,NO CONTROLS,UNABLE TO DETERMINE,IMPROPER OVERTAKING/PASSING,0,0,0,0,11,2,5,470,WESTERN AVE,41.776306,-87.547527,05/01/2023 01:20:00 PM,2023
CR00018552,12/29/2017 07:30:00 PM,30,CLEAR,DARKNESS - LIGHTED ROAD,FIXED OBJECT,DIVIDED - W/MEDIAN (NOT RAISED),NO CONTROLS,DISTRACTION - FROM INSIDE VEHICLE,FAILING TO YIELD RIGHT-OF-WAY,0,0,0,0,19,6,12,2339,79TH ST,41.800532,-87.663686,12/29/2017 09:03:00 PM,2017
CR00018553,03/19/2016 08:14:00 PM,30,CLEAR,DAYLIGHT,REAR TO FRONT,DIVIDED - W/MEDIAN (NOT RAISED),PEDESTRIAN CROSSING SIGN,DRIVING SKILLS/KNOWLEDGE/EXPERIENCE,UNABLE TO DETERMINE,0,0,0,0,20,7,3,653,STONY ISLAND AVE,41.971161,-87.810551,03/19/2016 10:12:00 PM,2016
CR00018554,01/24/2020 06:55:00 PM,35,RAIN,DAWN,REAR END,ONE-WAY,TRAFFIC SIGNAL,IMPROPER OVERTAKING/PASSING,IMPROPER OVERTAKING/PASSING,0,0,0,0,18,6,1,1695,IRVING PARK RD,41.828826,-87.595297,01/24/2020 07:56:00 PM,2020
CR00018555,10/04/2024 02:32:00 PM,30,CLEAR,DAYLIGHT,REAR TO FRONT,FOUR WAY,TRAFFIC SIGNAL,UNABLE TO DETERMINE,UNABLE TO DETERMINE,0,0,0,0,14,6,10,2463,ELSTON AVE,41.823327,-87.630383,10/04/2024 02:48:00 PM,2024
CR00018556,11/10/2020 02:53:00 PM,30,SNOW,DARKNESS - LIGHTED ROAD,ANGLE,DIVIDED - W/MEDIAN (NOT RAISED),STOP SIGN/FLASHER,FAILING TO YIELD RIGHT-OF-WAY,UNABLE TO DETERMINE,0,0,0,0,14,3,11,442,WESTERN AVE,41.866501,-87.719552,11/10/2020 03:49:00 PM,2020
CR00018557,10/10/2020 07:20:00 AM,35,CLEAR,DAYLIGHT,REAR END,NOT DIVIDED,NO CONTROLS,DISTRACTION - FROM INSIDE VEHICLE,DRIVING SKILLS/KNOWLEDGE/EXPERIENCE,0,0,0,0,7,7,10,1880,HALSTED ST,41.717222,-87.799437,10/10/2020 08:05:00 AM,2020
CR00018558,01/05/2022 09:16:00 AM,30,CLEAR,DARKNESS - LIGHTED ROAD,TURNING,FOUR WAY,NO CONTROLS,UNABLE TO DETERMINE,DISREGARDING TRAFFIC SIGNALS,0,0,0,0,9,4,1,1781,CICERO AVE,41.764263,-87.700237,01/05/2022 10:01:00 AM,2022
CR00018559,11/25/2020 03:10:00 PM,30,SNOW,DARKNESS,SIDESWIPE SAME DIRECTION,NOT DIVIDED,NO CONTROLS,UNABLE TO DETERMINE,NOT APPLICABLE,0,0,0,0,15,4,11,689,MILWAUKEE AVE,41.827901,-87.781487,11/25/2020 03:50:00 PM,2020
CR00018560,08/20/2018 10:44:00 PM,30,CLOUDY/OVERCAST,DAYLIGHT,SIDESWIPE SAME DIRECTION,DIVIDED - W/MEDIAN BARRIER,NO CONTROLS,IMPROPER OVERTAKING/PASSING,IMPROPER LANE USAGE,0,0,0,0,22,2,8,476,BROADWAY,41.855037,-87.605916,08/20/2018 11:15:00 PM,2018
CR00018561,12/07/2016 06:53:00 AM,20,CLEAR,DARKNESS - LIGHTED ROAD,PEDESTRIAN,NOT DIVIDED,NO CONTROLS,FAILING TO YIELD RIGHT-OF-WAY,FAILING TO YIELD RIGHT-OF-WAY,0,0,1,1,6,4,12,1038,WESTERN AVE,41.755161,-87.572474,12/07/2016 08:00:00 AM,2016
CR00018562,11/20/2024 12:24:00 PM,45,CLEAR,DAYLIGHT,SIDESWIPE SAME DIRECTION,ONE-WAY,UNKNOWN,FAILING TO REDUCE SPEED,IMPROPER LANE USAGE,0,0,0,0,12,4,11,335,STONY ISLAND AVE,41.898232,-87.58118,11/20/2024 01:32:00 PM,2024
CR00018563,12/04/2019 08:58:00 AM,30,CLEAR,DAYLIGHT,SIDESWIPE SAME DIRECTION,DIVIDED - W/MEDIAN (NOT RAISED),STOP SIGN/FLASHER,IMPROPER OVERTAKING/PASSING,NOT APPLICABLE,0,0,0,0,8,4,12,547,BROADWAY,41.717588,-87.747514,12/04/2019 10:49:00 AM,2019
CR00018564,10/25/2021 12:01:00 AM,45,CLEAR,DARKNESS - LIGHTED ROAD,REAR END,NOT DIVIDED,TRAFFIC SIGNAL,FAILING TO YIELD RIGHT-OF-WAY,FAILING TO REDUCE SPEED,0,0,1,1,0,2,10,594,CALIFORNIA AVE,41.812359,-87.704133,10/25/2021 01:51:00 AM,2021
CR00018565,03/11/2019 06:05:00 PM,40,CLEAR,DUSK,ANGLE,NOT DIVIDED,NO CONTROLS,UNABLE TO DETERMINE,IMPROPER OVERTAKING/PASSING,0,0,0,0,18,2,3,1717,CICERO AVE,41.706617,-87.79311,03/11/2019 08:00:00 PM,2019
CR00018566,10/21/2020 06:58:00 PM,30,CLEAR,DUSK,REAR END,DIVIDED - W/MEDIAN BARRIER,STOP SIGN/FLASHER,UNABLE TO DETERMINE,UNABLE TO DETERMINE,0,0,1,1,18,4,10,370,63RD ST,41.953874,-87.777862,10/21/2020 07:38:00 PM,2020
CR00018567,03/10/2016 09:51:00 PM,45,FOG/SMOKE/HAZE,DAYLIGHT,PARKED MOTOR VEHICLE,NOT DIVIDED,STOP SIGN/FLASHER,DRIVING SKILLS/KNOWLEDGE/EXPERIENCE,FOLLOWING TOO CLOSELY,0,0,1,1,21,5,3,759,KEDZIE AVE,41.831898,-87.511115,03/10/2016 10:01:00 PM,2016
CR00018568,01/20/2019 08:31:00 AM,35,CLOUDY/OVERCAST,DARKNESS - LIGHTED ROAD,FIXED OBJECT,NOT DIVIDED,NO CONTROLS,UNABLE TO DETERMINE,NOT APPLICABLE,0,0,0,0,8,1,1,243,OGDEN AVE,41.993,-87.676904,01/20/2019 09:10:00 AM,2019
CR00018569,12/16/2020 05:31:00 PM,30,CLEAR,DAYLIGHT,REAR END,DIVIDED - W/MEDIAN (NOT RAISED),TRAFFIC SIGNAL,DRIVING SKILLS/KNOWLEDGE/EXPERIENCE,FAILING TO REDUCE SPEED,0,0,0,0,17,4,12,1278,BROADWAY,41.870766,-87.67304,12/16/2020 07:20:00 PM,2020
CR00018570,11/26/2019 11:37:00 PM,35,CLEAR,DARKNESS - LIGHTED ROAD,TURNING,NOT DIVIDED,NO CONTROLS,DRIVING SKILLS/KNOWLEDGE/EXPERIENCE,NOT APPLICABLE,0,0,0,0,23,3,11,552,63RD ST,41.929545,-87.546255,11/27/2019 12:33:00 AM,2019
CR00018571,10/24/2017 11:23:00 AM,15,CLEAR,DAWN,TURNING,T-INTERSECTION,TRAFFIC SIGNAL,IMPROPER OVERTAKING/PASSING,NOT APPLICABLE,0,0,1,1,11,3,10,619,KEDZIE AVE,41.771106,-87.803048,10/24/2017 12:04:00 PM,2017
CR00018572,11/10/2015 02:28:00 AM,15,CLEAR,DAYLIGHT,SIDESWIPE SAME DIRECTION,DIVIDED - W/MEDIAN BARRIER,UNKNOWN,FAILING TO YIELD RIGHT-OF-WAY,UNABLE TO DETERMINE,0,0,0,0,2,3,11,1370,63RD ST,41.810975,-87.548355,11/10/2015 04:10:00 AM,2015
CR00018573,08/10/2024 09:08:00 PM,30,RAIN,DAYLIGHT,REAR TO FRONT,DIVIDED - W/MEDIAN (NOT RAISED),TRAFFIC SIGNAL,UNABLE TO DETERMINE,DRIVING SKILLS/KNOWLEDGE/EXPERIENCE,0,0,0,0,21,7,8,2167,STATE ST,41.732517,-87.766641,08/10/2024 09:15:00 PM,2024
CR00018574,09/06/2019 08:59:00 AM,40,CLEAR,DARKNESS - LIGHTED ROAD,ANGLE,FOUR WAY,STOP SIGN/FLASHER,UNABLE TO DETERMINE,IMPROPER OVERTAKING/PASSING,0,0,0,0,8,6,9,2361,DAMEN AVE,41.978533,-87.821849,09/06/2019 09:40:00 AM,2019
CR00018575,03/23/2022 07:52:00 PM,30,CLEAR,DUSK,FIXED OBJECT,NOT DIVIDED,NO CONTROLS,DRIVING SKILLS/KNOWLEDGE/EXPERIENCE,FAILING TO YIELD RIGHT-OF-WAY,0,0,0,0,19,4,3,1305,LAKE SHORE DR,41.938093,-87.544479,03/23/2022 09:41:00 PM,2022
CR00018576,09/06/2017 02:20:00 PM,35,CLOUDY/OVERCAST,DAYLIGHT,REAR END,T-INTERSECTION,UNKNOWN,UNABLE TO DETERMINE,FOLLOWING TOO CLOSELY,0,0,0,0,14,4,9,894,WESTERN AVE,41.968233,-87.7339,09/06/2017 02:28:00 PM,2017
CR00018577,02/07/2024 06:36:00 AM,30,CLEAR,DAYLIGHT,TURNING,FOUR WAY,TRAFFIC SIGNAL,FAILING TO REDUCE SPEED,NOT APPLICABLE,0,0,0,0,6,4,2,225,CALIFORNIA AVE,41.967218,-87.516147,02/07/2024 08:29:00 AM,2024
CR00018578,01/15/2019 04:11:00 AM,30,CLEAR,DARKNESS - LIGHTED ROAD,SIDESWIPE SAME DIRECTION,NOT DIVIDED,STOP SIGN/FLASHER,UNABLE TO DETERMINE,UNABLE TO DETERMINE,0,0,0,0,4,3,1,2282,ROOSEVELT RD,41.80327,-87.825747,01/15/2019 06:01:00 AM,2019
CR00018579,01/17/2023 08:25:00 PM,35,CLEAR,DARKNESS - LIGHTED ROAD,SIDESWIPE SAME DIRECTION,NOT DIVIDED,NO CONTROLS,UNABLE TO DETERMINE,UNABLE TO DETERMINE,0,0,0,0,20,3,1,314,DAMEN AVE,41.851495,-87.672704,01/17/2023 09:47:00 PM,2023
CR00018580,07/07/2015 03:05:00 AM,30,SNOW,DARKNESS,TURNING,NOT DIVIDED,TRAFFIC SIGNAL,FOLLOWING TOO CLOSELY,UNABLE TO DETERMINE,0,0,2,2,3,3,7,2081,63RD ST,41.816784,-87.507119,07/07/2015 03:58:00 AM,2015
CR00018581,07/11/2019 08:08:00 AM,30,CLEAR,DARKNESS - LIGHTED ROAD,TURNING,NOT DIVIDED,STOP SIGN/FLASHER,UNABLE TO DETERMINE,NOT APPLICABLE,0,0,0,0,8,5,7,2196,79TH ST,41.804368,-87.512936,07/11/2019 08:27:00 AM,2019
CR00018582,06/08/2017 10:15:00 AM,30,FOG/SMOKE/HAZE,DAWN,PARKED MOTOR VEHICLE,ONE-WAY,NO CONTROLS,FOLLOWING TOO CLOSELY,DRIVING SKILLS/KNOWLEDGE/EXPERIENCE,0,0,0,0,10,5,6,142,HALSTED ST,41.822833,-87.667611,06/08/2017 10:43:00 AM,2017
CR00018583,10/08/2017 07:46:00 PM,30,CLEAR,DARKNESS - LIGHTED ROAD,SIDESWIPE SAME DIRECTION,NOT DIVIDED,STOP SIGN/FLASHER,FAILING TO YIELD RIGHT-OF-WAY,IMPROPER OVERTAKING/PASSING,0,0,1,1,19,1,10,496,LAKE SHORE DR,41.836103,-87.784574,10/08/2017 08:06:00 PM,2017
CR00018584,05/07/2021 05:12:00 PM,35,RAIN,DAYLIGHT,SIDESWIPE SAME DIRECTION,ONE-WAY,STOP SIGN/FLASHER,FAILING TO YIELD RIGHT-OF-WAY,FOLLOWING TOO CLOSELY,0,0,0,0,17,6,5,535,ARCHER AVE,41.803093,-87.767645,05/07/2021 06:11:00 PM,2021
CR00018585,11/16/2023 07:29:00 AM,30,CLEAR,DAYLIGHT,PARKED MOTOR VEHICLE,NOT DIVIDED,NO CONTROLS,FAILING TO REDUCE SPEED,DISTRACTION - FROM INSIDE VEHICLE,0,0,1,1,7,5,11,433,WESTERN AVE,41.834989,-87.839998,11/16/2023 08:11:00 AM,2023
CR00018586,03/16/2018 02:10:00 PM,35,CLEAR,DARKNESS - LIGHTED ROAD,ANGLE,NOT DIVIDED,UNKNOWN,UNABLE TO DETERMINE,IMPROPER LANE USAGE,0,0,0,0,14,6,3,961,DIVISION ST,41.804506,-87.667614,03/16/2018 02:11:00 PM,2018
CR00018587,09/28/2023 05:49:00 PM,25,CLEAR,DAYLIGHT,REAR END,NOT DIVIDED,NO CONTROLS,FOLLOWING TOO CLOSELY,UNABLE TO DETERMINE,0,0,1,1,17,5,9,310,ASHLAND AVE,41.801673,-87.734646,09/28/2023 07:15:00 PM,2023
CR00018588,12/24/2021 08:17:00 PM,45,CLOUDY/OVERCAST,DAYLIGHT,ANGLE,DIVIDED - W/MEDIAN (NOT RAISED),NO CONTROLS,FOLLOWING TOO CLOSELY,WEATHER,0,0,0,0,20,6,12,529,ASHLAND AVE,41.952642,-87.805303,12/24/2021 09:07:00 PM,2021
CR00018589,08/21/2024 08:36:00 AM,30,CLEAR,DAYLIGHT,SIDESWIPE SAME DIRECTION,DIVIDED - W/MEDIAN (NOT RAISED),UNKNOWN,UNABLE TO DETERMINE,DISTRACTION - FROM INSIDE VEHICLE,0,0,0,0,8,4,8,1516,ELSTON AVE,41.901073,-87.766982,08/21/2024 09:46:00 AM,2024
CR00018590,05/18/2022 07:01:00 AM,15,SNOW,DAYLIGHT,FIXED OBJECT,ONE-WAY,STOP SIGN/FLASHER,DRIVING SKILLS/KNOWLEDGE/EXPERIENCE,UNABLE TO DETERMINE,0,0,0,0,7,4,5,2166,WESTERN AVE,41.913801,-87.563894,05/18/2022 07:14:00 AM,2022
CR00018591,07/15/2017 05:56:00 PM,15,CLEAR,DARKNESS - LIGHTED ROAD,SIDESWIPE SAME DIRECTION,NOT DIVIDED,STOP SIGN/FLASHER,FAILING TO REDUCE SPEED,IMPROPER OVERTAKING/PASSING,0,0,0,0,17,7,7,466,CALIFORNIA AVE,41.714172,-87.785682,07/15/2017 06:06:00 PM,2017
CR00018592,04/06/2020 11:12:00 PM,30,CLEAR,DARKNESS,SIDESWIPE SAME DIRECTION,NOT DIVIDED,NO CONTROLS,DRIVING SKILLS/KNOWLEDGE/EXPERIENCE,DRIVING SKILLS/KNOWLEDGE/EXPERIENCE,0,0,2,2,23,2,4,402,MILWAUKEE AVE,41.812608,-87.727699,04/07/2020 12:00:00 AM,2020
CR00018593,10/02/2024 02:50:00 PM,35,CLEAR,DARKNESS - LIGHTED ROAD,PARKED MOTOR VEHICLE,FOUR WAY,TRAFFIC SIGNAL,DISREGARDING TRAFFIC SIGNALS,NOT APPLICABLE,0,0,0,0,14,4,10,1637,DIVISION ST,41.898052,-87.689848,10/02/2024 03:19:00 PM,2024
CR00018594,01/03/2020 06:47:00 PM,35,CLEAR,DAYLIGHT,TURNING,ONE-WAY,STOP SIGN/FLASHER,UNABLE TO DETERMINE,IMPROPER OVERTAKING/PASSING,0,0,0,0,18,6,1,699,HALSTED ST,41.728694,-87.771228,01/03/2020 08:09:00 PM,2020
CR00018595,10/20/2024 02:49:00 PM,30,CLEAR,DARKNESS - LIGHTED ROAD,ANGLE,NOT DIVIDED,NO CONTROLS,DRIVING SKILLS/KNOWLEDGE/EXPERIENCE,UNABLE TO DETERMINE,0,0,0,0,14,1,10,494,OGDEN AVE,41.91968,-87.804521,10/20/2024 03:48:00 PM,2024
CR00018596,10/15/2020 04:54:00 PM,40,CLEAR,DARKNESS - LIGHTED ROAD,REAR TO FRONT,ONE-WAY,NO CONTROLS,IMPROPER OVERTAKING/PASSING,DISREGARDING TRAFFIC SIGNALS,0,0,0,0,16,5,10,671,DAMEN AVE,41.748727,-87.748875,10/15/2020 05:39:00 PM,2020
CR00018597,11/05/2018 02:13:00 PM,45,CLEAR,DAYLIGHT,PEDESTRIAN,NOT DIVIDED,TRAFFIC SIGNAL,UNABLE TO DETERMINE,UNABLE TO DETERMINE,0,0,0,0,14,2,11,1315,FULLERTON AVE,41.734414,-87.777078,11/05/2018 02:19:00 PM,2018
CR00018598,02/23/2019 07:35:00 AM,35,CLEAR,DARKNESS,ANGLE,ONE-WAY,NO CONTROLS,UNABLE TO DETERMINE,DRIVING SKILLS/KNOWLEDGE/EXPERIENCE,0,0,1,1,7,7,2,2245,DIVISION ST,41.972062,-87.708604,02/23/2019 07:39:00 AM,2019
CR00018599,12/25/2016 07:19:00 PM,35,RAIN,DARKNESS - LIGHTED ROAD,SIDESWIPE SAME DIRECTION,T-INTERSECTION,NO CONTROLS,DRIVING SKILLS/KNOWLEDGE/EXPERIENCE,FOLLOWING TOO CLOSELY,0,0,0,0,19,1,12,1909,IRVING PARK RD,41.715757,-87.743647,12/25/2016 07:44:00 PM,2016
CR00018600,03/03/2022 08:32:00 AM,40,CLEAR,DAYLIGHT,ANGLE,DIVIDED - W/MEDIAN BARRIER,NO CONTROLS,DRIVING SKILLS/KNOWLEDGE/EXPERIENCE,FAILING TO REDUCE SPEED,0,0,0,0,8,5,3,1126,63RD ST,41.758628,-87.781094,03/03/2022 10:16:00 AM,2022