CRASH_RECORD_ID,CRASH_DATE,POSTED_SPEED_LIMIT,WEATHER_CONDITION,LIGHTING_CONDITION,FIRST_CRASH_TYPE,TRAFFICWAY_TYPE,TRAFFIC_CONTROL_DEVICE,PRIM_CONTRIBUTORY_CAUSE,SEC_CONTRIBUTORY_CAUSE,INJURIES_FATAL,INJURIES_INCAPACITATING,INJURIES_NON_INCAPACITATING,INJURIES_TOTAL,CRASH_HOUR,CRASH_DAY_OF_WEEK,CRASH_MONTH,BEAT_OF_OCCURRENCE,STREET_NAME,LATITUDE,LONGITUDE,DATE_POLICE_NOTIFIED,year
CR00018601,02/09/2018 03:56:00 AM,35,SNOW,DAWN,ANGLE,DIVIDED - W/MEDIAN BARRIER,STOP SIGN/FLASHER,UNABLE TO DETERMINE,IMPROPER OVERTAKING/PASSING,0,0,0,0,3,6,2,2136,STONY ISLAND AVE,41.82843,-87.554295,02/09/2018 05:24:00 AM,2018
CR00018602,03/06/2015 04:36:00 PM,35,CLEAR,DAYLIGHT,TURNING,ONE-WAY,NO CONTROLS,FAILING TO YIELD RIGHT-OF-WAY,NOT APPLICABLE,0,0,3,3,16,6,3,1250,IRVING PARK RD,41.700853,-87.805794,03/06/2015 05:43:00 PM,2015
CR00018603,07/25/2016 07:29:00 AM,45,CLEAR,DARKNESS - LIGHTED ROAD,TURNING,NOT DIVIDED,STOP SIGN/FLASHER,DRIVING SKILLS/KNOWLEDGE/EXPERIENCE,IMPROPER OVERTAKING/PASSING,0,0,3,3,7,2,7,1848,47TH ST,41.908729,-87.617999,07/25/2016 08:23:00 AM,2016
CR00018604,04/30/2018 04:38:00 PM,30,CLEAR,DARKNESS - LIGHTED ROAD,PARKED MOTOR VEHICLE,DIVIDED - W/MEDIAN BARRIER,STOP SIGN/FLASHER,IMPROPER OVERTAKING/PASSING,IMPROPER OVERTAKING/PASSING,0,0,0,0,16,2,4,677,MILWAUKEE AVE,41.929816,-87.835164,04/30/2018 05:42:00 PM,2018
CR00018605,05/17/2021 07:04:00 AM,45,CLEAR,DAYLIGHT,SIDESWIPE SAME DIRECTION,ONE-WAY,NO CONTROLS,UNABLE TO DETERMINE,FOLLOWING TOO CLOSELY,0,2,1,3,7,2,5,2246,MICHIGAN AVE,41.992396,-87.728368,05/17/2021 07:44:00 AM,2021
CR00018606,02/18/2017 12:34:00 PM,30,CLOUDY/OVERCAST,DAYLIGHT,SIDESWIPE SAME DIRECTION,FOUR WAY,UNKNOWN,UNABLE TO DETERMINE,UNABLE TO DETERMINE,0,0,0,0,12,7,2,402,IRVING PARK RD,41.932426,-87.760262,02/18/2017 02:00:00 PM,2017
CR00018607,07/10/2021 08:00:00 PM,30,CLEAR,DARKNESS - LIGHTED ROAD,REAR END,NOT DIVIDED,NO CONTROLS,FAILING TO REDUCE SPEED,DISTRACTION - FROM INSIDE VEHICLE,0,0,0,0,20,7,7,1130,CICERO AVE,41.773998,-87.605194,07/10/2021 09:38:00 PM,2021
CR00018608,10/21/2022 05:48:00 PM,30,CLEAR,DUSK,FIXED OBJECT,FOUR WAY,STOP SIGN/FLASHER,FOLLOWING TOO CLOSELY,UNABLE TO DETERMINE,0,0,0,0,17,6,10,1105,MILWAUKEE AVE,41.808073,-87.51781,10/21/2022 07:10:00 PM,2022
CR00018609,01/19/2016 09:01:00 AM,40,RAIN,DAYLIGHT,TURNING,DIVIDED - W/MEDIAN BARRIER,NO CONTROLS,DISREGARDING TRAFFIC SIGNALS,FOLLOWING TOO CLOSELY,0,0,0,0,9,3,1,2371,STATE ST,41.854121,-87.575747,01/19/2016 10:27:00 AM,2016
CR00018610,06/09/2017 04:56:00 PM,35,SNOW,DAYLIGHT,ANGLE,DIVIDED - W/MEDIAN BARRIER,NO CONTROLS,UNABLE TO DETERMINE,NOT APPLICABLE,0,0,0,0,16,6,6,2170,47TH ST,41.767882,-87.749903,06/09/2017 06:25:00 PM,2017
CR00018611,07/07/2017 11:38:00 PM,30,RAIN,DAYLIGHT,REAR END,DIVIDED - W/MEDIAN BARRIER,NO CONTROLS,UNABLE TO DETERMINE,FAILING TO YIELD RIGHT-OF-WAY,0,0,0,0,23,6,7,377,CALIFORNIA AVE,41.925828,-87.693574,07/08/2017 01:00:00 AM,2017
CR00018612,01/30/2022 12:56:00 PM,30,CLEAR,DAYLIGHT,PARKED MOTOR VEHICLE,NOT DIVIDED,TRAFFIC SIGNAL,FAILING TO YIELD RIGHT-OF-WAY,NOT APPLICABLE,0,0,0,0,12,1,1,935,ELSTON AVE,41.774075,-87.549497,01/30/2022 01:18:00 PM,2022
CR00018613,01/27/2022 08:38:00 AM,40,CLOUDY/OVERCAST,DAYLIGHT,PARKED MOTOR VEHICLE,NOT DIVIDED,STOP SIGN/FLASHER,DISTRACTION - FROM INSIDE VEHICLE,NOT APPLICABLE,0,0,0,0,8,5,1,867,DAMEN AVE,41.906372,-87.591229,01/27/2022 09:37:00 AM,2022
CR00018614,09/27/2024 11:50:00 PM,45,CLEAR,DARKNESS - LIGHTED ROAD,ANGLE,DIVIDED - W/MEDIAN (NOT RAISED),NO CONTROLS,FOLLOWING TOO CLOSELY,NOT APPLICABLE,0,0,0,0,23,6,9,1091,MILWAUKEE AVE,41.8276,-87.605977,09/28/2024 12:32:00 AM,2024
CR00018615,11/25/2015 07:35:00 AM,45,FREEZING RAIN/DRIZZLE,DARKNESS - LIGHTED ROAD,REAR END,T-INTERSECTION,UNKNOWN,DRIVING SKILLS/KNOWLEDGE/EXPERIENCE,FAILING TO REDUCE SPEED,0,0,0,0,7,4,11,758,WESTERN AVE,41.969907,-87.61099,11/25/2015 07:48:00 AM,2015
CR00018616,05/25/2015 10:23:00 AM,30,RAIN,DAYLIGHT,ANGLE,NOT DIVIDED,TRAFFIC SIGNAL,DISTRACTION - FROM INSIDE VEHICLE,UNABLE TO DETERMINE,0,0,1,1,10,2,5,384,MICHIGAN AVE,41.728115,-87.747775,05/25/2015 11:06:00 AM,2015
CR00018617,05/23/2017 01:12:00 PM,20,CLEAR,DARKNESS - LIGHTED ROAD,ANGLE,DIVIDED - W/MEDIAN (NOT RAISED),TRAFFIC SIGNAL,UNABLE TO DETERMINE,DISREGARDING TRAFFIC SIGNALS,0,0,0,0,13,3,5,631,PULASKI RD,41.968606,-87.828594,05/23/2017 02:53:00 PM,2017
CR00018618,04/27/2021 07:08:00 AM,25,CLEAR,DARKNESS,TURNING,DIVIDED - W/MEDIAN (NOT RAISED),TRAFFIC SIGNAL,IMPROPER LANE USAGE,FOLLOWING TOO CLOSELY,0,0,0,0,7,3,4,939,WESTERN AVE,41.903125,-87.565964,04/27/2021 09:04:00 AM,2021
CR00018619,05/06/2016 12:07:00 PM,35,FOG/SMOKE/HAZE,DARKNESS - LIGHTED ROAD,TURNING,DIVIDED - W/MEDIAN (NOT RAISED),UNKNOWN,UNABLE TO DETERMINE,IMPROPER LANE USAGE,0,0,0,0,12,6,5,1701,MICHIGAN AVE,41.806633,-87.723677,05/06/2016 02:06:00 PM,2016
CR00018620,05/10/2020 09:50:00 PM,15,CLEAR,DARKNESS - LIGHTED ROAD,SIDESWIPE SAME DIRECTION,FOUR WAY,TRAFFIC SIGNAL,IMPROPER OVERTAKING/PASSING,FAILING TO REDUCE SPEED,0,0,0,0,21,1,5,1589,CLARK ST,41.942427,-87.501297,05/10/2020 10:58:00 PM,2020
CR00018621,05/07/2016 09:52:00 AM,15,CLEAR,DAYLIGHT,PEDESTRIAN,NOT DIVIDED,NO CONTROLS,WEATHER,NOT APPLICABLE,0,0,0,0,9,7,5,2363,CICERO AVE,41.840958,-87.776598,05/07/2016 11:01:00 AM,2016
CR00018622,02/17/2018 04:49:00 PM,40,CLEAR,DAYLIGHT,TURNING,NOT DIVIDED,TRAFFIC SIGNAL,UNABLE TO DETERMINE,FAILING TO YIELD RIGHT-OF-WAY,0,0,0,0,16,7,2,1842,OGDEN AVE,41.719573,-87.692491,02/17/2018 06:25:00 PM,2018
CR00018623,05/18/2022 12:58:00 AM,45,CLEAR,DAYLIGHT,TURNING,DIVIDED - W/MEDIAN (NOT RAISED),NO CONTROLS,UNABLE TO DETERMINE,NOT APPLICABLE,0,0,0,0,0,4,5,2458,ARCHER AVE,41.958791,-87.705248,05/18/2022 02:51:00 AM,2022
CR00018624,02/19/2023 02:21:00 AM,40,CLEAR,DARKNESS - LIGHTED ROAD,REAR END,DIVIDED - W/MEDIAN BARRIER,UNKNOWN,DISTRACTION - FROM INSIDE VEHICLE,FAILING TO YIELD RIGHT-OF-WAY,0,0,0,0,2,1,2,1846,ROOSEVELT RD,41.82867,-87.71622,02/19/2023 02:49:00 AM,2023
CR00018625,03/31/2015 07:43:00 PM,25,CLEAR,DAYLIGHT,TURNING,NOT DIVIDED,TRAFFIC SIGNAL,FAILING TO REDUCE SPEED,NOT APPLICABLE,0,0,0,0,19,3,3,2223,CICERO AVE,41.927878,-87.6602,03/31/2015 08:16:00 PM,2015
CR00018626,08/14/2016 02:06:00 AM,25,CLEAR,DAYLIGHT,REAR TO FRONT,FOUR WAY,STOP SIGN/FLASHER,IMPROPER LANE USAGE,UNABLE TO DETERMINE,0,0,0,0,2,1,8,2317,DIVISION ST,41.959874,-87.838383,08/14/2016 03:36:00 AM,2016
CR00018627,11/01/2017 01:18:00 PM,30,CLEAR,DARKNESS,REAR END,NOT DIVIDED,NO CONTROLS,UNABLE TO DETERMINE,NOT APPLICABLE,0,0,3,3,13,4,11,1561,ROOSEVELT RD,41.979134,-87.778363,11/01/2017 01:32:00 PM,2017
CR00018628,08/09/2024 05:01:00 AM,30,FOG/SMOKE/HAZE,DAYLIGHT,FIXED OBJECT,DIVIDED - W/MEDIAN (NOT RAISED),TRAFFIC SIGNAL,FOLLOWING TOO CLOSELY,NOT APPLICABLE,0,0,0,0,5,6,8,2310,DAMEN AVE,41.786515,-87.775047,08/09/2024 06:21:00 AM,2024
CR00018629,10/24/2022 11:26:00 AM,40,CLEAR,DARKNESS - LIGHTED ROAD,REAR END,DIVIDED - W/MEDIAN (NOT RAISED),TRAFFIC SIGNAL,UNABLE TO DETERMINE,UNABLE TO DETERMINE,0,0,0,0,11,2,10,1276,FULLERTON AVE,41.777066,-87.72154,10/24/2022 11:54:00 AM,2022
CR00018630,09/21/2021 10:44:00 AM,30,RAIN,DAYLIGHT,REAR END,T-INTERSECTION,YIELD,IMPROPER OVERTAKING/PASSING,UNABLE TO DETERMINE,0,0,1,1,10,3,9,1817,CALIFORNIA AVE,41.943498,-87.78804,09/21/2021 12:06:00 PM,2021
CR00018631,08/28/2019 07:50:00 PM,20,RAIN,DAYLIGHT,TURNING,NOT DIVIDED,NO CONTROLS,DISREGARDING TRAFFIC SIGNALS,FAILING TO YIELD RIGHT-OF-WAY,0,0,0,0,19,4,8,2421,FULLERTON AVE,41.998932,-87.828082,08/28/2019 09:21:00 PM,2019
CR00018632,10/05/2020 07:04:00 AM,15,CLEAR,DAYLIGHT,ANGLE,NOT DIVIDED,NO CONTROLS,DISTRACTION - FROM INSIDE VEHICLE,NOT APPLICABLE,0,0,0,0,7,2,10,282,CALIFORNIA AVE,41.880213,-87.750885,10/05/2020 07:16:00 AM,2020
CR00018633,12/10/2015 03:25:00 AM,30,RAIN,DARKNESS - LIGHTED ROAD,ANGLE,ONE-WAY,YIELD,UNABLE TO DETERMINE,FAILING TO YIELD RIGHT-OF-WAY,0,0,0,0,3,5,12,1735,ARCHER AVE,41.780618,-87.716828,12/10/2015 04:39:00 AM,2015
CR00018634,10/26/2024 09:29:00 AM,20,CLEAR,DARKNESS - LIGHTED ROAD,REAR END,ONE-WAY,NO CONTROLS,IMPROPER OVERTAKING/PASSING,WEATHER,0,0,0,0,9,7,10,2068,BROADWAY,41.799041,-87.613538,10/26/2024 09:37:00 AM,2024
CR00018635,09/08/2017 02:49:00 PM,20,CLEAR,DARKNESS - LIGHTED ROAD,SIDESWIPE SAME DIRECTION,ONE-WAY,STOP SIGN/FLASHER,FAILING TO YIELD RIGHT-OF-WAY,FAILING TO YIELD RIGHT-OF-WAY,0,0,0,0,14,6,9,223,47TH ST,41.87573,-87.601295,09/08/2017 03:56:00 PM,2017
CR00018636,10/21/2020 02:23:00 AM,25,CLEAR,DAYLIGHT,SIDESWIPE SAME DIRECTION,ONE-WAY,YIELD,UNABLE TO DETERMINE,UNABLE TO DETERMINE,0,0,0,0,2,4,10,1966,ROOSEVELT RD,41.913871,-87.821781,10/21/2020 04:17:00 AM,2020
CR00018637,03/16/2023 06:09:00 PM,30,RAIN,DAYLIGHT,SIDESWIPE SAME DIRECTION,ONE-WAY,STOP SIGN/FLASHER,FAILING TO YIELD RIGHT-OF-WAY,FAILING TO YIELD RIGHT-OF-WAY,0,0,1,1,18,5,3,1589,ARCHER AVE,41.786976,-87.580328,03/16/2023 06:51:00 PM,2023
CR00018638,02/16/2022 05:36:00 PM,45,CLOUDY/OVERCAST,DAYLIGHT,PARKED MOTOR VEHICLE,NOT DIVIDED,NO CONTROLS,IMPROPER LANE USAGE,DISREGARDING TRAFFIC SIGNALS,0,0,0,0,17,4,2,776,ARCHER AVE,41.909507,-87.570711,02/16/2022 05:44:00 PM,2022
CR00018639,03/01/2023 05:28:00 PM,30,CLEAR,DARKNESS - LIGHTED ROAD,REAR END,ONE-WAY,TRAFFIC SIGNAL,FAILING TO YIELD RIGHT-OF-WAY,UNABLE TO DETERMINE,0,0,1,1,17,4,3,189,CALIFORNIA AVE,41.874204,-87.777536,03/01/2023 05:57:00 PM,2023
CR00018640,12/10/2021 03:06:00 PM,15,CLEAR,DARKNESS,SIDESWIPE SAME DIRECTION,NOT DIVIDED,STOP SIGN/FLASHER,UNABLE TO DETERMINE,UNABLE TO DETERMINE,0,0,0,0,15,6,12,2386,ASHLAND AVE,41.908029,-87.821109,12/10/2021 03:50:00 PM,2021
CR00018641,08/22/2018 07:28:00 AM,30,CLEAR,DAYLIGHT,PARKED MOTOR VEHICLE,DIVIDED - W/MEDIAN (NOT RAISED),UNKNOWN,DISTRACTION - FROM INSIDE VEHICLE,FOLLOWING TOO CLOSELY,0,0,0,0,7,4,8,2351,ASHLAND AVE,41.963756,-87.519072,08/22/2018 07:35:00 AM,2018
CR00018642,03/23/2024 11:04:00 AM,25,CLEAR,DAYLIGHT,FIXED OBJECT,NOT DIVIDED,NO CONTROLS,UNABLE TO DETERMINE,UNABLE TO DETERMINE,0,0,0,0,11,7,3,1542,STONY ISLAND AVE,41.95029,-87.684871,03/23/2024 11:09:00 AM,2024
CR00018643,07/27/2022 04:40:00 PM,15,CLEAR,DAYLIGHT,TURNING,T-INTERSECTION,TRAFFIC SIGNAL,UNABLE TO DETERMINE,DISREGARDING TRAFFIC SIGNALS,0,0,0,0,16,4,7,291,CLARK ST,41.891055,-87.828491,07/27/2022 05:29:00 PM,2022
CR00018644,03/21/2019 04:17:00 AM,30,RAIN,DAYLIGHT,REAR END,DIVIDED - W/MEDIAN (NOT RAISED),TRAFFIC SIGNAL,UNABLE TO DETERMINE,UNABLE TO DETERMINE,0,0,3,3,4,5,3,591,79TH ST,41.81223,-87.64959,03/21/2019 05:51:00 AM,2019
CR00018645,10/12/2022 06:11:00 AM,30,CLEAR,DARKNESS - LIGHTED ROAD,REAR END,NOT DIVIDED,TRAFFIC SIGNAL,DRIVING SKILLS/KNOWLEDGE/EXPERIENCE,FAILING TO YIELD RIGHT-OF-WAY,0,0,0,0,6,4,10,2441,DIVISION ST,41.730132,-87.586106,10/12/2022 07:22:00 AM,2022
CR00018646,04/11/2022 03:29:00 AM,45,CLEAR,DARKNESS - LIGHTED ROAD,REAR END,NOT DIVIDED,TRAFFIC SIGNAL,UNABLE TO DETERMINE,IMPROPER OVERTAKING/PASSING,0,0,0,0,3,2,4,1092,IRVING PARK RD,41.931954,-87.538058,04/11/2022 03:36:00 AM,2022
CR00018647,04/04/2017 08:31:00 PM,30,SNOW,DAYLIGHT,PEDESTRIAN,ONE-WAY,TRAFFIC SIGNAL,FOLLOWING TOO CLOSELY,UNABLE TO DETERMINE,0,0,2,2,20,3,4,1322,DIVISION ST,41.842164,-87.605958,04/04/2017 08:55:00 PM,2017
CR00018648,01/09/2024 05:52:00 PM,45,CLOUDY/OVERCAST,DARKNESS - LIGHTED ROAD,PEDESTRIAN,FOUR WAY,TRAFFIC SIGNAL,DISTRACTION - FROM INSIDE VEHICLE,IMPROPER OVERTAKING/PASSING,0,0,0,0,17,3,1,954,DIVISION ST,41.736195,-87.693677,01/09/2024 07:45:00 PM,2024
CR00018649,08/03/2023 04:40:00 PM,30,CLEAR,DAYLIGHT,FIXED OBJECT,NOT DIVIDED,NO CONTROLS,DISTRACTION - FROM INSIDE VEHICLE,DISREGARDING TRAFFIC SIGNALS,0,0,2,2,16,5,8,842,79TH ST,41.785012,-87.538907,08/03/2023 05:50:00 PM,2023
CR00018650,01/25/2021 06:16:00 AM,30,CLEAR,DAYLIGHT,TURNING,NOT DIVIDED,NO CONTROLS,FOLLOWING TOO CLOSELY,FAILING TO YIELD RIGHT-OF-WAY,0,0,0,0,6,2,1,1718,LAKE SHORE DR,41.71509,-87.515988,01/25/2021 07:29:00 AM,2021
CR00018651,05/03/2016 08:28:00 PM,45,RAIN,DARKNESS - LIGHTED ROAD,PARKED MOTOR VEHICLE,DIVIDED - W/MEDIAN BARRIER,NO CONTROLS,FOLLOWING TOO CLOSELY,UNABLE TO DETERMINE,0,0,1,1,20,3,5,1576,WESTERN AVE,41.812374,-87.596149,05/03/2016 08:43:00 PM,2016
CR00018652,10/09/2017 08:30:00 AM,30,CLEAR,DAYLIGHT,PARKED MOTOR VEHICLE,T-INTERSECTION,STOP SIGN/FLASHER,UNABLE TO DETERMINE,NOT APPLICABLE,0,0,0,0,8,2,10,2150,STATE ST,41.98492,-87.817735,10/09/2017 10:28:00 AM,2017
CR00018653,06/06/2018 06:59:00 PM,35,CLEAR,DAYLIGHT,PARKED MOTOR VEHICLE,FOUR WAY,NO CONTROLS,FAILING TO YIELD RIGHT-OF-WAY,UNABLE TO DETERMINE,0,0,0,0,18,4,6,1348,HALSTED ST,41.820362,-87.617586,06/06/2018 08:42:00 PM,2018
CR00018654,11/25/2017 11:22:00 PM,30,CLEAR,DUSK,TURNING,NOT DIVIDED,STOP SIGN/FLASHER,FAILING TO YIELD RIGHT-OF-WAY,UNABLE TO DETERMINE,0,0,0,0,23,7,11,1986,63RD ST,41.967726,-87.744103,11/26/2017 12:10:00 AM,2017
CR00018655,05/15/2024 03:48:00 PM,30,CLEAR,DAYLIGHT,FIXED OBJECT,ONE-WAY,TRAFFIC SIGNAL,UNABLE TO DETERMINE,DRIVING SKILLS/KNOWLEDGE/EXPERIENCE,0,0,0,0,15,4,5,138,STATE ST,41.902366,-87.511684,05/15/2024 04:22:00 PM,2024
CR00018656,09/22/2022 04:15:00 PM,30,SNOW,DAYLIGHT,SIDESWIPE SAME DIRECTION,NOT DIVIDED,NO CONTROLS,FAILING TO REDUCE SPEED,DRIVING SKILLS/KNOWLEDGE/EXPERIENCE,0,0,3,3,16,5,9,537,IRVING PARK RD,41.706556,-87.539508,09/22/2022 05:21:00 PM,2022
CR00018657,02/27/2016 03:39:00 PM,35,CLEAR,DUSK,FIXED OBJECT,T-INTERSECTION,UNKNOWN,FAILING TO YIELD RIGHT-OF-WAY,DRIVING SKILLS/KNOWLEDGE/EXPERIENCE,0,0,0,0,15,7,2,293,ROOSEVELT RD,41.832475,-87.741572,02/27/2016 03:57:00 PM,2016
CR00018658,04/05/2016 09:39:00 AM,45,CLEAR,DAYLIGHT,TURNING,ONE-WAY,UNKNOWN,UNABLE TO DETERMINE,UNABLE TO DETERMINE,0,0,3,3,9,3,4,1655,WESTERN AVE,41.799689,-87.659765,04/05/2016 11:14:00 AM,2016
CR00018659,09/20/2018 01:18:00 PM,30,CLEAR,DAYLIGHT,SIDESWIPE SAME DIRECTION,NOT DIVIDED,NO CONTROLS,DISTRACTION - FROM INSIDE VEHICLE,DRIVING SKILLS/KNOWLEDGE/EXPERIENCE,0,0,1,1,13,5,9,1852,CICERO AVE,41.929284,-87.631432,09/20/2018 02:58:00 PM,2018
CR00018660,04/19/2021 10:34:00 AM,35,RAIN,DAYLIGHT,TURNING,NOT DIVIDED,TRAFFIC SIGNAL,FOLLOWING TOO CLOSELY,NOT APPLICABLE,0,0,0,0,10,2,4,2263,63RD ST,41.762658,-87.693413,04/19/2021 10:42:00 AM,2021
CR00018661,12/28/2017 10:47:00 PM,25,CLEAR,DARKNESS,FIXED OBJECT,ONE-WAY,NO CONTROLS,DISTRACTION - FROM INSIDE VEHICLE,UNABLE TO DETERMINE,0,0,1,1,22,5,12,1374,STATE ST,41.944498,-87.782253,12/28/2017 11:19:00 PM,2017
CR00018662,05/09/2020 04:50:00 PM,45,CLEAR,DAYLIGHT,REAR END,NOT DIVIDED,NO CONTROLS,WEATHER,NOT APPLICABLE,0,0,0,0,16,7,5,1315,MICHIGAN AVE,41.885483,-87.637768,05/09/2020 05:32:00 PM,2020
CR00018663,12/28/2015 08:27:00 AM,45,RAIN,DARKNESS - LIGHTED ROAD,ANGLE,NOT DIVIDED,TRAFFIC SIGNAL,IMPROPER LANE USAGE,WEATHER,0,0,2,2,8,2,12,2335,ARCHER AVE,41.79536,-87.79427,12/28/2015 10:09:00 AM,2015
CR00018664,06/02/2021 10:49:00 AM,15,CLEAR,DAYLIGHT,TURNING,NOT DIVIDED,STOP SIGN/FLASHER,UNABLE TO DETERMINE,NOT APPLICABLE,0,0,0,0,10,4,6,1918,ASHLAND AVE,41.82559,-87.819776,06/02/2021 11:30:00 AM,2021
CR00018665,11/04/2018 07:05:00 AM,35,CLEAR,DAYLIGHT,TURNING,NOT DIVIDED,NO CONTROLS,FOLLOWING TOO CLOSELY,IMPROPER OVERTAKING/PASSING,0,0,3,3,7,1,11,970,LAKE SHORE DR,41.884559,-87.754456,11/04/2018 08:04:00 AM,2018
CR00018666,06/20/2024 08:12:00 PM,20,CLEAR,DAYLIGHT,TURNING,NOT DIVIDED,UNKNOWN,UNABLE TO DETERMINE,NOT APPLICABLE,0,0,0,0,20,5,6,2388,KEDZIE AVE,41.748067,-87.628579,06/20/2024 08:41:00 PM,2024
CR00018667,10/27/2024 01:27:00 PM,25,CLEAR,DARKNESS - LIGHTED ROAD,FIXED OBJECT,DIVIDED - W/MEDIAN (NOT RAISED),NO CONTROLS,FAILING TO YIELD RIGHT-OF-WAY,IMPROPER LANE USAGE,0,0,0,0,13,1,10,1999,63RD ST,41.915797,-87.835253,10/27/2024 03:17:00 PM,2024
CR00018668,09/09/2020 12:00:00 PM,20,CLEAR,DARKNESS - LIGHTED ROAD,REAR TO FRONT,ONE-WAY,STOP SIGN/FLASHER,UNABLE TO DETERMINE,FOLLOWING TOO CLOSELY,0,0,0,0,12,4,9,2371,ROOSEVELT RD,41.853516,-87.669881,09/09/2020 12:04:00 PM,2020
CR00018669,04/03/2021 08:12:00 PM,30,CLEAR,DAYLIGHT,ANGLE,ONE-WAY,TRAFFIC SIGNAL,IMPROPER LANE USAGE,UNABLE TO DETERMINE,0,0,1,1,20,7,4,2460,47TH ST,41.917128,-87.648258,04/03/2021 08:28:00 PM,2021
CR00018670,08/12/2017 12:10:00 PM,40,CLEAR,DARKNESS,REAR END,NOT DIVIDED,YIELD,DISTRACTION - FROM INSIDE VEHICLE,UNABLE TO DETERMINE,0,0,0,0,12,7,8,1309,MILWAUKEE AVE,41.867106,-87.685404,08/12/2017 01:02:00 PM,2017
CR00018671,12/21/2015 02:49:00 AM,15,RAIN,DAYLIGHT,PARKED MOTOR VEHICLE,DIVIDED - W/MEDIAN BARRIER,NO CONTROLS,DISREGARDING TRAFFIC SIGNALS,UNABLE TO DETERMINE,0,0,0,0,2,2,12,750,IRVING PARK RD,41.904886,-87.521133,12/21/2015 04:03:00 AM,2015
CR00018672,03/16/2020 07:27:00 PM,20,SNOW,DAYLIGHT,PARKED MOTOR VEHICLE,ONE-WAY,TRAFFIC SIGNAL,DISTRACTION - FROM INSIDE VEHICLE,NOT APPLICABLE,0,0,0,0,19,2,3,1574,CLARK ST,41.85124,-87.823359,03/16/2020 08:26:00 PM,2020
CR00018673,04/02/2021 01:17:00 PM,30,CLEAR,DARKNESS - LIGHTED ROAD,TURNING,NOT DIVIDED,TRAFFIC SIGNAL,IMPROPER OVERTAKING/PASSING,DISTRACTION - FROM INSIDE VEHICLE,0,0,0,0,13,6,4,2503,KEDZIE AVE,41.892191,-87.579398,04/02/2021 03:04:00 PM,2021
CR00018674,12/21/2020 01:20:00 PM,15,RAIN,DAYLIGHT,SIDESWIPE SAME DIRECTION,T-INTERSECTION,NO CONTROLS,UNABLE TO DETERMINE,UNABLE TO DETERMINE,0,0,0,0,13,2,12,1604,HALSTED ST,41.718217,-87.798184,12/21/2020 02:30:00 PM,2020
CR00018675,02/07/2015 04:05:00 PM,30,CLEAR,DAYLIGHT,REAR END,NOT DIVIDED,NO CONTROLS,IMPROPER LANE USAGE,UNABLE TO DETERMINE,0,0,2,2,16,7,2,1225,FULLERTON AVE,41.960742,-87.845257,02/07/2015 05:38:00 PM,2015
CR00018676,05/07/2019 09:51:00 AM,30,FREEZING RAIN/DRIZZLE,DARKNESS - LIGHTED ROAD,TURNING,NOT DIVIDED,NO CONTROLS,IMPROPER LANE USAGE,FAILING TO REDUCE SPEED,0,0,0,0,9,3,5,2131,63RD ST,41.718966,-87.803064,05/07/2019 10:38:00 AM,2019
CR00018677,11/10/2016 03:22:00 PM,20,CLEAR,DAYLIGHT,ANGLE,NOT DIVIDED,STOP SIGN/FLASHER,DISTRACTION - FROM INSIDE VEHICLE,DISREGARDING TRAFFIC SIGNALS,0,0,0,0,15,5,11,1819,63RD ST,41.760753,-87.514315,11/10/2016 04:12:00 PM,2016
CR00018678,06/09/2016 03:59:00 PM,25,CLEAR,DARKNESS - LIGHTED ROAD,PEDESTRIAN,DIVIDED - W/MEDIAN BARRIER,NO CONTROLS,IMPROPER OVERTAKING/PASSING,UNABLE TO DETERMINE,0,0,0,0,15,5,6,2268,LAKE SHORE DR,41.83449,-87.71321,06/09/2016 04:49:00 PM,2016
CR00018679,11/17/2023 02:53:00 PM,30,SNOW,DAYLIGHT,SIDESWIPE SAME DIRECTION,ONE-WAY,TRAFFIC SIGNAL,FAILING TO YIELD RIGHT-OF-WAY,UNABLE TO DETERMINE,0,0,0,0,14,6,11,2058,IRVING PARK RD,41.976723,-87.636438,11/17/2023 03:03:00 PM,2023
CR00018680,10/09/2016 05:11:00 AM,15,SNOW,DARKNESS - LIGHTED ROAD,REAR END,NOT DIVIDED,NO CONTROLS,UNABLE TO DETERMINE,UNABLE TO DETERMINE,0,0,1,1,5,1,10,2022,CICERO AVE,41.978982,-87.808044,10/09/2016 06:22:00 AM,2016
CR00018681,10/13/2019 07:18:00 AM,40,CLEAR,DAYLIGHT,PEDESTRIAN,DIVIDED - W/MEDIAN (NOT RAISED),STOP SIGN/FLASHER,IMPROPER LANE USAGE,IMPROPER OVERTAKING/PASSING,0,0,0,0,7,1,10,964,PULASKI RD,41.716448,-87.528066,10/13/2019 07:56:00 AM,2019
CR00018682,04/15/2022 05:38:00 PM,35,CLEAR,DAYLIGHT,TURNING,NOT DIVIDED,NO CONTROLS,UNABLE TO DETERMINE,UNABLE TO DETERMINE,0,0,1,1,17,6,4,663,79TH ST,41.831736,-87.591543,04/15/2022 06:11:00 PM,2022
CR00018683,06/06/2016 10:29:00 AM,25,CLEAR,DARKNESS,TURNING,NOT DIVIDED,UNKNOWN,DRIVING SKILLS/KNOWLEDGE/EXPERIENCE,IMPROPER LANE USAGE,0,0,0,0,10,2,6,2144,BROADWAY,41.828883,-87.842953,06/06/2016 12:17:00 PM,2016