CRASH_RECORD_ID,CRASH_DATE,POSTED_SPEED_LIMIT,WEATHER_CONDITION,LIGHTING_CONDITION,FIRST_CRASH_TYPE,TRAFFICWAY_TYPE,TRAFFIC_CONTROL_DEVICE,PRIM_CONTRIBUTORY_CAUSE,SEC_CONTRIBUTORY_CAUSE,INJURIES_FATAL,INJURIES_INCAPACITATING,INJURIES_NON_INCAPACITATING,INJURIES_TOTAL,CRASH_HOUR,CRASH_DAY_OF_WEEK,CRASH_MONTH,BEAT_OF_OCCURRENCE,STREET_NAME,LATITUDE,LONGITUDE,DATE_POLICE_NOTIFIED,year
CR00018684,02/09/2019 11:33:00 PM,25,CLEAR,DARKNESS,SIDESWIPE SAME DIRECTION,DIVIDED - W/MEDIAN (NOT RAISED),NO CONTROLS,FOLLOWING TOO CLOSELY,UNABLE TO DETERMINE,0,0,3,3,23,7,2,1497,DIVISION ST,41.989479,-87.799145,02/10/2019 12:03:00 AM,2019
CR00018685,06/20/2023 07:06:00 AM,40,CLEAR,DARKNESS - LIGHTED ROAD,SIDESWIPE SAME DIRECTION,DIVIDED - W/MEDIAN BARRIER,NO CONTROLS,DISTRACTION - FROM INSIDE VEHICLE,UNABLE TO DETERMINE,0,0,1,1,7,3,6,536,ELSTON AVE,41.769038,-87.628122,06/20/2023 08:45:00 AM,2023
CR00018686,10/22/2024 11:05:00 AM,30,RAIN,DAYLIGHT,ANGLE,NOT DIVIDED,NO CONTROLS,IMPROPER LANE USAGE,UNABLE TO DETERMINE,0,1,1,2,11,3,10,577,HALSTED ST,41.908393,-87.699197,10/22/2024 12:22:00 PM,2024
CR00018687,11/05/2015 02:58:00 AM,25,CLEAR,DARKNESS - LIGHTED ROAD,REAR TO FRONT,NOT DIVIDED,TRAFFIC SIGNAL,UNABLE TO DETERMINE,DRIVING SKILLS/KNOWLEDGE/EXPERIENCE,0,0,0,0,2,5,11,193,47TH ST,41.752458,-87.631688,11/05/2015 04:41:00 AM,2015
CR00018688,06/17/2022 03:48:00 PM,15,CLEAR,DAYLIGHT,REAR END,DIVIDED - W/MEDIAN BARRIER,NO CONTROLS,IMPROPER LANE USAGE,WEATHER,0,0,0,0,15,6,6,124,ELSTON AVE,41.717804,-87.73337,06/17/2022 05:23:00 PM,2022
CR00018689,06/11/2018 10:00:00 AM,35,RAIN,DARKNESS - LIGHTED ROAD,SIDESWIPE SAME DIRECTION,NOT DIVIDED,NO CONTROLS,UNABLE TO DETERMINE,IMPROPER LANE USAGE,0,0,0,0,10,2,6,207,PULASKI RD,41.982074,-87.572177,06/11/2018 10:10:00 AM,2018
CR00018690,07/04/2019 04:06:00 PM,40,CLEAR,DAYLIGHT,PARKED MOTOR VEHICLE,FOUR WAY,NO CONTROLS,FAILING TO YIELD RIGHT-OF-WAY,DISTRACTION - FROM INSIDE VEHICLE,0,0,0,0,16,5,7,742,ELSTON AVE,41.758864,-87.812617,07/04/2019 05:20:00 PM,2019
CR00018691,11/09/2020 08:06:00 AM,35,SNOW,DAWN,TURNING,T-INTERSECTION,UNKNOWN,FAILING TO REDUCE SPEED,UNABLE TO DETERMINE,0,0,0,0,8,2,11,1956,CLARK ST,41.861285,-87.535134,11/09/2020 09:23:00 AM,2020
CR00018692,09/29/2023 06:44:00 PM,30,RAIN,DAYLIGHT,SIDESWIPE SAME DIRECTION,DIVIDED - W/MEDIAN (NOT RAISED),TRAFFIC SIGNAL,FAILING TO REDUCE SPEED,FAILING TO YIELD RIGHT-OF-WAY,0,0,1,1,18,6,9,2083,DAMEN AVE,41.871601,-87.60909,09/29/2023 08:13:00 PM,2023
CR00018693,02/28/2018 08:59:00 PM,30,CLEAR,DARKNESS - LIGHTED ROAD,SIDESWIPE SAME DIRECTION,ONE-WAY,UNKNOWN,FOLLOWING TOO CLOSELY,IMPROPER OVERTAKING/PASSING,0,1,1,2,20,4,2,1623,79TH ST,41.956837,-87.799239,02/28/2018 10:28:00 PM,2018
CR00018694,08/22/2015 04:54:00 PM,15,RAIN,DAYLIGHT,PARKED MOTOR VEHICLE,DIVIDED - W/MEDIAN BARRIER,NO CONTROLS,FAILING TO REDUCE SPEED,NOT APPLICABLE,0,0,1,1,16,7,8,1818,WESTERN AVE,41.890818,-87.650441,08/22/2015 06:24:00 PM,2015
CR00018695,12/14/2020 04:56:00 PM,30,CLEAR,DAYLIGHT,PEDESTRIAN,ONE-WAY,NO CONTROLS,FOLLOWING TOO CLOSELY,WEATHER,0,0,0,0,16,2,12,1164,PULASKI RD,41.857026,-87.526023,12/14/2020 06:18:00 PM,2020
CR00018696,09/26/2015 08:19:00 AM,20,CLEAR,DARKNESS,SIDESWIPE SAME DIRECTION,NOT DIVIDED,NO CONTROLS,DRIVING SKILLS/KNOWLEDGE/EXPERIENCE,FAILING TO YIELD RIGHT-OF-WAY,0,0,0,0,8,7,9,1953,MICHIGAN AVE,41.867275,-87.81965,09/26/2015 10:04:00 AM,2015
CR00018697,03/02/2015 03:47:00 PM,25,CLEAR,DARKNESS - LIGHTED ROAD,TURNING,DIVIDED - W/MEDIAN BARRIER,YIELD,IMPROPER LANE USAGE,FAILING TO YIELD RIGHT-OF-WAY,0,0,0,0,15,2,3,2166,FULLERTON AVE,41.791391,-87.843467,03/02/2015 04:10:00 PM,2015
CR00018698,04/10/2022 09:37:00 AM,35,CLOUDY/OVERCAST,DAYLIGHT,TURNING,NOT DIVIDED,UNKNOWN,DISREGARDING TRAFFIC SIGNALS,DRIVING SKILLS/KNOWLEDGE/EXPERIENCE,0,0,0,0,9,1,4,2238,IRVING PARK RD,41.837254,-87.820417,04/10/2022 10:39:00 AM,2022
CR00018699,04/30/2016 12:47:00 AM,25,CLEAR,DAWN,TURNING,DIVIDED - W/MEDIAN (NOT RAISED),UNKNOWN,UNABLE TO DETERMINE,WEATHER,0,0,0,0,0,7,4,2316,OGDEN AVE,41.823192,-87.77221,04/30/2016 01:34:00 AM,2016
CR00018700,11/28/2015 02:07:00 AM,40,CLOUDY/OVERCAST,DAYLIGHT,TURNING,ONE-WAY,NO CONTROLS,WEATHER,IMPROPER OVERTAKING/PASSING,0,0,0,0,2,7,11,2435,WESTERN AVE,41.878468,-87.560916,11/28/2015 03:55:00 AM,2015
CR00018701,01/15/2015 10:26:00 AM,30,FOG/SMOKE/HAZE,DAYLIGHT,ANGLE,NOT DIVIDED,NO CONTROLS,UNABLE TO DETERMINE,DRIVING SKILLS/KNOWLEDGE/EXPERIENCE,0,2,3,5,10,5,1,1873,ASHLAND AVE,41.981154,-87.511753,01/15/2015 12:05:00 PM,2015
CR00018702,06/28/2022 11:16:00 AM,30,CLEAR,DAYLIGHT,TURNING,DIVIDED - W/MEDIAN BARRIER,TRAFFIC SIGNAL,UNABLE TO DETERMINE,IMPROPER OVERTAKING/PASSING,0,0,0,0,11,3,6,2006,LAKE SHORE DR,41.791791,-87.830217,06/28/2022 11:19:00 AM,2022
CR00018703,02/24/2015 12:09:00 PM,35,CLEAR,DARKNESS - LIGHTED ROAD,REAR TO FRONT,NOT DIVIDED,TRAFFIC SIGNAL,UNABLE TO DETERMINE,IMPROPER OVERTAKING/PASSING,0,0,0,0,12,3,2,2003,WESTERN AVE,41.748661,-87.674902,02/24/2015 01:31:00 PM,2015
CR00018704,03/05/2015 12:47:00 PM,45,CLEAR,DARKNESS - LIGHTED ROAD,TURNING,FOUR WAY,TRAFFIC SIGNAL,DISTRACTION - FROM INSIDE VEHICLE,UNABLE TO DETERMINE,0,0,0,0,12,5,3,1166,MILWAUKEE AVE,41.785617,-87.51017,03/05/2015 02:46:00 PM,2015
CR00018705,02/19/2018 12:29:00 AM,15,CLEAR,DAYLIGHT,ANGLE,NOT DIVIDED,STOP SIGN/FLASHER,FAILING TO YIELD RIGHT-OF-WAY,IMPROPER OVERTAKING/PASSING,0,0,0,0,0,2,2,1605,FULLERTON AVE,41.968839,-87.664639,02/19/2018 02:16:00 AM,2018
CR00018706,07/29/2017 12:07:00 AM,30,CLOUDY/OVERCAST,DARKNESS - LIGHTED ROAD,ANGLE,DIVIDED - W/MEDIAN (NOT RAISED),TRAFFIC SIGNAL,DRIVING SKILLS/KNOWLEDGE/EXPERIENCE,UNABLE TO DETERMINE,0,0,3,3,0,7,7,188,STATE ST,41.871095,-87.618719,07/29/2017 01:36:00 AM,2017
CR00018707,10/14/2017 03:31:00 PM,25,CLEAR,DAYLIGHT,SIDESWIPE SAME DIRECTION,NOT DIVIDED,STOP SIGN/FLASHER,FOLLOWING TOO CLOSELY,FAILING TO YIELD RIGHT-OF-WAY,0,0,0,0,15,7,10,765,CICERO AVE,41.970503,-87.533595,10/14/2017 04:32:00 PM,2017
CR00018708,07/16/2020 08:45:00 PM,45,CLEAR,DUSK,ANGLE,DIVIDED - W/MEDIAN BARRIER,TRAFFIC SIGNAL,UNABLE TO DETERMINE,DISTRACTION - FROM INSIDE VEHICLE,0,0,0,0,20,5,7,1099,DIVISION ST,41.837592,-87.847711,07/16/2020 09:39:00 PM,2020
CR00018709,10/10/2021 02:13:00 AM,20,RAIN,DARKNESS,REAR END,DIVIDED - W/MEDIAN (NOT RAISED),YIELD,IMPROPER LANE USAGE,UNABLE TO DETERMINE,0,0,0,0,2,1,10,968,BROADWAY,41.762155,-87.814547,10/10/2021 02:44:00 AM,2021
CR00018710,04/04/2017 01:29:00 PM,25,RAIN,DAWN,PARKED MOTOR VEHICLE,NOT DIVIDED,UNKNOWN,FAILING TO YIELD RIGHT-OF-WAY,UNABLE TO DETERMINE,0,0,0,0,13,3,4,1550,79TH ST,41.919482,-87.719954,04/04/2017 02:05:00 PM,2017
CR00018711,05/30/2018 07:14:00 PM,30,CLEAR,DAYLIGHT,REAR END,NOT DIVIDED,TRAFFIC SIGNAL,UNABLE TO DETERMINE,IMPROPER LANE USAGE,0,0,1,1,19,4,5,509,WESTERN AVE,41.954172,-87.707975,05/30/2018 09:11:00 PM,2018
CR00018712,05/15/2015 06:27:00 PM,40,CLOUDY/OVERCAST,DARKNESS,TURNING,DIVIDED - W/MEDIAN (NOT RAISED),YIELD,DISREGARDING TRAFFIC SIGNALS,IMPROPER LANE USAGE,0,0,0,0,18,6,5,1596,63RD ST,41.76494,-87.810997,05/15/2015 07:23:00 PM,2015
CR00018713,04/29/2021 10:18:00 PM,25,CLEAR,DAYLIGHT,ANGLE,NOT DIVIDED,NO CONTROLS,FAILING TO YIELD RIGHT-OF-WAY,FAILING TO YIELD RIGHT-OF-WAY,0,0,3,3,22,5,4,660,STATE ST,41.760705,-87.643426,04/30/2021 12:15:00 AM,2021
CR00018714,11/12/2017 12:08:00 AM,35,CLEAR,DAYLIGHT,REAR END,ONE-WAY,NO CONTROLS,IMPROPER OVERTAKING/PASSING,DISREGARDING TRAFFIC SIGNALS,0,0,0,0,0,1,11,917,ARCHER AVE,41.907977,-87.70282,11/12/2017 01:22:00 AM,2017
CR00018715,12/02/2015 06:14:00 PM,20,SNOW,DARKNESS,PEDESTRIAN,DIVIDED - W/MEDIAN (NOT RAISED),TRAFFIC SIGNAL,UNABLE TO DETERMINE,DISREGARDING TRAFFIC SIGNALS,0,0,0,0,18,4,12,954,LAKE SHORE DR,41.782522,-87.646276,12/02/2015 07:05:00 PM,2015
CR00018716,12/10/2016 06:47:00 PM,30,CLEAR,DAYLIGHT,TURNING,NOT DIVIDED,STOP SIGN/FLASHER,UNABLE TO DETERMINE,NOT APPLICABLE,0,0,1,1,18,7,12,1447,PULASKI RD,41.913321,-87.750941,12/10/2016 08:22:00 PM,2016
CR00018717,07/11/2016 04:20:00 PM,25,CLEAR,DAYLIGHT,ANGLE,NOT DIVIDED,YIELD,UNABLE TO DETERMINE,FAILING TO REDUCE SPEED,0,0,1,1,16,2,7,536,ROOSEVELT RD,41.976956,-87.847924,07/11/2016 05:48:00 PM,2016
CR00018718,01/22/2024 06:31:00 PM,30,CLEAR,DAYLIGHT,REAR END,ONE-WAY,TRAFFIC SIGNAL,WEATHER,FAILING TO YIELD RIGHT-OF-WAY,0,0,0,0,18,2,1,103,DIVISION ST,41.965642,-87.792212,01/22/2024 08:28:00 PM,2024
CR00018719,03/15/2024 08:30:00 AM,15,RAIN,DAYLIGHT,REAR TO FRONT,T-INTERSECTION,STOP SIGN/FLASHER,IMPROPER LANE USAGE,FAILING TO REDUCE SPEED,0,0,0,0,8,6,3,1798,47TH ST,41.747163,-87.540509,03/15/2024 10:23:00 AM,2024
CR00018720,02/05/2018 04:37:00 PM,25,CLEAR,DAWN,ANGLE,DIVIDED - W/MEDIAN BARRIER,NO CONTROLS,DRIVING SKILLS/KNOWLEDGE/EXPERIENCE,UNABLE TO DETERMINE,0,0,0,0,16,2,2,1634,ARCHER AVE,41.782304,-87.695348,02/05/2018 05:23:00 PM,2018
CR00018721,03/09/2021 04:09:00 PM,35,CLEAR,DARKNESS - LIGHTED ROAD,SIDESWIPE SAME DIRECTION,NOT DIVIDED,NO CONTROLS,UNABLE TO DETERMINE,UNABLE TO DETERMINE,0,2,3,5,16,3,3,1828,DIVISION ST,41.814937,-87.523054,03/09/2021 05:18:00 PM,2021
CR00018722,07/12/2018 01:35:00 PM,45,CLEAR,DARKNESS - LIGHTED ROAD,PARKED MOTOR VEHICLE,ONE-WAY,NO CONTROLS,UNABLE TO DETERMINE,UNABLE TO DETERMINE,0,0,0,0,13,5,7,1688,MICHIGAN AVE,41.964926,-87.506347,07/12/2018 02:24:00 PM,2018
CR00018723,04/23/2016 06:15:00 PM,20,CLEAR,DAYLIGHT,ANGLE,NOT DIVIDED,NO CONTROLS,DISREGARDING TRAFFIC SIGNALS,FOLLOWING TOO CLOSELY,0,0,0,0,18,7,4,486,ELSTON AVE,41.982945,-87.784593,04/23/2016 06:16:00 PM,2016
CR00018724,11/07/2021 04:15:00 AM,35,CLEAR,DAWN,TURNING,DIVIDED - W/MEDIAN (NOT RAISED),NO CONTROLS,DISREGARDING TRAFFIC SIGNALS,NOT APPLICABLE,0,0,1,1,4,1,11,2303,STONY ISLAND AVE,41.73876,-87.689003,11/07/2021 04:57:00 AM,2021
CR00018725,03/13/2016 07:17:00 AM,40,RAIN,DARKNESS - LIGHTED ROAD,TURNING,NOT DIVIDED,TRAFFIC SIGNAL,FOLLOWING TOO CLOSELY,FOLLOWING TOO CLOSELY,0,0,0,0,7,1,3,2212,47TH ST,41.796467,-87.775271,03/13/2016 07:19:00 AM,2016
CR00018726,07/08/2016 07:37:00 AM,25,CLEAR,DAYLIGHT,REAR END,DIVIDED - W/MEDIAN (NOT RAISED),TRAFFIC SIGNAL,DRIVING SKILLS/KNOWLEDGE/EXPERIENCE,IMPROPER LANE USAGE,0,2,3,5,7,6,7,2244,DAMEN AVE,41.85937,-87.827664,07/08/2016 08:02:00 AM,2016
CR00018727,11/22/2019 09:17:00 AM,15,CLOUDY/OVERCAST,DARKNESS - LIGHTED ROAD,PARKED MOTOR VEHICLE,FOUR WAY,TRAFFIC SIGNAL,FAILING TO YIELD RIGHT-OF-WAY,FOLLOWING TOO CLOSELY,0,0,0,0,9,6,11,258,ASHLAND AVE,41.99833,-87.71844,11/22/2019 09:55:00 AM,2019
CR00018728,04/15/2021 12:09:00 PM,35,CLEAR,DARKNESS - LIGHTED ROAD,REAR END,ONE-WAY,TRAFFIC SIGNAL,FAILING TO YIELD RIGHT-OF-WAY,FAILING TO REDUCE SPEED,0,0,2,2,12,5,4,1693,OGDEN AVE,41.988242,-87.626184,04/15/2021 01:11:00 PM,2021
CR00018729,11/23/2021 02:36:00 AM,30,RAIN,DARKNESS - LIGHTED ROAD,REAR END,T-INTERSECTION,NO CONTROLS,UNABLE TO DETERMINE,IMPROPER OVERTAKING/PASSING,0,0,0,0,2,3,11,1470,IRVING PARK RD,41.744368,-87.803155,11/23/2021 03:46:00 AM,2021
CR00018730,01/11/2015 09:38:00 AM,35,CLEAR,DAYLIGHT,TURNING,NOT DIVIDED,NO CONTROLS,FAILING TO REDUCE SPEED,FAILING TO YIELD RIGHT-OF-WAY,0,0,0,0,9,1,1,1733,CLARK ST,41.817897,-87.829991,01/11/2015 11:29:00 AM,2015
CR00018731,05/24/2021 05:13:00 AM,45,CLEAR,DAYLIGHT,FIXED OBJECT,DIVIDED - W/MEDIAN (NOT RAISED),NO CONTROLS,UNABLE TO DETERMINE,DRIVING SKILLS/KNOWLEDGE/EXPERIENCE,0,1,2,3,5,2,5,1526,47TH ST,41.905623,-87.530199,05/24/2021 05:30:00 AM,2021
CR00018732,10/26/2021 06:15:00 AM,45,CLEAR,DAYLIGHT,FIXED OBJECT,ONE-WAY,NO CONTROLS,IMPROPER OVERTAKING/PASSING,UNABLE TO DETERMINE,0,0,0,0,6,3,10,612,ROOSEVELT RD,41.900993,-87.741782,10/26/2021 07:33:00 AM,2021
CR00018733,11/24/2021 07:20:00 PM,35,CLEAR,DAYLIGHT,REAR TO FRONT,DIVIDED - W/MEDIAN BARRIER,TRAFFIC SIGNAL,UNABLE TO DETERMINE,IMPROPER OVERTAKING/PASSING,0,0,0,0,19,4,11,1799,IRVING PARK RD,41.729678,-87.741672,11/24/2021 08:05:00 PM,2021
CR00018734,06/03/2021 08:54:00 AM,30,CLEAR,DAYLIGHT,REAR END,ONE-WAY,STOP SIGN/FLASHER,UNABLE TO DETERMINE,NOT APPLICABLE,0,0,1,1,8,5,6,1358,PULASKI RD,41.938194,-87.734146,06/03/2021 10:41:00 AM,2021
CR00018735,09/29/2015 05:29:00 PM,30,CLEAR,DAYLIGHT,FIXED OBJECT,ONE-WAY,NO CONTROLS,UNABLE TO DETERMINE,NOT APPLICABLE,0,0,1,1,17,3,9,928,LAKE SHORE DR,41.972021,-87.793524,09/29/2015 07:23:00 PM,2015
CR00018736,09/10/2017 05:54:00 PM,30,CLOUDY/OVERCAST,DAYLIGHT,REAR TO FRONT,FOUR WAY,STOP SIGN/FLASHER,UNABLE TO DETERMINE,FOLLOWING TOO CLOSELY,0,0,0,0,17,1,9,1552,HALSTED ST,41.950274,-87.624623,09/10/2017 07:54:00 PM,2017
CR00018737,03/11/2015 07:35:00 AM,15,CLEAR,DARKNESS - LIGHTED ROAD,PARKED MOTOR VEHICLE,NOT DIVIDED,TRAFFIC SIGNAL,IMPROPER OVERTAKING/PASSING,FAILING TO REDUCE SPEED,0,0,1,1,7,4,3,803,DIVISION ST,41.8834,-87.755683,03/11/2015 07:59:00 AM,2015
CR00018738,10/20/2020 04:46:00 PM,35,CLEAR,DARKNESS,REAR TO FRONT,NOT DIVIDED,NO CONTROLS,DRIVING SKILLS/KNOWLEDGE/EXPERIENCE,IMPROPER LANE USAGE,0,0,2,2,16,3,10,2279,MILWAUKEE AVE,41.85625,-87.743607,10/20/2020 06:26:00 PM,2020
CR00018739,08/27/2015 03:18:00 PM,40,CLEAR,DARKNESS,TURNING,ONE-WAY,TRAFFIC SIGNAL,DISREGARDING TRAFFIC SIGNALS,FAILING TO YIELD RIGHT-OF-WAY,0,0,0,0,15,5,8,1054,IRVING PARK RD,41.8559,-87.684755,08/27/2015 04:19:00 PM,2015
CR00018740,01/25/2024 08:13:00 AM,45,RAIN,DARKNESS - LIGHTED ROAD,TURNING,NOT DIVIDED,NO CONTROLS,DISREGARDING TRAFFIC SIGNALS,UNABLE TO DETERMINE,0,0,0,0,8,5,1,1446,CLARK ST,41.968747,-87.637806,01/25/2024 08:37:00 AM,2024
CR00018741,02/20/2021 08:41:00 AM,30,CLEAR,DARKNESS - LIGHTED ROAD,PARKED MOTOR VEHICLE,NOT DIVIDED,NO CONTROLS,WEATHER,NOT APPLICABLE,0,0,1,1,8,7,2,1915,ASHLAND AVE,41.761723,-87.582184,02/20/2021 09:33:00 AM,2021
CR00018742,08/14/2022 06:58:00 PM,20,CLEAR,DARKNESS,ANGLE,NOT DIVIDED,TRAFFIC SIGNAL,UNABLE TO DETERMINE,DRIVING SKILLS/KNOWLEDGE/EXPERIENCE,0,0,0,0,18,1,8,251,ROOSEVELT RD,41.999447,-87.758837,08/14/2022 07:18:00 PM,2022
CR00018743,02/14/2016 11:11:00 PM,30,CLEAR,DAWN,REAR END,NOT DIVIDED,NO CONTROLS,UNABLE TO DETERMINE,FAILING TO REDUCE SPEED,0,0,2,2,23,1,2,2495,FULLERTON AVE,41.776171,-87.504235,02/15/2016 12:56:00 AM,2016
CR00018744,03/08/2024 12:46:00 AM,35,CLEAR,DAYLIGHT,TURNING,NOT DIVIDED,TRAFFIC SIGNAL,DRIVING SKILLS/KNOWLEDGE/EXPERIENCE,DRIVING SKILLS/KNOWLEDGE/EXPERIENCE,0,0,0,0,0,6,3,826,DIVISION ST,41.741253,-87.598386,03/08/2024 02:00:00 AM,2024
CR00018745,11/12/2016 12:40:00 PM,30,CLEAR,DAYLIGHT,REAR END,ONE-WAY,STOP SIGN/FLASHER,IMPROPER LANE USAGE,IMPROPER LANE USAGE,0,0,0,0,12,7,11,1022,STONY ISLAND AVE,41.87017,-87.66512,11/12/2016 02:38:00 PM,2016
CR00018746,09/23/2022 04:41:00 PM,25,CLEAR,DAYLIGHT,REAR END,ONE-WAY,STOP SIGN/FLASHER,FAILING TO YIELD RIGHT-OF-WAY,UNABLE TO DETERMINE,0,0,0,0,16,6,9,131,MILWAUKEE AVE,41.7089,-87.632331,09/23/2022 05:57:00 PM,2022
CR00018747,08/02/2019 10:43:00 PM,15,CLEAR,DAYLIGHT,REAR TO FRONT,DIVIDED - W/MEDIAN (NOT RAISED),TRAFFIC SIGNAL,UNABLE TO DETERMINE,DRIVING SKILLS/KNOWLEDGE/EXPERIENCE,0,0,1,1,22,6,8,2198,ELSTON AVE,41.847961,-87.570801,08/02/2019 11:31:00 PM,2019
CR00018748,07/22/2017 05:27:00 PM,15,CLEAR,DARKNESS - LIGHTED ROAD,TURNING,FOUR WAY,TRAFFIC SIGNAL,FOLLOWING TOO CLOSELY,DISTRACTION - FROM INSIDE VEHICLE,0,0,0,0,17,7,7,443,CLARK ST,41.86656,-87.642592,07/22/2017 07:02:00 PM,2017
CR00018749,08/19/2023 04:07:00 PM,40,CLEAR,DAYLIGHT,REAR END,NOT DIVIDED,UNKNOWN,FOLLOWING TOO CLOSELY,FAILING TO YIELD RIGHT-OF-WAY,0,0,3,3,16,7,8,1344,CICERO AVE,41.83063,-87.695867,08/19/2023 04:22:00 PM,2023
CR00018750,01/10/2017 07:45:00 PM,45,CLEAR,DAYLIGHT,FIXED OBJECT,DIVIDED - W/MEDIAN (NOT RAISED),UNKNOWN,FOLLOWING TOO CLOSELY,FAILING TO YIELD RIGHT-OF-WAY,0,0,1,1,19,3,1,725,PULASKI RD,41.807595,-87.609884,01/10/2017 08:30:00 PM,2017
CR00018751,04/06/2018 11:42:00 PM,30,CLEAR,DAYLIGHT,REAR END,DIVIDED - W/MEDIAN BARRIER,TRAFFIC SIGNAL,FOLLOWING TOO CLOSELY,NOT APPLICABLE,0,0,0,0,23,6,4,1770,ARCHER AVE,41.840081,-87.847884,04/06/2018 11:55:00 PM,2018
CR00018752,07/16/2016 03:13:00 PM,45,CLEAR,DAYLIGHT,SIDESWIPE SAME DIRECTION,T-INTERSECTION,NO CONTROLS,FOLLOWING TOO CLOSELY,FAILING TO REDUCE SPEED,0,0,0,0,15,7,7,2100,DIVISION ST,41.708534,-87.572336,07/16/2016 04:25:00 PM,2016
CR00018753,01/20/2018 05:50:00 PM,15,CLEAR,DAYLIGHT,REAR END,NOT DIVIDED,STOP SIGN/FLASHER,UNABLE TO DETERMINE,FOLLOWING TOO CLOSELY,0,0,0,0,17,7,1,696,47TH ST,41.867634,-87.652904,01/20/2018 07:26:00 PM,2018
CR00018754,08/30/2022 04:00:00 AM,45,CLOUDY/OVERCAST,DAYLIGHT,PARKED MOTOR VEHICLE,DIVIDED - W/MEDIAN BARRIER,NO CONTROLS,FOLLOWING TOO CLOSELY,UNABLE TO DETERMINE,0,0,0,0,4,3,8,223,CALIFORNIA AVE,41.841282,-87.516005,08/30/2022 05:54:00 AM,2022
CR00018755,12/28/2015 12:48:00 AM,30,RAIN,DAYLIGHT,PARKED MOTOR VEHICLE,NOT DIVIDED,NO CONTROLS,DISREGARDING TRAFFIC SIGNALS,DISREGARDING TRAFFIC SIGNALS,0,0,0,0,0,2,12,2161,KEDZIE AVE,41.955054,-87.774557,12/28/2015 01:03:00 AM,2015
CR00018756,04/14/2019 02:20:00 PM,15,CLEAR,DARKNESS - LIGHTED ROAD,REAR END,NOT DIVIDED,UNKNOWN,IMPROPER OVERTAKING/PASSING,FOLLOWING TOO CLOSELY,0,0,0,0,14,1,4,1971,79TH ST,41.966884,-87.692156,04/14/2019 02:33:00 PM,2019
CR00018757,10/24/2024 12:37:00 PM,15,CLEAR,DAYLIGHT,FIXED OBJECT,DIVIDED - W/MEDIAN (NOT RAISED),NO CONTROLS,FAILING TO REDUCE SPEED,UNABLE TO DETERMINE,0,0,0,0,12,5,10,1103,ELSTON AVE,41.865249,-87.597039,10/24/2024 02:19:00 PM,2024
CR00018758,12/02/2019 08:33:00 PM,35,CLEAR,DAYLIGHT,TURNING,FOUR WAY,UNKNOWN,DISTRACTION - FROM INSIDE VEHICLE,UNABLE TO DETERMINE,0,0,0,0,20,2,12,1574,HALSTED ST,41.890317,-87.671571,12/02/2019 10:24:00 PM,2019
CR00018759,09/20/2018 10:38:00 AM,35,SNOW,DAYLIGHT,SIDESWIPE SAME DIRECTION,NOT DIVIDED,TRAFFIC SIGNAL,FAILING TO YIELD RIGHT-OF-WAY,FOLLOWING TOO CLOSELY,0,0,0,0,10,5,9,1330,CICERO AVE,41.765561,-87.688468,09/20/2018 11:57:00 AM,2018
CR00018760,11/15/2017 12:54:00 PM,30,CLEAR,DARKNESS - LIGHTED ROAD,TURNING,NOT DIVIDED,NO CONTROLS,WEATHER,IMPROPER OVERTAKING/PASSING,0,0,0,0,12,4,11,1966,ELSTON AVE,41.774653,-87.690229,11/15/2017 02:02:00 PM,2017
CR00018761,04/15/2022 08:45:00 AM,15,CLEAR,DAYLIGHT,REAR TO FRONT,NOT DIVIDED,TRAFFIC SIGNAL,FAILING TO REDUCE SPEED,NOT APPLICABLE,0,1,1,2,8,6,4,524,ARCHER AVE,41.982019,-87.59931,04/15/2022 10:27:00 AM,2022
CR00018762,09/24/2020 12:50:00 PM,25,CLEAR,DAYLIGHT,SIDESWIPE SAME DIRECTION,NOT DIVIDED,NO CONTROLS,FAILING TO YIELD RIGHT-OF-WAY,DISTRACTION - FROM INSIDE VEHICLE,0,0,0,0,12,5,9,1214,CALIFORNIA AVE,41.779866,-87.795564,09/24/2020 02:44:00 PM,2020
CR00018763,07/03/2021 11:16:00 AM,30,CLEAR,DAYLIGHT,TURNING,NOT DIVIDED,NO CONTROLS,IMPROPER OVERTAKING/PASSING,UNABLE TO DETERMINE,0,0,0,0,11,7,7,2470,LAKE SHORE DR,41.818051,-87.809194,07/03/2021 12:15:00 PM,2021
CR00018764,11/05/2022 02:37:00 AM,15,RAIN,DARKNESS - LIGHTED ROAD,PEDESTRIAN,NOT DIVIDED,STOP SIGN/FLASHER,UNABLE TO DETERMINE,NOT APPLICABLE,0,0,3,3,2,7,11,904,MILWAUKEE AVE,41.811315,-87.588858,11/05/2022 04:04:00 AM,2022
CR00018765,02/27/2020 04:05:00 AM,35,CLEAR,DAYLIGHT,PARKED MOTOR VEHICLE,FOUR WAY,NO CONTROLS,FOLLOWING TOO CLOSELY,UNABLE TO DETERMINE,0,0,0,0,4,5,2,2022,ASHLAND AVE,41.917401,-87.595494,02/27/2020 04:29:00 AM,2020