CRASH_RECORD_ID,CRASH_DATE,POSTED_SPEED_LIMIT,WEATHER_CONDITION,LIGHTING_CONDITION,FIRST_CRASH_TYPE,TRAFFICWAY_TYPE,TRAFFIC_CONTROL_DEVICE,PRIM_CONTRIBUTORY_CAUSE,SEC_CONTRIBUTORY_CAUSE,INJURIES_FATAL,INJURIES_INCAPACITATING,INJURIES_NON_INCAPACITATING,INJURIES_TOTAL,CRASH_HOUR,CRASH_DAY_OF_WEEK,CRASH_MONTH,BEAT_OF_OCCURRENCE,STREET_NAME,LATITUDE,LONGITUDE,DATE_POLICE_NOTIFIED,year
CR00018766,04/01/2024 11:47:00 AM,35,CLEAR,DAYLIGHT,SIDESWIPE SAME DIRECTION,FOUR WAY,TRAFFIC SIGNAL,IMPROPER OVERTAKING/PASSING,NOT APPLICABLE,0,0,0,0,11,2,4,164,KEDZIE AVE,41.959345,-87.596273,04/01/2024 12:27:00 PM,2024
CR00018767,12/05/2016 09:44:00 AM,40,RAIN,DARKNESS - LIGHTED ROAD,ANGLE,DIVIDED - W/MEDIAN (NOT RAISED),NO CONTROLS,FOLLOWING TOO CLOSELY,UNABLE TO DETERMINE,0,2,1,3,9,2,12,757,CICERO AVE,41.869546,-87.538097,12/05/2016 10:38:00 AM,2016
CR00018768,10/11/2021 07:47:00 AM,25,CLEAR,DARKNESS,REAR END,ONE-WAY,TRAFFIC SIGNAL,DISREGARDING TRAFFIC SIGNALS,NOT APPLICABLE,0,0,0,0,7,2,10,856,CALIFORNIA AVE,41.812477,-87.545828,10/11/2021 07:59:00 AM,2021
CR00018769,11/21/2016 07:43:00 PM,40,CLEAR,DARKNESS - LIGHTED ROAD,SIDESWIPE SAME DIRECTION,NOT DIVIDED,NO CONTROLS,FOLLOWING TOO CLOSELY,UNABLE TO DETERMINE,0,0,0,0,19,2,11,1176,MICHIGAN AVE,41.944218,-87.727615,11/21/2016 07:51:00 PM,2016
CR00018770,01/16/2017 09:05:00 PM,35,CLEAR,DAYLIGHT,TURNING,FOUR WAY,TRAFFIC SIGNAL,FOLLOWING TOO CLOSELY,FAILING TO REDUCE SPEED,0,0,2,2,21,2,1,382,63RD ST,41.927863,-87.604093,01/16/2017 10:50:00 PM,2017
CR00018771,12/13/2016 12:15:00 PM,45,CLEAR,DUSK,ANGLE,ONE-WAY,TRAFFIC SIGNAL,IMPROPER OVERTAKING/PASSING,FAILING TO YIELD RIGHT-OF-WAY,0,0,1,1,12,3,12,788,CICERO AVE,41.808444,-87.539221,12/13/2016 01:21:00 PM,2016
CR00018772,08/22/2024 12:06:00 PM,15,CLOUDY/OVERCAST,DAYLIGHT,REAR END,NOT DIVIDED,UNKNOWN,DRIVING SKILLS/KNOWLEDGE/EXPERIENCE,FAILING TO REDUCE SPEED,0,0,1,1,12,5,8,1036,ROOSEVELT RD,41.766248,-87.822715,08/22/2024 01:02:00 PM,2024
CR00018773,04/26/2021 09:21:00 AM,25,CLEAR,DAYLIGHT,REAR END,NOT DIVIDED,NO CONTROLS,DISTRACTION - FROM INSIDE VEHICLE,DRIVING SKILLS/KNOWLEDGE/EXPERIENCE,0,0,1,1,9,2,4,1502,79TH ST,41.916257,-87.803185,04/26/2021 10:45:00 AM,2021
CR00018774,06/24/2015 08:31:00 PM,20,CLEAR,DARKNESS - LIGHTED ROAD,TURNING,FOUR WAY,STOP SIGN/FLASHER,DISTRACTION - FROM INSIDE VEHICLE,UNABLE TO DETERMINE,0,0,1,1,20,4,6,1672,LAKE SHORE DR,41.848646,-87.783081,06/24/2015 09:37:00 PM,2015
CR00018775,12/28/2018 07:32:00 PM,40,CLEAR,DAYLIGHT,TURNING,DIVIDED - W/MEDIAN (NOT RAISED),STOP SIGN/FLASHER,FAILING TO REDUCE SPEED,FAILING TO YIELD RIGHT-OF-WAY,0,0,0,0,19,6,12,168,DAMEN AVE,41.840233,-87.734002,12/28/2018 07:44:00 PM,2018
CR00018776,12/03/2023 07:29:00 AM,35,RAIN,DARKNESS - LIGHTED ROAD,REAR END,DIVIDED - W/MEDIAN (NOT RAISED),STOP SIGN/FLASHER,DISTRACTION - FROM INSIDE VEHICLE,FAILING TO REDUCE SPEED,0,0,3,3,7,1,12,1434,DAMEN AVE,41.708911,-87.721364,12/03/2023 08:18:00 AM,2023
CR00018777,11/15/2017 08:14:00 PM,15,CLEAR,DAYLIGHT,REAR END,NOT DIVIDED,STOP SIGN/FLASHER,IMPROPER OVERTAKING/PASSING,DISTRACTION - FROM INSIDE VEHICLE,0,0,3,3,20,4,11,205,OGDEN AVE,41.832574,-87.783722,11/15/2017 09:12:00 PM,2017
CR00018778,12/11/2020 09:21:00 AM,40,CLEAR,DAYLIGHT,REAR END,NOT DIVIDED,NO CONTROLS,FAILING TO YIELD RIGHT-OF-WAY,FAILING TO YIELD RIGHT-OF-WAY,0,0,0,0,9,6,12,1816,KEDZIE AVE,41.761586,-87.571259,12/11/2020 10:38:00 AM,2020
CR00018779,03/28/2019 12:56:00 PM,30,CLEAR,DARKNESS - LIGHTED ROAD,SIDESWIPE SAME DIRECTION,ONE-WAY,STOP SIGN/FLASHER,DRIVING SKILLS/KNOWLEDGE/EXPERIENCE,FOLLOWING TOO CLOSELY,0,0,0,0,12,5,3,2197,DAMEN AVE,41.793623,-87.732786,03/28/2019 01:52:00 PM,2019
CR00018780,02/07/2021 03:37:00 AM,40,CLEAR,DUSK,TURNING,NOT DIVIDED,YIELD,FOLLOWING TOO CLOSELY,WEATHER,0,0,0,0,3,1,2,306,KEDZIE AVE,41.946676,-87.697181,02/07/2021 04:11:00 AM,2021
CR00018781,11/16/2020 07:55:00 PM,35,CLEAR,DAYLIGHT,TURNING,NOT DIVIDED,TRAFFIC SIGNAL,DISREGARDING TRAFFIC SIGNALS,NOT APPLICABLE,0,0,0,0,19,2,11,440,DIVISION ST,41.926576,-87.561764,11/16/2020 09:31:00 PM,2020
CR00018782,04/10/2018 04:46:00 AM,30,CLEAR,DAYLIGHT,ANGLE,NOT DIVIDED,NO CONTROLS,UNABLE TO DETERMINE,UNABLE TO DETERMINE,0,0,0,0,4,3,4,820,WESTERN AVE,41.909474,-87.524183,04/10/2018 06:07:00 AM,2018
CR00018783,08/28/2019 03:00:00 PM,30,FREEZING RAIN/DRIZZLE,DAWN,REAR END,NOT DIVIDED,NO CONTROLS,FOLLOWING TOO CLOSELY,WEATHER,0,0,0,0,15,4,8,1063,BROADWAY,41.707685,-87.742463,08/28/2019 03:24:00 PM,2019
CR00018784,01/27/2016 11:26:00 PM,15,CLOUDY/OVERCAST,DARKNESS,REAR END,DIVIDED - W/MEDIAN (NOT RAISED),TRAFFIC SIGNAL,DRIVING SKILLS/KNOWLEDGE/EXPERIENCE,DISTRACTION - FROM INSIDE VEHICLE,0,0,0,0,23,4,1,1557,CLARK ST,41.85761,-87.802985,01/28/2016 12:57:00 AM,2016
CR00018785,01/10/2019 06:37:00 PM,45,CLEAR,DAYLIGHT,ANGLE,NOT DIVIDED,TRAFFIC SIGNAL,FAILING TO YIELD RIGHT-OF-WAY,NOT APPLICABLE,0,0,1,1,18,5,1,645,IRVING PARK RD,41.862166,-87.780918,01/10/2019 07:02:00 PM,2019
CR00018786,06/10/2017 03:12:00 PM,15,CLEAR,DAYLIGHT,FIXED OBJECT,DIVIDED - W/MEDIAN (NOT RAISED),NO CONTROLS,WEATHER,NOT APPLICABLE,0,0,0,0,15,7,6,670,BROADWAY,41.982374,-87.706432,06/10/2017 04:45:00 PM,2017
CR00018787,06/09/2023 06:26:00 AM,30,CLOUDY/OVERCAST,DARKNESS - LIGHTED ROAD,SIDESWIPE SAME DIRECTION,DIVIDED - W/MEDIAN BARRIER,NO CONTROLS,IMPROPER LANE USAGE,DISTRACTION - FROM INSIDE VEHICLE,0,0,0,0,6,6,6,745,DAMEN AVE,41.971138,-87.661214,06/09/2023 07:44:00 AM,2023
CR00018788,06/18/2016 03:48:00 PM,30,CLEAR,DAYLIGHT,PARKED MOTOR VEHICLE,ONE-WAY,TRAFFIC SIGNAL,DISTRACTION - FROM INSIDE VEHICLE,NOT APPLICABLE,0,0,0,0,15,7,6,750,HALSTED ST,41.883648,-87.776656,06/18/2016 04:13:00 PM,2016
CR00018789,01/20/2015 11:49:00 AM,35,CLEAR,DAYLIGHT,TURNING,NOT DIVIDED,NO CONTROLS,FOLLOWING TOO CLOSELY,IMPROPER LANE USAGE,0,0,0,0,11,3,1,1425,WESTERN AVE,41.937248,-87.69603,01/20/2015 12:40:00 PM,2015
CR00018790,01/27/2022 08:50:00 AM,40,CLEAR,DARKNESS - LIGHTED ROAD,REAR END,T-INTERSECTION,PEDESTRIAN CROSSING SIGN,FAILING TO YIELD RIGHT-OF-WAY,WEATHER,0,0,1,1,8,5,1,1024,PULASKI RD,41.973265,-87.763972,01/27/2022 10:17:00 AM,2022
CR00018791,09/04/2022 11:52:00 AM,30,CLOUDY/OVERCAST,DAYLIGHT,TURNING,NOT DIVIDED,STOP SIGN/FLASHER,WEATHER,NOT APPLICABLE,0,0,0,0,11,1,9,598,HALSTED ST,41.897446,-87.604196,09/04/2022 12:21:00 PM,2022
CR00018792,01/22/2017 08:31:00 AM,25,CLEAR,DAYLIGHT,REAR END,DIVIDED - W/MEDIAN (NOT RAISED),STOP SIGN/FLASHER,IMPROPER LANE USAGE,UNABLE TO DETERMINE,0,0,0,0,8,1,1,524,ELSTON AVE,41.808449,-87.611499,01/22/2017 09:53:00 AM,2017
CR00018793,08/30/2021 11:18:00 AM,30,CLEAR,DAYLIGHT,SIDESWIPE SAME DIRECTION,FOUR WAY,NO CONTROLS,DISREGARDING TRAFFIC SIGNALS,UNABLE TO DETERMINE,0,0,0,0,11,2,8,290,KEDZIE AVE,41.892359,-87.751698,08/30/2021 11:37:00 AM,2021
CR00018794,07/07/2024 08:40:00 PM,30,CLEAR,DAWN,REAR END,NOT DIVIDED,TRAFFIC SIGNAL,UNABLE TO DETERMINE,UNABLE TO DETERMINE,0,0,1,1,20,1,7,1762,BROADWAY,41.959836,-87.706675,07/07/2024 10:15:00 PM,2024
CR00018795,02/03/2017 12:11:00 PM,30,RAIN,DAYLIGHT,REAR END,NOT DIVIDED,NO CONTROLS,FAILING TO YIELD RIGHT-OF-WAY,DRIVING SKILLS/KNOWLEDGE/EXPERIENCE,0,0,0,0,12,6,2,1216,63RD ST,41.84025,-87.792861,02/03/2017 12:19:00 PM,2017
CR00018796,05/11/2023 10:35:00 AM,30,RAIN,DARKNESS,SIDESWIPE SAME DIRECTION,DIVIDED - W/MEDIAN (NOT RAISED),NO CONTROLS,UNABLE TO DETERMINE,FOLLOWING TOO CLOSELY,0,0,1,1,10,5,5,1979,PULASKI RD,41.942421,-87.547418,05/11/2023 11:05:00 AM,2023
CR00018797,12/18/2015 01:56:00 PM,20,CLOUDY/OVERCAST,DARKNESS - LIGHTED ROAD,SIDESWIPE SAME DIRECTION,DIVIDED - W/MEDIAN (NOT RAISED),TRAFFIC SIGNAL,IMPROPER LANE USAGE,FAILING TO YIELD RIGHT-OF-WAY,0,0,0,0,13,6,12,1226,CLARK ST,41.970144,-87.627413,12/18/2015 02:22:00 PM,2015
CR00018798,12/20/2021 11:30:00 AM,35,CLEAR,DARKNESS - LIGHTED ROAD,TURNING,NOT DIVIDED,TRAFFIC SIGNAL,FOLLOWING TOO CLOSELY,IMPROPER LANE USAGE,0,0,1,1,11,2,12,2389,OGDEN AVE,41.99465,-87.643316,12/20/2021 01:06:00 PM,2021
CR00018799,12/30/2016 04:34:00 PM,45,CLEAR,DAYLIGHT,REAR END,ONE-WAY,UNKNOWN,DISTRACTION - FROM INSIDE VEHICLE,NOT APPLICABLE,0,0,1,1,16,6,12,1766,IRVING PARK RD,41.775511,-87.615904,12/30/2016 05:39:00 PM,2016
CR00018800,02/18/2018 04:55:00 PM,30,CLOUDY/OVERCAST,DAYLIGHT,TURNING,FOUR WAY,TRAFFIC SIGNAL,FOLLOWING TOO CLOSELY,FAILING TO YIELD RIGHT-OF-WAY,0,0,0,0,16,1,2,1997,FULLERTON AVE,41.953612,-87.625749,02/18/2018 04:58:00 PM,2018
CR00018801,03/15/2021 03:53:00 PM,35,CLEAR,DAYLIGHT,REAR END,ONE-WAY,NO CONTROLS,UNABLE TO DETERMINE,NOT APPLICABLE,0,0,0,0,15,2,3,208,BROADWAY,41.701715,-87.716917,03/15/2021 04:22:00 PM,2021
CR00018802,04/23/2017 08:48:00 PM,35,CLEAR,DAYLIGHT,SIDESWIPE SAME DIRECTION,T-INTERSECTION,TRAFFIC SIGNAL,UNABLE TO DETERMINE,DISREGARDING TRAFFIC SIGNALS,0,0,0,0,20,1,4,304,PULASKI RD,41.743403,-87.518915,04/23/2017 10:13:00 PM,2017
CR00018803,01/20/2016 08:31:00 PM,20,RAIN,DAYLIGHT,ANGLE,ONE-WAY,NO CONTROLS,FOLLOWING TOO CLOSELY,UNABLE TO DETERMINE,0,0,0,0,20,4,1,1612,ASHLAND AVE,41.806675,-87.528391,01/20/2016 08:33:00 PM,2016
CR00018804,11/21/2020 11:20:00 PM,15,CLEAR,DAYLIGHT,SIDESWIPE SAME DIRECTION,DIVIDED - W/MEDIAN (NOT RAISED),NO CONTROLS,FOLLOWING TOO CLOSELY,NOT APPLICABLE,0,0,0,0,23,7,11,1320,ELSTON AVE,41.78577,-87.818526,11/22/2020 12:01:00 AM,2020
CR00018805,11/13/2017 07:41:00 AM,30,CLEAR,DARKNESS,SIDESWIPE SAME DIRECTION,ONE-WAY,NO CONTROLS,FAILING TO YIELD RIGHT-OF-WAY,NOT APPLICABLE,0,0,0,0,7,2,11,869,WESTERN AVE,41.975723,-87.574014,11/13/2017 09:33:00 AM,2017
CR00018806,03/02/2017 07:06:00 PM,30,CLEAR,DAYLIGHT,PARKED MOTOR VEHICLE,ONE-WAY,STOP SIGN/FLASHER,UNABLE TO DETERMINE,NOT APPLICABLE,0,0,0,0,19,5,3,1970,STONY ISLAND AVE,41.775172,-87.784134,03/02/2017 08:17:00 PM,2017
CR00018807,02/23/2023 01:16:00 PM,30,CLEAR,DARKNESS - LIGHTED ROAD,TURNING,T-INTERSECTION,TRAFFIC SIGNAL,FAILING TO YIELD RIGHT-OF-WAY,NOT APPLICABLE,0,0,3,3,13,5,2,1790,DIVISION ST,41.717753,-87.633757,02/23/2023 02:01:00 PM,2023
CR00018808,11/17/2015 08:05:00 AM,40,CLEAR,DARKNESS - LIGHTED ROAD,TURNING,DIVIDED - W/MEDIAN (NOT RAISED),TRAFFIC SIGNAL,IMPROPER LANE USAGE,UNABLE TO DETERMINE,0,0,3,3,8,3,11,456,MILWAUKEE AVE,41.920676,-87.719568,11/17/2015 08:13:00 AM,2015
CR00018809,08/07/2024 02:06:00 PM,25,RAIN,DAYLIGHT,PARKED MOTOR VEHICLE,FOUR WAY,TRAFFIC SIGNAL,FAILING TO YIELD RIGHT-OF-WAY,UNABLE TO DETERMINE,0,0,3,3,14,4,8,294,LAKE SHORE DR,41.995463,-87.613242,08/07/2024 02:34:00 PM,2024
CR00018810,09/05/2016 07:09:00 AM,15,CLEAR,DAYLIGHT,TURNING,DIVIDED - W/MEDIAN (NOT RAISED),NO CONTROLS,WEATHER,IMPROPER OVERTAKING/PASSING,0,0,0,0,7,2,9,2474,MICHIGAN AVE,41.852142,-87.725549,09/05/2016 08:08:00 AM,2016
CR00018811,06/08/2024 07:23:00 PM,15,RAIN,DAYLIGHT,PARKED MOTOR VEHICLE,ONE-WAY,TRAFFIC SIGNAL,FOLLOWING TOO CLOSELY,NOT APPLICABLE,0,0,0,0,19,7,6,260,IRVING PARK RD,41.725301,-87.798256,06/08/2024 08:36:00 PM,2024
CR00018812,02/05/2024 12:49:00 PM,30,RAIN,DAYLIGHT,REAR END,ONE-WAY,TRAFFIC SIGNAL,DISREGARDING TRAFFIC SIGNALS,IMPROPER LANE USAGE,0,0,0,0,12,2,2,2006,STONY ISLAND AVE,41.950198,-87.592422,02/05/2024 01:40:00 PM,2024
CR00018813,06/13/2015 06:07:00 PM,35,CLEAR,DAYLIGHT,TURNING,DIVIDED - W/MEDIAN BARRIER,NO CONTROLS,DISTRACTION - FROM INSIDE VEHICLE,UNABLE TO DETERMINE,0,1,2,3,18,7,6,686,MICHIGAN AVE,41.869767,-87.511343,06/13/2015 07:27:00 PM,2015
CR00018814,04/22/2022 09:16:00 PM,40,CLOUDY/OVERCAST,DARKNESS - LIGHTED ROAD,PARKED MOTOR VEHICLE,DIVIDED - W/MEDIAN BARRIER,TRAFFIC SIGNAL,FAILING TO YIELD RIGHT-OF-WAY,DISREGARDING TRAFFIC SIGNALS,0,0,0,0,21,6,4,578,ARCHER AVE,41.811474,-87.835523,04/22/2022 10:30:00 PM,2022
CR00018815,05/13/2024 07:42:00 AM,15,CLEAR,DARKNESS,REAR END,DIVIDED - W/MEDIAN (NOT RAISED),TRAFFIC SIGNAL,IMPROPER OVERTAKING/PASSING,FAILING TO YIELD RIGHT-OF-WAY,0,0,0,0,7,2,5,1880,79TH ST,41.921715,-87.82156,05/13/2024 08:41:00 AM,2024
CR00018816,05/30/2020 07:07:00 PM,20,CLEAR,DARKNESS,SIDESWIPE SAME DIRECTION,FOUR WAY,TRAFFIC SIGNAL,UNABLE TO DETERMINE,NOT APPLICABLE,0,0,0,0,19,7,5,2442,CICERO AVE,41.767208,-87.839521,05/30/2020 07:36:00 PM,2020
CR00018817,10/08/2021 12:05:00 PM,20,CLEAR,DAYLIGHT,TURNING,DIVIDED - W/MEDIAN BARRIER,TRAFFIC SIGNAL,UNABLE TO DETERMINE,DISREGARDING TRAFFIC SIGNALS,0,0,0,0,12,6,10,660,IRVING PARK RD,41.945749,-87.51113,10/08/2021 01:19:00 PM,2021
CR00018818,09/01/2020 09:31:00 AM,30,CLEAR,DAYLIGHT,SIDESWIPE SAME DIRECTION,DIVIDED - W/MEDIAN (NOT RAISED),TRAFFIC SIGNAL,UNABLE TO DETERMINE,NOT APPLICABLE,0,0,3,3,9,3,9,1616,ELSTON AVE,41.741106,-87.572503,09/01/2020 09:33:00 AM,2020
CR00018819,01/06/2018 05:35:00 AM,25,CLEAR,DAYLIGHT,REAR END,DIVIDED - W/MEDIAN (NOT RAISED),TRAFFIC SIGNAL,UNABLE TO DETERMINE,NOT APPLICABLE,0,0,0,0,5,7,1,1463,47TH ST,41.9788,-87.664524,01/06/2018 05:54:00 AM,2018
CR00018820,10/12/2024 02:58:00 PM,35,CLEAR,DARKNESS - LIGHTED ROAD,ANGLE,NOT DIVIDED,TRAFFIC SIGNAL,UNABLE TO DETERMINE,DRIVING SKILLS/KNOWLEDGE/EXPERIENCE,0,0,0,0,14,7,10,669,DAMEN AVE,41.784962,-87.621928,10/12/2024 04:15:00 PM,2024
CR00018821,01/13/2021 06:39:00 PM,30,CLEAR,DAYLIGHT,ANGLE,NOT DIVIDED,STOP SIGN/FLASHER,DISTRACTION - FROM INSIDE VEHICLE,FOLLOWING TOO CLOSELY,0,1,1,2,18,4,1,256,ROOSEVELT RD,41.948485,-87.746583,01/13/2021 07:21:00 PM,2021
CR00018822,02/12/2016 01:04:00 PM,20,CLEAR,DARKNESS - LIGHTED ROAD,TURNING,DIVIDED - W/MEDIAN (NOT RAISED),STOP SIGN/FLASHER,DISTRACTION - FROM INSIDE VEHICLE,DRIVING SKILLS/KNOWLEDGE/EXPERIENCE,0,0,0,0,13,6,2,2093,MICHIGAN AVE,41.973989,-87.781132,02/12/2016 01:32:00 PM,2016
CR00018823,03/25/2022 05:07:00 PM,35,SNOW,DAYLIGHT,SIDESWIPE SAME DIRECTION,DIVIDED - W/MEDIAN BARRIER,STOP SIGN/FLASHER,FAILING TO YIELD RIGHT-OF-WAY,DRIVING SKILLS/KNOWLEDGE/EXPERIENCE,0,0,0,0,17,6,3,359,CALIFORNIA AVE,41.893666,-87.657372,03/25/2022 06:29:00 PM,2022
CR00018824,05/27/2023 10:13:00 AM,15,SNOW,DAYLIGHT,PARKED MOTOR VEHICLE,NOT DIVIDED,TRAFFIC SIGNAL,DRIVING SKILLS/KNOWLEDGE/EXPERIENCE,FAILING TO YIELD RIGHT-OF-WAY,0,0,3,3,10,7,5,306,STATE ST,41.971327,-87.736959,05/27/2023 10:58:00 AM,2023
CR00018825,12/13/2015 05:19:00 PM,30,CLEAR,DAYLIGHT,PEDESTRIAN,NOT DIVIDED,NO CONTROLS,UNABLE TO DETERMINE,NOT APPLICABLE,0,0,0,0,17,1,12,376,BROADWAY,41.802521,-87.84365,12/13/2015 05:36:00 PM,2015
CR00018826,03/28/2020 10:59:00 AM,15,CLEAR,DAYLIGHT,REAR END,DIVIDED - W/MEDIAN (NOT RAISED),TRAFFIC SIGNAL,UNABLE TO DETERMINE,UNABLE TO DETERMINE,0,0,0,0,10,7,3,2085,HALSTED ST,41.789822,-87.574075,03/28/2020 11:34:00 AM,2020
CR00018827,06/13/2015 10:07:00 PM,15,CLEAR,DARKNESS - LIGHTED ROAD,REAR END,FOUR WAY,YIELD,FAILING TO REDUCE SPEED,DISTRACTION - FROM INSIDE VEHICLE,0,0,0,0,22,7,6,768,ASHLAND AVE,41.846399,-87.638695,06/13/2015 11:34:00 PM,2015
CR00018828,08/18/2018 08:05:00 AM,30,CLEAR,DARKNESS - LIGHTED ROAD,PARKED MOTOR VEHICLE,NOT DIVIDED,STOP SIGN/FLASHER,DISTRACTION - FROM INSIDE VEHICLE,NOT APPLICABLE,0,0,0,0,8,7,8,1646,HALSTED ST,41.791031,-87.502287,08/18/2018 09:23:00 AM,2018
CR00018829,01/26/2020 05:39:00 AM,35,CLEAR,DAYLIGHT,SIDESWIPE SAME DIRECTION,NOT DIVIDED,NO CONTROLS,UNABLE TO DETERMINE,UNABLE TO DETERMINE,0,0,1,1,5,1,1,239,MICHIGAN AVE,41.87139,-87.560789,01/26/2020 06:03:00 AM,2020
CR00018830,12/25/2018 12:30:00 PM,45,CLEAR,DARKNESS - LIGHTED ROAD,PARKED MOTOR VEHICLE,NOT DIVIDED,TRAFFIC SIGNAL,FAILING TO REDUCE SPEED,UNABLE TO DETERMINE,0,0,0,0,12,3,12,425,DAMEN AVE,41.752441,-87.750155,12/25/2018 01:04:00 PM,2018
CR00018831,10/13/2023 07:14:00 PM,35,CLEAR,DAYLIGHT,REAR END,FOUR WAY,NO CONTROLS,UNABLE TO DETERMINE,IMPROPER OVERTAKING/PASSING,0,0,0,0,19,6,10,1926,ARCHER AVE,41.995259,-87.541414,10/13/2023 07:18:00 PM,2023
CR00018832,09/06/2016 03:51:00 AM,35,SNOW,DARKNESS,ANGLE,ONE-WAY,TRAFFIC SIGNAL,DRIVING SKILLS/KNOWLEDGE/EXPERIENCE,NOT APPLICABLE,0,0,0,0,3,3,9,482,ELSTON AVE,41.850446,-87.72918,09/06/2016 05:25:00 AM,2016
CR00018833,07/03/2018 11:04:00 PM,20,CLOUDY/OVERCAST,DARKNESS,REAR TO FRONT,DIVIDED - W/MEDIAN (NOT RAISED),STOP SIGN/FLASHER,FAILING TO YIELD RIGHT-OF-WAY,DISTRACTION - FROM INSIDE VEHICLE,0,0,0,0,23,3,7,837,DAMEN AVE,41.917074,-87.605239,07/03/2018 11:41:00 PM,2018
CR00018834,12/08/2017 08:20:00 AM,30,RAIN,DAYLIGHT,TURNING,DIVIDED - W/MEDIAN BARRIER,TRAFFIC SIGNAL,IMPROPER LANE USAGE,UNABLE TO DETERMINE,0,0,3,3,8,6,12,877,DIVISION ST,41.858814,-87.560227,12/08/2017 08:36:00 AM,2017
CR00018835,10/24/2015 06:31:00 PM,25,SNOW,DARKNESS - LIGHTED ROAD,TURNING,ONE-WAY,TRAFFIC SIGNAL,DISTRACTION - FROM INSIDE VEHICLE,UNABLE TO DETERMINE,0,2,3,5,18,7,10,597,CLARK ST,41.970116,-87.598335,10/24/2015 07:26:00 PM,2015
CR00018836,05/11/2019 12:48:00 PM,30,CLEAR,DAYLIGHT,REAR END,NOT DIVIDED,TRAFFIC SIGNAL,IMPROPER OVERTAKING/PASSING,UNABLE TO DETERMINE,0,0,0,0,12,7,5,1776,DAMEN AVE,41.855893,-87.821312,05/11/2019 02:29:00 PM,2019
CR00018837,02/26/2018 03:09:00 PM,35,CLEAR,DAYLIGHT,FIXED OBJECT,ONE-WAY,STOP SIGN/FLASHER,UNABLE TO DETERMINE,FAILING TO YIELD RIGHT-OF-WAY,0,0,0,0,15,2,2,1769,STATE ST,41.786592,-87.822331,02/26/2018 04:53:00 PM,2018
CR00018838,04/07/2021 07:43:00 AM,35,RAIN,DARKNESS - LIGHTED ROAD,PARKED MOTOR VEHICLE,DIVIDED - W/MEDIAN BARRIER,TRAFFIC SIGNAL,FAILING TO REDUCE SPEED,FAILING TO REDUCE SPEED,0,0,1,1,7,4,4,225,CICERO AVE,41.712407,-87.635809,04/07/2021 08:08:00 AM,2021
CR00018839,08/25/2022 02:51:00 AM,30,CLEAR,DAYLIGHT,TURNING,DIVIDED - W/MEDIAN (NOT RAISED),NO CONTROLS,DRIVING SKILLS/KNOWLEDGE/EXPERIENCE,NOT APPLICABLE,0,0,0,0,2,5,8,1817,STATE ST,41.860702,-87.5255,08/25/2022 04:02:00 AM,2022
CR00018840,11/11/2020 03:11:00 AM,45,CLOUDY/OVERCAST,DARKNESS - LIGHTED ROAD,SIDESWIPE SAME DIRECTION,T-INTERSECTION,TRAFFIC SIGNAL,IMPROPER OVERTAKING/PASSING,FAILING TO YIELD RIGHT-OF-WAY,0,0,0,0,3,4,11,290,CALIFORNIA AVE,41.780012,-87.654929,11/11/2020 03:54:00 AM,2020
CR00018841,06/21/2020 11:20:00 AM,35,CLEAR,DAYLIGHT,REAR TO FRONT,NOT DIVIDED,TRAFFIC SIGNAL,UNABLE TO DETERMINE,NOT APPLICABLE,0,0,0,0,11,1,6,1612,DIVISION ST,41.919417,-87.589727,06/21/2020 01:10:00 PM,2020
CR00018842,10/05/2017 09:26:00 PM,45,FREEZING RAIN/DRIZZLE,DAYLIGHT,PEDESTRIAN,DIVIDED - W/MEDIAN (NOT RAISED),STOP SIGN/FLASHER,UNABLE TO DETERMINE,NOT APPLICABLE,0,0,0,0,21,5,10,1017,OGDEN AVE,41.797152,-87.761659,10/05/2017 10:13:00 PM,2017
CR00018843,03/03/2015 06:16:00 PM,30,CLOUDY/OVERCAST,DAYLIGHT,REAR END,DIVIDED - W/MEDIAN (NOT RAISED),STOP SIGN/FLASHER,FAILING TO YIELD RIGHT-OF-WAY,FOLLOWING TOO CLOSELY,0,0,0,0,18,3,3,1851,MILWAUKEE AVE,41.943237,-87.816763,03/03/2015 07:03:00 PM,2015
CR00018844,07/01/2022 02:30:00 PM,30,CLEAR,DUSK,TURNING,T-INTERSECTION,STOP SIGN/FLASHER,DRIVING SKILLS/KNOWLEDGE/EXPERIENCE,UNABLE TO DETERMINE,0,0,0,0,14,6,7,1993,79TH ST,41.735852,-87.78386,07/01/2022 02:50:00 PM,2022
CR00018845,08/22/2017 05:42:00 PM,30,CLEAR,DARKNESS,TURNING,NOT DIVIDED,STOP SIGN/FLASHER,DISTRACTION - FROM INSIDE VEHICLE,DISTRACTION - FROM INSIDE VEHICLE,0,0,0,0,17,3,8,178,OGDEN AVE,41.971106,-87.758232,08/22/2017 07:11:00 PM,2017
CR00018846,04/08/2020 07:16:00 AM,25,SNOW,DAYLIGHT,ANGLE,DIVIDED - W/MEDIAN (NOT RAISED),NO CONTROLS,UNABLE TO DETERMINE,IMPROPER LANE USAGE,0,0,2,2,7,4,4,2395,FULLERTON AVE,41.744521,-87.788822,04/08/2020 08:50:00 AM,2020
CR00018847,05/15/2022 08:57:00 AM,35,CLEAR,DAYLIGHT,REAR END,DIVIDED - W/MEDIAN BARRIER,NO CONTROLS,FOLLOWING TOO CLOSELY,NOT APPLICABLE,0,0,0,0,8,1,5,1858,47TH ST,41.93261,-87.812192,05/15/2022 09:43:00 AM,2022