CRASH_RECORD_ID,CRASH_DATE,POSTED_SPEED_LIMIT,WEATHER_CONDITION,LIGHTING_CONDITION,FIRST_CRASH_TYPE,TRAFFICWAY_TYPE,TRAFFIC_CONTROL_DEVICE,PRIM_CONTRIBUTORY_CAUSE,SEC_CONTRIBUTORY_CAUSE,INJURIES_FATAL,INJURIES_INCAPACITATING,INJURIES_NON_INCAPACITATING,INJURIES_TOTAL,CRASH_HOUR,CRASH_DAY_OF_WEEK,CRASH_MONTH,BEAT_OF_OCCURRENCE,STREET_NAME,LATITUDE,LONGITUDE,DATE_POLICE_NOTIFIED,year
CR00018848,03/14/2015 04:46:00 PM,25,CLEAR,DAYLIGHT,PEDESTRIAN,ONE-WAY,TRAFFIC SIGNAL,FOLLOWING TOO CLOSELY,IMPROPER OVERTAKING/PASSING,0,0,0,0,16,7,3,499,47TH ST,41.880655,-87.581972,03/14/2015 05:11:00 PM,2015
CR00018849,03/25/2023 08:08:00 AM,20,RAIN,DAYLIGHT,PARKED MOTOR VEHICLE,NOT DIVIDED,STOP SIGN/FLASHER,IMPROPER OVERTAKING/PASSING,DRIVING SKILLS/KNOWLEDGE/EXPERIENCE,0,0,1,1,8,7,3,896,MILWAUKEE AVE,41.868503,-87.54393,03/25/2023 08:42:00 AM,2023
CR00018850,03/15/2018 03:39:00 PM,40,SNOW,DAYLIGHT,PARKED MOTOR VEHICLE,DIVIDED - W/MEDIAN (NOT RAISED),TRAFFIC SIGNAL,FAILING TO REDUCE SPEED,FAILING TO REDUCE SPEED,0,0,0,0,15,5,3,2255,STONY ISLAND AVE,41.870358,-87.643825,03/15/2018 04:21:00 PM,2018
CR00018851,02/04/2022 04:03:00 PM,30,RAIN,DAWN,TURNING,DIVIDED - W/MEDIAN (NOT RAISED),TRAFFIC SIGNAL,UNABLE TO DETERMINE,UNABLE TO DETERMINE,0,0,1,1,16,6,2,2346,ROOSEVELT RD,41.749786,-87.756988,02/04/2022 05:22:00 PM,2022
CR00018852,09/23/2021 02:32:00 PM,35,CLEAR,DARKNESS - LIGHTED ROAD,PARKED MOTOR VEHICLE,T-INTERSECTION,STOP SIGN/FLASHER,DISTRACTION - FROM INSIDE VEHICLE,NOT APPLICABLE,0,0,0,0,14,5,9,1681,MILWAUKEE AVE,41.916481,-87.562995,09/23/2021 04:11:00 PM,2021
CR00018853,09/21/2022 04:33:00 AM,20,SNOW,DAYLIGHT,ANGLE,ONE-WAY,UNKNOWN,DISTRACTION - FROM INSIDE VEHICLE,DRIVING SKILLS/KNOWLEDGE/EXPERIENCE,0,0,0,0,4,4,9,2482,ELSTON AVE,41.977716,-87.832033,09/21/2022 05:55:00 AM,2022
CR00018854,12/05/2016 04:36:00 PM,30,CLEAR,DAYLIGHT,SIDESWIPE SAME DIRECTION,DIVIDED - W/MEDIAN (NOT RAISED),NO CONTROLS,UNABLE TO DETERMINE,UNABLE TO DETERMINE,0,0,1,1,16,2,12,617,DAMEN AVE,41.920369,-87.545729,12/05/2016 06:02:00 PM,2016
CR00018855,08/01/2015 05:00:00 PM,30,CLEAR,DAYLIGHT,REAR END,NOT DIVIDED,STOP SIGN/FLASHER,UNABLE TO DETERMINE,IMPROPER OVERTAKING/PASSING,0,0,0,0,17,7,8,178,ROOSEVELT RD,41.932315,-87.661269,08/01/2015 06:47:00 PM,2015
CR00018856,03/05/2017 01:37:00 PM,40,SNOW,DAYLIGHT,TURNING,DIVIDED - W/MEDIAN (NOT RAISED),NO CONTROLS,IMPROPER OVERTAKING/PASSING,FOLLOWING TOO CLOSELY,0,0,0,0,13,1,3,1385,79TH ST,41.891209,-87.695878,03/05/2017 02:41:00 PM,2017
CR00018857,08/05/2024 06:36:00 AM,15,CLEAR,DAWN,REAR END,NOT DIVIDED,NO CONTROLS,FAILING TO YIELD RIGHT-OF-WAY,UNABLE TO DETERMINE,0,1,1,2,6,2,8,608,MILWAUKEE AVE,41.960327,-87.537574,08/05/2024 06:54:00 AM,2024
CR00018858,09/09/2023 06:37:00 PM,35,CLEAR,DARKNESS,SIDESWIPE SAME DIRECTION,NOT DIVIDED,NO CONTROLS,DRIVING SKILLS/KNOWLEDGE/EXPERIENCE,NOT APPLICABLE,0,0,0,0,18,7,9,1516,ELSTON AVE,41.78814,-87.549824,09/09/2023 06:57:00 PM,2023
CR00018859,03/18/2017 09:59:00 AM,30,CLEAR,DAYLIGHT,TURNING,ONE-WAY,NO CONTROLS,IMPROPER OVERTAKING/PASSING,IMPROPER LANE USAGE,0,0,0,0,9,7,3,1675,ROOSEVELT RD,41.970033,-87.608278,03/18/2017 10:03:00 AM,2017
CR00018860,12/22/2022 12:08:00 PM,20,CLEAR,DUSK,REAR END,ONE-WAY,TRAFFIC SIGNAL,DISREGARDING TRAFFIC SIGNALS,NOT APPLICABLE,0,0,0,0,12,5,12,1875,HALSTED ST,41.908994,-87.775961,12/22/2022 12:09:00 PM,2022
CR00018861,08/13/2022 02:38:00 PM,30,CLEAR,DAYLIGHT,REAR END,ONE-WAY,NO CONTROLS,UNABLE TO DETERMINE,NOT APPLICABLE,0,0,0,0,14,7,8,500,DIVISION ST,41.912124,-87.560532,08/13/2022 02:53:00 PM,2022
CR00018862,09/14/2016 09:42:00 PM,25,CLEAR,DARKNESS - LIGHTED ROAD,ANGLE,NOT DIVIDED,STOP SIGN/FLASHER,FAILING TO REDUCE SPEED,UNABLE TO DETERMINE,0,0,0,0,21,4,9,139,ROOSEVELT RD,41.742999,-87.605845,09/14/2016 10:14:00 PM,2016
CR00018863,05/17/2015 03:51:00 PM,15,CLEAR,DARKNESS,TURNING,T-INTERSECTION,UNKNOWN,DRIVING SKILLS/KNOWLEDGE/EXPERIENCE,IMPROPER LANE USAGE,0,0,1,1,15,1,5,1742,ASHLAND AVE,41.769627,-87.844191,05/17/2015 03:55:00 PM,2015
CR00018864,10/03/2021 10:09:00 PM,30,CLOUDY/OVERCAST,DAYLIGHT,FIXED OBJECT,ONE-WAY,NO CONTROLS,FOLLOWING TOO CLOSELY,UNABLE TO DETERMINE,0,0,0,0,22,1,10,1055,CLARK ST,41.819042,-87.552684,10/03/2021 11:57:00 PM,2021
CR00018865,08/19/2016 03:46:00 AM,15,CLEAR,DARKNESS,SIDESWIPE SAME DIRECTION,NOT DIVIDED,STOP SIGN/FLASHER,UNABLE TO DETERMINE,IMPROPER LANE USAGE,0,0,3,3,3,6,8,481,WESTERN AVE,41.904378,-87.677054,08/19/2016 05:03:00 AM,2016
CR00018866,08/28/2024 07:44:00 PM,45,CLEAR,DAYLIGHT,ANGLE,DIVIDED - W/MEDIAN BARRIER,NO CONTROLS,FAILING TO YIELD RIGHT-OF-WAY,WEATHER,0,1,1,2,19,4,8,2330,DAMEN AVE,41.869521,-87.622438,08/28/2024 09:11:00 PM,2024
CR00018867,05/22/2020 07:55:00 AM,20,CLEAR,DUSK,PARKED MOTOR VEHICLE,ONE-WAY,NO CONTROLS,FAILING TO YIELD RIGHT-OF-WAY,UNABLE TO DETERMINE,0,0,0,0,7,6,5,474,CLARK ST,41.901678,-87.675476,05/22/2020 09:17:00 AM,2020
CR00018868,06/10/2016 07:19:00 AM,30,RAIN,DARKNESS - LIGHTED ROAD,SIDESWIPE SAME DIRECTION,ONE-WAY,NO CONTROLS,FAILING TO REDUCE SPEED,FAILING TO YIELD RIGHT-OF-WAY,0,0,0,0,7,6,6,502,47TH ST,41.904758,-87.735692,06/10/2016 07:53:00 AM,2016
CR00018869,09/24/2019 01:46:00 AM,40,CLOUDY/OVERCAST,DAYLIGHT,REAR TO FRONT,NOT DIVIDED,UNKNOWN,UNABLE TO DETERMINE,UNABLE TO DETERMINE,0,0,0,0,1,3,9,961,47TH ST,41.706187,-87.514552,09/24/2019 03:45:00 AM,2019
CR00018870,12/11/2015 09:21:00 AM,20,CLOUDY/OVERCAST,DAWN,SIDESWIPE SAME DIRECTION,NOT DIVIDED,TRAFFIC SIGNAL,FAILING TO YIELD RIGHT-OF-WAY,IMPROPER LANE USAGE,0,0,0,0,9,6,12,2142,ELSTON AVE,41.821284,-87.590528,12/11/2015 11:18:00 AM,2015
CR00018871,01/24/2019 01:27:00 AM,30,CLEAR,DARKNESS - LIGHTED ROAD,TURNING,NOT DIVIDED,STOP SIGN/FLASHER,IMPROPER LANE USAGE,NOT APPLICABLE,0,1,1,2,1,5,1,2516,CICERO AVE,41.753767,-87.652127,01/24/2019 01:34:00 AM,2019
CR00018872,06/19/2019 01:37:00 PM,40,CLEAR,DAYLIGHT,SIDESWIPE SAME DIRECTION,NOT DIVIDED,NO CONTROLS,IMPROPER LANE USAGE,UNABLE TO DETERMINE,0,0,1,1,13,4,6,1756,STONY ISLAND AVE,41.759522,-87.824477,06/19/2019 03:23:00 PM,2019
CR00018873,02/10/2023 03:21:00 AM,40,CLEAR,DAYLIGHT,SIDESWIPE SAME DIRECTION,NOT DIVIDED,TRAFFIC SIGNAL,DRIVING SKILLS/KNOWLEDGE/EXPERIENCE,DISREGARDING TRAFFIC SIGNALS,0,0,2,2,3,6,2,1170,63RD ST,41.725456,-87.655168,02/10/2023 04:52:00 AM,2023
CR00018874,01/26/2015 06:33:00 PM,20,CLEAR,DARKNESS - LIGHTED ROAD,ANGLE,NOT DIVIDED,NO CONTROLS,IMPROPER OVERTAKING/PASSING,UNABLE TO DETERMINE,0,0,1,1,18,2,1,1514,ELSTON AVE,41.76672,-87.820896,01/26/2015 07:06:00 PM,2015
CR00018875,07/30/2017 08:54:00 PM,30,CLEAR,DUSK,TURNING,DIVIDED - W/MEDIAN BARRIER,TRAFFIC SIGNAL,UNABLE TO DETERMINE,FOLLOWING TOO CLOSELY,0,0,0,0,20,1,7,1069,ARCHER AVE,41.979595,-87.630879,07/30/2017 10:17:00 PM,2017
CR00018876,03/25/2015 07:38:00 AM,20,FOG/SMOKE/HAZE,DARKNESS - LIGHTED ROAD,REAR END,DIVIDED - W/MEDIAN (NOT RAISED),TRAFFIC SIGNAL,UNABLE TO DETERMINE,UNABLE TO DETERMINE,0,0,0,0,7,4,3,497,CLARK ST,41.956199,-87.547746,03/25/2015 07:46:00 AM,2015
CR00018877,01/29/2017 01:29:00 AM,35,CLEAR,DARKNESS - LIGHTED ROAD,REAR END,NOT DIVIDED,NO CONTROLS,DISREGARDING TRAFFIC SIGNALS,NOT APPLICABLE,0,0,0,0,1,1,1,1983,KEDZIE AVE,41.861191,-87.725082,01/29/2017 02:21:00 AM,2017
CR00018878,08/09/2021 08:15:00 PM,20,SNOW,DARKNESS,REAR END,NOT DIVIDED,TRAFFIC SIGNAL,IMPROPER OVERTAKING/PASSING,FAILING TO YIELD RIGHT-OF-WAY,0,0,0,0,20,2,8,2183,DAMEN AVE,41.927692,-87.828215,08/09/2021 08:37:00 PM,2021
CR00018879,07/23/2024 08:08:00 PM,30,CLEAR,DAYLIGHT,REAR END,NOT DIVIDED,STOP SIGN/FLASHER,UNABLE TO DETERMINE,UNABLE TO DETERMINE,0,0,0,0,20,3,7,2412,DIVISION ST,41.793974,-87.624441,07/23/2024 09:47:00 PM,2024
CR00018880,01/29/2016 02:55:00 PM,30,CLEAR,DAYLIGHT,ANGLE,ONE-WAY,TRAFFIC SIGNAL,UNABLE TO DETERMINE,DISTRACTION - FROM INSIDE VEHICLE,0,0,0,0,14,6,1,2151,MICHIGAN AVE,41.944052,-87.566507,01/29/2016 04:43:00 PM,2016
CR00018881,08/03/2021 09:05:00 AM,40,CLEAR,DARKNESS - LIGHTED ROAD,TURNING,NOT DIVIDED,TRAFFIC SIGNAL,WEATHER,IMPROPER LANE USAGE,0,0,0,0,9,3,8,1961,MICHIGAN AVE,41.741391,-87.64498,08/03/2021 10:25:00 AM,2021
CR00018882,05/22/2018 07:00:00 PM,25,CLEAR,DARKNESS - LIGHTED ROAD,REAR END,DIVIDED - W/MEDIAN (NOT RAISED),UNKNOWN,UNABLE TO DETERMINE,UNABLE TO DETERMINE,0,2,1,3,19,3,5,1387,OGDEN AVE,41.709271,-87.595094,05/22/2018 08:46:00 PM,2018
CR00018883,01/16/2017 11:33:00 AM,30,CLOUDY/OVERCAST,DAYLIGHT,FIXED OBJECT,DIVIDED - W/MEDIAN BARRIER,STOP SIGN/FLASHER,IMPROPER LANE USAGE,FAILING TO YIELD RIGHT-OF-WAY,0,0,0,0,11,2,1,480,STONY ISLAND AVE,41.752173,-87.627522,01/16/2017 12:00:00 PM,2017
CR00018884,04/15/2020 08:14:00 PM,30,SNOW,DARKNESS,REAR END,NOT DIVIDED,NO CONTROLS,DRIVING SKILLS/KNOWLEDGE/EXPERIENCE,FAILING TO REDUCE SPEED,0,0,0,0,20,4,4,259,ELSTON AVE,41.85054,-87.816834,04/15/2020 09:10:00 PM,2020
CR00018885,06/15/2016 01:57:00 AM,35,CLEAR,DARKNESS - LIGHTED ROAD,SIDESWIPE SAME DIRECTION,DIVIDED - W/MEDIAN (NOT RAISED),TRAFFIC SIGNAL,UNABLE TO DETERMINE,UNABLE TO DETERMINE,0,0,0,0,1,4,6,764,CLARK ST,41.904679,-87.815381,06/15/2016 03:47:00 AM,2016
CR00018886,01/15/2016 08:32:00 PM,30,CLEAR,DAYLIGHT,ANGLE,NOT DIVIDED,TRAFFIC SIGNAL,FOLLOWING TOO CLOSELY,NOT APPLICABLE,0,0,0,0,20,6,1,926,CLARK ST,41.952888,-87.764296,01/15/2016 08:40:00 PM,2016
CR00018887,10/15/2020 12:34:00 PM,20,CLEAR,DAYLIGHT,TURNING,DIVIDED - W/MEDIAN (NOT RAISED),TRAFFIC SIGNAL,UNABLE TO DETERMINE,UNABLE TO DETERMINE,0,0,0,0,12,5,10,585,63RD ST,41.889732,-87.82054,10/15/2020 01:32:00 PM,2020
CR00018888,06/10/2024 02:15:00 PM,35,CLEAR,DAYLIGHT,TURNING,FOUR WAY,NO CONTROLS,DISTRACTION - FROM INSIDE VEHICLE,DISREGARDING TRAFFIC SIGNALS,0,0,0,0,14,2,6,1033,PULASKI RD,41.891877,-87.660976,06/10/2024 02:39:00 PM,2024
CR00018889,02/24/2020 08:45:00 PM,30,CLEAR,DAYLIGHT,PEDESTRIAN,DIVIDED - W/MEDIAN (NOT RAISED),STOP SIGN/FLASHER,UNABLE TO DETERMINE,UNABLE TO DETERMINE,0,0,0,0,20,2,2,1305,63RD ST,41.737369,-87.843209,02/24/2020 08:55:00 PM,2020
CR00018890,08/28/2016 06:34:00 PM,15,CLEAR,DARKNESS,REAR TO FRONT,ONE-WAY,UNKNOWN,IMPROPER LANE USAGE,UNABLE TO DETERMINE,0,0,1,1,18,1,8,2348,KEDZIE AVE,41.708713,-87.844433,08/28/2016 07:07:00 PM,2016
CR00018891,04/21/2023 02:46:00 PM,20,CLEAR,DARKNESS,TURNING,DIVIDED - W/MEDIAN (NOT RAISED),NO CONTROLS,WEATHER,UNABLE TO DETERMINE,0,0,2,2,14,6,4,1179,LAKE SHORE DR,41.845815,-87.587767,04/21/2023 03:52:00 PM,2023
CR00018892,03/11/2021 10:29:00 AM,40,CLEAR,DAYLIGHT,TURNING,DIVIDED - W/MEDIAN (NOT RAISED),TRAFFIC SIGNAL,DRIVING SKILLS/KNOWLEDGE/EXPERIENCE,DRIVING SKILLS/KNOWLEDGE/EXPERIENCE,0,2,2,4,10,5,3,855,79TH ST,41.714316,-87.814561,03/11/2021 11:50:00 AM,2021
CR00018893,04/29/2020 07:57:00 PM,30,CLEAR,DAYLIGHT,FIXED OBJECT,DIVIDED - W/MEDIAN BARRIER,UNKNOWN,UNABLE TO DETERMINE,NOT APPLICABLE,0,0,0,0,19,4,4,182,CICERO AVE,41.742155,-87.580663,04/29/2020 08:31:00 PM,2020
CR00018894,03/17/2016 01:25:00 AM,25,CLEAR,DARKNESS - LIGHTED ROAD,REAR END,DIVIDED - W/MEDIAN (NOT RAISED),NO CONTROLS,FOLLOWING TOO CLOSELY,FAILING TO YIELD RIGHT-OF-WAY,0,0,1,1,1,5,3,2369,DAMEN AVE,41.908986,-87.843561,03/17/2016 02:47:00 AM,2016
CR00018895,07/21/2015 04:27:00 PM,30,CLEAR,DAYLIGHT,ANGLE,NOT DIVIDED,TRAFFIC SIGNAL,FOLLOWING TOO CLOSELY,IMPROPER LANE USAGE,0,1,1,2,16,3,7,401,STONY ISLAND AVE,41.868652,-87.523553,07/21/2015 06:15:00 PM,2015
CR00018896,10/06/2019 12:20:00 PM,40,SNOW,DUSK,REAR END,DIVIDED - W/MEDIAN (NOT RAISED),NO CONTROLS,UNABLE TO DETERMINE,UNABLE TO DETERMINE,0,0,0,0,12,1,10,923,DIVISION ST,41.768563,-87.690809,10/06/2019 02:09:00 PM,2019
CR00018897,01/06/2018 05:45:00 PM,30,CLEAR,DAYLIGHT,SIDESWIPE SAME DIRECTION,NOT DIVIDED,STOP SIGN/FLASHER,UNABLE TO DETERMINE,DISREGARDING TRAFFIC SIGNALS,0,0,0,0,17,7,1,1726,63RD ST,41.729776,-87.54181,01/06/2018 07:02:00 PM,2018
CR00018898,09/13/2019 07:19:00 PM,35,CLEAR,DAYLIGHT,PARKED MOTOR VEHICLE,DIVIDED - W/MEDIAN (NOT RAISED),TRAFFIC SIGNAL,UNABLE TO DETERMINE,NOT APPLICABLE,0,0,0,0,19,6,9,699,STONY ISLAND AVE,41.920615,-87.558454,09/13/2019 08:17:00 PM,2019
CR00018899,12/13/2022 09:03:00 AM,25,CLEAR,DARKNESS - LIGHTED ROAD,REAR END,FOUR WAY,NO CONTROLS,DRIVING SKILLS/KNOWLEDGE/EXPERIENCE,NOT APPLICABLE,0,0,0,0,9,3,12,208,ELSTON AVE,41.897409,-87.776775,12/13/2022 09:41:00 AM,2022
CR00018900,12/09/2023 03:03:00 PM,45,CLEAR,DAYLIGHT,SIDESWIPE SAME DIRECTION,DIVIDED - W/MEDIAN BARRIER,NO CONTROLS,WEATHER,UNABLE TO DETERMINE,0,0,0,0,15,7,12,1532,CALIFORNIA AVE,41.709599,-87.635269,12/09/2023 04:23:00 PM,2023
CR00018901,04/11/2023 05:23:00 PM,40,CLEAR,DAYLIGHT,REAR END,FOUR WAY,TRAFFIC SIGNAL,FOLLOWING TOO CLOSELY,FOLLOWING TOO CLOSELY,0,0,1,1,17,3,4,250,MILWAUKEE AVE,41.989434,-87.69412,04/11/2023 06:27:00 PM,2023
CR00018902,01/18/2016 03:04:00 PM,25,CLOUDY/OVERCAST,DARKNESS - LIGHTED ROAD,SIDESWIPE SAME DIRECTION,NOT DIVIDED,STOP SIGN/FLASHER,UNABLE TO DETERMINE,UNABLE TO DETERMINE,0,0,0,0,15,2,1,459,CICERO AVE,41.996201,-87.620784,01/18/2016 04:08:00 PM,2016
CR00018903,05/17/2015 08:23:00 AM,30,CLEAR,DAYLIGHT,TURNING,T-INTERSECTION,NO CONTROLS,DRIVING SKILLS/KNOWLEDGE/EXPERIENCE,NOT APPLICABLE,0,0,0,0,8,1,5,1989,IRVING PARK RD,41.74961,-87.5873,05/17/2015 09:59:00 AM,2015
CR00018904,08/29/2022 08:33:00 AM,15,CLEAR,DARKNESS - LIGHTED ROAD,REAR END,DIVIDED - W/MEDIAN (NOT RAISED),TRAFFIC SIGNAL,FOLLOWING TOO CLOSELY,UNABLE TO DETERMINE,0,0,0,0,8,2,8,2058,WESTERN AVE,41.748919,-87.57486,08/29/2022 08:38:00 AM,2022
CR00018905,05/19/2022 02:10:00 PM,40,CLEAR,DAYLIGHT,ANGLE,DIVIDED - W/MEDIAN (NOT RAISED),NO CONTROLS,UNABLE TO DETERMINE,NOT APPLICABLE,0,0,0,0,14,5,5,1376,KEDZIE AVE,41.821906,-87.834194,05/19/2022 03:09:00 PM,2022
CR00018906,05/02/2021 07:43:00 AM,40,SNOW,DARKNESS - LIGHTED ROAD,TURNING,NOT DIVIDED,NO CONTROLS,DRIVING SKILLS/KNOWLEDGE/EXPERIENCE,UNABLE TO DETERMINE,0,0,0,0,7,1,5,1356,FULLERTON AVE,41.760447,-87.559472,05/02/2021 09:09:00 AM,2021
CR00018907,03/17/2024 04:38:00 PM,15,RAIN,DAYLIGHT,FIXED OBJECT,NOT DIVIDED,NO CONTROLS,FAILING TO YIELD RIGHT-OF-WAY,WEATHER,0,0,0,0,16,1,3,466,STATE ST,41.961921,-87.557995,03/17/2024 05:47:00 PM,2024
CR00018908,09/07/2021 09:15:00 PM,30,CLEAR,DUSK,SIDESWIPE SAME DIRECTION,ONE-WAY,NO CONTROLS,UNABLE TO DETERMINE,UNABLE TO DETERMINE,0,0,2,2,21,3,9,1440,STATE ST,41.92533,-87.833507,09/07/2021 10:59:00 PM,2021
CR00018909,08/09/2016 11:10:00 AM,30,CLEAR,DARKNESS - LIGHTED ROAD,REAR END,FOUR WAY,NO CONTROLS,FOLLOWING TOO CLOSELY,FAILING TO YIELD RIGHT-OF-WAY,0,0,2,2,11,3,8,2289,FULLERTON AVE,41.776746,-87.794946,08/09/2016 12:33:00 PM,2016
CR00018910,12/08/2018 12:59:00 PM,30,CLEAR,DAYLIGHT,REAR END,NOT DIVIDED,NO CONTROLS,IMPROPER LANE USAGE,FOLLOWING TOO CLOSELY,0,0,0,0,12,7,12,1366,WESTERN AVE,41.998439,-87.814524,12/08/2018 01:26:00 PM,2018
CR00018911,11/17/2021 07:08:00 PM,35,CLEAR,DARKNESS - LIGHTED ROAD,REAR END,FOUR WAY,NO CONTROLS,FOLLOWING TOO CLOSELY,FOLLOWING TOO CLOSELY,0,0,0,0,19,4,11,2490,ELSTON AVE,41.729195,-87.686692,11/17/2021 07:42:00 PM,2021
CR00018912,10/23/2015 08:49:00 PM,30,CLEAR,DAYLIGHT,REAR END,FOUR WAY,NO CONTROLS,DISTRACTION - FROM INSIDE VEHICLE,FOLLOWING TOO CLOSELY,0,0,0,0,20,6,10,2127,DIVISION ST,41.81848,-87.558067,10/23/2015 10:15:00 PM,2015
CR00018913,03/18/2019 07:36:00 PM,30,RAIN,DARKNESS - LIGHTED ROAD,TURNING,NOT DIVIDED,NO CONTROLS,DRIVING SKILLS/KNOWLEDGE/EXPERIENCE,NOT APPLICABLE,0,0,0,0,19,2,3,246,ARCHER AVE,41.945519,-87.835265,03/18/2019 07:57:00 PM,2019
CR00018914,05/07/2020 12:51:00 PM,20,CLEAR,DAYLIGHT,FIXED OBJECT,DIVIDED - W/MEDIAN (NOT RAISED),TRAFFIC SIGNAL,FAILING TO REDUCE SPEED,NOT APPLICABLE,0,0,0,0,12,5,5,861,47TH ST,41.7077,-87.539739,05/07/2020 01:19:00 PM,2020
CR00018915,05/14/2019 06:05:00 PM,20,CLEAR,DAYLIGHT,PARKED MOTOR VEHICLE,DIVIDED - W/MEDIAN (NOT RAISED),STOP SIGN/FLASHER,DISREGARDING TRAFFIC SIGNALS,NOT APPLICABLE,0,0,2,2,18,3,5,2505,63RD ST,41.87264,-87.739984,05/14/2019 07:39:00 PM,2019
CR00018916,04/09/2021 11:44:00 PM,40,CLEAR,DAYLIGHT,TURNING,NOT DIVIDED,NO CONTROLS,UNABLE TO DETERMINE,NOT APPLICABLE,0,0,0,0,23,6,4,665,CALIFORNIA AVE,41.714751,-87.742944,04/10/2021 12:27:00 AM,2021
CR00018917,02/09/2020 01:22:00 PM,30,CLEAR,DAYLIGHT,REAR END,T-INTERSECTION,STOP SIGN/FLASHER,UNABLE TO DETERMINE,IMPROPER LANE USAGE,0,0,0,0,13,1,2,1846,BROADWAY,41.825726,-87.634121,02/09/2020 02:50:00 PM,2020
CR00018918,12/21/2017 03:57:00 PM,15,CLEAR,DAYLIGHT,REAR END,ONE-WAY,NO CONTROLS,DISTRACTION - FROM INSIDE VEHICLE,UNABLE TO DETERMINE,0,0,0,0,15,5,12,444,ARCHER AVE,41.729458,-87.592304,12/21/2017 04:24:00 PM,2017
CR00018919,10/26/2022 06:13:00 PM,25,CLEAR,DARKNESS - LIGHTED ROAD,TURNING,NOT DIVIDED,NO CONTROLS,FAILING TO YIELD RIGHT-OF-WAY,FOLLOWING TOO CLOSELY,0,1,1,2,18,4,10,671,FULLERTON AVE,41.864177,-87.635371,10/26/2022 07:59:00 PM,2022
CR00018920,01/15/2015 07:12:00 PM,40,CLEAR,DAYLIGHT,SIDESWIPE SAME DIRECTION,DIVIDED - W/MEDIAN (NOT RAISED),UNKNOWN,DISTRACTION - FROM INSIDE VEHICLE,DRIVING SKILLS/KNOWLEDGE/EXPERIENCE,0,0,0,0,19,5,1,497,OGDEN AVE,41.760197,-87.702005,01/15/2015 07:28:00 PM,2015
CR00018921,11/01/2016 08:21:00 PM,15,SNOW,DARKNESS - LIGHTED ROAD,REAR TO FRONT,DIVIDED - W/MEDIAN (NOT RAISED),NO CONTROLS,FOLLOWING TOO CLOSELY,IMPROPER OVERTAKING/PASSING,0,0,0,0,20,3,11,708,BROADWAY,41.717262,-87.762545,11/01/2016 09:21:00 PM,2016
CR00018922,03/15/2015 05:00:00 PM,25,CLEAR,DAYLIGHT,SIDESWIPE SAME DIRECTION,DIVIDED - W/MEDIAN (NOT RAISED),TRAFFIC SIGNAL,DRIVING SKILLS/KNOWLEDGE/EXPERIENCE,FOLLOWING TOO CLOSELY,0,0,0,0,17,1,3,2002,ARCHER AVE,41.846689,-87.547367,03/15/2015 06:25:00 PM,2015
CR00018923,09/16/2015 10:30:00 PM,25,CLEAR,DARKNESS - LIGHTED ROAD,REAR END,DIVIDED - W/MEDIAN (NOT RAISED),TRAFFIC SIGNAL,UNABLE TO DETERMINE,DRIVING SKILLS/KNOWLEDGE/EXPERIENCE,0,0,0,0,22,4,9,1003,OGDEN AVE,41.855557,-87.707582,09/16/2015 11:07:00 PM,2015
CR00018924,11/04/2018 04:49:00 PM,45,CLEAR,DAYLIGHT,SIDESWIPE SAME DIRECTION,FOUR WAY,STOP SIGN/FLASHER,IMPROPER LANE USAGE,FOLLOWING TOO CLOSELY,0,0,0,0,16,1,11,1161,WESTERN AVE,41.873142,-87.836008,11/04/2018 05:20:00 PM,2018
CR00018925,07/28/2016 07:43:00 AM,30,CLOUDY/OVERCAST,DARKNESS - LIGHTED ROAD,REAR END,NOT DIVIDED,NO CONTROLS,UNABLE TO DETERMINE,NOT APPLICABLE,0,0,0,0,7,5,7,1655,DIVISION ST,41.752404,-87.734197,07/28/2016 09:18:00 AM,2016
CR00018926,11/13/2015 05:23:00 PM,35,CLEAR,DARKNESS - LIGHTED ROAD,REAR END,ONE-WAY,YIELD,FOLLOWING TOO CLOSELY,NOT APPLICABLE,0,0,0,0,17,6,11,820,63RD ST,41.981636,-87.614043,11/13/2015 06:06:00 PM,2015
CR00018927,11/23/2020 09:13:00 AM,30,CLEAR,DARKNESS - LIGHTED ROAD,SIDESWIPE SAME DIRECTION,NOT DIVIDED,NO CONTROLS,UNABLE TO DETERMINE,NOT APPLICABLE,0,0,0,0,9,2,11,2143,63RD ST,41.772946,-87.76093,11/23/2020 10:43:00 AM,2020
CR00018928,10/07/2020 08:34:00 PM,40,RAIN,DAYLIGHT,REAR END,NOT DIVIDED,TRAFFIC SIGNAL,UNABLE TO DETERMINE,NOT APPLICABLE,0,0,3,3,20,4,10,2296,PULASKI RD,41.964156,-87.782782,10/07/2020 09:42:00 PM,2020
CR00018929,05/25/2017 11:17:00 PM,20,SNOW,DAYLIGHT,ANGLE,NOT DIVIDED,YIELD,FOLLOWING TOO CLOSELY,FAILING TO YIELD RIGHT-OF-WAY,0,0,0,0,23,5,5,2383,CLARK ST,41.974815,-87.837868,05/26/2017 12:06:00 AM,2017
CR00018930,03/01/2019 09:42:00 PM,40,CLEAR,DAYLIGHT,ANGLE,NOT DIVIDED,TRAFFIC SIGNAL,FAILING TO REDUCE SPEED,IMPROPER LANE USAGE,0,1,2,3,21,6,3,253,FULLERTON AVE,41.860146,-87.735115,03/01/2019 10:36:00 PM,2019