CRASH_RECORD_ID,CRASH_DATE,POSTED_SPEED_LIMIT,WEATHER_CONDITION,LIGHTING_CONDITION,FIRST_CRASH_TYPE,TRAFFICWAY_TYPE,TRAFFIC_CONTROL_DEVICE,PRIM_CONTRIBUTORY_CAUSE,SEC_CONTRIBUTORY_CAUSE,INJURIES_FATAL,INJURIES_INCAPACITATING,INJURIES_NON_INCAPACITATING,INJURIES_TOTAL,CRASH_HOUR,CRASH_DAY_OF_WEEK,CRASH_MONTH,BEAT_OF_OCCURRENCE,STREET_NAME,LATITUDE,LONGITUDE,DATE_POLICE_NOTIFIED,year
CR00018931,10/18/2019 10:11:00 AM,25,CLEAR,DAYLIGHT,REAR END,NOT DIVIDED,STOP SIGN/FLASHER,UNABLE TO DETERMINE,UNABLE TO DETERMINE,0,0,0,0,10,6,10,872,IRVING PARK RD,41.864517,-87.509965,10/18/2019 10:49:00 AM,2019
CR00018932,05/14/2022 08:53:00 AM,15,CLEAR,DAYLIGHT,REAR END,NOT DIVIDED,TRAFFIC SIGNAL,IMPROPER LANE USAGE,IMPROPER OVERTAKING/PASSING,0,0,1,1,8,7,5,2427,DAMEN AVE,41.98835,-87.585847,05/14/2022 09:35:00 AM,2022
CR00018933,04/07/2021 01:12:00 PM,30,FREEZING RAIN/DRIZZLE,DARKNESS - LIGHTED ROAD,PARKED MOTOR VEHICLE,NOT DIVIDED,TRAFFIC SIGNAL,FAILING TO YIELD RIGHT-OF-WAY,IMPROPER OVERTAKING/PASSING,0,0,0,0,13,4,4,287,STATE ST,41.903905,-87.572706,04/07/2021 03:03:00 PM,2021
CR00018934,04/21/2024 03:41:00 PM,40,CLEAR,DAYLIGHT,REAR END,ONE-WAY,STOP SIGN/FLASHER,IMPROPER LANE USAGE,IMPROPER OVERTAKING/PASSING,0,0,0,0,15,1,4,1245,ELSTON AVE,41.710869,-87.768535,04/21/2024 04:38:00 PM,2024
CR00018935,03/25/2023 08:51:00 PM,30,CLEAR,DARKNESS - LIGHTED ROAD,PARKED MOTOR VEHICLE,T-INTERSECTION,TRAFFIC SIGNAL,UNABLE TO DETERMINE,FOLLOWING TOO CLOSELY,0,0,0,0,20,7,3,2172,LAKE SHORE DR,41.702061,-87.531932,03/25/2023 08:52:00 PM,2023
CR00018936,04/11/2017 03:42:00 PM,40,CLEAR,DUSK,TURNING,DIVIDED - W/MEDIAN (NOT RAISED),TRAFFIC SIGNAL,IMPROPER OVERTAKING/PASSING,UNABLE TO DETERMINE,0,0,0,0,15,3,4,1403,ROOSEVELT RD,41.846331,-87.723411,04/11/2017 04:52:00 PM,2017
CR00018937,02/04/2020 04:36:00 PM,25,CLEAR,DAYLIGHT,REAR END,DIVIDED - W/MEDIAN BARRIER,NO CONTROLS,IMPROPER OVERTAKING/PASSING,UNABLE TO DETERMINE,0,0,0,0,16,3,2,2530,KEDZIE AVE,41.726928,-87.647618,02/04/2020 06:18:00 PM,2020
CR00018938,11/10/2022 02:58:00 PM,25,CLEAR,DARKNESS - LIGHTED ROAD,REAR END,FOUR WAY,NO CONTROLS,FAILING TO REDUCE SPEED,FAILING TO REDUCE SPEED,0,0,0,0,14,5,11,453,79TH ST,41.993354,-87.575241,11/10/2022 03:49:00 PM,2022
CR00018939,02/10/2017 07:11:00 PM,35,CLEAR,DUSK,REAR END,NOT DIVIDED,TRAFFIC SIGNAL,DRIVING SKILLS/KNOWLEDGE/EXPERIENCE,UNABLE TO DETERMINE,0,0,3,3,19,6,2,240,63RD ST,41.884498,-87.687388,02/10/2017 09:04:00 PM,2017
CR00018940,01/22/2023 03:06:00 PM,25,CLEAR,DUSK,ANGLE,NOT DIVIDED,TRAFFIC SIGNAL,FOLLOWING TOO CLOSELY,IMPROPER LANE USAGE,0,0,0,0,15,1,1,1395,PULASKI RD,41.7142,-87.846473,01/22/2023 03:58:00 PM,2023
CR00018941,10/27/2020 07:18:00 AM,35,RAIN,DAYLIGHT,REAR END,NOT DIVIDED,NO CONTROLS,IMPROPER OVERTAKING/PASSING,UNABLE TO DETERMINE,0,0,0,0,7,3,10,1446,IRVING PARK RD,41.910593,-87.552786,10/27/2020 07:25:00 AM,2020
CR00018942,03/20/2019 07:25:00 AM,35,CLEAR,DAYLIGHT,REAR TO FRONT,DIVIDED - W/MEDIAN (NOT RAISED),TRAFFIC SIGNAL,FOLLOWING TOO CLOSELY,FAILING TO YIELD RIGHT-OF-WAY,0,0,0,0,7,4,3,2182,MILWAUKEE AVE,41.736306,-87.594185,03/20/2019 09:08:00 AM,2019
CR00018943,04/22/2019 01:20:00 PM,30,RAIN,DAYLIGHT,ANGLE,NOT DIVIDED,NO CONTROLS,FOLLOWING TOO CLOSELY,FAILING TO YIELD RIGHT-OF-WAY,0,1,1,2,13,2,4,2317,KEDZIE AVE,41.710692,-87.622298,04/22/2019 03:04:00 PM,2019
CR00018944,06/29/2020 01:35:00 PM,30,CLEAR,DAYLIGHT,SIDESWIPE SAME DIRECTION,FOUR WAY,STOP SIGN/FLASHER,IMPROPER LANE USAGE,DISREGARDING TRAFFIC SIGNALS,0,0,2,2,13,2,6,300,79TH ST,41.888877,-87.6693,06/29/2020 01:46:00 PM,2020
CR00018945,06/28/2016 07:32:00 AM,15,RAIN,DARKNESS - LIGHTED ROAD,REAR END,NOT DIVIDED,TRAFFIC SIGNAL,DISTRACTION - FROM INSIDE VEHICLE,FAILING TO YIELD RIGHT-OF-WAY,0,0,0,0,7,3,6,2053,47TH ST,41.700465,-87.580373,06/28/2016 07:57:00 AM,2016
CR00018946,01/05/2022 11:02:00 AM,30,CLEAR,DARKNESS - LIGHTED ROAD,PEDESTRIAN,DIVIDED - W/MEDIAN BARRIER,NO CONTROLS,FOLLOWING TOO CLOSELY,FAILING TO REDUCE SPEED,0,0,0,0,11,4,1,1680,47TH ST,41.846223,-87.560408,01/05/2022 11:26:00 AM,2022
CR00018947,12/14/2021 07:21:00 PM,35,CLEAR,DAYLIGHT,FIXED OBJECT,ONE-WAY,NO CONTROLS,FOLLOWING TOO CLOSELY,DRIVING SKILLS/KNOWLEDGE/EXPERIENCE,0,0,0,0,19,3,12,330,CLARK ST,41.733768,-87.768191,12/14/2021 07:27:00 PM,2021
CR00018948,04/13/2022 08:35:00 AM,25,RAIN,DAYLIGHT,SIDESWIPE SAME DIRECTION,NOT DIVIDED,TRAFFIC SIGNAL,IMPROPER LANE USAGE,FOLLOWING TOO CLOSELY,0,0,0,0,8,4,4,1153,IRVING PARK RD,41.870959,-87.512992,04/13/2022 10:27:00 AM,2022
CR00018949,06/17/2019 04:56:00 PM,40,CLEAR,DARKNESS - LIGHTED ROAD,REAR TO FRONT,DIVIDED - W/MEDIAN (NOT RAISED),TRAFFIC SIGNAL,DISTRACTION - FROM INSIDE VEHICLE,FAILING TO YIELD RIGHT-OF-WAY,0,0,0,0,16,2,6,226,MILWAUKEE AVE,41.76197,-87.651142,06/17/2019 06:54:00 PM,2019
CR00018950,06/27/2015 09:13:00 AM,35,CLEAR,DAYLIGHT,ANGLE,NOT DIVIDED,UNKNOWN,UNABLE TO DETERMINE,IMPROPER OVERTAKING/PASSING,0,0,0,0,9,7,6,2315,FULLERTON AVE,41.779389,-87.842097,06/27/2015 09:17:00 AM,2015
CR00018951,04/12/2022 06:49:00 AM,30,CLEAR,DARKNESS - LIGHTED ROAD,SIDESWIPE SAME DIRECTION,NOT DIVIDED,TRAFFIC SIGNAL,UNABLE TO DETERMINE,FAILING TO REDUCE SPEED,0,0,1,1,6,3,4,1821,KEDZIE AVE,41.940703,-87.766104,04/12/2022 07:06:00 AM,2022
CR00018952,10/21/2016 03:11:00 PM,15,CLEAR,DARKNESS,ANGLE,DIVIDED - W/MEDIAN (NOT RAISED),PEDESTRIAN CROSSING SIGN,UNABLE TO DETERMINE,NOT APPLICABLE,0,0,0,0,15,6,10,1449,DIVISION ST,41.874235,-87.821788,10/21/2016 05:03:00 PM,2016
CR00018953,11/09/2019 05:32:00 PM,30,CLOUDY/OVERCAST,DAYLIGHT,TURNING,NOT DIVIDED,TRAFFIC SIGNAL,UNABLE TO DETERMINE,NOT APPLICABLE,0,0,0,0,17,7,11,1415,DAMEN AVE,41.893382,-87.527865,11/09/2019 06:51:00 PM,2019
CR00018954,01/12/2017 05:25:00 PM,25,CLEAR,DAYLIGHT,ANGLE,NOT DIVIDED,TRAFFIC SIGNAL,UNABLE TO DETERMINE,FAILING TO YIELD RIGHT-OF-WAY,0,0,0,0,17,5,1,365,LAKE SHORE DR,41.976589,-87.78161,01/12/2017 06:31:00 PM,2017
CR00018955,07/26/2022 02:49:00 PM,35,CLEAR,DAYLIGHT,REAR TO FRONT,T-INTERSECTION,UNKNOWN,FOLLOWING TOO CLOSELY,UNABLE TO DETERMINE,0,0,0,0,14,3,7,2078,CLARK ST,41.732105,-87.707931,07/26/2022 02:50:00 PM,2022
CR00018956,12/02/2015 07:53:00 PM,30,SNOW,DAYLIGHT,ANGLE,NOT DIVIDED,NO CONTROLS,FAILING TO YIELD RIGHT-OF-WAY,IMPROPER OVERTAKING/PASSING,0,0,0,0,19,4,12,1106,ARCHER AVE,41.754569,-87.6186,12/02/2015 07:58:00 PM,2015
CR00018957,09/09/2022 03:02:00 PM,40,CLEAR,DARKNESS - LIGHTED ROAD,FIXED OBJECT,ONE-WAY,TRAFFIC SIGNAL,FOLLOWING TOO CLOSELY,DRIVING SKILLS/KNOWLEDGE/EXPERIENCE,0,0,0,0,15,6,9,507,47TH ST,41.890423,-87.667725,09/09/2022 03:39:00 PM,2022
CR00018958,11/06/2019 07:36:00 AM,30,CLEAR,DAYLIGHT,ANGLE,NOT DIVIDED,YIELD,IMPROPER OVERTAKING/PASSING,UNABLE TO DETERMINE,0,0,0,0,7,4,11,1562,79TH ST,41.773555,-87.832619,11/06/2019 08:12:00 AM,2019
CR00018959,12/04/2016 08:11:00 AM,25,CLEAR,DARKNESS - LIGHTED ROAD,ANGLE,DIVIDED - W/MEDIAN (NOT RAISED),UNKNOWN,FOLLOWING TOO CLOSELY,FOLLOWING TOO CLOSELY,0,0,2,2,8,1,12,806,ASHLAND AVE,41.853728,-87.654595,12/04/2016 09:42:00 AM,2016
CR00018960,12/01/2023 09:47:00 AM,35,CLOUDY/OVERCAST,DAYLIGHT,PARKED MOTOR VEHICLE,NOT DIVIDED,UNKNOWN,IMPROPER LANE USAGE,DRIVING SKILLS/KNOWLEDGE/EXPERIENCE,0,0,0,0,9,6,12,1895,OGDEN AVE,41.997157,-87.511496,12/01/2023 11:46:00 AM,2023
CR00018961,07/15/2024 05:20:00 PM,35,CLEAR,DARKNESS - LIGHTED ROAD,TURNING,NOT DIVIDED,TRAFFIC SIGNAL,DISTRACTION - FROM INSIDE VEHICLE,DISTRACTION - FROM INSIDE VEHICLE,0,0,0,0,17,2,7,2334,47TH ST,41.780636,-87.599675,07/15/2024 06:56:00 PM,2024
CR00018962,01/11/2020 08:48:00 AM,15,CLEAR,DAYLIGHT,PARKED MOTOR VEHICLE,NOT DIVIDED,TRAFFIC SIGNAL,IMPROPER OVERTAKING/PASSING,DRIVING SKILLS/KNOWLEDGE/EXPERIENCE,0,0,0,0,8,7,1,932,ARCHER AVE,41.816757,-87.717048,01/11/2020 08:55:00 AM,2020
CR00018963,08/31/2018 10:12:00 AM,25,CLEAR,DAYLIGHT,TURNING,T-INTERSECTION,NO CONTROLS,DRIVING SKILLS/KNOWLEDGE/EXPERIENCE,IMPROPER OVERTAKING/PASSING,0,0,0,0,10,6,8,2385,DAMEN AVE,41.995549,-87.665705,08/31/2018 10:22:00 AM,2018
CR00018964,02/07/2020 03:47:00 AM,45,CLOUDY/OVERCAST,DAYLIGHT,TURNING,DIVIDED - W/MEDIAN (NOT RAISED),NO CONTROLS,UNABLE TO DETERMINE,NOT APPLICABLE,0,0,0,0,3,6,2,2072,63RD ST,41.974511,-87.529367,02/07/2020 05:12:00 AM,2020
CR00018965,08/19/2020 08:11:00 PM,45,CLEAR,DUSK,PARKED MOTOR VEHICLE,ONE-WAY,NO CONTROLS,DISREGARDING TRAFFIC SIGNALS,NOT APPLICABLE,0,0,0,0,20,4,8,2270,IRVING PARK RD,41.724335,-87.810597,08/19/2020 09:16:00 PM,2020
CR00018966,06/20/2021 06:20:00 PM,30,CLEAR,DAYLIGHT,SIDESWIPE SAME DIRECTION,DIVIDED - W/MEDIAN (NOT RAISED),NO CONTROLS,DRIVING SKILLS/KNOWLEDGE/EXPERIENCE,IMPROPER OVERTAKING/PASSING,0,0,0,0,18,1,6,1503,79TH ST,41.756265,-87.578721,06/20/2021 07:25:00 PM,2021
CR00018967,06/27/2023 06:02:00 PM,15,CLEAR,DAYLIGHT,REAR END,DIVIDED - W/MEDIAN (NOT RAISED),STOP SIGN/FLASHER,UNABLE TO DETERMINE,UNABLE TO DETERMINE,0,0,0,0,18,3,6,1864,MICHIGAN AVE,41.72551,-87.718856,06/27/2023 06:42:00 PM,2023
CR00018968,10/02/2019 04:00:00 PM,35,CLOUDY/OVERCAST,DARKNESS,SIDESWIPE SAME DIRECTION,DIVIDED - W/MEDIAN (NOT RAISED),TRAFFIC SIGNAL,IMPROPER LANE USAGE,FAILING TO REDUCE SPEED,0,0,3,3,16,4,10,1780,63RD ST,41.910772,-87.526565,10/02/2019 05:13:00 PM,2019
CR00018969,03/17/2022 07:54:00 AM,15,CLEAR,DAYLIGHT,ANGLE,DIVIDED - W/MEDIAN BARRIER,NO CONTROLS,DISREGARDING TRAFFIC SIGNALS,IMPROPER LANE USAGE,0,0,0,0,7,5,3,2415,79TH ST,41.953876,-87.570437,03/17/2022 08:42:00 AM,2022
CR00018970,04/17/2018 10:51:00 AM,30,CLEAR,DUSK,REAR END,FOUR WAY,NO CONTROLS,UNABLE TO DETERMINE,DISTRACTION - FROM INSIDE VEHICLE,0,2,0,2,10,3,4,466,CALIFORNIA AVE,41.851326,-87.711007,04/17/2018 11:45:00 AM,2018
CR00018971,05/17/2023 02:53:00 AM,30,CLEAR,DAYLIGHT,REAR TO FRONT,NOT DIVIDED,NO CONTROLS,IMPROPER OVERTAKING/PASSING,DRIVING SKILLS/KNOWLEDGE/EXPERIENCE,0,0,0,0,2,4,5,1493,STONY ISLAND AVE,41.801663,-87.755585,05/17/2023 04:34:00 AM,2023
CR00018972,12/07/2023 12:50:00 AM,45,CLEAR,DAYLIGHT,TURNING,DIVIDED - W/MEDIAN (NOT RAISED),TRAFFIC SIGNAL,FAILING TO YIELD RIGHT-OF-WAY,UNABLE TO DETERMINE,0,0,1,1,0,5,12,2242,ELSTON AVE,41.975988,-87.610579,12/07/2023 01:37:00 AM,2023
CR00018973,09/21/2015 09:50:00 AM,20,RAIN,DARKNESS - LIGHTED ROAD,PARKED MOTOR VEHICLE,FOUR WAY,NO CONTROLS,FAILING TO YIELD RIGHT-OF-WAY,UNABLE TO DETERMINE,0,0,1,1,9,2,9,1934,WESTERN AVE,41.829401,-87.626102,09/21/2015 11:37:00 AM,2015
CR00018974,11/20/2017 08:19:00 PM,35,CLOUDY/OVERCAST,DARKNESS - LIGHTED ROAD,REAR END,NOT DIVIDED,NO CONTROLS,FOLLOWING TOO CLOSELY,DRIVING SKILLS/KNOWLEDGE/EXPERIENCE,0,0,0,0,20,2,11,2064,79TH ST,41.765903,-87.784682,11/20/2017 09:20:00 PM,2017
CR00018975,03/16/2024 03:29:00 AM,15,CLOUDY/OVERCAST,DAWN,TURNING,NOT DIVIDED,NO CONTROLS,DRIVING SKILLS/KNOWLEDGE/EXPERIENCE,DISREGARDING TRAFFIC SIGNALS,0,0,0,0,3,7,3,116,ASHLAND AVE,41.965401,-87.6618,03/16/2024 04:02:00 AM,2024
CR00018976,02/07/2022 08:32:00 PM,30,CLEAR,DAYLIGHT,TURNING,FOUR WAY,STOP SIGN/FLASHER,FAILING TO YIELD RIGHT-OF-WAY,NOT APPLICABLE,0,0,0,0,20,2,2,1151,HALSTED ST,41.742887,-87.626405,02/07/2022 10:08:00 PM,2022
CR00018977,02/21/2016 10:31:00 AM,35,CLEAR,DAYLIGHT,REAR END,NOT DIVIDED,NO CONTROLS,FAILING TO YIELD RIGHT-OF-WAY,UNABLE TO DETERMINE,0,0,1,1,10,1,2,1249,STATE ST,41.798294,-87.630357,02/21/2016 10:49:00 AM,2016
CR00018978,10/17/2017 11:21:00 AM,15,RAIN,DARKNESS - LIGHTED ROAD,REAR END,DIVIDED - W/MEDIAN (NOT RAISED),NO CONTROLS,FAILING TO YIELD RIGHT-OF-WAY,DISTRACTION - FROM INSIDE VEHICLE,0,0,1,1,11,3,10,522,MILWAUKEE AVE,41.764796,-87.7051,10/17/2017 12:43:00 PM,2017
CR00018979,06/09/2021 05:35:00 PM,35,CLEAR,DAYLIGHT,REAR END,NOT DIVIDED,TRAFFIC SIGNAL,DISTRACTION - FROM INSIDE VEHICLE,UNABLE TO DETERMINE,0,0,0,0,17,4,6,2379,STONY ISLAND AVE,41.89479,-87.553848,06/09/2021 06:53:00 PM,2021
CR00018980,05/15/2019 01:23:00 PM,15,CLEAR,DARKNESS - LIGHTED ROAD,REAR TO FRONT,ONE-WAY,STOP SIGN/FLASHER,FOLLOWING TOO CLOSELY,UNABLE TO DETERMINE,0,0,1,1,13,4,5,510,BROADWAY,41.947392,-87.616912,05/15/2019 01:54:00 PM,2019
CR00018981,02/08/2019 03:28:00 PM,40,CLEAR,DAYLIGHT,FIXED OBJECT,FOUR WAY,NO CONTROLS,FOLLOWING TOO CLOSELY,UNABLE TO DETERMINE,0,0,0,0,15,6,2,250,FULLERTON AVE,41.846125,-87.501555,02/08/2019 05:20:00 PM,2019
CR00018982,06/03/2016 05:18:00 PM,40,CLEAR,DAYLIGHT,PARKED MOTOR VEHICLE,DIVIDED - W/MEDIAN (NOT RAISED),NO CONTROLS,FOLLOWING TOO CLOSELY,NOT APPLICABLE,0,0,0,0,17,6,6,1802,MICHIGAN AVE,41.833913,-87.769317,06/03/2016 06:01:00 PM,2016
CR00018983,04/18/2021 01:30:00 PM,30,CLEAR,DARKNESS,PARKED MOTOR VEHICLE,NOT DIVIDED,NO CONTROLS,UNABLE TO DETERMINE,UNABLE TO DETERMINE,0,0,0,0,13,1,4,1018,ROOSEVELT RD,41.815357,-87.745799,04/18/2021 02:59:00 PM,2021
CR00018984,08/24/2023 07:44:00 AM,35,RAIN,DAYLIGHT,PEDESTRIAN,NOT DIVIDED,NO CONTROLS,UNABLE TO DETERMINE,FAILING TO REDUCE SPEED,0,0,0,0,7,5,8,251,BROADWAY,41.811359,-87.676542,08/24/2023 08:04:00 AM,2023
CR00018985,06/12/2015 06:14:00 PM,30,CLEAR,DARKNESS - LIGHTED ROAD,PARKED MOTOR VEHICLE,NOT DIVIDED,TRAFFIC SIGNAL,DRIVING SKILLS/KNOWLEDGE/EXPERIENCE,NOT APPLICABLE,0,0,1,1,18,6,6,1322,ELSTON AVE,41.759978,-87.844485,06/12/2015 06:31:00 PM,2015
CR00018986,02/13/2018 10:53:00 PM,45,CLEAR,DARKNESS - LIGHTED ROAD,TURNING,NOT DIVIDED,TRAFFIC SIGNAL,DISTRACTION - FROM INSIDE VEHICLE,IMPROPER LANE USAGE,0,0,2,2,22,3,2,2053,CLARK ST,41.988433,-87.810015,02/13/2018 11:01:00 PM,2018
CR00018987,10/26/2017 11:02:00 AM,20,CLEAR,DAYLIGHT,ANGLE,NOT DIVIDED,TRAFFIC SIGNAL,UNABLE TO DETERMINE,UNABLE TO DETERMINE,0,0,0,0,11,5,10,2003,ELSTON AVE,41.821005,-87.566781,10/26/2017 11:59:00 AM,2017
CR00018988,08/23/2017 11:36:00 AM,30,CLEAR,DARKNESS - LIGHTED ROAD,ANGLE,FOUR WAY,NO CONTROLS,FOLLOWING TOO CLOSELY,DISTRACTION - FROM INSIDE VEHICLE,0,0,0,0,11,4,8,773,WESTERN AVE,41.860766,-87.780862,08/23/2017 12:31:00 PM,2017
CR00018989,06/10/2019 09:39:00 AM,30,CLEAR,DARKNESS,SIDESWIPE SAME DIRECTION,NOT DIVIDED,NO CONTROLS,IMPROPER LANE USAGE,DISREGARDING TRAFFIC SIGNALS,0,0,0,0,9,2,6,920,BROADWAY,41.918034,-87.613484,06/10/2019 10:58:00 AM,2019
CR00018990,06/29/2015 08:58:00 AM,30,CLEAR,DAWN,TURNING,NOT DIVIDED,STOP SIGN/FLASHER,UNABLE TO DETERMINE,UNABLE TO DETERMINE,0,0,0,0,8,2,6,198,47TH ST,41.993391,-87.736155,06/29/2015 10:58:00 AM,2015
CR00018991,05/09/2016 06:46:00 PM,35,CLEAR,DAYLIGHT,ANGLE,DIVIDED - W/MEDIAN (NOT RAISED),NO CONTROLS,UNABLE TO DETERMINE,NOT APPLICABLE,0,0,0,0,18,2,5,2185,KEDZIE AVE,41.820339,-87.614204,05/09/2016 06:58:00 PM,2016
CR00018992,12/10/2019 09:24:00 AM,30,CLEAR,DAYLIGHT,PARKED MOTOR VEHICLE,NOT DIVIDED,TRAFFIC SIGNAL,FOLLOWING TOO CLOSELY,UNABLE TO DETERMINE,0,0,0,0,9,3,12,1240,CALIFORNIA AVE,41.890332,-87.648277,12/10/2019 09:31:00 AM,2019
CR00018993,10/04/2020 02:49:00 PM,35,CLEAR,DAYLIGHT,TURNING,DIVIDED - W/MEDIAN (NOT RAISED),TRAFFIC SIGNAL,UNABLE TO DETERMINE,DRIVING SKILLS/KNOWLEDGE/EXPERIENCE,0,0,0,0,14,1,10,136,79TH ST,41.935329,-87.662108,10/04/2020 04:40:00 PM,2020
CR00018994,09/14/2024 04:48:00 AM,25,CLEAR,DAYLIGHT,REAR END,NOT DIVIDED,UNKNOWN,IMPROPER LANE USAGE,UNABLE TO DETERMINE,0,0,0,0,4,7,9,2501,CLARK ST,41.9455,-87.599879,09/14/2024 06:30:00 AM,2024
CR00018995,07/02/2020 03:13:00 AM,15,CLEAR,DARKNESS - LIGHTED ROAD,SIDESWIPE SAME DIRECTION,DIVIDED - W/MEDIAN BARRIER,TRAFFIC SIGNAL,DISTRACTION - FROM INSIDE VEHICLE,NOT APPLICABLE,0,0,0,0,3,5,7,2474,ROOSEVELT RD,41.730825,-87.646352,07/02/2020 03:17:00 AM,2020
CR00018996,06/15/2016 06:33:00 AM,35,CLEAR,DUSK,SIDESWIPE SAME DIRECTION,FOUR WAY,STOP SIGN/FLASHER,IMPROPER LANE USAGE,UNABLE TO DETERMINE,0,0,0,0,6,4,6,646,ELSTON AVE,41.882824,-87.551152,06/15/2016 07:28:00 AM,2016
CR00018997,09/02/2024 07:40:00 AM,35,CLEAR,DAYLIGHT,REAR END,NOT DIVIDED,NO CONTROLS,UNABLE TO DETERMINE,IMPROPER LANE USAGE,0,0,0,0,7,2,9,2511,OGDEN AVE,41.82959,-87.720004,09/02/2024 09:19:00 AM,2024
CR00018998,11/28/2019 11:30:00 AM,20,CLOUDY/OVERCAST,DARKNESS - LIGHTED ROAD,REAR END,DIVIDED - W/MEDIAN BARRIER,TRAFFIC SIGNAL,DRIVING SKILLS/KNOWLEDGE/EXPERIENCE,IMPROPER OVERTAKING/PASSING,0,0,0,0,11,5,11,1469,BROADWAY,41.838408,-87.829146,11/28/2019 12:24:00 PM,2019
CR00018999,10/17/2016 06:25:00 PM,45,CLEAR,DARKNESS - LIGHTED ROAD,REAR END,T-INTERSECTION,STOP SIGN/FLASHER,IMPROPER LANE USAGE,UNABLE TO DETERMINE,0,0,0,0,18,2,10,657,WESTERN AVE,41.964905,-87.59251,10/17/2016 07:33:00 PM,2016
CR00019000,08/15/2019 01:23:00 PM,15,CLEAR,DAYLIGHT,TURNING,NOT DIVIDED,NO CONTROLS,DRIVING SKILLS/KNOWLEDGE/EXPERIENCE,FOLLOWING TOO CLOSELY,0,0,1,1,13,5,8,834,KEDZIE AVE,41.825753,-87.829838,08/15/2019 02:23:00 PM,2019
CR00019001,05/24/2016 03:38:00 PM,20,CLEAR,DARKNESS - LIGHTED ROAD,TURNING,NOT DIVIDED,NO CONTROLS,UNABLE TO DETERMINE,NOT APPLICABLE,0,0,1,1,15,3,5,1117,ARCHER AVE,41.791001,-87.74581,05/24/2016 05:27:00 PM,2016
CR00019002,05/08/2015 06:35:00 PM,30,CLEAR,DAYLIGHT,REAR END,NOT DIVIDED,NO CONTROLS,DRIVING SKILLS/KNOWLEDGE/EXPERIENCE,WEATHER,0,0,0,0,18,6,5,146,ARCHER AVE,41.716784,-87.69481,05/08/2015 07:34:00 PM,2015
CR00019003,09/29/2017 12:11:00 AM,30,CLEAR,DAYLIGHT,SIDESWIPE SAME DIRECTION,NOT DIVIDED,NO CONTROLS,UNABLE TO DETERMINE,DRIVING SKILLS/KNOWLEDGE/EXPERIENCE,0,0,0,0,0,6,9,654,CICERO AVE,41.719101,-87.749169,09/29/2017 12:47:00 AM,2017
CR00019004,08/29/2021 01:02:00 PM,45,CLEAR,DARKNESS,PARKED MOTOR VEHICLE,FOUR WAY,STOP SIGN/FLASHER,UNABLE TO DETERMINE,UNABLE TO DETERMINE,0,1,2,3,13,1,8,1541,WESTERN AVE,41.710006,-87.813945,08/29/2021 01:37:00 PM,2021
CR00019005,05/01/2018 04:46:00 PM,25,CLEAR,DARKNESS - LIGHTED ROAD,REAR END,FOUR WAY,STOP SIGN/FLASHER,IMPROPER OVERTAKING/PASSING,UNABLE TO DETERMINE,0,0,1,1,16,3,5,1764,79TH ST,41.891049,-87.574383,05/01/2018 06:04:00 PM,2018
CR00019006,02/09/2015 09:27:00 AM,45,CLOUDY/OVERCAST,DARKNESS,REAR END,DIVIDED - W/MEDIAN BARRIER,UNKNOWN,IMPROPER OVERTAKING/PASSING,NOT APPLICABLE,0,2,1,3,9,2,2,2500,ROOSEVELT RD,41.958124,-87.548158,02/09/2015 11:25:00 AM,2015
CR00019007,06/20/2016 03:25:00 PM,30,CLEAR,DARKNESS - LIGHTED ROAD,REAR END,NOT DIVIDED,STOP SIGN/FLASHER,FAILING TO REDUCE SPEED,DISTRACTION - FROM INSIDE VEHICLE,0,0,3,3,15,2,6,686,ASHLAND AVE,41.98438,-87.614314,06/20/2016 04:30:00 PM,2016
CR00019008,06/19/2023 03:46:00 PM,35,CLEAR,DAYLIGHT,TURNING,DIVIDED - W/MEDIAN BARRIER,YIELD,DRIVING SKILLS/KNOWLEDGE/EXPERIENCE,FAILING TO REDUCE SPEED,0,0,0,0,15,2,6,549,63RD ST,41.888443,-87.53627,06/19/2023 04:42:00 PM,2023
CR00019009,12/14/2023 07:12:00 PM,40,RAIN,DUSK,REAR TO FRONT,FOUR WAY,TRAFFIC SIGNAL,DRIVING SKILLS/KNOWLEDGE/EXPERIENCE,FAILING TO YIELD RIGHT-OF-WAY,0,0,0,0,19,5,12,2353,WESTERN AVE,41.700926,-87.735848,12/14/2023 08:14:00 PM,2023
CR00019010,04/28/2023 02:10:00 PM,30,CLEAR,DUSK,PARKED MOTOR VEHICLE,NOT DIVIDED,NO CONTROLS,UNABLE TO DETERMINE,FOLLOWING TOO CLOSELY,0,0,0,0,14,6,4,818,FULLERTON AVE,41.722545,-87.610024,04/28/2023 03:22:00 PM,2023
CR00019011,05/20/2024 07:49:00 AM,40,CLEAR,DAYLIGHT,REAR END,FOUR WAY,YIELD,UNABLE TO DETERMINE,UNABLE TO DETERMINE,0,0,0,0,7,2,5,754,PULASKI RD,41.847303,-87.702435,05/20/2024 08:30:00 AM,2024
CR00019012,12/07/2019 10:25:00 AM,35,CLEAR,DARKNESS - LIGHTED ROAD,REAR TO FRONT,NOT DIVIDED,YIELD,UNABLE TO DETERMINE,IMPROPER OVERTAKING/PASSING,0,0,0,0,10,7,12,2227,63RD ST,41.712637,-87.732349,12/07/2019 12:04:00 PM,2019