CRASH_RECORD_ID,CRASH_DATE,POSTED_SPEED_LIMIT,WEATHER_CONDITION,LIGHTING_CONDITION,FIRST_CRASH_TYPE,TRAFFICWAY_TYPE,TRAFFIC_CONTROL_DEVICE,PRIM_CONTRIBUTORY_CAUSE,SEC_CONTRIBUTORY_CAUSE,INJURIES_FATAL,INJURIES_INCAPACITATING,INJURIES_NON_INCAPACITATING,INJURIES_TOTAL,CRASH_HOUR,CRASH_DAY_OF_WEEK,CRASH_MONTH,BEAT_OF_OCCURRENCE,STREET_NAME,LATITUDE,LONGITUDE,DATE_POLICE_NOTIFIED,year
CR00019013,03/09/2023 11:11:00 PM,25,CLEAR,DAYLIGHT,REAR END,DIVIDED - W/MEDIAN BARRIER,NO CONTROLS,FAILING TO YIELD RIGHT-OF-WAY,FOLLOWING TOO CLOSELY,0,0,0,0,23,5,3,748,PULASKI RD,41.871606,-87.75564,03/09/2023 11:30:00 PM,2023
CR00019014,07/09/2021 07:47:00 PM,45,SNOW,DAYLIGHT,PARKED MOTOR VEHICLE,NOT DIVIDED,NO CONTROLS,UNABLE TO DETERMINE,FAILING TO YIELD RIGHT-OF-WAY,0,0,0,0,19,6,7,1598,PULASKI RD,41.786244,-87.595625,07/09/2021 08:41:00 PM,2021
CR00019015,09/27/2022 07:03:00 PM,35,FOG/SMOKE/HAZE,DAYLIGHT,REAR END,ONE-WAY,STOP SIGN/FLASHER,FOLLOWING TOO CLOSELY,UNABLE TO DETERMINE,0,0,0,0,19,3,9,2131,CLARK ST,41.876565,-87.748289,09/27/2022 08:09:00 PM,2022
CR00019016,08/04/2023 06:38:00 PM,35,CLEAR,DAYLIGHT,REAR TO FRONT,FOUR WAY,NO CONTROLS,FOLLOWING TOO CLOSELY,IMPROPER OVERTAKING/PASSING,0,0,0,0,18,6,8,1382,STATE ST,41.771725,-87.815014,08/04/2023 07:37:00 PM,2023
CR00019017,02/01/2024 06:20:00 PM,35,CLEAR,DARKNESS - LIGHTED ROAD,REAR END,FOUR WAY,NO CONTROLS,DISREGARDING TRAFFIC SIGNALS,UNABLE TO DETERMINE,0,0,0,0,18,5,2,1235,CICERO AVE,41.987627,-87.84764,02/01/2024 07:48:00 PM,2024
CR00019018,10/03/2022 07:59:00 AM,30,CLEAR,DAYLIGHT,ANGLE,NOT DIVIDED,NO CONTROLS,FAILING TO YIELD RIGHT-OF-WAY,FAILING TO YIELD RIGHT-OF-WAY,0,0,0,0,7,2,10,951,DAMEN AVE,41.936747,-87.786326,10/03/2022 09:17:00 AM,2022
CR00019019,01/31/2023 04:25:00 PM,30,CLEAR,DAYLIGHT,PEDESTRIAN,NOT DIVIDED,NO CONTROLS,FAILING TO YIELD RIGHT-OF-WAY,UNABLE TO DETERMINE,0,0,3,3,16,3,1,798,STONY ISLAND AVE,41.967453,-87.807,01/31/2023 05:23:00 PM,2023
CR00019020,12/06/2017 01:23:00 PM,15,RAIN,DARKNESS - LIGHTED ROAD,PARKED MOTOR VEHICLE,NOT DIVIDED,TRAFFIC SIGNAL,FAILING TO REDUCE SPEED,DISREGARDING TRAFFIC SIGNALS,0,0,0,0,13,4,12,2177,MILWAUKEE AVE,41.771716,-87.809657,12/06/2017 02:50:00 PM,2017
CR00019021,04/06/2022 12:39:00 PM,40,CLEAR,DAYLIGHT,PARKED MOTOR VEHICLE,DIVIDED - W/MEDIAN (NOT RAISED),TRAFFIC SIGNAL,FOLLOWING TOO CLOSELY,UNABLE TO DETERMINE,0,0,0,0,12,4,4,1149,79TH ST,41.743364,-87.517319,04/06/2022 01:07:00 PM,2022
CR00019022,01/30/2024 07:05:00 PM,25,CLEAR,DAYLIGHT,SIDESWIPE SAME DIRECTION,ONE-WAY,YIELD,DISTRACTION - FROM INSIDE VEHICLE,FOLLOWING TOO CLOSELY,0,0,0,0,19,3,1,2061,PULASKI RD,41.775844,-87.749685,01/30/2024 08:29:00 PM,2024
CR00019023,11/27/2022 09:29:00 AM,20,RAIN,DAYLIGHT,REAR END,DIVIDED - W/MEDIAN BARRIER,UNKNOWN,FOLLOWING TOO CLOSELY,FAILING TO YIELD RIGHT-OF-WAY,0,0,0,0,9,1,11,790,DAMEN AVE,41.765785,-87.542152,11/27/2022 10:58:00 AM,2022
CR00019024,07/30/2019 05:30:00 PM,25,CLEAR,DARKNESS - LIGHTED ROAD,ANGLE,NOT DIVIDED,STOP SIGN/FLASHER,FOLLOWING TOO CLOSELY,IMPROPER LANE USAGE,0,0,0,0,17,3,7,548,CALIFORNIA AVE,41.762579,-87.508912,07/30/2019 07:04:00 PM,2019
CR00019025,04/06/2023 01:52:00 PM,30,CLEAR,DARKNESS,SIDESWIPE SAME DIRECTION,FOUR WAY,TRAFFIC SIGNAL,WEATHER,DISTRACTION - FROM INSIDE VEHICLE,0,0,0,0,13,5,4,528,DAMEN AVE,41.711614,-87.613063,04/06/2023 03:19:00 PM,2023
CR00019026,02/19/2019 06:55:00 PM,40,RAIN,DARKNESS - LIGHTED ROAD,FIXED OBJECT,NOT DIVIDED,TRAFFIC SIGNAL,IMPROPER LANE USAGE,DRIVING SKILLS/KNOWLEDGE/EXPERIENCE,0,0,0,0,18,3,2,785,OGDEN AVE,41.745089,-87.537852,02/19/2019 08:41:00 PM,2019
CR00019027,11/09/2020 05:09:00 PM,25,FOG/SMOKE/HAZE,DAYLIGHT,REAR TO FRONT,DIVIDED - W/MEDIAN BARRIER,NO CONTROLS,WEATHER,NOT APPLICABLE,0,0,0,0,17,2,11,2002,IRVING PARK RD,41.777624,-87.548803,11/09/2020 05:23:00 PM,2020
CR00019028,11/08/2020 03:24:00 PM,25,CLEAR,DARKNESS - LIGHTED ROAD,REAR END,NOT DIVIDED,NO CONTROLS,UNABLE TO DETERMINE,UNABLE TO DETERMINE,0,0,2,2,15,1,11,2529,KEDZIE AVE,41.972513,-87.718289,11/08/2020 04:17:00 PM,2020
CR00019029,09/30/2022 06:29:00 PM,25,CLOUDY/OVERCAST,DARKNESS,REAR END,NOT DIVIDED,NO CONTROLS,FOLLOWING TOO CLOSELY,DISREGARDING TRAFFIC SIGNALS,0,0,3,3,18,6,9,344,MILWAUKEE AVE,41.981465,-87.589437,09/30/2022 07:06:00 PM,2022
CR00019030,08/08/2023 05:59:00 PM,40,CLEAR,DARKNESS,REAR END,DIVIDED - W/MEDIAN BARRIER,NO CONTROLS,FAILING TO YIELD RIGHT-OF-WAY,FAILING TO YIELD RIGHT-OF-WAY,0,0,0,0,17,3,8,1810,79TH ST,41.730184,-87.829294,08/08/2023 07:43:00 PM,2023
CR00019031,07/24/2023 08:41:00 PM,35,CLEAR,DUSK,REAR END,DIVIDED - W/MEDIAN (NOT RAISED),TRAFFIC SIGNAL,IMPROPER OVERTAKING/PASSING,FAILING TO YIELD RIGHT-OF-WAY,0,0,1,1,20,2,7,147,CICERO AVE,41.79355,-87.7293,07/24/2023 10:04:00 PM,2023
CR00019032,01/31/2019 06:06:00 PM,35,CLEAR,DAYLIGHT,REAR END,NOT DIVIDED,TRAFFIC SIGNAL,UNABLE TO DETERMINE,IMPROPER LANE USAGE,0,1,1,2,18,5,1,2332,MILWAUKEE AVE,41.719637,-87.729156,01/31/2019 07:48:00 PM,2019
CR00019033,09/28/2023 05:33:00 PM,25,RAIN,DAYLIGHT,ANGLE,DIVIDED - W/MEDIAN (NOT RAISED),TRAFFIC SIGNAL,FAILING TO YIELD RIGHT-OF-WAY,FAILING TO YIELD RIGHT-OF-WAY,0,0,0,0,17,5,9,1483,STATE ST,41.825748,-87.81179,09/28/2023 06:03:00 PM,2023
CR00019034,08/17/2018 08:24:00 AM,35,CLEAR,DAYLIGHT,ANGLE,NOT DIVIDED,STOP SIGN/FLASHER,FOLLOWING TOO CLOSELY,NOT APPLICABLE,0,0,0,0,8,6,8,235,DIVISION ST,41.957644,-87.519634,08/17/2018 09:23:00 AM,2018
CR00019035,09/09/2015 09:27:00 AM,40,CLEAR,DAYLIGHT,PARKED MOTOR VEHICLE,NOT DIVIDED,NO CONTROLS,FOLLOWING TOO CLOSELY,DRIVING SKILLS/KNOWLEDGE/EXPERIENCE,0,0,0,0,9,4,9,494,47TH ST,41.823679,-87.551194,09/09/2015 09:33:00 AM,2015
CR00019036,03/19/2020 06:28:00 PM,15,CLEAR,DAYLIGHT,REAR END,ONE-WAY,NO CONTROLS,FAILING TO REDUCE SPEED,UNABLE TO DETERMINE,0,0,0,0,18,5,3,1818,KEDZIE AVE,41.75967,-87.617416,03/19/2020 08:05:00 PM,2020
CR00019037,02/29/2024 10:03:00 AM,40,CLEAR,DAYLIGHT,REAR END,DIVIDED - W/MEDIAN BARRIER,NO CONTROLS,FOLLOWING TOO CLOSELY,IMPROPER OVERTAKING/PASSING,0,0,0,0,10,5,2,1579,STONY ISLAND AVE,41.880257,-87.841626,02/29/2024 11:36:00 AM,2024
CR00019038,06/12/2024 12:14:00 PM,30,CLEAR,DAYLIGHT,SIDESWIPE SAME DIRECTION,NOT DIVIDED,STOP SIGN/FLASHER,UNABLE TO DETERMINE,UNABLE TO DETERMINE,0,0,0,0,12,4,6,843,HALSTED ST,41.962451,-87.830139,06/12/2024 02:04:00 PM,2024
CR00019039,03/09/2019 04:16:00 PM,30,CLEAR,DAYLIGHT,TURNING,DIVIDED - W/MEDIAN (NOT RAISED),UNKNOWN,IMPROPER LANE USAGE,FAILING TO YIELD RIGHT-OF-WAY,0,0,0,0,16,7,3,353,PULASKI RD,41.772295,-87.844454,03/09/2019 05:10:00 PM,2019
CR00019040,08/21/2024 06:20:00 PM,25,CLEAR,DARKNESS - LIGHTED ROAD,SIDESWIPE SAME DIRECTION,ONE-WAY,STOP SIGN/FLASHER,DISTRACTION - FROM INSIDE VEHICLE,FOLLOWING TOO CLOSELY,0,0,0,0,18,4,8,544,79TH ST,41.923654,-87.836476,08/21/2024 06:36:00 PM,2024
CR00019041,03/09/2018 06:48:00 PM,30,CLEAR,DAYLIGHT,FIXED OBJECT,DIVIDED - W/MEDIAN BARRIER,NO CONTROLS,UNABLE TO DETERMINE,FOLLOWING TOO CLOSELY,0,1,2,3,18,6,3,440,STATE ST,41.724884,-87.577505,03/09/2018 07:59:00 PM,2018
CR00019042,02/05/2024 08:14:00 AM,40,CLEAR,DAYLIGHT,REAR END,DIVIDED - W/MEDIAN BARRIER,NO CONTROLS,FAILING TO YIELD RIGHT-OF-WAY,NOT APPLICABLE,0,0,0,0,8,2,2,1124,IRVING PARK RD,41.857817,-87.587863,02/05/2024 08:26:00 AM,2024
CR00019043,08/11/2023 03:58:00 PM,20,CLEAR,DAYLIGHT,REAR END,DIVIDED - W/MEDIAN (NOT RAISED),NO CONTROLS,IMPROPER OVERTAKING/PASSING,FOLLOWING TOO CLOSELY,0,0,0,0,15,6,8,1385,CALIFORNIA AVE,41.910855,-87.810204,08/11/2023 05:23:00 PM,2023
CR00019044,02/16/2022 03:00:00 PM,35,CLEAR,DAYLIGHT,TURNING,T-INTERSECTION,TRAFFIC SIGNAL,DISTRACTION - FROM INSIDE VEHICLE,UNABLE TO DETERMINE,0,0,0,0,15,4,2,1196,ROOSEVELT RD,41.988198,-87.699065,02/16/2022 03:48:00 PM,2022
CR00019045,04/28/2023 01:57:00 PM,35,CLEAR,DAWN,PARKED MOTOR VEHICLE,DIVIDED - W/MEDIAN BARRIER,STOP SIGN/FLASHER,UNABLE TO DETERMINE,UNABLE TO DETERMINE,0,0,0,0,13,6,4,1175,MILWAUKEE AVE,41.8166,-87.783302,04/28/2023 03:41:00 PM,2023
CR00019046,04/11/2017 08:45:00 PM,40,CLOUDY/OVERCAST,DAYLIGHT,REAR TO FRONT,ONE-WAY,TRAFFIC SIGNAL,UNABLE TO DETERMINE,DISREGARDING TRAFFIC SIGNALS,0,0,0,0,20,3,4,1447,47TH ST,41.910991,-87.51348,04/11/2017 09:30:00 PM,2017
CR00019047,08/08/2024 05:40:00 PM,45,CLEAR,DUSK,REAR END,FOUR WAY,TRAFFIC SIGNAL,UNABLE TO DETERMINE,DRIVING SKILLS/KNOWLEDGE/EXPERIENCE,0,0,0,0,17,5,8,1853,CICERO AVE,41.776544,-87.816504,08/08/2024 06:50:00 PM,2024
CR00019048,10/31/2017 08:47:00 AM,20,CLEAR,DAYLIGHT,SIDESWIPE SAME DIRECTION,DIVIDED - W/MEDIAN (NOT RAISED),TRAFFIC SIGNAL,FAILING TO REDUCE SPEED,FOLLOWING TOO CLOSELY,0,0,0,0,8,3,10,2185,KEDZIE AVE,41.89012,-87.806742,10/31/2017 09:28:00 AM,2017
CR00019049,04/17/2018 03:42:00 PM,25,CLOUDY/OVERCAST,DARKNESS - LIGHTED ROAD,PARKED MOTOR VEHICLE,DIVIDED - W/MEDIAN (NOT RAISED),NO CONTROLS,FAILING TO REDUCE SPEED,FOLLOWING TOO CLOSELY,0,0,0,0,15,3,4,1057,IRVING PARK RD,41.865896,-87.772528,04/17/2018 05:35:00 PM,2018
CR00019050,01/01/2016 07:13:00 AM,30,RAIN,DAWN,TURNING,NOT DIVIDED,NO CONTROLS,DISTRACTION - FROM INSIDE VEHICLE,FAILING TO YIELD RIGHT-OF-WAY,0,0,3,3,7,6,1,835,CLARK ST,41.942261,-87.688426,01/01/2016 07:49:00 AM,2016
CR00019051,04/04/2024 05:48:00 AM,35,CLEAR,DARKNESS - LIGHTED ROAD,FIXED OBJECT,NOT DIVIDED,STOP SIGN/FLASHER,IMPROPER LANE USAGE,IMPROPER OVERTAKING/PASSING,0,0,0,0,5,5,4,2200,OGDEN AVE,41.751326,-87.799326,04/04/2024 05:58:00 AM,2024
CR00019052,12/07/2018 12:01:00 PM,45,RAIN,DAYLIGHT,REAR END,NOT DIVIDED,NO CONTROLS,FOLLOWING TOO CLOSELY,NOT APPLICABLE,0,0,1,1,12,6,12,2497,LAKE SHORE DR,41.867729,-87.717804,12/07/2018 01:03:00 PM,2018
CR00019053,02/27/2015 08:30:00 AM,20,CLEAR,DAYLIGHT,REAR END,DIVIDED - W/MEDIAN (NOT RAISED),UNKNOWN,DISREGARDING TRAFFIC SIGNALS,UNABLE TO DETERMINE,0,0,0,0,8,6,2,2412,CICERO AVE,41.892665,-87.5695,02/27/2015 08:37:00 AM,2015
CR00019054,12/31/2017 07:00:00 PM,35,CLEAR,DARKNESS - LIGHTED ROAD,PEDESTRIAN,NOT DIVIDED,NO CONTROLS,UNABLE TO DETERMINE,NOT APPLICABLE,0,0,0,0,19,1,12,1153,LAKE SHORE DR,41.981467,-87.694229,12/31/2017 07:17:00 PM,2017
CR00019055,11/07/2019 07:12:00 AM,35,CLEAR,DARKNESS,REAR END,NOT DIVIDED,NO CONTROLS,IMPROPER OVERTAKING/PASSING,NOT APPLICABLE,0,0,0,0,7,5,11,843,ROOSEVELT RD,41.784727,-87.666205,11/07/2019 07:55:00 AM,2019
CR00019056,10/28/2021 10:07:00 PM,30,CLEAR,DAYLIGHT,TURNING,DIVIDED - W/MEDIAN (NOT RAISED),TRAFFIC SIGNAL,FOLLOWING TOO CLOSELY,UNABLE TO DETERMINE,0,0,0,0,22,5,10,972,ROOSEVELT RD,41.766982,-87.731395,10/28/2021 10:11:00 PM,2021
CR00019057,01/15/2022 03:58:00 PM,35,CLEAR,DAYLIGHT,REAR END,ONE-WAY,NO CONTROLS,IMPROPER OVERTAKING/PASSING,FOLLOWING TOO CLOSELY,0,0,0,0,15,7,1,1267,79TH ST,41.752312,-87.713631,01/15/2022 05:15:00 PM,2022
CR00019058,03/27/2023 05:12:00 PM,30,CLEAR,DAYLIGHT,REAR TO FRONT,NOT DIVIDED,TRAFFIC SIGNAL,UNABLE TO DETERMINE,DRIVING SKILLS/KNOWLEDGE/EXPERIENCE,0,0,0,0,17,2,3,302,WESTERN AVE,41.771488,-87.647673,03/27/2023 06:14:00 PM,2023
CR00019059,12/08/2022 08:00:00 AM,20,CLEAR,DAYLIGHT,REAR END,T-INTERSECTION,NO CONTROLS,IMPROPER OVERTAKING/PASSING,IMPROPER LANE USAGE,0,0,2,2,8,5,12,2320,ELSTON AVE,41.834365,-87.77326,12/08/2022 08:31:00 AM,2022
CR00019060,06/04/2024 05:59:00 PM,40,SNOW,DAYLIGHT,REAR TO FRONT,DIVIDED - W/MEDIAN (NOT RAISED),NO CONTROLS,FAILING TO REDUCE SPEED,UNABLE TO DETERMINE,0,0,1,1,17,3,6,1946,KEDZIE AVE,41.717732,-87.780091,06/04/2024 06:32:00 PM,2024
CR00019061,09/06/2015 05:47:00 PM,40,CLEAR,DARKNESS - LIGHTED ROAD,REAR END,NOT DIVIDED,YIELD,IMPROPER OVERTAKING/PASSING,NOT APPLICABLE,0,2,1,3,17,1,9,1630,CLARK ST,41.715422,-87.525275,09/06/2015 05:59:00 PM,2015
CR00019062,03/04/2020 08:38:00 AM,20,CLEAR,DAYLIGHT,TURNING,ONE-WAY,NO CONTROLS,UNABLE TO DETERMINE,UNABLE TO DETERMINE,0,0,0,0,8,4,3,492,63RD ST,41.939602,-87.652521,03/04/2020 09:24:00 AM,2020
CR00019063,04/06/2017 05:05:00 PM,15,RAIN,DAYLIGHT,REAR TO FRONT,NOT DIVIDED,TRAFFIC SIGNAL,IMPROPER LANE USAGE,IMPROPER OVERTAKING/PASSING,0,0,0,0,17,5,4,1015,WESTERN AVE,41.935612,-87.791988,04/06/2017 05:14:00 PM,2017
CR00019064,01/15/2022 10:07:00 PM,30,CLEAR,DAYLIGHT,REAR END,FOUR WAY,TRAFFIC SIGNAL,DISTRACTION - FROM INSIDE VEHICLE,FOLLOWING TOO CLOSELY,0,0,0,0,22,7,1,571,DAMEN AVE,41.874349,-87.616542,01/15/2022 11:53:00 PM,2022
CR00019065,05/09/2020 02:31:00 AM,40,CLEAR,DAYLIGHT,SIDESWIPE SAME DIRECTION,ONE-WAY,TRAFFIC SIGNAL,FAILING TO REDUCE SPEED,NOT APPLICABLE,0,0,2,2,2,7,5,1910,CALIFORNIA AVE,41.703386,-87.699218,05/09/2020 03:34:00 AM,2020
CR00019066,10/08/2023 05:52:00 PM,35,RAIN,DAYLIGHT,PEDESTRIAN,ONE-WAY,TRAFFIC SIGNAL,UNABLE TO DETERMINE,FOLLOWING TOO CLOSELY,0,0,0,0,17,1,10,274,OGDEN AVE,41.879034,-87.708305,10/08/2023 06:04:00 PM,2023
CR00019067,04/07/2024 06:04:00 PM,20,CLEAR,DUSK,TURNING,FOUR WAY,STOP SIGN/FLASHER,WEATHER,FOLLOWING TOO CLOSELY,0,0,0,0,18,1,4,321,STONY ISLAND AVE,41.861619,-87.75032,04/07/2024 07:17:00 PM,2024
CR00019068,11/05/2019 11:51:00 PM,30,CLEAR,DARKNESS - LIGHTED ROAD,REAR END,FOUR WAY,TRAFFIC SIGNAL,DISTRACTION - FROM INSIDE VEHICLE,FOLLOWING TOO CLOSELY,0,0,0,0,23,3,11,1277,LAKE SHORE DR,41.881983,-87.754056,11/06/2019 01:31:00 AM,2019
CR00019069,12/11/2016 02:05:00 PM,40,CLEAR,DAYLIGHT,FIXED OBJECT,NOT DIVIDED,PEDESTRIAN CROSSING SIGN,IMPROPER LANE USAGE,UNABLE TO DETERMINE,0,0,0,0,14,1,12,1284,ROOSEVELT RD,41.794367,-87.699861,12/11/2016 02:15:00 PM,2016
CR00019070,08/10/2017 11:11:00 AM,30,CLEAR,DARKNESS - LIGHTED ROAD,REAR END,NOT DIVIDED,NO CONTROLS,WEATHER,DISTRACTION - FROM INSIDE VEHICLE,0,0,0,0,11,5,8,2213,MILWAUKEE AVE,41.900584,-87.542645,08/10/2017 12:35:00 PM,2017
CR00019071,12/24/2023 12:16:00 PM,25,RAIN,DARKNESS,REAR END,DIVIDED - W/MEDIAN (NOT RAISED),NO CONTROLS,UNABLE TO DETERMINE,FAILING TO YIELD RIGHT-OF-WAY,0,0,0,0,12,1,12,317,79TH ST,41.994237,-87.61548,12/24/2023 01:46:00 PM,2023
CR00019072,09/08/2021 04:50:00 AM,40,CLEAR,DAYLIGHT,REAR END,DIVIDED - W/MEDIAN (NOT RAISED),TRAFFIC SIGNAL,DISREGARDING TRAFFIC SIGNALS,DRIVING SKILLS/KNOWLEDGE/EXPERIENCE,0,0,1,1,4,4,9,845,LAKE SHORE DR,41.822384,-87.804639,09/08/2021 04:51:00 AM,2021
CR00019073,02/03/2020 04:44:00 AM,40,CLEAR,DAYLIGHT,FIXED OBJECT,ONE-WAY,STOP SIGN/FLASHER,UNABLE TO DETERMINE,NOT APPLICABLE,0,0,0,0,4,2,2,435,STATE ST,41.916024,-87.545244,02/03/2020 05:57:00 AM,2020
CR00019074,04/13/2016 07:08:00 AM,30,CLEAR,DAYLIGHT,REAR END,ONE-WAY,TRAFFIC SIGNAL,UNABLE TO DETERMINE,UNABLE TO DETERMINE,0,0,0,0,7,4,4,2382,63RD ST,41.910559,-87.531127,04/13/2016 08:38:00 AM,2016
CR00019075,05/26/2015 04:53:00 PM,30,CLEAR,DAYLIGHT,SIDESWIPE SAME DIRECTION,DIVIDED - W/MEDIAN (NOT RAISED),UNKNOWN,UNABLE TO DETERMINE,FAILING TO YIELD RIGHT-OF-WAY,0,0,0,0,16,3,5,153,HALSTED ST,41.944708,-87.647039,05/26/2015 05:06:00 PM,2015
CR00019076,02/10/2023 12:39:00 PM,15,CLEAR,DARKNESS - LIGHTED ROAD,FIXED OBJECT,NOT DIVIDED,NO CONTROLS,FAILING TO YIELD RIGHT-OF-WAY,IMPROPER LANE USAGE,0,0,0,0,12,6,2,1180,CALIFORNIA AVE,41.987232,-87.680706,02/10/2023 01:15:00 PM,2023
CR00019077,01/17/2018 05:07:00 AM,15,SNOW,DUSK,REAR END,DIVIDED - W/MEDIAN BARRIER,TRAFFIC SIGNAL,FAILING TO YIELD RIGHT-OF-WAY,IMPROPER OVERTAKING/PASSING,0,0,0,0,5,4,1,807,FULLERTON AVE,41.727509,-87.525963,01/17/2018 06:07:00 AM,2018
CR00019078,01/23/2021 10:51:00 AM,35,CLEAR,DAYLIGHT,REAR END,NOT DIVIDED,TRAFFIC SIGNAL,DISTRACTION - FROM INSIDE VEHICLE,FAILING TO YIELD RIGHT-OF-WAY,0,0,0,0,10,7,1,1202,OGDEN AVE,41.89338,-87.511874,01/23/2021 12:15:00 PM,2021
CR00019079,10/05/2022 08:32:00 PM,35,CLOUDY/OVERCAST,DARKNESS - LIGHTED ROAD,PARKED MOTOR VEHICLE,NOT DIVIDED,NO CONTROLS,FAILING TO YIELD RIGHT-OF-WAY,UNABLE TO DETERMINE,0,0,0,0,20,4,10,1491,ROOSEVELT RD,41.930349,-87.638354,10/05/2022 09:03:00 PM,2022
CR00019080,07/05/2022 03:30:00 PM,30,CLEAR,DAWN,REAR END,FOUR WAY,NO CONTROLS,UNABLE TO DETERMINE,DRIVING SKILLS/KNOWLEDGE/EXPERIENCE,0,0,1,1,15,3,7,1890,PULASKI RD,41.955936,-87.749753,07/05/2022 05:20:00 PM,2022
CR00019081,03/09/2016 06:26:00 PM,15,RAIN,DAYLIGHT,REAR END,FOUR WAY,STOP SIGN/FLASHER,FOLLOWING TOO CLOSELY,IMPROPER LANE USAGE,0,0,0,0,18,4,3,1558,KEDZIE AVE,41.831907,-87.538342,03/09/2016 07:18:00 PM,2016
CR00019082,07/04/2019 04:37:00 PM,15,CLEAR,DARKNESS - LIGHTED ROAD,TURNING,DIVIDED - W/MEDIAN BARRIER,NO CONTROLS,FOLLOWING TOO CLOSELY,UNABLE TO DETERMINE,0,2,3,5,16,5,7,1412,PULASKI RD,41.797033,-87.575797,07/04/2019 05:32:00 PM,2019
CR00019083,07/10/2016 08:13:00 AM,30,FREEZING RAIN/DRIZZLE,DAYLIGHT,REAR END,DIVIDED - W/MEDIAN (NOT RAISED),NO CONTROLS,DRIVING SKILLS/KNOWLEDGE/EXPERIENCE,NOT APPLICABLE,0,0,0,0,8,1,7,2236,BROADWAY,41.968374,-87.691495,07/10/2016 09:29:00 AM,2016
CR00019084,05/26/2020 01:52:00 AM,35,CLOUDY/OVERCAST,DARKNESS - LIGHTED ROAD,SIDESWIPE SAME DIRECTION,ONE-WAY,STOP SIGN/FLASHER,FAILING TO YIELD RIGHT-OF-WAY,UNABLE TO DETERMINE,0,0,0,0,1,3,5,1127,MICHIGAN AVE,41.713033,-87.746936,05/26/2020 02:28:00 AM,2020
CR00019085,06/06/2019 09:38:00 AM,25,FREEZING RAIN/DRIZZLE,DARKNESS - LIGHTED ROAD,PARKED MOTOR VEHICLE,NOT DIVIDED,YIELD,IMPROPER LANE USAGE,UNABLE TO DETERMINE,0,0,0,0,9,5,6,1525,79TH ST,41.825506,-87.539631,06/06/2019 11:21:00 AM,2019
CR00019086,03/18/2017 11:59:00 AM,30,CLEAR,DARKNESS,REAR TO FRONT,T-INTERSECTION,TRAFFIC SIGNAL,FOLLOWING TOO CLOSELY,UNABLE TO DETERMINE,0,0,0,0,11,7,3,1012,STONY ISLAND AVE,41.792145,-87.598346,03/18/2017 12:59:00 PM,2017
CR00019087,04/18/2020 01:17:00 PM,35,CLEAR,DARKNESS - LIGHTED ROAD,ANGLE,NOT DIVIDED,UNKNOWN,UNABLE TO DETERMINE,FOLLOWING TOO CLOSELY,0,0,0,0,13,7,4,235,MILWAUKEE AVE,41.899755,-87.842511,04/18/2020 03:16:00 PM,2020
CR00019088,06/08/2018 05:55:00 AM,30,FOG/SMOKE/HAZE,DAYLIGHT,REAR END,NOT DIVIDED,STOP SIGN/FLASHER,UNABLE TO DETERMINE,NOT APPLICABLE,0,0,0,0,5,6,6,177,47TH ST,41.993489,-87.60113,06/08/2018 07:09:00 AM,2018
CR00019089,08/16/2019 09:58:00 AM,30,CLEAR,DAYLIGHT,REAR END,NOT DIVIDED,STOP SIGN/FLASHER,UNABLE TO DETERMINE,IMPROPER OVERTAKING/PASSING,0,0,1,1,9,6,8,982,47TH ST,41.856721,-87.822784,08/16/2019 10:11:00 AM,2019
CR00019090,10/30/2015 11:04:00 PM,45,CLEAR,DAYLIGHT,TURNING,NOT DIVIDED,STOP SIGN/FLASHER,IMPROPER OVERTAKING/PASSING,IMPROPER LANE USAGE,0,0,1,1,23,6,10,1934,CICERO AVE,41.722711,-87.781017,10/31/2015 12:08:00 AM,2015
CR00019091,01/17/2015 06:11:00 PM,25,CLEAR,DARKNESS - LIGHTED ROAD,REAR END,NOT DIVIDED,TRAFFIC SIGNAL,DISTRACTION - FROM INSIDE VEHICLE,UNABLE TO DETERMINE,0,0,0,0,18,7,1,1319,CICERO AVE,41.996303,-87.729675,01/17/2015 08:07:00 PM,2015
CR00019092,03/23/2023 03:46:00 PM,15,CLEAR,DARKNESS - LIGHTED ROAD,ANGLE,NOT DIVIDED,UNKNOWN,DRIVING SKILLS/KNOWLEDGE/EXPERIENCE,UNABLE TO DETERMINE,0,0,0,0,15,5,3,1114,IRVING PARK RD,41.724897,-87.666389,03/23/2023 04:21:00 PM,2023
CR00019093,10/11/2024 07:18:00 AM,30,CLEAR,DAYLIGHT,ANGLE,ONE-WAY,NO CONTROLS,DISREGARDING TRAFFIC SIGNALS,UNABLE TO DETERMINE,0,0,0,0,7,6,10,1148,OGDEN AVE,41.906161,-87.643313,10/11/2024 08:19:00 AM,2024
CR00019094,09/15/2024 06:31:00 PM,30,SNOW,DAYLIGHT,PEDESTRIAN,DIVIDED - W/MEDIAN (NOT RAISED),STOP SIGN/FLASHER,UNABLE TO DETERMINE,IMPROPER LANE USAGE,0,0,1,1,18,1,9,2493,CLARK ST,41.886605,-87.632884,09/15/2024 07:35:00 PM,2024
CR00019095,08/04/2015 08:47:00 PM,35,RAIN,DAYLIGHT,TURNING,FOUR WAY,STOP SIGN/FLASHER,DRIVING SKILLS/KNOWLEDGE/EXPERIENCE,FAILING TO REDUCE SPEED,0,0,0,0,20,3,8,1512,OGDEN AVE,41.916883,-87.762844,08/04/2015 08:52:00 PM,2015