CRASH_RECORD_ID,CRASH_DATE,POSTED_SPEED_LIMIT,WEATHER_CONDITION,LIGHTING_CONDITION,FIRST_CRASH_TYPE,TRAFFICWAY_TYPE,TRAFFIC_CONTROL_DEVICE,PRIM_CONTRIBUTORY_CAUSE,SEC_CONTRIBUTORY_CAUSE,INJURIES_FATAL,INJURIES_INCAPACITATING,INJURIES_NON_INCAPACITATING,INJURIES_TOTAL,CRASH_HOUR,CRASH_DAY_OF_WEEK,CRASH_MONTH,BEAT_OF_OCCURRENCE,STREET_NAME,LATITUDE,LONGITUDE,DATE_POLICE_NOTIFIED,year
CR00019096,06/22/2017 10:37:00 AM,15,RAIN,DARKNESS - LIGHTED ROAD,PARKED MOTOR VEHICLE,NOT DIVIDED,NO CONTROLS,IMPROPER LANE USAGE,UNABLE TO DETERMINE,0,0,0,0,10,5,6,2111,ARCHER AVE,41.817827,-87.619388,06/22/2017 12:19:00 PM,2017
CR00019097,06/20/2017 01:25:00 AM,15,CLEAR,DAYLIGHT,REAR END,NOT DIVIDED,NO CONTROLS,UNABLE TO DETERMINE,DISTRACTION - FROM INSIDE VEHICLE,0,0,0,0,1,3,6,1789,OGDEN AVE,41.716912,-87.535389,06/20/2017 02:49:00 AM,2017
CR00019098,10/21/2016 08:58:00 AM,30,CLEAR,DARKNESS,REAR TO FRONT,ONE-WAY,TRAFFIC SIGNAL,UNABLE TO DETERMINE,IMPROPER OVERTAKING/PASSING,0,0,2,2,8,6,10,2429,IRVING PARK RD,41.79201,-87.649842,10/21/2016 09:39:00 AM,2016
CR00019099,03/11/2015 07:39:00 PM,35,CLEAR,DAYLIGHT,REAR END,DIVIDED - W/MEDIAN BARRIER,UNKNOWN,UNABLE TO DETERMINE,NOT APPLICABLE,0,0,0,0,19,4,3,2183,ARCHER AVE,41.908961,-87.724238,03/11/2015 09:15:00 PM,2015
CR00019100,07/30/2015 03:03:00 PM,30,CLEAR,DAYLIGHT,SIDESWIPE SAME DIRECTION,NOT DIVIDED,STOP SIGN/FLASHER,DRIVING SKILLS/KNOWLEDGE/EXPERIENCE,NOT APPLICABLE,0,0,0,0,15,5,7,1650,ASHLAND AVE,41.786719,-87.806646,07/30/2015 04:16:00 PM,2015
CR00019101,01/04/2020 12:21:00 PM,35,CLEAR,DAYLIGHT,REAR END,ONE-WAY,STOP SIGN/FLASHER,IMPROPER LANE USAGE,UNABLE TO DETERMINE,0,0,0,0,12,7,1,413,ROOSEVELT RD,41.949382,-87.807815,01/04/2020 12:55:00 PM,2020
CR00019102,03/22/2021 09:05:00 AM,30,CLEAR,DARKNESS,REAR END,ONE-WAY,NO CONTROLS,FAILING TO YIELD RIGHT-OF-WAY,DISREGARDING TRAFFIC SIGNALS,0,0,0,0,9,2,3,570,KEDZIE AVE,41.739424,-87.536243,03/22/2021 09:11:00 AM,2021
CR00019103,08/17/2016 08:17:00 AM,30,CLEAR,DARKNESS - LIGHTED ROAD,REAR END,DIVIDED - W/MEDIAN BARRIER,STOP SIGN/FLASHER,IMPROPER LANE USAGE,FAILING TO YIELD RIGHT-OF-WAY,0,0,2,2,8,4,8,680,STATE ST,41.965107,-87.715844,08/17/2016 08:51:00 AM,2016
CR00019104,12/01/2024 09:54:00 AM,20,CLEAR,DARKNESS - LIGHTED ROAD,PEDESTRIAN,NOT DIVIDED,TRAFFIC SIGNAL,UNABLE TO DETERMINE,DISREGARDING TRAFFIC SIGNALS,0,0,0,0,9,1,12,144,79TH ST,41.781427,-87.620967,12/01/2024 11:18:00 AM,2024
CR00019105,09/14/2018 08:45:00 AM,30,CLEAR,DAYLIGHT,REAR END,NOT DIVIDED,TRAFFIC SIGNAL,FOLLOWING TOO CLOSELY,UNABLE TO DETERMINE,0,0,0,0,8,6,9,1088,CALIFORNIA AVE,41.723996,-87.843321,09/14/2018 10:06:00 AM,2018
CR00019106,01/29/2018 02:50:00 PM,45,CLOUDY/OVERCAST,DARKNESS - LIGHTED ROAD,SIDESWIPE SAME DIRECTION,DIVIDED - W/MEDIAN (NOT RAISED),TRAFFIC SIGNAL,IMPROPER LANE USAGE,DISREGARDING TRAFFIC SIGNALS,0,0,0,0,14,2,1,122,FULLERTON AVE,41.955162,-87.506609,01/29/2018 03:52:00 PM,2018
CR00019107,10/20/2021 12:51:00 PM,35,CLEAR,DAYLIGHT,TURNING,DIVIDED - W/MEDIAN (NOT RAISED),TRAFFIC SIGNAL,FAILING TO REDUCE SPEED,NOT APPLICABLE,0,0,0,0,12,4,10,1271,ROOSEVELT RD,41.88797,-87.68432,10/20/2021 02:14:00 PM,2021
CR00019108,09/11/2018 05:13:00 PM,30,CLEAR,DAYLIGHT,TURNING,DIVIDED - W/MEDIAN (NOT RAISED),NO CONTROLS,UNABLE TO DETERMINE,UNABLE TO DETERMINE,0,0,0,0,17,3,9,1500,IRVING PARK RD,41.762666,-87.60423,09/11/2018 05:49:00 PM,2018
CR00019109,08/06/2019 04:42:00 PM,25,RAIN,DARKNESS,REAR END,NOT DIVIDED,NO CONTROLS,FAILING TO YIELD RIGHT-OF-WAY,DISREGARDING TRAFFIC SIGNALS,0,0,0,0,16,3,8,289,OGDEN AVE,41.822358,-87.806104,08/06/2019 05:55:00 PM,2019
CR00019110,03/26/2024 09:00:00 AM,25,CLEAR,DARKNESS - LIGHTED ROAD,PARKED MOTOR VEHICLE,NOT DIVIDED,TRAFFIC SIGNAL,DISTRACTION - FROM INSIDE VEHICLE,IMPROPER OVERTAKING/PASSING,0,0,0,0,9,3,3,347,CICERO AVE,41.733956,-87.602116,03/26/2024 10:13:00 AM,2024
CR00019111,04/22/2023 11:01:00 PM,30,CLEAR,DAYLIGHT,PEDESTRIAN,DIVIDED - W/MEDIAN (NOT RAISED),STOP SIGN/FLASHER,FAILING TO REDUCE SPEED,DRIVING SKILLS/KNOWLEDGE/EXPERIENCE,0,0,0,0,23,7,4,1691,STONY ISLAND AVE,41.882863,-87.691644,04/23/2023 12:19:00 AM,2023
CR00019112,06/18/2016 03:29:00 PM,20,CLEAR,DARKNESS - LIGHTED ROAD,REAR END,DIVIDED - W/MEDIAN (NOT RAISED),STOP SIGN/FLASHER,DISTRACTION - FROM INSIDE VEHICLE,UNABLE TO DETERMINE,0,0,0,0,15,7,6,698,IRVING PARK RD,41.840076,-87.612578,06/18/2016 05:09:00 PM,2016
CR00019113,12/17/2018 05:30:00 PM,30,CLEAR,DARKNESS - LIGHTED ROAD,ANGLE,DIVIDED - W/MEDIAN (NOT RAISED),NO CONTROLS,UNABLE TO DETERMINE,FAILING TO YIELD RIGHT-OF-WAY,0,0,0,0,17,2,12,1956,79TH ST,41.785633,-87.743401,12/17/2018 06:55:00 PM,2018
CR00019114,09/15/2024 06:16:00 AM,30,CLEAR,DAYLIGHT,REAR END,NOT DIVIDED,TRAFFIC SIGNAL,FAILING TO REDUCE SPEED,IMPROPER LANE USAGE,0,0,0,0,6,1,9,579,STONY ISLAND AVE,41.839122,-87.815222,09/15/2024 07:54:00 AM,2024
CR00019115,05/12/2023 08:32:00 AM,35,RAIN,DARKNESS,ANGLE,FOUR WAY,TRAFFIC SIGNAL,UNABLE TO DETERMINE,FOLLOWING TOO CLOSELY,0,0,0,0,8,6,5,938,47TH ST,41.847175,-87.745859,05/12/2023 08:49:00 AM,2023
CR00019116,03/07/2019 07:16:00 AM,35,RAIN,DAYLIGHT,TURNING,DIVIDED - W/MEDIAN (NOT RAISED),NO CONTROLS,DISTRACTION - FROM INSIDE VEHICLE,NOT APPLICABLE,0,0,0,0,7,5,3,888,DIVISION ST,41.982718,-87.8117,03/07/2019 07:57:00 AM,2019
CR00019117,02/26/2020 08:25:00 PM,35,RAIN,DAYLIGHT,REAR END,DIVIDED - W/MEDIAN BARRIER,NO CONTROLS,DRIVING SKILLS/KNOWLEDGE/EXPERIENCE,DRIVING SKILLS/KNOWLEDGE/EXPERIENCE,1,0,3,4,20,4,2,919,KEDZIE AVE,41.705125,-87.653743,02/26/2020 09:21:00 PM,2020
CR00019118,06/16/2021 02:10:00 PM,30,FREEZING RAIN/DRIZZLE,DAYLIGHT,REAR END,NOT DIVIDED,STOP SIGN/FLASHER,UNABLE TO DETERMINE,NOT APPLICABLE,0,0,0,0,14,4,6,2159,CICERO AVE,41.804148,-87.72679,06/16/2021 02:15:00 PM,2021
CR00019119,03/05/2017 12:53:00 PM,30,CLEAR,DAYLIGHT,TURNING,NOT DIVIDED,YIELD,DISREGARDING TRAFFIC SIGNALS,FAILING TO YIELD RIGHT-OF-WAY,0,0,0,0,12,1,3,2249,STATE ST,41.799138,-87.840123,03/05/2017 02:20:00 PM,2017
CR00019120,11/16/2022 03:53:00 PM,30,CLEAR,DAYLIGHT,SIDESWIPE SAME DIRECTION,DIVIDED - W/MEDIAN (NOT RAISED),NO CONTROLS,IMPROPER OVERTAKING/PASSING,NOT APPLICABLE,0,0,0,0,15,4,11,1300,ASHLAND AVE,41.986242,-87.717585,11/16/2022 05:44:00 PM,2022
CR00019121,05/01/2017 03:14:00 PM,15,CLEAR,DARKNESS - LIGHTED ROAD,TURNING,NOT DIVIDED,TRAFFIC SIGNAL,IMPROPER OVERTAKING/PASSING,FOLLOWING TOO CLOSELY,0,0,0,0,15,2,5,2388,KEDZIE AVE,41.701367,-87.81779,05/01/2017 04:15:00 PM,2017
CR00019122,12/01/2022 03:13:00 AM,20,CLEAR,DARKNESS,TURNING,NOT DIVIDED,UNKNOWN,IMPROPER LANE USAGE,UNABLE TO DETERMINE,0,0,0,0,3,5,12,2193,ARCHER AVE,41.853627,-87.515606,12/01/2022 03:25:00 AM,2022
CR00019123,08/17/2017 06:58:00 PM,25,RAIN,DAYLIGHT,TURNING,DIVIDED - W/MEDIAN (NOT RAISED),NO CONTROLS,IMPROPER OVERTAKING/PASSING,DRIVING SKILLS/KNOWLEDGE/EXPERIENCE,0,0,0,0,18,5,8,1074,HALSTED ST,41.967731,-87.584581,08/17/2017 08:30:00 PM,2017
CR00019124,06/14/2017 04:57:00 PM,15,RAIN,DARKNESS - LIGHTED ROAD,TURNING,NOT DIVIDED,NO CONTROLS,UNABLE TO DETERMINE,UNABLE TO DETERMINE,0,0,0,0,16,4,6,1433,MILWAUKEE AVE,41.785316,-87.533821,06/14/2017 06:42:00 PM,2017
CR00019125,02/25/2020 10:37:00 PM,20,RAIN,DARKNESS - LIGHTED ROAD,REAR END,NOT DIVIDED,TRAFFIC SIGNAL,FOLLOWING TOO CLOSELY,UNABLE TO DETERMINE,0,0,1,1,22,3,2,614,IRVING PARK RD,41.871735,-87.569679,02/26/2020 12:36:00 AM,2020
CR00019126,10/31/2017 03:19:00 AM,20,CLEAR,DAWN,ANGLE,DIVIDED - W/MEDIAN (NOT RAISED),TRAFFIC SIGNAL,DRIVING SKILLS/KNOWLEDGE/EXPERIENCE,UNABLE TO DETERMINE,0,0,0,0,3,3,10,1273,OGDEN AVE,41.831053,-87.676302,10/31/2017 04:33:00 AM,2017
CR00019127,05/21/2016 03:01:00 PM,40,CLEAR,DARKNESS - LIGHTED ROAD,REAR TO FRONT,DIVIDED - W/MEDIAN (NOT RAISED),STOP SIGN/FLASHER,DRIVING SKILLS/KNOWLEDGE/EXPERIENCE,NOT APPLICABLE,0,0,0,0,15,7,5,988,79TH ST,41.949595,-87.642138,05/21/2016 04:01:00 PM,2016
CR00019128,05/11/2019 05:19:00 PM,25,CLEAR,DAYLIGHT,REAR END,FOUR WAY,TRAFFIC SIGNAL,FAILING TO YIELD RIGHT-OF-WAY,IMPROPER LANE USAGE,0,0,1,1,17,7,5,1379,ROOSEVELT RD,41.973055,-87.618694,05/11/2019 05:45:00 PM,2019
CR00019129,08/21/2023 08:11:00 AM,45,CLEAR,DAYLIGHT,TURNING,DIVIDED - W/MEDIAN (NOT RAISED),NO CONTROLS,IMPROPER OVERTAKING/PASSING,IMPROPER LANE USAGE,0,0,2,2,8,2,8,555,PULASKI RD,41.895165,-87.696539,08/21/2023 08:33:00 AM,2023
CR00019130,11/03/2024 06:22:00 PM,40,CLEAR,DARKNESS - LIGHTED ROAD,PARKED MOTOR VEHICLE,NOT DIVIDED,NO CONTROLS,DISTRACTION - FROM INSIDE VEHICLE,IMPROPER LANE USAGE,0,0,0,0,18,1,11,388,BROADWAY,41.789854,-87.563396,11/03/2024 06:35:00 PM,2024
CR00019131,08/29/2023 07:58:00 PM,30,CLEAR,DAYLIGHT,PARKED MOTOR VEHICLE,NOT DIVIDED,TRAFFIC SIGNAL,UNABLE TO DETERMINE,UNABLE TO DETERMINE,0,0,2,2,19,3,8,437,CICERO AVE,41.763676,-87.5147,08/29/2023 09:50:00 PM,2023
CR00019132,06/16/2018 12:54:00 PM,20,RAIN,DAYLIGHT,REAR END,ONE-WAY,STOP SIGN/FLASHER,FAILING TO YIELD RIGHT-OF-WAY,UNABLE TO DETERMINE,0,0,0,0,12,7,6,339,KEDZIE AVE,41.72592,-87.734321,06/16/2018 02:49:00 PM,2018
CR00019133,03/30/2019 11:03:00 AM,35,CLOUDY/OVERCAST,DARKNESS - LIGHTED ROAD,SIDESWIPE SAME DIRECTION,NOT DIVIDED,NO CONTROLS,UNABLE TO DETERMINE,DISREGARDING TRAFFIC SIGNALS,0,0,0,0,11,7,3,487,63RD ST,41.995156,-87.672713,03/30/2019 12:17:00 PM,2019
CR00019134,09/26/2018 10:24:00 AM,45,CLEAR,DAYLIGHT,TURNING,ONE-WAY,NO CONTROLS,DRIVING SKILLS/KNOWLEDGE/EXPERIENCE,UNABLE TO DETERMINE,0,0,0,0,10,4,9,1993,HALSTED ST,41.757204,-87.515136,09/26/2018 10:56:00 AM,2018
CR00019135,08/19/2024 07:20:00 PM,30,CLEAR,DAYLIGHT,ANGLE,NOT DIVIDED,NO CONTROLS,FAILING TO REDUCE SPEED,FOLLOWING TOO CLOSELY,0,0,0,0,19,2,8,276,63RD ST,41.998607,-87.525335,08/19/2024 07:57:00 PM,2024
CR00019136,10/19/2016 04:51:00 PM,45,CLEAR,DARKNESS - LIGHTED ROAD,ANGLE,NOT DIVIDED,NO CONTROLS,DRIVING SKILLS/KNOWLEDGE/EXPERIENCE,NOT APPLICABLE,0,0,0,0,16,4,10,349,BROADWAY,41.829902,-87.655305,10/19/2016 06:07:00 PM,2016
CR00019137,07/02/2024 06:09:00 PM,20,CLEAR,DAYLIGHT,SIDESWIPE SAME DIRECTION,FOUR WAY,NO CONTROLS,UNABLE TO DETERMINE,FAILING TO REDUCE SPEED,0,0,0,0,18,3,7,2198,63RD ST,41.729,-87.647236,07/02/2024 07:50:00 PM,2024
CR00019138,05/11/2015 09:34:00 AM,40,CLOUDY/OVERCAST,DAYLIGHT,SIDESWIPE SAME DIRECTION,DIVIDED - W/MEDIAN (NOT RAISED),STOP SIGN/FLASHER,UNABLE TO DETERMINE,UNABLE TO DETERMINE,0,0,0,0,9,2,5,208,ROOSEVELT RD,41.730414,-87.781699,05/11/2015 10:48:00 AM,2015
CR00019139,09/07/2015 03:13:00 PM,20,CLEAR,DAYLIGHT,TURNING,NOT DIVIDED,NO CONTROLS,UNABLE TO DETERMINE,WEATHER,0,0,0,0,15,2,9,441,PULASKI RD,41.780345,-87.546631,09/07/2015 04:22:00 PM,2015
CR00019140,09/06/2016 03:27:00 PM,15,SNOW,DARKNESS - LIGHTED ROAD,PARKED MOTOR VEHICLE,ONE-WAY,NO CONTROLS,UNABLE TO DETERMINE,FAILING TO YIELD RIGHT-OF-WAY,0,0,0,0,15,3,9,1266,CICERO AVE,41.858258,-87.589985,09/06/2016 04:33:00 PM,2016
CR00019141,06/01/2018 09:13:00 PM,15,CLEAR,DAYLIGHT,REAR END,NOT DIVIDED,STOP SIGN/FLASHER,FOLLOWING TOO CLOSELY,NOT APPLICABLE,0,0,0,0,21,6,6,2065,FULLERTON AVE,41.816259,-87.627659,06/01/2018 09:17:00 PM,2018
CR00019142,07/14/2020 05:27:00 AM,30,CLEAR,DAYLIGHT,TURNING,NOT DIVIDED,TRAFFIC SIGNAL,UNABLE TO DETERMINE,DRIVING SKILLS/KNOWLEDGE/EXPERIENCE,0,0,0,0,5,3,7,1609,CALIFORNIA AVE,41.817165,-87.542356,07/14/2020 07:09:00 AM,2020
CR00019143,08/17/2020 06:03:00 PM,45,RAIN,DAYLIGHT,REAR TO FRONT,ONE-WAY,TRAFFIC SIGNAL,DISTRACTION - FROM INSIDE VEHICLE,DRIVING SKILLS/KNOWLEDGE/EXPERIENCE,0,0,0,0,18,2,8,1762,63RD ST,41.990569,-87.551108,08/17/2020 06:37:00 PM,2020
CR00019144,02/02/2015 05:01:00 PM,20,CLEAR,DARKNESS,REAR END,NOT DIVIDED,NO CONTROLS,UNABLE TO DETERMINE,DRIVING SKILLS/KNOWLEDGE/EXPERIENCE,0,0,0,0,17,2,2,2085,ROOSEVELT RD,41.944134,-87.560217,02/02/2015 05:36:00 PM,2015
CR00019145,07/04/2023 09:55:00 PM,25,CLOUDY/OVERCAST,DAYLIGHT,TURNING,NOT DIVIDED,NO CONTROLS,FAILING TO REDUCE SPEED,FOLLOWING TOO CLOSELY,0,0,0,0,21,3,7,2486,MILWAUKEE AVE,41.776153,-87.743684,07/04/2023 11:55:00 PM,2023
CR00019146,01/09/2020 05:31:00 PM,30,SNOW,DAYLIGHT,REAR END,DIVIDED - W/MEDIAN BARRIER,STOP SIGN/FLASHER,UNABLE TO DETERMINE,UNABLE TO DETERMINE,0,0,3,3,17,5,1,2406,CLARK ST,41.88326,-87.81439,01/09/2020 05:46:00 PM,2020
CR00019147,12/25/2015 05:03:00 PM,35,CLEAR,DAYLIGHT,TURNING,FOUR WAY,TRAFFIC SIGNAL,UNABLE TO DETERMINE,NOT APPLICABLE,0,0,0,0,17,6,12,898,CICERO AVE,41.915441,-87.506049,12/25/2015 05:12:00 PM,2015
CR00019148,12/29/2019 04:38:00 PM,30,CLEAR,DARKNESS - LIGHTED ROAD,SIDESWIPE SAME DIRECTION,T-INTERSECTION,UNKNOWN,FOLLOWING TOO CLOSELY,NOT APPLICABLE,0,2,3,5,16,1,12,1788,79TH ST,41.725138,-87.810475,12/29/2019 05:11:00 PM,2019
CR00019149,12/11/2015 10:24:00 AM,30,CLEAR,DARKNESS,FIXED OBJECT,NOT DIVIDED,TRAFFIC SIGNAL,UNABLE TO DETERMINE,UNABLE TO DETERMINE,0,0,1,1,10,6,12,463,IRVING PARK RD,41.747733,-87.557775,12/11/2015 11:11:00 AM,2015
CR00019150,09/07/2019 09:56:00 PM,30,CLOUDY/OVERCAST,DARKNESS - LIGHTED ROAD,SIDESWIPE SAME DIRECTION,NOT DIVIDED,NO CONTROLS,UNABLE TO DETERMINE,IMPROPER OVERTAKING/PASSING,0,0,0,0,21,7,9,1336,47TH ST,41.744215,-87.78068,09/07/2019 10:05:00 PM,2019
CR00019151,11/07/2023 12:34:00 AM,30,RAIN,DAYLIGHT,TURNING,NOT DIVIDED,NO CONTROLS,DISREGARDING TRAFFIC SIGNALS,DRIVING SKILLS/KNOWLEDGE/EXPERIENCE,0,0,0,0,0,3,11,1315,HALSTED ST,41.930538,-87.828726,11/07/2023 01:53:00 AM,2023
CR00019152,12/18/2015 04:16:00 AM,30,CLEAR,DAYLIGHT,PARKED MOTOR VEHICLE,NOT DIVIDED,TRAFFIC SIGNAL,DRIVING SKILLS/KNOWLEDGE/EXPERIENCE,DISTRACTION - FROM INSIDE VEHICLE,0,0,0,0,4,6,12,331,CLARK ST,41.736854,-87.800477,12/18/2015 06:00:00 AM,2015
CR00019153,01/17/2024 05:16:00 PM,30,CLEAR,DAYLIGHT,REAR END,NOT DIVIDED,NO CONTROLS,FOLLOWING TOO CLOSELY,UNABLE TO DETERMINE,0,0,0,0,17,4,1,1385,47TH ST,41.706524,-87.824238,01/17/2024 07:11:00 PM,2024
CR00019154,02/07/2015 10:43:00 AM,40,CLEAR,DAYLIGHT,PARKED MOTOR VEHICLE,FOUR WAY,NO CONTROLS,UNABLE TO DETERMINE,UNABLE TO DETERMINE,0,0,0,0,10,7,2,628,PULASKI RD,41.745802,-87.720098,02/07/2015 12:03:00 PM,2015
CR00019155,03/19/2019 03:34:00 AM,20,CLEAR,DARKNESS - LIGHTED ROAD,TURNING,DIVIDED - W/MEDIAN (NOT RAISED),NO CONTROLS,FAILING TO REDUCE SPEED,NOT APPLICABLE,0,0,0,0,3,3,3,2220,CICERO AVE,41.808492,-87.685548,03/19/2019 05:22:00 AM,2019
CR00019156,10/25/2020 03:01:00 PM,15,CLEAR,DAYLIGHT,PARKED MOTOR VEHICLE,T-INTERSECTION,TRAFFIC SIGNAL,DRIVING SKILLS/KNOWLEDGE/EXPERIENCE,IMPROPER LANE USAGE,0,0,0,0,15,1,10,415,PULASKI RD,41.830684,-87.718553,10/25/2020 03:05:00 PM,2020
CR00019157,01/13/2024 02:33:00 PM,20,CLEAR,DAYLIGHT,REAR TO FRONT,NOT DIVIDED,TRAFFIC SIGNAL,UNABLE TO DETERMINE,FOLLOWING TOO CLOSELY,0,0,0,0,14,7,1,1661,63RD ST,41.947421,-87.755586,01/13/2024 04:33:00 PM,2024
CR00019158,05/21/2016 07:03:00 AM,45,CLEAR,DAYLIGHT,ANGLE,NOT DIVIDED,UNKNOWN,UNABLE TO DETERMINE,IMPROPER OVERTAKING/PASSING,0,0,0,0,7,7,5,1356,PULASKI RD,41.864924,-87.723185,05/21/2016 08:35:00 AM,2016
CR00019159,01/07/2020 02:35:00 PM,35,CLEAR,DARKNESS - LIGHTED ROAD,PEDESTRIAN,NOT DIVIDED,NO CONTROLS,UNABLE TO DETERMINE,FOLLOWING TOO CLOSELY,0,0,0,0,14,3,1,775,OGDEN AVE,41.723006,-87.821043,01/07/2020 03:49:00 PM,2020
CR00019160,01/03/2016 01:51:00 PM,40,CLEAR,DARKNESS - LIGHTED ROAD,PARKED MOTOR VEHICLE,ONE-WAY,NO CONTROLS,DRIVING SKILLS/KNOWLEDGE/EXPERIENCE,FAILING TO YIELD RIGHT-OF-WAY,0,0,0,0,13,1,1,2133,ARCHER AVE,41.774915,-87.649687,01/03/2016 02:56:00 PM,2016
CR00019161,08/20/2020 11:32:00 PM,35,CLEAR,DAYLIGHT,FIXED OBJECT,NOT DIVIDED,NO CONTROLS,IMPROPER LANE USAGE,UNABLE TO DETERMINE,0,0,0,0,23,5,8,2369,OGDEN AVE,41.715334,-87.686144,08/21/2020 01:28:00 AM,2020
CR00019162,10/03/2017 01:53:00 PM,40,CLEAR,DARKNESS,PARKED MOTOR VEHICLE,FOUR WAY,STOP SIGN/FLASHER,IMPROPER OVERTAKING/PASSING,FAILING TO REDUCE SPEED,0,0,0,0,13,3,10,2051,ARCHER AVE,41.982728,-87.700161,10/03/2017 01:58:00 PM,2017
CR00019163,08/01/2019 05:05:00 PM,45,RAIN,DARKNESS - LIGHTED ROAD,TURNING,NOT DIVIDED,STOP SIGN/FLASHER,UNABLE TO DETERMINE,DISREGARDING TRAFFIC SIGNALS,0,0,0,0,17,5,8,2044,HALSTED ST,41.775274,-87.571922,08/01/2019 05:45:00 PM,2019
CR00019164,02/20/2015 09:46:00 AM,20,CLEAR,DAYLIGHT,PARKED MOTOR VEHICLE,DIVIDED - W/MEDIAN (NOT RAISED),TRAFFIC SIGNAL,IMPROPER LANE USAGE,FAILING TO YIELD RIGHT-OF-WAY,0,0,0,0,9,6,2,940,ELSTON AVE,41.992213,-87.791214,02/20/2015 10:08:00 AM,2015
CR00019165,10/03/2015 01:55:00 AM,45,CLEAR,DARKNESS,TURNING,DIVIDED - W/MEDIAN (NOT RAISED),NO CONTROLS,FOLLOWING TOO CLOSELY,FOLLOWING TOO CLOSELY,0,0,2,2,1,7,10,714,BROADWAY,41.897828,-87.535538,10/03/2015 03:43:00 AM,2015
CR00019166,10/21/2015 11:31:00 AM,30,FREEZING RAIN/DRIZZLE,DARKNESS,TURNING,FOUR WAY,TRAFFIC SIGNAL,DISREGARDING TRAFFIC SIGNALS,DRIVING SKILLS/KNOWLEDGE/EXPERIENCE,0,0,0,0,11,4,10,1550,ARCHER AVE,41.807129,-87.842417,10/21/2015 12:37:00 PM,2015
CR00019167,05/19/2022 08:20:00 AM,15,CLEAR,DUSK,ANGLE,T-INTERSECTION,TRAFFIC SIGNAL,IMPROPER LANE USAGE,FAILING TO REDUCE SPEED,0,0,0,0,8,5,5,1134,HALSTED ST,41.852746,-87.609589,05/19/2022 09:47:00 AM,2022
CR00019168,03/29/2020 01:06:00 PM,40,CLEAR,DAYLIGHT,SIDESWIPE SAME DIRECTION,NOT DIVIDED,TRAFFIC SIGNAL,DISREGARDING TRAFFIC SIGNALS,IMPROPER OVERTAKING/PASSING,0,0,0,0,13,1,3,934,CALIFORNIA AVE,41.749631,-87.533904,03/29/2020 03:00:00 PM,2020
CR00019169,04/07/2017 07:50:00 PM,35,CLOUDY/OVERCAST,DAYLIGHT,PEDESTRIAN,NOT DIVIDED,UNKNOWN,DISTRACTION - FROM INSIDE VEHICLE,FOLLOWING TOO CLOSELY,0,0,0,0,19,6,4,1225,FULLERTON AVE,41.732801,-87.654973,04/07/2017 08:38:00 PM,2017
CR00019170,12/09/2017 12:23:00 AM,35,CLEAR,DAYLIGHT,FIXED OBJECT,NOT DIVIDED,NO CONTROLS,IMPROPER LANE USAGE,FAILING TO YIELD RIGHT-OF-WAY,0,0,0,0,0,7,12,2491,ASHLAND AVE,41.858777,-87.614904,12/09/2017 02:10:00 AM,2017
CR00019171,11/24/2018 11:16:00 AM,20,CLOUDY/OVERCAST,DARKNESS - LIGHTED ROAD,PARKED MOTOR VEHICLE,NOT DIVIDED,TRAFFIC SIGNAL,FAILING TO YIELD RIGHT-OF-WAY,FOLLOWING TOO CLOSELY,0,0,0,0,11,7,11,2215,STATE ST,41.783694,-87.546002,11/24/2018 01:02:00 PM,2018
CR00019172,12/03/2022 03:53:00 PM,30,CLOUDY/OVERCAST,DAYLIGHT,ANGLE,NOT DIVIDED,STOP SIGN/FLASHER,FAILING TO YIELD RIGHT-OF-WAY,FOLLOWING TOO CLOSELY,0,0,2,2,15,7,12,1063,ROOSEVELT RD,41.71365,-87.682769,12/03/2022 05:20:00 PM,2022
CR00019173,06/09/2019 03:43:00 PM,15,CLOUDY/OVERCAST,DARKNESS - LIGHTED ROAD,TURNING,DIVIDED - W/MEDIAN (NOT RAISED),UNKNOWN,DRIVING SKILLS/KNOWLEDGE/EXPERIENCE,FAILING TO YIELD RIGHT-OF-WAY,0,0,2,2,15,1,6,668,79TH ST,41.796668,-87.637733,06/09/2019 05:37:00 PM,2019
CR00019174,08/16/2020 07:17:00 AM,45,CLEAR,DAYLIGHT,FIXED OBJECT,ONE-WAY,TRAFFIC SIGNAL,UNABLE TO DETERMINE,DISTRACTION - FROM INSIDE VEHICLE,0,0,0,0,7,1,8,1560,ROOSEVELT RD,41.772791,-87.639866,08/16/2020 07:45:00 AM,2020
CR00019175,04/26/2021 03:18:00 PM,25,CLEAR,DAYLIGHT,PARKED MOTOR VEHICLE,T-INTERSECTION,NO CONTROLS,FOLLOWING TOO CLOSELY,UNABLE TO DETERMINE,0,0,0,0,15,2,4,1449,CALIFORNIA AVE,41.998478,-87.741549,04/26/2021 04:20:00 PM,2021
CR00019176,02/24/2024 10:55:00 AM,45,CLEAR,DARKNESS - LIGHTED ROAD,TURNING,ONE-WAY,UNKNOWN,UNABLE TO DETERMINE,NOT APPLICABLE,0,0,0,0,10,7,2,2529,47TH ST,41.995641,-87.607356,02/24/2024 11:28:00 AM,2024