CRASH_RECORD_ID,CRASH_DATE,POSTED_SPEED_LIMIT,WEATHER_CONDITION,LIGHTING_CONDITION,FIRST_CRASH_TYPE,TRAFFICWAY_TYPE,TRAFFIC_CONTROL_DEVICE,PRIM_CONTRIBUTORY_CAUSE,SEC_CONTRIBUTORY_CAUSE,INJURIES_FATAL,INJURIES_INCAPACITATING,INJURIES_NON_INCAPACITATING,INJURIES_TOTAL,CRASH_HOUR,CRASH_DAY_OF_WEEK,CRASH_MONTH,BEAT_OF_OCCURRENCE,STREET_NAME,LATITUDE,LONGITUDE,DATE_POLICE_NOTIFIED,year
CR00019177,03/08/2015 04:29:00 PM,35,CLEAR,DAYLIGHT,ANGLE,FOUR WAY,STOP SIGN/FLASHER,IMPROPER OVERTAKING/PASSING,DISTRACTION - FROM INSIDE VEHICLE,0,0,0,0,16,1,3,581,47TH ST,41.887491,-87.672211,03/08/2015 06:12:00 PM,2015
CR00019178,12/17/2016 06:21:00 PM,20,SNOW,DARKNESS - LIGHTED ROAD,SIDESWIPE SAME DIRECTION,DIVIDED - W/MEDIAN (NOT RAISED),NO CONTROLS,UNABLE TO DETERMINE,FOLLOWING TOO CLOSELY,0,0,0,0,18,7,12,888,OGDEN AVE,41.728149,-87.561844,12/17/2016 06:32:00 PM,2016
CR00019179,08/07/2017 07:50:00 AM,35,RAIN,DARKNESS - LIGHTED ROAD,PARKED MOTOR VEHICLE,NOT DIVIDED,NO CONTROLS,FOLLOWING TOO CLOSELY,FAILING TO YIELD RIGHT-OF-WAY,0,0,0,0,7,2,8,247,BROADWAY,41.837968,-87.610323,08/07/2017 08:47:00 AM,2017
CR00019180,11/07/2020 12:19:00 PM,40,CLEAR,DAWN,SIDESWIPE SAME DIRECTION,NOT DIVIDED,NO CONTROLS,UNABLE TO DETERMINE,DRIVING SKILLS/KNOWLEDGE/EXPERIENCE,0,0,0,0,12,7,11,286,PULASKI RD,41.927506,-87.633655,11/07/2020 01:13:00 PM,2020
CR00019181,04/27/2024 10:40:00 AM,20,CLEAR,DAYLIGHT,ANGLE,DIVIDED - W/MEDIAN (NOT RAISED),STOP SIGN/FLASHER,FAILING TO YIELD RIGHT-OF-WAY,UNABLE TO DETERMINE,0,0,0,0,10,7,4,163,ASHLAND AVE,41.807447,-87.550922,04/27/2024 10:56:00 AM,2024
CR00019182,05/05/2020 07:59:00 PM,45,CLEAR,DAYLIGHT,SIDESWIPE SAME DIRECTION,DIVIDED - W/MEDIAN (NOT RAISED),NO CONTROLS,IMPROPER LANE USAGE,NOT APPLICABLE,0,0,1,1,19,3,5,280,IRVING PARK RD,41.920823,-87.667357,05/05/2020 08:03:00 PM,2020
CR00019183,01/31/2024 05:04:00 PM,30,CLEAR,DAYLIGHT,REAR TO FRONT,T-INTERSECTION,TRAFFIC SIGNAL,UNABLE TO DETERMINE,UNABLE TO DETERMINE,0,0,0,0,17,4,1,929,CALIFORNIA AVE,41.882587,-87.529535,01/31/2024 05:32:00 PM,2024
CR00019184,04/16/2024 11:21:00 AM,35,SNOW,DAYLIGHT,TURNING,DIVIDED - W/MEDIAN BARRIER,NO CONTROLS,DRIVING SKILLS/KNOWLEDGE/EXPERIENCE,FAILING TO YIELD RIGHT-OF-WAY,0,0,0,0,11,3,4,2259,LAKE SHORE DR,41.957679,-87.572632,04/16/2024 12:31:00 PM,2024
CR00019185,11/27/2019 07:57:00 AM,15,CLOUDY/OVERCAST,DAYLIGHT,REAR END,NOT DIVIDED,STOP SIGN/FLASHER,UNABLE TO DETERMINE,UNABLE TO DETERMINE,0,0,0,0,7,4,11,2087,IRVING PARK RD,41.892545,-87.849277,11/27/2019 08:52:00 AM,2019
CR00019186,09/06/2017 06:29:00 PM,20,RAIN,DAYLIGHT,TURNING,DIVIDED - W/MEDIAN (NOT RAISED),TRAFFIC SIGNAL,UNABLE TO DETERMINE,FAILING TO YIELD RIGHT-OF-WAY,0,0,0,0,18,4,9,2055,OGDEN AVE,41.934948,-87.683136,09/06/2017 08:26:00 PM,2017
CR00019187,03/15/2016 12:33:00 PM,30,CLEAR,DAYLIGHT,PARKED MOTOR VEHICLE,NOT DIVIDED,UNKNOWN,FAILING TO YIELD RIGHT-OF-WAY,FAILING TO REDUCE SPEED,0,0,1,1,12,3,3,568,79TH ST,41.825531,-87.761119,03/15/2016 01:26:00 PM,2016
CR00019188,10/26/2019 07:42:00 PM,25,SNOW,DARKNESS,TURNING,NOT DIVIDED,TRAFFIC SIGNAL,UNABLE TO DETERMINE,DRIVING SKILLS/KNOWLEDGE/EXPERIENCE,0,0,0,0,19,7,10,1227,CICERO AVE,41.903937,-87.756344,10/26/2019 09:35:00 PM,2019
CR00019189,11/10/2024 07:35:00 AM,30,CLEAR,DARKNESS - LIGHTED ROAD,TURNING,NOT DIVIDED,TRAFFIC SIGNAL,DRIVING SKILLS/KNOWLEDGE/EXPERIENCE,DISREGARDING TRAFFIC SIGNALS,0,0,0,0,7,1,11,1851,KEDZIE AVE,41.810981,-87.816997,11/10/2024 09:21:00 AM,2024
CR00019190,09/10/2022 08:56:00 AM,25,CLEAR,DARKNESS - LIGHTED ROAD,REAR END,NOT DIVIDED,NO CONTROLS,DISTRACTION - FROM INSIDE VEHICLE,FAILING TO REDUCE SPEED,0,0,0,0,8,7,9,1581,OGDEN AVE,41.829273,-87.697936,09/10/2022 09:14:00 AM,2022
CR00019191,04/02/2017 03:40:00 AM,35,FOG/SMOKE/HAZE,DAYLIGHT,SIDESWIPE SAME DIRECTION,T-INTERSECTION,NO CONTROLS,IMPROPER OVERTAKING/PASSING,NOT APPLICABLE,0,0,0,0,3,1,4,1884,BROADWAY,41.917444,-87.705326,04/02/2017 04:35:00 AM,2017
CR00019192,09/04/2015 04:11:00 AM,30,CLOUDY/OVERCAST,DAYLIGHT,PEDESTRIAN,NOT DIVIDED,STOP SIGN/FLASHER,FAILING TO YIELD RIGHT-OF-WAY,IMPROPER LANE USAGE,0,0,0,0,4,6,9,1234,WESTERN AVE,41.775122,-87.555638,09/04/2015 05:07:00 AM,2015
CR00019193,08/16/2017 09:42:00 AM,15,CLEAR,DAYLIGHT,ANGLE,ONE-WAY,TRAFFIC SIGNAL,UNABLE TO DETERMINE,UNABLE TO DETERMINE,0,0,0,0,9,4,8,1828,79TH ST,41.996919,-87.804241,08/16/2017 10:51:00 AM,2017
CR00019194,07/20/2015 10:19:00 AM,30,CLEAR,DAYLIGHT,PARKED MOTOR VEHICLE,ONE-WAY,PEDESTRIAN CROSSING SIGN,UNABLE TO DETERMINE,FOLLOWING TOO CLOSELY,0,0,0,0,10,2,7,884,CLARK ST,41.834727,-87.670264,07/20/2015 12:14:00 PM,2015
CR00019195,08/01/2023 11:49:00 AM,35,CLEAR,DARKNESS - LIGHTED ROAD,PARKED MOTOR VEHICLE,DIVIDED - W/MEDIAN (NOT RAISED),NO CONTROLS,FOLLOWING TOO CLOSELY,UNABLE TO DETERMINE,0,0,0,0,11,3,8,1839,MICHIGAN AVE,41.917022,-87.677219,08/01/2023 12:57:00 PM,2023
CR00019196,03/31/2022 06:19:00 PM,15,CLEAR,DAYLIGHT,FIXED OBJECT,ONE-WAY,NO CONTROLS,DISREGARDING TRAFFIC SIGNALS,DRIVING SKILLS/KNOWLEDGE/EXPERIENCE,0,0,0,0,18,5,3,1025,ROOSEVELT RD,41.985765,-87.546612,03/31/2022 08:09:00 PM,2022
CR00019197,06/06/2022 09:03:00 AM,40,CLEAR,DAYLIGHT,ANGLE,DIVIDED - W/MEDIAN (NOT RAISED),NO CONTROLS,DISTRACTION - FROM INSIDE VEHICLE,IMPROPER OVERTAKING/PASSING,0,0,0,0,9,2,6,1178,STONY ISLAND AVE,41.895548,-87.544984,06/06/2022 10:03:00 AM,2022
CR00019198,09/24/2019 07:42:00 PM,20,FREEZING RAIN/DRIZZLE,DAYLIGHT,TURNING,DIVIDED - W/MEDIAN BARRIER,NO CONTROLS,UNABLE TO DETERMINE,DRIVING SKILLS/KNOWLEDGE/EXPERIENCE,0,0,0,0,19,3,9,1968,STONY ISLAND AVE,41.920501,-87.716422,09/24/2019 09:32:00 PM,2019
CR00019199,09/28/2020 05:52:00 PM,30,CLOUDY/OVERCAST,DAYLIGHT,ANGLE,NOT DIVIDED,NO CONTROLS,UNABLE TO DETERMINE,IMPROPER LANE USAGE,0,0,0,0,17,2,9,378,BROADWAY,41.704304,-87.654419,09/28/2020 06:18:00 PM,2020
CR00019200,09/30/2016 12:34:00 PM,30,CLOUDY/OVERCAST,DARKNESS - LIGHTED ROAD,REAR END,NOT DIVIDED,UNKNOWN,DISTRACTION - FROM INSIDE VEHICLE,UNABLE TO DETERMINE,0,0,0,0,12,6,9,196,DIVISION ST,41.711849,-87.508587,09/30/2016 02:21:00 PM,2016
CR00019201,09/23/2024 07:48:00 AM,30,CLOUDY/OVERCAST,DARKNESS - LIGHTED ROAD,ANGLE,DIVIDED - W/MEDIAN (NOT RAISED),NO CONTROLS,DRIVING SKILLS/KNOWLEDGE/EXPERIENCE,DISREGARDING TRAFFIC SIGNALS,0,0,0,0,7,2,9,1885,DIVISION ST,41.892636,-87.760814,09/23/2024 08:50:00 AM,2024
CR00019202,07/19/2023 01:55:00 AM,15,CLEAR,DAYLIGHT,REAR END,NOT DIVIDED,TRAFFIC SIGNAL,IMPROPER OVERTAKING/PASSING,IMPROPER OVERTAKING/PASSING,0,0,0,0,1,4,7,599,LAKE SHORE DR,41.954023,-87.672143,07/19/2023 02:25:00 AM,2023
CR00019203,03/15/2019 05:06:00 PM,30,CLEAR,DARKNESS - LIGHTED ROAD,TURNING,DIVIDED - W/MEDIAN BARRIER,NO CONTROLS,DISREGARDING TRAFFIC SIGNALS,UNABLE TO DETERMINE,0,0,3,3,17,6,3,691,KEDZIE AVE,41.740409,-87.774863,03/15/2019 05:11:00 PM,2019
CR00019204,01/27/2019 07:42:00 AM,30,CLEAR,DAYLIGHT,REAR END,ONE-WAY,STOP SIGN/FLASHER,UNABLE TO DETERMINE,NOT APPLICABLE,0,0,0,0,7,1,1,1250,FULLERTON AVE,41.83896,-87.7333,01/27/2019 08:26:00 AM,2019
CR00019205,08/13/2019 09:00:00 AM,30,CLEAR,DAWN,ANGLE,NOT DIVIDED,NO CONTROLS,UNABLE TO DETERMINE,FAILING TO REDUCE SPEED,0,0,0,0,9,3,8,2156,PULASKI RD,41.953161,-87.717124,08/13/2019 10:20:00 AM,2019
CR00019206,08/09/2015 01:36:00 PM,35,RAIN,DARKNESS - LIGHTED ROAD,REAR END,DIVIDED - W/MEDIAN (NOT RAISED),NO CONTROLS,IMPROPER LANE USAGE,FOLLOWING TOO CLOSELY,0,0,0,0,13,1,8,2084,DAMEN AVE,41.984233,-87.554188,08/09/2015 02:36:00 PM,2015
CR00019207,11/19/2020 06:39:00 PM,40,CLEAR,DARKNESS - LIGHTED ROAD,REAR TO FRONT,NOT DIVIDED,NO CONTROLS,FAILING TO REDUCE SPEED,DRIVING SKILLS/KNOWLEDGE/EXPERIENCE,0,0,0,0,18,5,11,432,PULASKI RD,41.723994,-87.509647,11/19/2020 06:40:00 PM,2020
CR00019208,08/07/2016 09:34:00 AM,35,CLEAR,DAYLIGHT,TURNING,ONE-WAY,TRAFFIC SIGNAL,IMPROPER OVERTAKING/PASSING,NOT APPLICABLE,0,0,0,0,9,1,8,2275,DAMEN AVE,41.932846,-87.7955,08/07/2016 10:32:00 AM,2016
CR00019209,07/01/2019 04:47:00 PM,40,CLEAR,DAYLIGHT,REAR END,ONE-WAY,TRAFFIC SIGNAL,FOLLOWING TOO CLOSELY,NOT APPLICABLE,0,0,0,0,16,2,7,2012,HALSTED ST,41.897986,-87.82388,07/01/2019 06:14:00 PM,2019
CR00019210,02/21/2023 10:28:00 AM,35,CLOUDY/OVERCAST,DUSK,SIDESWIPE SAME DIRECTION,NOT DIVIDED,NO CONTROLS,IMPROPER LANE USAGE,FAILING TO YIELD RIGHT-OF-WAY,0,0,0,0,10,3,2,507,BROADWAY,41.947531,-87.656148,02/21/2023 10:29:00 AM,2023
CR00019211,07/27/2022 03:51:00 PM,30,CLEAR,DARKNESS - LIGHTED ROAD,SIDESWIPE SAME DIRECTION,NOT DIVIDED,TRAFFIC SIGNAL,IMPROPER OVERTAKING/PASSING,UNABLE TO DETERMINE,0,0,0,0,15,4,7,2378,ARCHER AVE,41.919367,-87.576705,07/27/2022 03:58:00 PM,2022
CR00019212,08/01/2018 10:46:00 AM,35,RAIN,DAYLIGHT,TURNING,ONE-WAY,TRAFFIC SIGNAL,DISREGARDING TRAFFIC SIGNALS,IMPROPER LANE USAGE,0,0,0,0,10,4,8,1397,LAKE SHORE DR,41.967399,-87.615353,08/01/2018 11:13:00 AM,2018
CR00019213,10/23/2022 03:05:00 PM,30,CLEAR,DAYLIGHT,REAR END,DIVIDED - W/MEDIAN BARRIER,UNKNOWN,UNABLE TO DETERMINE,FAILING TO REDUCE SPEED,0,0,0,0,15,1,10,1166,KEDZIE AVE,41.832055,-87.570076,10/23/2022 04:03:00 PM,2022
CR00019214,05/10/2016 09:50:00 PM,15,CLEAR,DAYLIGHT,REAR END,NOT DIVIDED,NO CONTROLS,IMPROPER OVERTAKING/PASSING,UNABLE TO DETERMINE,0,0,0,0,21,3,5,1371,DAMEN AVE,41.796819,-87.769548,05/10/2016 11:33:00 PM,2016
CR00019215,06/05/2021 05:37:00 PM,15,CLEAR,DAYLIGHT,TURNING,FOUR WAY,TRAFFIC SIGNAL,DRIVING SKILLS/KNOWLEDGE/EXPERIENCE,UNABLE TO DETERMINE,0,0,0,0,17,7,6,1194,CICERO AVE,41.948838,-87.647379,06/05/2021 05:52:00 PM,2021
CR00019216,05/18/2019 12:21:00 AM,30,CLEAR,DAYLIGHT,SIDESWIPE SAME DIRECTION,FOUR WAY,NO CONTROLS,UNABLE TO DETERMINE,NOT APPLICABLE,0,0,0,0,0,7,5,906,WESTERN AVE,41.799823,-87.511195,05/18/2019 01:26:00 AM,2019
CR00019217,04/02/2019 06:59:00 AM,30,CLEAR,DAYLIGHT,SIDESWIPE SAME DIRECTION,ONE-WAY,NO CONTROLS,UNABLE TO DETERMINE,DRIVING SKILLS/KNOWLEDGE/EXPERIENCE,0,0,1,1,6,3,4,1826,STATE ST,41.734689,-87.636199,04/02/2019 07:14:00 AM,2019
CR00019218,09/08/2016 07:47:00 PM,25,CLEAR,DAYLIGHT,SIDESWIPE SAME DIRECTION,ONE-WAY,NO CONTROLS,DISTRACTION - FROM INSIDE VEHICLE,DISTRACTION - FROM INSIDE VEHICLE,0,0,0,0,19,5,9,1713,BROADWAY,41.887321,-87.594664,09/08/2016 09:14:00 PM,2016
CR00019219,06/27/2023 03:20:00 PM,45,RAIN,DAYLIGHT,PARKED MOTOR VEHICLE,NOT DIVIDED,STOP SIGN/FLASHER,UNABLE TO DETERMINE,IMPROPER OVERTAKING/PASSING,0,0,0,0,15,3,6,2477,FULLERTON AVE,41.960567,-87.749688,06/27/2023 04:02:00 PM,2023
CR00019220,11/14/2015 01:15:00 PM,35,CLEAR,DAYLIGHT,TURNING,ONE-WAY,STOP SIGN/FLASHER,UNABLE TO DETERMINE,UNABLE TO DETERMINE,0,0,0,0,13,7,11,1813,47TH ST,41.713876,-87.763645,11/14/2015 03:13:00 PM,2015
CR00019221,04/13/2016 11:27:00 AM,40,CLOUDY/OVERCAST,DAYLIGHT,REAR END,NOT DIVIDED,NO CONTROLS,UNABLE TO DETERMINE,IMPROPER OVERTAKING/PASSING,0,0,2,2,11,4,4,1499,PULASKI RD,41.904045,-87.708822,04/13/2016 12:00:00 PM,2016
CR00019222,04/18/2022 10:16:00 AM,35,CLEAR,DAYLIGHT,REAR END,NOT DIVIDED,NO CONTROLS,FAILING TO YIELD RIGHT-OF-WAY,IMPROPER OVERTAKING/PASSING,0,0,0,0,10,2,4,1993,MILWAUKEE AVE,41.940388,-87.508898,04/18/2022 11:47:00 AM,2022
CR00019223,12/22/2022 07:04:00 PM,30,CLEAR,DARKNESS - LIGHTED ROAD,PARKED MOTOR VEHICLE,NOT DIVIDED,NO CONTROLS,FAILING TO YIELD RIGHT-OF-WAY,DISTRACTION - FROM INSIDE VEHICLE,0,0,0,0,19,5,12,1900,OGDEN AVE,41.765351,-87.783565,12/22/2022 07:39:00 PM,2022
CR00019224,03/15/2015 06:20:00 AM,40,CLOUDY/OVERCAST,DAYLIGHT,TURNING,DIVIDED - W/MEDIAN (NOT RAISED),STOP SIGN/FLASHER,DISTRACTION - FROM INSIDE VEHICLE,FAILING TO YIELD RIGHT-OF-WAY,0,0,0,0,6,1,3,1545,STONY ISLAND AVE,41.892168,-87.503585,03/15/2015 07:35:00 AM,2015
CR00019225,07/30/2016 07:45:00 AM,30,CLEAR,DAYLIGHT,FIXED OBJECT,DIVIDED - W/MEDIAN BARRIER,TRAFFIC SIGNAL,UNABLE TO DETERMINE,UNABLE TO DETERMINE,0,0,0,0,7,7,7,2519,IRVING PARK RD,41.91273,-87.808971,07/30/2016 08:13:00 AM,2016
CR00019226,09/19/2016 04:35:00 PM,35,CLEAR,DAYLIGHT,FIXED OBJECT,ONE-WAY,UNKNOWN,FAILING TO YIELD RIGHT-OF-WAY,DISREGARDING TRAFFIC SIGNALS,0,0,0,0,16,2,9,2268,79TH ST,41.779964,-87.765172,09/19/2016 05:57:00 PM,2016
CR00019227,01/24/2017 08:39:00 AM,30,CLEAR,DAYLIGHT,REAR END,NOT DIVIDED,NO CONTROLS,WEATHER,NOT APPLICABLE,0,1,0,1,8,3,1,2192,CLARK ST,41.809695,-87.561975,01/24/2017 09:09:00 AM,2017
CR00019228,09/19/2021 06:51:00 PM,30,RAIN,DARKNESS,SIDESWIPE SAME DIRECTION,FOUR WAY,TRAFFIC SIGNAL,UNABLE TO DETERMINE,UNABLE TO DETERMINE,0,0,0,0,18,1,9,2464,79TH ST,41.810529,-87.573607,09/19/2021 08:14:00 PM,2021
CR00019229,04/20/2022 12:27:00 PM,20,CLEAR,DAYLIGHT,REAR END,FOUR WAY,NO CONTROLS,DISREGARDING TRAFFIC SIGNALS,DISTRACTION - FROM INSIDE VEHICLE,0,0,0,0,12,4,4,1521,ASHLAND AVE,41.921287,-87.653734,04/20/2022 02:04:00 PM,2022
CR00019230,02/24/2015 12:50:00 AM,20,RAIN,DAYLIGHT,REAR END,NOT DIVIDED,TRAFFIC SIGNAL,DISTRACTION - FROM INSIDE VEHICLE,UNABLE TO DETERMINE,0,0,0,0,0,3,2,1865,STONY ISLAND AVE,41.754218,-87.790302,02/24/2015 01:37:00 AM,2015
CR00019231,11/30/2024 08:37:00 AM,40,CLEAR,DAYLIGHT,TURNING,DIVIDED - W/MEDIAN BARRIER,UNKNOWN,UNABLE TO DETERMINE,NOT APPLICABLE,0,0,0,0,8,7,11,1161,LAKE SHORE DR,41.865931,-87.795502,11/30/2024 08:57:00 AM,2024
CR00019232,09/07/2023 05:51:00 PM,25,RAIN,DAYLIGHT,TURNING,DIVIDED - W/MEDIAN BARRIER,STOP SIGN/FLASHER,DISREGARDING TRAFFIC SIGNALS,FAILING TO YIELD RIGHT-OF-WAY,0,0,0,0,17,5,9,1749,CALIFORNIA AVE,41.859169,-87.690864,09/07/2023 07:18:00 PM,2023
CR00019233,11/03/2017 04:03:00 PM,30,CLEAR,DAYLIGHT,SIDESWIPE SAME DIRECTION,DIVIDED - W/MEDIAN BARRIER,NO CONTROLS,FOLLOWING TOO CLOSELY,UNABLE TO DETERMINE,0,1,2,3,16,6,11,1428,STONY ISLAND AVE,41.990744,-87.521542,11/03/2017 04:32:00 PM,2017
CR00019234,07/19/2023 10:11:00 AM,25,CLEAR,DAYLIGHT,REAR TO FRONT,ONE-WAY,STOP SIGN/FLASHER,DRIVING SKILLS/KNOWLEDGE/EXPERIENCE,NOT APPLICABLE,0,0,0,0,10,4,7,1676,STATE ST,41.935655,-87.731065,07/19/2023 11:32:00 AM,2023
CR00019235,05/15/2020 04:49:00 AM,25,RAIN,DARKNESS - LIGHTED ROAD,FIXED OBJECT,NOT DIVIDED,TRAFFIC SIGNAL,UNABLE TO DETERMINE,NOT APPLICABLE,0,0,0,0,4,6,5,2221,HALSTED ST,41.796248,-87.774565,05/15/2020 05:24:00 AM,2020
CR00019236,06/09/2016 11:57:00 AM,20,CLEAR,DAYLIGHT,TURNING,ONE-WAY,STOP SIGN/FLASHER,DRIVING SKILLS/KNOWLEDGE/EXPERIENCE,DRIVING SKILLS/KNOWLEDGE/EXPERIENCE,0,0,0,0,11,5,6,1596,OGDEN AVE,41.962025,-87.760509,06/09/2016 01:38:00 PM,2016
CR00019237,05/30/2021 08:10:00 AM,45,CLEAR,DAYLIGHT,REAR END,NOT DIVIDED,TRAFFIC SIGNAL,FAILING TO YIELD RIGHT-OF-WAY,FOLLOWING TOO CLOSELY,0,0,0,0,8,1,5,2477,KEDZIE AVE,41.945956,-87.621925,05/30/2021 09:45:00 AM,2021
CR00019238,06/06/2023 04:55:00 PM,25,CLEAR,DARKNESS - LIGHTED ROAD,REAR END,FOUR WAY,STOP SIGN/FLASHER,UNABLE TO DETERMINE,UNABLE TO DETERMINE,0,0,0,0,16,3,6,881,47TH ST,41.941029,-87.566761,06/06/2023 06:12:00 PM,2023
CR00019239,05/02/2015 06:33:00 PM,15,CLEAR,DAYLIGHT,REAR END,NOT DIVIDED,TRAFFIC SIGNAL,UNABLE TO DETERMINE,UNABLE TO DETERMINE,0,0,0,0,18,7,5,2193,FULLERTON AVE,41.936076,-87.680454,05/02/2015 06:38:00 PM,2015
CR00019240,02/29/2016 10:35:00 AM,15,CLEAR,DAYLIGHT,REAR END,NOT DIVIDED,NO CONTROLS,DISTRACTION - FROM INSIDE VEHICLE,IMPROPER OVERTAKING/PASSING,0,0,0,0,10,2,2,2470,MICHIGAN AVE,41.918482,-87.759205,02/29/2016 10:49:00 AM,2016
CR00019241,02/05/2018 08:29:00 AM,30,CLEAR,DAWN,REAR TO FRONT,NOT DIVIDED,TRAFFIC SIGNAL,FAILING TO REDUCE SPEED,UNABLE TO DETERMINE,0,0,0,0,8,2,2,206,ROOSEVELT RD,41.801469,-87.803689,02/05/2018 09:41:00 AM,2018
CR00019242,05/01/2017 12:17:00 PM,45,RAIN,DARKNESS - LIGHTED ROAD,REAR END,ONE-WAY,NO CONTROLS,WEATHER,WEATHER,0,0,0,0,12,2,5,149,PULASKI RD,41.86457,-87.773231,05/01/2017 12:23:00 PM,2017
CR00019243,10/04/2018 05:37:00 AM,15,CLEAR,DARKNESS - LIGHTED ROAD,TURNING,NOT DIVIDED,TRAFFIC SIGNAL,IMPROPER OVERTAKING/PASSING,FAILING TO YIELD RIGHT-OF-WAY,0,0,0,0,5,5,10,1649,FULLERTON AVE,41.833915,-87.837787,10/04/2018 05:45:00 AM,2018
CR00019244,04/30/2018 08:33:00 AM,15,CLEAR,DAYLIGHT,SIDESWIPE SAME DIRECTION,NOT DIVIDED,UNKNOWN,FAILING TO REDUCE SPEED,FAILING TO REDUCE SPEED,0,0,0,0,8,2,4,2174,HALSTED ST,41.929525,-87.819484,04/30/2018 10:05:00 AM,2018
CR00019245,11/14/2022 10:39:00 AM,40,CLEAR,DAYLIGHT,REAR END,DIVIDED - W/MEDIAN (NOT RAISED),STOP SIGN/FLASHER,FOLLOWING TOO CLOSELY,UNABLE TO DETERMINE,0,0,1,1,10,2,11,1513,PULASKI RD,41.704589,-87.560597,11/14/2022 10:57:00 AM,2022
CR00019246,12/10/2024 10:31:00 PM,30,CLEAR,DAYLIGHT,REAR END,NOT DIVIDED,TRAFFIC SIGNAL,UNABLE TO DETERMINE,UNABLE TO DETERMINE,0,0,1,1,22,3,12,1478,PULASKI RD,41.70987,-87.833459,12/10/2024 11:33:00 PM,2024
CR00019247,02/16/2021 03:28:00 PM,40,CLEAR,DARKNESS,REAR END,ONE-WAY,STOP SIGN/FLASHER,UNABLE TO DETERMINE,UNABLE TO DETERMINE,0,0,0,0,15,3,2,905,STATE ST,41.784648,-87.657323,02/16/2021 04:52:00 PM,2021
CR00019248,11/24/2024 06:37:00 PM,35,CLEAR,DARKNESS - LIGHTED ROAD,SIDESWIPE SAME DIRECTION,DIVIDED - W/MEDIAN BARRIER,NO CONTROLS,FOLLOWING TOO CLOSELY,WEATHER,0,0,0,0,18,1,11,1649,STATE ST,41.712187,-87.579768,11/24/2024 07:37:00 PM,2024
CR00019249,05/14/2018 01:56:00 PM,30,CLOUDY/OVERCAST,DUSK,ANGLE,ONE-WAY,STOP SIGN/FLASHER,UNABLE TO DETERMINE,NOT APPLICABLE,0,0,0,0,13,2,5,665,STATE ST,41.91554,-87.547472,05/14/2018 02:46:00 PM,2018
CR00019250,11/26/2022 09:26:00 PM,25,CLEAR,DUSK,FIXED OBJECT,NOT DIVIDED,TRAFFIC SIGNAL,IMPROPER LANE USAGE,IMPROPER OVERTAKING/PASSING,0,0,0,0,21,7,11,956,63RD ST,41.826743,-87.548757,11/26/2022 09:45:00 PM,2022
CR00019251,10/25/2020 04:09:00 AM,40,CLEAR,DAYLIGHT,SIDESWIPE SAME DIRECTION,DIVIDED - W/MEDIAN BARRIER,TRAFFIC SIGNAL,DISTRACTION - FROM INSIDE VEHICLE,NOT APPLICABLE,0,0,0,0,4,1,10,581,WESTERN AVE,41.994597,-87.778667,10/25/2020 05:48:00 AM,2020
CR00019252,06/07/2024 05:13:00 PM,25,CLEAR,DAYLIGHT,REAR END,NOT DIVIDED,NO CONTROLS,UNABLE TO DETERMINE,DISTRACTION - FROM INSIDE VEHICLE,0,0,0,0,17,6,6,1260,IRVING PARK RD,41.758835,-87.559169,06/07/2024 06:05:00 PM,2024
CR00019253,11/19/2015 12:25:00 PM,35,CLEAR,DARKNESS - LIGHTED ROAD,PARKED MOTOR VEHICLE,DIVIDED - W/MEDIAN (NOT RAISED),TRAFFIC SIGNAL,UNABLE TO DETERMINE,UNABLE TO DETERMINE,0,0,0,0,12,5,11,320,ASHLAND AVE,41.798697,-87.647124,11/19/2015 12:34:00 PM,2015
CR00019254,12/08/2018 01:21:00 PM,30,CLEAR,DARKNESS - LIGHTED ROAD,REAR TO FRONT,NOT DIVIDED,NO CONTROLS,FOLLOWING TOO CLOSELY,WEATHER,0,0,0,0,13,7,12,656,HALSTED ST,41.974824,-87.741156,12/08/2018 02:42:00 PM,2018
CR00019255,05/12/2017 10:05:00 PM,30,CLEAR,DAYLIGHT,REAR END,DIVIDED - W/MEDIAN (NOT RAISED),NO CONTROLS,DISTRACTION - FROM INSIDE VEHICLE,UNABLE TO DETERMINE,0,0,0,0,22,6,5,2028,IRVING PARK RD,41.8075,-87.561222,05/12/2017 10:14:00 PM,2017
CR00019256,12/23/2016 04:04:00 PM,45,CLOUDY/OVERCAST,DUSK,TURNING,NOT DIVIDED,TRAFFIC SIGNAL,IMPROPER LANE USAGE,FOLLOWING TOO CLOSELY,0,0,1,1,16,6,12,1193,OGDEN AVE,41.906887,-87.69394,12/23/2016 05:46:00 PM,2016
CR00019257,05/03/2024 01:35:00 AM,30,CLEAR,DAYLIGHT,TURNING,DIVIDED - W/MEDIAN BARRIER,TRAFFIC SIGNAL,IMPROPER LANE USAGE,DISREGARDING TRAFFIC SIGNALS,0,0,0,0,1,6,5,1223,CALIFORNIA AVE,41.765721,-87.613931,05/03/2024 01:52:00 AM,2024
CR00019258,11/04/2020 04:51:00 AM,30,CLEAR,DAYLIGHT,REAR END,NOT DIVIDED,NO CONTROLS,DISTRACTION - FROM INSIDE VEHICLE,NOT APPLICABLE,0,1,1,2,4,4,11,1637,PULASKI RD,41.805952,-87.675654,11/04/2020 05:27:00 AM,2020
CR00019259,04/02/2023 01:41:00 PM,35,RAIN,DARKNESS - LIGHTED ROAD,TURNING,ONE-WAY,TRAFFIC SIGNAL,FOLLOWING TOO CLOSELY,IMPROPER OVERTAKING/PASSING,0,0,1,1,13,1,4,652,ARCHER AVE,41.848593,-87.690762,04/02/2023 03:23:00 PM,2023