CRASH_RECORD_ID,CRASH_DATE,POSTED_SPEED_LIMIT,WEATHER_CONDITION,LIGHTING_CONDITION,FIRST_CRASH_TYPE,TRAFFICWAY_TYPE,TRAFFIC_CONTROL_DEVICE,PRIM_CONTRIBUTORY_CAUSE,SEC_CONTRIBUTORY_CAUSE,INJURIES_FATAL,INJURIES_INCAPACITATING,INJURIES_NON_INCAPACITATING,INJURIES_TOTAL,CRASH_HOUR,CRASH_DAY_OF_WEEK,CRASH_MONTH,BEAT_OF_OCCURRENCE,STREET_NAME,LATITUDE,LONGITUDE,DATE_POLICE_NOTIFIED,year
CR00019260,10/14/2018 08:01:00 AM,35,CLEAR,DAYLIGHT,REAR END,NOT DIVIDED,TRAFFIC SIGNAL,WEATHER,DRIVING SKILLS/KNOWLEDGE/EXPERIENCE,0,0,0,0,8,1,10,2074,WESTERN AVE,41.823768,-87.518931,10/14/2018 09:39:00 AM,2018
CR00019261,01/07/2024 01:31:00 PM,40,RAIN,DAYLIGHT,ANGLE,DIVIDED - W/MEDIAN BARRIER,STOP SIGN/FLASHER,FAILING TO YIELD RIGHT-OF-WAY,IMPROPER OVERTAKING/PASSING,0,0,0,0,13,1,1,606,LAKE SHORE DR,41.824663,-87.635074,01/07/2024 03:13:00 PM,2024
CR00019262,08/02/2021 03:21:00 PM,40,CLEAR,DAYLIGHT,SIDESWIPE SAME DIRECTION,FOUR WAY,STOP SIGN/FLASHER,DISTRACTION - FROM INSIDE VEHICLE,WEATHER,0,0,2,2,15,2,8,1153,79TH ST,41.79318,-87.753662,08/02/2021 05:04:00 PM,2021
CR00019263,09/02/2021 04:16:00 AM,45,CLEAR,DAYLIGHT,SIDESWIPE SAME DIRECTION,DIVIDED - W/MEDIAN (NOT RAISED),NO CONTROLS,UNABLE TO DETERMINE,IMPROPER LANE USAGE,0,0,0,0,4,5,9,773,63RD ST,41.702063,-87.502184,09/02/2021 04:38:00 AM,2021
CR00019264,06/12/2018 03:30:00 PM,45,CLEAR,DARKNESS - LIGHTED ROAD,TURNING,NOT DIVIDED,STOP SIGN/FLASHER,FAILING TO YIELD RIGHT-OF-WAY,NOT APPLICABLE,0,0,0,0,15,3,6,121,47TH ST,41.712649,-87.766223,06/12/2018 04:59:00 PM,2018
CR00019265,11/11/2015 06:23:00 PM,40,CLEAR,DAYLIGHT,FIXED OBJECT,FOUR WAY,NO CONTROLS,FOLLOWING TOO CLOSELY,FAILING TO YIELD RIGHT-OF-WAY,0,0,1,1,18,4,11,948,CALIFORNIA AVE,41.90794,-87.572342,11/11/2015 06:25:00 PM,2015
CR00019266,12/20/2023 04:28:00 PM,35,CLEAR,DAYLIGHT,REAR TO FRONT,NOT DIVIDED,NO CONTROLS,UNABLE TO DETERMINE,FAILING TO YIELD RIGHT-OF-WAY,0,0,1,1,16,4,12,1290,BROADWAY,41.718571,-87.555861,12/20/2023 06:06:00 PM,2023
CR00019267,02/16/2015 11:07:00 AM,15,CLEAR,DAYLIGHT,SIDESWIPE SAME DIRECTION,NOT DIVIDED,NO CONTROLS,FOLLOWING TOO CLOSELY,IMPROPER LANE USAGE,0,0,0,0,11,2,2,576,CICERO AVE,41.947772,-87.640204,02/16/2015 12:40:00 PM,2015
CR00019268,07/30/2021 08:40:00 PM,15,RAIN,DAYLIGHT,TURNING,NOT DIVIDED,NO CONTROLS,DISREGARDING TRAFFIC SIGNALS,FAILING TO YIELD RIGHT-OF-WAY,0,0,1,1,20,6,7,1068,PULASKI RD,41.980366,-87.657122,07/30/2021 09:29:00 PM,2021
CR00019269,07/20/2015 03:08:00 PM,45,CLEAR,DAYLIGHT,SIDESWIPE SAME DIRECTION,NOT DIVIDED,NO CONTROLS,FOLLOWING TOO CLOSELY,NOT APPLICABLE,0,0,1,1,15,2,7,2328,ARCHER AVE,41.874564,-87.788134,07/20/2015 03:21:00 PM,2015
CR00019270,03/26/2015 01:45:00 PM,15,CLEAR,DAYLIGHT,REAR END,DIVIDED - W/MEDIAN (NOT RAISED),NO CONTROLS,FOLLOWING TOO CLOSELY,DRIVING SKILLS/KNOWLEDGE/EXPERIENCE,0,0,0,0,13,5,3,135,FULLERTON AVE,41.800652,-87.723077,03/26/2015 03:43:00 PM,2015
CR00019271,08/31/2020 03:39:00 PM,35,RAIN,DAYLIGHT,ANGLE,NOT DIVIDED,TRAFFIC SIGNAL,UNABLE TO DETERMINE,NOT APPLICABLE,0,0,0,0,15,2,8,2261,BROADWAY,41.958661,-87.841339,08/31/2020 04:43:00 PM,2020
CR00019272,04/26/2015 05:42:00 PM,30,CLOUDY/OVERCAST,DAYLIGHT,TURNING,ONE-WAY,NO CONTROLS,IMPROPER OVERTAKING/PASSING,UNABLE TO DETERMINE,0,0,0,0,17,1,4,1387,ARCHER AVE,41.784124,-87.506823,04/26/2015 05:45:00 PM,2015
CR00019273,02/26/2020 06:18:00 PM,30,CLEAR,DAYLIGHT,TURNING,DIVIDED - W/MEDIAN (NOT RAISED),NO CONTROLS,DISTRACTION - FROM INSIDE VEHICLE,FOLLOWING TOO CLOSELY,0,0,0,0,18,4,2,404,DAMEN AVE,41.934037,-87.74215,02/26/2020 07:29:00 PM,2020
CR00019274,04/12/2022 04:15:00 PM,25,CLEAR,DAYLIGHT,REAR END,NOT DIVIDED,TRAFFIC SIGNAL,UNABLE TO DETERMINE,UNABLE TO DETERMINE,0,0,0,0,16,3,4,286,ASHLAND AVE,41.964609,-87.528305,04/12/2022 04:21:00 PM,2022
CR00019275,12/18/2016 10:39:00 AM,40,CLOUDY/OVERCAST,DAYLIGHT,ANGLE,T-INTERSECTION,TRAFFIC SIGNAL,UNABLE TO DETERMINE,UNABLE TO DETERMINE,0,0,1,1,10,1,12,1529,STONY ISLAND AVE,41.792809,-87.582357,12/18/2016 11:11:00 AM,2016
CR00019276,05/11/2022 06:26:00 PM,20,CLEAR,DARKNESS - LIGHTED ROAD,TURNING,NOT DIVIDED,NO CONTROLS,FOLLOWING TOO CLOSELY,UNABLE TO DETERMINE,0,0,0,0,18,4,5,746,HALSTED ST,41.723271,-87.604902,05/11/2022 07:00:00 PM,2022
CR00019277,01/28/2018 06:12:00 PM,20,FREEZING RAIN/DRIZZLE,DARKNESS - LIGHTED ROAD,ANGLE,DIVIDED - W/MEDIAN (NOT RAISED),TRAFFIC SIGNAL,FAILING TO REDUCE SPEED,WEATHER,0,0,0,0,18,1,1,1939,OGDEN AVE,41.750002,-87.82317,01/28/2018 08:09:00 PM,2018
CR00019278,11/26/2022 04:52:00 PM,30,CLEAR,DAYLIGHT,FIXED OBJECT,FOUR WAY,STOP SIGN/FLASHER,UNABLE TO DETERMINE,UNABLE TO DETERMINE,0,0,0,0,16,7,11,1996,DAMEN AVE,41.775705,-87.682157,11/26/2022 05:59:00 PM,2022
CR00019279,05/16/2024 08:31:00 PM,40,RAIN,DAYLIGHT,PARKED MOTOR VEHICLE,NOT DIVIDED,TRAFFIC SIGNAL,WEATHER,NOT APPLICABLE,0,0,0,0,20,5,5,1462,OGDEN AVE,41.878381,-87.694205,05/16/2024 10:19:00 PM,2024
CR00019280,08/09/2015 10:03:00 PM,30,CLEAR,DARKNESS - LIGHTED ROAD,SIDESWIPE SAME DIRECTION,DIVIDED - W/MEDIAN BARRIER,TRAFFIC SIGNAL,IMPROPER LANE USAGE,DISTRACTION - FROM INSIDE VEHICLE,0,0,0,0,22,1,8,918,OGDEN AVE,41.946749,-87.606327,08/09/2015 11:43:00 PM,2015
CR00019281,11/07/2019 10:32:00 AM,25,RAIN,DARKNESS - LIGHTED ROAD,SIDESWIPE SAME DIRECTION,T-INTERSECTION,TRAFFIC SIGNAL,UNABLE TO DETERMINE,FAILING TO YIELD RIGHT-OF-WAY,0,0,0,0,10,5,11,651,STONY ISLAND AVE,41.725778,-87.659554,11/07/2019 10:44:00 AM,2019
CR00019282,01/20/2022 07:59:00 AM,30,CLEAR,DARKNESS - LIGHTED ROAD,PARKED MOTOR VEHICLE,ONE-WAY,TRAFFIC SIGNAL,FAILING TO YIELD RIGHT-OF-WAY,WEATHER,0,0,0,0,7,5,1,1175,FULLERTON AVE,41.998562,-87.760044,01/20/2022 09:05:00 AM,2022
CR00019283,08/26/2021 05:49:00 AM,25,CLEAR,DARKNESS - LIGHTED ROAD,REAR END,DIVIDED - W/MEDIAN BARRIER,NO CONTROLS,IMPROPER OVERTAKING/PASSING,FOLLOWING TOO CLOSELY,0,0,0,0,5,5,8,2079,MILWAUKEE AVE,41.936755,-87.649553,08/26/2021 07:08:00 AM,2021
CR00019284,01/16/2020 03:29:00 PM,45,CLEAR,DAYLIGHT,SIDESWIPE SAME DIRECTION,ONE-WAY,TRAFFIC SIGNAL,FAILING TO YIELD RIGHT-OF-WAY,UNABLE TO DETERMINE,0,0,0,0,15,5,1,2399,KEDZIE AVE,41.736682,-87.764766,01/16/2020 04:09:00 PM,2020
CR00019285,10/09/2024 08:43:00 AM,30,CLEAR,DAYLIGHT,SIDESWIPE SAME DIRECTION,DIVIDED - W/MEDIAN BARRIER,STOP SIGN/FLASHER,FAILING TO YIELD RIGHT-OF-WAY,DRIVING SKILLS/KNOWLEDGE/EXPERIENCE,0,0,0,0,8,4,10,1996,LAKE SHORE DR,41.825537,-87.644542,10/09/2024 09:25:00 AM,2024
CR00019286,03/21/2019 01:59:00 PM,40,CLEAR,DAYLIGHT,ANGLE,NOT DIVIDED,NO CONTROLS,FAILING TO YIELD RIGHT-OF-WAY,IMPROPER OVERTAKING/PASSING,0,0,0,0,13,5,3,1881,FULLERTON AVE,41.942606,-87.566537,03/21/2019 03:41:00 PM,2019
CR00019287,05/20/2017 07:55:00 AM,30,CLEAR,DARKNESS,TURNING,T-INTERSECTION,NO CONTROLS,FAILING TO REDUCE SPEED,UNABLE TO DETERMINE,0,1,0,1,7,7,5,426,IRVING PARK RD,41.732177,-87.736741,05/20/2017 09:39:00 AM,2017
CR00019288,08/03/2020 03:02:00 PM,30,CLEAR,DAYLIGHT,REAR END,DIVIDED - W/MEDIAN BARRIER,TRAFFIC SIGNAL,UNABLE TO DETERMINE,UNABLE TO DETERMINE,0,0,0,0,15,2,8,2047,ARCHER AVE,41.795296,-87.651104,08/03/2020 04:44:00 PM,2020
CR00019289,01/31/2017 03:53:00 PM,20,CLEAR,DAYLIGHT,ANGLE,ONE-WAY,STOP SIGN/FLASHER,IMPROPER LANE USAGE,FOLLOWING TOO CLOSELY,0,0,0,0,15,3,1,1413,LAKE SHORE DR,41.872075,-87.773065,01/31/2017 04:04:00 PM,2017
CR00019290,04/25/2017 11:01:00 PM,30,FOG/SMOKE/HAZE,DAYLIGHT,TURNING,DIVIDED - W/MEDIAN (NOT RAISED),NO CONTROLS,DRIVING SKILLS/KNOWLEDGE/EXPERIENCE,NOT APPLICABLE,0,1,0,1,23,3,4,786,WESTERN AVE,41.806075,-87.523056,04/25/2017 11:29:00 PM,2017
CR00019291,03/27/2023 05:08:00 PM,15,CLOUDY/OVERCAST,DARKNESS,FIXED OBJECT,ONE-WAY,STOP SIGN/FLASHER,UNABLE TO DETERMINE,UNABLE TO DETERMINE,0,0,1,1,17,2,3,1684,FULLERTON AVE,41.813344,-87.753866,03/27/2023 05:15:00 PM,2023
CR00019292,03/01/2017 08:47:00 PM,30,CLEAR,DAYLIGHT,REAR END,NOT DIVIDED,STOP SIGN/FLASHER,DISTRACTION - FROM INSIDE VEHICLE,DISTRACTION - FROM INSIDE VEHICLE,0,0,1,1,20,4,3,306,ROOSEVELT RD,41.819894,-87.691109,03/01/2017 09:58:00 PM,2017
CR00019293,07/22/2016 07:05:00 AM,35,CLEAR,DAYLIGHT,REAR TO FRONT,ONE-WAY,TRAFFIC SIGNAL,UNABLE TO DETERMINE,NOT APPLICABLE,0,0,0,0,7,6,7,149,OGDEN AVE,41.870806,-87.70741,07/22/2016 08:46:00 AM,2016
CR00019294,12/21/2018 06:47:00 PM,30,CLEAR,DARKNESS,ANGLE,DIVIDED - W/MEDIAN (NOT RAISED),NO CONTROLS,UNABLE TO DETERMINE,FOLLOWING TOO CLOSELY,0,0,0,0,18,6,12,1575,PULASKI RD,41.700638,-87.708094,12/21/2018 06:55:00 PM,2018
CR00019295,06/09/2016 04:28:00 AM,20,CLEAR,DAYLIGHT,ANGLE,DIVIDED - W/MEDIAN BARRIER,UNKNOWN,DISTRACTION - FROM INSIDE VEHICLE,IMPROPER LANE USAGE,0,0,0,0,4,5,6,2154,MILWAUKEE AVE,41.918308,-87.523038,06/09/2016 04:34:00 AM,2016
CR00019296,07/09/2018 02:16:00 AM,35,CLEAR,DARKNESS - LIGHTED ROAD,REAR END,NOT DIVIDED,NO CONTROLS,UNABLE TO DETERMINE,UNABLE TO DETERMINE,0,0,0,0,2,2,7,835,WESTERN AVE,41.805695,-87.73259,07/09/2018 03:21:00 AM,2018
CR00019297,06/08/2015 07:04:00 AM,20,FREEZING RAIN/DRIZZLE,DAYLIGHT,PEDESTRIAN,ONE-WAY,NO CONTROLS,UNABLE TO DETERMINE,UNABLE TO DETERMINE,0,0,1,1,7,2,6,1294,DIVISION ST,41.763044,-87.57749,06/08/2015 07:58:00 AM,2015
CR00019298,07/01/2021 06:31:00 PM,30,CLEAR,DARKNESS - LIGHTED ROAD,SIDESWIPE SAME DIRECTION,NOT DIVIDED,STOP SIGN/FLASHER,IMPROPER LANE USAGE,UNABLE TO DETERMINE,0,1,2,3,18,5,7,2069,KEDZIE AVE,41.949753,-87.754666,07/01/2021 07:21:00 PM,2021
CR00019299,10/06/2015 02:33:00 PM,45,CLEAR,DARKNESS - LIGHTED ROAD,TURNING,DIVIDED - W/MEDIAN (NOT RAISED),STOP SIGN/FLASHER,DISTRACTION - FROM INSIDE VEHICLE,WEATHER,0,0,1,1,14,3,10,2002,CLARK ST,41.941203,-87.735046,10/06/2015 04:08:00 PM,2015
CR00019300,02/20/2021 11:30:00 AM,25,CLEAR,DARKNESS - LIGHTED ROAD,REAR END,DIVIDED - W/MEDIAN BARRIER,TRAFFIC SIGNAL,DRIVING SKILLS/KNOWLEDGE/EXPERIENCE,IMPROPER OVERTAKING/PASSING,0,0,1,1,11,7,2,564,FULLERTON AVE,41.705001,-87.842199,02/20/2021 11:43:00 AM,2021
CR00019301,01/04/2017 07:37:00 AM,35,CLEAR,DARKNESS - LIGHTED ROAD,REAR END,NOT DIVIDED,NO CONTROLS,UNABLE TO DETERMINE,IMPROPER OVERTAKING/PASSING,0,0,0,0,7,4,1,2314,47TH ST,41.997671,-87.734,01/04/2017 08:46:00 AM,2017
CR00019302,05/04/2024 04:25:00 PM,35,RAIN,DARKNESS - LIGHTED ROAD,TURNING,ONE-WAY,NO CONTROLS,FAILING TO REDUCE SPEED,IMPROPER OVERTAKING/PASSING,0,0,0,0,16,7,5,100,BROADWAY,41.708906,-87.710975,05/04/2024 04:31:00 PM,2024
CR00019303,03/15/2015 12:02:00 AM,45,CLEAR,DAYLIGHT,ANGLE,NOT DIVIDED,NO CONTROLS,IMPROPER OVERTAKING/PASSING,FAILING TO REDUCE SPEED,0,0,0,0,0,1,3,857,DAMEN AVE,41.782807,-87.570902,03/15/2015 12:20:00 AM,2015
CR00019304,03/18/2015 06:29:00 PM,25,CLEAR,DARKNESS,ANGLE,DIVIDED - W/MEDIAN (NOT RAISED),STOP SIGN/FLASHER,FAILING TO YIELD RIGHT-OF-WAY,FOLLOWING TOO CLOSELY,0,0,0,0,18,4,3,549,ROOSEVELT RD,41.786189,-87.503855,03/18/2015 08:09:00 PM,2015
CR00019305,09/24/2016 08:42:00 AM,30,RAIN,DAYLIGHT,REAR END,ONE-WAY,NO CONTROLS,UNABLE TO DETERMINE,UNABLE TO DETERMINE,0,0,1,1,8,7,9,1092,FULLERTON AVE,41.860459,-87.762653,09/24/2016 09:44:00 AM,2016
CR00019306,07/22/2015 08:34:00 AM,15,CLEAR,DUSK,REAR END,DIVIDED - W/MEDIAN BARRIER,TRAFFIC SIGNAL,FOLLOWING TOO CLOSELY,IMPROPER LANE USAGE,0,0,0,0,8,4,7,544,ARCHER AVE,41.92916,-87.625923,07/22/2015 09:59:00 AM,2015
CR00019307,08/26/2024 02:48:00 PM,30,CLEAR,DAYLIGHT,REAR END,ONE-WAY,TRAFFIC SIGNAL,IMPROPER OVERTAKING/PASSING,IMPROPER LANE USAGE,0,0,0,0,14,2,8,2449,BROADWAY,41.984948,-87.709617,08/26/2024 04:48:00 PM,2024
CR00019308,03/25/2024 09:49:00 PM,35,RAIN,DAYLIGHT,ANGLE,NOT DIVIDED,STOP SIGN/FLASHER,UNABLE TO DETERMINE,DISTRACTION - FROM INSIDE VEHICLE,0,0,1,1,21,2,3,893,MICHIGAN AVE,41.983025,-87.579179,03/25/2024 10:29:00 PM,2024
CR00019309,05/11/2016 06:18:00 PM,40,CLEAR,DAYLIGHT,SIDESWIPE SAME DIRECTION,T-INTERSECTION,UNKNOWN,DRIVING SKILLS/KNOWLEDGE/EXPERIENCE,FOLLOWING TOO CLOSELY,0,0,0,0,18,4,5,1605,63RD ST,41.972251,-87.548228,05/11/2016 06:40:00 PM,2016
CR00019310,04/25/2019 09:04:00 AM,30,CLEAR,DAYLIGHT,FIXED OBJECT,ONE-WAY,NO CONTROLS,IMPROPER LANE USAGE,UNABLE TO DETERMINE,0,0,1,1,9,5,4,1866,KEDZIE AVE,41.800605,-87.747139,04/25/2019 10:59:00 AM,2019
CR00019311,06/10/2020 06:42:00 PM,30,CLEAR,DAYLIGHT,SIDESWIPE SAME DIRECTION,NOT DIVIDED,TRAFFIC SIGNAL,UNABLE TO DETERMINE,UNABLE TO DETERMINE,0,0,0,0,18,4,6,186,47TH ST,41.764013,-87.506599,06/10/2020 07:08:00 PM,2020
CR00019312,05/02/2020 09:05:00 AM,20,CLEAR,DARKNESS - LIGHTED ROAD,REAR TO FRONT,NOT DIVIDED,NO CONTROLS,FAILING TO REDUCE SPEED,UNABLE TO DETERMINE,0,0,1,1,9,7,5,1230,BROADWAY,41.700327,-87.578992,05/02/2020 09:46:00 AM,2020
CR00019313,01/28/2020 06:32:00 PM,40,CLEAR,DARKNESS - LIGHTED ROAD,REAR END,FOUR WAY,NO CONTROLS,FAILING TO REDUCE SPEED,FOLLOWING TOO CLOSELY,0,0,0,0,18,3,1,891,CLARK ST,41.953472,-87.749263,01/28/2020 06:42:00 PM,2020
CR00019314,03/30/2023 03:58:00 PM,45,SNOW,DARKNESS - LIGHTED ROAD,PARKED MOTOR VEHICLE,DIVIDED - W/MEDIAN (NOT RAISED),NO CONTROLS,FAILING TO YIELD RIGHT-OF-WAY,UNABLE TO DETERMINE,0,0,0,0,15,5,3,1681,CLARK ST,41.852041,-87.610632,03/30/2023 05:52:00 PM,2023
CR00019315,01/07/2020 08:30:00 AM,20,RAIN,DUSK,REAR END,NOT DIVIDED,NO CONTROLS,FOLLOWING TOO CLOSELY,FAILING TO YIELD RIGHT-OF-WAY,0,0,0,0,8,3,1,2193,PULASKI RD,41.835115,-87.835135,01/07/2020 08:38:00 AM,2020
CR00019316,05/29/2015 05:52:00 AM,25,RAIN,DAYLIGHT,PEDESTRIAN,FOUR WAY,STOP SIGN/FLASHER,UNABLE TO DETERMINE,IMPROPER OVERTAKING/PASSING,0,0,0,0,5,6,5,1090,WESTERN AVE,41.82093,-87.511081,05/29/2015 05:59:00 AM,2015
CR00019317,01/19/2015 04:00:00 PM,45,CLOUDY/OVERCAST,DAYLIGHT,ANGLE,DIVIDED - W/MEDIAN (NOT RAISED),NO CONTROLS,FAILING TO REDUCE SPEED,FAILING TO YIELD RIGHT-OF-WAY,0,0,0,0,16,2,1,1701,PULASKI RD,41.823029,-87.704872,01/19/2015 05:06:00 PM,2015
CR00019318,02/09/2021 04:31:00 AM,30,CLEAR,DAYLIGHT,FIXED OBJECT,NOT DIVIDED,TRAFFIC SIGNAL,DRIVING SKILLS/KNOWLEDGE/EXPERIENCE,IMPROPER LANE USAGE,0,0,0,0,4,3,2,1352,63RD ST,41.792235,-87.526279,02/09/2021 05:19:00 AM,2021
CR00019319,12/22/2024 02:05:00 AM,30,FREEZING RAIN/DRIZZLE,DARKNESS - LIGHTED ROAD,TURNING,FOUR WAY,NO CONTROLS,DISREGARDING TRAFFIC SIGNALS,FOLLOWING TOO CLOSELY,0,0,0,0,2,1,12,2066,CALIFORNIA AVE,41.840572,-87.513259,12/22/2024 03:35:00 AM,2024
CR00019320,08/26/2021 10:25:00 PM,35,CLEAR,DUSK,REAR END,FOUR WAY,NO CONTROLS,UNABLE TO DETERMINE,NOT APPLICABLE,0,0,0,0,22,5,8,2073,OGDEN AVE,41.933007,-87.735634,08/26/2021 11:02:00 PM,2021
CR00019321,11/21/2023 05:37:00 PM,30,CLEAR,DARKNESS - LIGHTED ROAD,TURNING,FOUR WAY,NO CONTROLS,FOLLOWING TOO CLOSELY,FAILING TO REDUCE SPEED,0,0,0,0,17,3,11,230,LAKE SHORE DR,41.824168,-87.534502,11/21/2023 05:45:00 PM,2023
CR00019322,05/15/2021 09:16:00 AM,30,CLEAR,DAYLIGHT,PEDESTRIAN,DIVIDED - W/MEDIAN (NOT RAISED),STOP SIGN/FLASHER,DISTRACTION - FROM INSIDE VEHICLE,FOLLOWING TOO CLOSELY,0,0,0,0,9,7,5,533,ASHLAND AVE,41.730724,-87.761058,05/15/2021 09:18:00 AM,2021
CR00019323,03/12/2022 03:15:00 PM,35,CLEAR,DARKNESS - LIGHTED ROAD,REAR END,DIVIDED - W/MEDIAN (NOT RAISED),TRAFFIC SIGNAL,DISTRACTION - FROM INSIDE VEHICLE,IMPROPER LANE USAGE,0,0,0,0,15,7,3,274,CLARK ST,41.751688,-87.595883,03/12/2022 04:15:00 PM,2022
CR00019324,03/19/2015 12:30:00 AM,30,CLEAR,DAYLIGHT,REAR END,ONE-WAY,TRAFFIC SIGNAL,DISTRACTION - FROM INSIDE VEHICLE,FOLLOWING TOO CLOSELY,0,0,1,1,0,5,3,1940,DAMEN AVE,41.914333,-87.594484,03/19/2015 01:04:00 AM,2015
CR00019325,07/04/2015 06:22:00 PM,40,CLEAR,DAYLIGHT,REAR END,T-INTERSECTION,TRAFFIC SIGNAL,IMPROPER OVERTAKING/PASSING,DISREGARDING TRAFFIC SIGNALS,0,0,2,2,18,7,7,725,CALIFORNIA AVE,41.720968,-87.610692,07/04/2015 08:10:00 PM,2015
CR00019326,01/02/2023 08:27:00 AM,30,CLEAR,DAYLIGHT,TURNING,DIVIDED - W/MEDIAN (NOT RAISED),TRAFFIC SIGNAL,DISREGARDING TRAFFIC SIGNALS,WEATHER,0,1,2,3,8,2,1,1396,STONY ISLAND AVE,41.744017,-87.771022,01/02/2023 10:20:00 AM,2023
CR00019327,05/24/2024 07:21:00 PM,30,CLEAR,DARKNESS - LIGHTED ROAD,REAR END,DIVIDED - W/MEDIAN (NOT RAISED),NO CONTROLS,UNABLE TO DETERMINE,FAILING TO REDUCE SPEED,0,0,0,0,19,6,5,2038,OGDEN AVE,41.755991,-87.795678,05/24/2024 07:23:00 PM,2024
CR00019328,12/13/2024 07:38:00 AM,15,CLEAR,DAYLIGHT,REAR END,FOUR WAY,STOP SIGN/FLASHER,DISREGARDING TRAFFIC SIGNALS,DISTRACTION - FROM INSIDE VEHICLE,0,0,0,0,7,6,12,1825,BROADWAY,41.7734,-87.712159,12/13/2024 09:12:00 AM,2024
CR00019329,03/28/2017 02:58:00 PM,30,CLEAR,DAYLIGHT,ANGLE,NOT DIVIDED,TRAFFIC SIGNAL,UNABLE TO DETERMINE,NOT APPLICABLE,0,0,0,0,14,3,3,696,CLARK ST,41.978667,-87.698637,03/28/2017 03:56:00 PM,2017
CR00019330,09/29/2017 03:03:00 AM,25,FOG/SMOKE/HAZE,DUSK,FIXED OBJECT,NOT DIVIDED,STOP SIGN/FLASHER,UNABLE TO DETERMINE,IMPROPER LANE USAGE,0,0,0,0,3,6,9,300,ASHLAND AVE,41.775075,-87.626091,09/29/2017 04:32:00 AM,2017
CR00019331,07/16/2022 07:52:00 AM,20,CLEAR,DAYLIGHT,SIDESWIPE SAME DIRECTION,NOT DIVIDED,TRAFFIC SIGNAL,FOLLOWING TOO CLOSELY,FOLLOWING TOO CLOSELY,0,0,0,0,7,7,7,1425,IRVING PARK RD,41.915271,-87.510167,07/16/2022 09:05:00 AM,2022
CR00019332,04/09/2017 08:35:00 AM,25,CLEAR,DAYLIGHT,ANGLE,T-INTERSECTION,STOP SIGN/FLASHER,IMPROPER LANE USAGE,UNABLE TO DETERMINE,0,0,0,0,8,1,4,2105,KEDZIE AVE,41.824075,-87.723991,04/09/2017 10:26:00 AM,2017
CR00019333,06/18/2022 08:49:00 PM,15,CLEAR,DARKNESS - LIGHTED ROAD,FIXED OBJECT,ONE-WAY,STOP SIGN/FLASHER,DRIVING SKILLS/KNOWLEDGE/EXPERIENCE,UNABLE TO DETERMINE,0,1,1,2,20,7,6,1456,DIVISION ST,41.887683,-87.620336,06/18/2022 09:19:00 PM,2022
CR00019334,07/23/2024 08:21:00 AM,45,CLEAR,DAYLIGHT,REAR END,ONE-WAY,NO CONTROLS,DISTRACTION - FROM INSIDE VEHICLE,FAILING TO YIELD RIGHT-OF-WAY,0,0,0,0,8,3,7,2008,WESTERN AVE,41.933437,-87.840969,07/23/2024 09:48:00 AM,2024
CR00019335,09/08/2024 04:20:00 AM,15,CLEAR,DAYLIGHT,PEDESTRIAN,ONE-WAY,TRAFFIC SIGNAL,UNABLE TO DETERMINE,NOT APPLICABLE,0,0,1,1,4,1,9,683,DAMEN AVE,41.871321,-87.7361,09/08/2024 05:25:00 AM,2024
CR00019336,04/28/2019 02:32:00 AM,30,CLEAR,DAYLIGHT,SIDESWIPE SAME DIRECTION,NOT DIVIDED,TRAFFIC SIGNAL,FOLLOWING TOO CLOSELY,UNABLE TO DETERMINE,0,0,0,0,2,1,4,2080,ASHLAND AVE,41.955927,-87.757182,04/28/2019 03:58:00 AM,2019
CR00019337,08/19/2019 02:50:00 PM,30,CLEAR,DARKNESS - LIGHTED ROAD,SIDESWIPE SAME DIRECTION,NOT DIVIDED,STOP SIGN/FLASHER,UNABLE TO DETERMINE,FAILING TO YIELD RIGHT-OF-WAY,0,1,1,2,14,2,8,2051,ROOSEVELT RD,41.739963,-87.506508,08/19/2019 03:07:00 PM,2019
CR00019338,03/20/2022 07:39:00 PM,20,CLEAR,DAYLIGHT,TURNING,ONE-WAY,NO CONTROLS,IMPROPER OVERTAKING/PASSING,NOT APPLICABLE,0,0,0,0,19,1,3,2114,STATE ST,41.962109,-87.661428,03/20/2022 09:26:00 PM,2022
CR00019339,03/26/2020 01:00:00 PM,30,CLEAR,DAYLIGHT,REAR END,NOT DIVIDED,TRAFFIC SIGNAL,UNABLE TO DETERMINE,IMPROPER LANE USAGE,0,0,0,0,13,5,3,817,HALSTED ST,41.819694,-87.774009,03/26/2020 01:44:00 PM,2020
CR00019340,10/02/2023 09:32:00 PM,30,CLEAR,DAYLIGHT,ANGLE,ONE-WAY,UNKNOWN,UNABLE TO DETERMINE,UNABLE TO DETERMINE,0,0,0,0,21,2,10,782,WESTERN AVE,41.860637,-87.792026,10/02/2023 11:19:00 PM,2023
CR00019341,06/23/2022 07:30:00 AM,35,CLEAR,DAYLIGHT,REAR END,ONE-WAY,TRAFFIC SIGNAL,UNABLE TO DETERMINE,DRIVING SKILLS/KNOWLEDGE/EXPERIENCE,0,0,0,0,7,5,6,1716,DAMEN AVE,41.84148,-87.664698,06/23/2022 09:14:00 AM,2022