CRASH_RECORD_ID,CRASH_DATE,POSTED_SPEED_LIMIT,WEATHER_CONDITION,LIGHTING_CONDITION,FIRST_CRASH_TYPE,TRAFFICWAY_TYPE,TRAFFIC_CONTROL_DEVICE,PRIM_CONTRIBUTORY_CAUSE,SEC_CONTRIBUTORY_CAUSE,INJURIES_FATAL,INJURIES_INCAPACITATING,INJURIES_NON_INCAPACITATING,INJURIES_TOTAL,CRASH_HOUR,CRASH_DAY_OF_WEEK,CRASH_MONTH,BEAT_OF_OCCURRENCE,STREET_NAME,LATITUDE,LONGITUDE,DATE_POLICE_NOTIFIED,year
CR00019342,11/04/2016 06:17:00 PM,30,RAIN,DARKNESS - LIGHTED ROAD,REAR TO FRONT,DIVIDED - W/MEDIAN (NOT RAISED),NO CONTROLS,UNABLE TO DETERMINE,FAILING TO YIELD RIGHT-OF-WAY,0,0,0,0,18,6,11,845,DAMEN AVE,41.962496,-87.799657,11/04/2016 07:09:00 PM,2016
CR00019343,01/28/2023 07:16:00 PM,40,CLEAR,DAYLIGHT,TURNING,NOT DIVIDED,NO CONTROLS,FAILING TO YIELD RIGHT-OF-WAY,UNABLE TO DETERMINE,0,1,2,3,19,7,1,1873,IRVING PARK RD,41.712289,-87.705801,01/28/2023 08:51:00 PM,2023
CR00019344,06/13/2018 06:53:00 PM,30,CLEAR,DAYLIGHT,PARKED MOTOR VEHICLE,NOT DIVIDED,TRAFFIC SIGNAL,IMPROPER LANE USAGE,IMPROPER OVERTAKING/PASSING,0,0,0,0,18,4,6,215,BROADWAY,41.953619,-87.528341,06/13/2018 08:24:00 PM,2018
CR00019345,08/11/2017 07:31:00 AM,35,CLEAR,DAYLIGHT,REAR TO FRONT,DIVIDED - W/MEDIAN (NOT RAISED),TRAFFIC SIGNAL,FAILING TO REDUCE SPEED,FAILING TO YIELD RIGHT-OF-WAY,0,0,0,0,7,6,8,366,PULASKI RD,41.993256,-87.71762,08/11/2017 08:25:00 AM,2017
CR00019346,03/23/2021 06:15:00 PM,35,CLEAR,DARKNESS - LIGHTED ROAD,REAR END,DIVIDED - W/MEDIAN (NOT RAISED),STOP SIGN/FLASHER,FOLLOWING TOO CLOSELY,UNABLE TO DETERMINE,0,0,0,0,18,3,3,2027,KEDZIE AVE,41.763,-87.505118,03/23/2021 06:28:00 PM,2021
CR00019347,04/05/2020 05:38:00 PM,15,SNOW,DUSK,TURNING,ONE-WAY,TRAFFIC SIGNAL,DRIVING SKILLS/KNOWLEDGE/EXPERIENCE,DISREGARDING TRAFFIC SIGNALS,0,0,0,0,17,1,4,168,47TH ST,41.937367,-87.510719,04/05/2020 06:43:00 PM,2020
CR00019348,07/09/2021 12:12:00 AM,40,RAIN,DARKNESS,REAR END,NOT DIVIDED,STOP SIGN/FLASHER,IMPROPER LANE USAGE,DRIVING SKILLS/KNOWLEDGE/EXPERIENCE,0,0,0,0,0,6,7,2116,79TH ST,41.765321,-87.603586,07/09/2021 12:30:00 AM,2021
CR00019349,07/25/2023 10:51:00 AM,30,FREEZING RAIN/DRIZZLE,DUSK,SIDESWIPE SAME DIRECTION,NOT DIVIDED,UNKNOWN,FAILING TO YIELD RIGHT-OF-WAY,IMPROPER OVERTAKING/PASSING,0,0,1,1,10,3,7,2252,CLARK ST,41.880351,-87.519394,07/25/2023 12:04:00 PM,2023
CR00019350,01/14/2024 08:22:00 PM,30,CLEAR,DARKNESS - LIGHTED ROAD,REAR END,ONE-WAY,TRAFFIC SIGNAL,DISREGARDING TRAFFIC SIGNALS,UNABLE TO DETERMINE,0,0,0,0,20,1,1,1609,79TH ST,41.95482,-87.550492,01/14/2024 10:01:00 PM,2024
CR00019351,11/10/2024 04:04:00 PM,25,CLEAR,DARKNESS - LIGHTED ROAD,REAR END,DIVIDED - W/MEDIAN (NOT RAISED),NO CONTROLS,UNABLE TO DETERMINE,UNABLE TO DETERMINE,0,0,2,2,16,1,11,2165,MICHIGAN AVE,41.894795,-87.576524,11/10/2024 05:03:00 PM,2024
CR00019352,05/05/2019 07:55:00 PM,45,CLEAR,DARKNESS,FIXED OBJECT,FOUR WAY,STOP SIGN/FLASHER,UNABLE TO DETERMINE,FOLLOWING TOO CLOSELY,0,0,3,3,19,1,5,2034,STATE ST,41.925955,-87.736485,05/05/2019 08:00:00 PM,2019
CR00019353,01/18/2017 07:32:00 PM,30,SNOW,DAYLIGHT,PARKED MOTOR VEHICLE,DIVIDED - W/MEDIAN (NOT RAISED),UNKNOWN,UNABLE TO DETERMINE,DRIVING SKILLS/KNOWLEDGE/EXPERIENCE,0,0,0,0,19,4,1,2474,OGDEN AVE,41.804844,-87.83044,01/18/2017 08:57:00 PM,2017
CR00019354,05/21/2021 07:22:00 AM,15,RAIN,DAYLIGHT,ANGLE,DIVIDED - W/MEDIAN (NOT RAISED),NO CONTROLS,FOLLOWING TOO CLOSELY,FOLLOWING TOO CLOSELY,0,0,0,0,7,6,5,1031,47TH ST,41.782684,-87.787493,05/21/2021 08:54:00 AM,2021
CR00019355,09/04/2017 12:46:00 PM,20,CLEAR,DAYLIGHT,REAR END,DIVIDED - W/MEDIAN BARRIER,NO CONTROLS,UNABLE TO DETERMINE,FAILING TO REDUCE SPEED,0,0,0,0,12,2,9,311,DAMEN AVE,41.898065,-87.716592,09/04/2017 02:41:00 PM,2017
CR00019356,06/24/2021 06:00:00 PM,15,RAIN,DAYLIGHT,REAR END,NOT DIVIDED,YIELD,IMPROPER LANE USAGE,FAILING TO YIELD RIGHT-OF-WAY,0,0,0,0,18,5,6,635,CLARK ST,41.930519,-87.604231,06/24/2021 06:35:00 PM,2021
CR00019357,08/10/2023 02:01:00 PM,25,CLEAR,DARKNESS - LIGHTED ROAD,ANGLE,DIVIDED - W/MEDIAN BARRIER,NO CONTROLS,DRIVING SKILLS/KNOWLEDGE/EXPERIENCE,FOLLOWING TOO CLOSELY,0,0,0,0,14,5,8,188,MILWAUKEE AVE,41.809679,-87.647251,08/10/2023 03:05:00 PM,2023
CR00019358,10/16/2022 07:08:00 AM,35,CLEAR,DAYLIGHT,TURNING,ONE-WAY,NO CONTROLS,UNABLE TO DETERMINE,NOT APPLICABLE,0,0,0,0,7,1,10,1316,ARCHER AVE,41.77744,-87.648151,10/16/2022 08:33:00 AM,2022
CR00019359,09/30/2022 07:11:00 PM,35,CLEAR,DAYLIGHT,FIXED OBJECT,NOT DIVIDED,YIELD,FOLLOWING TOO CLOSELY,NOT APPLICABLE,0,0,0,0,19,6,9,1078,WESTERN AVE,41.968641,-87.696525,09/30/2022 08:36:00 PM,2022
CR00019360,07/24/2019 07:16:00 PM,30,RAIN,DARKNESS - LIGHTED ROAD,PEDESTRIAN,DIVIDED - W/MEDIAN (NOT RAISED),TRAFFIC SIGNAL,UNABLE TO DETERMINE,UNABLE TO DETERMINE,0,0,0,0,19,4,7,478,KEDZIE AVE,41.745983,-87.672941,07/24/2019 08:33:00 PM,2019
CR00019361,11/14/2019 03:29:00 PM,35,CLEAR,DARKNESS - LIGHTED ROAD,REAR END,NOT DIVIDED,TRAFFIC SIGNAL,UNABLE TO DETERMINE,IMPROPER LANE USAGE,0,0,0,0,15,5,11,976,STONY ISLAND AVE,41.738293,-87.527267,11/14/2019 04:01:00 PM,2019
CR00019362,04/06/2019 04:36:00 PM,35,CLEAR,DAYLIGHT,PARKED MOTOR VEHICLE,NOT DIVIDED,STOP SIGN/FLASHER,FOLLOWING TOO CLOSELY,DRIVING SKILLS/KNOWLEDGE/EXPERIENCE,0,0,0,0,16,7,4,1867,CICERO AVE,41.738429,-87.578191,04/06/2019 06:32:00 PM,2019
CR00019363,06/17/2024 08:40:00 AM,20,RAIN,DAYLIGHT,TURNING,NOT DIVIDED,UNKNOWN,FOLLOWING TOO CLOSELY,FAILING TO YIELD RIGHT-OF-WAY,0,0,0,0,8,2,6,1474,47TH ST,41.926915,-87.803673,06/17/2024 08:57:00 AM,2024
CR00019364,07/16/2022 05:55:00 PM,25,CLEAR,DAYLIGHT,TURNING,NOT DIVIDED,STOP SIGN/FLASHER,UNABLE TO DETERMINE,FAILING TO YIELD RIGHT-OF-WAY,0,0,0,0,17,7,7,402,ASHLAND AVE,41.8356,-87.580671,07/16/2022 07:20:00 PM,2022
CR00019365,12/26/2016 09:15:00 PM,25,CLEAR,DARKNESS - LIGHTED ROAD,FIXED OBJECT,DIVIDED - W/MEDIAN (NOT RAISED),UNKNOWN,FAILING TO YIELD RIGHT-OF-WAY,DRIVING SKILLS/KNOWLEDGE/EXPERIENCE,0,0,0,0,21,2,12,1046,KEDZIE AVE,41.793946,-87.617413,12/26/2016 09:47:00 PM,2016
CR00019366,03/08/2021 10:16:00 AM,30,CLOUDY/OVERCAST,DAYLIGHT,REAR END,DIVIDED - W/MEDIAN (NOT RAISED),STOP SIGN/FLASHER,DRIVING SKILLS/KNOWLEDGE/EXPERIENCE,UNABLE TO DETERMINE,0,0,0,0,10,2,3,1673,MICHIGAN AVE,41.881367,-87.662347,03/08/2021 10:49:00 AM,2021
CR00019367,07/12/2016 09:58:00 PM,30,CLEAR,DAYLIGHT,TURNING,ONE-WAY,YIELD,FAILING TO YIELD RIGHT-OF-WAY,FAILING TO REDUCE SPEED,0,0,0,0,21,3,7,283,ROOSEVELT RD,41.738821,-87.822394,07/12/2016 11:06:00 PM,2016
CR00019368,08/16/2016 03:36:00 PM,30,CLEAR,DAYLIGHT,FIXED OBJECT,DIVIDED - W/MEDIAN (NOT RAISED),TRAFFIC SIGNAL,IMPROPER LANE USAGE,DISREGARDING TRAFFIC SIGNALS,0,0,0,0,15,3,8,2488,DIVISION ST,41.971266,-87.58321,08/16/2016 04:07:00 PM,2016
CR00019369,08/29/2020 04:58:00 PM,15,CLEAR,DAYLIGHT,FIXED OBJECT,NOT DIVIDED,TRAFFIC SIGNAL,FOLLOWING TOO CLOSELY,UNABLE TO DETERMINE,0,0,0,0,16,7,8,2234,47TH ST,41.952862,-87.559092,08/29/2020 06:40:00 PM,2020
CR00019370,09/30/2017 06:04:00 AM,35,CLEAR,DAYLIGHT,SIDESWIPE SAME DIRECTION,NOT DIVIDED,STOP SIGN/FLASHER,FAILING TO REDUCE SPEED,IMPROPER OVERTAKING/PASSING,0,0,3,3,6,7,9,499,MICHIGAN AVE,41.875562,-87.785756,09/30/2017 08:01:00 AM,2017
CR00019371,04/04/2024 08:11:00 AM,35,CLOUDY/OVERCAST,DAYLIGHT,TURNING,ONE-WAY,UNKNOWN,UNABLE TO DETERMINE,UNABLE TO DETERMINE,0,0,0,0,8,5,4,1062,ASHLAND AVE,41.944987,-87.849129,04/04/2024 09:14:00 AM,2024
CR00019372,05/09/2019 12:43:00 PM,30,CLEAR,DAYLIGHT,PARKED MOTOR VEHICLE,FOUR WAY,STOP SIGN/FLASHER,UNABLE TO DETERMINE,DISTRACTION - FROM INSIDE VEHICLE,0,0,2,2,12,5,5,2227,OGDEN AVE,41.733534,-87.81362,05/09/2019 12:58:00 PM,2019
CR00019373,03/01/2015 08:51:00 AM,20,RAIN,DARKNESS,REAR END,FOUR WAY,NO CONTROLS,IMPROPER OVERTAKING/PASSING,DISTRACTION - FROM INSIDE VEHICLE,0,0,0,0,8,1,3,1386,MILWAUKEE AVE,41.896761,-87.645228,03/01/2015 09:58:00 AM,2015
CR00019374,05/06/2015 07:15:00 AM,40,CLEAR,DAYLIGHT,SIDESWIPE SAME DIRECTION,ONE-WAY,UNKNOWN,UNABLE TO DETERMINE,UNABLE TO DETERMINE,0,0,0,0,7,4,5,2215,DAMEN AVE,41.840101,-87.767425,05/06/2015 08:17:00 AM,2015
CR00019375,01/02/2021 05:22:00 PM,25,FOG/SMOKE/HAZE,DARKNESS - LIGHTED ROAD,SIDESWIPE SAME DIRECTION,DIVIDED - W/MEDIAN BARRIER,STOP SIGN/FLASHER,FOLLOWING TOO CLOSELY,NOT APPLICABLE,0,0,1,1,17,7,1,2300,OGDEN AVE,41.77196,-87.645761,01/02/2021 06:25:00 PM,2021
CR00019376,04/08/2020 01:06:00 PM,45,CLEAR,DAYLIGHT,SIDESWIPE SAME DIRECTION,NOT DIVIDED,TRAFFIC SIGNAL,UNABLE TO DETERMINE,NOT APPLICABLE,0,0,0,0,13,4,4,241,BROADWAY,41.906701,-87.79893,04/08/2020 01:53:00 PM,2020
CR00019377,06/10/2017 02:58:00 PM,25,RAIN,DAYLIGHT,REAR END,DIVIDED - W/MEDIAN BARRIER,YIELD,FOLLOWING TOO CLOSELY,UNABLE TO DETERMINE,0,0,0,0,14,7,6,1696,WESTERN AVE,41.988914,-87.791076,06/10/2017 04:41:00 PM,2017
CR00019378,06/24/2023 11:10:00 AM,30,CLEAR,DARKNESS,REAR END,NOT DIVIDED,STOP SIGN/FLASHER,DRIVING SKILLS/KNOWLEDGE/EXPERIENCE,UNABLE TO DETERMINE,0,1,3,4,11,7,6,450,CICERO AVE,41.758533,-87.721848,06/24/2023 12:34:00 PM,2023
CR00019379,02/01/2018 01:22:00 AM,20,CLEAR,DAYLIGHT,ANGLE,FOUR WAY,UNKNOWN,UNABLE TO DETERMINE,DISTRACTION - FROM INSIDE VEHICLE,0,0,1,1,1,5,2,1569,CLARK ST,41.908953,-87.685143,02/01/2018 02:17:00 AM,2018
CR00019380,09/18/2017 05:58:00 PM,30,CLEAR,DAYLIGHT,REAR END,NOT DIVIDED,NO CONTROLS,UNABLE TO DETERMINE,NOT APPLICABLE,0,0,3,3,17,2,9,1302,PULASKI RD,41.828238,-87.843891,09/18/2017 07:49:00 PM,2017
CR00019381,10/19/2015 06:20:00 AM,30,CLEAR,DARKNESS - LIGHTED ROAD,FIXED OBJECT,NOT DIVIDED,TRAFFIC SIGNAL,FOLLOWING TOO CLOSELY,FAILING TO REDUCE SPEED,0,0,0,0,6,2,10,1345,MICHIGAN AVE,41.984172,-87.672013,10/19/2015 06:43:00 AM,2015
CR00019382,01/09/2019 05:52:00 PM,40,CLEAR,DAYLIGHT,REAR TO FRONT,ONE-WAY,NO CONTROLS,UNABLE TO DETERMINE,UNABLE TO DETERMINE,0,0,0,0,17,4,1,658,63RD ST,41.825917,-87.582174,01/09/2019 05:54:00 PM,2019
CR00019383,02/16/2019 03:37:00 PM,25,CLEAR,DAYLIGHT,SIDESWIPE SAME DIRECTION,NOT DIVIDED,PEDESTRIAN CROSSING SIGN,IMPROPER LANE USAGE,IMPROPER OVERTAKING/PASSING,0,0,0,0,15,7,2,1180,ROOSEVELT RD,41.743185,-87.759144,02/16/2019 04:40:00 PM,2019
CR00019384,10/24/2022 07:20:00 AM,30,RAIN,DAYLIGHT,ANGLE,ONE-WAY,NO CONTROLS,UNABLE TO DETERMINE,DRIVING SKILLS/KNOWLEDGE/EXPERIENCE,0,0,0,0,7,2,10,1074,MICHIGAN AVE,41.947991,-87.525012,10/24/2022 08:54:00 AM,2022
CR00019385,06/02/2017 12:07:00 PM,45,RAIN,DAYLIGHT,REAR END,ONE-WAY,NO CONTROLS,UNABLE TO DETERMINE,UNABLE TO DETERMINE,0,0,0,0,12,6,6,1847,ELSTON AVE,41.934158,-87.742044,06/02/2017 12:34:00 PM,2017
CR00019386,11/18/2018 09:25:00 AM,20,RAIN,DAYLIGHT,REAR END,ONE-WAY,TRAFFIC SIGNAL,DISTRACTION - FROM INSIDE VEHICLE,FOLLOWING TOO CLOSELY,0,0,0,0,9,1,11,1695,ASHLAND AVE,41.76251,-87.809479,11/18/2018 09:51:00 AM,2018
CR00019387,02/10/2017 04:50:00 PM,45,CLEAR,DUSK,REAR END,FOUR WAY,UNKNOWN,WEATHER,NOT APPLICABLE,0,0,1,1,16,6,2,1786,DAMEN AVE,41.92361,-87.659447,02/10/2017 06:24:00 PM,2017
CR00019388,01/06/2015 03:11:00 PM,30,CLEAR,DAYLIGHT,SIDESWIPE SAME DIRECTION,DIVIDED - W/MEDIAN (NOT RAISED),TRAFFIC SIGNAL,FOLLOWING TOO CLOSELY,FAILING TO YIELD RIGHT-OF-WAY,0,0,0,0,15,3,1,2493,ARCHER AVE,41.824758,-87.72496,01/06/2015 03:53:00 PM,2015
CR00019389,03/15/2023 06:26:00 PM,15,CLEAR,DAYLIGHT,ANGLE,DIVIDED - W/MEDIAN (NOT RAISED),NO CONTROLS,FOLLOWING TOO CLOSELY,UNABLE TO DETERMINE,0,0,0,0,18,4,3,1363,63RD ST,41.944625,-87.752173,03/15/2023 08:15:00 PM,2023
CR00019390,09/05/2022 06:57:00 PM,30,CLEAR,DAYLIGHT,REAR END,NOT DIVIDED,PEDESTRIAN CROSSING SIGN,DISREGARDING TRAFFIC SIGNALS,FAILING TO YIELD RIGHT-OF-WAY,0,0,0,0,18,2,9,1420,CALIFORNIA AVE,41.964021,-87.764658,09/05/2022 08:28:00 PM,2022
CR00019391,08/03/2019 02:56:00 AM,30,CLOUDY/OVERCAST,DAYLIGHT,REAR TO FRONT,DIVIDED - W/MEDIAN (NOT RAISED),TRAFFIC SIGNAL,UNABLE TO DETERMINE,DRIVING SKILLS/KNOWLEDGE/EXPERIENCE,0,0,0,0,2,7,8,2495,63RD ST,41.946583,-87.664628,08/03/2019 04:22:00 AM,2019
CR00019392,01/10/2016 11:50:00 AM,30,CLEAR,DAYLIGHT,PARKED MOTOR VEHICLE,NOT DIVIDED,STOP SIGN/FLASHER,FAILING TO YIELD RIGHT-OF-WAY,DISTRACTION - FROM INSIDE VEHICLE,0,0,1,1,11,1,1,107,OGDEN AVE,41.844514,-87.77301,01/10/2016 12:24:00 PM,2016
CR00019393,06/02/2017 12:41:00 PM,25,CLEAR,DARKNESS - LIGHTED ROAD,ANGLE,DIVIDED - W/MEDIAN (NOT RAISED),STOP SIGN/FLASHER,UNABLE TO DETERMINE,DISREGARDING TRAFFIC SIGNALS,0,0,1,1,12,6,6,1499,WESTERN AVE,41.788249,-87.534321,06/02/2017 12:47:00 PM,2017
CR00019394,09/05/2017 06:00:00 PM,30,CLEAR,DAYLIGHT,PARKED MOTOR VEHICLE,DIVIDED - W/MEDIAN (NOT RAISED),TRAFFIC SIGNAL,DISREGARDING TRAFFIC SIGNALS,FAILING TO YIELD RIGHT-OF-WAY,0,1,1,2,18,3,9,1882,ARCHER AVE,41.780607,-87.632713,09/05/2017 07:17:00 PM,2017
CR00019395,10/02/2021 04:34:00 PM,20,FREEZING RAIN/DRIZZLE,DARKNESS - LIGHTED ROAD,REAR END,DIVIDED - W/MEDIAN (NOT RAISED),STOP SIGN/FLASHER,UNABLE TO DETERMINE,NOT APPLICABLE,0,0,1,1,16,7,10,430,STONY ISLAND AVE,41.903988,-87.779093,10/02/2021 05:49:00 PM,2021
CR00019396,12/21/2018 01:24:00 AM,30,CLEAR,DAYLIGHT,FIXED OBJECT,ONE-WAY,NO CONTROLS,IMPROPER OVERTAKING/PASSING,DISTRACTION - FROM INSIDE VEHICLE,0,0,0,0,1,6,12,1564,ASHLAND AVE,41.765265,-87.690774,12/21/2018 01:27:00 AM,2018
CR00019397,11/15/2020 07:45:00 AM,15,CLOUDY/OVERCAST,DAYLIGHT,TURNING,FOUR WAY,NO CONTROLS,FAILING TO YIELD RIGHT-OF-WAY,UNABLE TO DETERMINE,0,0,0,0,7,1,11,1054,CALIFORNIA AVE,41.787742,-87.646996,11/15/2020 09:43:00 AM,2020
CR00019398,10/06/2022 11:17:00 AM,15,CLEAR,DAYLIGHT,TURNING,FOUR WAY,TRAFFIC SIGNAL,IMPROPER OVERTAKING/PASSING,UNABLE TO DETERMINE,0,0,0,0,11,5,10,701,WESTERN AVE,41.922031,-87.672059,10/06/2022 12:36:00 PM,2022
CR00019399,01/07/2024 09:35:00 AM,30,CLEAR,DARKNESS,REAR END,DIVIDED - W/MEDIAN (NOT RAISED),NO CONTROLS,IMPROPER OVERTAKING/PASSING,FAILING TO YIELD RIGHT-OF-WAY,0,0,0,0,9,1,1,866,79TH ST,41.872475,-87.627278,01/07/2024 10:57:00 AM,2024
CR00019400,04/24/2021 07:20:00 AM,30,CLOUDY/OVERCAST,DARKNESS - LIGHTED ROAD,PARKED MOTOR VEHICLE,NOT DIVIDED,NO CONTROLS,UNABLE TO DETERMINE,FOLLOWING TOO CLOSELY,0,0,3,3,7,7,4,502,FULLERTON AVE,41.943338,-87.846858,04/24/2021 07:57:00 AM,2021
CR00019401,11/11/2020 03:07:00 PM,15,CLEAR,DAYLIGHT,REAR END,ONE-WAY,NO CONTROLS,UNABLE TO DETERMINE,UNABLE TO DETERMINE,0,0,0,0,15,4,11,2508,HALSTED ST,41.790433,-87.656607,11/11/2020 03:09:00 PM,2020
CR00019402,10/25/2018 10:54:00 PM,30,CLEAR,DAYLIGHT,TURNING,NOT DIVIDED,NO CONTROLS,IMPROPER LANE USAGE,UNABLE TO DETERMINE,0,0,1,1,22,5,10,115,IRVING PARK RD,41.880634,-87.62796,10/25/2018 10:58:00 PM,2018
CR00019403,10/27/2023 12:16:00 PM,45,CLEAR,DAYLIGHT,REAR END,FOUR WAY,STOP SIGN/FLASHER,FAILING TO YIELD RIGHT-OF-WAY,UNABLE TO DETERMINE,0,0,0,0,12,6,10,2520,MILWAUKEE AVE,41.799871,-87.628555,10/27/2023 01:50:00 PM,2023
CR00019404,09/15/2022 06:49:00 PM,30,CLOUDY/OVERCAST,DAYLIGHT,PARKED MOTOR VEHICLE,ONE-WAY,TRAFFIC SIGNAL,DRIVING SKILLS/KNOWLEDGE/EXPERIENCE,NOT APPLICABLE,0,0,0,0,18,5,9,1904,ARCHER AVE,41.817857,-87.702802,09/15/2022 08:27:00 PM,2022
CR00019405,10/12/2021 05:32:00 PM,15,CLEAR,DAYLIGHT,REAR END,NOT DIVIDED,NO CONTROLS,FAILING TO YIELD RIGHT-OF-WAY,DISTRACTION - FROM INSIDE VEHICLE,0,0,0,0,17,3,10,1334,STONY ISLAND AVE,41.74207,-87.789013,10/12/2021 07:17:00 PM,2021
CR00019406,05/27/2021 08:03:00 AM,25,CLOUDY/OVERCAST,DAYLIGHT,REAR TO FRONT,NOT DIVIDED,NO CONTROLS,DRIVING SKILLS/KNOWLEDGE/EXPERIENCE,DISREGARDING TRAFFIC SIGNALS,0,0,0,0,8,5,5,2116,BROADWAY,41.799023,-87.6788,05/27/2021 09:37:00 AM,2021
CR00019407,09/20/2022 01:29:00 PM,35,RAIN,DARKNESS - LIGHTED ROAD,ANGLE,ONE-WAY,YIELD,DISTRACTION - FROM INSIDE VEHICLE,IMPROPER OVERTAKING/PASSING,0,0,1,1,13,3,9,2075,ASHLAND AVE,41.755108,-87.765584,09/20/2022 02:37:00 PM,2022
CR00019408,05/19/2022 03:34:00 PM,35,SNOW,DAYLIGHT,SIDESWIPE SAME DIRECTION,ONE-WAY,NO CONTROLS,IMPROPER OVERTAKING/PASSING,FOLLOWING TOO CLOSELY,0,0,0,0,15,5,5,2478,KEDZIE AVE,41.736235,-87.763713,05/19/2022 04:52:00 PM,2022
CR00019409,11/19/2017 06:24:00 PM,15,CLEAR,DAYLIGHT,ANGLE,NOT DIVIDED,STOP SIGN/FLASHER,FAILING TO YIELD RIGHT-OF-WAY,DRIVING SKILLS/KNOWLEDGE/EXPERIENCE,0,0,0,0,18,1,11,2025,47TH ST,41.828022,-87.578994,11/19/2017 08:17:00 PM,2017
CR00019410,07/08/2015 07:52:00 AM,40,CLEAR,DAYLIGHT,REAR TO FRONT,DIVIDED - W/MEDIAN BARRIER,NO CONTROLS,DISTRACTION - FROM INSIDE VEHICLE,FOLLOWING TOO CLOSELY,0,0,1,1,7,4,7,1406,PULASKI RD,41.730367,-87.568801,07/08/2015 09:04:00 AM,2015
CR00019411,04/10/2017 07:24:00 AM,30,CLEAR,DAYLIGHT,REAR END,DIVIDED - W/MEDIAN (NOT RAISED),STOP SIGN/FLASHER,UNABLE TO DETERMINE,FAILING TO YIELD RIGHT-OF-WAY,0,0,0,0,7,2,4,1141,47TH ST,41.750798,-87.744004,04/10/2017 08:06:00 AM,2017
CR00019412,10/19/2020 06:06:00 PM,30,CLEAR,DARKNESS - LIGHTED ROAD,SIDESWIPE SAME DIRECTION,NOT DIVIDED,UNKNOWN,DISTRACTION - FROM INSIDE VEHICLE,UNABLE TO DETERMINE,0,0,0,0,18,2,10,106,BROADWAY,41.950484,-87.605175,10/19/2020 07:46:00 PM,2020
CR00019413,08/07/2019 03:20:00 AM,40,FREEZING RAIN/DRIZZLE,DAYLIGHT,TURNING,NOT DIVIDED,STOP SIGN/FLASHER,FOLLOWING TOO CLOSELY,UNABLE TO DETERMINE,0,0,0,0,3,4,8,1099,ROOSEVELT RD,41.934414,-87.559719,08/07/2019 03:40:00 AM,2019
CR00019414,05/14/2020 08:10:00 AM,25,CLEAR,DARKNESS,ANGLE,DIVIDED - W/MEDIAN (NOT RAISED),TRAFFIC SIGNAL,UNABLE TO DETERMINE,UNABLE TO DETERMINE,0,0,1,1,8,5,5,209,OGDEN AVE,41.884308,-87.757808,05/14/2020 09:01:00 AM,2020
CR00019415,09/11/2017 09:07:00 PM,25,CLEAR,DAYLIGHT,TURNING,ONE-WAY,TRAFFIC SIGNAL,UNABLE TO DETERMINE,IMPROPER OVERTAKING/PASSING,0,1,0,1,21,2,9,1610,HALSTED ST,41.719541,-87.541945,09/11/2017 09:39:00 PM,2017
CR00019416,07/27/2021 10:42:00 AM,20,CLEAR,DAYLIGHT,TURNING,DIVIDED - W/MEDIAN (NOT RAISED),NO CONTROLS,IMPROPER OVERTAKING/PASSING,DRIVING SKILLS/KNOWLEDGE/EXPERIENCE,0,0,0,0,10,3,7,1481,CICERO AVE,41.978097,-87.543834,07/27/2021 11:03:00 AM,2021
CR00019417,08/26/2016 12:15:00 PM,40,SNOW,DAYLIGHT,SIDESWIPE SAME DIRECTION,NOT DIVIDED,YIELD,UNABLE TO DETERMINE,FOLLOWING TOO CLOSELY,0,0,0,0,12,6,8,621,47TH ST,41.904948,-87.812265,08/26/2016 12:56:00 PM,2016
CR00019418,01/30/2016 01:57:00 PM,30,RAIN,DAYLIGHT,TURNING,ONE-WAY,UNKNOWN,UNABLE TO DETERMINE,DRIVING SKILLS/KNOWLEDGE/EXPERIENCE,0,0,0,0,13,7,1,443,47TH ST,41.81611,-87.789616,01/30/2016 03:33:00 PM,2016
CR00019419,02/14/2022 02:04:00 AM,25,RAIN,DAYLIGHT,PARKED MOTOR VEHICLE,DIVIDED - W/MEDIAN BARRIER,NO CONTROLS,IMPROPER LANE USAGE,UNABLE TO DETERMINE,0,0,0,0,2,2,2,1588,47TH ST,41.850689,-87.695435,02/14/2022 03:03:00 AM,2022
CR00019420,05/15/2022 04:16:00 PM,15,RAIN,DAYLIGHT,REAR TO FRONT,DIVIDED - W/MEDIAN BARRIER,NO CONTROLS,UNABLE TO DETERMINE,FAILING TO YIELD RIGHT-OF-WAY,0,0,0,0,16,1,5,492,LAKE SHORE DR,41.943843,-87.807567,05/15/2022 06:02:00 PM,2022
CR00019421,02/12/2015 02:33:00 PM,30,CLEAR,DAYLIGHT,PARKED MOTOR VEHICLE,NOT DIVIDED,STOP SIGN/FLASHER,DRIVING SKILLS/KNOWLEDGE/EXPERIENCE,UNABLE TO DETERMINE,0,0,0,0,14,5,2,1914,DAMEN AVE,41.79288,-87.637854,02/12/2015 04:12:00 PM,2015
CR00019422,03/31/2016 08:14:00 AM,40,CLEAR,DARKNESS - LIGHTED ROAD,SIDESWIPE SAME DIRECTION,NOT DIVIDED,NO CONTROLS,IMPROPER OVERTAKING/PASSING,IMPROPER OVERTAKING/PASSING,0,0,0,0,8,5,3,620,ROOSEVELT RD,41.726395,-87.835297,03/31/2016 09:50:00 AM,2016
CR00019423,08/05/2016 11:04:00 PM,35,CLEAR,DARKNESS - LIGHTED ROAD,REAR END,NOT DIVIDED,STOP SIGN/FLASHER,IMPROPER OVERTAKING/PASSING,NOT APPLICABLE,0,0,0,0,23,6,8,1997,CALIFORNIA AVE,41.899982,-87.567552,08/05/2016 11:18:00 PM,2016