CRASH_RECORD_ID,CRASH_DATE,POSTED_SPEED_LIMIT,WEATHER_CONDITION,LIGHTING_CONDITION,FIRST_CRASH_TYPE,TRAFFICWAY_TYPE,TRAFFIC_CONTROL_DEVICE,PRIM_CONTRIBUTORY_CAUSE,SEC_CONTRIBUTORY_CAUSE,INJURIES_FATAL,INJURIES_INCAPACITATING,INJURIES_NON_INCAPACITATING,INJURIES_TOTAL,CRASH_HOUR,CRASH_DAY_OF_WEEK,CRASH_MONTH,BEAT_OF_OCCURRENCE,STREET_NAME,LATITUDE,LONGITUDE,DATE_POLICE_NOTIFIED,year
CR00019424,08/02/2015 07:35:00 AM,45,CLEAR,DAYLIGHT,FIXED OBJECT,NOT DIVIDED,NO CONTROLS,FAILING TO REDUCE SPEED,FAILING TO YIELD RIGHT-OF-WAY,0,0,0,0,7,1,8,1398,CICERO AVE,41.814149,-87.668672,08/02/2015 07:39:00 AM,2015
CR00019425,10/07/2019 01:35:00 PM,30,SNOW,DARKNESS - LIGHTED ROAD,TURNING,NOT DIVIDED,NO CONTROLS,UNABLE TO DETERMINE,NOT APPLICABLE,0,0,0,0,13,2,10,1857,IRVING PARK RD,41.749832,-87.591084,10/07/2019 02:19:00 PM,2019
CR00019426,11/20/2018 08:05:00 AM,30,CLEAR,DARKNESS - LIGHTED ROAD,REAR TO FRONT,DIVIDED - W/MEDIAN (NOT RAISED),STOP SIGN/FLASHER,DISTRACTION - FROM INSIDE VEHICLE,NOT APPLICABLE,0,0,2,2,8,3,11,2118,79TH ST,41.868725,-87.544065,11/20/2018 08:31:00 AM,2018
CR00019427,04/15/2022 04:48:00 PM,35,FOG/SMOKE/HAZE,DAYLIGHT,REAR END,ONE-WAY,NO CONTROLS,FOLLOWING TOO CLOSELY,FOLLOWING TOO CLOSELY,0,0,0,0,16,6,4,384,CLARK ST,41.958181,-87.737856,04/15/2022 05:31:00 PM,2022
CR00019428,09/06/2024 09:17:00 AM,35,CLEAR,DARKNESS - LIGHTED ROAD,PARKED MOTOR VEHICLE,DIVIDED - W/MEDIAN (NOT RAISED),NO CONTROLS,UNABLE TO DETERMINE,NOT APPLICABLE,0,0,0,0,9,6,9,378,WESTERN AVE,41.865705,-87.735886,09/06/2024 09:53:00 AM,2024
CR00019429,08/07/2016 08:16:00 AM,30,CLEAR,DARKNESS - LIGHTED ROAD,SIDESWIPE SAME DIRECTION,DIVIDED - W/MEDIAN BARRIER,TRAFFIC SIGNAL,DRIVING SKILLS/KNOWLEDGE/EXPERIENCE,IMPROPER LANE USAGE,0,0,0,0,8,1,8,1301,DIVISION ST,41.874499,-87.506449,08/07/2016 10:16:00 AM,2016
CR00019430,04/01/2021 05:50:00 PM,25,CLEAR,DAYLIGHT,REAR END,T-INTERSECTION,TRAFFIC SIGNAL,FAILING TO REDUCE SPEED,UNABLE TO DETERMINE,0,0,0,0,17,5,4,414,ELSTON AVE,41.835327,-87.509863,04/01/2021 06:27:00 PM,2021
CR00019431,02/05/2016 09:03:00 AM,20,CLOUDY/OVERCAST,DAYLIGHT,SIDESWIPE SAME DIRECTION,ONE-WAY,TRAFFIC SIGNAL,UNABLE TO DETERMINE,DISREGARDING TRAFFIC SIGNALS,0,0,0,0,9,6,2,850,HALSTED ST,41.751257,-87.570922,02/05/2016 10:55:00 AM,2016
CR00019432,06/06/2016 07:24:00 PM,30,CLEAR,DAYLIGHT,REAR TO FRONT,DIVIDED - W/MEDIAN (NOT RAISED),NO CONTROLS,UNABLE TO DETERMINE,IMPROPER OVERTAKING/PASSING,0,0,2,2,19,2,6,974,79TH ST,41.775576,-87.621177,06/06/2016 08:03:00 PM,2016
CR00019433,09/10/2017 09:35:00 PM,25,RAIN,DAYLIGHT,TURNING,NOT DIVIDED,NO CONTROLS,IMPROPER OVERTAKING/PASSING,UNABLE TO DETERMINE,0,0,0,0,21,1,9,440,WESTERN AVE,41.868624,-87.671681,09/10/2017 10:42:00 PM,2017
CR00019434,07/30/2021 03:35:00 PM,25,CLEAR,DAYLIGHT,REAR END,DIVIDED - W/MEDIAN BARRIER,TRAFFIC SIGNAL,FAILING TO YIELD RIGHT-OF-WAY,DISREGARDING TRAFFIC SIGNALS,0,0,3,3,15,6,7,1725,63RD ST,41.922942,-87.847204,07/30/2021 03:48:00 PM,2021
CR00019435,03/10/2017 08:17:00 AM,30,CLEAR,DAYLIGHT,REAR END,DIVIDED - W/MEDIAN (NOT RAISED),STOP SIGN/FLASHER,DISREGARDING TRAFFIC SIGNALS,IMPROPER LANE USAGE,0,0,0,0,8,6,3,851,DAMEN AVE,41.873391,-87.576426,03/10/2017 09:07:00 AM,2017
CR00019436,10/14/2024 02:54:00 AM,15,CLEAR,DAYLIGHT,REAR END,NOT DIVIDED,STOP SIGN/FLASHER,FAILING TO YIELD RIGHT-OF-WAY,WEATHER,0,0,0,0,2,2,10,2374,79TH ST,41.901942,-87.810709,10/14/2024 03:31:00 AM,2024
CR00019437,06/17/2018 11:50:00 AM,35,CLEAR,DUSK,REAR END,DIVIDED - W/MEDIAN (NOT RAISED),STOP SIGN/FLASHER,FOLLOWING TOO CLOSELY,NOT APPLICABLE,0,0,0,0,11,1,6,1326,HALSTED ST,41.703301,-87.508591,06/17/2018 12:29:00 PM,2018
CR00019438,10/30/2021 01:36:00 AM,15,CLEAR,DAWN,REAR END,FOUR WAY,TRAFFIC SIGNAL,FAILING TO YIELD RIGHT-OF-WAY,DRIVING SKILLS/KNOWLEDGE/EXPERIENCE,0,0,1,1,1,7,10,1926,47TH ST,41.845521,-87.836091,10/30/2021 03:27:00 AM,2021
CR00019439,08/12/2017 02:41:00 PM,30,SNOW,DAWN,REAR TO FRONT,DIVIDED - W/MEDIAN (NOT RAISED),NO CONTROLS,UNABLE TO DETERMINE,UNABLE TO DETERMINE,0,0,0,0,14,7,8,1331,63RD ST,41.809419,-87.608305,08/12/2017 04:14:00 PM,2017
CR00019440,08/01/2023 03:39:00 AM,25,CLEAR,DAYLIGHT,TURNING,ONE-WAY,TRAFFIC SIGNAL,UNABLE TO DETERMINE,NOT APPLICABLE,0,0,0,0,3,3,8,2535,ELSTON AVE,41.97478,-87.512281,08/01/2023 03:46:00 AM,2023
CR00019441,12/06/2023 07:27:00 AM,15,CLEAR,DARKNESS - LIGHTED ROAD,REAR END,ONE-WAY,NO CONTROLS,FAILING TO YIELD RIGHT-OF-WAY,UNABLE TO DETERMINE,0,0,1,1,7,4,12,151,DAMEN AVE,41.946609,-87.54985,12/06/2023 08:16:00 AM,2023
CR00019442,03/10/2017 11:56:00 PM,40,RAIN,DARKNESS - LIGHTED ROAD,SIDESWIPE SAME DIRECTION,NOT DIVIDED,NO CONTROLS,FAILING TO REDUCE SPEED,FAILING TO REDUCE SPEED,0,0,0,0,23,6,3,945,IRVING PARK RD,41.814555,-87.665674,03/11/2017 01:47:00 AM,2017
CR00019443,04/27/2015 09:17:00 AM,45,CLEAR,DAYLIGHT,REAR END,DIVIDED - W/MEDIAN (NOT RAISED),NO CONTROLS,UNABLE TO DETERMINE,UNABLE TO DETERMINE,0,0,0,0,9,2,4,1117,HALSTED ST,41.973929,-87.812264,04/27/2015 11:05:00 AM,2015
CR00019444,12/12/2017 04:55:00 PM,15,CLEAR,DAYLIGHT,ANGLE,NOT DIVIDED,NO CONTROLS,UNABLE TO DETERMINE,NOT APPLICABLE,0,0,0,0,16,3,12,1501,CICERO AVE,41.823905,-87.568571,12/12/2017 05:31:00 PM,2017
CR00019445,12/09/2020 07:53:00 PM,35,CLEAR,DARKNESS - LIGHTED ROAD,PARKED MOTOR VEHICLE,FOUR WAY,STOP SIGN/FLASHER,IMPROPER LANE USAGE,FOLLOWING TOO CLOSELY,0,0,2,2,19,4,12,103,STONY ISLAND AVE,41.885234,-87.737644,12/09/2020 08:37:00 PM,2020
CR00019446,04/05/2017 03:52:00 PM,30,CLEAR,DARKNESS - LIGHTED ROAD,REAR TO FRONT,NOT DIVIDED,STOP SIGN/FLASHER,DRIVING SKILLS/KNOWLEDGE/EXPERIENCE,NOT APPLICABLE,0,0,0,0,15,4,4,1618,IRVING PARK RD,41.794921,-87.653305,04/05/2017 05:45:00 PM,2017
CR00019447,11/15/2020 02:19:00 AM,30,FREEZING RAIN/DRIZZLE,DAYLIGHT,ANGLE,NOT DIVIDED,STOP SIGN/FLASHER,IMPROPER OVERTAKING/PASSING,NOT APPLICABLE,0,0,0,0,2,1,11,1481,STATE ST,41.768482,-87.830948,11/15/2020 04:05:00 AM,2020
CR00019448,05/14/2024 08:07:00 PM,30,CLEAR,DAYLIGHT,SIDESWIPE SAME DIRECTION,DIVIDED - W/MEDIAN (NOT RAISED),UNKNOWN,DRIVING SKILLS/KNOWLEDGE/EXPERIENCE,UNABLE TO DETERMINE,0,0,1,1,20,3,5,2189,ARCHER AVE,41.760767,-87.837535,05/14/2024 09:58:00 PM,2024
CR00019449,06/06/2019 04:24:00 PM,30,FREEZING RAIN/DRIZZLE,DAYLIGHT,ANGLE,DIVIDED - W/MEDIAN (NOT RAISED),TRAFFIC SIGNAL,UNABLE TO DETERMINE,IMPROPER LANE USAGE,0,0,0,0,16,5,6,1067,CLARK ST,41.929819,-87.5414,06/06/2019 05:37:00 PM,2019
CR00019450,04/20/2020 12:18:00 PM,30,CLEAR,DARKNESS,PARKED MOTOR VEHICLE,T-INTERSECTION,STOP SIGN/FLASHER,FAILING TO REDUCE SPEED,UNABLE TO DETERMINE,0,0,0,0,12,2,4,990,63RD ST,41.999434,-87.717866,04/20/2020 01:38:00 PM,2020
CR00019451,08/29/2024 04:45:00 PM,30,CLEAR,DAYLIGHT,SIDESWIPE SAME DIRECTION,NOT DIVIDED,STOP SIGN/FLASHER,UNABLE TO DETERMINE,FOLLOWING TOO CLOSELY,0,0,0,0,16,5,8,2147,CICERO AVE,41.800464,-87.546856,08/29/2024 06:05:00 PM,2024
CR00019452,11/05/2024 12:43:00 AM,30,CLEAR,DAYLIGHT,REAR TO FRONT,DIVIDED - W/MEDIAN (NOT RAISED),TRAFFIC SIGNAL,FOLLOWING TOO CLOSELY,DRIVING SKILLS/KNOWLEDGE/EXPERIENCE,0,0,0,0,0,3,11,764,WESTERN AVE,41.91593,-87.525522,11/05/2024 02:13:00 AM,2024
CR00019453,11/09/2020 10:00:00 PM,30,CLEAR,DAYLIGHT,TURNING,NOT DIVIDED,STOP SIGN/FLASHER,UNABLE TO DETERMINE,IMPROPER LANE USAGE,0,0,0,0,22,2,11,763,OGDEN AVE,41.74712,-87.565369,11/09/2020 11:05:00 PM,2020
CR00019454,10/07/2019 12:07:00 PM,25,FREEZING RAIN/DRIZZLE,DARKNESS - LIGHTED ROAD,PEDESTRIAN,ONE-WAY,TRAFFIC SIGNAL,FAILING TO YIELD RIGHT-OF-WAY,UNABLE TO DETERMINE,0,0,3,3,12,2,10,1127,STATE ST,41.753115,-87.839565,10/07/2019 01:23:00 PM,2019
CR00019455,01/21/2021 03:32:00 PM,30,CLEAR,DARKNESS - LIGHTED ROAD,SIDESWIPE SAME DIRECTION,DIVIDED - W/MEDIAN (NOT RAISED),TRAFFIC SIGNAL,FAILING TO YIELD RIGHT-OF-WAY,FAILING TO REDUCE SPEED,0,0,0,0,15,5,1,1791,KEDZIE AVE,41.966893,-87.605472,01/21/2021 04:25:00 PM,2021
CR00019456,10/12/2015 10:56:00 PM,45,CLEAR,DAYLIGHT,FIXED OBJECT,T-INTERSECTION,TRAFFIC SIGNAL,FAILING TO YIELD RIGHT-OF-WAY,IMPROPER OVERTAKING/PASSING,0,0,0,0,22,2,10,437,ASHLAND AVE,41.830553,-87.626301,10/12/2015 11:19:00 PM,2015
CR00019457,05/14/2024 08:03:00 PM,20,FREEZING RAIN/DRIZZLE,DARKNESS - LIGHTED ROAD,TURNING,NOT DIVIDED,UNKNOWN,FAILING TO YIELD RIGHT-OF-WAY,FOLLOWING TOO CLOSELY,0,0,0,0,20,3,5,1121,ASHLAND AVE,41.874877,-87.775901,05/14/2024 08:40:00 PM,2024
CR00019458,01/13/2018 02:13:00 PM,35,CLEAR,DARKNESS - LIGHTED ROAD,PARKED MOTOR VEHICLE,DIVIDED - W/MEDIAN (NOT RAISED),UNKNOWN,FOLLOWING TOO CLOSELY,DISREGARDING TRAFFIC SIGNALS,0,0,0,0,14,7,1,1806,ROOSEVELT RD,41.99854,-87.762133,01/13/2018 02:40:00 PM,2018
CR00019459,08/07/2022 08:30:00 AM,35,CLOUDY/OVERCAST,DAYLIGHT,REAR END,NOT DIVIDED,STOP SIGN/FLASHER,IMPROPER LANE USAGE,FAILING TO YIELD RIGHT-OF-WAY,0,0,0,0,8,1,8,128,CICERO AVE,41.955903,-87.535868,08/07/2022 08:51:00 AM,2022
CR00019460,11/02/2018 06:50:00 AM,30,SNOW,DAYLIGHT,REAR TO FRONT,T-INTERSECTION,TRAFFIC SIGNAL,FAILING TO YIELD RIGHT-OF-WAY,IMPROPER LANE USAGE,0,0,0,0,6,6,11,1944,CALIFORNIA AVE,41.83291,-87.555278,11/02/2018 07:20:00 AM,2018
CR00019461,02/04/2024 05:03:00 PM,40,CLOUDY/OVERCAST,DUSK,SIDESWIPE SAME DIRECTION,NOT DIVIDED,TRAFFIC SIGNAL,FAILING TO REDUCE SPEED,IMPROPER LANE USAGE,0,0,1,1,17,1,2,1183,47TH ST,41.701418,-87.599249,02/04/2024 06:20:00 PM,2024
CR00019462,03/14/2017 04:03:00 PM,45,CLEAR,DARKNESS - LIGHTED ROAD,ANGLE,ONE-WAY,STOP SIGN/FLASHER,DISTRACTION - FROM INSIDE VEHICLE,IMPROPER LANE USAGE,0,0,2,2,16,3,3,2007,LAKE SHORE DR,41.992413,-87.829425,03/14/2017 04:18:00 PM,2017
CR00019463,07/16/2022 08:59:00 AM,30,CLEAR,DAYLIGHT,ANGLE,DIVIDED - W/MEDIAN (NOT RAISED),TRAFFIC SIGNAL,FAILING TO YIELD RIGHT-OF-WAY,FAILING TO YIELD RIGHT-OF-WAY,0,0,3,3,8,7,7,1716,CICERO AVE,41.957574,-87.617576,07/16/2022 10:36:00 AM,2022
CR00019464,07/15/2019 10:23:00 PM,30,CLEAR,DAYLIGHT,REAR END,T-INTERSECTION,TRAFFIC SIGNAL,FOLLOWING TOO CLOSELY,DISTRACTION - FROM INSIDE VEHICLE,0,0,3,3,22,2,7,1765,DAMEN AVE,41.923701,-87.831375,07/15/2019 10:29:00 PM,2019
CR00019465,12/29/2017 04:54:00 PM,25,CLEAR,DAYLIGHT,REAR END,NOT DIVIDED,TRAFFIC SIGNAL,FOLLOWING TOO CLOSELY,DISTRACTION - FROM INSIDE VEHICLE,0,0,0,0,16,6,12,458,WESTERN AVE,41.711694,-87.838955,12/29/2017 06:46:00 PM,2017
CR00019466,07/06/2020 02:56:00 AM,40,CLEAR,DAYLIGHT,REAR END,NOT DIVIDED,TRAFFIC SIGNAL,DISREGARDING TRAFFIC SIGNALS,FOLLOWING TOO CLOSELY,0,0,1,1,2,2,7,427,CLARK ST,41.873978,-87.770217,07/06/2020 03:20:00 AM,2020
CR00019467,05/03/2017 12:00:00 PM,35,CLEAR,DAYLIGHT,FIXED OBJECT,ONE-WAY,NO CONTROLS,UNABLE TO DETERMINE,UNABLE TO DETERMINE,0,0,0,0,12,4,5,1843,OGDEN AVE,41.815092,-87.796929,05/03/2017 01:23:00 PM,2017
CR00019468,07/16/2020 01:54:00 PM,20,CLEAR,DARKNESS - LIGHTED ROAD,SIDESWIPE SAME DIRECTION,NOT DIVIDED,NO CONTROLS,IMPROPER OVERTAKING/PASSING,IMPROPER LANE USAGE,0,0,0,0,13,5,7,2116,CICERO AVE,41.817576,-87.632912,07/16/2020 03:18:00 PM,2020
CR00019469,09/04/2018 06:08:00 PM,45,CLEAR,DAYLIGHT,REAR TO FRONT,DIVIDED - W/MEDIAN BARRIER,STOP SIGN/FLASHER,UNABLE TO DETERMINE,DISREGARDING TRAFFIC SIGNALS,0,1,1,2,18,3,9,1966,MILWAUKEE AVE,41.894531,-87.764349,09/04/2018 07:03:00 PM,2018
CR00019470,07/05/2021 06:20:00 AM,30,FREEZING RAIN/DRIZZLE,DAYLIGHT,ANGLE,DIVIDED - W/MEDIAN (NOT RAISED),TRAFFIC SIGNAL,FAILING TO YIELD RIGHT-OF-WAY,FAILING TO REDUCE SPEED,0,0,0,0,6,2,7,1510,OGDEN AVE,41.980831,-87.78752,07/05/2021 07:31:00 AM,2021
CR00019471,08/29/2021 04:56:00 PM,15,CLEAR,DAWN,SIDESWIPE SAME DIRECTION,NOT DIVIDED,NO CONTROLS,IMPROPER LANE USAGE,FAILING TO YIELD RIGHT-OF-WAY,0,0,3,3,16,1,8,1528,KEDZIE AVE,41.926616,-87.845637,08/29/2021 05:17:00 PM,2021
CR00019472,09/18/2024 06:26:00 PM,30,CLEAR,DARKNESS - LIGHTED ROAD,TURNING,FOUR WAY,TRAFFIC SIGNAL,UNABLE TO DETERMINE,IMPROPER LANE USAGE,0,0,0,0,18,4,9,172,ROOSEVELT RD,41.82978,-87.715613,09/18/2024 08:02:00 PM,2024
CR00019473,02/18/2020 02:28:00 AM,30,RAIN,DAYLIGHT,REAR END,DIVIDED - W/MEDIAN BARRIER,TRAFFIC SIGNAL,FOLLOWING TOO CLOSELY,UNABLE TO DETERMINE,0,0,0,0,2,3,2,272,WESTERN AVE,41.720871,-87.709728,02/18/2020 03:24:00 AM,2020
CR00019474,04/03/2019 06:25:00 PM,15,CLEAR,DAYLIGHT,SIDESWIPE SAME DIRECTION,NOT DIVIDED,STOP SIGN/FLASHER,DISTRACTION - FROM INSIDE VEHICLE,NOT APPLICABLE,0,0,0,0,18,4,4,1960,STATE ST,41.743489,-87.538003,04/03/2019 08:24:00 PM,2019
CR00019475,09/29/2019 10:39:00 AM,35,CLEAR,DAYLIGHT,TURNING,NOT DIVIDED,TRAFFIC SIGNAL,FAILING TO YIELD RIGHT-OF-WAY,UNABLE TO DETERMINE,0,0,0,0,10,1,9,2071,79TH ST,41.890841,-87.800474,09/29/2019 10:43:00 AM,2019
CR00019476,01/13/2017 12:06:00 PM,25,CLEAR,DARKNESS - LIGHTED ROAD,ANGLE,DIVIDED - W/MEDIAN BARRIER,TRAFFIC SIGNAL,IMPROPER LANE USAGE,NOT APPLICABLE,0,0,2,2,12,6,1,2119,DIVISION ST,41.830596,-87.830704,01/13/2017 12:55:00 PM,2017
CR00019477,04/25/2019 02:08:00 PM,35,CLEAR,DAYLIGHT,FIXED OBJECT,NOT DIVIDED,TRAFFIC SIGNAL,UNABLE TO DETERMINE,FAILING TO REDUCE SPEED,0,0,0,0,14,5,4,551,WESTERN AVE,41.75873,-87.773715,04/25/2019 02:56:00 PM,2019
CR00019478,05/26/2023 07:56:00 AM,45,CLEAR,DARKNESS - LIGHTED ROAD,SIDESWIPE SAME DIRECTION,DIVIDED - W/MEDIAN (NOT RAISED),NO CONTROLS,DRIVING SKILLS/KNOWLEDGE/EXPERIENCE,FAILING TO YIELD RIGHT-OF-WAY,0,0,0,0,7,6,5,931,DAMEN AVE,41.965163,-87.534289,05/26/2023 08:08:00 AM,2023
CR00019479,11/24/2020 05:19:00 PM,30,CLEAR,DAYLIGHT,REAR END,NOT DIVIDED,NO CONTROLS,DRIVING SKILLS/KNOWLEDGE/EXPERIENCE,DRIVING SKILLS/KNOWLEDGE/EXPERIENCE,0,0,0,0,17,3,11,290,ROOSEVELT RD,41.831104,-87.515244,11/24/2020 06:54:00 PM,2020
CR00019480,09/21/2015 09:26:00 AM,20,CLEAR,DARKNESS,TURNING,DIVIDED - W/MEDIAN (NOT RAISED),NO CONTROLS,DISTRACTION - FROM INSIDE VEHICLE,IMPROPER OVERTAKING/PASSING,0,0,0,0,9,2,9,866,IRVING PARK RD,41.857281,-87.615483,09/21/2015 10:20:00 AM,2015
CR00019481,04/07/2021 05:47:00 PM,35,CLEAR,DARKNESS - LIGHTED ROAD,ANGLE,NOT DIVIDED,YIELD,FOLLOWING TOO CLOSELY,UNABLE TO DETERMINE,0,0,0,0,17,4,4,1843,CLARK ST,41.825706,-87.714999,04/07/2021 07:16:00 PM,2021
CR00019482,11/25/2023 05:07:00 PM,30,CLOUDY/OVERCAST,DARKNESS - LIGHTED ROAD,REAR END,FOUR WAY,NO CONTROLS,UNABLE TO DETERMINE,DRIVING SKILLS/KNOWLEDGE/EXPERIENCE,0,0,0,0,17,7,11,1224,PULASKI RD,41.768538,-87.644622,11/25/2023 06:21:00 PM,2023
CR00019483,08/12/2022 02:43:00 PM,15,CLEAR,DARKNESS - LIGHTED ROAD,TURNING,NOT DIVIDED,UNKNOWN,IMPROPER OVERTAKING/PASSING,UNABLE TO DETERMINE,0,0,0,0,14,6,8,720,DAMEN AVE,41.928539,-87.570723,08/12/2022 03:14:00 PM,2022
CR00019484,02/08/2017 03:15:00 PM,20,CLEAR,DARKNESS - LIGHTED ROAD,REAR END,NOT DIVIDED,NO CONTROLS,DISREGARDING TRAFFIC SIGNALS,DISREGARDING TRAFFIC SIGNALS,0,0,0,0,15,4,2,1789,47TH ST,41.79058,-87.782127,02/08/2017 04:40:00 PM,2017
CR00019485,11/18/2020 10:55:00 AM,30,CLEAR,DAYLIGHT,TURNING,NOT DIVIDED,TRAFFIC SIGNAL,DRIVING SKILLS/KNOWLEDGE/EXPERIENCE,FAILING TO REDUCE SPEED,0,0,0,0,10,4,11,1143,WESTERN AVE,41.766232,-87.52828,11/18/2020 11:03:00 AM,2020
CR00019486,09/27/2015 07:41:00 PM,45,SNOW,DARKNESS - LIGHTED ROAD,TURNING,FOUR WAY,NO CONTROLS,IMPROPER LANE USAGE,FAILING TO YIELD RIGHT-OF-WAY,0,0,0,0,19,1,9,1303,CALIFORNIA AVE,41.930325,-87.502257,09/27/2015 09:31:00 PM,2015
CR00019487,07/01/2023 03:54:00 PM,30,CLEAR,DAYLIGHT,REAR END,NOT DIVIDED,TRAFFIC SIGNAL,FOLLOWING TOO CLOSELY,WEATHER,0,0,0,0,15,7,7,1470,ASHLAND AVE,41.788857,-87.765822,07/01/2023 03:55:00 PM,2023
CR00019488,11/24/2023 06:51:00 PM,30,CLEAR,DARKNESS - LIGHTED ROAD,FIXED OBJECT,ONE-WAY,NO CONTROLS,IMPROPER LANE USAGE,FOLLOWING TOO CLOSELY,0,0,0,0,18,6,11,865,CALIFORNIA AVE,41.987824,-87.572096,11/24/2023 07:51:00 PM,2023
CR00019489,04/09/2018 01:34:00 AM,40,CLEAR,DARKNESS - LIGHTED ROAD,PEDESTRIAN,NOT DIVIDED,STOP SIGN/FLASHER,FOLLOWING TOO CLOSELY,NOT APPLICABLE,0,0,0,0,1,2,4,501,LAKE SHORE DR,41.910453,-87.792448,04/09/2018 02:33:00 AM,2018
CR00019490,09/05/2016 05:05:00 PM,45,CLEAR,DAYLIGHT,ANGLE,NOT DIVIDED,NO CONTROLS,FAILING TO REDUCE SPEED,DISREGARDING TRAFFIC SIGNALS,0,0,0,0,17,2,9,1182,ARCHER AVE,41.751424,-87.59909,09/05/2016 06:58:00 PM,2016
CR00019491,01/28/2018 03:16:00 PM,30,CLEAR,DAYLIGHT,REAR END,ONE-WAY,NO CONTROLS,IMPROPER OVERTAKING/PASSING,UNABLE TO DETERMINE,0,0,0,0,15,1,1,2357,IRVING PARK RD,41.85895,-87.751021,01/28/2018 04:48:00 PM,2018
CR00019492,02/24/2017 05:47:00 PM,30,FREEZING RAIN/DRIZZLE,DAYLIGHT,REAR END,NOT DIVIDED,STOP SIGN/FLASHER,DISTRACTION - FROM INSIDE VEHICLE,UNABLE TO DETERMINE,0,0,0,0,17,6,2,2242,MILWAUKEE AVE,41.774785,-87.729722,02/24/2017 07:24:00 PM,2017
CR00019493,03/24/2024 03:01:00 PM,35,CLEAR,DAYLIGHT,PEDESTRIAN,NOT DIVIDED,NO CONTROLS,IMPROPER OVERTAKING/PASSING,UNABLE TO DETERMINE,0,0,0,0,15,1,3,2131,ASHLAND AVE,41.885236,-87.782057,03/24/2024 04:18:00 PM,2024
CR00019494,07/04/2019 08:36:00 AM,15,CLEAR,DARKNESS - LIGHTED ROAD,TURNING,NOT DIVIDED,UNKNOWN,FOLLOWING TOO CLOSELY,UNABLE TO DETERMINE,0,0,0,0,8,5,7,1036,ARCHER AVE,41.98817,-87.507052,07/04/2019 09:48:00 AM,2019
CR00019495,06/16/2021 10:52:00 PM,20,CLEAR,DAYLIGHT,TURNING,NOT DIVIDED,TRAFFIC SIGNAL,FAILING TO YIELD RIGHT-OF-WAY,NOT APPLICABLE,0,0,0,0,22,4,6,1957,63RD ST,41.908501,-87.501619,06/17/2021 12:13:00 AM,2021
CR00019496,04/20/2020 02:35:00 PM,35,RAIN,DAYLIGHT,SIDESWIPE SAME DIRECTION,NOT DIVIDED,NO CONTROLS,UNABLE TO DETERMINE,DISREGARDING TRAFFIC SIGNALS,0,0,0,0,14,2,4,1401,BROADWAY,41.777243,-87.562854,04/20/2020 04:33:00 PM,2020
CR00019497,09/25/2022 02:08:00 AM,40,CLEAR,DAYLIGHT,PEDESTRIAN,NOT DIVIDED,TRAFFIC SIGNAL,DRIVING SKILLS/KNOWLEDGE/EXPERIENCE,UNABLE TO DETERMINE,0,0,0,0,2,1,9,1424,CLARK ST,41.963239,-87.570014,09/25/2022 03:48:00 AM,2022
CR00019498,10/03/2024 02:49:00 PM,30,CLEAR,DAYLIGHT,SIDESWIPE SAME DIRECTION,FOUR WAY,STOP SIGN/FLASHER,DRIVING SKILLS/KNOWLEDGE/EXPERIENCE,DISTRACTION - FROM INSIDE VEHICLE,0,0,0,0,14,5,10,567,47TH ST,41.95518,-87.527082,10/03/2024 03:17:00 PM,2024
CR00019499,12/01/2024 06:34:00 PM,15,CLEAR,DUSK,PARKED MOTOR VEHICLE,NOT DIVIDED,NO CONTROLS,UNABLE TO DETERMINE,IMPROPER OVERTAKING/PASSING,0,0,0,0,18,1,12,1954,STONY ISLAND AVE,41.739057,-87.786931,12/01/2024 07:50:00 PM,2024
CR00019500,07/29/2024 03:46:00 AM,35,FOG/SMOKE/HAZE,DAYLIGHT,PEDESTRIAN,NOT DIVIDED,UNKNOWN,DRIVING SKILLS/KNOWLEDGE/EXPERIENCE,UNABLE TO DETERMINE,0,0,0,0,3,2,7,1732,ASHLAND AVE,41.874711,-87.559334,07/29/2024 03:47:00 AM,2024
CR00019501,04/01/2017 02:47:00 PM,40,CLEAR,DAYLIGHT,REAR END,DIVIDED - W/MEDIAN BARRIER,UNKNOWN,IMPROPER LANE USAGE,FAILING TO YIELD RIGHT-OF-WAY,0,0,0,0,14,7,4,855,IRVING PARK RD,41.967557,-87.7841,04/01/2017 03:36:00 PM,2017
CR00019502,09/20/2024 07:09:00 AM,25,SNOW,DAYLIGHT,SIDESWIPE SAME DIRECTION,DIVIDED - W/MEDIAN (NOT RAISED),UNKNOWN,IMPROPER LANE USAGE,DRIVING SKILLS/KNOWLEDGE/EXPERIENCE,0,0,0,0,7,6,9,702,47TH ST,41.799888,-87.635728,09/20/2024 08:06:00 AM,2024
CR00019503,07/18/2019 10:48:00 AM,20,CLEAR,DAYLIGHT,REAR TO FRONT,DIVIDED - W/MEDIAN BARRIER,STOP SIGN/FLASHER,FAILING TO YIELD RIGHT-OF-WAY,DISTRACTION - FROM INSIDE VEHICLE,0,0,0,0,10,5,7,1063,OGDEN AVE,41.940743,-87.77191,07/18/2019 11:01:00 AM,2019
CR00019504,07/09/2015 05:02:00 AM,30,CLEAR,DARKNESS,REAR END,ONE-WAY,NO CONTROLS,FAILING TO YIELD RIGHT-OF-WAY,FOLLOWING TOO CLOSELY,0,0,0,0,5,5,7,797,BROADWAY,41.718423,-87.512199,07/09/2015 05:44:00 AM,2015
CR00019505,06/08/2020 11:32:00 AM,30,CLEAR,DAYLIGHT,REAR END,NOT DIVIDED,TRAFFIC SIGNAL,DISTRACTION - FROM INSIDE VEHICLE,FOLLOWING TOO CLOSELY,0,0,0,0,11,2,6,1187,CALIFORNIA AVE,41.877904,-87.830638,06/08/2020 01:14:00 PM,2020