CRASH_RECORD_ID,CRASH_DATE,POSTED_SPEED_LIMIT,WEATHER_CONDITION,LIGHTING_CONDITION,FIRST_CRASH_TYPE,TRAFFICWAY_TYPE,TRAFFIC_CONTROL_DEVICE,PRIM_CONTRIBUTORY_CAUSE,SEC_CONTRIBUTORY_CAUSE,INJURIES_FATAL,INJURIES_INCAPACITATING,INJURIES_NON_INCAPACITATING,INJURIES_TOTAL,CRASH_HOUR,CRASH_DAY_OF_WEEK,CRASH_MONTH,BEAT_OF_OCCURRENCE,STREET_NAME,LATITUDE,LONGITUDE,DATE_POLICE_NOTIFIED,year
CR00019506,08/06/2024 02:48:00 PM,30,CLEAR,DUSK,PARKED MOTOR VEHICLE,ONE-WAY,NO CONTROLS,IMPROPER OVERTAKING/PASSING,FOLLOWING TOO CLOSELY,0,0,0,0,14,3,8,137,IRVING PARK RD,41.780437,-87.775099,08/06/2024 03:48:00 PM,2024
CR00019507,08/21/2015 03:22:00 PM,20,CLEAR,DARKNESS - LIGHTED ROAD,PARKED MOTOR VEHICLE,NOT DIVIDED,STOP SIGN/FLASHER,UNABLE TO DETERMINE,NOT APPLICABLE,0,0,0,0,15,6,8,1830,OGDEN AVE,41.882331,-87.518662,08/21/2015 04:48:00 PM,2015
CR00019508,08/27/2020 05:39:00 PM,35,CLEAR,DAYLIGHT,REAR END,DIVIDED - W/MEDIAN BARRIER,TRAFFIC SIGNAL,DISTRACTION - FROM INSIDE VEHICLE,FOLLOWING TOO CLOSELY,0,1,1,2,17,5,8,1848,LAKE SHORE DR,41.871635,-87.785354,08/27/2020 05:59:00 PM,2020
CR00019509,05/30/2019 11:47:00 AM,30,RAIN,DARKNESS,SIDESWIPE SAME DIRECTION,DIVIDED - W/MEDIAN (NOT RAISED),TRAFFIC SIGNAL,IMPROPER OVERTAKING/PASSING,FOLLOWING TOO CLOSELY,0,0,0,0,11,5,5,1327,CICERO AVE,41.875532,-87.576619,05/30/2019 12:59:00 PM,2019
CR00019510,10/07/2019 07:25:00 AM,30,CLOUDY/OVERCAST,DARKNESS - LIGHTED ROAD,REAR END,DIVIDED - W/MEDIAN (NOT RAISED),NO CONTROLS,IMPROPER LANE USAGE,DISTRACTION - FROM INSIDE VEHICLE,0,0,0,0,7,2,10,304,STATE ST,41.861882,-87.687288,10/07/2019 09:17:00 AM,2019
CR00019511,09/01/2023 01:04:00 AM,40,CLEAR,DAYLIGHT,REAR END,ONE-WAY,STOP SIGN/FLASHER,DISTRACTION - FROM INSIDE VEHICLE,NOT APPLICABLE,0,0,0,0,1,6,9,379,79TH ST,41.771543,-87.657627,09/01/2023 01:53:00 AM,2023
CR00019512,06/09/2024 05:47:00 PM,30,CLEAR,DARKNESS - LIGHTED ROAD,TURNING,NOT DIVIDED,NO CONTROLS,IMPROPER OVERTAKING/PASSING,DRIVING SKILLS/KNOWLEDGE/EXPERIENCE,0,0,0,0,17,1,6,1364,63RD ST,41.846522,-87.575017,06/09/2024 07:47:00 PM,2024
CR00019513,02/18/2015 02:54:00 PM,20,CLEAR,DARKNESS,REAR END,ONE-WAY,NO CONTROLS,IMPROPER LANE USAGE,UNABLE TO DETERMINE,0,0,2,2,14,4,2,883,LAKE SHORE DR,41.957565,-87.533015,02/18/2015 04:02:00 PM,2015
CR00019514,04/28/2021 09:15:00 AM,20,CLEAR,DARKNESS - LIGHTED ROAD,ANGLE,ONE-WAY,STOP SIGN/FLASHER,DISTRACTION - FROM INSIDE VEHICLE,UNABLE TO DETERMINE,0,0,0,0,9,4,4,560,DIVISION ST,41.949317,-87.57544,04/28/2021 10:46:00 AM,2021
CR00019515,09/29/2019 02:37:00 AM,20,RAIN,DAWN,REAR END,NOT DIVIDED,TRAFFIC SIGNAL,IMPROPER OVERTAKING/PASSING,FAILING TO YIELD RIGHT-OF-WAY,0,0,0,0,2,1,9,1315,ASHLAND AVE,41.881155,-87.82413,09/29/2019 04:23:00 AM,2019
CR00019516,01/18/2019 07:57:00 AM,30,CLEAR,DUSK,SIDESWIPE SAME DIRECTION,NOT DIVIDED,TRAFFIC SIGNAL,FAILING TO YIELD RIGHT-OF-WAY,UNABLE TO DETERMINE,0,0,3,3,7,6,1,366,STATE ST,41.767116,-87.711584,01/18/2019 09:15:00 AM,2019
CR00019517,06/26/2020 03:15:00 AM,35,CLEAR,DAYLIGHT,PARKED MOTOR VEHICLE,DIVIDED - W/MEDIAN (NOT RAISED),YIELD,DISTRACTION - FROM INSIDE VEHICLE,UNABLE TO DETERMINE,0,0,0,0,3,6,6,815,MILWAUKEE AVE,41.739434,-87.67156,06/26/2020 04:37:00 AM,2020
CR00019518,03/04/2016 03:50:00 AM,20,CLEAR,DAYLIGHT,ANGLE,ONE-WAY,STOP SIGN/FLASHER,UNABLE TO DETERMINE,DRIVING SKILLS/KNOWLEDGE/EXPERIENCE,0,1,0,1,3,6,3,1011,47TH ST,41.846383,-87.549899,03/04/2016 05:34:00 AM,2016
CR00019519,01/26/2018 09:25:00 AM,30,CLOUDY/OVERCAST,DAYLIGHT,REAR TO FRONT,NOT DIVIDED,TRAFFIC SIGNAL,UNABLE TO DETERMINE,FAILING TO YIELD RIGHT-OF-WAY,0,0,0,0,9,6,1,977,PULASKI RD,41.706826,-87.651664,01/26/2018 09:52:00 AM,2018
CR00019520,04/26/2016 05:41:00 PM,30,CLEAR,DAYLIGHT,TURNING,NOT DIVIDED,NO CONTROLS,UNABLE TO DETERMINE,UNABLE TO DETERMINE,0,0,1,1,17,3,4,1641,STATE ST,41.914716,-87.561442,04/26/2016 05:53:00 PM,2016
CR00019521,06/14/2023 11:01:00 AM,15,RAIN,DARKNESS,TURNING,NOT DIVIDED,STOP SIGN/FLASHER,UNABLE TO DETERMINE,FAILING TO REDUCE SPEED,0,0,0,0,11,4,6,899,STATE ST,41.893419,-87.63242,06/14/2023 11:19:00 AM,2023
CR00019522,03/23/2020 03:29:00 PM,30,FREEZING RAIN/DRIZZLE,DAWN,PARKED MOTOR VEHICLE,NOT DIVIDED,NO CONTROLS,FOLLOWING TOO CLOSELY,NOT APPLICABLE,0,0,0,0,15,2,3,2108,PULASKI RD,41.824222,-87.841863,03/23/2020 05:14:00 PM,2020
CR00019523,09/22/2021 01:38:00 PM,15,CLOUDY/OVERCAST,DARKNESS - LIGHTED ROAD,REAR END,DIVIDED - W/MEDIAN (NOT RAISED),STOP SIGN/FLASHER,FAILING TO YIELD RIGHT-OF-WAY,FAILING TO YIELD RIGHT-OF-WAY,0,0,0,0,13,4,9,2110,WESTERN AVE,41.892589,-87.829075,09/22/2021 03:25:00 PM,2021
CR00019524,11/12/2019 08:15:00 PM,25,RAIN,DARKNESS,ANGLE,NOT DIVIDED,STOP SIGN/FLASHER,FAILING TO YIELD RIGHT-OF-WAY,UNABLE TO DETERMINE,0,0,0,0,20,3,11,868,WESTERN AVE,41.983117,-87.833783,11/12/2019 09:07:00 PM,2019
CR00019525,10/17/2019 07:58:00 AM,45,CLOUDY/OVERCAST,DAYLIGHT,PARKED MOTOR VEHICLE,NOT DIVIDED,TRAFFIC SIGNAL,UNABLE TO DETERMINE,WEATHER,0,0,3,3,7,5,10,1841,FULLERTON AVE,41.710421,-87.606479,10/17/2019 09:19:00 AM,2019
CR00019526,07/01/2020 02:53:00 AM,35,CLEAR,DAYLIGHT,REAR END,T-INTERSECTION,TRAFFIC SIGNAL,FAILING TO YIELD RIGHT-OF-WAY,DISREGARDING TRAFFIC SIGNALS,0,0,0,0,2,4,7,1219,47TH ST,41.73441,-87.596211,07/01/2020 03:19:00 AM,2020
CR00019527,03/23/2022 05:18:00 PM,45,CLEAR,DARKNESS,FIXED OBJECT,NOT DIVIDED,TRAFFIC SIGNAL,DISTRACTION - FROM INSIDE VEHICLE,UNABLE TO DETERMINE,0,0,2,2,17,4,3,719,ASHLAND AVE,41.795865,-87.809712,03/23/2022 05:36:00 PM,2022
CR00019528,06/26/2024 10:12:00 AM,15,CLEAR,DUSK,TURNING,DIVIDED - W/MEDIAN BARRIER,NO CONTROLS,FOLLOWING TOO CLOSELY,FAILING TO YIELD RIGHT-OF-WAY,0,2,0,2,10,4,6,1439,WESTERN AVE,41.727597,-87.661458,06/26/2024 11:17:00 AM,2024
CR00019529,03/10/2019 09:56:00 PM,40,SNOW,DARKNESS,PARKED MOTOR VEHICLE,DIVIDED - W/MEDIAN BARRIER,NO CONTROLS,UNABLE TO DETERMINE,DISTRACTION - FROM INSIDE VEHICLE,0,0,0,0,21,1,3,367,DAMEN AVE,41.839964,-87.616971,03/10/2019 11:29:00 PM,2019
CR00019530,05/26/2019 12:11:00 PM,30,CLEAR,DAYLIGHT,SIDESWIPE SAME DIRECTION,DIVIDED - W/MEDIAN BARRIER,TRAFFIC SIGNAL,UNABLE TO DETERMINE,IMPROPER LANE USAGE,0,0,0,0,12,1,5,468,MILWAUKEE AVE,41.942215,-87.772636,05/26/2019 02:05:00 PM,2019
CR00019531,01/31/2020 08:07:00 AM,40,CLEAR,DAYLIGHT,SIDESWIPE SAME DIRECTION,NOT DIVIDED,NO CONTROLS,UNABLE TO DETERMINE,FOLLOWING TOO CLOSELY,0,0,0,0,8,6,1,953,HALSTED ST,41.974962,-87.558007,01/31/2020 08:35:00 AM,2020
CR00019532,05/18/2020 11:21:00 PM,35,RAIN,DAYLIGHT,REAR END,NOT DIVIDED,NO CONTROLS,DISTRACTION - FROM INSIDE VEHICLE,NOT APPLICABLE,0,0,0,0,23,2,5,2415,LAKE SHORE DR,41.733677,-87.574544,05/19/2020 12:59:00 AM,2020
CR00019533,02/18/2020 01:38:00 PM,20,SNOW,DAYLIGHT,REAR END,NOT DIVIDED,UNKNOWN,FAILING TO REDUCE SPEED,IMPROPER OVERTAKING/PASSING,0,0,0,0,13,3,2,1855,MILWAUKEE AVE,41.800571,-87.785267,02/18/2020 02:34:00 PM,2020
CR00019534,03/27/2017 01:21:00 AM,25,CLOUDY/OVERCAST,DARKNESS - LIGHTED ROAD,REAR END,DIVIDED - W/MEDIAN (NOT RAISED),NO CONTROLS,DRIVING SKILLS/KNOWLEDGE/EXPERIENCE,FOLLOWING TOO CLOSELY,0,0,0,0,1,2,3,638,OGDEN AVE,41.864258,-87.773865,03/27/2017 03:19:00 AM,2017
CR00019535,04/03/2019 06:05:00 PM,45,CLEAR,DAWN,REAR END,ONE-WAY,TRAFFIC SIGNAL,FOLLOWING TOO CLOSELY,NOT APPLICABLE,0,0,0,0,18,4,4,2158,PULASKI RD,41.717425,-87.785301,04/03/2019 06:57:00 PM,2019
CR00019536,02/23/2024 07:50:00 AM,40,CLEAR,DAYLIGHT,TURNING,FOUR WAY,NO CONTROLS,UNABLE TO DETERMINE,NOT APPLICABLE,0,0,0,0,7,6,2,1899,FULLERTON AVE,41.701647,-87.823279,02/23/2024 07:54:00 AM,2024
CR00019537,04/10/2017 05:25:00 PM,45,CLEAR,DAYLIGHT,PARKED MOTOR VEHICLE,DIVIDED - W/MEDIAN (NOT RAISED),NO CONTROLS,FOLLOWING TOO CLOSELY,NOT APPLICABLE,0,0,0,0,17,2,4,1603,LAKE SHORE DR,41.811741,-87.809408,04/10/2017 05:41:00 PM,2017
CR00019538,08/07/2019 07:36:00 PM,30,CLEAR,DAYLIGHT,REAR END,DIVIDED - W/MEDIAN (NOT RAISED),NO CONTROLS,IMPROPER OVERTAKING/PASSING,DISREGARDING TRAFFIC SIGNALS,0,0,0,0,19,4,8,1255,MILWAUKEE AVE,41.804665,-87.576224,08/07/2019 08:29:00 PM,2019
CR00019539,12/30/2024 04:44:00 AM,40,CLOUDY/OVERCAST,DAYLIGHT,ANGLE,NOT DIVIDED,NO CONTROLS,DISREGARDING TRAFFIC SIGNALS,FOLLOWING TOO CLOSELY,0,0,0,0,4,2,12,2108,CICERO AVE,41.803946,-87.780113,12/30/2024 05:40:00 AM,2024
CR00019540,06/19/2021 05:23:00 PM,30,RAIN,DAYLIGHT,PARKED MOTOR VEHICLE,DIVIDED - W/MEDIAN BARRIER,STOP SIGN/FLASHER,FAILING TO REDUCE SPEED,UNABLE TO DETERMINE,0,0,1,1,17,7,6,2011,47TH ST,41.861285,-87.605236,06/19/2021 06:47:00 PM,2021
CR00019541,10/07/2018 08:41:00 PM,30,CLEAR,DAYLIGHT,SIDESWIPE SAME DIRECTION,DIVIDED - W/MEDIAN (NOT RAISED),NO CONTROLS,UNABLE TO DETERMINE,FAILING TO YIELD RIGHT-OF-WAY,0,0,1,1,20,1,10,133,79TH ST,41.766301,-87.615945,10/07/2018 10:20:00 PM,2018
CR00019542,01/19/2018 09:58:00 PM,35,CLEAR,DAYLIGHT,SIDESWIPE SAME DIRECTION,FOUR WAY,TRAFFIC SIGNAL,FAILING TO REDUCE SPEED,FAILING TO YIELD RIGHT-OF-WAY,0,0,0,0,21,6,1,1858,79TH ST,41.834459,-87.614735,01/19/2018 11:32:00 PM,2018
CR00019543,03/25/2015 09:21:00 AM,35,CLOUDY/OVERCAST,DAYLIGHT,FIXED OBJECT,NOT DIVIDED,UNKNOWN,IMPROPER LANE USAGE,UNABLE TO DETERMINE,0,0,0,0,9,4,3,1642,DIVISION ST,41.95937,-87.772799,03/25/2015 11:07:00 AM,2015
CR00019544,10/07/2019 08:00:00 PM,30,CLEAR,DAYLIGHT,SIDESWIPE SAME DIRECTION,NOT DIVIDED,STOP SIGN/FLASHER,DISTRACTION - FROM INSIDE VEHICLE,DRIVING SKILLS/KNOWLEDGE/EXPERIENCE,0,0,0,0,20,2,10,1986,IRVING PARK RD,41.887285,-87.81446,10/07/2019 09:07:00 PM,2019
CR00019545,03/03/2024 09:29:00 AM,35,CLEAR,DAYLIGHT,TURNING,DIVIDED - W/MEDIAN BARRIER,NO CONTROLS,FAILING TO YIELD RIGHT-OF-WAY,UNABLE TO DETERMINE,0,0,0,0,9,1,3,903,47TH ST,41.899499,-87.5861,03/03/2024 10:10:00 AM,2024
CR00019546,05/28/2017 10:37:00 AM,30,CLEAR,DAYLIGHT,REAR END,ONE-WAY,NO CONTROLS,IMPROPER OVERTAKING/PASSING,IMPROPER OVERTAKING/PASSING,0,0,0,0,10,1,5,497,MICHIGAN AVE,41.790602,-87.767715,05/28/2017 11:04:00 AM,2017
CR00019547,11/20/2019 02:49:00 PM,15,CLEAR,DAYLIGHT,ANGLE,DIVIDED - W/MEDIAN (NOT RAISED),TRAFFIC SIGNAL,IMPROPER OVERTAKING/PASSING,FOLLOWING TOO CLOSELY,0,0,0,0,14,4,11,583,CICERO AVE,41.736111,-87.588429,11/20/2019 03:10:00 PM,2019
CR00019548,10/22/2016 11:31:00 AM,15,CLEAR,DAYLIGHT,ANGLE,NOT DIVIDED,STOP SIGN/FLASHER,FAILING TO YIELD RIGHT-OF-WAY,NOT APPLICABLE,0,0,0,0,11,7,10,514,DAMEN AVE,41.89419,-87.787394,10/22/2016 01:22:00 PM,2016
CR00019549,03/07/2015 05:51:00 PM,20,CLEAR,DAYLIGHT,REAR END,DIVIDED - W/MEDIAN BARRIER,NO CONTROLS,IMPROPER LANE USAGE,NOT APPLICABLE,0,0,0,0,17,7,3,1216,CLARK ST,41.856267,-87.61894,03/07/2015 07:33:00 PM,2015
CR00019550,10/02/2018 05:42:00 PM,30,CLOUDY/OVERCAST,DAYLIGHT,SIDESWIPE SAME DIRECTION,NOT DIVIDED,UNKNOWN,FAILING TO YIELD RIGHT-OF-WAY,UNABLE TO DETERMINE,0,1,2,3,17,3,10,281,OGDEN AVE,41.974616,-87.77296,10/02/2018 06:52:00 PM,2018
CR00019551,07/30/2018 09:15:00 PM,25,CLOUDY/OVERCAST,DAYLIGHT,TURNING,ONE-WAY,TRAFFIC SIGNAL,DISTRACTION - FROM INSIDE VEHICLE,DISTRACTION - FROM INSIDE VEHICLE,0,0,0,0,21,2,7,2381,ROOSEVELT RD,41.820666,-87.565734,07/30/2018 09:29:00 PM,2018
CR00019552,08/25/2015 06:29:00 PM,30,CLEAR,DARKNESS - LIGHTED ROAD,REAR END,NOT DIVIDED,TRAFFIC SIGNAL,IMPROPER OVERTAKING/PASSING,IMPROPER LANE USAGE,0,0,0,0,18,3,8,1791,CALIFORNIA AVE,41.730735,-87.81076,08/25/2015 08:29:00 PM,2015
CR00019553,11/25/2021 01:57:00 PM,45,RAIN,DAYLIGHT,REAR END,NOT DIVIDED,PEDESTRIAN CROSSING SIGN,IMPROPER OVERTAKING/PASSING,IMPROPER LANE USAGE,0,0,0,0,13,5,11,1715,47TH ST,41.938473,-87.773393,11/25/2021 02:45:00 PM,2021
CR00019554,04/18/2021 04:35:00 PM,40,RAIN,DAYLIGHT,REAR TO FRONT,DIVIDED - W/MEDIAN (NOT RAISED),NO CONTROLS,UNABLE TO DETERMINE,NOT APPLICABLE,0,0,1,1,16,1,4,1944,LAKE SHORE DR,41.886624,-87.713942,04/18/2021 06:17:00 PM,2021
CR00019555,12/17/2024 07:18:00 AM,30,RAIN,DAYLIGHT,PARKED MOTOR VEHICLE,ONE-WAY,NO CONTROLS,UNABLE TO DETERMINE,FOLLOWING TOO CLOSELY,0,0,0,0,7,3,12,1640,ROOSEVELT RD,41.869721,-87.752614,12/17/2024 08:10:00 AM,2024
CR00019556,05/13/2022 10:38:00 AM,35,CLEAR,DAWN,REAR TO FRONT,NOT DIVIDED,UNKNOWN,UNABLE TO DETERMINE,UNABLE TO DETERMINE,0,0,1,1,10,6,5,1975,HALSTED ST,41.71235,-87.517972,05/13/2022 10:52:00 AM,2022
CR00019557,06/11/2022 12:16:00 PM,40,CLEAR,DARKNESS - LIGHTED ROAD,FIXED OBJECT,DIVIDED - W/MEDIAN (NOT RAISED),NO CONTROLS,FAILING TO REDUCE SPEED,FAILING TO YIELD RIGHT-OF-WAY,0,0,0,0,12,7,6,2061,63RD ST,41.836292,-87.608886,06/11/2022 01:49:00 PM,2022
CR00019558,05/19/2021 12:09:00 PM,25,CLEAR,DAYLIGHT,REAR END,DIVIDED - W/MEDIAN (NOT RAISED),STOP SIGN/FLASHER,IMPROPER LANE USAGE,FAILING TO REDUCE SPEED,0,0,0,0,12,4,5,107,BROADWAY,41.999645,-87.678838,05/19/2021 01:48:00 PM,2021
CR00019559,08/02/2020 09:21:00 PM,15,CLOUDY/OVERCAST,DARKNESS - LIGHTED ROAD,PEDESTRIAN,NOT DIVIDED,NO CONTROLS,DISTRACTION - FROM INSIDE VEHICLE,UNABLE TO DETERMINE,0,0,0,0,21,1,8,1471,CLARK ST,41.870237,-87.581621,08/02/2020 10:34:00 PM,2020
CR00019560,01/04/2015 05:53:00 PM,45,CLEAR,DARKNESS - LIGHTED ROAD,ANGLE,NOT DIVIDED,NO CONTROLS,FAILING TO YIELD RIGHT-OF-WAY,FOLLOWING TOO CLOSELY,0,0,0,0,17,1,1,388,DIVISION ST,41.944347,-87.609189,01/04/2015 06:48:00 PM,2015
CR00019561,05/06/2019 08:56:00 AM,35,CLEAR,DUSK,REAR TO FRONT,NOT DIVIDED,UNKNOWN,FAILING TO YIELD RIGHT-OF-WAY,DRIVING SKILLS/KNOWLEDGE/EXPERIENCE,0,0,0,0,8,2,5,2509,LAKE SHORE DR,41.890311,-87.794477,05/06/2019 09:47:00 AM,2019
CR00019562,04/25/2018 08:37:00 AM,20,RAIN,DARKNESS - LIGHTED ROAD,PEDESTRIAN,NOT DIVIDED,NO CONTROLS,IMPROPER OVERTAKING/PASSING,UNABLE TO DETERMINE,0,0,0,0,8,4,4,503,HALSTED ST,41.79053,-87.708256,04/25/2018 10:04:00 AM,2018
CR00019563,12/10/2015 03:07:00 PM,45,CLEAR,DAYLIGHT,PARKED MOTOR VEHICLE,ONE-WAY,NO CONTROLS,UNABLE TO DETERMINE,DISTRACTION - FROM INSIDE VEHICLE,0,0,0,0,15,5,12,267,DIVISION ST,41.936874,-87.602143,12/10/2015 05:01:00 PM,2015
CR00019564,08/03/2023 07:22:00 AM,30,SNOW,DARKNESS - LIGHTED ROAD,ANGLE,NOT DIVIDED,NO CONTROLS,IMPROPER LANE USAGE,DRIVING SKILLS/KNOWLEDGE/EXPERIENCE,0,0,0,0,7,5,8,1711,CLARK ST,41.949632,-87.564494,08/03/2023 08:05:00 AM,2023
CR00019565,09/20/2015 12:44:00 PM,35,CLEAR,DAYLIGHT,PARKED MOTOR VEHICLE,DIVIDED - W/MEDIAN (NOT RAISED),NO CONTROLS,UNABLE TO DETERMINE,NOT APPLICABLE,0,0,0,0,12,1,9,432,ARCHER AVE,41.95905,-87.733169,09/20/2015 01:20:00 PM,2015
CR00019566,08/11/2018 02:07:00 PM,15,CLEAR,DARKNESS,PARKED MOTOR VEHICLE,NOT DIVIDED,NO CONTROLS,DRIVING SKILLS/KNOWLEDGE/EXPERIENCE,UNABLE TO DETERMINE,0,0,0,0,14,7,8,632,ELSTON AVE,41.99829,-87.642938,08/11/2018 03:28:00 PM,2018
CR00019567,08/06/2019 03:34:00 PM,35,RAIN,DAYLIGHT,PARKED MOTOR VEHICLE,DIVIDED - W/MEDIAN (NOT RAISED),NO CONTROLS,IMPROPER OVERTAKING/PASSING,DISTRACTION - FROM INSIDE VEHICLE,0,0,0,0,15,3,8,1887,ROOSEVELT RD,41.886217,-87.54666,08/06/2019 04:17:00 PM,2019
CR00019568,03/01/2018 11:20:00 PM,20,CLEAR,DAYLIGHT,PARKED MOTOR VEHICLE,DIVIDED - W/MEDIAN BARRIER,NO CONTROLS,DRIVING SKILLS/KNOWLEDGE/EXPERIENCE,UNABLE TO DETERMINE,0,0,3,3,23,5,3,2113,47TH ST,41.942617,-87.662504,03/01/2018 11:38:00 PM,2018
CR00019569,08/12/2015 12:40:00 PM,30,CLOUDY/OVERCAST,DARKNESS - LIGHTED ROAD,REAR END,NOT DIVIDED,STOP SIGN/FLASHER,IMPROPER OVERTAKING/PASSING,NOT APPLICABLE,0,0,0,0,12,4,8,2338,DIVISION ST,41.897184,-87.589596,08/12/2015 01:30:00 PM,2015
CR00019570,11/30/2022 10:43:00 AM,20,CLEAR,DAYLIGHT,REAR TO FRONT,ONE-WAY,TRAFFIC SIGNAL,UNABLE TO DETERMINE,IMPROPER OVERTAKING/PASSING,0,0,0,0,10,4,11,1511,STONY ISLAND AVE,41.742618,-87.662606,11/30/2022 12:15:00 PM,2022
CR00019571,10/19/2015 03:25:00 PM,30,FREEZING RAIN/DRIZZLE,DAYLIGHT,REAR END,DIVIDED - W/MEDIAN BARRIER,TRAFFIC SIGNAL,UNABLE TO DETERMINE,UNABLE TO DETERMINE,0,0,0,0,15,2,10,2358,CLARK ST,41.952705,-87.748725,10/19/2015 05:17:00 PM,2015
CR00019572,01/11/2019 01:44:00 AM,30,CLEAR,DAYLIGHT,REAR TO FRONT,ONE-WAY,STOP SIGN/FLASHER,FOLLOWING TOO CLOSELY,UNABLE TO DETERMINE,0,0,0,0,1,6,1,457,PULASKI RD,41.840446,-87.554752,01/11/2019 02:32:00 AM,2019
CR00019573,11/07/2016 11:43:00 AM,30,SNOW,DAYLIGHT,REAR END,ONE-WAY,UNKNOWN,UNABLE TO DETERMINE,NOT APPLICABLE,0,0,0,0,11,2,11,895,63RD ST,41.734442,-87.678509,11/07/2016 01:06:00 PM,2016
CR00019574,08/29/2021 11:55:00 PM,30,CLEAR,DAYLIGHT,PEDESTRIAN,ONE-WAY,STOP SIGN/FLASHER,UNABLE TO DETERMINE,FOLLOWING TOO CLOSELY,0,0,0,0,23,1,8,2144,WESTERN AVE,41.741193,-87.681721,08/30/2021 01:48:00 AM,2021
CR00019575,07/27/2018 10:44:00 PM,40,SNOW,DARKNESS - LIGHTED ROAD,PEDESTRIAN,DIVIDED - W/MEDIAN (NOT RAISED),TRAFFIC SIGNAL,FOLLOWING TOO CLOSELY,IMPROPER LANE USAGE,0,0,0,0,22,6,7,2397,KEDZIE AVE,41.843192,-87.700021,07/27/2018 11:37:00 PM,2018
CR00019576,08/17/2023 06:04:00 PM,30,CLEAR,DAYLIGHT,REAR END,FOUR WAY,TRAFFIC SIGNAL,DRIVING SKILLS/KNOWLEDGE/EXPERIENCE,DISTRACTION - FROM INSIDE VEHICLE,0,0,1,1,18,5,8,710,BROADWAY,41.859805,-87.662639,08/17/2023 06:26:00 PM,2023
CR00019577,08/14/2019 11:52:00 AM,40,CLEAR,DAYLIGHT,FIXED OBJECT,T-INTERSECTION,TRAFFIC SIGNAL,IMPROPER LANE USAGE,UNABLE TO DETERMINE,0,0,0,0,11,4,8,2286,WESTERN AVE,41.910072,-87.564556,08/14/2019 12:13:00 PM,2019
CR00019578,08/03/2018 03:49:00 AM,30,RAIN,DAYLIGHT,SIDESWIPE SAME DIRECTION,NOT DIVIDED,NO CONTROLS,DRIVING SKILLS/KNOWLEDGE/EXPERIENCE,FAILING TO YIELD RIGHT-OF-WAY,0,0,0,0,3,6,8,1589,DAMEN AVE,41.881471,-87.720033,08/03/2018 04:56:00 AM,2018
CR00019579,12/15/2020 05:12:00 PM,15,CLEAR,DARKNESS - LIGHTED ROAD,PARKED MOTOR VEHICLE,ONE-WAY,UNKNOWN,FAILING TO REDUCE SPEED,NOT APPLICABLE,0,0,0,0,17,3,12,688,CICERO AVE,41.962668,-87.65668,12/15/2020 05:22:00 PM,2020
CR00019580,09/30/2021 04:16:00 PM,30,CLEAR,DUSK,FIXED OBJECT,NOT DIVIDED,STOP SIGN/FLASHER,UNABLE TO DETERMINE,FOLLOWING TOO CLOSELY,0,0,0,0,16,5,9,413,STONY ISLAND AVE,41.864418,-87.760396,09/30/2021 05:14:00 PM,2021
CR00019581,06/08/2017 01:04:00 PM,45,CLOUDY/OVERCAST,DAYLIGHT,PARKED MOTOR VEHICLE,DIVIDED - W/MEDIAN BARRIER,NO CONTROLS,UNABLE TO DETERMINE,IMPROPER OVERTAKING/PASSING,0,0,0,0,13,5,6,1712,HALSTED ST,41.738737,-87.598784,06/08/2017 02:31:00 PM,2017
CR00019582,05/31/2017 08:03:00 PM,15,CLEAR,DARKNESS,SIDESWIPE SAME DIRECTION,DIVIDED - W/MEDIAN BARRIER,UNKNOWN,FOLLOWING TOO CLOSELY,IMPROPER LANE USAGE,0,0,0,0,20,4,5,1594,DIVISION ST,41.866991,-87.656609,05/31/2017 08:42:00 PM,2017
CR00019583,03/22/2015 08:02:00 AM,30,RAIN,DAYLIGHT,REAR END,T-INTERSECTION,NO CONTROLS,IMPROPER LANE USAGE,UNABLE TO DETERMINE,0,0,0,0,8,1,3,1203,79TH ST,41.795613,-87.847144,03/22/2015 09:10:00 AM,2015
CR00019584,02/23/2018 08:55:00 PM,30,SNOW,DARKNESS,REAR END,NOT DIVIDED,NO CONTROLS,IMPROPER OVERTAKING/PASSING,FOLLOWING TOO CLOSELY,0,0,0,0,20,6,2,1925,47TH ST,41.822624,-87.557766,02/23/2018 09:35:00 PM,2018
CR00019585,01/17/2024 11:04:00 AM,40,RAIN,DAYLIGHT,SIDESWIPE SAME DIRECTION,NOT DIVIDED,NO CONTROLS,IMPROPER LANE USAGE,NOT APPLICABLE,0,0,0,0,11,4,1,1260,MICHIGAN AVE,41.988068,-87.703769,01/17/2024 12:28:00 PM,2024
CR00019586,06/30/2015 08:11:00 AM,30,CLEAR,DAYLIGHT,FIXED OBJECT,DIVIDED - W/MEDIAN (NOT RAISED),TRAFFIC SIGNAL,IMPROPER LANE USAGE,DISREGARDING TRAFFIC SIGNALS,0,0,0,0,8,3,6,2439,LAKE SHORE DR,41.730496,-87.69044,06/30/2015 08:36:00 AM,2015