CRASH_RECORD_ID,CRASH_DATE,POSTED_SPEED_LIMIT,WEATHER_CONDITION,LIGHTING_CONDITION,FIRST_CRASH_TYPE,TRAFFICWAY_TYPE,TRAFFIC_CONTROL_DEVICE,PRIM_CONTRIBUTORY_CAUSE,SEC_CONTRIBUTORY_CAUSE,INJURIES_FATAL,INJURIES_INCAPACITATING,INJURIES_NON_INCAPACITATING,INJURIES_TOTAL,CRASH_HOUR,CRASH_DAY_OF_WEEK,CRASH_MONTH,BEAT_OF_OCCURRENCE,STREET_NAME,LATITUDE,LONGITUDE,DATE_POLICE_NOTIFIED,year
CR00019587,03/17/2015 03:39:00 PM,40,CLEAR,DAWN,SIDESWIPE SAME DIRECTION,ONE-WAY,NO CONTROLS,DRIVING SKILLS/KNOWLEDGE/EXPERIENCE,IMPROPER LANE USAGE,0,0,0,0,15,3,3,1878,LAKE SHORE DR,41.95416,-87.522755,03/17/2015 04:01:00 PM,2015
CR00019588,10/16/2019 07:53:00 AM,20,CLEAR,DARKNESS,FIXED OBJECT,NOT DIVIDED,NO CONTROLS,FAILING TO YIELD RIGHT-OF-WAY,WEATHER,0,0,0,0,7,4,10,540,STATE ST,41.704611,-87.826433,10/16/2019 09:08:00 AM,2019
CR00019589,02/25/2019 08:46:00 AM,30,CLEAR,DAYLIGHT,REAR END,ONE-WAY,PEDESTRIAN CROSSING SIGN,FOLLOWING TOO CLOSELY,NOT APPLICABLE,0,0,0,0,8,2,2,1645,DIVISION ST,41.742512,-87.620927,02/25/2019 10:16:00 AM,2019
CR00019590,05/11/2023 08:00:00 AM,20,CLEAR,DARKNESS - LIGHTED ROAD,TURNING,NOT DIVIDED,NO CONTROLS,IMPROPER LANE USAGE,FOLLOWING TOO CLOSELY,0,0,0,0,8,5,5,2389,ELSTON AVE,41.894991,-87.756082,05/11/2023 08:50:00 AM,2023
CR00019591,05/05/2023 05:56:00 PM,30,CLEAR,DAYLIGHT,ANGLE,NOT DIVIDED,PEDESTRIAN CROSSING SIGN,UNABLE TO DETERMINE,FAILING TO YIELD RIGHT-OF-WAY,0,0,0,0,17,6,5,1175,BROADWAY,41.742081,-87.501991,05/05/2023 06:17:00 PM,2023
CR00019592,03/07/2018 04:15:00 PM,30,CLEAR,DUSK,TURNING,NOT DIVIDED,NO CONTROLS,FOLLOWING TOO CLOSELY,WEATHER,0,0,0,0,16,4,3,1321,DAMEN AVE,41.708695,-87.658807,03/07/2018 05:34:00 PM,2018
CR00019593,05/07/2015 12:11:00 PM,45,SNOW,DAYLIGHT,PARKED MOTOR VEHICLE,NOT DIVIDED,UNKNOWN,FOLLOWING TOO CLOSELY,DISTRACTION - FROM INSIDE VEHICLE,0,0,0,0,12,5,5,481,MICHIGAN AVE,41.978864,-87.733933,05/07/2015 02:10:00 PM,2015
CR00019594,01/28/2018 01:53:00 PM,20,CLEAR,DAYLIGHT,SIDESWIPE SAME DIRECTION,FOUR WAY,YIELD,FAILING TO REDUCE SPEED,FAILING TO REDUCE SPEED,0,0,0,0,13,1,1,548,63RD ST,41.900577,-87.570415,01/28/2018 03:27:00 PM,2018
CR00019595,11/18/2021 05:55:00 PM,15,CLEAR,DAYLIGHT,ANGLE,NOT DIVIDED,NO CONTROLS,IMPROPER LANE USAGE,DISTRACTION - FROM INSIDE VEHICLE,0,0,0,0,17,5,11,611,ELSTON AVE,41.73571,-87.656175,11/18/2021 07:24:00 PM,2021
CR00019596,08/08/2022 10:57:00 AM,15,CLEAR,DAYLIGHT,TURNING,ONE-WAY,NO CONTROLS,UNABLE TO DETERMINE,FOLLOWING TOO CLOSELY,0,0,0,0,10,2,8,318,63RD ST,41.89237,-87.810547,08/08/2022 11:34:00 AM,2022
CR00019597,06/12/2020 07:23:00 PM,35,CLEAR,DAYLIGHT,TURNING,NOT DIVIDED,STOP SIGN/FLASHER,FAILING TO REDUCE SPEED,FOLLOWING TOO CLOSELY,0,0,0,0,19,6,6,1586,MICHIGAN AVE,41.975603,-87.600304,06/12/2020 07:48:00 PM,2020
CR00019598,08/13/2018 07:48:00 AM,45,CLEAR,DARKNESS - LIGHTED ROAD,REAR END,NOT DIVIDED,TRAFFIC SIGNAL,FAILING TO YIELD RIGHT-OF-WAY,DRIVING SKILLS/KNOWLEDGE/EXPERIENCE,0,0,0,0,7,2,8,2036,KEDZIE AVE,41.984389,-87.769147,08/13/2018 09:01:00 AM,2018
CR00019599,02/16/2018 06:05:00 PM,40,CLEAR,DARKNESS - LIGHTED ROAD,SIDESWIPE SAME DIRECTION,DIVIDED - W/MEDIAN (NOT RAISED),TRAFFIC SIGNAL,FOLLOWING TOO CLOSELY,UNABLE TO DETERMINE,0,0,1,1,18,6,2,2099,HALSTED ST,41.945519,-87.67758,02/16/2018 07:52:00 PM,2018
CR00019600,06/17/2019 11:24:00 AM,30,SNOW,DAYLIGHT,PARKED MOTOR VEHICLE,NOT DIVIDED,TRAFFIC SIGNAL,UNABLE TO DETERMINE,DISTRACTION - FROM INSIDE VEHICLE,0,0,0,0,11,2,6,1372,MILWAUKEE AVE,41.803515,-87.548931,06/17/2019 12:31:00 PM,2019
CR00019601,01/05/2016 06:44:00 PM,35,RAIN,DAYLIGHT,ANGLE,NOT DIVIDED,NO CONTROLS,DISTRACTION - FROM INSIDE VEHICLE,DRIVING SKILLS/KNOWLEDGE/EXPERIENCE,0,0,0,0,18,3,1,1886,LAKE SHORE DR,41.814335,-87.780051,01/05/2016 07:23:00 PM,2016
CR00019602,09/19/2018 12:37:00 AM,45,CLEAR,DAYLIGHT,TURNING,ONE-WAY,TRAFFIC SIGNAL,UNABLE TO DETERMINE,UNABLE TO DETERMINE,0,0,0,0,0,4,9,1425,BROADWAY,41.773456,-87.510916,09/19/2018 02:37:00 AM,2018
CR00019603,11/06/2016 03:20:00 PM,35,CLEAR,DARKNESS - LIGHTED ROAD,PARKED MOTOR VEHICLE,ONE-WAY,STOP SIGN/FLASHER,UNABLE TO DETERMINE,UNABLE TO DETERMINE,0,0,0,0,15,1,11,2413,KEDZIE AVE,41.758348,-87.567439,11/06/2016 05:15:00 PM,2016
CR00019604,06/07/2018 02:45:00 AM,30,CLOUDY/OVERCAST,DAYLIGHT,REAR END,ONE-WAY,NO CONTROLS,FOLLOWING TOO CLOSELY,FOLLOWING TOO CLOSELY,0,0,0,0,2,5,6,2483,47TH ST,41.758531,-87.720886,06/07/2018 04:25:00 AM,2018
CR00019605,04/11/2019 06:07:00 PM,45,CLEAR,DAYLIGHT,TURNING,NOT DIVIDED,UNKNOWN,DISREGARDING TRAFFIC SIGNALS,NOT APPLICABLE,0,0,0,0,18,5,4,2388,LAKE SHORE DR,41.845079,-87.737329,04/11/2019 06:52:00 PM,2019
CR00019606,09/03/2016 05:50:00 PM,35,SNOW,DAYLIGHT,SIDESWIPE SAME DIRECTION,NOT DIVIDED,TRAFFIC SIGNAL,UNABLE TO DETERMINE,FAILING TO REDUCE SPEED,0,0,0,0,17,7,9,1975,CICERO AVE,41.813823,-87.633092,09/03/2016 06:55:00 PM,2016
CR00019607,06/29/2019 10:42:00 AM,25,CLEAR,DAYLIGHT,FIXED OBJECT,DIVIDED - W/MEDIAN (NOT RAISED),PEDESTRIAN CROSSING SIGN,IMPROPER LANE USAGE,DRIVING SKILLS/KNOWLEDGE/EXPERIENCE,0,0,3,3,10,7,6,1983,PULASKI RD,41.708048,-87.554084,06/29/2019 11:13:00 AM,2019
CR00019608,11/24/2021 01:14:00 PM,45,CLEAR,DAWN,TURNING,NOT DIVIDED,TRAFFIC SIGNAL,IMPROPER LANE USAGE,NOT APPLICABLE,0,0,1,1,13,4,11,1437,DAMEN AVE,41.786504,-87.767634,11/24/2021 02:24:00 PM,2021
CR00019609,11/25/2021 11:25:00 AM,15,CLEAR,DAYLIGHT,TURNING,ONE-WAY,PEDESTRIAN CROSSING SIGN,DISREGARDING TRAFFIC SIGNALS,UNABLE TO DETERMINE,0,0,0,0,11,5,11,1227,BROADWAY,41.790505,-87.680167,11/25/2021 12:47:00 PM,2021
CR00019610,01/23/2015 09:14:00 PM,45,CLEAR,DAYLIGHT,ANGLE,NOT DIVIDED,TRAFFIC SIGNAL,DISREGARDING TRAFFIC SIGNALS,DRIVING SKILLS/KNOWLEDGE/EXPERIENCE,0,0,0,0,21,6,1,1010,ELSTON AVE,41.990772,-87.544143,01/23/2015 09:16:00 PM,2015
CR00019611,07/27/2023 11:05:00 PM,15,CLEAR,DARKNESS - LIGHTED ROAD,ANGLE,DIVIDED - W/MEDIAN (NOT RAISED),NO CONTROLS,FAILING TO YIELD RIGHT-OF-WAY,DRIVING SKILLS/KNOWLEDGE/EXPERIENCE,0,0,0,0,23,5,7,2261,CICERO AVE,41.755539,-87.684943,07/28/2023 12:34:00 AM,2023
CR00019612,12/05/2019 11:15:00 AM,30,CLEAR,DUSK,PARKED MOTOR VEHICLE,DIVIDED - W/MEDIAN (NOT RAISED),TRAFFIC SIGNAL,UNABLE TO DETERMINE,FOLLOWING TOO CLOSELY,0,0,0,0,11,5,12,1460,63RD ST,41.755117,-87.794607,12/05/2019 11:22:00 AM,2019
CR00019613,06/26/2018 11:32:00 AM,45,CLEAR,DAYLIGHT,SIDESWIPE SAME DIRECTION,NOT DIVIDED,STOP SIGN/FLASHER,DRIVING SKILLS/KNOWLEDGE/EXPERIENCE,UNABLE TO DETERMINE,0,0,0,0,11,3,6,178,DIVISION ST,41.74929,-87.843596,06/26/2018 12:46:00 PM,2018
CR00019614,06/19/2015 10:21:00 AM,30,CLOUDY/OVERCAST,DAYLIGHT,REAR END,DIVIDED - W/MEDIAN BARRIER,TRAFFIC SIGNAL,UNABLE TO DETERMINE,IMPROPER OVERTAKING/PASSING,0,0,0,0,10,6,6,177,STONY ISLAND AVE,41.731336,-87.81702,06/19/2015 11:56:00 AM,2015
CR00019615,08/21/2022 01:06:00 PM,35,CLEAR,DAYLIGHT,ANGLE,NOT DIVIDED,NO CONTROLS,UNABLE TO DETERMINE,UNABLE TO DETERMINE,0,0,0,0,13,1,8,1832,CALIFORNIA AVE,41.879128,-87.624615,08/21/2022 01:45:00 PM,2022
CR00019616,02/14/2021 08:15:00 AM,30,CLEAR,DARKNESS,TURNING,FOUR WAY,TRAFFIC SIGNAL,FOLLOWING TOO CLOSELY,IMPROPER OVERTAKING/PASSING,0,0,0,0,8,1,2,846,MILWAUKEE AVE,41.908572,-87.596008,02/14/2021 09:03:00 AM,2021
CR00019617,07/03/2021 06:33:00 PM,40,SNOW,DAYLIGHT,TURNING,DIVIDED - W/MEDIAN BARRIER,TRAFFIC SIGNAL,FAILING TO YIELD RIGHT-OF-WAY,FAILING TO REDUCE SPEED,0,0,0,0,18,7,7,680,HALSTED ST,41.749817,-87.773014,07/03/2021 08:19:00 PM,2021
CR00019618,04/02/2019 05:30:00 PM,25,CLEAR,DAYLIGHT,TURNING,NOT DIVIDED,NO CONTROLS,FOLLOWING TOO CLOSELY,UNABLE TO DETERMINE,0,0,0,0,17,3,4,1625,STONY ISLAND AVE,41.925966,-87.774972,04/02/2019 06:11:00 PM,2019
CR00019619,04/13/2023 09:33:00 AM,40,CLEAR,DUSK,REAR TO FRONT,FOUR WAY,NO CONTROLS,UNABLE TO DETERMINE,UNABLE TO DETERMINE,0,0,0,0,9,5,4,948,STATE ST,41.923407,-87.602661,04/13/2023 11:23:00 AM,2023
CR00019620,11/20/2015 06:14:00 PM,20,RAIN,DAYLIGHT,TURNING,FOUR WAY,STOP SIGN/FLASHER,FAILING TO YIELD RIGHT-OF-WAY,UNABLE TO DETERMINE,0,0,0,0,18,6,11,1993,FULLERTON AVE,41.926495,-87.69785,11/20/2015 07:51:00 PM,2015
CR00019621,10/04/2019 07:33:00 AM,30,CLEAR,DAYLIGHT,SIDESWIPE SAME DIRECTION,ONE-WAY,NO CONTROLS,UNABLE TO DETERMINE,DISREGARDING TRAFFIC SIGNALS,0,0,0,0,7,6,10,670,LAKE SHORE DR,41.815265,-87.840625,10/04/2019 09:26:00 AM,2019
CR00019622,02/15/2024 03:51:00 PM,35,CLOUDY/OVERCAST,DARKNESS - LIGHTED ROAD,TURNING,DIVIDED - W/MEDIAN (NOT RAISED),TRAFFIC SIGNAL,FOLLOWING TOO CLOSELY,IMPROPER LANE USAGE,0,0,0,0,15,5,2,2210,STONY ISLAND AVE,41.968706,-87.792419,02/15/2024 04:19:00 PM,2024
CR00019623,11/02/2023 10:38:00 AM,30,CLEAR,DARKNESS - LIGHTED ROAD,REAR END,DIVIDED - W/MEDIAN BARRIER,TRAFFIC SIGNAL,UNABLE TO DETERMINE,FOLLOWING TOO CLOSELY,0,0,0,0,10,5,11,423,OGDEN AVE,41.908498,-87.693551,11/02/2023 11:06:00 AM,2023
CR00019624,07/04/2016 11:30:00 PM,45,RAIN,DAYLIGHT,REAR END,ONE-WAY,TRAFFIC SIGNAL,DISREGARDING TRAFFIC SIGNALS,DISREGARDING TRAFFIC SIGNALS,0,1,3,4,23,2,7,1257,HALSTED ST,41.752762,-87.544961,07/05/2016 01:18:00 AM,2016
CR00019625,01/19/2019 12:24:00 PM,40,CLEAR,DAYLIGHT,ANGLE,ONE-WAY,UNKNOWN,UNABLE TO DETERMINE,DISTRACTION - FROM INSIDE VEHICLE,0,0,0,0,12,7,1,1942,ASHLAND AVE,41.766873,-87.775922,01/19/2019 12:26:00 PM,2019
CR00019626,08/12/2017 02:43:00 PM,35,CLEAR,DAYLIGHT,PARKED MOTOR VEHICLE,NOT DIVIDED,STOP SIGN/FLASHER,UNABLE TO DETERMINE,IMPROPER LANE USAGE,0,0,0,0,14,7,8,1478,LAKE SHORE DR,41.863239,-87.52569,08/12/2017 03:11:00 PM,2017
CR00019627,10/18/2018 08:12:00 AM,20,RAIN,DUSK,TURNING,NOT DIVIDED,TRAFFIC SIGNAL,FAILING TO YIELD RIGHT-OF-WAY,UNABLE TO DETERMINE,0,1,1,2,8,5,10,1536,BROADWAY,41.744757,-87.606907,10/18/2018 08:29:00 AM,2018
CR00019628,11/27/2021 08:30:00 AM,15,CLOUDY/OVERCAST,DAYLIGHT,ANGLE,DIVIDED - W/MEDIAN BARRIER,STOP SIGN/FLASHER,UNABLE TO DETERMINE,DRIVING SKILLS/KNOWLEDGE/EXPERIENCE,0,0,0,0,8,7,11,306,79TH ST,41.940494,-87.53918,11/27/2021 08:36:00 AM,2021
CR00019629,03/17/2024 09:38:00 AM,30,CLEAR,DUSK,FIXED OBJECT,NOT DIVIDED,STOP SIGN/FLASHER,DISREGARDING TRAFFIC SIGNALS,IMPROPER LANE USAGE,0,0,0,0,9,1,3,2214,IRVING PARK RD,41.838908,-87.67344,03/17/2024 10:37:00 AM,2024
CR00019630,11/11/2019 05:29:00 PM,15,FOG/SMOKE/HAZE,DARKNESS,PARKED MOTOR VEHICLE,ONE-WAY,NO CONTROLS,DISREGARDING TRAFFIC SIGNALS,UNABLE TO DETERMINE,0,0,0,0,17,2,11,267,LAKE SHORE DR,41.881891,-87.538743,11/11/2019 07:02:00 PM,2019
CR00019631,01/20/2019 02:11:00 AM,20,SNOW,DAYLIGHT,SIDESWIPE SAME DIRECTION,DIVIDED - W/MEDIAN (NOT RAISED),STOP SIGN/FLASHER,DISTRACTION - FROM INSIDE VEHICLE,DISTRACTION - FROM INSIDE VEHICLE,0,0,0,0,2,1,1,2223,47TH ST,41.786823,-87.614719,01/20/2019 02:22:00 AM,2019
CR00019632,04/29/2024 05:36:00 AM,35,CLEAR,DAYLIGHT,PARKED MOTOR VEHICLE,ONE-WAY,STOP SIGN/FLASHER,FAILING TO YIELD RIGHT-OF-WAY,DISREGARDING TRAFFIC SIGNALS,0,0,0,0,5,2,4,1487,ELSTON AVE,41.757127,-87.526149,04/29/2024 05:50:00 AM,2024
CR00019633,12/17/2021 09:53:00 AM,30,CLOUDY/OVERCAST,DAYLIGHT,TURNING,NOT DIVIDED,TRAFFIC SIGNAL,UNABLE TO DETERMINE,FOLLOWING TOO CLOSELY,0,0,0,0,9,6,12,888,KEDZIE AVE,41.995879,-87.748595,12/17/2021 10:05:00 AM,2021
CR00019634,04/26/2024 07:39:00 PM,35,CLEAR,DAYLIGHT,PARKED MOTOR VEHICLE,DIVIDED - W/MEDIAN (NOT RAISED),PEDESTRIAN CROSSING SIGN,DRIVING SKILLS/KNOWLEDGE/EXPERIENCE,FOLLOWING TOO CLOSELY,0,0,0,0,19,6,4,731,DIVISION ST,41.839608,-87.76845,04/26/2024 09:00:00 PM,2024
CR00019635,10/22/2024 06:32:00 PM,30,RAIN,DAYLIGHT,TURNING,NOT DIVIDED,PEDESTRIAN CROSSING SIGN,FOLLOWING TOO CLOSELY,WEATHER,0,0,1,1,18,3,10,1232,IRVING PARK RD,41.853651,-87.676504,10/22/2024 07:42:00 PM,2024
CR00019636,12/11/2019 06:33:00 PM,40,CLEAR,DAYLIGHT,REAR END,ONE-WAY,NO CONTROLS,UNABLE TO DETERMINE,UNABLE TO DETERMINE,0,0,0,0,18,4,12,570,MILWAUKEE AVE,41.970022,-87.788916,12/11/2019 06:59:00 PM,2019
CR00019637,05/06/2015 07:50:00 PM,40,CLEAR,DUSK,REAR END,FOUR WAY,NO CONTROLS,DISREGARDING TRAFFIC SIGNALS,IMPROPER OVERTAKING/PASSING,0,0,0,0,19,4,5,1358,ELSTON AVE,41.728296,-87.547055,05/06/2015 07:55:00 PM,2015
CR00019638,03/01/2023 06:19:00 PM,15,CLEAR,DARKNESS - LIGHTED ROAD,TURNING,NOT DIVIDED,STOP SIGN/FLASHER,IMPROPER OVERTAKING/PASSING,IMPROPER LANE USAGE,0,0,0,0,18,4,3,192,OGDEN AVE,41.855942,-87.632468,03/01/2023 06:40:00 PM,2023
CR00019639,07/06/2016 02:42:00 PM,30,RAIN,DAWN,TURNING,ONE-WAY,TRAFFIC SIGNAL,UNABLE TO DETERMINE,FOLLOWING TOO CLOSELY,0,0,0,0,14,4,7,1132,MICHIGAN AVE,41.900698,-87.787195,07/06/2016 04:40:00 PM,2016
CR00019640,06/28/2015 04:30:00 AM,45,CLEAR,DAYLIGHT,TURNING,ONE-WAY,NO CONTROLS,IMPROPER LANE USAGE,UNABLE TO DETERMINE,0,0,0,0,4,1,6,350,ASHLAND AVE,41.799431,-87.710374,06/28/2015 04:53:00 AM,2015
CR00019641,08/30/2023 04:17:00 PM,35,FREEZING RAIN/DRIZZLE,DAYLIGHT,ANGLE,NOT DIVIDED,TRAFFIC SIGNAL,IMPROPER LANE USAGE,DRIVING SKILLS/KNOWLEDGE/EXPERIENCE,0,0,3,3,16,4,8,2210,79TH ST,41.822443,-87.590914,08/30/2023 04:34:00 PM,2023
CR00019642,02/26/2015 03:19:00 AM,15,FREEZING RAIN/DRIZZLE,DARKNESS - LIGHTED ROAD,TURNING,NOT DIVIDED,STOP SIGN/FLASHER,DRIVING SKILLS/KNOWLEDGE/EXPERIENCE,DISTRACTION - FROM INSIDE VEHICLE,0,0,0,0,3,5,2,120,CALIFORNIA AVE,41.955089,-87.769279,02/26/2015 04:35:00 AM,2015
CR00019643,03/05/2024 03:35:00 PM,30,CLEAR,DARKNESS - LIGHTED ROAD,REAR END,NOT DIVIDED,TRAFFIC SIGNAL,DISTRACTION - FROM INSIDE VEHICLE,DISTRACTION - FROM INSIDE VEHICLE,0,0,1,1,15,3,3,1035,STATE ST,41.725968,-87.7562,03/05/2024 04:04:00 PM,2024
CR00019644,04/06/2016 08:59:00 PM,45,CLEAR,DAYLIGHT,PARKED MOTOR VEHICLE,NOT DIVIDED,UNKNOWN,DISTRACTION - FROM INSIDE VEHICLE,FOLLOWING TOO CLOSELY,0,0,0,0,20,4,4,2058,ARCHER AVE,41.762373,-87.675082,04/06/2016 09:11:00 PM,2016
CR00019645,12/04/2023 07:02:00 PM,25,RAIN,DARKNESS,REAR END,DIVIDED - W/MEDIAN (NOT RAISED),NO CONTROLS,IMPROPER LANE USAGE,NOT APPLICABLE,0,2,2,4,19,2,12,2214,LAKE SHORE DR,41.877472,-87.644574,12/04/2023 08:48:00 PM,2023
CR00019646,01/31/2021 05:35:00 PM,25,CLEAR,DARKNESS - LIGHTED ROAD,PARKED MOTOR VEHICLE,DIVIDED - W/MEDIAN (NOT RAISED),UNKNOWN,UNABLE TO DETERMINE,UNABLE TO DETERMINE,0,0,0,0,17,1,1,1792,STONY ISLAND AVE,41.76961,-87.632352,01/31/2021 06:19:00 PM,2021
CR00019647,06/29/2024 08:38:00 PM,15,RAIN,DAYLIGHT,FIXED OBJECT,FOUR WAY,UNKNOWN,FAILING TO YIELD RIGHT-OF-WAY,UNABLE TO DETERMINE,0,0,0,0,20,7,6,419,ASHLAND AVE,41.764067,-87.63959,06/29/2024 10:36:00 PM,2024
CR00019648,05/21/2024 08:54:00 PM,40,CLEAR,DAYLIGHT,PARKED MOTOR VEHICLE,DIVIDED - W/MEDIAN (NOT RAISED),STOP SIGN/FLASHER,UNABLE TO DETERMINE,NOT APPLICABLE,0,0,0,0,20,3,5,1295,CICERO AVE,41.920677,-87.693072,05/21/2024 10:51:00 PM,2024
CR00019649,07/04/2016 01:22:00 PM,25,CLEAR,DAYLIGHT,REAR END,NOT DIVIDED,NO CONTROLS,IMPROPER LANE USAGE,FOLLOWING TOO CLOSELY,0,0,3,3,13,2,7,1680,BROADWAY,41.844701,-87.804536,07/04/2016 02:00:00 PM,2016
CR00019650,11/08/2021 01:48:00 PM,35,CLEAR,DARKNESS - LIGHTED ROAD,ANGLE,NOT DIVIDED,NO CONTROLS,FOLLOWING TOO CLOSELY,UNABLE TO DETERMINE,0,0,0,0,13,2,11,1499,STATE ST,41.956275,-87.50383,11/08/2021 03:00:00 PM,2021
CR00019651,12/22/2021 03:07:00 PM,15,CLEAR,DAYLIGHT,ANGLE,DIVIDED - W/MEDIAN (NOT RAISED),STOP SIGN/FLASHER,FOLLOWING TOO CLOSELY,UNABLE TO DETERMINE,0,0,0,0,15,4,12,272,STATE ST,41.922078,-87.723562,12/22/2021 04:14:00 PM,2021
CR00019652,11/08/2023 06:08:00 PM,20,CLEAR,DARKNESS - LIGHTED ROAD,REAR END,ONE-WAY,STOP SIGN/FLASHER,FOLLOWING TOO CLOSELY,FAILING TO YIELD RIGHT-OF-WAY,0,0,3,3,18,4,11,2360,CLARK ST,41.772024,-87.784678,11/08/2023 07:04:00 PM,2023
CR00019653,06/30/2022 07:37:00 AM,35,CLEAR,DAYLIGHT,REAR END,DIVIDED - W/MEDIAN BARRIER,NO CONTROLS,DISREGARDING TRAFFIC SIGNALS,UNABLE TO DETERMINE,0,0,0,0,7,5,6,2159,DAMEN AVE,41.945005,-87.557359,06/30/2022 07:50:00 AM,2022
CR00019654,03/08/2017 07:00:00 PM,15,CLOUDY/OVERCAST,DAYLIGHT,SIDESWIPE SAME DIRECTION,DIVIDED - W/MEDIAN BARRIER,NO CONTROLS,FAILING TO YIELD RIGHT-OF-WAY,UNABLE TO DETERMINE,0,0,0,0,19,4,3,2203,ROOSEVELT RD,41.74866,-87.610812,03/08/2017 07:18:00 PM,2017
CR00019655,04/29/2018 12:57:00 PM,35,CLEAR,DARKNESS - LIGHTED ROAD,ANGLE,NOT DIVIDED,NO CONTROLS,DRIVING SKILLS/KNOWLEDGE/EXPERIENCE,FAILING TO REDUCE SPEED,0,0,0,0,12,1,4,1233,ROOSEVELT RD,41.994837,-87.722159,04/29/2018 01:31:00 PM,2018
CR00019656,09/08/2024 09:25:00 PM,35,CLOUDY/OVERCAST,DAYLIGHT,PARKED MOTOR VEHICLE,ONE-WAY,NO CONTROLS,DISTRACTION - FROM INSIDE VEHICLE,FAILING TO REDUCE SPEED,0,0,1,1,21,1,9,1767,47TH ST,41.842048,-87.776305,09/08/2024 10:59:00 PM,2024
CR00019657,06/20/2021 11:47:00 AM,35,CLEAR,DARKNESS - LIGHTED ROAD,PARKED MOTOR VEHICLE,NOT DIVIDED,STOP SIGN/FLASHER,FOLLOWING TOO CLOSELY,FAILING TO YIELD RIGHT-OF-WAY,0,0,0,0,11,1,6,566,ARCHER AVE,41.73326,-87.835284,06/20/2021 12:47:00 PM,2021
CR00019658,04/01/2022 03:17:00 PM,30,FREEZING RAIN/DRIZZLE,DAYLIGHT,SIDESWIPE SAME DIRECTION,NOT DIVIDED,STOP SIGN/FLASHER,FOLLOWING TOO CLOSELY,FOLLOWING TOO CLOSELY,0,0,0,0,15,6,4,2000,LAKE SHORE DR,41.766461,-87.562228,04/01/2022 04:29:00 PM,2022
CR00019659,04/10/2015 06:26:00 AM,35,CLOUDY/OVERCAST,DARKNESS - LIGHTED ROAD,SIDESWIPE SAME DIRECTION,DIVIDED - W/MEDIAN (NOT RAISED),NO CONTROLS,FOLLOWING TOO CLOSELY,IMPROPER OVERTAKING/PASSING,0,0,1,1,6,6,4,1512,BROADWAY,41.821606,-87.749192,04/10/2015 07:02:00 AM,2015
CR00019660,08/18/2022 11:08:00 PM,30,CLEAR,DAYLIGHT,TURNING,NOT DIVIDED,TRAFFIC SIGNAL,DISREGARDING TRAFFIC SIGNALS,FAILING TO REDUCE SPEED,0,0,1,1,23,5,8,1966,79TH ST,41.822757,-87.810997,08/18/2022 11:24:00 PM,2022
CR00019661,02/06/2017 01:41:00 AM,30,CLEAR,DAYLIGHT,TURNING,NOT DIVIDED,NO CONTROLS,UNABLE TO DETERMINE,UNABLE TO DETERMINE,0,0,0,0,1,2,2,673,47TH ST,41.829155,-87.608647,02/06/2017 03:21:00 AM,2017
CR00019662,10/01/2020 03:58:00 PM,40,CLEAR,DAYLIGHT,REAR END,NOT DIVIDED,YIELD,UNABLE TO DETERMINE,UNABLE TO DETERMINE,0,0,0,0,15,5,10,102,ASHLAND AVE,41.776561,-87.635298,10/01/2020 05:37:00 PM,2020
CR00019663,01/22/2024 05:50:00 AM,20,CLOUDY/OVERCAST,DAYLIGHT,SIDESWIPE SAME DIRECTION,NOT DIVIDED,NO CONTROLS,DISTRACTION - FROM INSIDE VEHICLE,FOLLOWING TOO CLOSELY,0,0,0,0,5,2,1,737,ARCHER AVE,41.813251,-87.664292,01/22/2024 07:17:00 AM,2024
CR00019664,03/21/2019 08:21:00 AM,30,CLEAR,DAYLIGHT,REAR END,DIVIDED - W/MEDIAN BARRIER,NO CONTROLS,FOLLOWING TOO CLOSELY,UNABLE TO DETERMINE,0,0,0,0,8,5,3,1572,CICERO AVE,41.95749,-87.808305,03/21/2019 08:58:00 AM,2019
CR00019665,05/24/2023 06:48:00 PM,25,CLEAR,DAYLIGHT,REAR END,T-INTERSECTION,UNKNOWN,FAILING TO YIELD RIGHT-OF-WAY,DISTRACTION - FROM INSIDE VEHICLE,0,0,0,0,18,4,5,1604,ASHLAND AVE,41.773999,-87.550408,05/24/2023 08:39:00 PM,2023
CR00019666,02/09/2016 08:13:00 PM,40,CLEAR,DARKNESS - LIGHTED ROAD,REAR END,NOT DIVIDED,UNKNOWN,UNABLE TO DETERMINE,DRIVING SKILLS/KNOWLEDGE/EXPERIENCE,0,0,1,1,20,3,2,238,IRVING PARK RD,41.865096,-87.622475,02/09/2016 08:36:00 PM,2016
CR00019667,02/23/2019 11:15:00 AM,35,RAIN,DARKNESS,SIDESWIPE SAME DIRECTION,NOT DIVIDED,UNKNOWN,UNABLE TO DETERMINE,UNABLE TO DETERMINE,0,0,0,0,11,7,2,1500,STONY ISLAND AVE,41.968387,-87.501021,02/23/2019 12:37:00 PM,2019
CR00019668,06/25/2016 10:14:00 PM,15,CLEAR,DAYLIGHT,ANGLE,ONE-WAY,STOP SIGN/FLASHER,UNABLE TO DETERMINE,UNABLE TO DETERMINE,0,0,0,0,22,7,6,853,CICERO AVE,41.995363,-87.554334,06/26/2016 12:03:00 AM,2016
CR00019669,11/26/2015 10:49:00 AM,30,CLEAR,DAYLIGHT,PEDESTRIAN,ONE-WAY,TRAFFIC SIGNAL,FAILING TO REDUCE SPEED,NOT APPLICABLE,0,0,3,3,10,5,11,2380,MILWAUKEE AVE,41.804556,-87.536541,11/26/2015 11:57:00 AM,2015