CRASH_RECORD_ID,CRASH_DATE,POSTED_SPEED_LIMIT,WEATHER_CONDITION,LIGHTING_CONDITION,FIRST_CRASH_TYPE,TRAFFICWAY_TYPE,TRAFFIC_CONTROL_DEVICE,PRIM_CONTRIBUTORY_CAUSE,SEC_CONTRIBUTORY_CAUSE,INJURIES_FATAL,INJURIES_INCAPACITATING,INJURIES_NON_INCAPACITATING,INJURIES_TOTAL,CRASH_HOUR,CRASH_DAY_OF_WEEK,CRASH_MONTH,BEAT_OF_OCCURRENCE,STREET_NAME,LATITUDE,LONGITUDE,DATE_POLICE_NOTIFIED,year
CR00019670,04/27/2023 10:27:00 AM,35,RAIN,DAYLIGHT,TURNING,DIVIDED - W/MEDIAN BARRIER,STOP SIGN/FLASHER,UNABLE TO DETERMINE,DISTRACTION - FROM INSIDE VEHICLE,0,0,0,0,10,5,4,1792,FULLERTON AVE,41.951078,-87.664386,04/27/2023 10:29:00 AM,2023
CR00019671,08/30/2024 11:33:00 AM,35,CLEAR,DAYLIGHT,SIDESWIPE SAME DIRECTION,NOT DIVIDED,STOP SIGN/FLASHER,IMPROPER OVERTAKING/PASSING,DISTRACTION - FROM INSIDE VEHICLE,0,0,0,0,11,6,8,1266,MILWAUKEE AVE,41.8777,-87.508818,08/30/2024 01:12:00 PM,2024
CR00019672,06/23/2021 01:54:00 PM,20,CLOUDY/OVERCAST,DAYLIGHT,ANGLE,ONE-WAY,NO CONTROLS,UNABLE TO DETERMINE,UNABLE TO DETERMINE,0,0,0,0,13,4,6,2350,BROADWAY,41.861589,-87.828547,06/23/2021 01:56:00 PM,2021
CR00019673,05/11/2019 07:28:00 AM,45,CLEAR,DARKNESS - LIGHTED ROAD,REAR END,FOUR WAY,STOP SIGN/FLASHER,IMPROPER OVERTAKING/PASSING,DISTRACTION - FROM INSIDE VEHICLE,0,0,0,0,7,7,5,460,OGDEN AVE,41.864913,-87.755464,05/11/2019 08:56:00 AM,2019
CR00019674,06/13/2023 01:23:00 PM,15,CLEAR,DAYLIGHT,REAR END,FOUR WAY,TRAFFIC SIGNAL,UNABLE TO DETERMINE,NOT APPLICABLE,0,0,0,0,13,3,6,1524,DAMEN AVE,41.96133,-87.702571,06/13/2023 01:56:00 PM,2023
CR00019675,08/26/2016 09:18:00 AM,30,SNOW,DARKNESS - LIGHTED ROAD,REAR END,T-INTERSECTION,TRAFFIC SIGNAL,UNABLE TO DETERMINE,UNABLE TO DETERMINE,0,0,0,0,9,6,8,349,CALIFORNIA AVE,41.791211,-87.501295,08/26/2016 09:27:00 AM,2016
CR00019676,12/18/2020 03:30:00 PM,15,CLEAR,DAYLIGHT,PARKED MOTOR VEHICLE,DIVIDED - W/MEDIAN BARRIER,NO CONTROLS,DRIVING SKILLS/KNOWLEDGE/EXPERIENCE,IMPROPER LANE USAGE,0,0,0,0,15,6,12,1701,79TH ST,41.869869,-87.68806,12/18/2020 05:06:00 PM,2020
CR00019677,12/30/2018 01:10:00 AM,35,CLEAR,DARKNESS - LIGHTED ROAD,SIDESWIPE SAME DIRECTION,NOT DIVIDED,TRAFFIC SIGNAL,DISREGARDING TRAFFIC SIGNALS,UNABLE TO DETERMINE,0,0,0,0,1,1,12,1655,FULLERTON AVE,41.985564,-87.679381,12/30/2018 02:19:00 AM,2018
CR00019678,01/13/2019 02:24:00 PM,30,CLEAR,DARKNESS - LIGHTED ROAD,SIDESWIPE SAME DIRECTION,ONE-WAY,NO CONTROLS,WEATHER,IMPROPER OVERTAKING/PASSING,0,0,0,0,14,1,1,1778,DAMEN AVE,41.808995,-87.810382,01/13/2019 03:05:00 PM,2019
CR00019679,10/25/2019 11:27:00 AM,15,SNOW,DARKNESS,FIXED OBJECT,ONE-WAY,UNKNOWN,DRIVING SKILLS/KNOWLEDGE/EXPERIENCE,FAILING TO YIELD RIGHT-OF-WAY,0,0,0,0,11,6,10,417,STONY ISLAND AVE,41.849727,-87.585024,10/25/2019 12:46:00 PM,2019
CR00019680,09/09/2020 03:12:00 PM,35,CLOUDY/OVERCAST,DARKNESS - LIGHTED ROAD,REAR END,NOT DIVIDED,NO CONTROLS,DRIVING SKILLS/KNOWLEDGE/EXPERIENCE,NOT APPLICABLE,0,1,3,4,15,4,9,788,ROOSEVELT RD,41.723379,-87.827728,09/09/2020 03:16:00 PM,2020
CR00019681,12/23/2017 03:41:00 PM,30,CLEAR,DAYLIGHT,REAR END,T-INTERSECTION,NO CONTROLS,DISREGARDING TRAFFIC SIGNALS,UNABLE TO DETERMINE,0,0,0,0,15,7,12,606,ELSTON AVE,41.749518,-87.798303,12/23/2017 05:35:00 PM,2017
CR00019682,12/30/2024 05:29:00 AM,25,CLEAR,DARKNESS - LIGHTED ROAD,TURNING,ONE-WAY,TRAFFIC SIGNAL,FOLLOWING TOO CLOSELY,FAILING TO YIELD RIGHT-OF-WAY,0,0,0,0,5,2,12,1241,MILWAUKEE AVE,41.973886,-87.638935,12/30/2024 06:41:00 AM,2024
CR00019683,01/22/2023 03:05:00 PM,20,CLEAR,DUSK,TURNING,DIVIDED - W/MEDIAN (NOT RAISED),NO CONTROLS,DISREGARDING TRAFFIC SIGNALS,DISTRACTION - FROM INSIDE VEHICLE,0,0,0,0,15,1,1,2430,MICHIGAN AVE,41.813026,-87.754475,01/22/2023 04:05:00 PM,2023
CR00019684,06/23/2016 05:58:00 PM,20,RAIN,DARKNESS - LIGHTED ROAD,TURNING,NOT DIVIDED,NO CONTROLS,DRIVING SKILLS/KNOWLEDGE/EXPERIENCE,NOT APPLICABLE,0,0,0,0,17,5,6,2166,63RD ST,41.802078,-87.644861,06/23/2016 07:22:00 PM,2016
CR00019685,12/21/2015 07:33:00 AM,30,CLOUDY/OVERCAST,DUSK,PARKED MOTOR VEHICLE,NOT DIVIDED,TRAFFIC SIGNAL,DRIVING SKILLS/KNOWLEDGE/EXPERIENCE,UNABLE TO DETERMINE,0,0,2,2,7,2,12,1563,ELSTON AVE,41.834416,-87.792979,12/21/2015 08:33:00 AM,2015
CR00019686,01/31/2024 09:48:00 AM,15,RAIN,DARKNESS - LIGHTED ROAD,REAR TO FRONT,NOT DIVIDED,STOP SIGN/FLASHER,FAILING TO YIELD RIGHT-OF-WAY,DISREGARDING TRAFFIC SIGNALS,0,1,2,3,9,4,1,1052,47TH ST,41.938286,-87.614356,01/31/2024 11:19:00 AM,2024
CR00019687,01/13/2024 09:14:00 AM,30,CLEAR,DARKNESS - LIGHTED ROAD,TURNING,FOUR WAY,STOP SIGN/FLASHER,FAILING TO YIELD RIGHT-OF-WAY,NOT APPLICABLE,0,0,0,0,9,7,1,570,79TH ST,41.724104,-87.529198,01/13/2024 09:32:00 AM,2024
CR00019688,06/29/2020 12:43:00 PM,30,CLEAR,DAYLIGHT,ANGLE,ONE-WAY,NO CONTROLS,FOLLOWING TOO CLOSELY,IMPROPER LANE USAGE,0,0,3,3,12,2,6,1000,ARCHER AVE,41.802017,-87.732603,06/29/2020 01:05:00 PM,2020
CR00019689,11/27/2017 08:49:00 AM,35,CLEAR,DAYLIGHT,SIDESWIPE SAME DIRECTION,DIVIDED - W/MEDIAN (NOT RAISED),NO CONTROLS,UNABLE TO DETERMINE,DISTRACTION - FROM INSIDE VEHICLE,0,0,0,0,8,2,11,2375,ELSTON AVE,41.893005,-87.830721,11/27/2017 09:49:00 AM,2017
CR00019690,10/30/2017 01:30:00 PM,20,CLEAR,DARKNESS - LIGHTED ROAD,PARKED MOTOR VEHICLE,FOUR WAY,NO CONTROLS,FOLLOWING TOO CLOSELY,UNABLE TO DETERMINE,0,0,0,0,13,2,10,1511,LAKE SHORE DR,41.711758,-87.513362,10/30/2017 02:36:00 PM,2017
CR00019691,10/02/2022 08:02:00 PM,30,CLEAR,DARKNESS - LIGHTED ROAD,REAR END,NOT DIVIDED,TRAFFIC SIGNAL,FAILING TO REDUCE SPEED,FAILING TO YIELD RIGHT-OF-WAY,0,0,0,0,20,1,10,114,DIVISION ST,41.811073,-87.559906,10/02/2022 08:33:00 PM,2022
CR00019692,08/15/2019 08:35:00 AM,30,CLOUDY/OVERCAST,DAYLIGHT,FIXED OBJECT,DIVIDED - W/MEDIAN (NOT RAISED),NO CONTROLS,DISTRACTION - FROM INSIDE VEHICLE,FAILING TO REDUCE SPEED,0,0,0,0,8,5,8,1724,MILWAUKEE AVE,41.912684,-87.649382,08/15/2019 10:11:00 AM,2019
CR00019693,04/08/2015 05:53:00 PM,30,CLEAR,DAYLIGHT,REAR END,DIVIDED - W/MEDIAN (NOT RAISED),NO CONTROLS,FAILING TO YIELD RIGHT-OF-WAY,FOLLOWING TOO CLOSELY,0,0,0,0,17,4,4,948,CALIFORNIA AVE,41.751363,-87.50979,04/08/2015 06:52:00 PM,2015
CR00019694,02/07/2020 06:34:00 PM,35,CLOUDY/OVERCAST,DARKNESS,TURNING,DIVIDED - W/MEDIAN (NOT RAISED),STOP SIGN/FLASHER,FAILING TO YIELD RIGHT-OF-WAY,FOLLOWING TOO CLOSELY,0,0,0,0,18,6,2,176,ARCHER AVE,41.915267,-87.648142,02/07/2020 08:05:00 PM,2020
CR00019695,04/24/2020 12:38:00 PM,45,CLEAR,DARKNESS - LIGHTED ROAD,PARKED MOTOR VEHICLE,ONE-WAY,NO CONTROLS,IMPROPER OVERTAKING/PASSING,FOLLOWING TOO CLOSELY,0,0,0,0,12,6,4,1659,ROOSEVELT RD,41.965257,-87.565969,04/24/2020 01:07:00 PM,2020
CR00019696,04/13/2018 07:38:00 PM,45,CLEAR,DAYLIGHT,REAR END,NOT DIVIDED,TRAFFIC SIGNAL,IMPROPER OVERTAKING/PASSING,FOLLOWING TOO CLOSELY,0,0,0,0,19,6,4,397,PULASKI RD,41.894075,-87.586085,04/13/2018 08:18:00 PM,2018
CR00019697,08/20/2015 11:59:00 AM,25,CLEAR,DARKNESS - LIGHTED ROAD,PARKED MOTOR VEHICLE,NOT DIVIDED,UNKNOWN,UNABLE TO DETERMINE,UNABLE TO DETERMINE,0,0,0,0,11,5,8,1728,47TH ST,41.90644,-87.744837,08/20/2015 12:47:00 PM,2015
CR00019698,10/19/2016 07:25:00 AM,20,CLEAR,DARKNESS - LIGHTED ROAD,ANGLE,FOUR WAY,NO CONTROLS,UNABLE TO DETERMINE,UNABLE TO DETERMINE,0,0,0,0,7,4,10,1228,ELSTON AVE,41.875127,-87.833548,10/19/2016 08:22:00 AM,2016
CR00019699,07/25/2016 11:41:00 AM,20,CLEAR,DARKNESS - LIGHTED ROAD,TURNING,NOT DIVIDED,STOP SIGN/FLASHER,IMPROPER LANE USAGE,UNABLE TO DETERMINE,0,0,0,0,11,2,7,1410,KEDZIE AVE,41.957962,-87.518019,07/25/2016 01:08:00 PM,2016
CR00019700,02/27/2021 06:21:00 AM,30,CLEAR,DAYLIGHT,TURNING,ONE-WAY,TRAFFIC SIGNAL,IMPROPER LANE USAGE,UNABLE TO DETERMINE,0,0,1,1,6,7,2,1279,MICHIGAN AVE,41.89961,-87.839355,02/27/2021 07:54:00 AM,2021
CR00019701,05/26/2021 06:07:00 PM,35,CLEAR,DAYLIGHT,ANGLE,T-INTERSECTION,NO CONTROLS,UNABLE TO DETERMINE,DRIVING SKILLS/KNOWLEDGE/EXPERIENCE,0,0,0,0,18,4,5,1549,MICHIGAN AVE,41.884723,-87.671966,05/26/2021 07:48:00 PM,2021
CR00019702,04/01/2023 12:40:00 AM,30,CLEAR,DARKNESS - LIGHTED ROAD,TURNING,NOT DIVIDED,TRAFFIC SIGNAL,UNABLE TO DETERMINE,DRIVING SKILLS/KNOWLEDGE/EXPERIENCE,0,2,3,5,0,7,4,1748,OGDEN AVE,41.855292,-87.695454,04/01/2023 02:27:00 AM,2023
CR00019703,09/12/2021 09:48:00 AM,30,CLEAR,DAYLIGHT,PARKED MOTOR VEHICLE,FOUR WAY,STOP SIGN/FLASHER,UNABLE TO DETERMINE,DISTRACTION - FROM INSIDE VEHICLE,0,0,0,0,9,1,9,644,ELSTON AVE,41.760127,-87.757672,09/12/2021 11:16:00 AM,2021
CR00019704,03/09/2019 03:30:00 PM,40,CLEAR,DARKNESS - LIGHTED ROAD,TURNING,DIVIDED - W/MEDIAN BARRIER,NO CONTROLS,DRIVING SKILLS/KNOWLEDGE/EXPERIENCE,UNABLE TO DETERMINE,0,0,0,0,15,7,3,2202,47TH ST,41.992006,-87.528698,03/09/2019 04:22:00 PM,2019
CR00019705,10/17/2021 04:25:00 PM,45,RAIN,DARKNESS - LIGHTED ROAD,SIDESWIPE SAME DIRECTION,ONE-WAY,NO CONTROLS,UNABLE TO DETERMINE,IMPROPER OVERTAKING/PASSING,0,0,0,0,16,1,10,255,79TH ST,41.970158,-87.591915,10/17/2021 05:47:00 PM,2021
CR00019706,04/04/2016 04:03:00 PM,25,CLOUDY/OVERCAST,DAYLIGHT,TURNING,NOT DIVIDED,TRAFFIC SIGNAL,UNABLE TO DETERMINE,FAILING TO REDUCE SPEED,0,2,2,4,16,2,4,2251,79TH ST,41.848454,-87.823281,04/04/2016 04:32:00 PM,2016
CR00019707,02/18/2021 07:27:00 AM,30,CLEAR,DAYLIGHT,TURNING,DIVIDED - W/MEDIAN (NOT RAISED),NO CONTROLS,FAILING TO YIELD RIGHT-OF-WAY,DISTRACTION - FROM INSIDE VEHICLE,0,0,0,0,7,5,2,2482,STATE ST,41.966473,-87.782535,02/18/2021 07:40:00 AM,2021
CR00019708,02/10/2016 02:04:00 PM,30,CLEAR,DAYLIGHT,SIDESWIPE SAME DIRECTION,DIVIDED - W/MEDIAN (NOT RAISED),NO CONTROLS,FAILING TO YIELD RIGHT-OF-WAY,FAILING TO REDUCE SPEED,0,0,0,0,14,4,2,1060,HALSTED ST,41.730229,-87.791307,02/10/2016 02:56:00 PM,2016
CR00019709,09/15/2017 10:40:00 AM,20,SNOW,DUSK,REAR END,ONE-WAY,TRAFFIC SIGNAL,DRIVING SKILLS/KNOWLEDGE/EXPERIENCE,NOT APPLICABLE,0,0,0,0,10,6,9,1545,47TH ST,41.771161,-87.658863,09/15/2017 11:34:00 AM,2017
CR00019710,07/10/2016 12:53:00 AM,35,FREEZING RAIN/DRIZZLE,DUSK,SIDESWIPE SAME DIRECTION,NOT DIVIDED,NO CONTROLS,WEATHER,DISTRACTION - FROM INSIDE VEHICLE,0,0,0,0,0,1,7,2143,STONY ISLAND AVE,41.797763,-87.580545,07/10/2016 01:59:00 AM,2016
CR00019711,02/01/2016 06:36:00 AM,20,CLEAR,DAYLIGHT,REAR END,NOT DIVIDED,STOP SIGN/FLASHER,IMPROPER LANE USAGE,IMPROPER OVERTAKING/PASSING,0,0,0,0,6,2,2,1821,LAKE SHORE DR,41.807876,-87.577493,02/01/2016 07:16:00 AM,2016
CR00019712,07/19/2020 10:40:00 AM,40,FREEZING RAIN/DRIZZLE,DAWN,TURNING,DIVIDED - W/MEDIAN (NOT RAISED),NO CONTROLS,FOLLOWING TOO CLOSELY,FAILING TO YIELD RIGHT-OF-WAY,0,2,2,4,10,1,7,1429,ROOSEVELT RD,41.992292,-87.613772,07/19/2020 11:32:00 AM,2020
CR00019713,12/25/2022 07:24:00 PM,30,CLEAR,DAYLIGHT,ANGLE,DIVIDED - W/MEDIAN (NOT RAISED),TRAFFIC SIGNAL,FOLLOWING TOO CLOSELY,DRIVING SKILLS/KNOWLEDGE/EXPERIENCE,0,0,0,0,19,1,12,313,CALIFORNIA AVE,41.961969,-87.601507,12/25/2022 08:46:00 PM,2022
CR00019714,03/18/2022 04:58:00 PM,30,CLEAR,DAWN,ANGLE,T-INTERSECTION,STOP SIGN/FLASHER,UNABLE TO DETERMINE,FOLLOWING TOO CLOSELY,0,1,2,3,16,6,3,1389,CLARK ST,41.833725,-87.820657,03/18/2022 05:35:00 PM,2022
CR00019715,04/04/2016 09:05:00 AM,15,CLOUDY/OVERCAST,DAWN,REAR END,NOT DIVIDED,UNKNOWN,FOLLOWING TOO CLOSELY,DISTRACTION - FROM INSIDE VEHICLE,0,0,0,0,9,2,4,851,KEDZIE AVE,41.824728,-87.651742,04/04/2016 09:32:00 AM,2016
CR00019716,01/18/2022 09:46:00 AM,20,CLEAR,DAYLIGHT,PARKED MOTOR VEHICLE,NOT DIVIDED,UNKNOWN,FAILING TO REDUCE SPEED,FAILING TO YIELD RIGHT-OF-WAY,0,0,0,0,9,3,1,2510,ASHLAND AVE,41.920739,-87.53879,01/18/2022 09:53:00 AM,2022
CR00019717,08/28/2017 04:39:00 PM,35,CLEAR,DAYLIGHT,TURNING,DIVIDED - W/MEDIAN BARRIER,YIELD,FAILING TO REDUCE SPEED,DISTRACTION - FROM INSIDE VEHICLE,0,1,3,4,16,2,8,759,79TH ST,41.887214,-87.765335,08/28/2017 05:07:00 PM,2017
CR00019718,11/08/2020 08:02:00 PM,30,CLEAR,DAYLIGHT,PEDESTRIAN,NOT DIVIDED,NO CONTROLS,UNABLE TO DETERMINE,UNABLE TO DETERMINE,0,0,0,0,20,1,11,465,DAMEN AVE,41.963153,-87.715974,11/08/2020 08:35:00 PM,2020
CR00019719,11/04/2016 12:13:00 PM,20,CLEAR,DARKNESS - LIGHTED ROAD,TURNING,NOT DIVIDED,TRAFFIC SIGNAL,DISREGARDING TRAFFIC SIGNALS,UNABLE TO DETERMINE,0,0,1,1,12,6,11,2393,CICERO AVE,41.764477,-87.600093,11/04/2016 12:53:00 PM,2016
CR00019720,01/20/2022 01:17:00 PM,35,CLEAR,DARKNESS - LIGHTED ROAD,TURNING,NOT DIVIDED,NO CONTROLS,DISREGARDING TRAFFIC SIGNALS,FAILING TO YIELD RIGHT-OF-WAY,0,0,0,0,13,5,1,1637,MICHIGAN AVE,41.870481,-87.556744,01/20/2022 02:08:00 PM,2022
CR00019721,12/13/2018 05:15:00 PM,40,FREEZING RAIN/DRIZZLE,DAYLIGHT,PARKED MOTOR VEHICLE,DIVIDED - W/MEDIAN BARRIER,NO CONTROLS,FOLLOWING TOO CLOSELY,UNABLE TO DETERMINE,0,0,0,0,17,5,12,275,WESTERN AVE,41.837446,-87.64232,12/13/2018 05:40:00 PM,2018
CR00019722,03/06/2020 07:24:00 AM,30,CLEAR,DARKNESS - LIGHTED ROAD,TURNING,ONE-WAY,TRAFFIC SIGNAL,UNABLE TO DETERMINE,UNABLE TO DETERMINE,0,1,2,3,7,6,3,2471,CLARK ST,41.874996,-87.512604,03/06/2020 08:04:00 AM,2020
CR00019723,07/14/2019 03:55:00 PM,15,CLEAR,DAYLIGHT,REAR END,DIVIDED - W/MEDIAN (NOT RAISED),STOP SIGN/FLASHER,DISREGARDING TRAFFIC SIGNALS,UNABLE TO DETERMINE,0,0,0,0,15,1,7,800,ASHLAND AVE,41.78014,-87.67336,07/14/2019 04:24:00 PM,2019
CR00019724,05/03/2022 02:23:00 AM,25,CLEAR,DAYLIGHT,ANGLE,DIVIDED - W/MEDIAN (NOT RAISED),STOP SIGN/FLASHER,UNABLE TO DETERMINE,NOT APPLICABLE,0,0,1,1,2,3,5,1133,CICERO AVE,41.948444,-87.76596,05/03/2022 03:30:00 AM,2022
CR00019725,12/24/2018 07:06:00 AM,30,CLEAR,DARKNESS - LIGHTED ROAD,TURNING,NOT DIVIDED,NO CONTROLS,FAILING TO REDUCE SPEED,DRIVING SKILLS/KNOWLEDGE/EXPERIENCE,0,0,0,0,7,2,12,289,STONY ISLAND AVE,41.814282,-87.669701,12/24/2018 07:09:00 AM,2018
CR00019726,06/04/2022 03:29:00 AM,45,RAIN,DAYLIGHT,REAR END,NOT DIVIDED,TRAFFIC SIGNAL,FOLLOWING TOO CLOSELY,NOT APPLICABLE,0,0,0,0,3,7,6,1193,WESTERN AVE,41.932494,-87.712783,06/04/2022 05:26:00 AM,2022
CR00019727,08/06/2024 08:29:00 AM,30,CLEAR,DARKNESS - LIGHTED ROAD,PARKED MOTOR VEHICLE,NOT DIVIDED,TRAFFIC SIGNAL,DRIVING SKILLS/KNOWLEDGE/EXPERIENCE,FOLLOWING TOO CLOSELY,0,0,0,0,8,3,8,1650,CICERO AVE,41.726692,-87.557789,08/06/2024 09:38:00 AM,2024
CR00019728,12/08/2017 01:57:00 PM,45,CLEAR,DAYLIGHT,REAR END,NOT DIVIDED,NO CONTROLS,DISREGARDING TRAFFIC SIGNALS,NOT APPLICABLE,0,0,1,1,13,6,12,887,47TH ST,41.909511,-87.70351,12/08/2017 03:07:00 PM,2017
CR00019729,02/13/2015 04:50:00 PM,35,CLEAR,DARKNESS,REAR END,NOT DIVIDED,STOP SIGN/FLASHER,DISREGARDING TRAFFIC SIGNALS,NOT APPLICABLE,0,0,0,0,16,6,2,1206,LAKE SHORE DR,41.708685,-87.610188,02/13/2015 06:11:00 PM,2015
CR00019730,07/07/2019 08:53:00 AM,30,CLEAR,DAYLIGHT,TURNING,DIVIDED - W/MEDIAN (NOT RAISED),NO CONTROLS,IMPROPER LANE USAGE,NOT APPLICABLE,0,0,0,0,8,1,7,104,WESTERN AVE,41.744958,-87.664978,07/07/2019 09:30:00 AM,2019
CR00019731,05/14/2018 05:16:00 PM,40,SNOW,DAYLIGHT,TURNING,ONE-WAY,NO CONTROLS,FAILING TO REDUCE SPEED,UNABLE TO DETERMINE,0,0,0,0,17,2,5,434,MILWAUKEE AVE,41.790752,-87.685967,05/14/2018 05:41:00 PM,2018
CR00019732,02/06/2024 07:06:00 AM,35,RAIN,DAYLIGHT,REAR TO FRONT,FOUR WAY,NO CONTROLS,DISTRACTION - FROM INSIDE VEHICLE,FOLLOWING TOO CLOSELY,0,0,0,0,7,3,2,2246,MILWAUKEE AVE,41.872524,-87.771758,02/06/2024 09:03:00 AM,2024
CR00019733,05/10/2024 07:19:00 PM,45,CLOUDY/OVERCAST,DAYLIGHT,PARKED MOTOR VEHICLE,DIVIDED - W/MEDIAN (NOT RAISED),UNKNOWN,UNABLE TO DETERMINE,FAILING TO YIELD RIGHT-OF-WAY,0,0,0,0,19,6,5,1515,ELSTON AVE,41.976555,-87.649781,05/10/2024 08:38:00 PM,2024
CR00019734,07/29/2017 09:38:00 AM,45,CLEAR,DAYLIGHT,SIDESWIPE SAME DIRECTION,DIVIDED - W/MEDIAN (NOT RAISED),NO CONTROLS,FAILING TO YIELD RIGHT-OF-WAY,DISTRACTION - FROM INSIDE VEHICLE,0,0,0,0,9,7,7,639,63RD ST,41.82491,-87.668476,07/29/2017 10:14:00 AM,2017
CR00019735,04/15/2022 07:29:00 AM,35,CLEAR,DAYLIGHT,ANGLE,NOT DIVIDED,STOP SIGN/FLASHER,IMPROPER OVERTAKING/PASSING,DISTRACTION - FROM INSIDE VEHICLE,0,0,0,0,7,6,4,407,OGDEN AVE,41.73914,-87.68635,04/15/2022 08:48:00 AM,2022
CR00019736,08/19/2017 02:20:00 PM,25,CLEAR,DAYLIGHT,REAR END,DIVIDED - W/MEDIAN (NOT RAISED),NO CONTROLS,IMPROPER LANE USAGE,IMPROPER LANE USAGE,0,1,0,1,14,7,8,939,HALSTED ST,41.925284,-87.823297,08/19/2017 03:23:00 PM,2017
CR00019737,09/07/2021 03:42:00 PM,30,CLEAR,DARKNESS - LIGHTED ROAD,FIXED OBJECT,ONE-WAY,NO CONTROLS,IMPROPER LANE USAGE,FOLLOWING TOO CLOSELY,0,0,1,1,15,3,9,1719,ROOSEVELT RD,41.831683,-87.711297,09/07/2021 04:28:00 PM,2021
CR00019738,05/26/2019 08:13:00 AM,15,CLEAR,DUSK,TURNING,DIVIDED - W/MEDIAN (NOT RAISED),NO CONTROLS,UNABLE TO DETERMINE,NOT APPLICABLE,0,0,0,0,8,1,5,2036,MICHIGAN AVE,41.81668,-87.608118,05/26/2019 09:41:00 AM,2019
CR00019739,01/08/2018 12:36:00 PM,30,CLEAR,DAYLIGHT,REAR END,DIVIDED - W/MEDIAN (NOT RAISED),TRAFFIC SIGNAL,UNABLE TO DETERMINE,FAILING TO YIELD RIGHT-OF-WAY,0,0,0,0,12,2,1,257,ARCHER AVE,41.81086,-87.692724,01/08/2018 01:23:00 PM,2018
CR00019740,08/28/2017 05:06:00 PM,35,CLEAR,DARKNESS - LIGHTED ROAD,FIXED OBJECT,NOT DIVIDED,STOP SIGN/FLASHER,FOLLOWING TOO CLOSELY,FOLLOWING TOO CLOSELY,0,0,0,0,17,2,8,2121,ROOSEVELT RD,41.841022,-87.818526,08/28/2017 05:31:00 PM,2017
CR00019741,03/04/2019 07:48:00 AM,35,RAIN,DARKNESS - LIGHTED ROAD,TURNING,ONE-WAY,NO CONTROLS,UNABLE TO DETERMINE,UNABLE TO DETERMINE,0,0,0,0,7,2,3,848,DIVISION ST,41.883701,-87.810427,03/04/2019 08:14:00 AM,2019
CR00019742,12/25/2017 08:33:00 AM,30,CLEAR,DAYLIGHT,REAR END,FOUR WAY,NO CONTROLS,FOLLOWING TOO CLOSELY,FAILING TO REDUCE SPEED,0,0,0,0,8,2,12,1890,LAKE SHORE DR,41.810491,-87.661155,12/25/2017 09:38:00 AM,2017
CR00019743,11/08/2020 06:07:00 PM,30,RAIN,DAYLIGHT,SIDESWIPE SAME DIRECTION,DIVIDED - W/MEDIAN (NOT RAISED),NO CONTROLS,WEATHER,UNABLE TO DETERMINE,0,0,0,0,18,1,11,1629,ARCHER AVE,41.744101,-87.732906,11/08/2020 07:37:00 PM,2020
CR00019744,02/12/2021 07:51:00 PM,30,CLOUDY/OVERCAST,DAYLIGHT,TURNING,DIVIDED - W/MEDIAN (NOT RAISED),TRAFFIC SIGNAL,FOLLOWING TOO CLOSELY,UNABLE TO DETERMINE,0,0,0,0,19,6,2,2003,WESTERN AVE,41.949237,-87.782368,02/12/2021 08:23:00 PM,2021
CR00019745,12/12/2017 08:31:00 AM,40,CLEAR,DARKNESS - LIGHTED ROAD,REAR END,DIVIDED - W/MEDIAN (NOT RAISED),TRAFFIC SIGNAL,UNABLE TO DETERMINE,IMPROPER OVERTAKING/PASSING,0,0,0,0,8,3,12,1782,FULLERTON AVE,41.857357,-87.803712,12/12/2017 09:03:00 AM,2017
CR00019746,10/28/2020 01:33:00 AM,45,CLEAR,DAYLIGHT,ANGLE,NOT DIVIDED,TRAFFIC SIGNAL,FAILING TO YIELD RIGHT-OF-WAY,DISREGARDING TRAFFIC SIGNALS,0,0,0,0,1,4,10,2254,PULASKI RD,41.86047,-87.564176,10/28/2020 01:41:00 AM,2020
CR00019747,03/05/2019 12:01:00 PM,20,CLEAR,DAYLIGHT,REAR END,DIVIDED - W/MEDIAN (NOT RAISED),TRAFFIC SIGNAL,UNABLE TO DETERMINE,FAILING TO REDUCE SPEED,0,0,0,0,12,3,3,2128,KEDZIE AVE,41.882321,-87.800854,03/05/2019 01:08:00 PM,2019
CR00019748,07/25/2021 10:24:00 AM,30,CLEAR,DARKNESS - LIGHTED ROAD,SIDESWIPE SAME DIRECTION,ONE-WAY,TRAFFIC SIGNAL,FAILING TO REDUCE SPEED,DRIVING SKILLS/KNOWLEDGE/EXPERIENCE,0,0,0,0,10,1,7,291,ASHLAND AVE,41.862645,-87.83827,07/25/2021 10:47:00 AM,2021
CR00019749,07/24/2018 08:44:00 AM,30,CLEAR,DAWN,FIXED OBJECT,T-INTERSECTION,STOP SIGN/FLASHER,UNABLE TO DETERMINE,UNABLE TO DETERMINE,0,0,0,0,8,3,7,1909,CLARK ST,41.992559,-87.542461,07/24/2018 09:53:00 AM,2018
CR00019750,06/05/2020 09:25:00 PM,30,CLEAR,DAYLIGHT,ANGLE,NOT DIVIDED,NO CONTROLS,IMPROPER LANE USAGE,NOT APPLICABLE,0,0,0,0,21,6,6,1821,STATE ST,41.945804,-87.502872,06/05/2020 10:42:00 PM,2020