CRASH_RECORD_ID,CRASH_DATE,POSTED_SPEED_LIMIT,WEATHER_CONDITION,LIGHTING_CONDITION,FIRST_CRASH_TYPE,TRAFFICWAY_TYPE,TRAFFIC_CONTROL_DEVICE,PRIM_CONTRIBUTORY_CAUSE,SEC_CONTRIBUTORY_CAUSE,INJURIES_FATAL,INJURIES_INCAPACITATING,INJURIES_NON_INCAPACITATING,INJURIES_TOTAL,CRASH_HOUR,CRASH_DAY_OF_WEEK,CRASH_MONTH,BEAT_OF_OCCURRENCE,STREET_NAME,LATITUDE,LONGITUDE,DATE_POLICE_NOTIFIED,year
CR00019751,08/02/2021 04:27:00 PM,35,CLEAR,DAYLIGHT,REAR END,NOT DIVIDED,TRAFFIC SIGNAL,UNABLE TO DETERMINE,UNABLE TO DETERMINE,0,1,0,1,16,2,8,667,BROADWAY,41.757016,-87.610116,08/02/2021 05:19:00 PM,2021
CR00019752,09/19/2016 08:54:00 PM,15,CLEAR,DARKNESS - LIGHTED ROAD,SIDESWIPE SAME DIRECTION,DIVIDED - W/MEDIAN (NOT RAISED),TRAFFIC SIGNAL,IMPROPER LANE USAGE,IMPROPER OVERTAKING/PASSING,0,0,0,0,20,2,9,295,63RD ST,41.982746,-87.598454,09/19/2016 09:56:00 PM,2016
CR00019753,04/26/2016 04:59:00 PM,35,CLEAR,DARKNESS - LIGHTED ROAD,REAR END,NOT DIVIDED,NO CONTROLS,UNABLE TO DETERMINE,UNABLE TO DETERMINE,0,0,0,0,16,3,4,1810,PULASKI RD,41.98788,-87.739808,04/26/2016 06:37:00 PM,2016
CR00019754,06/01/2019 12:36:00 PM,30,FREEZING RAIN/DRIZZLE,DAYLIGHT,TURNING,T-INTERSECTION,TRAFFIC SIGNAL,DRIVING SKILLS/KNOWLEDGE/EXPERIENCE,UNABLE TO DETERMINE,0,0,0,0,12,7,6,381,ELSTON AVE,41.931131,-87.816125,06/01/2019 02:05:00 PM,2019
CR00019755,01/31/2020 03:33:00 PM,35,CLEAR,DARKNESS - LIGHTED ROAD,SIDESWIPE SAME DIRECTION,NOT DIVIDED,TRAFFIC SIGNAL,FAILING TO REDUCE SPEED,FAILING TO REDUCE SPEED,0,0,0,0,15,6,1,1181,KEDZIE AVE,41.778267,-87.549568,01/31/2020 03:53:00 PM,2020
CR00019756,08/03/2015 08:51:00 PM,30,CLEAR,DAYLIGHT,TURNING,NOT DIVIDED,TRAFFIC SIGNAL,UNABLE TO DETERMINE,NOT APPLICABLE,0,0,0,0,20,2,8,1550,DIVISION ST,41.730644,-87.817613,08/03/2015 09:25:00 PM,2015
CR00019757,03/12/2021 08:32:00 AM,35,CLEAR,DUSK,TURNING,ONE-WAY,UNKNOWN,DISTRACTION - FROM INSIDE VEHICLE,FAILING TO REDUCE SPEED,0,0,0,0,8,6,3,2441,BROADWAY,41.953241,-87.753427,03/12/2021 09:59:00 AM,2021
CR00019758,09/17/2024 03:35:00 PM,35,CLEAR,DARKNESS - LIGHTED ROAD,REAR END,DIVIDED - W/MEDIAN BARRIER,TRAFFIC SIGNAL,IMPROPER OVERTAKING/PASSING,UNABLE TO DETERMINE,0,0,0,0,15,3,9,1249,FULLERTON AVE,41.977767,-87.706692,09/17/2024 04:55:00 PM,2024
CR00019759,03/30/2019 12:41:00 PM,25,RAIN,DAYLIGHT,REAR TO FRONT,DIVIDED - W/MEDIAN BARRIER,STOP SIGN/FLASHER,UNABLE TO DETERMINE,UNABLE TO DETERMINE,0,0,0,0,12,7,3,777,BROADWAY,41.924825,-87.685532,03/30/2019 12:46:00 PM,2019
CR00019760,10/27/2019 12:29:00 PM,45,CLOUDY/OVERCAST,DAYLIGHT,PARKED MOTOR VEHICLE,NOT DIVIDED,TRAFFIC SIGNAL,FOLLOWING TOO CLOSELY,DRIVING SKILLS/KNOWLEDGE/EXPERIENCE,0,0,0,0,12,1,10,761,HALSTED ST,41.830952,-87.539158,10/27/2019 01:13:00 PM,2019
CR00019761,04/06/2015 04:00:00 PM,30,CLEAR,DARKNESS - LIGHTED ROAD,REAR END,DIVIDED - W/MEDIAN (NOT RAISED),NO CONTROLS,UNABLE TO DETERMINE,UNABLE TO DETERMINE,0,0,1,1,16,2,4,1233,MICHIGAN AVE,41.817327,-87.729634,04/06/2015 05:49:00 PM,2015
CR00019762,11/28/2021 01:24:00 PM,35,CLEAR,DAYLIGHT,REAR END,NOT DIVIDED,UNKNOWN,UNABLE TO DETERMINE,DRIVING SKILLS/KNOWLEDGE/EXPERIENCE,0,0,0,0,13,1,11,168,79TH ST,41.951495,-87.511581,11/28/2021 02:25:00 PM,2021
CR00019763,07/28/2016 09:14:00 AM,30,CLEAR,DARKNESS - LIGHTED ROAD,PARKED MOTOR VEHICLE,ONE-WAY,NO CONTROLS,DISREGARDING TRAFFIC SIGNALS,IMPROPER OVERTAKING/PASSING,0,0,0,0,9,5,7,930,OGDEN AVE,41.869516,-87.80033,07/28/2016 09:35:00 AM,2016
CR00019764,10/01/2020 04:03:00 PM,40,CLEAR,DAYLIGHT,TURNING,T-INTERSECTION,UNKNOWN,DISTRACTION - FROM INSIDE VEHICLE,UNABLE TO DETERMINE,0,0,0,0,16,5,10,1915,63RD ST,41.72289,-87.686355,10/01/2020 05:47:00 PM,2020
CR00019765,09/12/2018 08:51:00 AM,45,CLEAR,DAYLIGHT,REAR END,DIVIDED - W/MEDIAN BARRIER,TRAFFIC SIGNAL,DRIVING SKILLS/KNOWLEDGE/EXPERIENCE,UNABLE TO DETERMINE,0,0,0,0,8,4,9,1190,ARCHER AVE,41.886419,-87.612224,09/12/2018 10:03:00 AM,2018
CR00019766,11/27/2015 07:14:00 AM,40,CLEAR,DAYLIGHT,REAR END,DIVIDED - W/MEDIAN BARRIER,TRAFFIC SIGNAL,IMPROPER LANE USAGE,IMPROPER LANE USAGE,0,0,0,0,7,6,11,508,79TH ST,41.859233,-87.58773,11/27/2015 08:03:00 AM,2015
CR00019767,12/04/2016 08:22:00 AM,15,CLEAR,DAWN,SIDESWIPE SAME DIRECTION,DIVIDED - W/MEDIAN (NOT RAISED),NO CONTROLS,FAILING TO YIELD RIGHT-OF-WAY,IMPROPER OVERTAKING/PASSING,0,0,0,0,8,1,12,1638,IRVING PARK RD,41.910363,-87.705305,12/04/2016 10:10:00 AM,2016
CR00019768,12/22/2022 03:01:00 PM,45,RAIN,DARKNESS,ANGLE,DIVIDED - W/MEDIAN (NOT RAISED),UNKNOWN,UNABLE TO DETERMINE,UNABLE TO DETERMINE,0,0,0,0,15,5,12,2270,BROADWAY,41.707747,-87.756059,12/22/2022 04:00:00 PM,2022
CR00019769,12/17/2018 04:56:00 AM,30,CLEAR,DAYLIGHT,ANGLE,ONE-WAY,TRAFFIC SIGNAL,IMPROPER OVERTAKING/PASSING,UNABLE TO DETERMINE,0,0,0,0,4,2,12,2393,KEDZIE AVE,41.954686,-87.759282,12/17/2018 04:58:00 AM,2018
CR00019770,04/12/2017 08:26:00 PM,20,RAIN,DARKNESS - LIGHTED ROAD,ANGLE,NOT DIVIDED,YIELD,FAILING TO REDUCE SPEED,DISTRACTION - FROM INSIDE VEHICLE,0,0,1,1,20,4,4,1607,63RD ST,41.806874,-87.712154,04/12/2017 09:41:00 PM,2017
CR00019771,01/02/2015 01:13:00 PM,35,FREEZING RAIN/DRIZZLE,DAYLIGHT,PARKED MOTOR VEHICLE,DIVIDED - W/MEDIAN (NOT RAISED),TRAFFIC SIGNAL,UNABLE TO DETERMINE,IMPROPER OVERTAKING/PASSING,0,0,0,0,13,6,1,817,63RD ST,41.771438,-87.546692,01/02/2015 02:07:00 PM,2015
CR00019772,08/24/2015 03:15:00 PM,45,CLOUDY/OVERCAST,DAYLIGHT,REAR END,DIVIDED - W/MEDIAN (NOT RAISED),STOP SIGN/FLASHER,UNABLE TO DETERMINE,NOT APPLICABLE,0,0,3,3,15,2,8,983,HALSTED ST,41.702023,-87.783656,08/24/2015 04:47:00 PM,2015
CR00019773,05/01/2021 05:34:00 PM,45,RAIN,DAYLIGHT,SIDESWIPE SAME DIRECTION,DIVIDED - W/MEDIAN (NOT RAISED),NO CONTROLS,UNABLE TO DETERMINE,NOT APPLICABLE,0,0,0,0,17,7,5,2475,79TH ST,41.901867,-87.727941,05/01/2021 06:23:00 PM,2021
CR00019774,06/10/2019 01:24:00 PM,25,RAIN,DAYLIGHT,ANGLE,NOT DIVIDED,NO CONTROLS,FAILING TO YIELD RIGHT-OF-WAY,FAILING TO YIELD RIGHT-OF-WAY,0,0,0,0,13,2,6,306,DIVISION ST,41.740491,-87.672188,06/10/2019 01:38:00 PM,2019
CR00019775,12/03/2017 09:52:00 PM,25,CLEAR,DAYLIGHT,REAR END,FOUR WAY,TRAFFIC SIGNAL,IMPROPER LANE USAGE,DRIVING SKILLS/KNOWLEDGE/EXPERIENCE,0,0,0,0,21,1,12,2149,LAKE SHORE DR,41.766386,-87.581949,12/03/2017 11:31:00 PM,2017
CR00019776,01/18/2017 07:02:00 PM,45,CLEAR,DARKNESS - LIGHTED ROAD,PARKED MOTOR VEHICLE,ONE-WAY,NO CONTROLS,FAILING TO REDUCE SPEED,NOT APPLICABLE,0,0,0,0,19,4,1,225,STONY ISLAND AVE,41.765382,-87.746592,01/18/2017 08:58:00 PM,2017
CR00019777,11/25/2016 02:21:00 PM,40,CLEAR,DAYLIGHT,REAR END,DIVIDED - W/MEDIAN (NOT RAISED),YIELD,FAILING TO REDUCE SPEED,IMPROPER LANE USAGE,0,0,0,0,14,6,11,1323,ASHLAND AVE,41.890217,-87.627696,11/25/2016 03:37:00 PM,2016
CR00019778,07/08/2018 04:43:00 PM,35,CLEAR,DAYLIGHT,PARKED MOTOR VEHICLE,NOT DIVIDED,NO CONTROLS,DISTRACTION - FROM INSIDE VEHICLE,DRIVING SKILLS/KNOWLEDGE/EXPERIENCE,0,0,0,0,16,1,7,1141,LAKE SHORE DR,41.822767,-87.552943,07/08/2018 06:29:00 PM,2018
CR00019779,05/04/2015 02:12:00 PM,45,CLEAR,DAYLIGHT,REAR END,T-INTERSECTION,STOP SIGN/FLASHER,UNABLE TO DETERMINE,FAILING TO REDUCE SPEED,0,0,0,0,14,2,5,1096,STONY ISLAND AVE,41.812674,-87.590358,05/04/2015 03:57:00 PM,2015
CR00019780,11/13/2022 03:54:00 PM,35,RAIN,DAYLIGHT,ANGLE,DIVIDED - W/MEDIAN BARRIER,TRAFFIC SIGNAL,WEATHER,DISREGARDING TRAFFIC SIGNALS,0,0,0,0,15,1,11,709,47TH ST,41.757562,-87.746456,11/13/2022 04:18:00 PM,2022
CR00019781,05/09/2022 08:58:00 AM,40,CLEAR,DAYLIGHT,SIDESWIPE SAME DIRECTION,DIVIDED - W/MEDIAN BARRIER,TRAFFIC SIGNAL,UNABLE TO DETERMINE,IMPROPER LANE USAGE,0,0,3,3,8,2,5,2263,HALSTED ST,41.751504,-87.73263,05/09/2022 10:45:00 AM,2022
CR00019782,11/02/2017 03:13:00 PM,25,RAIN,DAYLIGHT,TURNING,DIVIDED - W/MEDIAN (NOT RAISED),NO CONTROLS,WEATHER,FOLLOWING TOO CLOSELY,0,0,0,0,15,5,11,722,IRVING PARK RD,41.963522,-87.765326,11/02/2017 05:08:00 PM,2017
CR00019783,10/09/2022 07:08:00 PM,35,CLOUDY/OVERCAST,DARKNESS,TURNING,DIVIDED - W/MEDIAN (NOT RAISED),NO CONTROLS,FAILING TO REDUCE SPEED,IMPROPER OVERTAKING/PASSING,0,0,3,3,19,1,10,1964,63RD ST,41.748226,-87.572509,10/09/2022 09:02:00 PM,2022
CR00019784,05/28/2023 06:36:00 PM,30,CLEAR,DAYLIGHT,PARKED MOTOR VEHICLE,ONE-WAY,STOP SIGN/FLASHER,DISTRACTION - FROM INSIDE VEHICLE,NOT APPLICABLE,0,0,0,0,18,1,5,2297,LAKE SHORE DR,41.977213,-87.645942,05/28/2023 08:01:00 PM,2023
CR00019785,04/14/2016 05:21:00 AM,35,RAIN,DARKNESS - LIGHTED ROAD,REAR END,DIVIDED - W/MEDIAN (NOT RAISED),STOP SIGN/FLASHER,UNABLE TO DETERMINE,UNABLE TO DETERMINE,0,0,0,0,5,5,4,1817,STONY ISLAND AVE,41.837169,-87.772265,04/14/2016 06:05:00 AM,2016
CR00019786,06/01/2018 05:53:00 PM,30,CLEAR,DARKNESS,TURNING,NOT DIVIDED,TRAFFIC SIGNAL,UNABLE TO DETERMINE,UNABLE TO DETERMINE,0,0,0,0,17,6,6,2295,63RD ST,41.898318,-87.579528,06/01/2018 07:28:00 PM,2018
CR00019787,08/16/2020 09:56:00 AM,35,CLOUDY/OVERCAST,DARKNESS - LIGHTED ROAD,REAR END,NOT DIVIDED,STOP SIGN/FLASHER,DISTRACTION - FROM INSIDE VEHICLE,UNABLE TO DETERMINE,0,0,0,0,9,1,8,480,ELSTON AVE,41.718643,-87.693696,08/16/2020 10:30:00 AM,2020
CR00019788,08/29/2018 08:52:00 AM,35,CLEAR,DARKNESS,REAR TO FRONT,DIVIDED - W/MEDIAN (NOT RAISED),STOP SIGN/FLASHER,FOLLOWING TOO CLOSELY,DISREGARDING TRAFFIC SIGNALS,0,0,0,0,8,4,8,685,CICERO AVE,41.901959,-87.694969,08/29/2018 09:01:00 AM,2018
CR00019789,12/25/2015 09:30:00 AM,20,CLEAR,DARKNESS - LIGHTED ROAD,ANGLE,FOUR WAY,NO CONTROLS,FAILING TO YIELD RIGHT-OF-WAY,DRIVING SKILLS/KNOWLEDGE/EXPERIENCE,0,0,0,0,9,6,12,754,47TH ST,41.84462,-87.526705,12/25/2015 10:58:00 AM,2015
CR00019790,05/15/2015 11:15:00 PM,15,CLEAR,DAYLIGHT,ANGLE,FOUR WAY,TRAFFIC SIGNAL,FAILING TO YIELD RIGHT-OF-WAY,IMPROPER OVERTAKING/PASSING,0,0,0,0,23,6,5,1131,MILWAUKEE AVE,41.962963,-87.80212,05/16/2015 12:20:00 AM,2015
CR00019791,08/24/2018 05:42:00 PM,30,CLEAR,DAYLIGHT,REAR END,DIVIDED - W/MEDIAN (NOT RAISED),TRAFFIC SIGNAL,UNABLE TO DETERMINE,UNABLE TO DETERMINE,0,0,1,1,17,6,8,1481,ROOSEVELT RD,41.763106,-87.77828,08/24/2018 07:18:00 PM,2018
CR00019792,10/15/2017 05:38:00 PM,30,CLEAR,DAYLIGHT,TURNING,DIVIDED - W/MEDIAN (NOT RAISED),NO CONTROLS,UNABLE TO DETERMINE,FOLLOWING TOO CLOSELY,0,0,0,0,17,1,10,217,LAKE SHORE DR,41.847313,-87.786961,10/15/2017 06:54:00 PM,2017
CR00019793,04/30/2015 07:33:00 AM,30,CLEAR,DARKNESS - LIGHTED ROAD,PARKED MOTOR VEHICLE,ONE-WAY,NO CONTROLS,UNABLE TO DETERMINE,FAILING TO YIELD RIGHT-OF-WAY,0,0,0,0,7,5,4,1749,ROOSEVELT RD,41.881518,-87.81001,04/30/2015 09:04:00 AM,2015
CR00019794,11/25/2016 10:30:00 PM,35,CLOUDY/OVERCAST,DAYLIGHT,SIDESWIPE SAME DIRECTION,NOT DIVIDED,TRAFFIC SIGNAL,UNABLE TO DETERMINE,WEATHER,0,0,0,0,22,6,11,2099,PULASKI RD,41.815778,-87.625889,11/26/2016 12:23:00 AM,2016
CR00019795,09/09/2015 02:05:00 AM,40,CLEAR,DAYLIGHT,ANGLE,DIVIDED - W/MEDIAN BARRIER,NO CONTROLS,IMPROPER OVERTAKING/PASSING,UNABLE TO DETERMINE,0,0,0,0,2,4,9,2153,MILWAUKEE AVE,41.916539,-87.844309,09/09/2015 03:15:00 AM,2015
CR00019796,02/14/2023 02:34:00 PM,35,CLOUDY/OVERCAST,DAYLIGHT,PARKED MOTOR VEHICLE,NOT DIVIDED,UNKNOWN,UNABLE TO DETERMINE,UNABLE TO DETERMINE,0,0,0,0,14,3,2,1253,IRVING PARK RD,41.773621,-87.60152,02/14/2023 04:30:00 PM,2023
CR00019797,06/26/2024 01:06:00 PM,45,RAIN,DAYLIGHT,ANGLE,DIVIDED - W/MEDIAN (NOT RAISED),NO CONTROLS,IMPROPER LANE USAGE,IMPROPER OVERTAKING/PASSING,0,0,0,0,13,4,6,1063,LAKE SHORE DR,41.873515,-87.744963,06/26/2024 01:37:00 PM,2024
CR00019798,02/01/2015 05:11:00 PM,45,CLOUDY/OVERCAST,DAYLIGHT,ANGLE,DIVIDED - W/MEDIAN (NOT RAISED),NO CONTROLS,DRIVING SKILLS/KNOWLEDGE/EXPERIENCE,FAILING TO YIELD RIGHT-OF-WAY,0,1,0,1,17,1,2,1477,DAMEN AVE,41.90237,-87.717825,02/01/2015 05:36:00 PM,2015
CR00019799,03/17/2016 07:48:00 AM,40,CLEAR,DAYLIGHT,PARKED MOTOR VEHICLE,NOT DIVIDED,NO CONTROLS,FOLLOWING TOO CLOSELY,UNABLE TO DETERMINE,0,0,0,0,7,5,3,2068,CLARK ST,41.765856,-87.537396,03/17/2016 09:02:00 AM,2016
CR00019800,10/22/2017 11:27:00 AM,30,SNOW,DAYLIGHT,TURNING,DIVIDED - W/MEDIAN (NOT RAISED),TRAFFIC SIGNAL,IMPROPER LANE USAGE,UNABLE TO DETERMINE,0,0,0,0,11,1,10,564,DIVISION ST,41.842223,-87.697295,10/22/2017 12:05:00 PM,2017
CR00019801,10/24/2019 06:17:00 PM,35,CLEAR,DARKNESS,ANGLE,NOT DIVIDED,STOP SIGN/FLASHER,FAILING TO YIELD RIGHT-OF-WAY,UNABLE TO DETERMINE,0,0,0,0,18,5,10,1143,DIVISION ST,41.885179,-87.763742,10/24/2019 07:08:00 PM,2019
CR00019802,10/13/2017 09:45:00 AM,15,CLEAR,DAYLIGHT,ANGLE,NOT DIVIDED,TRAFFIC SIGNAL,IMPROPER OVERTAKING/PASSING,FOLLOWING TOO CLOSELY,0,0,0,0,9,6,10,731,DAMEN AVE,41.741255,-87.656485,10/13/2017 11:31:00 AM,2017
CR00019803,06/14/2018 09:54:00 PM,35,CLEAR,DARKNESS - LIGHTED ROAD,REAR END,NOT DIVIDED,UNKNOWN,IMPROPER OVERTAKING/PASSING,FOLLOWING TOO CLOSELY,0,0,1,1,21,5,6,249,LAKE SHORE DR,41.890898,-87.772848,06/14/2018 10:14:00 PM,2018
CR00019804,10/16/2021 08:00:00 PM,45,RAIN,DAYLIGHT,TURNING,DIVIDED - W/MEDIAN (NOT RAISED),UNKNOWN,IMPROPER OVERTAKING/PASSING,NOT APPLICABLE,0,0,0,0,20,7,10,1090,DAMEN AVE,41.745574,-87.704782,10/16/2021 09:21:00 PM,2021
CR00019805,05/25/2020 12:59:00 AM,15,RAIN,DAYLIGHT,PARKED MOTOR VEHICLE,NOT DIVIDED,NO CONTROLS,FOLLOWING TOO CLOSELY,UNABLE TO DETERMINE,0,0,0,0,0,2,5,1375,63RD ST,41.714348,-87.682508,05/25/2020 01:52:00 AM,2020
CR00019806,06/10/2017 04:54:00 PM,20,CLEAR,DARKNESS - LIGHTED ROAD,REAR TO FRONT,DIVIDED - W/MEDIAN BARRIER,TRAFFIC SIGNAL,FAILING TO YIELD RIGHT-OF-WAY,FAILING TO YIELD RIGHT-OF-WAY,0,0,0,0,16,7,6,1823,79TH ST,41.87828,-87.801144,06/10/2017 05:37:00 PM,2017
CR00019807,06/16/2020 05:56:00 PM,35,CLEAR,DARKNESS - LIGHTED ROAD,TURNING,DIVIDED - W/MEDIAN (NOT RAISED),YIELD,IMPROPER LANE USAGE,DRIVING SKILLS/KNOWLEDGE/EXPERIENCE,0,0,0,0,17,3,6,314,WESTERN AVE,41.710599,-87.716676,06/16/2020 06:27:00 PM,2020
CR00019808,09/26/2020 06:38:00 PM,30,CLEAR,DAYLIGHT,SIDESWIPE SAME DIRECTION,T-INTERSECTION,TRAFFIC SIGNAL,UNABLE TO DETERMINE,IMPROPER LANE USAGE,0,0,0,0,18,7,9,1565,79TH ST,41.852587,-87.68563,09/26/2020 08:08:00 PM,2020
CR00019809,07/28/2024 05:06:00 PM,30,RAIN,DAYLIGHT,TURNING,DIVIDED - W/MEDIAN BARRIER,NO CONTROLS,UNABLE TO DETERMINE,FOLLOWING TOO CLOSELY,0,0,0,0,17,1,7,602,STATE ST,41.85562,-87.534643,07/28/2024 05:17:00 PM,2024
CR00019810,03/23/2018 09:26:00 PM,35,SNOW,DAYLIGHT,TURNING,FOUR WAY,STOP SIGN/FLASHER,UNABLE TO DETERMINE,IMPROPER OVERTAKING/PASSING,0,0,0,0,21,6,3,1652,STONY ISLAND AVE,41.874432,-87.604136,03/23/2018 11:00:00 PM,2018
CR00019811,06/17/2018 12:29:00 PM,30,RAIN,DARKNESS - LIGHTED ROAD,REAR TO FRONT,DIVIDED - W/MEDIAN BARRIER,NO CONTROLS,IMPROPER LANE USAGE,UNABLE TO DETERMINE,0,0,0,0,12,1,6,1619,STONY ISLAND AVE,41.809282,-87.633916,06/17/2018 01:39:00 PM,2018
CR00019812,04/29/2016 08:02:00 PM,35,CLEAR,DAYLIGHT,TURNING,T-INTERSECTION,NO CONTROLS,UNABLE TO DETERMINE,FOLLOWING TOO CLOSELY,0,0,1,1,20,6,4,2427,OGDEN AVE,41.94536,-87.508875,04/29/2016 08:06:00 PM,2016
CR00019813,06/01/2016 11:12:00 PM,45,RAIN,DARKNESS - LIGHTED ROAD,ANGLE,NOT DIVIDED,NO CONTROLS,UNABLE TO DETERMINE,FOLLOWING TOO CLOSELY,0,0,0,0,23,4,6,1608,ELSTON AVE,41.845174,-87.582276,06/02/2016 01:08:00 AM,2016
CR00019814,02/19/2023 09:37:00 AM,30,CLEAR,DAYLIGHT,PARKED MOTOR VEHICLE,ONE-WAY,TRAFFIC SIGNAL,FOLLOWING TOO CLOSELY,UNABLE TO DETERMINE,0,0,0,0,9,1,2,2352,ELSTON AVE,41.721541,-87.675578,02/19/2023 10:58:00 AM,2023
CR00019815,09/13/2024 11:02:00 AM,30,SNOW,DARKNESS - LIGHTED ROAD,PARKED MOTOR VEHICLE,NOT DIVIDED,NO CONTROLS,DISTRACTION - FROM INSIDE VEHICLE,IMPROPER LANE USAGE,0,0,0,0,11,6,9,1719,KEDZIE AVE,41.753936,-87.820158,09/13/2024 12:00:00 PM,2024
CR00019816,10/25/2020 04:18:00 PM,25,CLEAR,DAYLIGHT,PARKED MOTOR VEHICLE,NOT DIVIDED,TRAFFIC SIGNAL,UNABLE TO DETERMINE,IMPROPER OVERTAKING/PASSING,0,0,0,0,16,1,10,1604,FULLERTON AVE,41.84646,-87.796354,10/25/2020 05:28:00 PM,2020
CR00019817,11/01/2016 09:40:00 AM,30,CLOUDY/OVERCAST,DAYLIGHT,SIDESWIPE SAME DIRECTION,DIVIDED - W/MEDIAN (NOT RAISED),TRAFFIC SIGNAL,UNABLE TO DETERMINE,NOT APPLICABLE,0,0,0,0,9,3,11,341,MILWAUKEE AVE,41.873199,-87.567369,11/01/2016 11:35:00 AM,2016
CR00019818,10/19/2022 02:11:00 PM,30,CLEAR,DAYLIGHT,FIXED OBJECT,DIVIDED - W/MEDIAN BARRIER,PEDESTRIAN CROSSING SIGN,IMPROPER OVERTAKING/PASSING,DISTRACTION - FROM INSIDE VEHICLE,0,0,1,1,14,4,10,1824,IRVING PARK RD,41.853798,-87.709456,10/19/2022 03:45:00 PM,2022
CR00019819,04/29/2018 09:22:00 PM,20,CLEAR,DAYLIGHT,TURNING,FOUR WAY,NO CONTROLS,FAILING TO YIELD RIGHT-OF-WAY,UNABLE TO DETERMINE,0,0,0,0,21,1,4,1580,MILWAUKEE AVE,41.856774,-87.557127,04/29/2018 10:55:00 PM,2018
CR00019820,09/05/2022 07:23:00 AM,30,CLEAR,DARKNESS,REAR TO FRONT,NOT DIVIDED,NO CONTROLS,IMPROPER LANE USAGE,IMPROPER LANE USAGE,0,0,0,0,7,2,9,488,63RD ST,41.893378,-87.648566,09/05/2022 08:02:00 AM,2022
CR00019821,12/09/2022 08:06:00 PM,15,CLEAR,DAYLIGHT,SIDESWIPE SAME DIRECTION,NOT DIVIDED,NO CONTROLS,DISREGARDING TRAFFIC SIGNALS,DISTRACTION - FROM INSIDE VEHICLE,0,0,0,0,20,6,12,1223,PULASKI RD,41.940368,-87.769677,12/09/2022 09:06:00 PM,2022
CR00019822,04/17/2016 04:10:00 PM,20,CLEAR,DAYLIGHT,REAR END,NOT DIVIDED,YIELD,FOLLOWING TOO CLOSELY,FAILING TO REDUCE SPEED,0,0,0,0,16,1,4,360,HALSTED ST,41.722552,-87.695622,04/17/2016 05:17:00 PM,2016
CR00019823,09/10/2019 04:33:00 PM,30,CLEAR,DAYLIGHT,REAR END,FOUR WAY,PEDESTRIAN CROSSING SIGN,FAILING TO YIELD RIGHT-OF-WAY,NOT APPLICABLE,0,0,0,0,16,3,9,1661,STONY ISLAND AVE,41.802772,-87.806235,09/10/2019 06:09:00 PM,2019
CR00019824,12/04/2020 10:58:00 AM,15,CLOUDY/OVERCAST,DARKNESS - LIGHTED ROAD,ANGLE,DIVIDED - W/MEDIAN (NOT RAISED),NO CONTROLS,DRIVING SKILLS/KNOWLEDGE/EXPERIENCE,FAILING TO YIELD RIGHT-OF-WAY,0,0,0,0,10,6,12,1205,CICERO AVE,41.920626,-87.580012,12/04/2020 11:57:00 AM,2020
CR00019825,01/14/2018 11:35:00 AM,45,SNOW,DARKNESS - LIGHTED ROAD,SIDESWIPE SAME DIRECTION,FOUR WAY,PEDESTRIAN CROSSING SIGN,DISTRACTION - FROM INSIDE VEHICLE,FOLLOWING TOO CLOSELY,0,0,0,0,11,1,1,1316,DAMEN AVE,41.969986,-87.627689,01/14/2018 12:24:00 PM,2018
CR00019826,02/28/2018 05:15:00 PM,30,CLEAR,DARKNESS - LIGHTED ROAD,REAR TO FRONT,NOT DIVIDED,STOP SIGN/FLASHER,UNABLE TO DETERMINE,IMPROPER LANE USAGE,0,0,2,2,17,4,2,2238,ROOSEVELT RD,41.981411,-87.564342,02/28/2018 06:54:00 PM,2018
CR00019827,03/25/2020 06:06:00 PM,45,RAIN,DARKNESS - LIGHTED ROAD,TURNING,NOT DIVIDED,NO CONTROLS,FOLLOWING TOO CLOSELY,FAILING TO REDUCE SPEED,0,2,2,4,18,4,3,1566,LAKE SHORE DR,41.978581,-87.533207,03/25/2020 07:01:00 PM,2020
CR00019828,09/28/2022 08:52:00 PM,35,CLEAR,DAYLIGHT,REAR TO FRONT,ONE-WAY,NO CONTROLS,DISTRACTION - FROM INSIDE VEHICLE,IMPROPER LANE USAGE,0,0,0,0,20,4,9,501,BROADWAY,41.704548,-87.651737,09/28/2022 09:17:00 PM,2022
CR00019829,03/06/2017 11:31:00 AM,35,RAIN,DAYLIGHT,TURNING,FOUR WAY,UNKNOWN,IMPROPER OVERTAKING/PASSING,NOT APPLICABLE,0,0,0,0,11,2,3,1002,KEDZIE AVE,41.849156,-87.609669,03/06/2017 01:30:00 PM,2017
CR00019830,06/12/2021 01:58:00 PM,35,CLEAR,DARKNESS,REAR END,DIVIDED - W/MEDIAN BARRIER,YIELD,FOLLOWING TOO CLOSELY,IMPROPER OVERTAKING/PASSING,0,2,1,3,13,7,6,930,IRVING PARK RD,41.900519,-87.79183,06/12/2021 03:01:00 PM,2021
CR00019831,07/13/2018 08:33:00 PM,20,RAIN,DAYLIGHT,SIDESWIPE SAME DIRECTION,DIVIDED - W/MEDIAN (NOT RAISED),TRAFFIC SIGNAL,FAILING TO YIELD RIGHT-OF-WAY,UNABLE TO DETERMINE,0,0,0,0,20,6,7,476,WESTERN AVE,41.823619,-87.809033,07/13/2018 08:57:00 PM,2018