CRASH_RECORD_ID,CRASH_DATE,POSTED_SPEED_LIMIT,WEATHER_CONDITION,LIGHTING_CONDITION,FIRST_CRASH_TYPE,TRAFFICWAY_TYPE,TRAFFIC_CONTROL_DEVICE,PRIM_CONTRIBUTORY_CAUSE,SEC_CONTRIBUTORY_CAUSE,INJURIES_FATAL,INJURIES_INCAPACITATING,INJURIES_NON_INCAPACITATING,INJURIES_TOTAL,CRASH_HOUR,CRASH_DAY_OF_WEEK,CRASH_MONTH,BEAT_OF_OCCURRENCE,STREET_NAME,LATITUDE,LONGITUDE,DATE_POLICE_NOTIFIED,year
CR00019832,12/27/2021 12:22:00 AM,30,CLEAR,DARKNESS,TURNING,NOT DIVIDED,TRAFFIC SIGNAL,IMPROPER OVERTAKING/PASSING,UNABLE TO DETERMINE,0,0,0,0,0,2,12,110,ROOSEVELT RD,41.777634,-87.836175,12/27/2021 01:19:00 AM,2021
CR00019833,10/19/2023 06:49:00 PM,30,CLEAR,DAYLIGHT,TURNING,DIVIDED - W/MEDIAN (NOT RAISED),NO CONTROLS,UNABLE TO DETERMINE,UNABLE TO DETERMINE,0,0,0,0,18,5,10,1192,OGDEN AVE,41.979906,-87.601267,10/19/2023 07:40:00 PM,2023
CR00019834,12/10/2024 09:23:00 AM,30,RAIN,DARKNESS - LIGHTED ROAD,SIDESWIPE SAME DIRECTION,NOT DIVIDED,STOP SIGN/FLASHER,IMPROPER OVERTAKING/PASSING,UNABLE TO DETERMINE,0,0,0,0,9,3,12,1955,CICERO AVE,41.742325,-87.55353,12/10/2024 09:27:00 AM,2024
CR00019835,10/01/2016 11:18:00 PM,35,SNOW,DARKNESS - LIGHTED ROAD,TURNING,DIVIDED - W/MEDIAN (NOT RAISED),STOP SIGN/FLASHER,DISTRACTION - FROM INSIDE VEHICLE,DISTRACTION - FROM INSIDE VEHICLE,0,0,1,1,23,7,10,1475,ROOSEVELT RD,41.935197,-87.766638,10/02/2016 12:51:00 AM,2016
CR00019836,09/29/2021 02:46:00 PM,45,CLEAR,DAYLIGHT,REAR END,FOUR WAY,NO CONTROLS,DISREGARDING TRAFFIC SIGNALS,DRIVING SKILLS/KNOWLEDGE/EXPERIENCE,0,0,0,0,14,4,9,1637,ASHLAND AVE,41.710295,-87.730295,09/29/2021 04:35:00 PM,2021
CR00019837,09/25/2016 10:27:00 AM,15,FREEZING RAIN/DRIZZLE,DAYLIGHT,PEDESTRIAN,T-INTERSECTION,NO CONTROLS,DISTRACTION - FROM INSIDE VEHICLE,UNABLE TO DETERMINE,0,0,0,0,10,1,9,113,IRVING PARK RD,41.700188,-87.597434,09/25/2016 12:19:00 PM,2016
CR00019838,12/01/2023 01:52:00 AM,15,RAIN,DARKNESS,SIDESWIPE SAME DIRECTION,DIVIDED - W/MEDIAN (NOT RAISED),TRAFFIC SIGNAL,FAILING TO YIELD RIGHT-OF-WAY,UNABLE TO DETERMINE,0,0,0,0,1,6,12,975,KEDZIE AVE,41.906137,-87.776067,12/01/2023 03:03:00 AM,2023
CR00019839,11/16/2015 03:43:00 PM,30,CLEAR,DAYLIGHT,REAR END,DIVIDED - W/MEDIAN (NOT RAISED),NO CONTROLS,IMPROPER OVERTAKING/PASSING,UNABLE TO DETERMINE,0,0,0,0,15,2,11,2087,HALSTED ST,41.805311,-87.512442,11/16/2015 05:32:00 PM,2015
CR00019840,02/07/2024 12:30:00 PM,30,CLOUDY/OVERCAST,DARKNESS - LIGHTED ROAD,SIDESWIPE SAME DIRECTION,NOT DIVIDED,NO CONTROLS,FAILING TO REDUCE SPEED,DRIVING SKILLS/KNOWLEDGE/EXPERIENCE,0,0,0,0,12,4,2,1276,ROOSEVELT RD,41.914563,-87.577056,02/07/2024 01:55:00 PM,2024
CR00019841,09/27/2022 07:17:00 AM,35,CLEAR,DARKNESS - LIGHTED ROAD,REAR END,ONE-WAY,NO CONTROLS,FAILING TO YIELD RIGHT-OF-WAY,UNABLE TO DETERMINE,0,0,0,0,7,3,9,419,IRVING PARK RD,41.904241,-87.752138,09/27/2022 08:09:00 AM,2022
CR00019842,12/03/2015 07:25:00 PM,35,CLEAR,DAYLIGHT,TURNING,T-INTERSECTION,NO CONTROLS,UNABLE TO DETERMINE,DISTRACTION - FROM INSIDE VEHICLE,0,0,0,0,19,5,12,1566,HALSTED ST,41.739081,-87.795008,12/03/2015 08:15:00 PM,2015
CR00019843,06/25/2017 04:34:00 AM,30,RAIN,DAYLIGHT,TURNING,ONE-WAY,STOP SIGN/FLASHER,FAILING TO YIELD RIGHT-OF-WAY,NOT APPLICABLE,0,0,0,0,4,1,6,1900,63RD ST,41.940589,-87.701108,06/25/2017 05:19:00 AM,2017
CR00019844,02/03/2017 02:51:00 PM,40,CLEAR,DAWN,REAR END,NOT DIVIDED,TRAFFIC SIGNAL,IMPROPER LANE USAGE,NOT APPLICABLE,0,0,1,1,14,6,2,1359,ROOSEVELT RD,41.958821,-87.712818,02/03/2017 03:46:00 PM,2017
CR00019845,02/06/2021 08:32:00 AM,45,CLEAR,DARKNESS,SIDESWIPE SAME DIRECTION,NOT DIVIDED,YIELD,DRIVING SKILLS/KNOWLEDGE/EXPERIENCE,DISTRACTION - FROM INSIDE VEHICLE,0,0,0,0,8,7,2,1880,CLARK ST,41.892178,-87.546985,02/06/2021 09:11:00 AM,2021
CR00019846,12/09/2019 05:38:00 AM,30,CLEAR,DAYLIGHT,TURNING,DIVIDED - W/MEDIAN (NOT RAISED),NO CONTROLS,DRIVING SKILLS/KNOWLEDGE/EXPERIENCE,NOT APPLICABLE,0,2,3,5,5,2,12,2343,DIVISION ST,41.718114,-87.559892,12/09/2019 06:01:00 AM,2019
CR00019847,01/15/2023 07:33:00 PM,30,CLEAR,DAYLIGHT,SIDESWIPE SAME DIRECTION,NOT DIVIDED,TRAFFIC SIGNAL,UNABLE TO DETERMINE,FAILING TO REDUCE SPEED,0,0,0,0,19,1,1,2299,ROOSEVELT RD,41.767171,-87.516001,01/15/2023 08:13:00 PM,2023
CR00019848,01/07/2022 02:59:00 PM,30,CLEAR,DAYLIGHT,PARKED MOTOR VEHICLE,DIVIDED - W/MEDIAN (NOT RAISED),YIELD,FAILING TO YIELD RIGHT-OF-WAY,FOLLOWING TOO CLOSELY,0,0,1,1,14,6,1,2464,STATE ST,41.89321,-87.556185,01/07/2022 04:35:00 PM,2022
CR00019849,05/09/2016 03:16:00 PM,15,CLEAR,DAYLIGHT,ANGLE,NOT DIVIDED,STOP SIGN/FLASHER,UNABLE TO DETERMINE,UNABLE TO DETERMINE,0,0,0,0,15,2,5,351,LAKE SHORE DR,41.883982,-87.693413,05/09/2016 04:07:00 PM,2016
CR00019850,11/22/2024 09:49:00 AM,15,CLEAR,DAYLIGHT,REAR END,DIVIDED - W/MEDIAN (NOT RAISED),PEDESTRIAN CROSSING SIGN,IMPROPER OVERTAKING/PASSING,DISTRACTION - FROM INSIDE VEHICLE,0,0,0,0,9,6,11,1720,47TH ST,41.889106,-87.648186,11/22/2024 11:22:00 AM,2024
CR00019851,09/16/2016 09:47:00 AM,35,CLEAR,DAYLIGHT,REAR END,DIVIDED - W/MEDIAN (NOT RAISED),NO CONTROLS,DISTRACTION - FROM INSIDE VEHICLE,DRIVING SKILLS/KNOWLEDGE/EXPERIENCE,0,0,0,0,9,6,9,973,LAKE SHORE DR,41.75796,-87.559441,09/16/2016 11:27:00 AM,2016
CR00019852,11/04/2017 06:12:00 AM,35,CLEAR,DAYLIGHT,SIDESWIPE SAME DIRECTION,NOT DIVIDED,NO CONTROLS,UNABLE TO DETERMINE,NOT APPLICABLE,0,0,1,1,6,7,11,120,DIVISION ST,41.771295,-87.703463,11/04/2017 07:14:00 AM,2017
CR00019853,09/01/2016 01:51:00 PM,40,CLEAR,DARKNESS,SIDESWIPE SAME DIRECTION,FOUR WAY,TRAFFIC SIGNAL,DISTRACTION - FROM INSIDE VEHICLE,UNABLE TO DETERMINE,0,2,1,3,13,5,9,1737,HALSTED ST,41.972555,-87.761763,09/01/2016 02:15:00 PM,2016
CR00019854,12/17/2022 08:34:00 AM,20,CLEAR,DAYLIGHT,REAR END,NOT DIVIDED,YIELD,IMPROPER OVERTAKING/PASSING,FAILING TO YIELD RIGHT-OF-WAY,0,0,0,0,8,7,12,1181,47TH ST,41.749428,-87.663958,12/17/2022 08:37:00 AM,2022
CR00019855,09/24/2017 03:10:00 PM,15,CLEAR,DAYLIGHT,SIDESWIPE SAME DIRECTION,NOT DIVIDED,TRAFFIC SIGNAL,FOLLOWING TOO CLOSELY,NOT APPLICABLE,0,1,1,2,15,1,9,768,ROOSEVELT RD,41.784784,-87.568327,09/24/2017 04:11:00 PM,2017
CR00019856,10/11/2023 01:10:00 PM,20,CLEAR,DARKNESS - LIGHTED ROAD,SIDESWIPE SAME DIRECTION,NOT DIVIDED,TRAFFIC SIGNAL,FAILING TO YIELD RIGHT-OF-WAY,NOT APPLICABLE,0,0,0,0,13,4,10,2154,HALSTED ST,41.826223,-87.776922,10/11/2023 02:30:00 PM,2023
CR00019857,03/16/2017 08:20:00 AM,30,RAIN,DARKNESS,PARKED MOTOR VEHICLE,NOT DIVIDED,STOP SIGN/FLASHER,UNABLE TO DETERMINE,UNABLE TO DETERMINE,0,0,0,0,8,5,3,1687,CICERO AVE,41.794577,-87.722842,03/16/2017 08:33:00 AM,2017
CR00019858,03/14/2019 08:01:00 AM,40,CLEAR,DAYLIGHT,SIDESWIPE SAME DIRECTION,NOT DIVIDED,NO CONTROLS,FAILING TO REDUCE SPEED,UNABLE TO DETERMINE,0,0,0,0,8,5,3,2475,CALIFORNIA AVE,41.945051,-87.699053,03/14/2019 09:45:00 AM,2019
CR00019859,01/19/2022 03:43:00 PM,40,RAIN,DUSK,REAR END,DIVIDED - W/MEDIAN BARRIER,STOP SIGN/FLASHER,DISREGARDING TRAFFIC SIGNALS,FOLLOWING TOO CLOSELY,0,0,0,0,15,4,1,1296,OGDEN AVE,41.904035,-87.666796,01/19/2022 05:27:00 PM,2022
CR00019860,11/22/2020 11:03:00 PM,30,CLEAR,DAYLIGHT,REAR END,NOT DIVIDED,NO CONTROLS,FAILING TO YIELD RIGHT-OF-WAY,UNABLE TO DETERMINE,0,0,0,0,23,1,11,1531,ARCHER AVE,41.754558,-87.828951,11/23/2020 12:50:00 AM,2020
CR00019861,09/20/2018 11:33:00 PM,30,CLEAR,DUSK,PARKED MOTOR VEHICLE,NOT DIVIDED,STOP SIGN/FLASHER,IMPROPER OVERTAKING/PASSING,WEATHER,0,0,1,1,23,5,9,249,BROADWAY,41.925418,-87.661346,09/21/2018 12:00:00 AM,2018
CR00019862,07/18/2019 12:12:00 PM,30,CLEAR,DARKNESS,TURNING,NOT DIVIDED,NO CONTROLS,FOLLOWING TOO CLOSELY,FOLLOWING TOO CLOSELY,0,0,0,0,12,5,7,559,HALSTED ST,41.999281,-87.761298,07/18/2019 01:11:00 PM,2019
CR00019863,01/01/2024 06:05:00 PM,30,CLOUDY/OVERCAST,DAYLIGHT,PARKED MOTOR VEHICLE,ONE-WAY,TRAFFIC SIGNAL,DISTRACTION - FROM INSIDE VEHICLE,UNABLE TO DETERMINE,0,0,0,0,18,2,1,1593,BROADWAY,41.849793,-87.678385,01/01/2024 06:44:00 PM,2024
CR00019864,04/06/2015 09:31:00 PM,40,CLEAR,DARKNESS - LIGHTED ROAD,FIXED OBJECT,ONE-WAY,TRAFFIC SIGNAL,UNABLE TO DETERMINE,FOLLOWING TOO CLOSELY,0,0,0,0,21,2,4,1533,ASHLAND AVE,41.845755,-87.630964,04/06/2015 09:37:00 PM,2015
CR00019865,01/10/2016 11:18:00 AM,30,CLOUDY/OVERCAST,DAYLIGHT,ANGLE,DIVIDED - W/MEDIAN BARRIER,TRAFFIC SIGNAL,DISREGARDING TRAFFIC SIGNALS,FOLLOWING TOO CLOSELY,0,0,3,3,11,1,1,714,KEDZIE AVE,41.911681,-87.841043,01/10/2016 11:32:00 AM,2016
CR00019866,12/11/2019 02:42:00 AM,30,RAIN,DAYLIGHT,SIDESWIPE SAME DIRECTION,FOUR WAY,STOP SIGN/FLASHER,WEATHER,FOLLOWING TOO CLOSELY,0,0,0,0,2,4,12,497,CLARK ST,41.808606,-87.628625,12/11/2019 04:38:00 AM,2019
CR00019867,07/25/2019 02:51:00 PM,30,CLEAR,DUSK,TURNING,NOT DIVIDED,TRAFFIC SIGNAL,UNABLE TO DETERMINE,NOT APPLICABLE,0,0,0,0,14,5,7,1710,CALIFORNIA AVE,41.879076,-87.745004,07/25/2019 03:16:00 PM,2019
CR00019868,04/10/2019 08:19:00 PM,35,CLEAR,DARKNESS - LIGHTED ROAD,REAR END,FOUR WAY,NO CONTROLS,IMPROPER OVERTAKING/PASSING,DISTRACTION - FROM INSIDE VEHICLE,0,0,0,0,20,4,4,673,OGDEN AVE,41.726909,-87.641417,04/10/2019 09:30:00 PM,2019
CR00019869,05/25/2015 04:18:00 PM,30,SNOW,DARKNESS - LIGHTED ROAD,PARKED MOTOR VEHICLE,NOT DIVIDED,TRAFFIC SIGNAL,IMPROPER LANE USAGE,FAILING TO YIELD RIGHT-OF-WAY,0,0,0,0,16,2,5,1410,STONY ISLAND AVE,41.701198,-87.803234,05/25/2015 05:43:00 PM,2015
CR00019870,10/21/2015 10:34:00 AM,35,CLEAR,DAYLIGHT,FIXED OBJECT,FOUR WAY,TRAFFIC SIGNAL,IMPROPER OVERTAKING/PASSING,NOT APPLICABLE,0,0,2,2,10,4,10,1991,KEDZIE AVE,41.946396,-87.775297,10/21/2015 11:49:00 AM,2015
CR00019871,05/07/2016 09:37:00 PM,40,CLEAR,DAYLIGHT,PEDESTRIAN,NOT DIVIDED,TRAFFIC SIGNAL,UNABLE TO DETERMINE,FOLLOWING TOO CLOSELY,0,0,0,0,21,7,5,2322,KEDZIE AVE,41.766846,-87.573667,05/07/2016 10:35:00 PM,2016
CR00019872,12/14/2021 09:13:00 AM,15,CLEAR,DARKNESS,REAR END,NOT DIVIDED,NO CONTROLS,UNABLE TO DETERMINE,DISTRACTION - FROM INSIDE VEHICLE,0,0,0,0,9,3,12,1734,ARCHER AVE,41.9544,-87.72633,12/14/2021 11:08:00 AM,2021
CR00019873,10/17/2017 04:27:00 PM,15,CLEAR,DARKNESS,FIXED OBJECT,T-INTERSECTION,TRAFFIC SIGNAL,DISREGARDING TRAFFIC SIGNALS,DISREGARDING TRAFFIC SIGNALS,0,0,0,0,16,3,10,1629,OGDEN AVE,41.870361,-87.537816,10/17/2017 06:00:00 PM,2017
CR00019874,08/26/2018 03:57:00 PM,15,CLEAR,DAYLIGHT,REAR TO FRONT,ONE-WAY,UNKNOWN,DISTRACTION - FROM INSIDE VEHICLE,UNABLE TO DETERMINE,0,0,0,0,15,1,8,988,CLARK ST,41.941738,-87.607421,08/26/2018 05:43:00 PM,2018
CR00019875,09/12/2023 11:20:00 PM,30,CLEAR,DARKNESS - LIGHTED ROAD,SIDESWIPE SAME DIRECTION,DIVIDED - W/MEDIAN (NOT RAISED),NO CONTROLS,UNABLE TO DETERMINE,IMPROPER OVERTAKING/PASSING,0,0,1,1,23,3,9,312,DAMEN AVE,41.777039,-87.542057,09/12/2023 11:58:00 PM,2023
CR00019876,03/27/2021 11:58:00 AM,35,CLEAR,DAWN,REAR END,NOT DIVIDED,TRAFFIC SIGNAL,IMPROPER OVERTAKING/PASSING,DISTRACTION - FROM INSIDE VEHICLE,0,0,0,0,11,7,3,868,CALIFORNIA AVE,41.709379,-87.58513,03/27/2021 12:48:00 PM,2021
CR00019877,02/27/2024 01:58:00 AM,35,CLEAR,DAYLIGHT,REAR END,NOT DIVIDED,TRAFFIC SIGNAL,FAILING TO YIELD RIGHT-OF-WAY,DRIVING SKILLS/KNOWLEDGE/EXPERIENCE,0,0,0,0,1,3,2,2120,KEDZIE AVE,41.779569,-87.62396,02/27/2024 03:09:00 AM,2024
CR00019878,03/06/2024 04:52:00 PM,35,CLOUDY/OVERCAST,DAYLIGHT,REAR END,FOUR WAY,NO CONTROLS,UNABLE TO DETERMINE,FAILING TO REDUCE SPEED,0,0,1,1,16,4,3,1301,ARCHER AVE,41.897037,-87.509145,03/06/2024 05:10:00 PM,2024
CR00019879,02/09/2021 07:00:00 PM,45,CLEAR,DAYLIGHT,REAR END,NOT DIVIDED,NO CONTROLS,UNABLE TO DETERMINE,UNABLE TO DETERMINE,0,0,0,0,19,3,2,781,63RD ST,41.721943,-87.608912,02/09/2021 08:42:00 PM,2021
CR00019880,04/17/2021 09:07:00 AM,30,RAIN,DARKNESS - LIGHTED ROAD,REAR TO FRONT,DIVIDED - W/MEDIAN BARRIER,UNKNOWN,IMPROPER OVERTAKING/PASSING,NOT APPLICABLE,0,0,0,0,9,7,4,1673,KEDZIE AVE,41.803462,-87.712463,04/17/2021 10:00:00 AM,2021
CR00019881,09/08/2018 05:08:00 PM,35,CLEAR,DAYLIGHT,REAR END,DIVIDED - W/MEDIAN (NOT RAISED),NO CONTROLS,UNABLE TO DETERMINE,FOLLOWING TOO CLOSELY,0,0,1,1,17,7,9,2290,WESTERN AVE,41.971298,-87.77021,09/08/2018 06:53:00 PM,2018
CR00019882,01/15/2021 04:04:00 PM,35,CLEAR,DARKNESS - LIGHTED ROAD,ANGLE,FOUR WAY,NO CONTROLS,DISTRACTION - FROM INSIDE VEHICLE,FOLLOWING TOO CLOSELY,0,0,0,0,16,6,1,1552,KEDZIE AVE,41.960046,-87.708823,01/15/2021 05:34:00 PM,2021
CR00019883,01/27/2016 09:15:00 PM,40,CLEAR,DAYLIGHT,REAR END,DIVIDED - W/MEDIAN (NOT RAISED),STOP SIGN/FLASHER,DISTRACTION - FROM INSIDE VEHICLE,UNABLE TO DETERMINE,0,0,0,0,21,4,1,909,79TH ST,41.926035,-87.761049,01/27/2016 11:00:00 PM,2016
CR00019884,12/26/2015 06:05:00 PM,35,CLEAR,DAYLIGHT,ANGLE,NOT DIVIDED,TRAFFIC SIGNAL,IMPROPER LANE USAGE,UNABLE TO DETERMINE,0,0,0,0,18,7,12,1031,KEDZIE AVE,41.972078,-87.559036,12/26/2015 06:07:00 PM,2015
CR00019885,12/10/2023 10:19:00 AM,30,FREEZING RAIN/DRIZZLE,DAYLIGHT,SIDESWIPE SAME DIRECTION,NOT DIVIDED,TRAFFIC SIGNAL,FAILING TO YIELD RIGHT-OF-WAY,WEATHER,0,0,0,0,10,1,12,1367,DIVISION ST,41.828871,-87.589225,12/10/2023 12:10:00 PM,2023
CR00019886,10/09/2016 06:35:00 PM,30,SNOW,DAYLIGHT,REAR END,DIVIDED - W/MEDIAN (NOT RAISED),UNKNOWN,IMPROPER LANE USAGE,FOLLOWING TOO CLOSELY,0,0,0,0,18,1,10,2000,79TH ST,41.831726,-87.639352,10/09/2016 06:54:00 PM,2016
CR00019887,11/18/2023 05:30:00 PM,30,CLOUDY/OVERCAST,DARKNESS,ANGLE,ONE-WAY,NO CONTROLS,FOLLOWING TOO CLOSELY,NOT APPLICABLE,0,0,0,0,17,7,11,1339,79TH ST,41.93001,-87.548826,11/18/2023 07:03:00 PM,2023
CR00019888,04/20/2015 07:40:00 AM,25,CLEAR,DAYLIGHT,ANGLE,DIVIDED - W/MEDIAN BARRIER,STOP SIGN/FLASHER,FAILING TO REDUCE SPEED,NOT APPLICABLE,0,0,1,1,7,2,4,1156,BROADWAY,41.991825,-87.693742,04/20/2015 07:50:00 AM,2015
CR00019889,03/05/2015 06:19:00 PM,45,CLEAR,DAYLIGHT,ANGLE,NOT DIVIDED,NO CONTROLS,IMPROPER LANE USAGE,IMPROPER LANE USAGE,0,0,0,0,18,5,3,2372,DAMEN AVE,41.751964,-87.821845,03/05/2015 08:11:00 PM,2015
CR00019890,03/11/2021 06:24:00 PM,30,CLOUDY/OVERCAST,DUSK,TURNING,ONE-WAY,NO CONTROLS,FOLLOWING TOO CLOSELY,DRIVING SKILLS/KNOWLEDGE/EXPERIENCE,0,0,0,0,18,5,3,816,LAKE SHORE DR,41.839234,-87.606381,03/11/2021 06:58:00 PM,2021
CR00019891,01/25/2020 08:05:00 AM,30,CLEAR,DAYLIGHT,FIXED OBJECT,DIVIDED - W/MEDIAN (NOT RAISED),NO CONTROLS,DISTRACTION - FROM INSIDE VEHICLE,FOLLOWING TOO CLOSELY,0,0,0,0,8,7,1,1190,BROADWAY,41.839402,-87.676474,01/25/2020 08:18:00 AM,2020
CR00019892,03/01/2024 01:24:00 PM,30,RAIN,DARKNESS,FIXED OBJECT,NOT DIVIDED,NO CONTROLS,IMPROPER LANE USAGE,UNABLE TO DETERMINE,0,0,1,1,13,6,3,1716,ASHLAND AVE,41.857952,-87.720909,03/01/2024 02:21:00 PM,2024
CR00019893,05/04/2024 04:52:00 PM,45,SNOW,DARKNESS - LIGHTED ROAD,REAR END,DIVIDED - W/MEDIAN (NOT RAISED),STOP SIGN/FLASHER,DRIVING SKILLS/KNOWLEDGE/EXPERIENCE,DISTRACTION - FROM INSIDE VEHICLE,0,0,0,0,16,7,5,1905,CLARK ST,41.944147,-87.500658,05/04/2024 06:18:00 PM,2024
CR00019894,08/09/2015 03:43:00 PM,20,CLEAR,DARKNESS - LIGHTED ROAD,REAR END,DIVIDED - W/MEDIAN (NOT RAISED),YIELD,IMPROPER LANE USAGE,UNABLE TO DETERMINE,0,0,0,0,15,1,8,349,LAKE SHORE DR,41.707258,-87.682557,08/09/2015 04:13:00 PM,2015
CR00019895,08/21/2024 10:58:00 PM,40,CLEAR,DAYLIGHT,PEDESTRIAN,ONE-WAY,STOP SIGN/FLASHER,FOLLOWING TOO CLOSELY,IMPROPER OVERTAKING/PASSING,0,0,0,0,22,4,8,2348,KEDZIE AVE,41.956823,-87.626963,08/21/2024 11:04:00 PM,2024
CR00019896,11/17/2017 08:19:00 PM,25,CLOUDY/OVERCAST,DAYLIGHT,FIXED OBJECT,NOT DIVIDED,NO CONTROLS,DISREGARDING TRAFFIC SIGNALS,NOT APPLICABLE,0,0,0,0,20,6,11,165,ELSTON AVE,41.865808,-87.505648,11/17/2017 08:26:00 PM,2017
CR00019897,03/29/2024 01:32:00 PM,35,CLEAR,DAYLIGHT,SIDESWIPE SAME DIRECTION,T-INTERSECTION,NO CONTROLS,UNABLE TO DETERMINE,FOLLOWING TOO CLOSELY,0,0,0,0,13,6,3,2213,WESTERN AVE,41.947497,-87.734771,03/29/2024 01:42:00 PM,2024
CR00019898,05/29/2015 11:42:00 PM,45,CLEAR,DAYLIGHT,FIXED OBJECT,NOT DIVIDED,STOP SIGN/FLASHER,DRIVING SKILLS/KNOWLEDGE/EXPERIENCE,FOLLOWING TOO CLOSELY,0,0,0,0,23,6,5,1439,ARCHER AVE,41.826539,-87.56272,05/30/2015 01:13:00 AM,2015
CR00019899,06/29/2021 11:09:00 AM,30,CLEAR,DARKNESS - LIGHTED ROAD,TURNING,FOUR WAY,NO CONTROLS,FAILING TO YIELD RIGHT-OF-WAY,FAILING TO YIELD RIGHT-OF-WAY,0,0,3,3,11,3,6,1336,ASHLAND AVE,41.888235,-87.789876,06/29/2021 01:05:00 PM,2021
CR00019900,07/11/2019 09:59:00 PM,35,CLEAR,DAYLIGHT,PEDESTRIAN,NOT DIVIDED,TRAFFIC SIGNAL,FAILING TO REDUCE SPEED,NOT APPLICABLE,0,0,0,0,21,5,7,1699,ROOSEVELT RD,41.841723,-87.674902,07/11/2019 11:18:00 PM,2019
CR00019901,08/09/2017 12:09:00 PM,45,CLEAR,DAYLIGHT,SIDESWIPE SAME DIRECTION,FOUR WAY,TRAFFIC SIGNAL,FOLLOWING TOO CLOSELY,IMPROPER OVERTAKING/PASSING,0,0,0,0,12,4,8,233,79TH ST,41.961113,-87.635389,08/09/2017 01:55:00 PM,2017
CR00019902,12/15/2019 09:02:00 PM,40,FOG/SMOKE/HAZE,DARKNESS,ANGLE,NOT DIVIDED,UNKNOWN,FAILING TO YIELD RIGHT-OF-WAY,UNABLE TO DETERMINE,0,2,2,4,21,1,12,609,STONY ISLAND AVE,41.852986,-87.554222,12/15/2019 10:30:00 PM,2019
CR00019903,12/09/2022 11:16:00 AM,35,CLEAR,DARKNESS - LIGHTED ROAD,REAR END,DIVIDED - W/MEDIAN BARRIER,STOP SIGN/FLASHER,IMPROPER LANE USAGE,FOLLOWING TOO CLOSELY,0,0,0,0,11,6,12,1087,63RD ST,41.898747,-87.730293,12/09/2022 12:33:00 PM,2022
CR00019904,06/03/2021 02:30:00 PM,30,SNOW,DAYLIGHT,REAR TO FRONT,DIVIDED - W/MEDIAN (NOT RAISED),NO CONTROLS,IMPROPER OVERTAKING/PASSING,UNABLE TO DETERMINE,0,0,0,0,14,5,6,2160,STATE ST,41.777038,-87.789095,06/03/2021 04:09:00 PM,2021
CR00019905,10/18/2023 05:04:00 PM,30,CLEAR,DARKNESS - LIGHTED ROAD,SIDESWIPE SAME DIRECTION,ONE-WAY,STOP SIGN/FLASHER,FOLLOWING TOO CLOSELY,NOT APPLICABLE,0,0,0,0,17,4,10,2056,ELSTON AVE,41.719487,-87.69498,10/18/2023 06:42:00 PM,2023
CR00019906,01/27/2016 03:32:00 PM,15,CLOUDY/OVERCAST,DAYLIGHT,FIXED OBJECT,DIVIDED - W/MEDIAN BARRIER,STOP SIGN/FLASHER,FOLLOWING TOO CLOSELY,DRIVING SKILLS/KNOWLEDGE/EXPERIENCE,0,0,0,0,15,4,1,1687,CLARK ST,41.777751,-87.793767,01/27/2016 05:00:00 PM,2016
CR00019907,07/14/2023 07:30:00 PM,25,CLEAR,DAYLIGHT,REAR END,FOUR WAY,NO CONTROLS,DISREGARDING TRAFFIC SIGNALS,FOLLOWING TOO CLOSELY,0,0,0,0,19,6,7,416,STONY ISLAND AVE,41.861022,-87.770609,07/14/2023 07:37:00 PM,2023
CR00019908,06/06/2023 12:38:00 PM,15,CLEAR,DAYLIGHT,REAR END,DIVIDED - W/MEDIAN BARRIER,UNKNOWN,FOLLOWING TOO CLOSELY,UNABLE TO DETERMINE,0,0,0,0,12,3,6,1612,PULASKI RD,41.749252,-87.820022,06/06/2023 01:13:00 PM,2023
CR00019909,08/27/2021 07:30:00 PM,30,CLEAR,DAYLIGHT,PARKED MOTOR VEHICLE,NOT DIVIDED,TRAFFIC SIGNAL,FAILING TO YIELD RIGHT-OF-WAY,FOLLOWING TOO CLOSELY,0,0,0,0,19,6,8,2088,DAMEN AVE,41.717576,-87.653958,08/27/2021 07:38:00 PM,2021
CR00019910,12/22/2019 03:29:00 AM,25,CLEAR,DUSK,TURNING,NOT DIVIDED,STOP SIGN/FLASHER,DISTRACTION - FROM INSIDE VEHICLE,IMPROPER LANE USAGE,0,0,0,0,3,1,12,993,ARCHER AVE,41.813094,-87.669095,12/22/2019 05:12:00 AM,2019
CR00019911,02/02/2016 08:16:00 AM,25,CLEAR,DUSK,SIDESWIPE SAME DIRECTION,NOT DIVIDED,NO CONTROLS,UNABLE TO DETERMINE,DISREGARDING TRAFFIC SIGNALS,0,0,2,2,8,3,2,1931,MICHIGAN AVE,41.781389,-87.703306,02/02/2016 08:43:00 AM,2016
CR00019912,07/20/2021 07:06:00 PM,35,CLEAR,DAYLIGHT,SIDESWIPE SAME DIRECTION,ONE-WAY,STOP SIGN/FLASHER,UNABLE TO DETERMINE,UNABLE TO DETERMINE,0,0,1,1,19,3,7,618,DIVISION ST,41.80257,-87.849982,07/20/2021 08:35:00 PM,2021
CR00019913,07/23/2019 04:48:00 AM,15,RAIN,DAYLIGHT,REAR TO FRONT,ONE-WAY,TRAFFIC SIGNAL,UNABLE TO DETERMINE,NOT APPLICABLE,0,0,0,0,4,3,7,902,LAKE SHORE DR,41.998481,-87.567474,07/23/2019 05:02:00 AM,2019