CRASH_RECORD_ID,CRASH_DATE,POSTED_SPEED_LIMIT,WEATHER_CONDITION,LIGHTING_CONDITION,FIRST_CRASH_TYPE,TRAFFICWAY_TYPE,TRAFFIC_CONTROL_DEVICE,PRIM_CONTRIBUTORY_CAUSE,SEC_CONTRIBUTORY_CAUSE,INJURIES_FATAL,INJURIES_INCAPACITATING,INJURIES_NON_INCAPACITATING,INJURIES_TOTAL,CRASH_HOUR,CRASH_DAY_OF_WEEK,CRASH_MONTH,BEAT_OF_OCCURRENCE,STREET_NAME,LATITUDE,LONGITUDE,DATE_POLICE_NOTIFIED,year
CR00019914,09/13/2018 06:09:00 PM,45,CLEAR,DAYLIGHT,PARKED MOTOR VEHICLE,ONE-WAY,UNKNOWN,UNABLE TO DETERMINE,IMPROPER OVERTAKING/PASSING,0,1,1,2,18,5,9,2437,FULLERTON AVE,41.922168,-87.826144,09/13/2018 07:33:00 PM,2018
CR00019915,08/08/2023 10:19:00 AM,40,SNOW,DAYLIGHT,REAR TO FRONT,NOT DIVIDED,TRAFFIC SIGNAL,UNABLE TO DETERMINE,DISTRACTION - FROM INSIDE VEHICLE,0,1,1,2,10,3,8,482,PULASKI RD,41.841603,-87.546055,08/08/2023 12:11:00 PM,2023
CR00019916,02/25/2019 07:57:00 PM,25,RAIN,DAYLIGHT,REAR END,NOT DIVIDED,NO CONTROLS,UNABLE TO DETERMINE,NOT APPLICABLE,0,0,0,0,19,2,2,653,PULASKI RD,41.894424,-87.699297,02/25/2019 08:20:00 PM,2019
CR00019917,07/05/2020 01:26:00 PM,35,CLEAR,DAYLIGHT,REAR TO FRONT,NOT DIVIDED,TRAFFIC SIGNAL,FAILING TO YIELD RIGHT-OF-WAY,UNABLE TO DETERMINE,0,0,0,0,13,1,7,1965,HALSTED ST,41.707856,-87.726247,07/05/2020 01:47:00 PM,2020
CR00019918,12/11/2017 12:35:00 PM,35,CLOUDY/OVERCAST,DARKNESS - LIGHTED ROAD,ANGLE,DIVIDED - W/MEDIAN BARRIER,STOP SIGN/FLASHER,UNABLE TO DETERMINE,UNABLE TO DETERMINE,0,0,0,0,12,2,12,1434,STATE ST,41.85737,-87.811499,12/11/2017 01:46:00 PM,2017
CR00019919,02/25/2016 06:52:00 PM,30,RAIN,DAYLIGHT,REAR END,NOT DIVIDED,NO CONTROLS,DISREGARDING TRAFFIC SIGNALS,IMPROPER OVERTAKING/PASSING,0,0,0,0,18,5,2,1947,ARCHER AVE,41.989628,-87.683794,02/25/2016 07:26:00 PM,2016
CR00019920,04/15/2017 01:23:00 PM,35,CLEAR,DAWN,SIDESWIPE SAME DIRECTION,ONE-WAY,NO CONTROLS,FOLLOWING TOO CLOSELY,IMPROPER OVERTAKING/PASSING,0,0,2,2,13,7,4,1421,STATE ST,41.822672,-87.633376,04/15/2017 03:17:00 PM,2017
CR00019921,07/29/2024 06:42:00 PM,20,CLEAR,DAYLIGHT,REAR END,NOT DIVIDED,TRAFFIC SIGNAL,FAILING TO REDUCE SPEED,UNABLE TO DETERMINE,0,0,1,1,18,2,7,2179,IRVING PARK RD,41.864431,-87.535427,07/29/2024 07:07:00 PM,2024
CR00019922,01/29/2022 08:39:00 PM,30,CLEAR,DAYLIGHT,REAR END,DIVIDED - W/MEDIAN BARRIER,NO CONTROLS,UNABLE TO DETERMINE,FOLLOWING TOO CLOSELY,0,0,0,0,20,7,1,247,CALIFORNIA AVE,41.748421,-87.614447,01/29/2022 10:21:00 PM,2022
CR00019923,09/11/2015 05:58:00 PM,30,CLEAR,DAYLIGHT,REAR END,DIVIDED - W/MEDIAN BARRIER,NO CONTROLS,UNABLE TO DETERMINE,NOT APPLICABLE,0,0,1,1,17,6,9,853,47TH ST,41.702137,-87.6917,09/11/2015 07:17:00 PM,2015
CR00019924,02/13/2018 06:57:00 PM,30,SNOW,DARKNESS - LIGHTED ROAD,TURNING,ONE-WAY,NO CONTROLS,FAILING TO YIELD RIGHT-OF-WAY,NOT APPLICABLE,0,0,0,0,18,3,2,427,CLARK ST,41.923736,-87.725954,02/13/2018 08:50:00 PM,2018
CR00019925,06/10/2024 06:17:00 PM,40,CLEAR,DARKNESS - LIGHTED ROAD,PARKED MOTOR VEHICLE,DIVIDED - W/MEDIAN (NOT RAISED),NO CONTROLS,UNABLE TO DETERMINE,DISTRACTION - FROM INSIDE VEHICLE,0,0,0,0,18,2,6,578,IRVING PARK RD,41.817952,-87.66526,06/10/2024 07:05:00 PM,2024
CR00019926,02/15/2024 02:54:00 PM,35,CLEAR,DARKNESS - LIGHTED ROAD,PARKED MOTOR VEHICLE,DIVIDED - W/MEDIAN (NOT RAISED),NO CONTROLS,UNABLE TO DETERMINE,FAILING TO YIELD RIGHT-OF-WAY,0,0,0,0,14,5,2,179,IRVING PARK RD,41.954568,-87.807852,02/15/2024 02:55:00 PM,2024
CR00019927,01/29/2020 09:28:00 AM,15,FREEZING RAIN/DRIZZLE,DAYLIGHT,REAR END,NOT DIVIDED,TRAFFIC SIGNAL,UNABLE TO DETERMINE,FAILING TO REDUCE SPEED,0,0,0,0,9,4,1,1654,MILWAUKEE AVE,41.976179,-87.510793,01/29/2020 10:46:00 AM,2020
CR00019928,04/20/2020 08:14:00 AM,40,CLEAR,DAYLIGHT,ANGLE,NOT DIVIDED,TRAFFIC SIGNAL,FOLLOWING TOO CLOSELY,UNABLE TO DETERMINE,0,0,1,1,8,2,4,2477,ASHLAND AVE,41.971744,-87.704046,04/20/2020 09:34:00 AM,2020
CR00019929,11/15/2020 01:47:00 PM,45,CLEAR,DARKNESS - LIGHTED ROAD,PARKED MOTOR VEHICLE,FOUR WAY,NO CONTROLS,UNABLE TO DETERMINE,NOT APPLICABLE,0,0,0,0,13,1,11,1175,MICHIGAN AVE,41.854331,-87.671998,11/15/2020 03:22:00 PM,2020
CR00019930,02/17/2024 02:38:00 PM,40,CLEAR,DAYLIGHT,PARKED MOTOR VEHICLE,DIVIDED - W/MEDIAN BARRIER,NO CONTROLS,UNABLE TO DETERMINE,IMPROPER OVERTAKING/PASSING,0,0,0,0,14,7,2,181,WESTERN AVE,41.716541,-87.514478,02/17/2024 03:08:00 PM,2024
CR00019931,02/03/2022 11:22:00 AM,30,CLEAR,DARKNESS - LIGHTED ROAD,ANGLE,DIVIDED - W/MEDIAN (NOT RAISED),STOP SIGN/FLASHER,IMPROPER OVERTAKING/PASSING,NOT APPLICABLE,0,0,2,2,11,5,2,798,PULASKI RD,41.970659,-87.682158,02/03/2022 11:37:00 AM,2022
CR00019932,01/24/2015 05:57:00 AM,45,CLOUDY/OVERCAST,DAYLIGHT,PARKED MOTOR VEHICLE,DIVIDED - W/MEDIAN (NOT RAISED),TRAFFIC SIGNAL,DRIVING SKILLS/KNOWLEDGE/EXPERIENCE,UNABLE TO DETERMINE,0,0,0,0,5,7,1,1038,CLARK ST,41.841478,-87.791576,01/24/2015 06:37:00 AM,2015
CR00019933,07/07/2022 06:32:00 AM,15,FOG/SMOKE/HAZE,DAYLIGHT,FIXED OBJECT,DIVIDED - W/MEDIAN (NOT RAISED),NO CONTROLS,DISTRACTION - FROM INSIDE VEHICLE,FOLLOWING TOO CLOSELY,0,0,0,0,6,5,7,2474,BROADWAY,41.720236,-87.713942,07/07/2022 08:29:00 AM,2022
CR00019934,05/18/2022 10:51:00 PM,25,CLEAR,DAYLIGHT,REAR END,NOT DIVIDED,NO CONTROLS,FOLLOWING TOO CLOSELY,FOLLOWING TOO CLOSELY,0,0,0,0,22,4,5,1569,ASHLAND AVE,41.944821,-87.523781,05/18/2022 11:15:00 PM,2022
CR00019935,02/18/2017 02:44:00 AM,45,CLEAR,DAYLIGHT,REAR END,NOT DIVIDED,STOP SIGN/FLASHER,DISTRACTION - FROM INSIDE VEHICLE,UNABLE TO DETERMINE,0,0,2,2,2,7,2,835,79TH ST,41.996116,-87.798073,02/18/2017 03:58:00 AM,2017
CR00019936,07/02/2017 04:08:00 PM,30,CLEAR,DAYLIGHT,TURNING,DIVIDED - W/MEDIAN (NOT RAISED),STOP SIGN/FLASHER,UNABLE TO DETERMINE,UNABLE TO DETERMINE,0,0,3,3,16,1,7,2448,ASHLAND AVE,41.958893,-87.651141,07/02/2017 06:05:00 PM,2017
CR00019937,03/06/2020 12:58:00 AM,15,CLEAR,DAYLIGHT,REAR END,DIVIDED - W/MEDIAN BARRIER,TRAFFIC SIGNAL,UNABLE TO DETERMINE,UNABLE TO DETERMINE,0,0,2,2,0,6,3,578,WESTERN AVE,41.937636,-87.518437,03/06/2020 01:28:00 AM,2020
CR00019938,06/14/2017 04:15:00 PM,35,CLEAR,DARKNESS - LIGHTED ROAD,SIDESWIPE SAME DIRECTION,DIVIDED - W/MEDIAN BARRIER,STOP SIGN/FLASHER,FAILING TO REDUCE SPEED,FOLLOWING TOO CLOSELY,0,0,0,0,16,4,6,2390,CALIFORNIA AVE,41.925026,-87.52897,06/14/2017 05:56:00 PM,2017
CR00019939,07/09/2019 04:55:00 AM,35,CLEAR,DAYLIGHT,REAR END,ONE-WAY,STOP SIGN/FLASHER,IMPROPER OVERTAKING/PASSING,UNABLE TO DETERMINE,0,0,0,0,4,3,7,1670,WESTERN AVE,41.931241,-87.611152,07/09/2019 05:28:00 AM,2019
CR00019940,05/20/2016 03:06:00 PM,30,CLEAR,DAYLIGHT,ANGLE,ONE-WAY,TRAFFIC SIGNAL,FOLLOWING TOO CLOSELY,NOT APPLICABLE,0,0,3,3,15,6,5,747,DAMEN AVE,41.81274,-87.550179,05/20/2016 03:16:00 PM,2016
CR00019941,02/07/2017 02:47:00 AM,40,RAIN,DARKNESS - LIGHTED ROAD,PARKED MOTOR VEHICLE,ONE-WAY,NO CONTROLS,FAILING TO YIELD RIGHT-OF-WAY,DISREGARDING TRAFFIC SIGNALS,0,0,0,0,2,3,2,2381,BROADWAY,41.842759,-87.765304,02/07/2017 03:30:00 AM,2017
CR00019942,03/20/2023 08:39:00 AM,15,RAIN,DUSK,SIDESWIPE SAME DIRECTION,NOT DIVIDED,NO CONTROLS,DISTRACTION - FROM INSIDE VEHICLE,UNABLE TO DETERMINE,0,0,0,0,8,2,3,743,STONY ISLAND AVE,41.754755,-87.812452,03/20/2023 10:08:00 AM,2023
CR00019943,05/12/2016 07:38:00 AM,35,CLEAR,DARKNESS - LIGHTED ROAD,TURNING,NOT DIVIDED,NO CONTROLS,FAILING TO YIELD RIGHT-OF-WAY,NOT APPLICABLE,0,0,0,0,7,5,5,650,STATE ST,41.787834,-87.697911,05/12/2016 08:45:00 AM,2016
CR00019944,02/20/2022 12:24:00 PM,30,CLEAR,DARKNESS - LIGHTED ROAD,SIDESWIPE SAME DIRECTION,DIVIDED - W/MEDIAN BARRIER,NO CONTROLS,UNABLE TO DETERMINE,NOT APPLICABLE,0,0,0,0,12,1,2,1986,ARCHER AVE,41.859603,-87.827578,02/20/2022 01:00:00 PM,2022
CR00019945,03/08/2024 07:54:00 AM,30,CLEAR,DAYLIGHT,PARKED MOTOR VEHICLE,ONE-WAY,STOP SIGN/FLASHER,UNABLE TO DETERMINE,FOLLOWING TOO CLOSELY,0,0,0,0,7,6,3,2128,79TH ST,41.713556,-87.682355,03/08/2024 08:28:00 AM,2024
CR00019946,03/11/2023 11:42:00 AM,45,CLEAR,DAWN,ANGLE,NOT DIVIDED,NO CONTROLS,UNABLE TO DETERMINE,WEATHER,0,0,0,0,11,7,3,2162,WESTERN AVE,41.731267,-87.548124,03/11/2023 01:36:00 PM,2023
CR00019947,04/11/2023 10:46:00 PM,35,CLEAR,DARKNESS - LIGHTED ROAD,TURNING,NOT DIVIDED,STOP SIGN/FLASHER,FAILING TO REDUCE SPEED,FOLLOWING TOO CLOSELY,0,0,0,0,22,3,4,1677,KEDZIE AVE,41.733728,-87.760561,04/11/2023 11:11:00 PM,2023
CR00019948,07/22/2022 12:30:00 PM,30,RAIN,DAYLIGHT,ANGLE,DIVIDED - W/MEDIAN BARRIER,TRAFFIC SIGNAL,FAILING TO YIELD RIGHT-OF-WAY,DRIVING SKILLS/KNOWLEDGE/EXPERIENCE,0,0,2,2,12,6,7,929,DAMEN AVE,41.921855,-87.577069,07/22/2022 12:36:00 PM,2022
CR00019949,10/08/2020 10:23:00 AM,30,CLEAR,DAYLIGHT,REAR END,T-INTERSECTION,STOP SIGN/FLASHER,UNABLE TO DETERMINE,UNABLE TO DETERMINE,0,0,0,0,10,5,10,403,47TH ST,41.708823,-87.682873,10/08/2020 11:59:00 AM,2020
CR00019950,09/27/2020 11:23:00 AM,40,RAIN,DARKNESS - LIGHTED ROAD,REAR END,FOUR WAY,NO CONTROLS,FAILING TO YIELD RIGHT-OF-WAY,NOT APPLICABLE,0,0,0,0,11,1,9,796,ROOSEVELT RD,41.719026,-87.727835,09/27/2020 11:31:00 AM,2020
CR00019951,07/12/2018 02:49:00 PM,45,CLEAR,DAYLIGHT,SIDESWIPE SAME DIRECTION,NOT DIVIDED,NO CONTROLS,IMPROPER OVERTAKING/PASSING,FOLLOWING TOO CLOSELY,0,0,0,0,14,5,7,1396,ELSTON AVE,41.827706,-87.800682,07/12/2018 04:14:00 PM,2018
CR00019952,04/19/2018 07:42:00 PM,30,CLEAR,DAYLIGHT,SIDESWIPE SAME DIRECTION,NOT DIVIDED,NO CONTROLS,UNABLE TO DETERMINE,DRIVING SKILLS/KNOWLEDGE/EXPERIENCE,0,0,0,0,19,5,4,611,CLARK ST,41.869224,-87.633166,04/19/2018 08:54:00 PM,2018
CR00019953,07/14/2020 04:33:00 PM,40,RAIN,DAYLIGHT,SIDESWIPE SAME DIRECTION,ONE-WAY,NO CONTROLS,FOLLOWING TOO CLOSELY,IMPROPER OVERTAKING/PASSING,0,2,2,4,16,3,7,1430,PULASKI RD,41.927264,-87.642658,07/14/2020 05:16:00 PM,2020
CR00019954,01/19/2024 01:02:00 PM,35,CLEAR,DAYLIGHT,SIDESWIPE SAME DIRECTION,NOT DIVIDED,NO CONTROLS,IMPROPER LANE USAGE,NOT APPLICABLE,0,0,0,0,13,6,1,692,PULASKI RD,41.827058,-87.598598,01/19/2024 02:52:00 PM,2024
CR00019955,02/06/2022 07:33:00 AM,30,RAIN,DUSK,TURNING,NOT DIVIDED,STOP SIGN/FLASHER,UNABLE TO DETERMINE,UNABLE TO DETERMINE,0,0,0,0,7,1,2,1986,OGDEN AVE,41.828363,-87.664297,02/06/2022 09:03:00 AM,2022
CR00019956,10/14/2020 07:32:00 AM,30,RAIN,DAYLIGHT,FIXED OBJECT,ONE-WAY,TRAFFIC SIGNAL,FAILING TO REDUCE SPEED,UNABLE TO DETERMINE,0,0,0,0,7,4,10,1166,ASHLAND AVE,41.87562,-87.64743,10/14/2020 08:47:00 AM,2020
CR00019957,11/21/2020 05:49:00 PM,30,RAIN,DARKNESS - LIGHTED ROAD,FIXED OBJECT,NOT DIVIDED,TRAFFIC SIGNAL,FAILING TO YIELD RIGHT-OF-WAY,NOT APPLICABLE,0,0,0,0,17,7,11,1810,KEDZIE AVE,41.860203,-87.592689,11/21/2020 07:34:00 PM,2020
CR00019958,12/10/2015 04:27:00 PM,30,CLOUDY/OVERCAST,DAYLIGHT,REAR END,DIVIDED - W/MEDIAN BARRIER,NO CONTROLS,FOLLOWING TOO CLOSELY,UNABLE TO DETERMINE,0,0,0,0,16,5,12,557,OGDEN AVE,41.754575,-87.839052,12/10/2015 06:13:00 PM,2015
CR00019959,09/13/2017 06:41:00 PM,35,CLEAR,DAYLIGHT,REAR END,T-INTERSECTION,TRAFFIC SIGNAL,DISTRACTION - FROM INSIDE VEHICLE,FAILING TO YIELD RIGHT-OF-WAY,0,0,0,0,18,4,9,1830,ELSTON AVE,41.740388,-87.591115,09/13/2017 07:35:00 PM,2017
CR00019960,08/07/2020 07:48:00 AM,25,CLEAR,DAYLIGHT,SIDESWIPE SAME DIRECTION,NOT DIVIDED,TRAFFIC SIGNAL,DISTRACTION - FROM INSIDE VEHICLE,FAILING TO YIELD RIGHT-OF-WAY,0,0,0,0,7,6,8,540,OGDEN AVE,41.906256,-87.753998,08/07/2020 08:27:00 AM,2020
CR00019961,05/25/2019 06:06:00 PM,20,CLEAR,DARKNESS - LIGHTED ROAD,REAR END,T-INTERSECTION,NO CONTROLS,IMPROPER LANE USAGE,FOLLOWING TOO CLOSELY,0,0,3,3,18,7,5,331,STONY ISLAND AVE,41.935286,-87.765764,05/25/2019 07:27:00 PM,2019
CR00019962,05/25/2018 07:13:00 AM,45,CLEAR,DAYLIGHT,TURNING,NOT DIVIDED,NO CONTROLS,IMPROPER OVERTAKING/PASSING,DISREGARDING TRAFFIC SIGNALS,0,0,0,0,7,6,5,620,MILWAUKEE AVE,41.705879,-87.681745,05/25/2018 08:47:00 AM,2018
CR00019963,01/16/2020 07:12:00 AM,20,CLEAR,DARKNESS,REAR TO FRONT,ONE-WAY,NO CONTROLS,FAILING TO YIELD RIGHT-OF-WAY,DRIVING SKILLS/KNOWLEDGE/EXPERIENCE,0,0,0,0,7,5,1,1114,DIVISION ST,41.802503,-87.700891,01/16/2020 08:46:00 AM,2020
CR00019964,04/14/2015 10:38:00 PM,25,CLOUDY/OVERCAST,DARKNESS - LIGHTED ROAD,REAR TO FRONT,T-INTERSECTION,NO CONTROLS,UNABLE TO DETERMINE,FAILING TO YIELD RIGHT-OF-WAY,0,0,0,0,22,3,4,390,DAMEN AVE,41.871481,-87.693792,04/14/2015 11:46:00 PM,2015
CR00019965,12/17/2016 02:36:00 AM,30,RAIN,DAYLIGHT,REAR END,NOT DIVIDED,TRAFFIC SIGNAL,UNABLE TO DETERMINE,DRIVING SKILLS/KNOWLEDGE/EXPERIENCE,0,0,0,0,2,7,12,1974,WESTERN AVE,41.832857,-87.6388,12/17/2016 03:38:00 AM,2016
CR00019966,10/24/2016 01:37:00 AM,30,CLEAR,DAYLIGHT,TURNING,FOUR WAY,NO CONTROLS,DISTRACTION - FROM INSIDE VEHICLE,IMPROPER OVERTAKING/PASSING,0,0,0,0,1,2,10,2277,IRVING PARK RD,41.880767,-87.839362,10/24/2016 02:47:00 AM,2016
CR00019967,01/04/2023 07:12:00 AM,20,CLEAR,DARKNESS - LIGHTED ROAD,PEDESTRIAN,DIVIDED - W/MEDIAN (NOT RAISED),TRAFFIC SIGNAL,FOLLOWING TOO CLOSELY,DISREGARDING TRAFFIC SIGNALS,0,0,0,0,7,4,1,1415,DAMEN AVE,41.857501,-87.714293,01/04/2023 08:02:00 AM,2023
CR00019968,12/31/2019 07:38:00 PM,15,CLEAR,DAYLIGHT,ANGLE,DIVIDED - W/MEDIAN (NOT RAISED),NO CONTROLS,UNABLE TO DETERMINE,NOT APPLICABLE,0,1,1,2,19,3,12,554,LAKE SHORE DR,41.962461,-87.501297,12/31/2019 08:16:00 PM,2019
CR00019969,11/28/2017 01:25:00 PM,30,CLEAR,DAYLIGHT,TURNING,NOT DIVIDED,STOP SIGN/FLASHER,DISTRACTION - FROM INSIDE VEHICLE,UNABLE TO DETERMINE,0,2,1,3,13,3,11,2260,ASHLAND AVE,41.846806,-87.50599,11/28/2017 01:55:00 PM,2017
CR00019970,08/16/2020 05:21:00 AM,30,SNOW,DARKNESS,ANGLE,DIVIDED - W/MEDIAN (NOT RAISED),NO CONTROLS,UNABLE TO DETERMINE,UNABLE TO DETERMINE,0,0,0,0,5,1,8,2175,BROADWAY,41.856247,-87.66594,08/16/2020 05:40:00 AM,2020
CR00019971,05/22/2018 04:14:00 PM,35,CLEAR,DARKNESS - LIGHTED ROAD,SIDESWIPE SAME DIRECTION,NOT DIVIDED,STOP SIGN/FLASHER,UNABLE TO DETERMINE,DRIVING SKILLS/KNOWLEDGE/EXPERIENCE,0,0,0,0,16,3,5,2354,LAKE SHORE DR,41.971744,-87.670648,05/22/2018 05:56:00 PM,2018
CR00019972,02/05/2017 08:59:00 PM,30,CLEAR,DARKNESS,REAR END,ONE-WAY,NO CONTROLS,FAILING TO YIELD RIGHT-OF-WAY,DISREGARDING TRAFFIC SIGNALS,0,0,0,0,20,1,2,1923,STATE ST,41.885646,-87.787466,02/05/2017 09:58:00 PM,2017
CR00019973,10/31/2019 04:04:00 PM,40,FREEZING RAIN/DRIZZLE,DAYLIGHT,ANGLE,NOT DIVIDED,NO CONTROLS,UNABLE TO DETERMINE,UNABLE TO DETERMINE,0,0,0,0,16,5,10,2137,MICHIGAN AVE,41.833723,-87.671129,10/31/2019 04:59:00 PM,2019
CR00019974,12/28/2024 09:39:00 PM,30,CLEAR,DAYLIGHT,PARKED MOTOR VEHICLE,NOT DIVIDED,TRAFFIC SIGNAL,UNABLE TO DETERMINE,UNABLE TO DETERMINE,0,0,0,0,21,7,12,2209,LAKE SHORE DR,41.723825,-87.809549,12/28/2024 10:11:00 PM,2024
CR00019975,07/18/2021 08:28:00 PM,30,CLEAR,DAYLIGHT,REAR TO FRONT,DIVIDED - W/MEDIAN BARRIER,NO CONTROLS,DISREGARDING TRAFFIC SIGNALS,UNABLE TO DETERMINE,0,0,0,0,20,1,7,2221,ELSTON AVE,41.854005,-87.505109,07/18/2021 10:10:00 PM,2021
CR00019976,11/30/2020 01:26:00 PM,35,CLEAR,DAYLIGHT,FIXED OBJECT,FOUR WAY,STOP SIGN/FLASHER,UNABLE TO DETERMINE,FOLLOWING TOO CLOSELY,0,0,3,3,13,2,11,1178,KEDZIE AVE,41.720483,-87.728465,11/30/2020 03:23:00 PM,2020
CR00019977,12/22/2018 05:10:00 AM,30,RAIN,DAYLIGHT,FIXED OBJECT,DIVIDED - W/MEDIAN (NOT RAISED),STOP SIGN/FLASHER,DRIVING SKILLS/KNOWLEDGE/EXPERIENCE,IMPROPER OVERTAKING/PASSING,0,0,0,0,5,7,12,1587,47TH ST,41.831506,-87.763472,12/22/2018 05:58:00 AM,2018
CR00019978,08/11/2015 05:08:00 PM,30,CLEAR,DARKNESS,REAR TO FRONT,NOT DIVIDED,STOP SIGN/FLASHER,FAILING TO YIELD RIGHT-OF-WAY,UNABLE TO DETERMINE,0,0,0,0,17,3,8,1592,STONY ISLAND AVE,41.824345,-87.788952,08/11/2015 06:00:00 PM,2015
CR00019979,02/03/2019 06:49:00 PM,30,RAIN,DAYLIGHT,REAR END,DIVIDED - W/MEDIAN (NOT RAISED),TRAFFIC SIGNAL,IMPROPER LANE USAGE,DISTRACTION - FROM INSIDE VEHICLE,0,0,0,0,18,1,2,670,ROOSEVELT RD,41.735034,-87.7838,02/03/2019 08:06:00 PM,2019
CR00019980,08/01/2023 02:07:00 PM,35,SNOW,DAYLIGHT,REAR END,NOT DIVIDED,YIELD,UNABLE TO DETERMINE,NOT APPLICABLE,0,0,0,0,14,3,8,2190,79TH ST,41.983715,-87.514858,08/01/2023 03:11:00 PM,2023
CR00019981,06/21/2018 06:58:00 PM,25,CLEAR,DAYLIGHT,TURNING,DIVIDED - W/MEDIAN (NOT RAISED),STOP SIGN/FLASHER,IMPROPER OVERTAKING/PASSING,IMPROPER OVERTAKING/PASSING,0,0,0,0,18,5,6,2443,STATE ST,41.737003,-87.544451,06/21/2018 07:19:00 PM,2018
CR00019982,01/20/2024 10:22:00 AM,45,CLEAR,DAYLIGHT,REAR END,NOT DIVIDED,TRAFFIC SIGNAL,FAILING TO YIELD RIGHT-OF-WAY,NOT APPLICABLE,0,0,0,0,10,7,1,646,PULASKI RD,41.954906,-87.710409,01/20/2024 12:14:00 PM,2024
CR00019983,03/10/2018 10:43:00 AM,25,RAIN,DAYLIGHT,SIDESWIPE SAME DIRECTION,NOT DIVIDED,YIELD,FOLLOWING TOO CLOSELY,FOLLOWING TOO CLOSELY,0,0,0,0,10,7,3,991,WESTERN AVE,41.733587,-87.71058,03/10/2018 11:39:00 AM,2018
CR00019984,06/07/2015 04:13:00 AM,45,CLEAR,DARKNESS - LIGHTED ROAD,ANGLE,NOT DIVIDED,TRAFFIC SIGNAL,DISTRACTION - FROM INSIDE VEHICLE,FAILING TO YIELD RIGHT-OF-WAY,0,0,0,0,4,1,6,912,47TH ST,41.88455,-87.793085,06/07/2015 04:14:00 AM,2015
CR00019985,06/01/2021 12:30:00 PM,25,CLEAR,DAYLIGHT,SIDESWIPE SAME DIRECTION,FOUR WAY,NO CONTROLS,WEATHER,IMPROPER OVERTAKING/PASSING,0,0,1,1,12,3,6,1375,ASHLAND AVE,41.758324,-87.818936,06/01/2021 12:41:00 PM,2021
CR00019986,03/04/2021 07:06:00 AM,15,SNOW,DARKNESS,PARKED MOTOR VEHICLE,NOT DIVIDED,TRAFFIC SIGNAL,DRIVING SKILLS/KNOWLEDGE/EXPERIENCE,DRIVING SKILLS/KNOWLEDGE/EXPERIENCE,0,0,0,0,7,5,3,1088,ARCHER AVE,41.997685,-87.809972,03/04/2021 08:05:00 AM,2021
CR00019987,08/17/2018 03:45:00 PM,35,CLEAR,DARKNESS - LIGHTED ROAD,SIDESWIPE SAME DIRECTION,FOUR WAY,NO CONTROLS,FAILING TO REDUCE SPEED,IMPROPER LANE USAGE,0,0,1,1,15,6,8,347,STATE ST,41.896187,-87.783247,08/17/2018 04:56:00 PM,2018
CR00019988,02/02/2017 03:43:00 PM,40,CLEAR,DARKNESS,SIDESWIPE SAME DIRECTION,NOT DIVIDED,TRAFFIC SIGNAL,UNABLE TO DETERMINE,UNABLE TO DETERMINE,0,0,0,0,15,5,2,1234,DAMEN AVE,41.965836,-87.70006,02/02/2017 04:41:00 PM,2017
CR00019989,01/29/2022 12:49:00 AM,35,CLEAR,DAYLIGHT,TURNING,FOUR WAY,NO CONTROLS,UNABLE TO DETERMINE,FAILING TO YIELD RIGHT-OF-WAY,0,0,1,1,0,7,1,1953,PULASKI RD,41.896682,-87.748123,01/29/2022 12:53:00 AM,2022
CR00019990,09/23/2019 01:19:00 PM,40,CLEAR,DAYLIGHT,TURNING,FOUR WAY,STOP SIGN/FLASHER,FAILING TO YIELD RIGHT-OF-WAY,UNABLE TO DETERMINE,0,0,0,0,13,2,9,1297,CALIFORNIA AVE,41.764746,-87.793116,09/23/2019 01:58:00 PM,2019
CR00019991,07/28/2023 04:26:00 PM,20,CLEAR,DUSK,REAR END,DIVIDED - W/MEDIAN (NOT RAISED),STOP SIGN/FLASHER,FOLLOWING TOO CLOSELY,UNABLE TO DETERMINE,0,0,1,1,16,6,7,1961,ARCHER AVE,41.859455,-87.601729,07/28/2023 06:08:00 PM,2023
CR00019992,07/09/2023 06:32:00 PM,30,CLEAR,DARKNESS - LIGHTED ROAD,TURNING,FOUR WAY,TRAFFIC SIGNAL,FOLLOWING TOO CLOSELY,UNABLE TO DETERMINE,0,0,0,0,18,1,7,2319,OGDEN AVE,41.818928,-87.592202,07/09/2023 08:15:00 PM,2023
CR00019993,08/24/2020 04:46:00 PM,15,CLEAR,DAYLIGHT,REAR TO FRONT,NOT DIVIDED,TRAFFIC SIGNAL,FOLLOWING TOO CLOSELY,IMPROPER OVERTAKING/PASSING,0,0,1,1,16,2,8,2323,BROADWAY,41.813472,-87.571229,08/24/2020 05:39:00 PM,2020
CR00019994,05/02/2019 06:47:00 PM,15,CLEAR,DAYLIGHT,PARKED MOTOR VEHICLE,NOT DIVIDED,NO CONTROLS,FOLLOWING TOO CLOSELY,NOT APPLICABLE,0,0,0,0,18,5,5,475,CLARK ST,41.869258,-87.78292,05/02/2019 08:13:00 PM,2019
CR00019995,05/13/2022 05:20:00 PM,45,CLEAR,DAYLIGHT,FIXED OBJECT,NOT DIVIDED,UNKNOWN,FAILING TO YIELD RIGHT-OF-WAY,FOLLOWING TOO CLOSELY,0,0,0,0,17,6,5,1896,79TH ST,41.801996,-87.774924,05/13/2022 06:44:00 PM,2022
CR00019996,02/10/2016 02:16:00 PM,15,CLEAR,DAYLIGHT,SIDESWIPE SAME DIRECTION,T-INTERSECTION,TRAFFIC SIGNAL,FOLLOWING TOO CLOSELY,UNABLE TO DETERMINE,0,0,0,0,14,4,2,2471,STONY ISLAND AVE,41.737163,-87.82827,02/10/2016 04:12:00 PM,2016