CRASH_RECORD_ID,CRASH_DATE,POSTED_SPEED_LIMIT,WEATHER_CONDITION,LIGHTING_CONDITION,FIRST_CRASH_TYPE,TRAFFICWAY_TYPE,TRAFFIC_CONTROL_DEVICE,PRIM_CONTRIBUTORY_CAUSE,SEC_CONTRIBUTORY_CAUSE,INJURIES_FATAL,INJURIES_INCAPACITATING,INJURIES_NON_INCAPACITATING,INJURIES_TOTAL,CRASH_HOUR,CRASH_DAY_OF_WEEK,CRASH_MONTH,BEAT_OF_OCCURRENCE,STREET_NAME,LATITUDE,LONGITUDE,DATE_POLICE_NOTIFIED,year
CR00019997,11/07/2021 06:32:00 AM,30,CLOUDY/OVERCAST,DAYLIGHT,TURNING,DIVIDED - W/MEDIAN (NOT RAISED),TRAFFIC SIGNAL,UNABLE TO DETERMINE,UNABLE TO DETERMINE,0,0,0,0,6,1,11,2378,LAKE SHORE DR,41.872544,-87.601084,11/07/2021 06:56:00 AM,2021
CR00019998,02/22/2024 03:41:00 AM,40,CLEAR,DAYLIGHT,SIDESWIPE SAME DIRECTION,ONE-WAY,TRAFFIC SIGNAL,DISREGARDING TRAFFIC SIGNALS,DISTRACTION - FROM INSIDE VEHICLE,0,2,1,3,3,5,2,293,STONY ISLAND AVE,41.913023,-87.717318,02/22/2024 05:41:00 AM,2024
CR00019999,04/21/2022 06:37:00 PM,25,FOG/SMOKE/HAZE,DARKNESS,ANGLE,NOT DIVIDED,STOP SIGN/FLASHER,IMPROPER OVERTAKING/PASSING,DISTRACTION - FROM INSIDE VEHICLE,0,0,0,0,18,5,4,2368,IRVING PARK RD,41.702426,-87.78419,04/21/2022 07:35:00 PM,2022
CR00020000,04/04/2019 03:49:00 PM,20,CLEAR,DAYLIGHT,ANGLE,ONE-WAY,PEDESTRIAN CROSSING SIGN,UNABLE TO DETERMINE,WEATHER,0,0,0,0,15,5,4,2381,DIVISION ST,41.737033,-87.598452,04/04/2019 04:03:00 PM,2019
CR00020001,03/05/2018 02:42:00 PM,45,CLEAR,DARKNESS,REAR END,FOUR WAY,TRAFFIC SIGNAL,FOLLOWING TOO CLOSELY,FAILING TO YIELD RIGHT-OF-WAY,0,0,1,1,14,2,3,296,BROADWAY,41.812335,-87.51888,03/05/2018 02:48:00 PM,2018
CR00020002,11/10/2024 07:19:00 AM,25,CLEAR,DAYLIGHT,SIDESWIPE SAME DIRECTION,NOT DIVIDED,UNKNOWN,DRIVING SKILLS/KNOWLEDGE/EXPERIENCE,UNABLE TO DETERMINE,0,0,0,0,7,1,11,2242,ROOSEVELT RD,41.827683,-87.554518,11/10/2024 09:13:00 AM,2024
CR00020003,06/26/2015 09:49:00 AM,25,CLEAR,DAYLIGHT,FIXED OBJECT,NOT DIVIDED,NO CONTROLS,IMPROPER OVERTAKING/PASSING,NOT APPLICABLE,0,0,0,0,9,6,6,1073,ASHLAND AVE,41.787115,-87.650171,06/26/2015 11:33:00 AM,2015
CR00020004,05/31/2015 07:56:00 AM,20,RAIN,DAYLIGHT,ANGLE,DIVIDED - W/MEDIAN (NOT RAISED),TRAFFIC SIGNAL,FOLLOWING TOO CLOSELY,IMPROPER OVERTAKING/PASSING,0,0,0,0,7,1,5,799,MILWAUKEE AVE,41.815648,-87.679543,05/31/2015 08:52:00 AM,2015
CR00020005,04/12/2021 11:17:00 PM,30,CLEAR,DAYLIGHT,TURNING,ONE-WAY,STOP SIGN/FLASHER,UNABLE TO DETERMINE,IMPROPER LANE USAGE,0,0,0,0,23,2,4,1201,STONY ISLAND AVE,41.798749,-87.616692,04/13/2021 12:33:00 AM,2021
CR00020006,04/15/2021 05:09:00 PM,40,RAIN,DAYLIGHT,PARKED MOTOR VEHICLE,NOT DIVIDED,TRAFFIC SIGNAL,IMPROPER OVERTAKING/PASSING,IMPROPER OVERTAKING/PASSING,0,0,0,0,17,5,4,2238,ROOSEVELT RD,41.743625,-87.740218,04/15/2021 06:51:00 PM,2021
CR00020007,12/30/2018 01:30:00 PM,30,RAIN,DAYLIGHT,TURNING,NOT DIVIDED,STOP SIGN/FLASHER,FOLLOWING TOO CLOSELY,WEATHER,0,0,1,1,13,1,12,372,FULLERTON AVE,41.751057,-87.847533,12/30/2018 03:29:00 PM,2018
CR00020008,02/03/2019 05:46:00 AM,20,CLEAR,DARKNESS - LIGHTED ROAD,FIXED OBJECT,ONE-WAY,UNKNOWN,DRIVING SKILLS/KNOWLEDGE/EXPERIENCE,WEATHER,0,0,2,2,5,1,2,1982,MILWAUKEE AVE,41.985382,-87.542499,02/03/2019 06:43:00 AM,2019
CR00020009,08/02/2024 07:25:00 AM,20,CLEAR,DARKNESS - LIGHTED ROAD,ANGLE,DIVIDED - W/MEDIAN (NOT RAISED),TRAFFIC SIGNAL,DISREGARDING TRAFFIC SIGNALS,DISREGARDING TRAFFIC SIGNALS,0,0,1,1,7,6,8,2317,OGDEN AVE,41.718245,-87.815463,08/02/2024 08:27:00 AM,2024
CR00020010,07/07/2022 02:36:00 PM,40,RAIN,DAYLIGHT,PEDESTRIAN,NOT DIVIDED,TRAFFIC SIGNAL,UNABLE TO DETERMINE,UNABLE TO DETERMINE,0,0,0,0,14,5,7,1828,IRVING PARK RD,41.975485,-87.687654,07/07/2022 03:25:00 PM,2022
CR00020011,02/29/2020 04:56:00 AM,30,CLOUDY/OVERCAST,DAYLIGHT,ANGLE,NOT DIVIDED,TRAFFIC SIGNAL,WEATHER,UNABLE TO DETERMINE,0,0,0,0,4,7,2,774,MICHIGAN AVE,41.754724,-87.711552,02/29/2020 06:05:00 AM,2020
CR00020012,10/07/2017 10:14:00 AM,35,CLOUDY/OVERCAST,DARKNESS - LIGHTED ROAD,TURNING,NOT DIVIDED,NO CONTROLS,UNABLE TO DETERMINE,UNABLE TO DETERMINE,0,0,0,0,10,7,10,1122,ASHLAND AVE,41.802522,-87.56869,10/07/2017 11:46:00 AM,2017
CR00020013,07/29/2018 05:09:00 AM,30,CLEAR,DAYLIGHT,ANGLE,ONE-WAY,TRAFFIC SIGNAL,UNABLE TO DETERMINE,WEATHER,0,0,0,0,5,1,7,2395,STONY ISLAND AVE,41.802302,-87.769758,07/29/2018 05:49:00 AM,2018
CR00020014,01/07/2018 08:03:00 AM,15,CLEAR,DAYLIGHT,FIXED OBJECT,DIVIDED - W/MEDIAN (NOT RAISED),NO CONTROLS,UNABLE TO DETERMINE,FOLLOWING TOO CLOSELY,0,0,0,0,8,1,1,1123,MILWAUKEE AVE,41.814521,-87.652191,01/07/2018 09:09:00 AM,2018
CR00020015,06/24/2020 08:06:00 PM,30,RAIN,DARKNESS,ANGLE,NOT DIVIDED,STOP SIGN/FLASHER,FOLLOWING TOO CLOSELY,IMPROPER OVERTAKING/PASSING,0,0,0,0,20,4,6,1293,DIVISION ST,41.862851,-87.737608,06/24/2020 10:04:00 PM,2020
CR00020016,02/13/2016 07:51:00 PM,35,CLEAR,DAYLIGHT,REAR END,ONE-WAY,STOP SIGN/FLASHER,FAILING TO YIELD RIGHT-OF-WAY,FOLLOWING TOO CLOSELY,0,0,0,0,19,7,2,739,47TH ST,41.850311,-87.541229,02/13/2016 08:04:00 PM,2016
CR00020017,10/05/2022 02:01:00 AM,15,CLEAR,DAYLIGHT,ANGLE,DIVIDED - W/MEDIAN (NOT RAISED),TRAFFIC SIGNAL,UNABLE TO DETERMINE,UNABLE TO DETERMINE,0,0,0,0,2,4,10,2299,79TH ST,41.787002,-87.715694,10/05/2022 02:15:00 AM,2022
CR00020018,10/14/2017 09:52:00 AM,40,FOG/SMOKE/HAZE,DARKNESS - LIGHTED ROAD,REAR END,DIVIDED - W/MEDIAN (NOT RAISED),STOP SIGN/FLASHER,UNABLE TO DETERMINE,NOT APPLICABLE,0,1,3,4,9,7,10,1488,FULLERTON AVE,41.983704,-87.511853,10/14/2017 11:34:00 AM,2017
CR00020019,04/05/2022 12:15:00 PM,30,CLEAR,DAYLIGHT,PARKED MOTOR VEHICLE,DIVIDED - W/MEDIAN BARRIER,NO CONTROLS,UNABLE TO DETERMINE,NOT APPLICABLE,0,0,0,0,12,3,4,1331,79TH ST,41.990404,-87.500603,04/05/2022 12:27:00 PM,2022
CR00020020,03/27/2023 04:05:00 PM,45,CLOUDY/OVERCAST,DARKNESS,ANGLE,NOT DIVIDED,STOP SIGN/FLASHER,FAILING TO YIELD RIGHT-OF-WAY,UNABLE TO DETERMINE,0,0,0,0,16,2,3,343,ROOSEVELT RD,41.931138,-87.707561,03/27/2023 04:42:00 PM,2023
CR00020021,11/25/2022 03:07:00 PM,30,SNOW,DAYLIGHT,TURNING,NOT DIVIDED,TRAFFIC SIGNAL,DISTRACTION - FROM INSIDE VEHICLE,FOLLOWING TOO CLOSELY,0,0,0,0,15,6,11,2201,HALSTED ST,41.755861,-87.552746,11/25/2022 03:34:00 PM,2022
CR00020022,02/04/2021 03:06:00 PM,25,CLEAR,DAYLIGHT,REAR END,DIVIDED - W/MEDIAN BARRIER,NO CONTROLS,IMPROPER LANE USAGE,FOLLOWING TOO CLOSELY,0,0,2,2,15,5,2,2050,63RD ST,41.890831,-87.726628,02/04/2021 04:02:00 PM,2021
CR00020023,07/16/2015 10:24:00 PM,35,CLEAR,DAYLIGHT,REAR END,T-INTERSECTION,TRAFFIC SIGNAL,IMPROPER OVERTAKING/PASSING,FAILING TO YIELD RIGHT-OF-WAY,0,0,0,0,22,5,7,786,HALSTED ST,41.741623,-87.598962,07/17/2015 12:15:00 AM,2015
CR00020024,09/05/2018 04:40:00 PM,40,CLEAR,DAYLIGHT,ANGLE,FOUR WAY,NO CONTROLS,UNABLE TO DETERMINE,DISTRACTION - FROM INSIDE VEHICLE,0,0,0,0,16,4,9,1653,63RD ST,41.854596,-87.576431,09/05/2018 06:12:00 PM,2018
CR00020025,01/01/2018 07:08:00 PM,25,CLEAR,DUSK,REAR END,NOT DIVIDED,TRAFFIC SIGNAL,DRIVING SKILLS/KNOWLEDGE/EXPERIENCE,FOLLOWING TOO CLOSELY,0,0,0,0,19,2,1,1596,IRVING PARK RD,41.814127,-87.508151,01/01/2018 08:28:00 PM,2018
CR00020026,09/07/2022 02:01:00 PM,30,SNOW,DARKNESS - LIGHTED ROAD,REAR END,DIVIDED - W/MEDIAN (NOT RAISED),STOP SIGN/FLASHER,FOLLOWING TOO CLOSELY,UNABLE TO DETERMINE,0,0,0,0,14,4,9,2502,WESTERN AVE,41.880422,-87.674796,09/07/2022 03:43:00 PM,2022
CR00020027,02/04/2023 01:47:00 AM,30,RAIN,DAWN,SIDESWIPE SAME DIRECTION,T-INTERSECTION,NO CONTROLS,FAILING TO YIELD RIGHT-OF-WAY,UNABLE TO DETERMINE,0,0,0,0,1,7,2,867,OGDEN AVE,41.853395,-87.830025,02/04/2023 02:31:00 AM,2023
CR00020028,09/27/2020 08:53:00 PM,30,CLEAR,DARKNESS - LIGHTED ROAD,SIDESWIPE SAME DIRECTION,DIVIDED - W/MEDIAN BARRIER,NO CONTROLS,UNABLE TO DETERMINE,NOT APPLICABLE,0,0,0,0,20,1,9,1171,CICERO AVE,41.784394,-87.5295,09/27/2020 10:19:00 PM,2020
CR00020029,07/26/2023 10:03:00 AM,15,RAIN,DUSK,PARKED MOTOR VEHICLE,NOT DIVIDED,STOP SIGN/FLASHER,UNABLE TO DETERMINE,NOT APPLICABLE,0,0,0,0,10,4,7,476,WESTERN AVE,41.839217,-87.581753,07/26/2023 10:05:00 AM,2023
CR00020030,02/22/2024 12:37:00 PM,25,CLEAR,DARKNESS,SIDESWIPE SAME DIRECTION,ONE-WAY,NO CONTROLS,IMPROPER LANE USAGE,FOLLOWING TOO CLOSELY,0,0,0,0,12,5,2,2229,MILWAUKEE AVE,41.716246,-87.515525,02/22/2024 02:16:00 PM,2024
CR00020031,11/01/2017 05:17:00 PM,40,CLEAR,DAYLIGHT,PARKED MOTOR VEHICLE,ONE-WAY,TRAFFIC SIGNAL,DISTRACTION - FROM INSIDE VEHICLE,IMPROPER LANE USAGE,0,0,0,0,17,4,11,2516,LAKE SHORE DR,41.867113,-87.520994,11/01/2017 05:32:00 PM,2017
CR00020032,06/01/2023 06:33:00 PM,25,CLEAR,DARKNESS - LIGHTED ROAD,REAR END,FOUR WAY,NO CONTROLS,UNABLE TO DETERMINE,NOT APPLICABLE,0,0,0,0,18,5,6,2176,MILWAUKEE AVE,41.923019,-87.769716,06/01/2023 07:37:00 PM,2023
CR00020033,12/13/2017 08:37:00 AM,25,RAIN,DARKNESS,PARKED MOTOR VEHICLE,DIVIDED - W/MEDIAN BARRIER,UNKNOWN,FAILING TO REDUCE SPEED,IMPROPER LANE USAGE,0,0,0,0,8,4,12,710,47TH ST,41.720514,-87.692689,12/13/2017 10:09:00 AM,2017
CR00020034,11/11/2024 02:35:00 PM,25,CLEAR,DARKNESS - LIGHTED ROAD,REAR END,NOT DIVIDED,STOP SIGN/FLASHER,FAILING TO YIELD RIGHT-OF-WAY,UNABLE TO DETERMINE,0,0,0,0,14,2,11,477,FULLERTON AVE,41.801728,-87.53121,11/11/2024 04:34:00 PM,2024
CR00020035,07/09/2024 07:38:00 AM,30,CLEAR,DARKNESS - LIGHTED ROAD,ANGLE,DIVIDED - W/MEDIAN BARRIER,YIELD,DRIVING SKILLS/KNOWLEDGE/EXPERIENCE,UNABLE TO DETERMINE,0,0,0,0,7,3,7,593,ASHLAND AVE,41.70066,-87.746013,07/09/2024 08:43:00 AM,2024
CR00020036,07/07/2024 04:53:00 PM,45,CLEAR,DAYLIGHT,ANGLE,ONE-WAY,TRAFFIC SIGNAL,UNABLE TO DETERMINE,WEATHER,0,0,0,0,16,1,7,1222,DAMEN AVE,41.948178,-87.773769,07/07/2024 06:53:00 PM,2024
CR00020037,06/18/2022 08:21:00 AM,25,CLOUDY/OVERCAST,DUSK,SIDESWIPE SAME DIRECTION,DIVIDED - W/MEDIAN (NOT RAISED),TRAFFIC SIGNAL,DRIVING SKILLS/KNOWLEDGE/EXPERIENCE,NOT APPLICABLE,0,0,0,0,8,7,6,1897,MILWAUKEE AVE,41.838328,-87.575174,06/18/2022 09:18:00 AM,2022
CR00020038,04/25/2016 11:52:00 AM,35,RAIN,DAYLIGHT,TURNING,FOUR WAY,TRAFFIC SIGNAL,FAILING TO YIELD RIGHT-OF-WAY,DRIVING SKILLS/KNOWLEDGE/EXPERIENCE,0,0,0,0,11,2,4,2451,ASHLAND AVE,41.984781,-87.820168,04/25/2016 01:43:00 PM,2016
CR00020039,10/14/2016 04:47:00 PM,45,SNOW,DUSK,PARKED MOTOR VEHICLE,DIVIDED - W/MEDIAN (NOT RAISED),TRAFFIC SIGNAL,FAILING TO YIELD RIGHT-OF-WAY,UNABLE TO DETERMINE,0,0,0,0,16,6,10,579,HALSTED ST,41.783987,-87.82225,10/14/2016 05:40:00 PM,2016
CR00020040,05/17/2024 08:39:00 PM,45,SNOW,DAYLIGHT,ANGLE,DIVIDED - W/MEDIAN BARRIER,NO CONTROLS,UNABLE TO DETERMINE,DISREGARDING TRAFFIC SIGNALS,0,0,0,0,20,6,5,249,CALIFORNIA AVE,41.981101,-87.829974,05/17/2024 10:33:00 PM,2024
CR00020041,10/16/2019 04:30:00 PM,35,CLEAR,DAYLIGHT,REAR END,NOT DIVIDED,TRAFFIC SIGNAL,DISTRACTION - FROM INSIDE VEHICLE,IMPROPER LANE USAGE,0,0,0,0,16,4,10,822,ELSTON AVE,41.777729,-87.755294,10/16/2019 04:54:00 PM,2019
CR00020042,05/04/2015 02:19:00 PM,15,CLOUDY/OVERCAST,DAYLIGHT,ANGLE,FOUR WAY,TRAFFIC SIGNAL,UNABLE TO DETERMINE,UNABLE TO DETERMINE,0,0,0,0,14,2,5,903,CICERO AVE,41.906968,-87.563103,05/04/2015 02:56:00 PM,2015
CR00020043,09/21/2020 02:44:00 PM,15,CLEAR,DAYLIGHT,ANGLE,NOT DIVIDED,NO CONTROLS,IMPROPER OVERTAKING/PASSING,NOT APPLICABLE,0,0,0,0,14,2,9,359,DAMEN AVE,41.962952,-87.784228,09/21/2020 03:05:00 PM,2020
CR00020044,04/03/2022 08:37:00 PM,30,CLEAR,DAYLIGHT,TURNING,DIVIDED - W/MEDIAN (NOT RAISED),NO CONTROLS,WEATHER,FAILING TO YIELD RIGHT-OF-WAY,0,0,1,1,20,1,4,1252,MILWAUKEE AVE,41.713645,-87.708338,04/03/2022 10:35:00 PM,2022
CR00020045,07/13/2020 08:09:00 PM,20,FOG/SMOKE/HAZE,DAYLIGHT,SIDESWIPE SAME DIRECTION,DIVIDED - W/MEDIAN BARRIER,TRAFFIC SIGNAL,UNABLE TO DETERMINE,FOLLOWING TOO CLOSELY,0,0,0,0,20,2,7,1554,MILWAUKEE AVE,41.97554,-87.568358,07/13/2020 08:57:00 PM,2020
CR00020046,09/26/2020 07:21:00 PM,40,CLEAR,DARKNESS - LIGHTED ROAD,REAR END,DIVIDED - W/MEDIAN BARRIER,STOP SIGN/FLASHER,DRIVING SKILLS/KNOWLEDGE/EXPERIENCE,NOT APPLICABLE,0,0,0,0,19,7,9,613,DAMEN AVE,41.874695,-87.840697,09/26/2020 09:07:00 PM,2020
CR00020047,09/19/2023 07:15:00 PM,30,CLEAR,DAYLIGHT,REAR END,NOT DIVIDED,NO CONTROLS,WEATHER,FAILING TO YIELD RIGHT-OF-WAY,0,0,0,0,19,3,9,1603,STATE ST,41.876383,-87.557351,09/19/2023 08:07:00 PM,2023
CR00020048,04/12/2022 04:03:00 PM,30,CLEAR,DARKNESS - LIGHTED ROAD,SIDESWIPE SAME DIRECTION,NOT DIVIDED,TRAFFIC SIGNAL,FAILING TO YIELD RIGHT-OF-WAY,NOT APPLICABLE,0,1,0,1,16,3,4,2307,CICERO AVE,41.87481,-87.68292,04/12/2022 04:56:00 PM,2022
CR00020049,07/31/2020 08:08:00 PM,25,CLEAR,DAYLIGHT,TURNING,FOUR WAY,NO CONTROLS,UNABLE TO DETERMINE,DISREGARDING TRAFFIC SIGNALS,0,0,0,0,20,6,7,2289,STONY ISLAND AVE,41.721559,-87.552628,07/31/2020 09:29:00 PM,2020
CR00020050,12/15/2016 09:23:00 PM,25,CLEAR,DAYLIGHT,SIDESWIPE SAME DIRECTION,NOT DIVIDED,NO CONTROLS,DRIVING SKILLS/KNOWLEDGE/EXPERIENCE,NOT APPLICABLE,0,0,1,1,21,5,12,2493,ARCHER AVE,41.849527,-87.665742,12/15/2016 10:19:00 PM,2016
CR00020051,11/15/2015 02:01:00 PM,15,CLEAR,DARKNESS,REAR END,DIVIDED - W/MEDIAN BARRIER,TRAFFIC SIGNAL,IMPROPER LANE USAGE,UNABLE TO DETERMINE,0,0,0,0,14,1,11,477,ASHLAND AVE,41.862422,-87.763789,11/15/2015 03:12:00 PM,2015
CR00020052,04/02/2019 05:37:00 PM,15,SNOW,DAYLIGHT,TURNING,NOT DIVIDED,NO CONTROLS,IMPROPER LANE USAGE,NOT APPLICABLE,0,0,1,1,17,3,4,742,MICHIGAN AVE,41.887164,-87.593128,04/02/2019 06:58:00 PM,2019
CR00020053,09/29/2022 06:35:00 PM,20,SNOW,DARKNESS - LIGHTED ROAD,ANGLE,NOT DIVIDED,TRAFFIC SIGNAL,FOLLOWING TOO CLOSELY,IMPROPER LANE USAGE,0,0,1,1,18,5,9,1452,LAKE SHORE DR,41.888589,-87.575023,09/29/2022 07:54:00 PM,2022
CR00020054,05/22/2019 07:44:00 AM,30,CLEAR,DAYLIGHT,REAR END,DIVIDED - W/MEDIAN (NOT RAISED),NO CONTROLS,DRIVING SKILLS/KNOWLEDGE/EXPERIENCE,FOLLOWING TOO CLOSELY,0,0,0,0,7,4,5,515,ELSTON AVE,41.72224,-87.577305,05/22/2019 08:58:00 AM,2019
CR00020055,07/03/2018 06:42:00 AM,25,CLEAR,DAYLIGHT,TURNING,FOUR WAY,STOP SIGN/FLASHER,DRIVING SKILLS/KNOWLEDGE/EXPERIENCE,DISREGARDING TRAFFIC SIGNALS,0,0,0,0,6,3,7,161,DAMEN AVE,41.789861,-87.65621,07/03/2018 07:13:00 AM,2018
CR00020056,07/30/2022 12:10:00 PM,20,CLEAR,DAYLIGHT,PARKED MOTOR VEHICLE,DIVIDED - W/MEDIAN (NOT RAISED),NO CONTROLS,FAILING TO REDUCE SPEED,UNABLE TO DETERMINE,0,0,0,0,12,7,7,402,WESTERN AVE,41.997391,-87.747776,07/30/2022 12:11:00 PM,2022
CR00020057,05/18/2022 02:05:00 AM,30,CLEAR,DAYLIGHT,REAR TO FRONT,NOT DIVIDED,YIELD,FOLLOWING TOO CLOSELY,FAILING TO YIELD RIGHT-OF-WAY,0,0,0,0,2,4,5,2242,ARCHER AVE,41.784733,-87.668903,05/18/2022 02:13:00 AM,2022
CR00020058,02/15/2024 04:52:00 PM,25,CLEAR,DARKNESS - LIGHTED ROAD,ANGLE,NOT DIVIDED,NO CONTROLS,IMPROPER OVERTAKING/PASSING,DRIVING SKILLS/KNOWLEDGE/EXPERIENCE,0,0,3,3,16,5,2,898,STATE ST,41.971692,-87.837917,02/15/2024 06:50:00 PM,2024
CR00020059,05/28/2018 07:07:00 AM,20,SNOW,DARKNESS - LIGHTED ROAD,SIDESWIPE SAME DIRECTION,NOT DIVIDED,STOP SIGN/FLASHER,UNABLE TO DETERMINE,FOLLOWING TOO CLOSELY,0,0,0,0,7,2,5,2288,IRVING PARK RD,41.803011,-87.818674,05/28/2018 07:55:00 AM,2018
CR00020060,04/18/2015 10:59:00 AM,30,CLOUDY/OVERCAST,DAYLIGHT,REAR END,NOT DIVIDED,TRAFFIC SIGNAL,DRIVING SKILLS/KNOWLEDGE/EXPERIENCE,FOLLOWING TOO CLOSELY,0,0,1,1,10,7,4,555,OGDEN AVE,41.958881,-87.617929,04/18/2015 12:00:00 PM,2015
CR00020061,04/14/2020 07:01:00 PM,40,CLOUDY/OVERCAST,DAYLIGHT,TURNING,DIVIDED - W/MEDIAN (NOT RAISED),NO CONTROLS,UNABLE TO DETERMINE,WEATHER,0,0,0,0,19,3,4,847,MILWAUKEE AVE,41.862607,-87.736745,04/14/2020 07:31:00 PM,2020
CR00020062,03/30/2019 01:55:00 PM,35,CLEAR,DARKNESS,REAR END,DIVIDED - W/MEDIAN (NOT RAISED),UNKNOWN,DRIVING SKILLS/KNOWLEDGE/EXPERIENCE,UNABLE TO DETERMINE,0,0,0,0,13,7,3,710,PULASKI RD,41.786814,-87.574881,03/30/2019 02:37:00 PM,2019
CR00020063,07/06/2019 01:48:00 AM,40,CLOUDY/OVERCAST,DARKNESS - LIGHTED ROAD,TURNING,ONE-WAY,PEDESTRIAN CROSSING SIGN,FAILING TO YIELD RIGHT-OF-WAY,FOLLOWING TOO CLOSELY,0,0,0,0,1,7,7,944,CICERO AVE,41.872017,-87.511521,07/06/2019 03:09:00 AM,2019
CR00020064,08/02/2016 04:32:00 PM,35,CLEAR,DAWN,TURNING,DIVIDED - W/MEDIAN (NOT RAISED),NO CONTROLS,UNABLE TO DETERMINE,IMPROPER LANE USAGE,0,0,0,0,16,3,8,2310,ARCHER AVE,41.986482,-87.677401,08/02/2016 05:44:00 PM,2016
CR00020065,09/12/2024 08:46:00 PM,40,SNOW,DAYLIGHT,REAR END,NOT DIVIDED,NO CONTROLS,UNABLE TO DETERMINE,UNABLE TO DETERMINE,0,0,0,0,20,5,9,111,ASHLAND AVE,41.785741,-87.612382,09/12/2024 10:19:00 PM,2024
CR00020066,12/27/2016 07:23:00 AM,20,CLEAR,DAYLIGHT,REAR END,NOT DIVIDED,TRAFFIC SIGNAL,UNABLE TO DETERMINE,UNABLE TO DETERMINE,0,0,0,0,7,3,12,1746,CLARK ST,41.721048,-87.793771,12/27/2016 08:43:00 AM,2016
CR00020067,12/13/2024 12:31:00 AM,15,SNOW,DAYLIGHT,REAR TO FRONT,ONE-WAY,YIELD,UNABLE TO DETERMINE,UNABLE TO DETERMINE,0,0,0,0,0,6,12,198,HALSTED ST,41.777923,-87.726933,12/13/2024 12:53:00 AM,2024
CR00020068,08/30/2017 10:40:00 AM,35,CLOUDY/OVERCAST,DARKNESS,REAR END,NOT DIVIDED,NO CONTROLS,FAILING TO REDUCE SPEED,IMPROPER LANE USAGE,0,0,0,0,10,4,8,736,ASHLAND AVE,41.967294,-87.736037,08/30/2017 11:23:00 AM,2017
CR00020069,08/09/2019 08:50:00 AM,30,CLEAR,DARKNESS - LIGHTED ROAD,FIXED OBJECT,NOT DIVIDED,NO CONTROLS,FOLLOWING TOO CLOSELY,NOT APPLICABLE,0,0,1,1,8,6,8,1521,LAKE SHORE DR,41.86312,-87.803597,08/09/2019 09:51:00 AM,2019
CR00020070,03/21/2021 10:50:00 AM,40,SNOW,DAYLIGHT,SIDESWIPE SAME DIRECTION,NOT DIVIDED,STOP SIGN/FLASHER,FOLLOWING TOO CLOSELY,IMPROPER LANE USAGE,0,0,0,0,10,1,3,2358,ARCHER AVE,41.786639,-87.527966,03/21/2021 12:36:00 PM,2021
CR00020071,04/17/2022 06:10:00 AM,15,CLEAR,DAYLIGHT,PARKED MOTOR VEHICLE,T-INTERSECTION,NO CONTROLS,UNABLE TO DETERMINE,NOT APPLICABLE,0,0,0,0,6,1,4,1431,CALIFORNIA AVE,41.857561,-87.696265,04/17/2022 07:42:00 AM,2022
CR00020072,08/23/2016 04:43:00 PM,20,SNOW,DAYLIGHT,ANGLE,DIVIDED - W/MEDIAN (NOT RAISED),NO CONTROLS,UNABLE TO DETERMINE,IMPROPER LANE USAGE,0,0,0,0,16,3,8,170,STONY ISLAND AVE,41.806566,-87.818343,08/23/2016 05:45:00 PM,2016
CR00020073,03/06/2024 07:21:00 AM,15,CLEAR,DAYLIGHT,TURNING,NOT DIVIDED,TRAFFIC SIGNAL,FOLLOWING TOO CLOSELY,DRIVING SKILLS/KNOWLEDGE/EXPERIENCE,0,0,0,0,7,4,3,2081,DIVISION ST,41.726845,-87.777869,03/06/2024 08:39:00 AM,2024
CR00020074,01/30/2015 10:25:00 AM,35,SNOW,DAYLIGHT,TURNING,DIVIDED - W/MEDIAN (NOT RAISED),TRAFFIC SIGNAL,DRIVING SKILLS/KNOWLEDGE/EXPERIENCE,DISREGARDING TRAFFIC SIGNALS,0,0,0,0,10,6,1,1104,47TH ST,41.991518,-87.633027,01/30/2015 11:09:00 AM,2015
CR00020075,11/08/2016 08:12:00 AM,30,CLEAR,DAYLIGHT,SIDESWIPE SAME DIRECTION,DIVIDED - W/MEDIAN BARRIER,TRAFFIC SIGNAL,IMPROPER OVERTAKING/PASSING,DISTRACTION - FROM INSIDE VEHICLE,0,0,0,0,8,3,11,2496,KEDZIE AVE,41.705229,-87.518461,11/08/2016 09:10:00 AM,2016
CR00020076,10/07/2017 06:43:00 PM,45,CLEAR,DAYLIGHT,PARKED MOTOR VEHICLE,DIVIDED - W/MEDIAN (NOT RAISED),NO CONTROLS,DRIVING SKILLS/KNOWLEDGE/EXPERIENCE,UNABLE TO DETERMINE,0,0,0,0,18,7,10,696,CLARK ST,41.796998,-87.613672,10/07/2017 07:39:00 PM,2017
CR00020077,08/16/2024 03:43:00 PM,35,RAIN,DARKNESS - LIGHTED ROAD,PARKED MOTOR VEHICLE,DIVIDED - W/MEDIAN (NOT RAISED),NO CONTROLS,UNABLE TO DETERMINE,IMPROPER LANE USAGE,0,0,0,0,15,6,8,2097,BROADWAY,41.944863,-87.715941,08/16/2024 04:52:00 PM,2024
CR00020078,06/28/2015 05:13:00 PM,45,CLEAR,DAYLIGHT,REAR END,DIVIDED - W/MEDIAN (NOT RAISED),TRAFFIC SIGNAL,UNABLE TO DETERMINE,NOT APPLICABLE,0,0,0,0,17,1,6,1178,OGDEN AVE,41.827154,-87.717396,06/28/2015 05:59:00 PM,2015