CRASH_RECORD_ID,CRASH_DATE,POSTED_SPEED_LIMIT,WEATHER_CONDITION,LIGHTING_CONDITION,FIRST_CRASH_TYPE,TRAFFICWAY_TYPE,TRAFFIC_CONTROL_DEVICE,PRIM_CONTRIBUTORY_CAUSE,SEC_CONTRIBUTORY_CAUSE,INJURIES_FATAL,INJURIES_INCAPACITATING,INJURIES_NON_INCAPACITATING,INJURIES_TOTAL,CRASH_HOUR,CRASH_DAY_OF_WEEK,CRASH_MONTH,BEAT_OF_OCCURRENCE,STREET_NAME,LATITUDE,LONGITUDE,DATE_POLICE_NOTIFIED,year
CR00020079,01/16/2024 02:27:00 AM,30,CLEAR,DAYLIGHT,PARKED MOTOR VEHICLE,NOT DIVIDED,TRAFFIC SIGNAL,FOLLOWING TOO CLOSELY,FOLLOWING TOO CLOSELY,0,0,0,0,2,3,1,2515,WESTERN AVE,41.743881,-87.713002,01/16/2024 02:33:00 AM,2024
CR00020080,03/07/2024 10:36:00 AM,35,CLEAR,DAYLIGHT,TURNING,ONE-WAY,TRAFFIC SIGNAL,WEATHER,NOT APPLICABLE,0,0,0,0,10,5,3,1682,ROOSEVELT RD,41.815092,-87.597294,03/07/2024 12:14:00 PM,2024
CR00020081,02/05/2021 06:23:00 PM,40,RAIN,DARKNESS,SIDESWIPE SAME DIRECTION,DIVIDED - W/MEDIAN (NOT RAISED),STOP SIGN/FLASHER,UNABLE TO DETERMINE,WEATHER,0,0,0,0,18,6,2,195,KEDZIE AVE,41.745907,-87.645378,02/05/2021 07:45:00 PM,2021
CR00020082,03/09/2021 04:59:00 PM,25,CLEAR,DAYLIGHT,REAR END,T-INTERSECTION,YIELD,UNABLE TO DETERMINE,UNABLE TO DETERMINE,0,0,0,0,16,3,3,1639,CALIFORNIA AVE,41.771878,-87.664881,03/09/2021 06:21:00 PM,2021
CR00020083,10/25/2017 03:31:00 AM,30,CLEAR,DAYLIGHT,TURNING,NOT DIVIDED,NO CONTROLS,UNABLE TO DETERMINE,FAILING TO REDUCE SPEED,0,0,0,0,3,4,10,387,47TH ST,41.908242,-87.795249,10/25/2017 03:53:00 AM,2017
CR00020084,11/11/2023 08:46:00 AM,25,CLEAR,DARKNESS - LIGHTED ROAD,PARKED MOTOR VEHICLE,FOUR WAY,YIELD,IMPROPER OVERTAKING/PASSING,IMPROPER OVERTAKING/PASSING,0,0,0,0,8,7,11,2095,CALIFORNIA AVE,41.830971,-87.839013,11/11/2023 10:38:00 AM,2023
CR00020085,08/09/2017 07:59:00 AM,30,CLEAR,DARKNESS - LIGHTED ROAD,TURNING,NOT DIVIDED,TRAFFIC SIGNAL,FOLLOWING TOO CLOSELY,FAILING TO REDUCE SPEED,0,0,2,2,7,4,8,805,MICHIGAN AVE,41.814031,-87.80881,08/09/2017 09:38:00 AM,2017
CR00020086,09/17/2017 03:26:00 PM,35,CLEAR,DAYLIGHT,SIDESWIPE SAME DIRECTION,NOT DIVIDED,TRAFFIC SIGNAL,DRIVING SKILLS/KNOWLEDGE/EXPERIENCE,UNABLE TO DETERMINE,0,0,1,1,15,1,9,606,CALIFORNIA AVE,41.720823,-87.767532,09/17/2017 03:54:00 PM,2017
CR00020087,10/28/2024 05:47:00 AM,40,RAIN,DARKNESS - LIGHTED ROAD,ANGLE,NOT DIVIDED,STOP SIGN/FLASHER,UNABLE TO DETERMINE,UNABLE TO DETERMINE,0,0,0,0,5,2,10,2239,MICHIGAN AVE,41.967077,-87.509821,10/28/2024 07:30:00 AM,2024
CR00020088,05/03/2015 03:55:00 PM,30,CLEAR,DAYLIGHT,ANGLE,DIVIDED - W/MEDIAN (NOT RAISED),NO CONTROLS,FOLLOWING TOO CLOSELY,FOLLOWING TOO CLOSELY,0,0,0,0,15,1,5,361,47TH ST,41.779394,-87.779357,05/03/2015 04:37:00 PM,2015
CR00020089,03/21/2024 02:18:00 AM,25,CLEAR,DAYLIGHT,TURNING,NOT DIVIDED,TRAFFIC SIGNAL,FAILING TO YIELD RIGHT-OF-WAY,UNABLE TO DETERMINE,1,0,1,2,2,5,3,850,CALIFORNIA AVE,41.894854,-87.689616,03/21/2024 04:10:00 AM,2024
CR00020090,04/22/2020 11:17:00 AM,25,CLEAR,DAYLIGHT,TURNING,T-INTERSECTION,YIELD,WEATHER,IMPROPER LANE USAGE,0,1,3,4,11,4,4,776,ASHLAND AVE,41.979807,-87.785434,04/22/2020 11:53:00 AM,2020
CR00020091,07/14/2017 07:25:00 PM,30,CLEAR,DAYLIGHT,TURNING,FOUR WAY,TRAFFIC SIGNAL,UNABLE TO DETERMINE,DISTRACTION - FROM INSIDE VEHICLE,0,0,0,0,19,6,7,1866,63RD ST,41.707373,-87.775265,07/14/2017 07:36:00 PM,2017
CR00020092,09/12/2018 08:18:00 AM,15,CLEAR,DAYLIGHT,REAR END,NOT DIVIDED,NO CONTROLS,FOLLOWING TOO CLOSELY,UNABLE TO DETERMINE,0,0,0,0,8,4,9,1345,79TH ST,41.770485,-87.766373,09/12/2018 08:34:00 AM,2018
CR00020093,01/11/2018 03:40:00 PM,30,CLEAR,DARKNESS,SIDESWIPE SAME DIRECTION,DIVIDED - W/MEDIAN (NOT RAISED),NO CONTROLS,DISTRACTION - FROM INSIDE VEHICLE,IMPROPER OVERTAKING/PASSING,0,0,0,0,15,5,1,1536,PULASKI RD,41.917306,-87.705613,01/11/2018 04:10:00 PM,2018
CR00020094,07/27/2020 08:20:00 PM,30,CLEAR,DAYLIGHT,REAR END,FOUR WAY,NO CONTROLS,UNABLE TO DETERMINE,NOT APPLICABLE,0,0,3,3,20,2,7,2138,ASHLAND AVE,41.998623,-87.513042,07/27/2020 08:47:00 PM,2020
CR00020095,04/09/2016 12:04:00 PM,30,CLEAR,DAYLIGHT,REAR END,NOT DIVIDED,NO CONTROLS,FAILING TO YIELD RIGHT-OF-WAY,NOT APPLICABLE,0,0,1,1,12,7,4,1719,DIVISION ST,41.764918,-87.622499,04/09/2016 12:13:00 PM,2016
CR00020096,04/26/2018 06:30:00 PM,25,CLEAR,DARKNESS - LIGHTED ROAD,REAR END,FOUR WAY,YIELD,UNABLE TO DETERMINE,IMPROPER OVERTAKING/PASSING,0,0,1,1,18,5,4,1604,KEDZIE AVE,41.916126,-87.621267,04/26/2018 08:05:00 PM,2018
CR00020097,07/12/2024 04:48:00 AM,35,CLEAR,DARKNESS,ANGLE,NOT DIVIDED,NO CONTROLS,IMPROPER LANE USAGE,FAILING TO YIELD RIGHT-OF-WAY,0,0,0,0,4,6,7,2015,79TH ST,41.964567,-87.79243,07/12/2024 05:13:00 AM,2024
CR00020098,11/23/2018 04:56:00 PM,35,CLEAR,DARKNESS - LIGHTED ROAD,ANGLE,DIVIDED - W/MEDIAN (NOT RAISED),NO CONTROLS,DRIVING SKILLS/KNOWLEDGE/EXPERIENCE,UNABLE TO DETERMINE,0,0,0,0,16,6,11,1255,47TH ST,41.936238,-87.618517,11/23/2018 05:13:00 PM,2018
CR00020099,02/16/2023 02:29:00 AM,35,CLOUDY/OVERCAST,DAYLIGHT,ANGLE,DIVIDED - W/MEDIAN (NOT RAISED),STOP SIGN/FLASHER,DISTRACTION - FROM INSIDE VEHICLE,UNABLE TO DETERMINE,0,0,0,0,2,5,2,1549,LAKE SHORE DR,41.939737,-87.655818,02/16/2023 02:55:00 AM,2023
CR00020100,02/21/2019 10:23:00 AM,30,SNOW,DAYLIGHT,TURNING,DIVIDED - W/MEDIAN (NOT RAISED),STOP SIGN/FLASHER,UNABLE TO DETERMINE,DRIVING SKILLS/KNOWLEDGE/EXPERIENCE,0,0,0,0,10,5,2,2378,CLARK ST,41.735088,-87.845596,02/21/2019 12:13:00 PM,2019
CR00020101,01/02/2024 08:07:00 AM,20,CLEAR,DARKNESS - LIGHTED ROAD,ANGLE,DIVIDED - W/MEDIAN BARRIER,NO CONTROLS,UNABLE TO DETERMINE,IMPROPER LANE USAGE,0,0,0,0,8,3,1,2251,KEDZIE AVE,41.979671,-87.821092,01/02/2024 08:37:00 AM,2024
CR00020102,10/27/2024 05:02:00 PM,15,CLEAR,DAYLIGHT,ANGLE,ONE-WAY,TRAFFIC SIGNAL,DISREGARDING TRAFFIC SIGNALS,FOLLOWING TOO CLOSELY,0,1,1,2,17,1,10,151,CICERO AVE,41.945091,-87.739591,10/27/2024 06:09:00 PM,2024
CR00020103,01/03/2022 05:14:00 PM,45,CLEAR,DARKNESS - LIGHTED ROAD,SIDESWIPE SAME DIRECTION,DIVIDED - W/MEDIAN (NOT RAISED),STOP SIGN/FLASHER,UNABLE TO DETERMINE,DRIVING SKILLS/KNOWLEDGE/EXPERIENCE,0,0,0,0,17,2,1,224,KEDZIE AVE,41.809022,-87.840543,01/03/2022 06:33:00 PM,2022
CR00020104,04/19/2019 01:57:00 AM,20,CLEAR,DAYLIGHT,REAR END,NOT DIVIDED,TRAFFIC SIGNAL,UNABLE TO DETERMINE,UNABLE TO DETERMINE,0,0,0,0,1,6,4,506,FULLERTON AVE,41.951767,-87.558981,04/19/2019 03:54:00 AM,2019
CR00020105,01/02/2018 04:25:00 PM,40,CLEAR,DARKNESS - LIGHTED ROAD,SIDESWIPE SAME DIRECTION,DIVIDED - W/MEDIAN (NOT RAISED),STOP SIGN/FLASHER,WEATHER,NOT APPLICABLE,0,0,0,0,16,3,1,2220,ROOSEVELT RD,41.744181,-87.77398,01/02/2018 06:13:00 PM,2018
CR00020106,03/02/2023 01:27:00 AM,35,RAIN,DARKNESS - LIGHTED ROAD,PARKED MOTOR VEHICLE,NOT DIVIDED,NO CONTROLS,FOLLOWING TOO CLOSELY,NOT APPLICABLE,0,0,0,0,1,5,3,1477,PULASKI RD,41.88448,-87.550117,03/02/2023 02:13:00 AM,2023
CR00020107,12/21/2023 04:00:00 PM,30,CLEAR,DAYLIGHT,ANGLE,NOT DIVIDED,PEDESTRIAN CROSSING SIGN,DRIVING SKILLS/KNOWLEDGE/EXPERIENCE,FOLLOWING TOO CLOSELY,0,0,0,0,16,5,12,1101,FULLERTON AVE,41.852964,-87.725263,12/21/2023 05:27:00 PM,2023
CR00020108,11/05/2019 04:30:00 PM,35,CLEAR,DARKNESS - LIGHTED ROAD,ANGLE,NOT DIVIDED,NO CONTROLS,UNABLE TO DETERMINE,DISTRACTION - FROM INSIDE VEHICLE,0,0,1,1,16,3,11,2530,BROADWAY,41.975386,-87.590509,11/05/2019 05:25:00 PM,2019
CR00020109,08/25/2016 07:41:00 AM,45,CLEAR,DARKNESS - LIGHTED ROAD,SIDESWIPE SAME DIRECTION,FOUR WAY,STOP SIGN/FLASHER,UNABLE TO DETERMINE,NOT APPLICABLE,0,0,0,0,7,5,8,1112,CLARK ST,41.776627,-87.714285,08/25/2016 08:16:00 AM,2016
CR00020110,03/10/2016 04:18:00 PM,45,SNOW,DAYLIGHT,PARKED MOTOR VEHICLE,NOT DIVIDED,TRAFFIC SIGNAL,FOLLOWING TOO CLOSELY,DISREGARDING TRAFFIC SIGNALS,0,0,0,0,16,5,3,828,FULLERTON AVE,41.739653,-87.561477,03/10/2016 05:04:00 PM,2016
CR00020111,05/01/2019 07:27:00 AM,30,CLEAR,DAYLIGHT,SIDESWIPE SAME DIRECTION,NOT DIVIDED,TRAFFIC SIGNAL,DISREGARDING TRAFFIC SIGNALS,IMPROPER OVERTAKING/PASSING,0,0,0,0,7,4,5,1370,IRVING PARK RD,41.874789,-87.844452,05/01/2019 08:47:00 AM,2019
CR00020112,02/22/2022 08:38:00 AM,35,CLEAR,DAYLIGHT,TURNING,T-INTERSECTION,STOP SIGN/FLASHER,FOLLOWING TOO CLOSELY,FOLLOWING TOO CLOSELY,0,0,0,0,8,3,2,2510,STONY ISLAND AVE,41.781926,-87.77204,02/22/2022 10:16:00 AM,2022
CR00020113,10/10/2019 02:58:00 AM,40,CLEAR,DAYLIGHT,TURNING,DIVIDED - W/MEDIAN (NOT RAISED),NO CONTROLS,UNABLE TO DETERMINE,UNABLE TO DETERMINE,0,0,0,0,2,5,10,852,KEDZIE AVE,41.8976,-87.623982,10/10/2019 04:35:00 AM,2019
CR00020114,02/10/2023 04:21:00 PM,40,CLEAR,DAYLIGHT,ANGLE,DIVIDED - W/MEDIAN (NOT RAISED),TRAFFIC SIGNAL,IMPROPER OVERTAKING/PASSING,NOT APPLICABLE,0,0,0,0,16,6,2,920,DIVISION ST,41.963988,-87.518366,02/10/2023 05:02:00 PM,2023
CR00020115,10/13/2024 05:53:00 PM,45,RAIN,DAWN,TURNING,FOUR WAY,NO CONTROLS,DRIVING SKILLS/KNOWLEDGE/EXPERIENCE,UNABLE TO DETERMINE,0,0,0,0,17,1,10,2078,WESTERN AVE,41.960065,-87.687669,10/13/2024 06:40:00 PM,2024
CR00020116,04/13/2015 01:50:00 PM,30,CLEAR,DARKNESS - LIGHTED ROAD,PARKED MOTOR VEHICLE,DIVIDED - W/MEDIAN (NOT RAISED),NO CONTROLS,UNABLE TO DETERMINE,IMPROPER OVERTAKING/PASSING,0,0,0,0,13,2,4,1712,DIVISION ST,41.744806,-87.753311,04/13/2015 02:40:00 PM,2015
CR00020117,04/01/2020 10:48:00 AM,20,CLEAR,DUSK,TURNING,DIVIDED - W/MEDIAN (NOT RAISED),TRAFFIC SIGNAL,UNABLE TO DETERMINE,IMPROPER LANE USAGE,0,2,2,4,10,4,4,567,CALIFORNIA AVE,41.794082,-87.688065,04/01/2020 11:06:00 AM,2020
CR00020118,12/15/2021 06:49:00 AM,30,CLEAR,DARKNESS,TURNING,ONE-WAY,NO CONTROLS,UNABLE TO DETERMINE,FAILING TO YIELD RIGHT-OF-WAY,0,1,3,4,6,4,12,2030,HALSTED ST,41.732666,-87.64664,12/15/2021 08:17:00 AM,2021
CR00020119,12/13/2023 07:18:00 AM,35,CLOUDY/OVERCAST,DUSK,TURNING,NOT DIVIDED,TRAFFIC SIGNAL,UNABLE TO DETERMINE,DISREGARDING TRAFFIC SIGNALS,0,0,2,2,7,4,12,2316,ELSTON AVE,41.826917,-87.841732,12/13/2023 07:32:00 AM,2023
CR00020120,10/30/2024 07:13:00 PM,25,CLEAR,DARKNESS - LIGHTED ROAD,REAR TO FRONT,ONE-WAY,TRAFFIC SIGNAL,FAILING TO YIELD RIGHT-OF-WAY,FOLLOWING TOO CLOSELY,0,0,1,1,19,4,10,979,IRVING PARK RD,41.708125,-87.793303,10/30/2024 08:59:00 PM,2024
CR00020121,11/15/2017 12:10:00 PM,15,RAIN,DAYLIGHT,FIXED OBJECT,FOUR WAY,YIELD,FAILING TO YIELD RIGHT-OF-WAY,UNABLE TO DETERMINE,0,0,0,0,12,4,11,2153,HALSTED ST,41.926874,-87.706877,11/15/2017 01:21:00 PM,2017
CR00020122,10/26/2018 03:46:00 PM,15,CLEAR,DARKNESS - LIGHTED ROAD,ANGLE,DIVIDED - W/MEDIAN BARRIER,STOP SIGN/FLASHER,FAILING TO YIELD RIGHT-OF-WAY,IMPROPER OVERTAKING/PASSING,0,0,0,0,15,6,10,1064,ASHLAND AVE,41.933791,-87.680899,10/26/2018 04:15:00 PM,2018
CR00020123,06/08/2023 07:43:00 PM,20,RAIN,DAYLIGHT,PARKED MOTOR VEHICLE,NOT DIVIDED,TRAFFIC SIGNAL,FOLLOWING TOO CLOSELY,UNABLE TO DETERMINE,0,0,0,0,19,5,6,2265,DAMEN AVE,41.979295,-87.605393,06/08/2023 07:47:00 PM,2023
CR00020124,05/08/2024 11:37:00 AM,15,CLEAR,DUSK,FIXED OBJECT,NOT DIVIDED,NO CONTROLS,UNABLE TO DETERMINE,DRIVING SKILLS/KNOWLEDGE/EXPERIENCE,0,0,0,0,11,4,5,1627,MICHIGAN AVE,41.977131,-87.533663,05/08/2024 12:56:00 PM,2024
CR00020125,08/13/2023 07:38:00 AM,30,CLEAR,DAYLIGHT,REAR TO FRONT,NOT DIVIDED,NO CONTROLS,FOLLOWING TOO CLOSELY,DISTRACTION - FROM INSIDE VEHICLE,0,0,0,0,7,1,8,417,79TH ST,41.709265,-87.677412,08/13/2023 09:16:00 AM,2023
CR00020126,09/04/2022 05:20:00 PM,45,FOG/SMOKE/HAZE,DARKNESS - LIGHTED ROAD,REAR END,DIVIDED - W/MEDIAN (NOT RAISED),STOP SIGN/FLASHER,DISTRACTION - FROM INSIDE VEHICLE,IMPROPER OVERTAKING/PASSING,0,0,0,0,17,1,9,2513,LAKE SHORE DR,41.760104,-87.509568,09/04/2022 06:11:00 PM,2022
CR00020127,06/28/2024 04:39:00 PM,40,CLEAR,DAYLIGHT,REAR END,FOUR WAY,NO CONTROLS,DISTRACTION - FROM INSIDE VEHICLE,NOT APPLICABLE,0,0,1,1,16,6,6,671,BROADWAY,41.767828,-87.522574,06/28/2024 06:12:00 PM,2024
CR00020128,09/20/2021 05:19:00 AM,30,CLEAR,DARKNESS - LIGHTED ROAD,SIDESWIPE SAME DIRECTION,DIVIDED - W/MEDIAN (NOT RAISED),NO CONTROLS,DISREGARDING TRAFFIC SIGNALS,IMPROPER LANE USAGE,0,0,0,0,5,2,9,1240,BROADWAY,41.714833,-87.565097,09/20/2021 06:01:00 AM,2021
CR00020129,12/26/2016 09:47:00 AM,20,CLEAR,DAYLIGHT,ANGLE,NOT DIVIDED,TRAFFIC SIGNAL,DISTRACTION - FROM INSIDE VEHICLE,NOT APPLICABLE,0,0,0,0,9,2,12,570,MILWAUKEE AVE,41.753822,-87.556642,12/26/2016 11:08:00 AM,2016
CR00020130,04/27/2022 09:19:00 AM,15,CLEAR,DAYLIGHT,REAR END,DIVIDED - W/MEDIAN (NOT RAISED),TRAFFIC SIGNAL,DISTRACTION - FROM INSIDE VEHICLE,IMPROPER OVERTAKING/PASSING,0,0,1,1,9,4,4,2437,CLARK ST,41.721563,-87.563399,04/27/2022 09:39:00 AM,2022
CR00020131,06/25/2020 11:48:00 AM,30,FREEZING RAIN/DRIZZLE,DUSK,PARKED MOTOR VEHICLE,NOT DIVIDED,STOP SIGN/FLASHER,IMPROPER LANE USAGE,IMPROPER LANE USAGE,0,0,0,0,11,5,6,840,CICERO AVE,41.858766,-87.505152,06/25/2020 12:30:00 PM,2020
CR00020132,06/09/2023 01:42:00 AM,40,CLOUDY/OVERCAST,DAYLIGHT,SIDESWIPE SAME DIRECTION,NOT DIVIDED,NO CONTROLS,DISTRACTION - FROM INSIDE VEHICLE,UNABLE TO DETERMINE,0,0,0,0,1,6,6,140,47TH ST,41.975514,-87.62886,06/09/2023 03:17:00 AM,2023
CR00020133,09/10/2022 03:00:00 AM,20,CLEAR,DAWN,PARKED MOTOR VEHICLE,DIVIDED - W/MEDIAN (NOT RAISED),NO CONTROLS,UNABLE TO DETERMINE,IMPROPER OVERTAKING/PASSING,0,0,0,0,3,7,9,2035,IRVING PARK RD,41.806042,-87.625068,09/10/2022 04:26:00 AM,2022
CR00020134,04/12/2023 09:57:00 AM,35,RAIN,DARKNESS - LIGHTED ROAD,REAR END,DIVIDED - W/MEDIAN (NOT RAISED),STOP SIGN/FLASHER,UNABLE TO DETERMINE,DISTRACTION - FROM INSIDE VEHICLE,0,0,2,2,9,4,4,1503,MILWAUKEE AVE,41.837055,-87.500836,04/12/2023 10:22:00 AM,2023
CR00020135,06/11/2020 03:39:00 PM,30,CLEAR,DUSK,TURNING,DIVIDED - W/MEDIAN BARRIER,STOP SIGN/FLASHER,DRIVING SKILLS/KNOWLEDGE/EXPERIENCE,NOT APPLICABLE,0,0,0,0,15,5,6,313,PULASKI RD,41.885911,-87.699794,06/11/2020 04:57:00 PM,2020
CR00020136,09/02/2023 01:15:00 AM,20,CLEAR,DARKNESS - LIGHTED ROAD,TURNING,ONE-WAY,TRAFFIC SIGNAL,FAILING TO YIELD RIGHT-OF-WAY,IMPROPER OVERTAKING/PASSING,0,0,0,0,1,7,9,311,47TH ST,41.873138,-87.525737,09/02/2023 01:41:00 AM,2023
CR00020137,04/10/2022 06:08:00 PM,45,CLOUDY/OVERCAST,DAYLIGHT,TURNING,NOT DIVIDED,NO CONTROLS,FOLLOWING TOO CLOSELY,NOT APPLICABLE,0,1,3,4,18,1,4,2202,63RD ST,41.806466,-87.690885,04/10/2022 06:52:00 PM,2022
CR00020138,05/18/2021 03:42:00 PM,15,CLEAR,DAYLIGHT,TURNING,DIVIDED - W/MEDIAN (NOT RAISED),TRAFFIC SIGNAL,IMPROPER OVERTAKING/PASSING,FAILING TO YIELD RIGHT-OF-WAY,0,0,2,2,15,3,5,1024,LAKE SHORE DR,41.758719,-87.573043,05/18/2021 03:49:00 PM,2021
CR00020139,10/14/2015 04:36:00 PM,30,CLEAR,DARKNESS - LIGHTED ROAD,REAR END,NOT DIVIDED,NO CONTROLS,FAILING TO YIELD RIGHT-OF-WAY,FOLLOWING TOO CLOSELY,0,0,0,0,16,4,10,2446,DIVISION ST,41.891013,-87.618646,10/14/2015 04:40:00 PM,2015
CR00020140,04/26/2017 04:09:00 AM,20,FREEZING RAIN/DRIZZLE,DARKNESS - LIGHTED ROAD,ANGLE,ONE-WAY,NO CONTROLS,FOLLOWING TOO CLOSELY,DRIVING SKILLS/KNOWLEDGE/EXPERIENCE,0,0,0,0,4,4,4,753,STONY ISLAND AVE,41.899026,-87.665259,04/26/2017 05:31:00 AM,2017
CR00020141,03/07/2018 05:19:00 PM,35,CLOUDY/OVERCAST,DAYLIGHT,REAR END,NOT DIVIDED,STOP SIGN/FLASHER,DISREGARDING TRAFFIC SIGNALS,UNABLE TO DETERMINE,0,0,0,0,17,4,3,2015,PULASKI RD,41.76725,-87.841731,03/07/2018 07:05:00 PM,2018
CR00020142,12/11/2015 09:47:00 AM,40,CLEAR,DAYLIGHT,TURNING,NOT DIVIDED,NO CONTROLS,WEATHER,FAILING TO REDUCE SPEED,0,0,0,0,9,6,12,2101,HALSTED ST,41.724521,-87.607114,12/11/2015 11:23:00 AM,2015
CR00020143,05/18/2017 02:42:00 PM,30,RAIN,DAYLIGHT,PARKED MOTOR VEHICLE,DIVIDED - W/MEDIAN (NOT RAISED),TRAFFIC SIGNAL,DISTRACTION - FROM INSIDE VEHICLE,FAILING TO YIELD RIGHT-OF-WAY,0,0,0,0,14,5,5,1571,LAKE SHORE DR,41.864128,-87.73532,05/18/2017 04:19:00 PM,2017
CR00020144,05/07/2019 03:44:00 PM,35,FOG/SMOKE/HAZE,DAYLIGHT,REAR TO FRONT,DIVIDED - W/MEDIAN BARRIER,NO CONTROLS,FAILING TO YIELD RIGHT-OF-WAY,FAILING TO YIELD RIGHT-OF-WAY,0,0,0,0,15,3,5,1417,WESTERN AVE,41.910591,-87.680653,05/07/2019 03:55:00 PM,2019
CR00020145,10/11/2015 06:22:00 PM,20,CLEAR,DAYLIGHT,REAR END,DIVIDED - W/MEDIAN BARRIER,TRAFFIC SIGNAL,FOLLOWING TOO CLOSELY,UNABLE TO DETERMINE,0,0,0,0,18,1,10,2474,DAMEN AVE,41.906044,-87.763499,10/11/2015 07:02:00 PM,2015
CR00020146,01/14/2019 01:32:00 PM,45,FREEZING RAIN/DRIZZLE,DUSK,REAR END,ONE-WAY,NO CONTROLS,DRIVING SKILLS/KNOWLEDGE/EXPERIENCE,NOT APPLICABLE,0,0,0,0,13,2,1,1740,CICERO AVE,41.824076,-87.752295,01/14/2019 02:33:00 PM,2019
CR00020147,10/07/2021 12:50:00 PM,20,CLEAR,DAYLIGHT,ANGLE,DIVIDED - W/MEDIAN (NOT RAISED),NO CONTROLS,FOLLOWING TOO CLOSELY,DISREGARDING TRAFFIC SIGNALS,0,0,0,0,12,5,10,2040,LAKE SHORE DR,41.753049,-87.767311,10/07/2021 12:56:00 PM,2021
CR00020148,06/27/2015 07:37:00 AM,25,CLOUDY/OVERCAST,DARKNESS - LIGHTED ROAD,REAR END,NOT DIVIDED,STOP SIGN/FLASHER,UNABLE TO DETERMINE,FAILING TO YIELD RIGHT-OF-WAY,0,0,0,0,7,7,6,595,DAMEN AVE,41.730948,-87.629797,06/27/2015 09:25:00 AM,2015
CR00020149,05/24/2018 01:59:00 PM,25,CLEAR,DARKNESS - LIGHTED ROAD,TURNING,ONE-WAY,NO CONTROLS,UNABLE TO DETERMINE,FAILING TO YIELD RIGHT-OF-WAY,0,0,0,0,13,5,5,1344,PULASKI RD,41.760816,-87.84239,05/24/2018 03:24:00 PM,2018
CR00020150,01/13/2023 06:35:00 AM,30,CLEAR,DAYLIGHT,REAR END,FOUR WAY,NO CONTROLS,IMPROPER LANE USAGE,UNABLE TO DETERMINE,0,0,0,0,6,6,1,589,HALSTED ST,41.730883,-87.683951,01/13/2023 07:35:00 AM,2023
CR00020151,03/18/2016 11:19:00 AM,40,RAIN,DARKNESS - LIGHTED ROAD,SIDESWIPE SAME DIRECTION,FOUR WAY,TRAFFIC SIGNAL,IMPROPER LANE USAGE,FAILING TO YIELD RIGHT-OF-WAY,0,0,0,0,11,6,3,1599,ARCHER AVE,41.728371,-87.65992,03/18/2016 01:16:00 PM,2016
CR00020152,03/02/2022 06:26:00 PM,30,CLEAR,DARKNESS - LIGHTED ROAD,SIDESWIPE SAME DIRECTION,DIVIDED - W/MEDIAN (NOT RAISED),STOP SIGN/FLASHER,UNABLE TO DETERMINE,IMPROPER OVERTAKING/PASSING,0,0,0,0,18,4,3,1765,BROADWAY,41.937865,-87.620228,03/02/2022 07:55:00 PM,2022
CR00020153,05/22/2023 08:27:00 AM,35,CLEAR,DARKNESS,SIDESWIPE SAME DIRECTION,DIVIDED - W/MEDIAN (NOT RAISED),UNKNOWN,FAILING TO YIELD RIGHT-OF-WAY,UNABLE TO DETERMINE,0,0,0,0,8,2,5,406,KEDZIE AVE,41.856077,-87.688491,05/22/2023 10:20:00 AM,2023
CR00020154,11/26/2020 04:08:00 PM,35,SNOW,DAYLIGHT,REAR END,NOT DIVIDED,TRAFFIC SIGNAL,UNABLE TO DETERMINE,FOLLOWING TOO CLOSELY,0,0,0,0,16,5,11,1869,FULLERTON AVE,41.739247,-87.514556,11/26/2020 05:03:00 PM,2020
CR00020155,06/09/2024 04:04:00 PM,25,CLEAR,DARKNESS - LIGHTED ROAD,TURNING,NOT DIVIDED,UNKNOWN,DRIVING SKILLS/KNOWLEDGE/EXPERIENCE,NOT APPLICABLE,0,0,0,0,16,1,6,1269,LAKE SHORE DR,41.74133,-87.753154,06/09/2024 05:17:00 PM,2024
CR00020156,10/30/2024 09:36:00 AM,15,CLEAR,DAYLIGHT,FIXED OBJECT,NOT DIVIDED,NO CONTROLS,FOLLOWING TOO CLOSELY,DISREGARDING TRAFFIC SIGNALS,0,0,1,1,9,4,10,225,MICHIGAN AVE,41.829279,-87.555982,10/30/2024 10:02:00 AM,2024
CR00020157,11/02/2022 02:32:00 AM,15,SNOW,DAYLIGHT,REAR END,DIVIDED - W/MEDIAN BARRIER,TRAFFIC SIGNAL,FOLLOWING TOO CLOSELY,UNABLE TO DETERMINE,0,0,0,0,2,4,11,485,47TH ST,41.730775,-87.805976,11/02/2022 03:02:00 AM,2022
CR00020158,02/01/2016 07:49:00 PM,20,CLEAR,DAWN,FIXED OBJECT,NOT DIVIDED,NO CONTROLS,FAILING TO YIELD RIGHT-OF-WAY,DISREGARDING TRAFFIC SIGNALS,0,0,0,0,19,2,2,1037,47TH ST,41.91834,-87.681391,02/01/2016 07:57:00 PM,2016
CR00020159,10/12/2023 11:51:00 AM,30,RAIN,DAYLIGHT,TURNING,NOT DIVIDED,TRAFFIC SIGNAL,FOLLOWING TOO CLOSELY,UNABLE TO DETERMINE,0,0,1,1,11,5,10,2513,79TH ST,41.942601,-87.836848,10/12/2023 12:58:00 PM,2023