CRASH_RECORD_ID,CRASH_DATE,POSTED_SPEED_LIMIT,WEATHER_CONDITION,LIGHTING_CONDITION,FIRST_CRASH_TYPE,TRAFFICWAY_TYPE,TRAFFIC_CONTROL_DEVICE,PRIM_CONTRIBUTORY_CAUSE,SEC_CONTRIBUTORY_CAUSE,INJURIES_FATAL,INJURIES_INCAPACITATING,INJURIES_NON_INCAPACITATING,INJURIES_TOTAL,CRASH_HOUR,CRASH_DAY_OF_WEEK,CRASH_MONTH,BEAT_OF_OCCURRENCE,STREET_NAME,LATITUDE,LONGITUDE,DATE_POLICE_NOTIFIED,year
CR00020160,02/01/2018 07:35:00 AM,15,FOG/SMOKE/HAZE,DAYLIGHT,REAR END,T-INTERSECTION,NO CONTROLS,DRIVING SKILLS/KNOWLEDGE/EXPERIENCE,UNABLE TO DETERMINE,0,0,0,0,7,5,2,980,IRVING PARK RD,41.779812,-87.702158,02/01/2018 09:21:00 AM,2018
CR00020161,07/24/2016 07:56:00 PM,30,CLEAR,DARKNESS - LIGHTED ROAD,TURNING,FOUR WAY,NO CONTROLS,DISREGARDING TRAFFIC SIGNALS,FAILING TO REDUCE SPEED,0,0,0,0,19,1,7,1831,IRVING PARK RD,41.965016,-87.510808,07/24/2016 08:57:00 PM,2016
CR00020162,04/22/2024 08:25:00 AM,45,CLEAR,DAYLIGHT,SIDESWIPE SAME DIRECTION,FOUR WAY,TRAFFIC SIGNAL,UNABLE TO DETERMINE,NOT APPLICABLE,0,0,0,0,8,2,4,710,79TH ST,41.704084,-87.523732,04/22/2024 09:17:00 AM,2024
CR00020163,07/30/2015 08:18:00 AM,45,CLEAR,DARKNESS - LIGHTED ROAD,ANGLE,ONE-WAY,TRAFFIC SIGNAL,IMPROPER OVERTAKING/PASSING,DISREGARDING TRAFFIC SIGNALS,0,0,0,0,8,5,7,717,CICERO AVE,41.990911,-87.672827,07/30/2015 08:22:00 AM,2015
CR00020164,11/17/2021 03:17:00 PM,30,CLEAR,DAYLIGHT,REAR TO FRONT,ONE-WAY,NO CONTROLS,FAILING TO YIELD RIGHT-OF-WAY,UNABLE TO DETERMINE,0,0,0,0,15,4,11,283,FULLERTON AVE,41.920631,-87.575904,11/17/2021 04:43:00 PM,2021
CR00020165,03/21/2022 06:21:00 PM,25,CLEAR,DAYLIGHT,ANGLE,NOT DIVIDED,STOP SIGN/FLASHER,FOLLOWING TOO CLOSELY,UNABLE TO DETERMINE,0,0,0,0,18,2,3,828,KEDZIE AVE,41.847931,-87.630655,03/21/2022 06:58:00 PM,2022
CR00020166,08/27/2020 01:56:00 PM,40,CLEAR,DAYLIGHT,TURNING,NOT DIVIDED,TRAFFIC SIGNAL,FAILING TO REDUCE SPEED,UNABLE TO DETERMINE,0,1,2,3,13,5,8,1614,79TH ST,41.720543,-87.705073,08/27/2020 03:15:00 PM,2020
CR00020167,10/05/2022 09:05:00 AM,35,FOG/SMOKE/HAZE,DAYLIGHT,REAR END,ONE-WAY,NO CONTROLS,FOLLOWING TOO CLOSELY,FAILING TO YIELD RIGHT-OF-WAY,0,0,0,0,9,4,10,519,STONY ISLAND AVE,41.924048,-87.661952,10/05/2022 10:21:00 AM,2022
CR00020168,02/14/2022 07:41:00 AM,45,CLEAR,DAYLIGHT,SIDESWIPE SAME DIRECTION,DIVIDED - W/MEDIAN BARRIER,PEDESTRIAN CROSSING SIGN,UNABLE TO DETERMINE,FOLLOWING TOO CLOSELY,0,0,0,0,7,2,2,1189,CALIFORNIA AVE,41.994571,-87.599973,02/14/2022 08:10:00 AM,2022
CR00020169,03/05/2015 02:11:00 PM,25,CLEAR,DAYLIGHT,SIDESWIPE SAME DIRECTION,ONE-WAY,UNKNOWN,DRIVING SKILLS/KNOWLEDGE/EXPERIENCE,NOT APPLICABLE,0,0,0,0,14,5,3,1388,ELSTON AVE,41.703148,-87.519118,03/05/2015 03:22:00 PM,2015
CR00020170,10/12/2018 11:59:00 AM,20,CLOUDY/OVERCAST,DAYLIGHT,FIXED OBJECT,FOUR WAY,TRAFFIC SIGNAL,DISTRACTION - FROM INSIDE VEHICLE,NOT APPLICABLE,0,0,0,0,11,6,10,1502,DIVISION ST,41.878054,-87.773286,10/12/2018 01:55:00 PM,2018
CR00020171,10/28/2016 11:43:00 AM,20,CLEAR,DARKNESS - LIGHTED ROAD,REAR END,FOUR WAY,NO CONTROLS,IMPROPER OVERTAKING/PASSING,NOT APPLICABLE,0,0,0,0,11,6,10,351,KEDZIE AVE,41.970693,-87.755192,10/28/2016 01:24:00 PM,2016
CR00020172,04/28/2016 06:35:00 PM,30,CLOUDY/OVERCAST,DAYLIGHT,PARKED MOTOR VEHICLE,NOT DIVIDED,STOP SIGN/FLASHER,FAILING TO REDUCE SPEED,FOLLOWING TOO CLOSELY,0,0,0,0,18,5,4,934,LAKE SHORE DR,41.854336,-87.599357,04/28/2016 08:21:00 PM,2016
CR00020173,06/19/2023 05:54:00 PM,45,CLEAR,DAYLIGHT,REAR END,NOT DIVIDED,TRAFFIC SIGNAL,UNABLE TO DETERMINE,UNABLE TO DETERMINE,0,0,0,0,17,2,6,1396,DIVISION ST,41.847365,-87.844278,06/19/2023 07:31:00 PM,2023
CR00020174,11/29/2024 03:30:00 AM,35,CLEAR,DAYLIGHT,PARKED MOTOR VEHICLE,NOT DIVIDED,STOP SIGN/FLASHER,UNABLE TO DETERMINE,FOLLOWING TOO CLOSELY,0,0,0,0,3,6,11,463,79TH ST,41.822381,-87.768323,11/29/2024 04:55:00 AM,2024
CR00020175,03/16/2022 04:49:00 AM,25,CLEAR,DAYLIGHT,SIDESWIPE SAME DIRECTION,ONE-WAY,UNKNOWN,DISREGARDING TRAFFIC SIGNALS,IMPROPER LANE USAGE,0,0,0,0,4,4,3,281,WESTERN AVE,41.860306,-87.836265,03/16/2022 05:13:00 AM,2022
CR00020176,03/09/2024 04:17:00 PM,30,SNOW,DAYLIGHT,REAR END,DIVIDED - W/MEDIAN BARRIER,NO CONTROLS,DISREGARDING TRAFFIC SIGNALS,DRIVING SKILLS/KNOWLEDGE/EXPERIENCE,0,0,0,0,16,7,3,1447,MILWAUKEE AVE,41.999613,-87.534403,03/09/2024 05:11:00 PM,2024
CR00020177,08/19/2017 11:23:00 PM,30,CLEAR,DAYLIGHT,ANGLE,T-INTERSECTION,TRAFFIC SIGNAL,UNABLE TO DETERMINE,IMPROPER OVERTAKING/PASSING,0,0,0,0,23,7,8,590,79TH ST,41.871827,-87.541357,08/20/2017 12:06:00 AM,2017
CR00020178,09/29/2023 07:26:00 AM,25,CLEAR,DAYLIGHT,SIDESWIPE SAME DIRECTION,DIVIDED - W/MEDIAN (NOT RAISED),NO CONTROLS,DISTRACTION - FROM INSIDE VEHICLE,FOLLOWING TOO CLOSELY,0,0,1,1,7,6,9,1052,ARCHER AVE,41.830653,-87.527719,09/29/2023 08:11:00 AM,2023
CR00020179,08/28/2024 01:02:00 AM,15,CLEAR,DAYLIGHT,REAR END,T-INTERSECTION,PEDESTRIAN CROSSING SIGN,UNABLE TO DETERMINE,UNABLE TO DETERMINE,0,0,3,3,1,4,8,1014,IRVING PARK RD,41.845331,-87.615638,08/28/2024 02:36:00 AM,2024
CR00020180,02/01/2022 05:42:00 PM,45,CLEAR,DARKNESS - LIGHTED ROAD,REAR END,DIVIDED - W/MEDIAN (NOT RAISED),NO CONTROLS,FAILING TO REDUCE SPEED,NOT APPLICABLE,0,0,0,0,17,3,2,1854,CALIFORNIA AVE,41.893854,-87.717273,02/01/2022 05:53:00 PM,2022
CR00020181,06/26/2019 05:29:00 PM,30,CLEAR,DARKNESS,SIDESWIPE SAME DIRECTION,DIVIDED - W/MEDIAN BARRIER,STOP SIGN/FLASHER,FAILING TO YIELD RIGHT-OF-WAY,FAILING TO YIELD RIGHT-OF-WAY,0,0,0,0,17,4,6,1389,IRVING PARK RD,41.818619,-87.520281,06/26/2019 06:30:00 PM,2019
CR00020182,08/23/2018 07:47:00 AM,30,SNOW,DAYLIGHT,ANGLE,DIVIDED - W/MEDIAN (NOT RAISED),STOP SIGN/FLASHER,FAILING TO YIELD RIGHT-OF-WAY,IMPROPER OVERTAKING/PASSING,0,0,0,0,7,5,8,389,ROOSEVELT RD,41.976673,-87.666458,08/23/2018 08:04:00 AM,2018
CR00020183,05/24/2023 04:08:00 PM,20,CLOUDY/OVERCAST,DAYLIGHT,SIDESWIPE SAME DIRECTION,T-INTERSECTION,TRAFFIC SIGNAL,FOLLOWING TOO CLOSELY,DISTRACTION - FROM INSIDE VEHICLE,0,0,0,0,16,4,5,1213,MICHIGAN AVE,41.871221,-87.554317,05/24/2023 06:08:00 PM,2023
CR00020184,10/26/2023 05:19:00 PM,35,RAIN,DUSK,TURNING,NOT DIVIDED,NO CONTROLS,IMPROPER LANE USAGE,UNABLE TO DETERMINE,0,0,0,0,17,5,10,905,OGDEN AVE,41.96327,-87.590327,10/26/2023 06:51:00 PM,2023
CR00020185,02/26/2022 01:10:00 PM,15,CLEAR,DAYLIGHT,FIXED OBJECT,NOT DIVIDED,NO CONTROLS,IMPROPER LANE USAGE,WEATHER,0,0,0,0,13,7,2,106,STATE ST,41.839574,-87.603171,02/26/2022 02:02:00 PM,2022
CR00020186,05/11/2018 01:58:00 PM,40,CLEAR,DARKNESS - LIGHTED ROAD,PARKED MOTOR VEHICLE,NOT DIVIDED,NO CONTROLS,FAILING TO YIELD RIGHT-OF-WAY,NOT APPLICABLE,0,0,0,0,13,6,5,2527,MILWAUKEE AVE,41.999365,-87.521435,05/11/2018 03:31:00 PM,2018
CR00020187,05/11/2021 05:16:00 AM,30,RAIN,DAYLIGHT,REAR END,NOT DIVIDED,STOP SIGN/FLASHER,WEATHER,NOT APPLICABLE,0,0,2,2,5,3,5,1323,PULASKI RD,41.981613,-87.742495,05/11/2021 05:48:00 AM,2021
CR00020188,11/19/2018 06:49:00 PM,20,CLEAR,DARKNESS - LIGHTED ROAD,PARKED MOTOR VEHICLE,T-INTERSECTION,STOP SIGN/FLASHER,UNABLE TO DETERMINE,NOT APPLICABLE,0,0,0,0,18,2,11,2065,MICHIGAN AVE,41.77781,-87.685387,11/19/2018 07:04:00 PM,2018
CR00020189,05/02/2023 12:03:00 AM,30,CLEAR,DAYLIGHT,SIDESWIPE SAME DIRECTION,ONE-WAY,NO CONTROLS,IMPROPER OVERTAKING/PASSING,NOT APPLICABLE,0,0,0,0,0,3,5,254,OGDEN AVE,41.832228,-87.506322,05/02/2023 12:46:00 AM,2023
CR00020190,04/04/2016 06:56:00 PM,35,CLEAR,DARKNESS - LIGHTED ROAD,REAR END,ONE-WAY,TRAFFIC SIGNAL,FAILING TO REDUCE SPEED,DRIVING SKILLS/KNOWLEDGE/EXPERIENCE,0,0,0,0,18,2,4,600,ARCHER AVE,41.801583,-87.554161,04/04/2016 07:37:00 PM,2016
CR00020191,07/31/2018 04:03:00 PM,15,CLEAR,DAYLIGHT,TURNING,DIVIDED - W/MEDIAN (NOT RAISED),TRAFFIC SIGNAL,UNABLE TO DETERMINE,FOLLOWING TOO CLOSELY,0,0,0,0,16,3,7,1909,CLARK ST,41.84977,-87.818554,07/31/2018 05:39:00 PM,2018
CR00020192,09/23/2020 06:49:00 PM,30,RAIN,DAYLIGHT,TURNING,DIVIDED - W/MEDIAN (NOT RAISED),NO CONTROLS,WEATHER,NOT APPLICABLE,0,0,0,0,18,4,9,288,DIVISION ST,41.894422,-87.790991,09/23/2020 07:32:00 PM,2020
CR00020193,07/29/2017 05:30:00 PM,45,CLEAR,DARKNESS - LIGHTED ROAD,TURNING,NOT DIVIDED,STOP SIGN/FLASHER,UNABLE TO DETERMINE,WEATHER,0,0,0,0,17,7,7,111,PULASKI RD,41.982127,-87.724411,07/29/2017 07:01:00 PM,2017
CR00020194,06/11/2022 06:47:00 PM,45,CLEAR,DAYLIGHT,PARKED MOTOR VEHICLE,DIVIDED - W/MEDIAN (NOT RAISED),TRAFFIC SIGNAL,IMPROPER LANE USAGE,UNABLE TO DETERMINE,0,0,0,0,18,7,6,493,PULASKI RD,41.934175,-87.525556,06/11/2022 07:18:00 PM,2022
CR00020195,06/04/2015 04:26:00 PM,25,CLOUDY/OVERCAST,DUSK,REAR END,NOT DIVIDED,NO CONTROLS,UNABLE TO DETERMINE,IMPROPER LANE USAGE,0,0,0,0,16,5,6,1047,63RD ST,41.858192,-87.798051,06/04/2015 06:00:00 PM,2015
CR00020196,07/19/2022 10:46:00 PM,30,CLEAR,DAYLIGHT,SIDESWIPE SAME DIRECTION,ONE-WAY,NO CONTROLS,FAILING TO YIELD RIGHT-OF-WAY,FAILING TO YIELD RIGHT-OF-WAY,0,0,3,3,22,3,7,2073,BROADWAY,41.914792,-87.602878,07/20/2022 12:34:00 AM,2022
CR00020197,05/05/2018 10:46:00 PM,20,CLEAR,DAYLIGHT,TURNING,NOT DIVIDED,NO CONTROLS,FOLLOWING TOO CLOSELY,DISTRACTION - FROM INSIDE VEHICLE,0,0,0,0,22,7,5,1989,PULASKI RD,41.860147,-87.514394,05/06/2018 12:10:00 AM,2018
CR00020198,05/30/2021 10:27:00 AM,30,CLOUDY/OVERCAST,DAYLIGHT,TURNING,T-INTERSECTION,STOP SIGN/FLASHER,UNABLE TO DETERMINE,FOLLOWING TOO CLOSELY,0,0,0,0,10,1,5,2364,ASHLAND AVE,41.938293,-87.649944,05/30/2021 12:08:00 PM,2021
CR00020199,03/24/2018 05:58:00 PM,30,CLEAR,DARKNESS - LIGHTED ROAD,PEDESTRIAN,DIVIDED - W/MEDIAN (NOT RAISED),TRAFFIC SIGNAL,DRIVING SKILLS/KNOWLEDGE/EXPERIENCE,FAILING TO YIELD RIGHT-OF-WAY,0,0,3,3,17,7,3,728,WESTERN AVE,41.794352,-87.69518,03/24/2018 06:19:00 PM,2018
CR00020200,08/24/2020 07:21:00 AM,30,CLEAR,DARKNESS - LIGHTED ROAD,SIDESWIPE SAME DIRECTION,ONE-WAY,TRAFFIC SIGNAL,FOLLOWING TOO CLOSELY,DRIVING SKILLS/KNOWLEDGE/EXPERIENCE,0,0,0,0,7,2,8,693,IRVING PARK RD,41.975404,-87.828815,08/24/2020 07:36:00 AM,2020
CR00020201,03/31/2024 10:44:00 PM,25,CLEAR,DARKNESS - LIGHTED ROAD,TURNING,DIVIDED - W/MEDIAN (NOT RAISED),TRAFFIC SIGNAL,DISREGARDING TRAFFIC SIGNALS,NOT APPLICABLE,0,0,1,1,22,1,3,1782,DIVISION ST,41.71494,-87.60185,03/31/2024 11:54:00 PM,2024
CR00020202,04/29/2020 10:03:00 AM,35,CLEAR,DAYLIGHT,REAR END,DIVIDED - W/MEDIAN BARRIER,TRAFFIC SIGNAL,IMPROPER OVERTAKING/PASSING,UNABLE TO DETERMINE,0,0,0,0,10,4,4,1784,LAKE SHORE DR,41.833945,-87.695499,04/29/2020 10:17:00 AM,2020
CR00020203,11/27/2023 07:15:00 PM,30,CLEAR,DARKNESS - LIGHTED ROAD,REAR END,DIVIDED - W/MEDIAN BARRIER,TRAFFIC SIGNAL,IMPROPER OVERTAKING/PASSING,UNABLE TO DETERMINE,0,0,0,0,19,2,11,1063,OGDEN AVE,41.891653,-87.763925,11/27/2023 09:08:00 PM,2023
CR00020204,03/17/2019 01:34:00 PM,30,CLOUDY/OVERCAST,DAYLIGHT,REAR END,NOT DIVIDED,TRAFFIC SIGNAL,FOLLOWING TOO CLOSELY,WEATHER,0,0,0,0,13,1,3,606,CALIFORNIA AVE,41.853742,-87.708634,03/17/2019 03:17:00 PM,2019
CR00020205,01/07/2023 08:50:00 AM,25,CLEAR,DAYLIGHT,TURNING,DIVIDED - W/MEDIAN (NOT RAISED),NO CONTROLS,WEATHER,DISTRACTION - FROM INSIDE VEHICLE,0,0,0,0,8,7,1,1442,KEDZIE AVE,41.701167,-87.673953,01/07/2023 09:02:00 AM,2023
CR00020206,03/02/2016 06:08:00 PM,35,CLEAR,DAYLIGHT,REAR TO FRONT,DIVIDED - W/MEDIAN BARRIER,TRAFFIC SIGNAL,DRIVING SKILLS/KNOWLEDGE/EXPERIENCE,IMPROPER OVERTAKING/PASSING,0,0,0,0,18,4,3,262,ELSTON AVE,41.741481,-87.818448,03/02/2016 07:38:00 PM,2016
CR00020207,06/21/2021 01:14:00 PM,35,CLEAR,DARKNESS - LIGHTED ROAD,TURNING,FOUR WAY,TRAFFIC SIGNAL,IMPROPER OVERTAKING/PASSING,IMPROPER OVERTAKING/PASSING,0,0,0,0,13,2,6,298,STONY ISLAND AVE,41.711491,-87.653394,06/21/2021 02:19:00 PM,2021
CR00020208,10/06/2015 08:32:00 AM,40,CLEAR,DAYLIGHT,PARKED MOTOR VEHICLE,DIVIDED - W/MEDIAN (NOT RAISED),NO CONTROLS,WEATHER,UNABLE TO DETERMINE,0,0,0,0,8,3,10,1125,OGDEN AVE,41.872098,-87.793617,10/06/2015 09:03:00 AM,2015
CR00020209,01/30/2019 07:12:00 PM,15,RAIN,DAYLIGHT,SIDESWIPE SAME DIRECTION,NOT DIVIDED,TRAFFIC SIGNAL,IMPROPER LANE USAGE,FAILING TO YIELD RIGHT-OF-WAY,0,0,0,0,19,4,1,617,LAKE SHORE DR,41.916646,-87.703725,01/30/2019 07:44:00 PM,2019
CR00020210,01/28/2024 12:15:00 PM,30,CLEAR,DARKNESS - LIGHTED ROAD,FIXED OBJECT,NOT DIVIDED,PEDESTRIAN CROSSING SIGN,DISTRACTION - FROM INSIDE VEHICLE,FOLLOWING TOO CLOSELY,0,0,3,3,12,1,1,1732,BROADWAY,41.869689,-87.622185,01/28/2024 02:14:00 PM,2024
CR00020211,07/04/2022 04:34:00 AM,30,CLEAR,DAYLIGHT,REAR END,DIVIDED - W/MEDIAN (NOT RAISED),TRAFFIC SIGNAL,WEATHER,FAILING TO YIELD RIGHT-OF-WAY,0,0,0,0,4,2,7,1694,DIVISION ST,41.999509,-87.741149,07/04/2022 05:29:00 AM,2022
CR00020212,08/23/2023 03:55:00 PM,15,CLEAR,DAYLIGHT,ANGLE,DIVIDED - W/MEDIAN (NOT RAISED),STOP SIGN/FLASHER,UNABLE TO DETERMINE,DISTRACTION - FROM INSIDE VEHICLE,0,0,1,1,15,4,8,1015,KEDZIE AVE,41.952926,-87.731893,08/23/2023 04:18:00 PM,2023
CR00020213,02/12/2022 03:45:00 PM,30,CLEAR,DAYLIGHT,REAR END,FOUR WAY,TRAFFIC SIGNAL,IMPROPER OVERTAKING/PASSING,NOT APPLICABLE,0,0,0,0,15,7,2,2178,BROADWAY,41.959935,-87.826669,02/12/2022 04:55:00 PM,2022
CR00020214,02/11/2019 09:20:00 PM,15,SNOW,DAYLIGHT,ANGLE,ONE-WAY,UNKNOWN,DISREGARDING TRAFFIC SIGNALS,UNABLE TO DETERMINE,0,0,0,0,21,2,2,2080,MICHIGAN AVE,41.944705,-87.844341,02/11/2019 10:35:00 PM,2019
CR00020215,08/25/2021 11:00:00 PM,30,SNOW,DARKNESS - LIGHTED ROAD,REAR END,NOT DIVIDED,TRAFFIC SIGNAL,UNABLE TO DETERMINE,NOT APPLICABLE,0,1,1,2,23,4,8,1711,47TH ST,41.87817,-87.54946,08/26/2021 12:33:00 AM,2021
CR00020216,08/28/2023 12:26:00 PM,15,CLEAR,DAYLIGHT,TURNING,ONE-WAY,UNKNOWN,UNABLE TO DETERMINE,NOT APPLICABLE,0,0,0,0,12,2,8,604,ARCHER AVE,41.92188,-87.702829,08/28/2023 02:07:00 PM,2023
CR00020217,11/03/2019 09:00:00 PM,20,CLEAR,DAYLIGHT,TURNING,DIVIDED - W/MEDIAN BARRIER,TRAFFIC SIGNAL,FOLLOWING TOO CLOSELY,DRIVING SKILLS/KNOWLEDGE/EXPERIENCE,0,0,0,0,21,1,11,868,CLARK ST,41.900271,-87.602634,11/03/2019 09:21:00 PM,2019
CR00020218,11/01/2017 07:24:00 PM,30,RAIN,DAYLIGHT,REAR TO FRONT,NOT DIVIDED,NO CONTROLS,FOLLOWING TOO CLOSELY,NOT APPLICABLE,0,0,0,0,19,4,11,2156,STONY ISLAND AVE,41.757445,-87.738782,11/01/2017 08:39:00 PM,2017
CR00020219,09/29/2018 10:33:00 AM,35,CLEAR,DAYLIGHT,REAR END,DIVIDED - W/MEDIAN (NOT RAISED),NO CONTROLS,FOLLOWING TOO CLOSELY,FAILING TO YIELD RIGHT-OF-WAY,0,0,0,0,10,7,9,645,ARCHER AVE,41.803181,-87.819431,09/29/2018 11:10:00 AM,2018
CR00020220,07/21/2024 10:39:00 PM,30,CLEAR,DAYLIGHT,REAR TO FRONT,NOT DIVIDED,UNKNOWN,UNABLE TO DETERMINE,NOT APPLICABLE,0,0,1,1,22,1,7,1574,FULLERTON AVE,41.925646,-87.67524,07/21/2024 10:55:00 PM,2024
CR00020221,10/24/2023 03:40:00 PM,30,CLEAR,DAYLIGHT,ANGLE,DIVIDED - W/MEDIAN (NOT RAISED),NO CONTROLS,IMPROPER OVERTAKING/PASSING,IMPROPER LANE USAGE,0,1,1,2,15,3,10,874,63RD ST,41.726439,-87.845988,10/24/2023 05:09:00 PM,2023
CR00020222,04/14/2024 12:56:00 PM,30,CLEAR,DARKNESS - LIGHTED ROAD,TURNING,DIVIDED - W/MEDIAN (NOT RAISED),UNKNOWN,DISTRACTION - FROM INSIDE VEHICLE,IMPROPER OVERTAKING/PASSING,0,0,0,0,12,1,4,449,DIVISION ST,41.700792,-87.709302,04/14/2024 01:32:00 PM,2024
CR00020223,03/24/2020 08:52:00 PM,30,RAIN,DAYLIGHT,ANGLE,NOT DIVIDED,NO CONTROLS,DISTRACTION - FROM INSIDE VEHICLE,FOLLOWING TOO CLOSELY,0,0,0,0,20,3,3,1267,ARCHER AVE,41.945108,-87.706164,03/24/2020 09:53:00 PM,2020
CR00020224,12/23/2017 12:09:00 PM,30,RAIN,DAYLIGHT,TURNING,T-INTERSECTION,TRAFFIC SIGNAL,UNABLE TO DETERMINE,UNABLE TO DETERMINE,0,0,0,0,12,7,12,967,ASHLAND AVE,41.805262,-87.555794,12/23/2017 12:12:00 PM,2017
CR00020225,11/07/2019 11:46:00 PM,35,CLEAR,DAYLIGHT,REAR END,DIVIDED - W/MEDIAN (NOT RAISED),STOP SIGN/FLASHER,UNABLE TO DETERMINE,DRIVING SKILLS/KNOWLEDGE/EXPERIENCE,0,0,0,0,23,5,11,1635,WESTERN AVE,41.855903,-87.78301,11/07/2019 11:48:00 PM,2019
CR00020226,05/20/2016 04:13:00 PM,40,RAIN,DAYLIGHT,FIXED OBJECT,DIVIDED - W/MEDIAN BARRIER,STOP SIGN/FLASHER,IMPROPER OVERTAKING/PASSING,DISTRACTION - FROM INSIDE VEHICLE,0,0,0,0,16,6,5,1794,CLARK ST,41.842177,-87.758183,05/20/2016 04:51:00 PM,2016
CR00020227,09/21/2020 02:20:00 AM,40,CLEAR,DAYLIGHT,PARKED MOTOR VEHICLE,DIVIDED - W/MEDIAN BARRIER,TRAFFIC SIGNAL,FOLLOWING TOO CLOSELY,UNABLE TO DETERMINE,0,0,0,0,2,2,9,1112,ARCHER AVE,41.86037,-87.684968,09/21/2020 03:07:00 AM,2020
CR00020228,02/14/2023 02:47:00 PM,20,SNOW,DAYLIGHT,SIDESWIPE SAME DIRECTION,DIVIDED - W/MEDIAN BARRIER,NO CONTROLS,FAILING TO YIELD RIGHT-OF-WAY,NOT APPLICABLE,0,0,0,0,14,3,2,1956,OGDEN AVE,41.720982,-87.784423,02/14/2023 03:32:00 PM,2023
CR00020229,04/06/2024 08:10:00 AM,30,SNOW,DAYLIGHT,SIDESWIPE SAME DIRECTION,DIVIDED - W/MEDIAN (NOT RAISED),NO CONTROLS,DISREGARDING TRAFFIC SIGNALS,UNABLE TO DETERMINE,0,0,0,0,8,7,4,1453,47TH ST,41.770842,-87.678796,04/06/2024 09:00:00 AM,2024
CR00020230,05/22/2020 09:07:00 PM,30,CLEAR,DARKNESS - LIGHTED ROAD,REAR END,DIVIDED - W/MEDIAN BARRIER,TRAFFIC SIGNAL,IMPROPER LANE USAGE,NOT APPLICABLE,0,0,0,0,21,6,5,2498,LAKE SHORE DR,41.723293,-87.508717,05/22/2020 09:35:00 PM,2020
CR00020231,04/25/2017 04:45:00 AM,15,CLEAR,DAYLIGHT,TURNING,NOT DIVIDED,STOP SIGN/FLASHER,FOLLOWING TOO CLOSELY,FAILING TO YIELD RIGHT-OF-WAY,0,0,0,0,4,3,4,396,STATE ST,41.851239,-87.757363,04/25/2017 06:45:00 AM,2017
CR00020232,01/31/2020 08:27:00 PM,25,CLEAR,DAYLIGHT,REAR END,FOUR WAY,TRAFFIC SIGNAL,DRIVING SKILLS/KNOWLEDGE/EXPERIENCE,FOLLOWING TOO CLOSELY,0,0,0,0,20,6,1,1188,STONY ISLAND AVE,41.838341,-87.684121,01/31/2020 09:30:00 PM,2020
CR00020233,01/18/2018 05:16:00 PM,30,RAIN,DAYLIGHT,REAR END,DIVIDED - W/MEDIAN (NOT RAISED),NO CONTROLS,WEATHER,NOT APPLICABLE,0,0,3,3,17,5,1,1778,STONY ISLAND AVE,41.703939,-87.54149,01/18/2018 06:33:00 PM,2018
CR00020234,07/23/2022 02:34:00 PM,40,CLOUDY/OVERCAST,DAYLIGHT,PARKED MOTOR VEHICLE,NOT DIVIDED,NO CONTROLS,FOLLOWING TOO CLOSELY,NOT APPLICABLE,0,0,0,0,14,7,7,2315,MICHIGAN AVE,41.850203,-87.565781,07/23/2022 03:39:00 PM,2022
CR00020235,08/22/2015 04:02:00 AM,30,CLEAR,DAYLIGHT,REAR TO FRONT,NOT DIVIDED,UNKNOWN,FOLLOWING TOO CLOSELY,UNABLE TO DETERMINE,0,0,1,1,4,7,8,1001,ROOSEVELT RD,41.775415,-87.668763,08/22/2015 04:41:00 AM,2015
CR00020236,10/17/2017 02:03:00 AM,45,CLEAR,DAYLIGHT,REAR END,T-INTERSECTION,NO CONTROLS,DISTRACTION - FROM INSIDE VEHICLE,DISREGARDING TRAFFIC SIGNALS,0,0,0,0,2,3,10,987,STONY ISLAND AVE,41.930629,-87.780474,10/17/2017 03:57:00 AM,2017
CR00020237,10/01/2020 11:48:00 AM,30,CLOUDY/OVERCAST,DAYLIGHT,FIXED OBJECT,DIVIDED - W/MEDIAN BARRIER,TRAFFIC SIGNAL,UNABLE TO DETERMINE,DISTRACTION - FROM INSIDE VEHICLE,0,0,0,0,11,5,10,1845,CICERO AVE,41.946264,-87.528579,10/01/2020 01:15:00 PM,2020
CR00020238,11/10/2020 04:36:00 PM,35,RAIN,DARKNESS - LIGHTED ROAD,REAR END,DIVIDED - W/MEDIAN (NOT RAISED),NO CONTROLS,UNABLE TO DETERMINE,NOT APPLICABLE,0,0,0,0,16,3,11,658,MICHIGAN AVE,41.743198,-87.650103,11/10/2020 06:01:00 PM,2020
CR00020239,01/24/2020 08:19:00 PM,35,CLEAR,DAYLIGHT,ANGLE,NOT DIVIDED,UNKNOWN,IMPROPER OVERTAKING/PASSING,IMPROPER OVERTAKING/PASSING,0,0,0,0,20,6,1,1618,ELSTON AVE,41.919616,-87.567158,01/24/2020 10:02:00 PM,2020
CR00020240,11/28/2024 06:38:00 PM,40,CLEAR,DAYLIGHT,TURNING,NOT DIVIDED,NO CONTROLS,FAILING TO YIELD RIGHT-OF-WAY,FOLLOWING TOO CLOSELY,0,0,0,0,18,5,11,1912,STATE ST,41.803209,-87.709781,11/28/2024 08:30:00 PM,2024
CR00020241,03/14/2018 06:23:00 PM,40,CLEAR,DAYLIGHT,PARKED MOTOR VEHICLE,DIVIDED - W/MEDIAN (NOT RAISED),STOP SIGN/FLASHER,UNABLE TO DETERMINE,FAILING TO YIELD RIGHT-OF-WAY,0,0,0,0,18,4,3,1973,MICHIGAN AVE,41.98882,-87.76973,03/14/2018 08:14:00 PM,2018