CRASH_RECORD_ID,CRASH_DATE,POSTED_SPEED_LIMIT,WEATHER_CONDITION,LIGHTING_CONDITION,FIRST_CRASH_TYPE,TRAFFICWAY_TYPE,TRAFFIC_CONTROL_DEVICE,PRIM_CONTRIBUTORY_CAUSE,SEC_CONTRIBUTORY_CAUSE,INJURIES_FATAL,INJURIES_INCAPACITATING,INJURIES_NON_INCAPACITATING,INJURIES_TOTAL,CRASH_HOUR,CRASH_DAY_OF_WEEK,CRASH_MONTH,BEAT_OF_OCCURRENCE,STREET_NAME,LATITUDE,LONGITUDE,DATE_POLICE_NOTIFIED,year
CR00020242,02/24/2016 12:21:00 PM,30,CLEAR,DARKNESS,REAR END,ONE-WAY,STOP SIGN/FLASHER,IMPROPER LANE USAGE,FAILING TO YIELD RIGHT-OF-WAY,0,0,0,0,12,4,2,753,WESTERN AVE,41.702137,-87.518996,02/24/2016 12:31:00 PM,2016
CR00020243,12/08/2016 08:48:00 AM,40,CLEAR,DUSK,REAR END,ONE-WAY,NO CONTROLS,FOLLOWING TOO CLOSELY,UNABLE TO DETERMINE,0,0,0,0,8,5,12,1123,PULASKI RD,41.784878,-87.83876,12/08/2016 09:29:00 AM,2016
CR00020244,05/11/2015 07:11:00 PM,25,CLEAR,DARKNESS - LIGHTED ROAD,PARKED MOTOR VEHICLE,FOUR WAY,UNKNOWN,FAILING TO YIELD RIGHT-OF-WAY,FAILING TO YIELD RIGHT-OF-WAY,0,0,0,0,19,2,5,1620,LAKE SHORE DR,41.995406,-87.704659,05/11/2015 07:53:00 PM,2015
CR00020245,08/16/2020 12:38:00 PM,25,CLEAR,DAYLIGHT,REAR END,DIVIDED - W/MEDIAN BARRIER,STOP SIGN/FLASHER,FAILING TO YIELD RIGHT-OF-WAY,UNABLE TO DETERMINE,0,0,0,0,12,1,8,2222,OGDEN AVE,41.892154,-87.516586,08/16/2020 01:49:00 PM,2020
CR00020246,11/28/2021 05:00:00 PM,15,CLEAR,DAYLIGHT,ANGLE,DIVIDED - W/MEDIAN (NOT RAISED),NO CONTROLS,UNABLE TO DETERMINE,FOLLOWING TOO CLOSELY,0,0,2,2,17,1,11,140,IRVING PARK RD,41.701136,-87.773642,11/28/2021 05:22:00 PM,2021
CR00020247,09/15/2023 01:22:00 PM,30,CLOUDY/OVERCAST,DARKNESS - LIGHTED ROAD,TURNING,DIVIDED - W/MEDIAN (NOT RAISED),TRAFFIC SIGNAL,UNABLE TO DETERMINE,UNABLE TO DETERMINE,0,0,0,0,13,6,9,1695,STONY ISLAND AVE,41.772468,-87.633741,09/15/2023 03:09:00 PM,2023
CR00020248,07/11/2021 04:52:00 PM,20,RAIN,DARKNESS - LIGHTED ROAD,PARKED MOTOR VEHICLE,ONE-WAY,NO CONTROLS,FAILING TO YIELD RIGHT-OF-WAY,FOLLOWING TOO CLOSELY,0,0,0,0,16,1,7,1903,ROOSEVELT RD,41.710677,-87.601545,07/11/2021 05:33:00 PM,2021
CR00020249,12/03/2021 12:54:00 PM,15,CLEAR,DAYLIGHT,PARKED MOTOR VEHICLE,DIVIDED - W/MEDIAN (NOT RAISED),NO CONTROLS,DRIVING SKILLS/KNOWLEDGE/EXPERIENCE,UNABLE TO DETERMINE,0,0,0,0,12,6,12,167,ROOSEVELT RD,41.733775,-87.576068,12/03/2021 02:45:00 PM,2021
CR00020250,05/29/2017 02:33:00 PM,30,RAIN,DAYLIGHT,REAR TO FRONT,NOT DIVIDED,STOP SIGN/FLASHER,FOLLOWING TOO CLOSELY,NOT APPLICABLE,0,0,0,0,14,2,5,1532,79TH ST,41.921477,-87.835027,05/29/2017 04:16:00 PM,2017
CR00020251,10/30/2022 06:22:00 PM,30,CLOUDY/OVERCAST,DAWN,ANGLE,DIVIDED - W/MEDIAN (NOT RAISED),TRAFFIC SIGNAL,DRIVING SKILLS/KNOWLEDGE/EXPERIENCE,UNABLE TO DETERMINE,0,0,0,0,18,1,10,2218,ASHLAND AVE,41.880531,-87.667343,10/30/2022 06:28:00 PM,2022
CR00020252,12/06/2023 05:43:00 PM,35,CLEAR,DUSK,REAR TO FRONT,NOT DIVIDED,UNKNOWN,FAILING TO REDUCE SPEED,DISREGARDING TRAFFIC SIGNALS,0,0,0,0,17,4,12,857,MICHIGAN AVE,41.957535,-87.681978,12/06/2023 07:23:00 PM,2023
CR00020253,03/21/2019 07:24:00 PM,45,CLEAR,DUSK,PARKED MOTOR VEHICLE,NOT DIVIDED,UNKNOWN,UNABLE TO DETERMINE,UNABLE TO DETERMINE,0,0,2,2,19,5,3,2496,DIVISION ST,41.803842,-87.705939,03/21/2019 09:12:00 PM,2019
CR00020254,06/12/2019 12:12:00 PM,15,CLEAR,DARKNESS - LIGHTED ROAD,REAR END,DIVIDED - W/MEDIAN (NOT RAISED),NO CONTROLS,FOLLOWING TOO CLOSELY,NOT APPLICABLE,0,0,1,1,12,4,6,333,MICHIGAN AVE,41.871652,-87.625089,06/12/2019 12:52:00 PM,2019
CR00020255,11/25/2019 09:56:00 AM,15,CLEAR,DAYLIGHT,SIDESWIPE SAME DIRECTION,DIVIDED - W/MEDIAN (NOT RAISED),TRAFFIC SIGNAL,FAILING TO YIELD RIGHT-OF-WAY,UNABLE TO DETERMINE,0,0,0,0,9,2,11,1178,WESTERN AVE,41.829025,-87.574587,11/25/2019 10:54:00 AM,2019
CR00020256,08/17/2022 06:18:00 PM,15,CLEAR,DARKNESS,PARKED MOTOR VEHICLE,NOT DIVIDED,NO CONTROLS,DISTRACTION - FROM INSIDE VEHICLE,DRIVING SKILLS/KNOWLEDGE/EXPERIENCE,0,0,0,0,18,4,8,1875,ROOSEVELT RD,41.765375,-87.824974,08/17/2022 07:20:00 PM,2022
CR00020257,10/25/2015 06:45:00 PM,20,CLEAR,DAYLIGHT,PARKED MOTOR VEHICLE,DIVIDED - W/MEDIAN (NOT RAISED),NO CONTROLS,UNABLE TO DETERMINE,FOLLOWING TOO CLOSELY,0,0,1,1,18,1,10,2096,OGDEN AVE,41.928661,-87.549155,10/25/2015 06:52:00 PM,2015
CR00020258,07/27/2019 08:31:00 PM,40,RAIN,DAYLIGHT,TURNING,NOT DIVIDED,TRAFFIC SIGNAL,IMPROPER OVERTAKING/PASSING,DRIVING SKILLS/KNOWLEDGE/EXPERIENCE,0,0,0,0,20,7,7,349,ROOSEVELT RD,41.784762,-87.58782,07/27/2019 09:08:00 PM,2019
CR00020259,05/24/2022 07:00:00 PM,30,CLEAR,DAYLIGHT,ANGLE,ONE-WAY,NO CONTROLS,IMPROPER OVERTAKING/PASSING,DISREGARDING TRAFFIC SIGNALS,0,0,0,0,19,3,5,1120,KEDZIE AVE,41.782863,-87.539137,05/24/2022 08:03:00 PM,2022
CR00020260,12/11/2018 01:20:00 AM,45,CLEAR,DARKNESS - LIGHTED ROAD,PARKED MOTOR VEHICLE,FOUR WAY,STOP SIGN/FLASHER,UNABLE TO DETERMINE,DRIVING SKILLS/KNOWLEDGE/EXPERIENCE,0,0,0,0,1,3,12,1126,WESTERN AVE,41.881901,-87.567338,12/11/2018 03:08:00 AM,2018
CR00020261,09/10/2020 09:52:00 AM,30,CLEAR,DAYLIGHT,PEDESTRIAN,DIVIDED - W/MEDIAN (NOT RAISED),STOP SIGN/FLASHER,DISTRACTION - FROM INSIDE VEHICLE,FOLLOWING TOO CLOSELY,0,0,0,0,9,5,9,1558,CALIFORNIA AVE,41.866843,-87.533602,09/10/2020 10:22:00 AM,2020
CR00020262,09/07/2021 09:56:00 AM,30,CLEAR,DAWN,REAR TO FRONT,DIVIDED - W/MEDIAN (NOT RAISED),UNKNOWN,UNABLE TO DETERMINE,NOT APPLICABLE,0,0,0,0,9,3,9,1623,ASHLAND AVE,41.776912,-87.81171,09/07/2021 10:39:00 AM,2021
CR00020263,11/25/2024 09:27:00 PM,35,RAIN,DAYLIGHT,TURNING,DIVIDED - W/MEDIAN (NOT RAISED),UNKNOWN,FAILING TO YIELD RIGHT-OF-WAY,IMPROPER OVERTAKING/PASSING,0,0,0,0,21,2,11,2372,79TH ST,41.826653,-87.725781,11/25/2024 10:23:00 PM,2024
CR00020264,07/04/2023 07:29:00 PM,25,SNOW,DAYLIGHT,REAR END,NOT DIVIDED,TRAFFIC SIGNAL,FOLLOWING TOO CLOSELY,UNABLE TO DETERMINE,0,0,0,0,19,3,7,333,OGDEN AVE,41.905139,-87.695684,07/04/2023 09:21:00 PM,2023
CR00020265,03/15/2020 06:04:00 PM,25,CLEAR,DAYLIGHT,REAR END,NOT DIVIDED,TRAFFIC SIGNAL,WEATHER,NOT APPLICABLE,0,0,1,1,18,1,3,987,CALIFORNIA AVE,41.806681,-87.713951,03/15/2020 06:28:00 PM,2020
CR00020266,11/18/2019 02:15:00 PM,35,CLEAR,DAYLIGHT,PARKED MOTOR VEHICLE,DIVIDED - W/MEDIAN (NOT RAISED),STOP SIGN/FLASHER,IMPROPER LANE USAGE,NOT APPLICABLE,0,0,0,0,14,2,11,1296,ARCHER AVE,41.806455,-87.846177,11/18/2019 03:43:00 PM,2019
CR00020267,06/10/2024 07:59:00 AM,35,CLEAR,DAYLIGHT,TURNING,NOT DIVIDED,TRAFFIC SIGNAL,IMPROPER OVERTAKING/PASSING,UNABLE TO DETERMINE,0,0,1,1,7,2,6,1935,IRVING PARK RD,41.920076,-87.528092,06/10/2024 09:35:00 AM,2024
CR00020268,09/25/2023 06:55:00 PM,40,CLEAR,DAYLIGHT,REAR END,NOT DIVIDED,NO CONTROLS,UNABLE TO DETERMINE,FAILING TO REDUCE SPEED,0,0,0,0,18,2,9,561,MICHIGAN AVE,41.701298,-87.706044,09/25/2023 07:39:00 PM,2023
CR00020269,05/14/2018 08:37:00 AM,30,RAIN,DAYLIGHT,PARKED MOTOR VEHICLE,NOT DIVIDED,NO CONTROLS,DRIVING SKILLS/KNOWLEDGE/EXPERIENCE,UNABLE TO DETERMINE,0,0,0,0,8,2,5,1629,KEDZIE AVE,41.959774,-87.847767,05/14/2018 08:40:00 AM,2018
CR00020270,10/17/2020 08:29:00 AM,15,CLEAR,DARKNESS,TURNING,DIVIDED - W/MEDIAN (NOT RAISED),TRAFFIC SIGNAL,UNABLE TO DETERMINE,NOT APPLICABLE,0,0,0,0,8,7,10,2052,MICHIGAN AVE,41.741011,-87.779515,10/17/2020 09:21:00 AM,2020
CR00020271,10/09/2016 09:11:00 AM,35,CLEAR,DARKNESS - LIGHTED ROAD,TURNING,DIVIDED - W/MEDIAN BARRIER,NO CONTROLS,IMPROPER OVERTAKING/PASSING,IMPROPER OVERTAKING/PASSING,0,0,0,0,9,1,10,2113,ELSTON AVE,41.964497,-87.711779,10/09/2016 10:11:00 AM,2016
CR00020272,11/30/2017 08:24:00 AM,40,CLEAR,DAYLIGHT,REAR END,NOT DIVIDED,NO CONTROLS,DISREGARDING TRAFFIC SIGNALS,UNABLE TO DETERMINE,0,0,0,0,8,5,11,1189,CICERO AVE,41.913924,-87.542989,11/30/2017 09:04:00 AM,2017
CR00020273,07/05/2020 04:31:00 PM,25,CLEAR,DAYLIGHT,TURNING,NOT DIVIDED,TRAFFIC SIGNAL,DISTRACTION - FROM INSIDE VEHICLE,FOLLOWING TOO CLOSELY,0,0,0,0,16,1,7,1921,STATE ST,41.857144,-87.514896,07/05/2020 04:53:00 PM,2020
CR00020274,04/24/2023 05:10:00 PM,35,CLEAR,DAYLIGHT,PARKED MOTOR VEHICLE,FOUR WAY,UNKNOWN,IMPROPER LANE USAGE,NOT APPLICABLE,0,0,1,1,17,2,4,1482,DAMEN AVE,41.92484,-87.541039,04/24/2023 05:49:00 PM,2023
CR00020275,05/08/2023 10:54:00 PM,20,SNOW,DAYLIGHT,TURNING,DIVIDED - W/MEDIAN BARRIER,STOP SIGN/FLASHER,FAILING TO YIELD RIGHT-OF-WAY,NOT APPLICABLE,0,0,0,0,22,2,5,996,ELSTON AVE,41.804442,-87.783074,05/08/2023 11:25:00 PM,2023
CR00020276,12/15/2019 03:28:00 AM,30,RAIN,DAYLIGHT,REAR END,NOT DIVIDED,TRAFFIC SIGNAL,IMPROPER OVERTAKING/PASSING,FOLLOWING TOO CLOSELY,0,0,0,0,3,1,12,644,CALIFORNIA AVE,41.940292,-87.681664,12/15/2019 03:37:00 AM,2019
CR00020277,12/02/2022 08:59:00 PM,30,SNOW,DAYLIGHT,FIXED OBJECT,ONE-WAY,TRAFFIC SIGNAL,DRIVING SKILLS/KNOWLEDGE/EXPERIENCE,UNABLE TO DETERMINE,0,0,0,0,20,6,12,145,MILWAUKEE AVE,41.801626,-87.551109,12/02/2022 10:47:00 PM,2022
CR00020278,12/09/2015 08:40:00 AM,35,CLEAR,DARKNESS - LIGHTED ROAD,PARKED MOTOR VEHICLE,FOUR WAY,NO CONTROLS,DRIVING SKILLS/KNOWLEDGE/EXPERIENCE,DISTRACTION - FROM INSIDE VEHICLE,0,0,0,0,8,4,12,1532,CICERO AVE,41.844909,-87.580323,12/09/2015 09:21:00 AM,2015
CR00020279,06/06/2016 10:27:00 PM,30,RAIN,DAYLIGHT,REAR END,ONE-WAY,NO CONTROLS,UNABLE TO DETERMINE,DISTRACTION - FROM INSIDE VEHICLE,0,0,1,1,22,2,6,1636,MILWAUKEE AVE,41.875498,-87.806506,06/06/2016 11:45:00 PM,2016
CR00020280,09/28/2015 01:08:00 PM,45,CLOUDY/OVERCAST,DAYLIGHT,ANGLE,FOUR WAY,TRAFFIC SIGNAL,FAILING TO YIELD RIGHT-OF-WAY,NOT APPLICABLE,0,0,1,1,13,2,9,1951,CLARK ST,41.995255,-87.658812,09/28/2015 03:03:00 PM,2015
CR00020281,09/22/2023 07:58:00 AM,30,CLEAR,DAYLIGHT,PARKED MOTOR VEHICLE,ONE-WAY,TRAFFIC SIGNAL,IMPROPER LANE USAGE,FOLLOWING TOO CLOSELY,0,0,1,1,7,6,9,828,ELSTON AVE,41.891429,-87.617964,09/22/2023 08:18:00 AM,2023
CR00020282,02/19/2017 03:41:00 PM,40,SNOW,DAWN,SIDESWIPE SAME DIRECTION,DIVIDED - W/MEDIAN (NOT RAISED),TRAFFIC SIGNAL,UNABLE TO DETERMINE,FAILING TO YIELD RIGHT-OF-WAY,0,0,0,0,15,1,2,614,ELSTON AVE,41.868428,-87.554018,02/19/2017 03:52:00 PM,2017
CR00020283,05/18/2016 04:38:00 PM,40,RAIN,DAYLIGHT,ANGLE,DIVIDED - W/MEDIAN (NOT RAISED),TRAFFIC SIGNAL,DISTRACTION - FROM INSIDE VEHICLE,FAILING TO YIELD RIGHT-OF-WAY,0,0,0,0,16,4,5,1164,BROADWAY,41.845035,-87.619364,05/18/2016 06:37:00 PM,2016
CR00020284,04/26/2017 09:48:00 AM,35,CLEAR,DAWN,SIDESWIPE SAME DIRECTION,FOUR WAY,NO CONTROLS,DISREGARDING TRAFFIC SIGNALS,UNABLE TO DETERMINE,0,0,0,0,9,4,4,965,MILWAUKEE AVE,41.903364,-87.826617,04/26/2017 10:22:00 AM,2017
CR00020285,08/28/2016 10:38:00 PM,25,CLEAR,DARKNESS - LIGHTED ROAD,SIDESWIPE SAME DIRECTION,FOUR WAY,STOP SIGN/FLASHER,IMPROPER LANE USAGE,NOT APPLICABLE,0,0,0,0,22,1,8,2458,KEDZIE AVE,41.805316,-87.736215,08/28/2016 11:13:00 PM,2016
CR00020286,04/18/2024 07:19:00 AM,15,SNOW,DAYLIGHT,REAR TO FRONT,ONE-WAY,STOP SIGN/FLASHER,DISTRACTION - FROM INSIDE VEHICLE,FAILING TO YIELD RIGHT-OF-WAY,0,0,0,0,7,5,4,2360,LAKE SHORE DR,41.802788,-87.577408,04/18/2024 08:27:00 AM,2024
CR00020287,03/16/2019 10:19:00 AM,25,CLEAR,DAYLIGHT,REAR END,NOT DIVIDED,TRAFFIC SIGNAL,UNABLE TO DETERMINE,FOLLOWING TOO CLOSELY,0,0,0,0,10,7,3,1411,CALIFORNIA AVE,41.891269,-87.606345,03/16/2019 10:28:00 AM,2019
CR00020288,03/01/2020 10:46:00 AM,45,CLEAR,DAYLIGHT,SIDESWIPE SAME DIRECTION,DIVIDED - W/MEDIAN (NOT RAISED),STOP SIGN/FLASHER,FAILING TO YIELD RIGHT-OF-WAY,IMPROPER LANE USAGE,0,0,0,0,10,1,3,864,STATE ST,41.832741,-87.823699,03/01/2020 11:26:00 AM,2020
CR00020289,02/02/2016 03:17:00 PM,35,CLEAR,DAYLIGHT,REAR END,NOT DIVIDED,UNKNOWN,FAILING TO REDUCE SPEED,DRIVING SKILLS/KNOWLEDGE/EXPERIENCE,0,0,0,0,15,3,2,1174,79TH ST,41.992106,-87.512647,02/02/2016 04:33:00 PM,2016
CR00020290,07/20/2019 03:18:00 PM,45,CLEAR,DAYLIGHT,TURNING,DIVIDED - W/MEDIAN (NOT RAISED),NO CONTROLS,FAILING TO REDUCE SPEED,IMPROPER LANE USAGE,0,0,0,0,15,7,7,1312,LAKE SHORE DR,41.988624,-87.734017,07/20/2019 04:53:00 PM,2019
CR00020291,06/09/2018 03:34:00 PM,40,CLEAR,DAYLIGHT,PEDESTRIAN,NOT DIVIDED,NO CONTROLS,IMPROPER LANE USAGE,FOLLOWING TOO CLOSELY,0,0,0,0,15,7,6,2111,63RD ST,41.977731,-87.608175,06/09/2018 05:30:00 PM,2018
CR00020292,02/13/2020 06:35:00 PM,30,CLEAR,DAYLIGHT,REAR END,DIVIDED - W/MEDIAN BARRIER,TRAFFIC SIGNAL,IMPROPER OVERTAKING/PASSING,UNABLE TO DETERMINE,0,0,0,0,18,5,2,1572,CALIFORNIA AVE,41.820259,-87.593747,02/13/2020 08:08:00 PM,2020
CR00020293,03/30/2015 04:13:00 AM,40,CLEAR,DARKNESS - LIGHTED ROAD,REAR END,ONE-WAY,TRAFFIC SIGNAL,UNABLE TO DETERMINE,IMPROPER OVERTAKING/PASSING,0,0,0,0,4,2,3,897,HALSTED ST,41.79641,-87.772695,03/30/2015 05:22:00 AM,2015
CR00020294,04/06/2019 09:48:00 AM,25,RAIN,DAYLIGHT,REAR TO FRONT,NOT DIVIDED,TRAFFIC SIGNAL,IMPROPER OVERTAKING/PASSING,FOLLOWING TOO CLOSELY,0,0,0,0,9,7,4,1182,DAMEN AVE,41.913222,-87.545497,04/06/2019 10:24:00 AM,2019
CR00020295,09/08/2016 10:46:00 AM,30,CLEAR,DAYLIGHT,SIDESWIPE SAME DIRECTION,NOT DIVIDED,PEDESTRIAN CROSSING SIGN,WEATHER,IMPROPER LANE USAGE,0,0,0,0,10,5,9,1789,ROOSEVELT RD,41.766496,-87.688772,09/08/2016 11:01:00 AM,2016
CR00020296,10/01/2021 10:48:00 AM,15,CLEAR,DUSK,REAR END,NOT DIVIDED,NO CONTROLS,FAILING TO YIELD RIGHT-OF-WAY,FAILING TO YIELD RIGHT-OF-WAY,0,0,0,0,10,6,10,2304,STATE ST,41.919105,-87.638843,10/01/2021 12:06:00 PM,2021
CR00020297,12/26/2021 05:03:00 PM,30,CLEAR,DAYLIGHT,REAR END,DIVIDED - W/MEDIAN (NOT RAISED),TRAFFIC SIGNAL,IMPROPER OVERTAKING/PASSING,NOT APPLICABLE,0,1,0,1,17,1,12,2273,KEDZIE AVE,41.956088,-87.667636,12/26/2021 06:12:00 PM,2021
CR00020298,04/30/2022 11:48:00 PM,45,RAIN,DAYLIGHT,TURNING,NOT DIVIDED,NO CONTROLS,FOLLOWING TOO CLOSELY,UNABLE TO DETERMINE,0,0,1,1,23,7,4,2133,FULLERTON AVE,41.938524,-87.556515,05/01/2022 01:27:00 AM,2022
CR00020299,12/31/2023 03:54:00 PM,35,SNOW,DARKNESS - LIGHTED ROAD,TURNING,FOUR WAY,PEDESTRIAN CROSSING SIGN,FOLLOWING TOO CLOSELY,FOLLOWING TOO CLOSELY,0,0,0,0,15,1,12,366,IRVING PARK RD,41.77124,-87.786792,12/31/2023 05:15:00 PM,2023
CR00020300,02/09/2023 01:10:00 PM,35,RAIN,DARKNESS - LIGHTED ROAD,SIDESWIPE SAME DIRECTION,ONE-WAY,NO CONTROLS,UNABLE TO DETERMINE,UNABLE TO DETERMINE,0,0,0,0,13,5,2,468,ARCHER AVE,41.753915,-87.77234,02/09/2023 01:44:00 PM,2023
CR00020301,07/03/2017 12:23:00 PM,45,CLEAR,DUSK,ANGLE,DIVIDED - W/MEDIAN (NOT RAISED),TRAFFIC SIGNAL,UNABLE TO DETERMINE,NOT APPLICABLE,0,0,0,0,12,2,7,1684,STONY ISLAND AVE,41.721765,-87.663588,07/03/2017 01:40:00 PM,2017
CR00020302,09/25/2024 04:44:00 PM,35,SNOW,DAYLIGHT,ANGLE,NOT DIVIDED,NO CONTROLS,UNABLE TO DETERMINE,FAILING TO REDUCE SPEED,0,0,0,0,16,4,9,360,ARCHER AVE,41.813094,-87.591528,09/25/2024 05:45:00 PM,2024
CR00020303,11/27/2020 01:03:00 PM,45,CLEAR,DAYLIGHT,FIXED OBJECT,NOT DIVIDED,NO CONTROLS,DISREGARDING TRAFFIC SIGNALS,NOT APPLICABLE,0,0,0,0,13,6,11,298,CLARK ST,41.991739,-87.67686,11/27/2020 02:34:00 PM,2020
CR00020304,06/08/2015 10:14:00 AM,15,CLEAR,DAWN,TURNING,NOT DIVIDED,STOP SIGN/FLASHER,UNABLE TO DETERMINE,NOT APPLICABLE,0,2,0,2,10,2,6,2426,OGDEN AVE,41.792924,-87.703065,06/08/2015 11:25:00 AM,2015
CR00020305,01/01/2017 07:25:00 AM,40,RAIN,DAYLIGHT,TURNING,NOT DIVIDED,NO CONTROLS,UNABLE TO DETERMINE,UNABLE TO DETERMINE,0,0,0,0,7,1,1,1076,FULLERTON AVE,41.878552,-87.804959,01/01/2017 07:41:00 AM,2017
CR00020306,05/04/2015 06:27:00 AM,25,CLEAR,DARKNESS,TURNING,FOUR WAY,TRAFFIC SIGNAL,FOLLOWING TOO CLOSELY,UNABLE TO DETERMINE,0,0,0,0,6,2,5,1627,MILWAUKEE AVE,41.759176,-87.666462,05/04/2015 08:12:00 AM,2015
CR00020307,11/26/2022 05:19:00 PM,30,CLEAR,DARKNESS - LIGHTED ROAD,SIDESWIPE SAME DIRECTION,NOT DIVIDED,TRAFFIC SIGNAL,UNABLE TO DETERMINE,FAILING TO YIELD RIGHT-OF-WAY,0,0,0,0,17,7,11,2138,MICHIGAN AVE,41.909588,-87.701109,11/26/2022 07:00:00 PM,2022
CR00020308,11/15/2020 05:29:00 AM,40,CLOUDY/OVERCAST,DAYLIGHT,FIXED OBJECT,NOT DIVIDED,TRAFFIC SIGNAL,UNABLE TO DETERMINE,FOLLOWING TOO CLOSELY,0,0,0,0,5,1,11,889,IRVING PARK RD,41.79546,-87.667163,11/15/2020 06:43:00 AM,2020
CR00020309,10/08/2018 05:34:00 PM,30,FOG/SMOKE/HAZE,DUSK,REAR END,NOT DIVIDED,NO CONTROLS,IMPROPER LANE USAGE,FAILING TO YIELD RIGHT-OF-WAY,0,0,2,2,17,2,10,1709,IRVING PARK RD,41.871635,-87.829667,10/08/2018 06:00:00 PM,2018
CR00020310,08/23/2023 07:59:00 PM,40,CLEAR,DAYLIGHT,TURNING,ONE-WAY,STOP SIGN/FLASHER,DISTRACTION - FROM INSIDE VEHICLE,FOLLOWING TOO CLOSELY,0,0,0,0,19,4,8,1132,ROOSEVELT RD,41.901603,-87.531347,08/23/2023 08:08:00 PM,2023
CR00020311,10/18/2023 12:52:00 PM,40,RAIN,DARKNESS - LIGHTED ROAD,REAR END,NOT DIVIDED,NO CONTROLS,DISTRACTION - FROM INSIDE VEHICLE,FAILING TO REDUCE SPEED,0,0,0,0,12,4,10,872,ASHLAND AVE,41.880144,-87.596856,10/18/2023 01:48:00 PM,2023
CR00020312,01/03/2019 05:31:00 PM,30,CLEAR,DAYLIGHT,TURNING,DIVIDED - W/MEDIAN (NOT RAISED),STOP SIGN/FLASHER,FAILING TO YIELD RIGHT-OF-WAY,UNABLE TO DETERMINE,0,0,0,0,17,5,1,826,47TH ST,41.850934,-87.665281,01/03/2019 06:12:00 PM,2019
CR00020313,03/03/2021 08:15:00 AM,15,CLEAR,DUSK,REAR TO FRONT,NOT DIVIDED,NO CONTROLS,UNABLE TO DETERMINE,FAILING TO REDUCE SPEED,0,0,0,0,8,4,3,1384,ROOSEVELT RD,41.79082,-87.503315,03/03/2021 08:53:00 AM,2021
CR00020314,04/24/2022 02:12:00 AM,35,RAIN,DAYLIGHT,PARKED MOTOR VEHICLE,FOUR WAY,NO CONTROLS,FAILING TO YIELD RIGHT-OF-WAY,WEATHER,0,0,0,0,2,1,4,228,KEDZIE AVE,41.824788,-87.589702,04/24/2022 04:01:00 AM,2022
CR00020315,10/07/2019 04:15:00 AM,30,CLEAR,DAWN,ANGLE,NOT DIVIDED,NO CONTROLS,UNABLE TO DETERMINE,UNABLE TO DETERMINE,0,0,0,0,4,2,10,1293,63RD ST,41.95854,-87.774209,10/07/2019 06:14:00 AM,2019
CR00020316,04/30/2015 07:24:00 PM,30,RAIN,DAYLIGHT,PEDESTRIAN,NOT DIVIDED,NO CONTROLS,DRIVING SKILLS/KNOWLEDGE/EXPERIENCE,IMPROPER OVERTAKING/PASSING,0,0,0,0,19,5,4,892,CICERO AVE,41.78801,-87.717393,04/30/2015 08:48:00 PM,2015
CR00020317,10/26/2017 05:19:00 PM,35,CLEAR,DAYLIGHT,PEDESTRIAN,DIVIDED - W/MEDIAN BARRIER,NO CONTROLS,FAILING TO YIELD RIGHT-OF-WAY,DISTRACTION - FROM INSIDE VEHICLE,0,0,1,1,17,5,10,1402,MILWAUKEE AVE,41.783911,-87.686156,10/26/2017 06:45:00 PM,2017
CR00020318,01/02/2023 12:58:00 PM,45,SNOW,DAYLIGHT,SIDESWIPE SAME DIRECTION,NOT DIVIDED,NO CONTROLS,FAILING TO YIELD RIGHT-OF-WAY,UNABLE TO DETERMINE,0,0,0,0,12,2,1,2081,HALSTED ST,41.822549,-87.748082,01/02/2023 01:07:00 PM,2023
CR00020319,03/09/2015 05:42:00 AM,20,SNOW,DARKNESS,REAR TO FRONT,ONE-WAY,STOP SIGN/FLASHER,FOLLOWING TOO CLOSELY,UNABLE TO DETERMINE,0,0,3,3,5,2,3,148,DIVISION ST,41.767744,-87.553219,03/09/2015 06:43:00 AM,2015
CR00020320,07/29/2024 12:47:00 PM,35,CLEAR,DARKNESS - LIGHTED ROAD,PARKED MOTOR VEHICLE,ONE-WAY,NO CONTROLS,IMPROPER LANE USAGE,IMPROPER OVERTAKING/PASSING,0,0,0,0,12,2,7,674,47TH ST,41.803769,-87.55635,07/29/2024 01:12:00 PM,2024
CR00020321,09/10/2021 05:51:00 PM,30,CLEAR,DAYLIGHT,TURNING,NOT DIVIDED,NO CONTROLS,UNABLE TO DETERMINE,UNABLE TO DETERMINE,0,0,0,0,17,6,9,1933,DIVISION ST,41.731924,-87.65913,09/10/2021 07:15:00 PM,2021
CR00020322,04/26/2017 02:57:00 PM,25,CLEAR,DARKNESS - LIGHTED ROAD,SIDESWIPE SAME DIRECTION,ONE-WAY,UNKNOWN,FAILING TO YIELD RIGHT-OF-WAY,IMPROPER OVERTAKING/PASSING,0,0,2,2,14,4,4,652,ELSTON AVE,41.719966,-87.728455,04/26/2017 03:10:00 PM,2017
CR00020323,12/03/2024 03:49:00 PM,35,RAIN,DAYLIGHT,ANGLE,DIVIDED - W/MEDIAN (NOT RAISED),TRAFFIC SIGNAL,DISTRACTION - FROM INSIDE VEHICLE,FOLLOWING TOO CLOSELY,0,0,0,0,15,3,12,178,KEDZIE AVE,41.742133,-87.694602,12/03/2024 04:35:00 PM,2024
CR00020324,04/29/2023 07:23:00 AM,25,CLEAR,DARKNESS,REAR END,NOT DIVIDED,TRAFFIC SIGNAL,FOLLOWING TOO CLOSELY,UNABLE TO DETERMINE,0,0,0,0,7,7,4,1592,MICHIGAN AVE,41.956457,-87.740173,04/29/2023 07:57:00 AM,2023