CRASH_RECORD_ID,CRASH_DATE,POSTED_SPEED_LIMIT,WEATHER_CONDITION,LIGHTING_CONDITION,FIRST_CRASH_TYPE,TRAFFICWAY_TYPE,TRAFFIC_CONTROL_DEVICE,PRIM_CONTRIBUTORY_CAUSE,SEC_CONTRIBUTORY_CAUSE,INJURIES_FATAL,INJURIES_INCAPACITATING,INJURIES_NON_INCAPACITATING,INJURIES_TOTAL,CRASH_HOUR,CRASH_DAY_OF_WEEK,CRASH_MONTH,BEAT_OF_OCCURRENCE,STREET_NAME,LATITUDE,LONGITUDE,DATE_POLICE_NOTIFIED,year
CR00020325,07/06/2020 06:52:00 PM,25,CLEAR,DAYLIGHT,SIDESWIPE SAME DIRECTION,DIVIDED - W/MEDIAN (NOT RAISED),STOP SIGN/FLASHER,FAILING TO YIELD RIGHT-OF-WAY,UNABLE TO DETERMINE,0,0,1,1,18,2,7,444,79TH ST,41.949473,-87.709409,07/06/2020 07:10:00 PM,2020
CR00020326,01/02/2019 12:02:00 PM,40,SNOW,DAYLIGHT,REAR END,NOT DIVIDED,NO CONTROLS,UNABLE TO DETERMINE,UNABLE TO DETERMINE,0,0,0,0,12,4,1,161,STONY ISLAND AVE,41.756542,-87.583271,01/02/2019 01:11:00 PM,2019
CR00020327,10/30/2023 05:47:00 PM,35,CLEAR,DAYLIGHT,PARKED MOTOR VEHICLE,NOT DIVIDED,TRAFFIC SIGNAL,FAILING TO REDUCE SPEED,FOLLOWING TOO CLOSELY,0,0,0,0,17,2,10,1952,FULLERTON AVE,41.908031,-87.779374,10/30/2023 06:20:00 PM,2023
CR00020328,02/20/2023 01:23:00 AM,45,SNOW,DAYLIGHT,REAR END,NOT DIVIDED,YIELD,FAILING TO YIELD RIGHT-OF-WAY,IMPROPER OVERTAKING/PASSING,0,0,2,2,1,2,2,749,STATE ST,41.993484,-87.64204,02/20/2023 02:25:00 AM,2023
CR00020329,02/21/2015 02:48:00 AM,30,CLEAR,DAYLIGHT,REAR END,DIVIDED - W/MEDIAN BARRIER,TRAFFIC SIGNAL,FAILING TO REDUCE SPEED,NOT APPLICABLE,0,1,2,3,2,7,2,1864,STATE ST,41.785414,-87.693514,02/21/2015 04:07:00 AM,2015
CR00020330,08/12/2017 02:58:00 AM,30,CLEAR,DAYLIGHT,SIDESWIPE SAME DIRECTION,DIVIDED - W/MEDIAN BARRIER,NO CONTROLS,UNABLE TO DETERMINE,UNABLE TO DETERMINE,0,0,0,0,2,7,8,148,ROOSEVELT RD,41.930217,-87.510131,08/12/2017 04:19:00 AM,2017
CR00020331,10/22/2016 05:40:00 PM,35,CLOUDY/OVERCAST,DAYLIGHT,REAR END,NOT DIVIDED,UNKNOWN,IMPROPER OVERTAKING/PASSING,IMPROPER OVERTAKING/PASSING,0,0,0,0,17,7,10,235,47TH ST,41.956044,-87.73805,10/22/2016 07:21:00 PM,2016
CR00020332,03/30/2022 07:07:00 AM,20,FOG/SMOKE/HAZE,DARKNESS,FIXED OBJECT,NOT DIVIDED,STOP SIGN/FLASHER,IMPROPER OVERTAKING/PASSING,NOT APPLICABLE,0,2,2,4,7,4,3,152,CLARK ST,41.945444,-87.607408,03/30/2022 08:26:00 AM,2022
CR00020333,01/25/2020 03:08:00 PM,25,CLEAR,DAYLIGHT,PARKED MOTOR VEHICLE,DIVIDED - W/MEDIAN (NOT RAISED),TRAFFIC SIGNAL,DRIVING SKILLS/KNOWLEDGE/EXPERIENCE,UNABLE TO DETERMINE,0,0,0,0,15,7,1,419,79TH ST,41.926421,-87.716509,01/25/2020 04:02:00 PM,2020
CR00020334,07/12/2016 06:22:00 PM,30,CLEAR,DAYLIGHT,FIXED OBJECT,NOT DIVIDED,NO CONTROLS,UNABLE TO DETERMINE,DISTRACTION - FROM INSIDE VEHICLE,0,0,0,0,18,3,7,2207,ARCHER AVE,41.781301,-87.795377,07/12/2016 07:34:00 PM,2016
CR00020335,02/14/2018 08:27:00 AM,35,CLEAR,DAYLIGHT,REAR TO FRONT,NOT DIVIDED,TRAFFIC SIGNAL,UNABLE TO DETERMINE,UNABLE TO DETERMINE,0,0,0,0,8,4,2,904,DIVISION ST,41.743742,-87.80307,02/14/2018 08:36:00 AM,2018
CR00020336,10/25/2018 10:25:00 PM,30,CLOUDY/OVERCAST,DAYLIGHT,TURNING,NOT DIVIDED,TRAFFIC SIGNAL,IMPROPER OVERTAKING/PASSING,NOT APPLICABLE,0,0,0,0,22,5,10,1671,47TH ST,41.949394,-87.689853,10/26/2018 12:04:00 AM,2018
CR00020337,03/10/2016 07:20:00 AM,20,CLEAR,DAYLIGHT,PARKED MOTOR VEHICLE,DIVIDED - W/MEDIAN (NOT RAISED),NO CONTROLS,FOLLOWING TOO CLOSELY,FOLLOWING TOO CLOSELY,0,0,0,0,7,5,3,2492,PULASKI RD,41.95188,-87.810427,03/10/2016 09:03:00 AM,2016
CR00020338,11/11/2019 04:14:00 PM,35,CLEAR,DAYLIGHT,SIDESWIPE SAME DIRECTION,DIVIDED - W/MEDIAN (NOT RAISED),TRAFFIC SIGNAL,DRIVING SKILLS/KNOWLEDGE/EXPERIENCE,FAILING TO YIELD RIGHT-OF-WAY,0,0,0,0,16,2,11,2013,ARCHER AVE,41.992638,-87.802615,11/11/2019 04:52:00 PM,2019
CR00020339,06/28/2024 12:24:00 PM,45,CLEAR,DAYLIGHT,PEDESTRIAN,DIVIDED - W/MEDIAN (NOT RAISED),NO CONTROLS,DISREGARDING TRAFFIC SIGNALS,DISREGARDING TRAFFIC SIGNALS,0,0,0,0,12,6,6,538,CLARK ST,41.75049,-87.598113,06/28/2024 01:30:00 PM,2024
CR00020340,11/10/2023 09:58:00 AM,30,FOG/SMOKE/HAZE,DAYLIGHT,REAR END,NOT DIVIDED,TRAFFIC SIGNAL,IMPROPER LANE USAGE,FOLLOWING TOO CLOSELY,0,0,0,0,9,6,11,1669,STONY ISLAND AVE,41.890299,-87.837873,11/10/2023 10:54:00 AM,2023
CR00020341,05/15/2017 06:39:00 AM,45,CLEAR,DUSK,FIXED OBJECT,NOT DIVIDED,UNKNOWN,UNABLE TO DETERMINE,DRIVING SKILLS/KNOWLEDGE/EXPERIENCE,0,0,0,0,6,2,5,1221,WESTERN AVE,41.853776,-87.592884,05/15/2017 08:29:00 AM,2017
CR00020342,08/23/2022 09:38:00 PM,30,SNOW,DARKNESS - LIGHTED ROAD,TURNING,NOT DIVIDED,YIELD,DRIVING SKILLS/KNOWLEDGE/EXPERIENCE,DISTRACTION - FROM INSIDE VEHICLE,0,0,0,0,21,3,8,1935,79TH ST,41.799639,-87.809173,08/23/2022 10:08:00 PM,2022
CR00020343,11/19/2016 07:22:00 AM,25,CLEAR,DAYLIGHT,TURNING,NOT DIVIDED,NO CONTROLS,IMPROPER OVERTAKING/PASSING,UNABLE TO DETERMINE,0,0,0,0,7,7,11,1716,IRVING PARK RD,41.978083,-87.812232,11/19/2016 07:54:00 AM,2016
CR00020344,02/16/2017 01:34:00 PM,45,FOG/SMOKE/HAZE,DAYLIGHT,TURNING,NOT DIVIDED,YIELD,FAILING TO YIELD RIGHT-OF-WAY,FAILING TO REDUCE SPEED,0,2,0,2,13,5,2,1116,DIVISION ST,41.741468,-87.818202,02/16/2017 03:10:00 PM,2017
CR00020345,10/26/2019 03:18:00 PM,35,CLOUDY/OVERCAST,DAYLIGHT,SIDESWIPE SAME DIRECTION,DIVIDED - W/MEDIAN (NOT RAISED),STOP SIGN/FLASHER,FAILING TO YIELD RIGHT-OF-WAY,NOT APPLICABLE,0,0,1,1,15,7,10,489,DAMEN AVE,41.978496,-87.731464,10/26/2019 05:18:00 PM,2019
CR00020346,08/07/2021 07:30:00 AM,30,CLEAR,DAYLIGHT,REAR END,ONE-WAY,TRAFFIC SIGNAL,IMPROPER OVERTAKING/PASSING,IMPROPER LANE USAGE,0,0,1,1,7,7,8,546,IRVING PARK RD,41.849565,-87.559639,08/07/2021 08:24:00 AM,2021
CR00020347,05/08/2018 11:54:00 AM,25,CLEAR,DAYLIGHT,SIDESWIPE SAME DIRECTION,NOT DIVIDED,TRAFFIC SIGNAL,IMPROPER LANE USAGE,UNABLE TO DETERMINE,0,0,1,1,11,3,5,1724,HALSTED ST,41.89632,-87.768026,05/08/2018 01:04:00 PM,2018
CR00020348,09/23/2022 08:22:00 PM,40,CLEAR,DUSK,TURNING,DIVIDED - W/MEDIAN (NOT RAISED),TRAFFIC SIGNAL,FOLLOWING TOO CLOSELY,WEATHER,0,0,1,1,20,6,9,521,BROADWAY,41.739337,-87.718194,09/23/2022 09:50:00 PM,2022
CR00020349,10/16/2018 01:10:00 AM,40,CLEAR,DAYLIGHT,TURNING,NOT DIVIDED,NO CONTROLS,UNABLE TO DETERMINE,DISTRACTION - FROM INSIDE VEHICLE,0,0,0,0,1,3,10,1839,PULASKI RD,41.844598,-87.694641,10/16/2018 01:32:00 AM,2018
CR00020350,06/07/2021 04:02:00 PM,35,RAIN,DAYLIGHT,ANGLE,NOT DIVIDED,STOP SIGN/FLASHER,DRIVING SKILLS/KNOWLEDGE/EXPERIENCE,UNABLE TO DETERMINE,0,0,0,0,16,2,6,471,FULLERTON AVE,41.755185,-87.671001,06/07/2021 05:14:00 PM,2021
CR00020351,10/08/2016 08:12:00 PM,35,CLEAR,DARKNESS - LIGHTED ROAD,TURNING,NOT DIVIDED,STOP SIGN/FLASHER,UNABLE TO DETERMINE,WEATHER,0,0,0,0,20,7,10,735,CALIFORNIA AVE,41.945512,-87.744517,10/08/2016 08:52:00 PM,2016
CR00020352,10/01/2020 10:40:00 AM,30,CLEAR,DARKNESS - LIGHTED ROAD,TURNING,ONE-WAY,NO CONTROLS,IMPROPER OVERTAKING/PASSING,DISTRACTION - FROM INSIDE VEHICLE,0,0,3,3,10,5,10,736,ROOSEVELT RD,41.797179,-87.610471,10/01/2020 12:31:00 PM,2020
CR00020353,03/23/2021 06:31:00 AM,35,CLEAR,DAYLIGHT,REAR END,DIVIDED - W/MEDIAN (NOT RAISED),TRAFFIC SIGNAL,UNABLE TO DETERMINE,NOT APPLICABLE,0,0,0,0,6,3,3,254,BROADWAY,41.8865,-87.632018,03/23/2021 07:25:00 AM,2021
CR00020354,10/09/2018 05:07:00 PM,30,CLEAR,DAYLIGHT,PARKED MOTOR VEHICLE,DIVIDED - W/MEDIAN BARRIER,TRAFFIC SIGNAL,UNABLE TO DETERMINE,UNABLE TO DETERMINE,0,0,0,0,17,3,10,1938,ELSTON AVE,41.766109,-87.669425,10/09/2018 06:23:00 PM,2018
CR00020355,04/19/2023 06:31:00 AM,40,CLEAR,DAYLIGHT,PARKED MOTOR VEHICLE,DIVIDED - W/MEDIAN (NOT RAISED),NO CONTROLS,FOLLOWING TOO CLOSELY,DISREGARDING TRAFFIC SIGNALS,0,0,0,0,6,4,4,2248,PULASKI RD,41.926074,-87.64692,04/19/2023 07:09:00 AM,2023
CR00020356,06/13/2017 03:07:00 PM,45,SNOW,DAYLIGHT,ANGLE,ONE-WAY,TRAFFIC SIGNAL,IMPROPER OVERTAKING/PASSING,FOLLOWING TOO CLOSELY,0,0,0,0,15,3,6,1432,ARCHER AVE,41.785504,-87.558621,06/13/2017 04:01:00 PM,2017
CR00020357,03/13/2018 08:20:00 AM,30,CLEAR,DARKNESS - LIGHTED ROAD,PARKED MOTOR VEHICLE,DIVIDED - W/MEDIAN (NOT RAISED),NO CONTROLS,UNABLE TO DETERMINE,FAILING TO YIELD RIGHT-OF-WAY,0,0,0,0,8,3,3,1215,ARCHER AVE,41.733175,-87.682885,03/13/2018 08:34:00 AM,2018
CR00020358,05/22/2022 06:51:00 PM,40,RAIN,DARKNESS - LIGHTED ROAD,REAR END,DIVIDED - W/MEDIAN BARRIER,STOP SIGN/FLASHER,IMPROPER OVERTAKING/PASSING,NOT APPLICABLE,0,0,0,0,18,1,5,1195,FULLERTON AVE,41.861264,-87.825374,05/22/2022 08:10:00 PM,2022
CR00020359,11/30/2015 09:23:00 AM,35,CLOUDY/OVERCAST,DAYLIGHT,REAR END,DIVIDED - W/MEDIAN BARRIER,NO CONTROLS,FAILING TO YIELD RIGHT-OF-WAY,IMPROPER OVERTAKING/PASSING,0,0,0,0,9,2,11,1596,ARCHER AVE,41.758311,-87.82379,11/30/2015 10:58:00 AM,2015
CR00020360,11/24/2019 09:41:00 PM,35,SNOW,DARKNESS - LIGHTED ROAD,TURNING,NOT DIVIDED,TRAFFIC SIGNAL,DRIVING SKILLS/KNOWLEDGE/EXPERIENCE,FAILING TO YIELD RIGHT-OF-WAY,0,0,0,0,21,1,11,1421,WESTERN AVE,41.945783,-87.801314,11/24/2019 11:41:00 PM,2019
CR00020361,12/13/2019 11:09:00 AM,15,CLEAR,DAYLIGHT,PARKED MOTOR VEHICLE,NOT DIVIDED,TRAFFIC SIGNAL,UNABLE TO DETERMINE,FOLLOWING TOO CLOSELY,0,0,0,0,11,6,12,1639,STONY ISLAND AVE,41.781505,-87.719852,12/13/2019 01:08:00 PM,2019
CR00020362,06/21/2020 12:22:00 PM,25,CLEAR,DAYLIGHT,SIDESWIPE SAME DIRECTION,NOT DIVIDED,STOP SIGN/FLASHER,FAILING TO YIELD RIGHT-OF-WAY,UNABLE TO DETERMINE,0,0,0,0,12,1,6,2141,FULLERTON AVE,41.973552,-87.539202,06/21/2020 12:35:00 PM,2020
CR00020363,11/22/2022 04:14:00 PM,30,CLEAR,DARKNESS - LIGHTED ROAD,REAR END,DIVIDED - W/MEDIAN BARRIER,TRAFFIC SIGNAL,FAILING TO YIELD RIGHT-OF-WAY,NOT APPLICABLE,0,0,0,0,16,3,11,455,IRVING PARK RD,41.76236,-87.639638,11/22/2022 04:45:00 PM,2022
CR00020364,10/03/2022 12:55:00 PM,20,RAIN,DAYLIGHT,TURNING,FOUR WAY,TRAFFIC SIGNAL,FAILING TO YIELD RIGHT-OF-WAY,UNABLE TO DETERMINE,0,0,0,0,12,2,10,1208,CALIFORNIA AVE,41.709447,-87.630369,10/03/2022 01:01:00 PM,2022
CR00020365,01/12/2016 12:40:00 PM,25,CLEAR,DAYLIGHT,PARKED MOTOR VEHICLE,DIVIDED - W/MEDIAN (NOT RAISED),NO CONTROLS,FOLLOWING TOO CLOSELY,UNABLE TO DETERMINE,0,0,0,0,12,3,1,2500,BROADWAY,41.961235,-87.621455,01/12/2016 01:50:00 PM,2016
CR00020366,10/17/2018 08:02:00 AM,45,CLEAR,DARKNESS - LIGHTED ROAD,ANGLE,NOT DIVIDED,TRAFFIC SIGNAL,UNABLE TO DETERMINE,FAILING TO REDUCE SPEED,0,0,0,0,8,4,10,2412,STATE ST,41.938506,-87.501778,10/17/2018 08:34:00 AM,2018
CR00020367,10/08/2018 01:05:00 PM,40,CLEAR,DARKNESS - LIGHTED ROAD,ANGLE,ONE-WAY,NO CONTROLS,IMPROPER LANE USAGE,FOLLOWING TOO CLOSELY,0,0,0,0,13,2,10,1526,ELSTON AVE,41.848407,-87.543082,10/08/2018 02:03:00 PM,2018
CR00020368,03/30/2017 11:53:00 PM,35,CLEAR,DAYLIGHT,REAR END,DIVIDED - W/MEDIAN (NOT RAISED),TRAFFIC SIGNAL,UNABLE TO DETERMINE,UNABLE TO DETERMINE,0,0,0,0,23,5,3,1576,47TH ST,41.814972,-87.791828,03/31/2017 12:52:00 AM,2017
CR00020369,04/14/2020 10:58:00 AM,35,CLEAR,DUSK,PARKED MOTOR VEHICLE,DIVIDED - W/MEDIAN (NOT RAISED),STOP SIGN/FLASHER,DISREGARDING TRAFFIC SIGNALS,DRIVING SKILLS/KNOWLEDGE/EXPERIENCE,0,0,1,1,10,3,4,1419,ASHLAND AVE,41.918356,-87.558619,04/14/2020 11:20:00 AM,2020
CR00020370,06/23/2018 06:27:00 PM,30,CLOUDY/OVERCAST,DAYLIGHT,REAR END,NOT DIVIDED,YIELD,UNABLE TO DETERMINE,IMPROPER OVERTAKING/PASSING,0,0,0,0,18,7,6,1656,ROOSEVELT RD,41.83724,-87.700768,06/23/2018 07:07:00 PM,2018
CR00020371,06/17/2017 04:07:00 PM,35,CLEAR,DARKNESS - LIGHTED ROAD,PARKED MOTOR VEHICLE,DIVIDED - W/MEDIAN (NOT RAISED),TRAFFIC SIGNAL,UNABLE TO DETERMINE,FAILING TO YIELD RIGHT-OF-WAY,0,0,1,1,16,7,6,1412,CLARK ST,41.965305,-87.643285,06/17/2017 05:53:00 PM,2017
CR00020372,03/06/2024 07:18:00 AM,25,CLEAR,DAYLIGHT,SIDESWIPE SAME DIRECTION,DIVIDED - W/MEDIAN (NOT RAISED),UNKNOWN,FAILING TO YIELD RIGHT-OF-WAY,WEATHER,0,0,0,0,7,4,3,1534,ARCHER AVE,41.964442,-87.598533,03/06/2024 07:25:00 AM,2024
CR00020373,09/08/2019 10:24:00 AM,30,CLEAR,DAWN,FIXED OBJECT,ONE-WAY,NO CONTROLS,DRIVING SKILLS/KNOWLEDGE/EXPERIENCE,UNABLE TO DETERMINE,0,0,0,0,10,1,9,2449,MICHIGAN AVE,41.879554,-87.573887,09/08/2019 11:37:00 AM,2019
CR00020374,04/01/2022 09:45:00 PM,35,CLEAR,DAYLIGHT,PEDESTRIAN,ONE-WAY,STOP SIGN/FLASHER,DISTRACTION - FROM INSIDE VEHICLE,UNABLE TO DETERMINE,0,0,0,0,21,6,4,224,CICERO AVE,41.702371,-87.696614,04/01/2022 10:22:00 PM,2022
CR00020375,07/31/2021 04:30:00 PM,40,FREEZING RAIN/DRIZZLE,DARKNESS,TURNING,FOUR WAY,TRAFFIC SIGNAL,DISTRACTION - FROM INSIDE VEHICLE,IMPROPER OVERTAKING/PASSING,0,0,0,0,16,7,7,2286,47TH ST,41.802348,-87.636583,07/31/2021 04:50:00 PM,2021
CR00020376,05/29/2022 02:35:00 PM,30,CLEAR,DAYLIGHT,SIDESWIPE SAME DIRECTION,NOT DIVIDED,TRAFFIC SIGNAL,IMPROPER LANE USAGE,UNABLE TO DETERMINE,0,0,0,0,14,1,5,200,DAMEN AVE,41.753564,-87.600214,05/29/2022 03:20:00 PM,2022
CR00020377,09/25/2022 08:24:00 AM,45,CLEAR,DUSK,REAR END,NOT DIVIDED,TRAFFIC SIGNAL,UNABLE TO DETERMINE,DISREGARDING TRAFFIC SIGNALS,0,0,0,0,8,1,9,1162,HALSTED ST,41.753804,-87.792065,09/25/2022 09:06:00 AM,2022
CR00020378,10/02/2016 07:53:00 AM,20,CLEAR,DARKNESS - LIGHTED ROAD,REAR END,DIVIDED - W/MEDIAN (NOT RAISED),STOP SIGN/FLASHER,UNABLE TO DETERMINE,UNABLE TO DETERMINE,0,0,0,0,7,1,10,2520,CICERO AVE,41.9881,-87.722181,10/02/2016 08:10:00 AM,2016
CR00020379,05/11/2024 03:30:00 PM,30,CLEAR,DARKNESS - LIGHTED ROAD,REAR END,NOT DIVIDED,NO CONTROLS,IMPROPER OVERTAKING/PASSING,FAILING TO YIELD RIGHT-OF-WAY,0,0,3,3,15,7,5,520,MILWAUKEE AVE,41.714396,-87.625157,05/11/2024 04:41:00 PM,2024
CR00020380,02/20/2019 09:08:00 PM,35,CLEAR,DAYLIGHT,PARKED MOTOR VEHICLE,NOT DIVIDED,NO CONTROLS,DRIVING SKILLS/KNOWLEDGE/EXPERIENCE,FOLLOWING TOO CLOSELY,0,0,0,0,21,4,2,1556,PULASKI RD,41.854122,-87.744932,02/20/2019 10:32:00 PM,2019
CR00020381,12/03/2024 11:45:00 PM,15,CLOUDY/OVERCAST,DAYLIGHT,REAR END,NOT DIVIDED,TRAFFIC SIGNAL,UNABLE TO DETERMINE,DISTRACTION - FROM INSIDE VEHICLE,0,0,0,0,23,3,12,408,CALIFORNIA AVE,41.872731,-87.719193,12/04/2024 12:27:00 AM,2024
CR00020382,02/17/2016 08:46:00 PM,30,CLEAR,DAYLIGHT,REAR END,DIVIDED - W/MEDIAN BARRIER,NO CONTROLS,FAILING TO YIELD RIGHT-OF-WAY,FAILING TO YIELD RIGHT-OF-WAY,0,1,2,3,20,4,2,1333,BROADWAY,41.902884,-87.641289,02/17/2016 10:07:00 PM,2016
CR00020383,03/20/2016 07:46:00 PM,45,CLEAR,DARKNESS - LIGHTED ROAD,PEDESTRIAN,NOT DIVIDED,YIELD,FAILING TO REDUCE SPEED,UNABLE TO DETERMINE,0,0,0,0,19,1,3,1455,DAMEN AVE,41.785469,-87.837038,03/20/2016 09:26:00 PM,2016
CR00020384,09/16/2022 11:49:00 AM,35,CLEAR,DAYLIGHT,ANGLE,NOT DIVIDED,NO CONTROLS,DISTRACTION - FROM INSIDE VEHICLE,FAILING TO YIELD RIGHT-OF-WAY,0,0,3,3,11,6,9,2292,CLARK ST,41.719221,-87.775058,09/16/2022 12:25:00 PM,2022
CR00020385,12/19/2017 08:26:00 AM,35,CLOUDY/OVERCAST,DAYLIGHT,TURNING,ONE-WAY,NO CONTROLS,UNABLE TO DETERMINE,NOT APPLICABLE,0,0,2,2,8,3,12,1792,BROADWAY,41.877471,-87.540001,12/19/2017 09:01:00 AM,2017
CR00020386,02/08/2023 08:01:00 PM,45,CLEAR,DAWN,TURNING,ONE-WAY,STOP SIGN/FLASHER,UNABLE TO DETERMINE,UNABLE TO DETERMINE,0,0,0,0,20,4,2,1548,CLARK ST,41.775158,-87.699111,02/08/2023 09:40:00 PM,2023
CR00020387,04/26/2017 08:57:00 AM,30,CLEAR,DARKNESS - LIGHTED ROAD,TURNING,FOUR WAY,NO CONTROLS,UNABLE TO DETERMINE,DRIVING SKILLS/KNOWLEDGE/EXPERIENCE,0,0,0,0,8,4,4,970,IRVING PARK RD,41.705268,-87.64692,04/26/2017 09:14:00 AM,2017
CR00020388,04/22/2016 09:21:00 AM,35,CLEAR,DAYLIGHT,REAR END,DIVIDED - W/MEDIAN (NOT RAISED),UNKNOWN,FOLLOWING TOO CLOSELY,DISREGARDING TRAFFIC SIGNALS,0,0,0,0,9,6,4,981,STATE ST,41.726486,-87.634383,04/22/2016 10:12:00 AM,2016
CR00020389,08/19/2015 04:30:00 PM,35,CLEAR,DAYLIGHT,REAR TO FRONT,NOT DIVIDED,TRAFFIC SIGNAL,DISREGARDING TRAFFIC SIGNALS,DRIVING SKILLS/KNOWLEDGE/EXPERIENCE,0,0,0,0,16,4,8,1642,CLARK ST,41.835483,-87.660022,08/19/2015 05:01:00 PM,2015
CR00020390,11/12/2022 12:47:00 AM,30,RAIN,DAWN,PARKED MOTOR VEHICLE,FOUR WAY,NO CONTROLS,UNABLE TO DETERMINE,FAILING TO REDUCE SPEED,0,0,0,0,0,7,11,469,MILWAUKEE AVE,41.701412,-87.76729,11/12/2022 01:10:00 AM,2022
CR00020391,09/13/2018 03:02:00 PM,30,CLEAR,DARKNESS - LIGHTED ROAD,ANGLE,NOT DIVIDED,NO CONTROLS,FAILING TO YIELD RIGHT-OF-WAY,NOT APPLICABLE,0,0,0,0,15,5,9,1676,ROOSEVELT RD,41.977055,-87.688914,09/13/2018 04:50:00 PM,2018
CR00020392,02/14/2017 08:02:00 AM,25,CLOUDY/OVERCAST,DAYLIGHT,SIDESWIPE SAME DIRECTION,NOT DIVIDED,NO CONTROLS,FAILING TO YIELD RIGHT-OF-WAY,IMPROPER OVERTAKING/PASSING,0,0,0,0,8,3,2,1492,PULASKI RD,41.993971,-87.822564,02/14/2017 08:59:00 AM,2017
CR00020393,08/29/2020 01:19:00 AM,25,RAIN,DAYLIGHT,REAR TO FRONT,ONE-WAY,NO CONTROLS,UNABLE TO DETERMINE,UNABLE TO DETERMINE,0,0,0,0,1,7,8,2267,79TH ST,41.728251,-87.825493,08/29/2020 02:52:00 AM,2020
CR00020394,12/22/2020 05:42:00 AM,45,CLEAR,DAYLIGHT,TURNING,DIVIDED - W/MEDIAN BARRIER,TRAFFIC SIGNAL,DISTRACTION - FROM INSIDE VEHICLE,FAILING TO REDUCE SPEED,0,0,0,0,5,3,12,913,CICERO AVE,41.796657,-87.741645,12/22/2020 07:00:00 AM,2020
CR00020395,06/15/2015 06:29:00 PM,15,CLEAR,DAYLIGHT,REAR END,NOT DIVIDED,TRAFFIC SIGNAL,DRIVING SKILLS/KNOWLEDGE/EXPERIENCE,FOLLOWING TOO CLOSELY,0,0,0,0,18,2,6,277,KEDZIE AVE,41.98656,-87.814995,06/15/2015 07:18:00 PM,2015
CR00020396,07/01/2020 12:03:00 AM,30,CLEAR,DUSK,REAR END,ONE-WAY,UNKNOWN,DISREGARDING TRAFFIC SIGNALS,IMPROPER LANE USAGE,0,0,0,0,0,4,7,1298,PULASKI RD,41.806999,-87.611497,07/01/2020 12:29:00 AM,2020
CR00020397,06/10/2024 05:18:00 PM,30,CLEAR,DAYLIGHT,TURNING,NOT DIVIDED,STOP SIGN/FLASHER,FAILING TO YIELD RIGHT-OF-WAY,DISTRACTION - FROM INSIDE VEHICLE,0,0,0,0,17,2,6,2529,CLARK ST,41.704171,-87.584904,06/10/2024 06:00:00 PM,2024
CR00020398,06/29/2016 02:04:00 PM,45,CLEAR,DARKNESS - LIGHTED ROAD,REAR END,DIVIDED - W/MEDIAN (NOT RAISED),NO CONTROLS,UNABLE TO DETERMINE,NOT APPLICABLE,0,0,0,0,14,4,6,1675,DAMEN AVE,41.764646,-87.765653,06/29/2016 03:11:00 PM,2016
CR00020399,12/21/2023 10:03:00 PM,30,CLEAR,DARKNESS,PARKED MOTOR VEHICLE,NOT DIVIDED,TRAFFIC SIGNAL,UNABLE TO DETERMINE,FOLLOWING TOO CLOSELY,0,0,0,0,22,5,12,1249,FULLERTON AVE,41.927478,-87.622231,12/21/2023 11:20:00 PM,2023
CR00020400,09/25/2016 09:18:00 AM,30,CLEAR,DAYLIGHT,REAR END,DIVIDED - W/MEDIAN BARRIER,TRAFFIC SIGNAL,DISREGARDING TRAFFIC SIGNALS,DRIVING SKILLS/KNOWLEDGE/EXPERIENCE,0,0,0,0,9,1,9,440,LAKE SHORE DR,41.893796,-87.645913,09/25/2016 09:33:00 AM,2016
CR00020401,11/10/2016 01:34:00 AM,40,SNOW,DAYLIGHT,PARKED MOTOR VEHICLE,T-INTERSECTION,NO CONTROLS,FOLLOWING TOO CLOSELY,FAILING TO YIELD RIGHT-OF-WAY,0,0,0,0,1,5,11,2394,ROOSEVELT RD,41.833936,-87.582437,11/10/2016 02:29:00 AM,2016
CR00020402,06/29/2020 12:03:00 PM,15,CLOUDY/OVERCAST,DARKNESS - LIGHTED ROAD,PARKED MOTOR VEHICLE,DIVIDED - W/MEDIAN (NOT RAISED),TRAFFIC SIGNAL,IMPROPER LANE USAGE,NOT APPLICABLE,0,0,0,0,12,2,6,2035,MILWAUKEE AVE,41.934386,-87.591289,06/29/2020 12:32:00 PM,2020
CR00020403,11/06/2015 12:20:00 PM,30,FREEZING RAIN/DRIZZLE,DAYLIGHT,REAR TO FRONT,ONE-WAY,NO CONTROLS,UNABLE TO DETERMINE,FAILING TO REDUCE SPEED,0,0,0,0,12,6,11,2202,MICHIGAN AVE,41.795167,-87.772089,11/06/2015 12:22:00 PM,2015
CR00020404,07/23/2015 03:15:00 PM,35,CLEAR,DAYLIGHT,REAR END,NOT DIVIDED,NO CONTROLS,DISTRACTION - FROM INSIDE VEHICLE,FOLLOWING TOO CLOSELY,0,0,0,0,15,5,7,389,63RD ST,41.883695,-87.526053,07/23/2015 03:59:00 PM,2015
CR00020405,02/19/2015 02:22:00 AM,30,CLEAR,DARKNESS - LIGHTED ROAD,REAR TO FRONT,DIVIDED - W/MEDIAN (NOT RAISED),YIELD,UNABLE TO DETERMINE,IMPROPER OVERTAKING/PASSING,0,0,0,0,2,5,2,2455,WESTERN AVE,41.983127,-87.624155,02/19/2015 03:36:00 AM,2015