CRASH_RECORD_ID,CRASH_DATE,POSTED_SPEED_LIMIT,WEATHER_CONDITION,LIGHTING_CONDITION,FIRST_CRASH_TYPE,TRAFFICWAY_TYPE,TRAFFIC_CONTROL_DEVICE,PRIM_CONTRIBUTORY_CAUSE,SEC_CONTRIBUTORY_CAUSE,INJURIES_FATAL,INJURIES_INCAPACITATING,INJURIES_NON_INCAPACITATING,INJURIES_TOTAL,CRASH_HOUR,CRASH_DAY_OF_WEEK,CRASH_MONTH,BEAT_OF_OCCURRENCE,STREET_NAME,LATITUDE,LONGITUDE,DATE_POLICE_NOTIFIED,year
CR00020406,11/04/2015 01:03:00 PM,40,FREEZING RAIN/DRIZZLE,DAYLIGHT,PARKED MOTOR VEHICLE,DIVIDED - W/MEDIAN (NOT RAISED),UNKNOWN,IMPROPER OVERTAKING/PASSING,DISREGARDING TRAFFIC SIGNALS,0,0,0,0,13,4,11,2162,ASHLAND AVE,41.861463,-87.684988,11/04/2015 02:55:00 PM,2015
CR00020407,01/28/2017 08:05:00 PM,30,CLEAR,DAYLIGHT,PEDESTRIAN,DIVIDED - W/MEDIAN BARRIER,NO CONTROLS,UNABLE TO DETERMINE,NOT APPLICABLE,0,0,0,0,20,7,1,373,OGDEN AVE,41.993843,-87.69678,01/28/2017 10:04:00 PM,2017
CR00020408,04/24/2016 07:42:00 PM,30,CLEAR,DARKNESS - LIGHTED ROAD,REAR END,NOT DIVIDED,TRAFFIC SIGNAL,DRIVING SKILLS/KNOWLEDGE/EXPERIENCE,DISTRACTION - FROM INSIDE VEHICLE,0,0,1,1,19,1,4,337,MICHIGAN AVE,41.82779,-87.836054,04/24/2016 09:08:00 PM,2016
CR00020409,04/24/2019 11:13:00 AM,15,RAIN,DAYLIGHT,PARKED MOTOR VEHICLE,NOT DIVIDED,NO CONTROLS,FAILING TO YIELD RIGHT-OF-WAY,UNABLE TO DETERMINE,0,0,0,0,11,4,4,2143,FULLERTON AVE,41.715976,-87.613089,04/24/2019 12:30:00 PM,2019
CR00020410,04/14/2020 04:04:00 PM,15,CLOUDY/OVERCAST,DAYLIGHT,PARKED MOTOR VEHICLE,ONE-WAY,TRAFFIC SIGNAL,IMPROPER OVERTAKING/PASSING,IMPROPER LANE USAGE,0,0,3,3,16,3,4,1859,IRVING PARK RD,41.978642,-87.751499,04/14/2020 05:37:00 PM,2020
CR00020411,11/10/2015 09:56:00 PM,25,CLOUDY/OVERCAST,DAYLIGHT,PEDESTRIAN,NOT DIVIDED,STOP SIGN/FLASHER,DISREGARDING TRAFFIC SIGNALS,DRIVING SKILLS/KNOWLEDGE/EXPERIENCE,0,0,0,0,21,3,11,698,79TH ST,41.753847,-87.820107,11/10/2015 11:56:00 PM,2015
CR00020412,04/09/2018 05:38:00 PM,20,CLEAR,DAYLIGHT,REAR TO FRONT,DIVIDED - W/MEDIAN BARRIER,NO CONTROLS,FOLLOWING TOO CLOSELY,DISREGARDING TRAFFIC SIGNALS,0,0,0,0,17,2,4,2219,DIVISION ST,41.848973,-87.589972,04/09/2018 07:03:00 PM,2018
CR00020413,02/04/2023 07:04:00 PM,40,RAIN,DAYLIGHT,ANGLE,T-INTERSECTION,STOP SIGN/FLASHER,UNABLE TO DETERMINE,UNABLE TO DETERMINE,0,0,0,0,19,7,2,2463,STATE ST,41.943664,-87.799106,02/04/2023 08:46:00 PM,2023
CR00020414,11/27/2017 02:07:00 PM,30,CLEAR,DAYLIGHT,ANGLE,FOUR WAY,NO CONTROLS,FOLLOWING TOO CLOSELY,UNABLE TO DETERMINE,0,0,0,0,14,2,11,384,CLARK ST,41.836355,-87.709571,11/27/2017 02:51:00 PM,2017
CR00020415,06/25/2020 04:10:00 PM,40,FOG/SMOKE/HAZE,DAYLIGHT,ANGLE,T-INTERSECTION,STOP SIGN/FLASHER,DRIVING SKILLS/KNOWLEDGE/EXPERIENCE,IMPROPER LANE USAGE,0,0,0,0,16,5,6,2370,STATE ST,41.928908,-87.595669,06/25/2020 04:55:00 PM,2020
CR00020416,07/24/2017 03:28:00 PM,35,CLEAR,DAYLIGHT,ANGLE,NOT DIVIDED,TRAFFIC SIGNAL,UNABLE TO DETERMINE,DISTRACTION - FROM INSIDE VEHICLE,0,0,0,0,15,2,7,1037,WESTERN AVE,41.836306,-87.780932,07/24/2017 04:33:00 PM,2017
CR00020417,10/07/2018 01:12:00 PM,30,CLEAR,DAYLIGHT,ANGLE,DIVIDED - W/MEDIAN (NOT RAISED),TRAFFIC SIGNAL,WEATHER,UNABLE TO DETERMINE,0,0,0,0,13,1,10,1608,FULLERTON AVE,41.99115,-87.834723,10/07/2018 03:01:00 PM,2018
CR00020418,02/23/2018 08:23:00 PM,25,CLEAR,DAYLIGHT,TURNING,ONE-WAY,NO CONTROLS,FOLLOWING TOO CLOSELY,UNABLE TO DETERMINE,0,0,0,0,20,6,2,1317,KEDZIE AVE,41.978475,-87.520144,02/23/2018 08:36:00 PM,2018
CR00020419,12/30/2015 07:20:00 PM,20,SNOW,DAYLIGHT,ANGLE,DIVIDED - W/MEDIAN (NOT RAISED),NO CONTROLS,FAILING TO YIELD RIGHT-OF-WAY,DISTRACTION - FROM INSIDE VEHICLE,0,0,0,0,19,4,12,1481,WESTERN AVE,41.898595,-87.604863,12/30/2015 09:07:00 PM,2015
CR00020420,04/07/2023 02:20:00 PM,25,CLEAR,DAYLIGHT,REAR END,FOUR WAY,NO CONTROLS,DISTRACTION - FROM INSIDE VEHICLE,DISREGARDING TRAFFIC SIGNALS,0,0,0,0,14,6,4,292,DAMEN AVE,41.866436,-87.63133,04/07/2023 04:18:00 PM,2023
CR00020421,09/18/2024 10:06:00 AM,30,CLEAR,DAYLIGHT,TURNING,DIVIDED - W/MEDIAN BARRIER,NO CONTROLS,FOLLOWING TOO CLOSELY,IMPROPER OVERTAKING/PASSING,0,0,1,1,10,4,9,1821,CLARK ST,41.840737,-87.731516,09/18/2024 11:08:00 AM,2024
CR00020422,01/09/2022 11:17:00 AM,30,CLEAR,DUSK,ANGLE,DIVIDED - W/MEDIAN (NOT RAISED),TRAFFIC SIGNAL,FAILING TO YIELD RIGHT-OF-WAY,DISTRACTION - FROM INSIDE VEHICLE,0,0,0,0,11,1,1,1906,CICERO AVE,41.736511,-87.748769,01/09/2022 12:26:00 PM,2022
CR00020423,07/17/2015 10:02:00 AM,35,CLEAR,DARKNESS,SIDESWIPE SAME DIRECTION,FOUR WAY,TRAFFIC SIGNAL,IMPROPER LANE USAGE,UNABLE TO DETERMINE,0,0,1,1,10,6,7,555,79TH ST,41.931288,-87.677789,07/17/2015 11:06:00 AM,2015
CR00020424,09/13/2019 12:56:00 PM,35,RAIN,DAYLIGHT,SIDESWIPE SAME DIRECTION,ONE-WAY,TRAFFIC SIGNAL,FAILING TO REDUCE SPEED,DISREGARDING TRAFFIC SIGNALS,0,0,0,0,12,6,9,1840,IRVING PARK RD,41.806627,-87.638125,09/13/2019 01:37:00 PM,2019
CR00020425,11/21/2019 11:25:00 AM,20,RAIN,DAYLIGHT,TURNING,DIVIDED - W/MEDIAN (NOT RAISED),PEDESTRIAN CROSSING SIGN,UNABLE TO DETERMINE,DISREGARDING TRAFFIC SIGNALS,0,0,0,0,11,5,11,1413,MILWAUKEE AVE,41.929329,-87.693708,11/21/2019 11:35:00 AM,2019
CR00020426,01/30/2015 10:39:00 AM,35,CLEAR,DAYLIGHT,SIDESWIPE SAME DIRECTION,NOT DIVIDED,NO CONTROLS,DRIVING SKILLS/KNOWLEDGE/EXPERIENCE,NOT APPLICABLE,0,0,1,1,10,6,1,438,MICHIGAN AVE,41.878772,-87.838954,01/30/2015 11:27:00 AM,2015
CR00020427,01/01/2021 09:18:00 AM,35,CLEAR,DAYLIGHT,REAR END,NOT DIVIDED,TRAFFIC SIGNAL,WEATHER,NOT APPLICABLE,0,0,0,0,9,6,1,1929,OGDEN AVE,41.854218,-87.734306,01/01/2021 10:40:00 AM,2021
CR00020428,11/07/2021 09:38:00 PM,20,CLEAR,DAYLIGHT,TURNING,NOT DIVIDED,NO CONTROLS,DISTRACTION - FROM INSIDE VEHICLE,UNABLE TO DETERMINE,0,0,0,0,21,1,11,1610,47TH ST,41.925798,-87.616287,11/07/2021 11:26:00 PM,2021
CR00020429,03/06/2019 04:35:00 PM,20,RAIN,DAYLIGHT,ANGLE,ONE-WAY,NO CONTROLS,FAILING TO REDUCE SPEED,UNABLE TO DETERMINE,0,0,3,3,16,4,3,838,CICERO AVE,41.84758,-87.587582,03/06/2019 05:31:00 PM,2019
CR00020430,03/16/2019 06:15:00 PM,45,CLEAR,DAYLIGHT,PARKED MOTOR VEHICLE,DIVIDED - W/MEDIAN BARRIER,NO CONTROLS,FAILING TO YIELD RIGHT-OF-WAY,IMPROPER LANE USAGE,0,0,0,0,18,7,3,1293,CICERO AVE,41.999282,-87.823975,03/16/2019 07:22:00 PM,2019
CR00020431,08/03/2024 07:02:00 AM,35,CLEAR,DAYLIGHT,REAR END,FOUR WAY,UNKNOWN,IMPROPER LANE USAGE,IMPROPER LANE USAGE,0,0,0,0,7,7,8,1779,WESTERN AVE,41.700229,-87.617732,08/03/2024 08:56:00 AM,2024
CR00020432,01/17/2024 07:43:00 PM,35,CLEAR,DARKNESS,TURNING,NOT DIVIDED,TRAFFIC SIGNAL,DISREGARDING TRAFFIC SIGNALS,DISREGARDING TRAFFIC SIGNALS,0,0,0,0,19,4,1,314,FULLERTON AVE,41.874821,-87.828958,01/17/2024 08:49:00 PM,2024
CR00020433,01/09/2023 05:44:00 PM,35,RAIN,DAYLIGHT,REAR END,FOUR WAY,STOP SIGN/FLASHER,UNABLE TO DETERMINE,IMPROPER OVERTAKING/PASSING,0,0,0,0,17,2,1,1158,HALSTED ST,41.98473,-87.801431,01/09/2023 06:49:00 PM,2023
CR00020434,09/13/2020 11:35:00 AM,30,CLOUDY/OVERCAST,DARKNESS - LIGHTED ROAD,SIDESWIPE SAME DIRECTION,DIVIDED - W/MEDIAN (NOT RAISED),TRAFFIC SIGNAL,UNABLE TO DETERMINE,IMPROPER OVERTAKING/PASSING,0,0,0,0,11,1,9,2361,MICHIGAN AVE,41.74054,-87.768091,09/13/2020 11:42:00 AM,2020
CR00020435,03/27/2024 08:29:00 PM,35,CLEAR,DAYLIGHT,TURNING,NOT DIVIDED,STOP SIGN/FLASHER,UNABLE TO DETERMINE,DRIVING SKILLS/KNOWLEDGE/EXPERIENCE,0,0,0,0,20,4,3,680,OGDEN AVE,41.837148,-87.711998,03/27/2024 10:13:00 PM,2024
CR00020436,08/02/2024 11:10:00 AM,30,CLOUDY/OVERCAST,DARKNESS,ANGLE,ONE-WAY,TRAFFIC SIGNAL,DISTRACTION - FROM INSIDE VEHICLE,DRIVING SKILLS/KNOWLEDGE/EXPERIENCE,0,0,0,0,11,6,8,2253,CICERO AVE,41.86346,-87.642988,08/02/2024 11:16:00 AM,2024
CR00020437,06/26/2018 05:41:00 PM,30,CLEAR,DAYLIGHT,FIXED OBJECT,NOT DIVIDED,NO CONTROLS,IMPROPER LANE USAGE,NOT APPLICABLE,0,0,0,0,17,3,6,1635,CLARK ST,41.942834,-87.635361,06/26/2018 06:27:00 PM,2018
CR00020438,01/26/2019 05:21:00 PM,30,RAIN,DAYLIGHT,ANGLE,NOT DIVIDED,UNKNOWN,FAILING TO YIELD RIGHT-OF-WAY,FOLLOWING TOO CLOSELY,0,0,0,0,17,7,1,1638,FULLERTON AVE,41.786573,-87.623221,01/26/2019 06:39:00 PM,2019
CR00020439,12/04/2015 06:30:00 PM,30,CLEAR,DAYLIGHT,PARKED MOTOR VEHICLE,DIVIDED - W/MEDIAN (NOT RAISED),TRAFFIC SIGNAL,FOLLOWING TOO CLOSELY,NOT APPLICABLE,0,0,0,0,18,6,12,208,47TH ST,41.777685,-87.722217,12/04/2015 07:35:00 PM,2015
CR00020440,07/31/2024 03:41:00 PM,30,CLEAR,DAYLIGHT,REAR END,NOT DIVIDED,TRAFFIC SIGNAL,FOLLOWING TOO CLOSELY,IMPROPER OVERTAKING/PASSING,0,0,0,0,15,4,7,1330,PULASKI RD,41.97868,-87.847709,07/31/2024 05:04:00 PM,2024
CR00020441,04/02/2016 05:36:00 PM,30,CLEAR,DAYLIGHT,REAR END,FOUR WAY,PEDESTRIAN CROSSING SIGN,IMPROPER OVERTAKING/PASSING,DISREGARDING TRAFFIC SIGNALS,0,0,0,0,17,7,4,2188,CICERO AVE,41.873076,-87.641899,04/02/2016 06:10:00 PM,2016
CR00020442,08/07/2024 06:51:00 PM,20,SNOW,DAYLIGHT,PEDESTRIAN,DIVIDED - W/MEDIAN (NOT RAISED),TRAFFIC SIGNAL,UNABLE TO DETERMINE,WEATHER,0,1,0,1,18,4,8,526,79TH ST,41.802714,-87.542458,08/07/2024 08:09:00 PM,2024
CR00020443,07/11/2021 11:24:00 AM,35,CLEAR,DARKNESS - LIGHTED ROAD,REAR END,FOUR WAY,STOP SIGN/FLASHER,UNABLE TO DETERMINE,UNABLE TO DETERMINE,0,0,1,1,11,1,7,2043,MILWAUKEE AVE,41.925401,-87.752927,07/11/2021 12:05:00 PM,2021
CR00020444,01/19/2023 11:41:00 AM,45,CLEAR,DARKNESS - LIGHTED ROAD,ANGLE,DIVIDED - W/MEDIAN BARRIER,NO CONTROLS,DRIVING SKILLS/KNOWLEDGE/EXPERIENCE,FAILING TO YIELD RIGHT-OF-WAY,0,2,1,3,11,5,1,1248,HALSTED ST,41.902497,-87.746512,01/19/2023 12:39:00 PM,2023
CR00020445,02/17/2022 04:37:00 PM,25,RAIN,DAYLIGHT,SIDESWIPE SAME DIRECTION,NOT DIVIDED,STOP SIGN/FLASHER,IMPROPER OVERTAKING/PASSING,UNABLE TO DETERMINE,0,0,1,1,16,5,2,2213,CALIFORNIA AVE,41.961479,-87.778444,02/17/2022 05:08:00 PM,2022
CR00020446,10/23/2020 07:56:00 AM,30,CLEAR,DARKNESS - LIGHTED ROAD,TURNING,ONE-WAY,NO CONTROLS,FOLLOWING TOO CLOSELY,FOLLOWING TOO CLOSELY,0,0,0,0,7,6,10,951,ELSTON AVE,41.877936,-87.660899,10/23/2020 08:11:00 AM,2020
CR00020447,08/10/2018 07:20:00 AM,30,CLEAR,DAYLIGHT,SIDESWIPE SAME DIRECTION,NOT DIVIDED,TRAFFIC SIGNAL,WEATHER,NOT APPLICABLE,0,0,0,0,7,6,8,1340,BROADWAY,41.855779,-87.751691,08/10/2018 07:58:00 AM,2018
CR00020448,11/21/2018 08:08:00 PM,35,RAIN,DAYLIGHT,PARKED MOTOR VEHICLE,NOT DIVIDED,TRAFFIC SIGNAL,UNABLE TO DETERMINE,IMPROPER OVERTAKING/PASSING,0,0,0,0,20,4,11,902,MILWAUKEE AVE,41.828075,-87.754658,11/21/2018 10:02:00 PM,2018
CR00020449,03/12/2023 01:28:00 PM,30,RAIN,DAYLIGHT,SIDESWIPE SAME DIRECTION,NOT DIVIDED,STOP SIGN/FLASHER,DRIVING SKILLS/KNOWLEDGE/EXPERIENCE,NOT APPLICABLE,0,0,0,0,13,1,3,2309,WESTERN AVE,41.862343,-87.590193,03/12/2023 01:50:00 PM,2023
CR00020450,10/17/2015 04:28:00 AM,35,CLEAR,DAYLIGHT,FIXED OBJECT,DIVIDED - W/MEDIAN (NOT RAISED),NO CONTROLS,DISTRACTION - FROM INSIDE VEHICLE,UNABLE TO DETERMINE,0,0,0,0,4,7,10,1594,KEDZIE AVE,41.859257,-87.540236,10/17/2015 05:43:00 AM,2015
CR00020451,09/09/2017 07:57:00 PM,30,CLEAR,DAYLIGHT,SIDESWIPE SAME DIRECTION,NOT DIVIDED,NO CONTROLS,UNABLE TO DETERMINE,NOT APPLICABLE,0,0,0,0,19,7,9,1364,STATE ST,41.725323,-87.706117,09/09/2017 08:59:00 PM,2017
CR00020452,10/21/2019 08:06:00 AM,45,CLEAR,DARKNESS - LIGHTED ROAD,PEDESTRIAN,NOT DIVIDED,NO CONTROLS,FOLLOWING TOO CLOSELY,IMPROPER OVERTAKING/PASSING,0,0,0,0,8,2,10,277,CICERO AVE,41.756302,-87.747255,10/21/2019 10:02:00 AM,2019
CR00020453,05/31/2020 10:23:00 AM,45,CLEAR,DARKNESS,PARKED MOTOR VEHICLE,NOT DIVIDED,NO CONTROLS,FAILING TO YIELD RIGHT-OF-WAY,IMPROPER LANE USAGE,0,0,0,0,10,1,5,1285,79TH ST,41.831332,-87.719034,05/31/2020 11:26:00 AM,2020
CR00020454,09/12/2020 07:51:00 AM,15,FOG/SMOKE/HAZE,DAYLIGHT,TURNING,ONE-WAY,STOP SIGN/FLASHER,DRIVING SKILLS/KNOWLEDGE/EXPERIENCE,UNABLE TO DETERMINE,0,0,1,1,7,7,9,207,79TH ST,41.826822,-87.619484,09/12/2020 09:39:00 AM,2020
CR00020455,01/16/2022 10:47:00 PM,30,CLEAR,DAYLIGHT,PARKED MOTOR VEHICLE,DIVIDED - W/MEDIAN (NOT RAISED),NO CONTROLS,IMPROPER LANE USAGE,DISTRACTION - FROM INSIDE VEHICLE,0,0,0,0,22,1,1,451,ROOSEVELT RD,41.704183,-87.749942,01/16/2022 11:02:00 PM,2022
CR00020456,01/16/2024 07:54:00 PM,45,CLEAR,DAYLIGHT,REAR END,NOT DIVIDED,TRAFFIC SIGNAL,FAILING TO YIELD RIGHT-OF-WAY,IMPROPER OVERTAKING/PASSING,0,0,0,0,19,3,1,102,ELSTON AVE,41.994633,-87.761694,01/16/2024 08:33:00 PM,2024
CR00020457,08/11/2024 07:34:00 AM,40,CLEAR,DAYLIGHT,SIDESWIPE SAME DIRECTION,ONE-WAY,TRAFFIC SIGNAL,IMPROPER LANE USAGE,NOT APPLICABLE,0,0,0,0,7,1,8,1540,OGDEN AVE,41.849227,-87.509473,08/11/2024 07:59:00 AM,2024
CR00020458,01/25/2019 12:25:00 PM,45,CLOUDY/OVERCAST,DAWN,REAR END,NOT DIVIDED,TRAFFIC SIGNAL,DRIVING SKILLS/KNOWLEDGE/EXPERIENCE,FAILING TO YIELD RIGHT-OF-WAY,0,0,1,1,12,6,1,1180,ELSTON AVE,41.891264,-87.825318,01/25/2019 02:04:00 PM,2019
CR00020459,02/28/2018 08:52:00 PM,30,CLOUDY/OVERCAST,DARKNESS - LIGHTED ROAD,REAR TO FRONT,NOT DIVIDED,NO CONTROLS,UNABLE TO DETERMINE,IMPROPER LANE USAGE,0,0,0,0,20,4,2,2116,ROOSEVELT RD,41.86294,-87.502823,02/28/2018 09:33:00 PM,2018
CR00020460,07/13/2017 09:35:00 AM,40,CLEAR,DARKNESS - LIGHTED ROAD,TURNING,NOT DIVIDED,NO CONTROLS,UNABLE TO DETERMINE,FAILING TO REDUCE SPEED,0,0,0,0,9,5,7,590,LAKE SHORE DR,41.878552,-87.500397,07/13/2017 11:10:00 AM,2017
CR00020461,07/20/2023 03:40:00 PM,45,CLOUDY/OVERCAST,DARKNESS - LIGHTED ROAD,TURNING,NOT DIVIDED,NO CONTROLS,IMPROPER LANE USAGE,FOLLOWING TOO CLOSELY,0,0,0,0,15,5,7,1982,LAKE SHORE DR,41.872702,-87.714182,07/20/2023 04:53:00 PM,2023
CR00020462,08/12/2018 07:00:00 PM,30,CLEAR,DARKNESS,REAR END,DIVIDED - W/MEDIAN (NOT RAISED),NO CONTROLS,UNABLE TO DETERMINE,FAILING TO YIELD RIGHT-OF-WAY,0,0,0,0,19,1,8,864,BROADWAY,41.903451,-87.792008,08/12/2018 08:38:00 PM,2018
CR00020463,01/28/2020 08:48:00 AM,20,CLEAR,DUSK,PARKED MOTOR VEHICLE,NOT DIVIDED,NO CONTROLS,IMPROPER OVERTAKING/PASSING,IMPROPER OVERTAKING/PASSING,0,0,0,0,8,3,1,1295,KEDZIE AVE,41.718695,-87.565583,01/28/2020 10:03:00 AM,2020
CR00020464,04/29/2019 05:29:00 PM,35,CLEAR,DARKNESS,ANGLE,DIVIDED - W/MEDIAN BARRIER,NO CONTROLS,IMPROPER LANE USAGE,FAILING TO YIELD RIGHT-OF-WAY,0,0,1,1,17,2,4,1352,DAMEN AVE,41.994825,-87.835722,04/29/2019 06:37:00 PM,2019
CR00020465,08/10/2016 03:21:00 PM,20,CLEAR,DARKNESS - LIGHTED ROAD,SIDESWIPE SAME DIRECTION,DIVIDED - W/MEDIAN (NOT RAISED),NO CONTROLS,IMPROPER LANE USAGE,UNABLE TO DETERMINE,0,0,0,0,15,4,8,2202,OGDEN AVE,41.847486,-87.541502,08/10/2016 04:26:00 PM,2016
CR00020466,09/11/2023 03:04:00 PM,25,CLEAR,DAYLIGHT,ANGLE,DIVIDED - W/MEDIAN BARRIER,TRAFFIC SIGNAL,DRIVING SKILLS/KNOWLEDGE/EXPERIENCE,FAILING TO YIELD RIGHT-OF-WAY,0,0,0,0,15,2,9,1244,CALIFORNIA AVE,41.951458,-87.823089,09/11/2023 03:34:00 PM,2023
CR00020467,10/12/2020 02:31:00 AM,25,CLEAR,DARKNESS - LIGHTED ROAD,ANGLE,DIVIDED - W/MEDIAN (NOT RAISED),NO CONTROLS,UNABLE TO DETERMINE,NOT APPLICABLE,0,0,0,0,2,2,10,1151,STATE ST,41.895537,-87.820512,10/12/2020 04:30:00 AM,2020
CR00020468,06/05/2024 05:03:00 PM,20,CLOUDY/OVERCAST,DUSK,SIDESWIPE SAME DIRECTION,DIVIDED - W/MEDIAN (NOT RAISED),NO CONTROLS,FOLLOWING TOO CLOSELY,DISTRACTION - FROM INSIDE VEHICLE,0,0,0,0,17,4,6,624,MILWAUKEE AVE,41.892232,-87.694637,06/05/2024 05:43:00 PM,2024
CR00020469,04/27/2022 11:09:00 AM,30,SNOW,DARKNESS - LIGHTED ROAD,REAR END,FOUR WAY,TRAFFIC SIGNAL,IMPROPER OVERTAKING/PASSING,FAILING TO YIELD RIGHT-OF-WAY,0,0,0,0,11,4,4,1298,ARCHER AVE,41.932335,-87.625053,04/27/2022 12:38:00 PM,2022
CR00020470,06/16/2024 12:57:00 PM,35,RAIN,DAYLIGHT,REAR END,NOT DIVIDED,NO CONTROLS,FAILING TO REDUCE SPEED,DISREGARDING TRAFFIC SIGNALS,0,0,0,0,12,1,6,1828,LAKE SHORE DR,41.883276,-87.708399,06/16/2024 01:29:00 PM,2024
CR00020471,04/12/2023 08:42:00 AM,40,CLEAR,DAYLIGHT,PARKED MOTOR VEHICLE,NOT DIVIDED,TRAFFIC SIGNAL,FOLLOWING TOO CLOSELY,DISTRACTION - FROM INSIDE VEHICLE,0,0,0,0,8,4,4,1617,MICHIGAN AVE,41.715616,-87.527149,04/12/2023 10:11:00 AM,2023
CR00020472,04/25/2017 04:21:00 PM,35,SNOW,DAYLIGHT,TURNING,DIVIDED - W/MEDIAN BARRIER,UNKNOWN,FAILING TO YIELD RIGHT-OF-WAY,DISTRACTION - FROM INSIDE VEHICLE,0,0,0,0,16,3,4,1660,79TH ST,41.709747,-87.83236,04/25/2017 04:35:00 PM,2017
CR00020473,08/18/2021 12:58:00 AM,30,CLEAR,DAYLIGHT,REAR END,DIVIDED - W/MEDIAN (NOT RAISED),TRAFFIC SIGNAL,UNABLE TO DETERMINE,IMPROPER OVERTAKING/PASSING,0,0,0,0,0,4,8,1678,STONY ISLAND AVE,41.721087,-87.642113,08/18/2021 01:33:00 AM,2021
CR00020474,11/10/2016 07:38:00 AM,35,CLEAR,DAYLIGHT,REAR END,NOT DIVIDED,STOP SIGN/FLASHER,IMPROPER OVERTAKING/PASSING,FAILING TO YIELD RIGHT-OF-WAY,0,0,0,0,7,5,11,1647,WESTERN AVE,41.927358,-87.788384,11/10/2016 08:04:00 AM,2016
CR00020475,05/12/2023 04:48:00 PM,15,CLEAR,DAYLIGHT,REAR END,ONE-WAY,TRAFFIC SIGNAL,UNABLE TO DETERMINE,DISREGARDING TRAFFIC SIGNALS,0,0,0,0,16,6,5,1412,WESTERN AVE,41.839451,-87.769836,05/12/2023 05:33:00 PM,2023
CR00020476,06/29/2018 09:07:00 AM,30,CLEAR,DAYLIGHT,REAR END,NOT DIVIDED,TRAFFIC SIGNAL,IMPROPER OVERTAKING/PASSING,IMPROPER LANE USAGE,0,0,0,0,9,6,6,137,MILWAUKEE AVE,41.800057,-87.776103,06/29/2018 10:43:00 AM,2018
CR00020477,05/24/2024 01:42:00 AM,40,CLEAR,DAYLIGHT,REAR END,ONE-WAY,TRAFFIC SIGNAL,IMPROPER OVERTAKING/PASSING,IMPROPER LANE USAGE,0,0,0,0,1,6,5,112,BROADWAY,41.783655,-87.650397,05/24/2024 02:17:00 AM,2024
CR00020478,10/15/2015 08:25:00 AM,25,RAIN,DAYLIGHT,ANGLE,DIVIDED - W/MEDIAN (NOT RAISED),NO CONTROLS,IMPROPER LANE USAGE,IMPROPER OVERTAKING/PASSING,0,0,0,0,8,5,10,1108,HALSTED ST,41.937658,-87.848086,10/15/2015 10:01:00 AM,2015
CR00020479,03/16/2017 10:33:00 AM,40,CLEAR,DAYLIGHT,REAR END,NOT DIVIDED,TRAFFIC SIGNAL,UNABLE TO DETERMINE,NOT APPLICABLE,0,0,0,0,10,5,3,2534,CLARK ST,41.805049,-87.661482,03/16/2017 12:14:00 PM,2017
CR00020480,09/15/2021 02:01:00 PM,45,CLEAR,DAYLIGHT,SIDESWIPE SAME DIRECTION,ONE-WAY,YIELD,UNABLE TO DETERMINE,FAILING TO YIELD RIGHT-OF-WAY,0,0,0,0,14,4,9,633,FULLERTON AVE,41.916864,-87.827456,09/15/2021 02:52:00 PM,2021
CR00020481,07/20/2016 08:29:00 PM,30,CLEAR,DARKNESS - LIGHTED ROAD,REAR END,DIVIDED - W/MEDIAN (NOT RAISED),YIELD,FAILING TO YIELD RIGHT-OF-WAY,UNABLE TO DETERMINE,0,1,1,2,20,4,7,163,DIVISION ST,41.949473,-87.625156,07/20/2016 10:14:00 PM,2016
CR00020482,04/25/2017 06:42:00 PM,35,CLEAR,DAYLIGHT,PARKED MOTOR VEHICLE,DIVIDED - W/MEDIAN (NOT RAISED),TRAFFIC SIGNAL,IMPROPER LANE USAGE,FOLLOWING TOO CLOSELY,0,2,1,3,18,3,4,360,BROADWAY,41.967733,-87.560368,04/25/2017 07:48:00 PM,2017
CR00020483,02/22/2017 04:34:00 AM,15,SNOW,DAYLIGHT,TURNING,NOT DIVIDED,TRAFFIC SIGNAL,DISTRACTION - FROM INSIDE VEHICLE,IMPROPER OVERTAKING/PASSING,0,0,3,3,4,4,2,829,CICERO AVE,41.804851,-87.775735,02/22/2017 04:39:00 AM,2017
CR00020484,09/27/2018 09:58:00 AM,30,CLEAR,DAYLIGHT,REAR END,DIVIDED - W/MEDIAN BARRIER,NO CONTROLS,DRIVING SKILLS/KNOWLEDGE/EXPERIENCE,UNABLE TO DETERMINE,0,0,0,0,9,5,9,1580,MILWAUKEE AVE,41.781706,-87.845066,09/27/2018 10:35:00 AM,2018
CR00020485,04/29/2023 06:03:00 PM,35,CLEAR,DARKNESS,TURNING,ONE-WAY,NO CONTROLS,UNABLE TO DETERMINE,NOT APPLICABLE,0,0,0,0,18,7,4,1866,ARCHER AVE,41.726716,-87.755683,04/29/2023 06:12:00 PM,2023
CR00020486,04/28/2020 07:30:00 AM,20,CLOUDY/OVERCAST,DAYLIGHT,FIXED OBJECT,NOT DIVIDED,NO CONTROLS,UNABLE TO DETERMINE,DRIVING SKILLS/KNOWLEDGE/EXPERIENCE,0,0,0,0,7,3,4,737,FULLERTON AVE,41.846406,-87.556372,04/28/2020 09:24:00 AM,2020
CR00020487,04/11/2017 07:43:00 AM,30,CLEAR,DAYLIGHT,ANGLE,NOT DIVIDED,TRAFFIC SIGNAL,FAILING TO YIELD RIGHT-OF-WAY,UNABLE TO DETERMINE,0,0,3,3,7,3,4,433,DAMEN AVE,41.752225,-87.641857,04/11/2017 09:20:00 AM,2017