CRASH_RECORD_ID,CRASH_DATE,POSTED_SPEED_LIMIT,WEATHER_CONDITION,LIGHTING_CONDITION,FIRST_CRASH_TYPE,TRAFFICWAY_TYPE,TRAFFIC_CONTROL_DEVICE,PRIM_CONTRIBUTORY_CAUSE,SEC_CONTRIBUTORY_CAUSE,INJURIES_FATAL,INJURIES_INCAPACITATING,INJURIES_NON_INCAPACITATING,INJURIES_TOTAL,CRASH_HOUR,CRASH_DAY_OF_WEEK,CRASH_MONTH,BEAT_OF_OCCURRENCE,STREET_NAME,LATITUDE,LONGITUDE,DATE_POLICE_NOTIFIED,year
CR00020488,05/23/2023 11:07:00 AM,45,CLEAR,DAYLIGHT,TURNING,DIVIDED - W/MEDIAN (NOT RAISED),TRAFFIC SIGNAL,DISTRACTION - FROM INSIDE VEHICLE,NOT APPLICABLE,0,1,1,2,11,3,5,714,STONY ISLAND AVE,41.74225,-87.726087,05/23/2023 11:52:00 AM,2023
CR00020489,01/13/2020 04:46:00 PM,45,RAIN,DAYLIGHT,SIDESWIPE SAME DIRECTION,DIVIDED - W/MEDIAN (NOT RAISED),PEDESTRIAN CROSSING SIGN,FAILING TO YIELD RIGHT-OF-WAY,UNABLE TO DETERMINE,0,0,0,0,16,2,1,970,WESTERN AVE,41.924064,-87.80452,01/13/2020 04:53:00 PM,2020
CR00020490,11/23/2020 04:03:00 PM,30,CLEAR,DAYLIGHT,TURNING,NOT DIVIDED,NO CONTROLS,UNABLE TO DETERMINE,FOLLOWING TOO CLOSELY,0,0,0,0,16,2,11,323,KEDZIE AVE,41.851946,-87.606424,11/23/2020 04:23:00 PM,2020
CR00020491,06/02/2016 04:18:00 PM,35,FOG/SMOKE/HAZE,DARKNESS - LIGHTED ROAD,REAR END,NOT DIVIDED,STOP SIGN/FLASHER,UNABLE TO DETERMINE,DISREGARDING TRAFFIC SIGNALS,0,0,0,0,16,5,6,1747,MILWAUKEE AVE,41.896208,-87.685968,06/02/2016 06:01:00 PM,2016
CR00020492,08/22/2016 05:46:00 PM,20,CLEAR,DAYLIGHT,PARKED MOTOR VEHICLE,ONE-WAY,STOP SIGN/FLASHER,UNABLE TO DETERMINE,IMPROPER LANE USAGE,0,0,0,0,17,2,8,1116,STATE ST,41.97143,-87.51058,08/22/2016 06:25:00 PM,2016
CR00020493,09/08/2023 06:38:00 PM,30,RAIN,DAYLIGHT,ANGLE,FOUR WAY,NO CONTROLS,IMPROPER LANE USAGE,UNABLE TO DETERMINE,0,0,0,0,18,6,9,2190,CALIFORNIA AVE,41.829618,-87.540918,09/08/2023 07:35:00 PM,2023
CR00020494,04/14/2016 07:24:00 AM,35,RAIN,DARKNESS,SIDESWIPE SAME DIRECTION,FOUR WAY,STOP SIGN/FLASHER,DISTRACTION - FROM INSIDE VEHICLE,DRIVING SKILLS/KNOWLEDGE/EXPERIENCE,0,0,1,1,7,5,4,984,DIVISION ST,41.892749,-87.712531,04/14/2016 08:32:00 AM,2016
CR00020495,05/23/2017 11:16:00 AM,40,CLEAR,DAYLIGHT,REAR END,DIVIDED - W/MEDIAN (NOT RAISED),TRAFFIC SIGNAL,FAILING TO YIELD RIGHT-OF-WAY,DRIVING SKILLS/KNOWLEDGE/EXPERIENCE,0,0,0,0,11,3,5,2510,MILWAUKEE AVE,41.904482,-87.636423,05/23/2017 12:37:00 PM,2017
CR00020496,09/08/2016 04:10:00 PM,40,CLEAR,DAYLIGHT,ANGLE,DIVIDED - W/MEDIAN (NOT RAISED),NO CONTROLS,FAILING TO YIELD RIGHT-OF-WAY,UNABLE TO DETERMINE,0,0,1,1,16,5,9,2011,FULLERTON AVE,41.969563,-87.61244,09/08/2016 05:51:00 PM,2016
CR00020497,01/17/2021 05:49:00 PM,35,SNOW,DARKNESS - LIGHTED ROAD,PEDESTRIAN,DIVIDED - W/MEDIAN BARRIER,NO CONTROLS,FAILING TO YIELD RIGHT-OF-WAY,FAILING TO YIELD RIGHT-OF-WAY,0,0,0,0,17,1,1,307,HALSTED ST,41.961564,-87.604971,01/17/2021 06:14:00 PM,2021
CR00020498,06/01/2022 04:45:00 PM,15,CLEAR,DAYLIGHT,SIDESWIPE SAME DIRECTION,NOT DIVIDED,TRAFFIC SIGNAL,UNABLE TO DETERMINE,UNABLE TO DETERMINE,0,0,0,0,16,4,6,1481,STONY ISLAND AVE,41.944548,-87.582082,06/01/2022 04:56:00 PM,2022
CR00020499,11/19/2016 09:22:00 PM,25,CLEAR,DAYLIGHT,SIDESWIPE SAME DIRECTION,NOT DIVIDED,TRAFFIC SIGNAL,IMPROPER LANE USAGE,NOT APPLICABLE,0,1,2,3,21,7,11,1993,ASHLAND AVE,41.763096,-87.770627,11/19/2016 11:03:00 PM,2016
CR00020500,09/22/2017 01:17:00 PM,15,CLEAR,DAYLIGHT,REAR END,NOT DIVIDED,TRAFFIC SIGNAL,FOLLOWING TOO CLOSELY,DISTRACTION - FROM INSIDE VEHICLE,0,0,0,0,13,6,9,238,FULLERTON AVE,41.84312,-87.527876,09/22/2017 01:28:00 PM,2017
CR00020501,12/09/2023 11:05:00 PM,35,SNOW,DAYLIGHT,TURNING,NOT DIVIDED,TRAFFIC SIGNAL,DRIVING SKILLS/KNOWLEDGE/EXPERIENCE,UNABLE TO DETERMINE,0,0,0,0,23,7,12,1875,63RD ST,41.864322,-87.67666,12/09/2023 11:37:00 PM,2023
CR00020502,02/21/2016 07:52:00 PM,15,CLEAR,DAYLIGHT,ANGLE,NOT DIVIDED,STOP SIGN/FLASHER,FAILING TO YIELD RIGHT-OF-WAY,FOLLOWING TOO CLOSELY,0,0,0,0,19,1,2,1985,DIVISION ST,41.794291,-87.544324,02/21/2016 08:37:00 PM,2016
CR00020503,08/29/2015 04:38:00 AM,30,CLEAR,DARKNESS,REAR END,T-INTERSECTION,TRAFFIC SIGNAL,FOLLOWING TOO CLOSELY,FOLLOWING TOO CLOSELY,0,0,0,0,4,7,8,2099,STONY ISLAND AVE,41.85781,-87.800735,08/29/2015 04:54:00 AM,2015
CR00020504,01/14/2022 02:22:00 AM,30,CLEAR,DAYLIGHT,REAR END,NOT DIVIDED,NO CONTROLS,IMPROPER LANE USAGE,IMPROPER OVERTAKING/PASSING,0,0,0,0,2,6,1,2319,MICHIGAN AVE,41.833111,-87.569524,01/14/2022 02:23:00 AM,2022
CR00020505,04/08/2020 04:21:00 PM,25,CLEAR,DARKNESS,REAR TO FRONT,NOT DIVIDED,NO CONTROLS,UNABLE TO DETERMINE,UNABLE TO DETERMINE,0,0,0,0,16,4,4,1966,HALSTED ST,41.898038,-87.782497,04/08/2020 04:44:00 PM,2020
CR00020506,03/28/2021 05:40:00 PM,30,CLEAR,DAWN,REAR END,DIVIDED - W/MEDIAN (NOT RAISED),NO CONTROLS,FAILING TO YIELD RIGHT-OF-WAY,UNABLE TO DETERMINE,0,0,0,0,17,1,3,688,BROADWAY,41.824537,-87.76495,03/28/2021 06:18:00 PM,2021
CR00020507,07/18/2022 02:39:00 PM,45,SNOW,DARKNESS - LIGHTED ROAD,REAR END,DIVIDED - W/MEDIAN (NOT RAISED),UNKNOWN,FOLLOWING TOO CLOSELY,NOT APPLICABLE,0,0,0,0,14,2,7,437,DIVISION ST,41.707589,-87.596189,07/18/2022 03:43:00 PM,2022
CR00020508,04/04/2023 08:45:00 PM,45,CLEAR,DAYLIGHT,REAR END,NOT DIVIDED,TRAFFIC SIGNAL,WEATHER,UNABLE TO DETERMINE,0,0,0,0,20,3,4,174,ARCHER AVE,41.790297,-87.604462,04/04/2023 09:40:00 PM,2023
CR00020509,08/30/2020 04:28:00 AM,15,CLEAR,DARKNESS - LIGHTED ROAD,PEDESTRIAN,DIVIDED - W/MEDIAN (NOT RAISED),YIELD,DRIVING SKILLS/KNOWLEDGE/EXPERIENCE,UNABLE TO DETERMINE,0,0,1,1,4,1,8,2064,LAKE SHORE DR,41.966351,-87.558808,08/30/2020 05:09:00 AM,2020
CR00020510,05/06/2018 04:38:00 PM,20,CLEAR,DAYLIGHT,SIDESWIPE SAME DIRECTION,DIVIDED - W/MEDIAN (NOT RAISED),STOP SIGN/FLASHER,FAILING TO REDUCE SPEED,IMPROPER LANE USAGE,0,0,1,1,16,1,5,400,MILWAUKEE AVE,41.979723,-87.732648,05/06/2018 05:37:00 PM,2018
CR00020511,07/16/2023 10:44:00 AM,20,SNOW,DARKNESS,FIXED OBJECT,FOUR WAY,TRAFFIC SIGNAL,DISREGARDING TRAFFIC SIGNALS,FOLLOWING TOO CLOSELY,0,0,0,0,10,1,7,180,DAMEN AVE,41.762916,-87.635605,07/16/2023 12:13:00 PM,2023
CR00020512,02/12/2018 04:55:00 PM,40,CLEAR,DARKNESS - LIGHTED ROAD,ANGLE,NOT DIVIDED,NO CONTROLS,UNABLE TO DETERMINE,DISTRACTION - FROM INSIDE VEHICLE,0,0,3,3,16,2,2,1187,DAMEN AVE,41.733674,-87.61702,02/12/2018 06:00:00 PM,2018
CR00020513,09/13/2019 06:47:00 PM,45,CLEAR,DAYLIGHT,REAR END,FOUR WAY,STOP SIGN/FLASHER,FOLLOWING TOO CLOSELY,WEATHER,0,0,0,0,18,6,9,818,CALIFORNIA AVE,41.712623,-87.545082,09/13/2019 07:57:00 PM,2019
CR00020514,01/26/2022 03:15:00 PM,20,CLEAR,DARKNESS - LIGHTED ROAD,REAR END,NOT DIVIDED,TRAFFIC SIGNAL,FOLLOWING TOO CLOSELY,FOLLOWING TOO CLOSELY,0,0,0,0,15,4,1,173,PULASKI RD,41.77619,-87.560352,01/26/2022 03:43:00 PM,2022
CR00020515,07/12/2022 06:46:00 AM,30,CLEAR,DAYLIGHT,REAR END,ONE-WAY,NO CONTROLS,FOLLOWING TOO CLOSELY,UNABLE TO DETERMINE,0,0,2,2,6,3,7,635,47TH ST,41.964097,-87.630664,07/12/2022 07:10:00 AM,2022
CR00020516,05/19/2020 01:53:00 PM,35,CLEAR,DAYLIGHT,REAR END,DIVIDED - W/MEDIAN (NOT RAISED),STOP SIGN/FLASHER,IMPROPER OVERTAKING/PASSING,FOLLOWING TOO CLOSELY,0,0,0,0,13,3,5,268,79TH ST,41.763609,-87.65391,05/19/2020 02:56:00 PM,2020
CR00020517,02/26/2022 03:34:00 AM,40,RAIN,DAYLIGHT,PARKED MOTOR VEHICLE,NOT DIVIDED,TRAFFIC SIGNAL,IMPROPER OVERTAKING/PASSING,UNABLE TO DETERMINE,0,0,0,0,3,7,2,1214,CALIFORNIA AVE,41.795977,-87.600395,02/26/2022 04:54:00 AM,2022
CR00020518,06/06/2020 03:31:00 PM,15,CLEAR,DARKNESS - LIGHTED ROAD,REAR END,DIVIDED - W/MEDIAN (NOT RAISED),TRAFFIC SIGNAL,UNABLE TO DETERMINE,NOT APPLICABLE,0,0,0,0,15,7,6,1819,DIVISION ST,41.904738,-87.803443,06/06/2020 05:19:00 PM,2020
CR00020519,02/21/2018 01:21:00 AM,30,CLEAR,DAYLIGHT,TURNING,NOT DIVIDED,NO CONTROLS,FAILING TO YIELD RIGHT-OF-WAY,UNABLE TO DETERMINE,0,0,1,1,1,4,2,1326,CICERO AVE,41.781292,-87.808812,02/21/2018 01:41:00 AM,2018
CR00020520,03/09/2019 07:24:00 AM,30,CLEAR,DAYLIGHT,TURNING,NOT DIVIDED,TRAFFIC SIGNAL,IMPROPER OVERTAKING/PASSING,UNABLE TO DETERMINE,0,0,0,0,7,7,3,890,CLARK ST,41.745442,-87.57961,03/09/2019 08:13:00 AM,2019
CR00020521,01/22/2017 10:23:00 AM,35,CLEAR,DUSK,REAR END,NOT DIVIDED,TRAFFIC SIGNAL,UNABLE TO DETERMINE,FAILING TO REDUCE SPEED,0,0,0,0,10,1,1,493,DAMEN AVE,41.771224,-87.841457,01/22/2017 11:19:00 AM,2017
CR00020522,02/13/2015 10:48:00 AM,30,CLEAR,DAYLIGHT,REAR END,NOT DIVIDED,TRAFFIC SIGNAL,UNABLE TO DETERMINE,UNABLE TO DETERMINE,0,0,0,0,10,6,2,2217,STONY ISLAND AVE,41.857323,-87.589869,02/13/2015 11:31:00 AM,2015
CR00020523,05/03/2019 01:50:00 AM,40,CLEAR,DAYLIGHT,PARKED MOTOR VEHICLE,DIVIDED - W/MEDIAN (NOT RAISED),UNKNOWN,UNABLE TO DETERMINE,FOLLOWING TOO CLOSELY,0,0,0,0,1,6,5,226,LAKE SHORE DR,41.979455,-87.836774,05/03/2019 03:37:00 AM,2019
CR00020524,03/11/2021 08:22:00 PM,30,CLEAR,DARKNESS - LIGHTED ROAD,PEDESTRIAN,NOT DIVIDED,NO CONTROLS,WEATHER,DRIVING SKILLS/KNOWLEDGE/EXPERIENCE,0,0,0,0,20,5,3,223,FULLERTON AVE,41.899785,-87.651963,03/11/2021 09:57:00 PM,2021
CR00020525,05/23/2024 11:28:00 AM,15,CLEAR,DUSK,REAR END,DIVIDED - W/MEDIAN (NOT RAISED),NO CONTROLS,IMPROPER OVERTAKING/PASSING,IMPROPER LANE USAGE,0,0,0,0,11,5,5,1475,HALSTED ST,41.942136,-87.574674,05/23/2024 12:56:00 PM,2024
CR00020526,08/06/2021 09:39:00 AM,20,CLEAR,DARKNESS - LIGHTED ROAD,REAR TO FRONT,DIVIDED - W/MEDIAN (NOT RAISED),NO CONTROLS,DISREGARDING TRAFFIC SIGNALS,FOLLOWING TOO CLOSELY,0,0,1,1,9,6,8,1553,OGDEN AVE,41.987348,-87.683005,08/06/2021 10:02:00 AM,2021
CR00020527,03/26/2017 06:49:00 PM,15,SNOW,DARKNESS - LIGHTED ROAD,FIXED OBJECT,DIVIDED - W/MEDIAN BARRIER,NO CONTROLS,UNABLE TO DETERMINE,FAILING TO YIELD RIGHT-OF-WAY,0,0,0,0,18,1,3,912,ARCHER AVE,41.773119,-87.56893,03/26/2017 06:58:00 PM,2017
CR00020528,07/13/2022 10:51:00 PM,45,CLEAR,DAYLIGHT,SIDESWIPE SAME DIRECTION,DIVIDED - W/MEDIAN (NOT RAISED),TRAFFIC SIGNAL,UNABLE TO DETERMINE,UNABLE TO DETERMINE,0,0,0,0,22,4,7,678,STATE ST,41.928355,-87.843667,07/13/2022 11:13:00 PM,2022
CR00020529,07/02/2018 04:19:00 PM,30,CLEAR,DARKNESS - LIGHTED ROAD,ANGLE,DIVIDED - W/MEDIAN BARRIER,UNKNOWN,FOLLOWING TOO CLOSELY,UNABLE TO DETERMINE,0,0,0,0,16,2,7,1620,MILWAUKEE AVE,41.869,-87.778853,07/02/2018 04:23:00 PM,2018
CR00020530,05/30/2024 12:42:00 PM,30,CLEAR,DAYLIGHT,REAR END,NOT DIVIDED,NO CONTROLS,DISTRACTION - FROM INSIDE VEHICLE,DISREGARDING TRAFFIC SIGNALS,0,0,0,0,12,5,5,2254,HALSTED ST,41.787947,-87.567973,05/30/2024 02:41:00 PM,2024
CR00020531,05/16/2023 08:08:00 AM,45,SNOW,DAYLIGHT,ANGLE,DIVIDED - W/MEDIAN (NOT RAISED),TRAFFIC SIGNAL,IMPROPER LANE USAGE,FOLLOWING TOO CLOSELY,0,0,0,0,8,3,5,620,PULASKI RD,41.931329,-87.798537,05/16/2023 08:22:00 AM,2023
CR00020532,11/18/2020 04:00:00 PM,30,CLEAR,DAYLIGHT,REAR END,DIVIDED - W/MEDIAN (NOT RAISED),STOP SIGN/FLASHER,UNABLE TO DETERMINE,FAILING TO YIELD RIGHT-OF-WAY,0,0,0,0,16,4,11,252,BROADWAY,41.946061,-87.612622,11/18/2020 05:13:00 PM,2020
CR00020533,02/09/2024 05:33:00 PM,40,RAIN,DAYLIGHT,ANGLE,NOT DIVIDED,NO CONTROLS,FOLLOWING TOO CLOSELY,UNABLE TO DETERMINE,0,0,0,0,17,6,2,2225,IRVING PARK RD,41.839076,-87.773025,02/09/2024 06:32:00 PM,2024
CR00020534,04/11/2020 02:04:00 PM,40,CLEAR,DAYLIGHT,REAR END,DIVIDED - W/MEDIAN (NOT RAISED),TRAFFIC SIGNAL,IMPROPER OVERTAKING/PASSING,NOT APPLICABLE,0,0,1,1,14,7,4,309,CLARK ST,41.848968,-87.598797,04/11/2020 03:14:00 PM,2020
CR00020535,06/13/2021 08:02:00 PM,20,FOG/SMOKE/HAZE,DAYLIGHT,TURNING,NOT DIVIDED,UNKNOWN,UNABLE TO DETERMINE,NOT APPLICABLE,0,0,0,0,20,1,6,1682,CALIFORNIA AVE,41.705003,-87.643358,06/13/2021 09:29:00 PM,2021
CR00020536,05/22/2024 11:59:00 AM,25,RAIN,DAYLIGHT,ANGLE,NOT DIVIDED,NO CONTROLS,IMPROPER LANE USAGE,FOLLOWING TOO CLOSELY,0,0,0,0,11,4,5,1627,MILWAUKEE AVE,41.839839,-87.847709,05/22/2024 12:30:00 PM,2024
CR00020537,11/17/2016 10:53:00 AM,15,CLEAR,DAYLIGHT,SIDESWIPE SAME DIRECTION,NOT DIVIDED,TRAFFIC SIGNAL,UNABLE TO DETERMINE,WEATHER,0,0,0,0,10,5,11,1686,CICERO AVE,41.963925,-87.512053,11/17/2016 11:03:00 AM,2016
CR00020538,04/30/2016 10:44:00 PM,15,CLEAR,DAYLIGHT,SIDESWIPE SAME DIRECTION,DIVIDED - W/MEDIAN BARRIER,NO CONTROLS,IMPROPER OVERTAKING/PASSING,IMPROPER LANE USAGE,0,0,0,0,22,7,4,2371,BROADWAY,41.964604,-87.713758,04/30/2016 11:30:00 PM,2016
CR00020539,07/04/2016 06:57:00 PM,30,CLEAR,DAYLIGHT,ANGLE,DIVIDED - W/MEDIAN (NOT RAISED),NO CONTROLS,IMPROPER OVERTAKING/PASSING,NOT APPLICABLE,0,0,0,0,18,2,7,1333,ARCHER AVE,41.926612,-87.594512,07/04/2016 07:12:00 PM,2016
CR00020540,07/18/2016 07:40:00 AM,40,CLEAR,DAYLIGHT,ANGLE,ONE-WAY,STOP SIGN/FLASHER,FAILING TO REDUCE SPEED,NOT APPLICABLE,0,0,0,0,7,2,7,181,LAKE SHORE DR,41.804076,-87.681661,07/18/2016 08:51:00 AM,2016
CR00020541,07/07/2020 12:39:00 AM,20,SNOW,DAYLIGHT,TURNING,ONE-WAY,TRAFFIC SIGNAL,FAILING TO REDUCE SPEED,UNABLE TO DETERMINE,0,0,0,0,0,3,7,320,BROADWAY,41.851142,-87.506975,07/07/2020 01:50:00 AM,2020
CR00020542,07/26/2017 04:12:00 PM,45,RAIN,DAYLIGHT,REAR TO FRONT,DIVIDED - W/MEDIAN (NOT RAISED),TRAFFIC SIGNAL,DISREGARDING TRAFFIC SIGNALS,FAILING TO REDUCE SPEED,0,0,0,0,16,4,7,1490,CICERO AVE,41.711057,-87.60415,07/26/2017 04:29:00 PM,2017
CR00020543,08/14/2020 06:21:00 PM,30,RAIN,DARKNESS,REAR END,NOT DIVIDED,STOP SIGN/FLASHER,DISTRACTION - FROM INSIDE VEHICLE,UNABLE TO DETERMINE,0,0,0,0,18,6,8,2159,63RD ST,41.905312,-87.684804,08/14/2020 08:16:00 PM,2020
CR00020544,05/28/2023 06:57:00 PM,30,CLEAR,DAYLIGHT,REAR END,NOT DIVIDED,STOP SIGN/FLASHER,IMPROPER LANE USAGE,FAILING TO REDUCE SPEED,0,0,0,0,18,1,5,717,DAMEN AVE,41.783927,-87.730033,05/28/2023 08:34:00 PM,2023
CR00020545,06/29/2018 06:17:00 AM,15,CLEAR,DAYLIGHT,PARKED MOTOR VEHICLE,DIVIDED - W/MEDIAN (NOT RAISED),TRAFFIC SIGNAL,IMPROPER OVERTAKING/PASSING,IMPROPER OVERTAKING/PASSING,0,0,0,0,6,6,6,1990,KEDZIE AVE,41.73039,-87.568135,06/29/2018 08:14:00 AM,2018
CR00020546,09/21/2020 01:39:00 PM,40,CLEAR,DAYLIGHT,TURNING,DIVIDED - W/MEDIAN (NOT RAISED),TRAFFIC SIGNAL,FOLLOWING TOO CLOSELY,NOT APPLICABLE,0,0,0,0,13,2,9,1717,IRVING PARK RD,41.946684,-87.546637,09/21/2020 01:50:00 PM,2020
CR00020547,12/15/2016 04:07:00 PM,15,CLEAR,DAYLIGHT,ANGLE,DIVIDED - W/MEDIAN (NOT RAISED),STOP SIGN/FLASHER,FAILING TO YIELD RIGHT-OF-WAY,DRIVING SKILLS/KNOWLEDGE/EXPERIENCE,0,0,0,0,16,5,12,807,CLARK ST,41.780368,-87.664187,12/15/2016 05:34:00 PM,2016
CR00020548,09/19/2015 09:26:00 PM,35,CLOUDY/OVERCAST,DAYLIGHT,TURNING,NOT DIVIDED,NO CONTROLS,DISTRACTION - FROM INSIDE VEHICLE,FOLLOWING TOO CLOSELY,0,0,1,1,21,7,9,646,ASHLAND AVE,41.783055,-87.69568,09/19/2015 10:09:00 PM,2015
CR00020549,11/17/2016 11:12:00 PM,30,CLEAR,DARKNESS - LIGHTED ROAD,ANGLE,DIVIDED - W/MEDIAN (NOT RAISED),NO CONTROLS,UNABLE TO DETERMINE,DISTRACTION - FROM INSIDE VEHICLE,0,0,0,0,23,5,11,1648,WESTERN AVE,41.95045,-87.836052,11/17/2016 11:55:00 PM,2016
CR00020550,05/15/2018 04:30:00 PM,30,CLEAR,DAYLIGHT,PARKED MOTOR VEHICLE,DIVIDED - W/MEDIAN (NOT RAISED),NO CONTROLS,UNABLE TO DETERMINE,IMPROPER OVERTAKING/PASSING,0,0,0,0,16,3,5,742,CLARK ST,41.756242,-87.83513,05/15/2018 05:49:00 PM,2018
CR00020551,09/13/2018 06:48:00 PM,45,CLEAR,DAYLIGHT,ANGLE,ONE-WAY,TRAFFIC SIGNAL,DRIVING SKILLS/KNOWLEDGE/EXPERIENCE,FOLLOWING TOO CLOSELY,0,0,0,0,18,5,9,208,CALIFORNIA AVE,41.923401,-87.578082,09/13/2018 06:55:00 PM,2018
CR00020552,04/10/2015 08:33:00 AM,15,CLEAR,DARKNESS - LIGHTED ROAD,REAR END,NOT DIVIDED,STOP SIGN/FLASHER,UNABLE TO DETERMINE,FAILING TO YIELD RIGHT-OF-WAY,0,0,0,0,8,6,4,1601,IRVING PARK RD,41.890411,-87.637067,04/10/2015 10:19:00 AM,2015
CR00020553,12/31/2015 12:28:00 AM,30,CLEAR,DARKNESS - LIGHTED ROAD,FIXED OBJECT,NOT DIVIDED,TRAFFIC SIGNAL,UNABLE TO DETERMINE,IMPROPER OVERTAKING/PASSING,0,0,0,0,0,5,12,1731,63RD ST,41.964258,-87.50217,12/31/2015 01:49:00 AM,2015
CR00020554,03/24/2024 06:35:00 AM,20,CLOUDY/OVERCAST,DARKNESS - LIGHTED ROAD,REAR END,DIVIDED - W/MEDIAN BARRIER,NO CONTROLS,IMPROPER OVERTAKING/PASSING,IMPROPER LANE USAGE,0,0,0,0,6,1,3,2015,CALIFORNIA AVE,41.804848,-87.767255,03/24/2024 07:21:00 AM,2024
CR00020555,11/30/2016 01:46:00 PM,20,FREEZING RAIN/DRIZZLE,DAYLIGHT,PEDESTRIAN,FOUR WAY,NO CONTROLS,UNABLE TO DETERMINE,UNABLE TO DETERMINE,0,0,0,0,13,4,11,2065,BROADWAY,41.988189,-87.664617,11/30/2016 03:14:00 PM,2016
CR00020556,11/20/2021 06:37:00 PM,35,CLEAR,DAYLIGHT,REAR END,DIVIDED - W/MEDIAN BARRIER,NO CONTROLS,IMPROPER OVERTAKING/PASSING,NOT APPLICABLE,0,0,0,0,18,7,11,1035,STONY ISLAND AVE,41.996225,-87.661242,11/20/2021 07:48:00 PM,2021
CR00020557,04/13/2015 05:34:00 PM,35,CLEAR,DARKNESS - LIGHTED ROAD,ANGLE,DIVIDED - W/MEDIAN (NOT RAISED),NO CONTROLS,WEATHER,UNABLE TO DETERMINE,0,0,0,0,17,2,4,1039,DAMEN AVE,41.810684,-87.553648,04/13/2015 05:56:00 PM,2015
CR00020558,10/09/2022 08:36:00 AM,20,SNOW,DAWN,REAR END,NOT DIVIDED,TRAFFIC SIGNAL,UNABLE TO DETERMINE,DISTRACTION - FROM INSIDE VEHICLE,0,0,0,0,8,1,10,623,HALSTED ST,41.880528,-87.771189,10/09/2022 09:30:00 AM,2022
CR00020559,03/14/2015 12:18:00 AM,40,CLOUDY/OVERCAST,DAYLIGHT,ANGLE,NOT DIVIDED,TRAFFIC SIGNAL,FOLLOWING TOO CLOSELY,NOT APPLICABLE,0,0,3,3,0,7,3,510,63RD ST,41.954873,-87.58101,03/14/2015 12:48:00 AM,2015
CR00020560,04/21/2019 12:09:00 AM,35,CLEAR,DAYLIGHT,ANGLE,FOUR WAY,NO CONTROLS,IMPROPER OVERTAKING/PASSING,IMPROPER OVERTAKING/PASSING,0,2,3,5,0,1,4,1115,79TH ST,41.804674,-87.770283,04/21/2019 12:58:00 AM,2019
CR00020561,04/10/2021 11:19:00 PM,45,CLEAR,DARKNESS,PARKED MOTOR VEHICLE,NOT DIVIDED,NO CONTROLS,FAILING TO YIELD RIGHT-OF-WAY,NOT APPLICABLE,0,0,1,1,23,7,4,1447,OGDEN AVE,41.769202,-87.518393,04/11/2021 01:02:00 AM,2021
CR00020562,01/02/2021 08:16:00 PM,25,RAIN,DAYLIGHT,REAR END,NOT DIVIDED,NO CONTROLS,FAILING TO YIELD RIGHT-OF-WAY,IMPROPER OVERTAKING/PASSING,0,0,0,0,20,7,1,1236,ELSTON AVE,41.993212,-87.69055,01/02/2021 09:08:00 PM,2021
CR00020563,11/19/2023 09:15:00 AM,35,CLEAR,DARKNESS - LIGHTED ROAD,PEDESTRIAN,NOT DIVIDED,STOP SIGN/FLASHER,UNABLE TO DETERMINE,NOT APPLICABLE,0,0,1,1,9,1,11,747,DAMEN AVE,41.802905,-87.791961,11/19/2023 11:06:00 AM,2023
CR00020564,02/27/2022 06:26:00 PM,30,CLOUDY/OVERCAST,DAYLIGHT,PARKED MOTOR VEHICLE,FOUR WAY,NO CONTROLS,DRIVING SKILLS/KNOWLEDGE/EXPERIENCE,UNABLE TO DETERMINE,0,2,0,2,18,1,2,2069,BROADWAY,41.997468,-87.765942,02/27/2022 06:29:00 PM,2022
CR00020565,08/11/2017 11:41:00 AM,25,CLEAR,DAYLIGHT,ANGLE,DIVIDED - W/MEDIAN (NOT RAISED),NO CONTROLS,UNABLE TO DETERMINE,IMPROPER OVERTAKING/PASSING,0,0,0,0,11,6,8,1439,FULLERTON AVE,41.768986,-87.729628,08/11/2017 12:11:00 PM,2017
CR00020566,11/29/2016 03:16:00 PM,20,RAIN,DARKNESS - LIGHTED ROAD,TURNING,DIVIDED - W/MEDIAN BARRIER,NO CONTROLS,UNABLE TO DETERMINE,WEATHER,0,0,0,0,15,3,11,948,CALIFORNIA AVE,41.877275,-87.520243,11/29/2016 04:46:00 PM,2016
CR00020567,10/09/2015 04:29:00 PM,30,CLEAR,DARKNESS - LIGHTED ROAD,PARKED MOTOR VEHICLE,ONE-WAY,YIELD,UNABLE TO DETERMINE,FOLLOWING TOO CLOSELY,0,0,0,0,16,6,10,793,ARCHER AVE,41.769088,-87.820429,10/09/2015 05:47:00 PM,2015
CR00020568,08/19/2019 05:09:00 PM,30,RAIN,DAYLIGHT,REAR END,DIVIDED - W/MEDIAN BARRIER,NO CONTROLS,UNABLE TO DETERMINE,DISTRACTION - FROM INSIDE VEHICLE,0,0,0,0,17,2,8,1239,STONY ISLAND AVE,41.795123,-87.807206,08/19/2019 06:03:00 PM,2019
CR00020569,07/21/2023 09:50:00 AM,35,CLEAR,DARKNESS - LIGHTED ROAD,REAR TO FRONT,ONE-WAY,TRAFFIC SIGNAL,FAILING TO REDUCE SPEED,DISREGARDING TRAFFIC SIGNALS,0,0,0,0,9,6,7,2301,CALIFORNIA AVE,41.726782,-87.509671,07/21/2023 10:38:00 AM,2023