CRASH_RECORD_ID,CRASH_DATE,POSTED_SPEED_LIMIT,WEATHER_CONDITION,LIGHTING_CONDITION,FIRST_CRASH_TYPE,TRAFFICWAY_TYPE,TRAFFIC_CONTROL_DEVICE,PRIM_CONTRIBUTORY_CAUSE,SEC_CONTRIBUTORY_CAUSE,INJURIES_FATAL,INJURIES_INCAPACITATING,INJURIES_NON_INCAPACITATING,INJURIES_TOTAL,CRASH_HOUR,CRASH_DAY_OF_WEEK,CRASH_MONTH,BEAT_OF_OCCURRENCE,STREET_NAME,LATITUDE,LONGITUDE,DATE_POLICE_NOTIFIED,year
CR00020570,07/07/2022 08:32:00 AM,20,CLEAR,DAYLIGHT,FIXED OBJECT,NOT DIVIDED,TRAFFIC SIGNAL,DISTRACTION - FROM INSIDE VEHICLE,IMPROPER LANE USAGE,0,0,0,0,8,5,7,134,MILWAUKEE AVE,41.858862,-87.662662,07/07/2022 10:16:00 AM,2022
CR00020571,09/20/2024 10:45:00 PM,40,CLEAR,DARKNESS,TURNING,ONE-WAY,NO CONTROLS,FOLLOWING TOO CLOSELY,DRIVING SKILLS/KNOWLEDGE/EXPERIENCE,0,0,1,1,22,6,9,1180,CALIFORNIA AVE,41.937401,-87.62748,09/21/2024 12:28:00 AM,2024
CR00020572,03/19/2022 11:16:00 PM,40,CLEAR,DAYLIGHT,ANGLE,DIVIDED - W/MEDIAN (NOT RAISED),TRAFFIC SIGNAL,DISREGARDING TRAFFIC SIGNALS,DISTRACTION - FROM INSIDE VEHICLE,0,0,0,0,23,7,3,962,CALIFORNIA AVE,41.986428,-87.61722,03/19/2022 11:28:00 PM,2022
CR00020573,05/24/2016 07:24:00 PM,15,CLEAR,DUSK,SIDESWIPE SAME DIRECTION,DIVIDED - W/MEDIAN (NOT RAISED),STOP SIGN/FLASHER,FAILING TO REDUCE SPEED,DISREGARDING TRAFFIC SIGNALS,0,1,3,4,19,3,5,2200,ROOSEVELT RD,41.858663,-87.526994,05/24/2016 08:14:00 PM,2016
CR00020574,08/07/2016 01:58:00 PM,30,CLEAR,DAYLIGHT,SIDESWIPE SAME DIRECTION,ONE-WAY,STOP SIGN/FLASHER,DISTRACTION - FROM INSIDE VEHICLE,FAILING TO REDUCE SPEED,0,0,0,0,13,1,8,1756,CALIFORNIA AVE,41.902001,-87.528999,08/07/2016 03:31:00 PM,2016
CR00020575,12/23/2018 05:09:00 AM,15,CLEAR,DAYLIGHT,PEDESTRIAN,DIVIDED - W/MEDIAN BARRIER,TRAFFIC SIGNAL,UNABLE TO DETERMINE,NOT APPLICABLE,0,0,0,0,5,1,12,2068,FULLERTON AVE,41.707726,-87.805136,12/23/2018 05:27:00 AM,2018
CR00020576,12/06/2019 04:45:00 PM,20,CLEAR,DAYLIGHT,REAR TO FRONT,NOT DIVIDED,NO CONTROLS,UNABLE TO DETERMINE,FOLLOWING TOO CLOSELY,0,0,0,0,16,6,12,1696,WESTERN AVE,41.719865,-87.513241,12/06/2019 06:39:00 PM,2019
CR00020577,12/01/2019 11:13:00 PM,20,CLEAR,DAYLIGHT,SIDESWIPE SAME DIRECTION,DIVIDED - W/MEDIAN (NOT RAISED),NO CONTROLS,FOLLOWING TOO CLOSELY,DISREGARDING TRAFFIC SIGNALS,0,0,0,0,23,1,12,1579,FULLERTON AVE,41.907259,-87.530655,12/02/2019 12:46:00 AM,2019
CR00020578,03/18/2022 01:06:00 PM,20,CLEAR,DAYLIGHT,REAR END,NOT DIVIDED,TRAFFIC SIGNAL,FOLLOWING TOO CLOSELY,NOT APPLICABLE,0,0,0,0,13,6,3,2360,ELSTON AVE,41.841453,-87.840755,03/18/2022 01:58:00 PM,2022
CR00020579,01/21/2016 08:47:00 AM,35,CLEAR,DAYLIGHT,FIXED OBJECT,NOT DIVIDED,TRAFFIC SIGNAL,DISTRACTION - FROM INSIDE VEHICLE,DRIVING SKILLS/KNOWLEDGE/EXPERIENCE,0,0,3,3,8,5,1,2060,ARCHER AVE,41.86302,-87.743649,01/21/2016 10:18:00 AM,2016
CR00020580,10/07/2018 12:46:00 PM,35,CLEAR,DARKNESS - LIGHTED ROAD,PARKED MOTOR VEHICLE,NOT DIVIDED,NO CONTROLS,DISTRACTION - FROM INSIDE VEHICLE,NOT APPLICABLE,0,0,0,0,12,1,10,1879,47TH ST,41.710442,-87.662274,10/07/2018 12:59:00 PM,2018
CR00020581,05/10/2018 02:57:00 PM,20,CLEAR,DAYLIGHT,FIXED OBJECT,FOUR WAY,NO CONTROLS,DISREGARDING TRAFFIC SIGNALS,WEATHER,0,0,0,0,14,5,5,264,BROADWAY,41.924127,-87.62927,05/10/2018 04:30:00 PM,2018
CR00020582,05/19/2015 02:21:00 PM,35,CLOUDY/OVERCAST,DARKNESS - LIGHTED ROAD,SIDESWIPE SAME DIRECTION,FOUR WAY,NO CONTROLS,DISTRACTION - FROM INSIDE VEHICLE,DRIVING SKILLS/KNOWLEDGE/EXPERIENCE,0,0,0,0,14,3,5,109,PULASKI RD,41.98814,-87.729553,05/19/2015 02:56:00 PM,2015
CR00020583,05/30/2023 01:06:00 PM,35,CLEAR,DAYLIGHT,SIDESWIPE SAME DIRECTION,FOUR WAY,STOP SIGN/FLASHER,UNABLE TO DETERMINE,NOT APPLICABLE,0,0,0,0,13,3,5,1195,CLARK ST,41.720489,-87.541899,05/30/2023 01:56:00 PM,2023
CR00020584,02/24/2022 06:39:00 PM,30,FOG/SMOKE/HAZE,DAYLIGHT,REAR END,NOT DIVIDED,YIELD,DISTRACTION - FROM INSIDE VEHICLE,FAILING TO REDUCE SPEED,0,0,0,0,18,5,2,2110,OGDEN AVE,41.904395,-87.620102,02/24/2022 08:19:00 PM,2022
CR00020585,07/11/2024 10:11:00 AM,30,CLEAR,DAYLIGHT,SIDESWIPE SAME DIRECTION,NOT DIVIDED,NO CONTROLS,UNABLE TO DETERMINE,DISTRACTION - FROM INSIDE VEHICLE,0,0,0,0,10,5,7,1170,CICERO AVE,41.975458,-87.801551,07/11/2024 10:16:00 AM,2024
CR00020586,07/02/2023 12:46:00 PM,30,CLOUDY/OVERCAST,DARKNESS,REAR END,NOT DIVIDED,TRAFFIC SIGNAL,DRIVING SKILLS/KNOWLEDGE/EXPERIENCE,DRIVING SKILLS/KNOWLEDGE/EXPERIENCE,0,1,0,1,12,1,7,570,IRVING PARK RD,41.977682,-87.600597,07/02/2023 02:20:00 PM,2023
CR00020587,05/08/2020 06:39:00 PM,40,CLEAR,DARKNESS - LIGHTED ROAD,ANGLE,NOT DIVIDED,UNKNOWN,UNABLE TO DETERMINE,FAILING TO YIELD RIGHT-OF-WAY,0,0,0,0,18,6,5,1674,DAMEN AVE,41.732953,-87.56551,05/08/2020 08:06:00 PM,2020
CR00020588,09/22/2019 08:13:00 AM,25,CLEAR,DARKNESS - LIGHTED ROAD,ANGLE,NOT DIVIDED,STOP SIGN/FLASHER,UNABLE TO DETERMINE,UNABLE TO DETERMINE,0,0,0,0,8,1,9,395,CLARK ST,41.766805,-87.622186,09/22/2019 09:23:00 AM,2019
CR00020589,05/04/2022 01:22:00 PM,20,CLOUDY/OVERCAST,DARKNESS - LIGHTED ROAD,FIXED OBJECT,NOT DIVIDED,STOP SIGN/FLASHER,FAILING TO YIELD RIGHT-OF-WAY,UNABLE TO DETERMINE,0,0,0,0,13,4,5,1069,STONY ISLAND AVE,41.750362,-87.504452,05/04/2022 03:10:00 PM,2022
CR00020590,02/26/2020 06:19:00 PM,15,CLEAR,DAYLIGHT,PARKED MOTOR VEHICLE,DIVIDED - W/MEDIAN BARRIER,TRAFFIC SIGNAL,IMPROPER OVERTAKING/PASSING,FOLLOWING TOO CLOSELY,0,0,0,0,18,4,2,921,WESTERN AVE,41.791236,-87.505208,02/26/2020 06:39:00 PM,2020
CR00020591,10/14/2015 08:46:00 PM,35,CLEAR,DARKNESS - LIGHTED ROAD,TURNING,DIVIDED - W/MEDIAN (NOT RAISED),TRAFFIC SIGNAL,FAILING TO YIELD RIGHT-OF-WAY,UNABLE TO DETERMINE,0,0,0,0,20,4,10,2079,DAMEN AVE,41.839814,-87.810732,10/14/2015 08:49:00 PM,2015
CR00020592,02/11/2021 09:00:00 AM,25,CLEAR,DAYLIGHT,REAR END,DIVIDED - W/MEDIAN BARRIER,NO CONTROLS,DISREGARDING TRAFFIC SIGNALS,NOT APPLICABLE,0,0,1,1,9,5,2,911,ASHLAND AVE,41.861566,-87.52293,02/11/2021 10:08:00 AM,2021
CR00020593,09/23/2018 04:12:00 PM,30,RAIN,DAYLIGHT,ANGLE,NOT DIVIDED,YIELD,FAILING TO YIELD RIGHT-OF-WAY,DISREGARDING TRAFFIC SIGNALS,0,0,0,0,16,1,9,1448,WESTERN AVE,41.786226,-87.722183,09/23/2018 04:28:00 PM,2018
CR00020594,02/14/2021 06:15:00 PM,35,CLOUDY/OVERCAST,DAYLIGHT,SIDESWIPE SAME DIRECTION,FOUR WAY,NO CONTROLS,IMPROPER LANE USAGE,NOT APPLICABLE,0,0,0,0,18,1,2,1345,CICERO AVE,41.753994,-87.585719,02/14/2021 07:05:00 PM,2021
CR00020595,07/11/2019 11:49:00 AM,25,CLEAR,DAYLIGHT,TURNING,NOT DIVIDED,NO CONTROLS,FAILING TO YIELD RIGHT-OF-WAY,DISTRACTION - FROM INSIDE VEHICLE,0,0,0,0,11,5,7,925,OGDEN AVE,41.726168,-87.632612,07/11/2019 01:23:00 PM,2019
CR00020596,01/02/2015 11:28:00 PM,30,CLEAR,DARKNESS,REAR END,NOT DIVIDED,STOP SIGN/FLASHER,FOLLOWING TOO CLOSELY,FAILING TO REDUCE SPEED,0,0,0,0,23,6,1,1704,ARCHER AVE,41.936822,-87.753879,01/02/2015 11:50:00 PM,2015
CR00020597,03/22/2018 09:08:00 AM,35,CLEAR,DAYLIGHT,TURNING,ONE-WAY,STOP SIGN/FLASHER,IMPROPER OVERTAKING/PASSING,DISTRACTION - FROM INSIDE VEHICLE,0,0,0,0,9,5,3,665,KEDZIE AVE,41.776007,-87.714718,03/22/2018 10:32:00 AM,2018
CR00020598,11/06/2020 04:46:00 AM,30,CLOUDY/OVERCAST,DARKNESS - LIGHTED ROAD,ANGLE,NOT DIVIDED,STOP SIGN/FLASHER,FOLLOWING TOO CLOSELY,UNABLE TO DETERMINE,0,0,0,0,4,6,11,2124,CICERO AVE,41.965483,-87.735899,11/06/2020 05:46:00 AM,2020
CR00020599,06/12/2017 08:53:00 PM,45,CLEAR,DAYLIGHT,ANGLE,DIVIDED - W/MEDIAN (NOT RAISED),STOP SIGN/FLASHER,DISREGARDING TRAFFIC SIGNALS,FAILING TO YIELD RIGHT-OF-WAY,0,0,0,0,20,2,6,473,CLARK ST,41.969392,-87.809077,06/12/2017 09:50:00 PM,2017
CR00020600,09/13/2018 08:29:00 PM,30,CLEAR,DARKNESS - LIGHTED ROAD,SIDESWIPE SAME DIRECTION,T-INTERSECTION,NO CONTROLS,FAILING TO YIELD RIGHT-OF-WAY,NOT APPLICABLE,0,0,0,0,20,5,9,823,IRVING PARK RD,41.880901,-87.636936,09/13/2018 09:07:00 PM,2018
CR00020601,06/09/2021 08:21:00 AM,25,CLEAR,DAYLIGHT,TURNING,NOT DIVIDED,UNKNOWN,UNABLE TO DETERMINE,DISTRACTION - FROM INSIDE VEHICLE,0,0,0,0,8,4,6,574,IRVING PARK RD,41.893405,-87.740051,06/09/2021 09:58:00 AM,2021
CR00020602,05/03/2024 07:07:00 AM,20,CLEAR,DAYLIGHT,ANGLE,FOUR WAY,NO CONTROLS,IMPROPER OVERTAKING/PASSING,UNABLE TO DETERMINE,0,0,1,1,7,6,5,2106,WESTERN AVE,41.951796,-87.660916,05/03/2024 07:57:00 AM,2024
CR00020603,01/28/2023 05:34:00 PM,30,CLEAR,DARKNESS - LIGHTED ROAD,REAR END,DIVIDED - W/MEDIAN (NOT RAISED),UNKNOWN,IMPROPER OVERTAKING/PASSING,FAILING TO YIELD RIGHT-OF-WAY,0,0,0,0,17,7,1,2117,WESTERN AVE,41.827818,-87.72534,01/28/2023 07:09:00 PM,2023
CR00020604,04/07/2018 12:59:00 PM,35,CLEAR,DAYLIGHT,SIDESWIPE SAME DIRECTION,NOT DIVIDED,NO CONTROLS,UNABLE TO DETERMINE,UNABLE TO DETERMINE,0,0,0,0,12,7,4,539,STATE ST,41.880463,-87.78813,04/07/2018 01:17:00 PM,2018
CR00020605,12/26/2018 09:38:00 PM,35,SNOW,DARKNESS - LIGHTED ROAD,PEDESTRIAN,DIVIDED - W/MEDIAN (NOT RAISED),UNKNOWN,UNABLE TO DETERMINE,UNABLE TO DETERMINE,0,0,0,0,21,4,12,747,DAMEN AVE,41.9592,-87.691006,12/26/2018 10:03:00 PM,2018
CR00020606,01/20/2019 03:52:00 PM,25,CLEAR,DAYLIGHT,TURNING,DIVIDED - W/MEDIAN (NOT RAISED),STOP SIGN/FLASHER,FAILING TO REDUCE SPEED,FOLLOWING TOO CLOSELY,0,2,3,5,15,1,1,316,STONY ISLAND AVE,41.71262,-87.775282,01/20/2019 05:39:00 PM,2019
CR00020607,10/11/2020 07:54:00 PM,35,CLEAR,DAYLIGHT,REAR END,ONE-WAY,STOP SIGN/FLASHER,UNABLE TO DETERMINE,FAILING TO YIELD RIGHT-OF-WAY,0,0,0,0,19,1,10,653,CALIFORNIA AVE,41.754782,-87.500242,10/11/2020 08:03:00 PM,2020
CR00020608,03/26/2023 04:53:00 PM,35,CLEAR,DAYLIGHT,ANGLE,NOT DIVIDED,NO CONTROLS,UNABLE TO DETERMINE,DISREGARDING TRAFFIC SIGNALS,0,0,0,0,16,1,3,2256,BROADWAY,41.857176,-87.777354,03/26/2023 05:59:00 PM,2023
CR00020609,08/01/2017 04:22:00 PM,40,CLEAR,DAYLIGHT,REAR END,FOUR WAY,UNKNOWN,DISTRACTION - FROM INSIDE VEHICLE,FOLLOWING TOO CLOSELY,0,0,0,0,16,3,8,1207,79TH ST,41.707521,-87.825122,08/01/2017 05:25:00 PM,2017
CR00020610,08/04/2017 11:05:00 AM,45,CLEAR,DAYLIGHT,REAR END,NOT DIVIDED,NO CONTROLS,IMPROPER OVERTAKING/PASSING,UNABLE TO DETERMINE,0,0,0,0,11,6,8,321,BROADWAY,41.929926,-87.577564,08/04/2017 11:15:00 AM,2017
CR00020611,11/26/2015 07:41:00 AM,30,CLOUDY/OVERCAST,DAYLIGHT,ANGLE,NOT DIVIDED,NO CONTROLS,FAILING TO YIELD RIGHT-OF-WAY,FOLLOWING TOO CLOSELY,0,0,0,0,7,5,11,2135,OGDEN AVE,41.938771,-87.826929,11/26/2015 08:27:00 AM,2015
CR00020612,08/25/2021 10:45:00 AM,30,CLOUDY/OVERCAST,DAYLIGHT,REAR END,DIVIDED - W/MEDIAN (NOT RAISED),NO CONTROLS,FAILING TO YIELD RIGHT-OF-WAY,FAILING TO YIELD RIGHT-OF-WAY,0,1,0,1,10,4,8,1296,ASHLAND AVE,41.808217,-87.692462,08/25/2021 11:00:00 AM,2021
CR00020613,07/20/2022 05:16:00 PM,30,SNOW,DAYLIGHT,ANGLE,NOT DIVIDED,TRAFFIC SIGNAL,UNABLE TO DETERMINE,DISTRACTION - FROM INSIDE VEHICLE,0,0,0,0,17,4,7,2053,CICERO AVE,41.736191,-87.600991,07/20/2022 05:18:00 PM,2022
CR00020614,02/14/2015 09:00:00 AM,35,CLEAR,DAYLIGHT,TURNING,DIVIDED - W/MEDIAN (NOT RAISED),STOP SIGN/FLASHER,UNABLE TO DETERMINE,WEATHER,0,0,1,1,9,7,2,2016,MICHIGAN AVE,41.737845,-87.717296,02/14/2015 10:18:00 AM,2015
CR00020615,01/13/2019 06:41:00 PM,20,CLEAR,DUSK,TURNING,DIVIDED - W/MEDIAN (NOT RAISED),STOP SIGN/FLASHER,UNABLE TO DETERMINE,FAILING TO YIELD RIGHT-OF-WAY,0,0,2,2,18,1,1,1763,WESTERN AVE,41.851104,-87.565828,01/13/2019 07:49:00 PM,2019
CR00020616,11/19/2022 02:07:00 PM,15,SNOW,DAYLIGHT,SIDESWIPE SAME DIRECTION,T-INTERSECTION,NO CONTROLS,FAILING TO YIELD RIGHT-OF-WAY,NOT APPLICABLE,0,0,1,1,14,7,11,827,HALSTED ST,41.77787,-87.527373,11/19/2022 03:59:00 PM,2022
CR00020617,11/06/2015 07:18:00 AM,35,RAIN,DARKNESS - LIGHTED ROAD,TURNING,T-INTERSECTION,TRAFFIC SIGNAL,FAILING TO YIELD RIGHT-OF-WAY,NOT APPLICABLE,0,0,0,0,7,6,11,694,47TH ST,41.857826,-87.601207,11/06/2015 08:02:00 AM,2015
CR00020618,08/21/2020 06:05:00 PM,30,CLEAR,DAYLIGHT,REAR TO FRONT,NOT DIVIDED,TRAFFIC SIGNAL,IMPROPER OVERTAKING/PASSING,IMPROPER LANE USAGE,0,0,1,1,18,6,8,1380,MICHIGAN AVE,41.873757,-87.567208,08/21/2020 06:18:00 PM,2020
CR00020619,10/30/2024 06:02:00 AM,20,CLEAR,DAYLIGHT,ANGLE,NOT DIVIDED,STOP SIGN/FLASHER,FAILING TO REDUCE SPEED,IMPROPER OVERTAKING/PASSING,0,0,0,0,6,4,10,752,DIVISION ST,41.731691,-87.625831,10/30/2024 07:48:00 AM,2024
CR00020620,03/27/2020 03:23:00 PM,35,CLEAR,DARKNESS,TURNING,FOUR WAY,NO CONTROLS,IMPROPER OVERTAKING/PASSING,UNABLE TO DETERMINE,0,0,0,0,15,6,3,1743,DAMEN AVE,41.841049,-87.666968,03/27/2020 03:27:00 PM,2020
CR00020621,12/01/2016 02:05:00 AM,35,CLEAR,DARKNESS,ANGLE,NOT DIVIDED,UNKNOWN,DISTRACTION - FROM INSIDE VEHICLE,FAILING TO YIELD RIGHT-OF-WAY,0,0,0,0,2,5,12,1385,MICHIGAN AVE,41.87925,-87.709473,12/01/2016 04:03:00 AM,2016
CR00020622,02/25/2019 04:35:00 AM,35,CLEAR,DAYLIGHT,TURNING,DIVIDED - W/MEDIAN (NOT RAISED),STOP SIGN/FLASHER,FAILING TO YIELD RIGHT-OF-WAY,UNABLE TO DETERMINE,0,0,0,0,4,2,2,1151,STATE ST,41.976746,-87.546002,02/25/2019 05:15:00 AM,2019
CR00020623,02/17/2019 11:10:00 AM,30,CLEAR,DAYLIGHT,REAR END,NOT DIVIDED,TRAFFIC SIGNAL,IMPROPER LANE USAGE,DISTRACTION - FROM INSIDE VEHICLE,0,0,0,0,11,1,2,2041,63RD ST,41.810905,-87.540937,02/17/2019 11:28:00 AM,2019
CR00020624,06/18/2019 01:14:00 AM,15,CLEAR,DAYLIGHT,REAR END,NOT DIVIDED,TRAFFIC SIGNAL,IMPROPER OVERTAKING/PASSING,FAILING TO YIELD RIGHT-OF-WAY,0,0,0,0,1,3,6,328,63RD ST,41.928369,-87.750171,06/18/2019 02:56:00 AM,2019
CR00020625,12/30/2018 05:58:00 PM,30,CLEAR,DARKNESS - LIGHTED ROAD,ANGLE,NOT DIVIDED,NO CONTROLS,FOLLOWING TOO CLOSELY,IMPROPER OVERTAKING/PASSING,0,0,0,0,17,1,12,1194,MILWAUKEE AVE,41.800915,-87.654987,12/30/2018 06:27:00 PM,2018
CR00020626,11/13/2016 07:52:00 AM,35,CLEAR,DARKNESS - LIGHTED ROAD,REAR END,NOT DIVIDED,STOP SIGN/FLASHER,IMPROPER OVERTAKING/PASSING,WEATHER,0,0,0,0,7,1,11,545,ARCHER AVE,41.843983,-87.700883,11/13/2016 09:00:00 AM,2016
CR00020627,02/03/2017 05:29:00 AM,30,CLEAR,DAYLIGHT,REAR END,DIVIDED - W/MEDIAN (NOT RAISED),YIELD,UNABLE TO DETERMINE,NOT APPLICABLE,0,0,0,0,5,6,2,903,ELSTON AVE,41.752535,-87.644542,02/03/2017 05:51:00 AM,2017
CR00020628,08/31/2024 05:24:00 PM,40,CLEAR,DAYLIGHT,TURNING,DIVIDED - W/MEDIAN (NOT RAISED),STOP SIGN/FLASHER,FAILING TO YIELD RIGHT-OF-WAY,NOT APPLICABLE,0,0,0,0,17,7,8,1862,STONY ISLAND AVE,41.758821,-87.652775,08/31/2024 07:01:00 PM,2024
CR00020629,04/23/2017 09:43:00 AM,20,CLEAR,DARKNESS - LIGHTED ROAD,REAR TO FRONT,NOT DIVIDED,TRAFFIC SIGNAL,FAILING TO YIELD RIGHT-OF-WAY,DRIVING SKILLS/KNOWLEDGE/EXPERIENCE,0,0,0,0,9,1,4,2245,79TH ST,41.719354,-87.634509,04/23/2017 09:48:00 AM,2017
CR00020630,05/15/2022 02:54:00 AM,30,CLEAR,DAYLIGHT,ANGLE,DIVIDED - W/MEDIAN (NOT RAISED),NO CONTROLS,IMPROPER OVERTAKING/PASSING,FOLLOWING TOO CLOSELY,0,0,0,0,2,1,5,1975,OGDEN AVE,41.908602,-87.812931,05/15/2022 04:41:00 AM,2022
CR00020631,09/12/2018 01:44:00 AM,30,CLEAR,DAYLIGHT,REAR END,ONE-WAY,NO CONTROLS,FAILING TO YIELD RIGHT-OF-WAY,NOT APPLICABLE,0,0,0,0,1,4,9,2008,ROOSEVELT RD,41.855431,-87.73977,09/12/2018 02:08:00 AM,2018
CR00020632,03/20/2017 09:33:00 AM,30,CLEAR,DAYLIGHT,TURNING,NOT DIVIDED,NO CONTROLS,FOLLOWING TOO CLOSELY,FAILING TO REDUCE SPEED,0,0,0,0,9,2,3,1653,79TH ST,41.755868,-87.668496,03/20/2017 10:48:00 AM,2017
CR00020633,10/15/2016 06:13:00 PM,15,CLEAR,DARKNESS - LIGHTED ROAD,REAR END,NOT DIVIDED,NO CONTROLS,UNABLE TO DETERMINE,IMPROPER LANE USAGE,0,0,0,0,18,7,10,1095,OGDEN AVE,41.740699,-87.738537,10/15/2016 07:44:00 PM,2016
CR00020634,07/18/2024 06:27:00 AM,35,RAIN,DAWN,SIDESWIPE SAME DIRECTION,NOT DIVIDED,TRAFFIC SIGNAL,UNABLE TO DETERMINE,UNABLE TO DETERMINE,0,0,0,0,6,5,7,683,IRVING PARK RD,41.916006,-87.590214,07/18/2024 07:10:00 AM,2024
CR00020635,04/16/2020 03:56:00 PM,30,CLEAR,DAYLIGHT,SIDESWIPE SAME DIRECTION,T-INTERSECTION,UNKNOWN,DRIVING SKILLS/KNOWLEDGE/EXPERIENCE,FAILING TO REDUCE SPEED,0,0,0,0,15,5,4,971,KEDZIE AVE,41.811547,-87.71742,04/16/2020 04:24:00 PM,2020
CR00020636,07/17/2015 07:22:00 AM,25,CLEAR,DAYLIGHT,ANGLE,NOT DIVIDED,NO CONTROLS,UNABLE TO DETERMINE,UNABLE TO DETERMINE,0,0,1,1,7,6,7,560,PULASKI RD,41.865972,-87.76133,07/17/2015 08:40:00 AM,2015
CR00020637,11/30/2023 08:02:00 PM,35,CLEAR,DAYLIGHT,SIDESWIPE SAME DIRECTION,DIVIDED - W/MEDIAN BARRIER,STOP SIGN/FLASHER,IMPROPER OVERTAKING/PASSING,UNABLE TO DETERMINE,0,0,0,0,20,5,11,2517,LAKE SHORE DR,41.922694,-87.825175,11/30/2023 08:38:00 PM,2023
CR00020638,07/08/2016 05:29:00 PM,20,RAIN,DAYLIGHT,TURNING,DIVIDED - W/MEDIAN (NOT RAISED),TRAFFIC SIGNAL,UNABLE TO DETERMINE,UNABLE TO DETERMINE,0,0,0,0,17,6,7,1863,DAMEN AVE,41.884472,-87.823255,07/08/2016 06:49:00 PM,2016
CR00020639,08/27/2017 06:53:00 PM,30,SNOW,DAYLIGHT,REAR END,NOT DIVIDED,TRAFFIC SIGNAL,UNABLE TO DETERMINE,UNABLE TO DETERMINE,0,0,0,0,18,1,8,2360,KEDZIE AVE,41.720581,-87.587784,08/27/2017 07:00:00 PM,2017
CR00020640,11/19/2019 12:33:00 PM,35,CLEAR,DAYLIGHT,REAR END,NOT DIVIDED,TRAFFIC SIGNAL,DISTRACTION - FROM INSIDE VEHICLE,FAILING TO YIELD RIGHT-OF-WAY,0,0,0,0,12,3,11,2134,WESTERN AVE,41.751851,-87.772583,11/19/2019 12:35:00 PM,2019
CR00020641,03/28/2015 12:00:00 PM,15,RAIN,DAYLIGHT,TURNING,FOUR WAY,STOP SIGN/FLASHER,FAILING TO YIELD RIGHT-OF-WAY,FAILING TO YIELD RIGHT-OF-WAY,0,0,1,1,12,7,3,410,HALSTED ST,41.986934,-87.677864,03/28/2015 01:10:00 PM,2015
CR00020642,03/26/2018 02:35:00 AM,30,FOG/SMOKE/HAZE,DARKNESS - LIGHTED ROAD,REAR END,NOT DIVIDED,TRAFFIC SIGNAL,UNABLE TO DETERMINE,IMPROPER LANE USAGE,0,0,0,0,2,2,3,2045,PULASKI RD,41.729497,-87.629517,03/26/2018 03:59:00 AM,2018
CR00020643,09/15/2016 12:30:00 AM,35,CLOUDY/OVERCAST,DAWN,FIXED OBJECT,NOT DIVIDED,UNKNOWN,IMPROPER OVERTAKING/PASSING,DRIVING SKILLS/KNOWLEDGE/EXPERIENCE,0,0,0,0,0,5,9,1633,ASHLAND AVE,41.853153,-87.844252,09/15/2016 12:55:00 AM,2016
CR00020644,04/25/2020 05:21:00 PM,45,CLEAR,DAYLIGHT,TURNING,NOT DIVIDED,NO CONTROLS,IMPROPER OVERTAKING/PASSING,UNABLE TO DETERMINE,0,0,0,0,17,7,4,347,79TH ST,41.843629,-87.802416,04/25/2020 06:01:00 PM,2020
CR00020645,11/09/2022 02:04:00 PM,40,CLEAR,DARKNESS - LIGHTED ROAD,TURNING,ONE-WAY,NO CONTROLS,DRIVING SKILLS/KNOWLEDGE/EXPERIENCE,FOLLOWING TOO CLOSELY,0,0,0,0,14,4,11,1301,CALIFORNIA AVE,41.713778,-87.598139,11/09/2022 04:03:00 PM,2022
CR00020646,02/14/2020 02:59:00 PM,30,CLEAR,DAYLIGHT,ANGLE,NOT DIVIDED,TRAFFIC SIGNAL,FAILING TO YIELD RIGHT-OF-WAY,IMPROPER OVERTAKING/PASSING,0,0,0,0,14,6,2,1836,OGDEN AVE,41.860794,-87.695018,02/14/2020 03:15:00 PM,2020
CR00020647,09/19/2017 12:46:00 PM,35,SNOW,DAYLIGHT,ANGLE,DIVIDED - W/MEDIAN (NOT RAISED),STOP SIGN/FLASHER,UNABLE TO DETERMINE,UNABLE TO DETERMINE,0,0,0,0,12,3,9,1878,BROADWAY,41.878072,-87.765817,09/19/2017 01:30:00 PM,2017
CR00020648,08/20/2019 12:23:00 AM,20,SNOW,DARKNESS - LIGHTED ROAD,SIDESWIPE SAME DIRECTION,NOT DIVIDED,STOP SIGN/FLASHER,UNABLE TO DETERMINE,DRIVING SKILLS/KNOWLEDGE/EXPERIENCE,0,0,0,0,0,3,8,992,BROADWAY,41.864175,-87.618552,08/20/2019 01:57:00 AM,2019
CR00020649,07/26/2021 08:50:00 PM,30,RAIN,DARKNESS,PEDESTRIAN,DIVIDED - W/MEDIAN (NOT RAISED),NO CONTROLS,FOLLOWING TOO CLOSELY,DISTRACTION - FROM INSIDE VEHICLE,0,0,2,2,20,2,7,243,ARCHER AVE,41.829969,-87.507057,07/26/2021 10:16:00 PM,2021
CR00020650,06/10/2022 03:22:00 AM,30,CLEAR,DAYLIGHT,REAR END,NOT DIVIDED,YIELD,UNABLE TO DETERMINE,UNABLE TO DETERMINE,0,0,0,0,3,6,6,293,MILWAUKEE AVE,41.987852,-87.681673,06/10/2022 04:27:00 AM,2022
CR00020651,10/22/2015 04:07:00 AM,30,CLEAR,DAWN,SIDESWIPE SAME DIRECTION,DIVIDED - W/MEDIAN (NOT RAISED),TRAFFIC SIGNAL,IMPROPER OVERTAKING/PASSING,UNABLE TO DETERMINE,0,0,3,3,4,5,10,481,MILWAUKEE AVE,41.842025,-87.709117,10/22/2015 04:13:00 AM,2015