CRASH_RECORD_ID,CRASH_DATE,POSTED_SPEED_LIMIT,WEATHER_CONDITION,LIGHTING_CONDITION,FIRST_CRASH_TYPE,TRAFFICWAY_TYPE,TRAFFIC_CONTROL_DEVICE,PRIM_CONTRIBUTORY_CAUSE,SEC_CONTRIBUTORY_CAUSE,INJURIES_FATAL,INJURIES_INCAPACITATING,INJURIES_NON_INCAPACITATING,INJURIES_TOTAL,CRASH_HOUR,CRASH_DAY_OF_WEEK,CRASH_MONTH,BEAT_OF_OCCURRENCE,STREET_NAME,LATITUDE,LONGITUDE,DATE_POLICE_NOTIFIED,year
CR00020652,02/03/2016 07:35:00 PM,40,CLEAR,DAYLIGHT,REAR END,ONE-WAY,NO CONTROLS,FAILING TO YIELD RIGHT-OF-WAY,UNABLE TO DETERMINE,0,1,1,2,19,4,2,2257,CALIFORNIA AVE,41.974504,-87.678944,02/03/2016 07:59:00 PM,2016
CR00020653,08/19/2016 05:13:00 PM,25,RAIN,DAYLIGHT,REAR END,T-INTERSECTION,STOP SIGN/FLASHER,UNABLE TO DETERMINE,UNABLE TO DETERMINE,0,0,0,0,17,6,8,357,CALIFORNIA AVE,41.923774,-87.562758,08/19/2016 05:30:00 PM,2016
CR00020654,12/11/2018 01:43:00 PM,30,RAIN,DARKNESS,REAR END,NOT DIVIDED,UNKNOWN,UNABLE TO DETERMINE,FOLLOWING TOO CLOSELY,0,0,0,0,13,3,12,1356,STONY ISLAND AVE,41.927219,-87.842034,12/11/2018 03:37:00 PM,2018
CR00020655,09/01/2022 04:37:00 PM,25,CLEAR,DAYLIGHT,REAR END,NOT DIVIDED,UNKNOWN,IMPROPER LANE USAGE,UNABLE TO DETERMINE,0,0,0,0,16,5,9,2190,CICERO AVE,41.736264,-87.796507,09/01/2022 05:55:00 PM,2022
CR00020656,10/29/2019 07:48:00 AM,30,RAIN,DAYLIGHT,TURNING,DIVIDED - W/MEDIAN BARRIER,NO CONTROLS,UNABLE TO DETERMINE,NOT APPLICABLE,0,0,0,0,7,3,10,2486,KEDZIE AVE,41.796728,-87.516445,10/29/2019 09:06:00 AM,2019
CR00020657,01/07/2022 11:49:00 AM,25,CLEAR,DARKNESS,ANGLE,DIVIDED - W/MEDIAN (NOT RAISED),STOP SIGN/FLASHER,FAILING TO YIELD RIGHT-OF-WAY,UNABLE TO DETERMINE,0,0,0,0,11,6,1,457,PULASKI RD,41.919399,-87.778861,01/07/2022 12:05:00 PM,2022
CR00020658,07/31/2021 03:25:00 PM,30,CLEAR,DARKNESS - LIGHTED ROAD,PARKED MOTOR VEHICLE,NOT DIVIDED,TRAFFIC SIGNAL,UNABLE TO DETERMINE,IMPROPER OVERTAKING/PASSING,0,0,0,0,15,7,7,2119,STATE ST,41.8591,-87.754915,07/31/2021 04:33:00 PM,2021
CR00020659,05/26/2022 05:52:00 PM,25,CLOUDY/OVERCAST,DARKNESS - LIGHTED ROAD,ANGLE,ONE-WAY,TRAFFIC SIGNAL,UNABLE TO DETERMINE,UNABLE TO DETERMINE,0,0,0,0,17,5,5,675,KEDZIE AVE,41.868678,-87.64096,05/26/2022 06:16:00 PM,2022
CR00020660,08/31/2017 07:14:00 PM,35,RAIN,DAYLIGHT,TURNING,ONE-WAY,TRAFFIC SIGNAL,DRIVING SKILLS/KNOWLEDGE/EXPERIENCE,DISTRACTION - FROM INSIDE VEHICLE,0,0,0,0,19,5,8,2464,ELSTON AVE,41.855659,-87.731322,08/31/2017 09:09:00 PM,2017
CR00020661,04/22/2023 08:21:00 AM,35,CLEAR,DAYLIGHT,REAR END,ONE-WAY,NO CONTROLS,IMPROPER LANE USAGE,UNABLE TO DETERMINE,0,0,0,0,8,7,4,2135,STONY ISLAND AVE,41.872192,-87.79279,04/22/2023 08:45:00 AM,2023
CR00020662,06/05/2019 10:39:00 PM,25,CLOUDY/OVERCAST,DARKNESS - LIGHTED ROAD,REAR END,NOT DIVIDED,STOP SIGN/FLASHER,FAILING TO REDUCE SPEED,IMPROPER OVERTAKING/PASSING,0,0,0,0,22,4,6,263,ROOSEVELT RD,41.999969,-87.5075,06/06/2019 12:15:00 AM,2019
CR00020663,01/11/2019 09:03:00 AM,30,CLEAR,DAYLIGHT,ANGLE,NOT DIVIDED,STOP SIGN/FLASHER,UNABLE TO DETERMINE,UNABLE TO DETERMINE,0,0,0,0,9,6,1,1157,STATE ST,41.740719,-87.760995,01/11/2019 09:12:00 AM,2019
CR00020664,05/18/2019 06:11:00 PM,25,SNOW,DAWN,FIXED OBJECT,DIVIDED - W/MEDIAN BARRIER,TRAFFIC SIGNAL,DRIVING SKILLS/KNOWLEDGE/EXPERIENCE,UNABLE TO DETERMINE,0,0,3,3,18,7,5,1780,MICHIGAN AVE,41.984644,-87.773346,05/18/2019 07:57:00 PM,2019
CR00020665,02/03/2019 03:35:00 AM,15,CLEAR,DARKNESS - LIGHTED ROAD,SIDESWIPE SAME DIRECTION,T-INTERSECTION,NO CONTROLS,IMPROPER OVERTAKING/PASSING,FAILING TO REDUCE SPEED,0,0,1,1,3,1,2,2481,STONY ISLAND AVE,41.830703,-87.653096,02/03/2019 04:19:00 AM,2019
CR00020666,08/03/2023 07:04:00 AM,25,CLEAR,DAYLIGHT,SIDESWIPE SAME DIRECTION,NOT DIVIDED,STOP SIGN/FLASHER,FOLLOWING TOO CLOSELY,NOT APPLICABLE,0,0,0,0,7,5,8,1879,CICERO AVE,41.926641,-87.718722,08/03/2023 08:12:00 AM,2023
CR00020667,09/10/2022 08:20:00 AM,30,CLEAR,DAYLIGHT,TURNING,ONE-WAY,TRAFFIC SIGNAL,FAILING TO YIELD RIGHT-OF-WAY,FAILING TO YIELD RIGHT-OF-WAY,0,0,0,0,8,7,9,2139,47TH ST,41.783873,-87.811488,09/10/2022 08:49:00 AM,2022
CR00020668,06/24/2018 10:28:00 AM,30,CLEAR,DARKNESS - LIGHTED ROAD,REAR END,NOT DIVIDED,TRAFFIC SIGNAL,FAILING TO YIELD RIGHT-OF-WAY,UNABLE TO DETERMINE,0,0,0,0,10,1,6,852,STONY ISLAND AVE,41.968165,-87.539393,06/24/2018 11:49:00 AM,2018
CR00020669,11/01/2021 04:13:00 PM,45,RAIN,DAYLIGHT,REAR END,NOT DIVIDED,YIELD,FOLLOWING TOO CLOSELY,FOLLOWING TOO CLOSELY,0,0,0,0,16,2,11,199,STONY ISLAND AVE,41.811783,-87.592505,11/01/2021 05:19:00 PM,2021
CR00020670,12/12/2024 08:19:00 PM,30,CLEAR,DAYLIGHT,SIDESWIPE SAME DIRECTION,NOT DIVIDED,TRAFFIC SIGNAL,FOLLOWING TOO CLOSELY,FOLLOWING TOO CLOSELY,0,0,0,0,20,5,12,1840,DIVISION ST,41.994189,-87.661086,12/12/2024 09:45:00 PM,2024
CR00020671,06/21/2022 11:38:00 AM,35,FREEZING RAIN/DRIZZLE,DAYLIGHT,ANGLE,DIVIDED - W/MEDIAN BARRIER,TRAFFIC SIGNAL,UNABLE TO DETERMINE,UNABLE TO DETERMINE,0,0,0,0,11,3,6,1769,DAMEN AVE,41.800466,-87.614541,06/21/2022 01:01:00 PM,2022
CR00020672,06/05/2015 02:11:00 AM,30,FOG/SMOKE/HAZE,DAYLIGHT,REAR END,DIVIDED - W/MEDIAN BARRIER,TRAFFIC SIGNAL,FAILING TO REDUCE SPEED,DRIVING SKILLS/KNOWLEDGE/EXPERIENCE,0,0,0,0,2,6,6,480,FULLERTON AVE,41.986629,-87.840005,06/05/2015 04:06:00 AM,2015
CR00020673,07/19/2021 11:27:00 PM,30,CLEAR,DAYLIGHT,REAR END,ONE-WAY,NO CONTROLS,FAILING TO YIELD RIGHT-OF-WAY,UNABLE TO DETERMINE,0,0,0,0,23,2,7,1148,PULASKI RD,41.883133,-87.603686,07/19/2021 11:40:00 PM,2021
CR00020674,03/10/2016 07:59:00 PM,25,FREEZING RAIN/DRIZZLE,DARKNESS - LIGHTED ROAD,TURNING,NOT DIVIDED,NO CONTROLS,FOLLOWING TOO CLOSELY,FOLLOWING TOO CLOSELY,0,0,0,0,19,5,3,1161,63RD ST,41.777306,-87.769685,03/10/2016 08:07:00 PM,2016
CR00020675,06/03/2022 11:23:00 AM,45,CLEAR,DARKNESS - LIGHTED ROAD,TURNING,DIVIDED - W/MEDIAN BARRIER,TRAFFIC SIGNAL,FOLLOWING TOO CLOSELY,DISTRACTION - FROM INSIDE VEHICLE,0,0,0,0,11,6,6,952,ELSTON AVE,41.889453,-87.789591,06/03/2022 11:52:00 AM,2022
CR00020676,09/21/2017 08:19:00 AM,40,CLOUDY/OVERCAST,DARKNESS - LIGHTED ROAD,ANGLE,NOT DIVIDED,STOP SIGN/FLASHER,UNABLE TO DETERMINE,UNABLE TO DETERMINE,0,1,3,4,8,5,9,1774,LAKE SHORE DR,41.832528,-87.68794,09/21/2017 08:51:00 AM,2017
CR00020677,05/26/2015 08:56:00 AM,40,CLEAR,DAYLIGHT,REAR TO FRONT,T-INTERSECTION,NO CONTROLS,UNABLE TO DETERMINE,UNABLE TO DETERMINE,0,0,0,0,8,3,5,268,CLARK ST,41.765647,-87.575248,05/26/2015 10:33:00 AM,2015
CR00020678,06/06/2018 04:53:00 PM,45,CLEAR,DARKNESS - LIGHTED ROAD,REAR END,DIVIDED - W/MEDIAN BARRIER,NO CONTROLS,DRIVING SKILLS/KNOWLEDGE/EXPERIENCE,FOLLOWING TOO CLOSELY,0,0,0,0,16,4,6,409,WESTERN AVE,41.797995,-87.765919,06/06/2018 06:48:00 PM,2018
CR00020679,02/22/2024 04:31:00 PM,35,CLEAR,DAYLIGHT,ANGLE,ONE-WAY,NO CONTROLS,UNABLE TO DETERMINE,UNABLE TO DETERMINE,0,0,2,2,16,5,2,1421,OGDEN AVE,41.9465,-87.719799,02/22/2024 05:57:00 PM,2024
CR00020680,04/05/2017 08:03:00 PM,30,CLEAR,DUSK,TURNING,NOT DIVIDED,UNKNOWN,FOLLOWING TOO CLOSELY,IMPROPER OVERTAKING/PASSING,0,0,1,1,20,4,4,1392,HALSTED ST,41.835917,-87.812817,04/05/2017 09:15:00 PM,2017
CR00020681,05/09/2017 04:31:00 PM,30,CLEAR,DAYLIGHT,PEDESTRIAN,ONE-WAY,NO CONTROLS,FAILING TO YIELD RIGHT-OF-WAY,WEATHER,0,0,0,0,16,3,5,176,CICERO AVE,41.912422,-87.775145,05/09/2017 05:14:00 PM,2017
CR00020682,04/16/2018 05:52:00 PM,15,CLOUDY/OVERCAST,DAYLIGHT,SIDESWIPE SAME DIRECTION,NOT DIVIDED,NO CONTROLS,UNABLE TO DETERMINE,DRIVING SKILLS/KNOWLEDGE/EXPERIENCE,0,0,0,0,17,2,4,2288,CALIFORNIA AVE,41.764953,-87.652587,04/16/2018 07:28:00 PM,2018
CR00020683,02/19/2017 07:24:00 AM,35,RAIN,DARKNESS,PEDESTRIAN,ONE-WAY,YIELD,DISREGARDING TRAFFIC SIGNALS,UNABLE TO DETERMINE,0,0,0,0,7,1,2,2423,STATE ST,41.928283,-87.68639,02/19/2017 08:51:00 AM,2017
CR00020684,03/25/2022 02:25:00 PM,35,CLEAR,DAYLIGHT,SIDESWIPE SAME DIRECTION,NOT DIVIDED,NO CONTROLS,DISTRACTION - FROM INSIDE VEHICLE,UNABLE TO DETERMINE,0,0,0,0,14,6,3,283,FULLERTON AVE,41.79334,-87.68277,03/25/2022 03:28:00 PM,2022
CR00020685,06/12/2023 01:50:00 PM,25,CLEAR,DAYLIGHT,REAR TO FRONT,DIVIDED - W/MEDIAN (NOT RAISED),NO CONTROLS,UNABLE TO DETERMINE,FOLLOWING TOO CLOSELY,0,2,2,4,13,2,6,416,ELSTON AVE,41.907967,-87.733488,06/12/2023 03:19:00 PM,2023
CR00020686,07/09/2015 12:23:00 PM,20,CLEAR,DAYLIGHT,SIDESWIPE SAME DIRECTION,DIVIDED - W/MEDIAN (NOT RAISED),NO CONTROLS,DISTRACTION - FROM INSIDE VEHICLE,NOT APPLICABLE,0,0,0,0,12,5,7,230,47TH ST,41.861315,-87.552646,07/09/2015 01:03:00 PM,2015
CR00020687,06/07/2021 08:32:00 AM,35,CLEAR,DAYLIGHT,REAR END,DIVIDED - W/MEDIAN (NOT RAISED),STOP SIGN/FLASHER,FOLLOWING TOO CLOSELY,FOLLOWING TOO CLOSELY,0,0,0,0,8,2,6,1151,WESTERN AVE,41.961024,-87.647754,06/07/2021 10:08:00 AM,2021
CR00020688,01/17/2016 12:18:00 AM,15,CLEAR,DAYLIGHT,REAR END,ONE-WAY,TRAFFIC SIGNAL,FOLLOWING TOO CLOSELY,UNABLE TO DETERMINE,0,0,0,0,0,1,1,544,DAMEN AVE,41.92276,-87.599468,01/17/2016 01:11:00 AM,2016
CR00020689,10/01/2022 11:57:00 PM,40,CLEAR,DARKNESS,ANGLE,NOT DIVIDED,TRAFFIC SIGNAL,UNABLE TO DETERMINE,FAILING TO REDUCE SPEED,0,0,0,0,23,7,10,390,FULLERTON AVE,41.738306,-87.684624,10/02/2022 12:27:00 AM,2022
CR00020690,07/12/2023 11:29:00 PM,30,CLEAR,DARKNESS - LIGHTED ROAD,TURNING,ONE-WAY,STOP SIGN/FLASHER,FOLLOWING TOO CLOSELY,IMPROPER OVERTAKING/PASSING,0,0,2,2,23,4,7,106,HALSTED ST,41.771723,-87.694005,07/13/2023 12:58:00 AM,2023
CR00020691,11/24/2019 03:05:00 PM,40,CLEAR,DAYLIGHT,ANGLE,ONE-WAY,TRAFFIC SIGNAL,FOLLOWING TOO CLOSELY,UNABLE TO DETERMINE,0,0,0,0,15,1,11,983,ELSTON AVE,41.900503,-87.7947,11/24/2019 04:29:00 PM,2019
CR00020692,06/10/2020 07:52:00 AM,40,RAIN,DAYLIGHT,TURNING,DIVIDED - W/MEDIAN (NOT RAISED),NO CONTROLS,UNABLE TO DETERMINE,FOLLOWING TOO CLOSELY,0,0,0,0,7,4,6,2320,HALSTED ST,41.810573,-87.507904,06/10/2020 09:39:00 AM,2020
CR00020693,03/04/2017 04:56:00 PM,35,CLEAR,DAYLIGHT,PEDESTRIAN,DIVIDED - W/MEDIAN BARRIER,NO CONTROLS,WEATHER,UNABLE TO DETERMINE,0,0,2,2,16,7,3,2103,63RD ST,41.793046,-87.647593,03/04/2017 06:51:00 PM,2017
CR00020694,02/22/2019 05:09:00 AM,15,RAIN,DAYLIGHT,TURNING,NOT DIVIDED,PEDESTRIAN CROSSING SIGN,DRIVING SKILLS/KNOWLEDGE/EXPERIENCE,DISTRACTION - FROM INSIDE VEHICLE,0,0,0,0,5,6,2,817,WESTERN AVE,41.845757,-87.794833,02/22/2019 05:59:00 AM,2019
CR00020695,01/12/2023 12:38:00 PM,35,CLOUDY/OVERCAST,DUSK,TURNING,ONE-WAY,TRAFFIC SIGNAL,FAILING TO REDUCE SPEED,DRIVING SKILLS/KNOWLEDGE/EXPERIENCE,0,0,0,0,12,5,1,171,63RD ST,41.74978,-87.718878,01/12/2023 12:59:00 PM,2023
CR00020696,11/27/2016 05:25:00 PM,30,CLEAR,DAYLIGHT,REAR END,FOUR WAY,TRAFFIC SIGNAL,FAILING TO REDUCE SPEED,DRIVING SKILLS/KNOWLEDGE/EXPERIENCE,0,0,0,0,17,1,11,282,LAKE SHORE DR,41.720338,-87.598051,11/27/2016 05:46:00 PM,2016
CR00020697,08/17/2018 04:55:00 AM,35,SNOW,DAYLIGHT,PARKED MOTOR VEHICLE,DIVIDED - W/MEDIAN (NOT RAISED),TRAFFIC SIGNAL,IMPROPER LANE USAGE,UNABLE TO DETERMINE,0,0,0,0,4,6,8,1971,MICHIGAN AVE,41.922007,-87.72764,08/17/2018 06:20:00 AM,2018
CR00020698,01/23/2019 06:41:00 PM,30,CLEAR,DAYLIGHT,TURNING,NOT DIVIDED,TRAFFIC SIGNAL,FAILING TO YIELD RIGHT-OF-WAY,FAILING TO YIELD RIGHT-OF-WAY,0,0,2,2,18,4,1,377,DIVISION ST,41.913341,-87.637196,01/23/2019 07:42:00 PM,2019
CR00020699,12/26/2021 04:29:00 PM,30,CLEAR,DUSK,SIDESWIPE SAME DIRECTION,ONE-WAY,NO CONTROLS,FOLLOWING TOO CLOSELY,DISTRACTION - FROM INSIDE VEHICLE,0,0,0,0,16,1,12,1593,CLARK ST,41.776845,-87.818534,12/26/2021 06:19:00 PM,2021
CR00020700,02/06/2023 01:20:00 AM,45,CLEAR,DAYLIGHT,PARKED MOTOR VEHICLE,NOT DIVIDED,STOP SIGN/FLASHER,UNABLE TO DETERMINE,UNABLE TO DETERMINE,0,0,0,0,1,2,2,714,IRVING PARK RD,41.770221,-87.625476,02/06/2023 01:56:00 AM,2023
CR00020701,03/15/2016 02:37:00 PM,20,CLEAR,DUSK,ANGLE,ONE-WAY,NO CONTROLS,UNABLE TO DETERMINE,IMPROPER LANE USAGE,0,0,0,0,14,3,3,1151,STONY ISLAND AVE,41.907575,-87.502538,03/15/2016 03:22:00 PM,2016
CR00020702,06/16/2018 08:29:00 PM,35,CLEAR,DAYLIGHT,ANGLE,FOUR WAY,NO CONTROLS,UNABLE TO DETERMINE,FOLLOWING TOO CLOSELY,0,0,0,0,20,7,6,1119,DAMEN AVE,41.963689,-87.661838,06/16/2018 09:54:00 PM,2018
CR00020703,11/19/2019 03:16:00 PM,25,CLEAR,DAYLIGHT,PEDESTRIAN,DIVIDED - W/MEDIAN (NOT RAISED),NO CONTROLS,UNABLE TO DETERMINE,DRIVING SKILLS/KNOWLEDGE/EXPERIENCE,0,0,0,0,15,3,11,627,CALIFORNIA AVE,41.773917,-87.542361,11/19/2019 05:00:00 PM,2019
CR00020704,12/23/2022 05:34:00 PM,25,FOG/SMOKE/HAZE,DAYLIGHT,REAR TO FRONT,DIVIDED - W/MEDIAN (NOT RAISED),STOP SIGN/FLASHER,DRIVING SKILLS/KNOWLEDGE/EXPERIENCE,UNABLE TO DETERMINE,0,0,0,0,17,6,12,1875,ROOSEVELT RD,41.909412,-87.658564,12/23/2022 06:26:00 PM,2022
CR00020705,06/09/2016 09:15:00 AM,30,CLEAR,DARKNESS - LIGHTED ROAD,REAR TO FRONT,DIVIDED - W/MEDIAN (NOT RAISED),TRAFFIC SIGNAL,IMPROPER OVERTAKING/PASSING,FOLLOWING TOO CLOSELY,0,0,0,0,9,5,6,2275,47TH ST,41.762207,-87.761592,06/09/2016 09:16:00 AM,2016
CR00020706,11/06/2016 04:53:00 PM,30,CLEAR,DAYLIGHT,REAR END,NOT DIVIDED,STOP SIGN/FLASHER,FAILING TO REDUCE SPEED,FAILING TO REDUCE SPEED,0,0,0,0,16,1,11,645,LAKE SHORE DR,41.759381,-87.673921,11/06/2016 04:54:00 PM,2016
CR00020707,10/07/2020 07:31:00 AM,30,CLEAR,DAYLIGHT,PEDESTRIAN,ONE-WAY,TRAFFIC SIGNAL,FOLLOWING TOO CLOSELY,DISREGARDING TRAFFIC SIGNALS,0,2,2,4,7,4,10,1506,79TH ST,41.885781,-87.759414,10/07/2020 09:08:00 AM,2020
CR00020708,10/13/2022 09:29:00 AM,35,CLEAR,DARKNESS - LIGHTED ROAD,TURNING,ONE-WAY,NO CONTROLS,IMPROPER LANE USAGE,IMPROPER LANE USAGE,0,0,3,3,9,5,10,1390,LAKE SHORE DR,41.859541,-87.823598,10/13/2022 10:41:00 AM,2022
CR00020709,08/30/2017 05:56:00 PM,35,CLEAR,DAYLIGHT,TURNING,DIVIDED - W/MEDIAN BARRIER,STOP SIGN/FLASHER,FAILING TO YIELD RIGHT-OF-WAY,IMPROPER LANE USAGE,0,0,0,0,17,4,8,1747,WESTERN AVE,41.797713,-87.561858,08/30/2017 06:00:00 PM,2017
CR00020710,11/19/2018 05:49:00 PM,30,RAIN,DAYLIGHT,PARKED MOTOR VEHICLE,NOT DIVIDED,TRAFFIC SIGNAL,DRIVING SKILLS/KNOWLEDGE/EXPERIENCE,UNABLE TO DETERMINE,0,0,0,0,17,2,11,2043,LAKE SHORE DR,41.777308,-87.822411,11/19/2018 06:03:00 PM,2018
CR00020711,12/11/2023 06:50:00 PM,30,CLEAR,DARKNESS - LIGHTED ROAD,FIXED OBJECT,DIVIDED - W/MEDIAN BARRIER,YIELD,UNABLE TO DETERMINE,FOLLOWING TOO CLOSELY,0,0,0,0,18,2,12,1846,DAMEN AVE,41.710502,-87.56448,12/11/2023 07:42:00 PM,2023
CR00020712,11/01/2017 02:38:00 PM,25,CLEAR,DARKNESS - LIGHTED ROAD,PARKED MOTOR VEHICLE,ONE-WAY,NO CONTROLS,FAILING TO YIELD RIGHT-OF-WAY,FAILING TO YIELD RIGHT-OF-WAY,0,0,1,1,14,4,11,527,LAKE SHORE DR,41.863804,-87.509823,11/01/2017 03:47:00 PM,2017
CR00020713,06/04/2016 04:07:00 PM,35,CLEAR,DAYLIGHT,REAR END,ONE-WAY,NO CONTROLS,DISTRACTION - FROM INSIDE VEHICLE,UNABLE TO DETERMINE,0,0,0,0,16,7,6,724,HALSTED ST,41.788165,-87.52024,06/04/2016 04:21:00 PM,2016
CR00020714,07/20/2024 07:48:00 PM,30,CLEAR,DAYLIGHT,SIDESWIPE SAME DIRECTION,ONE-WAY,STOP SIGN/FLASHER,UNABLE TO DETERMINE,FAILING TO YIELD RIGHT-OF-WAY,0,0,0,0,19,7,7,1804,MILWAUKEE AVE,41.760739,-87.803987,07/20/2024 08:56:00 PM,2024
CR00020715,07/05/2018 11:47:00 PM,30,CLEAR,DAYLIGHT,ANGLE,DIVIDED - W/MEDIAN (NOT RAISED),STOP SIGN/FLASHER,UNABLE TO DETERMINE,NOT APPLICABLE,0,0,0,0,23,5,7,2252,ARCHER AVE,41.984459,-87.751213,07/05/2018 11:54:00 PM,2018
CR00020716,01/13/2015 05:27:00 PM,35,RAIN,DAYLIGHT,TURNING,FOUR WAY,STOP SIGN/FLASHER,DISREGARDING TRAFFIC SIGNALS,IMPROPER OVERTAKING/PASSING,0,0,0,0,17,3,1,858,OGDEN AVE,41.758433,-87.58877,01/13/2015 07:25:00 PM,2015
CR00020717,08/09/2024 03:24:00 PM,20,CLEAR,DAYLIGHT,SIDESWIPE SAME DIRECTION,ONE-WAY,TRAFFIC SIGNAL,UNABLE TO DETERMINE,UNABLE TO DETERMINE,0,0,0,0,15,6,8,1833,KEDZIE AVE,41.774589,-87.531358,08/09/2024 05:08:00 PM,2024
CR00020718,05/23/2021 08:11:00 AM,35,CLEAR,DAYLIGHT,FIXED OBJECT,NOT DIVIDED,TRAFFIC SIGNAL,WEATHER,IMPROPER OVERTAKING/PASSING,0,0,0,0,8,1,5,933,MICHIGAN AVE,41.726044,-87.660536,05/23/2021 10:08:00 AM,2021
CR00020719,06/12/2022 06:54:00 PM,45,SNOW,DARKNESS - LIGHTED ROAD,TURNING,DIVIDED - W/MEDIAN BARRIER,NO CONTROLS,FAILING TO YIELD RIGHT-OF-WAY,UNABLE TO DETERMINE,0,0,0,0,18,1,6,2015,PULASKI RD,41.865011,-87.701851,06/12/2022 08:37:00 PM,2022
CR00020720,05/18/2023 03:44:00 PM,40,CLEAR,DUSK,SIDESWIPE SAME DIRECTION,ONE-WAY,NO CONTROLS,FAILING TO YIELD RIGHT-OF-WAY,IMPROPER OVERTAKING/PASSING,0,0,0,0,15,5,5,1480,HALSTED ST,41.872449,-87.51273,05/18/2023 04:08:00 PM,2023
CR00020721,09/19/2021 08:17:00 AM,30,CLEAR,DAYLIGHT,REAR END,NOT DIVIDED,TRAFFIC SIGNAL,IMPROPER OVERTAKING/PASSING,DISREGARDING TRAFFIC SIGNALS,0,0,0,0,8,1,9,2487,MICHIGAN AVE,41.861597,-87.527061,09/19/2021 09:53:00 AM,2021
CR00020722,03/20/2024 03:33:00 PM,45,FOG/SMOKE/HAZE,DAYLIGHT,PARKED MOTOR VEHICLE,ONE-WAY,TRAFFIC SIGNAL,IMPROPER LANE USAGE,FOLLOWING TOO CLOSELY,0,0,0,0,15,4,3,1162,CLARK ST,41.973204,-87.799123,03/20/2024 04:54:00 PM,2024
CR00020723,08/25/2016 11:18:00 AM,20,CLEAR,DAYLIGHT,REAR END,T-INTERSECTION,TRAFFIC SIGNAL,IMPROPER OVERTAKING/PASSING,FAILING TO YIELD RIGHT-OF-WAY,0,0,0,0,11,5,8,701,WESTERN AVE,41.77208,-87.560662,08/25/2016 01:18:00 PM,2016
CR00020724,12/12/2019 08:05:00 PM,30,CLEAR,DAYLIGHT,TURNING,NOT DIVIDED,TRAFFIC SIGNAL,IMPROPER LANE USAGE,NOT APPLICABLE,0,0,1,1,20,5,12,2289,ROOSEVELT RD,41.948493,-87.566113,12/12/2019 09:20:00 PM,2019
CR00020725,05/25/2021 08:51:00 AM,35,FOG/SMOKE/HAZE,DARKNESS - LIGHTED ROAD,TURNING,NOT DIVIDED,TRAFFIC SIGNAL,DISTRACTION - FROM INSIDE VEHICLE,FAILING TO YIELD RIGHT-OF-WAY,0,0,0,0,8,3,5,1278,KEDZIE AVE,41.966837,-87.745126,05/25/2021 09:16:00 AM,2021
CR00020726,07/03/2021 08:31:00 AM,45,CLEAR,DAYLIGHT,TURNING,NOT DIVIDED,NO CONTROLS,UNABLE TO DETERMINE,FAILING TO YIELD RIGHT-OF-WAY,0,0,0,0,8,7,7,348,ASHLAND AVE,41.968762,-87.533291,07/03/2021 09:19:00 AM,2021
CR00020727,08/02/2017 02:16:00 PM,15,CLEAR,DAYLIGHT,ANGLE,NOT DIVIDED,TRAFFIC SIGNAL,DRIVING SKILLS/KNOWLEDGE/EXPERIENCE,FAILING TO REDUCE SPEED,0,0,0,0,14,4,8,2021,STATE ST,41.73703,-87.749678,08/02/2017 04:10:00 PM,2017
CR00020728,10/18/2017 06:39:00 PM,30,FREEZING RAIN/DRIZZLE,DAYLIGHT,ANGLE,T-INTERSECTION,TRAFFIC SIGNAL,IMPROPER OVERTAKING/PASSING,FOLLOWING TOO CLOSELY,0,0,0,0,18,4,10,651,DIVISION ST,41.763417,-87.757498,10/18/2017 07:11:00 PM,2017
CR00020729,04/07/2023 08:39:00 AM,15,CLEAR,DARKNESS,REAR END,ONE-WAY,NO CONTROLS,UNABLE TO DETERMINE,UNABLE TO DETERMINE,0,0,0,0,8,6,4,330,STONY ISLAND AVE,41.968975,-87.64393,04/07/2023 09:39:00 AM,2023
CR00020730,12/17/2019 08:54:00 PM,40,CLEAR,DARKNESS,TURNING,DIVIDED - W/MEDIAN (NOT RAISED),TRAFFIC SIGNAL,FAILING TO YIELD RIGHT-OF-WAY,FAILING TO YIELD RIGHT-OF-WAY,0,0,1,1,20,3,12,2051,ELSTON AVE,41.837698,-87.63698,12/17/2019 09:11:00 PM,2019
CR00020731,04/22/2019 05:53:00 PM,35,CLEAR,DAYLIGHT,TURNING,DIVIDED - W/MEDIAN (NOT RAISED),NO CONTROLS,FAILING TO YIELD RIGHT-OF-WAY,UNABLE TO DETERMINE,0,0,3,3,17,2,4,706,IRVING PARK RD,41.868604,-87.683276,04/22/2019 06:00:00 PM,2019
CR00020732,10/15/2022 04:36:00 PM,35,CLEAR,DARKNESS - LIGHTED ROAD,PARKED MOTOR VEHICLE,NOT DIVIDED,NO CONTROLS,UNABLE TO DETERMINE,UNABLE TO DETERMINE,0,0,0,0,16,7,10,2002,79TH ST,41.748926,-87.84082,10/15/2022 05:36:00 PM,2022
CR00020733,10/20/2017 05:37:00 PM,25,CLEAR,DUSK,SIDESWIPE SAME DIRECTION,DIVIDED - W/MEDIAN (NOT RAISED),YIELD,UNABLE TO DETERMINE,UNABLE TO DETERMINE,0,0,0,0,17,6,10,1856,WESTERN AVE,41.846077,-87.779875,10/20/2017 05:52:00 PM,2017
CR00020734,11/18/2020 03:42:00 PM,25,RAIN,DARKNESS - LIGHTED ROAD,TURNING,NOT DIVIDED,NO CONTROLS,UNABLE TO DETERMINE,FOLLOWING TOO CLOSELY,0,0,0,0,15,4,11,2034,CALIFORNIA AVE,41.943823,-87.554167,11/18/2020 04:41:00 PM,2020