CRASH_RECORD_ID,CRASH_DATE,POSTED_SPEED_LIMIT,WEATHER_CONDITION,LIGHTING_CONDITION,FIRST_CRASH_TYPE,TRAFFICWAY_TYPE,TRAFFIC_CONTROL_DEVICE,PRIM_CONTRIBUTORY_CAUSE,SEC_CONTRIBUTORY_CAUSE,INJURIES_FATAL,INJURIES_INCAPACITATING,INJURIES_NON_INCAPACITATING,INJURIES_TOTAL,CRASH_HOUR,CRASH_DAY_OF_WEEK,CRASH_MONTH,BEAT_OF_OCCURRENCE,STREET_NAME,LATITUDE,LONGITUDE,DATE_POLICE_NOTIFIED,year
CR00020735,11/05/2024 10:45:00 PM,35,CLEAR,DARKNESS - LIGHTED ROAD,REAR TO FRONT,NOT DIVIDED,STOP SIGN/FLASHER,FOLLOWING TOO CLOSELY,NOT APPLICABLE,0,0,0,0,22,3,11,843,DAMEN AVE,41.996339,-87.679315,11/05/2024 11:52:00 PM,2024
CR00020736,08/18/2019 05:18:00 PM,30,RAIN,DARKNESS - LIGHTED ROAD,SIDESWIPE SAME DIRECTION,FOUR WAY,TRAFFIC SIGNAL,IMPROPER OVERTAKING/PASSING,DRIVING SKILLS/KNOWLEDGE/EXPERIENCE,0,0,0,0,17,1,8,1343,ARCHER AVE,41.735785,-87.72938,08/18/2019 05:28:00 PM,2019
CR00020737,01/16/2022 12:18:00 AM,45,CLEAR,DAYLIGHT,TURNING,NOT DIVIDED,UNKNOWN,FOLLOWING TOO CLOSELY,FOLLOWING TOO CLOSELY,0,0,0,0,0,1,1,1731,OGDEN AVE,41.869417,-87.710009,01/16/2022 12:49:00 AM,2022
CR00020738,02/17/2022 04:30:00 PM,45,CLEAR,DARKNESS - LIGHTED ROAD,PEDESTRIAN,DIVIDED - W/MEDIAN (NOT RAISED),STOP SIGN/FLASHER,FAILING TO YIELD RIGHT-OF-WAY,FAILING TO YIELD RIGHT-OF-WAY,0,0,0,0,16,5,2,1488,STATE ST,41.779792,-87.776382,02/17/2022 04:59:00 PM,2022
CR00020739,12/07/2016 09:14:00 AM,30,RAIN,DAYLIGHT,TURNING,NOT DIVIDED,STOP SIGN/FLASHER,UNABLE TO DETERMINE,UNABLE TO DETERMINE,0,0,2,2,9,4,12,1081,CICERO AVE,41.847836,-87.707068,12/07/2016 09:37:00 AM,2016
CR00020740,04/30/2017 05:36:00 PM,30,CLEAR,DAWN,PARKED MOTOR VEHICLE,DIVIDED - W/MEDIAN BARRIER,STOP SIGN/FLASHER,UNABLE TO DETERMINE,UNABLE TO DETERMINE,0,1,3,4,17,1,4,2332,47TH ST,41.775024,-87.832816,04/30/2017 07:36:00 PM,2017
CR00020741,11/25/2018 11:43:00 PM,40,CLEAR,DARKNESS - LIGHTED ROAD,SIDESWIPE SAME DIRECTION,T-INTERSECTION,TRAFFIC SIGNAL,DISTRACTION - FROM INSIDE VEHICLE,IMPROPER OVERTAKING/PASSING,0,0,0,0,23,1,11,224,OGDEN AVE,41.728498,-87.772647,11/26/2018 12:20:00 AM,2018
CR00020742,11/07/2017 08:46:00 AM,30,CLEAR,DARKNESS,SIDESWIPE SAME DIRECTION,FOUR WAY,NO CONTROLS,UNABLE TO DETERMINE,IMPROPER LANE USAGE,0,0,1,1,8,3,11,2284,79TH ST,41.783166,-87.521088,11/07/2017 09:19:00 AM,2017
CR00020743,05/15/2018 01:11:00 PM,40,CLEAR,DAYLIGHT,TURNING,DIVIDED - W/MEDIAN BARRIER,TRAFFIC SIGNAL,FAILING TO YIELD RIGHT-OF-WAY,FOLLOWING TOO CLOSELY,0,0,1,1,13,3,5,667,FULLERTON AVE,41.934286,-87.529391,05/15/2018 02:29:00 PM,2018
CR00020744,08/08/2024 04:47:00 PM,40,RAIN,DAYLIGHT,SIDESWIPE SAME DIRECTION,FOUR WAY,TRAFFIC SIGNAL,FAILING TO YIELD RIGHT-OF-WAY,NOT APPLICABLE,0,0,3,3,16,5,8,241,FULLERTON AVE,41.76028,-87.652531,08/08/2024 06:17:00 PM,2024
CR00020745,01/17/2016 09:34:00 PM,15,CLEAR,DARKNESS,SIDESWIPE SAME DIRECTION,ONE-WAY,TRAFFIC SIGNAL,UNABLE TO DETERMINE,FOLLOWING TOO CLOSELY,0,0,0,0,21,1,1,124,STONY ISLAND AVE,41.838346,-87.843649,01/17/2016 11:07:00 PM,2016
CR00020746,03/11/2023 02:33:00 PM,40,RAIN,DAYLIGHT,REAR END,DIVIDED - W/MEDIAN (NOT RAISED),STOP SIGN/FLASHER,FAILING TO REDUCE SPEED,UNABLE TO DETERMINE,0,0,0,0,14,7,3,2106,CLARK ST,41.819779,-87.501662,03/11/2023 03:28:00 PM,2023
CR00020747,12/30/2018 04:38:00 PM,20,CLEAR,DAYLIGHT,TURNING,DIVIDED - W/MEDIAN (NOT RAISED),NO CONTROLS,FOLLOWING TOO CLOSELY,FOLLOWING TOO CLOSELY,0,0,0,0,16,1,12,593,BROADWAY,41.889669,-87.716592,12/30/2018 06:10:00 PM,2018
CR00020748,12/20/2021 09:16:00 AM,20,CLEAR,DAYLIGHT,ANGLE,FOUR WAY,STOP SIGN/FLASHER,FAILING TO YIELD RIGHT-OF-WAY,FOLLOWING TOO CLOSELY,0,0,0,0,9,2,12,759,PULASKI RD,41.794607,-87.693107,12/20/2021 09:21:00 AM,2021
CR00020749,06/20/2024 07:28:00 AM,20,CLOUDY/OVERCAST,DARKNESS - LIGHTED ROAD,TURNING,NOT DIVIDED,NO CONTROLS,DISTRACTION - FROM INSIDE VEHICLE,DRIVING SKILLS/KNOWLEDGE/EXPERIENCE,0,0,0,0,7,5,6,1951,CALIFORNIA AVE,41.712482,-87.595949,06/20/2024 08:57:00 AM,2024
CR00020750,05/06/2016 05:22:00 PM,30,CLEAR,DAYLIGHT,REAR TO FRONT,NOT DIVIDED,STOP SIGN/FLASHER,DISREGARDING TRAFFIC SIGNALS,FOLLOWING TOO CLOSELY,0,2,3,5,17,6,5,922,63RD ST,41.856872,-87.824522,05/06/2016 05:32:00 PM,2016
CR00020751,05/17/2020 06:39:00 PM,40,CLEAR,DAYLIGHT,FIXED OBJECT,NOT DIVIDED,PEDESTRIAN CROSSING SIGN,FAILING TO YIELD RIGHT-OF-WAY,UNABLE TO DETERMINE,0,0,0,0,18,1,5,863,PULASKI RD,41.718781,-87.579422,05/17/2020 08:28:00 PM,2020
CR00020752,06/03/2022 09:23:00 AM,20,CLEAR,DAYLIGHT,REAR END,DIVIDED - W/MEDIAN (NOT RAISED),STOP SIGN/FLASHER,DISTRACTION - FROM INSIDE VEHICLE,DRIVING SKILLS/KNOWLEDGE/EXPERIENCE,0,0,0,0,9,6,6,2269,OGDEN AVE,41.89941,-87.550155,06/03/2022 10:25:00 AM,2022
CR00020753,07/30/2024 07:38:00 AM,15,CLEAR,DAYLIGHT,REAR END,DIVIDED - W/MEDIAN BARRIER,NO CONTROLS,FAILING TO YIELD RIGHT-OF-WAY,NOT APPLICABLE,0,0,0,0,7,3,7,1485,KEDZIE AVE,41.70584,-87.534346,07/30/2024 08:26:00 AM,2024
CR00020754,11/24/2016 08:04:00 AM,45,CLOUDY/OVERCAST,DAYLIGHT,SIDESWIPE SAME DIRECTION,DIVIDED - W/MEDIAN (NOT RAISED),TRAFFIC SIGNAL,IMPROPER OVERTAKING/PASSING,UNABLE TO DETERMINE,0,0,0,0,8,5,11,2207,ELSTON AVE,41.73705,-87.752363,11/24/2016 10:02:00 AM,2016
CR00020755,05/06/2015 09:07:00 AM,30,CLEAR,DAWN,REAR TO FRONT,DIVIDED - W/MEDIAN BARRIER,NO CONTROLS,FOLLOWING TOO CLOSELY,NOT APPLICABLE,0,0,0,0,9,4,5,725,79TH ST,41.846132,-87.680169,05/06/2015 09:48:00 AM,2015
CR00020756,03/08/2016 07:45:00 AM,30,CLEAR,DARKNESS - LIGHTED ROAD,TURNING,ONE-WAY,NO CONTROLS,DISREGARDING TRAFFIC SIGNALS,DRIVING SKILLS/KNOWLEDGE/EXPERIENCE,0,0,0,0,7,3,3,1428,LAKE SHORE DR,41.78561,-87.580015,03/08/2016 08:04:00 AM,2016
CR00020757,08/27/2021 07:18:00 AM,40,RAIN,DAYLIGHT,REAR END,NOT DIVIDED,NO CONTROLS,UNABLE TO DETERMINE,UNABLE TO DETERMINE,0,0,0,0,7,6,8,2464,FULLERTON AVE,41.761408,-87.604598,08/27/2021 07:31:00 AM,2021
CR00020758,01/01/2015 08:04:00 PM,30,RAIN,DARKNESS,SIDESWIPE SAME DIRECTION,DIVIDED - W/MEDIAN (NOT RAISED),TRAFFIC SIGNAL,FOLLOWING TOO CLOSELY,DISTRACTION - FROM INSIDE VEHICLE,0,0,0,0,20,5,1,1421,FULLERTON AVE,41.754843,-87.702245,01/01/2015 08:49:00 PM,2015
CR00020759,07/13/2016 04:02:00 PM,30,CLEAR,DARKNESS - LIGHTED ROAD,REAR END,ONE-WAY,NO CONTROLS,DRIVING SKILLS/KNOWLEDGE/EXPERIENCE,DISTRACTION - FROM INSIDE VEHICLE,0,0,0,0,16,4,7,2012,ELSTON AVE,41.825662,-87.623145,07/13/2016 04:42:00 PM,2016
CR00020760,06/17/2020 04:33:00 PM,45,CLEAR,DARKNESS - LIGHTED ROAD,PARKED MOTOR VEHICLE,FOUR WAY,TRAFFIC SIGNAL,FAILING TO YIELD RIGHT-OF-WAY,DRIVING SKILLS/KNOWLEDGE/EXPERIENCE,0,0,0,0,16,4,6,822,ASHLAND AVE,41.816568,-87.527685,06/17/2020 04:56:00 PM,2020
CR00020761,05/21/2023 07:39:00 AM,45,CLEAR,DAYLIGHT,REAR TO FRONT,DIVIDED - W/MEDIAN (NOT RAISED),TRAFFIC SIGNAL,WEATHER,IMPROPER LANE USAGE,0,0,0,0,7,1,5,1463,CLARK ST,41.826304,-87.533182,05/21/2023 08:58:00 AM,2023
CR00020762,07/29/2023 11:28:00 AM,30,CLEAR,DAYLIGHT,REAR END,DIVIDED - W/MEDIAN (NOT RAISED),NO CONTROLS,FAILING TO YIELD RIGHT-OF-WAY,FAILING TO YIELD RIGHT-OF-WAY,0,0,0,0,11,7,7,1523,WESTERN AVE,41.927632,-87.749047,07/29/2023 11:42:00 AM,2023
CR00020763,12/26/2021 04:34:00 PM,40,CLEAR,DAYLIGHT,ANGLE,DIVIDED - W/MEDIAN (NOT RAISED),NO CONTROLS,DISTRACTION - FROM INSIDE VEHICLE,FOLLOWING TOO CLOSELY,0,0,0,0,16,1,12,2313,CLARK ST,41.968274,-87.551461,12/26/2021 05:56:00 PM,2021
CR00020764,04/02/2023 12:58:00 PM,30,CLEAR,DUSK,ANGLE,DIVIDED - W/MEDIAN (NOT RAISED),STOP SIGN/FLASHER,UNABLE TO DETERMINE,FAILING TO YIELD RIGHT-OF-WAY,0,0,0,0,12,1,4,2072,WESTERN AVE,41.819637,-87.549306,04/02/2023 02:55:00 PM,2023
CR00020765,04/28/2021 02:38:00 PM,30,FREEZING RAIN/DRIZZLE,DAYLIGHT,TURNING,DIVIDED - W/MEDIAN BARRIER,TRAFFIC SIGNAL,FAILING TO YIELD RIGHT-OF-WAY,FAILING TO YIELD RIGHT-OF-WAY,0,1,1,2,14,4,4,851,ASHLAND AVE,41.99914,-87.606013,04/28/2021 03:42:00 PM,2021
CR00020766,12/22/2017 08:31:00 AM,30,FREEZING RAIN/DRIZZLE,DAYLIGHT,TURNING,DIVIDED - W/MEDIAN (NOT RAISED),UNKNOWN,FOLLOWING TOO CLOSELY,FOLLOWING TOO CLOSELY,0,0,0,0,8,6,12,956,KEDZIE AVE,41.754554,-87.738544,12/22/2017 09:09:00 AM,2017
CR00020767,05/10/2016 12:47:00 PM,20,CLEAR,DAYLIGHT,PEDESTRIAN,FOUR WAY,PEDESTRIAN CROSSING SIGN,WEATHER,UNABLE TO DETERMINE,0,0,0,0,12,3,5,1232,ARCHER AVE,41.791397,-87.565354,05/10/2016 02:17:00 PM,2016
CR00020768,06/03/2015 08:57:00 AM,30,CLEAR,DAYLIGHT,REAR END,NOT DIVIDED,TRAFFIC SIGNAL,DISREGARDING TRAFFIC SIGNALS,NOT APPLICABLE,0,0,0,0,8,4,6,827,OGDEN AVE,41.760195,-87.620839,06/03/2015 09:14:00 AM,2015
CR00020769,12/16/2022 08:52:00 AM,25,CLEAR,DAYLIGHT,PARKED MOTOR VEHICLE,FOUR WAY,STOP SIGN/FLASHER,UNABLE TO DETERMINE,UNABLE TO DETERMINE,0,0,0,0,8,6,12,356,ARCHER AVE,41.857627,-87.531846,12/16/2022 10:34:00 AM,2022
CR00020770,07/23/2019 05:23:00 PM,30,CLEAR,DUSK,REAR END,DIVIDED - W/MEDIAN BARRIER,NO CONTROLS,FAILING TO YIELD RIGHT-OF-WAY,DISTRACTION - FROM INSIDE VEHICLE,0,0,0,0,17,3,7,2218,STATE ST,41.864826,-87.677116,07/23/2019 05:24:00 PM,2019
CR00020771,04/03/2020 07:21:00 PM,45,CLOUDY/OVERCAST,DAWN,REAR END,ONE-WAY,NO CONTROLS,UNABLE TO DETERMINE,DRIVING SKILLS/KNOWLEDGE/EXPERIENCE,0,0,0,0,19,6,4,1266,ROOSEVELT RD,41.819655,-87.720108,04/03/2020 08:04:00 PM,2020
CR00020772,09/24/2024 11:10:00 PM,45,CLOUDY/OVERCAST,DUSK,TURNING,NOT DIVIDED,TRAFFIC SIGNAL,DRIVING SKILLS/KNOWLEDGE/EXPERIENCE,FAILING TO YIELD RIGHT-OF-WAY,0,0,0,0,23,3,9,1837,HALSTED ST,41.850879,-87.68771,09/25/2024 12:39:00 AM,2024
CR00020773,09/03/2022 05:28:00 AM,30,CLEAR,DAYLIGHT,PARKED MOTOR VEHICLE,NOT DIVIDED,PEDESTRIAN CROSSING SIGN,UNABLE TO DETERMINE,UNABLE TO DETERMINE,0,0,0,0,5,7,9,120,CLARK ST,41.956134,-87.791253,09/03/2022 07:03:00 AM,2022
CR00020774,09/28/2024 08:54:00 AM,40,CLEAR,DAYLIGHT,SIDESWIPE SAME DIRECTION,NOT DIVIDED,NO CONTROLS,FAILING TO YIELD RIGHT-OF-WAY,FOLLOWING TOO CLOSELY,0,0,0,0,8,7,9,1390,79TH ST,41.720015,-87.704943,09/28/2024 09:02:00 AM,2024
CR00020775,01/02/2018 08:52:00 AM,30,CLEAR,DAYLIGHT,ANGLE,NOT DIVIDED,NO CONTROLS,IMPROPER OVERTAKING/PASSING,NOT APPLICABLE,0,0,2,2,8,3,1,948,MILWAUKEE AVE,41.935304,-87.741177,01/02/2018 10:28:00 AM,2018
CR00020776,07/18/2016 08:25:00 AM,40,CLEAR,DAWN,FIXED OBJECT,NOT DIVIDED,NO CONTROLS,FAILING TO REDUCE SPEED,WEATHER,0,0,0,0,8,2,7,2216,MICHIGAN AVE,41.752922,-87.807319,07/18/2016 09:32:00 AM,2016
CR00020777,10/14/2016 04:45:00 PM,30,CLOUDY/OVERCAST,DAYLIGHT,TURNING,DIVIDED - W/MEDIAN BARRIER,TRAFFIC SIGNAL,IMPROPER LANE USAGE,DRIVING SKILLS/KNOWLEDGE/EXPERIENCE,0,0,0,0,16,6,10,741,ARCHER AVE,41.837894,-87.769489,10/14/2016 06:01:00 PM,2016
CR00020778,12/14/2017 09:36:00 AM,20,RAIN,DAYLIGHT,SIDESWIPE SAME DIRECTION,DIVIDED - W/MEDIAN (NOT RAISED),STOP SIGN/FLASHER,UNABLE TO DETERMINE,FAILING TO REDUCE SPEED,0,0,0,0,9,5,12,2259,WESTERN AVE,41.951857,-87.784435,12/14/2017 11:11:00 AM,2017
CR00020779,04/24/2015 04:54:00 PM,45,CLEAR,DARKNESS - LIGHTED ROAD,REAR END,NOT DIVIDED,NO CONTROLS,UNABLE TO DETERMINE,UNABLE TO DETERMINE,0,0,1,1,16,6,4,2369,FULLERTON AVE,41.845434,-87.681631,04/24/2015 06:40:00 PM,2015
CR00020780,08/09/2020 07:28:00 PM,30,CLEAR,DAYLIGHT,SIDESWIPE SAME DIRECTION,T-INTERSECTION,NO CONTROLS,DISTRACTION - FROM INSIDE VEHICLE,IMPROPER OVERTAKING/PASSING,0,0,0,0,19,1,8,679,BROADWAY,41.924599,-87.551512,08/09/2020 08:13:00 PM,2020
CR00020781,10/07/2017 08:07:00 AM,15,RAIN,DAYLIGHT,ANGLE,DIVIDED - W/MEDIAN (NOT RAISED),NO CONTROLS,UNABLE TO DETERMINE,NOT APPLICABLE,0,0,0,0,8,7,10,1755,OGDEN AVE,41.809878,-87.806105,10/07/2017 08:37:00 AM,2017
CR00020782,08/26/2016 04:45:00 PM,35,CLOUDY/OVERCAST,DAYLIGHT,TURNING,DIVIDED - W/MEDIAN BARRIER,TRAFFIC SIGNAL,UNABLE TO DETERMINE,IMPROPER OVERTAKING/PASSING,0,0,0,0,16,6,8,608,47TH ST,41.83475,-87.761581,08/26/2016 06:01:00 PM,2016
CR00020783,07/02/2020 08:36:00 PM,35,SNOW,DAYLIGHT,SIDESWIPE SAME DIRECTION,T-INTERSECTION,NO CONTROLS,FAILING TO REDUCE SPEED,FAILING TO REDUCE SPEED,0,0,1,1,20,5,7,983,ASHLAND AVE,41.817082,-87.706007,07/02/2020 09:55:00 PM,2020
CR00020784,12/06/2020 10:52:00 AM,20,CLEAR,DARKNESS - LIGHTED ROAD,SIDESWIPE SAME DIRECTION,T-INTERSECTION,UNKNOWN,IMPROPER OVERTAKING/PASSING,IMPROPER LANE USAGE,0,0,0,0,10,1,12,2378,MILWAUKEE AVE,41.96624,-87.649069,12/06/2020 12:18:00 PM,2020
CR00020785,01/10/2022 12:37:00 PM,25,CLEAR,DARKNESS - LIGHTED ROAD,FIXED OBJECT,FOUR WAY,UNKNOWN,DISREGARDING TRAFFIC SIGNALS,DRIVING SKILLS/KNOWLEDGE/EXPERIENCE,0,0,0,0,12,2,1,583,LAKE SHORE DR,41.895521,-87.829742,01/10/2022 01:44:00 PM,2022
CR00020786,11/17/2021 06:27:00 PM,30,RAIN,DAYLIGHT,SIDESWIPE SAME DIRECTION,NOT DIVIDED,STOP SIGN/FLASHER,UNABLE TO DETERMINE,FAILING TO YIELD RIGHT-OF-WAY,0,0,0,0,18,4,11,1111,BROADWAY,41.858798,-87.72075,11/17/2021 07:32:00 PM,2021
CR00020787,10/13/2024 02:13:00 PM,30,RAIN,DAYLIGHT,REAR END,NOT DIVIDED,TRAFFIC SIGNAL,FAILING TO YIELD RIGHT-OF-WAY,UNABLE TO DETERMINE,0,0,0,0,14,1,10,1545,STATE ST,41.819923,-87.577537,10/13/2024 02:48:00 PM,2024
CR00020788,12/06/2023 06:27:00 PM,20,CLEAR,DAYLIGHT,REAR TO FRONT,NOT DIVIDED,NO CONTROLS,DRIVING SKILLS/KNOWLEDGE/EXPERIENCE,FAILING TO YIELD RIGHT-OF-WAY,0,0,0,0,18,4,12,705,63RD ST,41.98189,-87.589505,12/06/2023 08:18:00 PM,2023
CR00020789,09/21/2017 04:34:00 PM,45,CLOUDY/OVERCAST,DARKNESS - LIGHTED ROAD,REAR END,ONE-WAY,NO CONTROLS,FAILING TO YIELD RIGHT-OF-WAY,FAILING TO REDUCE SPEED,0,0,0,0,16,5,9,1970,47TH ST,41.765929,-87.537157,09/21/2017 06:06:00 PM,2017
CR00020790,10/22/2018 05:07:00 PM,25,CLEAR,DARKNESS - LIGHTED ROAD,TURNING,DIVIDED - W/MEDIAN BARRIER,NO CONTROLS,UNABLE TO DETERMINE,IMPROPER LANE USAGE,0,0,3,3,17,2,10,715,79TH ST,41.829095,-87.746159,10/22/2018 05:30:00 PM,2018
CR00020791,09/05/2021 12:59:00 PM,20,CLEAR,DARKNESS - LIGHTED ROAD,ANGLE,NOT DIVIDED,NO CONTROLS,FAILING TO YIELD RIGHT-OF-WAY,NOT APPLICABLE,0,0,0,0,12,1,9,380,ELSTON AVE,41.814334,-87.695973,09/05/2021 02:16:00 PM,2021
CR00020792,11/21/2022 09:19:00 AM,30,CLEAR,DAYLIGHT,REAR END,DIVIDED - W/MEDIAN (NOT RAISED),NO CONTROLS,IMPROPER LANE USAGE,IMPROPER LANE USAGE,0,0,0,0,9,2,11,699,BROADWAY,41.7175,-87.547791,11/21/2022 11:00:00 AM,2022
CR00020793,11/22/2016 09:11:00 AM,25,CLEAR,DAWN,REAR END,FOUR WAY,STOP SIGN/FLASHER,FAILING TO REDUCE SPEED,DRIVING SKILLS/KNOWLEDGE/EXPERIENCE,0,0,0,0,9,3,11,441,STATE ST,41.938877,-87.531704,11/22/2016 10:31:00 AM,2016
CR00020794,07/20/2023 12:18:00 AM,25,CLOUDY/OVERCAST,DARKNESS - LIGHTED ROAD,REAR TO FRONT,DIVIDED - W/MEDIAN BARRIER,NO CONTROLS,UNABLE TO DETERMINE,UNABLE TO DETERMINE,0,0,0,0,0,5,7,641,MICHIGAN AVE,41.934063,-87.653572,07/20/2023 02:11:00 AM,2023
CR00020795,05/13/2024 06:47:00 PM,20,CLEAR,DARKNESS - LIGHTED ROAD,SIDESWIPE SAME DIRECTION,DIVIDED - W/MEDIAN (NOT RAISED),NO CONTROLS,UNABLE TO DETERMINE,FAILING TO REDUCE SPEED,0,0,0,0,18,2,5,1191,STONY ISLAND AVE,41.997471,-87.54002,05/13/2024 07:15:00 PM,2024
CR00020796,09/13/2022 04:32:00 PM,30,SNOW,DAYLIGHT,TURNING,NOT DIVIDED,STOP SIGN/FLASHER,IMPROPER LANE USAGE,NOT APPLICABLE,0,0,0,0,16,3,9,1752,ASHLAND AVE,41.772549,-87.830493,09/13/2022 05:31:00 PM,2022
CR00020797,06/24/2022 07:43:00 PM,35,SNOW,DARKNESS - LIGHTED ROAD,REAR END,NOT DIVIDED,TRAFFIC SIGNAL,FAILING TO YIELD RIGHT-OF-WAY,DISTRACTION - FROM INSIDE VEHICLE,0,0,0,0,19,6,6,1026,STATE ST,41.940811,-87.674631,06/24/2022 08:21:00 PM,2022
CR00020798,09/22/2021 03:53:00 PM,25,CLEAR,DAYLIGHT,SIDESWIPE SAME DIRECTION,DIVIDED - W/MEDIAN BARRIER,TRAFFIC SIGNAL,IMPROPER LANE USAGE,UNABLE TO DETERMINE,0,0,0,0,15,4,9,2154,CICERO AVE,41.700729,-87.794861,09/22/2021 05:49:00 PM,2021
CR00020799,04/26/2023 08:34:00 AM,30,RAIN,DAYLIGHT,FIXED OBJECT,NOT DIVIDED,NO CONTROLS,FOLLOWING TOO CLOSELY,DISREGARDING TRAFFIC SIGNALS,0,0,0,0,8,4,4,951,CLARK ST,41.889941,-87.704322,04/26/2023 08:52:00 AM,2023
CR00020800,10/27/2020 02:18:00 PM,35,CLEAR,DARKNESS - LIGHTED ROAD,SIDESWIPE SAME DIRECTION,NOT DIVIDED,NO CONTROLS,FAILING TO REDUCE SPEED,DISTRACTION - FROM INSIDE VEHICLE,0,0,2,2,14,3,10,1690,CLARK ST,41.927531,-87.558602,10/27/2020 03:17:00 PM,2020
CR00020801,11/04/2023 05:09:00 PM,35,CLEAR,DARKNESS,PARKED MOTOR VEHICLE,DIVIDED - W/MEDIAN BARRIER,NO CONTROLS,UNABLE TO DETERMINE,FAILING TO REDUCE SPEED,0,0,0,0,17,7,11,2320,LAKE SHORE DR,41.936395,-87.810816,11/04/2023 06:41:00 PM,2023
CR00020802,07/30/2016 04:14:00 AM,15,CLOUDY/OVERCAST,DARKNESS - LIGHTED ROAD,REAR END,NOT DIVIDED,STOP SIGN/FLASHER,DRIVING SKILLS/KNOWLEDGE/EXPERIENCE,NOT APPLICABLE,0,0,3,3,4,7,7,235,ASHLAND AVE,41.879569,-87.528985,07/30/2016 05:55:00 AM,2016
CR00020803,09/14/2024 11:23:00 AM,35,CLEAR,DAYLIGHT,PARKED MOTOR VEHICLE,ONE-WAY,NO CONTROLS,UNABLE TO DETERMINE,UNABLE TO DETERMINE,0,0,0,0,11,7,9,1547,ROOSEVELT RD,41.974603,-87.753175,09/14/2024 11:26:00 AM,2024
CR00020804,02/23/2018 02:42:00 PM,30,CLEAR,DAYLIGHT,SIDESWIPE SAME DIRECTION,NOT DIVIDED,STOP SIGN/FLASHER,FOLLOWING TOO CLOSELY,UNABLE TO DETERMINE,0,0,0,0,14,6,2,806,CICERO AVE,41.994736,-87.812224,02/23/2018 03:22:00 PM,2018
CR00020805,08/29/2018 01:16:00 PM,15,CLEAR,DAYLIGHT,REAR END,NOT DIVIDED,NO CONTROLS,FOLLOWING TOO CLOSELY,FOLLOWING TOO CLOSELY,0,0,0,0,13,4,8,654,63RD ST,41.761627,-87.724461,08/29/2018 01:55:00 PM,2018
CR00020806,01/24/2023 07:52:00 AM,30,CLEAR,DAYLIGHT,PARKED MOTOR VEHICLE,FOUR WAY,YIELD,IMPROPER LANE USAGE,UNABLE TO DETERMINE,0,0,0,0,7,3,1,1667,CALIFORNIA AVE,41.719659,-87.774396,01/24/2023 08:51:00 AM,2023
CR00020807,07/22/2017 09:32:00 AM,30,CLEAR,DAYLIGHT,TURNING,NOT DIVIDED,STOP SIGN/FLASHER,UNABLE TO DETERMINE,NOT APPLICABLE,0,0,0,0,9,7,7,1137,ELSTON AVE,41.794772,-87.508296,07/22/2017 10:48:00 AM,2017
CR00020808,01/31/2024 10:46:00 AM,45,CLEAR,DAYLIGHT,SIDESWIPE SAME DIRECTION,NOT DIVIDED,NO CONTROLS,DRIVING SKILLS/KNOWLEDGE/EXPERIENCE,FAILING TO YIELD RIGHT-OF-WAY,0,0,0,0,10,4,1,945,ELSTON AVE,41.782578,-87.566977,01/31/2024 11:01:00 AM,2024
CR00020809,02/06/2015 11:48:00 AM,45,CLEAR,DAYLIGHT,ANGLE,DIVIDED - W/MEDIAN BARRIER,TRAFFIC SIGNAL,IMPROPER OVERTAKING/PASSING,UNABLE TO DETERMINE,0,0,0,0,11,6,2,1146,IRVING PARK RD,41.857852,-87.615523,02/06/2015 12:49:00 PM,2015
CR00020810,04/21/2020 05:12:00 PM,20,CLOUDY/OVERCAST,DUSK,REAR END,FOUR WAY,TRAFFIC SIGNAL,IMPROPER LANE USAGE,UNABLE TO DETERMINE,0,0,1,1,17,3,4,886,IRVING PARK RD,41.953406,-87.559695,04/21/2020 05:53:00 PM,2020
CR00020811,08/02/2023 07:11:00 AM,35,CLEAR,DAYLIGHT,SIDESWIPE SAME DIRECTION,FOUR WAY,STOP SIGN/FLASHER,UNABLE TO DETERMINE,DISREGARDING TRAFFIC SIGNALS,0,0,0,0,7,4,8,1611,ASHLAND AVE,41.730466,-87.734631,08/02/2023 07:40:00 AM,2023
CR00020812,12/30/2015 08:11:00 AM,20,CLOUDY/OVERCAST,DAYLIGHT,FIXED OBJECT,DIVIDED - W/MEDIAN (NOT RAISED),STOP SIGN/FLASHER,IMPROPER LANE USAGE,NOT APPLICABLE,0,1,1,2,8,4,12,1711,FULLERTON AVE,41.756816,-87.7315,12/30/2015 08:19:00 AM,2015
CR00020813,02/23/2024 07:16:00 PM,30,SNOW,DARKNESS - LIGHTED ROAD,REAR END,FOUR WAY,NO CONTROLS,UNABLE TO DETERMINE,NOT APPLICABLE,0,0,0,0,19,6,2,1368,KEDZIE AVE,41.938799,-87.724006,02/23/2024 08:24:00 PM,2024
CR00020814,07/06/2019 01:46:00 PM,40,CLEAR,DAYLIGHT,REAR END,NOT DIVIDED,STOP SIGN/FLASHER,FOLLOWING TOO CLOSELY,FAILING TO YIELD RIGHT-OF-WAY,0,0,0,0,13,7,7,1915,63RD ST,41.991609,-87.716387,07/06/2019 03:11:00 PM,2019
CR00020815,05/24/2022 07:31:00 AM,15,CLEAR,DAYLIGHT,REAR END,DIVIDED - W/MEDIAN (NOT RAISED),TRAFFIC SIGNAL,FOLLOWING TOO CLOSELY,DISTRACTION - FROM INSIDE VEHICLE,0,0,0,0,7,3,5,1353,BROADWAY,41.852018,-87.800143,05/24/2022 08:21:00 AM,2022