CRASH_RECORD_ID,CRASH_DATE,POSTED_SPEED_LIMIT,WEATHER_CONDITION,LIGHTING_CONDITION,FIRST_CRASH_TYPE,TRAFFICWAY_TYPE,TRAFFIC_CONTROL_DEVICE,PRIM_CONTRIBUTORY_CAUSE,SEC_CONTRIBUTORY_CAUSE,INJURIES_FATAL,INJURIES_INCAPACITATING,INJURIES_NON_INCAPACITATING,INJURIES_TOTAL,CRASH_HOUR,CRASH_DAY_OF_WEEK,CRASH_MONTH,BEAT_OF_OCCURRENCE,STREET_NAME,LATITUDE,LONGITUDE,DATE_POLICE_NOTIFIED,year
CR00020816,01/08/2016 04:26:00 PM,20,CLEAR,DARKNESS - LIGHTED ROAD,REAR END,DIVIDED - W/MEDIAN BARRIER,STOP SIGN/FLASHER,DISREGARDING TRAFFIC SIGNALS,NOT APPLICABLE,0,0,1,1,16,6,1,415,CICERO AVE,41.977287,-87.662414,01/08/2016 05:28:00 PM,2016
CR00020817,08/30/2022 04:07:00 PM,25,CLEAR,DAYLIGHT,PEDESTRIAN,NOT DIVIDED,UNKNOWN,DRIVING SKILLS/KNOWLEDGE/EXPERIENCE,WEATHER,0,0,0,0,16,3,8,885,HALSTED ST,41.764275,-87.55777,08/30/2022 04:33:00 PM,2022
CR00020818,09/22/2019 12:03:00 AM,25,CLEAR,DAYLIGHT,SIDESWIPE SAME DIRECTION,ONE-WAY,TRAFFIC SIGNAL,IMPROPER OVERTAKING/PASSING,FAILING TO YIELD RIGHT-OF-WAY,0,0,0,0,0,1,9,1501,CICERO AVE,41.835743,-87.733851,09/22/2019 01:42:00 AM,2019
CR00020819,10/19/2020 03:02:00 PM,30,CLEAR,DAYLIGHT,REAR END,DIVIDED - W/MEDIAN BARRIER,NO CONTROLS,IMPROPER LANE USAGE,FAILING TO YIELD RIGHT-OF-WAY,0,0,0,0,15,2,10,1495,WESTERN AVE,41.904701,-87.558971,10/19/2020 04:13:00 PM,2020
CR00020820,06/26/2023 05:41:00 PM,30,CLEAR,DAYLIGHT,TURNING,NOT DIVIDED,NO CONTROLS,WEATHER,UNABLE TO DETERMINE,0,2,1,3,17,2,6,677,CALIFORNIA AVE,41.853758,-87.566044,06/26/2023 07:22:00 PM,2023
CR00020821,10/08/2016 01:48:00 PM,15,CLEAR,DARKNESS - LIGHTED ROAD,PEDESTRIAN,T-INTERSECTION,NO CONTROLS,FAILING TO REDUCE SPEED,UNABLE TO DETERMINE,0,0,0,0,13,7,10,440,47TH ST,41.997424,-87.839286,10/08/2016 03:30:00 PM,2016
CR00020822,08/23/2015 01:17:00 PM,30,CLEAR,DAYLIGHT,TURNING,FOUR WAY,YIELD,DISTRACTION - FROM INSIDE VEHICLE,DISREGARDING TRAFFIC SIGNALS,0,0,0,0,13,1,8,1708,47TH ST,41.863271,-87.833103,08/23/2015 03:07:00 PM,2015
CR00020823,02/13/2023 09:01:00 AM,30,CLEAR,DARKNESS - LIGHTED ROAD,REAR END,NOT DIVIDED,STOP SIGN/FLASHER,FOLLOWING TOO CLOSELY,DRIVING SKILLS/KNOWLEDGE/EXPERIENCE,0,2,0,2,9,2,2,1063,CICERO AVE,41.866373,-87.607798,02/13/2023 10:43:00 AM,2023
CR00020824,10/31/2017 10:48:00 AM,40,CLEAR,DAYLIGHT,TURNING,DIVIDED - W/MEDIAN (NOT RAISED),TRAFFIC SIGNAL,FOLLOWING TOO CLOSELY,UNABLE TO DETERMINE,0,0,0,0,10,3,10,2010,MILWAUKEE AVE,41.972579,-87.794807,10/31/2017 12:14:00 PM,2017
CR00020825,07/18/2019 01:49:00 PM,25,CLEAR,DAYLIGHT,TURNING,DIVIDED - W/MEDIAN (NOT RAISED),NO CONTROLS,DISREGARDING TRAFFIC SIGNALS,FOLLOWING TOO CLOSELY,0,0,0,0,13,5,7,446,STONY ISLAND AVE,41.700709,-87.700721,07/18/2019 03:40:00 PM,2019
CR00020826,10/03/2023 12:00:00 PM,45,CLEAR,DARKNESS - LIGHTED ROAD,TURNING,ONE-WAY,TRAFFIC SIGNAL,DISTRACTION - FROM INSIDE VEHICLE,UNABLE TO DETERMINE,0,0,0,0,12,3,10,352,OGDEN AVE,41.775985,-87.777003,10/03/2023 01:10:00 PM,2023
CR00020827,09/17/2015 05:38:00 PM,35,CLEAR,DUSK,TURNING,DIVIDED - W/MEDIAN (NOT RAISED),UNKNOWN,FOLLOWING TOO CLOSELY,UNABLE TO DETERMINE,0,1,0,1,17,5,9,1662,MICHIGAN AVE,41.769015,-87.837589,09/17/2015 05:59:00 PM,2015
CR00020828,11/05/2024 10:15:00 AM,40,CLEAR,DAYLIGHT,REAR END,NOT DIVIDED,NO CONTROLS,FAILING TO YIELD RIGHT-OF-WAY,FOLLOWING TOO CLOSELY,0,0,0,0,10,3,11,494,WESTERN AVE,41.833529,-87.606871,11/05/2024 10:55:00 AM,2024
CR00020829,05/13/2024 11:47:00 PM,40,CLEAR,DAWN,TURNING,NOT DIVIDED,TRAFFIC SIGNAL,WEATHER,UNABLE TO DETERMINE,0,0,0,0,23,2,5,2405,79TH ST,41.991348,-87.506122,05/14/2024 01:18:00 AM,2024
CR00020830,05/21/2023 07:13:00 AM,40,CLEAR,DAYLIGHT,SIDESWIPE SAME DIRECTION,DIVIDED - W/MEDIAN BARRIER,UNKNOWN,UNABLE TO DETERMINE,UNABLE TO DETERMINE,0,0,0,0,7,1,5,2063,63RD ST,41.94542,-87.749687,05/21/2023 08:22:00 AM,2023
CR00020831,04/18/2020 10:17:00 AM,35,CLEAR,DAYLIGHT,REAR END,ONE-WAY,NO CONTROLS,FAILING TO YIELD RIGHT-OF-WAY,FOLLOWING TOO CLOSELY,0,0,0,0,10,7,4,350,WESTERN AVE,41.843145,-87.584263,04/18/2020 10:32:00 AM,2020
CR00020832,12/08/2024 02:46:00 PM,25,CLEAR,DAYLIGHT,SIDESWIPE SAME DIRECTION,NOT DIVIDED,TRAFFIC SIGNAL,UNABLE TO DETERMINE,NOT APPLICABLE,0,1,1,2,14,1,12,2360,ELSTON AVE,41.891203,-87.792454,12/08/2024 03:59:00 PM,2024
CR00020833,05/05/2023 08:56:00 AM,30,CLEAR,DARKNESS - LIGHTED ROAD,ANGLE,NOT DIVIDED,NO CONTROLS,IMPROPER OVERTAKING/PASSING,FOLLOWING TOO CLOSELY,0,0,0,0,8,6,5,116,DAMEN AVE,41.73776,-87.752927,05/05/2023 10:09:00 AM,2023
CR00020834,11/02/2023 03:38:00 PM,30,SNOW,DARKNESS - LIGHTED ROAD,ANGLE,DIVIDED - W/MEDIAN (NOT RAISED),STOP SIGN/FLASHER,DISREGARDING TRAFFIC SIGNALS,UNABLE TO DETERMINE,0,0,0,0,15,5,11,1645,ASHLAND AVE,41.86684,-87.761417,11/02/2023 04:56:00 PM,2023
CR00020835,12/16/2022 03:05:00 AM,45,CLEAR,DAYLIGHT,PEDESTRIAN,NOT DIVIDED,UNKNOWN,UNABLE TO DETERMINE,IMPROPER OVERTAKING/PASSING,0,1,1,2,3,6,12,1088,FULLERTON AVE,41.769137,-87.557132,12/16/2022 04:11:00 AM,2022
CR00020836,09/26/2019 03:00:00 AM,25,CLEAR,DARKNESS - LIGHTED ROAD,TURNING,NOT DIVIDED,TRAFFIC SIGNAL,UNABLE TO DETERMINE,DISTRACTION - FROM INSIDE VEHICLE,0,1,2,3,3,5,9,1415,CALIFORNIA AVE,41.83671,-87.579258,09/26/2019 03:36:00 AM,2019
CR00020837,07/10/2018 04:53:00 AM,30,RAIN,DUSK,REAR END,ONE-WAY,TRAFFIC SIGNAL,FAILING TO YIELD RIGHT-OF-WAY,FAILING TO YIELD RIGHT-OF-WAY,0,0,0,0,4,3,7,965,47TH ST,41.908111,-87.677793,07/10/2018 06:38:00 AM,2018
CR00020838,11/18/2019 05:33:00 PM,35,CLEAR,DUSK,SIDESWIPE SAME DIRECTION,T-INTERSECTION,NO CONTROLS,DISREGARDING TRAFFIC SIGNALS,FAILING TO REDUCE SPEED,0,0,0,0,17,2,11,1890,FULLERTON AVE,41.840119,-87.52065,11/18/2019 06:55:00 PM,2019
CR00020839,12/25/2018 04:53:00 PM,35,RAIN,DARKNESS - LIGHTED ROAD,ANGLE,NOT DIVIDED,TRAFFIC SIGNAL,UNABLE TO DETERMINE,UNABLE TO DETERMINE,0,0,2,2,16,3,12,2030,PULASKI RD,41.833754,-87.584255,12/25/2018 06:26:00 PM,2018
CR00020840,02/04/2018 02:08:00 PM,30,RAIN,DAYLIGHT,PEDESTRIAN,NOT DIVIDED,NO CONTROLS,FAILING TO YIELD RIGHT-OF-WAY,UNABLE TO DETERMINE,0,0,0,0,14,1,2,1225,IRVING PARK RD,41.781119,-87.825411,02/04/2018 03:38:00 PM,2018
CR00020841,11/05/2015 08:28:00 PM,40,CLOUDY/OVERCAST,DAYLIGHT,TURNING,NOT DIVIDED,NO CONTROLS,DRIVING SKILLS/KNOWLEDGE/EXPERIENCE,FAILING TO REDUCE SPEED,0,0,1,1,20,5,11,2518,CALIFORNIA AVE,41.81668,-87.580354,11/05/2015 08:29:00 PM,2015
CR00020842,11/27/2022 06:49:00 PM,45,FOG/SMOKE/HAZE,DARKNESS - LIGHTED ROAD,PARKED MOTOR VEHICLE,ONE-WAY,NO CONTROLS,DISREGARDING TRAFFIC SIGNALS,IMPROPER OVERTAKING/PASSING,0,0,0,0,18,1,11,321,79TH ST,41.882818,-87.839767,11/27/2022 07:42:00 PM,2022
CR00020843,01/23/2024 11:50:00 PM,30,RAIN,DARKNESS - LIGHTED ROAD,REAR END,ONE-WAY,YIELD,IMPROPER LANE USAGE,IMPROPER LANE USAGE,0,0,0,0,23,3,1,487,FULLERTON AVE,41.755906,-87.822672,01/24/2024 01:35:00 AM,2024
CR00020844,07/28/2022 05:09:00 PM,15,CLEAR,DAYLIGHT,PEDESTRIAN,NOT DIVIDED,TRAFFIC SIGNAL,IMPROPER LANE USAGE,UNABLE TO DETERMINE,0,0,0,0,17,5,7,985,79TH ST,41.921873,-87.672004,07/28/2022 05:22:00 PM,2022
CR00020845,11/18/2020 06:15:00 PM,15,RAIN,DARKNESS - LIGHTED ROAD,REAR END,DIVIDED - W/MEDIAN BARRIER,STOP SIGN/FLASHER,IMPROPER OVERTAKING/PASSING,UNABLE TO DETERMINE,0,0,0,0,18,4,11,1230,DIVISION ST,41.783091,-87.721333,11/18/2020 07:42:00 PM,2020
CR00020846,07/07/2019 11:23:00 AM,45,RAIN,DAYLIGHT,PARKED MOTOR VEHICLE,DIVIDED - W/MEDIAN BARRIER,STOP SIGN/FLASHER,UNABLE TO DETERMINE,IMPROPER LANE USAGE,0,0,0,0,11,1,7,1117,ROOSEVELT RD,41.712487,-87.771703,07/07/2019 12:10:00 PM,2019
CR00020847,02/22/2017 01:54:00 AM,30,RAIN,DAYLIGHT,REAR END,NOT DIVIDED,TRAFFIC SIGNAL,UNABLE TO DETERMINE,UNABLE TO DETERMINE,0,0,0,0,1,4,2,366,LAKE SHORE DR,41.868558,-87.593893,02/22/2017 02:35:00 AM,2017
CR00020848,09/11/2015 06:02:00 AM,25,CLEAR,DAYLIGHT,REAR END,DIVIDED - W/MEDIAN (NOT RAISED),NO CONTROLS,DISTRACTION - FROM INSIDE VEHICLE,FOLLOWING TOO CLOSELY,0,0,1,1,6,6,9,746,47TH ST,41.714816,-87.544527,09/11/2015 06:47:00 AM,2015
CR00020849,05/06/2024 08:23:00 AM,20,CLEAR,DARKNESS - LIGHTED ROAD,REAR END,DIVIDED - W/MEDIAN (NOT RAISED),UNKNOWN,DISTRACTION - FROM INSIDE VEHICLE,IMPROPER LANE USAGE,0,0,3,3,8,2,5,853,ROOSEVELT RD,41.796533,-87.760689,05/06/2024 10:17:00 AM,2024
CR00020850,02/21/2023 06:39:00 PM,30,SNOW,DAYLIGHT,ANGLE,FOUR WAY,TRAFFIC SIGNAL,IMPROPER OVERTAKING/PASSING,IMPROPER LANE USAGE,0,0,0,0,18,3,2,2028,LAKE SHORE DR,41.88973,-87.673244,02/21/2023 08:39:00 PM,2023
CR00020851,07/25/2019 09:47:00 AM,25,RAIN,DAYLIGHT,REAR END,T-INTERSECTION,YIELD,FAILING TO REDUCE SPEED,FOLLOWING TOO CLOSELY,0,0,0,0,9,5,7,397,BROADWAY,41.779882,-87.681655,07/25/2019 10:10:00 AM,2019
CR00020852,04/02/2019 09:37:00 AM,15,CLEAR,DARKNESS - LIGHTED ROAD,REAR END,T-INTERSECTION,NO CONTROLS,DISTRACTION - FROM INSIDE VEHICLE,UNABLE TO DETERMINE,0,2,3,5,9,3,4,111,ROOSEVELT RD,41.727009,-87.572139,04/02/2019 11:30:00 AM,2019
CR00020853,06/28/2016 11:53:00 AM,30,CLEAR,DAWN,TURNING,NOT DIVIDED,UNKNOWN,IMPROPER OVERTAKING/PASSING,UNABLE TO DETERMINE,0,0,0,0,11,3,6,1826,CALIFORNIA AVE,41.702731,-87.810044,06/28/2016 12:14:00 PM,2016
CR00020854,09/25/2019 09:23:00 PM,30,CLEAR,DARKNESS - LIGHTED ROAD,PEDESTRIAN,NOT DIVIDED,UNKNOWN,UNABLE TO DETERMINE,WEATHER,0,0,0,0,21,4,9,1799,47TH ST,41.943383,-87.64291,09/25/2019 10:24:00 PM,2019
CR00020855,01/04/2017 08:45:00 AM,15,CLEAR,DARKNESS,ANGLE,DIVIDED - W/MEDIAN (NOT RAISED),UNKNOWN,FAILING TO YIELD RIGHT-OF-WAY,DRIVING SKILLS/KNOWLEDGE/EXPERIENCE,0,0,0,0,8,4,1,831,IRVING PARK RD,41.750799,-87.501085,01/04/2017 09:48:00 AM,2017
CR00020856,12/10/2023 04:05:00 PM,20,CLEAR,DAYLIGHT,REAR END,DIVIDED - W/MEDIAN BARRIER,TRAFFIC SIGNAL,FAILING TO YIELD RIGHT-OF-WAY,FOLLOWING TOO CLOSELY,0,0,0,0,16,1,12,480,LAKE SHORE DR,41.847626,-87.533397,12/10/2023 04:13:00 PM,2023
CR00020857,10/29/2022 09:39:00 PM,35,CLEAR,DAYLIGHT,ANGLE,NOT DIVIDED,NO CONTROLS,WEATHER,DISTRACTION - FROM INSIDE VEHICLE,0,0,0,0,21,7,10,2243,PULASKI RD,41.858605,-87.589132,10/29/2022 10:23:00 PM,2022
CR00020858,03/16/2022 05:48:00 PM,15,CLEAR,DARKNESS - LIGHTED ROAD,REAR END,FOUR WAY,STOP SIGN/FLASHER,FAILING TO YIELD RIGHT-OF-WAY,DISTRACTION - FROM INSIDE VEHICLE,0,0,0,0,17,4,3,1679,IRVING PARK RD,41.855883,-87.803579,03/16/2022 07:10:00 PM,2022
CR00020859,01/01/2015 10:39:00 PM,45,CLEAR,DAYLIGHT,ANGLE,NOT DIVIDED,NO CONTROLS,IMPROPER OVERTAKING/PASSING,DRIVING SKILLS/KNOWLEDGE/EXPERIENCE,0,0,0,0,22,5,1,1992,DIVISION ST,41.754201,-87.743351,01/01/2015 10:53:00 PM,2015
CR00020860,06/08/2020 06:51:00 PM,30,FOG/SMOKE/HAZE,DAYLIGHT,SIDESWIPE SAME DIRECTION,NOT DIVIDED,NO CONTROLS,UNABLE TO DETERMINE,DISTRACTION - FROM INSIDE VEHICLE,0,0,0,0,18,2,6,1641,STATE ST,41.772185,-87.723695,06/08/2020 07:23:00 PM,2020
CR00020861,12/23/2018 09:34:00 AM,35,CLOUDY/OVERCAST,DAYLIGHT,REAR END,DIVIDED - W/MEDIAN (NOT RAISED),NO CONTROLS,FAILING TO REDUCE SPEED,DISTRACTION - FROM INSIDE VEHICLE,0,0,0,0,9,1,12,1377,CICERO AVE,41.731401,-87.532256,12/23/2018 11:23:00 AM,2018
CR00020862,12/18/2022 04:11:00 PM,35,RAIN,DAYLIGHT,PARKED MOTOR VEHICLE,NOT DIVIDED,NO CONTROLS,UNABLE TO DETERMINE,FOLLOWING TOO CLOSELY,0,0,0,0,16,1,12,1017,CLARK ST,41.73725,-87.605807,12/18/2022 04:33:00 PM,2022
CR00020863,05/25/2020 05:28:00 AM,30,CLEAR,DAYLIGHT,PEDESTRIAN,ONE-WAY,TRAFFIC SIGNAL,DRIVING SKILLS/KNOWLEDGE/EXPERIENCE,FOLLOWING TOO CLOSELY,0,0,0,0,5,2,5,1537,79TH ST,41.841978,-87.644735,05/25/2020 06:03:00 AM,2020
CR00020864,12/04/2015 12:25:00 PM,40,CLEAR,DAYLIGHT,REAR END,NOT DIVIDED,NO CONTROLS,UNABLE TO DETERMINE,DISTRACTION - FROM INSIDE VEHICLE,0,0,0,0,12,6,12,780,LAKE SHORE DR,41.801411,-87.717728,12/04/2015 12:44:00 PM,2015
CR00020865,06/20/2021 06:39:00 AM,25,CLEAR,DARKNESS - LIGHTED ROAD,REAR END,ONE-WAY,NO CONTROLS,UNABLE TO DETERMINE,FOLLOWING TOO CLOSELY,0,1,1,2,6,1,6,974,KEDZIE AVE,41.74494,-87.652274,06/20/2021 07:46:00 AM,2021
CR00020866,09/03/2024 04:07:00 PM,20,CLEAR,DAYLIGHT,TURNING,NOT DIVIDED,NO CONTROLS,UNABLE TO DETERMINE,UNABLE TO DETERMINE,0,0,0,0,16,3,9,133,BROADWAY,41.991952,-87.605948,09/03/2024 05:56:00 PM,2024
CR00020867,10/18/2022 08:52:00 AM,30,CLEAR,DAYLIGHT,TURNING,NOT DIVIDED,TRAFFIC SIGNAL,IMPROPER OVERTAKING/PASSING,FAILING TO REDUCE SPEED,0,0,0,0,8,3,10,2026,79TH ST,41.79438,-87.637998,10/18/2022 09:26:00 AM,2022
CR00020868,08/25/2015 08:44:00 AM,45,CLEAR,DARKNESS - LIGHTED ROAD,REAR END,ONE-WAY,NO CONTROLS,IMPROPER OVERTAKING/PASSING,UNABLE TO DETERMINE,0,0,0,0,8,3,8,1222,STATE ST,41.940135,-87.710427,08/25/2015 10:41:00 AM,2015
CR00020869,05/21/2017 04:31:00 AM,35,CLEAR,DAYLIGHT,REAR END,NOT DIVIDED,TRAFFIC SIGNAL,IMPROPER OVERTAKING/PASSING,FOLLOWING TOO CLOSELY,0,0,0,0,4,1,5,1294,STATE ST,41.961599,-87.58069,05/21/2017 06:17:00 AM,2017
CR00020870,07/16/2018 05:09:00 PM,40,CLEAR,DAYLIGHT,REAR END,NOT DIVIDED,TRAFFIC SIGNAL,FOLLOWING TOO CLOSELY,UNABLE TO DETERMINE,0,0,0,0,17,2,7,573,BROADWAY,41.848353,-87.657535,07/16/2018 05:35:00 PM,2018
CR00020871,12/07/2016 10:04:00 AM,45,CLEAR,DARKNESS - LIGHTED ROAD,TURNING,NOT DIVIDED,NO CONTROLS,UNABLE TO DETERMINE,IMPROPER OVERTAKING/PASSING,0,0,2,2,10,4,12,978,MICHIGAN AVE,41.884691,-87.605232,12/07/2016 11:08:00 AM,2016
CR00020872,07/06/2024 11:32:00 AM,30,CLEAR,DAYLIGHT,PEDESTRIAN,DIVIDED - W/MEDIAN BARRIER,NO CONTROLS,UNABLE TO DETERMINE,UNABLE TO DETERMINE,0,0,0,0,11,7,7,188,ASHLAND AVE,41.776581,-87.674156,07/06/2024 01:30:00 PM,2024
CR00020873,08/06/2016 08:55:00 PM,30,CLEAR,DUSK,ANGLE,ONE-WAY,STOP SIGN/FLASHER,UNABLE TO DETERMINE,NOT APPLICABLE,0,0,0,0,20,7,8,2381,ROOSEVELT RD,41.820264,-87.59971,08/06/2016 10:30:00 PM,2016
CR00020874,01/11/2021 11:44:00 PM,20,CLEAR,DARKNESS - LIGHTED ROAD,REAR END,ONE-WAY,YIELD,FOLLOWING TOO CLOSELY,FOLLOWING TOO CLOSELY,0,0,1,1,23,2,1,256,79TH ST,41.95236,-87.832123,01/11/2021 11:53:00 PM,2021
CR00020875,05/29/2015 09:31:00 PM,30,CLEAR,DAYLIGHT,REAR END,T-INTERSECTION,STOP SIGN/FLASHER,FOLLOWING TOO CLOSELY,IMPROPER OVERTAKING/PASSING,0,0,0,0,21,6,5,2419,CALIFORNIA AVE,41.8884,-87.523781,05/29/2015 09:54:00 PM,2015
CR00020876,09/15/2016 11:58:00 AM,40,CLEAR,DAYLIGHT,TURNING,NOT DIVIDED,NO CONTROLS,UNABLE TO DETERMINE,FAILING TO YIELD RIGHT-OF-WAY,0,0,0,0,11,5,9,418,MILWAUKEE AVE,41.725717,-87.658568,09/15/2016 01:05:00 PM,2016
CR00020877,12/22/2016 08:57:00 AM,15,CLEAR,DAYLIGHT,TURNING,FOUR WAY,NO CONTROLS,WEATHER,IMPROPER OVERTAKING/PASSING,0,0,0,0,8,5,12,772,STONY ISLAND AVE,41.719673,-87.73952,12/22/2016 10:07:00 AM,2016
CR00020878,08/11/2021 08:46:00 PM,20,CLEAR,DARKNESS - LIGHTED ROAD,REAR END,DIVIDED - W/MEDIAN (NOT RAISED),TRAFFIC SIGNAL,DRIVING SKILLS/KNOWLEDGE/EXPERIENCE,DRIVING SKILLS/KNOWLEDGE/EXPERIENCE,0,0,0,0,20,4,8,1602,MICHIGAN AVE,41.94447,-87.589575,08/11/2021 08:59:00 PM,2021
CR00020879,07/18/2016 07:57:00 AM,30,CLOUDY/OVERCAST,DARKNESS - LIGHTED ROAD,PARKED MOTOR VEHICLE,DIVIDED - W/MEDIAN (NOT RAISED),TRAFFIC SIGNAL,FAILING TO YIELD RIGHT-OF-WAY,IMPROPER OVERTAKING/PASSING,0,0,0,0,7,2,7,465,MILWAUKEE AVE,41.852189,-87.842114,07/18/2016 09:42:00 AM,2016
CR00020880,03/15/2020 10:10:00 PM,25,CLEAR,DAYLIGHT,TURNING,FOUR WAY,UNKNOWN,FAILING TO YIELD RIGHT-OF-WAY,NOT APPLICABLE,0,0,1,1,22,1,3,1041,DIVISION ST,41.835796,-87.513773,03/15/2020 11:55:00 PM,2020
CR00020881,05/13/2017 02:59:00 PM,35,CLEAR,DAYLIGHT,PARKED MOTOR VEHICLE,NOT DIVIDED,NO CONTROLS,IMPROPER LANE USAGE,DRIVING SKILLS/KNOWLEDGE/EXPERIENCE,0,0,0,0,14,7,5,1836,PULASKI RD,41.804752,-87.770872,05/13/2017 04:09:00 PM,2017
CR00020882,02/07/2022 07:36:00 AM,35,CLEAR,DAYLIGHT,ANGLE,DIVIDED - W/MEDIAN (NOT RAISED),NO CONTROLS,UNABLE TO DETERMINE,IMPROPER LANE USAGE,0,0,2,2,7,2,2,2277,63RD ST,41.799583,-87.685953,02/07/2022 08:40:00 AM,2022
CR00020883,11/13/2019 05:04:00 PM,35,CLEAR,DUSK,PEDESTRIAN,T-INTERSECTION,STOP SIGN/FLASHER,FAILING TO YIELD RIGHT-OF-WAY,UNABLE TO DETERMINE,0,0,0,0,17,4,11,1407,PULASKI RD,41.916414,-87.683133,11/13/2019 06:51:00 PM,2019
CR00020884,03/06/2020 06:35:00 PM,15,CLEAR,DAYLIGHT,SIDESWIPE SAME DIRECTION,ONE-WAY,TRAFFIC SIGNAL,UNABLE TO DETERMINE,NOT APPLICABLE,0,0,0,0,18,6,3,2250,IRVING PARK RD,41.868668,-87.759087,03/06/2020 06:56:00 PM,2020
CR00020885,12/07/2023 05:59:00 PM,30,CLEAR,DAYLIGHT,PARKED MOTOR VEHICLE,FOUR WAY,TRAFFIC SIGNAL,FAILING TO YIELD RIGHT-OF-WAY,NOT APPLICABLE,0,0,0,0,17,5,12,780,79TH ST,41.765308,-87.682203,12/07/2023 07:37:00 PM,2023
CR00020886,06/04/2021 11:18:00 PM,30,RAIN,DAYLIGHT,REAR END,T-INTERSECTION,UNKNOWN,FOLLOWING TOO CLOSELY,FAILING TO REDUCE SPEED,0,0,0,0,23,6,6,2001,ARCHER AVE,41.740959,-87.515884,06/04/2021 11:58:00 PM,2021
CR00020887,07/03/2020 02:24:00 AM,40,CLOUDY/OVERCAST,DAYLIGHT,PARKED MOTOR VEHICLE,DIVIDED - W/MEDIAN (NOT RAISED),TRAFFIC SIGNAL,DRIVING SKILLS/KNOWLEDGE/EXPERIENCE,UNABLE TO DETERMINE,0,0,0,0,2,6,7,2057,LAKE SHORE DR,41.817001,-87.659163,07/03/2020 03:41:00 AM,2020
CR00020888,06/01/2020 06:31:00 PM,35,CLEAR,DAYLIGHT,REAR END,NOT DIVIDED,NO CONTROLS,FAILING TO YIELD RIGHT-OF-WAY,NOT APPLICABLE,0,0,0,0,18,2,6,2092,DIVISION ST,41.810683,-87.71521,06/01/2020 08:20:00 PM,2020
CR00020889,12/19/2023 07:53:00 AM,30,CLEAR,DAYLIGHT,ANGLE,ONE-WAY,NO CONTROLS,IMPROPER OVERTAKING/PASSING,NOT APPLICABLE,0,1,2,3,7,3,12,421,PULASKI RD,41.715683,-87.601693,12/19/2023 08:10:00 AM,2023
CR00020890,01/19/2018 01:20:00 PM,35,CLOUDY/OVERCAST,DARKNESS - LIGHTED ROAD,SIDESWIPE SAME DIRECTION,DIVIDED - W/MEDIAN (NOT RAISED),STOP SIGN/FLASHER,DISTRACTION - FROM INSIDE VEHICLE,FOLLOWING TOO CLOSELY,0,0,0,0,13,6,1,940,ARCHER AVE,41.797136,-87.54472,01/19/2018 02:36:00 PM,2018
CR00020891,05/06/2023 02:13:00 PM,45,CLOUDY/OVERCAST,DAYLIGHT,PARKED MOTOR VEHICLE,NOT DIVIDED,PEDESTRIAN CROSSING SIGN,FAILING TO REDUCE SPEED,IMPROPER LANE USAGE,0,0,0,0,14,7,5,1469,WESTERN AVE,41.891996,-87.594536,05/06/2023 02:41:00 PM,2023
CR00020892,07/28/2024 11:15:00 AM,20,CLEAR,DARKNESS - LIGHTED ROAD,SIDESWIPE SAME DIRECTION,NOT DIVIDED,NO CONTROLS,IMPROPER OVERTAKING/PASSING,FAILING TO YIELD RIGHT-OF-WAY,0,0,0,0,11,1,7,529,KEDZIE AVE,41.938723,-87.569275,07/28/2024 12:23:00 PM,2024
CR00020893,07/27/2016 06:33:00 PM,30,CLEAR,DARKNESS - LIGHTED ROAD,TURNING,DIVIDED - W/MEDIAN (NOT RAISED),STOP SIGN/FLASHER,UNABLE TO DETERMINE,FAILING TO REDUCE SPEED,0,0,0,0,18,4,7,156,HALSTED ST,41.778378,-87.730617,07/27/2016 07:52:00 PM,2016
CR00020894,12/05/2019 06:42:00 PM,15,CLEAR,DAYLIGHT,TURNING,T-INTERSECTION,UNKNOWN,IMPROPER OVERTAKING/PASSING,FAILING TO YIELD RIGHT-OF-WAY,0,0,0,0,18,5,12,909,47TH ST,41.955451,-87.58501,12/05/2019 08:36:00 PM,2019
CR00020895,05/21/2019 08:23:00 AM,25,CLOUDY/OVERCAST,DARKNESS - LIGHTED ROAD,REAR END,FOUR WAY,TRAFFIC SIGNAL,UNABLE TO DETERMINE,NOT APPLICABLE,0,0,0,0,8,3,5,676,DIVISION ST,41.888432,-87.684678,05/21/2019 09:27:00 AM,2019
CR00020896,09/30/2024 04:51:00 AM,30,CLEAR,DAYLIGHT,REAR TO FRONT,NOT DIVIDED,TRAFFIC SIGNAL,FAILING TO YIELD RIGHT-OF-WAY,FAILING TO REDUCE SPEED,0,0,0,0,4,2,9,381,ASHLAND AVE,41.700558,-87.675212,09/30/2024 05:56:00 AM,2024
CR00020897,05/18/2021 06:49:00 PM,25,CLEAR,DAYLIGHT,REAR END,NOT DIVIDED,NO CONTROLS,UNABLE TO DETERMINE,NOT APPLICABLE,0,0,0,0,18,3,5,264,MILWAUKEE AVE,41.732685,-87.504482,05/18/2021 07:17:00 PM,2021
CR00020898,04/20/2021 04:45:00 PM,45,CLEAR,DAYLIGHT,REAR TO FRONT,ONE-WAY,TRAFFIC SIGNAL,UNABLE TO DETERMINE,UNABLE TO DETERMINE,0,0,0,0,16,3,4,963,DIVISION ST,41.740232,-87.772473,04/20/2021 05:29:00 PM,2021