CRASH_RECORD_ID,CRASH_DATE,POSTED_SPEED_LIMIT,WEATHER_CONDITION,LIGHTING_CONDITION,FIRST_CRASH_TYPE,TRAFFICWAY_TYPE,TRAFFIC_CONTROL_DEVICE,PRIM_CONTRIBUTORY_CAUSE,SEC_CONTRIBUTORY_CAUSE,INJURIES_FATAL,INJURIES_INCAPACITATING,INJURIES_NON_INCAPACITATING,INJURIES_TOTAL,CRASH_HOUR,CRASH_DAY_OF_WEEK,CRASH_MONTH,BEAT_OF_OCCURRENCE,STREET_NAME,LATITUDE,LONGITUDE,DATE_POLICE_NOTIFIED,year
CR00020899,12/04/2024 07:12:00 AM,25,FREEZING RAIN/DRIZZLE,DAYLIGHT,REAR END,DIVIDED - W/MEDIAN (NOT RAISED),NO CONTROLS,IMPROPER LANE USAGE,UNABLE TO DETERMINE,0,0,1,1,7,4,12,1743,63RD ST,41.974363,-87.651026,12/04/2024 07:21:00 AM,2024
CR00020900,07/18/2016 02:19:00 PM,35,CLOUDY/OVERCAST,DAYLIGHT,PARKED MOTOR VEHICLE,T-INTERSECTION,TRAFFIC SIGNAL,FAILING TO YIELD RIGHT-OF-WAY,IMPROPER LANE USAGE,0,0,0,0,14,2,7,105,ROOSEVELT RD,41.70054,-87.800997,07/18/2016 02:53:00 PM,2016
CR00020901,04/12/2020 08:47:00 PM,30,CLEAR,DAYLIGHT,ANGLE,NOT DIVIDED,STOP SIGN/FLASHER,DRIVING SKILLS/KNOWLEDGE/EXPERIENCE,UNABLE TO DETERMINE,0,0,0,0,20,1,4,1963,CICERO AVE,41.880447,-87.709261,04/12/2020 09:33:00 PM,2020
CR00020902,06/07/2024 04:46:00 PM,25,CLEAR,DAYLIGHT,TURNING,DIVIDED - W/MEDIAN (NOT RAISED),NO CONTROLS,UNABLE TO DETERMINE,NOT APPLICABLE,0,0,0,0,16,6,6,1800,MILWAUKEE AVE,41.771689,-87.513922,06/07/2024 05:42:00 PM,2024
CR00020903,07/04/2023 06:39:00 PM,20,SNOW,DARKNESS,TURNING,NOT DIVIDED,STOP SIGN/FLASHER,UNABLE TO DETERMINE,UNABLE TO DETERMINE,0,0,0,0,18,3,7,1797,CALIFORNIA AVE,41.758425,-87.706176,07/04/2023 08:38:00 PM,2023
CR00020904,06/11/2022 06:15:00 PM,25,CLEAR,DARKNESS - LIGHTED ROAD,SIDESWIPE SAME DIRECTION,FOUR WAY,TRAFFIC SIGNAL,DISTRACTION - FROM INSIDE VEHICLE,DISTRACTION - FROM INSIDE VEHICLE,0,0,0,0,18,7,6,464,CLARK ST,41.894025,-87.64399,06/11/2022 06:24:00 PM,2022
CR00020905,08/19/2015 03:56:00 PM,45,FREEZING RAIN/DRIZZLE,DAYLIGHT,PARKED MOTOR VEHICLE,DIVIDED - W/MEDIAN (NOT RAISED),UNKNOWN,IMPROPER LANE USAGE,IMPROPER LANE USAGE,0,0,0,0,15,4,8,2116,BROADWAY,41.87903,-87.660572,08/19/2015 04:20:00 PM,2015
CR00020906,11/22/2022 07:10:00 AM,35,CLEAR,DAYLIGHT,PEDESTRIAN,NOT DIVIDED,NO CONTROLS,DISREGARDING TRAFFIC SIGNALS,NOT APPLICABLE,0,0,0,0,7,3,11,1657,KEDZIE AVE,41.720804,-87.770294,11/22/2022 08:28:00 AM,2022
CR00020907,04/25/2018 05:12:00 AM,45,FREEZING RAIN/DRIZZLE,DAYLIGHT,REAR END,NOT DIVIDED,PEDESTRIAN CROSSING SIGN,IMPROPER OVERTAKING/PASSING,UNABLE TO DETERMINE,0,0,0,0,5,4,4,1642,LAKE SHORE DR,41.824818,-87.81584,04/25/2018 06:15:00 AM,2018
CR00020908,11/25/2016 10:32:00 AM,30,CLEAR,DARKNESS - LIGHTED ROAD,ANGLE,DIVIDED - W/MEDIAN (NOT RAISED),NO CONTROLS,FOLLOWING TOO CLOSELY,NOT APPLICABLE,0,0,0,0,10,6,11,666,63RD ST,41.84766,-87.620142,11/25/2016 12:08:00 PM,2016
CR00020909,07/26/2016 11:36:00 AM,35,CLEAR,DAYLIGHT,ANGLE,DIVIDED - W/MEDIAN BARRIER,STOP SIGN/FLASHER,UNABLE TO DETERMINE,NOT APPLICABLE,0,0,0,0,11,3,7,886,IRVING PARK RD,41.750591,-87.789783,07/26/2016 01:08:00 PM,2016
CR00020910,11/10/2020 09:44:00 AM,45,CLEAR,DAWN,TURNING,FOUR WAY,PEDESTRIAN CROSSING SIGN,FOLLOWING TOO CLOSELY,NOT APPLICABLE,0,0,1,1,9,3,11,305,STATE ST,41.857811,-87.597827,11/10/2020 10:50:00 AM,2020
CR00020911,07/05/2015 07:39:00 AM,30,CLEAR,DAWN,REAR END,NOT DIVIDED,NO CONTROLS,FAILING TO REDUCE SPEED,DISREGARDING TRAFFIC SIGNALS,0,0,0,0,7,1,7,702,79TH ST,41.936645,-87.652402,07/05/2015 09:29:00 AM,2015
CR00020912,09/12/2024 08:40:00 AM,25,CLEAR,DAYLIGHT,SIDESWIPE SAME DIRECTION,NOT DIVIDED,STOP SIGN/FLASHER,WEATHER,DISREGARDING TRAFFIC SIGNALS,0,0,0,0,8,5,9,1742,ARCHER AVE,41.760773,-87.72416,09/12/2024 10:14:00 AM,2024
CR00020913,09/18/2015 04:50:00 PM,35,RAIN,DARKNESS - LIGHTED ROAD,TURNING,DIVIDED - W/MEDIAN (NOT RAISED),NO CONTROLS,UNABLE TO DETERMINE,DISREGARDING TRAFFIC SIGNALS,0,0,0,0,16,6,9,2343,HALSTED ST,41.844564,-87.55703,09/18/2015 05:38:00 PM,2015
CR00020914,03/04/2017 08:29:00 PM,35,CLEAR,DAYLIGHT,TURNING,ONE-WAY,STOP SIGN/FLASHER,UNABLE TO DETERMINE,IMPROPER OVERTAKING/PASSING,0,0,0,0,20,7,3,458,STONY ISLAND AVE,41.788843,-87.669625,03/04/2017 08:47:00 PM,2017
CR00020915,04/10/2019 10:42:00 PM,25,CLEAR,DAYLIGHT,ANGLE,FOUR WAY,STOP SIGN/FLASHER,IMPROPER LANE USAGE,DRIVING SKILLS/KNOWLEDGE/EXPERIENCE,0,0,0,0,22,4,4,1315,ARCHER AVE,41.925155,-87.785233,04/11/2019 12:37:00 AM,2019
CR00020916,04/11/2020 08:41:00 PM,30,CLEAR,DAYLIGHT,SIDESWIPE SAME DIRECTION,T-INTERSECTION,TRAFFIC SIGNAL,DISTRACTION - FROM INSIDE VEHICLE,IMPROPER OVERTAKING/PASSING,0,0,0,0,20,7,4,528,DIVISION ST,41.920643,-87.818225,04/11/2020 10:16:00 PM,2020
CR00020917,02/03/2018 07:37:00 AM,30,CLEAR,DAYLIGHT,SIDESWIPE SAME DIRECTION,FOUR WAY,NO CONTROLS,FAILING TO YIELD RIGHT-OF-WAY,FOLLOWING TOO CLOSELY,0,0,0,0,7,7,2,1800,MILWAUKEE AVE,41.91176,-87.777094,02/03/2018 08:34:00 AM,2018
CR00020918,07/09/2022 03:41:00 PM,30,SNOW,DARKNESS,TURNING,NOT DIVIDED,NO CONTROLS,UNABLE TO DETERMINE,FOLLOWING TOO CLOSELY,0,1,2,3,15,7,7,1610,FULLERTON AVE,41.73992,-87.769524,07/09/2022 04:18:00 PM,2022
CR00020919,07/23/2018 06:25:00 AM,20,CLEAR,DAYLIGHT,REAR END,ONE-WAY,YIELD,FOLLOWING TOO CLOSELY,UNABLE TO DETERMINE,0,0,0,0,6,2,7,873,BROADWAY,41.874195,-87.836181,07/23/2018 06:50:00 AM,2018
CR00020920,07/06/2023 02:42:00 AM,20,SNOW,DAYLIGHT,SIDESWIPE SAME DIRECTION,NOT DIVIDED,TRAFFIC SIGNAL,DRIVING SKILLS/KNOWLEDGE/EXPERIENCE,DRIVING SKILLS/KNOWLEDGE/EXPERIENCE,0,2,2,4,2,5,7,1599,CICERO AVE,41.794575,-87.560678,07/06/2023 04:35:00 AM,2023
CR00020921,10/24/2018 06:39:00 PM,25,CLEAR,DAWN,PARKED MOTOR VEHICLE,DIVIDED - W/MEDIAN (NOT RAISED),NO CONTROLS,DISTRACTION - FROM INSIDE VEHICLE,IMPROPER LANE USAGE,0,0,0,0,18,4,10,2064,LAKE SHORE DR,41.78141,-87.59071,10/24/2018 07:51:00 PM,2018
CR00020922,12/28/2022 10:42:00 AM,20,CLEAR,DAYLIGHT,PARKED MOTOR VEHICLE,NOT DIVIDED,TRAFFIC SIGNAL,FOLLOWING TOO CLOSELY,FAILING TO YIELD RIGHT-OF-WAY,0,0,0,0,10,4,12,478,CICERO AVE,41.96486,-87.637306,12/28/2022 12:35:00 PM,2022
CR00020923,03/06/2022 06:22:00 AM,40,RAIN,DARKNESS - LIGHTED ROAD,TURNING,NOT DIVIDED,TRAFFIC SIGNAL,DISTRACTION - FROM INSIDE VEHICLE,IMPROPER OVERTAKING/PASSING,0,0,0,0,6,1,3,267,PULASKI RD,41.765902,-87.574014,03/06/2022 07:54:00 AM,2022
CR00020924,11/28/2018 02:53:00 PM,35,RAIN,DAYLIGHT,PARKED MOTOR VEHICLE,DIVIDED - W/MEDIAN (NOT RAISED),NO CONTROLS,FAILING TO YIELD RIGHT-OF-WAY,FAILING TO YIELD RIGHT-OF-WAY,0,0,0,0,14,4,11,2144,CICERO AVE,41.88836,-87.534838,11/28/2018 03:10:00 PM,2018
CR00020925,05/28/2023 09:22:00 PM,25,CLOUDY/OVERCAST,DAYLIGHT,PARKED MOTOR VEHICLE,NOT DIVIDED,STOP SIGN/FLASHER,DRIVING SKILLS/KNOWLEDGE/EXPERIENCE,UNABLE TO DETERMINE,0,0,0,0,21,1,5,1257,HALSTED ST,41.99347,-87.548937,05/28/2023 09:33:00 PM,2023
CR00020926,07/02/2016 09:44:00 AM,30,CLEAR,DAYLIGHT,ANGLE,NOT DIVIDED,TRAFFIC SIGNAL,FAILING TO REDUCE SPEED,IMPROPER LANE USAGE,0,0,0,0,9,7,7,463,IRVING PARK RD,41.938326,-87.532021,07/02/2016 10:25:00 AM,2016
CR00020927,06/19/2022 01:08:00 PM,40,CLEAR,DARKNESS - LIGHTED ROAD,PARKED MOTOR VEHICLE,NOT DIVIDED,TRAFFIC SIGNAL,FOLLOWING TOO CLOSELY,IMPROPER OVERTAKING/PASSING,0,0,3,3,13,1,6,2261,ELSTON AVE,41.924982,-87.712741,06/19/2022 01:17:00 PM,2022
CR00020928,10/14/2018 07:43:00 PM,20,SNOW,DAYLIGHT,ANGLE,NOT DIVIDED,STOP SIGN/FLASHER,WEATHER,IMPROPER LANE USAGE,0,0,0,0,19,1,10,760,MICHIGAN AVE,41.90157,-87.694456,10/14/2018 08:17:00 PM,2018
CR00020929,08/18/2020 08:48:00 PM,30,CLEAR,DAYLIGHT,REAR TO FRONT,NOT DIVIDED,STOP SIGN/FLASHER,FAILING TO YIELD RIGHT-OF-WAY,FAILING TO REDUCE SPEED,0,0,1,1,20,3,8,2023,ARCHER AVE,41.891737,-87.671772,08/18/2020 10:45:00 PM,2020
CR00020930,12/30/2015 04:13:00 PM,45,RAIN,DAYLIGHT,PEDESTRIAN,NOT DIVIDED,NO CONTROLS,IMPROPER LANE USAGE,UNABLE TO DETERMINE,0,0,1,1,16,4,12,2184,PULASKI RD,41.976982,-87.521492,12/30/2015 05:09:00 PM,2015
CR00020931,07/03/2018 07:07:00 PM,35,SNOW,DAYLIGHT,ANGLE,DIVIDED - W/MEDIAN (NOT RAISED),STOP SIGN/FLASHER,FAILING TO YIELD RIGHT-OF-WAY,NOT APPLICABLE,0,0,0,0,19,3,7,1955,DAMEN AVE,41.917464,-87.767843,07/03/2018 07:16:00 PM,2018
CR00020932,08/14/2023 10:14:00 PM,30,CLEAR,DAYLIGHT,REAR END,DIVIDED - W/MEDIAN (NOT RAISED),TRAFFIC SIGNAL,FOLLOWING TOO CLOSELY,FAILING TO REDUCE SPEED,0,0,1,1,22,2,8,477,PULASKI RD,41.975404,-87.666487,08/14/2023 10:25:00 PM,2023
CR00020933,10/12/2022 06:43:00 AM,30,CLEAR,DAYLIGHT,REAR END,NOT DIVIDED,UNKNOWN,FAILING TO REDUCE SPEED,FOLLOWING TOO CLOSELY,0,0,3,3,6,4,10,279,DIVISION ST,41.928768,-87.566247,10/12/2022 08:34:00 AM,2022
CR00020934,01/09/2024 12:59:00 PM,30,CLOUDY/OVERCAST,DAYLIGHT,REAR END,NOT DIVIDED,NO CONTROLS,UNABLE TO DETERMINE,IMPROPER LANE USAGE,0,0,0,0,12,3,1,153,47TH ST,41.978567,-87.510585,01/09/2024 02:17:00 PM,2024
CR00020935,01/19/2019 10:45:00 PM,20,CLEAR,DARKNESS,REAR TO FRONT,NOT DIVIDED,STOP SIGN/FLASHER,IMPROPER OVERTAKING/PASSING,FAILING TO REDUCE SPEED,0,0,0,0,22,7,1,341,CALIFORNIA AVE,41.939597,-87.736803,01/19/2019 11:51:00 PM,2019
CR00020936,02/17/2021 09:22:00 AM,15,CLEAR,DAYLIGHT,SIDESWIPE SAME DIRECTION,NOT DIVIDED,NO CONTROLS,FOLLOWING TOO CLOSELY,FAILING TO YIELD RIGHT-OF-WAY,0,0,0,0,9,4,2,1110,STONY ISLAND AVE,41.810994,-87.691287,02/17/2021 11:08:00 AM,2021
CR00020937,11/06/2021 02:06:00 PM,25,RAIN,DAYLIGHT,REAR END,DIVIDED - W/MEDIAN (NOT RAISED),NO CONTROLS,UNABLE TO DETERMINE,IMPROPER LANE USAGE,0,0,0,0,14,7,11,1532,PULASKI RD,41.812429,-87.580994,11/06/2021 02:46:00 PM,2021
CR00020938,07/12/2017 10:11:00 AM,15,CLOUDY/OVERCAST,DAWN,ANGLE,FOUR WAY,STOP SIGN/FLASHER,DRIVING SKILLS/KNOWLEDGE/EXPERIENCE,IMPROPER OVERTAKING/PASSING,0,1,0,1,10,4,7,1345,DAMEN AVE,41.869599,-87.812635,07/12/2017 10:19:00 AM,2017
CR00020939,01/23/2022 01:24:00 AM,30,CLEAR,DAYLIGHT,REAR END,NOT DIVIDED,NO CONTROLS,FAILING TO YIELD RIGHT-OF-WAY,UNABLE TO DETERMINE,0,0,0,0,1,1,1,285,DAMEN AVE,41.964831,-87.553526,01/23/2022 02:19:00 AM,2022
CR00020940,07/22/2022 07:13:00 AM,35,CLEAR,DAYLIGHT,REAR END,ONE-WAY,TRAFFIC SIGNAL,IMPROPER OVERTAKING/PASSING,IMPROPER LANE USAGE,0,0,0,0,7,6,7,247,DIVISION ST,41.996095,-87.586834,07/22/2022 08:46:00 AM,2022
CR00020941,03/17/2016 03:19:00 PM,25,CLEAR,DAYLIGHT,REAR END,ONE-WAY,NO CONTROLS,FAILING TO YIELD RIGHT-OF-WAY,NOT APPLICABLE,0,0,2,2,15,5,3,2062,LAKE SHORE DR,41.709866,-87.751933,03/17/2016 04:45:00 PM,2016
CR00020942,06/20/2015 04:59:00 PM,30,CLEAR,DAYLIGHT,REAR TO FRONT,ONE-WAY,STOP SIGN/FLASHER,DRIVING SKILLS/KNOWLEDGE/EXPERIENCE,UNABLE TO DETERMINE,0,0,2,2,16,7,6,149,47TH ST,41.776845,-87.61353,06/20/2015 05:17:00 PM,2015
CR00020943,05/10/2023 02:24:00 PM,15,CLEAR,DAYLIGHT,PEDESTRIAN,T-INTERSECTION,YIELD,IMPROPER LANE USAGE,NOT APPLICABLE,0,0,0,0,14,4,5,989,STONY ISLAND AVE,41.954377,-87.626709,05/10/2023 03:14:00 PM,2023
CR00020944,08/12/2015 09:03:00 PM,20,RAIN,DAYLIGHT,TURNING,DIVIDED - W/MEDIAN (NOT RAISED),STOP SIGN/FLASHER,FAILING TO YIELD RIGHT-OF-WAY,NOT APPLICABLE,0,0,0,0,21,4,8,2326,CLARK ST,41.984146,-87.644286,08/12/2015 09:13:00 PM,2015
CR00020945,03/23/2016 09:15:00 PM,30,CLEAR,DAYLIGHT,ANGLE,NOT DIVIDED,STOP SIGN/FLASHER,UNABLE TO DETERMINE,FOLLOWING TOO CLOSELY,0,0,0,0,21,4,3,1326,47TH ST,41.938454,-87.769662,03/23/2016 10:38:00 PM,2016
CR00020946,07/23/2022 01:53:00 PM,30,CLEAR,DAYLIGHT,ANGLE,DIVIDED - W/MEDIAN BARRIER,NO CONTROLS,DISREGARDING TRAFFIC SIGNALS,NOT APPLICABLE,0,0,0,0,13,7,7,485,FULLERTON AVE,41.826926,-87.793031,07/23/2022 02:12:00 PM,2022
CR00020947,11/05/2020 08:29:00 AM,30,CLEAR,DAYLIGHT,SIDESWIPE SAME DIRECTION,DIVIDED - W/MEDIAN BARRIER,NO CONTROLS,UNABLE TO DETERMINE,UNABLE TO DETERMINE,0,0,0,0,8,5,11,363,DAMEN AVE,41.770321,-87.818952,11/05/2020 10:21:00 AM,2020
CR00020948,05/09/2018 03:18:00 PM,15,CLEAR,DARKNESS - LIGHTED ROAD,ANGLE,DIVIDED - W/MEDIAN (NOT RAISED),NO CONTROLS,IMPROPER OVERTAKING/PASSING,NOT APPLICABLE,0,0,0,0,15,4,5,968,HALSTED ST,41.891825,-87.778077,05/09/2018 05:03:00 PM,2018
CR00020949,10/28/2017 07:42:00 AM,45,CLOUDY/OVERCAST,DAYLIGHT,REAR END,DIVIDED - W/MEDIAN (NOT RAISED),TRAFFIC SIGNAL,FAILING TO REDUCE SPEED,NOT APPLICABLE,0,0,0,0,7,7,10,1520,MILWAUKEE AVE,41.921813,-87.515835,10/28/2017 09:05:00 AM,2017
CR00020950,09/24/2023 07:48:00 AM,40,CLEAR,DAYLIGHT,ANGLE,DIVIDED - W/MEDIAN BARRIER,STOP SIGN/FLASHER,IMPROPER LANE USAGE,NOT APPLICABLE,0,0,0,0,7,1,9,2409,CICERO AVE,41.723217,-87.638416,09/24/2023 09:47:00 AM,2023
CR00020951,08/29/2017 11:16:00 AM,30,CLEAR,DARKNESS - LIGHTED ROAD,ANGLE,FOUR WAY,NO CONTROLS,IMPROPER LANE USAGE,UNABLE TO DETERMINE,0,0,1,1,11,3,8,2215,63RD ST,41.778664,-87.754302,08/29/2017 12:51:00 PM,2017
CR00020952,06/11/2024 05:08:00 PM,20,CLEAR,DARKNESS - LIGHTED ROAD,TURNING,DIVIDED - W/MEDIAN (NOT RAISED),STOP SIGN/FLASHER,UNABLE TO DETERMINE,UNABLE TO DETERMINE,0,0,0,0,17,3,6,1825,FULLERTON AVE,41.927908,-87.739964,06/11/2024 05:30:00 PM,2024
CR00020953,06/10/2017 10:23:00 PM,45,CLEAR,DAWN,SIDESWIPE SAME DIRECTION,NOT DIVIDED,TRAFFIC SIGNAL,FOLLOWING TOO CLOSELY,UNABLE TO DETERMINE,0,0,0,0,22,7,6,548,FULLERTON AVE,41.922724,-87.557757,06/10/2017 10:44:00 PM,2017
CR00020954,12/07/2017 08:45:00 AM,40,RAIN,DARKNESS - LIGHTED ROAD,REAR END,ONE-WAY,PEDESTRIAN CROSSING SIGN,DISREGARDING TRAFFIC SIGNALS,FOLLOWING TOO CLOSELY,0,0,0,0,8,5,12,1749,ROOSEVELT RD,41.754033,-87.728318,12/07/2017 10:27:00 AM,2017
CR00020955,03/02/2018 06:02:00 PM,30,CLEAR,DARKNESS,SIDESWIPE SAME DIRECTION,NOT DIVIDED,UNKNOWN,FAILING TO YIELD RIGHT-OF-WAY,IMPROPER OVERTAKING/PASSING,0,0,0,0,18,6,3,1508,79TH ST,41.954377,-87.533237,03/02/2018 06:12:00 PM,2018
CR00020956,06/02/2018 01:16:00 AM,30,RAIN,DAYLIGHT,ANGLE,NOT DIVIDED,UNKNOWN,FAILING TO REDUCE SPEED,UNABLE TO DETERMINE,0,0,0,0,1,7,6,2320,DIVISION ST,41.815262,-87.822705,06/02/2018 01:18:00 AM,2018
CR00020957,04/03/2021 01:51:00 PM,20,SNOW,DARKNESS,REAR END,DIVIDED - W/MEDIAN (NOT RAISED),TRAFFIC SIGNAL,UNABLE TO DETERMINE,DRIVING SKILLS/KNOWLEDGE/EXPERIENCE,0,0,0,0,13,7,4,1191,KEDZIE AVE,41.952635,-87.847037,04/03/2021 02:29:00 PM,2021
CR00020958,12/20/2019 10:43:00 PM,20,CLEAR,DARKNESS - LIGHTED ROAD,REAR END,ONE-WAY,NO CONTROLS,FAILING TO YIELD RIGHT-OF-WAY,UNABLE TO DETERMINE,0,0,1,1,22,6,12,375,KEDZIE AVE,41.988183,-87.624107,12/20/2019 11:44:00 PM,2019
CR00020959,06/13/2018 07:05:00 AM,35,CLEAR,DARKNESS,FIXED OBJECT,NOT DIVIDED,STOP SIGN/FLASHER,FOLLOWING TOO CLOSELY,FOLLOWING TOO CLOSELY,0,0,0,0,7,4,6,1119,DIVISION ST,41.748982,-87.625892,06/13/2018 08:55:00 AM,2018
CR00020960,06/16/2019 08:15:00 PM,25,CLEAR,DAYLIGHT,TURNING,NOT DIVIDED,UNKNOWN,DISTRACTION - FROM INSIDE VEHICLE,IMPROPER OVERTAKING/PASSING,0,0,0,0,20,1,6,822,FULLERTON AVE,41.932965,-87.710884,06/16/2019 09:45:00 PM,2019
CR00020961,10/07/2019 06:03:00 PM,30,CLEAR,DAYLIGHT,SIDESWIPE SAME DIRECTION,ONE-WAY,NO CONTROLS,DISTRACTION - FROM INSIDE VEHICLE,DRIVING SKILLS/KNOWLEDGE/EXPERIENCE,0,0,0,0,18,2,10,1362,CLARK ST,41.823562,-87.803043,10/07/2019 08:03:00 PM,2019
CR00020962,06/11/2021 08:34:00 AM,45,RAIN,DAYLIGHT,TURNING,NOT DIVIDED,NO CONTROLS,FAILING TO REDUCE SPEED,NOT APPLICABLE,0,0,0,0,8,6,6,1476,WESTERN AVE,41.961006,-87.633255,06/11/2021 10:08:00 AM,2021
CR00020963,02/18/2017 09:27:00 AM,30,CLEAR,DARKNESS - LIGHTED ROAD,REAR END,FOUR WAY,NO CONTROLS,IMPROPER OVERTAKING/PASSING,DISREGARDING TRAFFIC SIGNALS,0,0,0,0,9,7,2,935,ASHLAND AVE,41.959105,-87.741914,02/18/2017 10:56:00 AM,2017
CR00020964,06/05/2016 01:08:00 PM,30,CLEAR,DARKNESS - LIGHTED ROAD,PEDESTRIAN,DIVIDED - W/MEDIAN (NOT RAISED),NO CONTROLS,UNABLE TO DETERMINE,IMPROPER OVERTAKING/PASSING,0,0,0,0,13,1,6,2118,IRVING PARK RD,41.80419,-87.831696,06/05/2016 01:52:00 PM,2016
CR00020965,08/25/2023 06:59:00 PM,35,CLOUDY/OVERCAST,DARKNESS - LIGHTED ROAD,PARKED MOTOR VEHICLE,NOT DIVIDED,NO CONTROLS,FAILING TO YIELD RIGHT-OF-WAY,UNABLE TO DETERMINE,0,0,0,0,18,6,8,1408,CICERO AVE,41.858466,-87.719747,08/25/2023 08:33:00 PM,2023
CR00020966,07/05/2022 03:05:00 PM,40,SNOW,DAYLIGHT,ANGLE,NOT DIVIDED,STOP SIGN/FLASHER,IMPROPER OVERTAKING/PASSING,NOT APPLICABLE,0,0,0,0,15,3,7,236,ASHLAND AVE,41.782985,-87.726944,07/05/2022 04:59:00 PM,2022
CR00020967,05/20/2018 04:45:00 PM,35,CLEAR,DAYLIGHT,TURNING,NOT DIVIDED,NO CONTROLS,FAILING TO REDUCE SPEED,FAILING TO REDUCE SPEED,0,0,0,0,16,1,5,2459,IRVING PARK RD,41.717196,-87.666858,05/20/2018 06:35:00 PM,2018
CR00020968,07/17/2022 07:20:00 PM,35,CLEAR,DARKNESS - LIGHTED ROAD,REAR END,DIVIDED - W/MEDIAN (NOT RAISED),TRAFFIC SIGNAL,UNABLE TO DETERMINE,FAILING TO YIELD RIGHT-OF-WAY,0,0,1,1,19,1,7,2520,KEDZIE AVE,41.761175,-87.533705,07/17/2022 08:14:00 PM,2022
CR00020969,08/29/2016 07:31:00 PM,45,CLEAR,DARKNESS - LIGHTED ROAD,PARKED MOTOR VEHICLE,NOT DIVIDED,UNKNOWN,DISTRACTION - FROM INSIDE VEHICLE,UNABLE TO DETERMINE,0,0,0,0,19,2,8,2419,ROOSEVELT RD,41.968193,-87.598918,08/29/2016 09:10:00 PM,2016
CR00020970,06/16/2018 04:14:00 PM,40,CLEAR,DAYLIGHT,REAR END,ONE-WAY,NO CONTROLS,WEATHER,UNABLE TO DETERMINE,0,0,0,0,16,7,6,577,KEDZIE AVE,41.872213,-87.59457,06/16/2018 04:28:00 PM,2018
CR00020971,09/28/2018 08:47:00 PM,25,RAIN,DARKNESS,REAR END,DIVIDED - W/MEDIAN (NOT RAISED),STOP SIGN/FLASHER,DRIVING SKILLS/KNOWLEDGE/EXPERIENCE,IMPROPER OVERTAKING/PASSING,0,0,0,0,20,6,9,1073,HALSTED ST,41.753113,-87.606233,09/28/2018 09:40:00 PM,2018
CR00020972,10/27/2016 04:30:00 PM,15,CLEAR,DUSK,TURNING,T-INTERSECTION,STOP SIGN/FLASHER,DISTRACTION - FROM INSIDE VEHICLE,IMPROPER LANE USAGE,0,0,0,0,16,5,10,1504,ELSTON AVE,41.831034,-87.579117,10/27/2016 05:22:00 PM,2016
CR00020973,02/15/2022 12:28:00 AM,40,FREEZING RAIN/DRIZZLE,DARKNESS - LIGHTED ROAD,TURNING,DIVIDED - W/MEDIAN (NOT RAISED),TRAFFIC SIGNAL,UNABLE TO DETERMINE,FAILING TO REDUCE SPEED,0,0,0,0,0,3,2,1169,LAKE SHORE DR,41.98096,-87.564438,02/15/2022 12:51:00 AM,2022
CR00020974,02/23/2023 12:12:00 AM,30,CLEAR,DAYLIGHT,REAR END,FOUR WAY,TRAFFIC SIGNAL,UNABLE TO DETERMINE,FAILING TO REDUCE SPEED,0,0,0,0,0,5,2,716,ELSTON AVE,41.752506,-87.680972,02/23/2023 01:56:00 AM,2023
CR00020975,06/17/2018 05:19:00 PM,20,CLEAR,DAYLIGHT,ANGLE,ONE-WAY,TRAFFIC SIGNAL,FAILING TO YIELD RIGHT-OF-WAY,FAILING TO YIELD RIGHT-OF-WAY,0,0,0,0,17,1,6,2105,CLARK ST,41.883979,-87.803105,06/17/2018 05:51:00 PM,2018
CR00020976,03/16/2021 12:56:00 AM,40,SNOW,DAYLIGHT,PARKED MOTOR VEHICLE,NOT DIVIDED,NO CONTROLS,FOLLOWING TOO CLOSELY,FAILING TO YIELD RIGHT-OF-WAY,0,0,0,0,0,3,3,1228,ELSTON AVE,41.884999,-87.513143,03/16/2021 01:28:00 AM,2021
CR00020977,02/16/2017 07:32:00 AM,35,CLEAR,DAYLIGHT,REAR END,NOT DIVIDED,STOP SIGN/FLASHER,UNABLE TO DETERMINE,DISTRACTION - FROM INSIDE VEHICLE,0,0,0,0,7,5,2,1081,ELSTON AVE,41.91353,-87.818479,02/16/2017 08:20:00 AM,2017
CR00020978,11/17/2023 06:44:00 AM,35,CLEAR,DARKNESS - LIGHTED ROAD,SIDESWIPE SAME DIRECTION,T-INTERSECTION,TRAFFIC SIGNAL,IMPROPER LANE USAGE,UNABLE TO DETERMINE,0,0,0,0,6,6,11,1702,ASHLAND AVE,41.931803,-87.682604,11/17/2023 07:52:00 AM,2023
CR00020979,12/19/2024 12:33:00 AM,30,CLEAR,DAYLIGHT,SIDESWIPE SAME DIRECTION,DIVIDED - W/MEDIAN (NOT RAISED),TRAFFIC SIGNAL,FOLLOWING TOO CLOSELY,FOLLOWING TOO CLOSELY,0,1,1,2,0,5,12,2532,ELSTON AVE,41.911639,-87.526562,12/19/2024 01:32:00 AM,2024
CR00020980,09/10/2016 07:04:00 AM,30,CLEAR,DAYLIGHT,SIDESWIPE SAME DIRECTION,NOT DIVIDED,NO CONTROLS,DISREGARDING TRAFFIC SIGNALS,UNABLE TO DETERMINE,0,0,0,0,7,7,9,380,CALIFORNIA AVE,41.983554,-87.67603,09/10/2016 07:43:00 AM,2016