CRASH_RECORD_ID,CRASH_DATE,POSTED_SPEED_LIMIT,WEATHER_CONDITION,LIGHTING_CONDITION,FIRST_CRASH_TYPE,TRAFFICWAY_TYPE,TRAFFIC_CONTROL_DEVICE,PRIM_CONTRIBUTORY_CAUSE,SEC_CONTRIBUTORY_CAUSE,INJURIES_FATAL,INJURIES_INCAPACITATING,INJURIES_NON_INCAPACITATING,INJURIES_TOTAL,CRASH_HOUR,CRASH_DAY_OF_WEEK,CRASH_MONTH,BEAT_OF_OCCURRENCE,STREET_NAME,LATITUDE,LONGITUDE,DATE_POLICE_NOTIFIED,year
CR00020981,02/01/2021 09:52:00 PM,15,RAIN,DARKNESS - LIGHTED ROAD,SIDESWIPE SAME DIRECTION,DIVIDED - W/MEDIAN (NOT RAISED),TRAFFIC SIGNAL,FAILING TO YIELD RIGHT-OF-WAY,DISTRACTION - FROM INSIDE VEHICLE,0,0,0,0,21,2,2,788,ROOSEVELT RD,41.714562,-87.680408,02/01/2021 11:08:00 PM,2021
CR00020982,01/29/2021 11:46:00 AM,20,CLEAR,DAWN,TURNING,DIVIDED - W/MEDIAN (NOT RAISED),NO CONTROLS,FAILING TO YIELD RIGHT-OF-WAY,IMPROPER OVERTAKING/PASSING,0,0,0,0,11,6,1,291,BROADWAY,41.93207,-87.667956,01/29/2021 01:05:00 PM,2021
CR00020983,07/02/2015 07:08:00 AM,30,SNOW,DAYLIGHT,TURNING,NOT DIVIDED,UNKNOWN,FOLLOWING TOO CLOSELY,DISREGARDING TRAFFIC SIGNALS,0,0,0,0,7,5,7,215,MICHIGAN AVE,41.920245,-87.63302,07/02/2015 08:38:00 AM,2015
CR00020984,05/20/2020 01:15:00 PM,35,CLEAR,DARKNESS - LIGHTED ROAD,SIDESWIPE SAME DIRECTION,DIVIDED - W/MEDIAN (NOT RAISED),NO CONTROLS,IMPROPER OVERTAKING/PASSING,DISTRACTION - FROM INSIDE VEHICLE,0,0,0,0,13,4,5,1071,STONY ISLAND AVE,41.80687,-87.600948,05/20/2020 01:35:00 PM,2020
CR00020985,08/28/2017 08:52:00 AM,45,CLEAR,DAYLIGHT,REAR END,DIVIDED - W/MEDIAN BARRIER,TRAFFIC SIGNAL,IMPROPER OVERTAKING/PASSING,FAILING TO REDUCE SPEED,0,0,0,0,8,2,8,2295,CICERO AVE,41.751905,-87.568733,08/28/2017 10:24:00 AM,2017
CR00020986,03/19/2017 04:48:00 AM,30,RAIN,DARKNESS - LIGHTED ROAD,PARKED MOTOR VEHICLE,NOT DIVIDED,STOP SIGN/FLASHER,UNABLE TO DETERMINE,UNABLE TO DETERMINE,0,0,0,0,4,1,3,598,PULASKI RD,41.92674,-87.607699,03/19/2017 05:22:00 AM,2017
CR00020987,02/01/2019 10:10:00 AM,45,CLEAR,DAYLIGHT,REAR TO FRONT,NOT DIVIDED,STOP SIGN/FLASHER,FAILING TO YIELD RIGHT-OF-WAY,UNABLE TO DETERMINE,0,0,0,0,10,6,2,1383,IRVING PARK RD,41.974422,-87.843849,02/01/2019 10:13:00 AM,2019
CR00020988,08/11/2017 08:30:00 AM,30,CLEAR,DAYLIGHT,TURNING,NOT DIVIDED,NO CONTROLS,FAILING TO REDUCE SPEED,FOLLOWING TOO CLOSELY,0,0,0,0,8,6,8,1356,BROADWAY,41.872852,-87.582017,08/11/2017 10:17:00 AM,2017
CR00020989,07/11/2020 08:08:00 PM,30,RAIN,DAWN,PEDESTRIAN,FOUR WAY,NO CONTROLS,IMPROPER LANE USAGE,UNABLE TO DETERMINE,0,0,0,0,20,7,7,1433,MILWAUKEE AVE,41.995573,-87.60383,07/11/2020 09:09:00 PM,2020
CR00020990,05/09/2023 06:24:00 PM,35,CLEAR,DAYLIGHT,REAR END,DIVIDED - W/MEDIAN (NOT RAISED),UNKNOWN,IMPROPER OVERTAKING/PASSING,IMPROPER LANE USAGE,0,0,1,1,18,3,5,1558,BROADWAY,41.784575,-87.525817,05/09/2023 07:57:00 PM,2023
CR00020991,03/29/2019 06:28:00 PM,35,RAIN,DAYLIGHT,REAR END,DIVIDED - W/MEDIAN (NOT RAISED),PEDESTRIAN CROSSING SIGN,UNABLE TO DETERMINE,NOT APPLICABLE,0,0,0,0,18,6,3,472,LAKE SHORE DR,41.76816,-87.782206,03/29/2019 08:07:00 PM,2019
CR00020992,12/06/2019 12:50:00 AM,15,CLEAR,DAYLIGHT,REAR END,NOT DIVIDED,TRAFFIC SIGNAL,UNABLE TO DETERMINE,UNABLE TO DETERMINE,0,0,0,0,0,6,12,2099,ELSTON AVE,41.778428,-87.61768,12/06/2019 01:50:00 AM,2019
CR00020993,11/09/2017 07:25:00 PM,35,CLEAR,DARKNESS - LIGHTED ROAD,TURNING,NOT DIVIDED,TRAFFIC SIGNAL,UNABLE TO DETERMINE,FAILING TO YIELD RIGHT-OF-WAY,0,0,0,0,19,5,11,2058,KEDZIE AVE,41.737619,-87.807836,11/09/2017 08:18:00 PM,2017
CR00020994,01/11/2022 03:16:00 PM,40,CLEAR,DAYLIGHT,ANGLE,DIVIDED - W/MEDIAN (NOT RAISED),TRAFFIC SIGNAL,WEATHER,DRIVING SKILLS/KNOWLEDGE/EXPERIENCE,0,0,0,0,15,3,1,421,DAMEN AVE,41.797703,-87.704121,01/11/2022 04:55:00 PM,2022
CR00020995,03/15/2019 07:55:00 PM,30,CLEAR,DAYLIGHT,ANGLE,FOUR WAY,NO CONTROLS,FOLLOWING TOO CLOSELY,FAILING TO REDUCE SPEED,0,0,0,0,19,6,3,2168,ELSTON AVE,41.943374,-87.800938,03/15/2019 08:58:00 PM,2019
CR00020996,09/01/2022 12:49:00 PM,30,CLEAR,DARKNESS - LIGHTED ROAD,ANGLE,NOT DIVIDED,NO CONTROLS,FAILING TO REDUCE SPEED,IMPROPER LANE USAGE,0,0,2,2,12,5,9,819,CALIFORNIA AVE,41.82782,-87.742961,09/01/2022 01:01:00 PM,2022
CR00020997,02/13/2015 08:58:00 AM,35,CLEAR,DARKNESS - LIGHTED ROAD,REAR TO FRONT,FOUR WAY,TRAFFIC SIGNAL,FAILING TO YIELD RIGHT-OF-WAY,UNABLE TO DETERMINE,0,0,0,0,8,6,2,1634,63RD ST,41.969537,-87.604434,02/13/2015 10:23:00 AM,2015
CR00020998,10/15/2024 06:19:00 PM,30,CLEAR,DAYLIGHT,FIXED OBJECT,NOT DIVIDED,YIELD,FAILING TO REDUCE SPEED,IMPROPER LANE USAGE,0,1,1,2,18,3,10,1802,KEDZIE AVE,41.760519,-87.627037,10/15/2024 06:45:00 PM,2024
CR00020999,01/24/2017 05:05:00 PM,30,FOG/SMOKE/HAZE,DAYLIGHT,PARKED MOTOR VEHICLE,ONE-WAY,NO CONTROLS,FOLLOWING TOO CLOSELY,FAILING TO YIELD RIGHT-OF-WAY,0,0,0,0,17,3,1,1777,ASHLAND AVE,41.914765,-87.756063,01/24/2017 05:11:00 PM,2017
CR00021000,07/21/2016 05:33:00 PM,30,CLEAR,DAYLIGHT,TURNING,FOUR WAY,TRAFFIC SIGNAL,DISREGARDING TRAFFIC SIGNALS,UNABLE TO DETERMINE,0,0,0,0,17,5,7,1166,DAMEN AVE,41.927289,-87.50655,07/21/2016 05:47:00 PM,2016
CR00021001,04/13/2019 10:13:00 AM,45,CLEAR,DAYLIGHT,SIDESWIPE SAME DIRECTION,FOUR WAY,STOP SIGN/FLASHER,IMPROPER OVERTAKING/PASSING,UNABLE TO DETERMINE,0,0,0,0,10,7,4,1989,MICHIGAN AVE,41.772014,-87.732459,04/13/2019 11:26:00 AM,2019
CR00021002,10/11/2023 01:37:00 PM,35,RAIN,DAYLIGHT,SIDESWIPE SAME DIRECTION,ONE-WAY,TRAFFIC SIGNAL,FOLLOWING TOO CLOSELY,FAILING TO YIELD RIGHT-OF-WAY,0,0,0,0,13,4,10,2034,OGDEN AVE,41.831691,-87.626836,10/11/2023 02:38:00 PM,2023
CR00021003,06/13/2023 05:00:00 PM,30,RAIN,DAYLIGHT,ANGLE,ONE-WAY,NO CONTROLS,FOLLOWING TOO CLOSELY,FAILING TO REDUCE SPEED,0,0,0,0,17,3,6,1954,FULLERTON AVE,41.88229,-87.508123,06/13/2023 05:06:00 PM,2023
CR00021004,08/07/2023 07:04:00 PM,25,CLEAR,DAYLIGHT,SIDESWIPE SAME DIRECTION,ONE-WAY,STOP SIGN/FLASHER,IMPROPER LANE USAGE,FAILING TO YIELD RIGHT-OF-WAY,0,0,0,0,19,2,8,318,ROOSEVELT RD,41.841116,-87.778775,08/07/2023 08:27:00 PM,2023
CR00021005,12/14/2021 04:41:00 PM,30,CLEAR,DARKNESS - LIGHTED ROAD,TURNING,DIVIDED - W/MEDIAN BARRIER,NO CONTROLS,UNABLE TO DETERMINE,FAILING TO REDUCE SPEED,0,0,0,0,16,3,12,2240,PULASKI RD,41.843298,-87.695888,12/14/2021 05:39:00 PM,2021
CR00021006,08/21/2022 06:27:00 PM,35,CLOUDY/OVERCAST,DAYLIGHT,REAR END,NOT DIVIDED,NO CONTROLS,DISTRACTION - FROM INSIDE VEHICLE,NOT APPLICABLE,0,0,0,0,18,1,8,2005,IRVING PARK RD,41.850788,-87.52102,08/21/2022 08:08:00 PM,2022
CR00021007,10/28/2015 02:59:00 AM,20,CLOUDY/OVERCAST,DARKNESS - LIGHTED ROAD,TURNING,ONE-WAY,TRAFFIC SIGNAL,FOLLOWING TOO CLOSELY,IMPROPER LANE USAGE,0,0,0,0,2,4,10,673,DIVISION ST,41.751095,-87.759091,10/28/2015 04:50:00 AM,2015
CR00021008,02/13/2018 08:32:00 AM,30,CLOUDY/OVERCAST,DAYLIGHT,REAR TO FRONT,FOUR WAY,NO CONTROLS,DISREGARDING TRAFFIC SIGNALS,IMPROPER OVERTAKING/PASSING,0,0,0,0,8,3,2,1796,MICHIGAN AVE,41.826513,-87.556544,02/13/2018 08:48:00 AM,2018
CR00021009,01/19/2018 01:43:00 PM,30,CLEAR,DAYLIGHT,ANGLE,DIVIDED - W/MEDIAN (NOT RAISED),NO CONTROLS,IMPROPER OVERTAKING/PASSING,UNABLE TO DETERMINE,0,0,1,1,13,6,1,1164,DIVISION ST,41.714016,-87.737104,01/19/2018 01:44:00 PM,2018
CR00021010,09/23/2020 04:08:00 PM,30,CLEAR,DUSK,ANGLE,NOT DIVIDED,TRAFFIC SIGNAL,DISTRACTION - FROM INSIDE VEHICLE,UNABLE TO DETERMINE,0,0,0,0,16,4,9,1279,STATE ST,41.849552,-87.825969,09/23/2020 05:11:00 PM,2020
CR00021011,04/14/2016 08:07:00 AM,30,CLEAR,DAYLIGHT,SIDESWIPE SAME DIRECTION,NOT DIVIDED,NO CONTROLS,UNABLE TO DETERMINE,FAILING TO REDUCE SPEED,0,0,0,0,8,5,4,2414,79TH ST,41.735716,-87.693829,04/14/2016 08:10:00 AM,2016
CR00021012,08/14/2020 03:28:00 PM,25,CLEAR,DARKNESS - LIGHTED ROAD,SIDESWIPE SAME DIRECTION,ONE-WAY,YIELD,UNABLE TO DETERMINE,UNABLE TO DETERMINE,0,0,1,1,15,6,8,800,DAMEN AVE,41.93226,-87.519357,08/14/2020 04:19:00 PM,2020
CR00021013,02/12/2023 08:26:00 AM,30,CLEAR,DAYLIGHT,TURNING,DIVIDED - W/MEDIAN BARRIER,NO CONTROLS,DISREGARDING TRAFFIC SIGNALS,DISTRACTION - FROM INSIDE VEHICLE,0,0,0,0,8,1,2,707,WESTERN AVE,41.779996,-87.603968,02/12/2023 08:40:00 AM,2023
CR00021014,10/21/2024 11:10:00 AM,15,CLEAR,DARKNESS - LIGHTED ROAD,PEDESTRIAN,NOT DIVIDED,UNKNOWN,UNABLE TO DETERMINE,UNABLE TO DETERMINE,0,0,0,0,11,2,10,2351,OGDEN AVE,41.837179,-87.684125,10/21/2024 11:34:00 AM,2024
CR00021015,04/25/2024 12:46:00 PM,30,CLOUDY/OVERCAST,DAYLIGHT,FIXED OBJECT,FOUR WAY,UNKNOWN,DISTRACTION - FROM INSIDE VEHICLE,NOT APPLICABLE,0,0,0,0,12,5,4,460,63RD ST,41.823863,-87.65786,04/25/2024 02:16:00 PM,2024
CR00021016,09/14/2018 07:23:00 AM,30,CLEAR,DAYLIGHT,REAR TO FRONT,FOUR WAY,STOP SIGN/FLASHER,UNABLE TO DETERMINE,FOLLOWING TOO CLOSELY,0,0,0,0,7,6,9,2210,ROOSEVELT RD,41.704339,-87.775615,09/14/2018 08:54:00 AM,2018
CR00021017,06/04/2022 06:58:00 PM,45,CLEAR,DARKNESS - LIGHTED ROAD,ANGLE,NOT DIVIDED,NO CONTROLS,IMPROPER LANE USAGE,DISTRACTION - FROM INSIDE VEHICLE,0,0,0,0,18,7,6,1156,79TH ST,41.843634,-87.750496,06/04/2022 07:03:00 PM,2022
CR00021018,07/14/2017 04:48:00 AM,30,CLEAR,DARKNESS - LIGHTED ROAD,REAR END,FOUR WAY,TRAFFIC SIGNAL,DRIVING SKILLS/KNOWLEDGE/EXPERIENCE,FOLLOWING TOO CLOSELY,0,0,0,0,4,6,7,1379,MILWAUKEE AVE,41.770459,-87.627885,07/14/2017 04:50:00 AM,2017
CR00021019,01/16/2016 12:00:00 PM,35,SNOW,DAYLIGHT,TURNING,ONE-WAY,STOP SIGN/FLASHER,IMPROPER OVERTAKING/PASSING,NOT APPLICABLE,0,0,0,0,12,7,1,1440,63RD ST,41.818293,-87.621553,01/16/2016 01:18:00 PM,2016
CR00021020,02/24/2022 07:44:00 AM,45,CLEAR,DAYLIGHT,PARKED MOTOR VEHICLE,DIVIDED - W/MEDIAN (NOT RAISED),UNKNOWN,IMPROPER OVERTAKING/PASSING,DISTRACTION - FROM INSIDE VEHICLE,0,0,0,0,7,5,2,1009,ARCHER AVE,41.778764,-87.681279,02/24/2022 08:25:00 AM,2022
CR00021021,12/18/2020 03:11:00 PM,45,CLOUDY/OVERCAST,DARKNESS - LIGHTED ROAD,REAR END,NOT DIVIDED,STOP SIGN/FLASHER,IMPROPER OVERTAKING/PASSING,UNABLE TO DETERMINE,0,0,0,0,15,6,12,941,FULLERTON AVE,41.920479,-87.787809,12/18/2020 04:03:00 PM,2020
CR00021022,07/18/2019 09:54:00 PM,30,SNOW,DARKNESS - LIGHTED ROAD,ANGLE,DIVIDED - W/MEDIAN (NOT RAISED),TRAFFIC SIGNAL,UNABLE TO DETERMINE,DISREGARDING TRAFFIC SIGNALS,0,0,0,0,21,5,7,1686,WESTERN AVE,41.847309,-87.534757,07/18/2019 10:27:00 PM,2019
CR00021023,01/29/2020 07:24:00 PM,20,CLEAR,DARKNESS - LIGHTED ROAD,PARKED MOTOR VEHICLE,NOT DIVIDED,NO CONTROLS,IMPROPER LANE USAGE,IMPROPER LANE USAGE,0,0,2,2,19,4,1,298,CICERO AVE,41.943324,-87.737221,01/29/2020 08:30:00 PM,2020
CR00021024,04/24/2023 03:08:00 PM,15,RAIN,DAYLIGHT,ANGLE,FOUR WAY,NO CONTROLS,UNABLE TO DETERMINE,FAILING TO YIELD RIGHT-OF-WAY,0,0,0,0,15,2,4,2369,ASHLAND AVE,41.916769,-87.611591,04/24/2023 04:19:00 PM,2023
CR00021025,03/07/2024 04:09:00 AM,30,CLEAR,DAYLIGHT,TURNING,NOT DIVIDED,TRAFFIC SIGNAL,FAILING TO YIELD RIGHT-OF-WAY,DISREGARDING TRAFFIC SIGNALS,0,0,0,0,4,5,3,1634,LAKE SHORE DR,41.835575,-87.700733,03/07/2024 05:39:00 AM,2024
CR00021026,02/08/2022 12:27:00 PM,45,CLEAR,DAYLIGHT,REAR END,DIVIDED - W/MEDIAN BARRIER,STOP SIGN/FLASHER,DISTRACTION - FROM INSIDE VEHICLE,IMPROPER OVERTAKING/PASSING,0,0,0,0,12,3,2,2147,OGDEN AVE,41.984592,-87.676858,02/08/2022 01:21:00 PM,2022
CR00021027,05/14/2016 11:33:00 AM,30,SNOW,DARKNESS - LIGHTED ROAD,ANGLE,ONE-WAY,TRAFFIC SIGNAL,UNABLE TO DETERMINE,UNABLE TO DETERMINE,0,0,0,0,11,7,5,1227,CALIFORNIA AVE,41.796391,-87.605217,05/14/2016 11:36:00 AM,2016
CR00021028,04/26/2018 09:46:00 PM,25,CLEAR,DAYLIGHT,REAR END,DIVIDED - W/MEDIAN BARRIER,TRAFFIC SIGNAL,UNABLE TO DETERMINE,IMPROPER LANE USAGE,0,0,0,0,21,5,4,2382,79TH ST,41.889197,-87.801826,04/26/2018 10:59:00 PM,2018
CR00021029,08/12/2017 12:38:00 AM,45,CLEAR,DARKNESS - LIGHTED ROAD,ANGLE,FOUR WAY,NO CONTROLS,UNABLE TO DETERMINE,NOT APPLICABLE,0,0,0,0,0,7,8,2071,BROADWAY,41.783539,-87.74604,08/12/2017 02:38:00 AM,2017
CR00021030,01/04/2021 12:44:00 AM,20,CLEAR,DAYLIGHT,REAR END,NOT DIVIDED,NO CONTROLS,DISREGARDING TRAFFIC SIGNALS,UNABLE TO DETERMINE,0,0,3,3,0,2,1,454,HALSTED ST,41.923089,-87.61141,01/04/2021 12:46:00 AM,2021
CR00021031,03/21/2017 09:16:00 AM,30,CLEAR,DARKNESS - LIGHTED ROAD,PARKED MOTOR VEHICLE,ONE-WAY,NO CONTROLS,FAILING TO YIELD RIGHT-OF-WAY,FAILING TO YIELD RIGHT-OF-WAY,0,0,0,0,9,3,3,1752,STATE ST,41.889794,-87.642712,03/21/2017 09:43:00 AM,2017
CR00021032,08/16/2023 04:36:00 PM,35,RAIN,DARKNESS - LIGHTED ROAD,REAR TO FRONT,DIVIDED - W/MEDIAN BARRIER,TRAFFIC SIGNAL,FOLLOWING TOO CLOSELY,UNABLE TO DETERMINE,0,0,0,0,16,4,8,1321,MICHIGAN AVE,41.706836,-87.68268,08/16/2023 05:47:00 PM,2023
CR00021033,02/04/2015 04:52:00 PM,30,CLEAR,DAYLIGHT,PEDESTRIAN,NOT DIVIDED,PEDESTRIAN CROSSING SIGN,IMPROPER OVERTAKING/PASSING,IMPROPER OVERTAKING/PASSING,0,0,0,0,16,4,2,2042,PULASKI RD,41.712518,-87.781916,02/04/2015 05:04:00 PM,2015
CR00021034,09/18/2022 11:48:00 AM,40,CLEAR,DAYLIGHT,ANGLE,NOT DIVIDED,NO CONTROLS,UNABLE TO DETERMINE,UNABLE TO DETERMINE,0,0,0,0,11,1,9,1997,ELSTON AVE,41.784958,-87.602617,09/18/2022 01:06:00 PM,2022
CR00021035,12/30/2021 10:15:00 AM,35,FREEZING RAIN/DRIZZLE,DAYLIGHT,TURNING,ONE-WAY,TRAFFIC SIGNAL,FOLLOWING TOO CLOSELY,NOT APPLICABLE,0,0,1,1,10,5,12,2255,OGDEN AVE,41.892104,-87.814967,12/30/2021 11:00:00 AM,2021
CR00021036,05/21/2019 11:05:00 PM,25,CLEAR,DAYLIGHT,TURNING,DIVIDED - W/MEDIAN (NOT RAISED),STOP SIGN/FLASHER,DRIVING SKILLS/KNOWLEDGE/EXPERIENCE,NOT APPLICABLE,0,0,0,0,23,3,5,1805,ARCHER AVE,41.785282,-87.757342,05/22/2019 12:51:00 AM,2019
CR00021037,06/03/2024 07:24:00 AM,20,CLEAR,DAYLIGHT,ANGLE,NOT DIVIDED,NO CONTROLS,UNABLE TO DETERMINE,IMPROPER LANE USAGE,0,0,0,0,7,2,6,204,ARCHER AVE,41.964276,-87.501183,06/03/2024 07:52:00 AM,2024
CR00021038,07/16/2018 11:09:00 AM,20,CLEAR,DAYLIGHT,PARKED MOTOR VEHICLE,DIVIDED - W/MEDIAN (NOT RAISED),NO CONTROLS,UNABLE TO DETERMINE,DISREGARDING TRAFFIC SIGNALS,0,0,0,0,11,2,7,467,ELSTON AVE,41.875362,-87.74864,07/16/2018 11:28:00 AM,2018
CR00021039,09/09/2022 11:57:00 AM,40,CLEAR,DAYLIGHT,PARKED MOTOR VEHICLE,FOUR WAY,STOP SIGN/FLASHER,UNABLE TO DETERMINE,DRIVING SKILLS/KNOWLEDGE/EXPERIENCE,0,0,2,2,11,6,9,136,WESTERN AVE,41.905139,-87.581353,09/09/2022 12:49:00 PM,2022
CR00021040,02/09/2018 10:59:00 AM,35,CLEAR,DAYLIGHT,PARKED MOTOR VEHICLE,NOT DIVIDED,STOP SIGN/FLASHER,FAILING TO REDUCE SPEED,UNABLE TO DETERMINE,0,0,0,0,10,6,2,1940,HALSTED ST,41.706652,-87.628687,02/09/2018 11:23:00 AM,2018
CR00021041,12/18/2023 10:27:00 PM,45,RAIN,DAYLIGHT,TURNING,NOT DIVIDED,NO CONTROLS,UNABLE TO DETERMINE,FOLLOWING TOO CLOSELY,0,0,1,1,22,2,12,1827,KEDZIE AVE,41.724081,-87.827362,12/19/2023 12:09:00 AM,2023
CR00021042,12/24/2021 01:15:00 PM,25,CLEAR,DARKNESS,REAR END,NOT DIVIDED,NO CONTROLS,FOLLOWING TOO CLOSELY,UNABLE TO DETERMINE,0,0,0,0,13,6,12,2142,MILWAUKEE AVE,41.897598,-87.637867,12/24/2021 01:26:00 PM,2021
CR00021043,03/07/2018 03:35:00 PM,45,CLEAR,DARKNESS - LIGHTED ROAD,REAR END,NOT DIVIDED,PEDESTRIAN CROSSING SIGN,IMPROPER OVERTAKING/PASSING,DRIVING SKILLS/KNOWLEDGE/EXPERIENCE,0,0,0,0,15,4,3,1391,DIVISION ST,41.918223,-87.814414,03/07/2018 05:08:00 PM,2018
CR00021044,11/04/2023 07:20:00 PM,30,CLEAR,DAYLIGHT,TURNING,NOT DIVIDED,UNKNOWN,IMPROPER LANE USAGE,NOT APPLICABLE,0,0,0,0,19,7,11,1674,MILWAUKEE AVE,41.963347,-87.819611,11/04/2023 09:19:00 PM,2023
CR00021045,10/02/2015 06:18:00 PM,20,CLEAR,DAYLIGHT,PEDESTRIAN,DIVIDED - W/MEDIAN (NOT RAISED),STOP SIGN/FLASHER,FOLLOWING TOO CLOSELY,UNABLE TO DETERMINE,0,0,0,0,18,6,10,772,CICERO AVE,41.988143,-87.72492,10/02/2015 06:44:00 PM,2015
CR00021046,07/12/2015 04:56:00 PM,35,CLOUDY/OVERCAST,DAYLIGHT,FIXED OBJECT,ONE-WAY,NO CONTROLS,UNABLE TO DETERMINE,UNABLE TO DETERMINE,0,0,0,0,16,1,7,1442,DAMEN AVE,41.828412,-87.715661,07/12/2015 05:15:00 PM,2015
CR00021047,12/04/2017 07:53:00 AM,35,CLEAR,DAYLIGHT,PARKED MOTOR VEHICLE,NOT DIVIDED,STOP SIGN/FLASHER,WEATHER,FOLLOWING TOO CLOSELY,0,0,0,0,7,2,12,1419,OGDEN AVE,41.967726,-87.613006,12/04/2017 09:05:00 AM,2017
CR00021048,03/30/2020 07:49:00 AM,15,CLEAR,DAYLIGHT,PARKED MOTOR VEHICLE,FOUR WAY,YIELD,FOLLOWING TOO CLOSELY,IMPROPER LANE USAGE,0,0,0,0,7,2,3,483,DIVISION ST,41.719712,-87.622708,03/30/2020 09:12:00 AM,2020
CR00021049,05/19/2015 03:38:00 PM,40,CLEAR,DAYLIGHT,REAR END,DIVIDED - W/MEDIAN BARRIER,NO CONTROLS,FOLLOWING TOO CLOSELY,NOT APPLICABLE,0,0,0,0,15,3,5,1553,CICERO AVE,41.84973,-87.697599,05/19/2015 03:44:00 PM,2015
CR00021050,02/16/2020 01:55:00 AM,40,CLEAR,DAYLIGHT,TURNING,NOT DIVIDED,TRAFFIC SIGNAL,FOLLOWING TOO CLOSELY,FAILING TO YIELD RIGHT-OF-WAY,0,0,0,0,1,1,2,522,DAMEN AVE,41.845329,-87.783847,02/16/2020 02:37:00 AM,2020
CR00021051,05/01/2018 07:19:00 PM,20,CLEAR,DAYLIGHT,FIXED OBJECT,NOT DIVIDED,TRAFFIC SIGNAL,UNABLE TO DETERMINE,FAILING TO YIELD RIGHT-OF-WAY,0,0,0,0,19,3,5,259,DIVISION ST,41.825154,-87.679932,05/01/2018 08:18:00 PM,2018
CR00021052,10/30/2017 02:21:00 PM,30,CLEAR,DAYLIGHT,PEDESTRIAN,ONE-WAY,TRAFFIC SIGNAL,FAILING TO YIELD RIGHT-OF-WAY,UNABLE TO DETERMINE,0,0,0,0,14,2,10,2291,FULLERTON AVE,41.859568,-87.541131,10/30/2017 02:49:00 PM,2017
CR00021053,04/20/2020 05:33:00 PM,20,RAIN,DARKNESS,PARKED MOTOR VEHICLE,ONE-WAY,TRAFFIC SIGNAL,UNABLE TO DETERMINE,DRIVING SKILLS/KNOWLEDGE/EXPERIENCE,0,0,1,1,17,2,4,1105,63RD ST,41.742761,-87.671993,04/20/2020 06:50:00 PM,2020
CR00021054,07/27/2017 10:26:00 AM,35,CLEAR,DARKNESS - LIGHTED ROAD,ANGLE,NOT DIVIDED,TRAFFIC SIGNAL,IMPROPER OVERTAKING/PASSING,UNABLE TO DETERMINE,0,0,1,1,10,5,7,817,STATE ST,41.810256,-87.666638,07/27/2017 11:59:00 AM,2017
CR00021055,12/07/2016 01:22:00 PM,30,CLEAR,DAYLIGHT,TURNING,T-INTERSECTION,TRAFFIC SIGNAL,IMPROPER OVERTAKING/PASSING,FOLLOWING TOO CLOSELY,0,0,0,0,13,4,12,158,FULLERTON AVE,41.837691,-87.589352,12/07/2016 02:04:00 PM,2016
CR00021056,04/07/2024 12:50:00 PM,20,CLEAR,DAYLIGHT,PARKED MOTOR VEHICLE,DIVIDED - W/MEDIAN BARRIER,STOP SIGN/FLASHER,FOLLOWING TOO CLOSELY,DISTRACTION - FROM INSIDE VEHICLE,0,0,0,0,12,1,4,822,ELSTON AVE,41.736708,-87.774218,04/07/2024 02:33:00 PM,2024
CR00021057,06/04/2024 08:48:00 AM,45,RAIN,DAYLIGHT,TURNING,NOT DIVIDED,TRAFFIC SIGNAL,DRIVING SKILLS/KNOWLEDGE/EXPERIENCE,NOT APPLICABLE,0,0,0,0,8,3,6,1483,ELSTON AVE,41.952688,-87.800389,06/04/2024 09:22:00 AM,2024
CR00021058,10/05/2021 10:20:00 PM,40,CLEAR,DARKNESS - LIGHTED ROAD,PARKED MOTOR VEHICLE,NOT DIVIDED,TRAFFIC SIGNAL,UNABLE TO DETERMINE,DISREGARDING TRAFFIC SIGNALS,0,0,0,0,22,3,10,675,STONY ISLAND AVE,41.97949,-87.661988,10/06/2021 12:17:00 AM,2021
CR00021059,06/02/2022 08:30:00 AM,25,CLEAR,DARKNESS - LIGHTED ROAD,TURNING,NOT DIVIDED,NO CONTROLS,IMPROPER OVERTAKING/PASSING,FAILING TO YIELD RIGHT-OF-WAY,0,0,0,0,8,5,6,736,STATE ST,41.812845,-87.828588,06/02/2022 08:54:00 AM,2022
CR00021060,02/24/2017 07:10:00 PM,35,CLEAR,DAYLIGHT,ANGLE,NOT DIVIDED,NO CONTROLS,IMPROPER LANE USAGE,UNABLE TO DETERMINE,0,0,0,0,19,6,2,1266,47TH ST,41.842716,-87.665476,02/24/2017 08:58:00 PM,2017
CR00021061,01/31/2022 12:35:00 AM,30,CLEAR,DAYLIGHT,PEDESTRIAN,FOUR WAY,NO CONTROLS,FAILING TO YIELD RIGHT-OF-WAY,NOT APPLICABLE,0,0,0,0,0,2,1,2300,LAKE SHORE DR,41.985731,-87.831307,01/31/2022 01:20:00 AM,2022
CR00021062,10/29/2021 01:59:00 PM,25,CLEAR,DAYLIGHT,SIDESWIPE SAME DIRECTION,NOT DIVIDED,STOP SIGN/FLASHER,DRIVING SKILLS/KNOWLEDGE/EXPERIENCE,DRIVING SKILLS/KNOWLEDGE/EXPERIENCE,0,0,0,0,13,6,10,343,CALIFORNIA AVE,41.701011,-87.803985,10/29/2021 02:59:00 PM,2021