CRASH_RECORD_ID,CRASH_DATE,POSTED_SPEED_LIMIT,WEATHER_CONDITION,LIGHTING_CONDITION,FIRST_CRASH_TYPE,TRAFFICWAY_TYPE,TRAFFIC_CONTROL_DEVICE,PRIM_CONTRIBUTORY_CAUSE,SEC_CONTRIBUTORY_CAUSE,INJURIES_FATAL,INJURIES_INCAPACITATING,INJURIES_NON_INCAPACITATING,INJURIES_TOTAL,CRASH_HOUR,CRASH_DAY_OF_WEEK,CRASH_MONTH,BEAT_OF_OCCURRENCE,STREET_NAME,LATITUDE,LONGITUDE,DATE_POLICE_NOTIFIED,year
CR00021063,09/07/2022 06:35:00 PM,30,CLEAR,DAYLIGHT,SIDESWIPE SAME DIRECTION,NOT DIVIDED,YIELD,UNABLE TO DETERMINE,UNABLE TO DETERMINE,0,2,1,3,18,4,9,1995,STONY ISLAND AVE,41.746705,-87.56643,09/07/2022 06:40:00 PM,2022
CR00021064,10/01/2022 04:28:00 PM,45,CLEAR,DAYLIGHT,REAR END,FOUR WAY,TRAFFIC SIGNAL,UNABLE TO DETERMINE,NOT APPLICABLE,0,0,0,0,16,7,10,738,MICHIGAN AVE,41.872182,-87.613001,10/01/2022 06:28:00 PM,2022
CR00021065,05/03/2023 09:41:00 AM,30,CLEAR,DUSK,TURNING,NOT DIVIDED,NO CONTROLS,FOLLOWING TOO CLOSELY,NOT APPLICABLE,0,0,0,0,9,4,5,2169,PULASKI RD,41.933442,-87.550069,05/03/2023 10:02:00 AM,2023
CR00021066,11/22/2019 08:37:00 PM,30,CLEAR,DARKNESS,REAR END,NOT DIVIDED,TRAFFIC SIGNAL,FAILING TO YIELD RIGHT-OF-WAY,FOLLOWING TOO CLOSELY,0,0,0,0,20,6,11,1312,ARCHER AVE,41.718155,-87.824038,11/22/2019 10:30:00 PM,2019
CR00021067,12/27/2023 03:10:00 AM,25,CLEAR,DUSK,TURNING,DIVIDED - W/MEDIAN BARRIER,YIELD,FOLLOWING TOO CLOSELY,UNABLE TO DETERMINE,0,0,0,0,3,4,12,1877,DAMEN AVE,41.722631,-87.742166,12/27/2023 04:14:00 AM,2023
CR00021068,10/24/2020 10:30:00 AM,15,CLOUDY/OVERCAST,DAYLIGHT,REAR END,FOUR WAY,TRAFFIC SIGNAL,FOLLOWING TOO CLOSELY,IMPROPER LANE USAGE,0,0,1,1,10,7,10,118,47TH ST,41.708085,-87.845439,10/24/2020 11:42:00 AM,2020
CR00021069,10/27/2022 03:08:00 PM,30,CLEAR,DAYLIGHT,SIDESWIPE SAME DIRECTION,NOT DIVIDED,NO CONTROLS,DRIVING SKILLS/KNOWLEDGE/EXPERIENCE,NOT APPLICABLE,0,0,0,0,15,5,10,1670,63RD ST,41.857483,-87.652575,10/27/2022 04:45:00 PM,2022
CR00021070,11/21/2016 12:09:00 PM,40,CLOUDY/OVERCAST,DAWN,REAR END,DIVIDED - W/MEDIAN (NOT RAISED),UNKNOWN,UNABLE TO DETERMINE,UNABLE TO DETERMINE,0,0,0,0,12,2,11,2481,ELSTON AVE,41.987812,-87.733524,11/21/2016 12:16:00 PM,2016
CR00021071,08/16/2021 10:09:00 PM,15,RAIN,DARKNESS - LIGHTED ROAD,REAR END,ONE-WAY,NO CONTROLS,IMPROPER LANE USAGE,FAILING TO YIELD RIGHT-OF-WAY,0,0,0,0,22,2,8,2263,STONY ISLAND AVE,41.923362,-87.699726,08/16/2021 10:25:00 PM,2021
CR00021072,07/12/2015 04:26:00 PM,20,CLEAR,DAYLIGHT,ANGLE,NOT DIVIDED,NO CONTROLS,DRIVING SKILLS/KNOWLEDGE/EXPERIENCE,IMPROPER LANE USAGE,0,0,0,0,16,1,7,1460,CALIFORNIA AVE,41.933622,-87.731314,07/12/2015 05:53:00 PM,2015
CR00021073,05/09/2020 04:29:00 PM,30,CLEAR,DARKNESS,REAR TO FRONT,NOT DIVIDED,STOP SIGN/FLASHER,FOLLOWING TOO CLOSELY,UNABLE TO DETERMINE,0,0,3,3,16,7,5,2024,CICERO AVE,41.99542,-87.646974,05/09/2020 04:38:00 PM,2020
CR00021074,07/11/2022 03:27:00 AM,25,RAIN,DAYLIGHT,REAR END,DIVIDED - W/MEDIAN (NOT RAISED),NO CONTROLS,WEATHER,FOLLOWING TOO CLOSELY,0,0,0,0,3,2,7,2282,79TH ST,41.999224,-87.517959,07/11/2022 03:35:00 AM,2022
CR00021075,06/05/2020 06:41:00 AM,15,CLOUDY/OVERCAST,DAYLIGHT,REAR END,NOT DIVIDED,NO CONTROLS,DISTRACTION - FROM INSIDE VEHICLE,FOLLOWING TOO CLOSELY,0,0,0,0,6,6,6,863,47TH ST,41.81476,-87.661821,06/05/2020 06:44:00 AM,2020
CR00021076,09/17/2023 11:42:00 AM,45,RAIN,DAYLIGHT,ANGLE,ONE-WAY,TRAFFIC SIGNAL,DISTRACTION - FROM INSIDE VEHICLE,DISTRACTION - FROM INSIDE VEHICLE,0,0,0,0,11,1,9,1846,LAKE SHORE DR,41.822107,-87.746717,09/17/2023 12:08:00 PM,2023
CR00021077,04/29/2024 12:45:00 PM,25,CLEAR,DAYLIGHT,TURNING,NOT DIVIDED,NO CONTROLS,FAILING TO REDUCE SPEED,FAILING TO YIELD RIGHT-OF-WAY,0,0,0,0,12,2,4,2239,ASHLAND AVE,41.820391,-87.711884,04/29/2024 02:32:00 PM,2024
CR00021078,08/11/2020 05:51:00 AM,30,CLEAR,DUSK,PARKED MOTOR VEHICLE,NOT DIVIDED,STOP SIGN/FLASHER,UNABLE TO DETERMINE,NOT APPLICABLE,0,0,0,0,5,3,8,841,HALSTED ST,41.988932,-87.615471,08/11/2020 06:21:00 AM,2020
CR00021079,07/17/2018 04:56:00 PM,30,CLEAR,DAYLIGHT,REAR TO FRONT,ONE-WAY,TRAFFIC SIGNAL,UNABLE TO DETERMINE,DISREGARDING TRAFFIC SIGNALS,0,0,0,0,16,3,7,1110,ASHLAND AVE,41.808841,-87.752933,07/17/2018 05:36:00 PM,2018
CR00021080,08/14/2021 05:00:00 PM,35,CLEAR,DAYLIGHT,REAR END,ONE-WAY,TRAFFIC SIGNAL,FOLLOWING TOO CLOSELY,FOLLOWING TOO CLOSELY,0,0,0,0,17,7,8,1568,MILWAUKEE AVE,41.781623,-87.552949,08/14/2021 06:42:00 PM,2021
CR00021081,09/23/2017 12:45:00 PM,30,SNOW,DUSK,TURNING,FOUR WAY,NO CONTROLS,IMPROPER LANE USAGE,FOLLOWING TOO CLOSELY,0,1,1,2,12,7,9,1455,CALIFORNIA AVE,41.801875,-87.588312,09/23/2017 12:51:00 PM,2017
CR00021082,08/10/2019 08:19:00 AM,45,CLEAR,DAYLIGHT,PARKED MOTOR VEHICLE,DIVIDED - W/MEDIAN (NOT RAISED),TRAFFIC SIGNAL,UNABLE TO DETERMINE,IMPROPER OVERTAKING/PASSING,0,0,0,0,8,7,8,2218,DAMEN AVE,41.885247,-87.715226,08/10/2019 09:02:00 AM,2019
CR00021083,06/19/2015 06:01:00 PM,45,CLEAR,DUSK,PEDESTRIAN,ONE-WAY,TRAFFIC SIGNAL,FAILING TO REDUCE SPEED,UNABLE TO DETERMINE,0,0,0,0,18,6,6,615,47TH ST,41.74729,-87.7377,06/19/2015 07:45:00 PM,2015
CR00021084,06/26/2016 08:08:00 AM,45,CLEAR,DARKNESS - LIGHTED ROAD,REAR TO FRONT,NOT DIVIDED,NO CONTROLS,FOLLOWING TOO CLOSELY,FOLLOWING TOO CLOSELY,0,0,0,0,8,1,6,1677,IRVING PARK RD,41.729394,-87.789329,06/26/2016 09:46:00 AM,2016
CR00021085,10/18/2021 10:23:00 AM,15,CLEAR,DAYLIGHT,REAR END,DIVIDED - W/MEDIAN (NOT RAISED),TRAFFIC SIGNAL,FAILING TO REDUCE SPEED,DISTRACTION - FROM INSIDE VEHICLE,0,0,0,0,10,2,10,342,HALSTED ST,41.809713,-87.542714,10/18/2021 11:52:00 AM,2021
CR00021086,12/14/2017 11:57:00 PM,35,CLEAR,DAYLIGHT,PARKED MOTOR VEHICLE,DIVIDED - W/MEDIAN (NOT RAISED),TRAFFIC SIGNAL,UNABLE TO DETERMINE,NOT APPLICABLE,0,0,0,0,23,5,12,1722,ELSTON AVE,41.860597,-87.662883,12/15/2017 12:31:00 AM,2017
CR00021087,08/28/2024 08:47:00 PM,15,RAIN,DAYLIGHT,REAR END,NOT DIVIDED,UNKNOWN,FAILING TO YIELD RIGHT-OF-WAY,UNABLE TO DETERMINE,0,0,0,0,20,4,8,685,DAMEN AVE,41.70664,-87.701364,08/28/2024 09:52:00 PM,2024
CR00021088,04/06/2020 02:26:00 AM,30,RAIN,DUSK,SIDESWIPE SAME DIRECTION,DIVIDED - W/MEDIAN BARRIER,NO CONTROLS,UNABLE TO DETERMINE,UNABLE TO DETERMINE,0,0,0,0,2,2,4,949,FULLERTON AVE,41.784954,-87.822525,04/06/2020 03:26:00 AM,2020
CR00021089,11/01/2017 08:20:00 PM,35,RAIN,DARKNESS - LIGHTED ROAD,REAR END,DIVIDED - W/MEDIAN (NOT RAISED),NO CONTROLS,UNABLE TO DETERMINE,IMPROPER OVERTAKING/PASSING,0,0,0,0,20,4,11,1530,OGDEN AVE,41.728315,-87.717126,11/01/2017 10:16:00 PM,2017
CR00021090,10/31/2017 09:36:00 AM,30,CLOUDY/OVERCAST,DAYLIGHT,ANGLE,NOT DIVIDED,STOP SIGN/FLASHER,UNABLE TO DETERMINE,FAILING TO YIELD RIGHT-OF-WAY,0,0,0,0,9,3,10,751,CLARK ST,41.725231,-87.686258,10/31/2017 11:34:00 AM,2017
CR00021091,04/06/2018 02:08:00 PM,30,CLEAR,DARKNESS - LIGHTED ROAD,REAR END,ONE-WAY,NO CONTROLS,UNABLE TO DETERMINE,FOLLOWING TOO CLOSELY,0,0,1,1,14,6,4,1840,CICERO AVE,41.896175,-87.636328,04/06/2018 02:29:00 PM,2018
CR00021092,09/07/2020 12:21:00 PM,20,CLEAR,DAYLIGHT,TURNING,NOT DIVIDED,STOP SIGN/FLASHER,UNABLE TO DETERMINE,IMPROPER OVERTAKING/PASSING,0,0,0,0,12,2,9,1965,KEDZIE AVE,41.984887,-87.836894,09/07/2020 02:04:00 PM,2020
CR00021093,06/01/2021 10:42:00 AM,40,CLEAR,DAYLIGHT,REAR END,NOT DIVIDED,UNKNOWN,DRIVING SKILLS/KNOWLEDGE/EXPERIENCE,UNABLE TO DETERMINE,0,0,0,0,10,3,6,312,WESTERN AVE,41.807856,-87.614655,06/01/2021 11:24:00 AM,2021
CR00021094,11/13/2019 09:32:00 AM,30,CLEAR,DAYLIGHT,SIDESWIPE SAME DIRECTION,NOT DIVIDED,UNKNOWN,UNABLE TO DETERMINE,FOLLOWING TOO CLOSELY,0,0,0,0,9,4,11,771,FULLERTON AVE,41.953447,-87.820041,11/13/2019 09:44:00 AM,2019
CR00021095,09/18/2024 08:29:00 AM,40,CLEAR,DAYLIGHT,SIDESWIPE SAME DIRECTION,NOT DIVIDED,NO CONTROLS,DISTRACTION - FROM INSIDE VEHICLE,WEATHER,0,0,0,0,8,4,9,1643,ROOSEVELT RD,41.787297,-87.733986,09/18/2024 10:09:00 AM,2024
CR00021096,05/29/2022 09:16:00 AM,30,RAIN,DAYLIGHT,SIDESWIPE SAME DIRECTION,DIVIDED - W/MEDIAN (NOT RAISED),TRAFFIC SIGNAL,IMPROPER OVERTAKING/PASSING,NOT APPLICABLE,0,0,1,1,9,1,5,885,DAMEN AVE,41.82933,-87.753235,05/29/2022 09:37:00 AM,2022
CR00021097,03/29/2019 04:58:00 PM,15,RAIN,DAYLIGHT,REAR END,NOT DIVIDED,NO CONTROLS,UNABLE TO DETERMINE,UNABLE TO DETERMINE,0,0,0,0,16,6,3,2283,MICHIGAN AVE,41.992489,-87.592665,03/29/2019 05:15:00 PM,2019
CR00021098,04/18/2023 08:13:00 AM,25,CLEAR,DARKNESS - LIGHTED ROAD,ANGLE,NOT DIVIDED,NO CONTROLS,UNABLE TO DETERMINE,IMPROPER OVERTAKING/PASSING,0,0,0,0,8,3,4,1465,47TH ST,41.752168,-87.614004,04/18/2023 08:43:00 AM,2023
CR00021099,03/16/2017 11:19:00 AM,35,CLEAR,DARKNESS,ANGLE,DIVIDED - W/MEDIAN (NOT RAISED),NO CONTROLS,FOLLOWING TOO CLOSELY,FAILING TO REDUCE SPEED,0,0,2,2,11,5,3,185,ASHLAND AVE,41.938033,-87.805878,03/16/2017 11:28:00 AM,2017
CR00021100,03/05/2023 10:51:00 PM,40,CLEAR,DUSK,ANGLE,T-INTERSECTION,TRAFFIC SIGNAL,FAILING TO YIELD RIGHT-OF-WAY,FOLLOWING TOO CLOSELY,0,0,0,0,22,1,3,540,MICHIGAN AVE,41.850555,-87.757505,03/06/2023 12:47:00 AM,2023
CR00021101,05/20/2019 05:51:00 PM,25,CLEAR,DAYLIGHT,TURNING,DIVIDED - W/MEDIAN (NOT RAISED),TRAFFIC SIGNAL,WEATHER,DISTRACTION - FROM INSIDE VEHICLE,0,0,1,1,17,2,5,2348,ARCHER AVE,41.825656,-87.706621,05/20/2019 07:49:00 PM,2019
CR00021102,01/23/2019 12:47:00 AM,15,CLEAR,DARKNESS - LIGHTED ROAD,REAR END,FOUR WAY,STOP SIGN/FLASHER,IMPROPER OVERTAKING/PASSING,IMPROPER LANE USAGE,0,0,0,0,0,4,1,2090,63RD ST,41.926006,-87.502128,01/23/2019 02:47:00 AM,2019
CR00021103,03/26/2016 07:49:00 AM,15,RAIN,DAYLIGHT,FIXED OBJECT,DIVIDED - W/MEDIAN (NOT RAISED),NO CONTROLS,IMPROPER LANE USAGE,IMPROPER OVERTAKING/PASSING,0,0,0,0,7,7,3,161,IRVING PARK RD,41.911562,-87.553991,03/26/2016 08:40:00 AM,2016
CR00021104,10/08/2015 04:03:00 PM,40,CLEAR,DAYLIGHT,REAR END,ONE-WAY,NO CONTROLS,UNABLE TO DETERMINE,IMPROPER LANE USAGE,0,0,0,0,16,5,10,2437,ROOSEVELT RD,41.866926,-87.53397,10/08/2015 04:50:00 PM,2015
CR00021105,11/12/2019 11:24:00 AM,30,CLEAR,DAYLIGHT,TURNING,DIVIDED - W/MEDIAN BARRIER,STOP SIGN/FLASHER,FAILING TO REDUCE SPEED,NOT APPLICABLE,0,0,0,0,11,3,11,2199,KEDZIE AVE,41.845988,-87.649085,11/12/2019 12:47:00 PM,2019
CR00021106,06/30/2019 07:34:00 PM,40,CLEAR,DUSK,SIDESWIPE SAME DIRECTION,DIVIDED - W/MEDIAN (NOT RAISED),NO CONTROLS,IMPROPER LANE USAGE,DISTRACTION - FROM INSIDE VEHICLE,0,0,0,0,19,1,6,1039,HALSTED ST,41.872178,-87.56154,06/30/2019 08:07:00 PM,2019
CR00021107,03/02/2020 06:08:00 PM,35,RAIN,DARKNESS - LIGHTED ROAD,REAR END,NOT DIVIDED,UNKNOWN,IMPROPER OVERTAKING/PASSING,FAILING TO REDUCE SPEED,0,0,0,0,18,2,3,1796,LAKE SHORE DR,41.740128,-87.676036,03/02/2020 06:31:00 PM,2020
CR00021108,04/13/2023 06:36:00 PM,35,CLEAR,DAYLIGHT,ANGLE,DIVIDED - W/MEDIAN (NOT RAISED),NO CONTROLS,IMPROPER OVERTAKING/PASSING,IMPROPER OVERTAKING/PASSING,0,0,0,0,18,5,4,843,MICHIGAN AVE,41.786859,-87.728829,04/13/2023 06:55:00 PM,2023
CR00021109,07/30/2021 02:07:00 PM,45,CLEAR,DAYLIGHT,PARKED MOTOR VEHICLE,DIVIDED - W/MEDIAN (NOT RAISED),NO CONTROLS,UNABLE TO DETERMINE,DISTRACTION - FROM INSIDE VEHICLE,0,0,0,0,14,6,7,2328,HALSTED ST,41.806863,-87.699179,07/30/2021 02:10:00 PM,2021
CR00021110,10/16/2022 12:56:00 AM,30,SNOW,DARKNESS - LIGHTED ROAD,REAR END,NOT DIVIDED,STOP SIGN/FLASHER,DRIVING SKILLS/KNOWLEDGE/EXPERIENCE,DISTRACTION - FROM INSIDE VEHICLE,0,0,1,1,0,1,10,1649,STATE ST,41.75108,-87.51202,10/16/2022 01:36:00 AM,2022
CR00021111,07/26/2022 09:45:00 AM,30,RAIN,DARKNESS - LIGHTED ROAD,REAR TO FRONT,DIVIDED - W/MEDIAN BARRIER,NO CONTROLS,FAILING TO YIELD RIGHT-OF-WAY,IMPROPER LANE USAGE,0,0,1,1,9,3,7,964,63RD ST,41.814996,-87.839295,07/26/2022 11:00:00 AM,2022
CR00021112,09/05/2015 09:41:00 AM,35,RAIN,DAWN,SIDESWIPE SAME DIRECTION,ONE-WAY,TRAFFIC SIGNAL,UNABLE TO DETERMINE,DISREGARDING TRAFFIC SIGNALS,0,0,0,0,9,7,9,227,OGDEN AVE,41.80963,-87.646244,09/05/2015 11:17:00 AM,2015
CR00021113,02/06/2024 06:59:00 PM,35,CLOUDY/OVERCAST,DAWN,TURNING,DIVIDED - W/MEDIAN (NOT RAISED),NO CONTROLS,IMPROPER OVERTAKING/PASSING,UNABLE TO DETERMINE,0,0,0,0,18,3,2,2229,ROOSEVELT RD,41.960522,-87.777949,02/06/2024 07:02:00 PM,2024
CR00021114,08/02/2021 09:22:00 AM,15,CLEAR,DAWN,TURNING,DIVIDED - W/MEDIAN BARRIER,STOP SIGN/FLASHER,WEATHER,FAILING TO YIELD RIGHT-OF-WAY,0,0,0,0,9,2,8,1761,DIVISION ST,41.998994,-87.552135,08/02/2021 09:56:00 AM,2021
CR00021115,07/26/2017 11:05:00 PM,30,RAIN,DAYLIGHT,REAR END,NOT DIVIDED,NO CONTROLS,DRIVING SKILLS/KNOWLEDGE/EXPERIENCE,FOLLOWING TOO CLOSELY,0,0,3,3,23,4,7,2476,CICERO AVE,41.736405,-87.698118,07/27/2017 01:01:00 AM,2017
CR00021116,05/01/2015 09:20:00 AM,45,CLEAR,DAYLIGHT,REAR END,NOT DIVIDED,NO CONTROLS,DRIVING SKILLS/KNOWLEDGE/EXPERIENCE,DRIVING SKILLS/KNOWLEDGE/EXPERIENCE,0,0,0,0,9,6,5,2314,ELSTON AVE,41.976791,-87.535387,05/01/2015 09:25:00 AM,2015
CR00021117,02/18/2016 05:22:00 PM,30,CLEAR,DUSK,REAR END,NOT DIVIDED,NO CONTROLS,DRIVING SKILLS/KNOWLEDGE/EXPERIENCE,FOLLOWING TOO CLOSELY,0,0,1,1,17,5,2,893,HALSTED ST,41.87078,-87.677925,02/18/2016 05:36:00 PM,2016
CR00021118,02/22/2016 08:11:00 AM,20,CLEAR,DAYLIGHT,TURNING,FOUR WAY,NO CONTROLS,UNABLE TO DETERMINE,FOLLOWING TOO CLOSELY,0,0,0,0,8,2,2,373,WESTERN AVE,41.754138,-87.804335,02/22/2016 08:35:00 AM,2016
CR00021119,09/26/2018 09:09:00 AM,40,CLEAR,DAYLIGHT,ANGLE,FOUR WAY,TRAFFIC SIGNAL,DISTRACTION - FROM INSIDE VEHICLE,UNABLE TO DETERMINE,0,0,0,0,9,4,9,165,BROADWAY,41.96827,-87.771937,09/26/2018 10:58:00 AM,2018
CR00021120,09/02/2023 06:01:00 PM,30,SNOW,DAYLIGHT,REAR END,FOUR WAY,NO CONTROLS,FAILING TO YIELD RIGHT-OF-WAY,FOLLOWING TOO CLOSELY,0,0,0,0,18,7,9,1860,79TH ST,41.859949,-87.833179,09/02/2023 06:12:00 PM,2023
CR00021121,09/28/2023 09:52:00 AM,30,SNOW,DARKNESS - LIGHTED ROAD,PARKED MOTOR VEHICLE,ONE-WAY,TRAFFIC SIGNAL,UNABLE TO DETERMINE,FOLLOWING TOO CLOSELY,0,0,0,0,9,5,9,1485,ARCHER AVE,41.990472,-87.723256,09/28/2023 11:36:00 AM,2023
CR00021122,09/09/2018 07:39:00 PM,20,CLEAR,DAYLIGHT,REAR END,NOT DIVIDED,STOP SIGN/FLASHER,DRIVING SKILLS/KNOWLEDGE/EXPERIENCE,UNABLE TO DETERMINE,0,0,0,0,19,1,9,1031,CALIFORNIA AVE,41.951712,-87.615042,09/09/2018 09:24:00 PM,2018
CR00021123,10/05/2018 10:39:00 AM,35,CLEAR,DAYLIGHT,ANGLE,ONE-WAY,TRAFFIC SIGNAL,UNABLE TO DETERMINE,UNABLE TO DETERMINE,0,0,1,1,10,6,10,104,WESTERN AVE,41.755821,-87.69813,10/05/2018 11:47:00 AM,2018
CR00021124,06/14/2023 02:46:00 PM,40,CLEAR,DARKNESS - LIGHTED ROAD,TURNING,DIVIDED - W/MEDIAN (NOT RAISED),NO CONTROLS,UNABLE TO DETERMINE,UNABLE TO DETERMINE,0,0,0,0,14,4,6,1943,63RD ST,41.87861,-87.540379,06/14/2023 02:49:00 PM,2023
CR00021125,07/02/2024 08:26:00 AM,20,CLEAR,DAYLIGHT,REAR TO FRONT,FOUR WAY,TRAFFIC SIGNAL,DISTRACTION - FROM INSIDE VEHICLE,FAILING TO REDUCE SPEED,0,0,0,0,8,3,7,1155,79TH ST,41.755415,-87.773283,07/02/2024 10:10:00 AM,2024
CR00021126,07/20/2018 02:03:00 AM,35,CLEAR,DAYLIGHT,REAR END,ONE-WAY,TRAFFIC SIGNAL,UNABLE TO DETERMINE,DISTRACTION - FROM INSIDE VEHICLE,0,0,0,0,2,6,7,1610,WESTERN AVE,41.835004,-87.686691,07/20/2018 02:38:00 AM,2018
CR00021127,04/17/2016 12:58:00 PM,25,CLEAR,DAYLIGHT,REAR END,NOT DIVIDED,NO CONTROLS,DISTRACTION - FROM INSIDE VEHICLE,FOLLOWING TOO CLOSELY,0,0,0,0,12,1,4,224,MILWAUKEE AVE,41.842173,-87.8083,04/17/2016 02:13:00 PM,2016
CR00021128,11/01/2017 11:31:00 AM,35,CLEAR,DAYLIGHT,SIDESWIPE SAME DIRECTION,DIVIDED - W/MEDIAN (NOT RAISED),UNKNOWN,FAILING TO REDUCE SPEED,NOT APPLICABLE,0,0,2,2,11,4,11,2291,LAKE SHORE DR,41.78617,-87.752132,11/01/2017 12:12:00 PM,2017
CR00021129,03/31/2020 03:39:00 PM,15,CLEAR,DAYLIGHT,TURNING,NOT DIVIDED,UNKNOWN,UNABLE TO DETERMINE,UNABLE TO DETERMINE,0,0,0,0,15,3,3,1949,ARCHER AVE,41.702366,-87.66562,03/31/2020 04:38:00 PM,2020
CR00021130,01/10/2020 07:45:00 AM,20,CLEAR,DARKNESS - LIGHTED ROAD,REAR TO FRONT,T-INTERSECTION,NO CONTROLS,UNABLE TO DETERMINE,NOT APPLICABLE,0,0,0,0,7,6,1,541,OGDEN AVE,41.748959,-87.844477,01/10/2020 08:21:00 AM,2020
CR00021131,11/17/2021 03:03:00 PM,40,CLEAR,DAYLIGHT,PARKED MOTOR VEHICLE,NOT DIVIDED,TRAFFIC SIGNAL,UNABLE TO DETERMINE,UNABLE TO DETERMINE,0,0,1,1,15,4,11,908,ELSTON AVE,41.732437,-87.573858,11/17/2021 03:06:00 PM,2021
CR00021132,03/23/2022 08:44:00 PM,35,CLEAR,DAYLIGHT,REAR END,T-INTERSECTION,NO CONTROLS,IMPROPER LANE USAGE,NOT APPLICABLE,0,0,1,1,20,4,3,694,CALIFORNIA AVE,41.863177,-87.750972,03/23/2022 09:19:00 PM,2022
CR00021133,05/04/2017 10:40:00 PM,30,RAIN,DAYLIGHT,ANGLE,NOT DIVIDED,STOP SIGN/FLASHER,UNABLE TO DETERMINE,NOT APPLICABLE,0,0,0,0,22,5,5,1423,47TH ST,41.954493,-87.682959,05/05/2017 12:03:00 AM,2017
CR00021134,04/28/2019 08:17:00 AM,30,CLEAR,DARKNESS - LIGHTED ROAD,TURNING,T-INTERSECTION,STOP SIGN/FLASHER,UNABLE TO DETERMINE,UNABLE TO DETERMINE,0,0,0,0,8,1,4,1936,KEDZIE AVE,41.962551,-87.781446,04/28/2019 10:15:00 AM,2019
CR00021135,12/30/2016 11:36:00 AM,30,CLEAR,DAYLIGHT,REAR END,NOT DIVIDED,TRAFFIC SIGNAL,DRIVING SKILLS/KNOWLEDGE/EXPERIENCE,FAILING TO REDUCE SPEED,0,0,0,0,11,6,12,1538,CALIFORNIA AVE,41.751161,-87.616491,12/30/2016 12:56:00 PM,2016
CR00021136,07/14/2018 07:07:00 AM,30,CLOUDY/OVERCAST,DAYLIGHT,PARKED MOTOR VEHICLE,ONE-WAY,NO CONTROLS,FAILING TO REDUCE SPEED,FAILING TO YIELD RIGHT-OF-WAY,0,0,0,0,7,7,7,2173,IRVING PARK RD,41.735138,-87.826926,07/14/2018 09:02:00 AM,2018
CR00021137,09/21/2022 09:59:00 PM,15,CLEAR,DAYLIGHT,ANGLE,NOT DIVIDED,STOP SIGN/FLASHER,FOLLOWING TOO CLOSELY,FAILING TO YIELD RIGHT-OF-WAY,0,0,2,2,21,4,9,647,63RD ST,41.70762,-87.806563,09/21/2022 10:45:00 PM,2022
CR00021138,10/12/2023 02:33:00 PM,30,CLEAR,DAYLIGHT,FIXED OBJECT,ONE-WAY,STOP SIGN/FLASHER,FOLLOWING TOO CLOSELY,UNABLE TO DETERMINE,0,0,0,0,14,5,10,2003,ARCHER AVE,41.845585,-87.552349,10/12/2023 03:53:00 PM,2023
CR00021139,10/09/2017 07:32:00 AM,30,CLOUDY/OVERCAST,DAYLIGHT,TURNING,NOT DIVIDED,TRAFFIC SIGNAL,DRIVING SKILLS/KNOWLEDGE/EXPERIENCE,NOT APPLICABLE,0,0,0,0,7,2,10,624,KEDZIE AVE,41.923104,-87.793181,10/09/2017 07:53:00 AM,2017
CR00021140,10/21/2018 01:39:00 PM,30,SNOW,DARKNESS - LIGHTED ROAD,PARKED MOTOR VEHICLE,NOT DIVIDED,TRAFFIC SIGNAL,FOLLOWING TOO CLOSELY,WEATHER,0,0,0,0,13,1,10,2066,STONY ISLAND AVE,41.862086,-87.54438,10/21/2018 02:29:00 PM,2018
CR00021141,09/06/2020 08:13:00 AM,35,CLEAR,DAYLIGHT,REAR END,DIVIDED - W/MEDIAN (NOT RAISED),TRAFFIC SIGNAL,DRIVING SKILLS/KNOWLEDGE/EXPERIENCE,DRIVING SKILLS/KNOWLEDGE/EXPERIENCE,0,0,0,0,8,1,9,1800,MICHIGAN AVE,41.835577,-87.783403,09/06/2020 08:42:00 AM,2020
CR00021142,07/30/2021 12:34:00 PM,45,CLEAR,DARKNESS - LIGHTED ROAD,SIDESWIPE SAME DIRECTION,FOUR WAY,TRAFFIC SIGNAL,IMPROPER LANE USAGE,UNABLE TO DETERMINE,0,0,1,1,12,6,7,907,ASHLAND AVE,41.962742,-87.755174,07/30/2021 02:02:00 PM,2021
CR00021143,07/03/2017 09:03:00 AM,30,CLEAR,DUSK,SIDESWIPE SAME DIRECTION,ONE-WAY,TRAFFIC SIGNAL,UNABLE TO DETERMINE,FAILING TO YIELD RIGHT-OF-WAY,0,0,3,3,9,2,7,1079,STATE ST,41.917956,-87.717517,07/03/2017 10:05:00 AM,2017
CR00021144,03/26/2015 03:41:00 AM,45,RAIN,DARKNESS,SIDESWIPE SAME DIRECTION,NOT DIVIDED,NO CONTROLS,FOLLOWING TOO CLOSELY,DISREGARDING TRAFFIC SIGNALS,0,0,0,0,3,5,3,1478,CLARK ST,41.927459,-87.67474,03/26/2015 04:13:00 AM,2015
CR00021145,10/10/2015 12:32:00 PM,20,CLEAR,DAYLIGHT,PARKED MOTOR VEHICLE,DIVIDED - W/MEDIAN (NOT RAISED),STOP SIGN/FLASHER,DISREGARDING TRAFFIC SIGNALS,UNABLE TO DETERMINE,0,0,0,0,12,7,10,630,DAMEN AVE,41.719706,-87.725954,10/10/2015 01:25:00 PM,2015
CR00021146,07/24/2020 03:03:00 AM,30,CLEAR,DAYLIGHT,REAR END,NOT DIVIDED,NO CONTROLS,IMPROPER OVERTAKING/PASSING,DISTRACTION - FROM INSIDE VEHICLE,0,0,0,0,3,6,7,1681,STATE ST,41.734018,-87.525373,07/24/2020 03:57:00 AM,2020