CRASH_RECORD_ID,CRASH_DATE,POSTED_SPEED_LIMIT,WEATHER_CONDITION,LIGHTING_CONDITION,FIRST_CRASH_TYPE,TRAFFICWAY_TYPE,TRAFFIC_CONTROL_DEVICE,PRIM_CONTRIBUTORY_CAUSE,SEC_CONTRIBUTORY_CAUSE,INJURIES_FATAL,INJURIES_INCAPACITATING,INJURIES_NON_INCAPACITATING,INJURIES_TOTAL,CRASH_HOUR,CRASH_DAY_OF_WEEK,CRASH_MONTH,BEAT_OF_OCCURRENCE,STREET_NAME,LATITUDE,LONGITUDE,DATE_POLICE_NOTIFIED,year
CR00021147,10/21/2015 05:42:00 PM,30,CLEAR,DAYLIGHT,TURNING,NOT DIVIDED,NO CONTROLS,UNABLE TO DETERMINE,FAILING TO REDUCE SPEED,0,0,0,0,17,4,10,186,CICERO AVE,41.899669,-87.507126,10/21/2015 06:06:00 PM,2015
CR00021148,03/25/2021 11:49:00 AM,25,RAIN,DARKNESS,REAR END,NOT DIVIDED,UNKNOWN,UNABLE TO DETERMINE,IMPROPER OVERTAKING/PASSING,0,1,3,4,11,5,3,2486,63RD ST,41.80208,-87.677045,03/25/2021 01:44:00 PM,2021
CR00021149,06/25/2023 05:54:00 PM,45,CLEAR,DAYLIGHT,TURNING,DIVIDED - W/MEDIAN BARRIER,NO CONTROLS,FAILING TO REDUCE SPEED,UNABLE TO DETERMINE,0,0,0,0,17,1,6,2091,KEDZIE AVE,41.991863,-87.756285,06/25/2023 06:18:00 PM,2023
CR00021150,04/27/2015 03:56:00 PM,40,CLEAR,DAYLIGHT,TURNING,ONE-WAY,NO CONTROLS,DISTRACTION - FROM INSIDE VEHICLE,IMPROPER LANE USAGE,0,0,0,0,15,2,4,1491,BROADWAY,41.753545,-87.822967,04/27/2015 05:01:00 PM,2015
CR00021151,12/24/2018 11:42:00 PM,35,CLEAR,DAYLIGHT,TURNING,DIVIDED - W/MEDIAN (NOT RAISED),TRAFFIC SIGNAL,FOLLOWING TOO CLOSELY,UNABLE TO DETERMINE,0,0,0,0,23,2,12,1483,CLARK ST,41.702085,-87.584742,12/25/2018 12:39:00 AM,2018
CR00021152,07/29/2021 04:43:00 PM,25,RAIN,DAYLIGHT,REAR END,NOT DIVIDED,NO CONTROLS,DISREGARDING TRAFFIC SIGNALS,NOT APPLICABLE,0,0,0,0,16,5,7,306,ARCHER AVE,41.888113,-87.708517,07/29/2021 06:29:00 PM,2021
CR00021153,03/18/2015 08:59:00 PM,40,CLEAR,DARKNESS - LIGHTED ROAD,SIDESWIPE SAME DIRECTION,ONE-WAY,STOP SIGN/FLASHER,DRIVING SKILLS/KNOWLEDGE/EXPERIENCE,FAILING TO REDUCE SPEED,0,0,0,0,20,4,3,1299,79TH ST,41.845518,-87.764083,03/18/2015 09:00:00 PM,2015
CR00021154,11/05/2021 08:59:00 PM,35,CLEAR,DAYLIGHT,REAR END,NOT DIVIDED,TRAFFIC SIGNAL,IMPROPER LANE USAGE,NOT APPLICABLE,0,0,1,1,20,6,11,2477,DIVISION ST,41.936093,-87.825177,11/05/2021 10:15:00 PM,2021
CR00021155,08/26/2021 10:40:00 PM,30,CLEAR,DUSK,TURNING,NOT DIVIDED,NO CONTROLS,DISTRACTION - FROM INSIDE VEHICLE,FAILING TO REDUCE SPEED,0,0,0,0,22,5,8,1282,CICERO AVE,41.966365,-87.586233,08/26/2021 10:55:00 PM,2021
CR00021156,07/10/2017 03:03:00 PM,15,CLEAR,DARKNESS - LIGHTED ROAD,TURNING,FOUR WAY,TRAFFIC SIGNAL,FOLLOWING TOO CLOSELY,DISTRACTION - FROM INSIDE VEHICLE,0,0,0,0,15,2,7,350,PULASKI RD,41.918423,-87.673808,07/10/2017 03:32:00 PM,2017
CR00021157,09/08/2017 04:31:00 PM,35,SNOW,DUSK,TURNING,ONE-WAY,TRAFFIC SIGNAL,IMPROPER LANE USAGE,NOT APPLICABLE,0,0,0,0,16,6,9,1125,HALSTED ST,41.86785,-87.562625,09/08/2017 05:03:00 PM,2017
CR00021158,05/23/2018 07:26:00 PM,30,CLEAR,DARKNESS - LIGHTED ROAD,PEDESTRIAN,ONE-WAY,NO CONTROLS,UNABLE TO DETERMINE,DRIVING SKILLS/KNOWLEDGE/EXPERIENCE,0,0,0,0,19,4,5,191,CICERO AVE,41.741689,-87.573769,05/23/2018 08:18:00 PM,2018
CR00021159,08/19/2018 10:22:00 AM,30,RAIN,DAYLIGHT,TURNING,FOUR WAY,TRAFFIC SIGNAL,IMPROPER OVERTAKING/PASSING,DRIVING SKILLS/KNOWLEDGE/EXPERIENCE,0,0,0,0,10,1,8,1282,ROOSEVELT RD,41.99012,-87.673551,08/19/2018 11:58:00 AM,2018
CR00021160,05/04/2020 08:05:00 PM,40,CLEAR,DAYLIGHT,PARKED MOTOR VEHICLE,ONE-WAY,NO CONTROLS,FOLLOWING TOO CLOSELY,UNABLE TO DETERMINE,0,0,0,0,20,2,5,410,ASHLAND AVE,41.757178,-87.833985,05/04/2020 09:59:00 PM,2020
CR00021161,10/31/2016 01:37:00 PM,35,RAIN,DARKNESS,ANGLE,ONE-WAY,NO CONTROLS,DRIVING SKILLS/KNOWLEDGE/EXPERIENCE,UNABLE TO DETERMINE,0,0,0,0,13,2,10,1645,ASHLAND AVE,41.912437,-87.52094,10/31/2016 01:44:00 PM,2016
CR00021162,11/26/2020 02:31:00 PM,20,CLEAR,DAYLIGHT,REAR END,FOUR WAY,NO CONTROLS,DISTRACTION - FROM INSIDE VEHICLE,FOLLOWING TOO CLOSELY,0,0,0,0,14,5,11,2430,47TH ST,41.77678,-87.583281,11/26/2020 04:17:00 PM,2020
CR00021163,01/20/2018 11:41:00 AM,30,CLOUDY/OVERCAST,DAYLIGHT,REAR END,DIVIDED - W/MEDIAN BARRIER,TRAFFIC SIGNAL,FOLLOWING TOO CLOSELY,UNABLE TO DETERMINE,0,0,0,0,11,7,1,413,PULASKI RD,41.877122,-87.843178,01/20/2018 12:09:00 PM,2018
CR00021164,12/03/2015 06:11:00 PM,30,CLOUDY/OVERCAST,DAYLIGHT,PEDESTRIAN,DIVIDED - W/MEDIAN (NOT RAISED),NO CONTROLS,FOLLOWING TOO CLOSELY,DISTRACTION - FROM INSIDE VEHICLE,0,0,1,1,18,5,12,329,HALSTED ST,41.882394,-87.569419,12/03/2015 06:20:00 PM,2015
CR00021165,07/23/2017 09:12:00 AM,35,CLEAR,DAYLIGHT,REAR END,NOT DIVIDED,TRAFFIC SIGNAL,UNABLE TO DETERMINE,DRIVING SKILLS/KNOWLEDGE/EXPERIENCE,0,0,0,0,9,1,7,170,DAMEN AVE,41.995094,-87.728564,07/23/2017 09:32:00 AM,2017
CR00021166,08/27/2019 04:23:00 AM,35,CLEAR,DAYLIGHT,TURNING,NOT DIVIDED,TRAFFIC SIGNAL,UNABLE TO DETERMINE,NOT APPLICABLE,0,0,0,0,4,3,8,857,ROOSEVELT RD,41.855045,-87.819686,08/27/2019 05:32:00 AM,2019
CR00021167,08/22/2017 01:40:00 AM,35,CLEAR,DAWN,REAR END,NOT DIVIDED,NO CONTROLS,UNABLE TO DETERMINE,FAILING TO YIELD RIGHT-OF-WAY,0,0,3,3,1,3,8,785,HALSTED ST,41.789077,-87.779576,08/22/2017 01:50:00 AM,2017
CR00021168,12/13/2015 09:52:00 AM,35,CLEAR,DAYLIGHT,SIDESWIPE SAME DIRECTION,DIVIDED - W/MEDIAN BARRIER,UNKNOWN,UNABLE TO DETERMINE,IMPROPER OVERTAKING/PASSING,0,2,3,5,9,1,12,334,DAMEN AVE,41.868023,-87.836956,12/13/2015 11:27:00 AM,2015
CR00021169,01/21/2019 12:32:00 PM,30,CLEAR,DAYLIGHT,SIDESWIPE SAME DIRECTION,NOT DIVIDED,TRAFFIC SIGNAL,UNABLE TO DETERMINE,FAILING TO YIELD RIGHT-OF-WAY,0,0,0,0,12,2,1,1277,ELSTON AVE,41.825074,-87.581558,01/21/2019 02:03:00 PM,2019
CR00021170,11/27/2017 07:38:00 AM,15,CLEAR,DAYLIGHT,TURNING,NOT DIVIDED,NO CONTROLS,DISREGARDING TRAFFIC SIGNALS,FAILING TO REDUCE SPEED,0,0,0,0,7,2,11,2440,79TH ST,41.797857,-87.816716,11/27/2017 08:41:00 AM,2017
CR00021171,04/14/2024 02:53:00 PM,15,CLOUDY/OVERCAST,DARKNESS - LIGHTED ROAD,FIXED OBJECT,FOUR WAY,NO CONTROLS,WEATHER,WEATHER,0,0,1,1,14,1,4,1648,47TH ST,41.959184,-87.839983,04/14/2024 04:51:00 PM,2024
CR00021172,06/11/2024 07:39:00 PM,30,CLEAR,DARKNESS - LIGHTED ROAD,ANGLE,NOT DIVIDED,STOP SIGN/FLASHER,UNABLE TO DETERMINE,UNABLE TO DETERMINE,0,0,1,1,19,3,6,780,BROADWAY,41.735696,-87.548233,06/11/2024 08:26:00 PM,2024
CR00021173,06/02/2015 04:04:00 PM,35,RAIN,DAYLIGHT,REAR END,ONE-WAY,NO CONTROLS,DRIVING SKILLS/KNOWLEDGE/EXPERIENCE,FAILING TO YIELD RIGHT-OF-WAY,0,0,0,0,16,3,6,1869,LAKE SHORE DR,41.816787,-87.74385,06/02/2015 04:09:00 PM,2015
CR00021174,06/11/2022 07:48:00 PM,15,SNOW,DAYLIGHT,TURNING,NOT DIVIDED,NO CONTROLS,FOLLOWING TOO CLOSELY,DRIVING SKILLS/KNOWLEDGE/EXPERIENCE,0,0,0,0,19,7,6,2067,IRVING PARK RD,41.878693,-87.555034,06/11/2022 08:12:00 PM,2022
CR00021175,01/12/2022 02:07:00 PM,30,CLEAR,DAYLIGHT,TURNING,NOT DIVIDED,TRAFFIC SIGNAL,UNABLE TO DETERMINE,UNABLE TO DETERMINE,0,0,1,1,14,4,1,2316,MICHIGAN AVE,41.762072,-87.738291,01/12/2022 02:38:00 PM,2022
CR00021176,09/01/2024 08:17:00 AM,15,CLEAR,DAYLIGHT,REAR TO FRONT,NOT DIVIDED,STOP SIGN/FLASHER,FAILING TO YIELD RIGHT-OF-WAY,FAILING TO YIELD RIGHT-OF-WAY,0,0,0,0,8,1,9,772,DIVISION ST,41.802062,-87.734789,09/01/2024 09:05:00 AM,2024
CR00021177,11/05/2024 11:26:00 AM,40,FOG/SMOKE/HAZE,DARKNESS - LIGHTED ROAD,TURNING,NOT DIVIDED,TRAFFIC SIGNAL,DRIVING SKILLS/KNOWLEDGE/EXPERIENCE,WEATHER,0,0,0,0,11,3,11,601,BROADWAY,41.921495,-87.849909,11/05/2024 11:54:00 AM,2024
CR00021178,06/10/2017 09:45:00 AM,30,CLEAR,DARKNESS,ANGLE,NOT DIVIDED,TRAFFIC SIGNAL,DRIVING SKILLS/KNOWLEDGE/EXPERIENCE,FAILING TO YIELD RIGHT-OF-WAY,0,0,0,0,9,7,6,437,63RD ST,41.83601,-87.784348,06/10/2017 11:01:00 AM,2017
CR00021179,12/11/2021 04:38:00 PM,20,CLEAR,DAYLIGHT,REAR TO FRONT,NOT DIVIDED,TRAFFIC SIGNAL,UNABLE TO DETERMINE,DISREGARDING TRAFFIC SIGNALS,0,2,0,2,16,7,12,1425,63RD ST,41.726203,-87.507732,12/11/2021 05:08:00 PM,2021
CR00021180,11/12/2024 10:07:00 AM,45,CLEAR,DARKNESS,REAR END,DIVIDED - W/MEDIAN BARRIER,NO CONTROLS,FOLLOWING TOO CLOSELY,FAILING TO YIELD RIGHT-OF-WAY,0,0,0,0,10,3,11,1749,KEDZIE AVE,41.90635,-87.572759,11/12/2024 11:35:00 AM,2024
CR00021181,12/03/2020 03:19:00 PM,45,CLEAR,DAYLIGHT,TURNING,ONE-WAY,STOP SIGN/FLASHER,FOLLOWING TOO CLOSELY,NOT APPLICABLE,0,0,0,0,15,5,12,1110,ELSTON AVE,41.765086,-87.772433,12/03/2020 04:39:00 PM,2020
CR00021182,10/02/2024 05:37:00 AM,30,CLEAR,DARKNESS - LIGHTED ROAD,REAR END,NOT DIVIDED,NO CONTROLS,UNABLE TO DETERMINE,DISTRACTION - FROM INSIDE VEHICLE,0,0,2,2,5,4,10,1114,CICERO AVE,41.825188,-87.700119,10/02/2024 05:55:00 AM,2024
CR00021183,10/24/2022 07:05:00 AM,30,CLEAR,DAYLIGHT,REAR END,DIVIDED - W/MEDIAN (NOT RAISED),TRAFFIC SIGNAL,FAILING TO REDUCE SPEED,IMPROPER LANE USAGE,0,0,0,0,7,2,10,1265,STONY ISLAND AVE,41.86206,-87.689837,10/24/2022 08:12:00 AM,2022
CR00021184,09/18/2017 07:50:00 AM,30,CLEAR,DAYLIGHT,REAR END,DIVIDED - W/MEDIAN BARRIER,TRAFFIC SIGNAL,FAILING TO REDUCE SPEED,FOLLOWING TOO CLOSELY,0,0,0,0,7,2,9,1580,47TH ST,41.903801,-87.564678,09/18/2017 08:12:00 AM,2017
CR00021185,04/19/2021 05:19:00 PM,35,CLEAR,DAYLIGHT,ANGLE,NOT DIVIDED,UNKNOWN,UNABLE TO DETERMINE,UNABLE TO DETERMINE,0,0,0,0,17,2,4,1910,MICHIGAN AVE,41.776196,-87.564724,04/19/2021 06:44:00 PM,2021
CR00021186,01/20/2018 03:57:00 PM,35,CLEAR,DAYLIGHT,REAR END,NOT DIVIDED,NO CONTROLS,FAILING TO REDUCE SPEED,FOLLOWING TOO CLOSELY,0,0,0,0,15,7,1,1048,DAMEN AVE,41.906086,-87.841416,01/20/2018 05:55:00 PM,2018
CR00021187,10/07/2023 04:57:00 PM,35,CLEAR,DAYLIGHT,ANGLE,NOT DIVIDED,NO CONTROLS,FAILING TO REDUCE SPEED,UNABLE TO DETERMINE,0,0,0,0,16,7,10,240,DIVISION ST,41.818622,-87.761819,10/07/2023 05:23:00 PM,2023
CR00021188,10/16/2022 09:53:00 AM,30,CLEAR,DAYLIGHT,FIXED OBJECT,T-INTERSECTION,UNKNOWN,FOLLOWING TOO CLOSELY,FOLLOWING TOO CLOSELY,0,0,0,0,9,1,10,2510,79TH ST,41.722283,-87.764674,10/16/2022 10:34:00 AM,2022
CR00021189,04/09/2016 01:51:00 PM,20,SNOW,DARKNESS - LIGHTED ROAD,TURNING,NOT DIVIDED,TRAFFIC SIGNAL,UNABLE TO DETERMINE,IMPROPER LANE USAGE,0,0,0,0,13,7,4,763,LAKE SHORE DR,41.734984,-87.805999,04/09/2016 01:56:00 PM,2016
CR00021190,12/25/2023 03:56:00 PM,45,CLEAR,DAYLIGHT,REAR END,NOT DIVIDED,UNKNOWN,DISTRACTION - FROM INSIDE VEHICLE,NOT APPLICABLE,0,0,0,0,15,2,12,858,63RD ST,41.804525,-87.61987,12/25/2023 05:51:00 PM,2023
CR00021191,11/06/2023 11:08:00 PM,30,CLEAR,DAYLIGHT,PARKED MOTOR VEHICLE,NOT DIVIDED,NO CONTROLS,IMPROPER LANE USAGE,NOT APPLICABLE,0,0,0,0,23,2,11,2438,ARCHER AVE,41.90328,-87.605197,11/07/2023 01:05:00 AM,2023
CR00021192,06/03/2018 05:57:00 PM,30,CLEAR,DARKNESS - LIGHTED ROAD,SIDESWIPE SAME DIRECTION,NOT DIVIDED,NO CONTROLS,DRIVING SKILLS/KNOWLEDGE/EXPERIENCE,FOLLOWING TOO CLOSELY,0,0,0,0,17,1,6,1972,DIVISION ST,41.745308,-87.517513,06/03/2018 07:25:00 PM,2018
CR00021193,05/16/2021 07:24:00 AM,35,SNOW,DARKNESS - LIGHTED ROAD,REAR END,ONE-WAY,NO CONTROLS,FAILING TO YIELD RIGHT-OF-WAY,FAILING TO YIELD RIGHT-OF-WAY,0,0,0,0,7,1,5,2129,ROOSEVELT RD,41.964926,-87.755794,05/16/2021 07:27:00 AM,2021
CR00021194,06/19/2022 07:53:00 AM,20,CLEAR,DARKNESS - LIGHTED ROAD,PARKED MOTOR VEHICLE,DIVIDED - W/MEDIAN (NOT RAISED),TRAFFIC SIGNAL,IMPROPER OVERTAKING/PASSING,NOT APPLICABLE,0,0,0,0,7,1,6,1738,DAMEN AVE,41.846452,-87.635849,06/19/2022 08:23:00 AM,2022
CR00021195,04/30/2015 04:10:00 PM,35,CLEAR,DARKNESS,PARKED MOTOR VEHICLE,NOT DIVIDED,TRAFFIC SIGNAL,DISTRACTION - FROM INSIDE VEHICLE,UNABLE TO DETERMINE,0,0,0,0,16,5,4,240,OGDEN AVE,41.838707,-87.822171,04/30/2015 06:08:00 PM,2015
CR00021196,08/19/2024 07:18:00 PM,35,CLEAR,DAYLIGHT,REAR END,FOUR WAY,NO CONTROLS,DISTRACTION - FROM INSIDE VEHICLE,UNABLE TO DETERMINE,0,0,0,0,19,2,8,711,DIVISION ST,41.738984,-87.672284,08/19/2024 07:42:00 PM,2024
CR00021197,12/05/2021 08:10:00 AM,25,CLOUDY/OVERCAST,DAYLIGHT,SIDESWIPE SAME DIRECTION,NOT DIVIDED,TRAFFIC SIGNAL,DRIVING SKILLS/KNOWLEDGE/EXPERIENCE,IMPROPER OVERTAKING/PASSING,0,0,0,0,8,1,12,2130,IRVING PARK RD,41.878467,-87.512963,12/05/2021 08:25:00 AM,2021
CR00021198,04/02/2018 04:14:00 PM,35,CLEAR,DAYLIGHT,PARKED MOTOR VEHICLE,DIVIDED - W/MEDIAN (NOT RAISED),TRAFFIC SIGNAL,FAILING TO YIELD RIGHT-OF-WAY,DISTRACTION - FROM INSIDE VEHICLE,0,0,0,0,16,2,4,2438,HALSTED ST,41.900352,-87.721688,04/02/2018 04:28:00 PM,2018
CR00021199,01/07/2021 06:42:00 PM,35,RAIN,DAYLIGHT,PARKED MOTOR VEHICLE,NOT DIVIDED,STOP SIGN/FLASHER,UNABLE TO DETERMINE,UNABLE TO DETERMINE,0,2,3,5,18,5,1,796,ARCHER AVE,41.714135,-87.522895,01/07/2021 07:45:00 PM,2021
CR00021200,04/28/2016 03:36:00 AM,30,RAIN,DAYLIGHT,REAR END,DIVIDED - W/MEDIAN (NOT RAISED),STOP SIGN/FLASHER,WEATHER,UNABLE TO DETERMINE,0,0,0,0,3,5,4,246,ARCHER AVE,41.993841,-87.740091,04/28/2016 04:03:00 AM,2016
CR00021201,06/29/2016 09:08:00 PM,45,CLEAR,DARKNESS,ANGLE,NOT DIVIDED,TRAFFIC SIGNAL,FAILING TO REDUCE SPEED,FAILING TO YIELD RIGHT-OF-WAY,0,0,0,0,21,4,6,716,ROOSEVELT RD,41.784306,-87.548794,06/29/2016 09:52:00 PM,2016
CR00021202,02/19/2019 03:05:00 PM,30,CLEAR,DARKNESS - LIGHTED ROAD,PARKED MOTOR VEHICLE,DIVIDED - W/MEDIAN (NOT RAISED),NO CONTROLS,FAILING TO REDUCE SPEED,FOLLOWING TOO CLOSELY,0,0,0,0,15,3,2,1035,OGDEN AVE,41.827596,-87.794041,02/19/2019 03:18:00 PM,2019
CR00021203,01/28/2022 02:20:00 PM,30,CLEAR,DAYLIGHT,REAR TO FRONT,NOT DIVIDED,TRAFFIC SIGNAL,FOLLOWING TOO CLOSELY,UNABLE TO DETERMINE,0,0,0,0,14,6,1,2400,ASHLAND AVE,41.894712,-87.557293,01/28/2022 03:22:00 PM,2022
CR00021204,04/20/2015 08:02:00 PM,45,CLOUDY/OVERCAST,DAYLIGHT,FIXED OBJECT,ONE-WAY,YIELD,WEATHER,NOT APPLICABLE,0,0,0,0,20,2,4,2396,PULASKI RD,41.884971,-87.728971,04/20/2015 08:28:00 PM,2015
CR00021205,03/07/2018 01:36:00 PM,30,CLEAR,DAYLIGHT,REAR END,DIVIDED - W/MEDIAN (NOT RAISED),NO CONTROLS,FAILING TO YIELD RIGHT-OF-WAY,UNABLE TO DETERMINE,0,0,0,0,13,4,3,2384,ARCHER AVE,41.996439,-87.757303,03/07/2018 03:31:00 PM,2018
CR00021206,06/08/2023 04:20:00 PM,20,CLEAR,DAYLIGHT,REAR TO FRONT,DIVIDED - W/MEDIAN (NOT RAISED),STOP SIGN/FLASHER,FAILING TO YIELD RIGHT-OF-WAY,FOLLOWING TOO CLOSELY,0,0,0,0,16,5,6,134,BROADWAY,41.903563,-87.672373,06/08/2023 05:18:00 PM,2023
CR00021207,01/25/2020 12:51:00 PM,35,CLEAR,DAYLIGHT,TURNING,NOT DIVIDED,TRAFFIC SIGNAL,DISTRACTION - FROM INSIDE VEHICLE,NOT APPLICABLE,0,0,0,0,12,7,1,1648,PULASKI RD,41.715888,-87.664533,01/25/2020 02:47:00 PM,2020
CR00021208,09/11/2024 07:02:00 PM,35,RAIN,DAYLIGHT,SIDESWIPE SAME DIRECTION,DIVIDED - W/MEDIAN (NOT RAISED),TRAFFIC SIGNAL,WEATHER,UNABLE TO DETERMINE,0,0,0,0,19,4,9,1489,PULASKI RD,41.712478,-87.839014,09/11/2024 09:02:00 PM,2024
CR00021209,12/06/2023 03:22:00 AM,15,CLEAR,DAYLIGHT,PEDESTRIAN,NOT DIVIDED,NO CONTROLS,WEATHER,FAILING TO YIELD RIGHT-OF-WAY,0,0,0,0,3,4,12,525,CALIFORNIA AVE,41.769912,-87.689638,12/06/2023 03:35:00 AM,2023
CR00021210,10/24/2016 07:09:00 AM,45,SNOW,DARKNESS,ANGLE,NOT DIVIDED,TRAFFIC SIGNAL,FOLLOWING TOO CLOSELY,UNABLE TO DETERMINE,0,2,0,2,7,2,10,905,DIVISION ST,41.717582,-87.792383,10/24/2016 08:25:00 AM,2016
CR00021211,11/21/2016 03:46:00 AM,35,CLEAR,DARKNESS - LIGHTED ROAD,PEDESTRIAN,DIVIDED - W/MEDIAN BARRIER,NO CONTROLS,UNABLE TO DETERMINE,FAILING TO REDUCE SPEED,0,2,2,4,3,2,11,1685,WESTERN AVE,41.821791,-87.553607,11/21/2016 05:32:00 AM,2016
CR00021212,04/01/2016 01:17:00 PM,15,CLEAR,DAYLIGHT,ANGLE,DIVIDED - W/MEDIAN (NOT RAISED),STOP SIGN/FLASHER,DISTRACTION - FROM INSIDE VEHICLE,IMPROPER OVERTAKING/PASSING,0,0,0,0,13,6,4,565,MILWAUKEE AVE,41.801855,-87.706304,04/01/2016 03:09:00 PM,2016
CR00021213,04/21/2019 08:22:00 AM,30,CLEAR,DAYLIGHT,REAR END,T-INTERSECTION,NO CONTROLS,UNABLE TO DETERMINE,UNABLE TO DETERMINE,0,0,0,0,8,1,4,2004,ASHLAND AVE,41.959091,-87.846493,04/21/2019 10:16:00 AM,2019
CR00021214,06/10/2016 01:57:00 PM,25,CLEAR,DARKNESS,PEDESTRIAN,ONE-WAY,TRAFFIC SIGNAL,FOLLOWING TOO CLOSELY,UNABLE TO DETERMINE,0,0,0,0,13,6,6,1936,PULASKI RD,41.744151,-87.557842,06/10/2016 03:17:00 PM,2016
CR00021215,04/03/2020 02:46:00 PM,30,CLEAR,DAYLIGHT,REAR END,ONE-WAY,TRAFFIC SIGNAL,UNABLE TO DETERMINE,UNABLE TO DETERMINE,0,0,0,0,14,6,4,2450,DIVISION ST,41.763027,-87.543772,04/03/2020 02:48:00 PM,2020
CR00021216,09/06/2017 07:48:00 AM,35,CLEAR,DARKNESS - LIGHTED ROAD,REAR END,NOT DIVIDED,TRAFFIC SIGNAL,UNABLE TO DETERMINE,UNABLE TO DETERMINE,0,0,0,0,7,4,9,994,63RD ST,41.846585,-87.76528,09/06/2017 08:38:00 AM,2017
CR00021217,07/21/2019 03:37:00 AM,45,CLEAR,DAYLIGHT,ANGLE,DIVIDED - W/MEDIAN (NOT RAISED),TRAFFIC SIGNAL,UNABLE TO DETERMINE,FAILING TO YIELD RIGHT-OF-WAY,0,0,0,0,3,1,7,883,WESTERN AVE,41.818079,-87.575353,07/21/2019 04:24:00 AM,2019
CR00021218,04/02/2024 05:06:00 PM,15,RAIN,DAYLIGHT,REAR TO FRONT,NOT DIVIDED,TRAFFIC SIGNAL,DRIVING SKILLS/KNOWLEDGE/EXPERIENCE,NOT APPLICABLE,0,0,0,0,17,3,4,2134,HALSTED ST,41.795463,-87.575215,04/02/2024 06:46:00 PM,2024
CR00021219,06/30/2015 09:09:00 PM,40,CLOUDY/OVERCAST,DAYLIGHT,TURNING,NOT DIVIDED,STOP SIGN/FLASHER,FAILING TO YIELD RIGHT-OF-WAY,DISREGARDING TRAFFIC SIGNALS,0,0,0,0,21,3,6,696,47TH ST,41.737144,-87.711914,06/30/2015 10:29:00 PM,2015
CR00021220,12/21/2021 06:21:00 PM,25,CLEAR,DAYLIGHT,SIDESWIPE SAME DIRECTION,NOT DIVIDED,TRAFFIC SIGNAL,FAILING TO YIELD RIGHT-OF-WAY,DRIVING SKILLS/KNOWLEDGE/EXPERIENCE,0,0,0,0,18,3,12,1434,79TH ST,41.812252,-87.71258,12/21/2021 07:10:00 PM,2021
CR00021221,10/16/2016 08:30:00 AM,35,CLEAR,DARKNESS - LIGHTED ROAD,REAR END,FOUR WAY,NO CONTROLS,UNABLE TO DETERMINE,FOLLOWING TOO CLOSELY,0,0,0,0,8,1,10,1424,IRVING PARK RD,41.939102,-87.586693,10/16/2016 09:04:00 AM,2016
CR00021222,03/02/2023 04:43:00 PM,30,CLEAR,DAYLIGHT,SIDESWIPE SAME DIRECTION,FOUR WAY,NO CONTROLS,IMPROPER OVERTAKING/PASSING,UNABLE TO DETERMINE,0,0,0,0,16,5,3,211,ASHLAND AVE,41.989066,-87.775975,03/02/2023 05:02:00 PM,2023
CR00021223,01/02/2022 03:22:00 AM,25,SNOW,DAYLIGHT,REAR END,NOT DIVIDED,TRAFFIC SIGNAL,IMPROPER OVERTAKING/PASSING,FAILING TO REDUCE SPEED,0,0,0,0,3,1,1,2095,HALSTED ST,41.969599,-87.637098,01/02/2022 04:31:00 AM,2022
CR00021224,03/16/2015 09:52:00 AM,45,RAIN,DAYLIGHT,FIXED OBJECT,DIVIDED - W/MEDIAN BARRIER,NO CONTROLS,FOLLOWING TOO CLOSELY,FAILING TO YIELD RIGHT-OF-WAY,0,0,3,3,9,2,3,1589,PULASKI RD,41.901125,-87.660514,03/16/2015 11:27:00 AM,2015
CR00021225,09/01/2019 04:56:00 PM,25,CLEAR,DAYLIGHT,PARKED MOTOR VEHICLE,NOT DIVIDED,STOP SIGN/FLASHER,IMPROPER LANE USAGE,WEATHER,0,0,0,0,16,1,9,759,ROOSEVELT RD,41.974376,-87.706568,09/01/2019 05:02:00 PM,2019
CR00021226,09/30/2016 08:13:00 AM,30,CLEAR,DAYLIGHT,TURNING,NOT DIVIDED,STOP SIGN/FLASHER,FOLLOWING TOO CLOSELY,DRIVING SKILLS/KNOWLEDGE/EXPERIENCE,0,0,0,0,8,6,9,179,STONY ISLAND AVE,41.953053,-87.608726,09/30/2016 09:39:00 AM,2016
CR00021227,06/05/2021 02:12:00 PM,25,CLEAR,DAYLIGHT,PARKED MOTOR VEHICLE,DIVIDED - W/MEDIAN BARRIER,TRAFFIC SIGNAL,FOLLOWING TOO CLOSELY,FAILING TO YIELD RIGHT-OF-WAY,0,0,0,0,14,7,6,691,LAKE SHORE DR,41.949011,-87.55241,06/05/2021 03:03:00 PM,2021
CR00021228,09/22/2015 11:27:00 PM,30,CLOUDY/OVERCAST,DAYLIGHT,SIDESWIPE SAME DIRECTION,NOT DIVIDED,UNKNOWN,IMPROPER OVERTAKING/PASSING,NOT APPLICABLE,0,0,0,0,23,3,9,259,CLARK ST,41.958638,-87.788345,09/23/2015 01:06:00 AM,2015
CR00021229,08/30/2024 08:42:00 PM,40,SNOW,DAYLIGHT,REAR TO FRONT,NOT DIVIDED,STOP SIGN/FLASHER,UNABLE TO DETERMINE,DISTRACTION - FROM INSIDE VEHICLE,0,0,0,0,20,6,8,2491,PULASKI RD,41.960866,-87.700814,08/30/2024 10:21:00 PM,2024