CRASH_RECORD_ID,CRASH_DATE,POSTED_SPEED_LIMIT,WEATHER_CONDITION,LIGHTING_CONDITION,FIRST_CRASH_TYPE,TRAFFICWAY_TYPE,TRAFFIC_CONTROL_DEVICE,PRIM_CONTRIBUTORY_CAUSE,SEC_CONTRIBUTORY_CAUSE,INJURIES_FATAL,INJURIES_INCAPACITATING,INJURIES_NON_INCAPACITATING,INJURIES_TOTAL,CRASH_HOUR,CRASH_DAY_OF_WEEK,CRASH_MONTH,BEAT_OF_OCCURRENCE,STREET_NAME,LATITUDE,LONGITUDE,DATE_POLICE_NOTIFIED,year
CR00021230,09/10/2019 01:04:00 AM,30,RAIN,DAYLIGHT,REAR END,DIVIDED - W/MEDIAN (NOT RAISED),TRAFFIC SIGNAL,WEATHER,DISREGARDING TRAFFIC SIGNALS,0,0,0,0,1,3,9,859,CALIFORNIA AVE,41.96325,-87.764984,09/10/2019 02:21:00 AM,2019
CR00021231,11/27/2015 03:53:00 PM,45,RAIN,DUSK,PARKED MOTOR VEHICLE,DIVIDED - W/MEDIAN (NOT RAISED),STOP SIGN/FLASHER,UNABLE TO DETERMINE,UNABLE TO DETERMINE,0,0,1,1,15,6,11,2188,FULLERTON AVE,41.89095,-87.545483,11/27/2015 05:03:00 PM,2015
CR00021232,03/21/2015 09:39:00 PM,30,CLEAR,DAYLIGHT,TURNING,NOT DIVIDED,NO CONTROLS,UNABLE TO DETERMINE,FOLLOWING TOO CLOSELY,0,0,1,1,21,7,3,855,CICERO AVE,41.885125,-87.582648,03/21/2015 10:56:00 PM,2015
CR00021233,03/03/2015 07:41:00 AM,25,CLOUDY/OVERCAST,DAYLIGHT,TURNING,ONE-WAY,UNKNOWN,FAILING TO YIELD RIGHT-OF-WAY,UNABLE TO DETERMINE,0,0,0,0,7,3,3,1206,IRVING PARK RD,41.847504,-87.724754,03/03/2015 09:21:00 AM,2015
CR00021234,03/01/2016 08:54:00 AM,30,FOG/SMOKE/HAZE,DAYLIGHT,REAR END,DIVIDED - W/MEDIAN BARRIER,NO CONTROLS,UNABLE TO DETERMINE,DISREGARDING TRAFFIC SIGNALS,0,1,0,1,8,3,3,1434,DAMEN AVE,41.869326,-87.50285,03/01/2016 10:12:00 AM,2016
CR00021235,09/19/2020 07:00:00 AM,15,CLEAR,DAYLIGHT,REAR END,DIVIDED - W/MEDIAN (NOT RAISED),NO CONTROLS,IMPROPER LANE USAGE,UNABLE TO DETERMINE,0,0,0,0,7,7,9,208,MICHIGAN AVE,41.958537,-87.591677,09/19/2020 08:11:00 AM,2020
CR00021236,09/16/2022 06:55:00 PM,20,CLEAR,DAYLIGHT,TURNING,DIVIDED - W/MEDIAN (NOT RAISED),STOP SIGN/FLASHER,FAILING TO REDUCE SPEED,UNABLE TO DETERMINE,0,0,0,0,18,6,9,1408,DAMEN AVE,41.884198,-87.810923,09/16/2022 08:53:00 PM,2022
CR00021237,05/13/2016 08:27:00 AM,20,CLEAR,DAWN,TURNING,DIVIDED - W/MEDIAN BARRIER,UNKNOWN,FAILING TO REDUCE SPEED,FAILING TO YIELD RIGHT-OF-WAY,0,0,0,0,8,6,5,1767,ELSTON AVE,41.822797,-87.518611,05/13/2016 08:48:00 AM,2016
CR00021238,02/03/2022 08:47:00 AM,35,CLEAR,DARKNESS - LIGHTED ROAD,REAR END,DIVIDED - W/MEDIAN BARRIER,TRAFFIC SIGNAL,IMPROPER LANE USAGE,IMPROPER LANE USAGE,0,0,0,0,8,5,2,1038,ARCHER AVE,41.851722,-87.543845,02/03/2022 09:22:00 AM,2022
CR00021239,12/22/2016 11:25:00 AM,30,CLEAR,DARKNESS - LIGHTED ROAD,ANGLE,ONE-WAY,NO CONTROLS,DISREGARDING TRAFFIC SIGNALS,DISTRACTION - FROM INSIDE VEHICLE,0,0,0,0,11,5,12,1950,PULASKI RD,41.844399,-87.647107,12/22/2016 12:31:00 PM,2016
CR00021240,05/17/2024 08:55:00 AM,45,CLEAR,DAYLIGHT,PARKED MOTOR VEHICLE,NOT DIVIDED,TRAFFIC SIGNAL,IMPROPER LANE USAGE,IMPROPER OVERTAKING/PASSING,0,2,3,5,8,6,5,1725,WESTERN AVE,41.915889,-87.743919,05/17/2024 09:09:00 AM,2024
CR00021241,10/21/2016 01:11:00 AM,20,CLOUDY/OVERCAST,DAYLIGHT,ANGLE,DIVIDED - W/MEDIAN (NOT RAISED),NO CONTROLS,DISTRACTION - FROM INSIDE VEHICLE,FOLLOWING TOO CLOSELY,0,0,0,0,1,6,10,1707,LAKE SHORE DR,41.703558,-87.823194,10/21/2016 03:03:00 AM,2016
CR00021242,05/21/2022 01:47:00 PM,35,CLEAR,DARKNESS - LIGHTED ROAD,FIXED OBJECT,NOT DIVIDED,TRAFFIC SIGNAL,DISTRACTION - FROM INSIDE VEHICLE,FOLLOWING TOO CLOSELY,0,0,1,1,13,7,5,1683,79TH ST,41.838697,-87.640249,05/21/2022 02:32:00 PM,2022
CR00021243,06/26/2019 12:52:00 PM,15,CLEAR,DAYLIGHT,TURNING,DIVIDED - W/MEDIAN BARRIER,TRAFFIC SIGNAL,DISREGARDING TRAFFIC SIGNALS,IMPROPER LANE USAGE,0,1,1,2,12,4,6,2186,LAKE SHORE DR,41.809523,-87.582301,06/26/2019 02:50:00 PM,2019
CR00021244,09/03/2021 10:20:00 AM,25,CLEAR,DARKNESS - LIGHTED ROAD,REAR END,DIVIDED - W/MEDIAN (NOT RAISED),NO CONTROLS,FAILING TO REDUCE SPEED,NOT APPLICABLE,0,0,1,1,10,6,9,110,MICHIGAN AVE,41.910141,-87.538162,09/03/2021 11:18:00 AM,2021
CR00021245,03/12/2020 10:04:00 AM,30,CLEAR,DAYLIGHT,REAR END,DIVIDED - W/MEDIAN (NOT RAISED),TRAFFIC SIGNAL,DISTRACTION - FROM INSIDE VEHICLE,FOLLOWING TOO CLOSELY,0,0,0,0,10,5,3,299,BROADWAY,41.851527,-87.703971,03/12/2020 10:27:00 AM,2020
CR00021246,11/18/2021 09:00:00 AM,30,CLOUDY/OVERCAST,DAYLIGHT,FIXED OBJECT,DIVIDED - W/MEDIAN (NOT RAISED),NO CONTROLS,UNABLE TO DETERMINE,NOT APPLICABLE,0,0,0,0,9,5,11,288,DAMEN AVE,41.731535,-87.701267,11/18/2021 10:52:00 AM,2021
CR00021247,10/07/2021 07:57:00 AM,35,CLEAR,DARKNESS - LIGHTED ROAD,TURNING,DIVIDED - W/MEDIAN BARRIER,TRAFFIC SIGNAL,UNABLE TO DETERMINE,UNABLE TO DETERMINE,0,0,0,0,7,5,10,561,ROOSEVELT RD,41.995858,-87.634998,10/07/2021 08:11:00 AM,2021
CR00021248,05/30/2015 03:04:00 PM,30,CLEAR,DAYLIGHT,TURNING,FOUR WAY,NO CONTROLS,DISTRACTION - FROM INSIDE VEHICLE,FAILING TO YIELD RIGHT-OF-WAY,0,0,0,0,15,7,5,629,CICERO AVE,41.70321,-87.500031,05/30/2015 03:33:00 PM,2015
CR00021249,06/19/2018 02:06:00 PM,45,CLEAR,DARKNESS - LIGHTED ROAD,REAR END,DIVIDED - W/MEDIAN BARRIER,UNKNOWN,FAILING TO YIELD RIGHT-OF-WAY,DISREGARDING TRAFFIC SIGNALS,0,0,0,0,14,3,6,1123,PULASKI RD,41.913449,-87.727399,06/19/2018 02:37:00 PM,2018
CR00021250,06/02/2022 08:53:00 AM,30,CLEAR,DAYLIGHT,REAR END,NOT DIVIDED,NO CONTROLS,FOLLOWING TOO CLOSELY,FOLLOWING TOO CLOSELY,0,0,0,0,8,5,6,2115,CALIFORNIA AVE,41.901119,-87.828123,06/02/2022 09:52:00 AM,2022
CR00021251,04/23/2018 08:10:00 PM,30,CLEAR,DARKNESS - LIGHTED ROAD,ANGLE,NOT DIVIDED,NO CONTROLS,DISTRACTION - FROM INSIDE VEHICLE,UNABLE TO DETERMINE,0,0,0,0,20,2,4,691,ASHLAND AVE,41.880214,-87.700987,04/23/2018 08:28:00 PM,2018
CR00021252,04/01/2024 03:56:00 AM,30,CLEAR,DAYLIGHT,TURNING,DIVIDED - W/MEDIAN BARRIER,YIELD,UNABLE TO DETERMINE,NOT APPLICABLE,0,0,0,0,3,2,4,460,CLARK ST,41.77367,-87.84594,04/01/2024 04:11:00 AM,2024
CR00021253,02/20/2022 04:21:00 PM,40,SNOW,DAYLIGHT,REAR END,DIVIDED - W/MEDIAN BARRIER,STOP SIGN/FLASHER,FAILING TO YIELD RIGHT-OF-WAY,IMPROPER OVERTAKING/PASSING,0,0,0,0,16,1,2,2180,CALIFORNIA AVE,41.851766,-87.800865,02/20/2022 05:22:00 PM,2022
CR00021254,12/23/2017 04:38:00 PM,35,RAIN,DARKNESS - LIGHTED ROAD,SIDESWIPE SAME DIRECTION,DIVIDED - W/MEDIAN (NOT RAISED),STOP SIGN/FLASHER,FAILING TO YIELD RIGHT-OF-WAY,NOT APPLICABLE,0,0,0,0,16,7,12,1825,79TH ST,41.939017,-87.550586,12/23/2017 05:45:00 PM,2017
CR00021255,02/12/2015 02:14:00 PM,35,CLEAR,DARKNESS - LIGHTED ROAD,PARKED MOTOR VEHICLE,DIVIDED - W/MEDIAN (NOT RAISED),TRAFFIC SIGNAL,UNABLE TO DETERMINE,DISTRACTION - FROM INSIDE VEHICLE,0,0,0,0,14,5,2,171,MILWAUKEE AVE,41.908792,-87.578568,02/12/2015 03:39:00 PM,2015
CR00021256,04/16/2019 07:35:00 AM,30,CLEAR,DARKNESS - LIGHTED ROAD,ANGLE,NOT DIVIDED,TRAFFIC SIGNAL,UNABLE TO DETERMINE,FOLLOWING TOO CLOSELY,0,0,0,0,7,3,4,2464,IRVING PARK RD,41.718613,-87.629962,04/16/2019 09:20:00 AM,2019
CR00021257,02/22/2024 05:26:00 PM,30,SNOW,DARKNESS,REAR END,NOT DIVIDED,UNKNOWN,DRIVING SKILLS/KNOWLEDGE/EXPERIENCE,NOT APPLICABLE,0,0,0,0,17,5,2,1189,CLARK ST,41.911059,-87.667743,02/22/2024 06:11:00 PM,2024
CR00021258,12/21/2020 06:44:00 AM,45,RAIN,DAYLIGHT,TURNING,T-INTERSECTION,STOP SIGN/FLASHER,IMPROPER LANE USAGE,FAILING TO YIELD RIGHT-OF-WAY,0,0,0,0,6,2,12,751,LAKE SHORE DR,41.981314,-87.636812,12/21/2020 08:40:00 AM,2020
CR00021259,02/21/2017 05:29:00 PM,30,CLEAR,DARKNESS - LIGHTED ROAD,SIDESWIPE SAME DIRECTION,DIVIDED - W/MEDIAN (NOT RAISED),STOP SIGN/FLASHER,UNABLE TO DETERMINE,FAILING TO REDUCE SPEED,0,0,0,0,17,3,2,2504,CICERO AVE,41.795256,-87.773585,02/21/2017 05:57:00 PM,2017
CR00021260,11/09/2023 11:34:00 PM,35,CLEAR,DARKNESS - LIGHTED ROAD,REAR TO FRONT,NOT DIVIDED,NO CONTROLS,DRIVING SKILLS/KNOWLEDGE/EXPERIENCE,UNABLE TO DETERMINE,0,0,0,0,23,5,11,2244,LAKE SHORE DR,41.899846,-87.532543,11/09/2023 11:44:00 PM,2023
CR00021261,09/20/2015 11:36:00 AM,40,CLOUDY/OVERCAST,DAYLIGHT,FIXED OBJECT,ONE-WAY,STOP SIGN/FLASHER,FAILING TO YIELD RIGHT-OF-WAY,IMPROPER LANE USAGE,0,0,2,2,11,1,9,1210,OGDEN AVE,41.827407,-87.7652,09/20/2015 01:22:00 PM,2015
CR00021262,02/03/2019 09:09:00 PM,25,CLEAR,DAYLIGHT,TURNING,NOT DIVIDED,STOP SIGN/FLASHER,UNABLE TO DETERMINE,FOLLOWING TOO CLOSELY,0,0,0,0,21,1,2,373,ASHLAND AVE,41.976063,-87.744419,02/03/2019 11:07:00 PM,2019
CR00021263,04/25/2024 08:34:00 PM,35,RAIN,DAYLIGHT,REAR END,NOT DIVIDED,STOP SIGN/FLASHER,UNABLE TO DETERMINE,NOT APPLICABLE,0,0,0,0,20,5,4,1412,HALSTED ST,41.964079,-87.729302,04/25/2024 10:07:00 PM,2024
CR00021264,09/22/2024 08:21:00 AM,25,CLEAR,DARKNESS - LIGHTED ROAD,REAR END,NOT DIVIDED,NO CONTROLS,DISTRACTION - FROM INSIDE VEHICLE,FOLLOWING TOO CLOSELY,1,2,3,6,8,1,9,1539,IRVING PARK RD,41.790536,-87.671422,09/22/2024 09:30:00 AM,2024
CR00021265,02/20/2020 08:29:00 AM,40,CLOUDY/OVERCAST,DARKNESS - LIGHTED ROAD,FIXED OBJECT,NOT DIVIDED,TRAFFIC SIGNAL,IMPROPER LANE USAGE,UNABLE TO DETERMINE,0,0,0,0,8,5,2,1020,DAMEN AVE,41.940264,-87.506282,02/20/2020 08:58:00 AM,2020
CR00021266,08/23/2024 07:56:00 PM,45,SNOW,DAYLIGHT,PARKED MOTOR VEHICLE,DIVIDED - W/MEDIAN BARRIER,TRAFFIC SIGNAL,UNABLE TO DETERMINE,FAILING TO YIELD RIGHT-OF-WAY,0,0,0,0,19,6,8,427,CLARK ST,41.964953,-87.552559,08/23/2024 09:33:00 PM,2024
CR00021267,04/22/2019 05:06:00 PM,30,CLEAR,DAWN,FIXED OBJECT,NOT DIVIDED,NO CONTROLS,FAILING TO YIELD RIGHT-OF-WAY,DRIVING SKILLS/KNOWLEDGE/EXPERIENCE,0,0,1,1,17,2,4,2124,63RD ST,41.952322,-87.720619,04/22/2019 06:40:00 PM,2019
CR00021268,12/09/2015 06:42:00 PM,15,CLEAR,DAYLIGHT,REAR END,FOUR WAY,NO CONTROLS,DRIVING SKILLS/KNOWLEDGE/EXPERIENCE,WEATHER,0,0,1,1,18,4,12,2241,WESTERN AVE,41.904776,-87.640614,12/09/2015 06:50:00 PM,2015
CR00021269,12/18/2022 02:31:00 PM,20,SNOW,DARKNESS - LIGHTED ROAD,SIDESWIPE SAME DIRECTION,DIVIDED - W/MEDIAN BARRIER,TRAFFIC SIGNAL,IMPROPER OVERTAKING/PASSING,NOT APPLICABLE,0,0,0,0,14,1,12,1418,STATE ST,41.832148,-87.602702,12/18/2022 03:14:00 PM,2022
CR00021270,11/06/2021 12:57:00 PM,40,CLEAR,DAYLIGHT,SIDESWIPE SAME DIRECTION,NOT DIVIDED,STOP SIGN/FLASHER,UNABLE TO DETERMINE,FAILING TO REDUCE SPEED,0,0,1,1,12,7,11,2170,DAMEN AVE,41.822577,-87.828765,11/06/2021 01:32:00 PM,2021
CR00021271,03/05/2019 08:00:00 PM,30,RAIN,DAYLIGHT,PARKED MOTOR VEHICLE,T-INTERSECTION,TRAFFIC SIGNAL,UNABLE TO DETERMINE,UNABLE TO DETERMINE,0,0,0,0,20,3,3,1233,47TH ST,41.942053,-87.60949,03/05/2019 08:26:00 PM,2019
CR00021272,06/18/2023 09:32:00 AM,25,CLEAR,DARKNESS,REAR END,ONE-WAY,PEDESTRIAN CROSSING SIGN,IMPROPER LANE USAGE,IMPROPER LANE USAGE,0,0,0,0,9,1,6,538,HALSTED ST,41.738519,-87.831057,06/18/2023 10:56:00 AM,2023
CR00021273,04/23/2023 08:27:00 PM,30,CLEAR,DAYLIGHT,PARKED MOTOR VEHICLE,NOT DIVIDED,NO CONTROLS,UNABLE TO DETERMINE,IMPROPER OVERTAKING/PASSING,0,0,0,0,20,1,4,2128,DAMEN AVE,41.922775,-87.634949,04/23/2023 09:09:00 PM,2023
CR00021274,07/27/2024 07:05:00 PM,45,CLEAR,DARKNESS - LIGHTED ROAD,TURNING,NOT DIVIDED,NO CONTROLS,DRIVING SKILLS/KNOWLEDGE/EXPERIENCE,NOT APPLICABLE,0,0,0,0,19,7,7,833,CALIFORNIA AVE,41.883558,-87.624188,07/27/2024 07:49:00 PM,2024
CR00021275,03/23/2017 11:39:00 PM,35,SNOW,DARKNESS - LIGHTED ROAD,REAR END,DIVIDED - W/MEDIAN (NOT RAISED),NO CONTROLS,FOLLOWING TOO CLOSELY,NOT APPLICABLE,0,0,0,0,23,5,3,2324,WESTERN AVE,41.96012,-87.817565,03/24/2017 12:42:00 AM,2017
CR00021276,10/17/2018 05:24:00 PM,20,CLEAR,DARKNESS,PARKED MOTOR VEHICLE,ONE-WAY,NO CONTROLS,DRIVING SKILLS/KNOWLEDGE/EXPERIENCE,DISREGARDING TRAFFIC SIGNALS,0,0,0,0,17,4,10,1032,WESTERN AVE,41.706123,-87.56025,10/17/2018 06:33:00 PM,2018
CR00021277,03/28/2022 06:08:00 PM,30,CLOUDY/OVERCAST,DAYLIGHT,REAR END,NOT DIVIDED,NO CONTROLS,IMPROPER OVERTAKING/PASSING,IMPROPER OVERTAKING/PASSING,0,0,0,0,18,2,3,2384,HALSTED ST,41.940525,-87.549985,03/28/2022 06:56:00 PM,2022
CR00021278,05/11/2019 10:07:00 AM,30,CLEAR,DAYLIGHT,FIXED OBJECT,NOT DIVIDED,NO CONTROLS,IMPROPER OVERTAKING/PASSING,NOT APPLICABLE,0,0,0,0,10,7,5,751,DIVISION ST,41.937643,-87.726616,05/11/2019 11:42:00 AM,2019
CR00021279,08/27/2022 06:11:00 PM,35,CLEAR,DAYLIGHT,REAR END,DIVIDED - W/MEDIAN (NOT RAISED),TRAFFIC SIGNAL,FOLLOWING TOO CLOSELY,DISTRACTION - FROM INSIDE VEHICLE,0,0,0,0,18,7,8,2166,ROOSEVELT RD,41.788464,-87.786694,08/27/2022 07:38:00 PM,2022
CR00021280,10/28/2022 09:51:00 AM,30,CLOUDY/OVERCAST,DAYLIGHT,ANGLE,DIVIDED - W/MEDIAN BARRIER,NO CONTROLS,FOLLOWING TOO CLOSELY,UNABLE TO DETERMINE,0,0,0,0,9,6,10,838,ROOSEVELT RD,41.958815,-87.706853,10/28/2022 10:03:00 AM,2022
CR00021281,08/21/2023 06:46:00 PM,20,CLEAR,DAYLIGHT,TURNING,NOT DIVIDED,YIELD,UNABLE TO DETERMINE,FAILING TO YIELD RIGHT-OF-WAY,0,0,0,0,18,2,8,1627,DIVISION ST,41.798377,-87.57122,08/21/2023 08:41:00 PM,2023
CR00021282,10/30/2015 11:51:00 AM,15,CLEAR,DARKNESS,REAR END,DIVIDED - W/MEDIAN BARRIER,TRAFFIC SIGNAL,FAILING TO YIELD RIGHT-OF-WAY,FAILING TO YIELD RIGHT-OF-WAY,0,0,0,0,11,6,10,775,CICERO AVE,41.809908,-87.573038,10/30/2015 01:08:00 PM,2015
CR00021283,01/04/2019 04:44:00 PM,25,CLEAR,DAYLIGHT,SIDESWIPE SAME DIRECTION,T-INTERSECTION,TRAFFIC SIGNAL,DISTRACTION - FROM INSIDE VEHICLE,IMPROPER OVERTAKING/PASSING,0,0,0,0,16,6,1,2036,79TH ST,41.846393,-87.749649,01/04/2019 06:04:00 PM,2019
CR00021284,08/21/2023 06:53:00 PM,35,CLEAR,DAYLIGHT,REAR END,ONE-WAY,TRAFFIC SIGNAL,UNABLE TO DETERMINE,NOT APPLICABLE,0,0,0,0,18,2,8,988,HALSTED ST,41.767868,-87.654235,08/21/2023 08:34:00 PM,2023
CR00021285,08/31/2019 07:08:00 AM,30,CLEAR,DAYLIGHT,REAR END,NOT DIVIDED,STOP SIGN/FLASHER,UNABLE TO DETERMINE,UNABLE TO DETERMINE,0,0,3,3,7,7,8,2425,STONY ISLAND AVE,41.911053,-87.615824,08/31/2019 07:54:00 AM,2019
CR00021286,03/14/2020 07:47:00 AM,35,FOG/SMOKE/HAZE,DAWN,REAR END,DIVIDED - W/MEDIAN (NOT RAISED),UNKNOWN,FAILING TO REDUCE SPEED,FOLLOWING TOO CLOSELY,0,0,0,0,7,7,3,2167,PULASKI RD,41.935948,-87.51742,03/14/2020 08:14:00 AM,2020
CR00021287,11/22/2023 12:20:00 PM,30,RAIN,DUSK,REAR END,DIVIDED - W/MEDIAN BARRIER,TRAFFIC SIGNAL,FAILING TO REDUCE SPEED,IMPROPER OVERTAKING/PASSING,0,0,0,0,12,4,11,1475,BROADWAY,41.959224,-87.58969,11/22/2023 12:32:00 PM,2023
CR00021288,12/07/2024 03:31:00 PM,30,RAIN,DARKNESS - LIGHTED ROAD,TURNING,FOUR WAY,NO CONTROLS,UNABLE TO DETERMINE,FAILING TO YIELD RIGHT-OF-WAY,0,0,0,0,15,7,12,2205,MICHIGAN AVE,41.870898,-87.538676,12/07/2024 05:23:00 PM,2024
CR00021289,06/21/2024 02:16:00 PM,15,CLEAR,DARKNESS - LIGHTED ROAD,PARKED MOTOR VEHICLE,NOT DIVIDED,NO CONTROLS,UNABLE TO DETERMINE,NOT APPLICABLE,0,0,0,0,14,6,6,1797,HALSTED ST,41.941119,-87.780823,06/21/2024 02:45:00 PM,2024
CR00021290,04/04/2018 08:59:00 AM,40,RAIN,DAYLIGHT,REAR END,FOUR WAY,NO CONTROLS,DISTRACTION - FROM INSIDE VEHICLE,NOT APPLICABLE,0,0,0,0,8,4,4,1290,BROADWAY,41.81605,-87.608934,04/04/2018 09:16:00 AM,2018
CR00021291,04/07/2016 05:37:00 PM,30,CLOUDY/OVERCAST,DAYLIGHT,PARKED MOTOR VEHICLE,NOT DIVIDED,STOP SIGN/FLASHER,FAILING TO REDUCE SPEED,DRIVING SKILLS/KNOWLEDGE/EXPERIENCE,0,0,0,0,17,5,4,2000,BROADWAY,41.856381,-87.685317,04/07/2016 05:42:00 PM,2016
CR00021292,04/29/2020 11:07:00 AM,30,CLEAR,DUSK,ANGLE,NOT DIVIDED,TRAFFIC SIGNAL,IMPROPER LANE USAGE,UNABLE TO DETERMINE,0,0,3,3,11,4,4,1964,CALIFORNIA AVE,41.772357,-87.725577,04/29/2020 12:45:00 PM,2020
CR00021293,08/29/2017 08:07:00 AM,35,CLEAR,DAYLIGHT,ANGLE,DIVIDED - W/MEDIAN (NOT RAISED),TRAFFIC SIGNAL,IMPROPER OVERTAKING/PASSING,IMPROPER OVERTAKING/PASSING,0,0,0,0,8,3,8,139,CALIFORNIA AVE,41.861825,-87.744252,08/29/2017 09:09:00 AM,2017
CR00021294,01/21/2022 06:44:00 PM,30,RAIN,DAYLIGHT,FIXED OBJECT,ONE-WAY,TRAFFIC SIGNAL,FAILING TO YIELD RIGHT-OF-WAY,FAILING TO REDUCE SPEED,0,0,0,0,18,6,1,832,LAKE SHORE DR,41.771401,-87.654485,01/21/2022 07:12:00 PM,2022
CR00021295,11/09/2016 06:40:00 AM,35,CLEAR,DAYLIGHT,ANGLE,NOT DIVIDED,YIELD,IMPROPER OVERTAKING/PASSING,IMPROPER OVERTAKING/PASSING,0,0,0,0,6,4,11,1039,DIVISION ST,41.878909,-87.789097,11/09/2016 07:05:00 AM,2016
CR00021296,06/23/2023 01:49:00 PM,35,CLEAR,DAYLIGHT,TURNING,NOT DIVIDED,STOP SIGN/FLASHER,UNABLE TO DETERMINE,UNABLE TO DETERMINE,0,0,0,0,13,6,6,1059,KEDZIE AVE,41.832245,-87.579017,06/23/2023 01:51:00 PM,2023
CR00021297,11/01/2015 10:46:00 AM,15,RAIN,DAYLIGHT,TURNING,ONE-WAY,NO CONTROLS,UNABLE TO DETERMINE,FAILING TO YIELD RIGHT-OF-WAY,0,0,2,2,10,1,11,1036,CALIFORNIA AVE,41.744209,-87.505851,11/01/2015 11:15:00 AM,2015
CR00021298,10/23/2021 06:57:00 PM,30,CLEAR,DARKNESS - LIGHTED ROAD,SIDESWIPE SAME DIRECTION,DIVIDED - W/MEDIAN BARRIER,UNKNOWN,FAILING TO YIELD RIGHT-OF-WAY,DISREGARDING TRAFFIC SIGNALS,0,0,0,0,18,7,10,173,CICERO AVE,41.981555,-87.780167,10/23/2021 08:49:00 PM,2021
CR00021299,12/01/2019 10:37:00 AM,40,FREEZING RAIN/DRIZZLE,DAYLIGHT,PEDESTRIAN,NOT DIVIDED,STOP SIGN/FLASHER,FOLLOWING TOO CLOSELY,FAILING TO REDUCE SPEED,0,0,1,1,10,1,12,1140,DAMEN AVE,41.942793,-87.707057,12/01/2019 10:45:00 AM,2019
CR00021300,10/22/2022 11:37:00 AM,45,CLEAR,DUSK,REAR END,DIVIDED - W/MEDIAN (NOT RAISED),NO CONTROLS,DRIVING SKILLS/KNOWLEDGE/EXPERIENCE,IMPROPER LANE USAGE,0,0,0,0,11,7,10,2457,79TH ST,41.850065,-87.80563,10/22/2022 01:16:00 PM,2022
CR00021301,10/14/2018 03:48:00 PM,30,CLEAR,DARKNESS - LIGHTED ROAD,PARKED MOTOR VEHICLE,ONE-WAY,STOP SIGN/FLASHER,FAILING TO YIELD RIGHT-OF-WAY,IMPROPER LANE USAGE,0,0,0,0,15,1,10,1950,HALSTED ST,41.793215,-87.849535,10/14/2018 04:13:00 PM,2018
CR00021302,04/04/2017 07:30:00 PM,35,CLOUDY/OVERCAST,DUSK,TURNING,DIVIDED - W/MEDIAN (NOT RAISED),NO CONTROLS,UNABLE TO DETERMINE,DISTRACTION - FROM INSIDE VEHICLE,0,0,0,0,19,3,4,2416,63RD ST,41.999299,-87.778799,04/04/2017 09:18:00 PM,2017
CR00021303,05/12/2024 03:38:00 PM,30,CLEAR,DAYLIGHT,FIXED OBJECT,T-INTERSECTION,TRAFFIC SIGNAL,UNABLE TO DETERMINE,FOLLOWING TOO CLOSELY,0,0,0,0,15,1,5,974,ARCHER AVE,41.991864,-87.548369,05/12/2024 04:47:00 PM,2024
CR00021304,07/24/2019 01:04:00 AM,40,CLEAR,DARKNESS - LIGHTED ROAD,TURNING,DIVIDED - W/MEDIAN (NOT RAISED),STOP SIGN/FLASHER,IMPROPER OVERTAKING/PASSING,UNABLE TO DETERMINE,0,0,0,0,1,4,7,2234,OGDEN AVE,41.830235,-87.561937,07/24/2019 01:57:00 AM,2019
CR00021305,03/08/2016 12:09:00 PM,30,CLOUDY/OVERCAST,DAYLIGHT,REAR END,ONE-WAY,TRAFFIC SIGNAL,WEATHER,IMPROPER OVERTAKING/PASSING,0,0,0,0,12,3,3,1547,BROADWAY,41.975036,-87.673296,03/08/2016 01:47:00 PM,2016
CR00021306,04/10/2019 05:54:00 PM,45,CLEAR,DARKNESS - LIGHTED ROAD,FIXED OBJECT,NOT DIVIDED,YIELD,DISTRACTION - FROM INSIDE VEHICLE,UNABLE TO DETERMINE,0,0,0,0,17,4,4,558,47TH ST,41.736081,-87.820711,04/10/2019 07:11:00 PM,2019
CR00021307,08/09/2023 08:05:00 AM,30,CLEAR,DAYLIGHT,ANGLE,NOT DIVIDED,STOP SIGN/FLASHER,FAILING TO YIELD RIGHT-OF-WAY,UNABLE TO DETERMINE,0,0,0,0,8,4,8,1062,79TH ST,41.912067,-87.797277,08/09/2023 09:11:00 AM,2023
CR00021308,07/20/2016 06:36:00 PM,35,CLEAR,DARKNESS - LIGHTED ROAD,REAR END,NOT DIVIDED,TRAFFIC SIGNAL,FAILING TO REDUCE SPEED,UNABLE TO DETERMINE,0,1,1,2,18,4,7,2148,CALIFORNIA AVE,41.789676,-87.697746,07/20/2016 06:41:00 PM,2016
CR00021309,09/20/2024 08:36:00 AM,30,CLEAR,DARKNESS - LIGHTED ROAD,REAR END,FOUR WAY,TRAFFIC SIGNAL,DISTRACTION - FROM INSIDE VEHICLE,UNABLE TO DETERMINE,0,0,0,0,8,6,9,1227,CICERO AVE,41.831599,-87.711351,09/20/2024 10:25:00 AM,2024
CR00021310,03/07/2024 02:39:00 PM,30,SNOW,DARKNESS,REAR END,DIVIDED - W/MEDIAN (NOT RAISED),TRAFFIC SIGNAL,IMPROPER LANE USAGE,UNABLE TO DETERMINE,0,0,0,0,14,5,3,760,KEDZIE AVE,41.758041,-87.526562,03/07/2024 03:39:00 PM,2024
CR00021311,04/27/2022 06:02:00 PM,15,CLEAR,DARKNESS - LIGHTED ROAD,REAR END,NOT DIVIDED,NO CONTROLS,DRIVING SKILLS/KNOWLEDGE/EXPERIENCE,NOT APPLICABLE,0,0,0,0,18,4,4,1512,47TH ST,41.958415,-87.74045,04/27/2022 06:25:00 PM,2022