CRASH_RECORD_ID,CRASH_DATE,POSTED_SPEED_LIMIT,WEATHER_CONDITION,LIGHTING_CONDITION,FIRST_CRASH_TYPE,TRAFFICWAY_TYPE,TRAFFIC_CONTROL_DEVICE,PRIM_CONTRIBUTORY_CAUSE,SEC_CONTRIBUTORY_CAUSE,INJURIES_FATAL,INJURIES_INCAPACITATING,INJURIES_NON_INCAPACITATING,INJURIES_TOTAL,CRASH_HOUR,CRASH_DAY_OF_WEEK,CRASH_MONTH,BEAT_OF_OCCURRENCE,STREET_NAME,LATITUDE,LONGITUDE,DATE_POLICE_NOTIFIED,year
CR00021312,11/05/2017 07:38:00 AM,45,CLOUDY/OVERCAST,DAYLIGHT,REAR END,ONE-WAY,TRAFFIC SIGNAL,FAILING TO REDUCE SPEED,FAILING TO REDUCE SPEED,0,0,0,0,7,1,11,520,OGDEN AVE,41.727549,-87.599855,11/05/2017 09:05:00 AM,2017
CR00021313,12/08/2018 12:41:00 PM,15,CLEAR,DARKNESS - LIGHTED ROAD,REAR END,DIVIDED - W/MEDIAN (NOT RAISED),TRAFFIC SIGNAL,DISTRACTION - FROM INSIDE VEHICLE,DISREGARDING TRAFFIC SIGNALS,0,0,2,2,12,7,12,2462,LAKE SHORE DR,41.875784,-87.656766,12/08/2018 01:34:00 PM,2018
CR00021314,12/09/2022 10:39:00 AM,45,CLEAR,DAYLIGHT,TURNING,NOT DIVIDED,STOP SIGN/FLASHER,FOLLOWING TOO CLOSELY,UNABLE TO DETERMINE,0,0,0,0,10,6,12,2528,DIVISION ST,41.815263,-87.748532,12/09/2022 12:31:00 PM,2022
CR00021315,08/15/2016 01:52:00 PM,30,CLEAR,DUSK,SIDESWIPE SAME DIRECTION,FOUR WAY,NO CONTROLS,DRIVING SKILLS/KNOWLEDGE/EXPERIENCE,UNABLE TO DETERMINE,0,0,0,0,13,2,8,411,PULASKI RD,41.817462,-87.848506,08/15/2016 03:00:00 PM,2016
CR00021316,01/24/2017 11:49:00 AM,15,FREEZING RAIN/DRIZZLE,DAYLIGHT,ANGLE,NOT DIVIDED,UNKNOWN,IMPROPER LANE USAGE,UNABLE TO DETERMINE,0,0,0,0,11,3,1,1403,79TH ST,41.819141,-87.653324,01/24/2017 01:48:00 PM,2017
CR00021317,05/26/2023 06:18:00 AM,30,CLEAR,DAYLIGHT,TURNING,FOUR WAY,NO CONTROLS,IMPROPER OVERTAKING/PASSING,NOT APPLICABLE,0,0,0,0,6,6,5,1981,ELSTON AVE,41.828463,-87.778228,05/26/2023 06:27:00 AM,2023
CR00021318,03/30/2016 10:26:00 AM,45,RAIN,DAWN,REAR TO FRONT,NOT DIVIDED,NO CONTROLS,FOLLOWING TOO CLOSELY,DRIVING SKILLS/KNOWLEDGE/EXPERIENCE,0,0,1,1,10,4,3,358,63RD ST,41.838839,-87.643538,03/30/2016 12:13:00 PM,2016
CR00021319,03/08/2022 09:27:00 PM,25,CLEAR,DAYLIGHT,SIDESWIPE SAME DIRECTION,ONE-WAY,TRAFFIC SIGNAL,FAILING TO YIELD RIGHT-OF-WAY,IMPROPER OVERTAKING/PASSING,0,0,0,0,21,3,3,205,79TH ST,41.788177,-87.815942,03/08/2022 10:12:00 PM,2022
CR00021320,05/22/2023 05:05:00 AM,30,CLEAR,DAYLIGHT,PARKED MOTOR VEHICLE,NOT DIVIDED,NO CONTROLS,IMPROPER OVERTAKING/PASSING,NOT APPLICABLE,0,0,1,1,5,2,5,909,FULLERTON AVE,41.847593,-87.553701,05/22/2023 05:10:00 AM,2023
CR00021321,05/05/2015 07:08:00 PM,30,CLEAR,DAYLIGHT,REAR END,DIVIDED - W/MEDIAN BARRIER,NO CONTROLS,UNABLE TO DETERMINE,UNABLE TO DETERMINE,0,0,3,3,19,3,5,478,OGDEN AVE,41.861262,-87.685801,05/05/2015 08:56:00 PM,2015
CR00021322,01/19/2015 11:52:00 AM,35,CLEAR,DAYLIGHT,REAR END,NOT DIVIDED,TRAFFIC SIGNAL,UNABLE TO DETERMINE,FAILING TO YIELD RIGHT-OF-WAY,0,0,0,0,11,2,1,350,LAKE SHORE DR,41.883744,-87.791255,01/19/2015 12:29:00 PM,2015
CR00021323,09/15/2015 08:45:00 AM,20,CLEAR,DAYLIGHT,SIDESWIPE SAME DIRECTION,DIVIDED - W/MEDIAN (NOT RAISED),TRAFFIC SIGNAL,DRIVING SKILLS/KNOWLEDGE/EXPERIENCE,WEATHER,0,0,0,0,8,3,9,448,MILWAUKEE AVE,41.82163,-87.541767,09/15/2015 09:47:00 AM,2015
CR00021324,01/05/2024 12:05:00 PM,25,CLEAR,DUSK,REAR END,DIVIDED - W/MEDIAN (NOT RAISED),NO CONTROLS,FAILING TO YIELD RIGHT-OF-WAY,FAILING TO YIELD RIGHT-OF-WAY,0,0,0,0,12,6,1,1319,STONY ISLAND AVE,41.939183,-87.685604,01/05/2024 12:59:00 PM,2024
CR00021325,07/25/2015 07:20:00 PM,30,CLEAR,DARKNESS,REAR END,FOUR WAY,NO CONTROLS,FAILING TO REDUCE SPEED,DRIVING SKILLS/KNOWLEDGE/EXPERIENCE,0,0,0,0,19,7,7,1037,MILWAUKEE AVE,41.968365,-87.558188,07/25/2015 08:32:00 PM,2015
CR00021326,04/24/2015 06:01:00 PM,30,SNOW,DARKNESS - LIGHTED ROAD,FIXED OBJECT,DIVIDED - W/MEDIAN BARRIER,STOP SIGN/FLASHER,UNABLE TO DETERMINE,NOT APPLICABLE,0,0,0,0,18,6,4,2058,CLARK ST,41.790119,-87.803903,04/24/2015 06:45:00 PM,2015
CR00021327,08/20/2015 03:35:00 PM,20,CLEAR,DAYLIGHT,ANGLE,DIVIDED - W/MEDIAN BARRIER,STOP SIGN/FLASHER,DISTRACTION - FROM INSIDE VEHICLE,UNABLE TO DETERMINE,0,0,0,0,15,5,8,1778,IRVING PARK RD,41.85365,-87.711879,08/20/2015 04:08:00 PM,2015
CR00021328,01/18/2018 08:56:00 AM,35,CLEAR,DAYLIGHT,SIDESWIPE SAME DIRECTION,DIVIDED - W/MEDIAN BARRIER,NO CONTROLS,IMPROPER LANE USAGE,NOT APPLICABLE,0,0,0,0,8,5,1,1023,KEDZIE AVE,41.971882,-87.821826,01/18/2018 09:07:00 AM,2018
CR00021329,04/15/2019 06:50:00 PM,35,CLEAR,DARKNESS - LIGHTED ROAD,REAR END,FOUR WAY,NO CONTROLS,IMPROPER OVERTAKING/PASSING,UNABLE TO DETERMINE,0,0,0,0,18,2,4,1548,MICHIGAN AVE,41.867486,-87.689565,04/15/2019 07:36:00 PM,2019
CR00021330,12/27/2022 08:28:00 AM,40,RAIN,DARKNESS,TURNING,NOT DIVIDED,STOP SIGN/FLASHER,UNABLE TO DETERMINE,FAILING TO REDUCE SPEED,0,0,0,0,8,3,12,2318,DAMEN AVE,41.891547,-87.771479,12/27/2022 09:05:00 AM,2022
CR00021331,05/27/2016 12:14:00 AM,25,FREEZING RAIN/DRIZZLE,DARKNESS - LIGHTED ROAD,REAR END,NOT DIVIDED,NO CONTROLS,UNABLE TO DETERMINE,DISREGARDING TRAFFIC SIGNALS,0,0,0,0,0,6,5,1176,OGDEN AVE,41.735105,-87.836904,05/27/2016 01:47:00 AM,2016
CR00021332,12/19/2017 07:30:00 AM,30,SNOW,DARKNESS - LIGHTED ROAD,PARKED MOTOR VEHICLE,DIVIDED - W/MEDIAN BARRIER,YIELD,DISREGARDING TRAFFIC SIGNALS,UNABLE TO DETERMINE,0,1,3,4,7,3,12,2323,ELSTON AVE,41.71965,-87.589867,12/19/2017 08:59:00 AM,2017
CR00021333,11/23/2017 10:37:00 AM,30,RAIN,DARKNESS - LIGHTED ROAD,ANGLE,NOT DIVIDED,TRAFFIC SIGNAL,FAILING TO YIELD RIGHT-OF-WAY,DISTRACTION - FROM INSIDE VEHICLE,0,0,0,0,10,5,11,1981,ELSTON AVE,41.78181,-87.722708,11/23/2017 11:32:00 AM,2017
CR00021334,12/14/2024 05:11:00 AM,30,CLEAR,DAYLIGHT,REAR TO FRONT,NOT DIVIDED,TRAFFIC SIGNAL,DISTRACTION - FROM INSIDE VEHICLE,FAILING TO REDUCE SPEED,0,0,0,0,5,7,12,2262,MILWAUKEE AVE,41.89645,-87.730324,12/14/2024 06:22:00 AM,2024
CR00021335,09/01/2022 10:38:00 PM,25,RAIN,DARKNESS,PARKED MOTOR VEHICLE,NOT DIVIDED,TRAFFIC SIGNAL,IMPROPER LANE USAGE,UNABLE TO DETERMINE,0,0,3,3,22,5,9,2072,IRVING PARK RD,41.796627,-87.807814,09/01/2022 11:03:00 PM,2022
CR00021336,09/30/2023 11:53:00 AM,15,CLEAR,DAYLIGHT,REAR END,ONE-WAY,NO CONTROLS,UNABLE TO DETERMINE,DRIVING SKILLS/KNOWLEDGE/EXPERIENCE,0,0,0,0,11,7,9,1624,DIVISION ST,41.725082,-87.535915,09/30/2023 01:07:00 PM,2023
CR00021337,03/08/2022 09:39:00 AM,30,CLEAR,DUSK,REAR END,ONE-WAY,TRAFFIC SIGNAL,IMPROPER LANE USAGE,FOLLOWING TOO CLOSELY,0,0,0,0,9,3,3,1455,ARCHER AVE,41.881284,-87.583332,03/08/2022 10:25:00 AM,2022
CR00021338,11/03/2020 03:50:00 PM,20,RAIN,DAYLIGHT,TURNING,FOUR WAY,STOP SIGN/FLASHER,UNABLE TO DETERMINE,NOT APPLICABLE,0,0,0,0,15,3,11,1412,IRVING PARK RD,41.804993,-87.789401,11/03/2020 04:12:00 PM,2020
CR00021339,04/16/2017 01:58:00 PM,30,CLEAR,DARKNESS,SIDESWIPE SAME DIRECTION,T-INTERSECTION,NO CONTROLS,FOLLOWING TOO CLOSELY,UNABLE TO DETERMINE,0,0,0,0,13,1,4,793,BROADWAY,41.733174,-87.619696,04/16/2017 02:34:00 PM,2017
CR00021340,07/25/2024 12:30:00 PM,15,CLEAR,DAYLIGHT,FIXED OBJECT,DIVIDED - W/MEDIAN (NOT RAISED),TRAFFIC SIGNAL,DISREGARDING TRAFFIC SIGNALS,FAILING TO YIELD RIGHT-OF-WAY,0,0,0,0,12,5,7,1012,ELSTON AVE,41.937515,-87.614927,07/25/2024 01:39:00 PM,2024
CR00021341,11/17/2023 04:31:00 PM,40,SNOW,DAYLIGHT,ANGLE,NOT DIVIDED,NO CONTROLS,DISREGARDING TRAFFIC SIGNALS,IMPROPER LANE USAGE,0,0,0,0,16,6,11,591,CICERO AVE,41.848055,-87.842394,11/17/2023 05:45:00 PM,2023
CR00021342,07/10/2023 09:53:00 AM,30,CLEAR,DARKNESS - LIGHTED ROAD,SIDESWIPE SAME DIRECTION,NOT DIVIDED,NO CONTROLS,DRIVING SKILLS/KNOWLEDGE/EXPERIENCE,DISREGARDING TRAFFIC SIGNALS,0,0,0,0,9,2,7,1712,ARCHER AVE,41.752865,-87.790173,07/10/2023 10:37:00 AM,2023
CR00021343,01/26/2015 10:47:00 AM,30,CLEAR,DAYLIGHT,PARKED MOTOR VEHICLE,DIVIDED - W/MEDIAN (NOT RAISED),STOP SIGN/FLASHER,WEATHER,DISTRACTION - FROM INSIDE VEHICLE,0,0,0,0,10,2,1,522,47TH ST,41.77179,-87.533509,01/26/2015 10:57:00 AM,2015
CR00021344,10/16/2023 05:08:00 PM,25,CLEAR,DAYLIGHT,ANGLE,NOT DIVIDED,TRAFFIC SIGNAL,UNABLE TO DETERMINE,NOT APPLICABLE,0,0,1,1,17,2,10,1971,ARCHER AVE,41.926387,-87.681513,10/16/2023 06:09:00 PM,2023
CR00021345,12/18/2016 12:09:00 PM,20,CLEAR,DAYLIGHT,SIDESWIPE SAME DIRECTION,NOT DIVIDED,UNKNOWN,IMPROPER LANE USAGE,IMPROPER OVERTAKING/PASSING,0,0,0,0,12,1,12,1373,KEDZIE AVE,41.810936,-87.503243,12/18/2016 12:27:00 PM,2016
CR00021346,02/12/2023 12:52:00 AM,35,CLEAR,DAYLIGHT,REAR END,NOT DIVIDED,TRAFFIC SIGNAL,DISTRACTION - FROM INSIDE VEHICLE,FAILING TO YIELD RIGHT-OF-WAY,0,0,0,0,0,1,2,1496,STONY ISLAND AVE,41.828015,-87.714743,02/12/2023 02:47:00 AM,2023
CR00021347,04/12/2019 04:09:00 AM,40,SNOW,DARKNESS,REAR END,FOUR WAY,NO CONTROLS,UNABLE TO DETERMINE,FAILING TO REDUCE SPEED,0,0,0,0,4,6,4,229,KEDZIE AVE,41.765112,-87.653637,04/12/2019 05:49:00 AM,2019
CR00021348,07/26/2019 10:21:00 PM,35,CLEAR,DAYLIGHT,REAR END,FOUR WAY,YIELD,FAILING TO YIELD RIGHT-OF-WAY,FAILING TO YIELD RIGHT-OF-WAY,0,0,0,0,22,6,7,143,MICHIGAN AVE,41.823849,-87.575353,07/26/2019 10:45:00 PM,2019
CR00021349,09/24/2019 10:26:00 AM,35,CLOUDY/OVERCAST,DAYLIGHT,PARKED MOTOR VEHICLE,NOT DIVIDED,NO CONTROLS,IMPROPER LANE USAGE,FOLLOWING TOO CLOSELY,0,0,0,0,10,3,9,366,ASHLAND AVE,41.817352,-87.594712,09/24/2019 11:05:00 AM,2019
CR00021350,06/25/2022 11:30:00 AM,35,CLEAR,DARKNESS,REAR TO FRONT,NOT DIVIDED,NO CONTROLS,FOLLOWING TOO CLOSELY,NOT APPLICABLE,0,0,0,0,11,7,6,316,OGDEN AVE,41.81713,-87.657566,06/25/2022 11:37:00 AM,2022
CR00021351,11/25/2022 06:16:00 PM,45,CLEAR,DAYLIGHT,PARKED MOTOR VEHICLE,NOT DIVIDED,NO CONTROLS,DISTRACTION - FROM INSIDE VEHICLE,UNABLE TO DETERMINE,0,0,1,1,18,6,11,2178,LAKE SHORE DR,41.745022,-87.813865,11/25/2022 07:21:00 PM,2022
CR00021352,04/02/2018 08:45:00 PM,45,CLEAR,DAWN,FIXED OBJECT,NOT DIVIDED,NO CONTROLS,IMPROPER LANE USAGE,FOLLOWING TOO CLOSELY,0,0,0,0,20,2,4,1538,BROADWAY,41.72142,-87.680499,04/02/2018 09:30:00 PM,2018
CR00021353,05/09/2019 04:17:00 AM,35,CLEAR,DAYLIGHT,ANGLE,ONE-WAY,NO CONTROLS,IMPROPER LANE USAGE,UNABLE TO DETERMINE,0,0,3,3,4,5,5,2378,KEDZIE AVE,41.701593,-87.665703,05/09/2019 04:35:00 AM,2019
CR00021354,06/07/2022 07:15:00 PM,30,SNOW,DUSK,ANGLE,NOT DIVIDED,TRAFFIC SIGNAL,IMPROPER OVERTAKING/PASSING,UNABLE TO DETERMINE,0,0,0,0,19,3,6,1847,STONY ISLAND AVE,41.828627,-87.740547,06/07/2022 07:22:00 PM,2022
CR00021355,09/04/2016 11:03:00 AM,35,CLEAR,DAYLIGHT,ANGLE,DIVIDED - W/MEDIAN (NOT RAISED),TRAFFIC SIGNAL,FAILING TO REDUCE SPEED,FOLLOWING TOO CLOSELY,0,0,0,0,11,1,9,1952,OGDEN AVE,41.800199,-87.762626,09/04/2016 11:54:00 AM,2016
CR00021356,09/29/2022 04:06:00 PM,25,CLEAR,DAYLIGHT,REAR END,DIVIDED - W/MEDIAN (NOT RAISED),NO CONTROLS,IMPROPER LANE USAGE,DISREGARDING TRAFFIC SIGNALS,0,0,0,0,16,5,9,691,CICERO AVE,41.829704,-87.585333,09/29/2022 04:45:00 PM,2022
CR00021357,02/07/2017 03:02:00 PM,25,CLEAR,DAYLIGHT,SIDESWIPE SAME DIRECTION,NOT DIVIDED,UNKNOWN,FOLLOWING TOO CLOSELY,DISTRACTION - FROM INSIDE VEHICLE,0,0,0,0,15,3,2,339,ROOSEVELT RD,41.72606,-87.778572,02/07/2017 03:12:00 PM,2017
CR00021358,08/21/2021 06:57:00 PM,15,CLEAR,DAYLIGHT,REAR END,NOT DIVIDED,STOP SIGN/FLASHER,UNABLE TO DETERMINE,FAILING TO REDUCE SPEED,0,0,0,0,18,7,8,1953,DAMEN AVE,41.951986,-87.55428,08/21/2021 08:37:00 PM,2021
CR00021359,04/22/2017 05:37:00 AM,15,CLEAR,DAWN,TURNING,NOT DIVIDED,UNKNOWN,WEATHER,DISTRACTION - FROM INSIDE VEHICLE,0,0,1,1,5,7,4,955,STONY ISLAND AVE,41.761624,-87.8295,04/22/2017 06:12:00 AM,2017
CR00021360,07/03/2016 02:01:00 PM,45,RAIN,DARKNESS - LIGHTED ROAD,TURNING,NOT DIVIDED,NO CONTROLS,IMPROPER LANE USAGE,UNABLE TO DETERMINE,0,0,0,0,14,1,7,638,OGDEN AVE,41.8733,-87.746913,07/03/2016 02:08:00 PM,2016
CR00021361,08/08/2024 04:30:00 PM,35,CLEAR,DARKNESS - LIGHTED ROAD,REAR END,FOUR WAY,STOP SIGN/FLASHER,DRIVING SKILLS/KNOWLEDGE/EXPERIENCE,IMPROPER LANE USAGE,0,0,0,0,16,5,8,303,47TH ST,41.902225,-87.784417,08/08/2024 05:54:00 PM,2024
CR00021362,01/12/2024 12:28:00 PM,35,CLEAR,DAYLIGHT,PARKED MOTOR VEHICLE,NOT DIVIDED,UNKNOWN,UNABLE TO DETERMINE,DISTRACTION - FROM INSIDE VEHICLE,0,0,0,0,12,6,1,2175,BROADWAY,41.746828,-87.572388,01/12/2024 02:28:00 PM,2024
CR00021363,04/23/2018 02:31:00 AM,30,RAIN,DAYLIGHT,SIDESWIPE SAME DIRECTION,NOT DIVIDED,TRAFFIC SIGNAL,FOLLOWING TOO CLOSELY,NOT APPLICABLE,0,0,0,0,2,2,4,1862,CICERO AVE,41.980828,-87.788093,04/23/2018 03:29:00 AM,2018
CR00021364,04/27/2015 02:27:00 PM,15,CLEAR,DAYLIGHT,REAR END,NOT DIVIDED,TRAFFIC SIGNAL,DISTRACTION - FROM INSIDE VEHICLE,FOLLOWING TOO CLOSELY,0,0,0,0,14,2,4,328,PULASKI RD,41.715496,-87.833027,04/27/2015 03:59:00 PM,2015
CR00021365,05/21/2022 12:08:00 PM,20,CLEAR,DAYLIGHT,REAR END,NOT DIVIDED,STOP SIGN/FLASHER,FAILING TO YIELD RIGHT-OF-WAY,IMPROPER OVERTAKING/PASSING,0,0,3,3,12,7,5,1936,ASHLAND AVE,41.72226,-87.753217,05/21/2022 01:37:00 PM,2022
CR00021366,02/28/2020 11:38:00 AM,20,CLOUDY/OVERCAST,DARKNESS - LIGHTED ROAD,ANGLE,DIVIDED - W/MEDIAN (NOT RAISED),NO CONTROLS,WEATHER,NOT APPLICABLE,0,0,0,0,11,6,2,672,KEDZIE AVE,41.761177,-87.625713,02/28/2020 12:54:00 PM,2020
CR00021367,12/29/2018 03:25:00 AM,30,SNOW,DAYLIGHT,REAR END,NOT DIVIDED,NO CONTROLS,UNABLE TO DETERMINE,DRIVING SKILLS/KNOWLEDGE/EXPERIENCE,0,0,0,0,3,7,12,1823,MILWAUKEE AVE,41.985535,-87.611388,12/29/2018 05:01:00 AM,2018
CR00021368,02/27/2022 04:49:00 PM,30,CLEAR,DAYLIGHT,PARKED MOTOR VEHICLE,ONE-WAY,UNKNOWN,IMPROPER OVERTAKING/PASSING,DISREGARDING TRAFFIC SIGNALS,0,0,1,1,16,1,2,1264,FULLERTON AVE,41.71653,-87.65565,02/27/2022 06:12:00 PM,2022
CR00021369,09/09/2017 08:56:00 AM,15,RAIN,DAYLIGHT,REAR END,NOT DIVIDED,NO CONTROLS,FOLLOWING TOO CLOSELY,NOT APPLICABLE,0,0,0,0,8,7,9,1734,47TH ST,41.868455,-87.583876,09/09/2017 10:49:00 AM,2017
CR00021370,06/28/2020 09:59:00 PM,35,FREEZING RAIN/DRIZZLE,DAYLIGHT,ANGLE,NOT DIVIDED,NO CONTROLS,FAILING TO YIELD RIGHT-OF-WAY,WEATHER,0,0,0,0,21,1,6,2183,CLARK ST,41.887343,-87.644842,06/28/2020 10:34:00 PM,2020
CR00021371,11/13/2019 05:10:00 AM,35,CLEAR,DARKNESS - LIGHTED ROAD,REAR TO FRONT,ONE-WAY,NO CONTROLS,UNABLE TO DETERMINE,NOT APPLICABLE,0,0,0,0,5,4,11,2280,KEDZIE AVE,41.766265,-87.601449,11/13/2019 05:30:00 AM,2019
CR00021372,08/13/2015 12:37:00 AM,15,CLEAR,DARKNESS - LIGHTED ROAD,SIDESWIPE SAME DIRECTION,DIVIDED - W/MEDIAN BARRIER,NO CONTROLS,DRIVING SKILLS/KNOWLEDGE/EXPERIENCE,UNABLE TO DETERMINE,0,0,0,0,0,5,8,375,DAMEN AVE,41.9681,-87.652394,08/13/2015 02:32:00 AM,2015
CR00021373,01/09/2016 01:40:00 AM,20,CLEAR,DARKNESS - LIGHTED ROAD,ANGLE,NOT DIVIDED,TRAFFIC SIGNAL,DISREGARDING TRAFFIC SIGNALS,IMPROPER LANE USAGE,0,0,0,0,1,7,1,1367,79TH ST,41.720599,-87.515062,01/09/2016 01:46:00 AM,2016
CR00021374,02/19/2017 04:18:00 PM,20,CLEAR,DARKNESS - LIGHTED ROAD,REAR END,NOT DIVIDED,UNKNOWN,UNABLE TO DETERMINE,NOT APPLICABLE,0,0,0,0,16,1,2,2422,PULASKI RD,41.737832,-87.769456,02/19/2017 05:25:00 PM,2017
CR00021375,11/16/2018 10:33:00 AM,40,RAIN,DAYLIGHT,SIDESWIPE SAME DIRECTION,NOT DIVIDED,TRAFFIC SIGNAL,FAILING TO REDUCE SPEED,UNABLE TO DETERMINE,0,0,0,0,10,6,11,2510,LAKE SHORE DR,41.791942,-87.703794,11/16/2018 11:09:00 AM,2018
CR00021376,07/26/2019 06:36:00 AM,30,SNOW,DAYLIGHT,REAR END,FOUR WAY,NO CONTROLS,IMPROPER LANE USAGE,IMPROPER OVERTAKING/PASSING,0,1,1,2,6,6,7,1446,DAMEN AVE,41.787891,-87.67012,07/26/2019 08:04:00 AM,2019
CR00021377,12/05/2021 10:42:00 AM,40,CLEAR,DAYLIGHT,ANGLE,NOT DIVIDED,YIELD,DRIVING SKILLS/KNOWLEDGE/EXPERIENCE,DRIVING SKILLS/KNOWLEDGE/EXPERIENCE,0,0,0,0,10,1,12,1784,ARCHER AVE,41.773132,-87.668755,12/05/2021 12:13:00 PM,2021
CR00021378,05/30/2022 04:38:00 PM,30,CLEAR,DAYLIGHT,PARKED MOTOR VEHICLE,DIVIDED - W/MEDIAN (NOT RAISED),NO CONTROLS,DISREGARDING TRAFFIC SIGNALS,FAILING TO REDUCE SPEED,0,0,0,0,16,2,5,2448,DIVISION ST,41.787069,-87.505114,05/30/2022 04:40:00 PM,2022
CR00021379,11/16/2016 07:06:00 AM,25,RAIN,DAWN,SIDESWIPE SAME DIRECTION,DIVIDED - W/MEDIAN (NOT RAISED),NO CONTROLS,UNABLE TO DETERMINE,NOT APPLICABLE,0,0,0,0,7,4,11,633,FULLERTON AVE,41.791718,-87.58102,11/16/2016 08:24:00 AM,2016
CR00021380,11/25/2022 07:16:00 AM,45,CLEAR,DARKNESS,TURNING,NOT DIVIDED,STOP SIGN/FLASHER,DRIVING SKILLS/KNOWLEDGE/EXPERIENCE,NOT APPLICABLE,0,0,0,0,7,6,11,2525,FULLERTON AVE,41.974117,-87.73464,11/25/2022 08:36:00 AM,2022
CR00021381,12/18/2023 04:32:00 PM,45,CLOUDY/OVERCAST,DARKNESS - LIGHTED ROAD,REAR END,FOUR WAY,TRAFFIC SIGNAL,UNABLE TO DETERMINE,FOLLOWING TOO CLOSELY,0,0,0,0,16,2,12,1860,MILWAUKEE AVE,41.85697,-87.619882,12/18/2023 05:07:00 PM,2023
CR00021382,04/25/2020 07:24:00 AM,35,RAIN,DAYLIGHT,REAR END,DIVIDED - W/MEDIAN BARRIER,STOP SIGN/FLASHER,FOLLOWING TOO CLOSELY,FOLLOWING TOO CLOSELY,0,0,1,1,7,7,4,1559,OGDEN AVE,41.808199,-87.807745,04/25/2020 08:41:00 AM,2020
CR00021383,05/30/2019 12:02:00 PM,25,CLEAR,DAYLIGHT,REAR TO FRONT,ONE-WAY,NO CONTROLS,DRIVING SKILLS/KNOWLEDGE/EXPERIENCE,NOT APPLICABLE,0,0,0,0,12,5,5,1584,ASHLAND AVE,41.791177,-87.579973,05/30/2019 12:14:00 PM,2019
CR00021384,12/15/2022 07:49:00 PM,45,CLOUDY/OVERCAST,DAYLIGHT,SIDESWIPE SAME DIRECTION,DIVIDED - W/MEDIAN BARRIER,TRAFFIC SIGNAL,UNABLE TO DETERMINE,FAILING TO REDUCE SPEED,0,0,0,0,19,5,12,1099,DAMEN AVE,41.90543,-87.620895,12/15/2022 08:05:00 PM,2022
CR00021385,12/15/2015 12:50:00 PM,35,CLEAR,DAYLIGHT,TURNING,NOT DIVIDED,PEDESTRIAN CROSSING SIGN,UNABLE TO DETERMINE,NOT APPLICABLE,0,2,1,3,12,3,12,621,KEDZIE AVE,41.777342,-87.750393,12/15/2015 01:56:00 PM,2015
CR00021386,12/29/2023 09:53:00 AM,30,CLEAR,DARKNESS - LIGHTED ROAD,PEDESTRIAN,DIVIDED - W/MEDIAN (NOT RAISED),NO CONTROLS,FOLLOWING TOO CLOSELY,FOLLOWING TOO CLOSELY,0,0,0,0,9,6,12,2379,ROOSEVELT RD,41.871711,-87.544331,12/29/2023 11:03:00 AM,2023
CR00021387,03/03/2018 02:40:00 AM,30,CLEAR,DAYLIGHT,TURNING,NOT DIVIDED,STOP SIGN/FLASHER,FAILING TO YIELD RIGHT-OF-WAY,FOLLOWING TOO CLOSELY,0,0,0,0,2,7,3,1732,ROOSEVELT RD,41.947518,-87.822794,03/03/2018 04:23:00 AM,2018
CR00021388,12/03/2019 02:37:00 PM,25,RAIN,DAYLIGHT,PARKED MOTOR VEHICLE,FOUR WAY,TRAFFIC SIGNAL,UNABLE TO DETERMINE,WEATHER,0,2,2,4,14,3,12,628,CICERO AVE,41.790018,-87.830824,12/03/2019 04:36:00 PM,2019
CR00021389,10/08/2018 05:29:00 PM,25,SNOW,DARKNESS - LIGHTED ROAD,REAR END,DIVIDED - W/MEDIAN BARRIER,UNKNOWN,IMPROPER OVERTAKING/PASSING,UNABLE TO DETERMINE,0,0,0,0,17,2,10,467,STONY ISLAND AVE,41.765079,-87.642687,10/08/2018 05:53:00 PM,2018
CR00021390,08/30/2017 09:52:00 AM,15,CLEAR,DAYLIGHT,TURNING,DIVIDED - W/MEDIAN BARRIER,PEDESTRIAN CROSSING SIGN,FOLLOWING TOO CLOSELY,NOT APPLICABLE,0,0,0,0,9,4,8,1744,BROADWAY,41.74354,-87.579396,08/30/2017 11:10:00 AM,2017
CR00021391,03/22/2017 08:37:00 AM,30,CLEAR,DAYLIGHT,REAR TO FRONT,DIVIDED - W/MEDIAN BARRIER,TRAFFIC SIGNAL,FAILING TO YIELD RIGHT-OF-WAY,NOT APPLICABLE,0,0,0,0,8,4,3,749,STATE ST,41.847769,-87.813508,03/22/2017 09:15:00 AM,2017
CR00021392,12/15/2016 09:01:00 AM,40,CLEAR,DAYLIGHT,ANGLE,T-INTERSECTION,YIELD,UNABLE TO DETERMINE,FOLLOWING TOO CLOSELY,0,0,1,1,9,5,12,1191,BROADWAY,41.802101,-87.699688,12/15/2016 09:04:00 AM,2016
CR00021393,01/01/2019 02:13:00 AM,30,SNOW,DARKNESS - LIGHTED ROAD,ANGLE,DIVIDED - W/MEDIAN (NOT RAISED),STOP SIGN/FLASHER,FAILING TO YIELD RIGHT-OF-WAY,DRIVING SKILLS/KNOWLEDGE/EXPERIENCE,0,0,0,0,2,3,1,1867,79TH ST,41.942633,-87.682962,01/01/2019 03:11:00 AM,2019
CR00021394,06/28/2016 05:18:00 PM,20,CLEAR,DAYLIGHT,REAR END,NOT DIVIDED,NO CONTROLS,IMPROPER LANE USAGE,FAILING TO REDUCE SPEED,0,0,0,0,17,3,6,1423,CALIFORNIA AVE,41.861146,-87.61629,06/28/2016 06:32:00 PM,2016