CRASH_RECORD_ID,CRASH_DATE,POSTED_SPEED_LIMIT,WEATHER_CONDITION,LIGHTING_CONDITION,FIRST_CRASH_TYPE,TRAFFICWAY_TYPE,TRAFFIC_CONTROL_DEVICE,PRIM_CONTRIBUTORY_CAUSE,SEC_CONTRIBUTORY_CAUSE,INJURIES_FATAL,INJURIES_INCAPACITATING,INJURIES_NON_INCAPACITATING,INJURIES_TOTAL,CRASH_HOUR,CRASH_DAY_OF_WEEK,CRASH_MONTH,BEAT_OF_OCCURRENCE,STREET_NAME,LATITUDE,LONGITUDE,DATE_POLICE_NOTIFIED,year
CR00021395,03/16/2023 07:27:00 AM,20,CLEAR,DAWN,TURNING,NOT DIVIDED,STOP SIGN/FLASHER,IMPROPER LANE USAGE,UNABLE TO DETERMINE,0,0,0,0,7,5,3,211,PULASKI RD,41.753252,-87.817615,03/16/2023 09:26:00 AM,2023
CR00021396,09/13/2023 06:52:00 PM,15,CLOUDY/OVERCAST,DAYLIGHT,PARKED MOTOR VEHICLE,FOUR WAY,TRAFFIC SIGNAL,DISTRACTION - FROM INSIDE VEHICLE,IMPROPER LANE USAGE,0,0,0,0,18,4,9,294,DIVISION ST,41.76579,-87.716867,09/13/2023 07:27:00 PM,2023
CR00021397,02/13/2018 12:41:00 AM,30,CLEAR,DAYLIGHT,ANGLE,NOT DIVIDED,TRAFFIC SIGNAL,FOLLOWING TOO CLOSELY,DISREGARDING TRAFFIC SIGNALS,0,0,0,0,0,3,2,731,BROADWAY,41.943667,-87.617968,02/13/2018 12:43:00 AM,2018
CR00021398,02/29/2020 03:22:00 PM,35,RAIN,DARKNESS - LIGHTED ROAD,SIDESWIPE SAME DIRECTION,NOT DIVIDED,NO CONTROLS,UNABLE TO DETERMINE,NOT APPLICABLE,0,0,2,2,15,7,2,262,BROADWAY,41.97038,-87.656167,02/29/2020 05:08:00 PM,2020
CR00021399,07/11/2022 11:30:00 AM,30,CLEAR,DARKNESS - LIGHTED ROAD,PEDESTRIAN,NOT DIVIDED,NO CONTROLS,DISTRACTION - FROM INSIDE VEHICLE,DRIVING SKILLS/KNOWLEDGE/EXPERIENCE,0,0,0,0,11,2,7,706,CALIFORNIA AVE,41.780908,-87.725337,07/11/2022 11:58:00 AM,2022
CR00021400,05/24/2020 02:55:00 PM,30,CLEAR,DUSK,SIDESWIPE SAME DIRECTION,FOUR WAY,STOP SIGN/FLASHER,FAILING TO YIELD RIGHT-OF-WAY,UNABLE TO DETERMINE,0,0,0,0,14,1,5,2439,WESTERN AVE,41.758764,-87.820443,05/24/2020 04:35:00 PM,2020
CR00021401,01/07/2015 09:55:00 PM,30,CLEAR,DARKNESS - LIGHTED ROAD,REAR END,NOT DIVIDED,STOP SIGN/FLASHER,FOLLOWING TOO CLOSELY,UNABLE TO DETERMINE,0,0,2,2,21,4,1,1327,47TH ST,41.839764,-87.553309,01/07/2015 10:04:00 PM,2015
CR00021402,06/06/2017 05:34:00 PM,20,CLEAR,DARKNESS - LIGHTED ROAD,ANGLE,NOT DIVIDED,STOP SIGN/FLASHER,UNABLE TO DETERMINE,FAILING TO YIELD RIGHT-OF-WAY,0,0,0,0,17,3,6,1051,WESTERN AVE,41.784635,-87.653023,06/06/2017 05:54:00 PM,2017
CR00021403,05/03/2018 11:55:00 PM,20,FREEZING RAIN/DRIZZLE,DAYLIGHT,TURNING,T-INTERSECTION,STOP SIGN/FLASHER,IMPROPER LANE USAGE,UNABLE TO DETERMINE,0,0,0,0,23,5,5,1731,ROOSEVELT RD,41.924376,-87.621129,05/04/2018 01:20:00 AM,2018
CR00021404,12/20/2018 04:59:00 AM,30,CLEAR,DAYLIGHT,TURNING,FOUR WAY,NO CONTROLS,WEATHER,FOLLOWING TOO CLOSELY,0,1,1,2,4,5,12,699,79TH ST,41.79537,-87.511993,12/20/2018 06:24:00 AM,2018
CR00021405,01/25/2022 10:18:00 AM,35,CLOUDY/OVERCAST,DAWN,PARKED MOTOR VEHICLE,NOT DIVIDED,TRAFFIC SIGNAL,FOLLOWING TOO CLOSELY,DRIVING SKILLS/KNOWLEDGE/EXPERIENCE,0,0,0,0,10,3,1,1053,ASHLAND AVE,41.862531,-87.713268,01/25/2022 11:18:00 AM,2022
CR00021406,01/05/2024 04:52:00 PM,45,FREEZING RAIN/DRIZZLE,DAYLIGHT,TURNING,DIVIDED - W/MEDIAN (NOT RAISED),TRAFFIC SIGNAL,FAILING TO REDUCE SPEED,UNABLE TO DETERMINE,0,0,0,0,16,6,1,690,WESTERN AVE,41.865332,-87.773577,01/05/2024 06:21:00 PM,2024
CR00021407,10/15/2020 05:49:00 AM,40,CLEAR,DAYLIGHT,REAR END,ONE-WAY,NO CONTROLS,FAILING TO REDUCE SPEED,IMPROPER OVERTAKING/PASSING,0,0,0,0,5,5,10,474,ELSTON AVE,41.980435,-87.684109,10/15/2020 05:56:00 AM,2020
CR00021408,11/23/2017 07:13:00 AM,45,CLEAR,DAYLIGHT,TURNING,DIVIDED - W/MEDIAN BARRIER,TRAFFIC SIGNAL,FOLLOWING TOO CLOSELY,UNABLE TO DETERMINE,0,0,0,0,7,5,11,2114,DIVISION ST,41.909816,-87.767288,11/23/2017 08:24:00 AM,2017
CR00021409,07/11/2021 06:29:00 PM,35,CLEAR,DARKNESS - LIGHTED ROAD,PARKED MOTOR VEHICLE,NOT DIVIDED,TRAFFIC SIGNAL,DRIVING SKILLS/KNOWLEDGE/EXPERIENCE,UNABLE TO DETERMINE,0,0,0,0,18,1,7,1082,STATE ST,41.703468,-87.675049,07/11/2021 06:43:00 PM,2021
CR00021410,10/20/2017 11:19:00 AM,35,RAIN,DARKNESS - LIGHTED ROAD,REAR END,DIVIDED - W/MEDIAN BARRIER,TRAFFIC SIGNAL,FAILING TO YIELD RIGHT-OF-WAY,FAILING TO YIELD RIGHT-OF-WAY,0,0,0,0,11,6,10,2078,WESTERN AVE,41.853427,-87.560109,10/20/2017 12:31:00 PM,2017
CR00021411,07/21/2023 05:36:00 PM,20,RAIN,DAYLIGHT,PARKED MOTOR VEHICLE,ONE-WAY,NO CONTROLS,UNABLE TO DETERMINE,IMPROPER OVERTAKING/PASSING,0,1,1,2,17,6,7,2109,CALIFORNIA AVE,41.975155,-87.807854,07/21/2023 07:13:00 PM,2023
CR00021412,05/18/2017 06:07:00 PM,15,CLEAR,DAYLIGHT,REAR END,ONE-WAY,NO CONTROLS,FAILING TO REDUCE SPEED,DISTRACTION - FROM INSIDE VEHICLE,0,0,0,0,18,5,5,156,WESTERN AVE,41.995977,-87.520251,05/18/2017 06:51:00 PM,2017
CR00021413,11/20/2022 02:21:00 AM,30,CLEAR,DARKNESS - LIGHTED ROAD,REAR END,ONE-WAY,UNKNOWN,UNABLE TO DETERMINE,IMPROPER LANE USAGE,0,0,0,0,2,1,11,918,CLARK ST,41.81918,-87.637765,11/20/2022 04:18:00 AM,2022
CR00021414,11/08/2018 07:01:00 AM,40,CLEAR,DAYLIGHT,FIXED OBJECT,NOT DIVIDED,TRAFFIC SIGNAL,IMPROPER LANE USAGE,UNABLE TO DETERMINE,0,0,0,0,7,5,11,122,PULASKI RD,41.937031,-87.816069,11/08/2018 07:49:00 AM,2018
CR00021415,11/30/2023 11:43:00 AM,30,CLOUDY/OVERCAST,DAYLIGHT,REAR END,NOT DIVIDED,NO CONTROLS,UNABLE TO DETERMINE,UNABLE TO DETERMINE,0,0,0,0,11,5,11,2289,ARCHER AVE,41.73447,-87.530758,11/30/2023 12:34:00 PM,2023
CR00021416,08/29/2016 12:09:00 AM,20,CLEAR,DAYLIGHT,TURNING,NOT DIVIDED,PEDESTRIAN CROSSING SIGN,WEATHER,FAILING TO YIELD RIGHT-OF-WAY,0,0,1,1,0,2,8,2109,DIVISION ST,41.992663,-87.775975,08/29/2016 01:36:00 AM,2016
CR00021417,11/23/2015 03:19:00 PM,45,CLOUDY/OVERCAST,DAYLIGHT,TURNING,NOT DIVIDED,TRAFFIC SIGNAL,UNABLE TO DETERMINE,DRIVING SKILLS/KNOWLEDGE/EXPERIENCE,0,0,2,2,15,2,11,1658,ELSTON AVE,41.85964,-87.605357,11/23/2015 04:48:00 PM,2015
CR00021418,03/23/2020 01:55:00 PM,15,CLEAR,DARKNESS - LIGHTED ROAD,TURNING,NOT DIVIDED,NO CONTROLS,DISTRACTION - FROM INSIDE VEHICLE,NOT APPLICABLE,0,0,0,0,13,2,3,379,IRVING PARK RD,41.753552,-87.5921,03/23/2020 03:27:00 PM,2020
CR00021419,10/07/2016 11:37:00 PM,20,CLEAR,DARKNESS - LIGHTED ROAD,SIDESWIPE SAME DIRECTION,DIVIDED - W/MEDIAN (NOT RAISED),TRAFFIC SIGNAL,UNABLE TO DETERMINE,UNABLE TO DETERMINE,0,0,0,0,23,6,10,2154,CLARK ST,41.80686,-87.659535,10/08/2016 01:34:00 AM,2016
CR00021420,04/09/2023 07:20:00 AM,20,RAIN,DARKNESS,PEDESTRIAN,DIVIDED - W/MEDIAN (NOT RAISED),UNKNOWN,IMPROPER LANE USAGE,FAILING TO REDUCE SPEED,0,0,0,0,7,1,4,2504,CICERO AVE,41.889566,-87.675322,04/09/2023 08:48:00 AM,2023
CR00021421,03/28/2017 11:10:00 AM,35,RAIN,DAYLIGHT,SIDESWIPE SAME DIRECTION,ONE-WAY,NO CONTROLS,FOLLOWING TOO CLOSELY,NOT APPLICABLE,0,0,0,0,11,3,3,414,ELSTON AVE,41.88914,-87.849833,03/28/2017 12:14:00 PM,2017
CR00021422,04/04/2021 11:25:00 PM,35,FOG/SMOKE/HAZE,DAYLIGHT,TURNING,NOT DIVIDED,NO CONTROLS,UNABLE TO DETERMINE,DISTRACTION - FROM INSIDE VEHICLE,0,0,2,2,23,1,4,1837,KEDZIE AVE,41.75244,-87.744796,04/05/2021 12:51:00 AM,2021
CR00021423,02/10/2023 08:34:00 PM,30,CLEAR,DARKNESS - LIGHTED ROAD,REAR END,FOUR WAY,NO CONTROLS,FOLLOWING TOO CLOSELY,DRIVING SKILLS/KNOWLEDGE/EXPERIENCE,0,0,0,0,20,6,2,1377,DIVISION ST,41.987987,-87.835211,02/10/2023 10:21:00 PM,2023
CR00021424,05/01/2015 03:48:00 PM,35,CLEAR,DAYLIGHT,REAR END,DIVIDED - W/MEDIAN (NOT RAISED),NO CONTROLS,FAILING TO YIELD RIGHT-OF-WAY,DRIVING SKILLS/KNOWLEDGE/EXPERIENCE,0,0,0,0,15,6,5,1013,CICERO AVE,41.82148,-87.605396,05/01/2015 05:07:00 PM,2015
CR00021425,09/18/2016 05:00:00 AM,15,SNOW,DAWN,FIXED OBJECT,NOT DIVIDED,TRAFFIC SIGNAL,FAILING TO YIELD RIGHT-OF-WAY,UNABLE TO DETERMINE,0,0,0,0,5,1,9,1591,STATE ST,41.793691,-87.776696,09/18/2016 05:37:00 AM,2016
CR00021426,10/26/2024 10:44:00 AM,20,CLOUDY/OVERCAST,DAYLIGHT,FIXED OBJECT,NOT DIVIDED,TRAFFIC SIGNAL,FOLLOWING TOO CLOSELY,IMPROPER OVERTAKING/PASSING,0,0,0,0,10,7,10,2341,DIVISION ST,41.987648,-87.645252,10/26/2024 11:49:00 AM,2024
CR00021427,09/27/2020 08:34:00 AM,25,CLEAR,DAWN,TURNING,T-INTERSECTION,TRAFFIC SIGNAL,UNABLE TO DETERMINE,NOT APPLICABLE,0,0,0,0,8,1,9,2414,CICERO AVE,41.832419,-87.845542,09/27/2020 10:25:00 AM,2020
CR00021428,01/06/2019 12:17:00 PM,35,CLEAR,DARKNESS - LIGHTED ROAD,PARKED MOTOR VEHICLE,T-INTERSECTION,STOP SIGN/FLASHER,UNABLE TO DETERMINE,IMPROPER OVERTAKING/PASSING,0,0,0,0,12,1,1,2382,WESTERN AVE,41.713253,-87.738983,01/06/2019 01:58:00 PM,2019
CR00021429,12/05/2017 09:21:00 AM,15,RAIN,DAYLIGHT,PARKED MOTOR VEHICLE,FOUR WAY,TRAFFIC SIGNAL,FOLLOWING TOO CLOSELY,UNABLE TO DETERMINE,0,0,0,0,9,3,12,1296,PULASKI RD,41.734339,-87.715411,12/05/2017 11:16:00 AM,2017
CR00021430,01/30/2023 07:31:00 AM,35,CLEAR,DAYLIGHT,REAR TO FRONT,ONE-WAY,NO CONTROLS,UNABLE TO DETERMINE,DISREGARDING TRAFFIC SIGNALS,0,0,0,0,7,2,1,2508,HALSTED ST,41.971183,-87.518319,01/30/2023 07:47:00 AM,2023
CR00021431,06/30/2024 02:53:00 PM,35,CLEAR,DAYLIGHT,SIDESWIPE SAME DIRECTION,NOT DIVIDED,STOP SIGN/FLASHER,UNABLE TO DETERMINE,NOT APPLICABLE,0,0,0,0,14,1,6,120,CLARK ST,41.817263,-87.682353,06/30/2024 03:06:00 PM,2024
CR00021432,02/15/2017 04:43:00 AM,15,CLEAR,DAYLIGHT,SIDESWIPE SAME DIRECTION,FOUR WAY,STOP SIGN/FLASHER,FAILING TO REDUCE SPEED,NOT APPLICABLE,0,0,0,0,4,4,2,955,79TH ST,41.74354,-87.813853,02/15/2017 05:39:00 AM,2017
CR00021433,02/22/2024 05:33:00 PM,45,CLEAR,DAYLIGHT,PARKED MOTOR VEHICLE,DIVIDED - W/MEDIAN (NOT RAISED),YIELD,UNABLE TO DETERMINE,FOLLOWING TOO CLOSELY,0,0,0,0,17,5,2,1798,HALSTED ST,41.884572,-87.618814,02/22/2024 05:59:00 PM,2024
CR00021434,10/03/2019 12:17:00 AM,30,CLEAR,DAYLIGHT,TURNING,DIVIDED - W/MEDIAN (NOT RAISED),NO CONTROLS,FAILING TO YIELD RIGHT-OF-WAY,IMPROPER OVERTAKING/PASSING,0,0,0,0,0,5,10,1950,IRVING PARK RD,41.735003,-87.588185,10/03/2019 12:47:00 AM,2019
CR00021435,05/15/2015 01:10:00 PM,35,CLEAR,DARKNESS - LIGHTED ROAD,SIDESWIPE SAME DIRECTION,T-INTERSECTION,UNKNOWN,DISTRACTION - FROM INSIDE VEHICLE,UNABLE TO DETERMINE,0,0,0,0,13,6,5,1121,CLARK ST,41.976306,-87.502187,05/15/2015 02:35:00 PM,2015
CR00021436,12/21/2018 05:41:00 PM,20,CLEAR,DAYLIGHT,PARKED MOTOR VEHICLE,DIVIDED - W/MEDIAN BARRIER,UNKNOWN,IMPROPER OVERTAKING/PASSING,UNABLE TO DETERMINE,0,0,0,0,17,6,12,639,79TH ST,41.708696,-87.625616,12/21/2018 06:50:00 PM,2018
CR00021437,08/19/2018 10:51:00 AM,25,CLEAR,DARKNESS - LIGHTED ROAD,PARKED MOTOR VEHICLE,NOT DIVIDED,TRAFFIC SIGNAL,UNABLE TO DETERMINE,UNABLE TO DETERMINE,0,0,0,0,10,1,8,779,WESTERN AVE,41.752591,-87.50788,08/19/2018 12:46:00 PM,2018
CR00021438,01/07/2022 07:33:00 PM,40,RAIN,DUSK,ANGLE,ONE-WAY,TRAFFIC SIGNAL,UNABLE TO DETERMINE,FAILING TO YIELD RIGHT-OF-WAY,0,0,1,1,19,6,1,1664,MICHIGAN AVE,41.876942,-87.607995,01/07/2022 08:14:00 PM,2022
CR00021439,07/31/2018 04:55:00 PM,30,RAIN,DAWN,TURNING,DIVIDED - W/MEDIAN BARRIER,NO CONTROLS,DRIVING SKILLS/KNOWLEDGE/EXPERIENCE,FOLLOWING TOO CLOSELY,0,0,0,0,16,3,7,1472,ARCHER AVE,41.752826,-87.523674,07/31/2018 05:51:00 PM,2018
CR00021440,12/08/2018 07:58:00 PM,30,CLEAR,DARKNESS - LIGHTED ROAD,REAR TO FRONT,DIVIDED - W/MEDIAN (NOT RAISED),NO CONTROLS,FOLLOWING TOO CLOSELY,FAILING TO YIELD RIGHT-OF-WAY,0,0,0,0,19,7,12,1927,STATE ST,41.778524,-87.536425,12/08/2018 08:20:00 PM,2018
CR00021441,12/02/2019 08:10:00 AM,35,CLEAR,DARKNESS - LIGHTED ROAD,TURNING,DIVIDED - W/MEDIAN BARRIER,NO CONTROLS,UNABLE TO DETERMINE,UNABLE TO DETERMINE,0,0,0,0,8,2,12,622,ELSTON AVE,41.901422,-87.67338,12/02/2019 09:12:00 AM,2019
CR00021442,08/24/2017 01:52:00 AM,45,CLEAR,DAYLIGHT,REAR END,NOT DIVIDED,STOP SIGN/FLASHER,UNABLE TO DETERMINE,WEATHER,0,0,0,0,1,5,8,1470,79TH ST,41.744417,-87.692292,08/24/2017 02:35:00 AM,2017
CR00021443,03/01/2021 07:40:00 AM,25,CLEAR,DARKNESS,TURNING,NOT DIVIDED,TRAFFIC SIGNAL,UNABLE TO DETERMINE,UNABLE TO DETERMINE,0,0,0,0,7,2,3,2255,DAMEN AVE,41.992152,-87.51958,03/01/2021 07:54:00 AM,2021
CR00021444,02/13/2023 06:38:00 AM,35,CLEAR,DAYLIGHT,PARKED MOTOR VEHICLE,ONE-WAY,NO CONTROLS,IMPROPER OVERTAKING/PASSING,FOLLOWING TOO CLOSELY,0,0,0,0,6,2,2,1341,KEDZIE AVE,41.973163,-87.720477,02/13/2023 07:22:00 AM,2023
CR00021445,09/24/2021 01:43:00 PM,35,CLEAR,DAYLIGHT,SIDESWIPE SAME DIRECTION,ONE-WAY,PEDESTRIAN CROSSING SIGN,UNABLE TO DETERMINE,FAILING TO YIELD RIGHT-OF-WAY,0,0,0,0,13,6,9,1515,CALIFORNIA AVE,41.702689,-87.791505,09/24/2021 02:25:00 PM,2021
CR00021446,05/12/2019 06:03:00 PM,20,SNOW,DARKNESS - LIGHTED ROAD,REAR END,DIVIDED - W/MEDIAN BARRIER,NO CONTROLS,FOLLOWING TOO CLOSELY,NOT APPLICABLE,0,1,3,4,18,1,5,2007,CALIFORNIA AVE,41.76828,-87.612223,05/12/2019 06:28:00 PM,2019
CR00021447,02/22/2024 08:02:00 PM,30,CLEAR,DAYLIGHT,FIXED OBJECT,ONE-WAY,NO CONTROLS,FOLLOWING TOO CLOSELY,WEATHER,0,0,0,0,20,5,2,406,MICHIGAN AVE,41.876628,-87.693908,02/22/2024 08:57:00 PM,2024
CR00021448,10/28/2024 08:40:00 PM,25,CLEAR,DAYLIGHT,SIDESWIPE SAME DIRECTION,FOUR WAY,TRAFFIC SIGNAL,UNABLE TO DETERMINE,FAILING TO YIELD RIGHT-OF-WAY,0,0,0,0,20,2,10,141,DIVISION ST,41.932919,-87.741841,10/28/2024 09:37:00 PM,2024
CR00021449,01/03/2022 03:56:00 PM,45,CLOUDY/OVERCAST,DAYLIGHT,SIDESWIPE SAME DIRECTION,NOT DIVIDED,NO CONTROLS,FOLLOWING TOO CLOSELY,UNABLE TO DETERMINE,0,0,0,0,15,2,1,1885,WESTERN AVE,41.806948,-87.569877,01/03/2022 05:51:00 PM,2022
CR00021450,10/10/2024 09:55:00 PM,25,CLEAR,DAYLIGHT,PARKED MOTOR VEHICLE,DIVIDED - W/MEDIAN (NOT RAISED),NO CONTROLS,FOLLOWING TOO CLOSELY,NOT APPLICABLE,0,0,0,0,21,5,10,1028,STONY ISLAND AVE,41.937454,-87.545593,10/10/2024 11:16:00 PM,2024
CR00021451,11/15/2022 06:30:00 PM,20,CLEAR,DARKNESS - LIGHTED ROAD,ANGLE,DIVIDED - W/MEDIAN BARRIER,NO CONTROLS,FAILING TO YIELD RIGHT-OF-WAY,IMPROPER OVERTAKING/PASSING,0,0,0,0,18,3,11,781,MILWAUKEE AVE,41.970713,-87.800354,11/15/2022 08:07:00 PM,2022
CR00021452,10/13/2020 10:23:00 AM,15,CLEAR,DARKNESS - LIGHTED ROAD,PARKED MOTOR VEHICLE,NOT DIVIDED,NO CONTROLS,FOLLOWING TOO CLOSELY,FAILING TO YIELD RIGHT-OF-WAY,0,0,0,0,10,3,10,205,79TH ST,41.742436,-87.766629,10/13/2020 11:04:00 AM,2020
CR00021453,08/14/2015 11:38:00 PM,30,CLEAR,DARKNESS - LIGHTED ROAD,PEDESTRIAN,FOUR WAY,TRAFFIC SIGNAL,UNABLE TO DETERMINE,NOT APPLICABLE,0,0,0,0,23,6,8,2286,CALIFORNIA AVE,41.899511,-87.661815,08/15/2015 12:34:00 AM,2015
CR00021454,10/08/2021 04:49:00 PM,30,CLEAR,DARKNESS - LIGHTED ROAD,FIXED OBJECT,NOT DIVIDED,NO CONTROLS,DISTRACTION - FROM INSIDE VEHICLE,FAILING TO YIELD RIGHT-OF-WAY,0,0,0,0,16,6,10,266,PULASKI RD,41.939529,-87.598579,10/08/2021 05:22:00 PM,2021
CR00021455,12/13/2024 07:13:00 AM,15,CLEAR,DARKNESS - LIGHTED ROAD,ANGLE,NOT DIVIDED,TRAFFIC SIGNAL,FOLLOWING TOO CLOSELY,UNABLE TO DETERMINE,0,0,0,0,7,6,12,2270,ARCHER AVE,41.735269,-87.522291,12/13/2024 08:18:00 AM,2024
CR00021456,02/02/2016 10:06:00 PM,20,CLEAR,DAYLIGHT,TURNING,DIVIDED - W/MEDIAN (NOT RAISED),YIELD,UNABLE TO DETERMINE,FAILING TO YIELD RIGHT-OF-WAY,0,0,0,0,22,3,2,1592,CALIFORNIA AVE,41.828591,-87.843926,02/02/2016 11:59:00 PM,2016
CR00021457,07/24/2020 07:18:00 PM,45,CLEAR,DARKNESS - LIGHTED ROAD,TURNING,DIVIDED - W/MEDIAN (NOT RAISED),STOP SIGN/FLASHER,DRIVING SKILLS/KNOWLEDGE/EXPERIENCE,WEATHER,0,0,0,0,19,6,7,1050,63RD ST,41.900106,-87.652615,07/24/2020 08:09:00 PM,2020
CR00021458,07/28/2022 01:21:00 AM,30,CLEAR,DARKNESS,ANGLE,FOUR WAY,STOP SIGN/FLASHER,DRIVING SKILLS/KNOWLEDGE/EXPERIENCE,FAILING TO YIELD RIGHT-OF-WAY,0,0,0,0,1,5,7,524,79TH ST,41.87196,-87.798087,07/28/2022 03:16:00 AM,2022
CR00021459,03/24/2019 05:11:00 AM,35,CLEAR,DAYLIGHT,REAR END,NOT DIVIDED,TRAFFIC SIGNAL,FOLLOWING TOO CLOSELY,FOLLOWING TOO CLOSELY,0,0,0,0,5,1,3,2167,DAMEN AVE,41.936207,-87.503898,03/24/2019 05:47:00 AM,2019
CR00021460,12/31/2020 07:16:00 PM,15,RAIN,DARKNESS - LIGHTED ROAD,ANGLE,NOT DIVIDED,UNKNOWN,FOLLOWING TOO CLOSELY,NOT APPLICABLE,0,1,0,1,19,5,12,861,LAKE SHORE DR,41.891238,-87.760697,12/31/2020 07:29:00 PM,2020
CR00021461,04/07/2023 03:43:00 AM,30,CLEAR,DARKNESS - LIGHTED ROAD,TURNING,FOUR WAY,UNKNOWN,UNABLE TO DETERMINE,NOT APPLICABLE,0,0,0,0,3,6,4,1458,CICERO AVE,41.881321,-87.593592,04/07/2023 04:52:00 AM,2023
CR00021462,04/17/2022 02:08:00 AM,40,CLEAR,DARKNESS - LIGHTED ROAD,ANGLE,ONE-WAY,TRAFFIC SIGNAL,UNABLE TO DETERMINE,WEATHER,0,0,2,2,2,1,4,848,CLARK ST,41.76779,-87.552933,04/17/2022 02:10:00 AM,2022
CR00021463,06/29/2017 05:02:00 AM,20,CLEAR,DARKNESS - LIGHTED ROAD,TURNING,DIVIDED - W/MEDIAN BARRIER,TRAFFIC SIGNAL,WEATHER,FOLLOWING TOO CLOSELY,0,0,1,1,5,5,6,929,DIVISION ST,41.944224,-87.592794,06/29/2017 05:47:00 AM,2017
CR00021464,11/15/2023 07:35:00 PM,30,CLEAR,DAYLIGHT,TURNING,ONE-WAY,STOP SIGN/FLASHER,IMPROPER OVERTAKING/PASSING,UNABLE TO DETERMINE,0,0,0,0,19,4,11,1911,ASHLAND AVE,41.733526,-87.849728,11/15/2023 07:42:00 PM,2023
CR00021465,08/04/2018 07:14:00 AM,35,CLEAR,DAYLIGHT,SIDESWIPE SAME DIRECTION,NOT DIVIDED,NO CONTROLS,FAILING TO YIELD RIGHT-OF-WAY,FAILING TO YIELD RIGHT-OF-WAY,0,0,0,0,7,7,8,174,MILWAUKEE AVE,41.807627,-87.523712,08/04/2018 08:50:00 AM,2018
CR00021466,11/27/2023 06:38:00 PM,15,RAIN,DAWN,REAR END,DIVIDED - W/MEDIAN BARRIER,NO CONTROLS,UNABLE TO DETERMINE,DISTRACTION - FROM INSIDE VEHICLE,0,0,0,0,18,2,11,2115,BROADWAY,41.735178,-87.593824,11/27/2023 08:07:00 PM,2023
CR00021467,02/03/2015 07:26:00 PM,20,CLEAR,DAYLIGHT,REAR TO FRONT,ONE-WAY,NO CONTROLS,DRIVING SKILLS/KNOWLEDGE/EXPERIENCE,DISTRACTION - FROM INSIDE VEHICLE,0,1,2,3,19,3,2,945,BROADWAY,41.721815,-87.648773,02/03/2015 07:36:00 PM,2015
CR00021468,03/13/2015 04:32:00 PM,25,CLEAR,DARKNESS - LIGHTED ROAD,REAR END,NOT DIVIDED,NO CONTROLS,UNABLE TO DETERMINE,UNABLE TO DETERMINE,0,0,0,0,16,6,3,141,ASHLAND AVE,41.827949,-87.5871,03/13/2015 05:56:00 PM,2015
CR00021469,08/30/2015 04:28:00 PM,45,CLEAR,DAYLIGHT,PEDESTRIAN,NOT DIVIDED,TRAFFIC SIGNAL,FOLLOWING TOO CLOSELY,FOLLOWING TOO CLOSELY,0,0,0,0,16,1,8,701,STONY ISLAND AVE,41.782928,-87.515785,08/30/2015 04:50:00 PM,2015
CR00021470,08/29/2016 03:59:00 PM,40,RAIN,DARKNESS - LIGHTED ROAD,TURNING,NOT DIVIDED,STOP SIGN/FLASHER,UNABLE TO DETERMINE,DISREGARDING TRAFFIC SIGNALS,0,0,0,0,15,2,8,481,STATE ST,41.798431,-87.680076,08/29/2016 04:27:00 PM,2016
CR00021471,10/17/2017 01:27:00 PM,35,CLEAR,DARKNESS - LIGHTED ROAD,TURNING,NOT DIVIDED,STOP SIGN/FLASHER,UNABLE TO DETERMINE,FAILING TO REDUCE SPEED,0,0,0,0,13,3,10,1036,CICERO AVE,41.707403,-87.598332,10/17/2017 01:34:00 PM,2017
CR00021472,03/22/2016 05:50:00 PM,30,RAIN,DARKNESS - LIGHTED ROAD,SIDESWIPE SAME DIRECTION,ONE-WAY,TRAFFIC SIGNAL,DISREGARDING TRAFFIC SIGNALS,DISTRACTION - FROM INSIDE VEHICLE,0,0,0,0,17,3,3,1682,KEDZIE AVE,41.884411,-87.620734,03/22/2016 07:33:00 PM,2016
CR00021473,11/12/2023 12:28:00 PM,15,RAIN,DARKNESS - LIGHTED ROAD,REAR TO FRONT,NOT DIVIDED,NO CONTROLS,IMPROPER OVERTAKING/PASSING,WEATHER,0,0,0,0,12,1,11,2326,FULLERTON AVE,41.872122,-87.806699,11/12/2023 02:09:00 PM,2023
CR00021474,07/08/2022 10:15:00 AM,30,FREEZING RAIN/DRIZZLE,DAYLIGHT,SIDESWIPE SAME DIRECTION,ONE-WAY,NO CONTROLS,UNABLE TO DETERMINE,NOT APPLICABLE,0,0,0,0,10,6,7,1576,DIVISION ST,41.901526,-87.638885,07/08/2022 10:18:00 AM,2022
CR00021475,06/23/2023 08:48:00 AM,25,RAIN,DARKNESS - LIGHTED ROAD,TURNING,NOT DIVIDED,PEDESTRIAN CROSSING SIGN,FAILING TO REDUCE SPEED,UNABLE TO DETERMINE,0,0,0,0,8,6,6,116,PULASKI RD,41.96682,-87.839563,06/23/2023 10:06:00 AM,2023
CR00021476,05/10/2017 03:05:00 PM,35,CLEAR,DAYLIGHT,TURNING,DIVIDED - W/MEDIAN (NOT RAISED),STOP SIGN/FLASHER,FOLLOWING TOO CLOSELY,UNABLE TO DETERMINE,0,0,0,0,15,4,5,1497,MICHIGAN AVE,41.77481,-87.677165,05/10/2017 03:23:00 PM,2017