CRASH_RECORD_ID,CRASH_DATE,POSTED_SPEED_LIMIT,WEATHER_CONDITION,LIGHTING_CONDITION,FIRST_CRASH_TYPE,TRAFFICWAY_TYPE,TRAFFIC_CONTROL_DEVICE,PRIM_CONTRIBUTORY_CAUSE,SEC_CONTRIBUTORY_CAUSE,INJURIES_FATAL,INJURIES_INCAPACITATING,INJURIES_NON_INCAPACITATING,INJURIES_TOTAL,CRASH_HOUR,CRASH_DAY_OF_WEEK,CRASH_MONTH,BEAT_OF_OCCURRENCE,STREET_NAME,LATITUDE,LONGITUDE,DATE_POLICE_NOTIFIED,year
CR00021477,05/14/2016 03:58:00 AM,35,CLEAR,DAYLIGHT,REAR END,FOUR WAY,NO CONTROLS,IMPROPER LANE USAGE,DRIVING SKILLS/KNOWLEDGE/EXPERIENCE,0,0,0,0,3,7,5,208,BROADWAY,41.794203,-87.608508,05/14/2016 05:50:00 AM,2016
CR00021478,07/17/2020 03:46:00 PM,35,CLEAR,DAYLIGHT,SIDESWIPE SAME DIRECTION,ONE-WAY,TRAFFIC SIGNAL,IMPROPER OVERTAKING/PASSING,IMPROPER OVERTAKING/PASSING,0,0,0,0,15,6,7,2336,CALIFORNIA AVE,41.934977,-87.834422,07/17/2020 03:50:00 PM,2020
CR00021479,01/25/2016 05:25:00 PM,30,CLEAR,DAYLIGHT,REAR END,DIVIDED - W/MEDIAN (NOT RAISED),NO CONTROLS,IMPROPER LANE USAGE,UNABLE TO DETERMINE,0,0,0,0,17,2,1,2360,CLARK ST,41.924494,-87.72149,01/25/2016 07:12:00 PM,2016
CR00021480,02/03/2024 03:55:00 PM,35,CLEAR,DAYLIGHT,PARKED MOTOR VEHICLE,NOT DIVIDED,STOP SIGN/FLASHER,IMPROPER OVERTAKING/PASSING,NOT APPLICABLE,0,0,0,0,15,7,2,1198,63RD ST,41.937096,-87.59448,02/03/2024 04:25:00 PM,2024
CR00021481,06/25/2022 12:38:00 AM,35,CLEAR,DAYLIGHT,TURNING,DIVIDED - W/MEDIAN (NOT RAISED),NO CONTROLS,UNABLE TO DETERMINE,FAILING TO YIELD RIGHT-OF-WAY,0,0,0,0,0,7,6,776,79TH ST,41.775952,-87.685343,06/25/2022 02:23:00 AM,2022
CR00021482,06/03/2023 02:52:00 PM,30,CLEAR,DAYLIGHT,TURNING,DIVIDED - W/MEDIAN (NOT RAISED),NO CONTROLS,FOLLOWING TOO CLOSELY,NOT APPLICABLE,0,0,3,3,14,7,6,247,PULASKI RD,41.737129,-87.618403,06/03/2023 03:59:00 PM,2023
CR00021483,02/19/2018 07:50:00 AM,45,SNOW,DAYLIGHT,TURNING,NOT DIVIDED,NO CONTROLS,FAILING TO YIELD RIGHT-OF-WAY,NOT APPLICABLE,0,0,0,0,7,2,2,1785,STATE ST,41.810519,-87.678445,02/19/2018 09:23:00 AM,2018
CR00021484,07/22/2016 11:16:00 PM,30,CLEAR,DAYLIGHT,REAR END,DIVIDED - W/MEDIAN BARRIER,TRAFFIC SIGNAL,FAILING TO YIELD RIGHT-OF-WAY,NOT APPLICABLE,0,0,0,0,23,6,7,815,BROADWAY,41.91415,-87.823456,07/23/2016 12:23:00 AM,2016
CR00021485,05/31/2021 11:25:00 AM,25,CLEAR,DAYLIGHT,SIDESWIPE SAME DIRECTION,NOT DIVIDED,NO CONTROLS,IMPROPER LANE USAGE,WEATHER,0,0,0,0,11,2,5,1525,ASHLAND AVE,41.720362,-87.578762,05/31/2021 01:05:00 PM,2021
CR00021486,09/18/2021 08:24:00 AM,35,CLEAR,DARKNESS - LIGHTED ROAD,PARKED MOTOR VEHICLE,NOT DIVIDED,TRAFFIC SIGNAL,FOLLOWING TOO CLOSELY,UNABLE TO DETERMINE,0,0,0,0,8,7,9,709,79TH ST,41.977061,-87.542176,09/18/2021 09:39:00 AM,2021
CR00021487,06/03/2021 12:34:00 PM,30,FOG/SMOKE/HAZE,DAYLIGHT,PARKED MOTOR VEHICLE,DIVIDED - W/MEDIAN BARRIER,YIELD,FAILING TO YIELD RIGHT-OF-WAY,FAILING TO REDUCE SPEED,0,0,0,0,12,5,6,685,CALIFORNIA AVE,41.926697,-87.766345,06/03/2021 02:19:00 PM,2021
CR00021488,04/11/2022 08:57:00 AM,45,CLEAR,DAYLIGHT,PARKED MOTOR VEHICLE,NOT DIVIDED,YIELD,IMPROPER OVERTAKING/PASSING,FOLLOWING TOO CLOSELY,0,1,2,3,8,2,4,2275,WESTERN AVE,41.967262,-87.668424,04/11/2022 09:01:00 AM,2022
CR00021489,01/18/2021 10:58:00 AM,20,CLEAR,DUSK,TURNING,NOT DIVIDED,STOP SIGN/FLASHER,FOLLOWING TOO CLOSELY,DISTRACTION - FROM INSIDE VEHICLE,0,0,0,0,10,2,1,141,ARCHER AVE,41.921558,-87.764263,01/18/2021 12:53:00 PM,2021
CR00021490,10/10/2016 07:47:00 PM,30,CLEAR,DAYLIGHT,REAR END,NOT DIVIDED,YIELD,IMPROPER OVERTAKING/PASSING,FAILING TO YIELD RIGHT-OF-WAY,0,0,0,0,19,2,10,1438,79TH ST,41.939749,-87.772652,10/10/2016 09:46:00 PM,2016
CR00021491,04/28/2021 08:00:00 AM,30,RAIN,DAYLIGHT,ANGLE,ONE-WAY,TRAFFIC SIGNAL,FAILING TO YIELD RIGHT-OF-WAY,UNABLE TO DETERMINE,0,0,0,0,8,4,4,469,47TH ST,41.896141,-87.588111,04/28/2021 09:47:00 AM,2021
CR00021492,07/15/2023 01:11:00 PM,40,CLEAR,DARKNESS - LIGHTED ROAD,TURNING,ONE-WAY,TRAFFIC SIGNAL,DISREGARDING TRAFFIC SIGNALS,WEATHER,0,0,2,2,13,7,7,869,BROADWAY,41.785651,-87.535825,07/15/2023 02:25:00 PM,2023
CR00021493,05/31/2017 03:12:00 PM,35,FREEZING RAIN/DRIZZLE,DAYLIGHT,REAR TO FRONT,DIVIDED - W/MEDIAN BARRIER,NO CONTROLS,DRIVING SKILLS/KNOWLEDGE/EXPERIENCE,FAILING TO REDUCE SPEED,0,0,0,0,15,4,5,2075,FULLERTON AVE,41.996116,-87.69293,05/31/2017 04:22:00 PM,2017
CR00021494,01/13/2016 04:10:00 AM,20,FREEZING RAIN/DRIZZLE,DAYLIGHT,REAR END,DIVIDED - W/MEDIAN (NOT RAISED),NO CONTROLS,IMPROPER LANE USAGE,IMPROPER OVERTAKING/PASSING,0,0,0,0,4,4,1,1362,BROADWAY,41.869883,-87.690327,01/13/2016 06:01:00 AM,2016
CR00021495,09/20/2021 02:19:00 PM,30,RAIN,DAYLIGHT,TURNING,NOT DIVIDED,TRAFFIC SIGNAL,FAILING TO YIELD RIGHT-OF-WAY,DISTRACTION - FROM INSIDE VEHICLE,0,0,0,0,14,2,9,1071,ASHLAND AVE,41.766402,-87.610328,09/20/2021 03:33:00 PM,2021
CR00021496,11/14/2022 04:46:00 PM,40,CLEAR,DAYLIGHT,SIDESWIPE SAME DIRECTION,ONE-WAY,TRAFFIC SIGNAL,IMPROPER LANE USAGE,DRIVING SKILLS/KNOWLEDGE/EXPERIENCE,0,0,0,0,16,2,11,1307,CICERO AVE,41.949095,-87.681209,11/14/2022 05:46:00 PM,2022
CR00021497,06/27/2018 03:50:00 PM,30,CLEAR,DAYLIGHT,TURNING,ONE-WAY,NO CONTROLS,IMPROPER LANE USAGE,WEATHER,0,0,0,0,15,4,6,1566,OGDEN AVE,41.879251,-87.642933,06/27/2018 04:22:00 PM,2018
CR00021498,12/08/2018 10:43:00 AM,40,CLEAR,DAYLIGHT,TURNING,ONE-WAY,NO CONTROLS,UNABLE TO DETERMINE,FOLLOWING TOO CLOSELY,0,0,0,0,10,7,12,2010,PULASKI RD,41.897066,-87.777889,12/08/2018 10:49:00 AM,2018
CR00021499,01/26/2016 06:25:00 AM,40,RAIN,DAYLIGHT,REAR END,NOT DIVIDED,NO CONTROLS,DISREGARDING TRAFFIC SIGNALS,NOT APPLICABLE,0,0,3,3,6,3,1,2308,47TH ST,41.838631,-87.733583,01/26/2016 08:09:00 AM,2016
CR00021500,09/08/2020 12:39:00 PM,35,CLEAR,DARKNESS - LIGHTED ROAD,FIXED OBJECT,NOT DIVIDED,TRAFFIC SIGNAL,DISTRACTION - FROM INSIDE VEHICLE,FOLLOWING TOO CLOSELY,0,0,1,1,12,3,9,243,79TH ST,41.93593,-87.673005,09/08/2020 01:07:00 PM,2020
CR00021501,01/17/2022 04:08:00 AM,35,CLEAR,DAYLIGHT,TURNING,FOUR WAY,UNKNOWN,DRIVING SKILLS/KNOWLEDGE/EXPERIENCE,DRIVING SKILLS/KNOWLEDGE/EXPERIENCE,0,0,0,0,4,2,1,2226,MILWAUKEE AVE,41.91157,-87.728555,01/17/2022 04:20:00 AM,2022
CR00021502,01/24/2020 01:19:00 PM,35,RAIN,DARKNESS,TURNING,FOUR WAY,TRAFFIC SIGNAL,DRIVING SKILLS/KNOWLEDGE/EXPERIENCE,UNABLE TO DETERMINE,0,0,2,2,13,6,1,1761,KEDZIE AVE,41.899275,-87.615894,01/24/2020 02:50:00 PM,2020
CR00021503,02/04/2015 06:31:00 AM,35,CLEAR,DAYLIGHT,FIXED OBJECT,NOT DIVIDED,UNKNOWN,FOLLOWING TOO CLOSELY,FAILING TO YIELD RIGHT-OF-WAY,0,0,0,0,6,4,2,1100,CICERO AVE,41.94775,-87.638828,02/04/2015 06:35:00 AM,2015
CR00021504,02/04/2016 06:07:00 AM,30,RAIN,DAYLIGHT,TURNING,NOT DIVIDED,UNKNOWN,DISTRACTION - FROM INSIDE VEHICLE,UNABLE TO DETERMINE,0,0,0,0,6,5,2,266,47TH ST,41.94982,-87.634125,02/04/2016 06:58:00 AM,2016
CR00021505,03/21/2019 06:58:00 PM,45,FOG/SMOKE/HAZE,DARKNESS - LIGHTED ROAD,REAR END,ONE-WAY,TRAFFIC SIGNAL,IMPROPER LANE USAGE,IMPROPER OVERTAKING/PASSING,0,0,0,0,18,5,3,2002,ROOSEVELT RD,41.939211,-87.531187,03/21/2019 08:48:00 PM,2019
CR00021506,04/21/2023 11:23:00 PM,35,RAIN,DAYLIGHT,REAR END,DIVIDED - W/MEDIAN (NOT RAISED),TRAFFIC SIGNAL,UNABLE TO DETERMINE,DISTRACTION - FROM INSIDE VEHICLE,0,0,0,0,23,6,4,758,ELSTON AVE,41.906996,-87.670282,04/21/2023 11:25:00 PM,2023
CR00021507,08/12/2019 10:17:00 AM,45,CLEAR,DAYLIGHT,REAR TO FRONT,ONE-WAY,TRAFFIC SIGNAL,UNABLE TO DETERMINE,UNABLE TO DETERMINE,0,0,0,0,10,2,8,1091,ARCHER AVE,41.737642,-87.53153,08/12/2019 11:41:00 AM,2019
CR00021508,05/15/2015 07:44:00 AM,35,CLEAR,DAYLIGHT,REAR END,ONE-WAY,NO CONTROLS,FAILING TO YIELD RIGHT-OF-WAY,FOLLOWING TOO CLOSELY,0,0,0,0,7,6,5,1624,WESTERN AVE,41.920752,-87.723552,05/15/2015 09:42:00 AM,2015
CR00021509,10/10/2018 01:14:00 PM,40,CLEAR,DAWN,SIDESWIPE SAME DIRECTION,NOT DIVIDED,NO CONTROLS,DRIVING SKILLS/KNOWLEDGE/EXPERIENCE,NOT APPLICABLE,0,0,0,0,13,4,10,1202,PULASKI RD,41.952622,-87.843787,10/10/2018 02:38:00 PM,2018
CR00021510,10/13/2024 05:38:00 PM,30,RAIN,DARKNESS - LIGHTED ROAD,REAR END,NOT DIVIDED,NO CONTROLS,DISTRACTION - FROM INSIDE VEHICLE,UNABLE TO DETERMINE,0,0,1,1,17,1,10,1209,63RD ST,41.916619,-87.541517,10/13/2024 05:55:00 PM,2024
CR00021511,12/13/2021 07:14:00 PM,35,CLEAR,DARKNESS - LIGHTED ROAD,SIDESWIPE SAME DIRECTION,NOT DIVIDED,NO CONTROLS,UNABLE TO DETERMINE,DRIVING SKILLS/KNOWLEDGE/EXPERIENCE,0,0,0,0,19,2,12,1038,ROOSEVELT RD,41.71508,-87.773528,12/13/2021 08:28:00 PM,2021
CR00021512,12/17/2015 03:06:00 PM,30,CLEAR,DAYLIGHT,REAR TO FRONT,DIVIDED - W/MEDIAN (NOT RAISED),STOP SIGN/FLASHER,UNABLE TO DETERMINE,FAILING TO REDUCE SPEED,0,0,0,0,15,5,12,2056,CALIFORNIA AVE,41.955939,-87.802214,12/17/2015 04:53:00 PM,2015
CR00021513,02/01/2016 09:04:00 AM,20,CLEAR,DARKNESS,TURNING,NOT DIVIDED,PEDESTRIAN CROSSING SIGN,DRIVING SKILLS/KNOWLEDGE/EXPERIENCE,DISREGARDING TRAFFIC SIGNALS,0,0,0,0,9,2,2,2499,DIVISION ST,41.9968,-87.802481,02/01/2016 09:12:00 AM,2016
CR00021514,11/12/2023 07:33:00 AM,25,CLEAR,DAYLIGHT,SIDESWIPE SAME DIRECTION,T-INTERSECTION,STOP SIGN/FLASHER,FOLLOWING TOO CLOSELY,NOT APPLICABLE,0,0,0,0,7,1,11,2170,ASHLAND AVE,41.998769,-87.577765,11/12/2023 08:09:00 AM,2023
CR00021515,03/12/2024 02:31:00 PM,15,CLEAR,DAYLIGHT,ANGLE,NOT DIVIDED,TRAFFIC SIGNAL,FAILING TO YIELD RIGHT-OF-WAY,UNABLE TO DETERMINE,0,0,0,0,14,3,3,687,DAMEN AVE,41.752164,-87.624389,03/12/2024 04:26:00 PM,2024
CR00021516,10/23/2017 10:35:00 AM,25,CLEAR,DAYLIGHT,REAR TO FRONT,ONE-WAY,NO CONTROLS,WEATHER,FAILING TO REDUCE SPEED,0,0,0,0,10,2,10,1481,ARCHER AVE,41.85812,-87.647786,10/23/2017 10:39:00 AM,2017
CR00021517,07/23/2023 05:49:00 PM,30,CLEAR,DAYLIGHT,PEDESTRIAN,DIVIDED - W/MEDIAN BARRIER,TRAFFIC SIGNAL,FAILING TO REDUCE SPEED,IMPROPER OVERTAKING/PASSING,0,0,0,0,17,1,7,1456,CLARK ST,41.837591,-87.646022,07/23/2023 07:12:00 PM,2023
CR00021518,06/28/2020 06:10:00 PM,40,CLEAR,DAYLIGHT,REAR END,ONE-WAY,NO CONTROLS,FOLLOWING TOO CLOSELY,FAILING TO REDUCE SPEED,0,0,0,0,18,1,6,346,CALIFORNIA AVE,41.81254,-87.6996,06/28/2020 06:56:00 PM,2020
CR00021519,07/24/2020 12:44:00 PM,25,CLEAR,DARKNESS,ANGLE,NOT DIVIDED,NO CONTROLS,UNABLE TO DETERMINE,IMPROPER OVERTAKING/PASSING,0,0,1,1,12,6,7,1532,MILWAUKEE AVE,41.981411,-87.597694,07/24/2020 01:02:00 PM,2020
CR00021520,07/11/2019 05:51:00 PM,45,CLOUDY/OVERCAST,DARKNESS - LIGHTED ROAD,TURNING,DIVIDED - W/MEDIAN (NOT RAISED),NO CONTROLS,DRIVING SKILLS/KNOWLEDGE/EXPERIENCE,NOT APPLICABLE,0,0,3,3,17,5,7,470,PULASKI RD,41.937058,-87.519007,07/11/2019 06:26:00 PM,2019
CR00021521,03/12/2017 05:58:00 PM,45,CLEAR,DAYLIGHT,FIXED OBJECT,T-INTERSECTION,TRAFFIC SIGNAL,IMPROPER LANE USAGE,DISREGARDING TRAFFIC SIGNALS,0,0,0,0,17,1,3,1907,63RD ST,41.775385,-87.509078,03/12/2017 06:17:00 PM,2017
CR00021522,07/28/2019 08:32:00 AM,45,CLEAR,DAYLIGHT,TURNING,T-INTERSECTION,TRAFFIC SIGNAL,IMPROPER LANE USAGE,FAILING TO YIELD RIGHT-OF-WAY,0,0,0,0,8,1,7,1075,79TH ST,41.858259,-87.624823,07/28/2019 08:34:00 AM,2019
CR00021523,10/02/2015 05:12:00 PM,20,CLEAR,DUSK,PARKED MOTOR VEHICLE,ONE-WAY,STOP SIGN/FLASHER,IMPROPER LANE USAGE,UNABLE TO DETERMINE,0,0,0,0,17,6,10,1214,IRVING PARK RD,41.884685,-87.520039,10/02/2015 06:01:00 PM,2015
CR00021524,03/08/2022 05:54:00 PM,20,CLEAR,DARKNESS - LIGHTED ROAD,ANGLE,NOT DIVIDED,NO CONTROLS,WEATHER,UNABLE TO DETERMINE,0,0,0,0,17,3,3,1388,MILWAUKEE AVE,41.912023,-87.833588,03/08/2022 07:04:00 PM,2022
CR00021525,02/12/2023 07:47:00 AM,20,CLEAR,DAYLIGHT,TURNING,DIVIDED - W/MEDIAN BARRIER,NO CONTROLS,UNABLE TO DETERMINE,NOT APPLICABLE,0,0,0,0,7,1,2,1881,63RD ST,41.798613,-87.84193,02/12/2023 08:17:00 AM,2023
CR00021526,09/14/2020 07:42:00 PM,20,CLEAR,DARKNESS - LIGHTED ROAD,REAR END,ONE-WAY,TRAFFIC SIGNAL,WEATHER,UNABLE TO DETERMINE,0,0,0,0,19,2,9,996,DIVISION ST,41.709891,-87.541728,09/14/2020 07:57:00 PM,2020
CR00021527,12/04/2022 07:03:00 AM,30,CLEAR,DAYLIGHT,FIXED OBJECT,FOUR WAY,NO CONTROLS,FAILING TO YIELD RIGHT-OF-WAY,WEATHER,0,0,0,0,7,1,12,101,MICHIGAN AVE,41.969491,-87.669142,12/04/2022 08:16:00 AM,2022
CR00021528,11/24/2016 02:49:00 PM,30,RAIN,DAYLIGHT,TURNING,DIVIDED - W/MEDIAN BARRIER,NO CONTROLS,UNABLE TO DETERMINE,UNABLE TO DETERMINE,0,0,1,1,14,5,11,1753,FULLERTON AVE,41.720571,-87.579436,11/24/2016 03:37:00 PM,2016
CR00021529,04/02/2021 09:49:00 PM,35,SNOW,DAYLIGHT,SIDESWIPE SAME DIRECTION,FOUR WAY,STOP SIGN/FLASHER,UNABLE TO DETERMINE,FAILING TO YIELD RIGHT-OF-WAY,0,0,0,0,21,6,4,284,ELSTON AVE,41.711809,-87.717112,04/02/2021 11:07:00 PM,2021
CR00021530,10/22/2020 04:25:00 PM,25,CLEAR,DAYLIGHT,REAR END,ONE-WAY,NO CONTROLS,IMPROPER LANE USAGE,NOT APPLICABLE,0,0,0,0,16,5,10,821,MILWAUKEE AVE,41.997808,-87.849029,10/22/2020 05:23:00 PM,2020
CR00021531,08/31/2019 09:42:00 PM,45,CLEAR,DAYLIGHT,PARKED MOTOR VEHICLE,NOT DIVIDED,TRAFFIC SIGNAL,UNABLE TO DETERMINE,UNABLE TO DETERMINE,0,0,0,0,21,7,8,1221,FULLERTON AVE,41.741737,-87.624039,08/31/2019 11:16:00 PM,2019
CR00021532,05/06/2019 04:51:00 AM,20,CLOUDY/OVERCAST,DAYLIGHT,REAR END,DIVIDED - W/MEDIAN BARRIER,NO CONTROLS,FAILING TO YIELD RIGHT-OF-WAY,IMPROPER OVERTAKING/PASSING,0,0,0,0,4,2,5,2368,FULLERTON AVE,41.895559,-87.840858,05/06/2019 05:31:00 AM,2019
CR00021533,02/27/2015 09:51:00 AM,35,SNOW,DUSK,REAR END,NOT DIVIDED,TRAFFIC SIGNAL,DISTRACTION - FROM INSIDE VEHICLE,FAILING TO YIELD RIGHT-OF-WAY,0,0,0,0,9,6,2,2260,STONY ISLAND AVE,41.881504,-87.701098,02/27/2015 10:34:00 AM,2015
CR00021534,07/13/2023 11:00:00 PM,15,CLEAR,DARKNESS - LIGHTED ROAD,PARKED MOTOR VEHICLE,DIVIDED - W/MEDIAN BARRIER,STOP SIGN/FLASHER,FOLLOWING TOO CLOSELY,IMPROPER OVERTAKING/PASSING,0,0,0,0,23,5,7,1905,ELSTON AVE,41.77117,-87.625717,07/14/2023 12:37:00 AM,2023
CR00021535,09/23/2017 01:53:00 PM,35,CLEAR,DAYLIGHT,FIXED OBJECT,DIVIDED - W/MEDIAN BARRIER,UNKNOWN,UNABLE TO DETERMINE,IMPROPER LANE USAGE,0,0,1,1,13,7,9,489,CALIFORNIA AVE,41.992284,-87.559242,09/23/2017 03:42:00 PM,2017
CR00021536,02/18/2024 08:45:00 PM,35,CLOUDY/OVERCAST,DAYLIGHT,ANGLE,ONE-WAY,UNKNOWN,UNABLE TO DETERMINE,NOT APPLICABLE,0,0,0,0,20,1,2,1072,79TH ST,41.717246,-87.795578,02/18/2024 08:57:00 PM,2024
CR00021537,04/08/2015 07:04:00 AM,25,CLEAR,DAYLIGHT,REAR END,NOT DIVIDED,NO CONTROLS,IMPROPER LANE USAGE,IMPROPER LANE USAGE,0,0,0,0,7,4,4,1665,CALIFORNIA AVE,41.859355,-87.507646,04/08/2015 08:56:00 AM,2015
CR00021538,05/26/2022 07:15:00 PM,40,CLEAR,DAYLIGHT,ANGLE,NOT DIVIDED,TRAFFIC SIGNAL,IMPROPER OVERTAKING/PASSING,FOLLOWING TOO CLOSELY,0,0,0,0,19,5,5,1627,DAMEN AVE,41.900908,-87.647114,05/26/2022 07:30:00 PM,2022
CR00021539,11/05/2024 08:05:00 AM,30,RAIN,DARKNESS - LIGHTED ROAD,ANGLE,NOT DIVIDED,TRAFFIC SIGNAL,FOLLOWING TOO CLOSELY,IMPROPER OVERTAKING/PASSING,0,0,0,0,8,3,11,866,ROOSEVELT RD,41.958623,-87.80416,11/05/2024 10:00:00 AM,2024
CR00021540,01/26/2019 07:16:00 PM,30,CLOUDY/OVERCAST,DARKNESS - LIGHTED ROAD,REAR TO FRONT,T-INTERSECTION,UNKNOWN,UNABLE TO DETERMINE,FAILING TO YIELD RIGHT-OF-WAY,0,0,3,3,19,7,1,1697,PULASKI RD,41.804734,-87.716364,01/26/2019 07:37:00 PM,2019
CR00021541,04/23/2021 08:41:00 AM,30,CLEAR,DUSK,REAR END,NOT DIVIDED,UNKNOWN,IMPROPER OVERTAKING/PASSING,UNABLE TO DETERMINE,0,0,0,0,8,6,4,1373,STATE ST,41.974453,-87.757628,04/23/2021 10:25:00 AM,2021
CR00021542,06/13/2021 08:56:00 AM,30,CLEAR,DARKNESS - LIGHTED ROAD,REAR END,T-INTERSECTION,NO CONTROLS,FOLLOWING TOO CLOSELY,FAILING TO REDUCE SPEED,0,0,0,0,8,1,6,1074,MICHIGAN AVE,41.998421,-87.618821,06/13/2021 09:13:00 AM,2021
CR00021543,01/09/2015 02:28:00 PM,30,CLEAR,DAYLIGHT,PARKED MOTOR VEHICLE,ONE-WAY,STOP SIGN/FLASHER,DISTRACTION - FROM INSIDE VEHICLE,UNABLE TO DETERMINE,0,1,2,3,14,6,1,2230,FULLERTON AVE,41.723739,-87.574426,01/09/2015 02:54:00 PM,2015
CR00021544,11/22/2018 07:31:00 AM,35,CLEAR,DAYLIGHT,FIXED OBJECT,FOUR WAY,STOP SIGN/FLASHER,FOLLOWING TOO CLOSELY,UNABLE TO DETERMINE,0,0,0,0,7,5,11,276,IRVING PARK RD,41.95822,-87.702317,11/22/2018 07:53:00 AM,2018
CR00021545,03/06/2022 08:07:00 AM,30,CLEAR,DUSK,REAR TO FRONT,NOT DIVIDED,TRAFFIC SIGNAL,IMPROPER OVERTAKING/PASSING,FOLLOWING TOO CLOSELY,0,0,0,0,8,1,3,475,CLARK ST,41.87267,-87.732277,03/06/2022 08:15:00 AM,2022
CR00021546,10/11/2015 03:35:00 PM,30,CLEAR,DAYLIGHT,SIDESWIPE SAME DIRECTION,NOT DIVIDED,NO CONTROLS,IMPROPER OVERTAKING/PASSING,DISTRACTION - FROM INSIDE VEHICLE,0,0,0,0,15,1,10,1508,IRVING PARK RD,41.947198,-87.649417,10/11/2015 03:44:00 PM,2015
CR00021547,11/14/2022 08:12:00 PM,45,CLEAR,DAYLIGHT,SIDESWIPE SAME DIRECTION,NOT DIVIDED,NO CONTROLS,UNABLE TO DETERMINE,UNABLE TO DETERMINE,0,0,0,0,20,2,11,115,LAKE SHORE DR,41.909305,-87.759275,11/14/2022 09:25:00 PM,2022
CR00021548,06/17/2020 04:05:00 PM,40,CLEAR,DAYLIGHT,REAR END,NOT DIVIDED,PEDESTRIAN CROSSING SIGN,DRIVING SKILLS/KNOWLEDGE/EXPERIENCE,DISREGARDING TRAFFIC SIGNALS,0,0,0,0,16,4,6,903,ELSTON AVE,41.79474,-87.774706,06/17/2020 05:11:00 PM,2020
CR00021549,06/16/2016 10:43:00 PM,35,SNOW,DARKNESS - LIGHTED ROAD,TURNING,NOT DIVIDED,NO CONTROLS,FOLLOWING TOO CLOSELY,UNABLE TO DETERMINE,0,0,0,0,22,5,6,1055,FULLERTON AVE,41.859027,-87.78751,06/16/2016 11:20:00 PM,2016
CR00021550,12/09/2023 08:47:00 AM,15,CLEAR,DAYLIGHT,TURNING,T-INTERSECTION,NO CONTROLS,FOLLOWING TOO CLOSELY,DISTRACTION - FROM INSIDE VEHICLE,0,0,3,3,8,7,12,662,STATE ST,41.740832,-87.776254,12/09/2023 09:33:00 AM,2023
CR00021551,09/17/2017 07:18:00 AM,30,CLEAR,DAWN,ANGLE,ONE-WAY,TRAFFIC SIGNAL,FAILING TO YIELD RIGHT-OF-WAY,DISTRACTION - FROM INSIDE VEHICLE,0,0,0,0,7,1,9,1555,PULASKI RD,41.856157,-87.782955,09/17/2017 08:10:00 AM,2017
CR00021552,06/02/2015 03:08:00 PM,20,CLEAR,DAYLIGHT,REAR END,FOUR WAY,STOP SIGN/FLASHER,DRIVING SKILLS/KNOWLEDGE/EXPERIENCE,NOT APPLICABLE,0,0,0,0,15,3,6,1406,DIVISION ST,41.897533,-87.658054,06/02/2015 03:42:00 PM,2015
CR00021553,05/01/2020 09:30:00 AM,35,CLEAR,DAYLIGHT,SIDESWIPE SAME DIRECTION,DIVIDED - W/MEDIAN (NOT RAISED),TRAFFIC SIGNAL,UNABLE TO DETERMINE,FOLLOWING TOO CLOSELY,0,0,0,0,9,6,5,723,ROOSEVELT RD,41.708989,-87.589983,05/01/2020 10:11:00 AM,2020
CR00021554,02/27/2024 02:27:00 PM,30,CLEAR,DAYLIGHT,REAR END,NOT DIVIDED,STOP SIGN/FLASHER,UNABLE TO DETERMINE,NOT APPLICABLE,0,0,0,0,14,3,2,812,KEDZIE AVE,41.898461,-87.684678,02/27/2024 04:18:00 PM,2024
CR00021555,05/26/2018 03:18:00 PM,20,RAIN,DAYLIGHT,ANGLE,NOT DIVIDED,TRAFFIC SIGNAL,DRIVING SKILLS/KNOWLEDGE/EXPERIENCE,DISREGARDING TRAFFIC SIGNALS,0,0,0,0,15,7,5,1522,FULLERTON AVE,41.775368,-87.595963,05/26/2018 03:54:00 PM,2018
CR00021556,04/22/2019 12:30:00 PM,30,CLEAR,DAYLIGHT,ANGLE,NOT DIVIDED,TRAFFIC SIGNAL,FOLLOWING TOO CLOSELY,NOT APPLICABLE,0,0,0,0,12,2,4,2462,OGDEN AVE,41.857734,-87.836719,04/22/2019 12:43:00 PM,2019
CR00021557,12/22/2017 06:21:00 PM,25,CLEAR,DAYLIGHT,TURNING,NOT DIVIDED,STOP SIGN/FLASHER,UNABLE TO DETERMINE,NOT APPLICABLE,0,1,0,1,18,6,12,2158,CALIFORNIA AVE,41.761431,-87.556996,12/22/2017 06:47:00 PM,2017
CR00021558,01/05/2020 05:40:00 AM,35,CLEAR,DAYLIGHT,REAR END,NOT DIVIDED,NO CONTROLS,UNABLE TO DETERMINE,NOT APPLICABLE,0,0,2,2,5,1,1,1909,BROADWAY,41.728276,-87.741571,01/05/2020 06:30:00 AM,2020
CR00021559,03/26/2018 04:50:00 PM,25,CLEAR,DARKNESS - LIGHTED ROAD,TURNING,DIVIDED - W/MEDIAN (NOT RAISED),STOP SIGN/FLASHER,DRIVING SKILLS/KNOWLEDGE/EXPERIENCE,NOT APPLICABLE,0,0,0,0,16,2,3,2333,IRVING PARK RD,41.723503,-87.591994,03/26/2018 06:37:00 PM,2018
CR00021560,09/12/2017 03:55:00 AM,15,CLEAR,DUSK,TURNING,NOT DIVIDED,NO CONTROLS,WEATHER,FAILING TO YIELD RIGHT-OF-WAY,0,0,0,0,3,3,9,565,HALSTED ST,41.808918,-87.827654,09/12/2017 05:50:00 AM,2017