CRASH_RECORD_ID,CRASH_DATE,POSTED_SPEED_LIMIT,WEATHER_CONDITION,LIGHTING_CONDITION,FIRST_CRASH_TYPE,TRAFFICWAY_TYPE,TRAFFIC_CONTROL_DEVICE,PRIM_CONTRIBUTORY_CAUSE,SEC_CONTRIBUTORY_CAUSE,INJURIES_FATAL,INJURIES_INCAPACITATING,INJURIES_NON_INCAPACITATING,INJURIES_TOTAL,CRASH_HOUR,CRASH_DAY_OF_WEEK,CRASH_MONTH,BEAT_OF_OCCURRENCE,STREET_NAME,LATITUDE,LONGITUDE,DATE_POLICE_NOTIFIED,year
CR00021561,11/22/2022 12:49:00 PM,20,CLEAR,DUSK,TURNING,DIVIDED - W/MEDIAN (NOT RAISED),NO CONTROLS,FOLLOWING TOO CLOSELY,UNABLE TO DETERMINE,0,0,0,0,12,3,11,1609,63RD ST,41.818811,-87.638928,11/22/2022 02:07:00 PM,2022
CR00021562,02/25/2024 01:38:00 PM,30,CLEAR,DARKNESS - LIGHTED ROAD,SIDESWIPE SAME DIRECTION,DIVIDED - W/MEDIAN (NOT RAISED),UNKNOWN,DRIVING SKILLS/KNOWLEDGE/EXPERIENCE,IMPROPER LANE USAGE,0,0,0,0,13,1,2,2311,ELSTON AVE,41.703198,-87.581677,02/25/2024 03:30:00 PM,2024
CR00021563,02/01/2015 02:49:00 AM,30,CLEAR,DAYLIGHT,REAR END,NOT DIVIDED,NO CONTROLS,UNABLE TO DETERMINE,UNABLE TO DETERMINE,0,0,0,0,2,1,2,807,MICHIGAN AVE,41.756817,-87.72786,02/01/2015 03:32:00 AM,2015
CR00021564,09/18/2019 07:48:00 PM,25,CLEAR,DAYLIGHT,ANGLE,ONE-WAY,TRAFFIC SIGNAL,IMPROPER OVERTAKING/PASSING,DISTRACTION - FROM INSIDE VEHICLE,0,0,3,3,19,4,9,1794,CLARK ST,41.877152,-87.580794,09/18/2019 08:20:00 PM,2019
CR00021565,02/10/2018 06:38:00 PM,25,CLEAR,DAYLIGHT,TURNING,DIVIDED - W/MEDIAN BARRIER,NO CONTROLS,FAILING TO YIELD RIGHT-OF-WAY,UNABLE TO DETERMINE,0,0,0,0,18,7,2,143,CALIFORNIA AVE,41.95953,-87.553366,02/10/2018 06:45:00 PM,2018
CR00021566,02/25/2019 06:25:00 PM,40,CLEAR,DAYLIGHT,TURNING,ONE-WAY,YIELD,WEATHER,UNABLE TO DETERMINE,0,0,0,0,18,2,2,1793,CLARK ST,41.81416,-87.573958,02/25/2019 06:30:00 PM,2019
CR00021567,08/20/2023 07:27:00 AM,35,CLEAR,DAYLIGHT,TURNING,NOT DIVIDED,TRAFFIC SIGNAL,FAILING TO YIELD RIGHT-OF-WAY,NOT APPLICABLE,0,0,0,0,7,1,8,2291,ASHLAND AVE,41.958249,-87.76205,08/20/2023 07:35:00 AM,2023
CR00021568,06/22/2023 12:51:00 PM,30,CLEAR,DARKNESS - LIGHTED ROAD,REAR END,NOT DIVIDED,TRAFFIC SIGNAL,FAILING TO YIELD RIGHT-OF-WAY,FAILING TO REDUCE SPEED,0,0,0,0,12,5,6,1241,MICHIGAN AVE,41.997206,-87.661999,06/22/2023 01:50:00 PM,2023
CR00021569,07/20/2018 01:32:00 AM,30,CLEAR,DAYLIGHT,PEDESTRIAN,DIVIDED - W/MEDIAN BARRIER,NO CONTROLS,FAILING TO REDUCE SPEED,IMPROPER OVERTAKING/PASSING,0,0,0,0,1,6,7,447,CLARK ST,41.830172,-87.571285,07/20/2018 02:05:00 AM,2018
CR00021570,11/08/2021 08:23:00 PM,30,CLEAR,DARKNESS - LIGHTED ROAD,PARKED MOTOR VEHICLE,DIVIDED - W/MEDIAN BARRIER,PEDESTRIAN CROSSING SIGN,DISTRACTION - FROM INSIDE VEHICLE,FOLLOWING TOO CLOSELY,0,0,0,0,20,2,11,101,CALIFORNIA AVE,41.820453,-87.618237,11/08/2021 10:04:00 PM,2021
CR00021571,07/11/2022 08:35:00 AM,45,CLEAR,DAYLIGHT,PARKED MOTOR VEHICLE,DIVIDED - W/MEDIAN (NOT RAISED),NO CONTROLS,FOLLOWING TOO CLOSELY,FAILING TO YIELD RIGHT-OF-WAY,0,0,0,0,8,2,7,1831,63RD ST,41.80351,-87.789962,07/11/2022 09:57:00 AM,2022
CR00021572,05/02/2024 03:34:00 PM,35,CLEAR,DARKNESS - LIGHTED ROAD,ANGLE,DIVIDED - W/MEDIAN (NOT RAISED),TRAFFIC SIGNAL,DISTRACTION - FROM INSIDE VEHICLE,UNABLE TO DETERMINE,0,0,0,0,15,5,5,206,ASHLAND AVE,41.834026,-87.51579,05/02/2024 03:58:00 PM,2024
CR00021573,07/20/2018 06:56:00 PM,35,CLEAR,DARKNESS - LIGHTED ROAD,ANGLE,NOT DIVIDED,TRAFFIC SIGNAL,FOLLOWING TOO CLOSELY,FOLLOWING TOO CLOSELY,0,0,0,0,18,6,7,1795,FULLERTON AVE,41.796331,-87.815463,07/20/2018 07:55:00 PM,2018
CR00021574,10/28/2019 02:57:00 AM,45,CLEAR,DAYLIGHT,ANGLE,DIVIDED - W/MEDIAN (NOT RAISED),TRAFFIC SIGNAL,DISREGARDING TRAFFIC SIGNALS,UNABLE TO DETERMINE,0,0,1,1,2,2,10,1899,STATE ST,41.727596,-87.753186,10/28/2019 04:36:00 AM,2019
CR00021575,04/01/2020 06:43:00 AM,35,CLEAR,DARKNESS - LIGHTED ROAD,ANGLE,T-INTERSECTION,NO CONTROLS,IMPROPER OVERTAKING/PASSING,UNABLE TO DETERMINE,0,0,0,0,6,4,4,1457,PULASKI RD,41.700063,-87.821484,04/01/2020 07:10:00 AM,2020
CR00021576,10/04/2021 06:11:00 PM,35,CLEAR,DUSK,ANGLE,NOT DIVIDED,NO CONTROLS,UNABLE TO DETERMINE,UNABLE TO DETERMINE,0,0,0,0,18,2,10,1240,ROOSEVELT RD,41.778862,-87.79315,10/04/2021 07:32:00 PM,2021
CR00021577,04/14/2023 07:49:00 AM,35,CLEAR,DAYLIGHT,REAR END,DIVIDED - W/MEDIAN (NOT RAISED),NO CONTROLS,UNABLE TO DETERMINE,FOLLOWING TOO CLOSELY,0,0,2,2,7,6,4,375,DAMEN AVE,41.788523,-87.720247,04/14/2023 09:15:00 AM,2023
CR00021578,11/09/2016 10:49:00 PM,35,SNOW,DAYLIGHT,SIDESWIPE SAME DIRECTION,NOT DIVIDED,TRAFFIC SIGNAL,UNABLE TO DETERMINE,UNABLE TO DETERMINE,0,0,0,0,22,4,11,1790,DAMEN AVE,41.812301,-87.793427,11/09/2016 11:35:00 PM,2016
CR00021579,02/26/2016 07:40:00 PM,25,CLOUDY/OVERCAST,DAYLIGHT,PARKED MOTOR VEHICLE,NOT DIVIDED,NO CONTROLS,DRIVING SKILLS/KNOWLEDGE/EXPERIENCE,DRIVING SKILLS/KNOWLEDGE/EXPERIENCE,0,0,1,1,19,6,2,1453,CALIFORNIA AVE,41.984536,-87.669381,02/26/2016 08:42:00 PM,2016
CR00021580,10/23/2018 03:23:00 PM,35,CLEAR,DARKNESS - LIGHTED ROAD,ANGLE,DIVIDED - W/MEDIAN BARRIER,NO CONTROLS,FAILING TO REDUCE SPEED,FOLLOWING TOO CLOSELY,0,0,2,2,15,3,10,1539,CLARK ST,41.726629,-87.82463,10/23/2018 03:25:00 PM,2018
CR00021581,07/28/2022 07:36:00 AM,25,CLEAR,DAYLIGHT,REAR END,T-INTERSECTION,TRAFFIC SIGNAL,FAILING TO REDUCE SPEED,FOLLOWING TOO CLOSELY,0,0,0,0,7,5,7,1333,OGDEN AVE,41.7031,-87.813701,07/28/2022 09:36:00 AM,2022
CR00021582,04/12/2023 08:18:00 PM,40,SNOW,DARKNESS - LIGHTED ROAD,TURNING,DIVIDED - W/MEDIAN BARRIER,TRAFFIC SIGNAL,UNABLE TO DETERMINE,DISREGARDING TRAFFIC SIGNALS,0,0,0,0,20,4,4,1213,47TH ST,41.734367,-87.790842,04/12/2023 08:43:00 PM,2023
CR00021583,11/26/2020 11:09:00 PM,35,CLEAR,DAYLIGHT,TURNING,ONE-WAY,NO CONTROLS,FAILING TO YIELD RIGHT-OF-WAY,DISTRACTION - FROM INSIDE VEHICLE,0,0,0,0,23,5,11,1689,ARCHER AVE,41.952289,-87.723984,11/26/2020 11:54:00 PM,2020
CR00021584,10/21/2021 09:19:00 AM,40,CLEAR,DAYLIGHT,ANGLE,DIVIDED - W/MEDIAN (NOT RAISED),TRAFFIC SIGNAL,DISTRACTION - FROM INSIDE VEHICLE,UNABLE TO DETERMINE,0,0,0,0,9,5,10,1856,KEDZIE AVE,41.965136,-87.744892,10/21/2021 11:18:00 AM,2021
CR00021585,03/24/2016 04:49:00 PM,35,CLEAR,DAYLIGHT,PEDESTRIAN,DIVIDED - W/MEDIAN (NOT RAISED),STOP SIGN/FLASHER,DISTRACTION - FROM INSIDE VEHICLE,FAILING TO REDUCE SPEED,0,0,1,1,16,5,3,763,LAKE SHORE DR,41.759127,-87.583732,03/24/2016 06:30:00 PM,2016
CR00021586,12/02/2023 07:04:00 PM,45,CLEAR,DAYLIGHT,ANGLE,T-INTERSECTION,TRAFFIC SIGNAL,FOLLOWING TOO CLOSELY,FOLLOWING TOO CLOSELY,0,0,0,0,19,7,12,1049,OGDEN AVE,41.988668,-87.722421,12/02/2023 08:47:00 PM,2023
CR00021587,05/04/2022 10:45:00 AM,30,FREEZING RAIN/DRIZZLE,DARKNESS - LIGHTED ROAD,SIDESWIPE SAME DIRECTION,FOUR WAY,UNKNOWN,FOLLOWING TOO CLOSELY,FAILING TO YIELD RIGHT-OF-WAY,0,0,0,0,10,4,5,250,CLARK ST,41.858891,-87.683415,05/04/2022 10:51:00 AM,2022
CR00021588,09/06/2022 09:09:00 AM,45,CLEAR,DARKNESS - LIGHTED ROAD,ANGLE,DIVIDED - W/MEDIAN (NOT RAISED),NO CONTROLS,FOLLOWING TOO CLOSELY,DISTRACTION - FROM INSIDE VEHICLE,0,0,0,0,9,3,9,2149,DAMEN AVE,41.92139,-87.531607,09/06/2022 09:41:00 AM,2022
CR00021589,02/21/2020 03:43:00 PM,35,CLEAR,DAYLIGHT,PARKED MOTOR VEHICLE,NOT DIVIDED,NO CONTROLS,IMPROPER OVERTAKING/PASSING,UNABLE TO DETERMINE,0,0,0,0,15,6,2,675,PULASKI RD,41.828031,-87.61539,02/21/2020 05:32:00 PM,2020
CR00021590,05/25/2020 02:21:00 PM,40,RAIN,DAYLIGHT,TURNING,DIVIDED - W/MEDIAN (NOT RAISED),NO CONTROLS,UNABLE TO DETERMINE,UNABLE TO DETERMINE,0,0,0,0,14,2,5,1358,ELSTON AVE,41.878586,-87.688345,05/25/2020 02:50:00 PM,2020
CR00021591,06/17/2017 12:55:00 PM,25,CLEAR,DAYLIGHT,REAR TO FRONT,NOT DIVIDED,PEDESTRIAN CROSSING SIGN,UNABLE TO DETERMINE,UNABLE TO DETERMINE,0,0,0,0,12,7,6,367,CLARK ST,41.943274,-87.644,06/17/2017 02:39:00 PM,2017
CR00021592,05/17/2022 06:06:00 PM,35,CLEAR,DARKNESS,TURNING,NOT DIVIDED,UNKNOWN,UNABLE TO DETERMINE,IMPROPER OVERTAKING/PASSING,0,0,0,0,18,3,5,718,IRVING PARK RD,41.739438,-87.779233,05/17/2022 08:04:00 PM,2022
CR00021593,10/02/2022 02:27:00 PM,30,CLEAR,DAYLIGHT,PEDESTRIAN,NOT DIVIDED,UNKNOWN,FAILING TO YIELD RIGHT-OF-WAY,FAILING TO YIELD RIGHT-OF-WAY,0,0,0,0,14,1,10,2181,KEDZIE AVE,41.992208,-87.752447,10/02/2022 04:12:00 PM,2022
CR00021594,09/24/2022 01:57:00 AM,40,RAIN,DAYLIGHT,SIDESWIPE SAME DIRECTION,DIVIDED - W/MEDIAN (NOT RAISED),NO CONTROLS,DISTRACTION - FROM INSIDE VEHICLE,DISTRACTION - FROM INSIDE VEHICLE,0,0,0,0,1,7,9,597,HALSTED ST,41.908527,-87.564374,09/24/2022 02:18:00 AM,2022
CR00021595,06/17/2019 11:15:00 AM,30,CLEAR,DAYLIGHT,REAR END,NOT DIVIDED,STOP SIGN/FLASHER,DRIVING SKILLS/KNOWLEDGE/EXPERIENCE,NOT APPLICABLE,0,0,3,3,11,2,6,1267,HALSTED ST,41.85412,-87.620167,06/17/2019 11:41:00 AM,2019
CR00021596,10/16/2024 12:46:00 PM,30,RAIN,DAYLIGHT,TURNING,NOT DIVIDED,TRAFFIC SIGNAL,DISREGARDING TRAFFIC SIGNALS,UNABLE TO DETERMINE,0,0,0,0,12,4,10,527,ELSTON AVE,41.798584,-87.526883,10/16/2024 01:42:00 PM,2024
CR00021597,02/01/2022 01:16:00 PM,30,CLEAR,DAYLIGHT,PEDESTRIAN,DIVIDED - W/MEDIAN (NOT RAISED),STOP SIGN/FLASHER,FOLLOWING TOO CLOSELY,IMPROPER OVERTAKING/PASSING,0,0,0,0,13,3,2,972,BROADWAY,41.818989,-87.823095,02/01/2022 01:57:00 PM,2022
CR00021598,05/18/2017 06:10:00 PM,30,CLEAR,DAYLIGHT,PARKED MOTOR VEHICLE,ONE-WAY,NO CONTROLS,UNABLE TO DETERMINE,DRIVING SKILLS/KNOWLEDGE/EXPERIENCE,0,0,0,0,18,5,5,130,CALIFORNIA AVE,41.887813,-87.795247,05/18/2017 06:30:00 PM,2017
CR00021599,02/22/2017 05:52:00 PM,15,CLEAR,DAYLIGHT,REAR END,NOT DIVIDED,NO CONTROLS,UNABLE TO DETERMINE,FAILING TO YIELD RIGHT-OF-WAY,0,0,0,0,17,4,2,1303,FULLERTON AVE,41.741043,-87.677401,02/22/2017 06:45:00 PM,2017
CR00021600,04/22/2023 08:35:00 PM,30,CLEAR,DAYLIGHT,FIXED OBJECT,DIVIDED - W/MEDIAN BARRIER,TRAFFIC SIGNAL,UNABLE TO DETERMINE,NOT APPLICABLE,0,0,0,0,20,7,4,2376,IRVING PARK RD,41.858433,-87.715511,04/22/2023 10:11:00 PM,2023
CR00021601,03/27/2024 07:38:00 AM,15,CLEAR,DAYLIGHT,REAR END,NOT DIVIDED,NO CONTROLS,UNABLE TO DETERMINE,FAILING TO REDUCE SPEED,0,0,0,0,7,4,3,1486,KEDZIE AVE,41.825506,-87.538787,03/27/2024 08:17:00 AM,2024
CR00021602,06/08/2017 07:08:00 PM,45,CLEAR,DAYLIGHT,REAR TO FRONT,ONE-WAY,NO CONTROLS,FAILING TO YIELD RIGHT-OF-WAY,UNABLE TO DETERMINE,0,0,0,0,19,5,6,1952,STATE ST,41.759457,-87.658037,06/08/2017 07:27:00 PM,2017
CR00021603,05/26/2022 07:59:00 AM,35,CLEAR,DARKNESS - LIGHTED ROAD,REAR TO FRONT,NOT DIVIDED,NO CONTROLS,FAILING TO YIELD RIGHT-OF-WAY,DISREGARDING TRAFFIC SIGNALS,0,0,0,0,7,5,5,1009,FULLERTON AVE,41.877401,-87.517947,05/26/2022 08:20:00 AM,2022
CR00021604,06/04/2018 12:30:00 PM,35,SNOW,DUSK,TURNING,FOUR WAY,NO CONTROLS,FOLLOWING TOO CLOSELY,UNABLE TO DETERMINE,0,0,3,3,12,2,6,1478,DIVISION ST,41.796385,-87.768588,06/04/2018 12:57:00 PM,2018
CR00021605,09/01/2019 05:41:00 PM,35,RAIN,DARKNESS - LIGHTED ROAD,PARKED MOTOR VEHICLE,DIVIDED - W/MEDIAN (NOT RAISED),STOP SIGN/FLASHER,WEATHER,DISTRACTION - FROM INSIDE VEHICLE,0,0,0,0,17,1,9,1113,ARCHER AVE,41.820959,-87.638419,09/01/2019 07:08:00 PM,2019
CR00021606,12/22/2018 01:12:00 PM,30,CLEAR,DAYLIGHT,SIDESWIPE SAME DIRECTION,DIVIDED - W/MEDIAN (NOT RAISED),TRAFFIC SIGNAL,UNABLE TO DETERMINE,IMPROPER OVERTAKING/PASSING,0,0,0,0,13,7,12,1340,47TH ST,41.95392,-87.517266,12/22/2018 01:54:00 PM,2018
CR00021607,06/15/2023 03:11:00 PM,40,CLEAR,DAYLIGHT,PEDESTRIAN,DIVIDED - W/MEDIAN (NOT RAISED),UNKNOWN,UNABLE TO DETERMINE,DISREGARDING TRAFFIC SIGNALS,0,0,0,0,15,5,6,2406,79TH ST,41.807779,-87.751108,06/15/2023 03:38:00 PM,2023
CR00021608,10/05/2019 12:57:00 PM,40,CLEAR,DAYLIGHT,ANGLE,FOUR WAY,NO CONTROLS,UNABLE TO DETERMINE,FAILING TO REDUCE SPEED,0,0,0,0,12,7,10,445,CICERO AVE,41.862809,-87.809703,10/05/2019 02:15:00 PM,2019
CR00021609,07/13/2023 01:49:00 AM,30,CLEAR,DAYLIGHT,ANGLE,NOT DIVIDED,TRAFFIC SIGNAL,FOLLOWING TOO CLOSELY,UNABLE TO DETERMINE,0,0,2,2,1,5,7,532,HALSTED ST,41.763077,-87.596812,07/13/2023 03:45:00 AM,2023
CR00021610,07/16/2018 06:49:00 PM,40,CLEAR,DAYLIGHT,REAR TO FRONT,ONE-WAY,STOP SIGN/FLASHER,IMPROPER OVERTAKING/PASSING,FOLLOWING TOO CLOSELY,0,0,0,0,18,2,7,450,ARCHER AVE,41.751841,-87.60874,07/16/2018 08:31:00 PM,2018
CR00021611,05/24/2018 10:19:00 PM,30,CLEAR,DARKNESS - LIGHTED ROAD,REAR END,NOT DIVIDED,NO CONTROLS,UNABLE TO DETERMINE,NOT APPLICABLE,0,0,0,0,22,5,5,1093,MICHIGAN AVE,41.916258,-87.526632,05/24/2018 11:24:00 PM,2018
CR00021612,12/17/2018 06:08:00 PM,45,CLEAR,DAWN,REAR END,NOT DIVIDED,NO CONTROLS,UNABLE TO DETERMINE,NOT APPLICABLE,0,0,0,0,18,2,12,493,79TH ST,41.995801,-87.829922,12/17/2018 07:26:00 PM,2018
CR00021613,06/29/2019 05:00:00 PM,30,CLEAR,DARKNESS - LIGHTED ROAD,FIXED OBJECT,DIVIDED - W/MEDIAN (NOT RAISED),STOP SIGN/FLASHER,UNABLE TO DETERMINE,IMPROPER OVERTAKING/PASSING,0,0,0,0,17,7,6,2110,ELSTON AVE,41.786103,-87.766996,06/29/2019 06:15:00 PM,2019
CR00021614,06/30/2016 05:33:00 PM,35,CLEAR,DAYLIGHT,TURNING,ONE-WAY,NO CONTROLS,UNABLE TO DETERMINE,FAILING TO YIELD RIGHT-OF-WAY,0,0,0,0,17,5,6,775,CICERO AVE,41.896883,-87.666036,06/30/2016 07:30:00 PM,2016
CR00021615,08/21/2023 08:18:00 AM,30,CLEAR,DAYLIGHT,ANGLE,NOT DIVIDED,TRAFFIC SIGNAL,DISREGARDING TRAFFIC SIGNALS,DISTRACTION - FROM INSIDE VEHICLE,0,0,0,0,8,2,8,2017,CLARK ST,41.814924,-87.725226,08/21/2023 09:31:00 AM,2023
CR00021616,05/19/2016 12:52:00 AM,15,CLEAR,DAYLIGHT,ANGLE,DIVIDED - W/MEDIAN (NOT RAISED),STOP SIGN/FLASHER,FAILING TO YIELD RIGHT-OF-WAY,DISREGARDING TRAFFIC SIGNALS,0,0,0,0,0,5,5,1599,ELSTON AVE,41.878328,-87.676365,05/19/2016 02:26:00 AM,2016
CR00021617,08/13/2021 04:17:00 PM,30,CLEAR,DAYLIGHT,REAR END,DIVIDED - W/MEDIAN (NOT RAISED),NO CONTROLS,DRIVING SKILLS/KNOWLEDGE/EXPERIENCE,DRIVING SKILLS/KNOWLEDGE/EXPERIENCE,0,0,0,0,16,6,8,366,STATE ST,41.818414,-87.578281,08/13/2021 06:00:00 PM,2021
CR00021618,03/26/2015 08:46:00 PM,30,CLEAR,DAYLIGHT,PARKED MOTOR VEHICLE,NOT DIVIDED,TRAFFIC SIGNAL,DISTRACTION - FROM INSIDE VEHICLE,FOLLOWING TOO CLOSELY,0,0,0,0,20,5,3,1671,BROADWAY,41.881106,-87.505653,03/26/2015 09:55:00 PM,2015
CR00021619,10/02/2022 11:15:00 AM,30,SNOW,DUSK,REAR END,DIVIDED - W/MEDIAN BARRIER,PEDESTRIAN CROSSING SIGN,IMPROPER OVERTAKING/PASSING,UNABLE TO DETERMINE,0,0,0,0,11,1,10,2350,CICERO AVE,41.920461,-87.648987,10/02/2022 11:20:00 AM,2022
CR00021620,04/09/2020 09:02:00 AM,30,CLEAR,DAYLIGHT,SIDESWIPE SAME DIRECTION,NOT DIVIDED,TRAFFIC SIGNAL,WEATHER,NOT APPLICABLE,0,0,0,0,9,5,4,793,MICHIGAN AVE,41.91605,-87.64981,04/09/2020 09:48:00 AM,2020
CR00021621,04/29/2022 05:08:00 PM,30,CLEAR,DUSK,REAR TO FRONT,NOT DIVIDED,NO CONTROLS,UNABLE TO DETERMINE,DRIVING SKILLS/KNOWLEDGE/EXPERIENCE,0,0,0,0,17,6,4,1571,CICERO AVE,41.767679,-87.790691,04/29/2022 06:59:00 PM,2022
CR00021622,06/19/2022 02:18:00 AM,30,CLEAR,DAWN,FIXED OBJECT,DIVIDED - W/MEDIAN (NOT RAISED),TRAFFIC SIGNAL,IMPROPER OVERTAKING/PASSING,DISREGARDING TRAFFIC SIGNALS,0,0,0,0,2,1,6,2529,DIVISION ST,41.766106,-87.661304,06/19/2022 02:34:00 AM,2022
CR00021623,04/19/2023 06:23:00 PM,20,CLEAR,DAYLIGHT,TURNING,DIVIDED - W/MEDIAN (NOT RAISED),TRAFFIC SIGNAL,FAILING TO YIELD RIGHT-OF-WAY,NOT APPLICABLE,0,0,1,1,18,4,4,1287,KEDZIE AVE,41.932568,-87.783662,04/19/2023 08:23:00 PM,2023
CR00021624,02/24/2022 11:58:00 PM,15,FREEZING RAIN/DRIZZLE,DAYLIGHT,PEDESTRIAN,FOUR WAY,NO CONTROLS,FOLLOWING TOO CLOSELY,NOT APPLICABLE,0,0,0,0,23,5,2,1494,CICERO AVE,41.736689,-87.791506,02/25/2022 12:20:00 AM,2022
CR00021625,09/22/2018 08:25:00 AM,35,CLEAR,DARKNESS,REAR END,ONE-WAY,NO CONTROLS,FAILING TO YIELD RIGHT-OF-WAY,UNABLE TO DETERMINE,0,0,0,0,8,7,9,2409,STATE ST,41.738466,-87.69858,09/22/2018 08:44:00 AM,2018
CR00021626,10/03/2021 03:35:00 PM,25,SNOW,DAYLIGHT,REAR END,NOT DIVIDED,NO CONTROLS,FAILING TO YIELD RIGHT-OF-WAY,UNABLE TO DETERMINE,0,0,0,0,15,1,10,259,HALSTED ST,41.746618,-87.568149,10/03/2021 04:02:00 PM,2021
CR00021627,04/01/2019 04:33:00 PM,30,CLEAR,DARKNESS,TURNING,NOT DIVIDED,TRAFFIC SIGNAL,DISREGARDING TRAFFIC SIGNALS,FOLLOWING TOO CLOSELY,0,0,1,1,16,2,4,500,WESTERN AVE,41.722429,-87.517279,04/01/2019 06:18:00 PM,2019
CR00021628,02/28/2019 08:26:00 PM,40,CLEAR,DAWN,REAR TO FRONT,ONE-WAY,NO CONTROLS,UNABLE TO DETERMINE,DISTRACTION - FROM INSIDE VEHICLE,0,0,0,0,20,5,2,1891,FULLERTON AVE,41.866066,-87.846133,02/28/2019 09:01:00 PM,2019
CR00021629,11/07/2020 08:49:00 AM,35,SNOW,DAYLIGHT,REAR END,NOT DIVIDED,NO CONTROLS,UNABLE TO DETERMINE,UNABLE TO DETERMINE,0,0,0,0,8,7,11,1861,63RD ST,41.812501,-87.832911,11/07/2020 09:48:00 AM,2020
CR00021630,10/29/2022 11:55:00 AM,30,CLOUDY/OVERCAST,DAYLIGHT,TURNING,NOT DIVIDED,NO CONTROLS,FOLLOWING TOO CLOSELY,FAILING TO YIELD RIGHT-OF-WAY,0,0,0,0,11,7,10,2438,CICERO AVE,41.765373,-87.523126,10/29/2022 12:52:00 PM,2022
CR00021631,06/17/2019 06:58:00 PM,25,CLEAR,DARKNESS - LIGHTED ROAD,SIDESWIPE SAME DIRECTION,DIVIDED - W/MEDIAN BARRIER,NO CONTROLS,FAILING TO REDUCE SPEED,FAILING TO YIELD RIGHT-OF-WAY,0,0,0,0,18,2,6,219,KEDZIE AVE,41.969752,-87.5271,06/17/2019 07:09:00 PM,2019
CR00021632,02/07/2024 08:40:00 AM,35,CLEAR,DARKNESS - LIGHTED ROAD,SIDESWIPE SAME DIRECTION,DIVIDED - W/MEDIAN (NOT RAISED),TRAFFIC SIGNAL,UNABLE TO DETERMINE,FOLLOWING TOO CLOSELY,0,0,3,3,8,4,2,1917,WESTERN AVE,41.909041,-87.743249,02/07/2024 08:43:00 AM,2024
CR00021633,02/28/2018 08:44:00 AM,40,SNOW,DAYLIGHT,REAR END,DIVIDED - W/MEDIAN (NOT RAISED),TRAFFIC SIGNAL,UNABLE TO DETERMINE,NOT APPLICABLE,0,0,0,0,8,4,2,1613,79TH ST,41.989344,-87.597246,02/28/2018 09:10:00 AM,2018
CR00021634,10/26/2019 03:21:00 AM,20,CLEAR,DAYLIGHT,ANGLE,NOT DIVIDED,NO CONTROLS,UNABLE TO DETERMINE,UNABLE TO DETERMINE,0,0,0,0,3,7,10,346,CICERO AVE,41.732509,-87.721525,10/26/2019 04:33:00 AM,2019
CR00021635,06/08/2017 04:41:00 PM,25,RAIN,DARKNESS - LIGHTED ROAD,REAR END,NOT DIVIDED,TRAFFIC SIGNAL,DRIVING SKILLS/KNOWLEDGE/EXPERIENCE,UNABLE TO DETERMINE,0,0,0,0,16,5,6,1462,ROOSEVELT RD,41.812463,-87.783544,06/08/2017 06:00:00 PM,2017
CR00021636,02/03/2015 11:39:00 AM,30,CLEAR,DAYLIGHT,TURNING,DIVIDED - W/MEDIAN (NOT RAISED),TRAFFIC SIGNAL,FOLLOWING TOO CLOSELY,FOLLOWING TOO CLOSELY,0,0,0,0,11,3,2,545,PULASKI RD,41.914817,-87.536614,02/03/2015 12:33:00 PM,2015
CR00021637,12/21/2016 10:53:00 AM,40,CLEAR,DAYLIGHT,SIDESWIPE SAME DIRECTION,FOUR WAY,UNKNOWN,FAILING TO YIELD RIGHT-OF-WAY,WEATHER,0,0,0,0,10,4,12,1947,MICHIGAN AVE,41.855715,-87.567245,12/21/2016 11:24:00 AM,2016
CR00021638,05/13/2016 04:29:00 AM,25,SNOW,DAYLIGHT,TURNING,NOT DIVIDED,TRAFFIC SIGNAL,UNABLE TO DETERMINE,NOT APPLICABLE,0,0,0,0,4,6,5,581,79TH ST,41.749679,-87.713706,05/13/2016 05:32:00 AM,2016
CR00021639,11/29/2017 02:46:00 PM,45,CLEAR,DAYLIGHT,PARKED MOTOR VEHICLE,NOT DIVIDED,NO CONTROLS,DISTRACTION - FROM INSIDE VEHICLE,UNABLE TO DETERMINE,0,0,0,0,14,4,11,450,ARCHER AVE,41.949122,-87.815578,11/29/2017 03:56:00 PM,2017
CR00021640,04/04/2016 03:58:00 PM,15,CLEAR,DAYLIGHT,SIDESWIPE SAME DIRECTION,ONE-WAY,NO CONTROLS,DRIVING SKILLS/KNOWLEDGE/EXPERIENCE,NOT APPLICABLE,0,0,1,1,15,2,4,1393,MICHIGAN AVE,41.797393,-87.753543,04/04/2016 04:00:00 PM,2016
CR00021641,06/18/2022 08:33:00 PM,15,RAIN,DAYLIGHT,REAR TO FRONT,NOT DIVIDED,STOP SIGN/FLASHER,DISTRACTION - FROM INSIDE VEHICLE,UNABLE TO DETERMINE,0,0,0,0,20,7,6,578,MILWAUKEE AVE,41.779082,-87.699854,06/18/2022 08:44:00 PM,2022
CR00021642,05/11/2018 05:55:00 PM,35,CLEAR,DARKNESS,REAR TO FRONT,FOUR WAY,TRAFFIC SIGNAL,WEATHER,FAILING TO YIELD RIGHT-OF-WAY,0,0,0,0,17,6,5,687,ASHLAND AVE,41.867914,-87.778552,05/11/2018 06:54:00 PM,2018