CRASH_RECORD_ID,CRASH_DATE,POSTED_SPEED_LIMIT,WEATHER_CONDITION,LIGHTING_CONDITION,FIRST_CRASH_TYPE,TRAFFICWAY_TYPE,TRAFFIC_CONTROL_DEVICE,PRIM_CONTRIBUTORY_CAUSE,SEC_CONTRIBUTORY_CAUSE,INJURIES_FATAL,INJURIES_INCAPACITATING,INJURIES_NON_INCAPACITATING,INJURIES_TOTAL,CRASH_HOUR,CRASH_DAY_OF_WEEK,CRASH_MONTH,BEAT_OF_OCCURRENCE,STREET_NAME,LATITUDE,LONGITUDE,DATE_POLICE_NOTIFIED,year
CR00021643,06/26/2018 11:09:00 PM,20,CLOUDY/OVERCAST,DAYLIGHT,SIDESWIPE SAME DIRECTION,ONE-WAY,NO CONTROLS,UNABLE TO DETERMINE,NOT APPLICABLE,0,0,0,0,23,3,6,496,MICHIGAN AVE,41.736752,-87.62226,06/27/2018 12:18:00 AM,2018
CR00021644,12/26/2024 04:23:00 PM,35,FOG/SMOKE/HAZE,DAYLIGHT,ANGLE,DIVIDED - W/MEDIAN (NOT RAISED),TRAFFIC SIGNAL,UNABLE TO DETERMINE,FAILING TO REDUCE SPEED,0,0,0,0,16,5,12,691,MILWAUKEE AVE,41.828296,-87.748677,12/26/2024 05:57:00 PM,2024
CR00021645,09/14/2020 03:44:00 PM,35,CLEAR,DARKNESS - LIGHTED ROAD,TURNING,NOT DIVIDED,NO CONTROLS,IMPROPER LANE USAGE,NOT APPLICABLE,0,0,0,0,15,2,9,1132,WESTERN AVE,41.718581,-87.539768,09/14/2020 04:19:00 PM,2020
CR00021646,06/02/2022 07:30:00 AM,35,CLEAR,DAYLIGHT,ANGLE,NOT DIVIDED,NO CONTROLS,IMPROPER OVERTAKING/PASSING,IMPROPER OVERTAKING/PASSING,0,0,0,0,7,5,6,2137,ASHLAND AVE,41.832934,-87.803655,06/02/2022 07:45:00 AM,2022
CR00021647,02/13/2022 08:36:00 AM,25,CLEAR,DAYLIGHT,TURNING,DIVIDED - W/MEDIAN (NOT RAISED),NO CONTROLS,FAILING TO REDUCE SPEED,FOLLOWING TOO CLOSELY,0,0,0,0,8,1,2,604,ASHLAND AVE,41.792237,-87.785227,02/13/2022 10:10:00 AM,2022
CR00021648,06/03/2015 11:12:00 AM,35,CLEAR,DARKNESS,FIXED OBJECT,DIVIDED - W/MEDIAN BARRIER,TRAFFIC SIGNAL,IMPROPER OVERTAKING/PASSING,IMPROPER OVERTAKING/PASSING,0,0,1,1,11,4,6,2203,CALIFORNIA AVE,41.908817,-87.813734,06/03/2015 12:23:00 PM,2015
CR00021649,05/29/2015 04:32:00 PM,45,CLEAR,DAYLIGHT,ANGLE,NOT DIVIDED,STOP SIGN/FLASHER,UNABLE TO DETERMINE,FOLLOWING TOO CLOSELY,0,0,0,0,16,6,5,1812,ARCHER AVE,41.704156,-87.603063,05/29/2015 06:19:00 PM,2015
CR00021650,11/07/2022 10:48:00 AM,30,CLEAR,DARKNESS - LIGHTED ROAD,REAR END,DIVIDED - W/MEDIAN BARRIER,TRAFFIC SIGNAL,IMPROPER LANE USAGE,DRIVING SKILLS/KNOWLEDGE/EXPERIENCE,0,0,0,0,10,2,11,1072,CLARK ST,41.92721,-87.751324,11/07/2022 11:46:00 AM,2022
CR00021651,04/04/2017 07:03:00 AM,30,CLEAR,DARKNESS - LIGHTED ROAD,PARKED MOTOR VEHICLE,NOT DIVIDED,STOP SIGN/FLASHER,UNABLE TO DETERMINE,DRIVING SKILLS/KNOWLEDGE/EXPERIENCE,0,0,1,1,7,3,4,2389,STONY ISLAND AVE,41.889512,-87.519589,04/04/2017 07:54:00 AM,2017
CR00021652,05/20/2018 02:42:00 AM,30,CLEAR,DAYLIGHT,REAR END,NOT DIVIDED,TRAFFIC SIGNAL,WEATHER,DRIVING SKILLS/KNOWLEDGE/EXPERIENCE,0,0,0,0,2,1,5,732,DAMEN AVE,41.891799,-87.527953,05/20/2018 04:15:00 AM,2018
CR00021653,12/20/2016 04:48:00 PM,25,CLEAR,DAYLIGHT,ANGLE,NOT DIVIDED,NO CONTROLS,DRIVING SKILLS/KNOWLEDGE/EXPERIENCE,UNABLE TO DETERMINE,0,0,0,0,16,3,12,1267,PULASKI RD,41.815648,-87.518741,12/20/2016 05:39:00 PM,2016
CR00021654,04/06/2021 03:39:00 AM,25,CLEAR,DAYLIGHT,REAR END,FOUR WAY,NO CONTROLS,FAILING TO YIELD RIGHT-OF-WAY,FAILING TO YIELD RIGHT-OF-WAY,0,0,0,0,3,3,4,1197,FULLERTON AVE,41.795382,-87.50933,04/06/2021 05:12:00 AM,2021
CR00021655,04/01/2019 01:44:00 PM,45,CLEAR,DARKNESS - LIGHTED ROAD,SIDESWIPE SAME DIRECTION,NOT DIVIDED,TRAFFIC SIGNAL,FAILING TO REDUCE SPEED,NOT APPLICABLE,0,0,1,1,13,2,4,2162,STONY ISLAND AVE,41.703549,-87.819177,04/01/2019 02:47:00 PM,2019
CR00021656,05/18/2015 09:08:00 AM,40,CLEAR,DUSK,PARKED MOTOR VEHICLE,NOT DIVIDED,TRAFFIC SIGNAL,IMPROPER OVERTAKING/PASSING,FOLLOWING TOO CLOSELY,0,0,0,0,9,2,5,1731,79TH ST,41.811172,-87.644075,05/18/2015 09:35:00 AM,2015
CR00021657,09/06/2015 09:08:00 AM,35,RAIN,DAYLIGHT,TURNING,NOT DIVIDED,NO CONTROLS,UNABLE TO DETERMINE,FAILING TO YIELD RIGHT-OF-WAY,0,0,2,2,9,1,9,432,KEDZIE AVE,41.99515,-87.538585,09/06/2015 11:05:00 AM,2015
CR00021658,06/25/2022 01:24:00 AM,30,RAIN,DAWN,REAR TO FRONT,DIVIDED - W/MEDIAN (NOT RAISED),NO CONTROLS,UNABLE TO DETERMINE,UNABLE TO DETERMINE,0,1,3,4,1,7,6,1447,KEDZIE AVE,41.702287,-87.834987,06/25/2022 03:01:00 AM,2022
CR00021659,06/11/2015 10:01:00 AM,30,CLEAR,DAYLIGHT,REAR END,DIVIDED - W/MEDIAN BARRIER,NO CONTROLS,DISREGARDING TRAFFIC SIGNALS,DRIVING SKILLS/KNOWLEDGE/EXPERIENCE,0,0,0,0,10,5,6,609,ARCHER AVE,41.94788,-87.733496,06/11/2015 10:24:00 AM,2015
CR00021660,12/15/2024 07:36:00 AM,20,CLEAR,DAYLIGHT,SIDESWIPE SAME DIRECTION,FOUR WAY,UNKNOWN,FOLLOWING TOO CLOSELY,UNABLE TO DETERMINE,0,0,0,0,7,1,12,1336,63RD ST,41.799284,-87.727795,12/15/2024 08:36:00 AM,2024
CR00021661,08/23/2021 07:53:00 AM,40,CLEAR,DAYLIGHT,REAR END,NOT DIVIDED,UNKNOWN,FOLLOWING TOO CLOSELY,WEATHER,0,0,0,0,7,2,8,325,PULASKI RD,41.82468,-87.807607,08/23/2021 08:46:00 AM,2021
CR00021662,06/08/2024 08:58:00 PM,15,CLOUDY/OVERCAST,DAYLIGHT,SIDESWIPE SAME DIRECTION,T-INTERSECTION,NO CONTROLS,FAILING TO REDUCE SPEED,FOLLOWING TOO CLOSELY,0,0,0,0,20,7,6,214,CALIFORNIA AVE,41.961797,-87.790402,06/08/2024 10:07:00 PM,2024
CR00021663,06/27/2024 03:27:00 PM,30,CLEAR,DAYLIGHT,TURNING,ONE-WAY,STOP SIGN/FLASHER,IMPROPER OVERTAKING/PASSING,FAILING TO YIELD RIGHT-OF-WAY,0,0,0,0,15,5,6,1491,DIVISION ST,41.861048,-87.796394,06/27/2024 05:16:00 PM,2024
CR00021664,08/07/2024 06:53:00 PM,35,CLEAR,DAYLIGHT,REAR TO FRONT,NOT DIVIDED,TRAFFIC SIGNAL,UNABLE TO DETERMINE,IMPROPER LANE USAGE,0,0,0,0,18,4,8,1555,PULASKI RD,41.741762,-87.644424,08/07/2024 08:07:00 PM,2024
CR00021665,06/14/2020 10:43:00 AM,15,RAIN,DAYLIGHT,TURNING,FOUR WAY,TRAFFIC SIGNAL,UNABLE TO DETERMINE,UNABLE TO DETERMINE,0,0,0,0,10,1,6,2185,STATE ST,41.887897,-87.772913,06/14/2020 11:57:00 AM,2020
CR00021666,10/11/2021 07:17:00 AM,30,CLEAR,DARKNESS,TURNING,T-INTERSECTION,TRAFFIC SIGNAL,FAILING TO YIELD RIGHT-OF-WAY,UNABLE TO DETERMINE,0,0,2,2,7,2,10,463,ASHLAND AVE,41.972769,-87.619699,10/11/2021 09:05:00 AM,2021
CR00021667,06/15/2018 02:20:00 PM,40,CLEAR,DAYLIGHT,TURNING,NOT DIVIDED,NO CONTROLS,DRIVING SKILLS/KNOWLEDGE/EXPERIENCE,IMPROPER LANE USAGE,0,0,0,0,14,6,6,421,CICERO AVE,41.86487,-87.613036,06/15/2018 03:00:00 PM,2018
CR00021668,08/14/2020 08:10:00 PM,25,CLEAR,DAYLIGHT,ANGLE,NOT DIVIDED,NO CONTROLS,IMPROPER LANE USAGE,DRIVING SKILLS/KNOWLEDGE/EXPERIENCE,0,0,1,1,20,6,8,974,FULLERTON AVE,41.912827,-87.712986,08/14/2020 09:55:00 PM,2020
CR00021669,01/09/2024 05:37:00 PM,35,CLEAR,DAYLIGHT,PARKED MOTOR VEHICLE,ONE-WAY,STOP SIGN/FLASHER,IMPROPER OVERTAKING/PASSING,WEATHER,0,0,0,0,17,3,1,2268,79TH ST,41.701809,-87.536685,01/09/2024 06:01:00 PM,2024
CR00021670,09/24/2018 07:54:00 PM,30,RAIN,DARKNESS - LIGHTED ROAD,PARKED MOTOR VEHICLE,NOT DIVIDED,TRAFFIC SIGNAL,FAILING TO YIELD RIGHT-OF-WAY,UNABLE TO DETERMINE,0,0,0,0,19,2,9,1471,LAKE SHORE DR,41.976483,-87.652719,09/24/2018 09:47:00 PM,2018
CR00021671,01/09/2021 04:16:00 PM,30,CLEAR,DAYLIGHT,REAR END,T-INTERSECTION,TRAFFIC SIGNAL,UNABLE TO DETERMINE,IMPROPER OVERTAKING/PASSING,0,0,0,0,16,7,1,1338,KEDZIE AVE,41.801237,-87.785416,01/09/2021 05:27:00 PM,2021
CR00021672,02/14/2023 12:51:00 AM,40,CLEAR,DAYLIGHT,ANGLE,NOT DIVIDED,NO CONTROLS,DRIVING SKILLS/KNOWLEDGE/EXPERIENCE,FOLLOWING TOO CLOSELY,0,0,0,0,0,3,2,1689,ELSTON AVE,41.970749,-87.844991,02/14/2023 02:45:00 AM,2023
CR00021673,11/03/2016 02:47:00 PM,30,RAIN,DAYLIGHT,ANGLE,ONE-WAY,NO CONTROLS,WEATHER,WEATHER,0,0,0,0,14,5,11,1810,79TH ST,41.708445,-87.654692,11/03/2016 03:47:00 PM,2016
CR00021674,03/28/2022 12:50:00 PM,45,RAIN,DARKNESS - LIGHTED ROAD,ANGLE,T-INTERSECTION,NO CONTROLS,UNABLE TO DETERMINE,DRIVING SKILLS/KNOWLEDGE/EXPERIENCE,0,0,2,2,12,2,3,607,IRVING PARK RD,41.927738,-87.67735,03/28/2022 01:59:00 PM,2022
CR00021675,10/04/2019 09:42:00 PM,30,CLEAR,DARKNESS - LIGHTED ROAD,FIXED OBJECT,DIVIDED - W/MEDIAN (NOT RAISED),NO CONTROLS,DISTRACTION - FROM INSIDE VEHICLE,DISTRACTION - FROM INSIDE VEHICLE,0,0,0,0,21,6,10,1820,LAKE SHORE DR,41.843112,-87.667384,10/04/2019 10:40:00 PM,2019
CR00021676,12/03/2016 08:53:00 AM,45,CLEAR,DARKNESS - LIGHTED ROAD,PARKED MOTOR VEHICLE,NOT DIVIDED,TRAFFIC SIGNAL,FAILING TO YIELD RIGHT-OF-WAY,NOT APPLICABLE,0,0,0,0,8,7,12,783,KEDZIE AVE,41.911762,-87.609373,12/03/2016 10:25:00 AM,2016
CR00021677,10/20/2016 02:13:00 AM,35,CLOUDY/OVERCAST,DAYLIGHT,PARKED MOTOR VEHICLE,DIVIDED - W/MEDIAN (NOT RAISED),TRAFFIC SIGNAL,DISREGARDING TRAFFIC SIGNALS,UNABLE TO DETERMINE,0,0,1,1,2,5,10,2533,ARCHER AVE,41.726259,-87.52831,10/20/2016 02:49:00 AM,2016
CR00021678,05/30/2019 10:26:00 AM,30,CLEAR,DAYLIGHT,REAR END,NOT DIVIDED,STOP SIGN/FLASHER,DISTRACTION - FROM INSIDE VEHICLE,UNABLE TO DETERMINE,0,0,3,3,10,5,5,1631,MILWAUKEE AVE,41.811496,-87.502187,05/30/2019 10:37:00 AM,2019
CR00021679,10/03/2024 12:06:00 AM,20,CLEAR,DAYLIGHT,SIDESWIPE SAME DIRECTION,FOUR WAY,TRAFFIC SIGNAL,FOLLOWING TOO CLOSELY,UNABLE TO DETERMINE,0,0,0,0,0,5,10,1623,ELSTON AVE,41.715771,-87.705411,10/03/2024 01:44:00 AM,2024
CR00021680,07/21/2022 04:48:00 PM,30,CLEAR,DAYLIGHT,ANGLE,FOUR WAY,TRAFFIC SIGNAL,UNABLE TO DETERMINE,DISREGARDING TRAFFIC SIGNALS,0,0,1,1,16,5,7,1496,ARCHER AVE,41.733172,-87.503645,07/21/2022 05:38:00 PM,2022
CR00021681,05/02/2017 12:54:00 PM,15,CLEAR,DARKNESS - LIGHTED ROAD,PARKED MOTOR VEHICLE,ONE-WAY,TRAFFIC SIGNAL,UNABLE TO DETERMINE,NOT APPLICABLE,0,0,0,0,12,3,5,1687,CICERO AVE,41.703518,-87.60829,05/02/2017 01:00:00 PM,2017
CR00021682,08/15/2018 08:10:00 AM,20,CLOUDY/OVERCAST,DAYLIGHT,TURNING,ONE-WAY,NO CONTROLS,IMPROPER LANE USAGE,NOT APPLICABLE,0,0,0,0,8,4,8,933,KEDZIE AVE,41.732721,-87.724159,08/15/2018 10:03:00 AM,2018
CR00021683,03/22/2018 08:08:00 AM,20,CLEAR,DAYLIGHT,TURNING,DIVIDED - W/MEDIAN (NOT RAISED),NO CONTROLS,IMPROPER LANE USAGE,UNABLE TO DETERMINE,0,0,0,0,8,5,3,1727,IRVING PARK RD,41.870277,-87.849163,03/22/2018 09:33:00 AM,2018
CR00021684,05/31/2021 02:40:00 PM,45,CLEAR,DARKNESS - LIGHTED ROAD,REAR END,FOUR WAY,STOP SIGN/FLASHER,UNABLE TO DETERMINE,FOLLOWING TOO CLOSELY,0,0,1,1,14,2,5,1925,BROADWAY,41.710035,-87.840584,05/31/2021 03:24:00 PM,2021
CR00021685,11/10/2023 11:29:00 AM,40,CLEAR,DAYLIGHT,PARKED MOTOR VEHICLE,ONE-WAY,TRAFFIC SIGNAL,FAILING TO YIELD RIGHT-OF-WAY,NOT APPLICABLE,0,0,0,0,11,6,11,443,OGDEN AVE,41.7644,-87.646293,11/10/2023 11:51:00 AM,2023
CR00021686,11/10/2015 02:44:00 AM,35,CLEAR,DAYLIGHT,ANGLE,NOT DIVIDED,TRAFFIC SIGNAL,DISREGARDING TRAFFIC SIGNALS,IMPROPER OVERTAKING/PASSING,0,0,2,2,2,3,11,1312,STATE ST,41.744272,-87.513772,11/10/2015 04:10:00 AM,2015
CR00021687,01/30/2023 12:42:00 AM,15,CLEAR,DARKNESS,SIDESWIPE SAME DIRECTION,NOT DIVIDED,UNKNOWN,UNABLE TO DETERMINE,NOT APPLICABLE,0,0,0,0,0,2,1,1510,LAKE SHORE DR,41.71205,-87.787064,01/30/2023 01:32:00 AM,2023
CR00021688,11/11/2022 07:25:00 AM,25,CLEAR,DAYLIGHT,PARKED MOTOR VEHICLE,NOT DIVIDED,NO CONTROLS,UNABLE TO DETERMINE,DISREGARDING TRAFFIC SIGNALS,0,0,0,0,7,6,11,1641,WESTERN AVE,41.989769,-87.507863,11/11/2022 09:09:00 AM,2022
CR00021689,09/16/2024 05:07:00 PM,35,CLEAR,DARKNESS,REAR END,DIVIDED - W/MEDIAN BARRIER,STOP SIGN/FLASHER,IMPROPER LANE USAGE,UNABLE TO DETERMINE,0,0,0,0,17,2,9,1157,FULLERTON AVE,41.829951,-87.561033,09/16/2024 05:51:00 PM,2024
CR00021690,04/21/2024 03:52:00 PM,30,CLEAR,DAYLIGHT,REAR END,ONE-WAY,TRAFFIC SIGNAL,UNABLE TO DETERMINE,UNABLE TO DETERMINE,0,0,0,0,15,1,4,639,CALIFORNIA AVE,41.816961,-87.786788,04/21/2024 05:35:00 PM,2024
CR00021691,08/04/2023 12:40:00 AM,35,CLEAR,DARKNESS - LIGHTED ROAD,REAR END,ONE-WAY,NO CONTROLS,FOLLOWING TOO CLOSELY,NOT APPLICABLE,0,0,0,0,0,6,8,1394,79TH ST,41.916081,-87.590032,08/04/2023 02:12:00 AM,2023
CR00021692,04/14/2019 08:36:00 AM,45,CLEAR,DAYLIGHT,REAR END,NOT DIVIDED,STOP SIGN/FLASHER,DRIVING SKILLS/KNOWLEDGE/EXPERIENCE,UNABLE TO DETERMINE,0,0,0,0,8,1,4,1970,79TH ST,41.998693,-87.751396,04/14/2019 09:13:00 AM,2019
CR00021693,01/05/2023 05:39:00 PM,35,RAIN,DAYLIGHT,TURNING,NOT DIVIDED,STOP SIGN/FLASHER,UNABLE TO DETERMINE,DISREGARDING TRAFFIC SIGNALS,0,0,3,3,17,5,1,2104,MILWAUKEE AVE,41.827976,-87.729809,01/05/2023 06:13:00 PM,2023
CR00021694,10/26/2022 10:57:00 AM,30,CLEAR,DAYLIGHT,ANGLE,NOT DIVIDED,STOP SIGN/FLASHER,UNABLE TO DETERMINE,UNABLE TO DETERMINE,0,0,3,3,10,4,10,819,PULASKI RD,41.830882,-87.703918,10/26/2022 12:04:00 PM,2022
CR00021695,01/06/2016 05:58:00 PM,35,CLEAR,DAYLIGHT,SIDESWIPE SAME DIRECTION,ONE-WAY,NO CONTROLS,UNABLE TO DETERMINE,NOT APPLICABLE,0,0,0,0,17,4,1,783,WESTERN AVE,41.837856,-87.590528,01/06/2016 06:24:00 PM,2016
CR00021696,11/22/2019 06:45:00 AM,15,SNOW,DAYLIGHT,FIXED OBJECT,FOUR WAY,NO CONTROLS,UNABLE TO DETERMINE,DISTRACTION - FROM INSIDE VEHICLE,0,1,3,4,6,6,11,245,LAKE SHORE DR,41.910728,-87.755993,11/22/2019 07:35:00 AM,2019
CR00021697,08/17/2015 08:00:00 AM,25,CLEAR,DAYLIGHT,SIDESWIPE SAME DIRECTION,DIVIDED - W/MEDIAN (NOT RAISED),TRAFFIC SIGNAL,WEATHER,UNABLE TO DETERMINE,0,0,0,0,8,2,8,395,STONY ISLAND AVE,41.754623,-87.806625,08/17/2015 09:11:00 AM,2015
CR00021698,08/25/2019 02:15:00 PM,35,CLEAR,DAYLIGHT,ANGLE,ONE-WAY,NO CONTROLS,DRIVING SKILLS/KNOWLEDGE/EXPERIENCE,FOLLOWING TOO CLOSELY,0,0,0,0,14,1,8,835,DIVISION ST,41.85007,-87.691474,08/25/2019 02:46:00 PM,2019
CR00021699,10/19/2020 02:21:00 PM,30,CLEAR,DARKNESS - LIGHTED ROAD,FIXED OBJECT,NOT DIVIDED,STOP SIGN/FLASHER,IMPROPER LANE USAGE,FAILING TO YIELD RIGHT-OF-WAY,0,2,2,4,14,2,10,839,STONY ISLAND AVE,41.840654,-87.540921,10/19/2020 03:17:00 PM,2020
CR00021700,01/02/2016 07:25:00 AM,35,CLEAR,DUSK,TURNING,NOT DIVIDED,TRAFFIC SIGNAL,UNABLE TO DETERMINE,DRIVING SKILLS/KNOWLEDGE/EXPERIENCE,0,0,0,0,7,7,1,1948,79TH ST,41.92084,-87.826338,01/02/2016 08:40:00 AM,2016
CR00021701,08/26/2018 12:22:00 PM,25,CLEAR,DAYLIGHT,ANGLE,NOT DIVIDED,NO CONTROLS,UNABLE TO DETERMINE,FOLLOWING TOO CLOSELY,0,0,0,0,12,1,8,408,CALIFORNIA AVE,41.903103,-87.694062,08/26/2018 12:31:00 PM,2018
CR00021702,01/19/2021 06:53:00 AM,35,CLEAR,DAYLIGHT,TURNING,ONE-WAY,NO CONTROLS,DISREGARDING TRAFFIC SIGNALS,FOLLOWING TOO CLOSELY,0,0,1,1,6,3,1,394,FULLERTON AVE,41.849769,-87.794768,01/19/2021 07:07:00 AM,2021
CR00021703,06/27/2019 03:36:00 PM,35,CLEAR,DARKNESS - LIGHTED ROAD,SIDESWIPE SAME DIRECTION,ONE-WAY,STOP SIGN/FLASHER,FAILING TO YIELD RIGHT-OF-WAY,FOLLOWING TOO CLOSELY,0,0,1,1,15,5,6,1108,ELSTON AVE,41.781747,-87.565326,06/27/2019 03:48:00 PM,2019
CR00021704,03/02/2018 11:36:00 AM,30,CLEAR,DAYLIGHT,REAR END,DIVIDED - W/MEDIAN (NOT RAISED),STOP SIGN/FLASHER,UNABLE TO DETERMINE,NOT APPLICABLE,0,0,0,0,11,6,3,1275,ROOSEVELT RD,41.899208,-87.53453,03/02/2018 01:24:00 PM,2018
CR00021705,03/17/2018 05:14:00 PM,45,CLEAR,DUSK,REAR END,DIVIDED - W/MEDIAN (NOT RAISED),UNKNOWN,DRIVING SKILLS/KNOWLEDGE/EXPERIENCE,NOT APPLICABLE,0,1,3,4,17,7,3,2172,DIVISION ST,41.838289,-87.757281,03/17/2018 07:02:00 PM,2018
CR00021706,04/26/2019 02:59:00 PM,30,CLEAR,DARKNESS - LIGHTED ROAD,REAR END,NOT DIVIDED,STOP SIGN/FLASHER,UNABLE TO DETERMINE,DISTRACTION - FROM INSIDE VEHICLE,0,0,0,0,14,6,4,121,PULASKI RD,41.975836,-87.801345,04/26/2019 04:52:00 PM,2019
CR00021707,08/02/2023 01:43:00 PM,40,CLEAR,DAYLIGHT,REAR END,FOUR WAY,TRAFFIC SIGNAL,UNABLE TO DETERMINE,FAILING TO YIELD RIGHT-OF-WAY,0,0,0,0,13,4,8,341,IRVING PARK RD,41.792719,-87.773897,08/02/2023 03:21:00 PM,2023
CR00021708,05/16/2020 12:14:00 PM,25,CLEAR,DAYLIGHT,REAR END,NOT DIVIDED,STOP SIGN/FLASHER,UNABLE TO DETERMINE,FOLLOWING TOO CLOSELY,0,0,1,1,12,7,5,748,DAMEN AVE,41.978685,-87.682033,05/16/2020 12:24:00 PM,2020
CR00021709,05/28/2019 03:38:00 PM,15,CLEAR,DARKNESS - LIGHTED ROAD,TURNING,NOT DIVIDED,TRAFFIC SIGNAL,UNABLE TO DETERMINE,FAILING TO REDUCE SPEED,0,0,3,3,15,3,5,2438,KEDZIE AVE,41.815721,-87.630826,05/28/2019 04:18:00 PM,2019
CR00021710,01/01/2018 05:10:00 PM,25,RAIN,DAYLIGHT,TURNING,DIVIDED - W/MEDIAN (NOT RAISED),PEDESTRIAN CROSSING SIGN,UNABLE TO DETERMINE,DISTRACTION - FROM INSIDE VEHICLE,0,0,0,0,17,2,1,772,STONY ISLAND AVE,41.897653,-87.752775,01/01/2018 06:48:00 PM,2018
CR00021711,10/29/2020 01:19:00 PM,30,RAIN,DAYLIGHT,PEDESTRIAN,ONE-WAY,NO CONTROLS,FAILING TO YIELD RIGHT-OF-WAY,NOT APPLICABLE,0,0,0,0,13,5,10,747,WESTERN AVE,41.888571,-87.505984,10/29/2020 03:05:00 PM,2020
CR00021712,02/03/2018 08:07:00 AM,35,CLEAR,DAYLIGHT,PARKED MOTOR VEHICLE,ONE-WAY,NO CONTROLS,IMPROPER OVERTAKING/PASSING,DISTRACTION - FROM INSIDE VEHICLE,0,0,0,0,8,7,2,1529,CICERO AVE,41.891271,-87.581895,02/03/2018 08:50:00 AM,2018
CR00021713,12/11/2024 07:17:00 PM,20,RAIN,DAYLIGHT,PEDESTRIAN,DIVIDED - W/MEDIAN BARRIER,STOP SIGN/FLASHER,DISTRACTION - FROM INSIDE VEHICLE,FOLLOWING TOO CLOSELY,0,0,0,0,19,4,12,1770,CICERO AVE,41.713622,-87.768199,12/11/2024 07:51:00 PM,2024
CR00021714,09/12/2023 03:18:00 PM,20,RAIN,DARKNESS - LIGHTED ROAD,SIDESWIPE SAME DIRECTION,NOT DIVIDED,TRAFFIC SIGNAL,IMPROPER LANE USAGE,NOT APPLICABLE,0,0,0,0,15,3,9,2480,STONY ISLAND AVE,41.790884,-87.648098,09/12/2023 03:26:00 PM,2023
CR00021715,01/05/2022 01:16:00 AM,30,CLEAR,DARKNESS - LIGHTED ROAD,REAR END,NOT DIVIDED,YIELD,IMPROPER LANE USAGE,IMPROPER LANE USAGE,0,0,0,0,1,4,1,2226,DAMEN AVE,41.911749,-87.668482,01/05/2022 02:37:00 AM,2022
CR00021716,06/30/2022 01:41:00 PM,20,CLEAR,DARKNESS,SIDESWIPE SAME DIRECTION,DIVIDED - W/MEDIAN BARRIER,NO CONTROLS,FAILING TO YIELD RIGHT-OF-WAY,NOT APPLICABLE,0,0,0,0,13,5,6,277,79TH ST,41.753838,-87.697514,06/30/2022 03:38:00 PM,2022
CR00021717,01/13/2016 07:22:00 AM,15,CLEAR,DARKNESS - LIGHTED ROAD,SIDESWIPE SAME DIRECTION,NOT DIVIDED,TRAFFIC SIGNAL,DRIVING SKILLS/KNOWLEDGE/EXPERIENCE,UNABLE TO DETERMINE,0,0,0,0,7,4,1,1841,DAMEN AVE,41.9439,-87.566435,01/13/2016 08:47:00 AM,2016
CR00021718,06/06/2021 03:07:00 PM,20,CLEAR,DAYLIGHT,SIDESWIPE SAME DIRECTION,FOUR WAY,TRAFFIC SIGNAL,UNABLE TO DETERMINE,NOT APPLICABLE,0,0,3,3,15,1,6,1509,PULASKI RD,41.719299,-87.536027,06/06/2021 04:30:00 PM,2021
CR00021719,09/17/2019 10:03:00 AM,30,CLEAR,DAYLIGHT,REAR END,FOUR WAY,UNKNOWN,FAILING TO REDUCE SPEED,NOT APPLICABLE,0,0,0,0,10,3,9,1508,ASHLAND AVE,41.890616,-87.747065,09/17/2019 11:21:00 AM,2019
CR00021720,04/14/2023 01:37:00 PM,30,SNOW,DARKNESS - LIGHTED ROAD,REAR END,NOT DIVIDED,TRAFFIC SIGNAL,UNABLE TO DETERMINE,IMPROPER OVERTAKING/PASSING,0,0,0,0,13,6,4,160,CALIFORNIA AVE,41.991679,-87.548468,04/14/2023 02:24:00 PM,2023
CR00021721,05/20/2024 10:20:00 PM,35,RAIN,DARKNESS,TURNING,NOT DIVIDED,NO CONTROLS,FOLLOWING TOO CLOSELY,UNABLE TO DETERMINE,0,0,1,1,22,2,5,1741,79TH ST,41.879507,-87.535613,05/20/2024 11:03:00 PM,2024
CR00021722,09/28/2022 07:55:00 PM,20,SNOW,DUSK,TURNING,NOT DIVIDED,NO CONTROLS,DISREGARDING TRAFFIC SIGNALS,NOT APPLICABLE,0,0,0,0,19,4,9,332,DIVISION ST,41.886176,-87.76528,09/28/2022 09:38:00 PM,2022
CR00021723,03/14/2024 08:58:00 AM,25,RAIN,DARKNESS - LIGHTED ROAD,REAR END,NOT DIVIDED,TRAFFIC SIGNAL,DRIVING SKILLS/KNOWLEDGE/EXPERIENCE,FOLLOWING TOO CLOSELY,0,0,0,0,8,5,3,835,KEDZIE AVE,41.727084,-87.819448,03/14/2024 09:13:00 AM,2024
CR00021724,05/23/2023 02:45:00 PM,35,CLEAR,DAYLIGHT,PARKED MOTOR VEHICLE,DIVIDED - W/MEDIAN (NOT RAISED),TRAFFIC SIGNAL,UNABLE TO DETERMINE,FAILING TO YIELD RIGHT-OF-WAY,0,0,0,0,14,3,5,2175,DIVISION ST,41.770289,-87.677163,05/23/2023 02:47:00 PM,2023
CR00021725,11/17/2015 05:42:00 AM,45,CLEAR,DAYLIGHT,REAR END,DIVIDED - W/MEDIAN (NOT RAISED),TRAFFIC SIGNAL,WEATHER,DISREGARDING TRAFFIC SIGNALS,0,0,1,1,5,3,11,284,DAMEN AVE,41.823576,-87.58893,11/17/2015 07:12:00 AM,2015