CRASH_RECORD_ID,CRASH_DATE,POSTED_SPEED_LIMIT,WEATHER_CONDITION,LIGHTING_CONDITION,FIRST_CRASH_TYPE,TRAFFICWAY_TYPE,TRAFFIC_CONTROL_DEVICE,PRIM_CONTRIBUTORY_CAUSE,SEC_CONTRIBUTORY_CAUSE,INJURIES_FATAL,INJURIES_INCAPACITATING,INJURIES_NON_INCAPACITATING,INJURIES_TOTAL,CRASH_HOUR,CRASH_DAY_OF_WEEK,CRASH_MONTH,BEAT_OF_OCCURRENCE,STREET_NAME,LATITUDE,LONGITUDE,DATE_POLICE_NOTIFIED,year
CR00021726,05/28/2020 08:18:00 PM,35,RAIN,DAYLIGHT,SIDESWIPE SAME DIRECTION,T-INTERSECTION,STOP SIGN/FLASHER,IMPROPER LANE USAGE,IMPROPER OVERTAKING/PASSING,0,0,0,0,20,5,5,2142,ELSTON AVE,41.717449,-87.626838,05/28/2020 08:43:00 PM,2020
CR00021727,07/18/2019 09:07:00 AM,15,FREEZING RAIN/DRIZZLE,DARKNESS - LIGHTED ROAD,TURNING,DIVIDED - W/MEDIAN (NOT RAISED),NO CONTROLS,UNABLE TO DETERMINE,IMPROPER OVERTAKING/PASSING,0,0,0,0,9,5,7,1039,FULLERTON AVE,41.711024,-87.669448,07/18/2019 10:10:00 AM,2019
CR00021728,08/17/2022 10:30:00 AM,40,CLEAR,DAYLIGHT,ANGLE,NOT DIVIDED,NO CONTROLS,IMPROPER LANE USAGE,NOT APPLICABLE,0,0,0,0,10,4,8,2390,IRVING PARK RD,41.754031,-87.815142,08/17/2022 10:32:00 AM,2022
CR00021729,08/21/2022 08:39:00 AM,35,RAIN,DAYLIGHT,SIDESWIPE SAME DIRECTION,ONE-WAY,STOP SIGN/FLASHER,IMPROPER OVERTAKING/PASSING,DRIVING SKILLS/KNOWLEDGE/EXPERIENCE,0,0,0,0,8,1,8,545,HALSTED ST,41.76119,-87.672957,08/21/2022 09:06:00 AM,2022
CR00021730,03/20/2019 12:35:00 PM,45,CLEAR,DAYLIGHT,REAR END,NOT DIVIDED,NO CONTROLS,UNABLE TO DETERMINE,DISREGARDING TRAFFIC SIGNALS,0,2,1,3,12,4,3,1996,WESTERN AVE,41.966283,-87.79098,03/20/2019 12:54:00 PM,2019
CR00021731,09/21/2017 12:57:00 AM,35,CLEAR,DARKNESS - LIGHTED ROAD,REAR END,NOT DIVIDED,NO CONTROLS,FOLLOWING TOO CLOSELY,DISTRACTION - FROM INSIDE VEHICLE,0,0,0,0,0,5,9,2037,STATE ST,41.77378,-87.697201,09/21/2017 01:47:00 AM,2017
CR00021732,02/07/2016 07:30:00 PM,45,RAIN,DARKNESS - LIGHTED ROAD,REAR END,NOT DIVIDED,UNKNOWN,DRIVING SKILLS/KNOWLEDGE/EXPERIENCE,UNABLE TO DETERMINE,0,0,0,0,19,1,2,1304,79TH ST,41.979927,-87.695306,02/07/2016 09:14:00 PM,2016
CR00021733,10/18/2022 02:02:00 PM,40,CLOUDY/OVERCAST,DARKNESS - LIGHTED ROAD,TURNING,NOT DIVIDED,STOP SIGN/FLASHER,UNABLE TO DETERMINE,FOLLOWING TOO CLOSELY,0,0,0,0,14,3,10,1439,LAKE SHORE DR,41.908536,-87.736521,10/18/2022 02:56:00 PM,2022
CR00021734,02/24/2020 07:40:00 AM,30,SNOW,DARKNESS - LIGHTED ROAD,SIDESWIPE SAME DIRECTION,DIVIDED - W/MEDIAN (NOT RAISED),STOP SIGN/FLASHER,IMPROPER LANE USAGE,FAILING TO REDUCE SPEED,0,2,1,3,7,2,2,225,79TH ST,41.812687,-87.624021,02/24/2020 07:48:00 AM,2020
CR00021735,09/12/2024 02:18:00 PM,30,CLEAR,DAYLIGHT,SIDESWIPE SAME DIRECTION,NOT DIVIDED,TRAFFIC SIGNAL,IMPROPER OVERTAKING/PASSING,UNABLE TO DETERMINE,0,0,0,0,14,5,9,2140,DAMEN AVE,41.945266,-87.775751,09/12/2024 02:51:00 PM,2024
CR00021736,04/21/2023 12:48:00 PM,35,RAIN,DAWN,REAR END,DIVIDED - W/MEDIAN (NOT RAISED),UNKNOWN,UNABLE TO DETERMINE,NOT APPLICABLE,0,0,0,0,12,6,4,1419,STONY ISLAND AVE,41.993992,-87.537718,04/21/2023 01:30:00 PM,2023
CR00021737,12/27/2021 11:43:00 PM,30,CLOUDY/OVERCAST,DAYLIGHT,TURNING,ONE-WAY,STOP SIGN/FLASHER,FAILING TO YIELD RIGHT-OF-WAY,NOT APPLICABLE,0,0,0,0,23,2,12,680,BROADWAY,41.836295,-87.814064,12/28/2021 12:12:00 AM,2021
CR00021738,07/28/2024 03:50:00 PM,45,CLEAR,DAYLIGHT,FIXED OBJECT,ONE-WAY,NO CONTROLS,DISREGARDING TRAFFIC SIGNALS,UNABLE TO DETERMINE,0,0,0,0,15,1,7,1676,79TH ST,41.807692,-87.560253,07/28/2024 05:29:00 PM,2024
CR00021739,07/22/2018 09:41:00 AM,30,CLEAR,DARKNESS - LIGHTED ROAD,TURNING,DIVIDED - W/MEDIAN (NOT RAISED),NO CONTROLS,FOLLOWING TOO CLOSELY,NOT APPLICABLE,0,0,3,3,9,1,7,527,BROADWAY,41.895499,-87.75781,07/22/2018 10:31:00 AM,2018
CR00021740,08/13/2022 05:26:00 AM,35,CLEAR,DARKNESS - LIGHTED ROAD,FIXED OBJECT,DIVIDED - W/MEDIAN (NOT RAISED),NO CONTROLS,DRIVING SKILLS/KNOWLEDGE/EXPERIENCE,UNABLE TO DETERMINE,0,0,0,0,5,7,8,1622,63RD ST,41.891683,-87.734638,08/13/2022 05:49:00 AM,2022
CR00021741,02/16/2015 09:06:00 AM,15,FOG/SMOKE/HAZE,DARKNESS - LIGHTED ROAD,REAR TO FRONT,ONE-WAY,STOP SIGN/FLASHER,FOLLOWING TOO CLOSELY,UNABLE TO DETERMINE,0,0,0,0,9,2,2,1440,DIVISION ST,41.980829,-87.709893,02/16/2015 09:35:00 AM,2015
CR00021742,02/25/2018 05:38:00 AM,40,CLEAR,DAYLIGHT,ANGLE,T-INTERSECTION,NO CONTROLS,DRIVING SKILLS/KNOWLEDGE/EXPERIENCE,FOLLOWING TOO CLOSELY,0,0,0,0,5,1,2,791,ELSTON AVE,41.79697,-87.82258,02/25/2018 07:19:00 AM,2018
CR00021743,01/31/2015 10:33:00 AM,40,RAIN,DAYLIGHT,PEDESTRIAN,DIVIDED - W/MEDIAN (NOT RAISED),STOP SIGN/FLASHER,FAILING TO REDUCE SPEED,NOT APPLICABLE,0,0,0,0,10,7,1,278,ARCHER AVE,41.833817,-87.766529,01/31/2015 10:59:00 AM,2015
CR00021744,10/11/2022 02:16:00 PM,20,CLEAR,DAYLIGHT,ANGLE,NOT DIVIDED,STOP SIGN/FLASHER,FAILING TO REDUCE SPEED,NOT APPLICABLE,0,0,0,0,14,3,10,1582,ELSTON AVE,41.829365,-87.780194,10/11/2022 03:26:00 PM,2022
CR00021745,02/13/2022 07:59:00 AM,25,CLEAR,DAYLIGHT,REAR END,ONE-WAY,UNKNOWN,IMPROPER LANE USAGE,UNABLE TO DETERMINE,0,0,0,0,7,1,2,351,ASHLAND AVE,41.912787,-87.607968,02/13/2022 09:17:00 AM,2022
CR00021746,10/27/2024 07:25:00 AM,15,CLOUDY/OVERCAST,DAYLIGHT,REAR END,T-INTERSECTION,STOP SIGN/FLASHER,IMPROPER OVERTAKING/PASSING,IMPROPER LANE USAGE,0,0,0,0,7,1,10,324,PULASKI RD,41.935261,-87.550719,10/27/2024 07:36:00 AM,2024
CR00021747,03/19/2016 04:40:00 AM,35,CLEAR,DUSK,REAR END,DIVIDED - W/MEDIAN BARRIER,TRAFFIC SIGNAL,DISREGARDING TRAFFIC SIGNALS,FAILING TO YIELD RIGHT-OF-WAY,0,0,0,0,4,7,3,1331,BROADWAY,41.96389,-87.607579,03/19/2016 06:36:00 AM,2016
CR00021748,10/19/2017 08:33:00 AM,30,RAIN,DARKNESS,SIDESWIPE SAME DIRECTION,NOT DIVIDED,NO CONTROLS,UNABLE TO DETERMINE,DISTRACTION - FROM INSIDE VEHICLE,0,0,0,0,8,5,10,1385,STATE ST,41.971254,-87.806981,10/19/2017 10:19:00 AM,2017
CR00021749,05/22/2023 08:28:00 AM,30,CLEAR,DARKNESS - LIGHTED ROAD,REAR END,DIVIDED - W/MEDIAN BARRIER,NO CONTROLS,UNABLE TO DETERMINE,NOT APPLICABLE,0,0,0,0,8,2,5,1092,WESTERN AVE,41.727189,-87.518802,05/22/2023 09:16:00 AM,2023
CR00021750,03/22/2024 05:05:00 PM,20,SNOW,DAYLIGHT,REAR END,ONE-WAY,NO CONTROLS,UNABLE TO DETERMINE,UNABLE TO DETERMINE,0,0,1,1,17,6,3,1068,79TH ST,41.740318,-87.634294,03/22/2024 05:53:00 PM,2024
CR00021751,07/02/2016 05:31:00 PM,30,CLEAR,DAYLIGHT,PEDESTRIAN,NOT DIVIDED,UNKNOWN,IMPROPER OVERTAKING/PASSING,DISREGARDING TRAFFIC SIGNALS,0,0,0,0,17,7,7,914,CICERO AVE,41.77237,-87.80358,07/02/2016 06:52:00 PM,2016
CR00021752,10/11/2024 11:33:00 AM,30,SNOW,DAYLIGHT,SIDESWIPE SAME DIRECTION,FOUR WAY,TRAFFIC SIGNAL,FOLLOWING TOO CLOSELY,UNABLE TO DETERMINE,0,0,0,0,11,6,10,2411,47TH ST,41.991659,-87.706572,10/11/2024 12:28:00 PM,2024
CR00021753,11/15/2022 01:56:00 PM,25,RAIN,DARKNESS - LIGHTED ROAD,REAR END,DIVIDED - W/MEDIAN BARRIER,NO CONTROLS,UNABLE TO DETERMINE,UNABLE TO DETERMINE,0,0,0,0,13,3,11,1198,ASHLAND AVE,41.71481,-87.602587,11/15/2022 03:55:00 PM,2022
CR00021754,12/19/2018 07:24:00 AM,30,FOG/SMOKE/HAZE,DAYLIGHT,REAR TO FRONT,DIVIDED - W/MEDIAN (NOT RAISED),TRAFFIC SIGNAL,UNABLE TO DETERMINE,IMPROPER LANE USAGE,0,0,2,2,7,4,12,774,CLARK ST,41.950457,-87.525515,12/19/2018 08:57:00 AM,2018
CR00021755,09/15/2023 01:41:00 PM,45,CLEAR,DAYLIGHT,SIDESWIPE SAME DIRECTION,DIVIDED - W/MEDIAN BARRIER,NO CONTROLS,FAILING TO YIELD RIGHT-OF-WAY,UNABLE TO DETERMINE,0,0,0,0,13,6,9,2175,PULASKI RD,41.902649,-87.818241,09/15/2023 01:57:00 PM,2023
CR00021756,11/13/2019 08:25:00 PM,30,RAIN,DAYLIGHT,ANGLE,ONE-WAY,NO CONTROLS,UNABLE TO DETERMINE,FAILING TO YIELD RIGHT-OF-WAY,0,0,3,3,20,4,11,1127,HALSTED ST,41.915637,-87.67399,11/13/2019 09:47:00 PM,2019
CR00021757,01/17/2017 06:40:00 PM,30,CLOUDY/OVERCAST,DAYLIGHT,REAR TO FRONT,DIVIDED - W/MEDIAN (NOT RAISED),STOP SIGN/FLASHER,IMPROPER OVERTAKING/PASSING,NOT APPLICABLE,0,0,0,0,18,3,1,307,HALSTED ST,41.732267,-87.754939,01/17/2017 07:00:00 PM,2017
CR00021758,09/15/2018 11:53:00 PM,40,CLEAR,DAYLIGHT,REAR END,ONE-WAY,STOP SIGN/FLASHER,WEATHER,UNABLE TO DETERMINE,0,0,0,0,23,7,9,1033,79TH ST,41.741816,-87.716426,09/16/2018 12:53:00 AM,2018
CR00021759,03/22/2024 08:01:00 AM,15,RAIN,DARKNESS - LIGHTED ROAD,PARKED MOTOR VEHICLE,T-INTERSECTION,TRAFFIC SIGNAL,UNABLE TO DETERMINE,FAILING TO YIELD RIGHT-OF-WAY,0,0,0,0,8,6,3,478,MILWAUKEE AVE,41.757281,-87.708352,03/22/2024 08:10:00 AM,2024
CR00021760,01/13/2016 08:31:00 AM,15,CLEAR,DAYLIGHT,REAR END,DIVIDED - W/MEDIAN (NOT RAISED),YIELD,DRIVING SKILLS/KNOWLEDGE/EXPERIENCE,NOT APPLICABLE,0,0,1,1,8,4,1,511,CALIFORNIA AVE,41.827333,-87.813712,01/13/2016 08:38:00 AM,2016
CR00021761,02/19/2017 07:01:00 AM,25,CLEAR,DAWN,SIDESWIPE SAME DIRECTION,DIVIDED - W/MEDIAN BARRIER,NO CONTROLS,FAILING TO YIELD RIGHT-OF-WAY,FOLLOWING TOO CLOSELY,0,0,0,0,7,1,2,1875,47TH ST,41.916585,-87.610445,02/19/2017 08:33:00 AM,2017
CR00021762,02/12/2021 03:37:00 PM,30,CLEAR,DARKNESS,REAR END,DIVIDED - W/MEDIAN (NOT RAISED),NO CONTROLS,DISTRACTION - FROM INSIDE VEHICLE,UNABLE TO DETERMINE,0,0,0,0,15,6,2,1452,MICHIGAN AVE,41.781893,-87.805224,02/12/2021 03:59:00 PM,2021
CR00021763,05/30/2023 05:24:00 PM,45,CLEAR,DUSK,REAR TO FRONT,ONE-WAY,UNKNOWN,UNABLE TO DETERMINE,DRIVING SKILLS/KNOWLEDGE/EXPERIENCE,0,0,0,0,17,3,5,111,FULLERTON AVE,41.978701,-87.578631,05/30/2023 06:23:00 PM,2023
CR00021764,01/09/2023 10:23:00 PM,15,RAIN,DUSK,TURNING,DIVIDED - W/MEDIAN BARRIER,NO CONTROLS,UNABLE TO DETERMINE,UNABLE TO DETERMINE,0,0,0,0,22,2,1,1273,IRVING PARK RD,41.813071,-87.536909,01/09/2023 11:10:00 PM,2023
CR00021765,12/21/2017 11:30:00 AM,30,CLEAR,DAYLIGHT,REAR END,ONE-WAY,TRAFFIC SIGNAL,UNABLE TO DETERMINE,FAILING TO YIELD RIGHT-OF-WAY,0,0,0,0,11,5,12,1754,ARCHER AVE,41.867241,-87.518002,12/21/2017 12:09:00 PM,2017
CR00021766,10/17/2020 11:46:00 AM,35,CLEAR,DAYLIGHT,REAR END,NOT DIVIDED,NO CONTROLS,UNABLE TO DETERMINE,IMPROPER LANE USAGE,0,0,0,0,11,7,10,425,KEDZIE AVE,41.893413,-87.794664,10/17/2020 12:24:00 PM,2020
CR00021767,10/08/2022 11:49:00 PM,45,CLEAR,DAYLIGHT,PARKED MOTOR VEHICLE,ONE-WAY,TRAFFIC SIGNAL,FAILING TO REDUCE SPEED,UNABLE TO DETERMINE,0,0,0,0,23,7,10,474,IRVING PARK RD,41.750862,-87.770467,10/09/2022 01:37:00 AM,2022
CR00021768,12/11/2019 08:37:00 PM,40,CLEAR,DAYLIGHT,TURNING,DIVIDED - W/MEDIAN BARRIER,TRAFFIC SIGNAL,IMPROPER OVERTAKING/PASSING,IMPROPER OVERTAKING/PASSING,0,0,0,0,20,4,12,1882,CICERO AVE,41.918943,-87.525663,12/11/2019 10:25:00 PM,2019
CR00021769,09/08/2015 11:06:00 AM,20,CLEAR,DUSK,SIDESWIPE SAME DIRECTION,NOT DIVIDED,UNKNOWN,FOLLOWING TOO CLOSELY,DISREGARDING TRAFFIC SIGNALS,0,0,0,0,11,3,9,1360,IRVING PARK RD,41.901899,-87.721383,09/08/2015 12:20:00 PM,2015
CR00021770,02/14/2023 08:47:00 AM,40,CLEAR,DAYLIGHT,FIXED OBJECT,FOUR WAY,STOP SIGN/FLASHER,UNABLE TO DETERMINE,WEATHER,0,0,0,0,8,3,2,2119,47TH ST,41.962947,-87.788483,02/14/2023 10:38:00 AM,2023
CR00021771,10/22/2019 09:38:00 AM,20,CLEAR,DUSK,SIDESWIPE SAME DIRECTION,NOT DIVIDED,TRAFFIC SIGNAL,FOLLOWING TOO CLOSELY,DISTRACTION - FROM INSIDE VEHICLE,0,0,0,0,9,3,10,2105,HALSTED ST,41.756153,-87.55838,10/22/2019 10:03:00 AM,2019
CR00021772,11/11/2015 12:22:00 PM,30,CLEAR,DAYLIGHT,PARKED MOTOR VEHICLE,DIVIDED - W/MEDIAN (NOT RAISED),STOP SIGN/FLASHER,WEATHER,FAILING TO REDUCE SPEED,0,0,0,0,12,4,11,1183,MICHIGAN AVE,41.86475,-87.553037,11/11/2015 01:33:00 PM,2015
CR00021773,07/04/2023 04:19:00 AM,35,RAIN,DARKNESS - LIGHTED ROAD,SIDESWIPE SAME DIRECTION,DIVIDED - W/MEDIAN (NOT RAISED),TRAFFIC SIGNAL,DRIVING SKILLS/KNOWLEDGE/EXPERIENCE,IMPROPER LANE USAGE,0,0,0,0,4,3,7,1457,CLARK ST,41.932229,-87.609561,07/04/2023 05:24:00 AM,2023
CR00021774,03/27/2024 03:59:00 PM,45,CLEAR,DAYLIGHT,SIDESWIPE SAME DIRECTION,NOT DIVIDED,NO CONTROLS,UNABLE TO DETERMINE,UNABLE TO DETERMINE,0,0,0,0,15,4,3,1662,ASHLAND AVE,41.817073,-87.623929,03/27/2024 05:59:00 PM,2024
CR00021775,11/25/2021 04:20:00 PM,30,CLEAR,DARKNESS - LIGHTED ROAD,SIDESWIPE SAME DIRECTION,NOT DIVIDED,NO CONTROLS,FOLLOWING TOO CLOSELY,FOLLOWING TOO CLOSELY,0,0,1,1,16,5,11,705,LAKE SHORE DR,41.724876,-87.571773,11/25/2021 05:50:00 PM,2021
CR00021776,06/23/2016 01:18:00 PM,30,RAIN,DUSK,PARKED MOTOR VEHICLE,ONE-WAY,STOP SIGN/FLASHER,UNABLE TO DETERMINE,DISTRACTION - FROM INSIDE VEHICLE,0,0,0,0,13,5,6,1764,STONY ISLAND AVE,41.711434,-87.831941,06/23/2016 02:09:00 PM,2016
CR00021777,01/18/2024 07:17:00 PM,25,SNOW,DAYLIGHT,SIDESWIPE SAME DIRECTION,ONE-WAY,NO CONTROLS,UNABLE TO DETERMINE,UNABLE TO DETERMINE,0,0,0,0,19,5,1,901,CICERO AVE,41.944092,-87.604303,01/18/2024 09:10:00 PM,2024
CR00021778,07/07/2016 12:10:00 PM,25,CLEAR,DARKNESS - LIGHTED ROAD,SIDESWIPE SAME DIRECTION,NOT DIVIDED,TRAFFIC SIGNAL,DISTRACTION - FROM INSIDE VEHICLE,UNABLE TO DETERMINE,0,0,0,0,12,5,7,1828,DAMEN AVE,41.929968,-87.52738,07/07/2016 01:06:00 PM,2016
CR00021779,10/12/2015 05:38:00 PM,40,CLOUDY/OVERCAST,DARKNESS,PEDESTRIAN,DIVIDED - W/MEDIAN (NOT RAISED),NO CONTROLS,WEATHER,UNABLE TO DETERMINE,0,1,3,4,17,2,10,542,ELSTON AVE,41.920932,-87.828469,10/12/2015 07:18:00 PM,2015
CR00021780,03/24/2016 04:49:00 PM,15,CLEAR,DUSK,FIXED OBJECT,T-INTERSECTION,TRAFFIC SIGNAL,FOLLOWING TOO CLOSELY,UNABLE TO DETERMINE,0,0,0,0,16,5,3,1603,IRVING PARK RD,41.743834,-87.510861,03/24/2016 06:38:00 PM,2016
CR00021781,10/17/2016 01:56:00 AM,25,CLEAR,DARKNESS - LIGHTED ROAD,ANGLE,DIVIDED - W/MEDIAN (NOT RAISED),STOP SIGN/FLASHER,IMPROPER OVERTAKING/PASSING,UNABLE TO DETERMINE,0,0,0,0,1,2,10,1515,BROADWAY,41.817611,-87.520977,10/17/2016 02:04:00 AM,2016
CR00021782,08/25/2024 12:16:00 PM,35,CLEAR,DAYLIGHT,PARKED MOTOR VEHICLE,NOT DIVIDED,NO CONTROLS,FOLLOWING TOO CLOSELY,FOLLOWING TOO CLOSELY,0,0,1,1,12,1,8,2410,DAMEN AVE,41.928902,-87.523988,08/25/2024 01:25:00 PM,2024
CR00021783,02/13/2024 01:47:00 AM,40,FREEZING RAIN/DRIZZLE,DAYLIGHT,ANGLE,DIVIDED - W/MEDIAN (NOT RAISED),PEDESTRIAN CROSSING SIGN,FOLLOWING TOO CLOSELY,IMPROPER OVERTAKING/PASSING,0,0,0,0,1,3,2,1221,MICHIGAN AVE,41.809275,-87.56743,02/13/2024 02:48:00 AM,2024
CR00021784,10/16/2015 11:21:00 PM,30,RAIN,DARKNESS - LIGHTED ROAD,REAR TO FRONT,DIVIDED - W/MEDIAN (NOT RAISED),NO CONTROLS,IMPROPER OVERTAKING/PASSING,FOLLOWING TOO CLOSELY,0,0,0,0,23,6,10,1941,LAKE SHORE DR,41.995492,-87.533086,10/17/2015 12:20:00 AM,2015
CR00021785,02/07/2022 03:39:00 PM,15,CLEAR,DAYLIGHT,PEDESTRIAN,DIVIDED - W/MEDIAN (NOT RAISED),NO CONTROLS,DISTRACTION - FROM INSIDE VEHICLE,FAILING TO REDUCE SPEED,0,0,0,0,15,2,2,1070,STATE ST,41.980697,-87.59885,02/07/2022 04:58:00 PM,2022
CR00021786,07/23/2018 09:00:00 AM,15,RAIN,DARKNESS - LIGHTED ROAD,TURNING,DIVIDED - W/MEDIAN (NOT RAISED),TRAFFIC SIGNAL,FOLLOWING TOO CLOSELY,UNABLE TO DETERMINE,0,2,3,5,9,2,7,2504,FULLERTON AVE,41.814727,-87.601762,07/23/2018 09:28:00 AM,2018
CR00021787,03/06/2016 02:53:00 AM,30,CLEAR,DARKNESS - LIGHTED ROAD,REAR END,DIVIDED - W/MEDIAN BARRIER,NO CONTROLS,FOLLOWING TOO CLOSELY,IMPROPER OVERTAKING/PASSING,0,0,0,0,2,1,3,1091,DIVISION ST,41.798069,-87.781341,03/06/2016 03:44:00 AM,2016
CR00021788,08/19/2021 03:02:00 AM,30,CLEAR,DAYLIGHT,REAR END,ONE-WAY,NO CONTROLS,DRIVING SKILLS/KNOWLEDGE/EXPERIENCE,FAILING TO YIELD RIGHT-OF-WAY,0,0,0,0,3,5,8,2163,IRVING PARK RD,41.985012,-87.696937,08/19/2021 04:11:00 AM,2021
CR00021789,06/30/2024 07:45:00 PM,30,CLEAR,DAYLIGHT,PEDESTRIAN,FOUR WAY,YIELD,DRIVING SKILLS/KNOWLEDGE/EXPERIENCE,WEATHER,0,0,2,2,19,1,6,149,MICHIGAN AVE,41.962029,-87.525803,06/30/2024 09:23:00 PM,2024
CR00021790,04/09/2022 04:24:00 PM,40,CLEAR,DAYLIGHT,FIXED OBJECT,DIVIDED - W/MEDIAN BARRIER,NO CONTROLS,FOLLOWING TOO CLOSELY,IMPROPER OVERTAKING/PASSING,0,0,0,0,16,7,4,1667,STATE ST,41.7881,-87.720241,04/09/2022 05:44:00 PM,2022
CR00021791,05/30/2018 10:15:00 AM,40,FREEZING RAIN/DRIZZLE,DAYLIGHT,ANGLE,NOT DIVIDED,NO CONTROLS,UNABLE TO DETERMINE,UNABLE TO DETERMINE,0,0,0,0,10,4,5,1403,MICHIGAN AVE,41.858838,-87.575495,05/30/2018 10:51:00 AM,2018
CR00021792,12/27/2016 10:55:00 AM,35,FOG/SMOKE/HAZE,DAYLIGHT,TURNING,T-INTERSECTION,STOP SIGN/FLASHER,FAILING TO REDUCE SPEED,DRIVING SKILLS/KNOWLEDGE/EXPERIENCE,0,0,0,0,10,3,12,628,DAMEN AVE,41.975949,-87.592053,12/27/2016 12:35:00 PM,2016
CR00021793,05/26/2022 12:49:00 PM,30,CLEAR,DAYLIGHT,ANGLE,DIVIDED - W/MEDIAN BARRIER,STOP SIGN/FLASHER,IMPROPER OVERTAKING/PASSING,FAILING TO YIELD RIGHT-OF-WAY,0,1,1,2,12,5,5,2096,DAMEN AVE,41.790546,-87.68179,05/26/2022 01:57:00 PM,2022
CR00021794,11/15/2020 05:10:00 PM,30,RAIN,DAYLIGHT,TURNING,NOT DIVIDED,PEDESTRIAN CROSSING SIGN,IMPROPER LANE USAGE,FAILING TO YIELD RIGHT-OF-WAY,0,0,0,0,17,1,11,2507,PULASKI RD,41.899158,-87.755293,11/15/2020 05:55:00 PM,2020
CR00021795,05/09/2021 09:35:00 PM,25,CLOUDY/OVERCAST,DAYLIGHT,ANGLE,NOT DIVIDED,NO CONTROLS,DISREGARDING TRAFFIC SIGNALS,FAILING TO REDUCE SPEED,0,0,3,3,21,1,5,1949,WESTERN AVE,41.913928,-87.553938,05/09/2021 11:01:00 PM,2021
CR00021796,04/18/2019 07:35:00 AM,35,CLEAR,DARKNESS,SIDESWIPE SAME DIRECTION,ONE-WAY,TRAFFIC SIGNAL,DISREGARDING TRAFFIC SIGNALS,IMPROPER OVERTAKING/PASSING,0,0,0,0,7,5,4,1150,PULASKI RD,41.970683,-87.757222,04/18/2019 08:38:00 AM,2019
CR00021797,02/15/2019 07:11:00 AM,15,CLEAR,DARKNESS,REAR END,T-INTERSECTION,NO CONTROLS,UNABLE TO DETERMINE,FOLLOWING TOO CLOSELY,0,0,0,0,7,6,2,1176,HALSTED ST,41.912339,-87.749162,02/15/2019 07:42:00 AM,2019
CR00021798,02/17/2019 08:14:00 AM,15,RAIN,DAYLIGHT,TURNING,DIVIDED - W/MEDIAN (NOT RAISED),UNKNOWN,DRIVING SKILLS/KNOWLEDGE/EXPERIENCE,NOT APPLICABLE,0,0,0,0,8,1,2,117,PULASKI RD,41.838808,-87.843067,02/17/2019 09:32:00 AM,2019
CR00021799,11/01/2019 07:48:00 AM,20,CLEAR,DAYLIGHT,REAR TO FRONT,NOT DIVIDED,NO CONTROLS,IMPROPER OVERTAKING/PASSING,UNABLE TO DETERMINE,0,0,1,1,7,6,11,2391,ASHLAND AVE,41.797825,-87.77877,11/01/2019 08:39:00 AM,2019
CR00021800,07/27/2022 12:09:00 PM,30,CLEAR,DAYLIGHT,TURNING,DIVIDED - W/MEDIAN (NOT RAISED),NO CONTROLS,FAILING TO YIELD RIGHT-OF-WAY,FAILING TO YIELD RIGHT-OF-WAY,0,0,0,0,12,4,7,698,BROADWAY,41.96532,-87.545286,07/27/2022 01:19:00 PM,2022
CR00021801,03/05/2019 11:53:00 PM,30,RAIN,DAYLIGHT,REAR END,NOT DIVIDED,NO CONTROLS,UNABLE TO DETERMINE,FOLLOWING TOO CLOSELY,0,0,0,0,23,3,3,194,LAKE SHORE DR,41.769188,-87.666396,03/06/2019 12:55:00 AM,2019
CR00021802,02/22/2023 06:25:00 PM,45,CLEAR,DAYLIGHT,FIXED OBJECT,NOT DIVIDED,NO CONTROLS,UNABLE TO DETERMINE,DISREGARDING TRAFFIC SIGNALS,0,0,0,0,18,4,2,417,CALIFORNIA AVE,41.840656,-87.770764,02/22/2023 06:46:00 PM,2023
CR00021803,11/02/2020 08:09:00 PM,40,CLEAR,DAYLIGHT,SIDESWIPE SAME DIRECTION,DIVIDED - W/MEDIAN (NOT RAISED),UNKNOWN,IMPROPER OVERTAKING/PASSING,FOLLOWING TOO CLOSELY,0,0,2,2,20,2,11,193,DAMEN AVE,41.938486,-87.570248,11/02/2020 09:30:00 PM,2020
CR00021804,10/08/2018 05:06:00 PM,20,CLEAR,DARKNESS,ANGLE,NOT DIVIDED,NO CONTROLS,UNABLE TO DETERMINE,UNABLE TO DETERMINE,0,0,0,0,17,2,10,1480,FULLERTON AVE,41.940806,-87.848625,10/08/2018 06:34:00 PM,2018
CR00021805,01/24/2020 07:02:00 PM,45,FREEZING RAIN/DRIZZLE,DARKNESS - LIGHTED ROAD,SIDESWIPE SAME DIRECTION,NOT DIVIDED,NO CONTROLS,FAILING TO YIELD RIGHT-OF-WAY,NOT APPLICABLE,0,0,0,0,19,6,1,2309,IRVING PARK RD,41.945591,-87.801911,01/24/2020 08:26:00 PM,2020
CR00021806,10/24/2019 05:55:00 PM,30,CLEAR,DARKNESS - LIGHTED ROAD,PARKED MOTOR VEHICLE,NOT DIVIDED,TRAFFIC SIGNAL,UNABLE TO DETERMINE,FOLLOWING TOO CLOSELY,0,0,0,0,17,5,10,1840,LAKE SHORE DR,41.83829,-87.720161,10/24/2019 07:01:00 PM,2019
CR00021807,04/02/2018 03:55:00 AM,45,CLEAR,DARKNESS - LIGHTED ROAD,ANGLE,FOUR WAY,TRAFFIC SIGNAL,DISREGARDING TRAFFIC SIGNALS,NOT APPLICABLE,0,0,0,0,3,2,4,1310,ROOSEVELT RD,41.718679,-87.516721,04/02/2018 04:11:00 AM,2018