CRASH_RECORD_ID,CRASH_DATE,POSTED_SPEED_LIMIT,WEATHER_CONDITION,LIGHTING_CONDITION,FIRST_CRASH_TYPE,TRAFFICWAY_TYPE,TRAFFIC_CONTROL_DEVICE,PRIM_CONTRIBUTORY_CAUSE,SEC_CONTRIBUTORY_CAUSE,INJURIES_FATAL,INJURIES_INCAPACITATING,INJURIES_NON_INCAPACITATING,INJURIES_TOTAL,CRASH_HOUR,CRASH_DAY_OF_WEEK,CRASH_MONTH,BEAT_OF_OCCURRENCE,STREET_NAME,LATITUDE,LONGITUDE,DATE_POLICE_NOTIFIED,year
CR00021808,04/04/2017 04:18:00 PM,35,CLEAR,DARKNESS - LIGHTED ROAD,PARKED MOTOR VEHICLE,DIVIDED - W/MEDIAN BARRIER,NO CONTROLS,IMPROPER OVERTAKING/PASSING,IMPROPER OVERTAKING/PASSING,0,0,0,0,16,3,4,1751,ARCHER AVE,41.77147,-87.693236,04/04/2017 06:08:00 PM,2017
CR00021809,11/28/2022 05:46:00 PM,40,RAIN,DARKNESS,PEDESTRIAN,DIVIDED - W/MEDIAN (NOT RAISED),NO CONTROLS,FOLLOWING TOO CLOSELY,FAILING TO REDUCE SPEED,0,0,0,0,17,2,11,1303,HALSTED ST,41.711693,-87.583631,11/28/2022 06:04:00 PM,2022
CR00021810,05/26/2018 05:34:00 AM,35,CLEAR,DAYLIGHT,REAR END,FOUR WAY,TRAFFIC SIGNAL,UNABLE TO DETERMINE,UNABLE TO DETERMINE,0,0,0,0,5,7,5,1912,BROADWAY,41.868837,-87.623986,05/26/2018 06:22:00 AM,2018
CR00021811,10/19/2019 01:44:00 AM,15,CLOUDY/OVERCAST,DAYLIGHT,SIDESWIPE SAME DIRECTION,NOT DIVIDED,STOP SIGN/FLASHER,DISTRACTION - FROM INSIDE VEHICLE,FOLLOWING TOO CLOSELY,0,0,0,0,1,7,10,1804,DAMEN AVE,41.836999,-87.525614,10/19/2019 03:15:00 AM,2019
CR00021812,02/03/2019 10:28:00 AM,25,CLEAR,DAYLIGHT,FIXED OBJECT,T-INTERSECTION,STOP SIGN/FLASHER,FAILING TO YIELD RIGHT-OF-WAY,DISTRACTION - FROM INSIDE VEHICLE,0,0,0,0,10,1,2,351,ROOSEVELT RD,41.815701,-87.783347,02/03/2019 11:14:00 AM,2019
CR00021813,11/07/2021 06:57:00 PM,20,CLEAR,DAYLIGHT,PEDESTRIAN,NOT DIVIDED,PEDESTRIAN CROSSING SIGN,FOLLOWING TOO CLOSELY,DRIVING SKILLS/KNOWLEDGE/EXPERIENCE,0,0,0,0,18,1,11,2275,63RD ST,41.774604,-87.576052,11/07/2021 07:29:00 PM,2021
CR00021814,03/06/2017 05:24:00 PM,30,CLEAR,DAWN,REAR END,ONE-WAY,TRAFFIC SIGNAL,FOLLOWING TOO CLOSELY,UNABLE TO DETERMINE,0,0,0,0,17,2,3,2420,KEDZIE AVE,41.846836,-87.608786,03/06/2017 07:24:00 PM,2017
CR00021815,01/06/2023 08:47:00 PM,40,CLEAR,DARKNESS - LIGHTED ROAD,REAR END,DIVIDED - W/MEDIAN (NOT RAISED),TRAFFIC SIGNAL,UNABLE TO DETERMINE,UNABLE TO DETERMINE,0,0,3,3,20,6,1,1362,ARCHER AVE,41.80944,-87.668985,01/06/2023 09:45:00 PM,2023
CR00021816,05/11/2021 06:17:00 PM,35,CLEAR,DARKNESS,TURNING,ONE-WAY,TRAFFIC SIGNAL,DRIVING SKILLS/KNOWLEDGE/EXPERIENCE,IMPROPER LANE USAGE,0,0,0,0,18,3,5,935,ROOSEVELT RD,41.710348,-87.581346,05/11/2021 08:17:00 PM,2021
CR00021817,12/27/2022 02:10:00 AM,30,CLEAR,DAWN,REAR END,DIVIDED - W/MEDIAN BARRIER,TRAFFIC SIGNAL,IMPROPER LANE USAGE,FOLLOWING TOO CLOSELY,0,0,0,0,2,3,12,600,ARCHER AVE,41.737061,-87.703384,12/27/2022 02:44:00 AM,2022
CR00021818,09/04/2023 12:01:00 PM,20,SNOW,DARKNESS - LIGHTED ROAD,TURNING,DIVIDED - W/MEDIAN (NOT RAISED),NO CONTROLS,DRIVING SKILLS/KNOWLEDGE/EXPERIENCE,UNABLE TO DETERMINE,0,0,0,0,12,2,9,2256,FULLERTON AVE,41.765457,-87.604558,09/04/2023 12:50:00 PM,2023
CR00021819,08/30/2017 01:36:00 PM,25,CLEAR,DAYLIGHT,REAR END,NOT DIVIDED,NO CONTROLS,IMPROPER OVERTAKING/PASSING,FOLLOWING TOO CLOSELY,0,0,0,0,13,4,8,1775,63RD ST,41.865455,-87.71581,08/30/2017 03:26:00 PM,2017
CR00021820,03/09/2024 07:11:00 PM,35,RAIN,DARKNESS - LIGHTED ROAD,REAR END,NOT DIVIDED,NO CONTROLS,FOLLOWING TOO CLOSELY,UNABLE TO DETERMINE,0,0,0,0,19,7,3,670,DAMEN AVE,41.89866,-87.734244,03/09/2024 08:52:00 PM,2024
CR00021821,09/10/2019 07:58:00 AM,30,CLEAR,DAYLIGHT,PARKED MOTOR VEHICLE,DIVIDED - W/MEDIAN (NOT RAISED),STOP SIGN/FLASHER,DISTRACTION - FROM INSIDE VEHICLE,DRIVING SKILLS/KNOWLEDGE/EXPERIENCE,0,1,3,4,7,3,9,764,WESTERN AVE,41.86353,-87.644191,09/10/2019 09:23:00 AM,2019
CR00021822,11/20/2017 08:43:00 PM,30,CLEAR,DAYLIGHT,SIDESWIPE SAME DIRECTION,ONE-WAY,STOP SIGN/FLASHER,DISREGARDING TRAFFIC SIGNALS,FOLLOWING TOO CLOSELY,0,0,0,0,20,2,11,2364,ELSTON AVE,41.774487,-87.667532,11/20/2017 09:48:00 PM,2017
CR00021823,02/21/2019 05:40:00 PM,15,CLOUDY/OVERCAST,DAYLIGHT,PEDESTRIAN,ONE-WAY,STOP SIGN/FLASHER,IMPROPER LANE USAGE,NOT APPLICABLE,0,0,0,0,17,5,2,2287,KEDZIE AVE,41.93472,-87.687148,02/21/2019 07:21:00 PM,2019
CR00021824,11/06/2019 09:56:00 PM,20,CLEAR,DAYLIGHT,REAR END,NOT DIVIDED,TRAFFIC SIGNAL,FAILING TO YIELD RIGHT-OF-WAY,FOLLOWING TOO CLOSELY,0,0,0,0,21,4,11,1298,ASHLAND AVE,41.99998,-87.504973,11/06/2019 11:08:00 PM,2019
CR00021825,04/29/2017 12:03:00 PM,20,CLEAR,DARKNESS,REAR TO FRONT,ONE-WAY,TRAFFIC SIGNAL,UNABLE TO DETERMINE,FAILING TO YIELD RIGHT-OF-WAY,0,0,0,0,12,7,4,500,OGDEN AVE,41.966458,-87.66373,04/29/2017 12:46:00 PM,2017
CR00021826,07/08/2022 05:36:00 PM,35,CLEAR,DAYLIGHT,ANGLE,NOT DIVIDED,STOP SIGN/FLASHER,DRIVING SKILLS/KNOWLEDGE/EXPERIENCE,UNABLE TO DETERMINE,0,0,1,1,17,6,7,2187,ASHLAND AVE,41.842088,-87.654156,07/08/2022 06:43:00 PM,2022
CR00021827,07/25/2019 03:03:00 PM,30,CLEAR,DAYLIGHT,TURNING,NOT DIVIDED,NO CONTROLS,DISREGARDING TRAFFIC SIGNALS,UNABLE TO DETERMINE,0,0,0,0,15,5,7,948,47TH ST,41.989202,-87.502502,07/25/2019 03:31:00 PM,2019
CR00021828,12/16/2015 05:55:00 PM,35,CLEAR,DARKNESS - LIGHTED ROAD,REAR TO FRONT,NOT DIVIDED,TRAFFIC SIGNAL,IMPROPER OVERTAKING/PASSING,IMPROPER OVERTAKING/PASSING,0,0,0,0,17,4,12,404,PULASKI RD,41.820041,-87.811699,12/16/2015 06:58:00 PM,2015
CR00021829,02/08/2016 02:55:00 PM,35,CLEAR,DARKNESS,REAR TO FRONT,NOT DIVIDED,TRAFFIC SIGNAL,IMPROPER LANE USAGE,FAILING TO YIELD RIGHT-OF-WAY,0,0,0,0,14,2,2,1959,FULLERTON AVE,41.906629,-87.5882,02/08/2016 03:49:00 PM,2016
CR00021830,11/07/2024 09:07:00 AM,35,RAIN,DAYLIGHT,REAR END,NOT DIVIDED,TRAFFIC SIGNAL,FAILING TO YIELD RIGHT-OF-WAY,IMPROPER LANE USAGE,0,0,1,1,9,5,11,983,63RD ST,41.875919,-87.71148,11/07/2024 10:22:00 AM,2024
CR00021831,08/10/2019 09:38:00 PM,20,CLOUDY/OVERCAST,DAYLIGHT,REAR TO FRONT,T-INTERSECTION,TRAFFIC SIGNAL,FAILING TO YIELD RIGHT-OF-WAY,UNABLE TO DETERMINE,0,0,0,0,21,7,8,114,CALIFORNIA AVE,41.901585,-87.540096,08/10/2019 11:02:00 PM,2019
CR00021832,07/17/2019 01:35:00 AM,40,RAIN,DUSK,ANGLE,DIVIDED - W/MEDIAN (NOT RAISED),UNKNOWN,FOLLOWING TOO CLOSELY,UNABLE TO DETERMINE,0,0,0,0,1,4,7,1502,CICERO AVE,41.78616,-87.699698,07/17/2019 02:18:00 AM,2019
CR00021833,01/18/2019 08:06:00 AM,15,CLEAR,DAYLIGHT,TURNING,NOT DIVIDED,YIELD,IMPROPER OVERTAKING/PASSING,UNABLE TO DETERMINE,0,0,0,0,8,6,1,2495,47TH ST,41.998019,-87.781337,01/18/2019 08:20:00 AM,2019
CR00021834,09/26/2020 11:52:00 AM,20,CLEAR,DAYLIGHT,TURNING,FOUR WAY,UNKNOWN,IMPROPER LANE USAGE,IMPROPER OVERTAKING/PASSING,0,0,0,0,11,7,9,587,STONY ISLAND AVE,41.896117,-87.647786,09/26/2020 12:29:00 PM,2020
CR00021835,10/07/2020 11:38:00 PM,15,CLEAR,DARKNESS,PARKED MOTOR VEHICLE,DIVIDED - W/MEDIAN BARRIER,STOP SIGN/FLASHER,DRIVING SKILLS/KNOWLEDGE/EXPERIENCE,FOLLOWING TOO CLOSELY,0,0,0,0,23,4,10,1622,ARCHER AVE,41.853074,-87.836763,10/08/2020 12:54:00 AM,2020
CR00021836,06/18/2015 04:28:00 PM,15,CLEAR,DAYLIGHT,TURNING,NOT DIVIDED,TRAFFIC SIGNAL,IMPROPER OVERTAKING/PASSING,IMPROPER OVERTAKING/PASSING,0,0,0,0,16,5,6,870,BROADWAY,41.974391,-87.834772,06/18/2015 05:28:00 PM,2015
CR00021837,10/07/2019 08:30:00 AM,45,CLEAR,DAYLIGHT,ANGLE,NOT DIVIDED,TRAFFIC SIGNAL,DISTRACTION - FROM INSIDE VEHICLE,FOLLOWING TOO CLOSELY,0,0,0,0,8,2,10,954,DIVISION ST,41.986371,-87.732401,10/07/2019 09:37:00 AM,2019
CR00021838,02/14/2019 05:08:00 PM,35,CLOUDY/OVERCAST,DAYLIGHT,REAR END,DIVIDED - W/MEDIAN BARRIER,NO CONTROLS,UNABLE TO DETERMINE,UNABLE TO DETERMINE,0,0,0,0,17,5,2,1952,47TH ST,41.743628,-87.688061,02/14/2019 05:41:00 PM,2019
CR00021839,05/11/2021 05:05:00 AM,25,RAIN,DARKNESS - LIGHTED ROAD,ANGLE,FOUR WAY,NO CONTROLS,WEATHER,IMPROPER LANE USAGE,0,0,0,0,5,3,5,2495,ELSTON AVE,41.945182,-87.591515,05/11/2021 05:21:00 AM,2021
CR00021840,07/12/2022 07:35:00 PM,20,CLEAR,DAYLIGHT,TURNING,T-INTERSECTION,NO CONTROLS,FAILING TO YIELD RIGHT-OF-WAY,DISTRACTION - FROM INSIDE VEHICLE,0,0,0,0,19,3,7,1449,OGDEN AVE,41.784962,-87.676393,07/12/2022 09:05:00 PM,2022
CR00021841,02/03/2023 12:46:00 PM,35,CLEAR,DARKNESS - LIGHTED ROAD,TURNING,NOT DIVIDED,NO CONTROLS,UNABLE TO DETERMINE,UNABLE TO DETERMINE,0,0,0,0,12,6,2,2124,CALIFORNIA AVE,41.830819,-87.596891,02/03/2023 01:25:00 PM,2023
CR00021842,06/19/2019 01:23:00 PM,45,CLEAR,DARKNESS,ANGLE,DIVIDED - W/MEDIAN (NOT RAISED),NO CONTROLS,UNABLE TO DETERMINE,FAILING TO YIELD RIGHT-OF-WAY,0,0,1,1,13,4,6,677,CLARK ST,41.921709,-87.549175,06/19/2019 02:31:00 PM,2019
CR00021843,05/15/2021 07:32:00 PM,30,CLEAR,DAYLIGHT,ANGLE,ONE-WAY,STOP SIGN/FLASHER,FOLLOWING TOO CLOSELY,FOLLOWING TOO CLOSELY,0,0,0,0,19,7,5,1014,FULLERTON AVE,41.786972,-87.569278,05/15/2021 09:26:00 PM,2021
CR00021844,01/15/2023 05:43:00 PM,30,RAIN,DARKNESS,SIDESWIPE SAME DIRECTION,DIVIDED - W/MEDIAN (NOT RAISED),TRAFFIC SIGNAL,DISTRACTION - FROM INSIDE VEHICLE,UNABLE TO DETERMINE,0,0,0,0,17,1,1,1984,CALIFORNIA AVE,41.778796,-87.71418,01/15/2023 07:30:00 PM,2023
CR00021845,05/20/2019 01:48:00 AM,35,CLOUDY/OVERCAST,DAYLIGHT,PARKED MOTOR VEHICLE,ONE-WAY,TRAFFIC SIGNAL,DISTRACTION - FROM INSIDE VEHICLE,UNABLE TO DETERMINE,0,0,1,1,1,2,5,1704,ELSTON AVE,41.724703,-87.838418,05/20/2019 03:30:00 AM,2019
CR00021846,12/05/2020 07:46:00 AM,20,CLEAR,DAYLIGHT,FIXED OBJECT,DIVIDED - W/MEDIAN (NOT RAISED),STOP SIGN/FLASHER,FOLLOWING TOO CLOSELY,DISTRACTION - FROM INSIDE VEHICLE,0,0,1,1,7,7,12,1943,MICHIGAN AVE,41.935308,-87.573436,12/05/2020 08:30:00 AM,2020
CR00021847,01/21/2019 03:24:00 PM,30,CLEAR,DAYLIGHT,ANGLE,FOUR WAY,NO CONTROLS,FOLLOWING TOO CLOSELY,FAILING TO YIELD RIGHT-OF-WAY,0,0,1,1,15,2,1,2375,ARCHER AVE,41.986706,-87.59628,01/21/2019 04:00:00 PM,2019
CR00021848,05/22/2018 12:36:00 PM,35,CLEAR,DAYLIGHT,FIXED OBJECT,ONE-WAY,TRAFFIC SIGNAL,FAILING TO YIELD RIGHT-OF-WAY,UNABLE TO DETERMINE,0,0,0,0,12,3,5,1156,BROADWAY,41.973967,-87.825706,05/22/2018 01:46:00 PM,2018
CR00021849,01/14/2016 11:29:00 AM,30,CLOUDY/OVERCAST,DARKNESS - LIGHTED ROAD,TURNING,DIVIDED - W/MEDIAN BARRIER,TRAFFIC SIGNAL,FOLLOWING TOO CLOSELY,WEATHER,0,0,0,0,11,5,1,812,63RD ST,41.925803,-87.727951,01/14/2016 01:19:00 PM,2016
CR00021850,12/18/2018 06:11:00 AM,35,CLEAR,DAYLIGHT,TURNING,ONE-WAY,TRAFFIC SIGNAL,FAILING TO REDUCE SPEED,UNABLE TO DETERMINE,0,0,0,0,6,3,12,1763,ELSTON AVE,41.72272,-87.750341,12/18/2018 06:31:00 AM,2018
CR00021851,08/14/2021 03:52:00 PM,30,CLEAR,DAYLIGHT,PARKED MOTOR VEHICLE,DIVIDED - W/MEDIAN BARRIER,STOP SIGN/FLASHER,UNABLE TO DETERMINE,DISREGARDING TRAFFIC SIGNALS,0,0,0,0,15,7,8,1023,63RD ST,41.889462,-87.652614,08/14/2021 04:28:00 PM,2021
CR00021852,02/25/2019 01:50:00 PM,35,CLEAR,DAYLIGHT,ANGLE,FOUR WAY,TRAFFIC SIGNAL,IMPROPER LANE USAGE,IMPROPER LANE USAGE,0,0,0,0,13,2,2,1334,WESTERN AVE,41.734947,-87.638441,02/25/2019 03:18:00 PM,2019
CR00021853,04/16/2021 05:12:00 PM,30,CLEAR,DARKNESS,TURNING,FOUR WAY,YIELD,IMPROPER OVERTAKING/PASSING,UNABLE TO DETERMINE,0,0,0,0,17,6,4,1713,STATE ST,41.949549,-87.611149,04/16/2021 07:10:00 PM,2021
CR00021854,07/11/2016 10:35:00 AM,30,CLEAR,DAYLIGHT,REAR END,T-INTERSECTION,STOP SIGN/FLASHER,DRIVING SKILLS/KNOWLEDGE/EXPERIENCE,DRIVING SKILLS/KNOWLEDGE/EXPERIENCE,0,0,3,3,10,2,7,963,DAMEN AVE,41.802491,-87.805017,07/11/2016 11:09:00 AM,2016
CR00021855,02/23/2017 03:41:00 AM,15,CLOUDY/OVERCAST,DAYLIGHT,REAR END,ONE-WAY,TRAFFIC SIGNAL,DISTRACTION - FROM INSIDE VEHICLE,UNABLE TO DETERMINE,0,0,0,0,3,5,2,418,FULLERTON AVE,41.853875,-87.563191,02/23/2017 04:28:00 AM,2017
CR00021856,05/20/2018 08:06:00 AM,30,CLEAR,DAYLIGHT,SIDESWIPE SAME DIRECTION,NOT DIVIDED,NO CONTROLS,IMPROPER OVERTAKING/PASSING,FAILING TO REDUCE SPEED,0,0,0,0,8,1,5,1947,STATE ST,41.776736,-87.666677,05/20/2018 08:21:00 AM,2018
CR00021857,10/15/2023 05:39:00 PM,30,RAIN,DAYLIGHT,REAR END,DIVIDED - W/MEDIAN (NOT RAISED),NO CONTROLS,UNABLE TO DETERMINE,FAILING TO REDUCE SPEED,0,0,2,2,17,1,10,701,CICERO AVE,41.93579,-87.764087,10/15/2023 07:00:00 PM,2023
CR00021858,10/18/2023 06:55:00 PM,35,CLEAR,DAYLIGHT,REAR END,ONE-WAY,TRAFFIC SIGNAL,DISTRACTION - FROM INSIDE VEHICLE,IMPROPER OVERTAKING/PASSING,0,0,0,0,18,4,10,1662,ELSTON AVE,41.953488,-87.659222,10/18/2023 06:58:00 PM,2023
CR00021859,09/13/2017 08:44:00 AM,30,CLEAR,DAYLIGHT,REAR END,T-INTERSECTION,NO CONTROLS,IMPROPER LANE USAGE,FOLLOWING TOO CLOSELY,0,0,0,0,8,4,9,1200,ROOSEVELT RD,41.746561,-87.546974,09/13/2017 09:11:00 AM,2017
CR00021860,07/18/2015 07:21:00 AM,25,CLEAR,DAYLIGHT,REAR END,NOT DIVIDED,STOP SIGN/FLASHER,DRIVING SKILLS/KNOWLEDGE/EXPERIENCE,FAILING TO YIELD RIGHT-OF-WAY,0,0,0,0,7,7,7,513,63RD ST,41.852206,-87.716695,07/18/2015 09:11:00 AM,2015
CR00021861,10/08/2017 05:34:00 PM,30,CLEAR,DAYLIGHT,ANGLE,DIVIDED - W/MEDIAN (NOT RAISED),NO CONTROLS,UNABLE TO DETERMINE,FAILING TO YIELD RIGHT-OF-WAY,0,0,0,0,17,1,10,510,CLARK ST,41.890531,-87.522971,10/08/2017 07:27:00 PM,2017
CR00021862,11/27/2023 04:30:00 AM,30,RAIN,DAYLIGHT,ANGLE,NOT DIVIDED,TRAFFIC SIGNAL,DRIVING SKILLS/KNOWLEDGE/EXPERIENCE,UNABLE TO DETERMINE,0,0,1,1,4,2,11,1234,HALSTED ST,41.917989,-87.611016,11/27/2023 04:40:00 AM,2023
CR00021863,01/25/2022 12:01:00 AM,30,CLEAR,DAYLIGHT,TURNING,NOT DIVIDED,NO CONTROLS,FOLLOWING TOO CLOSELY,DRIVING SKILLS/KNOWLEDGE/EXPERIENCE,0,0,0,0,0,3,1,2111,BROADWAY,41.856922,-87.511945,01/25/2022 12:36:00 AM,2022
CR00021864,05/17/2017 06:36:00 PM,20,RAIN,DAYLIGHT,SIDESWIPE SAME DIRECTION,NOT DIVIDED,TRAFFIC SIGNAL,DRIVING SKILLS/KNOWLEDGE/EXPERIENCE,FAILING TO YIELD RIGHT-OF-WAY,0,0,0,0,18,4,5,750,FULLERTON AVE,41.843818,-87.513913,05/17/2017 08:00:00 PM,2017
CR00021865,07/15/2022 01:00:00 AM,30,CLOUDY/OVERCAST,DARKNESS,ANGLE,NOT DIVIDED,STOP SIGN/FLASHER,FAILING TO YIELD RIGHT-OF-WAY,UNABLE TO DETERMINE,0,0,0,0,1,6,7,1142,WESTERN AVE,41.766355,-87.615145,07/15/2022 02:38:00 AM,2022
CR00021866,06/17/2015 07:18:00 AM,45,CLOUDY/OVERCAST,DAYLIGHT,PEDESTRIAN,NOT DIVIDED,STOP SIGN/FLASHER,UNABLE TO DETERMINE,UNABLE TO DETERMINE,0,0,0,0,7,4,6,884,PULASKI RD,41.963533,-87.829857,06/17/2015 09:12:00 AM,2015
CR00021867,05/30/2018 08:52:00 PM,45,CLEAR,DARKNESS,REAR END,FOUR WAY,STOP SIGN/FLASHER,DISTRACTION - FROM INSIDE VEHICLE,UNABLE TO DETERMINE,0,0,0,0,20,4,5,1760,WESTERN AVE,41.918556,-87.645519,05/30/2018 09:04:00 PM,2018
CR00021868,03/03/2022 06:57:00 AM,30,SNOW,DAYLIGHT,SIDESWIPE SAME DIRECTION,ONE-WAY,STOP SIGN/FLASHER,UNABLE TO DETERMINE,NOT APPLICABLE,0,1,1,2,6,5,3,1560,IRVING PARK RD,41.892049,-87.807516,03/03/2022 08:10:00 AM,2022
CR00021869,01/01/2015 08:22:00 PM,20,SNOW,DARKNESS - LIGHTED ROAD,SIDESWIPE SAME DIRECTION,NOT DIVIDED,NO CONTROLS,DRIVING SKILLS/KNOWLEDGE/EXPERIENCE,UNABLE TO DETERMINE,0,0,0,0,20,5,1,919,FULLERTON AVE,41.929742,-87.824185,01/01/2015 08:54:00 PM,2015
CR00021870,05/02/2024 09:23:00 PM,45,CLEAR,DAYLIGHT,ANGLE,ONE-WAY,NO CONTROLS,DRIVING SKILLS/KNOWLEDGE/EXPERIENCE,DISREGARDING TRAFFIC SIGNALS,0,0,0,0,21,5,5,481,ARCHER AVE,41.830041,-87.617666,05/02/2024 09:59:00 PM,2024
CR00021871,09/08/2023 03:59:00 PM,30,CLEAR,DAWN,REAR END,T-INTERSECTION,TRAFFIC SIGNAL,UNABLE TO DETERMINE,DISREGARDING TRAFFIC SIGNALS,0,0,0,0,15,6,9,1346,47TH ST,41.818919,-87.541267,09/08/2023 04:32:00 PM,2023
CR00021872,02/13/2019 11:06:00 AM,30,RAIN,DARKNESS,PARKED MOTOR VEHICLE,ONE-WAY,NO CONTROLS,FOLLOWING TOO CLOSELY,DISREGARDING TRAFFIC SIGNALS,0,1,2,3,11,4,2,1661,LAKE SHORE DR,41.736956,-87.596717,02/13/2019 01:03:00 PM,2019
CR00021873,02/09/2024 01:44:00 AM,30,CLEAR,DAYLIGHT,ANGLE,ONE-WAY,TRAFFIC SIGNAL,UNABLE TO DETERMINE,WEATHER,0,0,0,0,1,6,2,1488,OGDEN AVE,41.996686,-87.628017,02/09/2024 03:42:00 AM,2024
CR00021874,03/31/2018 08:07:00 AM,30,CLEAR,DARKNESS - LIGHTED ROAD,ANGLE,ONE-WAY,TRAFFIC SIGNAL,DISTRACTION - FROM INSIDE VEHICLE,DRIVING SKILLS/KNOWLEDGE/EXPERIENCE,0,0,0,0,8,7,3,276,CLARK ST,41.996896,-87.816214,03/31/2018 09:36:00 AM,2018
CR00021875,11/26/2022 01:03:00 AM,25,RAIN,DAYLIGHT,TURNING,NOT DIVIDED,UNKNOWN,UNABLE TO DETERMINE,IMPROPER OVERTAKING/PASSING,0,0,0,0,1,7,11,1321,63RD ST,41.856184,-87.813451,11/26/2022 01:26:00 AM,2022
CR00021876,01/22/2017 08:02:00 AM,40,CLEAR,DARKNESS - LIGHTED ROAD,REAR TO FRONT,ONE-WAY,UNKNOWN,FAILING TO REDUCE SPEED,UNABLE TO DETERMINE,0,0,0,0,8,1,1,1557,HALSTED ST,41.97824,-87.56992,01/22/2017 08:05:00 AM,2017
CR00021877,11/15/2021 07:52:00 AM,35,RAIN,DAYLIGHT,SIDESWIPE SAME DIRECTION,NOT DIVIDED,STOP SIGN/FLASHER,FOLLOWING TOO CLOSELY,FOLLOWING TOO CLOSELY,0,0,0,0,7,2,11,408,PULASKI RD,41.883284,-87.537104,11/15/2021 09:36:00 AM,2021
CR00021878,12/14/2017 11:55:00 PM,35,RAIN,DARKNESS,REAR TO FRONT,DIVIDED - W/MEDIAN BARRIER,NO CONTROLS,UNABLE TO DETERMINE,WEATHER,0,0,0,0,23,5,12,1230,MICHIGAN AVE,41.988627,-87.581204,12/15/2017 01:19:00 AM,2017
CR00021879,05/10/2017 02:48:00 PM,30,CLEAR,DAYLIGHT,TURNING,NOT DIVIDED,PEDESTRIAN CROSSING SIGN,IMPROPER LANE USAGE,IMPROPER LANE USAGE,0,0,0,0,14,4,5,1783,CLARK ST,41.978156,-87.750323,05/10/2017 04:35:00 PM,2017
CR00021880,11/26/2019 01:49:00 PM,30,CLEAR,DARKNESS - LIGHTED ROAD,TURNING,ONE-WAY,NO CONTROLS,IMPROPER LANE USAGE,FOLLOWING TOO CLOSELY,0,0,1,1,13,3,11,1140,DIVISION ST,41.809527,-87.739837,11/26/2019 02:48:00 PM,2019
CR00021881,02/16/2019 05:49:00 PM,40,CLEAR,DAYLIGHT,REAR END,NOT DIVIDED,NO CONTROLS,DISTRACTION - FROM INSIDE VEHICLE,DISTRACTION - FROM INSIDE VEHICLE,0,0,0,0,17,7,2,2280,IRVING PARK RD,41.990345,-87.526829,02/16/2019 07:32:00 PM,2019
CR00021882,03/31/2015 01:15:00 AM,30,CLEAR,DAYLIGHT,TURNING,ONE-WAY,NO CONTROLS,UNABLE TO DETERMINE,FOLLOWING TOO CLOSELY,0,0,1,1,1,3,3,822,ARCHER AVE,41.780147,-87.741407,03/31/2015 01:45:00 AM,2015
CR00021883,10/03/2022 09:19:00 AM,30,CLEAR,DARKNESS,TURNING,ONE-WAY,NO CONTROLS,UNABLE TO DETERMINE,NOT APPLICABLE,0,0,0,0,9,2,10,363,KEDZIE AVE,41.979368,-87.723046,10/03/2022 10:46:00 AM,2022
CR00021884,05/27/2022 09:59:00 AM,45,RAIN,DUSK,REAR END,ONE-WAY,YIELD,FOLLOWING TOO CLOSELY,FAILING TO YIELD RIGHT-OF-WAY,0,1,2,3,9,6,5,1991,MICHIGAN AVE,41.760111,-87.607143,05/27/2022 10:43:00 AM,2022
CR00021885,01/10/2024 09:10:00 AM,15,CLEAR,DARKNESS - LIGHTED ROAD,REAR END,NOT DIVIDED,NO CONTROLS,FAILING TO REDUCE SPEED,UNABLE TO DETERMINE,0,0,0,0,9,4,1,2221,ELSTON AVE,41.805599,-87.715166,01/10/2024 10:14:00 AM,2024
CR00021886,08/25/2019 03:44:00 PM,30,CLEAR,DAYLIGHT,REAR END,NOT DIVIDED,YIELD,DISTRACTION - FROM INSIDE VEHICLE,FOLLOWING TOO CLOSELY,0,0,0,0,15,1,8,675,DAMEN AVE,41.930873,-87.808598,08/25/2019 04:01:00 PM,2019
CR00021887,11/28/2019 01:19:00 AM,30,CLEAR,DAYLIGHT,REAR END,NOT DIVIDED,NO CONTROLS,WEATHER,IMPROPER LANE USAGE,0,0,0,0,1,5,11,1162,ELSTON AVE,41.942284,-87.586236,11/28/2019 02:27:00 AM,2019
CR00021888,10/09/2019 08:08:00 PM,45,CLEAR,DAYLIGHT,REAR END,NOT DIVIDED,TRAFFIC SIGNAL,DISTRACTION - FROM INSIDE VEHICLE,WEATHER,0,0,0,0,20,4,10,1478,STONY ISLAND AVE,41.851634,-87.758979,10/09/2019 09:33:00 PM,2019
CR00021889,04/23/2021 06:56:00 PM,45,CLEAR,DAYLIGHT,SIDESWIPE SAME DIRECTION,NOT DIVIDED,TRAFFIC SIGNAL,UNABLE TO DETERMINE,UNABLE TO DETERMINE,0,0,0,0,18,6,4,852,ARCHER AVE,41.950112,-87.558297,04/23/2021 07:00:00 PM,2021
CR00021890,09/15/2022 10:29:00 AM,30,CLEAR,DARKNESS - LIGHTED ROAD,ANGLE,FOUR WAY,STOP SIGN/FLASHER,FAILING TO YIELD RIGHT-OF-WAY,UNABLE TO DETERMINE,0,1,0,1,10,5,9,1328,DAMEN AVE,41.949327,-87.509122,09/15/2022 11:59:00 AM,2022