CRASH_RECORD_ID,CRASH_DATE,POSTED_SPEED_LIMIT,WEATHER_CONDITION,LIGHTING_CONDITION,FIRST_CRASH_TYPE,TRAFFICWAY_TYPE,TRAFFIC_CONTROL_DEVICE,PRIM_CONTRIBUTORY_CAUSE,SEC_CONTRIBUTORY_CAUSE,INJURIES_FATAL,INJURIES_INCAPACITATING,INJURIES_NON_INCAPACITATING,INJURIES_TOTAL,CRASH_HOUR,CRASH_DAY_OF_WEEK,CRASH_MONTH,BEAT_OF_OCCURRENCE,STREET_NAME,LATITUDE,LONGITUDE,DATE_POLICE_NOTIFIED,year
CR00021891,06/22/2021 07:23:00 PM,30,CLEAR,DARKNESS - LIGHTED ROAD,ANGLE,ONE-WAY,STOP SIGN/FLASHER,IMPROPER LANE USAGE,IMPROPER OVERTAKING/PASSING,0,0,0,0,19,3,6,1394,IRVING PARK RD,41.785246,-87.800397,06/22/2021 07:24:00 PM,2021
CR00021892,04/16/2017 05:34:00 PM,30,RAIN,DAYLIGHT,REAR END,NOT DIVIDED,NO CONTROLS,FAILING TO REDUCE SPEED,UNABLE TO DETERMINE,0,0,0,0,17,1,4,1716,79TH ST,41.785335,-87.598311,04/16/2017 05:46:00 PM,2017
CR00021893,07/14/2015 11:53:00 PM,30,RAIN,DAYLIGHT,PARKED MOTOR VEHICLE,DIVIDED - W/MEDIAN BARRIER,NO CONTROLS,UNABLE TO DETERMINE,DISTRACTION - FROM INSIDE VEHICLE,0,0,0,0,23,3,7,616,PULASKI RD,41.762192,-87.53435,07/15/2015 01:11:00 AM,2015
CR00021894,01/10/2018 03:02:00 PM,20,RAIN,DARKNESS - LIGHTED ROAD,FIXED OBJECT,DIVIDED - W/MEDIAN (NOT RAISED),PEDESTRIAN CROSSING SIGN,FOLLOWING TOO CLOSELY,DISREGARDING TRAFFIC SIGNALS,0,0,0,0,15,4,1,754,ARCHER AVE,41.790835,-87.656387,01/10/2018 03:51:00 PM,2018
CR00021895,10/15/2020 03:31:00 PM,30,CLEAR,DAYLIGHT,SIDESWIPE SAME DIRECTION,T-INTERSECTION,NO CONTROLS,DRIVING SKILLS/KNOWLEDGE/EXPERIENCE,DRIVING SKILLS/KNOWLEDGE/EXPERIENCE,0,0,0,0,15,5,10,2414,CALIFORNIA AVE,41.967618,-87.808263,10/15/2020 04:33:00 PM,2020
CR00021896,11/10/2019 12:38:00 PM,30,CLEAR,DARKNESS - LIGHTED ROAD,SIDESWIPE SAME DIRECTION,DIVIDED - W/MEDIAN (NOT RAISED),TRAFFIC SIGNAL,FOLLOWING TOO CLOSELY,DRIVING SKILLS/KNOWLEDGE/EXPERIENCE,0,0,0,0,12,1,11,1216,FULLERTON AVE,41.751683,-87.733609,11/10/2019 02:07:00 PM,2019
CR00021897,12/25/2021 05:53:00 AM,35,CLEAR,DAYLIGHT,REAR END,NOT DIVIDED,NO CONTROLS,FOLLOWING TOO CLOSELY,UNABLE TO DETERMINE,0,1,2,3,5,7,12,1501,79TH ST,41.802159,-87.611707,12/25/2021 06:43:00 AM,2021
CR00021898,08/26/2018 08:54:00 PM,30,CLEAR,DAYLIGHT,TURNING,NOT DIVIDED,NO CONTROLS,DISTRACTION - FROM INSIDE VEHICLE,DISTRACTION - FROM INSIDE VEHICLE,0,0,0,0,20,1,8,2072,ARCHER AVE,41.80295,-87.71597,08/26/2018 09:23:00 PM,2018
CR00021899,06/11/2021 07:48:00 PM,25,CLEAR,DAYLIGHT,FIXED OBJECT,T-INTERSECTION,STOP SIGN/FLASHER,UNABLE TO DETERMINE,FOLLOWING TOO CLOSELY,0,0,0,0,19,6,6,870,ARCHER AVE,41.926603,-87.616842,06/11/2021 07:52:00 PM,2021
CR00021900,07/29/2024 06:55:00 PM,35,CLEAR,DARKNESS - LIGHTED ROAD,ANGLE,FOUR WAY,STOP SIGN/FLASHER,FOLLOWING TOO CLOSELY,NOT APPLICABLE,0,0,0,0,18,2,7,2206,PULASKI RD,41.751138,-87.532478,07/29/2024 08:01:00 PM,2024
CR00021901,05/13/2023 10:23:00 AM,30,CLEAR,DAWN,SIDESWIPE SAME DIRECTION,NOT DIVIDED,TRAFFIC SIGNAL,IMPROPER OVERTAKING/PASSING,IMPROPER OVERTAKING/PASSING,0,1,1,2,10,7,5,1914,CICERO AVE,41.844549,-87.616115,05/13/2023 10:35:00 AM,2023
CR00021902,06/06/2018 08:29:00 AM,35,CLEAR,DAWN,REAR END,NOT DIVIDED,NO CONTROLS,IMPROPER OVERTAKING/PASSING,FAILING TO REDUCE SPEED,0,0,0,0,8,4,6,1157,ASHLAND AVE,41.751813,-87.519108,06/06/2018 09:30:00 AM,2018
CR00021903,01/13/2022 02:33:00 PM,25,CLEAR,DAYLIGHT,PARKED MOTOR VEHICLE,T-INTERSECTION,TRAFFIC SIGNAL,IMPROPER LANE USAGE,IMPROPER OVERTAKING/PASSING,0,0,0,0,14,5,1,1719,DIVISION ST,41.860053,-87.649723,01/13/2022 04:08:00 PM,2022
CR00021904,09/16/2020 09:29:00 AM,30,CLEAR,DAYLIGHT,REAR END,DIVIDED - W/MEDIAN (NOT RAISED),PEDESTRIAN CROSSING SIGN,UNABLE TO DETERMINE,IMPROPER OVERTAKING/PASSING,0,0,0,0,9,4,9,2461,KEDZIE AVE,41.845212,-87.741489,09/16/2020 09:40:00 AM,2020
CR00021905,03/16/2020 04:06:00 PM,30,CLEAR,DARKNESS - LIGHTED ROAD,REAR END,ONE-WAY,NO CONTROLS,FOLLOWING TOO CLOSELY,IMPROPER OVERTAKING/PASSING,0,1,1,2,16,2,3,1961,FULLERTON AVE,41.736465,-87.576613,03/16/2020 04:23:00 PM,2020
CR00021906,06/08/2018 05:34:00 PM,45,CLEAR,DAYLIGHT,ANGLE,NOT DIVIDED,UNKNOWN,UNABLE TO DETERMINE,NOT APPLICABLE,0,0,1,1,17,6,6,648,CICERO AVE,41.954136,-87.747159,06/08/2018 05:42:00 PM,2018
CR00021907,02/15/2023 10:48:00 AM,25,RAIN,DAYLIGHT,TURNING,NOT DIVIDED,UNKNOWN,UNABLE TO DETERMINE,UNABLE TO DETERMINE,0,0,0,0,10,4,2,284,MILWAUKEE AVE,41.859575,-87.819855,02/15/2023 11:04:00 AM,2023
CR00021908,11/08/2023 09:15:00 PM,15,CLEAR,DUSK,ANGLE,NOT DIVIDED,TRAFFIC SIGNAL,IMPROPER LANE USAGE,IMPROPER OVERTAKING/PASSING,0,0,0,0,21,4,11,665,47TH ST,41.912384,-87.585143,11/08/2023 09:44:00 PM,2023
CR00021909,03/19/2020 12:53:00 PM,45,RAIN,DARKNESS - LIGHTED ROAD,TURNING,DIVIDED - W/MEDIAN BARRIER,NO CONTROLS,FAILING TO YIELD RIGHT-OF-WAY,UNABLE TO DETERMINE,0,0,0,0,12,5,3,669,DIVISION ST,41.875549,-87.699916,03/19/2020 02:28:00 PM,2020
CR00021910,02/06/2017 08:27:00 AM,35,CLEAR,DAYLIGHT,SIDESWIPE SAME DIRECTION,NOT DIVIDED,TRAFFIC SIGNAL,UNABLE TO DETERMINE,UNABLE TO DETERMINE,0,0,0,0,8,2,2,1653,STATE ST,41.964844,-87.726083,02/06/2017 08:33:00 AM,2017
CR00021911,08/28/2024 05:58:00 PM,20,CLEAR,DAYLIGHT,SIDESWIPE SAME DIRECTION,FOUR WAY,TRAFFIC SIGNAL,DISTRACTION - FROM INSIDE VEHICLE,FAILING TO YIELD RIGHT-OF-WAY,0,0,0,0,17,4,8,414,STATE ST,41.905815,-87.776313,08/28/2024 06:45:00 PM,2024
CR00021912,03/30/2021 09:04:00 AM,30,CLEAR,DAYLIGHT,REAR END,DIVIDED - W/MEDIAN (NOT RAISED),TRAFFIC SIGNAL,FAILING TO YIELD RIGHT-OF-WAY,UNABLE TO DETERMINE,0,0,2,2,9,3,3,2185,BROADWAY,41.880492,-87.51274,03/30/2021 09:57:00 AM,2021
CR00021913,09/23/2017 12:09:00 PM,20,CLEAR,DAYLIGHT,REAR END,DIVIDED - W/MEDIAN (NOT RAISED),NO CONTROLS,DRIVING SKILLS/KNOWLEDGE/EXPERIENCE,FAILING TO YIELD RIGHT-OF-WAY,0,0,1,1,12,7,9,169,BROADWAY,41.801768,-87.644496,09/23/2017 01:23:00 PM,2017
CR00021914,02/06/2019 01:00:00 AM,45,CLEAR,DUSK,ANGLE,ONE-WAY,TRAFFIC SIGNAL,UNABLE TO DETERMINE,DISREGARDING TRAFFIC SIGNALS,0,0,0,0,1,4,2,121,ARCHER AVE,41.856677,-87.77854,02/06/2019 01:14:00 AM,2019
CR00021915,08/26/2020 08:50:00 AM,40,CLEAR,DARKNESS - LIGHTED ROAD,REAR END,DIVIDED - W/MEDIAN BARRIER,NO CONTROLS,DISTRACTION - FROM INSIDE VEHICLE,FOLLOWING TOO CLOSELY,0,0,0,0,8,4,8,1838,WESTERN AVE,41.735541,-87.556835,08/26/2020 10:30:00 AM,2020
CR00021916,01/17/2015 09:55:00 AM,35,FREEZING RAIN/DRIZZLE,DAYLIGHT,ANGLE,DIVIDED - W/MEDIAN (NOT RAISED),UNKNOWN,FOLLOWING TOO CLOSELY,FAILING TO YIELD RIGHT-OF-WAY,0,0,0,0,9,7,1,1931,STONY ISLAND AVE,41.832814,-87.584556,01/17/2015 10:10:00 AM,2015
CR00021917,07/28/2018 04:06:00 PM,40,CLEAR,DARKNESS - LIGHTED ROAD,TURNING,FOUR WAY,PEDESTRIAN CROSSING SIGN,UNABLE TO DETERMINE,UNABLE TO DETERMINE,0,0,0,0,16,7,7,717,CICERO AVE,41.792559,-87.67409,07/28/2018 05:26:00 PM,2018
CR00021918,10/10/2018 06:35:00 PM,30,CLEAR,DARKNESS - LIGHTED ROAD,ANGLE,T-INTERSECTION,NO CONTROLS,FAILING TO REDUCE SPEED,UNABLE TO DETERMINE,0,0,1,1,18,4,10,561,MILWAUKEE AVE,41.863364,-87.598225,10/10/2018 08:33:00 PM,2018
CR00021919,02/28/2023 03:15:00 PM,45,CLOUDY/OVERCAST,DAYLIGHT,PARKED MOTOR VEHICLE,NOT DIVIDED,NO CONTROLS,UNABLE TO DETERMINE,FAILING TO REDUCE SPEED,0,0,1,1,15,3,2,1744,PULASKI RD,41.849226,-87.679889,02/28/2023 04:01:00 PM,2023
CR00021920,02/14/2022 11:15:00 PM,25,SNOW,DARKNESS - LIGHTED ROAD,REAR END,NOT DIVIDED,NO CONTROLS,IMPROPER OVERTAKING/PASSING,WEATHER,0,0,1,1,23,2,2,312,OGDEN AVE,41.772817,-87.785487,02/15/2022 12:48:00 AM,2022
CR00021921,08/26/2024 07:45:00 AM,20,CLEAR,DAYLIGHT,TURNING,ONE-WAY,TRAFFIC SIGNAL,FOLLOWING TOO CLOSELY,NOT APPLICABLE,0,0,0,0,7,2,8,1110,OGDEN AVE,41.965013,-87.829157,08/26/2024 08:39:00 AM,2024
CR00021922,02/20/2024 01:22:00 PM,35,CLEAR,DAYLIGHT,REAR TO FRONT,NOT DIVIDED,PEDESTRIAN CROSSING SIGN,FAILING TO REDUCE SPEED,FAILING TO REDUCE SPEED,0,0,2,2,13,3,2,1936,ARCHER AVE,41.78273,-87.517612,02/20/2024 01:39:00 PM,2024
CR00021923,11/21/2021 08:51:00 AM,30,CLEAR,DAYLIGHT,PARKED MOTOR VEHICLE,NOT DIVIDED,TRAFFIC SIGNAL,FOLLOWING TOO CLOSELY,DISREGARDING TRAFFIC SIGNALS,0,0,0,0,8,1,11,455,CLARK ST,41.954026,-87.648776,11/21/2021 10:34:00 AM,2021
CR00021924,03/27/2022 09:38:00 AM,35,CLEAR,DAYLIGHT,SIDESWIPE SAME DIRECTION,ONE-WAY,TRAFFIC SIGNAL,FAILING TO YIELD RIGHT-OF-WAY,FOLLOWING TOO CLOSELY,0,0,0,0,9,1,3,129,STONY ISLAND AVE,41.837902,-87.708637,03/27/2022 10:49:00 AM,2022
CR00021925,09/06/2024 08:42:00 AM,30,RAIN,DAYLIGHT,SIDESWIPE SAME DIRECTION,FOUR WAY,PEDESTRIAN CROSSING SIGN,FOLLOWING TOO CLOSELY,UNABLE TO DETERMINE,0,0,0,0,8,6,9,144,CLARK ST,41.922157,-87.793833,09/06/2024 09:42:00 AM,2024
CR00021926,10/21/2019 03:36:00 AM,25,CLOUDY/OVERCAST,DAYLIGHT,TURNING,ONE-WAY,STOP SIGN/FLASHER,DISTRACTION - FROM INSIDE VEHICLE,FAILING TO YIELD RIGHT-OF-WAY,0,0,0,0,3,2,10,647,MILWAUKEE AVE,41.832375,-87.575015,10/21/2019 03:51:00 AM,2019
CR00021927,12/25/2020 12:48:00 PM,35,CLEAR,DARKNESS,SIDESWIPE SAME DIRECTION,NOT DIVIDED,NO CONTROLS,IMPROPER LANE USAGE,DRIVING SKILLS/KNOWLEDGE/EXPERIENCE,0,0,0,0,12,6,12,1423,DAMEN AVE,41.952478,-87.688044,12/25/2020 01:12:00 PM,2020
CR00021928,01/01/2016 05:38:00 PM,20,CLEAR,DAYLIGHT,REAR END,DIVIDED - W/MEDIAN BARRIER,NO CONTROLS,IMPROPER LANE USAGE,FOLLOWING TOO CLOSELY,0,0,0,0,17,6,1,380,IRVING PARK RD,41.70746,-87.593972,01/01/2016 06:38:00 PM,2016
CR00021929,09/15/2015 07:01:00 PM,35,CLEAR,DAYLIGHT,SIDESWIPE SAME DIRECTION,T-INTERSECTION,NO CONTROLS,UNABLE TO DETERMINE,NOT APPLICABLE,0,0,0,0,19,3,9,1755,CICERO AVE,41.930378,-87.70589,09/15/2015 07:58:00 PM,2015
CR00021930,06/14/2020 03:26:00 PM,30,CLEAR,DARKNESS - LIGHTED ROAD,REAR END,NOT DIVIDED,NO CONTROLS,UNABLE TO DETERMINE,IMPROPER LANE USAGE,0,0,0,0,15,1,6,1868,CALIFORNIA AVE,41.880755,-87.836671,06/14/2020 04:46:00 PM,2020
CR00021931,07/17/2021 03:36:00 PM,45,CLEAR,DAYLIGHT,ANGLE,ONE-WAY,TRAFFIC SIGNAL,FOLLOWING TOO CLOSELY,DISREGARDING TRAFFIC SIGNALS,0,0,0,0,15,7,7,2373,CALIFORNIA AVE,41.741732,-87.808674,07/17/2021 04:18:00 PM,2021
CR00021932,09/12/2023 11:57:00 PM,30,CLEAR,DAYLIGHT,TURNING,NOT DIVIDED,TRAFFIC SIGNAL,DISTRACTION - FROM INSIDE VEHICLE,FAILING TO REDUCE SPEED,0,0,0,0,23,3,9,1672,OGDEN AVE,41.969777,-87.731447,09/13/2023 01:21:00 AM,2023
CR00021933,04/03/2022 05:04:00 PM,20,CLEAR,DAYLIGHT,SIDESWIPE SAME DIRECTION,ONE-WAY,NO CONTROLS,IMPROPER OVERTAKING/PASSING,FOLLOWING TOO CLOSELY,0,1,1,2,17,1,4,690,HALSTED ST,41.847951,-87.502173,04/03/2022 06:49:00 PM,2022
CR00021934,08/28/2021 06:00:00 PM,25,SNOW,DAYLIGHT,REAR END,DIVIDED - W/MEDIAN (NOT RAISED),STOP SIGN/FLASHER,UNABLE TO DETERMINE,UNABLE TO DETERMINE,0,0,0,0,18,7,8,454,KEDZIE AVE,41.724138,-87.805176,08/28/2021 06:40:00 PM,2021
CR00021935,01/16/2015 11:31:00 AM,25,CLEAR,DAYLIGHT,ANGLE,FOUR WAY,STOP SIGN/FLASHER,UNABLE TO DETERMINE,FAILING TO YIELD RIGHT-OF-WAY,0,0,0,0,11,6,1,1241,BROADWAY,41.874318,-87.677038,01/16/2015 12:49:00 PM,2015
CR00021936,10/26/2016 11:12:00 PM,30,CLEAR,DARKNESS,TURNING,ONE-WAY,UNKNOWN,UNABLE TO DETERMINE,UNABLE TO DETERMINE,0,0,0,0,23,4,10,726,DAMEN AVE,41.909269,-87.668585,10/27/2016 12:59:00 AM,2016
CR00021937,12/28/2023 07:38:00 AM,35,CLEAR,DUSK,TURNING,DIVIDED - W/MEDIAN (NOT RAISED),TRAFFIC SIGNAL,IMPROPER OVERTAKING/PASSING,DISREGARDING TRAFFIC SIGNALS,0,1,2,3,7,5,12,198,CALIFORNIA AVE,41.807852,-87.519286,12/28/2023 09:36:00 AM,2023
CR00021938,04/28/2019 03:05:00 AM,40,CLEAR,DUSK,TURNING,T-INTERSECTION,PEDESTRIAN CROSSING SIGN,DISTRACTION - FROM INSIDE VEHICLE,DRIVING SKILLS/KNOWLEDGE/EXPERIENCE,0,0,0,0,3,1,4,1210,BROADWAY,41.757953,-87.511881,04/28/2019 04:16:00 AM,2019
CR00021939,01/01/2020 05:01:00 PM,30,CLOUDY/OVERCAST,DAYLIGHT,TURNING,NOT DIVIDED,STOP SIGN/FLASHER,DISREGARDING TRAFFIC SIGNALS,NOT APPLICABLE,0,0,0,0,17,4,1,2042,ROOSEVELT RD,41.715449,-87.743194,01/01/2020 06:45:00 PM,2020
CR00021940,12/01/2022 07:59:00 PM,20,CLEAR,DARKNESS - LIGHTED ROAD,REAR END,NOT DIVIDED,TRAFFIC SIGNAL,UNABLE TO DETERMINE,UNABLE TO DETERMINE,0,0,0,0,19,5,12,900,ASHLAND AVE,41.78477,-87.666874,12/01/2022 08:56:00 PM,2022
CR00021941,04/16/2023 05:00:00 PM,35,CLEAR,DAYLIGHT,ANGLE,DIVIDED - W/MEDIAN BARRIER,TRAFFIC SIGNAL,FOLLOWING TOO CLOSELY,UNABLE TO DETERMINE,0,0,1,1,17,1,4,2198,OGDEN AVE,41.790529,-87.811917,04/16/2023 06:58:00 PM,2023
CR00021942,11/23/2021 08:55:00 AM,25,CLEAR,DARKNESS - LIGHTED ROAD,SIDESWIPE SAME DIRECTION,NOT DIVIDED,UNKNOWN,DISTRACTION - FROM INSIDE VEHICLE,FAILING TO YIELD RIGHT-OF-WAY,0,0,1,1,8,3,11,974,DIVISION ST,41.80045,-87.731708,11/23/2021 10:00:00 AM,2021
CR00021943,10/10/2022 07:44:00 AM,35,CLOUDY/OVERCAST,DARKNESS,REAR TO FRONT,NOT DIVIDED,NO CONTROLS,UNABLE TO DETERMINE,WEATHER,0,0,0,0,7,2,10,2176,63RD ST,41.955428,-87.740922,10/10/2022 08:49:00 AM,2022
CR00021944,01/18/2019 11:18:00 AM,35,CLEAR,DAYLIGHT,PARKED MOTOR VEHICLE,ONE-WAY,TRAFFIC SIGNAL,DRIVING SKILLS/KNOWLEDGE/EXPERIENCE,FOLLOWING TOO CLOSELY,0,0,0,0,11,6,1,1477,STATE ST,41.753683,-87.631802,01/18/2019 11:23:00 AM,2019
CR00021945,12/27/2017 03:34:00 PM,30,CLEAR,DAYLIGHT,REAR END,FOUR WAY,NO CONTROLS,FAILING TO YIELD RIGHT-OF-WAY,UNABLE TO DETERMINE,0,0,1,1,15,4,12,272,KEDZIE AVE,41.854565,-87.557051,12/27/2017 03:35:00 PM,2017
CR00021946,07/08/2022 04:37:00 PM,35,CLOUDY/OVERCAST,DAYLIGHT,REAR END,NOT DIVIDED,NO CONTROLS,FAILING TO YIELD RIGHT-OF-WAY,DRIVING SKILLS/KNOWLEDGE/EXPERIENCE,0,0,0,0,16,6,7,2370,MICHIGAN AVE,41.859461,-87.527564,07/08/2022 04:44:00 PM,2022
CR00021947,12/15/2018 02:39:00 PM,20,CLEAR,DAYLIGHT,TURNING,ONE-WAY,TRAFFIC SIGNAL,FAILING TO YIELD RIGHT-OF-WAY,IMPROPER LANE USAGE,0,0,0,0,14,7,12,148,KEDZIE AVE,41.740066,-87.56893,12/15/2018 02:50:00 PM,2018
CR00021948,08/28/2023 07:54:00 PM,15,CLEAR,DARKNESS,ANGLE,DIVIDED - W/MEDIAN (NOT RAISED),YIELD,FAILING TO REDUCE SPEED,FAILING TO REDUCE SPEED,0,0,0,0,19,2,8,1800,ELSTON AVE,41.842376,-87.848092,08/28/2023 09:37:00 PM,2023
CR00021949,02/09/2024 09:53:00 AM,20,CLOUDY/OVERCAST,DUSK,TURNING,DIVIDED - W/MEDIAN BARRIER,NO CONTROLS,UNABLE TO DETERMINE,UNABLE TO DETERMINE,0,0,0,0,9,6,2,1026,FULLERTON AVE,41.965687,-87.846702,02/09/2024 10:30:00 AM,2024
CR00021950,03/06/2019 07:43:00 AM,35,CLEAR,DAYLIGHT,ANGLE,ONE-WAY,TRAFFIC SIGNAL,FOLLOWING TOO CLOSELY,FAILING TO REDUCE SPEED,0,0,0,0,7,4,3,151,HALSTED ST,41.716605,-87.676916,03/06/2019 08:33:00 AM,2019
CR00021951,01/21/2016 05:37:00 PM,30,RAIN,DAYLIGHT,REAR END,NOT DIVIDED,STOP SIGN/FLASHER,IMPROPER OVERTAKING/PASSING,UNABLE TO DETERMINE,0,0,0,0,17,5,1,1991,47TH ST,41.817919,-87.836091,01/21/2016 06:20:00 PM,2016
CR00021952,07/06/2022 08:02:00 AM,15,SNOW,DARKNESS - LIGHTED ROAD,ANGLE,NOT DIVIDED,STOP SIGN/FLASHER,FOLLOWING TOO CLOSELY,FOLLOWING TOO CLOSELY,0,0,0,0,8,4,7,995,PULASKI RD,41.939174,-87.518732,07/06/2022 09:37:00 AM,2022
CR00021953,08/16/2016 04:43:00 PM,30,CLOUDY/OVERCAST,DAYLIGHT,TURNING,NOT DIVIDED,NO CONTROLS,IMPROPER OVERTAKING/PASSING,UNABLE TO DETERMINE,0,0,0,0,16,3,8,309,CLARK ST,41.863801,-87.569774,08/16/2016 05:33:00 PM,2016
CR00021954,06/11/2018 04:27:00 PM,30,FOG/SMOKE/HAZE,DARKNESS - LIGHTED ROAD,SIDESWIPE SAME DIRECTION,NOT DIVIDED,NO CONTROLS,FAILING TO YIELD RIGHT-OF-WAY,NOT APPLICABLE,0,0,0,0,16,2,6,1922,CALIFORNIA AVE,41.996389,-87.769155,06/11/2018 05:34:00 PM,2018
CR00021955,04/22/2021 10:39:00 AM,15,CLEAR,DAYLIGHT,ANGLE,DIVIDED - W/MEDIAN BARRIER,STOP SIGN/FLASHER,FAILING TO YIELD RIGHT-OF-WAY,DRIVING SKILLS/KNOWLEDGE/EXPERIENCE,0,0,3,3,10,5,4,1704,47TH ST,41.789002,-87.749714,04/22/2021 12:20:00 PM,2021
CR00021956,08/27/2018 03:57:00 PM,45,CLEAR,DAYLIGHT,TURNING,ONE-WAY,TRAFFIC SIGNAL,DRIVING SKILLS/KNOWLEDGE/EXPERIENCE,IMPROPER LANE USAGE,0,1,1,2,15,2,8,1533,ARCHER AVE,41.956381,-87.670446,08/27/2018 04:55:00 PM,2018
CR00021957,08/24/2022 04:16:00 PM,30,CLOUDY/OVERCAST,DARKNESS,PARKED MOTOR VEHICLE,T-INTERSECTION,STOP SIGN/FLASHER,DISTRACTION - FROM INSIDE VEHICLE,FAILING TO YIELD RIGHT-OF-WAY,0,0,0,0,16,4,8,1386,STATE ST,41.715225,-87.517715,08/24/2022 05:05:00 PM,2022
CR00021958,02/19/2015 04:28:00 PM,45,CLEAR,DAYLIGHT,SIDESWIPE SAME DIRECTION,NOT DIVIDED,NO CONTROLS,FOLLOWING TOO CLOSELY,FOLLOWING TOO CLOSELY,0,0,0,0,16,5,2,1886,HALSTED ST,41.701179,-87.64932,02/19/2015 05:04:00 PM,2015
CR00021959,08/13/2021 06:17:00 AM,20,CLEAR,DAYLIGHT,PARKED MOTOR VEHICLE,DIVIDED - W/MEDIAN BARRIER,NO CONTROLS,FAILING TO YIELD RIGHT-OF-WAY,DRIVING SKILLS/KNOWLEDGE/EXPERIENCE,0,0,0,0,6,6,8,2081,PULASKI RD,41.759434,-87.623581,08/13/2021 07:26:00 AM,2021
CR00021960,04/27/2021 05:01:00 PM,30,CLEAR,DARKNESS - LIGHTED ROAD,REAR END,DIVIDED - W/MEDIAN BARRIER,STOP SIGN/FLASHER,DISREGARDING TRAFFIC SIGNALS,UNABLE TO DETERMINE,0,0,0,0,17,3,4,1493,DIVISION ST,41.909091,-87.554593,04/27/2021 05:41:00 PM,2021
CR00021961,04/19/2020 05:06:00 PM,45,CLEAR,DARKNESS - LIGHTED ROAD,REAR END,NOT DIVIDED,NO CONTROLS,FAILING TO YIELD RIGHT-OF-WAY,IMPROPER LANE USAGE,0,0,0,0,17,1,4,1062,STONY ISLAND AVE,41.999469,-87.744113,04/19/2020 06:25:00 PM,2020
CR00021962,03/07/2016 10:13:00 AM,40,CLEAR,DARKNESS - LIGHTED ROAD,REAR END,DIVIDED - W/MEDIAN (NOT RAISED),NO CONTROLS,UNABLE TO DETERMINE,IMPROPER OVERTAKING/PASSING,0,0,0,0,10,2,3,2285,DAMEN AVE,41.927071,-87.681167,03/07/2016 12:13:00 PM,2016
CR00021963,05/28/2018 03:02:00 PM,25,CLEAR,DAYLIGHT,PEDESTRIAN,NOT DIVIDED,NO CONTROLS,WEATHER,FOLLOWING TOO CLOSELY,0,0,0,0,15,2,5,2362,FULLERTON AVE,41.94215,-87.566434,05/28/2018 04:35:00 PM,2018
CR00021964,06/08/2019 10:43:00 AM,30,SNOW,DUSK,FIXED OBJECT,ONE-WAY,TRAFFIC SIGNAL,FOLLOWING TOO CLOSELY,FOLLOWING TOO CLOSELY,0,0,0,0,10,7,6,723,CALIFORNIA AVE,41.869921,-87.729955,06/08/2019 12:33:00 PM,2019
CR00021965,11/07/2018 08:44:00 PM,35,CLEAR,DAYLIGHT,SIDESWIPE SAME DIRECTION,NOT DIVIDED,NO CONTROLS,IMPROPER LANE USAGE,UNABLE TO DETERMINE,0,0,0,0,20,4,11,2457,OGDEN AVE,41.98439,-87.577541,11/07/2018 09:52:00 PM,2018
CR00021966,03/25/2016 01:53:00 AM,25,SNOW,DAYLIGHT,FIXED OBJECT,NOT DIVIDED,TRAFFIC SIGNAL,DISTRACTION - FROM INSIDE VEHICLE,FAILING TO YIELD RIGHT-OF-WAY,0,0,0,0,1,6,3,1768,KEDZIE AVE,41.978941,-87.55882,03/25/2016 03:00:00 AM,2016
CR00021967,03/30/2023 05:16:00 PM,30,CLEAR,DARKNESS,SIDESWIPE SAME DIRECTION,FOUR WAY,TRAFFIC SIGNAL,FAILING TO REDUCE SPEED,NOT APPLICABLE,0,0,0,0,17,5,3,1716,PULASKI RD,41.785845,-87.606824,03/30/2023 06:57:00 PM,2023
CR00021968,02/25/2017 12:53:00 AM,30,CLEAR,DARKNESS - LIGHTED ROAD,REAR END,NOT DIVIDED,TRAFFIC SIGNAL,DISREGARDING TRAFFIC SIGNALS,DISREGARDING TRAFFIC SIGNALS,0,0,0,0,0,7,2,1601,FULLERTON AVE,41.941104,-87.698126,02/25/2017 02:19:00 AM,2017
CR00021969,01/18/2016 07:35:00 AM,25,CLEAR,DARKNESS - LIGHTED ROAD,REAR END,NOT DIVIDED,TRAFFIC SIGNAL,FOLLOWING TOO CLOSELY,DISTRACTION - FROM INSIDE VEHICLE,0,0,0,0,7,2,1,2460,BROADWAY,41.75358,-87.776045,01/18/2016 08:07:00 AM,2016
CR00021970,05/24/2018 08:57:00 PM,35,CLEAR,DAYLIGHT,REAR END,NOT DIVIDED,YIELD,DISTRACTION - FROM INSIDE VEHICLE,DISTRACTION - FROM INSIDE VEHICLE,0,0,0,0,20,5,5,1169,STATE ST,41.801549,-87.645625,05/24/2018 09:20:00 PM,2018
CR00021971,05/23/2021 06:03:00 PM,15,CLEAR,DUSK,PEDESTRIAN,NOT DIVIDED,NO CONTROLS,UNABLE TO DETERMINE,FAILING TO YIELD RIGHT-OF-WAY,0,0,0,0,18,1,5,680,ELSTON AVE,41.845135,-87.770687,05/23/2021 06:11:00 PM,2021
CR00021972,09/15/2016 04:45:00 PM,30,RAIN,DARKNESS,REAR END,FOUR WAY,NO CONTROLS,FAILING TO YIELD RIGHT-OF-WAY,IMPROPER OVERTAKING/PASSING,0,0,0,0,16,5,9,2362,CALIFORNIA AVE,41.825856,-87.780906,09/15/2016 05:19:00 PM,2016