CRASH_RECORD_ID,CRASH_DATE,POSTED_SPEED_LIMIT,WEATHER_CONDITION,LIGHTING_CONDITION,FIRST_CRASH_TYPE,TRAFFICWAY_TYPE,TRAFFIC_CONTROL_DEVICE,PRIM_CONTRIBUTORY_CAUSE,SEC_CONTRIBUTORY_CAUSE,INJURIES_FATAL,INJURIES_INCAPACITATING,INJURIES_NON_INCAPACITATING,INJURIES_TOTAL,CRASH_HOUR,CRASH_DAY_OF_WEEK,CRASH_MONTH,BEAT_OF_OCCURRENCE,STREET_NAME,LATITUDE,LONGITUDE,DATE_POLICE_NOTIFIED,year
CR00021973,04/08/2015 08:38:00 AM,35,CLEAR,DAYLIGHT,TURNING,NOT DIVIDED,UNKNOWN,FOLLOWING TOO CLOSELY,UNABLE TO DETERMINE,0,0,0,0,8,4,4,908,DAMEN AVE,41.985791,-87.593339,04/08/2015 10:02:00 AM,2015
CR00021974,04/15/2016 07:38:00 AM,30,CLOUDY/OVERCAST,DAYLIGHT,REAR END,NOT DIVIDED,TRAFFIC SIGNAL,DISTRACTION - FROM INSIDE VEHICLE,NOT APPLICABLE,0,0,0,0,7,6,4,2206,MICHIGAN AVE,41.823515,-87.633086,04/15/2016 09:18:00 AM,2016
CR00021975,07/02/2019 07:21:00 AM,40,RAIN,DAYLIGHT,REAR END,NOT DIVIDED,NO CONTROLS,DISREGARDING TRAFFIC SIGNALS,IMPROPER OVERTAKING/PASSING,0,0,0,0,7,3,7,230,HALSTED ST,41.958809,-87.774094,07/02/2019 08:52:00 AM,2019
CR00021976,06/28/2015 10:50:00 PM,15,CLEAR,DAYLIGHT,TURNING,FOUR WAY,YIELD,IMPROPER OVERTAKING/PASSING,FOLLOWING TOO CLOSELY,0,0,0,0,22,1,6,2499,ASHLAND AVE,41.85188,-87.748191,06/29/2015 12:32:00 AM,2015
CR00021977,10/06/2016 06:54:00 PM,45,CLEAR,DAYLIGHT,REAR END,DIVIDED - W/MEDIAN (NOT RAISED),NO CONTROLS,DISREGARDING TRAFFIC SIGNALS,FOLLOWING TOO CLOSELY,0,0,0,0,18,5,10,2338,KEDZIE AVE,41.877437,-87.557887,10/06/2016 08:18:00 PM,2016
CR00021978,07/27/2021 08:16:00 AM,15,CLEAR,DAYLIGHT,REAR END,NOT DIVIDED,TRAFFIC SIGNAL,IMPROPER OVERTAKING/PASSING,FAILING TO YIELD RIGHT-OF-WAY,0,0,0,0,8,3,7,2236,ELSTON AVE,41.975207,-87.807045,07/27/2021 08:34:00 AM,2021
CR00021979,06/27/2018 11:25:00 PM,45,CLEAR,DARKNESS - LIGHTED ROAD,PARKED MOTOR VEHICLE,DIVIDED - W/MEDIAN BARRIER,STOP SIGN/FLASHER,IMPROPER OVERTAKING/PASSING,FOLLOWING TOO CLOSELY,0,0,0,0,23,4,6,272,ARCHER AVE,41.715629,-87.724296,06/28/2018 12:58:00 AM,2018
CR00021980,10/04/2023 07:52:00 PM,15,CLEAR,DARKNESS - LIGHTED ROAD,PARKED MOTOR VEHICLE,NOT DIVIDED,NO CONTROLS,IMPROPER OVERTAKING/PASSING,FOLLOWING TOO CLOSELY,0,0,0,0,19,4,10,1654,ELSTON AVE,41.966812,-87.718118,10/04/2023 08:36:00 PM,2023
CR00021981,10/23/2019 08:35:00 AM,45,CLEAR,DAYLIGHT,REAR TO FRONT,NOT DIVIDED,NO CONTROLS,UNABLE TO DETERMINE,NOT APPLICABLE,0,0,0,0,8,4,10,1050,KEDZIE AVE,41.967296,-87.530471,10/23/2019 09:32:00 AM,2019
CR00021982,12/15/2016 04:40:00 PM,25,CLEAR,DARKNESS - LIGHTED ROAD,ANGLE,ONE-WAY,NO CONTROLS,FOLLOWING TOO CLOSELY,FAILING TO YIELD RIGHT-OF-WAY,0,0,0,0,16,5,12,1822,OGDEN AVE,41.860417,-87.748308,12/15/2016 04:58:00 PM,2016
CR00021983,11/20/2019 04:38:00 PM,35,CLEAR,DUSK,REAR TO FRONT,NOT DIVIDED,TRAFFIC SIGNAL,FAILING TO YIELD RIGHT-OF-WAY,NOT APPLICABLE,0,0,0,0,16,4,11,661,ARCHER AVE,41.969628,-87.612885,11/20/2019 06:37:00 PM,2019
CR00021984,08/21/2021 04:17:00 PM,30,FOG/SMOKE/HAZE,DAYLIGHT,ANGLE,DIVIDED - W/MEDIAN BARRIER,NO CONTROLS,UNABLE TO DETERMINE,FAILING TO YIELD RIGHT-OF-WAY,0,0,0,0,16,7,8,928,MICHIGAN AVE,41.719777,-87.525221,08/21/2021 06:06:00 PM,2021
CR00021985,09/26/2020 08:58:00 PM,20,CLEAR,DAYLIGHT,TURNING,ONE-WAY,NO CONTROLS,IMPROPER OVERTAKING/PASSING,UNABLE TO DETERMINE,0,0,0,0,20,7,9,2478,79TH ST,41.944141,-87.802785,09/26/2020 09:33:00 PM,2020
CR00021986,06/27/2020 02:40:00 AM,25,CLEAR,DAYLIGHT,TURNING,ONE-WAY,STOP SIGN/FLASHER,UNABLE TO DETERMINE,NOT APPLICABLE,0,0,0,0,2,7,6,332,63RD ST,41.742666,-87.773986,06/27/2020 02:46:00 AM,2020
CR00021987,07/11/2023 07:57:00 AM,35,RAIN,DAYLIGHT,REAR TO FRONT,NOT DIVIDED,TRAFFIC SIGNAL,UNABLE TO DETERMINE,UNABLE TO DETERMINE,0,0,0,0,7,3,7,891,STATE ST,41.755853,-87.511897,07/11/2023 09:49:00 AM,2023
CR00021988,02/07/2020 01:25:00 PM,35,CLEAR,DAYLIGHT,PARKED MOTOR VEHICLE,NOT DIVIDED,YIELD,FAILING TO REDUCE SPEED,NOT APPLICABLE,0,0,0,0,13,6,2,424,47TH ST,41.799084,-87.542771,02/07/2020 02:41:00 PM,2020
CR00021989,06/17/2022 12:34:00 AM,20,CLEAR,DAYLIGHT,PARKED MOTOR VEHICLE,ONE-WAY,TRAFFIC SIGNAL,IMPROPER LANE USAGE,IMPROPER OVERTAKING/PASSING,0,0,1,1,0,6,6,519,STATE ST,41.932177,-87.69044,06/17/2022 01:27:00 AM,2022
CR00021990,08/13/2016 08:39:00 AM,30,SNOW,DAYLIGHT,REAR END,ONE-WAY,UNKNOWN,UNABLE TO DETERMINE,DRIVING SKILLS/KNOWLEDGE/EXPERIENCE,0,0,0,0,8,7,8,813,ARCHER AVE,41.834107,-87.731679,08/13/2016 09:47:00 AM,2016
CR00021991,06/17/2017 05:24:00 PM,15,CLEAR,DAYLIGHT,ANGLE,NOT DIVIDED,TRAFFIC SIGNAL,UNABLE TO DETERMINE,NOT APPLICABLE,0,0,2,2,17,7,6,2158,DIVISION ST,41.989786,-87.588592,06/17/2017 06:19:00 PM,2017
CR00021992,03/24/2024 03:14:00 PM,30,CLEAR,DAYLIGHT,TURNING,DIVIDED - W/MEDIAN (NOT RAISED),TRAFFIC SIGNAL,UNABLE TO DETERMINE,FAILING TO YIELD RIGHT-OF-WAY,0,0,0,0,15,1,3,2152,CICERO AVE,41.90901,-87.629518,03/24/2024 03:28:00 PM,2024
CR00021993,08/02/2015 04:04:00 PM,30,CLEAR,DAYLIGHT,SIDESWIPE SAME DIRECTION,DIVIDED - W/MEDIAN BARRIER,NO CONTROLS,DRIVING SKILLS/KNOWLEDGE/EXPERIENCE,UNABLE TO DETERMINE,0,0,0,0,16,1,8,2384,WESTERN AVE,41.807152,-87.843683,08/02/2015 05:55:00 PM,2015
CR00021994,07/23/2016 04:36:00 PM,45,SNOW,DAYLIGHT,SIDESWIPE SAME DIRECTION,ONE-WAY,UNKNOWN,DISREGARDING TRAFFIC SIGNALS,UNABLE TO DETERMINE,0,0,0,0,16,7,7,1599,LAKE SHORE DR,41.795522,-87.690047,07/23/2016 06:18:00 PM,2016
CR00021995,07/30/2023 08:51:00 PM,30,CLEAR,DARKNESS - LIGHTED ROAD,REAR END,NOT DIVIDED,NO CONTROLS,UNABLE TO DETERMINE,UNABLE TO DETERMINE,0,0,0,0,20,1,7,1935,79TH ST,41.741241,-87.819364,07/30/2023 09:53:00 PM,2023
CR00021996,05/25/2021 01:22:00 PM,25,CLEAR,DARKNESS - LIGHTED ROAD,SIDESWIPE SAME DIRECTION,ONE-WAY,NO CONTROLS,UNABLE TO DETERMINE,NOT APPLICABLE,0,0,0,0,13,3,5,1966,OGDEN AVE,41.972637,-87.775919,05/25/2021 03:18:00 PM,2021
CR00021997,05/15/2023 01:48:00 AM,30,CLEAR,DARKNESS - LIGHTED ROAD,PARKED MOTOR VEHICLE,NOT DIVIDED,NO CONTROLS,UNABLE TO DETERMINE,UNABLE TO DETERMINE,0,0,0,0,1,2,5,322,LAKE SHORE DR,41.932289,-87.599192,05/15/2023 02:23:00 AM,2023
CR00021998,04/27/2023 08:27:00 PM,25,RAIN,DAWN,ANGLE,NOT DIVIDED,TRAFFIC SIGNAL,UNABLE TO DETERMINE,IMPROPER OVERTAKING/PASSING,0,0,0,0,20,5,4,923,DAMEN AVE,41.93182,-87.786499,04/27/2023 09:14:00 PM,2023
CR00021999,03/22/2021 03:34:00 PM,40,CLOUDY/OVERCAST,DARKNESS - LIGHTED ROAD,ANGLE,DIVIDED - W/MEDIAN BARRIER,NO CONTROLS,UNABLE TO DETERMINE,UNABLE TO DETERMINE,0,0,1,1,15,2,3,202,BROADWAY,41.969739,-87.541991,03/22/2021 04:15:00 PM,2021
CR00022000,10/29/2018 11:50:00 AM,35,RAIN,DARKNESS - LIGHTED ROAD,TURNING,ONE-WAY,STOP SIGN/FLASHER,DISREGARDING TRAFFIC SIGNALS,FAILING TO YIELD RIGHT-OF-WAY,0,0,1,1,11,2,10,204,FULLERTON AVE,41.874724,-87.632334,10/29/2018 12:01:00 PM,2018
CR00022001,04/30/2016 08:12:00 AM,15,CLEAR,DAYLIGHT,REAR END,DIVIDED - W/MEDIAN BARRIER,TRAFFIC SIGNAL,IMPROPER LANE USAGE,IMPROPER LANE USAGE,0,0,0,0,8,7,4,1252,DIVISION ST,41.98356,-87.60634,04/30/2016 08:20:00 AM,2016
CR00022002,12/27/2021 03:45:00 PM,30,CLEAR,DARKNESS - LIGHTED ROAD,REAR TO FRONT,FOUR WAY,NO CONTROLS,FOLLOWING TOO CLOSELY,UNABLE TO DETERMINE,0,0,0,0,15,2,12,303,PULASKI RD,41.724352,-87.767786,12/27/2021 04:13:00 PM,2021
CR00022003,04/29/2022 09:48:00 AM,40,CLEAR,DAYLIGHT,SIDESWIPE SAME DIRECTION,FOUR WAY,PEDESTRIAN CROSSING SIGN,UNABLE TO DETERMINE,IMPROPER LANE USAGE,0,0,0,0,9,6,4,1538,CALIFORNIA AVE,41.707083,-87.720317,04/29/2022 11:23:00 AM,2022
CR00022004,06/13/2022 03:47:00 PM,40,CLEAR,DAYLIGHT,PARKED MOTOR VEHICLE,NOT DIVIDED,TRAFFIC SIGNAL,FOLLOWING TOO CLOSELY,UNABLE TO DETERMINE,0,0,0,0,15,2,6,2446,CLARK ST,41.891108,-87.60262,06/13/2022 05:45:00 PM,2022
CR00022005,10/25/2015 08:18:00 PM,30,CLEAR,DAYLIGHT,SIDESWIPE SAME DIRECTION,NOT DIVIDED,STOP SIGN/FLASHER,FAILING TO YIELD RIGHT-OF-WAY,UNABLE TO DETERMINE,0,0,1,1,20,1,10,1414,IRVING PARK RD,41.785327,-87.604808,10/25/2015 09:01:00 PM,2015
CR00022006,05/07/2024 03:29:00 PM,20,CLEAR,DAYLIGHT,REAR END,NOT DIVIDED,STOP SIGN/FLASHER,UNABLE TO DETERMINE,DISTRACTION - FROM INSIDE VEHICLE,0,0,0,0,15,3,5,560,DAMEN AVE,41.861696,-87.830613,05/07/2024 03:55:00 PM,2024
CR00022007,04/22/2015 04:12:00 PM,15,CLEAR,DAYLIGHT,TURNING,NOT DIVIDED,TRAFFIC SIGNAL,DISTRACTION - FROM INSIDE VEHICLE,IMPROPER LANE USAGE,0,0,0,0,16,4,4,1466,STONY ISLAND AVE,41.939351,-87.82045,04/22/2015 05:57:00 PM,2015
CR00022008,11/13/2022 02:08:00 PM,45,FREEZING RAIN/DRIZZLE,DAYLIGHT,ANGLE,FOUR WAY,NO CONTROLS,IMPROPER LANE USAGE,FAILING TO YIELD RIGHT-OF-WAY,0,0,0,0,14,1,11,2465,ROOSEVELT RD,41.908707,-87.576031,11/13/2022 02:20:00 PM,2022
CR00022009,10/29/2017 11:54:00 AM,30,CLEAR,DAYLIGHT,TURNING,DIVIDED - W/MEDIAN (NOT RAISED),NO CONTROLS,DISREGARDING TRAFFIC SIGNALS,UNABLE TO DETERMINE,0,0,0,0,11,1,10,802,CALIFORNIA AVE,41.99972,-87.622269,10/29/2017 01:06:00 PM,2017
CR00022010,03/29/2024 08:10:00 AM,20,CLEAR,DAYLIGHT,REAR END,DIVIDED - W/MEDIAN BARRIER,TRAFFIC SIGNAL,DRIVING SKILLS/KNOWLEDGE/EXPERIENCE,DISREGARDING TRAFFIC SIGNALS,0,0,0,0,8,6,3,688,STONY ISLAND AVE,41.872048,-87.634049,03/29/2024 10:05:00 AM,2024
CR00022011,12/21/2016 08:59:00 AM,30,CLOUDY/OVERCAST,DARKNESS - LIGHTED ROAD,PARKED MOTOR VEHICLE,NOT DIVIDED,TRAFFIC SIGNAL,UNABLE TO DETERMINE,FOLLOWING TOO CLOSELY,0,0,0,0,8,4,12,1323,CLARK ST,41.703282,-87.705592,12/21/2016 09:58:00 AM,2016
CR00022012,02/04/2021 05:15:00 PM,30,CLEAR,DARKNESS - LIGHTED ROAD,REAR END,DIVIDED - W/MEDIAN (NOT RAISED),PEDESTRIAN CROSSING SIGN,DRIVING SKILLS/KNOWLEDGE/EXPERIENCE,DRIVING SKILLS/KNOWLEDGE/EXPERIENCE,0,0,1,1,17,5,2,2275,FULLERTON AVE,41.988714,-87.552727,02/04/2021 06:34:00 PM,2021
CR00022013,02/10/2022 06:36:00 AM,45,RAIN,DAYLIGHT,TURNING,ONE-WAY,NO CONTROLS,IMPROPER OVERTAKING/PASSING,NOT APPLICABLE,0,0,0,0,6,5,2,321,WESTERN AVE,41.82546,-87.781324,02/10/2022 07:16:00 AM,2022
CR00022014,01/22/2016 08:47:00 PM,30,SNOW,DAYLIGHT,FIXED OBJECT,NOT DIVIDED,STOP SIGN/FLASHER,UNABLE TO DETERMINE,DISTRACTION - FROM INSIDE VEHICLE,0,0,1,1,20,6,1,294,63RD ST,41.881348,-87.837416,01/22/2016 10:22:00 PM,2016
CR00022015,05/02/2018 08:23:00 AM,25,CLEAR,DARKNESS - LIGHTED ROAD,SIDESWIPE SAME DIRECTION,FOUR WAY,TRAFFIC SIGNAL,UNABLE TO DETERMINE,IMPROPER LANE USAGE,0,0,0,0,8,4,5,683,CALIFORNIA AVE,41.918784,-87.624532,05/02/2018 10:11:00 AM,2018
CR00022016,08/19/2024 03:12:00 PM,35,CLEAR,DAYLIGHT,ANGLE,ONE-WAY,TRAFFIC SIGNAL,DISTRACTION - FROM INSIDE VEHICLE,IMPROPER OVERTAKING/PASSING,0,0,2,2,15,2,8,1618,LAKE SHORE DR,41.820036,-87.793743,08/19/2024 03:57:00 PM,2024
CR00022017,05/23/2021 07:48:00 AM,40,RAIN,DAYLIGHT,REAR END,NOT DIVIDED,NO CONTROLS,DISTRACTION - FROM INSIDE VEHICLE,UNABLE TO DETERMINE,0,0,0,0,7,1,5,1256,PULASKI RD,41.700686,-87.611062,05/23/2021 07:49:00 AM,2021
CR00022018,10/18/2018 06:38:00 PM,25,CLEAR,DAYLIGHT,ANGLE,NOT DIVIDED,NO CONTROLS,UNABLE TO DETERMINE,FAILING TO YIELD RIGHT-OF-WAY,0,0,1,1,18,5,10,802,79TH ST,41.908492,-87.770746,10/18/2018 06:45:00 PM,2018
CR00022019,01/01/2015 10:00:00 PM,35,CLEAR,DAYLIGHT,REAR END,ONE-WAY,NO CONTROLS,WEATHER,NOT APPLICABLE,0,0,0,0,22,5,1,2010,63RD ST,41.893802,-87.715801,01/01/2015 11:22:00 PM,2015
CR00022020,12/27/2020 01:34:00 PM,30,CLEAR,DAYLIGHT,REAR END,DIVIDED - W/MEDIAN (NOT RAISED),NO CONTROLS,DRIVING SKILLS/KNOWLEDGE/EXPERIENCE,UNABLE TO DETERMINE,0,1,1,2,13,1,12,1909,MICHIGAN AVE,41.717237,-87.726327,12/27/2020 01:57:00 PM,2020
CR00022021,01/09/2024 04:10:00 AM,15,FOG/SMOKE/HAZE,DAYLIGHT,TURNING,ONE-WAY,TRAFFIC SIGNAL,DISREGARDING TRAFFIC SIGNALS,FAILING TO YIELD RIGHT-OF-WAY,0,0,0,0,4,3,1,161,BROADWAY,41.702191,-87.603148,01/09/2024 06:08:00 AM,2024
CR00022022,08/11/2021 09:35:00 AM,25,CLEAR,DAYLIGHT,TURNING,NOT DIVIDED,PEDESTRIAN CROSSING SIGN,UNABLE TO DETERMINE,FOLLOWING TOO CLOSELY,0,0,0,0,9,4,8,299,CICERO AVE,41.781958,-87.518592,08/11/2021 09:43:00 AM,2021
CR00022023,06/02/2015 03:53:00 PM,35,CLEAR,DAYLIGHT,SIDESWIPE SAME DIRECTION,NOT DIVIDED,NO CONTROLS,UNABLE TO DETERMINE,NOT APPLICABLE,0,0,0,0,15,3,6,533,CALIFORNIA AVE,41.932461,-87.818028,06/02/2015 04:20:00 PM,2015
CR00022024,08/03/2017 07:42:00 AM,45,SNOW,DAYLIGHT,REAR END,NOT DIVIDED,STOP SIGN/FLASHER,DISTRACTION - FROM INSIDE VEHICLE,FAILING TO REDUCE SPEED,0,0,0,0,7,5,8,1089,LAKE SHORE DR,41.73064,-87.744221,08/03/2017 08:57:00 AM,2017
CR00022025,12/18/2023 05:58:00 PM,25,CLOUDY/OVERCAST,DAYLIGHT,REAR END,NOT DIVIDED,NO CONTROLS,FAILING TO YIELD RIGHT-OF-WAY,UNABLE TO DETERMINE,0,0,3,3,17,2,12,304,ELSTON AVE,41.982577,-87.57024,12/18/2023 07:25:00 PM,2023
CR00022026,05/14/2018 08:04:00 AM,15,CLEAR,DAYLIGHT,FIXED OBJECT,DIVIDED - W/MEDIAN (NOT RAISED),NO CONTROLS,FOLLOWING TOO CLOSELY,DRIVING SKILLS/KNOWLEDGE/EXPERIENCE,0,0,0,0,8,2,5,2258,STONY ISLAND AVE,41.815463,-87.516964,05/14/2018 09:04:00 AM,2018
CR00022027,04/06/2019 08:56:00 AM,20,CLEAR,DARKNESS - LIGHTED ROAD,REAR END,NOT DIVIDED,NO CONTROLS,FAILING TO YIELD RIGHT-OF-WAY,FOLLOWING TOO CLOSELY,0,0,0,0,8,7,4,313,STONY ISLAND AVE,41.992726,-87.701142,04/06/2019 10:26:00 AM,2019
CR00022028,06/17/2021 01:28:00 PM,25,CLEAR,DAYLIGHT,PEDESTRIAN,NOT DIVIDED,TRAFFIC SIGNAL,DRIVING SKILLS/KNOWLEDGE/EXPERIENCE,UNABLE TO DETERMINE,0,0,0,0,13,5,6,212,KEDZIE AVE,41.88578,-87.528477,06/17/2021 03:19:00 PM,2021
CR00022029,01/13/2017 06:07:00 AM,30,CLOUDY/OVERCAST,DARKNESS,PARKED MOTOR VEHICLE,DIVIDED - W/MEDIAN (NOT RAISED),STOP SIGN/FLASHER,IMPROPER OVERTAKING/PASSING,DISTRACTION - FROM INSIDE VEHICLE,0,0,0,0,6,6,1,590,MILWAUKEE AVE,41.751701,-87.848441,01/13/2017 06:47:00 AM,2017
CR00022030,04/14/2021 03:52:00 AM,40,CLEAR,DAYLIGHT,SIDESWIPE SAME DIRECTION,T-INTERSECTION,NO CONTROLS,IMPROPER LANE USAGE,NOT APPLICABLE,0,0,0,0,3,4,4,100,79TH ST,41.947813,-87.795159,04/14/2021 05:01:00 AM,2021
CR00022031,12/27/2019 07:53:00 PM,35,CLEAR,DAYLIGHT,ANGLE,DIVIDED - W/MEDIAN (NOT RAISED),STOP SIGN/FLASHER,UNABLE TO DETERMINE,DISREGARDING TRAFFIC SIGNALS,0,0,0,0,19,6,12,1655,IRVING PARK RD,41.867993,-87.654432,12/27/2019 08:17:00 PM,2019
CR00022032,09/21/2020 10:26:00 PM,30,CLEAR,DAYLIGHT,PARKED MOTOR VEHICLE,FOUR WAY,NO CONTROLS,FOLLOWING TOO CLOSELY,FOLLOWING TOO CLOSELY,0,0,0,0,22,2,9,2247,HALSTED ST,41.906332,-87.817615,09/21/2020 11:21:00 PM,2020
CR00022033,02/03/2016 08:52:00 PM,20,CLEAR,DAYLIGHT,PARKED MOTOR VEHICLE,FOUR WAY,STOP SIGN/FLASHER,DISREGARDING TRAFFIC SIGNALS,IMPROPER LANE USAGE,0,0,0,0,20,4,2,1663,WESTERN AVE,41.931067,-87.678406,02/03/2016 10:33:00 PM,2016
CR00022034,09/01/2019 08:30:00 AM,40,CLEAR,DAYLIGHT,REAR END,ONE-WAY,NO CONTROLS,DISTRACTION - FROM INSIDE VEHICLE,DISTRACTION - FROM INSIDE VEHICLE,0,0,0,0,8,1,9,2254,KEDZIE AVE,41.840611,-87.574336,09/01/2019 09:41:00 AM,2019
CR00022035,08/29/2016 08:44:00 AM,20,RAIN,DARKNESS - LIGHTED ROAD,ANGLE,NOT DIVIDED,STOP SIGN/FLASHER,FOLLOWING TOO CLOSELY,DISREGARDING TRAFFIC SIGNALS,0,0,1,1,8,2,8,1858,BROADWAY,41.740229,-87.540648,08/29/2016 08:48:00 AM,2016
CR00022036,10/29/2017 02:28:00 PM,40,CLEAR,DARKNESS - LIGHTED ROAD,ANGLE,DIVIDED - W/MEDIAN (NOT RAISED),NO CONTROLS,FAILING TO REDUCE SPEED,NOT APPLICABLE,0,0,0,0,14,1,10,1368,79TH ST,41.986693,-87.619948,10/29/2017 03:33:00 PM,2017
CR00022037,03/03/2018 05:31:00 AM,30,RAIN,DAYLIGHT,PARKED MOTOR VEHICLE,NOT DIVIDED,TRAFFIC SIGNAL,UNABLE TO DETERMINE,NOT APPLICABLE,0,0,0,0,5,7,3,146,ELSTON AVE,41.806366,-87.550271,03/03/2018 06:46:00 AM,2018
CR00022038,02/03/2023 03:16:00 PM,20,CLEAR,DAYLIGHT,TURNING,DIVIDED - W/MEDIAN (NOT RAISED),STOP SIGN/FLASHER,IMPROPER OVERTAKING/PASSING,NOT APPLICABLE,0,0,0,0,15,6,2,2202,MILWAUKEE AVE,41.834088,-87.530791,02/03/2023 04:30:00 PM,2023
CR00022039,08/02/2023 11:15:00 PM,40,CLEAR,DAYLIGHT,REAR END,ONE-WAY,STOP SIGN/FLASHER,UNABLE TO DETERMINE,FOLLOWING TOO CLOSELY,0,0,0,0,23,4,8,944,FULLERTON AVE,41.760691,-87.656602,08/02/2023 11:16:00 PM,2023
CR00022040,03/23/2022 06:02:00 PM,40,CLEAR,DAYLIGHT,ANGLE,NOT DIVIDED,NO CONTROLS,IMPROPER OVERTAKING/PASSING,DISTRACTION - FROM INSIDE VEHICLE,0,0,0,0,18,4,3,262,FULLERTON AVE,41.81795,-87.766451,03/23/2022 06:54:00 PM,2022
CR00022041,06/09/2023 08:49:00 AM,30,CLEAR,DAYLIGHT,PARKED MOTOR VEHICLE,FOUR WAY,TRAFFIC SIGNAL,DISTRACTION - FROM INSIDE VEHICLE,UNABLE TO DETERMINE,0,0,0,0,8,6,6,912,DAMEN AVE,41.813195,-87.520636,06/09/2023 10:48:00 AM,2023
CR00022042,03/25/2023 01:28:00 AM,25,RAIN,DAYLIGHT,TURNING,ONE-WAY,NO CONTROLS,FAILING TO YIELD RIGHT-OF-WAY,IMPROPER OVERTAKING/PASSING,0,0,0,0,1,7,3,895,OGDEN AVE,41.992771,-87.636379,03/25/2023 02:58:00 AM,2023
CR00022043,09/14/2017 05:57:00 PM,30,CLEAR,DAYLIGHT,REAR END,DIVIDED - W/MEDIAN BARRIER,STOP SIGN/FLASHER,IMPROPER LANE USAGE,DISREGARDING TRAFFIC SIGNALS,0,0,0,0,17,5,9,1985,CLARK ST,41.832674,-87.849762,09/14/2017 06:49:00 PM,2017
CR00022044,12/07/2018 07:30:00 AM,30,CLEAR,DAYLIGHT,SIDESWIPE SAME DIRECTION,NOT DIVIDED,NO CONTROLS,UNABLE TO DETERMINE,DISREGARDING TRAFFIC SIGNALS,0,0,1,1,7,6,12,653,STATE ST,41.907712,-87.71235,12/07/2018 08:54:00 AM,2018
CR00022045,03/29/2021 07:12:00 AM,45,CLEAR,DARKNESS,ANGLE,NOT DIVIDED,STOP SIGN/FLASHER,DISTRACTION - FROM INSIDE VEHICLE,FOLLOWING TOO CLOSELY,0,0,0,0,7,2,3,1723,ROOSEVELT RD,41.990667,-87.66971,03/29/2021 08:17:00 AM,2021
CR00022046,12/25/2023 03:27:00 PM,45,CLEAR,DAYLIGHT,TURNING,FOUR WAY,NO CONTROLS,IMPROPER LANE USAGE,IMPROPER OVERTAKING/PASSING,0,0,0,0,15,2,12,1768,CICERO AVE,41.902,-87.610984,12/25/2023 04:55:00 PM,2023
CR00022047,04/23/2016 05:38:00 PM,35,CLOUDY/OVERCAST,DARKNESS - LIGHTED ROAD,ANGLE,NOT DIVIDED,TRAFFIC SIGNAL,IMPROPER LANE USAGE,UNABLE TO DETERMINE,0,0,0,0,17,7,4,1717,79TH ST,41.904448,-87.63241,04/23/2016 06:09:00 PM,2016
CR00022048,07/23/2019 06:44:00 PM,30,CLOUDY/OVERCAST,DAYLIGHT,REAR END,NOT DIVIDED,TRAFFIC SIGNAL,FAILING TO YIELD RIGHT-OF-WAY,IMPROPER LANE USAGE,0,0,0,0,18,3,7,1130,CLARK ST,41.93591,-87.690236,07/23/2019 07:28:00 PM,2019
CR00022049,01/17/2020 07:17:00 AM,25,CLEAR,DARKNESS - LIGHTED ROAD,REAR END,FOUR WAY,NO CONTROLS,UNABLE TO DETERMINE,UNABLE TO DETERMINE,0,0,0,0,7,6,1,1939,MICHIGAN AVE,41.936828,-87.721803,01/17/2020 07:20:00 AM,2020
CR00022050,09/07/2020 04:27:00 AM,20,CLOUDY/OVERCAST,DARKNESS - LIGHTED ROAD,REAR END,DIVIDED - W/MEDIAN BARRIER,TRAFFIC SIGNAL,FAILING TO YIELD RIGHT-OF-WAY,DRIVING SKILLS/KNOWLEDGE/EXPERIENCE,0,0,0,0,4,2,9,646,STONY ISLAND AVE,41.922016,-87.808781,09/07/2020 06:05:00 AM,2020
CR00022051,05/01/2022 12:46:00 PM,30,CLEAR,DAYLIGHT,REAR END,DIVIDED - W/MEDIAN (NOT RAISED),NO CONTROLS,UNABLE TO DETERMINE,IMPROPER OVERTAKING/PASSING,0,0,0,0,12,1,5,866,63RD ST,41.728023,-87.57478,05/01/2022 01:01:00 PM,2022
CR00022052,01/02/2021 08:08:00 AM,45,RAIN,DARKNESS - LIGHTED ROAD,SIDESWIPE SAME DIRECTION,DIVIDED - W/MEDIAN BARRIER,NO CONTROLS,UNABLE TO DETERMINE,DISTRACTION - FROM INSIDE VEHICLE,0,0,0,0,8,7,1,1684,ASHLAND AVE,41.767805,-87.529212,01/02/2021 08:19:00 AM,2021
CR00022053,02/07/2022 05:37:00 PM,40,SNOW,DAYLIGHT,SIDESWIPE SAME DIRECTION,NOT DIVIDED,NO CONTROLS,FOLLOWING TOO CLOSELY,FOLLOWING TOO CLOSELY,0,0,0,0,17,2,2,1331,ROOSEVELT RD,41.721278,-87.517068,02/07/2022 05:46:00 PM,2022
CR00022054,03/11/2023 08:37:00 AM,30,CLEAR,DUSK,REAR TO FRONT,NOT DIVIDED,NO CONTROLS,UNABLE TO DETERMINE,NOT APPLICABLE,0,0,0,0,8,7,3,1308,CALIFORNIA AVE,41.859066,-87.577523,03/11/2023 09:40:00 AM,2023
CR00022055,04/26/2016 06:30:00 PM,40,CLEAR,DAYLIGHT,ANGLE,DIVIDED - W/MEDIAN BARRIER,TRAFFIC SIGNAL,FAILING TO REDUCE SPEED,DRIVING SKILLS/KNOWLEDGE/EXPERIENCE,0,0,1,1,18,3,4,1551,FULLERTON AVE,41.758115,-87.808649,04/26/2016 08:19:00 PM,2016