CRASH_RECORD_ID,CRASH_DATE,POSTED_SPEED_LIMIT,WEATHER_CONDITION,LIGHTING_CONDITION,FIRST_CRASH_TYPE,TRAFFICWAY_TYPE,TRAFFIC_CONTROL_DEVICE,PRIM_CONTRIBUTORY_CAUSE,SEC_CONTRIBUTORY_CAUSE,INJURIES_FATAL,INJURIES_INCAPACITATING,INJURIES_NON_INCAPACITATING,INJURIES_TOTAL,CRASH_HOUR,CRASH_DAY_OF_WEEK,CRASH_MONTH,BEAT_OF_OCCURRENCE,STREET_NAME,LATITUDE,LONGITUDE,DATE_POLICE_NOTIFIED,year
CR00022056,11/13/2019 07:20:00 AM,35,RAIN,DARKNESS,SIDESWIPE SAME DIRECTION,DIVIDED - W/MEDIAN (NOT RAISED),NO CONTROLS,UNABLE TO DETERMINE,IMPROPER OVERTAKING/PASSING,0,0,1,1,7,4,11,2261,HALSTED ST,41.980582,-87.699817,11/13/2019 08:57:00 AM,2019
CR00022057,09/26/2023 08:23:00 AM,30,CLEAR,DAYLIGHT,ANGLE,NOT DIVIDED,NO CONTROLS,DISREGARDING TRAFFIC SIGNALS,UNABLE TO DETERMINE,0,0,0,0,8,3,9,265,IRVING PARK RD,41.886048,-87.844756,09/26/2023 08:59:00 AM,2023
CR00022058,04/08/2017 09:00:00 AM,40,CLEAR,DAYLIGHT,TURNING,DIVIDED - W/MEDIAN (NOT RAISED),STOP SIGN/FLASHER,IMPROPER OVERTAKING/PASSING,UNABLE TO DETERMINE,0,0,3,3,9,7,4,530,MILWAUKEE AVE,41.842017,-87.610237,04/08/2017 09:07:00 AM,2017
CR00022059,03/25/2016 08:39:00 AM,20,RAIN,DAYLIGHT,TURNING,T-INTERSECTION,YIELD,UNABLE TO DETERMINE,NOT APPLICABLE,0,0,0,0,8,6,3,2348,79TH ST,41.75055,-87.814262,03/25/2016 10:30:00 AM,2016
CR00022060,03/02/2018 06:54:00 PM,20,CLEAR,DAYLIGHT,REAR TO FRONT,DIVIDED - W/MEDIAN BARRIER,TRAFFIC SIGNAL,FAILING TO YIELD RIGHT-OF-WAY,DISTRACTION - FROM INSIDE VEHICLE,0,0,0,0,18,6,3,2431,KEDZIE AVE,41.890559,-87.521586,03/02/2018 07:11:00 PM,2018
CR00022061,07/03/2020 02:11:00 PM,45,SNOW,DAYLIGHT,REAR END,FOUR WAY,NO CONTROLS,DRIVING SKILLS/KNOWLEDGE/EXPERIENCE,FAILING TO YIELD RIGHT-OF-WAY,0,0,0,0,14,6,7,960,ASHLAND AVE,41.986648,-87.845105,07/03/2020 03:37:00 PM,2020
CR00022062,11/18/2016 07:09:00 AM,35,CLEAR,DARKNESS,ANGLE,NOT DIVIDED,TRAFFIC SIGNAL,DRIVING SKILLS/KNOWLEDGE/EXPERIENCE,IMPROPER OVERTAKING/PASSING,0,0,0,0,7,6,11,451,FULLERTON AVE,41.943384,-87.559894,11/18/2016 08:52:00 AM,2016
CR00022063,12/29/2018 07:53:00 AM,15,CLOUDY/OVERCAST,DARKNESS - LIGHTED ROAD,SIDESWIPE SAME DIRECTION,DIVIDED - W/MEDIAN (NOT RAISED),NO CONTROLS,FAILING TO REDUCE SPEED,FAILING TO REDUCE SPEED,0,0,0,0,7,7,12,341,PULASKI RD,41.71612,-87.595732,12/29/2018 08:16:00 AM,2018
CR00022064,11/05/2021 05:06:00 PM,30,CLEAR,DARKNESS - LIGHTED ROAD,PARKED MOTOR VEHICLE,T-INTERSECTION,STOP SIGN/FLASHER,DRIVING SKILLS/KNOWLEDGE/EXPERIENCE,IMPROPER LANE USAGE,0,0,2,2,17,6,11,2053,ASHLAND AVE,41.917988,-87.536461,11/05/2021 06:43:00 PM,2021
CR00022065,08/17/2016 01:11:00 PM,35,CLEAR,DAYLIGHT,REAR END,T-INTERSECTION,TRAFFIC SIGNAL,DRIVING SKILLS/KNOWLEDGE/EXPERIENCE,NOT APPLICABLE,0,0,0,0,13,4,8,1247,STATE ST,41.751332,-87.547215,08/17/2016 03:03:00 PM,2016
CR00022066,01/02/2024 01:56:00 PM,30,CLEAR,DAYLIGHT,TURNING,FOUR WAY,STOP SIGN/FLASHER,UNABLE TO DETERMINE,NOT APPLICABLE,0,0,0,0,13,3,1,1246,79TH ST,41.87864,-87.551839,01/02/2024 03:47:00 PM,2024
CR00022067,06/28/2019 05:35:00 PM,35,CLEAR,DARKNESS - LIGHTED ROAD,ANGLE,DIVIDED - W/MEDIAN (NOT RAISED),NO CONTROLS,WEATHER,FOLLOWING TOO CLOSELY,0,0,0,0,17,6,6,1608,OGDEN AVE,41.960074,-87.632985,06/28/2019 06:46:00 PM,2019
CR00022068,12/27/2023 04:51:00 AM,15,CLEAR,DARKNESS,REAR END,T-INTERSECTION,NO CONTROLS,DRIVING SKILLS/KNOWLEDGE/EXPERIENCE,UNABLE TO DETERMINE,0,0,0,0,4,4,12,478,DIVISION ST,41.92423,-87.571253,12/27/2023 05:54:00 AM,2023
CR00022069,06/12/2022 09:50:00 AM,30,RAIN,DARKNESS,PARKED MOTOR VEHICLE,NOT DIVIDED,TRAFFIC SIGNAL,DISREGARDING TRAFFIC SIGNALS,UNABLE TO DETERMINE,0,0,0,0,9,1,6,1449,FULLERTON AVE,41.839955,-87.739886,06/12/2022 10:42:00 AM,2022
CR00022070,10/18/2018 05:24:00 AM,20,SNOW,DAYLIGHT,FIXED OBJECT,ONE-WAY,UNKNOWN,FAILING TO REDUCE SPEED,FOLLOWING TOO CLOSELY,0,0,0,0,5,5,10,1086,HALSTED ST,41.955865,-87.836487,10/18/2018 06:29:00 AM,2018
CR00022071,12/03/2019 08:45:00 AM,40,CLOUDY/OVERCAST,DUSK,PEDESTRIAN,NOT DIVIDED,PEDESTRIAN CROSSING SIGN,FAILING TO REDUCE SPEED,NOT APPLICABLE,0,0,0,0,8,3,12,473,BROADWAY,41.92318,-87.538414,12/03/2019 08:46:00 AM,2019
CR00022072,05/24/2023 04:32:00 AM,15,CLEAR,DUSK,FIXED OBJECT,ONE-WAY,NO CONTROLS,FAILING TO YIELD RIGHT-OF-WAY,FOLLOWING TOO CLOSELY,0,1,3,4,4,4,5,2181,WESTERN AVE,41.734391,-87.668014,05/24/2023 06:22:00 AM,2023
CR00022073,08/10/2017 02:57:00 PM,25,CLEAR,DAYLIGHT,TURNING,DIVIDED - W/MEDIAN BARRIER,TRAFFIC SIGNAL,IMPROPER LANE USAGE,UNABLE TO DETERMINE,0,0,0,0,14,5,8,1655,HALSTED ST,41.896305,-87.682244,08/10/2017 04:15:00 PM,2017
CR00022074,09/05/2022 02:39:00 PM,15,SNOW,DAYLIGHT,SIDESWIPE SAME DIRECTION,DIVIDED - W/MEDIAN (NOT RAISED),NO CONTROLS,FOLLOWING TOO CLOSELY,NOT APPLICABLE,0,0,0,0,14,2,9,1272,47TH ST,41.9813,-87.845718,09/05/2022 03:43:00 PM,2022
CR00022075,12/22/2024 08:59:00 AM,35,RAIN,DAYLIGHT,REAR END,ONE-WAY,TRAFFIC SIGNAL,UNABLE TO DETERMINE,UNABLE TO DETERMINE,0,2,1,3,8,1,12,965,CALIFORNIA AVE,41.99505,-87.615698,12/22/2024 09:22:00 AM,2024
CR00022076,09/22/2018 01:11:00 PM,30,CLEAR,DAYLIGHT,ANGLE,DIVIDED - W/MEDIAN BARRIER,TRAFFIC SIGNAL,DISREGARDING TRAFFIC SIGNALS,DISTRACTION - FROM INSIDE VEHICLE,0,0,0,0,13,7,9,2487,ELSTON AVE,41.999251,-87.757431,09/22/2018 02:46:00 PM,2018
CR00022077,01/12/2018 12:32:00 PM,40,CLEAR,DAYLIGHT,REAR END,NOT DIVIDED,TRAFFIC SIGNAL,FOLLOWING TOO CLOSELY,UNABLE TO DETERMINE,0,1,2,3,12,6,1,2364,47TH ST,41.836963,-87.654309,01/12/2018 01:25:00 PM,2018
CR00022078,04/03/2018 07:29:00 AM,35,CLEAR,DAYLIGHT,REAR END,NOT DIVIDED,NO CONTROLS,DRIVING SKILLS/KNOWLEDGE/EXPERIENCE,NOT APPLICABLE,0,0,0,0,7,3,4,1441,OGDEN AVE,41.883096,-87.645517,04/03/2018 07:48:00 AM,2018
CR00022079,11/14/2021 11:44:00 AM,45,RAIN,DARKNESS - LIGHTED ROAD,REAR END,ONE-WAY,NO CONTROLS,UNABLE TO DETERMINE,NOT APPLICABLE,0,0,0,0,11,1,11,446,79TH ST,41.745292,-87.644349,11/14/2021 01:08:00 PM,2021
CR00022080,11/08/2022 04:42:00 AM,20,CLEAR,DAYLIGHT,PARKED MOTOR VEHICLE,DIVIDED - W/MEDIAN (NOT RAISED),TRAFFIC SIGNAL,UNABLE TO DETERMINE,FAILING TO YIELD RIGHT-OF-WAY,0,0,0,0,4,3,11,840,MICHIGAN AVE,41.786572,-87.803327,11/08/2022 04:58:00 AM,2022
CR00022081,05/30/2021 03:56:00 PM,30,RAIN,DARKNESS - LIGHTED ROAD,REAR END,NOT DIVIDED,UNKNOWN,IMPROPER LANE USAGE,UNABLE TO DETERMINE,0,0,1,1,15,1,5,432,OGDEN AVE,41.833966,-87.719154,05/30/2021 05:05:00 PM,2021
CR00022082,05/04/2021 03:37:00 PM,45,CLEAR,DAYLIGHT,REAR END,NOT DIVIDED,STOP SIGN/FLASHER,IMPROPER OVERTAKING/PASSING,IMPROPER OVERTAKING/PASSING,0,0,0,0,15,3,5,313,MILWAUKEE AVE,41.809961,-87.847281,05/04/2021 03:42:00 PM,2021
CR00022083,01/16/2019 11:46:00 PM,40,CLEAR,DARKNESS - LIGHTED ROAD,SIDESWIPE SAME DIRECTION,ONE-WAY,YIELD,DRIVING SKILLS/KNOWLEDGE/EXPERIENCE,DISREGARDING TRAFFIC SIGNALS,0,0,0,0,23,4,1,1024,PULASKI RD,41.821895,-87.50883,01/16/2019 11:51:00 PM,2019
CR00022084,04/04/2016 08:25:00 AM,25,CLEAR,DARKNESS,REAR END,DIVIDED - W/MEDIAN BARRIER,TRAFFIC SIGNAL,IMPROPER OVERTAKING/PASSING,WEATHER,0,0,0,0,8,2,4,635,ASHLAND AVE,41.703001,-87.700474,04/04/2016 09:17:00 AM,2016
CR00022085,02/08/2018 03:38:00 PM,30,CLOUDY/OVERCAST,DAYLIGHT,REAR TO FRONT,ONE-WAY,NO CONTROLS,DISREGARDING TRAFFIC SIGNALS,DISTRACTION - FROM INSIDE VEHICLE,0,0,0,0,15,5,2,1602,ARCHER AVE,41.951744,-87.529296,02/08/2018 04:03:00 PM,2018
CR00022086,11/02/2024 02:29:00 AM,45,CLEAR,DAYLIGHT,PARKED MOTOR VEHICLE,NOT DIVIDED,STOP SIGN/FLASHER,FAILING TO YIELD RIGHT-OF-WAY,UNABLE TO DETERMINE,0,0,0,0,2,7,11,1049,ARCHER AVE,41.964119,-87.590638,11/02/2024 03:07:00 AM,2024
CR00022087,07/28/2023 01:10:00 PM,30,CLEAR,DARKNESS - LIGHTED ROAD,REAR END,DIVIDED - W/MEDIAN (NOT RAISED),NO CONTROLS,UNABLE TO DETERMINE,FOLLOWING TOO CLOSELY,0,0,0,0,13,6,7,2281,OGDEN AVE,41.909969,-87.722155,07/28/2023 03:01:00 PM,2023
CR00022088,06/13/2020 10:45:00 AM,20,CLEAR,DAYLIGHT,TURNING,DIVIDED - W/MEDIAN (NOT RAISED),TRAFFIC SIGNAL,UNABLE TO DETERMINE,DRIVING SKILLS/KNOWLEDGE/EXPERIENCE,0,0,0,0,10,7,6,2491,DAMEN AVE,41.846117,-87.576752,06/13/2020 12:17:00 PM,2020
CR00022089,07/18/2023 02:16:00 AM,45,CLEAR,DARKNESS - LIGHTED ROAD,ANGLE,DIVIDED - W/MEDIAN (NOT RAISED),YIELD,UNABLE TO DETERMINE,IMPROPER LANE USAGE,0,0,0,0,2,3,7,1491,FULLERTON AVE,41.715988,-87.578645,07/18/2023 03:23:00 AM,2023
CR00022090,06/09/2018 05:57:00 AM,30,RAIN,DARKNESS - LIGHTED ROAD,PEDESTRIAN,NOT DIVIDED,UNKNOWN,FAILING TO YIELD RIGHT-OF-WAY,DRIVING SKILLS/KNOWLEDGE/EXPERIENCE,0,0,0,0,5,7,6,1512,63RD ST,41.952489,-87.658234,06/09/2018 06:36:00 AM,2018
CR00022091,10/19/2017 07:11:00 AM,25,CLEAR,DAYLIGHT,ANGLE,ONE-WAY,TRAFFIC SIGNAL,UNABLE TO DETERMINE,IMPROPER OVERTAKING/PASSING,0,0,0,0,7,5,10,907,CICERO AVE,41.885292,-87.522393,10/19/2017 09:04:00 AM,2017
CR00022092,08/03/2019 11:51:00 PM,25,SNOW,DAYLIGHT,TURNING,NOT DIVIDED,NO CONTROLS,FOLLOWING TOO CLOSELY,DRIVING SKILLS/KNOWLEDGE/EXPERIENCE,0,0,0,0,23,7,8,868,ELSTON AVE,41.761413,-87.73844,08/04/2019 01:43:00 AM,2019
CR00022093,07/15/2020 05:07:00 PM,40,CLEAR,DARKNESS - LIGHTED ROAD,PARKED MOTOR VEHICLE,NOT DIVIDED,STOP SIGN/FLASHER,UNABLE TO DETERMINE,DRIVING SKILLS/KNOWLEDGE/EXPERIENCE,0,0,0,0,17,4,7,1706,ELSTON AVE,41.805429,-87.750359,07/15/2020 05:55:00 PM,2020
CR00022094,05/10/2015 08:14:00 AM,30,CLEAR,DARKNESS - LIGHTED ROAD,REAR END,NOT DIVIDED,NO CONTROLS,UNABLE TO DETERMINE,DRIVING SKILLS/KNOWLEDGE/EXPERIENCE,0,0,0,0,8,1,5,585,KEDZIE AVE,41.935061,-87.807098,05/10/2015 08:46:00 AM,2015
CR00022095,09/15/2023 06:47:00 PM,35,CLEAR,DUSK,REAR END,NOT DIVIDED,NO CONTROLS,FAILING TO YIELD RIGHT-OF-WAY,UNABLE TO DETERMINE,0,0,0,0,18,6,9,1175,CALIFORNIA AVE,41.958211,-87.748015,09/15/2023 08:21:00 PM,2023
CR00022096,12/31/2022 06:42:00 PM,35,CLEAR,DAYLIGHT,TURNING,FOUR WAY,STOP SIGN/FLASHER,DRIVING SKILLS/KNOWLEDGE/EXPERIENCE,FOLLOWING TOO CLOSELY,0,0,0,0,18,7,12,460,ELSTON AVE,41.804243,-87.595075,12/31/2022 07:44:00 PM,2022
CR00022097,01/25/2019 09:07:00 AM,35,CLEAR,DARKNESS - LIGHTED ROAD,SIDESWIPE SAME DIRECTION,NOT DIVIDED,NO CONTROLS,DRIVING SKILLS/KNOWLEDGE/EXPERIENCE,NOT APPLICABLE,0,0,0,0,9,6,1,1870,CALIFORNIA AVE,41.963336,-87.814126,01/25/2019 10:28:00 AM,2019
CR00022098,11/15/2017 06:01:00 PM,30,CLEAR,DARKNESS - LIGHTED ROAD,SIDESWIPE SAME DIRECTION,NOT DIVIDED,TRAFFIC SIGNAL,FAILING TO REDUCE SPEED,DISTRACTION - FROM INSIDE VEHICLE,0,0,0,0,18,4,11,522,ARCHER AVE,41.754184,-87.829764,11/15/2017 06:18:00 PM,2017
CR00022099,08/28/2021 05:27:00 PM,20,CLEAR,DARKNESS,TURNING,NOT DIVIDED,TRAFFIC SIGNAL,FAILING TO YIELD RIGHT-OF-WAY,WEATHER,0,0,0,0,17,7,8,503,FULLERTON AVE,41.906376,-87.620725,08/28/2021 06:29:00 PM,2021
CR00022100,08/28/2024 08:16:00 AM,35,CLEAR,DAYLIGHT,TURNING,DIVIDED - W/MEDIAN BARRIER,NO CONTROLS,FAILING TO REDUCE SPEED,WEATHER,0,0,0,0,8,4,8,2528,LAKE SHORE DR,41.834246,-87.670463,08/28/2024 09:22:00 AM,2024
CR00022101,03/25/2024 08:01:00 AM,30,CLEAR,DARKNESS,TURNING,NOT DIVIDED,NO CONTROLS,UNABLE TO DETERMINE,DISREGARDING TRAFFIC SIGNALS,0,0,1,1,8,2,3,1647,ELSTON AVE,41.908258,-87.805126,03/25/2024 09:51:00 AM,2024
CR00022102,02/02/2015 03:49:00 PM,20,RAIN,DAYLIGHT,PEDESTRIAN,DIVIDED - W/MEDIAN (NOT RAISED),TRAFFIC SIGNAL,IMPROPER LANE USAGE,DRIVING SKILLS/KNOWLEDGE/EXPERIENCE,0,0,0,0,15,2,2,562,KEDZIE AVE,41.932371,-87.523789,02/02/2015 04:13:00 PM,2015
CR00022103,05/20/2021 11:13:00 PM,30,CLEAR,DAYLIGHT,ANGLE,T-INTERSECTION,NO CONTROLS,IMPROPER OVERTAKING/PASSING,FAILING TO YIELD RIGHT-OF-WAY,0,0,3,3,23,5,5,2466,ARCHER AVE,41.753832,-87.661558,05/21/2021 12:41:00 AM,2021
CR00022104,02/05/2021 07:18:00 PM,35,RAIN,DARKNESS - LIGHTED ROAD,PARKED MOTOR VEHICLE,DIVIDED - W/MEDIAN (NOT RAISED),TRAFFIC SIGNAL,DISREGARDING TRAFFIC SIGNALS,IMPROPER LANE USAGE,0,0,0,0,19,6,2,1284,STONY ISLAND AVE,41.717662,-87.662395,02/05/2021 09:13:00 PM,2021
CR00022105,07/26/2021 07:26:00 AM,20,CLEAR,DUSK,TURNING,NOT DIVIDED,YIELD,UNABLE TO DETERMINE,IMPROPER OVERTAKING/PASSING,0,0,2,2,7,2,7,1707,IRVING PARK RD,41.853944,-87.528425,07/26/2021 08:38:00 AM,2021
CR00022106,05/22/2019 02:09:00 PM,25,CLEAR,DARKNESS,REAR END,DIVIDED - W/MEDIAN (NOT RAISED),STOP SIGN/FLASHER,DRIVING SKILLS/KNOWLEDGE/EXPERIENCE,UNABLE TO DETERMINE,0,0,0,0,14,4,5,1580,HALSTED ST,41.967753,-87.534067,05/22/2019 03:26:00 PM,2019
CR00022107,01/12/2021 10:30:00 AM,30,RAIN,DARKNESS - LIGHTED ROAD,PARKED MOTOR VEHICLE,T-INTERSECTION,STOP SIGN/FLASHER,FOLLOWING TOO CLOSELY,UNABLE TO DETERMINE,0,0,1,1,10,3,1,1221,CICERO AVE,41.917526,-87.710661,01/12/2021 11:25:00 AM,2021
CR00022108,03/10/2017 03:35:00 PM,20,CLEAR,DARKNESS - LIGHTED ROAD,TURNING,DIVIDED - W/MEDIAN BARRIER,STOP SIGN/FLASHER,DRIVING SKILLS/KNOWLEDGE/EXPERIENCE,NOT APPLICABLE,0,0,2,2,15,6,3,1447,79TH ST,41.77066,-87.781404,03/10/2017 04:47:00 PM,2017
CR00022109,08/17/2019 11:15:00 AM,25,CLEAR,DAYLIGHT,TURNING,T-INTERSECTION,STOP SIGN/FLASHER,DISTRACTION - FROM INSIDE VEHICLE,UNABLE TO DETERMINE,0,0,0,0,11,7,8,779,DIVISION ST,41.941274,-87.663339,08/17/2019 11:29:00 AM,2019
CR00022110,06/11/2019 01:02:00 PM,35,CLEAR,DARKNESS - LIGHTED ROAD,ANGLE,ONE-WAY,STOP SIGN/FLASHER,DISTRACTION - FROM INSIDE VEHICLE,UNABLE TO DETERMINE,0,0,0,0,13,3,6,2118,BROADWAY,41.731604,-87.539522,06/11/2019 02:07:00 PM,2019
CR00022111,02/15/2024 08:48:00 AM,15,CLEAR,DAYLIGHT,PEDESTRIAN,NOT DIVIDED,TRAFFIC SIGNAL,IMPROPER LANE USAGE,DRIVING SKILLS/KNOWLEDGE/EXPERIENCE,0,0,0,0,8,5,2,2210,WESTERN AVE,41.820779,-87.533205,02/15/2024 10:25:00 AM,2024
CR00022112,03/03/2023 08:38:00 PM,20,RAIN,DAYLIGHT,REAR END,FOUR WAY,STOP SIGN/FLASHER,IMPROPER OVERTAKING/PASSING,NOT APPLICABLE,0,0,0,0,20,6,3,677,ROOSEVELT RD,41.840282,-87.523287,03/03/2023 08:42:00 PM,2023
CR00022113,12/27/2023 05:59:00 PM,35,SNOW,DAYLIGHT,REAR END,DIVIDED - W/MEDIAN (NOT RAISED),NO CONTROLS,IMPROPER OVERTAKING/PASSING,DISREGARDING TRAFFIC SIGNALS,0,0,0,0,17,4,12,667,ASHLAND AVE,41.815256,-87.68692,12/27/2023 07:40:00 PM,2023
CR00022114,09/01/2023 10:40:00 AM,40,CLEAR,DAYLIGHT,ANGLE,NOT DIVIDED,TRAFFIC SIGNAL,FAILING TO YIELD RIGHT-OF-WAY,NOT APPLICABLE,0,0,0,0,10,6,9,859,IRVING PARK RD,41.797112,-87.808484,09/01/2023 11:57:00 AM,2023
CR00022115,10/16/2024 04:37:00 PM,40,RAIN,DAYLIGHT,ANGLE,NOT DIVIDED,NO CONTROLS,FOLLOWING TOO CLOSELY,NOT APPLICABLE,0,0,0,0,16,4,10,468,KEDZIE AVE,41.882925,-87.701084,10/16/2024 05:12:00 PM,2024
CR00022116,01/18/2020 11:10:00 AM,35,CLOUDY/OVERCAST,DAYLIGHT,PARKED MOTOR VEHICLE,DIVIDED - W/MEDIAN (NOT RAISED),STOP SIGN/FLASHER,FAILING TO YIELD RIGHT-OF-WAY,DISREGARDING TRAFFIC SIGNALS,0,0,0,0,11,7,1,1079,ASHLAND AVE,41.774496,-87.735729,01/18/2020 12:27:00 PM,2020
CR00022117,01/02/2018 12:40:00 PM,25,FREEZING RAIN/DRIZZLE,DARKNESS - LIGHTED ROAD,TURNING,FOUR WAY,TRAFFIC SIGNAL,IMPROPER OVERTAKING/PASSING,WEATHER,0,0,0,0,12,3,1,282,STATE ST,41.803376,-87.626876,01/02/2018 02:35:00 PM,2018
CR00022118,05/21/2020 08:54:00 AM,15,CLEAR,DARKNESS - LIGHTED ROAD,TURNING,NOT DIVIDED,NO CONTROLS,FOLLOWING TOO CLOSELY,FOLLOWING TOO CLOSELY,0,0,0,0,8,5,5,1902,ELSTON AVE,41.921501,-87.692635,05/21/2020 09:24:00 AM,2020
CR00022119,02/19/2016 12:41:00 AM,30,SNOW,DAYLIGHT,ANGLE,DIVIDED - W/MEDIAN (NOT RAISED),NO CONTROLS,UNABLE TO DETERMINE,UNABLE TO DETERMINE,0,0,0,0,0,6,2,2242,CLARK ST,41.952935,-87.529486,02/19/2016 02:08:00 AM,2016
CR00022120,04/24/2024 09:16:00 PM,25,CLEAR,DARKNESS - LIGHTED ROAD,ANGLE,DIVIDED - W/MEDIAN (NOT RAISED),NO CONTROLS,FAILING TO YIELD RIGHT-OF-WAY,UNABLE TO DETERMINE,0,0,1,1,21,4,4,589,CICERO AVE,41.872528,-87.552037,04/24/2024 09:35:00 PM,2024
CR00022121,09/02/2016 07:57:00 AM,35,CLEAR,DARKNESS - LIGHTED ROAD,REAR TO FRONT,NOT DIVIDED,NO CONTROLS,DISTRACTION - FROM INSIDE VEHICLE,NOT APPLICABLE,0,0,0,0,7,6,9,352,WESTERN AVE,41.84292,-87.651342,09/02/2016 08:41:00 AM,2016
CR00022122,06/13/2017 06:32:00 PM,30,RAIN,DAYLIGHT,TURNING,DIVIDED - W/MEDIAN (NOT RAISED),NO CONTROLS,FAILING TO REDUCE SPEED,UNABLE TO DETERMINE,0,0,1,1,18,3,6,175,WESTERN AVE,41.768387,-87.71874,06/13/2017 07:40:00 PM,2017
CR00022123,07/17/2022 05:29:00 PM,20,CLEAR,DAYLIGHT,REAR END,NOT DIVIDED,STOP SIGN/FLASHER,UNABLE TO DETERMINE,FAILING TO REDUCE SPEED,0,0,0,0,17,1,7,1475,IRVING PARK RD,41.8986,-87.711722,07/17/2022 05:42:00 PM,2022
CR00022124,01/04/2023 06:40:00 AM,15,CLEAR,DAYLIGHT,ANGLE,DIVIDED - W/MEDIAN BARRIER,NO CONTROLS,UNABLE TO DETERMINE,DISTRACTION - FROM INSIDE VEHICLE,0,0,2,2,6,4,1,1422,47TH ST,41.73069,-87.699805,01/04/2023 07:23:00 AM,2023
CR00022125,10/21/2021 04:09:00 PM,20,CLOUDY/OVERCAST,DAYLIGHT,FIXED OBJECT,NOT DIVIDED,TRAFFIC SIGNAL,DISTRACTION - FROM INSIDE VEHICLE,UNABLE TO DETERMINE,0,0,0,0,16,5,10,2138,ROOSEVELT RD,41.766328,-87.665688,10/21/2021 05:16:00 PM,2021
CR00022126,08/08/2021 05:22:00 PM,35,RAIN,DAWN,REAR END,NOT DIVIDED,YIELD,DRIVING SKILLS/KNOWLEDGE/EXPERIENCE,UNABLE TO DETERMINE,0,0,0,0,17,1,8,1666,HALSTED ST,41.941138,-87.771024,08/08/2021 07:11:00 PM,2021
CR00022127,11/11/2021 06:24:00 PM,45,CLEAR,DAYLIGHT,ANGLE,DIVIDED - W/MEDIAN (NOT RAISED),NO CONTROLS,DISTRACTION - FROM INSIDE VEHICLE,UNABLE TO DETERMINE,0,0,0,0,18,5,11,911,79TH ST,41.821655,-87.588147,11/11/2021 08:07:00 PM,2021
CR00022128,08/16/2021 03:22:00 PM,30,RAIN,DUSK,PARKED MOTOR VEHICLE,NOT DIVIDED,STOP SIGN/FLASHER,DISTRACTION - FROM INSIDE VEHICLE,UNABLE TO DETERMINE,0,0,0,0,15,2,8,171,ROOSEVELT RD,41.960106,-87.747641,08/16/2021 04:49:00 PM,2021
CR00022129,03/14/2016 11:35:00 PM,20,CLEAR,DAYLIGHT,PARKED MOTOR VEHICLE,NOT DIVIDED,NO CONTROLS,DRIVING SKILLS/KNOWLEDGE/EXPERIENCE,UNABLE TO DETERMINE,0,0,0,0,23,2,3,1471,STONY ISLAND AVE,41.734902,-87.708149,03/15/2016 12:20:00 AM,2016
CR00022130,05/28/2024 05:09:00 PM,30,CLEAR,DARKNESS - LIGHTED ROAD,SIDESWIPE SAME DIRECTION,ONE-WAY,STOP SIGN/FLASHER,IMPROPER OVERTAKING/PASSING,FOLLOWING TOO CLOSELY,0,0,0,0,17,3,5,1285,ROOSEVELT RD,41.715894,-87.819424,05/28/2024 06:33:00 PM,2024
CR00022131,10/21/2016 03:21:00 PM,30,CLEAR,DAYLIGHT,PEDESTRIAN,T-INTERSECTION,NO CONTROLS,DRIVING SKILLS/KNOWLEDGE/EXPERIENCE,DISREGARDING TRAFFIC SIGNALS,0,0,0,0,15,6,10,1930,BROADWAY,41.965896,-87.785471,10/21/2016 04:39:00 PM,2016
CR00022132,08/29/2019 07:23:00 PM,30,CLEAR,DARKNESS - LIGHTED ROAD,PARKED MOTOR VEHICLE,DIVIDED - W/MEDIAN (NOT RAISED),NO CONTROLS,FAILING TO YIELD RIGHT-OF-WAY,IMPROPER LANE USAGE,0,2,1,3,19,5,8,607,ROOSEVELT RD,41.91071,-87.5163,08/29/2019 09:06:00 PM,2019
CR00022133,05/06/2015 01:13:00 AM,15,CLEAR,DAYLIGHT,ANGLE,FOUR WAY,NO CONTROLS,DISTRACTION - FROM INSIDE VEHICLE,UNABLE TO DETERMINE,0,0,0,0,1,4,5,112,63RD ST,41.937374,-87.67366,05/06/2015 02:07:00 AM,2015
CR00022134,02/05/2024 01:26:00 AM,25,CLEAR,DAYLIGHT,SIDESWIPE SAME DIRECTION,FOUR WAY,TRAFFIC SIGNAL,FOLLOWING TOO CLOSELY,NOT APPLICABLE,0,0,0,0,1,2,2,725,MILWAUKEE AVE,41.814702,-87.645309,02/05/2024 02:32:00 AM,2024
CR00022135,03/23/2015 02:17:00 PM,15,RAIN,DAYLIGHT,TURNING,DIVIDED - W/MEDIAN BARRIER,NO CONTROLS,FAILING TO YIELD RIGHT-OF-WAY,IMPROPER LANE USAGE,0,0,0,0,14,2,3,2184,PULASKI RD,41.910409,-87.549009,03/23/2015 03:57:00 PM,2015
CR00022136,12/11/2024 09:34:00 PM,30,CLEAR,DAYLIGHT,PEDESTRIAN,ONE-WAY,STOP SIGN/FLASHER,DISREGARDING TRAFFIC SIGNALS,UNABLE TO DETERMINE,0,0,1,1,21,4,12,2302,ROOSEVELT RD,41.774747,-87.725474,12/11/2024 09:53:00 PM,2024