CRASH_RECORD_ID,CRASH_DATE,POSTED_SPEED_LIMIT,WEATHER_CONDITION,LIGHTING_CONDITION,FIRST_CRASH_TYPE,TRAFFICWAY_TYPE,TRAFFIC_CONTROL_DEVICE,PRIM_CONTRIBUTORY_CAUSE,SEC_CONTRIBUTORY_CAUSE,INJURIES_FATAL,INJURIES_INCAPACITATING,INJURIES_NON_INCAPACITATING,INJURIES_TOTAL,CRASH_HOUR,CRASH_DAY_OF_WEEK,CRASH_MONTH,BEAT_OF_OCCURRENCE,STREET_NAME,LATITUDE,LONGITUDE,DATE_POLICE_NOTIFIED,year
CR00022137,06/15/2021 07:39:00 AM,45,CLEAR,DARKNESS - LIGHTED ROAD,ANGLE,NOT DIVIDED,TRAFFIC SIGNAL,DISTRACTION - FROM INSIDE VEHICLE,DRIVING SKILLS/KNOWLEDGE/EXPERIENCE,0,0,0,0,7,3,6,2118,FULLERTON AVE,41.861027,-87.576735,06/15/2021 09:19:00 AM,2021
CR00022138,08/05/2017 11:27:00 AM,35,CLEAR,DARKNESS - LIGHTED ROAD,REAR END,FOUR WAY,STOP SIGN/FLASHER,FOLLOWING TOO CLOSELY,NOT APPLICABLE,0,0,0,0,11,7,8,1093,63RD ST,41.948285,-87.569407,08/05/2017 12:13:00 PM,2017
CR00022139,08/05/2017 05:07:00 PM,45,CLEAR,DUSK,SIDESWIPE SAME DIRECTION,T-INTERSECTION,NO CONTROLS,IMPROPER LANE USAGE,FOLLOWING TOO CLOSELY,0,0,0,0,17,7,8,257,CALIFORNIA AVE,41.974362,-87.783297,08/05/2017 07:02:00 PM,2017
CR00022140,05/07/2024 04:50:00 AM,40,RAIN,DUSK,TURNING,ONE-WAY,STOP SIGN/FLASHER,DRIVING SKILLS/KNOWLEDGE/EXPERIENCE,DRIVING SKILLS/KNOWLEDGE/EXPERIENCE,0,0,0,0,4,3,5,2067,STONY ISLAND AVE,41.937409,-87.528017,05/07/2024 06:09:00 AM,2024
CR00022141,05/23/2017 07:34:00 PM,35,SNOW,DARKNESS - LIGHTED ROAD,REAR END,ONE-WAY,STOP SIGN/FLASHER,DISREGARDING TRAFFIC SIGNALS,FAILING TO YIELD RIGHT-OF-WAY,0,0,0,0,19,3,5,1335,CALIFORNIA AVE,41.772221,-87.601462,05/23/2017 09:24:00 PM,2017
CR00022142,04/25/2018 01:27:00 PM,20,CLEAR,DAYLIGHT,REAR END,NOT DIVIDED,STOP SIGN/FLASHER,FAILING TO YIELD RIGHT-OF-WAY,UNABLE TO DETERMINE,0,0,0,0,13,4,4,2513,HALSTED ST,41.916738,-87.770638,04/25/2018 02:16:00 PM,2018
CR00022143,11/09/2016 03:21:00 PM,35,CLEAR,DARKNESS,TURNING,NOT DIVIDED,STOP SIGN/FLASHER,DISREGARDING TRAFFIC SIGNALS,FAILING TO YIELD RIGHT-OF-WAY,0,0,0,0,15,4,11,950,ROOSEVELT RD,41.81531,-87.795473,11/09/2016 04:21:00 PM,2016
CR00022144,08/07/2016 06:03:00 PM,30,CLEAR,DARKNESS - LIGHTED ROAD,SIDESWIPE SAME DIRECTION,DIVIDED - W/MEDIAN (NOT RAISED),TRAFFIC SIGNAL,DISTRACTION - FROM INSIDE VEHICLE,NOT APPLICABLE,0,0,0,0,18,1,8,2325,WESTERN AVE,41.998555,-87.734506,08/07/2016 07:23:00 PM,2016
CR00022145,03/29/2022 11:35:00 AM,20,CLEAR,DAYLIGHT,REAR TO FRONT,DIVIDED - W/MEDIAN BARRIER,STOP SIGN/FLASHER,UNABLE TO DETERMINE,IMPROPER OVERTAKING/PASSING,0,0,0,0,11,3,3,2368,BROADWAY,41.764212,-87.845529,03/29/2022 11:57:00 AM,2022
CR00022146,03/14/2022 07:36:00 PM,45,CLEAR,DAYLIGHT,REAR END,FOUR WAY,PEDESTRIAN CROSSING SIGN,UNABLE TO DETERMINE,FAILING TO REDUCE SPEED,0,0,0,0,19,2,3,1620,ASHLAND AVE,41.941298,-87.558323,03/14/2022 08:00:00 PM,2022
CR00022147,08/22/2021 02:10:00 PM,30,CLEAR,DARKNESS - LIGHTED ROAD,ANGLE,DIVIDED - W/MEDIAN (NOT RAISED),UNKNOWN,DISREGARDING TRAFFIC SIGNALS,UNABLE TO DETERMINE,0,0,0,0,14,1,8,1649,LAKE SHORE DR,41.96809,-87.795858,08/22/2021 04:09:00 PM,2021
CR00022148,12/22/2019 09:54:00 PM,35,CLEAR,DAYLIGHT,SIDESWIPE SAME DIRECTION,NOT DIVIDED,TRAFFIC SIGNAL,UNABLE TO DETERMINE,DRIVING SKILLS/KNOWLEDGE/EXPERIENCE,0,0,0,0,21,1,12,1369,PULASKI RD,41.957398,-87.674589,12/22/2019 10:47:00 PM,2019
CR00022149,08/16/2020 07:07:00 PM,30,CLEAR,DAWN,REAR END,NOT DIVIDED,UNKNOWN,DRIVING SKILLS/KNOWLEDGE/EXPERIENCE,FAILING TO YIELD RIGHT-OF-WAY,0,0,0,0,19,1,8,1448,ASHLAND AVE,41.781225,-87.70749,08/16/2020 08:55:00 PM,2020
CR00022150,06/14/2023 12:01:00 AM,30,CLOUDY/OVERCAST,DAYLIGHT,REAR END,DIVIDED - W/MEDIAN (NOT RAISED),TRAFFIC SIGNAL,FAILING TO YIELD RIGHT-OF-WAY,FOLLOWING TOO CLOSELY,0,0,0,0,0,4,6,2383,MICHIGAN AVE,41.753044,-87.632866,06/14/2023 01:27:00 AM,2023
CR00022151,06/13/2018 08:04:00 AM,35,CLOUDY/OVERCAST,DARKNESS - LIGHTED ROAD,ANGLE,NOT DIVIDED,NO CONTROLS,IMPROPER LANE USAGE,IMPROPER LANE USAGE,0,0,0,0,8,4,6,462,DAMEN AVE,41.967242,-87.800409,06/13/2018 08:43:00 AM,2018
CR00022152,09/11/2024 10:25:00 AM,20,CLEAR,DARKNESS - LIGHTED ROAD,REAR END,DIVIDED - W/MEDIAN BARRIER,NO CONTROLS,UNABLE TO DETERMINE,IMPROPER LANE USAGE,0,0,0,0,10,4,9,2352,FULLERTON AVE,41.904482,-87.59419,09/11/2024 12:09:00 PM,2024
CR00022153,11/29/2024 06:12:00 PM,35,RAIN,DARKNESS - LIGHTED ROAD,REAR TO FRONT,ONE-WAY,NO CONTROLS,FAILING TO YIELD RIGHT-OF-WAY,FOLLOWING TOO CLOSELY,0,0,0,0,18,6,11,2040,MICHIGAN AVE,41.71329,-87.681147,11/29/2024 06:46:00 PM,2024
CR00022154,07/29/2016 07:46:00 AM,30,CLOUDY/OVERCAST,DUSK,REAR END,ONE-WAY,NO CONTROLS,FOLLOWING TOO CLOSELY,DISREGARDING TRAFFIC SIGNALS,0,0,0,0,7,6,7,1029,KEDZIE AVE,41.74477,-87.622587,07/29/2016 07:59:00 AM,2016
CR00022155,02/05/2022 11:46:00 AM,30,CLEAR,DAYLIGHT,TURNING,ONE-WAY,STOP SIGN/FLASHER,UNABLE TO DETERMINE,UNABLE TO DETERMINE,0,0,0,0,11,7,2,1429,47TH ST,41.928442,-87.688464,02/05/2022 12:46:00 PM,2022
CR00022156,08/17/2024 11:34:00 PM,30,CLEAR,DAYLIGHT,FIXED OBJECT,ONE-WAY,TRAFFIC SIGNAL,IMPROPER OVERTAKING/PASSING,NOT APPLICABLE,0,0,1,1,23,7,8,2447,CLARK ST,41.90914,-87.799959,08/17/2024 11:44:00 PM,2024
CR00022157,08/04/2022 07:27:00 PM,40,CLEAR,DARKNESS - LIGHTED ROAD,REAR END,DIVIDED - W/MEDIAN BARRIER,NO CONTROLS,DISTRACTION - FROM INSIDE VEHICLE,UNABLE TO DETERMINE,0,0,0,0,19,5,8,2131,ROOSEVELT RD,41.907525,-87.581916,08/04/2022 08:43:00 PM,2022
CR00022158,05/31/2019 01:31:00 AM,45,FOG/SMOKE/HAZE,DAYLIGHT,PARKED MOTOR VEHICLE,FOUR WAY,STOP SIGN/FLASHER,FOLLOWING TOO CLOSELY,FOLLOWING TOO CLOSELY,0,0,0,0,1,6,5,196,LAKE SHORE DR,41.899419,-87.572968,05/31/2019 02:54:00 AM,2019
CR00022159,03/25/2016 09:30:00 AM,45,CLEAR,DARKNESS - LIGHTED ROAD,REAR END,T-INTERSECTION,NO CONTROLS,UNABLE TO DETERMINE,FAILING TO YIELD RIGHT-OF-WAY,0,0,0,0,9,6,3,857,79TH ST,41.844612,-87.623858,03/25/2016 10:52:00 AM,2016
CR00022160,04/11/2022 03:23:00 PM,40,CLEAR,DARKNESS - LIGHTED ROAD,PEDESTRIAN,FOUR WAY,TRAFFIC SIGNAL,DISTRACTION - FROM INSIDE VEHICLE,DISTRACTION - FROM INSIDE VEHICLE,0,0,1,1,15,2,4,1781,BROADWAY,41.986335,-87.718352,04/11/2022 05:19:00 PM,2022
CR00022161,05/14/2022 07:16:00 AM,20,CLEAR,DAYLIGHT,SIDESWIPE SAME DIRECTION,NOT DIVIDED,UNKNOWN,FOLLOWING TOO CLOSELY,UNABLE TO DETERMINE,0,0,0,0,7,7,5,1885,63RD ST,41.787568,-87.643539,05/14/2022 07:46:00 AM,2022
CR00022162,02/09/2024 09:52:00 AM,35,CLEAR,DAWN,REAR END,DIVIDED - W/MEDIAN (NOT RAISED),STOP SIGN/FLASHER,FAILING TO YIELD RIGHT-OF-WAY,NOT APPLICABLE,0,0,0,0,9,6,2,2223,WESTERN AVE,41.824123,-87.734969,02/09/2024 10:47:00 AM,2024
CR00022163,05/17/2020 08:38:00 AM,25,CLEAR,DAWN,REAR TO FRONT,ONE-WAY,TRAFFIC SIGNAL,FAILING TO YIELD RIGHT-OF-WAY,NOT APPLICABLE,0,0,0,0,8,1,5,1908,PULASKI RD,41.705067,-87.621296,05/17/2020 09:31:00 AM,2020
CR00022164,07/15/2024 02:44:00 PM,35,CLEAR,DARKNESS,ANGLE,DIVIDED - W/MEDIAN BARRIER,STOP SIGN/FLASHER,UNABLE TO DETERMINE,IMPROPER OVERTAKING/PASSING,0,0,0,0,14,2,7,2522,LAKE SHORE DR,41.824034,-87.555031,07/15/2024 03:17:00 PM,2024
CR00022165,02/09/2019 01:57:00 PM,25,CLEAR,DAYLIGHT,PARKED MOTOR VEHICLE,DIVIDED - W/MEDIAN BARRIER,STOP SIGN/FLASHER,IMPROPER LANE USAGE,FOLLOWING TOO CLOSELY,0,0,0,0,13,7,2,1464,STATE ST,41.828992,-87.791243,02/09/2019 02:44:00 PM,2019
CR00022166,05/10/2019 08:11:00 AM,30,RAIN,DAYLIGHT,PEDESTRIAN,ONE-WAY,NO CONTROLS,IMPROPER LANE USAGE,UNABLE TO DETERMINE,0,0,0,0,8,6,5,1903,IRVING PARK RD,41.89176,-87.790463,05/10/2019 08:49:00 AM,2019
CR00022167,02/02/2015 11:26:00 AM,30,CLOUDY/OVERCAST,DUSK,PARKED MOTOR VEHICLE,NOT DIVIDED,STOP SIGN/FLASHER,FOLLOWING TOO CLOSELY,DISTRACTION - FROM INSIDE VEHICLE,0,0,0,0,11,2,2,1710,PULASKI RD,41.86172,-87.785574,02/02/2015 12:23:00 PM,2015
CR00022168,08/21/2016 01:46:00 AM,35,CLEAR,DAYLIGHT,REAR END,DIVIDED - W/MEDIAN (NOT RAISED),YIELD,FOLLOWING TOO CLOSELY,UNABLE TO DETERMINE,0,0,1,1,1,1,8,555,DAMEN AVE,41.876146,-87.554436,08/21/2016 02:32:00 AM,2016
CR00022169,06/05/2017 07:19:00 PM,45,CLEAR,DAYLIGHT,ANGLE,NOT DIVIDED,NO CONTROLS,IMPROPER LANE USAGE,FAILING TO YIELD RIGHT-OF-WAY,0,0,0,0,19,2,6,197,WESTERN AVE,41.827074,-87.604841,06/05/2017 07:26:00 PM,2017
CR00022170,11/03/2021 04:32:00 PM,45,CLEAR,DAYLIGHT,REAR END,ONE-WAY,STOP SIGN/FLASHER,UNABLE TO DETERMINE,UNABLE TO DETERMINE,0,0,0,0,16,4,11,886,IRVING PARK RD,41.930433,-87.779307,11/03/2021 06:21:00 PM,2021
CR00022171,04/29/2022 06:23:00 AM,15,CLEAR,DARKNESS,ANGLE,NOT DIVIDED,STOP SIGN/FLASHER,UNABLE TO DETERMINE,DISTRACTION - FROM INSIDE VEHICLE,0,0,0,0,6,6,4,1453,ROOSEVELT RD,41.790794,-87.707518,04/29/2022 07:22:00 AM,2022
CR00022172,09/18/2016 05:32:00 PM,30,CLEAR,DARKNESS,SIDESWIPE SAME DIRECTION,T-INTERSECTION,STOP SIGN/FLASHER,IMPROPER LANE USAGE,UNABLE TO DETERMINE,0,0,0,0,17,1,9,1148,47TH ST,41.873604,-87.815921,09/18/2016 05:50:00 PM,2016
CR00022173,10/09/2016 08:45:00 AM,20,RAIN,DARKNESS - LIGHTED ROAD,REAR END,NOT DIVIDED,UNKNOWN,DRIVING SKILLS/KNOWLEDGE/EXPERIENCE,UNABLE TO DETERMINE,0,0,0,0,8,1,10,1385,ROOSEVELT RD,41.798643,-87.528188,10/09/2016 10:32:00 AM,2016
CR00022174,07/16/2024 02:23:00 PM,15,CLEAR,DAYLIGHT,ANGLE,FOUR WAY,TRAFFIC SIGNAL,UNABLE TO DETERMINE,NOT APPLICABLE,0,0,0,0,14,3,7,1029,IRVING PARK RD,41.893461,-87.842983,07/16/2024 02:45:00 PM,2024
CR00022175,04/24/2018 06:40:00 AM,30,CLEAR,DARKNESS,TURNING,T-INTERSECTION,STOP SIGN/FLASHER,IMPROPER OVERTAKING/PASSING,FAILING TO REDUCE SPEED,0,0,0,0,6,3,4,173,HALSTED ST,41.865398,-87.522402,04/24/2018 08:00:00 AM,2018
CR00022176,11/01/2022 10:47:00 AM,20,CLEAR,DARKNESS - LIGHTED ROAD,FIXED OBJECT,FOUR WAY,NO CONTROLS,UNABLE TO DETERMINE,UNABLE TO DETERMINE,0,0,0,0,10,3,11,1949,WESTERN AVE,41.99449,-87.765986,11/01/2022 12:30:00 PM,2022
CR00022177,09/13/2024 05:11:00 PM,35,CLEAR,DARKNESS - LIGHTED ROAD,TURNING,T-INTERSECTION,TRAFFIC SIGNAL,DRIVING SKILLS/KNOWLEDGE/EXPERIENCE,DISTRACTION - FROM INSIDE VEHICLE,0,0,0,0,17,6,9,1078,STATE ST,41.740066,-87.524912,09/13/2024 05:47:00 PM,2024
CR00022178,01/21/2016 04:07:00 PM,30,FREEZING RAIN/DRIZZLE,DARKNESS - LIGHTED ROAD,REAR END,NOT DIVIDED,UNKNOWN,FOLLOWING TOO CLOSELY,UNABLE TO DETERMINE,0,0,0,0,16,5,1,2068,ASHLAND AVE,41.814939,-87.578185,01/21/2016 04:47:00 PM,2016
CR00022179,09/30/2021 02:48:00 PM,35,CLEAR,DAYLIGHT,REAR END,NOT DIVIDED,NO CONTROLS,FOLLOWING TOO CLOSELY,IMPROPER LANE USAGE,0,0,1,1,14,5,9,846,DIVISION ST,41.910791,-87.799323,09/30/2021 04:09:00 PM,2021
CR00022180,08/31/2016 03:21:00 PM,35,CLEAR,DARKNESS - LIGHTED ROAD,REAR END,DIVIDED - W/MEDIAN (NOT RAISED),STOP SIGN/FLASHER,WEATHER,FOLLOWING TOO CLOSELY,0,0,0,0,15,4,8,2201,ASHLAND AVE,41.95077,-87.7839,08/31/2016 04:15:00 PM,2016
CR00022181,05/18/2019 09:03:00 AM,40,CLEAR,DARKNESS - LIGHTED ROAD,REAR END,DIVIDED - W/MEDIAN (NOT RAISED),TRAFFIC SIGNAL,UNABLE TO DETERMINE,UNABLE TO DETERMINE,0,0,0,0,9,7,5,2497,63RD ST,41.755689,-87.603458,05/18/2019 10:58:00 AM,2019
CR00022182,03/29/2016 04:26:00 PM,25,CLEAR,DAYLIGHT,ANGLE,ONE-WAY,TRAFFIC SIGNAL,FAILING TO YIELD RIGHT-OF-WAY,IMPROPER LANE USAGE,0,0,0,0,16,3,3,1761,KEDZIE AVE,41.948193,-87.695082,03/29/2016 06:09:00 PM,2016
CR00022183,04/04/2018 10:23:00 PM,35,CLEAR,DAYLIGHT,ANGLE,DIVIDED - W/MEDIAN (NOT RAISED),TRAFFIC SIGNAL,IMPROPER LANE USAGE,DISTRACTION - FROM INSIDE VEHICLE,0,0,0,0,22,4,4,1006,ARCHER AVE,41.828011,-87.685574,04/04/2018 11:47:00 PM,2018
CR00022184,08/14/2023 02:09:00 PM,35,RAIN,DARKNESS - LIGHTED ROAD,TURNING,FOUR WAY,STOP SIGN/FLASHER,DISREGARDING TRAFFIC SIGNALS,DISTRACTION - FROM INSIDE VEHICLE,0,0,0,0,14,2,8,2303,CALIFORNIA AVE,41.825794,-87.670741,08/14/2023 02:22:00 PM,2023
CR00022185,05/14/2017 09:01:00 AM,45,CLEAR,DARKNESS,SIDESWIPE SAME DIRECTION,DIVIDED - W/MEDIAN (NOT RAISED),NO CONTROLS,FAILING TO YIELD RIGHT-OF-WAY,FAILING TO YIELD RIGHT-OF-WAY,0,0,0,0,9,1,5,1939,FULLERTON AVE,41.787309,-87.826158,05/14/2017 09:50:00 AM,2017
CR00022186,12/01/2017 12:27:00 PM,35,FOG/SMOKE/HAZE,DAYLIGHT,ANGLE,NOT DIVIDED,TRAFFIC SIGNAL,FOLLOWING TOO CLOSELY,NOT APPLICABLE,0,0,0,0,12,6,12,1373,KEDZIE AVE,41.956586,-87.647852,12/01/2017 12:51:00 PM,2017
CR00022187,08/25/2023 10:32:00 AM,45,CLEAR,DAYLIGHT,FIXED OBJECT,ONE-WAY,NO CONTROLS,FAILING TO YIELD RIGHT-OF-WAY,UNABLE TO DETERMINE,0,0,0,0,10,6,8,1191,DAMEN AVE,41.831178,-87.665752,08/25/2023 11:29:00 AM,2023
CR00022188,02/16/2021 10:00:00 AM,35,CLEAR,DAYLIGHT,PARKED MOTOR VEHICLE,NOT DIVIDED,NO CONTROLS,IMPROPER OVERTAKING/PASSING,NOT APPLICABLE,0,0,3,3,10,3,2,1178,47TH ST,41.990998,-87.680765,02/16/2021 11:23:00 AM,2021
CR00022189,12/27/2017 10:17:00 AM,30,CLEAR,DAYLIGHT,REAR END,ONE-WAY,NO CONTROLS,UNABLE TO DETERMINE,UNABLE TO DETERMINE,0,0,0,0,10,4,12,343,ASHLAND AVE,41.992148,-87.516966,12/27/2017 11:41:00 AM,2017
CR00022190,03/26/2019 08:31:00 AM,20,CLEAR,DAYLIGHT,ANGLE,NOT DIVIDED,TRAFFIC SIGNAL,IMPROPER LANE USAGE,NOT APPLICABLE,0,0,0,0,8,3,3,151,STATE ST,41.771469,-87.787719,03/26/2019 09:53:00 AM,2019
CR00022191,04/29/2016 05:36:00 AM,35,FREEZING RAIN/DRIZZLE,DARKNESS,SIDESWIPE SAME DIRECTION,DIVIDED - W/MEDIAN BARRIER,TRAFFIC SIGNAL,FOLLOWING TOO CLOSELY,UNABLE TO DETERMINE,0,1,1,2,5,6,4,1630,WESTERN AVE,41.998858,-87.720457,04/29/2016 07:36:00 AM,2016
CR00022192,06/08/2017 09:45:00 AM,15,CLEAR,DAYLIGHT,ANGLE,NOT DIVIDED,TRAFFIC SIGNAL,WEATHER,IMPROPER OVERTAKING/PASSING,0,0,0,0,9,5,6,535,HALSTED ST,41.796159,-87.555939,06/08/2017 11:01:00 AM,2017
CR00022193,04/29/2018 11:53:00 AM,35,CLEAR,DAYLIGHT,REAR TO FRONT,FOUR WAY,TRAFFIC SIGNAL,DISTRACTION - FROM INSIDE VEHICLE,NOT APPLICABLE,0,0,0,0,11,1,4,1414,IRVING PARK RD,41.714211,-87.702738,04/29/2018 12:49:00 PM,2018
CR00022194,11/09/2018 07:36:00 PM,20,CLEAR,DARKNESS - LIGHTED ROAD,SIDESWIPE SAME DIRECTION,NOT DIVIDED,TRAFFIC SIGNAL,UNABLE TO DETERMINE,UNABLE TO DETERMINE,0,0,0,0,19,6,11,1705,LAKE SHORE DR,41.794101,-87.56284,11/09/2018 09:23:00 PM,2018
CR00022195,01/30/2020 08:41:00 AM,30,CLEAR,DARKNESS,ANGLE,T-INTERSECTION,TRAFFIC SIGNAL,FAILING TO YIELD RIGHT-OF-WAY,UNABLE TO DETERMINE,0,0,2,2,8,5,1,150,WESTERN AVE,41.821796,-87.500888,01/30/2020 10:14:00 AM,2020
CR00022196,04/11/2023 04:26:00 AM,15,CLEAR,DARKNESS - LIGHTED ROAD,REAR END,NOT DIVIDED,TRAFFIC SIGNAL,DISTRACTION - FROM INSIDE VEHICLE,UNABLE TO DETERMINE,0,0,0,0,4,3,4,1102,KEDZIE AVE,41.812806,-87.596602,04/11/2023 05:55:00 AM,2023
CR00022197,02/27/2016 09:53:00 AM,30,CLEAR,DAYLIGHT,TURNING,FOUR WAY,NO CONTROLS,UNABLE TO DETERMINE,UNABLE TO DETERMINE,0,0,0,0,9,7,2,2305,MICHIGAN AVE,41.972091,-87.793415,02/27/2016 10:28:00 AM,2016
CR00022198,04/22/2017 01:56:00 PM,30,CLEAR,DAYLIGHT,REAR TO FRONT,NOT DIVIDED,STOP SIGN/FLASHER,FAILING TO YIELD RIGHT-OF-WAY,UNABLE TO DETERMINE,0,0,3,3,13,7,4,328,CLARK ST,41.801612,-87.741218,04/22/2017 02:30:00 PM,2017
CR00022199,06/08/2023 01:03:00 AM,20,RAIN,DAYLIGHT,TURNING,ONE-WAY,UNKNOWN,FAILING TO YIELD RIGHT-OF-WAY,NOT APPLICABLE,0,2,1,3,1,5,6,2401,CALIFORNIA AVE,41.968216,-87.585838,06/08/2023 01:57:00 AM,2023
CR00022200,01/13/2021 03:10:00 AM,35,RAIN,DAYLIGHT,SIDESWIPE SAME DIRECTION,FOUR WAY,UNKNOWN,DRIVING SKILLS/KNOWLEDGE/EXPERIENCE,FOLLOWING TOO CLOSELY,0,0,0,0,3,4,1,1466,STONY ISLAND AVE,41.858453,-87.719851,01/13/2021 04:21:00 AM,2021
CR00022201,06/16/2021 08:49:00 PM,25,CLEAR,DAYLIGHT,SIDESWIPE SAME DIRECTION,NOT DIVIDED,STOP SIGN/FLASHER,UNABLE TO DETERMINE,IMPROPER LANE USAGE,0,0,0,0,20,4,6,1178,DIVISION ST,41.737088,-87.767213,06/16/2021 08:50:00 PM,2021
CR00022202,09/19/2016 10:38:00 AM,40,CLEAR,DAYLIGHT,ANGLE,NOT DIVIDED,TRAFFIC SIGNAL,UNABLE TO DETERMINE,UNABLE TO DETERMINE,0,0,0,0,10,2,9,311,HALSTED ST,41.723662,-87.590202,09/19/2016 12:18:00 PM,2016
CR00022203,03/04/2023 03:05:00 PM,45,RAIN,DAYLIGHT,PARKED MOTOR VEHICLE,DIVIDED - W/MEDIAN (NOT RAISED),TRAFFIC SIGNAL,DISTRACTION - FROM INSIDE VEHICLE,NOT APPLICABLE,0,0,0,0,15,7,3,275,CICERO AVE,41.70655,-87.705864,03/04/2023 03:06:00 PM,2023
CR00022204,09/26/2017 05:57:00 PM,15,CLOUDY/OVERCAST,DAYLIGHT,PARKED MOTOR VEHICLE,NOT DIVIDED,TRAFFIC SIGNAL,WEATHER,IMPROPER LANE USAGE,0,0,3,3,17,3,9,1748,CALIFORNIA AVE,41.764447,-87.537876,09/26/2017 07:55:00 PM,2017
CR00022205,02/11/2020 07:18:00 PM,35,SNOW,DUSK,SIDESWIPE SAME DIRECTION,NOT DIVIDED,TRAFFIC SIGNAL,FAILING TO REDUCE SPEED,UNABLE TO DETERMINE,0,0,0,0,19,3,2,1803,ASHLAND AVE,41.918038,-87.629403,02/11/2020 08:25:00 PM,2020
CR00022206,01/24/2018 11:15:00 PM,35,CLEAR,DARKNESS - LIGHTED ROAD,SIDESWIPE SAME DIRECTION,DIVIDED - W/MEDIAN (NOT RAISED),TRAFFIC SIGNAL,UNABLE TO DETERMINE,FAILING TO REDUCE SPEED,0,0,0,0,23,4,1,814,LAKE SHORE DR,41.92316,-87.655384,01/24/2018 11:21:00 PM,2018
CR00022207,08/18/2018 03:42:00 PM,30,CLEAR,DARKNESS - LIGHTED ROAD,SIDESWIPE SAME DIRECTION,DIVIDED - W/MEDIAN (NOT RAISED),TRAFFIC SIGNAL,DISTRACTION - FROM INSIDE VEHICLE,IMPROPER LANE USAGE,0,0,0,0,15,7,8,1827,LAKE SHORE DR,41.994925,-87.60936,08/18/2018 05:12:00 PM,2018
CR00022208,07/27/2022 09:18:00 PM,35,CLEAR,DAYLIGHT,FIXED OBJECT,FOUR WAY,TRAFFIC SIGNAL,FAILING TO REDUCE SPEED,FAILING TO YIELD RIGHT-OF-WAY,0,0,0,0,21,4,7,1000,KEDZIE AVE,41.897847,-87.652295,07/27/2022 10:19:00 PM,2022
CR00022209,05/21/2018 07:51:00 AM,20,CLEAR,DAYLIGHT,TURNING,NOT DIVIDED,STOP SIGN/FLASHER,UNABLE TO DETERMINE,DRIVING SKILLS/KNOWLEDGE/EXPERIENCE,0,0,0,0,7,2,5,665,BROADWAY,41.989908,-87.614839,05/21/2018 08:56:00 AM,2018
CR00022210,05/01/2024 04:06:00 PM,15,CLEAR,DAYLIGHT,ANGLE,T-INTERSECTION,NO CONTROLS,UNABLE TO DETERMINE,DISTRACTION - FROM INSIDE VEHICLE,0,0,1,1,16,4,5,105,CALIFORNIA AVE,41.974167,-87.654252,05/01/2024 05:18:00 PM,2024
CR00022211,01/21/2022 08:34:00 AM,35,CLEAR,DARKNESS - LIGHTED ROAD,PEDESTRIAN,NOT DIVIDED,NO CONTROLS,FOLLOWING TOO CLOSELY,IMPROPER LANE USAGE,0,0,0,0,8,6,1,2430,MICHIGAN AVE,41.787347,-87.615926,01/21/2022 10:28:00 AM,2022
CR00022212,09/24/2020 01:47:00 PM,15,RAIN,DAYLIGHT,ANGLE,DIVIDED - W/MEDIAN (NOT RAISED),STOP SIGN/FLASHER,UNABLE TO DETERMINE,DISREGARDING TRAFFIC SIGNALS,0,0,0,0,13,5,9,1213,OGDEN AVE,41.819625,-87.815487,09/24/2020 02:51:00 PM,2020
CR00022213,11/23/2019 03:12:00 PM,30,RAIN,DUSK,TURNING,T-INTERSECTION,NO CONTROLS,FOLLOWING TOO CLOSELY,DISTRACTION - FROM INSIDE VEHICLE,0,0,0,0,15,7,11,579,47TH ST,41.917001,-87.771569,11/23/2019 03:44:00 PM,2019
CR00022214,10/23/2024 06:53:00 PM,40,SNOW,DAYLIGHT,PARKED MOTOR VEHICLE,DIVIDED - W/MEDIAN BARRIER,UNKNOWN,UNABLE TO DETERMINE,FOLLOWING TOO CLOSELY,0,0,0,0,18,4,10,334,MICHIGAN AVE,41.737808,-87.60086,10/23/2024 07:03:00 PM,2024
CR00022215,04/05/2019 02:58:00 PM,35,CLEAR,DARKNESS - LIGHTED ROAD,ANGLE,NOT DIVIDED,TRAFFIC SIGNAL,FAILING TO REDUCE SPEED,DISREGARDING TRAFFIC SIGNALS,0,0,3,3,14,6,4,1352,MILWAUKEE AVE,41.765496,-87.814221,04/05/2019 03:22:00 PM,2019
CR00022216,02/12/2020 09:47:00 AM,30,RAIN,DAYLIGHT,PARKED MOTOR VEHICLE,NOT DIVIDED,NO CONTROLS,FOLLOWING TOO CLOSELY,DISTRACTION - FROM INSIDE VEHICLE,0,0,0,0,9,4,2,1598,PULASKI RD,41.710007,-87.715505,02/12/2020 11:34:00 AM,2020
CR00022217,01/14/2016 05:01:00 PM,35,CLEAR,DARKNESS,PARKED MOTOR VEHICLE,NOT DIVIDED,TRAFFIC SIGNAL,DISTRACTION - FROM INSIDE VEHICLE,IMPROPER LANE USAGE,0,1,0,1,17,5,1,2248,WESTERN AVE,41.867737,-87.738968,01/14/2016 05:23:00 PM,2016
CR00022218,05/18/2023 12:17:00 PM,25,CLEAR,DARKNESS - LIGHTED ROAD,TURNING,ONE-WAY,TRAFFIC SIGNAL,UNABLE TO DETERMINE,FAILING TO REDUCE SPEED,0,0,0,0,12,5,5,2322,MILWAUKEE AVE,41.779435,-87.525986,05/18/2023 01:55:00 PM,2023