CRASH_RECORD_ID,CRASH_DATE,POSTED_SPEED_LIMIT,WEATHER_CONDITION,LIGHTING_CONDITION,FIRST_CRASH_TYPE,TRAFFICWAY_TYPE,TRAFFIC_CONTROL_DEVICE,PRIM_CONTRIBUTORY_CAUSE,SEC_CONTRIBUTORY_CAUSE,INJURIES_FATAL,INJURIES_INCAPACITATING,INJURIES_NON_INCAPACITATING,INJURIES_TOTAL,CRASH_HOUR,CRASH_DAY_OF_WEEK,CRASH_MONTH,BEAT_OF_OCCURRENCE,STREET_NAME,LATITUDE,LONGITUDE,DATE_POLICE_NOTIFIED,year
CR00022219,10/02/2021 05:24:00 PM,35,RAIN,DAYLIGHT,SIDESWIPE SAME DIRECTION,DIVIDED - W/MEDIAN BARRIER,STOP SIGN/FLASHER,UNABLE TO DETERMINE,FAILING TO YIELD RIGHT-OF-WAY,0,0,0,0,17,7,10,1203,BROADWAY,41.96715,-87.813448,10/02/2021 05:43:00 PM,2021
CR00022220,08/10/2024 06:51:00 PM,20,RAIN,DAYLIGHT,PARKED MOTOR VEHICLE,NOT DIVIDED,PEDESTRIAN CROSSING SIGN,FAILING TO YIELD RIGHT-OF-WAY,UNABLE TO DETERMINE,0,0,0,0,18,7,8,444,LAKE SHORE DR,41.755921,-87.747853,08/10/2024 07:50:00 PM,2024
CR00022221,09/29/2019 02:58:00 AM,15,CLEAR,DAYLIGHT,ANGLE,NOT DIVIDED,TRAFFIC SIGNAL,FOLLOWING TOO CLOSELY,FAILING TO YIELD RIGHT-OF-WAY,0,0,0,0,2,1,9,107,DAMEN AVE,41.780472,-87.503262,09/29/2019 04:44:00 AM,2019
CR00022222,07/23/2017 04:18:00 AM,15,CLEAR,DARKNESS,REAR TO FRONT,NOT DIVIDED,UNKNOWN,UNABLE TO DETERMINE,DRIVING SKILLS/KNOWLEDGE/EXPERIENCE,0,0,0,0,4,1,7,1410,CALIFORNIA AVE,41.911949,-87.794007,07/23/2017 04:50:00 AM,2017
CR00022223,07/21/2015 06:49:00 AM,20,RAIN,DAYLIGHT,TURNING,DIVIDED - W/MEDIAN (NOT RAISED),TRAFFIC SIGNAL,IMPROPER LANE USAGE,FAILING TO YIELD RIGHT-OF-WAY,0,0,0,0,6,3,7,1917,WESTERN AVE,41.875815,-87.595254,07/21/2015 07:09:00 AM,2015
CR00022224,02/05/2020 09:23:00 AM,30,CLEAR,DAYLIGHT,ANGLE,ONE-WAY,TRAFFIC SIGNAL,UNABLE TO DETERMINE,FOLLOWING TOO CLOSELY,0,0,0,0,9,4,2,343,DIVISION ST,41.741056,-87.583079,02/05/2020 10:34:00 AM,2020
CR00022225,12/22/2020 03:43:00 AM,30,RAIN,DAYLIGHT,PARKED MOTOR VEHICLE,DIVIDED - W/MEDIAN (NOT RAISED),UNKNOWN,UNABLE TO DETERMINE,NOT APPLICABLE,0,0,0,0,3,3,12,1245,KEDZIE AVE,41.803841,-87.591994,12/22/2020 05:17:00 AM,2020
CR00022226,07/27/2021 05:40:00 PM,40,FREEZING RAIN/DRIZZLE,DAYLIGHT,REAR END,NOT DIVIDED,NO CONTROLS,DISREGARDING TRAFFIC SIGNALS,DRIVING SKILLS/KNOWLEDGE/EXPERIENCE,0,0,2,2,17,3,7,2207,IRVING PARK RD,41.703136,-87.781629,07/27/2021 06:56:00 PM,2021
CR00022227,06/24/2018 12:00:00 AM,20,CLEAR,DARKNESS - LIGHTED ROAD,TURNING,NOT DIVIDED,NO CONTROLS,FAILING TO REDUCE SPEED,UNABLE TO DETERMINE,0,0,0,0,0,1,6,245,OGDEN AVE,41.821438,-87.660083,06/24/2018 01:56:00 AM,2018
CR00022228,11/17/2020 05:15:00 PM,35,CLEAR,DAYLIGHT,REAR END,T-INTERSECTION,UNKNOWN,UNABLE TO DETERMINE,DRIVING SKILLS/KNOWLEDGE/EXPERIENCE,0,0,0,0,17,3,11,1757,47TH ST,41.77987,-87.532114,11/17/2020 07:01:00 PM,2020
CR00022229,04/25/2016 08:46:00 AM,20,CLEAR,DAYLIGHT,REAR END,ONE-WAY,NO CONTROLS,DISTRACTION - FROM INSIDE VEHICLE,FOLLOWING TOO CLOSELY,0,0,1,1,8,2,4,2156,IRVING PARK RD,41.871994,-87.573027,04/25/2016 10:31:00 AM,2016
CR00022230,04/07/2017 04:53:00 PM,30,CLEAR,DAYLIGHT,TURNING,ONE-WAY,TRAFFIC SIGNAL,FAILING TO YIELD RIGHT-OF-WAY,DISREGARDING TRAFFIC SIGNALS,0,0,0,0,16,6,4,1167,KEDZIE AVE,41.885918,-87.770982,04/07/2017 06:15:00 PM,2017
CR00022231,07/14/2020 04:53:00 PM,40,CLEAR,DARKNESS - LIGHTED ROAD,TURNING,ONE-WAY,TRAFFIC SIGNAL,UNABLE TO DETERMINE,UNABLE TO DETERMINE,0,0,0,0,16,3,7,617,63RD ST,41.830775,-87.684723,07/14/2020 06:17:00 PM,2020
CR00022232,03/02/2018 07:32:00 AM,35,CLEAR,DAYLIGHT,PEDESTRIAN,DIVIDED - W/MEDIAN BARRIER,NO CONTROLS,DISREGARDING TRAFFIC SIGNALS,FAILING TO YIELD RIGHT-OF-WAY,0,0,0,0,7,6,3,637,ASHLAND AVE,41.812845,-87.6697,03/02/2018 07:47:00 AM,2018
CR00022233,11/26/2019 06:47:00 PM,40,CLEAR,DAYLIGHT,REAR TO FRONT,NOT DIVIDED,NO CONTROLS,FOLLOWING TOO CLOSELY,FOLLOWING TOO CLOSELY,0,0,0,0,18,3,11,1392,MICHIGAN AVE,41.980456,-87.755743,11/26/2019 07:44:00 PM,2019
CR00022234,07/13/2022 12:56:00 PM,25,RAIN,DARKNESS,PEDESTRIAN,DIVIDED - W/MEDIAN (NOT RAISED),NO CONTROLS,IMPROPER OVERTAKING/PASSING,UNABLE TO DETERMINE,0,0,0,0,12,4,7,2051,BROADWAY,41.70742,-87.587834,07/13/2022 02:14:00 PM,2022
CR00022235,02/08/2023 03:47:00 AM,30,CLEAR,DAYLIGHT,REAR TO FRONT,ONE-WAY,TRAFFIC SIGNAL,FOLLOWING TOO CLOSELY,NOT APPLICABLE,1,0,3,4,3,4,2,619,FULLERTON AVE,41.782818,-87.815656,02/08/2023 05:04:00 AM,2023
CR00022236,05/12/2017 11:05:00 AM,30,CLEAR,DAYLIGHT,REAR END,ONE-WAY,YIELD,UNABLE TO DETERMINE,UNABLE TO DETERMINE,0,0,2,2,11,6,5,139,BROADWAY,41.753277,-87.696883,05/12/2017 11:56:00 AM,2017
CR00022237,07/14/2024 09:11:00 AM,30,CLEAR,DARKNESS - LIGHTED ROAD,ANGLE,NOT DIVIDED,TRAFFIC SIGNAL,DISTRACTION - FROM INSIDE VEHICLE,WEATHER,0,0,1,1,9,1,7,713,CALIFORNIA AVE,41.841881,-87.69588,07/14/2024 09:26:00 AM,2024
CR00022238,11/21/2018 12:34:00 PM,40,CLOUDY/OVERCAST,DARKNESS - LIGHTED ROAD,ANGLE,NOT DIVIDED,TRAFFIC SIGNAL,UNABLE TO DETERMINE,FOLLOWING TOO CLOSELY,0,0,2,2,12,4,11,166,STATE ST,41.843435,-87.646792,11/21/2018 02:21:00 PM,2018
CR00022239,01/14/2016 09:10:00 AM,35,CLEAR,DARKNESS - LIGHTED ROAD,REAR END,NOT DIVIDED,NO CONTROLS,FAILING TO REDUCE SPEED,FOLLOWING TOO CLOSELY,0,0,0,0,9,5,1,2268,FULLERTON AVE,41.803713,-87.791656,01/14/2016 09:27:00 AM,2016
CR00022240,11/18/2021 03:04:00 PM,30,CLEAR,DARKNESS - LIGHTED ROAD,ANGLE,DIVIDED - W/MEDIAN (NOT RAISED),NO CONTROLS,IMPROPER OVERTAKING/PASSING,FOLLOWING TOO CLOSELY,0,0,0,0,15,5,11,573,WESTERN AVE,41.908394,-87.689442,11/18/2021 03:19:00 PM,2021
CR00022241,06/27/2016 01:05:00 PM,25,CLEAR,DUSK,ANGLE,ONE-WAY,NO CONTROLS,UNABLE TO DETERMINE,FAILING TO YIELD RIGHT-OF-WAY,0,0,0,0,13,2,6,2023,DAMEN AVE,41.739903,-87.546629,06/27/2016 02:04:00 PM,2016
CR00022242,05/24/2021 02:09:00 PM,25,CLEAR,DARKNESS - LIGHTED ROAD,ANGLE,ONE-WAY,NO CONTROLS,FOLLOWING TOO CLOSELY,UNABLE TO DETERMINE,0,0,0,0,14,2,5,2383,79TH ST,41.982431,-87.574944,05/24/2021 04:03:00 PM,2021
CR00022243,03/21/2024 01:37:00 PM,15,CLEAR,DARKNESS - LIGHTED ROAD,TURNING,FOUR WAY,TRAFFIC SIGNAL,IMPROPER OVERTAKING/PASSING,NOT APPLICABLE,0,0,0,0,13,5,3,1374,BROADWAY,41.710947,-87.664461,03/21/2024 02:57:00 PM,2024
CR00022244,12/10/2017 08:41:00 PM,35,SNOW,DUSK,ANGLE,DIVIDED - W/MEDIAN (NOT RAISED),TRAFFIC SIGNAL,IMPROPER OVERTAKING/PASSING,DRIVING SKILLS/KNOWLEDGE/EXPERIENCE,0,1,2,3,20,1,12,1788,WESTERN AVE,41.938102,-87.564136,12/10/2017 09:46:00 PM,2017
CR00022245,02/19/2019 06:14:00 PM,15,SNOW,DAYLIGHT,SIDESWIPE SAME DIRECTION,NOT DIVIDED,STOP SIGN/FLASHER,UNABLE TO DETERMINE,DRIVING SKILLS/KNOWLEDGE/EXPERIENCE,0,1,1,2,18,3,2,396,FULLERTON AVE,41.997037,-87.773797,02/19/2019 06:53:00 PM,2019
CR00022246,02/16/2017 06:18:00 AM,30,CLEAR,DARKNESS - LIGHTED ROAD,SIDESWIPE SAME DIRECTION,NOT DIVIDED,NO CONTROLS,FAILING TO REDUCE SPEED,IMPROPER OVERTAKING/PASSING,0,0,0,0,6,5,2,1640,ASHLAND AVE,41.754996,-87.742063,02/16/2017 07:02:00 AM,2017
CR00022247,05/16/2021 01:11:00 AM,30,SNOW,DARKNESS - LIGHTED ROAD,SIDESWIPE SAME DIRECTION,FOUR WAY,NO CONTROLS,IMPROPER LANE USAGE,NOT APPLICABLE,0,0,0,0,1,1,5,1210,ELSTON AVE,41.761704,-87.802846,05/16/2021 01:38:00 AM,2021
CR00022248,05/22/2022 04:52:00 AM,45,CLEAR,DARKNESS,ANGLE,NOT DIVIDED,NO CONTROLS,DISREGARDING TRAFFIC SIGNALS,DISREGARDING TRAFFIC SIGNALS,0,0,1,1,4,1,5,284,DAMEN AVE,41.820297,-87.594807,05/22/2022 05:35:00 AM,2022
CR00022249,07/15/2022 05:46:00 PM,20,CLOUDY/OVERCAST,DAYLIGHT,ANGLE,NOT DIVIDED,NO CONTROLS,IMPROPER LANE USAGE,UNABLE TO DETERMINE,0,0,3,3,17,6,7,556,MICHIGAN AVE,41.877516,-87.809198,07/15/2022 06:13:00 PM,2022
CR00022250,11/30/2023 10:26:00 AM,15,CLEAR,DARKNESS,REAR END,DIVIDED - W/MEDIAN (NOT RAISED),NO CONTROLS,FAILING TO REDUCE SPEED,NOT APPLICABLE,0,0,0,0,10,5,11,567,47TH ST,41.957815,-87.651776,11/30/2023 11:16:00 AM,2023
CR00022251,12/05/2022 12:49:00 PM,45,CLEAR,DAYLIGHT,REAR END,NOT DIVIDED,STOP SIGN/FLASHER,UNABLE TO DETERMINE,UNABLE TO DETERMINE,0,0,0,0,12,2,12,967,63RD ST,41.87246,-87.821712,12/05/2022 12:53:00 PM,2022
CR00022252,07/26/2019 12:25:00 PM,30,CLEAR,DAYLIGHT,ANGLE,ONE-WAY,NO CONTROLS,DRIVING SKILLS/KNOWLEDGE/EXPERIENCE,NOT APPLICABLE,0,0,0,0,12,6,7,1035,KEDZIE AVE,41.796705,-87.645685,07/26/2019 12:40:00 PM,2019
CR00022253,02/28/2018 07:56:00 AM,20,CLEAR,DAYLIGHT,SIDESWIPE SAME DIRECTION,DIVIDED - W/MEDIAN (NOT RAISED),NO CONTROLS,UNABLE TO DETERMINE,UNABLE TO DETERMINE,0,0,0,0,7,4,2,2218,ASHLAND AVE,41.755418,-87.656195,02/28/2018 09:36:00 AM,2018
CR00022254,12/08/2022 12:26:00 PM,25,CLEAR,DARKNESS,TURNING,FOUR WAY,NO CONTROLS,FOLLOWING TOO CLOSELY,NOT APPLICABLE,0,0,1,1,12,5,12,1957,STATE ST,41.717161,-87.639674,12/08/2022 01:42:00 PM,2022
CR00022255,03/21/2023 06:16:00 PM,30,CLEAR,DARKNESS - LIGHTED ROAD,REAR TO FRONT,DIVIDED - W/MEDIAN (NOT RAISED),NO CONTROLS,DISTRACTION - FROM INSIDE VEHICLE,IMPROPER LANE USAGE,0,0,0,0,18,3,3,444,79TH ST,41.81492,-87.684521,03/21/2023 07:33:00 PM,2023
CR00022256,04/05/2024 10:07:00 AM,30,CLEAR,DARKNESS - LIGHTED ROAD,REAR END,NOT DIVIDED,STOP SIGN/FLASHER,UNABLE TO DETERMINE,NOT APPLICABLE,0,0,0,0,10,6,4,1884,IRVING PARK RD,41.887911,-87.756,04/05/2024 10:21:00 AM,2024
CR00022257,05/01/2020 10:01:00 AM,40,CLEAR,DARKNESS,ANGLE,DIVIDED - W/MEDIAN (NOT RAISED),TRAFFIC SIGNAL,UNABLE TO DETERMINE,DISREGARDING TRAFFIC SIGNALS,0,0,0,0,10,6,5,1957,63RD ST,41.926274,-87.76031,05/01/2020 11:32:00 AM,2020
CR00022258,11/10/2016 08:33:00 PM,35,CLEAR,DAYLIGHT,TURNING,ONE-WAY,STOP SIGN/FLASHER,IMPROPER LANE USAGE,NOT APPLICABLE,0,0,0,0,20,5,11,590,CLARK ST,41.858741,-87.838901,11/10/2016 09:47:00 PM,2016
CR00022259,02/23/2021 03:51:00 PM,30,CLEAR,DAYLIGHT,ANGLE,DIVIDED - W/MEDIAN BARRIER,NO CONTROLS,DRIVING SKILLS/KNOWLEDGE/EXPERIENCE,NOT APPLICABLE,0,0,0,0,15,3,2,2486,ROOSEVELT RD,41.872954,-87.71165,02/23/2021 04:05:00 PM,2021
CR00022260,03/04/2024 07:52:00 AM,40,CLEAR,DARKNESS - LIGHTED ROAD,SIDESWIPE SAME DIRECTION,ONE-WAY,NO CONTROLS,FOLLOWING TOO CLOSELY,UNABLE TO DETERMINE,0,1,0,1,7,2,3,1976,CICERO AVE,41.831037,-87.60094,03/04/2024 09:40:00 AM,2024
CR00022261,05/22/2024 07:47:00 AM,40,CLEAR,DAWN,ANGLE,DIVIDED - W/MEDIAN (NOT RAISED),NO CONTROLS,UNABLE TO DETERMINE,UNABLE TO DETERMINE,0,0,2,2,7,4,5,1694,79TH ST,41.945693,-87.56353,05/22/2024 08:05:00 AM,2024
CR00022262,10/15/2020 02:13:00 PM,45,CLEAR,DARKNESS - LIGHTED ROAD,SIDESWIPE SAME DIRECTION,FOUR WAY,TRAFFIC SIGNAL,UNABLE TO DETERMINE,FAILING TO YIELD RIGHT-OF-WAY,0,0,3,3,14,5,10,1811,79TH ST,41.94807,-87.733642,10/15/2020 03:43:00 PM,2020
CR00022263,10/03/2022 10:00:00 PM,30,CLEAR,DARKNESS - LIGHTED ROAD,REAR END,DIVIDED - W/MEDIAN (NOT RAISED),TRAFFIC SIGNAL,UNABLE TO DETERMINE,FAILING TO YIELD RIGHT-OF-WAY,0,0,0,0,22,2,10,780,DAMEN AVE,41.867604,-87.827134,10/03/2022 10:38:00 PM,2022
CR00022264,05/25/2019 07:44:00 PM,30,CLEAR,DAWN,ANGLE,DIVIDED - W/MEDIAN (NOT RAISED),STOP SIGN/FLASHER,DRIVING SKILLS/KNOWLEDGE/EXPERIENCE,FOLLOWING TOO CLOSELY,0,0,0,0,19,7,5,2073,47TH ST,41.965037,-87.696895,05/25/2019 08:30:00 PM,2019
CR00022265,09/02/2022 06:56:00 PM,45,CLEAR,DARKNESS,REAR END,FOUR WAY,TRAFFIC SIGNAL,DRIVING SKILLS/KNOWLEDGE/EXPERIENCE,FAILING TO YIELD RIGHT-OF-WAY,0,0,0,0,18,6,9,672,IRVING PARK RD,41.866544,-87.821983,09/02/2022 07:41:00 PM,2022
CR00022266,06/14/2015 07:40:00 PM,35,CLOUDY/OVERCAST,DAYLIGHT,REAR END,T-INTERSECTION,UNKNOWN,DISTRACTION - FROM INSIDE VEHICLE,IMPROPER OVERTAKING/PASSING,0,0,0,0,19,1,6,139,PULASKI RD,41.811095,-87.768005,06/14/2015 08:56:00 PM,2015
CR00022267,04/21/2017 05:14:00 AM,30,CLEAR,DAYLIGHT,TURNING,NOT DIVIDED,TRAFFIC SIGNAL,UNABLE TO DETERMINE,UNABLE TO DETERMINE,0,0,0,0,5,6,4,825,CLARK ST,41.930816,-87.503495,04/21/2017 06:04:00 AM,2017
CR00022268,03/11/2020 02:13:00 PM,20,CLEAR,DUSK,SIDESWIPE SAME DIRECTION,NOT DIVIDED,NO CONTROLS,UNABLE TO DETERMINE,NOT APPLICABLE,0,0,0,0,14,4,3,1505,PULASKI RD,41.990685,-87.583002,03/11/2020 02:46:00 PM,2020
CR00022269,10/04/2017 12:39:00 PM,45,CLEAR,DAYLIGHT,TURNING,DIVIDED - W/MEDIAN (NOT RAISED),UNKNOWN,IMPROPER LANE USAGE,FAILING TO YIELD RIGHT-OF-WAY,0,0,0,0,12,4,10,1191,ARCHER AVE,41.980565,-87.767692,10/04/2017 02:25:00 PM,2017
CR00022270,11/13/2016 04:37:00 PM,35,CLEAR,DAYLIGHT,REAR END,NOT DIVIDED,TRAFFIC SIGNAL,UNABLE TO DETERMINE,DISREGARDING TRAFFIC SIGNALS,0,0,0,0,16,1,11,2413,FULLERTON AVE,41.844234,-87.545187,11/13/2016 06:16:00 PM,2016
CR00022271,10/08/2021 07:02:00 AM,45,CLEAR,DAWN,REAR END,NOT DIVIDED,STOP SIGN/FLASHER,DRIVING SKILLS/KNOWLEDGE/EXPERIENCE,UNABLE TO DETERMINE,0,0,0,0,7,6,10,1465,STATE ST,41.957243,-87.558891,10/08/2021 07:47:00 AM,2021
CR00022272,08/22/2022 10:43:00 AM,35,CLEAR,DAYLIGHT,TURNING,DIVIDED - W/MEDIAN BARRIER,STOP SIGN/FLASHER,DISREGARDING TRAFFIC SIGNALS,NOT APPLICABLE,0,0,0,0,10,2,8,454,ROOSEVELT RD,41.948391,-87.737788,08/22/2022 12:13:00 PM,2022
CR00022273,05/07/2018 01:21:00 AM,35,CLEAR,DARKNESS - LIGHTED ROAD,REAR TO FRONT,DIVIDED - W/MEDIAN (NOT RAISED),TRAFFIC SIGNAL,UNABLE TO DETERMINE,IMPROPER OVERTAKING/PASSING,0,0,0,0,1,2,5,2153,HALSTED ST,41.842299,-87.687921,05/07/2018 02:56:00 AM,2018
CR00022274,01/25/2020 06:25:00 PM,30,CLEAR,DARKNESS - LIGHTED ROAD,REAR TO FRONT,ONE-WAY,NO CONTROLS,FOLLOWING TOO CLOSELY,UNABLE TO DETERMINE,0,0,1,1,18,7,1,1964,WESTERN AVE,41.915234,-87.578738,01/25/2020 06:44:00 PM,2020
CR00022275,05/22/2020 08:33:00 AM,35,CLEAR,DAWN,REAR END,NOT DIVIDED,NO CONTROLS,UNABLE TO DETERMINE,FOLLOWING TOO CLOSELY,0,0,0,0,8,6,5,780,STONY ISLAND AVE,41.869744,-87.542201,05/22/2020 09:33:00 AM,2020
CR00022276,11/16/2018 10:11:00 AM,30,CLEAR,DAYLIGHT,PARKED MOTOR VEHICLE,NOT DIVIDED,NO CONTROLS,FOLLOWING TOO CLOSELY,FOLLOWING TOO CLOSELY,0,0,0,0,10,6,11,153,ASHLAND AVE,41.988716,-87.682094,11/16/2018 11:05:00 AM,2018
CR00022277,02/13/2023 03:24:00 PM,20,CLEAR,DAYLIGHT,SIDESWIPE SAME DIRECTION,DIVIDED - W/MEDIAN (NOT RAISED),TRAFFIC SIGNAL,WEATHER,UNABLE TO DETERMINE,0,0,2,2,15,2,2,2072,HALSTED ST,41.811393,-87.714943,02/13/2023 05:24:00 PM,2023
CR00022278,01/12/2015 02:17:00 PM,15,CLEAR,DAYLIGHT,TURNING,DIVIDED - W/MEDIAN BARRIER,STOP SIGN/FLASHER,UNABLE TO DETERMINE,FOLLOWING TOO CLOSELY,0,0,0,0,14,2,1,1167,HALSTED ST,41.79984,-87.621807,01/12/2015 04:13:00 PM,2015
CR00022279,09/17/2019 06:03:00 AM,20,CLEAR,DARKNESS - LIGHTED ROAD,REAR END,ONE-WAY,NO CONTROLS,DISREGARDING TRAFFIC SIGNALS,IMPROPER OVERTAKING/PASSING,0,0,0,0,6,3,9,557,63RD ST,41.951205,-87.744256,09/17/2019 07:58:00 AM,2019
CR00022280,09/25/2024 05:04:00 PM,20,SNOW,DAYLIGHT,PARKED MOTOR VEHICLE,ONE-WAY,TRAFFIC SIGNAL,IMPROPER OVERTAKING/PASSING,NOT APPLICABLE,0,0,0,0,17,4,9,291,DAMEN AVE,41.815668,-87.799353,09/25/2024 05:38:00 PM,2024
CR00022281,02/07/2024 12:06:00 PM,35,CLEAR,DAYLIGHT,TURNING,NOT DIVIDED,TRAFFIC SIGNAL,DRIVING SKILLS/KNOWLEDGE/EXPERIENCE,UNABLE TO DETERMINE,0,0,0,0,12,4,2,2370,CICERO AVE,41.955505,-87.712119,02/07/2024 01:42:00 PM,2024
CR00022282,08/20/2020 09:20:00 AM,45,CLEAR,DAYLIGHT,TURNING,DIVIDED - W/MEDIAN (NOT RAISED),NO CONTROLS,FOLLOWING TOO CLOSELY,DISTRACTION - FROM INSIDE VEHICLE,0,0,1,1,9,5,8,151,79TH ST,41.998368,-87.724939,08/20/2020 10:11:00 AM,2020
CR00022283,09/20/2021 07:46:00 AM,45,CLEAR,DAYLIGHT,PARKED MOTOR VEHICLE,NOT DIVIDED,TRAFFIC SIGNAL,FOLLOWING TOO CLOSELY,DISREGARDING TRAFFIC SIGNALS,0,0,0,0,7,2,9,273,STONY ISLAND AVE,41.744245,-87.604227,09/20/2021 08:05:00 AM,2021
CR00022284,07/23/2019 12:44:00 PM,30,RAIN,DAYLIGHT,ANGLE,NOT DIVIDED,NO CONTROLS,WEATHER,FOLLOWING TOO CLOSELY,0,0,0,0,12,3,7,1355,ARCHER AVE,41.828588,-87.807463,07/23/2019 12:58:00 PM,2019
CR00022285,03/26/2023 10:56:00 AM,30,CLOUDY/OVERCAST,DAYLIGHT,REAR END,ONE-WAY,NO CONTROLS,UNABLE TO DETERMINE,DRIVING SKILLS/KNOWLEDGE/EXPERIENCE,0,0,0,0,10,1,3,2441,79TH ST,41.746128,-87.670238,03/26/2023 12:34:00 PM,2023
CR00022286,10/31/2021 09:03:00 AM,15,CLEAR,DARKNESS - LIGHTED ROAD,TURNING,NOT DIVIDED,TRAFFIC SIGNAL,UNABLE TO DETERMINE,FAILING TO REDUCE SPEED,0,1,3,4,9,1,10,1030,CLARK ST,41.812771,-87.623662,10/31/2021 09:34:00 AM,2021
CR00022287,12/20/2021 04:21:00 PM,30,CLEAR,DAYLIGHT,ANGLE,ONE-WAY,NO CONTROLS,FAILING TO REDUCE SPEED,NOT APPLICABLE,0,0,0,0,16,2,12,701,HALSTED ST,41.958474,-87.693732,12/20/2021 04:50:00 PM,2021
CR00022288,04/09/2020 12:42:00 PM,30,CLOUDY/OVERCAST,DAYLIGHT,REAR END,NOT DIVIDED,NO CONTROLS,UNABLE TO DETERMINE,UNABLE TO DETERMINE,0,0,3,3,12,5,4,1251,DIVISION ST,41.850273,-87.837974,04/09/2020 12:53:00 PM,2020
CR00022289,04/11/2020 05:03:00 PM,30,CLEAR,DAYLIGHT,REAR TO FRONT,DIVIDED - W/MEDIAN (NOT RAISED),NO CONTROLS,FAILING TO REDUCE SPEED,UNABLE TO DETERMINE,0,0,0,0,17,7,4,710,STATE ST,41.8326,-87.55019,04/11/2020 05:54:00 PM,2020
CR00022290,09/05/2020 01:57:00 AM,45,RAIN,DAYLIGHT,TURNING,NOT DIVIDED,TRAFFIC SIGNAL,IMPROPER OVERTAKING/PASSING,FAILING TO YIELD RIGHT-OF-WAY,0,0,0,0,1,7,9,1578,MILWAUKEE AVE,41.946533,-87.636444,09/05/2020 02:33:00 AM,2020
CR00022291,01/28/2021 06:05:00 PM,25,CLOUDY/OVERCAST,DAYLIGHT,REAR END,FOUR WAY,NO CONTROLS,DISTRACTION - FROM INSIDE VEHICLE,FAILING TO YIELD RIGHT-OF-WAY,0,1,1,2,18,5,1,670,BROADWAY,41.728228,-87.573297,01/28/2021 07:17:00 PM,2021
CR00022292,01/26/2020 06:40:00 AM,30,CLEAR,DARKNESS,REAR END,NOT DIVIDED,STOP SIGN/FLASHER,IMPROPER LANE USAGE,UNABLE TO DETERMINE,0,0,0,0,6,1,1,1608,STATE ST,41.938794,-87.701324,01/26/2020 08:24:00 AM,2020
CR00022293,08/01/2016 08:12:00 AM,35,CLEAR,DAYLIGHT,PARKED MOTOR VEHICLE,FOUR WAY,TRAFFIC SIGNAL,IMPROPER LANE USAGE,UNABLE TO DETERMINE,0,0,0,0,8,2,8,2457,CICERO AVE,41.910124,-87.816093,08/01/2016 08:25:00 AM,2016
CR00022294,10/17/2016 03:41:00 PM,20,CLEAR,DARKNESS - LIGHTED ROAD,SIDESWIPE SAME DIRECTION,FOUR WAY,TRAFFIC SIGNAL,DRIVING SKILLS/KNOWLEDGE/EXPERIENCE,UNABLE TO DETERMINE,0,0,0,0,15,2,10,640,BROADWAY,41.839121,-87.766074,10/17/2016 04:52:00 PM,2016
CR00022295,11/30/2015 03:42:00 AM,15,FREEZING RAIN/DRIZZLE,DAYLIGHT,SIDESWIPE SAME DIRECTION,NOT DIVIDED,NO CONTROLS,UNABLE TO DETERMINE,UNABLE TO DETERMINE,0,0,0,0,3,2,11,2518,STATE ST,41.834969,-87.684261,11/30/2015 04:04:00 AM,2015
CR00022296,08/12/2024 03:31:00 AM,25,CLEAR,DAYLIGHT,SIDESWIPE SAME DIRECTION,NOT DIVIDED,YIELD,DISTRACTION - FROM INSIDE VEHICLE,NOT APPLICABLE,0,0,0,0,3,2,8,2251,ARCHER AVE,41.770168,-87.549264,08/12/2024 04:43:00 AM,2024
CR00022297,02/17/2016 10:23:00 AM,40,CLEAR,DAYLIGHT,ANGLE,NOT DIVIDED,TRAFFIC SIGNAL,UNABLE TO DETERMINE,DRIVING SKILLS/KNOWLEDGE/EXPERIENCE,0,0,3,3,10,4,2,1728,MICHIGAN AVE,41.951365,-87.849997,02/17/2016 11:14:00 AM,2016
CR00022298,09/08/2021 02:04:00 PM,40,CLEAR,DAYLIGHT,SIDESWIPE SAME DIRECTION,ONE-WAY,NO CONTROLS,FOLLOWING TOO CLOSELY,UNABLE TO DETERMINE,0,0,0,0,14,4,9,1684,STONY ISLAND AVE,41.934773,-87.787393,09/08/2021 03:54:00 PM,2021
CR00022299,04/30/2024 11:11:00 AM,30,CLEAR,DAYLIGHT,FIXED OBJECT,NOT DIVIDED,NO CONTROLS,UNABLE TO DETERMINE,DRIVING SKILLS/KNOWLEDGE/EXPERIENCE,0,0,0,0,11,3,4,1079,MILWAUKEE AVE,41.823874,-87.561823,04/30/2024 12:58:00 PM,2024
CR00022300,05/29/2019 03:22:00 AM,30,CLEAR,DAYLIGHT,PARKED MOTOR VEHICLE,NOT DIVIDED,TRAFFIC SIGNAL,UNABLE TO DETERMINE,FAILING TO YIELD RIGHT-OF-WAY,0,0,0,0,3,4,5,2163,WESTERN AVE,41.771477,-87.567014,05/29/2019 04:35:00 AM,2019
CR00022301,11/22/2024 09:19:00 AM,35,CLEAR,DAYLIGHT,TURNING,FOUR WAY,STOP SIGN/FLASHER,FAILING TO YIELD RIGHT-OF-WAY,UNABLE TO DETERMINE,0,0,0,0,9,6,11,1459,47TH ST,41.874361,-87.638859,11/22/2024 10:49:00 AM,2024
CR00022302,03/12/2020 10:31:00 AM,25,CLEAR,DAYLIGHT,ANGLE,ONE-WAY,TRAFFIC SIGNAL,UNABLE TO DETERMINE,NOT APPLICABLE,0,0,0,0,10,5,3,2240,MILWAUKEE AVE,41.874639,-87.671147,03/12/2020 11:20:00 AM,2020