CRASH_RECORD_ID,CRASH_DATE,POSTED_SPEED_LIMIT,WEATHER_CONDITION,LIGHTING_CONDITION,FIRST_CRASH_TYPE,TRAFFICWAY_TYPE,TRAFFIC_CONTROL_DEVICE,PRIM_CONTRIBUTORY_CAUSE,SEC_CONTRIBUTORY_CAUSE,INJURIES_FATAL,INJURIES_INCAPACITATING,INJURIES_NON_INCAPACITATING,INJURIES_TOTAL,CRASH_HOUR,CRASH_DAY_OF_WEEK,CRASH_MONTH,BEAT_OF_OCCURRENCE,STREET_NAME,LATITUDE,LONGITUDE,DATE_POLICE_NOTIFIED,year
CR00022303,07/22/2015 12:18:00 AM,35,SNOW,DAYLIGHT,ANGLE,DIVIDED - W/MEDIAN BARRIER,NO CONTROLS,FOLLOWING TOO CLOSELY,UNABLE TO DETERMINE,0,0,0,0,0,4,7,1541,47TH ST,41.988117,-87.638324,07/22/2015 12:46:00 AM,2015
CR00022304,08/18/2017 12:19:00 AM,30,CLEAR,DAYLIGHT,SIDESWIPE SAME DIRECTION,NOT DIVIDED,TRAFFIC SIGNAL,DRIVING SKILLS/KNOWLEDGE/EXPERIENCE,FOLLOWING TOO CLOSELY,0,0,0,0,0,6,8,498,FULLERTON AVE,41.84892,-87.806781,08/18/2017 02:09:00 AM,2017
CR00022305,06/01/2016 04:07:00 PM,35,SNOW,DAYLIGHT,SIDESWIPE SAME DIRECTION,ONE-WAY,UNKNOWN,DISREGARDING TRAFFIC SIGNALS,FAILING TO REDUCE SPEED,0,0,0,0,16,4,6,2135,LAKE SHORE DR,41.983116,-87.769515,06/01/2016 04:27:00 PM,2016
CR00022306,03/17/2017 11:24:00 AM,30,CLEAR,DARKNESS,PEDESTRIAN,DIVIDED - W/MEDIAN (NOT RAISED),NO CONTROLS,DISTRACTION - FROM INSIDE VEHICLE,IMPROPER OVERTAKING/PASSING,0,0,0,0,11,6,3,1184,BROADWAY,41.831284,-87.50781,03/17/2017 11:28:00 AM,2017
CR00022307,04/18/2020 04:21:00 PM,20,CLEAR,DUSK,TURNING,FOUR WAY,TRAFFIC SIGNAL,UNABLE TO DETERMINE,FOLLOWING TOO CLOSELY,0,0,0,0,16,7,4,2222,ASHLAND AVE,41.741096,-87.541434,04/18/2020 06:05:00 PM,2020
CR00022308,12/31/2019 09:19:00 AM,45,CLEAR,DAYLIGHT,REAR END,NOT DIVIDED,STOP SIGN/FLASHER,IMPROPER LANE USAGE,FAILING TO YIELD RIGHT-OF-WAY,0,0,1,1,9,3,12,2028,ASHLAND AVE,41.748199,-87.553205,12/31/2019 09:49:00 AM,2019
CR00022309,02/11/2022 04:21:00 PM,15,CLEAR,DAYLIGHT,PEDESTRIAN,NOT DIVIDED,NO CONTROLS,UNABLE TO DETERMINE,IMPROPER LANE USAGE,0,0,0,0,16,6,2,1880,LAKE SHORE DR,41.713822,-87.58071,02/11/2022 05:53:00 PM,2022
CR00022310,04/30/2018 08:20:00 PM,30,CLEAR,DARKNESS,ANGLE,DIVIDED - W/MEDIAN (NOT RAISED),STOP SIGN/FLASHER,FOLLOWING TOO CLOSELY,UNABLE TO DETERMINE,0,0,0,0,20,2,4,2161,PULASKI RD,41.767332,-87.602538,04/30/2018 10:00:00 PM,2018
CR00022311,10/25/2015 03:04:00 PM,30,RAIN,DARKNESS - LIGHTED ROAD,ANGLE,FOUR WAY,STOP SIGN/FLASHER,FOLLOWING TOO CLOSELY,UNABLE TO DETERMINE,0,1,2,3,15,1,10,205,WESTERN AVE,41.876794,-87.835326,10/25/2015 04:45:00 PM,2015
CR00022312,09/10/2017 08:49:00 AM,35,CLEAR,DAYLIGHT,FIXED OBJECT,NOT DIVIDED,STOP SIGN/FLASHER,FOLLOWING TOO CLOSELY,UNABLE TO DETERMINE,0,0,3,3,8,1,9,345,ELSTON AVE,41.880809,-87.621695,09/10/2017 10:49:00 AM,2017
CR00022313,01/28/2023 10:41:00 AM,20,CLEAR,DAYLIGHT,SIDESWIPE SAME DIRECTION,NOT DIVIDED,TRAFFIC SIGNAL,FAILING TO YIELD RIGHT-OF-WAY,UNABLE TO DETERMINE,0,0,0,0,10,7,1,1264,ROOSEVELT RD,41.704278,-87.638535,01/28/2023 11:16:00 AM,2023
CR00022314,11/10/2021 05:57:00 PM,35,CLEAR,DAWN,SIDESWIPE SAME DIRECTION,ONE-WAY,TRAFFIC SIGNAL,FOLLOWING TOO CLOSELY,FOLLOWING TOO CLOSELY,0,0,1,1,17,4,11,429,STATE ST,41.926729,-87.657194,11/10/2021 06:10:00 PM,2021
CR00022315,12/04/2019 12:43:00 AM,30,CLEAR,DARKNESS - LIGHTED ROAD,PARKED MOTOR VEHICLE,DIVIDED - W/MEDIAN BARRIER,TRAFFIC SIGNAL,IMPROPER LANE USAGE,DRIVING SKILLS/KNOWLEDGE/EXPERIENCE,0,0,0,0,0,4,12,572,LAKE SHORE DR,41.782228,-87.550358,12/04/2019 02:38:00 AM,2019
CR00022316,01/08/2020 10:07:00 AM,20,CLEAR,DUSK,SIDESWIPE SAME DIRECTION,ONE-WAY,STOP SIGN/FLASHER,DISREGARDING TRAFFIC SIGNALS,DRIVING SKILLS/KNOWLEDGE/EXPERIENCE,0,0,0,0,10,4,1,2294,ASHLAND AVE,41.777262,-87.677471,01/08/2020 10:24:00 AM,2020
CR00022317,07/03/2017 08:45:00 PM,30,CLEAR,DARKNESS - LIGHTED ROAD,REAR END,DIVIDED - W/MEDIAN (NOT RAISED),STOP SIGN/FLASHER,UNABLE TO DETERMINE,FAILING TO YIELD RIGHT-OF-WAY,0,0,3,3,20,2,7,2475,47TH ST,41.891382,-87.688147,07/03/2017 09:12:00 PM,2017
CR00022318,04/08/2018 04:02:00 PM,35,CLEAR,DAYLIGHT,FIXED OBJECT,DIVIDED - W/MEDIAN (NOT RAISED),STOP SIGN/FLASHER,UNABLE TO DETERMINE,IMPROPER LANE USAGE,0,0,0,0,16,1,4,662,ASHLAND AVE,41.797403,-87.630265,04/08/2018 05:28:00 PM,2018
CR00022319,12/13/2020 07:43:00 PM,30,FOG/SMOKE/HAZE,DARKNESS,ANGLE,DIVIDED - W/MEDIAN (NOT RAISED),NO CONTROLS,IMPROPER OVERTAKING/PASSING,FOLLOWING TOO CLOSELY,0,0,0,0,19,1,12,621,STONY ISLAND AVE,41.961328,-87.786361,12/13/2020 08:35:00 PM,2020
CR00022320,03/19/2021 07:48:00 AM,20,CLEAR,DARKNESS - LIGHTED ROAD,REAR END,NOT DIVIDED,TRAFFIC SIGNAL,FOLLOWING TOO CLOSELY,DRIVING SKILLS/KNOWLEDGE/EXPERIENCE,0,0,0,0,7,6,3,848,FULLERTON AVE,41.722621,-87.621987,03/19/2021 09:47:00 AM,2021
CR00022321,06/28/2019 01:26:00 AM,30,CLEAR,DAYLIGHT,SIDESWIPE SAME DIRECTION,DIVIDED - W/MEDIAN (NOT RAISED),TRAFFIC SIGNAL,FAILING TO REDUCE SPEED,FAILING TO YIELD RIGHT-OF-WAY,0,0,0,0,1,6,6,372,DIVISION ST,41.935141,-87.535361,06/28/2019 03:22:00 AM,2019
CR00022322,06/20/2019 02:38:00 PM,35,CLEAR,DARKNESS - LIGHTED ROAD,TURNING,ONE-WAY,STOP SIGN/FLASHER,UNABLE TO DETERMINE,FAILING TO REDUCE SPEED,0,0,2,2,14,5,6,2447,DIVISION ST,41.728569,-87.55143,06/20/2019 03:54:00 PM,2019
CR00022323,02/16/2016 03:38:00 PM,35,CLEAR,DARKNESS - LIGHTED ROAD,TURNING,ONE-WAY,TRAFFIC SIGNAL,UNABLE TO DETERMINE,UNABLE TO DETERMINE,0,0,0,0,15,3,2,189,DAMEN AVE,41.737826,-87.783861,02/16/2016 03:44:00 PM,2016
CR00022324,01/16/2017 03:56:00 PM,45,CLEAR,DAYLIGHT,SIDESWIPE SAME DIRECTION,DIVIDED - W/MEDIAN (NOT RAISED),NO CONTROLS,DRIVING SKILLS/KNOWLEDGE/EXPERIENCE,UNABLE TO DETERMINE,0,0,0,0,15,2,1,2507,ROOSEVELT RD,41.942701,-87.657336,01/16/2017 04:36:00 PM,2017
CR00022325,09/20/2022 12:01:00 PM,35,CLEAR,DARKNESS,REAR END,NOT DIVIDED,STOP SIGN/FLASHER,FAILING TO REDUCE SPEED,DISTRACTION - FROM INSIDE VEHICLE,0,0,0,0,12,3,9,2107,63RD ST,41.933547,-87.763425,09/20/2022 12:44:00 PM,2022
CR00022326,05/20/2016 06:10:00 PM,35,CLEAR,DAYLIGHT,REAR END,FOUR WAY,TRAFFIC SIGNAL,UNABLE TO DETERMINE,FOLLOWING TOO CLOSELY,0,0,0,0,18,6,5,969,ARCHER AVE,41.728733,-87.619426,05/20/2016 06:40:00 PM,2016
CR00022327,08/25/2019 06:06:00 PM,15,CLEAR,DARKNESS - LIGHTED ROAD,ANGLE,DIVIDED - W/MEDIAN (NOT RAISED),NO CONTROLS,DRIVING SKILLS/KNOWLEDGE/EXPERIENCE,UNABLE TO DETERMINE,0,0,1,1,18,1,8,873,IRVING PARK RD,41.99942,-87.545681,08/25/2019 07:07:00 PM,2019
CR00022328,09/05/2021 11:31:00 AM,25,CLEAR,DARKNESS,REAR END,DIVIDED - W/MEDIAN (NOT RAISED),STOP SIGN/FLASHER,IMPROPER LANE USAGE,NOT APPLICABLE,0,0,0,0,11,1,9,2250,ELSTON AVE,41.765944,-87.740719,09/05/2021 01:05:00 PM,2021
CR00022329,01/30/2015 04:18:00 PM,20,CLEAR,DAYLIGHT,REAR END,NOT DIVIDED,NO CONTROLS,FAILING TO YIELD RIGHT-OF-WAY,NOT APPLICABLE,0,0,0,0,16,6,1,1981,STONY ISLAND AVE,41.852582,-87.541879,01/30/2015 05:55:00 PM,2015
CR00022330,03/07/2017 08:40:00 AM,45,CLEAR,DUSK,SIDESWIPE SAME DIRECTION,DIVIDED - W/MEDIAN BARRIER,NO CONTROLS,UNABLE TO DETERMINE,DRIVING SKILLS/KNOWLEDGE/EXPERIENCE,0,0,0,0,8,3,3,1524,KEDZIE AVE,41.798587,-87.829218,03/07/2017 09:04:00 AM,2017
CR00022331,10/22/2020 11:30:00 AM,25,RAIN,DAYLIGHT,REAR END,DIVIDED - W/MEDIAN (NOT RAISED),STOP SIGN/FLASHER,DISTRACTION - FROM INSIDE VEHICLE,NOT APPLICABLE,0,0,0,0,11,5,10,789,79TH ST,41.85538,-87.644409,10/22/2020 12:34:00 PM,2020
CR00022332,12/04/2024 07:18:00 PM,45,CLEAR,DAYLIGHT,ANGLE,NOT DIVIDED,TRAFFIC SIGNAL,IMPROPER OVERTAKING/PASSING,UNABLE TO DETERMINE,0,0,0,0,19,4,12,1320,79TH ST,41.876783,-87.711382,12/04/2024 07:25:00 PM,2024
CR00022333,05/20/2024 06:46:00 PM,25,RAIN,DAYLIGHT,REAR END,DIVIDED - W/MEDIAN (NOT RAISED),NO CONTROLS,UNABLE TO DETERMINE,IMPROPER LANE USAGE,0,0,0,0,18,2,5,2162,PULASKI RD,41.727497,-87.586269,05/20/2024 07:27:00 PM,2024
CR00022334,06/22/2017 04:47:00 AM,30,CLEAR,DARKNESS - LIGHTED ROAD,ANGLE,NOT DIVIDED,NO CONTROLS,DISTRACTION - FROM INSIDE VEHICLE,IMPROPER LANE USAGE,0,0,0,0,4,5,6,2327,FULLERTON AVE,41.76263,-87.847305,06/22/2017 05:11:00 AM,2017
CR00022335,02/12/2021 01:16:00 PM,20,CLEAR,DAYLIGHT,TURNING,NOT DIVIDED,STOP SIGN/FLASHER,IMPROPER LANE USAGE,WEATHER,0,0,0,0,13,6,2,1644,MILWAUKEE AVE,41.765178,-87.747918,02/12/2021 01:45:00 PM,2021
CR00022336,06/17/2019 08:18:00 PM,40,CLEAR,DUSK,FIXED OBJECT,NOT DIVIDED,NO CONTROLS,FAILING TO YIELD RIGHT-OF-WAY,NOT APPLICABLE,0,0,3,3,20,2,6,1518,DAMEN AVE,41.736908,-87.832489,06/17/2019 09:52:00 PM,2019
CR00022337,11/05/2022 08:51:00 PM,30,CLEAR,DAYLIGHT,TURNING,T-INTERSECTION,TRAFFIC SIGNAL,IMPROPER LANE USAGE,FOLLOWING TOO CLOSELY,0,0,0,0,20,7,11,112,OGDEN AVE,41.891105,-87.809598,11/05/2022 10:21:00 PM,2022
CR00022338,02/28/2017 06:59:00 PM,25,RAIN,DARKNESS - LIGHTED ROAD,SIDESWIPE SAME DIRECTION,DIVIDED - W/MEDIAN (NOT RAISED),TRAFFIC SIGNAL,IMPROPER LANE USAGE,UNABLE TO DETERMINE,0,0,2,2,18,3,2,1233,BROADWAY,41.792187,-87.749461,02/28/2017 08:14:00 PM,2017
CR00022339,01/15/2023 08:50:00 AM,40,RAIN,DARKNESS,REAR END,DIVIDED - W/MEDIAN (NOT RAISED),NO CONTROLS,DRIVING SKILLS/KNOWLEDGE/EXPERIENCE,NOT APPLICABLE,0,0,0,0,8,1,1,1116,LAKE SHORE DR,41.713186,-87.669911,01/15/2023 09:47:00 AM,2023
CR00022340,01/09/2016 10:31:00 AM,20,CLEAR,DAWN,TURNING,DIVIDED - W/MEDIAN (NOT RAISED),NO CONTROLS,IMPROPER OVERTAKING/PASSING,FAILING TO YIELD RIGHT-OF-WAY,0,0,0,0,10,7,1,1224,79TH ST,41.746324,-87.506409,01/09/2016 11:52:00 AM,2016
CR00022341,01/27/2017 11:43:00 AM,30,CLEAR,DARKNESS - LIGHTED ROAD,REAR END,NOT DIVIDED,NO CONTROLS,UNABLE TO DETERMINE,IMPROPER OVERTAKING/PASSING,0,0,0,0,11,6,1,1037,HALSTED ST,41.91531,-87.641531,01/27/2017 12:57:00 PM,2017
CR00022342,05/03/2020 09:29:00 PM,45,CLEAR,DAYLIGHT,ANGLE,NOT DIVIDED,NO CONTROLS,FAILING TO YIELD RIGHT-OF-WAY,DRIVING SKILLS/KNOWLEDGE/EXPERIENCE,0,0,0,0,21,1,5,544,ARCHER AVE,41.867348,-87.62554,05/03/2020 10:26:00 PM,2020
CR00022343,10/16/2016 03:17:00 AM,30,CLEAR,DARKNESS - LIGHTED ROAD,REAR END,NOT DIVIDED,NO CONTROLS,UNABLE TO DETERMINE,FOLLOWING TOO CLOSELY,0,0,2,2,3,1,10,2050,BROADWAY,41.912481,-87.668655,10/16/2016 03:20:00 AM,2016
CR00022344,09/26/2024 04:53:00 PM,15,CLEAR,DAYLIGHT,TURNING,NOT DIVIDED,TRAFFIC SIGNAL,DISREGARDING TRAFFIC SIGNALS,DRIVING SKILLS/KNOWLEDGE/EXPERIENCE,0,0,0,0,16,5,9,934,IRVING PARK RD,41.952251,-87.550649,09/26/2024 06:44:00 PM,2024
CR00022345,12/18/2018 07:17:00 AM,45,CLEAR,DAYLIGHT,TURNING,NOT DIVIDED,NO CONTROLS,FOLLOWING TOO CLOSELY,IMPROPER OVERTAKING/PASSING,0,0,0,0,7,3,12,2248,FULLERTON AVE,41.787656,-87.663051,12/18/2018 07:23:00 AM,2018
CR00022346,08/15/2020 04:52:00 AM,35,CLEAR,DAYLIGHT,FIXED OBJECT,T-INTERSECTION,TRAFFIC SIGNAL,UNABLE TO DETERMINE,UNABLE TO DETERMINE,0,0,0,0,4,7,8,684,OGDEN AVE,41.823586,-87.806181,08/15/2020 06:51:00 AM,2020
CR00022347,09/04/2020 03:13:00 PM,15,CLEAR,DAYLIGHT,TURNING,NOT DIVIDED,NO CONTROLS,FOLLOWING TOO CLOSELY,IMPROPER LANE USAGE,0,0,0,0,15,6,9,1023,ARCHER AVE,41.874279,-87.719269,09/04/2020 05:02:00 PM,2020
CR00022348,06/28/2016 08:39:00 PM,15,CLEAR,DAYLIGHT,SIDESWIPE SAME DIRECTION,T-INTERSECTION,TRAFFIC SIGNAL,UNABLE TO DETERMINE,NOT APPLICABLE,0,0,0,0,20,3,6,191,CALIFORNIA AVE,41.792405,-87.731002,06/28/2016 09:22:00 PM,2016
CR00022349,06/06/2023 02:26:00 PM,25,CLEAR,DAYLIGHT,REAR END,NOT DIVIDED,YIELD,FOLLOWING TOO CLOSELY,IMPROPER OVERTAKING/PASSING,0,0,0,0,14,3,6,1333,BROADWAY,41.812682,-87.563391,06/06/2023 03:15:00 PM,2023
CR00022350,01/10/2020 04:03:00 PM,40,CLEAR,DAYLIGHT,FIXED OBJECT,FOUR WAY,TRAFFIC SIGNAL,DISREGARDING TRAFFIC SIGNALS,FAILING TO YIELD RIGHT-OF-WAY,0,0,0,0,16,6,1,342,DIVISION ST,41.980093,-87.769794,01/10/2020 05:00:00 PM,2020
CR00022351,09/06/2024 08:30:00 PM,30,CLEAR,DARKNESS,REAR TO FRONT,T-INTERSECTION,TRAFFIC SIGNAL,UNABLE TO DETERMINE,NOT APPLICABLE,0,0,0,0,20,6,9,895,ASHLAND AVE,41.703644,-87.550092,09/06/2024 10:13:00 PM,2024
CR00022352,09/14/2017 05:21:00 PM,30,CLEAR,DAYLIGHT,PARKED MOTOR VEHICLE,ONE-WAY,TRAFFIC SIGNAL,DRIVING SKILLS/KNOWLEDGE/EXPERIENCE,UNABLE TO DETERMINE,0,0,0,0,17,5,9,2161,79TH ST,41.9207,-87.697101,09/14/2017 05:55:00 PM,2017
CR00022353,08/29/2023 05:23:00 AM,20,CLEAR,DARKNESS - LIGHTED ROAD,REAR END,DIVIDED - W/MEDIAN (NOT RAISED),NO CONTROLS,DISREGARDING TRAFFIC SIGNALS,FOLLOWING TOO CLOSELY,0,0,0,0,5,3,8,1703,ELSTON AVE,41.968992,-87.643819,08/29/2023 05:37:00 AM,2023
CR00022354,07/04/2017 07:50:00 AM,30,CLEAR,DAYLIGHT,PARKED MOTOR VEHICLE,ONE-WAY,NO CONTROLS,FOLLOWING TOO CLOSELY,UNABLE TO DETERMINE,0,0,2,2,7,3,7,1941,63RD ST,41.897218,-87.710527,07/04/2017 09:04:00 AM,2017
CR00022355,01/05/2015 11:02:00 AM,15,RAIN,DAYLIGHT,REAR END,NOT DIVIDED,STOP SIGN/FLASHER,DISTRACTION - FROM INSIDE VEHICLE,NOT APPLICABLE,0,0,0,0,11,2,1,1225,ELSTON AVE,41.753982,-87.796268,01/05/2015 12:58:00 PM,2015
CR00022356,07/27/2018 06:17:00 PM,30,CLEAR,DARKNESS - LIGHTED ROAD,FIXED OBJECT,NOT DIVIDED,TRAFFIC SIGNAL,UNABLE TO DETERMINE,IMPROPER OVERTAKING/PASSING,0,0,0,0,18,6,7,1465,KEDZIE AVE,41.739419,-87.759884,07/27/2018 08:04:00 PM,2018
CR00022357,04/20/2021 10:30:00 PM,30,CLEAR,DAYLIGHT,ANGLE,DIVIDED - W/MEDIAN (NOT RAISED),TRAFFIC SIGNAL,IMPROPER LANE USAGE,FAILING TO REDUCE SPEED,0,0,0,0,22,3,4,169,79TH ST,41.851863,-87.534928,04/20/2021 10:46:00 PM,2021
CR00022358,07/03/2019 04:13:00 PM,30,RAIN,DARKNESS - LIGHTED ROAD,SIDESWIPE SAME DIRECTION,ONE-WAY,UNKNOWN,IMPROPER OVERTAKING/PASSING,FOLLOWING TOO CLOSELY,0,0,0,0,16,4,7,2042,CICERO AVE,41.833252,-87.764199,07/03/2019 05:59:00 PM,2019
CR00022359,08/26/2016 10:32:00 AM,30,CLEAR,DARKNESS - LIGHTED ROAD,REAR END,FOUR WAY,UNKNOWN,UNABLE TO DETERMINE,UNABLE TO DETERMINE,0,0,0,0,10,6,8,1052,MICHIGAN AVE,41.701485,-87.728221,08/26/2016 10:47:00 AM,2016
CR00022360,07/31/2024 05:30:00 PM,35,CLEAR,DARKNESS - LIGHTED ROAD,PEDESTRIAN,DIVIDED - W/MEDIAN (NOT RAISED),NO CONTROLS,UNABLE TO DETERMINE,DRIVING SKILLS/KNOWLEDGE/EXPERIENCE,0,0,3,3,17,4,7,2240,63RD ST,41.922006,-87.729213,07/31/2024 06:20:00 PM,2024
CR00022361,12/29/2016 05:20:00 AM,45,CLEAR,DARKNESS - LIGHTED ROAD,REAR END,NOT DIVIDED,TRAFFIC SIGNAL,DISREGARDING TRAFFIC SIGNALS,WEATHER,0,0,0,0,5,5,12,1398,HALSTED ST,41.747385,-87.627648,12/29/2016 07:18:00 AM,2016
CR00022362,04/27/2017 05:49:00 PM,15,CLEAR,DARKNESS - LIGHTED ROAD,TURNING,T-INTERSECTION,NO CONTROLS,DRIVING SKILLS/KNOWLEDGE/EXPERIENCE,FAILING TO REDUCE SPEED,0,0,1,1,17,5,4,1738,CALIFORNIA AVE,41.804365,-87.694429,04/27/2017 06:15:00 PM,2017
CR00022363,07/19/2020 03:23:00 PM,30,CLEAR,DAYLIGHT,REAR END,NOT DIVIDED,NO CONTROLS,FAILING TO YIELD RIGHT-OF-WAY,WEATHER,0,0,0,0,15,1,7,556,47TH ST,41.851285,-87.523014,07/19/2020 03:39:00 PM,2020
CR00022364,07/29/2022 03:01:00 PM,40,CLEAR,DAYLIGHT,PARKED MOTOR VEHICLE,NOT DIVIDED,NO CONTROLS,UNABLE TO DETERMINE,FAILING TO REDUCE SPEED,0,0,0,0,15,6,7,901,STONY ISLAND AVE,41.730457,-87.813588,07/29/2022 03:39:00 PM,2022
CR00022365,12/05/2017 12:41:00 AM,30,CLEAR,DAYLIGHT,TURNING,DIVIDED - W/MEDIAN (NOT RAISED),UNKNOWN,FAILING TO YIELD RIGHT-OF-WAY,UNABLE TO DETERMINE,0,2,3,5,0,3,12,2490,STATE ST,41.758388,-87.589499,12/05/2017 02:08:00 AM,2017
CR00022366,07/10/2023 03:11:00 PM,45,CLEAR,DAYLIGHT,PARKED MOTOR VEHICLE,ONE-WAY,NO CONTROLS,FOLLOWING TOO CLOSELY,UNABLE TO DETERMINE,0,0,1,1,15,2,7,2513,DAMEN AVE,41.799331,-87.637169,07/10/2023 03:59:00 PM,2023
CR00022367,05/17/2021 04:54:00 PM,30,CLEAR,DARKNESS - LIGHTED ROAD,REAR END,NOT DIVIDED,NO CONTROLS,FOLLOWING TOO CLOSELY,FAILING TO YIELD RIGHT-OF-WAY,0,0,0,0,16,2,5,1185,IRVING PARK RD,41.955347,-87.680495,05/17/2021 06:44:00 PM,2021
CR00022368,02/18/2017 03:14:00 PM,35,CLEAR,DAYLIGHT,TURNING,NOT DIVIDED,STOP SIGN/FLASHER,UNABLE TO DETERMINE,UNABLE TO DETERMINE,0,0,0,0,15,7,2,669,HALSTED ST,41.75863,-87.623375,02/18/2017 03:51:00 PM,2017
CR00022369,01/28/2016 04:00:00 AM,30,CLEAR,DAYLIGHT,REAR END,NOT DIVIDED,STOP SIGN/FLASHER,DISREGARDING TRAFFIC SIGNALS,FOLLOWING TOO CLOSELY,0,0,0,0,4,5,1,1479,STONY ISLAND AVE,41.767011,-87.549236,01/28/2016 04:05:00 AM,2016
CR00022370,08/24/2022 05:02:00 AM,15,CLEAR,DARKNESS - LIGHTED ROAD,FIXED OBJECT,NOT DIVIDED,TRAFFIC SIGNAL,IMPROPER OVERTAKING/PASSING,UNABLE TO DETERMINE,0,0,0,0,5,4,8,2452,STONY ISLAND AVE,41.790985,-87.512421,08/24/2022 05:12:00 AM,2022
CR00022371,01/29/2016 09:12:00 AM,40,CLEAR,DAYLIGHT,TURNING,DIVIDED - W/MEDIAN (NOT RAISED),NO CONTROLS,FOLLOWING TOO CLOSELY,DRIVING SKILLS/KNOWLEDGE/EXPERIENCE,0,0,0,0,9,6,1,1025,KEDZIE AVE,41.786063,-87.686314,01/29/2016 10:34:00 AM,2016
CR00022372,07/22/2016 07:06:00 AM,25,RAIN,DAYLIGHT,REAR END,FOUR WAY,UNKNOWN,IMPROPER OVERTAKING/PASSING,IMPROPER OVERTAKING/PASSING,0,0,0,0,7,6,7,1837,LAKE SHORE DR,41.819673,-87.564055,07/22/2016 08:13:00 AM,2016
CR00022373,12/26/2017 08:42:00 PM,30,RAIN,DAYLIGHT,PARKED MOTOR VEHICLE,DIVIDED - W/MEDIAN (NOT RAISED),UNKNOWN,DRIVING SKILLS/KNOWLEDGE/EXPERIENCE,NOT APPLICABLE,0,0,0,0,20,3,12,1174,FULLERTON AVE,41.748219,-87.570242,12/26/2017 09:49:00 PM,2017
CR00022374,03/17/2024 09:21:00 AM,35,SNOW,DAYLIGHT,SIDESWIPE SAME DIRECTION,NOT DIVIDED,NO CONTROLS,DRIVING SKILLS/KNOWLEDGE/EXPERIENCE,UNABLE TO DETERMINE,0,0,3,3,9,1,3,1697,IRVING PARK RD,41.983322,-87.64836,03/17/2024 10:23:00 AM,2024
CR00022375,04/24/2018 02:05:00 AM,30,CLEAR,DARKNESS - LIGHTED ROAD,REAR END,NOT DIVIDED,NO CONTROLS,IMPROPER OVERTAKING/PASSING,FOLLOWING TOO CLOSELY,0,0,0,0,2,3,4,1880,IRVING PARK RD,41.876302,-87.527877,04/24/2018 03:42:00 AM,2018
CR00022376,04/15/2022 10:07:00 PM,30,CLOUDY/OVERCAST,DAYLIGHT,FIXED OBJECT,NOT DIVIDED,TRAFFIC SIGNAL,UNABLE TO DETERMINE,IMPROPER LANE USAGE,0,2,0,2,22,6,4,1919,OGDEN AVE,41.988996,-87.63908,04/15/2022 10:51:00 PM,2022
CR00022377,04/16/2019 10:51:00 AM,20,RAIN,DAYLIGHT,REAR END,ONE-WAY,NO CONTROLS,FAILING TO YIELD RIGHT-OF-WAY,NOT APPLICABLE,0,0,0,0,10,3,4,321,MILWAUKEE AVE,41.929278,-87.596318,04/16/2019 11:31:00 AM,2019
CR00022378,07/22/2022 01:33:00 PM,15,RAIN,DAYLIGHT,REAR END,DIVIDED - W/MEDIAN (NOT RAISED),UNKNOWN,UNABLE TO DETERMINE,IMPROPER OVERTAKING/PASSING,0,0,0,0,13,6,7,1945,ASHLAND AVE,41.920656,-87.573758,07/22/2022 02:32:00 PM,2022
CR00022379,10/27/2015 03:48:00 PM,20,CLEAR,DARKNESS - LIGHTED ROAD,REAR END,NOT DIVIDED,NO CONTROLS,DISREGARDING TRAFFIC SIGNALS,UNABLE TO DETERMINE,0,1,2,3,15,3,10,549,CLARK ST,41.817902,-87.527648,10/27/2015 04:41:00 PM,2015
CR00022380,03/31/2021 04:01:00 PM,30,CLEAR,DAYLIGHT,REAR TO FRONT,NOT DIVIDED,TRAFFIC SIGNAL,UNABLE TO DETERMINE,UNABLE TO DETERMINE,0,0,0,0,16,4,3,769,DAMEN AVE,41.765324,-87.607231,03/31/2021 05:56:00 PM,2021
CR00022381,11/16/2019 04:09:00 AM,30,RAIN,DAWN,ANGLE,ONE-WAY,TRAFFIC SIGNAL,DISTRACTION - FROM INSIDE VEHICLE,UNABLE TO DETERMINE,0,0,0,0,4,7,11,627,FULLERTON AVE,41.783959,-87.560913,11/16/2019 05:29:00 AM,2019
CR00022382,11/06/2020 06:15:00 PM,25,CLEAR,DARKNESS - LIGHTED ROAD,REAR END,NOT DIVIDED,UNKNOWN,FOLLOWING TOO CLOSELY,UNABLE TO DETERMINE,0,0,0,0,18,6,11,490,ARCHER AVE,41.883389,-87.764618,11/06/2020 07:30:00 PM,2020
CR00022383,09/30/2022 06:53:00 PM,30,CLEAR,DARKNESS - LIGHTED ROAD,SIDESWIPE SAME DIRECTION,DIVIDED - W/MEDIAN (NOT RAISED),STOP SIGN/FLASHER,UNABLE TO DETERMINE,UNABLE TO DETERMINE,0,0,0,0,18,6,9,1647,CALIFORNIA AVE,41.833262,-87.546264,09/30/2022 07:57:00 PM,2022
CR00022384,02/02/2021 04:40:00 AM,30,CLOUDY/OVERCAST,DARKNESS - LIGHTED ROAD,REAR END,FOUR WAY,TRAFFIC SIGNAL,FAILING TO REDUCE SPEED,FAILING TO YIELD RIGHT-OF-WAY,0,0,0,0,4,3,2,2054,BROADWAY,41.82249,-87.672738,02/02/2021 04:52:00 AM,2021