CRASH_RECORD_ID,CRASH_DATE,POSTED_SPEED_LIMIT,WEATHER_CONDITION,LIGHTING_CONDITION,FIRST_CRASH_TYPE,TRAFFICWAY_TYPE,TRAFFIC_CONTROL_DEVICE,PRIM_CONTRIBUTORY_CAUSE,SEC_CONTRIBUTORY_CAUSE,INJURIES_FATAL,INJURIES_INCAPACITATING,INJURIES_NON_INCAPACITATING,INJURIES_TOTAL,CRASH_HOUR,CRASH_DAY_OF_WEEK,CRASH_MONTH,BEAT_OF_OCCURRENCE,STREET_NAME,LATITUDE,LONGITUDE,DATE_POLICE_NOTIFIED,year
CR00022385,04/08/2022 07:43:00 AM,35,CLEAR,DUSK,FIXED OBJECT,DIVIDED - W/MEDIAN BARRIER,NO CONTROLS,UNABLE TO DETERMINE,FAILING TO YIELD RIGHT-OF-WAY,0,0,0,0,7,6,4,1505,DIVISION ST,41.809738,-87.806906,04/08/2022 08:40:00 AM,2022
CR00022386,06/09/2021 08:59:00 PM,45,CLEAR,DAYLIGHT,PEDESTRIAN,NOT DIVIDED,TRAFFIC SIGNAL,DRIVING SKILLS/KNOWLEDGE/EXPERIENCE,FAILING TO YIELD RIGHT-OF-WAY,0,0,1,1,20,4,6,2144,63RD ST,41.728193,-87.606883,06/09/2021 10:51:00 PM,2021
CR00022387,01/24/2021 11:41:00 AM,35,CLEAR,DAYLIGHT,SIDESWIPE SAME DIRECTION,ONE-WAY,NO CONTROLS,FOLLOWING TOO CLOSELY,NOT APPLICABLE,0,0,0,0,11,1,1,267,LAKE SHORE DR,41.731609,-87.783384,01/24/2021 12:40:00 PM,2021
CR00022388,08/25/2017 02:50:00 AM,15,RAIN,DAYLIGHT,REAR END,NOT DIVIDED,NO CONTROLS,UNABLE TO DETERMINE,IMPROPER OVERTAKING/PASSING,0,0,1,1,2,6,8,2025,IRVING PARK RD,41.796188,-87.598058,08/25/2017 02:57:00 AM,2017
CR00022389,05/01/2023 03:01:00 PM,30,SNOW,DAYLIGHT,TURNING,ONE-WAY,NO CONTROLS,DISTRACTION - FROM INSIDE VEHICLE,UNABLE TO DETERMINE,0,0,0,0,15,2,5,1313,MILWAUKEE AVE,41.824476,-87.82632,05/01/2023 04:46:00 PM,2023
CR00022390,11/11/2017 08:36:00 AM,30,CLEAR,DARKNESS - LIGHTED ROAD,REAR END,DIVIDED - W/MEDIAN (NOT RAISED),UNKNOWN,IMPROPER LANE USAGE,NOT APPLICABLE,0,0,0,0,8,7,11,1137,79TH ST,41.949628,-87.619241,11/11/2017 08:53:00 AM,2017
CR00022391,03/31/2020 10:10:00 PM,45,CLEAR,DAYLIGHT,REAR END,ONE-WAY,STOP SIGN/FLASHER,IMPROPER LANE USAGE,IMPROPER OVERTAKING/PASSING,0,2,1,3,22,3,3,1627,OGDEN AVE,41.720858,-87.769734,03/31/2020 11:41:00 PM,2020
CR00022392,04/08/2022 11:16:00 AM,35,FOG/SMOKE/HAZE,DAYLIGHT,FIXED OBJECT,NOT DIVIDED,STOP SIGN/FLASHER,UNABLE TO DETERMINE,FOLLOWING TOO CLOSELY,0,0,0,0,11,6,4,1834,OGDEN AVE,41.747219,-87.638509,04/08/2022 01:15:00 PM,2022
CR00022393,05/09/2023 05:25:00 PM,30,FREEZING RAIN/DRIZZLE,DARKNESS - LIGHTED ROAD,TURNING,ONE-WAY,YIELD,IMPROPER LANE USAGE,FAILING TO YIELD RIGHT-OF-WAY,0,0,0,0,17,3,5,1694,LAKE SHORE DR,41.808095,-87.525701,05/09/2023 06:45:00 PM,2023
CR00022394,09/12/2020 06:16:00 PM,30,CLEAR,DARKNESS,REAR TO FRONT,NOT DIVIDED,NO CONTROLS,FOLLOWING TOO CLOSELY,FAILING TO YIELD RIGHT-OF-WAY,0,0,0,0,18,7,9,2419,KEDZIE AVE,41.75734,-87.722927,09/12/2020 06:40:00 PM,2020
CR00022395,06/26/2023 02:27:00 PM,20,CLEAR,DARKNESS - LIGHTED ROAD,REAR END,ONE-WAY,NO CONTROLS,IMPROPER LANE USAGE,DISTRACTION - FROM INSIDE VEHICLE,0,0,0,0,14,2,6,1522,63RD ST,41.876153,-87.628903,06/26/2023 02:43:00 PM,2023
CR00022396,04/03/2018 03:10:00 PM,35,CLEAR,DAYLIGHT,REAR END,FOUR WAY,NO CONTROLS,IMPROPER OVERTAKING/PASSING,UNABLE TO DETERMINE,0,0,0,0,15,3,4,242,PULASKI RD,41.864511,-87.663866,04/03/2018 04:54:00 PM,2018
CR00022397,02/01/2024 09:14:00 AM,35,RAIN,DAYLIGHT,FIXED OBJECT,FOUR WAY,NO CONTROLS,DISREGARDING TRAFFIC SIGNALS,NOT APPLICABLE,0,0,0,0,9,5,2,134,STATE ST,41.984803,-87.519907,02/01/2024 10:50:00 AM,2024
CR00022398,07/29/2016 07:12:00 AM,30,CLEAR,DAYLIGHT,REAR END,DIVIDED - W/MEDIAN (NOT RAISED),TRAFFIC SIGNAL,DISREGARDING TRAFFIC SIGNALS,FOLLOWING TOO CLOSELY,0,0,0,0,7,6,7,2208,DIVISION ST,41.866022,-87.604759,07/29/2016 08:24:00 AM,2016
CR00022399,04/06/2015 10:32:00 PM,35,CLEAR,DUSK,REAR END,NOT DIVIDED,STOP SIGN/FLASHER,UNABLE TO DETERMINE,UNABLE TO DETERMINE,0,0,0,0,22,2,4,139,WESTERN AVE,41.873117,-87.740606,04/06/2015 11:00:00 PM,2015
CR00022400,03/03/2024 08:27:00 PM,30,CLEAR,DAYLIGHT,ANGLE,NOT DIVIDED,TRAFFIC SIGNAL,DISREGARDING TRAFFIC SIGNALS,IMPROPER LANE USAGE,0,0,0,0,20,1,3,1850,IRVING PARK RD,41.829844,-87.773293,03/03/2024 09:31:00 PM,2024
CR00022401,11/09/2022 10:45:00 PM,40,RAIN,DARKNESS - LIGHTED ROAD,REAR END,NOT DIVIDED,NO CONTROLS,FAILING TO YIELD RIGHT-OF-WAY,NOT APPLICABLE,0,0,0,0,22,4,11,1442,DAMEN AVE,41.8542,-87.841667,11/09/2022 11:03:00 PM,2022
CR00022402,12/23/2022 07:41:00 PM,35,FOG/SMOKE/HAZE,DAYLIGHT,REAR END,NOT DIVIDED,UNKNOWN,DISTRACTION - FROM INSIDE VEHICLE,FOLLOWING TOO CLOSELY,0,0,0,0,19,6,12,1647,CICERO AVE,41.874635,-87.762584,12/23/2022 09:18:00 PM,2022
CR00022403,10/24/2016 04:43:00 PM,25,CLOUDY/OVERCAST,DUSK,REAR END,ONE-WAY,NO CONTROLS,FOLLOWING TOO CLOSELY,FAILING TO YIELD RIGHT-OF-WAY,0,0,0,0,16,2,10,1157,FULLERTON AVE,41.986135,-87.724635,10/24/2016 04:59:00 PM,2016
CR00022404,05/02/2021 02:34:00 AM,30,CLEAR,DARKNESS - LIGHTED ROAD,REAR END,NOT DIVIDED,NO CONTROLS,FAILING TO YIELD RIGHT-OF-WAY,DISTRACTION - FROM INSIDE VEHICLE,0,0,1,1,2,1,5,630,ASHLAND AVE,41.735265,-87.587572,05/02/2021 03:42:00 AM,2021
CR00022405,03/28/2024 02:46:00 AM,45,CLEAR,DAYLIGHT,SIDESWIPE SAME DIRECTION,ONE-WAY,TRAFFIC SIGNAL,IMPROPER OVERTAKING/PASSING,DRIVING SKILLS/KNOWLEDGE/EXPERIENCE,0,0,0,0,2,5,3,2428,BROADWAY,41.901511,-87.558698,03/28/2024 03:12:00 AM,2024
CR00022406,05/14/2017 07:15:00 PM,20,RAIN,DAYLIGHT,ANGLE,NOT DIVIDED,NO CONTROLS,FAILING TO REDUCE SPEED,UNABLE TO DETERMINE,0,0,0,0,19,1,5,1095,CICERO AVE,41.821945,-87.518789,05/14/2017 08:35:00 PM,2017
CR00022407,07/13/2015 12:02:00 AM,45,CLEAR,DAYLIGHT,FIXED OBJECT,NOT DIVIDED,NO CONTROLS,FAILING TO REDUCE SPEED,UNABLE TO DETERMINE,0,0,1,1,0,2,7,1644,DAMEN AVE,41.894459,-87.596511,07/13/2015 12:03:00 AM,2015
CR00022408,05/05/2024 05:45:00 AM,30,RAIN,DAYLIGHT,SIDESWIPE SAME DIRECTION,ONE-WAY,TRAFFIC SIGNAL,IMPROPER OVERTAKING/PASSING,FAILING TO YIELD RIGHT-OF-WAY,0,0,0,0,5,1,5,2119,47TH ST,41.868238,-87.70362,05/05/2024 07:00:00 AM,2024
CR00022409,04/17/2019 11:03:00 PM,30,SNOW,DARKNESS - LIGHTED ROAD,FIXED OBJECT,NOT DIVIDED,NO CONTROLS,FAILING TO YIELD RIGHT-OF-WAY,FOLLOWING TOO CLOSELY,0,0,0,0,23,4,4,1495,CICERO AVE,41.809231,-87.543796,04/18/2019 12:27:00 AM,2019
CR00022410,01/29/2024 09:27:00 AM,40,RAIN,DAYLIGHT,SIDESWIPE SAME DIRECTION,DIVIDED - W/MEDIAN (NOT RAISED),STOP SIGN/FLASHER,FAILING TO YIELD RIGHT-OF-WAY,NOT APPLICABLE,0,0,0,0,9,2,1,2510,ASHLAND AVE,41.869805,-87.753107,01/29/2024 11:01:00 AM,2024
CR00022411,07/03/2018 07:38:00 AM,45,RAIN,DAYLIGHT,ANGLE,FOUR WAY,STOP SIGN/FLASHER,IMPROPER OVERTAKING/PASSING,FAILING TO REDUCE SPEED,0,0,0,0,7,3,7,351,BROADWAY,41.733193,-87.784849,07/03/2018 08:41:00 AM,2018
CR00022412,06/09/2023 12:43:00 PM,15,CLEAR,DAYLIGHT,PARKED MOTOR VEHICLE,DIVIDED - W/MEDIAN (NOT RAISED),NO CONTROLS,FOLLOWING TOO CLOSELY,FAILING TO YIELD RIGHT-OF-WAY,0,0,0,0,12,6,6,1278,IRVING PARK RD,41.983242,-87.820955,06/09/2023 02:25:00 PM,2023
CR00022413,08/03/2023 08:18:00 PM,20,CLOUDY/OVERCAST,DARKNESS,ANGLE,NOT DIVIDED,NO CONTROLS,DISREGARDING TRAFFIC SIGNALS,UNABLE TO DETERMINE,0,0,0,0,20,5,8,2331,WESTERN AVE,41.762855,-87.549484,08/03/2023 08:38:00 PM,2023
CR00022414,06/26/2017 04:04:00 AM,45,CLEAR,DARKNESS - LIGHTED ROAD,FIXED OBJECT,NOT DIVIDED,STOP SIGN/FLASHER,UNABLE TO DETERMINE,IMPROPER LANE USAGE,0,1,1,2,4,2,6,1632,ASHLAND AVE,41.734528,-87.714341,06/26/2017 04:12:00 AM,2017
CR00022415,12/19/2015 05:39:00 PM,20,CLEAR,DAYLIGHT,TURNING,DIVIDED - W/MEDIAN BARRIER,STOP SIGN/FLASHER,DISREGARDING TRAFFIC SIGNALS,NOT APPLICABLE,0,0,0,0,17,7,12,2499,FULLERTON AVE,41.926787,-87.791305,12/19/2015 06:14:00 PM,2015
CR00022416,03/05/2016 04:26:00 PM,40,CLEAR,DAYLIGHT,SIDESWIPE SAME DIRECTION,FOUR WAY,PEDESTRIAN CROSSING SIGN,UNABLE TO DETERMINE,WEATHER,0,0,0,0,16,7,3,664,MICHIGAN AVE,41.96324,-87.782338,03/05/2016 06:02:00 PM,2016
CR00022417,09/17/2021 11:13:00 AM,25,CLEAR,DAYLIGHT,ANGLE,NOT DIVIDED,TRAFFIC SIGNAL,FOLLOWING TOO CLOSELY,UNABLE TO DETERMINE,0,0,0,0,11,6,9,2436,79TH ST,41.727328,-87.71455,09/17/2021 12:43:00 PM,2021
CR00022418,02/17/2017 10:02:00 AM,30,CLEAR,DARKNESS,ANGLE,NOT DIVIDED,TRAFFIC SIGNAL,UNABLE TO DETERMINE,IMPROPER LANE USAGE,0,0,1,1,10,6,2,1537,BROADWAY,41.868432,-87.514543,02/17/2017 11:52:00 AM,2017
CR00022419,10/15/2018 03:05:00 PM,30,CLEAR,DARKNESS,PARKED MOTOR VEHICLE,DIVIDED - W/MEDIAN BARRIER,STOP SIGN/FLASHER,FAILING TO REDUCE SPEED,DISREGARDING TRAFFIC SIGNALS,0,0,0,0,15,2,10,1195,IRVING PARK RD,41.754584,-87.517844,10/15/2018 04:58:00 PM,2018
CR00022420,01/27/2019 02:42:00 PM,45,CLEAR,DAYLIGHT,PARKED MOTOR VEHICLE,ONE-WAY,NO CONTROLS,FOLLOWING TOO CLOSELY,UNABLE TO DETERMINE,0,2,1,3,14,1,1,1730,DAMEN AVE,41.801523,-87.646486,01/27/2019 04:21:00 PM,2019
CR00022421,06/21/2015 04:30:00 PM,45,CLEAR,DAYLIGHT,ANGLE,NOT DIVIDED,NO CONTROLS,UNABLE TO DETERMINE,FOLLOWING TOO CLOSELY,0,0,0,0,16,1,6,857,IRVING PARK RD,41.771978,-87.560279,06/21/2015 04:42:00 PM,2015
CR00022422,09/30/2019 05:37:00 PM,35,CLEAR,DAYLIGHT,ANGLE,ONE-WAY,UNKNOWN,IMPROPER OVERTAKING/PASSING,FOLLOWING TOO CLOSELY,0,0,0,0,17,2,9,2031,47TH ST,41.83375,-87.70894,09/30/2019 06:43:00 PM,2019
CR00022423,05/18/2020 10:17:00 AM,35,CLEAR,DAYLIGHT,ANGLE,NOT DIVIDED,NO CONTROLS,UNABLE TO DETERMINE,WEATHER,0,0,1,1,10,2,5,327,HALSTED ST,41.827237,-87.638467,05/18/2020 11:05:00 AM,2020
CR00022424,02/21/2016 06:28:00 AM,35,CLEAR,DARKNESS - LIGHTED ROAD,SIDESWIPE SAME DIRECTION,NOT DIVIDED,STOP SIGN/FLASHER,UNABLE TO DETERMINE,NOT APPLICABLE,0,0,0,0,6,1,2,487,DAMEN AVE,41.886987,-87.577539,02/21/2016 08:04:00 AM,2016
CR00022425,12/06/2024 11:02:00 AM,20,CLEAR,DARKNESS - LIGHTED ROAD,ANGLE,FOUR WAY,STOP SIGN/FLASHER,UNABLE TO DETERMINE,FOLLOWING TOO CLOSELY,0,0,0,0,11,6,12,1502,HALSTED ST,41.92798,-87.748102,12/06/2024 11:56:00 AM,2024
CR00022426,06/21/2018 03:12:00 AM,40,CLEAR,DARKNESS - LIGHTED ROAD,REAR TO FRONT,NOT DIVIDED,NO CONTROLS,UNABLE TO DETERMINE,IMPROPER OVERTAKING/PASSING,0,0,0,0,3,5,6,2421,CLARK ST,41.874383,-87.549082,06/21/2018 03:16:00 AM,2018
CR00022427,06/24/2018 04:45:00 PM,35,CLEAR,DAYLIGHT,SIDESWIPE SAME DIRECTION,NOT DIVIDED,TRAFFIC SIGNAL,FAILING TO YIELD RIGHT-OF-WAY,FOLLOWING TOO CLOSELY,0,0,0,0,16,1,6,1341,BROADWAY,41.727553,-87.532356,06/24/2018 05:24:00 PM,2018
CR00022428,01/14/2017 07:52:00 AM,30,CLEAR,DAYLIGHT,FIXED OBJECT,ONE-WAY,TRAFFIC SIGNAL,IMPROPER OVERTAKING/PASSING,FAILING TO YIELD RIGHT-OF-WAY,0,0,0,0,7,7,1,1987,DAMEN AVE,41.970555,-87.514289,01/14/2017 07:59:00 AM,2017
CR00022429,07/14/2024 03:16:00 PM,25,CLEAR,DAYLIGHT,SIDESWIPE SAME DIRECTION,DIVIDED - W/MEDIAN BARRIER,NO CONTROLS,IMPROPER OVERTAKING/PASSING,WEATHER,0,0,0,0,15,1,7,2445,DAMEN AVE,41.737567,-87.839403,07/14/2024 03:42:00 PM,2024
CR00022430,05/03/2020 07:23:00 AM,30,CLEAR,DAYLIGHT,FIXED OBJECT,DIVIDED - W/MEDIAN (NOT RAISED),UNKNOWN,FAILING TO REDUCE SPEED,DRIVING SKILLS/KNOWLEDGE/EXPERIENCE,0,0,0,0,7,1,5,466,MILWAUKEE AVE,41.737279,-87.840372,05/03/2020 07:43:00 AM,2020
CR00022431,07/23/2016 01:05:00 AM,25,CLEAR,DARKNESS - LIGHTED ROAD,SIDESWIPE SAME DIRECTION,DIVIDED - W/MEDIAN (NOT RAISED),TRAFFIC SIGNAL,UNABLE TO DETERMINE,DRIVING SKILLS/KNOWLEDGE/EXPERIENCE,0,0,0,0,1,7,7,337,DAMEN AVE,41.974835,-87.529629,07/23/2016 01:31:00 AM,2016
CR00022432,12/10/2023 07:16:00 PM,15,CLEAR,DARKNESS - LIGHTED ROAD,PARKED MOTOR VEHICLE,NOT DIVIDED,TRAFFIC SIGNAL,IMPROPER LANE USAGE,IMPROPER LANE USAGE,0,0,3,3,19,1,12,1313,ASHLAND AVE,41.705375,-87.599061,12/10/2023 08:29:00 PM,2023
CR00022433,05/07/2021 09:55:00 AM,30,CLEAR,DAYLIGHT,SIDESWIPE SAME DIRECTION,NOT DIVIDED,NO CONTROLS,DISREGARDING TRAFFIC SIGNALS,NOT APPLICABLE,0,0,0,0,9,6,5,472,WESTERN AVE,41.84035,-87.680325,05/07/2021 10:09:00 AM,2021
CR00022434,11/15/2018 07:41:00 AM,30,CLEAR,DARKNESS - LIGHTED ROAD,REAR TO FRONT,NOT DIVIDED,UNKNOWN,DISREGARDING TRAFFIC SIGNALS,FOLLOWING TOO CLOSELY,0,0,0,0,7,5,11,2235,MICHIGAN AVE,41.862641,-87.517193,11/15/2018 08:42:00 AM,2018
CR00022435,11/15/2023 06:26:00 PM,30,CLEAR,DAYLIGHT,PARKED MOTOR VEHICLE,FOUR WAY,STOP SIGN/FLASHER,DISTRACTION - FROM INSIDE VEHICLE,FOLLOWING TOO CLOSELY,0,0,0,0,18,4,11,1055,STATE ST,41.996812,-87.640244,11/15/2023 07:29:00 PM,2023
CR00022436,09/04/2023 09:11:00 AM,35,CLEAR,DARKNESS - LIGHTED ROAD,ANGLE,ONE-WAY,TRAFFIC SIGNAL,FAILING TO REDUCE SPEED,UNABLE TO DETERMINE,0,0,0,0,9,2,9,2336,IRVING PARK RD,41.831355,-87.513284,09/04/2023 10:43:00 AM,2023
CR00022437,08/08/2020 01:17:00 AM,35,CLOUDY/OVERCAST,DARKNESS - LIGHTED ROAD,TURNING,DIVIDED - W/MEDIAN (NOT RAISED),NO CONTROLS,FAILING TO REDUCE SPEED,UNABLE TO DETERMINE,0,0,0,0,1,7,8,2334,WESTERN AVE,41.717437,-87.516304,08/08/2020 01:46:00 AM,2020
CR00022438,12/15/2021 12:47:00 PM,15,RAIN,DAYLIGHT,PARKED MOTOR VEHICLE,DIVIDED - W/MEDIAN (NOT RAISED),NO CONTROLS,WEATHER,IMPROPER OVERTAKING/PASSING,0,0,0,0,12,4,12,1467,MILWAUKEE AVE,41.843474,-87.692628,12/15/2021 01:55:00 PM,2021
CR00022439,01/17/2020 09:05:00 AM,35,CLEAR,DAYLIGHT,ANGLE,NOT DIVIDED,NO CONTROLS,FOLLOWING TOO CLOSELY,NOT APPLICABLE,0,0,0,0,9,6,1,1469,WESTERN AVE,41.730089,-87.655998,01/17/2020 09:54:00 AM,2020
CR00022440,07/05/2022 08:38:00 AM,30,CLEAR,DAYLIGHT,REAR END,ONE-WAY,TRAFFIC SIGNAL,FAILING TO YIELD RIGHT-OF-WAY,UNABLE TO DETERMINE,0,1,3,4,8,3,7,1879,PULASKI RD,41.931148,-87.597389,07/05/2022 10:12:00 AM,2022
CR00022441,04/11/2018 09:34:00 AM,25,CLEAR,DAYLIGHT,TURNING,ONE-WAY,NO CONTROLS,UNABLE TO DETERMINE,NOT APPLICABLE,0,0,0,0,9,4,4,507,ROOSEVELT RD,41.713094,-87.57787,04/11/2018 10:55:00 AM,2018
CR00022442,04/25/2016 07:53:00 PM,35,CLEAR,DUSK,PARKED MOTOR VEHICLE,NOT DIVIDED,STOP SIGN/FLASHER,DISTRACTION - FROM INSIDE VEHICLE,UNABLE TO DETERMINE,0,0,0,0,19,2,4,2194,CLARK ST,41.771858,-87.760372,04/25/2016 08:30:00 PM,2016
CR00022443,06/12/2023 01:27:00 PM,35,CLEAR,DAYLIGHT,ANGLE,ONE-WAY,NO CONTROLS,UNABLE TO DETERMINE,UNABLE TO DETERMINE,0,1,3,4,13,2,6,1419,CLARK ST,41.987709,-87.626434,06/12/2023 02:46:00 PM,2023
CR00022444,06/19/2021 09:53:00 AM,30,CLEAR,DAYLIGHT,REAR END,NOT DIVIDED,STOP SIGN/FLASHER,DISTRACTION - FROM INSIDE VEHICLE,NOT APPLICABLE,0,0,0,0,9,7,6,2174,IRVING PARK RD,41.83445,-87.768154,06/19/2021 10:52:00 AM,2021
CR00022445,06/24/2022 11:32:00 PM,30,CLEAR,DARKNESS - LIGHTED ROAD,FIXED OBJECT,NOT DIVIDED,TRAFFIC SIGNAL,UNABLE TO DETERMINE,IMPROPER OVERTAKING/PASSING,0,0,0,0,23,6,6,559,IRVING PARK RD,41.772535,-87.532368,06/25/2022 01:32:00 AM,2022
CR00022446,12/22/2015 06:52:00 PM,35,CLEAR,DAYLIGHT,PARKED MOTOR VEHICLE,ONE-WAY,NO CONTROLS,UNABLE TO DETERMINE,UNABLE TO DETERMINE,0,0,0,0,18,3,12,1074,CICERO AVE,41.878588,-87.535156,12/22/2015 07:36:00 PM,2015
CR00022447,03/17/2016 07:28:00 AM,20,CLEAR,DAYLIGHT,REAR TO FRONT,NOT DIVIDED,NO CONTROLS,IMPROPER LANE USAGE,DRIVING SKILLS/KNOWLEDGE/EXPERIENCE,0,0,1,1,7,5,3,346,CICERO AVE,41.961517,-87.507716,03/17/2016 09:19:00 AM,2016
CR00022448,06/19/2023 07:30:00 AM,20,CLEAR,DAYLIGHT,ANGLE,ONE-WAY,TRAFFIC SIGNAL,DISTRACTION - FROM INSIDE VEHICLE,NOT APPLICABLE,0,0,0,0,7,2,6,1070,PULASKI RD,41.808354,-87.559092,06/19/2023 07:38:00 AM,2023
CR00022449,05/28/2024 11:42:00 AM,30,CLEAR,DARKNESS,TURNING,NOT DIVIDED,NO CONTROLS,UNABLE TO DETERMINE,DISTRACTION - FROM INSIDE VEHICLE,0,2,0,2,11,3,5,1269,ASHLAND AVE,41.810923,-87.550801,05/28/2024 01:28:00 PM,2024
CR00022450,11/23/2020 01:57:00 AM,35,CLEAR,DARKNESS,REAR TO FRONT,ONE-WAY,TRAFFIC SIGNAL,DRIVING SKILLS/KNOWLEDGE/EXPERIENCE,FAILING TO REDUCE SPEED,0,1,1,2,1,2,11,2111,DAMEN AVE,41.937122,-87.795512,11/23/2020 03:11:00 AM,2020
CR00022451,08/20/2016 05:18:00 PM,25,CLEAR,DAYLIGHT,ANGLE,DIVIDED - W/MEDIAN BARRIER,STOP SIGN/FLASHER,DISREGARDING TRAFFIC SIGNALS,IMPROPER OVERTAKING/PASSING,0,1,1,2,17,7,8,482,BROADWAY,41.768087,-87.830977,08/20/2016 06:50:00 PM,2016
CR00022452,09/09/2023 02:26:00 PM,40,CLEAR,DAYLIGHT,TURNING,NOT DIVIDED,TRAFFIC SIGNAL,UNABLE TO DETERMINE,UNABLE TO DETERMINE,0,0,0,0,14,7,9,1641,79TH ST,41.785484,-87.676979,09/09/2023 03:54:00 PM,2023
CR00022453,04/12/2016 09:25:00 PM,30,CLEAR,DAYLIGHT,REAR END,ONE-WAY,YIELD,FAILING TO YIELD RIGHT-OF-WAY,UNABLE TO DETERMINE,0,0,0,0,21,3,4,1081,DAMEN AVE,41.72983,-87.537547,04/12/2016 10:46:00 PM,2016
CR00022454,05/27/2021 12:26:00 AM,40,CLEAR,DAYLIGHT,FIXED OBJECT,DIVIDED - W/MEDIAN BARRIER,UNKNOWN,IMPROPER LANE USAGE,NOT APPLICABLE,0,0,0,0,0,5,5,461,63RD ST,41.716961,-87.529582,05/27/2021 02:20:00 AM,2021
CR00022455,08/31/2021 12:34:00 PM,30,CLOUDY/OVERCAST,DARKNESS - LIGHTED ROAD,SIDESWIPE SAME DIRECTION,ONE-WAY,UNKNOWN,FOLLOWING TOO CLOSELY,FAILING TO YIELD RIGHT-OF-WAY,0,0,0,0,12,3,8,1811,CICERO AVE,41.791242,-87.580445,08/31/2021 01:43:00 PM,2021
CR00022456,09/20/2024 04:55:00 PM,30,RAIN,DAYLIGHT,SIDESWIPE SAME DIRECTION,T-INTERSECTION,TRAFFIC SIGNAL,UNABLE TO DETERMINE,DRIVING SKILLS/KNOWLEDGE/EXPERIENCE,0,0,0,0,16,6,9,1725,FULLERTON AVE,41.730898,-87.621549,09/20/2024 05:49:00 PM,2024
CR00022457,05/29/2015 11:58:00 AM,25,CLOUDY/OVERCAST,DARKNESS - LIGHTED ROAD,ANGLE,DIVIDED - W/MEDIAN (NOT RAISED),STOP SIGN/FLASHER,IMPROPER OVERTAKING/PASSING,DISREGARDING TRAFFIC SIGNALS,0,0,0,0,11,6,5,988,WESTERN AVE,41.948131,-87.535601,05/29/2015 12:04:00 PM,2015
CR00022458,06/23/2015 11:03:00 PM,40,CLEAR,DAYLIGHT,SIDESWIPE SAME DIRECTION,DIVIDED - W/MEDIAN (NOT RAISED),UNKNOWN,DRIVING SKILLS/KNOWLEDGE/EXPERIENCE,DISTRACTION - FROM INSIDE VEHICLE,0,0,0,0,23,3,6,862,CLARK ST,41.901974,-87.71799,06/24/2015 12:39:00 AM,2015
CR00022459,02/11/2018 03:03:00 PM,35,CLEAR,DAYLIGHT,TURNING,NOT DIVIDED,NO CONTROLS,DRIVING SKILLS/KNOWLEDGE/EXPERIENCE,UNABLE TO DETERMINE,0,0,0,0,15,1,2,124,BROADWAY,41.933103,-87.623437,02/11/2018 04:39:00 PM,2018
CR00022460,01/26/2017 10:51:00 AM,40,RAIN,DAYLIGHT,FIXED OBJECT,DIVIDED - W/MEDIAN BARRIER,STOP SIGN/FLASHER,UNABLE TO DETERMINE,FAILING TO REDUCE SPEED,0,0,0,0,10,5,1,2045,FULLERTON AVE,41.878014,-87.801041,01/26/2017 11:55:00 AM,2017
CR00022461,12/05/2020 10:20:00 AM,40,CLEAR,DAYLIGHT,ANGLE,ONE-WAY,TRAFFIC SIGNAL,WEATHER,FAILING TO REDUCE SPEED,0,0,0,0,10,7,12,667,PULASKI RD,41.849572,-87.825082,12/05/2020 10:26:00 AM,2020
CR00022462,08/12/2017 08:13:00 PM,30,CLEAR,DAYLIGHT,REAR END,DIVIDED - W/MEDIAN BARRIER,NO CONTROLS,FAILING TO YIELD RIGHT-OF-WAY,IMPROPER OVERTAKING/PASSING,0,0,1,1,20,7,8,2103,CLARK ST,41.732386,-87.721063,08/12/2017 08:31:00 PM,2017
CR00022463,09/30/2020 08:39:00 AM,20,CLEAR,DAYLIGHT,TURNING,NOT DIVIDED,UNKNOWN,DRIVING SKILLS/KNOWLEDGE/EXPERIENCE,UNABLE TO DETERMINE,0,0,0,0,8,4,9,2377,PULASKI RD,41.905922,-87.679107,09/30/2020 09:31:00 AM,2020
CR00022464,12/26/2020 05:28:00 PM,35,CLEAR,DAYLIGHT,TURNING,NOT DIVIDED,NO CONTROLS,WEATHER,FAILING TO YIELD RIGHT-OF-WAY,0,0,0,0,17,7,12,941,63RD ST,41.976734,-87.722744,12/26/2020 05:42:00 PM,2020
CR00022465,11/22/2015 04:35:00 AM,45,CLOUDY/OVERCAST,DARKNESS - LIGHTED ROAD,REAR END,DIVIDED - W/MEDIAN BARRIER,NO CONTROLS,DISREGARDING TRAFFIC SIGNALS,DISREGARDING TRAFFIC SIGNALS,0,0,1,1,4,1,11,865,63RD ST,41.878481,-87.7844,11/22/2015 05:15:00 AM,2015
CR00022466,07/10/2021 03:59:00 PM,35,CLEAR,DARKNESS - LIGHTED ROAD,PEDESTRIAN,DIVIDED - W/MEDIAN (NOT RAISED),STOP SIGN/FLASHER,FAILING TO REDUCE SPEED,UNABLE TO DETERMINE,0,0,1,1,15,7,7,1276,PULASKI RD,41.711568,-87.571877,07/10/2021 04:16:00 PM,2021
CR00022467,07/21/2017 12:01:00 PM,30,FOG/SMOKE/HAZE,DAYLIGHT,TURNING,DIVIDED - W/MEDIAN BARRIER,STOP SIGN/FLASHER,DRIVING SKILLS/KNOWLEDGE/EXPERIENCE,FAILING TO YIELD RIGHT-OF-WAY,0,0,0,0,12,6,7,882,HALSTED ST,41.840742,-87.800333,07/21/2017 01:34:00 PM,2017