CRASH_RECORD_ID,CRASH_DATE,POSTED_SPEED_LIMIT,WEATHER_CONDITION,LIGHTING_CONDITION,FIRST_CRASH_TYPE,TRAFFICWAY_TYPE,TRAFFIC_CONTROL_DEVICE,PRIM_CONTRIBUTORY_CAUSE,SEC_CONTRIBUTORY_CAUSE,INJURIES_FATAL,INJURIES_INCAPACITATING,INJURIES_NON_INCAPACITATING,INJURIES_TOTAL,CRASH_HOUR,CRASH_DAY_OF_WEEK,CRASH_MONTH,BEAT_OF_OCCURRENCE,STREET_NAME,LATITUDE,LONGITUDE,DATE_POLICE_NOTIFIED,year
CR00022468,05/28/2023 04:32:00 AM,20,CLEAR,DARKNESS - LIGHTED ROAD,SIDESWIPE SAME DIRECTION,DIVIDED - W/MEDIAN (NOT RAISED),NO CONTROLS,UNABLE TO DETERMINE,NOT APPLICABLE,0,0,0,0,4,1,5,1940,ASHLAND AVE,41.831653,-87.637373,05/28/2023 04:40:00 AM,2023
CR00022469,10/10/2020 11:01:00 PM,35,CLEAR,DARKNESS,TURNING,NOT DIVIDED,NO CONTROLS,FOLLOWING TOO CLOSELY,UNABLE TO DETERMINE,0,0,0,0,23,7,10,2139,LAKE SHORE DR,41.94528,-87.796603,10/10/2020 11:39:00 PM,2020
CR00022470,05/24/2015 07:05:00 PM,30,CLEAR,DARKNESS - LIGHTED ROAD,PARKED MOTOR VEHICLE,ONE-WAY,TRAFFIC SIGNAL,UNABLE TO DETERMINE,FAILING TO YIELD RIGHT-OF-WAY,0,0,0,0,19,1,5,1067,KEDZIE AVE,41.979541,-87.665678,05/24/2015 07:35:00 PM,2015
CR00022471,04/07/2019 03:04:00 AM,40,CLEAR,DARKNESS - LIGHTED ROAD,REAR END,DIVIDED - W/MEDIAN BARRIER,PEDESTRIAN CROSSING SIGN,DRIVING SKILLS/KNOWLEDGE/EXPERIENCE,UNABLE TO DETERMINE,0,0,0,0,3,1,4,246,KEDZIE AVE,41.749161,-87.746091,04/07/2019 03:35:00 AM,2019
CR00022472,05/06/2017 08:09:00 AM,15,CLEAR,DAYLIGHT,TURNING,ONE-WAY,NO CONTROLS,FOLLOWING TOO CLOSELY,FAILING TO YIELD RIGHT-OF-WAY,0,0,0,0,8,7,5,2155,CICERO AVE,41.744796,-87.558615,05/06/2017 08:57:00 AM,2017
CR00022473,09/01/2024 03:55:00 PM,40,CLEAR,DARKNESS,SIDESWIPE SAME DIRECTION,NOT DIVIDED,TRAFFIC SIGNAL,FAILING TO YIELD RIGHT-OF-WAY,NOT APPLICABLE,0,0,0,0,15,1,9,1229,DIVISION ST,41.870625,-87.824116,09/01/2024 05:09:00 PM,2024
CR00022474,12/11/2022 10:28:00 AM,20,CLEAR,DAYLIGHT,REAR TO FRONT,NOT DIVIDED,STOP SIGN/FLASHER,FOLLOWING TOO CLOSELY,UNABLE TO DETERMINE,0,0,0,0,10,1,12,1023,OGDEN AVE,41.766067,-87.766643,12/11/2022 10:36:00 AM,2022
CR00022475,07/18/2023 08:37:00 AM,30,RAIN,DARKNESS - LIGHTED ROAD,REAR END,DIVIDED - W/MEDIAN (NOT RAISED),NO CONTROLS,IMPROPER LANE USAGE,FAILING TO REDUCE SPEED,0,1,1,2,8,3,7,2264,63RD ST,41.781232,-87.702423,07/18/2023 09:56:00 AM,2023
CR00022476,09/08/2022 03:32:00 PM,45,FREEZING RAIN/DRIZZLE,DARKNESS - LIGHTED ROAD,SIDESWIPE SAME DIRECTION,DIVIDED - W/MEDIAN (NOT RAISED),UNKNOWN,IMPROPER OVERTAKING/PASSING,FAILING TO YIELD RIGHT-OF-WAY,0,1,1,2,15,5,9,525,MILWAUKEE AVE,41.920866,-87.707435,09/08/2022 04:32:00 PM,2022
CR00022477,08/22/2018 10:50:00 AM,20,CLEAR,DAYLIGHT,TURNING,FOUR WAY,STOP SIGN/FLASHER,UNABLE TO DETERMINE,DRIVING SKILLS/KNOWLEDGE/EXPERIENCE,0,0,0,0,10,4,8,2088,MICHIGAN AVE,41.832838,-87.682159,08/22/2018 11:53:00 AM,2018
CR00022478,08/31/2021 07:57:00 AM,25,CLEAR,DARKNESS,REAR TO FRONT,ONE-WAY,TRAFFIC SIGNAL,UNABLE TO DETERMINE,IMPROPER OVERTAKING/PASSING,0,0,0,0,7,3,8,2263,WESTERN AVE,41.732045,-87.848462,08/31/2021 09:04:00 AM,2021
CR00022479,01/10/2018 06:20:00 PM,25,CLEAR,DUSK,REAR END,NOT DIVIDED,STOP SIGN/FLASHER,UNABLE TO DETERMINE,FAILING TO YIELD RIGHT-OF-WAY,0,0,1,1,18,4,1,944,CALIFORNIA AVE,41.758512,-87.821112,01/10/2018 07:56:00 PM,2018
CR00022480,09/03/2018 06:01:00 AM,25,CLOUDY/OVERCAST,DAYLIGHT,REAR END,FOUR WAY,YIELD,FOLLOWING TOO CLOSELY,FOLLOWING TOO CLOSELY,0,0,2,2,6,2,9,166,HALSTED ST,41.812221,-87.548872,09/03/2018 07:02:00 AM,2018
CR00022481,07/03/2019 06:22:00 PM,40,CLOUDY/OVERCAST,DARKNESS - LIGHTED ROAD,ANGLE,DIVIDED - W/MEDIAN BARRIER,STOP SIGN/FLASHER,FOLLOWING TOO CLOSELY,UNABLE TO DETERMINE,0,0,3,3,18,4,7,442,OGDEN AVE,41.752946,-87.794809,07/03/2019 07:37:00 PM,2019
CR00022482,09/12/2016 05:18:00 PM,30,CLEAR,DARKNESS,REAR END,NOT DIVIDED,NO CONTROLS,FOLLOWING TOO CLOSELY,FAILING TO YIELD RIGHT-OF-WAY,0,0,0,0,17,2,9,1954,ASHLAND AVE,41.899731,-87.528416,09/12/2016 06:33:00 PM,2016
CR00022483,04/18/2023 01:59:00 PM,25,CLEAR,DAYLIGHT,ANGLE,ONE-WAY,NO CONTROLS,IMPROPER OVERTAKING/PASSING,UNABLE TO DETERMINE,0,2,1,3,13,3,4,2367,MILWAUKEE AVE,41.853485,-87.536659,04/18/2023 02:53:00 PM,2023
CR00022484,04/03/2017 03:40:00 PM,45,CLEAR,DAYLIGHT,SIDESWIPE SAME DIRECTION,DIVIDED - W/MEDIAN BARRIER,UNKNOWN,UNABLE TO DETERMINE,FOLLOWING TOO CLOSELY,0,0,3,3,15,2,4,780,MICHIGAN AVE,41.963834,-87.597798,04/03/2017 03:56:00 PM,2017
CR00022485,02/17/2016 08:44:00 AM,45,CLEAR,DARKNESS,REAR END,DIVIDED - W/MEDIAN (NOT RAISED),PEDESTRIAN CROSSING SIGN,FAILING TO YIELD RIGHT-OF-WAY,NOT APPLICABLE,0,0,0,0,8,4,2,2460,FULLERTON AVE,41.984825,-87.640646,02/17/2016 09:53:00 AM,2016
CR00022486,01/31/2018 07:38:00 PM,20,CLEAR,DARKNESS - LIGHTED ROAD,TURNING,ONE-WAY,NO CONTROLS,FAILING TO YIELD RIGHT-OF-WAY,FAILING TO YIELD RIGHT-OF-WAY,0,0,2,2,19,4,1,2432,79TH ST,41.783159,-87.545515,01/31/2018 09:14:00 PM,2018
CR00022487,12/09/2024 08:16:00 AM,15,CLOUDY/OVERCAST,DAYLIGHT,SIDESWIPE SAME DIRECTION,DIVIDED - W/MEDIAN BARRIER,NO CONTROLS,FAILING TO YIELD RIGHT-OF-WAY,FOLLOWING TOO CLOSELY,0,0,0,0,8,2,12,1716,FULLERTON AVE,41.76904,-87.622053,12/09/2024 10:01:00 AM,2024
CR00022488,06/10/2015 06:29:00 PM,30,CLEAR,DAYLIGHT,REAR END,ONE-WAY,TRAFFIC SIGNAL,FOLLOWING TOO CLOSELY,UNABLE TO DETERMINE,0,0,0,0,18,4,6,887,MILWAUKEE AVE,41.872179,-87.510227,06/10/2015 06:40:00 PM,2015
CR00022489,10/30/2017 04:21:00 PM,40,CLEAR,DAYLIGHT,ANGLE,DIVIDED - W/MEDIAN (NOT RAISED),YIELD,DRIVING SKILLS/KNOWLEDGE/EXPERIENCE,IMPROPER LANE USAGE,0,0,0,0,16,2,10,2479,CLARK ST,41.859398,-87.828638,10/30/2017 06:02:00 PM,2017
CR00022490,01/05/2021 04:23:00 AM,30,CLEAR,DAYLIGHT,REAR TO FRONT,ONE-WAY,NO CONTROLS,FOLLOWING TOO CLOSELY,UNABLE TO DETERMINE,0,0,0,0,4,3,1,2415,CALIFORNIA AVE,41.964213,-87.520412,01/05/2021 06:10:00 AM,2021
CR00022491,04/22/2024 06:50:00 AM,40,CLEAR,DAYLIGHT,TURNING,DIVIDED - W/MEDIAN (NOT RAISED),TRAFFIC SIGNAL,FAILING TO YIELD RIGHT-OF-WAY,UNABLE TO DETERMINE,0,0,1,1,6,2,4,1843,IRVING PARK RD,41.882129,-87.680124,04/22/2024 08:01:00 AM,2024
CR00022492,05/23/2019 04:12:00 PM,25,SNOW,DAWN,PEDESTRIAN,NOT DIVIDED,STOP SIGN/FLASHER,DISTRACTION - FROM INSIDE VEHICLE,UNABLE TO DETERMINE,0,0,0,0,16,5,5,1003,CALIFORNIA AVE,41.957261,-87.633621,05/23/2019 05:07:00 PM,2019
CR00022493,08/27/2016 12:26:00 PM,30,CLOUDY/OVERCAST,DAYLIGHT,REAR TO FRONT,ONE-WAY,NO CONTROLS,UNABLE TO DETERMINE,NOT APPLICABLE,0,0,0,0,12,7,8,283,OGDEN AVE,41.802554,-87.505443,08/27/2016 01:22:00 PM,2016
CR00022494,09/09/2017 02:53:00 PM,30,RAIN,DAYLIGHT,FIXED OBJECT,FOUR WAY,TRAFFIC SIGNAL,FOLLOWING TOO CLOSELY,UNABLE TO DETERMINE,0,0,0,0,14,7,9,501,DAMEN AVE,41.971813,-87.570229,09/09/2017 04:12:00 PM,2017
CR00022495,05/11/2021 08:03:00 AM,40,CLEAR,DAYLIGHT,REAR END,DIVIDED - W/MEDIAN BARRIER,NO CONTROLS,FOLLOWING TOO CLOSELY,NOT APPLICABLE,0,0,0,0,8,3,5,675,DAMEN AVE,41.742696,-87.760736,05/11/2021 09:59:00 AM,2021
CR00022496,08/09/2023 02:27:00 PM,30,CLEAR,DAYLIGHT,TURNING,NOT DIVIDED,TRAFFIC SIGNAL,FAILING TO YIELD RIGHT-OF-WAY,DISTRACTION - FROM INSIDE VEHICLE,0,0,0,0,14,4,8,902,ELSTON AVE,41.875536,-87.622962,08/09/2023 02:57:00 PM,2023
CR00022497,05/03/2016 02:20:00 PM,15,CLEAR,DAYLIGHT,REAR END,NOT DIVIDED,TRAFFIC SIGNAL,DISREGARDING TRAFFIC SIGNALS,FOLLOWING TOO CLOSELY,0,0,0,0,14,3,5,863,STONY ISLAND AVE,41.907049,-87.778946,05/03/2016 04:20:00 PM,2016
CR00022498,08/17/2017 08:01:00 AM,20,CLEAR,DAYLIGHT,SIDESWIPE SAME DIRECTION,T-INTERSECTION,NO CONTROLS,FAILING TO YIELD RIGHT-OF-WAY,NOT APPLICABLE,0,0,0,0,8,5,8,1077,CLARK ST,41.74653,-87.530289,08/17/2017 08:13:00 AM,2017
CR00022499,06/22/2021 07:53:00 PM,25,CLEAR,DAYLIGHT,REAR TO FRONT,FOUR WAY,STOP SIGN/FLASHER,UNABLE TO DETERMINE,UNABLE TO DETERMINE,0,0,3,3,19,3,6,377,CICERO AVE,41.884147,-87.742714,06/22/2021 08:31:00 PM,2021
CR00022500,07/12/2024 02:42:00 PM,30,CLEAR,DARKNESS - LIGHTED ROAD,SIDESWIPE SAME DIRECTION,DIVIDED - W/MEDIAN BARRIER,TRAFFIC SIGNAL,UNABLE TO DETERMINE,IMPROPER LANE USAGE,0,0,0,0,14,6,7,1171,MILWAUKEE AVE,41.86253,-87.552337,07/12/2024 03:08:00 PM,2024
CR00022501,04/21/2018 03:47:00 PM,45,CLEAR,DAYLIGHT,TURNING,ONE-WAY,NO CONTROLS,UNABLE TO DETERMINE,DRIVING SKILLS/KNOWLEDGE/EXPERIENCE,0,0,0,0,15,7,4,2181,OGDEN AVE,41.777156,-87.798333,04/21/2018 05:47:00 PM,2018
CR00022502,07/27/2022 05:53:00 PM,30,CLEAR,DARKNESS - LIGHTED ROAD,REAR END,NOT DIVIDED,NO CONTROLS,UNABLE TO DETERMINE,FOLLOWING TOO CLOSELY,0,0,0,0,17,4,7,1481,KEDZIE AVE,41.843298,-87.738821,07/27/2022 06:28:00 PM,2022
CR00022503,03/02/2018 04:44:00 PM,45,CLEAR,DAYLIGHT,SIDESWIPE SAME DIRECTION,NOT DIVIDED,UNKNOWN,FAILING TO YIELD RIGHT-OF-WAY,DISTRACTION - FROM INSIDE VEHICLE,0,0,0,0,16,6,3,2147,47TH ST,41.854252,-87.629756,03/02/2018 06:00:00 PM,2018
CR00022504,03/18/2015 08:23:00 PM,45,CLEAR,DARKNESS - LIGHTED ROAD,SIDESWIPE SAME DIRECTION,DIVIDED - W/MEDIAN (NOT RAISED),TRAFFIC SIGNAL,IMPROPER LANE USAGE,DRIVING SKILLS/KNOWLEDGE/EXPERIENCE,0,0,1,1,20,4,3,2312,LAKE SHORE DR,41.935695,-87.677505,03/18/2015 10:06:00 PM,2015
CR00022505,02/24/2020 12:00:00 PM,15,CLEAR,DAWN,PEDESTRIAN,NOT DIVIDED,STOP SIGN/FLASHER,DISREGARDING TRAFFIC SIGNALS,DISTRACTION - FROM INSIDE VEHICLE,0,1,1,2,12,2,2,907,HALSTED ST,41.992876,-87.643031,02/24/2020 01:50:00 PM,2020
CR00022506,03/19/2020 08:36:00 PM,35,RAIN,DARKNESS - LIGHTED ROAD,ANGLE,DIVIDED - W/MEDIAN (NOT RAISED),NO CONTROLS,UNABLE TO DETERMINE,FAILING TO YIELD RIGHT-OF-WAY,0,0,0,0,20,5,3,2209,STONY ISLAND AVE,41.886936,-87.740142,03/19/2020 08:37:00 PM,2020
CR00022507,06/28/2022 07:14:00 PM,30,CLEAR,DAYLIGHT,REAR END,NOT DIVIDED,TRAFFIC SIGNAL,FAILING TO YIELD RIGHT-OF-WAY,NOT APPLICABLE,0,0,1,1,19,3,6,1419,PULASKI RD,41.922761,-87.639962,06/28/2022 08:36:00 PM,2022
CR00022508,11/06/2020 05:05:00 AM,15,CLEAR,DAYLIGHT,TURNING,NOT DIVIDED,TRAFFIC SIGNAL,DISREGARDING TRAFFIC SIGNALS,NOT APPLICABLE,0,0,0,0,5,6,11,751,CICERO AVE,41.980892,-87.695111,11/06/2020 06:11:00 AM,2020
CR00022509,03/19/2022 02:41:00 PM,15,CLEAR,DAYLIGHT,REAR END,ONE-WAY,UNKNOWN,DISREGARDING TRAFFIC SIGNALS,FAILING TO REDUCE SPEED,0,0,0,0,14,7,3,1148,DAMEN AVE,41.864776,-87.597758,03/19/2022 03:12:00 PM,2022
CR00022510,06/29/2024 03:41:00 PM,20,CLEAR,DAYLIGHT,TURNING,NOT DIVIDED,NO CONTROLS,FAILING TO REDUCE SPEED,FAILING TO YIELD RIGHT-OF-WAY,0,0,1,1,15,7,6,2110,OGDEN AVE,41.887419,-87.503153,06/29/2024 05:00:00 PM,2024
CR00022511,04/10/2018 02:22:00 AM,35,RAIN,DUSK,ANGLE,NOT DIVIDED,STOP SIGN/FLASHER,FOLLOWING TOO CLOSELY,FOLLOWING TOO CLOSELY,0,0,1,1,2,3,4,905,ASHLAND AVE,41.846462,-87.727704,04/10/2018 02:53:00 AM,2018
CR00022512,05/16/2019 06:09:00 AM,20,CLEAR,DAYLIGHT,SIDESWIPE SAME DIRECTION,NOT DIVIDED,UNKNOWN,DRIVING SKILLS/KNOWLEDGE/EXPERIENCE,UNABLE TO DETERMINE,0,0,0,0,6,5,5,815,CICERO AVE,41.729606,-87.651826,05/16/2019 06:18:00 AM,2019
CR00022513,06/15/2018 11:09:00 AM,15,CLEAR,DAYLIGHT,REAR END,DIVIDED - W/MEDIAN (NOT RAISED),NO CONTROLS,UNABLE TO DETERMINE,FAILING TO YIELD RIGHT-OF-WAY,0,0,2,2,11,6,6,2376,ROOSEVELT RD,41.904693,-87.803202,06/15/2018 12:40:00 PM,2018
CR00022514,08/31/2021 06:06:00 AM,35,SNOW,DAYLIGHT,REAR END,NOT DIVIDED,TRAFFIC SIGNAL,UNABLE TO DETERMINE,FAILING TO YIELD RIGHT-OF-WAY,0,0,0,0,6,3,8,811,CLARK ST,41.734195,-87.79333,08/31/2021 07:14:00 AM,2021
CR00022515,07/05/2019 05:07:00 AM,30,CLOUDY/OVERCAST,DARKNESS - LIGHTED ROAD,REAR END,NOT DIVIDED,TRAFFIC SIGNAL,DISREGARDING TRAFFIC SIGNALS,DISTRACTION - FROM INSIDE VEHICLE,0,0,0,0,5,6,7,2465,MILWAUKEE AVE,41.869249,-87.628154,07/05/2019 06:51:00 AM,2019
CR00022516,04/15/2018 12:40:00 AM,30,CLEAR,DARKNESS - LIGHTED ROAD,SIDESWIPE SAME DIRECTION,ONE-WAY,TRAFFIC SIGNAL,FAILING TO YIELD RIGHT-OF-WAY,NOT APPLICABLE,0,0,0,0,0,1,4,494,PULASKI RD,41.994903,-87.729374,04/15/2018 01:00:00 AM,2018
CR00022517,12/29/2019 11:02:00 AM,25,CLEAR,DAYLIGHT,REAR END,ONE-WAY,NO CONTROLS,FAILING TO YIELD RIGHT-OF-WAY,FOLLOWING TOO CLOSELY,0,0,1,1,11,1,12,127,MILWAUKEE AVE,41.71828,-87.690238,12/29/2019 11:15:00 AM,2019
CR00022518,12/29/2023 10:54:00 PM,30,CLEAR,DARKNESS - LIGHTED ROAD,REAR END,NOT DIVIDED,TRAFFIC SIGNAL,FAILING TO YIELD RIGHT-OF-WAY,DISREGARDING TRAFFIC SIGNALS,0,0,1,1,22,6,12,481,LAKE SHORE DR,41.858266,-87.72507,12/29/2023 11:51:00 PM,2023
CR00022519,02/12/2015 11:27:00 AM,35,CLEAR,DAYLIGHT,TURNING,ONE-WAY,TRAFFIC SIGNAL,UNABLE TO DETERMINE,FOLLOWING TOO CLOSELY,0,1,1,2,11,5,2,625,OGDEN AVE,41.791496,-87.5524,02/12/2015 01:13:00 PM,2015
CR00022520,10/19/2018 03:25:00 PM,45,CLEAR,DAYLIGHT,REAR END,T-INTERSECTION,STOP SIGN/FLASHER,DRIVING SKILLS/KNOWLEDGE/EXPERIENCE,UNABLE TO DETERMINE,0,0,2,2,15,6,10,1548,BROADWAY,41.842803,-87.55831,10/19/2018 04:51:00 PM,2018
CR00022521,08/16/2022 09:59:00 AM,30,FREEZING RAIN/DRIZZLE,DARKNESS - LIGHTED ROAD,REAR END,NOT DIVIDED,NO CONTROLS,WEATHER,FAILING TO YIELD RIGHT-OF-WAY,0,0,0,0,9,3,8,2327,MICHIGAN AVE,41.718087,-87.618064,08/16/2022 10:07:00 AM,2022
CR00022522,10/25/2016 11:36:00 AM,15,CLEAR,DAYLIGHT,PARKED MOTOR VEHICLE,NOT DIVIDED,PEDESTRIAN CROSSING SIGN,DRIVING SKILLS/KNOWLEDGE/EXPERIENCE,DISREGARDING TRAFFIC SIGNALS,0,0,0,0,11,3,10,2009,ARCHER AVE,41.731982,-87.711055,10/25/2016 12:11:00 PM,2016
CR00022523,09/01/2018 03:32:00 AM,25,CLEAR,DAYLIGHT,SIDESWIPE SAME DIRECTION,NOT DIVIDED,TRAFFIC SIGNAL,FAILING TO REDUCE SPEED,FAILING TO YIELD RIGHT-OF-WAY,0,0,0,0,3,7,9,1612,CICERO AVE,41.778103,-87.53105,09/01/2018 04:24:00 AM,2018
CR00022524,09/03/2019 05:14:00 AM,35,RAIN,DAYLIGHT,REAR END,DIVIDED - W/MEDIAN (NOT RAISED),TRAFFIC SIGNAL,IMPROPER LANE USAGE,NOT APPLICABLE,0,2,0,2,5,3,9,893,HALSTED ST,41.994136,-87.704488,09/03/2019 06:17:00 AM,2019
CR00022525,06/20/2022 03:54:00 PM,30,CLEAR,DARKNESS - LIGHTED ROAD,REAR END,T-INTERSECTION,NO CONTROLS,DRIVING SKILLS/KNOWLEDGE/EXPERIENCE,UNABLE TO DETERMINE,0,0,1,1,15,2,6,1676,MICHIGAN AVE,41.80343,-87.824959,06/20/2022 04:43:00 PM,2022
CR00022526,09/19/2016 03:57:00 PM,30,FREEZING RAIN/DRIZZLE,DAYLIGHT,REAR END,DIVIDED - W/MEDIAN BARRIER,TRAFFIC SIGNAL,UNABLE TO DETERMINE,WEATHER,0,0,3,3,15,2,9,473,LAKE SHORE DR,41.985365,-87.520154,09/19/2016 04:44:00 PM,2016
CR00022527,03/07/2015 03:40:00 PM,30,RAIN,DAYLIGHT,ANGLE,T-INTERSECTION,TRAFFIC SIGNAL,FAILING TO YIELD RIGHT-OF-WAY,IMPROPER LANE USAGE,0,0,1,1,15,7,3,2293,79TH ST,41.769687,-87.689408,03/07/2015 04:45:00 PM,2015
CR00022528,02/26/2021 09:35:00 AM,30,FREEZING RAIN/DRIZZLE,DARKNESS,ANGLE,NOT DIVIDED,NO CONTROLS,UNABLE TO DETERMINE,IMPROPER OVERTAKING/PASSING,0,0,0,0,9,6,2,581,CLARK ST,41.974508,-87.710151,02/26/2021 09:57:00 AM,2021
CR00022529,08/07/2024 10:23:00 AM,35,CLEAR,DAYLIGHT,FIXED OBJECT,T-INTERSECTION,STOP SIGN/FLASHER,IMPROPER OVERTAKING/PASSING,DISREGARDING TRAFFIC SIGNALS,0,0,0,0,10,4,8,381,KEDZIE AVE,41.896082,-87.547708,08/07/2024 10:46:00 AM,2024
CR00022530,03/17/2020 03:52:00 PM,25,CLEAR,DAYLIGHT,REAR END,ONE-WAY,NO CONTROLS,IMPROPER OVERTAKING/PASSING,FOLLOWING TOO CLOSELY,0,0,1,1,15,3,3,624,IRVING PARK RD,41.922542,-87.52122,03/17/2020 04:32:00 PM,2020
CR00022531,12/27/2018 07:50:00 PM,25,SNOW,DAYLIGHT,ANGLE,NOT DIVIDED,UNKNOWN,DRIVING SKILLS/KNOWLEDGE/EXPERIENCE,FAILING TO YIELD RIGHT-OF-WAY,0,0,1,1,19,5,12,1494,MICHIGAN AVE,41.934704,-87.839908,12/27/2018 07:53:00 PM,2018
CR00022532,10/29/2023 06:20:00 AM,45,RAIN,DAYLIGHT,REAR END,DIVIDED - W/MEDIAN BARRIER,STOP SIGN/FLASHER,FAILING TO YIELD RIGHT-OF-WAY,UNABLE TO DETERMINE,0,0,0,0,6,1,10,520,STONY ISLAND AVE,41.977687,-87.625147,10/29/2023 07:16:00 AM,2023
CR00022533,06/14/2020 05:07:00 PM,35,CLEAR,DARKNESS - LIGHTED ROAD,TURNING,DIVIDED - W/MEDIAN (NOT RAISED),STOP SIGN/FLASHER,UNABLE TO DETERMINE,NOT APPLICABLE,0,0,0,0,17,1,6,922,ROOSEVELT RD,41.975083,-87.530922,06/14/2020 05:46:00 PM,2020
CR00022534,02/28/2021 05:55:00 PM,35,CLOUDY/OVERCAST,DAYLIGHT,SIDESWIPE SAME DIRECTION,NOT DIVIDED,NO CONTROLS,FAILING TO REDUCE SPEED,UNABLE TO DETERMINE,0,0,0,0,17,1,2,1456,CLARK ST,41.90478,-87.624549,02/28/2021 07:50:00 PM,2021
CR00022535,10/13/2024 08:38:00 AM,45,RAIN,DAYLIGHT,REAR END,ONE-WAY,TRAFFIC SIGNAL,DISREGARDING TRAFFIC SIGNALS,DISTRACTION - FROM INSIDE VEHICLE,0,0,2,2,8,1,10,1996,DIVISION ST,41.746153,-87.549764,10/13/2024 09:23:00 AM,2024
CR00022536,07/10/2018 04:15:00 PM,30,CLEAR,DAYLIGHT,SIDESWIPE SAME DIRECTION,NOT DIVIDED,NO CONTROLS,FAILING TO YIELD RIGHT-OF-WAY,DRIVING SKILLS/KNOWLEDGE/EXPERIENCE,0,0,0,0,16,3,7,1687,DIVISION ST,41.946393,-87.71812,07/10/2018 06:02:00 PM,2018
CR00022537,12/23/2021 06:10:00 PM,30,CLEAR,DUSK,TURNING,DIVIDED - W/MEDIAN (NOT RAISED),UNKNOWN,FAILING TO YIELD RIGHT-OF-WAY,FAILING TO REDUCE SPEED,0,0,1,1,18,5,12,811,HALSTED ST,41.967168,-87.773304,12/23/2021 07:13:00 PM,2021
CR00022538,11/18/2016 07:33:00 AM,45,CLEAR,DAYLIGHT,REAR END,DIVIDED - W/MEDIAN (NOT RAISED),STOP SIGN/FLASHER,IMPROPER OVERTAKING/PASSING,NOT APPLICABLE,0,1,2,3,7,6,11,1003,DAMEN AVE,41.924134,-87.816869,11/18/2016 08:31:00 AM,2016
CR00022539,05/08/2017 01:06:00 PM,35,CLEAR,DARKNESS - LIGHTED ROAD,PARKED MOTOR VEHICLE,ONE-WAY,NO CONTROLS,UNABLE TO DETERMINE,UNABLE TO DETERMINE,0,0,0,0,13,2,5,386,OGDEN AVE,41.909606,-87.58652,05/08/2017 01:13:00 PM,2017
CR00022540,12/07/2020 01:44:00 AM,20,CLEAR,DARKNESS - LIGHTED ROAD,TURNING,NOT DIVIDED,UNKNOWN,FAILING TO YIELD RIGHT-OF-WAY,DISREGARDING TRAFFIC SIGNALS,0,0,3,3,1,2,12,837,ELSTON AVE,41.77744,-87.554781,12/07/2020 01:59:00 AM,2020
CR00022541,05/06/2022 01:33:00 AM,25,CLEAR,DAYLIGHT,TURNING,DIVIDED - W/MEDIAN BARRIER,NO CONTROLS,UNABLE TO DETERMINE,DISTRACTION - FROM INSIDE VEHICLE,0,0,0,0,1,6,5,2057,STONY ISLAND AVE,41.930351,-87.660868,05/06/2022 01:38:00 AM,2022
CR00022542,05/25/2018 10:06:00 PM,35,RAIN,DAYLIGHT,PARKED MOTOR VEHICLE,NOT DIVIDED,STOP SIGN/FLASHER,UNABLE TO DETERMINE,NOT APPLICABLE,0,0,0,0,22,6,5,1078,ASHLAND AVE,41.948315,-87.822104,05/25/2018 10:41:00 PM,2018
CR00022543,06/24/2021 06:36:00 PM,25,RAIN,DAYLIGHT,REAR END,ONE-WAY,TRAFFIC SIGNAL,IMPROPER OVERTAKING/PASSING,NOT APPLICABLE,0,0,0,0,18,5,6,2396,CICERO AVE,41.707582,-87.555366,06/24/2021 07:37:00 PM,2021
CR00022544,04/25/2019 07:41:00 PM,45,CLEAR,DAYLIGHT,FIXED OBJECT,FOUR WAY,STOP SIGN/FLASHER,IMPROPER OVERTAKING/PASSING,NOT APPLICABLE,0,0,0,0,19,5,4,1696,HALSTED ST,41.881724,-87.799449,04/25/2019 09:01:00 PM,2019
CR00022545,09/06/2015 03:31:00 PM,35,CLEAR,DAYLIGHT,SIDESWIPE SAME DIRECTION,NOT DIVIDED,NO CONTROLS,DISTRACTION - FROM INSIDE VEHICLE,NOT APPLICABLE,0,1,3,4,15,1,9,2026,WESTERN AVE,41.959153,-87.845011,09/06/2015 04:28:00 PM,2015
CR00022546,05/17/2021 06:34:00 PM,15,RAIN,DARKNESS - LIGHTED ROAD,REAR END,ONE-WAY,NO CONTROLS,IMPROPER OVERTAKING/PASSING,DRIVING SKILLS/KNOWLEDGE/EXPERIENCE,0,0,0,0,18,2,5,1952,ASHLAND AVE,41.765364,-87.538421,05/17/2021 07:06:00 PM,2021
CR00022547,03/09/2023 09:44:00 PM,35,SNOW,DAYLIGHT,REAR END,DIVIDED - W/MEDIAN BARRIER,NO CONTROLS,UNABLE TO DETERMINE,FAILING TO YIELD RIGHT-OF-WAY,0,0,1,1,21,5,3,2284,ASHLAND AVE,41.992092,-87.636601,03/09/2023 11:11:00 PM,2023
CR00022548,11/12/2017 07:47:00 AM,15,CLEAR,DAYLIGHT,ANGLE,DIVIDED - W/MEDIAN (NOT RAISED),NO CONTROLS,FAILING TO YIELD RIGHT-OF-WAY,IMPROPER LANE USAGE,0,0,0,0,7,1,11,2386,63RD ST,41.701925,-87.513397,11/12/2017 08:54:00 AM,2017