CRASH_RECORD_ID,CRASH_DATE,POSTED_SPEED_LIMIT,WEATHER_CONDITION,LIGHTING_CONDITION,FIRST_CRASH_TYPE,TRAFFICWAY_TYPE,TRAFFIC_CONTROL_DEVICE,PRIM_CONTRIBUTORY_CAUSE,SEC_CONTRIBUTORY_CAUSE,INJURIES_FATAL,INJURIES_INCAPACITATING,INJURIES_NON_INCAPACITATING,INJURIES_TOTAL,CRASH_HOUR,CRASH_DAY_OF_WEEK,CRASH_MONTH,BEAT_OF_OCCURRENCE,STREET_NAME,LATITUDE,LONGITUDE,DATE_POLICE_NOTIFIED,year
CR00022549,10/04/2024 06:03:00 PM,35,CLOUDY/OVERCAST,DAYLIGHT,SIDESWIPE SAME DIRECTION,DIVIDED - W/MEDIAN BARRIER,NO CONTROLS,FAILING TO REDUCE SPEED,FOLLOWING TOO CLOSELY,0,0,0,0,18,6,10,1075,63RD ST,41.903407,-87.735623,10/04/2024 07:34:00 PM,2024
CR00022550,01/28/2024 04:23:00 AM,25,CLEAR,DAYLIGHT,REAR END,FOUR WAY,NO CONTROLS,UNABLE TO DETERMINE,NOT APPLICABLE,0,0,0,0,4,1,1,2433,KEDZIE AVE,41.88337,-87.796654,01/28/2024 06:08:00 AM,2024
CR00022551,06/02/2024 06:39:00 AM,35,CLEAR,DAYLIGHT,REAR END,DIVIDED - W/MEDIAN (NOT RAISED),NO CONTROLS,IMPROPER LANE USAGE,WEATHER,0,0,0,0,6,1,6,2320,ARCHER AVE,41.783317,-87.714126,06/02/2024 08:28:00 AM,2024
CR00022552,08/19/2020 03:03:00 PM,25,CLEAR,DARKNESS - LIGHTED ROAD,TURNING,NOT DIVIDED,NO CONTROLS,IMPROPER LANE USAGE,DRIVING SKILLS/KNOWLEDGE/EXPERIENCE,0,0,0,0,15,4,8,2532,FULLERTON AVE,41.772744,-87.553832,08/19/2020 04:19:00 PM,2020
CR00022553,05/09/2016 04:18:00 PM,45,RAIN,DARKNESS,REAR END,NOT DIVIDED,TRAFFIC SIGNAL,UNABLE TO DETERMINE,UNABLE TO DETERMINE,0,0,0,0,16,2,5,1585,HALSTED ST,41.730856,-87.637701,05/09/2016 05:33:00 PM,2016
CR00022554,11/18/2019 04:30:00 PM,30,CLEAR,DARKNESS,ANGLE,DIVIDED - W/MEDIAN (NOT RAISED),UNKNOWN,FAILING TO YIELD RIGHT-OF-WAY,FOLLOWING TOO CLOSELY,0,0,0,0,16,2,11,1603,LAKE SHORE DR,41.72445,-87.514538,11/18/2019 05:36:00 PM,2019
CR00022555,08/30/2019 05:52:00 AM,25,RAIN,DAYLIGHT,ANGLE,NOT DIVIDED,NO CONTROLS,UNABLE TO DETERMINE,UNABLE TO DETERMINE,0,0,0,0,5,6,8,2066,MICHIGAN AVE,41.852396,-87.811703,08/30/2019 05:54:00 AM,2019
CR00022556,02/24/2018 04:05:00 PM,25,CLEAR,DARKNESS,PARKED MOTOR VEHICLE,NOT DIVIDED,TRAFFIC SIGNAL,IMPROPER OVERTAKING/PASSING,UNABLE TO DETERMINE,0,0,0,0,16,7,2,1405,ARCHER AVE,41.850771,-87.747291,02/24/2018 05:41:00 PM,2018
CR00022557,03/12/2023 07:01:00 AM,25,CLEAR,DAWN,ANGLE,DIVIDED - W/MEDIAN (NOT RAISED),TRAFFIC SIGNAL,FOLLOWING TOO CLOSELY,FAILING TO YIELD RIGHT-OF-WAY,0,0,0,0,7,1,3,495,ARCHER AVE,41.90152,-87.576245,03/12/2023 07:47:00 AM,2023
CR00022558,08/27/2024 02:03:00 PM,35,RAIN,DAYLIGHT,TURNING,ONE-WAY,PEDESTRIAN CROSSING SIGN,FOLLOWING TOO CLOSELY,NOT APPLICABLE,0,0,0,0,14,3,8,1871,63RD ST,41.935764,-87.815774,08/27/2024 03:47:00 PM,2024
CR00022559,12/03/2017 03:47:00 PM,30,CLEAR,DAYLIGHT,ANGLE,DIVIDED - W/MEDIAN BARRIER,TRAFFIC SIGNAL,DRIVING SKILLS/KNOWLEDGE/EXPERIENCE,FOLLOWING TOO CLOSELY,0,0,0,0,15,1,12,1019,PULASKI RD,41.729232,-87.512456,12/03/2017 04:41:00 PM,2017
CR00022560,10/02/2020 03:23:00 PM,35,CLEAR,DAYLIGHT,PEDESTRIAN,DIVIDED - W/MEDIAN (NOT RAISED),YIELD,UNABLE TO DETERMINE,NOT APPLICABLE,0,0,0,0,15,6,10,2420,BROADWAY,41.762252,-87.520657,10/02/2020 03:45:00 PM,2020
CR00022561,04/14/2015 05:54:00 PM,20,CLEAR,DAYLIGHT,SIDESWIPE SAME DIRECTION,FOUR WAY,TRAFFIC SIGNAL,DISREGARDING TRAFFIC SIGNALS,DRIVING SKILLS/KNOWLEDGE/EXPERIENCE,0,0,0,0,17,3,4,2109,CALIFORNIA AVE,41.88202,-87.787681,04/14/2015 06:42:00 PM,2015
CR00022562,01/09/2021 03:36:00 PM,30,CLEAR,DUSK,PARKED MOTOR VEHICLE,NOT DIVIDED,NO CONTROLS,DISREGARDING TRAFFIC SIGNALS,NOT APPLICABLE,0,2,1,3,15,7,1,1215,CICERO AVE,41.708298,-87.65812,01/09/2021 04:17:00 PM,2021
CR00022563,11/04/2017 02:52:00 PM,30,CLEAR,DAYLIGHT,PARKED MOTOR VEHICLE,NOT DIVIDED,NO CONTROLS,FAILING TO YIELD RIGHT-OF-WAY,IMPROPER OVERTAKING/PASSING,0,2,1,3,14,7,11,2222,CICERO AVE,41.815421,-87.532239,11/04/2017 04:48:00 PM,2017
CR00022564,09/22/2020 10:14:00 AM,30,CLEAR,DAYLIGHT,ANGLE,NOT DIVIDED,TRAFFIC SIGNAL,DISTRACTION - FROM INSIDE VEHICLE,DISTRACTION - FROM INSIDE VEHICLE,0,0,0,0,10,3,9,2513,STATE ST,41.921744,-87.531142,09/22/2020 10:39:00 AM,2020
CR00022565,08/27/2020 07:39:00 AM,25,RAIN,DAYLIGHT,REAR END,NOT DIVIDED,STOP SIGN/FLASHER,DISTRACTION - FROM INSIDE VEHICLE,IMPROPER LANE USAGE,0,0,0,0,7,5,8,190,WESTERN AVE,41.709867,-87.784153,08/27/2020 08:31:00 AM,2020
CR00022566,05/05/2019 03:49:00 PM,30,CLEAR,DARKNESS - LIGHTED ROAD,TURNING,NOT DIVIDED,TRAFFIC SIGNAL,UNABLE TO DETERMINE,UNABLE TO DETERMINE,0,0,0,0,15,1,5,263,DIVISION ST,41.852665,-87.823576,05/05/2019 04:45:00 PM,2019
CR00022567,11/11/2016 11:08:00 PM,20,CLOUDY/OVERCAST,DARKNESS,REAR END,DIVIDED - W/MEDIAN BARRIER,TRAFFIC SIGNAL,UNABLE TO DETERMINE,NOT APPLICABLE,0,1,1,2,23,6,11,670,63RD ST,41.818628,-87.71857,11/11/2016 11:47:00 PM,2016
CR00022568,02/21/2022 07:26:00 PM,40,RAIN,DARKNESS - LIGHTED ROAD,FIXED OBJECT,DIVIDED - W/MEDIAN (NOT RAISED),UNKNOWN,FAILING TO YIELD RIGHT-OF-WAY,IMPROPER LANE USAGE,0,0,0,0,19,2,2,1121,IRVING PARK RD,41.979958,-87.552427,02/21/2022 08:36:00 PM,2022
CR00022569,06/20/2021 02:15:00 AM,30,SNOW,DAWN,PARKED MOTOR VEHICLE,DIVIDED - W/MEDIAN (NOT RAISED),NO CONTROLS,FAILING TO YIELD RIGHT-OF-WAY,FOLLOWING TOO CLOSELY,0,0,0,0,2,1,6,1672,MICHIGAN AVE,41.853687,-87.765127,06/20/2021 04:09:00 AM,2021
CR00022570,03/09/2017 08:38:00 AM,35,CLEAR,DAYLIGHT,SIDESWIPE SAME DIRECTION,T-INTERSECTION,NO CONTROLS,UNABLE TO DETERMINE,DRIVING SKILLS/KNOWLEDGE/EXPERIENCE,0,1,1,2,8,5,3,1014,PULASKI RD,41.892286,-87.765484,03/09/2017 10:24:00 AM,2017
CR00022571,06/29/2016 03:25:00 PM,30,CLEAR,DUSK,SIDESWIPE SAME DIRECTION,DIVIDED - W/MEDIAN (NOT RAISED),TRAFFIC SIGNAL,UNABLE TO DETERMINE,NOT APPLICABLE,0,0,0,0,15,4,6,2416,IRVING PARK RD,41.733469,-87.518101,06/29/2016 05:09:00 PM,2016
CR00022572,06/26/2024 05:18:00 AM,30,CLEAR,DAYLIGHT,SIDESWIPE SAME DIRECTION,DIVIDED - W/MEDIAN (NOT RAISED),STOP SIGN/FLASHER,FOLLOWING TOO CLOSELY,NOT APPLICABLE,0,0,0,0,5,4,6,2439,ROOSEVELT RD,41.744321,-87.657614,06/26/2024 05:19:00 AM,2024
CR00022573,12/15/2018 02:40:00 AM,45,RAIN,DAYLIGHT,PARKED MOTOR VEHICLE,T-INTERSECTION,STOP SIGN/FLASHER,UNABLE TO DETERMINE,NOT APPLICABLE,0,0,1,1,2,7,12,1475,BROADWAY,41.73783,-87.626507,12/15/2018 03:18:00 AM,2018
CR00022574,05/16/2020 03:51:00 PM,45,CLEAR,DAYLIGHT,SIDESWIPE SAME DIRECTION,ONE-WAY,TRAFFIC SIGNAL,IMPROPER LANE USAGE,DISTRACTION - FROM INSIDE VEHICLE,0,0,0,0,15,7,5,863,63RD ST,41.788066,-87.815056,05/16/2020 04:02:00 PM,2020
CR00022575,10/13/2017 12:57:00 PM,15,SNOW,DAWN,SIDESWIPE SAME DIRECTION,NOT DIVIDED,NO CONTROLS,FOLLOWING TOO CLOSELY,FAILING TO YIELD RIGHT-OF-WAY,0,0,2,2,12,6,10,1517,LAKE SHORE DR,41.72829,-87.587221,10/13/2017 02:28:00 PM,2017
CR00022576,07/26/2021 01:47:00 PM,25,CLOUDY/OVERCAST,DARKNESS - LIGHTED ROAD,PARKED MOTOR VEHICLE,NOT DIVIDED,TRAFFIC SIGNAL,DISTRACTION - FROM INSIDE VEHICLE,FAILING TO REDUCE SPEED,0,0,0,0,13,2,7,697,DIVISION ST,41.947611,-87.502576,07/26/2021 02:05:00 PM,2021
CR00022577,05/11/2021 05:37:00 PM,35,CLEAR,DAYLIGHT,REAR TO FRONT,DIVIDED - W/MEDIAN (NOT RAISED),TRAFFIC SIGNAL,FOLLOWING TOO CLOSELY,IMPROPER LANE USAGE,0,0,0,0,17,3,5,983,CICERO AVE,41.975151,-87.50199,05/11/2021 06:00:00 PM,2021
CR00022578,09/23/2015 03:35:00 PM,35,CLOUDY/OVERCAST,DAYLIGHT,REAR END,T-INTERSECTION,TRAFFIC SIGNAL,IMPROPER LANE USAGE,UNABLE TO DETERMINE,0,2,1,3,15,4,9,1206,PULASKI RD,41.897439,-87.804491,09/23/2015 04:21:00 PM,2015
CR00022579,10/12/2017 09:42:00 AM,25,CLEAR,DAYLIGHT,TURNING,DIVIDED - W/MEDIAN (NOT RAISED),TRAFFIC SIGNAL,UNABLE TO DETERMINE,FAILING TO YIELD RIGHT-OF-WAY,0,0,0,0,9,5,10,1018,WESTERN AVE,41.995123,-87.849761,10/12/2017 11:13:00 AM,2017
CR00022580,05/01/2023 06:15:00 PM,15,CLEAR,DARKNESS - LIGHTED ROAD,REAR END,DIVIDED - W/MEDIAN (NOT RAISED),NO CONTROLS,FAILING TO YIELD RIGHT-OF-WAY,FOLLOWING TOO CLOSELY,0,0,0,0,18,2,5,1201,STATE ST,41.846374,-87.503325,05/01/2023 07:01:00 PM,2023
CR00022581,02/10/2017 08:47:00 AM,35,CLEAR,DAYLIGHT,ANGLE,NOT DIVIDED,NO CONTROLS,UNABLE TO DETERMINE,DRIVING SKILLS/KNOWLEDGE/EXPERIENCE,0,1,3,4,8,6,2,736,ELSTON AVE,41.961151,-87.698045,02/10/2017 10:11:00 AM,2017
CR00022582,08/10/2023 02:52:00 PM,35,CLOUDY/OVERCAST,DARKNESS - LIGHTED ROAD,SIDESWIPE SAME DIRECTION,DIVIDED - W/MEDIAN (NOT RAISED),STOP SIGN/FLASHER,UNABLE TO DETERMINE,DRIVING SKILLS/KNOWLEDGE/EXPERIENCE,0,0,1,1,14,5,8,219,MILWAUKEE AVE,41.954265,-87.581366,08/10/2023 04:50:00 PM,2023
CR00022583,02/06/2019 05:40:00 PM,30,CLEAR,DAYLIGHT,PARKED MOTOR VEHICLE,FOUR WAY,STOP SIGN/FLASHER,DISTRACTION - FROM INSIDE VEHICLE,FAILING TO YIELD RIGHT-OF-WAY,0,0,0,0,17,4,2,215,KEDZIE AVE,41.767845,-87.6937,02/06/2019 06:48:00 PM,2019
CR00022584,01/18/2022 01:20:00 PM,45,CLEAR,DAYLIGHT,REAR END,NOT DIVIDED,NO CONTROLS,FAILING TO REDUCE SPEED,DRIVING SKILLS/KNOWLEDGE/EXPERIENCE,0,0,0,0,13,3,1,1307,HALSTED ST,41.935505,-87.601238,01/18/2022 02:47:00 PM,2022
CR00022585,04/18/2016 02:55:00 AM,25,CLEAR,DAYLIGHT,PARKED MOTOR VEHICLE,DIVIDED - W/MEDIAN BARRIER,STOP SIGN/FLASHER,UNABLE TO DETERMINE,NOT APPLICABLE,0,0,0,0,2,2,4,180,DAMEN AVE,41.720938,-87.658954,04/18/2016 04:54:00 AM,2016
CR00022586,01/02/2015 07:09:00 PM,25,SNOW,DAYLIGHT,TURNING,NOT DIVIDED,NO CONTROLS,FAILING TO YIELD RIGHT-OF-WAY,UNABLE TO DETERMINE,0,0,0,0,19,6,1,1875,STONY ISLAND AVE,41.831979,-87.524513,01/02/2015 08:19:00 PM,2015
CR00022587,03/01/2015 02:43:00 PM,30,CLEAR,DARKNESS - LIGHTED ROAD,REAR TO FRONT,NOT DIVIDED,NO CONTROLS,FOLLOWING TOO CLOSELY,FOLLOWING TOO CLOSELY,0,0,0,0,14,1,3,2385,OGDEN AVE,41.869255,-87.561101,03/01/2015 03:58:00 PM,2015
CR00022588,07/29/2018 05:45:00 PM,25,RAIN,DAYLIGHT,SIDESWIPE SAME DIRECTION,ONE-WAY,TRAFFIC SIGNAL,FOLLOWING TOO CLOSELY,FOLLOWING TOO CLOSELY,0,0,3,3,17,1,7,2148,HALSTED ST,41.792987,-87.844997,07/29/2018 06:39:00 PM,2018
CR00022589,02/22/2023 03:31:00 AM,40,CLEAR,DARKNESS - LIGHTED ROAD,PEDESTRIAN,DIVIDED - W/MEDIAN (NOT RAISED),STOP SIGN/FLASHER,FAILING TO YIELD RIGHT-OF-WAY,UNABLE TO DETERMINE,0,1,0,1,3,4,2,1631,STATE ST,41.942875,-87.563061,02/22/2023 04:01:00 AM,2023
CR00022590,09/09/2019 10:42:00 AM,35,RAIN,DAYLIGHT,ANGLE,ONE-WAY,PEDESTRIAN CROSSING SIGN,DISREGARDING TRAFFIC SIGNALS,NOT APPLICABLE,0,0,1,1,10,2,9,381,63RD ST,41.975945,-87.826563,09/09/2019 12:39:00 PM,2019
CR00022591,11/27/2016 11:44:00 AM,45,CLEAR,DAYLIGHT,PEDESTRIAN,NOT DIVIDED,TRAFFIC SIGNAL,FOLLOWING TOO CLOSELY,DISTRACTION - FROM INSIDE VEHICLE,0,0,0,0,11,1,11,1647,ELSTON AVE,41.997865,-87.788225,11/27/2016 01:34:00 PM,2016
CR00022592,02/28/2017 07:13:00 AM,45,CLEAR,DARKNESS,TURNING,DIVIDED - W/MEDIAN (NOT RAISED),STOP SIGN/FLASHER,IMPROPER LANE USAGE,FAILING TO YIELD RIGHT-OF-WAY,0,0,0,0,7,3,2,2437,KEDZIE AVE,41.717419,-87.822253,02/28/2017 07:24:00 AM,2017
CR00022593,02/20/2023 11:53:00 AM,40,RAIN,DAYLIGHT,REAR END,FOUR WAY,STOP SIGN/FLASHER,IMPROPER LANE USAGE,DRIVING SKILLS/KNOWLEDGE/EXPERIENCE,0,0,1,1,11,2,2,1303,WESTERN AVE,41.764168,-87.785978,02/20/2023 11:58:00 AM,2023
CR00022594,10/08/2017 05:47:00 PM,35,RAIN,DAYLIGHT,FIXED OBJECT,DIVIDED - W/MEDIAN (NOT RAISED),TRAFFIC SIGNAL,DRIVING SKILLS/KNOWLEDGE/EXPERIENCE,NOT APPLICABLE,0,0,1,1,17,1,10,2026,WESTERN AVE,41.955441,-87.545095,10/08/2017 07:37:00 PM,2017
CR00022595,11/05/2021 07:20:00 PM,15,CLEAR,DARKNESS - LIGHTED ROAD,PARKED MOTOR VEHICLE,DIVIDED - W/MEDIAN (NOT RAISED),YIELD,UNABLE TO DETERMINE,DISREGARDING TRAFFIC SIGNALS,0,0,0,0,19,6,11,1115,79TH ST,41.88429,-87.672438,11/05/2021 08:40:00 PM,2021
CR00022596,06/28/2023 05:29:00 PM,30,RAIN,DAWN,TURNING,DIVIDED - W/MEDIAN (NOT RAISED),NO CONTROLS,UNABLE TO DETERMINE,FOLLOWING TOO CLOSELY,0,0,0,0,17,4,6,926,FULLERTON AVE,41.951456,-87.797624,06/28/2023 06:40:00 PM,2023
CR00022597,10/18/2021 07:33:00 AM,20,CLEAR,DAYLIGHT,REAR END,DIVIDED - W/MEDIAN (NOT RAISED),TRAFFIC SIGNAL,DRIVING SKILLS/KNOWLEDGE/EXPERIENCE,FOLLOWING TOO CLOSELY,0,0,0,0,7,2,10,837,DAMEN AVE,41.863999,-87.839598,10/18/2021 08:47:00 AM,2021
CR00022598,11/20/2020 06:02:00 PM,40,CLEAR,DARKNESS - LIGHTED ROAD,REAR END,FOUR WAY,TRAFFIC SIGNAL,DRIVING SKILLS/KNOWLEDGE/EXPERIENCE,NOT APPLICABLE,0,0,0,0,18,6,11,1221,OGDEN AVE,41.946107,-87.844692,11/20/2020 07:24:00 PM,2020
CR00022599,04/08/2017 05:24:00 AM,20,CLEAR,DUSK,REAR END,NOT DIVIDED,STOP SIGN/FLASHER,UNABLE TO DETERMINE,FAILING TO YIELD RIGHT-OF-WAY,0,0,0,0,5,7,4,2018,LAKE SHORE DR,41.964638,-87.507437,04/08/2017 05:55:00 AM,2017
CR00022600,08/13/2022 03:03:00 PM,45,CLEAR,DUSK,REAR END,DIVIDED - W/MEDIAN (NOT RAISED),NO CONTROLS,DISREGARDING TRAFFIC SIGNALS,NOT APPLICABLE,0,0,0,0,15,7,8,1534,CALIFORNIA AVE,41.701103,-87.828085,08/13/2022 04:08:00 PM,2022
CR00022601,07/07/2023 09:35:00 AM,20,CLOUDY/OVERCAST,DAYLIGHT,TURNING,FOUR WAY,NO CONTROLS,FAILING TO REDUCE SPEED,WEATHER,0,0,0,0,9,6,7,1106,IRVING PARK RD,41.847369,-87.652311,07/07/2023 10:26:00 AM,2023
CR00022602,01/02/2023 03:32:00 PM,35,CLEAR,DAYLIGHT,ANGLE,ONE-WAY,TRAFFIC SIGNAL,UNABLE TO DETERMINE,DISTRACTION - FROM INSIDE VEHICLE,0,0,0,0,15,2,1,2201,BROADWAY,41.715325,-87.826206,01/02/2023 05:29:00 PM,2023
CR00022603,01/13/2018 02:30:00 PM,20,SNOW,DAYLIGHT,FIXED OBJECT,NOT DIVIDED,NO CONTROLS,FOLLOWING TOO CLOSELY,DRIVING SKILLS/KNOWLEDGE/EXPERIENCE,0,0,0,0,14,7,1,1462,79TH ST,41.731378,-87.504095,01/13/2018 04:28:00 PM,2018
CR00022604,06/04/2019 11:37:00 AM,30,CLEAR,DAWN,ANGLE,NOT DIVIDED,TRAFFIC SIGNAL,IMPROPER OVERTAKING/PASSING,UNABLE TO DETERMINE,0,0,2,2,11,3,6,322,MICHIGAN AVE,41.977803,-87.663802,06/04/2019 01:06:00 PM,2019
CR00022605,09/26/2020 09:14:00 AM,40,CLEAR,DAYLIGHT,PARKED MOTOR VEHICLE,DIVIDED - W/MEDIAN (NOT RAISED),NO CONTROLS,UNABLE TO DETERMINE,FAILING TO REDUCE SPEED,0,0,0,0,9,7,9,2530,47TH ST,41.713707,-87.838797,09/26/2020 11:13:00 AM,2020
CR00022606,01/02/2016 10:25:00 PM,30,SNOW,DAYLIGHT,TURNING,NOT DIVIDED,NO CONTROLS,IMPROPER LANE USAGE,NOT APPLICABLE,0,0,0,0,22,7,1,2226,LAKE SHORE DR,41.732202,-87.661568,01/03/2016 12:01:00 AM,2016
CR00022607,09/02/2021 08:31:00 PM,30,RAIN,DAYLIGHT,REAR TO FRONT,DIVIDED - W/MEDIAN BARRIER,STOP SIGN/FLASHER,UNABLE TO DETERMINE,FOLLOWING TOO CLOSELY,0,0,0,0,20,5,9,1140,BROADWAY,41.809296,-87.845884,09/02/2021 08:46:00 PM,2021
CR00022608,09/14/2018 09:50:00 PM,40,CLEAR,DAYLIGHT,FIXED OBJECT,NOT DIVIDED,NO CONTROLS,IMPROPER LANE USAGE,DRIVING SKILLS/KNOWLEDGE/EXPERIENCE,0,0,0,0,21,6,9,1282,LAKE SHORE DR,41.899254,-87.681785,09/14/2018 11:30:00 PM,2018
CR00022609,06/03/2015 11:48:00 PM,30,RAIN,DAYLIGHT,PARKED MOTOR VEHICLE,FOUR WAY,TRAFFIC SIGNAL,IMPROPER OVERTAKING/PASSING,FAILING TO YIELD RIGHT-OF-WAY,0,0,0,0,23,4,6,282,FULLERTON AVE,41.810837,-87.796084,06/04/2015 12:27:00 AM,2015
CR00022610,11/05/2017 12:49:00 AM,15,CLEAR,DAYLIGHT,TURNING,NOT DIVIDED,NO CONTROLS,IMPROPER OVERTAKING/PASSING,FAILING TO YIELD RIGHT-OF-WAY,0,0,0,0,0,1,11,1601,OGDEN AVE,41.946012,-87.600705,11/05/2017 02:47:00 AM,2017
CR00022611,01/28/2018 03:09:00 PM,30,CLEAR,DAYLIGHT,TURNING,NOT DIVIDED,NO CONTROLS,FAILING TO REDUCE SPEED,FAILING TO YIELD RIGHT-OF-WAY,0,0,0,0,15,1,1,1470,PULASKI RD,41.77033,-87.731846,01/28/2018 04:19:00 PM,2018
CR00022612,07/04/2017 07:46:00 PM,35,CLEAR,DAYLIGHT,PARKED MOTOR VEHICLE,FOUR WAY,STOP SIGN/FLASHER,UNABLE TO DETERMINE,NOT APPLICABLE,0,0,0,0,19,3,7,1098,KEDZIE AVE,41.802235,-87.720356,07/04/2017 09:28:00 PM,2017
CR00022613,08/03/2022 08:51:00 AM,20,CLEAR,DARKNESS - LIGHTED ROAD,PEDESTRIAN,NOT DIVIDED,UNKNOWN,UNABLE TO DETERMINE,IMPROPER LANE USAGE,0,0,0,0,8,4,8,1209,ARCHER AVE,41.83294,-87.700909,08/03/2022 10:51:00 AM,2022
CR00022614,05/03/2023 02:56:00 PM,35,CLEAR,DARKNESS - LIGHTED ROAD,ANGLE,FOUR WAY,YIELD,DRIVING SKILLS/KNOWLEDGE/EXPERIENCE,FOLLOWING TOO CLOSELY,0,0,0,0,14,4,5,1007,DAMEN AVE,41.98625,-87.615042,05/03/2023 03:38:00 PM,2023
CR00022615,06/09/2015 06:14:00 PM,30,CLEAR,DAYLIGHT,ANGLE,ONE-WAY,TRAFFIC SIGNAL,IMPROPER OVERTAKING/PASSING,NOT APPLICABLE,0,0,0,0,18,3,6,998,OGDEN AVE,41.986196,-87.754887,06/09/2015 06:53:00 PM,2015
CR00022616,10/20/2018 04:05:00 AM,25,RAIN,DAYLIGHT,ANGLE,ONE-WAY,TRAFFIC SIGNAL,UNABLE TO DETERMINE,FAILING TO YIELD RIGHT-OF-WAY,0,0,0,0,4,7,10,1620,ARCHER AVE,41.911107,-87.779849,10/20/2018 06:05:00 AM,2018
CR00022617,06/06/2021 08:34:00 AM,20,CLEAR,DAYLIGHT,REAR END,NOT DIVIDED,STOP SIGN/FLASHER,FOLLOWING TOO CLOSELY,FAILING TO YIELD RIGHT-OF-WAY,0,0,0,0,8,1,6,708,STATE ST,41.880364,-87.536675,06/06/2021 10:22:00 AM,2021
CR00022618,01/18/2019 10:56:00 AM,35,CLEAR,DAYLIGHT,REAR TO FRONT,NOT DIVIDED,STOP SIGN/FLASHER,UNABLE TO DETERMINE,UNABLE TO DETERMINE,0,0,0,0,10,6,1,2216,OGDEN AVE,41.979203,-87.644116,01/18/2019 11:33:00 AM,2019
CR00022619,01/19/2017 08:15:00 AM,45,RAIN,DAYLIGHT,SIDESWIPE SAME DIRECTION,ONE-WAY,TRAFFIC SIGNAL,DRIVING SKILLS/KNOWLEDGE/EXPERIENCE,IMPROPER OVERTAKING/PASSING,0,0,0,0,8,5,1,661,WESTERN AVE,41.892774,-87.590869,01/19/2017 09:55:00 AM,2017
CR00022620,08/05/2022 12:30:00 PM,40,CLEAR,DAYLIGHT,PEDESTRIAN,DIVIDED - W/MEDIAN (NOT RAISED),STOP SIGN/FLASHER,FAILING TO YIELD RIGHT-OF-WAY,FAILING TO REDUCE SPEED,0,0,0,0,12,6,8,1758,CICERO AVE,41.918494,-87.754021,08/05/2022 02:19:00 PM,2022
CR00022621,03/18/2017 09:34:00 AM,30,CLEAR,DAYLIGHT,REAR END,FOUR WAY,NO CONTROLS,DISTRACTION - FROM INSIDE VEHICLE,NOT APPLICABLE,0,0,3,3,9,7,3,1085,ASHLAND AVE,41.784886,-87.820382,03/18/2017 09:58:00 AM,2017
CR00022622,05/26/2023 04:53:00 PM,30,RAIN,DARKNESS - LIGHTED ROAD,SIDESWIPE SAME DIRECTION,DIVIDED - W/MEDIAN (NOT RAISED),PEDESTRIAN CROSSING SIGN,IMPROPER OVERTAKING/PASSING,DRIVING SKILLS/KNOWLEDGE/EXPERIENCE,0,0,0,0,16,6,5,1192,PULASKI RD,41.953093,-87.614408,05/26/2023 06:33:00 PM,2023
CR00022623,01/04/2019 05:18:00 AM,45,CLEAR,DAYLIGHT,TURNING,ONE-WAY,STOP SIGN/FLASHER,WEATHER,WEATHER,0,0,1,1,5,6,1,2333,WESTERN AVE,41.714905,-87.81444,01/04/2019 06:11:00 AM,2019
CR00022624,06/26/2022 12:55:00 PM,45,CLOUDY/OVERCAST,DAYLIGHT,SIDESWIPE SAME DIRECTION,NOT DIVIDED,NO CONTROLS,IMPROPER OVERTAKING/PASSING,NOT APPLICABLE,0,0,0,0,12,1,6,1857,47TH ST,41.925607,-87.696595,06/26/2022 02:05:00 PM,2022
CR00022625,11/29/2018 02:20:00 PM,30,CLEAR,DAYLIGHT,REAR END,NOT DIVIDED,TRAFFIC SIGNAL,DRIVING SKILLS/KNOWLEDGE/EXPERIENCE,DISTRACTION - FROM INSIDE VEHICLE,0,0,0,0,14,5,11,1198,ARCHER AVE,41.70451,-87.548384,11/29/2018 02:29:00 PM,2018
CR00022626,02/08/2017 08:45:00 AM,40,FOG/SMOKE/HAZE,DAYLIGHT,PEDESTRIAN,DIVIDED - W/MEDIAN (NOT RAISED),YIELD,IMPROPER LANE USAGE,WEATHER,0,0,0,0,8,4,2,473,79TH ST,41.785486,-87.541125,02/08/2017 09:03:00 AM,2017
CR00022627,07/17/2022 03:53:00 PM,15,CLEAR,DARKNESS - LIGHTED ROAD,TURNING,DIVIDED - W/MEDIAN (NOT RAISED),STOP SIGN/FLASHER,WEATHER,UNABLE TO DETERMINE,0,1,0,1,15,1,7,518,IRVING PARK RD,41.714886,-87.717829,07/17/2022 05:08:00 PM,2022
CR00022628,01/19/2017 08:44:00 AM,40,CLEAR,DAYLIGHT,REAR END,NOT DIVIDED,NO CONTROLS,UNABLE TO DETERMINE,UNABLE TO DETERMINE,0,1,3,4,8,5,1,510,IRVING PARK RD,41.936108,-87.59245,01/19/2017 09:07:00 AM,2017
CR00022629,03/23/2022 01:30:00 AM,40,SNOW,DAYLIGHT,REAR END,NOT DIVIDED,TRAFFIC SIGNAL,IMPROPER LANE USAGE,UNABLE TO DETERMINE,0,0,0,0,1,4,3,742,ARCHER AVE,41.997798,-87.55059,03/23/2022 02:14:00 AM,2022
CR00022630,03/05/2018 04:20:00 AM,15,CLEAR,DAYLIGHT,REAR END,NOT DIVIDED,NO CONTROLS,IMPROPER LANE USAGE,UNABLE TO DETERMINE,0,0,0,0,4,2,3,1951,FULLERTON AVE,41.728645,-87.821967,03/05/2018 04:28:00 AM,2018
CR00022631,01/03/2016 06:05:00 PM,30,CLEAR,DAYLIGHT,PARKED MOTOR VEHICLE,NOT DIVIDED,TRAFFIC SIGNAL,FAILING TO YIELD RIGHT-OF-WAY,NOT APPLICABLE,0,0,0,0,18,1,1,949,OGDEN AVE,41.94988,-87.707901,01/03/2016 06:33:00 PM,2016