CRASH_RECORD_ID,CRASH_DATE,POSTED_SPEED_LIMIT,WEATHER_CONDITION,LIGHTING_CONDITION,FIRST_CRASH_TYPE,TRAFFICWAY_TYPE,TRAFFIC_CONTROL_DEVICE,PRIM_CONTRIBUTORY_CAUSE,SEC_CONTRIBUTORY_CAUSE,INJURIES_FATAL,INJURIES_INCAPACITATING,INJURIES_NON_INCAPACITATING,INJURIES_TOTAL,CRASH_HOUR,CRASH_DAY_OF_WEEK,CRASH_MONTH,BEAT_OF_OCCURRENCE,STREET_NAME,LATITUDE,LONGITUDE,DATE_POLICE_NOTIFIED,year
CR00022632,04/04/2017 10:55:00 PM,25,RAIN,DAYLIGHT,REAR TO FRONT,NOT DIVIDED,NO CONTROLS,UNABLE TO DETERMINE,DISREGARDING TRAFFIC SIGNALS,0,0,3,3,22,3,4,1294,63RD ST,41.857602,-87.838148,04/04/2017 11:03:00 PM,2017
CR00022633,05/01/2018 05:36:00 PM,30,RAIN,DAWN,ANGLE,DIVIDED - W/MEDIAN (NOT RAISED),NO CONTROLS,DRIVING SKILLS/KNOWLEDGE/EXPERIENCE,UNABLE TO DETERMINE,0,0,0,0,17,3,5,2068,PULASKI RD,41.937365,-87.58428,05/01/2018 07:19:00 PM,2018
CR00022634,11/09/2015 12:33:00 AM,40,CLEAR,DAYLIGHT,PEDESTRIAN,NOT DIVIDED,NO CONTROLS,UNABLE TO DETERMINE,UNABLE TO DETERMINE,0,0,0,0,0,2,11,804,ELSTON AVE,41.809125,-87.820541,11/09/2015 12:38:00 AM,2015
CR00022635,08/28/2022 07:28:00 AM,25,CLEAR,DAYLIGHT,SIDESWIPE SAME DIRECTION,NOT DIVIDED,TRAFFIC SIGNAL,DRIVING SKILLS/KNOWLEDGE/EXPERIENCE,NOT APPLICABLE,0,0,0,0,7,1,8,1427,FULLERTON AVE,41.762488,-87.805917,08/28/2022 07:59:00 AM,2022
CR00022636,03/19/2024 01:58:00 AM,35,SNOW,DAYLIGHT,PARKED MOTOR VEHICLE,NOT DIVIDED,NO CONTROLS,UNABLE TO DETERMINE,FAILING TO REDUCE SPEED,0,0,0,0,1,3,3,371,IRVING PARK RD,41.931699,-87.724719,03/19/2024 03:55:00 AM,2024
CR00022637,10/12/2024 03:24:00 PM,30,CLOUDY/OVERCAST,DAYLIGHT,ANGLE,NOT DIVIDED,UNKNOWN,FAILING TO YIELD RIGHT-OF-WAY,WEATHER,0,0,0,0,15,7,10,1640,BROADWAY,41.783398,-87.50403,10/12/2024 05:24:00 PM,2024
CR00022638,07/11/2020 09:26:00 PM,30,RAIN,DARKNESS - LIGHTED ROAD,ANGLE,NOT DIVIDED,NO CONTROLS,FOLLOWING TOO CLOSELY,UNABLE TO DETERMINE,0,0,1,1,21,7,7,1873,BROADWAY,41.891198,-87.580665,07/11/2020 10:30:00 PM,2020
CR00022639,12/09/2017 02:27:00 PM,15,CLEAR,DUSK,REAR END,NOT DIVIDED,YIELD,IMPROPER LANE USAGE,DRIVING SKILLS/KNOWLEDGE/EXPERIENCE,0,0,0,0,14,7,12,214,DAMEN AVE,41.903822,-87.520663,12/09/2017 04:16:00 PM,2017
CR00022640,02/23/2022 03:34:00 PM,20,CLEAR,DAYLIGHT,FIXED OBJECT,NOT DIVIDED,NO CONTROLS,UNABLE TO DETERMINE,FAILING TO YIELD RIGHT-OF-WAY,0,0,0,0,15,4,2,670,CICERO AVE,41.901726,-87.617081,02/23/2022 04:01:00 PM,2022
CR00022641,10/23/2023 06:12:00 PM,35,CLEAR,DAYLIGHT,REAR END,NOT DIVIDED,NO CONTROLS,UNABLE TO DETERMINE,WEATHER,0,0,2,2,18,2,10,2469,WESTERN AVE,41.857453,-87.822156,10/23/2023 06:57:00 PM,2023
CR00022642,02/14/2018 01:07:00 PM,35,CLEAR,DARKNESS - LIGHTED ROAD,REAR TO FRONT,NOT DIVIDED,NO CONTROLS,DISREGARDING TRAFFIC SIGNALS,FAILING TO YIELD RIGHT-OF-WAY,0,0,1,1,13,4,2,402,STONY ISLAND AVE,41.780328,-87.661536,02/14/2018 02:22:00 PM,2018
CR00022643,04/10/2021 06:00:00 AM,40,CLOUDY/OVERCAST,DAYLIGHT,ANGLE,NOT DIVIDED,NO CONTROLS,FAILING TO YIELD RIGHT-OF-WAY,UNABLE TO DETERMINE,0,0,1,1,6,7,4,837,DAMEN AVE,41.838227,-87.536741,04/10/2021 07:51:00 AM,2021
CR00022644,08/21/2023 05:14:00 PM,45,RAIN,DAYLIGHT,REAR END,NOT DIVIDED,NO CONTROLS,FAILING TO REDUCE SPEED,IMPROPER OVERTAKING/PASSING,0,1,2,3,17,2,8,866,LAKE SHORE DR,41.74909,-87.623553,08/21/2023 06:31:00 PM,2023
CR00022645,06/27/2021 05:03:00 AM,45,CLEAR,DARKNESS - LIGHTED ROAD,TURNING,NOT DIVIDED,NO CONTROLS,UNABLE TO DETERMINE,UNABLE TO DETERMINE,0,0,0,0,5,1,6,1436,FULLERTON AVE,41.911876,-87.608911,06/27/2021 05:53:00 AM,2021
CR00022646,07/01/2016 08:14:00 AM,25,CLEAR,DAYLIGHT,REAR END,FOUR WAY,TRAFFIC SIGNAL,FOLLOWING TOO CLOSELY,FAILING TO YIELD RIGHT-OF-WAY,0,0,0,0,8,6,7,257,CICERO AVE,41.893954,-87.73214,07/01/2016 10:06:00 AM,2016
CR00022647,09/08/2021 07:58:00 PM,15,CLEAR,DAYLIGHT,FIXED OBJECT,DIVIDED - W/MEDIAN BARRIER,NO CONTROLS,UNABLE TO DETERMINE,IMPROPER OVERTAKING/PASSING,0,0,0,0,19,4,9,2405,CLARK ST,41.709434,-87.66077,09/08/2021 09:41:00 PM,2021
CR00022648,03/22/2016 04:00:00 PM,25,CLEAR,DAYLIGHT,REAR END,FOUR WAY,NO CONTROLS,UNABLE TO DETERMINE,IMPROPER LANE USAGE,0,0,0,0,16,3,3,2061,DAMEN AVE,41.962692,-87.655761,03/22/2016 05:28:00 PM,2016
CR00022649,01/15/2023 11:59:00 AM,20,CLEAR,DARKNESS - LIGHTED ROAD,REAR END,FOUR WAY,YIELD,DISTRACTION - FROM INSIDE VEHICLE,UNABLE TO DETERMINE,0,0,0,0,11,1,1,1626,CLARK ST,41.730228,-87.80377,01/15/2023 12:35:00 PM,2023
CR00022650,12/10/2020 09:11:00 PM,30,CLEAR,DAYLIGHT,REAR END,NOT DIVIDED,NO CONTROLS,FOLLOWING TOO CLOSELY,UNABLE TO DETERMINE,0,0,0,0,21,5,12,1348,BROADWAY,41.903285,-87.727912,12/10/2020 10:03:00 PM,2020
CR00022651,11/17/2022 08:54:00 AM,25,CLEAR,DAYLIGHT,SIDESWIPE SAME DIRECTION,NOT DIVIDED,NO CONTROLS,FAILING TO REDUCE SPEED,NOT APPLICABLE,0,0,0,0,8,5,11,391,ROOSEVELT RD,41.894581,-87.559887,11/17/2022 09:12:00 AM,2022
CR00022652,04/23/2018 03:15:00 PM,45,CLEAR,DAYLIGHT,FIXED OBJECT,DIVIDED - W/MEDIAN (NOT RAISED),PEDESTRIAN CROSSING SIGN,FOLLOWING TOO CLOSELY,UNABLE TO DETERMINE,0,0,0,0,15,2,4,1982,DIVISION ST,41.997949,-87.593171,04/23/2018 03:27:00 PM,2018
CR00022653,11/13/2016 09:51:00 AM,25,CLEAR,DAYLIGHT,PARKED MOTOR VEHICLE,DIVIDED - W/MEDIAN (NOT RAISED),TRAFFIC SIGNAL,FOLLOWING TOO CLOSELY,DISTRACTION - FROM INSIDE VEHICLE,0,0,0,0,9,1,11,374,47TH ST,41.868086,-87.773411,11/13/2016 10:50:00 AM,2016
CR00022654,09/25/2024 05:46:00 PM,20,CLOUDY/OVERCAST,DAYLIGHT,TURNING,NOT DIVIDED,TRAFFIC SIGNAL,UNABLE TO DETERMINE,FOLLOWING TOO CLOSELY,0,0,0,0,17,4,9,2487,DAMEN AVE,41.96948,-87.669944,09/25/2024 06:00:00 PM,2024
CR00022655,09/07/2021 05:44:00 PM,35,CLOUDY/OVERCAST,DARKNESS - LIGHTED ROAD,PARKED MOTOR VEHICLE,NOT DIVIDED,NO CONTROLS,FOLLOWING TOO CLOSELY,DRIVING SKILLS/KNOWLEDGE/EXPERIENCE,0,0,0,0,17,3,9,170,STONY ISLAND AVE,41.777587,-87.546463,09/07/2021 06:08:00 PM,2021
CR00022656,12/11/2021 02:13:00 PM,35,CLEAR,DARKNESS - LIGHTED ROAD,REAR END,DIVIDED - W/MEDIAN (NOT RAISED),TRAFFIC SIGNAL,FOLLOWING TOO CLOSELY,DRIVING SKILLS/KNOWLEDGE/EXPERIENCE,0,0,0,0,14,7,12,1863,DIVISION ST,41.846848,-87.561739,12/11/2021 02:56:00 PM,2021
CR00022657,03/29/2019 07:04:00 AM,30,CLEAR,DAYLIGHT,TURNING,NOT DIVIDED,UNKNOWN,IMPROPER OVERTAKING/PASSING,UNABLE TO DETERMINE,0,0,0,0,7,6,3,2087,79TH ST,41.721252,-87.808471,03/29/2019 08:57:00 AM,2019
CR00022658,03/22/2020 04:48:00 PM,30,CLEAR,DAYLIGHT,TURNING,NOT DIVIDED,STOP SIGN/FLASHER,UNABLE TO DETERMINE,UNABLE TO DETERMINE,0,0,1,1,16,1,3,2216,ELSTON AVE,41.922987,-87.563279,03/22/2020 05:17:00 PM,2020
CR00022659,08/03/2017 11:41:00 AM,15,CLEAR,DARKNESS - LIGHTED ROAD,REAR TO FRONT,NOT DIVIDED,STOP SIGN/FLASHER,UNABLE TO DETERMINE,DRIVING SKILLS/KNOWLEDGE/EXPERIENCE,0,0,0,0,11,5,8,204,PULASKI RD,41.946979,-87.572618,08/03/2017 01:02:00 PM,2017
CR00022660,08/29/2021 03:04:00 PM,30,CLEAR,DAYLIGHT,PEDESTRIAN,ONE-WAY,NO CONTROLS,FAILING TO YIELD RIGHT-OF-WAY,IMPROPER LANE USAGE,0,0,1,1,15,1,8,1915,HALSTED ST,41.815609,-87.701163,08/29/2021 03:33:00 PM,2021
CR00022661,10/01/2024 03:26:00 AM,15,SNOW,DAYLIGHT,ANGLE,NOT DIVIDED,TRAFFIC SIGNAL,DISREGARDING TRAFFIC SIGNALS,UNABLE TO DETERMINE,0,0,0,0,3,3,10,2273,MICHIGAN AVE,41.879899,-87.68037,10/01/2024 04:13:00 AM,2024
CR00022662,10/15/2023 08:51:00 AM,30,CLEAR,DAYLIGHT,REAR END,DIVIDED - W/MEDIAN BARRIER,NO CONTROLS,IMPROPER LANE USAGE,IMPROPER OVERTAKING/PASSING,0,2,1,3,8,1,10,455,KEDZIE AVE,41.76751,-87.644123,10/15/2023 09:26:00 AM,2023
CR00022663,11/17/2024 04:58:00 PM,30,CLEAR,DUSK,REAR END,NOT DIVIDED,STOP SIGN/FLASHER,UNABLE TO DETERMINE,NOT APPLICABLE,0,0,0,0,16,1,11,236,ROOSEVELT RD,41.914413,-87.743303,11/17/2024 05:47:00 PM,2024
CR00022664,06/18/2023 09:37:00 AM,20,CLEAR,DAYLIGHT,TURNING,DIVIDED - W/MEDIAN (NOT RAISED),NO CONTROLS,UNABLE TO DETERMINE,NOT APPLICABLE,0,0,0,0,9,1,6,2174,CALIFORNIA AVE,41.858283,-87.593643,06/18/2023 10:08:00 AM,2023
CR00022665,04/03/2021 05:45:00 PM,35,CLEAR,DARKNESS,SIDESWIPE SAME DIRECTION,NOT DIVIDED,STOP SIGN/FLASHER,IMPROPER LANE USAGE,NOT APPLICABLE,0,0,0,0,17,7,4,716,ROOSEVELT RD,41.760278,-87.716749,04/03/2021 07:27:00 PM,2021
CR00022666,10/18/2020 05:15:00 PM,20,SNOW,DARKNESS - LIGHTED ROAD,ANGLE,DIVIDED - W/MEDIAN BARRIER,NO CONTROLS,UNABLE TO DETERMINE,DRIVING SKILLS/KNOWLEDGE/EXPERIENCE,0,0,0,0,17,1,10,2384,ASHLAND AVE,41.927302,-87.661372,10/18/2020 05:45:00 PM,2020
CR00022667,08/23/2024 08:41:00 AM,40,CLEAR,DAYLIGHT,PARKED MOTOR VEHICLE,NOT DIVIDED,STOP SIGN/FLASHER,DRIVING SKILLS/KNOWLEDGE/EXPERIENCE,IMPROPER OVERTAKING/PASSING,0,0,0,0,8,6,8,2433,ARCHER AVE,41.939232,-87.529086,08/23/2024 09:11:00 AM,2024
CR00022668,03/20/2024 03:57:00 AM,35,SNOW,DARKNESS,TURNING,NOT DIVIDED,STOP SIGN/FLASHER,DRIVING SKILLS/KNOWLEDGE/EXPERIENCE,DISREGARDING TRAFFIC SIGNALS,0,0,0,0,3,4,3,356,47TH ST,41.857768,-87.834566,03/20/2024 04:18:00 AM,2024
CR00022669,03/14/2019 03:12:00 PM,35,FOG/SMOKE/HAZE,DAYLIGHT,ANGLE,DIVIDED - W/MEDIAN (NOT RAISED),STOP SIGN/FLASHER,FAILING TO REDUCE SPEED,UNABLE TO DETERMINE,0,0,0,0,15,5,3,197,DAMEN AVE,41.951755,-87.802437,03/14/2019 04:47:00 PM,2019
CR00022670,11/10/2015 06:05:00 AM,25,CLEAR,DAYLIGHT,REAR END,NOT DIVIDED,NO CONTROLS,IMPROPER OVERTAKING/PASSING,FAILING TO YIELD RIGHT-OF-WAY,0,0,0,0,6,3,11,1551,47TH ST,41.94795,-87.827505,11/10/2015 07:12:00 AM,2015
CR00022671,02/03/2015 11:40:00 AM,25,CLEAR,DAYLIGHT,REAR END,ONE-WAY,TRAFFIC SIGNAL,FAILING TO REDUCE SPEED,DISTRACTION - FROM INSIDE VEHICLE,0,0,0,0,11,3,2,1584,DIVISION ST,41.992014,-87.68346,02/03/2015 12:14:00 PM,2015
CR00022672,07/25/2024 04:46:00 PM,15,FOG/SMOKE/HAZE,DAYLIGHT,REAR END,NOT DIVIDED,NO CONTROLS,IMPROPER LANE USAGE,FAILING TO YIELD RIGHT-OF-WAY,0,0,0,0,16,5,7,2143,KEDZIE AVE,41.868401,-87.674266,07/25/2024 04:53:00 PM,2024
CR00022673,03/10/2022 10:01:00 AM,30,CLEAR,DARKNESS,PEDESTRIAN,FOUR WAY,TRAFFIC SIGNAL,FOLLOWING TOO CLOSELY,NOT APPLICABLE,0,0,0,0,10,5,3,2200,CALIFORNIA AVE,41.912731,-87.542738,03/10/2022 10:31:00 AM,2022
CR00022674,02/09/2016 11:59:00 AM,30,CLEAR,DARKNESS,ANGLE,NOT DIVIDED,TRAFFIC SIGNAL,UNABLE TO DETERMINE,UNABLE TO DETERMINE,0,0,0,0,11,3,2,1984,STONY ISLAND AVE,41.831326,-87.83507,02/09/2016 12:36:00 PM,2016
CR00022675,05/03/2016 08:02:00 AM,45,CLEAR,DUSK,ANGLE,NOT DIVIDED,YIELD,FOLLOWING TOO CLOSELY,NOT APPLICABLE,0,0,1,1,8,3,5,2423,ROOSEVELT RD,41.900418,-87.57658,05/03/2016 08:32:00 AM,2016
CR00022676,07/03/2015 12:00:00 PM,30,SNOW,DAYLIGHT,PARKED MOTOR VEHICLE,DIVIDED - W/MEDIAN BARRIER,TRAFFIC SIGNAL,FAILING TO REDUCE SPEED,FOLLOWING TOO CLOSELY,0,0,0,0,12,6,7,2355,MILWAUKEE AVE,41.850193,-87.677617,07/03/2015 12:03:00 PM,2015
CR00022677,07/16/2022 05:13:00 PM,35,CLEAR,DARKNESS - LIGHTED ROAD,REAR END,FOUR WAY,STOP SIGN/FLASHER,FAILING TO YIELD RIGHT-OF-WAY,UNABLE TO DETERMINE,0,0,0,0,17,7,7,2009,CALIFORNIA AVE,41.824104,-87.630815,07/16/2022 06:48:00 PM,2022
CR00022678,09/09/2019 05:03:00 PM,40,CLEAR,DAYLIGHT,PARKED MOTOR VEHICLE,NOT DIVIDED,NO CONTROLS,UNABLE TO DETERMINE,FAILING TO YIELD RIGHT-OF-WAY,0,0,2,2,17,2,9,244,MICHIGAN AVE,41.887024,-87.731661,09/09/2019 06:47:00 PM,2019
CR00022679,12/05/2017 03:20:00 PM,20,CLEAR,DAYLIGHT,REAR END,ONE-WAY,TRAFFIC SIGNAL,DRIVING SKILLS/KNOWLEDGE/EXPERIENCE,FOLLOWING TOO CLOSELY,0,0,1,1,15,3,12,1401,OGDEN AVE,41.742876,-87.599527,12/05/2017 04:28:00 PM,2017
CR00022680,02/22/2020 05:54:00 PM,35,RAIN,DAYLIGHT,TURNING,NOT DIVIDED,STOP SIGN/FLASHER,UNABLE TO DETERMINE,IMPROPER LANE USAGE,0,0,0,0,17,7,2,1922,FULLERTON AVE,41.763923,-87.582777,02/22/2020 07:07:00 PM,2020
CR00022681,03/16/2016 10:34:00 AM,40,CLEAR,DAYLIGHT,TURNING,NOT DIVIDED,STOP SIGN/FLASHER,FOLLOWING TOO CLOSELY,FAILING TO REDUCE SPEED,0,0,0,0,10,4,3,354,PULASKI RD,41.737814,-87.644396,03/16/2016 11:58:00 AM,2016
CR00022682,03/16/2019 03:04:00 PM,35,CLEAR,DARKNESS - LIGHTED ROAD,TURNING,NOT DIVIDED,NO CONTROLS,DRIVING SKILLS/KNOWLEDGE/EXPERIENCE,UNABLE TO DETERMINE,0,0,2,2,15,7,3,1463,PULASKI RD,41.850592,-87.62875,03/16/2019 03:14:00 PM,2019
CR00022683,12/27/2024 12:40:00 PM,20,CLEAR,DAYLIGHT,ANGLE,DIVIDED - W/MEDIAN (NOT RAISED),STOP SIGN/FLASHER,UNABLE TO DETERMINE,FAILING TO REDUCE SPEED,0,0,0,0,12,6,12,1171,IRVING PARK RD,41.747822,-87.826223,12/27/2024 02:13:00 PM,2024
CR00022684,02/24/2021 10:19:00 AM,15,CLEAR,DARKNESS - LIGHTED ROAD,PEDESTRIAN,DIVIDED - W/MEDIAN (NOT RAISED),STOP SIGN/FLASHER,FAILING TO REDUCE SPEED,IMPROPER OVERTAKING/PASSING,0,0,0,0,10,4,2,273,BROADWAY,41.755142,-87.67016,02/24/2021 12:12:00 PM,2021
CR00022685,08/26/2015 08:24:00 PM,45,CLEAR,DAYLIGHT,REAR END,ONE-WAY,NO CONTROLS,WEATHER,DRIVING SKILLS/KNOWLEDGE/EXPERIENCE,0,0,0,0,20,4,8,2403,BROADWAY,41.814834,-87.655707,08/26/2015 09:50:00 PM,2015
CR00022686,04/04/2018 11:37:00 AM,35,CLEAR,DAYLIGHT,SIDESWIPE SAME DIRECTION,NOT DIVIDED,NO CONTROLS,IMPROPER OVERTAKING/PASSING,NOT APPLICABLE,0,0,0,0,11,4,4,1961,ROOSEVELT RD,41.737131,-87.723458,04/04/2018 12:03:00 PM,2018
CR00022687,04/13/2016 04:38:00 PM,35,SNOW,DARKNESS - LIGHTED ROAD,PARKED MOTOR VEHICLE,DIVIDED - W/MEDIAN BARRIER,UNKNOWN,FOLLOWING TOO CLOSELY,DRIVING SKILLS/KNOWLEDGE/EXPERIENCE,0,0,0,0,16,4,4,1969,ELSTON AVE,41.853121,-87.728094,04/13/2016 05:14:00 PM,2016
CR00022688,06/08/2021 08:59:00 PM,15,CLEAR,DARKNESS - LIGHTED ROAD,TURNING,DIVIDED - W/MEDIAN BARRIER,TRAFFIC SIGNAL,IMPROPER OVERTAKING/PASSING,FOLLOWING TOO CLOSELY,0,0,0,0,20,3,6,2531,63RD ST,41.875405,-87.633341,06/08/2021 09:43:00 PM,2021
CR00022689,12/04/2021 09:07:00 AM,40,CLEAR,DAYLIGHT,PEDESTRIAN,DIVIDED - W/MEDIAN (NOT RAISED),TRAFFIC SIGNAL,FAILING TO YIELD RIGHT-OF-WAY,UNABLE TO DETERMINE,0,0,0,0,9,7,12,2042,DAMEN AVE,41.82958,-87.626288,12/04/2021 10:52:00 AM,2021
CR00022690,02/17/2018 06:30:00 PM,15,CLEAR,DAYLIGHT,PARKED MOTOR VEHICLE,NOT DIVIDED,NO CONTROLS,UNABLE TO DETERMINE,FAILING TO REDUCE SPEED,0,0,0,0,18,7,2,840,HALSTED ST,41.817596,-87.808171,02/17/2018 06:35:00 PM,2018
CR00022691,09/12/2017 03:07:00 PM,30,RAIN,DARKNESS - LIGHTED ROAD,SIDESWIPE SAME DIRECTION,NOT DIVIDED,UNKNOWN,UNABLE TO DETERMINE,NOT APPLICABLE,0,0,0,0,15,3,9,134,DAMEN AVE,41.913096,-87.806949,09/12/2017 04:05:00 PM,2017
CR00022692,10/13/2021 09:18:00 PM,15,CLEAR,DARKNESS - LIGHTED ROAD,ANGLE,NOT DIVIDED,TRAFFIC SIGNAL,FAILING TO REDUCE SPEED,FAILING TO YIELD RIGHT-OF-WAY,0,0,3,3,21,4,10,2229,ASHLAND AVE,41.808611,-87.793757,10/13/2021 11:02:00 PM,2021
CR00022693,12/22/2020 02:29:00 AM,30,CLEAR,DAYLIGHT,TURNING,NOT DIVIDED,TRAFFIC SIGNAL,FAILING TO YIELD RIGHT-OF-WAY,IMPROPER OVERTAKING/PASSING,0,0,0,0,2,3,12,1282,STATE ST,41.910662,-87.752965,12/22/2020 03:09:00 AM,2020
CR00022694,11/07/2021 01:57:00 PM,30,CLEAR,DAYLIGHT,REAR TO FRONT,NOT DIVIDED,TRAFFIC SIGNAL,DISREGARDING TRAFFIC SIGNALS,NOT APPLICABLE,0,0,0,0,13,1,11,1203,FULLERTON AVE,41.833935,-87.638694,11/07/2021 03:44:00 PM,2021
CR00022695,06/05/2018 03:39:00 PM,30,CLEAR,DAYLIGHT,REAR END,NOT DIVIDED,YIELD,IMPROPER LANE USAGE,NOT APPLICABLE,0,0,0,0,15,3,6,1780,HALSTED ST,41.830272,-87.76736,06/05/2018 04:48:00 PM,2018
CR00022696,08/11/2020 05:40:00 PM,30,RAIN,DAYLIGHT,SIDESWIPE SAME DIRECTION,NOT DIVIDED,TRAFFIC SIGNAL,IMPROPER LANE USAGE,UNABLE TO DETERMINE,0,1,0,1,17,3,8,1682,LAKE SHORE DR,41.986717,-87.743326,08/11/2020 06:05:00 PM,2020
CR00022697,01/18/2022 09:17:00 AM,40,CLEAR,DAYLIGHT,REAR END,ONE-WAY,TRAFFIC SIGNAL,FAILING TO YIELD RIGHT-OF-WAY,FOLLOWING TOO CLOSELY,0,0,3,3,9,3,1,2258,79TH ST,41.781684,-87.755215,01/18/2022 10:05:00 AM,2022
CR00022698,03/01/2022 06:22:00 PM,30,CLEAR,DARKNESS - LIGHTED ROAD,REAR TO FRONT,NOT DIVIDED,NO CONTROLS,FOLLOWING TOO CLOSELY,IMPROPER LANE USAGE,0,0,0,0,18,3,3,757,IRVING PARK RD,41.923415,-87.751946,03/01/2022 08:09:00 PM,2022
CR00022699,08/17/2015 02:30:00 PM,20,CLEAR,DAYLIGHT,SIDESWIPE SAME DIRECTION,FOUR WAY,NO CONTROLS,UNABLE TO DETERMINE,IMPROPER OVERTAKING/PASSING,0,0,0,0,14,2,8,1470,DIVISION ST,41.75809,-87.610328,08/17/2015 03:27:00 PM,2015
CR00022700,11/13/2020 04:01:00 PM,30,CLOUDY/OVERCAST,DAYLIGHT,REAR END,ONE-WAY,NO CONTROLS,IMPROPER OVERTAKING/PASSING,IMPROPER OVERTAKING/PASSING,0,0,0,0,16,6,11,1836,MICHIGAN AVE,41.971933,-87.802993,11/13/2020 05:37:00 PM,2020
CR00022701,03/23/2015 06:18:00 PM,40,CLEAR,DARKNESS,SIDESWIPE SAME DIRECTION,NOT DIVIDED,PEDESTRIAN CROSSING SIGN,FOLLOWING TOO CLOSELY,FAILING TO YIELD RIGHT-OF-WAY,0,0,0,0,18,2,3,1602,47TH ST,41.843508,-87.59674,03/23/2015 06:39:00 PM,2015
CR00022702,05/16/2024 04:32:00 AM,15,CLEAR,DAYLIGHT,REAR END,DIVIDED - W/MEDIAN (NOT RAISED),NO CONTROLS,DISTRACTION - FROM INSIDE VEHICLE,IMPROPER OVERTAKING/PASSING,0,0,0,0,4,5,5,881,OGDEN AVE,41.838173,-87.679341,05/16/2024 04:48:00 AM,2024
CR00022703,07/13/2022 04:20:00 PM,30,CLEAR,DAYLIGHT,SIDESWIPE SAME DIRECTION,DIVIDED - W/MEDIAN (NOT RAISED),NO CONTROLS,UNABLE TO DETERMINE,FOLLOWING TOO CLOSELY,0,0,0,0,16,4,7,1798,HALSTED ST,41.803796,-87.652567,07/13/2022 06:11:00 PM,2022
CR00022704,12/17/2023 04:00:00 PM,45,RAIN,DAYLIGHT,TURNING,ONE-WAY,NO CONTROLS,DRIVING SKILLS/KNOWLEDGE/EXPERIENCE,UNABLE TO DETERMINE,0,0,0,0,16,1,12,784,STONY ISLAND AVE,41.813324,-87.758861,12/17/2023 04:02:00 PM,2023
CR00022705,12/22/2021 07:05:00 PM,20,CLEAR,DAYLIGHT,ANGLE,ONE-WAY,TRAFFIC SIGNAL,UNABLE TO DETERMINE,DISTRACTION - FROM INSIDE VEHICLE,0,0,0,0,19,4,12,2496,ASHLAND AVE,41.858235,-87.832505,12/22/2021 08:42:00 PM,2021
CR00022706,04/19/2017 03:16:00 PM,20,CLEAR,DAYLIGHT,FIXED OBJECT,NOT DIVIDED,NO CONTROLS,FAILING TO REDUCE SPEED,NOT APPLICABLE,0,0,0,0,15,4,4,803,HALSTED ST,41.827496,-87.825279,04/19/2017 03:40:00 PM,2017
CR00022707,01/29/2022 05:44:00 AM,30,RAIN,DARKNESS - LIGHTED ROAD,REAR END,DIVIDED - W/MEDIAN (NOT RAISED),NO CONTROLS,FOLLOWING TOO CLOSELY,UNABLE TO DETERMINE,0,0,0,0,5,7,1,551,ASHLAND AVE,41.715539,-87.517827,01/29/2022 07:29:00 AM,2022
CR00022708,02/25/2016 08:08:00 PM,35,CLEAR,DAYLIGHT,REAR END,DIVIDED - W/MEDIAN (NOT RAISED),NO CONTROLS,DISTRACTION - FROM INSIDE VEHICLE,WEATHER,0,0,0,0,20,5,2,2437,DAMEN AVE,41.889152,-87.803752,02/25/2016 09:46:00 PM,2016
CR00022709,07/11/2017 12:55:00 PM,30,CLEAR,DARKNESS - LIGHTED ROAD,REAR TO FRONT,DIVIDED - W/MEDIAN (NOT RAISED),NO CONTROLS,DISREGARDING TRAFFIC SIGNALS,DISTRACTION - FROM INSIDE VEHICLE,0,0,0,0,12,3,7,1720,ARCHER AVE,41.946202,-87.571653,07/11/2017 01:29:00 PM,2017
CR00022710,09/14/2016 07:39:00 PM,20,CLEAR,DAYLIGHT,REAR TO FRONT,ONE-WAY,UNKNOWN,IMPROPER OVERTAKING/PASSING,NOT APPLICABLE,0,0,0,0,19,4,9,2509,DIVISION ST,41.740809,-87.677638,09/14/2016 08:27:00 PM,2016
CR00022711,09/28/2018 10:25:00 PM,45,SNOW,DAYLIGHT,ANGLE,NOT DIVIDED,TRAFFIC SIGNAL,FOLLOWING TOO CLOSELY,UNABLE TO DETERMINE,0,0,0,0,22,6,9,1527,DIVISION ST,41.909915,-87.841344,09/28/2018 11:44:00 PM,2018
CR00022712,01/31/2019 04:55:00 PM,15,RAIN,DAYLIGHT,REAR END,NOT DIVIDED,TRAFFIC SIGNAL,DISREGARDING TRAFFIC SIGNALS,UNABLE TO DETERMINE,0,0,0,0,16,5,1,1924,BROADWAY,41.944905,-87.819462,01/31/2019 06:18:00 PM,2019
CR00022713,02/05/2022 10:08:00 AM,45,CLEAR,DARKNESS - LIGHTED ROAD,REAR END,ONE-WAY,TRAFFIC SIGNAL,FOLLOWING TOO CLOSELY,UNABLE TO DETERMINE,0,0,0,0,10,7,2,1989,79TH ST,41.819768,-87.540675,02/05/2022 11:32:00 AM,2022
CR00022714,01/07/2016 10:13:00 AM,30,CLEAR,DARKNESS - LIGHTED ROAD,FIXED OBJECT,ONE-WAY,NO CONTROLS,DRIVING SKILLS/KNOWLEDGE/EXPERIENCE,NOT APPLICABLE,0,0,1,1,10,5,1,394,63RD ST,41.8098,-87.661024,01/07/2016 10:26:00 AM,2016