CRASH_RECORD_ID,CRASH_DATE,POSTED_SPEED_LIMIT,WEATHER_CONDITION,LIGHTING_CONDITION,FIRST_CRASH_TYPE,TRAFFICWAY_TYPE,TRAFFIC_CONTROL_DEVICE,PRIM_CONTRIBUTORY_CAUSE,SEC_CONTRIBUTORY_CAUSE,INJURIES_FATAL,INJURIES_INCAPACITATING,INJURIES_NON_INCAPACITATING,INJURIES_TOTAL,CRASH_HOUR,CRASH_DAY_OF_WEEK,CRASH_MONTH,BEAT_OF_OCCURRENCE,STREET_NAME,LATITUDE,LONGITUDE,DATE_POLICE_NOTIFIED,year
CR00022715,06/19/2021 05:20:00 PM,15,SNOW,DARKNESS - LIGHTED ROAD,TURNING,NOT DIVIDED,STOP SIGN/FLASHER,UNABLE TO DETERMINE,UNABLE TO DETERMINE,0,0,0,0,17,7,6,430,OGDEN AVE,41.889108,-87.734313,06/19/2021 06:05:00 PM,2021
CR00022716,09/18/2018 04:26:00 PM,30,CLOUDY/OVERCAST,DAYLIGHT,ANGLE,ONE-WAY,STOP SIGN/FLASHER,UNABLE TO DETERMINE,IMPROPER OVERTAKING/PASSING,0,0,0,0,16,3,9,1913,DIVISION ST,41.801799,-87.801658,09/18/2018 04:58:00 PM,2018
CR00022717,01/30/2017 05:43:00 PM,25,CLEAR,DAYLIGHT,PARKED MOTOR VEHICLE,DIVIDED - W/MEDIAN (NOT RAISED),UNKNOWN,IMPROPER OVERTAKING/PASSING,UNABLE TO DETERMINE,0,0,0,0,17,2,1,1539,STONY ISLAND AVE,41.876386,-87.591787,01/30/2017 06:59:00 PM,2017
CR00022718,02/08/2021 07:45:00 PM,20,CLEAR,DAYLIGHT,PARKED MOTOR VEHICLE,NOT DIVIDED,NO CONTROLS,FAILING TO REDUCE SPEED,DISTRACTION - FROM INSIDE VEHICLE,0,0,0,0,19,2,2,2288,DAMEN AVE,41.96213,-87.504474,02/08/2021 08:56:00 PM,2021
CR00022719,04/13/2018 08:19:00 AM,30,CLEAR,DAYLIGHT,ANGLE,DIVIDED - W/MEDIAN (NOT RAISED),NO CONTROLS,FAILING TO YIELD RIGHT-OF-WAY,UNABLE TO DETERMINE,0,0,3,3,8,6,4,1528,WESTERN AVE,41.744245,-87.569468,04/13/2018 09:14:00 AM,2018
CR00022720,06/27/2015 04:47:00 PM,45,CLEAR,DAYLIGHT,ANGLE,NOT DIVIDED,TRAFFIC SIGNAL,FAILING TO YIELD RIGHT-OF-WAY,NOT APPLICABLE,0,0,0,0,16,7,6,1129,ROOSEVELT RD,41.936863,-87.545547,06/27/2015 06:28:00 PM,2015
CR00022721,08/28/2017 06:29:00 PM,30,CLEAR,DAYLIGHT,REAR TO FRONT,NOT DIVIDED,TRAFFIC SIGNAL,IMPROPER OVERTAKING/PASSING,FOLLOWING TOO CLOSELY,0,0,0,0,18,2,8,796,DAMEN AVE,41.981924,-87.573622,08/28/2017 07:16:00 PM,2017
CR00022722,09/22/2018 01:53:00 PM,35,CLOUDY/OVERCAST,DARKNESS,ANGLE,DIVIDED - W/MEDIAN (NOT RAISED),NO CONTROLS,FOLLOWING TOO CLOSELY,FAILING TO YIELD RIGHT-OF-WAY,0,0,0,0,13,7,9,1989,CLARK ST,41.806691,-87.782376,09/22/2018 03:27:00 PM,2018
CR00022723,05/09/2024 02:18:00 AM,20,CLEAR,DAYLIGHT,REAR END,NOT DIVIDED,NO CONTROLS,FAILING TO YIELD RIGHT-OF-WAY,NOT APPLICABLE,0,0,0,0,2,5,5,998,79TH ST,41.854073,-87.637153,05/09/2024 02:27:00 AM,2024
CR00022724,03/13/2018 03:00:00 PM,35,CLEAR,DARKNESS - LIGHTED ROAD,ANGLE,ONE-WAY,YIELD,FOLLOWING TOO CLOSELY,NOT APPLICABLE,0,0,0,0,15,3,3,1389,79TH ST,41.886664,-87.594077,03/13/2018 04:33:00 PM,2018
CR00022725,12/27/2024 07:23:00 AM,25,CLEAR,DAYLIGHT,TURNING,ONE-WAY,STOP SIGN/FLASHER,UNABLE TO DETERMINE,DRIVING SKILLS/KNOWLEDGE/EXPERIENCE,0,0,1,1,7,6,12,311,PULASKI RD,41.909921,-87.643597,12/27/2024 08:17:00 AM,2024
CR00022726,12/01/2022 08:23:00 AM,30,CLEAR,DAYLIGHT,TURNING,ONE-WAY,TRAFFIC SIGNAL,DISREGARDING TRAFFIC SIGNALS,DRIVING SKILLS/KNOWLEDGE/EXPERIENCE,0,2,0,2,8,5,12,2288,STONY ISLAND AVE,41.870005,-87.524721,12/01/2022 09:34:00 AM,2022
CR00022727,09/23/2015 03:42:00 PM,45,CLEAR,DAYLIGHT,PARKED MOTOR VEHICLE,FOUR WAY,STOP SIGN/FLASHER,IMPROPER LANE USAGE,DISTRACTION - FROM INSIDE VEHICLE,1,2,3,6,15,4,9,1746,MICHIGAN AVE,41.755682,-87.613772,09/23/2015 05:03:00 PM,2015
CR00022728,09/01/2017 08:40:00 AM,35,SNOW,DARKNESS,REAR END,NOT DIVIDED,TRAFFIC SIGNAL,FAILING TO YIELD RIGHT-OF-WAY,IMPROPER LANE USAGE,0,0,3,3,8,6,9,403,HALSTED ST,41.739861,-87.848587,09/01/2017 10:00:00 AM,2017
CR00022729,03/09/2017 02:43:00 AM,35,CLEAR,DARKNESS,REAR END,FOUR WAY,YIELD,UNABLE TO DETERMINE,NOT APPLICABLE,0,0,0,0,2,5,3,946,MICHIGAN AVE,41.877988,-87.833136,03/09/2017 04:18:00 AM,2017
CR00022730,07/09/2019 05:11:00 PM,15,CLEAR,DARKNESS - LIGHTED ROAD,ANGLE,NOT DIVIDED,TRAFFIC SIGNAL,UNABLE TO DETERMINE,NOT APPLICABLE,0,0,0,0,17,3,7,140,MICHIGAN AVE,41.968625,-87.579221,07/09/2019 07:06:00 PM,2019
CR00022731,02/13/2023 07:27:00 AM,40,CLEAR,DARKNESS - LIGHTED ROAD,FIXED OBJECT,NOT DIVIDED,STOP SIGN/FLASHER,UNABLE TO DETERMINE,FAILING TO YIELD RIGHT-OF-WAY,0,0,0,0,7,2,2,1576,DAMEN AVE,41.929028,-87.522994,02/13/2023 09:13:00 AM,2023
CR00022732,11/16/2018 05:38:00 PM,30,CLEAR,DARKNESS - LIGHTED ROAD,PARKED MOTOR VEHICLE,ONE-WAY,NO CONTROLS,IMPROPER LANE USAGE,FOLLOWING TOO CLOSELY,0,0,0,0,17,6,11,1193,FULLERTON AVE,41.829194,-87.525799,11/16/2018 07:22:00 PM,2018
CR00022733,04/04/2020 03:28:00 AM,35,CLEAR,DAYLIGHT,REAR END,NOT DIVIDED,STOP SIGN/FLASHER,DRIVING SKILLS/KNOWLEDGE/EXPERIENCE,DISTRACTION - FROM INSIDE VEHICLE,0,0,0,0,3,7,4,2239,STONY ISLAND AVE,41.8535,-87.73461,04/04/2020 05:10:00 AM,2020
CR00022734,07/18/2016 04:33:00 AM,30,RAIN,DAYLIGHT,TURNING,ONE-WAY,NO CONTROLS,FOLLOWING TOO CLOSELY,DRIVING SKILLS/KNOWLEDGE/EXPERIENCE,0,0,0,0,4,2,7,969,PULASKI RD,41.935072,-87.545621,07/18/2016 05:25:00 AM,2016
CR00022735,09/16/2022 02:08:00 AM,45,CLEAR,DARKNESS - LIGHTED ROAD,TURNING,DIVIDED - W/MEDIAN (NOT RAISED),STOP SIGN/FLASHER,FOLLOWING TOO CLOSELY,FOLLOWING TOO CLOSELY,0,0,0,0,2,6,9,1186,IRVING PARK RD,41.957157,-87.621104,09/16/2022 02:45:00 AM,2022
CR00022736,04/15/2020 01:07:00 PM,15,CLEAR,DAYLIGHT,ANGLE,NOT DIVIDED,UNKNOWN,DISREGARDING TRAFFIC SIGNALS,IMPROPER LANE USAGE,0,0,1,1,13,4,4,1709,CALIFORNIA AVE,41.997808,-87.591981,04/15/2020 01:31:00 PM,2020
CR00022737,05/30/2016 08:07:00 PM,30,CLEAR,DAYLIGHT,ANGLE,ONE-WAY,STOP SIGN/FLASHER,IMPROPER OVERTAKING/PASSING,NOT APPLICABLE,0,0,0,0,20,2,5,1973,CICERO AVE,41.826935,-87.667597,05/30/2016 08:24:00 PM,2016
CR00022738,05/27/2019 01:33:00 AM,35,CLEAR,DAYLIGHT,TURNING,DIVIDED - W/MEDIAN (NOT RAISED),TRAFFIC SIGNAL,FOLLOWING TOO CLOSELY,WEATHER,0,0,0,0,1,2,5,1691,MILWAUKEE AVE,41.772368,-87.585569,05/27/2019 02:37:00 AM,2019
CR00022739,05/09/2017 11:15:00 PM,30,RAIN,DAYLIGHT,REAR END,DIVIDED - W/MEDIAN BARRIER,NO CONTROLS,FOLLOWING TOO CLOSELY,IMPROPER LANE USAGE,0,0,0,0,23,3,5,297,DAMEN AVE,41.970301,-87.696255,05/10/2017 12:12:00 AM,2017
CR00022740,06/12/2017 03:14:00 AM,15,RAIN,DUSK,TURNING,DIVIDED - W/MEDIAN (NOT RAISED),NO CONTROLS,UNABLE TO DETERMINE,NOT APPLICABLE,0,0,0,0,3,2,6,1173,KEDZIE AVE,41.714156,-87.805906,06/12/2017 03:52:00 AM,2017
CR00022741,11/10/2024 06:19:00 PM,25,CLEAR,DARKNESS - LIGHTED ROAD,REAR END,DIVIDED - W/MEDIAN (NOT RAISED),YIELD,IMPROPER OVERTAKING/PASSING,FAILING TO YIELD RIGHT-OF-WAY,0,0,0,0,18,1,11,516,79TH ST,41.901698,-87.824608,11/10/2024 06:54:00 PM,2024
CR00022742,12/20/2022 01:58:00 PM,30,RAIN,DARKNESS - LIGHTED ROAD,PARKED MOTOR VEHICLE,ONE-WAY,TRAFFIC SIGNAL,UNABLE TO DETERMINE,UNABLE TO DETERMINE,0,0,0,0,13,3,12,1678,FULLERTON AVE,41.916661,-87.527041,12/20/2022 03:45:00 PM,2022
CR00022743,09/03/2017 04:37:00 PM,30,CLEAR,DAWN,REAR END,NOT DIVIDED,TRAFFIC SIGNAL,IMPROPER OVERTAKING/PASSING,NOT APPLICABLE,0,0,0,0,16,1,9,791,CICERO AVE,41.892696,-87.765155,09/03/2017 06:13:00 PM,2017
CR00022744,04/28/2017 08:17:00 AM,30,CLOUDY/OVERCAST,DARKNESS - LIGHTED ROAD,PARKED MOTOR VEHICLE,ONE-WAY,TRAFFIC SIGNAL,IMPROPER OVERTAKING/PASSING,DRIVING SKILLS/KNOWLEDGE/EXPERIENCE,0,0,0,0,8,6,4,1131,MILWAUKEE AVE,41.73267,-87.758124,04/28/2017 10:13:00 AM,2017
CR00022745,12/30/2024 05:35:00 PM,15,CLEAR,DARKNESS - LIGHTED ROAD,ANGLE,NOT DIVIDED,TRAFFIC SIGNAL,FAILING TO YIELD RIGHT-OF-WAY,IMPROPER LANE USAGE,0,0,0,0,17,2,12,1478,STONY ISLAND AVE,41.909178,-87.793663,12/30/2024 05:57:00 PM,2024
CR00022746,12/07/2017 07:11:00 PM,30,CLEAR,DAYLIGHT,ANGLE,ONE-WAY,UNKNOWN,UNABLE TO DETERMINE,FAILING TO YIELD RIGHT-OF-WAY,0,0,1,1,19,5,12,672,CLARK ST,41.775939,-87.830854,12/07/2017 07:57:00 PM,2017
CR00022747,07/08/2022 05:09:00 PM,25,CLOUDY/OVERCAST,DARKNESS - LIGHTED ROAD,REAR END,ONE-WAY,NO CONTROLS,DRIVING SKILLS/KNOWLEDGE/EXPERIENCE,DRIVING SKILLS/KNOWLEDGE/EXPERIENCE,0,0,2,2,17,6,7,545,HALSTED ST,41.803294,-87.529239,07/08/2022 06:46:00 PM,2022
CR00022748,11/04/2018 08:20:00 PM,30,SNOW,DUSK,REAR END,NOT DIVIDED,STOP SIGN/FLASHER,WEATHER,FOLLOWING TOO CLOSELY,0,0,0,0,20,1,11,2225,63RD ST,41.88185,-87.799013,11/04/2018 08:33:00 PM,2018
CR00022749,07/01/2024 05:34:00 PM,40,CLEAR,DAYLIGHT,REAR TO FRONT,NOT DIVIDED,STOP SIGN/FLASHER,FOLLOWING TOO CLOSELY,NOT APPLICABLE,0,0,0,0,17,2,7,667,OGDEN AVE,41.993671,-87.689846,07/01/2024 07:07:00 PM,2024
CR00022750,06/13/2020 08:45:00 PM,15,CLEAR,DAYLIGHT,REAR END,NOT DIVIDED,TRAFFIC SIGNAL,UNABLE TO DETERMINE,DRIVING SKILLS/KNOWLEDGE/EXPERIENCE,0,0,0,0,20,7,6,556,CALIFORNIA AVE,41.938835,-87.659768,06/13/2020 09:59:00 PM,2020
CR00022751,05/21/2024 10:18:00 AM,30,CLEAR,DARKNESS - LIGHTED ROAD,REAR END,NOT DIVIDED,NO CONTROLS,IMPROPER OVERTAKING/PASSING,NOT APPLICABLE,0,0,0,0,10,3,5,1770,LAKE SHORE DR,41.701238,-87.796242,05/21/2024 11:11:00 AM,2024
CR00022752,02/15/2022 08:30:00 AM,30,RAIN,DAYLIGHT,REAR END,T-INTERSECTION,NO CONTROLS,IMPROPER LANE USAGE,DISREGARDING TRAFFIC SIGNALS,0,0,0,0,8,3,2,1632,MILWAUKEE AVE,41.777922,-87.5273,02/15/2022 08:44:00 AM,2022
CR00022753,12/22/2017 05:26:00 PM,20,CLEAR,DUSK,PARKED MOTOR VEHICLE,NOT DIVIDED,TRAFFIC SIGNAL,DISTRACTION - FROM INSIDE VEHICLE,NOT APPLICABLE,0,0,0,0,17,6,12,1935,79TH ST,41.878763,-87.81178,12/22/2017 06:40:00 PM,2017
CR00022754,02/21/2024 01:48:00 PM,40,FREEZING RAIN/DRIZZLE,DAYLIGHT,SIDESWIPE SAME DIRECTION,NOT DIVIDED,STOP SIGN/FLASHER,UNABLE TO DETERMINE,DISTRACTION - FROM INSIDE VEHICLE,0,0,0,0,13,4,2,1165,CALIFORNIA AVE,41.925739,-87.555623,02/21/2024 01:56:00 PM,2024
CR00022755,05/30/2020 07:43:00 PM,35,CLEAR,DAYLIGHT,PARKED MOTOR VEHICLE,NOT DIVIDED,TRAFFIC SIGNAL,UNABLE TO DETERMINE,UNABLE TO DETERMINE,0,0,2,2,19,7,5,804,ARCHER AVE,41.740733,-87.646157,05/30/2020 08:54:00 PM,2020
CR00022756,11/26/2024 09:12:00 AM,40,CLEAR,DARKNESS - LIGHTED ROAD,PARKED MOTOR VEHICLE,NOT DIVIDED,TRAFFIC SIGNAL,UNABLE TO DETERMINE,FAILING TO YIELD RIGHT-OF-WAY,0,0,0,0,9,3,11,1350,BROADWAY,41.942399,-87.552817,11/26/2024 10:25:00 AM,2024
CR00022757,06/18/2016 07:46:00 PM,30,CLEAR,DARKNESS - LIGHTED ROAD,PARKED MOTOR VEHICLE,DIVIDED - W/MEDIAN (NOT RAISED),TRAFFIC SIGNAL,IMPROPER LANE USAGE,FOLLOWING TOO CLOSELY,0,0,0,0,19,7,6,173,ELSTON AVE,41.824709,-87.676528,06/18/2016 08:52:00 PM,2016
CR00022758,12/20/2019 05:23:00 PM,30,CLEAR,DARKNESS - LIGHTED ROAD,REAR END,NOT DIVIDED,STOP SIGN/FLASHER,UNABLE TO DETERMINE,DRIVING SKILLS/KNOWLEDGE/EXPERIENCE,0,0,1,1,17,6,12,575,47TH ST,41.771463,-87.662645,12/20/2019 06:15:00 PM,2019
CR00022759,09/18/2018 02:03:00 AM,30,FOG/SMOKE/HAZE,DAWN,SIDESWIPE SAME DIRECTION,FOUR WAY,NO CONTROLS,FOLLOWING TOO CLOSELY,FOLLOWING TOO CLOSELY,0,0,0,0,2,3,9,359,DAMEN AVE,41.966259,-87.51183,09/18/2018 02:59:00 AM,2018
CR00022760,10/25/2023 07:34:00 PM,30,RAIN,DAYLIGHT,TURNING,NOT DIVIDED,TRAFFIC SIGNAL,FAILING TO YIELD RIGHT-OF-WAY,UNABLE TO DETERMINE,0,0,0,0,19,4,10,801,IRVING PARK RD,41.87585,-87.576424,10/25/2023 09:01:00 PM,2023
CR00022761,06/04/2018 08:37:00 PM,15,CLEAR,DUSK,REAR END,NOT DIVIDED,TRAFFIC SIGNAL,FAILING TO YIELD RIGHT-OF-WAY,FOLLOWING TOO CLOSELY,0,0,0,0,20,2,6,440,CLARK ST,41.922339,-87.849025,06/04/2018 09:34:00 PM,2018
CR00022762,09/21/2024 12:05:00 AM,35,CLEAR,DARKNESS - LIGHTED ROAD,ANGLE,NOT DIVIDED,STOP SIGN/FLASHER,UNABLE TO DETERMINE,UNABLE TO DETERMINE,0,2,0,2,0,7,9,1638,STATE ST,41.736244,-87.541693,09/21/2024 02:03:00 AM,2024
CR00022763,09/30/2024 08:25:00 AM,35,CLEAR,DARKNESS - LIGHTED ROAD,ANGLE,DIVIDED - W/MEDIAN (NOT RAISED),TRAFFIC SIGNAL,UNABLE TO DETERMINE,FAILING TO YIELD RIGHT-OF-WAY,0,0,0,0,8,2,9,162,MICHIGAN AVE,41.742991,-87.789919,09/30/2024 09:10:00 AM,2024
CR00022764,03/08/2022 06:42:00 PM,35,CLEAR,DARKNESS - LIGHTED ROAD,PARKED MOTOR VEHICLE,T-INTERSECTION,NO CONTROLS,IMPROPER LANE USAGE,DISTRACTION - FROM INSIDE VEHICLE,0,0,0,0,18,3,3,1094,HALSTED ST,41.835721,-87.829531,03/08/2022 07:45:00 PM,2022
CR00022765,03/18/2019 07:10:00 AM,30,CLEAR,DAYLIGHT,FIXED OBJECT,DIVIDED - W/MEDIAN BARRIER,NO CONTROLS,UNABLE TO DETERMINE,FOLLOWING TOO CLOSELY,0,0,3,3,7,2,3,868,47TH ST,41.820783,-87.742285,03/18/2019 07:48:00 AM,2019
CR00022766,07/24/2021 09:51:00 AM,30,CLEAR,DAYLIGHT,PARKED MOTOR VEHICLE,DIVIDED - W/MEDIAN (NOT RAISED),NO CONTROLS,UNABLE TO DETERMINE,FOLLOWING TOO CLOSELY,0,0,0,0,9,7,7,300,ROOSEVELT RD,41.812012,-87.547685,07/24/2021 10:21:00 AM,2021
CR00022767,02/27/2015 07:18:00 AM,15,RAIN,DAYLIGHT,PARKED MOTOR VEHICLE,NOT DIVIDED,UNKNOWN,DRIVING SKILLS/KNOWLEDGE/EXPERIENCE,FAILING TO REDUCE SPEED,0,0,0,0,7,6,2,2417,DAMEN AVE,41.770312,-87.565766,02/27/2015 07:28:00 AM,2015
CR00022768,08/20/2016 04:45:00 PM,45,CLEAR,DAWN,SIDESWIPE SAME DIRECTION,ONE-WAY,NO CONTROLS,DRIVING SKILLS/KNOWLEDGE/EXPERIENCE,UNABLE TO DETERMINE,0,0,0,0,16,7,8,1474,MILWAUKEE AVE,41.836676,-87.556502,08/20/2016 05:58:00 PM,2016
CR00022769,02/09/2017 04:24:00 PM,20,RAIN,DARKNESS - LIGHTED ROAD,TURNING,DIVIDED - W/MEDIAN (NOT RAISED),TRAFFIC SIGNAL,FAILING TO YIELD RIGHT-OF-WAY,DRIVING SKILLS/KNOWLEDGE/EXPERIENCE,0,0,0,0,16,5,2,317,CLARK ST,41.70669,-87.741468,02/09/2017 06:12:00 PM,2017
CR00022770,01/08/2022 09:14:00 AM,30,CLEAR,DARKNESS - LIGHTED ROAD,REAR END,NOT DIVIDED,TRAFFIC SIGNAL,FAILING TO YIELD RIGHT-OF-WAY,NOT APPLICABLE,0,0,0,0,9,7,1,1735,MICHIGAN AVE,41.870015,-87.636189,01/08/2022 11:09:00 AM,2022
CR00022771,10/12/2015 05:57:00 PM,15,CLEAR,DAYLIGHT,SIDESWIPE SAME DIRECTION,T-INTERSECTION,YIELD,FOLLOWING TOO CLOSELY,FOLLOWING TOO CLOSELY,0,0,0,0,17,2,10,2259,79TH ST,41.714483,-87.722991,10/12/2015 06:39:00 PM,2015
CR00022772,07/07/2022 05:53:00 PM,40,CLEAR,DAYLIGHT,TURNING,NOT DIVIDED,UNKNOWN,DISTRACTION - FROM INSIDE VEHICLE,FOLLOWING TOO CLOSELY,0,0,0,0,17,5,7,711,OGDEN AVE,41.786322,-87.825354,07/07/2022 06:25:00 PM,2022
CR00022773,09/23/2022 07:23:00 AM,30,RAIN,DARKNESS - LIGHTED ROAD,TURNING,T-INTERSECTION,TRAFFIC SIGNAL,FOLLOWING TOO CLOSELY,DRIVING SKILLS/KNOWLEDGE/EXPERIENCE,0,1,0,1,7,6,9,239,STATE ST,41.705527,-87.776733,09/23/2022 07:54:00 AM,2022
CR00022774,02/21/2021 05:58:00 PM,20,CLEAR,DAYLIGHT,PEDESTRIAN,ONE-WAY,NO CONTROLS,FOLLOWING TOO CLOSELY,DRIVING SKILLS/KNOWLEDGE/EXPERIENCE,0,0,0,0,17,1,2,1478,WESTERN AVE,41.788485,-87.764198,02/21/2021 07:38:00 PM,2021
CR00022775,09/28/2015 10:28:00 AM,25,CLEAR,DARKNESS - LIGHTED ROAD,REAR END,FOUR WAY,STOP SIGN/FLASHER,DISTRACTION - FROM INSIDE VEHICLE,DRIVING SKILLS/KNOWLEDGE/EXPERIENCE,0,0,0,0,10,2,9,1658,ELSTON AVE,41.848261,-87.737459,09/28/2015 10:56:00 AM,2015
CR00022776,10/03/2016 11:32:00 PM,30,SNOW,DARKNESS - LIGHTED ROAD,PEDESTRIAN,ONE-WAY,TRAFFIC SIGNAL,FAILING TO YIELD RIGHT-OF-WAY,UNABLE TO DETERMINE,0,0,1,1,23,2,10,1639,ROOSEVELT RD,41.761055,-87.799647,10/03/2016 11:39:00 PM,2016
CR00022777,12/20/2018 01:32:00 AM,15,RAIN,DARKNESS - LIGHTED ROAD,REAR END,NOT DIVIDED,STOP SIGN/FLASHER,FAILING TO YIELD RIGHT-OF-WAY,UNABLE TO DETERMINE,0,0,1,1,1,5,12,1699,CLARK ST,41.777289,-87.670609,12/20/2018 02:18:00 AM,2018
CR00022778,04/13/2019 11:39:00 AM,30,CLEAR,DAYLIGHT,REAR END,DIVIDED - W/MEDIAN (NOT RAISED),TRAFFIC SIGNAL,FAILING TO YIELD RIGHT-OF-WAY,FOLLOWING TOO CLOSELY,0,0,0,0,11,7,4,2295,LAKE SHORE DR,41.896651,-87.669288,04/13/2019 01:04:00 PM,2019
CR00022779,05/21/2017 07:06:00 AM,25,CLOUDY/OVERCAST,DARKNESS,REAR END,T-INTERSECTION,STOP SIGN/FLASHER,IMPROPER OVERTAKING/PASSING,UNABLE TO DETERMINE,0,0,0,0,7,1,5,1662,DAMEN AVE,41.766026,-87.558687,05/21/2017 07:44:00 AM,2017
CR00022780,01/14/2018 09:16:00 AM,30,CLOUDY/OVERCAST,DARKNESS - LIGHTED ROAD,SIDESWIPE SAME DIRECTION,NOT DIVIDED,NO CONTROLS,DRIVING SKILLS/KNOWLEDGE/EXPERIENCE,IMPROPER OVERTAKING/PASSING,0,0,0,0,9,1,1,2475,CICERO AVE,41.782121,-87.768839,01/14/2018 10:47:00 AM,2018
CR00022781,05/30/2015 09:13:00 PM,30,CLEAR,DAWN,ANGLE,ONE-WAY,NO CONTROLS,UNABLE TO DETERMINE,FAILING TO YIELD RIGHT-OF-WAY,0,1,3,4,21,7,5,1792,KEDZIE AVE,41.971158,-87.797778,05/30/2015 10:24:00 PM,2015
CR00022782,04/09/2019 02:41:00 AM,15,CLEAR,DAYLIGHT,REAR END,DIVIDED - W/MEDIAN BARRIER,NO CONTROLS,FAILING TO YIELD RIGHT-OF-WAY,DRIVING SKILLS/KNOWLEDGE/EXPERIENCE,0,0,0,0,2,3,4,230,PULASKI RD,41.707217,-87.652846,04/09/2019 03:07:00 AM,2019
CR00022783,01/15/2017 12:50:00 AM,35,CLEAR,DARKNESS - LIGHTED ROAD,REAR END,FOUR WAY,YIELD,UNABLE TO DETERMINE,FAILING TO REDUCE SPEED,0,2,2,4,0,1,1,2252,CLARK ST,41.778274,-87.67523,01/15/2017 01:46:00 AM,2017
CR00022784,08/15/2015 12:12:00 PM,25,CLEAR,DAYLIGHT,REAR END,NOT DIVIDED,TRAFFIC SIGNAL,FAILING TO YIELD RIGHT-OF-WAY,FAILING TO YIELD RIGHT-OF-WAY,0,0,0,0,12,7,8,1146,DIVISION ST,41.874569,-87.504256,08/15/2015 01:03:00 PM,2015
CR00022785,05/23/2018 08:14:00 AM,35,CLEAR,DAYLIGHT,ANGLE,DIVIDED - W/MEDIAN BARRIER,NO CONTROLS,IMPROPER OVERTAKING/PASSING,IMPROPER LANE USAGE,0,0,0,0,8,4,5,377,OGDEN AVE,41.856823,-87.552546,05/23/2018 10:12:00 AM,2018
CR00022786,04/03/2020 06:30:00 PM,20,CLEAR,DARKNESS - LIGHTED ROAD,TURNING,T-INTERSECTION,TRAFFIC SIGNAL,FOLLOWING TOO CLOSELY,FOLLOWING TOO CLOSELY,0,0,0,0,18,6,4,795,DAMEN AVE,41.788756,-87.581154,04/03/2020 07:12:00 PM,2020
CR00022787,06/07/2021 06:54:00 PM,30,RAIN,DAYLIGHT,REAR TO FRONT,NOT DIVIDED,NO CONTROLS,FOLLOWING TOO CLOSELY,UNABLE TO DETERMINE,0,0,0,0,18,2,6,2408,47TH ST,41.792043,-87.754087,06/07/2021 08:03:00 PM,2021
CR00022788,03/16/2016 03:23:00 PM,40,CLEAR,DUSK,REAR END,DIVIDED - W/MEDIAN (NOT RAISED),STOP SIGN/FLASHER,UNABLE TO DETERMINE,UNABLE TO DETERMINE,0,0,0,0,15,4,3,2481,47TH ST,41.871473,-87.555958,03/16/2016 04:06:00 PM,2016
CR00022789,08/22/2023 09:56:00 AM,20,CLOUDY/OVERCAST,DAYLIGHT,ANGLE,NOT DIVIDED,NO CONTROLS,UNABLE TO DETERMINE,DISTRACTION - FROM INSIDE VEHICLE,0,0,0,0,9,3,8,1116,FULLERTON AVE,41.798392,-87.532744,08/22/2023 10:34:00 AM,2023
CR00022790,08/31/2015 06:59:00 PM,30,SNOW,DAYLIGHT,REAR END,DIVIDED - W/MEDIAN (NOT RAISED),STOP SIGN/FLASHER,DRIVING SKILLS/KNOWLEDGE/EXPERIENCE,NOT APPLICABLE,0,0,2,2,18,2,8,1046,DIVISION ST,41.813743,-87.845602,08/31/2015 08:59:00 PM,2015
CR00022791,08/08/2016 02:50:00 PM,45,CLEAR,DAWN,SIDESWIPE SAME DIRECTION,NOT DIVIDED,STOP SIGN/FLASHER,IMPROPER OVERTAKING/PASSING,IMPROPER OVERTAKING/PASSING,0,0,0,0,14,2,8,2467,79TH ST,41.926201,-87.706068,08/08/2016 03:33:00 PM,2016
CR00022792,02/09/2024 08:48:00 PM,30,CLOUDY/OVERCAST,DAYLIGHT,REAR END,DIVIDED - W/MEDIAN (NOT RAISED),TRAFFIC SIGNAL,FAILING TO YIELD RIGHT-OF-WAY,FOLLOWING TOO CLOSELY,0,1,3,4,20,6,2,1185,PULASKI RD,41.752951,-87.613558,02/09/2024 10:14:00 PM,2024
CR00022793,08/07/2017 06:11:00 PM,25,CLEAR,DUSK,REAR TO FRONT,DIVIDED - W/MEDIAN (NOT RAISED),TRAFFIC SIGNAL,UNABLE TO DETERMINE,IMPROPER LANE USAGE,0,1,3,4,18,2,8,1354,DIVISION ST,41.92501,-87.564784,08/07/2017 07:45:00 PM,2017
CR00022794,08/01/2018 07:59:00 AM,15,CLEAR,DARKNESS - LIGHTED ROAD,ANGLE,DIVIDED - W/MEDIAN BARRIER,TRAFFIC SIGNAL,UNABLE TO DETERMINE,NOT APPLICABLE,0,0,0,0,7,4,8,2160,STATE ST,41.894836,-87.555374,08/01/2018 08:55:00 AM,2018
CR00022795,05/16/2023 08:41:00 AM,40,CLEAR,DAYLIGHT,ANGLE,DIVIDED - W/MEDIAN BARRIER,NO CONTROLS,DRIVING SKILLS/KNOWLEDGE/EXPERIENCE,FAILING TO REDUCE SPEED,0,0,0,0,8,3,5,898,CALIFORNIA AVE,41.857134,-87.638302,05/16/2023 09:38:00 AM,2023