CRASH_RECORD_ID,CRASH_DATE,POSTED_SPEED_LIMIT,WEATHER_CONDITION,LIGHTING_CONDITION,FIRST_CRASH_TYPE,TRAFFICWAY_TYPE,TRAFFIC_CONTROL_DEVICE,PRIM_CONTRIBUTORY_CAUSE,SEC_CONTRIBUTORY_CAUSE,INJURIES_FATAL,INJURIES_INCAPACITATING,INJURIES_NON_INCAPACITATING,INJURIES_TOTAL,CRASH_HOUR,CRASH_DAY_OF_WEEK,CRASH_MONTH,BEAT_OF_OCCURRENCE,STREET_NAME,LATITUDE,LONGITUDE,DATE_POLICE_NOTIFIED,year
CR00022796,11/11/2020 05:19:00 PM,15,CLOUDY/OVERCAST,DUSK,FIXED OBJECT,NOT DIVIDED,STOP SIGN/FLASHER,IMPROPER LANE USAGE,FAILING TO YIELD RIGHT-OF-WAY,0,0,0,0,17,4,11,397,63RD ST,41.991298,-87.781611,11/11/2020 06:51:00 PM,2020
CR00022797,09/26/2021 05:08:00 PM,35,CLEAR,DARKNESS - LIGHTED ROAD,REAR END,NOT DIVIDED,TRAFFIC SIGNAL,IMPROPER LANE USAGE,IMPROPER LANE USAGE,0,0,3,3,17,1,9,1659,DIVISION ST,41.733342,-87.550916,09/26/2021 05:17:00 PM,2021
CR00022798,01/01/2021 03:53:00 PM,30,CLEAR,DAYLIGHT,REAR END,NOT DIVIDED,STOP SIGN/FLASHER,IMPROPER OVERTAKING/PASSING,DISREGARDING TRAFFIC SIGNALS,0,0,0,0,15,6,1,1134,BROADWAY,41.74533,-87.631687,01/01/2021 05:22:00 PM,2021
CR00022799,11/05/2015 08:16:00 AM,25,CLEAR,DAYLIGHT,TURNING,DIVIDED - W/MEDIAN BARRIER,PEDESTRIAN CROSSING SIGN,WEATHER,DISTRACTION - FROM INSIDE VEHICLE,0,1,3,4,8,5,11,781,ELSTON AVE,41.769325,-87.669016,11/05/2015 10:08:00 AM,2015
CR00022800,05/17/2020 08:44:00 AM,40,CLEAR,DAYLIGHT,TURNING,NOT DIVIDED,TRAFFIC SIGNAL,UNABLE TO DETERMINE,NOT APPLICABLE,0,0,0,0,8,1,5,1239,FULLERTON AVE,41.987389,-87.651294,05/17/2020 09:16:00 AM,2020
CR00022801,11/11/2018 02:00:00 AM,25,CLEAR,DUSK,REAR END,ONE-WAY,TRAFFIC SIGNAL,WEATHER,FOLLOWING TOO CLOSELY,0,0,0,0,2,1,11,642,MICHIGAN AVE,41.818104,-87.553552,11/11/2018 02:13:00 AM,2018
CR00022802,09/15/2016 03:26:00 PM,40,RAIN,DARKNESS - LIGHTED ROAD,SIDESWIPE SAME DIRECTION,DIVIDED - W/MEDIAN (NOT RAISED),NO CONTROLS,FOLLOWING TOO CLOSELY,NOT APPLICABLE,0,1,1,2,15,5,9,1121,DIVISION ST,41.962946,-87.592588,09/15/2016 03:38:00 PM,2016
CR00022803,05/27/2019 06:28:00 PM,25,RAIN,DAYLIGHT,TURNING,FOUR WAY,TRAFFIC SIGNAL,IMPROPER OVERTAKING/PASSING,UNABLE TO DETERMINE,0,0,0,0,18,2,5,768,ARCHER AVE,41.976822,-87.794742,05/27/2019 06:31:00 PM,2019
CR00022804,09/03/2021 03:57:00 PM,30,CLOUDY/OVERCAST,DARKNESS,SIDESWIPE SAME DIRECTION,FOUR WAY,STOP SIGN/FLASHER,IMPROPER LANE USAGE,FAILING TO YIELD RIGHT-OF-WAY,0,0,0,0,15,6,9,1454,OGDEN AVE,41.979983,-87.767201,09/03/2021 05:05:00 PM,2021
CR00022805,03/11/2017 08:54:00 PM,45,CLEAR,DARKNESS,SIDESWIPE SAME DIRECTION,NOT DIVIDED,NO CONTROLS,FOLLOWING TOO CLOSELY,NOT APPLICABLE,0,0,0,0,20,7,3,574,KEDZIE AVE,41.865947,-87.671451,03/11/2017 09:57:00 PM,2017
CR00022806,02/28/2022 07:23:00 PM,35,CLEAR,DAYLIGHT,REAR TO FRONT,DIVIDED - W/MEDIAN (NOT RAISED),TRAFFIC SIGNAL,UNABLE TO DETERMINE,DISTRACTION - FROM INSIDE VEHICLE,0,0,1,1,19,2,2,229,47TH ST,41.706923,-87.730999,02/28/2022 07:56:00 PM,2022
CR00022807,06/19/2020 08:21:00 AM,30,CLEAR,DARKNESS - LIGHTED ROAD,ANGLE,NOT DIVIDED,TRAFFIC SIGNAL,UNABLE TO DETERMINE,NOT APPLICABLE,0,0,0,0,8,6,6,1179,CALIFORNIA AVE,41.836161,-87.821938,06/19/2020 10:09:00 AM,2020
CR00022808,06/10/2021 07:45:00 PM,35,CLEAR,DAYLIGHT,ANGLE,ONE-WAY,NO CONTROLS,UNABLE TO DETERMINE,NOT APPLICABLE,0,0,0,0,19,5,6,1857,CLARK ST,41.951619,-87.820506,06/10/2021 09:19:00 PM,2021
CR00022809,12/28/2021 09:00:00 PM,20,RAIN,DAYLIGHT,TURNING,NOT DIVIDED,YIELD,DISTRACTION - FROM INSIDE VEHICLE,FAILING TO YIELD RIGHT-OF-WAY,0,0,3,3,21,3,12,2357,79TH ST,41.738808,-87.63003,12/28/2021 10:38:00 PM,2021
CR00022810,08/23/2019 03:58:00 PM,30,RAIN,DAWN,FIXED OBJECT,DIVIDED - W/MEDIAN BARRIER,STOP SIGN/FLASHER,UNABLE TO DETERMINE,DISTRACTION - FROM INSIDE VEHICLE,0,0,0,0,15,6,8,1528,MICHIGAN AVE,41.743869,-87.828389,08/23/2019 05:15:00 PM,2019
CR00022811,06/21/2016 06:59:00 PM,35,SNOW,DAYLIGHT,TURNING,NOT DIVIDED,NO CONTROLS,FAILING TO REDUCE SPEED,UNABLE TO DETERMINE,0,0,0,0,18,3,6,1740,FULLERTON AVE,41.740435,-87.807579,06/21/2016 08:30:00 PM,2016
CR00022812,01/21/2022 08:33:00 AM,45,CLEAR,DARKNESS - LIGHTED ROAD,SIDESWIPE SAME DIRECTION,FOUR WAY,TRAFFIC SIGNAL,FAILING TO YIELD RIGHT-OF-WAY,UNABLE TO DETERMINE,0,0,2,2,8,6,1,2117,MILWAUKEE AVE,41.735967,-87.604876,01/21/2022 09:41:00 AM,2022
CR00022813,10/13/2023 02:18:00 PM,25,CLEAR,DARKNESS - LIGHTED ROAD,PARKED MOTOR VEHICLE,DIVIDED - W/MEDIAN BARRIER,NO CONTROLS,FAILING TO REDUCE SPEED,DRIVING SKILLS/KNOWLEDGE/EXPERIENCE,0,0,0,0,14,6,10,162,WESTERN AVE,41.845619,-87.542163,10/13/2023 02:54:00 PM,2023
CR00022814,04/19/2018 03:28:00 PM,45,SNOW,DARKNESS - LIGHTED ROAD,REAR END,DIVIDED - W/MEDIAN BARRIER,TRAFFIC SIGNAL,UNABLE TO DETERMINE,UNABLE TO DETERMINE,0,0,0,0,15,5,4,239,HALSTED ST,41.728902,-87.581659,04/19/2018 04:44:00 PM,2018
CR00022815,01/03/2024 05:28:00 AM,20,CLEAR,DARKNESS - LIGHTED ROAD,TURNING,DIVIDED - W/MEDIAN (NOT RAISED),STOP SIGN/FLASHER,FOLLOWING TOO CLOSELY,FAILING TO YIELD RIGHT-OF-WAY,0,0,0,0,5,4,1,455,STONY ISLAND AVE,41.74503,-87.806756,01/03/2024 06:43:00 AM,2024
CR00022816,11/17/2015 10:38:00 AM,35,CLEAR,DAWN,SIDESWIPE SAME DIRECTION,DIVIDED - W/MEDIAN BARRIER,STOP SIGN/FLASHER,UNABLE TO DETERMINE,NOT APPLICABLE,0,0,2,2,10,3,11,2163,WESTERN AVE,41.919109,-87.684805,11/17/2015 11:18:00 AM,2015
CR00022817,06/06/2018 11:31:00 AM,30,CLEAR,DAYLIGHT,REAR END,NOT DIVIDED,NO CONTROLS,FOLLOWING TOO CLOSELY,FOLLOWING TOO CLOSELY,0,0,0,0,11,4,6,2106,BROADWAY,41.960024,-87.517831,06/06/2018 12:24:00 PM,2018
CR00022818,06/11/2022 07:35:00 PM,25,CLOUDY/OVERCAST,DARKNESS - LIGHTED ROAD,REAR END,NOT DIVIDED,NO CONTROLS,FAILING TO YIELD RIGHT-OF-WAY,UNABLE TO DETERMINE,0,0,0,0,19,7,6,1860,DIVISION ST,41.708236,-87.63618,06/11/2022 07:48:00 PM,2022
CR00022819,01/07/2020 02:02:00 PM,25,RAIN,DAYLIGHT,REAR END,DIVIDED - W/MEDIAN (NOT RAISED),TRAFFIC SIGNAL,UNABLE TO DETERMINE,FAILING TO YIELD RIGHT-OF-WAY,0,0,0,0,14,3,1,2385,OGDEN AVE,41.939426,-87.726073,01/07/2020 03:50:00 PM,2020
CR00022820,07/27/2023 08:44:00 AM,45,CLEAR,DARKNESS - LIGHTED ROAD,REAR TO FRONT,NOT DIVIDED,YIELD,DRIVING SKILLS/KNOWLEDGE/EXPERIENCE,IMPROPER OVERTAKING/PASSING,0,0,0,0,8,5,7,1617,MILWAUKEE AVE,41.888663,-87.513081,07/27/2023 09:30:00 AM,2023
CR00022821,04/27/2020 10:41:00 PM,20,CLEAR,DAYLIGHT,PARKED MOTOR VEHICLE,NOT DIVIDED,NO CONTROLS,FAILING TO YIELD RIGHT-OF-WAY,FAILING TO REDUCE SPEED,0,0,0,0,22,2,4,922,47TH ST,41.820532,-87.665188,04/28/2020 12:19:00 AM,2020
CR00022822,03/14/2017 06:42:00 PM,45,CLOUDY/OVERCAST,DAYLIGHT,REAR END,ONE-WAY,TRAFFIC SIGNAL,FOLLOWING TOO CLOSELY,FOLLOWING TOO CLOSELY,0,0,0,0,18,3,3,265,47TH ST,41.852891,-87.700791,03/14/2017 08:26:00 PM,2017
CR00022823,05/24/2018 05:45:00 PM,20,RAIN,DAYLIGHT,FIXED OBJECT,DIVIDED - W/MEDIAN (NOT RAISED),STOP SIGN/FLASHER,WEATHER,UNABLE TO DETERMINE,0,0,1,1,17,5,5,1198,BROADWAY,41.767829,-87.551314,05/24/2018 06:38:00 PM,2018
CR00022824,11/24/2018 08:07:00 AM,20,CLEAR,DAYLIGHT,REAR END,T-INTERSECTION,NO CONTROLS,IMPROPER OVERTAKING/PASSING,UNABLE TO DETERMINE,0,0,0,0,8,7,11,755,MICHIGAN AVE,41.793039,-87.818536,11/24/2018 09:05:00 AM,2018
CR00022825,09/06/2020 11:50:00 PM,45,RAIN,DAYLIGHT,REAR END,NOT DIVIDED,NO CONTROLS,DRIVING SKILLS/KNOWLEDGE/EXPERIENCE,FAILING TO REDUCE SPEED,0,0,0,0,23,1,9,2488,CICERO AVE,41.984326,-87.780078,09/07/2020 01:49:00 AM,2020
CR00022826,03/13/2018 11:44:00 AM,25,CLEAR,DAYLIGHT,SIDESWIPE SAME DIRECTION,NOT DIVIDED,NO CONTROLS,FOLLOWING TOO CLOSELY,UNABLE TO DETERMINE,0,0,2,2,11,3,3,1947,MICHIGAN AVE,41.922303,-87.735246,03/13/2018 12:31:00 PM,2018
CR00022827,04/26/2020 11:11:00 AM,20,CLEAR,DUSK,FIXED OBJECT,ONE-WAY,NO CONTROLS,WEATHER,UNABLE TO DETERMINE,0,1,1,2,11,1,4,1247,ROOSEVELT RD,41.700441,-87.581769,04/26/2020 12:38:00 PM,2020
CR00022828,04/25/2015 03:29:00 PM,30,CLEAR,DAYLIGHT,TURNING,NOT DIVIDED,NO CONTROLS,DISREGARDING TRAFFIC SIGNALS,WEATHER,0,0,0,0,15,7,4,2008,ROOSEVELT RD,41.924902,-87.721544,04/25/2015 03:49:00 PM,2015
CR00022829,08/16/2016 08:43:00 PM,20,CLEAR,DAYLIGHT,SIDESWIPE SAME DIRECTION,ONE-WAY,TRAFFIC SIGNAL,DISREGARDING TRAFFIC SIGNALS,FAILING TO YIELD RIGHT-OF-WAY,0,0,0,0,20,3,8,2471,STONY ISLAND AVE,41.987469,-87.840075,08/16/2016 10:18:00 PM,2016
CR00022830,12/31/2017 08:35:00 PM,30,CLEAR,DARKNESS - LIGHTED ROAD,REAR END,NOT DIVIDED,NO CONTROLS,FAILING TO YIELD RIGHT-OF-WAY,FAILING TO YIELD RIGHT-OF-WAY,0,0,0,0,20,1,12,2315,CLARK ST,41.849855,-87.569047,12/31/2017 10:27:00 PM,2017
CR00022831,03/04/2022 06:02:00 PM,20,CLOUDY/OVERCAST,DAWN,TURNING,NOT DIVIDED,TRAFFIC SIGNAL,FOLLOWING TOO CLOSELY,IMPROPER OVERTAKING/PASSING,0,0,0,0,18,6,3,2458,63RD ST,41.852594,-87.516672,03/04/2022 07:59:00 PM,2022
CR00022832,02/13/2018 04:56:00 PM,35,CLEAR,DAYLIGHT,TURNING,ONE-WAY,TRAFFIC SIGNAL,FOLLOWING TOO CLOSELY,FAILING TO REDUCE SPEED,0,0,1,1,16,3,2,1372,PULASKI RD,41.714613,-87.568133,02/13/2018 05:19:00 PM,2018
CR00022833,03/18/2021 12:31:00 AM,45,CLEAR,DARKNESS,REAR TO FRONT,NOT DIVIDED,NO CONTROLS,FAILING TO YIELD RIGHT-OF-WAY,UNABLE TO DETERMINE,0,0,0,0,0,5,3,714,79TH ST,41.877795,-87.627802,03/18/2021 01:21:00 AM,2021
CR00022834,12/08/2016 02:54:00 AM,15,FOG/SMOKE/HAZE,DARKNESS,ANGLE,DIVIDED - W/MEDIAN BARRIER,NO CONTROLS,UNABLE TO DETERMINE,DRIVING SKILLS/KNOWLEDGE/EXPERIENCE,0,0,1,1,2,5,12,422,CALIFORNIA AVE,41.91082,-87.504654,12/08/2016 04:26:00 AM,2016
CR00022835,04/02/2021 02:54:00 PM,30,FREEZING RAIN/DRIZZLE,DARKNESS - LIGHTED ROAD,ANGLE,NOT DIVIDED,TRAFFIC SIGNAL,IMPROPER LANE USAGE,IMPROPER LANE USAGE,0,0,0,0,14,6,4,1393,WESTERN AVE,41.998933,-87.797262,04/02/2021 04:15:00 PM,2021
CR00022836,10/14/2023 02:20:00 PM,45,CLEAR,DARKNESS - LIGHTED ROAD,FIXED OBJECT,DIVIDED - W/MEDIAN BARRIER,TRAFFIC SIGNAL,UNABLE TO DETERMINE,UNABLE TO DETERMINE,0,0,0,0,14,7,10,2515,PULASKI RD,41.954985,-87.553541,10/14/2023 03:43:00 PM,2023
CR00022837,06/27/2018 08:16:00 PM,15,CLOUDY/OVERCAST,DAWN,ANGLE,ONE-WAY,STOP SIGN/FLASHER,DISTRACTION - FROM INSIDE VEHICLE,FAILING TO YIELD RIGHT-OF-WAY,0,0,0,0,20,4,6,597,BROADWAY,41.804524,-87.686213,06/27/2018 09:00:00 PM,2018
CR00022838,09/11/2015 10:26:00 AM,35,CLEAR,DAYLIGHT,TURNING,NOT DIVIDED,TRAFFIC SIGNAL,UNABLE TO DETERMINE,UNABLE TO DETERMINE,0,0,0,0,10,6,9,180,79TH ST,41.99763,-87.660024,09/11/2015 12:00:00 PM,2015
CR00022839,08/25/2021 05:14:00 AM,35,CLEAR,DARKNESS - LIGHTED ROAD,REAR END,DIVIDED - W/MEDIAN BARRIER,NO CONTROLS,DRIVING SKILLS/KNOWLEDGE/EXPERIENCE,UNABLE TO DETERMINE,0,0,0,0,5,4,8,755,STATE ST,41.748058,-87.710668,08/25/2021 06:49:00 AM,2021
CR00022840,04/21/2021 05:13:00 PM,35,CLEAR,DAYLIGHT,SIDESWIPE SAME DIRECTION,ONE-WAY,NO CONTROLS,FAILING TO YIELD RIGHT-OF-WAY,DISTRACTION - FROM INSIDE VEHICLE,0,0,0,0,17,4,4,943,ELSTON AVE,41.832353,-87.690276,04/21/2021 05:53:00 PM,2021
CR00022841,06/23/2021 08:24:00 AM,30,CLEAR,DAYLIGHT,PEDESTRIAN,NOT DIVIDED,TRAFFIC SIGNAL,FOLLOWING TOO CLOSELY,FAILING TO YIELD RIGHT-OF-WAY,0,0,0,0,8,4,6,1955,DAMEN AVE,41.899446,-87.579721,06/23/2021 09:10:00 AM,2021
CR00022842,08/31/2024 09:12:00 AM,35,CLOUDY/OVERCAST,DARKNESS - LIGHTED ROAD,REAR END,NOT DIVIDED,NO CONTROLS,FAILING TO YIELD RIGHT-OF-WAY,IMPROPER OVERTAKING/PASSING,0,0,0,0,9,7,8,2120,DAMEN AVE,41.931732,-87.632788,08/31/2024 10:43:00 AM,2024
CR00022843,04/08/2017 08:17:00 AM,40,CLOUDY/OVERCAST,DAYLIGHT,REAR END,NOT DIVIDED,STOP SIGN/FLASHER,FAILING TO YIELD RIGHT-OF-WAY,UNABLE TO DETERMINE,0,0,2,2,8,7,4,1953,CLARK ST,41.769034,-87.7926,04/08/2017 09:58:00 AM,2017
CR00022844,08/08/2018 12:00:00 AM,20,RAIN,DAYLIGHT,SIDESWIPE SAME DIRECTION,NOT DIVIDED,NO CONTROLS,FAILING TO REDUCE SPEED,UNABLE TO DETERMINE,0,0,0,0,0,4,8,386,ASHLAND AVE,41.919365,-87.649407,08/08/2018 12:24:00 AM,2018
CR00022845,10/22/2017 04:35:00 PM,30,CLEAR,DAYLIGHT,REAR TO FRONT,ONE-WAY,TRAFFIC SIGNAL,IMPROPER OVERTAKING/PASSING,IMPROPER LANE USAGE,0,0,0,0,16,1,10,1192,STATE ST,41.994782,-87.617233,10/22/2017 06:13:00 PM,2017
CR00022846,07/04/2021 08:26:00 AM,15,CLEAR,DAYLIGHT,PARKED MOTOR VEHICLE,ONE-WAY,PEDESTRIAN CROSSING SIGN,DISREGARDING TRAFFIC SIGNALS,UNABLE TO DETERMINE,0,0,0,0,8,1,7,1692,PULASKI RD,41.752709,-87.600793,07/04/2021 09:29:00 AM,2021
CR00022847,05/26/2017 10:46:00 AM,25,CLEAR,DAYLIGHT,PARKED MOTOR VEHICLE,NOT DIVIDED,NO CONTROLS,FOLLOWING TOO CLOSELY,UNABLE TO DETERMINE,0,0,0,0,10,6,5,620,DAMEN AVE,41.922918,-87.659491,05/26/2017 12:07:00 PM,2017
CR00022848,08/08/2017 08:20:00 AM,30,CLEAR,DAYLIGHT,REAR TO FRONT,DIVIDED - W/MEDIAN (NOT RAISED),TRAFFIC SIGNAL,UNABLE TO DETERMINE,UNABLE TO DETERMINE,0,0,1,1,8,3,8,668,CALIFORNIA AVE,41.899061,-87.635801,08/08/2017 09:21:00 AM,2017
CR00022849,12/11/2016 07:30:00 AM,40,SNOW,DARKNESS - LIGHTED ROAD,REAR END,NOT DIVIDED,TRAFFIC SIGNAL,DISTRACTION - FROM INSIDE VEHICLE,NOT APPLICABLE,0,0,0,0,7,1,12,758,BROADWAY,41.986317,-87.712234,12/11/2016 07:52:00 AM,2016
CR00022850,01/21/2017 06:47:00 PM,30,CLEAR,DAYLIGHT,SIDESWIPE SAME DIRECTION,DIVIDED - W/MEDIAN BARRIER,UNKNOWN,UNABLE TO DETERMINE,UNABLE TO DETERMINE,0,0,0,0,18,7,1,677,HALSTED ST,41.773149,-87.588657,01/21/2017 06:56:00 PM,2017
CR00022851,02/19/2017 02:05:00 AM,30,CLEAR,DAYLIGHT,REAR END,NOT DIVIDED,NO CONTROLS,FAILING TO REDUCE SPEED,UNABLE TO DETERMINE,0,0,0,0,2,1,2,2352,KEDZIE AVE,41.877776,-87.622146,02/19/2017 02:42:00 AM,2017
CR00022852,05/05/2017 01:50:00 AM,30,SNOW,DARKNESS,PARKED MOTOR VEHICLE,ONE-WAY,NO CONTROLS,IMPROPER LANE USAGE,UNABLE TO DETERMINE,0,0,0,0,1,6,5,179,79TH ST,41.749853,-87.662059,05/05/2017 03:38:00 AM,2017
CR00022853,07/18/2022 03:30:00 AM,20,CLOUDY/OVERCAST,DAWN,REAR END,FOUR WAY,NO CONTROLS,FAILING TO REDUCE SPEED,UNABLE TO DETERMINE,0,0,0,0,3,2,7,1076,PULASKI RD,41.793072,-87.747442,07/18/2022 03:53:00 AM,2022
CR00022854,04/18/2022 12:16:00 PM,35,SNOW,DARKNESS,PARKED MOTOR VEHICLE,DIVIDED - W/MEDIAN BARRIER,NO CONTROLS,IMPROPER OVERTAKING/PASSING,NOT APPLICABLE,0,0,1,1,12,2,4,238,STATE ST,41.976208,-87.630018,04/18/2022 12:31:00 PM,2022
CR00022855,09/03/2015 12:04:00 PM,30,CLEAR,DAYLIGHT,SIDESWIPE SAME DIRECTION,FOUR WAY,NO CONTROLS,DISTRACTION - FROM INSIDE VEHICLE,FAILING TO REDUCE SPEED,0,0,0,0,12,5,9,593,CICERO AVE,41.948673,-87.542188,09/03/2015 01:11:00 PM,2015
CR00022856,06/14/2023 05:50:00 PM,25,CLEAR,DAYLIGHT,REAR END,NOT DIVIDED,TRAFFIC SIGNAL,FAILING TO YIELD RIGHT-OF-WAY,DISREGARDING TRAFFIC SIGNALS,0,0,0,0,17,4,6,877,HALSTED ST,41.902104,-87.551247,06/14/2023 06:38:00 PM,2023
CR00022857,11/03/2016 10:06:00 PM,40,CLEAR,DAYLIGHT,PARKED MOTOR VEHICLE,DIVIDED - W/MEDIAN (NOT RAISED),NO CONTROLS,DISTRACTION - FROM INSIDE VEHICLE,NOT APPLICABLE,0,0,0,0,22,5,11,1430,63RD ST,41.960198,-87.809404,11/04/2016 12:00:00 AM,2016
CR00022858,01/29/2019 06:17:00 PM,30,SNOW,DARKNESS - LIGHTED ROAD,TURNING,DIVIDED - W/MEDIAN (NOT RAISED),TRAFFIC SIGNAL,UNABLE TO DETERMINE,UNABLE TO DETERMINE,0,0,3,3,18,3,1,885,OGDEN AVE,41.990522,-87.604948,01/29/2019 06:50:00 PM,2019
CR00022859,03/23/2015 09:07:00 AM,20,CLEAR,DARKNESS - LIGHTED ROAD,REAR END,FOUR WAY,NO CONTROLS,DISREGARDING TRAFFIC SIGNALS,DISREGARDING TRAFFIC SIGNALS,0,0,0,0,9,2,3,631,HALSTED ST,41.90627,-87.728685,03/23/2015 09:34:00 AM,2015
CR00022860,09/12/2022 12:49:00 AM,35,CLEAR,DAYLIGHT,SIDESWIPE SAME DIRECTION,NOT DIVIDED,NO CONTROLS,UNABLE TO DETERMINE,UNABLE TO DETERMINE,0,0,0,0,0,2,9,2200,STATE ST,41.722943,-87.537605,09/12/2022 02:13:00 AM,2022
CR00022861,07/03/2023 08:27:00 PM,35,CLEAR,DAYLIGHT,FIXED OBJECT,NOT DIVIDED,TRAFFIC SIGNAL,DRIVING SKILLS/KNOWLEDGE/EXPERIENCE,DRIVING SKILLS/KNOWLEDGE/EXPERIENCE,0,0,0,0,20,2,7,1120,KEDZIE AVE,41.966535,-87.63455,07/03/2023 09:35:00 PM,2023
CR00022862,08/01/2016 12:23:00 PM,35,CLEAR,DAYLIGHT,ANGLE,ONE-WAY,NO CONTROLS,DISTRACTION - FROM INSIDE VEHICLE,UNABLE TO DETERMINE,0,0,0,0,12,2,8,1862,DIVISION ST,41.73817,-87.686685,08/01/2016 12:56:00 PM,2016
CR00022863,08/12/2024 03:59:00 PM,25,RAIN,DAYLIGHT,PARKED MOTOR VEHICLE,NOT DIVIDED,TRAFFIC SIGNAL,UNABLE TO DETERMINE,UNABLE TO DETERMINE,0,0,0,0,15,2,8,196,63RD ST,41.706248,-87.511862,08/12/2024 04:15:00 PM,2024
CR00022864,02/14/2023 11:14:00 AM,40,CLEAR,DAYLIGHT,SIDESWIPE SAME DIRECTION,DIVIDED - W/MEDIAN (NOT RAISED),STOP SIGN/FLASHER,DISTRACTION - FROM INSIDE VEHICLE,NOT APPLICABLE,0,0,0,0,11,3,2,2175,CLARK ST,41.863074,-87.670533,02/14/2023 01:14:00 PM,2023
CR00022865,03/15/2023 03:03:00 PM,45,CLEAR,DAYLIGHT,ANGLE,DIVIDED - W/MEDIAN (NOT RAISED),STOP SIGN/FLASHER,UNABLE TO DETERMINE,FAILING TO YIELD RIGHT-OF-WAY,0,0,0,0,15,4,3,1742,MICHIGAN AVE,41.926211,-87.756909,03/15/2023 03:27:00 PM,2023
CR00022866,10/30/2020 10:18:00 PM,40,SNOW,DARKNESS - LIGHTED ROAD,PARKED MOTOR VEHICLE,T-INTERSECTION,TRAFFIC SIGNAL,DRIVING SKILLS/KNOWLEDGE/EXPERIENCE,IMPROPER OVERTAKING/PASSING,0,0,0,0,22,6,10,1889,MILWAUKEE AVE,41.742072,-87.695763,10/31/2020 12:13:00 AM,2020
CR00022867,06/01/2024 10:51:00 AM,45,CLEAR,DAYLIGHT,REAR END,NOT DIVIDED,TRAFFIC SIGNAL,FOLLOWING TOO CLOSELY,UNABLE TO DETERMINE,0,0,1,1,10,7,6,1345,79TH ST,41.973976,-87.504504,06/01/2024 11:46:00 AM,2024
CR00022868,12/09/2024 09:57:00 AM,30,CLEAR,DAYLIGHT,REAR END,NOT DIVIDED,TRAFFIC SIGNAL,UNABLE TO DETERMINE,IMPROPER OVERTAKING/PASSING,0,0,2,2,9,2,12,502,BROADWAY,41.904238,-87.736205,12/09/2024 11:28:00 AM,2024
CR00022869,11/25/2024 03:02:00 PM,30,CLEAR,DAYLIGHT,TURNING,NOT DIVIDED,NO CONTROLS,IMPROPER LANE USAGE,DISREGARDING TRAFFIC SIGNALS,0,0,0,0,15,2,11,700,PULASKI RD,41.850139,-87.675957,11/25/2024 03:08:00 PM,2024
CR00022870,11/03/2016 07:36:00 AM,45,CLEAR,DARKNESS,SIDESWIPE SAME DIRECTION,DIVIDED - W/MEDIAN BARRIER,NO CONTROLS,FAILING TO YIELD RIGHT-OF-WAY,DRIVING SKILLS/KNOWLEDGE/EXPERIENCE,0,0,0,0,7,5,11,2218,ROOSEVELT RD,41.966966,-87.530431,11/03/2016 09:26:00 AM,2016
CR00022871,07/26/2023 02:02:00 PM,45,CLEAR,DARKNESS,TURNING,NOT DIVIDED,TRAFFIC SIGNAL,IMPROPER LANE USAGE,NOT APPLICABLE,0,0,0,0,14,4,7,1746,79TH ST,41.785669,-87.500765,07/26/2023 03:28:00 PM,2023
CR00022872,12/14/2024 03:20:00 PM,40,CLEAR,DAYLIGHT,REAR END,T-INTERSECTION,TRAFFIC SIGNAL,DISTRACTION - FROM INSIDE VEHICLE,UNABLE TO DETERMINE,0,0,0,0,15,7,12,512,63RD ST,41.809951,-87.690326,12/14/2024 05:01:00 PM,2024
CR00022873,02/01/2019 01:11:00 PM,15,CLEAR,DAYLIGHT,REAR END,NOT DIVIDED,NO CONTROLS,FOLLOWING TOO CLOSELY,UNABLE TO DETERMINE,0,0,0,0,13,6,2,1218,ASHLAND AVE,41.963872,-87.828059,02/01/2019 02:56:00 PM,2019
CR00022874,05/17/2024 03:24:00 PM,35,CLEAR,DAYLIGHT,REAR END,NOT DIVIDED,NO CONTROLS,IMPROPER OVERTAKING/PASSING,NOT APPLICABLE,0,0,0,0,15,6,5,1910,FULLERTON AVE,41.91159,-87.839388,05/17/2024 04:44:00 PM,2024
CR00022875,01/08/2016 05:32:00 PM,35,CLEAR,DAYLIGHT,REAR TO FRONT,ONE-WAY,TRAFFIC SIGNAL,DRIVING SKILLS/KNOWLEDGE/EXPERIENCE,FOLLOWING TOO CLOSELY,0,0,0,0,17,6,1,455,OGDEN AVE,41.764988,-87.74664,01/08/2016 06:56:00 PM,2016
CR00022876,06/12/2019 08:16:00 PM,25,RAIN,DAYLIGHT,REAR END,NOT DIVIDED,NO CONTROLS,DISREGARDING TRAFFIC SIGNALS,UNABLE TO DETERMINE,0,0,0,0,20,4,6,1825,FULLERTON AVE,41.727705,-87.578134,06/12/2019 08:19:00 PM,2019
CR00022877,12/28/2020 12:51:00 PM,30,CLEAR,DARKNESS - LIGHTED ROAD,ANGLE,NOT DIVIDED,NO CONTROLS,IMPROPER OVERTAKING/PASSING,DISREGARDING TRAFFIC SIGNALS,0,0,0,0,12,2,12,543,LAKE SHORE DR,41.771922,-87.724836,12/28/2020 02:14:00 PM,2020
CR00022878,12/20/2016 07:32:00 PM,15,RAIN,DAYLIGHT,TURNING,NOT DIVIDED,STOP SIGN/FLASHER,IMPROPER OVERTAKING/PASSING,DISTRACTION - FROM INSIDE VEHICLE,0,0,0,0,19,3,12,448,ASHLAND AVE,41.742687,-87.545592,12/20/2016 09:19:00 PM,2016