CRASH_RECORD_ID,CRASH_DATE,POSTED_SPEED_LIMIT,WEATHER_CONDITION,LIGHTING_CONDITION,FIRST_CRASH_TYPE,TRAFFICWAY_TYPE,TRAFFIC_CONTROL_DEVICE,PRIM_CONTRIBUTORY_CAUSE,SEC_CONTRIBUTORY_CAUSE,INJURIES_FATAL,INJURIES_INCAPACITATING,INJURIES_NON_INCAPACITATING,INJURIES_TOTAL,CRASH_HOUR,CRASH_DAY_OF_WEEK,CRASH_MONTH,BEAT_OF_OCCURRENCE,STREET_NAME,LATITUDE,LONGITUDE,DATE_POLICE_NOTIFIED,year
CR00022879,05/12/2018 06:46:00 PM,45,CLEAR,DAYLIGHT,ANGLE,NOT DIVIDED,TRAFFIC SIGNAL,FOLLOWING TOO CLOSELY,IMPROPER LANE USAGE,0,0,0,0,18,7,5,246,CICERO AVE,41.919533,-87.829315,05/12/2018 08:28:00 PM,2018
CR00022880,02/28/2015 02:36:00 PM,30,CLEAR,DAYLIGHT,REAR END,DIVIDED - W/MEDIAN BARRIER,NO CONTROLS,UNABLE TO DETERMINE,IMPROPER LANE USAGE,0,0,0,0,14,7,2,2151,HALSTED ST,41.948796,-87.628313,02/28/2015 04:12:00 PM,2015
CR00022881,07/12/2015 04:23:00 PM,40,CLEAR,DAYLIGHT,SIDESWIPE SAME DIRECTION,DIVIDED - W/MEDIAN BARRIER,TRAFFIC SIGNAL,UNABLE TO DETERMINE,DRIVING SKILLS/KNOWLEDGE/EXPERIENCE,0,0,1,1,16,1,7,1284,CICERO AVE,41.914683,-87.654086,07/12/2015 05:49:00 PM,2015
CR00022882,12/01/2017 02:24:00 PM,35,CLEAR,DAYLIGHT,TURNING,FOUR WAY,YIELD,DISREGARDING TRAFFIC SIGNALS,FOLLOWING TOO CLOSELY,0,0,0,0,14,6,12,1020,WESTERN AVE,41.812141,-87.52829,12/01/2017 03:33:00 PM,2017
CR00022883,01/29/2016 09:44:00 PM,30,RAIN,DAYLIGHT,REAR END,T-INTERSECTION,NO CONTROLS,DISREGARDING TRAFFIC SIGNALS,DISTRACTION - FROM INSIDE VEHICLE,0,0,0,0,21,6,1,1045,PULASKI RD,41.907832,-87.712338,01/29/2016 10:44:00 PM,2016
CR00022884,03/16/2020 08:55:00 PM,20,SNOW,DAYLIGHT,SIDESWIPE SAME DIRECTION,FOUR WAY,YIELD,FAILING TO YIELD RIGHT-OF-WAY,NOT APPLICABLE,0,0,0,0,20,2,3,2511,HALSTED ST,41.92278,-87.849535,03/16/2020 09:51:00 PM,2020
CR00022885,08/29/2019 05:27:00 PM,35,CLOUDY/OVERCAST,DARKNESS - LIGHTED ROAD,PARKED MOTOR VEHICLE,T-INTERSECTION,TRAFFIC SIGNAL,DISREGARDING TRAFFIC SIGNALS,FAILING TO REDUCE SPEED,0,0,0,0,17,5,8,795,BROADWAY,41.989723,-87.798657,08/29/2019 05:45:00 PM,2019
CR00022886,07/23/2016 01:55:00 PM,35,CLEAR,DARKNESS - LIGHTED ROAD,ANGLE,T-INTERSECTION,STOP SIGN/FLASHER,FAILING TO REDUCE SPEED,FAILING TO YIELD RIGHT-OF-WAY,0,0,0,0,13,7,7,403,79TH ST,41.827999,-87.613626,07/23/2016 03:51:00 PM,2016
CR00022887,03/16/2017 06:14:00 PM,20,RAIN,DARKNESS - LIGHTED ROAD,TURNING,ONE-WAY,STOP SIGN/FLASHER,IMPROPER OVERTAKING/PASSING,DISTRACTION - FROM INSIDE VEHICLE,0,0,0,0,18,5,3,398,ROOSEVELT RD,41.767857,-87.653136,03/16/2017 07:21:00 PM,2017
CR00022888,05/21/2018 04:52:00 PM,20,CLOUDY/OVERCAST,DAYLIGHT,ANGLE,NOT DIVIDED,TRAFFIC SIGNAL,FOLLOWING TOO CLOSELY,FOLLOWING TOO CLOSELY,0,0,3,3,16,2,5,479,ASHLAND AVE,41.859436,-87.607741,05/21/2018 05:56:00 PM,2018
CR00022889,12/14/2023 05:17:00 PM,35,RAIN,DAYLIGHT,ANGLE,NOT DIVIDED,STOP SIGN/FLASHER,FOLLOWING TOO CLOSELY,FAILING TO YIELD RIGHT-OF-WAY,0,0,0,0,17,5,12,640,CICERO AVE,41.923882,-87.598498,12/14/2023 05:19:00 PM,2023
CR00022890,02/19/2015 11:50:00 PM,30,FREEZING RAIN/DRIZZLE,DAWN,FIXED OBJECT,ONE-WAY,NO CONTROLS,FOLLOWING TOO CLOSELY,IMPROPER LANE USAGE,0,0,3,3,23,5,2,1423,63RD ST,41.785339,-87.587953,02/20/2015 01:06:00 AM,2015
CR00022891,09/02/2022 03:51:00 PM,20,CLEAR,DAYLIGHT,REAR END,NOT DIVIDED,NO CONTROLS,FOLLOWING TOO CLOSELY,FOLLOWING TOO CLOSELY,0,0,0,0,15,6,9,589,STATE ST,41.761886,-87.55282,09/02/2022 04:07:00 PM,2022
CR00022892,10/26/2019 12:00:00 PM,30,RAIN,DARKNESS - LIGHTED ROAD,TURNING,DIVIDED - W/MEDIAN (NOT RAISED),UNKNOWN,DRIVING SKILLS/KNOWLEDGE/EXPERIENCE,NOT APPLICABLE,0,0,1,1,12,7,10,1337,PULASKI RD,41.762233,-87.636928,10/26/2019 01:42:00 PM,2019
CR00022893,12/29/2015 06:38:00 PM,45,CLEAR,DAYLIGHT,REAR END,NOT DIVIDED,NO CONTROLS,DRIVING SKILLS/KNOWLEDGE/EXPERIENCE,FAILING TO YIELD RIGHT-OF-WAY,0,0,0,0,18,3,12,579,63RD ST,41.928009,-87.761636,12/29/2015 06:40:00 PM,2015
CR00022894,12/31/2018 07:46:00 AM,35,CLEAR,DAYLIGHT,TURNING,NOT DIVIDED,TRAFFIC SIGNAL,UNABLE TO DETERMINE,UNABLE TO DETERMINE,0,0,0,0,7,2,12,1835,STONY ISLAND AVE,41.965795,-87.644405,12/31/2018 08:11:00 AM,2018
CR00022895,03/08/2016 11:37:00 AM,35,RAIN,DAYLIGHT,REAR TO FRONT,NOT DIVIDED,TRAFFIC SIGNAL,DRIVING SKILLS/KNOWLEDGE/EXPERIENCE,FOLLOWING TOO CLOSELY,0,0,0,0,11,3,3,2408,STATE ST,41.925151,-87.589397,03/08/2016 01:35:00 PM,2016
CR00022896,10/02/2024 02:28:00 PM,20,CLEAR,DAYLIGHT,REAR END,DIVIDED - W/MEDIAN (NOT RAISED),NO CONTROLS,IMPROPER LANE USAGE,UNABLE TO DETERMINE,0,0,0,0,14,4,10,937,ROOSEVELT RD,41.720164,-87.652941,10/02/2024 03:43:00 PM,2024
CR00022897,07/01/2016 09:31:00 AM,45,FREEZING RAIN/DRIZZLE,DUSK,TURNING,NOT DIVIDED,NO CONTROLS,FOLLOWING TOO CLOSELY,NOT APPLICABLE,0,0,0,0,9,6,7,1088,ROOSEVELT RD,41.780891,-87.843284,07/01/2016 09:57:00 AM,2016
CR00022898,11/26/2023 12:43:00 PM,25,CLOUDY/OVERCAST,DARKNESS - LIGHTED ROAD,REAR TO FRONT,DIVIDED - W/MEDIAN (NOT RAISED),UNKNOWN,UNABLE TO DETERMINE,WEATHER,0,0,0,0,12,1,11,400,LAKE SHORE DR,41.912909,-87.7514,11/26/2023 02:14:00 PM,2023
CR00022899,08/27/2020 10:27:00 AM,35,RAIN,DAYLIGHT,PARKED MOTOR VEHICLE,DIVIDED - W/MEDIAN (NOT RAISED),NO CONTROLS,UNABLE TO DETERMINE,UNABLE TO DETERMINE,0,0,0,0,10,5,8,937,CALIFORNIA AVE,41.788528,-87.743822,08/27/2020 12:15:00 PM,2020
CR00022900,03/23/2024 07:06:00 AM,25,RAIN,DAYLIGHT,SIDESWIPE SAME DIRECTION,DIVIDED - W/MEDIAN (NOT RAISED),TRAFFIC SIGNAL,FAILING TO REDUCE SPEED,NOT APPLICABLE,0,0,0,0,7,7,3,932,STONY ISLAND AVE,41.820113,-87.783923,03/23/2024 07:22:00 AM,2024
CR00022901,01/18/2023 08:22:00 AM,35,SNOW,DAYLIGHT,PARKED MOTOR VEHICLE,NOT DIVIDED,NO CONTROLS,UNABLE TO DETERMINE,DRIVING SKILLS/KNOWLEDGE/EXPERIENCE,0,0,1,1,8,4,1,920,ARCHER AVE,41.887718,-87.560137,01/18/2023 08:44:00 AM,2023
CR00022902,02/18/2016 12:31:00 PM,40,CLEAR,DAYLIGHT,TURNING,ONE-WAY,TRAFFIC SIGNAL,UNABLE TO DETERMINE,DISREGARDING TRAFFIC SIGNALS,0,0,0,0,12,5,2,624,PULASKI RD,41.738682,-87.692297,02/18/2016 01:32:00 PM,2016
CR00022903,04/03/2017 10:15:00 PM,40,CLEAR,DAYLIGHT,REAR TO FRONT,NOT DIVIDED,TRAFFIC SIGNAL,DISTRACTION - FROM INSIDE VEHICLE,WEATHER,0,0,0,0,22,2,4,569,ASHLAND AVE,41.955171,-87.646825,04/03/2017 10:43:00 PM,2017
CR00022904,12/04/2019 12:39:00 PM,15,CLEAR,DAYLIGHT,PARKED MOTOR VEHICLE,NOT DIVIDED,TRAFFIC SIGNAL,UNABLE TO DETERMINE,DISTRACTION - FROM INSIDE VEHICLE,0,0,0,0,12,4,12,504,CALIFORNIA AVE,41.897575,-87.784262,12/04/2019 01:22:00 PM,2019
CR00022905,02/01/2016 07:05:00 PM,30,RAIN,DUSK,REAR END,DIVIDED - W/MEDIAN (NOT RAISED),YIELD,IMPROPER OVERTAKING/PASSING,FAILING TO REDUCE SPEED,0,0,0,0,19,2,2,2247,MILWAUKEE AVE,41.705224,-87.842678,02/01/2016 08:17:00 PM,2016
CR00022906,06/29/2018 11:04:00 AM,30,FREEZING RAIN/DRIZZLE,DAYLIGHT,TURNING,T-INTERSECTION,YIELD,UNABLE TO DETERMINE,UNABLE TO DETERMINE,0,1,1,2,11,6,6,1443,ARCHER AVE,41.958391,-87.508831,06/29/2018 12:01:00 PM,2018
CR00022907,07/31/2019 10:19:00 AM,15,CLOUDY/OVERCAST,DARKNESS - LIGHTED ROAD,FIXED OBJECT,NOT DIVIDED,STOP SIGN/FLASHER,DRIVING SKILLS/KNOWLEDGE/EXPERIENCE,UNABLE TO DETERMINE,0,0,0,0,10,4,7,1658,STONY ISLAND AVE,41.724375,-87.748702,07/31/2019 11:17:00 AM,2019
CR00022908,01/17/2023 04:16:00 PM,30,CLEAR,DUSK,REAR END,ONE-WAY,TRAFFIC SIGNAL,DISTRACTION - FROM INSIDE VEHICLE,WEATHER,0,0,0,0,16,3,1,1832,STATE ST,41.754167,-87.55925,01/17/2023 05:51:00 PM,2023
CR00022909,09/20/2017 09:58:00 AM,35,CLEAR,DAYLIGHT,PEDESTRIAN,DIVIDED - W/MEDIAN BARRIER,UNKNOWN,FOLLOWING TOO CLOSELY,FAILING TO YIELD RIGHT-OF-WAY,0,0,2,2,9,4,9,2015,CICERO AVE,41.874948,-87.532015,09/20/2017 11:34:00 AM,2017
CR00022910,02/17/2024 07:53:00 AM,30,FREEZING RAIN/DRIZZLE,DAYLIGHT,PEDESTRIAN,DIVIDED - W/MEDIAN BARRIER,TRAFFIC SIGNAL,DISTRACTION - FROM INSIDE VEHICLE,NOT APPLICABLE,0,0,2,2,7,7,2,1732,IRVING PARK RD,41.841744,-87.510945,02/17/2024 08:37:00 AM,2024
CR00022911,04/28/2018 07:24:00 AM,30,CLEAR,DARKNESS,FIXED OBJECT,NOT DIVIDED,TRAFFIC SIGNAL,FOLLOWING TOO CLOSELY,DISREGARDING TRAFFIC SIGNALS,0,0,0,0,7,7,4,1381,DIVISION ST,41.792632,-87.595459,04/28/2018 09:08:00 AM,2018
CR00022912,12/06/2019 05:58:00 PM,35,CLEAR,DAYLIGHT,TURNING,DIVIDED - W/MEDIAN BARRIER,NO CONTROLS,FAILING TO REDUCE SPEED,FAILING TO REDUCE SPEED,0,0,0,0,17,6,12,107,STATE ST,41.705384,-87.541009,12/06/2019 07:14:00 PM,2019
CR00022913,04/04/2023 12:40:00 AM,25,CLEAR,DAYLIGHT,TURNING,NOT DIVIDED,NO CONTROLS,UNABLE TO DETERMINE,FAILING TO YIELD RIGHT-OF-WAY,0,0,0,0,0,3,4,1709,HALSTED ST,41.849285,-87.833336,04/04/2023 01:29:00 AM,2023
CR00022914,07/08/2015 08:12:00 PM,35,FREEZING RAIN/DRIZZLE,DARKNESS,REAR END,DIVIDED - W/MEDIAN (NOT RAISED),TRAFFIC SIGNAL,DISREGARDING TRAFFIC SIGNALS,FOLLOWING TOO CLOSELY,0,0,0,0,20,4,7,2127,DAMEN AVE,41.951018,-87.529758,07/08/2015 09:29:00 PM,2015
CR00022915,08/08/2021 07:05:00 AM,35,CLEAR,DARKNESS - LIGHTED ROAD,TURNING,ONE-WAY,NO CONTROLS,IMPROPER LANE USAGE,IMPROPER LANE USAGE,0,0,0,0,7,1,8,2399,CICERO AVE,41.981874,-87.575646,08/08/2021 09:03:00 AM,2021
CR00022916,11/05/2017 06:15:00 PM,30,RAIN,DUSK,REAR END,NOT DIVIDED,NO CONTROLS,UNABLE TO DETERMINE,FAILING TO YIELD RIGHT-OF-WAY,0,0,0,0,18,1,11,773,47TH ST,41.840231,-87.581377,11/05/2017 08:01:00 PM,2017
CR00022917,04/27/2024 03:00:00 PM,30,CLEAR,DARKNESS,FIXED OBJECT,NOT DIVIDED,NO CONTROLS,UNABLE TO DETERMINE,DISTRACTION - FROM INSIDE VEHICLE,0,0,0,0,15,7,4,1649,HALSTED ST,41.759044,-87.639592,04/27/2024 03:19:00 PM,2024
CR00022918,08/05/2021 09:17:00 PM,35,CLEAR,DAYLIGHT,ANGLE,ONE-WAY,TRAFFIC SIGNAL,DISREGARDING TRAFFIC SIGNALS,IMPROPER OVERTAKING/PASSING,0,0,0,0,21,5,8,2211,PULASKI RD,41.916829,-87.845138,08/05/2021 10:59:00 PM,2021
CR00022919,06/30/2023 03:14:00 PM,35,CLEAR,DARKNESS - LIGHTED ROAD,REAR END,FOUR WAY,NO CONTROLS,UNABLE TO DETERMINE,UNABLE TO DETERMINE,0,0,0,0,15,6,6,1252,DAMEN AVE,41.884121,-87.587536,06/30/2023 03:56:00 PM,2023
CR00022920,06/28/2019 07:19:00 PM,25,CLEAR,DAYLIGHT,REAR END,ONE-WAY,STOP SIGN/FLASHER,IMPROPER OVERTAKING/PASSING,UNABLE TO DETERMINE,0,1,0,1,19,6,6,1791,LAKE SHORE DR,41.758042,-87.695424,06/28/2019 08:58:00 PM,2019
CR00022921,09/16/2018 08:44:00 PM,40,RAIN,DAYLIGHT,REAR END,DIVIDED - W/MEDIAN (NOT RAISED),NO CONTROLS,UNABLE TO DETERMINE,IMPROPER OVERTAKING/PASSING,0,0,0,0,20,1,9,1096,CALIFORNIA AVE,41.708594,-87.711059,09/16/2018 09:57:00 PM,2018
CR00022922,03/05/2023 05:29:00 PM,25,CLEAR,DARKNESS - LIGHTED ROAD,REAR END,NOT DIVIDED,NO CONTROLS,FAILING TO YIELD RIGHT-OF-WAY,FAILING TO YIELD RIGHT-OF-WAY,0,0,0,0,17,1,3,2408,IRVING PARK RD,41.902745,-87.63797,03/05/2023 05:43:00 PM,2023
CR00022923,09/17/2021 07:25:00 PM,30,CLEAR,DARKNESS - LIGHTED ROAD,REAR END,NOT DIVIDED,NO CONTROLS,IMPROPER OVERTAKING/PASSING,DRIVING SKILLS/KNOWLEDGE/EXPERIENCE,0,0,0,0,19,6,9,1520,CALIFORNIA AVE,41.731731,-87.836914,09/17/2021 07:34:00 PM,2021
CR00022924,10/07/2016 07:22:00 PM,20,CLEAR,DAYLIGHT,REAR END,DIVIDED - W/MEDIAN (NOT RAISED),TRAFFIC SIGNAL,DISTRACTION - FROM INSIDE VEHICLE,IMPROPER LANE USAGE,0,0,0,0,19,6,10,2162,HALSTED ST,41.974262,-87.840663,10/07/2016 07:46:00 PM,2016
CR00022925,11/19/2024 01:28:00 AM,30,CLEAR,DARKNESS - LIGHTED ROAD,REAR END,NOT DIVIDED,NO CONTROLS,FOLLOWING TOO CLOSELY,NOT APPLICABLE,0,0,0,0,1,3,11,1077,DAMEN AVE,41.753226,-87.831855,11/19/2024 02:42:00 AM,2024
CR00022926,11/16/2024 11:12:00 PM,45,RAIN,DAWN,REAR END,ONE-WAY,NO CONTROLS,DISREGARDING TRAFFIC SIGNALS,IMPROPER OVERTAKING/PASSING,0,0,1,1,23,7,11,2439,CLARK ST,41.888734,-87.772271,11/17/2024 12:11:00 AM,2024
CR00022927,12/07/2017 06:47:00 PM,30,CLEAR,DAYLIGHT,REAR END,T-INTERSECTION,NO CONTROLS,FOLLOWING TOO CLOSELY,DRIVING SKILLS/KNOWLEDGE/EXPERIENCE,0,0,0,0,18,5,12,1108,ASHLAND AVE,41.956469,-87.771594,12/07/2017 08:15:00 PM,2017
CR00022928,12/11/2024 04:15:00 AM,25,CLOUDY/OVERCAST,DARKNESS - LIGHTED ROAD,REAR TO FRONT,NOT DIVIDED,NO CONTROLS,DRIVING SKILLS/KNOWLEDGE/EXPERIENCE,IMPROPER OVERTAKING/PASSING,0,0,0,0,4,4,12,564,WESTERN AVE,41.726254,-87.552314,12/11/2024 04:24:00 AM,2024
CR00022929,09/15/2016 09:04:00 PM,35,CLEAR,DAYLIGHT,SIDESWIPE SAME DIRECTION,NOT DIVIDED,NO CONTROLS,UNABLE TO DETERMINE,UNABLE TO DETERMINE,0,0,0,0,21,5,9,1916,ELSTON AVE,41.728511,-87.8005,09/15/2016 09:14:00 PM,2016
CR00022930,11/11/2019 03:00:00 PM,25,RAIN,DAYLIGHT,SIDESWIPE SAME DIRECTION,DIVIDED - W/MEDIAN (NOT RAISED),TRAFFIC SIGNAL,IMPROPER LANE USAGE,FOLLOWING TOO CLOSELY,0,0,0,0,15,2,11,1622,63RD ST,41.865961,-87.601013,11/11/2019 04:38:00 PM,2019
CR00022931,07/11/2024 06:11:00 PM,30,CLEAR,DAYLIGHT,REAR TO FRONT,DIVIDED - W/MEDIAN (NOT RAISED),NO CONTROLS,UNABLE TO DETERMINE,FAILING TO REDUCE SPEED,0,0,0,0,18,5,7,1339,79TH ST,41.96364,-87.79548,07/11/2024 07:12:00 PM,2024
CR00022932,02/10/2019 12:23:00 PM,45,CLEAR,DAYLIGHT,REAR END,DIVIDED - W/MEDIAN (NOT RAISED),NO CONTROLS,WEATHER,FAILING TO YIELD RIGHT-OF-WAY,0,1,0,1,12,1,2,2123,ELSTON AVE,41.756219,-87.746278,02/10/2019 02:15:00 PM,2019
CR00022933,11/29/2021 03:26:00 PM,35,CLEAR,DARKNESS - LIGHTED ROAD,ANGLE,NOT DIVIDED,NO CONTROLS,DISREGARDING TRAFFIC SIGNALS,NOT APPLICABLE,0,0,0,0,15,2,11,1641,HALSTED ST,41.719937,-87.718106,11/29/2021 05:00:00 PM,2021
CR00022934,01/06/2019 04:02:00 PM,35,CLEAR,DAYLIGHT,FIXED OBJECT,T-INTERSECTION,TRAFFIC SIGNAL,UNABLE TO DETERMINE,FAILING TO YIELD RIGHT-OF-WAY,0,0,0,0,16,1,1,1177,LAKE SHORE DR,41.998381,-87.583755,01/06/2019 04:19:00 PM,2019
CR00022935,09/07/2022 05:13:00 PM,20,CLEAR,DAYLIGHT,ANGLE,FOUR WAY,TRAFFIC SIGNAL,FAILING TO YIELD RIGHT-OF-WAY,IMPROPER LANE USAGE,0,0,0,0,17,4,9,2485,OGDEN AVE,41.808875,-87.560938,09/07/2022 07:10:00 PM,2022
CR00022936,10/04/2022 12:09:00 PM,35,CLOUDY/OVERCAST,DAYLIGHT,ANGLE,DIVIDED - W/MEDIAN (NOT RAISED),YIELD,DRIVING SKILLS/KNOWLEDGE/EXPERIENCE,FOLLOWING TOO CLOSELY,0,0,0,0,12,3,10,386,ASHLAND AVE,41.81817,-87.557913,10/04/2022 02:07:00 PM,2022
CR00022937,07/17/2024 01:54:00 PM,40,SNOW,DAYLIGHT,PARKED MOTOR VEHICLE,NOT DIVIDED,STOP SIGN/FLASHER,FAILING TO REDUCE SPEED,NOT APPLICABLE,0,0,0,0,13,4,7,1417,DAMEN AVE,41.84973,-87.7204,07/17/2024 02:13:00 PM,2024
CR00022938,06/11/2020 01:35:00 PM,40,CLEAR,DAYLIGHT,FIXED OBJECT,DIVIDED - W/MEDIAN (NOT RAISED),UNKNOWN,FOLLOWING TOO CLOSELY,NOT APPLICABLE,0,0,0,0,13,5,6,2044,OGDEN AVE,41.956892,-87.783312,06/11/2020 02:53:00 PM,2020
CR00022939,02/22/2019 11:51:00 AM,45,FREEZING RAIN/DRIZZLE,DARKNESS - LIGHTED ROAD,ANGLE,NOT DIVIDED,NO CONTROLS,WEATHER,FAILING TO REDUCE SPEED,0,0,0,0,11,6,2,558,BROADWAY,41.753908,-87.736797,02/22/2019 12:20:00 PM,2019
CR00022940,10/19/2024 02:30:00 PM,25,CLEAR,DARKNESS - LIGHTED ROAD,SIDESWIPE SAME DIRECTION,NOT DIVIDED,NO CONTROLS,DISREGARDING TRAFFIC SIGNALS,FOLLOWING TOO CLOSELY,0,0,2,2,14,7,10,2368,CALIFORNIA AVE,41.983178,-87.802059,10/19/2024 02:53:00 PM,2024
CR00022941,03/05/2021 12:18:00 PM,35,CLEAR,DAYLIGHT,REAR END,DIVIDED - W/MEDIAN (NOT RAISED),NO CONTROLS,UNABLE TO DETERMINE,DRIVING SKILLS/KNOWLEDGE/EXPERIENCE,0,0,0,0,12,6,3,2410,OGDEN AVE,41.807147,-87.579364,03/05/2021 12:32:00 PM,2021
CR00022942,12/08/2024 11:17:00 AM,40,RAIN,DARKNESS - LIGHTED ROAD,PARKED MOTOR VEHICLE,NOT DIVIDED,NO CONTROLS,DRIVING SKILLS/KNOWLEDGE/EXPERIENCE,UNABLE TO DETERMINE,0,0,0,0,11,1,12,2269,ASHLAND AVE,41.704073,-87.628626,12/08/2024 11:24:00 AM,2024
CR00022943,04/05/2023 04:13:00 PM,30,CLEAR,DAYLIGHT,PEDESTRIAN,DIVIDED - W/MEDIAN (NOT RAISED),NO CONTROLS,UNABLE TO DETERMINE,FAILING TO REDUCE SPEED,0,0,0,0,16,4,4,1452,CLARK ST,41.740738,-87.728584,04/05/2023 04:28:00 PM,2023
CR00022944,04/05/2024 04:01:00 PM,40,RAIN,DAYLIGHT,PARKED MOTOR VEHICLE,DIVIDED - W/MEDIAN BARRIER,TRAFFIC SIGNAL,DISREGARDING TRAFFIC SIGNALS,UNABLE TO DETERMINE,0,0,1,1,16,6,4,2381,ARCHER AVE,41.927914,-87.684439,04/05/2024 05:12:00 PM,2024
CR00022945,10/29/2021 09:44:00 AM,35,RAIN,DAYLIGHT,FIXED OBJECT,NOT DIVIDED,NO CONTROLS,UNABLE TO DETERMINE,DRIVING SKILLS/KNOWLEDGE/EXPERIENCE,0,0,0,0,9,6,10,1754,STATE ST,41.847809,-87.827593,10/29/2021 11:27:00 AM,2021
CR00022946,09/19/2023 08:30:00 PM,40,CLEAR,DAYLIGHT,ANGLE,FOUR WAY,NO CONTROLS,UNABLE TO DETERMINE,WEATHER,0,0,0,0,20,3,9,999,ARCHER AVE,41.97281,-87.630666,09/19/2023 09:56:00 PM,2023
CR00022947,12/17/2019 03:59:00 AM,35,FOG/SMOKE/HAZE,DAYLIGHT,REAR END,NOT DIVIDED,TRAFFIC SIGNAL,UNABLE TO DETERMINE,DISTRACTION - FROM INSIDE VEHICLE,0,0,0,0,3,3,12,2434,STATE ST,41.731534,-87.737538,12/17/2019 05:56:00 AM,2019
CR00022948,07/25/2023 02:33:00 PM,30,CLEAR,DAYLIGHT,SIDESWIPE SAME DIRECTION,NOT DIVIDED,YIELD,DISTRACTION - FROM INSIDE VEHICLE,DISTRACTION - FROM INSIDE VEHICLE,0,0,0,0,14,3,7,1482,CLARK ST,41.87559,-87.606788,07/25/2023 03:30:00 PM,2023
CR00022949,01/07/2020 03:43:00 PM,45,CLEAR,DAYLIGHT,REAR END,NOT DIVIDED,UNKNOWN,FOLLOWING TOO CLOSELY,IMPROPER LANE USAGE,0,0,0,0,15,3,1,1690,CALIFORNIA AVE,41.778069,-87.763301,01/07/2020 05:20:00 PM,2020
CR00022950,05/01/2024 01:31:00 PM,35,RAIN,DARKNESS - LIGHTED ROAD,REAR END,DIVIDED - W/MEDIAN (NOT RAISED),STOP SIGN/FLASHER,FAILING TO REDUCE SPEED,UNABLE TO DETERMINE,0,0,0,0,13,4,5,947,IRVING PARK RD,41.831609,-87.624062,05/01/2024 02:56:00 PM,2024
CR00022951,09/19/2017 08:53:00 AM,35,CLEAR,DAYLIGHT,ANGLE,NOT DIVIDED,NO CONTROLS,UNABLE TO DETERMINE,UNABLE TO DETERMINE,0,0,0,0,8,3,9,1529,KEDZIE AVE,41.793076,-87.610062,09/19/2017 09:29:00 AM,2017
CR00022952,08/19/2016 04:19:00 AM,30,CLEAR,DARKNESS - LIGHTED ROAD,TURNING,NOT DIVIDED,PEDESTRIAN CROSSING SIGN,FAILING TO YIELD RIGHT-OF-WAY,UNABLE TO DETERMINE,0,0,1,1,4,6,8,2035,CICERO AVE,41.803847,-87.663512,08/19/2016 05:22:00 AM,2016
CR00022953,05/02/2020 09:21:00 AM,30,SNOW,DAYLIGHT,SIDESWIPE SAME DIRECTION,NOT DIVIDED,NO CONTROLS,FOLLOWING TOO CLOSELY,NOT APPLICABLE,0,0,2,2,9,7,5,509,MILWAUKEE AVE,41.837665,-87.625211,05/02/2020 10:44:00 AM,2020
CR00022954,10/05/2017 12:38:00 PM,30,CLEAR,DAYLIGHT,FIXED OBJECT,NOT DIVIDED,UNKNOWN,UNABLE TO DETERMINE,FAILING TO YIELD RIGHT-OF-WAY,0,0,0,0,12,5,10,2455,FULLERTON AVE,41.808889,-87.770918,10/05/2017 02:03:00 PM,2017
CR00022955,07/11/2020 11:17:00 PM,20,CLEAR,DAYLIGHT,REAR TO FRONT,NOT DIVIDED,STOP SIGN/FLASHER,UNABLE TO DETERMINE,FAILING TO REDUCE SPEED,0,0,0,0,23,7,7,1818,WESTERN AVE,41.860048,-87.515122,07/11/2020 11:45:00 PM,2020
CR00022956,09/11/2020 10:20:00 AM,35,CLOUDY/OVERCAST,DAYLIGHT,TURNING,ONE-WAY,TRAFFIC SIGNAL,DRIVING SKILLS/KNOWLEDGE/EXPERIENCE,UNABLE TO DETERMINE,0,0,0,0,10,6,9,1863,BROADWAY,41.741018,-87.614233,09/11/2020 12:14:00 PM,2020
CR00022957,11/06/2022 05:25:00 PM,45,CLEAR,DARKNESS - LIGHTED ROAD,TURNING,DIVIDED - W/MEDIAN (NOT RAISED),NO CONTROLS,UNABLE TO DETERMINE,UNABLE TO DETERMINE,0,0,0,0,17,1,11,177,BROADWAY,41.725449,-87.509763,11/06/2022 06:17:00 PM,2022
CR00022958,01/21/2021 07:14:00 AM,30,CLEAR,DARKNESS - LIGHTED ROAD,SIDESWIPE SAME DIRECTION,ONE-WAY,TRAFFIC SIGNAL,FAILING TO YIELD RIGHT-OF-WAY,DRIVING SKILLS/KNOWLEDGE/EXPERIENCE,0,0,0,0,7,5,1,464,STATE ST,41.952447,-87.571993,01/21/2021 09:12:00 AM,2021
CR00022959,10/27/2024 06:52:00 PM,35,CLEAR,DAWN,SIDESWIPE SAME DIRECTION,NOT DIVIDED,STOP SIGN/FLASHER,FOLLOWING TOO CLOSELY,NOT APPLICABLE,0,1,3,4,18,1,10,2357,KEDZIE AVE,41.813201,-87.833548,10/27/2024 08:20:00 PM,2024
CR00022960,04/19/2016 06:42:00 AM,45,RAIN,DARKNESS - LIGHTED ROAD,TURNING,DIVIDED - W/MEDIAN BARRIER,NO CONTROLS,UNABLE TO DETERMINE,IMPROPER LANE USAGE,0,0,0,0,6,3,4,1632,47TH ST,41.896677,-87.514889,04/19/2016 07:14:00 AM,2016