CRASH_RECORD_ID,CRASH_DATE,POSTED_SPEED_LIMIT,WEATHER_CONDITION,LIGHTING_CONDITION,FIRST_CRASH_TYPE,TRAFFICWAY_TYPE,TRAFFIC_CONTROL_DEVICE,PRIM_CONTRIBUTORY_CAUSE,SEC_CONTRIBUTORY_CAUSE,INJURIES_FATAL,INJURIES_INCAPACITATING,INJURIES_NON_INCAPACITATING,INJURIES_TOTAL,CRASH_HOUR,CRASH_DAY_OF_WEEK,CRASH_MONTH,BEAT_OF_OCCURRENCE,STREET_NAME,LATITUDE,LONGITUDE,DATE_POLICE_NOTIFIED,year
CR00022961,06/10/2020 04:50:00 PM,40,CLOUDY/OVERCAST,DAYLIGHT,ANGLE,ONE-WAY,NO CONTROLS,IMPROPER LANE USAGE,NOT APPLICABLE,0,0,1,1,16,4,6,855,CLARK ST,41.98376,-87.531934,06/10/2020 04:53:00 PM,2020
CR00022962,02/12/2022 12:46:00 AM,30,SNOW,DARKNESS - LIGHTED ROAD,REAR END,DIVIDED - W/MEDIAN BARRIER,TRAFFIC SIGNAL,UNABLE TO DETERMINE,DRIVING SKILLS/KNOWLEDGE/EXPERIENCE,0,0,0,0,0,7,2,1969,47TH ST,41.951272,-87.639212,02/12/2022 02:35:00 AM,2022
CR00022963,01/04/2020 03:33:00 PM,35,CLEAR,DAYLIGHT,REAR END,DIVIDED - W/MEDIAN BARRIER,TRAFFIC SIGNAL,UNABLE TO DETERMINE,UNABLE TO DETERMINE,0,2,3,5,15,7,1,2426,ARCHER AVE,41.793507,-87.613212,01/04/2020 05:06:00 PM,2020
CR00022964,07/06/2019 01:21:00 PM,15,RAIN,DARKNESS - LIGHTED ROAD,ANGLE,ONE-WAY,UNKNOWN,DISREGARDING TRAFFIC SIGNALS,FAILING TO REDUCE SPEED,0,0,0,0,13,7,7,411,MICHIGAN AVE,41.757489,-87.578812,07/06/2019 01:37:00 PM,2019
CR00022965,10/18/2017 11:26:00 AM,45,RAIN,DARKNESS,REAR END,ONE-WAY,STOP SIGN/FLASHER,IMPROPER LANE USAGE,UNABLE TO DETERMINE,0,0,0,0,11,4,10,364,HALSTED ST,41.834213,-87.702068,10/18/2017 12:38:00 PM,2017
CR00022966,06/16/2016 03:31:00 AM,20,CLEAR,DAYLIGHT,REAR END,DIVIDED - W/MEDIAN (NOT RAISED),TRAFFIC SIGNAL,UNABLE TO DETERMINE,DRIVING SKILLS/KNOWLEDGE/EXPERIENCE,0,0,0,0,3,5,6,1905,MICHIGAN AVE,41.796657,-87.684428,06/16/2016 03:51:00 AM,2016
CR00022967,02/19/2021 12:29:00 AM,30,CLEAR,DARKNESS - LIGHTED ROAD,REAR END,T-INTERSECTION,TRAFFIC SIGNAL,FAILING TO YIELD RIGHT-OF-WAY,IMPROPER OVERTAKING/PASSING,0,0,1,1,0,6,2,2358,IRVING PARK RD,41.928036,-87.799785,02/19/2021 02:01:00 AM,2021
CR00022968,12/04/2019 10:41:00 AM,30,CLEAR,DAWN,SIDESWIPE SAME DIRECTION,NOT DIVIDED,STOP SIGN/FLASHER,FOLLOWING TOO CLOSELY,FAILING TO YIELD RIGHT-OF-WAY,0,2,3,5,10,4,12,1263,CALIFORNIA AVE,41.851265,-87.605129,12/04/2019 11:29:00 AM,2019
CR00022969,07/20/2023 05:30:00 PM,40,CLEAR,DAYLIGHT,REAR END,DIVIDED - W/MEDIAN (NOT RAISED),TRAFFIC SIGNAL,FAILING TO YIELD RIGHT-OF-WAY,NOT APPLICABLE,0,0,0,0,17,5,7,1706,47TH ST,41.799076,-87.576443,07/20/2023 05:42:00 PM,2023
CR00022970,02/03/2023 03:55:00 PM,20,CLEAR,DAYLIGHT,SIDESWIPE SAME DIRECTION,ONE-WAY,NO CONTROLS,FOLLOWING TOO CLOSELY,UNABLE TO DETERMINE,0,0,0,0,15,6,2,2338,IRVING PARK RD,41.823158,-87.846039,02/03/2023 05:01:00 PM,2023
CR00022971,08/06/2021 03:53:00 PM,35,CLEAR,DAYLIGHT,REAR END,ONE-WAY,UNKNOWN,DRIVING SKILLS/KNOWLEDGE/EXPERIENCE,DISREGARDING TRAFFIC SIGNALS,0,0,0,0,15,6,8,1351,IRVING PARK RD,41.781487,-87.572745,08/06/2021 04:38:00 PM,2021
CR00022972,02/14/2024 06:34:00 PM,20,CLEAR,DAYLIGHT,REAR END,NOT DIVIDED,NO CONTROLS,IMPROPER OVERTAKING/PASSING,UNABLE TO DETERMINE,0,0,2,2,18,4,2,2531,MILWAUKEE AVE,41.91998,-87.594832,02/14/2024 08:08:00 PM,2024
CR00022973,01/07/2023 07:36:00 AM,40,CLOUDY/OVERCAST,DAYLIGHT,TURNING,ONE-WAY,TRAFFIC SIGNAL,FOLLOWING TOO CLOSELY,NOT APPLICABLE,0,0,0,0,7,7,1,279,BROADWAY,41.772443,-87.583257,01/07/2023 08:04:00 AM,2023
CR00022974,07/08/2021 11:49:00 AM,40,CLEAR,DAYLIGHT,REAR END,NOT DIVIDED,NO CONTROLS,FAILING TO YIELD RIGHT-OF-WAY,UNABLE TO DETERMINE,0,0,0,0,11,5,7,1434,47TH ST,41.734052,-87.764861,07/08/2021 12:30:00 PM,2021
CR00022975,08/20/2023 05:12:00 PM,35,CLEAR,DAYLIGHT,FIXED OBJECT,DIVIDED - W/MEDIAN (NOT RAISED),UNKNOWN,FOLLOWING TOO CLOSELY,UNABLE TO DETERMINE,0,0,0,0,17,1,8,1159,ASHLAND AVE,41.918592,-87.743714,08/20/2023 06:26:00 PM,2023
CR00022976,01/12/2021 05:13:00 PM,30,CLEAR,DAYLIGHT,REAR END,NOT DIVIDED,TRAFFIC SIGNAL,UNABLE TO DETERMINE,FAILING TO YIELD RIGHT-OF-WAY,0,0,0,0,17,3,1,714,MICHIGAN AVE,41.964846,-87.825137,01/12/2021 05:29:00 PM,2021
CR00022977,03/20/2019 09:35:00 AM,40,CLEAR,DAYLIGHT,TURNING,ONE-WAY,UNKNOWN,UNABLE TO DETERMINE,DRIVING SKILLS/KNOWLEDGE/EXPERIENCE,0,0,3,3,9,4,3,2153,WESTERN AVE,41.898806,-87.69502,03/20/2019 10:42:00 AM,2019
CR00022978,09/23/2023 09:33:00 AM,35,CLEAR,DARKNESS - LIGHTED ROAD,SIDESWIPE SAME DIRECTION,FOUR WAY,UNKNOWN,DISTRACTION - FROM INSIDE VEHICLE,UNABLE TO DETERMINE,0,0,0,0,9,7,9,1097,79TH ST,41.776291,-87.591157,09/23/2023 10:18:00 AM,2023
CR00022979,07/14/2020 07:31:00 AM,20,CLEAR,DAYLIGHT,REAR END,T-INTERSECTION,NO CONTROLS,WEATHER,FOLLOWING TOO CLOSELY,0,0,0,0,7,3,7,2020,STONY ISLAND AVE,41.886485,-87.542301,07/14/2020 08:21:00 AM,2020
CR00022980,11/10/2019 04:26:00 PM,30,CLEAR,DARKNESS - LIGHTED ROAD,TURNING,DIVIDED - W/MEDIAN (NOT RAISED),NO CONTROLS,DRIVING SKILLS/KNOWLEDGE/EXPERIENCE,DRIVING SKILLS/KNOWLEDGE/EXPERIENCE,0,0,0,0,16,1,11,1129,WESTERN AVE,41.847528,-87.617835,11/10/2019 05:50:00 PM,2019
CR00022981,02/10/2019 07:08:00 PM,40,CLEAR,DAYLIGHT,REAR TO FRONT,FOUR WAY,NO CONTROLS,FOLLOWING TOO CLOSELY,FOLLOWING TOO CLOSELY,0,0,0,0,19,1,2,316,MILWAUKEE AVE,41.800945,-87.819893,02/10/2019 08:41:00 PM,2019
CR00022982,03/15/2024 11:07:00 PM,25,CLEAR,DAYLIGHT,REAR END,DIVIDED - W/MEDIAN (NOT RAISED),NO CONTROLS,FOLLOWING TOO CLOSELY,FAILING TO YIELD RIGHT-OF-WAY,0,0,0,0,23,6,3,534,HALSTED ST,41.762957,-87.796868,03/15/2024 11:36:00 PM,2024
CR00022983,12/02/2018 07:43:00 PM,30,RAIN,DAYLIGHT,REAR END,FOUR WAY,NO CONTROLS,UNABLE TO DETERMINE,FAILING TO REDUCE SPEED,0,0,0,0,19,1,12,2472,63RD ST,41.881558,-87.723029,12/02/2018 08:20:00 PM,2018
CR00022984,09/23/2018 06:53:00 AM,30,CLEAR,DAYLIGHT,FIXED OBJECT,ONE-WAY,NO CONTROLS,DRIVING SKILLS/KNOWLEDGE/EXPERIENCE,UNABLE TO DETERMINE,0,0,0,0,6,1,9,562,CALIFORNIA AVE,41.904168,-87.512768,09/23/2018 08:19:00 AM,2018
CR00022985,08/01/2017 06:50:00 PM,35,CLEAR,DUSK,REAR END,NOT DIVIDED,STOP SIGN/FLASHER,FAILING TO YIELD RIGHT-OF-WAY,FAILING TO REDUCE SPEED,0,0,0,0,18,3,8,1736,CALIFORNIA AVE,41.84823,-87.540342,08/01/2017 06:59:00 PM,2017
CR00022986,04/23/2017 07:12:00 AM,35,CLEAR,DARKNESS,SIDESWIPE SAME DIRECTION,FOUR WAY,NO CONTROLS,FAILING TO REDUCE SPEED,UNABLE TO DETERMINE,0,0,0,0,7,1,4,1267,LAKE SHORE DR,41.849286,-87.719165,04/23/2017 08:08:00 AM,2017
CR00022987,09/01/2017 08:48:00 PM,20,CLEAR,DAYLIGHT,REAR TO FRONT,T-INTERSECTION,NO CONTROLS,UNABLE TO DETERMINE,FAILING TO YIELD RIGHT-OF-WAY,0,0,0,0,20,6,9,950,KEDZIE AVE,41.956243,-87.647218,09/01/2017 09:29:00 PM,2017
CR00022988,05/11/2016 12:46:00 AM,30,CLEAR,DARKNESS,REAR END,T-INTERSECTION,NO CONTROLS,UNABLE TO DETERMINE,FAILING TO REDUCE SPEED,0,0,1,1,0,4,5,1998,MILWAUKEE AVE,41.817771,-87.709818,05/11/2016 02:05:00 AM,2016
CR00022989,03/21/2019 08:55:00 AM,35,CLEAR,DARKNESS - LIGHTED ROAD,TURNING,NOT DIVIDED,STOP SIGN/FLASHER,IMPROPER OVERTAKING/PASSING,DISTRACTION - FROM INSIDE VEHICLE,0,0,0,0,8,5,3,2132,IRVING PARK RD,41.964281,-87.658644,03/21/2019 09:33:00 AM,2019
CR00022990,11/08/2023 06:21:00 PM,35,CLEAR,DAYLIGHT,REAR END,ONE-WAY,TRAFFIC SIGNAL,FOLLOWING TOO CLOSELY,NOT APPLICABLE,0,0,1,1,18,4,11,984,LAKE SHORE DR,41.928381,-87.649561,11/08/2023 07:24:00 PM,2023
CR00022991,03/19/2018 09:49:00 AM,25,CLEAR,DUSK,PARKED MOTOR VEHICLE,DIVIDED - W/MEDIAN BARRIER,NO CONTROLS,DISTRACTION - FROM INSIDE VEHICLE,DRIVING SKILLS/KNOWLEDGE/EXPERIENCE,0,0,0,0,9,2,3,1999,PULASKI RD,41.838478,-87.822452,03/19/2018 10:08:00 AM,2018
CR00022992,02/23/2018 09:52:00 AM,30,CLEAR,DARKNESS - LIGHTED ROAD,TURNING,DIVIDED - W/MEDIAN (NOT RAISED),PEDESTRIAN CROSSING SIGN,UNABLE TO DETERMINE,FOLLOWING TOO CLOSELY,0,0,1,1,9,6,2,2483,HALSTED ST,41.819928,-87.648686,02/23/2018 10:44:00 AM,2018
CR00022993,11/23/2018 02:58:00 PM,30,CLOUDY/OVERCAST,DAYLIGHT,TURNING,NOT DIVIDED,NO CONTROLS,DRIVING SKILLS/KNOWLEDGE/EXPERIENCE,DISREGARDING TRAFFIC SIGNALS,0,0,0,0,14,6,11,1358,MICHIGAN AVE,41.750691,-87.506297,11/23/2018 03:00:00 PM,2018
CR00022994,06/12/2017 09:10:00 AM,35,CLEAR,DAYLIGHT,PEDESTRIAN,NOT DIVIDED,TRAFFIC SIGNAL,IMPROPER OVERTAKING/PASSING,FAILING TO YIELD RIGHT-OF-WAY,0,0,3,3,9,2,6,1276,47TH ST,41.781345,-87.580002,06/12/2017 09:17:00 AM,2017
CR00022995,02/13/2023 05:34:00 PM,35,CLEAR,DAYLIGHT,SIDESWIPE SAME DIRECTION,DIVIDED - W/MEDIAN BARRIER,TRAFFIC SIGNAL,UNABLE TO DETERMINE,FAILING TO YIELD RIGHT-OF-WAY,0,0,0,0,17,2,2,817,WESTERN AVE,41.853693,-87.720146,02/13/2023 05:45:00 PM,2023
CR00022996,01/26/2017 10:40:00 AM,30,CLEAR,DAYLIGHT,SIDESWIPE SAME DIRECTION,NOT DIVIDED,STOP SIGN/FLASHER,DRIVING SKILLS/KNOWLEDGE/EXPERIENCE,NOT APPLICABLE,0,0,0,0,10,5,1,297,CLARK ST,41.732808,-87.829473,01/26/2017 11:17:00 AM,2017
CR00022997,01/10/2024 07:58:00 PM,30,CLEAR,DARKNESS,REAR TO FRONT,NOT DIVIDED,STOP SIGN/FLASHER,DISREGARDING TRAFFIC SIGNALS,UNABLE TO DETERMINE,0,0,0,0,19,4,1,2294,47TH ST,41.756722,-87.731826,01/10/2024 09:39:00 PM,2024
CR00022998,01/12/2023 03:21:00 PM,20,CLEAR,DARKNESS - LIGHTED ROAD,FIXED OBJECT,DIVIDED - W/MEDIAN (NOT RAISED),NO CONTROLS,IMPROPER OVERTAKING/PASSING,NOT APPLICABLE,0,0,0,0,15,5,1,2195,WESTERN AVE,41.802789,-87.793712,01/12/2023 04:42:00 PM,2023
CR00022999,01/06/2023 06:52:00 PM,40,RAIN,DAYLIGHT,TURNING,NOT DIVIDED,TRAFFIC SIGNAL,UNABLE TO DETERMINE,DRIVING SKILLS/KNOWLEDGE/EXPERIENCE,0,0,0,0,18,6,1,1500,HALSTED ST,41.792416,-87.81779,01/06/2023 08:18:00 PM,2023
CR00023000,02/14/2020 05:47:00 PM,15,CLEAR,DAYLIGHT,REAR TO FRONT,NOT DIVIDED,UNKNOWN,UNABLE TO DETERMINE,NOT APPLICABLE,0,0,0,0,17,6,2,1416,MICHIGAN AVE,41.922809,-87.773949,02/14/2020 07:22:00 PM,2020
CR00023001,06/25/2017 11:41:00 AM,45,CLEAR,DARKNESS - LIGHTED ROAD,PEDESTRIAN,DIVIDED - W/MEDIAN BARRIER,UNKNOWN,UNABLE TO DETERMINE,DRIVING SKILLS/KNOWLEDGE/EXPERIENCE,0,0,1,1,11,1,6,454,ROOSEVELT RD,41.721559,-87.653139,06/25/2017 12:36:00 PM,2017
CR00023002,03/14/2020 06:53:00 PM,45,RAIN,DARKNESS - LIGHTED ROAD,SIDESWIPE SAME DIRECTION,NOT DIVIDED,NO CONTROLS,WEATHER,DISREGARDING TRAFFIC SIGNALS,0,0,0,0,18,7,3,1038,CALIFORNIA AVE,41.981226,-87.504129,03/14/2020 08:26:00 PM,2020
CR00023003,06/10/2021 03:46:00 PM,20,CLEAR,DAYLIGHT,ANGLE,DIVIDED - W/MEDIAN BARRIER,NO CONTROLS,FOLLOWING TOO CLOSELY,UNABLE TO DETERMINE,0,0,0,0,15,5,6,2272,CLARK ST,41.816687,-87.551303,06/10/2021 03:59:00 PM,2021
CR00023004,07/17/2021 07:15:00 PM,25,SNOW,DAYLIGHT,REAR TO FRONT,DIVIDED - W/MEDIAN (NOT RAISED),NO CONTROLS,IMPROPER LANE USAGE,FAILING TO YIELD RIGHT-OF-WAY,0,0,0,0,19,7,7,2429,DIVISION ST,41.76893,-87.503746,07/17/2021 08:41:00 PM,2021
CR00023005,07/22/2018 08:53:00 AM,45,CLEAR,DARKNESS,ANGLE,DIVIDED - W/MEDIAN (NOT RAISED),PEDESTRIAN CROSSING SIGN,DISTRACTION - FROM INSIDE VEHICLE,UNABLE TO DETERMINE,0,0,0,0,8,1,7,124,PULASKI RD,41.772819,-87.614368,07/22/2018 10:22:00 AM,2018
CR00023006,03/08/2018 12:25:00 PM,20,FREEZING RAIN/DRIZZLE,DAYLIGHT,FIXED OBJECT,ONE-WAY,STOP SIGN/FLASHER,FAILING TO REDUCE SPEED,FOLLOWING TOO CLOSELY,0,0,0,0,12,5,3,368,63RD ST,41.960489,-87.571405,03/08/2018 01:14:00 PM,2018
CR00023007,06/22/2017 05:31:00 PM,30,CLEAR,DARKNESS - LIGHTED ROAD,REAR TO FRONT,NOT DIVIDED,STOP SIGN/FLASHER,DISTRACTION - FROM INSIDE VEHICLE,UNABLE TO DETERMINE,0,0,0,0,17,5,6,909,ARCHER AVE,41.833511,-87.736125,06/22/2017 06:20:00 PM,2017
CR00023008,01/31/2018 01:51:00 PM,30,SNOW,DAYLIGHT,REAR END,DIVIDED - W/MEDIAN (NOT RAISED),NO CONTROLS,IMPROPER OVERTAKING/PASSING,FOLLOWING TOO CLOSELY,0,0,0,0,13,4,1,1861,CLARK ST,41.712233,-87.703781,01/31/2018 02:52:00 PM,2018
CR00023009,07/19/2015 02:18:00 PM,20,CLEAR,DARKNESS - LIGHTED ROAD,ANGLE,NOT DIVIDED,NO CONTROLS,IMPROPER LANE USAGE,NOT APPLICABLE,0,0,0,0,14,1,7,574,63RD ST,41.974278,-87.787761,07/19/2015 02:57:00 PM,2015
CR00023010,08/12/2015 01:22:00 AM,30,CLEAR,DARKNESS - LIGHTED ROAD,FIXED OBJECT,NOT DIVIDED,NO CONTROLS,WEATHER,UNABLE TO DETERMINE,0,0,0,0,1,4,8,616,MICHIGAN AVE,41.718038,-87.840006,08/12/2015 02:50:00 AM,2015
CR00023011,06/20/2018 10:10:00 AM,35,SNOW,DAYLIGHT,ANGLE,NOT DIVIDED,TRAFFIC SIGNAL,IMPROPER OVERTAKING/PASSING,FOLLOWING TOO CLOSELY,0,0,3,3,10,4,6,2401,HALSTED ST,41.798912,-87.784929,06/20/2018 12:02:00 PM,2018
CR00023012,12/31/2023 06:49:00 PM,30,CLEAR,DARKNESS - LIGHTED ROAD,TURNING,DIVIDED - W/MEDIAN (NOT RAISED),PEDESTRIAN CROSSING SIGN,UNABLE TO DETERMINE,DISREGARDING TRAFFIC SIGNALS,0,0,0,0,18,1,12,1321,FULLERTON AVE,41.98038,-87.793667,12/31/2023 08:17:00 PM,2023
CR00023013,10/01/2024 08:37:00 AM,15,RAIN,DARKNESS,ANGLE,NOT DIVIDED,NO CONTROLS,DISREGARDING TRAFFIC SIGNALS,IMPROPER LANE USAGE,0,0,0,0,8,3,10,2220,DAMEN AVE,41.72225,-87.502244,10/01/2024 09:15:00 AM,2024
CR00023014,06/11/2018 04:20:00 AM,45,CLEAR,DAYLIGHT,SIDESWIPE SAME DIRECTION,ONE-WAY,NO CONTROLS,FAILING TO YIELD RIGHT-OF-WAY,UNABLE TO DETERMINE,0,0,0,0,4,2,6,1021,STONY ISLAND AVE,41.956115,-87.58489,06/11/2018 05:40:00 AM,2018
CR00023015,06/07/2023 03:20:00 AM,40,CLEAR,DARKNESS,TURNING,DIVIDED - W/MEDIAN (NOT RAISED),TRAFFIC SIGNAL,IMPROPER LANE USAGE,UNABLE TO DETERMINE,0,0,0,0,3,4,6,882,DAMEN AVE,41.833927,-87.75302,06/07/2023 04:01:00 AM,2023
CR00023016,01/17/2015 07:47:00 AM,35,CLEAR,DAYLIGHT,REAR TO FRONT,NOT DIVIDED,UNKNOWN,DRIVING SKILLS/KNOWLEDGE/EXPERIENCE,UNABLE TO DETERMINE,0,0,1,1,7,7,1,795,KEDZIE AVE,41.773767,-87.724174,01/17/2015 09:38:00 AM,2015
CR00023017,08/15/2019 03:37:00 PM,30,CLEAR,DAYLIGHT,TURNING,NOT DIVIDED,NO CONTROLS,UNABLE TO DETERMINE,IMPROPER OVERTAKING/PASSING,0,0,0,0,15,5,8,2459,FULLERTON AVE,41.761763,-87.753986,08/15/2019 04:53:00 PM,2019
CR00023018,11/26/2015 11:39:00 PM,35,CLEAR,DAYLIGHT,TURNING,NOT DIVIDED,TRAFFIC SIGNAL,DISREGARDING TRAFFIC SIGNALS,FOLLOWING TOO CLOSELY,0,0,3,3,23,5,11,2424,FULLERTON AVE,41.728292,-87.658412,11/27/2015 12:06:00 AM,2015
CR00023019,07/08/2020 05:38:00 PM,25,CLEAR,DAYLIGHT,TURNING,NOT DIVIDED,NO CONTROLS,FAILING TO YIELD RIGHT-OF-WAY,UNABLE TO DETERMINE,0,0,0,0,17,4,7,1736,63RD ST,41.996988,-87.539813,07/08/2020 07:38:00 PM,2020
CR00023020,05/15/2024 06:29:00 PM,35,SNOW,DAYLIGHT,REAR END,DIVIDED - W/MEDIAN (NOT RAISED),STOP SIGN/FLASHER,UNABLE TO DETERMINE,UNABLE TO DETERMINE,0,0,0,0,18,4,5,2302,PULASKI RD,41.988723,-87.55734,05/15/2024 07:21:00 PM,2024
CR00023021,08/06/2022 07:51:00 AM,30,FOG/SMOKE/HAZE,DARKNESS - LIGHTED ROAD,SIDESWIPE SAME DIRECTION,DIVIDED - W/MEDIAN BARRIER,NO CONTROLS,UNABLE TO DETERMINE,UNABLE TO DETERMINE,0,0,0,0,7,7,8,1738,STONY ISLAND AVE,41.972519,-87.793287,08/06/2022 09:10:00 AM,2022
CR00023022,11/27/2020 04:15:00 AM,35,CLEAR,DAYLIGHT,REAR END,DIVIDED - W/MEDIAN (NOT RAISED),TRAFFIC SIGNAL,FAILING TO YIELD RIGHT-OF-WAY,FOLLOWING TOO CLOSELY,0,0,0,0,4,6,11,892,LAKE SHORE DR,41.700797,-87.712304,11/27/2020 05:18:00 AM,2020
CR00023023,06/29/2024 07:08:00 AM,30,CLEAR,DAYLIGHT,REAR END,NOT DIVIDED,STOP SIGN/FLASHER,UNABLE TO DETERMINE,IMPROPER LANE USAGE,0,0,1,1,7,7,6,942,CLARK ST,41.872009,-87.529059,06/29/2024 08:38:00 AM,2024
CR00023024,09/22/2017 08:35:00 AM,25,CLEAR,DAYLIGHT,REAR END,NOT DIVIDED,TRAFFIC SIGNAL,FAILING TO YIELD RIGHT-OF-WAY,UNABLE TO DETERMINE,0,0,0,0,8,6,9,739,CICERO AVE,41.797769,-87.776153,09/22/2017 09:27:00 AM,2017
CR00023025,08/27/2021 09:59:00 PM,35,FREEZING RAIN/DRIZZLE,DAYLIGHT,REAR END,NOT DIVIDED,STOP SIGN/FLASHER,UNABLE TO DETERMINE,UNABLE TO DETERMINE,0,0,0,0,21,6,8,1558,STATE ST,41.99921,-87.803637,08/27/2021 10:41:00 PM,2021
CR00023026,04/27/2022 06:59:00 PM,40,CLEAR,DAYLIGHT,PEDESTRIAN,NOT DIVIDED,TRAFFIC SIGNAL,FAILING TO YIELD RIGHT-OF-WAY,UNABLE TO DETERMINE,0,0,0,0,18,4,4,718,ASHLAND AVE,41.838978,-87.638621,04/27/2022 07:54:00 PM,2022
CR00023027,02/02/2016 03:34:00 PM,20,CLEAR,DAYLIGHT,ANGLE,ONE-WAY,NO CONTROLS,DISTRACTION - FROM INSIDE VEHICLE,FAILING TO YIELD RIGHT-OF-WAY,0,0,0,0,15,3,2,425,FULLERTON AVE,41.964324,-87.826172,02/02/2016 04:47:00 PM,2016
CR00023028,01/22/2024 02:52:00 PM,45,CLEAR,DAYLIGHT,REAR END,NOT DIVIDED,NO CONTROLS,DRIVING SKILLS/KNOWLEDGE/EXPERIENCE,FOLLOWING TOO CLOSELY,0,0,0,0,14,2,1,1668,ELSTON AVE,41.773101,-87.780849,01/22/2024 04:36:00 PM,2024
CR00023029,01/30/2019 03:22:00 AM,25,CLEAR,DAYLIGHT,SIDESWIPE SAME DIRECTION,NOT DIVIDED,UNKNOWN,DISTRACTION - FROM INSIDE VEHICLE,NOT APPLICABLE,0,0,0,0,3,4,1,1744,STATE ST,41.790746,-87.822408,01/30/2019 03:36:00 AM,2019
CR00023030,02/08/2018 02:42:00 PM,45,RAIN,DARKNESS - LIGHTED ROAD,TURNING,FOUR WAY,TRAFFIC SIGNAL,FAILING TO REDUCE SPEED,DISREGARDING TRAFFIC SIGNALS,0,0,0,0,14,5,2,1878,ROOSEVELT RD,41.782903,-87.848047,02/08/2018 04:28:00 PM,2018
CR00023031,01/17/2024 10:38:00 PM,30,CLEAR,DARKNESS - LIGHTED ROAD,REAR END,NOT DIVIDED,NO CONTROLS,UNABLE TO DETERMINE,FAILING TO YIELD RIGHT-OF-WAY,0,0,1,1,22,4,1,2312,CALIFORNIA AVE,41.845771,-87.808625,01/17/2024 11:47:00 PM,2024
CR00023032,03/16/2017 07:30:00 PM,20,CLEAR,DAYLIGHT,PARKED MOTOR VEHICLE,NOT DIVIDED,STOP SIGN/FLASHER,UNABLE TO DETERMINE,FOLLOWING TOO CLOSELY,0,0,0,0,19,5,3,651,STATE ST,41.755457,-87.599852,03/16/2017 08:52:00 PM,2017
CR00023033,02/23/2018 11:44:00 AM,25,SNOW,DARKNESS,SIDESWIPE SAME DIRECTION,NOT DIVIDED,TRAFFIC SIGNAL,UNABLE TO DETERMINE,FAILING TO YIELD RIGHT-OF-WAY,0,0,0,0,11,6,2,2522,79TH ST,41.95101,-87.807092,02/23/2018 12:31:00 PM,2018
CR00023034,04/07/2023 04:33:00 PM,30,CLEAR,DAYLIGHT,PARKED MOTOR VEHICLE,NOT DIVIDED,NO CONTROLS,FOLLOWING TOO CLOSELY,FOLLOWING TOO CLOSELY,0,0,0,0,16,6,4,358,ASHLAND AVE,41.812961,-87.775286,04/07/2023 04:50:00 PM,2023
CR00023035,01/14/2018 05:37:00 AM,20,CLEAR,DAWN,SIDESWIPE SAME DIRECTION,DIVIDED - W/MEDIAN (NOT RAISED),UNKNOWN,DISREGARDING TRAFFIC SIGNALS,FOLLOWING TOO CLOSELY,0,0,0,0,5,1,1,2111,BROADWAY,41.88047,-87.54903,01/14/2018 07:27:00 AM,2018
CR00023036,02/20/2020 01:46:00 PM,30,CLOUDY/OVERCAST,DAWN,TURNING,ONE-WAY,NO CONTROLS,UNABLE TO DETERMINE,NOT APPLICABLE,0,0,1,1,13,5,2,1238,CALIFORNIA AVE,41.86433,-87.780395,02/20/2020 02:03:00 PM,2020
CR00023037,07/13/2023 08:36:00 PM,30,CLEAR,DAWN,SIDESWIPE SAME DIRECTION,ONE-WAY,NO CONTROLS,IMPROPER LANE USAGE,DISTRACTION - FROM INSIDE VEHICLE,0,0,0,0,20,5,7,343,MILWAUKEE AVE,41.900069,-87.697124,07/13/2023 09:19:00 PM,2023
CR00023038,08/21/2024 02:08:00 PM,25,CLEAR,DARKNESS - LIGHTED ROAD,FIXED OBJECT,NOT DIVIDED,TRAFFIC SIGNAL,UNABLE TO DETERMINE,FOLLOWING TOO CLOSELY,0,0,1,1,14,4,8,525,ARCHER AVE,41.722561,-87.656429,08/21/2024 03:23:00 PM,2024
CR00023039,05/27/2022 03:05:00 PM,30,RAIN,DAYLIGHT,PEDESTRIAN,DIVIDED - W/MEDIAN (NOT RAISED),UNKNOWN,UNABLE TO DETERMINE,NOT APPLICABLE,0,0,0,0,15,6,5,142,HALSTED ST,41.883201,-87.664443,05/27/2022 03:54:00 PM,2022
CR00023040,04/05/2015 03:05:00 PM,20,CLEAR,DAYLIGHT,REAR END,DIVIDED - W/MEDIAN (NOT RAISED),NO CONTROLS,UNABLE TO DETERMINE,FAILING TO YIELD RIGHT-OF-WAY,0,0,0,0,15,1,4,1599,BROADWAY,41.944744,-87.627655,04/05/2015 04:59:00 PM,2015
CR00023041,09/14/2023 04:56:00 PM,25,RAIN,DARKNESS - LIGHTED ROAD,REAR END,DIVIDED - W/MEDIAN (NOT RAISED),TRAFFIC SIGNAL,FAILING TO REDUCE SPEED,UNABLE TO DETERMINE,0,0,1,1,16,5,9,1625,IRVING PARK RD,41.959505,-87.705186,09/14/2023 06:41:00 PM,2023
CR00023042,04/21/2019 03:05:00 PM,30,SNOW,DAYLIGHT,SIDESWIPE SAME DIRECTION,NOT DIVIDED,UNKNOWN,DRIVING SKILLS/KNOWLEDGE/EXPERIENCE,NOT APPLICABLE,0,0,0,0,15,1,4,165,63RD ST,41.920588,-87.672198,04/21/2019 04:13:00 PM,2019