CRASH_RECORD_ID,CRASH_DATE,POSTED_SPEED_LIMIT,WEATHER_CONDITION,LIGHTING_CONDITION,FIRST_CRASH_TYPE,TRAFFICWAY_TYPE,TRAFFIC_CONTROL_DEVICE,PRIM_CONTRIBUTORY_CAUSE,SEC_CONTRIBUTORY_CAUSE,INJURIES_FATAL,INJURIES_INCAPACITATING,INJURIES_NON_INCAPACITATING,INJURIES_TOTAL,CRASH_HOUR,CRASH_DAY_OF_WEEK,CRASH_MONTH,BEAT_OF_OCCURRENCE,STREET_NAME,LATITUDE,LONGITUDE,DATE_POLICE_NOTIFIED,year
CR00023043,09/30/2019 08:03:00 AM,45,FREEZING RAIN/DRIZZLE,DAYLIGHT,REAR END,FOUR WAY,TRAFFIC SIGNAL,UNABLE TO DETERMINE,DISTRACTION - FROM INSIDE VEHICLE,0,0,0,0,8,2,9,2060,63RD ST,41.838308,-87.775192,09/30/2019 08:40:00 AM,2019
CR00023044,12/31/2023 03:40:00 PM,40,CLEAR,DAYLIGHT,REAR END,DIVIDED - W/MEDIAN BARRIER,NO CONTROLS,FAILING TO YIELD RIGHT-OF-WAY,UNABLE TO DETERMINE,0,0,0,0,15,1,12,550,CLARK ST,41.976612,-87.79055,12/31/2023 05:20:00 PM,2023
CR00023045,01/26/2022 07:38:00 PM,30,SNOW,DARKNESS,SIDESWIPE SAME DIRECTION,ONE-WAY,TRAFFIC SIGNAL,FOLLOWING TOO CLOSELY,WEATHER,0,0,0,0,19,4,1,1514,OGDEN AVE,41.865243,-87.839011,01/26/2022 07:42:00 PM,2022
CR00023046,03/04/2021 08:39:00 PM,30,CLEAR,DARKNESS,ANGLE,DIVIDED - W/MEDIAN BARRIER,NO CONTROLS,UNABLE TO DETERMINE,UNABLE TO DETERMINE,0,0,0,0,20,5,3,541,CICERO AVE,41.872427,-87.773398,03/04/2021 09:33:00 PM,2021
CR00023047,02/28/2016 05:33:00 PM,25,CLEAR,DAYLIGHT,FIXED OBJECT,DIVIDED - W/MEDIAN (NOT RAISED),NO CONTROLS,UNABLE TO DETERMINE,FAILING TO REDUCE SPEED,0,0,0,0,17,1,2,1813,OGDEN AVE,41.701761,-87.711952,02/28/2016 07:33:00 PM,2016
CR00023048,06/10/2020 12:38:00 AM,35,CLEAR,DAYLIGHT,PARKED MOTOR VEHICLE,DIVIDED - W/MEDIAN BARRIER,NO CONTROLS,FAILING TO REDUCE SPEED,FOLLOWING TOO CLOSELY,0,0,1,1,0,4,6,187,47TH ST,41.792344,-87.81164,06/10/2020 02:01:00 AM,2020
CR00023049,03/22/2022 05:53:00 PM,30,CLEAR,DAYLIGHT,PEDESTRIAN,DIVIDED - W/MEDIAN BARRIER,TRAFFIC SIGNAL,UNABLE TO DETERMINE,IMPROPER LANE USAGE,0,0,1,1,17,3,3,1777,ROOSEVELT RD,41.763596,-87.630956,03/22/2022 06:29:00 PM,2022
CR00023050,06/20/2018 09:36:00 AM,45,CLEAR,DARKNESS - LIGHTED ROAD,ANGLE,T-INTERSECTION,TRAFFIC SIGNAL,FOLLOWING TOO CLOSELY,UNABLE TO DETERMINE,0,0,0,0,9,4,6,1632,ASHLAND AVE,41.857193,-87.719917,06/20/2018 11:31:00 AM,2018
CR00023051,04/01/2023 10:40:00 AM,30,SNOW,DAYLIGHT,SIDESWIPE SAME DIRECTION,DIVIDED - W/MEDIAN BARRIER,NO CONTROLS,UNABLE TO DETERMINE,FOLLOWING TOO CLOSELY,0,0,0,0,10,7,4,204,HALSTED ST,41.737334,-87.569073,04/01/2023 11:02:00 AM,2023
CR00023052,01/31/2023 09:10:00 PM,35,CLEAR,DARKNESS - LIGHTED ROAD,PARKED MOTOR VEHICLE,NOT DIVIDED,TRAFFIC SIGNAL,DRIVING SKILLS/KNOWLEDGE/EXPERIENCE,FOLLOWING TOO CLOSELY,0,0,0,0,21,3,1,549,KEDZIE AVE,41.896291,-87.608231,01/31/2023 09:28:00 PM,2023
CR00023053,12/07/2019 05:14:00 PM,40,CLEAR,DAYLIGHT,REAR END,FOUR WAY,NO CONTROLS,IMPROPER LANE USAGE,NOT APPLICABLE,0,0,0,0,17,7,12,224,ELSTON AVE,41.758326,-87.732938,12/07/2019 07:12:00 PM,2019
CR00023054,04/02/2019 08:00:00 AM,45,CLEAR,DAYLIGHT,ANGLE,NOT DIVIDED,NO CONTROLS,UNABLE TO DETERMINE,UNABLE TO DETERMINE,0,0,0,0,8,3,4,768,HALSTED ST,41.70294,-87.768295,04/02/2019 08:29:00 AM,2019
CR00023055,03/04/2020 03:07:00 AM,35,CLEAR,DAYLIGHT,REAR END,DIVIDED - W/MEDIAN BARRIER,TRAFFIC SIGNAL,UNABLE TO DETERMINE,UNABLE TO DETERMINE,0,2,2,4,3,4,3,397,IRVING PARK RD,41.727281,-87.745202,03/04/2020 04:40:00 AM,2020
CR00023056,01/27/2017 11:50:00 AM,15,CLEAR,DARKNESS,ANGLE,NOT DIVIDED,TRAFFIC SIGNAL,UNABLE TO DETERMINE,FOLLOWING TOO CLOSELY,0,0,3,3,11,6,1,938,PULASKI RD,41.840508,-87.728267,01/27/2017 12:19:00 PM,2017
CR00023057,09/23/2017 07:14:00 PM,25,CLEAR,DAYLIGHT,TURNING,NOT DIVIDED,NO CONTROLS,FAILING TO YIELD RIGHT-OF-WAY,UNABLE TO DETERMINE,0,0,0,0,19,7,9,638,ARCHER AVE,41.894173,-87.609239,09/23/2017 08:43:00 PM,2017
CR00023058,07/08/2017 08:56:00 PM,30,RAIN,DAYLIGHT,TURNING,DIVIDED - W/MEDIAN BARRIER,NO CONTROLS,FAILING TO YIELD RIGHT-OF-WAY,DISTRACTION - FROM INSIDE VEHICLE,0,0,0,0,20,7,7,2480,HALSTED ST,41.989586,-87.784307,07/08/2017 09:29:00 PM,2017
CR00023059,08/19/2015 07:22:00 AM,40,CLEAR,DAYLIGHT,REAR END,T-INTERSECTION,TRAFFIC SIGNAL,UNABLE TO DETERMINE,NOT APPLICABLE,0,0,0,0,7,4,8,417,ELSTON AVE,41.955537,-87.826044,08/19/2015 08:27:00 AM,2015
CR00023060,03/17/2016 12:53:00 AM,35,CLEAR,DAYLIGHT,ANGLE,DIVIDED - W/MEDIAN BARRIER,STOP SIGN/FLASHER,FOLLOWING TOO CLOSELY,DISTRACTION - FROM INSIDE VEHICLE,0,0,0,0,0,5,3,264,LAKE SHORE DR,41.88254,-87.630166,03/17/2016 02:26:00 AM,2016
CR00023061,05/24/2015 07:01:00 PM,35,RAIN,DARKNESS - LIGHTED ROAD,TURNING,NOT DIVIDED,NO CONTROLS,UNABLE TO DETERMINE,UNABLE TO DETERMINE,0,0,0,0,19,1,5,636,MICHIGAN AVE,41.854757,-87.762681,05/24/2015 07:34:00 PM,2015
CR00023062,11/06/2018 04:09:00 PM,30,CLEAR,DAYLIGHT,SIDESWIPE SAME DIRECTION,DIVIDED - W/MEDIAN (NOT RAISED),TRAFFIC SIGNAL,FOLLOWING TOO CLOSELY,UNABLE TO DETERMINE,0,0,0,0,16,3,11,2177,BROADWAY,41.846065,-87.661025,11/06/2018 05:44:00 PM,2018
CR00023063,03/14/2017 08:02:00 AM,35,CLEAR,DAYLIGHT,REAR END,T-INTERSECTION,TRAFFIC SIGNAL,DISTRACTION - FROM INSIDE VEHICLE,UNABLE TO DETERMINE,0,0,0,0,8,3,3,579,FULLERTON AVE,41.804525,-87.53852,03/14/2017 08:57:00 AM,2017
CR00023064,05/10/2017 08:53:00 PM,30,CLEAR,DAYLIGHT,FIXED OBJECT,NOT DIVIDED,NO CONTROLS,IMPROPER LANE USAGE,UNABLE TO DETERMINE,0,0,0,0,20,4,5,1707,63RD ST,41.790243,-87.520564,05/10/2017 09:24:00 PM,2017
CR00023065,06/03/2021 06:15:00 AM,30,CLEAR,DAYLIGHT,SIDESWIPE SAME DIRECTION,NOT DIVIDED,NO CONTROLS,FOLLOWING TOO CLOSELY,IMPROPER LANE USAGE,0,0,0,0,6,5,6,2062,MICHIGAN AVE,41.958124,-87.63017,06/03/2021 07:53:00 AM,2021
CR00023066,06/23/2020 10:54:00 AM,25,RAIN,DAYLIGHT,SIDESWIPE SAME DIRECTION,DIVIDED - W/MEDIAN BARRIER,TRAFFIC SIGNAL,UNABLE TO DETERMINE,FOLLOWING TOO CLOSELY,0,0,1,1,10,3,6,1265,CALIFORNIA AVE,41.961231,-87.778017,06/23/2020 11:20:00 AM,2020
CR00023067,05/25/2017 07:03:00 PM,40,CLOUDY/OVERCAST,DARKNESS,ANGLE,NOT DIVIDED,STOP SIGN/FLASHER,UNABLE TO DETERMINE,FOLLOWING TOO CLOSELY,0,0,0,0,19,5,5,2295,CALIFORNIA AVE,41.830582,-87.831366,05/25/2017 08:34:00 PM,2017
CR00023068,11/19/2022 06:04:00 AM,30,CLEAR,DARKNESS,REAR END,DIVIDED - W/MEDIAN (NOT RAISED),NO CONTROLS,DISTRACTION - FROM INSIDE VEHICLE,WEATHER,0,0,0,0,6,7,11,719,PULASKI RD,41.757693,-87.570023,11/19/2022 06:51:00 AM,2022
CR00023069,11/29/2023 05:40:00 PM,20,RAIN,DARKNESS - LIGHTED ROAD,ANGLE,NOT DIVIDED,TRAFFIC SIGNAL,UNABLE TO DETERMINE,FOLLOWING TOO CLOSELY,0,0,0,0,17,4,11,1396,CALIFORNIA AVE,41.756954,-87.784065,11/29/2023 06:09:00 PM,2023
CR00023070,03/07/2023 05:57:00 PM,35,CLEAR,DAYLIGHT,PARKED MOTOR VEHICLE,DIVIDED - W/MEDIAN (NOT RAISED),STOP SIGN/FLASHER,UNABLE TO DETERMINE,FOLLOWING TOO CLOSELY,0,0,0,0,17,3,3,2402,FULLERTON AVE,41.968349,-87.610964,03/07/2023 07:47:00 PM,2023
CR00023071,05/18/2022 01:39:00 PM,20,RAIN,DARKNESS - LIGHTED ROAD,SIDESWIPE SAME DIRECTION,FOUR WAY,TRAFFIC SIGNAL,FOLLOWING TOO CLOSELY,UNABLE TO DETERMINE,0,0,0,0,13,4,5,1249,ASHLAND AVE,41.916502,-87.814172,05/18/2022 02:56:00 PM,2022
CR00023072,06/07/2017 10:26:00 AM,25,CLEAR,DAYLIGHT,REAR END,ONE-WAY,TRAFFIC SIGNAL,FAILING TO YIELD RIGHT-OF-WAY,NOT APPLICABLE,0,0,0,0,10,4,6,1227,WESTERN AVE,41.733995,-87.819721,06/07/2017 11:42:00 AM,2017
CR00023073,06/29/2023 06:47:00 PM,35,CLEAR,DAYLIGHT,PARKED MOTOR VEHICLE,NOT DIVIDED,NO CONTROLS,UNABLE TO DETERMINE,DISTRACTION - FROM INSIDE VEHICLE,0,0,0,0,18,5,6,1083,STONY ISLAND AVE,41.984945,-87.588411,06/29/2023 07:23:00 PM,2023
CR00023074,10/29/2017 08:14:00 AM,30,CLEAR,DARKNESS - LIGHTED ROAD,TURNING,T-INTERSECTION,NO CONTROLS,UNABLE TO DETERMINE,FAILING TO YIELD RIGHT-OF-WAY,0,0,0,0,8,1,10,1950,PULASKI RD,41.78475,-87.657215,10/29/2017 08:34:00 AM,2017
CR00023075,09/03/2018 09:07:00 PM,15,FOG/SMOKE/HAZE,DARKNESS - LIGHTED ROAD,PARKED MOTOR VEHICLE,DIVIDED - W/MEDIAN (NOT RAISED),NO CONTROLS,FAILING TO YIELD RIGHT-OF-WAY,NOT APPLICABLE,0,0,0,0,21,2,9,1961,63RD ST,41.843076,-87.799031,09/03/2018 10:44:00 PM,2018
CR00023076,04/24/2022 05:52:00 PM,30,CLEAR,DARKNESS - LIGHTED ROAD,ANGLE,NOT DIVIDED,TRAFFIC SIGNAL,DISTRACTION - FROM INSIDE VEHICLE,FAILING TO YIELD RIGHT-OF-WAY,0,2,2,4,17,1,4,725,79TH ST,41.895683,-87.835522,04/24/2022 07:14:00 PM,2022
CR00023077,02/10/2022 09:21:00 AM,45,CLEAR,DAYLIGHT,REAR END,FOUR WAY,STOP SIGN/FLASHER,FAILING TO YIELD RIGHT-OF-WAY,NOT APPLICABLE,0,0,0,0,9,5,2,158,PULASKI RD,41.861281,-87.680548,02/10/2022 10:20:00 AM,2022
CR00023078,12/08/2016 07:35:00 PM,35,RAIN,DARKNESS,FIXED OBJECT,DIVIDED - W/MEDIAN (NOT RAISED),STOP SIGN/FLASHER,FAILING TO REDUCE SPEED,UNABLE TO DETERMINE,0,0,0,0,19,5,12,1833,CALIFORNIA AVE,41.982711,-87.670493,12/08/2016 09:22:00 PM,2016
CR00023079,06/11/2017 05:01:00 AM,20,CLEAR,DARKNESS - LIGHTED ROAD,ANGLE,DIVIDED - W/MEDIAN (NOT RAISED),TRAFFIC SIGNAL,FOLLOWING TOO CLOSELY,FAILING TO REDUCE SPEED,0,0,0,0,5,1,6,2217,CALIFORNIA AVE,41.941671,-87.71364,06/11/2017 06:01:00 AM,2017
CR00023080,09/13/2016 03:32:00 PM,30,CLEAR,DAYLIGHT,REAR END,NOT DIVIDED,NO CONTROLS,UNABLE TO DETERMINE,FOLLOWING TOO CLOSELY,0,0,0,0,15,3,9,2133,63RD ST,41.848299,-87.598893,09/13/2016 04:41:00 PM,2016
CR00023081,12/02/2023 04:19:00 PM,35,CLEAR,DARKNESS,PARKED MOTOR VEHICLE,DIVIDED - W/MEDIAN (NOT RAISED),NO CONTROLS,FAILING TO REDUCE SPEED,FOLLOWING TOO CLOSELY,0,0,0,0,16,7,12,1381,STONY ISLAND AVE,41.761072,-87.571065,12/02/2023 04:26:00 PM,2023
CR00023082,10/11/2017 02:46:00 PM,30,CLEAR,DAYLIGHT,REAR END,DIVIDED - W/MEDIAN BARRIER,NO CONTROLS,FAILING TO REDUCE SPEED,UNABLE TO DETERMINE,0,0,0,0,14,4,10,455,CALIFORNIA AVE,41.939863,-87.817214,10/11/2017 04:29:00 PM,2017
CR00023083,09/25/2022 12:12:00 PM,20,SNOW,DAYLIGHT,SIDESWIPE SAME DIRECTION,NOT DIVIDED,STOP SIGN/FLASHER,UNABLE TO DETERMINE,NOT APPLICABLE,0,0,0,0,12,1,9,1990,MILWAUKEE AVE,41.829846,-87.699245,09/25/2022 12:32:00 PM,2022
CR00023084,07/26/2022 10:34:00 AM,30,CLEAR,DARKNESS - LIGHTED ROAD,PARKED MOTOR VEHICLE,DIVIDED - W/MEDIAN BARRIER,NO CONTROLS,IMPROPER LANE USAGE,UNABLE TO DETERMINE,0,0,1,1,10,3,7,360,CALIFORNIA AVE,41.983742,-87.673552,07/26/2022 12:30:00 PM,2022
CR00023085,08/16/2021 06:13:00 AM,40,CLEAR,DAYLIGHT,REAR END,NOT DIVIDED,NO CONTROLS,DRIVING SKILLS/KNOWLEDGE/EXPERIENCE,FOLLOWING TOO CLOSELY,0,0,0,0,6,2,8,1192,ELSTON AVE,41.761123,-87.630473,08/16/2021 07:26:00 AM,2021
CR00023086,08/31/2019 08:10:00 PM,35,CLOUDY/OVERCAST,DAWN,SIDESWIPE SAME DIRECTION,NOT DIVIDED,STOP SIGN/FLASHER,UNABLE TO DETERMINE,FAILING TO REDUCE SPEED,0,0,0,0,20,7,8,892,HALSTED ST,41.975962,-87.689385,08/31/2019 08:28:00 PM,2019
CR00023087,12/31/2016 01:34:00 PM,30,CLEAR,DAYLIGHT,REAR END,NOT DIVIDED,STOP SIGN/FLASHER,FOLLOWING TOO CLOSELY,UNABLE TO DETERMINE,0,0,0,0,13,7,12,1524,WESTERN AVE,41.811698,-87.742429,12/31/2016 03:06:00 PM,2016
CR00023088,03/17/2021 03:24:00 PM,30,CLEAR,DAYLIGHT,TURNING,NOT DIVIDED,UNKNOWN,DISREGARDING TRAFFIC SIGNALS,FOLLOWING TOO CLOSELY,0,0,0,0,15,4,3,177,ARCHER AVE,41.824613,-87.524794,03/17/2021 04:47:00 PM,2021
CR00023089,09/13/2016 10:42:00 PM,20,CLEAR,DAYLIGHT,REAR END,ONE-WAY,TRAFFIC SIGNAL,UNABLE TO DETERMINE,FAILING TO YIELD RIGHT-OF-WAY,0,0,0,0,22,3,9,1542,MICHIGAN AVE,41.953223,-87.816504,09/14/2016 12:22:00 AM,2016
CR00023090,06/27/2019 11:00:00 PM,40,CLEAR,DAYLIGHT,TURNING,NOT DIVIDED,NO CONTROLS,DISTRACTION - FROM INSIDE VEHICLE,UNABLE TO DETERMINE,0,0,1,1,23,5,6,2216,DIVISION ST,41.707248,-87.849028,06/28/2019 12:50:00 AM,2019
CR00023091,04/28/2019 06:47:00 PM,15,CLEAR,DAYLIGHT,PARKED MOTOR VEHICLE,DIVIDED - W/MEDIAN (NOT RAISED),NO CONTROLS,FOLLOWING TOO CLOSELY,UNABLE TO DETERMINE,0,0,0,0,18,1,4,1517,63RD ST,41.795852,-87.714423,04/28/2019 07:19:00 PM,2019
CR00023092,08/24/2022 09:09:00 PM,35,CLEAR,DAYLIGHT,ANGLE,NOT DIVIDED,NO CONTROLS,DISTRACTION - FROM INSIDE VEHICLE,FOLLOWING TOO CLOSELY,0,0,0,0,21,4,8,553,IRVING PARK RD,41.923747,-87.64071,08/24/2022 10:40:00 PM,2022
CR00023093,12/26/2020 01:33:00 AM,30,CLEAR,DAYLIGHT,ANGLE,NOT DIVIDED,YIELD,FAILING TO YIELD RIGHT-OF-WAY,UNABLE TO DETERMINE,0,0,0,0,1,7,12,1913,STONY ISLAND AVE,41.826294,-87.731941,12/26/2020 02:11:00 AM,2020
CR00023094,05/27/2021 06:04:00 PM,30,SNOW,DAYLIGHT,PARKED MOTOR VEHICLE,DIVIDED - W/MEDIAN (NOT RAISED),TRAFFIC SIGNAL,DISREGARDING TRAFFIC SIGNALS,NOT APPLICABLE,0,0,3,3,18,5,5,1531,PULASKI RD,41.948356,-87.827808,05/27/2021 07:37:00 PM,2021
CR00023095,12/12/2020 05:11:00 AM,25,CLEAR,DAYLIGHT,REAR END,NOT DIVIDED,STOP SIGN/FLASHER,UNABLE TO DETERMINE,UNABLE TO DETERMINE,0,0,0,0,5,7,12,2146,CALIFORNIA AVE,41.990657,-87.577465,12/12/2020 06:42:00 AM,2020
CR00023096,08/26/2020 03:17:00 PM,15,CLEAR,DAYLIGHT,ANGLE,DIVIDED - W/MEDIAN (NOT RAISED),NO CONTROLS,UNABLE TO DETERMINE,DRIVING SKILLS/KNOWLEDGE/EXPERIENCE,0,0,0,0,15,4,8,1496,FULLERTON AVE,41.862226,-87.780109,08/26/2020 04:26:00 PM,2020
CR00023097,04/18/2020 05:58:00 PM,45,CLEAR,DAYLIGHT,SIDESWIPE SAME DIRECTION,ONE-WAY,NO CONTROLS,UNABLE TO DETERMINE,DRIVING SKILLS/KNOWLEDGE/EXPERIENCE,0,0,0,0,17,7,4,186,STATE ST,41.85234,-87.565326,04/18/2020 07:23:00 PM,2020
CR00023098,02/25/2021 04:47:00 AM,15,CLEAR,DAYLIGHT,REAR END,ONE-WAY,TRAFFIC SIGNAL,DRIVING SKILLS/KNOWLEDGE/EXPERIENCE,DRIVING SKILLS/KNOWLEDGE/EXPERIENCE,0,0,0,0,4,5,2,1842,CALIFORNIA AVE,41.959064,-87.790961,02/25/2021 06:16:00 AM,2021
CR00023099,07/01/2021 07:05:00 AM,35,CLEAR,DARKNESS,PARKED MOTOR VEHICLE,T-INTERSECTION,YIELD,FAILING TO YIELD RIGHT-OF-WAY,UNABLE TO DETERMINE,0,0,0,0,7,5,7,2223,ARCHER AVE,41.782011,-87.639144,07/01/2021 07:50:00 AM,2021
CR00023100,07/19/2016 07:59:00 AM,40,CLEAR,DAYLIGHT,REAR END,ONE-WAY,YIELD,DISTRACTION - FROM INSIDE VEHICLE,DISREGARDING TRAFFIC SIGNALS,0,0,2,2,7,3,7,1229,MICHIGAN AVE,41.882095,-87.746295,07/19/2016 08:34:00 AM,2016
CR00023101,07/17/2024 11:34:00 AM,40,RAIN,DARKNESS,REAR END,DIVIDED - W/MEDIAN (NOT RAISED),TRAFFIC SIGNAL,UNABLE TO DETERMINE,FOLLOWING TOO CLOSELY,0,0,0,0,11,4,7,1189,PULASKI RD,41.798792,-87.668367,07/17/2024 12:16:00 PM,2024
CR00023102,11/21/2017 05:25:00 PM,30,CLEAR,DARKNESS - LIGHTED ROAD,PARKED MOTOR VEHICLE,NOT DIVIDED,YIELD,WEATHER,UNABLE TO DETERMINE,0,0,0,0,17,3,11,2043,IRVING PARK RD,41.851217,-87.505405,11/21/2017 06:01:00 PM,2017
CR00023103,01/13/2016 04:02:00 AM,40,CLEAR,DARKNESS - LIGHTED ROAD,REAR END,NOT DIVIDED,TRAFFIC SIGNAL,IMPROPER LANE USAGE,WEATHER,0,0,1,1,4,4,1,1343,ELSTON AVE,41.868327,-87.615358,01/13/2016 04:11:00 AM,2016
CR00023104,02/26/2024 03:21:00 AM,30,CLEAR,DAYLIGHT,ANGLE,DIVIDED - W/MEDIAN (NOT RAISED),NO CONTROLS,WEATHER,UNABLE TO DETERMINE,0,0,0,0,3,2,2,2158,STONY ISLAND AVE,41.716581,-87.72013,02/26/2024 04:07:00 AM,2024
CR00023105,07/14/2023 12:53:00 PM,30,RAIN,DAYLIGHT,TURNING,ONE-WAY,STOP SIGN/FLASHER,DRIVING SKILLS/KNOWLEDGE/EXPERIENCE,NOT APPLICABLE,0,0,0,0,12,6,7,828,ROOSEVELT RD,41.75533,-87.760911,07/14/2023 01:15:00 PM,2023
CR00023106,05/19/2021 05:39:00 PM,20,CLEAR,DAYLIGHT,REAR END,NOT DIVIDED,TRAFFIC SIGNAL,DISREGARDING TRAFFIC SIGNALS,UNABLE TO DETERMINE,0,0,0,0,17,4,5,436,LAKE SHORE DR,41.808005,-87.78025,05/19/2021 06:33:00 PM,2021
CR00023107,11/08/2024 08:01:00 PM,35,RAIN,DARKNESS - LIGHTED ROAD,TURNING,DIVIDED - W/MEDIAN (NOT RAISED),STOP SIGN/FLASHER,UNABLE TO DETERMINE,FOLLOWING TOO CLOSELY,0,0,0,0,20,6,11,2473,DIVISION ST,41.718805,-87.694998,11/08/2024 09:32:00 PM,2024
CR00023108,09/14/2015 04:14:00 PM,30,CLEAR,DARKNESS - LIGHTED ROAD,REAR TO FRONT,FOUR WAY,STOP SIGN/FLASHER,DRIVING SKILLS/KNOWLEDGE/EXPERIENCE,UNABLE TO DETERMINE,0,1,3,4,16,2,9,2506,79TH ST,41.783002,-87.553942,09/14/2015 05:01:00 PM,2015
CR00023109,05/20/2024 03:57:00 AM,35,CLEAR,DARKNESS - LIGHTED ROAD,REAR TO FRONT,DIVIDED - W/MEDIAN (NOT RAISED),NO CONTROLS,UNABLE TO DETERMINE,FAILING TO REDUCE SPEED,0,0,0,0,3,2,5,523,ROOSEVELT RD,41.8506,-87.574118,05/20/2024 05:48:00 AM,2024
CR00023110,08/19/2018 07:46:00 PM,15,CLEAR,DARKNESS - LIGHTED ROAD,TURNING,DIVIDED - W/MEDIAN BARRIER,NO CONTROLS,FAILING TO REDUCE SPEED,NOT APPLICABLE,0,0,0,0,19,1,8,1303,STONY ISLAND AVE,41.965674,-87.80182,08/19/2018 09:13:00 PM,2018
CR00023111,05/14/2023 07:15:00 PM,35,CLEAR,DAYLIGHT,REAR TO FRONT,NOT DIVIDED,YIELD,DISTRACTION - FROM INSIDE VEHICLE,NOT APPLICABLE,0,0,0,0,19,1,5,1937,63RD ST,41.72368,-87.774948,05/14/2023 07:33:00 PM,2023
CR00023112,01/14/2015 03:43:00 AM,30,RAIN,DUSK,ANGLE,T-INTERSECTION,NO CONTROLS,DRIVING SKILLS/KNOWLEDGE/EXPERIENCE,FAILING TO YIELD RIGHT-OF-WAY,0,0,0,0,3,4,1,1341,CALIFORNIA AVE,41.794728,-87.546613,01/14/2015 05:17:00 AM,2015
CR00023113,08/21/2016 03:19:00 AM,35,FREEZING RAIN/DRIZZLE,DARKNESS - LIGHTED ROAD,TURNING,NOT DIVIDED,NO CONTROLS,FAILING TO YIELD RIGHT-OF-WAY,UNABLE TO DETERMINE,0,0,0,0,3,1,8,1924,79TH ST,41.782535,-87.830456,08/21/2016 04:54:00 AM,2016
CR00023114,10/30/2019 10:27:00 AM,30,CLEAR,DAYLIGHT,SIDESWIPE SAME DIRECTION,ONE-WAY,NO CONTROLS,FAILING TO REDUCE SPEED,UNABLE TO DETERMINE,0,0,0,0,10,4,10,965,FULLERTON AVE,41.722976,-87.580146,10/30/2019 11:22:00 AM,2019
CR00023115,01/28/2018 06:26:00 PM,25,CLEAR,DARKNESS - LIGHTED ROAD,ANGLE,NOT DIVIDED,NO CONTROLS,IMPROPER LANE USAGE,UNABLE TO DETERMINE,0,0,2,2,18,1,1,604,ASHLAND AVE,41.978087,-87.66008,01/28/2018 08:15:00 PM,2018
CR00023116,05/02/2023 11:15:00 AM,45,CLOUDY/OVERCAST,DAYLIGHT,FIXED OBJECT,NOT DIVIDED,NO CONTROLS,UNABLE TO DETERMINE,NOT APPLICABLE,0,0,0,0,11,3,5,1187,STONY ISLAND AVE,41.932603,-87.684182,05/02/2023 12:24:00 PM,2023
CR00023117,06/18/2017 11:42:00 PM,25,CLEAR,DARKNESS - LIGHTED ROAD,REAR END,DIVIDED - W/MEDIAN BARRIER,NO CONTROLS,FOLLOWING TOO CLOSELY,FAILING TO YIELD RIGHT-OF-WAY,0,0,0,0,23,1,6,1059,PULASKI RD,41.875876,-87.563643,06/19/2017 12:15:00 AM,2017
CR00023118,04/17/2021 07:39:00 AM,35,CLEAR,DARKNESS - LIGHTED ROAD,PARKED MOTOR VEHICLE,NOT DIVIDED,NO CONTROLS,UNABLE TO DETERMINE,NOT APPLICABLE,0,0,0,0,7,7,4,2241,STONY ISLAND AVE,41.70816,-87.62512,04/17/2021 08:57:00 AM,2021
CR00023119,03/29/2018 04:16:00 PM,30,CLEAR,DARKNESS,REAR END,NOT DIVIDED,NO CONTROLS,FOLLOWING TOO CLOSELY,DISTRACTION - FROM INSIDE VEHICLE,0,0,0,0,16,5,3,292,CLARK ST,41.749605,-87.594152,03/29/2018 06:03:00 PM,2018
CR00023120,02/15/2019 05:54:00 PM,20,CLEAR,DAYLIGHT,REAR END,NOT DIVIDED,NO CONTROLS,IMPROPER LANE USAGE,NOT APPLICABLE,0,0,0,0,17,6,2,1691,WESTERN AVE,41.849466,-87.725014,02/15/2019 06:38:00 PM,2019
CR00023121,12/24/2017 04:51:00 PM,40,CLEAR,DAYLIGHT,FIXED OBJECT,DIVIDED - W/MEDIAN BARRIER,STOP SIGN/FLASHER,UNABLE TO DETERMINE,NOT APPLICABLE,0,0,0,0,16,1,12,343,WESTERN AVE,41.929804,-87.714383,12/24/2017 06:12:00 PM,2017
CR00023122,04/12/2015 07:15:00 AM,30,FREEZING RAIN/DRIZZLE,DAYLIGHT,PEDESTRIAN,DIVIDED - W/MEDIAN (NOT RAISED),TRAFFIC SIGNAL,DRIVING SKILLS/KNOWLEDGE/EXPERIENCE,FAILING TO YIELD RIGHT-OF-WAY,0,0,0,0,7,1,4,1331,CLARK ST,41.965372,-87.644362,04/12/2015 09:12:00 AM,2015
CR00023123,05/21/2015 04:31:00 PM,40,RAIN,DAYLIGHT,REAR END,NOT DIVIDED,TRAFFIC SIGNAL,DISREGARDING TRAFFIC SIGNALS,UNABLE TO DETERMINE,0,0,3,3,16,5,5,159,PULASKI RD,41.737008,-87.682545,05/21/2015 04:40:00 PM,2015
CR00023124,12/23/2019 04:42:00 PM,30,CLEAR,DARKNESS - LIGHTED ROAD,SIDESWIPE SAME DIRECTION,T-INTERSECTION,STOP SIGN/FLASHER,IMPROPER OVERTAKING/PASSING,UNABLE TO DETERMINE,0,0,0,0,16,2,12,128,MICHIGAN AVE,41.998323,-87.740872,12/23/2019 04:47:00 PM,2019
CR00023125,05/20/2021 01:22:00 AM,30,CLEAR,DAYLIGHT,REAR END,NOT DIVIDED,STOP SIGN/FLASHER,UNABLE TO DETERMINE,DRIVING SKILLS/KNOWLEDGE/EXPERIENCE,0,0,0,0,1,5,5,2129,WESTERN AVE,41.7818,-87.613796,05/20/2021 02:24:00 AM,2021