CRASH_RECORD_ID,CRASH_DATE,POSTED_SPEED_LIMIT,WEATHER_CONDITION,LIGHTING_CONDITION,FIRST_CRASH_TYPE,TRAFFICWAY_TYPE,TRAFFIC_CONTROL_DEVICE,PRIM_CONTRIBUTORY_CAUSE,SEC_CONTRIBUTORY_CAUSE,INJURIES_FATAL,INJURIES_INCAPACITATING,INJURIES_NON_INCAPACITATING,INJURIES_TOTAL,CRASH_HOUR,CRASH_DAY_OF_WEEK,CRASH_MONTH,BEAT_OF_OCCURRENCE,STREET_NAME,LATITUDE,LONGITUDE,DATE_POLICE_NOTIFIED,year
CR00023126,07/14/2015 08:45:00 PM,45,CLEAR,DAYLIGHT,PARKED MOTOR VEHICLE,DIVIDED - W/MEDIAN (NOT RAISED),NO CONTROLS,FOLLOWING TOO CLOSELY,UNABLE TO DETERMINE,0,0,0,0,20,3,7,2456,79TH ST,41.851509,-87.565056,07/14/2015 10:19:00 PM,2015
CR00023127,11/08/2018 08:39:00 PM,45,CLEAR,DAYLIGHT,TURNING,NOT DIVIDED,TRAFFIC SIGNAL,FOLLOWING TOO CLOSELY,NOT APPLICABLE,0,0,0,0,20,5,11,738,MICHIGAN AVE,41.997234,-87.849817,11/08/2018 08:59:00 PM,2018
CR00023128,12/02/2023 08:30:00 AM,30,RAIN,DAYLIGHT,SIDESWIPE SAME DIRECTION,DIVIDED - W/MEDIAN BARRIER,NO CONTROLS,DISREGARDING TRAFFIC SIGNALS,FOLLOWING TOO CLOSELY,0,0,3,3,8,7,12,1028,MICHIGAN AVE,41.770395,-87.772456,12/02/2023 09:41:00 AM,2023
CR00023129,03/04/2024 09:17:00 PM,35,FOG/SMOKE/HAZE,DAYLIGHT,REAR END,DIVIDED - W/MEDIAN (NOT RAISED),NO CONTROLS,FAILING TO YIELD RIGHT-OF-WAY,FAILING TO REDUCE SPEED,0,0,3,3,21,2,3,431,DAMEN AVE,41.785997,-87.617004,03/04/2024 09:21:00 PM,2024
CR00023130,08/07/2023 06:17:00 PM,30,CLEAR,DAYLIGHT,PARKED MOTOR VEHICLE,DIVIDED - W/MEDIAN (NOT RAISED),NO CONTROLS,WEATHER,UNABLE TO DETERMINE,0,0,3,3,18,2,8,1933,HALSTED ST,41.903301,-87.801762,08/07/2023 06:41:00 PM,2023
CR00023131,12/24/2016 02:48:00 PM,45,CLEAR,DARKNESS - LIGHTED ROAD,REAR END,NOT DIVIDED,STOP SIGN/FLASHER,DISTRACTION - FROM INSIDE VEHICLE,WEATHER,0,0,0,0,14,7,12,2026,DIVISION ST,41.775929,-87.799428,12/24/2016 03:06:00 PM,2016
CR00023132,05/26/2023 04:03:00 PM,35,FREEZING RAIN/DRIZZLE,DARKNESS,REAR TO FRONT,NOT DIVIDED,TRAFFIC SIGNAL,WEATHER,FAILING TO REDUCE SPEED,0,0,0,0,16,6,5,558,LAKE SHORE DR,41.912979,-87.640786,05/26/2023 05:51:00 PM,2023
CR00023133,11/22/2021 09:48:00 AM,30,CLEAR,DAYLIGHT,REAR END,NOT DIVIDED,STOP SIGN/FLASHER,WEATHER,NOT APPLICABLE,0,0,0,0,9,2,11,1595,ELSTON AVE,41.821389,-87.644585,11/22/2021 11:33:00 AM,2021
CR00023134,09/16/2019 12:05:00 AM,45,CLOUDY/OVERCAST,DAWN,ANGLE,NOT DIVIDED,TRAFFIC SIGNAL,DRIVING SKILLS/KNOWLEDGE/EXPERIENCE,DRIVING SKILLS/KNOWLEDGE/EXPERIENCE,0,0,0,0,0,2,9,636,LAKE SHORE DR,41.909579,-87.757379,09/16/2019 12:20:00 AM,2019
CR00023135,05/06/2021 03:10:00 AM,30,SNOW,DAYLIGHT,SIDESWIPE SAME DIRECTION,ONE-WAY,UNKNOWN,DISTRACTION - FROM INSIDE VEHICLE,IMPROPER OVERTAKING/PASSING,0,0,3,3,3,5,5,980,STONY ISLAND AVE,41.902443,-87.501187,05/06/2021 03:30:00 AM,2021
CR00023136,02/29/2016 05:13:00 PM,35,CLEAR,DARKNESS - LIGHTED ROAD,TURNING,FOUR WAY,STOP SIGN/FLASHER,DRIVING SKILLS/KNOWLEDGE/EXPERIENCE,UNABLE TO DETERMINE,0,0,0,0,17,2,2,893,CICERO AVE,41.992252,-87.649068,02/29/2016 06:12:00 PM,2016
CR00023137,01/28/2024 03:12:00 PM,30,RAIN,DAYLIGHT,REAR END,DIVIDED - W/MEDIAN BARRIER,TRAFFIC SIGNAL,FAILING TO YIELD RIGHT-OF-WAY,UNABLE TO DETERMINE,0,0,0,0,15,1,1,1150,CICERO AVE,41.719253,-87.571637,01/28/2024 04:04:00 PM,2024
CR00023138,05/02/2023 03:11:00 PM,45,CLEAR,DAYLIGHT,SIDESWIPE SAME DIRECTION,T-INTERSECTION,TRAFFIC SIGNAL,UNABLE TO DETERMINE,UNABLE TO DETERMINE,0,0,0,0,15,3,5,867,ELSTON AVE,41.867625,-87.568073,05/02/2023 04:32:00 PM,2023
CR00023139,05/21/2017 08:50:00 AM,30,CLOUDY/OVERCAST,DAYLIGHT,REAR END,NOT DIVIDED,NO CONTROLS,UNABLE TO DETERMINE,DRIVING SKILLS/KNOWLEDGE/EXPERIENCE,0,0,0,0,8,1,5,726,STONY ISLAND AVE,41.908646,-87.6599,05/21/2017 09:10:00 AM,2017
CR00023140,05/21/2018 09:25:00 PM,45,CLEAR,DAYLIGHT,PARKED MOTOR VEHICLE,NOT DIVIDED,NO CONTROLS,FAILING TO REDUCE SPEED,DRIVING SKILLS/KNOWLEDGE/EXPERIENCE,0,0,1,1,21,2,5,1246,OGDEN AVE,41.713673,-87.776058,05/21/2018 11:09:00 PM,2018
CR00023141,06/29/2022 01:47:00 PM,30,CLEAR,DAYLIGHT,REAR END,ONE-WAY,NO CONTROLS,UNABLE TO DETERMINE,UNABLE TO DETERMINE,0,0,0,0,13,4,6,1667,MICHIGAN AVE,41.903479,-87.733163,06/29/2022 02:17:00 PM,2022
CR00023142,11/27/2024 08:04:00 AM,35,CLEAR,DARKNESS - LIGHTED ROAD,ANGLE,DIVIDED - W/MEDIAN (NOT RAISED),NO CONTROLS,FAILING TO REDUCE SPEED,FAILING TO YIELD RIGHT-OF-WAY,0,0,1,1,8,4,11,1603,STONY ISLAND AVE,41.832063,-87.676057,11/27/2024 09:37:00 AM,2024
CR00023143,03/12/2024 04:08:00 PM,30,CLEAR,DAYLIGHT,PARKED MOTOR VEHICLE,ONE-WAY,NO CONTROLS,IMPROPER LANE USAGE,UNABLE TO DETERMINE,0,0,0,0,16,3,3,2511,CALIFORNIA AVE,41.702002,-87.831008,03/12/2024 05:55:00 PM,2024
CR00023144,08/22/2017 08:16:00 PM,20,CLEAR,DARKNESS,REAR END,DIVIDED - W/MEDIAN BARRIER,YIELD,DISTRACTION - FROM INSIDE VEHICLE,IMPROPER OVERTAKING/PASSING,0,0,0,0,20,3,8,1878,ASHLAND AVE,41.821367,-87.596229,08/22/2017 10:02:00 PM,2017
CR00023145,05/21/2024 08:27:00 AM,30,FOG/SMOKE/HAZE,DARKNESS - LIGHTED ROAD,ANGLE,NOT DIVIDED,STOP SIGN/FLASHER,DRIVING SKILLS/KNOWLEDGE/EXPERIENCE,IMPROPER OVERTAKING/PASSING,0,0,2,2,8,3,5,106,STATE ST,41.777256,-87.505035,05/21/2024 09:16:00 AM,2024
CR00023146,07/26/2023 07:13:00 AM,15,CLEAR,DAYLIGHT,TURNING,DIVIDED - W/MEDIAN (NOT RAISED),NO CONTROLS,FAILING TO REDUCE SPEED,FOLLOWING TOO CLOSELY,0,1,1,2,7,4,7,1294,STATE ST,41.832272,-87.502293,07/26/2023 07:59:00 AM,2023
CR00023147,08/28/2023 09:06:00 AM,25,CLOUDY/OVERCAST,DUSK,SIDESWIPE SAME DIRECTION,NOT DIVIDED,NO CONTROLS,UNABLE TO DETERMINE,IMPROPER LANE USAGE,0,0,1,1,9,2,8,2388,79TH ST,41.880528,-87.744319,08/28/2023 10:31:00 AM,2023
CR00023148,12/06/2019 05:30:00 AM,45,CLOUDY/OVERCAST,DAYLIGHT,PARKED MOTOR VEHICLE,NOT DIVIDED,STOP SIGN/FLASHER,FOLLOWING TOO CLOSELY,UNABLE TO DETERMINE,0,0,0,0,5,6,12,535,79TH ST,41.816937,-87.733622,12/06/2019 05:32:00 AM,2019
CR00023149,05/09/2024 12:07:00 AM,25,CLEAR,DAYLIGHT,SIDESWIPE SAME DIRECTION,DIVIDED - W/MEDIAN (NOT RAISED),NO CONTROLS,IMPROPER LANE USAGE,DISTRACTION - FROM INSIDE VEHICLE,0,0,0,0,0,5,5,1557,STONY ISLAND AVE,41.854167,-87.663458,05/09/2024 01:31:00 AM,2024
CR00023150,08/30/2018 11:14:00 AM,35,FOG/SMOKE/HAZE,DAYLIGHT,SIDESWIPE SAME DIRECTION,NOT DIVIDED,TRAFFIC SIGNAL,FAILING TO YIELD RIGHT-OF-WAY,IMPROPER OVERTAKING/PASSING,0,0,0,0,11,5,8,524,STONY ISLAND AVE,41.976233,-87.692543,08/30/2018 01:05:00 PM,2018
CR00023151,04/09/2021 04:25:00 PM,40,CLOUDY/OVERCAST,DAYLIGHT,REAR END,ONE-WAY,STOP SIGN/FLASHER,FOLLOWING TOO CLOSELY,IMPROPER OVERTAKING/PASSING,0,0,0,0,16,6,4,743,ASHLAND AVE,41.940721,-87.607605,04/09/2021 05:07:00 PM,2021
CR00023152,03/24/2015 07:45:00 AM,35,CLEAR,DARKNESS - LIGHTED ROAD,REAR END,NOT DIVIDED,TRAFFIC SIGNAL,DISTRACTION - FROM INSIDE VEHICLE,UNABLE TO DETERMINE,0,0,0,0,7,3,3,1605,63RD ST,41.868462,-87.732159,03/24/2015 08:19:00 AM,2015
CR00023153,12/29/2023 12:30:00 PM,30,RAIN,DARKNESS - LIGHTED ROAD,PARKED MOTOR VEHICLE,DIVIDED - W/MEDIAN (NOT RAISED),STOP SIGN/FLASHER,UNABLE TO DETERMINE,UNABLE TO DETERMINE,0,0,0,0,12,6,12,180,BROADWAY,41.977915,-87.829254,12/29/2023 01:15:00 PM,2023
CR00023154,09/04/2018 06:38:00 AM,35,CLEAR,DAYLIGHT,TURNING,NOT DIVIDED,NO CONTROLS,FAILING TO YIELD RIGHT-OF-WAY,FAILING TO YIELD RIGHT-OF-WAY,0,0,1,1,6,3,9,1924,KEDZIE AVE,41.733128,-87.780178,09/04/2018 08:35:00 AM,2018
CR00023155,03/03/2017 10:16:00 AM,30,CLOUDY/OVERCAST,DAYLIGHT,PARKED MOTOR VEHICLE,NOT DIVIDED,NO CONTROLS,DRIVING SKILLS/KNOWLEDGE/EXPERIENCE,NOT APPLICABLE,0,0,0,0,10,6,3,279,ROOSEVELT RD,41.966614,-87.840322,03/03/2017 10:28:00 AM,2017
CR00023156,03/20/2015 07:08:00 AM,35,CLEAR,DUSK,ANGLE,NOT DIVIDED,PEDESTRIAN CROSSING SIGN,DISTRACTION - FROM INSIDE VEHICLE,DRIVING SKILLS/KNOWLEDGE/EXPERIENCE,0,0,0,0,7,6,3,1542,OGDEN AVE,41.789684,-87.668359,03/20/2015 07:41:00 AM,2015
CR00023157,02/10/2023 10:50:00 AM,30,CLEAR,DAYLIGHT,SIDESWIPE SAME DIRECTION,ONE-WAY,NO CONTROLS,DISTRACTION - FROM INSIDE VEHICLE,FAILING TO YIELD RIGHT-OF-WAY,0,1,1,2,10,6,2,1781,MICHIGAN AVE,41.978805,-87.579147,02/10/2023 12:31:00 PM,2023
CR00023158,12/26/2021 05:53:00 AM,45,CLEAR,DAYLIGHT,FIXED OBJECT,NOT DIVIDED,NO CONTROLS,DRIVING SKILLS/KNOWLEDGE/EXPERIENCE,WEATHER,0,0,3,3,5,1,12,331,ASHLAND AVE,41.867743,-87.788382,12/26/2021 06:16:00 AM,2021
CR00023159,11/23/2020 03:39:00 PM,15,CLOUDY/OVERCAST,DARKNESS - LIGHTED ROAD,TURNING,NOT DIVIDED,TRAFFIC SIGNAL,UNABLE TO DETERMINE,NOT APPLICABLE,0,0,0,0,15,2,11,1517,STATE ST,41.783345,-87.646623,11/23/2020 05:39:00 PM,2020
CR00023160,04/05/2021 12:37:00 AM,20,RAIN,DAYLIGHT,REAR END,ONE-WAY,NO CONTROLS,IMPROPER LANE USAGE,NOT APPLICABLE,0,0,0,0,0,2,4,1375,CALIFORNIA AVE,41.979693,-87.689427,04/05/2021 12:54:00 AM,2021
CR00023161,05/21/2018 06:33:00 PM,40,CLEAR,DAYLIGHT,SIDESWIPE SAME DIRECTION,NOT DIVIDED,NO CONTROLS,UNABLE TO DETERMINE,UNABLE TO DETERMINE,0,0,0,0,18,2,5,2413,DAMEN AVE,41.849162,-87.574664,05/21/2018 07:26:00 PM,2018
CR00023162,02/16/2019 06:05:00 PM,20,SNOW,DAYLIGHT,ANGLE,NOT DIVIDED,TRAFFIC SIGNAL,IMPROPER LANE USAGE,NOT APPLICABLE,0,0,0,0,18,7,2,938,CALIFORNIA AVE,41.743691,-87.839929,02/16/2019 06:52:00 PM,2019
CR00023163,03/29/2018 11:28:00 PM,30,CLEAR,DAYLIGHT,REAR END,FOUR WAY,YIELD,FOLLOWING TOO CLOSELY,WEATHER,0,0,0,0,23,5,3,911,STONY ISLAND AVE,41.795562,-87.693287,03/30/2018 12:25:00 AM,2018
CR00023164,02/03/2019 08:13:00 AM,25,CLEAR,DAWN,SIDESWIPE SAME DIRECTION,FOUR WAY,UNKNOWN,DRIVING SKILLS/KNOWLEDGE/EXPERIENCE,IMPROPER LANE USAGE,0,0,0,0,8,1,2,1193,STONY ISLAND AVE,41.847716,-87.656955,02/03/2019 09:48:00 AM,2019
CR00023165,10/21/2017 03:03:00 AM,45,CLEAR,DAWN,TURNING,DIVIDED - W/MEDIAN (NOT RAISED),UNKNOWN,DRIVING SKILLS/KNOWLEDGE/EXPERIENCE,FOLLOWING TOO CLOSELY,0,0,0,0,3,7,10,2203,WESTERN AVE,41.853982,-87.501762,10/21/2017 03:54:00 AM,2017
CR00023166,05/07/2019 08:10:00 PM,30,CLEAR,DAYLIGHT,TURNING,NOT DIVIDED,NO CONTROLS,FOLLOWING TOO CLOSELY,FAILING TO YIELD RIGHT-OF-WAY,0,0,0,0,20,3,5,2156,CICERO AVE,41.846325,-87.69178,05/07/2019 08:29:00 PM,2019
CR00023167,03/15/2024 09:50:00 AM,20,CLEAR,DAYLIGHT,TURNING,NOT DIVIDED,NO CONTROLS,IMPROPER LANE USAGE,DISTRACTION - FROM INSIDE VEHICLE,0,0,2,2,9,6,3,2233,LAKE SHORE DR,41.853886,-87.5989,03/15/2024 10:36:00 AM,2024
CR00023168,03/09/2024 06:55:00 PM,45,CLEAR,DAYLIGHT,ANGLE,NOT DIVIDED,NO CONTROLS,FAILING TO YIELD RIGHT-OF-WAY,UNABLE TO DETERMINE,0,0,0,0,18,7,3,1392,LAKE SHORE DR,41.743057,-87.641653,03/09/2024 07:00:00 PM,2024
CR00023169,04/30/2023 08:32:00 AM,35,RAIN,DAYLIGHT,REAR END,NOT DIVIDED,STOP SIGN/FLASHER,DISTRACTION - FROM INSIDE VEHICLE,DRIVING SKILLS/KNOWLEDGE/EXPERIENCE,0,0,0,0,8,1,4,1932,ARCHER AVE,41.940613,-87.650778,04/30/2023 09:53:00 AM,2023
CR00023170,11/24/2019 10:35:00 PM,30,SNOW,DARKNESS - LIGHTED ROAD,REAR END,NOT DIVIDED,NO CONTROLS,WEATHER,WEATHER,0,0,0,0,22,1,11,442,STATE ST,41.819491,-87.720441,11/24/2019 11:46:00 PM,2019
CR00023171,12/14/2023 07:36:00 PM,30,CLEAR,DAYLIGHT,ANGLE,DIVIDED - W/MEDIAN BARRIER,TRAFFIC SIGNAL,FAILING TO REDUCE SPEED,FOLLOWING TOO CLOSELY,0,0,0,0,19,5,12,1929,KEDZIE AVE,41.81551,-87.519565,12/14/2023 08:53:00 PM,2023
CR00023172,11/03/2022 07:42:00 PM,35,CLEAR,DAYLIGHT,ANGLE,ONE-WAY,TRAFFIC SIGNAL,IMPROPER LANE USAGE,UNABLE TO DETERMINE,0,0,0,0,19,5,11,2158,MICHIGAN AVE,41.785715,-87.531095,11/03/2022 08:01:00 PM,2022
CR00023173,08/01/2016 11:37:00 PM,35,CLEAR,DUSK,ANGLE,DIVIDED - W/MEDIAN (NOT RAISED),NO CONTROLS,FAILING TO YIELD RIGHT-OF-WAY,FAILING TO YIELD RIGHT-OF-WAY,0,0,0,0,23,2,8,1207,CLARK ST,41.924026,-87.565359,08/02/2016 12:43:00 AM,2016
CR00023174,01/07/2023 05:54:00 PM,30,CLEAR,DAYLIGHT,ANGLE,DIVIDED - W/MEDIAN BARRIER,TRAFFIC SIGNAL,DISTRACTION - FROM INSIDE VEHICLE,IMPROPER OVERTAKING/PASSING,0,0,0,0,17,7,1,1041,ARCHER AVE,41.988422,-87.740772,01/07/2023 06:47:00 PM,2023
CR00023175,05/18/2017 01:38:00 PM,35,RAIN,DARKNESS - LIGHTED ROAD,ANGLE,DIVIDED - W/MEDIAN BARRIER,UNKNOWN,UNABLE TO DETERMINE,NOT APPLICABLE,0,0,0,0,13,5,5,1615,STONY ISLAND AVE,41.869931,-87.503782,05/18/2017 02:36:00 PM,2017
CR00023176,07/16/2023 03:11:00 PM,30,CLEAR,DAYLIGHT,PARKED MOTOR VEHICLE,DIVIDED - W/MEDIAN BARRIER,TRAFFIC SIGNAL,UNABLE TO DETERMINE,DISTRACTION - FROM INSIDE VEHICLE,0,0,0,0,15,1,7,1913,PULASKI RD,41.816037,-87.516369,07/16/2023 03:28:00 PM,2023
CR00023177,03/18/2017 08:22:00 PM,30,CLEAR,DAYLIGHT,ANGLE,DIVIDED - W/MEDIAN (NOT RAISED),TRAFFIC SIGNAL,FAILING TO REDUCE SPEED,UNABLE TO DETERMINE,0,1,1,2,20,7,3,1637,ASHLAND AVE,41.739166,-87.566458,03/18/2017 08:49:00 PM,2017
CR00023178,08/27/2021 07:28:00 AM,30,CLEAR,DAYLIGHT,TURNING,FOUR WAY,PEDESTRIAN CROSSING SIGN,IMPROPER LANE USAGE,FAILING TO REDUCE SPEED,0,0,3,3,7,6,8,2258,ROOSEVELT RD,41.731983,-87.802159,08/27/2021 07:37:00 AM,2021
CR00023179,06/01/2018 02:35:00 PM,30,CLEAR,DAYLIGHT,PARKED MOTOR VEHICLE,DIVIDED - W/MEDIAN (NOT RAISED),STOP SIGN/FLASHER,UNABLE TO DETERMINE,NOT APPLICABLE,0,0,0,0,14,6,6,792,KEDZIE AVE,41.726426,-87.800608,06/01/2018 04:06:00 PM,2018
CR00023180,02/20/2016 06:16:00 PM,30,CLEAR,DARKNESS - LIGHTED ROAD,ANGLE,DIVIDED - W/MEDIAN (NOT RAISED),NO CONTROLS,FOLLOWING TOO CLOSELY,UNABLE TO DETERMINE,0,0,3,3,18,7,2,1017,LAKE SHORE DR,41.985626,-87.724132,02/20/2016 07:48:00 PM,2016
CR00023181,06/12/2024 02:35:00 PM,30,CLEAR,DAYLIGHT,REAR TO FRONT,DIVIDED - W/MEDIAN BARRIER,NO CONTROLS,UNABLE TO DETERMINE,IMPROPER OVERTAKING/PASSING,0,0,3,3,14,4,6,379,CICERO AVE,41.78674,-87.796551,06/12/2024 03:16:00 PM,2024
CR00023182,07/01/2019 04:24:00 PM,30,CLEAR,DAYLIGHT,ANGLE,FOUR WAY,TRAFFIC SIGNAL,DRIVING SKILLS/KNOWLEDGE/EXPERIENCE,UNABLE TO DETERMINE,0,0,0,0,16,2,7,1234,HALSTED ST,41.976673,-87.550977,07/01/2019 06:11:00 PM,2019
CR00023183,03/13/2020 08:49:00 PM,40,SNOW,DAYLIGHT,REAR END,ONE-WAY,STOP SIGN/FLASHER,UNABLE TO DETERMINE,FAILING TO YIELD RIGHT-OF-WAY,0,2,1,3,20,6,3,1791,CLARK ST,41.879517,-87.523487,03/13/2020 10:08:00 PM,2020
CR00023184,11/17/2023 03:07:00 PM,35,CLOUDY/OVERCAST,DARKNESS - LIGHTED ROAD,REAR END,DIVIDED - W/MEDIAN BARRIER,STOP SIGN/FLASHER,DRIVING SKILLS/KNOWLEDGE/EXPERIENCE,UNABLE TO DETERMINE,0,0,0,0,15,6,11,2098,OGDEN AVE,41.992482,-87.659136,11/17/2023 05:00:00 PM,2023
CR00023185,11/29/2017 04:22:00 AM,15,CLEAR,DAYLIGHT,SIDESWIPE SAME DIRECTION,NOT DIVIDED,TRAFFIC SIGNAL,DISREGARDING TRAFFIC SIGNALS,FAILING TO YIELD RIGHT-OF-WAY,0,0,0,0,4,4,11,2295,ARCHER AVE,41.810233,-87.72104,11/29/2017 05:14:00 AM,2017
CR00023186,01/05/2015 06:52:00 PM,15,CLEAR,DAYLIGHT,REAR TO FRONT,NOT DIVIDED,NO CONTROLS,FOLLOWING TOO CLOSELY,UNABLE TO DETERMINE,0,0,0,0,18,2,1,1687,ARCHER AVE,41.825355,-87.587779,01/05/2015 07:50:00 PM,2015
CR00023187,02/09/2017 10:22:00 PM,30,CLEAR,DARKNESS - LIGHTED ROAD,SIDESWIPE SAME DIRECTION,NOT DIVIDED,NO CONTROLS,FOLLOWING TOO CLOSELY,IMPROPER OVERTAKING/PASSING,0,0,0,0,22,5,2,241,HALSTED ST,41.859977,-87.730118,02/09/2017 11:59:00 PM,2017
CR00023188,09/27/2015 05:05:00 PM,25,CLEAR,DAYLIGHT,REAR END,NOT DIVIDED,UNKNOWN,FAILING TO REDUCE SPEED,DRIVING SKILLS/KNOWLEDGE/EXPERIENCE,0,0,0,0,17,1,9,1813,CICERO AVE,41.984513,-87.513735,09/27/2015 06:32:00 PM,2015
CR00023189,10/08/2019 02:42:00 AM,40,CLEAR,DAYLIGHT,PARKED MOTOR VEHICLE,T-INTERSECTION,STOP SIGN/FLASHER,FAILING TO YIELD RIGHT-OF-WAY,UNABLE TO DETERMINE,0,0,0,0,2,3,10,2092,CALIFORNIA AVE,41.942411,-87.548588,10/08/2019 04:05:00 AM,2019
CR00023190,01/11/2016 12:18:00 AM,30,CLEAR,DARKNESS - LIGHTED ROAD,PARKED MOTOR VEHICLE,NOT DIVIDED,TRAFFIC SIGNAL,UNABLE TO DETERMINE,NOT APPLICABLE,0,0,0,0,0,2,1,463,DAMEN AVE,41.914522,-87.810977,01/11/2016 12:30:00 AM,2016
CR00023191,07/10/2023 05:36:00 PM,30,CLEAR,DAYLIGHT,REAR END,DIVIDED - W/MEDIAN BARRIER,NO CONTROLS,IMPROPER LANE USAGE,FAILING TO REDUCE SPEED,0,0,0,0,17,2,7,1506,OGDEN AVE,41.975422,-87.600398,07/10/2023 06:17:00 PM,2023
CR00023192,08/17/2018 06:33:00 PM,20,CLOUDY/OVERCAST,DUSK,REAR END,DIVIDED - W/MEDIAN BARRIER,TRAFFIC SIGNAL,FAILING TO REDUCE SPEED,UNABLE TO DETERMINE,0,0,0,0,18,6,8,1676,DIVISION ST,41.748501,-87.547831,08/17/2018 07:13:00 PM,2018
CR00023193,11/08/2023 01:01:00 AM,30,CLEAR,DARKNESS - LIGHTED ROAD,SIDESWIPE SAME DIRECTION,DIVIDED - W/MEDIAN (NOT RAISED),TRAFFIC SIGNAL,UNABLE TO DETERMINE,UNABLE TO DETERMINE,0,0,0,0,1,4,11,2432,MICHIGAN AVE,41.722374,-87.634769,11/08/2023 01:49:00 AM,2023
CR00023194,05/25/2017 01:15:00 PM,20,RAIN,DARKNESS - LIGHTED ROAD,REAR END,DIVIDED - W/MEDIAN (NOT RAISED),STOP SIGN/FLASHER,DRIVING SKILLS/KNOWLEDGE/EXPERIENCE,FOLLOWING TOO CLOSELY,0,0,0,0,13,5,5,1813,63RD ST,41.984323,-87.723223,05/25/2017 02:13:00 PM,2017
CR00023195,01/30/2018 01:53:00 PM,30,CLEAR,DAYLIGHT,REAR END,NOT DIVIDED,NO CONTROLS,FAILING TO YIELD RIGHT-OF-WAY,NOT APPLICABLE,0,0,0,0,13,3,1,1087,CALIFORNIA AVE,41.903134,-87.565489,01/30/2018 03:39:00 PM,2018
CR00023196,01/30/2023 08:26:00 AM,35,CLEAR,DARKNESS - LIGHTED ROAD,REAR TO FRONT,FOUR WAY,YIELD,IMPROPER OVERTAKING/PASSING,UNABLE TO DETERMINE,0,0,0,0,8,2,1,576,PULASKI RD,41.866722,-87.64453,01/30/2023 10:21:00 AM,2023
CR00023197,08/21/2020 11:01:00 AM,35,CLEAR,DARKNESS - LIGHTED ROAD,ANGLE,DIVIDED - W/MEDIAN BARRIER,NO CONTROLS,UNABLE TO DETERMINE,IMPROPER LANE USAGE,0,0,0,0,11,6,8,829,OGDEN AVE,41.75872,-87.624315,08/21/2020 11:21:00 AM,2020
CR00023198,03/27/2022 03:16:00 PM,25,CLEAR,DARKNESS - LIGHTED ROAD,SIDESWIPE SAME DIRECTION,DIVIDED - W/MEDIAN (NOT RAISED),TRAFFIC SIGNAL,DRIVING SKILLS/KNOWLEDGE/EXPERIENCE,UNABLE TO DETERMINE,0,0,0,0,15,1,3,1303,DIVISION ST,41.701452,-87.809867,03/27/2022 03:51:00 PM,2022
CR00023199,09/30/2021 09:56:00 PM,30,SNOW,DAYLIGHT,TURNING,DIVIDED - W/MEDIAN (NOT RAISED),TRAFFIC SIGNAL,UNABLE TO DETERMINE,UNABLE TO DETERMINE,0,0,0,0,21,5,9,1357,STATE ST,41.985298,-87.766268,09/30/2021 10:25:00 PM,2021
CR00023200,04/14/2015 04:36:00 PM,30,CLEAR,DAYLIGHT,REAR TO FRONT,DIVIDED - W/MEDIAN (NOT RAISED),UNKNOWN,FAILING TO REDUCE SPEED,FAILING TO YIELD RIGHT-OF-WAY,0,0,0,0,16,3,4,1923,HALSTED ST,41.955255,-87.81202,04/14/2015 06:33:00 PM,2015
CR00023201,08/19/2019 03:12:00 PM,30,CLEAR,DARKNESS - LIGHTED ROAD,REAR END,DIVIDED - W/MEDIAN (NOT RAISED),UNKNOWN,DISTRACTION - FROM INSIDE VEHICLE,UNABLE TO DETERMINE,0,0,0,0,15,2,8,2086,CICERO AVE,41.876071,-87.685001,08/19/2019 03:28:00 PM,2019
CR00023202,07/08/2023 12:45:00 PM,20,CLEAR,DAYLIGHT,REAR END,NOT DIVIDED,NO CONTROLS,UNABLE TO DETERMINE,DISTRACTION - FROM INSIDE VEHICLE,0,0,2,2,12,7,7,116,DIVISION ST,41.734074,-87.719108,07/08/2023 02:03:00 PM,2023
CR00023203,12/08/2019 04:43:00 PM,25,SNOW,DAWN,PARKED MOTOR VEHICLE,ONE-WAY,NO CONTROLS,FAILING TO REDUCE SPEED,DISTRACTION - FROM INSIDE VEHICLE,0,0,0,0,16,1,12,1202,OGDEN AVE,41.858998,-87.660466,12/08/2019 05:54:00 PM,2019
CR00023204,09/03/2024 02:00:00 PM,30,FOG/SMOKE/HAZE,DAWN,SIDESWIPE SAME DIRECTION,NOT DIVIDED,STOP SIGN/FLASHER,UNABLE TO DETERMINE,NOT APPLICABLE,0,0,1,1,14,3,9,2309,FULLERTON AVE,41.819215,-87.54651,09/03/2024 02:55:00 PM,2024
CR00023205,12/20/2022 06:04:00 PM,25,CLEAR,DAYLIGHT,FIXED OBJECT,FOUR WAY,UNKNOWN,WEATHER,UNABLE TO DETERMINE,0,0,0,0,18,3,12,1349,47TH ST,41.809866,-87.775058,12/20/2022 08:01:00 PM,2022
CR00023206,04/29/2023 02:56:00 PM,30,CLEAR,DAYLIGHT,TURNING,ONE-WAY,NO CONTROLS,UNABLE TO DETERMINE,NOT APPLICABLE,0,0,1,1,14,7,4,267,IRVING PARK RD,41.90523,-87.564982,04/29/2023 03:53:00 PM,2023