CRASH_RECORD_ID,CRASH_DATE,POSTED_SPEED_LIMIT,WEATHER_CONDITION,LIGHTING_CONDITION,FIRST_CRASH_TYPE,TRAFFICWAY_TYPE,TRAFFIC_CONTROL_DEVICE,PRIM_CONTRIBUTORY_CAUSE,SEC_CONTRIBUTORY_CAUSE,INJURIES_FATAL,INJURIES_INCAPACITATING,INJURIES_NON_INCAPACITATING,INJURIES_TOTAL,CRASH_HOUR,CRASH_DAY_OF_WEEK,CRASH_MONTH,BEAT_OF_OCCURRENCE,STREET_NAME,LATITUDE,LONGITUDE,DATE_POLICE_NOTIFIED,year
CR00023207,02/22/2017 10:02:00 AM,30,RAIN,DARKNESS,TURNING,FOUR WAY,TRAFFIC SIGNAL,DISREGARDING TRAFFIC SIGNALS,DISREGARDING TRAFFIC SIGNALS,0,0,0,0,10,4,2,982,WESTERN AVE,41.714916,-87.567795,02/22/2017 10:09:00 AM,2017
CR00023208,05/12/2022 09:18:00 AM,35,CLEAR,DAYLIGHT,SIDESWIPE SAME DIRECTION,ONE-WAY,TRAFFIC SIGNAL,FAILING TO REDUCE SPEED,NOT APPLICABLE,0,0,0,0,9,5,5,801,LAKE SHORE DR,41.800001,-87.730349,05/12/2022 09:25:00 AM,2022
CR00023209,10/05/2019 08:54:00 AM,30,CLEAR,DAYLIGHT,REAR END,NOT DIVIDED,NO CONTROLS,DISTRACTION - FROM INSIDE VEHICLE,NOT APPLICABLE,0,0,0,0,8,7,10,230,BROADWAY,41.915137,-87.770025,10/05/2019 08:57:00 AM,2019
CR00023210,12/17/2023 11:28:00 PM,30,SNOW,DUSK,REAR END,NOT DIVIDED,NO CONTROLS,UNABLE TO DETERMINE,DISTRACTION - FROM INSIDE VEHICLE,0,0,0,0,23,1,12,1957,79TH ST,41.743098,-87.787045,12/18/2023 01:15:00 AM,2023
CR00023211,06/01/2018 11:43:00 AM,30,CLEAR,DAYLIGHT,SIDESWIPE SAME DIRECTION,T-INTERSECTION,TRAFFIC SIGNAL,IMPROPER LANE USAGE,FOLLOWING TOO CLOSELY,0,0,0,0,11,6,6,240,47TH ST,41.771741,-87.744809,06/01/2018 11:59:00 AM,2018
CR00023212,09/12/2019 12:09:00 PM,30,CLOUDY/OVERCAST,DAYLIGHT,ANGLE,NOT DIVIDED,STOP SIGN/FLASHER,IMPROPER LANE USAGE,FAILING TO YIELD RIGHT-OF-WAY,0,0,1,1,12,5,9,1972,FULLERTON AVE,41.96462,-87.618359,09/12/2019 12:27:00 PM,2019
CR00023213,06/12/2020 10:15:00 AM,15,CLEAR,DAYLIGHT,PARKED MOTOR VEHICLE,NOT DIVIDED,UNKNOWN,DISREGARDING TRAFFIC SIGNALS,DRIVING SKILLS/KNOWLEDGE/EXPERIENCE,0,0,0,0,10,6,6,2226,KEDZIE AVE,41.812351,-87.552262,06/12/2020 11:13:00 AM,2020
CR00023214,01/26/2015 03:07:00 PM,45,CLEAR,DAYLIGHT,FIXED OBJECT,FOUR WAY,NO CONTROLS,DISTRACTION - FROM INSIDE VEHICLE,FAILING TO YIELD RIGHT-OF-WAY,0,0,0,0,15,2,1,2074,DAMEN AVE,41.851689,-87.758873,01/26/2015 03:52:00 PM,2015
CR00023215,05/05/2024 09:15:00 AM,20,CLEAR,DAYLIGHT,FIXED OBJECT,FOUR WAY,NO CONTROLS,DRIVING SKILLS/KNOWLEDGE/EXPERIENCE,FOLLOWING TOO CLOSELY,0,0,0,0,9,1,5,1328,PULASKI RD,41.806736,-87.505133,05/05/2024 10:45:00 AM,2024
CR00023216,03/06/2016 12:54:00 PM,30,CLEAR,DARKNESS - LIGHTED ROAD,TURNING,DIVIDED - W/MEDIAN (NOT RAISED),NO CONTROLS,UNABLE TO DETERMINE,IMPROPER OVERTAKING/PASSING,0,0,1,1,12,1,3,119,IRVING PARK RD,41.814023,-87.536563,03/06/2016 01:33:00 PM,2016
CR00023217,02/09/2022 10:34:00 PM,30,CLEAR,DARKNESS - LIGHTED ROAD,ANGLE,DIVIDED - W/MEDIAN (NOT RAISED),STOP SIGN/FLASHER,IMPROPER OVERTAKING/PASSING,NOT APPLICABLE,0,0,3,3,22,4,2,449,HALSTED ST,41.858735,-87.814409,02/09/2022 11:31:00 PM,2022
CR00023218,03/15/2023 07:29:00 PM,25,RAIN,DAYLIGHT,FIXED OBJECT,DIVIDED - W/MEDIAN (NOT RAISED),NO CONTROLS,IMPROPER LANE USAGE,FOLLOWING TOO CLOSELY,0,0,0,0,19,4,3,1986,STONY ISLAND AVE,41.86179,-87.594097,03/15/2023 09:25:00 PM,2023
CR00023219,10/22/2021 04:44:00 PM,15,CLEAR,DAYLIGHT,SIDESWIPE SAME DIRECTION,NOT DIVIDED,STOP SIGN/FLASHER,UNABLE TO DETERMINE,FOLLOWING TOO CLOSELY,0,0,0,0,16,6,10,1860,BROADWAY,41.938221,-87.648215,10/22/2021 05:29:00 PM,2021
CR00023220,03/17/2019 03:45:00 PM,35,FOG/SMOKE/HAZE,DARKNESS,ANGLE,ONE-WAY,TRAFFIC SIGNAL,UNABLE TO DETERMINE,IMPROPER LANE USAGE,0,0,0,0,15,1,3,1520,LAKE SHORE DR,41.898637,-87.678678,03/17/2019 04:24:00 PM,2019
CR00023221,02/07/2024 01:05:00 AM,35,CLEAR,DAYLIGHT,ANGLE,ONE-WAY,NO CONTROLS,IMPROPER LANE USAGE,UNABLE TO DETERMINE,0,0,2,2,1,4,2,2138,FULLERTON AVE,41.754391,-87.787136,02/07/2024 01:12:00 AM,2024
CR00023222,11/18/2021 11:25:00 AM,20,CLEAR,DARKNESS - LIGHTED ROAD,TURNING,DIVIDED - W/MEDIAN BARRIER,STOP SIGN/FLASHER,FOLLOWING TOO CLOSELY,NOT APPLICABLE,0,0,0,0,11,5,11,890,DAMEN AVE,41.90274,-87.599573,11/18/2021 01:24:00 PM,2021
CR00023223,01/15/2022 06:39:00 PM,25,CLOUDY/OVERCAST,DARKNESS - LIGHTED ROAD,ANGLE,DIVIDED - W/MEDIAN BARRIER,TRAFFIC SIGNAL,UNABLE TO DETERMINE,UNABLE TO DETERMINE,0,0,0,0,18,7,1,1058,DIVISION ST,41.962572,-87.60838,01/15/2022 08:16:00 PM,2022
CR00023224,09/21/2021 01:50:00 PM,30,CLEAR,DAYLIGHT,TURNING,NOT DIVIDED,TRAFFIC SIGNAL,FAILING TO YIELD RIGHT-OF-WAY,FAILING TO YIELD RIGHT-OF-WAY,0,0,0,0,13,3,9,320,CALIFORNIA AVE,41.992033,-87.8032,09/21/2021 02:40:00 PM,2021
CR00023225,10/15/2018 02:43:00 PM,15,SNOW,DARKNESS - LIGHTED ROAD,REAR END,DIVIDED - W/MEDIAN BARRIER,STOP SIGN/FLASHER,DISTRACTION - FROM INSIDE VEHICLE,WEATHER,0,0,0,0,14,2,10,511,FULLERTON AVE,41.860525,-87.581634,10/15/2018 04:00:00 PM,2018
CR00023226,09/17/2016 03:06:00 PM,40,CLEAR,DARKNESS - LIGHTED ROAD,ANGLE,DIVIDED - W/MEDIAN (NOT RAISED),UNKNOWN,FOLLOWING TOO CLOSELY,FAILING TO REDUCE SPEED,0,0,0,0,15,7,9,2210,PULASKI RD,41.789325,-87.567456,09/17/2016 04:12:00 PM,2016
CR00023227,08/13/2020 04:34:00 PM,35,CLEAR,DAYLIGHT,TURNING,NOT DIVIDED,NO CONTROLS,FAILING TO YIELD RIGHT-OF-WAY,FOLLOWING TOO CLOSELY,0,0,0,0,16,5,8,2281,BROADWAY,41.826324,-87.716978,08/13/2020 05:07:00 PM,2020
CR00023228,07/19/2016 04:25:00 PM,30,CLEAR,DARKNESS - LIGHTED ROAD,TURNING,T-INTERSECTION,UNKNOWN,IMPROPER OVERTAKING/PASSING,DISTRACTION - FROM INSIDE VEHICLE,0,0,0,0,16,3,7,2493,PULASKI RD,41.906438,-87.845033,07/19/2016 04:49:00 PM,2016
CR00023229,12/29/2022 11:39:00 AM,45,CLEAR,DAYLIGHT,REAR END,ONE-WAY,STOP SIGN/FLASHER,DISTRACTION - FROM INSIDE VEHICLE,FAILING TO YIELD RIGHT-OF-WAY,0,0,0,0,11,5,12,245,WESTERN AVE,41.77278,-87.777131,12/29/2022 01:10:00 PM,2022
CR00023230,07/22/2020 12:57:00 PM,15,CLEAR,DUSK,REAR TO FRONT,ONE-WAY,NO CONTROLS,UNABLE TO DETERMINE,FOLLOWING TOO CLOSELY,0,0,1,1,12,4,7,1835,63RD ST,41.827848,-87.655133,07/22/2020 02:38:00 PM,2020
CR00023231,01/22/2020 09:51:00 PM,35,RAIN,DARKNESS - LIGHTED ROAD,TURNING,T-INTERSECTION,TRAFFIC SIGNAL,FAILING TO YIELD RIGHT-OF-WAY,UNABLE TO DETERMINE,0,0,2,2,21,4,1,1477,CLARK ST,41.758977,-87.747202,01/22/2020 10:59:00 PM,2020
CR00023232,01/11/2016 08:56:00 PM,30,CLEAR,DARKNESS,REAR END,NOT DIVIDED,UNKNOWN,FAILING TO REDUCE SPEED,DRIVING SKILLS/KNOWLEDGE/EXPERIENCE,0,0,2,2,20,2,1,1889,BROADWAY,41.926083,-87.714201,01/11/2016 09:32:00 PM,2016
CR00023233,10/19/2018 08:25:00 AM,35,CLEAR,DAYLIGHT,PARKED MOTOR VEHICLE,DIVIDED - W/MEDIAN (NOT RAISED),STOP SIGN/FLASHER,UNABLE TO DETERMINE,UNABLE TO DETERMINE,0,0,0,0,8,6,10,154,WESTERN AVE,41.709235,-87.680675,10/19/2018 10:18:00 AM,2018
CR00023234,11/28/2020 05:17:00 PM,30,SNOW,DAYLIGHT,REAR END,T-INTERSECTION,UNKNOWN,FOLLOWING TOO CLOSELY,NOT APPLICABLE,0,0,0,0,17,7,11,173,KEDZIE AVE,41.848375,-87.553413,11/28/2020 06:52:00 PM,2020
CR00023235,05/12/2022 05:00:00 PM,30,SNOW,DAYLIGHT,REAR TO FRONT,NOT DIVIDED,NO CONTROLS,FAILING TO YIELD RIGHT-OF-WAY,IMPROPER OVERTAKING/PASSING,0,0,0,0,17,5,5,551,MICHIGAN AVE,41.726773,-87.617379,05/12/2022 07:00:00 PM,2022
CR00023236,07/12/2019 03:52:00 PM,35,CLEAR,DAYLIGHT,REAR END,ONE-WAY,TRAFFIC SIGNAL,UNABLE TO DETERMINE,UNABLE TO DETERMINE,0,0,0,0,15,6,7,905,IRVING PARK RD,41.815784,-87.719816,07/12/2019 04:32:00 PM,2019
CR00023237,08/01/2018 09:54:00 AM,15,CLEAR,DAYLIGHT,PARKED MOTOR VEHICLE,DIVIDED - W/MEDIAN (NOT RAISED),NO CONTROLS,IMPROPER LANE USAGE,NOT APPLICABLE,0,0,1,1,9,4,8,2531,PULASKI RD,41.790649,-87.599006,08/01/2018 10:04:00 AM,2018
CR00023238,04/23/2019 04:04:00 PM,40,SNOW,DAYLIGHT,PARKED MOTOR VEHICLE,DIVIDED - W/MEDIAN (NOT RAISED),UNKNOWN,UNABLE TO DETERMINE,NOT APPLICABLE,0,0,0,0,16,3,4,874,63RD ST,41.738915,-87.617725,04/23/2019 04:06:00 PM,2019
CR00023239,09/04/2021 05:01:00 PM,30,CLOUDY/OVERCAST,DAYLIGHT,ANGLE,FOUR WAY,STOP SIGN/FLASHER,FOLLOWING TOO CLOSELY,IMPROPER LANE USAGE,0,0,1,1,17,7,9,1834,CICERO AVE,41.947072,-87.519707,09/04/2021 06:30:00 PM,2021
CR00023240,05/26/2017 03:20:00 AM,45,RAIN,DAYLIGHT,TURNING,DIVIDED - W/MEDIAN (NOT RAISED),NO CONTROLS,FAILING TO YIELD RIGHT-OF-WAY,NOT APPLICABLE,0,0,0,0,3,6,5,1655,IRVING PARK RD,41.798273,-87.784567,05/26/2017 03:51:00 AM,2017
CR00023241,06/21/2024 10:12:00 AM,35,CLEAR,DARKNESS - LIGHTED ROAD,TURNING,ONE-WAY,STOP SIGN/FLASHER,FAILING TO YIELD RIGHT-OF-WAY,FOLLOWING TOO CLOSELY,0,0,1,1,10,6,6,2251,HALSTED ST,41.93219,-87.502367,06/21/2024 11:55:00 AM,2024
CR00023242,09/29/2018 04:08:00 PM,35,CLEAR,DARKNESS - LIGHTED ROAD,TURNING,T-INTERSECTION,UNKNOWN,UNABLE TO DETERMINE,FOLLOWING TOO CLOSELY,0,0,0,0,16,7,9,467,STATE ST,41.785426,-87.676442,09/29/2018 05:43:00 PM,2018
CR00023243,07/16/2021 07:41:00 AM,30,CLEAR,DAYLIGHT,REAR END,NOT DIVIDED,TRAFFIC SIGNAL,UNABLE TO DETERMINE,FAILING TO YIELD RIGHT-OF-WAY,0,0,0,0,7,6,7,2274,ELSTON AVE,41.804129,-87.573638,07/16/2021 08:54:00 AM,2021
CR00023244,10/12/2017 08:25:00 AM,35,CLEAR,DARKNESS - LIGHTED ROAD,ANGLE,DIVIDED - W/MEDIAN BARRIER,STOP SIGN/FLASHER,UNABLE TO DETERMINE,UNABLE TO DETERMINE,0,0,0,0,8,5,10,1923,MICHIGAN AVE,41.902522,-87.755631,10/12/2017 09:02:00 AM,2017
CR00023245,12/21/2020 06:06:00 PM,25,CLEAR,DAYLIGHT,PARKED MOTOR VEHICLE,NOT DIVIDED,NO CONTROLS,UNABLE TO DETERMINE,IMPROPER LANE USAGE,0,0,0,0,18,2,12,119,STONY ISLAND AVE,41.910069,-87.591959,12/21/2020 06:53:00 PM,2020
CR00023246,07/26/2020 11:39:00 AM,25,CLEAR,DARKNESS - LIGHTED ROAD,PARKED MOTOR VEHICLE,T-INTERSECTION,STOP SIGN/FLASHER,IMPROPER OVERTAKING/PASSING,FOLLOWING TOO CLOSELY,0,0,0,0,11,1,7,180,79TH ST,41.734496,-87.610842,07/26/2020 12:31:00 PM,2020
CR00023247,07/20/2020 11:00:00 PM,30,CLEAR,DARKNESS - LIGHTED ROAD,REAR END,NOT DIVIDED,STOP SIGN/FLASHER,FAILING TO REDUCE SPEED,UNABLE TO DETERMINE,0,0,0,0,23,2,7,1300,ASHLAND AVE,41.804388,-87.700221,07/20/2020 11:33:00 PM,2020
CR00023248,07/28/2024 07:21:00 AM,45,CLEAR,DAYLIGHT,SIDESWIPE SAME DIRECTION,ONE-WAY,TRAFFIC SIGNAL,FAILING TO YIELD RIGHT-OF-WAY,NOT APPLICABLE,0,0,0,0,7,1,7,1388,KEDZIE AVE,41.906268,-87.674438,07/28/2024 08:50:00 AM,2024
CR00023249,10/20/2015 05:21:00 AM,30,CLEAR,DARKNESS,PARKED MOTOR VEHICLE,NOT DIVIDED,UNKNOWN,UNABLE TO DETERMINE,FAILING TO YIELD RIGHT-OF-WAY,0,0,0,0,5,3,10,1184,ASHLAND AVE,41.742064,-87.767376,10/20/2015 06:23:00 AM,2015
CR00023250,11/06/2022 02:18:00 PM,30,RAIN,DARKNESS,TURNING,DIVIDED - W/MEDIAN (NOT RAISED),TRAFFIC SIGNAL,WEATHER,FOLLOWING TOO CLOSELY,0,0,1,1,14,1,11,1740,IRVING PARK RD,41.742581,-87.816949,11/06/2022 04:03:00 PM,2022
CR00023251,11/06/2016 07:28:00 AM,30,CLEAR,DUSK,SIDESWIPE SAME DIRECTION,DIVIDED - W/MEDIAN (NOT RAISED),TRAFFIC SIGNAL,DISREGARDING TRAFFIC SIGNALS,UNABLE TO DETERMINE,0,0,0,0,7,1,11,1264,IRVING PARK RD,41.822133,-87.663187,11/06/2016 08:31:00 AM,2016
CR00023252,08/14/2023 05:30:00 PM,15,CLOUDY/OVERCAST,DAYLIGHT,REAR END,T-INTERSECTION,STOP SIGN/FLASHER,FOLLOWING TOO CLOSELY,IMPROPER LANE USAGE,0,0,0,0,17,2,8,1985,IRVING PARK RD,41.850949,-87.741678,08/14/2023 06:42:00 PM,2023
CR00023253,12/03/2017 07:08:00 AM,30,RAIN,DAYLIGHT,SIDESWIPE SAME DIRECTION,NOT DIVIDED,STOP SIGN/FLASHER,FAILING TO YIELD RIGHT-OF-WAY,UNABLE TO DETERMINE,0,0,1,1,7,1,12,1836,FULLERTON AVE,41.954664,-87.67518,12/03/2017 08:48:00 AM,2017
CR00023254,07/11/2016 02:12:00 PM,30,CLEAR,DUSK,ANGLE,DIVIDED - W/MEDIAN (NOT RAISED),NO CONTROLS,FAILING TO REDUCE SPEED,FOLLOWING TOO CLOSELY,0,1,0,1,14,2,7,484,ELSTON AVE,41.93067,-87.524325,07/11/2016 02:41:00 PM,2016
CR00023255,03/15/2023 05:08:00 PM,30,CLEAR,DAYLIGHT,REAR END,ONE-WAY,STOP SIGN/FLASHER,UNABLE TO DETERMINE,DISTRACTION - FROM INSIDE VEHICLE,0,0,0,0,17,4,3,2228,47TH ST,41.715747,-87.700519,03/15/2023 06:38:00 PM,2023
CR00023256,07/26/2024 02:02:00 PM,25,CLEAR,DARKNESS - LIGHTED ROAD,REAR END,DIVIDED - W/MEDIAN (NOT RAISED),YIELD,UNABLE TO DETERMINE,UNABLE TO DETERMINE,0,0,0,0,14,6,7,2253,FULLERTON AVE,41.745816,-87.800389,07/26/2024 03:33:00 PM,2024
CR00023257,05/30/2019 10:58:00 AM,20,CLEAR,DAYLIGHT,REAR END,DIVIDED - W/MEDIAN BARRIER,NO CONTROLS,UNABLE TO DETERMINE,UNABLE TO DETERMINE,0,0,0,0,10,5,5,2375,DIVISION ST,41.701987,-87.834107,05/30/2019 12:00:00 PM,2019
CR00023258,07/19/2017 09:09:00 AM,45,CLEAR,DAYLIGHT,SIDESWIPE SAME DIRECTION,FOUR WAY,NO CONTROLS,DRIVING SKILLS/KNOWLEDGE/EXPERIENCE,UNABLE TO DETERMINE,0,0,0,0,9,4,7,1868,WESTERN AVE,41.893954,-87.572052,07/19/2017 10:05:00 AM,2017
CR00023259,04/15/2021 06:31:00 AM,30,CLEAR,DAYLIGHT,REAR END,DIVIDED - W/MEDIAN BARRIER,UNKNOWN,UNABLE TO DETERMINE,DISREGARDING TRAFFIC SIGNALS,0,0,0,0,6,5,4,2414,CALIFORNIA AVE,41.989679,-87.649343,04/15/2021 07:49:00 AM,2021
CR00023260,05/17/2017 05:47:00 PM,30,CLEAR,DARKNESS - LIGHTED ROAD,TURNING,NOT DIVIDED,TRAFFIC SIGNAL,IMPROPER OVERTAKING/PASSING,IMPROPER OVERTAKING/PASSING,0,1,1,2,17,4,5,850,STATE ST,41.833781,-87.827795,05/17/2017 06:11:00 PM,2017
CR00023261,09/15/2022 03:41:00 PM,45,CLEAR,DAWN,PARKED MOTOR VEHICLE,NOT DIVIDED,STOP SIGN/FLASHER,FOLLOWING TOO CLOSELY,DISREGARDING TRAFFIC SIGNALS,0,0,0,0,15,5,9,1799,FULLERTON AVE,41.993559,-87.634843,09/15/2022 05:30:00 PM,2022
CR00023262,05/14/2018 11:23:00 AM,30,RAIN,DARKNESS - LIGHTED ROAD,REAR END,ONE-WAY,NO CONTROLS,DRIVING SKILLS/KNOWLEDGE/EXPERIENCE,DISTRACTION - FROM INSIDE VEHICLE,0,0,0,0,11,2,5,1807,CALIFORNIA AVE,41.966252,-87.505893,05/14/2018 12:06:00 PM,2018
CR00023263,06/21/2018 09:59:00 AM,30,CLEAR,DAYLIGHT,REAR END,DIVIDED - W/MEDIAN BARRIER,NO CONTROLS,FOLLOWING TOO CLOSELY,DRIVING SKILLS/KNOWLEDGE/EXPERIENCE,0,0,0,0,9,5,6,1017,WESTERN AVE,41.865609,-87.645505,06/21/2018 10:30:00 AM,2018
CR00023264,05/10/2020 11:06:00 AM,30,RAIN,DAYLIGHT,ANGLE,DIVIDED - W/MEDIAN (NOT RAISED),YIELD,IMPROPER LANE USAGE,NOT APPLICABLE,0,0,2,2,11,1,5,147,STATE ST,41.931023,-87.786014,05/10/2020 12:07:00 PM,2020
CR00023265,05/19/2018 08:53:00 AM,30,CLEAR,DAYLIGHT,ANGLE,ONE-WAY,UNKNOWN,FOLLOWING TOO CLOSELY,IMPROPER LANE USAGE,0,0,0,0,8,7,5,614,ASHLAND AVE,41.714952,-87.647042,05/19/2018 09:10:00 AM,2018
CR00023266,06/02/2017 10:27:00 PM,30,CLEAR,DAYLIGHT,TURNING,FOUR WAY,NO CONTROLS,DISTRACTION - FROM INSIDE VEHICLE,UNABLE TO DETERMINE,0,0,0,0,22,6,6,573,STATE ST,41.704873,-87.62368,06/02/2017 11:07:00 PM,2017
CR00023267,05/17/2022 01:44:00 AM,40,CLOUDY/OVERCAST,DAYLIGHT,FIXED OBJECT,ONE-WAY,STOP SIGN/FLASHER,DRIVING SKILLS/KNOWLEDGE/EXPERIENCE,IMPROPER LANE USAGE,0,0,1,1,1,3,5,2170,STONY ISLAND AVE,41.999883,-87.651786,05/17/2022 02:54:00 AM,2022
CR00023268,07/21/2015 05:00:00 PM,40,CLOUDY/OVERCAST,DAYLIGHT,SIDESWIPE SAME DIRECTION,DIVIDED - W/MEDIAN (NOT RAISED),TRAFFIC SIGNAL,DISTRACTION - FROM INSIDE VEHICLE,UNABLE TO DETERMINE,0,0,0,0,17,3,7,1737,ASHLAND AVE,41.991333,-87.614762,07/21/2015 05:44:00 PM,2015
CR00023269,04/01/2020 05:16:00 PM,30,CLEAR,DARKNESS,REAR END,ONE-WAY,PEDESTRIAN CROSSING SIGN,FAILING TO REDUCE SPEED,IMPROPER OVERTAKING/PASSING,0,0,0,0,17,4,4,1544,OGDEN AVE,41.931158,-87.604024,04/01/2020 05:28:00 PM,2020
CR00023270,04/23/2023 12:09:00 PM,25,SNOW,DARKNESS - LIGHTED ROAD,FIXED OBJECT,DIVIDED - W/MEDIAN BARRIER,NO CONTROLS,DISREGARDING TRAFFIC SIGNALS,FAILING TO REDUCE SPEED,0,0,1,1,12,1,4,1647,47TH ST,41.762674,-87.662198,04/23/2023 12:54:00 PM,2023
CR00023271,05/25/2024 05:13:00 PM,20,CLEAR,DAYLIGHT,REAR END,NOT DIVIDED,STOP SIGN/FLASHER,FAILING TO YIELD RIGHT-OF-WAY,FAILING TO YIELD RIGHT-OF-WAY,0,0,0,0,17,7,5,1073,CLARK ST,41.875786,-87.760025,05/25/2024 06:14:00 PM,2024
CR00023272,03/14/2022 09:28:00 AM,45,CLOUDY/OVERCAST,DARKNESS,FIXED OBJECT,FOUR WAY,STOP SIGN/FLASHER,FOLLOWING TOO CLOSELY,UNABLE TO DETERMINE,0,0,0,0,9,2,3,311,MILWAUKEE AVE,41.721514,-87.582911,03/14/2022 10:09:00 AM,2022
CR00023273,12/31/2024 05:43:00 PM,30,SNOW,DAYLIGHT,SIDESWIPE SAME DIRECTION,DIVIDED - W/MEDIAN (NOT RAISED),NO CONTROLS,FOLLOWING TOO CLOSELY,FOLLOWING TOO CLOSELY,0,0,0,0,17,3,12,1448,63RD ST,41.775305,-87.628564,12/31/2024 07:24:00 PM,2024
CR00023274,03/09/2016 04:37:00 PM,40,CLEAR,DAYLIGHT,TURNING,FOUR WAY,STOP SIGN/FLASHER,IMPROPER LANE USAGE,UNABLE TO DETERMINE,0,0,1,1,16,4,3,966,PULASKI RD,41.871927,-87.809846,03/09/2016 05:17:00 PM,2016
CR00023275,11/11/2022 06:34:00 PM,20,CLOUDY/OVERCAST,DAYLIGHT,TURNING,FOUR WAY,TRAFFIC SIGNAL,UNABLE TO DETERMINE,DISTRACTION - FROM INSIDE VEHICLE,0,0,0,0,18,6,11,2522,PULASKI RD,41.799779,-87.551915,11/11/2022 08:00:00 PM,2022
CR00023276,12/14/2021 07:21:00 AM,30,RAIN,DARKNESS - LIGHTED ROAD,TURNING,NOT DIVIDED,STOP SIGN/FLASHER,DISREGARDING TRAFFIC SIGNALS,FAILING TO YIELD RIGHT-OF-WAY,0,0,0,0,7,3,12,418,79TH ST,41.794914,-87.517511,12/14/2021 07:38:00 AM,2021
CR00023277,01/04/2017 05:31:00 PM,15,RAIN,DARKNESS - LIGHTED ROAD,TURNING,NOT DIVIDED,STOP SIGN/FLASHER,FAILING TO YIELD RIGHT-OF-WAY,DRIVING SKILLS/KNOWLEDGE/EXPERIENCE,0,1,1,2,17,4,1,161,CALIFORNIA AVE,41.754131,-87.753363,01/04/2017 06:25:00 PM,2017
CR00023278,10/05/2020 06:50:00 PM,30,CLEAR,DAYLIGHT,TURNING,DIVIDED - W/MEDIAN (NOT RAISED),TRAFFIC SIGNAL,UNABLE TO DETERMINE,NOT APPLICABLE,0,0,0,0,18,2,10,858,FULLERTON AVE,41.74393,-87.827391,10/05/2020 08:48:00 PM,2020
CR00023279,09/05/2019 10:02:00 AM,30,CLEAR,DAYLIGHT,REAR END,DIVIDED - W/MEDIAN BARRIER,NO CONTROLS,UNABLE TO DETERMINE,FOLLOWING TOO CLOSELY,0,0,0,0,10,5,9,1710,WESTERN AVE,41.724236,-87.711351,09/05/2019 11:35:00 AM,2019
CR00023280,04/23/2024 11:12:00 AM,15,CLEAR,DAYLIGHT,TURNING,DIVIDED - W/MEDIAN (NOT RAISED),NO CONTROLS,UNABLE TO DETERMINE,FOLLOWING TOO CLOSELY,0,0,0,0,11,3,4,1137,STONY ISLAND AVE,41.818361,-87.628904,04/23/2024 11:43:00 AM,2024
CR00023281,08/27/2016 09:21:00 PM,30,CLEAR,DAYLIGHT,ANGLE,DIVIDED - W/MEDIAN (NOT RAISED),NO CONTROLS,FOLLOWING TOO CLOSELY,UNABLE TO DETERMINE,0,0,0,0,21,7,8,321,PULASKI RD,41.808205,-87.615763,08/27/2016 09:53:00 PM,2016
CR00023282,08/06/2019 02:06:00 PM,35,CLEAR,DAYLIGHT,PEDESTRIAN,NOT DIVIDED,TRAFFIC SIGNAL,FAILING TO REDUCE SPEED,NOT APPLICABLE,0,0,0,0,14,3,8,1093,CLARK ST,41.820662,-87.59171,08/06/2019 03:33:00 PM,2019
CR00023283,01/14/2018 05:35:00 PM,30,CLEAR,DAYLIGHT,ANGLE,T-INTERSECTION,STOP SIGN/FLASHER,FOLLOWING TOO CLOSELY,DISREGARDING TRAFFIC SIGNALS,0,0,0,0,17,1,1,488,MICHIGAN AVE,41.824133,-87.542049,01/14/2018 07:32:00 PM,2018
CR00023284,02/03/2019 04:54:00 PM,30,CLEAR,DAYLIGHT,TURNING,DIVIDED - W/MEDIAN (NOT RAISED),STOP SIGN/FLASHER,DISTRACTION - FROM INSIDE VEHICLE,FAILING TO REDUCE SPEED,0,1,1,2,16,1,2,2234,DIVISION ST,41.793747,-87.765495,02/03/2019 06:49:00 PM,2019
CR00023285,07/07/2017 04:18:00 PM,20,FREEZING RAIN/DRIZZLE,DAYLIGHT,SIDESWIPE SAME DIRECTION,DIVIDED - W/MEDIAN (NOT RAISED),UNKNOWN,DISREGARDING TRAFFIC SIGNALS,FOLLOWING TOO CLOSELY,0,0,0,0,16,6,7,1730,HALSTED ST,41.907069,-87.628914,07/07/2017 05:05:00 PM,2017
CR00023286,04/28/2017 05:30:00 PM,40,RAIN,DAYLIGHT,REAR END,NOT DIVIDED,NO CONTROLS,UNABLE TO DETERMINE,NOT APPLICABLE,0,0,0,0,17,6,4,2383,79TH ST,41.820449,-87.64293,04/28/2017 06:21:00 PM,2017
CR00023287,12/02/2023 03:10:00 PM,25,SNOW,DAYLIGHT,FIXED OBJECT,NOT DIVIDED,NO CONTROLS,IMPROPER OVERTAKING/PASSING,IMPROPER OVERTAKING/PASSING,0,0,0,0,15,7,12,634,STATE ST,41.839641,-87.590562,12/02/2023 03:47:00 PM,2023
CR00023288,09/08/2017 08:04:00 AM,45,CLEAR,DAYLIGHT,PARKED MOTOR VEHICLE,NOT DIVIDED,NO CONTROLS,DISREGARDING TRAFFIC SIGNALS,NOT APPLICABLE,0,0,2,2,8,6,9,2242,IRVING PARK RD,41.745637,-87.623483,09/08/2017 08:51:00 AM,2017