CRASH_RECORD_ID,CRASH_DATE,POSTED_SPEED_LIMIT,WEATHER_CONDITION,LIGHTING_CONDITION,FIRST_CRASH_TYPE,TRAFFICWAY_TYPE,TRAFFIC_CONTROL_DEVICE,PRIM_CONTRIBUTORY_CAUSE,SEC_CONTRIBUTORY_CAUSE,INJURIES_FATAL,INJURIES_INCAPACITATING,INJURIES_NON_INCAPACITATING,INJURIES_TOTAL,CRASH_HOUR,CRASH_DAY_OF_WEEK,CRASH_MONTH,BEAT_OF_OCCURRENCE,STREET_NAME,LATITUDE,LONGITUDE,DATE_POLICE_NOTIFIED,year
CR00023289,12/18/2024 01:55:00 PM,35,CLEAR,DAYLIGHT,REAR END,NOT DIVIDED,NO CONTROLS,WEATHER,DISTRACTION - FROM INSIDE VEHICLE,0,0,0,0,13,4,12,750,STATE ST,41.912017,-87.647394,12/18/2024 02:29:00 PM,2024
CR00023290,05/13/2017 12:55:00 PM,20,RAIN,DARKNESS - LIGHTED ROAD,FIXED OBJECT,ONE-WAY,NO CONTROLS,UNABLE TO DETERMINE,FOLLOWING TOO CLOSELY,0,0,0,0,12,7,5,1021,CALIFORNIA AVE,41.76395,-87.565014,05/13/2017 02:22:00 PM,2017
CR00023291,02/07/2020 08:47:00 PM,30,CLEAR,DAYLIGHT,PARKED MOTOR VEHICLE,FOUR WAY,TRAFFIC SIGNAL,DRIVING SKILLS/KNOWLEDGE/EXPERIENCE,DISTRACTION - FROM INSIDE VEHICLE,0,0,1,1,20,6,2,1051,HALSTED ST,41.846103,-87.675329,02/07/2020 10:25:00 PM,2020
CR00023292,02/27/2017 06:44:00 PM,20,RAIN,DARKNESS - LIGHTED ROAD,REAR END,NOT DIVIDED,TRAFFIC SIGNAL,DISREGARDING TRAFFIC SIGNALS,FAILING TO REDUCE SPEED,0,1,2,3,18,2,2,2435,FULLERTON AVE,41.850547,-87.74261,02/27/2017 08:04:00 PM,2017
CR00023293,03/14/2015 03:05:00 AM,30,CLEAR,DARKNESS - LIGHTED ROAD,REAR END,ONE-WAY,NO CONTROLS,FAILING TO YIELD RIGHT-OF-WAY,UNABLE TO DETERMINE,0,0,0,0,3,7,3,854,ARCHER AVE,41.769152,-87.766923,03/14/2015 04:20:00 AM,2015
CR00023294,05/10/2021 06:44:00 PM,40,CLEAR,DARKNESS,REAR END,NOT DIVIDED,STOP SIGN/FLASHER,UNABLE TO DETERMINE,IMPROPER OVERTAKING/PASSING,0,0,0,0,18,2,5,2355,LAKE SHORE DR,41.870152,-87.641459,05/10/2021 07:02:00 PM,2021
CR00023295,01/30/2022 10:01:00 AM,30,CLEAR,DARKNESS - LIGHTED ROAD,TURNING,NOT DIVIDED,TRAFFIC SIGNAL,FOLLOWING TOO CLOSELY,IMPROPER OVERTAKING/PASSING,0,0,0,0,10,1,1,2321,ROOSEVELT RD,41.955375,-87.52352,01/30/2022 10:11:00 AM,2022
CR00023296,02/18/2024 06:51:00 PM,30,CLEAR,DAYLIGHT,SIDESWIPE SAME DIRECTION,DIVIDED - W/MEDIAN (NOT RAISED),NO CONTROLS,WEATHER,UNABLE TO DETERMINE,0,0,0,0,18,1,2,2346,WESTERN AVE,41.936805,-87.54666,02/18/2024 08:51:00 PM,2024
CR00023297,11/05/2022 02:20:00 PM,30,CLEAR,DAYLIGHT,REAR END,NOT DIVIDED,STOP SIGN/FLASHER,DISREGARDING TRAFFIC SIGNALS,FAILING TO REDUCE SPEED,0,0,1,1,14,7,11,2213,CALIFORNIA AVE,41.866751,-87.554833,11/05/2022 03:09:00 PM,2022
CR00023298,08/12/2021 10:57:00 AM,35,CLEAR,DAYLIGHT,ANGLE,NOT DIVIDED,UNKNOWN,DISREGARDING TRAFFIC SIGNALS,NOT APPLICABLE,0,0,1,1,10,5,8,767,MILWAUKEE AVE,41.740982,-87.59106,08/12/2021 11:46:00 AM,2021
CR00023299,03/16/2018 12:07:00 PM,30,CLEAR,DAYLIGHT,TURNING,FOUR WAY,NO CONTROLS,UNABLE TO DETERMINE,NOT APPLICABLE,0,0,0,0,12,6,3,1638,KEDZIE AVE,41.947948,-87.508621,03/16/2018 12:39:00 PM,2018
CR00023300,05/14/2017 09:53:00 AM,45,CLEAR,DAYLIGHT,PARKED MOTOR VEHICLE,NOT DIVIDED,NO CONTROLS,UNABLE TO DETERMINE,IMPROPER OVERTAKING/PASSING,0,0,0,0,9,1,5,1956,HALSTED ST,41.847852,-87.833631,05/14/2017 11:45:00 AM,2017
CR00023301,08/27/2015 01:39:00 AM,30,CLEAR,DAYLIGHT,TURNING,T-INTERSECTION,TRAFFIC SIGNAL,DRIVING SKILLS/KNOWLEDGE/EXPERIENCE,NOT APPLICABLE,0,0,0,0,1,5,8,1184,ELSTON AVE,41.90708,-87.78317,08/27/2015 02:07:00 AM,2015
CR00023302,01/08/2020 10:59:00 PM,20,CLEAR,DAYLIGHT,FIXED OBJECT,NOT DIVIDED,TRAFFIC SIGNAL,DISREGARDING TRAFFIC SIGNALS,FOLLOWING TOO CLOSELY,0,0,0,0,22,4,1,1049,CALIFORNIA AVE,41.949267,-87.593487,01/08/2020 11:52:00 PM,2020
CR00023303,02/09/2017 08:52:00 AM,30,CLEAR,DAYLIGHT,TURNING,ONE-WAY,UNKNOWN,FOLLOWING TOO CLOSELY,FOLLOWING TOO CLOSELY,0,0,0,0,8,5,2,2123,47TH ST,41.941104,-87.576845,02/09/2017 10:31:00 AM,2017
CR00023304,03/13/2024 09:53:00 AM,45,CLEAR,DAYLIGHT,PEDESTRIAN,NOT DIVIDED,NO CONTROLS,DISTRACTION - FROM INSIDE VEHICLE,WEATHER,0,0,0,0,9,4,3,863,KEDZIE AVE,41.83722,-87.770591,03/13/2024 10:41:00 AM,2024
CR00023305,09/11/2020 01:15:00 PM,25,CLEAR,DARKNESS - LIGHTED ROAD,SIDESWIPE SAME DIRECTION,DIVIDED - W/MEDIAN (NOT RAISED),STOP SIGN/FLASHER,UNABLE TO DETERMINE,UNABLE TO DETERMINE,0,0,0,0,13,6,9,2430,STATE ST,41.751915,-87.639624,09/11/2020 02:24:00 PM,2020
CR00023306,12/01/2023 03:02:00 PM,30,RAIN,DARKNESS - LIGHTED ROAD,SIDESWIPE SAME DIRECTION,DIVIDED - W/MEDIAN (NOT RAISED),UNKNOWN,UNABLE TO DETERMINE,FAILING TO REDUCE SPEED,0,0,0,0,15,6,12,473,WESTERN AVE,41.984142,-87.527194,12/01/2023 03:05:00 PM,2023
CR00023307,04/27/2024 03:55:00 AM,20,CLEAR,DAYLIGHT,SIDESWIPE SAME DIRECTION,NOT DIVIDED,STOP SIGN/FLASHER,DISREGARDING TRAFFIC SIGNALS,NOT APPLICABLE,0,0,0,0,3,7,4,1143,FULLERTON AVE,41.709043,-87.536782,04/27/2024 04:52:00 AM,2024
CR00023308,11/03/2021 05:43:00 PM,45,CLOUDY/OVERCAST,DAYLIGHT,SIDESWIPE SAME DIRECTION,DIVIDED - W/MEDIAN (NOT RAISED),STOP SIGN/FLASHER,FAILING TO REDUCE SPEED,DRIVING SKILLS/KNOWLEDGE/EXPERIENCE,0,0,1,1,17,4,11,608,ARCHER AVE,41.97045,-87.682738,11/03/2021 06:06:00 PM,2021
CR00023309,01/14/2015 03:34:00 PM,30,CLEAR,DAYLIGHT,REAR END,NOT DIVIDED,NO CONTROLS,DISREGARDING TRAFFIC SIGNALS,IMPROPER OVERTAKING/PASSING,0,0,0,0,15,4,1,1175,STONY ISLAND AVE,41.86078,-87.810746,01/14/2015 03:44:00 PM,2015
CR00023310,07/26/2023 10:38:00 AM,15,CLEAR,DAYLIGHT,SIDESWIPE SAME DIRECTION,ONE-WAY,PEDESTRIAN CROSSING SIGN,UNABLE TO DETERMINE,NOT APPLICABLE,0,0,1,1,10,4,7,1878,CICERO AVE,41.923957,-87.601624,07/26/2023 11:55:00 AM,2023
CR00023311,05/09/2023 08:20:00 PM,30,FOG/SMOKE/HAZE,DAYLIGHT,TURNING,DIVIDED - W/MEDIAN (NOT RAISED),NO CONTROLS,UNABLE TO DETERMINE,UNABLE TO DETERMINE,0,0,1,1,20,3,5,545,ROOSEVELT RD,41.738995,-87.729942,05/09/2023 09:14:00 PM,2023
CR00023312,08/13/2016 06:07:00 PM,30,CLEAR,DAYLIGHT,REAR TO FRONT,ONE-WAY,NO CONTROLS,DRIVING SKILLS/KNOWLEDGE/EXPERIENCE,WEATHER,0,0,0,0,18,7,8,2328,KEDZIE AVE,41.73714,-87.620277,08/13/2016 06:12:00 PM,2016
CR00023313,07/06/2024 05:20:00 PM,35,CLEAR,DAYLIGHT,TURNING,DIVIDED - W/MEDIAN (NOT RAISED),TRAFFIC SIGNAL,IMPROPER OVERTAKING/PASSING,FOLLOWING TOO CLOSELY,0,0,0,0,17,7,7,1066,PULASKI RD,41.837323,-87.546654,07/06/2024 06:20:00 PM,2024
CR00023314,04/07/2023 08:42:00 AM,30,CLEAR,DAYLIGHT,TURNING,DIVIDED - W/MEDIAN BARRIER,NO CONTROLS,FAILING TO REDUCE SPEED,FOLLOWING TOO CLOSELY,0,0,0,0,8,6,4,1055,MICHIGAN AVE,41.83438,-87.599046,04/07/2023 10:19:00 AM,2023
CR00023315,09/06/2021 10:51:00 AM,45,CLEAR,DAYLIGHT,FIXED OBJECT,FOUR WAY,STOP SIGN/FLASHER,UNABLE TO DETERMINE,FAILING TO REDUCE SPEED,0,0,0,0,10,2,9,2158,79TH ST,41.968731,-87.578949,09/06/2021 11:00:00 AM,2021
CR00023316,08/28/2021 01:21:00 PM,30,CLEAR,DAYLIGHT,TURNING,NOT DIVIDED,STOP SIGN/FLASHER,FAILING TO YIELD RIGHT-OF-WAY,DRIVING SKILLS/KNOWLEDGE/EXPERIENCE,0,0,0,0,13,7,8,2414,IRVING PARK RD,41.928146,-87.559013,08/28/2021 02:25:00 PM,2021
CR00023317,06/14/2017 08:35:00 PM,45,CLEAR,DAYLIGHT,ANGLE,NOT DIVIDED,UNKNOWN,UNABLE TO DETERMINE,UNABLE TO DETERMINE,0,0,0,0,20,4,6,272,KEDZIE AVE,41.70449,-87.632691,06/14/2017 09:27:00 PM,2017
CR00023318,06/01/2024 12:38:00 PM,15,CLEAR,DAYLIGHT,PARKED MOTOR VEHICLE,ONE-WAY,TRAFFIC SIGNAL,DRIVING SKILLS/KNOWLEDGE/EXPERIENCE,DISTRACTION - FROM INSIDE VEHICLE,0,0,0,0,12,7,6,167,STONY ISLAND AVE,41.709699,-87.617078,06/01/2024 01:46:00 PM,2024
CR00023319,01/17/2017 10:25:00 AM,15,RAIN,DUSK,SIDESWIPE SAME DIRECTION,DIVIDED - W/MEDIAN (NOT RAISED),TRAFFIC SIGNAL,IMPROPER OVERTAKING/PASSING,FOLLOWING TOO CLOSELY,0,0,0,0,10,3,1,1799,CICERO AVE,41.82784,-87.595815,01/17/2017 11:03:00 AM,2017
CR00023320,06/26/2018 02:03:00 PM,30,CLEAR,DAYLIGHT,ANGLE,T-INTERSECTION,STOP SIGN/FLASHER,DRIVING SKILLS/KNOWLEDGE/EXPERIENCE,UNABLE TO DETERMINE,0,0,0,0,14,3,6,2017,WESTERN AVE,41.773918,-87.736431,06/26/2018 02:26:00 PM,2018
CR00023321,03/03/2017 05:20:00 AM,35,SNOW,DAYLIGHT,REAR END,DIVIDED - W/MEDIAN (NOT RAISED),STOP SIGN/FLASHER,DISTRACTION - FROM INSIDE VEHICLE,UNABLE TO DETERMINE,0,0,0,0,5,6,3,2330,STONY ISLAND AVE,41.784398,-87.564065,03/03/2017 06:32:00 AM,2017
CR00023322,06/20/2017 01:16:00 PM,30,CLEAR,DAYLIGHT,ANGLE,ONE-WAY,TRAFFIC SIGNAL,FOLLOWING TOO CLOSELY,UNABLE TO DETERMINE,0,0,0,0,13,3,6,412,47TH ST,41.845358,-87.694929,06/20/2017 02:30:00 PM,2017
CR00023323,12/17/2016 08:41:00 PM,20,CLEAR,DAYLIGHT,SIDESWIPE SAME DIRECTION,NOT DIVIDED,NO CONTROLS,FAILING TO YIELD RIGHT-OF-WAY,UNABLE TO DETERMINE,0,0,0,0,20,7,12,758,WESTERN AVE,41.973595,-87.723464,12/17/2016 09:04:00 PM,2016
CR00023324,08/03/2017 04:45:00 PM,20,CLOUDY/OVERCAST,DAYLIGHT,TURNING,T-INTERSECTION,NO CONTROLS,UNABLE TO DETERMINE,UNABLE TO DETERMINE,0,0,0,0,16,5,8,643,LAKE SHORE DR,41.904248,-87.509886,08/03/2017 05:38:00 PM,2017
CR00023325,02/12/2020 07:07:00 PM,30,RAIN,DAYLIGHT,ANGLE,ONE-WAY,NO CONTROLS,DISTRACTION - FROM INSIDE VEHICLE,UNABLE TO DETERMINE,0,0,0,0,19,4,2,546,OGDEN AVE,41.817634,-87.599563,02/12/2020 07:31:00 PM,2020
CR00023326,04/17/2016 02:51:00 AM,30,CLEAR,DARKNESS - LIGHTED ROAD,REAR END,ONE-WAY,TRAFFIC SIGNAL,DISTRACTION - FROM INSIDE VEHICLE,FAILING TO YIELD RIGHT-OF-WAY,0,0,0,0,2,1,4,464,WESTERN AVE,41.810718,-87.810784,04/17/2016 04:24:00 AM,2016
CR00023327,01/04/2015 02:33:00 PM,30,RAIN,DAYLIGHT,SIDESWIPE SAME DIRECTION,NOT DIVIDED,NO CONTROLS,FAILING TO REDUCE SPEED,NOT APPLICABLE,0,0,0,0,14,1,1,2290,DAMEN AVE,41.786686,-87.75078,01/04/2015 03:53:00 PM,2015
CR00023328,11/12/2023 03:33:00 PM,20,SNOW,DAYLIGHT,TURNING,NOT DIVIDED,STOP SIGN/FLASHER,FOLLOWING TOO CLOSELY,IMPROPER LANE USAGE,0,0,3,3,15,1,11,1912,STATE ST,41.86646,-87.568629,11/12/2023 04:32:00 PM,2023
CR00023329,11/23/2020 06:50:00 PM,35,RAIN,DAYLIGHT,REAR END,DIVIDED - W/MEDIAN (NOT RAISED),NO CONTROLS,DRIVING SKILLS/KNOWLEDGE/EXPERIENCE,FAILING TO YIELD RIGHT-OF-WAY,0,0,0,0,18,2,11,1592,PULASKI RD,41.986366,-87.737454,11/23/2020 07:38:00 PM,2020
CR00023330,12/18/2020 10:11:00 AM,30,CLEAR,DAYLIGHT,REAR END,DIVIDED - W/MEDIAN BARRIER,NO CONTROLS,UNABLE TO DETERMINE,NOT APPLICABLE,0,0,0,0,10,6,12,1586,BROADWAY,41.962847,-87.603086,12/18/2020 12:09:00 PM,2020
CR00023331,06/10/2024 04:54:00 AM,15,RAIN,DUSK,ANGLE,DIVIDED - W/MEDIAN BARRIER,TRAFFIC SIGNAL,FOLLOWING TOO CLOSELY,FOLLOWING TOO CLOSELY,0,0,0,0,4,2,6,859,ARCHER AVE,41.733892,-87.784082,06/10/2024 06:34:00 AM,2024
CR00023332,06/17/2023 06:18:00 PM,30,CLEAR,DARKNESS - LIGHTED ROAD,TURNING,NOT DIVIDED,NO CONTROLS,FOLLOWING TOO CLOSELY,FAILING TO YIELD RIGHT-OF-WAY,0,0,0,0,18,7,6,566,FULLERTON AVE,41.997614,-87.713261,06/17/2023 07:09:00 PM,2023
CR00023333,11/09/2017 10:20:00 AM,40,CLOUDY/OVERCAST,DAYLIGHT,REAR TO FRONT,FOUR WAY,TRAFFIC SIGNAL,FAILING TO YIELD RIGHT-OF-WAY,DRIVING SKILLS/KNOWLEDGE/EXPERIENCE,0,0,1,1,10,5,11,2517,47TH ST,41.714283,-87.828505,11/09/2017 10:37:00 AM,2017
CR00023334,01/13/2021 10:36:00 AM,30,CLOUDY/OVERCAST,DARKNESS - LIGHTED ROAD,SIDESWIPE SAME DIRECTION,T-INTERSECTION,NO CONTROLS,UNABLE TO DETERMINE,FAILING TO YIELD RIGHT-OF-WAY,0,0,0,0,10,4,1,1453,IRVING PARK RD,41.749671,-87.839117,01/13/2021 12:00:00 PM,2021
CR00023335,03/28/2021 07:36:00 AM,25,FREEZING RAIN/DRIZZLE,DAYLIGHT,REAR TO FRONT,ONE-WAY,YIELD,UNABLE TO DETERMINE,IMPROPER OVERTAKING/PASSING,0,0,0,0,7,1,3,620,PULASKI RD,41.895996,-87.538984,03/28/2021 08:11:00 AM,2021
CR00023336,10/18/2018 10:11:00 PM,35,CLEAR,DAYLIGHT,REAR END,NOT DIVIDED,NO CONTROLS,FAILING TO REDUCE SPEED,DISTRACTION - FROM INSIDE VEHICLE,0,0,0,0,22,5,10,2382,ROOSEVELT RD,41.9718,-87.838925,10/18/2018 11:03:00 PM,2018
CR00023337,05/27/2016 07:02:00 PM,35,SNOW,DAYLIGHT,TURNING,DIVIDED - W/MEDIAN (NOT RAISED),STOP SIGN/FLASHER,DRIVING SKILLS/KNOWLEDGE/EXPERIENCE,UNABLE TO DETERMINE,0,0,3,3,19,6,5,2398,IRVING PARK RD,41.700707,-87.738123,05/27/2016 07:03:00 PM,2016
CR00023338,04/21/2018 05:49:00 PM,25,CLEAR,DAWN,REAR TO FRONT,NOT DIVIDED,NO CONTROLS,DISREGARDING TRAFFIC SIGNALS,DISTRACTION - FROM INSIDE VEHICLE,0,0,0,0,17,7,4,306,STONY ISLAND AVE,41.865005,-87.840841,04/21/2018 06:33:00 PM,2018
CR00023339,09/29/2021 05:31:00 PM,35,CLEAR,DAYLIGHT,TURNING,ONE-WAY,TRAFFIC SIGNAL,FAILING TO REDUCE SPEED,NOT APPLICABLE,0,0,0,0,17,4,9,731,ARCHER AVE,41.709725,-87.578853,09/29/2021 07:15:00 PM,2021
CR00023340,08/28/2024 01:57:00 PM,30,CLEAR,DAYLIGHT,REAR END,NOT DIVIDED,NO CONTROLS,FOLLOWING TOO CLOSELY,UNABLE TO DETERMINE,0,0,0,0,13,4,8,393,MICHIGAN AVE,41.78826,-87.740939,08/28/2024 03:48:00 PM,2024
CR00023341,02/06/2019 08:02:00 PM,35,SNOW,DAYLIGHT,REAR END,DIVIDED - W/MEDIAN BARRIER,NO CONTROLS,FAILING TO YIELD RIGHT-OF-WAY,UNABLE TO DETERMINE,0,0,0,0,20,4,2,144,STATE ST,41.843043,-87.606979,02/06/2019 09:22:00 PM,2019
CR00023342,09/25/2018 05:54:00 PM,35,CLEAR,DAYLIGHT,TURNING,NOT DIVIDED,NO CONTROLS,UNABLE TO DETERMINE,DISTRACTION - FROM INSIDE VEHICLE,0,0,0,0,17,3,9,1009,63RD ST,41.823168,-87.714336,09/25/2018 05:55:00 PM,2018
CR00023343,08/23/2017 12:24:00 PM,35,CLEAR,DAYLIGHT,PARKED MOTOR VEHICLE,DIVIDED - W/MEDIAN (NOT RAISED),NO CONTROLS,FOLLOWING TOO CLOSELY,FOLLOWING TOO CLOSELY,0,0,0,0,12,4,8,1246,WESTERN AVE,41.805508,-87.663816,08/23/2017 01:15:00 PM,2017
CR00023344,02/09/2021 12:19:00 PM,35,CLEAR,DAYLIGHT,ANGLE,T-INTERSECTION,TRAFFIC SIGNAL,UNABLE TO DETERMINE,NOT APPLICABLE,0,2,1,3,12,3,2,1349,OGDEN AVE,41.843696,-87.705589,02/09/2021 12:24:00 PM,2021
CR00023345,06/28/2020 10:13:00 PM,45,CLEAR,DAYLIGHT,PARKED MOTOR VEHICLE,DIVIDED - W/MEDIAN (NOT RAISED),TRAFFIC SIGNAL,FOLLOWING TOO CLOSELY,NOT APPLICABLE,0,0,0,0,22,1,6,1668,STATE ST,41.734523,-87.749869,06/28/2020 11:38:00 PM,2020
CR00023346,03/03/2017 06:11:00 PM,40,CLEAR,DARKNESS - LIGHTED ROAD,REAR END,NOT DIVIDED,NO CONTROLS,UNABLE TO DETERMINE,DRIVING SKILLS/KNOWLEDGE/EXPERIENCE,0,0,1,1,18,6,3,1384,KEDZIE AVE,41.742357,-87.70442,03/03/2017 06:38:00 PM,2017
CR00023347,09/05/2020 08:25:00 PM,15,RAIN,DAWN,PARKED MOTOR VEHICLE,ONE-WAY,NO CONTROLS,IMPROPER OVERTAKING/PASSING,WEATHER,0,0,0,0,20,7,9,998,MICHIGAN AVE,41.901113,-87.814958,09/05/2020 09:29:00 PM,2020
CR00023348,07/08/2023 07:19:00 PM,30,CLEAR,DAYLIGHT,SIDESWIPE SAME DIRECTION,NOT DIVIDED,TRAFFIC SIGNAL,FOLLOWING TOO CLOSELY,UNABLE TO DETERMINE,0,0,0,0,19,7,7,514,FULLERTON AVE,41.843642,-87.639872,07/08/2023 08:35:00 PM,2023
CR00023349,07/28/2021 11:21:00 PM,45,RAIN,DARKNESS,REAR END,FOUR WAY,NO CONTROLS,FAILING TO YIELD RIGHT-OF-WAY,FAILING TO REDUCE SPEED,0,0,3,3,23,4,7,984,ELSTON AVE,41.833636,-87.580968,07/29/2021 12:08:00 AM,2021
CR00023350,02/03/2020 08:20:00 PM,30,CLEAR,DAYLIGHT,REAR TO FRONT,ONE-WAY,TRAFFIC SIGNAL,IMPROPER LANE USAGE,IMPROPER OVERTAKING/PASSING,0,0,0,0,20,2,2,1328,CLARK ST,41.821967,-87.698141,02/03/2020 08:36:00 PM,2020
CR00023351,11/12/2018 01:58:00 AM,20,FOG/SMOKE/HAZE,DAYLIGHT,REAR END,FOUR WAY,YIELD,UNABLE TO DETERMINE,DISREGARDING TRAFFIC SIGNALS,0,0,0,0,1,2,11,1293,STONY ISLAND AVE,41.744783,-87.732918,11/12/2018 03:42:00 AM,2018
CR00023352,03/18/2018 10:01:00 AM,30,CLEAR,DAYLIGHT,REAR TO FRONT,DIVIDED - W/MEDIAN (NOT RAISED),STOP SIGN/FLASHER,IMPROPER LANE USAGE,FOLLOWING TOO CLOSELY,0,0,1,1,10,1,3,2488,OGDEN AVE,41.933862,-87.675859,03/18/2018 11:32:00 AM,2018
CR00023353,12/31/2015 06:12:00 PM,40,RAIN,DARKNESS - LIGHTED ROAD,TURNING,FOUR WAY,STOP SIGN/FLASHER,UNABLE TO DETERMINE,UNABLE TO DETERMINE,0,0,0,0,18,5,12,973,CICERO AVE,41.882174,-87.614653,12/31/2015 07:33:00 PM,2015
CR00023354,08/12/2023 01:43:00 PM,30,CLEAR,DAYLIGHT,REAR END,NOT DIVIDED,NO CONTROLS,IMPROPER OVERTAKING/PASSING,IMPROPER OVERTAKING/PASSING,0,0,0,0,13,7,8,1726,ARCHER AVE,41.711829,-87.595636,08/12/2023 03:14:00 PM,2023
CR00023355,07/17/2016 05:49:00 AM,35,SNOW,DAYLIGHT,FIXED OBJECT,DIVIDED - W/MEDIAN BARRIER,UNKNOWN,DISTRACTION - FROM INSIDE VEHICLE,UNABLE TO DETERMINE,0,0,0,0,5,1,7,2406,FULLERTON AVE,41.746012,-87.623925,07/17/2016 05:59:00 AM,2016
CR00023356,10/31/2018 07:35:00 AM,30,CLEAR,DAYLIGHT,REAR END,NOT DIVIDED,NO CONTROLS,UNABLE TO DETERMINE,DRIVING SKILLS/KNOWLEDGE/EXPERIENCE,0,0,0,0,7,4,10,2221,STATE ST,41.980388,-87.664219,10/31/2018 08:53:00 AM,2018
CR00023357,06/19/2017 09:08:00 AM,30,CLEAR,DAYLIGHT,FIXED OBJECT,FOUR WAY,UNKNOWN,FAILING TO YIELD RIGHT-OF-WAY,NOT APPLICABLE,0,0,0,0,9,2,6,1834,BROADWAY,41.917577,-87.768027,06/19/2017 10:05:00 AM,2017
CR00023358,08/29/2016 07:31:00 PM,15,CLEAR,DARKNESS - LIGHTED ROAD,TURNING,DIVIDED - W/MEDIAN (NOT RAISED),NO CONTROLS,DRIVING SKILLS/KNOWLEDGE/EXPERIENCE,UNABLE TO DETERMINE,0,0,0,0,19,2,8,1182,CLARK ST,41.756448,-87.835462,08/29/2016 08:28:00 PM,2016
CR00023359,01/25/2021 11:38:00 PM,25,CLEAR,DAWN,ANGLE,DIVIDED - W/MEDIAN BARRIER,UNKNOWN,FAILING TO REDUCE SPEED,NOT APPLICABLE,0,0,0,0,23,2,1,2178,HALSTED ST,41.957275,-87.849232,01/26/2021 12:36:00 AM,2021
CR00023360,04/10/2015 07:32:00 PM,30,CLEAR,DAYLIGHT,PARKED MOTOR VEHICLE,DIVIDED - W/MEDIAN (NOT RAISED),STOP SIGN/FLASHER,FOLLOWING TOO CLOSELY,FAILING TO YIELD RIGHT-OF-WAY,0,0,0,0,19,6,4,1850,STONY ISLAND AVE,41.872937,-87.835483,04/10/2015 09:10:00 PM,2015
CR00023361,05/20/2024 04:27:00 PM,25,CLEAR,DARKNESS - LIGHTED ROAD,PEDESTRIAN,DIVIDED - W/MEDIAN BARRIER,UNKNOWN,DISREGARDING TRAFFIC SIGNALS,IMPROPER OVERTAKING/PASSING,0,0,0,0,16,2,5,221,47TH ST,41.835398,-87.519188,05/20/2024 05:51:00 PM,2024
CR00023362,09/09/2018 01:46:00 PM,30,CLEAR,DARKNESS - LIGHTED ROAD,SIDESWIPE SAME DIRECTION,NOT DIVIDED,STOP SIGN/FLASHER,WEATHER,UNABLE TO DETERMINE,0,0,0,0,13,1,9,1808,WESTERN AVE,41.905815,-87.841117,09/09/2018 02:31:00 PM,2018
CR00023363,09/19/2020 10:14:00 AM,30,CLEAR,DARKNESS - LIGHTED ROAD,SIDESWIPE SAME DIRECTION,NOT DIVIDED,TRAFFIC SIGNAL,FAILING TO YIELD RIGHT-OF-WAY,WEATHER,0,0,3,3,10,7,9,1911,ELSTON AVE,41.826676,-87.631868,09/19/2020 10:24:00 AM,2020
CR00023364,08/15/2015 10:41:00 AM,40,CLEAR,DARKNESS - LIGHTED ROAD,ANGLE,ONE-WAY,TRAFFIC SIGNAL,FAILING TO REDUCE SPEED,IMPROPER LANE USAGE,0,0,0,0,10,7,8,1963,63RD ST,41.720677,-87.601087,08/15/2015 10:43:00 AM,2015
CR00023365,05/08/2018 05:45:00 AM,30,FREEZING RAIN/DRIZZLE,DAYLIGHT,ANGLE,NOT DIVIDED,NO CONTROLS,FOLLOWING TOO CLOSELY,UNABLE TO DETERMINE,0,0,0,0,5,3,5,1863,ARCHER AVE,41.762762,-87.634932,05/08/2018 05:52:00 AM,2018
CR00023366,08/02/2016 07:21:00 AM,30,RAIN,DARKNESS - LIGHTED ROAD,TURNING,ONE-WAY,TRAFFIC SIGNAL,UNABLE TO DETERMINE,UNABLE TO DETERMINE,0,0,0,0,7,3,8,965,63RD ST,41.87316,-87.836238,08/02/2016 08:20:00 AM,2016
CR00023367,04/30/2017 08:26:00 AM,30,CLEAR,DAYLIGHT,PEDESTRIAN,NOT DIVIDED,NO CONTROLS,IMPROPER OVERTAKING/PASSING,FOLLOWING TOO CLOSELY,0,0,0,0,8,1,4,2276,STONY ISLAND AVE,41.816092,-87.726935,04/30/2017 08:40:00 AM,2017
CR00023368,12/20/2019 04:28:00 AM,15,CLEAR,DARKNESS - LIGHTED ROAD,REAR TO FRONT,FOUR WAY,TRAFFIC SIGNAL,DISTRACTION - FROM INSIDE VEHICLE,FAILING TO YIELD RIGHT-OF-WAY,0,0,0,0,4,6,12,1429,IRVING PARK RD,41.821159,-87.583388,12/20/2019 05:38:00 AM,2019
CR00023369,01/19/2020 09:20:00 AM,30,CLEAR,DAYLIGHT,PEDESTRIAN,DIVIDED - W/MEDIAN (NOT RAISED),NO CONTROLS,UNABLE TO DETERMINE,FOLLOWING TOO CLOSELY,0,0,0,0,9,1,1,965,PULASKI RD,41.919162,-87.654739,01/19/2020 10:40:00 AM,2020
CR00023370,12/29/2016 02:56:00 PM,35,CLEAR,DAYLIGHT,TURNING,NOT DIVIDED,STOP SIGN/FLASHER,FOLLOWING TOO CLOSELY,UNABLE TO DETERMINE,0,0,0,0,14,5,12,1222,DAMEN AVE,41.852158,-87.615689,12/29/2016 04:09:00 PM,2016
CR00023371,06/22/2024 06:32:00 PM,30,CLEAR,DARKNESS - LIGHTED ROAD,ANGLE,ONE-WAY,STOP SIGN/FLASHER,DISTRACTION - FROM INSIDE VEHICLE,UNABLE TO DETERMINE,0,0,1,1,18,7,6,2166,IRVING PARK RD,41.835726,-87.579955,06/22/2024 07:02:00 PM,2024