CRASH_RECORD_ID,CRASH_DATE,POSTED_SPEED_LIMIT,WEATHER_CONDITION,LIGHTING_CONDITION,FIRST_CRASH_TYPE,TRAFFICWAY_TYPE,TRAFFIC_CONTROL_DEVICE,PRIM_CONTRIBUTORY_CAUSE,SEC_CONTRIBUTORY_CAUSE,INJURIES_FATAL,INJURIES_INCAPACITATING,INJURIES_NON_INCAPACITATING,INJURIES_TOTAL,CRASH_HOUR,CRASH_DAY_OF_WEEK,CRASH_MONTH,BEAT_OF_OCCURRENCE,STREET_NAME,LATITUDE,LONGITUDE,DATE_POLICE_NOTIFIED,year
CR00023372,03/02/2016 06:35:00 PM,20,CLEAR,DARKNESS - LIGHTED ROAD,TURNING,NOT DIVIDED,NO CONTROLS,DISTRACTION - FROM INSIDE VEHICLE,UNABLE TO DETERMINE,0,0,0,0,18,4,3,1551,CICERO AVE,41.795271,-87.63259,03/02/2016 07:28:00 PM,2016
CR00023373,11/20/2018 08:14:00 AM,20,CLEAR,DAYLIGHT,ANGLE,FOUR WAY,NO CONTROLS,DISTRACTION - FROM INSIDE VEHICLE,DRIVING SKILLS/KNOWLEDGE/EXPERIENCE,0,0,0,0,8,3,11,1262,PULASKI RD,41.906953,-87.689167,11/20/2018 09:53:00 AM,2018
CR00023374,07/09/2018 07:34:00 AM,30,SNOW,DARKNESS - LIGHTED ROAD,PARKED MOTOR VEHICLE,FOUR WAY,TRAFFIC SIGNAL,IMPROPER OVERTAKING/PASSING,FAILING TO REDUCE SPEED,0,0,1,1,7,2,7,682,CALIFORNIA AVE,41.771057,-87.832556,07/09/2018 07:45:00 AM,2018
CR00023375,08/10/2016 03:19:00 PM,25,RAIN,DUSK,FIXED OBJECT,DIVIDED - W/MEDIAN (NOT RAISED),NO CONTROLS,FOLLOWING TOO CLOSELY,FOLLOWING TOO CLOSELY,0,0,0,0,15,4,8,2280,BROADWAY,41.7375,-87.704766,08/10/2016 03:58:00 PM,2016
CR00023376,11/22/2024 02:41:00 PM,30,RAIN,DARKNESS - LIGHTED ROAD,REAR TO FRONT,NOT DIVIDED,STOP SIGN/FLASHER,FOLLOWING TOO CLOSELY,DISREGARDING TRAFFIC SIGNALS,0,0,0,0,14,6,11,901,HALSTED ST,41.866659,-87.688486,11/22/2024 03:04:00 PM,2024
CR00023377,12/04/2021 04:35:00 PM,40,CLEAR,DAYLIGHT,SIDESWIPE SAME DIRECTION,NOT DIVIDED,NO CONTROLS,IMPROPER OVERTAKING/PASSING,NOT APPLICABLE,0,0,0,0,16,7,12,1793,PULASKI RD,41.985793,-87.619869,12/04/2021 06:20:00 PM,2021
CR00023378,11/29/2016 12:14:00 AM,30,CLEAR,DAYLIGHT,TURNING,ONE-WAY,STOP SIGN/FLASHER,IMPROPER LANE USAGE,IMPROPER LANE USAGE,0,0,0,0,0,3,11,917,47TH ST,41.758304,-87.754118,11/29/2016 01:43:00 AM,2016
CR00023379,07/04/2018 06:38:00 PM,30,CLEAR,DARKNESS - LIGHTED ROAD,SIDESWIPE SAME DIRECTION,DIVIDED - W/MEDIAN (NOT RAISED),TRAFFIC SIGNAL,FAILING TO YIELD RIGHT-OF-WAY,UNABLE TO DETERMINE,0,2,0,2,18,4,7,2174,79TH ST,41.743349,-87.664877,07/04/2018 06:50:00 PM,2018
CR00023380,12/08/2021 11:18:00 PM,25,CLEAR,DAYLIGHT,REAR END,NOT DIVIDED,TRAFFIC SIGNAL,UNABLE TO DETERMINE,NOT APPLICABLE,0,0,0,0,23,4,12,851,CICERO AVE,41.838419,-87.608905,12/08/2021 11:40:00 PM,2021
CR00023381,10/25/2024 04:08:00 PM,35,CLEAR,DAYLIGHT,REAR END,NOT DIVIDED,NO CONTROLS,WEATHER,DRIVING SKILLS/KNOWLEDGE/EXPERIENCE,0,0,0,0,16,6,10,271,79TH ST,41.787234,-87.707934,10/25/2024 05:43:00 PM,2024
CR00023382,07/13/2024 09:05:00 AM,30,RAIN,DAWN,TURNING,DIVIDED - W/MEDIAN BARRIER,TRAFFIC SIGNAL,UNABLE TO DETERMINE,WEATHER,0,0,0,0,9,7,7,1300,LAKE SHORE DR,41.992574,-87.526748,07/13/2024 10:08:00 AM,2024
CR00023383,02/14/2023 02:16:00 PM,35,CLEAR,DAYLIGHT,REAR END,NOT DIVIDED,NO CONTROLS,FOLLOWING TOO CLOSELY,FOLLOWING TOO CLOSELY,0,0,0,0,14,3,2,1389,63RD ST,41.701922,-87.805021,02/14/2023 03:44:00 PM,2023
CR00023384,05/11/2018 12:29:00 PM,40,CLEAR,DARKNESS - LIGHTED ROAD,ANGLE,NOT DIVIDED,NO CONTROLS,UNABLE TO DETERMINE,NOT APPLICABLE,0,0,1,1,12,6,5,2429,KEDZIE AVE,41.989917,-87.525406,05/11/2018 02:06:00 PM,2018
CR00023385,03/16/2016 11:02:00 AM,20,CLEAR,DAYLIGHT,PARKED MOTOR VEHICLE,DIVIDED - W/MEDIAN (NOT RAISED),TRAFFIC SIGNAL,UNABLE TO DETERMINE,NOT APPLICABLE,0,0,0,0,11,4,3,1343,ARCHER AVE,41.753554,-87.753038,03/16/2016 12:01:00 PM,2016
CR00023386,07/08/2022 10:07:00 AM,20,RAIN,DARKNESS - LIGHTED ROAD,REAR END,DIVIDED - W/MEDIAN (NOT RAISED),NO CONTROLS,UNABLE TO DETERMINE,UNABLE TO DETERMINE,0,0,1,1,10,6,7,137,STATE ST,41.734185,-87.704665,07/08/2022 10:20:00 AM,2022
CR00023387,10/31/2016 01:03:00 PM,40,CLEAR,DAYLIGHT,PARKED MOTOR VEHICLE,NOT DIVIDED,TRAFFIC SIGNAL,FAILING TO YIELD RIGHT-OF-WAY,FOLLOWING TOO CLOSELY,0,0,0,0,13,2,10,1066,CALIFORNIA AVE,41.870295,-87.524543,10/31/2016 03:03:00 PM,2016
CR00023388,09/17/2024 05:27:00 PM,35,CLEAR,DAYLIGHT,REAR TO FRONT,NOT DIVIDED,STOP SIGN/FLASHER,FOLLOWING TOO CLOSELY,WEATHER,0,0,0,0,17,3,9,1249,ELSTON AVE,41.873144,-87.642285,09/17/2024 07:03:00 PM,2024
CR00023389,01/13/2023 05:45:00 PM,40,CLEAR,DARKNESS - LIGHTED ROAD,REAR END,NOT DIVIDED,STOP SIGN/FLASHER,DRIVING SKILLS/KNOWLEDGE/EXPERIENCE,UNABLE TO DETERMINE,0,0,1,1,17,6,1,1174,STATE ST,41.765506,-87.556544,01/13/2023 07:35:00 PM,2023
CR00023390,08/07/2017 04:23:00 PM,40,CLEAR,DAYLIGHT,TURNING,T-INTERSECTION,NO CONTROLS,IMPROPER LANE USAGE,UNABLE TO DETERMINE,0,0,1,1,16,2,8,1406,ELSTON AVE,41.960756,-87.824158,08/07/2017 05:05:00 PM,2017
CR00023391,12/08/2024 06:06:00 PM,15,CLEAR,DAYLIGHT,REAR END,NOT DIVIDED,PEDESTRIAN CROSSING SIGN,FAILING TO YIELD RIGHT-OF-WAY,IMPROPER OVERTAKING/PASSING,0,0,0,0,18,1,12,679,MILWAUKEE AVE,41.799997,-87.688488,12/08/2024 07:21:00 PM,2024
CR00023392,03/19/2020 01:30:00 PM,30,CLEAR,DARKNESS - LIGHTED ROAD,REAR END,DIVIDED - W/MEDIAN (NOT RAISED),STOP SIGN/FLASHER,IMPROPER LANE USAGE,DISREGARDING TRAFFIC SIGNALS,0,0,0,0,13,5,3,2400,KEDZIE AVE,41.795799,-87.553399,03/19/2020 03:16:00 PM,2020
CR00023393,09/10/2024 12:43:00 PM,15,CLEAR,DUSK,SIDESWIPE SAME DIRECTION,ONE-WAY,TRAFFIC SIGNAL,WEATHER,FOLLOWING TOO CLOSELY,0,0,0,0,12,3,9,674,PULASKI RD,41.770875,-87.688666,09/10/2024 01:17:00 PM,2024
CR00023394,06/27/2022 01:28:00 PM,45,CLEAR,DUSK,REAR END,ONE-WAY,STOP SIGN/FLASHER,UNABLE TO DETERMINE,DRIVING SKILLS/KNOWLEDGE/EXPERIENCE,0,0,0,0,13,2,6,1374,CALIFORNIA AVE,41.911266,-87.835358,06/27/2022 02:44:00 PM,2022
CR00023395,12/15/2017 04:39:00 PM,40,CLOUDY/OVERCAST,DAYLIGHT,PARKED MOTOR VEHICLE,NOT DIVIDED,TRAFFIC SIGNAL,WEATHER,FOLLOWING TOO CLOSELY,0,0,1,1,16,6,12,800,CICERO AVE,41.961723,-87.770863,12/15/2017 05:39:00 PM,2017
CR00023396,03/03/2017 02:44:00 PM,35,CLEAR,DAYLIGHT,ANGLE,NOT DIVIDED,TRAFFIC SIGNAL,DRIVING SKILLS/KNOWLEDGE/EXPERIENCE,IMPROPER OVERTAKING/PASSING,0,0,1,1,14,6,3,633,IRVING PARK RD,41.747162,-87.847938,03/03/2017 04:21:00 PM,2017
CR00023397,09/03/2019 07:56:00 AM,20,CLOUDY/OVERCAST,DAYLIGHT,FIXED OBJECT,NOT DIVIDED,STOP SIGN/FLASHER,UNABLE TO DETERMINE,UNABLE TO DETERMINE,0,0,0,0,7,3,9,509,63RD ST,41.998337,-87.521699,09/03/2019 09:32:00 AM,2019
CR00023398,10/16/2023 05:42:00 PM,25,CLEAR,DARKNESS,TURNING,FOUR WAY,STOP SIGN/FLASHER,FOLLOWING TOO CLOSELY,IMPROPER OVERTAKING/PASSING,0,0,0,0,17,2,10,704,MICHIGAN AVE,41.761329,-87.704954,10/16/2023 05:47:00 PM,2023
CR00023399,07/28/2022 03:16:00 PM,45,CLEAR,DAYLIGHT,PEDESTRIAN,NOT DIVIDED,NO CONTROLS,DISTRACTION - FROM INSIDE VEHICLE,IMPROPER LANE USAGE,0,0,0,0,15,5,7,1948,63RD ST,41.873077,-87.810347,07/28/2022 04:13:00 PM,2022
CR00023400,03/14/2024 08:36:00 AM,20,CLEAR,DAYLIGHT,TURNING,NOT DIVIDED,STOP SIGN/FLASHER,FAILING TO YIELD RIGHT-OF-WAY,DISREGARDING TRAFFIC SIGNALS,0,0,0,0,8,5,3,869,CLARK ST,41.702077,-87.721116,03/14/2024 09:35:00 AM,2024
CR00023401,03/23/2021 08:16:00 AM,25,SNOW,DARKNESS,SIDESWIPE SAME DIRECTION,NOT DIVIDED,TRAFFIC SIGNAL,DRIVING SKILLS/KNOWLEDGE/EXPERIENCE,NOT APPLICABLE,0,0,1,1,8,3,3,155,ROOSEVELT RD,41.765168,-87.695117,03/23/2021 09:28:00 AM,2021
CR00023402,06/15/2019 08:48:00 AM,40,CLEAR,DAYLIGHT,SIDESWIPE SAME DIRECTION,NOT DIVIDED,NO CONTROLS,UNABLE TO DETERMINE,DRIVING SKILLS/KNOWLEDGE/EXPERIENCE,0,0,0,0,8,7,6,1250,BROADWAY,41.855724,-87.849717,06/15/2019 09:28:00 AM,2019
CR00023403,05/28/2016 05:41:00 PM,15,CLOUDY/OVERCAST,DAYLIGHT,REAR END,ONE-WAY,NO CONTROLS,FOLLOWING TOO CLOSELY,FAILING TO YIELD RIGHT-OF-WAY,0,0,1,1,17,7,5,1822,KEDZIE AVE,41.869731,-87.74857,05/28/2016 06:15:00 PM,2016
CR00023404,08/29/2022 03:04:00 PM,30,RAIN,DUSK,ANGLE,ONE-WAY,TRAFFIC SIGNAL,FAILING TO REDUCE SPEED,NOT APPLICABLE,0,0,2,2,15,2,8,2375,CICERO AVE,41.794166,-87.687599,08/29/2022 04:09:00 PM,2022
CR00023405,09/17/2022 05:24:00 PM,30,FREEZING RAIN/DRIZZLE,DAYLIGHT,REAR TO FRONT,ONE-WAY,UNKNOWN,IMPROPER LANE USAGE,NOT APPLICABLE,0,0,0,0,17,7,9,2070,79TH ST,41.756575,-87.839062,09/17/2022 05:26:00 PM,2022
CR00023406,10/15/2019 04:20:00 AM,30,CLEAR,DAYLIGHT,REAR END,NOT DIVIDED,TRAFFIC SIGNAL,WEATHER,FOLLOWING TOO CLOSELY,0,0,0,0,4,3,10,820,DIVISION ST,41.932322,-87.616263,10/15/2019 05:43:00 AM,2019
CR00023407,08/22/2021 06:34:00 PM,30,CLEAR,DAYLIGHT,ANGLE,NOT DIVIDED,TRAFFIC SIGNAL,IMPROPER LANE USAGE,UNABLE TO DETERMINE,0,0,1,1,18,1,8,1268,WESTERN AVE,41.750017,-87.692597,08/22/2021 07:24:00 PM,2021
CR00023408,07/11/2018 10:21:00 AM,15,CLOUDY/OVERCAST,DARKNESS - LIGHTED ROAD,TURNING,NOT DIVIDED,TRAFFIC SIGNAL,DISTRACTION - FROM INSIDE VEHICLE,FOLLOWING TOO CLOSELY,0,0,0,0,10,4,7,1210,IRVING PARK RD,41.903013,-87.589576,07/11/2018 12:07:00 PM,2018
CR00023409,07/05/2017 09:36:00 PM,30,SNOW,DAYLIGHT,TURNING,NOT DIVIDED,STOP SIGN/FLASHER,DRIVING SKILLS/KNOWLEDGE/EXPERIENCE,FAILING TO YIELD RIGHT-OF-WAY,0,0,0,0,21,4,7,369,KEDZIE AVE,41.761073,-87.647724,07/05/2017 10:26:00 PM,2017
CR00023410,11/11/2018 07:00:00 PM,20,CLEAR,DARKNESS - LIGHTED ROAD,REAR TO FRONT,ONE-WAY,NO CONTROLS,FOLLOWING TOO CLOSELY,WEATHER,0,0,0,0,19,1,11,311,IRVING PARK RD,41.960056,-87.613504,11/11/2018 08:34:00 PM,2018
CR00023411,06/22/2018 02:15:00 PM,30,CLEAR,DAWN,TURNING,FOUR WAY,TRAFFIC SIGNAL,UNABLE TO DETERMINE,DISREGARDING TRAFFIC SIGNALS,0,0,1,1,14,6,6,2277,ARCHER AVE,41.968972,-87.775701,06/22/2018 03:41:00 PM,2018
CR00023412,11/04/2018 05:42:00 PM,30,CLEAR,DAYLIGHT,FIXED OBJECT,NOT DIVIDED,NO CONTROLS,DRIVING SKILLS/KNOWLEDGE/EXPERIENCE,UNABLE TO DETERMINE,0,0,1,1,17,1,11,839,47TH ST,41.858368,-87.82763,11/04/2018 06:42:00 PM,2018
CR00023413,02/05/2018 11:32:00 AM,45,CLEAR,DAYLIGHT,PARKED MOTOR VEHICLE,NOT DIVIDED,TRAFFIC SIGNAL,IMPROPER OVERTAKING/PASSING,FAILING TO YIELD RIGHT-OF-WAY,0,0,0,0,11,2,2,416,63RD ST,41.746797,-87.587247,02/05/2018 11:36:00 AM,2018
CR00023414,06/26/2019 01:45:00 PM,30,CLEAR,DAYLIGHT,REAR END,FOUR WAY,NO CONTROLS,UNABLE TO DETERMINE,NOT APPLICABLE,0,0,0,0,13,4,6,1960,MILWAUKEE AVE,41.769459,-87.509736,06/26/2019 03:38:00 PM,2019
CR00023415,01/18/2023 09:55:00 AM,45,CLEAR,DAYLIGHT,TURNING,NOT DIVIDED,STOP SIGN/FLASHER,IMPROPER LANE USAGE,FAILING TO YIELD RIGHT-OF-WAY,0,0,1,1,9,4,1,1176,ELSTON AVE,41.901859,-87.782052,01/18/2023 10:03:00 AM,2023
CR00023416,06/27/2021 11:12:00 AM,35,CLEAR,DAYLIGHT,ANGLE,DIVIDED - W/MEDIAN BARRIER,TRAFFIC SIGNAL,FOLLOWING TOO CLOSELY,NOT APPLICABLE,0,0,0,0,11,1,6,1357,MILWAUKEE AVE,41.731885,-87.552829,06/27/2021 12:56:00 PM,2021
CR00023417,08/24/2017 02:05:00 PM,30,CLEAR,DAYLIGHT,TURNING,NOT DIVIDED,NO CONTROLS,DISTRACTION - FROM INSIDE VEHICLE,NOT APPLICABLE,0,0,3,3,14,5,8,2222,MILWAUKEE AVE,41.819478,-87.525184,08/24/2017 02:38:00 PM,2017
CR00023418,03/04/2023 02:39:00 PM,30,CLEAR,DAYLIGHT,TURNING,NOT DIVIDED,TRAFFIC SIGNAL,FAILING TO YIELD RIGHT-OF-WAY,FOLLOWING TOO CLOSELY,0,0,1,1,14,7,3,270,FULLERTON AVE,41.942047,-87.682032,03/04/2023 02:51:00 PM,2023
CR00023419,08/05/2022 04:08:00 PM,30,CLEAR,DAYLIGHT,REAR END,FOUR WAY,NO CONTROLS,DRIVING SKILLS/KNOWLEDGE/EXPERIENCE,WEATHER,0,0,0,0,16,6,8,941,OGDEN AVE,41.927178,-87.729213,08/05/2022 04:35:00 PM,2022
CR00023420,04/04/2019 04:56:00 PM,35,CLEAR,DAYLIGHT,PARKED MOTOR VEHICLE,DIVIDED - W/MEDIAN BARRIER,STOP SIGN/FLASHER,DRIVING SKILLS/KNOWLEDGE/EXPERIENCE,UNABLE TO DETERMINE,0,0,1,1,16,5,4,1014,FULLERTON AVE,41.74113,-87.66234,04/04/2019 06:22:00 PM,2019
CR00023421,10/13/2017 05:44:00 PM,45,RAIN,DARKNESS - LIGHTED ROAD,REAR END,FOUR WAY,NO CONTROLS,FOLLOWING TOO CLOSELY,IMPROPER OVERTAKING/PASSING,0,0,0,0,17,6,10,669,DAMEN AVE,41.706068,-87.644478,10/13/2017 07:00:00 PM,2017
CR00023422,03/28/2015 06:37:00 PM,25,CLEAR,DAYLIGHT,REAR TO FRONT,ONE-WAY,NO CONTROLS,FOLLOWING TOO CLOSELY,DISREGARDING TRAFFIC SIGNALS,0,0,0,0,18,7,3,364,MILWAUKEE AVE,41.94611,-87.848009,03/28/2015 06:53:00 PM,2015
CR00023423,03/30/2018 07:20:00 PM,30,CLEAR,DARKNESS - LIGHTED ROAD,TURNING,DIVIDED - W/MEDIAN (NOT RAISED),STOP SIGN/FLASHER,UNABLE TO DETERMINE,FAILING TO YIELD RIGHT-OF-WAY,0,0,0,0,19,6,3,1786,DAMEN AVE,41.720583,-87.706922,03/30/2018 08:07:00 PM,2018
CR00023424,12/19/2024 04:17:00 PM,25,SNOW,DAWN,REAR END,NOT DIVIDED,STOP SIGN/FLASHER,IMPROPER LANE USAGE,DISTRACTION - FROM INSIDE VEHICLE,0,0,0,0,16,5,12,1134,ARCHER AVE,41.816661,-87.72383,12/19/2024 05:57:00 PM,2024
CR00023425,04/09/2017 02:03:00 PM,30,CLEAR,DAYLIGHT,REAR END,DIVIDED - W/MEDIAN (NOT RAISED),NO CONTROLS,FOLLOWING TOO CLOSELY,UNABLE TO DETERMINE,0,1,2,3,14,1,4,601,OGDEN AVE,41.783032,-87.845117,04/09/2017 02:50:00 PM,2017
CR00023426,06/18/2015 08:42:00 AM,30,CLEAR,DARKNESS - LIGHTED ROAD,REAR END,DIVIDED - W/MEDIAN (NOT RAISED),UNKNOWN,IMPROPER OVERTAKING/PASSING,NOT APPLICABLE,0,0,0,0,8,5,6,1173,MICHIGAN AVE,41.768362,-87.822701,06/18/2015 09:31:00 AM,2015
CR00023427,12/30/2018 08:16:00 AM,35,CLEAR,DAYLIGHT,REAR TO FRONT,FOUR WAY,NO CONTROLS,DRIVING SKILLS/KNOWLEDGE/EXPERIENCE,NOT APPLICABLE,0,0,0,0,8,1,12,971,WESTERN AVE,41.868854,-87.690084,12/30/2018 08:35:00 AM,2018
CR00023428,10/29/2015 08:42:00 AM,45,CLEAR,DARKNESS - LIGHTED ROAD,REAR END,NOT DIVIDED,TRAFFIC SIGNAL,UNABLE TO DETERMINE,FAILING TO REDUCE SPEED,0,0,0,0,8,5,10,1906,LAKE SHORE DR,41.881964,-87.806973,10/29/2015 10:21:00 AM,2015
CR00023429,10/27/2022 05:46:00 AM,30,CLEAR,DAYLIGHT,TURNING,DIVIDED - W/MEDIAN (NOT RAISED),NO CONTROLS,DISREGARDING TRAFFIC SIGNALS,UNABLE TO DETERMINE,0,0,0,0,5,5,10,1908,BROADWAY,41.965551,-87.643925,10/27/2022 06:15:00 AM,2022
CR00023430,10/22/2016 12:58:00 AM,30,CLEAR,DAYLIGHT,SIDESWIPE SAME DIRECTION,ONE-WAY,TRAFFIC SIGNAL,FOLLOWING TOO CLOSELY,IMPROPER LANE USAGE,0,0,0,0,0,7,10,1016,CICERO AVE,41.914304,-87.539872,10/22/2016 01:38:00 AM,2016
CR00023431,12/13/2020 01:23:00 AM,40,SNOW,DAYLIGHT,ANGLE,NOT DIVIDED,NO CONTROLS,DRIVING SKILLS/KNOWLEDGE/EXPERIENCE,DISREGARDING TRAFFIC SIGNALS,0,0,0,0,1,1,12,2167,HALSTED ST,41.806306,-87.846742,12/13/2020 02:55:00 AM,2020
CR00023432,03/17/2019 07:33:00 PM,40,RAIN,DAYLIGHT,REAR END,FOUR WAY,STOP SIGN/FLASHER,UNABLE TO DETERMINE,NOT APPLICABLE,0,0,0,0,19,1,3,1490,STONY ISLAND AVE,41.918796,-87.654517,03/17/2019 08:23:00 PM,2019
CR00023433,08/10/2016 02:48:00 PM,30,CLEAR,DAYLIGHT,TURNING,NOT DIVIDED,STOP SIGN/FLASHER,IMPROPER OVERTAKING/PASSING,NOT APPLICABLE,0,1,3,4,14,4,8,2284,CICERO AVE,41.959009,-87.771855,08/10/2016 03:34:00 PM,2016
CR00023434,09/04/2024 10:09:00 PM,20,RAIN,DAYLIGHT,REAR END,NOT DIVIDED,NO CONTROLS,WEATHER,WEATHER,0,0,0,0,22,4,9,1428,ELSTON AVE,41.76134,-87.780934,09/04/2024 11:39:00 PM,2024
CR00023435,10/31/2017 06:44:00 PM,40,CLEAR,DAYLIGHT,REAR END,DIVIDED - W/MEDIAN (NOT RAISED),TRAFFIC SIGNAL,UNABLE TO DETERMINE,IMPROPER LANE USAGE,0,0,0,0,18,3,10,1372,STATE ST,41.954208,-87.5784,10/31/2017 07:39:00 PM,2017
CR00023436,12/15/2016 09:15:00 AM,25,FREEZING RAIN/DRIZZLE,DARKNESS - LIGHTED ROAD,ANGLE,ONE-WAY,UNKNOWN,FOLLOWING TOO CLOSELY,FOLLOWING TOO CLOSELY,0,0,1,1,9,5,12,2509,LAKE SHORE DR,41.751419,-87.708326,12/15/2016 09:45:00 AM,2016
CR00023437,07/19/2020 06:46:00 AM,35,CLEAR,DARKNESS - LIGHTED ROAD,PEDESTRIAN,NOT DIVIDED,STOP SIGN/FLASHER,DRIVING SKILLS/KNOWLEDGE/EXPERIENCE,UNABLE TO DETERMINE,0,0,0,0,6,1,7,1832,79TH ST,41.811525,-87.520854,07/19/2020 08:34:00 AM,2020
CR00023438,06/04/2018 07:25:00 PM,20,SNOW,DARKNESS - LIGHTED ROAD,PARKED MOTOR VEHICLE,NOT DIVIDED,YIELD,UNABLE TO DETERMINE,FAILING TO REDUCE SPEED,0,0,0,0,19,2,6,1859,STONY ISLAND AVE,41.929793,-87.626069,06/04/2018 08:03:00 PM,2018
CR00023439,12/11/2024 04:27:00 AM,20,CLEAR,DAYLIGHT,PEDESTRIAN,ONE-WAY,NO CONTROLS,FAILING TO YIELD RIGHT-OF-WAY,UNABLE TO DETERMINE,0,0,0,0,4,4,12,2360,OGDEN AVE,41.903614,-87.54644,12/11/2024 05:09:00 AM,2024
CR00023440,07/03/2024 05:15:00 PM,35,CLEAR,DAYLIGHT,REAR END,DIVIDED - W/MEDIAN BARRIER,NO CONTROLS,UNABLE TO DETERMINE,DISTRACTION - FROM INSIDE VEHICLE,0,0,0,0,17,4,7,2384,DAMEN AVE,41.700643,-87.573466,07/03/2024 07:09:00 PM,2024
CR00023441,05/09/2021 04:06:00 AM,35,SNOW,DAYLIGHT,REAR END,NOT DIVIDED,NO CONTROLS,IMPROPER OVERTAKING/PASSING,UNABLE TO DETERMINE,0,0,0,0,4,1,5,2512,MICHIGAN AVE,41.802386,-87.737777,05/09/2021 05:23:00 AM,2021
CR00023442,11/16/2023 11:42:00 AM,30,RAIN,DAYLIGHT,REAR END,NOT DIVIDED,TRAFFIC SIGNAL,FAILING TO YIELD RIGHT-OF-WAY,FAILING TO REDUCE SPEED,0,0,3,3,11,5,11,319,DIVISION ST,41.705442,-87.603158,11/16/2023 01:03:00 PM,2023
CR00023443,07/20/2024 06:29:00 PM,20,CLEAR,DARKNESS,ANGLE,DIVIDED - W/MEDIAN (NOT RAISED),NO CONTROLS,UNABLE TO DETERMINE,FOLLOWING TOO CLOSELY,0,0,1,1,18,7,7,177,63RD ST,41.772091,-87.820148,07/20/2024 08:06:00 PM,2024
CR00023444,02/28/2024 11:32:00 AM,30,CLEAR,DARKNESS - LIGHTED ROAD,FIXED OBJECT,FOUR WAY,STOP SIGN/FLASHER,DISTRACTION - FROM INSIDE VEHICLE,NOT APPLICABLE,0,0,0,0,11,4,2,683,WESTERN AVE,41.984634,-87.67776,02/28/2024 11:45:00 AM,2024
CR00023445,10/16/2018 12:33:00 PM,15,CLEAR,DARKNESS - LIGHTED ROAD,ANGLE,DIVIDED - W/MEDIAN (NOT RAISED),NO CONTROLS,FAILING TO REDUCE SPEED,NOT APPLICABLE,0,0,0,0,12,3,10,843,ELSTON AVE,41.902556,-87.676166,10/16/2018 01:37:00 PM,2018
CR00023446,08/21/2016 07:47:00 PM,30,CLEAR,DARKNESS - LIGHTED ROAD,SIDESWIPE SAME DIRECTION,NOT DIVIDED,NO CONTROLS,DRIVING SKILLS/KNOWLEDGE/EXPERIENCE,FOLLOWING TOO CLOSELY,0,0,0,0,19,1,8,1724,PULASKI RD,41.793663,-87.728274,08/21/2016 08:01:00 PM,2016
CR00023447,07/09/2024 07:18:00 AM,20,CLEAR,DAYLIGHT,REAR TO FRONT,ONE-WAY,NO CONTROLS,FAILING TO REDUCE SPEED,FOLLOWING TOO CLOSELY,0,0,0,0,7,3,7,664,DIVISION ST,41.764531,-87.581419,07/09/2024 07:55:00 AM,2024
CR00023448,03/14/2019 08:23:00 PM,30,CLEAR,DAYLIGHT,REAR TO FRONT,DIVIDED - W/MEDIAN (NOT RAISED),NO CONTROLS,UNABLE TO DETERMINE,IMPROPER OVERTAKING/PASSING,0,0,0,0,20,5,3,1315,MICHIGAN AVE,41.783351,-87.715469,03/14/2019 09:57:00 PM,2019
CR00023449,05/11/2023 03:45:00 PM,30,CLEAR,DAYLIGHT,SIDESWIPE SAME DIRECTION,NOT DIVIDED,TRAFFIC SIGNAL,WEATHER,IMPROPER LANE USAGE,0,0,0,0,15,5,5,1177,STONY ISLAND AVE,41.778034,-87.763768,05/11/2023 05:21:00 PM,2023
CR00023450,11/11/2016 07:49:00 PM,30,CLEAR,DAYLIGHT,ANGLE,ONE-WAY,TRAFFIC SIGNAL,FOLLOWING TOO CLOSELY,UNABLE TO DETERMINE,0,0,2,2,19,6,11,2400,IRVING PARK RD,41.993,-87.845265,11/11/2016 09:20:00 PM,2016
CR00023451,02/06/2023 04:33:00 PM,30,CLEAR,DAYLIGHT,TURNING,ONE-WAY,TRAFFIC SIGNAL,FOLLOWING TOO CLOSELY,UNABLE TO DETERMINE,0,0,0,0,16,2,2,1889,63RD ST,41.73634,-87.754842,02/06/2023 04:54:00 PM,2023
CR00023452,09/24/2018 04:22:00 PM,35,CLEAR,DARKNESS - LIGHTED ROAD,PEDESTRIAN,FOUR WAY,NO CONTROLS,FOLLOWING TOO CLOSELY,DISREGARDING TRAFFIC SIGNALS,0,0,0,0,16,2,9,585,DAMEN AVE,41.938643,-87.560294,09/24/2018 06:04:00 PM,2018
CR00023453,05/16/2023 10:31:00 AM,30,CLEAR,DAYLIGHT,SIDESWIPE SAME DIRECTION,DIVIDED - W/MEDIAN BARRIER,TRAFFIC SIGNAL,UNABLE TO DETERMINE,NOT APPLICABLE,0,0,0,0,10,3,5,1403,LAKE SHORE DR,41.984752,-87.587238,05/16/2023 10:46:00 AM,2023
CR00023454,06/02/2020 09:11:00 PM,20,CLEAR,DARKNESS,TURNING,DIVIDED - W/MEDIAN (NOT RAISED),TRAFFIC SIGNAL,FAILING TO YIELD RIGHT-OF-WAY,NOT APPLICABLE,0,0,0,0,21,3,6,1518,CICERO AVE,41.850219,-87.668679,06/02/2020 09:16:00 PM,2020