CRASH_RECORD_ID,CRASH_DATE,POSTED_SPEED_LIMIT,WEATHER_CONDITION,LIGHTING_CONDITION,FIRST_CRASH_TYPE,TRAFFICWAY_TYPE,TRAFFIC_CONTROL_DEVICE,PRIM_CONTRIBUTORY_CAUSE,SEC_CONTRIBUTORY_CAUSE,INJURIES_FATAL,INJURIES_INCAPACITATING,INJURIES_NON_INCAPACITATING,INJURIES_TOTAL,CRASH_HOUR,CRASH_DAY_OF_WEEK,CRASH_MONTH,BEAT_OF_OCCURRENCE,STREET_NAME,LATITUDE,LONGITUDE,DATE_POLICE_NOTIFIED,year
CR00023455,07/16/2024 11:04:00 PM,35,FREEZING RAIN/DRIZZLE,DARKNESS,REAR END,NOT DIVIDED,NO CONTROLS,DISREGARDING TRAFFIC SIGNALS,FAILING TO REDUCE SPEED,0,0,0,0,23,3,7,2266,63RD ST,41.75846,-87.818054,07/16/2024 11:34:00 PM,2024
CR00023456,12/06/2022 01:36:00 PM,30,CLEAR,DAYLIGHT,FIXED OBJECT,NOT DIVIDED,NO CONTROLS,DISTRACTION - FROM INSIDE VEHICLE,FOLLOWING TOO CLOSELY,0,0,0,0,13,3,12,2228,STATE ST,41.744711,-87.600352,12/06/2022 02:47:00 PM,2022
CR00023457,09/15/2017 07:29:00 AM,15,FREEZING RAIN/DRIZZLE,DUSK,TURNING,NOT DIVIDED,TRAFFIC SIGNAL,IMPROPER OVERTAKING/PASSING,FAILING TO YIELD RIGHT-OF-WAY,0,0,0,0,7,6,9,2343,CALIFORNIA AVE,41.899159,-87.505286,09/15/2017 08:12:00 AM,2017
CR00023458,02/28/2018 05:46:00 PM,30,CLEAR,DARKNESS - LIGHTED ROAD,REAR END,DIVIDED - W/MEDIAN (NOT RAISED),NO CONTROLS,FAILING TO REDUCE SPEED,NOT APPLICABLE,0,0,0,0,17,4,2,2103,DIVISION ST,41.713376,-87.624061,02/28/2018 07:02:00 PM,2018
CR00023459,05/31/2021 03:24:00 PM,30,CLEAR,DARKNESS,PARKED MOTOR VEHICLE,DIVIDED - W/MEDIAN (NOT RAISED),STOP SIGN/FLASHER,UNABLE TO DETERMINE,IMPROPER OVERTAKING/PASSING,0,0,0,0,15,2,5,1249,BROADWAY,41.877324,-87.551377,05/31/2021 03:41:00 PM,2021
CR00023460,06/23/2015 03:59:00 AM,40,FOG/SMOKE/HAZE,DAYLIGHT,ANGLE,NOT DIVIDED,TRAFFIC SIGNAL,UNABLE TO DETERMINE,UNABLE TO DETERMINE,0,0,0,0,3,3,6,2474,CLARK ST,41.781731,-87.566738,06/23/2015 04:30:00 AM,2015
CR00023461,03/31/2015 07:46:00 PM,35,CLEAR,DAYLIGHT,SIDESWIPE SAME DIRECTION,FOUR WAY,NO CONTROLS,DRIVING SKILLS/KNOWLEDGE/EXPERIENCE,IMPROPER LANE USAGE,0,0,0,0,19,3,3,1734,DIVISION ST,41.990136,-87.656174,03/31/2015 07:50:00 PM,2015
CR00023462,07/01/2017 08:26:00 PM,15,RAIN,DAYLIGHT,SIDESWIPE SAME DIRECTION,ONE-WAY,NO CONTROLS,WEATHER,FAILING TO YIELD RIGHT-OF-WAY,0,0,0,0,20,7,7,1696,IRVING PARK RD,41.753366,-87.729765,07/01/2017 10:07:00 PM,2017
CR00023463,06/15/2020 05:25:00 PM,30,CLOUDY/OVERCAST,DAYLIGHT,REAR END,FOUR WAY,NO CONTROLS,FAILING TO REDUCE SPEED,NOT APPLICABLE,0,0,0,0,17,2,6,602,BROADWAY,41.952991,-87.812745,06/15/2020 06:49:00 PM,2020
CR00023464,01/02/2024 07:44:00 AM,35,CLEAR,DAYLIGHT,ANGLE,DIVIDED - W/MEDIAN (NOT RAISED),STOP SIGN/FLASHER,UNABLE TO DETERMINE,IMPROPER OVERTAKING/PASSING,0,0,0,0,7,3,1,1426,OGDEN AVE,41.953153,-87.753736,01/02/2024 09:18:00 AM,2024
CR00023465,06/25/2020 03:12:00 PM,40,CLEAR,DAWN,SIDESWIPE SAME DIRECTION,DIVIDED - W/MEDIAN (NOT RAISED),NO CONTROLS,DRIVING SKILLS/KNOWLEDGE/EXPERIENCE,UNABLE TO DETERMINE,0,0,0,0,15,5,6,1395,MICHIGAN AVE,41.709614,-87.538807,06/25/2020 04:22:00 PM,2020
CR00023466,11/07/2016 10:59:00 PM,25,CLEAR,DAYLIGHT,PARKED MOTOR VEHICLE,NOT DIVIDED,NO CONTROLS,DISREGARDING TRAFFIC SIGNALS,UNABLE TO DETERMINE,0,0,2,2,22,2,11,1950,ARCHER AVE,41.856935,-87.61104,11/08/2016 12:02:00 AM,2016
CR00023467,05/01/2019 05:12:00 PM,25,CLEAR,DAYLIGHT,SIDESWIPE SAME DIRECTION,NOT DIVIDED,TRAFFIC SIGNAL,IMPROPER LANE USAGE,IMPROPER OVERTAKING/PASSING,0,0,1,1,17,4,5,1116,STONY ISLAND AVE,41.972408,-87.655196,05/01/2019 07:10:00 PM,2019
CR00023468,01/28/2015 04:36:00 AM,20,CLEAR,DUSK,SIDESWIPE SAME DIRECTION,NOT DIVIDED,NO CONTROLS,FOLLOWING TOO CLOSELY,FOLLOWING TOO CLOSELY,0,0,0,0,4,4,1,2310,ROOSEVELT RD,41.998439,-87.752863,01/28/2015 05:14:00 AM,2015
CR00023469,12/25/2021 04:32:00 AM,35,RAIN,DAYLIGHT,REAR END,DIVIDED - W/MEDIAN (NOT RAISED),NO CONTROLS,UNABLE TO DETERMINE,FAILING TO REDUCE SPEED,0,0,0,0,4,7,12,196,ASHLAND AVE,41.993444,-87.74362,12/25/2021 05:21:00 AM,2021
CR00023470,07/19/2023 06:59:00 PM,20,CLEAR,DAYLIGHT,TURNING,DIVIDED - W/MEDIAN (NOT RAISED),STOP SIGN/FLASHER,UNABLE TO DETERMINE,DISREGARDING TRAFFIC SIGNALS,0,0,0,0,18,4,7,1727,MICHIGAN AVE,41.917873,-87.549477,07/19/2023 08:25:00 PM,2023
CR00023471,01/11/2017 04:17:00 AM,40,CLEAR,DARKNESS - LIGHTED ROAD,REAR TO FRONT,NOT DIVIDED,UNKNOWN,FAILING TO YIELD RIGHT-OF-WAY,WEATHER,0,0,0,0,4,4,1,1893,OGDEN AVE,41.992548,-87.57463,01/11/2017 05:22:00 AM,2017
CR00023472,10/16/2024 12:01:00 PM,30,CLEAR,DARKNESS - LIGHTED ROAD,REAR END,FOUR WAY,NO CONTROLS,FOLLOWING TOO CLOSELY,IMPROPER OVERTAKING/PASSING,0,0,1,1,12,4,10,713,IRVING PARK RD,41.731639,-87.526339,10/16/2024 12:14:00 PM,2024
CR00023473,07/07/2016 07:49:00 PM,30,SNOW,DARKNESS - LIGHTED ROAD,ANGLE,FOUR WAY,NO CONTROLS,FAILING TO YIELD RIGHT-OF-WAY,FAILING TO REDUCE SPEED,0,0,0,0,19,5,7,615,LAKE SHORE DR,41.796889,-87.557294,07/07/2016 08:26:00 PM,2016
CR00023474,02/22/2024 03:44:00 AM,30,CLEAR,DAYLIGHT,FIXED OBJECT,DIVIDED - W/MEDIAN (NOT RAISED),NO CONTROLS,DISTRACTION - FROM INSIDE VEHICLE,FOLLOWING TOO CLOSELY,0,0,3,3,3,5,2,2392,63RD ST,41.969613,-87.837117,02/22/2024 04:29:00 AM,2024
CR00023475,09/23/2015 11:12:00 AM,40,CLEAR,DAYLIGHT,ANGLE,FOUR WAY,PEDESTRIAN CROSSING SIGN,IMPROPER LANE USAGE,FAILING TO YIELD RIGHT-OF-WAY,0,0,0,0,11,4,9,1546,ARCHER AVE,41.939922,-87.690094,09/23/2015 12:05:00 PM,2015
CR00023476,08/14/2022 09:17:00 AM,40,CLEAR,DUSK,TURNING,NOT DIVIDED,NO CONTROLS,DISREGARDING TRAFFIC SIGNALS,UNABLE TO DETERMINE,0,0,0,0,9,1,8,514,KEDZIE AVE,41.807384,-87.63409,08/14/2022 09:37:00 AM,2022
CR00023477,08/26/2024 08:39:00 AM,45,RAIN,DAYLIGHT,SIDESWIPE SAME DIRECTION,FOUR WAY,NO CONTROLS,FAILING TO YIELD RIGHT-OF-WAY,NOT APPLICABLE,0,0,0,0,8,2,8,1072,CICERO AVE,41.97404,-87.67334,08/26/2024 09:36:00 AM,2024
CR00023478,01/17/2021 10:49:00 PM,45,CLEAR,DAYLIGHT,PARKED MOTOR VEHICLE,NOT DIVIDED,NO CONTROLS,FAILING TO YIELD RIGHT-OF-WAY,IMPROPER OVERTAKING/PASSING,0,0,0,0,22,1,1,781,DAMEN AVE,41.989122,-87.571141,01/17/2021 11:07:00 PM,2021
CR00023479,10/02/2022 07:27:00 AM,30,CLEAR,DARKNESS - LIGHTED ROAD,TURNING,FOUR WAY,NO CONTROLS,FOLLOWING TOO CLOSELY,FAILING TO YIELD RIGHT-OF-WAY,0,0,1,1,7,1,10,1691,CLARK ST,41.7078,-87.758801,10/02/2022 09:03:00 AM,2022
CR00023480,05/17/2021 06:41:00 PM,30,CLOUDY/OVERCAST,DAYLIGHT,SIDESWIPE SAME DIRECTION,ONE-WAY,NO CONTROLS,FOLLOWING TOO CLOSELY,NOT APPLICABLE,0,2,3,5,18,2,5,2343,ARCHER AVE,41.796664,-87.52843,05/17/2021 07:58:00 PM,2021
CR00023481,03/05/2021 05:59:00 PM,45,CLEAR,DAYLIGHT,REAR TO FRONT,ONE-WAY,YIELD,DRIVING SKILLS/KNOWLEDGE/EXPERIENCE,NOT APPLICABLE,0,0,0,0,17,6,3,772,CALIFORNIA AVE,41.878418,-87.846609,03/05/2021 06:06:00 PM,2021
CR00023482,01/03/2019 07:10:00 AM,35,CLOUDY/OVERCAST,DAYLIGHT,PARKED MOTOR VEHICLE,ONE-WAY,TRAFFIC SIGNAL,FAILING TO YIELD RIGHT-OF-WAY,UNABLE TO DETERMINE,0,0,3,3,7,5,1,618,ELSTON AVE,41.961995,-87.551869,01/03/2019 08:27:00 AM,2019
CR00023483,01/23/2015 12:01:00 PM,15,CLOUDY/OVERCAST,DUSK,TURNING,NOT DIVIDED,PEDESTRIAN CROSSING SIGN,DISTRACTION - FROM INSIDE VEHICLE,FAILING TO YIELD RIGHT-OF-WAY,0,0,0,0,12,6,1,1251,DAMEN AVE,41.710169,-87.844087,01/23/2015 12:44:00 PM,2015
CR00023484,11/07/2022 10:18:00 PM,30,CLEAR,DARKNESS,SIDESWIPE SAME DIRECTION,DIVIDED - W/MEDIAN BARRIER,STOP SIGN/FLASHER,DISREGARDING TRAFFIC SIGNALS,FAILING TO YIELD RIGHT-OF-WAY,0,0,0,0,22,2,11,1533,79TH ST,41.898658,-87.82886,11/07/2022 10:51:00 PM,2022
CR00023485,09/01/2016 06:39:00 PM,25,CLEAR,DAYLIGHT,TURNING,DIVIDED - W/MEDIAN BARRIER,STOP SIGN/FLASHER,IMPROPER LANE USAGE,UNABLE TO DETERMINE,0,0,3,3,18,5,9,1325,PULASKI RD,41.880472,-87.705945,09/01/2016 08:22:00 PM,2016
CR00023486,12/26/2022 07:57:00 PM,15,CLEAR,DAYLIGHT,REAR END,NOT DIVIDED,NO CONTROLS,IMPROPER LANE USAGE,NOT APPLICABLE,0,0,0,0,19,2,12,2334,ASHLAND AVE,41.849227,-87.634639,12/26/2022 08:53:00 PM,2022
CR00023487,05/22/2016 12:55:00 PM,20,RAIN,DAYLIGHT,SIDESWIPE SAME DIRECTION,ONE-WAY,NO CONTROLS,DISTRACTION - FROM INSIDE VEHICLE,FOLLOWING TOO CLOSELY,0,0,0,0,12,1,5,641,ASHLAND AVE,41.718016,-87.734021,05/22/2016 02:37:00 PM,2016
CR00023488,03/01/2023 08:45:00 PM,15,CLEAR,DAYLIGHT,SIDESWIPE SAME DIRECTION,NOT DIVIDED,TRAFFIC SIGNAL,FAILING TO YIELD RIGHT-OF-WAY,UNABLE TO DETERMINE,0,0,1,1,20,4,3,736,CALIFORNIA AVE,41.945078,-87.832124,03/01/2023 10:15:00 PM,2023
CR00023489,02/23/2016 01:04:00 PM,30,CLEAR,DARKNESS - LIGHTED ROAD,SIDESWIPE SAME DIRECTION,NOT DIVIDED,NO CONTROLS,IMPROPER OVERTAKING/PASSING,FAILING TO REDUCE SPEED,0,0,0,0,13,3,2,1600,HALSTED ST,41.751745,-87.823583,02/23/2016 02:44:00 PM,2016
CR00023490,05/17/2023 04:23:00 PM,30,CLEAR,DUSK,REAR END,DIVIDED - W/MEDIAN (NOT RAISED),STOP SIGN/FLASHER,UNABLE TO DETERMINE,IMPROPER OVERTAKING/PASSING,0,0,0,0,16,4,5,996,DAMEN AVE,41.825259,-87.522182,05/17/2023 05:34:00 PM,2023
CR00023491,12/29/2021 02:44:00 PM,35,CLEAR,DAYLIGHT,PEDESTRIAN,FOUR WAY,NO CONTROLS,DISREGARDING TRAFFIC SIGNALS,NOT APPLICABLE,0,0,0,0,14,4,12,819,STONY ISLAND AVE,41.895523,-87.840559,12/29/2021 04:36:00 PM,2021
CR00023492,11/12/2018 03:37:00 PM,30,CLEAR,DAYLIGHT,REAR END,ONE-WAY,NO CONTROLS,IMPROPER OVERTAKING/PASSING,DISREGARDING TRAFFIC SIGNALS,0,0,2,2,15,2,11,159,ARCHER AVE,41.794042,-87.779988,11/12/2018 05:01:00 PM,2018
CR00023493,12/20/2016 06:51:00 PM,30,CLEAR,DAYLIGHT,PARKED MOTOR VEHICLE,ONE-WAY,UNKNOWN,FAILING TO YIELD RIGHT-OF-WAY,DISREGARDING TRAFFIC SIGNALS,0,0,2,2,18,3,12,1148,79TH ST,41.741611,-87.597381,12/20/2016 07:50:00 PM,2016
CR00023494,03/14/2021 06:55:00 PM,30,CLEAR,DAYLIGHT,TURNING,NOT DIVIDED,TRAFFIC SIGNAL,UNABLE TO DETERMINE,UNABLE TO DETERMINE,0,0,0,0,18,1,3,1816,47TH ST,41.927454,-87.718434,03/14/2021 08:08:00 PM,2021
CR00023495,09/05/2023 07:17:00 PM,40,CLEAR,DAYLIGHT,REAR END,NOT DIVIDED,UNKNOWN,FOLLOWING TOO CLOSELY,UNABLE TO DETERMINE,0,0,0,0,19,3,9,1288,79TH ST,41.974674,-87.648112,09/05/2023 08:50:00 PM,2023
CR00023496,02/11/2017 12:43:00 AM,45,CLOUDY/OVERCAST,DARKNESS - LIGHTED ROAD,REAR END,ONE-WAY,NO CONTROLS,DISTRACTION - FROM INSIDE VEHICLE,FOLLOWING TOO CLOSELY,0,0,0,0,0,7,2,2072,HALSTED ST,41.825799,-87.745632,02/11/2017 02:06:00 AM,2017
CR00023497,03/08/2021 09:29:00 AM,35,CLEAR,DUSK,ANGLE,DIVIDED - W/MEDIAN (NOT RAISED),NO CONTROLS,UNABLE TO DETERMINE,FAILING TO YIELD RIGHT-OF-WAY,0,0,0,0,9,2,3,2296,PULASKI RD,41.746527,-87.806381,03/08/2021 10:22:00 AM,2021
CR00023498,04/11/2020 12:44:00 PM,20,CLEAR,DAYLIGHT,SIDESWIPE SAME DIRECTION,DIVIDED - W/MEDIAN BARRIER,TRAFFIC SIGNAL,DISREGARDING TRAFFIC SIGNALS,IMPROPER LANE USAGE,0,0,0,0,12,7,4,1781,LAKE SHORE DR,41.799281,-87.768946,04/11/2020 01:46:00 PM,2020
CR00023499,08/24/2017 07:26:00 PM,30,CLEAR,DARKNESS - LIGHTED ROAD,TURNING,NOT DIVIDED,NO CONTROLS,DISREGARDING TRAFFIC SIGNALS,UNABLE TO DETERMINE,0,1,3,4,19,5,8,350,LAKE SHORE DR,41.837364,-87.801475,08/24/2017 09:20:00 PM,2017
CR00023500,12/18/2020 06:54:00 AM,35,SNOW,DARKNESS,TURNING,NOT DIVIDED,NO CONTROLS,FAILING TO REDUCE SPEED,UNABLE TO DETERMINE,0,2,2,4,6,6,12,2373,STATE ST,41.710723,-87.833803,12/18/2020 06:58:00 AM,2020
CR00023501,09/19/2017 03:16:00 AM,35,CLEAR,DARKNESS - LIGHTED ROAD,PARKED MOTOR VEHICLE,DIVIDED - W/MEDIAN (NOT RAISED),STOP SIGN/FLASHER,IMPROPER LANE USAGE,IMPROPER LANE USAGE,0,0,0,0,3,3,9,473,ARCHER AVE,41.954864,-87.710663,09/19/2017 03:19:00 AM,2017
CR00023502,01/26/2016 07:50:00 AM,30,CLEAR,DARKNESS,ANGLE,FOUR WAY,NO CONTROLS,DRIVING SKILLS/KNOWLEDGE/EXPERIENCE,FOLLOWING TOO CLOSELY,0,0,0,0,7,3,1,2062,IRVING PARK RD,41.793228,-87.606796,01/26/2016 09:16:00 AM,2016
CR00023503,05/02/2020 03:47:00 PM,45,FREEZING RAIN/DRIZZLE,DAYLIGHT,ANGLE,T-INTERSECTION,STOP SIGN/FLASHER,UNABLE TO DETERMINE,NOT APPLICABLE,0,0,3,3,15,7,5,2151,IRVING PARK RD,41.761161,-87.656924,05/02/2020 05:38:00 PM,2020
CR00023504,10/04/2020 08:37:00 AM,15,CLEAR,DARKNESS - LIGHTED ROAD,ANGLE,NOT DIVIDED,UNKNOWN,DRIVING SKILLS/KNOWLEDGE/EXPERIENCE,FAILING TO YIELD RIGHT-OF-WAY,0,0,1,1,8,1,10,796,CLARK ST,41.759567,-87.669264,10/04/2020 10:28:00 AM,2020
CR00023505,05/18/2017 04:44:00 PM,30,RAIN,DAYLIGHT,ANGLE,ONE-WAY,TRAFFIC SIGNAL,DISTRACTION - FROM INSIDE VEHICLE,FOLLOWING TOO CLOSELY,0,0,2,2,16,5,5,1446,BROADWAY,41.851074,-87.768124,05/18/2017 05:39:00 PM,2017
CR00023506,09/28/2019 02:14:00 PM,30,CLEAR,DARKNESS - LIGHTED ROAD,ANGLE,T-INTERSECTION,NO CONTROLS,DISREGARDING TRAFFIC SIGNALS,DRIVING SKILLS/KNOWLEDGE/EXPERIENCE,0,0,0,0,14,7,9,380,OGDEN AVE,41.943581,-87.625799,09/28/2019 04:00:00 PM,2019
CR00023507,09/28/2015 11:05:00 AM,15,CLEAR,DAYLIGHT,PARKED MOTOR VEHICLE,T-INTERSECTION,TRAFFIC SIGNAL,UNABLE TO DETERMINE,DISTRACTION - FROM INSIDE VEHICLE,0,0,0,0,11,2,9,106,ARCHER AVE,41.820514,-87.633571,09/28/2015 12:53:00 PM,2015
CR00023508,04/14/2021 12:53:00 PM,35,RAIN,DAYLIGHT,ANGLE,FOUR WAY,STOP SIGN/FLASHER,DISTRACTION - FROM INSIDE VEHICLE,NOT APPLICABLE,0,0,0,0,12,4,4,2141,STATE ST,41.732171,-87.697142,04/14/2021 01:18:00 PM,2021
CR00023509,01/24/2018 11:03:00 PM,35,CLEAR,DARKNESS,REAR END,ONE-WAY,STOP SIGN/FLASHER,UNABLE TO DETERMINE,FOLLOWING TOO CLOSELY,0,0,0,0,23,4,1,958,MILWAUKEE AVE,41.798659,-87.723927,01/25/2018 12:13:00 AM,2018
CR00023510,09/29/2015 02:35:00 PM,30,CLEAR,DARKNESS - LIGHTED ROAD,TURNING,DIVIDED - W/MEDIAN (NOT RAISED),NO CONTROLS,UNABLE TO DETERMINE,IMPROPER LANE USAGE,0,0,0,0,14,3,9,204,PULASKI RD,41.784134,-87.731428,09/29/2015 02:45:00 PM,2015
CR00023511,12/11/2024 06:49:00 PM,25,CLEAR,DAYLIGHT,SIDESWIPE SAME DIRECTION,ONE-WAY,STOP SIGN/FLASHER,UNABLE TO DETERMINE,WEATHER,0,0,0,0,18,4,12,1070,MICHIGAN AVE,41.966078,-87.709146,12/11/2024 07:35:00 PM,2024
CR00023512,11/02/2024 02:05:00 PM,30,CLEAR,DARKNESS,REAR TO FRONT,DIVIDED - W/MEDIAN (NOT RAISED),TRAFFIC SIGNAL,FAILING TO YIELD RIGHT-OF-WAY,FAILING TO YIELD RIGHT-OF-WAY,0,0,1,1,14,7,11,1695,LAKE SHORE DR,41.782168,-87.763958,11/02/2024 02:21:00 PM,2024
CR00023513,06/10/2016 06:41:00 PM,30,CLEAR,DAYLIGHT,PEDESTRIAN,NOT DIVIDED,TRAFFIC SIGNAL,UNABLE TO DETERMINE,UNABLE TO DETERMINE,0,0,0,0,18,6,6,743,DIVISION ST,41.888159,-87.662471,06/10/2016 07:26:00 PM,2016
CR00023514,07/13/2016 01:27:00 PM,25,CLEAR,DAYLIGHT,REAR END,NOT DIVIDED,STOP SIGN/FLASHER,IMPROPER LANE USAGE,DRIVING SKILLS/KNOWLEDGE/EXPERIENCE,0,0,0,0,13,4,7,1773,STATE ST,41.834561,-87.802224,07/13/2016 03:00:00 PM,2016
CR00023515,01/13/2023 06:58:00 PM,45,CLEAR,DAYLIGHT,TURNING,ONE-WAY,NO CONTROLS,FAILING TO YIELD RIGHT-OF-WAY,IMPROPER LANE USAGE,0,0,0,0,18,6,1,1435,IRVING PARK RD,41.89696,-87.523847,01/13/2023 08:24:00 PM,2023
CR00023516,05/07/2020 11:20:00 PM,30,CLEAR,DAYLIGHT,TURNING,NOT DIVIDED,STOP SIGN/FLASHER,DRIVING SKILLS/KNOWLEDGE/EXPERIENCE,FAILING TO YIELD RIGHT-OF-WAY,0,0,0,0,23,5,5,637,MILWAUKEE AVE,41.98751,-87.77601,05/08/2020 01:00:00 AM,2020
CR00023517,04/14/2021 01:52:00 PM,15,CLEAR,DARKNESS,PEDESTRIAN,DIVIDED - W/MEDIAN (NOT RAISED),STOP SIGN/FLASHER,FAILING TO REDUCE SPEED,FAILING TO YIELD RIGHT-OF-WAY,0,0,0,0,13,4,4,2084,IRVING PARK RD,41.887123,-87.530663,04/14/2021 02:16:00 PM,2021
CR00023518,07/03/2016 06:36:00 AM,30,CLOUDY/OVERCAST,DARKNESS - LIGHTED ROAD,REAR END,NOT DIVIDED,TRAFFIC SIGNAL,UNABLE TO DETERMINE,IMPROPER OVERTAKING/PASSING,0,0,0,0,6,1,7,263,ELSTON AVE,41.929326,-87.642528,07/03/2016 07:33:00 AM,2016
CR00023519,09/28/2016 10:07:00 AM,30,RAIN,DARKNESS - LIGHTED ROAD,ANGLE,FOUR WAY,NO CONTROLS,FAILING TO YIELD RIGHT-OF-WAY,NOT APPLICABLE,0,0,0,0,10,4,9,1565,CICERO AVE,41.935132,-87.849604,09/28/2016 10:32:00 AM,2016
CR00023520,10/17/2017 07:53:00 AM,40,CLOUDY/OVERCAST,DAYLIGHT,ANGLE,DIVIDED - W/MEDIAN BARRIER,STOP SIGN/FLASHER,UNABLE TO DETERMINE,DRIVING SKILLS/KNOWLEDGE/EXPERIENCE,0,0,1,1,7,3,10,2502,ASHLAND AVE,41.932617,-87.521363,10/17/2017 09:07:00 AM,2017
CR00023521,11/26/2024 04:16:00 PM,35,CLEAR,DARKNESS,REAR END,DIVIDED - W/MEDIAN (NOT RAISED),NO CONTROLS,IMPROPER LANE USAGE,UNABLE TO DETERMINE,0,0,2,2,16,3,11,1715,STATE ST,41.922934,-87.585927,11/26/2024 05:38:00 PM,2024
CR00023522,02/16/2024 07:02:00 PM,30,CLEAR,DAYLIGHT,PEDESTRIAN,FOUR WAY,NO CONTROLS,DRIVING SKILLS/KNOWLEDGE/EXPERIENCE,UNABLE TO DETERMINE,0,0,0,0,19,6,2,1370,LAKE SHORE DR,41.95616,-87.747639,02/16/2024 08:56:00 PM,2024
CR00023523,09/21/2024 07:00:00 PM,20,CLEAR,DARKNESS - LIGHTED ROAD,REAR END,ONE-WAY,TRAFFIC SIGNAL,FOLLOWING TOO CLOSELY,UNABLE TO DETERMINE,0,0,0,0,19,7,9,2174,KEDZIE AVE,41.823766,-87.753028,09/21/2024 08:27:00 PM,2024
CR00023524,02/19/2023 11:04:00 PM,35,CLEAR,DARKNESS,REAR TO FRONT,DIVIDED - W/MEDIAN (NOT RAISED),STOP SIGN/FLASHER,WEATHER,NOT APPLICABLE,0,0,1,1,23,1,2,1553,MICHIGAN AVE,41.745493,-87.57212,02/19/2023 11:19:00 PM,2023
CR00023525,07/16/2017 03:55:00 AM,30,RAIN,DAYLIGHT,TURNING,ONE-WAY,NO CONTROLS,DISTRACTION - FROM INSIDE VEHICLE,FAILING TO YIELD RIGHT-OF-WAY,0,0,0,0,3,1,7,2378,DAMEN AVE,41.755323,-87.659916,07/16/2017 05:04:00 AM,2017
CR00023526,07/22/2021 04:22:00 PM,45,CLEAR,DARKNESS - LIGHTED ROAD,ANGLE,NOT DIVIDED,NO CONTROLS,IMPROPER OVERTAKING/PASSING,FAILING TO YIELD RIGHT-OF-WAY,0,0,0,0,16,5,7,2200,ARCHER AVE,41.909843,-87.589625,07/22/2021 04:35:00 PM,2021
CR00023527,10/12/2018 03:14:00 PM,25,CLEAR,DAYLIGHT,PEDESTRIAN,NOT DIVIDED,TRAFFIC SIGNAL,UNABLE TO DETERMINE,FAILING TO YIELD RIGHT-OF-WAY,0,0,0,0,15,6,10,1343,STONY ISLAND AVE,41.868325,-87.822009,10/12/2018 04:25:00 PM,2018
CR00023528,04/28/2018 11:32:00 AM,15,CLEAR,DARKNESS - LIGHTED ROAD,REAR END,ONE-WAY,NO CONTROLS,IMPROPER OVERTAKING/PASSING,UNABLE TO DETERMINE,0,0,0,0,11,7,4,505,STONY ISLAND AVE,41.948299,-87.708381,04/28/2018 11:48:00 AM,2018
CR00023529,05/27/2016 08:56:00 AM,40,SNOW,DAYLIGHT,FIXED OBJECT,NOT DIVIDED,UNKNOWN,DISTRACTION - FROM INSIDE VEHICLE,UNABLE TO DETERMINE,0,0,1,1,8,6,5,875,OGDEN AVE,41.876053,-87.778041,05/27/2016 10:20:00 AM,2016
CR00023530,10/14/2017 04:53:00 AM,25,RAIN,DAYLIGHT,PARKED MOTOR VEHICLE,DIVIDED - W/MEDIAN (NOT RAISED),NO CONTROLS,DRIVING SKILLS/KNOWLEDGE/EXPERIENCE,UNABLE TO DETERMINE,0,0,0,0,4,7,10,1842,MILWAUKEE AVE,41.949533,-87.61944,10/14/2017 06:04:00 AM,2017
CR00023531,07/07/2018 08:35:00 AM,25,CLEAR,DARKNESS,REAR END,DIVIDED - W/MEDIAN BARRIER,STOP SIGN/FLASHER,DRIVING SKILLS/KNOWLEDGE/EXPERIENCE,NOT APPLICABLE,0,0,0,0,8,7,7,1554,MICHIGAN AVE,41.802433,-87.692216,07/07/2018 09:43:00 AM,2018
CR00023532,04/15/2016 03:28:00 PM,40,CLEAR,DAYLIGHT,PARKED MOTOR VEHICLE,FOUR WAY,STOP SIGN/FLASHER,UNABLE TO DETERMINE,DRIVING SKILLS/KNOWLEDGE/EXPERIENCE,0,0,0,0,15,6,4,917,79TH ST,41.897916,-87.816928,04/15/2016 03:33:00 PM,2016
CR00023533,05/19/2016 12:04:00 PM,30,CLEAR,DAYLIGHT,PARKED MOTOR VEHICLE,DIVIDED - W/MEDIAN (NOT RAISED),TRAFFIC SIGNAL,IMPROPER LANE USAGE,NOT APPLICABLE,0,0,2,2,12,5,5,732,ELSTON AVE,41.813297,-87.504529,05/19/2016 01:32:00 PM,2016
CR00023534,04/30/2017 07:12:00 AM,30,CLEAR,DUSK,TURNING,NOT DIVIDED,STOP SIGN/FLASHER,FAILING TO REDUCE SPEED,IMPROPER LANE USAGE,0,0,1,1,7,1,4,1222,ROOSEVELT RD,41.708896,-87.531972,04/30/2017 07:17:00 AM,2017
CR00023535,01/14/2023 01:18:00 PM,30,CLEAR,DAYLIGHT,REAR END,NOT DIVIDED,YIELD,DISTRACTION - FROM INSIDE VEHICLE,FOLLOWING TOO CLOSELY,0,1,2,3,13,7,1,1154,MILWAUKEE AVE,41.975005,-87.573329,01/14/2023 01:30:00 PM,2023
CR00023536,03/25/2022 12:22:00 AM,40,CLEAR,DARKNESS - LIGHTED ROAD,TURNING,DIVIDED - W/MEDIAN BARRIER,TRAFFIC SIGNAL,DISTRACTION - FROM INSIDE VEHICLE,NOT APPLICABLE,0,0,2,2,0,6,3,1817,CICERO AVE,41.961741,-87.550767,03/25/2022 02:22:00 AM,2022