CRASH_RECORD_ID,CRASH_DATE,POSTED_SPEED_LIMIT,WEATHER_CONDITION,LIGHTING_CONDITION,FIRST_CRASH_TYPE,TRAFFICWAY_TYPE,TRAFFIC_CONTROL_DEVICE,PRIM_CONTRIBUTORY_CAUSE,SEC_CONTRIBUTORY_CAUSE,INJURIES_FATAL,INJURIES_INCAPACITATING,INJURIES_NON_INCAPACITATING,INJURIES_TOTAL,CRASH_HOUR,CRASH_DAY_OF_WEEK,CRASH_MONTH,BEAT_OF_OCCURRENCE,STREET_NAME,LATITUDE,LONGITUDE,DATE_POLICE_NOTIFIED,year
CR00023537,07/26/2018 05:46:00 PM,45,CLOUDY/OVERCAST,DARKNESS - LIGHTED ROAD,REAR END,NOT DIVIDED,NO CONTROLS,IMPROPER OVERTAKING/PASSING,FOLLOWING TOO CLOSELY,0,0,0,0,17,5,7,590,BROADWAY,41.842011,-87.584804,07/26/2018 05:57:00 PM,2018
CR00023538,12/17/2019 10:38:00 AM,30,CLEAR,DAYLIGHT,TURNING,DIVIDED - W/MEDIAN BARRIER,TRAFFIC SIGNAL,FAILING TO YIELD RIGHT-OF-WAY,WEATHER,0,0,0,0,10,3,12,340,IRVING PARK RD,41.854252,-87.710952,12/17/2019 12:00:00 PM,2019
CR00023539,12/22/2018 06:10:00 PM,40,CLEAR,DAYLIGHT,REAR END,NOT DIVIDED,PEDESTRIAN CROSSING SIGN,FOLLOWING TOO CLOSELY,NOT APPLICABLE,0,0,1,1,18,7,12,1572,LAKE SHORE DR,41.960573,-87.773381,12/22/2018 06:21:00 PM,2018
CR00023540,12/05/2024 07:49:00 AM,40,CLEAR,DARKNESS - LIGHTED ROAD,TURNING,NOT DIVIDED,STOP SIGN/FLASHER,UNABLE TO DETERMINE,FOLLOWING TOO CLOSELY,0,2,1,3,7,5,12,414,HALSTED ST,41.900981,-87.547729,12/05/2024 08:13:00 AM,2024
CR00023541,12/04/2015 03:30:00 PM,20,CLEAR,DAYLIGHT,SIDESWIPE SAME DIRECTION,NOT DIVIDED,NO CONTROLS,FAILING TO YIELD RIGHT-OF-WAY,IMPROPER LANE USAGE,0,0,0,0,15,6,12,1988,ELSTON AVE,41.919467,-87.636664,12/04/2015 03:43:00 PM,2015
CR00023542,10/28/2015 11:17:00 AM,40,CLEAR,DAYLIGHT,SIDESWIPE SAME DIRECTION,NOT DIVIDED,TRAFFIC SIGNAL,UNABLE TO DETERMINE,NOT APPLICABLE,0,0,0,0,11,4,10,531,KEDZIE AVE,41.903,-87.500569,10/28/2015 11:33:00 AM,2015
CR00023543,04/17/2023 07:14:00 PM,20,CLEAR,DAYLIGHT,PEDESTRIAN,DIVIDED - W/MEDIAN (NOT RAISED),UNKNOWN,DRIVING SKILLS/KNOWLEDGE/EXPERIENCE,UNABLE TO DETERMINE,0,0,0,0,19,2,4,1343,STATE ST,41.808028,-87.793328,04/17/2023 08:28:00 PM,2023
CR00023544,09/30/2022 07:41:00 PM,40,FOG/SMOKE/HAZE,DAWN,SIDESWIPE SAME DIRECTION,DIVIDED - W/MEDIAN (NOT RAISED),NO CONTROLS,DISREGARDING TRAFFIC SIGNALS,NOT APPLICABLE,0,0,0,0,19,6,9,1374,WESTERN AVE,41.786583,-87.577818,09/30/2022 08:58:00 PM,2022
CR00023545,07/06/2019 12:40:00 AM,35,CLEAR,DARKNESS - LIGHTED ROAD,REAR TO FRONT,NOT DIVIDED,TRAFFIC SIGNAL,FAILING TO REDUCE SPEED,UNABLE TO DETERMINE,0,2,1,3,0,7,7,804,WESTERN AVE,41.937901,-87.711879,07/06/2019 01:17:00 AM,2019
CR00023546,03/15/2021 04:39:00 PM,20,CLEAR,DAYLIGHT,REAR END,T-INTERSECTION,NO CONTROLS,DISTRACTION - FROM INSIDE VEHICLE,NOT APPLICABLE,0,0,0,0,16,2,3,958,CALIFORNIA AVE,41.920209,-87.711955,03/15/2021 06:23:00 PM,2021
CR00023547,03/10/2021 07:02:00 AM,35,CLEAR,DAYLIGHT,TURNING,DIVIDED - W/MEDIAN BARRIER,STOP SIGN/FLASHER,UNABLE TO DETERMINE,UNABLE TO DETERMINE,0,0,0,0,7,4,3,1486,79TH ST,41.89438,-87.833018,03/10/2021 07:39:00 AM,2021
CR00023548,01/15/2019 02:04:00 PM,30,CLEAR,DAYLIGHT,REAR END,DIVIDED - W/MEDIAN (NOT RAISED),NO CONTROLS,WEATHER,UNABLE TO DETERMINE,0,0,0,0,14,3,1,1904,CALIFORNIA AVE,41.941008,-87.79889,01/15/2019 03:58:00 PM,2019
CR00023549,06/25/2015 08:27:00 AM,30,RAIN,DAYLIGHT,PEDESTRIAN,ONE-WAY,NO CONTROLS,FOLLOWING TOO CLOSELY,NOT APPLICABLE,0,0,0,0,8,5,6,1277,HALSTED ST,41.961716,-87.779095,06/25/2015 09:24:00 AM,2015
CR00023550,09/19/2019 11:21:00 AM,30,CLEAR,DAYLIGHT,SIDESWIPE SAME DIRECTION,NOT DIVIDED,NO CONTROLS,UNABLE TO DETERMINE,IMPROPER OVERTAKING/PASSING,0,0,1,1,11,5,9,2184,ASHLAND AVE,41.761175,-87.591387,09/19/2019 12:20:00 PM,2019
CR00023551,08/31/2024 12:20:00 PM,35,CLEAR,DAYLIGHT,REAR END,DIVIDED - W/MEDIAN BARRIER,STOP SIGN/FLASHER,FAILING TO REDUCE SPEED,DISREGARDING TRAFFIC SIGNALS,0,0,0,0,12,7,8,1479,KEDZIE AVE,41.965037,-87.831119,08/31/2024 01:05:00 PM,2024
CR00023552,05/17/2016 12:47:00 AM,35,CLEAR,DAWN,TURNING,DIVIDED - W/MEDIAN BARRIER,TRAFFIC SIGNAL,FOLLOWING TOO CLOSELY,UNABLE TO DETERMINE,0,0,0,0,0,3,5,2158,KEDZIE AVE,41.818445,-87.566454,05/17/2016 01:41:00 AM,2016
CR00023553,09/25/2018 08:38:00 AM,35,CLEAR,DAYLIGHT,PARKED MOTOR VEHICLE,NOT DIVIDED,TRAFFIC SIGNAL,DISREGARDING TRAFFIC SIGNALS,UNABLE TO DETERMINE,0,0,0,0,8,3,9,1650,STONY ISLAND AVE,41.779412,-87.582184,09/25/2018 08:47:00 AM,2018
CR00023554,07/16/2019 08:25:00 PM,35,CLEAR,DARKNESS - LIGHTED ROAD,REAR END,DIVIDED - W/MEDIAN BARRIER,YIELD,DISREGARDING TRAFFIC SIGNALS,NOT APPLICABLE,0,0,0,0,20,3,7,827,PULASKI RD,41.912937,-87.790249,07/16/2019 10:20:00 PM,2019
CR00023555,09/15/2022 04:31:00 PM,35,CLOUDY/OVERCAST,DAYLIGHT,REAR TO FRONT,NOT DIVIDED,NO CONTROLS,IMPROPER OVERTAKING/PASSING,DRIVING SKILLS/KNOWLEDGE/EXPERIENCE,0,0,0,0,16,5,9,1274,CLARK ST,41.745628,-87.651157,09/15/2022 06:16:00 PM,2022
CR00023556,04/24/2016 09:50:00 PM,35,CLEAR,DARKNESS,TURNING,NOT DIVIDED,NO CONTROLS,WEATHER,NOT APPLICABLE,0,0,0,0,21,1,4,1065,LAKE SHORE DR,41.741946,-87.746576,04/24/2016 10:46:00 PM,2016
CR00023557,08/11/2021 05:02:00 PM,35,CLEAR,DAYLIGHT,ANGLE,NOT DIVIDED,STOP SIGN/FLASHER,IMPROPER OVERTAKING/PASSING,IMPROPER LANE USAGE,0,0,0,0,17,4,8,186,ASHLAND AVE,41.805673,-87.687665,08/11/2021 05:19:00 PM,2021
CR00023558,02/07/2022 02:22:00 PM,30,CLEAR,DARKNESS - LIGHTED ROAD,PARKED MOTOR VEHICLE,NOT DIVIDED,TRAFFIC SIGNAL,IMPROPER LANE USAGE,FAILING TO YIELD RIGHT-OF-WAY,0,0,0,0,14,2,2,251,CICERO AVE,41.78649,-87.713706,02/07/2022 03:54:00 PM,2022
CR00023559,02/07/2018 06:10:00 PM,35,CLEAR,DAYLIGHT,REAR END,ONE-WAY,NO CONTROLS,UNABLE TO DETERMINE,FAILING TO YIELD RIGHT-OF-WAY,0,0,0,0,18,4,2,793,STATE ST,41.965585,-87.592887,02/07/2018 06:13:00 PM,2018
CR00023560,11/25/2020 06:17:00 PM,30,CLEAR,DAYLIGHT,TURNING,T-INTERSECTION,TRAFFIC SIGNAL,FAILING TO REDUCE SPEED,NOT APPLICABLE,0,0,0,0,18,4,11,207,ELSTON AVE,41.825166,-87.844254,11/25/2020 06:42:00 PM,2020
CR00023561,12/07/2017 09:50:00 AM,30,CLEAR,DARKNESS - LIGHTED ROAD,ANGLE,DIVIDED - W/MEDIAN (NOT RAISED),YIELD,FAILING TO YIELD RIGHT-OF-WAY,DISREGARDING TRAFFIC SIGNALS,0,0,0,0,9,5,12,1567,MILWAUKEE AVE,41.893501,-87.678772,12/07/2017 10:45:00 AM,2017
CR00023562,03/03/2016 04:38:00 AM,35,CLEAR,DAYLIGHT,TURNING,T-INTERSECTION,UNKNOWN,UNABLE TO DETERMINE,NOT APPLICABLE,0,0,0,0,4,5,3,1177,ARCHER AVE,41.999323,-87.735572,03/03/2016 06:00:00 AM,2016
CR00023563,06/15/2015 12:23:00 PM,30,RAIN,DAYLIGHT,PARKED MOTOR VEHICLE,NOT DIVIDED,NO CONTROLS,FOLLOWING TOO CLOSELY,IMPROPER LANE USAGE,0,0,1,1,12,2,6,1369,79TH ST,41.808338,-87.68963,06/15/2015 12:49:00 PM,2015
CR00023564,11/22/2023 08:29:00 PM,40,SNOW,DAYLIGHT,TURNING,NOT DIVIDED,UNKNOWN,FOLLOWING TOO CLOSELY,FOLLOWING TOO CLOSELY,0,0,0,0,20,4,11,1661,FULLERTON AVE,41.719164,-87.738073,11/22/2023 09:57:00 PM,2023
CR00023565,03/25/2022 06:04:00 PM,40,CLOUDY/OVERCAST,DAYLIGHT,PARKED MOTOR VEHICLE,NOT DIVIDED,TRAFFIC SIGNAL,DRIVING SKILLS/KNOWLEDGE/EXPERIENCE,NOT APPLICABLE,0,0,3,3,18,6,3,1972,79TH ST,41.906746,-87.505185,03/25/2022 07:06:00 PM,2022
CR00023566,06/08/2023 03:34:00 PM,35,SNOW,DAYLIGHT,FIXED OBJECT,FOUR WAY,NO CONTROLS,UNABLE TO DETERMINE,IMPROPER LANE USAGE,0,0,0,0,15,5,6,1544,MICHIGAN AVE,41.923011,-87.758162,06/08/2023 04:35:00 PM,2023
CR00023567,11/06/2019 08:39:00 AM,30,CLEAR,DAYLIGHT,SIDESWIPE SAME DIRECTION,ONE-WAY,NO CONTROLS,UNABLE TO DETERMINE,FAILING TO REDUCE SPEED,0,0,0,0,8,4,11,1631,ASHLAND AVE,41.740066,-87.77431,11/06/2019 10:06:00 AM,2019
CR00023568,05/09/2019 07:09:00 AM,45,CLEAR,DARKNESS - LIGHTED ROAD,PARKED MOTOR VEHICLE,DIVIDED - W/MEDIAN (NOT RAISED),NO CONTROLS,FAILING TO YIELD RIGHT-OF-WAY,UNABLE TO DETERMINE,0,0,0,0,7,5,5,811,IRVING PARK RD,41.814465,-87.729305,05/09/2019 07:24:00 AM,2019
CR00023569,05/22/2016 05:45:00 PM,30,CLEAR,DAYLIGHT,SIDESWIPE SAME DIRECTION,DIVIDED - W/MEDIAN (NOT RAISED),TRAFFIC SIGNAL,UNABLE TO DETERMINE,NOT APPLICABLE,0,0,0,0,17,1,5,238,LAKE SHORE DR,41.828602,-87.697147,05/22/2016 06:41:00 PM,2016
CR00023570,05/24/2024 01:25:00 PM,20,CLEAR,DAYLIGHT,ANGLE,NOT DIVIDED,NO CONTROLS,DISTRACTION - FROM INSIDE VEHICLE,NOT APPLICABLE,0,0,0,0,13,6,5,2534,ASHLAND AVE,41.913039,-87.527951,05/24/2024 01:28:00 PM,2024
CR00023571,06/29/2017 01:58:00 PM,40,RAIN,DAYLIGHT,REAR END,DIVIDED - W/MEDIAN (NOT RAISED),STOP SIGN/FLASHER,DRIVING SKILLS/KNOWLEDGE/EXPERIENCE,NOT APPLICABLE,0,0,0,0,13,5,6,1153,OGDEN AVE,41.791202,-87.582094,06/29/2017 02:01:00 PM,2017
CR00023572,10/11/2019 09:41:00 PM,15,CLEAR,DARKNESS - LIGHTED ROAD,ANGLE,NOT DIVIDED,TRAFFIC SIGNAL,FAILING TO REDUCE SPEED,IMPROPER OVERTAKING/PASSING,0,0,0,0,21,6,10,703,ARCHER AVE,41.858065,-87.566437,10/11/2019 10:25:00 PM,2019
CR00023573,02/15/2016 05:04:00 PM,15,CLEAR,DARKNESS - LIGHTED ROAD,ANGLE,NOT DIVIDED,TRAFFIC SIGNAL,IMPROPER LANE USAGE,FOLLOWING TOO CLOSELY,0,0,0,0,17,2,2,2378,ROOSEVELT RD,41.918833,-87.656523,02/15/2016 05:57:00 PM,2016
CR00023574,05/20/2019 02:27:00 PM,30,CLEAR,DAYLIGHT,ANGLE,NOT DIVIDED,NO CONTROLS,FAILING TO YIELD RIGHT-OF-WAY,UNABLE TO DETERMINE,0,0,0,0,14,2,5,1631,CALIFORNIA AVE,41.882958,-87.524649,05/20/2019 04:05:00 PM,2019
CR00023575,12/24/2016 11:32:00 PM,35,CLEAR,DAYLIGHT,REAR END,NOT DIVIDED,NO CONTROLS,UNABLE TO DETERMINE,FAILING TO YIELD RIGHT-OF-WAY,0,0,1,1,23,7,12,1603,LAKE SHORE DR,41.814848,-87.68421,12/24/2016 11:53:00 PM,2016
CR00023576,11/11/2017 06:42:00 PM,30,RAIN,DAYLIGHT,PEDESTRIAN,ONE-WAY,TRAFFIC SIGNAL,DRIVING SKILLS/KNOWLEDGE/EXPERIENCE,DRIVING SKILLS/KNOWLEDGE/EXPERIENCE,0,0,2,2,18,7,11,231,STATE ST,41.937334,-87.579967,11/11/2017 07:16:00 PM,2017
CR00023577,11/17/2019 09:09:00 AM,30,CLEAR,DAYLIGHT,REAR END,NOT DIVIDED,TRAFFIC SIGNAL,FAILING TO YIELD RIGHT-OF-WAY,FOLLOWING TOO CLOSELY,0,0,0,0,9,1,11,2443,FULLERTON AVE,41.88611,-87.798909,11/17/2019 11:05:00 AM,2019
CR00023578,04/03/2024 02:33:00 PM,25,CLEAR,DAYLIGHT,ANGLE,ONE-WAY,UNKNOWN,UNABLE TO DETERMINE,IMPROPER LANE USAGE,0,0,0,0,14,4,4,2310,PULASKI RD,41.827567,-87.794703,04/03/2024 03:54:00 PM,2024
CR00023579,10/02/2015 05:57:00 PM,35,CLEAR,DARKNESS - LIGHTED ROAD,SIDESWIPE SAME DIRECTION,NOT DIVIDED,STOP SIGN/FLASHER,FAILING TO REDUCE SPEED,DISREGARDING TRAFFIC SIGNALS,0,0,0,0,17,6,10,1553,DAMEN AVE,41.703914,-87.527264,10/02/2015 07:11:00 PM,2015
CR00023580,12/25/2016 08:17:00 AM,45,CLEAR,DAYLIGHT,REAR END,ONE-WAY,NO CONTROLS,FAILING TO REDUCE SPEED,UNABLE TO DETERMINE,0,0,0,0,8,1,12,719,ASHLAND AVE,41.919413,-87.7447,12/25/2016 09:30:00 AM,2016
CR00023581,09/20/2021 02:20:00 AM,30,CLEAR,DAYLIGHT,SIDESWIPE SAME DIRECTION,DIVIDED - W/MEDIAN BARRIER,NO CONTROLS,IMPROPER OVERTAKING/PASSING,IMPROPER LANE USAGE,0,0,0,0,2,2,9,779,CALIFORNIA AVE,41.886181,-87.7612,09/20/2021 02:36:00 AM,2021
CR00023582,10/20/2017 07:04:00 PM,25,CLEAR,DUSK,REAR END,DIVIDED - W/MEDIAN (NOT RAISED),UNKNOWN,FAILING TO YIELD RIGHT-OF-WAY,DISTRACTION - FROM INSIDE VEHICLE,0,0,0,0,19,6,10,221,CALIFORNIA AVE,41.968329,-87.788145,10/20/2017 07:41:00 PM,2017
CR00023583,03/07/2018 04:03:00 AM,20,CLEAR,DAYLIGHT,PEDESTRIAN,FOUR WAY,NO CONTROLS,IMPROPER LANE USAGE,UNABLE TO DETERMINE,0,0,1,1,4,4,3,314,ROOSEVELT RD,41.897481,-87.536846,03/07/2018 04:18:00 AM,2018
CR00023584,08/30/2023 10:21:00 AM,45,SNOW,DAYLIGHT,ANGLE,DIVIDED - W/MEDIAN (NOT RAISED),STOP SIGN/FLASHER,FAILING TO REDUCE SPEED,NOT APPLICABLE,0,0,3,3,10,4,8,1796,ASHLAND AVE,41.732773,-87.59384,08/30/2023 12:13:00 PM,2023
CR00023585,05/07/2022 05:37:00 PM,20,CLEAR,DAYLIGHT,REAR END,ONE-WAY,PEDESTRIAN CROSSING SIGN,IMPROPER LANE USAGE,FOLLOWING TOO CLOSELY,0,0,0,0,17,7,5,1386,CICERO AVE,41.866301,-87.522922,05/07/2022 06:59:00 PM,2022
CR00023586,08/08/2015 07:20:00 AM,40,RAIN,DAYLIGHT,REAR TO FRONT,NOT DIVIDED,NO CONTROLS,UNABLE TO DETERMINE,FAILING TO REDUCE SPEED,0,0,0,0,7,7,8,1409,KEDZIE AVE,41.767975,-87.825211,08/08/2015 07:59:00 AM,2015
CR00023587,08/22/2020 08:45:00 AM,40,CLEAR,DARKNESS,REAR END,DIVIDED - W/MEDIAN (NOT RAISED),TRAFFIC SIGNAL,UNABLE TO DETERMINE,FAILING TO YIELD RIGHT-OF-WAY,0,0,0,0,8,7,8,2328,MILWAUKEE AVE,41.812409,-87.680979,08/22/2020 09:55:00 AM,2020
CR00023588,01/06/2022 07:14:00 AM,30,CLEAR,DARKNESS,PARKED MOTOR VEHICLE,DIVIDED - W/MEDIAN (NOT RAISED),NO CONTROLS,UNABLE TO DETERMINE,DISREGARDING TRAFFIC SIGNALS,0,0,0,0,7,5,1,1542,ELSTON AVE,41.882346,-87.679682,01/06/2022 08:02:00 AM,2022
CR00023589,08/24/2019 07:02:00 PM,45,RAIN,DARKNESS - LIGHTED ROAD,ANGLE,ONE-WAY,NO CONTROLS,DRIVING SKILLS/KNOWLEDGE/EXPERIENCE,FAILING TO YIELD RIGHT-OF-WAY,0,0,0,0,19,7,8,2029,DAMEN AVE,41.963772,-87.673194,08/24/2019 08:12:00 PM,2019
CR00023590,09/15/2023 07:29:00 PM,35,CLOUDY/OVERCAST,DAYLIGHT,SIDESWIPE SAME DIRECTION,NOT DIVIDED,STOP SIGN/FLASHER,FAILING TO REDUCE SPEED,UNABLE TO DETERMINE,0,0,1,1,19,6,9,1045,MILWAUKEE AVE,41.89279,-87.531073,09/15/2023 09:12:00 PM,2023
CR00023591,10/20/2018 06:29:00 PM,20,CLEAR,DARKNESS - LIGHTED ROAD,PARKED MOTOR VEHICLE,NOT DIVIDED,NO CONTROLS,FAILING TO YIELD RIGHT-OF-WAY,UNABLE TO DETERMINE,0,0,0,0,18,7,10,2058,79TH ST,41.896034,-87.837732,10/20/2018 08:14:00 PM,2018
CR00023592,03/24/2018 07:36:00 AM,25,SNOW,DAYLIGHT,TURNING,NOT DIVIDED,NO CONTROLS,UNABLE TO DETERMINE,FAILING TO YIELD RIGHT-OF-WAY,0,0,0,0,7,7,3,887,ELSTON AVE,41.703334,-87.597677,03/24/2018 08:54:00 AM,2018
CR00023593,03/20/2022 04:26:00 AM,45,RAIN,DAYLIGHT,PARKED MOTOR VEHICLE,DIVIDED - W/MEDIAN BARRIER,TRAFFIC SIGNAL,FOLLOWING TOO CLOSELY,UNABLE TO DETERMINE,0,0,0,0,4,1,3,433,ARCHER AVE,41.941679,-87.787751,03/20/2022 05:09:00 AM,2022
CR00023594,10/31/2015 07:45:00 AM,30,RAIN,DARKNESS - LIGHTED ROAD,PARKED MOTOR VEHICLE,DIVIDED - W/MEDIAN (NOT RAISED),YIELD,UNABLE TO DETERMINE,UNABLE TO DETERMINE,0,0,0,0,7,7,10,891,STATE ST,41.82768,-87.659249,10/31/2015 08:55:00 AM,2015
CR00023595,07/21/2024 03:01:00 AM,20,RAIN,DARKNESS - LIGHTED ROAD,REAR END,NOT DIVIDED,NO CONTROLS,IMPROPER OVERTAKING/PASSING,UNABLE TO DETERMINE,0,0,0,0,3,1,7,1107,IRVING PARK RD,41.906903,-87.541015,07/21/2024 04:53:00 AM,2024
CR00023596,11/24/2023 03:57:00 PM,25,CLEAR,DAYLIGHT,REAR TO FRONT,DIVIDED - W/MEDIAN BARRIER,NO CONTROLS,IMPROPER OVERTAKING/PASSING,UNABLE TO DETERMINE,0,0,0,0,15,6,11,204,MICHIGAN AVE,41.872405,-87.769967,11/24/2023 05:48:00 PM,2023
CR00023597,05/11/2019 09:08:00 AM,20,CLEAR,DARKNESS,PARKED MOTOR VEHICLE,ONE-WAY,NO CONTROLS,WEATHER,DISTRACTION - FROM INSIDE VEHICLE,0,0,2,2,9,7,5,1961,ARCHER AVE,41.908586,-87.849379,05/11/2019 09:09:00 AM,2019
CR00023598,09/05/2017 02:42:00 PM,30,RAIN,DAYLIGHT,FIXED OBJECT,NOT DIVIDED,UNKNOWN,FOLLOWING TOO CLOSELY,DRIVING SKILLS/KNOWLEDGE/EXPERIENCE,0,2,2,4,14,3,9,183,PULASKI RD,41.715795,-87.742527,09/05/2017 04:41:00 PM,2017
CR00023599,08/26/2015 06:36:00 PM,35,CLEAR,DARKNESS,SIDESWIPE SAME DIRECTION,DIVIDED - W/MEDIAN BARRIER,NO CONTROLS,UNABLE TO DETERMINE,DISTRACTION - FROM INSIDE VEHICLE,0,0,0,0,18,4,8,1048,BROADWAY,41.847187,-87.74769,08/26/2015 07:03:00 PM,2015
CR00023600,10/24/2015 03:35:00 AM,30,CLEAR,DAYLIGHT,TURNING,DIVIDED - W/MEDIAN (NOT RAISED),NO CONTROLS,FOLLOWING TOO CLOSELY,DISTRACTION - FROM INSIDE VEHICLE,0,0,0,0,3,7,10,2405,CLARK ST,41.816148,-87.659367,10/24/2015 05:20:00 AM,2015
CR00023601,12/28/2021 06:22:00 PM,20,CLEAR,DAYLIGHT,ANGLE,DIVIDED - W/MEDIAN (NOT RAISED),NO CONTROLS,FOLLOWING TOO CLOSELY,UNABLE TO DETERMINE,0,0,0,0,18,3,12,2049,BROADWAY,41.817573,-87.510744,12/28/2021 07:05:00 PM,2021
CR00023602,08/22/2023 11:58:00 AM,15,CLEAR,DAYLIGHT,TURNING,ONE-WAY,NO CONTROLS,UNABLE TO DETERMINE,IMPROPER OVERTAKING/PASSING,0,0,0,0,11,3,8,841,HALSTED ST,41.914876,-87.764616,08/22/2023 12:58:00 PM,2023
CR00023603,10/20/2020 12:28:00 PM,30,CLOUDY/OVERCAST,DAYLIGHT,REAR END,NOT DIVIDED,NO CONTROLS,IMPROPER LANE USAGE,UNABLE TO DETERMINE,0,0,3,3,12,3,10,100,LAKE SHORE DR,41.865345,-87.535248,10/20/2020 01:16:00 PM,2020
CR00023604,07/21/2017 04:29:00 PM,40,CLEAR,DARKNESS - LIGHTED ROAD,TURNING,DIVIDED - W/MEDIAN (NOT RAISED),NO CONTROLS,UNABLE TO DETERMINE,NOT APPLICABLE,0,0,1,1,16,6,7,1252,ASHLAND AVE,41.701282,-87.546602,07/21/2017 04:36:00 PM,2017
CR00023605,06/12/2022 01:50:00 PM,35,CLEAR,DAWN,PEDESTRIAN,DIVIDED - W/MEDIAN (NOT RAISED),NO CONTROLS,UNABLE TO DETERMINE,UNABLE TO DETERMINE,0,1,3,4,13,1,6,259,STONY ISLAND AVE,41.804588,-87.700309,06/12/2022 03:05:00 PM,2022
CR00023606,10/10/2024 08:45:00 AM,20,CLEAR,DAYLIGHT,REAR END,ONE-WAY,NO CONTROLS,FAILING TO YIELD RIGHT-OF-WAY,UNABLE TO DETERMINE,0,0,0,0,8,5,10,1276,63RD ST,41.747803,-87.724578,10/10/2024 09:32:00 AM,2024
CR00023607,01/30/2024 02:46:00 PM,35,RAIN,DAYLIGHT,SIDESWIPE SAME DIRECTION,NOT DIVIDED,TRAFFIC SIGNAL,DRIVING SKILLS/KNOWLEDGE/EXPERIENCE,FAILING TO YIELD RIGHT-OF-WAY,0,0,0,0,14,3,1,1485,OGDEN AVE,41.758476,-87.809277,01/30/2024 03:04:00 PM,2024
CR00023608,01/16/2024 12:33:00 PM,30,CLEAR,DARKNESS - LIGHTED ROAD,REAR END,T-INTERSECTION,NO CONTROLS,DISREGARDING TRAFFIC SIGNALS,FOLLOWING TOO CLOSELY,0,0,0,0,12,3,1,2388,ROOSEVELT RD,41.845098,-87.74844,01/16/2024 02:09:00 PM,2024
CR00023609,04/23/2015 01:27:00 PM,35,RAIN,DAYLIGHT,ANGLE,DIVIDED - W/MEDIAN BARRIER,NO CONTROLS,DISREGARDING TRAFFIC SIGNALS,NOT APPLICABLE,0,0,0,0,13,5,4,887,DAMEN AVE,41.910781,-87.502064,04/23/2015 01:50:00 PM,2015
CR00023610,11/03/2016 01:14:00 AM,30,CLEAR,DAYLIGHT,TURNING,NOT DIVIDED,STOP SIGN/FLASHER,DRIVING SKILLS/KNOWLEDGE/EXPERIENCE,UNABLE TO DETERMINE,0,0,0,0,1,5,11,2114,STATE ST,41.98941,-87.652058,11/03/2016 01:33:00 AM,2016
CR00023611,08/20/2024 07:16:00 AM,30,RAIN,DAYLIGHT,SIDESWIPE SAME DIRECTION,FOUR WAY,NO CONTROLS,WEATHER,FAILING TO YIELD RIGHT-OF-WAY,0,0,0,0,7,3,8,2322,ASHLAND AVE,41.91225,-87.82111,08/20/2024 08:38:00 AM,2024
CR00023612,08/27/2019 07:21:00 AM,30,CLEAR,DAYLIGHT,SIDESWIPE SAME DIRECTION,DIVIDED - W/MEDIAN BARRIER,NO CONTROLS,DRIVING SKILLS/KNOWLEDGE/EXPERIENCE,NOT APPLICABLE,0,0,0,0,7,3,8,463,HALSTED ST,41.759538,-87.661072,08/27/2019 08:05:00 AM,2019
CR00023613,09/14/2020 05:50:00 PM,45,CLOUDY/OVERCAST,DAYLIGHT,REAR END,DIVIDED - W/MEDIAN (NOT RAISED),NO CONTROLS,FAILING TO YIELD RIGHT-OF-WAY,NOT APPLICABLE,0,0,0,0,17,2,9,2318,KEDZIE AVE,41.7,-87.683679,09/14/2020 06:28:00 PM,2020
CR00023614,05/24/2023 02:32:00 PM,25,CLEAR,DARKNESS - LIGHTED ROAD,REAR END,ONE-WAY,TRAFFIC SIGNAL,DISTRACTION - FROM INSIDE VEHICLE,DISTRACTION - FROM INSIDE VEHICLE,0,0,0,0,14,4,5,1337,DAMEN AVE,41.853009,-87.827685,05/24/2023 03:08:00 PM,2023
CR00023615,08/26/2015 02:44:00 PM,15,CLEAR,DARKNESS - LIGHTED ROAD,TURNING,ONE-WAY,TRAFFIC SIGNAL,UNABLE TO DETERMINE,FAILING TO YIELD RIGHT-OF-WAY,0,0,0,0,14,4,8,1615,MICHIGAN AVE,41.780515,-87.694641,08/26/2015 03:47:00 PM,2015
CR00023616,12/18/2016 02:54:00 PM,30,CLEAR,DARKNESS - LIGHTED ROAD,SIDESWIPE SAME DIRECTION,ONE-WAY,TRAFFIC SIGNAL,UNABLE TO DETERMINE,FOLLOWING TOO CLOSELY,0,0,0,0,14,1,12,2119,MICHIGAN AVE,41.720545,-87.838064,12/18/2016 03:07:00 PM,2016
CR00023617,06/12/2022 10:59:00 AM,30,CLEAR,DAWN,REAR END,NOT DIVIDED,NO CONTROLS,DISREGARDING TRAFFIC SIGNALS,IMPROPER LANE USAGE,0,0,0,0,10,1,6,1106,KEDZIE AVE,41.943922,-87.599778,06/12/2022 11:50:00 AM,2022
CR00023618,05/08/2016 01:00:00 PM,35,SNOW,DAYLIGHT,FIXED OBJECT,FOUR WAY,NO CONTROLS,DRIVING SKILLS/KNOWLEDGE/EXPERIENCE,DISREGARDING TRAFFIC SIGNALS,0,0,0,0,13,1,5,232,HALSTED ST,41.862592,-87.666549,05/08/2016 02:15:00 PM,2016
CR00023619,10/23/2022 12:50:00 PM,45,CLEAR,DAYLIGHT,ANGLE,DIVIDED - W/MEDIAN (NOT RAISED),TRAFFIC SIGNAL,UNABLE TO DETERMINE,DISTRACTION - FROM INSIDE VEHICLE,0,0,0,0,12,1,10,1054,STATE ST,41.780747,-87.620285,10/23/2022 02:20:00 PM,2022