CRASH_RECORD_ID,CRASH_DATE,POSTED_SPEED_LIMIT,WEATHER_CONDITION,LIGHTING_CONDITION,FIRST_CRASH_TYPE,TRAFFICWAY_TYPE,TRAFFIC_CONTROL_DEVICE,PRIM_CONTRIBUTORY_CAUSE,SEC_CONTRIBUTORY_CAUSE,INJURIES_FATAL,INJURIES_INCAPACITATING,INJURIES_NON_INCAPACITATING,INJURIES_TOTAL,CRASH_HOUR,CRASH_DAY_OF_WEEK,CRASH_MONTH,BEAT_OF_OCCURRENCE,STREET_NAME,LATITUDE,LONGITUDE,DATE_POLICE_NOTIFIED,year
CR00023620,12/25/2021 01:06:00 PM,15,SNOW,DAYLIGHT,REAR END,NOT DIVIDED,TRAFFIC SIGNAL,UNABLE TO DETERMINE,UNABLE TO DETERMINE,0,0,0,0,13,7,12,859,CICERO AVE,41.782525,-87.716852,12/25/2021 01:49:00 PM,2021
CR00023621,10/13/2020 11:05:00 AM,15,CLOUDY/OVERCAST,DAYLIGHT,FIXED OBJECT,NOT DIVIDED,TRAFFIC SIGNAL,FOLLOWING TOO CLOSELY,NOT APPLICABLE,0,0,0,0,11,3,10,1837,ARCHER AVE,41.869445,-87.790512,10/13/2020 11:36:00 AM,2020
CR00023622,07/09/2017 12:26:00 AM,30,CLEAR,DARKNESS - LIGHTED ROAD,REAR END,FOUR WAY,YIELD,FAILING TO REDUCE SPEED,FAILING TO YIELD RIGHT-OF-WAY,0,0,2,2,0,1,7,1753,MICHIGAN AVE,41.726425,-87.640458,07/09/2017 12:53:00 AM,2017
CR00023623,05/22/2018 11:49:00 PM,30,CLEAR,DARKNESS - LIGHTED ROAD,ANGLE,DIVIDED - W/MEDIAN BARRIER,TRAFFIC SIGNAL,WEATHER,UNABLE TO DETERMINE,0,1,3,4,23,3,5,304,FULLERTON AVE,41.825252,-87.737977,05/23/2018 01:41:00 AM,2018
CR00023624,09/18/2020 04:58:00 PM,30,CLEAR,DARKNESS - LIGHTED ROAD,REAR TO FRONT,FOUR WAY,NO CONTROLS,UNABLE TO DETERMINE,NOT APPLICABLE,0,0,3,3,16,6,9,527,KEDZIE AVE,41.821766,-87.737565,09/18/2020 05:40:00 PM,2020
CR00023625,06/24/2021 08:22:00 AM,35,CLEAR,DUSK,REAR TO FRONT,ONE-WAY,PEDESTRIAN CROSSING SIGN,IMPROPER LANE USAGE,DISREGARDING TRAFFIC SIGNALS,0,0,2,2,8,5,6,1384,MILWAUKEE AVE,41.898034,-87.637855,06/24/2021 09:47:00 AM,2021
CR00023626,06/22/2017 06:38:00 PM,45,CLEAR,DAYLIGHT,REAR END,NOT DIVIDED,TRAFFIC SIGNAL,UNABLE TO DETERMINE,DISREGARDING TRAFFIC SIGNALS,0,0,0,0,18,5,6,165,ROOSEVELT RD,41.83678,-87.755941,06/22/2017 08:38:00 PM,2017
CR00023627,05/28/2022 05:22:00 AM,30,CLOUDY/OVERCAST,DAYLIGHT,ANGLE,NOT DIVIDED,TRAFFIC SIGNAL,UNABLE TO DETERMINE,NOT APPLICABLE,0,0,1,1,5,7,5,2291,STATE ST,41.844626,-87.654491,05/28/2022 07:22:00 AM,2022
CR00023628,08/15/2016 03:18:00 PM,35,CLEAR,DARKNESS - LIGHTED ROAD,REAR END,FOUR WAY,YIELD,FOLLOWING TOO CLOSELY,NOT APPLICABLE,0,0,3,3,15,2,8,476,47TH ST,41.954349,-87.785404,08/15/2016 04:09:00 PM,2016
CR00023629,03/13/2022 10:45:00 AM,35,CLEAR,DAYLIGHT,TURNING,NOT DIVIDED,TRAFFIC SIGNAL,FAILING TO YIELD RIGHT-OF-WAY,NOT APPLICABLE,0,0,0,0,10,1,3,281,KEDZIE AVE,41.886891,-87.590789,03/13/2022 11:43:00 AM,2022
CR00023630,10/21/2016 06:21:00 PM,30,FREEZING RAIN/DRIZZLE,DARKNESS,ANGLE,T-INTERSECTION,PEDESTRIAN CROSSING SIGN,DRIVING SKILLS/KNOWLEDGE/EXPERIENCE,FAILING TO YIELD RIGHT-OF-WAY,0,0,0,0,18,6,10,1332,IRVING PARK RD,41.950245,-87.673836,10/21/2016 07:07:00 PM,2016
CR00023631,07/27/2015 11:38:00 PM,30,SNOW,DARKNESS - LIGHTED ROAD,SIDESWIPE SAME DIRECTION,NOT DIVIDED,STOP SIGN/FLASHER,IMPROPER LANE USAGE,IMPROPER LANE USAGE,0,0,0,0,23,2,7,1859,IRVING PARK RD,41.867897,-87.650126,07/28/2015 01:13:00 AM,2015
CR00023632,01/25/2018 03:41:00 PM,30,CLEAR,DARKNESS - LIGHTED ROAD,TURNING,ONE-WAY,NO CONTROLS,DISTRACTION - FROM INSIDE VEHICLE,UNABLE TO DETERMINE,0,0,0,0,15,5,1,1028,CLARK ST,41.727589,-87.786327,01/25/2018 04:36:00 PM,2018
CR00023633,11/08/2024 02:43:00 PM,40,CLEAR,DAYLIGHT,PEDESTRIAN,FOUR WAY,TRAFFIC SIGNAL,UNABLE TO DETERMINE,DRIVING SKILLS/KNOWLEDGE/EXPERIENCE,0,0,0,0,14,6,11,196,DAMEN AVE,41.835431,-87.725744,11/08/2024 03:20:00 PM,2024
CR00023634,01/25/2017 06:51:00 PM,30,CLEAR,DAYLIGHT,TURNING,DIVIDED - W/MEDIAN (NOT RAISED),STOP SIGN/FLASHER,IMPROPER LANE USAGE,NOT APPLICABLE,0,0,0,0,18,4,1,1021,STONY ISLAND AVE,41.849374,-87.672953,01/25/2017 07:51:00 PM,2017
CR00023635,10/16/2016 09:50:00 AM,25,CLEAR,DARKNESS - LIGHTED ROAD,REAR END,NOT DIVIDED,NO CONTROLS,UNABLE TO DETERMINE,DISTRACTION - FROM INSIDE VEHICLE,0,0,0,0,9,1,10,537,MICHIGAN AVE,41.721211,-87.728382,10/16/2016 10:44:00 AM,2016
CR00023636,09/04/2016 04:20:00 PM,35,CLEAR,DARKNESS - LIGHTED ROAD,REAR END,NOT DIVIDED,UNKNOWN,FOLLOWING TOO CLOSELY,NOT APPLICABLE,0,0,0,0,16,1,9,1970,CLARK ST,41.995017,-87.760009,09/04/2016 06:20:00 PM,2016
CR00023637,12/23/2020 01:08:00 PM,40,SNOW,DAYLIGHT,REAR END,DIVIDED - W/MEDIAN (NOT RAISED),NO CONTROLS,FAILING TO YIELD RIGHT-OF-WAY,NOT APPLICABLE,0,0,0,0,13,4,12,1403,DIVISION ST,41.851511,-87.670317,12/23/2020 02:18:00 PM,2020
CR00023638,11/08/2021 07:26:00 AM,20,SNOW,DAYLIGHT,SIDESWIPE SAME DIRECTION,DIVIDED - W/MEDIAN (NOT RAISED),NO CONTROLS,UNABLE TO DETERMINE,UNABLE TO DETERMINE,0,0,0,0,7,2,11,1179,PULASKI RD,41.721866,-87.809746,11/08/2021 08:58:00 AM,2021
CR00023639,07/28/2017 08:51:00 AM,30,CLEAR,DARKNESS,ANGLE,T-INTERSECTION,NO CONTROLS,FOLLOWING TOO CLOSELY,FAILING TO YIELD RIGHT-OF-WAY,0,0,0,0,8,6,7,587,HALSTED ST,41.769333,-87.524658,07/28/2017 10:31:00 AM,2017
CR00023640,01/25/2015 08:56:00 AM,45,CLEAR,DARKNESS - LIGHTED ROAD,ANGLE,DIVIDED - W/MEDIAN (NOT RAISED),NO CONTROLS,FOLLOWING TOO CLOSELY,NOT APPLICABLE,0,0,0,0,8,1,1,2122,KEDZIE AVE,41.866732,-87.642004,01/25/2015 10:09:00 AM,2015
CR00023641,06/20/2022 09:31:00 AM,40,CLOUDY/OVERCAST,DARKNESS,TURNING,ONE-WAY,NO CONTROLS,UNABLE TO DETERMINE,DRIVING SKILLS/KNOWLEDGE/EXPERIENCE,0,0,1,1,9,2,6,2422,79TH ST,41.785113,-87.760328,06/20/2022 09:56:00 AM,2022
CR00023642,10/15/2021 08:15:00 PM,40,CLEAR,DARKNESS - LIGHTED ROAD,TURNING,DIVIDED - W/MEDIAN (NOT RAISED),NO CONTROLS,FAILING TO YIELD RIGHT-OF-WAY,FOLLOWING TOO CLOSELY,0,0,0,0,20,6,10,2235,CICERO AVE,41.779748,-87.578827,10/15/2021 08:49:00 PM,2021
CR00023643,03/12/2019 10:15:00 AM,15,CLEAR,DARKNESS,REAR END,NOT DIVIDED,STOP SIGN/FLASHER,FOLLOWING TOO CLOSELY,DISREGARDING TRAFFIC SIGNALS,0,0,0,0,10,3,3,114,FULLERTON AVE,41.972761,-87.691152,03/12/2019 12:00:00 PM,2019
CR00023644,08/31/2021 08:34:00 PM,35,CLEAR,DARKNESS - LIGHTED ROAD,REAR END,ONE-WAY,TRAFFIC SIGNAL,IMPROPER LANE USAGE,FOLLOWING TOO CLOSELY,0,0,0,0,20,3,8,200,MILWAUKEE AVE,41.851297,-87.523214,08/31/2021 10:04:00 PM,2021
CR00023645,05/15/2015 11:49:00 AM,25,CLEAR,DAYLIGHT,TURNING,FOUR WAY,NO CONTROLS,FAILING TO REDUCE SPEED,NOT APPLICABLE,0,0,0,0,11,6,5,1850,LAKE SHORE DR,41.96897,-87.741617,05/15/2015 12:21:00 PM,2015
CR00023646,08/28/2021 07:37:00 AM,45,SNOW,DAYLIGHT,REAR TO FRONT,NOT DIVIDED,NO CONTROLS,FAILING TO YIELD RIGHT-OF-WAY,WEATHER,0,0,2,2,7,7,8,2211,BROADWAY,41.892815,-87.843325,08/28/2021 08:44:00 AM,2021
CR00023647,09/25/2018 06:35:00 PM,40,CLEAR,DAYLIGHT,SIDESWIPE SAME DIRECTION,FOUR WAY,UNKNOWN,DRIVING SKILLS/KNOWLEDGE/EXPERIENCE,UNABLE TO DETERMINE,0,0,0,0,18,3,9,1717,DIVISION ST,41.815379,-87.566928,09/25/2018 06:55:00 PM,2018
CR00023648,06/09/2022 01:20:00 PM,15,CLEAR,DAYLIGHT,REAR END,ONE-WAY,TRAFFIC SIGNAL,DRIVING SKILLS/KNOWLEDGE/EXPERIENCE,IMPROPER LANE USAGE,0,0,0,0,13,5,6,2479,STONY ISLAND AVE,41.800115,-87.622309,06/09/2022 02:23:00 PM,2022
CR00023649,09/15/2024 04:54:00 PM,15,CLEAR,DARKNESS - LIGHTED ROAD,REAR TO FRONT,DIVIDED - W/MEDIAN (NOT RAISED),STOP SIGN/FLASHER,DISTRACTION - FROM INSIDE VEHICLE,FAILING TO REDUCE SPEED,0,0,0,0,16,1,9,1843,OGDEN AVE,41.788331,-87.624453,09/15/2024 05:12:00 PM,2024
CR00023650,11/20/2020 11:04:00 AM,25,CLEAR,DARKNESS - LIGHTED ROAD,TURNING,NOT DIVIDED,NO CONTROLS,DRIVING SKILLS/KNOWLEDGE/EXPERIENCE,UNABLE TO DETERMINE,0,0,0,0,11,6,11,1572,IRVING PARK RD,41.992178,-87.733054,11/20/2020 12:44:00 PM,2020
CR00023651,03/27/2017 05:59:00 PM,40,CLOUDY/OVERCAST,DARKNESS - LIGHTED ROAD,PARKED MOTOR VEHICLE,ONE-WAY,NO CONTROLS,FOLLOWING TOO CLOSELY,UNABLE TO DETERMINE,0,0,0,0,17,2,3,2352,63RD ST,41.888772,-87.733152,03/27/2017 06:08:00 PM,2017
CR00023652,09/20/2021 08:28:00 PM,15,CLEAR,DAYLIGHT,TURNING,FOUR WAY,STOP SIGN/FLASHER,UNABLE TO DETERMINE,UNABLE TO DETERMINE,0,0,0,0,20,2,9,2453,PULASKI RD,41.791289,-87.691061,09/20/2021 08:44:00 PM,2021
CR00023653,07/15/2020 04:01:00 PM,35,CLEAR,DAYLIGHT,ANGLE,ONE-WAY,TRAFFIC SIGNAL,DISREGARDING TRAFFIC SIGNALS,NOT APPLICABLE,0,0,0,0,16,4,7,977,FULLERTON AVE,41.811784,-87.611868,07/15/2020 05:03:00 PM,2020
CR00023654,01/07/2020 11:53:00 AM,30,FREEZING RAIN/DRIZZLE,DARKNESS,FIXED OBJECT,DIVIDED - W/MEDIAN (NOT RAISED),PEDESTRIAN CROSSING SIGN,DISREGARDING TRAFFIC SIGNALS,FAILING TO YIELD RIGHT-OF-WAY,0,0,0,0,11,3,1,1598,BROADWAY,41.862548,-87.810252,01/07/2020 12:35:00 PM,2020
CR00023655,12/07/2017 10:02:00 AM,30,CLEAR,DAYLIGHT,REAR END,DIVIDED - W/MEDIAN BARRIER,TRAFFIC SIGNAL,DISREGARDING TRAFFIC SIGNALS,DISTRACTION - FROM INSIDE VEHICLE,0,0,0,0,10,5,12,1936,STONY ISLAND AVE,41.769374,-87.727454,12/07/2017 11:22:00 AM,2017
CR00023656,10/07/2022 04:22:00 PM,45,CLEAR,DAYLIGHT,REAR END,FOUR WAY,NO CONTROLS,UNABLE TO DETERMINE,UNABLE TO DETERMINE,0,0,1,1,16,6,10,1255,BROADWAY,41.777985,-87.598404,10/07/2022 04:39:00 PM,2022
CR00023657,02/12/2019 08:26:00 AM,45,CLEAR,DAYLIGHT,REAR END,DIVIDED - W/MEDIAN BARRIER,NO CONTROLS,FOLLOWING TOO CLOSELY,IMPROPER LANE USAGE,0,0,0,0,8,3,2,286,ARCHER AVE,41.803404,-87.544872,02/12/2019 09:04:00 AM,2019
CR00023658,12/24/2021 07:10:00 AM,45,CLOUDY/OVERCAST,DAYLIGHT,REAR TO FRONT,ONE-WAY,TRAFFIC SIGNAL,FAILING TO YIELD RIGHT-OF-WAY,NOT APPLICABLE,0,0,0,0,7,6,12,1228,STATE ST,41.741618,-87.528277,12/24/2021 08:18:00 AM,2021
CR00023659,09/13/2022 07:42:00 PM,45,CLEAR,DAYLIGHT,TURNING,NOT DIVIDED,NO CONTROLS,DISREGARDING TRAFFIC SIGNALS,DISREGARDING TRAFFIC SIGNALS,0,0,0,0,19,3,9,1364,CLARK ST,41.935673,-87.586674,09/13/2022 09:33:00 PM,2022
CR00023660,04/15/2019 08:25:00 AM,30,CLEAR,DAYLIGHT,PARKED MOTOR VEHICLE,NOT DIVIDED,TRAFFIC SIGNAL,DRIVING SKILLS/KNOWLEDGE/EXPERIENCE,UNABLE TO DETERMINE,0,0,0,0,8,2,4,1335,IRVING PARK RD,41.938703,-87.518074,04/15/2019 09:48:00 AM,2019
CR00023661,01/29/2016 05:17:00 PM,30,CLEAR,DARKNESS - LIGHTED ROAD,SIDESWIPE SAME DIRECTION,FOUR WAY,UNKNOWN,UNABLE TO DETERMINE,UNABLE TO DETERMINE,0,0,0,0,17,6,1,707,DIVISION ST,41.947176,-87.624084,01/29/2016 05:37:00 PM,2016
CR00023662,06/20/2016 01:25:00 PM,25,RAIN,DAYLIGHT,ANGLE,NOT DIVIDED,STOP SIGN/FLASHER,FOLLOWING TOO CLOSELY,DISTRACTION - FROM INSIDE VEHICLE,0,0,0,0,13,2,6,1109,CICERO AVE,41.753867,-87.744044,06/20/2016 02:28:00 PM,2016
CR00023663,07/09/2021 11:01:00 AM,25,CLEAR,DAYLIGHT,PEDESTRIAN,DIVIDED - W/MEDIAN (NOT RAISED),STOP SIGN/FLASHER,UNABLE TO DETERMINE,NOT APPLICABLE,0,0,1,1,11,6,7,576,OGDEN AVE,41.903513,-87.776952,07/09/2021 11:46:00 AM,2021
CR00023664,11/24/2018 05:30:00 PM,35,RAIN,DAYLIGHT,REAR END,NOT DIVIDED,NO CONTROLS,FAILING TO REDUCE SPEED,NOT APPLICABLE,0,0,0,0,17,7,11,201,STONY ISLAND AVE,41.723315,-87.798478,11/24/2018 06:10:00 PM,2018
CR00023665,06/29/2018 08:54:00 PM,35,CLEAR,DARKNESS - LIGHTED ROAD,REAR END,NOT DIVIDED,NO CONTROLS,UNABLE TO DETERMINE,UNABLE TO DETERMINE,0,0,0,0,20,6,6,1324,CICERO AVE,41.982611,-87.755852,06/29/2018 10:33:00 PM,2018
CR00023666,09/07/2017 01:19:00 AM,25,CLEAR,DARKNESS - LIGHTED ROAD,SIDESWIPE SAME DIRECTION,NOT DIVIDED,NO CONTROLS,DRIVING SKILLS/KNOWLEDGE/EXPERIENCE,FOLLOWING TOO CLOSELY,0,0,0,0,1,5,9,1826,BROADWAY,41.81111,-87.539757,09/07/2017 01:47:00 AM,2017
CR00023667,01/21/2016 10:27:00 AM,35,RAIN,DAYLIGHT,FIXED OBJECT,T-INTERSECTION,TRAFFIC SIGNAL,UNABLE TO DETERMINE,UNABLE TO DETERMINE,0,0,0,0,10,5,1,733,IRVING PARK RD,41.882891,-87.738515,01/21/2016 12:27:00 PM,2016
CR00023668,09/22/2024 05:34:00 PM,25,CLOUDY/OVERCAST,DAWN,FIXED OBJECT,NOT DIVIDED,STOP SIGN/FLASHER,WEATHER,DISTRACTION - FROM INSIDE VEHICLE,0,0,1,1,17,1,9,2178,47TH ST,41.858172,-87.828091,09/22/2024 05:44:00 PM,2024
CR00023669,02/19/2018 05:27:00 PM,15,CLEAR,DAYLIGHT,SIDESWIPE SAME DIRECTION,NOT DIVIDED,STOP SIGN/FLASHER,FAILING TO YIELD RIGHT-OF-WAY,UNABLE TO DETERMINE,0,0,0,0,17,2,2,308,BROADWAY,41.953926,-87.811105,02/19/2018 05:38:00 PM,2018
CR00023670,06/23/2019 06:12:00 AM,30,CLEAR,DAYLIGHT,FIXED OBJECT,FOUR WAY,NO CONTROLS,FAILING TO YIELD RIGHT-OF-WAY,UNABLE TO DETERMINE,0,0,0,0,6,1,6,1538,CLARK ST,41.907422,-87.516333,06/23/2019 07:09:00 AM,2019
CR00023671,07/07/2021 06:43:00 AM,20,CLEAR,DAYLIGHT,TURNING,NOT DIVIDED,TRAFFIC SIGNAL,FAILING TO YIELD RIGHT-OF-WAY,NOT APPLICABLE,0,0,0,0,6,4,7,2488,ARCHER AVE,41.737878,-87.732945,07/07/2021 07:29:00 AM,2021
CR00023672,12/26/2018 07:24:00 AM,40,CLEAR,DAYLIGHT,TURNING,NOT DIVIDED,TRAFFIC SIGNAL,IMPROPER OVERTAKING/PASSING,NOT APPLICABLE,0,0,0,0,7,4,12,144,HALSTED ST,41.837822,-87.701417,12/26/2018 07:38:00 AM,2018
CR00023673,08/14/2017 04:16:00 PM,30,CLEAR,DAYLIGHT,FIXED OBJECT,DIVIDED - W/MEDIAN (NOT RAISED),TRAFFIC SIGNAL,FAILING TO YIELD RIGHT-OF-WAY,UNABLE TO DETERMINE,0,0,0,0,16,2,8,1553,79TH ST,41.906072,-87.507573,08/14/2017 05:53:00 PM,2017
CR00023674,08/09/2015 02:28:00 PM,30,CLEAR,DAYLIGHT,SIDESWIPE SAME DIRECTION,T-INTERSECTION,NO CONTROLS,DISTRACTION - FROM INSIDE VEHICLE,UNABLE TO DETERMINE,0,0,1,1,14,1,8,1183,DAMEN AVE,41.775469,-87.602853,08/09/2015 03:41:00 PM,2015
CR00023675,03/31/2016 06:24:00 PM,20,CLEAR,DAYLIGHT,REAR END,NOT DIVIDED,UNKNOWN,DISTRACTION - FROM INSIDE VEHICLE,DRIVING SKILLS/KNOWLEDGE/EXPERIENCE,0,0,0,0,18,5,3,2284,47TH ST,41.87803,-87.731722,03/31/2016 07:47:00 PM,2016
CR00023676,09/23/2022 08:48:00 AM,15,RAIN,DARKNESS - LIGHTED ROAD,REAR END,NOT DIVIDED,UNKNOWN,UNABLE TO DETERMINE,FOLLOWING TOO CLOSELY,0,0,0,0,8,6,9,2094,CALIFORNIA AVE,41.929506,-87.711939,09/23/2022 09:47:00 AM,2022
CR00023677,02/09/2021 06:34:00 PM,40,CLEAR,DAYLIGHT,TURNING,NOT DIVIDED,TRAFFIC SIGNAL,UNABLE TO DETERMINE,UNABLE TO DETERMINE,0,0,1,1,18,3,2,516,KEDZIE AVE,41.833686,-87.611171,02/09/2021 07:36:00 PM,2021
CR00023678,08/13/2020 04:19:00 PM,40,CLOUDY/OVERCAST,DARKNESS - LIGHTED ROAD,REAR END,T-INTERSECTION,NO CONTROLS,FOLLOWING TOO CLOSELY,IMPROPER OVERTAKING/PASSING,0,0,0,0,16,5,8,1764,BROADWAY,41.927262,-87.796258,08/13/2020 04:35:00 PM,2020
CR00023679,03/25/2016 03:48:00 PM,15,CLEAR,DARKNESS - LIGHTED ROAD,ANGLE,FOUR WAY,TRAFFIC SIGNAL,DISTRACTION - FROM INSIDE VEHICLE,FAILING TO REDUCE SPEED,0,0,1,1,15,6,3,1438,MILWAUKEE AVE,41.749058,-87.665597,03/25/2016 04:51:00 PM,2016
CR00023680,02/12/2024 06:21:00 PM,30,CLEAR,DAYLIGHT,REAR END,NOT DIVIDED,UNKNOWN,UNABLE TO DETERMINE,FAILING TO REDUCE SPEED,0,0,0,0,18,2,2,709,STATE ST,41.754332,-87.581027,02/12/2024 07:06:00 PM,2024
CR00023681,09/25/2018 08:48:00 AM,15,SNOW,DAYLIGHT,REAR TO FRONT,DIVIDED - W/MEDIAN (NOT RAISED),NO CONTROLS,UNABLE TO DETERMINE,UNABLE TO DETERMINE,0,0,0,0,8,3,9,195,DAMEN AVE,41.719337,-87.75839,09/25/2018 10:34:00 AM,2018
CR00023682,01/10/2015 03:58:00 AM,35,RAIN,DARKNESS - LIGHTED ROAD,SIDESWIPE SAME DIRECTION,FOUR WAY,NO CONTROLS,UNABLE TO DETERMINE,IMPROPER OVERTAKING/PASSING,0,0,0,0,3,7,1,487,CLARK ST,41.904575,-87.712299,01/10/2015 04:37:00 AM,2015
CR00023683,11/20/2022 01:34:00 PM,35,CLEAR,DAYLIGHT,SIDESWIPE SAME DIRECTION,ONE-WAY,TRAFFIC SIGNAL,FOLLOWING TOO CLOSELY,FOLLOWING TOO CLOSELY,0,0,0,0,13,1,11,182,FULLERTON AVE,41.822555,-87.512629,11/20/2022 02:09:00 PM,2022
CR00023684,02/23/2024 09:27:00 AM,30,CLEAR,DAYLIGHT,REAR END,DIVIDED - W/MEDIAN (NOT RAISED),UNKNOWN,DRIVING SKILLS/KNOWLEDGE/EXPERIENCE,DISTRACTION - FROM INSIDE VEHICLE,0,0,0,0,9,6,2,934,ELSTON AVE,41.782637,-87.705753,02/23/2024 10:21:00 AM,2024
CR00023685,03/21/2018 08:08:00 AM,35,CLEAR,DARKNESS - LIGHTED ROAD,REAR END,DIVIDED - W/MEDIAN (NOT RAISED),PEDESTRIAN CROSSING SIGN,FAILING TO YIELD RIGHT-OF-WAY,DISREGARDING TRAFFIC SIGNALS,0,0,0,0,8,4,3,2292,63RD ST,41.841689,-87.793409,03/21/2018 09:25:00 AM,2018
CR00023686,05/15/2022 03:41:00 PM,35,CLEAR,DARKNESS - LIGHTED ROAD,FIXED OBJECT,DIVIDED - W/MEDIAN (NOT RAISED),TRAFFIC SIGNAL,UNABLE TO DETERMINE,IMPROPER LANE USAGE,0,0,3,3,15,1,5,2117,MICHIGAN AVE,41.9343,-87.813274,05/15/2022 05:03:00 PM,2022
CR00023687,09/06/2020 06:26:00 PM,45,CLEAR,DARKNESS,REAR TO FRONT,NOT DIVIDED,NO CONTROLS,FAILING TO YIELD RIGHT-OF-WAY,UNABLE TO DETERMINE,0,0,0,0,18,1,9,2381,KEDZIE AVE,41.920164,-87.82543,09/06/2020 06:35:00 PM,2020
CR00023688,06/05/2024 05:26:00 AM,30,CLEAR,DAYLIGHT,ANGLE,DIVIDED - W/MEDIAN (NOT RAISED),STOP SIGN/FLASHER,DISREGARDING TRAFFIC SIGNALS,FOLLOWING TOO CLOSELY,0,0,0,0,5,4,6,1792,OGDEN AVE,41.819916,-87.799207,06/05/2024 06:20:00 AM,2024
CR00023689,04/27/2022 05:34:00 AM,45,CLEAR,DAYLIGHT,REAR TO FRONT,NOT DIVIDED,NO CONTROLS,FOLLOWING TOO CLOSELY,UNABLE TO DETERMINE,0,0,0,0,5,4,4,975,HALSTED ST,41.864507,-87.645705,04/27/2022 05:49:00 AM,2022
CR00023690,03/03/2019 03:05:00 PM,25,CLOUDY/OVERCAST,DAYLIGHT,REAR END,NOT DIVIDED,TRAFFIC SIGNAL,UNABLE TO DETERMINE,DRIVING SKILLS/KNOWLEDGE/EXPERIENCE,0,0,0,0,15,1,3,339,ASHLAND AVE,41.842064,-87.538942,03/03/2019 05:05:00 PM,2019
CR00023691,11/03/2023 01:55:00 AM,35,CLEAR,DAYLIGHT,REAR TO FRONT,NOT DIVIDED,PEDESTRIAN CROSSING SIGN,UNABLE TO DETERMINE,UNABLE TO DETERMINE,0,0,0,0,1,6,11,1854,63RD ST,41.977064,-87.66858,11/03/2023 03:05:00 AM,2023
CR00023692,05/24/2018 10:02:00 PM,20,CLEAR,DAYLIGHT,REAR END,DIVIDED - W/MEDIAN (NOT RAISED),TRAFFIC SIGNAL,IMPROPER LANE USAGE,NOT APPLICABLE,0,0,0,0,22,5,5,684,OGDEN AVE,41.71424,-87.774661,05/24/2018 11:06:00 PM,2018
CR00023693,12/27/2019 08:51:00 AM,40,CLEAR,DAYLIGHT,ANGLE,ONE-WAY,NO CONTROLS,IMPROPER LANE USAGE,DRIVING SKILLS/KNOWLEDGE/EXPERIENCE,0,0,0,0,8,6,12,2383,CICERO AVE,41.866786,-87.613425,12/27/2019 09:40:00 AM,2019
CR00023694,04/25/2019 04:48:00 PM,30,CLEAR,DAYLIGHT,REAR END,DIVIDED - W/MEDIAN BARRIER,UNKNOWN,FOLLOWING TOO CLOSELY,UNABLE TO DETERMINE,0,0,0,0,16,5,4,2375,CLARK ST,41.827356,-87.816057,04/25/2019 05:59:00 PM,2019
CR00023695,04/20/2024 02:29:00 PM,30,CLEAR,DAYLIGHT,SIDESWIPE SAME DIRECTION,ONE-WAY,NO CONTROLS,IMPROPER LANE USAGE,IMPROPER LANE USAGE,0,0,1,1,14,7,4,847,BROADWAY,41.852614,-87.813687,04/20/2024 03:36:00 PM,2024
CR00023696,11/22/2020 09:53:00 PM,20,FREEZING RAIN/DRIZZLE,DAWN,TURNING,NOT DIVIDED,NO CONTROLS,FOLLOWING TOO CLOSELY,DISTRACTION - FROM INSIDE VEHICLE,0,0,1,1,21,1,11,1008,CLARK ST,41.741294,-87.542359,11/22/2020 10:42:00 PM,2020
CR00023697,09/11/2019 08:47:00 AM,45,CLEAR,DARKNESS - LIGHTED ROAD,PARKED MOTOR VEHICLE,NOT DIVIDED,NO CONTROLS,DISREGARDING TRAFFIC SIGNALS,IMPROPER OVERTAKING/PASSING,0,0,1,1,8,4,9,2312,STATE ST,41.888839,-87.616511,09/11/2019 09:26:00 AM,2019
CR00023698,11/09/2017 05:22:00 AM,30,CLEAR,DAYLIGHT,REAR TO FRONT,NOT DIVIDED,TRAFFIC SIGNAL,IMPROPER LANE USAGE,FAILING TO REDUCE SPEED,0,0,0,0,5,5,11,2003,FULLERTON AVE,41.972345,-87.59601,11/09/2017 06:00:00 AM,2017
CR00023699,05/22/2018 09:25:00 AM,20,CLEAR,DAYLIGHT,SIDESWIPE SAME DIRECTION,DIVIDED - W/MEDIAN (NOT RAISED),TRAFFIC SIGNAL,UNABLE TO DETERMINE,UNABLE TO DETERMINE,0,0,0,0,9,3,5,542,WESTERN AVE,41.943183,-87.753346,05/22/2018 09:33:00 AM,2018
CR00023700,10/18/2024 10:32:00 AM,30,CLEAR,DARKNESS - LIGHTED ROAD,FIXED OBJECT,DIVIDED - W/MEDIAN (NOT RAISED),TRAFFIC SIGNAL,FOLLOWING TOO CLOSELY,NOT APPLICABLE,0,0,0,0,10,6,10,761,CICERO AVE,41.720873,-87.510714,10/18/2024 11:08:00 AM,2024
CR00023701,08/30/2021 07:29:00 PM,30,CLEAR,DAYLIGHT,ANGLE,DIVIDED - W/MEDIAN BARRIER,TRAFFIC SIGNAL,DRIVING SKILLS/KNOWLEDGE/EXPERIENCE,FAILING TO YIELD RIGHT-OF-WAY,0,0,0,0,19,2,8,1822,MICHIGAN AVE,41.929364,-87.711274,08/30/2021 07:35:00 PM,2021