CRASH_RECORD_ID,CRASH_DATE,POSTED_SPEED_LIMIT,WEATHER_CONDITION,LIGHTING_CONDITION,FIRST_CRASH_TYPE,TRAFFICWAY_TYPE,TRAFFIC_CONTROL_DEVICE,PRIM_CONTRIBUTORY_CAUSE,SEC_CONTRIBUTORY_CAUSE,INJURIES_FATAL,INJURIES_INCAPACITATING,INJURIES_NON_INCAPACITATING,INJURIES_TOTAL,CRASH_HOUR,CRASH_DAY_OF_WEEK,CRASH_MONTH,BEAT_OF_OCCURRENCE,STREET_NAME,LATITUDE,LONGITUDE,DATE_POLICE_NOTIFIED,year
CR00023702,09/28/2016 02:21:00 PM,20,FOG/SMOKE/HAZE,DARKNESS - LIGHTED ROAD,ANGLE,T-INTERSECTION,NO CONTROLS,DISTRACTION - FROM INSIDE VEHICLE,UNABLE TO DETERMINE,0,0,3,3,14,4,9,1320,WESTERN AVE,41.824117,-87.617923,09/28/2016 04:16:00 PM,2016
CR00023703,11/04/2017 04:17:00 AM,30,CLEAR,DAYLIGHT,TURNING,NOT DIVIDED,YIELD,IMPROPER OVERTAKING/PASSING,WEATHER,0,0,0,0,4,7,11,468,79TH ST,41.8652,-87.579685,11/04/2017 04:33:00 AM,2017
CR00023704,12/05/2017 08:35:00 PM,20,CLEAR,DARKNESS,TURNING,DIVIDED - W/MEDIAN BARRIER,NO CONTROLS,UNABLE TO DETERMINE,UNABLE TO DETERMINE,0,0,0,0,20,3,12,1874,BROADWAY,41.790406,-87.506202,12/05/2017 08:50:00 PM,2017
CR00023705,09/09/2023 08:14:00 AM,40,CLEAR,DARKNESS,ANGLE,ONE-WAY,TRAFFIC SIGNAL,FAILING TO REDUCE SPEED,FAILING TO YIELD RIGHT-OF-WAY,0,1,3,4,8,7,9,878,ARCHER AVE,41.741245,-87.826426,09/09/2023 08:56:00 AM,2023
CR00023706,06/10/2022 08:11:00 AM,30,CLEAR,DARKNESS - LIGHTED ROAD,TURNING,ONE-WAY,NO CONTROLS,UNABLE TO DETERMINE,NOT APPLICABLE,0,0,0,0,8,6,6,1924,ROOSEVELT RD,41.927934,-87.8112,06/10/2022 09:59:00 AM,2022
CR00023707,03/22/2017 05:07:00 PM,30,SNOW,DAYLIGHT,ANGLE,ONE-WAY,NO CONTROLS,FOLLOWING TOO CLOSELY,IMPROPER OVERTAKING/PASSING,0,0,2,2,17,4,3,1673,KEDZIE AVE,41.977668,-87.522869,03/22/2017 05:45:00 PM,2017
CR00023708,07/08/2017 07:35:00 AM,35,CLEAR,DARKNESS,REAR END,NOT DIVIDED,NO CONTROLS,UNABLE TO DETERMINE,FOLLOWING TOO CLOSELY,0,0,0,0,7,7,7,2265,HALSTED ST,41.837844,-87.710974,07/08/2017 09:25:00 AM,2017
CR00023709,12/12/2020 11:00:00 AM,40,CLEAR,DAYLIGHT,REAR END,ONE-WAY,TRAFFIC SIGNAL,FAILING TO YIELD RIGHT-OF-WAY,NOT APPLICABLE,0,0,2,2,11,7,12,1377,CALIFORNIA AVE,41.984343,-87.523131,12/12/2020 12:09:00 PM,2020
CR00023710,01/06/2024 10:20:00 PM,25,CLEAR,DAYLIGHT,SIDESWIPE SAME DIRECTION,DIVIDED - W/MEDIAN BARRIER,STOP SIGN/FLASHER,UNABLE TO DETERMINE,NOT APPLICABLE,0,0,0,0,22,7,1,2035,47TH ST,41.766818,-87.83936,01/06/2024 10:40:00 PM,2024
CR00023711,11/20/2022 09:04:00 AM,30,RAIN,DARKNESS - LIGHTED ROAD,PARKED MOTOR VEHICLE,FOUR WAY,TRAFFIC SIGNAL,DRIVING SKILLS/KNOWLEDGE/EXPERIENCE,DISREGARDING TRAFFIC SIGNALS,0,0,0,0,9,1,11,2016,WESTERN AVE,41.99262,-87.718366,11/20/2022 09:16:00 AM,2022
CR00023712,10/03/2015 08:54:00 PM,30,CLEAR,DAYLIGHT,REAR END,ONE-WAY,NO CONTROLS,FOLLOWING TOO CLOSELY,FAILING TO YIELD RIGHT-OF-WAY,0,0,0,0,20,7,10,908,ASHLAND AVE,41.90578,-87.837922,10/03/2015 10:26:00 PM,2015
CR00023713,09/05/2021 12:16:00 AM,15,CLEAR,DAYLIGHT,FIXED OBJECT,DIVIDED - W/MEDIAN (NOT RAISED),TRAFFIC SIGNAL,UNABLE TO DETERMINE,FAILING TO YIELD RIGHT-OF-WAY,0,0,0,0,0,1,9,774,ASHLAND AVE,41.732259,-87.624354,09/05/2021 12:23:00 AM,2021
CR00023714,02/18/2019 05:39:00 PM,30,CLEAR,DAYLIGHT,REAR END,NOT DIVIDED,TRAFFIC SIGNAL,WEATHER,FAILING TO YIELD RIGHT-OF-WAY,0,0,0,0,17,2,2,2475,STONY ISLAND AVE,41.855788,-87.577701,02/18/2019 06:27:00 PM,2019
CR00023715,09/15/2021 10:54:00 PM,25,CLEAR,DARKNESS - LIGHTED ROAD,REAR END,DIVIDED - W/MEDIAN (NOT RAISED),NO CONTROLS,DRIVING SKILLS/KNOWLEDGE/EXPERIENCE,DISTRACTION - FROM INSIDE VEHICLE,0,0,0,0,22,4,9,2016,63RD ST,41.931439,-87.687385,09/16/2021 12:08:00 AM,2021
CR00023716,04/15/2015 06:34:00 PM,25,CLEAR,DAYLIGHT,PARKED MOTOR VEHICLE,ONE-WAY,UNKNOWN,DISTRACTION - FROM INSIDE VEHICLE,UNABLE TO DETERMINE,0,0,0,0,18,4,4,1760,HALSTED ST,41.844705,-87.818668,04/15/2015 08:04:00 PM,2015
CR00023717,05/07/2016 05:59:00 PM,20,CLEAR,DAYLIGHT,ANGLE,NOT DIVIDED,TRAFFIC SIGNAL,UNABLE TO DETERMINE,NOT APPLICABLE,0,0,0,0,17,7,5,1937,FULLERTON AVE,41.972762,-87.700451,05/07/2016 06:34:00 PM,2016
CR00023718,12/19/2017 07:33:00 AM,30,RAIN,DUSK,TURNING,NOT DIVIDED,NO CONTROLS,IMPROPER LANE USAGE,UNABLE TO DETERMINE,0,0,0,0,7,3,12,306,FULLERTON AVE,41.89173,-87.559036,12/19/2017 09:05:00 AM,2017
CR00023719,12/14/2022 07:47:00 AM,25,CLEAR,DARKNESS - LIGHTED ROAD,REAR END,DIVIDED - W/MEDIAN (NOT RAISED),TRAFFIC SIGNAL,UNABLE TO DETERMINE,UNABLE TO DETERMINE,0,0,0,0,7,4,12,297,CLARK ST,41.847567,-87.63459,12/14/2022 09:40:00 AM,2022
CR00023720,03/27/2018 04:39:00 PM,30,RAIN,DARKNESS,PARKED MOTOR VEHICLE,NOT DIVIDED,STOP SIGN/FLASHER,UNABLE TO DETERMINE,FOLLOWING TOO CLOSELY,0,0,0,0,16,3,3,123,CICERO AVE,41.786765,-87.705934,03/27/2018 04:44:00 PM,2018
CR00023721,09/12/2022 07:35:00 PM,25,CLOUDY/OVERCAST,DAYLIGHT,REAR END,FOUR WAY,NO CONTROLS,DISREGARDING TRAFFIC SIGNALS,FAILING TO YIELD RIGHT-OF-WAY,0,0,0,0,19,2,9,260,PULASKI RD,41.867362,-87.827891,09/12/2022 08:03:00 PM,2022
CR00023722,06/16/2021 03:50:00 PM,35,CLEAR,DAYLIGHT,TURNING,NOT DIVIDED,NO CONTROLS,FAILING TO YIELD RIGHT-OF-WAY,FOLLOWING TOO CLOSELY,0,0,1,1,15,4,6,1327,ROOSEVELT RD,41.772591,-87.804707,06/16/2021 05:26:00 PM,2021
CR00023723,12/19/2018 04:01:00 PM,25,RAIN,DARKNESS - LIGHTED ROAD,PARKED MOTOR VEHICLE,FOUR WAY,TRAFFIC SIGNAL,UNABLE TO DETERMINE,FOLLOWING TOO CLOSELY,0,0,0,0,16,4,12,2500,63RD ST,41.751897,-87.609943,12/19/2018 06:01:00 PM,2018
CR00023724,09/08/2024 06:10:00 AM,30,CLEAR,DAWN,REAR END,NOT DIVIDED,STOP SIGN/FLASHER,IMPROPER LANE USAGE,UNABLE TO DETERMINE,0,0,0,0,6,1,9,428,FULLERTON AVE,41.830828,-87.516477,09/08/2024 06:43:00 AM,2024
CR00023725,09/06/2017 10:23:00 AM,40,CLEAR,DARKNESS,REAR TO FRONT,NOT DIVIDED,NO CONTROLS,DISREGARDING TRAFFIC SIGNALS,DISREGARDING TRAFFIC SIGNALS,0,0,0,0,10,4,9,243,ASHLAND AVE,41.998783,-87.756759,09/06/2017 10:43:00 AM,2017
CR00023726,08/07/2023 02:00:00 PM,40,CLOUDY/OVERCAST,DAYLIGHT,REAR END,NOT DIVIDED,NO CONTROLS,DISREGARDING TRAFFIC SIGNALS,UNABLE TO DETERMINE,0,1,1,2,14,2,8,448,LAKE SHORE DR,41.833931,-87.828924,08/07/2023 02:44:00 PM,2023
CR00023727,04/06/2023 06:59:00 PM,35,RAIN,DARKNESS,REAR END,NOT DIVIDED,NO CONTROLS,FOLLOWING TOO CLOSELY,FAILING TO REDUCE SPEED,0,0,0,0,18,5,4,1470,OGDEN AVE,41.919466,-87.797196,04/06/2023 08:01:00 PM,2023
CR00023728,09/29/2018 10:17:00 PM,30,CLEAR,DAYLIGHT,REAR END,NOT DIVIDED,UNKNOWN,UNABLE TO DETERMINE,UNABLE TO DETERMINE,0,0,1,1,22,7,9,2255,CALIFORNIA AVE,41.830415,-87.606884,09/29/2018 10:47:00 PM,2018
CR00023729,06/02/2015 09:13:00 AM,45,CLEAR,DARKNESS - LIGHTED ROAD,FIXED OBJECT,NOT DIVIDED,STOP SIGN/FLASHER,FOLLOWING TOO CLOSELY,UNABLE TO DETERMINE,0,0,0,0,9,3,6,2349,HALSTED ST,41.983481,-87.843085,06/02/2015 09:24:00 AM,2015
CR00023730,09/04/2020 07:08:00 PM,30,CLEAR,DAYLIGHT,REAR END,DIVIDED - W/MEDIAN (NOT RAISED),STOP SIGN/FLASHER,DISREGARDING TRAFFIC SIGNALS,UNABLE TO DETERMINE,0,0,0,0,19,6,9,1327,IRVING PARK RD,41.994463,-87.617884,09/04/2020 08:55:00 PM,2020
CR00023731,03/27/2016 09:21:00 AM,30,CLEAR,DARKNESS - LIGHTED ROAD,ANGLE,NOT DIVIDED,NO CONTROLS,FOLLOWING TOO CLOSELY,UNABLE TO DETERMINE,0,0,0,0,9,1,3,2398,CICERO AVE,41.813664,-87.506951,03/27/2016 09:30:00 AM,2016
CR00023732,09/28/2024 04:50:00 PM,30,CLEAR,DARKNESS - LIGHTED ROAD,TURNING,DIVIDED - W/MEDIAN (NOT RAISED),NO CONTROLS,IMPROPER LANE USAGE,FAILING TO YIELD RIGHT-OF-WAY,0,0,0,0,16,7,9,1407,LAKE SHORE DR,41.703518,-87.724323,09/28/2024 05:25:00 PM,2024
CR00023733,02/12/2019 08:47:00 PM,30,CLEAR,DAYLIGHT,ANGLE,ONE-WAY,NO CONTROLS,DISTRACTION - FROM INSIDE VEHICLE,FAILING TO YIELD RIGHT-OF-WAY,0,0,0,0,20,3,2,620,LAKE SHORE DR,41.987945,-87.823341,02/12/2019 10:34:00 PM,2019
CR00023734,03/07/2019 08:18:00 AM,30,RAIN,DAYLIGHT,SIDESWIPE SAME DIRECTION,DIVIDED - W/MEDIAN (NOT RAISED),TRAFFIC SIGNAL,FAILING TO YIELD RIGHT-OF-WAY,FAILING TO YIELD RIGHT-OF-WAY,0,0,3,3,8,5,3,1314,63RD ST,41.701812,-87.814069,03/07/2019 09:37:00 AM,2019
CR00023735,11/05/2018 10:19:00 AM,30,CLEAR,DARKNESS - LIGHTED ROAD,PARKED MOTOR VEHICLE,FOUR WAY,NO CONTROLS,DISTRACTION - FROM INSIDE VEHICLE,DRIVING SKILLS/KNOWLEDGE/EXPERIENCE,0,0,0,0,10,2,11,730,ELSTON AVE,41.9481,-87.519053,11/05/2018 11:48:00 AM,2018
CR00023736,04/27/2020 12:36:00 AM,35,CLEAR,DARKNESS - LIGHTED ROAD,SIDESWIPE SAME DIRECTION,NOT DIVIDED,NO CONTROLS,FOLLOWING TOO CLOSELY,UNABLE TO DETERMINE,0,2,2,4,0,2,4,2056,STATE ST,41.831575,-87.589879,04/27/2020 01:10:00 AM,2020
CR00023737,10/07/2019 07:09:00 AM,35,CLEAR,DARKNESS - LIGHTED ROAD,TURNING,ONE-WAY,STOP SIGN/FLASHER,IMPROPER OVERTAKING/PASSING,NOT APPLICABLE,0,0,0,0,7,2,10,1013,BROADWAY,41.994536,-87.768005,10/07/2019 08:03:00 AM,2019
CR00023738,11/18/2024 12:37:00 AM,30,CLEAR,DAYLIGHT,ANGLE,T-INTERSECTION,STOP SIGN/FLASHER,UNABLE TO DETERMINE,DISREGARDING TRAFFIC SIGNALS,0,0,1,1,0,2,11,1296,DAMEN AVE,41.821173,-87.533258,11/18/2024 02:31:00 AM,2024
CR00023739,02/13/2016 03:37:00 AM,35,CLEAR,DAYLIGHT,PEDESTRIAN,NOT DIVIDED,TRAFFIC SIGNAL,UNABLE TO DETERMINE,FOLLOWING TOO CLOSELY,0,0,0,0,3,7,2,186,LAKE SHORE DR,41.956001,-87.703097,02/13/2016 05:04:00 AM,2016
CR00023740,12/29/2024 05:27:00 PM,30,CLEAR,DAYLIGHT,TURNING,FOUR WAY,TRAFFIC SIGNAL,FAILING TO YIELD RIGHT-OF-WAY,UNABLE TO DETERMINE,0,0,1,1,17,1,12,1284,PULASKI RD,41.753758,-87.815187,12/29/2024 05:36:00 PM,2024
CR00023741,04/26/2018 01:32:00 AM,15,CLEAR,DAYLIGHT,REAR END,DIVIDED - W/MEDIAN BARRIER,TRAFFIC SIGNAL,UNABLE TO DETERMINE,DISTRACTION - FROM INSIDE VEHICLE,0,0,0,0,1,5,4,2407,CALIFORNIA AVE,41.74383,-87.620555,04/26/2018 03:32:00 AM,2018
CR00023742,08/04/2016 04:47:00 PM,15,CLEAR,DARKNESS - LIGHTED ROAD,REAR TO FRONT,DIVIDED - W/MEDIAN (NOT RAISED),TRAFFIC SIGNAL,DISREGARDING TRAFFIC SIGNALS,UNABLE TO DETERMINE,0,0,0,0,16,5,8,1138,BROADWAY,41.702278,-87.585281,08/04/2016 04:55:00 PM,2016
CR00023743,01/04/2024 08:50:00 PM,20,RAIN,DAYLIGHT,REAR END,NOT DIVIDED,TRAFFIC SIGNAL,FAILING TO YIELD RIGHT-OF-WAY,FOLLOWING TOO CLOSELY,0,0,0,0,20,5,1,2002,FULLERTON AVE,41.870363,-87.734588,01/04/2024 08:55:00 PM,2024
CR00023744,09/25/2015 08:58:00 AM,30,RAIN,DAYLIGHT,REAR TO FRONT,ONE-WAY,STOP SIGN/FLASHER,UNABLE TO DETERMINE,DRIVING SKILLS/KNOWLEDGE/EXPERIENCE,0,0,0,0,8,6,9,857,MICHIGAN AVE,41.721664,-87.523483,09/25/2015 09:35:00 AM,2015
CR00023745,05/23/2015 08:35:00 PM,35,CLEAR,DARKNESS - LIGHTED ROAD,FIXED OBJECT,ONE-WAY,YIELD,IMPROPER LANE USAGE,FAILING TO REDUCE SPEED,0,0,0,0,20,7,5,2498,ROOSEVELT RD,41.784486,-87.713002,05/23/2015 09:36:00 PM,2015
CR00023746,07/18/2021 05:10:00 PM,40,CLEAR,DUSK,REAR TO FRONT,ONE-WAY,TRAFFIC SIGNAL,UNABLE TO DETERMINE,UNABLE TO DETERMINE,0,0,0,0,17,1,7,742,79TH ST,41.772564,-87.696574,07/18/2021 05:27:00 PM,2021
CR00023747,01/11/2016 01:41:00 PM,35,CLEAR,DARKNESS - LIGHTED ROAD,REAR END,NOT DIVIDED,NO CONTROLS,FOLLOWING TOO CLOSELY,FOLLOWING TOO CLOSELY,0,0,0,0,13,2,1,2097,DIVISION ST,41.780261,-87.615503,01/11/2016 03:16:00 PM,2016
CR00023748,11/12/2022 05:55:00 PM,35,CLEAR,DAWN,TURNING,DIVIDED - W/MEDIAN BARRIER,TRAFFIC SIGNAL,WEATHER,UNABLE TO DETERMINE,0,0,0,0,17,7,11,338,IRVING PARK RD,41.756593,-87.805631,11/12/2022 07:45:00 PM,2022
CR00023749,07/06/2015 07:31:00 AM,45,SNOW,DARKNESS - LIGHTED ROAD,REAR END,DIVIDED - W/MEDIAN (NOT RAISED),TRAFFIC SIGNAL,FAILING TO YIELD RIGHT-OF-WAY,DRIVING SKILLS/KNOWLEDGE/EXPERIENCE,0,0,0,0,7,2,7,2015,FULLERTON AVE,41.941491,-87.733644,07/06/2015 08:23:00 AM,2015
CR00023750,08/23/2023 04:48:00 PM,35,CLEAR,DAYLIGHT,SIDESWIPE SAME DIRECTION,DIVIDED - W/MEDIAN (NOT RAISED),STOP SIGN/FLASHER,FAILING TO YIELD RIGHT-OF-WAY,NOT APPLICABLE,0,0,0,0,16,4,8,1377,IRVING PARK RD,41.788336,-87.724588,08/23/2023 05:57:00 PM,2023
CR00023751,08/24/2020 02:45:00 AM,25,CLEAR,DARKNESS,PARKED MOTOR VEHICLE,DIVIDED - W/MEDIAN BARRIER,TRAFFIC SIGNAL,UNABLE TO DETERMINE,UNABLE TO DETERMINE,0,0,0,0,2,2,8,2406,OGDEN AVE,41.855237,-87.842265,08/24/2020 03:51:00 AM,2020
CR00023752,09/23/2024 11:45:00 AM,15,CLEAR,DAYLIGHT,ANGLE,DIVIDED - W/MEDIAN BARRIER,TRAFFIC SIGNAL,FAILING TO YIELD RIGHT-OF-WAY,DISTRACTION - FROM INSIDE VEHICLE,0,0,0,0,11,2,9,1248,47TH ST,41.766413,-87.545401,09/23/2024 01:31:00 PM,2024
CR00023753,08/19/2016 09:26:00 PM,35,CLEAR,DARKNESS - LIGHTED ROAD,ANGLE,T-INTERSECTION,TRAFFIC SIGNAL,FOLLOWING TOO CLOSELY,FOLLOWING TOO CLOSELY,0,0,0,0,21,6,8,2173,IRVING PARK RD,41.875084,-87.790939,08/19/2016 10:17:00 PM,2016
CR00023754,01/02/2019 08:46:00 AM,40,CLEAR,DAYLIGHT,FIXED OBJECT,T-INTERSECTION,TRAFFIC SIGNAL,IMPROPER LANE USAGE,NOT APPLICABLE,0,0,0,0,8,4,1,1430,MILWAUKEE AVE,41.828211,-87.672892,01/02/2019 09:43:00 AM,2019
CR00023755,12/22/2015 07:00:00 AM,45,CLEAR,DARKNESS - LIGHTED ROAD,PARKED MOTOR VEHICLE,DIVIDED - W/MEDIAN (NOT RAISED),STOP SIGN/FLASHER,DISTRACTION - FROM INSIDE VEHICLE,WEATHER,0,0,0,0,7,3,12,1995,KEDZIE AVE,41.953563,-87.519635,12/22/2015 08:17:00 AM,2015
CR00023756,11/18/2024 09:32:00 PM,35,SNOW,DARKNESS - LIGHTED ROAD,SIDESWIPE SAME DIRECTION,NOT DIVIDED,TRAFFIC SIGNAL,UNABLE TO DETERMINE,IMPROPER OVERTAKING/PASSING,0,0,0,0,21,2,11,1816,DIVISION ST,41.776002,-87.603553,11/18/2024 10:42:00 PM,2024
CR00023757,03/09/2019 01:21:00 AM,25,CLEAR,DAYLIGHT,TURNING,ONE-WAY,NO CONTROLS,IMPROPER OVERTAKING/PASSING,NOT APPLICABLE,0,0,0,0,1,7,3,2087,ASHLAND AVE,41.775517,-87.645971,03/09/2019 01:41:00 AM,2019
CR00023758,05/03/2023 12:07:00 PM,30,CLEAR,DARKNESS - LIGHTED ROAD,ANGLE,FOUR WAY,TRAFFIC SIGNAL,UNABLE TO DETERMINE,IMPROPER OVERTAKING/PASSING,0,0,0,0,12,4,5,393,HALSTED ST,41.893828,-87.564176,05/03/2023 12:39:00 PM,2023
CR00023759,02/23/2016 07:40:00 AM,30,SNOW,DARKNESS - LIGHTED ROAD,TURNING,DIVIDED - W/MEDIAN (NOT RAISED),TRAFFIC SIGNAL,WEATHER,FAILING TO REDUCE SPEED,0,0,0,0,7,3,2,780,CALIFORNIA AVE,41.758842,-87.509581,02/23/2016 08:26:00 AM,2016
CR00023760,07/03/2018 09:53:00 AM,30,CLEAR,DAYLIGHT,TURNING,NOT DIVIDED,TRAFFIC SIGNAL,FAILING TO YIELD RIGHT-OF-WAY,FAILING TO REDUCE SPEED,0,0,0,0,9,3,7,1430,ASHLAND AVE,41.799787,-87.819582,07/03/2018 11:19:00 AM,2018
CR00023761,09/09/2018 01:17:00 PM,35,CLEAR,DARKNESS - LIGHTED ROAD,TURNING,T-INTERSECTION,NO CONTROLS,DISTRACTION - FROM INSIDE VEHICLE,FOLLOWING TOO CLOSELY,0,0,0,0,13,1,9,1737,63RD ST,41.890948,-87.726902,09/09/2018 02:10:00 PM,2018
CR00023762,03/27/2016 12:39:00 AM,25,RAIN,DAYLIGHT,REAR TO FRONT,ONE-WAY,TRAFFIC SIGNAL,FAILING TO REDUCE SPEED,FOLLOWING TOO CLOSELY,0,0,0,0,0,1,3,540,47TH ST,41.807644,-87.719683,03/27/2016 12:42:00 AM,2016
CR00023763,10/16/2023 09:36:00 AM,35,CLEAR,DARKNESS - LIGHTED ROAD,SIDESWIPE SAME DIRECTION,DIVIDED - W/MEDIAN (NOT RAISED),TRAFFIC SIGNAL,DISREGARDING TRAFFIC SIGNALS,FOLLOWING TOO CLOSELY,0,0,0,0,9,2,10,577,STATE ST,41.809151,-87.773342,10/16/2023 10:58:00 AM,2023
CR00023764,10/22/2024 10:19:00 PM,15,CLEAR,DARKNESS - LIGHTED ROAD,REAR END,DIVIDED - W/MEDIAN (NOT RAISED),NO CONTROLS,FOLLOWING TOO CLOSELY,UNABLE TO DETERMINE,0,0,1,1,22,3,10,286,HALSTED ST,41.826117,-87.652538,10/22/2024 11:40:00 PM,2024
CR00023765,03/12/2015 04:03:00 PM,30,FREEZING RAIN/DRIZZLE,DARKNESS - LIGHTED ROAD,SIDESWIPE SAME DIRECTION,NOT DIVIDED,PEDESTRIAN CROSSING SIGN,UNABLE TO DETERMINE,FAILING TO YIELD RIGHT-OF-WAY,0,0,0,0,16,5,3,174,KEDZIE AVE,41.777959,-87.596668,03/12/2015 05:41:00 PM,2015
CR00023766,12/06/2019 12:30:00 PM,30,RAIN,DAYLIGHT,SIDESWIPE SAME DIRECTION,FOUR WAY,NO CONTROLS,FOLLOWING TOO CLOSELY,UNABLE TO DETERMINE,0,0,0,0,12,6,12,1957,79TH ST,41.876175,-87.691192,12/06/2019 12:57:00 PM,2019
CR00023767,05/07/2023 12:30:00 AM,35,CLEAR,DAYLIGHT,TURNING,ONE-WAY,TRAFFIC SIGNAL,FAILING TO REDUCE SPEED,NOT APPLICABLE,0,0,0,0,0,1,5,1327,47TH ST,41.915168,-87.510843,05/07/2023 01:00:00 AM,2023
CR00023768,01/10/2022 11:52:00 AM,15,CLEAR,DAYLIGHT,REAR END,NOT DIVIDED,UNKNOWN,IMPROPER LANE USAGE,DRIVING SKILLS/KNOWLEDGE/EXPERIENCE,0,0,0,0,11,2,1,384,WESTERN AVE,41.750366,-87.627778,01/10/2022 12:27:00 PM,2022
CR00023769,01/05/2019 04:31:00 AM,30,CLEAR,DAYLIGHT,TURNING,NOT DIVIDED,STOP SIGN/FLASHER,UNABLE TO DETERMINE,UNABLE TO DETERMINE,0,0,0,0,4,7,1,2242,OGDEN AVE,41.827824,-87.759828,01/05/2019 06:07:00 AM,2019
CR00023770,06/14/2021 03:04:00 PM,30,RAIN,DAYLIGHT,PARKED MOTOR VEHICLE,DIVIDED - W/MEDIAN (NOT RAISED),TRAFFIC SIGNAL,DISREGARDING TRAFFIC SIGNALS,NOT APPLICABLE,0,0,0,0,15,2,6,815,CLARK ST,41.864576,-87.557384,06/14/2021 03:38:00 PM,2021
CR00023771,10/17/2015 11:44:00 PM,35,CLEAR,DUSK,ANGLE,T-INTERSECTION,TRAFFIC SIGNAL,DISTRACTION - FROM INSIDE VEHICLE,FAILING TO REDUCE SPEED,0,0,0,0,23,7,10,1604,ELSTON AVE,41.700258,-87.579589,10/18/2015 01:34:00 AM,2015
CR00023772,01/13/2015 10:58:00 AM,15,CLEAR,DAWN,ANGLE,DIVIDED - W/MEDIAN BARRIER,TRAFFIC SIGNAL,UNABLE TO DETERMINE,UNABLE TO DETERMINE,0,0,0,0,10,3,1,1063,CLARK ST,41.882573,-87.793901,01/13/2015 11:23:00 AM,2015
CR00023773,03/15/2019 01:44:00 PM,25,CLEAR,DAYLIGHT,SIDESWIPE SAME DIRECTION,FOUR WAY,STOP SIGN/FLASHER,WEATHER,FAILING TO YIELD RIGHT-OF-WAY,0,0,1,1,13,6,3,776,HALSTED ST,41.706832,-87.564192,03/15/2019 02:43:00 PM,2019
CR00023774,05/06/2020 03:02:00 PM,30,CLEAR,DAYLIGHT,FIXED OBJECT,FOUR WAY,TRAFFIC SIGNAL,UNABLE TO DETERMINE,IMPROPER OVERTAKING/PASSING,0,0,1,1,15,4,5,710,MICHIGAN AVE,41.782282,-87.503393,05/06/2020 03:21:00 PM,2020
CR00023775,06/05/2022 09:56:00 AM,15,RAIN,DAYLIGHT,TURNING,NOT DIVIDED,UNKNOWN,FOLLOWING TOO CLOSELY,UNABLE TO DETERMINE,0,0,0,0,9,1,6,1653,OGDEN AVE,41.890526,-87.698848,06/05/2022 10:25:00 AM,2022
CR00023776,01/14/2020 06:42:00 PM,25,CLEAR,DUSK,TURNING,NOT DIVIDED,TRAFFIC SIGNAL,UNABLE TO DETERMINE,FOLLOWING TOO CLOSELY,0,1,3,4,18,3,1,607,ROOSEVELT RD,41.834392,-87.599545,01/14/2020 06:50:00 PM,2020
CR00023777,04/16/2021 01:45:00 PM,30,RAIN,DAYLIGHT,REAR TO FRONT,ONE-WAY,NO CONTROLS,IMPROPER LANE USAGE,UNABLE TO DETERMINE,0,0,0,0,13,6,4,1046,DAMEN AVE,41.882502,-87.700932,04/16/2021 02:16:00 PM,2021
CR00023778,12/16/2016 02:44:00 AM,20,CLOUDY/OVERCAST,DAYLIGHT,REAR TO FRONT,DIVIDED - W/MEDIAN (NOT RAISED),NO CONTROLS,DRIVING SKILLS/KNOWLEDGE/EXPERIENCE,UNABLE TO DETERMINE,0,0,0,0,2,6,12,2246,WESTERN AVE,41.880736,-87.777415,12/16/2016 04:16:00 AM,2016
CR00023779,03/13/2020 06:24:00 PM,35,CLEAR,DAYLIGHT,REAR END,DIVIDED - W/MEDIAN (NOT RAISED),TRAFFIC SIGNAL,FOLLOWING TOO CLOSELY,DRIVING SKILLS/KNOWLEDGE/EXPERIENCE,0,0,0,0,18,6,3,2530,79TH ST,41.829532,-87.833692,03/13/2020 06:29:00 PM,2020
CR00023780,08/31/2023 03:29:00 PM,35,CLEAR,DAYLIGHT,SIDESWIPE SAME DIRECTION,NOT DIVIDED,STOP SIGN/FLASHER,UNABLE TO DETERMINE,DISTRACTION - FROM INSIDE VEHICLE,0,1,0,1,15,5,8,1753,ARCHER AVE,41.890291,-87.776539,08/31/2023 03:42:00 PM,2023
CR00023781,12/17/2019 12:13:00 PM,35,CLEAR,DARKNESS,SIDESWIPE SAME DIRECTION,DIVIDED - W/MEDIAN BARRIER,STOP SIGN/FLASHER,FAILING TO YIELD RIGHT-OF-WAY,DISTRACTION - FROM INSIDE VEHICLE,0,0,0,0,12,3,12,538,WESTERN AVE,41.989126,-87.593009,12/17/2019 02:08:00 PM,2019
CR00023782,08/23/2019 05:55:00 AM,25,SNOW,DAWN,REAR END,ONE-WAY,STOP SIGN/FLASHER,UNABLE TO DETERMINE,FAILING TO YIELD RIGHT-OF-WAY,0,0,0,0,5,6,8,1523,63RD ST,41.736686,-87.616314,08/23/2019 07:45:00 AM,2019
CR00023783,09/20/2019 03:01:00 PM,35,CLEAR,DARKNESS - LIGHTED ROAD,PARKED MOTOR VEHICLE,DIVIDED - W/MEDIAN BARRIER,NO CONTROLS,IMPROPER OVERTAKING/PASSING,DISTRACTION - FROM INSIDE VEHICLE,0,0,0,0,15,6,9,1884,LAKE SHORE DR,41.769566,-87.549009,09/20/2019 04:48:00 PM,2019