CRASH_RECORD_ID,CRASH_DATE,POSTED_SPEED_LIMIT,WEATHER_CONDITION,LIGHTING_CONDITION,FIRST_CRASH_TYPE,TRAFFICWAY_TYPE,TRAFFIC_CONTROL_DEVICE,PRIM_CONTRIBUTORY_CAUSE,SEC_CONTRIBUTORY_CAUSE,INJURIES_FATAL,INJURIES_INCAPACITATING,INJURIES_NON_INCAPACITATING,INJURIES_TOTAL,CRASH_HOUR,CRASH_DAY_OF_WEEK,CRASH_MONTH,BEAT_OF_OCCURRENCE,STREET_NAME,LATITUDE,LONGITUDE,DATE_POLICE_NOTIFIED,year
CR00023784,05/29/2018 05:14:00 PM,30,CLEAR,DAYLIGHT,TURNING,DIVIDED - W/MEDIAN BARRIER,NO CONTROLS,FOLLOWING TOO CLOSELY,UNABLE TO DETERMINE,0,0,0,0,17,3,5,1954,63RD ST,41.787708,-87.712955,05/29/2018 06:32:00 PM,2018
CR00023785,02/01/2020 10:57:00 AM,35,SNOW,DAYLIGHT,FIXED OBJECT,NOT DIVIDED,TRAFFIC SIGNAL,UNABLE TO DETERMINE,FOLLOWING TOO CLOSELY,0,0,0,0,10,7,2,2339,STATE ST,41.832999,-87.759799,02/01/2020 12:23:00 PM,2020
CR00023786,05/14/2022 07:50:00 AM,30,CLEAR,DAYLIGHT,SIDESWIPE SAME DIRECTION,DIVIDED - W/MEDIAN (NOT RAISED),UNKNOWN,UNABLE TO DETERMINE,DISTRACTION - FROM INSIDE VEHICLE,0,0,0,0,7,7,5,462,BROADWAY,41.765827,-87.699344,05/14/2022 08:15:00 AM,2022
CR00023787,04/28/2021 12:37:00 PM,35,CLEAR,DAYLIGHT,PARKED MOTOR VEHICLE,FOUR WAY,TRAFFIC SIGNAL,FOLLOWING TOO CLOSELY,IMPROPER OVERTAKING/PASSING,0,0,0,0,12,4,4,1931,HALSTED ST,41.909898,-87.655217,04/28/2021 01:53:00 PM,2021
CR00023788,03/29/2021 05:14:00 PM,30,CLEAR,DAYLIGHT,SIDESWIPE SAME DIRECTION,NOT DIVIDED,STOP SIGN/FLASHER,IMPROPER LANE USAGE,FOLLOWING TOO CLOSELY,0,0,0,0,17,2,3,1363,ELSTON AVE,41.898144,-87.696617,03/29/2021 05:41:00 PM,2021
CR00023789,12/26/2015 07:05:00 AM,30,CLEAR,DAYLIGHT,PARKED MOTOR VEHICLE,NOT DIVIDED,STOP SIGN/FLASHER,FAILING TO YIELD RIGHT-OF-WAY,IMPROPER LANE USAGE,0,0,0,0,7,7,12,632,IRVING PARK RD,41.996766,-87.546735,12/26/2015 07:26:00 AM,2015
CR00023790,03/30/2016 06:52:00 PM,45,CLEAR,DAYLIGHT,REAR TO FRONT,DIVIDED - W/MEDIAN (NOT RAISED),TRAFFIC SIGNAL,DRIVING SKILLS/KNOWLEDGE/EXPERIENCE,NOT APPLICABLE,0,0,0,0,18,4,3,113,79TH ST,41.986999,-87.84267,03/30/2016 07:48:00 PM,2016
CR00023791,04/15/2024 11:09:00 PM,15,RAIN,DAYLIGHT,REAR END,T-INTERSECTION,NO CONTROLS,UNABLE TO DETERMINE,FAILING TO YIELD RIGHT-OF-WAY,0,0,0,0,23,2,4,694,STONY ISLAND AVE,41.887701,-87.830589,04/15/2024 11:36:00 PM,2024
CR00023792,08/07/2016 04:08:00 PM,45,CLEAR,DARKNESS,PARKED MOTOR VEHICLE,DIVIDED - W/MEDIAN (NOT RAISED),NO CONTROLS,UNABLE TO DETERMINE,DISTRACTION - FROM INSIDE VEHICLE,0,0,0,0,16,1,8,1007,ASHLAND AVE,41.798815,-87.673175,08/07/2016 05:32:00 PM,2016
CR00023793,06/18/2018 06:22:00 AM,15,SNOW,DAYLIGHT,SIDESWIPE SAME DIRECTION,NOT DIVIDED,TRAFFIC SIGNAL,UNABLE TO DETERMINE,IMPROPER OVERTAKING/PASSING,0,0,0,0,6,2,6,732,STATE ST,41.702046,-87.787008,06/18/2018 07:30:00 AM,2018
CR00023794,06/21/2018 07:34:00 PM,25,RAIN,DARKNESS,TURNING,DIVIDED - W/MEDIAN (NOT RAISED),NO CONTROLS,DISTRACTION - FROM INSIDE VEHICLE,DRIVING SKILLS/KNOWLEDGE/EXPERIENCE,0,0,0,0,19,5,6,972,ARCHER AVE,41.769774,-87.677115,06/21/2018 08:17:00 PM,2018
CR00023795,03/03/2022 01:50:00 PM,30,CLEAR,DAYLIGHT,FIXED OBJECT,FOUR WAY,STOP SIGN/FLASHER,DRIVING SKILLS/KNOWLEDGE/EXPERIENCE,NOT APPLICABLE,0,0,0,0,13,5,3,1759,ROOSEVELT RD,41.854032,-87.747819,03/03/2022 02:54:00 PM,2022
CR00023796,02/11/2021 03:05:00 PM,15,CLEAR,DARKNESS - LIGHTED ROAD,REAR TO FRONT,FOUR WAY,NO CONTROLS,WEATHER,WEATHER,0,0,0,0,15,5,2,1670,MICHIGAN AVE,41.966215,-87.781926,02/11/2021 04:39:00 PM,2021
CR00023797,09/11/2017 07:57:00 AM,15,FREEZING RAIN/DRIZZLE,DAYLIGHT,REAR TO FRONT,NOT DIVIDED,STOP SIGN/FLASHER,UNABLE TO DETERMINE,UNABLE TO DETERMINE,0,0,0,0,7,2,9,1472,CALIFORNIA AVE,41.888747,-87.619694,09/11/2017 08:44:00 AM,2017
CR00023798,11/01/2015 02:39:00 PM,30,CLEAR,DAYLIGHT,REAR END,NOT DIVIDED,TRAFFIC SIGNAL,DISTRACTION - FROM INSIDE VEHICLE,FAILING TO YIELD RIGHT-OF-WAY,0,0,0,0,14,1,11,1409,47TH ST,41.978458,-87.554419,11/01/2015 04:18:00 PM,2015
CR00023799,06/15/2017 08:45:00 AM,20,CLEAR,DAYLIGHT,PARKED MOTOR VEHICLE,DIVIDED - W/MEDIAN (NOT RAISED),NO CONTROLS,UNABLE TO DETERMINE,UNABLE TO DETERMINE,0,0,0,0,8,5,6,434,DIVISION ST,41.866965,-87.655853,06/15/2017 10:15:00 AM,2017
CR00023800,11/27/2019 06:21:00 PM,30,CLOUDY/OVERCAST,DAYLIGHT,SIDESWIPE SAME DIRECTION,DIVIDED - W/MEDIAN BARRIER,TRAFFIC SIGNAL,UNABLE TO DETERMINE,FAILING TO YIELD RIGHT-OF-WAY,0,0,3,3,18,4,11,1404,DAMEN AVE,41.78454,-87.823805,11/27/2019 07:45:00 PM,2019
CR00023801,12/09/2015 06:36:00 PM,35,CLOUDY/OVERCAST,DARKNESS,TURNING,NOT DIVIDED,TRAFFIC SIGNAL,FAILING TO YIELD RIGHT-OF-WAY,FOLLOWING TOO CLOSELY,0,0,0,0,18,4,12,864,FULLERTON AVE,41.713367,-87.753618,12/09/2015 07:11:00 PM,2015
CR00023802,03/12/2019 06:25:00 PM,30,CLEAR,DAYLIGHT,REAR END,T-INTERSECTION,NO CONTROLS,FAILING TO YIELD RIGHT-OF-WAY,NOT APPLICABLE,0,0,0,0,18,3,3,548,PULASKI RD,41.803443,-87.820433,03/12/2019 06:52:00 PM,2019
CR00023803,06/03/2023 12:38:00 PM,15,CLEAR,DAYLIGHT,REAR END,NOT DIVIDED,NO CONTROLS,DISTRACTION - FROM INSIDE VEHICLE,IMPROPER LANE USAGE,0,0,0,0,12,7,6,238,ELSTON AVE,41.984986,-87.616551,06/03/2023 01:25:00 PM,2023
CR00023804,01/20/2020 10:58:00 AM,30,CLEAR,DARKNESS - LIGHTED ROAD,REAR END,DIVIDED - W/MEDIAN (NOT RAISED),TRAFFIC SIGNAL,UNABLE TO DETERMINE,DRIVING SKILLS/KNOWLEDGE/EXPERIENCE,0,0,0,0,10,2,1,377,HALSTED ST,41.984785,-87.62406,01/20/2020 11:47:00 AM,2020
CR00023805,10/13/2019 01:24:00 AM,30,CLEAR,DAYLIGHT,SIDESWIPE SAME DIRECTION,NOT DIVIDED,NO CONTROLS,UNABLE TO DETERMINE,FAILING TO REDUCE SPEED,0,0,0,0,1,1,10,2297,STATE ST,41.742789,-87.791673,10/13/2019 01:46:00 AM,2019
CR00023806,02/27/2022 11:17:00 PM,40,CLEAR,DAYLIGHT,PARKED MOTOR VEHICLE,FOUR WAY,NO CONTROLS,IMPROPER LANE USAGE,UNABLE TO DETERMINE,0,0,0,0,23,1,2,490,ELSTON AVE,41.759437,-87.565173,02/28/2022 12:51:00 AM,2022
CR00023807,11/29/2022 10:35:00 PM,30,CLEAR,DAYLIGHT,REAR END,NOT DIVIDED,NO CONTROLS,UNABLE TO DETERMINE,FOLLOWING TOO CLOSELY,0,0,2,2,22,3,11,220,BROADWAY,41.709236,-87.504276,11/29/2022 11:34:00 PM,2022
CR00023808,11/30/2017 08:23:00 PM,45,CLEAR,DAWN,REAR TO FRONT,NOT DIVIDED,NO CONTROLS,UNABLE TO DETERMINE,UNABLE TO DETERMINE,0,0,1,1,20,5,11,1823,MICHIGAN AVE,41.788506,-87.513752,11/30/2017 09:43:00 PM,2017
CR00023809,12/23/2021 09:14:00 PM,30,CLEAR,DAWN,PEDESTRIAN,NOT DIVIDED,STOP SIGN/FLASHER,UNABLE TO DETERMINE,FAILING TO YIELD RIGHT-OF-WAY,0,0,0,0,21,5,12,543,CICERO AVE,41.927608,-87.831572,12/23/2021 10:10:00 PM,2021
CR00023810,07/15/2020 06:28:00 PM,30,CLEAR,DAYLIGHT,ANGLE,NOT DIVIDED,NO CONTROLS,FAILING TO YIELD RIGHT-OF-WAY,NOT APPLICABLE,0,0,0,0,18,4,7,1642,DAMEN AVE,41.959029,-87.740454,07/15/2020 07:49:00 PM,2020
CR00023811,03/20/2016 09:54:00 AM,30,CLEAR,DARKNESS - LIGHTED ROAD,REAR END,DIVIDED - W/MEDIAN (NOT RAISED),STOP SIGN/FLASHER,IMPROPER LANE USAGE,UNABLE TO DETERMINE,0,1,1,2,9,1,3,965,ROOSEVELT RD,41.860548,-87.668475,03/20/2016 10:59:00 AM,2016
CR00023812,03/25/2015 10:55:00 PM,25,CLEAR,DARKNESS - LIGHTED ROAD,REAR END,T-INTERSECTION,NO CONTROLS,UNABLE TO DETERMINE,NOT APPLICABLE,0,0,0,0,22,4,3,2436,WESTERN AVE,41.746288,-87.572798,03/25/2015 11:33:00 PM,2015
CR00023813,05/09/2019 06:56:00 AM,30,SNOW,DARKNESS - LIGHTED ROAD,ANGLE,ONE-WAY,NO CONTROLS,FAILING TO REDUCE SPEED,UNABLE TO DETERMINE,0,0,0,0,6,5,5,1610,MICHIGAN AVE,41.841572,-87.647017,05/09/2019 08:56:00 AM,2019
CR00023814,10/09/2018 02:09:00 PM,35,CLEAR,DUSK,TURNING,DIVIDED - W/MEDIAN (NOT RAISED),YIELD,WEATHER,FAILING TO YIELD RIGHT-OF-WAY,0,0,0,0,14,3,10,2098,MICHIGAN AVE,41.73307,-87.553535,10/09/2018 03:47:00 PM,2018
CR00023815,07/17/2022 08:49:00 AM,30,RAIN,DUSK,REAR END,NOT DIVIDED,YIELD,DISTRACTION - FROM INSIDE VEHICLE,FAILING TO YIELD RIGHT-OF-WAY,0,0,0,0,8,1,7,2401,FULLERTON AVE,41.99098,-87.64833,07/17/2022 09:10:00 AM,2022
CR00023816,07/14/2023 10:45:00 AM,45,CLEAR,DAYLIGHT,REAR TO FRONT,DIVIDED - W/MEDIAN (NOT RAISED),UNKNOWN,DRIVING SKILLS/KNOWLEDGE/EXPERIENCE,IMPROPER LANE USAGE,0,0,0,0,10,6,7,1503,DIVISION ST,41.849222,-87.59999,07/14/2023 11:37:00 AM,2023
CR00023817,10/10/2018 11:41:00 PM,35,CLEAR,DAYLIGHT,ANGLE,NOT DIVIDED,PEDESTRIAN CROSSING SIGN,FOLLOWING TOO CLOSELY,FOLLOWING TOO CLOSELY,0,0,0,0,23,4,10,1187,STONY ISLAND AVE,41.751505,-87.620412,10/11/2018 01:19:00 AM,2018
CR00023818,12/12/2024 08:40:00 AM,20,CLEAR,DAYLIGHT,PARKED MOTOR VEHICLE,NOT DIVIDED,STOP SIGN/FLASHER,FAILING TO REDUCE SPEED,FAILING TO YIELD RIGHT-OF-WAY,0,0,0,0,8,5,12,2062,DAMEN AVE,41.858795,-87.582465,12/12/2024 10:00:00 AM,2024
CR00023819,10/21/2024 07:37:00 AM,20,CLEAR,DAYLIGHT,REAR END,FOUR WAY,STOP SIGN/FLASHER,UNABLE TO DETERMINE,NOT APPLICABLE,0,0,1,1,7,2,10,907,MILWAUKEE AVE,41.726882,-87.731939,10/21/2024 08:26:00 AM,2024
CR00023820,05/03/2015 09:54:00 AM,30,RAIN,DAYLIGHT,PARKED MOTOR VEHICLE,ONE-WAY,TRAFFIC SIGNAL,DISTRACTION - FROM INSIDE VEHICLE,IMPROPER OVERTAKING/PASSING,0,0,0,0,9,1,5,1851,IRVING PARK RD,41.97664,-87.753359,05/03/2015 10:55:00 AM,2015
CR00023821,05/10/2022 03:21:00 PM,35,RAIN,DAYLIGHT,PARKED MOTOR VEHICLE,DIVIDED - W/MEDIAN (NOT RAISED),NO CONTROLS,DISREGARDING TRAFFIC SIGNALS,UNABLE TO DETERMINE,0,2,1,3,15,3,5,966,MILWAUKEE AVE,41.941691,-87.570411,05/10/2022 03:28:00 PM,2022
CR00023822,05/08/2015 07:34:00 AM,30,CLEAR,DAYLIGHT,PARKED MOTOR VEHICLE,NOT DIVIDED,NO CONTROLS,WEATHER,FAILING TO YIELD RIGHT-OF-WAY,0,0,0,0,7,6,5,324,CLARK ST,41.711924,-87.649288,05/08/2015 07:58:00 AM,2015
CR00023823,06/07/2016 03:43:00 PM,30,CLOUDY/OVERCAST,DAYLIGHT,ANGLE,FOUR WAY,STOP SIGN/FLASHER,FAILING TO YIELD RIGHT-OF-WAY,UNABLE TO DETERMINE,0,1,1,2,15,3,6,147,ASHLAND AVE,41.840659,-87.618564,06/07/2016 04:36:00 PM,2016
CR00023824,07/15/2016 03:59:00 PM,35,CLEAR,DAYLIGHT,TURNING,DIVIDED - W/MEDIAN BARRIER,UNKNOWN,FAILING TO YIELD RIGHT-OF-WAY,NOT APPLICABLE,0,0,0,0,15,6,7,177,DIVISION ST,41.97642,-87.56232,07/15/2016 05:46:00 PM,2016
CR00023825,12/10/2015 03:12:00 PM,30,FOG/SMOKE/HAZE,DUSK,REAR END,NOT DIVIDED,NO CONTROLS,FOLLOWING TOO CLOSELY,UNABLE TO DETERMINE,0,0,0,0,15,5,12,668,DAMEN AVE,41.957281,-87.587196,12/10/2015 04:52:00 PM,2015
CR00023826,05/17/2022 07:17:00 AM,30,CLEAR,DAYLIGHT,TURNING,NOT DIVIDED,NO CONTROLS,IMPROPER OVERTAKING/PASSING,IMPROPER LANE USAGE,0,0,1,1,7,3,5,2513,CLARK ST,41.738425,-87.603028,05/17/2022 08:49:00 AM,2022
CR00023827,03/06/2017 07:43:00 AM,40,CLEAR,DAYLIGHT,ANGLE,T-INTERSECTION,NO CONTROLS,WEATHER,DRIVING SKILLS/KNOWLEDGE/EXPERIENCE,0,0,1,1,7,2,3,1002,CICERO AVE,41.920067,-87.545497,03/06/2017 08:00:00 AM,2017
CR00023828,08/06/2015 06:22:00 PM,20,CLEAR,DAYLIGHT,PARKED MOTOR VEHICLE,ONE-WAY,NO CONTROLS,FAILING TO YIELD RIGHT-OF-WAY,UNABLE TO DETERMINE,0,0,0,0,18,5,8,2465,ASHLAND AVE,41.832395,-87.571242,08/06/2015 07:22:00 PM,2015
CR00023829,01/06/2018 08:30:00 AM,40,FREEZING RAIN/DRIZZLE,DUSK,PEDESTRIAN,FOUR WAY,TRAFFIC SIGNAL,UNABLE TO DETERMINE,FAILING TO YIELD RIGHT-OF-WAY,0,0,0,0,8,7,1,1252,STONY ISLAND AVE,41.811511,-87.526648,01/06/2018 09:37:00 AM,2018
CR00023830,02/19/2019 06:04:00 PM,45,CLEAR,DARKNESS - LIGHTED ROAD,REAR END,DIVIDED - W/MEDIAN (NOT RAISED),NO CONTROLS,IMPROPER LANE USAGE,NOT APPLICABLE,0,0,1,1,18,3,2,212,OGDEN AVE,41.715998,-87.576853,02/19/2019 06:08:00 PM,2019
CR00023831,11/22/2016 06:13:00 PM,45,CLEAR,DAYLIGHT,SIDESWIPE SAME DIRECTION,NOT DIVIDED,NO CONTROLS,WEATHER,UNABLE TO DETERMINE,0,0,1,1,18,3,11,915,PULASKI RD,41.82797,-87.604442,11/22/2016 06:24:00 PM,2016
CR00023832,03/15/2021 04:35:00 PM,20,CLEAR,DUSK,REAR END,DIVIDED - W/MEDIAN (NOT RAISED),TRAFFIC SIGNAL,FAILING TO REDUCE SPEED,FAILING TO YIELD RIGHT-OF-WAY,0,0,0,0,16,2,3,2435,79TH ST,41.905367,-87.584857,03/15/2021 05:18:00 PM,2021
CR00023833,11/06/2017 07:34:00 AM,40,CLEAR,DARKNESS - LIGHTED ROAD,REAR END,DIVIDED - W/MEDIAN (NOT RAISED),TRAFFIC SIGNAL,UNABLE TO DETERMINE,NOT APPLICABLE,0,0,0,0,7,2,11,1276,STATE ST,41.985088,-87.668463,11/06/2017 08:22:00 AM,2017
CR00023834,02/23/2016 08:33:00 AM,40,CLEAR,DARKNESS - LIGHTED ROAD,SIDESWIPE SAME DIRECTION,DIVIDED - W/MEDIAN BARRIER,STOP SIGN/FLASHER,UNABLE TO DETERMINE,UNABLE TO DETERMINE,0,0,2,2,8,3,2,1700,ELSTON AVE,41.724291,-87.505614,02/23/2016 10:08:00 AM,2016
CR00023835,09/17/2018 05:49:00 PM,35,CLOUDY/OVERCAST,DAYLIGHT,FIXED OBJECT,ONE-WAY,STOP SIGN/FLASHER,UNABLE TO DETERMINE,IMPROPER OVERTAKING/PASSING,0,0,0,0,17,2,9,2095,DIVISION ST,41.935301,-87.788316,09/17/2018 07:22:00 PM,2018
CR00023836,06/23/2016 11:01:00 AM,45,CLEAR,DARKNESS - LIGHTED ROAD,SIDESWIPE SAME DIRECTION,DIVIDED - W/MEDIAN (NOT RAISED),STOP SIGN/FLASHER,UNABLE TO DETERMINE,UNABLE TO DETERMINE,0,1,1,2,11,5,6,1824,CICERO AVE,41.851276,-87.72242,06/23/2016 11:26:00 AM,2016
CR00023837,01/09/2022 08:50:00 AM,30,CLEAR,DAYLIGHT,PARKED MOTOR VEHICLE,NOT DIVIDED,NO CONTROLS,UNABLE TO DETERMINE,IMPROPER OVERTAKING/PASSING,0,0,0,0,8,1,1,2167,CLARK ST,41.805398,-87.797981,01/09/2022 09:29:00 AM,2022
CR00023838,11/29/2019 07:24:00 AM,35,FREEZING RAIN/DRIZZLE,DAYLIGHT,SIDESWIPE SAME DIRECTION,DIVIDED - W/MEDIAN (NOT RAISED),UNKNOWN,FAILING TO YIELD RIGHT-OF-WAY,FAILING TO YIELD RIGHT-OF-WAY,0,0,1,1,7,6,11,800,LAKE SHORE DR,41.841365,-87.735537,11/29/2019 08:42:00 AM,2019
CR00023839,09/30/2022 06:51:00 PM,15,SNOW,DARKNESS - LIGHTED ROAD,SIDESWIPE SAME DIRECTION,DIVIDED - W/MEDIAN (NOT RAISED),UNKNOWN,FOLLOWING TOO CLOSELY,UNABLE TO DETERMINE,0,0,0,0,18,6,9,1462,ELSTON AVE,41.972907,-87.72198,09/30/2022 07:23:00 PM,2022
CR00023840,12/10/2023 12:11:00 PM,35,RAIN,DAYLIGHT,REAR END,DIVIDED - W/MEDIAN (NOT RAISED),UNKNOWN,DISTRACTION - FROM INSIDE VEHICLE,DISTRACTION - FROM INSIDE VEHICLE,0,0,0,0,12,1,12,1526,CICERO AVE,41.957407,-87.614365,12/10/2023 12:24:00 PM,2023
CR00023841,11/19/2024 09:46:00 PM,35,SNOW,DARKNESS,SIDESWIPE SAME DIRECTION,NOT DIVIDED,NO CONTROLS,DISTRACTION - FROM INSIDE VEHICLE,FAILING TO YIELD RIGHT-OF-WAY,0,0,0,0,21,3,11,2448,DAMEN AVE,41.770816,-87.699643,11/19/2024 10:14:00 PM,2024
CR00023842,09/07/2024 06:36:00 AM,25,SNOW,DAYLIGHT,REAR END,DIVIDED - W/MEDIAN (NOT RAISED),YIELD,FAILING TO YIELD RIGHT-OF-WAY,NOT APPLICABLE,0,0,0,0,6,7,9,260,MILWAUKEE AVE,41.831819,-87.568242,09/07/2024 07:32:00 AM,2024
CR00023843,08/30/2017 03:23:00 AM,35,CLEAR,DARKNESS,REAR END,NOT DIVIDED,TRAFFIC SIGNAL,UNABLE TO DETERMINE,FAILING TO YIELD RIGHT-OF-WAY,0,0,0,0,3,4,8,396,KEDZIE AVE,41.938351,-87.724323,08/30/2017 04:45:00 AM,2017
CR00023844,07/21/2022 04:57:00 AM,30,CLEAR,DUSK,REAR END,NOT DIVIDED,STOP SIGN/FLASHER,FOLLOWING TOO CLOSELY,UNABLE TO DETERMINE,0,0,0,0,4,5,7,742,CALIFORNIA AVE,41.714618,-87.657008,07/21/2022 05:38:00 AM,2022
CR00023845,03/05/2016 10:10:00 AM,35,CLEAR,DAYLIGHT,TURNING,FOUR WAY,NO CONTROLS,UNABLE TO DETERMINE,UNABLE TO DETERMINE,0,0,2,2,10,7,3,834,ARCHER AVE,41.913854,-87.641929,03/05/2016 11:12:00 AM,2016
CR00023846,03/19/2021 09:52:00 PM,30,CLEAR,DARKNESS - LIGHTED ROAD,TURNING,NOT DIVIDED,NO CONTROLS,FAILING TO YIELD RIGHT-OF-WAY,FAILING TO YIELD RIGHT-OF-WAY,0,0,0,0,21,6,3,2253,BROADWAY,41.908101,-87.847809,03/19/2021 11:52:00 PM,2021
CR00023847,12/18/2018 02:41:00 PM,20,CLOUDY/OVERCAST,DAYLIGHT,SIDESWIPE SAME DIRECTION,DIVIDED - W/MEDIAN (NOT RAISED),NO CONTROLS,UNABLE TO DETERMINE,DISTRACTION - FROM INSIDE VEHICLE,0,0,1,1,14,3,12,1849,PULASKI RD,41.76771,-87.658664,12/18/2018 02:50:00 PM,2018
CR00023848,03/31/2022 02:16:00 AM,20,CLEAR,DARKNESS - LIGHTED ROAD,PEDESTRIAN,ONE-WAY,NO CONTROLS,IMPROPER OVERTAKING/PASSING,NOT APPLICABLE,0,0,0,0,2,5,3,1544,47TH ST,41.779373,-87.695562,03/31/2022 04:11:00 AM,2022
CR00023849,04/26/2018 07:54:00 AM,30,CLEAR,DAYLIGHT,TURNING,DIVIDED - W/MEDIAN BARRIER,NO CONTROLS,FOLLOWING TOO CLOSELY,NOT APPLICABLE,0,0,0,0,7,5,4,2510,MILWAUKEE AVE,41.761496,-87.531411,04/26/2018 08:28:00 AM,2018
CR00023850,05/09/2019 03:47:00 PM,30,FREEZING RAIN/DRIZZLE,DAYLIGHT,SIDESWIPE SAME DIRECTION,DIVIDED - W/MEDIAN (NOT RAISED),STOP SIGN/FLASHER,DRIVING SKILLS/KNOWLEDGE/EXPERIENCE,NOT APPLICABLE,0,0,0,0,15,5,5,574,47TH ST,41.996452,-87.774529,05/09/2019 04:16:00 PM,2019
CR00023851,10/21/2021 11:34:00 AM,35,SNOW,DAYLIGHT,FIXED OBJECT,NOT DIVIDED,TRAFFIC SIGNAL,DISREGARDING TRAFFIC SIGNALS,IMPROPER OVERTAKING/PASSING,0,0,0,0,11,5,10,981,ASHLAND AVE,41.835578,-87.643274,10/21/2021 11:48:00 AM,2021
CR00023852,05/27/2021 08:59:00 PM,30,FOG/SMOKE/HAZE,DAYLIGHT,REAR END,NOT DIVIDED,NO CONTROLS,FAILING TO YIELD RIGHT-OF-WAY,UNABLE TO DETERMINE,0,0,0,0,20,5,5,2088,63RD ST,41.974548,-87.527991,05/27/2021 10:26:00 PM,2021
CR00023853,10/18/2017 11:10:00 AM,25,RAIN,DAYLIGHT,SIDESWIPE SAME DIRECTION,DIVIDED - W/MEDIAN (NOT RAISED),STOP SIGN/FLASHER,FAILING TO REDUCE SPEED,FAILING TO YIELD RIGHT-OF-WAY,0,0,0,0,11,4,10,197,ARCHER AVE,41.802419,-87.53965,10/18/2017 11:19:00 AM,2017
CR00023854,03/22/2022 11:44:00 PM,30,RAIN,DAYLIGHT,TURNING,NOT DIVIDED,STOP SIGN/FLASHER,IMPROPER LANE USAGE,FOLLOWING TOO CLOSELY,0,0,0,0,23,3,3,1213,CICERO AVE,41.908731,-87.747937,03/23/2022 01:29:00 AM,2022
CR00023855,07/29/2022 06:23:00 AM,30,CLEAR,DAYLIGHT,REAR END,ONE-WAY,NO CONTROLS,DISTRACTION - FROM INSIDE VEHICLE,FAILING TO YIELD RIGHT-OF-WAY,0,0,0,0,6,6,7,2386,LAKE SHORE DR,41.889439,-87.845912,07/29/2022 07:41:00 AM,2022
CR00023856,06/11/2019 05:29:00 PM,20,CLEAR,DARKNESS - LIGHTED ROAD,TURNING,ONE-WAY,STOP SIGN/FLASHER,UNABLE TO DETERMINE,FOLLOWING TOO CLOSELY,0,0,0,0,17,3,6,2268,CICERO AVE,41.734316,-87.649651,06/11/2019 07:28:00 PM,2019
CR00023857,05/25/2022 09:16:00 AM,20,CLEAR,DAYLIGHT,FIXED OBJECT,DIVIDED - W/MEDIAN (NOT RAISED),STOP SIGN/FLASHER,FOLLOWING TOO CLOSELY,FOLLOWING TOO CLOSELY,0,0,0,0,9,4,5,417,79TH ST,41.841835,-87.512277,05/25/2022 09:31:00 AM,2022
CR00023858,05/19/2021 10:20:00 AM,40,CLEAR,DAYLIGHT,SIDESWIPE SAME DIRECTION,NOT DIVIDED,NO CONTROLS,FAILING TO YIELD RIGHT-OF-WAY,UNABLE TO DETERMINE,0,0,0,0,10,4,5,1378,PULASKI RD,41.728797,-87.536511,05/19/2021 11:29:00 AM,2021
CR00023859,10/26/2021 05:29:00 PM,30,CLEAR,DUSK,PARKED MOTOR VEHICLE,DIVIDED - W/MEDIAN BARRIER,TRAFFIC SIGNAL,IMPROPER LANE USAGE,NOT APPLICABLE,0,0,2,2,17,3,10,468,MICHIGAN AVE,41.798426,-87.539774,10/26/2021 05:40:00 PM,2021
CR00023860,08/23/2021 03:21:00 PM,40,CLEAR,DAYLIGHT,FIXED OBJECT,NOT DIVIDED,YIELD,UNABLE TO DETERMINE,NOT APPLICABLE,0,0,0,0,15,2,8,1335,63RD ST,41.872866,-87.536951,08/23/2021 04:29:00 PM,2021
CR00023861,10/24/2017 09:06:00 AM,15,FREEZING RAIN/DRIZZLE,DAYLIGHT,SIDESWIPE SAME DIRECTION,NOT DIVIDED,NO CONTROLS,FAILING TO YIELD RIGHT-OF-WAY,FOLLOWING TOO CLOSELY,0,0,0,0,9,3,10,1928,DAMEN AVE,41.992726,-87.66312,10/24/2017 10:43:00 AM,2017
CR00023862,10/27/2022 07:08:00 AM,35,CLEAR,DAYLIGHT,TURNING,ONE-WAY,STOP SIGN/FLASHER,UNABLE TO DETERMINE,DRIVING SKILLS/KNOWLEDGE/EXPERIENCE,0,0,0,0,7,5,10,302,63RD ST,41.951476,-87.78379,10/27/2022 07:25:00 AM,2022
CR00023863,04/23/2015 04:50:00 PM,35,CLEAR,DAWN,ANGLE,DIVIDED - W/MEDIAN (NOT RAISED),TRAFFIC SIGNAL,FOLLOWING TOO CLOSELY,DISTRACTION - FROM INSIDE VEHICLE,0,0,0,0,16,5,4,1030,MICHIGAN AVE,41.776198,-87.710541,04/23/2015 06:01:00 PM,2015
CR00023864,10/11/2020 05:04:00 PM,45,CLEAR,DAYLIGHT,ANGLE,FOUR WAY,TRAFFIC SIGNAL,FAILING TO REDUCE SPEED,FAILING TO YIELD RIGHT-OF-WAY,0,0,0,0,17,1,10,1890,KEDZIE AVE,41.986588,-87.549704,10/11/2020 06:52:00 PM,2020
CR00023865,11/25/2021 02:38:00 AM,35,CLEAR,DARKNESS - LIGHTED ROAD,TURNING,NOT DIVIDED,NO CONTROLS,FAILING TO YIELD RIGHT-OF-WAY,UNABLE TO DETERMINE,0,0,2,2,2,5,11,2378,OGDEN AVE,41.875798,-87.683783,11/25/2021 03:06:00 AM,2021