CRASH_RECORD_ID,CRASH_DATE,POSTED_SPEED_LIMIT,WEATHER_CONDITION,LIGHTING_CONDITION,FIRST_CRASH_TYPE,TRAFFICWAY_TYPE,TRAFFIC_CONTROL_DEVICE,PRIM_CONTRIBUTORY_CAUSE,SEC_CONTRIBUTORY_CAUSE,INJURIES_FATAL,INJURIES_INCAPACITATING,INJURIES_NON_INCAPACITATING,INJURIES_TOTAL,CRASH_HOUR,CRASH_DAY_OF_WEEK,CRASH_MONTH,BEAT_OF_OCCURRENCE,STREET_NAME,LATITUDE,LONGITUDE,DATE_POLICE_NOTIFIED,year
CR00023866,05/22/2020 08:54:00 AM,30,CLEAR,DAYLIGHT,TURNING,DIVIDED - W/MEDIAN BARRIER,TRAFFIC SIGNAL,DISTRACTION - FROM INSIDE VEHICLE,FOLLOWING TOO CLOSELY,0,0,0,0,8,6,5,1075,ROOSEVELT RD,41.932671,-87.753596,05/22/2020 09:33:00 AM,2020
CR00023867,01/23/2021 07:11:00 PM,25,CLEAR,DARKNESS - LIGHTED ROAD,REAR END,DIVIDED - W/MEDIAN (NOT RAISED),TRAFFIC SIGNAL,UNABLE TO DETERMINE,NOT APPLICABLE,0,0,0,0,19,7,1,1019,STONY ISLAND AVE,41.750094,-87.694913,01/23/2021 08:31:00 PM,2021
CR00023868,06/17/2021 12:45:00 PM,30,CLEAR,DAYLIGHT,SIDESWIPE SAME DIRECTION,FOUR WAY,STOP SIGN/FLASHER,UNABLE TO DETERMINE,FAILING TO YIELD RIGHT-OF-WAY,0,0,3,3,12,5,6,630,IRVING PARK RD,41.914189,-87.603851,06/17/2021 02:09:00 PM,2021
CR00023869,05/13/2024 08:33:00 PM,30,CLEAR,DARKNESS - LIGHTED ROAD,PEDESTRIAN,NOT DIVIDED,STOP SIGN/FLASHER,UNABLE TO DETERMINE,NOT APPLICABLE,0,0,0,0,20,2,5,1517,CALIFORNIA AVE,41.841075,-87.5872,05/13/2024 10:17:00 PM,2024
CR00023870,08/13/2022 02:18:00 PM,15,RAIN,DAYLIGHT,TURNING,NOT DIVIDED,TRAFFIC SIGNAL,FOLLOWING TOO CLOSELY,DRIVING SKILLS/KNOWLEDGE/EXPERIENCE,0,0,0,0,14,7,8,1605,CLARK ST,41.719861,-87.801682,08/13/2022 03:47:00 PM,2022
CR00023871,01/12/2015 09:03:00 PM,30,RAIN,DAYLIGHT,ANGLE,ONE-WAY,STOP SIGN/FLASHER,FOLLOWING TOO CLOSELY,UNABLE TO DETERMINE,0,0,0,0,21,2,1,1386,ELSTON AVE,41.940789,-87.66049,01/12/2015 10:29:00 PM,2015
CR00023872,09/20/2015 05:50:00 PM,30,CLEAR,DARKNESS,REAR END,FOUR WAY,TRAFFIC SIGNAL,DRIVING SKILLS/KNOWLEDGE/EXPERIENCE,UNABLE TO DETERMINE,0,0,0,0,17,1,9,1569,BROADWAY,41.941253,-87.843692,09/20/2015 06:08:00 PM,2015
CR00023873,01/21/2023 03:04:00 PM,35,FREEZING RAIN/DRIZZLE,DARKNESS,REAR END,DIVIDED - W/MEDIAN (NOT RAISED),STOP SIGN/FLASHER,FAILING TO YIELD RIGHT-OF-WAY,UNABLE TO DETERMINE,0,0,0,0,15,7,1,2394,WESTERN AVE,41.975507,-87.602699,01/21/2023 03:57:00 PM,2023
CR00023874,11/20/2016 08:00:00 AM,35,CLEAR,DAYLIGHT,PARKED MOTOR VEHICLE,DIVIDED - W/MEDIAN (NOT RAISED),NO CONTROLS,UNABLE TO DETERMINE,IMPROPER OVERTAKING/PASSING,0,0,2,2,8,1,11,910,WESTERN AVE,41.828512,-87.618472,11/20/2016 09:16:00 AM,2016
CR00023875,07/05/2020 07:12:00 PM,30,CLEAR,DARKNESS - LIGHTED ROAD,FIXED OBJECT,NOT DIVIDED,NO CONTROLS,DRIVING SKILLS/KNOWLEDGE/EXPERIENCE,UNABLE TO DETERMINE,0,2,1,3,19,1,7,896,DIVISION ST,41.84346,-87.652094,07/05/2020 07:44:00 PM,2020
CR00023876,05/17/2016 10:56:00 AM,30,CLEAR,DAYLIGHT,PARKED MOTOR VEHICLE,ONE-WAY,NO CONTROLS,DISREGARDING TRAFFIC SIGNALS,UNABLE TO DETERMINE,0,0,0,0,10,3,5,567,79TH ST,41.827668,-87.607203,05/17/2016 11:16:00 AM,2016
CR00023877,07/30/2020 07:34:00 PM,30,CLEAR,DARKNESS - LIGHTED ROAD,REAR END,NOT DIVIDED,UNKNOWN,FAILING TO REDUCE SPEED,DRIVING SKILLS/KNOWLEDGE/EXPERIENCE,0,0,0,0,19,5,7,527,CALIFORNIA AVE,41.811818,-87.536408,07/30/2020 08:14:00 PM,2020
CR00023878,11/08/2015 05:56:00 PM,20,CLEAR,DARKNESS - LIGHTED ROAD,REAR END,NOT DIVIDED,UNKNOWN,UNABLE TO DETERMINE,UNABLE TO DETERMINE,0,0,1,1,17,1,11,1175,MICHIGAN AVE,41.994974,-87.58336,11/08/2015 06:13:00 PM,2015
CR00023879,03/30/2023 09:39:00 AM,30,CLEAR,DAYLIGHT,ANGLE,FOUR WAY,NO CONTROLS,FAILING TO YIELD RIGHT-OF-WAY,WEATHER,0,0,0,0,9,5,3,1705,HALSTED ST,41.959591,-87.51201,03/30/2023 10:10:00 AM,2023
CR00023880,07/17/2023 04:24:00 PM,15,RAIN,DARKNESS,SIDESWIPE SAME DIRECTION,NOT DIVIDED,NO CONTROLS,DISTRACTION - FROM INSIDE VEHICLE,FOLLOWING TOO CLOSELY,0,0,0,0,16,2,7,1306,WESTERN AVE,41.850925,-87.530673,07/17/2023 06:24:00 PM,2023
CR00023881,01/17/2021 09:08:00 PM,30,CLEAR,DAYLIGHT,PARKED MOTOR VEHICLE,NOT DIVIDED,NO CONTROLS,UNABLE TO DETERMINE,UNABLE TO DETERMINE,0,0,0,0,21,1,1,670,WESTERN AVE,41.820057,-87.760618,01/17/2021 10:34:00 PM,2021
CR00023882,08/24/2017 08:27:00 AM,35,CLEAR,DARKNESS - LIGHTED ROAD,REAR END,FOUR WAY,UNKNOWN,IMPROPER LANE USAGE,IMPROPER LANE USAGE,0,0,0,0,8,5,8,632,ASHLAND AVE,41.886898,-87.764565,08/24/2017 10:14:00 AM,2017
CR00023883,01/20/2019 03:23:00 PM,30,CLOUDY/OVERCAST,DAYLIGHT,REAR END,FOUR WAY,NO CONTROLS,IMPROPER LANE USAGE,FOLLOWING TOO CLOSELY,0,0,0,0,15,1,1,1833,CALIFORNIA AVE,41.812826,-87.58854,01/20/2019 03:28:00 PM,2019
CR00023884,05/26/2017 12:27:00 PM,30,CLEAR,DAYLIGHT,REAR END,DIVIDED - W/MEDIAN BARRIER,TRAFFIC SIGNAL,FAILING TO YIELD RIGHT-OF-WAY,DISTRACTION - FROM INSIDE VEHICLE,0,0,0,0,12,6,5,1015,79TH ST,41.919936,-87.594431,05/26/2017 01:33:00 PM,2017
CR00023885,02/04/2020 08:41:00 PM,45,RAIN,DAYLIGHT,ANGLE,DIVIDED - W/MEDIAN (NOT RAISED),STOP SIGN/FLASHER,UNABLE TO DETERMINE,NOT APPLICABLE,0,0,1,1,20,3,2,213,DIVISION ST,41.856013,-87.657579,02/04/2020 08:47:00 PM,2020
CR00023886,11/11/2018 07:34:00 PM,20,CLEAR,DARKNESS - LIGHTED ROAD,REAR END,NOT DIVIDED,NO CONTROLS,FOLLOWING TOO CLOSELY,UNABLE TO DETERMINE,0,0,0,0,19,1,11,2505,OGDEN AVE,41.875143,-87.828737,11/11/2018 09:20:00 PM,2018
CR00023887,02/08/2023 08:33:00 AM,35,CLEAR,DAYLIGHT,FIXED OBJECT,NOT DIVIDED,TRAFFIC SIGNAL,UNABLE TO DETERMINE,NOT APPLICABLE,0,0,0,0,8,4,2,1330,ELSTON AVE,41.754955,-87.685744,02/08/2023 09:38:00 AM,2023
CR00023888,12/06/2015 08:25:00 AM,35,CLEAR,DAYLIGHT,REAR END,T-INTERSECTION,NO CONTROLS,UNABLE TO DETERMINE,UNABLE TO DETERMINE,0,0,0,0,8,1,12,410,PULASKI RD,41.845864,-87.634334,12/06/2015 08:43:00 AM,2015
CR00023889,06/03/2023 04:49:00 PM,15,CLOUDY/OVERCAST,DAYLIGHT,TURNING,NOT DIVIDED,NO CONTROLS,DISREGARDING TRAFFIC SIGNALS,FOLLOWING TOO CLOSELY,0,0,3,3,16,7,6,496,FULLERTON AVE,41.907444,-87.646372,06/03/2023 04:51:00 PM,2023
CR00023890,05/30/2020 07:48:00 AM,25,CLEAR,DARKNESS - LIGHTED ROAD,SIDESWIPE SAME DIRECTION,DIVIDED - W/MEDIAN (NOT RAISED),NO CONTROLS,FOLLOWING TOO CLOSELY,NOT APPLICABLE,0,0,0,0,7,7,5,1845,63RD ST,41.965708,-87.814099,05/30/2020 09:04:00 AM,2020
CR00023891,03/09/2019 01:29:00 PM,35,CLEAR,DAYLIGHT,REAR TO FRONT,NOT DIVIDED,TRAFFIC SIGNAL,FOLLOWING TOO CLOSELY,DISREGARDING TRAFFIC SIGNALS,0,0,0,0,13,7,3,2005,MICHIGAN AVE,41.719505,-87.66493,03/09/2019 02:35:00 PM,2019
CR00023892,07/11/2023 07:39:00 PM,45,CLEAR,DAYLIGHT,TURNING,DIVIDED - W/MEDIAN BARRIER,TRAFFIC SIGNAL,UNABLE TO DETERMINE,DISREGARDING TRAFFIC SIGNALS,0,0,0,0,19,3,7,1807,63RD ST,41.97518,-87.587571,07/11/2023 08:11:00 PM,2023
CR00023893,07/27/2024 09:43:00 PM,35,RAIN,DAYLIGHT,SIDESWIPE SAME DIRECTION,NOT DIVIDED,STOP SIGN/FLASHER,DISTRACTION - FROM INSIDE VEHICLE,DISTRACTION - FROM INSIDE VEHICLE,0,0,0,0,21,7,7,2393,MILWAUKEE AVE,41.970859,-87.740957,07/27/2024 11:08:00 PM,2024
CR00023894,01/10/2022 06:20:00 PM,45,SNOW,DAYLIGHT,PARKED MOTOR VEHICLE,DIVIDED - W/MEDIAN (NOT RAISED),NO CONTROLS,UNABLE TO DETERMINE,IMPROPER OVERTAKING/PASSING,0,0,0,0,18,2,1,647,47TH ST,41.960132,-87.561878,01/10/2022 07:50:00 PM,2022
CR00023895,12/13/2023 02:28:00 PM,45,CLEAR,DAYLIGHT,REAR TO FRONT,DIVIDED - W/MEDIAN (NOT RAISED),NO CONTROLS,UNABLE TO DETERMINE,NOT APPLICABLE,0,0,0,0,14,4,12,205,PULASKI RD,41.723867,-87.784509,12/13/2023 03:02:00 PM,2023
CR00023896,01/14/2018 11:14:00 AM,30,CLEAR,DAYLIGHT,PARKED MOTOR VEHICLE,NOT DIVIDED,TRAFFIC SIGNAL,FOLLOWING TOO CLOSELY,UNABLE TO DETERMINE,0,0,0,0,11,1,1,2355,ELSTON AVE,41.919535,-87.710153,01/14/2018 12:34:00 PM,2018
CR00023897,06/03/2017 11:50:00 AM,20,FREEZING RAIN/DRIZZLE,DAYLIGHT,REAR END,DIVIDED - W/MEDIAN (NOT RAISED),TRAFFIC SIGNAL,FAILING TO YIELD RIGHT-OF-WAY,FAILING TO YIELD RIGHT-OF-WAY,0,0,0,0,11,7,6,910,KEDZIE AVE,41.927008,-87.685013,06/03/2017 12:09:00 PM,2017
CR00023898,10/02/2016 01:06:00 AM,25,CLEAR,DAYLIGHT,REAR END,DIVIDED - W/MEDIAN (NOT RAISED),NO CONTROLS,WEATHER,NOT APPLICABLE,0,0,0,0,1,1,10,1401,CICERO AVE,41.946452,-87.813165,10/02/2016 02:35:00 AM,2016
CR00023899,07/31/2015 07:40:00 AM,35,CLEAR,DAYLIGHT,REAR END,DIVIDED - W/MEDIAN (NOT RAISED),UNKNOWN,FAILING TO YIELD RIGHT-OF-WAY,FOLLOWING TOO CLOSELY,0,0,0,0,7,6,7,2075,OGDEN AVE,41.999983,-87.59239,07/31/2015 07:50:00 AM,2015
CR00023900,07/20/2015 03:22:00 PM,30,CLEAR,DAYLIGHT,FIXED OBJECT,NOT DIVIDED,NO CONTROLS,DRIVING SKILLS/KNOWLEDGE/EXPERIENCE,IMPROPER LANE USAGE,0,0,1,1,15,2,7,2238,ROOSEVELT RD,41.879713,-87.593527,07/20/2015 03:56:00 PM,2015
CR00023901,11/05/2018 07:41:00 AM,15,SNOW,DUSK,SIDESWIPE SAME DIRECTION,NOT DIVIDED,NO CONTROLS,FAILING TO REDUCE SPEED,FOLLOWING TOO CLOSELY,0,0,1,1,7,2,11,1509,63RD ST,41.947797,-87.64445,11/05/2018 08:35:00 AM,2018
CR00023902,10/13/2020 12:41:00 PM,45,CLEAR,DARKNESS - LIGHTED ROAD,REAR TO FRONT,NOT DIVIDED,NO CONTROLS,DISTRACTION - FROM INSIDE VEHICLE,IMPROPER OVERTAKING/PASSING,0,0,1,1,12,3,10,228,63RD ST,41.985501,-87.662779,10/13/2020 02:34:00 PM,2020
CR00023903,08/10/2020 10:09:00 AM,30,CLEAR,DARKNESS - LIGHTED ROAD,REAR END,NOT DIVIDED,NO CONTROLS,WEATHER,FAILING TO YIELD RIGHT-OF-WAY,0,0,0,0,10,2,8,1547,ARCHER AVE,41.749954,-87.728129,08/10/2020 12:01:00 PM,2020
CR00023904,08/07/2021 11:34:00 AM,45,CLEAR,DARKNESS - LIGHTED ROAD,ANGLE,DIVIDED - W/MEDIAN (NOT RAISED),NO CONTROLS,DISTRACTION - FROM INSIDE VEHICLE,IMPROPER LANE USAGE,0,0,0,0,11,7,8,1593,DAMEN AVE,41.940646,-87.631112,08/07/2021 11:42:00 AM,2021
CR00023905,02/23/2021 10:30:00 AM,30,CLEAR,DARKNESS - LIGHTED ROAD,REAR END,DIVIDED - W/MEDIAN BARRIER,STOP SIGN/FLASHER,UNABLE TO DETERMINE,FOLLOWING TOO CLOSELY,0,0,0,0,10,3,2,1855,OGDEN AVE,41.796654,-87.587303,02/23/2021 11:58:00 AM,2021
CR00023906,10/19/2022 07:21:00 AM,30,RAIN,DARKNESS - LIGHTED ROAD,SIDESWIPE SAME DIRECTION,NOT DIVIDED,NO CONTROLS,UNABLE TO DETERMINE,DRIVING SKILLS/KNOWLEDGE/EXPERIENCE,0,0,0,0,7,4,10,293,DIVISION ST,41.812869,-87.68251,10/19/2022 07:24:00 AM,2022
CR00023907,05/21/2020 12:34:00 PM,35,CLEAR,DAYLIGHT,REAR END,ONE-WAY,NO CONTROLS,IMPROPER OVERTAKING/PASSING,IMPROPER LANE USAGE,0,0,2,2,12,5,5,2097,DIVISION ST,41.932192,-87.833304,05/21/2020 01:30:00 PM,2020
CR00023908,06/07/2015 06:49:00 PM,20,CLEAR,DAYLIGHT,FIXED OBJECT,DIVIDED - W/MEDIAN (NOT RAISED),NO CONTROLS,IMPROPER LANE USAGE,IMPROPER OVERTAKING/PASSING,0,0,0,0,18,1,6,1853,PULASKI RD,41.723831,-87.639688,06/07/2015 08:28:00 PM,2015
CR00023909,04/05/2023 03:47:00 PM,35,RAIN,DAYLIGHT,PEDESTRIAN,DIVIDED - W/MEDIAN (NOT RAISED),NO CONTROLS,FOLLOWING TOO CLOSELY,NOT APPLICABLE,0,0,0,0,15,4,4,2204,KEDZIE AVE,41.957857,-87.508369,04/05/2023 04:36:00 PM,2023
CR00023910,11/20/2024 11:41:00 AM,40,CLEAR,DAYLIGHT,ANGLE,FOUR WAY,STOP SIGN/FLASHER,FOLLOWING TOO CLOSELY,FOLLOWING TOO CLOSELY,0,0,0,0,11,4,11,2334,CICERO AVE,41.865875,-87.758575,11/20/2024 01:07:00 PM,2024
CR00023911,11/23/2022 05:27:00 PM,30,CLEAR,DARKNESS - LIGHTED ROAD,SIDESWIPE SAME DIRECTION,NOT DIVIDED,NO CONTROLS,UNABLE TO DETERMINE,FAILING TO REDUCE SPEED,0,0,0,0,17,4,11,1528,FULLERTON AVE,41.759291,-87.546876,11/23/2022 05:34:00 PM,2022
CR00023912,06/28/2019 08:43:00 AM,15,FREEZING RAIN/DRIZZLE,DARKNESS,REAR END,NOT DIVIDED,STOP SIGN/FLASHER,UNABLE TO DETERMINE,FOLLOWING TOO CLOSELY,0,0,0,0,8,6,6,1078,LAKE SHORE DR,41.815135,-87.526413,06/28/2019 09:13:00 AM,2019
CR00023913,03/14/2023 03:55:00 AM,30,CLEAR,DARKNESS - LIGHTED ROAD,ANGLE,DIVIDED - W/MEDIAN (NOT RAISED),STOP SIGN/FLASHER,DISTRACTION - FROM INSIDE VEHICLE,FAILING TO YIELD RIGHT-OF-WAY,0,0,0,0,3,3,3,1884,DIVISION ST,41.860823,-87.834286,03/14/2023 05:14:00 AM,2023
CR00023914,05/19/2023 07:34:00 AM,30,RAIN,DAYLIGHT,FIXED OBJECT,NOT DIVIDED,NO CONTROLS,UNABLE TO DETERMINE,FOLLOWING TOO CLOSELY,0,0,0,0,7,6,5,1212,STONY ISLAND AVE,41.96154,-87.679564,05/19/2023 07:53:00 AM,2023
CR00023915,04/13/2024 08:18:00 PM,25,FOG/SMOKE/HAZE,DAYLIGHT,REAR END,ONE-WAY,TRAFFIC SIGNAL,UNABLE TO DETERMINE,NOT APPLICABLE,0,0,0,0,20,7,4,225,KEDZIE AVE,41.920316,-87.535454,04/13/2024 08:51:00 PM,2024
CR00023916,12/10/2015 07:49:00 PM,35,CLOUDY/OVERCAST,DARKNESS - LIGHTED ROAD,REAR TO FRONT,DIVIDED - W/MEDIAN BARRIER,NO CONTROLS,FOLLOWING TOO CLOSELY,IMPROPER OVERTAKING/PASSING,0,0,0,0,19,5,12,660,OGDEN AVE,41.932318,-87.737262,12/10/2015 08:19:00 PM,2015
CR00023917,05/10/2024 11:40:00 AM,30,CLEAR,DUSK,REAR TO FRONT,NOT DIVIDED,NO CONTROLS,FOLLOWING TOO CLOSELY,FAILING TO YIELD RIGHT-OF-WAY,0,0,1,1,11,6,5,1831,CALIFORNIA AVE,41.815024,-87.645744,05/10/2024 01:32:00 PM,2024
CR00023918,11/11/2018 02:51:00 PM,45,CLEAR,DUSK,FIXED OBJECT,NOT DIVIDED,TRAFFIC SIGNAL,DISREGARDING TRAFFIC SIGNALS,NOT APPLICABLE,0,0,0,0,14,1,11,1763,DAMEN AVE,41.922403,-87.537173,11/11/2018 03:09:00 PM,2018
CR00023919,05/10/2015 04:11:00 PM,30,CLEAR,DAYLIGHT,TURNING,NOT DIVIDED,STOP SIGN/FLASHER,UNABLE TO DETERMINE,UNABLE TO DETERMINE,0,1,0,1,16,1,5,263,BROADWAY,41.99487,-87.80386,05/10/2015 04:51:00 PM,2015
CR00023920,12/08/2018 04:55:00 AM,45,CLEAR,DAYLIGHT,REAR END,NOT DIVIDED,UNKNOWN,UNABLE TO DETERMINE,IMPROPER LANE USAGE,0,0,0,0,4,7,12,1915,ELSTON AVE,41.747198,-87.761599,12/08/2018 05:09:00 AM,2018
CR00023921,01/22/2024 02:12:00 PM,35,CLEAR,DAYLIGHT,SIDESWIPE SAME DIRECTION,FOUR WAY,NO CONTROLS,UNABLE TO DETERMINE,DISREGARDING TRAFFIC SIGNALS,0,0,0,0,14,2,1,2219,ROOSEVELT RD,41.970497,-87.519467,01/22/2024 03:24:00 PM,2024
CR00023922,12/28/2022 08:54:00 AM,35,CLEAR,DAYLIGHT,ANGLE,DIVIDED - W/MEDIAN (NOT RAISED),NO CONTROLS,FAILING TO YIELD RIGHT-OF-WAY,IMPROPER OVERTAKING/PASSING,0,0,0,0,8,4,12,2189,ASHLAND AVE,41.959754,-87.830874,12/28/2022 10:28:00 AM,2022
CR00023923,03/02/2024 03:06:00 PM,30,CLEAR,DAYLIGHT,ANGLE,DIVIDED - W/MEDIAN BARRIER,NO CONTROLS,UNABLE TO DETERMINE,NOT APPLICABLE,0,0,0,0,15,7,3,2223,63RD ST,41.965435,-87.847077,03/02/2024 04:59:00 PM,2024
CR00023924,09/15/2021 05:03:00 PM,15,CLEAR,DUSK,REAR END,NOT DIVIDED,TRAFFIC SIGNAL,IMPROPER OVERTAKING/PASSING,UNABLE TO DETERMINE,0,0,0,0,17,4,9,1394,ASHLAND AVE,41.740795,-87.641964,09/15/2021 05:14:00 PM,2021
CR00023925,05/04/2024 08:16:00 PM,15,CLEAR,DAYLIGHT,REAR END,DIVIDED - W/MEDIAN (NOT RAISED),STOP SIGN/FLASHER,FAILING TO YIELD RIGHT-OF-WAY,FAILING TO YIELD RIGHT-OF-WAY,0,0,0,0,20,7,5,300,CICERO AVE,41.767695,-87.767351,05/04/2024 09:56:00 PM,2024
CR00023926,06/25/2022 05:23:00 PM,40,CLEAR,DAWN,REAR END,DIVIDED - W/MEDIAN BARRIER,STOP SIGN/FLASHER,DRIVING SKILLS/KNOWLEDGE/EXPERIENCE,NOT APPLICABLE,0,0,0,0,17,7,6,978,ELSTON AVE,41.927226,-87.672347,06/25/2022 06:11:00 PM,2022
CR00023927,04/24/2017 04:22:00 AM,15,CLEAR,DAYLIGHT,TURNING,NOT DIVIDED,TRAFFIC SIGNAL,UNABLE TO DETERMINE,NOT APPLICABLE,0,0,2,2,4,2,4,122,STONY ISLAND AVE,41.972701,-87.611184,04/24/2017 05:46:00 AM,2017
CR00023928,06/10/2022 11:38:00 AM,45,CLEAR,DAWN,TURNING,NOT DIVIDED,UNKNOWN,FOLLOWING TOO CLOSELY,DISTRACTION - FROM INSIDE VEHICLE,0,0,3,3,11,6,6,1211,47TH ST,41.861902,-87.647952,06/10/2022 01:29:00 PM,2022
CR00023929,04/26/2016 01:09:00 PM,20,SNOW,DARKNESS - LIGHTED ROAD,SIDESWIPE SAME DIRECTION,NOT DIVIDED,TRAFFIC SIGNAL,FAILING TO YIELD RIGHT-OF-WAY,NOT APPLICABLE,0,0,3,3,13,3,4,1315,ELSTON AVE,41.81189,-87.6834,04/26/2016 02:41:00 PM,2016
CR00023930,04/17/2016 12:26:00 AM,40,CLEAR,DAYLIGHT,ANGLE,DIVIDED - W/MEDIAN (NOT RAISED),NO CONTROLS,FAILING TO REDUCE SPEED,DRIVING SKILLS/KNOWLEDGE/EXPERIENCE,0,0,0,0,0,1,4,714,ARCHER AVE,41.83989,-87.52587,04/17/2016 02:08:00 AM,2016
CR00023931,09/13/2022 09:31:00 AM,35,CLOUDY/OVERCAST,DARKNESS - LIGHTED ROAD,ANGLE,T-INTERSECTION,STOP SIGN/FLASHER,FAILING TO YIELD RIGHT-OF-WAY,DRIVING SKILLS/KNOWLEDGE/EXPERIENCE,0,1,1,2,9,3,9,1295,LAKE SHORE DR,41.883544,-87.55653,09/13/2022 10:38:00 AM,2022
CR00023932,07/10/2024 08:01:00 PM,30,CLOUDY/OVERCAST,DARKNESS - LIGHTED ROAD,REAR END,NOT DIVIDED,NO CONTROLS,FOLLOWING TOO CLOSELY,DISTRACTION - FROM INSIDE VEHICLE,0,0,0,0,20,4,7,373,47TH ST,41.775468,-87.625757,07/10/2024 09:13:00 PM,2024
CR00023933,05/20/2015 03:58:00 PM,15,CLEAR,DARKNESS - LIGHTED ROAD,SIDESWIPE SAME DIRECTION,NOT DIVIDED,NO CONTROLS,DRIVING SKILLS/KNOWLEDGE/EXPERIENCE,FOLLOWING TOO CLOSELY,0,0,0,0,15,4,5,1549,DAMEN AVE,41.982176,-87.571983,05/20/2015 05:13:00 PM,2015
CR00023934,05/14/2022 10:08:00 AM,30,CLEAR,DAYLIGHT,ANGLE,DIVIDED - W/MEDIAN BARRIER,STOP SIGN/FLASHER,UNABLE TO DETERMINE,DISTRACTION - FROM INSIDE VEHICLE,0,0,3,3,10,7,5,465,KEDZIE AVE,41.977284,-87.596338,05/14/2022 11:14:00 AM,2022
CR00023935,05/06/2016 06:28:00 AM,25,CLEAR,DAYLIGHT,REAR END,T-INTERSECTION,TRAFFIC SIGNAL,FAILING TO YIELD RIGHT-OF-WAY,NOT APPLICABLE,0,2,1,3,6,6,5,530,47TH ST,41.760468,-87.840926,05/06/2016 06:58:00 AM,2016
CR00023936,01/13/2023 08:31:00 AM,30,RAIN,DUSK,TURNING,NOT DIVIDED,TRAFFIC SIGNAL,FAILING TO YIELD RIGHT-OF-WAY,DISREGARDING TRAFFIC SIGNALS,0,0,0,0,8,6,1,2472,CALIFORNIA AVE,41.837173,-87.541568,01/13/2023 09:03:00 AM,2023
CR00023937,12/03/2023 05:00:00 PM,35,CLEAR,DAYLIGHT,TURNING,NOT DIVIDED,UNKNOWN,FOLLOWING TOO CLOSELY,FAILING TO REDUCE SPEED,0,0,0,0,17,1,12,289,HALSTED ST,41.900565,-87.596442,12/03/2023 05:06:00 PM,2023
CR00023938,02/16/2016 02:53:00 AM,45,CLEAR,DAYLIGHT,SIDESWIPE SAME DIRECTION,DIVIDED - W/MEDIAN BARRIER,TRAFFIC SIGNAL,FAILING TO REDUCE SPEED,FOLLOWING TOO CLOSELY,0,0,0,0,2,3,2,1853,47TH ST,41.989764,-87.728647,02/16/2016 04:19:00 AM,2016
CR00023939,04/22/2021 12:45:00 PM,40,CLEAR,DAWN,PEDESTRIAN,ONE-WAY,STOP SIGN/FLASHER,UNABLE TO DETERMINE,FAILING TO YIELD RIGHT-OF-WAY,0,0,0,0,12,5,4,1108,CALIFORNIA AVE,41.856739,-87.788984,04/22/2021 01:18:00 PM,2021
CR00023940,05/02/2018 08:28:00 AM,35,CLEAR,DAYLIGHT,SIDESWIPE SAME DIRECTION,DIVIDED - W/MEDIAN BARRIER,STOP SIGN/FLASHER,FAILING TO YIELD RIGHT-OF-WAY,DRIVING SKILLS/KNOWLEDGE/EXPERIENCE,0,0,0,0,8,4,5,1703,FULLERTON AVE,41.820818,-87.765312,05/02/2018 08:35:00 AM,2018
CR00023941,04/19/2018 01:35:00 PM,30,SNOW,DARKNESS - LIGHTED ROAD,FIXED OBJECT,DIVIDED - W/MEDIAN BARRIER,NO CONTROLS,DISTRACTION - FROM INSIDE VEHICLE,FOLLOWING TOO CLOSELY,0,0,1,1,13,5,4,2123,OGDEN AVE,41.811323,-87.689049,04/19/2018 03:17:00 PM,2018
CR00023942,09/28/2022 05:55:00 PM,45,CLOUDY/OVERCAST,DAYLIGHT,ANGLE,NOT DIVIDED,TRAFFIC SIGNAL,FOLLOWING TOO CLOSELY,NOT APPLICABLE,0,0,0,0,17,4,9,999,MILWAUKEE AVE,41.980569,-87.683695,09/28/2022 07:14:00 PM,2022
CR00023943,05/31/2017 03:26:00 PM,35,FOG/SMOKE/HAZE,DAYLIGHT,ANGLE,DIVIDED - W/MEDIAN (NOT RAISED),NO CONTROLS,UNABLE TO DETERMINE,UNABLE TO DETERMINE,0,0,0,0,15,4,5,219,63RD ST,41.950877,-87.642031,05/31/2017 03:38:00 PM,2017
CR00023944,02/25/2022 09:03:00 AM,35,FOG/SMOKE/HAZE,DAYLIGHT,SIDESWIPE SAME DIRECTION,ONE-WAY,TRAFFIC SIGNAL,FAILING TO REDUCE SPEED,DISTRACTION - FROM INSIDE VEHICLE,0,0,0,0,9,6,2,211,FULLERTON AVE,41.757546,-87.828822,02/25/2022 10:19:00 AM,2022
CR00023945,07/24/2017 03:28:00 PM,35,CLEAR,DAYLIGHT,SIDESWIPE SAME DIRECTION,ONE-WAY,NO CONTROLS,FAILING TO REDUCE SPEED,DRIVING SKILLS/KNOWLEDGE/EXPERIENCE,0,0,0,0,15,2,7,1224,ELSTON AVE,41.868957,-87.75572,07/24/2017 04:47:00 PM,2017
CR00023946,02/25/2019 08:19:00 AM,35,SNOW,DAYLIGHT,TURNING,FOUR WAY,UNKNOWN,FAILING TO YIELD RIGHT-OF-WAY,NOT APPLICABLE,0,0,0,0,8,2,2,286,47TH ST,41.842185,-87.572643,02/25/2019 08:41:00 AM,2019
CR00023947,01/22/2018 02:41:00 PM,25,CLEAR,DAYLIGHT,SIDESWIPE SAME DIRECTION,DIVIDED - W/MEDIAN (NOT RAISED),TRAFFIC SIGNAL,UNABLE TO DETERMINE,UNABLE TO DETERMINE,0,0,0,0,14,2,1,1121,IRVING PARK RD,41.909774,-87.681457,01/22/2018 02:48:00 PM,2018