CRASH_RECORD_ID,CRASH_DATE,POSTED_SPEED_LIMIT,WEATHER_CONDITION,LIGHTING_CONDITION,FIRST_CRASH_TYPE,TRAFFICWAY_TYPE,TRAFFIC_CONTROL_DEVICE,PRIM_CONTRIBUTORY_CAUSE,SEC_CONTRIBUTORY_CAUSE,INJURIES_FATAL,INJURIES_INCAPACITATING,INJURIES_NON_INCAPACITATING,INJURIES_TOTAL,CRASH_HOUR,CRASH_DAY_OF_WEEK,CRASH_MONTH,BEAT_OF_OCCURRENCE,STREET_NAME,LATITUDE,LONGITUDE,DATE_POLICE_NOTIFIED,year
CR00023948,06/16/2021 07:32:00 AM,30,CLEAR,DARKNESS - LIGHTED ROAD,REAR END,DIVIDED - W/MEDIAN (NOT RAISED),NO CONTROLS,FOLLOWING TOO CLOSELY,NOT APPLICABLE,0,0,0,0,7,4,6,2209,FULLERTON AVE,41.838278,-87.803758,06/16/2021 08:15:00 AM,2021
CR00023949,07/14/2023 08:40:00 PM,35,CLEAR,DARKNESS,SIDESWIPE SAME DIRECTION,DIVIDED - W/MEDIAN BARRIER,STOP SIGN/FLASHER,UNABLE TO DETERMINE,FAILING TO YIELD RIGHT-OF-WAY,0,0,0,0,20,6,7,895,ROOSEVELT RD,41.799764,-87.504193,07/14/2023 09:46:00 PM,2023
CR00023950,01/30/2017 11:32:00 AM,20,CLOUDY/OVERCAST,DAYLIGHT,REAR END,DIVIDED - W/MEDIAN BARRIER,STOP SIGN/FLASHER,IMPROPER OVERTAKING/PASSING,IMPROPER OVERTAKING/PASSING,0,0,1,1,11,2,1,229,MILWAUKEE AVE,41.79114,-87.541607,01/30/2017 12:54:00 PM,2017
CR00023951,10/07/2019 03:00:00 PM,15,RAIN,DARKNESS - LIGHTED ROAD,ANGLE,ONE-WAY,NO CONTROLS,UNABLE TO DETERMINE,IMPROPER LANE USAGE,0,0,0,0,15,2,10,1451,IRVING PARK RD,41.879907,-87.730322,10/07/2019 03:34:00 PM,2019
CR00023952,05/21/2020 10:51:00 AM,25,CLEAR,DARKNESS - LIGHTED ROAD,REAR END,FOUR WAY,STOP SIGN/FLASHER,DRIVING SKILLS/KNOWLEDGE/EXPERIENCE,NOT APPLICABLE,0,0,0,0,10,5,5,1707,BROADWAY,41.84665,-87.782805,05/21/2020 11:31:00 AM,2020
CR00023953,08/20/2019 12:25:00 AM,35,CLEAR,DAYLIGHT,REAR TO FRONT,NOT DIVIDED,NO CONTROLS,WEATHER,DISTRACTION - FROM INSIDE VEHICLE,0,0,0,0,0,3,8,751,PULASKI RD,41.825452,-87.543224,08/20/2019 01:10:00 AM,2019
CR00023954,08/19/2018 12:39:00 AM,30,CLEAR,DAYLIGHT,REAR END,NOT DIVIDED,TRAFFIC SIGNAL,DRIVING SKILLS/KNOWLEDGE/EXPERIENCE,NOT APPLICABLE,0,0,0,0,0,1,8,646,IRVING PARK RD,41.702027,-87.597653,08/19/2018 12:51:00 AM,2018
CR00023955,05/11/2018 10:57:00 AM,15,CLOUDY/OVERCAST,DAYLIGHT,REAR END,NOT DIVIDED,NO CONTROLS,UNABLE TO DETERMINE,NOT APPLICABLE,0,0,0,0,10,6,5,2376,PULASKI RD,41.7844,-87.555325,05/11/2018 12:00:00 PM,2018
CR00023956,09/02/2020 06:19:00 PM,45,SNOW,DAWN,TURNING,ONE-WAY,NO CONTROLS,FAILING TO YIELD RIGHT-OF-WAY,FOLLOWING TOO CLOSELY,0,0,0,0,18,4,9,653,63RD ST,41.96108,-87.736599,09/02/2020 07:49:00 PM,2020
CR00023957,06/21/2019 10:12:00 AM,30,CLEAR,DARKNESS - LIGHTED ROAD,REAR END,T-INTERSECTION,NO CONTROLS,DRIVING SKILLS/KNOWLEDGE/EXPERIENCE,FOLLOWING TOO CLOSELY,0,0,0,0,10,6,6,1642,KEDZIE AVE,41.969386,-87.784368,06/21/2019 10:17:00 AM,2019
CR00023958,03/30/2023 11:00:00 PM,30,CLOUDY/OVERCAST,DAYLIGHT,SIDESWIPE SAME DIRECTION,ONE-WAY,TRAFFIC SIGNAL,UNABLE TO DETERMINE,NOT APPLICABLE,0,0,0,0,23,5,3,414,BROADWAY,41.737267,-87.778536,03/30/2023 11:46:00 PM,2023
CR00023959,11/21/2024 06:24:00 AM,20,CLEAR,DAYLIGHT,ANGLE,NOT DIVIDED,TRAFFIC SIGNAL,UNABLE TO DETERMINE,IMPROPER LANE USAGE,0,0,0,0,6,5,11,2259,ELSTON AVE,41.978484,-87.510466,11/21/2024 06:48:00 AM,2024
CR00023960,05/26/2015 03:14:00 PM,20,CLOUDY/OVERCAST,DAYLIGHT,TURNING,DIVIDED - W/MEDIAN BARRIER,TRAFFIC SIGNAL,UNABLE TO DETERMINE,IMPROPER OVERTAKING/PASSING,0,0,1,1,15,3,5,729,CALIFORNIA AVE,41.969177,-87.597805,05/26/2015 04:15:00 PM,2015
CR00023961,01/09/2016 10:13:00 AM,40,CLEAR,DAYLIGHT,TURNING,NOT DIVIDED,NO CONTROLS,UNABLE TO DETERMINE,FAILING TO YIELD RIGHT-OF-WAY,0,0,0,0,10,7,1,1140,LAKE SHORE DR,41.933349,-87.519564,01/09/2016 11:49:00 AM,2016
CR00023962,05/02/2021 08:33:00 PM,45,CLEAR,DAYLIGHT,TURNING,DIVIDED - W/MEDIAN BARRIER,NO CONTROLS,DISTRACTION - FROM INSIDE VEHICLE,UNABLE TO DETERMINE,0,0,1,1,20,1,5,348,CLARK ST,41.86752,-87.540859,05/02/2021 08:58:00 PM,2021
CR00023963,08/04/2015 04:50:00 PM,30,SNOW,DARKNESS,ANGLE,T-INTERSECTION,STOP SIGN/FLASHER,FAILING TO REDUCE SPEED,FAILING TO YIELD RIGHT-OF-WAY,0,0,0,0,16,3,8,1845,ARCHER AVE,41.743282,-87.760009,08/04/2015 05:55:00 PM,2015
CR00023964,10/24/2021 10:19:00 AM,45,CLEAR,DARKNESS,REAR END,NOT DIVIDED,TRAFFIC SIGNAL,UNABLE TO DETERMINE,NOT APPLICABLE,0,0,0,0,10,1,10,923,BROADWAY,41.92637,-87.648309,10/24/2021 11:29:00 AM,2021
CR00023965,12/10/2020 01:42:00 AM,35,CLEAR,DAYLIGHT,REAR TO FRONT,NOT DIVIDED,NO CONTROLS,IMPROPER OVERTAKING/PASSING,IMPROPER LANE USAGE,0,0,0,0,1,5,12,1466,MILWAUKEE AVE,41.99149,-87.745555,12/10/2020 02:41:00 AM,2020
CR00023966,09/22/2016 08:49:00 AM,35,CLEAR,DAYLIGHT,REAR END,DIVIDED - W/MEDIAN BARRIER,STOP SIGN/FLASHER,FOLLOWING TOO CLOSELY,UNABLE TO DETERMINE,0,0,0,0,8,5,9,159,CICERO AVE,41.910592,-87.611384,09/22/2016 09:12:00 AM,2016
CR00023967,10/02/2020 06:33:00 PM,45,CLEAR,DAWN,ANGLE,DIVIDED - W/MEDIAN (NOT RAISED),NO CONTROLS,UNABLE TO DETERMINE,NOT APPLICABLE,0,0,0,0,18,6,10,2492,ASHLAND AVE,41.769386,-87.585,10/02/2020 07:34:00 PM,2020
CR00023968,06/07/2016 03:29:00 PM,35,CLEAR,DARKNESS,SIDESWIPE SAME DIRECTION,DIVIDED - W/MEDIAN BARRIER,TRAFFIC SIGNAL,UNABLE TO DETERMINE,DISREGARDING TRAFFIC SIGNALS,0,1,1,2,15,3,6,1093,DIVISION ST,41.896667,-87.816714,06/07/2016 05:25:00 PM,2016
CR00023969,05/05/2022 01:46:00 PM,30,CLOUDY/OVERCAST,DAYLIGHT,REAR END,NOT DIVIDED,NO CONTROLS,IMPROPER LANE USAGE,FAILING TO YIELD RIGHT-OF-WAY,0,1,1,2,13,5,5,925,MICHIGAN AVE,41.904853,-87.60397,05/05/2022 03:07:00 PM,2022
CR00023970,01/05/2024 07:39:00 PM,35,CLEAR,DAYLIGHT,TURNING,DIVIDED - W/MEDIAN BARRIER,NO CONTROLS,DISTRACTION - FROM INSIDE VEHICLE,DISTRACTION - FROM INSIDE VEHICLE,0,0,0,0,19,6,1,2208,CICERO AVE,41.943238,-87.679789,01/05/2024 07:42:00 PM,2024
CR00023971,05/10/2019 08:05:00 PM,30,CLEAR,DAYLIGHT,TURNING,NOT DIVIDED,STOP SIGN/FLASHER,UNABLE TO DETERMINE,NOT APPLICABLE,0,0,0,0,20,6,5,129,CLARK ST,41.705224,-87.796126,05/10/2019 10:05:00 PM,2019
CR00023972,08/09/2019 02:48:00 PM,15,CLEAR,DARKNESS - LIGHTED ROAD,SIDESWIPE SAME DIRECTION,DIVIDED - W/MEDIAN (NOT RAISED),STOP SIGN/FLASHER,FOLLOWING TOO CLOSELY,DRIVING SKILLS/KNOWLEDGE/EXPERIENCE,0,1,1,2,14,6,8,1373,LAKE SHORE DR,41.947969,-87.754939,08/09/2019 04:33:00 PM,2019
CR00023973,10/25/2022 05:35:00 PM,35,CLEAR,DARKNESS - LIGHTED ROAD,SIDESWIPE SAME DIRECTION,NOT DIVIDED,STOP SIGN/FLASHER,FOLLOWING TOO CLOSELY,FAILING TO REDUCE SPEED,0,0,2,2,17,3,10,2531,FULLERTON AVE,41.985736,-87.68308,10/25/2022 06:19:00 PM,2022
CR00023974,05/06/2024 08:10:00 PM,40,CLEAR,DARKNESS,REAR END,T-INTERSECTION,NO CONTROLS,UNABLE TO DETERMINE,IMPROPER OVERTAKING/PASSING,0,0,1,1,20,2,5,217,63RD ST,41.818102,-87.797133,05/06/2024 08:34:00 PM,2024
CR00023975,07/18/2023 08:12:00 AM,25,CLEAR,DARKNESS - LIGHTED ROAD,ANGLE,FOUR WAY,NO CONTROLS,UNABLE TO DETERMINE,DISTRACTION - FROM INSIDE VEHICLE,0,0,0,0,8,3,7,1198,CLARK ST,41.903159,-87.579168,07/18/2023 09:11:00 AM,2023
CR00023976,02/04/2016 03:46:00 AM,15,CLEAR,DAYLIGHT,PARKED MOTOR VEHICLE,DIVIDED - W/MEDIAN BARRIER,NO CONTROLS,FAILING TO REDUCE SPEED,FOLLOWING TOO CLOSELY,0,0,0,0,3,5,2,1366,CLARK ST,41.814573,-87.80152,02/04/2016 04:06:00 AM,2016
CR00023977,10/01/2019 09:08:00 AM,30,CLEAR,DAYLIGHT,REAR END,NOT DIVIDED,STOP SIGN/FLASHER,UNABLE TO DETERMINE,DRIVING SKILLS/KNOWLEDGE/EXPERIENCE,0,0,1,1,9,3,10,2321,ARCHER AVE,41.717134,-87.770936,10/01/2019 10:24:00 AM,2019
CR00023978,03/18/2015 10:17:00 AM,15,CLEAR,DAYLIGHT,TURNING,DIVIDED - W/MEDIAN (NOT RAISED),TRAFFIC SIGNAL,UNABLE TO DETERMINE,IMPROPER LANE USAGE,0,0,2,2,10,4,3,984,FULLERTON AVE,41.991968,-87.603489,03/18/2015 10:36:00 AM,2015
CR00023979,01/11/2019 08:13:00 AM,20,CLEAR,DARKNESS,REAR END,FOUR WAY,STOP SIGN/FLASHER,DISTRACTION - FROM INSIDE VEHICLE,NOT APPLICABLE,0,0,3,3,8,6,1,2449,CICERO AVE,41.846193,-87.56232,01/11/2019 09:08:00 AM,2019
CR00023980,01/05/2023 12:21:00 PM,45,CLEAR,DUSK,PARKED MOTOR VEHICLE,NOT DIVIDED,STOP SIGN/FLASHER,IMPROPER LANE USAGE,FAILING TO YIELD RIGHT-OF-WAY,0,0,0,0,12,5,1,1246,WESTERN AVE,41.710002,-87.592756,01/05/2023 02:03:00 PM,2023
CR00023981,04/08/2017 11:24:00 AM,40,CLEAR,DARKNESS - LIGHTED ROAD,ANGLE,FOUR WAY,TRAFFIC SIGNAL,FOLLOWING TOO CLOSELY,DRIVING SKILLS/KNOWLEDGE/EXPERIENCE,0,0,0,0,11,7,4,2110,ASHLAND AVE,41.887542,-87.546332,04/08/2017 11:35:00 AM,2017
CR00023982,09/26/2024 11:23:00 AM,40,CLEAR,DAYLIGHT,PEDESTRIAN,DIVIDED - W/MEDIAN (NOT RAISED),TRAFFIC SIGNAL,IMPROPER LANE USAGE,FOLLOWING TOO CLOSELY,0,0,0,0,11,5,9,907,IRVING PARK RD,41.744139,-87.542358,09/26/2024 01:03:00 PM,2024
CR00023983,02/11/2018 01:16:00 PM,20,SNOW,DAYLIGHT,REAR END,NOT DIVIDED,NO CONTROLS,DISTRACTION - FROM INSIDE VEHICLE,DRIVING SKILLS/KNOWLEDGE/EXPERIENCE,0,0,0,0,13,1,2,1952,79TH ST,41.701218,-87.675264,02/11/2018 03:03:00 PM,2018
CR00023984,09/26/2024 03:59:00 AM,25,CLEAR,DAYLIGHT,REAR END,DIVIDED - W/MEDIAN (NOT RAISED),NO CONTROLS,DISTRACTION - FROM INSIDE VEHICLE,UNABLE TO DETERMINE,0,0,1,1,3,5,9,625,ELSTON AVE,41.740712,-87.562058,09/26/2024 05:53:00 AM,2024
CR00023985,07/18/2023 03:03:00 PM,30,CLEAR,DAYLIGHT,FIXED OBJECT,NOT DIVIDED,TRAFFIC SIGNAL,IMPROPER LANE USAGE,UNABLE TO DETERMINE,0,0,0,0,15,3,7,724,HALSTED ST,41.975292,-87.602792,07/18/2023 04:35:00 PM,2023
CR00023986,07/16/2021 02:21:00 PM,20,RAIN,DAYLIGHT,REAR END,DIVIDED - W/MEDIAN (NOT RAISED),TRAFFIC SIGNAL,UNABLE TO DETERMINE,NOT APPLICABLE,0,0,1,1,14,6,7,438,FULLERTON AVE,41.93665,-87.565779,07/16/2021 03:08:00 PM,2021
CR00023987,03/07/2022 07:32:00 AM,30,CLEAR,DAYLIGHT,TURNING,ONE-WAY,TRAFFIC SIGNAL,FOLLOWING TOO CLOSELY,FAILING TO YIELD RIGHT-OF-WAY,0,0,0,0,7,2,3,2244,OGDEN AVE,41.971386,-87.701537,03/07/2022 09:09:00 AM,2022
CR00023988,06/23/2019 03:42:00 PM,15,SNOW,DARKNESS - LIGHTED ROAD,FIXED OBJECT,ONE-WAY,TRAFFIC SIGNAL,FAILING TO YIELD RIGHT-OF-WAY,FOLLOWING TOO CLOSELY,0,0,0,0,15,1,6,2023,CICERO AVE,41.768983,-87.634723,06/23/2019 04:41:00 PM,2019
CR00023989,06/16/2024 05:03:00 PM,35,CLEAR,DAYLIGHT,REAR END,NOT DIVIDED,NO CONTROLS,IMPROPER OVERTAKING/PASSING,DISREGARDING TRAFFIC SIGNALS,0,2,0,2,17,1,6,1227,WESTERN AVE,41.805271,-87.571518,06/16/2024 06:07:00 PM,2024
CR00023990,09/06/2023 08:53:00 AM,45,CLEAR,DAYLIGHT,REAR END,DIVIDED - W/MEDIAN BARRIER,NO CONTROLS,UNABLE TO DETERMINE,FAILING TO REDUCE SPEED,0,0,0,0,8,4,9,1887,ARCHER AVE,41.860377,-87.655411,09/06/2023 10:53:00 AM,2023
CR00023991,10/24/2018 06:46:00 PM,30,CLEAR,DAYLIGHT,TURNING,NOT DIVIDED,TRAFFIC SIGNAL,FAILING TO REDUCE SPEED,DISREGARDING TRAFFIC SIGNALS,0,0,0,0,18,4,10,2146,LAKE SHORE DR,41.997722,-87.777227,10/24/2018 08:16:00 PM,2018
CR00023992,01/21/2020 07:00:00 PM,45,SNOW,DAYLIGHT,REAR END,NOT DIVIDED,UNKNOWN,DRIVING SKILLS/KNOWLEDGE/EXPERIENCE,IMPROPER OVERTAKING/PASSING,0,0,0,0,19,3,1,658,BROADWAY,41.70511,-87.712571,01/21/2020 08:41:00 PM,2020
CR00023993,03/09/2024 04:39:00 PM,25,RAIN,DARKNESS - LIGHTED ROAD,TURNING,FOUR WAY,NO CONTROLS,UNABLE TO DETERMINE,FOLLOWING TOO CLOSELY,0,0,0,0,16,7,3,1401,KEDZIE AVE,41.983487,-87.65517,03/09/2024 05:14:00 PM,2024
CR00023994,12/29/2024 05:02:00 PM,30,FOG/SMOKE/HAZE,DAYLIGHT,SIDESWIPE SAME DIRECTION,NOT DIVIDED,TRAFFIC SIGNAL,UNABLE TO DETERMINE,NOT APPLICABLE,0,0,0,0,17,1,12,598,CLARK ST,41.988728,-87.52062,12/29/2024 06:22:00 PM,2024
CR00023995,05/09/2024 12:03:00 PM,35,CLEAR,DAYLIGHT,REAR END,NOT DIVIDED,NO CONTROLS,IMPROPER LANE USAGE,DRIVING SKILLS/KNOWLEDGE/EXPERIENCE,0,0,1,1,12,5,5,2466,STONY ISLAND AVE,41.97565,-87.625714,05/09/2024 01:59:00 PM,2024
CR00023996,05/21/2024 10:34:00 PM,30,CLEAR,DARKNESS - LIGHTED ROAD,SIDESWIPE SAME DIRECTION,DIVIDED - W/MEDIAN (NOT RAISED),TRAFFIC SIGNAL,UNABLE TO DETERMINE,FOLLOWING TOO CLOSELY,0,0,2,2,22,3,5,1717,ARCHER AVE,41.805146,-87.618007,05/21/2024 11:00:00 PM,2024
CR00023997,05/30/2023 04:26:00 PM,25,FOG/SMOKE/HAZE,DARKNESS - LIGHTED ROAD,REAR TO FRONT,FOUR WAY,UNKNOWN,FOLLOWING TOO CLOSELY,IMPROPER LANE USAGE,0,0,0,0,16,3,5,2139,LAKE SHORE DR,41.803959,-87.596937,05/30/2023 04:45:00 PM,2023
CR00023998,04/18/2024 08:14:00 AM,30,CLEAR,DARKNESS - LIGHTED ROAD,REAR END,FOUR WAY,TRAFFIC SIGNAL,FOLLOWING TOO CLOSELY,UNABLE TO DETERMINE,0,0,0,0,8,5,4,1584,WESTERN AVE,41.773449,-87.519576,04/18/2024 09:04:00 AM,2024
CR00023999,11/11/2019 06:24:00 PM,40,CLEAR,DAYLIGHT,REAR END,ONE-WAY,UNKNOWN,DRIVING SKILLS/KNOWLEDGE/EXPERIENCE,UNABLE TO DETERMINE,0,0,0,0,18,2,11,2269,ASHLAND AVE,41.726144,-87.799442,11/11/2019 06:25:00 PM,2019
CR00024000,10/08/2016 11:21:00 PM,15,CLEAR,DARKNESS - LIGHTED ROAD,REAR END,NOT DIVIDED,TRAFFIC SIGNAL,UNABLE TO DETERMINE,FAILING TO REDUCE SPEED,0,0,0,0,23,7,10,1319,LAKE SHORE DR,41.76194,-87.827727,10/08/2016 11:38:00 PM,2016
CR00024001,04/12/2018 08:17:00 PM,30,CLEAR,DARKNESS,SIDESWIPE SAME DIRECTION,T-INTERSECTION,TRAFFIC SIGNAL,DRIVING SKILLS/KNOWLEDGE/EXPERIENCE,NOT APPLICABLE,0,2,1,3,20,5,4,1155,CLARK ST,41.955462,-87.739701,04/12/2018 08:42:00 PM,2018
CR00024002,10/08/2024 06:02:00 PM,25,CLEAR,DARKNESS - LIGHTED ROAD,REAR END,DIVIDED - W/MEDIAN BARRIER,NO CONTROLS,UNABLE TO DETERMINE,UNABLE TO DETERMINE,0,0,2,2,18,3,10,1770,OGDEN AVE,41.771393,-87.683968,10/08/2024 06:18:00 PM,2024
CR00024003,02/21/2021 04:34:00 AM,35,CLOUDY/OVERCAST,DARKNESS - LIGHTED ROAD,PARKED MOTOR VEHICLE,NOT DIVIDED,NO CONTROLS,FAILING TO YIELD RIGHT-OF-WAY,FAILING TO REDUCE SPEED,0,0,0,0,4,1,2,1220,KEDZIE AVE,41.877868,-87.602243,02/21/2021 05:38:00 AM,2021
CR00024004,01/17/2017 03:22:00 PM,40,CLEAR,DAYLIGHT,PARKED MOTOR VEHICLE,NOT DIVIDED,STOP SIGN/FLASHER,UNABLE TO DETERMINE,WEATHER,0,1,1,2,15,3,1,1203,MICHIGAN AVE,41.848735,-87.63578,01/17/2017 03:27:00 PM,2017
CR00024005,12/20/2024 10:10:00 AM,15,CLEAR,DARKNESS - LIGHTED ROAD,PARKED MOTOR VEHICLE,FOUR WAY,TRAFFIC SIGNAL,UNABLE TO DETERMINE,UNABLE TO DETERMINE,0,0,2,2,10,6,12,2495,DAMEN AVE,41.709649,-87.724577,12/20/2024 11:40:00 AM,2024
CR00024006,10/27/2024 12:56:00 PM,15,RAIN,DAWN,PARKED MOTOR VEHICLE,DIVIDED - W/MEDIAN (NOT RAISED),TRAFFIC SIGNAL,FAILING TO YIELD RIGHT-OF-WAY,FAILING TO YIELD RIGHT-OF-WAY,0,0,0,0,12,1,10,1565,STATE ST,41.96511,-87.833866,10/27/2024 01:12:00 PM,2024
CR00024007,12/03/2024 07:45:00 PM,35,CLEAR,DAYLIGHT,FIXED OBJECT,ONE-WAY,TRAFFIC SIGNAL,FAILING TO REDUCE SPEED,FAILING TO REDUCE SPEED,0,0,0,0,19,3,12,951,IRVING PARK RD,41.746462,-87.702455,12/03/2024 08:32:00 PM,2024
CR00024008,05/15/2023 06:39:00 AM,30,RAIN,DARKNESS - LIGHTED ROAD,SIDESWIPE SAME DIRECTION,NOT DIVIDED,NO CONTROLS,UNABLE TO DETERMINE,UNABLE TO DETERMINE,0,0,1,1,6,2,5,490,CICERO AVE,41.975255,-87.713251,05/15/2023 07:29:00 AM,2023
CR00024009,09/08/2023 10:40:00 AM,35,CLEAR,DAYLIGHT,REAR END,NOT DIVIDED,STOP SIGN/FLASHER,FOLLOWING TOO CLOSELY,FAILING TO YIELD RIGHT-OF-WAY,0,0,0,0,10,6,9,549,DAMEN AVE,41.880491,-87.830969,09/08/2023 11:05:00 AM,2023
CR00024010,04/17/2016 01:12:00 AM,35,RAIN,DAYLIGHT,ANGLE,DIVIDED - W/MEDIAN (NOT RAISED),STOP SIGN/FLASHER,UNABLE TO DETERMINE,IMPROPER LANE USAGE,0,0,0,0,1,1,4,1622,47TH ST,41.85978,-87.84747,04/17/2016 01:14:00 AM,2016
CR00024011,05/22/2024 07:22:00 AM,30,CLEAR,DARKNESS - LIGHTED ROAD,REAR END,ONE-WAY,NO CONTROLS,IMPROPER LANE USAGE,UNABLE TO DETERMINE,0,0,1,1,7,4,5,2491,ROOSEVELT RD,41.964993,-87.800046,05/22/2024 07:28:00 AM,2024
CR00024012,09/26/2023 12:20:00 AM,40,SNOW,DAYLIGHT,FIXED OBJECT,DIVIDED - W/MEDIAN (NOT RAISED),TRAFFIC SIGNAL,DRIVING SKILLS/KNOWLEDGE/EXPERIENCE,FOLLOWING TOO CLOSELY,0,0,0,0,0,3,9,2045,STATE ST,41.813375,-87.835696,09/26/2023 01:48:00 AM,2023
CR00024013,09/22/2017 07:41:00 AM,30,CLEAR,DARKNESS - LIGHTED ROAD,REAR END,NOT DIVIDED,NO CONTROLS,IMPROPER OVERTAKING/PASSING,FOLLOWING TOO CLOSELY,0,0,0,0,7,6,9,146,MILWAUKEE AVE,41.949012,-87.672567,09/22/2017 08:26:00 AM,2017
CR00024014,11/03/2018 02:30:00 PM,35,CLEAR,DAYLIGHT,SIDESWIPE SAME DIRECTION,DIVIDED - W/MEDIAN BARRIER,NO CONTROLS,UNABLE TO DETERMINE,UNABLE TO DETERMINE,0,0,2,2,14,7,11,1481,MILWAUKEE AVE,41.978469,-87.625458,11/03/2018 03:33:00 PM,2018
CR00024015,07/20/2024 06:58:00 PM,45,CLEAR,DARKNESS - LIGHTED ROAD,TURNING,DIVIDED - W/MEDIAN (NOT RAISED),STOP SIGN/FLASHER,UNABLE TO DETERMINE,FOLLOWING TOO CLOSELY,0,0,0,0,18,7,7,688,79TH ST,41.812531,-87.721492,07/20/2024 08:05:00 PM,2024
CR00024016,02/07/2018 05:52:00 AM,30,CLEAR,DARKNESS,ANGLE,ONE-WAY,NO CONTROLS,FOLLOWING TOO CLOSELY,NOT APPLICABLE,0,0,0,0,5,4,2,121,IRVING PARK RD,41.752009,-87.691932,02/07/2018 05:57:00 AM,2018
CR00024017,11/18/2023 01:29:00 PM,40,CLEAR,DARKNESS - LIGHTED ROAD,REAR END,NOT DIVIDED,TRAFFIC SIGNAL,FAILING TO REDUCE SPEED,DISREGARDING TRAFFIC SIGNALS,0,0,0,0,13,7,11,1122,BROADWAY,41.994087,-87.822302,11/18/2023 02:22:00 PM,2023
CR00024018,09/22/2020 05:22:00 PM,25,CLEAR,DARKNESS - LIGHTED ROAD,REAR TO FRONT,FOUR WAY,NO CONTROLS,FAILING TO YIELD RIGHT-OF-WAY,FAILING TO YIELD RIGHT-OF-WAY,0,0,0,0,17,3,9,1481,ELSTON AVE,41.707116,-87.821371,09/22/2020 07:05:00 PM,2020
CR00024019,03/27/2021 05:56:00 PM,30,RAIN,DAYLIGHT,REAR END,NOT DIVIDED,NO CONTROLS,UNABLE TO DETERMINE,FAILING TO YIELD RIGHT-OF-WAY,0,0,0,0,17,7,3,2201,OGDEN AVE,41.71883,-87.541842,03/27/2021 07:43:00 PM,2021
CR00024020,11/06/2024 06:02:00 PM,30,RAIN,DAYLIGHT,FIXED OBJECT,NOT DIVIDED,STOP SIGN/FLASHER,UNABLE TO DETERMINE,FAILING TO YIELD RIGHT-OF-WAY,0,0,0,0,18,4,11,755,CALIFORNIA AVE,41.710821,-87.654078,11/06/2024 06:40:00 PM,2024
CR00024021,11/11/2023 02:57:00 PM,30,CLEAR,DAYLIGHT,TURNING,NOT DIVIDED,NO CONTROLS,DISREGARDING TRAFFIC SIGNALS,WEATHER,0,0,0,0,14,7,11,498,MILWAUKEE AVE,41.957444,-87.665146,11/11/2023 03:33:00 PM,2023
CR00024022,09/28/2024 07:12:00 AM,35,CLOUDY/OVERCAST,DAYLIGHT,ANGLE,FOUR WAY,NO CONTROLS,IMPROPER OVERTAKING/PASSING,IMPROPER LANE USAGE,0,0,0,0,7,7,9,2137,CALIFORNIA AVE,41.861166,-87.685765,09/28/2024 07:40:00 AM,2024
CR00024023,09/28/2018 11:42:00 AM,15,CLOUDY/OVERCAST,DARKNESS,TURNING,DIVIDED - W/MEDIAN BARRIER,NO CONTROLS,UNABLE TO DETERMINE,UNABLE TO DETERMINE,0,0,0,0,11,6,9,399,63RD ST,41.80672,-87.613183,09/28/2018 01:33:00 PM,2018
CR00024024,07/31/2019 06:46:00 AM,30,RAIN,DARKNESS - LIGHTED ROAD,ANGLE,DIVIDED - W/MEDIAN (NOT RAISED),TRAFFIC SIGNAL,WEATHER,IMPROPER OVERTAKING/PASSING,0,0,0,0,6,4,7,1452,CICERO AVE,41.923777,-87.708061,07/31/2019 08:16:00 AM,2019
CR00024025,08/07/2020 02:54:00 PM,35,CLEAR,DARKNESS - LIGHTED ROAD,TURNING,DIVIDED - W/MEDIAN (NOT RAISED),STOP SIGN/FLASHER,FOLLOWING TOO CLOSELY,IMPROPER OVERTAKING/PASSING,0,0,1,1,14,6,8,265,FULLERTON AVE,41.9403,-87.664665,08/07/2020 03:59:00 PM,2020
CR00024026,04/23/2017 09:35:00 AM,15,CLOUDY/OVERCAST,DARKNESS - LIGHTED ROAD,REAR END,NOT DIVIDED,NO CONTROLS,UNABLE TO DETERMINE,FOLLOWING TOO CLOSELY,0,0,0,0,9,1,4,434,MILWAUKEE AVE,41.799933,-87.818009,04/23/2017 09:59:00 AM,2017
CR00024027,01/01/2018 06:28:00 PM,40,CLEAR,DARKNESS - LIGHTED ROAD,REAR TO FRONT,T-INTERSECTION,TRAFFIC SIGNAL,UNABLE TO DETERMINE,DISREGARDING TRAFFIC SIGNALS,0,0,0,0,18,2,1,2168,HALSTED ST,41.722719,-87.61503,01/01/2018 06:31:00 PM,2018
CR00024028,11/14/2017 06:13:00 PM,15,CLEAR,DAYLIGHT,PARKED MOTOR VEHICLE,DIVIDED - W/MEDIAN BARRIER,TRAFFIC SIGNAL,UNABLE TO DETERMINE,UNABLE TO DETERMINE,0,0,0,0,18,3,11,331,DAMEN AVE,41.796275,-87.537006,11/14/2017 07:18:00 PM,2017