CRASH_RECORD_ID,CRASH_DATE,POSTED_SPEED_LIMIT,WEATHER_CONDITION,LIGHTING_CONDITION,FIRST_CRASH_TYPE,TRAFFICWAY_TYPE,TRAFFIC_CONTROL_DEVICE,PRIM_CONTRIBUTORY_CAUSE,SEC_CONTRIBUTORY_CAUSE,INJURIES_FATAL,INJURIES_INCAPACITATING,INJURIES_NON_INCAPACITATING,INJURIES_TOTAL,CRASH_HOUR,CRASH_DAY_OF_WEEK,CRASH_MONTH,BEAT_OF_OCCURRENCE,STREET_NAME,LATITUDE,LONGITUDE,DATE_POLICE_NOTIFIED,year
CR00024029,04/16/2017 04:52:00 AM,30,CLEAR,DAYLIGHT,REAR END,FOUR WAY,STOP SIGN/FLASHER,DISTRACTION - FROM INSIDE VEHICLE,FOLLOWING TOO CLOSELY,0,0,0,0,4,1,4,1204,LAKE SHORE DR,41.861826,-87.813618,04/16/2017 05:17:00 AM,2017
CR00024030,09/10/2022 03:45:00 PM,30,CLEAR,DAYLIGHT,PARKED MOTOR VEHICLE,DIVIDED - W/MEDIAN BARRIER,NO CONTROLS,IMPROPER OVERTAKING/PASSING,NOT APPLICABLE,0,0,0,0,15,7,9,1601,PULASKI RD,41.905876,-87.717463,09/10/2022 03:56:00 PM,2022
CR00024031,01/29/2019 04:55:00 AM,40,CLOUDY/OVERCAST,DAYLIGHT,TURNING,NOT DIVIDED,NO CONTROLS,UNABLE TO DETERMINE,FAILING TO YIELD RIGHT-OF-WAY,0,0,0,0,4,3,1,2238,KEDZIE AVE,41.820503,-87.526738,01/29/2019 05:08:00 AM,2019
CR00024032,01/09/2024 03:26:00 PM,35,RAIN,DARKNESS - LIGHTED ROAD,TURNING,NOT DIVIDED,TRAFFIC SIGNAL,UNABLE TO DETERMINE,FOLLOWING TOO CLOSELY,0,0,0,0,15,3,1,2154,LAKE SHORE DR,41.72989,-87.802868,01/09/2024 04:07:00 PM,2024
CR00024033,03/15/2019 04:55:00 AM,30,CLEAR,DAYLIGHT,PARKED MOTOR VEHICLE,NOT DIVIDED,NO CONTROLS,FOLLOWING TOO CLOSELY,DRIVING SKILLS/KNOWLEDGE/EXPERIENCE,0,0,0,0,4,6,3,1425,CALIFORNIA AVE,41.841093,-87.73577,03/15/2019 06:02:00 AM,2019
CR00024034,09/25/2019 10:25:00 PM,30,RAIN,DAYLIGHT,ANGLE,NOT DIVIDED,NO CONTROLS,DISREGARDING TRAFFIC SIGNALS,FAILING TO YIELD RIGHT-OF-WAY,0,0,2,2,22,4,9,2430,CICERO AVE,41.86268,-87.696083,09/26/2019 12:01:00 AM,2019
CR00024035,07/04/2023 07:31:00 PM,40,RAIN,DARKNESS - LIGHTED ROAD,REAR TO FRONT,NOT DIVIDED,TRAFFIC SIGNAL,DISTRACTION - FROM INSIDE VEHICLE,FOLLOWING TOO CLOSELY,0,2,1,3,19,3,7,506,ASHLAND AVE,41.832823,-87.737094,07/04/2023 09:01:00 PM,2023
CR00024036,09/26/2016 01:08:00 PM,30,CLEAR,DAYLIGHT,TURNING,NOT DIVIDED,NO CONTROLS,IMPROPER LANE USAGE,UNABLE TO DETERMINE,0,1,1,2,13,2,9,1661,STATE ST,41.790957,-87.674909,09/26/2016 02:45:00 PM,2016
CR00024037,06/23/2021 07:43:00 PM,40,RAIN,DARKNESS,REAR END,NOT DIVIDED,TRAFFIC SIGNAL,FOLLOWING TOO CLOSELY,DRIVING SKILLS/KNOWLEDGE/EXPERIENCE,0,1,1,2,19,4,6,889,ROOSEVELT RD,41.754161,-87.651454,06/23/2021 09:09:00 PM,2021
CR00024038,04/18/2021 04:48:00 AM,15,CLEAR,DAYLIGHT,REAR TO FRONT,DIVIDED - W/MEDIAN BARRIER,STOP SIGN/FLASHER,FOLLOWING TOO CLOSELY,NOT APPLICABLE,0,0,0,0,4,1,4,359,DAMEN AVE,41.973111,-87.528509,04/18/2021 05:22:00 AM,2021
CR00024039,04/28/2023 06:59:00 PM,40,CLEAR,DAYLIGHT,TURNING,DIVIDED - W/MEDIAN (NOT RAISED),UNKNOWN,UNABLE TO DETERMINE,UNABLE TO DETERMINE,0,0,0,0,18,6,4,472,ARCHER AVE,41.96423,-87.815236,04/28/2023 07:34:00 PM,2023
CR00024040,06/04/2018 12:48:00 PM,45,CLEAR,DUSK,ANGLE,DIVIDED - W/MEDIAN BARRIER,NO CONTROLS,FOLLOWING TOO CLOSELY,FAILING TO YIELD RIGHT-OF-WAY,0,0,1,1,12,2,6,557,BROADWAY,41.769531,-87.760594,06/04/2018 02:09:00 PM,2018
CR00024041,11/14/2022 10:54:00 AM,20,CLEAR,DARKNESS - LIGHTED ROAD,SIDESWIPE SAME DIRECTION,NOT DIVIDED,NO CONTROLS,DISREGARDING TRAFFIC SIGNALS,NOT APPLICABLE,0,0,0,0,10,2,11,450,OGDEN AVE,41.70325,-87.673836,11/14/2022 11:33:00 AM,2022
CR00024042,01/13/2017 07:57:00 PM,35,CLEAR,DAYLIGHT,ANGLE,DIVIDED - W/MEDIAN (NOT RAISED),TRAFFIC SIGNAL,UNABLE TO DETERMINE,NOT APPLICABLE,0,0,0,0,19,6,1,1598,ASHLAND AVE,41.978776,-87.742527,01/13/2017 08:58:00 PM,2017
CR00024043,01/22/2021 11:33:00 PM,30,CLEAR,DAYLIGHT,REAR END,FOUR WAY,TRAFFIC SIGNAL,UNABLE TO DETERMINE,IMPROPER OVERTAKING/PASSING,0,0,3,3,23,6,1,212,IRVING PARK RD,41.998559,-87.725708,01/23/2021 01:08:00 AM,2021
CR00024044,10/06/2021 06:03:00 PM,30,SNOW,DAYLIGHT,PARKED MOTOR VEHICLE,DIVIDED - W/MEDIAN (NOT RAISED),NO CONTROLS,UNABLE TO DETERMINE,DISTRACTION - FROM INSIDE VEHICLE,0,0,0,0,18,4,10,1043,CLARK ST,41.858552,-87.502991,10/06/2021 07:30:00 PM,2021
CR00024045,06/15/2015 06:53:00 PM,20,CLEAR,DAYLIGHT,ANGLE,DIVIDED - W/MEDIAN BARRIER,NO CONTROLS,UNABLE TO DETERMINE,DISTRACTION - FROM INSIDE VEHICLE,0,0,0,0,18,2,6,1176,ROOSEVELT RD,41.849117,-87.618086,06/15/2015 07:48:00 PM,2015
CR00024046,06/25/2016 08:55:00 PM,35,RAIN,DAYLIGHT,REAR END,DIVIDED - W/MEDIAN (NOT RAISED),PEDESTRIAN CROSSING SIGN,FOLLOWING TOO CLOSELY,FOLLOWING TOO CLOSELY,0,0,0,0,20,7,6,558,PULASKI RD,41.811793,-87.632331,06/25/2016 09:16:00 PM,2016
CR00024047,08/05/2022 12:15:00 PM,35,CLEAR,DAYLIGHT,REAR END,NOT DIVIDED,YIELD,DISREGARDING TRAFFIC SIGNALS,FAILING TO REDUCE SPEED,0,0,1,1,12,6,8,802,ARCHER AVE,41.874751,-87.662366,08/05/2022 02:01:00 PM,2022
CR00024048,10/22/2015 07:29:00 AM,25,CLEAR,DAYLIGHT,PARKED MOTOR VEHICLE,NOT DIVIDED,TRAFFIC SIGNAL,WEATHER,UNABLE TO DETERMINE,0,0,1,1,7,5,10,378,47TH ST,41.924623,-87.737605,10/22/2015 08:54:00 AM,2015
CR00024049,01/02/2024 07:42:00 PM,15,RAIN,DAYLIGHT,REAR END,NOT DIVIDED,NO CONTROLS,FOLLOWING TOO CLOSELY,IMPROPER LANE USAGE,0,0,0,0,19,3,1,2490,BROADWAY,41.961659,-87.670212,01/02/2024 09:28:00 PM,2024
CR00024050,01/27/2015 03:31:00 PM,35,CLEAR,DAYLIGHT,REAR END,ONE-WAY,TRAFFIC SIGNAL,UNABLE TO DETERMINE,FAILING TO REDUCE SPEED,0,0,0,0,15,3,1,2421,STATE ST,41.955037,-87.571324,01/27/2015 03:50:00 PM,2015
CR00024051,10/15/2023 08:47:00 PM,40,SNOW,DAYLIGHT,SIDESWIPE SAME DIRECTION,FOUR WAY,NO CONTROLS,IMPROPER OVERTAKING/PASSING,FOLLOWING TOO CLOSELY,0,0,0,0,20,1,10,614,63RD ST,41.998902,-87.558341,10/15/2023 09:59:00 PM,2023
CR00024052,04/10/2023 06:25:00 AM,25,CLEAR,DARKNESS - LIGHTED ROAD,TURNING,NOT DIVIDED,TRAFFIC SIGNAL,IMPROPER LANE USAGE,FOLLOWING TOO CLOSELY,0,0,0,0,6,2,4,1364,MILWAUKEE AVE,41.870885,-87.667462,04/10/2023 07:19:00 AM,2023
CR00024053,01/31/2023 05:26:00 PM,25,CLEAR,DARKNESS - LIGHTED ROAD,REAR END,FOUR WAY,TRAFFIC SIGNAL,DRIVING SKILLS/KNOWLEDGE/EXPERIENCE,WEATHER,0,0,0,0,17,3,1,630,LAKE SHORE DR,41.759219,-87.640243,01/31/2023 05:39:00 PM,2023
CR00024054,01/24/2020 06:06:00 PM,30,RAIN,DUSK,TURNING,ONE-WAY,UNKNOWN,FOLLOWING TOO CLOSELY,DISTRACTION - FROM INSIDE VEHICLE,0,0,0,0,18,6,1,2174,79TH ST,41.89978,-87.528692,01/24/2020 06:58:00 PM,2020
CR00024055,12/20/2017 04:34:00 PM,15,SNOW,DAYLIGHT,TURNING,DIVIDED - W/MEDIAN BARRIER,NO CONTROLS,FOLLOWING TOO CLOSELY,UNABLE TO DETERMINE,0,0,3,3,16,4,12,1796,FULLERTON AVE,41.981485,-87.501069,12/20/2017 05:25:00 PM,2017
CR00024056,05/29/2021 10:59:00 AM,30,CLEAR,DAYLIGHT,SIDESWIPE SAME DIRECTION,DIVIDED - W/MEDIAN BARRIER,TRAFFIC SIGNAL,DISREGARDING TRAFFIC SIGNALS,FOLLOWING TOO CLOSELY,0,0,1,1,10,7,5,2497,STATE ST,41.887479,-87.699897,05/29/2021 11:02:00 AM,2021
CR00024057,03/22/2022 03:59:00 PM,40,CLEAR,DARKNESS - LIGHTED ROAD,SIDESWIPE SAME DIRECTION,NOT DIVIDED,STOP SIGN/FLASHER,FOLLOWING TOO CLOSELY,IMPROPER LANE USAGE,0,0,0,0,15,3,3,1563,WESTERN AVE,41.913785,-87.580206,03/22/2022 05:23:00 PM,2022
CR00024058,12/27/2022 06:30:00 PM,20,CLEAR,DAYLIGHT,SIDESWIPE SAME DIRECTION,DIVIDED - W/MEDIAN (NOT RAISED),STOP SIGN/FLASHER,FOLLOWING TOO CLOSELY,UNABLE TO DETERMINE,0,0,0,0,18,3,12,760,STONY ISLAND AVE,41.915588,-87.62782,12/27/2022 07:09:00 PM,2022
CR00024059,08/02/2015 07:20:00 PM,35,RAIN,DAYLIGHT,REAR END,T-INTERSECTION,STOP SIGN/FLASHER,FOLLOWING TOO CLOSELY,UNABLE TO DETERMINE,0,0,0,0,19,1,8,1076,ELSTON AVE,41.883183,-87.787877,08/02/2015 08:01:00 PM,2015
CR00024060,03/14/2016 09:02:00 AM,25,CLEAR,DARKNESS,REAR END,NOT DIVIDED,PEDESTRIAN CROSSING SIGN,UNABLE TO DETERMINE,DISREGARDING TRAFFIC SIGNALS,0,0,0,0,9,2,3,1976,79TH ST,41.70534,-87.731095,03/14/2016 09:45:00 AM,2016
CR00024061,11/14/2021 04:21:00 PM,30,CLEAR,DUSK,REAR END,NOT DIVIDED,STOP SIGN/FLASHER,FAILING TO YIELD RIGHT-OF-WAY,FOLLOWING TOO CLOSELY,0,0,0,0,16,1,11,1120,STATE ST,41.893239,-87.823593,11/14/2021 05:43:00 PM,2021
CR00024062,10/06/2021 10:25:00 AM,30,RAIN,DAYLIGHT,ANGLE,FOUR WAY,UNKNOWN,FAILING TO YIELD RIGHT-OF-WAY,UNABLE TO DETERMINE,0,0,0,0,10,4,10,1177,47TH ST,41.71367,-87.573561,10/06/2021 11:06:00 AM,2021
CR00024063,04/21/2023 12:50:00 PM,40,CLEAR,DARKNESS - LIGHTED ROAD,SIDESWIPE SAME DIRECTION,NOT DIVIDED,TRAFFIC SIGNAL,DISTRACTION - FROM INSIDE VEHICLE,NOT APPLICABLE,0,0,0,0,12,6,4,1471,LAKE SHORE DR,41.952664,-87.827822,04/21/2023 02:16:00 PM,2023
CR00024064,04/28/2017 04:22:00 AM,30,CLEAR,DARKNESS,REAR TO FRONT,DIVIDED - W/MEDIAN BARRIER,TRAFFIC SIGNAL,IMPROPER LANE USAGE,UNABLE TO DETERMINE,0,0,1,1,4,6,4,1536,MICHIGAN AVE,41.74715,-87.789407,04/28/2017 06:03:00 AM,2017
CR00024065,01/01/2017 06:12:00 PM,40,CLEAR,DAYLIGHT,ANGLE,ONE-WAY,NO CONTROLS,FOLLOWING TOO CLOSELY,UNABLE TO DETERMINE,0,0,0,0,18,1,1,1489,CLARK ST,41.998588,-87.596482,01/01/2017 06:35:00 PM,2017
CR00024066,10/19/2021 04:49:00 PM,35,CLEAR,DAYLIGHT,ANGLE,DIVIDED - W/MEDIAN (NOT RAISED),STOP SIGN/FLASHER,IMPROPER LANE USAGE,DISREGARDING TRAFFIC SIGNALS,0,0,0,0,16,3,10,815,HALSTED ST,41.997819,-87.726342,10/19/2021 05:00:00 PM,2021
CR00024067,11/24/2018 07:01:00 PM,35,RAIN,DARKNESS - LIGHTED ROAD,ANGLE,DIVIDED - W/MEDIAN (NOT RAISED),NO CONTROLS,DISTRACTION - FROM INSIDE VEHICLE,DRIVING SKILLS/KNOWLEDGE/EXPERIENCE,0,0,0,0,19,7,11,2484,DAMEN AVE,41.847845,-87.623624,11/24/2018 08:01:00 PM,2018
CR00024068,12/17/2020 07:47:00 PM,40,CLEAR,DUSK,PARKED MOTOR VEHICLE,DIVIDED - W/MEDIAN (NOT RAISED),NO CONTROLS,UNABLE TO DETERMINE,FOLLOWING TOO CLOSELY,0,0,1,1,19,5,12,1079,LAKE SHORE DR,41.844209,-87.711687,12/17/2020 08:32:00 PM,2020
CR00024069,03/13/2019 09:24:00 PM,40,CLEAR,DAYLIGHT,TURNING,DIVIDED - W/MEDIAN (NOT RAISED),STOP SIGN/FLASHER,UNABLE TO DETERMINE,UNABLE TO DETERMINE,0,0,0,0,21,4,3,348,ROOSEVELT RD,41.942901,-87.640304,03/13/2019 11:06:00 PM,2019
CR00024070,04/15/2022 05:27:00 PM,30,CLOUDY/OVERCAST,DARKNESS,PARKED MOTOR VEHICLE,T-INTERSECTION,TRAFFIC SIGNAL,FAILING TO REDUCE SPEED,DISREGARDING TRAFFIC SIGNALS,0,2,1,3,17,6,4,384,KEDZIE AVE,41.785175,-87.518968,04/15/2022 07:26:00 PM,2022
CR00024071,10/30/2024 07:10:00 AM,40,FOG/SMOKE/HAZE,DAYLIGHT,PARKED MOTOR VEHICLE,NOT DIVIDED,YIELD,FAILING TO YIELD RIGHT-OF-WAY,FAILING TO REDUCE SPEED,0,0,0,0,7,4,10,152,STATE ST,41.927045,-87.785512,10/30/2024 07:12:00 AM,2024
CR00024072,06/22/2019 11:27:00 PM,30,RAIN,DAYLIGHT,REAR END,NOT DIVIDED,NO CONTROLS,FOLLOWING TOO CLOSELY,WEATHER,0,0,0,0,23,7,6,1009,FULLERTON AVE,41.844938,-87.662436,06/23/2019 01:10:00 AM,2019
CR00024073,07/22/2023 03:26:00 PM,45,CLEAR,DARKNESS - LIGHTED ROAD,SIDESWIPE SAME DIRECTION,T-INTERSECTION,TRAFFIC SIGNAL,DISTRACTION - FROM INSIDE VEHICLE,FOLLOWING TOO CLOSELY,0,0,0,0,15,7,7,2185,FULLERTON AVE,41.79682,-87.725008,07/22/2023 04:24:00 PM,2023
CR00024074,03/27/2020 08:51:00 PM,25,CLEAR,DAYLIGHT,ANGLE,DIVIDED - W/MEDIAN BARRIER,PEDESTRIAN CROSSING SIGN,DRIVING SKILLS/KNOWLEDGE/EXPERIENCE,NOT APPLICABLE,0,0,0,0,20,6,3,2090,CALIFORNIA AVE,41.871907,-87.503425,03/27/2020 10:17:00 PM,2020
CR00024075,10/06/2022 02:57:00 PM,35,CLEAR,DARKNESS - LIGHTED ROAD,ANGLE,DIVIDED - W/MEDIAN (NOT RAISED),NO CONTROLS,IMPROPER OVERTAKING/PASSING,FAILING TO YIELD RIGHT-OF-WAY,0,0,0,0,14,5,10,1814,KEDZIE AVE,41.905044,-87.582438,10/06/2022 03:57:00 PM,2022
CR00024076,12/09/2022 08:12:00 PM,45,CLOUDY/OVERCAST,DAYLIGHT,SIDESWIPE SAME DIRECTION,DIVIDED - W/MEDIAN (NOT RAISED),TRAFFIC SIGNAL,UNABLE TO DETERMINE,UNABLE TO DETERMINE,0,0,0,0,20,6,12,648,79TH ST,41.724813,-87.761786,12/09/2022 09:02:00 PM,2022
CR00024077,01/01/2015 01:39:00 AM,35,CLEAR,DAYLIGHT,SIDESWIPE SAME DIRECTION,DIVIDED - W/MEDIAN (NOT RAISED),NO CONTROLS,UNABLE TO DETERMINE,UNABLE TO DETERMINE,0,1,1,2,1,5,1,1657,ASHLAND AVE,41.936857,-87.610929,01/01/2015 02:01:00 AM,2015
CR00024078,06/13/2021 05:54:00 PM,15,RAIN,DARKNESS,PARKED MOTOR VEHICLE,NOT DIVIDED,NO CONTROLS,FAILING TO YIELD RIGHT-OF-WAY,FAILING TO REDUCE SPEED,0,0,0,0,17,1,6,1164,FULLERTON AVE,41.998767,-87.681004,06/13/2021 07:24:00 PM,2021
CR00024079,11/10/2022 10:01:00 AM,30,CLEAR,DAYLIGHT,PARKED MOTOR VEHICLE,NOT DIVIDED,NO CONTROLS,FOLLOWING TOO CLOSELY,UNABLE TO DETERMINE,0,0,0,0,10,5,11,2250,ASHLAND AVE,41.986912,-87.549577,11/10/2022 11:39:00 AM,2022
CR00024080,11/22/2018 03:57:00 AM,25,CLEAR,DUSK,FIXED OBJECT,NOT DIVIDED,NO CONTROLS,FAILING TO REDUCE SPEED,NOT APPLICABLE,0,0,0,0,3,5,11,1259,MILWAUKEE AVE,41.749292,-87.812731,11/22/2018 04:40:00 AM,2018
CR00024081,09/12/2021 07:15:00 PM,15,CLEAR,DAYLIGHT,ANGLE,NOT DIVIDED,NO CONTROLS,FOLLOWING TOO CLOSELY,NOT APPLICABLE,0,0,1,1,19,1,9,352,ARCHER AVE,41.946924,-87.797411,09/12/2021 07:58:00 PM,2021
CR00024082,08/02/2022 07:47:00 PM,15,CLOUDY/OVERCAST,DARKNESS - LIGHTED ROAD,SIDESWIPE SAME DIRECTION,NOT DIVIDED,TRAFFIC SIGNAL,DRIVING SKILLS/KNOWLEDGE/EXPERIENCE,UNABLE TO DETERMINE,0,0,0,0,19,3,8,2501,DIVISION ST,41.98786,-87.590847,08/02/2022 09:43:00 PM,2022
CR00024083,04/02/2023 07:55:00 PM,30,CLEAR,DAYLIGHT,ANGLE,NOT DIVIDED,NO CONTROLS,FAILING TO YIELD RIGHT-OF-WAY,UNABLE TO DETERMINE,0,0,0,0,19,1,4,2249,WESTERN AVE,41.741474,-87.796146,04/02/2023 09:33:00 PM,2023
CR00024084,07/03/2019 07:26:00 AM,30,CLOUDY/OVERCAST,DAYLIGHT,PARKED MOTOR VEHICLE,DIVIDED - W/MEDIAN (NOT RAISED),NO CONTROLS,FAILING TO YIELD RIGHT-OF-WAY,NOT APPLICABLE,0,0,1,1,7,4,7,2535,ROOSEVELT RD,41.958954,-87.640045,07/03/2019 08:19:00 AM,2019
CR00024085,07/27/2018 05:35:00 PM,25,CLEAR,DAYLIGHT,REAR END,DIVIDED - W/MEDIAN (NOT RAISED),STOP SIGN/FLASHER,IMPROPER OVERTAKING/PASSING,UNABLE TO DETERMINE,0,0,0,0,17,6,7,690,HALSTED ST,41.805116,-87.659998,07/27/2018 06:00:00 PM,2018
CR00024086,03/17/2019 03:41:00 PM,30,CLEAR,DARKNESS - LIGHTED ROAD,PEDESTRIAN,NOT DIVIDED,NO CONTROLS,UNABLE TO DETERMINE,UNABLE TO DETERMINE,0,0,0,0,15,1,3,1730,47TH ST,41.9549,-87.691394,03/17/2019 04:30:00 PM,2019
CR00024087,02/16/2021 04:44:00 PM,30,CLEAR,DARKNESS - LIGHTED ROAD,PEDESTRIAN,NOT DIVIDED,TRAFFIC SIGNAL,IMPROPER OVERTAKING/PASSING,UNABLE TO DETERMINE,0,0,0,0,16,3,2,1708,47TH ST,41.704453,-87.688957,02/16/2021 05:56:00 PM,2021
CR00024088,07/07/2022 02:24:00 PM,40,CLEAR,DARKNESS - LIGHTED ROAD,REAR END,FOUR WAY,TRAFFIC SIGNAL,IMPROPER OVERTAKING/PASSING,FOLLOWING TOO CLOSELY,0,0,0,0,14,5,7,2459,ARCHER AVE,41.816312,-87.537444,07/07/2022 03:11:00 PM,2022
CR00024089,09/03/2017 11:59:00 AM,40,CLEAR,DAYLIGHT,PARKED MOTOR VEHICLE,FOUR WAY,UNKNOWN,DRIVING SKILLS/KNOWLEDGE/EXPERIENCE,FOLLOWING TOO CLOSELY,0,0,1,1,11,1,9,690,ELSTON AVE,41.8634,-87.56969,09/03/2017 01:51:00 PM,2017
CR00024090,05/29/2015 12:27:00 AM,25,CLEAR,DARKNESS,ANGLE,DIVIDED - W/MEDIAN BARRIER,TRAFFIC SIGNAL,WEATHER,FAILING TO YIELD RIGHT-OF-WAY,0,0,0,0,0,6,5,541,CALIFORNIA AVE,41.782156,-87.641219,05/29/2015 01:11:00 AM,2015
CR00024091,05/04/2020 07:14:00 PM,35,CLEAR,DAYLIGHT,PARKED MOTOR VEHICLE,DIVIDED - W/MEDIAN (NOT RAISED),YIELD,IMPROPER OVERTAKING/PASSING,UNABLE TO DETERMINE,0,0,0,0,19,2,5,1003,CICERO AVE,41.78374,-87.844783,05/04/2020 07:16:00 PM,2020
CR00024092,11/18/2016 08:24:00 AM,25,CLEAR,DAYLIGHT,PARKED MOTOR VEHICLE,ONE-WAY,NO CONTROLS,UNABLE TO DETERMINE,NOT APPLICABLE,0,0,0,0,8,6,11,153,DIVISION ST,41.966572,-87.775764,11/18/2016 08:46:00 AM,2016
CR00024093,01/15/2017 05:10:00 PM,45,CLOUDY/OVERCAST,DAYLIGHT,TURNING,DIVIDED - W/MEDIAN BARRIER,UNKNOWN,FAILING TO YIELD RIGHT-OF-WAY,NOT APPLICABLE,0,0,0,0,17,1,1,2228,STATE ST,41.721494,-87.563394,01/15/2017 05:52:00 PM,2017
CR00024094,12/24/2018 03:24:00 PM,45,CLEAR,DARKNESS - LIGHTED ROAD,SIDESWIPE SAME DIRECTION,T-INTERSECTION,STOP SIGN/FLASHER,FAILING TO YIELD RIGHT-OF-WAY,NOT APPLICABLE,0,0,0,0,15,2,12,1724,47TH ST,41.780886,-87.574808,12/24/2018 03:54:00 PM,2018
CR00024095,07/18/2023 04:21:00 AM,30,CLEAR,DAYLIGHT,FIXED OBJECT,NOT DIVIDED,STOP SIGN/FLASHER,FAILING TO YIELD RIGHT-OF-WAY,UNABLE TO DETERMINE,0,0,0,0,4,3,7,1900,79TH ST,41.742212,-87.668848,07/18/2023 05:54:00 AM,2023
CR00024096,06/03/2015 10:00:00 PM,35,RAIN,DAYLIGHT,SIDESWIPE SAME DIRECTION,DIVIDED - W/MEDIAN BARRIER,NO CONTROLS,UNABLE TO DETERMINE,UNABLE TO DETERMINE,0,0,0,0,22,4,6,1907,OGDEN AVE,41.914585,-87.761996,06/03/2015 10:39:00 PM,2015
CR00024097,12/15/2017 07:43:00 PM,35,RAIN,DARKNESS,SIDESWIPE SAME DIRECTION,NOT DIVIDED,UNKNOWN,WEATHER,IMPROPER LANE USAGE,0,0,2,2,19,6,12,245,HALSTED ST,41.855436,-87.623753,12/15/2017 09:10:00 PM,2017
CR00024098,09/13/2021 06:31:00 PM,25,CLEAR,DARKNESS,SIDESWIPE SAME DIRECTION,DIVIDED - W/MEDIAN (NOT RAISED),STOP SIGN/FLASHER,DRIVING SKILLS/KNOWLEDGE/EXPERIENCE,UNABLE TO DETERMINE,0,0,0,0,18,2,9,2279,HALSTED ST,41.808546,-87.517084,09/13/2021 08:07:00 PM,2021
CR00024099,08/21/2017 08:20:00 AM,35,CLEAR,DUSK,REAR END,DIVIDED - W/MEDIAN (NOT RAISED),NO CONTROLS,FAILING TO REDUCE SPEED,UNABLE TO DETERMINE,0,0,0,0,8,2,8,2235,LAKE SHORE DR,41.944781,-87.730597,08/21/2017 09:27:00 AM,2017
CR00024100,07/14/2017 05:58:00 PM,35,RAIN,DUSK,ANGLE,FOUR WAY,UNKNOWN,UNABLE TO DETERMINE,DISREGARDING TRAFFIC SIGNALS,0,0,0,0,17,6,7,1604,DIVISION ST,41.929955,-87.806186,07/14/2017 06:30:00 PM,2017
CR00024101,01/28/2015 05:56:00 PM,15,FOG/SMOKE/HAZE,DAYLIGHT,REAR END,NOT DIVIDED,TRAFFIC SIGNAL,DRIVING SKILLS/KNOWLEDGE/EXPERIENCE,NOT APPLICABLE,0,0,0,0,17,4,1,1727,HALSTED ST,41.926424,-87.735462,01/28/2015 06:14:00 PM,2015
CR00024102,06/01/2019 03:17:00 AM,25,CLEAR,DAYLIGHT,SIDESWIPE SAME DIRECTION,DIVIDED - W/MEDIAN BARRIER,NO CONTROLS,DISTRACTION - FROM INSIDE VEHICLE,IMPROPER OVERTAKING/PASSING,0,0,0,0,3,7,6,985,47TH ST,41.865963,-87.760879,06/01/2019 04:53:00 AM,2019
CR00024103,12/23/2015 08:39:00 PM,40,CLEAR,DARKNESS - LIGHTED ROAD,SIDESWIPE SAME DIRECTION,NOT DIVIDED,NO CONTROLS,DISREGARDING TRAFFIC SIGNALS,NOT APPLICABLE,0,0,0,0,20,4,12,1018,STATE ST,41.923474,-87.728663,12/23/2015 09:56:00 PM,2015
CR00024104,04/27/2017 07:04:00 PM,30,CLEAR,DAYLIGHT,ANGLE,NOT DIVIDED,STOP SIGN/FLASHER,UNABLE TO DETERMINE,FAILING TO REDUCE SPEED,0,0,0,0,19,5,4,1868,LAKE SHORE DR,41.799418,-87.5206,04/27/2017 07:49:00 PM,2017
CR00024105,12/14/2015 07:49:00 AM,35,CLEAR,DAYLIGHT,PEDESTRIAN,NOT DIVIDED,YIELD,FOLLOWING TOO CLOSELY,FOLLOWING TOO CLOSELY,0,0,0,0,7,2,12,485,IRVING PARK RD,41.821824,-87.602444,12/14/2015 08:23:00 AM,2015
CR00024106,08/25/2021 08:41:00 PM,20,CLOUDY/OVERCAST,DARKNESS - LIGHTED ROAD,PARKED MOTOR VEHICLE,NOT DIVIDED,NO CONTROLS,UNABLE TO DETERMINE,UNABLE TO DETERMINE,0,0,2,2,20,4,8,880,BROADWAY,41.801102,-87.796973,08/25/2021 10:07:00 PM,2021
CR00024107,08/10/2023 12:05:00 PM,15,CLEAR,DARKNESS - LIGHTED ROAD,ANGLE,DIVIDED - W/MEDIAN BARRIER,NO CONTROLS,FOLLOWING TOO CLOSELY,DISTRACTION - FROM INSIDE VEHICLE,0,0,0,0,12,5,8,181,ROOSEVELT RD,41.976895,-87.626443,08/10/2023 12:12:00 PM,2023
CR00024108,05/06/2019 11:55:00 AM,30,RAIN,DAYLIGHT,REAR END,DIVIDED - W/MEDIAN BARRIER,YIELD,UNABLE TO DETERMINE,IMPROPER OVERTAKING/PASSING,0,0,0,0,11,2,5,2270,CLARK ST,41.852134,-87.55045,05/06/2019 01:00:00 PM,2019
CR00024109,07/19/2018 04:18:00 AM,35,CLEAR,DAYLIGHT,PEDESTRIAN,DIVIDED - W/MEDIAN BARRIER,TRAFFIC SIGNAL,IMPROPER OVERTAKING/PASSING,UNABLE TO DETERMINE,0,2,3,5,4,5,7,1147,DIVISION ST,41.880752,-87.615612,07/19/2018 06:07:00 AM,2018
CR00024110,03/21/2016 04:44:00 PM,35,CLEAR,DAYLIGHT,REAR END,NOT DIVIDED,NO CONTROLS,FOLLOWING TOO CLOSELY,UNABLE TO DETERMINE,0,0,2,2,16,2,3,2511,WESTERN AVE,41.862778,-87.692658,03/21/2016 04:52:00 PM,2016