CRASH_RECORD_ID,CRASH_DATE,POSTED_SPEED_LIMIT,WEATHER_CONDITION,LIGHTING_CONDITION,FIRST_CRASH_TYPE,TRAFFICWAY_TYPE,TRAFFIC_CONTROL_DEVICE,PRIM_CONTRIBUTORY_CAUSE,SEC_CONTRIBUTORY_CAUSE,INJURIES_FATAL,INJURIES_INCAPACITATING,INJURIES_NON_INCAPACITATING,INJURIES_TOTAL,CRASH_HOUR,CRASH_DAY_OF_WEEK,CRASH_MONTH,BEAT_OF_OCCURRENCE,STREET_NAME,LATITUDE,LONGITUDE,DATE_POLICE_NOTIFIED,year
CR00024111,10/14/2016 04:48:00 PM,15,CLEAR,DARKNESS - LIGHTED ROAD,ANGLE,DIVIDED - W/MEDIAN (NOT RAISED),NO CONTROLS,UNABLE TO DETERMINE,NOT APPLICABLE,0,0,3,3,16,6,10,1788,OGDEN AVE,41.783924,-87.604499,10/14/2016 06:45:00 PM,2016
CR00024112,01/31/2019 07:02:00 AM,25,CLEAR,DAYLIGHT,TURNING,ONE-WAY,NO CONTROLS,DRIVING SKILLS/KNOWLEDGE/EXPERIENCE,DISREGARDING TRAFFIC SIGNALS,0,0,0,0,7,5,1,2134,OGDEN AVE,41.796,-87.834876,01/31/2019 08:05:00 AM,2019
CR00024113,05/10/2021 02:21:00 AM,35,CLEAR,DAWN,REAR END,ONE-WAY,TRAFFIC SIGNAL,FAILING TO YIELD RIGHT-OF-WAY,FAILING TO YIELD RIGHT-OF-WAY,0,0,1,1,2,2,5,2470,FULLERTON AVE,41.972852,-87.827343,05/10/2021 04:09:00 AM,2021
CR00024114,01/10/2022 04:21:00 AM,45,CLEAR,DAYLIGHT,FIXED OBJECT,NOT DIVIDED,TRAFFIC SIGNAL,DISREGARDING TRAFFIC SIGNALS,NOT APPLICABLE,0,0,0,0,4,2,1,528,PULASKI RD,41.748428,-87.693735,01/10/2022 06:10:00 AM,2022
CR00024115,05/14/2016 06:54:00 PM,30,CLEAR,DARKNESS - LIGHTED ROAD,REAR END,DIVIDED - W/MEDIAN BARRIER,NO CONTROLS,IMPROPER LANE USAGE,IMPROPER OVERTAKING/PASSING,0,0,0,0,18,7,5,476,KEDZIE AVE,41.966023,-87.711066,05/14/2016 07:10:00 PM,2016
CR00024116,05/17/2018 01:03:00 AM,30,CLEAR,DARKNESS - LIGHTED ROAD,REAR END,DIVIDED - W/MEDIAN BARRIER,NO CONTROLS,UNABLE TO DETERMINE,UNABLE TO DETERMINE,0,0,0,0,1,5,5,1864,ASHLAND AVE,41.726173,-87.654162,05/17/2018 01:17:00 AM,2018
CR00024117,02/23/2023 12:44:00 AM,20,FREEZING RAIN/DRIZZLE,DAYLIGHT,REAR TO FRONT,DIVIDED - W/MEDIAN BARRIER,TRAFFIC SIGNAL,IMPROPER OVERTAKING/PASSING,FAILING TO YIELD RIGHT-OF-WAY,0,0,0,0,0,5,2,1358,OGDEN AVE,41.78652,-87.551559,02/23/2023 12:59:00 AM,2023
CR00024118,08/31/2023 03:38:00 AM,15,CLEAR,DARKNESS - LIGHTED ROAD,REAR END,NOT DIVIDED,TRAFFIC SIGNAL,UNABLE TO DETERMINE,UNABLE TO DETERMINE,0,0,0,0,3,5,8,489,LAKE SHORE DR,41.90311,-87.846212,08/31/2023 05:14:00 AM,2023
CR00024119,04/30/2020 04:24:00 AM,35,CLEAR,DUSK,REAR END,NOT DIVIDED,NO CONTROLS,FAILING TO YIELD RIGHT-OF-WAY,FOLLOWING TOO CLOSELY,0,0,0,0,4,5,4,1003,63RD ST,41.849166,-87.647869,04/30/2020 04:30:00 AM,2020
CR00024120,06/11/2016 08:57:00 AM,30,CLEAR,DAYLIGHT,REAR END,ONE-WAY,TRAFFIC SIGNAL,FAILING TO YIELD RIGHT-OF-WAY,NOT APPLICABLE,0,0,0,0,8,7,6,370,WESTERN AVE,41.892916,-87.84745,06/11/2016 09:30:00 AM,2016
CR00024121,08/12/2021 05:22:00 PM,35,CLEAR,DARKNESS - LIGHTED ROAD,REAR END,DIVIDED - W/MEDIAN (NOT RAISED),TRAFFIC SIGNAL,DRIVING SKILLS/KNOWLEDGE/EXPERIENCE,UNABLE TO DETERMINE,0,0,0,0,17,5,8,361,STATE ST,41.906504,-87.766575,08/12/2021 06:18:00 PM,2021
CR00024122,02/11/2017 05:23:00 PM,40,CLEAR,DARKNESS - LIGHTED ROAD,REAR END,ONE-WAY,TRAFFIC SIGNAL,FOLLOWING TOO CLOSELY,FAILING TO YIELD RIGHT-OF-WAY,0,0,0,0,17,7,2,125,ARCHER AVE,41.922547,-87.501969,02/11/2017 07:05:00 PM,2017
CR00024123,02/08/2024 09:39:00 AM,35,CLEAR,DAYLIGHT,REAR TO FRONT,NOT DIVIDED,UNKNOWN,IMPROPER OVERTAKING/PASSING,DRIVING SKILLS/KNOWLEDGE/EXPERIENCE,0,0,1,1,9,5,2,1304,47TH ST,41.813788,-87.56299,02/08/2024 10:51:00 AM,2024
CR00024124,06/17/2015 12:22:00 PM,40,CLEAR,DAYLIGHT,TURNING,DIVIDED - W/MEDIAN (NOT RAISED),TRAFFIC SIGNAL,FAILING TO YIELD RIGHT-OF-WAY,DRIVING SKILLS/KNOWLEDGE/EXPERIENCE,0,0,0,0,12,4,6,613,WESTERN AVE,41.86466,-87.586618,06/17/2015 01:45:00 PM,2015
CR00024125,06/27/2022 04:43:00 AM,30,RAIN,DAYLIGHT,TURNING,NOT DIVIDED,TRAFFIC SIGNAL,IMPROPER LANE USAGE,UNABLE TO DETERMINE,0,0,3,3,4,2,6,278,PULASKI RD,41.868881,-87.644217,06/27/2022 05:25:00 AM,2022
CR00024126,03/28/2017 05:06:00 AM,15,CLEAR,DAYLIGHT,ANGLE,NOT DIVIDED,STOP SIGN/FLASHER,FAILING TO REDUCE SPEED,NOT APPLICABLE,0,0,0,0,5,3,3,1983,STONY ISLAND AVE,41.918566,-87.673023,03/28/2017 05:08:00 AM,2017
CR00024127,12/25/2024 06:41:00 PM,20,CLEAR,DAYLIGHT,ANGLE,DIVIDED - W/MEDIAN (NOT RAISED),NO CONTROLS,IMPROPER OVERTAKING/PASSING,UNABLE TO DETERMINE,0,0,0,0,18,4,12,1781,79TH ST,41.808816,-87.635674,12/25/2024 08:37:00 PM,2024
CR00024128,04/26/2019 07:44:00 PM,40,CLEAR,DAYLIGHT,REAR TO FRONT,T-INTERSECTION,STOP SIGN/FLASHER,UNABLE TO DETERMINE,DISTRACTION - FROM INSIDE VEHICLE,0,0,0,0,19,6,4,1577,MICHIGAN AVE,41.849957,-87.835667,04/26/2019 08:47:00 PM,2019
CR00024129,04/23/2018 07:23:00 AM,40,CLOUDY/OVERCAST,DAYLIGHT,REAR TO FRONT,DIVIDED - W/MEDIAN (NOT RAISED),NO CONTROLS,UNABLE TO DETERMINE,UNABLE TO DETERMINE,0,0,0,0,7,2,4,1856,FULLERTON AVE,41.85349,-87.595353,04/23/2018 09:09:00 AM,2018
CR00024130,07/11/2015 10:43:00 AM,15,CLEAR,DARKNESS - LIGHTED ROAD,SIDESWIPE SAME DIRECTION,DIVIDED - W/MEDIAN BARRIER,NO CONTROLS,IMPROPER OVERTAKING/PASSING,UNABLE TO DETERMINE,0,0,2,2,10,7,7,806,ELSTON AVE,41.88184,-87.594453,07/11/2015 11:16:00 AM,2015
CR00024131,01/18/2022 12:32:00 PM,25,CLEAR,DAYLIGHT,PARKED MOTOR VEHICLE,NOT DIVIDED,NO CONTROLS,FAILING TO YIELD RIGHT-OF-WAY,WEATHER,0,0,0,0,12,3,1,470,ROOSEVELT RD,41.756344,-87.789618,01/18/2022 02:02:00 PM,2022
CR00024132,05/15/2016 06:39:00 PM,35,CLEAR,DAYLIGHT,PARKED MOTOR VEHICLE,NOT DIVIDED,STOP SIGN/FLASHER,WEATHER,NOT APPLICABLE,0,0,0,0,18,1,5,816,OGDEN AVE,41.731562,-87.685813,05/15/2016 08:14:00 PM,2016
CR00024133,01/24/2024 04:38:00 PM,20,CLEAR,DAYLIGHT,REAR END,DIVIDED - W/MEDIAN BARRIER,NO CONTROLS,FAILING TO YIELD RIGHT-OF-WAY,DRIVING SKILLS/KNOWLEDGE/EXPERIENCE,0,0,0,0,16,4,1,943,MICHIGAN AVE,41.910665,-87.600695,01/24/2024 05:59:00 PM,2024
CR00024134,05/31/2019 03:55:00 PM,40,CLOUDY/OVERCAST,DAYLIGHT,ANGLE,T-INTERSECTION,STOP SIGN/FLASHER,DISREGARDING TRAFFIC SIGNALS,IMPROPER LANE USAGE,0,0,0,0,15,6,5,1856,MILWAUKEE AVE,41.887892,-87.735419,05/31/2019 05:08:00 PM,2019
CR00024135,01/04/2018 04:16:00 PM,25,CLOUDY/OVERCAST,DAYLIGHT,REAR END,DIVIDED - W/MEDIAN (NOT RAISED),TRAFFIC SIGNAL,DRIVING SKILLS/KNOWLEDGE/EXPERIENCE,UNABLE TO DETERMINE,0,0,0,0,16,5,1,405,79TH ST,41.880267,-87.630942,01/04/2018 05:20:00 PM,2018
CR00024136,10/22/2018 12:12:00 PM,30,CLEAR,DARKNESS,ANGLE,DIVIDED - W/MEDIAN BARRIER,TRAFFIC SIGNAL,FOLLOWING TOO CLOSELY,DISTRACTION - FROM INSIDE VEHICLE,0,0,0,0,12,2,10,2423,FULLERTON AVE,41.997597,-87.818797,10/22/2018 12:50:00 PM,2018
CR00024137,02/27/2021 04:27:00 AM,30,CLEAR,DAYLIGHT,REAR END,NOT DIVIDED,UNKNOWN,IMPROPER LANE USAGE,FOLLOWING TOO CLOSELY,0,0,3,3,4,7,2,1899,OGDEN AVE,41.870411,-87.815773,02/27/2021 05:19:00 AM,2021
CR00024138,02/28/2022 07:33:00 AM,15,CLEAR,DARKNESS - LIGHTED ROAD,SIDESWIPE SAME DIRECTION,NOT DIVIDED,NO CONTROLS,DISTRACTION - FROM INSIDE VEHICLE,FAILING TO YIELD RIGHT-OF-WAY,0,0,0,0,7,2,2,1608,ELSTON AVE,41.751414,-87.812799,02/28/2022 08:44:00 AM,2022
CR00024139,03/16/2019 07:13:00 PM,15,RAIN,DAYLIGHT,REAR END,ONE-WAY,STOP SIGN/FLASHER,UNABLE TO DETERMINE,IMPROPER LANE USAGE,0,0,0,0,19,7,3,895,STONY ISLAND AVE,41.896239,-87.692479,03/16/2019 07:40:00 PM,2019
CR00024140,08/22/2015 02:42:00 PM,15,RAIN,DAYLIGHT,REAR END,FOUR WAY,TRAFFIC SIGNAL,UNABLE TO DETERMINE,DISTRACTION - FROM INSIDE VEHICLE,0,0,2,2,14,7,8,1802,IRVING PARK RD,41.906394,-87.677734,08/22/2015 04:08:00 PM,2015
CR00024141,05/26/2019 05:43:00 PM,40,SNOW,DARKNESS,REAR END,DIVIDED - W/MEDIAN BARRIER,NO CONTROLS,IMPROPER LANE USAGE,UNABLE TO DETERMINE,0,0,0,0,17,1,5,2462,HALSTED ST,41.76633,-87.59872,05/26/2019 06:31:00 PM,2019
CR00024142,08/14/2015 06:04:00 PM,35,CLEAR,DARKNESS - LIGHTED ROAD,PEDESTRIAN,ONE-WAY,NO CONTROLS,UNABLE TO DETERMINE,DRIVING SKILLS/KNOWLEDGE/EXPERIENCE,0,0,0,0,18,6,8,1798,OGDEN AVE,41.812826,-87.670879,08/14/2015 07:04:00 PM,2015
CR00024143,01/28/2024 02:57:00 PM,35,CLEAR,DAYLIGHT,SIDESWIPE SAME DIRECTION,ONE-WAY,TRAFFIC SIGNAL,UNABLE TO DETERMINE,UNABLE TO DETERMINE,0,0,0,0,14,1,1,1438,KEDZIE AVE,41.923606,-87.823264,01/28/2024 04:06:00 PM,2024
CR00024144,02/27/2017 02:01:00 AM,35,CLEAR,DARKNESS - LIGHTED ROAD,FIXED OBJECT,NOT DIVIDED,TRAFFIC SIGNAL,FAILING TO YIELD RIGHT-OF-WAY,UNABLE TO DETERMINE,0,0,3,3,2,2,2,2312,STATE ST,41.709189,-87.600821,02/27/2017 02:19:00 AM,2017
CR00024145,02/18/2019 04:57:00 PM,35,RAIN,DAYLIGHT,TURNING,DIVIDED - W/MEDIAN (NOT RAISED),UNKNOWN,UNABLE TO DETERMINE,DRIVING SKILLS/KNOWLEDGE/EXPERIENCE,0,0,0,0,16,2,2,930,ARCHER AVE,41.827697,-87.801683,02/18/2019 05:19:00 PM,2019
CR00024146,11/29/2018 06:45:00 PM,35,CLOUDY/OVERCAST,DARKNESS - LIGHTED ROAD,SIDESWIPE SAME DIRECTION,NOT DIVIDED,NO CONTROLS,UNABLE TO DETERMINE,FAILING TO REDUCE SPEED,0,0,0,0,18,5,11,1180,79TH ST,41.863139,-87.608233,11/29/2018 08:23:00 PM,2018
CR00024147,06/08/2021 05:25:00 PM,30,CLOUDY/OVERCAST,DAYLIGHT,PARKED MOTOR VEHICLE,NOT DIVIDED,YIELD,DISTRACTION - FROM INSIDE VEHICLE,NOT APPLICABLE,0,0,0,0,17,3,6,1729,ROOSEVELT RD,41.701815,-87.504802,06/08/2021 06:47:00 PM,2021
CR00024148,01/18/2015 08:33:00 AM,15,CLEAR,DAYLIGHT,TURNING,DIVIDED - W/MEDIAN (NOT RAISED),STOP SIGN/FLASHER,FOLLOWING TOO CLOSELY,IMPROPER LANE USAGE,0,0,0,0,8,1,1,1580,KEDZIE AVE,41.745565,-87.7776,01/18/2015 09:49:00 AM,2015
CR00024149,03/05/2017 12:14:00 AM,35,SNOW,DARKNESS - LIGHTED ROAD,REAR END,NOT DIVIDED,TRAFFIC SIGNAL,UNABLE TO DETERMINE,FAILING TO YIELD RIGHT-OF-WAY,0,0,0,0,0,1,3,2189,DIVISION ST,41.90704,-87.836984,03/05/2017 12:44:00 AM,2017
CR00024150,10/03/2018 08:18:00 PM,15,CLEAR,DAYLIGHT,TURNING,FOUR WAY,STOP SIGN/FLASHER,DISREGARDING TRAFFIC SIGNALS,UNABLE TO DETERMINE,0,0,0,0,20,4,10,2251,ROOSEVELT RD,41.915539,-87.783973,10/03/2018 09:49:00 PM,2018
CR00024151,11/24/2024 08:36:00 AM,15,RAIN,DAYLIGHT,REAR END,NOT DIVIDED,NO CONTROLS,FOLLOWING TOO CLOSELY,DRIVING SKILLS/KNOWLEDGE/EXPERIENCE,0,0,0,0,8,1,11,1266,OGDEN AVE,41.857434,-87.794971,11/24/2024 09:54:00 AM,2024
CR00024152,05/25/2022 08:51:00 AM,30,FREEZING RAIN/DRIZZLE,DAYLIGHT,TURNING,NOT DIVIDED,NO CONTROLS,UNABLE TO DETERMINE,NOT APPLICABLE,0,0,0,0,8,4,5,1596,WESTERN AVE,41.950953,-87.577888,05/25/2022 09:07:00 AM,2022
CR00024153,03/27/2021 09:18:00 PM,30,CLEAR,DAYLIGHT,ANGLE,DIVIDED - W/MEDIAN (NOT RAISED),NO CONTROLS,FAILING TO REDUCE SPEED,UNABLE TO DETERMINE,0,0,0,0,21,7,3,1355,IRVING PARK RD,41.862496,-87.632266,03/27/2021 10:25:00 PM,2021
CR00024154,12/14/2024 12:41:00 PM,30,CLEAR,DAWN,REAR TO FRONT,NOT DIVIDED,NO CONTROLS,FAILING TO REDUCE SPEED,DISREGARDING TRAFFIC SIGNALS,0,0,0,0,12,7,12,199,OGDEN AVE,41.761867,-87.732665,12/14/2024 01:25:00 PM,2024
CR00024155,10/24/2017 07:42:00 AM,30,CLEAR,DAYLIGHT,PARKED MOTOR VEHICLE,NOT DIVIDED,PEDESTRIAN CROSSING SIGN,DISTRACTION - FROM INSIDE VEHICLE,UNABLE TO DETERMINE,0,0,0,0,7,3,10,561,FULLERTON AVE,41.719465,-87.760567,10/24/2017 07:47:00 AM,2017
CR00024156,01/18/2024 10:37:00 PM,15,CLEAR,DAYLIGHT,ANGLE,FOUR WAY,TRAFFIC SIGNAL,DISTRACTION - FROM INSIDE VEHICLE,UNABLE TO DETERMINE,0,0,0,0,22,5,1,2263,ELSTON AVE,41.865869,-87.647618,01/19/2024 12:30:00 AM,2024
CR00024157,10/28/2017 01:52:00 PM,30,CLEAR,DARKNESS - LIGHTED ROAD,FIXED OBJECT,NOT DIVIDED,NO CONTROLS,UNABLE TO DETERMINE,FAILING TO YIELD RIGHT-OF-WAY,0,0,0,0,13,7,10,1254,CLARK ST,41.711334,-87.611966,10/28/2017 02:10:00 PM,2017
CR00024158,08/22/2018 04:54:00 PM,40,CLEAR,DAYLIGHT,REAR END,FOUR WAY,YIELD,IMPROPER LANE USAGE,UNABLE TO DETERMINE,0,0,0,0,16,4,8,1094,HALSTED ST,41.814204,-87.501611,08/22/2018 05:55:00 PM,2018
CR00024159,02/21/2020 04:59:00 AM,25,CLEAR,DAYLIGHT,TURNING,FOUR WAY,TRAFFIC SIGNAL,UNABLE TO DETERMINE,IMPROPER LANE USAGE,0,0,0,0,4,6,2,1647,BROADWAY,41.91408,-87.802772,02/21/2020 05:28:00 AM,2020
CR00024160,07/01/2018 03:38:00 PM,15,CLOUDY/OVERCAST,DAYLIGHT,REAR END,ONE-WAY,NO CONTROLS,IMPROPER OVERTAKING/PASSING,NOT APPLICABLE,0,0,1,1,15,1,7,1534,ARCHER AVE,41.919472,-87.785719,07/01/2018 05:07:00 PM,2018
CR00024161,10/18/2017 04:59:00 PM,40,CLOUDY/OVERCAST,DAYLIGHT,TURNING,FOUR WAY,YIELD,DRIVING SKILLS/KNOWLEDGE/EXPERIENCE,FAILING TO YIELD RIGHT-OF-WAY,0,0,0,0,16,4,10,500,FULLERTON AVE,41.842821,-87.57723,10/18/2017 06:55:00 PM,2017
CR00024162,10/11/2020 01:39:00 PM,25,CLEAR,DAYLIGHT,PARKED MOTOR VEHICLE,DIVIDED - W/MEDIAN (NOT RAISED),STOP SIGN/FLASHER,UNABLE TO DETERMINE,UNABLE TO DETERMINE,0,0,0,0,13,1,10,622,63RD ST,41.762226,-87.81593,10/11/2020 02:59:00 PM,2020
CR00024163,02/23/2020 03:59:00 PM,20,RAIN,DAYLIGHT,SIDESWIPE SAME DIRECTION,FOUR WAY,TRAFFIC SIGNAL,FAILING TO REDUCE SPEED,UNABLE TO DETERMINE,0,0,0,0,15,1,2,243,CALIFORNIA AVE,41.763776,-87.66915,02/23/2020 04:39:00 PM,2020
CR00024164,03/25/2020 07:33:00 PM,25,CLOUDY/OVERCAST,DAYLIGHT,TURNING,NOT DIVIDED,YIELD,DISTRACTION - FROM INSIDE VEHICLE,FOLLOWING TOO CLOSELY,0,0,0,0,19,4,3,1685,STATE ST,41.834797,-87.805378,03/25/2020 09:10:00 PM,2020
CR00024165,07/11/2021 01:33:00 PM,30,CLEAR,DAYLIGHT,TURNING,DIVIDED - W/MEDIAN BARRIER,NO CONTROLS,IMPROPER OVERTAKING/PASSING,FOLLOWING TOO CLOSELY,0,0,0,0,13,1,7,765,ASHLAND AVE,41.70152,-87.586712,07/11/2021 02:17:00 PM,2021
CR00024166,06/05/2021 10:21:00 AM,20,RAIN,DARKNESS - LIGHTED ROAD,SIDESWIPE SAME DIRECTION,NOT DIVIDED,NO CONTROLS,IMPROPER OVERTAKING/PASSING,FOLLOWING TOO CLOSELY,0,0,0,0,10,7,6,2006,ELSTON AVE,41.844822,-87.788853,06/05/2021 11:08:00 AM,2021
CR00024167,12/11/2015 07:49:00 PM,25,CLEAR,DARKNESS - LIGHTED ROAD,TURNING,DIVIDED - W/MEDIAN BARRIER,NO CONTROLS,FAILING TO YIELD RIGHT-OF-WAY,IMPROPER LANE USAGE,0,0,1,1,19,6,12,1020,BROADWAY,41.990428,-87.6168,12/11/2015 08:55:00 PM,2015
CR00024168,04/23/2017 03:13:00 PM,15,CLEAR,DAYLIGHT,ANGLE,T-INTERSECTION,NO CONTROLS,DISTRACTION - FROM INSIDE VEHICLE,UNABLE TO DETERMINE,0,0,0,0,15,1,4,1073,WESTERN AVE,41.948152,-87.756504,04/23/2017 04:07:00 PM,2017
CR00024169,11/27/2019 06:41:00 PM,30,CLEAR,DAWN,ANGLE,ONE-WAY,TRAFFIC SIGNAL,UNABLE TO DETERMINE,FAILING TO REDUCE SPEED,0,0,0,0,18,4,11,873,LAKE SHORE DR,41.94276,-87.708463,11/27/2019 08:30:00 PM,2019
CR00024170,05/07/2020 10:44:00 AM,30,CLEAR,DAYLIGHT,ANGLE,DIVIDED - W/MEDIAN (NOT RAISED),STOP SIGN/FLASHER,IMPROPER LANE USAGE,FAILING TO REDUCE SPEED,0,0,1,1,10,5,5,2084,MICHIGAN AVE,41.753924,-87.758841,05/07/2020 11:45:00 AM,2020
CR00024171,11/23/2016 07:18:00 AM,30,CLEAR,DARKNESS,TURNING,DIVIDED - W/MEDIAN (NOT RAISED),UNKNOWN,UNABLE TO DETERMINE,DRIVING SKILLS/KNOWLEDGE/EXPERIENCE,0,0,0,0,7,4,11,697,MILWAUKEE AVE,41.811552,-87.663702,11/23/2016 08:14:00 AM,2016
CR00024172,06/23/2017 01:57:00 PM,45,CLEAR,DAYLIGHT,REAR END,ONE-WAY,NO CONTROLS,IMPROPER OVERTAKING/PASSING,FAILING TO YIELD RIGHT-OF-WAY,0,0,0,0,13,6,6,1886,PULASKI RD,41.791293,-87.731327,06/23/2017 02:49:00 PM,2017
CR00024173,02/21/2019 08:37:00 AM,45,RAIN,DAYLIGHT,REAR TO FRONT,NOT DIVIDED,NO CONTROLS,DISTRACTION - FROM INSIDE VEHICLE,NOT APPLICABLE,0,0,0,0,8,5,2,2330,WESTERN AVE,41.831782,-87.74153,02/21/2019 09:56:00 AM,2019
CR00024174,11/10/2018 07:17:00 PM,15,CLEAR,DAYLIGHT,TURNING,ONE-WAY,STOP SIGN/FLASHER,IMPROPER LANE USAGE,UNABLE TO DETERMINE,0,0,0,0,19,7,11,531,FULLERTON AVE,41.745269,-87.605877,11/10/2018 08:53:00 PM,2018
CR00024175,06/05/2015 07:51:00 PM,30,CLEAR,DAYLIGHT,ANGLE,ONE-WAY,TRAFFIC SIGNAL,UNABLE TO DETERMINE,WEATHER,0,0,3,3,19,6,6,1150,ROOSEVELT RD,41.784821,-87.538745,06/05/2015 08:52:00 PM,2015
CR00024176,11/14/2019 11:25:00 PM,15,CLEAR,DAYLIGHT,PARKED MOTOR VEHICLE,NOT DIVIDED,TRAFFIC SIGNAL,FOLLOWING TOO CLOSELY,NOT APPLICABLE,0,0,0,0,23,5,11,1798,ASHLAND AVE,41.740529,-87.685943,11/14/2019 11:48:00 PM,2019
CR00024177,05/21/2020 05:22:00 PM,30,RAIN,DUSK,SIDESWIPE SAME DIRECTION,NOT DIVIDED,TRAFFIC SIGNAL,UNABLE TO DETERMINE,DISREGARDING TRAFFIC SIGNALS,0,0,0,0,17,5,5,1499,CALIFORNIA AVE,41.799458,-87.753333,05/21/2020 07:15:00 PM,2020
CR00024178,02/04/2018 08:55:00 AM,30,CLEAR,DAYLIGHT,TURNING,NOT DIVIDED,NO CONTROLS,DISREGARDING TRAFFIC SIGNALS,UNABLE TO DETERMINE,0,0,0,0,8,1,2,1154,WESTERN AVE,41.74293,-87.792238,02/04/2018 10:34:00 AM,2018
CR00024179,12/09/2019 03:38:00 PM,35,RAIN,DAYLIGHT,REAR END,FOUR WAY,NO CONTROLS,FOLLOWING TOO CLOSELY,FOLLOWING TOO CLOSELY,0,0,1,1,15,2,12,874,DIVISION ST,41.948895,-87.835424,12/09/2019 04:27:00 PM,2019
CR00024180,01/08/2020 07:11:00 PM,45,CLEAR,DARKNESS - LIGHTED ROAD,ANGLE,DIVIDED - W/MEDIAN (NOT RAISED),STOP SIGN/FLASHER,FAILING TO REDUCE SPEED,NOT APPLICABLE,0,0,0,0,19,4,1,144,OGDEN AVE,41.828486,-87.638149,01/08/2020 07:30:00 PM,2020
CR00024181,09/05/2022 04:22:00 PM,25,CLEAR,DARKNESS,SIDESWIPE SAME DIRECTION,DIVIDED - W/MEDIAN BARRIER,TRAFFIC SIGNAL,UNABLE TO DETERMINE,NOT APPLICABLE,0,0,1,1,16,2,9,1627,WESTERN AVE,41.886431,-87.638468,09/05/2022 06:19:00 PM,2022
CR00024182,05/20/2022 05:05:00 PM,30,SNOW,DAYLIGHT,PARKED MOTOR VEHICLE,NOT DIVIDED,NO CONTROLS,FAILING TO REDUCE SPEED,FOLLOWING TOO CLOSELY,0,0,0,0,17,6,5,2316,FULLERTON AVE,41.732666,-87.823963,05/20/2022 05:16:00 PM,2022
CR00024183,01/21/2020 11:33:00 AM,35,CLOUDY/OVERCAST,DARKNESS - LIGHTED ROAD,TURNING,T-INTERSECTION,PEDESTRIAN CROSSING SIGN,UNABLE TO DETERMINE,UNABLE TO DETERMINE,0,0,0,0,11,3,1,862,BROADWAY,41.730225,-87.666727,01/21/2020 01:32:00 PM,2020
CR00024184,11/23/2022 05:40:00 PM,25,RAIN,DAYLIGHT,ANGLE,ONE-WAY,STOP SIGN/FLASHER,DISREGARDING TRAFFIC SIGNALS,DISTRACTION - FROM INSIDE VEHICLE,0,0,0,0,17,4,11,1564,HALSTED ST,41.905042,-87.795164,11/23/2022 06:22:00 PM,2022
CR00024185,04/14/2023 07:51:00 AM,30,FREEZING RAIN/DRIZZLE,DARKNESS - LIGHTED ROAD,REAR END,NOT DIVIDED,TRAFFIC SIGNAL,UNABLE TO DETERMINE,FOLLOWING TOO CLOSELY,0,0,0,0,7,6,4,2347,47TH ST,41.713568,-87.742393,04/14/2023 09:29:00 AM,2023
CR00024186,07/14/2020 06:54:00 PM,35,CLEAR,DARKNESS,REAR END,NOT DIVIDED,NO CONTROLS,FAILING TO YIELD RIGHT-OF-WAY,UNABLE TO DETERMINE,0,0,0,0,18,3,7,2535,KEDZIE AVE,41.940785,-87.751382,07/14/2020 07:15:00 PM,2020
CR00024187,11/01/2015 05:19:00 PM,40,CLEAR,DAYLIGHT,REAR END,NOT DIVIDED,NO CONTROLS,DRIVING SKILLS/KNOWLEDGE/EXPERIENCE,UNABLE TO DETERMINE,0,0,1,1,17,1,11,566,LAKE SHORE DR,41.835604,-87.642738,11/01/2015 06:50:00 PM,2015
CR00024188,07/08/2020 03:48:00 PM,15,CLEAR,DAYLIGHT,TURNING,T-INTERSECTION,TRAFFIC SIGNAL,UNABLE TO DETERMINE,IMPROPER OVERTAKING/PASSING,0,0,0,0,15,4,7,2452,79TH ST,41.96982,-87.633141,07/08/2020 05:35:00 PM,2020
CR00024189,10/01/2020 09:16:00 AM,30,CLEAR,DAYLIGHT,ANGLE,FOUR WAY,STOP SIGN/FLASHER,FOLLOWING TOO CLOSELY,FAILING TO YIELD RIGHT-OF-WAY,0,0,1,1,9,5,10,1490,DAMEN AVE,41.722905,-87.650171,10/01/2020 10:37:00 AM,2020
CR00024190,12/29/2023 05:55:00 PM,30,CLEAR,DARKNESS - LIGHTED ROAD,REAR TO FRONT,DIVIDED - W/MEDIAN BARRIER,NO CONTROLS,DISTRACTION - FROM INSIDE VEHICLE,FAILING TO YIELD RIGHT-OF-WAY,0,0,1,1,17,6,12,541,ROOSEVELT RD,41.863768,-87.780978,12/29/2023 07:18:00 PM,2023
CR00024191,09/30/2017 06:32:00 PM,30,RAIN,DAYLIGHT,REAR END,NOT DIVIDED,TRAFFIC SIGNAL,UNABLE TO DETERMINE,UNABLE TO DETERMINE,0,0,0,0,18,7,9,414,DIVISION ST,41.988575,-87.632002,09/30/2017 06:47:00 PM,2017
CR00024192,09/15/2018 05:31:00 PM,35,CLEAR,DAYLIGHT,SIDESWIPE SAME DIRECTION,DIVIDED - W/MEDIAN (NOT RAISED),YIELD,FAILING TO YIELD RIGHT-OF-WAY,UNABLE TO DETERMINE,0,0,0,0,17,7,9,468,OGDEN AVE,41.703178,-87.760176,09/15/2018 06:26:00 PM,2018
CR00024193,05/18/2017 02:28:00 PM,30,CLEAR,DARKNESS,PARKED MOTOR VEHICLE,DIVIDED - W/MEDIAN BARRIER,NO CONTROLS,DISTRACTION - FROM INSIDE VEHICLE,IMPROPER OVERTAKING/PASSING,0,0,0,0,14,5,5,258,DAMEN AVE,41.763192,-87.729506,05/18/2017 03:30:00 PM,2017