CRASH_RECORD_ID,CRASH_DATE,POSTED_SPEED_LIMIT,WEATHER_CONDITION,LIGHTING_CONDITION,FIRST_CRASH_TYPE,TRAFFICWAY_TYPE,TRAFFIC_CONTROL_DEVICE,PRIM_CONTRIBUTORY_CAUSE,SEC_CONTRIBUTORY_CAUSE,INJURIES_FATAL,INJURIES_INCAPACITATING,INJURIES_NON_INCAPACITATING,INJURIES_TOTAL,CRASH_HOUR,CRASH_DAY_OF_WEEK,CRASH_MONTH,BEAT_OF_OCCURRENCE,STREET_NAME,LATITUDE,LONGITUDE,DATE_POLICE_NOTIFIED,year
CR00024194,12/10/2023 07:26:00 PM,35,RAIN,DAYLIGHT,REAR END,NOT DIVIDED,NO CONTROLS,UNABLE TO DETERMINE,FAILING TO YIELD RIGHT-OF-WAY,0,0,0,0,19,1,12,1641,79TH ST,41.759137,-87.614475,12/10/2023 08:43:00 PM,2023
CR00024195,12/08/2020 04:16:00 PM,30,CLEAR,DARKNESS,PARKED MOTOR VEHICLE,NOT DIVIDED,TRAFFIC SIGNAL,IMPROPER LANE USAGE,UNABLE TO DETERMINE,0,0,0,0,16,3,12,1080,OGDEN AVE,41.987316,-87.734917,12/08/2020 04:32:00 PM,2020
CR00024196,03/19/2016 11:24:00 AM,20,CLEAR,DAYLIGHT,PARKED MOTOR VEHICLE,NOT DIVIDED,NO CONTROLS,FOLLOWING TOO CLOSELY,UNABLE TO DETERMINE,0,0,0,0,11,7,3,278,MILWAUKEE AVE,41.705157,-87.517207,03/19/2016 11:51:00 AM,2016
CR00024197,05/28/2022 06:38:00 PM,25,CLEAR,DAYLIGHT,TURNING,DIVIDED - W/MEDIAN (NOT RAISED),TRAFFIC SIGNAL,FOLLOWING TOO CLOSELY,UNABLE TO DETERMINE,0,2,0,2,18,7,5,2170,PULASKI RD,41.997303,-87.630209,05/28/2022 07:03:00 PM,2022
CR00024198,04/16/2023 12:51:00 AM,35,CLEAR,DAYLIGHT,SIDESWIPE SAME DIRECTION,DIVIDED - W/MEDIAN BARRIER,TRAFFIC SIGNAL,FOLLOWING TOO CLOSELY,DISREGARDING TRAFFIC SIGNALS,0,0,0,0,0,1,4,490,LAKE SHORE DR,41.717002,-87.760875,04/16/2023 01:04:00 AM,2023
CR00024199,11/17/2021 07:03:00 AM,35,CLEAR,DAYLIGHT,REAR END,T-INTERSECTION,UNKNOWN,FOLLOWING TOO CLOSELY,UNABLE TO DETERMINE,0,0,0,0,7,4,11,2453,MILWAUKEE AVE,41.936143,-87.709227,11/17/2021 08:32:00 AM,2021
CR00024200,04/28/2017 07:56:00 AM,45,CLEAR,DAYLIGHT,PEDESTRIAN,T-INTERSECTION,TRAFFIC SIGNAL,FOLLOWING TOO CLOSELY,IMPROPER LANE USAGE,0,0,0,0,7,6,4,1806,STONY ISLAND AVE,41.782588,-87.790384,04/28/2017 09:04:00 AM,2017
CR00024201,11/26/2021 06:01:00 PM,35,CLEAR,DAYLIGHT,PARKED MOTOR VEHICLE,DIVIDED - W/MEDIAN (NOT RAISED),TRAFFIC SIGNAL,FAILING TO YIELD RIGHT-OF-WAY,IMPROPER OVERTAKING/PASSING,0,2,2,4,18,6,11,2270,CALIFORNIA AVE,41.775455,-87.606334,11/26/2021 07:43:00 PM,2021
CR00024202,07/19/2021 11:57:00 AM,30,CLEAR,DARKNESS - LIGHTED ROAD,REAR END,NOT DIVIDED,TRAFFIC SIGNAL,IMPROPER LANE USAGE,DRIVING SKILLS/KNOWLEDGE/EXPERIENCE,0,0,0,0,11,2,7,384,MILWAUKEE AVE,41.743487,-87.552226,07/19/2021 01:48:00 PM,2021
CR00024203,07/25/2024 03:36:00 PM,30,FOG/SMOKE/HAZE,DARKNESS - LIGHTED ROAD,TURNING,ONE-WAY,PEDESTRIAN CROSSING SIGN,DRIVING SKILLS/KNOWLEDGE/EXPERIENCE,NOT APPLICABLE,0,0,0,0,15,5,7,2297,79TH ST,41.785894,-87.809276,07/25/2024 03:38:00 PM,2024
CR00024204,03/08/2024 05:54:00 PM,40,CLEAR,DAYLIGHT,SIDESWIPE SAME DIRECTION,NOT DIVIDED,NO CONTROLS,IMPROPER LANE USAGE,FAILING TO REDUCE SPEED,0,0,0,0,17,6,3,2045,CLARK ST,41.847951,-87.670216,03/08/2024 06:26:00 PM,2024
CR00024205,04/10/2020 09:40:00 AM,40,CLEAR,DAYLIGHT,PEDESTRIAN,DIVIDED - W/MEDIAN BARRIER,PEDESTRIAN CROSSING SIGN,UNABLE TO DETERMINE,FAILING TO YIELD RIGHT-OF-WAY,0,0,0,0,9,6,4,1861,HALSTED ST,41.763584,-87.510691,04/10/2020 10:39:00 AM,2020
CR00024206,03/24/2017 08:57:00 PM,35,CLEAR,DAYLIGHT,FIXED OBJECT,DIVIDED - W/MEDIAN (NOT RAISED),STOP SIGN/FLASHER,UNABLE TO DETERMINE,UNABLE TO DETERMINE,0,0,0,0,20,6,3,2095,ELSTON AVE,41.805526,-87.571845,03/24/2017 09:12:00 PM,2017
CR00024207,03/30/2021 01:38:00 AM,15,CLEAR,DAYLIGHT,SIDESWIPE SAME DIRECTION,DIVIDED - W/MEDIAN (NOT RAISED),UNKNOWN,UNABLE TO DETERMINE,NOT APPLICABLE,0,0,0,0,1,3,3,884,HALSTED ST,41.933907,-87.633365,03/30/2021 02:38:00 AM,2021
CR00024208,05/22/2019 07:07:00 AM,40,CLEAR,DAYLIGHT,ANGLE,NOT DIVIDED,STOP SIGN/FLASHER,IMPROPER OVERTAKING/PASSING,NOT APPLICABLE,0,0,0,0,7,4,5,2412,FULLERTON AVE,41.823518,-87.686397,05/22/2019 08:54:00 AM,2019
CR00024209,04/25/2016 04:04:00 AM,45,CLEAR,DAYLIGHT,REAR TO FRONT,DIVIDED - W/MEDIAN BARRIER,UNKNOWN,IMPROPER LANE USAGE,UNABLE TO DETERMINE,0,0,0,0,4,2,4,142,CLARK ST,41.850586,-87.508709,04/25/2016 04:34:00 AM,2016
CR00024210,06/27/2017 05:54:00 PM,30,CLOUDY/OVERCAST,DAWN,REAR END,DIVIDED - W/MEDIAN (NOT RAISED),TRAFFIC SIGNAL,UNABLE TO DETERMINE,UNABLE TO DETERMINE,0,0,0,0,17,3,6,2262,MICHIGAN AVE,41.887857,-87.51765,06/27/2017 07:23:00 PM,2017
CR00024211,11/02/2016 06:51:00 PM,15,CLOUDY/OVERCAST,DAYLIGHT,REAR END,ONE-WAY,NO CONTROLS,FOLLOWING TOO CLOSELY,UNABLE TO DETERMINE,0,0,0,0,18,4,11,815,LAKE SHORE DR,41.716112,-87.838258,11/02/2016 08:01:00 PM,2016
CR00024212,08/16/2023 03:48:00 PM,35,CLEAR,DAYLIGHT,SIDESWIPE SAME DIRECTION,NOT DIVIDED,TRAFFIC SIGNAL,IMPROPER OVERTAKING/PASSING,UNABLE TO DETERMINE,0,0,0,0,15,4,8,771,MICHIGAN AVE,41.934165,-87.624942,08/16/2023 05:23:00 PM,2023
CR00024213,07/29/2018 01:36:00 PM,25,SNOW,DARKNESS - LIGHTED ROAD,REAR END,T-INTERSECTION,TRAFFIC SIGNAL,UNABLE TO DETERMINE,FOLLOWING TOO CLOSELY,0,0,0,0,13,1,7,1471,LAKE SHORE DR,41.723267,-87.834868,07/29/2018 03:25:00 PM,2018
CR00024214,06/19/2023 04:02:00 PM,15,CLEAR,DARKNESS,REAR TO FRONT,ONE-WAY,NO CONTROLS,UNABLE TO DETERMINE,UNABLE TO DETERMINE,0,0,3,3,16,2,6,2155,MILWAUKEE AVE,41.793117,-87.52902,06/19/2023 05:49:00 PM,2023
CR00024215,10/03/2017 05:48:00 PM,35,CLEAR,DAYLIGHT,TURNING,DIVIDED - W/MEDIAN (NOT RAISED),NO CONTROLS,IMPROPER LANE USAGE,FAILING TO YIELD RIGHT-OF-WAY,0,0,1,1,17,3,10,1980,DAMEN AVE,41.921752,-87.766601,10/03/2017 07:08:00 PM,2017
CR00024216,07/06/2015 05:03:00 PM,40,CLEAR,DAYLIGHT,REAR END,NOT DIVIDED,NO CONTROLS,FOLLOWING TOO CLOSELY,UNABLE TO DETERMINE,0,0,0,0,17,2,7,141,79TH ST,41.880685,-87.843003,07/06/2015 05:31:00 PM,2015
CR00024217,07/05/2020 11:40:00 PM,30,CLEAR,DARKNESS - LIGHTED ROAD,REAR END,ONE-WAY,PEDESTRIAN CROSSING SIGN,FAILING TO YIELD RIGHT-OF-WAY,FOLLOWING TOO CLOSELY,0,0,0,0,23,1,7,418,CICERO AVE,41.831054,-87.736573,07/06/2020 12:16:00 AM,2020
CR00024218,09/29/2024 07:54:00 AM,20,CLEAR,DAYLIGHT,TURNING,NOT DIVIDED,NO CONTROLS,UNABLE TO DETERMINE,UNABLE TO DETERMINE,0,0,0,0,7,1,9,1214,STONY ISLAND AVE,41.866612,-87.55514,09/29/2024 08:21:00 AM,2024
CR00024219,10/13/2018 04:44:00 PM,40,CLEAR,DARKNESS - LIGHTED ROAD,REAR END,NOT DIVIDED,TRAFFIC SIGNAL,FOLLOWING TOO CLOSELY,NOT APPLICABLE,0,0,2,2,16,7,10,1922,79TH ST,41.94889,-87.712016,10/13/2018 05:12:00 PM,2018
CR00024220,10/18/2019 02:35:00 AM,30,CLEAR,DARKNESS - LIGHTED ROAD,SIDESWIPE SAME DIRECTION,NOT DIVIDED,TRAFFIC SIGNAL,FAILING TO REDUCE SPEED,NOT APPLICABLE,0,0,0,0,2,6,10,2171,ROOSEVELT RD,41.863337,-87.748196,10/18/2019 02:49:00 AM,2019
CR00024221,07/30/2015 01:19:00 PM,25,CLEAR,DAYLIGHT,FIXED OBJECT,DIVIDED - W/MEDIAN BARRIER,TRAFFIC SIGNAL,FAILING TO REDUCE SPEED,DISREGARDING TRAFFIC SIGNALS,0,0,0,0,13,5,7,664,PULASKI RD,41.996995,-87.748454,07/30/2015 02:52:00 PM,2015
CR00024222,01/13/2018 09:05:00 PM,25,CLEAR,DARKNESS,REAR END,DIVIDED - W/MEDIAN (NOT RAISED),STOP SIGN/FLASHER,UNABLE TO DETERMINE,UNABLE TO DETERMINE,0,1,2,3,21,7,1,446,ASHLAND AVE,41.739543,-87.601891,01/13/2018 09:33:00 PM,2018
CR00024223,11/20/2018 08:42:00 AM,30,CLEAR,DAYLIGHT,PEDESTRIAN,DIVIDED - W/MEDIAN (NOT RAISED),STOP SIGN/FLASHER,DISTRACTION - FROM INSIDE VEHICLE,UNABLE TO DETERMINE,0,0,0,0,8,3,11,905,PULASKI RD,41.980614,-87.753367,11/20/2018 08:56:00 AM,2018
CR00024224,05/28/2017 03:59:00 PM,35,CLEAR,DARKNESS - LIGHTED ROAD,REAR END,ONE-WAY,NO CONTROLS,DRIVING SKILLS/KNOWLEDGE/EXPERIENCE,FAILING TO YIELD RIGHT-OF-WAY,0,0,0,0,15,1,5,1134,MICHIGAN AVE,41.785252,-87.635034,05/28/2017 04:42:00 PM,2017
CR00024225,12/02/2020 05:09:00 PM,35,CLEAR,DUSK,TURNING,ONE-WAY,UNKNOWN,FOLLOWING TOO CLOSELY,UNABLE TO DETERMINE,0,0,1,1,17,4,12,1635,STATE ST,41.800025,-87.552657,12/02/2020 05:41:00 PM,2020
CR00024226,01/12/2018 04:28:00 PM,40,CLOUDY/OVERCAST,DARKNESS - LIGHTED ROAD,FIXED OBJECT,DIVIDED - W/MEDIAN (NOT RAISED),UNKNOWN,UNABLE TO DETERMINE,IMPROPER LANE USAGE,0,0,0,0,16,6,1,1752,ELSTON AVE,41.782808,-87.507956,01/12/2018 05:13:00 PM,2018
CR00024227,12/29/2015 07:32:00 AM,25,CLEAR,DAYLIGHT,REAR END,T-INTERSECTION,TRAFFIC SIGNAL,UNABLE TO DETERMINE,DISREGARDING TRAFFIC SIGNALS,0,0,0,0,7,3,12,1593,47TH ST,41.840409,-87.626491,12/29/2015 09:06:00 AM,2015
CR00024228,10/27/2016 11:04:00 PM,45,CLEAR,DAYLIGHT,ANGLE,NOT DIVIDED,NO CONTROLS,FOLLOWING TOO CLOSELY,NOT APPLICABLE,0,0,0,0,23,5,10,675,MILWAUKEE AVE,41.715905,-87.80355,10/28/2016 12:35:00 AM,2016
CR00024229,01/21/2015 08:49:00 PM,40,RAIN,DARKNESS,TURNING,ONE-WAY,NO CONTROLS,FOLLOWING TOO CLOSELY,FOLLOWING TOO CLOSELY,0,0,0,0,20,4,1,1329,79TH ST,41.767492,-87.599485,01/21/2015 08:54:00 PM,2015
CR00024230,09/12/2019 06:06:00 AM,35,CLEAR,DARKNESS - LIGHTED ROAD,SIDESWIPE SAME DIRECTION,NOT DIVIDED,UNKNOWN,IMPROPER OVERTAKING/PASSING,DISTRACTION - FROM INSIDE VEHICLE,0,0,0,0,6,5,9,2349,MICHIGAN AVE,41.871349,-87.588983,09/12/2019 07:46:00 AM,2019
CR00024231,08/10/2016 11:22:00 PM,15,CLEAR,DARKNESS,REAR END,NOT DIVIDED,NO CONTROLS,UNABLE TO DETERMINE,FOLLOWING TOO CLOSELY,0,0,1,1,23,4,8,2437,MILWAUKEE AVE,41.999509,-87.664038,08/11/2016 01:13:00 AM,2016
CR00024232,05/28/2021 07:25:00 AM,20,CLEAR,DAYLIGHT,ANGLE,DIVIDED - W/MEDIAN (NOT RAISED),TRAFFIC SIGNAL,FAILING TO YIELD RIGHT-OF-WAY,DRIVING SKILLS/KNOWLEDGE/EXPERIENCE,0,0,0,0,7,6,5,1555,MILWAUKEE AVE,41.718468,-87.765436,05/28/2021 08:46:00 AM,2021
CR00024233,07/23/2020 09:41:00 AM,25,CLEAR,DAYLIGHT,TURNING,FOUR WAY,NO CONTROLS,IMPROPER OVERTAKING/PASSING,FAILING TO YIELD RIGHT-OF-WAY,0,0,0,0,9,5,7,1257,ASHLAND AVE,41.776689,-87.804008,07/23/2020 11:12:00 AM,2020
CR00024234,09/28/2023 09:34:00 AM,30,RAIN,DARKNESS - LIGHTED ROAD,REAR END,DIVIDED - W/MEDIAN (NOT RAISED),TRAFFIC SIGNAL,UNABLE TO DETERMINE,UNABLE TO DETERMINE,0,0,0,0,9,5,9,1149,CICERO AVE,41.984988,-87.563499,09/28/2023 10:59:00 AM,2023
CR00024235,04/30/2016 03:00:00 PM,30,RAIN,DAYLIGHT,ANGLE,NOT DIVIDED,STOP SIGN/FLASHER,FAILING TO YIELD RIGHT-OF-WAY,FAILING TO YIELD RIGHT-OF-WAY,0,0,0,0,15,7,4,1442,HALSTED ST,41.856315,-87.588851,04/30/2016 03:08:00 PM,2016
CR00024236,02/26/2022 04:22:00 PM,35,CLEAR,DAYLIGHT,SIDESWIPE SAME DIRECTION,FOUR WAY,TRAFFIC SIGNAL,FAILING TO REDUCE SPEED,DISREGARDING TRAFFIC SIGNALS,0,0,0,0,16,7,2,2500,ARCHER AVE,41.763371,-87.673219,02/26/2022 05:48:00 PM,2022
CR00024237,05/21/2021 07:52:00 PM,35,CLEAR,DAYLIGHT,SIDESWIPE SAME DIRECTION,DIVIDED - W/MEDIAN (NOT RAISED),UNKNOWN,FAILING TO YIELD RIGHT-OF-WAY,NOT APPLICABLE,0,0,0,0,19,6,5,2460,47TH ST,41.734409,-87.699081,05/21/2021 07:54:00 PM,2021
CR00024238,03/06/2022 04:06:00 PM,20,CLOUDY/OVERCAST,DARKNESS - LIGHTED ROAD,ANGLE,ONE-WAY,TRAFFIC SIGNAL,UNABLE TO DETERMINE,UNABLE TO DETERMINE,0,0,2,2,16,1,3,2035,KEDZIE AVE,41.804884,-87.817286,03/06/2022 06:05:00 PM,2022
CR00024239,09/10/2015 07:09:00 PM,45,CLEAR,DARKNESS - LIGHTED ROAD,PARKED MOTOR VEHICLE,FOUR WAY,NO CONTROLS,FAILING TO YIELD RIGHT-OF-WAY,FAILING TO YIELD RIGHT-OF-WAY,0,0,0,0,19,5,9,1389,WESTERN AVE,41.875641,-87.847693,09/10/2015 07:48:00 PM,2015
CR00024240,03/06/2015 08:10:00 PM,30,CLEAR,DARKNESS - LIGHTED ROAD,TURNING,DIVIDED - W/MEDIAN BARRIER,NO CONTROLS,FAILING TO YIELD RIGHT-OF-WAY,UNABLE TO DETERMINE,0,0,0,0,20,6,3,1270,63RD ST,41.77472,-87.51055,03/06/2015 08:57:00 PM,2015
CR00024241,05/24/2020 08:39:00 AM,45,RAIN,DAYLIGHT,ANGLE,DIVIDED - W/MEDIAN (NOT RAISED),TRAFFIC SIGNAL,FOLLOWING TOO CLOSELY,NOT APPLICABLE,0,1,3,4,8,1,5,2378,KEDZIE AVE,41.796397,-87.76564,05/24/2020 09:26:00 AM,2020
CR00024242,07/01/2024 06:56:00 PM,45,CLEAR,DAYLIGHT,ANGLE,T-INTERSECTION,STOP SIGN/FLASHER,FAILING TO YIELD RIGHT-OF-WAY,DISREGARDING TRAFFIC SIGNALS,0,0,0,0,18,2,7,1174,LAKE SHORE DR,41.841172,-87.818974,07/01/2024 08:34:00 PM,2024
CR00024243,12/20/2015 06:16:00 AM,45,CLEAR,DARKNESS - LIGHTED ROAD,ANGLE,T-INTERSECTION,UNKNOWN,DRIVING SKILLS/KNOWLEDGE/EXPERIENCE,IMPROPER OVERTAKING/PASSING,0,0,0,0,6,1,12,952,LAKE SHORE DR,41.977007,-87.558886,12/20/2015 07:49:00 AM,2015
CR00024244,09/08/2017 05:16:00 PM,25,RAIN,DUSK,TURNING,DIVIDED - W/MEDIAN BARRIER,TRAFFIC SIGNAL,DISTRACTION - FROM INSIDE VEHICLE,UNABLE TO DETERMINE,0,2,1,3,17,6,9,2490,MICHIGAN AVE,41.919474,-87.679288,09/08/2017 07:13:00 PM,2017
CR00024245,07/12/2022 04:16:00 PM,40,CLEAR,DAYLIGHT,PARKED MOTOR VEHICLE,NOT DIVIDED,NO CONTROLS,FAILING TO REDUCE SPEED,FAILING TO REDUCE SPEED,0,0,1,1,16,3,7,1758,ARCHER AVE,41.807173,-87.841831,07/12/2022 05:27:00 PM,2022
CR00024246,06/12/2016 04:36:00 PM,35,CLEAR,DAYLIGHT,ANGLE,DIVIDED - W/MEDIAN (NOT RAISED),TRAFFIC SIGNAL,FAILING TO REDUCE SPEED,FOLLOWING TOO CLOSELY,0,0,1,1,16,1,6,2286,KEDZIE AVE,41.704244,-87.732538,06/12/2016 06:31:00 PM,2016
CR00024247,06/26/2024 07:24:00 PM,30,CLEAR,DAYLIGHT,ANGLE,DIVIDED - W/MEDIAN BARRIER,NO CONTROLS,UNABLE TO DETERMINE,IMPROPER OVERTAKING/PASSING,0,0,0,0,19,4,6,1131,FULLERTON AVE,41.948749,-87.585566,06/26/2024 09:23:00 PM,2024
CR00024248,05/09/2017 05:21:00 AM,40,CLEAR,DAYLIGHT,SIDESWIPE SAME DIRECTION,NOT DIVIDED,STOP SIGN/FLASHER,FOLLOWING TOO CLOSELY,UNABLE TO DETERMINE,0,0,0,0,5,3,5,520,ASHLAND AVE,41.910941,-87.742977,05/09/2017 06:26:00 AM,2017
CR00024249,07/27/2017 10:01:00 AM,20,CLEAR,DAYLIGHT,SIDESWIPE SAME DIRECTION,ONE-WAY,NO CONTROLS,IMPROPER OVERTAKING/PASSING,DRIVING SKILLS/KNOWLEDGE/EXPERIENCE,0,0,0,0,10,5,7,1662,47TH ST,41.729976,-87.662163,07/27/2017 11:21:00 AM,2017
CR00024250,07/19/2023 05:40:00 PM,30,RAIN,DAYLIGHT,REAR END,FOUR WAY,NO CONTROLS,FAILING TO YIELD RIGHT-OF-WAY,DISREGARDING TRAFFIC SIGNALS,0,0,0,0,17,4,7,175,STONY ISLAND AVE,41.721192,-87.586764,07/19/2023 06:58:00 PM,2023
CR00024251,12/05/2020 12:09:00 PM,30,CLEAR,DARKNESS - LIGHTED ROAD,PEDESTRIAN,T-INTERSECTION,NO CONTROLS,IMPROPER LANE USAGE,UNABLE TO DETERMINE,0,0,3,3,12,7,12,248,STONY ISLAND AVE,41.778188,-87.689449,12/05/2020 01:13:00 PM,2020
CR00024252,08/24/2021 02:24:00 PM,35,CLEAR,DARKNESS - LIGHTED ROAD,ANGLE,DIVIDED - W/MEDIAN (NOT RAISED),TRAFFIC SIGNAL,UNABLE TO DETERMINE,DRIVING SKILLS/KNOWLEDGE/EXPERIENCE,0,0,2,2,14,3,8,226,IRVING PARK RD,41.958079,-87.671153,08/24/2021 04:14:00 PM,2021
CR00024253,03/21/2017 08:23:00 AM,35,CLOUDY/OVERCAST,DAYLIGHT,REAR END,FOUR WAY,TRAFFIC SIGNAL,FOLLOWING TOO CLOSELY,FAILING TO YIELD RIGHT-OF-WAY,0,0,0,0,8,3,3,801,ARCHER AVE,41.869838,-87.661886,03/21/2017 10:16:00 AM,2017
CR00024254,10/18/2015 11:35:00 PM,35,CLEAR,DUSK,SIDESWIPE SAME DIRECTION,DIVIDED - W/MEDIAN BARRIER,TRAFFIC SIGNAL,DRIVING SKILLS/KNOWLEDGE/EXPERIENCE,UNABLE TO DETERMINE,0,0,0,0,23,1,10,2433,LAKE SHORE DR,41.945527,-87.835178,10/18/2015 11:48:00 PM,2015
CR00024255,04/09/2019 11:23:00 AM,40,CLEAR,DARKNESS - LIGHTED ROAD,TURNING,DIVIDED - W/MEDIAN (NOT RAISED),STOP SIGN/FLASHER,FOLLOWING TOO CLOSELY,UNABLE TO DETERMINE,0,0,0,0,11,3,4,2282,MICHIGAN AVE,41.983843,-87.673144,04/09/2019 12:12:00 PM,2019
CR00024256,03/04/2024 10:01:00 AM,20,CLEAR,DARKNESS - LIGHTED ROAD,FIXED OBJECT,NOT DIVIDED,NO CONTROLS,FAILING TO REDUCE SPEED,DISREGARDING TRAFFIC SIGNALS,0,0,0,0,10,2,3,295,CALIFORNIA AVE,41.980118,-87.721153,03/04/2024 11:51:00 AM,2024
CR00024257,09/07/2017 02:18:00 PM,15,CLOUDY/OVERCAST,DAYLIGHT,REAR END,NOT DIVIDED,UNKNOWN,UNABLE TO DETERMINE,FAILING TO YIELD RIGHT-OF-WAY,0,0,0,0,14,5,9,554,63RD ST,41.823329,-87.732734,09/07/2017 02:36:00 PM,2017
CR00024258,12/12/2020 01:05:00 PM,30,CLEAR,DAYLIGHT,TURNING,NOT DIVIDED,STOP SIGN/FLASHER,FAILING TO YIELD RIGHT-OF-WAY,UNABLE TO DETERMINE,0,0,0,0,13,7,12,1312,BROADWAY,41.806059,-87.563952,12/12/2020 01:54:00 PM,2020
CR00024259,01/10/2019 01:00:00 PM,45,RAIN,DAYLIGHT,FIXED OBJECT,NOT DIVIDED,NO CONTROLS,UNABLE TO DETERMINE,DISTRACTION - FROM INSIDE VEHICLE,0,0,0,0,13,5,1,1899,CICERO AVE,41.970671,-87.622357,01/10/2019 01:16:00 PM,2019
CR00024260,10/07/2019 08:55:00 AM,30,CLEAR,DARKNESS - LIGHTED ROAD,SIDESWIPE SAME DIRECTION,DIVIDED - W/MEDIAN (NOT RAISED),NO CONTROLS,FOLLOWING TOO CLOSELY,UNABLE TO DETERMINE,0,0,0,0,8,2,10,1878,WESTERN AVE,41.866898,-87.689264,10/07/2019 09:14:00 AM,2019
CR00024261,10/14/2019 10:49:00 AM,25,CLEAR,DAYLIGHT,PARKED MOTOR VEHICLE,FOUR WAY,TRAFFIC SIGNAL,IMPROPER OVERTAKING/PASSING,UNABLE TO DETERMINE,0,0,0,0,10,2,10,690,STATE ST,41.87642,-87.521426,10/14/2019 12:12:00 PM,2019
CR00024262,11/11/2019 11:25:00 AM,30,SNOW,DAYLIGHT,SIDESWIPE SAME DIRECTION,T-INTERSECTION,NO CONTROLS,UNABLE TO DETERMINE,NOT APPLICABLE,0,0,0,0,11,2,11,2357,CLARK ST,41.79457,-87.611033,11/11/2019 11:59:00 AM,2019
CR00024263,11/25/2019 04:08:00 PM,30,CLEAR,DARKNESS,ANGLE,T-INTERSECTION,TRAFFIC SIGNAL,IMPROPER LANE USAGE,UNABLE TO DETERMINE,0,0,0,0,16,2,11,2409,CALIFORNIA AVE,41.958095,-87.614093,11/25/2019 04:13:00 PM,2019
CR00024264,04/28/2023 02:20:00 PM,20,CLEAR,DARKNESS - LIGHTED ROAD,SIDESWIPE SAME DIRECTION,NOT DIVIDED,NO CONTROLS,UNABLE TO DETERMINE,UNABLE TO DETERMINE,0,0,0,0,14,6,4,2205,IRVING PARK RD,41.765461,-87.783291,04/28/2023 03:14:00 PM,2023
CR00024265,05/04/2018 04:20:00 PM,20,CLEAR,DAYLIGHT,REAR END,FOUR WAY,NO CONTROLS,UNABLE TO DETERMINE,FAILING TO YIELD RIGHT-OF-WAY,0,0,0,0,16,6,5,2189,CICERO AVE,41.839786,-87.838481,05/04/2018 06:17:00 PM,2018
CR00024266,08/07/2022 12:34:00 PM,30,CLEAR,DAYLIGHT,TURNING,ONE-WAY,STOP SIGN/FLASHER,FAILING TO REDUCE SPEED,UNABLE TO DETERMINE,0,0,0,0,12,1,8,1689,ASHLAND AVE,41.944976,-87.672858,08/07/2022 01:48:00 PM,2022
CR00024267,08/08/2024 03:39:00 PM,15,CLEAR,DARKNESS,SIDESWIPE SAME DIRECTION,DIVIDED - W/MEDIAN BARRIER,NO CONTROLS,UNABLE TO DETERMINE,DISREGARDING TRAFFIC SIGNALS,0,0,0,0,15,5,8,1177,CLARK ST,41.713322,-87.649859,08/08/2024 04:38:00 PM,2024
CR00024268,11/26/2016 08:35:00 AM,30,CLEAR,DARKNESS,FIXED OBJECT,DIVIDED - W/MEDIAN (NOT RAISED),TRAFFIC SIGNAL,FAILING TO YIELD RIGHT-OF-WAY,FAILING TO YIELD RIGHT-OF-WAY,0,0,0,0,8,7,11,302,DAMEN AVE,41.962665,-87.610711,11/26/2016 10:01:00 AM,2016
CR00024269,08/29/2023 12:00:00 AM,25,CLEAR,DUSK,TURNING,T-INTERSECTION,NO CONTROLS,FOLLOWING TOO CLOSELY,UNABLE TO DETERMINE,0,0,0,0,0,3,8,2134,ARCHER AVE,41.999926,-87.759792,08/29/2023 12:01:00 AM,2023
CR00024270,08/07/2018 07:45:00 AM,20,SNOW,DAYLIGHT,REAR END,NOT DIVIDED,NO CONTROLS,FAILING TO YIELD RIGHT-OF-WAY,UNABLE TO DETERMINE,0,0,0,0,7,3,8,177,PULASKI RD,41.988252,-87.767425,08/07/2018 09:33:00 AM,2018
CR00024271,04/07/2016 08:55:00 PM,35,SNOW,DAYLIGHT,REAR END,DIVIDED - W/MEDIAN BARRIER,STOP SIGN/FLASHER,UNABLE TO DETERMINE,DRIVING SKILLS/KNOWLEDGE/EXPERIENCE,0,0,0,0,20,5,4,1708,ELSTON AVE,41.810108,-87.780377,04/07/2016 10:18:00 PM,2016
CR00024272,03/02/2024 04:00:00 PM,35,CLEAR,DAYLIGHT,REAR TO FRONT,DIVIDED - W/MEDIAN (NOT RAISED),TRAFFIC SIGNAL,DISREGARDING TRAFFIC SIGNALS,NOT APPLICABLE,0,0,1,1,16,7,3,841,ROOSEVELT RD,41.794563,-87.732005,03/02/2024 04:34:00 PM,2024
CR00024273,09/27/2020 06:21:00 PM,25,CLEAR,DAYLIGHT,REAR END,DIVIDED - W/MEDIAN (NOT RAISED),NO CONTROLS,UNABLE TO DETERMINE,NOT APPLICABLE,0,0,0,0,18,1,9,2513,ASHLAND AVE,41.726061,-87.522305,09/27/2020 06:27:00 PM,2020
CR00024274,02/26/2023 08:57:00 AM,30,RAIN,DARKNESS - LIGHTED ROAD,REAR END,T-INTERSECTION,NO CONTROLS,FOLLOWING TOO CLOSELY,FAILING TO YIELD RIGHT-OF-WAY,0,0,0,0,8,1,2,1483,STATE ST,41.891788,-87.587815,02/26/2023 09:10:00 AM,2023