CRASH_RECORD_ID,CRASH_DATE,POSTED_SPEED_LIMIT,WEATHER_CONDITION,LIGHTING_CONDITION,FIRST_CRASH_TYPE,TRAFFICWAY_TYPE,TRAFFIC_CONTROL_DEVICE,PRIM_CONTRIBUTORY_CAUSE,SEC_CONTRIBUTORY_CAUSE,INJURIES_FATAL,INJURIES_INCAPACITATING,INJURIES_NON_INCAPACITATING,INJURIES_TOTAL,CRASH_HOUR,CRASH_DAY_OF_WEEK,CRASH_MONTH,BEAT_OF_OCCURRENCE,STREET_NAME,LATITUDE,LONGITUDE,DATE_POLICE_NOTIFIED,year
CR00024439,12/25/2021 11:04:00 AM,30,SNOW,DAYLIGHT,TURNING,ONE-WAY,NO CONTROLS,UNABLE TO DETERMINE,FAILING TO YIELD RIGHT-OF-WAY,0,0,2,2,11,7,12,801,IRVING PARK RD,41.781148,-87.768112,12/25/2021 11:07:00 AM,2021
CR00024440,10/02/2019 08:50:00 AM,35,RAIN,DAYLIGHT,ANGLE,NOT DIVIDED,NO CONTROLS,DISREGARDING TRAFFIC SIGNALS,DISTRACTION - FROM INSIDE VEHICLE,0,0,2,2,8,4,10,1858,CICERO AVE,41.811576,-87.50551,10/02/2019 09:42:00 AM,2019
CR00024441,09/06/2021 06:56:00 PM,30,CLOUDY/OVERCAST,DARKNESS - LIGHTED ROAD,ANGLE,FOUR WAY,NO CONTROLS,FOLLOWING TOO CLOSELY,FOLLOWING TOO CLOSELY,0,0,0,0,18,2,9,1288,79TH ST,41.782414,-87.704988,09/06/2021 08:30:00 PM,2021
CR00024442,07/16/2022 03:41:00 PM,40,CLEAR,DAYLIGHT,PEDESTRIAN,FOUR WAY,NO CONTROLS,UNABLE TO DETERMINE,UNABLE TO DETERMINE,0,0,2,2,15,7,7,802,79TH ST,41.934535,-87.516637,07/16/2022 03:53:00 PM,2022
CR00024443,08/28/2017 05:45:00 PM,30,CLEAR,DAYLIGHT,ANGLE,ONE-WAY,NO CONTROLS,IMPROPER LANE USAGE,NOT APPLICABLE,0,0,0,0,17,2,8,1836,DIVISION ST,41.98088,-87.699146,08/28/2017 07:30:00 PM,2017
CR00024444,07/07/2020 01:09:00 PM,30,CLEAR,DAYLIGHT,REAR END,NOT DIVIDED,TRAFFIC SIGNAL,UNABLE TO DETERMINE,FOLLOWING TOO CLOSELY,0,0,0,0,13,3,7,1293,WESTERN AVE,41.778328,-87.534857,07/07/2020 02:17:00 PM,2020
CR00024445,03/06/2018 05:40:00 PM,35,CLEAR,DAYLIGHT,TURNING,NOT DIVIDED,TRAFFIC SIGNAL,UNABLE TO DETERMINE,UNABLE TO DETERMINE,0,0,0,0,17,3,3,1297,ROOSEVELT RD,41.869474,-87.679926,03/06/2018 06:51:00 PM,2018
CR00024446,01/28/2020 03:25:00 PM,25,CLEAR,DAWN,REAR END,FOUR WAY,TRAFFIC SIGNAL,IMPROPER LANE USAGE,UNABLE TO DETERMINE,0,0,0,0,15,3,1,2045,63RD ST,41.792179,-87.588932,01/28/2020 03:27:00 PM,2020
CR00024447,11/24/2020 07:35:00 PM,15,CLEAR,DARKNESS - LIGHTED ROAD,PARKED MOTOR VEHICLE,DIVIDED - W/MEDIAN BARRIER,NO CONTROLS,IMPROPER LANE USAGE,FAILING TO YIELD RIGHT-OF-WAY,0,0,0,0,19,3,11,335,79TH ST,41.995964,-87.576345,11/24/2020 07:41:00 PM,2020
CR00024448,01/24/2021 08:21:00 AM,15,RAIN,DARKNESS - LIGHTED ROAD,TURNING,ONE-WAY,NO CONTROLS,WEATHER,FAILING TO YIELD RIGHT-OF-WAY,0,0,1,1,8,1,1,1894,ELSTON AVE,41.988641,-87.562985,01/24/2021 09:00:00 AM,2021
CR00024449,10/31/2020 06:41:00 PM,40,SNOW,DAYLIGHT,FIXED OBJECT,NOT DIVIDED,TRAFFIC SIGNAL,FAILING TO REDUCE SPEED,FOLLOWING TOO CLOSELY,0,0,1,1,18,7,10,207,LAKE SHORE DR,41.860138,-87.746832,10/31/2020 07:32:00 PM,2020
CR00024450,10/23/2021 01:57:00 PM,40,CLEAR,DAYLIGHT,PARKED MOTOR VEHICLE,DIVIDED - W/MEDIAN (NOT RAISED),TRAFFIC SIGNAL,DRIVING SKILLS/KNOWLEDGE/EXPERIENCE,UNABLE TO DETERMINE,0,0,0,0,13,7,10,1748,STATE ST,41.885975,-87.669705,10/23/2021 03:19:00 PM,2021
CR00024451,07/30/2024 07:22:00 PM,35,CLEAR,DAYLIGHT,REAR TO FRONT,ONE-WAY,TRAFFIC SIGNAL,FOLLOWING TOO CLOSELY,FOLLOWING TOO CLOSELY,0,0,0,0,19,3,7,626,PULASKI RD,41.7979,-87.685325,07/30/2024 07:35:00 PM,2024
CR00024452,11/24/2024 04:39:00 AM,30,CLEAR,DARKNESS - LIGHTED ROAD,REAR END,NOT DIVIDED,TRAFFIC SIGNAL,FOLLOWING TOO CLOSELY,IMPROPER OVERTAKING/PASSING,0,0,0,0,4,1,11,2074,47TH ST,41.982269,-87.574186,11/24/2024 06:02:00 AM,2024
CR00024453,05/19/2023 03:38:00 PM,30,CLEAR,DAYLIGHT,REAR END,ONE-WAY,NO CONTROLS,WEATHER,FAILING TO REDUCE SPEED,0,0,0,0,15,6,5,2122,ASHLAND AVE,41.866099,-87.72025,05/19/2023 05:01:00 PM,2023
CR00024454,11/20/2022 08:50:00 AM,30,CLEAR,DARKNESS - LIGHTED ROAD,PEDESTRIAN,DIVIDED - W/MEDIAN BARRIER,STOP SIGN/FLASHER,DRIVING SKILLS/KNOWLEDGE/EXPERIENCE,FAILING TO YIELD RIGHT-OF-WAY,0,0,0,0,8,1,11,2268,CALIFORNIA AVE,41.830003,-87.746213,11/20/2022 09:19:00 AM,2022
CR00024455,06/02/2016 04:04:00 PM,35,CLEAR,DARKNESS,REAR END,T-INTERSECTION,NO CONTROLS,FAILING TO REDUCE SPEED,FAILING TO YIELD RIGHT-OF-WAY,0,0,0,0,16,5,6,1455,LAKE SHORE DR,41.99065,-87.811666,06/02/2016 04:56:00 PM,2016
CR00024456,02/01/2019 12:18:00 PM,35,CLEAR,DAWN,SIDESWIPE SAME DIRECTION,DIVIDED - W/MEDIAN (NOT RAISED),TRAFFIC SIGNAL,UNABLE TO DETERMINE,UNABLE TO DETERMINE,0,1,1,2,12,6,2,436,OGDEN AVE,41.942388,-87.685381,02/01/2019 01:35:00 PM,2019
CR00024457,02/11/2022 08:12:00 AM,15,SNOW,DARKNESS - LIGHTED ROAD,TURNING,ONE-WAY,STOP SIGN/FLASHER,DRIVING SKILLS/KNOWLEDGE/EXPERIENCE,FOLLOWING TOO CLOSELY,0,0,3,3,8,6,2,1218,STONY ISLAND AVE,41.775919,-87.543103,02/11/2022 09:56:00 AM,2022
CR00024458,10/08/2018 03:12:00 PM,15,CLEAR,DAYLIGHT,ANGLE,FOUR WAY,STOP SIGN/FLASHER,FAILING TO REDUCE SPEED,UNABLE TO DETERMINE,0,0,1,1,15,2,10,1344,OGDEN AVE,41.857245,-87.713345,10/08/2018 04:44:00 PM,2018
CR00024459,10/22/2017 04:40:00 PM,30,CLEAR,DARKNESS - LIGHTED ROAD,REAR END,NOT DIVIDED,TRAFFIC SIGNAL,UNABLE TO DETERMINE,FAILING TO YIELD RIGHT-OF-WAY,0,0,0,0,16,1,10,1016,KEDZIE AVE,41.729805,-87.546004,10/22/2017 06:07:00 PM,2017
CR00024460,09/27/2019 04:00:00 AM,40,CLEAR,DARKNESS - LIGHTED ROAD,REAR END,NOT DIVIDED,YIELD,DRIVING SKILLS/KNOWLEDGE/EXPERIENCE,NOT APPLICABLE,0,0,0,0,4,6,9,2131,FULLERTON AVE,41.71353,-87.687204,09/27/2019 05:28:00 AM,2019
CR00024461,10/15/2018 04:39:00 PM,35,CLEAR,DARKNESS - LIGHTED ROAD,FIXED OBJECT,ONE-WAY,TRAFFIC SIGNAL,FAILING TO REDUCE SPEED,UNABLE TO DETERMINE,0,0,0,0,16,2,10,1897,OGDEN AVE,41.750978,-87.711716,10/15/2018 05:23:00 PM,2018
CR00024462,10/08/2019 08:16:00 PM,20,RAIN,DAYLIGHT,PARKED MOTOR VEHICLE,NOT DIVIDED,TRAFFIC SIGNAL,DISTRACTION - FROM INSIDE VEHICLE,FAILING TO REDUCE SPEED,0,1,3,4,20,3,10,1206,OGDEN AVE,41.833402,-87.598966,10/08/2019 09:42:00 PM,2019
CR00024463,07/27/2023 07:17:00 PM,35,CLOUDY/OVERCAST,DAYLIGHT,REAR TO FRONT,DIVIDED - W/MEDIAN (NOT RAISED),NO CONTROLS,FAILING TO YIELD RIGHT-OF-WAY,DISTRACTION - FROM INSIDE VEHICLE,0,0,0,0,19,5,7,226,FULLERTON AVE,41.921304,-87.760964,07/27/2023 08:48:00 PM,2023
CR00024464,02/25/2023 10:54:00 PM,15,CLEAR,DARKNESS - LIGHTED ROAD,PARKED MOTOR VEHICLE,NOT DIVIDED,STOP SIGN/FLASHER,DISTRACTION - FROM INSIDE VEHICLE,UNABLE TO DETERMINE,0,0,0,0,22,7,2,1930,CLARK ST,41.962272,-87.619118,02/25/2023 11:41:00 PM,2023
CR00024465,09/09/2024 05:25:00 PM,40,CLEAR,DAYLIGHT,PARKED MOTOR VEHICLE,FOUR WAY,NO CONTROLS,IMPROPER LANE USAGE,UNABLE TO DETERMINE,0,0,0,0,17,2,9,1003,ASHLAND AVE,41.76141,-87.749918,09/09/2024 05:48:00 PM,2024
CR00024466,10/04/2016 09:33:00 AM,30,CLEAR,DAYLIGHT,REAR END,DIVIDED - W/MEDIAN (NOT RAISED),TRAFFIC SIGNAL,IMPROPER OVERTAKING/PASSING,IMPROPER LANE USAGE,0,0,0,0,9,3,10,1979,79TH ST,41.991401,-87.505804,10/04/2016 10:32:00 AM,2016
CR00024467,10/17/2019 08:29:00 AM,25,FOG/SMOKE/HAZE,DAYLIGHT,TURNING,NOT DIVIDED,NO CONTROLS,FOLLOWING TOO CLOSELY,FAILING TO YIELD RIGHT-OF-WAY,0,0,0,0,8,5,10,977,CLARK ST,41.722074,-87.637876,10/17/2019 09:10:00 AM,2019
CR00024468,07/09/2024 05:56:00 PM,30,CLEAR,DARKNESS - LIGHTED ROAD,TURNING,NOT DIVIDED,NO CONTROLS,UNABLE TO DETERMINE,NOT APPLICABLE,0,0,0,0,17,3,7,927,63RD ST,41.732493,-87.621052,07/09/2024 07:32:00 PM,2024
CR00024469,05/24/2022 03:34:00 PM,40,CLEAR,DAYLIGHT,ANGLE,NOT DIVIDED,NO CONTROLS,IMPROPER OVERTAKING/PASSING,NOT APPLICABLE,0,0,0,0,15,3,5,1399,ASHLAND AVE,41.798423,-87.509432,05/24/2022 04:26:00 PM,2022
CR00024470,05/05/2019 01:41:00 AM,30,FOG/SMOKE/HAZE,DARKNESS - LIGHTED ROAD,SIDESWIPE SAME DIRECTION,T-INTERSECTION,NO CONTROLS,UNABLE TO DETERMINE,DRIVING SKILLS/KNOWLEDGE/EXPERIENCE,0,0,0,0,1,1,5,1325,PULASKI RD,41.939323,-87.590776,05/05/2019 01:58:00 AM,2019
CR00024471,11/29/2023 07:04:00 PM,15,CLEAR,DARKNESS - LIGHTED ROAD,FIXED OBJECT,DIVIDED - W/MEDIAN (NOT RAISED),TRAFFIC SIGNAL,UNABLE TO DETERMINE,IMPROPER OVERTAKING/PASSING,0,0,0,0,19,4,11,895,ASHLAND AVE,41.723264,-87.60134,11/29/2023 08:35:00 PM,2023
CR00024472,09/30/2017 05:06:00 PM,15,CLEAR,DARKNESS - LIGHTED ROAD,PEDESTRIAN,NOT DIVIDED,NO CONTROLS,UNABLE TO DETERMINE,FOLLOWING TOO CLOSELY,0,0,0,0,17,7,9,2069,MICHIGAN AVE,41.803725,-87.735282,09/30/2017 06:12:00 PM,2017
CR00024473,04/19/2017 07:54:00 AM,25,CLOUDY/OVERCAST,DAYLIGHT,REAR END,NOT DIVIDED,STOP SIGN/FLASHER,UNABLE TO DETERMINE,UNABLE TO DETERMINE,0,0,0,0,7,4,4,1341,PULASKI RD,41.926062,-87.845992,04/19/2017 09:07:00 AM,2017
CR00024474,05/05/2015 07:49:00 AM,45,CLEAR,DAYLIGHT,REAR END,FOUR WAY,TRAFFIC SIGNAL,DISTRACTION - FROM INSIDE VEHICLE,IMPROPER OVERTAKING/PASSING,0,1,1,2,7,3,5,1721,DAMEN AVE,41.715879,-87.729507,05/05/2015 08:50:00 AM,2015
CR00024475,06/20/2023 09:49:00 AM,30,CLOUDY/OVERCAST,DAYLIGHT,REAR END,DIVIDED - W/MEDIAN (NOT RAISED),TRAFFIC SIGNAL,IMPROPER LANE USAGE,UNABLE TO DETERMINE,0,0,0,0,9,3,6,345,63RD ST,41.971009,-87.545995,06/20/2023 11:18:00 AM,2023
CR00024476,01/17/2021 07:10:00 PM,45,CLEAR,DARKNESS - LIGHTED ROAD,ANGLE,NOT DIVIDED,NO CONTROLS,FAILING TO YIELD RIGHT-OF-WAY,NOT APPLICABLE,0,0,3,3,19,1,1,606,BROADWAY,41.709231,-87.83742,01/17/2021 07:21:00 PM,2021
CR00024477,04/04/2023 04:01:00 AM,15,RAIN,DAYLIGHT,PARKED MOTOR VEHICLE,NOT DIVIDED,NO CONTROLS,FAILING TO REDUCE SPEED,NOT APPLICABLE,0,0,1,1,4,3,4,1291,IRVING PARK RD,41.761287,-87.730381,04/04/2023 05:00:00 AM,2023
CR00024478,04/27/2023 01:55:00 PM,40,RAIN,DAYLIGHT,TURNING,NOT DIVIDED,NO CONTROLS,UNABLE TO DETERMINE,NOT APPLICABLE,0,0,0,0,13,5,4,1357,ROOSEVELT RD,41.867995,-87.73878,04/27/2023 02:03:00 PM,2023
CR00024479,11/28/2024 12:28:00 PM,35,CLEAR,DAYLIGHT,FIXED OBJECT,DIVIDED - W/MEDIAN (NOT RAISED),NO CONTROLS,FAILING TO REDUCE SPEED,UNABLE TO DETERMINE,0,0,0,0,12,5,11,913,KEDZIE AVE,41.968237,-87.734899,11/28/2024 01:19:00 PM,2024
CR00024480,12/02/2018 01:16:00 PM,20,CLEAR,DUSK,FIXED OBJECT,NOT DIVIDED,TRAFFIC SIGNAL,UNABLE TO DETERMINE,NOT APPLICABLE,0,0,0,0,13,1,12,287,47TH ST,41.816332,-87.603534,12/02/2018 02:35:00 PM,2018
CR00024481,06/06/2021 12:02:00 PM,45,CLEAR,DAYLIGHT,REAR END,ONE-WAY,TRAFFIC SIGNAL,FAILING TO YIELD RIGHT-OF-WAY,IMPROPER OVERTAKING/PASSING,0,0,0,0,12,1,6,428,CICERO AVE,41.9586,-87.595822,06/06/2021 01:00:00 PM,2021
CR00024482,02/01/2016 06:25:00 PM,40,CLEAR,DARKNESS - LIGHTED ROAD,REAR END,DIVIDED - W/MEDIAN (NOT RAISED),NO CONTROLS,FOLLOWING TOO CLOSELY,UNABLE TO DETERMINE,0,0,0,0,18,2,2,2383,LAKE SHORE DR,41.955036,-87.530518,02/01/2016 07:26:00 PM,2016
CR00024483,06/22/2018 08:04:00 PM,40,CLOUDY/OVERCAST,DARKNESS,REAR END,FOUR WAY,NO CONTROLS,IMPROPER OVERTAKING/PASSING,FOLLOWING TOO CLOSELY,0,0,0,0,20,6,6,177,MICHIGAN AVE,41.837578,-87.546808,06/22/2018 09:13:00 PM,2018
CR00024484,05/09/2020 01:46:00 PM,35,CLEAR,DAYLIGHT,TURNING,ONE-WAY,STOP SIGN/FLASHER,DISREGARDING TRAFFIC SIGNALS,FOLLOWING TOO CLOSELY,0,0,0,0,13,7,5,1931,STATE ST,41.79869,-87.58754,05/09/2020 02:24:00 PM,2020
CR00024485,07/28/2023 04:12:00 AM,30,RAIN,DAWN,FIXED OBJECT,NOT DIVIDED,NO CONTROLS,UNABLE TO DETERMINE,FAILING TO YIELD RIGHT-OF-WAY,0,0,0,0,4,6,7,1543,MILWAUKEE AVE,41.785434,-87.661523,07/28/2023 04:39:00 AM,2023
CR00024486,02/18/2024 06:12:00 AM,30,CLEAR,DAYLIGHT,REAR TO FRONT,DIVIDED - W/MEDIAN BARRIER,NO CONTROLS,UNABLE TO DETERMINE,NOT APPLICABLE,0,0,0,0,6,1,2,677,ARCHER AVE,41.982611,-87.561264,02/18/2024 07:11:00 AM,2024
CR00024487,05/19/2024 12:42:00 PM,35,CLEAR,DAYLIGHT,TURNING,DIVIDED - W/MEDIAN (NOT RAISED),TRAFFIC SIGNAL,IMPROPER LANE USAGE,UNABLE TO DETERMINE,0,0,0,0,12,1,5,2096,DIVISION ST,41.794424,-87.803954,05/19/2024 01:52:00 PM,2024
CR00024488,02/13/2021 10:52:00 PM,25,CLEAR,DARKNESS - LIGHTED ROAD,TURNING,DIVIDED - W/MEDIAN BARRIER,NO CONTROLS,IMPROPER OVERTAKING/PASSING,UNABLE TO DETERMINE,0,1,1,2,22,7,2,930,BROADWAY,41.851656,-87.82376,02/13/2021 11:03:00 PM,2021
CR00024489,06/21/2020 02:58:00 PM,35,CLEAR,DARKNESS - LIGHTED ROAD,TURNING,DIVIDED - W/MEDIAN (NOT RAISED),NO CONTROLS,FOLLOWING TOO CLOSELY,FAILING TO YIELD RIGHT-OF-WAY,0,0,3,3,14,1,6,1892,PULASKI RD,41.864357,-87.679658,06/21/2020 04:44:00 PM,2020
CR00024490,10/25/2023 09:04:00 AM,45,CLEAR,DAYLIGHT,TURNING,NOT DIVIDED,NO CONTROLS,IMPROPER LANE USAGE,DRIVING SKILLS/KNOWLEDGE/EXPERIENCE,0,0,0,0,9,4,10,1890,PULASKI RD,41.930814,-87.764789,10/25/2023 09:20:00 AM,2023
CR00024491,06/14/2023 05:44:00 PM,45,CLEAR,DAYLIGHT,REAR END,FOUR WAY,TRAFFIC SIGNAL,DISTRACTION - FROM INSIDE VEHICLE,DISTRACTION - FROM INSIDE VEHICLE,0,0,0,0,17,4,6,1626,PULASKI RD,41.784283,-87.67607,06/14/2023 07:32:00 PM,2023
CR00024492,05/19/2024 08:26:00 AM,25,CLEAR,DUSK,ANGLE,ONE-WAY,NO CONTROLS,IMPROPER OVERTAKING/PASSING,UNABLE TO DETERMINE,0,0,0,0,8,1,5,1920,ARCHER AVE,41.886786,-87.537862,05/19/2024 08:43:00 AM,2024
CR00024493,01/29/2016 09:11:00 AM,30,RAIN,DAYLIGHT,REAR END,ONE-WAY,STOP SIGN/FLASHER,FAILING TO YIELD RIGHT-OF-WAY,DISREGARDING TRAFFIC SIGNALS,0,0,1,1,9,6,1,2031,79TH ST,41.756831,-87.776021,01/29/2016 10:57:00 AM,2016
CR00024494,09/24/2018 05:47:00 PM,25,FREEZING RAIN/DRIZZLE,DAYLIGHT,REAR END,NOT DIVIDED,UNKNOWN,FOLLOWING TOO CLOSELY,DRIVING SKILLS/KNOWLEDGE/EXPERIENCE,0,0,0,0,17,2,9,250,STONY ISLAND AVE,41.809193,-87.520076,09/24/2018 06:41:00 PM,2018
CR00024495,02/16/2024 09:29:00 AM,40,CLEAR,DAYLIGHT,SIDESWIPE SAME DIRECTION,NOT DIVIDED,TRAFFIC SIGNAL,FAILING TO YIELD RIGHT-OF-WAY,UNABLE TO DETERMINE,0,0,2,2,9,6,2,2002,CALIFORNIA AVE,41.858786,-87.587887,02/16/2024 09:58:00 AM,2024
CR00024496,05/29/2021 07:22:00 AM,35,CLOUDY/OVERCAST,DAYLIGHT,TURNING,DIVIDED - W/MEDIAN (NOT RAISED),NO CONTROLS,FAILING TO YIELD RIGHT-OF-WAY,UNABLE TO DETERMINE,0,0,3,3,7,7,5,1856,STONY ISLAND AVE,41.846603,-87.545309,05/29/2021 08:52:00 AM,2021
CR00024497,01/18/2020 08:29:00 AM,30,CLEAR,DAYLIGHT,SIDESWIPE SAME DIRECTION,NOT DIVIDED,TRAFFIC SIGNAL,UNABLE TO DETERMINE,FOLLOWING TOO CLOSELY,0,0,2,2,8,7,1,1238,CICERO AVE,41.895031,-87.661794,01/18/2020 10:22:00 AM,2020
CR00024498,05/02/2019 08:11:00 PM,35,CLEAR,DAYLIGHT,PARKED MOTOR VEHICLE,T-INTERSECTION,STOP SIGN/FLASHER,UNABLE TO DETERMINE,UNABLE TO DETERMINE,0,0,0,0,20,5,5,1003,MICHIGAN AVE,41.895583,-87.580634,05/02/2019 10:03:00 PM,2019
CR00024499,05/04/2015 12:07:00 AM,30,CLEAR,DUSK,ANGLE,NOT DIVIDED,NO CONTROLS,IMPROPER OVERTAKING/PASSING,UNABLE TO DETERMINE,0,0,0,0,0,2,5,2379,IRVING PARK RD,41.888257,-87.804993,05/04/2015 01:40:00 AM,2015
CR00024500,09/28/2017 05:07:00 PM,45,CLEAR,DAYLIGHT,FIXED OBJECT,NOT DIVIDED,NO CONTROLS,UNABLE TO DETERMINE,NOT APPLICABLE,0,0,0,0,17,5,9,1778,MICHIGAN AVE,41.905955,-87.524885,09/28/2017 06:24:00 PM,2017
CR00024501,07/05/2020 05:30:00 PM,30,RAIN,DARKNESS - LIGHTED ROAD,TURNING,T-INTERSECTION,NO CONTROLS,IMPROPER OVERTAKING/PASSING,NOT APPLICABLE,0,0,1,1,17,1,7,693,CLARK ST,41.786096,-87.797171,07/05/2020 06:36:00 PM,2020
CR00024502,02/03/2015 06:44:00 PM,15,FOG/SMOKE/HAZE,DAYLIGHT,TURNING,NOT DIVIDED,UNKNOWN,WEATHER,UNABLE TO DETERMINE,0,0,0,0,18,3,2,1145,63RD ST,41.73932,-87.655865,02/03/2015 07:50:00 PM,2015
CR00024503,09/07/2020 06:31:00 PM,30,CLEAR,DAYLIGHT,REAR END,NOT DIVIDED,TRAFFIC SIGNAL,IMPROPER LANE USAGE,IMPROPER OVERTAKING/PASSING,0,0,0,0,18,2,9,1501,PULASKI RD,41.819187,-87.590491,09/07/2020 06:47:00 PM,2020
CR00024504,06/16/2021 05:40:00 PM,30,CLEAR,DAYLIGHT,ANGLE,T-INTERSECTION,UNKNOWN,FAILING TO YIELD RIGHT-OF-WAY,UNABLE TO DETERMINE,0,0,1,1,17,4,6,794,STATE ST,41.779495,-87.554511,06/16/2021 07:40:00 PM,2021
CR00024505,08/13/2018 06:04:00 AM,15,SNOW,DARKNESS - LIGHTED ROAD,SIDESWIPE SAME DIRECTION,DIVIDED - W/MEDIAN (NOT RAISED),NO CONTROLS,UNABLE TO DETERMINE,IMPROPER LANE USAGE,0,0,0,0,6,2,8,504,STATE ST,41.818811,-87.749546,08/13/2018 07:03:00 AM,2018
CR00024506,04/17/2018 10:33:00 AM,20,CLEAR,DARKNESS,TURNING,NOT DIVIDED,TRAFFIC SIGNAL,FOLLOWING TOO CLOSELY,FAILING TO YIELD RIGHT-OF-WAY,0,0,0,0,10,3,4,164,WESTERN AVE,41.860057,-87.505539,04/17/2018 10:58:00 AM,2018
CR00024507,10/17/2021 10:45:00 PM,30,CLEAR,DAYLIGHT,TURNING,NOT DIVIDED,TRAFFIC SIGNAL,FAILING TO YIELD RIGHT-OF-WAY,DISTRACTION - FROM INSIDE VEHICLE,0,0,0,0,22,1,10,1028,FULLERTON AVE,41.991115,-87.594421,10/18/2021 12:07:00 AM,2021
CR00024508,05/06/2020 08:56:00 PM,35,CLEAR,DAYLIGHT,FIXED OBJECT,NOT DIVIDED,NO CONTROLS,DRIVING SKILLS/KNOWLEDGE/EXPERIENCE,UNABLE TO DETERMINE,0,0,0,0,20,4,5,1973,MICHIGAN AVE,41.99927,-87.766782,05/06/2020 09:51:00 PM,2020
CR00024509,03/19/2022 08:23:00 AM,45,CLEAR,DARKNESS - LIGHTED ROAD,REAR END,DIVIDED - W/MEDIAN (NOT RAISED),TRAFFIC SIGNAL,DRIVING SKILLS/KNOWLEDGE/EXPERIENCE,FAILING TO YIELD RIGHT-OF-WAY,0,0,1,1,8,7,3,2411,PULASKI RD,41.796568,-87.676944,03/19/2022 09:33:00 AM,2022
CR00024510,12/13/2016 07:04:00 PM,30,CLEAR,DARKNESS - LIGHTED ROAD,ANGLE,DIVIDED - W/MEDIAN (NOT RAISED),STOP SIGN/FLASHER,FOLLOWING TOO CLOSELY,FOLLOWING TOO CLOSELY,0,0,0,0,19,3,12,1600,ASHLAND AVE,41.824412,-87.637884,12/13/2016 08:07:00 PM,2016
CR00024511,12/30/2023 04:38:00 PM,20,CLEAR,DUSK,SIDESWIPE SAME DIRECTION,FOUR WAY,NO CONTROLS,FAILING TO YIELD RIGHT-OF-WAY,NOT APPLICABLE,0,0,0,0,16,7,12,2094,STONY ISLAND AVE,41.980127,-87.570996,12/30/2023 05:58:00 PM,2023
CR00024512,12/22/2017 03:27:00 AM,20,CLEAR,DAYLIGHT,PARKED MOTOR VEHICLE,DIVIDED - W/MEDIAN (NOT RAISED),STOP SIGN/FLASHER,DISTRACTION - FROM INSIDE VEHICLE,NOT APPLICABLE,0,0,0,0,3,6,12,2492,WESTERN AVE,41.723082,-87.61727,12/22/2017 04:18:00 AM,2017
CR00024513,08/23/2021 12:06:00 PM,30,CLEAR,DAYLIGHT,REAR END,DIVIDED - W/MEDIAN BARRIER,PEDESTRIAN CROSSING SIGN,UNABLE TO DETERMINE,DISREGARDING TRAFFIC SIGNALS,0,0,0,0,12,2,8,2368,ROOSEVELT RD,41.985316,-87.771602,08/23/2021 01:39:00 PM,2021
CR00024514,11/20/2015 08:48:00 AM,30,CLEAR,DAYLIGHT,REAR END,NOT DIVIDED,UNKNOWN,DRIVING SKILLS/KNOWLEDGE/EXPERIENCE,DRIVING SKILLS/KNOWLEDGE/EXPERIENCE,0,0,2,2,8,6,11,520,79TH ST,41.984144,-87.667265,11/20/2015 10:02:00 AM,2015
CR00024515,09/12/2023 08:19:00 PM,30,CLEAR,DAYLIGHT,FIXED OBJECT,ONE-WAY,TRAFFIC SIGNAL,FAILING TO YIELD RIGHT-OF-WAY,UNABLE TO DETERMINE,0,0,0,0,20,3,9,2379,CLARK ST,41.953619,-87.731537,09/12/2023 10:01:00 PM,2023
CR00024516,10/19/2018 06:54:00 PM,25,CLEAR,DAYLIGHT,SIDESWIPE SAME DIRECTION,NOT DIVIDED,STOP SIGN/FLASHER,WEATHER,FAILING TO YIELD RIGHT-OF-WAY,0,0,1,1,18,6,10,828,CALIFORNIA AVE,41.926406,-87.570468,10/19/2018 07:08:00 PM,2018
CR00024517,07/11/2024 03:46:00 PM,40,CLEAR,DAYLIGHT,TURNING,NOT DIVIDED,NO CONTROLS,UNABLE TO DETERMINE,DISTRACTION - FROM INSIDE VEHICLE,0,0,0,0,15,5,7,2208,ELSTON AVE,41.795111,-87.636272,07/11/2024 05:07:00 PM,2024
CR00024518,12/22/2022 08:37:00 AM,15,CLEAR,DAYLIGHT,REAR TO FRONT,FOUR WAY,YIELD,IMPROPER OVERTAKING/PASSING,NOT APPLICABLE,0,0,2,2,8,5,12,1235,DIVISION ST,41.787391,-87.654956,12/22/2022 10:13:00 AM,2022
CR00024519,10/01/2016 01:41:00 PM,35,CLEAR,DARKNESS - LIGHTED ROAD,PARKED MOTOR VEHICLE,T-INTERSECTION,TRAFFIC SIGNAL,DRIVING SKILLS/KNOWLEDGE/EXPERIENCE,FAILING TO YIELD RIGHT-OF-WAY,0,0,0,0,13,7,10,1100,ELSTON AVE,41.87663,-87.579145,10/01/2016 03:22:00 PM,2016
CR00024520,01/16/2020 11:31:00 PM,30,RAIN,DARKNESS,SIDESWIPE SAME DIRECTION,NOT DIVIDED,STOP SIGN/FLASHER,IMPROPER LANE USAGE,WEATHER,0,0,0,0,23,5,1,1860,ARCHER AVE,41.959126,-87.716831,01/17/2020 12:48:00 AM,2020
CR00024521,06/23/2022 09:01:00 AM,35,CLEAR,DARKNESS - LIGHTED ROAD,PARKED MOTOR VEHICLE,DIVIDED - W/MEDIAN BARRIER,STOP SIGN/FLASHER,FOLLOWING TOO CLOSELY,NOT APPLICABLE,0,0,0,0,9,5,6,506,PULASKI RD,41.962718,-87.584211,06/23/2022 09:54:00 AM,2022