CRASH_RECORD_ID,CRASH_DATE,POSTED_SPEED_LIMIT,WEATHER_CONDITION,LIGHTING_CONDITION,FIRST_CRASH_TYPE,TRAFFICWAY_TYPE,TRAFFIC_CONTROL_DEVICE,PRIM_CONTRIBUTORY_CAUSE,SEC_CONTRIBUTORY_CAUSE,INJURIES_FATAL,INJURIES_INCAPACITATING,INJURIES_NON_INCAPACITATING,INJURIES_TOTAL,CRASH_HOUR,CRASH_DAY_OF_WEEK,CRASH_MONTH,BEAT_OF_OCCURRENCE,STREET_NAME,LATITUDE,LONGITUDE,DATE_POLICE_NOTIFIED,year
CR00024522,12/07/2021 07:53:00 PM,35,CLEAR,DAYLIGHT,REAR END,FOUR WAY,UNKNOWN,FAILING TO YIELD RIGHT-OF-WAY,DISREGARDING TRAFFIC SIGNALS,0,1,1,2,19,3,12,1614,MICHIGAN AVE,41.764913,-87.508894,12/07/2021 08:34:00 PM,2021
CR00024523,03/12/2019 07:58:00 AM,40,CLEAR,DAYLIGHT,PARKED MOTOR VEHICLE,DIVIDED - W/MEDIAN BARRIER,TRAFFIC SIGNAL,UNABLE TO DETERMINE,FAILING TO REDUCE SPEED,0,1,2,3,7,3,3,2003,ARCHER AVE,41.914232,-87.549031,03/12/2019 08:01:00 AM,2019
CR00024524,05/26/2021 01:18:00 PM,30,CLEAR,DAYLIGHT,REAR END,NOT DIVIDED,YIELD,FAILING TO YIELD RIGHT-OF-WAY,DISREGARDING TRAFFIC SIGNALS,0,0,0,0,13,4,5,1203,79TH ST,41.844424,-87.676975,05/26/2021 03:05:00 PM,2021
CR00024525,10/27/2023 06:09:00 PM,30,CLEAR,DAYLIGHT,ANGLE,DIVIDED - W/MEDIAN (NOT RAISED),YIELD,FAILING TO YIELD RIGHT-OF-WAY,DISTRACTION - FROM INSIDE VEHICLE,0,0,0,0,18,6,10,2351,ELSTON AVE,41.710519,-87.618028,10/27/2023 07:39:00 PM,2023
CR00024526,05/24/2016 07:10:00 PM,45,CLOUDY/OVERCAST,DARKNESS - LIGHTED ROAD,SIDESWIPE SAME DIRECTION,DIVIDED - W/MEDIAN (NOT RAISED),TRAFFIC SIGNAL,FAILING TO YIELD RIGHT-OF-WAY,IMPROPER LANE USAGE,0,0,1,1,19,3,5,1653,HALSTED ST,41.830097,-87.561115,05/24/2016 08:38:00 PM,2016
CR00024527,11/06/2023 11:12:00 AM,30,CLEAR,DARKNESS - LIGHTED ROAD,PEDESTRIAN,T-INTERSECTION,TRAFFIC SIGNAL,FAILING TO REDUCE SPEED,NOT APPLICABLE,0,0,0,0,11,2,11,968,ROOSEVELT RD,41.806024,-87.616125,11/06/2023 11:38:00 AM,2023
CR00024528,10/26/2019 10:36:00 AM,30,CLEAR,DAYLIGHT,TURNING,NOT DIVIDED,STOP SIGN/FLASHER,DISTRACTION - FROM INSIDE VEHICLE,NOT APPLICABLE,0,0,0,0,10,7,10,2240,DIVISION ST,41.942146,-87.639644,10/26/2019 10:49:00 AM,2019
CR00024529,12/17/2020 07:56:00 AM,30,CLEAR,DAYLIGHT,TURNING,DIVIDED - W/MEDIAN (NOT RAISED),TRAFFIC SIGNAL,UNABLE TO DETERMINE,UNABLE TO DETERMINE,0,0,0,0,7,5,12,176,79TH ST,41.703694,-87.827407,12/17/2020 08:07:00 AM,2020
CR00024530,07/29/2020 05:53:00 AM,45,CLEAR,DARKNESS - LIGHTED ROAD,ANGLE,ONE-WAY,UNKNOWN,FOLLOWING TOO CLOSELY,DRIVING SKILLS/KNOWLEDGE/EXPERIENCE,0,0,0,0,5,4,7,2393,ELSTON AVE,41.847681,-87.582111,07/29/2020 06:08:00 AM,2020
CR00024531,03/29/2018 07:18:00 AM,30,SNOW,DARKNESS - LIGHTED ROAD,REAR TO FRONT,NOT DIVIDED,NO CONTROLS,UNABLE TO DETERMINE,NOT APPLICABLE,0,0,0,0,7,5,3,2112,KEDZIE AVE,41.975532,-87.694245,03/29/2018 09:18:00 AM,2018
CR00024532,01/04/2021 07:30:00 AM,30,CLEAR,DAYLIGHT,REAR TO FRONT,NOT DIVIDED,NO CONTROLS,UNABLE TO DETERMINE,UNABLE TO DETERMINE,0,0,0,0,7,2,1,322,47TH ST,41.73042,-87.624857,01/04/2021 08:43:00 AM,2021
CR00024533,08/27/2023 06:41:00 PM,30,CLEAR,DAYLIGHT,SIDESWIPE SAME DIRECTION,FOUR WAY,UNKNOWN,UNABLE TO DETERMINE,IMPROPER LANE USAGE,0,0,0,0,18,1,8,1424,WESTERN AVE,41.7257,-87.6789,08/27/2023 08:34:00 PM,2023
CR00024534,06/21/2018 07:58:00 PM,35,CLEAR,DAYLIGHT,TURNING,DIVIDED - W/MEDIAN (NOT RAISED),NO CONTROLS,UNABLE TO DETERMINE,DRIVING SKILLS/KNOWLEDGE/EXPERIENCE,0,0,0,0,19,5,6,1926,LAKE SHORE DR,41.743043,-87.681628,06/21/2018 09:52:00 PM,2018
CR00024535,04/14/2015 02:12:00 AM,25,CLEAR,DAYLIGHT,TURNING,NOT DIVIDED,STOP SIGN/FLASHER,FOLLOWING TOO CLOSELY,FAILING TO YIELD RIGHT-OF-WAY,0,0,0,0,2,3,4,1177,ROOSEVELT RD,41.701828,-87.836777,04/14/2015 02:20:00 AM,2015
CR00024536,01/06/2018 06:58:00 PM,40,CLEAR,DAYLIGHT,TURNING,NOT DIVIDED,NO CONTROLS,UNABLE TO DETERMINE,DRIVING SKILLS/KNOWLEDGE/EXPERIENCE,0,0,0,0,18,7,1,257,FULLERTON AVE,41.902388,-87.559454,01/06/2018 08:41:00 PM,2018
CR00024537,02/14/2015 12:36:00 PM,30,CLEAR,DAYLIGHT,TURNING,DIVIDED - W/MEDIAN (NOT RAISED),YIELD,DRIVING SKILLS/KNOWLEDGE/EXPERIENCE,NOT APPLICABLE,0,0,0,0,12,7,2,1262,CLARK ST,41.704729,-87.538469,02/14/2015 01:00:00 PM,2015
CR00024538,11/23/2020 08:02:00 AM,20,CLEAR,DAYLIGHT,TURNING,DIVIDED - W/MEDIAN (NOT RAISED),STOP SIGN/FLASHER,DRIVING SKILLS/KNOWLEDGE/EXPERIENCE,UNABLE TO DETERMINE,0,0,0,0,8,2,11,817,STATE ST,41.999175,-87.675312,11/23/2020 09:00:00 AM,2020
CR00024539,02/07/2024 09:58:00 AM,20,CLEAR,DAWN,REAR END,NOT DIVIDED,TRAFFIC SIGNAL,DISTRACTION - FROM INSIDE VEHICLE,UNABLE TO DETERMINE,0,0,2,2,9,4,2,276,79TH ST,41.783318,-87.637265,02/07/2024 11:25:00 AM,2024
CR00024540,02/27/2023 08:40:00 PM,45,CLEAR,DAYLIGHT,ANGLE,FOUR WAY,NO CONTROLS,FAILING TO YIELD RIGHT-OF-WAY,FOLLOWING TOO CLOSELY,0,0,0,0,20,2,2,785,PULASKI RD,41.762863,-87.647881,02/27/2023 10:01:00 PM,2023
CR00024541,02/16/2016 01:11:00 PM,30,CLEAR,DAYLIGHT,PARKED MOTOR VEHICLE,DIVIDED - W/MEDIAN BARRIER,TRAFFIC SIGNAL,DISTRACTION - FROM INSIDE VEHICLE,UNABLE TO DETERMINE,0,0,0,0,13,3,2,791,STONY ISLAND AVE,41.993408,-87.677744,02/16/2016 03:03:00 PM,2016
CR00024542,12/09/2020 10:56:00 PM,30,CLEAR,DAYLIGHT,REAR END,DIVIDED - W/MEDIAN (NOT RAISED),TRAFFIC SIGNAL,UNABLE TO DETERMINE,UNABLE TO DETERMINE,0,2,0,2,22,4,12,1926,FULLERTON AVE,41.800704,-87.576497,12/10/2020 12:12:00 AM,2020
CR00024543,11/07/2015 09:10:00 AM,30,CLEAR,DAYLIGHT,REAR TO FRONT,DIVIDED - W/MEDIAN BARRIER,NO CONTROLS,FAILING TO REDUCE SPEED,UNABLE TO DETERMINE,0,0,1,1,9,7,11,495,ROOSEVELT RD,41.827069,-87.553862,11/07/2015 09:35:00 AM,2015
CR00024544,02/27/2024 04:07:00 AM,30,CLEAR,DARKNESS - LIGHTED ROAD,REAR TO FRONT,DIVIDED - W/MEDIAN (NOT RAISED),NO CONTROLS,UNABLE TO DETERMINE,DRIVING SKILLS/KNOWLEDGE/EXPERIENCE,0,0,3,3,4,3,2,2231,MILWAUKEE AVE,41.959331,-87.755596,02/27/2024 04:16:00 AM,2024
CR00024545,10/01/2020 03:24:00 PM,30,CLEAR,DARKNESS,ANGLE,NOT DIVIDED,NO CONTROLS,FAILING TO YIELD RIGHT-OF-WAY,UNABLE TO DETERMINE,0,0,0,0,15,5,10,1095,MICHIGAN AVE,41.809111,-87.571013,10/01/2020 03:44:00 PM,2020
CR00024546,06/15/2018 07:25:00 AM,35,CLOUDY/OVERCAST,DARKNESS - LIGHTED ROAD,SIDESWIPE SAME DIRECTION,FOUR WAY,NO CONTROLS,FOLLOWING TOO CLOSELY,DISTRACTION - FROM INSIDE VEHICLE,0,0,0,0,7,6,6,517,ELSTON AVE,41.891594,-87.567661,06/15/2018 08:04:00 AM,2018
CR00024547,12/26/2021 06:08:00 PM,35,CLEAR,DAYLIGHT,SIDESWIPE SAME DIRECTION,T-INTERSECTION,NO CONTROLS,FOLLOWING TOO CLOSELY,DISTRACTION - FROM INSIDE VEHICLE,0,0,0,0,18,1,12,1748,WESTERN AVE,41.912861,-87.788505,12/26/2021 07:12:00 PM,2021
CR00024548,04/16/2022 10:06:00 AM,40,RAIN,DARKNESS - LIGHTED ROAD,PEDESTRIAN,DIVIDED - W/MEDIAN (NOT RAISED),TRAFFIC SIGNAL,UNABLE TO DETERMINE,IMPROPER LANE USAGE,0,0,0,0,10,7,4,2083,79TH ST,41.821003,-87.655108,04/16/2022 11:06:00 AM,2022
CR00024549,05/13/2015 12:54:00 PM,30,CLEAR,DAYLIGHT,ANGLE,DIVIDED - W/MEDIAN BARRIER,STOP SIGN/FLASHER,UNABLE TO DETERMINE,NOT APPLICABLE,0,0,0,0,12,4,5,372,IRVING PARK RD,41.960736,-87.606499,05/13/2015 02:09:00 PM,2015
CR00024550,04/03/2022 05:04:00 PM,40,CLEAR,DARKNESS - LIGHTED ROAD,TURNING,DIVIDED - W/MEDIAN (NOT RAISED),NO CONTROLS,FOLLOWING TOO CLOSELY,DISTRACTION - FROM INSIDE VEHICLE,0,0,0,0,17,1,4,2437,CLARK ST,41.751003,-87.766403,04/03/2022 05:33:00 PM,2022
CR00024551,07/05/2022 09:23:00 PM,35,SNOW,DARKNESS - LIGHTED ROAD,TURNING,NOT DIVIDED,STOP SIGN/FLASHER,IMPROPER OVERTAKING/PASSING,IMPROPER LANE USAGE,0,0,0,0,21,3,7,2325,FULLERTON AVE,41.849086,-87.622139,07/05/2022 10:53:00 PM,2022
CR00024552,05/14/2015 02:39:00 PM,30,CLOUDY/OVERCAST,DAYLIGHT,PARKED MOTOR VEHICLE,ONE-WAY,TRAFFIC SIGNAL,DISREGARDING TRAFFIC SIGNALS,FAILING TO YIELD RIGHT-OF-WAY,0,0,0,0,14,5,5,718,ASHLAND AVE,41.972492,-87.587973,05/14/2015 03:01:00 PM,2015
CR00024553,10/07/2018 11:27:00 AM,45,CLEAR,DAYLIGHT,REAR END,FOUR WAY,NO CONTROLS,DISTRACTION - FROM INSIDE VEHICLE,UNABLE TO DETERMINE,0,0,0,0,11,1,10,1897,MILWAUKEE AVE,41.968499,-87.510065,10/07/2018 11:39:00 AM,2018
CR00024554,11/13/2023 07:14:00 AM,35,RAIN,DARKNESS - LIGHTED ROAD,PARKED MOTOR VEHICLE,DIVIDED - W/MEDIAN BARRIER,NO CONTROLS,FOLLOWING TOO CLOSELY,IMPROPER OVERTAKING/PASSING,0,0,0,0,7,2,11,483,WESTERN AVE,41.86323,-87.820625,11/13/2023 07:55:00 AM,2023
CR00024555,08/03/2015 02:11:00 AM,25,CLEAR,DAYLIGHT,REAR END,DIVIDED - W/MEDIAN BARRIER,NO CONTROLS,FOLLOWING TOO CLOSELY,IMPROPER LANE USAGE,0,0,0,0,2,2,8,475,KEDZIE AVE,41.769471,-87.708914,08/03/2015 03:28:00 AM,2015
CR00024556,01/09/2017 11:38:00 PM,30,CLEAR,DAYLIGHT,REAR TO FRONT,FOUR WAY,NO CONTROLS,UNABLE TO DETERMINE,FAILING TO YIELD RIGHT-OF-WAY,0,0,1,1,23,2,1,650,MILWAUKEE AVE,41.850713,-87.6207,01/10/2017 12:52:00 AM,2017
CR00024557,04/28/2023 07:22:00 AM,20,SNOW,DARKNESS - LIGHTED ROAD,TURNING,NOT DIVIDED,UNKNOWN,FOLLOWING TOO CLOSELY,UNABLE TO DETERMINE,0,0,2,2,7,6,4,1649,HALSTED ST,41.821162,-87.543984,04/28/2023 07:48:00 AM,2023
CR00024558,11/03/2020 07:42:00 PM,30,CLEAR,DAYLIGHT,TURNING,FOUR WAY,NO CONTROLS,FOLLOWING TOO CLOSELY,UNABLE TO DETERMINE,0,0,0,0,19,3,11,1358,79TH ST,41.744794,-87.788749,11/03/2020 08:12:00 PM,2020
CR00024559,10/04/2021 03:34:00 PM,40,CLEAR,DARKNESS - LIGHTED ROAD,SIDESWIPE SAME DIRECTION,FOUR WAY,STOP SIGN/FLASHER,UNABLE TO DETERMINE,FAILING TO REDUCE SPEED,0,0,0,0,15,2,10,752,LAKE SHORE DR,41.912068,-87.654165,10/04/2021 04:58:00 PM,2021
CR00024560,05/21/2021 12:12:00 AM,30,CLEAR,DARKNESS,FIXED OBJECT,NOT DIVIDED,TRAFFIC SIGNAL,IMPROPER OVERTAKING/PASSING,UNABLE TO DETERMINE,0,0,1,1,0,6,5,795,STATE ST,41.915554,-87.553351,05/21/2021 01:07:00 AM,2021
CR00024561,08/19/2017 06:08:00 PM,30,CLEAR,DAYLIGHT,REAR END,DIVIDED - W/MEDIAN (NOT RAISED),STOP SIGN/FLASHER,UNABLE TO DETERMINE,IMPROPER OVERTAKING/PASSING,0,0,0,0,18,7,8,2136,DAMEN AVE,41.993874,-87.581778,08/19/2017 06:48:00 PM,2017
CR00024562,08/06/2024 09:47:00 PM,30,CLEAR,DAYLIGHT,ANGLE,ONE-WAY,NO CONTROLS,DISREGARDING TRAFFIC SIGNALS,NOT APPLICABLE,0,0,0,0,21,3,8,1030,ASHLAND AVE,41.811277,-87.795526,08/06/2024 09:48:00 PM,2024
CR00024563,01/04/2020 07:43:00 PM,35,CLOUDY/OVERCAST,DAYLIGHT,REAR END,ONE-WAY,TRAFFIC SIGNAL,UNABLE TO DETERMINE,DRIVING SKILLS/KNOWLEDGE/EXPERIENCE,0,0,0,0,19,7,1,1166,MILWAUKEE AVE,41.939789,-87.71192,01/04/2020 09:00:00 PM,2020
CR00024564,10/31/2015 06:24:00 AM,30,RAIN,DARKNESS,ANGLE,DIVIDED - W/MEDIAN (NOT RAISED),TRAFFIC SIGNAL,FAILING TO YIELD RIGHT-OF-WAY,DRIVING SKILLS/KNOWLEDGE/EXPERIENCE,0,0,0,0,6,7,10,2220,OGDEN AVE,41.732416,-87.536752,10/31/2015 08:08:00 AM,2015
CR00024565,04/16/2021 06:13:00 PM,25,CLEAR,DARKNESS - LIGHTED ROAD,SIDESWIPE SAME DIRECTION,NOT DIVIDED,NO CONTROLS,UNABLE TO DETERMINE,UNABLE TO DETERMINE,0,0,0,0,18,6,4,1459,CLARK ST,41.93628,-87.501437,04/16/2021 08:09:00 PM,2021
CR00024566,12/19/2024 10:09:00 PM,30,FOG/SMOKE/HAZE,DAYLIGHT,TURNING,ONE-WAY,TRAFFIC SIGNAL,UNABLE TO DETERMINE,NOT APPLICABLE,0,0,0,0,22,5,12,1488,MICHIGAN AVE,41.927903,-87.787202,12/19/2024 10:49:00 PM,2024
CR00024567,03/18/2022 03:53:00 PM,20,SNOW,DUSK,REAR END,DIVIDED - W/MEDIAN BARRIER,NO CONTROLS,UNABLE TO DETERMINE,UNABLE TO DETERMINE,0,0,0,0,15,6,3,1011,DIVISION ST,41.826394,-87.802702,03/18/2022 05:09:00 PM,2022
CR00024568,05/28/2017 01:32:00 PM,40,CLEAR,DARKNESS,REAR END,DIVIDED - W/MEDIAN (NOT RAISED),NO CONTROLS,UNABLE TO DETERMINE,DISTRACTION - FROM INSIDE VEHICLE,0,0,0,0,13,1,5,788,WESTERN AVE,41.891169,-87.800904,05/28/2017 01:58:00 PM,2017
CR00024569,04/20/2015 06:56:00 PM,20,CLEAR,DARKNESS - LIGHTED ROAD,REAR END,ONE-WAY,STOP SIGN/FLASHER,FOLLOWING TOO CLOSELY,FAILING TO YIELD RIGHT-OF-WAY,0,0,1,1,18,2,4,726,MICHIGAN AVE,41.970175,-87.738938,04/20/2015 07:39:00 PM,2015
CR00024570,06/10/2019 08:43:00 PM,15,CLOUDY/OVERCAST,DAYLIGHT,TURNING,NOT DIVIDED,NO CONTROLS,DISTRACTION - FROM INSIDE VEHICLE,NOT APPLICABLE,0,0,0,0,20,2,6,199,KEDZIE AVE,41.851047,-87.741126,06/10/2019 09:21:00 PM,2019
CR00024571,11/01/2016 12:56:00 PM,30,CLEAR,DAYLIGHT,SIDESWIPE SAME DIRECTION,DIVIDED - W/MEDIAN BARRIER,NO CONTROLS,UNABLE TO DETERMINE,DRIVING SKILLS/KNOWLEDGE/EXPERIENCE,0,0,0,0,12,3,11,1458,WESTERN AVE,41.774793,-87.634203,11/01/2016 12:59:00 PM,2016
CR00024572,05/26/2024 06:37:00 PM,40,CLEAR,DARKNESS - LIGHTED ROAD,REAR TO FRONT,NOT DIVIDED,NO CONTROLS,UNABLE TO DETERMINE,NOT APPLICABLE,0,0,0,0,18,1,5,1207,KEDZIE AVE,41.953914,-87.767159,05/26/2024 06:39:00 PM,2024
CR00024573,07/25/2020 11:34:00 PM,15,SNOW,DARKNESS,REAR END,DIVIDED - W/MEDIAN (NOT RAISED),NO CONTROLS,IMPROPER OVERTAKING/PASSING,DRIVING SKILLS/KNOWLEDGE/EXPERIENCE,0,0,0,0,23,7,7,1612,OGDEN AVE,41.87718,-87.689906,07/26/2020 12:08:00 AM,2020
CR00024574,03/05/2016 03:19:00 PM,25,CLEAR,DARKNESS - LIGHTED ROAD,ANGLE,NOT DIVIDED,NO CONTROLS,UNABLE TO DETERMINE,UNABLE TO DETERMINE,0,0,0,0,15,7,3,665,47TH ST,41.853436,-87.819752,03/05/2016 05:15:00 PM,2016
CR00024575,06/20/2024 03:43:00 PM,45,CLEAR,DAYLIGHT,PARKED MOTOR VEHICLE,NOT DIVIDED,TRAFFIC SIGNAL,DISTRACTION - FROM INSIDE VEHICLE,FOLLOWING TOO CLOSELY,0,0,0,0,15,5,6,2389,DAMEN AVE,41.865711,-87.836794,06/20/2024 04:48:00 PM,2024
CR00024576,04/06/2021 11:00:00 AM,45,CLEAR,DARKNESS - LIGHTED ROAD,TURNING,DIVIDED - W/MEDIAN BARRIER,STOP SIGN/FLASHER,IMPROPER OVERTAKING/PASSING,NOT APPLICABLE,0,0,0,0,11,3,4,1341,KEDZIE AVE,41.829657,-87.527515,04/06/2021 11:47:00 AM,2021
CR00024577,11/07/2023 02:57:00 PM,30,CLEAR,DAYLIGHT,ANGLE,FOUR WAY,NO CONTROLS,UNABLE TO DETERMINE,DISTRACTION - FROM INSIDE VEHICLE,0,0,0,0,14,3,11,1431,DAMEN AVE,41.850469,-87.500015,11/07/2023 04:49:00 PM,2023
CR00024578,04/18/2016 02:59:00 PM,30,CLEAR,DARKNESS - LIGHTED ROAD,TURNING,DIVIDED - W/MEDIAN BARRIER,TRAFFIC SIGNAL,FAILING TO YIELD RIGHT-OF-WAY,FOLLOWING TOO CLOSELY,0,0,0,0,14,2,4,2100,HALSTED ST,41.795659,-87.844356,04/18/2016 04:04:00 PM,2016
CR00024579,10/22/2024 09:51:00 AM,25,CLEAR,DAYLIGHT,REAR END,NOT DIVIDED,TRAFFIC SIGNAL,IMPROPER OVERTAKING/PASSING,UNABLE TO DETERMINE,0,0,0,0,9,3,10,1045,CICERO AVE,41.735547,-87.720817,10/22/2024 10:05:00 AM,2024
CR00024580,05/28/2015 04:18:00 PM,35,CLOUDY/OVERCAST,DAYLIGHT,TURNING,ONE-WAY,TRAFFIC SIGNAL,FOLLOWING TOO CLOSELY,NOT APPLICABLE,0,0,1,1,16,5,5,797,CALIFORNIA AVE,41.782728,-87.78032,05/28/2015 05:38:00 PM,2015
CR00024581,02/19/2015 08:08:00 AM,30,SNOW,DAYLIGHT,ANGLE,NOT DIVIDED,NO CONTROLS,UNABLE TO DETERMINE,UNABLE TO DETERMINE,0,0,0,0,8,5,2,1504,FULLERTON AVE,41.830368,-87.72576,02/19/2015 08:32:00 AM,2015
CR00024582,07/21/2023 05:29:00 PM,30,CLEAR,DARKNESS - LIGHTED ROAD,REAR TO FRONT,DIVIDED - W/MEDIAN (NOT RAISED),TRAFFIC SIGNAL,FOLLOWING TOO CLOSELY,UNABLE TO DETERMINE,0,0,0,0,17,6,7,2158,CLARK ST,41.747996,-87.836037,07/21/2023 06:54:00 PM,2023
CR00024583,07/21/2021 04:33:00 PM,35,CLEAR,DARKNESS - LIGHTED ROAD,REAR END,ONE-WAY,STOP SIGN/FLASHER,IMPROPER OVERTAKING/PASSING,NOT APPLICABLE,0,0,0,0,16,4,7,1318,MILWAUKEE AVE,41.818759,-87.51157,07/21/2021 05:07:00 PM,2021
CR00024584,09/08/2015 08:40:00 PM,45,CLOUDY/OVERCAST,DAYLIGHT,ANGLE,FOUR WAY,NO CONTROLS,FAILING TO REDUCE SPEED,FAILING TO YIELD RIGHT-OF-WAY,0,0,0,0,20,3,9,2070,CICERO AVE,41.943147,-87.831088,09/08/2015 10:12:00 PM,2015
CR00024585,10/27/2022 04:50:00 AM,30,RAIN,DAYLIGHT,TURNING,DIVIDED - W/MEDIAN (NOT RAISED),TRAFFIC SIGNAL,UNABLE TO DETERMINE,FOLLOWING TOO CLOSELY,0,0,0,0,4,5,10,608,ASHLAND AVE,41.90939,-87.65703,10/27/2022 05:10:00 AM,2022
CR00024586,08/06/2024 04:12:00 PM,35,CLOUDY/OVERCAST,DUSK,PARKED MOTOR VEHICLE,NOT DIVIDED,TRAFFIC SIGNAL,DRIVING SKILLS/KNOWLEDGE/EXPERIENCE,DISREGARDING TRAFFIC SIGNALS,0,0,0,0,16,3,8,1812,LAKE SHORE DR,41.775042,-87.757334,08/06/2024 06:06:00 PM,2024
CR00024587,01/10/2023 01:34:00 AM,45,CLEAR,DARKNESS - LIGHTED ROAD,SIDESWIPE SAME DIRECTION,NOT DIVIDED,NO CONTROLS,UNABLE TO DETERMINE,DRIVING SKILLS/KNOWLEDGE/EXPERIENCE,0,0,1,1,1,3,1,2399,WESTERN AVE,41.923014,-87.610581,01/10/2023 02:03:00 AM,2023
CR00024588,10/18/2016 11:23:00 PM,35,CLOUDY/OVERCAST,DARKNESS,TURNING,NOT DIVIDED,NO CONTROLS,UNABLE TO DETERMINE,FOLLOWING TOO CLOSELY,0,0,0,0,23,3,10,1243,LAKE SHORE DR,41.746609,-87.716734,10/19/2016 12:48:00 AM,2016
CR00024589,10/13/2020 07:52:00 PM,20,CLEAR,DAYLIGHT,REAR END,NOT DIVIDED,NO CONTROLS,IMPROPER OVERTAKING/PASSING,UNABLE TO DETERMINE,0,0,0,0,19,3,10,1700,CALIFORNIA AVE,41.849788,-87.690537,10/13/2020 09:31:00 PM,2020
CR00024590,04/25/2016 04:23:00 PM,30,CLEAR,DAYLIGHT,TURNING,DIVIDED - W/MEDIAN (NOT RAISED),NO CONTROLS,DISTRACTION - FROM INSIDE VEHICLE,UNABLE TO DETERMINE,0,0,0,0,16,2,4,1569,CLARK ST,41.741389,-87.803147,04/25/2016 05:23:00 PM,2016
CR00024591,11/26/2022 08:47:00 AM,30,CLEAR,DARKNESS,REAR END,FOUR WAY,NO CONTROLS,UNABLE TO DETERMINE,UNABLE TO DETERMINE,0,0,1,1,8,7,11,1894,ASHLAND AVE,41.717455,-87.751037,11/26/2022 09:30:00 AM,2022
CR00024592,06/24/2023 07:18:00 AM,30,CLEAR,DAYLIGHT,SIDESWIPE SAME DIRECTION,DIVIDED - W/MEDIAN (NOT RAISED),TRAFFIC SIGNAL,FOLLOWING TOO CLOSELY,FAILING TO YIELD RIGHT-OF-WAY,0,0,0,0,7,7,6,1437,MILWAUKEE AVE,41.759706,-87.768488,06/24/2023 07:36:00 AM,2023
CR00024593,07/04/2015 03:31:00 PM,25,CLEAR,DARKNESS - LIGHTED ROAD,ANGLE,DIVIDED - W/MEDIAN (NOT RAISED),TRAFFIC SIGNAL,UNABLE TO DETERMINE,UNABLE TO DETERMINE,0,0,0,0,15,7,7,1535,MICHIGAN AVE,41.86264,-87.578162,07/04/2015 04:15:00 PM,2015
CR00024594,02/23/2016 01:12:00 PM,45,SNOW,DAYLIGHT,ANGLE,FOUR WAY,STOP SIGN/FLASHER,DRIVING SKILLS/KNOWLEDGE/EXPERIENCE,FAILING TO YIELD RIGHT-OF-WAY,0,0,0,0,13,3,2,2180,79TH ST,41.712594,-87.793291,02/23/2016 02:04:00 PM,2016
CR00024595,08/19/2018 05:57:00 PM,35,CLEAR,DAYLIGHT,REAR END,DIVIDED - W/MEDIAN BARRIER,TRAFFIC SIGNAL,IMPROPER LANE USAGE,UNABLE TO DETERMINE,0,0,0,0,17,1,8,1855,WESTERN AVE,41.927871,-87.533514,08/19/2018 07:51:00 PM,2018
CR00024596,05/25/2022 12:51:00 PM,20,CLEAR,DARKNESS - LIGHTED ROAD,REAR END,DIVIDED - W/MEDIAN BARRIER,TRAFFIC SIGNAL,WEATHER,UNABLE TO DETERMINE,0,0,0,0,12,4,5,2329,STONY ISLAND AVE,41.927611,-87.546541,05/25/2022 02:30:00 PM,2022
CR00024597,07/20/2021 08:55:00 AM,20,CLEAR,DARKNESS - LIGHTED ROAD,FIXED OBJECT,NOT DIVIDED,NO CONTROLS,DISTRACTION - FROM INSIDE VEHICLE,FAILING TO REDUCE SPEED,0,0,2,2,8,3,7,1917,ELSTON AVE,41.849631,-87.520997,07/20/2021 10:28:00 AM,2021
CR00024598,04/01/2020 06:40:00 PM,40,SNOW,DAYLIGHT,REAR END,ONE-WAY,UNKNOWN,FAILING TO YIELD RIGHT-OF-WAY,FAILING TO YIELD RIGHT-OF-WAY,0,0,0,0,18,4,4,1282,DIVISION ST,41.812486,-87.747947,04/01/2020 08:31:00 PM,2020
CR00024599,09/12/2015 07:59:00 AM,20,CLEAR,DARKNESS - LIGHTED ROAD,SIDESWIPE SAME DIRECTION,NOT DIVIDED,TRAFFIC SIGNAL,UNABLE TO DETERMINE,UNABLE TO DETERMINE,0,0,1,1,7,7,9,185,STONY ISLAND AVE,41.940772,-87.836455,09/12/2015 08:05:00 AM,2015
CR00024600,10/12/2017 11:48:00 AM,40,CLEAR,DAYLIGHT,TURNING,FOUR WAY,STOP SIGN/FLASHER,FOLLOWING TOO CLOSELY,UNABLE TO DETERMINE,0,0,0,0,11,5,10,1975,MICHIGAN AVE,41.835154,-87.642184,10/12/2017 12:17:00 PM,2017
CR00024601,10/04/2017 05:14:00 PM,35,CLEAR,DAYLIGHT,PARKED MOTOR VEHICLE,ONE-WAY,TRAFFIC SIGNAL,FOLLOWING TOO CLOSELY,NOT APPLICABLE,0,0,0,0,17,4,10,722,MICHIGAN AVE,41.922074,-87.739786,10/04/2017 05:22:00 PM,2017
CR00024602,12/19/2018 04:33:00 PM,30,CLEAR,DAYLIGHT,TURNING,DIVIDED - W/MEDIAN (NOT RAISED),YIELD,DISTRACTION - FROM INSIDE VEHICLE,NOT APPLICABLE,0,0,1,1,16,4,12,633,ASHLAND AVE,41.859562,-87.741118,12/19/2018 04:44:00 PM,2018