CRASH_RECORD_ID,CRASH_DATE,POSTED_SPEED_LIMIT,WEATHER_CONDITION,LIGHTING_CONDITION,FIRST_CRASH_TYPE,TRAFFICWAY_TYPE,TRAFFIC_CONTROL_DEVICE,PRIM_CONTRIBUTORY_CAUSE,SEC_CONTRIBUTORY_CAUSE,INJURIES_FATAL,INJURIES_INCAPACITATING,INJURIES_NON_INCAPACITATING,INJURIES_TOTAL,CRASH_HOUR,CRASH_DAY_OF_WEEK,CRASH_MONTH,BEAT_OF_OCCURRENCE,STREET_NAME,LATITUDE,LONGITUDE,DATE_POLICE_NOTIFIED,year
CR00024603,11/30/2020 08:07:00 AM,35,CLEAR,DAWN,TURNING,FOUR WAY,TRAFFIC SIGNAL,FAILING TO YIELD RIGHT-OF-WAY,UNABLE TO DETERMINE,0,0,3,3,8,2,11,2220,STATE ST,41.866604,-87.838126,11/30/2020 08:38:00 AM,2020
CR00024604,07/20/2015 08:56:00 PM,35,CLEAR,DAYLIGHT,REAR TO FRONT,DIVIDED - W/MEDIAN (NOT RAISED),NO CONTROLS,DISTRACTION - FROM INSIDE VEHICLE,FAILING TO REDUCE SPEED,0,1,1,2,20,2,7,164,PULASKI RD,41.73421,-87.606849,07/20/2015 10:30:00 PM,2015
CR00024605,07/06/2018 04:40:00 PM,30,CLEAR,DARKNESS,SIDESWIPE SAME DIRECTION,NOT DIVIDED,TRAFFIC SIGNAL,FAILING TO YIELD RIGHT-OF-WAY,UNABLE TO DETERMINE,0,0,0,0,16,6,7,1807,47TH ST,41.772933,-87.664249,07/06/2018 05:03:00 PM,2018
CR00024606,12/08/2017 11:13:00 PM,20,RAIN,DARKNESS - LIGHTED ROAD,TURNING,ONE-WAY,NO CONTROLS,FAILING TO REDUCE SPEED,FOLLOWING TOO CLOSELY,0,0,0,0,23,6,12,1310,LAKE SHORE DR,41.806602,-87.579818,12/09/2017 01:05:00 AM,2017
CR00024607,01/28/2022 02:42:00 PM,20,RAIN,DAYLIGHT,ANGLE,FOUR WAY,TRAFFIC SIGNAL,FOLLOWING TOO CLOSELY,IMPROPER LANE USAGE,0,0,0,0,14,6,1,1285,STONY ISLAND AVE,41.758231,-87.705855,01/28/2022 03:54:00 PM,2022
CR00024608,09/04/2022 11:33:00 AM,40,RAIN,DAYLIGHT,ANGLE,NOT DIVIDED,TRAFFIC SIGNAL,UNABLE TO DETERMINE,DISREGARDING TRAFFIC SIGNALS,0,0,0,0,11,1,9,646,FULLERTON AVE,41.726446,-87.61935,09/04/2022 12:45:00 PM,2022
CR00024609,04/26/2023 04:02:00 PM,20,RAIN,DARKNESS,ANGLE,NOT DIVIDED,NO CONTROLS,FAILING TO REDUCE SPEED,NOT APPLICABLE,0,0,0,0,16,4,4,303,FULLERTON AVE,41.722253,-87.663057,04/26/2023 04:32:00 PM,2023
CR00024610,06/05/2018 01:22:00 PM,45,CLEAR,DAYLIGHT,TURNING,NOT DIVIDED,TRAFFIC SIGNAL,UNABLE TO DETERMINE,IMPROPER OVERTAKING/PASSING,0,0,0,0,13,3,6,1246,DAMEN AVE,41.715773,-87.706237,06/05/2018 02:20:00 PM,2018
CR00024611,01/20/2024 03:49:00 PM,25,FOG/SMOKE/HAZE,DARKNESS - LIGHTED ROAD,ANGLE,DIVIDED - W/MEDIAN (NOT RAISED),NO CONTROLS,FAILING TO YIELD RIGHT-OF-WAY,UNABLE TO DETERMINE,0,0,0,0,15,7,1,1077,MILWAUKEE AVE,41.913928,-87.531402,01/20/2024 04:57:00 PM,2024
CR00024612,04/09/2016 10:41:00 PM,30,CLOUDY/OVERCAST,DARKNESS,SIDESWIPE SAME DIRECTION,DIVIDED - W/MEDIAN (NOT RAISED),NO CONTROLS,IMPROPER OVERTAKING/PASSING,NOT APPLICABLE,0,0,0,0,22,7,4,451,ASHLAND AVE,41.815973,-87.619741,04/10/2016 12:37:00 AM,2016
CR00024613,05/11/2015 03:19:00 PM,30,CLEAR,DAYLIGHT,TURNING,NOT DIVIDED,NO CONTROLS,IMPROPER OVERTAKING/PASSING,NOT APPLICABLE,0,0,0,0,15,2,5,1877,BROADWAY,41.724413,-87.818893,05/11/2015 04:53:00 PM,2015
CR00024614,08/27/2019 01:22:00 AM,30,SNOW,DAYLIGHT,TURNING,DIVIDED - W/MEDIAN (NOT RAISED),STOP SIGN/FLASHER,DRIVING SKILLS/KNOWLEDGE/EXPERIENCE,DISREGARDING TRAFFIC SIGNALS,0,0,1,1,1,3,8,2464,HALSTED ST,41.837381,-87.773494,08/27/2019 01:28:00 AM,2019
CR00024615,11/19/2016 08:40:00 AM,35,CLEAR,DARKNESS - LIGHTED ROAD,ANGLE,NOT DIVIDED,YIELD,DRIVING SKILLS/KNOWLEDGE/EXPERIENCE,UNABLE TO DETERMINE,0,0,0,0,8,7,11,1686,CICERO AVE,41.812315,-87.677721,11/19/2016 10:16:00 AM,2016
CR00024616,08/04/2019 05:40:00 PM,15,CLEAR,DARKNESS,SIDESWIPE SAME DIRECTION,DIVIDED - W/MEDIAN (NOT RAISED),NO CONTROLS,FAILING TO YIELD RIGHT-OF-WAY,FOLLOWING TOO CLOSELY,0,0,0,0,17,1,8,1928,MICHIGAN AVE,41.849814,-87.803746,08/04/2019 07:13:00 PM,2019
CR00024617,11/14/2018 07:02:00 PM,45,SNOW,DARKNESS - LIGHTED ROAD,ANGLE,DIVIDED - W/MEDIAN (NOT RAISED),STOP SIGN/FLASHER,UNABLE TO DETERMINE,FOLLOWING TOO CLOSELY,0,0,0,0,19,4,11,946,KEDZIE AVE,41.971139,-87.649698,11/14/2018 08:31:00 PM,2018
CR00024618,08/11/2016 07:23:00 AM,45,SNOW,DARKNESS - LIGHTED ROAD,ANGLE,NOT DIVIDED,TRAFFIC SIGNAL,FAILING TO YIELD RIGHT-OF-WAY,UNABLE TO DETERMINE,0,0,0,0,7,5,8,1426,MICHIGAN AVE,41.729942,-87.82418,08/11/2016 07:49:00 AM,2016
CR00024619,06/01/2022 09:16:00 PM,20,CLEAR,DAYLIGHT,FIXED OBJECT,NOT DIVIDED,TRAFFIC SIGNAL,DRIVING SKILLS/KNOWLEDGE/EXPERIENCE,FAILING TO YIELD RIGHT-OF-WAY,0,0,1,1,21,4,6,631,IRVING PARK RD,41.736822,-87.569108,06/01/2022 10:55:00 PM,2022
CR00024620,09/17/2020 07:08:00 PM,30,CLEAR,DARKNESS - LIGHTED ROAD,ANGLE,DIVIDED - W/MEDIAN (NOT RAISED),TRAFFIC SIGNAL,UNABLE TO DETERMINE,DISTRACTION - FROM INSIDE VEHICLE,0,0,0,0,19,5,9,2135,KEDZIE AVE,41.990957,-87.552427,09/17/2020 08:11:00 PM,2020
CR00024621,09/06/2024 10:55:00 AM,45,CLEAR,DARKNESS - LIGHTED ROAD,PARKED MOTOR VEHICLE,DIVIDED - W/MEDIAN (NOT RAISED),YIELD,IMPROPER OVERTAKING/PASSING,FAILING TO YIELD RIGHT-OF-WAY,0,2,3,5,10,6,9,679,PULASKI RD,41.792606,-87.818482,09/06/2024 11:13:00 AM,2024
CR00024622,07/12/2023 08:45:00 AM,40,CLEAR,DAYLIGHT,REAR TO FRONT,ONE-WAY,NO CONTROLS,DRIVING SKILLS/KNOWLEDGE/EXPERIENCE,DISREGARDING TRAFFIC SIGNALS,0,0,0,0,8,4,7,691,STATE ST,41.91297,-87.600685,07/12/2023 09:14:00 AM,2023
CR00024623,03/24/2015 06:31:00 PM,45,RAIN,DAYLIGHT,SIDESWIPE SAME DIRECTION,DIVIDED - W/MEDIAN (NOT RAISED),NO CONTROLS,UNABLE TO DETERMINE,DISTRACTION - FROM INSIDE VEHICLE,0,0,2,2,18,3,3,2258,DIVISION ST,41.798081,-87.515546,03/24/2015 06:46:00 PM,2015
CR00024624,05/26/2017 07:11:00 PM,45,CLEAR,DAYLIGHT,REAR END,NOT DIVIDED,YIELD,IMPROPER LANE USAGE,IMPROPER LANE USAGE,0,0,0,0,19,6,5,1393,STATE ST,41.737664,-87.587746,05/26/2017 07:47:00 PM,2017
CR00024625,03/04/2020 09:53:00 AM,40,CLEAR,DAYLIGHT,REAR END,DIVIDED - W/MEDIAN (NOT RAISED),NO CONTROLS,FOLLOWING TOO CLOSELY,UNABLE TO DETERMINE,0,0,0,0,9,4,3,641,ARCHER AVE,41.939899,-87.760411,03/04/2020 10:07:00 AM,2020
CR00024626,02/18/2017 04:55:00 AM,40,RAIN,DAYLIGHT,TURNING,DIVIDED - W/MEDIAN BARRIER,TRAFFIC SIGNAL,UNABLE TO DETERMINE,FAILING TO YIELD RIGHT-OF-WAY,0,0,0,0,4,7,2,1013,ARCHER AVE,41.984164,-87.552045,02/18/2017 06:03:00 AM,2017
CR00024627,08/23/2019 06:24:00 AM,25,SNOW,DAYLIGHT,REAR END,DIVIDED - W/MEDIAN BARRIER,NO CONTROLS,DISREGARDING TRAFFIC SIGNALS,DRIVING SKILLS/KNOWLEDGE/EXPERIENCE,0,0,0,0,6,6,8,839,PULASKI RD,41.833066,-87.761202,08/23/2019 08:18:00 AM,2019
CR00024628,05/01/2024 09:53:00 PM,30,CLOUDY/OVERCAST,DUSK,TURNING,NOT DIVIDED,NO CONTROLS,DRIVING SKILLS/KNOWLEDGE/EXPERIENCE,WEATHER,0,0,0,0,21,4,5,1232,KEDZIE AVE,41.792824,-87.706504,05/01/2024 11:01:00 PM,2024
CR00024629,05/30/2018 09:01:00 PM,25,CLEAR,DARKNESS,PARKED MOTOR VEHICLE,NOT DIVIDED,NO CONTROLS,UNABLE TO DETERMINE,IMPROPER OVERTAKING/PASSING,0,0,0,0,21,4,5,2240,ARCHER AVE,41.974523,-87.743705,05/30/2018 10:08:00 PM,2018
CR00024630,11/10/2015 03:25:00 PM,15,CLEAR,DUSK,REAR END,NOT DIVIDED,UNKNOWN,UNABLE TO DETERMINE,DISREGARDING TRAFFIC SIGNALS,0,0,0,0,15,3,11,1462,LAKE SHORE DR,41.713204,-87.700244,11/10/2015 03:58:00 PM,2015
CR00024631,02/19/2020 07:40:00 PM,30,CLEAR,DAYLIGHT,PARKED MOTOR VEHICLE,NOT DIVIDED,TRAFFIC SIGNAL,UNABLE TO DETERMINE,UNABLE TO DETERMINE,0,0,0,0,19,4,2,1422,OGDEN AVE,41.978648,-87.687272,02/19/2020 07:42:00 PM,2020
CR00024632,03/22/2017 01:28:00 AM,45,RAIN,DAYLIGHT,TURNING,ONE-WAY,NO CONTROLS,DRIVING SKILLS/KNOWLEDGE/EXPERIENCE,UNABLE TO DETERMINE,0,1,3,4,1,4,3,732,HALSTED ST,41.709113,-87.836091,03/22/2017 02:25:00 AM,2017
CR00024633,06/28/2021 07:43:00 AM,20,CLEAR,DARKNESS - LIGHTED ROAD,REAR END,NOT DIVIDED,UNKNOWN,FOLLOWING TOO CLOSELY,FAILING TO YIELD RIGHT-OF-WAY,0,0,0,0,7,2,6,1404,WESTERN AVE,41.70574,-87.578309,06/28/2021 09:39:00 AM,2021
CR00024634,04/02/2016 12:12:00 PM,40,CLOUDY/OVERCAST,DAYLIGHT,REAR END,NOT DIVIDED,UNKNOWN,FAILING TO REDUCE SPEED,DRIVING SKILLS/KNOWLEDGE/EXPERIENCE,0,0,0,0,12,7,4,1850,DIVISION ST,41.930689,-87.712751,04/02/2016 01:42:00 PM,2016
CR00024635,05/25/2021 04:45:00 PM,20,CLEAR,DAYLIGHT,PEDESTRIAN,NOT DIVIDED,STOP SIGN/FLASHER,DRIVING SKILLS/KNOWLEDGE/EXPERIENCE,FAILING TO YIELD RIGHT-OF-WAY,0,0,0,0,16,3,5,426,CICERO AVE,41.709351,-87.764903,05/25/2021 06:38:00 PM,2021
CR00024636,11/21/2023 04:36:00 AM,30,CLEAR,DARKNESS - LIGHTED ROAD,REAR END,NOT DIVIDED,NO CONTROLS,UNABLE TO DETERMINE,DISTRACTION - FROM INSIDE VEHICLE,0,0,0,0,4,3,11,2207,79TH ST,41.953261,-87.531403,11/21/2023 06:32:00 AM,2023
CR00024637,08/03/2018 05:39:00 PM,35,CLEAR,DARKNESS - LIGHTED ROAD,REAR END,NOT DIVIDED,PEDESTRIAN CROSSING SIGN,IMPROPER OVERTAKING/PASSING,WEATHER,0,0,1,1,17,6,8,1027,PULASKI RD,41.943572,-87.805503,08/03/2018 06:15:00 PM,2018
CR00024638,11/12/2020 06:28:00 PM,25,RAIN,DARKNESS,REAR END,T-INTERSECTION,TRAFFIC SIGNAL,FOLLOWING TOO CLOSELY,FOLLOWING TOO CLOSELY,0,0,0,0,18,5,11,1689,STONY ISLAND AVE,41.819082,-87.803756,11/12/2020 06:41:00 PM,2020
CR00024639,08/25/2018 02:27:00 PM,30,CLEAR,DAYLIGHT,REAR END,ONE-WAY,NO CONTROLS,DISTRACTION - FROM INSIDE VEHICLE,FOLLOWING TOO CLOSELY,0,0,0,0,14,7,8,108,STATE ST,41.882147,-87.755043,08/25/2018 03:13:00 PM,2018
CR00024640,02/16/2024 11:07:00 AM,30,CLEAR,DAYLIGHT,PARKED MOTOR VEHICLE,ONE-WAY,PEDESTRIAN CROSSING SIGN,FOLLOWING TOO CLOSELY,FOLLOWING TOO CLOSELY,0,0,0,0,11,6,2,408,ELSTON AVE,41.705395,-87.783828,02/16/2024 12:07:00 PM,2024
CR00024641,11/30/2021 04:05:00 AM,20,CLEAR,DARKNESS,SIDESWIPE SAME DIRECTION,NOT DIVIDED,NO CONTROLS,UNABLE TO DETERMINE,DISTRACTION - FROM INSIDE VEHICLE,0,0,0,0,4,3,11,243,63RD ST,41.746526,-87.772281,11/30/2021 05:32:00 AM,2021
CR00024642,11/17/2020 08:32:00 AM,30,CLEAR,DAYLIGHT,SIDESWIPE SAME DIRECTION,NOT DIVIDED,TRAFFIC SIGNAL,IMPROPER OVERTAKING/PASSING,UNABLE TO DETERMINE,0,0,0,0,8,3,11,2157,ASHLAND AVE,41.834169,-87.783055,11/17/2020 09:52:00 AM,2020
CR00024643,01/21/2017 03:14:00 PM,30,CLEAR,DARKNESS - LIGHTED ROAD,FIXED OBJECT,FOUR WAY,TRAFFIC SIGNAL,IMPROPER OVERTAKING/PASSING,DRIVING SKILLS/KNOWLEDGE/EXPERIENCE,0,0,0,0,15,7,1,101,IRVING PARK RD,41.820128,-87.769313,01/21/2017 04:03:00 PM,2017
CR00024644,12/04/2015 12:36:00 AM,30,CLEAR,DARKNESS,PARKED MOTOR VEHICLE,ONE-WAY,NO CONTROLS,FAILING TO REDUCE SPEED,DISTRACTION - FROM INSIDE VEHICLE,0,1,2,3,0,6,12,1980,WESTERN AVE,41.802118,-87.60278,12/04/2015 01:31:00 AM,2015
CR00024645,11/22/2021 07:56:00 AM,35,CLEAR,DAYLIGHT,PEDESTRIAN,NOT DIVIDED,NO CONTROLS,FOLLOWING TOO CLOSELY,UNABLE TO DETERMINE,0,0,0,0,7,2,11,1631,ROOSEVELT RD,41.904289,-87.800742,11/22/2021 09:18:00 AM,2021
CR00024646,10/25/2017 04:22:00 AM,40,RAIN,DAYLIGHT,PARKED MOTOR VEHICLE,ONE-WAY,TRAFFIC SIGNAL,UNABLE TO DETERMINE,NOT APPLICABLE,0,0,1,1,4,4,10,137,FULLERTON AVE,41.917273,-87.605331,10/25/2017 05:40:00 AM,2017
CR00024647,11/15/2019 04:56:00 PM,25,CLEAR,DAYLIGHT,ANGLE,NOT DIVIDED,TRAFFIC SIGNAL,UNABLE TO DETERMINE,DISREGARDING TRAFFIC SIGNALS,0,0,0,0,16,6,11,111,ELSTON AVE,41.898617,-87.748083,11/15/2019 05:15:00 PM,2019
CR00024648,05/29/2015 12:16:00 PM,40,CLEAR,DARKNESS - LIGHTED ROAD,REAR END,DIVIDED - W/MEDIAN BARRIER,NO CONTROLS,FOLLOWING TOO CLOSELY,UNABLE TO DETERMINE,0,0,0,0,12,6,5,892,DAMEN AVE,41.965972,-87.503182,05/29/2015 12:50:00 PM,2015
CR00024649,04/10/2015 03:04:00 PM,30,CLEAR,DAWN,PARKED MOTOR VEHICLE,FOUR WAY,NO CONTROLS,UNABLE TO DETERMINE,FOLLOWING TOO CLOSELY,0,0,0,0,15,6,4,1846,ASHLAND AVE,41.931255,-87.784986,04/10/2015 04:26:00 PM,2015
CR00024650,06/08/2016 11:32:00 PM,35,CLEAR,DAYLIGHT,FIXED OBJECT,NOT DIVIDED,PEDESTRIAN CROSSING SIGN,FAILING TO REDUCE SPEED,UNABLE TO DETERMINE,0,0,0,0,23,4,6,195,WESTERN AVE,41.805233,-87.514575,06/08/2016 11:36:00 PM,2016
CR00024651,06/20/2017 01:10:00 PM,30,RAIN,DAYLIGHT,REAR END,DIVIDED - W/MEDIAN (NOT RAISED),TRAFFIC SIGNAL,DISTRACTION - FROM INSIDE VEHICLE,UNABLE TO DETERMINE,0,0,0,0,13,3,6,1553,CALIFORNIA AVE,41.950411,-87.62923,06/20/2017 01:49:00 PM,2017
CR00024652,11/10/2018 06:47:00 PM,35,CLEAR,DARKNESS,PEDESTRIAN,ONE-WAY,STOP SIGN/FLASHER,FOLLOWING TOO CLOSELY,NOT APPLICABLE,0,0,0,0,18,7,11,604,PULASKI RD,41.740753,-87.650224,11/10/2018 08:12:00 PM,2018
CR00024653,11/12/2021 05:44:00 PM,35,CLEAR,DAYLIGHT,REAR END,DIVIDED - W/MEDIAN BARRIER,NO CONTROLS,DISTRACTION - FROM INSIDE VEHICLE,NOT APPLICABLE,0,0,0,0,17,6,11,2450,DIVISION ST,41.989502,-87.823366,11/12/2021 05:57:00 PM,2021
CR00024654,05/22/2020 11:44:00 AM,20,CLEAR,DAYLIGHT,REAR END,NOT DIVIDED,NO CONTROLS,UNABLE TO DETERMINE,FOLLOWING TOO CLOSELY,0,0,0,0,11,6,5,1647,BROADWAY,41.710919,-87.518812,05/22/2020 12:24:00 PM,2020
CR00024655,12/02/2024 11:27:00 AM,15,CLEAR,DAYLIGHT,REAR END,NOT DIVIDED,NO CONTROLS,FOLLOWING TOO CLOSELY,IMPROPER OVERTAKING/PASSING,0,0,0,0,11,2,12,2222,OGDEN AVE,41.926239,-87.620861,12/02/2024 12:58:00 PM,2024
CR00024656,10/25/2018 08:25:00 PM,35,CLEAR,DAYLIGHT,TURNING,FOUR WAY,NO CONTROLS,IMPROPER LANE USAGE,NOT APPLICABLE,0,0,0,0,20,5,10,1548,ASHLAND AVE,41.891032,-87.664527,10/25/2018 09:00:00 PM,2018
CR00024657,04/04/2022 08:27:00 AM,35,CLEAR,DARKNESS,REAR END,NOT DIVIDED,TRAFFIC SIGNAL,IMPROPER LANE USAGE,UNABLE TO DETERMINE,0,0,1,1,8,2,4,1839,BROADWAY,41.709228,-87.612918,04/04/2022 09:40:00 AM,2022
CR00024658,04/10/2019 09:33:00 AM,30,CLOUDY/OVERCAST,DAYLIGHT,REAR TO FRONT,DIVIDED - W/MEDIAN (NOT RAISED),NO CONTROLS,IMPROPER LANE USAGE,FOLLOWING TOO CLOSELY,0,0,0,0,9,4,4,1005,ELSTON AVE,41.928676,-87.592824,04/10/2019 10:25:00 AM,2019
CR00024659,02/02/2016 02:32:00 PM,45,CLEAR,DAYLIGHT,SIDESWIPE SAME DIRECTION,NOT DIVIDED,TRAFFIC SIGNAL,UNABLE TO DETERMINE,DISTRACTION - FROM INSIDE VEHICLE,0,0,0,0,14,3,2,1546,DAMEN AVE,41.902712,-87.538133,02/02/2016 02:41:00 PM,2016
CR00024660,11/06/2015 03:22:00 AM,35,CLOUDY/OVERCAST,DAYLIGHT,REAR END,NOT DIVIDED,NO CONTROLS,DRIVING SKILLS/KNOWLEDGE/EXPERIENCE,UNABLE TO DETERMINE,0,0,0,0,3,6,11,1841,LAKE SHORE DR,41.766108,-87.651173,11/06/2015 04:00:00 AM,2015
CR00024661,02/08/2016 01:30:00 PM,40,CLEAR,DAYLIGHT,ANGLE,ONE-WAY,TRAFFIC SIGNAL,DISTRACTION - FROM INSIDE VEHICLE,UNABLE TO DETERMINE,0,0,0,0,13,2,2,776,WESTERN AVE,41.766249,-87.764901,02/08/2016 02:55:00 PM,2016
CR00024662,03/05/2024 05:22:00 PM,45,FOG/SMOKE/HAZE,DAYLIGHT,REAR TO FRONT,DIVIDED - W/MEDIAN (NOT RAISED),NO CONTROLS,DISREGARDING TRAFFIC SIGNALS,NOT APPLICABLE,0,0,0,0,17,3,3,1533,CLARK ST,41.866324,-87.615562,03/05/2024 05:28:00 PM,2024
CR00024663,06/08/2021 07:47:00 AM,25,CLOUDY/OVERCAST,DAYLIGHT,REAR END,T-INTERSECTION,TRAFFIC SIGNAL,UNABLE TO DETERMINE,NOT APPLICABLE,0,0,1,1,7,3,6,1528,STATE ST,41.948066,-87.602027,06/08/2021 08:38:00 AM,2021
CR00024664,10/15/2021 05:11:00 AM,20,CLOUDY/OVERCAST,DAYLIGHT,SIDESWIPE SAME DIRECTION,DIVIDED - W/MEDIAN BARRIER,NO CONTROLS,IMPROPER OVERTAKING/PASSING,DRIVING SKILLS/KNOWLEDGE/EXPERIENCE,0,0,0,0,5,6,10,2104,79TH ST,41.835289,-87.747176,10/15/2021 06:07:00 AM,2021
CR00024665,08/25/2019 07:09:00 AM,40,CLEAR,DAYLIGHT,ANGLE,ONE-WAY,STOP SIGN/FLASHER,FAILING TO YIELD RIGHT-OF-WAY,FAILING TO REDUCE SPEED,0,0,0,0,7,1,8,156,CALIFORNIA AVE,41.963024,-87.687488,08/25/2019 08:10:00 AM,2019
CR00024666,01/21/2017 02:37:00 PM,35,RAIN,DAYLIGHT,FIXED OBJECT,NOT DIVIDED,NO CONTROLS,DISREGARDING TRAFFIC SIGNALS,DISTRACTION - FROM INSIDE VEHICLE,0,0,1,1,14,7,1,1377,ARCHER AVE,41.731346,-87.740274,01/21/2017 02:39:00 PM,2017
CR00024667,02/25/2022 01:18:00 AM,20,CLEAR,DAYLIGHT,ANGLE,NOT DIVIDED,NO CONTROLS,DISREGARDING TRAFFIC SIGNALS,FAILING TO YIELD RIGHT-OF-WAY,0,0,0,0,1,6,2,2440,ARCHER AVE,41.786281,-87.508889,02/25/2022 02:07:00 AM,2022
CR00024668,11/29/2021 11:54:00 AM,25,CLOUDY/OVERCAST,DAYLIGHT,REAR TO FRONT,NOT DIVIDED,TRAFFIC SIGNAL,FAILING TO YIELD RIGHT-OF-WAY,FOLLOWING TOO CLOSELY,0,0,0,0,11,2,11,1012,DAMEN AVE,41.752863,-87.545952,11/29/2021 12:00:00 PM,2021
CR00024669,06/10/2022 07:24:00 PM,30,CLOUDY/OVERCAST,DARKNESS - LIGHTED ROAD,REAR END,FOUR WAY,TRAFFIC SIGNAL,FAILING TO YIELD RIGHT-OF-WAY,UNABLE TO DETERMINE,0,0,0,0,19,6,6,335,MICHIGAN AVE,41.730054,-87.585244,06/10/2022 07:51:00 PM,2022
CR00024670,11/04/2021 04:42:00 PM,35,CLEAR,DAYLIGHT,REAR END,DIVIDED - W/MEDIAN (NOT RAISED),NO CONTROLS,FAILING TO YIELD RIGHT-OF-WAY,DRIVING SKILLS/KNOWLEDGE/EXPERIENCE,0,0,0,0,16,5,11,431,KEDZIE AVE,41.974458,-87.797001,11/04/2021 05:30:00 PM,2021
CR00024671,06/01/2015 07:59:00 PM,35,RAIN,DARKNESS - LIGHTED ROAD,REAR TO FRONT,ONE-WAY,TRAFFIC SIGNAL,FAILING TO YIELD RIGHT-OF-WAY,DRIVING SKILLS/KNOWLEDGE/EXPERIENCE,0,0,0,0,19,2,6,628,DAMEN AVE,41.933851,-87.789629,06/01/2015 08:32:00 PM,2015
CR00024672,12/08/2017 08:35:00 AM,35,SNOW,DARKNESS - LIGHTED ROAD,FIXED OBJECT,ONE-WAY,STOP SIGN/FLASHER,DRIVING SKILLS/KNOWLEDGE/EXPERIENCE,NOT APPLICABLE,0,0,0,0,8,6,12,730,DIVISION ST,41.828359,-87.571248,12/08/2017 10:34:00 AM,2017
CR00024673,02/07/2024 08:36:00 AM,35,RAIN,DARKNESS - LIGHTED ROAD,REAR END,NOT DIVIDED,UNKNOWN,IMPROPER OVERTAKING/PASSING,FOLLOWING TOO CLOSELY,0,0,0,0,8,4,2,2006,MILWAUKEE AVE,41.804414,-87.530772,02/07/2024 10:18:00 AM,2024
CR00024674,07/21/2016 10:40:00 PM,30,CLEAR,DAYLIGHT,SIDESWIPE SAME DIRECTION,DIVIDED - W/MEDIAN BARRIER,TRAFFIC SIGNAL,FAILING TO REDUCE SPEED,IMPROPER LANE USAGE,0,0,0,0,22,5,7,2106,LAKE SHORE DR,41.993956,-87.662958,07/21/2016 11:03:00 PM,2016
CR00024675,02/05/2022 05:40:00 PM,40,CLEAR,DAYLIGHT,REAR END,NOT DIVIDED,STOP SIGN/FLASHER,UNABLE TO DETERMINE,NOT APPLICABLE,0,0,1,1,17,7,2,1084,DAMEN AVE,41.719566,-87.781679,02/05/2022 05:50:00 PM,2022
CR00024676,11/10/2020 03:28:00 PM,20,CLEAR,DAWN,REAR END,ONE-WAY,TRAFFIC SIGNAL,UNABLE TO DETERMINE,FAILING TO REDUCE SPEED,0,0,0,0,15,3,11,963,OGDEN AVE,41.777665,-87.83084,11/10/2020 04:14:00 PM,2020
CR00024677,11/26/2019 09:49:00 AM,20,CLOUDY/OVERCAST,DAYLIGHT,ANGLE,DIVIDED - W/MEDIAN BARRIER,PEDESTRIAN CROSSING SIGN,WEATHER,IMPROPER OVERTAKING/PASSING,0,0,0,0,9,3,11,305,LAKE SHORE DR,41.918996,-87.845888,11/26/2019 11:23:00 AM,2019
CR00024678,05/01/2020 02:37:00 PM,30,RAIN,DAYLIGHT,SIDESWIPE SAME DIRECTION,ONE-WAY,TRAFFIC SIGNAL,UNABLE TO DETERMINE,UNABLE TO DETERMINE,0,0,0,0,14,6,5,760,LAKE SHORE DR,41.769819,-87.62384,05/01/2020 02:59:00 PM,2020
CR00024679,09/11/2019 12:54:00 PM,20,FREEZING RAIN/DRIZZLE,DAYLIGHT,ANGLE,NOT DIVIDED,NO CONTROLS,DISTRACTION - FROM INSIDE VEHICLE,UNABLE TO DETERMINE,0,0,0,0,12,4,9,233,HALSTED ST,41.802544,-87.735374,09/11/2019 02:37:00 PM,2019
CR00024680,10/30/2018 02:46:00 PM,35,CLEAR,DAWN,FIXED OBJECT,DIVIDED - W/MEDIAN (NOT RAISED),TRAFFIC SIGNAL,FOLLOWING TOO CLOSELY,FOLLOWING TOO CLOSELY,0,0,0,0,14,3,10,2020,IRVING PARK RD,41.940775,-87.819473,10/30/2018 03:30:00 PM,2018
CR00024681,08/23/2022 06:26:00 PM,20,CLOUDY/OVERCAST,DUSK,TURNING,NOT DIVIDED,TRAFFIC SIGNAL,UNABLE TO DETERMINE,FAILING TO REDUCE SPEED,0,0,0,0,18,3,8,904,ELSTON AVE,41.775167,-87.543097,08/23/2022 06:47:00 PM,2022
CR00024682,10/28/2024 01:48:00 AM,25,CLEAR,DARKNESS - LIGHTED ROAD,REAR END,NOT DIVIDED,TRAFFIC SIGNAL,FAILING TO REDUCE SPEED,DRIVING SKILLS/KNOWLEDGE/EXPERIENCE,0,0,0,0,1,2,10,1656,DIVISION ST,41.942459,-87.780229,10/28/2024 03:08:00 AM,2024
CR00024683,03/20/2018 06:56:00 PM,30,RAIN,DARKNESS - LIGHTED ROAD,REAR END,NOT DIVIDED,TRAFFIC SIGNAL,FOLLOWING TOO CLOSELY,FAILING TO REDUCE SPEED,0,0,0,0,18,3,3,1547,ARCHER AVE,41.977603,-87.660645,03/20/2018 07:18:00 PM,2018
CR00024684,11/09/2022 07:37:00 AM,40,CLEAR,DAYLIGHT,PEDESTRIAN,DIVIDED - W/MEDIAN (NOT RAISED),TRAFFIC SIGNAL,UNABLE TO DETERMINE,FOLLOWING TOO CLOSELY,0,0,0,0,7,4,11,2398,OGDEN AVE,41.91497,-87.844101,11/09/2022 09:23:00 AM,2022