CRASH_RECORD_ID,CRASH_DATE,POSTED_SPEED_LIMIT,WEATHER_CONDITION,LIGHTING_CONDITION,FIRST_CRASH_TYPE,TRAFFICWAY_TYPE,TRAFFIC_CONTROL_DEVICE,PRIM_CONTRIBUTORY_CAUSE,SEC_CONTRIBUTORY_CAUSE,INJURIES_FATAL,INJURIES_INCAPACITATING,INJURIES_NON_INCAPACITATING,INJURIES_TOTAL,CRASH_HOUR,CRASH_DAY_OF_WEEK,CRASH_MONTH,BEAT_OF_OCCURRENCE,STREET_NAME,LATITUDE,LONGITUDE,DATE_POLICE_NOTIFIED,year
CR00024685,04/24/2021 04:30:00 AM,35,SNOW,DAYLIGHT,ANGLE,DIVIDED - W/MEDIAN BARRIER,UNKNOWN,DISREGARDING TRAFFIC SIGNALS,DISREGARDING TRAFFIC SIGNALS,0,0,0,0,4,7,4,1799,79TH ST,41.853322,-87.699278,04/24/2021 06:29:00 AM,2021
CR00024686,12/13/2022 07:52:00 PM,35,CLEAR,DARKNESS - LIGHTED ROAD,TURNING,ONE-WAY,TRAFFIC SIGNAL,FOLLOWING TOO CLOSELY,NOT APPLICABLE,0,0,0,0,19,3,12,2220,63RD ST,41.886309,-87.579673,12/13/2022 08:04:00 PM,2022
CR00024687,10/06/2020 06:28:00 PM,35,RAIN,DAYLIGHT,SIDESWIPE SAME DIRECTION,FOUR WAY,NO CONTROLS,WEATHER,UNABLE TO DETERMINE,0,0,3,3,18,3,10,295,ELSTON AVE,41.956365,-87.830305,10/06/2020 06:43:00 PM,2020
CR00024688,05/08/2019 04:11:00 PM,40,CLEAR,DUSK,SIDESWIPE SAME DIRECTION,NOT DIVIDED,YIELD,DISTRACTION - FROM INSIDE VEHICLE,UNABLE TO DETERMINE,0,0,0,0,16,4,5,1073,63RD ST,41.954197,-87.570286,05/08/2019 04:59:00 PM,2019
CR00024689,09/19/2024 01:51:00 PM,40,CLOUDY/OVERCAST,DARKNESS - LIGHTED ROAD,TURNING,NOT DIVIDED,TRAFFIC SIGNAL,UNABLE TO DETERMINE,DRIVING SKILLS/KNOWLEDGE/EXPERIENCE,0,0,0,0,13,5,9,749,63RD ST,41.76943,-87.739227,09/19/2024 02:28:00 PM,2024
CR00024690,10/23/2021 01:36:00 PM,30,CLEAR,DARKNESS,TURNING,DIVIDED - W/MEDIAN (NOT RAISED),NO CONTROLS,UNABLE TO DETERMINE,IMPROPER LANE USAGE,0,0,2,2,13,7,10,1681,FULLERTON AVE,41.975392,-87.679594,10/23/2021 03:12:00 PM,2021
CR00024691,04/22/2019 07:27:00 AM,35,CLEAR,DARKNESS,TURNING,DIVIDED - W/MEDIAN (NOT RAISED),STOP SIGN/FLASHER,FOLLOWING TOO CLOSELY,NOT APPLICABLE,0,0,0,0,7,2,4,480,WESTERN AVE,41.977837,-87.72481,04/22/2019 07:31:00 AM,2019
CR00024692,01/27/2018 06:41:00 PM,25,CLOUDY/OVERCAST,DAYLIGHT,ANGLE,NOT DIVIDED,PEDESTRIAN CROSSING SIGN,FAILING TO REDUCE SPEED,FAILING TO REDUCE SPEED,0,0,1,1,18,7,1,1209,WESTERN AVE,41.848813,-87.512569,01/27/2018 07:19:00 PM,2018
CR00024693,09/10/2015 08:30:00 AM,35,CLOUDY/OVERCAST,DAYLIGHT,PARKED MOTOR VEHICLE,NOT DIVIDED,NO CONTROLS,FOLLOWING TOO CLOSELY,FAILING TO REDUCE SPEED,0,0,0,0,8,5,9,2207,OGDEN AVE,41.948481,-87.848554,09/10/2015 08:49:00 AM,2015
CR00024694,01/19/2015 01:52:00 PM,15,CLOUDY/OVERCAST,DAYLIGHT,PEDESTRIAN,FOUR WAY,NO CONTROLS,IMPROPER LANE USAGE,UNABLE TO DETERMINE,1,0,3,4,13,2,1,773,DIVISION ST,41.712101,-87.559327,01/19/2015 02:15:00 PM,2015
CR00024695,03/10/2021 11:10:00 AM,30,CLEAR,DARKNESS,REAR END,FOUR WAY,NO CONTROLS,DISTRACTION - FROM INSIDE VEHICLE,DISTRACTION - FROM INSIDE VEHICLE,0,0,0,0,11,4,3,438,MICHIGAN AVE,41.807792,-87.816356,03/10/2021 12:32:00 PM,2021
CR00024696,12/23/2021 03:11:00 PM,30,CLEAR,DARKNESS - LIGHTED ROAD,TURNING,FOUR WAY,TRAFFIC SIGNAL,UNABLE TO DETERMINE,WEATHER,0,0,0,0,15,5,12,361,ROOSEVELT RD,41.85049,-87.527257,12/23/2021 04:17:00 PM,2021
CR00024697,10/06/2019 10:22:00 AM,15,CLEAR,DAYLIGHT,PARKED MOTOR VEHICLE,NOT DIVIDED,NO CONTROLS,FOLLOWING TOO CLOSELY,NOT APPLICABLE,0,0,3,3,10,1,10,2230,OGDEN AVE,41.902675,-87.532513,10/06/2019 11:31:00 AM,2019
CR00024698,06/14/2023 08:38:00 AM,30,CLOUDY/OVERCAST,DUSK,TURNING,DIVIDED - W/MEDIAN (NOT RAISED),NO CONTROLS,UNABLE TO DETERMINE,NOT APPLICABLE,0,0,0,0,8,4,6,509,ARCHER AVE,41.921645,-87.560273,06/14/2023 09:45:00 AM,2023
CR00024699,09/06/2018 05:02:00 AM,20,CLEAR,DARKNESS - LIGHTED ROAD,REAR END,DIVIDED - W/MEDIAN (NOT RAISED),TRAFFIC SIGNAL,FOLLOWING TOO CLOSELY,IMPROPER OVERTAKING/PASSING,0,0,0,0,5,5,9,1768,WESTERN AVE,41.82338,-87.814373,09/06/2018 06:01:00 AM,2018
CR00024700,12/14/2019 10:35:00 AM,30,CLOUDY/OVERCAST,DUSK,TURNING,FOUR WAY,TRAFFIC SIGNAL,IMPROPER OVERTAKING/PASSING,NOT APPLICABLE,0,0,0,0,10,7,12,257,DAMEN AVE,41.803387,-87.559459,12/14/2019 11:31:00 AM,2019
CR00024701,04/17/2015 08:12:00 PM,30,SNOW,DAYLIGHT,TURNING,NOT DIVIDED,NO CONTROLS,FAILING TO YIELD RIGHT-OF-WAY,FAILING TO YIELD RIGHT-OF-WAY,0,0,0,0,20,6,4,611,ARCHER AVE,41.782413,-87.839605,04/17/2015 08:45:00 PM,2015
CR00024702,02/16/2016 03:09:00 AM,40,FOG/SMOKE/HAZE,DARKNESS - LIGHTED ROAD,SIDESWIPE SAME DIRECTION,NOT DIVIDED,NO CONTROLS,UNABLE TO DETERMINE,NOT APPLICABLE,0,0,0,0,3,3,2,484,HALSTED ST,41.708315,-87.699679,02/16/2016 04:29:00 AM,2016
CR00024703,10/13/2016 10:34:00 PM,35,CLEAR,DAYLIGHT,ANGLE,ONE-WAY,TRAFFIC SIGNAL,DRIVING SKILLS/KNOWLEDGE/EXPERIENCE,FAILING TO YIELD RIGHT-OF-WAY,0,0,1,1,22,5,10,2306,ARCHER AVE,41.837906,-87.706759,10/13/2016 11:04:00 PM,2016
CR00024704,02/26/2015 06:48:00 PM,45,SNOW,DAYLIGHT,TURNING,NOT DIVIDED,NO CONTROLS,DISREGARDING TRAFFIC SIGNALS,DRIVING SKILLS/KNOWLEDGE/EXPERIENCE,0,0,0,0,18,5,2,467,BROADWAY,41.777953,-87.50277,02/26/2015 07:35:00 PM,2015
CR00024705,08/26/2017 05:47:00 PM,30,CLEAR,DAYLIGHT,SIDESWIPE SAME DIRECTION,DIVIDED - W/MEDIAN BARRIER,NO CONTROLS,FAILING TO YIELD RIGHT-OF-WAY,FOLLOWING TOO CLOSELY,0,0,1,1,17,7,8,606,ASHLAND AVE,41.832757,-87.813743,08/26/2017 07:22:00 PM,2017
CR00024706,02/04/2023 12:05:00 PM,25,CLEAR,DARKNESS,FIXED OBJECT,T-INTERSECTION,TRAFFIC SIGNAL,UNABLE TO DETERMINE,DRIVING SKILLS/KNOWLEDGE/EXPERIENCE,0,0,0,0,12,7,2,2098,OGDEN AVE,41.858529,-87.614401,02/04/2023 01:12:00 PM,2023
CR00024707,08/02/2024 07:46:00 AM,40,SNOW,DAYLIGHT,SIDESWIPE SAME DIRECTION,DIVIDED - W/MEDIAN (NOT RAISED),STOP SIGN/FLASHER,UNABLE TO DETERMINE,IMPROPER LANE USAGE,0,0,0,0,7,6,8,1049,ASHLAND AVE,41.726686,-87.821023,08/02/2024 09:39:00 AM,2024
CR00024708,06/19/2016 04:22:00 AM,35,CLEAR,DAYLIGHT,REAR END,ONE-WAY,TRAFFIC SIGNAL,DRIVING SKILLS/KNOWLEDGE/EXPERIENCE,UNABLE TO DETERMINE,0,0,0,0,4,1,6,2152,DAMEN AVE,41.758165,-87.750924,06/19/2016 04:40:00 AM,2016
CR00024709,06/07/2019 06:09:00 AM,35,CLEAR,DAYLIGHT,REAR TO FRONT,NOT DIVIDED,TRAFFIC SIGNAL,IMPROPER LANE USAGE,UNABLE TO DETERMINE,0,0,0,0,6,6,6,2253,BROADWAY,41.99466,-87.756305,06/07/2019 07:54:00 AM,2019
CR00024710,05/17/2015 09:55:00 PM,30,CLEAR,DARKNESS - LIGHTED ROAD,PEDESTRIAN,DIVIDED - W/MEDIAN (NOT RAISED),TRAFFIC SIGNAL,FAILING TO REDUCE SPEED,FOLLOWING TOO CLOSELY,0,1,1,2,21,1,5,2097,LAKE SHORE DR,41.860311,-87.83623,05/17/2015 10:35:00 PM,2015
CR00024711,01/26/2019 09:19:00 PM,35,CLEAR,DAYLIGHT,FIXED OBJECT,ONE-WAY,NO CONTROLS,UNABLE TO DETERMINE,FAILING TO REDUCE SPEED,0,0,0,0,21,7,1,214,WESTERN AVE,41.91832,-87.849164,01/26/2019 09:51:00 PM,2019
CR00024712,09/16/2020 08:10:00 AM,35,CLEAR,DAYLIGHT,REAR END,DIVIDED - W/MEDIAN (NOT RAISED),TRAFFIC SIGNAL,UNABLE TO DETERMINE,FAILING TO YIELD RIGHT-OF-WAY,0,0,0,0,8,4,9,951,DIVISION ST,41.803264,-87.76429,09/16/2020 08:41:00 AM,2020
CR00024713,10/22/2021 02:14:00 AM,35,CLEAR,DUSK,SIDESWIPE SAME DIRECTION,DIVIDED - W/MEDIAN BARRIER,STOP SIGN/FLASHER,FOLLOWING TOO CLOSELY,DRIVING SKILLS/KNOWLEDGE/EXPERIENCE,0,0,0,0,2,6,10,1566,HALSTED ST,41.958471,-87.563889,10/22/2021 03:52:00 AM,2021
CR00024714,07/30/2019 07:30:00 PM,40,CLEAR,DARKNESS - LIGHTED ROAD,PARKED MOTOR VEHICLE,NOT DIVIDED,YIELD,FAILING TO REDUCE SPEED,DRIVING SKILLS/KNOWLEDGE/EXPERIENCE,0,0,0,0,19,3,7,1247,DIVISION ST,41.96128,-87.608323,07/30/2019 08:52:00 PM,2019
CR00024715,02/25/2016 02:25:00 PM,35,SNOW,DARKNESS - LIGHTED ROAD,ANGLE,NOT DIVIDED,NO CONTROLS,DRIVING SKILLS/KNOWLEDGE/EXPERIENCE,NOT APPLICABLE,0,0,0,0,14,5,2,2398,WESTERN AVE,41.778344,-87.599576,02/25/2016 02:57:00 PM,2016
CR00024716,01/04/2019 04:50:00 PM,30,SNOW,DAYLIGHT,FIXED OBJECT,DIVIDED - W/MEDIAN (NOT RAISED),NO CONTROLS,IMPROPER OVERTAKING/PASSING,FOLLOWING TOO CLOSELY,0,0,0,0,16,6,1,2401,BROADWAY,41.731465,-87.663741,01/04/2019 05:35:00 PM,2019
CR00024717,06/15/2022 04:17:00 AM,20,CLEAR,DAYLIGHT,PARKED MOTOR VEHICLE,ONE-WAY,TRAFFIC SIGNAL,UNABLE TO DETERMINE,DISTRACTION - FROM INSIDE VEHICLE,0,0,0,0,4,4,6,1853,STATE ST,41.917922,-87.833974,06/15/2022 05:43:00 AM,2022
CR00024718,05/15/2016 05:44:00 PM,35,RAIN,DARKNESS,PARKED MOTOR VEHICLE,DIVIDED - W/MEDIAN BARRIER,NO CONTROLS,FAILING TO YIELD RIGHT-OF-WAY,NOT APPLICABLE,0,0,0,0,17,1,5,2068,FULLERTON AVE,41.707193,-87.810565,05/15/2016 05:55:00 PM,2016
CR00024719,10/15/2021 11:38:00 AM,30,CLEAR,DARKNESS - LIGHTED ROAD,REAR END,FOUR WAY,TRAFFIC SIGNAL,FAILING TO YIELD RIGHT-OF-WAY,FAILING TO REDUCE SPEED,0,0,0,0,11,6,10,1464,DAMEN AVE,41.933465,-87.739528,10/15/2021 12:08:00 PM,2021
CR00024720,11/25/2017 09:21:00 AM,35,CLEAR,DARKNESS - LIGHTED ROAD,SIDESWIPE SAME DIRECTION,DIVIDED - W/MEDIAN (NOT RAISED),STOP SIGN/FLASHER,DRIVING SKILLS/KNOWLEDGE/EXPERIENCE,FAILING TO REDUCE SPEED,0,0,0,0,9,7,11,1458,DAMEN AVE,41.736729,-87.749417,11/25/2017 09:59:00 AM,2017
CR00024721,04/21/2018 07:04:00 AM,15,FOG/SMOKE/HAZE,DAYLIGHT,SIDESWIPE SAME DIRECTION,NOT DIVIDED,TRAFFIC SIGNAL,FAILING TO REDUCE SPEED,UNABLE TO DETERMINE,0,0,0,0,7,7,4,311,HALSTED ST,41.878628,-87.6047,04/21/2018 08:44:00 AM,2018
CR00024722,06/21/2018 11:03:00 AM,30,CLEAR,DAYLIGHT,PARKED MOTOR VEHICLE,T-INTERSECTION,STOP SIGN/FLASHER,FOLLOWING TOO CLOSELY,FAILING TO REDUCE SPEED,0,0,0,0,11,5,6,156,DAMEN AVE,41.876304,-87.79595,06/21/2018 11:55:00 AM,2018
CR00024723,07/07/2022 11:11:00 AM,35,CLEAR,DARKNESS,ANGLE,ONE-WAY,NO CONTROLS,DISREGARDING TRAFFIC SIGNALS,UNABLE TO DETERMINE,0,0,0,0,11,5,7,568,STATE ST,41.809539,-87.562637,07/07/2022 01:01:00 PM,2022
CR00024724,10/30/2017 10:28:00 AM,45,CLEAR,DAYLIGHT,SIDESWIPE SAME DIRECTION,ONE-WAY,TRAFFIC SIGNAL,UNABLE TO DETERMINE,UNABLE TO DETERMINE,0,0,1,1,10,2,10,1235,47TH ST,41.75156,-87.802136,10/30/2017 11:25:00 AM,2017
CR00024725,10/29/2021 07:20:00 AM,35,CLEAR,DAYLIGHT,PARKED MOTOR VEHICLE,ONE-WAY,TRAFFIC SIGNAL,IMPROPER OVERTAKING/PASSING,NOT APPLICABLE,0,0,0,0,7,6,10,1739,WESTERN AVE,41.779056,-87.847526,10/29/2021 07:46:00 AM,2021
CR00024726,06/01/2015 05:06:00 AM,40,CLEAR,DARKNESS - LIGHTED ROAD,TURNING,DIVIDED - W/MEDIAN BARRIER,TRAFFIC SIGNAL,UNABLE TO DETERMINE,UNABLE TO DETERMINE,0,0,1,1,5,2,6,967,WESTERN AVE,41.887294,-87.6338,06/01/2015 05:21:00 AM,2015
CR00024727,09/29/2023 05:59:00 PM,45,CLOUDY/OVERCAST,DARKNESS,SIDESWIPE SAME DIRECTION,NOT DIVIDED,TRAFFIC SIGNAL,FAILING TO REDUCE SPEED,WEATHER,0,0,0,0,17,6,9,1377,ASHLAND AVE,41.713062,-87.740363,09/29/2023 06:01:00 PM,2023
CR00024728,06/08/2024 08:57:00 PM,45,CLEAR,DARKNESS - LIGHTED ROAD,ANGLE,NOT DIVIDED,STOP SIGN/FLASHER,FOLLOWING TOO CLOSELY,FAILING TO YIELD RIGHT-OF-WAY,0,0,0,0,20,7,6,939,CICERO AVE,41.708373,-87.553454,06/08/2024 09:58:00 PM,2024
CR00024729,02/29/2024 07:12:00 AM,15,CLEAR,DAWN,ANGLE,NOT DIVIDED,STOP SIGN/FLASHER,IMPROPER LANE USAGE,NOT APPLICABLE,0,0,0,0,7,5,2,1243,WESTERN AVE,41.802848,-87.758813,02/29/2024 07:53:00 AM,2024
CR00024730,01/12/2020 08:44:00 AM,30,CLEAR,DAYLIGHT,FIXED OBJECT,DIVIDED - W/MEDIAN (NOT RAISED),TRAFFIC SIGNAL,FAILING TO YIELD RIGHT-OF-WAY,IMPROPER LANE USAGE,0,0,0,0,8,1,1,1892,WESTERN AVE,41.901245,-87.605551,01/12/2020 09:20:00 AM,2020
CR00024731,10/19/2020 04:03:00 AM,25,CLEAR,DARKNESS - LIGHTED ROAD,SIDESWIPE SAME DIRECTION,DIVIDED - W/MEDIAN (NOT RAISED),STOP SIGN/FLASHER,FOLLOWING TOO CLOSELY,FAILING TO YIELD RIGHT-OF-WAY,0,0,0,0,4,2,10,1340,PULASKI RD,41.779359,-87.830185,10/19/2020 05:46:00 AM,2020
CR00024732,12/09/2024 08:50:00 AM,25,CLEAR,DAYLIGHT,SIDESWIPE SAME DIRECTION,ONE-WAY,TRAFFIC SIGNAL,UNABLE TO DETERMINE,UNABLE TO DETERMINE,0,0,0,0,8,2,12,587,STATE ST,41.785118,-87.624919,12/09/2024 10:00:00 AM,2024
CR00024733,12/31/2021 10:32:00 PM,35,CLEAR,DAYLIGHT,PARKED MOTOR VEHICLE,NOT DIVIDED,NO CONTROLS,UNABLE TO DETERMINE,UNABLE TO DETERMINE,0,0,0,0,22,6,12,1026,WESTERN AVE,41.888649,-87.506055,01/01/2022 12:22:00 AM,2021
CR00024734,04/19/2018 06:59:00 PM,30,CLEAR,DAYLIGHT,SIDESWIPE SAME DIRECTION,NOT DIVIDED,TRAFFIC SIGNAL,DISTRACTION - FROM INSIDE VEHICLE,DISREGARDING TRAFFIC SIGNALS,0,0,0,0,18,5,4,925,CLARK ST,41.972293,-87.654725,04/19/2018 07:47:00 PM,2018
CR00024735,07/13/2024 07:33:00 AM,30,RAIN,DAYLIGHT,ANGLE,NOT DIVIDED,NO CONTROLS,IMPROPER LANE USAGE,DISREGARDING TRAFFIC SIGNALS,0,0,0,0,7,7,7,260,ELSTON AVE,41.912569,-87.586577,07/13/2024 08:28:00 AM,2024
CR00024736,03/28/2018 04:21:00 PM,40,RAIN,DAYLIGHT,SIDESWIPE SAME DIRECTION,DIVIDED - W/MEDIAN (NOT RAISED),NO CONTROLS,IMPROPER OVERTAKING/PASSING,IMPROPER LANE USAGE,0,0,0,0,16,4,3,1876,ARCHER AVE,41.951054,-87.644588,03/28/2018 04:40:00 PM,2018
CR00024737,08/21/2019 04:49:00 PM,20,CLEAR,DUSK,REAR END,NOT DIVIDED,NO CONTROLS,FAILING TO YIELD RIGHT-OF-WAY,NOT APPLICABLE,0,0,0,0,16,4,8,2450,OGDEN AVE,41.969489,-87.57463,08/21/2019 04:56:00 PM,2019
CR00024738,08/19/2022 08:20:00 PM,30,CLEAR,DAYLIGHT,ANGLE,DIVIDED - W/MEDIAN BARRIER,STOP SIGN/FLASHER,DISTRACTION - FROM INSIDE VEHICLE,NOT APPLICABLE,0,0,0,0,20,6,8,842,IRVING PARK RD,41.867621,-87.731109,08/19/2022 08:27:00 PM,2022
CR00024739,08/18/2015 04:43:00 PM,35,CLEAR,DUSK,SIDESWIPE SAME DIRECTION,NOT DIVIDED,TRAFFIC SIGNAL,IMPROPER LANE USAGE,UNABLE TO DETERMINE,0,0,0,0,16,3,8,1559,47TH ST,41.992788,-87.774116,08/18/2015 05:02:00 PM,2015
CR00024740,07/01/2021 04:59:00 PM,25,CLEAR,DAYLIGHT,PARKED MOTOR VEHICLE,NOT DIVIDED,UNKNOWN,UNABLE TO DETERMINE,UNABLE TO DETERMINE,0,0,0,0,16,5,7,905,ARCHER AVE,41.955882,-87.790836,07/01/2021 05:02:00 PM,2021
CR00024741,09/15/2024 07:43:00 AM,30,CLEAR,DAYLIGHT,PARKED MOTOR VEHICLE,NOT DIVIDED,UNKNOWN,DISTRACTION - FROM INSIDE VEHICLE,UNABLE TO DETERMINE,0,0,0,0,7,1,9,941,LAKE SHORE DR,41.718385,-87.58698,09/15/2024 08:34:00 AM,2024
CR00024742,10/13/2021 05:05:00 PM,15,CLEAR,DAYLIGHT,REAR TO FRONT,ONE-WAY,NO CONTROLS,DISTRACTION - FROM INSIDE VEHICLE,FAILING TO YIELD RIGHT-OF-WAY,0,0,0,0,17,4,10,637,LAKE SHORE DR,41.85608,-87.730487,10/13/2021 05:23:00 PM,2021
CR00024743,07/22/2019 10:21:00 AM,35,RAIN,DAYLIGHT,ANGLE,DIVIDED - W/MEDIAN (NOT RAISED),NO CONTROLS,UNABLE TO DETERMINE,NOT APPLICABLE,0,0,0,0,10,2,7,910,ROOSEVELT RD,41.98392,-87.634689,07/22/2019 11:11:00 AM,2019
CR00024744,07/08/2019 09:13:00 AM,15,RAIN,DARKNESS - LIGHTED ROAD,REAR END,FOUR WAY,TRAFFIC SIGNAL,FOLLOWING TOO CLOSELY,UNABLE TO DETERMINE,0,0,1,1,9,2,7,2020,47TH ST,41.821562,-87.539703,07/08/2019 11:06:00 AM,2019
CR00024745,02/10/2017 08:17:00 PM,35,SNOW,DAYLIGHT,REAR END,FOUR WAY,PEDESTRIAN CROSSING SIGN,FAILING TO REDUCE SPEED,UNABLE TO DETERMINE,0,0,0,0,20,6,2,887,OGDEN AVE,41.733051,-87.566003,02/10/2017 10:05:00 PM,2017
CR00024746,07/21/2015 08:35:00 AM,30,RAIN,DAYLIGHT,PARKED MOTOR VEHICLE,DIVIDED - W/MEDIAN BARRIER,NO CONTROLS,UNABLE TO DETERMINE,FOLLOWING TOO CLOSELY,0,0,0,0,8,3,7,249,79TH ST,41.933948,-87.589927,07/21/2015 09:43:00 AM,2015
CR00024747,11/30/2022 04:16:00 PM,15,CLEAR,DARKNESS - LIGHTED ROAD,SIDESWIPE SAME DIRECTION,FOUR WAY,NO CONTROLS,FAILING TO YIELD RIGHT-OF-WAY,NOT APPLICABLE,0,0,0,0,16,4,11,1801,KEDZIE AVE,41.80544,-87.795651,11/30/2022 05:08:00 PM,2022
CR00024748,06/21/2022 11:50:00 AM,25,RAIN,DARKNESS - LIGHTED ROAD,TURNING,DIVIDED - W/MEDIAN (NOT RAISED),TRAFFIC SIGNAL,UNABLE TO DETERMINE,FAILING TO REDUCE SPEED,0,0,0,0,11,3,6,878,ARCHER AVE,41.952044,-87.736585,06/21/2022 12:24:00 PM,2022
CR00024749,03/30/2021 04:37:00 PM,25,CLOUDY/OVERCAST,DAYLIGHT,REAR END,DIVIDED - W/MEDIAN BARRIER,TRAFFIC SIGNAL,FAILING TO YIELD RIGHT-OF-WAY,WEATHER,0,0,0,0,16,3,3,558,KEDZIE AVE,41.760705,-87.638529,03/30/2021 06:09:00 PM,2021
CR00024750,11/30/2022 01:49:00 PM,30,CLEAR,DAYLIGHT,PARKED MOTOR VEHICLE,ONE-WAY,NO CONTROLS,UNABLE TO DETERMINE,UNABLE TO DETERMINE,0,0,0,0,13,4,11,1758,47TH ST,41.734769,-87.617333,11/30/2022 03:35:00 PM,2022
CR00024751,10/11/2023 03:16:00 PM,40,CLEAR,DAYLIGHT,SIDESWIPE SAME DIRECTION,NOT DIVIDED,NO CONTROLS,UNABLE TO DETERMINE,DRIVING SKILLS/KNOWLEDGE/EXPERIENCE,0,0,0,0,15,4,10,2367,KEDZIE AVE,41.730632,-87.59764,10/11/2023 04:05:00 PM,2023
CR00024752,05/20/2016 08:30:00 PM,35,CLEAR,DARKNESS - LIGHTED ROAD,REAR END,ONE-WAY,STOP SIGN/FLASHER,IMPROPER OVERTAKING/PASSING,UNABLE TO DETERMINE,0,0,0,0,20,6,5,516,ARCHER AVE,41.717396,-87.579599,05/20/2016 09:19:00 PM,2016
CR00024753,03/02/2024 07:00:00 AM,35,CLEAR,DAYLIGHT,PARKED MOTOR VEHICLE,DIVIDED - W/MEDIAN BARRIER,STOP SIGN/FLASHER,FOLLOWING TOO CLOSELY,DRIVING SKILLS/KNOWLEDGE/EXPERIENCE,0,0,0,0,7,7,3,2033,DAMEN AVE,41.979409,-87.612851,03/02/2024 08:12:00 AM,2024
CR00024754,11/10/2022 07:46:00 AM,30,CLEAR,DARKNESS,REAR END,DIVIDED - W/MEDIAN (NOT RAISED),STOP SIGN/FLASHER,UNABLE TO DETERMINE,UNABLE TO DETERMINE,0,0,0,0,7,5,11,1270,MICHIGAN AVE,41.964534,-87.611882,11/10/2022 08:25:00 AM,2022
CR00024755,01/29/2021 12:36:00 PM,25,CLEAR,DAYLIGHT,SIDESWIPE SAME DIRECTION,DIVIDED - W/MEDIAN BARRIER,TRAFFIC SIGNAL,FOLLOWING TOO CLOSELY,FOLLOWING TOO CLOSELY,0,0,1,1,12,6,1,1936,ARCHER AVE,41.948911,-87.611946,01/29/2021 12:44:00 PM,2021
CR00024756,03/02/2024 03:32:00 AM,45,CLEAR,DAYLIGHT,REAR END,NOT DIVIDED,NO CONTROLS,UNABLE TO DETERMINE,DISTRACTION - FROM INSIDE VEHICLE,0,0,0,0,3,7,3,1793,OGDEN AVE,41.998124,-87.793066,03/02/2024 04:52:00 AM,2024
CR00024757,10/25/2020 03:30:00 AM,40,CLEAR,DAYLIGHT,TURNING,DIVIDED - W/MEDIAN (NOT RAISED),NO CONTROLS,IMPROPER OVERTAKING/PASSING,UNABLE TO DETERMINE,0,0,1,1,3,1,10,1142,STONY ISLAND AVE,41.889645,-87.696164,10/25/2020 03:55:00 AM,2020
CR00024758,04/08/2017 06:00:00 PM,20,CLEAR,DAYLIGHT,TURNING,NOT DIVIDED,STOP SIGN/FLASHER,UNABLE TO DETERMINE,DISREGARDING TRAFFIC SIGNALS,0,0,0,0,18,7,4,1200,63RD ST,41.711338,-87.592108,04/08/2017 06:57:00 PM,2017
CR00024759,01/21/2015 11:49:00 AM,15,RAIN,DAYLIGHT,FIXED OBJECT,NOT DIVIDED,NO CONTROLS,IMPROPER OVERTAKING/PASSING,UNABLE TO DETERMINE,0,0,1,1,11,4,1,2353,CLARK ST,41.929834,-87.540093,01/21/2015 01:45:00 PM,2015
CR00024760,04/05/2018 09:04:00 AM,45,CLEAR,DAYLIGHT,PARKED MOTOR VEHICLE,ONE-WAY,TRAFFIC SIGNAL,UNABLE TO DETERMINE,DISREGARDING TRAFFIC SIGNALS,0,0,0,0,9,5,4,600,HALSTED ST,41.763372,-87.758033,04/05/2018 09:55:00 AM,2018
CR00024761,11/19/2015 05:20:00 PM,35,CLEAR,DARKNESS - LIGHTED ROAD,TURNING,NOT DIVIDED,YIELD,FOLLOWING TOO CLOSELY,FAILING TO YIELD RIGHT-OF-WAY,0,0,0,0,17,5,11,1262,DAMEN AVE,41.855554,-87.640069,11/19/2015 05:54:00 PM,2015
CR00024762,01/14/2023 08:15:00 AM,40,CLEAR,DARKNESS,ANGLE,NOT DIVIDED,NO CONTROLS,UNABLE TO DETERMINE,FOLLOWING TOO CLOSELY,0,0,0,0,8,7,1,1740,HALSTED ST,41.852711,-87.82604,01/14/2023 09:39:00 AM,2023
CR00024763,06/26/2018 03:02:00 PM,30,CLEAR,DAYLIGHT,REAR END,NOT DIVIDED,TRAFFIC SIGNAL,UNABLE TO DETERMINE,FOLLOWING TOO CLOSELY,0,0,1,1,15,3,6,1004,ROOSEVELT RD,41.737666,-87.777204,06/26/2018 04:04:00 PM,2018
CR00024764,04/18/2017 07:38:00 AM,45,CLEAR,DARKNESS,SIDESWIPE SAME DIRECTION,FOUR WAY,NO CONTROLS,UNABLE TO DETERMINE,UNABLE TO DETERMINE,0,0,0,0,7,3,4,515,79TH ST,41.896578,-87.594562,04/18/2017 09:13:00 AM,2017
CR00024765,03/21/2015 07:32:00 PM,30,CLEAR,DAYLIGHT,PARKED MOTOR VEHICLE,DIVIDED - W/MEDIAN (NOT RAISED),NO CONTROLS,FAILING TO YIELD RIGHT-OF-WAY,WEATHER,0,0,0,0,19,7,3,326,47TH ST,41.853451,-87.656137,03/21/2015 07:38:00 PM,2015
CR00024766,06/26/2023 10:52:00 PM,45,CLEAR,DAYLIGHT,SIDESWIPE SAME DIRECTION,ONE-WAY,TRAFFIC SIGNAL,FAILING TO YIELD RIGHT-OF-WAY,IMPROPER LANE USAGE,0,0,1,1,22,2,6,1791,DIVISION ST,41.815321,-87.503228,06/26/2023 10:53:00 PM,2023