CRASH_RECORD_ID,CRASH_DATE,POSTED_SPEED_LIMIT,WEATHER_CONDITION,LIGHTING_CONDITION,FIRST_CRASH_TYPE,TRAFFICWAY_TYPE,TRAFFIC_CONTROL_DEVICE,PRIM_CONTRIBUTORY_CAUSE,SEC_CONTRIBUTORY_CAUSE,INJURIES_FATAL,INJURIES_INCAPACITATING,INJURIES_NON_INCAPACITATING,INJURIES_TOTAL,CRASH_HOUR,CRASH_DAY_OF_WEEK,CRASH_MONTH,BEAT_OF_OCCURRENCE,STREET_NAME,LATITUDE,LONGITUDE,DATE_POLICE_NOTIFIED,year
CR00024767,04/26/2016 03:05:00 PM,30,CLEAR,DAYLIGHT,REAR END,NOT DIVIDED,STOP SIGN/FLASHER,DISTRACTION - FROM INSIDE VEHICLE,UNABLE TO DETERMINE,0,0,0,0,15,3,4,1305,OGDEN AVE,41.896461,-87.770641,04/26/2016 05:01:00 PM,2016
CR00024768,02/23/2020 07:21:00 AM,30,SNOW,DARKNESS,REAR END,DIVIDED - W/MEDIAN (NOT RAISED),UNKNOWN,FOLLOWING TOO CLOSELY,UNABLE TO DETERMINE,0,0,0,0,7,1,2,1541,MICHIGAN AVE,41.827691,-87.765822,02/23/2020 08:39:00 AM,2020
CR00024769,10/20/2017 07:40:00 PM,15,CLEAR,DARKNESS - LIGHTED ROAD,REAR END,NOT DIVIDED,TRAFFIC SIGNAL,WEATHER,DISREGARDING TRAFFIC SIGNALS,0,0,0,0,19,6,10,505,OGDEN AVE,41.940915,-87.510457,10/20/2017 09:27:00 PM,2017
CR00024770,05/08/2022 05:01:00 PM,25,CLEAR,DAYLIGHT,REAR END,ONE-WAY,TRAFFIC SIGNAL,UNABLE TO DETERMINE,FAILING TO REDUCE SPEED,0,0,0,0,17,1,5,224,STONY ISLAND AVE,41.714705,-87.569137,05/08/2022 06:12:00 PM,2022
CR00024771,10/04/2017 03:04:00 AM,15,CLEAR,DAYLIGHT,TURNING,ONE-WAY,STOP SIGN/FLASHER,FOLLOWING TOO CLOSELY,UNABLE TO DETERMINE,0,0,0,0,3,4,10,151,ELSTON AVE,41.787006,-87.796627,10/04/2017 04:44:00 AM,2017
CR00024772,01/23/2018 08:14:00 PM,35,CLEAR,DAYLIGHT,FIXED OBJECT,NOT DIVIDED,NO CONTROLS,DISREGARDING TRAFFIC SIGNALS,FOLLOWING TOO CLOSELY,0,0,2,2,20,3,1,245,CICERO AVE,41.748708,-87.758046,01/23/2018 09:31:00 PM,2018
CR00024773,01/26/2021 07:40:00 AM,30,SNOW,DAYLIGHT,SIDESWIPE SAME DIRECTION,FOUR WAY,TRAFFIC SIGNAL,FAILING TO YIELD RIGHT-OF-WAY,DRIVING SKILLS/KNOWLEDGE/EXPERIENCE,0,0,0,0,7,3,1,2421,ROOSEVELT RD,41.901397,-87.579092,01/26/2021 08:15:00 AM,2021
CR00024774,09/01/2019 07:43:00 PM,30,CLEAR,DAYLIGHT,TURNING,NOT DIVIDED,UNKNOWN,FAILING TO REDUCE SPEED,FOLLOWING TOO CLOSELY,0,0,0,0,19,1,9,1800,STONY ISLAND AVE,41.901724,-87.564437,09/01/2019 08:05:00 PM,2019
CR00024775,11/09/2018 10:45:00 AM,20,CLEAR,DAYLIGHT,REAR TO FRONT,NOT DIVIDED,STOP SIGN/FLASHER,FOLLOWING TOO CLOSELY,FOLLOWING TOO CLOSELY,0,0,0,0,10,6,11,809,79TH ST,41.936304,-87.673307,11/09/2018 11:00:00 AM,2018
CR00024776,06/20/2017 12:35:00 PM,20,FOG/SMOKE/HAZE,DAYLIGHT,PARKED MOTOR VEHICLE,DIVIDED - W/MEDIAN BARRIER,NO CONTROLS,IMPROPER OVERTAKING/PASSING,FOLLOWING TOO CLOSELY,0,0,0,0,12,3,6,2506,STATE ST,41.762003,-87.566905,06/20/2017 01:42:00 PM,2017
CR00024777,11/16/2021 04:58:00 PM,20,CLOUDY/OVERCAST,DAYLIGHT,ANGLE,ONE-WAY,NO CONTROLS,DRIVING SKILLS/KNOWLEDGE/EXPERIENCE,NOT APPLICABLE,0,0,0,0,16,3,11,1161,OGDEN AVE,41.733086,-87.677491,11/16/2021 06:49:00 PM,2021
CR00024778,04/20/2016 07:00:00 AM,30,CLEAR,DARKNESS - LIGHTED ROAD,SIDESWIPE SAME DIRECTION,NOT DIVIDED,TRAFFIC SIGNAL,FAILING TO YIELD RIGHT-OF-WAY,UNABLE TO DETERMINE,0,0,0,0,7,4,4,1056,79TH ST,41.833441,-87.517593,04/20/2016 08:33:00 AM,2016
CR00024779,03/15/2015 04:02:00 PM,35,CLEAR,DAYLIGHT,PARKED MOTOR VEHICLE,T-INTERSECTION,NO CONTROLS,UNABLE TO DETERMINE,NOT APPLICABLE,0,0,0,0,16,1,3,2356,KEDZIE AVE,41.713187,-87.748956,03/15/2015 05:09:00 PM,2015
CR00024780,12/24/2020 03:01:00 PM,15,RAIN,DAYLIGHT,REAR END,ONE-WAY,TRAFFIC SIGNAL,UNABLE TO DETERMINE,UNABLE TO DETERMINE,0,0,0,0,15,5,12,403,OGDEN AVE,41.731835,-87.791259,12/24/2020 04:57:00 PM,2020
CR00024781,05/24/2017 07:16:00 AM,30,CLEAR,DARKNESS - LIGHTED ROAD,REAR END,NOT DIVIDED,NO CONTROLS,UNABLE TO DETERMINE,IMPROPER LANE USAGE,0,0,0,0,7,4,5,1049,KEDZIE AVE,41.893354,-87.786198,05/24/2017 07:44:00 AM,2017
CR00024782,03/06/2022 03:53:00 PM,30,CLEAR,DAYLIGHT,PARKED MOTOR VEHICLE,NOT DIVIDED,NO CONTROLS,UNABLE TO DETERMINE,DRIVING SKILLS/KNOWLEDGE/EXPERIENCE,0,0,0,0,15,1,3,691,PULASKI RD,41.801849,-87.519382,03/06/2022 04:00:00 PM,2022
CR00024783,03/25/2021 12:48:00 PM,30,CLEAR,DARKNESS,REAR END,DIVIDED - W/MEDIAN (NOT RAISED),STOP SIGN/FLASHER,UNABLE TO DETERMINE,NOT APPLICABLE,0,0,0,0,12,5,3,1265,ASHLAND AVE,41.781484,-87.688985,03/25/2021 01:22:00 PM,2021
CR00024784,01/27/2023 08:35:00 AM,25,CLEAR,DARKNESS - LIGHTED ROAD,REAR END,NOT DIVIDED,NO CONTROLS,FOLLOWING TOO CLOSELY,FAILING TO REDUCE SPEED,0,0,0,0,8,6,1,2464,LAKE SHORE DR,41.990093,-87.612874,01/27/2023 10:04:00 AM,2023
CR00024785,03/27/2016 11:14:00 PM,20,CLEAR,DARKNESS - LIGHTED ROAD,REAR TO FRONT,DIVIDED - W/MEDIAN (NOT RAISED),NO CONTROLS,FAILING TO YIELD RIGHT-OF-WAY,UNABLE TO DETERMINE,0,0,0,0,23,1,3,1812,ASHLAND AVE,41.76109,-87.657321,03/28/2016 12:12:00 AM,2016
CR00024786,08/09/2019 03:33:00 PM,35,CLEAR,DAYLIGHT,TURNING,NOT DIVIDED,TRAFFIC SIGNAL,DISTRACTION - FROM INSIDE VEHICLE,DISTRACTION - FROM INSIDE VEHICLE,0,0,0,0,15,6,8,2172,CALIFORNIA AVE,41.868558,-87.759101,08/09/2019 04:26:00 PM,2019
CR00024787,10/03/2021 04:01:00 AM,20,CLEAR,DAYLIGHT,ANGLE,ONE-WAY,NO CONTROLS,FOLLOWING TOO CLOSELY,IMPROPER LANE USAGE,0,0,0,0,4,1,10,436,KEDZIE AVE,41.887084,-87.506794,10/03/2021 04:35:00 AM,2021
CR00024788,06/18/2015 12:01:00 PM,15,CLEAR,DAYLIGHT,ANGLE,ONE-WAY,TRAFFIC SIGNAL,FOLLOWING TOO CLOSELY,FOLLOWING TOO CLOSELY,0,0,0,0,12,5,6,1327,LAKE SHORE DR,41.822297,-87.552421,06/18/2015 01:42:00 PM,2015
CR00024789,08/31/2020 03:38:00 PM,25,CLEAR,DAYLIGHT,ANGLE,T-INTERSECTION,TRAFFIC SIGNAL,UNABLE TO DETERMINE,UNABLE TO DETERMINE,0,0,0,0,15,2,8,2056,WESTERN AVE,41.880559,-87.654752,08/31/2020 04:07:00 PM,2020
CR00024790,07/10/2021 04:40:00 PM,25,CLEAR,DUSK,TURNING,NOT DIVIDED,STOP SIGN/FLASHER,FOLLOWING TOO CLOSELY,NOT APPLICABLE,0,0,0,0,16,7,7,2282,MICHIGAN AVE,41.761706,-87.593249,07/10/2021 05:18:00 PM,2021
CR00024791,03/11/2019 02:57:00 AM,30,CLEAR,DARKNESS - LIGHTED ROAD,REAR END,DIVIDED - W/MEDIAN (NOT RAISED),STOP SIGN/FLASHER,FAILING TO YIELD RIGHT-OF-WAY,FAILING TO YIELD RIGHT-OF-WAY,0,0,1,1,2,2,3,114,MICHIGAN AVE,41.76998,-87.549808,03/11/2019 04:16:00 AM,2019
CR00024792,09/22/2018 04:48:00 AM,30,CLEAR,DUSK,REAR END,NOT DIVIDED,NO CONTROLS,UNABLE TO DETERMINE,DISTRACTION - FROM INSIDE VEHICLE,0,0,0,0,4,7,9,2355,CLARK ST,41.877343,-87.830674,09/22/2018 04:57:00 AM,2018
CR00024793,08/30/2019 05:21:00 PM,30,CLEAR,DARKNESS - LIGHTED ROAD,REAR TO FRONT,DIVIDED - W/MEDIAN (NOT RAISED),TRAFFIC SIGNAL,UNABLE TO DETERMINE,NOT APPLICABLE,0,0,0,0,17,6,8,2068,LAKE SHORE DR,41.936772,-87.533729,08/30/2019 05:45:00 PM,2019
CR00024794,12/13/2018 11:51:00 AM,45,CLOUDY/OVERCAST,DAYLIGHT,REAR END,DIVIDED - W/MEDIAN BARRIER,STOP SIGN/FLASHER,UNABLE TO DETERMINE,DISTRACTION - FROM INSIDE VEHICLE,0,0,0,0,11,5,12,324,STONY ISLAND AVE,41.879309,-87.682098,12/13/2018 12:09:00 PM,2018
CR00024795,02/21/2015 06:32:00 PM,25,CLEAR,DAYLIGHT,ANGLE,NOT DIVIDED,TRAFFIC SIGNAL,DRIVING SKILLS/KNOWLEDGE/EXPERIENCE,UNABLE TO DETERMINE,0,0,0,0,18,7,2,1410,STONY ISLAND AVE,41.908488,-87.827369,02/21/2015 07:54:00 PM,2015
CR00024796,03/21/2017 05:59:00 PM,40,CLEAR,DAYLIGHT,REAR END,FOUR WAY,NO CONTROLS,IMPROPER LANE USAGE,DISTRACTION - FROM INSIDE VEHICLE,0,0,0,0,17,3,3,351,DAMEN AVE,41.869286,-87.562587,03/21/2017 07:46:00 PM,2017
CR00024797,09/01/2024 08:07:00 AM,30,FOG/SMOKE/HAZE,DARKNESS - LIGHTED ROAD,PARKED MOTOR VEHICLE,NOT DIVIDED,NO CONTROLS,UNABLE TO DETERMINE,UNABLE TO DETERMINE,0,0,0,0,8,1,9,1263,OGDEN AVE,41.994576,-87.705311,09/01/2024 09:38:00 AM,2024
CR00024798,04/21/2021 01:46:00 PM,35,CLEAR,DARKNESS,REAR TO FRONT,DIVIDED - W/MEDIAN BARRIER,TRAFFIC SIGNAL,UNABLE TO DETERMINE,UNABLE TO DETERMINE,0,0,2,2,13,4,4,264,ASHLAND AVE,41.970445,-87.808513,04/21/2021 02:48:00 PM,2021
CR00024799,11/18/2015 09:34:00 AM,15,SNOW,DAYLIGHT,SIDESWIPE SAME DIRECTION,FOUR WAY,UNKNOWN,FAILING TO YIELD RIGHT-OF-WAY,DISTRACTION - FROM INSIDE VEHICLE,0,0,0,0,9,4,11,738,WESTERN AVE,41.97439,-87.502146,11/18/2015 11:08:00 AM,2015
CR00024800,10/01/2016 03:07:00 PM,30,CLEAR,DAYLIGHT,TURNING,ONE-WAY,NO CONTROLS,DRIVING SKILLS/KNOWLEDGE/EXPERIENCE,FOLLOWING TOO CLOSELY,0,0,0,0,15,7,10,1029,DAMEN AVE,41.848718,-87.804101,10/01/2016 03:48:00 PM,2016
CR00024801,11/27/2019 03:09:00 PM,35,FOG/SMOKE/HAZE,DAYLIGHT,PARKED MOTOR VEHICLE,NOT DIVIDED,UNKNOWN,FAILING TO YIELD RIGHT-OF-WAY,FOLLOWING TOO CLOSELY,0,0,0,0,15,4,11,2334,FULLERTON AVE,41.877408,-87.545556,11/27/2019 03:20:00 PM,2019
CR00024802,05/26/2018 10:28:00 PM,20,CLEAR,DAYLIGHT,ANGLE,NOT DIVIDED,TRAFFIC SIGNAL,FAILING TO YIELD RIGHT-OF-WAY,FOLLOWING TOO CLOSELY,0,0,0,0,22,7,5,203,HALSTED ST,41.887063,-87.641423,05/26/2018 11:23:00 PM,2018
CR00024803,06/08/2016 05:18:00 AM,20,CLEAR,DAYLIGHT,PARKED MOTOR VEHICLE,DIVIDED - W/MEDIAN BARRIER,NO CONTROLS,FAILING TO REDUCE SPEED,WEATHER,0,0,0,0,5,4,6,1658,79TH ST,41.727867,-87.56774,06/08/2016 06:36:00 AM,2016
CR00024804,06/30/2024 07:33:00 AM,45,RAIN,DARKNESS,SIDESWIPE SAME DIRECTION,ONE-WAY,NO CONTROLS,UNABLE TO DETERMINE,NOT APPLICABLE,0,0,1,1,7,1,6,575,PULASKI RD,41.889683,-87.509719,06/30/2024 07:35:00 AM,2024
CR00024805,02/02/2021 04:37:00 PM,20,CLEAR,DARKNESS,ANGLE,NOT DIVIDED,NO CONTROLS,FAILING TO YIELD RIGHT-OF-WAY,FAILING TO YIELD RIGHT-OF-WAY,0,0,0,0,16,3,2,2302,STONY ISLAND AVE,41.726616,-87.708164,02/02/2021 06:18:00 PM,2021
CR00024806,02/06/2017 01:58:00 PM,30,CLEAR,DAYLIGHT,PARKED MOTOR VEHICLE,ONE-WAY,STOP SIGN/FLASHER,UNABLE TO DETERMINE,DISREGARDING TRAFFIC SIGNALS,0,0,0,0,13,2,2,1575,STONY ISLAND AVE,41.922003,-87.596942,02/06/2017 03:33:00 PM,2017
CR00024807,03/19/2019 01:23:00 AM,40,FREEZING RAIN/DRIZZLE,DUSK,TURNING,ONE-WAY,NO CONTROLS,UNABLE TO DETERMINE,UNABLE TO DETERMINE,0,0,0,0,1,3,3,2268,79TH ST,41.933918,-87.578031,03/19/2019 02:21:00 AM,2019
CR00024808,11/24/2017 04:44:00 PM,15,CLEAR,DAYLIGHT,REAR END,DIVIDED - W/MEDIAN (NOT RAISED),STOP SIGN/FLASHER,UNABLE TO DETERMINE,NOT APPLICABLE,0,0,0,0,16,6,11,1239,IRVING PARK RD,41.734156,-87.71608,11/24/2017 05:28:00 PM,2017
CR00024809,03/15/2016 12:56:00 AM,25,RAIN,DAWN,TURNING,FOUR WAY,NO CONTROLS,UNABLE TO DETERMINE,FOLLOWING TOO CLOSELY,0,0,0,0,0,3,3,722,79TH ST,41.957261,-87.667822,03/15/2016 01:58:00 AM,2016
CR00024810,07/02/2020 05:27:00 PM,30,CLEAR,DAYLIGHT,TURNING,FOUR WAY,NO CONTROLS,FAILING TO YIELD RIGHT-OF-WAY,FOLLOWING TOO CLOSELY,0,0,0,0,17,5,7,2095,CLARK ST,41.725501,-87.50309,07/02/2020 05:44:00 PM,2020
CR00024811,01/05/2018 05:20:00 PM,35,CLEAR,DAYLIGHT,TURNING,FOUR WAY,STOP SIGN/FLASHER,UNABLE TO DETERMINE,DISREGARDING TRAFFIC SIGNALS,0,0,0,0,17,6,1,229,CALIFORNIA AVE,41.884063,-87.757054,01/05/2018 05:51:00 PM,2018
CR00024812,10/13/2019 10:19:00 PM,40,CLEAR,DUSK,REAR END,DIVIDED - W/MEDIAN BARRIER,UNKNOWN,FOLLOWING TOO CLOSELY,IMPROPER OVERTAKING/PASSING,0,1,0,1,22,1,10,2173,MILWAUKEE AVE,41.817282,-87.689588,10/13/2019 11:29:00 PM,2019
CR00024813,12/10/2022 04:37:00 PM,45,CLOUDY/OVERCAST,DAYLIGHT,SIDESWIPE SAME DIRECTION,DIVIDED - W/MEDIAN BARRIER,TRAFFIC SIGNAL,FOLLOWING TOO CLOSELY,NOT APPLICABLE,0,0,0,0,16,7,12,1621,WESTERN AVE,41.777168,-87.750598,12/10/2022 05:46:00 PM,2022
CR00024814,08/30/2020 08:46:00 AM,15,CLEAR,DAYLIGHT,PARKED MOTOR VEHICLE,NOT DIVIDED,TRAFFIC SIGNAL,UNABLE TO DETERMINE,DRIVING SKILLS/KNOWLEDGE/EXPERIENCE,0,0,0,0,8,1,8,2262,DAMEN AVE,41.899836,-87.678162,08/30/2020 08:47:00 AM,2020
CR00024815,05/25/2020 07:31:00 AM,40,CLEAR,DAYLIGHT,PEDESTRIAN,DIVIDED - W/MEDIAN (NOT RAISED),NO CONTROLS,IMPROPER OVERTAKING/PASSING,DISTRACTION - FROM INSIDE VEHICLE,0,0,0,0,7,2,5,1047,OGDEN AVE,41.891677,-87.826286,05/25/2020 09:13:00 AM,2020
CR00024816,07/24/2023 03:04:00 PM,30,CLEAR,DAYLIGHT,SIDESWIPE SAME DIRECTION,DIVIDED - W/MEDIAN (NOT RAISED),STOP SIGN/FLASHER,FAILING TO YIELD RIGHT-OF-WAY,UNABLE TO DETERMINE,0,0,0,0,15,2,7,516,CALIFORNIA AVE,41.739819,-87.810414,07/24/2023 04:36:00 PM,2023
CR00024817,12/20/2017 02:41:00 PM,40,CLEAR,DARKNESS - LIGHTED ROAD,SIDESWIPE SAME DIRECTION,ONE-WAY,STOP SIGN/FLASHER,FAILING TO YIELD RIGHT-OF-WAY,DRIVING SKILLS/KNOWLEDGE/EXPERIENCE,0,0,0,0,14,4,12,392,FULLERTON AVE,41.787978,-87.69736,12/20/2017 03:20:00 PM,2017
CR00024818,02/27/2016 04:09:00 PM,30,CLEAR,DAYLIGHT,REAR TO FRONT,NOT DIVIDED,NO CONTROLS,DRIVING SKILLS/KNOWLEDGE/EXPERIENCE,NOT APPLICABLE,0,0,0,0,16,7,2,1570,STONY ISLAND AVE,41.929345,-87.680061,02/27/2016 05:07:00 PM,2016
CR00024819,07/26/2023 06:24:00 AM,30,FREEZING RAIN/DRIZZLE,DAYLIGHT,PEDESTRIAN,T-INTERSECTION,TRAFFIC SIGNAL,UNABLE TO DETERMINE,FOLLOWING TOO CLOSELY,0,1,3,4,6,4,7,989,WESTERN AVE,41.723268,-87.800949,07/26/2023 07:59:00 AM,2023
CR00024820,09/16/2015 06:57:00 PM,25,CLEAR,DARKNESS,REAR END,DIVIDED - W/MEDIAN (NOT RAISED),TRAFFIC SIGNAL,UNABLE TO DETERMINE,FAILING TO YIELD RIGHT-OF-WAY,0,0,0,0,18,4,9,567,HALSTED ST,41.973206,-87.719946,09/16/2015 08:54:00 PM,2015
CR00024821,06/02/2017 11:41:00 AM,35,CLEAR,DAYLIGHT,ANGLE,ONE-WAY,NO CONTROLS,FAILING TO YIELD RIGHT-OF-WAY,FAILING TO YIELD RIGHT-OF-WAY,0,0,0,0,11,6,6,1375,DIVISION ST,41.976211,-87.757274,06/02/2017 12:27:00 PM,2017
CR00024822,04/12/2020 07:23:00 AM,40,CLEAR,DARKNESS,SIDESWIPE SAME DIRECTION,DIVIDED - W/MEDIAN (NOT RAISED),STOP SIGN/FLASHER,UNABLE TO DETERMINE,DISTRACTION - FROM INSIDE VEHICLE,0,0,0,0,7,1,4,1773,DIVISION ST,41.869685,-87.768781,04/12/2020 09:12:00 AM,2020
CR00024823,09/09/2023 06:21:00 PM,30,CLEAR,DAYLIGHT,PEDESTRIAN,T-INTERSECTION,TRAFFIC SIGNAL,IMPROPER LANE USAGE,FOLLOWING TOO CLOSELY,0,0,0,0,18,7,9,1270,MICHIGAN AVE,41.919739,-87.550198,09/09/2023 07:57:00 PM,2023
CR00024824,12/23/2018 03:22:00 AM,25,CLOUDY/OVERCAST,DARKNESS - LIGHTED ROAD,TURNING,NOT DIVIDED,NO CONTROLS,FAILING TO YIELD RIGHT-OF-WAY,NOT APPLICABLE,0,1,3,4,3,1,12,1874,CALIFORNIA AVE,41.80577,-87.662867,12/23/2018 04:13:00 AM,2018
CR00024825,07/29/2017 01:52:00 AM,15,CLEAR,DAYLIGHT,PEDESTRIAN,FOUR WAY,UNKNOWN,FAILING TO YIELD RIGHT-OF-WAY,FOLLOWING TOO CLOSELY,0,0,0,0,1,7,7,2169,MILWAUKEE AVE,41.702572,-87.691926,07/29/2017 02:51:00 AM,2017
CR00024826,11/17/2024 04:26:00 AM,25,CLOUDY/OVERCAST,DUSK,REAR END,FOUR WAY,NO CONTROLS,FAILING TO YIELD RIGHT-OF-WAY,UNABLE TO DETERMINE,0,0,0,0,4,1,11,1927,MICHIGAN AVE,41.988795,-87.507698,11/17/2024 04:54:00 AM,2024
CR00024827,01/21/2016 02:15:00 AM,20,CLEAR,DAWN,ANGLE,FOUR WAY,TRAFFIC SIGNAL,IMPROPER LANE USAGE,WEATHER,0,0,0,0,2,5,1,949,ROOSEVELT RD,41.863066,-87.594509,01/21/2016 02:53:00 AM,2016
CR00024828,01/22/2015 02:28:00 AM,30,CLEAR,DARKNESS - LIGHTED ROAD,REAR TO FRONT,NOT DIVIDED,TRAFFIC SIGNAL,FAILING TO YIELD RIGHT-OF-WAY,UNABLE TO DETERMINE,0,0,0,0,2,5,1,914,BROADWAY,41.772201,-87.595765,01/22/2015 03:23:00 AM,2015
CR00024829,03/13/2018 07:20:00 PM,30,RAIN,DARKNESS - LIGHTED ROAD,ANGLE,DIVIDED - W/MEDIAN (NOT RAISED),NO CONTROLS,UNABLE TO DETERMINE,FOLLOWING TOO CLOSELY,0,0,0,0,19,3,3,391,DIVISION ST,41.9747,-87.583328,03/13/2018 07:37:00 PM,2018
CR00024830,07/21/2020 03:34:00 PM,15,CLEAR,DAYLIGHT,SIDESWIPE SAME DIRECTION,NOT DIVIDED,NO CONTROLS,IMPROPER OVERTAKING/PASSING,FOLLOWING TOO CLOSELY,0,0,0,0,15,3,7,2533,ASHLAND AVE,41.93494,-87.73488,07/21/2020 04:55:00 PM,2020
CR00024831,12/29/2020 08:24:00 PM,35,CLEAR,DARKNESS - LIGHTED ROAD,PARKED MOTOR VEHICLE,DIVIDED - W/MEDIAN BARRIER,STOP SIGN/FLASHER,DISTRACTION - FROM INSIDE VEHICLE,NOT APPLICABLE,0,0,1,1,20,3,12,1800,ELSTON AVE,41.974721,-87.735991,12/29/2020 10:18:00 PM,2020
CR00024832,12/29/2020 09:54:00 PM,30,CLEAR,DARKNESS,REAR TO FRONT,ONE-WAY,TRAFFIC SIGNAL,UNABLE TO DETERMINE,IMPROPER LANE USAGE,0,0,0,0,21,3,12,846,PULASKI RD,41.927623,-87.76924,12/29/2020 10:15:00 PM,2020
CR00024833,11/17/2023 07:42:00 AM,25,CLOUDY/OVERCAST,DAYLIGHT,SIDESWIPE SAME DIRECTION,T-INTERSECTION,STOP SIGN/FLASHER,UNABLE TO DETERMINE,UNABLE TO DETERMINE,0,0,0,0,7,6,11,1218,STONY ISLAND AVE,41.9869,-87.803686,11/17/2023 08:46:00 AM,2023
CR00024834,08/05/2020 11:22:00 AM,30,CLEAR,DAYLIGHT,REAR END,DIVIDED - W/MEDIAN (NOT RAISED),NO CONTROLS,FAILING TO YIELD RIGHT-OF-WAY,UNABLE TO DETERMINE,0,0,2,2,11,4,8,1222,79TH ST,41.905749,-87.61585,08/05/2020 11:40:00 AM,2020
CR00024835,05/15/2017 02:57:00 AM,20,CLEAR,DAYLIGHT,SIDESWIPE SAME DIRECTION,FOUR WAY,STOP SIGN/FLASHER,FAILING TO YIELD RIGHT-OF-WAY,NOT APPLICABLE,0,0,0,0,2,2,5,1745,OGDEN AVE,41.989216,-87.7892,05/15/2017 04:27:00 AM,2017
CR00024836,11/07/2018 10:55:00 PM,25,SNOW,DARKNESS - LIGHTED ROAD,REAR END,T-INTERSECTION,NO CONTROLS,UNABLE TO DETERMINE,IMPROPER LANE USAGE,0,0,0,0,22,4,11,1550,STONY ISLAND AVE,41.908761,-87.745046,11/07/2018 11:05:00 PM,2018
CR00024837,10/21/2017 04:38:00 PM,30,CLEAR,DARKNESS - LIGHTED ROAD,SIDESWIPE SAME DIRECTION,NOT DIVIDED,NO CONTROLS,FAILING TO YIELD RIGHT-OF-WAY,UNABLE TO DETERMINE,0,0,0,0,16,7,10,560,HALSTED ST,41.787347,-87.76099,10/21/2017 06:04:00 PM,2017
CR00024838,02/17/2015 12:25:00 PM,45,CLOUDY/OVERCAST,DARKNESS - LIGHTED ROAD,REAR END,DIVIDED - W/MEDIAN (NOT RAISED),NO CONTROLS,FOLLOWING TOO CLOSELY,DISREGARDING TRAFFIC SIGNALS,0,0,0,0,12,3,2,2036,ASHLAND AVE,41.717704,-87.805974,02/17/2015 02:02:00 PM,2015
CR00024839,03/03/2020 07:16:00 PM,30,CLEAR,DAYLIGHT,ANGLE,NOT DIVIDED,NO CONTROLS,DISTRACTION - FROM INSIDE VEHICLE,NOT APPLICABLE,0,0,0,0,19,3,3,525,PULASKI RD,41.905791,-87.768415,03/03/2020 08:42:00 PM,2020
CR00024840,04/07/2015 08:51:00 AM,15,RAIN,DAYLIGHT,SIDESWIPE SAME DIRECTION,DIVIDED - W/MEDIAN (NOT RAISED),NO CONTROLS,UNABLE TO DETERMINE,NOT APPLICABLE,0,0,0,0,8,3,4,2347,KEDZIE AVE,41.768209,-87.511326,04/07/2015 09:21:00 AM,2015
CR00024841,01/06/2019 10:06:00 PM,40,CLEAR,DAYLIGHT,TURNING,NOT DIVIDED,NO CONTROLS,DISTRACTION - FROM INSIDE VEHICLE,DISTRACTION - FROM INSIDE VEHICLE,0,0,0,0,22,1,1,2288,STATE ST,41.91298,-87.846748,01/06/2019 10:52:00 PM,2019
CR00024842,12/30/2015 01:06:00 PM,45,CLEAR,DARKNESS,TURNING,NOT DIVIDED,STOP SIGN/FLASHER,UNABLE TO DETERMINE,UNABLE TO DETERMINE,0,0,0,0,13,4,12,560,CLARK ST,41.940105,-87.814683,12/30/2015 02:52:00 PM,2015
CR00024843,05/13/2022 07:29:00 AM,30,CLEAR,DAYLIGHT,SIDESWIPE SAME DIRECTION,NOT DIVIDED,NO CONTROLS,DISTRACTION - FROM INSIDE VEHICLE,NOT APPLICABLE,0,0,0,0,7,6,5,1813,63RD ST,41.798186,-87.50911,05/13/2022 07:43:00 AM,2022
CR00024844,05/15/2020 04:55:00 PM,30,CLEAR,DAYLIGHT,FIXED OBJECT,NOT DIVIDED,STOP SIGN/FLASHER,FOLLOWING TOO CLOSELY,DRIVING SKILLS/KNOWLEDGE/EXPERIENCE,0,0,0,0,16,6,5,1888,ELSTON AVE,41.82097,-87.827649,05/15/2020 06:06:00 PM,2020
CR00024845,06/18/2021 07:15:00 PM,40,CLEAR,DARKNESS - LIGHTED ROAD,SIDESWIPE SAME DIRECTION,ONE-WAY,STOP SIGN/FLASHER,IMPROPER OVERTAKING/PASSING,DISREGARDING TRAFFIC SIGNALS,0,0,2,2,19,6,6,223,BROADWAY,41.967499,-87.696541,06/18/2021 09:04:00 PM,2021
CR00024846,05/21/2016 03:13:00 PM,45,CLEAR,DARKNESS - LIGHTED ROAD,SIDESWIPE SAME DIRECTION,T-INTERSECTION,NO CONTROLS,FAILING TO YIELD RIGHT-OF-WAY,IMPROPER LANE USAGE,0,0,0,0,15,7,5,821,STONY ISLAND AVE,41.902137,-87.630648,05/21/2016 04:34:00 PM,2016
CR00024847,10/31/2017 12:53:00 PM,45,CLEAR,DAYLIGHT,REAR END,DIVIDED - W/MEDIAN (NOT RAISED),NO CONTROLS,FAILING TO YIELD RIGHT-OF-WAY,FOLLOWING TOO CLOSELY,0,0,0,0,12,3,10,760,STONY ISLAND AVE,41.965212,-87.519609,10/31/2017 01:07:00 PM,2017
CR00024848,05/25/2021 06:39:00 PM,25,CLEAR,DAYLIGHT,REAR END,NOT DIVIDED,STOP SIGN/FLASHER,DISTRACTION - FROM INSIDE VEHICLE,FOLLOWING TOO CLOSELY,0,0,0,0,18,3,5,1673,ARCHER AVE,41.974565,-87.600579,05/25/2021 07:11:00 PM,2021