CRASH_RECORD_ID,CRASH_DATE,POSTED_SPEED_LIMIT,WEATHER_CONDITION,LIGHTING_CONDITION,FIRST_CRASH_TYPE,TRAFFICWAY_TYPE,TRAFFIC_CONTROL_DEVICE,PRIM_CONTRIBUTORY_CAUSE,SEC_CONTRIBUTORY_CAUSE,INJURIES_FATAL,INJURIES_INCAPACITATING,INJURIES_NON_INCAPACITATING,INJURIES_TOTAL,CRASH_HOUR,CRASH_DAY_OF_WEEK,CRASH_MONTH,BEAT_OF_OCCURRENCE,STREET_NAME,LATITUDE,LONGITUDE,DATE_POLICE_NOTIFIED,year
CR00024849,04/21/2024 10:00:00 AM,40,CLEAR,DAYLIGHT,REAR END,NOT DIVIDED,TRAFFIC SIGNAL,UNABLE TO DETERMINE,FAILING TO REDUCE SPEED,0,0,0,0,10,1,4,926,HALSTED ST,41.926062,-87.798504,04/21/2024 10:36:00 AM,2024
CR00024850,11/15/2015 05:43:00 PM,20,CLEAR,DAYLIGHT,SIDESWIPE SAME DIRECTION,ONE-WAY,STOP SIGN/FLASHER,IMPROPER OVERTAKING/PASSING,DISTRACTION - FROM INSIDE VEHICLE,0,0,0,0,17,1,11,968,KEDZIE AVE,41.741315,-87.708342,11/15/2015 06:42:00 PM,2015
CR00024851,10/27/2015 04:35:00 PM,30,CLEAR,DAYLIGHT,TURNING,DIVIDED - W/MEDIAN (NOT RAISED),TRAFFIC SIGNAL,UNABLE TO DETERMINE,UNABLE TO DETERMINE,0,0,0,0,16,3,10,1300,BROADWAY,41.973047,-87.724313,10/27/2015 06:33:00 PM,2015
CR00024852,10/07/2023 02:10:00 PM,25,CLEAR,DAYLIGHT,TURNING,DIVIDED - W/MEDIAN (NOT RAISED),TRAFFIC SIGNAL,DISREGARDING TRAFFIC SIGNALS,NOT APPLICABLE,0,0,0,0,14,7,10,1703,CLARK ST,41.867221,-87.590081,10/07/2023 04:09:00 PM,2023
CR00024853,03/17/2021 06:10:00 PM,35,CLEAR,DARKNESS,SIDESWIPE SAME DIRECTION,NOT DIVIDED,STOP SIGN/FLASHER,FOLLOWING TOO CLOSELY,FAILING TO YIELD RIGHT-OF-WAY,0,0,0,0,18,4,3,767,79TH ST,41.912481,-87.764194,03/17/2021 07:38:00 PM,2021
CR00024854,10/19/2023 11:22:00 AM,20,CLEAR,DARKNESS - LIGHTED ROAD,SIDESWIPE SAME DIRECTION,DIVIDED - W/MEDIAN BARRIER,NO CONTROLS,FOLLOWING TOO CLOSELY,UNABLE TO DETERMINE,0,0,1,1,11,5,10,2113,KEDZIE AVE,41.71909,-87.651354,10/19/2023 12:29:00 PM,2023
CR00024855,12/01/2019 02:02:00 PM,30,CLEAR,DAYLIGHT,TURNING,NOT DIVIDED,NO CONTROLS,FOLLOWING TOO CLOSELY,DISTRACTION - FROM INSIDE VEHICLE,0,0,3,3,14,1,12,1527,HALSTED ST,41.912055,-87.650849,12/01/2019 04:01:00 PM,2019
CR00024856,12/26/2024 11:52:00 AM,30,CLEAR,DARKNESS - LIGHTED ROAD,REAR TO FRONT,NOT DIVIDED,TRAFFIC SIGNAL,DISTRACTION - FROM INSIDE VEHICLE,DRIVING SKILLS/KNOWLEDGE/EXPERIENCE,0,0,0,0,11,5,12,1488,ROOSEVELT RD,41.831947,-87.548708,12/26/2024 01:19:00 PM,2024
CR00024857,09/09/2017 12:15:00 AM,25,CLEAR,DAWN,TURNING,DIVIDED - W/MEDIAN BARRIER,NO CONTROLS,UNABLE TO DETERMINE,UNABLE TO DETERMINE,0,0,0,0,0,7,9,2490,79TH ST,41.96573,-87.56312,09/09/2017 12:58:00 AM,2017
CR00024858,12/06/2016 11:39:00 AM,25,FOG/SMOKE/HAZE,DARKNESS - LIGHTED ROAD,SIDESWIPE SAME DIRECTION,DIVIDED - W/MEDIAN BARRIER,TRAFFIC SIGNAL,DISREGARDING TRAFFIC SIGNALS,FOLLOWING TOO CLOSELY,0,0,0,0,11,3,12,527,OGDEN AVE,41.822035,-87.521357,12/06/2016 11:41:00 AM,2016
CR00024859,03/21/2018 01:23:00 PM,20,CLEAR,DARKNESS - LIGHTED ROAD,ANGLE,DIVIDED - W/MEDIAN (NOT RAISED),TRAFFIC SIGNAL,UNABLE TO DETERMINE,UNABLE TO DETERMINE,0,0,0,0,13,4,3,1730,CICERO AVE,41.988049,-87.754021,03/21/2018 02:19:00 PM,2018
CR00024860,01/02/2020 02:58:00 PM,20,CLEAR,DARKNESS - LIGHTED ROAD,REAR TO FRONT,FOUR WAY,UNKNOWN,IMPROPER LANE USAGE,FOLLOWING TOO CLOSELY,0,0,1,1,14,5,1,2194,PULASKI RD,41.892762,-87.596257,01/02/2020 03:05:00 PM,2020
CR00024861,07/04/2019 01:42:00 AM,15,RAIN,DARKNESS - LIGHTED ROAD,TURNING,FOUR WAY,NO CONTROLS,UNABLE TO DETERMINE,WEATHER,0,0,2,2,1,5,7,1783,BROADWAY,41.912788,-87.711059,07/04/2019 03:26:00 AM,2019
CR00024862,04/12/2024 08:39:00 AM,35,CLEAR,DAYLIGHT,TURNING,DIVIDED - W/MEDIAN BARRIER,NO CONTROLS,UNABLE TO DETERMINE,NOT APPLICABLE,0,0,0,0,8,6,4,579,MILWAUKEE AVE,41.979708,-87.815404,04/12/2024 08:51:00 AM,2024
CR00024863,04/05/2021 09:48:00 AM,30,CLEAR,DAYLIGHT,REAR END,NOT DIVIDED,TRAFFIC SIGNAL,DRIVING SKILLS/KNOWLEDGE/EXPERIENCE,FOLLOWING TOO CLOSELY,0,0,0,0,9,2,4,1437,MILWAUKEE AVE,41.838285,-87.684903,04/05/2021 10:15:00 AM,2021
CR00024864,05/07/2017 05:47:00 PM,25,CLEAR,DARKNESS - LIGHTED ROAD,PARKED MOTOR VEHICLE,FOUR WAY,NO CONTROLS,DISTRACTION - FROM INSIDE VEHICLE,UNABLE TO DETERMINE,0,0,0,0,17,1,5,688,ROOSEVELT RD,41.71447,-87.561273,05/07/2017 06:03:00 PM,2017
CR00024865,01/15/2023 03:57:00 AM,35,CLEAR,DAYLIGHT,REAR END,DIVIDED - W/MEDIAN (NOT RAISED),STOP SIGN/FLASHER,DISTRACTION - FROM INSIDE VEHICLE,UNABLE TO DETERMINE,0,0,0,0,3,1,1,1992,ELSTON AVE,41.822199,-87.511193,01/15/2023 05:01:00 AM,2023
CR00024866,03/15/2017 07:24:00 PM,35,CLEAR,DAYLIGHT,REAR END,DIVIDED - W/MEDIAN (NOT RAISED),NO CONTROLS,UNABLE TO DETERMINE,UNABLE TO DETERMINE,0,0,0,0,19,4,3,1583,CALIFORNIA AVE,41.973173,-87.608452,03/15/2017 08:42:00 PM,2017
CR00024867,08/25/2022 08:22:00 AM,30,CLEAR,DAYLIGHT,FIXED OBJECT,NOT DIVIDED,NO CONTROLS,IMPROPER OVERTAKING/PASSING,DRIVING SKILLS/KNOWLEDGE/EXPERIENCE,0,0,0,0,8,5,8,1987,ARCHER AVE,41.81918,-87.765047,08/25/2022 09:17:00 AM,2022
CR00024868,12/03/2020 05:40:00 PM,45,CLEAR,DAYLIGHT,PARKED MOTOR VEHICLE,DIVIDED - W/MEDIAN (NOT RAISED),NO CONTROLS,DISREGARDING TRAFFIC SIGNALS,IMPROPER OVERTAKING/PASSING,0,1,1,2,17,5,12,1284,OGDEN AVE,41.717914,-87.551929,12/03/2020 06:17:00 PM,2020
CR00024869,05/05/2020 12:34:00 AM,15,RAIN,DAYLIGHT,SIDESWIPE SAME DIRECTION,FOUR WAY,STOP SIGN/FLASHER,UNABLE TO DETERMINE,FAILING TO YIELD RIGHT-OF-WAY,0,0,0,0,0,3,5,945,DIVISION ST,41.793919,-87.722714,05/05/2020 01:01:00 AM,2020
CR00024870,09/24/2020 10:23:00 AM,30,CLEAR,DARKNESS,SIDESWIPE SAME DIRECTION,DIVIDED - W/MEDIAN BARRIER,NO CONTROLS,DRIVING SKILLS/KNOWLEDGE/EXPERIENCE,IMPROPER LANE USAGE,0,0,1,1,10,5,9,1545,63RD ST,41.770541,-87.569685,09/24/2020 11:56:00 AM,2020
CR00024871,04/25/2018 04:39:00 PM,35,FOG/SMOKE/HAZE,DARKNESS - LIGHTED ROAD,REAR TO FRONT,ONE-WAY,NO CONTROLS,DISREGARDING TRAFFIC SIGNALS,FAILING TO REDUCE SPEED,0,0,0,0,16,4,4,1490,CALIFORNIA AVE,41.705119,-87.502036,04/25/2018 05:00:00 PM,2018
CR00024872,02/04/2023 12:09:00 PM,35,CLEAR,DARKNESS - LIGHTED ROAD,REAR TO FRONT,DIVIDED - W/MEDIAN (NOT RAISED),TRAFFIC SIGNAL,UNABLE TO DETERMINE,FAILING TO YIELD RIGHT-OF-WAY,0,0,0,0,12,7,2,1266,FULLERTON AVE,41.965982,-87.767429,02/04/2023 01:46:00 PM,2023
CR00024873,01/19/2020 04:15:00 PM,35,CLEAR,DUSK,FIXED OBJECT,DIVIDED - W/MEDIAN BARRIER,STOP SIGN/FLASHER,DRIVING SKILLS/KNOWLEDGE/EXPERIENCE,DRIVING SKILLS/KNOWLEDGE/EXPERIENCE,0,0,0,0,16,1,1,825,STONY ISLAND AVE,41.995981,-87.618387,01/19/2020 06:11:00 PM,2020
CR00024874,07/13/2018 08:24:00 AM,25,CLEAR,DAYLIGHT,TURNING,DIVIDED - W/MEDIAN (NOT RAISED),NO CONTROLS,WEATHER,NOT APPLICABLE,0,0,0,0,8,6,7,1618,CALIFORNIA AVE,41.787699,-87.560758,07/13/2018 08:56:00 AM,2018
CR00024875,02/15/2020 09:51:00 AM,35,CLEAR,DAYLIGHT,TURNING,NOT DIVIDED,NO CONTROLS,IMPROPER LANE USAGE,FOLLOWING TOO CLOSELY,0,0,0,0,9,7,2,978,DIVISION ST,41.789321,-87.57842,02/15/2020 10:41:00 AM,2020
CR00024876,09/02/2021 11:16:00 AM,35,CLEAR,DAYLIGHT,ANGLE,NOT DIVIDED,STOP SIGN/FLASHER,IMPROPER LANE USAGE,FAILING TO YIELD RIGHT-OF-WAY,0,0,0,0,11,5,9,949,LAKE SHORE DR,41.89972,-87.5434,09/02/2021 12:25:00 PM,2021
CR00024877,04/08/2022 08:59:00 PM,30,CLEAR,DARKNESS - LIGHTED ROAD,REAR END,DIVIDED - W/MEDIAN (NOT RAISED),NO CONTROLS,FOLLOWING TOO CLOSELY,NOT APPLICABLE,0,0,1,1,20,6,4,1463,79TH ST,41.915016,-87.675534,04/08/2022 10:29:00 PM,2022
CR00024878,09/18/2016 11:47:00 PM,25,SNOW,DAYLIGHT,REAR END,ONE-WAY,NO CONTROLS,UNABLE TO DETERMINE,DRIVING SKILLS/KNOWLEDGE/EXPERIENCE,0,0,0,0,23,1,9,1118,79TH ST,41.890677,-87.810155,09/19/2016 01:42:00 AM,2016
CR00024879,10/07/2023 01:55:00 PM,35,CLOUDY/OVERCAST,DAYLIGHT,REAR TO FRONT,NOT DIVIDED,TRAFFIC SIGNAL,DRIVING SKILLS/KNOWLEDGE/EXPERIENCE,FOLLOWING TOO CLOSELY,0,2,2,4,13,7,10,290,63RD ST,41.881732,-87.708469,10/07/2023 02:37:00 PM,2023
CR00024880,10/10/2024 08:46:00 AM,30,CLOUDY/OVERCAST,DARKNESS - LIGHTED ROAD,REAR END,ONE-WAY,TRAFFIC SIGNAL,DISREGARDING TRAFFIC SIGNALS,IMPROPER OVERTAKING/PASSING,0,0,0,0,8,5,10,2106,ELSTON AVE,41.748289,-87.534016,10/10/2024 10:40:00 AM,2024
CR00024881,06/20/2016 07:07:00 AM,25,RAIN,DAYLIGHT,SIDESWIPE SAME DIRECTION,NOT DIVIDED,NO CONTROLS,FAILING TO YIELD RIGHT-OF-WAY,NOT APPLICABLE,0,0,0,0,7,2,6,2368,MICHIGAN AVE,41.838915,-87.676665,06/20/2016 07:12:00 AM,2016
CR00024882,11/22/2015 03:55:00 AM,25,CLEAR,DAYLIGHT,PARKED MOTOR VEHICLE,ONE-WAY,STOP SIGN/FLASHER,UNABLE TO DETERMINE,UNABLE TO DETERMINE,0,0,0,0,3,1,11,435,MILWAUKEE AVE,41.950919,-87.54583,11/22/2015 05:41:00 AM,2015
CR00024883,10/07/2024 05:46:00 PM,40,CLOUDY/OVERCAST,DARKNESS - LIGHTED ROAD,PEDESTRIAN,DIVIDED - W/MEDIAN (NOT RAISED),TRAFFIC SIGNAL,UNABLE TO DETERMINE,UNABLE TO DETERMINE,0,0,0,0,17,2,10,831,KEDZIE AVE,41.976503,-87.821504,10/07/2024 07:42:00 PM,2024
CR00024884,08/09/2024 02:32:00 PM,35,CLEAR,DARKNESS - LIGHTED ROAD,REAR END,ONE-WAY,TRAFFIC SIGNAL,UNABLE TO DETERMINE,FOLLOWING TOO CLOSELY,0,0,2,2,14,6,8,1703,CLARK ST,41.794221,-87.780903,08/09/2024 03:51:00 PM,2024
CR00024885,11/27/2016 05:06:00 PM,45,CLEAR,DUSK,ANGLE,T-INTERSECTION,NO CONTROLS,IMPROPER OVERTAKING/PASSING,UNABLE TO DETERMINE,0,0,1,1,17,1,11,1364,ARCHER AVE,41.916857,-87.662991,11/27/2016 07:04:00 PM,2016
CR00024886,10/03/2020 06:42:00 PM,30,CLEAR,DARKNESS,TURNING,FOUR WAY,NO CONTROLS,UNABLE TO DETERMINE,FOLLOWING TOO CLOSELY,0,0,1,1,18,7,10,128,MICHIGAN AVE,41.71244,-87.513613,10/03/2020 07:17:00 PM,2020
CR00024887,09/23/2017 02:42:00 PM,45,RAIN,DAYLIGHT,REAR END,T-INTERSECTION,TRAFFIC SIGNAL,UNABLE TO DETERMINE,DISREGARDING TRAFFIC SIGNALS,0,0,1,1,14,7,9,202,KEDZIE AVE,41.936704,-87.687389,09/23/2017 04:42:00 PM,2017
CR00024888,06/24/2020 01:26:00 PM,30,CLEAR,DARKNESS - LIGHTED ROAD,REAR END,NOT DIVIDED,STOP SIGN/FLASHER,UNABLE TO DETERMINE,NOT APPLICABLE,0,0,0,0,13,4,6,2391,BROADWAY,41.957551,-87.533,06/24/2020 02:48:00 PM,2020
CR00024889,09/18/2024 02:20:00 PM,35,CLOUDY/OVERCAST,DAYLIGHT,REAR END,DIVIDED - W/MEDIAN (NOT RAISED),STOP SIGN/FLASHER,IMPROPER OVERTAKING/PASSING,DISTRACTION - FROM INSIDE VEHICLE,0,0,0,0,14,4,9,1759,ASHLAND AVE,41.893731,-87.545584,09/18/2024 03:59:00 PM,2024
CR00024890,11/01/2019 07:44:00 AM,30,CLEAR,DARKNESS - LIGHTED ROAD,SIDESWIPE SAME DIRECTION,FOUR WAY,STOP SIGN/FLASHER,WEATHER,FOLLOWING TOO CLOSELY,0,0,0,0,7,6,11,456,ARCHER AVE,41.92078,-87.745083,11/01/2019 09:02:00 AM,2019
CR00024891,05/03/2020 05:33:00 PM,40,CLEAR,DARKNESS - LIGHTED ROAD,ANGLE,FOUR WAY,NO CONTROLS,FOLLOWING TOO CLOSELY,IMPROPER OVERTAKING/PASSING,0,0,0,0,17,1,5,1176,OGDEN AVE,41.739571,-87.825307,05/03/2020 05:38:00 PM,2020
CR00024892,08/06/2018 12:19:00 PM,35,CLEAR,DUSK,FIXED OBJECT,DIVIDED - W/MEDIAN (NOT RAISED),NO CONTROLS,FAILING TO REDUCE SPEED,DISTRACTION - FROM INSIDE VEHICLE,0,0,0,0,12,2,8,1716,WESTERN AVE,41.817676,-87.765707,08/06/2018 01:44:00 PM,2018
CR00024893,11/27/2024 07:06:00 PM,15,RAIN,DAWN,ANGLE,NOT DIVIDED,TRAFFIC SIGNAL,IMPROPER LANE USAGE,IMPROPER LANE USAGE,0,0,0,0,19,4,11,2361,CLARK ST,41.817541,-87.644926,11/27/2024 07:31:00 PM,2024
CR00024894,01/24/2016 01:24:00 AM,45,FOG/SMOKE/HAZE,DAYLIGHT,REAR END,DIVIDED - W/MEDIAN (NOT RAISED),STOP SIGN/FLASHER,IMPROPER OVERTAKING/PASSING,UNABLE TO DETERMINE,0,0,2,2,1,1,1,2211,LAKE SHORE DR,41.946486,-87.692435,01/24/2016 02:42:00 AM,2016
CR00024895,06/05/2020 04:37:00 AM,45,CLOUDY/OVERCAST,DAYLIGHT,REAR END,NOT DIVIDED,TRAFFIC SIGNAL,DRIVING SKILLS/KNOWLEDGE/EXPERIENCE,UNABLE TO DETERMINE,0,0,0,0,4,6,6,452,DAMEN AVE,41.899319,-87.641952,06/05/2020 05:29:00 AM,2020
CR00024896,11/08/2022 09:57:00 AM,15,CLEAR,DAYLIGHT,REAR END,DIVIDED - W/MEDIAN (NOT RAISED),NO CONTROLS,FAILING TO REDUCE SPEED,NOT APPLICABLE,0,0,0,0,9,3,11,468,ELSTON AVE,41.856442,-87.616405,11/08/2022 10:40:00 AM,2022
CR00024897,08/01/2020 09:00:00 PM,30,CLEAR,DARKNESS - LIGHTED ROAD,TURNING,DIVIDED - W/MEDIAN (NOT RAISED),TRAFFIC SIGNAL,UNABLE TO DETERMINE,UNABLE TO DETERMINE,0,0,0,0,21,7,8,509,HALSTED ST,41.973021,-87.795069,08/01/2020 09:15:00 PM,2020
CR00024898,05/04/2016 09:04:00 AM,15,CLEAR,DAYLIGHT,SIDESWIPE SAME DIRECTION,NOT DIVIDED,TRAFFIC SIGNAL,FAILING TO YIELD RIGHT-OF-WAY,FOLLOWING TOO CLOSELY,0,0,0,0,9,4,5,883,IRVING PARK RD,41.751405,-87.819226,05/04/2016 10:46:00 AM,2016
CR00024899,04/02/2015 02:22:00 PM,30,CLEAR,DARKNESS - LIGHTED ROAD,ANGLE,ONE-WAY,TRAFFIC SIGNAL,UNABLE TO DETERMINE,IMPROPER LANE USAGE,0,0,0,0,14,5,4,1899,IRVING PARK RD,41.88654,-87.736498,04/02/2015 02:25:00 PM,2015
CR00024900,07/17/2021 07:08:00 AM,25,CLEAR,DUSK,ANGLE,NOT DIVIDED,NO CONTROLS,UNABLE TO DETERMINE,UNABLE TO DETERMINE,0,2,3,5,7,7,7,1458,BROADWAY,41.79756,-87.805553,07/17/2021 08:41:00 AM,2021
CR00024901,12/09/2020 07:41:00 AM,30,CLEAR,DAYLIGHT,REAR END,DIVIDED - W/MEDIAN (NOT RAISED),STOP SIGN/FLASHER,UNABLE TO DETERMINE,IMPROPER LANE USAGE,0,0,0,0,7,4,12,1493,STONY ISLAND AVE,41.804334,-87.828415,12/09/2020 09:32:00 AM,2020
CR00024902,08/17/2015 05:50:00 PM,45,CLEAR,DAYLIGHT,TURNING,NOT DIVIDED,NO CONTROLS,UNABLE TO DETERMINE,FOLLOWING TOO CLOSELY,0,0,0,0,17,2,8,2506,IRVING PARK RD,41.766022,-87.605881,08/17/2015 07:41:00 PM,2015
CR00024903,11/14/2022 09:32:00 AM,20,CLEAR,DAYLIGHT,REAR END,ONE-WAY,NO CONTROLS,FOLLOWING TOO CLOSELY,UNABLE TO DETERMINE,0,0,0,0,9,2,11,1688,MICHIGAN AVE,41.880744,-87.554817,11/14/2022 11:26:00 AM,2022
CR00024904,04/02/2019 10:01:00 AM,30,CLOUDY/OVERCAST,DAYLIGHT,SIDESWIPE SAME DIRECTION,DIVIDED - W/MEDIAN (NOT RAISED),TRAFFIC SIGNAL,IMPROPER OVERTAKING/PASSING,NOT APPLICABLE,0,0,0,0,10,3,4,955,BROADWAY,41.850135,-87.591864,04/02/2019 11:45:00 AM,2019
CR00024905,07/27/2017 07:06:00 PM,30,CLEAR,DAYLIGHT,SIDESWIPE SAME DIRECTION,NOT DIVIDED,TRAFFIC SIGNAL,UNABLE TO DETERMINE,UNABLE TO DETERMINE,0,0,0,0,19,5,7,918,47TH ST,41.901195,-87.542713,07/27/2017 08:28:00 PM,2017
CR00024906,09/04/2023 05:51:00 PM,15,CLEAR,DARKNESS - LIGHTED ROAD,ANGLE,DIVIDED - W/MEDIAN (NOT RAISED),NO CONTROLS,UNABLE TO DETERMINE,DRIVING SKILLS/KNOWLEDGE/EXPERIENCE,0,0,0,0,17,2,9,985,KEDZIE AVE,41.96267,-87.759332,09/04/2023 06:57:00 PM,2023
CR00024907,04/03/2024 01:04:00 AM,30,SNOW,DAYLIGHT,PEDESTRIAN,NOT DIVIDED,STOP SIGN/FLASHER,DRIVING SKILLS/KNOWLEDGE/EXPERIENCE,IMPROPER OVERTAKING/PASSING,0,0,0,0,1,4,4,494,CLARK ST,41.867499,-87.511544,04/03/2024 01:34:00 AM,2024
CR00024908,11/25/2021 03:19:00 PM,45,CLEAR,DAWN,SIDESWIPE SAME DIRECTION,ONE-WAY,NO CONTROLS,FOLLOWING TOO CLOSELY,FOLLOWING TOO CLOSELY,0,0,0,0,15,5,11,272,HALSTED ST,41.790592,-87.667767,11/25/2021 04:37:00 PM,2021
CR00024909,09/10/2017 05:39:00 AM,40,CLEAR,DARKNESS - LIGHTED ROAD,ANGLE,DIVIDED - W/MEDIAN (NOT RAISED),TRAFFIC SIGNAL,DISREGARDING TRAFFIC SIGNALS,FOLLOWING TOO CLOSELY,0,0,0,0,5,1,9,974,WESTERN AVE,41.822785,-87.688659,09/10/2017 05:58:00 AM,2017
CR00024910,02/15/2023 12:12:00 AM,35,CLEAR,DAYLIGHT,PEDESTRIAN,DIVIDED - W/MEDIAN (NOT RAISED),TRAFFIC SIGNAL,UNABLE TO DETERMINE,UNABLE TO DETERMINE,0,0,0,0,0,4,2,878,CICERO AVE,41.790063,-87.662354,02/15/2023 01:40:00 AM,2023
CR00024911,12/11/2016 04:25:00 PM,40,CLEAR,DAYLIGHT,SIDESWIPE SAME DIRECTION,DIVIDED - W/MEDIAN (NOT RAISED),UNKNOWN,UNABLE TO DETERMINE,NOT APPLICABLE,0,0,0,0,16,1,12,1610,CLARK ST,41.925872,-87.548388,12/11/2016 05:32:00 PM,2016
CR00024912,08/25/2019 08:54:00 AM,40,CLEAR,DAYLIGHT,ANGLE,NOT DIVIDED,NO CONTROLS,DRIVING SKILLS/KNOWLEDGE/EXPERIENCE,DISREGARDING TRAFFIC SIGNALS,0,0,0,0,8,1,8,197,ELSTON AVE,41.996284,-87.836826,08/25/2019 08:57:00 AM,2019
CR00024913,10/20/2017 08:32:00 PM,20,CLEAR,DAYLIGHT,ANGLE,NOT DIVIDED,NO CONTROLS,UNABLE TO DETERMINE,IMPROPER OVERTAKING/PASSING,0,0,0,0,20,6,10,1242,CALIFORNIA AVE,41.710839,-87.714446,10/20/2017 10:02:00 PM,2017
CR00024914,04/08/2023 10:51:00 AM,40,CLEAR,DAYLIGHT,PARKED MOTOR VEHICLE,NOT DIVIDED,UNKNOWN,UNABLE TO DETERMINE,FOLLOWING TOO CLOSELY,0,0,0,0,10,7,4,2334,DIVISION ST,41.82624,-87.631457,04/08/2023 11:16:00 AM,2023
CR00024915,10/08/2015 02:15:00 AM,15,CLEAR,DAYLIGHT,REAR TO FRONT,DIVIDED - W/MEDIAN (NOT RAISED),NO CONTROLS,FAILING TO REDUCE SPEED,FOLLOWING TOO CLOSELY,0,1,1,2,2,5,10,2394,LAKE SHORE DR,41.79573,-87.568745,10/08/2015 03:33:00 AM,2015
CR00024916,08/20/2023 04:31:00 PM,20,CLOUDY/OVERCAST,DARKNESS,SIDESWIPE SAME DIRECTION,NOT DIVIDED,NO CONTROLS,UNABLE TO DETERMINE,FAILING TO YIELD RIGHT-OF-WAY,0,0,0,0,16,1,8,259,CALIFORNIA AVE,41.979364,-87.743044,08/20/2023 06:31:00 PM,2023
CR00024917,10/24/2020 03:30:00 PM,35,SNOW,DAYLIGHT,ANGLE,NOT DIVIDED,NO CONTROLS,UNABLE TO DETERMINE,UNABLE TO DETERMINE,0,0,0,0,15,7,10,2009,OGDEN AVE,41.848398,-87.591516,10/24/2020 04:35:00 PM,2020
CR00024918,04/11/2018 11:37:00 AM,20,CLEAR,DAYLIGHT,REAR TO FRONT,DIVIDED - W/MEDIAN (NOT RAISED),NO CONTROLS,UNABLE TO DETERMINE,UNABLE TO DETERMINE,0,0,0,0,11,4,4,2048,WESTERN AVE,41.758701,-87.543824,04/11/2018 12:29:00 PM,2018
CR00024919,11/24/2024 11:51:00 AM,15,RAIN,DAYLIGHT,SIDESWIPE SAME DIRECTION,DIVIDED - W/MEDIAN BARRIER,NO CONTROLS,WEATHER,UNABLE TO DETERMINE,0,0,0,0,11,1,11,1757,MILWAUKEE AVE,41.851425,-87.631012,11/24/2024 12:34:00 PM,2024
CR00024920,10/05/2020 05:53:00 PM,15,RAIN,DARKNESS,PARKED MOTOR VEHICLE,NOT DIVIDED,TRAFFIC SIGNAL,IMPROPER LANE USAGE,FAILING TO YIELD RIGHT-OF-WAY,0,0,0,0,17,2,10,1320,DAMEN AVE,41.991313,-87.61052,10/05/2020 05:58:00 PM,2020
CR00024921,04/03/2020 07:58:00 PM,30,CLOUDY/OVERCAST,DUSK,TURNING,DIVIDED - W/MEDIAN (NOT RAISED),TRAFFIC SIGNAL,FOLLOWING TOO CLOSELY,DISTRACTION - FROM INSIDE VEHICLE,0,0,0,0,19,6,4,1603,CALIFORNIA AVE,41.865204,-87.594956,04/03/2020 09:40:00 PM,2020
CR00024922,09/18/2024 11:26:00 PM,15,CLEAR,DARKNESS - LIGHTED ROAD,TURNING,DIVIDED - W/MEDIAN BARRIER,NO CONTROLS,FAILING TO REDUCE SPEED,UNABLE TO DETERMINE,0,0,0,0,23,4,9,1999,BROADWAY,41.784917,-87.628043,09/19/2024 01:23:00 AM,2024
CR00024923,09/25/2022 01:21:00 PM,35,CLEAR,DAYLIGHT,PARKED MOTOR VEHICLE,ONE-WAY,STOP SIGN/FLASHER,FAILING TO YIELD RIGHT-OF-WAY,UNABLE TO DETERMINE,0,0,0,0,13,1,9,191,CICERO AVE,41.992843,-87.533376,09/25/2022 02:05:00 PM,2022
CR00024924,03/04/2015 05:48:00 AM,25,RAIN,DARKNESS - LIGHTED ROAD,REAR TO FRONT,DIVIDED - W/MEDIAN (NOT RAISED),NO CONTROLS,UNABLE TO DETERMINE,NOT APPLICABLE,0,0,0,0,5,4,3,1614,ROOSEVELT RD,41.828115,-87.643001,03/04/2015 06:42:00 AM,2015
CR00024925,08/08/2017 08:19:00 AM,30,CLEAR,DAYLIGHT,TURNING,FOUR WAY,STOP SIGN/FLASHER,IMPROPER OVERTAKING/PASSING,UNABLE TO DETERMINE,0,0,0,0,8,3,8,435,63RD ST,41.933386,-87.84129,08/08/2017 08:20:00 AM,2017
CR00024926,01/27/2020 02:51:00 PM,40,CLEAR,DAYLIGHT,TURNING,DIVIDED - W/MEDIAN BARRIER,TRAFFIC SIGNAL,IMPROPER OVERTAKING/PASSING,FAILING TO REDUCE SPEED,0,0,0,0,14,2,1,1413,BROADWAY,41.92416,-87.819355,01/27/2020 04:03:00 PM,2020
CR00024927,08/27/2017 02:19:00 PM,35,CLOUDY/OVERCAST,DARKNESS - LIGHTED ROAD,SIDESWIPE SAME DIRECTION,DIVIDED - W/MEDIAN BARRIER,NO CONTROLS,UNABLE TO DETERMINE,NOT APPLICABLE,0,0,0,0,14,1,8,2336,79TH ST,41.704183,-87.780851,08/27/2017 02:38:00 PM,2017
CR00024928,10/24/2018 04:46:00 PM,20,CLEAR,DARKNESS - LIGHTED ROAD,SIDESWIPE SAME DIRECTION,NOT DIVIDED,PEDESTRIAN CROSSING SIGN,DRIVING SKILLS/KNOWLEDGE/EXPERIENCE,IMPROPER OVERTAKING/PASSING,0,2,2,4,16,4,10,1905,MICHIGAN AVE,41.92701,-87.534082,10/24/2018 06:35:00 PM,2018
CR00024929,08/23/2023 09:05:00 AM,30,CLEAR,DAYLIGHT,ANGLE,T-INTERSECTION,TRAFFIC SIGNAL,FOLLOWING TOO CLOSELY,NOT APPLICABLE,0,1,2,3,9,4,8,731,BROADWAY,41.994557,-87.638676,08/23/2023 10:20:00 AM,2023