CRASH_RECORD_ID,CRASH_DATE,POSTED_SPEED_LIMIT,WEATHER_CONDITION,LIGHTING_CONDITION,FIRST_CRASH_TYPE,TRAFFICWAY_TYPE,TRAFFIC_CONTROL_DEVICE,PRIM_CONTRIBUTORY_CAUSE,SEC_CONTRIBUTORY_CAUSE,INJURIES_FATAL,INJURIES_INCAPACITATING,INJURIES_NON_INCAPACITATING,INJURIES_TOTAL,CRASH_HOUR,CRASH_DAY_OF_WEEK,CRASH_MONTH,BEAT_OF_OCCURRENCE,STREET_NAME,LATITUDE,LONGITUDE,DATE_POLICE_NOTIFIED,year
CR00024930,11/11/2017 03:13:00 PM,30,CLEAR,DARKNESS - LIGHTED ROAD,FIXED OBJECT,NOT DIVIDED,PEDESTRIAN CROSSING SIGN,UNABLE TO DETERMINE,NOT APPLICABLE,0,0,2,2,15,7,11,2395,OGDEN AVE,41.758254,-87.620649,11/11/2017 04:53:00 PM,2017
CR00024931,03/28/2024 04:02:00 PM,25,CLEAR,DAYLIGHT,ANGLE,DIVIDED - W/MEDIAN (NOT RAISED),STOP SIGN/FLASHER,UNABLE TO DETERMINE,DRIVING SKILLS/KNOWLEDGE/EXPERIENCE,0,0,0,0,16,5,3,990,79TH ST,41.779289,-87.50928,03/28/2024 05:11:00 PM,2024
CR00024932,04/30/2021 07:44:00 AM,30,CLEAR,DARKNESS - LIGHTED ROAD,REAR END,DIVIDED - W/MEDIAN (NOT RAISED),STOP SIGN/FLASHER,UNABLE TO DETERMINE,FAILING TO REDUCE SPEED,0,0,0,0,7,6,4,2176,MICHIGAN AVE,41.732683,-87.615845,04/30/2021 08:32:00 AM,2021
CR00024933,07/13/2017 04:57:00 PM,35,CLEAR,DARKNESS - LIGHTED ROAD,REAR END,NOT DIVIDED,YIELD,DISTRACTION - FROM INSIDE VEHICLE,FAILING TO REDUCE SPEED,0,0,0,0,16,5,7,1169,ELSTON AVE,41.908935,-87.685668,07/13/2017 06:13:00 PM,2017
CR00024934,01/08/2017 04:36:00 PM,30,CLOUDY/OVERCAST,DAYLIGHT,REAR END,FOUR WAY,NO CONTROLS,IMPROPER OVERTAKING/PASSING,NOT APPLICABLE,0,0,0,0,16,1,1,1483,ROOSEVELT RD,41.816876,-87.778352,01/08/2017 04:47:00 PM,2017
CR00024935,12/08/2015 11:05:00 AM,25,CLEAR,DAWN,REAR TO FRONT,DIVIDED - W/MEDIAN (NOT RAISED),STOP SIGN/FLASHER,DISREGARDING TRAFFIC SIGNALS,NOT APPLICABLE,0,0,0,0,11,3,12,184,LAKE SHORE DR,41.892307,-87.72653,12/08/2015 12:56:00 PM,2015
CR00024936,04/05/2019 11:35:00 AM,45,CLEAR,DAYLIGHT,REAR END,NOT DIVIDED,TRAFFIC SIGNAL,WEATHER,DRIVING SKILLS/KNOWLEDGE/EXPERIENCE,0,0,0,0,11,6,4,1552,ASHLAND AVE,41.74268,-87.798513,04/05/2019 12:21:00 PM,2019
CR00024937,05/16/2018 03:07:00 PM,15,RAIN,DAYLIGHT,REAR END,DIVIDED - W/MEDIAN (NOT RAISED),TRAFFIC SIGNAL,IMPROPER LANE USAGE,DRIVING SKILLS/KNOWLEDGE/EXPERIENCE,0,0,0,0,15,4,5,2389,PULASKI RD,41.718349,-87.688133,05/16/2018 05:04:00 PM,2018
CR00024938,01/04/2021 06:21:00 PM,30,SNOW,DAYLIGHT,ANGLE,FOUR WAY,TRAFFIC SIGNAL,FOLLOWING TOO CLOSELY,UNABLE TO DETERMINE,0,0,1,1,18,2,1,1706,FULLERTON AVE,41.713324,-87.504966,01/04/2021 06:35:00 PM,2021
CR00024939,08/04/2021 06:29:00 PM,35,CLEAR,DARKNESS,REAR END,T-INTERSECTION,TRAFFIC SIGNAL,UNABLE TO DETERMINE,DISREGARDING TRAFFIC SIGNALS,0,0,0,0,18,4,8,1778,MILWAUKEE AVE,41.801913,-87.752289,08/04/2021 08:19:00 PM,2021
CR00024940,10/24/2018 11:35:00 AM,30,CLEAR,DAYLIGHT,TURNING,FOUR WAY,TRAFFIC SIGNAL,DISTRACTION - FROM INSIDE VEHICLE,NOT APPLICABLE,0,0,0,0,11,4,10,1627,CALIFORNIA AVE,41.754966,-87.748131,10/24/2018 12:38:00 PM,2018
CR00024941,02/01/2015 02:48:00 PM,30,CLEAR,DARKNESS - LIGHTED ROAD,SIDESWIPE SAME DIRECTION,DIVIDED - W/MEDIAN (NOT RAISED),TRAFFIC SIGNAL,UNABLE TO DETERMINE,DISTRACTION - FROM INSIDE VEHICLE,0,0,0,0,14,1,2,2091,IRVING PARK RD,41.958642,-87.705501,02/01/2015 03:26:00 PM,2015
CR00024942,11/08/2022 09:19:00 AM,35,FOG/SMOKE/HAZE,DARKNESS,TURNING,NOT DIVIDED,STOP SIGN/FLASHER,FAILING TO REDUCE SPEED,FAILING TO YIELD RIGHT-OF-WAY,0,0,0,0,9,3,11,566,ARCHER AVE,41.786638,-87.754984,11/08/2022 10:49:00 AM,2022
CR00024943,07/25/2020 11:58:00 AM,35,CLEAR,DAYLIGHT,FIXED OBJECT,ONE-WAY,UNKNOWN,FOLLOWING TOO CLOSELY,DISREGARDING TRAFFIC SIGNALS,0,0,3,3,11,7,7,1522,ROOSEVELT RD,41.914211,-87.823643,07/25/2020 12:54:00 PM,2020
CR00024944,05/05/2024 07:35:00 AM,15,RAIN,DARKNESS - LIGHTED ROAD,PEDESTRIAN,ONE-WAY,NO CONTROLS,IMPROPER OVERTAKING/PASSING,FOLLOWING TOO CLOSELY,0,0,1,1,7,1,5,498,IRVING PARK RD,41.901102,-87.786939,05/05/2024 09:33:00 AM,2024
CR00024945,03/17/2024 12:37:00 PM,15,CLEAR,DAYLIGHT,TURNING,DIVIDED - W/MEDIAN (NOT RAISED),NO CONTROLS,UNABLE TO DETERMINE,NOT APPLICABLE,0,0,0,0,12,1,3,1328,PULASKI RD,41.837732,-87.820101,03/17/2024 01:09:00 PM,2024
CR00024946,12/13/2018 06:59:00 AM,35,CLEAR,DAYLIGHT,REAR TO FRONT,FOUR WAY,STOP SIGN/FLASHER,WEATHER,DISTRACTION - FROM INSIDE VEHICLE,0,0,0,0,6,5,12,2161,CALIFORNIA AVE,41.718207,-87.805489,12/13/2018 07:37:00 AM,2018
CR00024947,03/15/2016 01:56:00 AM,35,CLEAR,DAYLIGHT,ANGLE,NOT DIVIDED,NO CONTROLS,DISTRACTION - FROM INSIDE VEHICLE,UNABLE TO DETERMINE,0,0,0,0,1,3,3,972,DIVISION ST,41.944733,-87.80893,03/15/2016 03:10:00 AM,2016
CR00024948,02/20/2016 08:42:00 PM,30,CLEAR,DAYLIGHT,PEDESTRIAN,NOT DIVIDED,NO CONTROLS,FOLLOWING TOO CLOSELY,NOT APPLICABLE,0,0,0,0,20,7,2,1566,MICHIGAN AVE,41.847463,-87.817951,02/20/2016 10:28:00 PM,2016
CR00024949,06/08/2015 07:01:00 PM,20,CLEAR,DARKNESS - LIGHTED ROAD,REAR END,DIVIDED - W/MEDIAN (NOT RAISED),NO CONTROLS,IMPROPER OVERTAKING/PASSING,IMPROPER OVERTAKING/PASSING,0,0,0,0,19,2,6,1698,DAMEN AVE,41.834405,-87.514169,06/08/2015 07:02:00 PM,2015
CR00024950,12/18/2021 09:28:00 AM,30,CLOUDY/OVERCAST,DARKNESS - LIGHTED ROAD,REAR END,FOUR WAY,TRAFFIC SIGNAL,UNABLE TO DETERMINE,UNABLE TO DETERMINE,0,0,0,0,9,7,12,772,HALSTED ST,41.814928,-87.686596,12/18/2021 11:27:00 AM,2021
CR00024951,04/12/2015 07:36:00 PM,30,CLEAR,DAYLIGHT,PARKED MOTOR VEHICLE,NOT DIVIDED,NO CONTROLS,FOLLOWING TOO CLOSELY,FAILING TO YIELD RIGHT-OF-WAY,0,1,1,2,19,1,4,1219,ROOSEVELT RD,41.714204,-87.55404,04/12/2015 09:33:00 PM,2015
CR00024952,03/23/2024 03:48:00 AM,25,CLEAR,DARKNESS - LIGHTED ROAD,SIDESWIPE SAME DIRECTION,NOT DIVIDED,UNKNOWN,DRIVING SKILLS/KNOWLEDGE/EXPERIENCE,FAILING TO REDUCE SPEED,0,0,1,1,3,7,3,1390,HALSTED ST,41.869216,-87.701629,03/23/2024 04:17:00 AM,2024
CR00024953,03/15/2020 04:51:00 PM,20,CLEAR,DAYLIGHT,REAR END,NOT DIVIDED,TRAFFIC SIGNAL,IMPROPER LANE USAGE,NOT APPLICABLE,0,0,0,0,16,1,3,1611,CLARK ST,41.776011,-87.650649,03/15/2020 06:07:00 PM,2020
CR00024954,09/10/2018 12:31:00 PM,20,FOG/SMOKE/HAZE,DAWN,SIDESWIPE SAME DIRECTION,ONE-WAY,NO CONTROLS,FOLLOWING TOO CLOSELY,DISTRACTION - FROM INSIDE VEHICLE,0,0,0,0,12,2,9,2291,WESTERN AVE,41.788045,-87.608625,09/10/2018 02:23:00 PM,2018
CR00024955,07/27/2021 06:39:00 PM,20,RAIN,DAYLIGHT,PARKED MOTOR VEHICLE,NOT DIVIDED,TRAFFIC SIGNAL,DISTRACTION - FROM INSIDE VEHICLE,UNABLE TO DETERMINE,0,0,0,0,18,3,7,581,ELSTON AVE,41.852474,-87.743291,07/27/2021 07:53:00 PM,2021
CR00024956,02/12/2016 05:01:00 PM,25,CLEAR,DAYLIGHT,REAR END,ONE-WAY,NO CONTROLS,DRIVING SKILLS/KNOWLEDGE/EXPERIENCE,DRIVING SKILLS/KNOWLEDGE/EXPERIENCE,0,0,0,0,17,6,2,386,ELSTON AVE,41.747145,-87.843714,02/12/2016 06:56:00 PM,2016
CR00024957,07/26/2023 04:28:00 PM,15,RAIN,DUSK,PARKED MOTOR VEHICLE,FOUR WAY,STOP SIGN/FLASHER,UNABLE TO DETERMINE,UNABLE TO DETERMINE,0,0,0,0,16,4,7,1363,79TH ST,41.896517,-87.529348,07/26/2023 06:02:00 PM,2023
CR00024958,03/23/2021 07:47:00 AM,35,CLEAR,DAYLIGHT,REAR TO FRONT,DIVIDED - W/MEDIAN BARRIER,YIELD,FAILING TO YIELD RIGHT-OF-WAY,UNABLE TO DETERMINE,0,0,0,0,7,3,3,1719,FULLERTON AVE,41.771434,-87.645029,03/23/2021 08:41:00 AM,2021
CR00024959,12/27/2021 04:21:00 AM,30,CLEAR,DAYLIGHT,FIXED OBJECT,NOT DIVIDED,TRAFFIC SIGNAL,UNABLE TO DETERMINE,DISREGARDING TRAFFIC SIGNALS,0,1,2,3,4,2,12,1329,WESTERN AVE,41.811264,-87.68449,12/27/2021 04:42:00 AM,2021
CR00024960,05/11/2021 06:01:00 PM,30,RAIN,DARKNESS - LIGHTED ROAD,PARKED MOTOR VEHICLE,DIVIDED - W/MEDIAN (NOT RAISED),TRAFFIC SIGNAL,IMPROPER LANE USAGE,UNABLE TO DETERMINE,0,0,0,0,18,3,5,2041,KEDZIE AVE,41.861817,-87.680798,05/11/2021 07:58:00 PM,2021
CR00024961,12/12/2015 11:38:00 AM,30,CLEAR,DARKNESS - LIGHTED ROAD,REAR END,DIVIDED - W/MEDIAN BARRIER,YIELD,UNABLE TO DETERMINE,FOLLOWING TOO CLOSELY,0,0,0,0,11,7,12,925,MICHIGAN AVE,41.702836,-87.65328,12/12/2015 01:19:00 PM,2015
CR00024962,04/08/2024 08:18:00 AM,30,FREEZING RAIN/DRIZZLE,DAYLIGHT,PEDESTRIAN,ONE-WAY,TRAFFIC SIGNAL,FAILING TO YIELD RIGHT-OF-WAY,IMPROPER OVERTAKING/PASSING,0,0,0,0,8,2,4,937,MILWAUKEE AVE,41.987246,-87.767685,04/08/2024 09:16:00 AM,2024
CR00024963,10/20/2020 01:12:00 AM,20,CLOUDY/OVERCAST,DARKNESS - LIGHTED ROAD,ANGLE,ONE-WAY,STOP SIGN/FLASHER,IMPROPER LANE USAGE,FOLLOWING TOO CLOSELY,0,0,1,1,1,3,10,1937,BROADWAY,41.810324,-87.500704,10/20/2020 02:05:00 AM,2020
CR00024964,04/09/2018 05:18:00 AM,15,CLEAR,DAYLIGHT,REAR END,DIVIDED - W/MEDIAN (NOT RAISED),STOP SIGN/FLASHER,UNABLE TO DETERMINE,FAILING TO YIELD RIGHT-OF-WAY,0,0,0,0,5,2,4,566,ARCHER AVE,41.934992,-87.675791,04/09/2018 05:38:00 AM,2018
CR00024965,08/03/2017 08:41:00 AM,30,SNOW,DAYLIGHT,REAR END,FOUR WAY,NO CONTROLS,UNABLE TO DETERMINE,FOLLOWING TOO CLOSELY,0,0,0,0,8,5,8,464,ROOSEVELT RD,41.747224,-87.656377,08/03/2017 10:08:00 AM,2017
CR00024966,08/01/2024 07:12:00 AM,30,RAIN,DAYLIGHT,ANGLE,ONE-WAY,UNKNOWN,DRIVING SKILLS/KNOWLEDGE/EXPERIENCE,NOT APPLICABLE,0,0,0,0,7,5,8,1727,CALIFORNIA AVE,41.711267,-87.599124,08/01/2024 08:02:00 AM,2024
CR00024967,12/10/2019 09:43:00 PM,40,CLEAR,DARKNESS,REAR END,DIVIDED - W/MEDIAN (NOT RAISED),NO CONTROLS,FAILING TO REDUCE SPEED,FAILING TO YIELD RIGHT-OF-WAY,0,0,3,3,21,3,12,1513,STONY ISLAND AVE,41.857019,-87.682713,12/10/2019 11:05:00 PM,2019
CR00024968,05/18/2023 02:06:00 AM,30,CLEAR,DARKNESS - LIGHTED ROAD,REAR TO FRONT,DIVIDED - W/MEDIAN BARRIER,UNKNOWN,IMPROPER OVERTAKING/PASSING,UNABLE TO DETERMINE,0,0,0,0,2,5,5,1594,PULASKI RD,41.724054,-87.527078,05/18/2023 02:53:00 AM,2023
CR00024969,09/24/2017 11:27:00 AM,30,CLOUDY/OVERCAST,DAYLIGHT,FIXED OBJECT,NOT DIVIDED,TRAFFIC SIGNAL,IMPROPER OVERTAKING/PASSING,DRIVING SKILLS/KNOWLEDGE/EXPERIENCE,0,0,0,0,11,1,9,1393,ROOSEVELT RD,41.848002,-87.575868,09/24/2017 01:18:00 PM,2017
CR00024970,04/27/2023 08:46:00 PM,35,CLEAR,DAYLIGHT,REAR TO FRONT,FOUR WAY,NO CONTROLS,WEATHER,NOT APPLICABLE,0,0,0,0,20,5,4,1394,ELSTON AVE,41.955442,-87.729367,04/27/2023 09:07:00 PM,2023
CR00024971,05/06/2023 08:44:00 PM,30,CLOUDY/OVERCAST,DUSK,FIXED OBJECT,ONE-WAY,TRAFFIC SIGNAL,DISREGARDING TRAFFIC SIGNALS,NOT APPLICABLE,0,0,0,0,20,7,5,1535,47TH ST,41.711962,-87.595591,05/06/2023 10:35:00 PM,2023
CR00024972,03/27/2016 03:54:00 AM,30,CLEAR,DAYLIGHT,TURNING,FOUR WAY,NO CONTROLS,DISREGARDING TRAFFIC SIGNALS,FOLLOWING TOO CLOSELY,0,0,0,0,3,1,3,1495,MILWAUKEE AVE,41.809008,-87.725662,03/27/2016 04:50:00 AM,2016
CR00024973,02/19/2021 09:52:00 PM,25,FOG/SMOKE/HAZE,DAYLIGHT,TURNING,ONE-WAY,NO CONTROLS,UNABLE TO DETERMINE,DRIVING SKILLS/KNOWLEDGE/EXPERIENCE,0,0,0,0,21,6,2,389,63RD ST,41.947167,-87.748739,02/19/2021 09:58:00 PM,2021
CR00024974,10/12/2021 10:23:00 AM,20,CLEAR,DAYLIGHT,REAR END,ONE-WAY,TRAFFIC SIGNAL,DISREGARDING TRAFFIC SIGNALS,UNABLE TO DETERMINE,0,0,0,0,10,3,10,1255,FULLERTON AVE,41.72471,-87.63536,10/12/2021 10:32:00 AM,2021
CR00024975,04/22/2019 09:30:00 AM,25,CLEAR,DAWN,PARKED MOTOR VEHICLE,ONE-WAY,TRAFFIC SIGNAL,UNABLE TO DETERMINE,IMPROPER LANE USAGE,0,1,1,2,9,2,4,1103,STATE ST,41.986707,-87.694068,04/22/2019 09:50:00 AM,2019
CR00024976,01/06/2016 07:22:00 AM,30,CLEAR,DAYLIGHT,TURNING,ONE-WAY,NO CONTROLS,FOLLOWING TOO CLOSELY,NOT APPLICABLE,0,0,0,0,7,4,1,1335,ARCHER AVE,41.717085,-87.739912,01/06/2016 07:35:00 AM,2016
CR00024977,10/28/2023 07:20:00 PM,35,CLEAR,DAYLIGHT,REAR END,NOT DIVIDED,NO CONTROLS,FAILING TO REDUCE SPEED,UNABLE TO DETERMINE,0,0,0,0,19,7,10,1559,63RD ST,41.738215,-87.551151,10/28/2023 08:15:00 PM,2023
CR00024978,08/05/2017 07:43:00 PM,25,CLEAR,DAYLIGHT,TURNING,NOT DIVIDED,TRAFFIC SIGNAL,DISREGARDING TRAFFIC SIGNALS,FOLLOWING TOO CLOSELY,0,0,1,1,19,7,8,223,DIVISION ST,41.709443,-87.805838,08/05/2017 08:09:00 PM,2017
CR00024979,07/10/2016 04:40:00 PM,15,CLEAR,DAYLIGHT,SIDESWIPE SAME DIRECTION,NOT DIVIDED,TRAFFIC SIGNAL,UNABLE TO DETERMINE,UNABLE TO DETERMINE,0,0,1,1,16,1,7,1038,ARCHER AVE,41.881902,-87.611442,07/10/2016 06:25:00 PM,2016
CR00024980,01/18/2022 05:54:00 PM,30,CLOUDY/OVERCAST,DAYLIGHT,FIXED OBJECT,DIVIDED - W/MEDIAN (NOT RAISED),NO CONTROLS,UNABLE TO DETERMINE,NOT APPLICABLE,0,1,1,2,17,3,1,450,ROOSEVELT RD,41.774458,-87.604926,01/18/2022 06:51:00 PM,2022
CR00024981,11/11/2024 09:10:00 PM,35,CLEAR,DAYLIGHT,PARKED MOTOR VEHICLE,NOT DIVIDED,TRAFFIC SIGNAL,UNABLE TO DETERMINE,DRIVING SKILLS/KNOWLEDGE/EXPERIENCE,0,0,0,0,21,2,11,1728,47TH ST,41.723631,-87.525344,11/11/2024 10:49:00 PM,2024
CR00024982,01/16/2019 05:36:00 PM,35,CLEAR,DARKNESS - LIGHTED ROAD,PARKED MOTOR VEHICLE,NOT DIVIDED,NO CONTROLS,UNABLE TO DETERMINE,FAILING TO REDUCE SPEED,0,0,0,0,17,4,1,1086,PULASKI RD,41.897858,-87.622087,01/16/2019 06:08:00 PM,2019
CR00024983,03/22/2024 02:25:00 PM,35,CLEAR,DAYLIGHT,REAR TO FRONT,FOUR WAY,TRAFFIC SIGNAL,IMPROPER LANE USAGE,FAILING TO REDUCE SPEED,0,0,1,1,14,6,3,830,CICERO AVE,41.883518,-87.77522,03/22/2024 03:22:00 PM,2024
CR00024984,08/28/2022 04:14:00 AM,30,CLEAR,DAYLIGHT,REAR END,DIVIDED - W/MEDIAN (NOT RAISED),STOP SIGN/FLASHER,FAILING TO YIELD RIGHT-OF-WAY,IMPROPER LANE USAGE,0,1,0,1,4,1,8,429,HALSTED ST,41.703285,-87.669647,08/28/2022 05:24:00 AM,2022
CR00024985,04/10/2022 11:04:00 AM,45,CLEAR,DARKNESS - LIGHTED ROAD,PARKED MOTOR VEHICLE,DIVIDED - W/MEDIAN (NOT RAISED),YIELD,IMPROPER OVERTAKING/PASSING,NOT APPLICABLE,0,0,0,0,11,1,4,1658,MICHIGAN AVE,41.904202,-87.765874,04/10/2022 11:25:00 AM,2022
CR00024986,04/17/2020 11:31:00 AM,30,CLEAR,DAYLIGHT,TURNING,NOT DIVIDED,YIELD,FOLLOWING TOO CLOSELY,NOT APPLICABLE,0,0,0,0,11,6,4,1932,STONY ISLAND AVE,41.707049,-87.813801,04/17/2020 12:14:00 PM,2020
CR00024987,02/24/2022 04:04:00 AM,30,RAIN,DAYLIGHT,REAR END,DIVIDED - W/MEDIAN (NOT RAISED),NO CONTROLS,IMPROPER OVERTAKING/PASSING,IMPROPER OVERTAKING/PASSING,0,0,0,0,4,5,2,960,WESTERN AVE,41.70316,-87.555716,02/24/2022 04:46:00 AM,2022
CR00024988,08/30/2018 08:06:00 PM,30,CLEAR,DARKNESS - LIGHTED ROAD,SIDESWIPE SAME DIRECTION,DIVIDED - W/MEDIAN BARRIER,NO CONTROLS,FOLLOWING TOO CLOSELY,IMPROPER LANE USAGE,0,0,0,0,20,5,8,1398,STATE ST,41.890019,-87.559591,08/30/2018 09:13:00 PM,2018
CR00024989,10/15/2016 10:56:00 AM,35,RAIN,DARKNESS - LIGHTED ROAD,REAR END,NOT DIVIDED,TRAFFIC SIGNAL,DISREGARDING TRAFFIC SIGNALS,FOLLOWING TOO CLOSELY,0,0,0,0,10,7,10,903,KEDZIE AVE,41.741335,-87.843843,10/15/2016 11:23:00 AM,2016
CR00024990,07/16/2020 10:38:00 PM,35,CLEAR,DAYLIGHT,PARKED MOTOR VEHICLE,NOT DIVIDED,TRAFFIC SIGNAL,FOLLOWING TOO CLOSELY,NOT APPLICABLE,0,0,0,0,22,5,7,2290,HALSTED ST,41.950222,-87.768109,07/16/2020 11:18:00 PM,2020
CR00024991,10/28/2023 03:30:00 PM,40,CLEAR,DAYLIGHT,SIDESWIPE SAME DIRECTION,NOT DIVIDED,NO CONTROLS,DISREGARDING TRAFFIC SIGNALS,FOLLOWING TOO CLOSELY,0,0,1,1,15,7,10,1910,ROOSEVELT RD,41.846762,-87.754771,10/28/2023 04:38:00 PM,2023
CR00024992,06/25/2016 02:10:00 PM,25,CLEAR,DARKNESS,FIXED OBJECT,ONE-WAY,NO CONTROLS,UNABLE TO DETERMINE,UNABLE TO DETERMINE,0,1,1,2,14,7,6,468,CALIFORNIA AVE,41.736824,-87.644551,06/25/2016 02:25:00 PM,2016
CR00024993,01/01/2017 10:14:00 PM,30,RAIN,DARKNESS - LIGHTED ROAD,REAR TO FRONT,DIVIDED - W/MEDIAN (NOT RAISED),NO CONTROLS,UNABLE TO DETERMINE,UNABLE TO DETERMINE,0,0,0,0,22,1,1,1244,STONY ISLAND AVE,41.793784,-87.707891,01/02/2017 12:14:00 AM,2017
CR00024994,11/14/2015 10:06:00 PM,30,CLEAR,DAYLIGHT,SIDESWIPE SAME DIRECTION,NOT DIVIDED,TRAFFIC SIGNAL,UNABLE TO DETERMINE,IMPROPER LANE USAGE,0,0,0,0,22,7,11,2267,STATE ST,41.970007,-87.550158,11/15/2015 12:03:00 AM,2015
CR00024995,10/14/2015 05:56:00 PM,45,CLEAR,DUSK,ANGLE,NOT DIVIDED,STOP SIGN/FLASHER,UNABLE TO DETERMINE,NOT APPLICABLE,0,0,0,0,17,4,10,1398,KEDZIE AVE,41.866014,-87.543639,10/14/2015 06:32:00 PM,2015
CR00024996,11/05/2017 04:57:00 PM,35,CLOUDY/OVERCAST,DAYLIGHT,REAR END,ONE-WAY,NO CONTROLS,DISREGARDING TRAFFIC SIGNALS,UNABLE TO DETERMINE,0,0,0,0,16,1,11,2337,ROOSEVELT RD,41.790344,-87.780591,11/05/2017 05:49:00 PM,2017
CR00024997,07/19/2022 03:20:00 PM,30,RAIN,DAWN,TURNING,DIVIDED - W/MEDIAN BARRIER,NO CONTROLS,UNABLE TO DETERMINE,UNABLE TO DETERMINE,0,0,0,0,15,3,7,673,KEDZIE AVE,41.732646,-87.689152,07/19/2022 04:51:00 PM,2022
CR00024998,04/05/2017 05:00:00 PM,35,RAIN,DAYLIGHT,PARKED MOTOR VEHICLE,T-INTERSECTION,NO CONTROLS,FAILING TO YIELD RIGHT-OF-WAY,FAILING TO YIELD RIGHT-OF-WAY,0,0,0,0,17,4,4,195,ROOSEVELT RD,41.882187,-87.608383,04/05/2017 05:16:00 PM,2017
CR00024999,06/26/2017 08:59:00 AM,30,RAIN,DAYLIGHT,SIDESWIPE SAME DIRECTION,DIVIDED - W/MEDIAN BARRIER,TRAFFIC SIGNAL,FAILING TO REDUCE SPEED,UNABLE TO DETERMINE,0,0,0,0,8,2,6,1766,MICHIGAN AVE,41.785255,-87.614843,06/26/2017 10:05:00 AM,2017
CR00025000,09/01/2015 05:27:00 PM,30,CLEAR,DARKNESS - LIGHTED ROAD,ANGLE,NOT DIVIDED,NO CONTROLS,UNABLE TO DETERMINE,DRIVING SKILLS/KNOWLEDGE/EXPERIENCE,0,0,0,0,17,3,9,1081,FULLERTON AVE,41.821253,-87.717215,09/01/2015 05:50:00 PM,2015
CR00025001,01/03/2016 05:52:00 AM,30,CLOUDY/OVERCAST,DARKNESS,TURNING,DIVIDED - W/MEDIAN (NOT RAISED),TRAFFIC SIGNAL,IMPROPER OVERTAKING/PASSING,DRIVING SKILLS/KNOWLEDGE/EXPERIENCE,0,0,0,0,5,1,1,212,OGDEN AVE,41.963054,-87.557638,01/03/2016 06:40:00 AM,2016
CR00025002,05/11/2016 06:00:00 PM,15,CLOUDY/OVERCAST,DARKNESS - LIGHTED ROAD,REAR TO FRONT,DIVIDED - W/MEDIAN BARRIER,TRAFFIC SIGNAL,UNABLE TO DETERMINE,UNABLE TO DETERMINE,0,0,0,0,18,4,5,681,PULASKI RD,41.994448,-87.674055,05/11/2016 06:36:00 PM,2016
CR00025003,05/23/2024 08:25:00 AM,35,SNOW,DARKNESS,REAR END,DIVIDED - W/MEDIAN (NOT RAISED),TRAFFIC SIGNAL,DISTRACTION - FROM INSIDE VEHICLE,FOLLOWING TOO CLOSELY,0,0,0,0,8,5,5,1157,HALSTED ST,41.715493,-87.569815,05/23/2024 10:00:00 AM,2024
CR00025004,07/27/2023 09:13:00 AM,40,CLEAR,DARKNESS - LIGHTED ROAD,REAR END,DIVIDED - W/MEDIAN BARRIER,UNKNOWN,UNABLE TO DETERMINE,IMPROPER LANE USAGE,0,0,0,0,9,5,7,1245,DIVISION ST,41.733089,-87.846567,07/27/2023 09:58:00 AM,2023
CR00025005,12/07/2022 10:13:00 AM,30,CLEAR,DAYLIGHT,SIDESWIPE SAME DIRECTION,NOT DIVIDED,TRAFFIC SIGNAL,DRIVING SKILLS/KNOWLEDGE/EXPERIENCE,UNABLE TO DETERMINE,0,0,0,0,10,4,12,1331,PULASKI RD,41.938159,-87.728028,12/07/2022 11:31:00 AM,2022
CR00025006,04/04/2020 11:06:00 AM,30,CLEAR,DAYLIGHT,TURNING,FOUR WAY,STOP SIGN/FLASHER,UNABLE TO DETERMINE,UNABLE TO DETERMINE,0,0,1,1,11,7,4,2097,BROADWAY,41.766906,-87.771308,04/04/2020 11:12:00 AM,2020
CR00025007,08/29/2023 06:11:00 PM,30,CLEAR,DARKNESS - LIGHTED ROAD,TURNING,FOUR WAY,STOP SIGN/FLASHER,FOLLOWING TOO CLOSELY,UNABLE TO DETERMINE,0,2,2,4,18,3,8,653,CALIFORNIA AVE,41.838486,-87.615669,08/29/2023 06:19:00 PM,2023
CR00025008,10/25/2015 12:36:00 AM,30,CLEAR,DARKNESS - LIGHTED ROAD,REAR END,DIVIDED - W/MEDIAN (NOT RAISED),TRAFFIC SIGNAL,WEATHER,FOLLOWING TOO CLOSELY,0,0,0,0,0,1,10,2032,ARCHER AVE,41.740502,-87.740703,10/25/2015 02:03:00 AM,2015
CR00025009,07/01/2016 07:53:00 PM,35,CLEAR,DAYLIGHT,PARKED MOTOR VEHICLE,NOT DIVIDED,NO CONTROLS,IMPROPER LANE USAGE,NOT APPLICABLE,0,0,0,0,19,6,7,2383,MICHIGAN AVE,41.850203,-87.805616,07/01/2016 09:01:00 PM,2016
CR00025010,06/13/2015 04:54:00 PM,15,CLEAR,DAYLIGHT,PEDESTRIAN,FOUR WAY,NO CONTROLS,DISREGARDING TRAFFIC SIGNALS,FAILING TO YIELD RIGHT-OF-WAY,0,0,0,0,16,7,6,1483,FULLERTON AVE,41.900405,-87.70818,06/13/2015 06:33:00 PM,2015
CR00025011,01/01/2020 09:28:00 PM,15,CLEAR,DARKNESS - LIGHTED ROAD,REAR END,NOT DIVIDED,STOP SIGN/FLASHER,IMPROPER LANE USAGE,NOT APPLICABLE,0,0,0,0,21,4,1,985,LAKE SHORE DR,41.891584,-87.553066,01/01/2020 09:43:00 PM,2020
CR00025012,03/11/2023 08:13:00 AM,30,CLEAR,DAYLIGHT,PARKED MOTOR VEHICLE,NOT DIVIDED,NO CONTROLS,UNABLE TO DETERMINE,NOT APPLICABLE,0,0,0,0,8,7,3,1535,HALSTED ST,41.804065,-87.812152,03/11/2023 09:06:00 AM,2023