CRASH_RECORD_ID,CRASH_DATE,POSTED_SPEED_LIMIT,WEATHER_CONDITION,LIGHTING_CONDITION,FIRST_CRASH_TYPE,TRAFFICWAY_TYPE,TRAFFIC_CONTROL_DEVICE,PRIM_CONTRIBUTORY_CAUSE,SEC_CONTRIBUTORY_CAUSE,INJURIES_FATAL,INJURIES_INCAPACITATING,INJURIES_NON_INCAPACITATING,INJURIES_TOTAL,CRASH_HOUR,CRASH_DAY_OF_WEEK,CRASH_MONTH,BEAT_OF_OCCURRENCE,STREET_NAME,LATITUDE,LONGITUDE,DATE_POLICE_NOTIFIED,year
CR00025013,12/31/2022 07:02:00 AM,30,CLEAR,DARKNESS,FIXED OBJECT,DIVIDED - W/MEDIAN (NOT RAISED),UNKNOWN,FOLLOWING TOO CLOSELY,IMPROPER LANE USAGE,0,0,0,0,7,7,12,1977,KEDZIE AVE,41.917506,-87.554527,12/31/2022 08:14:00 AM,2022
CR00025014,05/02/2016 07:26:00 AM,30,CLEAR,DARKNESS - LIGHTED ROAD,TURNING,T-INTERSECTION,STOP SIGN/FLASHER,UNABLE TO DETERMINE,FOLLOWING TOO CLOSELY,0,0,0,0,7,2,5,1843,IRVING PARK RD,41.982916,-87.662496,05/02/2016 09:23:00 AM,2016
CR00025015,09/16/2020 04:53:00 PM,35,CLEAR,DAYLIGHT,REAR END,NOT DIVIDED,NO CONTROLS,DRIVING SKILLS/KNOWLEDGE/EXPERIENCE,FOLLOWING TOO CLOSELY,0,0,0,0,16,4,9,2370,MILWAUKEE AVE,41.963643,-87.736899,09/16/2020 05:26:00 PM,2020
CR00025016,12/09/2017 07:19:00 PM,15,CLEAR,DARKNESS - LIGHTED ROAD,SIDESWIPE SAME DIRECTION,NOT DIVIDED,NO CONTROLS,FAILING TO YIELD RIGHT-OF-WAY,UNABLE TO DETERMINE,0,0,0,0,19,7,12,2183,FULLERTON AVE,41.738135,-87.676692,12/09/2017 09:01:00 PM,2017
CR00025017,09/13/2020 04:01:00 AM,35,RAIN,DUSK,PEDESTRIAN,DIVIDED - W/MEDIAN BARRIER,TRAFFIC SIGNAL,FOLLOWING TOO CLOSELY,NOT APPLICABLE,0,0,0,0,4,1,9,656,ROOSEVELT RD,41.746126,-87.746427,09/13/2020 04:33:00 AM,2020
CR00025018,04/20/2018 04:21:00 PM,30,RAIN,DAYLIGHT,TURNING,DIVIDED - W/MEDIAN BARRIER,TRAFFIC SIGNAL,UNABLE TO DETERMINE,UNABLE TO DETERMINE,0,0,0,0,16,6,4,1748,MILWAUKEE AVE,41.984446,-87.622315,04/20/2018 05:57:00 PM,2018
CR00025019,04/07/2024 04:22:00 AM,30,CLEAR,DAYLIGHT,ANGLE,DIVIDED - W/MEDIAN (NOT RAISED),STOP SIGN/FLASHER,FOLLOWING TOO CLOSELY,NOT APPLICABLE,0,1,1,2,4,1,4,1686,63RD ST,41.949822,-87.754076,04/07/2024 05:31:00 AM,2024
CR00025020,08/27/2023 12:30:00 AM,20,RAIN,DAYLIGHT,REAR END,DIVIDED - W/MEDIAN (NOT RAISED),STOP SIGN/FLASHER,UNABLE TO DETERMINE,FOLLOWING TOO CLOSELY,0,1,0,1,0,1,8,2206,47TH ST,41.749732,-87.618819,08/27/2023 12:52:00 AM,2023
CR00025021,11/06/2020 06:14:00 AM,30,CLEAR,DARKNESS - LIGHTED ROAD,REAR END,DIVIDED - W/MEDIAN (NOT RAISED),NO CONTROLS,UNABLE TO DETERMINE,FOLLOWING TOO CLOSELY,0,0,0,0,6,6,11,709,OGDEN AVE,41.840467,-87.589057,11/06/2020 06:21:00 AM,2020
CR00025022,10/30/2017 05:47:00 PM,35,CLEAR,DAYLIGHT,PEDESTRIAN,DIVIDED - W/MEDIAN BARRIER,PEDESTRIAN CROSSING SIGN,FOLLOWING TOO CLOSELY,UNABLE TO DETERMINE,0,0,2,2,17,2,10,1273,CLARK ST,41.827906,-87.603357,10/30/2017 07:39:00 PM,2017
CR00025023,03/08/2024 04:27:00 PM,30,CLOUDY/OVERCAST,DAYLIGHT,SIDESWIPE SAME DIRECTION,DIVIDED - W/MEDIAN (NOT RAISED),TRAFFIC SIGNAL,FAILING TO YIELD RIGHT-OF-WAY,DISTRACTION - FROM INSIDE VEHICLE,0,0,0,0,16,6,3,614,STATE ST,41.839909,-87.603371,03/08/2024 05:56:00 PM,2024
CR00025024,05/11/2021 06:41:00 PM,40,CLEAR,DAYLIGHT,REAR END,NOT DIVIDED,UNKNOWN,DISTRACTION - FROM INSIDE VEHICLE,NOT APPLICABLE,0,0,1,1,18,3,5,2508,BROADWAY,41.918266,-87.795272,05/11/2021 08:05:00 PM,2021
CR00025025,10/22/2022 05:50:00 AM,30,RAIN,DAYLIGHT,TURNING,FOUR WAY,TRAFFIC SIGNAL,UNABLE TO DETERMINE,UNABLE TO DETERMINE,0,0,0,0,5,7,10,292,47TH ST,41.963195,-87.739298,10/22/2022 07:39:00 AM,2022
CR00025026,12/08/2023 07:55:00 PM,40,CLEAR,DAYLIGHT,REAR END,DIVIDED - W/MEDIAN BARRIER,PEDESTRIAN CROSSING SIGN,FOLLOWING TOO CLOSELY,NOT APPLICABLE,0,0,0,0,19,6,12,2476,ARCHER AVE,41.81729,-87.671047,12/08/2023 09:00:00 PM,2023
CR00025027,07/21/2016 05:18:00 PM,30,CLEAR,DAYLIGHT,PARKED MOTOR VEHICLE,DIVIDED - W/MEDIAN BARRIER,STOP SIGN/FLASHER,DISTRACTION - FROM INSIDE VEHICLE,UNABLE TO DETERMINE,0,0,1,1,17,5,7,1846,CALIFORNIA AVE,41.89263,-87.785687,07/21/2016 05:28:00 PM,2016
CR00025028,08/09/2017 01:39:00 PM,35,CLEAR,DAYLIGHT,PEDESTRIAN,NOT DIVIDED,NO CONTROLS,FAILING TO REDUCE SPEED,FOLLOWING TOO CLOSELY,0,0,1,1,13,4,8,563,79TH ST,41.837475,-87.726754,08/09/2017 01:56:00 PM,2017
CR00025029,07/26/2015 04:04:00 PM,30,CLEAR,DUSK,PARKED MOTOR VEHICLE,NOT DIVIDED,NO CONTROLS,DRIVING SKILLS/KNOWLEDGE/EXPERIENCE,FAILING TO YIELD RIGHT-OF-WAY,0,0,1,1,16,1,7,399,ASHLAND AVE,41.899663,-87.56905,07/26/2015 05:39:00 PM,2015
CR00025030,08/27/2024 07:59:00 AM,30,CLEAR,DAYLIGHT,PEDESTRIAN,NOT DIVIDED,NO CONTROLS,IMPROPER LANE USAGE,NOT APPLICABLE,0,0,0,0,7,3,8,1881,STONY ISLAND AVE,41.742899,-87.78049,08/27/2024 09:59:00 AM,2024
CR00025031,07/11/2017 07:54:00 PM,45,CLEAR,DAYLIGHT,REAR END,DIVIDED - W/MEDIAN BARRIER,TRAFFIC SIGNAL,FOLLOWING TOO CLOSELY,FAILING TO YIELD RIGHT-OF-WAY,0,0,0,0,19,3,7,2163,IRVING PARK RD,41.939224,-87.756586,07/11/2017 08:45:00 PM,2017
CR00025032,06/06/2017 03:31:00 PM,35,RAIN,DARKNESS - LIGHTED ROAD,REAR END,T-INTERSECTION,STOP SIGN/FLASHER,UNABLE TO DETERMINE,UNABLE TO DETERMINE,0,0,0,0,15,3,6,713,MICHIGAN AVE,41.769109,-87.719488,06/06/2017 04:42:00 PM,2017
CR00025033,08/21/2015 04:18:00 PM,30,RAIN,DUSK,REAR END,NOT DIVIDED,STOP SIGN/FLASHER,UNABLE TO DETERMINE,NOT APPLICABLE,0,0,1,1,16,6,8,1350,PULASKI RD,41.726365,-87.846199,08/21/2015 06:12:00 PM,2015
CR00025034,10/05/2018 06:06:00 PM,30,RAIN,DAYLIGHT,REAR TO FRONT,FOUR WAY,NO CONTROLS,FAILING TO YIELD RIGHT-OF-WAY,NOT APPLICABLE,0,0,0,0,18,6,10,839,CICERO AVE,41.869474,-87.562143,10/05/2018 06:34:00 PM,2018
CR00025035,09/06/2016 07:35:00 AM,40,CLEAR,DAYLIGHT,FIXED OBJECT,DIVIDED - W/MEDIAN BARRIER,NO CONTROLS,FOLLOWING TOO CLOSELY,FAILING TO REDUCE SPEED,0,0,0,0,7,3,9,226,CICERO AVE,41.85475,-87.731651,09/06/2016 07:44:00 AM,2016
CR00025036,05/19/2023 11:40:00 PM,30,RAIN,DAYLIGHT,TURNING,NOT DIVIDED,NO CONTROLS,FOLLOWING TOO CLOSELY,FAILING TO YIELD RIGHT-OF-WAY,0,0,0,0,23,6,5,2145,CLARK ST,41.907197,-87.75688,05/20/2023 01:37:00 AM,2023
CR00025037,10/10/2017 03:07:00 PM,25,CLEAR,DAYLIGHT,TURNING,ONE-WAY,TRAFFIC SIGNAL,FAILING TO YIELD RIGHT-OF-WAY,NOT APPLICABLE,0,0,0,0,15,3,10,152,ASHLAND AVE,41.752989,-87.598712,10/10/2017 04:06:00 PM,2017
CR00025038,01/16/2017 02:58:00 AM,35,FREEZING RAIN/DRIZZLE,DAYLIGHT,PEDESTRIAN,NOT DIVIDED,STOP SIGN/FLASHER,IMPROPER LANE USAGE,DRIVING SKILLS/KNOWLEDGE/EXPERIENCE,0,0,0,0,2,2,1,1001,KEDZIE AVE,41.710258,-87.792663,01/16/2017 04:30:00 AM,2017
CR00025039,08/26/2022 07:42:00 AM,25,SNOW,DAYLIGHT,SIDESWIPE SAME DIRECTION,DIVIDED - W/MEDIAN (NOT RAISED),TRAFFIC SIGNAL,WEATHER,DRIVING SKILLS/KNOWLEDGE/EXPERIENCE,0,0,0,0,7,6,8,106,STATE ST,41.990413,-87.844538,08/26/2022 08:24:00 AM,2022
CR00025040,12/31/2024 01:28:00 PM,15,CLEAR,DAYLIGHT,SIDESWIPE SAME DIRECTION,ONE-WAY,TRAFFIC SIGNAL,IMPROPER LANE USAGE,WEATHER,0,0,0,0,13,3,12,2218,WESTERN AVE,41.775882,-87.560747,12/31/2024 01:56:00 PM,2024
CR00025041,11/04/2015 06:26:00 AM,35,CLEAR,DARKNESS - LIGHTED ROAD,TURNING,DIVIDED - W/MEDIAN (NOT RAISED),NO CONTROLS,DISREGARDING TRAFFIC SIGNALS,IMPROPER OVERTAKING/PASSING,0,0,2,2,6,4,11,975,CLARK ST,41.982088,-87.525083,11/04/2015 07:12:00 AM,2015
CR00025042,01/05/2023 05:12:00 PM,30,SNOW,DARKNESS - LIGHTED ROAD,ANGLE,FOUR WAY,YIELD,FAILING TO REDUCE SPEED,UNABLE TO DETERMINE,0,0,0,0,17,5,1,1999,ASHLAND AVE,41.765606,-87.641977,01/05/2023 06:17:00 PM,2023
CR00025043,07/18/2018 07:15:00 PM,35,FREEZING RAIN/DRIZZLE,DAYLIGHT,REAR END,NOT DIVIDED,NO CONTROLS,IMPROPER LANE USAGE,FAILING TO YIELD RIGHT-OF-WAY,0,0,0,0,19,4,7,1617,BROADWAY,41.744989,-87.610366,07/18/2018 07:55:00 PM,2018
CR00025044,01/17/2024 08:25:00 AM,40,RAIN,DAYLIGHT,ANGLE,FOUR WAY,NO CONTROLS,UNABLE TO DETERMINE,DISREGARDING TRAFFIC SIGNALS,0,0,0,0,8,4,1,139,STONY ISLAND AVE,41.828141,-87.759308,01/17/2024 09:15:00 AM,2024
CR00025045,09/22/2023 08:04:00 AM,30,CLEAR,DAYLIGHT,REAR TO FRONT,NOT DIVIDED,UNKNOWN,UNABLE TO DETERMINE,FAILING TO YIELD RIGHT-OF-WAY,0,0,2,2,8,6,9,309,STONY ISLAND AVE,41.722245,-87.760613,09/22/2023 09:40:00 AM,2023
CR00025046,11/30/2016 03:16:00 PM,25,CLOUDY/OVERCAST,DAYLIGHT,REAR TO FRONT,FOUR WAY,STOP SIGN/FLASHER,UNABLE TO DETERMINE,UNABLE TO DETERMINE,0,0,0,0,15,4,11,696,CALIFORNIA AVE,41.759024,-87.58717,11/30/2016 04:37:00 PM,2016
CR00025047,01/14/2023 04:44:00 PM,40,SNOW,DARKNESS,PEDESTRIAN,FOUR WAY,UNKNOWN,IMPROPER LANE USAGE,NOT APPLICABLE,0,0,0,0,16,7,1,1684,63RD ST,41.877681,-87.825316,01/14/2023 04:51:00 PM,2023
CR00025048,06/15/2015 08:58:00 AM,35,CLEAR,DAYLIGHT,SIDESWIPE SAME DIRECTION,NOT DIVIDED,NO CONTROLS,UNABLE TO DETERMINE,UNABLE TO DETERMINE,0,0,0,0,8,2,6,1159,ELSTON AVE,41.927264,-87.79952,06/15/2015 09:19:00 AM,2015
CR00025049,12/09/2023 02:33:00 PM,30,CLEAR,DAYLIGHT,ANGLE,NOT DIVIDED,STOP SIGN/FLASHER,UNABLE TO DETERMINE,UNABLE TO DETERMINE,0,0,0,0,14,7,12,421,IRVING PARK RD,41.864809,-87.790022,12/09/2023 02:41:00 PM,2023
CR00025050,10/16/2024 07:54:00 AM,30,CLEAR,DAYLIGHT,SIDESWIPE SAME DIRECTION,DIVIDED - W/MEDIAN (NOT RAISED),NO CONTROLS,UNABLE TO DETERMINE,FAILING TO REDUCE SPEED,0,0,0,0,7,4,10,2314,MICHIGAN AVE,41.895126,-87.765574,10/16/2024 09:21:00 AM,2024
CR00025051,03/21/2022 11:35:00 PM,25,RAIN,DAYLIGHT,REAR END,NOT DIVIDED,NO CONTROLS,IMPROPER OVERTAKING/PASSING,UNABLE TO DETERMINE,0,0,0,0,23,2,3,190,CALIFORNIA AVE,41.734941,-87.538842,03/21/2022 11:54:00 PM,2022
CR00025052,02/01/2017 09:24:00 AM,35,CLEAR,DAYLIGHT,ANGLE,T-INTERSECTION,TRAFFIC SIGNAL,UNABLE TO DETERMINE,FAILING TO REDUCE SPEED,0,0,0,0,9,4,2,664,63RD ST,41.730718,-87.675291,02/01/2017 09:35:00 AM,2017
CR00025053,12/28/2019 08:47:00 AM,45,CLEAR,DARKNESS - LIGHTED ROAD,TURNING,NOT DIVIDED,TRAFFIC SIGNAL,WEATHER,IMPROPER LANE USAGE,0,0,0,0,8,7,12,1790,STATE ST,41.703746,-87.545156,12/28/2019 09:40:00 AM,2019
CR00025054,01/05/2016 03:07:00 PM,40,CLEAR,DAYLIGHT,REAR END,DIVIDED - W/MEDIAN BARRIER,TRAFFIC SIGNAL,IMPROPER LANE USAGE,UNABLE TO DETERMINE,0,0,3,3,15,3,1,2187,HALSTED ST,41.883004,-87.639375,01/05/2016 05:04:00 PM,2016
CR00025055,04/03/2021 01:26:00 AM,20,CLEAR,DARKNESS - LIGHTED ROAD,REAR END,T-INTERSECTION,STOP SIGN/FLASHER,FOLLOWING TOO CLOSELY,FOLLOWING TOO CLOSELY,0,0,0,0,1,7,4,1523,KEDZIE AVE,41.946669,-87.608208,04/03/2021 02:51:00 AM,2021
CR00025056,08/04/2020 10:12:00 AM,30,CLEAR,DAYLIGHT,TURNING,FOUR WAY,STOP SIGN/FLASHER,FOLLOWING TOO CLOSELY,FOLLOWING TOO CLOSELY,0,0,3,3,10,3,8,1162,63RD ST,41.713865,-87.76847,08/04/2020 11:44:00 AM,2020
CR00025057,03/30/2024 03:09:00 PM,35,CLEAR,DAYLIGHT,TURNING,NOT DIVIDED,NO CONTROLS,UNABLE TO DETERMINE,FOLLOWING TOO CLOSELY,0,0,0,0,15,7,3,1713,DIVISION ST,41.765764,-87.669455,03/30/2024 03:25:00 PM,2024
CR00025058,11/04/2020 02:35:00 PM,30,CLEAR,DARKNESS - LIGHTED ROAD,FIXED OBJECT,NOT DIVIDED,TRAFFIC SIGNAL,FOLLOWING TOO CLOSELY,FAILING TO YIELD RIGHT-OF-WAY,0,0,0,0,14,4,11,256,79TH ST,41.9096,-87.525976,11/04/2020 04:00:00 PM,2020
CR00025059,04/03/2020 02:54:00 PM,15,CLOUDY/OVERCAST,DAYLIGHT,TURNING,NOT DIVIDED,STOP SIGN/FLASHER,FAILING TO YIELD RIGHT-OF-WAY,NOT APPLICABLE,0,0,0,0,14,6,4,2072,STONY ISLAND AVE,41.854002,-87.639296,04/03/2020 04:41:00 PM,2020
CR00025060,01/09/2020 11:30:00 PM,40,CLEAR,DARKNESS - LIGHTED ROAD,SIDESWIPE SAME DIRECTION,NOT DIVIDED,TRAFFIC SIGNAL,DRIVING SKILLS/KNOWLEDGE/EXPERIENCE,FAILING TO REDUCE SPEED,0,0,0,0,23,5,1,2097,ELSTON AVE,41.945779,-87.556898,01/09/2020 11:53:00 PM,2020
CR00025061,01/11/2018 06:57:00 PM,15,CLEAR,DAYLIGHT,REAR TO FRONT,DIVIDED - W/MEDIAN BARRIER,TRAFFIC SIGNAL,UNABLE TO DETERMINE,NOT APPLICABLE,0,0,0,0,18,5,1,883,ASHLAND AVE,41.81695,-87.755799,01/11/2018 07:38:00 PM,2018
CR00025062,06/27/2016 05:27:00 PM,25,CLEAR,DAYLIGHT,TURNING,NOT DIVIDED,NO CONTROLS,UNABLE TO DETERMINE,NOT APPLICABLE,0,0,0,0,17,2,6,1041,BROADWAY,41.710217,-87.507957,06/27/2016 05:51:00 PM,2016
CR00025063,10/07/2016 07:46:00 AM,35,CLOUDY/OVERCAST,DUSK,FIXED OBJECT,FOUR WAY,TRAFFIC SIGNAL,UNABLE TO DETERMINE,DRIVING SKILLS/KNOWLEDGE/EXPERIENCE,0,0,0,0,7,6,10,911,BROADWAY,41.931433,-87.546613,10/07/2016 08:56:00 AM,2016
CR00025064,05/24/2018 07:33:00 AM,20,RAIN,DAWN,TURNING,NOT DIVIDED,STOP SIGN/FLASHER,DRIVING SKILLS/KNOWLEDGE/EXPERIENCE,UNABLE TO DETERMINE,0,0,0,0,7,5,5,2247,CLARK ST,41.781003,-87.589839,05/24/2018 07:43:00 AM,2018
CR00025065,01/10/2022 01:53:00 PM,20,RAIN,DARKNESS,REAR TO FRONT,DIVIDED - W/MEDIAN (NOT RAISED),TRAFFIC SIGNAL,UNABLE TO DETERMINE,NOT APPLICABLE,0,0,0,0,13,2,1,735,OGDEN AVE,41.969289,-87.66102,01/10/2022 03:13:00 PM,2022
CR00025066,05/08/2024 03:29:00 PM,30,CLEAR,DARKNESS - LIGHTED ROAD,SIDESWIPE SAME DIRECTION,ONE-WAY,TRAFFIC SIGNAL,FAILING TO YIELD RIGHT-OF-WAY,FAILING TO YIELD RIGHT-OF-WAY,0,0,0,0,15,4,5,310,63RD ST,41.787094,-87.514802,05/08/2024 03:58:00 PM,2024
CR00025067,08/09/2024 07:05:00 PM,25,CLEAR,DAYLIGHT,PARKED MOTOR VEHICLE,FOUR WAY,STOP SIGN/FLASHER,WEATHER,IMPROPER LANE USAGE,0,0,0,0,19,6,8,1453,MICHIGAN AVE,41.95177,-87.818427,08/09/2024 07:20:00 PM,2024
CR00025068,04/07/2024 11:40:00 AM,30,CLEAR,DAYLIGHT,TURNING,NOT DIVIDED,STOP SIGN/FLASHER,IMPROPER OVERTAKING/PASSING,DRIVING SKILLS/KNOWLEDGE/EXPERIENCE,0,1,1,2,11,1,4,823,CICERO AVE,41.76731,-87.717616,04/07/2024 12:34:00 PM,2024
CR00025069,03/26/2018 12:33:00 PM,25,RAIN,DAYLIGHT,ANGLE,NOT DIVIDED,NO CONTROLS,IMPROPER LANE USAGE,UNABLE TO DETERMINE,0,0,0,0,12,2,3,187,63RD ST,41.965232,-87.773281,03/26/2018 02:31:00 PM,2018
CR00025070,04/26/2022 05:18:00 PM,45,CLEAR,DUSK,SIDESWIPE SAME DIRECTION,FOUR WAY,STOP SIGN/FLASHER,FOLLOWING TOO CLOSELY,DISREGARDING TRAFFIC SIGNALS,0,0,3,3,17,3,4,2460,IRVING PARK RD,41.813365,-87.570231,04/26/2022 05:57:00 PM,2022
CR00025071,04/27/2016 01:35:00 PM,40,FOG/SMOKE/HAZE,DARKNESS - LIGHTED ROAD,ANGLE,DIVIDED - W/MEDIAN (NOT RAISED),TRAFFIC SIGNAL,IMPROPER LANE USAGE,FOLLOWING TOO CLOSELY,0,0,0,0,13,4,4,1210,FULLERTON AVE,41.844214,-87.586207,04/27/2016 02:47:00 PM,2016
CR00025072,11/04/2024 04:48:00 PM,35,CLEAR,DARKNESS - LIGHTED ROAD,SIDESWIPE SAME DIRECTION,DIVIDED - W/MEDIAN (NOT RAISED),PEDESTRIAN CROSSING SIGN,IMPROPER LANE USAGE,IMPROPER LANE USAGE,0,0,0,0,16,2,11,933,CLARK ST,41.819546,-87.691522,11/04/2024 06:06:00 PM,2024
CR00025073,04/30/2017 01:28:00 PM,30,CLEAR,DARKNESS - LIGHTED ROAD,ANGLE,ONE-WAY,TRAFFIC SIGNAL,FOLLOWING TOO CLOSELY,IMPROPER LANE USAGE,0,0,0,0,13,1,4,2218,63RD ST,41.983089,-87.555809,04/30/2017 02:56:00 PM,2017
CR00025074,04/04/2019 08:57:00 AM,40,CLEAR,DARKNESS - LIGHTED ROAD,FIXED OBJECT,DIVIDED - W/MEDIAN (NOT RAISED),YIELD,UNABLE TO DETERMINE,FAILING TO YIELD RIGHT-OF-WAY,0,0,3,3,8,5,4,2440,MICHIGAN AVE,41.720399,-87.792378,04/04/2019 09:38:00 AM,2019
CR00025075,12/13/2020 05:33:00 PM,30,CLEAR,DAYLIGHT,REAR END,ONE-WAY,TRAFFIC SIGNAL,UNABLE TO DETERMINE,UNABLE TO DETERMINE,0,0,1,1,17,1,12,804,ELSTON AVE,41.784245,-87.551714,12/13/2020 07:31:00 PM,2020
CR00025076,12/15/2019 03:19:00 PM,35,CLOUDY/OVERCAST,DAYLIGHT,FIXED OBJECT,ONE-WAY,TRAFFIC SIGNAL,UNABLE TO DETERMINE,UNABLE TO DETERMINE,0,0,1,1,15,1,12,1841,MILWAUKEE AVE,41.760195,-87.731276,12/15/2019 04:41:00 PM,2019
CR00025077,04/23/2021 10:46:00 AM,25,CLEAR,DAYLIGHT,REAR TO FRONT,NOT DIVIDED,NO CONTROLS,FAILING TO YIELD RIGHT-OF-WAY,UNABLE TO DETERMINE,0,0,0,0,10,6,4,770,PULASKI RD,41.92986,-87.685659,04/23/2021 10:52:00 AM,2021
CR00025078,08/07/2018 05:08:00 PM,30,CLEAR,DAYLIGHT,ANGLE,T-INTERSECTION,STOP SIGN/FLASHER,FOLLOWING TOO CLOSELY,WEATHER,0,0,3,3,17,3,8,2219,KEDZIE AVE,41.841891,-87.797926,08/07/2018 06:38:00 PM,2018
CR00025079,06/16/2019 01:19:00 PM,20,CLEAR,DAYLIGHT,ANGLE,NOT DIVIDED,TRAFFIC SIGNAL,IMPROPER OVERTAKING/PASSING,DRIVING SKILLS/KNOWLEDGE/EXPERIENCE,0,0,0,0,13,1,6,458,CLARK ST,41.801958,-87.737579,06/16/2019 02:49:00 PM,2019
CR00025080,11/20/2018 08:35:00 AM,35,CLOUDY/OVERCAST,DAYLIGHT,SIDESWIPE SAME DIRECTION,NOT DIVIDED,NO CONTROLS,WEATHER,UNABLE TO DETERMINE,0,0,1,1,8,3,11,442,BROADWAY,41.994296,-87.56276,11/20/2018 09:58:00 AM,2018
CR00025081,04/01/2023 08:08:00 PM,15,RAIN,DARKNESS - LIGHTED ROAD,REAR TO FRONT,NOT DIVIDED,NO CONTROLS,UNABLE TO DETERMINE,UNABLE TO DETERMINE,0,0,0,0,20,7,4,1068,STATE ST,41.99833,-87.533599,04/01/2023 09:42:00 PM,2023
CR00025082,10/14/2022 02:59:00 PM,40,CLEAR,DAYLIGHT,ANGLE,T-INTERSECTION,TRAFFIC SIGNAL,FOLLOWING TOO CLOSELY,DRIVING SKILLS/KNOWLEDGE/EXPERIENCE,0,0,0,0,14,6,10,1442,STONY ISLAND AVE,41.767658,-87.598399,10/14/2022 03:27:00 PM,2022
CR00025083,09/22/2021 01:51:00 AM,20,CLEAR,DUSK,REAR END,ONE-WAY,NO CONTROLS,UNABLE TO DETERMINE,DISREGARDING TRAFFIC SIGNALS,0,0,0,0,1,4,9,1357,CALIFORNIA AVE,41.884791,-87.548684,09/22/2021 02:36:00 AM,2021
CR00025084,03/25/2018 02:23:00 PM,35,RAIN,DAYLIGHT,REAR END,DIVIDED - W/MEDIAN (NOT RAISED),NO CONTROLS,FAILING TO YIELD RIGHT-OF-WAY,NOT APPLICABLE,0,0,0,0,14,1,3,1537,HALSTED ST,41.828429,-87.567936,03/25/2018 03:37:00 PM,2018
CR00025085,01/02/2022 10:07:00 AM,30,CLEAR,DUSK,REAR END,NOT DIVIDED,NO CONTROLS,FAILING TO YIELD RIGHT-OF-WAY,FOLLOWING TOO CLOSELY,0,0,1,1,10,1,1,2176,STATE ST,41.794779,-87.58855,01/02/2022 10:28:00 AM,2022
CR00025086,01/16/2020 08:14:00 PM,15,CLEAR,DUSK,TURNING,DIVIDED - W/MEDIAN (NOT RAISED),STOP SIGN/FLASHER,FAILING TO YIELD RIGHT-OF-WAY,DRIVING SKILLS/KNOWLEDGE/EXPERIENCE,0,0,0,0,20,5,1,1324,CICERO AVE,41.734082,-87.835917,01/16/2020 09:23:00 PM,2020
CR00025087,01/07/2022 10:19:00 PM,20,CLOUDY/OVERCAST,DAYLIGHT,REAR END,NOT DIVIDED,NO CONTROLS,WEATHER,UNABLE TO DETERMINE,0,0,0,0,22,6,1,260,63RD ST,41.806815,-87.72844,01/07/2022 11:40:00 PM,2022
CR00025088,05/30/2016 05:44:00 PM,45,CLEAR,DARKNESS - LIGHTED ROAD,ANGLE,DIVIDED - W/MEDIAN BARRIER,UNKNOWN,FOLLOWING TOO CLOSELY,FAILING TO YIELD RIGHT-OF-WAY,0,0,0,0,17,2,5,2338,ROOSEVELT RD,41.926748,-87.556122,05/30/2016 07:11:00 PM,2016
CR00025089,05/11/2023 06:50:00 PM,30,CLEAR,DAYLIGHT,SIDESWIPE SAME DIRECTION,DIVIDED - W/MEDIAN (NOT RAISED),NO CONTROLS,FAILING TO YIELD RIGHT-OF-WAY,UNABLE TO DETERMINE,0,0,0,0,18,5,5,510,ROOSEVELT RD,41.968605,-87.812141,05/11/2023 08:04:00 PM,2023
CR00025090,11/25/2022 02:58:00 AM,35,CLEAR,DAYLIGHT,ANGLE,NOT DIVIDED,STOP SIGN/FLASHER,FAILING TO YIELD RIGHT-OF-WAY,FAILING TO YIELD RIGHT-OF-WAY,0,0,0,0,2,6,11,225,MILWAUKEE AVE,41.985526,-87.800561,11/25/2022 04:38:00 AM,2022
CR00025091,01/31/2020 09:57:00 PM,35,CLEAR,DAYLIGHT,REAR END,FOUR WAY,STOP SIGN/FLASHER,DISTRACTION - FROM INSIDE VEHICLE,UNABLE TO DETERMINE,0,0,0,0,21,6,1,2401,47TH ST,41.909905,-87.610693,01/31/2020 09:59:00 PM,2020
CR00025092,10/11/2018 03:40:00 PM,15,CLEAR,DAYLIGHT,REAR END,NOT DIVIDED,STOP SIGN/FLASHER,UNABLE TO DETERMINE,UNABLE TO DETERMINE,0,0,0,0,15,5,10,1589,MILWAUKEE AVE,41.760725,-87.848165,10/11/2018 03:43:00 PM,2018
CR00025093,12/12/2017 03:36:00 PM,25,RAIN,DARKNESS - LIGHTED ROAD,REAR END,NOT DIVIDED,NO CONTROLS,FAILING TO YIELD RIGHT-OF-WAY,IMPROPER LANE USAGE,0,0,0,0,15,3,12,1937,BROADWAY,41.909125,-87.73431,12/12/2017 04:08:00 PM,2017
CR00025094,10/08/2018 07:56:00 AM,30,CLEAR,DARKNESS,REAR END,DIVIDED - W/MEDIAN (NOT RAISED),STOP SIGN/FLASHER,DRIVING SKILLS/KNOWLEDGE/EXPERIENCE,UNABLE TO DETERMINE,0,0,0,0,7,2,10,1833,79TH ST,41.756243,-87.583856,10/08/2018 09:43:00 AM,2018
CR00025095,07/15/2016 01:30:00 AM,30,CLEAR,DARKNESS - LIGHTED ROAD,SIDESWIPE SAME DIRECTION,ONE-WAY,NO CONTROLS,DISREGARDING TRAFFIC SIGNALS,UNABLE TO DETERMINE,0,0,0,0,1,6,7,1211,ARCHER AVE,41.714171,-87.829848,07/15/2016 01:36:00 AM,2016