CRASH_RECORD_ID,CRASH_DATE,POSTED_SPEED_LIMIT,WEATHER_CONDITION,LIGHTING_CONDITION,FIRST_CRASH_TYPE,TRAFFICWAY_TYPE,TRAFFIC_CONTROL_DEVICE,PRIM_CONTRIBUTORY_CAUSE,SEC_CONTRIBUTORY_CAUSE,INJURIES_FATAL,INJURIES_INCAPACITATING,INJURIES_NON_INCAPACITATING,INJURIES_TOTAL,CRASH_HOUR,CRASH_DAY_OF_WEEK,CRASH_MONTH,BEAT_OF_OCCURRENCE,STREET_NAME,LATITUDE,LONGITUDE,DATE_POLICE_NOTIFIED,year
CR00025096,12/29/2023 01:10:00 PM,30,CLEAR,DAYLIGHT,REAR END,NOT DIVIDED,STOP SIGN/FLASHER,IMPROPER LANE USAGE,UNABLE TO DETERMINE,0,0,0,0,13,6,12,582,CICERO AVE,41.844756,-87.689001,12/29/2023 02:54:00 PM,2023
CR00025097,11/21/2018 11:25:00 PM,30,CLEAR,DARKNESS - LIGHTED ROAD,TURNING,DIVIDED - W/MEDIAN BARRIER,TRAFFIC SIGNAL,UNABLE TO DETERMINE,FAILING TO YIELD RIGHT-OF-WAY,0,0,0,0,23,4,11,1380,WESTERN AVE,41.94704,-87.560037,11/22/2018 12:24:00 AM,2018
CR00025098,02/25/2015 08:25:00 AM,35,RAIN,DAYLIGHT,SIDESWIPE SAME DIRECTION,DIVIDED - W/MEDIAN (NOT RAISED),TRAFFIC SIGNAL,FAILING TO YIELD RIGHT-OF-WAY,DISREGARDING TRAFFIC SIGNALS,0,0,0,0,8,4,2,734,KEDZIE AVE,41.965789,-87.801729,02/25/2015 10:21:00 AM,2015
CR00025099,12/26/2018 03:34:00 PM,30,CLEAR,DAYLIGHT,REAR END,DIVIDED - W/MEDIAN (NOT RAISED),NO CONTROLS,FOLLOWING TOO CLOSELY,FOLLOWING TOO CLOSELY,0,0,1,1,15,4,12,851,ROOSEVELT RD,41.824441,-87.837388,12/26/2018 04:31:00 PM,2018
CR00025100,07/31/2015 11:14:00 PM,35,CLEAR,DARKNESS,REAR END,NOT DIVIDED,NO CONTROLS,UNABLE TO DETERMINE,FAILING TO YIELD RIGHT-OF-WAY,0,0,1,1,23,6,7,358,PULASKI RD,41.897122,-87.554784,07/31/2015 11:43:00 PM,2015
CR00025101,02/28/2023 12:39:00 PM,20,CLEAR,DAYLIGHT,REAR END,FOUR WAY,NO CONTROLS,UNABLE TO DETERMINE,DISREGARDING TRAFFIC SIGNALS,0,0,0,0,12,3,2,2243,STATE ST,41.930713,-87.522102,02/28/2023 01:05:00 PM,2023
CR00025102,12/21/2019 02:57:00 AM,30,CLEAR,DAYLIGHT,SIDESWIPE SAME DIRECTION,DIVIDED - W/MEDIAN BARRIER,NO CONTROLS,DISTRACTION - FROM INSIDE VEHICLE,NOT APPLICABLE,0,0,0,0,2,7,12,1527,ROOSEVELT RD,41.915183,-87.584994,12/21/2019 03:29:00 AM,2019
CR00025103,06/19/2017 02:19:00 AM,30,CLEAR,DAYLIGHT,REAR END,FOUR WAY,TRAFFIC SIGNAL,UNABLE TO DETERMINE,FAILING TO YIELD RIGHT-OF-WAY,0,0,0,0,2,2,6,2170,47TH ST,41.796141,-87.666849,06/19/2017 04:05:00 AM,2017
CR00025104,05/17/2018 06:35:00 PM,45,CLEAR,DARKNESS,REAR END,ONE-WAY,NO CONTROLS,FAILING TO YIELD RIGHT-OF-WAY,FOLLOWING TOO CLOSELY,0,0,0,0,18,5,5,206,STONY ISLAND AVE,41.861629,-87.838103,05/17/2018 06:37:00 PM,2018
CR00025105,12/24/2024 06:33:00 PM,30,CLEAR,DAYLIGHT,TURNING,NOT DIVIDED,NO CONTROLS,DISTRACTION - FROM INSIDE VEHICLE,UNABLE TO DETERMINE,0,0,0,0,18,3,12,1109,HALSTED ST,41.774908,-87.82986,12/24/2024 07:18:00 PM,2024
CR00025106,04/13/2024 06:34:00 PM,40,RAIN,DAYLIGHT,REAR END,NOT DIVIDED,PEDESTRIAN CROSSING SIGN,UNABLE TO DETERMINE,UNABLE TO DETERMINE,0,0,1,1,18,7,4,2005,LAKE SHORE DR,41.877787,-87.774873,04/13/2024 07:33:00 PM,2024
CR00025107,02/05/2024 08:16:00 AM,35,CLEAR,DARKNESS - LIGHTED ROAD,FIXED OBJECT,T-INTERSECTION,STOP SIGN/FLASHER,DISREGARDING TRAFFIC SIGNALS,FAILING TO REDUCE SPEED,0,0,0,0,8,2,2,927,CICERO AVE,41.893125,-87.677493,02/05/2024 09:33:00 AM,2024
CR00025108,05/17/2022 01:08:00 AM,45,CLEAR,DARKNESS - LIGHTED ROAD,TURNING,DIVIDED - W/MEDIAN (NOT RAISED),NO CONTROLS,DRIVING SKILLS/KNOWLEDGE/EXPERIENCE,FOLLOWING TOO CLOSELY,0,0,0,0,1,3,5,672,STONY ISLAND AVE,41.742486,-87.800057,05/17/2022 01:11:00 AM,2022
CR00025109,06/08/2021 09:57:00 AM,35,CLEAR,DAYLIGHT,TURNING,T-INTERSECTION,NO CONTROLS,UNABLE TO DETERMINE,FOLLOWING TOO CLOSELY,0,0,0,0,9,3,6,1709,MILWAUKEE AVE,41.750725,-87.555161,06/08/2021 11:26:00 AM,2021
CR00025110,04/16/2019 03:12:00 AM,35,SNOW,DARKNESS - LIGHTED ROAD,ANGLE,NOT DIVIDED,NO CONTROLS,FAILING TO YIELD RIGHT-OF-WAY,NOT APPLICABLE,0,0,0,0,3,3,4,1214,OGDEN AVE,41.892555,-87.710028,04/16/2019 03:41:00 AM,2019
CR00025111,08/16/2017 06:51:00 AM,40,CLEAR,DAYLIGHT,REAR END,NOT DIVIDED,UNKNOWN,UNABLE TO DETERMINE,NOT APPLICABLE,0,2,2,4,6,4,8,1726,PULASKI RD,41.837822,-87.608,08/16/2017 08:11:00 AM,2017
CR00025112,08/18/2024 03:56:00 PM,30,CLEAR,DUSK,PARKED MOTOR VEHICLE,DIVIDED - W/MEDIAN (NOT RAISED),NO CONTROLS,FOLLOWING TOO CLOSELY,DRIVING SKILLS/KNOWLEDGE/EXPERIENCE,0,0,0,0,15,1,8,397,79TH ST,41.801539,-87.57386,08/18/2024 04:14:00 PM,2024
CR00025113,11/28/2017 08:28:00 AM,15,CLEAR,DAYLIGHT,REAR TO FRONT,T-INTERSECTION,NO CONTROLS,DISTRACTION - FROM INSIDE VEHICLE,UNABLE TO DETERMINE,0,0,0,0,8,3,11,825,PULASKI RD,41.737406,-87.679298,11/28/2017 08:42:00 AM,2017
CR00025114,05/30/2023 05:27:00 PM,30,CLEAR,DARKNESS - LIGHTED ROAD,SIDESWIPE SAME DIRECTION,DIVIDED - W/MEDIAN (NOT RAISED),NO CONTROLS,IMPROPER OVERTAKING/PASSING,FOLLOWING TOO CLOSELY,0,0,0,0,17,3,5,1178,ARCHER AVE,41.806724,-87.727462,05/30/2023 06:44:00 PM,2023
CR00025115,09/15/2017 05:25:00 PM,30,FOG/SMOKE/HAZE,DARKNESS - LIGHTED ROAD,REAR END,ONE-WAY,STOP SIGN/FLASHER,DISTRACTION - FROM INSIDE VEHICLE,NOT APPLICABLE,0,0,0,0,17,6,9,640,MILWAUKEE AVE,41.729506,-87.625225,09/15/2017 07:22:00 PM,2017
CR00025116,06/21/2015 04:47:00 PM,45,CLEAR,DARKNESS - LIGHTED ROAD,REAR END,DIVIDED - W/MEDIAN BARRIER,UNKNOWN,UNABLE TO DETERMINE,FAILING TO YIELD RIGHT-OF-WAY,0,0,0,0,16,1,6,2232,MILWAUKEE AVE,41.776588,-87.502098,06/21/2015 05:14:00 PM,2015
CR00025117,12/26/2020 05:06:00 AM,35,CLOUDY/OVERCAST,DAYLIGHT,REAR TO FRONT,ONE-WAY,NO CONTROLS,DRIVING SKILLS/KNOWLEDGE/EXPERIENCE,DRIVING SKILLS/KNOWLEDGE/EXPERIENCE,0,0,0,0,5,7,12,2015,DAMEN AVE,41.835781,-87.803007,12/26/2020 06:17:00 AM,2020
CR00025118,09/02/2020 03:00:00 PM,25,CLOUDY/OVERCAST,DARKNESS - LIGHTED ROAD,PARKED MOTOR VEHICLE,DIVIDED - W/MEDIAN (NOT RAISED),NO CONTROLS,FAILING TO YIELD RIGHT-OF-WAY,IMPROPER LANE USAGE,0,0,0,0,15,4,9,324,DIVISION ST,41.938621,-87.758026,09/02/2020 03:56:00 PM,2020
CR00025119,12/07/2016 08:08:00 AM,25,CLEAR,DARKNESS - LIGHTED ROAD,REAR END,NOT DIVIDED,STOP SIGN/FLASHER,IMPROPER LANE USAGE,UNABLE TO DETERMINE,0,0,0,0,8,4,12,1795,MICHIGAN AVE,41.835594,-87.636035,12/07/2016 09:34:00 AM,2016
CR00025120,12/04/2018 05:17:00 PM,30,CLEAR,DAYLIGHT,REAR END,DIVIDED - W/MEDIAN BARRIER,STOP SIGN/FLASHER,DISTRACTION - FROM INSIDE VEHICLE,NOT APPLICABLE,0,0,0,0,17,3,12,1481,CALIFORNIA AVE,41.986003,-87.75379,12/04/2018 05:46:00 PM,2018
CR00025121,05/26/2016 12:08:00 AM,35,CLEAR,DARKNESS - LIGHTED ROAD,REAR END,NOT DIVIDED,STOP SIGN/FLASHER,UNABLE TO DETERMINE,NOT APPLICABLE,0,0,0,0,0,5,5,1689,KEDZIE AVE,41.994154,-87.577309,05/26/2016 01:51:00 AM,2016
CR00025122,12/16/2022 04:47:00 PM,15,CLEAR,DARKNESS - LIGHTED ROAD,SIDESWIPE SAME DIRECTION,ONE-WAY,STOP SIGN/FLASHER,FAILING TO REDUCE SPEED,FOLLOWING TOO CLOSELY,0,0,3,3,16,6,12,2214,BROADWAY,41.841314,-87.518597,12/16/2022 05:10:00 PM,2022
CR00025123,10/20/2021 06:56:00 PM,30,CLEAR,DAYLIGHT,PEDESTRIAN,DIVIDED - W/MEDIAN (NOT RAISED),TRAFFIC SIGNAL,DRIVING SKILLS/KNOWLEDGE/EXPERIENCE,NOT APPLICABLE,0,0,0,0,18,4,10,388,KEDZIE AVE,41.716462,-87.595238,10/20/2021 08:30:00 PM,2021
CR00025124,05/04/2015 12:51:00 PM,30,CLEAR,DAYLIGHT,FIXED OBJECT,DIVIDED - W/MEDIAN (NOT RAISED),NO CONTROLS,UNABLE TO DETERMINE,FAILING TO YIELD RIGHT-OF-WAY,0,0,0,0,12,2,5,2467,STATE ST,41.935599,-87.593668,05/04/2015 02:12:00 PM,2015
CR00025125,11/15/2021 08:27:00 PM,35,CLEAR,DARKNESS,REAR END,DIVIDED - W/MEDIAN (NOT RAISED),STOP SIGN/FLASHER,DISREGARDING TRAFFIC SIGNALS,FAILING TO YIELD RIGHT-OF-WAY,0,0,1,1,20,2,11,1396,OGDEN AVE,41.732402,-87.631512,11/15/2021 10:24:00 PM,2021
CR00025126,06/11/2024 07:22:00 PM,15,RAIN,DAYLIGHT,ANGLE,NOT DIVIDED,UNKNOWN,FAILING TO YIELD RIGHT-OF-WAY,UNABLE TO DETERMINE,0,0,0,0,19,3,6,320,47TH ST,41.791649,-87.600045,06/11/2024 08:00:00 PM,2024
CR00025127,06/22/2016 09:12:00 AM,45,SNOW,DARKNESS,PARKED MOTOR VEHICLE,NOT DIVIDED,NO CONTROLS,FOLLOWING TOO CLOSELY,DISTRACTION - FROM INSIDE VEHICLE,0,0,1,1,9,4,6,742,ARCHER AVE,41.819885,-87.558718,06/22/2016 10:34:00 AM,2016
CR00025128,09/27/2020 06:40:00 PM,15,CLEAR,DARKNESS,SIDESWIPE SAME DIRECTION,NOT DIVIDED,STOP SIGN/FLASHER,DISREGARDING TRAFFIC SIGNALS,UNABLE TO DETERMINE,0,0,0,0,18,1,9,2197,FULLERTON AVE,41.980391,-87.78921,09/27/2020 08:22:00 PM,2020
CR00025129,02/15/2017 07:27:00 AM,15,RAIN,DAYLIGHT,SIDESWIPE SAME DIRECTION,NOT DIVIDED,TRAFFIC SIGNAL,DISTRACTION - FROM INSIDE VEHICLE,FOLLOWING TOO CLOSELY,0,0,0,0,7,4,2,149,MICHIGAN AVE,41.904945,-87.823104,02/15/2017 08:36:00 AM,2017
CR00025130,01/23/2015 08:54:00 AM,30,CLEAR,DUSK,REAR END,FOUR WAY,TRAFFIC SIGNAL,UNABLE TO DETERMINE,UNABLE TO DETERMINE,0,0,0,0,8,6,1,2271,ASHLAND AVE,41.718251,-87.741147,01/23/2015 09:04:00 AM,2015
CR00025131,03/06/2023 08:30:00 PM,45,SNOW,DARKNESS,REAR TO FRONT,NOT DIVIDED,NO CONTROLS,FAILING TO YIELD RIGHT-OF-WAY,FOLLOWING TOO CLOSELY,0,0,0,0,20,2,3,1525,ELSTON AVE,41.901344,-87.719191,03/06/2023 09:07:00 PM,2023
CR00025132,09/07/2017 12:20:00 PM,35,CLEAR,DAYLIGHT,TURNING,NOT DIVIDED,STOP SIGN/FLASHER,UNABLE TO DETERMINE,NOT APPLICABLE,0,0,0,0,12,5,9,1825,FULLERTON AVE,41.77531,-87.767139,09/07/2017 01:18:00 PM,2017
CR00025133,05/04/2018 07:34:00 AM,20,CLEAR,DARKNESS - LIGHTED ROAD,REAR END,FOUR WAY,NO CONTROLS,UNABLE TO DETERMINE,NOT APPLICABLE,0,0,0,0,7,6,5,2245,DIVISION ST,41.848479,-87.533127,05/04/2018 07:57:00 AM,2018
CR00025134,06/13/2022 03:00:00 PM,45,RAIN,DAYLIGHT,ANGLE,DIVIDED - W/MEDIAN (NOT RAISED),TRAFFIC SIGNAL,FAILING TO REDUCE SPEED,FAILING TO YIELD RIGHT-OF-WAY,0,0,3,3,15,2,6,486,63RD ST,41.924066,-87.563033,06/13/2022 03:46:00 PM,2022
CR00025135,11/27/2019 06:45:00 PM,45,CLEAR,DAYLIGHT,REAR END,NOT DIVIDED,TRAFFIC SIGNAL,FOLLOWING TOO CLOSELY,FOLLOWING TOO CLOSELY,0,0,0,0,18,4,11,1667,MILWAUKEE AVE,41.911502,-87.840663,11/27/2019 08:00:00 PM,2019
CR00025136,08/06/2017 04:03:00 PM,45,CLEAR,DAYLIGHT,ANGLE,NOT DIVIDED,NO CONTROLS,UNABLE TO DETERMINE,UNABLE TO DETERMINE,0,0,0,0,16,1,8,1531,IRVING PARK RD,41.931729,-87.730392,08/06/2017 05:38:00 PM,2017
CR00025137,02/22/2016 10:55:00 AM,45,CLEAR,DAYLIGHT,REAR END,ONE-WAY,NO CONTROLS,FOLLOWING TOO CLOSELY,NOT APPLICABLE,0,0,0,0,10,2,2,1785,CICERO AVE,41.710639,-87.717471,02/22/2016 12:23:00 PM,2016
CR00025138,01/06/2023 08:47:00 AM,35,CLEAR,DAYLIGHT,TURNING,NOT DIVIDED,STOP SIGN/FLASHER,FAILING TO YIELD RIGHT-OF-WAY,DISTRACTION - FROM INSIDE VEHICLE,0,0,1,1,8,6,1,514,DAMEN AVE,41.912916,-87.840803,01/06/2023 10:19:00 AM,2023
CR00025139,07/17/2023 05:27:00 PM,20,CLOUDY/OVERCAST,DAYLIGHT,SIDESWIPE SAME DIRECTION,DIVIDED - W/MEDIAN (NOT RAISED),TRAFFIC SIGNAL,FAILING TO YIELD RIGHT-OF-WAY,NOT APPLICABLE,0,0,0,0,17,2,7,1736,WESTERN AVE,41.819919,-87.644359,07/17/2023 05:42:00 PM,2023
CR00025140,06/21/2022 04:42:00 PM,30,FREEZING RAIN/DRIZZLE,DAYLIGHT,ANGLE,ONE-WAY,NO CONTROLS,DISREGARDING TRAFFIC SIGNALS,UNABLE TO DETERMINE,0,0,0,0,16,3,6,725,ROOSEVELT RD,41.704249,-87.693119,06/21/2022 06:06:00 PM,2022
CR00025141,07/27/2018 11:00:00 PM,15,CLEAR,DARKNESS - LIGHTED ROAD,FIXED OBJECT,T-INTERSECTION,NO CONTROLS,UNABLE TO DETERMINE,DRIVING SKILLS/KNOWLEDGE/EXPERIENCE,0,0,0,0,23,6,7,2024,BROADWAY,41.704574,-87.550013,07/27/2018 11:25:00 PM,2018
CR00025142,06/21/2021 08:14:00 AM,30,CLOUDY/OVERCAST,DAYLIGHT,PEDESTRIAN,DIVIDED - W/MEDIAN BARRIER,STOP SIGN/FLASHER,FOLLOWING TOO CLOSELY,FOLLOWING TOO CLOSELY,0,0,1,1,8,2,6,1273,DIVISION ST,41.976975,-87.709586,06/21/2021 09:34:00 AM,2021
CR00025143,10/06/2024 09:57:00 AM,35,CLEAR,DARKNESS - LIGHTED ROAD,ANGLE,ONE-WAY,NO CONTROLS,UNABLE TO DETERMINE,IMPROPER LANE USAGE,0,0,0,0,9,1,10,1966,STATE ST,41.73302,-87.790401,10/06/2024 11:40:00 AM,2024
CR00025144,02/21/2019 09:34:00 PM,30,CLEAR,DARKNESS,ANGLE,NOT DIVIDED,STOP SIGN/FLASHER,FAILING TO YIELD RIGHT-OF-WAY,IMPROPER OVERTAKING/PASSING,0,0,0,0,21,5,2,2300,BROADWAY,41.890932,-87.69207,02/21/2019 09:58:00 PM,2019
CR00025145,01/18/2024 05:50:00 AM,35,CLEAR,DAYLIGHT,PARKED MOTOR VEHICLE,DIVIDED - W/MEDIAN (NOT RAISED),NO CONTROLS,FAILING TO REDUCE SPEED,UNABLE TO DETERMINE,0,0,0,0,5,5,1,2311,79TH ST,41.7463,-87.786808,01/18/2024 07:45:00 AM,2024
CR00025146,02/19/2022 05:57:00 PM,20,RAIN,DAYLIGHT,REAR END,NOT DIVIDED,NO CONTROLS,DISTRACTION - FROM INSIDE VEHICLE,UNABLE TO DETERMINE,0,0,0,0,17,7,2,1127,CICERO AVE,41.769738,-87.750341,02/19/2022 06:20:00 PM,2022
CR00025147,03/20/2015 07:55:00 AM,30,CLEAR,DAYLIGHT,PARKED MOTOR VEHICLE,ONE-WAY,NO CONTROLS,UNABLE TO DETERMINE,UNABLE TO DETERMINE,0,0,1,1,7,6,3,1988,BROADWAY,41.828726,-87.606093,03/20/2015 09:35:00 AM,2015
CR00025148,09/17/2018 06:54:00 AM,30,CLEAR,DAYLIGHT,TURNING,ONE-WAY,STOP SIGN/FLASHER,FOLLOWING TOO CLOSELY,UNABLE TO DETERMINE,0,1,2,3,6,2,9,2037,CALIFORNIA AVE,41.830335,-87.521879,09/17/2018 07:14:00 AM,2018
CR00025149,01/27/2019 03:00:00 PM,35,RAIN,DAYLIGHT,REAR END,DIVIDED - W/MEDIAN BARRIER,NO CONTROLS,FOLLOWING TOO CLOSELY,NOT APPLICABLE,0,0,1,1,15,1,1,1724,79TH ST,41.790766,-87.704132,01/27/2019 03:13:00 PM,2019
CR00025150,03/18/2020 08:37:00 PM,30,CLEAR,DAWN,ANGLE,NOT DIVIDED,NO CONTROLS,UNABLE TO DETERMINE,UNABLE TO DETERMINE,0,0,0,0,20,4,3,1120,PULASKI RD,41.873254,-87.816861,03/18/2020 09:45:00 PM,2020
CR00025151,12/02/2016 09:25:00 PM,45,RAIN,DARKNESS - LIGHTED ROAD,PARKED MOTOR VEHICLE,DIVIDED - W/MEDIAN BARRIER,NO CONTROLS,FAILING TO REDUCE SPEED,FAILING TO REDUCE SPEED,0,0,0,0,21,6,12,929,DIVISION ST,41.761927,-87.505238,12/02/2016 10:38:00 PM,2016
CR00025152,08/20/2015 03:39:00 PM,25,CLEAR,DAYLIGHT,REAR END,DIVIDED - W/MEDIAN BARRIER,TRAFFIC SIGNAL,FAILING TO REDUCE SPEED,IMPROPER OVERTAKING/PASSING,0,0,1,1,15,5,8,669,HALSTED ST,41.804988,-87.523426,08/20/2015 05:06:00 PM,2015
CR00025153,10/16/2019 01:36:00 PM,20,RAIN,DAYLIGHT,REAR END,DIVIDED - W/MEDIAN (NOT RAISED),TRAFFIC SIGNAL,DRIVING SKILLS/KNOWLEDGE/EXPERIENCE,FOLLOWING TOO CLOSELY,0,0,1,1,13,4,10,310,ELSTON AVE,41.85012,-87.685915,10/16/2019 02:18:00 PM,2019
CR00025154,02/16/2016 06:57:00 PM,30,SNOW,DUSK,ANGLE,NOT DIVIDED,NO CONTROLS,UNABLE TO DETERMINE,UNABLE TO DETERMINE,0,0,0,0,18,3,2,1281,DIVISION ST,41.868593,-87.63467,02/16/2016 07:45:00 PM,2016
CR00025155,10/07/2024 08:56:00 AM,40,CLEAR,DARKNESS - LIGHTED ROAD,SIDESWIPE SAME DIRECTION,ONE-WAY,YIELD,FAILING TO REDUCE SPEED,DRIVING SKILLS/KNOWLEDGE/EXPERIENCE,0,0,0,0,8,2,10,976,STATE ST,41.960755,-87.504593,10/07/2024 09:14:00 AM,2024
CR00025156,01/11/2020 08:51:00 AM,45,CLOUDY/OVERCAST,DAYLIGHT,SIDESWIPE SAME DIRECTION,DIVIDED - W/MEDIAN (NOT RAISED),NO CONTROLS,FAILING TO REDUCE SPEED,UNABLE TO DETERMINE,0,0,1,1,8,7,1,1740,PULASKI RD,41.938362,-87.828521,01/11/2020 10:32:00 AM,2020
CR00025157,10/10/2016 01:28:00 AM,40,CLEAR,DARKNESS,ANGLE,DIVIDED - W/MEDIAN BARRIER,NO CONTROLS,UNABLE TO DETERMINE,UNABLE TO DETERMINE,0,0,0,0,1,2,10,2479,STONY ISLAND AVE,41.959731,-87.656714,10/10/2016 02:48:00 AM,2016
CR00025158,09/12/2023 03:37:00 PM,30,CLEAR,DAYLIGHT,TURNING,T-INTERSECTION,TRAFFIC SIGNAL,UNABLE TO DETERMINE,UNABLE TO DETERMINE,0,0,0,0,15,3,9,1601,LAKE SHORE DR,41.817534,-87.500612,09/12/2023 04:26:00 PM,2023
CR00025159,11/21/2023 07:18:00 AM,35,CLEAR,DAYLIGHT,FIXED OBJECT,ONE-WAY,STOP SIGN/FLASHER,FOLLOWING TOO CLOSELY,FOLLOWING TOO CLOSELY,0,0,0,0,7,3,11,780,ASHLAND AVE,41.859533,-87.794437,11/21/2023 08:15:00 AM,2023
CR00025160,03/06/2022 11:39:00 AM,30,CLOUDY/OVERCAST,DAYLIGHT,REAR END,T-INTERSECTION,TRAFFIC SIGNAL,DRIVING SKILLS/KNOWLEDGE/EXPERIENCE,FOLLOWING TOO CLOSELY,0,0,1,1,11,1,3,140,63RD ST,41.754677,-87.510476,03/06/2022 12:51:00 PM,2022
CR00025161,04/30/2021 06:52:00 PM,15,CLEAR,DARKNESS,REAR END,T-INTERSECTION,NO CONTROLS,UNABLE TO DETERMINE,UNABLE TO DETERMINE,0,0,0,0,18,6,4,1664,LAKE SHORE DR,41.885216,-87.51645,04/30/2021 08:29:00 PM,2021
CR00025162,09/19/2022 05:16:00 PM,20,CLEAR,DAYLIGHT,PARKED MOTOR VEHICLE,NOT DIVIDED,TRAFFIC SIGNAL,FAILING TO YIELD RIGHT-OF-WAY,NOT APPLICABLE,0,0,1,1,17,2,9,736,IRVING PARK RD,41.841715,-87.65114,09/19/2022 07:03:00 PM,2022
CR00025163,04/17/2021 03:58:00 AM,35,CLEAR,DAYLIGHT,REAR END,DIVIDED - W/MEDIAN (NOT RAISED),YIELD,IMPROPER OVERTAKING/PASSING,FAILING TO YIELD RIGHT-OF-WAY,0,0,0,0,3,7,4,861,CALIFORNIA AVE,41.963127,-87.692874,04/17/2021 05:31:00 AM,2021
CR00025164,01/08/2016 06:31:00 PM,35,RAIN,DAYLIGHT,SIDESWIPE SAME DIRECTION,DIVIDED - W/MEDIAN BARRIER,STOP SIGN/FLASHER,WEATHER,FAILING TO YIELD RIGHT-OF-WAY,0,0,0,0,18,6,1,1552,MICHIGAN AVE,41.700778,-87.849506,01/08/2016 07:24:00 PM,2016
CR00025165,07/12/2018 01:57:00 AM,20,CLEAR,DARKNESS - LIGHTED ROAD,REAR END,NOT DIVIDED,YIELD,UNABLE TO DETERMINE,NOT APPLICABLE,0,0,0,0,1,5,7,1699,MILWAUKEE AVE,41.968203,-87.689246,07/12/2018 03:01:00 AM,2018
CR00025166,06/18/2015 03:16:00 PM,35,CLEAR,DARKNESS - LIGHTED ROAD,ANGLE,DIVIDED - W/MEDIAN BARRIER,PEDESTRIAN CROSSING SIGN,IMPROPER LANE USAGE,NOT APPLICABLE,0,0,1,1,15,5,6,1808,47TH ST,41.771233,-87.786883,06/18/2015 03:45:00 PM,2015
CR00025167,07/29/2023 09:56:00 PM,45,CLEAR,DAYLIGHT,TURNING,NOT DIVIDED,TRAFFIC SIGNAL,UNABLE TO DETERMINE,FOLLOWING TOO CLOSELY,0,0,0,0,21,7,7,649,STATE ST,41.992617,-87.660928,07/29/2023 10:42:00 PM,2023
CR00025168,09/05/2021 05:03:00 AM,30,SNOW,DARKNESS - LIGHTED ROAD,SIDESWIPE SAME DIRECTION,DIVIDED - W/MEDIAN (NOT RAISED),NO CONTROLS,UNABLE TO DETERMINE,UNABLE TO DETERMINE,0,0,0,0,5,1,9,1743,KEDZIE AVE,41.983523,-87.640458,09/05/2021 06:43:00 AM,2021
CR00025169,08/19/2023 03:15:00 PM,45,CLEAR,DAYLIGHT,TURNING,NOT DIVIDED,NO CONTROLS,UNABLE TO DETERMINE,DISTRACTION - FROM INSIDE VEHICLE,0,0,0,0,15,7,8,923,63RD ST,41.958632,-87.573362,08/19/2023 04:49:00 PM,2023
CR00025170,11/13/2022 10:05:00 AM,20,CLEAR,DAYLIGHT,SIDESWIPE SAME DIRECTION,NOT DIVIDED,STOP SIGN/FLASHER,UNABLE TO DETERMINE,DISTRACTION - FROM INSIDE VEHICLE,0,0,0,0,10,1,11,1673,63RD ST,41.818336,-87.532544,11/13/2022 11:44:00 AM,2022
CR00025171,08/14/2023 07:27:00 AM,20,CLEAR,DAYLIGHT,REAR END,FOUR WAY,NO CONTROLS,FOLLOWING TOO CLOSELY,UNABLE TO DETERMINE,0,0,2,2,7,2,8,1249,FULLERTON AVE,41.998404,-87.722003,08/14/2023 09:23:00 AM,2023
CR00025172,11/13/2016 11:44:00 AM,30,SNOW,DARKNESS,REAR END,DIVIDED - W/MEDIAN (NOT RAISED),TRAFFIC SIGNAL,UNABLE TO DETERMINE,DRIVING SKILLS/KNOWLEDGE/EXPERIENCE,0,0,0,0,11,1,11,127,CICERO AVE,41.90952,-87.73236,11/13/2016 12:29:00 PM,2016
CR00025173,06/09/2024 12:34:00 AM,30,CLEAR,DAYLIGHT,REAR END,DIVIDED - W/MEDIAN (NOT RAISED),NO CONTROLS,FAILING TO YIELD RIGHT-OF-WAY,DRIVING SKILLS/KNOWLEDGE/EXPERIENCE,0,0,0,0,0,1,6,310,LAKE SHORE DR,41.956564,-87.702701,06/09/2024 02:11:00 AM,2024
CR00025174,01/03/2023 10:10:00 AM,45,RAIN,DAYLIGHT,REAR END,DIVIDED - W/MEDIAN (NOT RAISED),NO CONTROLS,DISTRACTION - FROM INSIDE VEHICLE,FAILING TO YIELD RIGHT-OF-WAY,0,0,0,0,10,3,1,958,MICHIGAN AVE,41.751807,-87.798393,01/03/2023 12:01:00 PM,2023
CR00025175,07/04/2021 08:29:00 AM,40,CLEAR,DAYLIGHT,REAR END,ONE-WAY,NO CONTROLS,IMPROPER LANE USAGE,UNABLE TO DETERMINE,0,0,0,0,8,1,7,2230,ROOSEVELT RD,41.767404,-87.810212,07/04/2021 09:50:00 AM,2021
CR00025176,11/22/2020 07:36:00 AM,25,CLEAR,DARKNESS - LIGHTED ROAD,ANGLE,NOT DIVIDED,TRAFFIC SIGNAL,FOLLOWING TOO CLOSELY,UNABLE TO DETERMINE,0,0,0,0,7,1,11,2186,79TH ST,41.870544,-87.650119,11/22/2020 09:21:00 AM,2020
CR00025177,01/20/2016 12:25:00 AM,20,CLEAR,DAYLIGHT,TURNING,DIVIDED - W/MEDIAN (NOT RAISED),UNKNOWN,IMPROPER OVERTAKING/PASSING,DISTRACTION - FROM INSIDE VEHICLE,0,0,0,0,0,4,1,308,ROOSEVELT RD,41.801394,-87.634121,01/20/2016 02:05:00 AM,2016