CRASH_RECORD_ID,CRASH_DATE,POSTED_SPEED_LIMIT,WEATHER_CONDITION,LIGHTING_CONDITION,FIRST_CRASH_TYPE,TRAFFICWAY_TYPE,TRAFFIC_CONTROL_DEVICE,PRIM_CONTRIBUTORY_CAUSE,SEC_CONTRIBUTORY_CAUSE,INJURIES_FATAL,INJURIES_INCAPACITATING,INJURIES_NON_INCAPACITATING,INJURIES_TOTAL,CRASH_HOUR,CRASH_DAY_OF_WEEK,CRASH_MONTH,BEAT_OF_OCCURRENCE,STREET_NAME,LATITUDE,LONGITUDE,DATE_POLICE_NOTIFIED,year
CR00025178,05/15/2015 06:33:00 PM,30,CLEAR,DARKNESS - LIGHTED ROAD,REAR TO FRONT,NOT DIVIDED,STOP SIGN/FLASHER,FAILING TO YIELD RIGHT-OF-WAY,FAILING TO YIELD RIGHT-OF-WAY,0,0,0,0,18,6,5,581,CLARK ST,41.810323,-87.792547,05/15/2015 06:58:00 PM,2015
CR00025179,07/03/2024 01:11:00 PM,25,CLEAR,DARKNESS - LIGHTED ROAD,REAR END,DIVIDED - W/MEDIAN (NOT RAISED),NO CONTROLS,DISTRACTION - FROM INSIDE VEHICLE,NOT APPLICABLE,0,0,0,0,13,4,7,902,79TH ST,41.754023,-87.686716,07/03/2024 01:21:00 PM,2024
CR00025180,11/09/2021 07:21:00 PM,45,CLEAR,DARKNESS,SIDESWIPE SAME DIRECTION,FOUR WAY,NO CONTROLS,IMPROPER OVERTAKING/PASSING,NOT APPLICABLE,0,0,3,3,19,3,11,2302,LAKE SHORE DR,41.776791,-87.689443,11/09/2021 08:31:00 PM,2021
CR00025181,03/27/2019 05:56:00 PM,35,CLEAR,DAYLIGHT,TURNING,DIVIDED - W/MEDIAN (NOT RAISED),UNKNOWN,UNABLE TO DETERMINE,DISTRACTION - FROM INSIDE VEHICLE,0,0,0,0,17,4,3,628,MILWAUKEE AVE,41.976336,-87.535271,03/27/2019 06:13:00 PM,2019
CR00025182,12/21/2022 08:22:00 AM,45,CLEAR,DAYLIGHT,REAR END,NOT DIVIDED,NO CONTROLS,UNABLE TO DETERMINE,NOT APPLICABLE,0,0,0,0,8,4,12,250,WESTERN AVE,41.782152,-87.623566,12/21/2022 09:36:00 AM,2022
CR00025183,05/05/2023 06:50:00 PM,40,CLEAR,DAYLIGHT,SIDESWIPE SAME DIRECTION,NOT DIVIDED,NO CONTROLS,UNABLE TO DETERMINE,DISREGARDING TRAFFIC SIGNALS,0,0,0,0,18,6,5,1951,ARCHER AVE,41.971542,-87.806529,05/05/2023 08:08:00 PM,2023
CR00025184,10/01/2015 12:25:00 PM,35,CLEAR,DARKNESS - LIGHTED ROAD,REAR END,DIVIDED - W/MEDIAN (NOT RAISED),TRAFFIC SIGNAL,FAILING TO REDUCE SPEED,IMPROPER OVERTAKING/PASSING,0,0,0,0,12,5,10,1484,FULLERTON AVE,41.80523,-87.842024,10/01/2015 12:57:00 PM,2015
CR00025185,04/01/2021 06:58:00 PM,40,CLEAR,DAYLIGHT,REAR END,DIVIDED - W/MEDIAN (NOT RAISED),NO CONTROLS,UNABLE TO DETERMINE,IMPROPER OVERTAKING/PASSING,0,0,0,0,18,5,4,874,ROOSEVELT RD,41.93261,-87.773233,04/01/2021 08:19:00 PM,2021
CR00025186,08/19/2016 08:53:00 PM,30,CLEAR,DAYLIGHT,TURNING,DIVIDED - W/MEDIAN BARRIER,TRAFFIC SIGNAL,DRIVING SKILLS/KNOWLEDGE/EXPERIENCE,NOT APPLICABLE,0,0,0,0,20,6,8,776,PULASKI RD,41.774303,-87.687112,08/19/2016 09:13:00 PM,2016
CR00025187,11/08/2020 10:44:00 AM,30,CLOUDY/OVERCAST,DAYLIGHT,REAR END,ONE-WAY,YIELD,FOLLOWING TOO CLOSELY,DRIVING SKILLS/KNOWLEDGE/EXPERIENCE,0,0,0,0,10,1,11,1950,DAMEN AVE,41.788949,-87.749497,11/08/2020 12:05:00 PM,2020
CR00025188,09/09/2021 07:47:00 PM,30,CLEAR,DAYLIGHT,ANGLE,DIVIDED - W/MEDIAN (NOT RAISED),NO CONTROLS,FOLLOWING TOO CLOSELY,FAILING TO YIELD RIGHT-OF-WAY,0,0,0,0,19,5,9,1408,ROOSEVELT RD,41.752293,-87.683954,09/09/2021 08:50:00 PM,2021
CR00025189,05/01/2024 07:06:00 PM,40,CLEAR,DAYLIGHT,FIXED OBJECT,FOUR WAY,NO CONTROLS,FOLLOWING TOO CLOSELY,UNABLE TO DETERMINE,0,0,0,0,19,4,5,754,KEDZIE AVE,41.746471,-87.74401,05/01/2024 07:56:00 PM,2024
CR00025190,10/12/2021 10:32:00 AM,20,CLEAR,DAYLIGHT,REAR TO FRONT,ONE-WAY,TRAFFIC SIGNAL,FOLLOWING TOO CLOSELY,IMPROPER LANE USAGE,0,0,0,0,10,3,10,1752,MICHIGAN AVE,41.880964,-87.803868,10/12/2021 11:44:00 AM,2021
CR00025191,07/09/2021 01:56:00 PM,35,CLEAR,DARKNESS - LIGHTED ROAD,ANGLE,NOT DIVIDED,TRAFFIC SIGNAL,FAILING TO YIELD RIGHT-OF-WAY,DRIVING SKILLS/KNOWLEDGE/EXPERIENCE,0,0,3,3,13,6,7,489,STONY ISLAND AVE,41.866584,-87.647625,07/09/2021 02:29:00 PM,2021
CR00025192,06/10/2021 12:24:00 PM,25,CLEAR,DAYLIGHT,SIDESWIPE SAME DIRECTION,NOT DIVIDED,NO CONTROLS,FOLLOWING TOO CLOSELY,UNABLE TO DETERMINE,0,0,0,0,12,5,6,1399,CLARK ST,41.979345,-87.80661,06/10/2021 01:59:00 PM,2021
CR00025193,12/23/2015 04:13:00 PM,40,CLOUDY/OVERCAST,DAYLIGHT,ANGLE,FOUR WAY,NO CONTROLS,DISTRACTION - FROM INSIDE VEHICLE,NOT APPLICABLE,0,0,0,0,16,4,12,1990,ELSTON AVE,41.853834,-87.67138,12/23/2015 05:55:00 PM,2015
CR00025194,07/23/2022 08:01:00 AM,15,CLEAR,DAYLIGHT,TURNING,DIVIDED - W/MEDIAN BARRIER,NO CONTROLS,UNABLE TO DETERMINE,FOLLOWING TOO CLOSELY,0,0,3,3,8,7,7,740,HALSTED ST,41.731752,-87.537492,07/23/2022 08:45:00 AM,2022
CR00025195,03/09/2021 12:25:00 AM,30,CLEAR,DUSK,REAR TO FRONT,NOT DIVIDED,TRAFFIC SIGNAL,UNABLE TO DETERMINE,NOT APPLICABLE,0,0,0,0,0,3,3,880,MICHIGAN AVE,41.896145,-87.690266,03/09/2021 01:39:00 AM,2021
CR00025196,10/17/2021 02:57:00 PM,35,CLEAR,DAYLIGHT,PARKED MOTOR VEHICLE,ONE-WAY,UNKNOWN,IMPROPER OVERTAKING/PASSING,FAILING TO YIELD RIGHT-OF-WAY,0,0,1,1,14,1,10,1141,FULLERTON AVE,41.793677,-87.750695,10/17/2021 03:57:00 PM,2021
CR00025197,05/22/2020 08:33:00 AM,30,SNOW,DAYLIGHT,TURNING,FOUR WAY,TRAFFIC SIGNAL,UNABLE TO DETERMINE,FOLLOWING TOO CLOSELY,0,0,1,1,8,6,5,1192,DIVISION ST,41.929242,-87.82885,05/22/2020 09:27:00 AM,2020
CR00025198,10/12/2021 10:36:00 AM,45,CLOUDY/OVERCAST,DAYLIGHT,PARKED MOTOR VEHICLE,NOT DIVIDED,STOP SIGN/FLASHER,UNABLE TO DETERMINE,FAILING TO REDUCE SPEED,0,0,0,0,10,3,10,2416,WESTERN AVE,41.903185,-87.813913,10/12/2021 12:25:00 PM,2021
CR00025199,02/03/2021 10:18:00 AM,30,SNOW,DAYLIGHT,SIDESWIPE SAME DIRECTION,NOT DIVIDED,NO CONTROLS,DRIVING SKILLS/KNOWLEDGE/EXPERIENCE,FAILING TO YIELD RIGHT-OF-WAY,0,0,1,1,10,4,2,812,MICHIGAN AVE,41.985938,-87.553919,02/03/2021 11:37:00 AM,2021
CR00025200,03/20/2020 05:01:00 PM,30,CLEAR,DARKNESS - LIGHTED ROAD,REAR END,FOUR WAY,TRAFFIC SIGNAL,FAILING TO YIELD RIGHT-OF-WAY,NOT APPLICABLE,0,0,0,0,17,6,3,1214,OGDEN AVE,41.884437,-87.732094,03/20/2020 06:06:00 PM,2020
CR00025201,07/12/2021 08:46:00 PM,45,RAIN,DARKNESS - LIGHTED ROAD,PARKED MOTOR VEHICLE,NOT DIVIDED,NO CONTROLS,FAILING TO REDUCE SPEED,FAILING TO YIELD RIGHT-OF-WAY,0,0,0,0,20,2,7,1006,OGDEN AVE,41.732968,-87.598324,07/12/2021 09:46:00 PM,2021
CR00025202,01/10/2015 03:44:00 PM,45,CLEAR,DARKNESS - LIGHTED ROAD,ANGLE,NOT DIVIDED,TRAFFIC SIGNAL,IMPROPER OVERTAKING/PASSING,FAILING TO YIELD RIGHT-OF-WAY,0,0,0,0,15,7,1,2033,ASHLAND AVE,41.814583,-87.562988,01/10/2015 04:35:00 PM,2015
CR00025203,07/21/2015 12:31:00 PM,30,CLEAR,DARKNESS - LIGHTED ROAD,REAR END,DIVIDED - W/MEDIAN (NOT RAISED),NO CONTROLS,UNABLE TO DETERMINE,DRIVING SKILLS/KNOWLEDGE/EXPERIENCE,0,0,1,1,12,3,7,767,DIVISION ST,41.951529,-87.828849,07/21/2015 01:52:00 PM,2015
CR00025204,01/04/2016 07:14:00 AM,45,CLEAR,DAYLIGHT,REAR END,NOT DIVIDED,TRAFFIC SIGNAL,FAILING TO YIELD RIGHT-OF-WAY,FOLLOWING TOO CLOSELY,0,0,0,0,7,2,1,1454,CALIFORNIA AVE,41.875581,-87.762616,01/04/2016 07:44:00 AM,2016
CR00025205,12/03/2024 04:09:00 PM,30,CLOUDY/OVERCAST,DAYLIGHT,TURNING,NOT DIVIDED,NO CONTROLS,UNABLE TO DETERMINE,UNABLE TO DETERMINE,0,0,0,0,16,3,12,2256,MILWAUKEE AVE,41.796234,-87.802935,12/03/2024 04:15:00 PM,2024
CR00025206,12/06/2018 09:27:00 AM,15,CLEAR,DARKNESS - LIGHTED ROAD,REAR END,DIVIDED - W/MEDIAN (NOT RAISED),PEDESTRIAN CROSSING SIGN,IMPROPER LANE USAGE,DRIVING SKILLS/KNOWLEDGE/EXPERIENCE,0,0,0,0,9,5,12,1332,STONY ISLAND AVE,41.759437,-87.640888,12/06/2018 09:32:00 AM,2018
CR00025207,09/14/2021 05:04:00 PM,30,CLEAR,DAYLIGHT,REAR TO FRONT,DIVIDED - W/MEDIAN (NOT RAISED),STOP SIGN/FLASHER,UNABLE TO DETERMINE,UNABLE TO DETERMINE,0,0,0,0,17,3,9,1455,ROOSEVELT RD,41.705656,-87.814175,09/14/2021 06:33:00 PM,2021
CR00025208,07/01/2024 07:12:00 AM,40,CLOUDY/OVERCAST,DAYLIGHT,REAR END,DIVIDED - W/MEDIAN (NOT RAISED),STOP SIGN/FLASHER,FOLLOWING TOO CLOSELY,UNABLE TO DETERMINE,0,0,0,0,7,2,7,400,CICERO AVE,41.960775,-87.597684,07/01/2024 07:34:00 AM,2024
CR00025209,05/30/2022 01:34:00 PM,30,CLEAR,DUSK,SIDESWIPE SAME DIRECTION,NOT DIVIDED,UNKNOWN,DRIVING SKILLS/KNOWLEDGE/EXPERIENCE,NOT APPLICABLE,0,0,0,0,13,2,5,2273,63RD ST,41.834604,-87.639711,05/30/2022 01:38:00 PM,2022
CR00025210,10/30/2024 07:08:00 AM,35,CLEAR,DAYLIGHT,TURNING,FOUR WAY,TRAFFIC SIGNAL,UNABLE TO DETERMINE,IMPROPER LANE USAGE,0,0,0,0,7,4,10,696,PULASKI RD,41.847681,-87.677178,10/30/2024 08:01:00 AM,2024
CR00025211,05/29/2015 08:51:00 AM,40,CLEAR,DAYLIGHT,TURNING,NOT DIVIDED,TRAFFIC SIGNAL,IMPROPER LANE USAGE,UNABLE TO DETERMINE,0,1,1,2,8,6,5,1587,MILWAUKEE AVE,41.769758,-87.730957,05/29/2015 09:57:00 AM,2015
CR00025212,11/28/2017 05:52:00 PM,30,RAIN,DAYLIGHT,REAR END,NOT DIVIDED,NO CONTROLS,UNABLE TO DETERMINE,FAILING TO YIELD RIGHT-OF-WAY,0,0,0,0,17,3,11,720,47TH ST,41.964808,-87.772482,11/28/2017 07:35:00 PM,2017
CR00025213,09/12/2024 08:50:00 PM,35,CLEAR,DARKNESS - LIGHTED ROAD,PARKED MOTOR VEHICLE,DIVIDED - W/MEDIAN BARRIER,NO CONTROLS,FAILING TO YIELD RIGHT-OF-WAY,IMPROPER LANE USAGE,0,0,0,0,20,5,9,2341,MILWAUKEE AVE,41.841302,-87.654897,09/12/2024 09:01:00 PM,2024
CR00025214,11/22/2016 07:56:00 AM,35,CLEAR,DAYLIGHT,PARKED MOTOR VEHICLE,ONE-WAY,NO CONTROLS,DRIVING SKILLS/KNOWLEDGE/EXPERIENCE,FAILING TO REDUCE SPEED,0,0,0,0,7,3,11,766,79TH ST,41.858605,-87.817613,11/22/2016 09:39:00 AM,2016
CR00025215,01/30/2019 01:35:00 PM,30,RAIN,DAYLIGHT,PARKED MOTOR VEHICLE,NOT DIVIDED,NO CONTROLS,DRIVING SKILLS/KNOWLEDGE/EXPERIENCE,UNABLE TO DETERMINE,0,0,0,0,13,4,1,234,ROOSEVELT RD,41.968864,-87.620307,01/30/2019 02:18:00 PM,2019
CR00025216,03/25/2017 09:16:00 AM,30,CLEAR,DARKNESS - LIGHTED ROAD,ANGLE,T-INTERSECTION,TRAFFIC SIGNAL,DRIVING SKILLS/KNOWLEDGE/EXPERIENCE,UNABLE TO DETERMINE,0,0,0,0,9,7,3,2310,CICERO AVE,41.972986,-87.733998,03/25/2017 10:54:00 AM,2017
CR00025217,04/18/2017 05:31:00 AM,30,SNOW,DARKNESS,ANGLE,NOT DIVIDED,UNKNOWN,DISTRACTION - FROM INSIDE VEHICLE,DRIVING SKILLS/KNOWLEDGE/EXPERIENCE,0,0,0,0,5,3,4,1015,ASHLAND AVE,41.961349,-87.668456,04/18/2017 05:54:00 AM,2017
CR00025218,05/29/2019 07:47:00 PM,30,CLEAR,DAYLIGHT,TURNING,NOT DIVIDED,NO CONTROLS,FOLLOWING TOO CLOSELY,NOT APPLICABLE,0,0,0,0,19,4,5,786,MICHIGAN AVE,41.876203,-87.805658,05/29/2019 08:21:00 PM,2019
CR00025219,08/08/2020 10:50:00 PM,15,RAIN,DARKNESS - LIGHTED ROAD,REAR END,NOT DIVIDED,STOP SIGN/FLASHER,IMPROPER LANE USAGE,FOLLOWING TOO CLOSELY,0,0,0,0,22,7,8,2134,MILWAUKEE AVE,41.804975,-87.72051,08/08/2020 11:56:00 PM,2020
CR00025220,08/10/2018 02:47:00 PM,30,CLEAR,DUSK,SIDESWIPE SAME DIRECTION,DIVIDED - W/MEDIAN (NOT RAISED),STOP SIGN/FLASHER,DRIVING SKILLS/KNOWLEDGE/EXPERIENCE,FAILING TO YIELD RIGHT-OF-WAY,0,0,0,0,14,6,8,1846,OGDEN AVE,41.936193,-87.825795,08/10/2018 02:55:00 PM,2018
CR00025221,09/10/2020 08:19:00 PM,35,CLEAR,DAYLIGHT,ANGLE,FOUR WAY,NO CONTROLS,UNABLE TO DETERMINE,NOT APPLICABLE,0,0,0,0,20,5,9,1648,ARCHER AVE,41.949176,-87.632015,09/10/2020 09:45:00 PM,2020
CR00025222,01/03/2018 04:02:00 PM,30,CLOUDY/OVERCAST,DAYLIGHT,TURNING,NOT DIVIDED,TRAFFIC SIGNAL,IMPROPER LANE USAGE,FAILING TO YIELD RIGHT-OF-WAY,0,0,0,0,16,4,1,1980,MICHIGAN AVE,41.721172,-87.630609,01/03/2018 05:11:00 PM,2018
CR00025223,07/08/2020 04:15:00 AM,30,CLEAR,DARKNESS - LIGHTED ROAD,REAR END,DIVIDED - W/MEDIAN (NOT RAISED),TRAFFIC SIGNAL,DISTRACTION - FROM INSIDE VEHICLE,WEATHER,0,1,1,2,4,4,7,1128,HALSTED ST,41.925715,-87.765626,07/08/2020 05:15:00 AM,2020
CR00025224,09/11/2021 10:28:00 AM,20,CLEAR,DAYLIGHT,REAR END,FOUR WAY,STOP SIGN/FLASHER,UNABLE TO DETERMINE,DISTRACTION - FROM INSIDE VEHICLE,0,0,0,0,10,7,9,405,BROADWAY,41.9937,-87.753684,09/11/2021 10:31:00 AM,2021
CR00025225,12/21/2015 05:12:00 AM,45,CLEAR,DAYLIGHT,REAR END,NOT DIVIDED,STOP SIGN/FLASHER,FAILING TO YIELD RIGHT-OF-WAY,DISTRACTION - FROM INSIDE VEHICLE,0,0,0,0,5,2,12,389,STONY ISLAND AVE,41.725513,-87.723307,12/21/2015 05:59:00 AM,2015
CR00025226,08/29/2023 04:23:00 AM,25,CLEAR,DAYLIGHT,PARKED MOTOR VEHICLE,NOT DIVIDED,STOP SIGN/FLASHER,UNABLE TO DETERMINE,UNABLE TO DETERMINE,0,0,0,0,4,3,8,596,ROOSEVELT RD,41.719851,-87.508293,08/29/2023 05:12:00 AM,2023
CR00025227,09/01/2021 08:20:00 AM,30,CLEAR,DAYLIGHT,REAR END,DIVIDED - W/MEDIAN BARRIER,STOP SIGN/FLASHER,DISTRACTION - FROM INSIDE VEHICLE,FAILING TO YIELD RIGHT-OF-WAY,0,0,1,1,8,4,9,222,47TH ST,41.717631,-87.589902,09/01/2021 09:04:00 AM,2021
CR00025228,03/06/2019 08:31:00 AM,25,RAIN,DARKNESS - LIGHTED ROAD,REAR END,ONE-WAY,NO CONTROLS,DRIVING SKILLS/KNOWLEDGE/EXPERIENCE,FOLLOWING TOO CLOSELY,0,0,0,0,8,4,3,1291,47TH ST,41.89287,-87.636784,03/06/2019 09:40:00 AM,2019
CR00025229,06/04/2023 02:50:00 AM,35,RAIN,DARKNESS - LIGHTED ROAD,ANGLE,T-INTERSECTION,NO CONTROLS,IMPROPER OVERTAKING/PASSING,NOT APPLICABLE,0,0,0,0,2,1,6,1853,ROOSEVELT RD,41.782554,-87.698694,06/04/2023 03:45:00 AM,2023
CR00025230,03/20/2023 05:59:00 PM,35,CLEAR,DARKNESS,TURNING,NOT DIVIDED,STOP SIGN/FLASHER,DISREGARDING TRAFFIC SIGNALS,NOT APPLICABLE,0,0,0,0,17,2,3,1445,STATE ST,41.821287,-87.819696,03/20/2023 07:34:00 PM,2023
CR00025231,07/24/2019 05:36:00 PM,20,CLEAR,DARKNESS,PARKED MOTOR VEHICLE,FOUR WAY,NO CONTROLS,IMPROPER LANE USAGE,IMPROPER OVERTAKING/PASSING,0,0,0,0,17,4,7,390,79TH ST,41.728073,-87.723103,07/24/2019 05:53:00 PM,2019
CR00025232,11/14/2017 01:41:00 PM,30,FREEZING RAIN/DRIZZLE,DARKNESS - LIGHTED ROAD,REAR END,ONE-WAY,TRAFFIC SIGNAL,DRIVING SKILLS/KNOWLEDGE/EXPERIENCE,UNABLE TO DETERMINE,0,0,0,0,13,3,11,2018,IRVING PARK RD,41.943973,-87.705746,11/14/2017 02:40:00 PM,2017
CR00025233,04/21/2021 12:51:00 AM,15,CLEAR,DARKNESS - LIGHTED ROAD,ANGLE,NOT DIVIDED,STOP SIGN/FLASHER,DRIVING SKILLS/KNOWLEDGE/EXPERIENCE,FAILING TO YIELD RIGHT-OF-WAY,0,0,1,1,0,4,4,856,STONY ISLAND AVE,41.752758,-87.794511,04/21/2021 01:43:00 AM,2021
CR00025234,05/30/2015 05:47:00 PM,30,CLEAR,DARKNESS - LIGHTED ROAD,FIXED OBJECT,NOT DIVIDED,NO CONTROLS,UNABLE TO DETERMINE,NOT APPLICABLE,0,0,0,0,17,7,5,1502,CALIFORNIA AVE,41.848697,-87.674311,05/30/2015 06:11:00 PM,2015
CR00025235,10/07/2017 08:41:00 PM,30,CLEAR,DAYLIGHT,ANGLE,FOUR WAY,NO CONTROLS,DISTRACTION - FROM INSIDE VEHICLE,UNABLE TO DETERMINE,0,0,0,0,20,7,10,565,ELSTON AVE,41.962146,-87.753478,10/07/2017 09:10:00 PM,2017
CR00025236,08/08/2024 12:38:00 PM,25,CLEAR,DARKNESS,REAR END,ONE-WAY,TRAFFIC SIGNAL,FAILING TO YIELD RIGHT-OF-WAY,UNABLE TO DETERMINE,0,0,0,0,12,5,8,2034,ROOSEVELT RD,41.819321,-87.695542,08/08/2024 01:00:00 PM,2024
CR00025237,07/08/2016 05:34:00 PM,35,CLEAR,DARKNESS - LIGHTED ROAD,TURNING,NOT DIVIDED,PEDESTRIAN CROSSING SIGN,UNABLE TO DETERMINE,IMPROPER LANE USAGE,0,0,0,0,17,6,7,1428,63RD ST,41.875793,-87.522854,07/08/2016 07:27:00 PM,2016
CR00025238,10/13/2021 07:56:00 AM,35,CLEAR,DAYLIGHT,ANGLE,DIVIDED - W/MEDIAN BARRIER,NO CONTROLS,UNABLE TO DETERMINE,WEATHER,0,0,0,0,7,4,10,1869,IRVING PARK RD,41.918828,-87.583762,10/13/2021 08:56:00 AM,2021
CR00025239,07/12/2016 11:10:00 PM,35,CLEAR,DARKNESS,REAR END,DIVIDED - W/MEDIAN (NOT RAISED),TRAFFIC SIGNAL,UNABLE TO DETERMINE,FAILING TO YIELD RIGHT-OF-WAY,0,0,0,0,23,3,7,1848,DIVISION ST,41.912916,-87.744682,07/13/2016 01:03:00 AM,2016
CR00025240,08/02/2020 08:47:00 PM,30,FOG/SMOKE/HAZE,DAYLIGHT,FIXED OBJECT,DIVIDED - W/MEDIAN BARRIER,NO CONTROLS,DRIVING SKILLS/KNOWLEDGE/EXPERIENCE,IMPROPER LANE USAGE,0,0,1,1,20,1,8,409,63RD ST,41.836269,-87.692489,08/02/2020 10:14:00 PM,2020
CR00025241,06/10/2020 01:42:00 PM,30,CLEAR,DARKNESS,ANGLE,ONE-WAY,TRAFFIC SIGNAL,UNABLE TO DETERMINE,DISTRACTION - FROM INSIDE VEHICLE,0,0,0,0,13,4,6,456,47TH ST,41.939537,-87.703694,06/10/2020 03:36:00 PM,2020
CR00025242,10/22/2016 07:44:00 AM,30,CLEAR,DAYLIGHT,PARKED MOTOR VEHICLE,DIVIDED - W/MEDIAN (NOT RAISED),NO CONTROLS,DRIVING SKILLS/KNOWLEDGE/EXPERIENCE,FAILING TO YIELD RIGHT-OF-WAY,0,0,0,0,7,7,10,2474,ELSTON AVE,41.983861,-87.615355,10/22/2016 09:15:00 AM,2016
CR00025243,02/26/2023 05:12:00 PM,20,CLEAR,DAYLIGHT,FIXED OBJECT,FOUR WAY,NO CONTROLS,WEATHER,FAILING TO YIELD RIGHT-OF-WAY,0,0,0,0,17,1,2,1222,MICHIGAN AVE,41.709214,-87.67017,02/26/2023 05:58:00 PM,2023
CR00025244,03/04/2023 03:11:00 PM,20,CLEAR,DAYLIGHT,TURNING,NOT DIVIDED,STOP SIGN/FLASHER,FAILING TO YIELD RIGHT-OF-WAY,IMPROPER LANE USAGE,0,0,1,1,15,7,3,1370,PULASKI RD,41.771004,-87.596479,03/04/2023 04:23:00 PM,2023
CR00025245,05/19/2022 09:11:00 AM,35,CLEAR,DAYLIGHT,REAR END,FOUR WAY,NO CONTROLS,DISTRACTION - FROM INSIDE VEHICLE,IMPROPER OVERTAKING/PASSING,0,0,0,0,9,5,5,1839,ARCHER AVE,41.925915,-87.776708,05/19/2022 10:23:00 AM,2022
CR00025246,01/12/2024 07:02:00 AM,30,CLEAR,DAYLIGHT,SIDESWIPE SAME DIRECTION,ONE-WAY,NO CONTROLS,FAILING TO YIELD RIGHT-OF-WAY,FAILING TO REDUCE SPEED,0,0,0,0,7,6,1,2004,PULASKI RD,41.846694,-87.764624,01/12/2024 08:27:00 AM,2024
CR00025247,09/29/2018 07:26:00 AM,30,CLEAR,DAYLIGHT,PEDESTRIAN,DIVIDED - W/MEDIAN BARRIER,NO CONTROLS,FAILING TO YIELD RIGHT-OF-WAY,UNABLE TO DETERMINE,0,0,1,1,7,7,9,830,MICHIGAN AVE,41.721993,-87.624491,09/29/2018 08:02:00 AM,2018
CR00025248,11/12/2022 08:24:00 PM,45,CLEAR,DARKNESS - LIGHTED ROAD,TURNING,DIVIDED - W/MEDIAN (NOT RAISED),UNKNOWN,FAILING TO YIELD RIGHT-OF-WAY,NOT APPLICABLE,0,0,0,0,20,7,11,2087,STATE ST,41.708817,-87.825212,11/12/2022 08:38:00 PM,2022
CR00025249,10/11/2015 07:18:00 PM,25,CLEAR,DAYLIGHT,SIDESWIPE SAME DIRECTION,DIVIDED - W/MEDIAN (NOT RAISED),YIELD,IMPROPER OVERTAKING/PASSING,FAILING TO YIELD RIGHT-OF-WAY,0,0,2,2,19,1,10,1905,ROOSEVELT RD,41.975938,-87.796617,10/11/2015 09:16:00 PM,2015
CR00025250,04/30/2019 12:42:00 PM,20,CLEAR,DAYLIGHT,SIDESWIPE SAME DIRECTION,NOT DIVIDED,UNKNOWN,UNABLE TO DETERMINE,NOT APPLICABLE,0,0,2,2,12,3,4,541,47TH ST,41.985375,-87.566377,04/30/2019 12:53:00 PM,2019
CR00025251,09/04/2017 04:59:00 PM,15,CLEAR,DAYLIGHT,SIDESWIPE SAME DIRECTION,NOT DIVIDED,NO CONTROLS,FAILING TO YIELD RIGHT-OF-WAY,UNABLE TO DETERMINE,0,0,0,0,16,2,9,1241,ARCHER AVE,41.889644,-87.565833,09/04/2017 06:54:00 PM,2017
CR00025252,02/01/2019 06:21:00 PM,20,RAIN,DAYLIGHT,TURNING,NOT DIVIDED,NO CONTROLS,FOLLOWING TOO CLOSELY,FAILING TO YIELD RIGHT-OF-WAY,0,0,0,0,18,6,2,900,KEDZIE AVE,41.830078,-87.664493,02/01/2019 07:32:00 PM,2019
CR00025253,12/09/2024 08:30:00 AM,30,CLEAR,DAYLIGHT,TURNING,DIVIDED - W/MEDIAN BARRIER,TRAFFIC SIGNAL,DISREGARDING TRAFFIC SIGNALS,FOLLOWING TOO CLOSELY,0,0,0,0,8,2,12,1774,MILWAUKEE AVE,41.80074,-87.524481,12/09/2024 09:03:00 AM,2024
CR00025254,08/14/2016 07:25:00 AM,15,CLEAR,DARKNESS - LIGHTED ROAD,TURNING,NOT DIVIDED,TRAFFIC SIGNAL,IMPROPER OVERTAKING/PASSING,NOT APPLICABLE,0,0,0,0,7,1,8,2397,PULASKI RD,41.95168,-87.601196,08/14/2016 08:18:00 AM,2016
CR00025255,10/25/2020 04:26:00 PM,45,FOG/SMOKE/HAZE,DAWN,TURNING,DIVIDED - W/MEDIAN (NOT RAISED),STOP SIGN/FLASHER,UNABLE TO DETERMINE,UNABLE TO DETERMINE,0,0,0,0,16,1,10,1473,79TH ST,41.759236,-87.727646,10/25/2020 04:33:00 PM,2020
CR00025256,07/09/2015 12:51:00 PM,40,CLEAR,DAYLIGHT,ANGLE,NOT DIVIDED,TRAFFIC SIGNAL,FAILING TO REDUCE SPEED,FOLLOWING TOO CLOSELY,0,0,0,0,12,5,7,417,79TH ST,41.927409,-87.845541,07/09/2015 02:51:00 PM,2015
CR00025257,06/10/2022 07:53:00 AM,20,SNOW,DAYLIGHT,TURNING,T-INTERSECTION,UNKNOWN,UNABLE TO DETERMINE,FAILING TO YIELD RIGHT-OF-WAY,0,0,0,0,7,6,6,870,IRVING PARK RD,41.7396,-87.690074,06/10/2022 08:25:00 AM,2022
CR00025258,11/25/2022 03:03:00 PM,30,CLEAR,DAYLIGHT,REAR END,NOT DIVIDED,TRAFFIC SIGNAL,UNABLE TO DETERMINE,UNABLE TO DETERMINE,0,0,1,1,15,6,11,1551,CALIFORNIA AVE,41.901736,-87.827005,11/25/2022 04:08:00 PM,2022