CRASH_RECORD_ID,CRASH_DATE,POSTED_SPEED_LIMIT,WEATHER_CONDITION,LIGHTING_CONDITION,FIRST_CRASH_TYPE,TRAFFICWAY_TYPE,TRAFFIC_CONTROL_DEVICE,PRIM_CONTRIBUTORY_CAUSE,SEC_CONTRIBUTORY_CAUSE,INJURIES_FATAL,INJURIES_INCAPACITATING,INJURIES_NON_INCAPACITATING,INJURIES_TOTAL,CRASH_HOUR,CRASH_DAY_OF_WEEK,CRASH_MONTH,BEAT_OF_OCCURRENCE,STREET_NAME,LATITUDE,LONGITUDE,DATE_POLICE_NOTIFIED,year
CR00025259,07/12/2017 04:12:00 AM,40,CLEAR,DARKNESS - LIGHTED ROAD,REAR END,ONE-WAY,NO CONTROLS,UNABLE TO DETERMINE,FAILING TO YIELD RIGHT-OF-WAY,0,0,0,0,4,4,7,749,STATE ST,41.713539,-87.515538,07/12/2017 05:36:00 AM,2017
CR00025260,09/25/2023 02:34:00 AM,30,SNOW,DARKNESS - LIGHTED ROAD,TURNING,DIVIDED - W/MEDIAN BARRIER,STOP SIGN/FLASHER,WEATHER,UNABLE TO DETERMINE,0,0,2,2,2,2,9,471,WESTERN AVE,41.933423,-87.713303,09/25/2023 03:00:00 AM,2023
CR00025261,01/26/2015 04:17:00 PM,45,CLEAR,DARKNESS - LIGHTED ROAD,ANGLE,ONE-WAY,STOP SIGN/FLASHER,DISREGARDING TRAFFIC SIGNALS,UNABLE TO DETERMINE,0,0,3,3,16,2,1,2495,STONY ISLAND AVE,41.83184,-87.619001,01/26/2015 05:42:00 PM,2015
CR00025262,05/20/2024 02:57:00 PM,40,CLEAR,DAYLIGHT,TURNING,DIVIDED - W/MEDIAN (NOT RAISED),NO CONTROLS,DRIVING SKILLS/KNOWLEDGE/EXPERIENCE,DRIVING SKILLS/KNOWLEDGE/EXPERIENCE,0,1,2,3,14,2,5,728,47TH ST,41.822752,-87.796995,05/20/2024 04:04:00 PM,2024
CR00025263,11/23/2023 08:08:00 AM,45,FOG/SMOKE/HAZE,DARKNESS - LIGHTED ROAD,SIDESWIPE SAME DIRECTION,FOUR WAY,TRAFFIC SIGNAL,UNABLE TO DETERMINE,UNABLE TO DETERMINE,0,0,1,1,8,5,11,1913,CALIFORNIA AVE,41.85707,-87.747638,11/23/2023 09:05:00 AM,2023
CR00025264,10/25/2016 06:09:00 PM,20,CLEAR,DAYLIGHT,TURNING,NOT DIVIDED,STOP SIGN/FLASHER,IMPROPER LANE USAGE,FOLLOWING TOO CLOSELY,0,0,0,0,18,3,10,2375,DAMEN AVE,41.700954,-87.705166,10/25/2016 07:27:00 PM,2016
CR00025265,04/09/2023 09:00:00 AM,35,CLEAR,DARKNESS - LIGHTED ROAD,SIDESWIPE SAME DIRECTION,DIVIDED - W/MEDIAN (NOT RAISED),NO CONTROLS,FOLLOWING TOO CLOSELY,FOLLOWING TOO CLOSELY,0,0,0,0,9,1,4,871,IRVING PARK RD,41.908558,-87.808551,04/09/2023 09:54:00 AM,2023
CR00025266,02/18/2020 10:05:00 PM,45,CLOUDY/OVERCAST,DAYLIGHT,SIDESWIPE SAME DIRECTION,NOT DIVIDED,YIELD,UNABLE TO DETERMINE,IMPROPER OVERTAKING/PASSING,0,0,0,0,22,3,2,1967,PULASKI RD,41.815671,-87.70149,02/18/2020 10:38:00 PM,2020
CR00025267,09/01/2021 08:46:00 AM,20,CLEAR,DAYLIGHT,REAR END,FOUR WAY,TRAFFIC SIGNAL,FAILING TO YIELD RIGHT-OF-WAY,UNABLE TO DETERMINE,0,0,0,0,8,4,9,417,KEDZIE AVE,41.737872,-87.544962,09/01/2021 10:31:00 AM,2021
CR00025268,11/14/2018 07:47:00 AM,35,RAIN,DAYLIGHT,ANGLE,ONE-WAY,NO CONTROLS,UNABLE TO DETERMINE,FAILING TO YIELD RIGHT-OF-WAY,0,0,1,1,7,4,11,820,CALIFORNIA AVE,41.802166,-87.543106,11/14/2018 08:43:00 AM,2018
CR00025269,05/01/2024 04:25:00 PM,30,CLEAR,DARKNESS - LIGHTED ROAD,REAR END,DIVIDED - W/MEDIAN (NOT RAISED),NO CONTROLS,FAILING TO YIELD RIGHT-OF-WAY,IMPROPER OVERTAKING/PASSING,0,2,1,3,16,4,5,1296,ELSTON AVE,41.923081,-87.515585,05/01/2024 05:11:00 PM,2024
CR00025270,03/30/2016 11:21:00 AM,20,CLEAR,DAYLIGHT,PARKED MOTOR VEHICLE,DIVIDED - W/MEDIAN (NOT RAISED),NO CONTROLS,UNABLE TO DETERMINE,NOT APPLICABLE,0,0,3,3,11,4,3,1705,ARCHER AVE,41.960834,-87.764001,03/30/2016 01:07:00 PM,2016
CR00025271,06/07/2024 12:09:00 PM,35,CLEAR,DAYLIGHT,REAR END,NOT DIVIDED,NO CONTROLS,FOLLOWING TOO CLOSELY,DRIVING SKILLS/KNOWLEDGE/EXPERIENCE,0,0,0,0,12,6,6,1390,CLARK ST,41.913916,-87.800919,06/07/2024 01:50:00 PM,2024
CR00025272,04/20/2020 06:08:00 PM,30,CLEAR,DAYLIGHT,REAR END,DIVIDED - W/MEDIAN BARRIER,TRAFFIC SIGNAL,IMPROPER LANE USAGE,DRIVING SKILLS/KNOWLEDGE/EXPERIENCE,0,0,0,0,18,2,4,2182,ELSTON AVE,41.927238,-87.622142,04/20/2020 07:57:00 PM,2020
CR00025273,01/02/2016 07:59:00 AM,35,CLEAR,DAYLIGHT,REAR END,NOT DIVIDED,STOP SIGN/FLASHER,DISTRACTION - FROM INSIDE VEHICLE,UNABLE TO DETERMINE,0,0,0,0,7,7,1,2069,47TH ST,41.835627,-87.52122,01/02/2016 08:44:00 AM,2016
CR00025274,10/28/2015 05:00:00 PM,45,SNOW,DAYLIGHT,REAR TO FRONT,FOUR WAY,TRAFFIC SIGNAL,IMPROPER OVERTAKING/PASSING,DISTRACTION - FROM INSIDE VEHICLE,0,0,0,0,17,4,10,949,PULASKI RD,41.994184,-87.63454,10/28/2015 05:06:00 PM,2015
CR00025275,03/18/2024 06:47:00 PM,25,CLEAR,DAYLIGHT,ANGLE,DIVIDED - W/MEDIAN (NOT RAISED),NO CONTROLS,FAILING TO REDUCE SPEED,NOT APPLICABLE,0,0,0,0,18,2,3,2194,CLARK ST,41.890643,-87.76693,03/18/2024 08:44:00 PM,2024
CR00025276,07/20/2020 03:56:00 PM,25,FOG/SMOKE/HAZE,DAYLIGHT,PEDESTRIAN,NOT DIVIDED,TRAFFIC SIGNAL,UNABLE TO DETERMINE,FOLLOWING TOO CLOSELY,0,0,0,0,15,2,7,1025,BROADWAY,41.871107,-87.524119,07/20/2020 04:13:00 PM,2020
CR00025277,11/20/2023 05:44:00 AM,35,CLEAR,DARKNESS,SIDESWIPE SAME DIRECTION,DIVIDED - W/MEDIAN (NOT RAISED),TRAFFIC SIGNAL,UNABLE TO DETERMINE,DRIVING SKILLS/KNOWLEDGE/EXPERIENCE,0,0,0,0,5,2,11,2032,KEDZIE AVE,41.77819,-87.509039,11/20/2023 06:25:00 AM,2023
CR00025278,07/22/2015 11:04:00 AM,35,SNOW,DAYLIGHT,TURNING,ONE-WAY,STOP SIGN/FLASHER,UNABLE TO DETERMINE,NOT APPLICABLE,0,0,0,0,11,4,7,664,WESTERN AVE,41.748036,-87.691859,07/22/2015 11:16:00 AM,2015
CR00025279,02/17/2020 02:54:00 AM,30,CLEAR,DAWN,REAR TO FRONT,ONE-WAY,NO CONTROLS,DRIVING SKILLS/KNOWLEDGE/EXPERIENCE,FOLLOWING TOO CLOSELY,0,0,0,0,2,2,2,1681,CLARK ST,41.723955,-87.508211,02/17/2020 03:20:00 AM,2020
CR00025280,08/07/2021 01:40:00 PM,35,CLEAR,DAYLIGHT,SIDESWIPE SAME DIRECTION,DIVIDED - W/MEDIAN (NOT RAISED),NO CONTROLS,FOLLOWING TOO CLOSELY,UNABLE TO DETERMINE,0,0,0,0,13,7,8,579,ELSTON AVE,41.731028,-87.656252,08/07/2021 03:20:00 PM,2021
CR00025281,06/01/2020 08:13:00 AM,30,RAIN,DARKNESS,TURNING,DIVIDED - W/MEDIAN (NOT RAISED),PEDESTRIAN CROSSING SIGN,UNABLE TO DETERMINE,DRIVING SKILLS/KNOWLEDGE/EXPERIENCE,0,0,0,0,8,2,6,359,MILWAUKEE AVE,41.87983,-87.78789,06/01/2020 10:05:00 AM,2020
CR00025282,12/13/2018 05:17:00 PM,45,CLEAR,DAYLIGHT,REAR END,T-INTERSECTION,STOP SIGN/FLASHER,DISREGARDING TRAFFIC SIGNALS,NOT APPLICABLE,0,1,1,2,17,5,12,1214,47TH ST,41.992203,-87.758745,12/13/2018 07:03:00 PM,2018
CR00025283,10/23/2024 03:20:00 PM,40,CLEAR,DAYLIGHT,REAR END,NOT DIVIDED,UNKNOWN,FOLLOWING TOO CLOSELY,DISTRACTION - FROM INSIDE VEHICLE,0,0,0,0,15,4,10,1664,47TH ST,41.817993,-87.834043,10/23/2024 03:34:00 PM,2024
CR00025284,08/12/2021 05:40:00 PM,35,CLEAR,DAYLIGHT,REAR END,DIVIDED - W/MEDIAN (NOT RAISED),STOP SIGN/FLASHER,DISREGARDING TRAFFIC SIGNALS,IMPROPER LANE USAGE,0,0,0,0,17,5,8,420,47TH ST,41.886633,-87.840507,08/12/2021 07:00:00 PM,2021
CR00025285,06/05/2017 07:00:00 PM,35,RAIN,DAYLIGHT,PARKED MOTOR VEHICLE,NOT DIVIDED,TRAFFIC SIGNAL,DISREGARDING TRAFFIC SIGNALS,IMPROPER OVERTAKING/PASSING,0,0,0,0,19,2,6,1454,STONY ISLAND AVE,41.717396,-87.570074,06/05/2017 08:42:00 PM,2017
CR00025286,07/03/2022 08:43:00 AM,15,CLEAR,DAYLIGHT,SIDESWIPE SAME DIRECTION,T-INTERSECTION,NO CONTROLS,UNABLE TO DETERMINE,NOT APPLICABLE,0,0,3,3,8,1,7,1850,IRVING PARK RD,41.908533,-87.656214,07/03/2022 10:42:00 AM,2022
CR00025287,12/16/2017 01:07:00 PM,15,CLEAR,DAYLIGHT,TURNING,NOT DIVIDED,NO CONTROLS,UNABLE TO DETERMINE,UNABLE TO DETERMINE,0,0,0,0,13,7,12,1372,FULLERTON AVE,41.783233,-87.507583,12/16/2017 02:17:00 PM,2017
CR00025288,06/01/2024 06:57:00 AM,15,RAIN,DARKNESS,TURNING,NOT DIVIDED,STOP SIGN/FLASHER,FAILING TO YIELD RIGHT-OF-WAY,WEATHER,0,0,0,0,6,7,6,990,79TH ST,41.887092,-87.690904,06/01/2024 07:40:00 AM,2024
CR00025289,10/21/2015 05:57:00 PM,30,CLEAR,DARKNESS - LIGHTED ROAD,REAR END,ONE-WAY,NO CONTROLS,FOLLOWING TOO CLOSELY,UNABLE TO DETERMINE,0,1,0,1,17,4,10,1362,HALSTED ST,41.743142,-87.565096,10/21/2015 06:27:00 PM,2015
CR00025290,11/02/2015 06:24:00 PM,40,CLOUDY/OVERCAST,DAYLIGHT,FIXED OBJECT,ONE-WAY,NO CONTROLS,FOLLOWING TOO CLOSELY,DISTRACTION - FROM INSIDE VEHICLE,0,0,0,0,18,2,11,467,OGDEN AVE,41.927767,-87.679404,11/02/2015 07:10:00 PM,2015
CR00025291,09/16/2022 10:51:00 AM,40,CLEAR,DAYLIGHT,SIDESWIPE SAME DIRECTION,FOUR WAY,NO CONTROLS,FOLLOWING TOO CLOSELY,DISTRACTION - FROM INSIDE VEHICLE,0,0,0,0,10,6,9,496,79TH ST,41.841824,-87.77765,09/16/2022 12:39:00 PM,2022
CR00025292,05/24/2021 07:29:00 PM,35,SNOW,DARKNESS - LIGHTED ROAD,TURNING,DIVIDED - W/MEDIAN (NOT RAISED),NO CONTROLS,UNABLE TO DETERMINE,DISREGARDING TRAFFIC SIGNALS,0,0,0,0,19,2,5,1422,CLARK ST,41.876514,-87.833117,05/24/2021 09:28:00 PM,2021
CR00025293,08/11/2021 07:03:00 PM,35,CLEAR,DARKNESS - LIGHTED ROAD,PARKED MOTOR VEHICLE,NOT DIVIDED,NO CONTROLS,UNABLE TO DETERMINE,DISTRACTION - FROM INSIDE VEHICLE,0,0,0,0,19,4,8,1836,FULLERTON AVE,41.906384,-87.503774,08/11/2021 07:31:00 PM,2021
CR00025294,07/08/2024 09:03:00 AM,40,CLEAR,DARKNESS - LIGHTED ROAD,TURNING,NOT DIVIDED,STOP SIGN/FLASHER,FOLLOWING TOO CLOSELY,NOT APPLICABLE,0,0,0,0,9,2,7,1122,BROADWAY,41.725574,-87.677541,07/08/2024 10:52:00 AM,2024
CR00025295,05/30/2023 12:14:00 AM,35,FREEZING RAIN/DRIZZLE,DARKNESS - LIGHTED ROAD,SIDESWIPE SAME DIRECTION,NOT DIVIDED,YIELD,UNABLE TO DETERMINE,NOT APPLICABLE,0,0,0,0,0,3,5,1589,CLARK ST,41.709701,-87.765984,05/30/2023 12:50:00 AM,2023
CR00025296,09/15/2022 03:44:00 PM,25,CLEAR,DAYLIGHT,SIDESWIPE SAME DIRECTION,DIVIDED - W/MEDIAN (NOT RAISED),NO CONTROLS,DRIVING SKILLS/KNOWLEDGE/EXPERIENCE,UNABLE TO DETERMINE,0,0,0,0,15,5,9,944,ARCHER AVE,41.911215,-87.837766,09/15/2022 04:00:00 PM,2022
CR00025297,03/07/2016 08:35:00 PM,25,CLEAR,DARKNESS,PARKED MOTOR VEHICLE,FOUR WAY,NO CONTROLS,IMPROPER OVERTAKING/PASSING,IMPROPER OVERTAKING/PASSING,0,0,0,0,20,2,3,1655,STONY ISLAND AVE,41.777265,-87.574998,03/07/2016 09:47:00 PM,2016
CR00025298,07/25/2021 08:34:00 AM,45,CLEAR,DAYLIGHT,ANGLE,DIVIDED - W/MEDIAN (NOT RAISED),NO CONTROLS,DRIVING SKILLS/KNOWLEDGE/EXPERIENCE,FOLLOWING TOO CLOSELY,0,0,0,0,8,1,7,2152,79TH ST,41.899971,-87.706644,07/25/2021 09:04:00 AM,2021
CR00025299,09/09/2016 07:14:00 AM,40,CLEAR,DARKNESS - LIGHTED ROAD,ANGLE,NOT DIVIDED,TRAFFIC SIGNAL,FAILING TO REDUCE SPEED,UNABLE TO DETERMINE,0,0,1,1,7,6,9,1180,MILWAUKEE AVE,41.714526,-87.707977,09/09/2016 08:11:00 AM,2016
CR00025300,07/23/2020 07:36:00 PM,30,CLEAR,DUSK,FIXED OBJECT,NOT DIVIDED,TRAFFIC SIGNAL,WEATHER,FOLLOWING TOO CLOSELY,0,0,0,0,19,5,7,1722,OGDEN AVE,41.795756,-87.757131,07/23/2020 08:38:00 PM,2020
CR00025301,12/29/2019 01:45:00 AM,20,RAIN,DAYLIGHT,FIXED OBJECT,DIVIDED - W/MEDIAN (NOT RAISED),TRAFFIC SIGNAL,DRIVING SKILLS/KNOWLEDGE/EXPERIENCE,FOLLOWING TOO CLOSELY,0,0,0,0,1,1,12,689,FULLERTON AVE,41.703478,-87.57704,12/29/2019 02:10:00 AM,2019
CR00025302,02/09/2019 01:25:00 PM,30,CLEAR,DAYLIGHT,ANGLE,DIVIDED - W/MEDIAN (NOT RAISED),TRAFFIC SIGNAL,FOLLOWING TOO CLOSELY,UNABLE TO DETERMINE,0,0,0,0,13,7,2,1722,ASHLAND AVE,41.942744,-87.772316,02/09/2019 02:52:00 PM,2019
CR00025303,08/02/2018 12:34:00 PM,25,RAIN,DAYLIGHT,PARKED MOTOR VEHICLE,NOT DIVIDED,NO CONTROLS,UNABLE TO DETERMINE,FAILING TO REDUCE SPEED,0,0,0,0,12,5,8,777,79TH ST,41.907229,-87.697065,08/02/2018 01:29:00 PM,2018
CR00025304,03/15/2024 05:05:00 PM,30,CLEAR,DUSK,SIDESWIPE SAME DIRECTION,DIVIDED - W/MEDIAN (NOT RAISED),NO CONTROLS,FOLLOWING TOO CLOSELY,UNABLE TO DETERMINE,0,0,0,0,17,6,3,560,BROADWAY,41.768632,-87.649251,03/15/2024 06:22:00 PM,2024
CR00025305,04/06/2019 10:37:00 AM,40,CLOUDY/OVERCAST,DARKNESS - LIGHTED ROAD,TURNING,DIVIDED - W/MEDIAN BARRIER,STOP SIGN/FLASHER,UNABLE TO DETERMINE,DRIVING SKILLS/KNOWLEDGE/EXPERIENCE,0,0,0,0,10,7,4,1709,CICERO AVE,41.872766,-87.577278,04/06/2019 12:11:00 PM,2019
CR00025306,07/07/2023 11:17:00 PM,15,CLEAR,DARKNESS,REAR END,DIVIDED - W/MEDIAN (NOT RAISED),YIELD,FAILING TO REDUCE SPEED,IMPROPER OVERTAKING/PASSING,0,0,0,0,23,6,7,1441,STATE ST,41.726516,-87.514132,07/08/2023 01:12:00 AM,2023
CR00025307,10/31/2015 10:38:00 PM,35,SNOW,DUSK,PARKED MOTOR VEHICLE,ONE-WAY,TRAFFIC SIGNAL,DRIVING SKILLS/KNOWLEDGE/EXPERIENCE,DISTRACTION - FROM INSIDE VEHICLE,0,0,0,0,22,7,10,129,47TH ST,41.975775,-87.564406,10/31/2015 11:52:00 PM,2015
CR00025308,10/19/2023 08:30:00 AM,30,CLEAR,DAYLIGHT,REAR END,NOT DIVIDED,NO CONTROLS,FAILING TO REDUCE SPEED,WEATHER,0,0,0,0,8,5,10,1502,CLARK ST,41.759284,-87.520839,10/19/2023 08:43:00 AM,2023
CR00025309,03/13/2021 05:03:00 PM,40,CLEAR,DAYLIGHT,TURNING,NOT DIVIDED,NO CONTROLS,UNABLE TO DETERMINE,NOT APPLICABLE,0,0,0,0,17,7,3,2359,FULLERTON AVE,41.823546,-87.538369,03/13/2021 06:37:00 PM,2021
CR00025310,09/11/2020 05:47:00 PM,25,SNOW,DARKNESS,REAR END,NOT DIVIDED,TRAFFIC SIGNAL,DISTRACTION - FROM INSIDE VEHICLE,NOT APPLICABLE,0,0,2,2,17,6,9,891,ELSTON AVE,41.837028,-87.640366,09/11/2020 06:23:00 PM,2020
CR00025311,03/28/2023 12:09:00 PM,30,SNOW,DARKNESS,ANGLE,FOUR WAY,UNKNOWN,FOLLOWING TOO CLOSELY,NOT APPLICABLE,0,0,1,1,12,3,3,1140,IRVING PARK RD,41.721773,-87.724061,03/28/2023 12:12:00 PM,2023
CR00025312,08/02/2020 05:00:00 PM,40,CLEAR,DAYLIGHT,ANGLE,DIVIDED - W/MEDIAN (NOT RAISED),YIELD,UNABLE TO DETERMINE,FAILING TO YIELD RIGHT-OF-WAY,0,0,0,0,17,1,8,2484,OGDEN AVE,41.711972,-87.797912,08/02/2020 06:15:00 PM,2020
CR00025313,11/21/2018 03:34:00 PM,30,CLEAR,DARKNESS - LIGHTED ROAD,ANGLE,DIVIDED - W/MEDIAN BARRIER,NO CONTROLS,FOLLOWING TOO CLOSELY,DRIVING SKILLS/KNOWLEDGE/EXPERIENCE,0,0,0,0,15,4,11,452,MICHIGAN AVE,41.841709,-87.524034,11/21/2018 03:41:00 PM,2018
CR00025314,09/13/2017 07:06:00 AM,45,CLEAR,DAYLIGHT,REAR TO FRONT,DIVIDED - W/MEDIAN (NOT RAISED),STOP SIGN/FLASHER,DRIVING SKILLS/KNOWLEDGE/EXPERIENCE,NOT APPLICABLE,0,0,0,0,7,4,9,1054,CALIFORNIA AVE,41.782216,-87.640708,09/13/2017 07:09:00 AM,2017
CR00025315,11/04/2015 07:33:00 AM,20,CLEAR,DAYLIGHT,REAR TO FRONT,T-INTERSECTION,TRAFFIC SIGNAL,UNABLE TO DETERMINE,UNABLE TO DETERMINE,0,0,0,0,7,4,11,2267,DAMEN AVE,41.948418,-87.692965,11/04/2015 08:58:00 AM,2015
CR00025316,02/06/2017 10:43:00 AM,40,CLEAR,DAYLIGHT,ANGLE,NOT DIVIDED,NO CONTROLS,UNABLE TO DETERMINE,FAILING TO YIELD RIGHT-OF-WAY,0,0,1,1,10,2,2,1791,ROOSEVELT RD,41.906031,-87.621944,02/06/2017 11:46:00 AM,2017
CR00025317,06/21/2015 06:21:00 PM,30,CLEAR,DARKNESS,SIDESWIPE SAME DIRECTION,FOUR WAY,TRAFFIC SIGNAL,FAILING TO YIELD RIGHT-OF-WAY,IMPROPER OVERTAKING/PASSING,0,0,1,1,18,1,6,1256,47TH ST,41.896671,-87.759958,06/21/2015 06:43:00 PM,2015
CR00025318,11/14/2021 06:03:00 PM,45,CLEAR,DARKNESS - LIGHTED ROAD,ANGLE,DIVIDED - W/MEDIAN (NOT RAISED),TRAFFIC SIGNAL,IMPROPER LANE USAGE,FOLLOWING TOO CLOSELY,0,0,0,0,18,1,11,1011,WESTERN AVE,41.778172,-87.771022,11/14/2021 07:44:00 PM,2021
CR00025319,01/10/2024 03:05:00 PM,30,CLEAR,DAYLIGHT,PEDESTRIAN,FOUR WAY,UNKNOWN,UNABLE TO DETERMINE,IMPROPER LANE USAGE,0,0,0,0,15,4,1,1029,ASHLAND AVE,41.894583,-87.71759,01/10/2024 04:22:00 PM,2024
CR00025320,11/02/2018 07:48:00 PM,15,CLEAR,DAYLIGHT,PARKED MOTOR VEHICLE,DIVIDED - W/MEDIAN (NOT RAISED),TRAFFIC SIGNAL,IMPROPER OVERTAKING/PASSING,UNABLE TO DETERMINE,0,0,0,0,19,6,11,1580,ARCHER AVE,41.727641,-87.713359,11/02/2018 09:45:00 PM,2018
CR00025321,05/22/2017 08:54:00 PM,40,CLEAR,DARKNESS - LIGHTED ROAD,ANGLE,NOT DIVIDED,STOP SIGN/FLASHER,FAILING TO YIELD RIGHT-OF-WAY,IMPROPER OVERTAKING/PASSING,0,0,0,0,20,2,5,1605,HALSTED ST,41.766327,-87.56214,05/22/2017 09:29:00 PM,2017
CR00025322,09/29/2017 10:54:00 AM,40,RAIN,DARKNESS,PARKED MOTOR VEHICLE,DIVIDED - W/MEDIAN BARRIER,STOP SIGN/FLASHER,FAILING TO YIELD RIGHT-OF-WAY,UNABLE TO DETERMINE,0,1,3,4,10,6,9,1752,63RD ST,41.702325,-87.689503,09/29/2017 11:28:00 AM,2017
CR00025323,11/20/2015 07:38:00 AM,40,CLEAR,DARKNESS - LIGHTED ROAD,REAR END,DIVIDED - W/MEDIAN (NOT RAISED),NO CONTROLS,FOLLOWING TOO CLOSELY,FAILING TO YIELD RIGHT-OF-WAY,0,0,3,3,7,6,11,2371,63RD ST,41.834219,-87.612859,11/20/2015 07:48:00 AM,2015
CR00025324,07/06/2019 11:23:00 PM,45,CLEAR,DAYLIGHT,ANGLE,NOT DIVIDED,NO CONTROLS,FAILING TO REDUCE SPEED,FAILING TO YIELD RIGHT-OF-WAY,0,0,0,0,23,7,7,720,79TH ST,41.825739,-87.607358,07/07/2019 12:16:00 AM,2019
CR00025325,10/27/2018 10:23:00 AM,25,CLEAR,DARKNESS - LIGHTED ROAD,FIXED OBJECT,DIVIDED - W/MEDIAN BARRIER,NO CONTROLS,FOLLOWING TOO CLOSELY,FAILING TO YIELD RIGHT-OF-WAY,0,0,0,0,10,7,10,1156,ELSTON AVE,41.879722,-87.705924,10/27/2018 11:03:00 AM,2018
CR00025326,06/04/2018 03:32:00 PM,25,RAIN,DARKNESS,PEDESTRIAN,T-INTERSECTION,STOP SIGN/FLASHER,DISTRACTION - FROM INSIDE VEHICLE,UNABLE TO DETERMINE,0,0,0,0,15,2,6,1203,IRVING PARK RD,41.732988,-87.748679,06/04/2018 05:27:00 PM,2018
CR00025327,06/01/2022 07:42:00 AM,45,CLEAR,DARKNESS - LIGHTED ROAD,PARKED MOTOR VEHICLE,NOT DIVIDED,STOP SIGN/FLASHER,DISREGARDING TRAFFIC SIGNALS,DRIVING SKILLS/KNOWLEDGE/EXPERIENCE,0,0,0,0,7,4,6,108,DIVISION ST,41.983269,-87.607968,06/01/2022 08:45:00 AM,2022
CR00025328,12/30/2022 04:31:00 PM,15,CLEAR,DAYLIGHT,SIDESWIPE SAME DIRECTION,DIVIDED - W/MEDIAN (NOT RAISED),NO CONTROLS,UNABLE TO DETERMINE,NOT APPLICABLE,0,0,0,0,16,6,12,1886,HALSTED ST,41.876458,-87.531704,12/30/2022 05:08:00 PM,2022
CR00025329,04/13/2022 08:35:00 PM,40,CLEAR,DARKNESS - LIGHTED ROAD,PARKED MOTOR VEHICLE,FOUR WAY,STOP SIGN/FLASHER,FOLLOWING TOO CLOSELY,DRIVING SKILLS/KNOWLEDGE/EXPERIENCE,0,0,3,3,20,4,4,306,LAKE SHORE DR,41.755425,-87.548134,04/13/2022 10:34:00 PM,2022
CR00025330,02/10/2018 06:08:00 PM,40,CLEAR,DAYLIGHT,TURNING,DIVIDED - W/MEDIAN (NOT RAISED),NO CONTROLS,IMPROPER LANE USAGE,WEATHER,0,0,3,3,18,7,2,1591,LAKE SHORE DR,41.99827,-87.515017,02/10/2018 06:11:00 PM,2018
CR00025331,04/19/2022 03:56:00 PM,35,CLEAR,DAYLIGHT,FIXED OBJECT,NOT DIVIDED,NO CONTROLS,UNABLE TO DETERMINE,NOT APPLICABLE,0,0,0,0,15,3,4,2193,CALIFORNIA AVE,41.874634,-87.755056,04/19/2022 04:28:00 PM,2022
CR00025332,06/22/2019 07:42:00 AM,45,CLEAR,DAYLIGHT,ANGLE,FOUR WAY,TRAFFIC SIGNAL,FOLLOWING TOO CLOSELY,NOT APPLICABLE,0,0,0,0,7,7,6,474,ARCHER AVE,41.886657,-87.606193,06/22/2019 08:00:00 AM,2019
CR00025333,08/30/2020 05:41:00 PM,30,CLEAR,DAYLIGHT,FIXED OBJECT,NOT DIVIDED,NO CONTROLS,WEATHER,NOT APPLICABLE,0,0,1,1,17,1,8,397,BROADWAY,41.934483,-87.845376,08/30/2020 06:37:00 PM,2020
CR00025334,10/26/2021 09:56:00 AM,40,SNOW,DAYLIGHT,ANGLE,NOT DIVIDED,STOP SIGN/FLASHER,FAILING TO YIELD RIGHT-OF-WAY,IMPROPER OVERTAKING/PASSING,0,0,3,3,9,3,10,142,STONY ISLAND AVE,41.96863,-87.718114,10/26/2021 11:21:00 AM,2021
CR00025335,08/30/2022 09:39:00 AM,30,CLEAR,DAYLIGHT,SIDESWIPE SAME DIRECTION,NOT DIVIDED,NO CONTROLS,UNABLE TO DETERMINE,IMPROPER LANE USAGE,0,0,0,0,9,3,8,1202,STONY ISLAND AVE,41.926166,-87.73803,08/30/2022 10:47:00 AM,2022
CR00025336,05/29/2020 10:13:00 AM,35,CLEAR,DAYLIGHT,ANGLE,NOT DIVIDED,NO CONTROLS,IMPROPER OVERTAKING/PASSING,UNABLE TO DETERMINE,0,0,0,0,10,6,5,572,OGDEN AVE,41.768546,-87.758325,05/29/2020 11:48:00 AM,2020
CR00025337,10/11/2019 08:19:00 AM,35,CLEAR,DAYLIGHT,ANGLE,FOUR WAY,TRAFFIC SIGNAL,UNABLE TO DETERMINE,DRIVING SKILLS/KNOWLEDGE/EXPERIENCE,0,0,0,0,8,6,10,1196,LAKE SHORE DR,41.91407,-87.53114,10/11/2019 08:24:00 AM,2019
CR00025338,07/13/2019 04:17:00 PM,25,CLEAR,DAYLIGHT,TURNING,FOUR WAY,NO CONTROLS,UNABLE TO DETERMINE,FAILING TO YIELD RIGHT-OF-WAY,0,0,0,0,16,7,7,1776,MICHIGAN AVE,41.778078,-87.71682,07/13/2019 04:41:00 PM,2019
CR00025339,03/05/2020 06:04:00 AM,30,RAIN,DAYLIGHT,FIXED OBJECT,ONE-WAY,NO CONTROLS,FAILING TO REDUCE SPEED,UNABLE TO DETERMINE,0,0,0,0,6,5,3,2432,ASHLAND AVE,41.865602,-87.769261,03/05/2020 06:16:00 AM,2020
CR00025340,01/21/2023 04:51:00 PM,20,CLEAR,DAYLIGHT,REAR END,DIVIDED - W/MEDIAN (NOT RAISED),NO CONTROLS,FAILING TO YIELD RIGHT-OF-WAY,NOT APPLICABLE,0,0,0,0,16,7,1,608,ASHLAND AVE,41.999504,-87.638458,01/21/2023 05:25:00 PM,2023