CRASH_RECORD_ID,CRASH_DATE,POSTED_SPEED_LIMIT,WEATHER_CONDITION,LIGHTING_CONDITION,FIRST_CRASH_TYPE,TRAFFICWAY_TYPE,TRAFFIC_CONTROL_DEVICE,PRIM_CONTRIBUTORY_CAUSE,SEC_CONTRIBUTORY_CAUSE,INJURIES_FATAL,INJURIES_INCAPACITATING,INJURIES_NON_INCAPACITATING,INJURIES_TOTAL,CRASH_HOUR,CRASH_DAY_OF_WEEK,CRASH_MONTH,BEAT_OF_OCCURRENCE,STREET_NAME,LATITUDE,LONGITUDE,DATE_POLICE_NOTIFIED,year
CR00025341,04/07/2017 06:45:00 PM,20,CLEAR,DARKNESS - LIGHTED ROAD,REAR END,ONE-WAY,NO CONTROLS,FOLLOWING TOO CLOSELY,FOLLOWING TOO CLOSELY,0,0,0,0,18,6,4,1199,CICERO AVE,41.896811,-87.756723,04/07/2017 07:14:00 PM,2017
CR00025342,12/30/2019 01:43:00 PM,35,CLEAR,DARKNESS - LIGHTED ROAD,REAR END,NOT DIVIDED,NO CONTROLS,UNABLE TO DETERMINE,UNABLE TO DETERMINE,0,0,0,0,13,2,12,1866,DAMEN AVE,41.708009,-87.577514,12/30/2019 03:26:00 PM,2019
CR00025343,02/07/2018 05:47:00 PM,20,CLEAR,DARKNESS - LIGHTED ROAD,PARKED MOTOR VEHICLE,DIVIDED - W/MEDIAN (NOT RAISED),UNKNOWN,IMPROPER OVERTAKING/PASSING,FOLLOWING TOO CLOSELY,0,0,0,0,17,4,2,472,DAMEN AVE,41.840632,-87.764034,02/07/2018 06:57:00 PM,2018
CR00025344,04/05/2024 04:45:00 PM,15,CLEAR,DARKNESS - LIGHTED ROAD,REAR END,NOT DIVIDED,UNKNOWN,FAILING TO REDUCE SPEED,UNABLE TO DETERMINE,0,0,0,0,16,6,4,1855,FULLERTON AVE,41.921375,-87.753968,04/05/2024 05:24:00 PM,2024
CR00025345,05/19/2018 05:18:00 PM,40,CLEAR,DAYLIGHT,REAR END,FOUR WAY,NO CONTROLS,IMPROPER OVERTAKING/PASSING,WEATHER,0,0,0,0,17,7,5,2285,IRVING PARK RD,41.82982,-87.667331,05/19/2018 06:10:00 PM,2018
CR00025346,07/06/2016 06:24:00 PM,40,CLEAR,DARKNESS - LIGHTED ROAD,ANGLE,DIVIDED - W/MEDIAN (NOT RAISED),STOP SIGN/FLASHER,DISTRACTION - FROM INSIDE VEHICLE,FAILING TO YIELD RIGHT-OF-WAY,0,0,0,0,18,4,7,426,OGDEN AVE,41.934451,-87.712634,07/06/2016 06:38:00 PM,2016
CR00025347,02/03/2018 06:43:00 PM,30,CLEAR,DAYLIGHT,ANGLE,ONE-WAY,STOP SIGN/FLASHER,WEATHER,DISTRACTION - FROM INSIDE VEHICLE,0,0,0,0,18,7,2,901,STONY ISLAND AVE,41.9283,-87.821485,02/03/2018 07:15:00 PM,2018
CR00025348,03/28/2023 03:00:00 PM,25,RAIN,DAYLIGHT,SIDESWIPE SAME DIRECTION,DIVIDED - W/MEDIAN BARRIER,NO CONTROLS,DISTRACTION - FROM INSIDE VEHICLE,NOT APPLICABLE,0,1,1,2,15,3,3,613,79TH ST,41.778703,-87.752649,03/28/2023 04:09:00 PM,2023
CR00025349,09/05/2021 08:00:00 AM,40,SNOW,DAYLIGHT,PARKED MOTOR VEHICLE,ONE-WAY,TRAFFIC SIGNAL,WEATHER,UNABLE TO DETERMINE,0,0,1,1,8,1,9,1493,47TH ST,41.789071,-87.544502,09/05/2021 09:27:00 AM,2021
CR00025350,10/27/2023 08:56:00 PM,30,SNOW,DAYLIGHT,TURNING,NOT DIVIDED,UNKNOWN,UNABLE TO DETERMINE,NOT APPLICABLE,0,0,0,0,20,6,10,272,LAKE SHORE DR,41.984782,-87.574174,10/27/2023 09:29:00 PM,2023
CR00025351,02/23/2023 12:17:00 PM,15,CLOUDY/OVERCAST,DARKNESS,REAR END,ONE-WAY,TRAFFIC SIGNAL,FAILING TO REDUCE SPEED,IMPROPER LANE USAGE,0,0,3,3,12,5,2,1375,CICERO AVE,41.768154,-87.668199,02/23/2023 01:41:00 PM,2023
CR00025352,12/20/2016 07:24:00 AM,30,CLEAR,DARKNESS - LIGHTED ROAD,ANGLE,ONE-WAY,PEDESTRIAN CROSSING SIGN,UNABLE TO DETERMINE,NOT APPLICABLE,0,0,0,0,7,3,12,1867,CICERO AVE,41.809129,-87.666824,12/20/2016 08:56:00 AM,2016
CR00025353,02/22/2016 01:48:00 PM,45,CLEAR,DAYLIGHT,REAR END,DIVIDED - W/MEDIAN (NOT RAISED),NO CONTROLS,DRIVING SKILLS/KNOWLEDGE/EXPERIENCE,FAILING TO REDUCE SPEED,0,0,0,0,13,2,2,2282,MICHIGAN AVE,41.955343,-87.771535,02/22/2016 02:07:00 PM,2016
CR00025354,01/10/2020 08:09:00 AM,25,SNOW,DARKNESS - LIGHTED ROAD,REAR END,FOUR WAY,STOP SIGN/FLASHER,FOLLOWING TOO CLOSELY,IMPROPER OVERTAKING/PASSING,0,1,2,3,8,6,1,1719,47TH ST,41.712586,-87.786876,01/10/2020 09:54:00 AM,2020
CR00025355,03/20/2021 12:42:00 PM,35,CLOUDY/OVERCAST,DAYLIGHT,ANGLE,DIVIDED - W/MEDIAN (NOT RAISED),NO CONTROLS,FAILING TO YIELD RIGHT-OF-WAY,UNABLE TO DETERMINE,0,0,0,0,12,7,3,992,ELSTON AVE,41.735793,-87.694736,03/20/2021 12:43:00 PM,2021
CR00025356,03/20/2022 10:51:00 AM,30,CLEAR,DAYLIGHT,TURNING,ONE-WAY,TRAFFIC SIGNAL,DRIVING SKILLS/KNOWLEDGE/EXPERIENCE,UNABLE TO DETERMINE,0,0,0,0,10,1,3,1492,STONY ISLAND AVE,41.936103,-87.811943,03/20/2022 11:17:00 AM,2022
CR00025357,10/13/2015 08:48:00 AM,30,CLEAR,DAYLIGHT,REAR END,DIVIDED - W/MEDIAN (NOT RAISED),TRAFFIC SIGNAL,WEATHER,NOT APPLICABLE,0,0,0,0,8,3,10,268,IRVING PARK RD,41.848936,-87.742527,10/13/2015 08:53:00 AM,2015
CR00025358,04/25/2020 02:41:00 PM,25,RAIN,DARKNESS - LIGHTED ROAD,FIXED OBJECT,DIVIDED - W/MEDIAN (NOT RAISED),YIELD,IMPROPER OVERTAKING/PASSING,UNABLE TO DETERMINE,0,0,0,0,14,7,4,2436,ASHLAND AVE,41.907659,-87.736904,04/25/2020 04:35:00 PM,2020
CR00025359,03/13/2022 05:36:00 PM,30,RAIN,DARKNESS - LIGHTED ROAD,SIDESWIPE SAME DIRECTION,ONE-WAY,TRAFFIC SIGNAL,FOLLOWING TOO CLOSELY,DISTRACTION - FROM INSIDE VEHICLE,0,0,2,2,17,1,3,240,63RD ST,41.738298,-87.697351,03/13/2022 06:38:00 PM,2022
CR00025360,11/20/2023 03:23:00 PM,40,CLEAR,DARKNESS - LIGHTED ROAD,ANGLE,NOT DIVIDED,UNKNOWN,FAILING TO YIELD RIGHT-OF-WAY,FAILING TO YIELD RIGHT-OF-WAY,0,0,0,0,15,2,11,1003,MILWAUKEE AVE,41.847527,-87.69319,11/20/2023 03:41:00 PM,2023
CR00025361,01/04/2017 09:13:00 AM,40,CLEAR,DAYLIGHT,TURNING,NOT DIVIDED,NO CONTROLS,FOLLOWING TOO CLOSELY,DRIVING SKILLS/KNOWLEDGE/EXPERIENCE,0,0,0,0,9,4,1,2151,OGDEN AVE,41.741626,-87.823103,01/04/2017 11:07:00 AM,2017
CR00025362,08/21/2022 04:00:00 PM,25,RAIN,DAYLIGHT,PEDESTRIAN,T-INTERSECTION,STOP SIGN/FLASHER,UNABLE TO DETERMINE,IMPROPER OVERTAKING/PASSING,0,2,1,3,16,1,8,1363,47TH ST,41.864259,-87.806852,08/21/2022 04:38:00 PM,2022
CR00025363,08/01/2020 01:28:00 PM,20,CLEAR,DARKNESS - LIGHTED ROAD,REAR END,NOT DIVIDED,NO CONTROLS,UNABLE TO DETERMINE,DISTRACTION - FROM INSIDE VEHICLE,0,0,0,0,13,7,8,2250,ARCHER AVE,41.875977,-87.53763,08/01/2020 01:47:00 PM,2020
CR00025364,08/25/2021 05:15:00 PM,40,CLEAR,DAYLIGHT,ANGLE,NOT DIVIDED,TRAFFIC SIGNAL,FAILING TO REDUCE SPEED,FOLLOWING TOO CLOSELY,0,0,3,3,17,4,8,589,WESTERN AVE,41.990796,-87.546485,08/25/2021 05:24:00 PM,2021
CR00025365,11/12/2023 12:20:00 PM,20,CLEAR,DAYLIGHT,PARKED MOTOR VEHICLE,FOUR WAY,STOP SIGN/FLASHER,IMPROPER OVERTAKING/PASSING,IMPROPER LANE USAGE,0,0,0,0,12,1,11,538,OGDEN AVE,41.995458,-87.836393,11/12/2023 12:25:00 PM,2023
CR00025366,11/07/2017 12:26:00 PM,30,CLEAR,DARKNESS - LIGHTED ROAD,TURNING,ONE-WAY,NO CONTROLS,IMPROPER OVERTAKING/PASSING,FOLLOWING TOO CLOSELY,0,0,0,0,12,3,11,2416,KEDZIE AVE,41.947156,-87.75477,11/07/2017 01:27:00 PM,2017
CR00025367,04/20/2015 06:39:00 AM,30,CLEAR,DAYLIGHT,REAR END,NOT DIVIDED,NO CONTROLS,FOLLOWING TOO CLOSELY,FAILING TO YIELD RIGHT-OF-WAY,0,0,1,1,6,2,4,617,CLARK ST,41.710411,-87.692065,04/20/2015 08:21:00 AM,2015
CR00025368,01/21/2023 08:07:00 AM,25,CLEAR,DAYLIGHT,REAR END,DIVIDED - W/MEDIAN (NOT RAISED),STOP SIGN/FLASHER,UNABLE TO DETERMINE,FAILING TO REDUCE SPEED,0,0,0,0,8,7,1,628,STATE ST,41.970978,-87.783564,01/21/2023 08:46:00 AM,2023
CR00025369,10/19/2017 08:08:00 AM,35,CLEAR,DARKNESS - LIGHTED ROAD,SIDESWIPE SAME DIRECTION,NOT DIVIDED,NO CONTROLS,DISREGARDING TRAFFIC SIGNALS,FOLLOWING TOO CLOSELY,0,0,0,0,8,5,10,1579,HALSTED ST,41.89495,-87.606429,10/19/2017 08:36:00 AM,2017
CR00025370,05/17/2019 01:42:00 PM,20,CLEAR,DAYLIGHT,TURNING,NOT DIVIDED,NO CONTROLS,UNABLE TO DETERMINE,NOT APPLICABLE,0,0,0,0,13,6,5,1412,DIVISION ST,41.789425,-87.670833,05/17/2019 03:29:00 PM,2019
CR00025371,02/24/2023 09:27:00 AM,30,FREEZING RAIN/DRIZZLE,DAYLIGHT,REAR END,NOT DIVIDED,NO CONTROLS,UNABLE TO DETERMINE,FAILING TO YIELD RIGHT-OF-WAY,0,0,0,0,9,6,2,254,MICHIGAN AVE,41.901064,-87.634745,02/24/2023 09:34:00 AM,2023
CR00025372,05/16/2021 07:35:00 AM,35,FOG/SMOKE/HAZE,DAYLIGHT,ANGLE,DIVIDED - W/MEDIAN (NOT RAISED),TRAFFIC SIGNAL,UNABLE TO DETERMINE,UNABLE TO DETERMINE,0,0,0,0,7,1,5,1596,IRVING PARK RD,41.99024,-87.638471,05/16/2021 07:42:00 AM,2021
CR00025373,02/19/2017 11:47:00 PM,15,RAIN,DAYLIGHT,ANGLE,DIVIDED - W/MEDIAN (NOT RAISED),STOP SIGN/FLASHER,UNABLE TO DETERMINE,DRIVING SKILLS/KNOWLEDGE/EXPERIENCE,0,0,1,1,23,1,2,1202,MILWAUKEE AVE,41.921042,-87.773288,02/20/2017 01:35:00 AM,2017
CR00025374,09/07/2022 03:40:00 AM,20,CLEAR,DAYLIGHT,TURNING,NOT DIVIDED,NO CONTROLS,FAILING TO REDUCE SPEED,UNABLE TO DETERMINE,0,0,0,0,3,4,9,1197,IRVING PARK RD,41.789085,-87.65283,09/07/2022 04:59:00 AM,2022
CR00025375,04/18/2018 06:28:00 PM,15,CLEAR,DAYLIGHT,REAR END,DIVIDED - W/MEDIAN BARRIER,STOP SIGN/FLASHER,IMPROPER OVERTAKING/PASSING,FOLLOWING TOO CLOSELY,0,0,1,1,18,4,4,2084,47TH ST,41.836178,-87.680679,04/18/2018 06:55:00 PM,2018
CR00025376,03/10/2016 07:19:00 AM,30,RAIN,DARKNESS,REAR END,NOT DIVIDED,NO CONTROLS,FAILING TO YIELD RIGHT-OF-WAY,NOT APPLICABLE,0,0,0,0,7,5,3,2459,ARCHER AVE,41.977819,-87.662974,03/10/2016 07:31:00 AM,2016
CR00025377,03/07/2016 12:39:00 AM,20,RAIN,DAYLIGHT,REAR END,FOUR WAY,TRAFFIC SIGNAL,FAILING TO YIELD RIGHT-OF-WAY,UNABLE TO DETERMINE,0,0,0,0,0,2,3,406,HALSTED ST,41.913276,-87.531036,03/07/2016 02:35:00 AM,2016
CR00025378,12/16/2020 02:04:00 PM,45,CLEAR,DARKNESS - LIGHTED ROAD,ANGLE,NOT DIVIDED,NO CONTROLS,FAILING TO YIELD RIGHT-OF-WAY,DISTRACTION - FROM INSIDE VEHICLE,0,0,0,0,14,4,12,1744,ROOSEVELT RD,41.975457,-87.650994,12/16/2020 03:01:00 PM,2020
CR00025379,09/18/2018 06:48:00 PM,30,CLEAR,DAWN,REAR END,DIVIDED - W/MEDIAN (NOT RAISED),TRAFFIC SIGNAL,FAILING TO YIELD RIGHT-OF-WAY,NOT APPLICABLE,0,0,0,0,18,3,9,2231,WESTERN AVE,41.964383,-87.682237,09/18/2018 07:21:00 PM,2018
CR00025380,08/07/2022 09:36:00 AM,30,CLOUDY/OVERCAST,DAYLIGHT,FIXED OBJECT,DIVIDED - W/MEDIAN (NOT RAISED),NO CONTROLS,DRIVING SKILLS/KNOWLEDGE/EXPERIENCE,DRIVING SKILLS/KNOWLEDGE/EXPERIENCE,0,0,0,0,9,1,8,1785,PULASKI RD,41.832303,-87.7906,08/07/2022 09:54:00 AM,2022
CR00025381,10/24/2022 04:18:00 PM,35,CLEAR,DARKNESS - LIGHTED ROAD,SIDESWIPE SAME DIRECTION,NOT DIVIDED,TRAFFIC SIGNAL,IMPROPER LANE USAGE,NOT APPLICABLE,0,0,3,3,16,2,10,2026,ARCHER AVE,41.850143,-87.715339,10/24/2022 05:37:00 PM,2022
CR00025382,07/08/2022 01:28:00 PM,35,CLEAR,DUSK,TURNING,DIVIDED - W/MEDIAN BARRIER,NO CONTROLS,IMPROPER LANE USAGE,NOT APPLICABLE,0,0,0,0,13,6,7,1180,ELSTON AVE,41.83034,-87.74415,07/08/2022 02:06:00 PM,2022
CR00025383,03/31/2019 03:42:00 PM,40,RAIN,DAYLIGHT,REAR END,T-INTERSECTION,NO CONTROLS,FOLLOWING TOO CLOSELY,FAILING TO YIELD RIGHT-OF-WAY,0,0,3,3,15,1,3,1541,ELSTON AVE,41.808915,-87.725858,03/31/2019 03:47:00 PM,2019
CR00025384,02/23/2022 06:42:00 PM,45,RAIN,DAYLIGHT,ANGLE,DIVIDED - W/MEDIAN BARRIER,NO CONTROLS,FAILING TO YIELD RIGHT-OF-WAY,IMPROPER LANE USAGE,0,0,0,0,18,4,2,921,BROADWAY,41.889505,-87.757966,02/23/2022 08:27:00 PM,2022
CR00025385,04/23/2024 08:33:00 AM,20,CLOUDY/OVERCAST,DUSK,REAR TO FRONT,DIVIDED - W/MEDIAN BARRIER,TRAFFIC SIGNAL,UNABLE TO DETERMINE,DISREGARDING TRAFFIC SIGNALS,0,0,2,2,8,3,4,947,79TH ST,41.766219,-87.618248,04/23/2024 09:08:00 AM,2024
CR00025386,09/03/2018 02:50:00 PM,35,CLEAR,DARKNESS - LIGHTED ROAD,TURNING,ONE-WAY,YIELD,DISREGARDING TRAFFIC SIGNALS,UNABLE TO DETERMINE,0,0,0,0,14,2,9,1146,CICERO AVE,41.892996,-87.541836,09/03/2018 03:45:00 PM,2018
CR00025387,04/25/2024 09:03:00 PM,45,CLEAR,DAYLIGHT,TURNING,NOT DIVIDED,NO CONTROLS,DRIVING SKILLS/KNOWLEDGE/EXPERIENCE,DISTRACTION - FROM INSIDE VEHICLE,0,0,1,1,21,5,4,752,DAMEN AVE,41.7411,-87.737794,04/25/2024 10:32:00 PM,2024
CR00025388,07/04/2016 04:52:00 AM,15,CLEAR,DARKNESS - LIGHTED ROAD,REAR END,NOT DIVIDED,NO CONTROLS,UNABLE TO DETERMINE,FAILING TO YIELD RIGHT-OF-WAY,0,0,0,0,4,2,7,244,OGDEN AVE,41.882712,-87.605848,07/04/2016 06:31:00 AM,2016
CR00025389,08/03/2015 11:04:00 AM,30,CLEAR,DAYLIGHT,REAR END,DIVIDED - W/MEDIAN BARRIER,STOP SIGN/FLASHER,UNABLE TO DETERMINE,WEATHER,0,0,0,0,11,2,8,1358,CLARK ST,41.988883,-87.735305,08/03/2015 11:36:00 AM,2015
CR00025390,09/10/2016 12:51:00 PM,35,FREEZING RAIN/DRIZZLE,DAYLIGHT,ANGLE,NOT DIVIDED,NO CONTROLS,DISTRACTION - FROM INSIDE VEHICLE,IMPROPER LANE USAGE,0,0,0,0,12,7,9,1150,STATE ST,41.702741,-87.538238,09/10/2016 02:29:00 PM,2016
CR00025391,03/22/2015 01:52:00 PM,35,CLOUDY/OVERCAST,DAYLIGHT,TURNING,ONE-WAY,PEDESTRIAN CROSSING SIGN,FOLLOWING TOO CLOSELY,UNABLE TO DETERMINE,0,0,0,0,13,1,3,560,ARCHER AVE,41.845359,-87.655783,03/22/2015 03:46:00 PM,2015
CR00025392,02/24/2023 08:38:00 PM,30,CLEAR,DARKNESS - LIGHTED ROAD,PEDESTRIAN,NOT DIVIDED,STOP SIGN/FLASHER,UNABLE TO DETERMINE,IMPROPER LANE USAGE,0,0,0,0,20,6,2,302,WESTERN AVE,41.727298,-87.833919,02/24/2023 08:42:00 PM,2023
CR00025393,10/21/2016 03:45:00 AM,20,CLEAR,DAYLIGHT,PARKED MOTOR VEHICLE,ONE-WAY,NO CONTROLS,WEATHER,NOT APPLICABLE,0,0,0,0,3,6,10,1184,CALIFORNIA AVE,41.848538,-87.8272,10/21/2016 05:09:00 AM,2016
CR00025394,06/13/2024 11:15:00 PM,20,CLEAR,DAYLIGHT,REAR END,DIVIDED - W/MEDIAN BARRIER,STOP SIGN/FLASHER,FAILING TO YIELD RIGHT-OF-WAY,IMPROPER LANE USAGE,0,0,0,0,23,5,6,1075,CLARK ST,41.73626,-87.640833,06/14/2024 12:02:00 AM,2024
CR00025395,07/22/2022 03:46:00 AM,20,CLEAR,DAYLIGHT,REAR END,DIVIDED - W/MEDIAN (NOT RAISED),NO CONTROLS,FAILING TO REDUCE SPEED,NOT APPLICABLE,0,0,0,0,3,6,7,2340,FULLERTON AVE,41.778079,-87.559771,07/22/2022 03:48:00 AM,2022
CR00025396,10/17/2016 08:19:00 PM,20,CLEAR,DAYLIGHT,REAR END,ONE-WAY,STOP SIGN/FLASHER,UNABLE TO DETERMINE,NOT APPLICABLE,0,0,0,0,20,2,10,937,STONY ISLAND AVE,41.968333,-87.681324,10/17/2016 08:48:00 PM,2016
CR00025397,11/27/2020 09:29:00 AM,35,CLEAR,DARKNESS - LIGHTED ROAD,TURNING,NOT DIVIDED,NO CONTROLS,FOLLOWING TOO CLOSELY,NOT APPLICABLE,0,0,0,0,9,6,11,2219,CALIFORNIA AVE,41.958284,-87.723933,11/27/2020 10:40:00 AM,2020
CR00025398,06/25/2015 09:46:00 PM,15,SNOW,DARKNESS - LIGHTED ROAD,TURNING,NOT DIVIDED,NO CONTROLS,UNABLE TO DETERMINE,UNABLE TO DETERMINE,0,0,0,0,21,5,6,382,CICERO AVE,41.753168,-87.739787,06/25/2015 11:37:00 PM,2015
CR00025399,12/19/2017 02:52:00 PM,35,CLEAR,DARKNESS,TURNING,DIVIDED - W/MEDIAN (NOT RAISED),STOP SIGN/FLASHER,UNABLE TO DETERMINE,FAILING TO YIELD RIGHT-OF-WAY,0,0,0,0,14,3,12,653,HALSTED ST,41.796807,-87.763401,12/19/2017 03:50:00 PM,2017
CR00025400,09/01/2016 05:55:00 PM,35,RAIN,DAYLIGHT,FIXED OBJECT,FOUR WAY,TRAFFIC SIGNAL,UNABLE TO DETERMINE,UNABLE TO DETERMINE,0,0,1,1,17,5,9,647,MICHIGAN AVE,41.998324,-87.688233,09/01/2016 07:50:00 PM,2016
CR00025401,09/04/2015 06:46:00 AM,35,CLOUDY/OVERCAST,DAYLIGHT,ANGLE,DIVIDED - W/MEDIAN (NOT RAISED),STOP SIGN/FLASHER,DISREGARDING TRAFFIC SIGNALS,UNABLE TO DETERMINE,0,0,1,1,6,6,9,2058,BROADWAY,41.852357,-87.598839,09/04/2015 07:47:00 AM,2015
CR00025402,10/18/2018 12:41:00 PM,30,CLEAR,DAYLIGHT,SIDESWIPE SAME DIRECTION,DIVIDED - W/MEDIAN (NOT RAISED),NO CONTROLS,FAILING TO REDUCE SPEED,DISTRACTION - FROM INSIDE VEHICLE,0,0,0,0,12,5,10,157,63RD ST,41.821751,-87.629126,10/18/2018 02:35:00 PM,2018
CR00025403,01/08/2016 03:14:00 AM,30,CLEAR,DAYLIGHT,TURNING,FOUR WAY,NO CONTROLS,IMPROPER OVERTAKING/PASSING,FAILING TO YIELD RIGHT-OF-WAY,0,0,0,0,3,6,1,2235,MILWAUKEE AVE,41.934872,-87.725305,01/08/2016 04:06:00 AM,2016
CR00025404,05/23/2015 06:11:00 PM,15,CLEAR,DAYLIGHT,REAR END,NOT DIVIDED,TRAFFIC SIGNAL,FAILING TO REDUCE SPEED,FOLLOWING TOO CLOSELY,0,0,0,0,18,7,5,183,DAMEN AVE,41.829297,-87.76749,05/23/2015 07:31:00 PM,2015
CR00025405,05/30/2018 04:37:00 PM,15,CLEAR,DAYLIGHT,REAR TO FRONT,DIVIDED - W/MEDIAN BARRIER,STOP SIGN/FLASHER,FAILING TO YIELD RIGHT-OF-WAY,IMPROPER LANE USAGE,0,1,2,3,16,4,5,1324,ELSTON AVE,41.739203,-87.661512,05/30/2018 06:19:00 PM,2018
CR00025406,11/24/2017 02:52:00 AM,40,CLEAR,DAYLIGHT,REAR END,NOT DIVIDED,NO CONTROLS,UNABLE TO DETERMINE,DISTRACTION - FROM INSIDE VEHICLE,0,0,2,2,2,6,11,1503,STONY ISLAND AVE,41.983157,-87.841728,11/24/2017 04:11:00 AM,2017
CR00025407,09/19/2023 06:01:00 AM,35,CLEAR,DARKNESS - LIGHTED ROAD,REAR END,FOUR WAY,TRAFFIC SIGNAL,DRIVING SKILLS/KNOWLEDGE/EXPERIENCE,IMPROPER OVERTAKING/PASSING,0,0,0,0,6,3,9,1612,FULLERTON AVE,41.931965,-87.786245,09/19/2023 07:39:00 AM,2023
CR00025408,03/30/2022 05:42:00 AM,40,CLEAR,DAYLIGHT,PEDESTRIAN,NOT DIVIDED,TRAFFIC SIGNAL,IMPROPER LANE USAGE,FAILING TO YIELD RIGHT-OF-WAY,0,0,0,0,5,4,3,1550,DAMEN AVE,41.987663,-87.848131,03/30/2022 07:00:00 AM,2022
CR00025409,05/26/2021 08:52:00 AM,20,CLEAR,DUSK,REAR END,T-INTERSECTION,TRAFFIC SIGNAL,FAILING TO REDUCE SPEED,UNABLE TO DETERMINE,0,0,2,2,8,4,5,1093,ARCHER AVE,41.987137,-87.548847,05/26/2021 10:51:00 AM,2021
CR00025410,03/10/2023 04:22:00 PM,30,CLOUDY/OVERCAST,DAYLIGHT,REAR END,NOT DIVIDED,STOP SIGN/FLASHER,DISREGARDING TRAFFIC SIGNALS,NOT APPLICABLE,0,0,0,0,16,6,3,2262,KEDZIE AVE,41.72389,-87.648175,03/10/2023 06:13:00 PM,2023
CR00025411,09/05/2023 10:41:00 PM,30,CLEAR,DAYLIGHT,TURNING,ONE-WAY,NO CONTROLS,IMPROPER OVERTAKING/PASSING,DISREGARDING TRAFFIC SIGNALS,0,0,0,0,22,3,9,1824,WESTERN AVE,41.708855,-87.609487,09/05/2023 11:48:00 PM,2023
CR00025412,05/29/2020 06:46:00 PM,30,CLEAR,DARKNESS - LIGHTED ROAD,REAR END,ONE-WAY,NO CONTROLS,DRIVING SKILLS/KNOWLEDGE/EXPERIENCE,FOLLOWING TOO CLOSELY,0,0,0,0,18,6,5,1600,DAMEN AVE,41.866417,-87.775991,05/29/2020 06:52:00 PM,2020
CR00025413,08/23/2024 10:56:00 AM,30,CLOUDY/OVERCAST,DARKNESS,REAR END,NOT DIVIDED,STOP SIGN/FLASHER,FOLLOWING TOO CLOSELY,FOLLOWING TOO CLOSELY,0,0,0,0,10,6,8,919,ASHLAND AVE,41.772544,-87.808526,08/23/2024 12:22:00 PM,2024
CR00025414,05/30/2015 10:23:00 PM,45,RAIN,DAYLIGHT,TURNING,NOT DIVIDED,TRAFFIC SIGNAL,UNABLE TO DETERMINE,FOLLOWING TOO CLOSELY,0,0,0,0,22,7,5,227,IRVING PARK RD,41.712369,-87.756599,05/30/2015 10:38:00 PM,2015
CR00025415,04/14/2018 11:15:00 AM,25,CLEAR,DAYLIGHT,TURNING,NOT DIVIDED,STOP SIGN/FLASHER,UNABLE TO DETERMINE,NOT APPLICABLE,0,0,0,0,11,7,4,614,DAMEN AVE,41.841631,-87.845393,04/14/2018 11:35:00 AM,2018
CR00025416,06/25/2023 04:43:00 PM,15,CLEAR,DAYLIGHT,PEDESTRIAN,DIVIDED - W/MEDIAN BARRIER,NO CONTROLS,FAILING TO REDUCE SPEED,DRIVING SKILLS/KNOWLEDGE/EXPERIENCE,0,0,0,0,16,1,6,514,STONY ISLAND AVE,41.838729,-87.842197,06/25/2023 04:44:00 PM,2023
CR00025417,09/25/2016 02:55:00 PM,35,CLEAR,DAYLIGHT,REAR END,NOT DIVIDED,TRAFFIC SIGNAL,IMPROPER OVERTAKING/PASSING,NOT APPLICABLE,0,2,0,2,14,1,9,1767,ARCHER AVE,41.7811,-87.571871,09/25/2016 04:36:00 PM,2016
CR00025418,09/11/2015 11:30:00 AM,25,CLEAR,DARKNESS - LIGHTED ROAD,SIDESWIPE SAME DIRECTION,ONE-WAY,NO CONTROLS,UNABLE TO DETERMINE,FAILING TO YIELD RIGHT-OF-WAY,0,0,0,0,11,6,9,2113,STATE ST,41.830588,-87.810351,09/11/2015 01:08:00 PM,2015
CR00025419,06/12/2022 07:20:00 AM,30,CLEAR,DARKNESS - LIGHTED ROAD,TURNING,NOT DIVIDED,TRAFFIC SIGNAL,FAILING TO REDUCE SPEED,NOT APPLICABLE,0,0,0,0,7,1,6,1344,BROADWAY,41.824962,-87.714609,06/12/2022 07:21:00 AM,2022
CR00025420,04/03/2020 05:07:00 PM,45,CLEAR,DUSK,PARKED MOTOR VEHICLE,DIVIDED - W/MEDIAN (NOT RAISED),NO CONTROLS,DISTRACTION - FROM INSIDE VEHICLE,UNABLE TO DETERMINE,0,0,0,0,17,6,4,2143,DIVISION ST,41.852445,-87.740391,04/03/2020 05:13:00 PM,2020
CR00025421,05/17/2021 01:25:00 PM,30,CLEAR,DAYLIGHT,ANGLE,FOUR WAY,TRAFFIC SIGNAL,UNABLE TO DETERMINE,DRIVING SKILLS/KNOWLEDGE/EXPERIENCE,0,0,0,0,13,2,5,1334,CICERO AVE,41.911148,-87.574685,05/17/2021 02:39:00 PM,2021
CR00025422,08/01/2017 12:21:00 PM,15,CLEAR,DAWN,FIXED OBJECT,DIVIDED - W/MEDIAN (NOT RAISED),TRAFFIC SIGNAL,DISTRACTION - FROM INSIDE VEHICLE,FOLLOWING TOO CLOSELY,0,0,0,0,12,3,8,408,ROOSEVELT RD,41.977775,-87.597047,08/01/2017 12:48:00 PM,2017
CR00025423,11/27/2017 08:58:00 AM,45,CLEAR,DARKNESS - LIGHTED ROAD,REAR END,DIVIDED - W/MEDIAN (NOT RAISED),PEDESTRIAN CROSSING SIGN,DRIVING SKILLS/KNOWLEDGE/EXPERIENCE,UNABLE TO DETERMINE,0,2,1,3,8,2,11,1427,PULASKI RD,41.82299,-87.755996,11/27/2017 10:20:00 AM,2017