CRASH_RECORD_ID,CRASH_DATE,POSTED_SPEED_LIMIT,WEATHER_CONDITION,LIGHTING_CONDITION,FIRST_CRASH_TYPE,TRAFFICWAY_TYPE,TRAFFIC_CONTROL_DEVICE,PRIM_CONTRIBUTORY_CAUSE,SEC_CONTRIBUTORY_CAUSE,INJURIES_FATAL,INJURIES_INCAPACITATING,INJURIES_NON_INCAPACITATING,INJURIES_TOTAL,CRASH_HOUR,CRASH_DAY_OF_WEEK,CRASH_MONTH,BEAT_OF_OCCURRENCE,STREET_NAME,LATITUDE,LONGITUDE,DATE_POLICE_NOTIFIED,year
CR00025424,10/25/2020 08:32:00 AM,30,CLEAR,DAYLIGHT,FIXED OBJECT,DIVIDED - W/MEDIAN BARRIER,NO CONTROLS,FAILING TO YIELD RIGHT-OF-WAY,UNABLE TO DETERMINE,0,0,0,0,8,1,10,1965,63RD ST,41.82146,-87.656608,10/25/2020 09:40:00 AM,2020
CR00025425,06/30/2015 04:34:00 AM,45,CLEAR,DAYLIGHT,SIDESWIPE SAME DIRECTION,NOT DIVIDED,NO CONTROLS,UNABLE TO DETERMINE,UNABLE TO DETERMINE,0,1,2,3,4,3,6,1204,STONY ISLAND AVE,41.755947,-87.779264,06/30/2015 06:24:00 AM,2015
CR00025426,10/17/2024 07:35:00 PM,20,CLEAR,DAYLIGHT,ANGLE,NOT DIVIDED,UNKNOWN,IMPROPER OVERTAKING/PASSING,UNABLE TO DETERMINE,0,0,0,0,19,5,10,2021,ROOSEVELT RD,41.992378,-87.849228,10/17/2024 08:22:00 PM,2024
CR00025427,01/13/2016 03:51:00 PM,15,RAIN,DARKNESS - LIGHTED ROAD,REAR END,NOT DIVIDED,TRAFFIC SIGNAL,FOLLOWING TOO CLOSELY,IMPROPER LANE USAGE,0,0,0,0,15,4,1,1304,STATE ST,41.722835,-87.721027,01/13/2016 04:10:00 PM,2016
CR00025428,12/03/2023 08:16:00 AM,40,CLOUDY/OVERCAST,DARKNESS - LIGHTED ROAD,REAR END,NOT DIVIDED,TRAFFIC SIGNAL,UNABLE TO DETERMINE,FAILING TO YIELD RIGHT-OF-WAY,0,0,3,3,8,1,12,100,ARCHER AVE,41.962052,-87.621253,12/03/2023 08:34:00 AM,2023
CR00025429,12/31/2016 06:02:00 AM,25,FREEZING RAIN/DRIZZLE,DAYLIGHT,TURNING,DIVIDED - W/MEDIAN (NOT RAISED),NO CONTROLS,FOLLOWING TOO CLOSELY,UNABLE TO DETERMINE,0,0,0,0,6,7,12,2294,ELSTON AVE,41.959856,-87.536276,12/31/2016 07:50:00 AM,2016
CR00025430,05/20/2021 04:54:00 PM,30,CLEAR,DAYLIGHT,REAR END,FOUR WAY,NO CONTROLS,DISTRACTION - FROM INSIDE VEHICLE,NOT APPLICABLE,0,0,0,0,16,5,5,1478,ASHLAND AVE,41.882431,-87.734212,05/20/2021 06:12:00 PM,2021
CR00025431,09/03/2024 11:50:00 PM,45,CLEAR,DAYLIGHT,REAR END,NOT DIVIDED,TRAFFIC SIGNAL,DISTRACTION - FROM INSIDE VEHICLE,DISTRACTION - FROM INSIDE VEHICLE,0,0,0,0,23,3,9,1002,STONY ISLAND AVE,41.874243,-87.703684,09/03/2024 11:51:00 PM,2024
CR00025432,01/18/2016 12:23:00 AM,40,CLEAR,DAYLIGHT,TURNING,T-INTERSECTION,STOP SIGN/FLASHER,FOLLOWING TOO CLOSELY,FAILING TO REDUCE SPEED,0,0,0,0,0,2,1,239,ROOSEVELT RD,41.764021,-87.5827,01/18/2016 01:15:00 AM,2016
CR00025433,04/03/2016 05:14:00 PM,45,RAIN,DUSK,PARKED MOTOR VEHICLE,NOT DIVIDED,NO CONTROLS,FAILING TO YIELD RIGHT-OF-WAY,UNABLE TO DETERMINE,0,0,0,0,17,1,4,1607,CICERO AVE,41.798726,-87.715356,04/03/2016 06:23:00 PM,2016
CR00025434,01/12/2020 07:55:00 AM,30,CLEAR,DARKNESS,TURNING,ONE-WAY,NO CONTROLS,IMPROPER LANE USAGE,NOT APPLICABLE,0,0,0,0,7,1,1,920,DIVISION ST,41.900119,-87.631427,01/12/2020 08:15:00 AM,2020
CR00025435,05/04/2022 09:58:00 AM,40,FOG/SMOKE/HAZE,DARKNESS,REAR END,FOUR WAY,TRAFFIC SIGNAL,IMPROPER LANE USAGE,UNABLE TO DETERMINE,0,0,1,1,9,4,5,2058,KEDZIE AVE,41.875281,-87.826931,05/04/2022 11:08:00 AM,2022
CR00025436,01/07/2024 09:30:00 PM,30,CLEAR,DAYLIGHT,SIDESWIPE SAME DIRECTION,NOT DIVIDED,TRAFFIC SIGNAL,FAILING TO YIELD RIGHT-OF-WAY,FOLLOWING TOO CLOSELY,0,0,0,0,21,1,1,852,MILWAUKEE AVE,41.724055,-87.802247,01/07/2024 11:06:00 PM,2024
CR00025437,01/03/2016 08:39:00 AM,30,CLEAR,DARKNESS - LIGHTED ROAD,REAR END,NOT DIVIDED,NO CONTROLS,UNABLE TO DETERMINE,FAILING TO YIELD RIGHT-OF-WAY,0,0,0,0,8,1,1,184,FULLERTON AVE,41.728671,-87.564364,01/03/2016 09:04:00 AM,2016
CR00025438,10/18/2015 07:23:00 PM,25,SNOW,DAYLIGHT,REAR END,NOT DIVIDED,NO CONTROLS,FOLLOWING TOO CLOSELY,NOT APPLICABLE,0,0,0,0,19,1,10,332,ELSTON AVE,41.939599,-87.80885,10/18/2015 07:44:00 PM,2015
CR00025439,10/14/2023 03:02:00 PM,40,CLEAR,DAYLIGHT,REAR END,ONE-WAY,TRAFFIC SIGNAL,FAILING TO REDUCE SPEED,FAILING TO YIELD RIGHT-OF-WAY,0,0,0,0,15,7,10,1172,STONY ISLAND AVE,41.878467,-87.542233,10/14/2023 03:33:00 PM,2023
CR00025440,05/08/2015 07:57:00 PM,35,CLEAR,DARKNESS - LIGHTED ROAD,PARKED MOTOR VEHICLE,NOT DIVIDED,TRAFFIC SIGNAL,UNABLE TO DETERMINE,UNABLE TO DETERMINE,0,0,0,0,19,6,5,2260,ELSTON AVE,41.843228,-87.709042,05/08/2015 08:33:00 PM,2015
CR00025441,07/27/2017 03:46:00 AM,45,CLEAR,DARKNESS,REAR END,NOT DIVIDED,NO CONTROLS,FAILING TO YIELD RIGHT-OF-WAY,FAILING TO YIELD RIGHT-OF-WAY,0,0,0,0,3,5,7,376,79TH ST,41.866934,-87.659429,07/27/2017 04:03:00 AM,2017
CR00025442,09/07/2018 08:41:00 AM,25,CLEAR,DAYLIGHT,SIDESWIPE SAME DIRECTION,NOT DIVIDED,TRAFFIC SIGNAL,FAILING TO REDUCE SPEED,IMPROPER LANE USAGE,0,0,0,0,8,6,9,1569,FULLERTON AVE,41.846504,-87.574559,09/07/2018 10:06:00 AM,2018
CR00025443,08/20/2019 04:26:00 PM,30,RAIN,DAYLIGHT,TURNING,FOUR WAY,STOP SIGN/FLASHER,FOLLOWING TOO CLOSELY,FOLLOWING TOO CLOSELY,0,0,0,0,16,3,8,2190,63RD ST,41.968835,-87.706652,08/20/2019 06:02:00 PM,2019
CR00025444,07/03/2018 06:42:00 PM,45,CLEAR,DARKNESS - LIGHTED ROAD,REAR TO FRONT,ONE-WAY,STOP SIGN/FLASHER,FOLLOWING TOO CLOSELY,UNABLE TO DETERMINE,0,0,0,0,18,3,7,1228,63RD ST,41.852672,-87.658923,07/03/2018 07:35:00 PM,2018
CR00025445,01/14/2024 08:40:00 PM,20,CLOUDY/OVERCAST,DARKNESS,PEDESTRIAN,NOT DIVIDED,TRAFFIC SIGNAL,DISTRACTION - FROM INSIDE VEHICLE,FAILING TO YIELD RIGHT-OF-WAY,0,0,0,0,20,1,1,224,MILWAUKEE AVE,41.865062,-87.828181,01/14/2024 09:06:00 PM,2024
CR00025446,04/30/2024 02:00:00 PM,30,CLEAR,DAYLIGHT,TURNING,NOT DIVIDED,TRAFFIC SIGNAL,UNABLE TO DETERMINE,UNABLE TO DETERMINE,0,0,3,3,14,3,4,1750,MILWAUKEE AVE,41.908264,-87.570973,04/30/2024 03:56:00 PM,2024
CR00025447,08/28/2021 08:14:00 AM,45,CLEAR,DAYLIGHT,REAR END,FOUR WAY,TRAFFIC SIGNAL,IMPROPER OVERTAKING/PASSING,IMPROPER LANE USAGE,0,0,0,0,8,7,8,559,HALSTED ST,41.962779,-87.633792,08/28/2021 09:45:00 AM,2021
CR00025448,03/07/2024 04:28:00 PM,20,CLEAR,DAYLIGHT,ANGLE,ONE-WAY,STOP SIGN/FLASHER,DRIVING SKILLS/KNOWLEDGE/EXPERIENCE,UNABLE TO DETERMINE,0,0,0,0,16,5,3,445,IRVING PARK RD,41.795708,-87.620535,03/07/2024 06:04:00 PM,2024
CR00025449,04/11/2015 04:56:00 PM,45,CLEAR,DARKNESS - LIGHTED ROAD,SIDESWIPE SAME DIRECTION,NOT DIVIDED,STOP SIGN/FLASHER,UNABLE TO DETERMINE,FOLLOWING TOO CLOSELY,0,0,0,0,16,7,4,308,CLARK ST,41.896636,-87.545006,04/11/2015 05:00:00 PM,2015
CR00025450,06/17/2023 05:10:00 PM,35,CLEAR,DAYLIGHT,REAR TO FRONT,DIVIDED - W/MEDIAN (NOT RAISED),TRAFFIC SIGNAL,UNABLE TO DETERMINE,WEATHER,0,0,0,0,17,7,6,588,DAMEN AVE,41.798518,-87.535752,06/17/2023 06:40:00 PM,2023
CR00025451,05/21/2021 10:32:00 PM,30,CLEAR,DARKNESS - LIGHTED ROAD,ANGLE,ONE-WAY,NO CONTROLS,FAILING TO YIELD RIGHT-OF-WAY,UNABLE TO DETERMINE,0,0,0,0,22,6,5,206,ELSTON AVE,41.762257,-87.595963,05/22/2021 12:16:00 AM,2021
CR00025452,12/03/2016 02:54:00 PM,45,CLEAR,DARKNESS - LIGHTED ROAD,REAR END,NOT DIVIDED,TRAFFIC SIGNAL,UNABLE TO DETERMINE,NOT APPLICABLE,0,0,0,0,14,7,12,2427,MICHIGAN AVE,41.863781,-87.597268,12/03/2016 04:24:00 PM,2016
CR00025453,10/13/2015 08:00:00 AM,15,SNOW,DAYLIGHT,REAR END,NOT DIVIDED,NO CONTROLS,DISREGARDING TRAFFIC SIGNALS,IMPROPER OVERTAKING/PASSING,0,0,0,0,8,3,10,2232,63RD ST,41.759225,-87.789818,10/13/2015 09:24:00 AM,2015
CR00025454,09/06/2017 08:09:00 PM,30,CLEAR,DAYLIGHT,ANGLE,DIVIDED - W/MEDIAN (NOT RAISED),NO CONTROLS,IMPROPER OVERTAKING/PASSING,FAILING TO REDUCE SPEED,0,0,0,0,20,4,9,926,DAMEN AVE,41.716161,-87.56896,09/06/2017 09:33:00 PM,2017
CR00025455,12/24/2024 04:49:00 PM,45,CLEAR,DAYLIGHT,TURNING,ONE-WAY,NO CONTROLS,IMPROPER OVERTAKING/PASSING,NOT APPLICABLE,0,0,0,0,16,3,12,698,CLARK ST,41.728945,-87.519747,12/24/2024 05:56:00 PM,2024
CR00025456,01/25/2015 09:49:00 PM,20,CLEAR,DARKNESS - LIGHTED ROAD,PEDESTRIAN,DIVIDED - W/MEDIAN (NOT RAISED),NO CONTROLS,IMPROPER LANE USAGE,FAILING TO REDUCE SPEED,0,0,0,0,21,1,1,2234,ROOSEVELT RD,41.933055,-87.603586,01/25/2015 09:55:00 PM,2015
CR00025457,08/09/2020 04:51:00 PM,15,SNOW,DARKNESS - LIGHTED ROAD,PEDESTRIAN,FOUR WAY,PEDESTRIAN CROSSING SIGN,IMPROPER OVERTAKING/PASSING,FAILING TO YIELD RIGHT-OF-WAY,0,0,0,0,16,1,8,1296,ELSTON AVE,41.946154,-87.62651,08/09/2020 04:59:00 PM,2020
CR00025458,07/28/2022 07:19:00 AM,45,CLEAR,DARKNESS - LIGHTED ROAD,SIDESWIPE SAME DIRECTION,FOUR WAY,UNKNOWN,FAILING TO YIELD RIGHT-OF-WAY,FAILING TO YIELD RIGHT-OF-WAY,0,0,0,0,7,5,7,1085,DIVISION ST,41.831867,-87.622582,07/28/2022 08:08:00 AM,2022
CR00025459,03/14/2022 10:41:00 PM,45,CLEAR,DAYLIGHT,REAR END,NOT DIVIDED,NO CONTROLS,UNABLE TO DETERMINE,UNABLE TO DETERMINE,0,0,0,0,22,2,3,1725,ASHLAND AVE,41.918102,-87.693555,03/15/2022 12:16:00 AM,2022
CR00025460,08/01/2024 07:54:00 PM,45,CLOUDY/OVERCAST,DUSK,REAR END,ONE-WAY,TRAFFIC SIGNAL,FOLLOWING TOO CLOSELY,DISTRACTION - FROM INSIDE VEHICLE,0,0,0,0,19,5,8,2517,WESTERN AVE,41.99392,-87.763948,08/01/2024 08:37:00 PM,2024
CR00025461,04/21/2018 03:44:00 PM,20,CLEAR,DARKNESS - LIGHTED ROAD,TURNING,ONE-WAY,NO CONTROLS,DRIVING SKILLS/KNOWLEDGE/EXPERIENCE,FAILING TO YIELD RIGHT-OF-WAY,0,0,0,0,15,7,4,1239,63RD ST,41.957686,-87.771732,04/21/2018 04:31:00 PM,2018
CR00025462,06/23/2018 03:38:00 PM,30,RAIN,DAYLIGHT,REAR END,NOT DIVIDED,TRAFFIC SIGNAL,FAILING TO YIELD RIGHT-OF-WAY,FOLLOWING TOO CLOSELY,0,0,0,0,15,7,6,119,ASHLAND AVE,41.718585,-87.694088,06/23/2018 04:27:00 PM,2018
CR00025463,10/31/2018 09:01:00 AM,15,CLEAR,DARKNESS - LIGHTED ROAD,REAR END,NOT DIVIDED,NO CONTROLS,FOLLOWING TOO CLOSELY,NOT APPLICABLE,0,0,0,0,9,4,10,220,ASHLAND AVE,41.994991,-87.566366,10/31/2018 10:03:00 AM,2018
CR00025464,06/10/2016 11:44:00 AM,30,FOG/SMOKE/HAZE,DARKNESS - LIGHTED ROAD,PARKED MOTOR VEHICLE,NOT DIVIDED,NO CONTROLS,IMPROPER LANE USAGE,UNABLE TO DETERMINE,0,0,0,0,11,6,6,1960,79TH ST,41.840279,-87.845169,06/10/2016 12:06:00 PM,2016
CR00025465,08/04/2023 06:29:00 PM,20,CLEAR,DARKNESS - LIGHTED ROAD,REAR END,DIVIDED - W/MEDIAN (NOT RAISED),TRAFFIC SIGNAL,WEATHER,UNABLE TO DETERMINE,0,0,0,0,18,6,8,530,MILWAUKEE AVE,41.897664,-87.706096,08/04/2023 07:30:00 PM,2023
CR00025466,09/11/2018 03:05:00 PM,35,CLEAR,DARKNESS - LIGHTED ROAD,REAR END,ONE-WAY,NO CONTROLS,IMPROPER OVERTAKING/PASSING,UNABLE TO DETERMINE,0,0,0,0,15,3,9,1379,STATE ST,41.887521,-87.655466,09/11/2018 03:09:00 PM,2018
CR00025467,11/06/2015 09:42:00 AM,15,CLEAR,DAYLIGHT,PARKED MOTOR VEHICLE,NOT DIVIDED,NO CONTROLS,FOLLOWING TOO CLOSELY,UNABLE TO DETERMINE,0,0,2,2,9,6,11,1501,CLARK ST,41.952272,-87.543977,11/06/2015 11:27:00 AM,2015
CR00025468,11/17/2015 07:14:00 PM,20,CLEAR,DAYLIGHT,REAR END,NOT DIVIDED,TRAFFIC SIGNAL,UNABLE TO DETERMINE,FAILING TO REDUCE SPEED,0,0,0,0,19,3,11,1677,63RD ST,41.799142,-87.803795,11/17/2015 08:05:00 PM,2015
CR00025469,07/25/2016 11:05:00 AM,30,CLEAR,DUSK,REAR TO FRONT,NOT DIVIDED,TRAFFIC SIGNAL,IMPROPER LANE USAGE,FOLLOWING TOO CLOSELY,0,0,0,0,11,2,7,425,ASHLAND AVE,41.730702,-87.700115,07/25/2016 11:13:00 AM,2016
CR00025470,01/27/2021 10:40:00 PM,25,FOG/SMOKE/HAZE,DAYLIGHT,TURNING,T-INTERSECTION,TRAFFIC SIGNAL,IMPROPER OVERTAKING/PASSING,FOLLOWING TOO CLOSELY,0,0,0,0,22,4,1,1111,STONY ISLAND AVE,41.781538,-87.552517,01/28/2021 12:26:00 AM,2021
CR00025471,03/02/2021 02:39:00 PM,35,CLEAR,DAYLIGHT,ANGLE,NOT DIVIDED,TRAFFIC SIGNAL,UNABLE TO DETERMINE,DISTRACTION - FROM INSIDE VEHICLE,0,0,0,0,14,3,3,587,WESTERN AVE,41.714723,-87.560681,03/02/2021 03:18:00 PM,2021
CR00025472,07/18/2018 09:39:00 AM,30,CLEAR,DARKNESS - LIGHTED ROAD,PARKED MOTOR VEHICLE,DIVIDED - W/MEDIAN (NOT RAISED),NO CONTROLS,DISREGARDING TRAFFIC SIGNALS,NOT APPLICABLE,0,2,0,2,9,4,7,2463,ROOSEVELT RD,41.829126,-87.780889,07/18/2018 09:51:00 AM,2018
CR00025473,03/06/2015 12:40:00 PM,30,CLEAR,DAYLIGHT,ANGLE,NOT DIVIDED,TRAFFIC SIGNAL,UNABLE TO DETERMINE,IMPROPER OVERTAKING/PASSING,0,1,2,3,12,6,3,121,63RD ST,41.929103,-87.714324,03/06/2015 01:03:00 PM,2015
CR00025474,07/28/2022 12:35:00 PM,35,CLEAR,DAYLIGHT,REAR END,NOT DIVIDED,STOP SIGN/FLASHER,UNABLE TO DETERMINE,IMPROPER OVERTAKING/PASSING,0,0,0,0,12,5,7,174,CLARK ST,41.898469,-87.745407,07/28/2022 01:12:00 PM,2022
CR00025475,12/08/2024 02:53:00 PM,30,CLEAR,DAYLIGHT,SIDESWIPE SAME DIRECTION,NOT DIVIDED,TRAFFIC SIGNAL,FAILING TO YIELD RIGHT-OF-WAY,FOLLOWING TOO CLOSELY,0,0,2,2,14,1,12,2211,FULLERTON AVE,41.739579,-87.500382,12/08/2024 04:40:00 PM,2024
CR00025476,09/14/2015 06:11:00 PM,30,CLEAR,DARKNESS,ANGLE,NOT DIVIDED,NO CONTROLS,UNABLE TO DETERMINE,IMPROPER OVERTAKING/PASSING,0,0,0,0,18,2,9,1813,ARCHER AVE,41.881098,-87.63204,09/14/2015 07:24:00 PM,2015
CR00025477,06/18/2016 03:07:00 AM,35,CLEAR,DAYLIGHT,TURNING,ONE-WAY,STOP SIGN/FLASHER,UNABLE TO DETERMINE,WEATHER,0,0,0,0,3,7,6,1231,IRVING PARK RD,41.851618,-87.711369,06/18/2016 03:22:00 AM,2016
CR00025478,03/19/2024 04:45:00 PM,35,CLEAR,DAYLIGHT,SIDESWIPE SAME DIRECTION,NOT DIVIDED,STOP SIGN/FLASHER,FAILING TO REDUCE SPEED,UNABLE TO DETERMINE,0,0,0,0,16,3,3,1844,ELSTON AVE,41.735697,-87.514202,03/19/2024 05:44:00 PM,2024
CR00025479,08/19/2023 11:32:00 AM,35,CLOUDY/OVERCAST,DARKNESS - LIGHTED ROAD,FIXED OBJECT,NOT DIVIDED,NO CONTROLS,UNABLE TO DETERMINE,DISTRACTION - FROM INSIDE VEHICLE,0,0,0,0,11,7,8,1345,WESTERN AVE,41.889421,-87.686876,08/19/2023 12:38:00 PM,2023
CR00025480,05/13/2022 12:40:00 PM,15,CLOUDY/OVERCAST,DARKNESS - LIGHTED ROAD,TURNING,DIVIDED - W/MEDIAN (NOT RAISED),NO CONTROLS,IMPROPER OVERTAKING/PASSING,DISTRACTION - FROM INSIDE VEHICLE,0,0,1,1,12,6,5,923,CALIFORNIA AVE,41.885281,-87.687299,05/13/2022 01:32:00 PM,2022
CR00025481,04/23/2018 10:31:00 AM,35,CLEAR,DARKNESS - LIGHTED ROAD,TURNING,FOUR WAY,TRAFFIC SIGNAL,DISTRACTION - FROM INSIDE VEHICLE,DRIVING SKILLS/KNOWLEDGE/EXPERIENCE,0,0,0,0,10,2,4,1385,HALSTED ST,41.810516,-87.604042,04/23/2018 11:53:00 AM,2018
CR00025482,08/09/2021 01:48:00 PM,20,CLEAR,DAYLIGHT,SIDESWIPE SAME DIRECTION,NOT DIVIDED,TRAFFIC SIGNAL,FOLLOWING TOO CLOSELY,DRIVING SKILLS/KNOWLEDGE/EXPERIENCE,0,0,0,0,13,2,8,1288,47TH ST,41.896932,-87.824567,08/09/2021 02:35:00 PM,2021
CR00025483,03/30/2021 05:43:00 AM,30,CLEAR,DARKNESS,SIDESWIPE SAME DIRECTION,NOT DIVIDED,STOP SIGN/FLASHER,WEATHER,IMPROPER LANE USAGE,0,0,0,0,5,3,3,1198,KEDZIE AVE,41.752708,-87.53983,03/30/2021 06:14:00 AM,2021
CR00025484,05/04/2022 08:23:00 AM,35,CLEAR,DARKNESS - LIGHTED ROAD,REAR TO FRONT,T-INTERSECTION,NO CONTROLS,FOLLOWING TOO CLOSELY,NOT APPLICABLE,0,0,2,2,8,4,5,2228,STATE ST,41.958727,-87.698366,05/04/2022 09:14:00 AM,2022
CR00025485,08/01/2021 01:48:00 AM,35,RAIN,DARKNESS - LIGHTED ROAD,FIXED OBJECT,NOT DIVIDED,STOP SIGN/FLASHER,IMPROPER OVERTAKING/PASSING,FAILING TO YIELD RIGHT-OF-WAY,0,0,1,1,1,1,8,818,CALIFORNIA AVE,41.998339,-87.72741,08/01/2021 01:58:00 AM,2021
CR00025486,01/01/2016 06:16:00 PM,35,CLEAR,DARKNESS,REAR END,DIVIDED - W/MEDIAN (NOT RAISED),STOP SIGN/FLASHER,FAILING TO YIELD RIGHT-OF-WAY,FOLLOWING TOO CLOSELY,0,0,0,0,18,6,1,1167,79TH ST,41.702238,-87.591531,01/01/2016 06:32:00 PM,2016
CR00025487,01/16/2016 09:23:00 AM,35,CLEAR,DARKNESS - LIGHTED ROAD,REAR END,FOUR WAY,TRAFFIC SIGNAL,DRIVING SKILLS/KNOWLEDGE/EXPERIENCE,UNABLE TO DETERMINE,0,0,0,0,9,7,1,923,BROADWAY,41.872951,-87.641289,01/16/2016 10:54:00 AM,2016
CR00025488,02/22/2023 03:47:00 PM,30,CLEAR,DARKNESS - LIGHTED ROAD,ANGLE,NOT DIVIDED,NO CONTROLS,IMPROPER OVERTAKING/PASSING,NOT APPLICABLE,0,0,0,0,15,4,2,1017,ARCHER AVE,41.76477,-87.533816,02/22/2023 05:04:00 PM,2023
CR00025489,08/17/2015 08:59:00 PM,40,CLEAR,DAYLIGHT,TURNING,ONE-WAY,NO CONTROLS,UNABLE TO DETERMINE,IMPROPER OVERTAKING/PASSING,0,0,1,1,20,2,8,788,63RD ST,41.741366,-87.611401,08/17/2015 10:03:00 PM,2015
CR00025490,10/03/2018 06:36:00 PM,35,CLEAR,DARKNESS - LIGHTED ROAD,FIXED OBJECT,NOT DIVIDED,TRAFFIC SIGNAL,FAILING TO REDUCE SPEED,UNABLE TO DETERMINE,0,0,2,2,18,4,10,692,63RD ST,41.780336,-87.61602,10/03/2018 07:46:00 PM,2018
CR00025491,01/27/2021 06:29:00 AM,45,CLEAR,DAYLIGHT,REAR END,DIVIDED - W/MEDIAN BARRIER,STOP SIGN/FLASHER,UNABLE TO DETERMINE,UNABLE TO DETERMINE,0,1,1,2,6,4,1,1858,ELSTON AVE,41.928585,-87.611537,01/27/2021 06:37:00 AM,2021
CR00025492,08/19/2021 07:12:00 AM,30,CLEAR,DAYLIGHT,SIDESWIPE SAME DIRECTION,NOT DIVIDED,TRAFFIC SIGNAL,UNABLE TO DETERMINE,FAILING TO YIELD RIGHT-OF-WAY,0,0,0,0,7,5,8,673,IRVING PARK RD,41.931172,-87.626211,08/19/2021 08:47:00 AM,2021
CR00025493,08/16/2022 02:21:00 PM,35,CLEAR,DAYLIGHT,PEDESTRIAN,NOT DIVIDED,TRAFFIC SIGNAL,DRIVING SKILLS/KNOWLEDGE/EXPERIENCE,UNABLE TO DETERMINE,0,0,0,0,14,3,8,1095,79TH ST,41.967723,-87.805011,08/16/2022 03:45:00 PM,2022
CR00025494,08/20/2017 01:29:00 AM,35,SNOW,DAYLIGHT,REAR TO FRONT,ONE-WAY,UNKNOWN,UNABLE TO DETERMINE,NOT APPLICABLE,0,0,0,0,1,1,8,2266,PULASKI RD,41.705284,-87.801939,08/20/2017 02:38:00 AM,2017
CR00025495,03/30/2015 04:45:00 PM,35,CLEAR,DAYLIGHT,SIDESWIPE SAME DIRECTION,DIVIDED - W/MEDIAN (NOT RAISED),TRAFFIC SIGNAL,FAILING TO YIELD RIGHT-OF-WAY,NOT APPLICABLE,0,1,0,1,16,2,3,2138,STONY ISLAND AVE,41.9541,-87.648254,03/30/2015 06:17:00 PM,2015
CR00025496,05/03/2024 08:49:00 PM,15,CLEAR,DARKNESS - LIGHTED ROAD,PARKED MOTOR VEHICLE,DIVIDED - W/MEDIAN (NOT RAISED),STOP SIGN/FLASHER,FOLLOWING TOO CLOSELY,FAILING TO REDUCE SPEED,0,0,0,0,20,6,5,118,ARCHER AVE,41.994977,-87.594192,05/03/2024 09:38:00 PM,2024
CR00025497,03/13/2022 03:45:00 PM,25,CLEAR,DAYLIGHT,REAR END,NOT DIVIDED,NO CONTROLS,DISTRACTION - FROM INSIDE VEHICLE,UNABLE TO DETERMINE,0,0,0,0,15,1,3,873,MICHIGAN AVE,41.846594,-87.613358,03/13/2022 04:59:00 PM,2022
CR00025498,01/12/2019 01:55:00 PM,30,CLEAR,DAYLIGHT,ANGLE,FOUR WAY,NO CONTROLS,IMPROPER OVERTAKING/PASSING,IMPROPER LANE USAGE,0,1,2,3,13,7,1,105,MILWAUKEE AVE,41.799141,-87.673276,01/12/2019 03:20:00 PM,2019
CR00025499,11/17/2018 06:25:00 PM,15,CLEAR,DUSK,REAR END,T-INTERSECTION,TRAFFIC SIGNAL,DISTRACTION - FROM INSIDE VEHICLE,NOT APPLICABLE,0,0,0,0,18,7,11,2298,DIVISION ST,41.950973,-87.526706,11/17/2018 06:41:00 PM,2018
CR00025500,03/08/2022 08:01:00 AM,35,CLEAR,DAWN,PARKED MOTOR VEHICLE,FOUR WAY,NO CONTROLS,IMPROPER LANE USAGE,UNABLE TO DETERMINE,0,0,0,0,8,3,3,384,63RD ST,41.88657,-87.754109,03/08/2022 08:50:00 AM,2022
CR00025501,08/06/2018 09:33:00 PM,25,CLEAR,DARKNESS - LIGHTED ROAD,SIDESWIPE SAME DIRECTION,T-INTERSECTION,NO CONTROLS,FOLLOWING TOO CLOSELY,NOT APPLICABLE,0,0,0,0,21,2,8,1688,DIVISION ST,41.827366,-87.538763,08/06/2018 10:48:00 PM,2018
CR00025502,08/23/2021 08:23:00 PM,20,SNOW,DAYLIGHT,TURNING,ONE-WAY,UNKNOWN,FAILING TO REDUCE SPEED,NOT APPLICABLE,0,0,0,0,20,2,8,1040,CICERO AVE,41.770142,-87.792925,08/23/2021 08:50:00 PM,2021
CR00025503,03/17/2018 11:36:00 AM,40,CLEAR,DAYLIGHT,REAR END,T-INTERSECTION,TRAFFIC SIGNAL,IMPROPER OVERTAKING/PASSING,UNABLE TO DETERMINE,0,0,0,0,11,7,3,975,STONY ISLAND AVE,41.785389,-87.597905,03/17/2018 01:24:00 PM,2018
CR00025504,08/15/2015 11:16:00 PM,30,CLEAR,DAYLIGHT,SIDESWIPE SAME DIRECTION,NOT DIVIDED,TRAFFIC SIGNAL,FAILING TO YIELD RIGHT-OF-WAY,FAILING TO YIELD RIGHT-OF-WAY,0,0,0,0,23,7,8,2191,79TH ST,41.945177,-87.694394,08/15/2015 11:49:00 PM,2015
CR00025505,04/18/2018 06:12:00 PM,45,CLEAR,DARKNESS,SIDESWIPE SAME DIRECTION,DIVIDED - W/MEDIAN BARRIER,STOP SIGN/FLASHER,UNABLE TO DETERMINE,IMPROPER LANE USAGE,0,0,1,1,18,4,4,614,STONY ISLAND AVE,41.780524,-87.578783,04/18/2018 07:36:00 PM,2018
CR00025506,11/06/2017 05:25:00 PM,30,SNOW,DAYLIGHT,PEDESTRIAN,NOT DIVIDED,STOP SIGN/FLASHER,IMPROPER LANE USAGE,UNABLE TO DETERMINE,0,0,0,0,17,2,11,1770,MICHIGAN AVE,41.834817,-87.812927,11/06/2017 06:08:00 PM,2017