CRASH_RECORD_ID,CRASH_DATE,POSTED_SPEED_LIMIT,WEATHER_CONDITION,LIGHTING_CONDITION,FIRST_CRASH_TYPE,TRAFFICWAY_TYPE,TRAFFIC_CONTROL_DEVICE,PRIM_CONTRIBUTORY_CAUSE,SEC_CONTRIBUTORY_CAUSE,INJURIES_FATAL,INJURIES_INCAPACITATING,INJURIES_NON_INCAPACITATING,INJURIES_TOTAL,CRASH_HOUR,CRASH_DAY_OF_WEEK,CRASH_MONTH,BEAT_OF_OCCURRENCE,STREET_NAME,LATITUDE,LONGITUDE,DATE_POLICE_NOTIFIED,year
CR00025507,12/18/2022 12:48:00 AM,15,SNOW,DAYLIGHT,ANGLE,DIVIDED - W/MEDIAN BARRIER,STOP SIGN/FLASHER,UNABLE TO DETERMINE,FAILING TO REDUCE SPEED,0,0,0,0,0,1,12,831,ELSTON AVE,41.706758,-87.624049,12/18/2022 01:06:00 AM,2022
CR00025508,12/03/2021 08:09:00 AM,35,CLOUDY/OVERCAST,DARKNESS - LIGHTED ROAD,TURNING,ONE-WAY,TRAFFIC SIGNAL,FOLLOWING TOO CLOSELY,UNABLE TO DETERMINE,0,0,0,0,8,6,12,1685,79TH ST,41.784027,-87.665513,12/03/2021 09:46:00 AM,2021
CR00025509,11/07/2023 03:19:00 AM,40,CLEAR,DAYLIGHT,SIDESWIPE SAME DIRECTION,ONE-WAY,STOP SIGN/FLASHER,UNABLE TO DETERMINE,FAILING TO YIELD RIGHT-OF-WAY,0,0,0,0,3,3,11,2199,KEDZIE AVE,41.853857,-87.509097,11/07/2023 04:30:00 AM,2023
CR00025510,01/16/2022 07:22:00 PM,15,CLEAR,DAYLIGHT,REAR END,ONE-WAY,TRAFFIC SIGNAL,FOLLOWING TOO CLOSELY,FAILING TO YIELD RIGHT-OF-WAY,0,0,0,0,19,1,1,468,LAKE SHORE DR,41.990858,-87.655082,01/16/2022 09:05:00 PM,2022
CR00025511,10/24/2023 05:24:00 PM,35,CLEAR,DAYLIGHT,TURNING,DIVIDED - W/MEDIAN BARRIER,NO CONTROLS,IMPROPER LANE USAGE,IMPROPER LANE USAGE,0,0,0,0,17,3,10,1241,47TH ST,41.919247,-87.820189,10/24/2023 07:11:00 PM,2023
CR00025512,09/22/2023 03:17:00 PM,40,SNOW,DARKNESS,PARKED MOTOR VEHICLE,NOT DIVIDED,NO CONTROLS,FOLLOWING TOO CLOSELY,DRIVING SKILLS/KNOWLEDGE/EXPERIENCE,0,0,0,0,15,6,9,1235,CICERO AVE,41.799775,-87.506178,09/22/2023 04:06:00 PM,2023
CR00025513,07/31/2024 02:18:00 PM,35,CLEAR,DAYLIGHT,REAR END,NOT DIVIDED,TRAFFIC SIGNAL,WEATHER,FAILING TO YIELD RIGHT-OF-WAY,0,0,0,0,14,4,7,2205,HALSTED ST,41.853841,-87.774141,07/31/2024 03:34:00 PM,2024
CR00025514,09/14/2021 08:38:00 PM,30,CLEAR,DAYLIGHT,REAR END,NOT DIVIDED,NO CONTROLS,UNABLE TO DETERMINE,FAILING TO YIELD RIGHT-OF-WAY,0,0,0,0,20,3,9,2007,MILWAUKEE AVE,41.858829,-87.629333,09/14/2021 10:28:00 PM,2021
CR00025515,08/16/2021 09:03:00 PM,15,CLEAR,DAYLIGHT,ANGLE,ONE-WAY,YIELD,UNABLE TO DETERMINE,DRIVING SKILLS/KNOWLEDGE/EXPERIENCE,0,0,1,1,21,2,8,292,79TH ST,41.942194,-87.654134,08/16/2021 10:33:00 PM,2021
CR00025516,10/05/2018 04:30:00 AM,30,CLEAR,DAYLIGHT,REAR TO FRONT,DIVIDED - W/MEDIAN (NOT RAISED),NO CONTROLS,UNABLE TO DETERMINE,FAILING TO YIELD RIGHT-OF-WAY,0,0,0,0,4,6,10,1881,ROOSEVELT RD,41.899562,-87.751832,10/05/2018 06:15:00 AM,2018
CR00025517,11/24/2021 08:27:00 PM,30,CLEAR,DARKNESS - LIGHTED ROAD,REAR END,NOT DIVIDED,TRAFFIC SIGNAL,DISTRACTION - FROM INSIDE VEHICLE,UNABLE TO DETERMINE,0,0,0,0,20,4,11,423,ASHLAND AVE,41.939353,-87.712151,11/24/2021 10:06:00 PM,2021
CR00025518,04/02/2019 05:13:00 AM,45,CLEAR,DARKNESS - LIGHTED ROAD,TURNING,NOT DIVIDED,NO CONTROLS,UNABLE TO DETERMINE,NOT APPLICABLE,0,0,1,1,5,3,4,316,CLARK ST,41.980516,-87.844392,04/02/2019 07:01:00 AM,2019
CR00025519,08/04/2021 12:43:00 PM,30,CLEAR,DARKNESS - LIGHTED ROAD,ANGLE,NOT DIVIDED,STOP SIGN/FLASHER,FAILING TO REDUCE SPEED,FOLLOWING TOO CLOSELY,0,0,0,0,12,4,8,2220,79TH ST,41.96008,-87.607543,08/04/2021 12:57:00 PM,2021
CR00025520,01/14/2023 11:20:00 AM,40,CLEAR,DARKNESS - LIGHTED ROAD,TURNING,NOT DIVIDED,UNKNOWN,DISTRACTION - FROM INSIDE VEHICLE,IMPROPER LANE USAGE,0,0,0,0,11,7,1,1279,ASHLAND AVE,41.963599,-87.507883,01/14/2023 12:47:00 PM,2023
CR00025521,11/28/2021 10:38:00 PM,45,CLEAR,DAYLIGHT,REAR TO FRONT,DIVIDED - W/MEDIAN (NOT RAISED),TRAFFIC SIGNAL,UNABLE TO DETERMINE,UNABLE TO DETERMINE,0,0,0,0,22,1,11,445,DAMEN AVE,41.789331,-87.630121,11/28/2021 10:59:00 PM,2021
CR00025522,01/04/2024 11:55:00 AM,30,CLEAR,DARKNESS - LIGHTED ROAD,REAR END,DIVIDED - W/MEDIAN (NOT RAISED),NO CONTROLS,FOLLOWING TOO CLOSELY,IMPROPER LANE USAGE,0,0,0,0,11,5,1,922,63RD ST,41.713288,-87.627688,01/04/2024 01:38:00 PM,2024
CR00025523,12/13/2023 12:58:00 PM,30,CLEAR,DAYLIGHT,REAR END,NOT DIVIDED,NO CONTROLS,IMPROPER LANE USAGE,UNABLE TO DETERMINE,0,0,0,0,12,4,12,1049,KEDZIE AVE,41.762412,-87.666815,12/13/2023 01:15:00 PM,2023
CR00025524,09/20/2020 03:25:00 PM,45,RAIN,DAYLIGHT,REAR END,DIVIDED - W/MEDIAN (NOT RAISED),NO CONTROLS,FAILING TO YIELD RIGHT-OF-WAY,FAILING TO YIELD RIGHT-OF-WAY,0,0,0,0,15,1,9,1764,PULASKI RD,41.848149,-87.637047,09/20/2020 04:04:00 PM,2020
CR00025525,10/06/2016 07:30:00 AM,35,CLEAR,DAYLIGHT,REAR END,NOT DIVIDED,TRAFFIC SIGNAL,IMPROPER OVERTAKING/PASSING,UNABLE TO DETERMINE,0,0,0,0,7,5,10,1963,OGDEN AVE,41.874084,-87.668829,10/06/2016 07:43:00 AM,2016
CR00025526,08/07/2022 12:35:00 AM,30,CLEAR,DARKNESS - LIGHTED ROAD,REAR END,NOT DIVIDED,TRAFFIC SIGNAL,FAILING TO REDUCE SPEED,UNABLE TO DETERMINE,0,0,0,0,0,1,8,1039,STONY ISLAND AVE,41.78162,-87.637766,08/07/2022 01:44:00 AM,2022
CR00025527,10/19/2019 10:50:00 PM,45,FOG/SMOKE/HAZE,DAYLIGHT,FIXED OBJECT,T-INTERSECTION,NO CONTROLS,IMPROPER OVERTAKING/PASSING,FOLLOWING TOO CLOSELY,0,0,0,0,22,7,10,818,63RD ST,41.733417,-87.729072,10/20/2019 12:41:00 AM,2019
CR00025528,02/16/2015 12:17:00 PM,35,CLEAR,DAYLIGHT,REAR TO FRONT,NOT DIVIDED,TRAFFIC SIGNAL,FAILING TO REDUCE SPEED,UNABLE TO DETERMINE,0,0,0,0,12,2,2,153,IRVING PARK RD,41.943789,-87.696592,02/16/2015 02:14:00 PM,2015
CR00025529,06/28/2019 08:39:00 AM,35,CLEAR,DAYLIGHT,FIXED OBJECT,ONE-WAY,NO CONTROLS,UNABLE TO DETERMINE,DRIVING SKILLS/KNOWLEDGE/EXPERIENCE,0,0,0,0,8,6,6,2021,IRVING PARK RD,41.834282,-87.846631,06/28/2019 09:26:00 AM,2019
CR00025530,05/01/2022 05:07:00 PM,25,CLEAR,DARKNESS,TURNING,DIVIDED - W/MEDIAN (NOT RAISED),STOP SIGN/FLASHER,UNABLE TO DETERMINE,IMPROPER OVERTAKING/PASSING,0,0,0,0,17,1,5,276,WESTERN AVE,41.823632,-87.588716,05/01/2022 05:17:00 PM,2022
CR00025531,10/02/2023 12:03:00 PM,30,FOG/SMOKE/HAZE,DARKNESS - LIGHTED ROAD,REAR END,DIVIDED - W/MEDIAN (NOT RAISED),NO CONTROLS,FOLLOWING TOO CLOSELY,IMPROPER LANE USAGE,0,0,0,0,12,2,10,1439,FULLERTON AVE,41.948771,-87.547794,10/02/2023 01:34:00 PM,2023
CR00025532,10/30/2016 08:47:00 AM,30,CLEAR,DAYLIGHT,REAR END,ONE-WAY,NO CONTROLS,UNABLE TO DETERMINE,FAILING TO YIELD RIGHT-OF-WAY,0,0,0,0,8,1,10,2058,79TH ST,41.803646,-87.657587,10/30/2016 08:49:00 AM,2016
CR00025533,08/28/2020 08:03:00 PM,30,CLEAR,DAYLIGHT,ANGLE,NOT DIVIDED,STOP SIGN/FLASHER,UNABLE TO DETERMINE,UNABLE TO DETERMINE,0,0,2,2,20,6,8,1188,47TH ST,41.779432,-87.538644,08/28/2020 09:37:00 PM,2020
CR00025534,04/18/2023 12:50:00 PM,25,CLEAR,DUSK,TURNING,NOT DIVIDED,TRAFFIC SIGNAL,FAILING TO REDUCE SPEED,IMPROPER OVERTAKING/PASSING,0,0,0,0,12,3,4,1740,STATE ST,41.962467,-87.690046,04/18/2023 12:52:00 PM,2023
CR00025535,11/20/2022 10:41:00 AM,45,CLEAR,DAYLIGHT,REAR TO FRONT,ONE-WAY,NO CONTROLS,FOLLOWING TOO CLOSELY,NOT APPLICABLE,0,0,0,0,10,1,11,1509,STATE ST,41.975942,-87.532219,11/20/2022 12:04:00 PM,2022
CR00025536,08/06/2021 02:22:00 AM,30,CLEAR,DAYLIGHT,SIDESWIPE SAME DIRECTION,NOT DIVIDED,NO CONTROLS,IMPROPER OVERTAKING/PASSING,UNABLE TO DETERMINE,0,0,0,0,2,6,8,1593,63RD ST,41.882009,-87.762826,08/06/2021 02:28:00 AM,2021
CR00025537,01/29/2023 08:26:00 AM,25,CLOUDY/OVERCAST,DARKNESS - LIGHTED ROAD,PEDESTRIAN,NOT DIVIDED,TRAFFIC SIGNAL,FOLLOWING TOO CLOSELY,IMPROPER OVERTAKING/PASSING,0,0,0,0,8,1,1,2008,OGDEN AVE,41.73011,-87.828172,01/29/2023 08:30:00 AM,2023
CR00025538,02/08/2019 05:34:00 PM,15,CLEAR,DUSK,TURNING,NOT DIVIDED,NO CONTROLS,FOLLOWING TOO CLOSELY,DISREGARDING TRAFFIC SIGNALS,0,0,0,0,17,6,2,595,MILWAUKEE AVE,41.924529,-87.806766,02/08/2019 06:52:00 PM,2019
CR00025539,08/25/2015 12:06:00 PM,35,FOG/SMOKE/HAZE,DAYLIGHT,REAR TO FRONT,FOUR WAY,NO CONTROLS,FOLLOWING TOO CLOSELY,FOLLOWING TOO CLOSELY,0,0,0,0,12,3,8,1967,CALIFORNIA AVE,41.86172,-87.748026,08/25/2015 01:52:00 PM,2015
CR00025540,10/19/2020 10:16:00 AM,25,CLEAR,DAYLIGHT,REAR END,NOT DIVIDED,STOP SIGN/FLASHER,FOLLOWING TOO CLOSELY,NOT APPLICABLE,0,0,0,0,10,2,10,1397,ELSTON AVE,41.984946,-87.605389,10/19/2020 11:23:00 AM,2020
CR00025541,07/01/2016 08:45:00 AM,30,FREEZING RAIN/DRIZZLE,DARKNESS - LIGHTED ROAD,REAR END,FOUR WAY,STOP SIGN/FLASHER,FAILING TO REDUCE SPEED,DISTRACTION - FROM INSIDE VEHICLE,0,0,1,1,8,6,7,1902,STONY ISLAND AVE,41.865855,-87.540111,07/01/2016 08:48:00 AM,2016
CR00025542,09/22/2022 03:03:00 PM,35,CLOUDY/OVERCAST,DAYLIGHT,REAR END,NOT DIVIDED,TRAFFIC SIGNAL,UNABLE TO DETERMINE,UNABLE TO DETERMINE,0,1,3,4,15,5,9,1553,PULASKI RD,41.972277,-87.644535,09/22/2022 03:45:00 PM,2022
CR00025543,06/25/2017 11:24:00 AM,35,CLEAR,DAYLIGHT,PARKED MOTOR VEHICLE,DIVIDED - W/MEDIAN BARRIER,TRAFFIC SIGNAL,UNABLE TO DETERMINE,IMPROPER OVERTAKING/PASSING,0,0,0,0,11,1,6,1806,ARCHER AVE,41.953231,-87.589808,06/25/2017 11:30:00 AM,2017
CR00025544,01/16/2024 09:26:00 PM,35,CLEAR,DAYLIGHT,TURNING,DIVIDED - W/MEDIAN (NOT RAISED),TRAFFIC SIGNAL,UNABLE TO DETERMINE,UNABLE TO DETERMINE,0,0,0,0,21,3,1,632,OGDEN AVE,41.836567,-87.524771,01/16/2024 11:08:00 PM,2024
CR00025545,05/01/2024 06:58:00 AM,35,CLEAR,DAYLIGHT,REAR END,FOUR WAY,NO CONTROLS,UNABLE TO DETERMINE,UNABLE TO DETERMINE,0,0,0,0,6,4,5,1157,BROADWAY,41.773167,-87.705073,05/01/2024 07:10:00 AM,2024
CR00025546,11/11/2021 05:24:00 AM,20,SNOW,DAYLIGHT,SIDESWIPE SAME DIRECTION,NOT DIVIDED,UNKNOWN,UNABLE TO DETERMINE,DISREGARDING TRAFFIC SIGNALS,0,0,2,2,5,5,11,294,47TH ST,41.885998,-87.783875,11/11/2021 07:09:00 AM,2021
CR00025547,08/06/2023 05:27:00 PM,20,CLEAR,DARKNESS - LIGHTED ROAD,REAR END,DIVIDED - W/MEDIAN (NOT RAISED),UNKNOWN,IMPROPER OVERTAKING/PASSING,FOLLOWING TOO CLOSELY,0,0,0,0,17,1,8,1180,ASHLAND AVE,41.774218,-87.622455,08/06/2023 05:58:00 PM,2023
CR00025548,07/02/2020 04:38:00 PM,35,CLEAR,DARKNESS - LIGHTED ROAD,REAR END,DIVIDED - W/MEDIAN (NOT RAISED),YIELD,UNABLE TO DETERMINE,UNABLE TO DETERMINE,0,0,0,0,16,5,7,2156,CICERO AVE,41.898066,-87.623683,07/02/2020 05:57:00 PM,2020
CR00025549,07/01/2021 07:11:00 AM,20,CLEAR,DAYLIGHT,TURNING,T-INTERSECTION,NO CONTROLS,FAILING TO REDUCE SPEED,FOLLOWING TOO CLOSELY,0,0,0,0,7,5,7,1077,47TH ST,41.718043,-87.719021,07/01/2021 08:34:00 AM,2021
CR00025550,03/28/2015 09:16:00 PM,25,CLEAR,DAYLIGHT,FIXED OBJECT,DIVIDED - W/MEDIAN (NOT RAISED),NO CONTROLS,IMPROPER OVERTAKING/PASSING,UNABLE TO DETERMINE,0,0,0,0,21,7,3,1916,79TH ST,41.860468,-87.66826,03/28/2015 10:12:00 PM,2015
CR00025551,01/27/2019 07:00:00 AM,30,CLOUDY/OVERCAST,DAYLIGHT,FIXED OBJECT,NOT DIVIDED,NO CONTROLS,WEATHER,DISTRACTION - FROM INSIDE VEHICLE,0,0,3,3,7,1,1,1378,LAKE SHORE DR,41.913309,-87.664597,01/27/2019 07:57:00 AM,2019
CR00025552,06/04/2020 07:19:00 AM,20,CLEAR,DAYLIGHT,TURNING,FOUR WAY,NO CONTROLS,UNABLE TO DETERMINE,IMPROPER LANE USAGE,0,0,0,0,7,5,6,2178,ELSTON AVE,41.869613,-87.542641,06/04/2020 08:36:00 AM,2020
CR00025553,08/22/2020 11:50:00 AM,35,CLEAR,DAYLIGHT,REAR END,DIVIDED - W/MEDIAN (NOT RAISED),NO CONTROLS,IMPROPER OVERTAKING/PASSING,IMPROPER OVERTAKING/PASSING,0,0,0,0,11,7,8,1712,63RD ST,41.888987,-87.555458,08/22/2020 01:30:00 PM,2020
CR00025554,02/06/2020 10:42:00 AM,35,RAIN,DARKNESS - LIGHTED ROAD,ANGLE,ONE-WAY,TRAFFIC SIGNAL,UNABLE TO DETERMINE,FAILING TO REDUCE SPEED,0,0,0,0,10,5,2,2312,STATE ST,41.837554,-87.50777,02/06/2020 12:27:00 PM,2020
CR00025555,01/11/2024 09:33:00 AM,40,CLEAR,DAWN,SIDESWIPE SAME DIRECTION,NOT DIVIDED,STOP SIGN/FLASHER,FOLLOWING TOO CLOSELY,UNABLE TO DETERMINE,0,0,1,1,9,5,1,1222,KEDZIE AVE,41.899526,-87.830351,01/11/2024 11:20:00 AM,2024
CR00025556,08/27/2024 08:36:00 AM,35,CLEAR,DUSK,REAR TO FRONT,T-INTERSECTION,NO CONTROLS,FAILING TO YIELD RIGHT-OF-WAY,IMPROPER OVERTAKING/PASSING,0,0,0,0,8,3,8,1246,OGDEN AVE,41.702606,-87.753431,08/27/2024 08:39:00 AM,2024
CR00025557,12/16/2019 03:22:00 PM,35,CLEAR,DARKNESS - LIGHTED ROAD,ANGLE,NOT DIVIDED,TRAFFIC SIGNAL,FOLLOWING TOO CLOSELY,DISTRACTION - FROM INSIDE VEHICLE,0,0,0,0,15,2,12,300,IRVING PARK RD,41.827955,-87.69436,12/16/2019 03:51:00 PM,2019
CR00025558,04/01/2019 07:49:00 AM,30,CLEAR,DARKNESS - LIGHTED ROAD,SIDESWIPE SAME DIRECTION,FOUR WAY,TRAFFIC SIGNAL,DISTRACTION - FROM INSIDE VEHICLE,UNABLE TO DETERMINE,0,0,0,0,7,2,4,1020,47TH ST,41.776317,-87.720581,04/01/2019 09:40:00 AM,2019
CR00025559,10/17/2023 09:37:00 PM,30,CLEAR,DAYLIGHT,REAR END,DIVIDED - W/MEDIAN (NOT RAISED),STOP SIGN/FLASHER,IMPROPER LANE USAGE,IMPROPER LANE USAGE,0,0,0,0,21,3,10,826,MILWAUKEE AVE,41.914469,-87.624252,10/17/2023 10:50:00 PM,2023
CR00025560,05/09/2022 06:05:00 PM,30,CLEAR,DAYLIGHT,TURNING,DIVIDED - W/MEDIAN BARRIER,STOP SIGN/FLASHER,DRIVING SKILLS/KNOWLEDGE/EXPERIENCE,UNABLE TO DETERMINE,0,0,0,0,18,2,5,1644,CICERO AVE,41.836876,-87.822721,05/09/2022 07:15:00 PM,2022
CR00025561,11/07/2017 05:09:00 PM,45,CLEAR,DAYLIGHT,PARKED MOTOR VEHICLE,FOUR WAY,STOP SIGN/FLASHER,UNABLE TO DETERMINE,NOT APPLICABLE,0,0,1,1,17,3,11,1216,DIVISION ST,41.982443,-87.73495,11/07/2017 05:16:00 PM,2017
CR00025562,02/25/2018 08:26:00 AM,20,RAIN,DAYLIGHT,TURNING,T-INTERSECTION,PEDESTRIAN CROSSING SIGN,IMPROPER OVERTAKING/PASSING,NOT APPLICABLE,0,0,0,0,8,1,2,1278,ARCHER AVE,41.944887,-87.535253,02/25/2018 10:20:00 AM,2018
CR00025563,05/28/2024 06:06:00 PM,30,CLOUDY/OVERCAST,DAYLIGHT,ANGLE,NOT DIVIDED,NO CONTROLS,FOLLOWING TOO CLOSELY,FAILING TO YIELD RIGHT-OF-WAY,0,0,0,0,18,3,5,818,CLARK ST,41.900497,-87.645898,05/28/2024 07:45:00 PM,2024
CR00025564,05/08/2021 06:30:00 PM,45,CLEAR,DAYLIGHT,ANGLE,ONE-WAY,NO CONTROLS,FAILING TO YIELD RIGHT-OF-WAY,UNABLE TO DETERMINE,0,0,0,0,18,7,5,275,CICERO AVE,41.816192,-87.605544,05/08/2021 07:20:00 PM,2021
CR00025565,10/24/2019 07:40:00 AM,15,CLEAR,DAYLIGHT,SIDESWIPE SAME DIRECTION,NOT DIVIDED,TRAFFIC SIGNAL,WEATHER,UNABLE TO DETERMINE,0,0,0,0,7,5,10,1747,CICERO AVE,41.789623,-87.551913,10/24/2019 07:45:00 AM,2019
CR00025566,10/28/2020 07:49:00 AM,15,CLEAR,DAYLIGHT,REAR TO FRONT,ONE-WAY,NO CONTROLS,UNABLE TO DETERMINE,IMPROPER LANE USAGE,0,0,0,0,7,4,10,536,MICHIGAN AVE,41.8789,-87.66149,10/28/2020 08:18:00 AM,2020
CR00025567,11/03/2022 04:24:00 PM,25,FOG/SMOKE/HAZE,DAYLIGHT,REAR END,DIVIDED - W/MEDIAN (NOT RAISED),TRAFFIC SIGNAL,DISTRACTION - FROM INSIDE VEHICLE,UNABLE TO DETERMINE,0,0,0,0,16,5,11,1950,BROADWAY,41.870628,-87.677049,11/03/2022 04:46:00 PM,2022
CR00025568,07/30/2022 03:23:00 PM,15,CLEAR,DAYLIGHT,FIXED OBJECT,NOT DIVIDED,STOP SIGN/FLASHER,FAILING TO REDUCE SPEED,DRIVING SKILLS/KNOWLEDGE/EXPERIENCE,0,0,0,0,15,7,7,1337,PULASKI RD,41.911938,-87.537028,07/30/2022 04:05:00 PM,2022
CR00025569,10/22/2021 10:45:00 AM,30,FREEZING RAIN/DRIZZLE,DARKNESS - LIGHTED ROAD,PARKED MOTOR VEHICLE,DIVIDED - W/MEDIAN BARRIER,TRAFFIC SIGNAL,FAILING TO YIELD RIGHT-OF-WAY,NOT APPLICABLE,0,0,0,0,10,6,10,1896,STATE ST,41.951927,-87.608679,10/22/2021 11:42:00 AM,2021
CR00025570,12/28/2022 10:17:00 PM,30,CLEAR,DARKNESS - LIGHTED ROAD,SIDESWIPE SAME DIRECTION,ONE-WAY,NO CONTROLS,IMPROPER OVERTAKING/PASSING,NOT APPLICABLE,0,0,0,0,22,4,12,2084,CICERO AVE,41.768651,-87.747985,12/28/2022 11:25:00 PM,2022
CR00025571,10/07/2023 06:05:00 AM,45,CLOUDY/OVERCAST,DARKNESS,TURNING,FOUR WAY,TRAFFIC SIGNAL,DRIVING SKILLS/KNOWLEDGE/EXPERIENCE,UNABLE TO DETERMINE,0,0,0,0,6,7,10,2527,ASHLAND AVE,41.780886,-87.508968,10/07/2023 06:47:00 AM,2023
CR00025572,02/15/2016 05:24:00 PM,20,CLEAR,DAWN,REAR END,NOT DIVIDED,TRAFFIC SIGNAL,IMPROPER OVERTAKING/PASSING,FAILING TO YIELD RIGHT-OF-WAY,0,0,0,0,17,2,2,1781,CLARK ST,41.826837,-87.512368,02/15/2016 06:48:00 PM,2016
CR00025573,08/29/2020 04:30:00 PM,30,RAIN,DUSK,ANGLE,DIVIDED - W/MEDIAN BARRIER,STOP SIGN/FLASHER,DISREGARDING TRAFFIC SIGNALS,UNABLE TO DETERMINE,0,0,0,0,16,7,8,2355,KEDZIE AVE,41.802039,-87.567281,08/29/2020 04:53:00 PM,2020
CR00025574,11/21/2019 09:54:00 PM,20,RAIN,DAYLIGHT,TURNING,DIVIDED - W/MEDIAN (NOT RAISED),STOP SIGN/FLASHER,FOLLOWING TOO CLOSELY,UNABLE TO DETERMINE,0,0,0,0,21,5,11,2350,MICHIGAN AVE,41.928157,-87.758879,11/21/2019 10:11:00 PM,2019
CR00025575,08/11/2019 06:23:00 PM,35,CLOUDY/OVERCAST,DARKNESS,REAR END,DIVIDED - W/MEDIAN (NOT RAISED),STOP SIGN/FLASHER,WEATHER,UNABLE TO DETERMINE,0,0,0,0,18,1,8,1565,PULASKI RD,41.775041,-87.536166,08/11/2019 06:29:00 PM,2019
CR00025576,03/05/2023 06:44:00 AM,20,CLEAR,DARKNESS - LIGHTED ROAD,REAR END,ONE-WAY,UNKNOWN,IMPROPER LANE USAGE,UNABLE TO DETERMINE,0,0,0,0,6,1,3,165,79TH ST,41.846232,-87.526089,03/05/2023 08:05:00 AM,2023
CR00025577,04/03/2023 06:18:00 PM,30,CLEAR,DAYLIGHT,SIDESWIPE SAME DIRECTION,ONE-WAY,TRAFFIC SIGNAL,DRIVING SKILLS/KNOWLEDGE/EXPERIENCE,FAILING TO YIELD RIGHT-OF-WAY,0,0,0,0,18,2,4,629,CLARK ST,41.888858,-87.726205,04/03/2023 07:23:00 PM,2023
CR00025578,01/26/2023 06:44:00 PM,35,CLEAR,DAYLIGHT,REAR END,FOUR WAY,TRAFFIC SIGNAL,DRIVING SKILLS/KNOWLEDGE/EXPERIENCE,FAILING TO YIELD RIGHT-OF-WAY,0,0,0,0,18,5,1,1557,WESTERN AVE,41.879631,-87.652945,01/26/2023 07:39:00 PM,2023
CR00025579,02/13/2023 09:44:00 PM,20,CLEAR,DUSK,ANGLE,DIVIDED - W/MEDIAN BARRIER,NO CONTROLS,UNABLE TO DETERMINE,IMPROPER OVERTAKING/PASSING,0,0,0,0,21,2,2,2141,DIVISION ST,41.745439,-87.584066,02/13/2023 10:51:00 PM,2023
CR00025580,02/10/2019 06:12:00 PM,20,CLEAR,DAYLIGHT,TURNING,DIVIDED - W/MEDIAN (NOT RAISED),TRAFFIC SIGNAL,DRIVING SKILLS/KNOWLEDGE/EXPERIENCE,DISREGARDING TRAFFIC SIGNALS,0,0,0,0,18,1,2,1676,63RD ST,41.988734,-87.793673,02/10/2019 06:47:00 PM,2019
CR00025581,01/10/2015 07:07:00 PM,30,CLEAR,DAYLIGHT,TURNING,DIVIDED - W/MEDIAN (NOT RAISED),STOP SIGN/FLASHER,UNABLE TO DETERMINE,DISREGARDING TRAFFIC SIGNALS,0,0,0,0,19,7,1,838,CICERO AVE,41.888845,-87.562638,01/10/2015 08:00:00 PM,2015
CR00025582,08/14/2016 11:20:00 PM,25,RAIN,DAYLIGHT,ANGLE,NOT DIVIDED,TRAFFIC SIGNAL,UNABLE TO DETERMINE,FOLLOWING TOO CLOSELY,0,0,0,0,23,1,8,910,ELSTON AVE,41.784617,-87.682919,08/14/2016 11:43:00 PM,2016
CR00025583,05/14/2020 05:00:00 PM,30,RAIN,DARKNESS,TURNING,DIVIDED - W/MEDIAN (NOT RAISED),TRAFFIC SIGNAL,FAILING TO REDUCE SPEED,WEATHER,0,0,0,0,17,5,5,903,47TH ST,41.732086,-87.693546,05/14/2020 05:06:00 PM,2020
CR00025584,05/11/2022 10:35:00 PM,20,CLEAR,DARKNESS,ANGLE,FOUR WAY,NO CONTROLS,UNABLE TO DETERMINE,UNABLE TO DETERMINE,0,0,1,1,22,4,5,546,79TH ST,41.877658,-87.840942,05/11/2022 11:29:00 PM,2022
CR00025585,07/27/2024 07:09:00 PM,20,CLEAR,DARKNESS - LIGHTED ROAD,REAR END,NOT DIVIDED,TRAFFIC SIGNAL,FAILING TO REDUCE SPEED,NOT APPLICABLE,0,0,0,0,19,7,7,937,WESTERN AVE,41.835493,-87.643967,07/27/2024 08:53:00 PM,2024
CR00025586,01/05/2016 09:29:00 AM,20,CLOUDY/OVERCAST,DARKNESS - LIGHTED ROAD,REAR END,NOT DIVIDED,NO CONTROLS,FAILING TO REDUCE SPEED,DISREGARDING TRAFFIC SIGNALS,0,0,0,0,9,3,1,911,CLARK ST,41.887344,-87.555946,01/05/2016 11:24:00 AM,2016
CR00025587,06/18/2018 02:26:00 AM,35,SNOW,DAYLIGHT,TURNING,NOT DIVIDED,NO CONTROLS,DISTRACTION - FROM INSIDE VEHICLE,NOT APPLICABLE,0,0,0,0,2,2,6,2142,CLARK ST,41.958667,-87.603723,06/18/2018 02:28:00 AM,2018
CR00025588,08/31/2017 11:01:00 PM,30,CLEAR,DAYLIGHT,TURNING,DIVIDED - W/MEDIAN (NOT RAISED),NO CONTROLS,UNABLE TO DETERMINE,UNABLE TO DETERMINE,0,0,0,0,23,5,8,595,ARCHER AVE,41.756943,-87.629102,08/31/2017 11:56:00 PM,2017
CR00025589,06/07/2016 08:36:00 AM,30,CLEAR,DUSK,PARKED MOTOR VEHICLE,DIVIDED - W/MEDIAN (NOT RAISED),UNKNOWN,DRIVING SKILLS/KNOWLEDGE/EXPERIENCE,FOLLOWING TOO CLOSELY,0,0,0,0,8,3,6,659,LAKE SHORE DR,41.809703,-87.808866,06/07/2016 10:27:00 AM,2016