CRASH_RECORD_ID,CRASH_DATE,POSTED_SPEED_LIMIT,WEATHER_CONDITION,LIGHTING_CONDITION,FIRST_CRASH_TYPE,TRAFFICWAY_TYPE,TRAFFIC_CONTROL_DEVICE,PRIM_CONTRIBUTORY_CAUSE,SEC_CONTRIBUTORY_CAUSE,INJURIES_FATAL,INJURIES_INCAPACITATING,INJURIES_NON_INCAPACITATING,INJURIES_TOTAL,CRASH_HOUR,CRASH_DAY_OF_WEEK,CRASH_MONTH,BEAT_OF_OCCURRENCE,STREET_NAME,LATITUDE,LONGITUDE,DATE_POLICE_NOTIFIED,year
CR00025590,08/10/2020 10:01:00 PM,20,CLEAR,DAYLIGHT,REAR END,DIVIDED - W/MEDIAN (NOT RAISED),TRAFFIC SIGNAL,IMPROPER LANE USAGE,FOLLOWING TOO CLOSELY,0,0,0,0,22,2,8,301,OGDEN AVE,41.877848,-87.561245,08/10/2020 10:50:00 PM,2020
CR00025591,05/03/2023 07:03:00 PM,20,CLEAR,DAYLIGHT,REAR END,DIVIDED - W/MEDIAN (NOT RAISED),STOP SIGN/FLASHER,UNABLE TO DETERMINE,DISREGARDING TRAFFIC SIGNALS,0,0,0,0,19,4,5,2497,BROADWAY,41.879136,-87.529782,05/03/2023 07:51:00 PM,2023
CR00025592,04/03/2024 01:54:00 PM,35,CLEAR,DAYLIGHT,TURNING,DIVIDED - W/MEDIAN (NOT RAISED),TRAFFIC SIGNAL,FAILING TO YIELD RIGHT-OF-WAY,FOLLOWING TOO CLOSELY,0,0,1,1,13,4,4,2404,PULASKI RD,41.843711,-87.590724,04/03/2024 02:22:00 PM,2024
CR00025593,04/07/2018 08:29:00 AM,35,CLEAR,DUSK,TURNING,NOT DIVIDED,NO CONTROLS,DRIVING SKILLS/KNOWLEDGE/EXPERIENCE,WEATHER,0,0,0,0,8,7,4,2347,KEDZIE AVE,41.745664,-87.707179,04/07/2018 08:40:00 AM,2018
CR00025594,10/07/2020 01:36:00 PM,15,CLEAR,DAYLIGHT,ANGLE,DIVIDED - W/MEDIAN BARRIER,NO CONTROLS,UNABLE TO DETERMINE,UNABLE TO DETERMINE,0,0,0,0,13,4,10,399,79TH ST,41.822204,-87.777039,10/07/2020 03:35:00 PM,2020
CR00025595,08/02/2021 08:21:00 PM,30,CLEAR,DAYLIGHT,PARKED MOTOR VEHICLE,NOT DIVIDED,STOP SIGN/FLASHER,UNABLE TO DETERMINE,UNABLE TO DETERMINE,0,0,0,0,20,2,8,1973,ARCHER AVE,41.777677,-87.607712,08/02/2021 08:47:00 PM,2021
CR00025596,05/14/2015 05:10:00 PM,40,CLEAR,DAYLIGHT,REAR END,DIVIDED - W/MEDIAN (NOT RAISED),STOP SIGN/FLASHER,UNABLE TO DETERMINE,UNABLE TO DETERMINE,0,0,1,1,17,5,5,2082,MICHIGAN AVE,41.860939,-87.765172,05/14/2015 05:21:00 PM,2015
CR00025597,08/27/2021 03:45:00 AM,30,SNOW,DAYLIGHT,REAR END,DIVIDED - W/MEDIAN (NOT RAISED),NO CONTROLS,FOLLOWING TOO CLOSELY,DISTRACTION - FROM INSIDE VEHICLE,0,0,0,0,3,6,8,1733,FULLERTON AVE,41.88989,-87.759908,08/27/2021 05:39:00 AM,2021
CR00025598,07/10/2024 02:12:00 PM,40,CLEAR,DAYLIGHT,PARKED MOTOR VEHICLE,NOT DIVIDED,UNKNOWN,FOLLOWING TOO CLOSELY,IMPROPER OVERTAKING/PASSING,0,0,0,0,14,4,7,256,OGDEN AVE,41.818853,-87.847767,07/10/2024 03:13:00 PM,2024
CR00025599,03/09/2016 10:45:00 AM,35,CLEAR,DAYLIGHT,TURNING,DIVIDED - W/MEDIAN BARRIER,STOP SIGN/FLASHER,UNABLE TO DETERMINE,FOLLOWING TOO CLOSELY,0,0,0,0,10,4,3,384,63RD ST,41.779776,-87.696347,03/09/2016 11:42:00 AM,2016
CR00025600,01/08/2024 11:45:00 PM,30,CLEAR,DARKNESS - LIGHTED ROAD,SIDESWIPE SAME DIRECTION,DIVIDED - W/MEDIAN BARRIER,TRAFFIC SIGNAL,UNABLE TO DETERMINE,IMPROPER OVERTAKING/PASSING,0,0,0,0,23,2,1,1592,IRVING PARK RD,41.973484,-87.728263,01/09/2024 12:06:00 AM,2024
CR00025601,08/05/2015 03:30:00 PM,40,CLEAR,DARKNESS - LIGHTED ROAD,REAR TO FRONT,FOUR WAY,STOP SIGN/FLASHER,UNABLE TO DETERMINE,FAILING TO REDUCE SPEED,0,0,0,0,15,4,8,2089,DIVISION ST,41.937645,-87.548452,08/05/2015 03:47:00 PM,2015
CR00025602,01/29/2020 07:45:00 AM,45,CLEAR,DUSK,ANGLE,NOT DIVIDED,NO CONTROLS,IMPROPER LANE USAGE,FOLLOWING TOO CLOSELY,0,0,0,0,7,4,1,2372,ARCHER AVE,41.731562,-87.753191,01/29/2020 09:42:00 AM,2020
CR00025603,07/28/2024 06:07:00 PM,45,SNOW,DAYLIGHT,PARKED MOTOR VEHICLE,DIVIDED - W/MEDIAN (NOT RAISED),STOP SIGN/FLASHER,WEATHER,IMPROPER OVERTAKING/PASSING,0,0,0,0,18,1,7,1538,OGDEN AVE,41.818966,-87.789049,07/28/2024 07:45:00 PM,2024
CR00025604,05/18/2023 03:54:00 PM,30,CLEAR,DAYLIGHT,ANGLE,DIVIDED - W/MEDIAN (NOT RAISED),TRAFFIC SIGNAL,FAILING TO REDUCE SPEED,DISTRACTION - FROM INSIDE VEHICLE,0,0,0,0,15,5,5,841,DIVISION ST,41.953093,-87.603879,05/18/2023 04:56:00 PM,2023
CR00025605,07/11/2024 02:26:00 AM,15,RAIN,DARKNESS - LIGHTED ROAD,TURNING,ONE-WAY,STOP SIGN/FLASHER,UNABLE TO DETERMINE,IMPROPER LANE USAGE,0,0,0,0,2,5,7,2468,BROADWAY,41.916545,-87.565732,07/11/2024 04:02:00 AM,2024
CR00025606,01/04/2018 10:01:00 AM,30,CLEAR,DARKNESS,FIXED OBJECT,FOUR WAY,TRAFFIC SIGNAL,DRIVING SKILLS/KNOWLEDGE/EXPERIENCE,IMPROPER LANE USAGE,0,0,0,0,10,5,1,2358,MICHIGAN AVE,41.917079,-87.763692,01/04/2018 11:25:00 AM,2018
CR00025607,06/16/2016 07:31:00 PM,15,CLEAR,DAYLIGHT,PARKED MOTOR VEHICLE,DIVIDED - W/MEDIAN (NOT RAISED),NO CONTROLS,FAILING TO REDUCE SPEED,NOT APPLICABLE,0,0,0,0,19,5,6,1184,STONY ISLAND AVE,41.84951,-87.757764,06/16/2016 08:40:00 PM,2016
CR00025608,03/08/2021 02:28:00 PM,35,CLEAR,DAYLIGHT,REAR END,DIVIDED - W/MEDIAN (NOT RAISED),NO CONTROLS,DRIVING SKILLS/KNOWLEDGE/EXPERIENCE,FOLLOWING TOO CLOSELY,0,0,1,1,14,2,3,1650,CICERO AVE,41.830554,-87.848225,03/08/2021 03:24:00 PM,2021
CR00025609,01/22/2015 12:28:00 PM,25,CLEAR,DAYLIGHT,REAR END,NOT DIVIDED,NO CONTROLS,DISTRACTION - FROM INSIDE VEHICLE,DISTRACTION - FROM INSIDE VEHICLE,0,0,1,1,12,5,1,2143,CLARK ST,41.741456,-87.535534,01/22/2015 02:18:00 PM,2015
CR00025610,05/14/2020 08:16:00 AM,35,CLEAR,DAYLIGHT,REAR END,FOUR WAY,TRAFFIC SIGNAL,DISTRACTION - FROM INSIDE VEHICLE,DISTRACTION - FROM INSIDE VEHICLE,0,0,0,0,8,5,5,882,DAMEN AVE,41.962365,-87.560089,05/14/2020 08:33:00 AM,2020
CR00025611,05/15/2019 01:59:00 PM,45,CLEAR,DAYLIGHT,TURNING,ONE-WAY,YIELD,IMPROPER OVERTAKING/PASSING,WEATHER,0,0,0,0,13,4,5,1979,63RD ST,41.739624,-87.60746,05/15/2019 02:23:00 PM,2019
CR00025612,07/08/2021 09:28:00 PM,20,RAIN,DAYLIGHT,REAR END,DIVIDED - W/MEDIAN (NOT RAISED),NO CONTROLS,IMPROPER LANE USAGE,FOLLOWING TOO CLOSELY,0,0,0,0,21,5,7,2345,MILWAUKEE AVE,41.921273,-87.712872,07/08/2021 10:05:00 PM,2021
CR00025613,04/03/2024 12:11:00 PM,35,CLEAR,DAWN,REAR TO FRONT,NOT DIVIDED,STOP SIGN/FLASHER,UNABLE TO DETERMINE,FOLLOWING TOO CLOSELY,0,0,0,0,12,4,4,1138,63RD ST,41.797907,-87.636917,04/03/2024 12:29:00 PM,2024
CR00025614,02/24/2019 12:14:00 PM,30,CLEAR,DUSK,TURNING,NOT DIVIDED,TRAFFIC SIGNAL,UNABLE TO DETERMINE,UNABLE TO DETERMINE,0,0,0,0,12,1,2,280,KEDZIE AVE,41.967425,-87.50397,02/24/2019 12:55:00 PM,2019
CR00025615,06/13/2022 07:30:00 AM,15,CLEAR,DAYLIGHT,TURNING,DIVIDED - W/MEDIAN (NOT RAISED),STOP SIGN/FLASHER,IMPROPER LANE USAGE,FAILING TO YIELD RIGHT-OF-WAY,0,0,1,1,7,2,6,1655,CALIFORNIA AVE,41.989511,-87.725257,06/13/2022 07:49:00 AM,2022
CR00025616,06/19/2023 04:06:00 PM,30,CLEAR,DAYLIGHT,PARKED MOTOR VEHICLE,NOT DIVIDED,UNKNOWN,FAILING TO REDUCE SPEED,NOT APPLICABLE,0,0,0,0,16,2,6,1023,ASHLAND AVE,41.927308,-87.670499,06/19/2023 05:17:00 PM,2023
CR00025617,05/29/2023 04:51:00 PM,30,CLEAR,DARKNESS - LIGHTED ROAD,TURNING,DIVIDED - W/MEDIAN (NOT RAISED),STOP SIGN/FLASHER,UNABLE TO DETERMINE,WEATHER,0,0,2,2,16,2,5,1324,ASHLAND AVE,41.787467,-87.536415,05/29/2023 06:38:00 PM,2023
CR00025618,02/26/2016 08:51:00 AM,35,CLEAR,DAYLIGHT,FIXED OBJECT,NOT DIVIDED,TRAFFIC SIGNAL,WEATHER,NOT APPLICABLE,0,0,1,1,8,6,2,1006,DAMEN AVE,41.960928,-87.709536,02/26/2016 09:20:00 AM,2016
CR00025619,06/17/2015 09:53:00 AM,30,CLEAR,DARKNESS - LIGHTED ROAD,PARKED MOTOR VEHICLE,DIVIDED - W/MEDIAN (NOT RAISED),STOP SIGN/FLASHER,UNABLE TO DETERMINE,UNABLE TO DETERMINE,0,0,1,1,9,4,6,1550,PULASKI RD,41.906256,-87.710548,06/17/2015 10:51:00 AM,2015
CR00025620,12/18/2015 04:17:00 PM,20,CLEAR,DAYLIGHT,PARKED MOTOR VEHICLE,NOT DIVIDED,UNKNOWN,DISTRACTION - FROM INSIDE VEHICLE,FAILING TO REDUCE SPEED,0,0,0,0,16,6,12,1125,OGDEN AVE,41.906125,-87.541502,12/18/2015 05:43:00 PM,2015
CR00025621,10/07/2022 06:20:00 PM,30,CLEAR,DAYLIGHT,REAR END,T-INTERSECTION,NO CONTROLS,UNABLE TO DETERMINE,FAILING TO YIELD RIGHT-OF-WAY,0,0,0,0,18,6,10,296,KEDZIE AVE,41.799049,-87.809099,10/07/2022 08:03:00 PM,2022
CR00025622,03/20/2023 02:33:00 AM,35,SNOW,DAYLIGHT,SIDESWIPE SAME DIRECTION,NOT DIVIDED,PEDESTRIAN CROSSING SIGN,UNABLE TO DETERMINE,FAILING TO REDUCE SPEED,0,0,2,2,2,2,3,965,PULASKI RD,41.949579,-87.739303,03/20/2023 02:56:00 AM,2023
CR00025623,10/20/2020 01:17:00 PM,30,CLEAR,DAYLIGHT,TURNING,NOT DIVIDED,STOP SIGN/FLASHER,DRIVING SKILLS/KNOWLEDGE/EXPERIENCE,FAILING TO REDUCE SPEED,0,0,1,1,13,3,10,353,ELSTON AVE,41.703106,-87.759607,10/20/2020 02:00:00 PM,2020
CR00025624,08/30/2020 12:08:00 AM,25,CLEAR,DAYLIGHT,ANGLE,DIVIDED - W/MEDIAN (NOT RAISED),UNKNOWN,FOLLOWING TOO CLOSELY,UNABLE TO DETERMINE,0,0,0,0,0,1,8,1145,KEDZIE AVE,41.773413,-87.834754,08/30/2020 01:52:00 AM,2020
CR00025625,09/12/2022 01:49:00 AM,45,CLEAR,DAYLIGHT,REAR END,DIVIDED - W/MEDIAN BARRIER,TRAFFIC SIGNAL,DISTRACTION - FROM INSIDE VEHICLE,DISREGARDING TRAFFIC SIGNALS,0,0,2,2,1,2,9,227,63RD ST,41.823174,-87.559204,09/12/2022 02:07:00 AM,2022
CR00025626,10/26/2016 09:51:00 AM,30,CLEAR,DAYLIGHT,REAR END,DIVIDED - W/MEDIAN (NOT RAISED),NO CONTROLS,UNABLE TO DETERMINE,UNABLE TO DETERMINE,0,0,0,0,9,4,10,1473,STATE ST,41.933256,-87.561085,10/26/2016 11:46:00 AM,2016
CR00025627,09/18/2022 09:07:00 AM,30,CLEAR,DAYLIGHT,REAR END,DIVIDED - W/MEDIAN (NOT RAISED),NO CONTROLS,DISREGARDING TRAFFIC SIGNALS,IMPROPER OVERTAKING/PASSING,0,0,0,0,9,1,9,382,DIVISION ST,41.83969,-87.51212,09/18/2022 10:31:00 AM,2022
CR00025628,01/03/2024 05:50:00 PM,40,CLEAR,DAYLIGHT,REAR END,NOT DIVIDED,NO CONTROLS,UNABLE TO DETERMINE,FAILING TO YIELD RIGHT-OF-WAY,0,0,0,0,17,4,1,1241,CLARK ST,41.74036,-87.810629,01/03/2024 06:20:00 PM,2024
CR00025629,04/03/2022 07:43:00 PM,30,CLEAR,DAYLIGHT,FIXED OBJECT,NOT DIVIDED,NO CONTROLS,FAILING TO REDUCE SPEED,IMPROPER LANE USAGE,0,0,1,1,19,1,4,1511,WESTERN AVE,41.821104,-87.545861,04/03/2022 08:39:00 PM,2022
CR00025630,03/05/2018 05:54:00 AM,25,CLEAR,DAYLIGHT,REAR END,ONE-WAY,NO CONTROLS,IMPROPER LANE USAGE,FOLLOWING TOO CLOSELY,0,0,1,1,5,2,3,1248,STATE ST,41.995437,-87.507497,03/05/2018 07:28:00 AM,2018
CR00025631,10/12/2024 10:45:00 AM,35,RAIN,DAYLIGHT,REAR TO FRONT,DIVIDED - W/MEDIAN BARRIER,UNKNOWN,UNABLE TO DETERMINE,UNABLE TO DETERMINE,0,0,0,0,10,7,10,1489,DAMEN AVE,41.828857,-87.721867,10/12/2024 12:24:00 PM,2024
CR00025632,04/08/2024 09:59:00 AM,30,CLEAR,DAWN,FIXED OBJECT,DIVIDED - W/MEDIAN (NOT RAISED),UNKNOWN,FOLLOWING TOO CLOSELY,UNABLE TO DETERMINE,0,0,0,0,9,2,4,1793,DAMEN AVE,41.973014,-87.751498,04/08/2024 11:44:00 AM,2024
CR00025633,01/11/2023 05:32:00 AM,45,SNOW,DARKNESS - LIGHTED ROAD,PARKED MOTOR VEHICLE,NOT DIVIDED,YIELD,UNABLE TO DETERMINE,DISTRACTION - FROM INSIDE VEHICLE,0,0,0,0,5,4,1,700,KEDZIE AVE,41.842969,-87.718126,01/11/2023 05:42:00 AM,2023
CR00025634,01/08/2016 02:00:00 PM,35,CLOUDY/OVERCAST,DAYLIGHT,REAR END,DIVIDED - W/MEDIAN BARRIER,UNKNOWN,FOLLOWING TOO CLOSELY,NOT APPLICABLE,0,0,0,0,14,6,1,1135,BROADWAY,41.811996,-87.790992,01/08/2016 02:43:00 PM,2016
CR00025635,03/23/2016 02:03:00 PM,30,CLEAR,DARKNESS - LIGHTED ROAD,TURNING,NOT DIVIDED,NO CONTROLS,DRIVING SKILLS/KNOWLEDGE/EXPERIENCE,DISREGARDING TRAFFIC SIGNALS,0,0,0,0,14,4,3,280,STONY ISLAND AVE,41.887235,-87.525939,03/23/2016 02:39:00 PM,2016
CR00025636,05/15/2016 09:42:00 AM,15,RAIN,DAYLIGHT,ANGLE,DIVIDED - W/MEDIAN (NOT RAISED),TRAFFIC SIGNAL,FAILING TO YIELD RIGHT-OF-WAY,UNABLE TO DETERMINE,0,0,0,0,9,1,5,2276,ELSTON AVE,41.82534,-87.812593,05/15/2016 11:39:00 AM,2016
CR00025637,11/13/2019 10:44:00 PM,30,RAIN,DAYLIGHT,PEDESTRIAN,ONE-WAY,STOP SIGN/FLASHER,IMPROPER OVERTAKING/PASSING,DISTRACTION - FROM INSIDE VEHICLE,0,0,1,1,22,4,11,1697,FULLERTON AVE,41.910179,-87.653624,11/13/2019 11:22:00 PM,2019
CR00025638,02/02/2019 09:53:00 AM,35,SNOW,DARKNESS - LIGHTED ROAD,REAR END,T-INTERSECTION,UNKNOWN,FOLLOWING TOO CLOSELY,FOLLOWING TOO CLOSELY,0,0,0,0,9,7,2,949,STATE ST,41.915955,-87.519223,02/02/2019 11:44:00 AM,2019
CR00025639,05/17/2018 08:06:00 AM,25,CLEAR,DAYLIGHT,SIDESWIPE SAME DIRECTION,ONE-WAY,NO CONTROLS,FAILING TO REDUCE SPEED,UNABLE TO DETERMINE,0,0,0,0,8,5,5,1979,PULASKI RD,41.852957,-87.777894,05/17/2018 08:59:00 AM,2018
CR00025640,07/15/2020 04:49:00 PM,20,CLOUDY/OVERCAST,DAYLIGHT,REAR END,NOT DIVIDED,PEDESTRIAN CROSSING SIGN,DRIVING SKILLS/KNOWLEDGE/EXPERIENCE,FAILING TO REDUCE SPEED,0,0,0,0,16,4,7,1913,HALSTED ST,41.7955,-87.728754,07/15/2020 06:00:00 PM,2020
CR00025641,04/07/2018 08:03:00 PM,30,CLEAR,DAYLIGHT,TURNING,T-INTERSECTION,TRAFFIC SIGNAL,UNABLE TO DETERMINE,DISTRACTION - FROM INSIDE VEHICLE,0,0,1,1,20,7,4,1413,IRVING PARK RD,41.714716,-87.840092,04/07/2018 08:25:00 PM,2018
CR00025642,09/22/2015 08:08:00 AM,35,CLEAR,DARKNESS,TURNING,NOT DIVIDED,STOP SIGN/FLASHER,FAILING TO REDUCE SPEED,FAILING TO YIELD RIGHT-OF-WAY,0,0,0,0,8,3,9,662,IRVING PARK RD,41.752717,-87.753379,09/22/2015 09:07:00 AM,2015
CR00025643,10/29/2016 07:16:00 PM,30,RAIN,DARKNESS - LIGHTED ROAD,REAR END,NOT DIVIDED,NO CONTROLS,FAILING TO YIELD RIGHT-OF-WAY,FOLLOWING TOO CLOSELY,0,0,0,0,19,7,10,286,CALIFORNIA AVE,41.742244,-87.589434,10/29/2016 07:38:00 PM,2016
CR00025644,09/02/2017 07:02:00 PM,35,CLEAR,DARKNESS - LIGHTED ROAD,REAR END,NOT DIVIDED,NO CONTROLS,UNABLE TO DETERMINE,FAILING TO YIELD RIGHT-OF-WAY,0,0,0,0,19,7,9,2250,IRVING PARK RD,41.926879,-87.665694,09/02/2017 08:13:00 PM,2017
CR00025645,09/30/2024 07:31:00 AM,30,CLEAR,DARKNESS - LIGHTED ROAD,ANGLE,DIVIDED - W/MEDIAN (NOT RAISED),YIELD,UNABLE TO DETERMINE,UNABLE TO DETERMINE,0,0,0,0,7,2,9,632,MICHIGAN AVE,41.964917,-87.69973,09/30/2024 09:09:00 AM,2024
CR00025646,03/26/2020 08:13:00 AM,15,CLEAR,DAYLIGHT,TURNING,DIVIDED - W/MEDIAN (NOT RAISED),TRAFFIC SIGNAL,DISTRACTION - FROM INSIDE VEHICLE,NOT APPLICABLE,0,0,0,0,8,5,3,485,CICERO AVE,41.937751,-87.500126,03/26/2020 09:59:00 AM,2020
CR00025647,11/15/2022 03:01:00 PM,45,CLOUDY/OVERCAST,DAYLIGHT,REAR END,NOT DIVIDED,UNKNOWN,FAILING TO YIELD RIGHT-OF-WAY,IMPROPER OVERTAKING/PASSING,0,0,1,1,15,3,11,1315,OGDEN AVE,41.885471,-87.696911,11/15/2022 04:03:00 PM,2022
CR00025648,01/13/2015 01:14:00 AM,30,FREEZING RAIN/DRIZZLE,DUSK,REAR END,ONE-WAY,UNKNOWN,FOLLOWING TOO CLOSELY,NOT APPLICABLE,0,0,0,0,1,3,1,1790,79TH ST,41.847414,-87.569167,01/13/2015 01:40:00 AM,2015
CR00025649,12/31/2015 08:46:00 AM,20,CLEAR,DARKNESS,REAR END,T-INTERSECTION,YIELD,DRIVING SKILLS/KNOWLEDGE/EXPERIENCE,NOT APPLICABLE,0,0,0,0,8,5,12,1035,CICERO AVE,41.829489,-87.612903,12/31/2015 09:58:00 AM,2015
CR00025650,05/12/2022 11:21:00 AM,35,CLEAR,DARKNESS - LIGHTED ROAD,REAR END,NOT DIVIDED,STOP SIGN/FLASHER,DRIVING SKILLS/KNOWLEDGE/EXPERIENCE,FAILING TO REDUCE SPEED,0,0,0,0,11,5,5,569,PULASKI RD,41.968501,-87.641174,05/12/2022 12:01:00 PM,2022
CR00025651,05/08/2020 11:47:00 AM,30,CLEAR,DAYLIGHT,PEDESTRIAN,NOT DIVIDED,UNKNOWN,UNABLE TO DETERMINE,DISREGARDING TRAFFIC SIGNALS,0,0,0,0,11,6,5,644,CICERO AVE,41.969133,-87.53725,05/08/2020 01:32:00 PM,2020
CR00025652,02/16/2017 02:23:00 PM,30,CLEAR,DAYLIGHT,ANGLE,NOT DIVIDED,TRAFFIC SIGNAL,IMPROPER LANE USAGE,IMPROPER OVERTAKING/PASSING,0,0,1,1,14,5,2,907,DAMEN AVE,41.995741,-87.704506,02/16/2017 02:47:00 PM,2017
CR00025653,11/26/2017 08:09:00 AM,40,CLEAR,DAYLIGHT,REAR END,NOT DIVIDED,NO CONTROLS,UNABLE TO DETERMINE,DISTRACTION - FROM INSIDE VEHICLE,0,0,0,0,8,1,11,157,ARCHER AVE,41.772719,-87.719307,11/26/2017 10:07:00 AM,2017
CR00025654,05/27/2017 05:07:00 PM,45,CLEAR,DARKNESS - LIGHTED ROAD,PARKED MOTOR VEHICLE,ONE-WAY,NO CONTROLS,DISTRACTION - FROM INSIDE VEHICLE,FOLLOWING TOO CLOSELY,0,0,0,0,17,7,5,168,STATE ST,41.929286,-87.820015,05/27/2017 05:33:00 PM,2017
CR00025655,07/11/2017 11:17:00 AM,25,CLEAR,DARKNESS - LIGHTED ROAD,REAR END,NOT DIVIDED,UNKNOWN,FAILING TO REDUCE SPEED,UNABLE TO DETERMINE,0,0,0,0,11,3,7,292,CALIFORNIA AVE,41.959859,-87.787509,07/11/2017 12:14:00 PM,2017
CR00025656,06/14/2020 08:14:00 AM,35,CLEAR,DAYLIGHT,TURNING,DIVIDED - W/MEDIAN (NOT RAISED),STOP SIGN/FLASHER,UNABLE TO DETERMINE,FOLLOWING TOO CLOSELY,0,0,1,1,8,1,6,1396,HALSTED ST,41.778655,-87.746904,06/14/2020 09:40:00 AM,2020
CR00025657,03/24/2015 04:01:00 PM,30,CLEAR,DAYLIGHT,REAR END,DIVIDED - W/MEDIAN (NOT RAISED),TRAFFIC SIGNAL,DRIVING SKILLS/KNOWLEDGE/EXPERIENCE,FOLLOWING TOO CLOSELY,0,0,0,0,16,3,3,2052,OGDEN AVE,41.934383,-87.545963,03/24/2015 04:38:00 PM,2015
CR00025658,10/22/2016 08:35:00 PM,40,FREEZING RAIN/DRIZZLE,DAYLIGHT,FIXED OBJECT,NOT DIVIDED,STOP SIGN/FLASHER,FAILING TO REDUCE SPEED,IMPROPER LANE USAGE,0,0,0,0,20,7,10,106,CLARK ST,41.780956,-87.732996,10/22/2016 10:25:00 PM,2016
CR00025659,08/19/2016 10:14:00 AM,35,CLEAR,DARKNESS - LIGHTED ROAD,SIDESWIPE SAME DIRECTION,DIVIDED - W/MEDIAN (NOT RAISED),NO CONTROLS,FOLLOWING TOO CLOSELY,UNABLE TO DETERMINE,0,0,0,0,10,6,8,1898,WESTERN AVE,41.867845,-87.526679,08/19/2016 10:42:00 AM,2016
CR00025660,12/08/2019 12:13:00 PM,45,CLEAR,DARKNESS,TURNING,DIVIDED - W/MEDIAN (NOT RAISED),TRAFFIC SIGNAL,FAILING TO YIELD RIGHT-OF-WAY,UNABLE TO DETERMINE,0,0,0,0,12,1,12,1321,FULLERTON AVE,41.733548,-87.782601,12/08/2019 12:58:00 PM,2019
CR00025661,08/19/2020 11:14:00 AM,15,CLEAR,DAYLIGHT,REAR END,DIVIDED - W/MEDIAN BARRIER,NO CONTROLS,DRIVING SKILLS/KNOWLEDGE/EXPERIENCE,NOT APPLICABLE,0,0,0,0,11,4,8,2335,STONY ISLAND AVE,41.905633,-87.57054,08/19/2020 12:29:00 PM,2020
CR00025662,03/16/2019 04:23:00 PM,30,RAIN,DAYLIGHT,FIXED OBJECT,NOT DIVIDED,TRAFFIC SIGNAL,IMPROPER OVERTAKING/PASSING,NOT APPLICABLE,0,0,0,0,16,7,3,1038,WESTERN AVE,41.800026,-87.78141,03/16/2019 04:40:00 PM,2019
CR00025663,06/01/2020 06:46:00 AM,35,SNOW,DAYLIGHT,ANGLE,NOT DIVIDED,STOP SIGN/FLASHER,DISTRACTION - FROM INSIDE VEHICLE,UNABLE TO DETERMINE,0,0,0,0,6,2,6,1505,MILWAUKEE AVE,41.756526,-87.633765,06/01/2020 07:40:00 AM,2020
CR00025664,09/09/2017 11:56:00 PM,30,CLEAR,DUSK,REAR END,DIVIDED - W/MEDIAN (NOT RAISED),TRAFFIC SIGNAL,UNABLE TO DETERMINE,UNABLE TO DETERMINE,0,1,3,4,23,7,9,1330,WESTERN AVE,41.838318,-87.607522,09/10/2017 12:38:00 AM,2017
CR00025665,07/13/2020 07:18:00 AM,25,SNOW,DAYLIGHT,ANGLE,DIVIDED - W/MEDIAN (NOT RAISED),NO CONTROLS,DRIVING SKILLS/KNOWLEDGE/EXPERIENCE,DISTRACTION - FROM INSIDE VEHICLE,0,0,0,0,7,2,7,1307,MICHIGAN AVE,41.710339,-87.816402,07/13/2020 08:34:00 AM,2020
CR00025666,08/09/2016 12:44:00 PM,35,FOG/SMOKE/HAZE,DAYLIGHT,FIXED OBJECT,NOT DIVIDED,STOP SIGN/FLASHER,FAILING TO REDUCE SPEED,IMPROPER OVERTAKING/PASSING,0,0,0,0,12,3,8,923,ASHLAND AVE,41.740239,-87.749448,08/09/2016 02:20:00 PM,2016
CR00025667,03/03/2021 06:20:00 PM,35,CLEAR,DAYLIGHT,REAR END,FOUR WAY,NO CONTROLS,UNABLE TO DETERMINE,DISTRACTION - FROM INSIDE VEHICLE,0,0,2,2,18,4,3,168,OGDEN AVE,41.903005,-87.80177,03/03/2021 07:06:00 PM,2021
CR00025668,01/05/2018 07:29:00 AM,40,RAIN,DAYLIGHT,SIDESWIPE SAME DIRECTION,DIVIDED - W/MEDIAN (NOT RAISED),UNKNOWN,UNABLE TO DETERMINE,UNABLE TO DETERMINE,0,0,0,0,7,6,1,1095,MICHIGAN AVE,41.885702,-87.552798,01/05/2018 08:23:00 AM,2018
CR00025669,12/14/2019 07:17:00 PM,15,CLOUDY/OVERCAST,DAYLIGHT,SIDESWIPE SAME DIRECTION,FOUR WAY,NO CONTROLS,DISREGARDING TRAFFIC SIGNALS,WEATHER,0,0,0,0,19,7,12,2273,WESTERN AVE,41.835232,-87.744824,12/14/2019 07:34:00 PM,2019
CR00025670,06/28/2016 02:33:00 PM,45,CLEAR,DARKNESS - LIGHTED ROAD,ANGLE,FOUR WAY,TRAFFIC SIGNAL,UNABLE TO DETERMINE,DRIVING SKILLS/KNOWLEDGE/EXPERIENCE,0,0,0,0,14,3,6,2357,LAKE SHORE DR,41.710646,-87.533541,06/28/2016 03:37:00 PM,2016
CR00025671,10/05/2018 04:30:00 PM,35,CLOUDY/OVERCAST,DARKNESS,TURNING,ONE-WAY,STOP SIGN/FLASHER,FOLLOWING TOO CLOSELY,NOT APPLICABLE,0,0,0,0,16,6,10,986,ASHLAND AVE,41.886072,-87.741486,10/05/2018 04:31:00 PM,2018