CRASH_RECORD_ID,CRASH_DATE,POSTED_SPEED_LIMIT,WEATHER_CONDITION,LIGHTING_CONDITION,FIRST_CRASH_TYPE,TRAFFICWAY_TYPE,TRAFFIC_CONTROL_DEVICE,PRIM_CONTRIBUTORY_CAUSE,SEC_CONTRIBUTORY_CAUSE,INJURIES_FATAL,INJURIES_INCAPACITATING,INJURIES_NON_INCAPACITATING,INJURIES_TOTAL,CRASH_HOUR,CRASH_DAY_OF_WEEK,CRASH_MONTH,BEAT_OF_OCCURRENCE,STREET_NAME,LATITUDE,LONGITUDE,DATE_POLICE_NOTIFIED,year
CR00025672,05/13/2018 07:39:00 AM,30,CLEAR,DAYLIGHT,REAR TO FRONT,NOT DIVIDED,TRAFFIC SIGNAL,DISTRACTION - FROM INSIDE VEHICLE,IMPROPER LANE USAGE,0,0,0,0,7,1,5,1033,DIVISION ST,41.892207,-87.848205,05/13/2018 07:40:00 AM,2018
CR00025673,07/25/2022 04:44:00 PM,30,CLEAR,DUSK,REAR TO FRONT,ONE-WAY,UNKNOWN,IMPROPER LANE USAGE,FAILING TO REDUCE SPEED,0,0,0,0,16,2,7,1774,WESTERN AVE,41.764768,-87.736257,07/25/2022 04:46:00 PM,2022
CR00025674,12/20/2024 01:14:00 AM,15,RAIN,DAYLIGHT,SIDESWIPE SAME DIRECTION,NOT DIVIDED,NO CONTROLS,DRIVING SKILLS/KNOWLEDGE/EXPERIENCE,FAILING TO YIELD RIGHT-OF-WAY,0,0,3,3,1,6,12,2018,79TH ST,41.939902,-87.775285,12/20/2024 01:39:00 AM,2024
CR00025675,11/29/2016 05:00:00 PM,20,CLEAR,DARKNESS - LIGHTED ROAD,SIDESWIPE SAME DIRECTION,FOUR WAY,TRAFFIC SIGNAL,DRIVING SKILLS/KNOWLEDGE/EXPERIENCE,UNABLE TO DETERMINE,0,0,3,3,17,3,11,1832,ARCHER AVE,41.840892,-87.550763,11/29/2016 06:47:00 PM,2016
CR00025676,07/13/2021 07:04:00 AM,30,CLEAR,DUSK,TURNING,NOT DIVIDED,TRAFFIC SIGNAL,DISTRACTION - FROM INSIDE VEHICLE,FOLLOWING TOO CLOSELY,0,0,0,0,7,3,7,572,ASHLAND AVE,41.993175,-87.741507,07/13/2021 07:39:00 AM,2021
CR00025677,06/11/2021 10:09:00 AM,15,CLEAR,DARKNESS - LIGHTED ROAD,REAR END,DIVIDED - W/MEDIAN (NOT RAISED),TRAFFIC SIGNAL,DISTRACTION - FROM INSIDE VEHICLE,DISREGARDING TRAFFIC SIGNALS,0,0,0,0,10,6,6,554,DAMEN AVE,41.701255,-87.61214,06/11/2021 12:02:00 PM,2021
CR00025678,09/05/2019 12:53:00 PM,20,CLEAR,DAYLIGHT,REAR END,NOT DIVIDED,TRAFFIC SIGNAL,DRIVING SKILLS/KNOWLEDGE/EXPERIENCE,IMPROPER OVERTAKING/PASSING,0,0,0,0,12,5,9,1596,IRVING PARK RD,41.985989,-87.689246,09/05/2019 01:32:00 PM,2019
CR00025679,08/07/2015 07:24:00 PM,35,CLEAR,DAYLIGHT,REAR END,ONE-WAY,NO CONTROLS,UNABLE TO DETERMINE,NOT APPLICABLE,0,0,0,0,19,6,8,2011,DAMEN AVE,41.828807,-87.526961,08/07/2015 08:29:00 PM,2015
CR00025680,09/07/2017 12:33:00 PM,40,CLEAR,DAYLIGHT,PARKED MOTOR VEHICLE,NOT DIVIDED,NO CONTROLS,UNABLE TO DETERMINE,UNABLE TO DETERMINE,0,1,1,2,12,5,9,1010,WESTERN AVE,41.877004,-87.824868,09/07/2017 01:58:00 PM,2017
CR00025681,06/03/2015 07:17:00 AM,20,CLEAR,DARKNESS - LIGHTED ROAD,TURNING,NOT DIVIDED,STOP SIGN/FLASHER,FAILING TO YIELD RIGHT-OF-WAY,FOLLOWING TOO CLOSELY,0,0,0,0,7,4,6,1125,BROADWAY,41.778666,-87.608755,06/03/2015 08:04:00 AM,2015
CR00025682,08/26/2015 03:08:00 PM,20,CLEAR,DARKNESS - LIGHTED ROAD,TURNING,FOUR WAY,NO CONTROLS,DISTRACTION - FROM INSIDE VEHICLE,FAILING TO REDUCE SPEED,0,0,0,0,15,4,8,1088,DAMEN AVE,41.713605,-87.76678,08/26/2015 04:39:00 PM,2015
CR00025683,05/19/2017 02:04:00 PM,45,CLEAR,DARKNESS - LIGHTED ROAD,ANGLE,FOUR WAY,STOP SIGN/FLASHER,DRIVING SKILLS/KNOWLEDGE/EXPERIENCE,NOT APPLICABLE,0,1,1,2,14,6,5,768,STONY ISLAND AVE,41.7053,-87.502719,05/19/2017 02:19:00 PM,2017
CR00025684,06/26/2017 07:50:00 AM,30,CLEAR,DAYLIGHT,REAR TO FRONT,ONE-WAY,TRAFFIC SIGNAL,DISREGARDING TRAFFIC SIGNALS,FOLLOWING TOO CLOSELY,0,0,0,0,7,2,6,641,MICHIGAN AVE,41.972941,-87.828895,06/26/2017 08:19:00 AM,2017
CR00025685,01/04/2017 02:49:00 PM,40,CLEAR,DAYLIGHT,REAR END,NOT DIVIDED,NO CONTROLS,DISTRACTION - FROM INSIDE VEHICLE,IMPROPER OVERTAKING/PASSING,0,0,0,0,14,4,1,2168,CALIFORNIA AVE,41.797506,-87.832491,01/04/2017 04:26:00 PM,2017
CR00025686,07/29/2019 05:37:00 PM,35,CLEAR,DUSK,REAR END,NOT DIVIDED,NO CONTROLS,IMPROPER OVERTAKING/PASSING,FAILING TO REDUCE SPEED,0,0,0,0,17,2,7,2531,ELSTON AVE,41.914316,-87.666342,07/29/2019 07:35:00 PM,2019
CR00025687,06/06/2024 10:25:00 AM,35,RAIN,DAYLIGHT,REAR END,NOT DIVIDED,NO CONTROLS,UNABLE TO DETERMINE,IMPROPER OVERTAKING/PASSING,0,0,0,0,10,5,6,1880,CICERO AVE,41.874028,-87.836303,06/06/2024 11:50:00 AM,2024
CR00025688,04/13/2023 03:25:00 PM,15,CLEAR,DARKNESS - LIGHTED ROAD,REAR TO FRONT,NOT DIVIDED,NO CONTROLS,DISREGARDING TRAFFIC SIGNALS,NOT APPLICABLE,0,1,2,3,15,5,4,551,OGDEN AVE,41.711662,-87.662372,04/13/2023 04:30:00 PM,2023
CR00025689,04/15/2023 07:12:00 AM,40,CLOUDY/OVERCAST,DAYLIGHT,PARKED MOTOR VEHICLE,T-INTERSECTION,TRAFFIC SIGNAL,FOLLOWING TOO CLOSELY,FAILING TO YIELD RIGHT-OF-WAY,0,0,0,0,7,7,4,790,CLARK ST,41.779251,-87.64812,04/15/2023 08:41:00 AM,2023
CR00025690,11/19/2017 12:29:00 PM,30,CLEAR,DAYLIGHT,ANGLE,NOT DIVIDED,STOP SIGN/FLASHER,FOLLOWING TOO CLOSELY,IMPROPER LANE USAGE,0,0,0,0,12,1,11,1971,CICERO AVE,41.812455,-87.502351,11/19/2017 01:15:00 PM,2017
CR00025691,03/23/2020 03:19:00 PM,30,CLEAR,DAYLIGHT,TURNING,NOT DIVIDED,TRAFFIC SIGNAL,WEATHER,DISREGARDING TRAFFIC SIGNALS,0,0,0,0,15,2,3,1216,CALIFORNIA AVE,41.831898,-87.63497,03/23/2020 03:46:00 PM,2020
CR00025692,06/23/2016 04:05:00 PM,40,CLEAR,DAYLIGHT,REAR END,DIVIDED - W/MEDIAN BARRIER,UNKNOWN,UNABLE TO DETERMINE,IMPROPER LANE USAGE,0,0,0,0,16,5,6,320,LAKE SHORE DR,41.973414,-87.801554,06/23/2016 04:38:00 PM,2016
CR00025693,02/17/2019 01:32:00 AM,25,CLEAR,DAYLIGHT,REAR END,DIVIDED - W/MEDIAN (NOT RAISED),NO CONTROLS,FAILING TO YIELD RIGHT-OF-WAY,WEATHER,0,0,3,3,1,1,2,130,PULASKI RD,41.871103,-87.717697,02/17/2019 02:35:00 AM,2019
CR00025694,06/04/2016 06:06:00 PM,40,CLEAR,DAWN,PARKED MOTOR VEHICLE,NOT DIVIDED,TRAFFIC SIGNAL,FOLLOWING TOO CLOSELY,UNABLE TO DETERMINE,0,0,0,0,18,7,6,1881,PULASKI RD,41.748306,-87.742024,06/04/2016 07:52:00 PM,2016
CR00025695,06/20/2022 01:40:00 AM,30,CLOUDY/OVERCAST,DAYLIGHT,TURNING,NOT DIVIDED,NO CONTROLS,DISREGARDING TRAFFIC SIGNALS,IMPROPER LANE USAGE,0,0,0,0,1,2,6,1054,CICERO AVE,41.935657,-87.633861,06/20/2022 03:34:00 AM,2022
CR00025696,03/08/2016 04:48:00 PM,45,CLEAR,DAYLIGHT,FIXED OBJECT,NOT DIVIDED,NO CONTROLS,DISREGARDING TRAFFIC SIGNALS,DRIVING SKILLS/KNOWLEDGE/EXPERIENCE,0,0,1,1,16,3,3,417,ELSTON AVE,41.971374,-87.540472,03/08/2016 05:51:00 PM,2016
CR00025697,07/19/2022 07:35:00 PM,45,CLEAR,DAYLIGHT,REAR END,DIVIDED - W/MEDIAN BARRIER,STOP SIGN/FLASHER,WEATHER,DISREGARDING TRAFFIC SIGNALS,0,0,0,0,19,3,7,399,MICHIGAN AVE,41.816482,-87.659645,07/19/2022 08:16:00 PM,2022
CR00025698,01/06/2021 07:09:00 PM,15,RAIN,DAYLIGHT,PEDESTRIAN,ONE-WAY,NO CONTROLS,UNABLE TO DETERMINE,UNABLE TO DETERMINE,0,0,1,1,19,4,1,1914,ROOSEVELT RD,41.786899,-87.749557,01/06/2021 07:33:00 PM,2021
CR00025699,03/26/2024 05:26:00 PM,35,CLEAR,DAYLIGHT,REAR END,NOT DIVIDED,TRAFFIC SIGNAL,FOLLOWING TOO CLOSELY,DISREGARDING TRAFFIC SIGNALS,0,0,0,0,17,3,3,1891,ARCHER AVE,41.740337,-87.735681,03/26/2024 06:14:00 PM,2024
CR00025700,01/13/2017 03:06:00 PM,30,CLEAR,DAYLIGHT,REAR END,ONE-WAY,NO CONTROLS,FOLLOWING TOO CLOSELY,NOT APPLICABLE,0,0,0,0,15,6,1,1849,79TH ST,41.793738,-87.811653,01/13/2017 04:46:00 PM,2017
CR00025701,05/11/2016 05:12:00 AM,35,RAIN,DARKNESS - LIGHTED ROAD,TURNING,ONE-WAY,NO CONTROLS,UNABLE TO DETERMINE,FAILING TO YIELD RIGHT-OF-WAY,0,0,0,0,5,4,5,1482,79TH ST,41.907792,-87.514282,05/11/2016 07:10:00 AM,2016
CR00025702,04/11/2023 01:36:00 PM,25,FOG/SMOKE/HAZE,DARKNESS - LIGHTED ROAD,PEDESTRIAN,NOT DIVIDED,TRAFFIC SIGNAL,UNABLE TO DETERMINE,DISREGARDING TRAFFIC SIGNALS,0,0,0,0,13,3,4,2301,LAKE SHORE DR,41.895037,-87.665699,04/11/2023 02:43:00 PM,2023
CR00025703,09/20/2016 11:37:00 AM,35,CLEAR,DARKNESS - LIGHTED ROAD,TURNING,ONE-WAY,TRAFFIC SIGNAL,FOLLOWING TOO CLOSELY,NOT APPLICABLE,0,0,0,0,11,3,9,2305,STONY ISLAND AVE,41.832639,-87.724258,09/20/2016 01:09:00 PM,2016
CR00025704,12/03/2017 03:38:00 PM,30,CLEAR,DARKNESS - LIGHTED ROAD,REAR END,ONE-WAY,TRAFFIC SIGNAL,FAILING TO YIELD RIGHT-OF-WAY,UNABLE TO DETERMINE,0,0,0,0,15,1,12,2421,ASHLAND AVE,41.893555,-87.84284,12/03/2017 04:20:00 PM,2017
CR00025705,02/23/2018 11:04:00 AM,30,CLEAR,DAYLIGHT,SIDESWIPE SAME DIRECTION,NOT DIVIDED,NO CONTROLS,IMPROPER OVERTAKING/PASSING,FOLLOWING TOO CLOSELY,0,0,0,0,11,6,2,445,KEDZIE AVE,41.704948,-87.503359,02/23/2018 11:16:00 AM,2018
CR00025706,05/31/2019 07:59:00 PM,30,CLEAR,DARKNESS - LIGHTED ROAD,ANGLE,ONE-WAY,TRAFFIC SIGNAL,DISTRACTION - FROM INSIDE VEHICLE,IMPROPER LANE USAGE,1,1,0,2,19,6,5,2041,OGDEN AVE,41.710132,-87.659359,05/31/2019 08:22:00 PM,2019
CR00025707,12/23/2022 09:45:00 AM,35,CLEAR,DUSK,REAR END,FOUR WAY,NO CONTROLS,UNABLE TO DETERMINE,FAILING TO REDUCE SPEED,0,0,0,0,9,6,12,231,79TH ST,41.954885,-87.695332,12/23/2022 11:20:00 AM,2022
CR00025708,04/19/2015 03:52:00 AM,30,CLEAR,DAYLIGHT,FIXED OBJECT,NOT DIVIDED,STOP SIGN/FLASHER,UNABLE TO DETERMINE,FAILING TO YIELD RIGHT-OF-WAY,0,0,0,0,3,1,4,2085,ROOSEVELT RD,41.734159,-87.653525,04/19/2015 04:23:00 AM,2015
CR00025709,04/29/2022 04:04:00 AM,20,CLEAR,DAYLIGHT,FIXED OBJECT,ONE-WAY,NO CONTROLS,FAILING TO YIELD RIGHT-OF-WAY,FAILING TO REDUCE SPEED,0,0,0,0,4,6,4,1036,CLARK ST,41.76884,-87.58959,04/29/2022 05:44:00 AM,2022
CR00025710,11/30/2019 08:29:00 AM,35,CLEAR,DUSK,TURNING,ONE-WAY,NO CONTROLS,UNABLE TO DETERMINE,IMPROPER LANE USAGE,0,0,0,0,8,7,11,2139,ELSTON AVE,41.862284,-87.520807,11/30/2019 09:32:00 AM,2019
CR00025711,08/28/2024 06:58:00 AM,25,SNOW,DAYLIGHT,TURNING,DIVIDED - W/MEDIAN (NOT RAISED),NO CONTROLS,DRIVING SKILLS/KNOWLEDGE/EXPERIENCE,IMPROPER LANE USAGE,0,0,1,1,6,4,8,2339,WESTERN AVE,41.755675,-87.826467,08/28/2024 08:52:00 AM,2024
CR00025712,04/16/2018 07:11:00 PM,40,CLOUDY/OVERCAST,DUSK,REAR END,NOT DIVIDED,NO CONTROLS,UNABLE TO DETERMINE,FAILING TO YIELD RIGHT-OF-WAY,0,0,0,0,19,2,4,799,STATE ST,41.79512,-87.505394,04/16/2018 09:09:00 PM,2018
CR00025713,02/02/2015 08:00:00 AM,30,CLEAR,DAYLIGHT,REAR END,NOT DIVIDED,TRAFFIC SIGNAL,FAILING TO YIELD RIGHT-OF-WAY,UNABLE TO DETERMINE,0,0,0,0,8,2,2,1269,CLARK ST,41.711213,-87.826807,02/02/2015 08:18:00 AM,2015
CR00025714,05/06/2020 11:11:00 AM,40,FREEZING RAIN/DRIZZLE,DAYLIGHT,REAR END,NOT DIVIDED,TRAFFIC SIGNAL,WEATHER,DISREGARDING TRAFFIC SIGNALS,0,0,0,0,11,4,5,1088,ROOSEVELT RD,41.781159,-87.626739,05/06/2020 12:56:00 PM,2020
CR00025715,07/20/2016 11:10:00 AM,25,SNOW,DAYLIGHT,PARKED MOTOR VEHICLE,FOUR WAY,TRAFFIC SIGNAL,UNABLE TO DETERMINE,FAILING TO YIELD RIGHT-OF-WAY,0,0,0,0,11,4,7,1021,ELSTON AVE,41.789515,-87.569439,07/20/2016 12:08:00 PM,2016
CR00025716,10/20/2022 07:27:00 PM,35,CLEAR,DARKNESS - LIGHTED ROAD,PARKED MOTOR VEHICLE,NOT DIVIDED,TRAFFIC SIGNAL,FOLLOWING TOO CLOSELY,UNABLE TO DETERMINE,0,0,0,0,19,5,10,382,ELSTON AVE,41.837075,-87.588282,10/20/2022 09:24:00 PM,2022
CR00025717,04/30/2017 12:06:00 AM,45,CLEAR,DARKNESS - LIGHTED ROAD,REAR END,T-INTERSECTION,TRAFFIC SIGNAL,FAILING TO REDUCE SPEED,DISTRACTION - FROM INSIDE VEHICLE,0,0,1,1,0,1,4,1993,FULLERTON AVE,41.757183,-87.625865,04/30/2017 12:43:00 AM,2017
CR00025718,03/28/2015 10:40:00 AM,35,CLEAR,DAYLIGHT,SIDESWIPE SAME DIRECTION,DIVIDED - W/MEDIAN (NOT RAISED),TRAFFIC SIGNAL,FOLLOWING TOO CLOSELY,WEATHER,0,0,0,0,10,7,3,422,WESTERN AVE,41.995359,-87.638335,03/28/2015 10:55:00 AM,2015
CR00025719,04/19/2015 07:15:00 AM,30,CLEAR,DAYLIGHT,TURNING,DIVIDED - W/MEDIAN BARRIER,STOP SIGN/FLASHER,IMPROPER OVERTAKING/PASSING,FAILING TO YIELD RIGHT-OF-WAY,0,0,0,0,7,1,4,947,ASHLAND AVE,41.765485,-87.813886,04/19/2015 09:09:00 AM,2015
CR00025720,10/18/2015 01:11:00 PM,30,CLEAR,DAYLIGHT,REAR TO FRONT,NOT DIVIDED,NO CONTROLS,FOLLOWING TOO CLOSELY,IMPROPER LANE USAGE,0,0,0,0,13,1,10,1434,63RD ST,41.986379,-87.545915,10/18/2015 01:39:00 PM,2015
CR00025721,03/05/2024 10:07:00 AM,15,CLEAR,DAYLIGHT,REAR END,NOT DIVIDED,NO CONTROLS,FOLLOWING TOO CLOSELY,IMPROPER LANE USAGE,0,0,0,0,10,3,3,1076,KEDZIE AVE,41.946575,-87.645847,03/05/2024 11:13:00 AM,2024
CR00025722,07/05/2023 11:12:00 AM,30,CLEAR,DARKNESS - LIGHTED ROAD,TURNING,FOUR WAY,NO CONTROLS,FOLLOWING TOO CLOSELY,DRIVING SKILLS/KNOWLEDGE/EXPERIENCE,0,0,0,0,11,4,7,2216,CLARK ST,41.956054,-87.693129,07/05/2023 12:55:00 PM,2023
CR00025723,12/11/2024 07:28:00 AM,45,CLEAR,DUSK,FIXED OBJECT,DIVIDED - W/MEDIAN BARRIER,STOP SIGN/FLASHER,FAILING TO REDUCE SPEED,FAILING TO YIELD RIGHT-OF-WAY,0,0,1,1,7,4,12,1209,ELSTON AVE,41.952269,-87.667032,12/11/2024 08:48:00 AM,2024
CR00025724,06/23/2020 09:33:00 AM,15,CLEAR,DAYLIGHT,REAR END,NOT DIVIDED,NO CONTROLS,UNABLE TO DETERMINE,IMPROPER OVERTAKING/PASSING,0,0,0,0,9,3,6,1117,DIVISION ST,41.798943,-87.641573,06/23/2020 10:05:00 AM,2020
CR00025725,05/29/2022 01:08:00 AM,30,CLEAR,DARKNESS - LIGHTED ROAD,SIDESWIPE SAME DIRECTION,ONE-WAY,TRAFFIC SIGNAL,FAILING TO REDUCE SPEED,NOT APPLICABLE,0,0,0,0,1,1,5,384,DIVISION ST,41.82781,-87.58771,05/29/2022 01:10:00 AM,2022
CR00025726,12/30/2023 08:24:00 AM,45,CLEAR,DARKNESS - LIGHTED ROAD,FIXED OBJECT,NOT DIVIDED,NO CONTROLS,UNABLE TO DETERMINE,FAILING TO REDUCE SPEED,0,0,0,0,8,7,12,2107,LAKE SHORE DR,41.700162,-87.603669,12/30/2023 09:24:00 AM,2023
CR00025727,07/12/2019 10:57:00 AM,30,CLEAR,DARKNESS - LIGHTED ROAD,TURNING,DIVIDED - W/MEDIAN (NOT RAISED),TRAFFIC SIGNAL,WEATHER,FAILING TO YIELD RIGHT-OF-WAY,0,2,2,4,10,6,7,254,ROOSEVELT RD,41.761792,-87.635262,07/12/2019 11:03:00 AM,2019
CR00025728,03/06/2016 05:29:00 AM,30,RAIN,DAYLIGHT,SIDESWIPE SAME DIRECTION,ONE-WAY,NO CONTROLS,UNABLE TO DETERMINE,FOLLOWING TOO CLOSELY,0,0,0,0,5,1,3,437,63RD ST,41.925933,-87.801231,03/06/2016 07:26:00 AM,2016
CR00025729,10/29/2020 09:47:00 AM,20,CLEAR,DARKNESS - LIGHTED ROAD,REAR END,DIVIDED - W/MEDIAN BARRIER,STOP SIGN/FLASHER,UNABLE TO DETERMINE,DRIVING SKILLS/KNOWLEDGE/EXPERIENCE,0,0,0,0,9,5,10,427,63RD ST,41.74946,-87.586443,10/29/2020 10:22:00 AM,2020
CR00025730,03/21/2023 08:47:00 PM,30,CLEAR,DAYLIGHT,SIDESWIPE SAME DIRECTION,NOT DIVIDED,NO CONTROLS,FOLLOWING TOO CLOSELY,FOLLOWING TOO CLOSELY,0,0,0,0,20,3,3,576,KEDZIE AVE,41.883444,-87.656068,03/21/2023 09:14:00 PM,2023
CR00025731,01/25/2018 05:56:00 PM,30,CLOUDY/OVERCAST,DARKNESS,REAR END,NOT DIVIDED,TRAFFIC SIGNAL,IMPROPER LANE USAGE,NOT APPLICABLE,0,0,1,1,17,5,1,569,CICERO AVE,41.803473,-87.517384,01/25/2018 07:49:00 PM,2018
CR00025732,06/24/2017 01:20:00 PM,25,RAIN,DAYLIGHT,REAR END,NOT DIVIDED,TRAFFIC SIGNAL,FOLLOWING TOO CLOSELY,IMPROPER LANE USAGE,0,0,0,0,13,7,6,1139,MICHIGAN AVE,41.897226,-87.614549,06/24/2017 02:12:00 PM,2017
CR00025733,06/15/2019 08:38:00 PM,35,RAIN,DAWN,REAR END,NOT DIVIDED,NO CONTROLS,UNABLE TO DETERMINE,NOT APPLICABLE,0,0,0,0,20,7,6,2381,STONY ISLAND AVE,41.825282,-87.599521,06/15/2019 09:35:00 PM,2019
CR00025734,10/25/2019 10:54:00 AM,35,CLOUDY/OVERCAST,DARKNESS - LIGHTED ROAD,REAR END,DIVIDED - W/MEDIAN BARRIER,YIELD,DRIVING SKILLS/KNOWLEDGE/EXPERIENCE,WEATHER,0,0,0,0,10,6,10,2223,LAKE SHORE DR,41.733673,-87.817848,10/25/2019 11:10:00 AM,2019
CR00025735,02/22/2017 09:39:00 AM,30,CLEAR,DARKNESS - LIGHTED ROAD,TURNING,T-INTERSECTION,UNKNOWN,FAILING TO REDUCE SPEED,UNABLE TO DETERMINE,0,0,0,0,9,4,2,1448,ARCHER AVE,41.799166,-87.79983,02/22/2017 10:46:00 AM,2017
CR00025736,09/16/2020 05:49:00 PM,20,CLEAR,DAYLIGHT,REAR END,DIVIDED - W/MEDIAN (NOT RAISED),NO CONTROLS,UNABLE TO DETERMINE,UNABLE TO DETERMINE,0,0,0,0,17,4,9,245,ELSTON AVE,41.941142,-87.587669,09/16/2020 07:23:00 PM,2020
CR00025737,01/28/2015 03:00:00 PM,15,CLEAR,DARKNESS,REAR END,NOT DIVIDED,YIELD,UNABLE TO DETERMINE,NOT APPLICABLE,0,0,0,0,15,4,1,1671,KEDZIE AVE,41.962463,-87.73751,01/28/2015 03:36:00 PM,2015
CR00025738,02/05/2020 06:40:00 PM,25,CLEAR,DAYLIGHT,SIDESWIPE SAME DIRECTION,NOT DIVIDED,NO CONTROLS,FAILING TO YIELD RIGHT-OF-WAY,NOT APPLICABLE,0,0,0,0,18,4,2,445,ASHLAND AVE,41.754204,-87.64269,02/05/2020 07:03:00 PM,2020
CR00025739,11/19/2021 03:01:00 PM,20,FREEZING RAIN/DRIZZLE,DAYLIGHT,TURNING,NOT DIVIDED,NO CONTROLS,FOLLOWING TOO CLOSELY,NOT APPLICABLE,0,0,0,0,15,6,11,1952,STATE ST,41.744305,-87.675426,11/19/2021 03:41:00 PM,2021
CR00025740,04/29/2015 07:27:00 AM,30,RAIN,DAYLIGHT,REAR END,NOT DIVIDED,STOP SIGN/FLASHER,UNABLE TO DETERMINE,NOT APPLICABLE,0,0,0,0,7,4,4,2100,WESTERN AVE,41.875312,-87.573393,04/29/2015 09:20:00 AM,2015
CR00025741,09/13/2020 02:16:00 PM,30,CLEAR,DAYLIGHT,ANGLE,T-INTERSECTION,TRAFFIC SIGNAL,DISTRACTION - FROM INSIDE VEHICLE,UNABLE TO DETERMINE,0,0,0,0,14,1,9,1934,STATE ST,41.801236,-87.786562,09/13/2020 02:52:00 PM,2020
CR00025742,05/21/2023 12:31:00 PM,30,CLEAR,DUSK,REAR END,NOT DIVIDED,STOP SIGN/FLASHER,DISREGARDING TRAFFIC SIGNALS,FAILING TO REDUCE SPEED,0,0,0,0,12,1,5,1337,ASHLAND AVE,41.786283,-87.530676,05/21/2023 02:10:00 PM,2023
CR00025743,04/09/2018 07:54:00 PM,30,CLEAR,DARKNESS - LIGHTED ROAD,TURNING,NOT DIVIDED,NO CONTROLS,DISTRACTION - FROM INSIDE VEHICLE,NOT APPLICABLE,0,0,0,0,19,2,4,1916,79TH ST,41.895778,-87.720544,04/09/2018 09:12:00 PM,2018
CR00025744,07/03/2015 03:34:00 PM,35,CLEAR,DAWN,SIDESWIPE SAME DIRECTION,ONE-WAY,TRAFFIC SIGNAL,DISTRACTION - FROM INSIDE VEHICLE,IMPROPER LANE USAGE,0,0,1,1,15,6,7,2007,DAMEN AVE,41.959131,-87.775839,07/03/2015 03:37:00 PM,2015
CR00025745,03/12/2015 08:38:00 AM,45,CLEAR,DAWN,TURNING,NOT DIVIDED,TRAFFIC SIGNAL,FAILING TO YIELD RIGHT-OF-WAY,FAILING TO YIELD RIGHT-OF-WAY,0,0,0,0,8,5,3,1343,HALSTED ST,41.788892,-87.60019,03/12/2015 09:50:00 AM,2015
CR00025746,08/19/2015 08:29:00 AM,45,RAIN,DAYLIGHT,REAR END,DIVIDED - W/MEDIAN (NOT RAISED),TRAFFIC SIGNAL,FOLLOWING TOO CLOSELY,UNABLE TO DETERMINE,0,0,0,0,8,4,8,111,LAKE SHORE DR,41.893941,-87.749947,08/19/2015 08:56:00 AM,2015
CR00025747,12/17/2024 04:01:00 PM,40,SNOW,DAYLIGHT,PEDESTRIAN,DIVIDED - W/MEDIAN (NOT RAISED),TRAFFIC SIGNAL,IMPROPER OVERTAKING/PASSING,IMPROPER OVERTAKING/PASSING,0,0,0,0,16,3,12,102,KEDZIE AVE,41.705981,-87.813283,12/17/2024 05:13:00 PM,2024
CR00025748,12/30/2015 10:22:00 AM,30,CLEAR,DAYLIGHT,PARKED MOTOR VEHICLE,ONE-WAY,NO CONTROLS,IMPROPER OVERTAKING/PASSING,IMPROPER LANE USAGE,0,2,1,3,10,4,12,931,47TH ST,41.98143,-87.785981,12/30/2015 11:20:00 AM,2015
CR00025749,03/04/2017 02:36:00 AM,25,SNOW,DAYLIGHT,SIDESWIPE SAME DIRECTION,NOT DIVIDED,TRAFFIC SIGNAL,IMPROPER LANE USAGE,FOLLOWING TOO CLOSELY,0,0,0,0,2,7,3,126,MICHIGAN AVE,41.764721,-87.535307,03/04/2017 03:36:00 AM,2017
CR00025750,06/21/2021 08:41:00 AM,35,CLEAR,DAYLIGHT,ANGLE,NOT DIVIDED,TRAFFIC SIGNAL,UNABLE TO DETERMINE,WEATHER,0,0,0,0,8,2,6,1743,CLARK ST,41.965584,-87.564647,06/21/2021 09:21:00 AM,2021
CR00025751,12/14/2024 05:49:00 PM,15,CLEAR,DARKNESS - LIGHTED ROAD,REAR END,NOT DIVIDED,YIELD,FOLLOWING TOO CLOSELY,UNABLE TO DETERMINE,0,0,1,1,17,7,12,585,79TH ST,41.878434,-87.566214,12/14/2024 07:21:00 PM,2024
CR00025752,05/20/2019 06:47:00 PM,25,CLOUDY/OVERCAST,DAYLIGHT,REAR END,ONE-WAY,TRAFFIC SIGNAL,IMPROPER OVERTAKING/PASSING,IMPROPER OVERTAKING/PASSING,0,0,0,0,18,2,5,747,47TH ST,41.969725,-87.647951,05/20/2019 07:49:00 PM,2019
CR00025753,08/26/2015 01:25:00 PM,30,RAIN,DAYLIGHT,ANGLE,NOT DIVIDED,STOP SIGN/FLASHER,DISREGARDING TRAFFIC SIGNALS,UNABLE TO DETERMINE,0,0,0,0,13,4,8,909,STATE ST,41.917375,-87.615696,08/26/2015 03:12:00 PM,2015
CR00025754,07/28/2024 08:24:00 AM,30,CLEAR,DARKNESS - LIGHTED ROAD,TURNING,FOUR WAY,TRAFFIC SIGNAL,UNABLE TO DETERMINE,IMPROPER OVERTAKING/PASSING,0,0,0,0,8,1,7,878,FULLERTON AVE,41.997279,-87.799285,07/28/2024 09:18:00 AM,2024
CR00025755,12/10/2022 07:17:00 AM,40,CLEAR,DAYLIGHT,ANGLE,NOT DIVIDED,TRAFFIC SIGNAL,UNABLE TO DETERMINE,NOT APPLICABLE,0,0,0,0,7,7,12,316,IRVING PARK RD,41.868331,-87.542856,12/10/2022 07:36:00 AM,2022