CRASH_RECORD_ID,CRASH_DATE,POSTED_SPEED_LIMIT,WEATHER_CONDITION,LIGHTING_CONDITION,FIRST_CRASH_TYPE,TRAFFICWAY_TYPE,TRAFFIC_CONTROL_DEVICE,PRIM_CONTRIBUTORY_CAUSE,SEC_CONTRIBUTORY_CAUSE,INJURIES_FATAL,INJURIES_INCAPACITATING,INJURIES_NON_INCAPACITATING,INJURIES_TOTAL,CRASH_HOUR,CRASH_DAY_OF_WEEK,CRASH_MONTH,BEAT_OF_OCCURRENCE,STREET_NAME,LATITUDE,LONGITUDE,DATE_POLICE_NOTIFIED,year
CR00025756,05/26/2016 08:34:00 AM,30,CLEAR,DAYLIGHT,REAR END,NOT DIVIDED,TRAFFIC SIGNAL,IMPROPER LANE USAGE,FAILING TO YIELD RIGHT-OF-WAY,0,0,0,0,8,5,5,1294,WESTERN AVE,41.988932,-87.577569,05/26/2016 10:06:00 AM,2016
CR00025757,10/10/2017 10:28:00 AM,30,CLEAR,DAYLIGHT,TURNING,DIVIDED - W/MEDIAN (NOT RAISED),YIELD,FAILING TO YIELD RIGHT-OF-WAY,FAILING TO YIELD RIGHT-OF-WAY,0,0,1,1,10,3,10,1721,ELSTON AVE,41.907353,-87.557422,10/10/2017 10:30:00 AM,2017
CR00025758,11/19/2015 03:35:00 PM,15,CLEAR,DARKNESS,REAR END,NOT DIVIDED,NO CONTROLS,DISTRACTION - FROM INSIDE VEHICLE,DRIVING SKILLS/KNOWLEDGE/EXPERIENCE,0,0,0,0,15,5,11,1509,FULLERTON AVE,41.817197,-87.710098,11/19/2015 04:31:00 PM,2015
CR00025759,01/15/2017 11:17:00 AM,35,CLOUDY/OVERCAST,DAYLIGHT,SIDESWIPE SAME DIRECTION,NOT DIVIDED,NO CONTROLS,FAILING TO REDUCE SPEED,UNABLE TO DETERMINE,0,0,0,0,11,1,1,152,CLARK ST,41.893194,-87.536648,01/15/2017 11:45:00 AM,2017
CR00025760,01/05/2017 09:41:00 AM,30,CLOUDY/OVERCAST,DAYLIGHT,REAR TO FRONT,NOT DIVIDED,TRAFFIC SIGNAL,UNABLE TO DETERMINE,DISREGARDING TRAFFIC SIGNALS,0,0,1,1,9,5,1,1856,CLARK ST,41.725432,-87.84951,01/05/2017 11:33:00 AM,2017
CR00025761,08/02/2022 09:46:00 AM,35,CLEAR,DARKNESS - LIGHTED ROAD,REAR END,NOT DIVIDED,STOP SIGN/FLASHER,UNABLE TO DETERMINE,UNABLE TO DETERMINE,0,0,0,0,9,3,8,1807,DIVISION ST,41.856357,-87.687947,08/02/2022 11:45:00 AM,2022
CR00025762,08/01/2022 03:05:00 PM,15,CLEAR,DARKNESS,FIXED OBJECT,ONE-WAY,NO CONTROLS,FAILING TO YIELD RIGHT-OF-WAY,FOLLOWING TOO CLOSELY,0,0,0,0,15,2,8,1502,CALIFORNIA AVE,41.962535,-87.514804,08/01/2022 03:35:00 PM,2022
CR00025763,10/17/2020 11:21:00 AM,35,CLEAR,DAYLIGHT,SIDESWIPE SAME DIRECTION,NOT DIVIDED,NO CONTROLS,FAILING TO REDUCE SPEED,IMPROPER OVERTAKING/PASSING,0,0,0,0,11,7,10,488,PULASKI RD,41.761582,-87.713209,10/17/2020 12:51:00 PM,2020
CR00025764,06/29/2021 06:23:00 PM,45,RAIN,DARKNESS - LIGHTED ROAD,ANGLE,NOT DIVIDED,NO CONTROLS,FOLLOWING TOO CLOSELY,NOT APPLICABLE,0,0,0,0,18,3,6,2049,BROADWAY,41.960317,-87.574995,06/29/2021 06:49:00 PM,2021
CR00025765,08/15/2024 09:17:00 AM,45,CLEAR,DAYLIGHT,REAR TO FRONT,NOT DIVIDED,TRAFFIC SIGNAL,UNABLE TO DETERMINE,IMPROPER OVERTAKING/PASSING,0,0,0,0,9,5,8,1473,47TH ST,41.832411,-87.50563,08/15/2024 10:05:00 AM,2024
CR00025766,12/05/2021 03:57:00 PM,35,RAIN,DARKNESS - LIGHTED ROAD,REAR TO FRONT,NOT DIVIDED,NO CONTROLS,FAILING TO REDUCE SPEED,IMPROPER LANE USAGE,0,0,1,1,15,1,12,739,MILWAUKEE AVE,41.909546,-87.738141,12/05/2021 05:21:00 PM,2021
CR00025767,05/14/2024 08:52:00 AM,25,CLEAR,DUSK,SIDESWIPE SAME DIRECTION,NOT DIVIDED,YIELD,UNABLE TO DETERMINE,UNABLE TO DETERMINE,0,0,0,0,8,3,5,2535,MICHIGAN AVE,41.845966,-87.682501,05/14/2024 09:49:00 AM,2024
CR00025768,09/24/2015 06:37:00 PM,35,CLEAR,DARKNESS - LIGHTED ROAD,PEDESTRIAN,NOT DIVIDED,NO CONTROLS,UNABLE TO DETERMINE,IMPROPER OVERTAKING/PASSING,0,0,0,0,18,5,9,917,ARCHER AVE,41.787037,-87.658709,09/24/2015 07:32:00 PM,2015
CR00025769,08/17/2019 12:49:00 PM,45,CLEAR,DAYLIGHT,SIDESWIPE SAME DIRECTION,NOT DIVIDED,YIELD,UNABLE TO DETERMINE,DRIVING SKILLS/KNOWLEDGE/EXPERIENCE,0,0,0,0,12,7,8,238,HALSTED ST,41.822595,-87.598302,08/17/2019 12:55:00 PM,2019
CR00025770,12/04/2021 11:28:00 AM,30,CLOUDY/OVERCAST,DAYLIGHT,PEDESTRIAN,NOT DIVIDED,UNKNOWN,WEATHER,UNABLE TO DETERMINE,0,0,0,0,11,7,12,2021,CICERO AVE,41.975296,-87.846402,12/04/2021 11:33:00 AM,2021
CR00025771,06/11/2020 01:13:00 PM,30,CLEAR,DAYLIGHT,PEDESTRIAN,DIVIDED - W/MEDIAN BARRIER,TRAFFIC SIGNAL,UNABLE TO DETERMINE,NOT APPLICABLE,0,0,0,0,13,5,6,2045,MILWAUKEE AVE,41.931894,-87.644956,06/11/2020 02:37:00 PM,2020
CR00025772,09/23/2024 04:06:00 PM,30,CLEAR,DARKNESS - LIGHTED ROAD,SIDESWIPE SAME DIRECTION,NOT DIVIDED,STOP SIGN/FLASHER,DISREGARDING TRAFFIC SIGNALS,UNABLE TO DETERMINE,0,0,0,0,16,2,9,1382,63RD ST,41.836854,-87.735318,09/23/2024 05:27:00 PM,2024
CR00025773,09/15/2016 12:39:00 AM,45,CLEAR,DAYLIGHT,ANGLE,DIVIDED - W/MEDIAN BARRIER,NO CONTROLS,IMPROPER LANE USAGE,NOT APPLICABLE,0,0,0,0,0,5,9,1391,DIVISION ST,41.80778,-87.571994,09/15/2016 02:01:00 AM,2016
CR00025774,07/17/2015 04:12:00 PM,35,CLOUDY/OVERCAST,DAWN,TURNING,DIVIDED - W/MEDIAN (NOT RAISED),TRAFFIC SIGNAL,DISREGARDING TRAFFIC SIGNALS,DRIVING SKILLS/KNOWLEDGE/EXPERIENCE,0,0,0,0,16,6,7,2026,BROADWAY,41.906049,-87.655819,07/17/2015 04:42:00 PM,2015
CR00025775,07/06/2021 11:49:00 AM,45,CLEAR,DARKNESS - LIGHTED ROAD,REAR END,NOT DIVIDED,STOP SIGN/FLASHER,UNABLE TO DETERMINE,FAILING TO YIELD RIGHT-OF-WAY,0,0,0,0,11,3,7,2349,CALIFORNIA AVE,41.870279,-87.574071,07/06/2021 01:07:00 PM,2021
CR00025776,07/11/2019 09:37:00 AM,25,SNOW,DAYLIGHT,REAR END,ONE-WAY,NO CONTROLS,IMPROPER LANE USAGE,UNABLE TO DETERMINE,0,0,1,1,9,5,7,1338,CALIFORNIA AVE,41.824819,-87.536541,07/11/2019 10:08:00 AM,2019
CR00025777,11/24/2018 01:35:00 PM,35,RAIN,DAYLIGHT,ANGLE,FOUR WAY,STOP SIGN/FLASHER,FAILING TO REDUCE SPEED,DRIVING SKILLS/KNOWLEDGE/EXPERIENCE,0,0,0,0,13,7,11,302,ELSTON AVE,41.85513,-87.515067,11/24/2018 02:34:00 PM,2018
CR00025778,01/12/2019 02:40:00 PM,20,FREEZING RAIN/DRIZZLE,DAYLIGHT,ANGLE,NOT DIVIDED,TRAFFIC SIGNAL,FAILING TO YIELD RIGHT-OF-WAY,FOLLOWING TOO CLOSELY,0,0,0,0,14,7,1,1281,79TH ST,41.737856,-87.583463,01/12/2019 04:19:00 PM,2019
CR00025779,10/08/2023 08:27:00 PM,15,CLOUDY/OVERCAST,DAYLIGHT,ANGLE,DIVIDED - W/MEDIAN BARRIER,NO CONTROLS,IMPROPER LANE USAGE,FOLLOWING TOO CLOSELY,0,0,0,0,20,1,10,264,DAMEN AVE,41.84716,-87.680378,10/08/2023 08:42:00 PM,2023
CR00025780,05/21/2021 03:46:00 PM,40,CLEAR,DAYLIGHT,REAR END,T-INTERSECTION,TRAFFIC SIGNAL,DISTRACTION - FROM INSIDE VEHICLE,UNABLE TO DETERMINE,0,0,0,0,15,6,5,1074,STONY ISLAND AVE,41.88017,-87.776692,05/21/2021 04:35:00 PM,2021
CR00025781,07/20/2015 11:18:00 AM,35,CLEAR,DAYLIGHT,REAR TO FRONT,NOT DIVIDED,NO CONTROLS,DRIVING SKILLS/KNOWLEDGE/EXPERIENCE,NOT APPLICABLE,0,2,0,2,11,2,7,522,BROADWAY,41.882761,-87.802801,07/20/2015 11:22:00 AM,2015
CR00025782,10/28/2018 09:07:00 AM,30,CLEAR,DAYLIGHT,FIXED OBJECT,ONE-WAY,UNKNOWN,FAILING TO YIELD RIGHT-OF-WAY,IMPROPER OVERTAKING/PASSING,0,0,2,2,9,1,10,976,79TH ST,41.74564,-87.631321,10/28/2018 10:56:00 AM,2018
CR00025783,02/01/2023 03:17:00 PM,30,CLEAR,DAYLIGHT,REAR END,T-INTERSECTION,TRAFFIC SIGNAL,DISTRACTION - FROM INSIDE VEHICLE,FAILING TO REDUCE SPEED,0,0,0,0,15,4,2,1894,DIVISION ST,41.869856,-87.549698,02/01/2023 03:48:00 PM,2023
CR00025784,11/24/2016 04:18:00 PM,30,CLEAR,DARKNESS - LIGHTED ROAD,SIDESWIPE SAME DIRECTION,NOT DIVIDED,STOP SIGN/FLASHER,DISTRACTION - FROM INSIDE VEHICLE,UNABLE TO DETERMINE,0,0,0,0,16,5,11,1331,MILWAUKEE AVE,41.771064,-87.748518,11/24/2016 05:40:00 PM,2016
CR00025785,02/04/2015 04:07:00 PM,45,FREEZING RAIN/DRIZZLE,DAYLIGHT,SIDESWIPE SAME DIRECTION,NOT DIVIDED,TRAFFIC SIGNAL,FAILING TO YIELD RIGHT-OF-WAY,FAILING TO YIELD RIGHT-OF-WAY,0,0,0,0,16,4,2,2061,HALSTED ST,41.727566,-87.511374,02/04/2015 04:17:00 PM,2015
CR00025786,01/30/2018 05:20:00 PM,45,RAIN,DAYLIGHT,TURNING,DIVIDED - W/MEDIAN BARRIER,UNKNOWN,FOLLOWING TOO CLOSELY,FAILING TO YIELD RIGHT-OF-WAY,0,2,1,3,17,3,1,897,BROADWAY,41.730699,-87.615991,01/30/2018 06:16:00 PM,2018
CR00025787,10/26/2018 01:38:00 PM,40,CLEAR,DAYLIGHT,REAR TO FRONT,NOT DIVIDED,NO CONTROLS,UNABLE TO DETERMINE,NOT APPLICABLE,0,0,0,0,13,6,10,1084,ROOSEVELT RD,41.878948,-87.552436,10/26/2018 02:35:00 PM,2018
CR00025788,02/03/2020 03:43:00 AM,40,SNOW,DARKNESS - LIGHTED ROAD,ANGLE,NOT DIVIDED,TRAFFIC SIGNAL,UNABLE TO DETERMINE,NOT APPLICABLE,0,0,0,0,3,2,2,827,CALIFORNIA AVE,41.920986,-87.628867,02/03/2020 04:56:00 AM,2020
CR00025789,05/12/2018 06:39:00 PM,35,CLOUDY/OVERCAST,DARKNESS - LIGHTED ROAD,REAR END,FOUR WAY,TRAFFIC SIGNAL,FAILING TO YIELD RIGHT-OF-WAY,NOT APPLICABLE,0,0,0,0,18,7,5,999,HALSTED ST,41.91555,-87.509818,05/12/2018 07:59:00 PM,2018
CR00025790,10/12/2017 09:13:00 AM,45,CLEAR,DARKNESS,REAR END,NOT DIVIDED,UNKNOWN,UNABLE TO DETERMINE,IMPROPER OVERTAKING/PASSING,0,0,0,0,9,5,10,168,KEDZIE AVE,41.878645,-87.528469,10/12/2017 10:28:00 AM,2017
CR00025791,02/13/2024 04:35:00 PM,30,CLEAR,DARKNESS,REAR END,DIVIDED - W/MEDIAN (NOT RAISED),NO CONTROLS,DISTRACTION - FROM INSIDE VEHICLE,DISREGARDING TRAFFIC SIGNALS,0,0,0,0,16,3,2,2286,WESTERN AVE,41.903073,-87.504371,02/13/2024 05:36:00 PM,2024
CR00025792,10/14/2018 04:28:00 AM,15,RAIN,DAYLIGHT,REAR END,ONE-WAY,NO CONTROLS,IMPROPER LANE USAGE,FOLLOWING TOO CLOSELY,0,0,2,2,4,1,10,782,MICHIGAN AVE,41.958977,-87.573937,10/14/2018 04:32:00 AM,2018
CR00025793,05/06/2022 04:16:00 PM,25,CLEAR,DAYLIGHT,ANGLE,NOT DIVIDED,NO CONTROLS,FAILING TO REDUCE SPEED,IMPROPER LANE USAGE,0,0,0,0,16,6,5,2342,ASHLAND AVE,41.753729,-87.681179,05/06/2022 04:57:00 PM,2022
CR00025794,05/02/2023 12:43:00 AM,25,CLEAR,DAYLIGHT,TURNING,DIVIDED - W/MEDIAN BARRIER,TRAFFIC SIGNAL,FAILING TO YIELD RIGHT-OF-WAY,FAILING TO REDUCE SPEED,0,0,3,3,0,3,5,1607,CLARK ST,41.745109,-87.720873,05/02/2023 01:57:00 AM,2023
CR00025795,02/10/2024 05:03:00 PM,40,CLEAR,DARKNESS,SIDESWIPE SAME DIRECTION,ONE-WAY,YIELD,FOLLOWING TOO CLOSELY,UNABLE TO DETERMINE,0,0,0,0,17,7,2,2352,BROADWAY,41.884869,-87.767122,02/10/2024 06:12:00 PM,2024
CR00025796,01/04/2018 08:03:00 PM,20,CLEAR,DAYLIGHT,TURNING,DIVIDED - W/MEDIAN (NOT RAISED),YIELD,IMPROPER OVERTAKING/PASSING,UNABLE TO DETERMINE,0,0,0,0,20,5,1,1594,DIVISION ST,41.944917,-87.582417,01/04/2018 08:33:00 PM,2018
CR00025797,08/28/2017 07:11:00 AM,30,CLEAR,DAYLIGHT,TURNING,NOT DIVIDED,TRAFFIC SIGNAL,FAILING TO REDUCE SPEED,DISREGARDING TRAFFIC SIGNALS,0,0,0,0,7,2,8,1119,FULLERTON AVE,41.918639,-87.566489,08/28/2017 08:15:00 AM,2017
CR00025798,08/04/2019 11:16:00 AM,25,SNOW,DARKNESS - LIGHTED ROAD,ANGLE,NOT DIVIDED,NO CONTROLS,IMPROPER OVERTAKING/PASSING,UNABLE TO DETERMINE,0,0,0,0,11,1,8,2200,DAMEN AVE,41.902809,-87.643847,08/04/2019 01:03:00 PM,2019
CR00025799,03/05/2016 07:19:00 PM,35,CLEAR,DAYLIGHT,TURNING,ONE-WAY,STOP SIGN/FLASHER,UNABLE TO DETERMINE,FAILING TO YIELD RIGHT-OF-WAY,0,0,0,0,19,7,3,1774,PULASKI RD,41.992247,-87.710523,03/05/2016 09:04:00 PM,2016
CR00025800,05/14/2018 07:50:00 PM,45,CLEAR,DAYLIGHT,TURNING,NOT DIVIDED,NO CONTROLS,WEATHER,DISTRACTION - FROM INSIDE VEHICLE,0,0,0,0,19,2,5,1054,LAKE SHORE DR,41.766966,-87.570312,05/14/2018 08:00:00 PM,2018
CR00025801,08/12/2022 06:22:00 PM,40,RAIN,DAYLIGHT,REAR END,ONE-WAY,TRAFFIC SIGNAL,UNABLE TO DETERMINE,DRIVING SKILLS/KNOWLEDGE/EXPERIENCE,0,0,1,1,18,6,8,2198,ROOSEVELT RD,41.904625,-87.687604,08/12/2022 07:18:00 PM,2022
CR00025802,11/12/2024 07:22:00 AM,20,RAIN,DARKNESS - LIGHTED ROAD,REAR END,NOT DIVIDED,NO CONTROLS,UNABLE TO DETERMINE,FAILING TO REDUCE SPEED,0,0,1,1,7,3,11,2467,CICERO AVE,41.703168,-87.669165,11/12/2024 09:20:00 AM,2024
CR00025803,05/17/2020 10:36:00 PM,15,SNOW,DARKNESS - LIGHTED ROAD,PEDESTRIAN,ONE-WAY,NO CONTROLS,IMPROPER LANE USAGE,UNABLE TO DETERMINE,0,0,0,0,22,1,5,1453,79TH ST,41.849559,-87.694838,05/17/2020 10:56:00 PM,2020
CR00025804,08/23/2018 10:31:00 PM,30,CLOUDY/OVERCAST,DAYLIGHT,REAR END,NOT DIVIDED,NO CONTROLS,FAILING TO REDUCE SPEED,NOT APPLICABLE,0,0,0,0,22,5,8,1711,47TH ST,41.913743,-87.663042,08/23/2018 11:42:00 PM,2018
CR00025805,08/08/2022 09:27:00 AM,30,RAIN,DARKNESS - LIGHTED ROAD,REAR END,FOUR WAY,YIELD,FAILING TO REDUCE SPEED,NOT APPLICABLE,0,0,0,0,9,2,8,255,STONY ISLAND AVE,41.958233,-87.83509,08/08/2022 10:12:00 AM,2022
CR00025806,04/01/2019 02:57:00 PM,25,CLEAR,DAYLIGHT,PARKED MOTOR VEHICLE,FOUR WAY,NO CONTROLS,FAILING TO YIELD RIGHT-OF-WAY,FOLLOWING TOO CLOSELY,0,0,0,0,14,2,4,137,KEDZIE AVE,41.841167,-87.665687,04/01/2019 03:56:00 PM,2019
CR00025807,09/17/2024 05:09:00 PM,35,RAIN,DAYLIGHT,SIDESWIPE SAME DIRECTION,FOUR WAY,TRAFFIC SIGNAL,FAILING TO REDUCE SPEED,IMPROPER LANE USAGE,0,0,0,0,17,3,9,1915,LAKE SHORE DR,41.735777,-87.838003,09/17/2024 05:26:00 PM,2024
CR00025808,08/09/2024 09:56:00 AM,35,CLEAR,DAYLIGHT,REAR END,NOT DIVIDED,TRAFFIC SIGNAL,UNABLE TO DETERMINE,UNABLE TO DETERMINE,0,0,3,3,9,6,8,1027,KEDZIE AVE,41.853278,-87.686445,08/09/2024 11:36:00 AM,2024
CR00025809,12/05/2022 12:49:00 PM,30,CLEAR,DAYLIGHT,REAR TO FRONT,NOT DIVIDED,TRAFFIC SIGNAL,IMPROPER LANE USAGE,NOT APPLICABLE,0,0,0,0,12,2,12,2518,LAKE SHORE DR,41.778636,-87.630102,12/05/2022 02:03:00 PM,2022
CR00025810,01/16/2016 04:45:00 PM,20,RAIN,DAYLIGHT,REAR END,FOUR WAY,TRAFFIC SIGNAL,FOLLOWING TOO CLOSELY,NOT APPLICABLE,0,0,0,0,16,7,1,458,PULASKI RD,41.800185,-87.667919,01/16/2016 04:57:00 PM,2016
CR00025811,02/17/2019 11:06:00 AM,15,CLOUDY/OVERCAST,DAYLIGHT,PARKED MOTOR VEHICLE,NOT DIVIDED,TRAFFIC SIGNAL,UNABLE TO DETERMINE,DISREGARDING TRAFFIC SIGNALS,0,0,0,0,11,1,2,1025,MICHIGAN AVE,41.712999,-87.655571,02/17/2019 11:23:00 AM,2019
CR00025812,03/12/2022 11:50:00 PM,45,CLEAR,DARKNESS - LIGHTED ROAD,TURNING,T-INTERSECTION,TRAFFIC SIGNAL,UNABLE TO DETERMINE,IMPROPER OVERTAKING/PASSING,0,0,0,0,23,7,3,1538,DAMEN AVE,41.761328,-87.74363,03/13/2022 12:55:00 AM,2022
CR00025813,02/10/2022 08:17:00 AM,20,CLEAR,DAYLIGHT,REAR END,ONE-WAY,UNKNOWN,UNABLE TO DETERMINE,NOT APPLICABLE,0,0,0,0,8,5,2,957,STONY ISLAND AVE,41.991902,-87.725773,02/10/2022 09:25:00 AM,2022
CR00025814,05/18/2024 03:04:00 PM,15,CLEAR,DAYLIGHT,SIDESWIPE SAME DIRECTION,NOT DIVIDED,TRAFFIC SIGNAL,DISTRACTION - FROM INSIDE VEHICLE,FOLLOWING TOO CLOSELY,0,0,0,0,15,7,5,1168,DIVISION ST,41.990927,-87.674395,05/18/2024 04:00:00 PM,2024
CR00025815,09/25/2018 12:51:00 PM,20,CLEAR,DAYLIGHT,REAR END,ONE-WAY,NO CONTROLS,IMPROPER LANE USAGE,FAILING TO YIELD RIGHT-OF-WAY,0,0,0,0,12,3,9,1424,FULLERTON AVE,41.95773,-87.781777,09/25/2018 01:23:00 PM,2018
CR00025816,12/04/2019 09:50:00 AM,35,SNOW,DARKNESS - LIGHTED ROAD,ANGLE,DIVIDED - W/MEDIAN (NOT RAISED),STOP SIGN/FLASHER,UNABLE TO DETERMINE,NOT APPLICABLE,0,0,0,0,9,4,12,327,STONY ISLAND AVE,41.879806,-87.662771,12/04/2019 11:11:00 AM,2019
CR00025817,06/15/2023 07:25:00 PM,35,CLEAR,DAYLIGHT,TURNING,NOT DIVIDED,NO CONTROLS,DISTRACTION - FROM INSIDE VEHICLE,NOT APPLICABLE,0,0,1,1,19,5,6,2389,BROADWAY,41.724905,-87.694268,06/15/2023 08:14:00 PM,2023
CR00025818,06/14/2015 07:39:00 PM,35,CLEAR,DARKNESS - LIGHTED ROAD,REAR END,NOT DIVIDED,NO CONTROLS,IMPROPER OVERTAKING/PASSING,NOT APPLICABLE,0,0,3,3,19,1,6,1549,ROOSEVELT RD,41.903391,-87.652824,06/14/2015 07:57:00 PM,2015
CR00025819,04/22/2024 02:38:00 AM,15,CLEAR,DAYLIGHT,ANGLE,NOT DIVIDED,NO CONTROLS,FOLLOWING TOO CLOSELY,IMPROPER OVERTAKING/PASSING,0,0,0,0,2,2,4,431,CALIFORNIA AVE,41.814746,-87.800356,04/22/2024 04:07:00 AM,2024
CR00025820,08/27/2015 01:44:00 AM,35,CLEAR,DAYLIGHT,FIXED OBJECT,NOT DIVIDED,NO CONTROLS,DRIVING SKILLS/KNOWLEDGE/EXPERIENCE,DRIVING SKILLS/KNOWLEDGE/EXPERIENCE,0,0,0,0,1,5,8,333,STATE ST,41.746896,-87.518486,08/27/2015 03:17:00 AM,2015
CR00025821,01/30/2024 04:25:00 PM,30,CLEAR,DARKNESS - LIGHTED ROAD,REAR TO FRONT,DIVIDED - W/MEDIAN (NOT RAISED),TRAFFIC SIGNAL,UNABLE TO DETERMINE,DISTRACTION - FROM INSIDE VEHICLE,0,0,0,0,16,3,1,307,ARCHER AVE,41.847459,-87.680319,01/30/2024 04:34:00 PM,2024
CR00025822,09/15/2019 02:49:00 PM,25,CLOUDY/OVERCAST,DARKNESS - LIGHTED ROAD,TURNING,DIVIDED - W/MEDIAN (NOT RAISED),NO CONTROLS,UNABLE TO DETERMINE,UNABLE TO DETERMINE,0,0,0,0,14,1,9,1529,79TH ST,41.895973,-87.792435,09/15/2019 03:58:00 PM,2019
CR00025823,03/18/2016 03:52:00 PM,30,CLEAR,DARKNESS,FIXED OBJECT,NOT DIVIDED,TRAFFIC SIGNAL,DISREGARDING TRAFFIC SIGNALS,WEATHER,0,0,0,0,15,6,3,909,MILWAUKEE AVE,41.814168,-87.723359,03/18/2016 05:08:00 PM,2016
CR00025824,01/15/2018 07:54:00 AM,25,CLEAR,DAYLIGHT,REAR END,NOT DIVIDED,NO CONTROLS,FOLLOWING TOO CLOSELY,UNABLE TO DETERMINE,0,0,0,0,7,2,1,1269,KEDZIE AVE,41.828152,-87.616976,01/15/2018 09:46:00 AM,2018
CR00025825,04/26/2016 06:43:00 PM,40,CLEAR,DAYLIGHT,ANGLE,T-INTERSECTION,TRAFFIC SIGNAL,FOLLOWING TOO CLOSELY,FAILING TO YIELD RIGHT-OF-WAY,0,0,0,0,18,3,4,251,CICERO AVE,41.710266,-87.590087,04/26/2016 08:12:00 PM,2016
CR00025826,09/27/2024 12:22:00 AM,35,RAIN,DAYLIGHT,ANGLE,DIVIDED - W/MEDIAN (NOT RAISED),NO CONTROLS,DISTRACTION - FROM INSIDE VEHICLE,NOT APPLICABLE,0,0,0,0,0,6,9,746,STONY ISLAND AVE,41.867277,-87.618515,09/27/2024 01:30:00 AM,2024
CR00025827,05/10/2015 02:02:00 AM,35,CLEAR,DARKNESS - LIGHTED ROAD,TURNING,DIVIDED - W/MEDIAN BARRIER,NO CONTROLS,UNABLE TO DETERMINE,FAILING TO YIELD RIGHT-OF-WAY,0,0,1,1,2,1,5,2055,79TH ST,41.761711,-87.794436,05/10/2015 03:26:00 AM,2015
CR00025828,03/16/2015 06:25:00 PM,30,RAIN,DARKNESS - LIGHTED ROAD,PARKED MOTOR VEHICLE,NOT DIVIDED,PEDESTRIAN CROSSING SIGN,DRIVING SKILLS/KNOWLEDGE/EXPERIENCE,UNABLE TO DETERMINE,0,0,0,0,18,2,3,2165,79TH ST,41.788976,-87.691793,03/16/2015 07:24:00 PM,2015
CR00025829,11/16/2015 11:21:00 AM,25,CLEAR,DARKNESS - LIGHTED ROAD,REAR END,DIVIDED - W/MEDIAN (NOT RAISED),STOP SIGN/FLASHER,UNABLE TO DETERMINE,FAILING TO REDUCE SPEED,0,0,0,0,11,2,11,1647,63RD ST,41.848415,-87.525955,11/16/2015 12:41:00 PM,2015
CR00025830,06/14/2022 05:14:00 PM,35,CLEAR,DAYLIGHT,REAR END,ONE-WAY,TRAFFIC SIGNAL,DRIVING SKILLS/KNOWLEDGE/EXPERIENCE,IMPROPER LANE USAGE,0,0,0,0,17,3,6,744,ELSTON AVE,41.730968,-87.834051,06/14/2022 07:14:00 PM,2022
CR00025831,10/29/2015 03:58:00 PM,35,CLEAR,DARKNESS - LIGHTED ROAD,TURNING,DIVIDED - W/MEDIAN (NOT RAISED),NO CONTROLS,IMPROPER OVERTAKING/PASSING,DISTRACTION - FROM INSIDE VEHICLE,0,0,1,1,15,5,10,280,FULLERTON AVE,41.907831,-87.591011,10/29/2015 05:42:00 PM,2015
CR00025832,07/15/2018 04:09:00 PM,25,CLEAR,DARKNESS - LIGHTED ROAD,ANGLE,NOT DIVIDED,STOP SIGN/FLASHER,FAILING TO YIELD RIGHT-OF-WAY,FOLLOWING TOO CLOSELY,0,0,0,0,16,1,7,2521,LAKE SHORE DR,41.815834,-87.548011,07/15/2018 04:56:00 PM,2018
CR00025833,11/23/2024 08:25:00 AM,15,FOG/SMOKE/HAZE,DAYLIGHT,REAR TO FRONT,NOT DIVIDED,TRAFFIC SIGNAL,UNABLE TO DETERMINE,FAILING TO YIELD RIGHT-OF-WAY,0,0,0,0,8,7,11,937,ASHLAND AVE,41.718981,-87.764826,11/23/2024 09:05:00 AM,2024
CR00025834,01/26/2020 05:50:00 PM,25,CLEAR,DAYLIGHT,TURNING,ONE-WAY,TRAFFIC SIGNAL,FAILING TO REDUCE SPEED,IMPROPER LANE USAGE,0,0,0,0,17,1,1,1178,DIVISION ST,41.718031,-87.832316,01/26/2020 06:49:00 PM,2020
CR00025835,05/14/2020 03:00:00 PM,15,RAIN,DAYLIGHT,FIXED OBJECT,NOT DIVIDED,STOP SIGN/FLASHER,FAILING TO YIELD RIGHT-OF-WAY,UNABLE TO DETERMINE,0,0,0,0,15,5,5,918,FULLERTON AVE,41.998445,-87.539672,05/14/2020 03:30:00 PM,2020
CR00025836,06/19/2022 11:57:00 PM,35,CLEAR,DAYLIGHT,TURNING,ONE-WAY,NO CONTROLS,FAILING TO YIELD RIGHT-OF-WAY,FAILING TO YIELD RIGHT-OF-WAY,0,0,0,0,23,1,6,1155,DAMEN AVE,41.806377,-87.706487,06/20/2022 01:28:00 AM,2022
CR00025837,12/03/2023 05:44:00 AM,30,RAIN,DARKNESS - LIGHTED ROAD,FIXED OBJECT,NOT DIVIDED,NO CONTROLS,UNABLE TO DETERMINE,UNABLE TO DETERMINE,0,0,0,0,5,1,12,1923,MILWAUKEE AVE,41.705902,-87.68184,12/03/2023 07:16:00 AM,2023
CR00025838,01/19/2016 10:46:00 AM,25,CLEAR,DARKNESS - LIGHTED ROAD,REAR END,FOUR WAY,NO CONTROLS,UNABLE TO DETERMINE,NOT APPLICABLE,0,0,0,0,10,3,1,931,CLARK ST,41.760537,-87.66166,01/19/2016 11:18:00 AM,2016