CRASH_RECORD_ID,CRASH_DATE,POSTED_SPEED_LIMIT,WEATHER_CONDITION,LIGHTING_CONDITION,FIRST_CRASH_TYPE,TRAFFICWAY_TYPE,TRAFFIC_CONTROL_DEVICE,PRIM_CONTRIBUTORY_CAUSE,SEC_CONTRIBUTORY_CAUSE,INJURIES_FATAL,INJURIES_INCAPACITATING,INJURIES_NON_INCAPACITATING,INJURIES_TOTAL,CRASH_HOUR,CRASH_DAY_OF_WEEK,CRASH_MONTH,BEAT_OF_OCCURRENCE,STREET_NAME,LATITUDE,LONGITUDE,DATE_POLICE_NOTIFIED,year
CR00025839,09/18/2017 12:51:00 AM,20,CLEAR,DAYLIGHT,PEDESTRIAN,T-INTERSECTION,TRAFFIC SIGNAL,FAILING TO YIELD RIGHT-OF-WAY,NOT APPLICABLE,0,0,0,0,0,2,9,1405,IRVING PARK RD,41.835594,-87.66145,09/18/2017 01:26:00 AM,2017
CR00025840,10/13/2017 04:12:00 PM,30,CLOUDY/OVERCAST,DUSK,PARKED MOTOR VEHICLE,DIVIDED - W/MEDIAN (NOT RAISED),STOP SIGN/FLASHER,UNABLE TO DETERMINE,UNABLE TO DETERMINE,0,0,1,1,16,6,10,960,FULLERTON AVE,41.760087,-87.694993,10/13/2017 06:05:00 PM,2017
CR00025841,08/23/2022 04:57:00 PM,35,RAIN,DARKNESS - LIGHTED ROAD,PARKED MOTOR VEHICLE,NOT DIVIDED,UNKNOWN,UNABLE TO DETERMINE,IMPROPER LANE USAGE,0,0,0,0,16,3,8,1059,ROOSEVELT RD,41.764925,-87.517483,08/23/2022 06:14:00 PM,2022
CR00025842,08/12/2024 03:33:00 PM,15,CLOUDY/OVERCAST,DARKNESS - LIGHTED ROAD,SIDESWIPE SAME DIRECTION,DIVIDED - W/MEDIAN (NOT RAISED),TRAFFIC SIGNAL,DISTRACTION - FROM INSIDE VEHICLE,DRIVING SKILLS/KNOWLEDGE/EXPERIENCE,0,0,0,0,15,2,8,916,CLARK ST,41.916343,-87.604648,08/12/2024 05:20:00 PM,2024
CR00025843,10/27/2020 01:56:00 PM,30,CLEAR,DAYLIGHT,REAR END,DIVIDED - W/MEDIAN BARRIER,NO CONTROLS,UNABLE TO DETERMINE,UNABLE TO DETERMINE,0,0,0,0,13,3,10,1292,DIVISION ST,41.912352,-87.824492,10/27/2020 02:00:00 PM,2020
CR00025844,09/06/2018 07:26:00 PM,20,CLEAR,DAYLIGHT,ANGLE,NOT DIVIDED,NO CONTROLS,IMPROPER OVERTAKING/PASSING,NOT APPLICABLE,0,0,0,0,19,5,9,2206,IRVING PARK RD,41.932657,-87.623456,09/06/2018 07:46:00 PM,2018
CR00025845,09/05/2022 07:48:00 PM,30,CLOUDY/OVERCAST,DAYLIGHT,ANGLE,NOT DIVIDED,UNKNOWN,DISREGARDING TRAFFIC SIGNALS,UNABLE TO DETERMINE,0,0,1,1,19,2,9,1047,79TH ST,41.815429,-87.61533,09/05/2022 08:23:00 PM,2022
CR00025846,04/07/2015 04:01:00 PM,45,CLOUDY/OVERCAST,DARKNESS,REAR TO FRONT,NOT DIVIDED,STOP SIGN/FLASHER,IMPROPER LANE USAGE,FOLLOWING TOO CLOSELY,0,0,0,0,16,3,4,1454,KEDZIE AVE,41.75826,-87.667581,04/07/2015 05:42:00 PM,2015
CR00025847,11/05/2024 07:35:00 PM,20,CLEAR,DAWN,REAR END,ONE-WAY,NO CONTROLS,UNABLE TO DETERMINE,NOT APPLICABLE,0,0,0,0,19,3,11,1797,FULLERTON AVE,41.775569,-87.656046,11/05/2024 07:49:00 PM,2024
CR00025848,05/08/2022 12:49:00 PM,30,CLEAR,DAYLIGHT,REAR END,NOT DIVIDED,NO CONTROLS,IMPROPER OVERTAKING/PASSING,FOLLOWING TOO CLOSELY,0,0,0,0,12,1,5,1399,LAKE SHORE DR,41.930958,-87.756912,05/08/2022 12:52:00 PM,2022
CR00025849,01/28/2023 04:27:00 PM,35,CLEAR,DAYLIGHT,REAR END,T-INTERSECTION,UNKNOWN,IMPROPER OVERTAKING/PASSING,FOLLOWING TOO CLOSELY,0,0,0,0,16,7,1,1535,BROADWAY,41.840846,-87.56013,01/28/2023 05:29:00 PM,2023
CR00025850,03/25/2017 08:10:00 PM,35,SNOW,DAYLIGHT,TURNING,NOT DIVIDED,UNKNOWN,FAILING TO YIELD RIGHT-OF-WAY,FOLLOWING TOO CLOSELY,0,0,0,0,20,7,3,986,79TH ST,41.843578,-87.517039,03/25/2017 09:17:00 PM,2017
CR00025851,03/21/2017 07:42:00 PM,40,CLEAR,DAYLIGHT,REAR TO FRONT,DIVIDED - W/MEDIAN (NOT RAISED),TRAFFIC SIGNAL,UNABLE TO DETERMINE,FAILING TO REDUCE SPEED,0,0,0,0,19,3,3,320,OGDEN AVE,41.939042,-87.822672,03/21/2017 08:00:00 PM,2017
CR00025852,05/17/2016 03:17:00 PM,15,CLEAR,DARKNESS - LIGHTED ROAD,TURNING,T-INTERSECTION,NO CONTROLS,UNABLE TO DETERMINE,FOLLOWING TOO CLOSELY,0,0,0,0,15,3,5,688,MILWAUKEE AVE,41.722064,-87.73269,05/17/2016 04:04:00 PM,2016
CR00025853,11/13/2021 11:18:00 PM,20,CLEAR,DAYLIGHT,TURNING,DIVIDED - W/MEDIAN (NOT RAISED),TRAFFIC SIGNAL,IMPROPER OVERTAKING/PASSING,FAILING TO YIELD RIGHT-OF-WAY,0,0,1,1,23,7,11,1668,FULLERTON AVE,41.759838,-87.72348,11/14/2021 12:24:00 AM,2021
CR00025854,02/16/2020 06:06:00 PM,45,CLOUDY/OVERCAST,DAYLIGHT,FIXED OBJECT,DIVIDED - W/MEDIAN (NOT RAISED),NO CONTROLS,UNABLE TO DETERMINE,FAILING TO YIELD RIGHT-OF-WAY,0,0,3,3,18,1,2,2533,CICERO AVE,41.886277,-87.589386,02/16/2020 06:27:00 PM,2020
CR00025855,06/04/2016 05:17:00 PM,30,RAIN,DAYLIGHT,ANGLE,NOT DIVIDED,NO CONTROLS,FAILING TO YIELD RIGHT-OF-WAY,NOT APPLICABLE,0,0,0,0,17,7,6,1907,ASHLAND AVE,41.709045,-87.800869,06/04/2016 05:19:00 PM,2016
CR00025856,04/16/2015 08:26:00 AM,30,RAIN,DUSK,ANGLE,NOT DIVIDED,NO CONTROLS,IMPROPER OVERTAKING/PASSING,DISREGARDING TRAFFIC SIGNALS,0,0,0,0,8,5,4,586,ASHLAND AVE,41.769091,-87.50314,04/16/2015 08:35:00 AM,2015
CR00025857,02/22/2020 04:01:00 PM,15,CLEAR,DARKNESS - LIGHTED ROAD,SIDESWIPE SAME DIRECTION,NOT DIVIDED,TRAFFIC SIGNAL,DRIVING SKILLS/KNOWLEDGE/EXPERIENCE,NOT APPLICABLE,0,0,0,0,16,7,2,2263,WESTERN AVE,41.893932,-87.540758,02/22/2020 04:07:00 PM,2020
CR00025858,07/17/2017 07:05:00 AM,35,CLEAR,DAWN,REAR END,DIVIDED - W/MEDIAN BARRIER,TRAFFIC SIGNAL,FOLLOWING TOO CLOSELY,FOLLOWING TOO CLOSELY,0,0,0,0,7,2,7,540,FULLERTON AVE,41.996977,-87.585267,07/17/2017 08:56:00 AM,2017
CR00025859,11/24/2023 08:01:00 PM,40,CLEAR,DAYLIGHT,SIDESWIPE SAME DIRECTION,DIVIDED - W/MEDIAN BARRIER,TRAFFIC SIGNAL,FOLLOWING TOO CLOSELY,UNABLE TO DETERMINE,0,0,0,0,20,6,11,1459,CLARK ST,41.841408,-87.593248,11/24/2023 08:16:00 PM,2023
CR00025860,10/11/2019 10:30:00 AM,40,CLEAR,DARKNESS - LIGHTED ROAD,TURNING,DIVIDED - W/MEDIAN BARRIER,NO CONTROLS,UNABLE TO DETERMINE,IMPROPER LANE USAGE,0,0,0,0,10,6,10,1683,MICHIGAN AVE,41.893878,-87.784624,10/11/2019 11:59:00 AM,2019
CR00025861,04/16/2023 12:08:00 AM,40,CLOUDY/OVERCAST,DARKNESS - LIGHTED ROAD,PARKED MOTOR VEHICLE,DIVIDED - W/MEDIAN (NOT RAISED),TRAFFIC SIGNAL,UNABLE TO DETERMINE,IMPROPER OVERTAKING/PASSING,0,0,0,0,0,1,4,487,OGDEN AVE,41.719092,-87.530975,04/16/2023 12:24:00 AM,2023
CR00025862,10/28/2019 07:56:00 AM,30,CLOUDY/OVERCAST,DAYLIGHT,REAR END,T-INTERSECTION,UNKNOWN,FAILING TO REDUCE SPEED,UNABLE TO DETERMINE,0,0,0,0,7,2,10,130,ARCHER AVE,41.858713,-87.535937,10/28/2019 09:12:00 AM,2019
CR00025863,03/23/2023 02:23:00 PM,30,CLEAR,DAYLIGHT,TURNING,ONE-WAY,NO CONTROLS,FOLLOWING TOO CLOSELY,FOLLOWING TOO CLOSELY,0,1,2,3,14,5,3,1832,DAMEN AVE,41.974552,-87.567625,03/23/2023 03:16:00 PM,2023
CR00025864,08/14/2020 06:22:00 PM,30,CLEAR,DAYLIGHT,SIDESWIPE SAME DIRECTION,T-INTERSECTION,PEDESTRIAN CROSSING SIGN,WEATHER,DISTRACTION - FROM INSIDE VEHICLE,0,0,0,0,18,6,8,2249,ASHLAND AVE,41.888569,-87.743798,08/14/2020 07:02:00 PM,2020
CR00025865,10/16/2019 03:13:00 PM,20,CLEAR,DAYLIGHT,REAR END,DIVIDED - W/MEDIAN (NOT RAISED),STOP SIGN/FLASHER,UNABLE TO DETERMINE,UNABLE TO DETERMINE,0,0,0,0,15,4,10,1813,MICHIGAN AVE,41.746451,-87.598811,10/16/2019 05:00:00 PM,2019
CR00025866,12/18/2022 12:24:00 AM,25,CLEAR,DAYLIGHT,SIDESWIPE SAME DIRECTION,NOT DIVIDED,TRAFFIC SIGNAL,DRIVING SKILLS/KNOWLEDGE/EXPERIENCE,FAILING TO REDUCE SPEED,0,0,0,0,0,1,12,1902,WESTERN AVE,41.836399,-87.69327,12/18/2022 01:42:00 AM,2022
CR00025867,01/13/2016 05:25:00 PM,30,CLEAR,DARKNESS - LIGHTED ROAD,REAR END,NOT DIVIDED,NO CONTROLS,IMPROPER LANE USAGE,FAILING TO REDUCE SPEED,0,0,0,0,17,4,1,518,STONY ISLAND AVE,41.786017,-87.538793,01/13/2016 06:43:00 PM,2016
CR00025868,09/29/2021 01:09:00 PM,40,CLEAR,DARKNESS - LIGHTED ROAD,ANGLE,DIVIDED - W/MEDIAN BARRIER,NO CONTROLS,IMPROPER OVERTAKING/PASSING,IMPROPER OVERTAKING/PASSING,0,0,0,0,13,4,9,922,FULLERTON AVE,41.914926,-87.780241,09/29/2021 01:24:00 PM,2021
CR00025869,03/20/2019 05:04:00 PM,25,RAIN,DARKNESS - LIGHTED ROAD,REAR END,ONE-WAY,NO CONTROLS,UNABLE TO DETERMINE,UNABLE TO DETERMINE,0,1,3,4,17,4,3,925,CLARK ST,41.746578,-87.561535,03/20/2019 06:49:00 PM,2019
CR00025870,06/14/2021 12:33:00 AM,30,CLEAR,DARKNESS - LIGHTED ROAD,REAR END,T-INTERSECTION,NO CONTROLS,IMPROPER OVERTAKING/PASSING,FAILING TO REDUCE SPEED,0,0,0,0,0,2,6,1129,PULASKI RD,41.745643,-87.752482,06/14/2021 01:18:00 AM,2021
CR00025871,08/07/2020 07:17:00 PM,20,CLEAR,DAYLIGHT,ANGLE,FOUR WAY,STOP SIGN/FLASHER,WEATHER,IMPROPER LANE USAGE,0,0,2,2,19,6,8,2316,ARCHER AVE,41.857465,-87.731154,08/07/2020 09:01:00 PM,2020
CR00025872,05/23/2015 04:39:00 PM,20,CLEAR,DARKNESS - LIGHTED ROAD,SIDESWIPE SAME DIRECTION,NOT DIVIDED,NO CONTROLS,UNABLE TO DETERMINE,IMPROPER OVERTAKING/PASSING,0,0,0,0,16,7,5,1457,63RD ST,41.805989,-87.724057,05/23/2015 06:22:00 PM,2015
CR00025873,12/14/2023 06:14:00 PM,15,CLEAR,DAYLIGHT,SIDESWIPE SAME DIRECTION,DIVIDED - W/MEDIAN (NOT RAISED),TRAFFIC SIGNAL,FAILING TO YIELD RIGHT-OF-WAY,DRIVING SKILLS/KNOWLEDGE/EXPERIENCE,0,0,0,0,18,5,12,842,79TH ST,41.701221,-87.508785,12/14/2023 07:21:00 PM,2023
CR00025874,05/05/2024 09:47:00 AM,20,RAIN,DAYLIGHT,PEDESTRIAN,NOT DIVIDED,STOP SIGN/FLASHER,FAILING TO YIELD RIGHT-OF-WAY,FAILING TO YIELD RIGHT-OF-WAY,0,0,2,2,9,1,5,2122,ROOSEVELT RD,41.95848,-87.839928,05/05/2024 09:51:00 AM,2024
CR00025875,03/12/2016 04:30:00 AM,35,CLEAR,DAYLIGHT,SIDESWIPE SAME DIRECTION,DIVIDED - W/MEDIAN (NOT RAISED),TRAFFIC SIGNAL,DISREGARDING TRAFFIC SIGNALS,FOLLOWING TOO CLOSELY,0,0,0,0,4,7,3,1115,BROADWAY,41.700207,-87.655047,03/12/2016 05:56:00 AM,2016
CR00025876,09/04/2018 03:07:00 PM,25,CLEAR,DARKNESS,TURNING,DIVIDED - W/MEDIAN (NOT RAISED),TRAFFIC SIGNAL,FOLLOWING TOO CLOSELY,DRIVING SKILLS/KNOWLEDGE/EXPERIENCE,0,0,0,0,15,3,9,209,79TH ST,41.929221,-87.622234,09/04/2018 04:00:00 PM,2018
CR00025877,09/18/2021 09:45:00 AM,30,CLEAR,DAYLIGHT,SIDESWIPE SAME DIRECTION,NOT DIVIDED,TRAFFIC SIGNAL,DRIVING SKILLS/KNOWLEDGE/EXPERIENCE,FAILING TO YIELD RIGHT-OF-WAY,0,0,0,0,9,7,9,1380,ELSTON AVE,41.921695,-87.566297,09/18/2021 11:36:00 AM,2021
CR00025878,07/12/2015 01:00:00 PM,25,CLEAR,DAYLIGHT,SIDESWIPE SAME DIRECTION,DIVIDED - W/MEDIAN (NOT RAISED),NO CONTROLS,UNABLE TO DETERMINE,FAILING TO YIELD RIGHT-OF-WAY,0,0,3,3,13,1,7,1466,47TH ST,41.735371,-87.773851,07/12/2015 02:37:00 PM,2015
CR00025879,12/14/2015 05:24:00 PM,25,CLEAR,DARKNESS - LIGHTED ROAD,PARKED MOTOR VEHICLE,DIVIDED - W/MEDIAN (NOT RAISED),TRAFFIC SIGNAL,DRIVING SKILLS/KNOWLEDGE/EXPERIENCE,NOT APPLICABLE,0,0,0,0,17,2,12,597,DAMEN AVE,41.870823,-87.727791,12/14/2015 07:03:00 PM,2015
CR00025880,09/03/2020 10:13:00 AM,30,CLEAR,DAYLIGHT,REAR TO FRONT,DIVIDED - W/MEDIAN (NOT RAISED),TRAFFIC SIGNAL,UNABLE TO DETERMINE,UNABLE TO DETERMINE,0,0,0,0,10,5,9,2113,79TH ST,41.910865,-87.561331,09/03/2020 10:42:00 AM,2020
CR00025881,01/11/2024 12:46:00 PM,30,CLEAR,DAYLIGHT,REAR END,NOT DIVIDED,UNKNOWN,UNABLE TO DETERMINE,NOT APPLICABLE,0,0,0,0,12,5,1,1271,WESTERN AVE,41.892299,-87.673368,01/11/2024 02:38:00 PM,2024
CR00025882,06/19/2022 05:38:00 PM,15,CLEAR,DAYLIGHT,TURNING,FOUR WAY,NO CONTROLS,UNABLE TO DETERMINE,NOT APPLICABLE,0,0,0,0,17,1,6,412,BROADWAY,41.710754,-87.663816,06/19/2022 07:27:00 PM,2022
CR00025883,02/01/2020 07:19:00 AM,45,FREEZING RAIN/DRIZZLE,DAYLIGHT,REAR END,NOT DIVIDED,STOP SIGN/FLASHER,DISTRACTION - FROM INSIDE VEHICLE,UNABLE TO DETERMINE,0,0,0,0,7,7,2,2397,WESTERN AVE,41.848709,-87.759457,02/01/2020 08:43:00 AM,2020
CR00025884,07/30/2016 02:04:00 PM,35,CLEAR,DAYLIGHT,ANGLE,NOT DIVIDED,TRAFFIC SIGNAL,FOLLOWING TOO CLOSELY,UNABLE TO DETERMINE,0,0,3,3,14,7,7,306,PULASKI RD,41.886222,-87.7824,07/30/2016 03:00:00 PM,2016
CR00025885,03/23/2022 02:28:00 PM,40,CLEAR,DAYLIGHT,REAR END,NOT DIVIDED,TRAFFIC SIGNAL,FAILING TO REDUCE SPEED,DISREGARDING TRAFFIC SIGNALS,0,0,0,0,14,4,3,1628,HALSTED ST,41.80429,-87.683888,03/23/2022 03:41:00 PM,2022
CR00025886,08/23/2019 07:17:00 PM,45,CLEAR,DARKNESS - LIGHTED ROAD,REAR END,FOUR WAY,UNKNOWN,DRIVING SKILLS/KNOWLEDGE/EXPERIENCE,NOT APPLICABLE,0,2,1,3,19,6,8,2532,STONY ISLAND AVE,41.931281,-87.774808,08/23/2019 09:08:00 PM,2019
CR00025887,09/17/2023 10:42:00 AM,25,CLEAR,DUSK,REAR END,FOUR WAY,TRAFFIC SIGNAL,UNABLE TO DETERMINE,IMPROPER OVERTAKING/PASSING,0,0,0,0,10,1,9,959,STONY ISLAND AVE,41.968588,-87.571875,09/17/2023 11:45:00 AM,2023
CR00025888,12/13/2017 04:24:00 PM,15,CLEAR,DAYLIGHT,REAR TO FRONT,NOT DIVIDED,YIELD,UNABLE TO DETERMINE,UNABLE TO DETERMINE,0,0,0,0,16,4,12,1785,CLARK ST,41.764703,-87.648352,12/13/2017 05:05:00 PM,2017
CR00025889,08/27/2020 08:55:00 PM,35,CLEAR,DAYLIGHT,TURNING,NOT DIVIDED,TRAFFIC SIGNAL,IMPROPER OVERTAKING/PASSING,FOLLOWING TOO CLOSELY,0,0,0,0,20,5,8,1805,DIVISION ST,41.740105,-87.557968,08/27/2020 09:49:00 PM,2020
CR00025890,02/21/2017 09:20:00 AM,35,CLEAR,DAYLIGHT,SIDESWIPE SAME DIRECTION,ONE-WAY,NO CONTROLS,IMPROPER OVERTAKING/PASSING,WEATHER,0,0,0,0,9,3,2,2413,STATE ST,41.97957,-87.529522,02/21/2017 10:32:00 AM,2017
CR00025891,01/12/2017 12:32:00 AM,45,CLEAR,DUSK,PARKED MOTOR VEHICLE,T-INTERSECTION,TRAFFIC SIGNAL,UNABLE TO DETERMINE,NOT APPLICABLE,0,0,1,1,0,5,1,1269,FULLERTON AVE,41.902749,-87.632467,01/12/2017 01:52:00 AM,2017
CR00025892,03/15/2024 10:54:00 PM,30,SNOW,DAYLIGHT,REAR END,FOUR WAY,TRAFFIC SIGNAL,IMPROPER LANE USAGE,FOLLOWING TOO CLOSELY,0,1,1,2,22,6,3,301,79TH ST,41.810015,-87.724121,03/16/2024 12:44:00 AM,2024
CR00025893,02/06/2020 05:10:00 PM,30,FOG/SMOKE/HAZE,DAYLIGHT,SIDESWIPE SAME DIRECTION,DIVIDED - W/MEDIAN (NOT RAISED),STOP SIGN/FLASHER,IMPROPER LANE USAGE,IMPROPER LANE USAGE,0,2,1,3,17,5,2,1126,MILWAUKEE AVE,41.946163,-87.774775,02/06/2020 06:20:00 PM,2020
CR00025894,11/13/2017 05:58:00 PM,30,CLEAR,DAYLIGHT,REAR END,NOT DIVIDED,TRAFFIC SIGNAL,FOLLOWING TOO CLOSELY,WEATHER,0,0,0,0,17,2,11,517,WESTERN AVE,41.9142,-87.772458,11/13/2017 06:37:00 PM,2017
CR00025895,10/19/2022 11:06:00 PM,35,SNOW,DARKNESS - LIGHTED ROAD,TURNING,NOT DIVIDED,NO CONTROLS,FAILING TO YIELD RIGHT-OF-WAY,FAILING TO YIELD RIGHT-OF-WAY,0,0,3,3,23,4,10,2244,LAKE SHORE DR,41.764848,-87.78033,10/19/2022 11:31:00 PM,2022
CR00025896,03/28/2015 10:58:00 AM,15,CLEAR,DAYLIGHT,REAR END,DIVIDED - W/MEDIAN BARRIER,YIELD,DRIVING SKILLS/KNOWLEDGE/EXPERIENCE,UNABLE TO DETERMINE,0,0,1,1,10,7,3,382,ELSTON AVE,41.913878,-87.776421,03/28/2015 12:32:00 PM,2015
CR00025897,08/30/2020 11:07:00 AM,15,CLEAR,DARKNESS - LIGHTED ROAD,TURNING,DIVIDED - W/MEDIAN BARRIER,TRAFFIC SIGNAL,FAILING TO YIELD RIGHT-OF-WAY,IMPROPER LANE USAGE,0,0,0,0,11,1,8,862,CALIFORNIA AVE,41.991088,-87.731553,08/30/2020 12:36:00 PM,2020
CR00025898,07/25/2023 10:02:00 AM,35,CLOUDY/OVERCAST,DUSK,SIDESWIPE SAME DIRECTION,NOT DIVIDED,TRAFFIC SIGNAL,DISTRACTION - FROM INSIDE VEHICLE,FOLLOWING TOO CLOSELY,0,0,1,1,10,3,7,1400,MICHIGAN AVE,41.722112,-87.545564,07/25/2023 10:39:00 AM,2023
CR00025899,10/09/2018 03:35:00 PM,30,CLEAR,DAYLIGHT,REAR END,T-INTERSECTION,NO CONTROLS,IMPROPER LANE USAGE,UNABLE TO DETERMINE,0,0,1,1,15,3,10,677,KEDZIE AVE,41.986896,-87.607201,10/09/2018 05:07:00 PM,2018
CR00025900,01/25/2022 06:54:00 AM,30,CLOUDY/OVERCAST,DAYLIGHT,SIDESWIPE SAME DIRECTION,DIVIDED - W/MEDIAN (NOT RAISED),UNKNOWN,UNABLE TO DETERMINE,FOLLOWING TOO CLOSELY,0,0,1,1,6,3,1,951,HALSTED ST,41.839087,-87.804721,01/25/2022 08:14:00 AM,2022
CR00025901,04/22/2024 08:17:00 AM,30,RAIN,DAYLIGHT,REAR END,DIVIDED - W/MEDIAN BARRIER,PEDESTRIAN CROSSING SIGN,DISTRACTION - FROM INSIDE VEHICLE,UNABLE TO DETERMINE,0,0,0,0,8,2,4,2035,63RD ST,41.745376,-87.541569,04/22/2024 10:09:00 AM,2024
CR00025902,11/26/2023 05:41:00 AM,25,CLEAR,DAYLIGHT,REAR END,DIVIDED - W/MEDIAN BARRIER,TRAFFIC SIGNAL,FOLLOWING TOO CLOSELY,DRIVING SKILLS/KNOWLEDGE/EXPERIENCE,0,0,1,1,5,1,11,1814,MILWAUKEE AVE,41.930856,-87.665862,11/26/2023 05:48:00 AM,2023
CR00025903,10/11/2020 09:25:00 AM,30,CLEAR,DARKNESS - LIGHTED ROAD,TURNING,NOT DIVIDED,NO CONTROLS,IMPROPER LANE USAGE,FOLLOWING TOO CLOSELY,0,0,0,0,9,1,10,405,FULLERTON AVE,41.892108,-87.781286,10/11/2020 09:36:00 AM,2020
CR00025904,11/20/2015 08:27:00 AM,30,CLEAR,DAYLIGHT,REAR END,NOT DIVIDED,NO CONTROLS,DISREGARDING TRAFFIC SIGNALS,DRIVING SKILLS/KNOWLEDGE/EXPERIENCE,0,0,0,0,8,6,11,2081,FULLERTON AVE,41.709278,-87.827478,11/20/2015 09:02:00 AM,2015
CR00025905,07/16/2016 03:53:00 PM,30,CLEAR,DAYLIGHT,ANGLE,DIVIDED - W/MEDIAN (NOT RAISED),TRAFFIC SIGNAL,DISTRACTION - FROM INSIDE VEHICLE,FAILING TO YIELD RIGHT-OF-WAY,0,0,0,0,15,7,7,1252,STATE ST,41.86287,-87.75902,07/16/2016 04:24:00 PM,2016
CR00025906,06/01/2018 08:12:00 AM,30,CLEAR,DAYLIGHT,TURNING,DIVIDED - W/MEDIAN (NOT RAISED),UNKNOWN,WEATHER,FOLLOWING TOO CLOSELY,0,0,3,3,8,6,6,1090,MICHIGAN AVE,41.826109,-87.828659,06/01/2018 09:33:00 AM,2018
CR00025907,02/19/2024 09:08:00 PM,25,CLEAR,DAYLIGHT,ANGLE,DIVIDED - W/MEDIAN (NOT RAISED),TRAFFIC SIGNAL,FAILING TO REDUCE SPEED,FOLLOWING TOO CLOSELY,0,0,0,0,21,2,2,1972,79TH ST,41.897267,-87.679808,02/19/2024 10:21:00 PM,2024
CR00025908,09/22/2018 12:57:00 PM,35,CLEAR,DARKNESS - LIGHTED ROAD,ANGLE,ONE-WAY,STOP SIGN/FLASHER,UNABLE TO DETERMINE,FOLLOWING TOO CLOSELY,0,0,0,0,12,7,9,920,79TH ST,41.942517,-87.577692,09/22/2018 01:19:00 PM,2018
CR00025909,03/25/2016 12:32:00 PM,30,SNOW,DARKNESS - LIGHTED ROAD,REAR TO FRONT,DIVIDED - W/MEDIAN (NOT RAISED),TRAFFIC SIGNAL,UNABLE TO DETERMINE,WEATHER,0,0,0,0,12,6,3,508,ARCHER AVE,41.723631,-87.728134,03/25/2016 01:20:00 PM,2016
CR00025910,10/29/2017 11:28:00 PM,30,CLEAR,DARKNESS - LIGHTED ROAD,REAR END,NOT DIVIDED,YIELD,FOLLOWING TOO CLOSELY,UNABLE TO DETERMINE,0,0,0,0,23,1,10,338,LAKE SHORE DR,41.854654,-87.693315,10/30/2017 12:12:00 AM,2017
CR00025911,05/12/2020 08:53:00 PM,45,CLOUDY/OVERCAST,DARKNESS - LIGHTED ROAD,REAR TO FRONT,DIVIDED - W/MEDIAN (NOT RAISED),TRAFFIC SIGNAL,IMPROPER LANE USAGE,DISTRACTION - FROM INSIDE VEHICLE,0,0,0,0,20,3,5,1700,79TH ST,41.962455,-87.625945,05/12/2020 10:17:00 PM,2020
CR00025912,07/31/2019 01:17:00 PM,15,CLEAR,DUSK,ANGLE,DIVIDED - W/MEDIAN BARRIER,NO CONTROLS,FOLLOWING TOO CLOSELY,NOT APPLICABLE,0,1,1,2,13,4,7,190,ELSTON AVE,41.876079,-87.798315,07/31/2019 02:08:00 PM,2019
CR00025913,05/15/2024 10:26:00 AM,45,RAIN,DAYLIGHT,REAR END,NOT DIVIDED,NO CONTROLS,UNABLE TO DETERMINE,DISREGARDING TRAFFIC SIGNALS,0,0,0,0,10,4,5,1485,MICHIGAN AVE,41.936204,-87.728529,05/15/2024 10:48:00 AM,2024
CR00025914,11/21/2024 05:34:00 PM,45,RAIN,DAYLIGHT,REAR END,ONE-WAY,NO CONTROLS,UNABLE TO DETERMINE,IMPROPER OVERTAKING/PASSING,0,0,0,0,17,5,11,1310,63RD ST,41.931874,-87.694972,11/21/2024 06:32:00 PM,2024
CR00025915,12/20/2023 03:12:00 PM,30,CLEAR,DARKNESS,FIXED OBJECT,NOT DIVIDED,TRAFFIC SIGNAL,DISTRACTION - FROM INSIDE VEHICLE,NOT APPLICABLE,0,0,0,0,15,4,12,1025,CALIFORNIA AVE,41.946743,-87.650496,12/20/2023 04:18:00 PM,2023
CR00025916,05/12/2015 09:51:00 AM,15,CLEAR,DAYLIGHT,ANGLE,ONE-WAY,NO CONTROLS,UNABLE TO DETERMINE,UNABLE TO DETERMINE,0,0,0,0,9,3,5,963,KEDZIE AVE,41.901234,-87.649828,05/12/2015 11:22:00 AM,2015
CR00025917,02/07/2018 07:59:00 PM,25,CLEAR,DAYLIGHT,SIDESWIPE SAME DIRECTION,DIVIDED - W/MEDIAN (NOT RAISED),NO CONTROLS,DISTRACTION - FROM INSIDE VEHICLE,FOLLOWING TOO CLOSELY,0,0,0,0,19,4,2,357,IRVING PARK RD,41.762297,-87.765428,02/07/2018 09:11:00 PM,2018
CR00025918,01/09/2022 04:38:00 PM,30,CLEAR,DAYLIGHT,ANGLE,DIVIDED - W/MEDIAN (NOT RAISED),TRAFFIC SIGNAL,UNABLE TO DETERMINE,UNABLE TO DETERMINE,0,0,0,0,16,1,1,1918,WESTERN AVE,41.802279,-87.713595,01/09/2022 06:27:00 PM,2022
CR00025919,10/03/2016 05:51:00 PM,15,CLEAR,DARKNESS - LIGHTED ROAD,PARKED MOTOR VEHICLE,DIVIDED - W/MEDIAN (NOT RAISED),TRAFFIC SIGNAL,FAILING TO REDUCE SPEED,DRIVING SKILLS/KNOWLEDGE/EXPERIENCE,0,0,3,3,17,2,10,2306,IRVING PARK RD,41.782098,-87.652841,10/03/2016 06:04:00 PM,2016