CRASH_RECORD_ID,CRASH_DATE,POSTED_SPEED_LIMIT,WEATHER_CONDITION,LIGHTING_CONDITION,FIRST_CRASH_TYPE,TRAFFICWAY_TYPE,TRAFFIC_CONTROL_DEVICE,PRIM_CONTRIBUTORY_CAUSE,SEC_CONTRIBUTORY_CAUSE,INJURIES_FATAL,INJURIES_INCAPACITATING,INJURIES_NON_INCAPACITATING,INJURIES_TOTAL,CRASH_HOUR,CRASH_DAY_OF_WEEK,CRASH_MONTH,BEAT_OF_OCCURRENCE,STREET_NAME,LATITUDE,LONGITUDE,DATE_POLICE_NOTIFIED,year
CR00025920,02/13/2022 06:57:00 PM,30,CLEAR,DAYLIGHT,ANGLE,NOT DIVIDED,NO CONTROLS,DRIVING SKILLS/KNOWLEDGE/EXPERIENCE,UNABLE TO DETERMINE,0,0,0,0,18,1,2,1423,MILWAUKEE AVE,41.896361,-87.563699,02/13/2022 07:18:00 PM,2022
CR00025921,05/17/2020 10:55:00 AM,30,CLEAR,DARKNESS,REAR END,DIVIDED - W/MEDIAN (NOT RAISED),NO CONTROLS,UNABLE TO DETERMINE,UNABLE TO DETERMINE,0,0,0,0,10,1,5,1847,LAKE SHORE DR,41.923973,-87.683945,05/17/2020 11:46:00 AM,2020
CR00025922,10/03/2018 05:32:00 PM,30,CLEAR,DAYLIGHT,TURNING,NOT DIVIDED,TRAFFIC SIGNAL,WEATHER,DRIVING SKILLS/KNOWLEDGE/EXPERIENCE,0,0,0,0,17,4,10,1862,FULLERTON AVE,41.759595,-87.619704,10/03/2018 06:21:00 PM,2018
CR00025923,09/24/2024 01:11:00 PM,35,CLEAR,DARKNESS - LIGHTED ROAD,TURNING,DIVIDED - W/MEDIAN (NOT RAISED),STOP SIGN/FLASHER,UNABLE TO DETERMINE,FOLLOWING TOO CLOSELY,0,0,2,2,13,3,9,2286,CALIFORNIA AVE,41.998519,-87.780836,09/24/2024 02:51:00 PM,2024
CR00025924,08/03/2024 12:10:00 PM,15,CLEAR,DARKNESS - LIGHTED ROAD,ANGLE,DIVIDED - W/MEDIAN (NOT RAISED),TRAFFIC SIGNAL,UNABLE TO DETERMINE,IMPROPER OVERTAKING/PASSING,0,0,0,0,12,7,8,333,HALSTED ST,41.722038,-87.803591,08/03/2024 01:20:00 PM,2024
CR00025925,07/19/2023 08:21:00 AM,45,CLEAR,DAYLIGHT,TURNING,NOT DIVIDED,TRAFFIC SIGNAL,FOLLOWING TOO CLOSELY,IMPROPER LANE USAGE,0,0,0,0,8,4,7,401,ARCHER AVE,41.808516,-87.598513,07/19/2023 10:11:00 AM,2023
CR00025926,11/01/2019 03:32:00 PM,45,CLEAR,DAYLIGHT,PARKED MOTOR VEHICLE,ONE-WAY,TRAFFIC SIGNAL,FOLLOWING TOO CLOSELY,DISREGARDING TRAFFIC SIGNALS,0,0,0,0,15,6,11,868,OGDEN AVE,41.728189,-87.828044,11/01/2019 04:16:00 PM,2019
CR00025927,08/14/2018 09:12:00 AM,35,CLEAR,DARKNESS - LIGHTED ROAD,REAR END,T-INTERSECTION,NO CONTROLS,DISTRACTION - FROM INSIDE VEHICLE,IMPROPER OVERTAKING/PASSING,0,0,2,2,9,3,8,2418,ARCHER AVE,41.729603,-87.76038,08/14/2018 09:47:00 AM,2018
CR00025928,05/25/2017 07:34:00 AM,30,CLEAR,DUSK,ANGLE,ONE-WAY,NO CONTROLS,FOLLOWING TOO CLOSELY,FAILING TO YIELD RIGHT-OF-WAY,0,0,0,0,7,5,5,1938,BROADWAY,41.704911,-87.778625,05/25/2017 09:13:00 AM,2017
CR00025929,08/13/2018 10:41:00 AM,35,CLEAR,DAYLIGHT,ANGLE,FOUR WAY,NO CONTROLS,UNABLE TO DETERMINE,DISREGARDING TRAFFIC SIGNALS,0,0,0,0,10,2,8,981,DAMEN AVE,41.82318,-87.672472,08/13/2018 11:55:00 AM,2018
CR00025930,09/06/2020 06:47:00 PM,15,CLEAR,DAYLIGHT,TURNING,DIVIDED - W/MEDIAN (NOT RAISED),STOP SIGN/FLASHER,FAILING TO REDUCE SPEED,NOT APPLICABLE,0,0,0,0,18,1,9,1195,DAMEN AVE,41.835042,-87.687652,09/06/2020 07:29:00 PM,2020
CR00025931,10/27/2016 10:07:00 AM,30,CLEAR,DARKNESS - LIGHTED ROAD,SIDESWIPE SAME DIRECTION,DIVIDED - W/MEDIAN BARRIER,TRAFFIC SIGNAL,FAILING TO YIELD RIGHT-OF-WAY,DISREGARDING TRAFFIC SIGNALS,0,0,0,0,10,5,10,681,ARCHER AVE,41.996504,-87.635704,10/27/2016 10:35:00 AM,2016
CR00025932,04/23/2016 03:44:00 AM,35,CLEAR,DAYLIGHT,ANGLE,NOT DIVIDED,NO CONTROLS,DRIVING SKILLS/KNOWLEDGE/EXPERIENCE,DISTRACTION - FROM INSIDE VEHICLE,0,0,0,0,3,7,4,2473,WESTERN AVE,41.858508,-87.668831,04/23/2016 04:46:00 AM,2016
CR00025933,02/21/2019 02:54:00 PM,15,CLEAR,DAYLIGHT,PARKED MOTOR VEHICLE,ONE-WAY,NO CONTROLS,WEATHER,FOLLOWING TOO CLOSELY,0,0,2,2,14,5,2,1860,FULLERTON AVE,41.879217,-87.79491,02/21/2019 03:27:00 PM,2019
CR00025934,02/27/2018 06:18:00 PM,30,CLOUDY/OVERCAST,DARKNESS - LIGHTED ROAD,REAR END,ONE-WAY,NO CONTROLS,FAILING TO REDUCE SPEED,NOT APPLICABLE,0,1,1,2,18,3,2,2455,HALSTED ST,41.942654,-87.675106,02/27/2018 08:04:00 PM,2018
CR00025935,02/26/2023 03:13:00 PM,30,CLEAR,DAYLIGHT,REAR END,T-INTERSECTION,NO CONTROLS,DRIVING SKILLS/KNOWLEDGE/EXPERIENCE,IMPROPER LANE USAGE,0,0,0,0,15,1,2,1635,ROOSEVELT RD,41.816641,-87.571827,02/26/2023 05:02:00 PM,2023
CR00025936,06/11/2024 08:52:00 AM,30,CLEAR,DAYLIGHT,ANGLE,FOUR WAY,TRAFFIC SIGNAL,UNABLE TO DETERMINE,UNABLE TO DETERMINE,0,0,0,0,8,3,6,907,STATE ST,41.903845,-87.609899,06/11/2024 09:11:00 AM,2024
CR00025937,05/21/2021 07:22:00 AM,20,CLEAR,DUSK,TURNING,ONE-WAY,NO CONTROLS,DRIVING SKILLS/KNOWLEDGE/EXPERIENCE,FOLLOWING TOO CLOSELY,0,0,0,0,7,6,5,1064,ASHLAND AVE,41.814979,-87.708318,05/21/2021 08:12:00 AM,2021
CR00025938,09/01/2018 06:02:00 PM,40,CLEAR,DARKNESS,TURNING,DIVIDED - W/MEDIAN (NOT RAISED),TRAFFIC SIGNAL,IMPROPER LANE USAGE,FOLLOWING TOO CLOSELY,0,0,1,1,18,7,9,1126,79TH ST,41.805361,-87.648389,09/01/2018 07:50:00 PM,2018
CR00025939,01/22/2024 03:16:00 AM,20,CLEAR,DAYLIGHT,REAR END,FOUR WAY,TRAFFIC SIGNAL,FOLLOWING TOO CLOSELY,FOLLOWING TOO CLOSELY,0,0,0,0,3,2,1,1351,79TH ST,41.787678,-87.776014,01/22/2024 05:09:00 AM,2024
CR00025940,01/10/2021 05:11:00 PM,40,CLEAR,DARKNESS - LIGHTED ROAD,REAR TO FRONT,NOT DIVIDED,STOP SIGN/FLASHER,IMPROPER LANE USAGE,IMPROPER OVERTAKING/PASSING,0,0,1,1,17,1,1,734,STATE ST,41.917837,-87.515704,01/10/2021 06:45:00 PM,2021
CR00025941,12/23/2019 08:13:00 AM,30,CLEAR,DARKNESS,PARKED MOTOR VEHICLE,DIVIDED - W/MEDIAN BARRIER,TRAFFIC SIGNAL,WEATHER,FAILING TO YIELD RIGHT-OF-WAY,0,0,0,0,8,2,12,1781,DIVISION ST,41.749164,-87.667975,12/23/2019 08:39:00 AM,2019
CR00025942,12/01/2016 05:52:00 PM,15,CLEAR,DARKNESS - LIGHTED ROAD,REAR END,NOT DIVIDED,NO CONTROLS,FAILING TO YIELD RIGHT-OF-WAY,FOLLOWING TOO CLOSELY,0,0,0,0,17,5,12,1596,CICERO AVE,41.886304,-87.791644,12/01/2016 07:00:00 PM,2016
CR00025943,06/16/2023 07:29:00 AM,25,CLEAR,DAYLIGHT,REAR END,T-INTERSECTION,STOP SIGN/FLASHER,UNABLE TO DETERMINE,NOT APPLICABLE,0,0,0,0,7,6,6,1535,BROADWAY,41.75302,-87.688625,06/16/2023 08:13:00 AM,2023
CR00025944,09/24/2024 08:08:00 PM,20,CLEAR,DARKNESS - LIGHTED ROAD,PEDESTRIAN,NOT DIVIDED,STOP SIGN/FLASHER,UNABLE TO DETERMINE,FAILING TO YIELD RIGHT-OF-WAY,0,0,0,0,20,3,9,1900,HALSTED ST,41.879855,-87.738074,09/24/2024 08:24:00 PM,2024
CR00025945,04/18/2022 03:00:00 PM,40,CLEAR,DARKNESS - LIGHTED ROAD,REAR END,DIVIDED - W/MEDIAN BARRIER,YIELD,DRIVING SKILLS/KNOWLEDGE/EXPERIENCE,UNABLE TO DETERMINE,0,0,0,0,15,2,4,987,LAKE SHORE DR,41.832693,-87.845835,04/18/2022 04:37:00 PM,2022
CR00025946,05/14/2020 06:06:00 PM,15,CLOUDY/OVERCAST,DAYLIGHT,REAR END,DIVIDED - W/MEDIAN BARRIER,TRAFFIC SIGNAL,IMPROPER LANE USAGE,UNABLE TO DETERMINE,0,0,0,0,18,5,5,903,63RD ST,41.950411,-87.512156,05/14/2020 07:05:00 PM,2020
CR00025947,03/30/2015 08:01:00 AM,15,CLEAR,DARKNESS - LIGHTED ROAD,TURNING,DIVIDED - W/MEDIAN (NOT RAISED),PEDESTRIAN CROSSING SIGN,FAILING TO REDUCE SPEED,DISREGARDING TRAFFIC SIGNALS,0,0,0,0,8,2,3,993,BROADWAY,41.819082,-87.566482,03/30/2015 08:42:00 AM,2015
CR00025948,11/01/2019 10:42:00 AM,30,CLEAR,DAYLIGHT,SIDESWIPE SAME DIRECTION,NOT DIVIDED,NO CONTROLS,DISTRACTION - FROM INSIDE VEHICLE,DRIVING SKILLS/KNOWLEDGE/EXPERIENCE,0,0,1,1,10,6,11,504,DAMEN AVE,41.726876,-87.636928,11/01/2019 11:19:00 AM,2019
CR00025949,05/07/2022 07:35:00 PM,15,CLEAR,DARKNESS - LIGHTED ROAD,SIDESWIPE SAME DIRECTION,ONE-WAY,NO CONTROLS,FAILING TO YIELD RIGHT-OF-WAY,NOT APPLICABLE,0,0,0,0,19,7,5,162,CALIFORNIA AVE,41.856138,-87.667114,05/07/2022 08:01:00 PM,2022
CR00025950,02/24/2024 02:31:00 AM,40,CLEAR,DAYLIGHT,FIXED OBJECT,NOT DIVIDED,NO CONTROLS,UNABLE TO DETERMINE,UNABLE TO DETERMINE,0,0,3,3,2,7,2,122,ELSTON AVE,41.858414,-87.756764,02/24/2024 03:15:00 AM,2024
CR00025951,06/11/2015 03:32:00 PM,35,CLEAR,DAYLIGHT,ANGLE,NOT DIVIDED,TRAFFIC SIGNAL,UNABLE TO DETERMINE,IMPROPER OVERTAKING/PASSING,0,0,0,0,15,5,6,1774,47TH ST,41.711627,-87.821927,06/11/2015 04:33:00 PM,2015
CR00025952,01/13/2022 08:46:00 PM,30,CLEAR,DARKNESS - LIGHTED ROAD,TURNING,DIVIDED - W/MEDIAN (NOT RAISED),UNKNOWN,FOLLOWING TOO CLOSELY,UNABLE TO DETERMINE,0,0,0,0,20,5,1,1041,47TH ST,41.750906,-87.711736,01/13/2022 10:21:00 PM,2022
CR00025953,12/22/2021 04:20:00 PM,35,CLEAR,DAYLIGHT,TURNING,DIVIDED - W/MEDIAN (NOT RAISED),NO CONTROLS,UNABLE TO DETERMINE,FAILING TO YIELD RIGHT-OF-WAY,0,0,0,0,16,4,12,2063,ASHLAND AVE,41.900911,-87.626823,12/22/2021 04:31:00 PM,2021
CR00025954,12/29/2018 05:14:00 PM,45,CLEAR,DARKNESS - LIGHTED ROAD,REAR END,NOT DIVIDED,STOP SIGN/FLASHER,DRIVING SKILLS/KNOWLEDGE/EXPERIENCE,UNABLE TO DETERMINE,0,1,1,2,17,7,12,1876,MILWAUKEE AVE,41.912825,-87.813783,12/29/2018 05:38:00 PM,2018
CR00025955,07/19/2021 05:35:00 AM,35,CLEAR,DAYLIGHT,ANGLE,NOT DIVIDED,STOP SIGN/FLASHER,UNABLE TO DETERMINE,FOLLOWING TOO CLOSELY,0,0,0,0,5,2,7,1483,PULASKI RD,41.771329,-87.692905,07/19/2021 06:10:00 AM,2021
CR00025956,09/25/2019 06:45:00 PM,35,CLOUDY/OVERCAST,DUSK,TURNING,NOT DIVIDED,NO CONTROLS,DRIVING SKILLS/KNOWLEDGE/EXPERIENCE,DRIVING SKILLS/KNOWLEDGE/EXPERIENCE,0,0,0,0,18,4,9,2502,DAMEN AVE,41.700001,-87.621017,09/25/2019 07:15:00 PM,2019
CR00025957,07/29/2020 05:51:00 PM,35,SNOW,DARKNESS - LIGHTED ROAD,SIDESWIPE SAME DIRECTION,DIVIDED - W/MEDIAN BARRIER,STOP SIGN/FLASHER,UNABLE TO DETERMINE,FOLLOWING TOO CLOSELY,0,0,0,0,17,4,7,1342,MILWAUKEE AVE,41.769701,-87.665615,07/29/2020 07:24:00 PM,2020
CR00025958,10/26/2017 01:42:00 AM,20,CLEAR,DAYLIGHT,REAR END,DIVIDED - W/MEDIAN (NOT RAISED),TRAFFIC SIGNAL,FAILING TO YIELD RIGHT-OF-WAY,FOLLOWING TOO CLOSELY,0,0,0,0,1,5,10,315,STONY ISLAND AVE,41.861416,-87.500679,10/26/2017 02:23:00 AM,2017
CR00025959,07/07/2015 08:23:00 PM,30,RAIN,DAYLIGHT,REAR END,ONE-WAY,NO CONTROLS,FAILING TO YIELD RIGHT-OF-WAY,FAILING TO YIELD RIGHT-OF-WAY,0,0,0,0,20,3,7,337,MILWAUKEE AVE,41.763659,-87.635908,07/07/2015 08:46:00 PM,2015
CR00025960,10/29/2018 04:21:00 PM,20,FREEZING RAIN/DRIZZLE,DARKNESS,REAR END,DIVIDED - W/MEDIAN (NOT RAISED),TRAFFIC SIGNAL,DISTRACTION - FROM INSIDE VEHICLE,UNABLE TO DETERMINE,0,0,0,0,16,2,10,2165,79TH ST,41.909793,-87.610253,10/29/2018 05:37:00 PM,2018
CR00025961,01/30/2015 07:21:00 AM,15,CLEAR,DUSK,PARKED MOTOR VEHICLE,ONE-WAY,STOP SIGN/FLASHER,FAILING TO YIELD RIGHT-OF-WAY,FOLLOWING TOO CLOSELY,0,0,2,2,7,6,1,2505,BROADWAY,41.843093,-87.826656,01/30/2015 08:00:00 AM,2015
CR00025962,07/12/2018 03:49:00 AM,35,CLEAR,DARKNESS - LIGHTED ROAD,PEDESTRIAN,ONE-WAY,YIELD,WEATHER,NOT APPLICABLE,0,0,0,0,3,5,7,1091,MICHIGAN AVE,41.93134,-87.753402,07/12/2018 05:22:00 AM,2018
CR00025963,11/17/2023 12:08:00 PM,40,CLEAR,DARKNESS - LIGHTED ROAD,ANGLE,NOT DIVIDED,UNKNOWN,DRIVING SKILLS/KNOWLEDGE/EXPERIENCE,FAILING TO REDUCE SPEED,0,2,3,5,12,6,11,1842,CICERO AVE,41.824019,-87.692254,11/17/2023 01:55:00 PM,2023
CR00025964,06/14/2022 12:36:00 AM,25,CLEAR,DAYLIGHT,REAR END,NOT DIVIDED,TRAFFIC SIGNAL,FAILING TO REDUCE SPEED,UNABLE TO DETERMINE,0,0,3,3,0,3,6,1817,BROADWAY,41.846491,-87.748841,06/14/2022 02:01:00 AM,2022
CR00025965,09/03/2018 09:13:00 PM,35,CLEAR,DARKNESS,ANGLE,NOT DIVIDED,TRAFFIC SIGNAL,WEATHER,FOLLOWING TOO CLOSELY,0,0,0,0,21,2,9,397,WESTERN AVE,41.769247,-87.512827,09/03/2018 10:09:00 PM,2018
CR00025966,04/05/2019 08:49:00 PM,40,CLEAR,DAYLIGHT,PARKED MOTOR VEHICLE,ONE-WAY,STOP SIGN/FLASHER,WEATHER,DRIVING SKILLS/KNOWLEDGE/EXPERIENCE,0,0,1,1,20,6,4,1798,WESTERN AVE,41.735811,-87.802715,04/05/2019 10:03:00 PM,2019
CR00025967,04/02/2019 08:11:00 PM,45,RAIN,DARKNESS - LIGHTED ROAD,TURNING,DIVIDED - W/MEDIAN BARRIER,TRAFFIC SIGNAL,DISREGARDING TRAFFIC SIGNALS,IMPROPER OVERTAKING/PASSING,0,0,0,0,20,3,4,1348,OGDEN AVE,41.969661,-87.767615,04/02/2019 08:20:00 PM,2019
CR00025968,11/09/2024 03:57:00 PM,35,CLEAR,DARKNESS - LIGHTED ROAD,ANGLE,NOT DIVIDED,STOP SIGN/FLASHER,FAILING TO REDUCE SPEED,UNABLE TO DETERMINE,0,0,0,0,15,7,11,1498,IRVING PARK RD,41.719793,-87.771047,11/09/2024 05:37:00 PM,2024
CR00025969,03/10/2016 11:39:00 AM,30,RAIN,DAYLIGHT,TURNING,FOUR WAY,TRAFFIC SIGNAL,UNABLE TO DETERMINE,DISTRACTION - FROM INSIDE VEHICLE,0,0,1,1,11,5,3,1250,FULLERTON AVE,41.98283,-87.77114,03/10/2016 12:41:00 PM,2016
CR00025970,12/16/2024 03:38:00 PM,30,CLEAR,DARKNESS,ANGLE,NOT DIVIDED,TRAFFIC SIGNAL,FAILING TO REDUCE SPEED,FAILING TO YIELD RIGHT-OF-WAY,0,0,0,0,15,2,12,401,47TH ST,41.811064,-87.562933,12/16/2024 04:44:00 PM,2024
CR00025971,01/30/2016 05:23:00 AM,20,CLEAR,DAYLIGHT,SIDESWIPE SAME DIRECTION,NOT DIVIDED,NO CONTROLS,DISTRACTION - FROM INSIDE VEHICLE,FAILING TO REDUCE SPEED,0,0,0,0,5,7,1,1224,STATE ST,41.805584,-87.829189,01/30/2016 07:08:00 AM,2016
CR00025972,09/19/2021 01:44:00 AM,35,RAIN,DARKNESS - LIGHTED ROAD,PARKED MOTOR VEHICLE,T-INTERSECTION,NO CONTROLS,FAILING TO REDUCE SPEED,FOLLOWING TOO CLOSELY,0,0,0,0,1,1,9,1392,MILWAUKEE AVE,41.779616,-87.628565,09/19/2021 03:43:00 AM,2021
CR00025973,11/25/2016 09:34:00 AM,40,CLEAR,DARKNESS,ANGLE,NOT DIVIDED,NO CONTROLS,FAILING TO REDUCE SPEED,NOT APPLICABLE,0,0,0,0,9,6,11,435,STATE ST,41.925882,-87.680791,11/25/2016 10:24:00 AM,2016
CR00025974,06/15/2015 02:05:00 PM,35,CLEAR,DUSK,REAR TO FRONT,ONE-WAY,TRAFFIC SIGNAL,FAILING TO YIELD RIGHT-OF-WAY,NOT APPLICABLE,0,1,1,2,14,2,6,2232,ELSTON AVE,41.794101,-87.525324,06/15/2015 02:51:00 PM,2015
CR00025975,06/12/2024 12:13:00 AM,40,CLEAR,DAYLIGHT,TURNING,DIVIDED - W/MEDIAN (NOT RAISED),STOP SIGN/FLASHER,IMPROPER LANE USAGE,FAILING TO YIELD RIGHT-OF-WAY,0,0,1,1,0,4,6,1870,MICHIGAN AVE,41.741464,-87.557045,06/12/2024 01:52:00 AM,2024
CR00025976,03/17/2018 11:24:00 AM,30,FOG/SMOKE/HAZE,DAYLIGHT,PARKED MOTOR VEHICLE,NOT DIVIDED,TRAFFIC SIGNAL,WEATHER,UNABLE TO DETERMINE,0,0,0,0,11,7,3,1624,STONY ISLAND AVE,41.808432,-87.558217,03/17/2018 11:49:00 AM,2018
CR00025977,07/15/2022 03:08:00 AM,35,CLEAR,DAWN,PARKED MOTOR VEHICLE,NOT DIVIDED,NO CONTROLS,DRIVING SKILLS/KNOWLEDGE/EXPERIENCE,UNABLE TO DETERMINE,0,0,0,0,3,6,7,429,STATE ST,41.889831,-87.843695,07/15/2022 04:43:00 AM,2022
CR00025978,06/19/2021 04:14:00 PM,15,CLEAR,DARKNESS - LIGHTED ROAD,FIXED OBJECT,FOUR WAY,NO CONTROLS,IMPROPER LANE USAGE,IMPROPER OVERTAKING/PASSING,0,1,0,1,16,7,6,577,CICERO AVE,41.849229,-87.634156,06/19/2021 05:36:00 PM,2021
CR00025979,01/02/2018 01:20:00 PM,45,SNOW,DAYLIGHT,PEDESTRIAN,FOUR WAY,TRAFFIC SIGNAL,UNABLE TO DETERMINE,NOT APPLICABLE,0,0,0,0,13,3,1,1938,47TH ST,41.764364,-87.700286,01/02/2018 02:50:00 PM,2018
CR00025980,11/02/2022 06:46:00 PM,15,CLEAR,DARKNESS,SIDESWIPE SAME DIRECTION,DIVIDED - W/MEDIAN (NOT RAISED),NO CONTROLS,IMPROPER OVERTAKING/PASSING,UNABLE TO DETERMINE,0,0,0,0,18,4,11,2016,STONY ISLAND AVE,41.849543,-87.516184,11/02/2022 07:38:00 PM,2022
CR00025981,09/06/2022 07:48:00 PM,20,CLEAR,DARKNESS - LIGHTED ROAD,SIDESWIPE SAME DIRECTION,T-INTERSECTION,TRAFFIC SIGNAL,UNABLE TO DETERMINE,NOT APPLICABLE,0,0,0,0,19,3,9,1966,47TH ST,41.78203,-87.818573,09/06/2022 09:28:00 PM,2022
CR00025982,11/19/2017 08:34:00 AM,15,RAIN,DARKNESS - LIGHTED ROAD,REAR END,DIVIDED - W/MEDIAN (NOT RAISED),TRAFFIC SIGNAL,DISTRACTION - FROM INSIDE VEHICLE,FAILING TO YIELD RIGHT-OF-WAY,0,0,0,0,8,1,11,1350,KEDZIE AVE,41.794089,-87.512388,11/19/2017 10:27:00 AM,2017
CR00025983,08/16/2016 07:37:00 AM,45,CLEAR,DAYLIGHT,SIDESWIPE SAME DIRECTION,FOUR WAY,TRAFFIC SIGNAL,WEATHER,NOT APPLICABLE,0,0,0,0,7,3,8,724,CALIFORNIA AVE,41.736551,-87.754655,08/16/2016 09:05:00 AM,2016
CR00025984,12/19/2015 03:52:00 PM,35,CLEAR,DAYLIGHT,PARKED MOTOR VEHICLE,DIVIDED - W/MEDIAN (NOT RAISED),STOP SIGN/FLASHER,FAILING TO REDUCE SPEED,IMPROPER LANE USAGE,0,0,3,3,15,7,12,1351,CALIFORNIA AVE,41.895092,-87.810883,12/19/2015 04:01:00 PM,2015
CR00025985,09/11/2021 05:39:00 PM,15,SNOW,DAYLIGHT,FIXED OBJECT,DIVIDED - W/MEDIAN BARRIER,TRAFFIC SIGNAL,FAILING TO YIELD RIGHT-OF-WAY,FAILING TO YIELD RIGHT-OF-WAY,0,0,0,0,17,7,9,168,OGDEN AVE,41.72991,-87.818455,09/11/2021 06:00:00 PM,2021
CR00025986,03/03/2022 09:45:00 AM,35,CLEAR,DARKNESS - LIGHTED ROAD,TURNING,NOT DIVIDED,NO CONTROLS,FOLLOWING TOO CLOSELY,NOT APPLICABLE,0,0,0,0,9,5,3,2324,CALIFORNIA AVE,41.969819,-87.848087,03/03/2022 10:19:00 AM,2022
CR00025987,10/30/2020 02:00:00 PM,20,CLEAR,DAYLIGHT,REAR TO FRONT,NOT DIVIDED,NO CONTROLS,UNABLE TO DETERMINE,FAILING TO YIELD RIGHT-OF-WAY,0,0,0,0,14,6,10,1717,LAKE SHORE DR,41.726742,-87.834254,10/30/2020 03:49:00 PM,2020
CR00025988,07/02/2024 05:23:00 PM,15,CLEAR,DAYLIGHT,ANGLE,NOT DIVIDED,NO CONTROLS,FAILING TO YIELD RIGHT-OF-WAY,NOT APPLICABLE,0,2,3,5,17,3,7,1337,IRVING PARK RD,41.971801,-87.70081,07/02/2024 05:58:00 PM,2024
CR00025989,01/03/2017 06:34:00 PM,30,CLEAR,DUSK,TURNING,NOT DIVIDED,UNKNOWN,IMPROPER OVERTAKING/PASSING,DRIVING SKILLS/KNOWLEDGE/EXPERIENCE,0,0,1,1,18,3,1,1658,ELSTON AVE,41.966594,-87.628276,01/03/2017 08:04:00 PM,2017
CR00025990,07/30/2024 02:14:00 AM,35,CLEAR,DARKNESS - LIGHTED ROAD,SIDESWIPE SAME DIRECTION,NOT DIVIDED,STOP SIGN/FLASHER,IMPROPER LANE USAGE,FOLLOWING TOO CLOSELY,0,1,2,3,2,3,7,1797,DAMEN AVE,41.747045,-87.551154,07/30/2024 03:56:00 AM,2024
CR00025991,09/28/2018 08:50:00 PM,20,CLEAR,DAWN,PARKED MOTOR VEHICLE,DIVIDED - W/MEDIAN (NOT RAISED),TRAFFIC SIGNAL,FAILING TO YIELD RIGHT-OF-WAY,FAILING TO YIELD RIGHT-OF-WAY,0,0,0,0,20,6,9,789,FULLERTON AVE,41.805174,-87.625639,09/28/2018 09:06:00 PM,2018
CR00025992,11/27/2020 06:03:00 PM,25,CLEAR,DARKNESS - LIGHTED ROAD,REAR TO FRONT,NOT DIVIDED,STOP SIGN/FLASHER,WEATHER,IMPROPER LANE USAGE,0,0,0,0,18,6,11,1245,79TH ST,41.89533,-87.566273,11/27/2020 06:37:00 PM,2020
CR00025993,01/05/2021 11:09:00 AM,15,CLEAR,DAYLIGHT,ANGLE,ONE-WAY,NO CONTROLS,FAILING TO YIELD RIGHT-OF-WAY,FAILING TO YIELD RIGHT-OF-WAY,0,0,0,0,11,3,1,1519,ELSTON AVE,41.891651,-87.760217,01/05/2021 12:27:00 PM,2021
CR00025994,04/07/2020 04:11:00 PM,35,CLEAR,DARKNESS - LIGHTED ROAD,TURNING,NOT DIVIDED,TRAFFIC SIGNAL,IMPROPER OVERTAKING/PASSING,UNABLE TO DETERMINE,0,0,0,0,16,3,4,1912,WESTERN AVE,41.83242,-87.744696,04/07/2020 05:34:00 PM,2020
CR00025995,10/25/2018 04:00:00 PM,30,CLEAR,DAYLIGHT,ANGLE,NOT DIVIDED,TRAFFIC SIGNAL,FAILING TO YIELD RIGHT-OF-WAY,FAILING TO YIELD RIGHT-OF-WAY,0,0,0,0,16,5,10,2270,ASHLAND AVE,41.815148,-87.635991,10/25/2018 05:30:00 PM,2018
CR00025996,09/23/2016 01:41:00 AM,35,CLEAR,DARKNESS - LIGHTED ROAD,REAR TO FRONT,DIVIDED - W/MEDIAN (NOT RAISED),NO CONTROLS,DISTRACTION - FROM INSIDE VEHICLE,FAILING TO YIELD RIGHT-OF-WAY,0,0,0,0,1,6,9,1029,BROADWAY,41.903187,-87.743004,09/23/2016 01:57:00 AM,2016
CR00025997,09/19/2022 07:55:00 PM,15,CLEAR,DAYLIGHT,FIXED OBJECT,NOT DIVIDED,STOP SIGN/FLASHER,DRIVING SKILLS/KNOWLEDGE/EXPERIENCE,NOT APPLICABLE,0,0,1,1,19,2,9,836,FULLERTON AVE,41.732457,-87.607896,09/19/2022 08:32:00 PM,2022
CR00025998,12/19/2018 09:15:00 AM,20,RAIN,DAYLIGHT,REAR END,DIVIDED - W/MEDIAN (NOT RAISED),STOP SIGN/FLASHER,UNABLE TO DETERMINE,FAILING TO REDUCE SPEED,0,0,0,0,9,4,12,1199,63RD ST,41.793894,-87.727584,12/19/2018 11:03:00 AM,2018
CR00025999,06/29/2015 07:00:00 AM,25,CLEAR,DAYLIGHT,TURNING,FOUR WAY,STOP SIGN/FLASHER,DISTRACTION - FROM INSIDE VEHICLE,DISREGARDING TRAFFIC SIGNALS,0,0,0,0,7,2,6,1179,ARCHER AVE,41.898966,-87.70613,06/29/2015 08:07:00 AM,2015
CR00026000,11/22/2019 01:05:00 PM,40,CLEAR,DARKNESS - LIGHTED ROAD,REAR END,DIVIDED - W/MEDIAN (NOT RAISED),NO CONTROLS,DRIVING SKILLS/KNOWLEDGE/EXPERIENCE,NOT APPLICABLE,0,0,1,1,13,6,11,739,LAKE SHORE DR,41.847627,-87.740267,11/22/2019 02:13:00 PM,2019
CR00026001,12/03/2020 03:00:00 PM,30,CLEAR,DARKNESS,TURNING,DIVIDED - W/MEDIAN (NOT RAISED),TRAFFIC SIGNAL,UNABLE TO DETERMINE,FOLLOWING TOO CLOSELY,0,0,0,0,15,5,12,1340,IRVING PARK RD,41.742662,-87.679938,12/03/2020 04:28:00 PM,2020