CRASH_RECORD_ID,CRASH_DATE,POSTED_SPEED_LIMIT,WEATHER_CONDITION,LIGHTING_CONDITION,FIRST_CRASH_TYPE,TRAFFICWAY_TYPE,TRAFFIC_CONTROL_DEVICE,PRIM_CONTRIBUTORY_CAUSE,SEC_CONTRIBUTORY_CAUSE,INJURIES_FATAL,INJURIES_INCAPACITATING,INJURIES_NON_INCAPACITATING,INJURIES_TOTAL,CRASH_HOUR,CRASH_DAY_OF_WEEK,CRASH_MONTH,BEAT_OF_OCCURRENCE,STREET_NAME,LATITUDE,LONGITUDE,DATE_POLICE_NOTIFIED,year
CR00026002,07/29/2020 09:41:00 PM,30,CLEAR,DAYLIGHT,FIXED OBJECT,FOUR WAY,NO CONTROLS,IMPROPER LANE USAGE,IMPROPER LANE USAGE,0,0,3,3,21,4,7,1849,BROADWAY,41.858957,-87.744863,07/29/2020 10:27:00 PM,2020
CR00026003,08/17/2023 02:34:00 PM,30,CLEAR,DAYLIGHT,TURNING,DIVIDED - W/MEDIAN (NOT RAISED),NO CONTROLS,FOLLOWING TOO CLOSELY,FAILING TO YIELD RIGHT-OF-WAY,0,0,1,1,14,5,8,2313,CALIFORNIA AVE,41.818762,-87.702825,08/17/2023 03:37:00 PM,2023
CR00026004,05/19/2022 09:44:00 AM,35,CLEAR,DAYLIGHT,SIDESWIPE SAME DIRECTION,DIVIDED - W/MEDIAN BARRIER,STOP SIGN/FLASHER,IMPROPER OVERTAKING/PASSING,FOLLOWING TOO CLOSELY,0,0,0,0,9,5,5,2395,MILWAUKEE AVE,41.946039,-87.746722,05/19/2022 10:50:00 AM,2022
CR00026005,05/10/2022 07:17:00 AM,25,CLEAR,DAWN,FIXED OBJECT,DIVIDED - W/MEDIAN BARRIER,NO CONTROLS,UNABLE TO DETERMINE,DRIVING SKILLS/KNOWLEDGE/EXPERIENCE,0,0,0,0,7,3,5,351,BROADWAY,41.874195,-87.657134,05/10/2022 08:27:00 AM,2022
CR00026006,06/17/2018 10:12:00 AM,30,CLEAR,DAYLIGHT,REAR END,DIVIDED - W/MEDIAN (NOT RAISED),NO CONTROLS,DISREGARDING TRAFFIC SIGNALS,FAILING TO YIELD RIGHT-OF-WAY,0,0,3,3,10,1,6,2314,CLARK ST,41.868029,-87.734512,06/17/2018 11:13:00 AM,2018
CR00026007,10/23/2022 04:40:00 AM,30,CLEAR,DAYLIGHT,TURNING,ONE-WAY,NO CONTROLS,FOLLOWING TOO CLOSELY,UNABLE TO DETERMINE,0,0,1,1,4,1,10,1460,47TH ST,41.993324,-87.831065,10/23/2022 04:46:00 AM,2022
CR00026008,12/04/2024 09:39:00 AM,45,CLEAR,DAYLIGHT,SIDESWIPE SAME DIRECTION,DIVIDED - W/MEDIAN BARRIER,TRAFFIC SIGNAL,FAILING TO REDUCE SPEED,IMPROPER OVERTAKING/PASSING,0,0,0,0,9,4,12,150,MICHIGAN AVE,41.958861,-87.549291,12/04/2024 11:39:00 AM,2024
CR00026009,02/28/2023 02:24:00 PM,40,CLEAR,DARKNESS - LIGHTED ROAD,TURNING,DIVIDED - W/MEDIAN (NOT RAISED),UNKNOWN,FOLLOWING TOO CLOSELY,DISTRACTION - FROM INSIDE VEHICLE,0,1,3,4,14,3,2,1439,ROOSEVELT RD,41.903609,-87.635252,02/28/2023 03:51:00 PM,2023
CR00026010,06/15/2018 03:21:00 PM,30,RAIN,DUSK,REAR END,FOUR WAY,UNKNOWN,DRIVING SKILLS/KNOWLEDGE/EXPERIENCE,UNABLE TO DETERMINE,0,0,0,0,15,6,6,1035,63RD ST,41.842127,-87.706455,06/15/2018 03:44:00 PM,2018
CR00026011,01/16/2016 06:27:00 PM,25,RAIN,DAYLIGHT,TURNING,DIVIDED - W/MEDIAN (NOT RAISED),TRAFFIC SIGNAL,UNABLE TO DETERMINE,NOT APPLICABLE,0,0,1,1,18,7,1,815,OGDEN AVE,41.942879,-87.729499,01/16/2016 07:45:00 PM,2016
CR00026012,10/29/2018 08:41:00 AM,40,SNOW,DARKNESS - LIGHTED ROAD,PARKED MOTOR VEHICLE,NOT DIVIDED,TRAFFIC SIGNAL,WEATHER,UNABLE TO DETERMINE,0,0,0,0,8,2,10,1610,ROOSEVELT RD,41.791417,-87.694146,10/29/2018 08:57:00 AM,2018
CR00026013,12/01/2018 10:31:00 AM,35,CLEAR,DAYLIGHT,PARKED MOTOR VEHICLE,FOUR WAY,STOP SIGN/FLASHER,FAILING TO YIELD RIGHT-OF-WAY,NOT APPLICABLE,0,0,2,2,10,7,12,1444,MILWAUKEE AVE,41.839238,-87.838637,12/01/2018 11:20:00 AM,2018
CR00026014,05/24/2017 10:44:00 PM,45,CLEAR,DAYLIGHT,SIDESWIPE SAME DIRECTION,DIVIDED - W/MEDIAN (NOT RAISED),NO CONTROLS,FAILING TO YIELD RIGHT-OF-WAY,UNABLE TO DETERMINE,0,0,0,0,22,4,5,795,ROOSEVELT RD,41.848958,-87.719258,05/25/2017 12:21:00 AM,2017
CR00026015,03/22/2016 07:25:00 AM,30,RAIN,DARKNESS,REAR END,NOT DIVIDED,NO CONTROLS,UNABLE TO DETERMINE,UNABLE TO DETERMINE,0,2,2,4,7,3,3,837,LAKE SHORE DR,41.800094,-87.728515,03/22/2016 08:10:00 AM,2016
CR00026016,06/12/2021 10:37:00 AM,30,CLEAR,DARKNESS - LIGHTED ROAD,ANGLE,NOT DIVIDED,TRAFFIC SIGNAL,UNABLE TO DETERMINE,NOT APPLICABLE,0,0,1,1,10,7,6,156,CICERO AVE,41.979896,-87.626688,06/12/2021 10:52:00 AM,2021
CR00026017,09/29/2023 07:13:00 AM,30,CLEAR,DAYLIGHT,TURNING,FOUR WAY,STOP SIGN/FLASHER,FAILING TO YIELD RIGHT-OF-WAY,FOLLOWING TOO CLOSELY,0,0,0,0,7,6,9,2266,OGDEN AVE,41.844047,-87.556001,09/29/2023 07:30:00 AM,2023
CR00026018,08/06/2024 10:39:00 PM,25,CLEAR,DAWN,PARKED MOTOR VEHICLE,DIVIDED - W/MEDIAN BARRIER,STOP SIGN/FLASHER,IMPROPER OVERTAKING/PASSING,DISREGARDING TRAFFIC SIGNALS,0,0,1,1,22,3,8,2122,IRVING PARK RD,41.704242,-87.716988,08/06/2024 11:02:00 PM,2024
CR00026019,08/13/2024 01:23:00 PM,30,CLEAR,DAYLIGHT,REAR END,NOT DIVIDED,NO CONTROLS,UNABLE TO DETERMINE,NOT APPLICABLE,0,0,0,0,13,3,8,2313,CALIFORNIA AVE,41.81736,-87.544704,08/13/2024 02:27:00 PM,2024
CR00026020,03/30/2018 12:52:00 PM,35,CLOUDY/OVERCAST,DAYLIGHT,TURNING,NOT DIVIDED,PEDESTRIAN CROSSING SIGN,IMPROPER OVERTAKING/PASSING,NOT APPLICABLE,0,0,0,0,12,6,3,2419,MICHIGAN AVE,41.936213,-87.64619,03/30/2018 01:25:00 PM,2018
CR00026021,12/24/2018 02:56:00 AM,30,CLEAR,DAYLIGHT,REAR END,ONE-WAY,NO CONTROLS,DISTRACTION - FROM INSIDE VEHICLE,FAILING TO YIELD RIGHT-OF-WAY,0,0,0,0,2,2,12,1912,DIVISION ST,41.95607,-87.694339,12/24/2018 04:34:00 AM,2018
CR00026022,11/09/2016 09:19:00 PM,20,CLEAR,DAYLIGHT,ANGLE,NOT DIVIDED,YIELD,DISTRACTION - FROM INSIDE VEHICLE,FAILING TO REDUCE SPEED,0,0,3,3,21,4,11,2302,CALIFORNIA AVE,41.730081,-87.590152,11/09/2016 10:11:00 PM,2016
CR00026023,08/08/2020 07:18:00 AM,25,CLEAR,DARKNESS - LIGHTED ROAD,TURNING,ONE-WAY,NO CONTROLS,UNABLE TO DETERMINE,IMPROPER LANE USAGE,0,0,0,0,7,7,8,1515,ARCHER AVE,41.789417,-87.552715,08/08/2020 07:53:00 AM,2020
CR00026024,05/24/2016 07:55:00 AM,45,CLEAR,DAYLIGHT,PARKED MOTOR VEHICLE,NOT DIVIDED,TRAFFIC SIGNAL,FAILING TO YIELD RIGHT-OF-WAY,FOLLOWING TOO CLOSELY,0,0,0,0,7,3,5,696,ARCHER AVE,41.833617,-87.667124,05/24/2016 07:58:00 AM,2016
CR00026025,05/21/2023 07:10:00 AM,30,CLEAR,DARKNESS - LIGHTED ROAD,SIDESWIPE SAME DIRECTION,DIVIDED - W/MEDIAN BARRIER,NO CONTROLS,IMPROPER LANE USAGE,NOT APPLICABLE,0,0,1,1,7,1,5,1772,FULLERTON AVE,41.796449,-87.587626,05/21/2023 08:19:00 AM,2023
CR00026026,01/08/2017 02:08:00 AM,40,CLEAR,DARKNESS - LIGHTED ROAD,SIDESWIPE SAME DIRECTION,ONE-WAY,TRAFFIC SIGNAL,IMPROPER OVERTAKING/PASSING,IMPROPER LANE USAGE,0,2,0,2,2,1,1,693,PULASKI RD,41.720506,-87.826603,01/08/2017 03:38:00 AM,2017
CR00026027,11/22/2020 06:51:00 PM,15,FOG/SMOKE/HAZE,DAYLIGHT,TURNING,DIVIDED - W/MEDIAN (NOT RAISED),TRAFFIC SIGNAL,UNABLE TO DETERMINE,NOT APPLICABLE,0,0,0,0,18,1,11,157,63RD ST,41.793331,-87.557593,11/22/2020 08:28:00 PM,2020
CR00026028,12/02/2015 01:46:00 AM,30,RAIN,DAYLIGHT,SIDESWIPE SAME DIRECTION,FOUR WAY,PEDESTRIAN CROSSING SIGN,FOLLOWING TOO CLOSELY,IMPROPER OVERTAKING/PASSING,0,0,0,0,1,4,12,1217,PULASKI RD,41.886701,-87.772136,12/02/2015 03:46:00 AM,2015
CR00026029,06/22/2020 02:29:00 PM,25,FOG/SMOKE/HAZE,DARKNESS,REAR END,NOT DIVIDED,TRAFFIC SIGNAL,UNABLE TO DETERMINE,FAILING TO YIELD RIGHT-OF-WAY,0,0,0,0,14,2,6,1426,ELSTON AVE,41.968982,-87.610349,06/22/2020 03:12:00 PM,2020
CR00026030,11/03/2024 03:24:00 PM,30,CLEAR,DARKNESS - LIGHTED ROAD,TURNING,NOT DIVIDED,NO CONTROLS,DRIVING SKILLS/KNOWLEDGE/EXPERIENCE,DISTRACTION - FROM INSIDE VEHICLE,0,0,1,1,15,1,11,2081,DIVISION ST,41.893107,-87.76598,11/03/2024 04:17:00 PM,2024
CR00026031,02/19/2024 08:44:00 AM,30,CLEAR,DARKNESS,SIDESWIPE SAME DIRECTION,ONE-WAY,NO CONTROLS,UNABLE TO DETERMINE,UNABLE TO DETERMINE,0,0,0,0,8,2,2,1786,ROOSEVELT RD,41.882798,-87.638876,02/19/2024 09:29:00 AM,2024
CR00026032,02/27/2021 06:03:00 AM,30,CLEAR,DARKNESS - LIGHTED ROAD,ANGLE,NOT DIVIDED,NO CONTROLS,UNABLE TO DETERMINE,FOLLOWING TOO CLOSELY,0,0,0,0,6,7,2,2013,BROADWAY,41.722131,-87.505537,02/27/2021 06:56:00 AM,2021
CR00026033,09/10/2024 08:51:00 AM,45,CLEAR,DARKNESS - LIGHTED ROAD,ANGLE,NOT DIVIDED,TRAFFIC SIGNAL,FOLLOWING TOO CLOSELY,NOT APPLICABLE,0,0,0,0,8,3,9,573,MICHIGAN AVE,41.828926,-87.714276,09/10/2024 09:57:00 AM,2024
CR00026034,04/17/2019 05:36:00 PM,30,SNOW,DAYLIGHT,PARKED MOTOR VEHICLE,T-INTERSECTION,NO CONTROLS,UNABLE TO DETERMINE,DRIVING SKILLS/KNOWLEDGE/EXPERIENCE,0,0,0,0,17,4,4,2418,CICERO AVE,41.772753,-87.747275,04/17/2019 05:54:00 PM,2019
CR00026035,06/14/2021 09:06:00 PM,30,CLEAR,DAYLIGHT,REAR END,NOT DIVIDED,TRAFFIC SIGNAL,FOLLOWING TOO CLOSELY,IMPROPER OVERTAKING/PASSING,0,0,0,0,21,2,6,2091,LAKE SHORE DR,41.847957,-87.518057,06/14/2021 09:27:00 PM,2021
CR00026036,03/31/2022 08:38:00 PM,20,RAIN,DAYLIGHT,ANGLE,NOT DIVIDED,NO CONTROLS,UNABLE TO DETERMINE,FAILING TO REDUCE SPEED,0,0,3,3,20,5,3,2069,IRVING PARK RD,41.919524,-87.616048,03/31/2022 10:09:00 PM,2022
CR00026037,12/20/2022 09:16:00 AM,45,CLEAR,DAWN,PEDESTRIAN,DIVIDED - W/MEDIAN BARRIER,NO CONTROLS,FAILING TO YIELD RIGHT-OF-WAY,NOT APPLICABLE,0,0,0,0,9,3,12,1441,ELSTON AVE,41.70863,-87.65819,12/20/2022 09:30:00 AM,2022
CR00026038,10/04/2015 08:09:00 PM,40,CLEAR,DAYLIGHT,REAR END,DIVIDED - W/MEDIAN (NOT RAISED),NO CONTROLS,IMPROPER OVERTAKING/PASSING,DRIVING SKILLS/KNOWLEDGE/EXPERIENCE,0,0,1,1,20,1,10,1283,KEDZIE AVE,41.984504,-87.797804,10/04/2015 08:50:00 PM,2015
CR00026039,06/20/2017 04:42:00 PM,30,CLEAR,DARKNESS - LIGHTED ROAD,ANGLE,NOT DIVIDED,TRAFFIC SIGNAL,FAILING TO YIELD RIGHT-OF-WAY,IMPROPER OVERTAKING/PASSING,0,0,0,0,16,3,6,2082,KEDZIE AVE,41.715156,-87.599706,06/20/2017 06:06:00 PM,2017
CR00026040,07/31/2021 12:00:00 PM,35,RAIN,DAYLIGHT,REAR TO FRONT,NOT DIVIDED,TRAFFIC SIGNAL,FAILING TO YIELD RIGHT-OF-WAY,DISTRACTION - FROM INSIDE VEHICLE,0,0,2,2,12,7,7,2126,ELSTON AVE,41.841041,-87.83636,07/31/2021 01:30:00 PM,2021
CR00026041,08/08/2022 09:04:00 PM,35,CLEAR,DAYLIGHT,SIDESWIPE SAME DIRECTION,T-INTERSECTION,TRAFFIC SIGNAL,UNABLE TO DETERMINE,NOT APPLICABLE,0,0,0,0,21,2,8,2365,STONY ISLAND AVE,41.845364,-87.546201,08/08/2022 10:31:00 PM,2022
CR00026042,02/17/2021 11:14:00 AM,35,CLEAR,DARKNESS - LIGHTED ROAD,REAR TO FRONT,NOT DIVIDED,NO CONTROLS,FOLLOWING TOO CLOSELY,FAILING TO YIELD RIGHT-OF-WAY,0,0,0,0,11,4,2,1883,MILWAUKEE AVE,41.746026,-87.79439,02/17/2021 12:48:00 PM,2021
CR00026043,06/08/2019 11:15:00 AM,30,SNOW,DAYLIGHT,REAR END,DIVIDED - W/MEDIAN BARRIER,NO CONTROLS,UNABLE TO DETERMINE,UNABLE TO DETERMINE,0,0,0,0,11,7,6,1828,ARCHER AVE,41.837399,-87.501665,06/08/2019 11:16:00 AM,2019
CR00026044,11/30/2016 07:44:00 AM,25,RAIN,DAYLIGHT,ANGLE,T-INTERSECTION,NO CONTROLS,FOLLOWING TOO CLOSELY,FOLLOWING TOO CLOSELY,0,0,0,0,7,4,11,376,ARCHER AVE,41.881449,-87.501832,11/30/2016 08:43:00 AM,2016
CR00026045,02/22/2022 12:13:00 PM,35,CLEAR,DAYLIGHT,REAR TO FRONT,NOT DIVIDED,NO CONTROLS,IMPROPER LANE USAGE,DRIVING SKILLS/KNOWLEDGE/EXPERIENCE,0,0,0,0,12,3,2,981,FULLERTON AVE,41.703109,-87.651647,02/22/2022 01:12:00 PM,2022
CR00026046,03/03/2020 03:24:00 PM,45,CLEAR,DAYLIGHT,TURNING,NOT DIVIDED,NO CONTROLS,IMPROPER OVERTAKING/PASSING,NOT APPLICABLE,0,0,0,0,15,3,3,2053,47TH ST,41.857057,-87.729914,03/03/2020 03:36:00 PM,2020
CR00026047,12/16/2023 07:53:00 PM,25,CLEAR,DUSK,SIDESWIPE SAME DIRECTION,NOT DIVIDED,NO CONTROLS,FAILING TO YIELD RIGHT-OF-WAY,NOT APPLICABLE,0,0,0,0,19,7,12,406,ARCHER AVE,41.726466,-87.625621,12/16/2023 07:55:00 PM,2023
CR00026048,04/24/2023 01:25:00 AM,45,CLEAR,DAYLIGHT,TURNING,ONE-WAY,NO CONTROLS,UNABLE TO DETERMINE,FAILING TO YIELD RIGHT-OF-WAY,0,0,1,1,1,2,4,1238,DIVISION ST,41.880984,-87.782804,04/24/2023 02:05:00 AM,2023
CR00026049,10/22/2018 08:08:00 PM,35,CLEAR,DAYLIGHT,REAR END,NOT DIVIDED,NO CONTROLS,FAILING TO YIELD RIGHT-OF-WAY,IMPROPER OVERTAKING/PASSING,0,0,0,0,20,2,10,2307,63RD ST,41.979248,-87.788508,10/22/2018 08:56:00 PM,2018
CR00026050,10/17/2018 08:44:00 AM,35,CLEAR,DAYLIGHT,TURNING,NOT DIVIDED,TRAFFIC SIGNAL,DISREGARDING TRAFFIC SIGNALS,IMPROPER OVERTAKING/PASSING,0,0,0,0,8,4,10,1414,KEDZIE AVE,41.753646,-87.551937,10/17/2018 09:58:00 AM,2018
CR00026051,05/19/2018 01:28:00 AM,20,CLEAR,DAYLIGHT,PARKED MOTOR VEHICLE,DIVIDED - W/MEDIAN BARRIER,TRAFFIC SIGNAL,FOLLOWING TOO CLOSELY,NOT APPLICABLE,0,0,1,1,1,7,5,1688,ARCHER AVE,41.838054,-87.784982,05/19/2018 01:30:00 AM,2018
CR00026052,12/21/2016 10:09:00 PM,15,CLEAR,DAYLIGHT,TURNING,FOUR WAY,STOP SIGN/FLASHER,DRIVING SKILLS/KNOWLEDGE/EXPERIENCE,FAILING TO YIELD RIGHT-OF-WAY,0,0,0,0,22,4,12,2065,STATE ST,41.765033,-87.654166,12/21/2016 11:52:00 PM,2016
CR00026053,01/22/2017 04:24:00 AM,35,CLEAR,DARKNESS,SIDESWIPE SAME DIRECTION,FOUR WAY,TRAFFIC SIGNAL,FOLLOWING TOO CLOSELY,UNABLE TO DETERMINE,0,0,0,0,4,1,1,684,FULLERTON AVE,41.87093,-87.579544,01/22/2017 05:02:00 AM,2017
CR00026054,11/03/2021 04:10:00 PM,30,CLEAR,DAYLIGHT,TURNING,NOT DIVIDED,TRAFFIC SIGNAL,FOLLOWING TOO CLOSELY,FOLLOWING TOO CLOSELY,0,0,0,0,16,4,11,244,63RD ST,41.981962,-87.666412,11/03/2021 04:59:00 PM,2021
CR00026055,05/24/2018 01:47:00 PM,20,CLEAR,DAYLIGHT,REAR END,NOT DIVIDED,NO CONTROLS,FAILING TO REDUCE SPEED,NOT APPLICABLE,0,0,0,0,13,5,5,1481,79TH ST,41.769499,-87.790029,05/24/2018 01:48:00 PM,2018
CR00026056,05/21/2015 07:53:00 PM,30,FREEZING RAIN/DRIZZLE,DAYLIGHT,SIDESWIPE SAME DIRECTION,DIVIDED - W/MEDIAN (NOT RAISED),TRAFFIC SIGNAL,FAILING TO YIELD RIGHT-OF-WAY,FAILING TO YIELD RIGHT-OF-WAY,0,2,1,3,19,5,5,1696,HALSTED ST,41.83168,-87.661121,05/21/2015 09:13:00 PM,2015
CR00026057,09/18/2015 09:53:00 AM,30,CLEAR,DAYLIGHT,TURNING,ONE-WAY,TRAFFIC SIGNAL,DISTRACTION - FROM INSIDE VEHICLE,FOLLOWING TOO CLOSELY,0,0,0,0,9,6,9,2500,KEDZIE AVE,41.786033,-87.651803,09/18/2015 10:58:00 AM,2015
CR00026058,11/02/2021 04:23:00 PM,20,CLEAR,DAYLIGHT,SIDESWIPE SAME DIRECTION,NOT DIVIDED,NO CONTROLS,WEATHER,UNABLE TO DETERMINE,0,0,0,0,16,3,11,155,CALIFORNIA AVE,41.899844,-87.623694,11/02/2021 05:41:00 PM,2021
CR00026059,01/20/2019 09:42:00 AM,30,CLEAR,DARKNESS - LIGHTED ROAD,SIDESWIPE SAME DIRECTION,NOT DIVIDED,NO CONTROLS,DRIVING SKILLS/KNOWLEDGE/EXPERIENCE,FOLLOWING TOO CLOSELY,0,0,0,0,9,1,1,447,ARCHER AVE,41.78333,-87.51024,01/20/2019 10:50:00 AM,2019
CR00026060,11/19/2023 12:14:00 AM,20,CLOUDY/OVERCAST,DARKNESS - LIGHTED ROAD,SIDESWIPE SAME DIRECTION,DIVIDED - W/MEDIAN (NOT RAISED),TRAFFIC SIGNAL,IMPROPER OVERTAKING/PASSING,IMPROPER OVERTAKING/PASSING,0,0,0,0,0,1,11,1121,ROOSEVELT RD,41.775624,-87.730935,11/19/2023 01:51:00 AM,2023
CR00026061,09/01/2021 04:12:00 PM,25,CLEAR,DARKNESS,PARKED MOTOR VEHICLE,NOT DIVIDED,TRAFFIC SIGNAL,IMPROPER LANE USAGE,NOT APPLICABLE,0,0,0,0,16,4,9,566,47TH ST,41.915458,-87.602709,09/01/2021 04:23:00 PM,2021
CR00026062,10/29/2022 08:30:00 AM,45,CLOUDY/OVERCAST,DARKNESS - LIGHTED ROAD,TURNING,FOUR WAY,NO CONTROLS,IMPROPER OVERTAKING/PASSING,NOT APPLICABLE,0,0,0,0,8,7,10,2394,79TH ST,41.775153,-87.538234,10/29/2022 09:16:00 AM,2022
CR00026063,03/03/2018 03:04:00 AM,30,CLEAR,DAYLIGHT,REAR END,DIVIDED - W/MEDIAN (NOT RAISED),NO CONTROLS,FAILING TO YIELD RIGHT-OF-WAY,UNABLE TO DETERMINE,0,0,0,0,3,7,3,1938,FULLERTON AVE,41.805018,-87.763242,03/03/2018 03:43:00 AM,2018
CR00026064,06/21/2021 03:30:00 PM,25,CLEAR,DARKNESS,REAR END,NOT DIVIDED,NO CONTROLS,FAILING TO YIELD RIGHT-OF-WAY,FAILING TO YIELD RIGHT-OF-WAY,0,1,0,1,15,2,6,135,47TH ST,41.924528,-87.835249,06/21/2021 05:23:00 PM,2021
CR00026065,12/17/2017 08:32:00 AM,45,FREEZING RAIN/DRIZZLE,DAYLIGHT,TURNING,DIVIDED - W/MEDIAN BARRIER,NO CONTROLS,IMPROPER LANE USAGE,NOT APPLICABLE,0,0,0,0,8,1,12,102,47TH ST,41.905269,-87.819042,12/17/2017 09:02:00 AM,2017
CR00026066,09/09/2015 09:47:00 AM,30,CLEAR,DAYLIGHT,PARKED MOTOR VEHICLE,DIVIDED - W/MEDIAN (NOT RAISED),TRAFFIC SIGNAL,UNABLE TO DETERMINE,UNABLE TO DETERMINE,0,0,0,0,9,4,9,680,47TH ST,41.843058,-87.536999,09/09/2015 10:52:00 AM,2015
CR00026067,02/28/2018 09:10:00 PM,45,CLEAR,DAYLIGHT,PARKED MOTOR VEHICLE,DIVIDED - W/MEDIAN BARRIER,TRAFFIC SIGNAL,UNABLE TO DETERMINE,IMPROPER OVERTAKING/PASSING,0,0,0,0,21,4,2,364,MICHIGAN AVE,41.828134,-87.555703,02/28/2018 11:06:00 PM,2018
CR00026068,03/26/2015 02:20:00 PM,25,CLEAR,DAYLIGHT,REAR END,DIVIDED - W/MEDIAN (NOT RAISED),UNKNOWN,FAILING TO YIELD RIGHT-OF-WAY,IMPROPER OVERTAKING/PASSING,0,0,0,0,14,5,3,1347,DAMEN AVE,41.816513,-87.836242,03/26/2015 03:06:00 PM,2015
CR00026069,12/02/2016 08:15:00 PM,40,RAIN,DAYLIGHT,FIXED OBJECT,DIVIDED - W/MEDIAN BARRIER,NO CONTROLS,FOLLOWING TOO CLOSELY,UNABLE TO DETERMINE,0,0,0,0,20,6,12,1296,HALSTED ST,41.961103,-87.617873,12/02/2016 09:29:00 PM,2016
CR00026070,08/01/2018 12:31:00 AM,35,CLEAR,DAYLIGHT,REAR END,T-INTERSECTION,NO CONTROLS,WEATHER,IMPROPER OVERTAKING/PASSING,0,0,1,1,0,4,8,2273,CALIFORNIA AVE,41.83174,-87.784874,08/01/2018 01:23:00 AM,2018
CR00026071,01/14/2016 09:17:00 AM,15,CLEAR,DAYLIGHT,PEDESTRIAN,NOT DIVIDED,NO CONTROLS,WEATHER,FOLLOWING TOO CLOSELY,0,0,0,0,9,5,1,1101,OGDEN AVE,41.714559,-87.684824,01/14/2016 10:57:00 AM,2016
CR00026072,08/22/2019 04:09:00 PM,35,RAIN,DARKNESS,TURNING,DIVIDED - W/MEDIAN (NOT RAISED),TRAFFIC SIGNAL,FAILING TO REDUCE SPEED,DISTRACTION - FROM INSIDE VEHICLE,0,0,1,1,16,5,8,2530,63RD ST,41.808452,-87.712045,08/22/2019 05:05:00 PM,2019
CR00026073,03/01/2015 01:56:00 PM,30,CLEAR,DAYLIGHT,TURNING,DIVIDED - W/MEDIAN (NOT RAISED),NO CONTROLS,FOLLOWING TOO CLOSELY,WEATHER,0,0,0,0,13,1,3,2427,DAMEN AVE,41.709539,-87.62032,03/01/2015 03:07:00 PM,2015
CR00026074,05/12/2018 08:53:00 PM,35,CLEAR,DAYLIGHT,REAR END,ONE-WAY,TRAFFIC SIGNAL,UNABLE TO DETERMINE,UNABLE TO DETERMINE,0,0,0,0,20,7,5,509,STATE ST,41.761587,-87.668288,05/12/2018 09:40:00 PM,2018
CR00026075,07/29/2020 07:03:00 AM,30,CLEAR,DARKNESS - LIGHTED ROAD,REAR END,NOT DIVIDED,TRAFFIC SIGNAL,UNABLE TO DETERMINE,NOT APPLICABLE,0,0,0,0,7,4,7,1591,STATE ST,41.834933,-87.741304,07/29/2020 08:47:00 AM,2020
CR00026076,08/25/2022 07:15:00 AM,40,CLOUDY/OVERCAST,DARKNESS - LIGHTED ROAD,TURNING,ONE-WAY,NO CONTROLS,UNABLE TO DETERMINE,NOT APPLICABLE,0,0,0,0,7,5,8,996,DIVISION ST,41.975019,-87.501402,08/25/2022 09:04:00 AM,2022
CR00026077,10/29/2023 03:56:00 AM,35,FREEZING RAIN/DRIZZLE,DAYLIGHT,SIDESWIPE SAME DIRECTION,DIVIDED - W/MEDIAN (NOT RAISED),STOP SIGN/FLASHER,UNABLE TO DETERMINE,UNABLE TO DETERMINE,0,0,0,0,3,1,10,787,ELSTON AVE,41.935203,-87.683898,10/29/2023 05:44:00 AM,2023
CR00026078,07/26/2024 03:37:00 PM,45,CLEAR,DAYLIGHT,TURNING,DIVIDED - W/MEDIAN BARRIER,NO CONTROLS,FAILING TO YIELD RIGHT-OF-WAY,DISREGARDING TRAFFIC SIGNALS,0,0,0,0,15,6,7,2284,MILWAUKEE AVE,41.726666,-87.816946,07/26/2024 04:43:00 PM,2024
CR00026079,10/13/2020 04:44:00 PM,20,CLEAR,DAYLIGHT,FIXED OBJECT,NOT DIVIDED,NO CONTROLS,DISTRACTION - FROM INSIDE VEHICLE,NOT APPLICABLE,0,0,0,0,16,3,10,1726,STONY ISLAND AVE,41.737248,-87.683547,10/13/2020 04:56:00 PM,2020
CR00026080,02/13/2018 08:27:00 PM,40,RAIN,DAYLIGHT,TURNING,NOT DIVIDED,STOP SIGN/FLASHER,IMPROPER LANE USAGE,UNABLE TO DETERMINE,0,0,0,0,20,3,2,1243,79TH ST,41.753223,-87.797571,02/13/2018 10:06:00 PM,2018
CR00026081,12/23/2019 11:06:00 PM,30,CLEAR,DAYLIGHT,REAR TO FRONT,DIVIDED - W/MEDIAN BARRIER,TRAFFIC SIGNAL,DRIVING SKILLS/KNOWLEDGE/EXPERIENCE,DISTRACTION - FROM INSIDE VEHICLE,0,0,0,0,23,2,12,649,STONY ISLAND AVE,41.959879,-87.709151,12/23/2019 11:09:00 PM,2019
CR00026082,04/06/2017 09:41:00 AM,15,CLEAR,DARKNESS - LIGHTED ROAD,ANGLE,DIVIDED - W/MEDIAN BARRIER,YIELD,UNABLE TO DETERMINE,UNABLE TO DETERMINE,0,0,0,0,9,5,4,1672,WESTERN AVE,41.827412,-87.719515,04/06/2017 11:06:00 AM,2017
CR00026083,03/04/2016 04:10:00 PM,45,CLEAR,DAYLIGHT,REAR TO FRONT,FOUR WAY,NO CONTROLS,IMPROPER LANE USAGE,FAILING TO YIELD RIGHT-OF-WAY,0,0,1,1,16,6,3,1307,IRVING PARK RD,41.705793,-87.534558,03/04/2016 05:22:00 PM,2016