CRASH_RECORD_ID,CRASH_DATE,POSTED_SPEED_LIMIT,WEATHER_CONDITION,LIGHTING_CONDITION,FIRST_CRASH_TYPE,TRAFFICWAY_TYPE,TRAFFIC_CONTROL_DEVICE,PRIM_CONTRIBUTORY_CAUSE,SEC_CONTRIBUTORY_CAUSE,INJURIES_FATAL,INJURIES_INCAPACITATING,INJURIES_NON_INCAPACITATING,INJURIES_TOTAL,CRASH_HOUR,CRASH_DAY_OF_WEEK,CRASH_MONTH,BEAT_OF_OCCURRENCE,STREET_NAME,LATITUDE,LONGITUDE,DATE_POLICE_NOTIFIED,year
CR00026084,01/26/2019 05:38:00 PM,30,CLEAR,DAYLIGHT,SIDESWIPE SAME DIRECTION,NOT DIVIDED,TRAFFIC SIGNAL,DRIVING SKILLS/KNOWLEDGE/EXPERIENCE,UNABLE TO DETERMINE,0,0,0,0,17,7,1,554,IRVING PARK RD,41.971878,-87.54433,01/26/2019 06:12:00 PM,2019
CR00026085,06/15/2016 07:56:00 AM,30,CLEAR,DAYLIGHT,REAR END,NOT DIVIDED,NO CONTROLS,FOLLOWING TOO CLOSELY,FAILING TO REDUCE SPEED,0,0,0,0,7,4,6,153,79TH ST,41.79344,-87.581312,06/15/2016 09:37:00 AM,2016
CR00026086,04/06/2015 05:19:00 PM,20,RAIN,DAYLIGHT,REAR END,DIVIDED - W/MEDIAN BARRIER,NO CONTROLS,FAILING TO YIELD RIGHT-OF-WAY,FAILING TO YIELD RIGHT-OF-WAY,0,0,0,0,17,2,4,215,PULASKI RD,41.785642,-87.558877,04/06/2015 06:20:00 PM,2015
CR00026087,04/15/2018 03:07:00 PM,15,CLEAR,DAYLIGHT,PARKED MOTOR VEHICLE,NOT DIVIDED,NO CONTROLS,FAILING TO YIELD RIGHT-OF-WAY,FOLLOWING TOO CLOSELY,0,0,0,0,15,1,4,2003,MICHIGAN AVE,41.930279,-87.788862,04/15/2018 03:09:00 PM,2018
CR00026088,01/31/2021 04:58:00 AM,35,CLEAR,DAYLIGHT,REAR END,DIVIDED - W/MEDIAN (NOT RAISED),UNKNOWN,IMPROPER LANE USAGE,NOT APPLICABLE,0,0,0,0,4,1,1,552,ARCHER AVE,41.703004,-87.646034,01/31/2021 06:35:00 AM,2021
CR00026089,02/17/2018 04:21:00 PM,30,FOG/SMOKE/HAZE,DUSK,ANGLE,NOT DIVIDED,NO CONTROLS,UNABLE TO DETERMINE,NOT APPLICABLE,0,0,0,0,16,7,2,355,STATE ST,41.998833,-87.541,02/17/2018 05:54:00 PM,2018
CR00026090,02/23/2020 03:13:00 AM,15,CLEAR,DAYLIGHT,REAR TO FRONT,DIVIDED - W/MEDIAN BARRIER,TRAFFIC SIGNAL,UNABLE TO DETERMINE,UNABLE TO DETERMINE,0,1,1,2,3,1,2,670,OGDEN AVE,41.720028,-87.647288,02/23/2020 04:25:00 AM,2020
CR00026091,12/27/2020 09:55:00 AM,35,RAIN,DAYLIGHT,REAR END,FOUR WAY,TRAFFIC SIGNAL,UNABLE TO DETERMINE,FOLLOWING TOO CLOSELY,0,0,0,0,9,1,12,1179,ASHLAND AVE,41.754304,-87.551482,12/27/2020 11:23:00 AM,2020
CR00026092,05/15/2021 07:54:00 AM,15,CLEAR,DAYLIGHT,SIDESWIPE SAME DIRECTION,NOT DIVIDED,STOP SIGN/FLASHER,UNABLE TO DETERMINE,NOT APPLICABLE,0,0,0,0,7,7,5,350,FULLERTON AVE,41.900392,-87.709218,05/15/2021 09:42:00 AM,2021
CR00026093,05/01/2024 03:50:00 AM,30,SNOW,DARKNESS - LIGHTED ROAD,PARKED MOTOR VEHICLE,NOT DIVIDED,STOP SIGN/FLASHER,DRIVING SKILLS/KNOWLEDGE/EXPERIENCE,FAILING TO YIELD RIGHT-OF-WAY,0,0,0,0,3,4,5,2429,KEDZIE AVE,41.886318,-87.682936,05/01/2024 05:38:00 AM,2024
CR00026094,03/10/2015 08:10:00 PM,20,SNOW,DARKNESS - LIGHTED ROAD,SIDESWIPE SAME DIRECTION,DIVIDED - W/MEDIAN (NOT RAISED),NO CONTROLS,UNABLE TO DETERMINE,FAILING TO YIELD RIGHT-OF-WAY,0,0,1,1,20,3,3,1117,DIVISION ST,41.896196,-87.696688,03/10/2015 08:29:00 PM,2015
CR00026095,11/20/2024 03:21:00 AM,15,CLEAR,DARKNESS,REAR END,NOT DIVIDED,YIELD,IMPROPER OVERTAKING/PASSING,FOLLOWING TOO CLOSELY,0,0,0,0,3,4,11,2212,MILWAUKEE AVE,41.846813,-87.701236,11/20/2024 04:46:00 AM,2024
CR00026096,08/12/2020 12:34:00 AM,35,CLEAR,DAYLIGHT,TURNING,ONE-WAY,NO CONTROLS,UNABLE TO DETERMINE,UNABLE TO DETERMINE,0,0,0,0,0,4,8,702,DAMEN AVE,41.778793,-87.776635,08/12/2020 01:19:00 AM,2020
CR00026097,04/12/2015 08:24:00 PM,40,CLEAR,DAYLIGHT,REAR END,NOT DIVIDED,NO CONTROLS,UNABLE TO DETERMINE,FOLLOWING TOO CLOSELY,0,0,0,0,20,1,4,251,DIVISION ST,41.897029,-87.837184,04/12/2015 08:35:00 PM,2015
CR00026098,03/29/2015 09:14:00 AM,20,FOG/SMOKE/HAZE,DAYLIGHT,ANGLE,ONE-WAY,TRAFFIC SIGNAL,UNABLE TO DETERMINE,IMPROPER OVERTAKING/PASSING,0,0,1,1,9,1,3,468,47TH ST,41.990046,-87.773592,03/29/2015 09:21:00 AM,2015
CR00026099,04/17/2023 08:28:00 PM,30,CLEAR,DAWN,FIXED OBJECT,NOT DIVIDED,TRAFFIC SIGNAL,FAILING TO YIELD RIGHT-OF-WAY,UNABLE TO DETERMINE,0,0,0,0,20,2,4,757,KEDZIE AVE,41.955246,-87.547965,04/17/2023 08:39:00 PM,2023
CR00026100,07/30/2024 07:20:00 AM,35,CLEAR,DAYLIGHT,TURNING,DIVIDED - W/MEDIAN BARRIER,NO CONTROLS,FOLLOWING TOO CLOSELY,FAILING TO YIELD RIGHT-OF-WAY,0,0,0,0,7,3,7,1531,ROOSEVELT RD,41.79194,-87.623753,07/30/2024 08:00:00 AM,2024
CR00026101,03/09/2020 03:21:00 PM,30,CLEAR,DARKNESS - LIGHTED ROAD,REAR TO FRONT,NOT DIVIDED,NO CONTROLS,DRIVING SKILLS/KNOWLEDGE/EXPERIENCE,DISREGARDING TRAFFIC SIGNALS,0,0,0,0,15,2,3,249,STATE ST,41.946523,-87.69761,03/09/2020 04:37:00 PM,2020
CR00026102,03/08/2015 07:24:00 AM,35,CLEAR,DAYLIGHT,SIDESWIPE SAME DIRECTION,NOT DIVIDED,TRAFFIC SIGNAL,IMPROPER LANE USAGE,FOLLOWING TOO CLOSELY,0,0,0,0,7,1,3,822,ROOSEVELT RD,41.851718,-87.787432,03/08/2015 07:34:00 AM,2015
CR00026103,01/20/2019 05:49:00 AM,45,CLEAR,DAYLIGHT,REAR END,ONE-WAY,NO CONTROLS,UNABLE TO DETERMINE,DISTRACTION - FROM INSIDE VEHICLE,0,0,0,0,5,1,1,609,CICERO AVE,41.986489,-87.531308,01/20/2019 06:55:00 AM,2019
CR00026104,08/30/2018 03:39:00 PM,35,CLEAR,DAYLIGHT,TURNING,NOT DIVIDED,TRAFFIC SIGNAL,FAILING TO REDUCE SPEED,NOT APPLICABLE,0,0,0,0,15,5,8,1463,MILWAUKEE AVE,41.708575,-87.67751,08/30/2018 05:19:00 PM,2018
CR00026105,08/09/2018 08:55:00 AM,30,RAIN,DARKNESS - LIGHTED ROAD,SIDESWIPE SAME DIRECTION,ONE-WAY,NO CONTROLS,FOLLOWING TOO CLOSELY,IMPROPER OVERTAKING/PASSING,0,0,0,0,8,5,8,735,HALSTED ST,41.764274,-87.844942,08/09/2018 09:25:00 AM,2018
CR00026106,04/26/2016 09:19:00 AM,30,CLEAR,DAYLIGHT,REAR END,DIVIDED - W/MEDIAN (NOT RAISED),NO CONTROLS,DISTRACTION - FROM INSIDE VEHICLE,UNABLE TO DETERMINE,0,0,0,0,9,3,4,1935,79TH ST,41.897505,-87.552657,04/26/2016 09:33:00 AM,2016
CR00026107,05/06/2024 11:41:00 AM,15,CLEAR,DARKNESS - LIGHTED ROAD,REAR END,DIVIDED - W/MEDIAN BARRIER,NO CONTROLS,UNABLE TO DETERMINE,FAILING TO YIELD RIGHT-OF-WAY,0,0,0,0,11,2,5,1310,ROOSEVELT RD,41.879577,-87.500562,05/06/2024 11:45:00 AM,2024
CR00026108,04/24/2020 03:55:00 PM,20,FOG/SMOKE/HAZE,DARKNESS - LIGHTED ROAD,TURNING,ONE-WAY,NO CONTROLS,UNABLE TO DETERMINE,UNABLE TO DETERMINE,0,0,2,2,15,6,4,1915,WESTERN AVE,41.806917,-87.701864,04/24/2020 04:15:00 PM,2020
CR00026109,10/06/2022 11:15:00 PM,35,CLEAR,DAYLIGHT,PARKED MOTOR VEHICLE,NOT DIVIDED,TRAFFIC SIGNAL,IMPROPER LANE USAGE,FOLLOWING TOO CLOSELY,0,0,0,0,23,5,10,637,MILWAUKEE AVE,41.813756,-87.652906,10/06/2022 11:25:00 PM,2022
CR00026110,07/25/2017 08:45:00 AM,25,CLEAR,DARKNESS - LIGHTED ROAD,TURNING,DIVIDED - W/MEDIAN (NOT RAISED),NO CONTROLS,UNABLE TO DETERMINE,IMPROPER LANE USAGE,0,0,0,0,8,3,7,1731,MILWAUKEE AVE,41.898339,-87.541337,07/25/2017 09:50:00 AM,2017
CR00026111,09/29/2018 04:32:00 PM,35,CLEAR,DARKNESS - LIGHTED ROAD,REAR END,ONE-WAY,STOP SIGN/FLASHER,FOLLOWING TOO CLOSELY,UNABLE TO DETERMINE,0,0,0,0,16,7,9,1746,MICHIGAN AVE,41.760296,-87.768022,09/29/2018 05:27:00 PM,2018
CR00026112,08/02/2020 04:02:00 PM,30,CLEAR,DARKNESS,REAR END,NOT DIVIDED,NO CONTROLS,FAILING TO YIELD RIGHT-OF-WAY,FAILING TO YIELD RIGHT-OF-WAY,0,0,0,0,16,1,8,2234,79TH ST,41.913973,-87.511513,08/02/2020 05:24:00 PM,2020
CR00026113,10/08/2022 03:50:00 PM,40,SNOW,DAYLIGHT,FIXED OBJECT,NOT DIVIDED,STOP SIGN/FLASHER,FOLLOWING TOO CLOSELY,NOT APPLICABLE,0,0,0,0,15,7,10,600,ROOSEVELT RD,41.954226,-87.513295,10/08/2022 04:44:00 PM,2022
CR00026114,09/25/2016 08:58:00 PM,25,SNOW,DAYLIGHT,TURNING,FOUR WAY,NO CONTROLS,FAILING TO YIELD RIGHT-OF-WAY,DRIVING SKILLS/KNOWLEDGE/EXPERIENCE,0,0,0,0,20,1,9,1156,79TH ST,41.981483,-87.796753,09/25/2016 09:26:00 PM,2016
CR00026115,10/25/2018 11:05:00 AM,25,CLEAR,DAYLIGHT,TURNING,NOT DIVIDED,TRAFFIC SIGNAL,IMPROPER LANE USAGE,UNABLE TO DETERMINE,0,0,0,0,11,5,10,1040,47TH ST,41.709292,-87.574408,10/25/2018 12:35:00 PM,2018
CR00026116,12/03/2017 12:06:00 AM,25,CLOUDY/OVERCAST,DAYLIGHT,TURNING,NOT DIVIDED,NO CONTROLS,IMPROPER LANE USAGE,IMPROPER OVERTAKING/PASSING,0,0,0,0,0,1,12,1565,STATE ST,41.864119,-87.798999,12/03/2017 12:47:00 AM,2017
CR00026117,03/03/2020 11:56:00 PM,25,CLEAR,DAYLIGHT,PARKED MOTOR VEHICLE,DIVIDED - W/MEDIAN BARRIER,NO CONTROLS,UNABLE TO DETERMINE,DISTRACTION - FROM INSIDE VEHICLE,0,0,0,0,23,3,3,612,MILWAUKEE AVE,41.914277,-87.589615,03/04/2020 01:05:00 AM,2020
CR00026118,08/06/2017 06:50:00 PM,30,CLEAR,DARKNESS - LIGHTED ROAD,TURNING,FOUR WAY,UNKNOWN,UNABLE TO DETERMINE,UNABLE TO DETERMINE,0,0,0,0,18,1,8,772,CICERO AVE,41.794181,-87.564483,08/06/2017 06:57:00 PM,2017
CR00026119,12/08/2021 05:14:00 PM,30,FOG/SMOKE/HAZE,DAYLIGHT,ANGLE,DIVIDED - W/MEDIAN BARRIER,TRAFFIC SIGNAL,FOLLOWING TOO CLOSELY,UNABLE TO DETERMINE,0,0,0,0,17,4,12,1310,MILWAUKEE AVE,41.906432,-87.796611,12/08/2021 05:23:00 PM,2021
CR00026120,05/30/2023 07:29:00 AM,30,CLEAR,DAYLIGHT,TURNING,DIVIDED - W/MEDIAN BARRIER,STOP SIGN/FLASHER,FAILING TO YIELD RIGHT-OF-WAY,IMPROPER OVERTAKING/PASSING,0,0,0,0,7,3,5,1772,MICHIGAN AVE,41.845809,-87.740788,05/30/2023 09:20:00 AM,2023
CR00026121,05/18/2016 08:24:00 AM,35,CLEAR,DAYLIGHT,ANGLE,NOT DIVIDED,NO CONTROLS,IMPROPER OVERTAKING/PASSING,DRIVING SKILLS/KNOWLEDGE/EXPERIENCE,0,0,0,0,8,4,5,1024,CICERO AVE,41.98625,-87.591808,05/18/2016 10:13:00 AM,2016
CR00026122,04/28/2019 06:16:00 PM,45,CLEAR,DAYLIGHT,REAR END,DIVIDED - W/MEDIAN BARRIER,NO CONTROLS,UNABLE TO DETERMINE,DISTRACTION - FROM INSIDE VEHICLE,0,0,0,0,18,1,4,723,WESTERN AVE,41.707603,-87.632773,04/28/2019 06:43:00 PM,2019
CR00026123,04/24/2021 06:07:00 PM,40,CLEAR,DAYLIGHT,REAR END,ONE-WAY,NO CONTROLS,FAILING TO YIELD RIGHT-OF-WAY,FOLLOWING TOO CLOSELY,0,0,0,0,18,7,4,962,47TH ST,41.735979,-87.794117,04/24/2021 07:34:00 PM,2021
CR00026124,05/03/2017 08:46:00 PM,35,CLEAR,DUSK,TURNING,DIVIDED - W/MEDIAN (NOT RAISED),NO CONTROLS,IMPROPER LANE USAGE,IMPROPER LANE USAGE,0,0,0,0,20,4,5,1720,ROOSEVELT RD,41.908217,-87.730424,05/03/2017 10:40:00 PM,2017
CR00026125,06/16/2018 07:17:00 PM,45,CLEAR,DARKNESS - LIGHTED ROAD,ANGLE,NOT DIVIDED,TRAFFIC SIGNAL,FAILING TO REDUCE SPEED,NOT APPLICABLE,0,0,1,1,19,7,6,1632,BROADWAY,41.971863,-87.732923,06/16/2018 09:11:00 PM,2018
CR00026126,04/16/2024 05:21:00 PM,30,CLEAR,DAYLIGHT,TURNING,ONE-WAY,TRAFFIC SIGNAL,FAILING TO YIELD RIGHT-OF-WAY,IMPROPER LANE USAGE,0,0,0,0,17,3,4,2438,CICERO AVE,41.934081,-87.57088,04/16/2024 06:50:00 PM,2024
CR00026127,02/25/2016 10:46:00 PM,35,CLEAR,DAYLIGHT,FIXED OBJECT,FOUR WAY,NO CONTROLS,FOLLOWING TOO CLOSELY,UNABLE TO DETERMINE,0,0,0,0,22,5,2,794,LAKE SHORE DR,41.803116,-87.56043,02/25/2016 11:15:00 PM,2016
CR00026128,06/11/2023 02:05:00 PM,30,CLEAR,DARKNESS - LIGHTED ROAD,PARKED MOTOR VEHICLE,DIVIDED - W/MEDIAN (NOT RAISED),NO CONTROLS,IMPROPER LANE USAGE,UNABLE TO DETERMINE,0,0,0,0,14,1,6,152,HALSTED ST,41.782602,-87.608316,06/11/2023 04:03:00 PM,2023
CR00026129,06/21/2022 05:43:00 PM,30,CLEAR,DAYLIGHT,ANGLE,NOT DIVIDED,STOP SIGN/FLASHER,FAILING TO YIELD RIGHT-OF-WAY,IMPROPER OVERTAKING/PASSING,0,0,0,0,17,3,6,2493,STATE ST,41.755006,-87.805375,06/21/2022 05:59:00 PM,2022
CR00026130,11/07/2018 11:55:00 PM,30,FOG/SMOKE/HAZE,DARKNESS - LIGHTED ROAD,FIXED OBJECT,DIVIDED - W/MEDIAN (NOT RAISED),NO CONTROLS,FOLLOWING TOO CLOSELY,IMPROPER LANE USAGE,0,0,0,0,23,4,11,236,DIVISION ST,41.827148,-87.742459,11/08/2018 01:14:00 AM,2018
CR00026131,11/07/2022 10:52:00 PM,15,RAIN,DARKNESS,TURNING,DIVIDED - W/MEDIAN (NOT RAISED),NO CONTROLS,DISREGARDING TRAFFIC SIGNALS,NOT APPLICABLE,0,0,0,0,22,2,11,364,47TH ST,41.769069,-87.810939,11/07/2022 11:19:00 PM,2022
CR00026132,02/19/2017 07:54:00 PM,30,CLEAR,DAYLIGHT,REAR END,FOUR WAY,NO CONTROLS,DISREGARDING TRAFFIC SIGNALS,IMPROPER OVERTAKING/PASSING,0,0,0,0,19,1,2,1812,CLARK ST,41.758738,-87.604887,02/19/2017 09:20:00 PM,2017
CR00026133,08/25/2020 04:04:00 AM,25,CLEAR,DARKNESS - LIGHTED ROAD,TURNING,NOT DIVIDED,TRAFFIC SIGNAL,IMPROPER LANE USAGE,FOLLOWING TOO CLOSELY,0,0,0,0,4,3,8,879,BROADWAY,41.873561,-87.685421,08/25/2020 06:01:00 AM,2020
CR00026134,08/06/2024 08:42:00 AM,25,CLEAR,DARKNESS - LIGHTED ROAD,TURNING,NOT DIVIDED,TRAFFIC SIGNAL,UNABLE TO DETERMINE,UNABLE TO DETERMINE,0,1,2,3,8,3,8,638,DAMEN AVE,41.777989,-87.734136,08/06/2024 09:55:00 AM,2024
CR00026135,08/27/2022 03:50:00 PM,25,CLEAR,DAYLIGHT,TURNING,NOT DIVIDED,TRAFFIC SIGNAL,FOLLOWING TOO CLOSELY,UNABLE TO DETERMINE,0,0,0,0,15,7,8,2047,FULLERTON AVE,41.937744,-87.52747,08/27/2022 04:56:00 PM,2022
CR00026136,10/13/2016 07:01:00 PM,25,CLEAR,DAYLIGHT,SIDESWIPE SAME DIRECTION,ONE-WAY,NO CONTROLS,FOLLOWING TOO CLOSELY,UNABLE TO DETERMINE,0,0,0,0,19,5,10,290,IRVING PARK RD,41.957576,-87.798433,10/13/2016 08:37:00 PM,2016
CR00026137,04/22/2023 04:01:00 PM,15,RAIN,DAYLIGHT,REAR END,ONE-WAY,TRAFFIC SIGNAL,WEATHER,FAILING TO YIELD RIGHT-OF-WAY,0,0,2,2,16,7,4,417,MICHIGAN AVE,41.731794,-87.520111,04/22/2023 04:40:00 PM,2023
CR00026138,03/09/2019 08:34:00 PM,30,RAIN,DARKNESS - LIGHTED ROAD,PARKED MOTOR VEHICLE,T-INTERSECTION,STOP SIGN/FLASHER,UNABLE TO DETERMINE,FOLLOWING TOO CLOSELY,0,0,1,1,20,7,3,1205,PULASKI RD,41.870664,-87.779606,03/09/2019 09:20:00 PM,2019
CR00026139,09/12/2024 10:53:00 AM,40,CLEAR,DAYLIGHT,REAR END,T-INTERSECTION,NO CONTROLS,IMPROPER LANE USAGE,FOLLOWING TOO CLOSELY,0,0,0,0,10,5,9,1584,HALSTED ST,41.758179,-87.723032,09/12/2024 11:16:00 AM,2024
CR00026140,12/30/2024 05:11:00 AM,30,CLEAR,DAYLIGHT,REAR END,FOUR WAY,TRAFFIC SIGNAL,IMPROPER LANE USAGE,IMPROPER OVERTAKING/PASSING,0,0,0,0,5,2,12,966,FULLERTON AVE,41.833386,-87.720049,12/30/2024 06:06:00 AM,2024
CR00026141,12/03/2016 10:10:00 AM,30,CLEAR,DARKNESS - LIGHTED ROAD,REAR END,DIVIDED - W/MEDIAN BARRIER,NO CONTROLS,IMPROPER LANE USAGE,FOLLOWING TOO CLOSELY,0,1,0,1,10,7,12,2532,DAMEN AVE,41.842069,-87.599178,12/03/2016 11:47:00 AM,2016
CR00026142,02/24/2023 06:05:00 PM,30,CLEAR,DAYLIGHT,SIDESWIPE SAME DIRECTION,DIVIDED - W/MEDIAN (NOT RAISED),NO CONTROLS,DISTRACTION - FROM INSIDE VEHICLE,FOLLOWING TOO CLOSELY,0,0,0,0,18,6,2,1413,MICHIGAN AVE,41.717598,-87.74941,02/24/2023 07:47:00 PM,2023
CR00026143,02/02/2017 01:55:00 AM,30,RAIN,DARKNESS - LIGHTED ROAD,REAR END,FOUR WAY,TRAFFIC SIGNAL,UNABLE TO DETERMINE,NOT APPLICABLE,0,0,0,0,1,5,2,466,OGDEN AVE,41.801051,-87.661959,02/02/2017 02:10:00 AM,2017
CR00026144,08/15/2018 10:22:00 PM,25,CLEAR,DARKNESS - LIGHTED ROAD,REAR END,NOT DIVIDED,STOP SIGN/FLASHER,UNABLE TO DETERMINE,IMPROPER LANE USAGE,0,0,0,0,22,4,8,1444,MILWAUKEE AVE,41.916684,-87.723008,08/15/2018 10:31:00 PM,2018
CR00026145,02/01/2021 03:53:00 PM,35,CLEAR,DAYLIGHT,REAR END,T-INTERSECTION,TRAFFIC SIGNAL,DISTRACTION - FROM INSIDE VEHICLE,IMPROPER LANE USAGE,0,0,0,0,15,2,2,498,MICHIGAN AVE,41.799016,-87.510578,02/01/2021 05:28:00 PM,2021
CR00026146,05/13/2024 06:29:00 PM,30,CLEAR,DAYLIGHT,FIXED OBJECT,ONE-WAY,NO CONTROLS,UNABLE TO DETERMINE,FOLLOWING TOO CLOSELY,0,0,0,0,18,2,5,179,BROADWAY,41.983956,-87.74549,05/13/2024 08:05:00 PM,2024
CR00026147,01/27/2023 02:40:00 AM,35,CLEAR,DARKNESS - LIGHTED ROAD,REAR END,ONE-WAY,NO CONTROLS,DISTRACTION - FROM INSIDE VEHICLE,IMPROPER OVERTAKING/PASSING,0,2,1,3,2,6,1,1765,MILWAUKEE AVE,41.787072,-87.601462,01/27/2023 03:47:00 AM,2023
CR00026148,02/03/2021 02:05:00 PM,30,CLEAR,DAYLIGHT,TURNING,DIVIDED - W/MEDIAN (NOT RAISED),NO CONTROLS,WEATHER,IMPROPER LANE USAGE,0,0,0,0,14,4,2,2247,FULLERTON AVE,41.974684,-87.503575,02/03/2021 02:47:00 PM,2021
CR00026149,01/22/2022 08:23:00 AM,30,CLEAR,DUSK,SIDESWIPE SAME DIRECTION,T-INTERSECTION,NO CONTROLS,UNABLE TO DETERMINE,IMPROPER LANE USAGE,0,0,0,0,8,7,1,1005,MILWAUKEE AVE,41.857425,-87.538469,01/22/2022 09:43:00 AM,2022
CR00026150,12/26/2018 08:52:00 PM,35,RAIN,DARKNESS - LIGHTED ROAD,PARKED MOTOR VEHICLE,NOT DIVIDED,TRAFFIC SIGNAL,DRIVING SKILLS/KNOWLEDGE/EXPERIENCE,FAILING TO YIELD RIGHT-OF-WAY,0,0,0,0,20,4,12,2446,ARCHER AVE,41.846245,-87.799787,12/26/2018 09:03:00 PM,2018
CR00026151,04/21/2018 01:20:00 PM,30,CLEAR,DAYLIGHT,SIDESWIPE SAME DIRECTION,DIVIDED - W/MEDIAN (NOT RAISED),NO CONTROLS,DISTRACTION - FROM INSIDE VEHICLE,NOT APPLICABLE,0,0,0,0,13,7,4,1373,63RD ST,41.853774,-87.809247,04/21/2018 01:55:00 PM,2018
CR00026152,08/06/2017 03:59:00 AM,30,CLEAR,DAYLIGHT,ANGLE,NOT DIVIDED,NO CONTROLS,UNABLE TO DETERMINE,DISREGARDING TRAFFIC SIGNALS,0,0,0,0,3,1,8,1302,ROOSEVELT RD,41.915181,-87.515472,08/06/2017 04:12:00 AM,2017
CR00026153,08/27/2015 08:06:00 AM,20,CLEAR,DAWN,FIXED OBJECT,ONE-WAY,TRAFFIC SIGNAL,FOLLOWING TOO CLOSELY,IMPROPER LANE USAGE,0,0,0,0,8,5,8,1898,79TH ST,41.726677,-87.793718,08/27/2015 08:10:00 AM,2015
CR00026154,04/18/2018 07:47:00 PM,30,CLEAR,DARKNESS - LIGHTED ROAD,TURNING,DIVIDED - W/MEDIAN (NOT RAISED),TRAFFIC SIGNAL,UNABLE TO DETERMINE,FAILING TO YIELD RIGHT-OF-WAY,0,0,0,0,19,4,4,963,IRVING PARK RD,41.978665,-87.625173,04/18/2018 08:03:00 PM,2018
CR00026155,12/06/2024 09:17:00 PM,25,CLEAR,DARKNESS,FIXED OBJECT,DIVIDED - W/MEDIAN BARRIER,NO CONTROLS,UNABLE TO DETERMINE,NOT APPLICABLE,0,0,0,0,21,6,12,729,WESTERN AVE,41.769888,-87.610424,12/06/2024 11:15:00 PM,2024
CR00026156,12/10/2023 06:47:00 AM,25,FREEZING RAIN/DRIZZLE,DARKNESS - LIGHTED ROAD,REAR END,NOT DIVIDED,STOP SIGN/FLASHER,UNABLE TO DETERMINE,UNABLE TO DETERMINE,0,0,0,0,6,1,12,2119,LAKE SHORE DR,41.774483,-87.721129,12/10/2023 07:56:00 AM,2023
CR00026157,04/07/2022 04:48:00 PM,30,RAIN,DAYLIGHT,TURNING,DIVIDED - W/MEDIAN (NOT RAISED),NO CONTROLS,UNABLE TO DETERMINE,FAILING TO REDUCE SPEED,0,0,0,0,16,5,4,1973,CALIFORNIA AVE,41.933914,-87.58851,04/07/2022 05:01:00 PM,2022
CR00026158,03/23/2018 02:00:00 PM,30,CLEAR,DAYLIGHT,SIDESWIPE SAME DIRECTION,DIVIDED - W/MEDIAN (NOT RAISED),STOP SIGN/FLASHER,IMPROPER OVERTAKING/PASSING,WEATHER,0,0,0,0,14,6,3,851,ELSTON AVE,41.849876,-87.530806,03/23/2018 03:47:00 PM,2018
CR00026159,12/19/2018 11:28:00 PM,30,SNOW,DAYLIGHT,ANGLE,NOT DIVIDED,NO CONTROLS,IMPROPER OVERTAKING/PASSING,UNABLE TO DETERMINE,0,0,0,0,23,4,12,676,DAMEN AVE,41.720876,-87.837523,12/20/2018 12:38:00 AM,2018
CR00026160,01/23/2016 03:57:00 PM,20,CLEAR,DUSK,PARKED MOTOR VEHICLE,NOT DIVIDED,YIELD,FAILING TO REDUCE SPEED,UNABLE TO DETERMINE,0,0,1,1,15,7,1,1481,STONY ISLAND AVE,41.833053,-87.651041,01/23/2016 05:04:00 PM,2016
CR00026161,01/23/2020 10:44:00 PM,40,CLEAR,DAYLIGHT,FIXED OBJECT,NOT DIVIDED,TRAFFIC SIGNAL,UNABLE TO DETERMINE,FOLLOWING TOO CLOSELY,0,0,0,0,22,5,1,2154,DIVISION ST,41.75895,-87.832546,01/23/2020 11:38:00 PM,2020
CR00026162,01/05/2024 11:41:00 PM,30,CLEAR,DAYLIGHT,ANGLE,NOT DIVIDED,NO CONTROLS,FAILING TO YIELD RIGHT-OF-WAY,DISREGARDING TRAFFIC SIGNALS,0,0,0,0,23,6,1,815,STONY ISLAND AVE,41.873932,-87.822715,01/05/2024 11:57:00 PM,2024
CR00026163,04/10/2021 09:29:00 AM,40,CLEAR,DARKNESS,REAR END,ONE-WAY,PEDESTRIAN CROSSING SIGN,DRIVING SKILLS/KNOWLEDGE/EXPERIENCE,FAILING TO REDUCE SPEED,0,1,1,2,9,7,4,1794,STONY ISLAND AVE,41.863749,-87.617994,04/10/2021 09:58:00 AM,2021
CR00026164,02/05/2017 01:01:00 PM,30,CLEAR,DAYLIGHT,SIDESWIPE SAME DIRECTION,FOUR WAY,STOP SIGN/FLASHER,UNABLE TO DETERMINE,NOT APPLICABLE,0,0,0,0,13,1,2,668,CLARK ST,41.865884,-87.621143,02/05/2017 01:33:00 PM,2017
CR00026165,01/30/2021 07:22:00 AM,25,RAIN,DAYLIGHT,REAR TO FRONT,NOT DIVIDED,STOP SIGN/FLASHER,UNABLE TO DETERMINE,NOT APPLICABLE,0,0,0,0,7,7,1,1042,DIVISION ST,41.850704,-87.822293,01/30/2021 07:57:00 AM,2021
CR00026166,10/18/2016 03:33:00 AM,30,CLEAR,DAYLIGHT,REAR END,DIVIDED - W/MEDIAN BARRIER,NO CONTROLS,DRIVING SKILLS/KNOWLEDGE/EXPERIENCE,UNABLE TO DETERMINE,0,0,0,0,3,3,10,1470,DAMEN AVE,41.746779,-87.746115,10/18/2016 05:20:00 AM,2016