CRASH_RECORD_ID,CRASH_DATE,POSTED_SPEED_LIMIT,WEATHER_CONDITION,LIGHTING_CONDITION,FIRST_CRASH_TYPE,TRAFFICWAY_TYPE,TRAFFIC_CONTROL_DEVICE,PRIM_CONTRIBUTORY_CAUSE,SEC_CONTRIBUTORY_CAUSE,INJURIES_FATAL,INJURIES_INCAPACITATING,INJURIES_NON_INCAPACITATING,INJURIES_TOTAL,CRASH_HOUR,CRASH_DAY_OF_WEEK,CRASH_MONTH,BEAT_OF_OCCURRENCE,STREET_NAME,LATITUDE,LONGITUDE,DATE_POLICE_NOTIFIED,year
CR00026167,06/26/2017 05:55:00 PM,35,CLEAR,DAYLIGHT,REAR END,NOT DIVIDED,STOP SIGN/FLASHER,FAILING TO YIELD RIGHT-OF-WAY,FAILING TO YIELD RIGHT-OF-WAY,0,0,1,1,17,2,6,108,47TH ST,41.754067,-87.573342,06/26/2017 05:59:00 PM,2017
CR00026168,02/26/2015 08:47:00 AM,30,CLEAR,DARKNESS - LIGHTED ROAD,REAR END,DIVIDED - W/MEDIAN (NOT RAISED),UNKNOWN,FOLLOWING TOO CLOSELY,UNABLE TO DETERMINE,0,0,0,0,8,5,2,1609,LAKE SHORE DR,41.817439,-87.774956,02/26/2015 10:47:00 AM,2015
CR00026169,01/22/2020 08:05:00 AM,35,CLEAR,DAYLIGHT,FIXED OBJECT,DIVIDED - W/MEDIAN (NOT RAISED),UNKNOWN,UNABLE TO DETERMINE,UNABLE TO DETERMINE,0,0,1,1,8,4,1,2335,ELSTON AVE,41.898429,-87.617119,01/22/2020 09:15:00 AM,2020
CR00026170,06/15/2023 05:16:00 PM,45,CLEAR,DARKNESS - LIGHTED ROAD,PARKED MOTOR VEHICLE,FOUR WAY,PEDESTRIAN CROSSING SIGN,UNABLE TO DETERMINE,UNABLE TO DETERMINE,0,0,0,0,17,5,6,611,HALSTED ST,41.740804,-87.801223,06/15/2023 07:13:00 PM,2023
CR00026171,09/24/2015 10:07:00 AM,25,SNOW,DAYLIGHT,ANGLE,NOT DIVIDED,NO CONTROLS,UNABLE TO DETERMINE,NOT APPLICABLE,0,0,0,0,10,5,9,2248,CLARK ST,41.731393,-87.508642,09/24/2015 11:41:00 AM,2015
CR00026172,12/14/2016 03:26:00 AM,35,CLEAR,DAYLIGHT,REAR END,NOT DIVIDED,UNKNOWN,UNABLE TO DETERMINE,FAILING TO REDUCE SPEED,0,0,2,2,3,4,12,628,PULASKI RD,41.835945,-87.841604,12/14/2016 04:44:00 AM,2016
CR00026173,06/30/2019 01:14:00 PM,30,CLEAR,DAYLIGHT,FIXED OBJECT,NOT DIVIDED,STOP SIGN/FLASHER,UNABLE TO DETERMINE,UNABLE TO DETERMINE,0,0,0,0,13,1,6,188,STATE ST,41.835788,-87.787759,06/30/2019 02:12:00 PM,2019
CR00026174,02/26/2023 05:10:00 PM,20,CLEAR,DARKNESS,PARKED MOTOR VEHICLE,T-INTERSECTION,TRAFFIC SIGNAL,UNABLE TO DETERMINE,FOLLOWING TOO CLOSELY,0,0,0,0,17,1,2,1419,CLARK ST,41.966333,-87.692263,02/26/2023 05:48:00 PM,2023
CR00026175,06/14/2017 03:54:00 PM,15,CLEAR,DAYLIGHT,REAR END,NOT DIVIDED,NO CONTROLS,DISTRACTION - FROM INSIDE VEHICLE,DRIVING SKILLS/KNOWLEDGE/EXPERIENCE,0,0,0,0,15,4,6,210,OGDEN AVE,41.753061,-87.616286,06/14/2017 05:35:00 PM,2017
CR00026176,10/19/2016 07:59:00 AM,30,CLEAR,DAYLIGHT,REAR END,NOT DIVIDED,TRAFFIC SIGNAL,WEATHER,UNABLE TO DETERMINE,0,0,0,0,7,4,10,2384,ASHLAND AVE,41.797639,-87.715626,10/19/2016 09:28:00 AM,2016
CR00026177,08/22/2016 12:51:00 PM,30,CLEAR,DAYLIGHT,REAR END,FOUR WAY,NO CONTROLS,UNABLE TO DETERMINE,NOT APPLICABLE,0,0,0,0,12,2,8,1720,47TH ST,41.806984,-87.616649,08/22/2016 02:11:00 PM,2016
CR00026178,04/05/2015 07:59:00 AM,30,CLEAR,DARKNESS,SIDESWIPE SAME DIRECTION,T-INTERSECTION,TRAFFIC SIGNAL,IMPROPER LANE USAGE,NOT APPLICABLE,0,0,0,0,7,1,4,2289,MICHIGAN AVE,41.995038,-87.77905,04/05/2015 08:21:00 AM,2015
CR00026179,11/03/2021 03:50:00 PM,25,CLEAR,DAYLIGHT,TURNING,T-INTERSECTION,NO CONTROLS,DISTRACTION - FROM INSIDE VEHICLE,NOT APPLICABLE,0,0,0,0,15,4,11,219,STATE ST,41.900544,-87.690694,11/03/2021 05:20:00 PM,2021
CR00026180,12/04/2023 09:50:00 PM,20,RAIN,DARKNESS - LIGHTED ROAD,PARKED MOTOR VEHICLE,NOT DIVIDED,NO CONTROLS,FOLLOWING TOO CLOSELY,FAILING TO REDUCE SPEED,0,0,0,0,21,2,12,926,STATE ST,41.708581,-87.729322,12/04/2023 11:08:00 PM,2023
CR00026181,07/06/2021 12:43:00 PM,30,CLOUDY/OVERCAST,DAYLIGHT,SIDESWIPE SAME DIRECTION,FOUR WAY,NO CONTROLS,FOLLOWING TOO CLOSELY,UNABLE TO DETERMINE,0,0,0,0,12,3,7,948,CALIFORNIA AVE,41.887658,-87.507295,07/06/2021 01:19:00 PM,2021
CR00026182,05/04/2019 08:50:00 AM,15,CLEAR,DARKNESS - LIGHTED ROAD,SIDESWIPE SAME DIRECTION,DIVIDED - W/MEDIAN (NOT RAISED),TRAFFIC SIGNAL,IMPROPER LANE USAGE,FOLLOWING TOO CLOSELY,0,0,0,0,8,7,5,1703,KEDZIE AVE,41.731624,-87.649166,05/04/2019 10:23:00 AM,2019
CR00026183,07/12/2024 04:31:00 AM,35,CLEAR,DARKNESS - LIGHTED ROAD,ANGLE,DIVIDED - W/MEDIAN (NOT RAISED),UNKNOWN,IMPROPER OVERTAKING/PASSING,NOT APPLICABLE,0,0,0,0,4,6,7,1482,63RD ST,41.944586,-87.516404,07/12/2024 06:15:00 AM,2024
CR00026184,06/04/2019 07:05:00 AM,45,RAIN,DARKNESS - LIGHTED ROAD,REAR END,DIVIDED - W/MEDIAN (NOT RAISED),PEDESTRIAN CROSSING SIGN,UNABLE TO DETERMINE,FOLLOWING TOO CLOSELY,0,0,1,1,7,3,6,1700,BROADWAY,41.891717,-87.651643,06/04/2019 07:26:00 AM,2019
CR00026185,01/22/2020 02:11:00 PM,20,CLEAR,DAYLIGHT,FIXED OBJECT,FOUR WAY,NO CONTROLS,IMPROPER OVERTAKING/PASSING,NOT APPLICABLE,0,0,0,0,14,4,1,2521,CLARK ST,41.871061,-87.765948,01/22/2020 03:49:00 PM,2020
CR00026186,11/07/2021 09:41:00 AM,25,CLEAR,DARKNESS - LIGHTED ROAD,TURNING,DIVIDED - W/MEDIAN (NOT RAISED),TRAFFIC SIGNAL,FOLLOWING TOO CLOSELY,IMPROPER OVERTAKING/PASSING,0,0,1,1,9,1,11,449,STONY ISLAND AVE,41.899234,-87.588189,11/07/2021 10:01:00 AM,2021
CR00026187,08/06/2021 01:49:00 AM,45,CLEAR,DARKNESS - LIGHTED ROAD,FIXED OBJECT,FOUR WAY,TRAFFIC SIGNAL,UNABLE TO DETERMINE,UNABLE TO DETERMINE,0,0,0,0,1,6,8,1624,KEDZIE AVE,41.725089,-87.597644,08/06/2021 03:07:00 AM,2021
CR00026188,02/13/2015 06:18:00 PM,40,CLEAR,DARKNESS,SIDESWIPE SAME DIRECTION,DIVIDED - W/MEDIAN (NOT RAISED),YIELD,FOLLOWING TOO CLOSELY,UNABLE TO DETERMINE,0,0,0,0,18,6,2,346,IRVING PARK RD,41.9546,-87.770832,02/13/2015 07:26:00 PM,2015
CR00026189,02/11/2019 05:05:00 PM,30,CLEAR,DARKNESS - LIGHTED ROAD,PEDESTRIAN,DIVIDED - W/MEDIAN BARRIER,YIELD,DRIVING SKILLS/KNOWLEDGE/EXPERIENCE,UNABLE TO DETERMINE,0,0,0,0,17,2,2,2395,WESTERN AVE,41.881985,-87.726645,02/11/2019 05:18:00 PM,2019
CR00026190,01/23/2018 06:19:00 PM,15,RAIN,DARKNESS - LIGHTED ROAD,SIDESWIPE SAME DIRECTION,NOT DIVIDED,TRAFFIC SIGNAL,DRIVING SKILLS/KNOWLEDGE/EXPERIENCE,UNABLE TO DETERMINE,0,0,0,0,18,3,1,2514,DIVISION ST,41.949077,-87.711093,01/23/2018 08:15:00 PM,2018
CR00026191,03/24/2021 08:23:00 AM,30,CLEAR,DARKNESS - LIGHTED ROAD,REAR END,NOT DIVIDED,TRAFFIC SIGNAL,FAILING TO YIELD RIGHT-OF-WAY,IMPROPER LANE USAGE,0,0,0,0,8,4,3,605,IRVING PARK RD,41.774511,-87.553032,03/24/2021 08:32:00 AM,2021
CR00026192,07/22/2019 10:47:00 AM,30,CLEAR,DAYLIGHT,TURNING,ONE-WAY,TRAFFIC SIGNAL,UNABLE TO DETERMINE,NOT APPLICABLE,0,0,1,1,10,2,7,865,BROADWAY,41.729086,-87.607444,07/22/2019 12:43:00 PM,2019
CR00026193,12/26/2016 03:10:00 PM,30,RAIN,DAYLIGHT,FIXED OBJECT,DIVIDED - W/MEDIAN (NOT RAISED),NO CONTROLS,FAILING TO YIELD RIGHT-OF-WAY,IMPROPER OVERTAKING/PASSING,0,0,0,0,15,2,12,533,MILWAUKEE AVE,41.725037,-87.60461,12/26/2016 04:37:00 PM,2016
CR00026194,12/16/2020 07:20:00 PM,30,CLEAR,DAYLIGHT,ANGLE,DIVIDED - W/MEDIAN (NOT RAISED),NO CONTROLS,UNABLE TO DETERMINE,IMPROPER LANE USAGE,0,0,0,0,19,4,12,133,PULASKI RD,41.925021,-87.520408,12/16/2020 08:29:00 PM,2020
CR00026195,01/14/2020 08:30:00 PM,35,CLEAR,DAYLIGHT,ANGLE,DIVIDED - W/MEDIAN (NOT RAISED),NO CONTROLS,UNABLE TO DETERMINE,FAILING TO YIELD RIGHT-OF-WAY,0,0,0,0,20,3,1,602,FULLERTON AVE,41.84696,-87.747714,01/14/2020 08:59:00 PM,2020
CR00026196,07/15/2019 09:52:00 AM,35,CLEAR,DARKNESS - LIGHTED ROAD,TURNING,DIVIDED - W/MEDIAN (NOT RAISED),NO CONTROLS,IMPROPER OVERTAKING/PASSING,UNABLE TO DETERMINE,0,0,0,0,9,2,7,1710,DAMEN AVE,41.971988,-87.720649,07/15/2019 09:53:00 AM,2019
CR00026197,07/07/2021 08:24:00 AM,15,CLEAR,DARKNESS - LIGHTED ROAD,ANGLE,DIVIDED - W/MEDIAN (NOT RAISED),STOP SIGN/FLASHER,FOLLOWING TOO CLOSELY,WEATHER,0,0,3,3,8,4,7,2534,MICHIGAN AVE,41.723261,-87.782766,07/07/2021 10:07:00 AM,2021
CR00026198,12/18/2024 02:04:00 PM,30,CLEAR,DUSK,PARKED MOTOR VEHICLE,T-INTERSECTION,TRAFFIC SIGNAL,UNABLE TO DETERMINE,FOLLOWING TOO CLOSELY,0,0,1,1,14,4,12,715,ASHLAND AVE,41.819011,-87.59308,12/18/2024 03:39:00 PM,2024
CR00026199,07/29/2019 04:01:00 PM,40,CLEAR,DUSK,ANGLE,NOT DIVIDED,NO CONTROLS,UNABLE TO DETERMINE,UNABLE TO DETERMINE,0,0,0,0,16,2,7,1822,MILWAUKEE AVE,41.770956,-87.753407,07/29/2019 05:51:00 PM,2019
CR00026200,11/30/2018 11:48:00 AM,20,CLEAR,DARKNESS - LIGHTED ROAD,TURNING,DIVIDED - W/MEDIAN (NOT RAISED),TRAFFIC SIGNAL,IMPROPER LANE USAGE,UNABLE TO DETERMINE,0,0,0,0,11,6,11,427,MICHIGAN AVE,41.756696,-87.748954,11/30/2018 11:53:00 AM,2018
CR00026201,05/21/2024 03:59:00 PM,45,RAIN,DARKNESS,PARKED MOTOR VEHICLE,DIVIDED - W/MEDIAN (NOT RAISED),TRAFFIC SIGNAL,FAILING TO REDUCE SPEED,UNABLE TO DETERMINE,0,0,0,0,15,3,5,537,CLARK ST,41.785935,-87.755805,05/21/2024 04:11:00 PM,2024
CR00026202,04/11/2024 03:53:00 PM,35,CLEAR,DAYLIGHT,FIXED OBJECT,DIVIDED - W/MEDIAN (NOT RAISED),NO CONTROLS,FAILING TO YIELD RIGHT-OF-WAY,FAILING TO YIELD RIGHT-OF-WAY,0,0,0,0,15,5,4,2398,MICHIGAN AVE,41.990316,-87.670431,04/11/2024 05:09:00 PM,2024
CR00026203,02/23/2017 03:35:00 PM,25,CLEAR,DAYLIGHT,FIXED OBJECT,NOT DIVIDED,NO CONTROLS,DRIVING SKILLS/KNOWLEDGE/EXPERIENCE,NOT APPLICABLE,0,0,0,0,15,5,2,273,ARCHER AVE,41.830979,-87.553008,02/23/2017 03:48:00 PM,2017
CR00026204,02/07/2024 12:21:00 PM,30,CLEAR,DAYLIGHT,REAR END,DIVIDED - W/MEDIAN (NOT RAISED),NO CONTROLS,IMPROPER OVERTAKING/PASSING,DISTRACTION - FROM INSIDE VEHICLE,0,0,0,0,12,4,2,778,BROADWAY,41.903,-87.741257,02/07/2024 02:01:00 PM,2024
CR00026205,01/29/2022 09:11:00 PM,20,CLEAR,DAYLIGHT,REAR END,NOT DIVIDED,NO CONTROLS,IMPROPER OVERTAKING/PASSING,NOT APPLICABLE,0,0,0,0,21,7,1,2475,ROOSEVELT RD,41.83053,-87.623519,01/29/2022 09:55:00 PM,2022
CR00026206,10/22/2023 08:56:00 AM,30,CLEAR,DAYLIGHT,PARKED MOTOR VEHICLE,DIVIDED - W/MEDIAN (NOT RAISED),NO CONTROLS,DISTRACTION - FROM INSIDE VEHICLE,NOT APPLICABLE,0,0,0,0,8,1,10,2031,63RD ST,41.942425,-87.600035,10/22/2023 09:03:00 AM,2023
CR00026207,03/20/2018 06:37:00 AM,15,CLEAR,DARKNESS - LIGHTED ROAD,PARKED MOTOR VEHICLE,DIVIDED - W/MEDIAN BARRIER,STOP SIGN/FLASHER,FOLLOWING TOO CLOSELY,FOLLOWING TOO CLOSELY,0,0,0,0,6,3,3,2453,CALIFORNIA AVE,41.991228,-87.533274,03/20/2018 07:35:00 AM,2018
CR00026208,08/03/2023 09:03:00 AM,25,RAIN,DAYLIGHT,TURNING,ONE-WAY,STOP SIGN/FLASHER,IMPROPER LANE USAGE,NOT APPLICABLE,0,0,0,0,9,5,8,1187,MILWAUKEE AVE,41.752131,-87.755935,08/03/2023 10:54:00 AM,2023
CR00026209,10/26/2023 11:16:00 AM,30,CLEAR,DAYLIGHT,FIXED OBJECT,FOUR WAY,NO CONTROLS,UNABLE TO DETERMINE,UNABLE TO DETERMINE,0,0,0,0,11,5,10,1558,HALSTED ST,41.919692,-87.538022,10/26/2023 11:48:00 AM,2023
CR00026210,07/13/2023 08:56:00 AM,45,RAIN,DAYLIGHT,REAR END,NOT DIVIDED,STOP SIGN/FLASHER,DRIVING SKILLS/KNOWLEDGE/EXPERIENCE,UNABLE TO DETERMINE,0,0,0,0,8,5,7,718,PULASKI RD,41.79249,-87.714805,07/13/2023 09:59:00 AM,2023
CR00026211,08/10/2018 10:16:00 AM,35,CLEAR,DARKNESS - LIGHTED ROAD,PARKED MOTOR VEHICLE,FOUR WAY,NO CONTROLS,IMPROPER OVERTAKING/PASSING,IMPROPER LANE USAGE,0,0,0,0,10,6,8,385,LAKE SHORE DR,41.878614,-87.7885,08/10/2018 11:53:00 AM,2018
CR00026212,05/15/2019 11:58:00 AM,35,CLEAR,DAYLIGHT,FIXED OBJECT,T-INTERSECTION,NO CONTROLS,UNABLE TO DETERMINE,DRIVING SKILLS/KNOWLEDGE/EXPERIENCE,0,0,1,1,11,4,5,1720,63RD ST,41.873556,-87.697033,05/15/2019 01:22:00 PM,2019
CR00026213,08/23/2016 03:32:00 PM,40,RAIN,DAWN,REAR END,NOT DIVIDED,STOP SIGN/FLASHER,DISREGARDING TRAFFIC SIGNALS,NOT APPLICABLE,0,0,0,0,15,3,8,125,FULLERTON AVE,41.804283,-87.766488,08/23/2016 04:28:00 PM,2016
CR00026214,03/30/2020 08:48:00 PM,40,CLEAR,DAYLIGHT,TURNING,NOT DIVIDED,NO CONTROLS,FAILING TO REDUCE SPEED,IMPROPER LANE USAGE,0,0,0,0,20,2,3,1489,STATE ST,41.796274,-87.67027,03/30/2020 10:24:00 PM,2020
CR00026215,07/05/2019 09:51:00 AM,15,CLEAR,DARKNESS - LIGHTED ROAD,REAR END,NOT DIVIDED,STOP SIGN/FLASHER,DRIVING SKILLS/KNOWLEDGE/EXPERIENCE,UNABLE TO DETERMINE,0,0,0,0,9,6,7,222,KEDZIE AVE,41.989737,-87.562406,07/05/2019 10:08:00 AM,2019
CR00026216,07/17/2020 08:45:00 AM,30,CLEAR,DARKNESS - LIGHTED ROAD,FIXED OBJECT,NOT DIVIDED,NO CONTROLS,DISTRACTION - FROM INSIDE VEHICLE,IMPROPER OVERTAKING/PASSING,0,0,0,0,8,6,7,1894,KEDZIE AVE,41.818801,-87.59208,07/17/2020 10:29:00 AM,2020
CR00026217,07/10/2019 12:27:00 AM,30,CLEAR,DAYLIGHT,REAR END,ONE-WAY,STOP SIGN/FLASHER,UNABLE TO DETERMINE,FOLLOWING TOO CLOSELY,0,0,0,0,0,4,7,426,ROOSEVELT RD,41.811947,-87.838837,07/10/2019 01:50:00 AM,2019
CR00026218,06/15/2024 06:57:00 AM,35,CLEAR,DAYLIGHT,TURNING,DIVIDED - W/MEDIAN (NOT RAISED),STOP SIGN/FLASHER,FAILING TO YIELD RIGHT-OF-WAY,FAILING TO REDUCE SPEED,0,0,0,0,6,7,6,2011,ARCHER AVE,41.723789,-87.736049,06/15/2024 07:18:00 AM,2024
CR00026219,04/04/2018 09:41:00 AM,30,CLEAR,DARKNESS - LIGHTED ROAD,REAR END,DIVIDED - W/MEDIAN (NOT RAISED),STOP SIGN/FLASHER,UNABLE TO DETERMINE,NOT APPLICABLE,0,0,0,0,9,4,4,1653,CICERO AVE,41.918202,-87.600532,04/04/2018 11:22:00 AM,2018
CR00026220,07/03/2020 12:31:00 PM,35,CLEAR,DARKNESS - LIGHTED ROAD,FIXED OBJECT,NOT DIVIDED,NO CONTROLS,FAILING TO YIELD RIGHT-OF-WAY,UNABLE TO DETERMINE,0,0,0,0,12,6,7,573,ROOSEVELT RD,41.7831,-87.624491,07/03/2020 02:23:00 PM,2020
CR00026221,08/11/2015 10:12:00 AM,30,CLEAR,DARKNESS - LIGHTED ROAD,PEDESTRIAN,NOT DIVIDED,TRAFFIC SIGNAL,UNABLE TO DETERMINE,FOLLOWING TOO CLOSELY,0,0,2,2,10,3,8,967,PULASKI RD,41.982133,-87.707488,08/11/2015 12:04:00 PM,2015
CR00026222,09/29/2017 07:00:00 PM,30,CLEAR,DUSK,FIXED OBJECT,NOT DIVIDED,NO CONTROLS,FAILING TO YIELD RIGHT-OF-WAY,IMPROPER OVERTAKING/PASSING,0,0,0,0,19,6,9,2025,KEDZIE AVE,41.789487,-87.617883,09/29/2017 07:51:00 PM,2017
CR00026223,09/06/2016 03:35:00 PM,30,RAIN,DARKNESS - LIGHTED ROAD,TURNING,FOUR WAY,TRAFFIC SIGNAL,DISREGARDING TRAFFIC SIGNALS,IMPROPER LANE USAGE,0,0,1,1,15,3,9,1902,MILWAUKEE AVE,41.701314,-87.809093,09/06/2016 05:34:00 PM,2016
CR00026224,03/10/2021 07:51:00 AM,35,CLEAR,DAYLIGHT,PARKED MOTOR VEHICLE,DIVIDED - W/MEDIAN (NOT RAISED),NO CONTROLS,UNABLE TO DETERMINE,UNABLE TO DETERMINE,0,0,2,2,7,4,3,1533,IRVING PARK RD,41.913768,-87.641892,03/10/2021 09:49:00 AM,2021
CR00026225,04/15/2019 07:40:00 PM,20,CLEAR,DAYLIGHT,SIDESWIPE SAME DIRECTION,T-INTERSECTION,NO CONTROLS,UNABLE TO DETERMINE,UNABLE TO DETERMINE,0,0,0,0,19,2,4,1870,79TH ST,41.781676,-87.815423,04/15/2019 08:35:00 PM,2019
CR00026226,06/30/2015 02:34:00 AM,45,CLEAR,DAYLIGHT,PARKED MOTOR VEHICLE,ONE-WAY,NO CONTROLS,FOLLOWING TOO CLOSELY,IMPROPER LANE USAGE,0,0,2,2,2,3,6,414,MICHIGAN AVE,41.880158,-87.769409,06/30/2015 04:22:00 AM,2015
CR00026227,12/18/2016 09:01:00 AM,40,CLEAR,DUSK,ANGLE,DIVIDED - W/MEDIAN BARRIER,YIELD,FAILING TO YIELD RIGHT-OF-WAY,FAILING TO YIELD RIGHT-OF-WAY,0,0,0,0,9,1,12,1383,ELSTON AVE,41.777173,-87.551092,12/18/2016 10:57:00 AM,2016
CR00026228,11/05/2018 01:10:00 PM,40,CLEAR,DAYLIGHT,PARKED MOTOR VEHICLE,NOT DIVIDED,STOP SIGN/FLASHER,FAILING TO YIELD RIGHT-OF-WAY,IMPROPER LANE USAGE,0,0,0,0,13,2,11,767,DAMEN AVE,41.886907,-87.551676,11/05/2018 02:15:00 PM,2018
CR00026229,04/25/2018 04:42:00 AM,25,CLEAR,DUSK,SIDESWIPE SAME DIRECTION,FOUR WAY,STOP SIGN/FLASHER,UNABLE TO DETERMINE,FOLLOWING TOO CLOSELY,0,0,0,0,4,4,4,743,HALSTED ST,41.742802,-87.718709,04/25/2018 05:30:00 AM,2018
CR00026230,11/16/2020 09:29:00 PM,35,CLEAR,DARKNESS - LIGHTED ROAD,FIXED OBJECT,NOT DIVIDED,UNKNOWN,DRIVING SKILLS/KNOWLEDGE/EXPERIENCE,IMPROPER LANE USAGE,0,0,0,0,21,2,11,2495,BROADWAY,41.72299,-87.839524,11/16/2020 09:44:00 PM,2020
CR00026231,01/03/2017 05:58:00 PM,30,CLEAR,DAYLIGHT,SIDESWIPE SAME DIRECTION,NOT DIVIDED,STOP SIGN/FLASHER,WEATHER,UNABLE TO DETERMINE,0,1,2,3,17,3,1,2194,MILWAUKEE AVE,41.757334,-87.719935,01/03/2017 06:27:00 PM,2017
CR00026232,06/04/2018 07:51:00 PM,30,CLEAR,DARKNESS,ANGLE,ONE-WAY,NO CONTROLS,IMPROPER LANE USAGE,IMPROPER OVERTAKING/PASSING,0,2,0,2,19,2,6,688,79TH ST,41.881387,-87.590601,06/04/2018 08:58:00 PM,2018
CR00026233,12/30/2016 08:29:00 PM,15,CLEAR,DARKNESS - LIGHTED ROAD,ANGLE,DIVIDED - W/MEDIAN (NOT RAISED),NO CONTROLS,UNABLE TO DETERMINE,UNABLE TO DETERMINE,0,0,0,0,20,6,12,1974,DAMEN AVE,41.941542,-87.841178,12/30/2016 09:41:00 PM,2016
CR00026234,10/03/2024 08:49:00 PM,25,CLEAR,DARKNESS,TURNING,ONE-WAY,TRAFFIC SIGNAL,WEATHER,IMPROPER OVERTAKING/PASSING,0,0,3,3,20,5,10,1785,CICERO AVE,41.804069,-87.672672,10/03/2024 10:13:00 PM,2024
CR00026235,12/26/2021 09:26:00 AM,45,CLEAR,DAYLIGHT,PARKED MOTOR VEHICLE,FOUR WAY,TRAFFIC SIGNAL,UNABLE TO DETERMINE,UNABLE TO DETERMINE,0,0,0,0,9,1,12,378,STATE ST,41.979434,-87.512576,12/26/2021 11:26:00 AM,2021
CR00026236,12/03/2018 07:11:00 AM,35,CLEAR,DARKNESS - LIGHTED ROAD,SIDESWIPE SAME DIRECTION,FOUR WAY,STOP SIGN/FLASHER,FOLLOWING TOO CLOSELY,DISREGARDING TRAFFIC SIGNALS,0,0,0,0,7,2,12,1693,ROOSEVELT RD,41.85455,-87.670776,12/03/2018 09:02:00 AM,2018
CR00026237,11/24/2021 09:20:00 AM,35,CLEAR,DARKNESS - LIGHTED ROAD,ANGLE,NOT DIVIDED,TRAFFIC SIGNAL,FAILING TO REDUCE SPEED,NOT APPLICABLE,0,0,0,0,9,4,11,1012,DIVISION ST,41.923469,-87.637713,11/24/2021 09:40:00 AM,2021
CR00026238,12/05/2015 06:31:00 AM,35,RAIN,DAYLIGHT,PARKED MOTOR VEHICLE,DIVIDED - W/MEDIAN BARRIER,TRAFFIC SIGNAL,IMPROPER OVERTAKING/PASSING,DISTRACTION - FROM INSIDE VEHICLE,0,0,0,0,6,7,12,1948,CALIFORNIA AVE,41.883598,-87.628363,12/05/2015 07:59:00 AM,2015
CR00026239,04/02/2021 06:12:00 PM,35,CLEAR,DAYLIGHT,ANGLE,T-INTERSECTION,TRAFFIC SIGNAL,FAILING TO YIELD RIGHT-OF-WAY,UNABLE TO DETERMINE,0,0,0,0,18,6,4,2246,DIVISION ST,41.708785,-87.82988,04/02/2021 08:01:00 PM,2021
CR00026240,03/15/2024 07:16:00 AM,20,SNOW,DAYLIGHT,TURNING,NOT DIVIDED,NO CONTROLS,FOLLOWING TOO CLOSELY,FOLLOWING TOO CLOSELY,0,0,0,0,7,6,3,1121,KEDZIE AVE,41.760211,-87.520088,03/15/2024 08:30:00 AM,2024
CR00026241,03/09/2020 03:20:00 PM,35,CLEAR,DARKNESS,TURNING,ONE-WAY,NO CONTROLS,FAILING TO YIELD RIGHT-OF-WAY,IMPROPER OVERTAKING/PASSING,0,0,0,0,15,2,3,1641,ASHLAND AVE,41.840511,-87.790767,03/09/2020 04:14:00 PM,2020
CR00026242,05/12/2017 04:18:00 PM,25,CLEAR,DARKNESS - LIGHTED ROAD,REAR END,NOT DIVIDED,UNKNOWN,FAILING TO YIELD RIGHT-OF-WAY,UNABLE TO DETERMINE,0,1,1,2,16,6,5,1240,ROOSEVELT RD,41.766397,-87.607364,05/12/2017 05:24:00 PM,2017
CR00026243,12/16/2018 07:43:00 AM,15,CLEAR,DARKNESS - LIGHTED ROAD,ANGLE,NOT DIVIDED,UNKNOWN,UNABLE TO DETERMINE,FAILING TO YIELD RIGHT-OF-WAY,0,0,0,0,7,1,12,1341,79TH ST,41.711981,-87.501679,12/16/2018 08:41:00 AM,2018
CR00026244,05/11/2024 04:28:00 AM,35,CLEAR,DAYLIGHT,SIDESWIPE SAME DIRECTION,DIVIDED - W/MEDIAN (NOT RAISED),STOP SIGN/FLASHER,FAILING TO YIELD RIGHT-OF-WAY,FOLLOWING TOO CLOSELY,0,0,0,0,4,7,5,171,WESTERN AVE,41.869269,-87.6592,05/11/2024 05:31:00 AM,2024
CR00026245,10/05/2019 01:09:00 PM,15,CLEAR,DAYLIGHT,TURNING,NOT DIVIDED,NO CONTROLS,UNABLE TO DETERMINE,FOLLOWING TOO CLOSELY,0,0,2,2,13,7,10,1740,DIVISION ST,41.795374,-87.618119,10/05/2019 02:15:00 PM,2019
CR00026246,08/19/2020 12:26:00 PM,30,CLOUDY/OVERCAST,DAYLIGHT,REAR END,DIVIDED - W/MEDIAN (NOT RAISED),TRAFFIC SIGNAL,FOLLOWING TOO CLOSELY,FAILING TO REDUCE SPEED,0,0,0,0,12,4,8,567,HALSTED ST,41.983623,-87.772324,08/19/2020 01:43:00 PM,2020
CR00026247,04/15/2019 04:34:00 AM,25,CLEAR,DUSK,TURNING,NOT DIVIDED,TRAFFIC SIGNAL,UNABLE TO DETERMINE,DISTRACTION - FROM INSIDE VEHICLE,0,0,0,0,4,2,4,2181,HALSTED ST,41.724587,-87.639873,04/15/2019 06:31:00 AM,2019
CR00026248,05/28/2015 05:51:00 PM,30,CLEAR,DARKNESS - LIGHTED ROAD,TURNING,NOT DIVIDED,NO CONTROLS,DISTRACTION - FROM INSIDE VEHICLE,DISTRACTION - FROM INSIDE VEHICLE,0,0,0,0,17,5,5,2031,63RD ST,41.905109,-87.524338,05/28/2015 06:33:00 PM,2015