CRASH_RECORD_ID,CRASH_DATE,POSTED_SPEED_LIMIT,WEATHER_CONDITION,LIGHTING_CONDITION,FIRST_CRASH_TYPE,TRAFFICWAY_TYPE,TRAFFIC_CONTROL_DEVICE,PRIM_CONTRIBUTORY_CAUSE,SEC_CONTRIBUTORY_CAUSE,INJURIES_FATAL,INJURIES_INCAPACITATING,INJURIES_NON_INCAPACITATING,INJURIES_TOTAL,CRASH_HOUR,CRASH_DAY_OF_WEEK,CRASH_MONTH,BEAT_OF_OCCURRENCE,STREET_NAME,LATITUDE,LONGITUDE,DATE_POLICE_NOTIFIED,year
CR00026249,04/09/2016 01:41:00 PM,25,SNOW,DAYLIGHT,PARKED MOTOR VEHICLE,DIVIDED - W/MEDIAN BARRIER,NO CONTROLS,FAILING TO REDUCE SPEED,FOLLOWING TOO CLOSELY,0,0,0,0,13,7,4,2013,79TH ST,41.736788,-87.640091,04/09/2016 02:54:00 PM,2016
CR00026250,07/12/2015 12:10:00 PM,20,CLEAR,DAYLIGHT,TURNING,NOT DIVIDED,TRAFFIC SIGNAL,FAILING TO REDUCE SPEED,UNABLE TO DETERMINE,0,0,2,2,12,1,7,626,DIVISION ST,41.789136,-87.741008,07/12/2015 12:52:00 PM,2015
CR00026251,12/28/2022 09:35:00 PM,35,CLEAR,DAYLIGHT,SIDESWIPE SAME DIRECTION,NOT DIVIDED,NO CONTROLS,IMPROPER LANE USAGE,FOLLOWING TOO CLOSELY,0,0,1,1,21,4,12,1705,OGDEN AVE,41.745753,-87.651903,12/28/2022 11:29:00 PM,2022
CR00026252,05/23/2018 10:41:00 AM,30,CLEAR,DUSK,TURNING,DIVIDED - W/MEDIAN (NOT RAISED),NO CONTROLS,DISREGARDING TRAFFIC SIGNALS,UNABLE TO DETERMINE,0,0,0,0,10,4,5,576,CLARK ST,41.97955,-87.669664,05/23/2018 12:38:00 PM,2018
CR00026253,07/06/2022 07:03:00 PM,40,CLEAR,DARKNESS - LIGHTED ROAD,REAR END,T-INTERSECTION,NO CONTROLS,FOLLOWING TOO CLOSELY,WEATHER,0,0,0,0,19,4,7,1499,47TH ST,41.929853,-87.514911,07/06/2022 08:49:00 PM,2022
CR00026254,12/12/2017 03:20:00 AM,30,CLEAR,DAYLIGHT,PEDESTRIAN,NOT DIVIDED,TRAFFIC SIGNAL,DRIVING SKILLS/KNOWLEDGE/EXPERIENCE,FAILING TO YIELD RIGHT-OF-WAY,0,0,0,0,3,3,12,1915,ELSTON AVE,41.937786,-87.725529,12/12/2017 04:11:00 AM,2017
CR00026255,09/27/2017 02:54:00 PM,35,CLEAR,DAYLIGHT,REAR TO FRONT,ONE-WAY,STOP SIGN/FLASHER,FOLLOWING TOO CLOSELY,NOT APPLICABLE,0,0,0,0,14,4,9,346,LAKE SHORE DR,41.953234,-87.510615,09/27/2017 03:30:00 PM,2017
CR00026256,11/11/2020 07:53:00 PM,35,CLEAR,DARKNESS - LIGHTED ROAD,REAR END,DIVIDED - W/MEDIAN (NOT RAISED),NO CONTROLS,FAILING TO YIELD RIGHT-OF-WAY,DISREGARDING TRAFFIC SIGNALS,0,0,0,0,19,4,11,157,79TH ST,41.973714,-87.696501,11/11/2020 09:51:00 PM,2020
CR00026257,07/09/2015 06:53:00 AM,35,CLEAR,DAYLIGHT,REAR END,ONE-WAY,TRAFFIC SIGNAL,UNABLE TO DETERMINE,IMPROPER LANE USAGE,0,0,1,1,6,5,7,1675,63RD ST,41.818225,-87.575264,07/09/2015 08:06:00 AM,2015
CR00026258,10/22/2023 06:40:00 PM,15,SNOW,DAYLIGHT,ANGLE,NOT DIVIDED,TRAFFIC SIGNAL,DISTRACTION - FROM INSIDE VEHICLE,UNABLE TO DETERMINE,0,0,0,0,18,1,10,546,DIVISION ST,41.929085,-87.575712,10/22/2023 07:33:00 PM,2023
CR00026259,11/08/2018 05:49:00 PM,40,RAIN,DAYLIGHT,PARKED MOTOR VEHICLE,ONE-WAY,TRAFFIC SIGNAL,UNABLE TO DETERMINE,NOT APPLICABLE,0,0,0,0,17,5,11,1942,STATE ST,41.719646,-87.715254,11/08/2018 07:27:00 PM,2018
CR00026260,06/09/2017 08:56:00 AM,25,RAIN,DARKNESS - LIGHTED ROAD,SIDESWIPE SAME DIRECTION,NOT DIVIDED,NO CONTROLS,UNABLE TO DETERMINE,IMPROPER LANE USAGE,0,0,0,0,8,6,6,1807,CLARK ST,41.79041,-87.517598,06/09/2017 09:50:00 AM,2017
CR00026261,04/02/2024 03:46:00 PM,30,CLEAR,DAYLIGHT,REAR END,DIVIDED - W/MEDIAN BARRIER,TRAFFIC SIGNAL,DISTRACTION - FROM INSIDE VEHICLE,DISREGARDING TRAFFIC SIGNALS,0,0,0,0,15,3,4,1772,ASHLAND AVE,41.78315,-87.758893,04/02/2024 05:14:00 PM,2024
CR00026262,10/05/2021 08:59:00 PM,30,CLEAR,DAWN,TURNING,DIVIDED - W/MEDIAN (NOT RAISED),TRAFFIC SIGNAL,IMPROPER LANE USAGE,DISREGARDING TRAFFIC SIGNALS,0,0,0,0,20,3,10,264,STONY ISLAND AVE,41.74034,-87.765875,10/05/2021 09:10:00 PM,2021
CR00026263,02/23/2018 09:09:00 PM,15,CLEAR,DAYLIGHT,REAR END,DIVIDED - W/MEDIAN (NOT RAISED),YIELD,IMPROPER LANE USAGE,FOLLOWING TOO CLOSELY,0,0,0,0,21,6,2,1097,OGDEN AVE,41.825655,-87.778817,02/23/2018 10:23:00 PM,2018
CR00026264,05/09/2020 04:55:00 PM,35,CLEAR,DARKNESS - LIGHTED ROAD,TURNING,DIVIDED - W/MEDIAN (NOT RAISED),TRAFFIC SIGNAL,DISTRACTION - FROM INSIDE VEHICLE,UNABLE TO DETERMINE,0,0,0,0,16,7,5,1841,CICERO AVE,41.95161,-87.609973,05/09/2020 06:38:00 PM,2020
CR00026265,10/21/2024 05:00:00 PM,30,RAIN,DARKNESS - LIGHTED ROAD,TURNING,NOT DIVIDED,NO CONTROLS,FOLLOWING TOO CLOSELY,DRIVING SKILLS/KNOWLEDGE/EXPERIENCE,0,0,0,0,17,2,10,1980,CALIFORNIA AVE,41.957188,-87.585673,10/21/2024 06:33:00 PM,2024
CR00026266,11/26/2018 12:48:00 PM,40,FREEZING RAIN/DRIZZLE,DAYLIGHT,REAR END,T-INTERSECTION,NO CONTROLS,FOLLOWING TOO CLOSELY,FAILING TO YIELD RIGHT-OF-WAY,0,0,0,0,12,2,11,487,FULLERTON AVE,41.878273,-87.765892,11/26/2018 02:45:00 PM,2018
CR00026267,09/21/2023 06:28:00 AM,40,CLEAR,DAYLIGHT,TURNING,T-INTERSECTION,TRAFFIC SIGNAL,UNABLE TO DETERMINE,DISTRACTION - FROM INSIDE VEHICLE,0,0,0,0,6,5,9,1132,MICHIGAN AVE,41.86735,-87.526886,09/21/2023 07:01:00 AM,2023
CR00026268,02/05/2016 01:45:00 PM,30,CLEAR,DARKNESS - LIGHTED ROAD,REAR END,DIVIDED - W/MEDIAN BARRIER,NO CONTROLS,UNABLE TO DETERMINE,UNABLE TO DETERMINE,0,0,0,0,13,6,2,1151,DIVISION ST,41.837288,-87.726463,02/05/2016 02:59:00 PM,2016
CR00026269,01/25/2016 08:32:00 AM,35,RAIN,DAYLIGHT,SIDESWIPE SAME DIRECTION,ONE-WAY,NO CONTROLS,FOLLOWING TOO CLOSELY,IMPROPER LANE USAGE,0,0,0,0,8,2,1,155,DIVISION ST,41.787662,-87.804583,01/25/2016 08:55:00 AM,2016
CR00026270,02/26/2023 12:54:00 AM,20,CLOUDY/OVERCAST,DAYLIGHT,TURNING,DIVIDED - W/MEDIAN (NOT RAISED),TRAFFIC SIGNAL,IMPROPER LANE USAGE,IMPROPER OVERTAKING/PASSING,0,0,0,0,0,1,2,2196,STATE ST,41.804219,-87.761895,02/26/2023 02:17:00 AM,2023
CR00026271,09/20/2015 07:37:00 AM,40,CLEAR,DAYLIGHT,ANGLE,ONE-WAY,NO CONTROLS,UNABLE TO DETERMINE,NOT APPLICABLE,0,2,1,3,7,1,9,2204,STATE ST,41.967682,-87.6324,09/20/2015 09:13:00 AM,2015
CR00026272,12/27/2021 03:21:00 PM,35,CLEAR,DAYLIGHT,REAR TO FRONT,DIVIDED - W/MEDIAN (NOT RAISED),STOP SIGN/FLASHER,DISREGARDING TRAFFIC SIGNALS,UNABLE TO DETERMINE,0,0,0,0,15,2,12,942,CALIFORNIA AVE,41.713466,-87.791946,12/27/2021 04:23:00 PM,2021
CR00026273,11/13/2024 02:40:00 AM,30,RAIN,DARKNESS - LIGHTED ROAD,REAR END,NOT DIVIDED,STOP SIGN/FLASHER,DRIVING SKILLS/KNOWLEDGE/EXPERIENCE,FOLLOWING TOO CLOSELY,0,0,1,1,2,4,11,2076,CICERO AVE,41.756422,-87.736359,11/13/2024 03:17:00 AM,2024
CR00026274,07/07/2022 11:51:00 AM,30,CLEAR,DAYLIGHT,REAR TO FRONT,ONE-WAY,NO CONTROLS,DISREGARDING TRAFFIC SIGNALS,NOT APPLICABLE,0,0,0,0,11,5,7,2347,ELSTON AVE,41.746905,-87.524476,07/07/2022 01:19:00 PM,2022
CR00026275,09/12/2024 07:51:00 PM,30,RAIN,DAYLIGHT,TURNING,NOT DIVIDED,STOP SIGN/FLASHER,DRIVING SKILLS/KNOWLEDGE/EXPERIENCE,IMPROPER OVERTAKING/PASSING,0,0,0,0,19,5,9,219,BROADWAY,41.956019,-87.544899,09/12/2024 09:45:00 PM,2024
CR00026276,04/04/2020 06:28:00 PM,20,CLEAR,DAYLIGHT,REAR END,NOT DIVIDED,NO CONTROLS,IMPROPER OVERTAKING/PASSING,IMPROPER LANE USAGE,0,0,3,3,18,7,4,266,DIVISION ST,41.808513,-87.715924,04/04/2020 07:03:00 PM,2020
CR00026277,02/08/2022 07:50:00 PM,30,CLEAR,DAYLIGHT,TURNING,ONE-WAY,TRAFFIC SIGNAL,UNABLE TO DETERMINE,FAILING TO REDUCE SPEED,0,0,0,0,19,3,2,2221,ASHLAND AVE,41.831277,-87.710979,02/08/2022 09:37:00 PM,2022
CR00026278,01/11/2017 12:54:00 PM,20,CLEAR,DARKNESS - LIGHTED ROAD,REAR END,T-INTERSECTION,STOP SIGN/FLASHER,FOLLOWING TOO CLOSELY,FAILING TO YIELD RIGHT-OF-WAY,0,0,0,0,12,4,1,1103,ASHLAND AVE,41.732974,-87.760112,01/11/2017 01:39:00 PM,2017
CR00026279,05/17/2020 04:51:00 PM,30,CLEAR,DAYLIGHT,ANGLE,DIVIDED - W/MEDIAN (NOT RAISED),STOP SIGN/FLASHER,IMPROPER LANE USAGE,FOLLOWING TOO CLOSELY,0,0,0,0,16,1,5,1961,63RD ST,41.926536,-87.505225,05/17/2020 06:15:00 PM,2020
CR00026280,06/14/2016 06:27:00 PM,20,CLEAR,DAYLIGHT,TURNING,DIVIDED - W/MEDIAN (NOT RAISED),NO CONTROLS,UNABLE TO DETERMINE,DRIVING SKILLS/KNOWLEDGE/EXPERIENCE,0,0,0,0,18,3,6,1564,WESTERN AVE,41.966067,-87.565536,06/14/2016 06:37:00 PM,2016
CR00026281,10/07/2021 11:43:00 AM,30,RAIN,DAYLIGHT,TURNING,DIVIDED - W/MEDIAN BARRIER,STOP SIGN/FLASHER,IMPROPER LANE USAGE,UNABLE TO DETERMINE,0,0,0,0,11,5,10,2434,HALSTED ST,41.726893,-87.779632,10/07/2021 11:51:00 AM,2021
CR00026282,08/03/2017 08:54:00 AM,40,CLEAR,DAYLIGHT,ANGLE,FOUR WAY,NO CONTROLS,IMPROPER OVERTAKING/PASSING,UNABLE TO DETERMINE,0,0,2,2,8,5,8,1834,WESTERN AVE,41.75798,-87.666213,08/03/2017 09:06:00 AM,2017
CR00026283,11/29/2020 08:41:00 AM,35,CLEAR,DARKNESS - LIGHTED ROAD,TURNING,DIVIDED - W/MEDIAN (NOT RAISED),PEDESTRIAN CROSSING SIGN,IMPROPER LANE USAGE,NOT APPLICABLE,0,0,0,0,8,1,11,104,KEDZIE AVE,41.813188,-87.826831,11/29/2020 10:41:00 AM,2020
CR00026284,12/29/2019 10:51:00 PM,30,CLEAR,DUSK,TURNING,ONE-WAY,TRAFFIC SIGNAL,FAILING TO YIELD RIGHT-OF-WAY,DISTRACTION - FROM INSIDE VEHICLE,0,0,0,0,22,1,12,1125,STATE ST,41.815054,-87.519931,12/30/2019 12:07:00 AM,2019
CR00026285,07/19/2021 08:03:00 PM,30,CLEAR,DAYLIGHT,REAR END,DIVIDED - W/MEDIAN (NOT RAISED),TRAFFIC SIGNAL,UNABLE TO DETERMINE,FAILING TO REDUCE SPEED,0,0,0,0,20,2,7,682,WESTERN AVE,41.952066,-87.628009,07/19/2021 09:05:00 PM,2021
CR00026286,01/26/2022 12:55:00 AM,35,CLEAR,DUSK,SIDESWIPE SAME DIRECTION,T-INTERSECTION,NO CONTROLS,FAILING TO YIELD RIGHT-OF-WAY,IMPROPER LANE USAGE,0,1,0,1,0,4,1,1251,79TH ST,41.88651,-87.501617,01/26/2022 01:01:00 AM,2022
CR00026287,02/29/2020 08:56:00 AM,30,CLOUDY/OVERCAST,DAWN,REAR END,DIVIDED - W/MEDIAN (NOT RAISED),NO CONTROLS,UNABLE TO DETERMINE,DRIVING SKILLS/KNOWLEDGE/EXPERIENCE,0,0,0,0,8,7,2,2199,47TH ST,41.989492,-87.764661,02/29/2020 10:22:00 AM,2020
CR00026288,03/28/2016 11:21:00 AM,25,CLEAR,DARKNESS - LIGHTED ROAD,ANGLE,DIVIDED - W/MEDIAN BARRIER,TRAFFIC SIGNAL,FAILING TO YIELD RIGHT-OF-WAY,FOLLOWING TOO CLOSELY,0,0,0,0,11,2,3,1515,ROOSEVELT RD,41.88265,-87.763271,03/28/2016 12:25:00 PM,2016
CR00026289,03/02/2021 01:09:00 AM,25,CLEAR,DAYLIGHT,SIDESWIPE SAME DIRECTION,ONE-WAY,TRAFFIC SIGNAL,FOLLOWING TOO CLOSELY,FAILING TO REDUCE SPEED,0,0,0,0,1,3,3,1540,MILWAUKEE AVE,41.89695,-87.519579,03/02/2021 01:48:00 AM,2021
CR00026290,11/11/2016 05:44:00 PM,30,CLEAR,DARKNESS - LIGHTED ROAD,SIDESWIPE SAME DIRECTION,NOT DIVIDED,TRAFFIC SIGNAL,DISTRACTION - FROM INSIDE VEHICLE,DISTRACTION - FROM INSIDE VEHICLE,0,0,0,0,17,6,11,2027,STONY ISLAND AVE,41.94146,-87.689029,11/11/2016 07:12:00 PM,2016
CR00026291,01/04/2023 05:06:00 AM,30,CLEAR,DAYLIGHT,FIXED OBJECT,DIVIDED - W/MEDIAN (NOT RAISED),YIELD,FAILING TO YIELD RIGHT-OF-WAY,IMPROPER LANE USAGE,0,0,0,0,5,4,1,346,47TH ST,41.900017,-87.706251,01/04/2023 05:43:00 AM,2023
CR00026292,11/17/2016 05:23:00 PM,30,RAIN,DAYLIGHT,PARKED MOTOR VEHICLE,NOT DIVIDED,STOP SIGN/FLASHER,FOLLOWING TOO CLOSELY,UNABLE TO DETERMINE,0,0,0,0,17,5,11,548,WESTERN AVE,41.741808,-87.583145,11/17/2016 05:59:00 PM,2016
CR00026293,10/17/2023 09:17:00 AM,45,CLEAR,DARKNESS - LIGHTED ROAD,PEDESTRIAN,NOT DIVIDED,NO CONTROLS,FOLLOWING TOO CLOSELY,NOT APPLICABLE,0,0,1,1,9,3,10,1823,STATE ST,41.756148,-87.791508,10/17/2023 09:22:00 AM,2023
CR00026294,11/10/2015 07:48:00 PM,35,RAIN,DARKNESS - LIGHTED ROAD,SIDESWIPE SAME DIRECTION,ONE-WAY,NO CONTROLS,FAILING TO YIELD RIGHT-OF-WAY,NOT APPLICABLE,0,0,0,0,19,3,11,2174,HALSTED ST,41.980925,-87.587691,11/10/2015 09:42:00 PM,2015
CR00026295,01/22/2023 06:08:00 AM,35,CLEAR,DARKNESS,REAR END,NOT DIVIDED,TRAFFIC SIGNAL,FAILING TO YIELD RIGHT-OF-WAY,UNABLE TO DETERMINE,0,0,0,0,6,1,1,364,DIVISION ST,41.707628,-87.777271,01/22/2023 06:32:00 AM,2023
CR00026296,08/30/2022 05:24:00 PM,35,CLEAR,DAYLIGHT,PARKED MOTOR VEHICLE,NOT DIVIDED,NO CONTROLS,DRIVING SKILLS/KNOWLEDGE/EXPERIENCE,IMPROPER OVERTAKING/PASSING,0,0,0,0,17,3,8,686,MICHIGAN AVE,41.951077,-87.500231,08/30/2022 05:29:00 PM,2022
CR00026297,09/24/2024 11:42:00 AM,30,CLEAR,DUSK,REAR TO FRONT,T-INTERSECTION,NO CONTROLS,DISREGARDING TRAFFIC SIGNALS,FAILING TO REDUCE SPEED,0,0,0,0,11,3,9,1402,79TH ST,41.931904,-87.711001,09/24/2024 12:27:00 PM,2024
CR00026298,11/13/2015 01:13:00 PM,40,SNOW,DAYLIGHT,TURNING,DIVIDED - W/MEDIAN (NOT RAISED),NO CONTROLS,UNABLE TO DETERMINE,DISTRACTION - FROM INSIDE VEHICLE,0,1,3,4,13,6,11,1264,OGDEN AVE,41.793634,-87.545267,11/13/2015 01:26:00 PM,2015
CR00026299,02/13/2024 08:45:00 AM,30,CLOUDY/OVERCAST,DARKNESS,REAR END,ONE-WAY,NO CONTROLS,FOLLOWING TOO CLOSELY,FAILING TO YIELD RIGHT-OF-WAY,0,0,0,0,8,3,2,2249,STONY ISLAND AVE,41.825324,-87.792014,02/13/2024 09:38:00 AM,2024
CR00026300,02/05/2016 09:36:00 PM,30,RAIN,DAYLIGHT,REAR END,NOT DIVIDED,TRAFFIC SIGNAL,FOLLOWING TOO CLOSELY,FOLLOWING TOO CLOSELY,0,0,1,1,21,6,2,210,CALIFORNIA AVE,41.989376,-87.588981,02/05/2016 11:30:00 PM,2016
CR00026301,04/20/2023 10:31:00 PM,25,RAIN,DAYLIGHT,REAR END,FOUR WAY,NO CONTROLS,FAILING TO REDUCE SPEED,NOT APPLICABLE,0,1,1,2,22,5,4,1562,HALSTED ST,41.761758,-87.738131,04/20/2023 11:50:00 PM,2023
CR00026302,06/07/2019 06:13:00 AM,35,CLEAR,DAYLIGHT,PARKED MOTOR VEHICLE,NOT DIVIDED,NO CONTROLS,DRIVING SKILLS/KNOWLEDGE/EXPERIENCE,DISREGARDING TRAFFIC SIGNALS,0,0,0,0,6,6,6,2136,STATE ST,41.909068,-87.506463,06/07/2019 07:26:00 AM,2019
CR00026303,10/26/2017 08:30:00 PM,45,CLEAR,DAYLIGHT,SIDESWIPE SAME DIRECTION,DIVIDED - W/MEDIAN (NOT RAISED),NO CONTROLS,FOLLOWING TOO CLOSELY,DRIVING SKILLS/KNOWLEDGE/EXPERIENCE,0,0,0,0,20,5,10,2395,79TH ST,41.774917,-87.786988,10/26/2017 09:48:00 PM,2017
CR00026304,06/21/2022 10:27:00 AM,35,CLOUDY/OVERCAST,DAYLIGHT,ANGLE,DIVIDED - W/MEDIAN BARRIER,NO CONTROLS,FOLLOWING TOO CLOSELY,IMPROPER OVERTAKING/PASSING,0,0,0,0,10,3,6,1096,63RD ST,41.998965,-87.717821,06/21/2022 12:18:00 PM,2022
CR00026305,09/15/2022 03:55:00 AM,15,CLEAR,DAYLIGHT,TURNING,NOT DIVIDED,TRAFFIC SIGNAL,FOLLOWING TOO CLOSELY,FOLLOWING TOO CLOSELY,0,0,0,0,3,5,9,1743,MICHIGAN AVE,41.908873,-87.613867,09/15/2022 05:06:00 AM,2022
CR00026306,02/24/2021 03:24:00 PM,40,CLEAR,DARKNESS - LIGHTED ROAD,PARKED MOTOR VEHICLE,NOT DIVIDED,TRAFFIC SIGNAL,UNABLE TO DETERMINE,IMPROPER LANE USAGE,0,0,0,0,15,4,2,763,CICERO AVE,41.77872,-87.625628,02/24/2021 03:43:00 PM,2021
CR00026307,08/04/2024 06:37:00 PM,30,FOG/SMOKE/HAZE,DAYLIGHT,TURNING,DIVIDED - W/MEDIAN (NOT RAISED),STOP SIGN/FLASHER,FAILING TO YIELD RIGHT-OF-WAY,IMPROPER OVERTAKING/PASSING,0,0,0,0,18,1,8,2345,STATE ST,41.80883,-87.585916,08/04/2024 08:27:00 PM,2024
CR00026308,12/23/2022 09:26:00 AM,30,CLEAR,DAYLIGHT,PARKED MOTOR VEHICLE,FOUR WAY,YIELD,FOLLOWING TOO CLOSELY,NOT APPLICABLE,0,0,0,0,9,6,12,1457,FULLERTON AVE,41.913896,-87.503861,12/23/2022 09:54:00 AM,2022
CR00026309,07/29/2023 07:40:00 AM,30,CLEAR,DARKNESS - LIGHTED ROAD,REAR END,DIVIDED - W/MEDIAN BARRIER,NO CONTROLS,DISTRACTION - FROM INSIDE VEHICLE,NOT APPLICABLE,0,0,0,0,7,7,7,1868,79TH ST,41.757695,-87.847641,07/29/2023 08:39:00 AM,2023
CR00026310,01/05/2019 08:47:00 AM,15,CLEAR,DAYLIGHT,REAR END,ONE-WAY,TRAFFIC SIGNAL,UNABLE TO DETERMINE,NOT APPLICABLE,0,0,0,0,8,7,1,2512,63RD ST,41.700876,-87.801239,01/05/2019 10:47:00 AM,2019
CR00026311,09/19/2015 08:28:00 PM,45,CLEAR,DAYLIGHT,FIXED OBJECT,DIVIDED - W/MEDIAN (NOT RAISED),TRAFFIC SIGNAL,FOLLOWING TOO CLOSELY,UNABLE TO DETERMINE,0,1,1,2,20,7,9,2053,KEDZIE AVE,41.93503,-87.652343,09/19/2015 08:41:00 PM,2015
CR00026312,12/28/2015 02:03:00 PM,25,CLEAR,DAWN,SIDESWIPE SAME DIRECTION,ONE-WAY,NO CONTROLS,FAILING TO REDUCE SPEED,UNABLE TO DETERMINE,0,0,0,0,14,2,12,1361,STATE ST,41.993246,-87.645026,12/28/2015 03:39:00 PM,2015
CR00026313,07/11/2016 04:56:00 PM,20,CLEAR,DARKNESS - LIGHTED ROAD,TURNING,DIVIDED - W/MEDIAN (NOT RAISED),NO CONTROLS,IMPROPER LANE USAGE,DISTRACTION - FROM INSIDE VEHICLE,0,0,1,1,16,2,7,984,MICHIGAN AVE,41.825111,-87.71182,07/11/2016 05:37:00 PM,2016
CR00026314,10/27/2016 10:39:00 AM,35,FREEZING RAIN/DRIZZLE,DAYLIGHT,TURNING,DIVIDED - W/MEDIAN BARRIER,TRAFFIC SIGNAL,FOLLOWING TOO CLOSELY,DISREGARDING TRAFFIC SIGNALS,0,0,0,0,10,5,10,776,ELSTON AVE,41.904491,-87.684898,10/27/2016 11:13:00 AM,2016
CR00026315,06/22/2021 08:21:00 PM,30,CLOUDY/OVERCAST,DARKNESS - LIGHTED ROAD,TURNING,ONE-WAY,NO CONTROLS,DRIVING SKILLS/KNOWLEDGE/EXPERIENCE,NOT APPLICABLE,0,0,0,0,20,3,6,1424,HALSTED ST,41.965192,-87.506188,06/22/2021 09:37:00 PM,2021
CR00026316,11/30/2021 09:16:00 AM,15,CLEAR,DARKNESS - LIGHTED ROAD,TURNING,T-INTERSECTION,NO CONTROLS,UNABLE TO DETERMINE,DISREGARDING TRAFFIC SIGNALS,0,0,0,0,9,3,11,1440,79TH ST,41.979739,-87.845575,11/30/2021 11:02:00 AM,2021
CR00026317,10/05/2020 07:48:00 PM,30,CLEAR,DAYLIGHT,REAR TO FRONT,NOT DIVIDED,NO CONTROLS,FAILING TO YIELD RIGHT-OF-WAY,IMPROPER LANE USAGE,0,0,0,0,19,2,10,1904,DIVISION ST,41.93485,-87.525256,10/05/2020 08:59:00 PM,2020
CR00026318,07/18/2020 10:00:00 AM,15,RAIN,DAYLIGHT,ANGLE,NOT DIVIDED,NO CONTROLS,FOLLOWING TOO CLOSELY,UNABLE TO DETERMINE,0,0,0,0,10,7,7,144,IRVING PARK RD,41.995792,-87.654365,07/18/2020 10:34:00 AM,2020
CR00026319,02/11/2020 09:40:00 AM,40,CLOUDY/OVERCAST,DARKNESS - LIGHTED ROAD,FIXED OBJECT,ONE-WAY,NO CONTROLS,FAILING TO REDUCE SPEED,FAILING TO YIELD RIGHT-OF-WAY,0,0,0,0,9,3,2,807,47TH ST,41.875366,-87.604237,02/11/2020 11:06:00 AM,2020
CR00026320,01/21/2016 05:37:00 PM,35,SNOW,DAYLIGHT,SIDESWIPE SAME DIRECTION,DIVIDED - W/MEDIAN BARRIER,NO CONTROLS,UNABLE TO DETERMINE,DISTRACTION - FROM INSIDE VEHICLE,0,0,0,0,17,5,1,2390,DAMEN AVE,41.950442,-87.76629,01/21/2016 05:43:00 PM,2016
CR00026321,05/18/2024 07:15:00 AM,30,CLEAR,DAYLIGHT,SIDESWIPE SAME DIRECTION,ONE-WAY,TRAFFIC SIGNAL,IMPROPER OVERTAKING/PASSING,UNABLE TO DETERMINE,0,1,3,4,7,7,5,1012,ELSTON AVE,41.958372,-87.763946,05/18/2024 08:43:00 AM,2024
CR00026322,09/12/2021 06:21:00 AM,30,CLEAR,DARKNESS - LIGHTED ROAD,ANGLE,NOT DIVIDED,NO CONTROLS,DISREGARDING TRAFFIC SIGNALS,DISTRACTION - FROM INSIDE VEHICLE,0,0,0,0,6,1,9,783,FULLERTON AVE,41.740686,-87.756075,09/12/2021 07:21:00 AM,2021
CR00026323,11/29/2016 09:33:00 AM,35,CLEAR,DAYLIGHT,TURNING,DIVIDED - W/MEDIAN BARRIER,NO CONTROLS,FOLLOWING TOO CLOSELY,NOT APPLICABLE,0,0,0,0,9,3,11,581,DIVISION ST,41.734954,-87.773205,11/29/2016 11:17:00 AM,2016
CR00026324,08/30/2015 01:16:00 PM,20,CLEAR,DARKNESS - LIGHTED ROAD,TURNING,DIVIDED - W/MEDIAN (NOT RAISED),NO CONTROLS,FAILING TO REDUCE SPEED,DISREGARDING TRAFFIC SIGNALS,0,0,0,0,13,1,8,2109,OGDEN AVE,41.830704,-87.701846,08/30/2015 03:05:00 PM,2015
CR00026325,05/29/2018 05:34:00 PM,30,CLEAR,DAYLIGHT,REAR END,DIVIDED - W/MEDIAN BARRIER,NO CONTROLS,FAILING TO YIELD RIGHT-OF-WAY,FOLLOWING TOO CLOSELY,0,0,0,0,17,3,5,1281,ELSTON AVE,41.746042,-87.836262,05/29/2018 07:12:00 PM,2018
CR00026326,04/05/2020 05:43:00 PM,20,CLEAR,DAYLIGHT,REAR END,NOT DIVIDED,TRAFFIC SIGNAL,UNABLE TO DETERMINE,NOT APPLICABLE,0,0,0,0,17,1,4,153,ASHLAND AVE,41.99153,-87.556766,04/05/2020 07:06:00 PM,2020
CR00026327,02/14/2024 09:06:00 AM,25,RAIN,DAYLIGHT,ANGLE,NOT DIVIDED,TRAFFIC SIGNAL,IMPROPER LANE USAGE,NOT APPLICABLE,0,0,0,0,9,4,2,548,KEDZIE AVE,41.825367,-87.518939,02/14/2024 09:18:00 AM,2024
CR00026328,12/20/2015 01:25:00 AM,15,CLOUDY/OVERCAST,DARKNESS - LIGHTED ROAD,REAR END,FOUR WAY,TRAFFIC SIGNAL,FAILING TO REDUCE SPEED,FOLLOWING TOO CLOSELY,0,0,0,0,1,1,12,775,63RD ST,41.919559,-87.792091,12/20/2015 03:14:00 AM,2015
CR00026329,06/10/2017 06:35:00 PM,35,CLEAR,DAYLIGHT,REAR END,NOT DIVIDED,NO CONTROLS,UNABLE TO DETERMINE,NOT APPLICABLE,0,0,0,0,18,7,6,2423,63RD ST,41.704595,-87.742427,06/10/2017 07:44:00 PM,2017
CR00026330,02/21/2015 09:22:00 PM,45,FREEZING RAIN/DRIZZLE,DAWN,TURNING,NOT DIVIDED,NO CONTROLS,FOLLOWING TOO CLOSELY,NOT APPLICABLE,0,0,0,0,21,7,2,1059,ROOSEVELT RD,41.996558,-87.522802,02/21/2015 10:24:00 PM,2015
CR00026331,01/04/2017 11:16:00 PM,15,CLOUDY/OVERCAST,DAYLIGHT,ANGLE,ONE-WAY,TRAFFIC SIGNAL,FAILING TO YIELD RIGHT-OF-WAY,UNABLE TO DETERMINE,0,0,0,0,23,4,1,907,63RD ST,41.753133,-87.69684,01/05/2017 12:39:00 AM,2017