CRASH_RECORD_ID,CRASH_DATE,POSTED_SPEED_LIMIT,WEATHER_CONDITION,LIGHTING_CONDITION,FIRST_CRASH_TYPE,TRAFFICWAY_TYPE,TRAFFIC_CONTROL_DEVICE,PRIM_CONTRIBUTORY_CAUSE,SEC_CONTRIBUTORY_CAUSE,INJURIES_FATAL,INJURIES_INCAPACITATING,INJURIES_NON_INCAPACITATING,INJURIES_TOTAL,CRASH_HOUR,CRASH_DAY_OF_WEEK,CRASH_MONTH,BEAT_OF_OCCURRENCE,STREET_NAME,LATITUDE,LONGITUDE,DATE_POLICE_NOTIFIED,year
CR00026332,07/17/2018 04:11:00 AM,30,FOG/SMOKE/HAZE,DAYLIGHT,REAR END,NOT DIVIDED,TRAFFIC SIGNAL,IMPROPER LANE USAGE,UNABLE TO DETERMINE,0,0,0,0,4,3,7,2502,WESTERN AVE,41.774629,-87.592973,07/17/2018 05:20:00 AM,2018
CR00026333,01/12/2019 06:19:00 PM,15,CLEAR,DAYLIGHT,ANGLE,ONE-WAY,NO CONTROLS,DRIVING SKILLS/KNOWLEDGE/EXPERIENCE,IMPROPER OVERTAKING/PASSING,0,0,0,0,18,7,1,1607,DAMEN AVE,41.768892,-87.565861,01/12/2019 07:27:00 PM,2019
CR00026334,04/23/2024 05:54:00 AM,20,CLOUDY/OVERCAST,DARKNESS,FIXED OBJECT,NOT DIVIDED,NO CONTROLS,DRIVING SKILLS/KNOWLEDGE/EXPERIENCE,UNABLE TO DETERMINE,0,0,0,0,5,3,4,1350,47TH ST,41.762973,-87.751602,04/23/2024 06:11:00 AM,2024
CR00026335,11/16/2016 11:58:00 PM,45,RAIN,DARKNESS - LIGHTED ROAD,SIDESWIPE SAME DIRECTION,NOT DIVIDED,TRAFFIC SIGNAL,WEATHER,IMPROPER OVERTAKING/PASSING,0,0,0,0,23,4,11,2359,WESTERN AVE,41.791095,-87.572329,11/17/2016 01:29:00 AM,2016
CR00026336,07/28/2018 05:30:00 PM,30,SNOW,DUSK,ANGLE,NOT DIVIDED,UNKNOWN,IMPROPER LANE USAGE,DISREGARDING TRAFFIC SIGNALS,0,0,0,0,17,7,7,311,MILWAUKEE AVE,41.907777,-87.602917,07/28/2018 05:50:00 PM,2018
CR00026337,07/29/2017 12:01:00 PM,15,CLEAR,DAWN,TURNING,NOT DIVIDED,NO CONTROLS,IMPROPER OVERTAKING/PASSING,UNABLE TO DETERMINE,0,0,0,0,12,7,7,509,ARCHER AVE,41.756542,-87.74525,07/29/2017 12:17:00 PM,2017
CR00026338,08/04/2015 01:34:00 PM,30,CLEAR,DARKNESS,SIDESWIPE SAME DIRECTION,NOT DIVIDED,STOP SIGN/FLASHER,IMPROPER LANE USAGE,UNABLE TO DETERMINE,0,0,0,0,13,3,8,2042,ROOSEVELT RD,41.775797,-87.757914,08/04/2015 03:27:00 PM,2015
CR00026339,08/16/2017 03:44:00 PM,15,CLEAR,DARKNESS - LIGHTED ROAD,REAR END,DIVIDED - W/MEDIAN (NOT RAISED),TRAFFIC SIGNAL,IMPROPER OVERTAKING/PASSING,UNABLE TO DETERMINE,0,0,0,0,15,4,8,2090,LAKE SHORE DR,41.85091,-87.530119,08/16/2017 04:05:00 PM,2017
CR00026340,05/25/2021 10:52:00 AM,30,CLEAR,DAYLIGHT,REAR END,DIVIDED - W/MEDIAN BARRIER,STOP SIGN/FLASHER,DRIVING SKILLS/KNOWLEDGE/EXPERIENCE,NOT APPLICABLE,0,1,3,4,10,3,5,1107,KEDZIE AVE,41.731304,-87.693418,05/25/2021 11:52:00 AM,2021
CR00026341,04/14/2024 08:35:00 AM,20,CLOUDY/OVERCAST,DAYLIGHT,PARKED MOTOR VEHICLE,DIVIDED - W/MEDIAN (NOT RAISED),NO CONTROLS,FAILING TO YIELD RIGHT-OF-WAY,UNABLE TO DETERMINE,0,0,0,0,8,1,4,2433,PULASKI RD,41.744166,-87.622093,04/14/2024 10:33:00 AM,2024
CR00026342,02/04/2024 06:05:00 PM,30,CLEAR,DUSK,REAR END,DIVIDED - W/MEDIAN (NOT RAISED),NO CONTROLS,FOLLOWING TOO CLOSELY,DISTRACTION - FROM INSIDE VEHICLE,0,0,0,0,18,1,2,2405,47TH ST,41.89755,-87.624662,02/04/2024 07:50:00 PM,2024
CR00026343,12/20/2020 06:01:00 PM,30,SNOW,DAYLIGHT,PEDESTRIAN,NOT DIVIDED,TRAFFIC SIGNAL,FAILING TO YIELD RIGHT-OF-WAY,UNABLE TO DETERMINE,0,0,0,0,18,1,12,707,CICERO AVE,41.809826,-87.656389,12/20/2020 06:43:00 PM,2020
CR00026344,12/15/2015 09:07:00 AM,40,CLEAR,DAYLIGHT,ANGLE,DIVIDED - W/MEDIAN (NOT RAISED),TRAFFIC SIGNAL,FOLLOWING TOO CLOSELY,DISREGARDING TRAFFIC SIGNALS,0,0,0,0,9,3,12,596,ASHLAND AVE,41.90011,-87.767782,12/15/2015 10:49:00 AM,2015
CR00026345,01/26/2020 01:05:00 PM,30,RAIN,DAYLIGHT,REAR END,FOUR WAY,NO CONTROLS,UNABLE TO DETERMINE,DISREGARDING TRAFFIC SIGNALS,0,0,0,0,13,1,1,1587,79TH ST,41.931608,-87.635838,01/26/2020 01:53:00 PM,2020
CR00026346,07/31/2019 03:01:00 PM,30,CLEAR,DAYLIGHT,TURNING,DIVIDED - W/MEDIAN BARRIER,YIELD,UNABLE TO DETERMINE,NOT APPLICABLE,0,0,0,0,15,4,7,1756,ROOSEVELT RD,41.934486,-87.551694,07/31/2019 04:13:00 PM,2019
CR00026347,05/09/2017 06:16:00 PM,35,SNOW,DAYLIGHT,REAR END,NOT DIVIDED,TRAFFIC SIGNAL,UNABLE TO DETERMINE,NOT APPLICABLE,0,0,0,0,18,3,5,1783,ARCHER AVE,41.799137,-87.584737,05/09/2017 07:57:00 PM,2017
CR00026348,10/24/2023 02:50:00 PM,30,CLEAR,DARKNESS - LIGHTED ROAD,REAR END,FOUR WAY,TRAFFIC SIGNAL,FAILING TO YIELD RIGHT-OF-WAY,DISREGARDING TRAFFIC SIGNALS,0,0,3,3,14,3,10,894,MICHIGAN AVE,41.968315,-87.530079,10/24/2023 04:12:00 PM,2023
CR00026349,10/08/2023 07:51:00 AM,25,CLEAR,DAYLIGHT,REAR END,NOT DIVIDED,TRAFFIC SIGNAL,FOLLOWING TOO CLOSELY,UNABLE TO DETERMINE,0,0,3,3,7,1,10,1367,WESTERN AVE,41.72739,-87.735785,10/08/2023 08:38:00 AM,2023
CR00026350,05/08/2021 03:09:00 PM,35,CLEAR,DARKNESS - LIGHTED ROAD,PEDESTRIAN,NOT DIVIDED,UNKNOWN,DISTRACTION - FROM INSIDE VEHICLE,DRIVING SKILLS/KNOWLEDGE/EXPERIENCE,0,0,3,3,15,7,5,1583,63RD ST,41.77776,-87.7396,05/08/2021 04:15:00 PM,2021
CR00026351,11/23/2017 07:44:00 AM,15,RAIN,DARKNESS - LIGHTED ROAD,REAR END,NOT DIVIDED,STOP SIGN/FLASHER,DISREGARDING TRAFFIC SIGNALS,DRIVING SKILLS/KNOWLEDGE/EXPERIENCE,0,0,0,0,7,5,11,1239,DIVISION ST,41.947523,-87.653716,11/23/2017 09:33:00 AM,2017
CR00026352,06/26/2017 10:46:00 PM,35,CLEAR,DAWN,ANGLE,FOUR WAY,STOP SIGN/FLASHER,FOLLOWING TOO CLOSELY,DISTRACTION - FROM INSIDE VEHICLE,0,0,0,0,22,2,6,1894,STATE ST,41.783967,-87.772088,06/27/2017 12:15:00 AM,2017
CR00026353,11/07/2023 07:49:00 PM,30,CLEAR,DAYLIGHT,ANGLE,NOT DIVIDED,UNKNOWN,IMPROPER OVERTAKING/PASSING,UNABLE TO DETERMINE,0,0,0,0,19,3,11,2196,47TH ST,41.996446,-87.509822,11/07/2023 09:44:00 PM,2023
CR00026354,06/13/2018 07:46:00 AM,45,CLEAR,DAYLIGHT,REAR END,DIVIDED - W/MEDIAN BARRIER,TRAFFIC SIGNAL,IMPROPER LANE USAGE,UNABLE TO DETERMINE,0,0,0,0,7,4,6,571,ELSTON AVE,41.828374,-87.820341,06/13/2018 08:00:00 AM,2018
CR00026355,10/23/2020 11:36:00 AM,25,CLEAR,DAYLIGHT,TURNING,DIVIDED - W/MEDIAN (NOT RAISED),NO CONTROLS,UNABLE TO DETERMINE,FAILING TO REDUCE SPEED,0,0,1,1,11,6,10,780,KEDZIE AVE,41.930158,-87.561374,10/23/2020 01:02:00 PM,2020
CR00026356,02/05/2019 04:33:00 PM,30,RAIN,DAYLIGHT,FIXED OBJECT,NOT DIVIDED,NO CONTROLS,FOLLOWING TOO CLOSELY,NOT APPLICABLE,0,0,0,0,16,3,2,1940,STONY ISLAND AVE,41.983403,-87.800933,02/05/2019 05:32:00 PM,2019
CR00026357,09/19/2022 07:48:00 AM,35,CLEAR,DAYLIGHT,PARKED MOTOR VEHICLE,ONE-WAY,YIELD,FOLLOWING TOO CLOSELY,UNABLE TO DETERMINE,0,0,0,0,7,2,9,488,HALSTED ST,41.855787,-87.809779,09/19/2022 08:38:00 AM,2022
CR00026358,12/19/2016 07:27:00 AM,35,CLEAR,DARKNESS - LIGHTED ROAD,REAR TO FRONT,NOT DIVIDED,TRAFFIC SIGNAL,DISTRACTION - FROM INSIDE VEHICLE,FOLLOWING TOO CLOSELY,0,0,0,0,7,2,12,2154,FULLERTON AVE,41.830749,-87.667096,12/19/2016 09:00:00 AM,2016
CR00026359,12/24/2023 08:21:00 AM,20,RAIN,DAYLIGHT,TURNING,NOT DIVIDED,STOP SIGN/FLASHER,IMPROPER LANE USAGE,UNABLE TO DETERMINE,0,0,0,0,8,1,12,1231,FULLERTON AVE,41.900473,-87.578888,12/24/2023 08:55:00 AM,2023
CR00026360,06/10/2023 06:17:00 PM,30,CLEAR,DARKNESS - LIGHTED ROAD,ANGLE,DIVIDED - W/MEDIAN BARRIER,STOP SIGN/FLASHER,UNABLE TO DETERMINE,UNABLE TO DETERMINE,0,0,0,0,18,7,6,2514,CICERO AVE,41.999602,-87.548928,06/10/2023 06:36:00 PM,2023
CR00026361,03/09/2019 11:50:00 AM,35,CLEAR,DARKNESS - LIGHTED ROAD,REAR END,NOT DIVIDED,NO CONTROLS,FAILING TO REDUCE SPEED,UNABLE TO DETERMINE,0,0,0,0,11,7,3,1891,ROOSEVELT RD,41.908113,-87.599474,03/09/2019 12:22:00 PM,2019
CR00026362,11/03/2019 08:31:00 PM,35,CLEAR,DARKNESS - LIGHTED ROAD,REAR END,ONE-WAY,YIELD,IMPROPER OVERTAKING/PASSING,FAILING TO REDUCE SPEED,0,0,0,0,20,1,11,2443,MICHIGAN AVE,41.729185,-87.741344,11/03/2019 08:59:00 PM,2019
CR00026363,01/23/2019 03:43:00 PM,30,CLEAR,DAYLIGHT,REAR TO FRONT,DIVIDED - W/MEDIAN (NOT RAISED),TRAFFIC SIGNAL,FOLLOWING TOO CLOSELY,FOLLOWING TOO CLOSELY,0,0,0,0,15,4,1,2182,KEDZIE AVE,41.976495,-87.780884,01/23/2019 04:38:00 PM,2019
CR00026364,07/01/2024 10:30:00 AM,35,CLEAR,DAYLIGHT,REAR END,NOT DIVIDED,TRAFFIC SIGNAL,FOLLOWING TOO CLOSELY,IMPROPER OVERTAKING/PASSING,0,0,0,0,10,2,7,1006,WESTERN AVE,41.780473,-87.616434,07/01/2024 10:44:00 AM,2024
CR00026365,11/21/2022 12:27:00 PM,45,CLEAR,DARKNESS - LIGHTED ROAD,REAR END,ONE-WAY,TRAFFIC SIGNAL,IMPROPER OVERTAKING/PASSING,UNABLE TO DETERMINE,0,0,1,1,12,2,11,1121,ROOSEVELT RD,41.92211,-87.577587,11/21/2022 02:23:00 PM,2022
CR00026366,02/19/2024 06:51:00 PM,15,CLEAR,DARKNESS - LIGHTED ROAD,REAR END,ONE-WAY,STOP SIGN/FLASHER,FOLLOWING TOO CLOSELY,FAILING TO YIELD RIGHT-OF-WAY,0,0,0,0,18,2,2,891,CLARK ST,41.920736,-87.518861,02/19/2024 07:20:00 PM,2024
CR00026367,05/12/2017 06:35:00 AM,45,CLOUDY/OVERCAST,DAYLIGHT,REAR END,ONE-WAY,TRAFFIC SIGNAL,IMPROPER LANE USAGE,DISREGARDING TRAFFIC SIGNALS,0,0,0,0,6,6,5,733,MICHIGAN AVE,41.801618,-87.834283,05/12/2017 06:38:00 AM,2017
CR00026368,12/25/2019 11:19:00 AM,45,FOG/SMOKE/HAZE,DAYLIGHT,REAR END,NOT DIVIDED,STOP SIGN/FLASHER,IMPROPER OVERTAKING/PASSING,DISREGARDING TRAFFIC SIGNALS,0,0,0,0,11,4,12,959,DAMEN AVE,41.753099,-87.67946,12/25/2019 12:38:00 PM,2019
CR00026369,12/08/2023 07:31:00 PM,30,CLOUDY/OVERCAST,DAYLIGHT,REAR TO FRONT,NOT DIVIDED,PEDESTRIAN CROSSING SIGN,FAILING TO YIELD RIGHT-OF-WAY,UNABLE TO DETERMINE,0,0,0,0,19,6,12,325,HALSTED ST,41.912614,-87.683135,12/08/2023 08:11:00 PM,2023
CR00026370,03/21/2015 04:45:00 PM,25,CLEAR,DARKNESS - LIGHTED ROAD,REAR END,ONE-WAY,STOP SIGN/FLASHER,FAILING TO YIELD RIGHT-OF-WAY,UNABLE TO DETERMINE,0,0,0,0,16,7,3,528,CALIFORNIA AVE,41.849792,-87.840418,03/21/2015 06:45:00 PM,2015
CR00026371,05/03/2019 04:09:00 PM,15,RAIN,DARKNESS - LIGHTED ROAD,PARKED MOTOR VEHICLE,FOUR WAY,NO CONTROLS,DISTRACTION - FROM INSIDE VEHICLE,WEATHER,0,0,0,0,16,6,5,2287,CALIFORNIA AVE,41.871743,-87.83258,05/03/2019 04:56:00 PM,2019
CR00026372,07/17/2022 03:51:00 PM,40,FREEZING RAIN/DRIZZLE,DARKNESS - LIGHTED ROAD,SIDESWIPE SAME DIRECTION,DIVIDED - W/MEDIAN BARRIER,STOP SIGN/FLASHER,FOLLOWING TOO CLOSELY,UNABLE TO DETERMINE,0,0,0,0,15,1,7,1661,DIVISION ST,41.992095,-87.570663,07/17/2022 03:53:00 PM,2022
CR00026373,08/10/2021 05:00:00 PM,35,CLEAR,DAYLIGHT,FIXED OBJECT,NOT DIVIDED,TRAFFIC SIGNAL,DISTRACTION - FROM INSIDE VEHICLE,UNABLE TO DETERMINE,0,0,0,0,17,3,8,2083,MILWAUKEE AVE,41.711664,-87.792004,08/10/2021 05:49:00 PM,2021
CR00026374,08/20/2015 06:38:00 PM,35,CLEAR,DAYLIGHT,ANGLE,ONE-WAY,TRAFFIC SIGNAL,UNABLE TO DETERMINE,UNABLE TO DETERMINE,0,0,0,0,18,5,8,1641,ARCHER AVE,41.819172,-87.562542,08/20/2015 07:18:00 PM,2015
CR00026375,10/28/2024 10:48:00 AM,20,CLEAR,DAYLIGHT,REAR END,ONE-WAY,TRAFFIC SIGNAL,FAILING TO YIELD RIGHT-OF-WAY,UNABLE TO DETERMINE,0,0,0,0,10,2,10,2284,79TH ST,41.939121,-87.805173,10/28/2024 12:00:00 PM,2024
CR00026376,07/01/2022 11:08:00 AM,30,CLEAR,DARKNESS - LIGHTED ROAD,SIDESWIPE SAME DIRECTION,NOT DIVIDED,UNKNOWN,UNABLE TO DETERMINE,FAILING TO YIELD RIGHT-OF-WAY,0,0,0,0,11,6,7,1126,ROOSEVELT RD,41.919818,-87.693728,07/01/2022 12:55:00 PM,2022
CR00026377,08/29/2020 08:58:00 AM,25,FREEZING RAIN/DRIZZLE,DAYLIGHT,REAR END,NOT DIVIDED,TRAFFIC SIGNAL,FOLLOWING TOO CLOSELY,UNABLE TO DETERMINE,0,0,0,0,8,7,8,184,79TH ST,41.736614,-87.602488,08/29/2020 10:28:00 AM,2020
CR00026378,10/20/2017 01:36:00 PM,30,FOG/SMOKE/HAZE,DAYLIGHT,ANGLE,NOT DIVIDED,UNKNOWN,FAILING TO REDUCE SPEED,NOT APPLICABLE,0,0,1,1,13,6,10,2510,47TH ST,41.862343,-87.509477,10/20/2017 02:40:00 PM,2017
CR00026379,02/20/2023 12:14:00 PM,40,CLEAR,DAYLIGHT,SIDESWIPE SAME DIRECTION,NOT DIVIDED,STOP SIGN/FLASHER,FAILING TO REDUCE SPEED,FAILING TO YIELD RIGHT-OF-WAY,0,0,0,0,12,2,2,909,HALSTED ST,41.745076,-87.823913,02/20/2023 02:12:00 PM,2023
CR00026380,07/24/2019 07:07:00 AM,25,CLEAR,DARKNESS - LIGHTED ROAD,SIDESWIPE SAME DIRECTION,T-INTERSECTION,NO CONTROLS,UNABLE TO DETERMINE,UNABLE TO DETERMINE,0,0,0,0,7,4,7,2441,BROADWAY,41.948657,-87.634151,07/24/2019 08:41:00 AM,2019
CR00026381,07/01/2022 06:05:00 AM,45,RAIN,DARKNESS - LIGHTED ROAD,SIDESWIPE SAME DIRECTION,NOT DIVIDED,NO CONTROLS,IMPROPER OVERTAKING/PASSING,UNABLE TO DETERMINE,0,0,0,0,6,6,7,1373,IRVING PARK RD,41.912359,-87.662411,07/01/2022 08:04:00 AM,2022
CR00026382,07/04/2024 07:44:00 PM,30,CLEAR,DAYLIGHT,FIXED OBJECT,FOUR WAY,NO CONTROLS,FOLLOWING TOO CLOSELY,NOT APPLICABLE,0,0,0,0,19,5,7,566,79TH ST,41.935523,-87.515587,07/04/2024 08:23:00 PM,2024
CR00026383,06/23/2018 03:12:00 PM,30,CLEAR,DAYLIGHT,PARKED MOTOR VEHICLE,NOT DIVIDED,NO CONTROLS,DISTRACTION - FROM INSIDE VEHICLE,FAILING TO YIELD RIGHT-OF-WAY,0,0,0,0,15,7,6,861,47TH ST,41.970905,-87.602801,06/23/2018 04:24:00 PM,2018
CR00026384,02/12/2015 05:51:00 AM,30,SNOW,DAYLIGHT,FIXED OBJECT,NOT DIVIDED,STOP SIGN/FLASHER,FAILING TO REDUCE SPEED,NOT APPLICABLE,0,0,0,0,5,5,2,2126,CLARK ST,41.778527,-87.746444,02/12/2015 07:06:00 AM,2015
CR00026385,05/29/2018 11:15:00 AM,20,CLEAR,DAYLIGHT,REAR END,NOT DIVIDED,TRAFFIC SIGNAL,DRIVING SKILLS/KNOWLEDGE/EXPERIENCE,DISREGARDING TRAFFIC SIGNALS,0,0,0,0,11,3,5,1699,79TH ST,41.921864,-87.832398,05/29/2018 12:19:00 PM,2018
CR00026386,10/19/2020 12:05:00 PM,30,CLEAR,DARKNESS,ANGLE,DIVIDED - W/MEDIAN (NOT RAISED),TRAFFIC SIGNAL,IMPROPER LANE USAGE,UNABLE TO DETERMINE,0,0,0,0,12,2,10,367,STATE ST,41.742852,-87.660396,10/19/2020 12:26:00 PM,2020
CR00026387,12/02/2018 08:43:00 PM,30,CLEAR,DARKNESS,ANGLE,ONE-WAY,YIELD,WEATHER,UNABLE TO DETERMINE,0,0,0,0,20,1,12,558,ROOSEVELT RD,41.762994,-87.632225,12/02/2018 09:04:00 PM,2018
CR00026388,01/13/2024 02:04:00 PM,35,CLEAR,DARKNESS - LIGHTED ROAD,REAR END,DIVIDED - W/MEDIAN BARRIER,TRAFFIC SIGNAL,FOLLOWING TOO CLOSELY,NOT APPLICABLE,0,0,0,0,14,7,1,550,PULASKI RD,41.709518,-87.805874,01/13/2024 02:10:00 PM,2024
CR00026389,09/13/2015 06:43:00 PM,30,CLOUDY/OVERCAST,DARKNESS - LIGHTED ROAD,REAR END,FOUR WAY,TRAFFIC SIGNAL,UNABLE TO DETERMINE,IMPROPER OVERTAKING/PASSING,0,0,1,1,18,1,9,1841,STATE ST,41.72899,-87.619686,09/13/2015 06:47:00 PM,2015
CR00026390,04/15/2023 08:27:00 PM,20,CLEAR,DAYLIGHT,PEDESTRIAN,DIVIDED - W/MEDIAN BARRIER,NO CONTROLS,DRIVING SKILLS/KNOWLEDGE/EXPERIENCE,NOT APPLICABLE,0,0,0,0,20,7,4,428,OGDEN AVE,41.783753,-87.832643,04/15/2023 09:49:00 PM,2023
CR00026391,06/27/2021 07:52:00 AM,35,CLOUDY/OVERCAST,DAYLIGHT,ANGLE,NOT DIVIDED,NO CONTROLS,UNABLE TO DETERMINE,UNABLE TO DETERMINE,0,0,0,0,7,1,6,1522,PULASKI RD,41.807135,-87.76148,06/27/2021 08:26:00 AM,2021
CR00026392,09/27/2017 11:20:00 AM,30,RAIN,DARKNESS - LIGHTED ROAD,FIXED OBJECT,DIVIDED - W/MEDIAN BARRIER,STOP SIGN/FLASHER,UNABLE TO DETERMINE,FOLLOWING TOO CLOSELY,0,0,0,0,11,4,9,1918,ASHLAND AVE,41.833996,-87.693745,09/27/2017 12:12:00 PM,2017
CR00026393,10/10/2021 01:04:00 PM,25,CLOUDY/OVERCAST,DAYLIGHT,SIDESWIPE SAME DIRECTION,NOT DIVIDED,NO CONTROLS,DRIVING SKILLS/KNOWLEDGE/EXPERIENCE,DRIVING SKILLS/KNOWLEDGE/EXPERIENCE,0,1,1,2,13,1,10,1279,IRVING PARK RD,41.704412,-87.697975,10/10/2021 01:58:00 PM,2021
CR00026394,03/23/2017 05:11:00 PM,15,CLEAR,DAYLIGHT,ANGLE,FOUR WAY,NO CONTROLS,UNABLE TO DETERMINE,UNABLE TO DETERMINE,0,0,0,0,17,5,3,1678,OGDEN AVE,41.827838,-87.735654,03/23/2017 05:38:00 PM,2017
CR00026395,07/25/2018 10:19:00 AM,30,CLEAR,DAYLIGHT,ANGLE,DIVIDED - W/MEDIAN (NOT RAISED),NO CONTROLS,DRIVING SKILLS/KNOWLEDGE/EXPERIENCE,UNABLE TO DETERMINE,0,0,0,0,10,4,7,1338,LAKE SHORE DR,41.75012,-87.829212,07/25/2018 11:09:00 AM,2018
CR00026396,01/11/2019 09:55:00 AM,30,CLEAR,DAYLIGHT,ANGLE,NOT DIVIDED,STOP SIGN/FLASHER,UNABLE TO DETERMINE,NOT APPLICABLE,0,0,0,0,9,6,1,472,CICERO AVE,41.993786,-87.532363,01/11/2019 11:36:00 AM,2019
CR00026397,06/09/2017 04:31:00 PM,35,CLEAR,DARKNESS - LIGHTED ROAD,PARKED MOTOR VEHICLE,NOT DIVIDED,TRAFFIC SIGNAL,IMPROPER LANE USAGE,UNABLE TO DETERMINE,0,0,0,0,16,6,6,2110,KEDZIE AVE,41.783265,-87.757643,06/09/2017 05:23:00 PM,2017
CR00026398,08/25/2022 07:38:00 PM,25,FOG/SMOKE/HAZE,DAYLIGHT,PEDESTRIAN,DIVIDED - W/MEDIAN (NOT RAISED),TRAFFIC SIGNAL,FOLLOWING TOO CLOSELY,DRIVING SKILLS/KNOWLEDGE/EXPERIENCE,0,0,0,0,19,5,8,1010,CALIFORNIA AVE,41.773954,-87.732757,08/25/2022 08:40:00 PM,2022
CR00026399,07/01/2021 11:40:00 AM,20,CLEAR,DARKNESS - LIGHTED ROAD,REAR END,NOT DIVIDED,NO CONTROLS,FOLLOWING TOO CLOSELY,UNABLE TO DETERMINE,0,0,0,0,11,5,7,1770,ELSTON AVE,41.750724,-87.644412,07/01/2021 12:20:00 PM,2021
CR00026400,07/03/2017 09:29:00 AM,45,CLEAR,DAWN,REAR END,T-INTERSECTION,TRAFFIC SIGNAL,DISREGARDING TRAFFIC SIGNALS,DISREGARDING TRAFFIC SIGNALS,0,0,0,0,9,2,7,103,DAMEN AVE,41.900651,-87.793292,07/03/2017 09:50:00 AM,2017
CR00026401,09/12/2022 02:10:00 PM,15,FOG/SMOKE/HAZE,DUSK,TURNING,ONE-WAY,TRAFFIC SIGNAL,DISTRACTION - FROM INSIDE VEHICLE,NOT APPLICABLE,0,0,0,0,14,2,9,1564,DIVISION ST,41.823576,-87.712963,09/12/2022 02:20:00 PM,2022
CR00026402,03/13/2021 08:18:00 AM,40,CLEAR,DAYLIGHT,TURNING,NOT DIVIDED,TRAFFIC SIGNAL,UNABLE TO DETERMINE,UNABLE TO DETERMINE,0,0,0,0,8,7,3,1750,ELSTON AVE,41.85301,-87.802923,03/13/2021 09:52:00 AM,2021
CR00026403,02/21/2015 03:30:00 PM,45,CLEAR,DAYLIGHT,REAR TO FRONT,DIVIDED - W/MEDIAN (NOT RAISED),STOP SIGN/FLASHER,WEATHER,NOT APPLICABLE,0,0,0,0,15,7,2,2239,KEDZIE AVE,41.759976,-87.70513,02/21/2015 03:41:00 PM,2015
CR00026404,12/25/2023 05:40:00 PM,20,CLEAR,DARKNESS - LIGHTED ROAD,SIDESWIPE SAME DIRECTION,DIVIDED - W/MEDIAN (NOT RAISED),STOP SIGN/FLASHER,FAILING TO YIELD RIGHT-OF-WAY,IMPROPER OVERTAKING/PASSING,0,0,0,0,17,2,12,742,CLARK ST,41.951541,-87.663985,12/25/2023 07:21:00 PM,2023
CR00026405,02/10/2015 11:46:00 AM,35,RAIN,DAYLIGHT,REAR END,NOT DIVIDED,STOP SIGN/FLASHER,FAILING TO YIELD RIGHT-OF-WAY,UNABLE TO DETERMINE,0,0,0,0,11,3,2,244,STATE ST,41.859287,-87.532251,02/10/2015 12:20:00 PM,2015
CR00026406,07/03/2015 08:55:00 AM,45,CLEAR,DAYLIGHT,PARKED MOTOR VEHICLE,DIVIDED - W/MEDIAN BARRIER,TRAFFIC SIGNAL,FOLLOWING TOO CLOSELY,IMPROPER OVERTAKING/PASSING,0,0,1,1,8,6,7,1083,OGDEN AVE,41.704658,-87.618755,07/03/2015 10:16:00 AM,2015
CR00026407,12/01/2024 10:59:00 AM,45,SNOW,DARKNESS - LIGHTED ROAD,REAR TO FRONT,NOT DIVIDED,STOP SIGN/FLASHER,FAILING TO REDUCE SPEED,IMPROPER LANE USAGE,0,0,0,0,10,1,12,1278,63RD ST,41.723688,-87.526713,12/01/2024 11:29:00 AM,2024
CR00026408,08/03/2020 03:22:00 AM,30,CLEAR,DAYLIGHT,REAR END,DIVIDED - W/MEDIAN (NOT RAISED),STOP SIGN/FLASHER,FOLLOWING TOO CLOSELY,UNABLE TO DETERMINE,0,0,0,0,3,2,8,418,CALIFORNIA AVE,41.986151,-87.824631,08/03/2020 05:08:00 AM,2020
CR00026409,08/13/2016 11:05:00 AM,30,CLEAR,DAYLIGHT,FIXED OBJECT,NOT DIVIDED,NO CONTROLS,UNABLE TO DETERMINE,FAILING TO YIELD RIGHT-OF-WAY,0,0,0,0,11,7,8,1452,ROOSEVELT RD,41.970138,-87.577763,08/13/2016 12:41:00 PM,2016
CR00026410,03/21/2023 12:37:00 PM,45,CLOUDY/OVERCAST,DUSK,PARKED MOTOR VEHICLE,DIVIDED - W/MEDIAN (NOT RAISED),NO CONTROLS,IMPROPER OVERTAKING/PASSING,FOLLOWING TOO CLOSELY,0,1,1,2,12,3,3,1286,CALIFORNIA AVE,41.734476,-87.615548,03/21/2023 02:01:00 PM,2023
CR00026411,03/03/2024 10:46:00 AM,30,CLEAR,DUSK,PARKED MOTOR VEHICLE,NOT DIVIDED,UNKNOWN,DISTRACTION - FROM INSIDE VEHICLE,FAILING TO YIELD RIGHT-OF-WAY,0,0,0,0,10,1,3,749,DIVISION ST,41.716923,-87.562873,03/03/2024 11:32:00 AM,2024
CR00026412,11/18/2019 10:12:00 AM,30,RAIN,DAYLIGHT,SIDESWIPE SAME DIRECTION,DIVIDED - W/MEDIAN BARRIER,TRAFFIC SIGNAL,IMPROPER LANE USAGE,DRIVING SKILLS/KNOWLEDGE/EXPERIENCE,0,0,0,0,10,2,11,162,47TH ST,41.822519,-87.505907,11/18/2019 10:50:00 AM,2019
CR00026413,08/03/2018 10:28:00 AM,15,RAIN,DAYLIGHT,ANGLE,DIVIDED - W/MEDIAN (NOT RAISED),TRAFFIC SIGNAL,FAILING TO REDUCE SPEED,UNABLE TO DETERMINE,0,0,0,0,10,6,8,1640,LAKE SHORE DR,41.758681,-87.599694,08/03/2018 12:16:00 PM,2018