CRASH_RECORD_ID,CRASH_DATE,POSTED_SPEED_LIMIT,WEATHER_CONDITION,LIGHTING_CONDITION,FIRST_CRASH_TYPE,TRAFFICWAY_TYPE,TRAFFIC_CONTROL_DEVICE,PRIM_CONTRIBUTORY_CAUSE,SEC_CONTRIBUTORY_CAUSE,INJURIES_FATAL,INJURIES_INCAPACITATING,INJURIES_NON_INCAPACITATING,INJURIES_TOTAL,CRASH_HOUR,CRASH_DAY_OF_WEEK,CRASH_MONTH,BEAT_OF_OCCURRENCE,STREET_NAME,LATITUDE,LONGITUDE,DATE_POLICE_NOTIFIED,year
CR00026414,10/13/2019 06:21:00 PM,45,CLEAR,DAYLIGHT,PARKED MOTOR VEHICLE,T-INTERSECTION,NO CONTROLS,FAILING TO YIELD RIGHT-OF-WAY,FOLLOWING TOO CLOSELY,0,0,0,0,18,1,10,1516,ASHLAND AVE,41.794684,-87.714424,10/13/2019 06:28:00 PM,2019
CR00026415,06/20/2021 10:07:00 PM,35,CLEAR,DAYLIGHT,REAR END,NOT DIVIDED,UNKNOWN,FAILING TO REDUCE SPEED,FAILING TO YIELD RIGHT-OF-WAY,0,0,0,0,22,1,6,1303,79TH ST,41.794253,-87.638753,06/20/2021 10:42:00 PM,2021
CR00026416,04/28/2018 09:40:00 AM,35,SNOW,DAYLIGHT,REAR END,NOT DIVIDED,UNKNOWN,FOLLOWING TOO CLOSELY,IMPROPER OVERTAKING/PASSING,0,0,0,0,9,7,4,2006,OGDEN AVE,41.975949,-87.701962,04/28/2018 10:45:00 AM,2018
CR00026417,01/31/2024 07:29:00 AM,40,CLEAR,DAYLIGHT,REAR END,NOT DIVIDED,NO CONTROLS,IMPROPER LANE USAGE,UNABLE TO DETERMINE,0,0,0,0,7,4,1,1824,ROOSEVELT RD,41.77,-87.530104,01/31/2024 09:11:00 AM,2024
CR00026418,01/22/2022 05:20:00 PM,40,CLEAR,DAYLIGHT,SIDESWIPE SAME DIRECTION,DIVIDED - W/MEDIAN (NOT RAISED),STOP SIGN/FLASHER,UNABLE TO DETERMINE,IMPROPER OVERTAKING/PASSING,0,0,0,0,17,7,1,2216,STATE ST,41.877834,-87.506532,01/22/2022 05:40:00 PM,2022
CR00026419,09/15/2015 03:48:00 PM,30,CLEAR,DARKNESS - LIGHTED ROAD,PEDESTRIAN,NOT DIVIDED,STOP SIGN/FLASHER,IMPROPER LANE USAGE,UNABLE TO DETERMINE,0,0,0,0,15,3,9,1404,DAMEN AVE,41.738849,-87.58461,09/15/2015 03:55:00 PM,2015
CR00026420,07/11/2019 02:37:00 PM,35,FREEZING RAIN/DRIZZLE,DAYLIGHT,TURNING,DIVIDED - W/MEDIAN (NOT RAISED),NO CONTROLS,DRIVING SKILLS/KNOWLEDGE/EXPERIENCE,UNABLE TO DETERMINE,0,0,1,1,14,5,7,497,WESTERN AVE,41.901748,-87.789355,07/11/2019 02:42:00 PM,2019
CR00026421,02/17/2016 06:28:00 PM,40,CLEAR,DARKNESS - LIGHTED ROAD,REAR TO FRONT,DIVIDED - W/MEDIAN (NOT RAISED),TRAFFIC SIGNAL,DRIVING SKILLS/KNOWLEDGE/EXPERIENCE,UNABLE TO DETERMINE,0,0,0,0,18,4,2,770,ROOSEVELT RD,41.87741,-87.614377,02/17/2016 08:27:00 PM,2016
CR00026422,06/03/2022 07:03:00 AM,15,CLEAR,DAYLIGHT,PARKED MOTOR VEHICLE,DIVIDED - W/MEDIAN (NOT RAISED),PEDESTRIAN CROSSING SIGN,DRIVING SKILLS/KNOWLEDGE/EXPERIENCE,NOT APPLICABLE,0,0,2,2,7,6,6,850,DIVISION ST,41.708125,-87.804727,06/03/2022 08:13:00 AM,2022
CR00026423,09/24/2024 04:28:00 PM,35,CLOUDY/OVERCAST,DAYLIGHT,ANGLE,NOT DIVIDED,STOP SIGN/FLASHER,UNABLE TO DETERMINE,NOT APPLICABLE,0,0,0,0,16,3,9,724,IRVING PARK RD,41.819276,-87.785263,09/24/2024 04:44:00 PM,2024
CR00026424,12/19/2022 05:58:00 PM,30,CLOUDY/OVERCAST,DAYLIGHT,SIDESWIPE SAME DIRECTION,DIVIDED - W/MEDIAN BARRIER,STOP SIGN/FLASHER,UNABLE TO DETERMINE,IMPROPER LANE USAGE,0,0,0,0,17,2,12,2402,79TH ST,41.914785,-87.620079,12/19/2022 06:39:00 PM,2022
CR00026425,03/15/2024 06:54:00 AM,45,CLEAR,DARKNESS - LIGHTED ROAD,PEDESTRIAN,NOT DIVIDED,STOP SIGN/FLASHER,UNABLE TO DETERMINE,FAILING TO YIELD RIGHT-OF-WAY,0,0,0,0,6,6,3,973,WESTERN AVE,41.795931,-87.588608,03/15/2024 07:15:00 AM,2024
CR00026426,02/11/2023 03:28:00 AM,30,CLEAR,DUSK,FIXED OBJECT,DIVIDED - W/MEDIAN (NOT RAISED),TRAFFIC SIGNAL,FAILING TO YIELD RIGHT-OF-WAY,UNABLE TO DETERMINE,0,0,0,0,3,7,2,2037,DIVISION ST,41.763392,-87.644739,02/11/2023 04:11:00 AM,2023
CR00026427,06/19/2016 05:56:00 PM,25,CLEAR,DARKNESS - LIGHTED ROAD,TURNING,DIVIDED - W/MEDIAN BARRIER,NO CONTROLS,UNABLE TO DETERMINE,NOT APPLICABLE,0,0,0,0,17,1,6,1786,63RD ST,41.868459,-87.703971,06/19/2016 07:40:00 PM,2016
CR00026428,04/02/2015 02:33:00 PM,45,CLEAR,DARKNESS - LIGHTED ROAD,FIXED OBJECT,NOT DIVIDED,STOP SIGN/FLASHER,IMPROPER OVERTAKING/PASSING,IMPROPER OVERTAKING/PASSING,0,0,0,0,14,5,4,1780,ARCHER AVE,41.953946,-87.78751,04/02/2015 03:24:00 PM,2015
CR00026429,01/23/2018 04:47:00 PM,25,CLEAR,DAYLIGHT,FIXED OBJECT,NOT DIVIDED,TRAFFIC SIGNAL,UNABLE TO DETERMINE,FAILING TO YIELD RIGHT-OF-WAY,0,0,0,0,16,3,1,180,CLARK ST,41.755799,-87.611976,01/23/2018 05:57:00 PM,2018
CR00026430,04/03/2021 09:43:00 PM,40,CLOUDY/OVERCAST,DAYLIGHT,REAR TO FRONT,FOUR WAY,NO CONTROLS,FAILING TO REDUCE SPEED,DRIVING SKILLS/KNOWLEDGE/EXPERIENCE,0,0,0,0,21,7,4,689,CICERO AVE,41.814585,-87.786475,04/03/2021 10:05:00 PM,2021
CR00026431,12/15/2024 12:48:00 PM,30,CLEAR,DAYLIGHT,SIDESWIPE SAME DIRECTION,DIVIDED - W/MEDIAN BARRIER,STOP SIGN/FLASHER,FOLLOWING TOO CLOSELY,NOT APPLICABLE,0,0,0,0,12,1,12,1659,BROADWAY,41.976819,-87.682749,12/15/2024 02:29:00 PM,2024
CR00026432,08/13/2015 04:44:00 PM,30,CLOUDY/OVERCAST,DAYLIGHT,REAR END,DIVIDED - W/MEDIAN BARRIER,NO CONTROLS,DRIVING SKILLS/KNOWLEDGE/EXPERIENCE,NOT APPLICABLE,0,0,0,0,16,5,8,1384,DIVISION ST,41.841841,-87.712619,08/13/2015 05:57:00 PM,2015
CR00026433,11/26/2019 06:01:00 PM,30,CLEAR,DAYLIGHT,REAR END,NOT DIVIDED,NO CONTROLS,IMPROPER OVERTAKING/PASSING,IMPROPER LANE USAGE,0,0,0,0,18,3,11,2247,KEDZIE AVE,41.878676,-87.578418,11/26/2019 06:57:00 PM,2019
CR00026434,10/25/2015 06:35:00 PM,30,CLEAR,DAYLIGHT,SIDESWIPE SAME DIRECTION,NOT DIVIDED,NO CONTROLS,DISTRACTION - FROM INSIDE VEHICLE,IMPROPER LANE USAGE,0,0,0,0,18,1,10,2514,WESTERN AVE,41.815696,-87.579968,10/25/2015 07:41:00 PM,2015
CR00026435,07/10/2022 11:57:00 AM,30,CLEAR,DAYLIGHT,PARKED MOTOR VEHICLE,DIVIDED - W/MEDIAN (NOT RAISED),NO CONTROLS,FOLLOWING TOO CLOSELY,FAILING TO YIELD RIGHT-OF-WAY,0,0,1,1,11,1,7,611,MILWAUKEE AVE,41.938274,-87.655217,07/10/2022 12:30:00 PM,2022
CR00026436,11/05/2020 04:12:00 PM,35,CLEAR,DARKNESS,REAR END,NOT DIVIDED,NO CONTROLS,UNABLE TO DETERMINE,UNABLE TO DETERMINE,0,0,1,1,16,5,11,201,KEDZIE AVE,41.851749,-87.500001,11/05/2020 04:21:00 PM,2020
CR00026437,07/07/2017 05:04:00 PM,25,CLEAR,DARKNESS - LIGHTED ROAD,REAR TO FRONT,DIVIDED - W/MEDIAN BARRIER,TRAFFIC SIGNAL,FAILING TO REDUCE SPEED,FAILING TO YIELD RIGHT-OF-WAY,0,0,0,0,17,6,7,1256,ARCHER AVE,41.952538,-87.801,07/07/2017 06:13:00 PM,2017
CR00026438,07/06/2024 01:01:00 PM,40,RAIN,DAYLIGHT,ANGLE,T-INTERSECTION,TRAFFIC SIGNAL,FOLLOWING TOO CLOSELY,UNABLE TO DETERMINE,0,0,0,0,13,7,7,571,47TH ST,41.884302,-87.769158,07/06/2024 01:16:00 PM,2024
CR00026439,08/26/2017 05:27:00 PM,45,CLEAR,DAWN,SIDESWIPE SAME DIRECTION,DIVIDED - W/MEDIAN BARRIER,STOP SIGN/FLASHER,DRIVING SKILLS/KNOWLEDGE/EXPERIENCE,NOT APPLICABLE,0,0,0,0,17,7,8,2482,IRVING PARK RD,41.893733,-87.545738,08/26/2017 06:53:00 PM,2017
CR00026440,08/14/2024 07:00:00 AM,30,CLEAR,DAYLIGHT,PARKED MOTOR VEHICLE,ONE-WAY,STOP SIGN/FLASHER,DRIVING SKILLS/KNOWLEDGE/EXPERIENCE,FAILING TO REDUCE SPEED,0,0,0,0,7,4,8,381,BROADWAY,41.728271,-87.630056,08/14/2024 08:28:00 AM,2024
CR00026441,12/19/2018 12:18:00 AM,15,CLEAR,DAYLIGHT,ANGLE,DIVIDED - W/MEDIAN (NOT RAISED),NO CONTROLS,FAILING TO REDUCE SPEED,NOT APPLICABLE,0,0,0,0,0,4,12,1885,79TH ST,41.938106,-87.816004,12/19/2018 01:26:00 AM,2018
CR00026442,09/15/2015 01:54:00 PM,45,CLEAR,DARKNESS - LIGHTED ROAD,PARKED MOTOR VEHICLE,NOT DIVIDED,NO CONTROLS,UNABLE TO DETERMINE,UNABLE TO DETERMINE,0,0,3,3,13,3,9,433,IRVING PARK RD,41.80922,-87.51803,09/15/2015 03:27:00 PM,2015
CR00026443,12/06/2021 03:23:00 PM,45,CLEAR,DARKNESS - LIGHTED ROAD,TURNING,DIVIDED - W/MEDIAN (NOT RAISED),TRAFFIC SIGNAL,FOLLOWING TOO CLOSELY,DRIVING SKILLS/KNOWLEDGE/EXPERIENCE,0,0,0,0,15,2,12,920,ASHLAND AVE,41.795994,-87.780808,12/06/2021 05:01:00 PM,2021
CR00026444,03/30/2019 04:46:00 PM,30,RAIN,DAYLIGHT,ANGLE,NOT DIVIDED,STOP SIGN/FLASHER,FOLLOWING TOO CLOSELY,DISTRACTION - FROM INSIDE VEHICLE,0,0,0,0,16,7,3,1801,HALSTED ST,41.99598,-87.599665,03/30/2019 05:26:00 PM,2019
CR00026445,09/23/2022 09:23:00 PM,20,RAIN,DAYLIGHT,ANGLE,NOT DIVIDED,UNKNOWN,IMPROPER OVERTAKING/PASSING,IMPROPER LANE USAGE,0,0,1,1,21,6,9,772,HALSTED ST,41.725489,-87.531106,09/23/2022 11:16:00 PM,2022
CR00026446,05/21/2018 06:06:00 PM,30,CLEAR,DUSK,TURNING,NOT DIVIDED,STOP SIGN/FLASHER,UNABLE TO DETERMINE,UNABLE TO DETERMINE,0,0,0,0,18,2,5,498,WESTERN AVE,41.778064,-87.605101,05/21/2018 08:05:00 PM,2018
CR00026447,02/16/2018 10:35:00 PM,45,RAIN,DARKNESS,SIDESWIPE SAME DIRECTION,DIVIDED - W/MEDIAN BARRIER,TRAFFIC SIGNAL,FAILING TO YIELD RIGHT-OF-WAY,UNABLE TO DETERMINE,0,0,1,1,22,6,2,632,ROOSEVELT RD,41.82599,-87.627981,02/16/2018 11:50:00 PM,2018
CR00026448,01/23/2022 04:08:00 AM,25,CLEAR,DAYLIGHT,REAR END,ONE-WAY,STOP SIGN/FLASHER,IMPROPER LANE USAGE,NOT APPLICABLE,0,0,2,2,4,1,1,665,STATE ST,41.848021,-87.736295,01/23/2022 05:18:00 AM,2022
CR00026449,03/07/2015 12:37:00 PM,25,CLEAR,DAYLIGHT,TURNING,NOT DIVIDED,TRAFFIC SIGNAL,FAILING TO REDUCE SPEED,DISREGARDING TRAFFIC SIGNALS,0,0,2,2,12,7,3,236,WESTERN AVE,41.902355,-87.640758,03/07/2015 01:57:00 PM,2015
CR00026450,08/12/2024 01:10:00 PM,25,CLOUDY/OVERCAST,DAYLIGHT,ANGLE,ONE-WAY,NO CONTROLS,DISTRACTION - FROM INSIDE VEHICLE,UNABLE TO DETERMINE,0,0,0,0,13,2,8,440,KEDZIE AVE,41.913831,-87.722931,08/12/2024 03:10:00 PM,2024
CR00026451,09/21/2015 03:49:00 PM,35,CLEAR,DAYLIGHT,SIDESWIPE SAME DIRECTION,FOUR WAY,NO CONTROLS,UNABLE TO DETERMINE,UNABLE TO DETERMINE,0,0,0,0,15,2,9,762,ASHLAND AVE,41.89663,-87.68503,09/21/2015 04:01:00 PM,2015
CR00026452,06/10/2017 06:55:00 PM,15,CLOUDY/OVERCAST,DAWN,TURNING,DIVIDED - W/MEDIAN (NOT RAISED),NO CONTROLS,DISTRACTION - FROM INSIDE VEHICLE,DISTRACTION - FROM INSIDE VEHICLE,0,0,0,0,18,7,6,1204,CALIFORNIA AVE,41.8671,-87.630345,06/10/2017 06:57:00 PM,2017
CR00026453,08/21/2017 06:45:00 AM,30,CLEAR,DAYLIGHT,REAR END,NOT DIVIDED,NO CONTROLS,UNABLE TO DETERMINE,UNABLE TO DETERMINE,0,0,0,0,6,2,8,386,HALSTED ST,41.879629,-87.846334,08/21/2017 07:32:00 AM,2017
CR00026454,06/11/2017 11:34:00 AM,15,CLEAR,DAYLIGHT,PARKED MOTOR VEHICLE,ONE-WAY,NO CONTROLS,DRIVING SKILLS/KNOWLEDGE/EXPERIENCE,FAILING TO YIELD RIGHT-OF-WAY,0,0,0,0,11,1,6,2036,ARCHER AVE,41.715749,-87.791568,06/11/2017 12:53:00 PM,2017
CR00026455,11/22/2017 02:24:00 PM,30,SNOW,DAYLIGHT,REAR END,FOUR WAY,STOP SIGN/FLASHER,UNABLE TO DETERMINE,NOT APPLICABLE,0,0,0,0,14,4,11,503,MICHIGAN AVE,41.818575,-87.695041,11/22/2017 04:24:00 PM,2017
CR00026456,04/27/2020 04:22:00 PM,15,RAIN,DAYLIGHT,REAR TO FRONT,NOT DIVIDED,UNKNOWN,FAILING TO YIELD RIGHT-OF-WAY,FOLLOWING TOO CLOSELY,0,0,2,2,16,2,4,172,IRVING PARK RD,41.98981,-87.669397,04/27/2020 06:19:00 PM,2020
CR00026457,03/21/2015 05:23:00 AM,30,CLEAR,DARKNESS - LIGHTED ROAD,REAR END,ONE-WAY,UNKNOWN,IMPROPER LANE USAGE,NOT APPLICABLE,0,0,0,0,5,7,3,124,ASHLAND AVE,41.848372,-87.728987,03/21/2015 06:12:00 AM,2015
CR00026458,10/03/2017 12:50:00 PM,35,CLEAR,DAYLIGHT,TURNING,DIVIDED - W/MEDIAN BARRIER,STOP SIGN/FLASHER,FAILING TO YIELD RIGHT-OF-WAY,UNABLE TO DETERMINE,0,0,3,3,12,3,10,2323,ELSTON AVE,41.927519,-87.648763,10/03/2017 01:08:00 PM,2017
CR00026459,01/24/2015 03:41:00 PM,35,CLOUDY/OVERCAST,DAYLIGHT,TURNING,NOT DIVIDED,NO CONTROLS,FAILING TO YIELD RIGHT-OF-WAY,NOT APPLICABLE,0,0,0,0,15,7,1,1302,63RD ST,41.794315,-87.765869,01/24/2015 03:55:00 PM,2015
CR00026460,02/13/2019 10:08:00 AM,45,SNOW,DAYLIGHT,PARKED MOTOR VEHICLE,NOT DIVIDED,NO CONTROLS,FOLLOWING TOO CLOSELY,DISTRACTION - FROM INSIDE VEHICLE,0,0,0,0,10,4,2,892,79TH ST,41.880099,-87.577156,02/13/2019 12:07:00 PM,2019
CR00026461,03/13/2017 11:50:00 AM,30,SNOW,DARKNESS - LIGHTED ROAD,PARKED MOTOR VEHICLE,DIVIDED - W/MEDIAN (NOT RAISED),NO CONTROLS,IMPROPER LANE USAGE,UNABLE TO DETERMINE,0,0,0,0,11,2,3,2214,DIVISION ST,41.935418,-87.617958,03/13/2017 12:32:00 PM,2017
CR00026462,02/06/2022 04:13:00 AM,30,SNOW,DAYLIGHT,TURNING,ONE-WAY,NO CONTROLS,UNABLE TO DETERMINE,FAILING TO YIELD RIGHT-OF-WAY,0,0,0,0,4,1,2,642,BROADWAY,41.902089,-87.500171,02/06/2022 04:26:00 AM,2022
CR00026463,10/20/2021 03:09:00 PM,20,CLEAR,DAYLIGHT,TURNING,T-INTERSECTION,STOP SIGN/FLASHER,FAILING TO REDUCE SPEED,DISTRACTION - FROM INSIDE VEHICLE,0,0,0,0,15,4,10,2006,CALIFORNIA AVE,41.907143,-87.72581,10/20/2021 04:24:00 PM,2021
CR00026464,05/05/2015 06:42:00 AM,25,CLEAR,DUSK,SIDESWIPE SAME DIRECTION,NOT DIVIDED,NO CONTROLS,FOLLOWING TOO CLOSELY,FAILING TO REDUCE SPEED,0,0,0,0,6,3,5,1847,CICERO AVE,41.870716,-87.544615,05/05/2015 07:45:00 AM,2015
CR00026465,05/26/2021 10:01:00 PM,15,CLEAR,DARKNESS - LIGHTED ROAD,REAR TO FRONT,ONE-WAY,TRAFFIC SIGNAL,UNABLE TO DETERMINE,FAILING TO YIELD RIGHT-OF-WAY,0,0,0,0,22,4,5,1233,STATE ST,41.858197,-87.846239,05/26/2021 10:24:00 PM,2021
CR00026466,03/23/2022 08:36:00 AM,30,SNOW,DAYLIGHT,PARKED MOTOR VEHICLE,T-INTERSECTION,NO CONTROLS,UNABLE TO DETERMINE,DRIVING SKILLS/KNOWLEDGE/EXPERIENCE,0,0,0,0,8,4,3,549,DIVISION ST,41.742649,-87.610329,03/23/2022 09:03:00 AM,2022
CR00026467,05/01/2022 06:39:00 PM,15,CLEAR,DAYLIGHT,ANGLE,NOT DIVIDED,TRAFFIC SIGNAL,UNABLE TO DETERMINE,UNABLE TO DETERMINE,0,0,0,0,18,1,5,2211,MILWAUKEE AVE,41.826337,-87.756331,05/01/2022 08:20:00 PM,2022
CR00026468,07/22/2023 11:33:00 AM,35,CLEAR,DAYLIGHT,TURNING,NOT DIVIDED,TRAFFIC SIGNAL,FOLLOWING TOO CLOSELY,UNABLE TO DETERMINE,0,0,0,0,11,7,7,933,CICERO AVE,41.784022,-87.811209,07/22/2023 12:29:00 PM,2023
CR00026469,01/16/2016 01:30:00 AM,20,RAIN,DARKNESS - LIGHTED ROAD,REAR END,DIVIDED - W/MEDIAN (NOT RAISED),NO CONTROLS,UNABLE TO DETERMINE,FOLLOWING TOO CLOSELY,0,0,0,0,1,7,1,383,BROADWAY,41.992686,-87.510026,01/16/2016 02:44:00 AM,2016
CR00026470,05/27/2024 01:10:00 PM,30,CLEAR,DUSK,ANGLE,NOT DIVIDED,TRAFFIC SIGNAL,UNABLE TO DETERMINE,UNABLE TO DETERMINE,0,0,0,0,13,2,5,2462,LAKE SHORE DR,41.816167,-87.815609,05/27/2024 01:33:00 PM,2024
CR00026471,10/10/2022 03:32:00 PM,35,CLEAR,DARKNESS,REAR TO FRONT,T-INTERSECTION,STOP SIGN/FLASHER,FAILING TO YIELD RIGHT-OF-WAY,UNABLE TO DETERMINE,0,0,0,0,15,2,10,209,ASHLAND AVE,41.984484,-87.750327,10/10/2022 05:07:00 PM,2022
CR00026472,04/01/2022 08:15:00 PM,35,CLEAR,DARKNESS - LIGHTED ROAD,FIXED OBJECT,NOT DIVIDED,NO CONTROLS,UNABLE TO DETERMINE,FAILING TO REDUCE SPEED,0,0,2,2,20,6,4,1297,ELSTON AVE,41.999476,-87.587339,04/01/2022 09:07:00 PM,2022
CR00026473,10/14/2024 11:32:00 PM,15,SNOW,DAYLIGHT,REAR END,NOT DIVIDED,NO CONTROLS,IMPROPER LANE USAGE,DISTRACTION - FROM INSIDE VEHICLE,0,0,0,0,23,2,10,2059,STONY ISLAND AVE,41.80285,-87.797003,10/15/2024 01:06:00 AM,2024
CR00026474,08/02/2017 04:42:00 PM,45,CLEAR,DAYLIGHT,TURNING,FOUR WAY,NO CONTROLS,UNABLE TO DETERMINE,UNABLE TO DETERMINE,0,0,0,0,16,4,8,1172,MILWAUKEE AVE,41.888365,-87.776067,08/02/2017 06:12:00 PM,2017
CR00026475,07/06/2021 11:22:00 AM,25,RAIN,DAYLIGHT,TURNING,NOT DIVIDED,NO CONTROLS,WEATHER,UNABLE TO DETERMINE,0,0,1,1,11,3,7,2086,IRVING PARK RD,41.729808,-87.836692,07/06/2021 01:17:00 PM,2021
CR00026476,10/26/2024 04:03:00 PM,30,FREEZING RAIN/DRIZZLE,DAYLIGHT,REAR TO FRONT,DIVIDED - W/MEDIAN (NOT RAISED),UNKNOWN,FOLLOWING TOO CLOSELY,NOT APPLICABLE,0,0,0,0,16,7,10,1805,ASHLAND AVE,41.905239,-87.732512,10/26/2024 04:25:00 PM,2024
CR00026477,06/12/2021 12:05:00 PM,30,CLEAR,DAYLIGHT,REAR END,NOT DIVIDED,STOP SIGN/FLASHER,UNABLE TO DETERMINE,UNABLE TO DETERMINE,0,0,0,0,12,7,6,1641,CICERO AVE,41.71578,-87.78247,06/12/2021 12:46:00 PM,2021
CR00026478,12/08/2023 06:13:00 PM,45,CLEAR,DAYLIGHT,PARKED MOTOR VEHICLE,NOT DIVIDED,TRAFFIC SIGNAL,DISTRACTION - FROM INSIDE VEHICLE,UNABLE TO DETERMINE,0,0,0,0,18,6,12,1351,FULLERTON AVE,41.875069,-87.707302,12/08/2023 06:23:00 PM,2023
CR00026479,07/16/2023 01:59:00 PM,45,CLEAR,DAYLIGHT,ANGLE,NOT DIVIDED,NO CONTROLS,FOLLOWING TOO CLOSELY,NOT APPLICABLE,0,0,0,0,13,1,7,113,CALIFORNIA AVE,41.871453,-87.531102,07/16/2023 02:11:00 PM,2023
CR00026480,12/12/2018 12:13:00 PM,15,CLEAR,DAYLIGHT,SIDESWIPE SAME DIRECTION,DIVIDED - W/MEDIAN (NOT RAISED),TRAFFIC SIGNAL,DISTRACTION - FROM INSIDE VEHICLE,IMPROPER LANE USAGE,0,0,1,1,12,4,12,505,79TH ST,41.72381,-87.785393,12/12/2018 01:18:00 PM,2018
CR00026481,10/07/2020 03:01:00 PM,45,CLOUDY/OVERCAST,DAYLIGHT,TURNING,ONE-WAY,TRAFFIC SIGNAL,DRIVING SKILLS/KNOWLEDGE/EXPERIENCE,UNABLE TO DETERMINE,0,0,0,0,15,4,10,237,LAKE SHORE DR,41.872489,-87.565463,10/07/2020 04:01:00 PM,2020
CR00026482,10/24/2024 05:16:00 PM,35,CLEAR,DARKNESS - LIGHTED ROAD,REAR TO FRONT,NOT DIVIDED,YIELD,FOLLOWING TOO CLOSELY,FAILING TO REDUCE SPEED,0,0,0,0,17,5,10,771,PULASKI RD,41.897476,-87.744822,10/24/2024 07:08:00 PM,2024
CR00026483,11/13/2016 07:05:00 AM,45,SNOW,DARKNESS,REAR TO FRONT,NOT DIVIDED,NO CONTROLS,UNABLE TO DETERMINE,UNABLE TO DETERMINE,0,0,0,0,7,1,11,432,47TH ST,41.988028,-87.521923,11/13/2016 07:47:00 AM,2016
CR00026484,12/23/2018 07:37:00 AM,30,RAIN,DAYLIGHT,TURNING,NOT DIVIDED,NO CONTROLS,UNABLE TO DETERMINE,NOT APPLICABLE,0,0,0,0,7,1,12,2528,KEDZIE AVE,41.779238,-87.591482,12/23/2018 09:33:00 AM,2018
CR00026485,03/06/2021 03:16:00 PM,35,CLOUDY/OVERCAST,DAYLIGHT,ANGLE,DIVIDED - W/MEDIAN (NOT RAISED),TRAFFIC SIGNAL,FOLLOWING TOO CLOSELY,UNABLE TO DETERMINE,0,0,2,2,15,7,3,1649,CICERO AVE,41.874022,-87.776571,03/06/2021 03:49:00 PM,2021
CR00026486,10/30/2024 09:54:00 AM,30,CLEAR,DAYLIGHT,ANGLE,NOT DIVIDED,TRAFFIC SIGNAL,DRIVING SKILLS/KNOWLEDGE/EXPERIENCE,NOT APPLICABLE,0,0,2,2,9,4,10,2245,STATE ST,41.865841,-87.650746,10/30/2024 09:56:00 AM,2024
CR00026487,10/02/2017 09:43:00 PM,20,CLEAR,DARKNESS,REAR END,DIVIDED - W/MEDIAN (NOT RAISED),NO CONTROLS,DISTRACTION - FROM INSIDE VEHICLE,IMPROPER OVERTAKING/PASSING,0,0,2,2,21,2,10,580,ELSTON AVE,41.801462,-87.695435,10/02/2017 11:25:00 PM,2017
CR00026488,12/30/2019 12:33:00 AM,20,CLEAR,DAYLIGHT,TURNING,ONE-WAY,NO CONTROLS,FOLLOWING TOO CLOSELY,WEATHER,0,0,0,0,0,2,12,1032,ASHLAND AVE,41.76602,-87.574456,12/30/2019 01:45:00 AM,2019
CR00026489,02/18/2016 08:10:00 AM,20,CLEAR,DARKNESS - LIGHTED ROAD,TURNING,DIVIDED - W/MEDIAN (NOT RAISED),YIELD,WEATHER,DISTRACTION - FROM INSIDE VEHICLE,0,0,0,0,8,5,2,1256,ROOSEVELT RD,41.939137,-87.596907,02/18/2016 08:51:00 AM,2016
CR00026490,03/11/2020 08:51:00 PM,35,RAIN,DAWN,REAR TO FRONT,DIVIDED - W/MEDIAN BARRIER,TRAFFIC SIGNAL,FAILING TO YIELD RIGHT-OF-WAY,FAILING TO REDUCE SPEED,0,0,0,0,20,4,3,176,ROOSEVELT RD,41.94644,-87.724577,03/11/2020 10:30:00 PM,2020
CR00026491,12/04/2018 05:30:00 PM,30,CLEAR,DAYLIGHT,REAR END,NOT DIVIDED,NO CONTROLS,IMPROPER LANE USAGE,FOLLOWING TOO CLOSELY,0,0,0,0,17,3,12,1717,MILWAUKEE AVE,41.726676,-87.645522,12/04/2018 06:30:00 PM,2018
CR00026492,10/22/2016 07:35:00 PM,20,CLEAR,DAYLIGHT,TURNING,DIVIDED - W/MEDIAN (NOT RAISED),NO CONTROLS,DISTRACTION - FROM INSIDE VEHICLE,FOLLOWING TOO CLOSELY,0,0,0,0,19,7,10,399,ROOSEVELT RD,41.887056,-87.622881,10/22/2016 09:28:00 PM,2016
CR00026493,04/03/2020 03:39:00 PM,30,CLEAR,DAYLIGHT,TURNING,DIVIDED - W/MEDIAN (NOT RAISED),TRAFFIC SIGNAL,UNABLE TO DETERMINE,UNABLE TO DETERMINE,0,0,0,0,15,6,4,1461,CLARK ST,41.77341,-87.539142,04/03/2020 05:21:00 PM,2020
CR00026494,04/07/2020 05:00:00 PM,20,CLEAR,DAYLIGHT,TURNING,DIVIDED - W/MEDIAN BARRIER,UNKNOWN,DRIVING SKILLS/KNOWLEDGE/EXPERIENCE,FAILING TO REDUCE SPEED,0,1,3,4,17,3,4,883,MICHIGAN AVE,41.933767,-87.682728,04/07/2020 05:17:00 PM,2020
CR00026495,12/07/2019 07:26:00 AM,25,CLEAR,DARKNESS - LIGHTED ROAD,TURNING,DIVIDED - W/MEDIAN (NOT RAISED),UNKNOWN,IMPROPER OVERTAKING/PASSING,DISTRACTION - FROM INSIDE VEHICLE,0,0,2,2,7,7,12,415,DAMEN AVE,41.7409,-87.774699,12/07/2019 08:53:00 AM,2019