CRASH_RECORD_ID,CRASH_DATE,POSTED_SPEED_LIMIT,WEATHER_CONDITION,LIGHTING_CONDITION,FIRST_CRASH_TYPE,TRAFFICWAY_TYPE,TRAFFIC_CONTROL_DEVICE,PRIM_CONTRIBUTORY_CAUSE,SEC_CONTRIBUTORY_CAUSE,INJURIES_FATAL,INJURIES_INCAPACITATING,INJURIES_NON_INCAPACITATING,INJURIES_TOTAL,CRASH_HOUR,CRASH_DAY_OF_WEEK,CRASH_MONTH,BEAT_OF_OCCURRENCE,STREET_NAME,LATITUDE,LONGITUDE,DATE_POLICE_NOTIFIED,year
CR00026496,11/12/2020 04:57:00 PM,30,CLEAR,DAYLIGHT,TURNING,ONE-WAY,TRAFFIC SIGNAL,FAILING TO YIELD RIGHT-OF-WAY,DRIVING SKILLS/KNOWLEDGE/EXPERIENCE,0,0,0,0,16,5,11,590,63RD ST,41.804203,-87.726007,11/12/2020 05:00:00 PM,2020
CR00026497,07/04/2020 10:10:00 PM,35,CLEAR,DAYLIGHT,TURNING,NOT DIVIDED,STOP SIGN/FLASHER,IMPROPER OVERTAKING/PASSING,FAILING TO REDUCE SPEED,0,0,0,0,22,7,7,2435,ELSTON AVE,41.999071,-87.810989,07/04/2020 10:55:00 PM,2020
CR00026498,07/25/2017 07:36:00 PM,40,CLEAR,DARKNESS,ANGLE,ONE-WAY,UNKNOWN,IMPROPER OVERTAKING/PASSING,FOLLOWING TOO CLOSELY,0,0,0,0,19,3,7,829,DIVISION ST,41.787985,-87.844005,07/25/2017 09:12:00 PM,2017
CR00026499,08/01/2018 01:41:00 PM,20,CLEAR,DAYLIGHT,REAR END,FOUR WAY,STOP SIGN/FLASHER,FOLLOWING TOO CLOSELY,FAILING TO YIELD RIGHT-OF-WAY,0,0,0,0,13,4,8,315,ELSTON AVE,41.859136,-87.598467,08/01/2018 03:01:00 PM,2018
CR00026500,10/31/2018 05:57:00 PM,35,CLEAR,DARKNESS - LIGHTED ROAD,REAR END,FOUR WAY,NO CONTROLS,UNABLE TO DETERMINE,FOLLOWING TOO CLOSELY,0,0,0,0,17,4,10,973,ROOSEVELT RD,41.788778,-87.779431,10/31/2018 06:35:00 PM,2018
CR00026501,11/22/2020 04:15:00 AM,35,SNOW,DUSK,FIXED OBJECT,NOT DIVIDED,NO CONTROLS,FOLLOWING TOO CLOSELY,IMPROPER OVERTAKING/PASSING,0,0,0,0,4,1,11,1559,ASHLAND AVE,41.737067,-87.538905,11/22/2020 04:21:00 AM,2020
CR00026502,10/11/2016 04:49:00 AM,30,CLEAR,DARKNESS - LIGHTED ROAD,TURNING,DIVIDED - W/MEDIAN (NOT RAISED),TRAFFIC SIGNAL,FAILING TO YIELD RIGHT-OF-WAY,IMPROPER OVERTAKING/PASSING,0,0,0,0,4,3,10,144,KEDZIE AVE,41.744084,-87.608684,10/11/2016 05:45:00 AM,2016
CR00026503,04/16/2018 08:29:00 AM,30,CLEAR,DAYLIGHT,PARKED MOTOR VEHICLE,DIVIDED - W/MEDIAN (NOT RAISED),NO CONTROLS,UNABLE TO DETERMINE,FOLLOWING TOO CLOSELY,0,0,0,0,8,2,4,2295,ROOSEVELT RD,41.831416,-87.545665,04/16/2018 10:26:00 AM,2018
CR00026504,02/06/2020 10:45:00 PM,30,CLOUDY/OVERCAST,DAYLIGHT,ANGLE,ONE-WAY,NO CONTROLS,FOLLOWING TOO CLOSELY,NOT APPLICABLE,0,0,0,0,22,5,2,1390,79TH ST,41.798873,-87.654488,02/06/2020 11:17:00 PM,2020
CR00026505,03/17/2016 12:15:00 PM,35,RAIN,DARKNESS - LIGHTED ROAD,TURNING,DIVIDED - W/MEDIAN (NOT RAISED),NO CONTROLS,UNABLE TO DETERMINE,IMPROPER OVERTAKING/PASSING,0,0,0,0,12,5,3,1666,DIVISION ST,41.930168,-87.78728,03/17/2016 02:13:00 PM,2016
CR00026506,07/29/2019 08:58:00 AM,20,RAIN,DARKNESS - LIGHTED ROAD,TURNING,ONE-WAY,NO CONTROLS,UNABLE TO DETERMINE,NOT APPLICABLE,0,0,0,0,8,2,7,2024,PULASKI RD,41.732597,-87.584264,07/29/2019 09:44:00 AM,2019
CR00026507,02/02/2016 04:02:00 PM,35,CLEAR,DAYLIGHT,TURNING,NOT DIVIDED,UNKNOWN,FOLLOWING TOO CLOSELY,DISREGARDING TRAFFIC SIGNALS,0,0,2,2,16,3,2,1869,WESTERN AVE,41.936093,-87.640884,02/02/2016 04:21:00 PM,2016
CR00026508,03/11/2015 08:15:00 AM,25,CLOUDY/OVERCAST,DAYLIGHT,ANGLE,DIVIDED - W/MEDIAN (NOT RAISED),NO CONTROLS,DISREGARDING TRAFFIC SIGNALS,NOT APPLICABLE,0,0,0,0,8,4,3,487,ELSTON AVE,41.724778,-87.659663,03/11/2015 08:24:00 AM,2015
CR00026509,06/11/2018 04:19:00 PM,30,CLEAR,DAYLIGHT,SIDESWIPE SAME DIRECTION,ONE-WAY,NO CONTROLS,DRIVING SKILLS/KNOWLEDGE/EXPERIENCE,UNABLE TO DETERMINE,0,0,1,1,16,2,6,128,ASHLAND AVE,41.934331,-87.65042,06/11/2018 05:21:00 PM,2018
CR00026510,07/06/2023 05:15:00 PM,15,CLEAR,DARKNESS - LIGHTED ROAD,TURNING,NOT DIVIDED,TRAFFIC SIGNAL,FAILING TO YIELD RIGHT-OF-WAY,FAILING TO YIELD RIGHT-OF-WAY,0,0,0,0,17,5,7,2073,CALIFORNIA AVE,41.754985,-87.753204,07/06/2023 05:31:00 PM,2023
CR00026511,02/20/2019 02:51:00 PM,20,CLEAR,DAYLIGHT,REAR END,ONE-WAY,TRAFFIC SIGNAL,FAILING TO YIELD RIGHT-OF-WAY,NOT APPLICABLE,0,0,0,0,14,4,2,1578,ARCHER AVE,41.738857,-87.739621,02/20/2019 04:07:00 PM,2019
CR00026512,05/05/2023 01:44:00 PM,15,CLEAR,DARKNESS - LIGHTED ROAD,SIDESWIPE SAME DIRECTION,NOT DIVIDED,NO CONTROLS,FAILING TO YIELD RIGHT-OF-WAY,DRIVING SKILLS/KNOWLEDGE/EXPERIENCE,0,0,2,2,13,6,5,2464,FULLERTON AVE,41.795634,-87.605474,05/05/2023 02:58:00 PM,2023
CR00026513,12/28/2024 04:48:00 AM,30,CLEAR,DAYLIGHT,REAR END,NOT DIVIDED,STOP SIGN/FLASHER,IMPROPER LANE USAGE,NOT APPLICABLE,0,0,0,0,4,7,12,2126,OGDEN AVE,41.986907,-87.600676,12/28/2024 04:53:00 AM,2024
CR00026514,01/25/2016 08:44:00 AM,30,CLEAR,DARKNESS - LIGHTED ROAD,REAR END,DIVIDED - W/MEDIAN (NOT RAISED),TRAFFIC SIGNAL,DISTRACTION - FROM INSIDE VEHICLE,IMPROPER LANE USAGE,0,0,0,0,8,2,1,2198,HALSTED ST,41.827323,-87.838603,01/25/2016 10:26:00 AM,2016
CR00026515,02/22/2019 06:32:00 PM,35,CLEAR,DARKNESS - LIGHTED ROAD,ANGLE,DIVIDED - W/MEDIAN (NOT RAISED),NO CONTROLS,UNABLE TO DETERMINE,UNABLE TO DETERMINE,0,0,3,3,18,6,2,1017,CLARK ST,41.827653,-87.733899,02/22/2019 08:15:00 PM,2019
CR00026516,11/10/2017 01:35:00 PM,30,CLEAR,DARKNESS,TURNING,ONE-WAY,UNKNOWN,FAILING TO YIELD RIGHT-OF-WAY,NOT APPLICABLE,0,0,0,0,13,6,11,1225,IRVING PARK RD,41.908529,-87.504407,11/10/2017 01:57:00 PM,2017
CR00026517,01/31/2021 11:29:00 AM,35,CLEAR,DARKNESS - LIGHTED ROAD,PARKED MOTOR VEHICLE,NOT DIVIDED,TRAFFIC SIGNAL,FAILING TO REDUCE SPEED,DRIVING SKILLS/KNOWLEDGE/EXPERIENCE,0,0,0,0,11,1,1,1234,DIVISION ST,41.705142,-87.748265,01/31/2021 01:16:00 PM,2021
CR00026518,12/23/2019 08:42:00 AM,30,SNOW,DAYLIGHT,TURNING,DIVIDED - W/MEDIAN BARRIER,TRAFFIC SIGNAL,FOLLOWING TOO CLOSELY,DISREGARDING TRAFFIC SIGNALS,0,0,0,0,8,2,12,2075,ELSTON AVE,41.893033,-87.656318,12/23/2019 08:47:00 AM,2019
CR00026519,03/11/2016 11:31:00 AM,25,CLEAR,DAWN,SIDESWIPE SAME DIRECTION,DIVIDED - W/MEDIAN (NOT RAISED),NO CONTROLS,UNABLE TO DETERMINE,UNABLE TO DETERMINE,0,0,0,0,11,6,3,1130,PULASKI RD,41.824678,-87.72028,03/11/2016 12:40:00 PM,2016
CR00026520,12/02/2017 08:08:00 PM,35,CLEAR,DARKNESS - LIGHTED ROAD,PARKED MOTOR VEHICLE,NOT DIVIDED,NO CONTROLS,UNABLE TO DETERMINE,FOLLOWING TOO CLOSELY,0,0,0,0,20,7,12,858,CLARK ST,41.820871,-87.768497,12/02/2017 08:47:00 PM,2017
CR00026521,02/01/2019 01:22:00 PM,30,CLEAR,DARKNESS - LIGHTED ROAD,TURNING,FOUR WAY,STOP SIGN/FLASHER,IMPROPER LANE USAGE,FOLLOWING TOO CLOSELY,0,0,0,0,13,6,2,2488,HALSTED ST,41.8469,-87.675251,02/01/2019 01:49:00 PM,2019
CR00026522,11/23/2017 04:00:00 PM,25,RAIN,DAYLIGHT,REAR TO FRONT,NOT DIVIDED,TRAFFIC SIGNAL,FAILING TO YIELD RIGHT-OF-WAY,NOT APPLICABLE,0,0,0,0,16,5,11,1966,CALIFORNIA AVE,41.826119,-87.730058,11/23/2017 05:11:00 PM,2017
CR00026523,10/20/2023 05:56:00 PM,45,CLEAR,DARKNESS - LIGHTED ROAD,ANGLE,NOT DIVIDED,STOP SIGN/FLASHER,FOLLOWING TOO CLOSELY,IMPROPER LANE USAGE,0,0,1,1,17,6,10,1508,MILWAUKEE AVE,41.781705,-87.659787,10/20/2023 07:21:00 PM,2023
CR00026524,09/21/2024 06:29:00 PM,30,FOG/SMOKE/HAZE,DARKNESS - LIGHTED ROAD,REAR END,NOT DIVIDED,TRAFFIC SIGNAL,UNABLE TO DETERMINE,NOT APPLICABLE,0,0,0,0,18,7,9,1230,OGDEN AVE,41.959043,-87.637016,09/21/2024 08:18:00 PM,2024
CR00026525,11/20/2020 05:57:00 PM,30,CLEAR,DAWN,PARKED MOTOR VEHICLE,ONE-WAY,NO CONTROLS,UNABLE TO DETERMINE,NOT APPLICABLE,0,0,0,0,17,6,11,1988,LAKE SHORE DR,41.836555,-87.745834,11/20/2020 06:58:00 PM,2020
CR00026526,08/23/2016 07:28:00 AM,25,CLEAR,DAYLIGHT,PARKED MOTOR VEHICLE,NOT DIVIDED,NO CONTROLS,FOLLOWING TOO CLOSELY,NOT APPLICABLE,0,0,0,0,7,3,8,429,OGDEN AVE,41.940952,-87.585082,08/23/2016 07:52:00 AM,2016
CR00026527,01/11/2020 05:48:00 PM,40,CLEAR,DARKNESS - LIGHTED ROAD,ANGLE,DIVIDED - W/MEDIAN (NOT RAISED),UNKNOWN,FAILING TO REDUCE SPEED,FOLLOWING TOO CLOSELY,0,0,0,0,17,7,1,394,47TH ST,41.894358,-87.571905,01/11/2020 07:14:00 PM,2020
CR00026528,09/02/2024 01:12:00 AM,45,CLEAR,DAYLIGHT,ANGLE,ONE-WAY,TRAFFIC SIGNAL,DISREGARDING TRAFFIC SIGNALS,IMPROPER OVERTAKING/PASSING,0,2,1,3,1,2,9,581,ROOSEVELT RD,41.824856,-87.52897,09/02/2024 01:56:00 AM,2024
CR00026529,11/06/2017 11:09:00 PM,30,RAIN,DARKNESS - LIGHTED ROAD,TURNING,ONE-WAY,STOP SIGN/FLASHER,UNABLE TO DETERMINE,WEATHER,0,1,3,4,23,2,11,980,47TH ST,41.831363,-87.550356,11/07/2017 01:07:00 AM,2017
CR00026530,05/10/2018 05:00:00 PM,40,RAIN,DAYLIGHT,TURNING,FOUR WAY,NO CONTROLS,FAILING TO YIELD RIGHT-OF-WAY,FOLLOWING TOO CLOSELY,0,0,0,0,17,5,5,460,MILWAUKEE AVE,41.754782,-87.792001,05/10/2018 06:15:00 PM,2018
CR00026531,03/23/2018 01:04:00 PM,45,CLEAR,DARKNESS - LIGHTED ROAD,TURNING,NOT DIVIDED,TRAFFIC SIGNAL,DISTRACTION - FROM INSIDE VEHICLE,FAILING TO REDUCE SPEED,0,0,0,0,13,6,3,1255,MILWAUKEE AVE,41.725034,-87.70441,03/23/2018 02:20:00 PM,2018
CR00026532,06/01/2019 06:11:00 PM,35,CLEAR,DAYLIGHT,REAR END,T-INTERSECTION,NO CONTROLS,DISTRACTION - FROM INSIDE VEHICLE,DRIVING SKILLS/KNOWLEDGE/EXPERIENCE,0,0,0,0,18,7,6,757,CLARK ST,41.754588,-87.580351,06/01/2019 06:26:00 PM,2019
CR00026533,08/18/2017 05:36:00 PM,40,CLEAR,DARKNESS - LIGHTED ROAD,ANGLE,T-INTERSECTION,TRAFFIC SIGNAL,UNABLE TO DETERMINE,FAILING TO REDUCE SPEED,0,0,0,0,17,6,8,1806,MILWAUKEE AVE,41.710087,-87.653737,08/18/2017 06:50:00 PM,2017
CR00026534,08/04/2019 04:47:00 AM,35,RAIN,DAYLIGHT,PARKED MOTOR VEHICLE,NOT DIVIDED,NO CONTROLS,UNABLE TO DETERMINE,FAILING TO YIELD RIGHT-OF-WAY,0,0,0,0,4,1,8,328,79TH ST,41.75267,-87.541213,08/04/2019 06:08:00 AM,2019
CR00026535,09/20/2015 05:24:00 PM,15,CLEAR,DAYLIGHT,TURNING,DIVIDED - W/MEDIAN (NOT RAISED),NO CONTROLS,DISTRACTION - FROM INSIDE VEHICLE,UNABLE TO DETERMINE,0,0,0,0,17,1,9,2247,MICHIGAN AVE,41.845837,-87.554555,09/20/2015 06:56:00 PM,2015
CR00026536,12/30/2019 06:28:00 PM,25,CLEAR,DARKNESS - LIGHTED ROAD,TURNING,DIVIDED - W/MEDIAN (NOT RAISED),NO CONTROLS,WEATHER,FAILING TO YIELD RIGHT-OF-WAY,0,0,0,0,18,2,12,2084,MICHIGAN AVE,41.722734,-87.553655,12/30/2019 08:04:00 PM,2019
CR00026537,12/31/2023 03:28:00 PM,30,RAIN,DAYLIGHT,PEDESTRIAN,NOT DIVIDED,TRAFFIC SIGNAL,UNABLE TO DETERMINE,NOT APPLICABLE,0,0,0,0,15,1,12,118,PULASKI RD,41.778614,-87.753148,12/31/2023 04:38:00 PM,2023
CR00026538,07/02/2017 03:45:00 PM,30,CLEAR,DARKNESS - LIGHTED ROAD,REAR TO FRONT,ONE-WAY,TRAFFIC SIGNAL,FAILING TO REDUCE SPEED,FAILING TO YIELD RIGHT-OF-WAY,0,0,0,0,15,1,7,518,ELSTON AVE,41.988903,-87.508492,07/02/2017 05:38:00 PM,2017
CR00026539,06/14/2016 10:09:00 AM,25,CLOUDY/OVERCAST,DAYLIGHT,REAR END,FOUR WAY,NO CONTROLS,UNABLE TO DETERMINE,FOLLOWING TOO CLOSELY,0,0,0,0,10,3,6,759,BROADWAY,41.904691,-87.765772,06/14/2016 10:45:00 AM,2016
CR00026540,09/23/2024 08:23:00 AM,25,CLEAR,DAYLIGHT,ANGLE,DIVIDED - W/MEDIAN (NOT RAISED),TRAFFIC SIGNAL,WEATHER,UNABLE TO DETERMINE,0,0,0,0,8,2,9,1973,CICERO AVE,41.842153,-87.659062,09/23/2024 08:50:00 AM,2024
CR00026541,10/03/2020 11:39:00 AM,20,CLOUDY/OVERCAST,DARKNESS - LIGHTED ROAD,SIDESWIPE SAME DIRECTION,NOT DIVIDED,TRAFFIC SIGNAL,UNABLE TO DETERMINE,UNABLE TO DETERMINE,0,0,0,0,11,7,10,2016,ELSTON AVE,41.951893,-87.778232,10/03/2020 12:27:00 PM,2020
CR00026542,05/02/2022 03:16:00 PM,20,CLEAR,DARKNESS - LIGHTED ROAD,TURNING,DIVIDED - W/MEDIAN (NOT RAISED),NO CONTROLS,UNABLE TO DETERMINE,UNABLE TO DETERMINE,0,0,0,0,15,2,5,2334,LAKE SHORE DR,41.968754,-87.827833,05/02/2022 04:15:00 PM,2022
CR00026543,04/24/2020 06:26:00 PM,35,CLEAR,DARKNESS - LIGHTED ROAD,SIDESWIPE SAME DIRECTION,NOT DIVIDED,TRAFFIC SIGNAL,FAILING TO YIELD RIGHT-OF-WAY,UNABLE TO DETERMINE,0,0,0,0,18,6,4,653,DAMEN AVE,41.70762,-87.642579,04/24/2020 07:14:00 PM,2020
CR00026544,11/30/2023 03:33:00 PM,25,FREEZING RAIN/DRIZZLE,DAYLIGHT,REAR END,ONE-WAY,STOP SIGN/FLASHER,FOLLOWING TOO CLOSELY,FAILING TO REDUCE SPEED,0,0,0,0,15,5,11,1385,KEDZIE AVE,41.942113,-87.599988,11/30/2023 05:31:00 PM,2023
CR00026545,07/05/2024 12:55:00 AM,30,CLEAR,DAYLIGHT,PARKED MOTOR VEHICLE,FOUR WAY,TRAFFIC SIGNAL,IMPROPER OVERTAKING/PASSING,NOT APPLICABLE,0,0,0,0,0,6,7,1044,47TH ST,41.785826,-87.70163,07/05/2024 01:38:00 AM,2024
CR00026546,03/12/2023 07:31:00 PM,30,CLEAR,DARKNESS - LIGHTED ROAD,FIXED OBJECT,NOT DIVIDED,TRAFFIC SIGNAL,UNABLE TO DETERMINE,IMPROPER LANE USAGE,0,0,0,0,19,1,3,171,ROOSEVELT RD,41.733545,-87.647121,03/12/2023 07:36:00 PM,2023
CR00026547,02/24/2015 03:36:00 PM,45,CLEAR,DAYLIGHT,REAR END,DIVIDED - W/MEDIAN (NOT RAISED),STOP SIGN/FLASHER,UNABLE TO DETERMINE,FOLLOWING TOO CLOSELY,0,0,0,0,15,3,2,931,47TH ST,41.920195,-87.641273,02/24/2015 03:43:00 PM,2015
CR00026548,05/24/2016 07:10:00 PM,35,CLEAR,DAYLIGHT,ANGLE,NOT DIVIDED,NO CONTROLS,DRIVING SKILLS/KNOWLEDGE/EXPERIENCE,FAILING TO REDUCE SPEED,0,0,0,0,19,3,5,2055,FULLERTON AVE,41.812314,-87.733294,05/24/2016 08:38:00 PM,2016
CR00026549,12/09/2019 05:50:00 PM,35,CLEAR,DARKNESS - LIGHTED ROAD,REAR END,ONE-WAY,NO CONTROLS,FAILING TO YIELD RIGHT-OF-WAY,UNABLE TO DETERMINE,0,0,0,0,17,2,12,1618,CICERO AVE,41.91985,-87.682302,12/09/2019 05:53:00 PM,2019
CR00026550,01/11/2017 11:10:00 AM,30,CLEAR,DAYLIGHT,SIDESWIPE SAME DIRECTION,DIVIDED - W/MEDIAN (NOT RAISED),NO CONTROLS,UNABLE TO DETERMINE,UNABLE TO DETERMINE,0,0,0,0,11,4,1,1438,63RD ST,41.877196,-87.732945,01/11/2017 12:51:00 PM,2017
CR00026551,06/14/2024 10:21:00 AM,40,RAIN,DAYLIGHT,SIDESWIPE SAME DIRECTION,NOT DIVIDED,NO CONTROLS,FOLLOWING TOO CLOSELY,IMPROPER LANE USAGE,0,0,0,0,10,6,6,2017,DIVISION ST,41.992665,-87.575515,06/14/2024 10:47:00 AM,2024
CR00026552,05/21/2015 08:14:00 AM,30,FREEZING RAIN/DRIZZLE,DAYLIGHT,SIDESWIPE SAME DIRECTION,NOT DIVIDED,NO CONTROLS,UNABLE TO DETERMINE,FOLLOWING TOO CLOSELY,0,0,1,1,8,5,5,520,CLARK ST,41.946516,-87.527169,05/21/2015 09:43:00 AM,2015
CR00026553,01/24/2020 08:36:00 AM,30,CLEAR,DAYLIGHT,ANGLE,DIVIDED - W/MEDIAN (NOT RAISED),STOP SIGN/FLASHER,IMPROPER OVERTAKING/PASSING,NOT APPLICABLE,0,0,0,0,8,6,1,1470,47TH ST,41.875517,-87.682946,01/24/2020 10:12:00 AM,2020
CR00026554,11/02/2018 04:37:00 AM,20,RAIN,DARKNESS - LIGHTED ROAD,TURNING,ONE-WAY,TRAFFIC SIGNAL,UNABLE TO DETERMINE,FAILING TO REDUCE SPEED,0,0,0,0,4,6,11,949,WESTERN AVE,41.71919,-87.633195,11/02/2018 04:52:00 AM,2018
CR00026555,11/04/2023 03:54:00 PM,25,CLEAR,DARKNESS,ANGLE,NOT DIVIDED,TRAFFIC SIGNAL,UNABLE TO DETERMINE,FOLLOWING TOO CLOSELY,0,0,0,0,15,7,11,2080,PULASKI RD,41.806667,-87.837215,11/04/2023 04:00:00 PM,2023
CR00026556,09/20/2023 07:08:00 AM,25,CLEAR,DAYLIGHT,PARKED MOTOR VEHICLE,DIVIDED - W/MEDIAN BARRIER,NO CONTROLS,UNABLE TO DETERMINE,IMPROPER LANE USAGE,0,0,0,0,7,4,9,1019,PULASKI RD,41.966483,-87.601362,09/20/2023 07:41:00 AM,2023
CR00026557,05/29/2019 02:06:00 PM,35,CLEAR,DARKNESS - LIGHTED ROAD,PARKED MOTOR VEHICLE,DIVIDED - W/MEDIAN (NOT RAISED),STOP SIGN/FLASHER,DRIVING SKILLS/KNOWLEDGE/EXPERIENCE,DISREGARDING TRAFFIC SIGNALS,0,0,0,0,14,4,5,1293,DAMEN AVE,41.938957,-87.64917,05/29/2019 03:43:00 PM,2019
CR00026558,10/18/2024 10:19:00 AM,15,CLEAR,DARKNESS - LIGHTED ROAD,TURNING,DIVIDED - W/MEDIAN BARRIER,STOP SIGN/FLASHER,DRIVING SKILLS/KNOWLEDGE/EXPERIENCE,NOT APPLICABLE,0,0,0,0,10,6,10,1451,63RD ST,41.774874,-87.710081,10/18/2024 11:02:00 AM,2024
CR00026559,06/06/2021 12:59:00 PM,30,CLEAR,DARKNESS - LIGHTED ROAD,REAR END,NOT DIVIDED,NO CONTROLS,UNABLE TO DETERMINE,NOT APPLICABLE,0,0,0,0,12,1,6,2122,ARCHER AVE,41.897809,-87.795377,06/06/2021 02:40:00 PM,2021
CR00026560,05/05/2023 10:54:00 PM,30,CLEAR,DUSK,TURNING,NOT DIVIDED,STOP SIGN/FLASHER,FAILING TO YIELD RIGHT-OF-WAY,UNABLE TO DETERMINE,0,0,1,1,22,6,5,775,63RD ST,41.787344,-87.793583,05/05/2023 11:34:00 PM,2023
CR00026561,11/27/2023 05:56:00 PM,45,CLEAR,DAYLIGHT,TURNING,ONE-WAY,TRAFFIC SIGNAL,UNABLE TO DETERMINE,WEATHER,0,0,0,0,17,2,11,267,FULLERTON AVE,41.909422,-87.714163,11/27/2023 06:52:00 PM,2023
CR00026562,03/01/2023 04:15:00 AM,20,CLEAR,DARKNESS - LIGHTED ROAD,PEDESTRIAN,DIVIDED - W/MEDIAN BARRIER,TRAFFIC SIGNAL,FOLLOWING TOO CLOSELY,FAILING TO YIELD RIGHT-OF-WAY,0,0,0,0,4,4,3,899,CLARK ST,41.83642,-87.784794,03/01/2023 04:59:00 AM,2023
CR00026563,05/19/2016 12:29:00 PM,35,CLOUDY/OVERCAST,DAYLIGHT,SIDESWIPE SAME DIRECTION,NOT DIVIDED,TRAFFIC SIGNAL,UNABLE TO DETERMINE,DRIVING SKILLS/KNOWLEDGE/EXPERIENCE,0,0,3,3,12,5,5,1253,CLARK ST,41.738841,-87.734595,05/19/2016 01:17:00 PM,2016
CR00026564,09/16/2020 12:01:00 AM,30,CLEAR,DAYLIGHT,SIDESWIPE SAME DIRECTION,NOT DIVIDED,STOP SIGN/FLASHER,FAILING TO YIELD RIGHT-OF-WAY,IMPROPER LANE USAGE,0,0,0,0,0,4,9,206,DAMEN AVE,41.798099,-87.550719,09/16/2020 12:20:00 AM,2020
CR00026565,06/28/2016 10:43:00 PM,35,CLEAR,DAYLIGHT,FIXED OBJECT,T-INTERSECTION,NO CONTROLS,UNABLE TO DETERMINE,DRIVING SKILLS/KNOWLEDGE/EXPERIENCE,0,0,0,0,22,3,6,1005,47TH ST,41.858397,-87.649844,06/28/2016 11:08:00 PM,2016
CR00026566,01/18/2021 08:14:00 AM,30,CLEAR,DARKNESS - LIGHTED ROAD,TURNING,ONE-WAY,NO CONTROLS,DISTRACTION - FROM INSIDE VEHICLE,FAILING TO YIELD RIGHT-OF-WAY,0,0,0,0,8,2,1,2199,CICERO AVE,41.840383,-87.661894,01/18/2021 08:42:00 AM,2021
CR00026567,11/23/2020 05:26:00 PM,40,CLEAR,DAYLIGHT,FIXED OBJECT,NOT DIVIDED,UNKNOWN,UNABLE TO DETERMINE,NOT APPLICABLE,0,0,1,1,17,2,11,254,ELSTON AVE,41.738037,-87.578471,11/23/2020 07:09:00 PM,2020
CR00026568,05/03/2016 03:46:00 PM,30,CLEAR,DAYLIGHT,REAR END,NOT DIVIDED,TRAFFIC SIGNAL,FOLLOWING TOO CLOSELY,UNABLE TO DETERMINE,0,0,0,0,15,3,5,1783,ELSTON AVE,41.872065,-87.707352,05/03/2016 04:44:00 PM,2016
CR00026569,07/24/2018 03:07:00 AM,35,CLEAR,DAYLIGHT,TURNING,ONE-WAY,UNKNOWN,IMPROPER OVERTAKING/PASSING,NOT APPLICABLE,0,0,0,0,3,3,7,456,STATE ST,41.90809,-87.549137,07/24/2018 04:56:00 AM,2018
CR00026570,06/17/2015 03:21:00 PM,35,CLEAR,DAYLIGHT,REAR TO FRONT,DIVIDED - W/MEDIAN (NOT RAISED),TRAFFIC SIGNAL,DISTRACTION - FROM INSIDE VEHICLE,DISTRACTION - FROM INSIDE VEHICLE,0,0,0,0,15,4,6,2077,KEDZIE AVE,41.701509,-87.780368,06/17/2015 04:56:00 PM,2015
CR00026571,12/05/2020 07:02:00 PM,15,CLEAR,DARKNESS - LIGHTED ROAD,ANGLE,DIVIDED - W/MEDIAN (NOT RAISED),STOP SIGN/FLASHER,IMPROPER OVERTAKING/PASSING,FAILING TO YIELD RIGHT-OF-WAY,0,0,0,0,19,7,12,1402,CICERO AVE,41.911248,-87.827091,12/05/2020 07:10:00 PM,2020
CR00026572,01/15/2021 03:21:00 PM,25,RAIN,DAYLIGHT,SIDESWIPE SAME DIRECTION,ONE-WAY,TRAFFIC SIGNAL,IMPROPER LANE USAGE,FAILING TO YIELD RIGHT-OF-WAY,0,0,0,0,15,6,1,724,OGDEN AVE,41.772992,-87.829518,01/15/2021 04:56:00 PM,2021
CR00026573,04/23/2021 08:02:00 PM,20,CLEAR,DAYLIGHT,REAR TO FRONT,NOT DIVIDED,NO CONTROLS,FAILING TO REDUCE SPEED,FOLLOWING TOO CLOSELY,0,0,0,0,20,6,4,1203,DAMEN AVE,41.754399,-87.721829,04/23/2021 09:03:00 PM,2021
CR00026574,10/19/2023 12:54:00 PM,35,CLEAR,DAYLIGHT,REAR END,NOT DIVIDED,TRAFFIC SIGNAL,IMPROPER LANE USAGE,UNABLE TO DETERMINE,0,0,0,0,12,5,10,301,MILWAUKEE AVE,41.826175,-87.831356,10/19/2023 01:23:00 PM,2023
CR00026575,09/27/2019 07:24:00 AM,45,CLEAR,DAYLIGHT,SIDESWIPE SAME DIRECTION,NOT DIVIDED,YIELD,FOLLOWING TOO CLOSELY,DRIVING SKILLS/KNOWLEDGE/EXPERIENCE,0,0,0,0,7,6,9,762,CICERO AVE,41.878552,-87.513661,09/27/2019 07:52:00 AM,2019
CR00026576,04/20/2017 05:30:00 PM,30,FOG/SMOKE/HAZE,DAYLIGHT,PARKED MOTOR VEHICLE,NOT DIVIDED,NO CONTROLS,UNABLE TO DETERMINE,UNABLE TO DETERMINE,0,0,0,0,17,5,4,966,IRVING PARK RD,41.757425,-87.844806,04/20/2017 06:43:00 PM,2017
CR00026577,01/01/2020 11:38:00 AM,15,CLEAR,DARKNESS - LIGHTED ROAD,FIXED OBJECT,NOT DIVIDED,NO CONTROLS,FAILING TO YIELD RIGHT-OF-WAY,NOT APPLICABLE,0,0,0,0,11,4,1,964,STONY ISLAND AVE,41.925901,-87.694352,01/01/2020 01:18:00 PM,2020