CRASH_RECORD_ID,CRASH_DATE,POSTED_SPEED_LIMIT,WEATHER_CONDITION,LIGHTING_CONDITION,FIRST_CRASH_TYPE,TRAFFICWAY_TYPE,TRAFFIC_CONTROL_DEVICE,PRIM_CONTRIBUTORY_CAUSE,SEC_CONTRIBUTORY_CAUSE,INJURIES_FATAL,INJURIES_INCAPACITATING,INJURIES_NON_INCAPACITATING,INJURIES_TOTAL,CRASH_HOUR,CRASH_DAY_OF_WEEK,CRASH_MONTH,BEAT_OF_OCCURRENCE,STREET_NAME,LATITUDE,LONGITUDE,DATE_POLICE_NOTIFIED,year
CR00026578,12/21/2023 08:58:00 PM,35,CLEAR,DARKNESS,ANGLE,NOT DIVIDED,NO CONTROLS,DRIVING SKILLS/KNOWLEDGE/EXPERIENCE,UNABLE TO DETERMINE,0,0,1,1,20,5,12,1957,DIVISION ST,41.987023,-87.691116,12/21/2023 09:32:00 PM,2023
CR00026579,12/22/2020 01:36:00 PM,35,CLEAR,DAYLIGHT,TURNING,NOT DIVIDED,TRAFFIC SIGNAL,UNABLE TO DETERMINE,NOT APPLICABLE,0,0,0,0,13,3,12,1469,WESTERN AVE,41.726019,-87.622264,12/22/2020 02:01:00 PM,2020
CR00026580,01/25/2021 05:07:00 PM,40,CLEAR,DARKNESS - LIGHTED ROAD,PARKED MOTOR VEHICLE,NOT DIVIDED,TRAFFIC SIGNAL,WEATHER,UNABLE TO DETERMINE,0,0,0,0,17,2,1,1450,CICERO AVE,41.874821,-87.581914,01/25/2021 05:18:00 PM,2021
CR00026581,07/11/2021 06:46:00 PM,45,CLEAR,DARKNESS - LIGHTED ROAD,REAR END,ONE-WAY,TRAFFIC SIGNAL,UNABLE TO DETERMINE,IMPROPER LANE USAGE,0,0,2,2,18,1,7,1013,DIVISION ST,41.990985,-87.611987,07/11/2021 08:20:00 PM,2021
CR00026582,09/28/2019 08:53:00 PM,20,CLEAR,DAWN,PEDESTRIAN,NOT DIVIDED,NO CONTROLS,IMPROPER LANE USAGE,UNABLE TO DETERMINE,0,0,0,0,20,7,9,2091,DIVISION ST,41.88357,-87.676823,09/28/2019 10:47:00 PM,2019
CR00026583,06/07/2024 01:02:00 PM,35,RAIN,DAYLIGHT,REAR END,ONE-WAY,TRAFFIC SIGNAL,IMPROPER LANE USAGE,DRIVING SKILLS/KNOWLEDGE/EXPERIENCE,0,0,0,0,13,6,6,2447,CALIFORNIA AVE,41.768462,-87.518734,06/07/2024 01:43:00 PM,2024
CR00026584,11/24/2016 10:09:00 AM,40,CLEAR,DUSK,ANGLE,NOT DIVIDED,NO CONTROLS,UNABLE TO DETERMINE,FAILING TO YIELD RIGHT-OF-WAY,0,0,0,0,10,5,11,1870,LAKE SHORE DR,41.96384,-87.620589,11/24/2016 10:51:00 AM,2016
CR00026585,08/04/2022 10:29:00 AM,40,CLEAR,DAYLIGHT,PARKED MOTOR VEHICLE,DIVIDED - W/MEDIAN BARRIER,NO CONTROLS,DRIVING SKILLS/KNOWLEDGE/EXPERIENCE,UNABLE TO DETERMINE,0,0,0,0,10,5,8,880,ASHLAND AVE,41.730801,-87.838952,08/04/2022 10:54:00 AM,2022
CR00026586,10/17/2022 11:06:00 AM,30,CLEAR,DARKNESS - LIGHTED ROAD,ANGLE,ONE-WAY,NO CONTROLS,UNABLE TO DETERMINE,UNABLE TO DETERMINE,0,0,0,0,11,2,10,667,ELSTON AVE,41.926885,-87.661625,10/17/2022 12:52:00 PM,2022
CR00026587,08/18/2023 09:01:00 AM,35,RAIN,DAYLIGHT,ANGLE,DIVIDED - W/MEDIAN (NOT RAISED),PEDESTRIAN CROSSING SIGN,UNABLE TO DETERMINE,FAILING TO REDUCE SPEED,0,0,0,0,9,6,8,2516,PULASKI RD,41.957738,-87.513067,08/18/2023 09:41:00 AM,2023
CR00026588,10/23/2019 11:57:00 AM,30,CLEAR,DARKNESS,REAR END,ONE-WAY,NO CONTROLS,IMPROPER LANE USAGE,UNABLE TO DETERMINE,0,0,0,0,11,4,10,176,HALSTED ST,41.852727,-87.75615,10/23/2019 12:14:00 PM,2019
CR00026589,01/14/2015 03:14:00 PM,35,RAIN,DUSK,ANGLE,ONE-WAY,STOP SIGN/FLASHER,UNABLE TO DETERMINE,IMPROPER OVERTAKING/PASSING,0,0,0,0,15,4,1,352,ELSTON AVE,41.833986,-87.521628,01/14/2015 03:21:00 PM,2015
CR00026590,09/01/2016 06:23:00 PM,30,CLEAR,DAYLIGHT,TURNING,ONE-WAY,TRAFFIC SIGNAL,UNABLE TO DETERMINE,NOT APPLICABLE,0,0,0,0,18,5,9,972,47TH ST,41.857155,-87.8279,09/01/2016 06:53:00 PM,2016
CR00026591,01/25/2018 06:54:00 PM,25,CLEAR,DAYLIGHT,PARKED MOTOR VEHICLE,ONE-WAY,NO CONTROLS,UNABLE TO DETERMINE,UNABLE TO DETERMINE,0,0,0,0,18,5,1,1373,MILWAUKEE AVE,41.753146,-87.675995,01/25/2018 08:14:00 PM,2018
CR00026592,09/01/2019 08:57:00 AM,20,CLEAR,DUSK,REAR END,NOT DIVIDED,NO CONTROLS,FAILING TO REDUCE SPEED,DRIVING SKILLS/KNOWLEDGE/EXPERIENCE,0,0,0,0,8,1,9,278,DAMEN AVE,41.968816,-87.677581,09/01/2019 10:28:00 AM,2019
CR00026593,08/13/2022 04:20:00 PM,20,CLEAR,DAYLIGHT,REAR END,ONE-WAY,NO CONTROLS,DISREGARDING TRAFFIC SIGNALS,DISTRACTION - FROM INSIDE VEHICLE,0,0,0,0,16,7,8,529,CICERO AVE,41.98052,-87.518989,08/13/2022 04:21:00 PM,2022
CR00026594,02/01/2017 05:11:00 PM,35,CLEAR,DARKNESS - LIGHTED ROAD,FIXED OBJECT,FOUR WAY,NO CONTROLS,UNABLE TO DETERMINE,UNABLE TO DETERMINE,0,0,3,3,17,4,2,2092,DIVISION ST,41.844322,-87.810191,02/01/2017 07:03:00 PM,2017
CR00026595,01/03/2016 12:00:00 PM,35,CLOUDY/OVERCAST,DARKNESS - LIGHTED ROAD,FIXED OBJECT,FOUR WAY,NO CONTROLS,FOLLOWING TOO CLOSELY,NOT APPLICABLE,0,0,1,1,12,1,1,2180,STONY ISLAND AVE,41.745383,-87.658059,01/03/2016 12:44:00 PM,2016
CR00026596,04/21/2019 11:28:00 AM,35,RAIN,DARKNESS,SIDESWIPE SAME DIRECTION,T-INTERSECTION,UNKNOWN,UNABLE TO DETERMINE,UNABLE TO DETERMINE,0,0,0,0,11,1,4,1682,ARCHER AVE,41.896513,-87.829528,04/21/2019 12:08:00 PM,2019
CR00026597,02/13/2017 08:22:00 AM,30,CLEAR,DAYLIGHT,TURNING,DIVIDED - W/MEDIAN (NOT RAISED),STOP SIGN/FLASHER,FAILING TO YIELD RIGHT-OF-WAY,NOT APPLICABLE,0,0,0,0,8,2,2,1498,ASHLAND AVE,41.861296,-87.650702,02/13/2017 08:48:00 AM,2017
CR00026598,12/19/2018 08:23:00 AM,25,CLEAR,DARKNESS - LIGHTED ROAD,REAR END,DIVIDED - W/MEDIAN BARRIER,UNKNOWN,FAILING TO YIELD RIGHT-OF-WAY,FAILING TO REDUCE SPEED,0,0,0,0,8,4,12,723,ROOSEVELT RD,41.927929,-87.844098,12/19/2018 10:02:00 AM,2018
CR00026599,04/02/2024 04:47:00 PM,35,CLEAR,DAYLIGHT,REAR END,T-INTERSECTION,STOP SIGN/FLASHER,FOLLOWING TOO CLOSELY,UNABLE TO DETERMINE,0,0,0,0,16,3,4,340,DAMEN AVE,41.741795,-87.572803,04/02/2024 05:06:00 PM,2024
CR00026600,03/06/2021 08:42:00 PM,25,CLEAR,DAYLIGHT,REAR END,NOT DIVIDED,UNKNOWN,IMPROPER LANE USAGE,UNABLE TO DETERMINE,0,0,0,0,20,7,3,2117,63RD ST,41.744051,-87.662229,03/06/2021 09:59:00 PM,2021
CR00026601,12/14/2024 03:25:00 PM,30,CLEAR,DAYLIGHT,ANGLE,DIVIDED - W/MEDIAN BARRIER,UNKNOWN,UNABLE TO DETERMINE,FOLLOWING TOO CLOSELY,0,0,2,2,15,7,12,1846,ROOSEVELT RD,41.967405,-87.753766,12/14/2024 05:02:00 PM,2024
CR00026602,10/18/2021 03:35:00 PM,15,CLOUDY/OVERCAST,DARKNESS - LIGHTED ROAD,FIXED OBJECT,NOT DIVIDED,NO CONTROLS,FAILING TO YIELD RIGHT-OF-WAY,UNABLE TO DETERMINE,0,0,0,0,15,2,10,1975,IRVING PARK RD,41.826021,-87.58785,10/18/2021 05:26:00 PM,2021
CR00026603,12/27/2024 05:57:00 PM,25,CLEAR,DAYLIGHT,TURNING,T-INTERSECTION,NO CONTROLS,UNABLE TO DETERMINE,FAILING TO YIELD RIGHT-OF-WAY,0,0,0,0,17,6,12,2025,FULLERTON AVE,41.992232,-87.748428,12/27/2024 06:42:00 PM,2024
CR00026604,12/24/2019 12:53:00 PM,40,CLEAR,DAYLIGHT,ANGLE,FOUR WAY,NO CONTROLS,DISREGARDING TRAFFIC SIGNALS,UNABLE TO DETERMINE,0,0,0,0,12,3,12,853,ELSTON AVE,41.873595,-87.513652,12/24/2019 01:28:00 PM,2019
CR00026605,11/13/2015 06:37:00 PM,15,CLEAR,DARKNESS - LIGHTED ROAD,REAR END,DIVIDED - W/MEDIAN (NOT RAISED),STOP SIGN/FLASHER,FOLLOWING TOO CLOSELY,IMPROPER OVERTAKING/PASSING,0,0,0,0,18,6,11,876,ROOSEVELT RD,41.879633,-87.503055,11/13/2015 08:07:00 PM,2015
CR00026606,03/16/2019 07:10:00 AM,30,CLEAR,DAYLIGHT,REAR END,DIVIDED - W/MEDIAN BARRIER,STOP SIGN/FLASHER,UNABLE TO DETERMINE,UNABLE TO DETERMINE,0,0,0,0,7,7,3,2283,IRVING PARK RD,41.9589,-87.69875,03/16/2019 07:34:00 AM,2019
CR00026607,01/04/2019 02:26:00 PM,40,CLEAR,DAYLIGHT,ANGLE,NOT DIVIDED,STOP SIGN/FLASHER,FOLLOWING TOO CLOSELY,DRIVING SKILLS/KNOWLEDGE/EXPERIENCE,0,0,1,1,14,6,1,588,HALSTED ST,41.875189,-87.648145,01/04/2019 04:17:00 PM,2019
CR00026608,07/26/2016 09:22:00 AM,15,CLEAR,DARKNESS - LIGHTED ROAD,REAR TO FRONT,FOUR WAY,YIELD,DISTRACTION - FROM INSIDE VEHICLE,IMPROPER OVERTAKING/PASSING,0,0,1,1,9,3,7,591,HALSTED ST,41.890774,-87.519394,07/26/2016 10:42:00 AM,2016
CR00026609,07/30/2017 05:30:00 PM,30,CLEAR,DAYLIGHT,ANGLE,DIVIDED - W/MEDIAN (NOT RAISED),NO CONTROLS,UNABLE TO DETERMINE,FAILING TO REDUCE SPEED,0,0,1,1,17,1,7,2249,KEDZIE AVE,41.871486,-87.761735,07/30/2017 06:05:00 PM,2017
CR00026610,04/19/2021 10:05:00 PM,35,CLEAR,DARKNESS - LIGHTED ROAD,TURNING,ONE-WAY,TRAFFIC SIGNAL,FAILING TO REDUCE SPEED,UNABLE TO DETERMINE,0,0,0,0,22,2,4,1208,79TH ST,41.745298,-87.535591,04/19/2021 10:38:00 PM,2021
CR00026611,03/03/2017 09:35:00 AM,30,RAIN,DAYLIGHT,REAR END,NOT DIVIDED,TRAFFIC SIGNAL,FAILING TO YIELD RIGHT-OF-WAY,UNABLE TO DETERMINE,0,0,0,0,9,6,3,427,DAMEN AVE,41.914199,-87.820127,03/03/2017 10:58:00 AM,2017
CR00026612,09/13/2019 01:04:00 PM,15,CLEAR,DAYLIGHT,REAR END,NOT DIVIDED,NO CONTROLS,DRIVING SKILLS/KNOWLEDGE/EXPERIENCE,FAILING TO YIELD RIGHT-OF-WAY,0,0,1,1,13,6,9,1552,79TH ST,41.865704,-87.844419,09/13/2019 02:41:00 PM,2019
CR00026613,08/18/2019 02:37:00 AM,35,SNOW,DAYLIGHT,SIDESWIPE SAME DIRECTION,NOT DIVIDED,TRAFFIC SIGNAL,UNABLE TO DETERMINE,IMPROPER LANE USAGE,0,0,0,0,2,1,8,1625,KEDZIE AVE,41.804177,-87.580332,08/18/2019 03:34:00 AM,2019
CR00026614,11/04/2018 07:31:00 PM,40,CLEAR,DAYLIGHT,FIXED OBJECT,NOT DIVIDED,TRAFFIC SIGNAL,FOLLOWING TOO CLOSELY,NOT APPLICABLE,0,0,0,0,19,1,11,233,DIVISION ST,41.834833,-87.815512,11/04/2018 08:33:00 PM,2018
CR00026615,07/25/2020 06:20:00 PM,20,RAIN,DARKNESS - LIGHTED ROAD,REAR TO FRONT,NOT DIVIDED,TRAFFIC SIGNAL,DISTRACTION - FROM INSIDE VEHICLE,UNABLE TO DETERMINE,0,0,1,1,18,7,7,1564,DAMEN AVE,41.705727,-87.56724,07/25/2020 08:10:00 PM,2020
CR00026616,02/21/2017 12:07:00 PM,30,CLEAR,DAYLIGHT,TURNING,NOT DIVIDED,TRAFFIC SIGNAL,UNABLE TO DETERMINE,NOT APPLICABLE,0,0,0,0,12,3,2,1915,OGDEN AVE,41.754667,-87.65998,02/21/2017 01:45:00 PM,2017
CR00026617,05/13/2016 04:22:00 PM,15,CLEAR,DAYLIGHT,TURNING,NOT DIVIDED,NO CONTROLS,UNABLE TO DETERMINE,UNABLE TO DETERMINE,0,0,0,0,16,6,5,1133,CLARK ST,41.935687,-87.595728,05/13/2016 05:56:00 PM,2016
CR00026618,08/29/2018 08:05:00 PM,30,CLOUDY/OVERCAST,DAYLIGHT,REAR END,DIVIDED - W/MEDIAN BARRIER,TRAFFIC SIGNAL,IMPROPER OVERTAKING/PASSING,FOLLOWING TOO CLOSELY,0,0,0,0,20,4,8,1612,63RD ST,41.837425,-87.592762,08/29/2018 08:09:00 PM,2018
CR00026619,02/19/2019 11:39:00 AM,20,CLEAR,DAYLIGHT,ANGLE,NOT DIVIDED,TRAFFIC SIGNAL,UNABLE TO DETERMINE,UNABLE TO DETERMINE,0,0,1,1,11,3,2,1853,FULLERTON AVE,41.855558,-87.614807,02/19/2019 01:09:00 PM,2019
CR00026620,06/07/2021 08:45:00 AM,30,SNOW,DAYLIGHT,FIXED OBJECT,ONE-WAY,NO CONTROLS,UNABLE TO DETERMINE,FOLLOWING TOO CLOSELY,0,0,0,0,8,2,6,256,FULLERTON AVE,41.815039,-87.652541,06/07/2021 08:54:00 AM,2021
CR00026621,08/31/2022 06:48:00 PM,35,RAIN,DAYLIGHT,REAR TO FRONT,NOT DIVIDED,STOP SIGN/FLASHER,UNABLE TO DETERMINE,IMPROPER OVERTAKING/PASSING,0,0,0,0,18,4,8,898,MILWAUKEE AVE,41.934958,-87.5468,08/31/2022 06:52:00 PM,2022
CR00026622,06/15/2018 08:42:00 PM,15,CLEAR,DARKNESS - LIGHTED ROAD,TURNING,NOT DIVIDED,NO CONTROLS,UNABLE TO DETERMINE,FOLLOWING TOO CLOSELY,0,0,0,0,20,6,6,1371,DIVISION ST,41.743621,-87.759422,06/15/2018 10:24:00 PM,2018
CR00026623,05/07/2017 05:05:00 PM,15,CLEAR,DAYLIGHT,PARKED MOTOR VEHICLE,NOT DIVIDED,TRAFFIC SIGNAL,UNABLE TO DETERMINE,FOLLOWING TOO CLOSELY,0,0,0,0,17,1,5,1466,LAKE SHORE DR,41.765132,-87.505668,05/07/2017 05:39:00 PM,2017
CR00026624,04/26/2016 08:34:00 PM,35,CLEAR,DAYLIGHT,TURNING,ONE-WAY,STOP SIGN/FLASHER,UNABLE TO DETERMINE,UNABLE TO DETERMINE,0,0,0,0,20,3,4,478,LAKE SHORE DR,41.733884,-87.528082,04/26/2016 08:58:00 PM,2016
CR00026625,01/10/2020 08:17:00 AM,45,FREEZING RAIN/DRIZZLE,DARKNESS - LIGHTED ROAD,REAR END,NOT DIVIDED,NO CONTROLS,FOLLOWING TOO CLOSELY,UNABLE TO DETERMINE,0,0,3,3,8,6,1,1213,ARCHER AVE,41.982631,-87.826602,01/10/2020 09:26:00 AM,2020
CR00026626,08/01/2020 01:44:00 AM,30,CLEAR,DAYLIGHT,REAR END,NOT DIVIDED,STOP SIGN/FLASHER,IMPROPER LANE USAGE,UNABLE TO DETERMINE,0,1,1,2,1,7,8,1901,63RD ST,41.753241,-87.609192,08/01/2020 02:29:00 AM,2020
CR00026627,02/18/2021 11:32:00 AM,30,CLEAR,DARKNESS,REAR END,NOT DIVIDED,TRAFFIC SIGNAL,FAILING TO YIELD RIGHT-OF-WAY,UNABLE TO DETERMINE,0,0,0,0,11,5,2,353,ROOSEVELT RD,41.990422,-87.744801,02/18/2021 12:33:00 PM,2021
CR00026628,08/01/2016 02:29:00 PM,30,FREEZING RAIN/DRIZZLE,DARKNESS - LIGHTED ROAD,REAR END,DIVIDED - W/MEDIAN (NOT RAISED),TRAFFIC SIGNAL,IMPROPER LANE USAGE,FAILING TO REDUCE SPEED,0,0,3,3,14,2,8,820,ARCHER AVE,41.905327,-87.66323,08/01/2016 02:32:00 PM,2016
CR00026629,08/10/2020 08:29:00 PM,30,CLEAR,DAYLIGHT,REAR END,DIVIDED - W/MEDIAN BARRIER,TRAFFIC SIGNAL,UNABLE TO DETERMINE,IMPROPER LANE USAGE,0,0,0,0,20,2,8,1234,STATE ST,41.918628,-87.583348,08/10/2020 10:03:00 PM,2020
CR00026630,12/19/2024 04:57:00 PM,25,CLEAR,DARKNESS - LIGHTED ROAD,ANGLE,NOT DIVIDED,NO CONTROLS,FAILING TO REDUCE SPEED,NOT APPLICABLE,0,0,0,0,16,5,12,126,HALSTED ST,41.908355,-87.598617,12/19/2024 06:46:00 PM,2024
CR00026631,09/19/2019 02:45:00 PM,35,CLEAR,DAWN,TURNING,NOT DIVIDED,STOP SIGN/FLASHER,FAILING TO REDUCE SPEED,DRIVING SKILLS/KNOWLEDGE/EXPERIENCE,0,0,0,0,14,5,9,1538,ASHLAND AVE,41.900034,-87.587951,09/19/2019 04:17:00 PM,2019
CR00026632,02/25/2024 10:15:00 AM,20,SNOW,DARKNESS - LIGHTED ROAD,TURNING,DIVIDED - W/MEDIAN BARRIER,TRAFFIC SIGNAL,DISREGARDING TRAFFIC SIGNALS,FAILING TO YIELD RIGHT-OF-WAY,0,0,0,0,10,1,2,1294,STATE ST,41.995914,-87.679926,02/25/2024 11:12:00 AM,2024
CR00026633,11/03/2016 08:46:00 AM,30,CLEAR,DAYLIGHT,REAR TO FRONT,DIVIDED - W/MEDIAN BARRIER,STOP SIGN/FLASHER,FAILING TO YIELD RIGHT-OF-WAY,UNABLE TO DETERMINE,0,0,0,0,8,5,11,338,LAKE SHORE DR,41.877022,-87.758737,11/03/2016 08:48:00 AM,2016
CR00026634,03/01/2024 08:03:00 AM,35,FOG/SMOKE/HAZE,DARKNESS - LIGHTED ROAD,TURNING,ONE-WAY,TRAFFIC SIGNAL,UNABLE TO DETERMINE,FAILING TO YIELD RIGHT-OF-WAY,0,0,3,3,8,6,3,1831,63RD ST,41.704582,-87.750228,03/01/2024 09:57:00 AM,2024
CR00026635,07/14/2023 06:19:00 PM,35,CLEAR,DAYLIGHT,ANGLE,DIVIDED - W/MEDIAN (NOT RAISED),STOP SIGN/FLASHER,FAILING TO YIELD RIGHT-OF-WAY,FAILING TO REDUCE SPEED,0,0,0,0,18,6,7,1100,ASHLAND AVE,41.767377,-87.724166,07/14/2023 06:22:00 PM,2023
CR00026636,09/26/2020 11:27:00 AM,30,RAIN,DAYLIGHT,SIDESWIPE SAME DIRECTION,ONE-WAY,STOP SIGN/FLASHER,DISREGARDING TRAFFIC SIGNALS,WEATHER,0,0,0,0,11,7,9,2506,MILWAUKEE AVE,41.830453,-87.574401,09/26/2020 01:06:00 PM,2020
CR00026637,01/06/2016 08:49:00 AM,20,CLEAR,DAYLIGHT,PEDESTRIAN,DIVIDED - W/MEDIAN (NOT RAISED),NO CONTROLS,UNABLE TO DETERMINE,DRIVING SKILLS/KNOWLEDGE/EXPERIENCE,0,2,3,5,8,4,1,1066,ASHLAND AVE,41.853893,-87.60014,01/06/2016 09:42:00 AM,2016
CR00026638,08/03/2016 02:38:00 PM,15,CLEAR,DAYLIGHT,PARKED MOTOR VEHICLE,NOT DIVIDED,UNKNOWN,FAILING TO REDUCE SPEED,NOT APPLICABLE,0,0,0,0,14,4,8,788,CLARK ST,41.778447,-87.641287,08/03/2016 03:31:00 PM,2016
CR00026639,11/29/2022 04:09:00 PM,30,SNOW,DAYLIGHT,PARKED MOTOR VEHICLE,NOT DIVIDED,YIELD,FAILING TO REDUCE SPEED,FAILING TO YIELD RIGHT-OF-WAY,0,0,1,1,16,3,11,2434,PULASKI RD,41.892125,-87.541373,11/29/2022 04:47:00 PM,2022
CR00026640,05/02/2024 07:52:00 AM,20,CLEAR,DAYLIGHT,PARKED MOTOR VEHICLE,NOT DIVIDED,STOP SIGN/FLASHER,DRIVING SKILLS/KNOWLEDGE/EXPERIENCE,FOLLOWING TOO CLOSELY,0,0,0,0,7,5,5,1053,47TH ST,41.866701,-87.843071,05/02/2024 08:42:00 AM,2024
CR00026641,12/30/2021 04:27:00 AM,30,CLEAR,DAYLIGHT,PARKED MOTOR VEHICLE,ONE-WAY,NO CONTROLS,FAILING TO YIELD RIGHT-OF-WAY,UNABLE TO DETERMINE,0,0,0,0,4,5,12,2496,BROADWAY,41.813534,-87.790131,12/30/2021 04:36:00 AM,2021
CR00026642,12/30/2019 06:26:00 PM,35,RAIN,DARKNESS - LIGHTED ROAD,REAR TO FRONT,NOT DIVIDED,TRAFFIC SIGNAL,DISTRACTION - FROM INSIDE VEHICLE,IMPROPER LANE USAGE,0,0,0,0,18,2,12,571,ELSTON AVE,41.879326,-87.654142,12/30/2019 07:24:00 PM,2019
CR00026643,10/07/2022 11:19:00 AM,30,RAIN,DAYLIGHT,PARKED MOTOR VEHICLE,NOT DIVIDED,TRAFFIC SIGNAL,FOLLOWING TOO CLOSELY,FAILING TO YIELD RIGHT-OF-WAY,0,0,0,0,11,6,10,814,63RD ST,41.907355,-87.800913,10/07/2022 12:32:00 PM,2022
CR00026644,01/01/2020 01:31:00 PM,35,CLEAR,DARKNESS - LIGHTED ROAD,REAR END,DIVIDED - W/MEDIAN BARRIER,NO CONTROLS,IMPROPER OVERTAKING/PASSING,UNABLE TO DETERMINE,0,0,1,1,13,4,1,1249,OGDEN AVE,41.852403,-87.707189,01/01/2020 02:01:00 PM,2020
CR00026645,04/22/2023 08:39:00 AM,30,CLOUDY/OVERCAST,DAYLIGHT,PARKED MOTOR VEHICLE,NOT DIVIDED,NO CONTROLS,IMPROPER OVERTAKING/PASSING,DRIVING SKILLS/KNOWLEDGE/EXPERIENCE,0,0,0,0,8,7,4,909,PULASKI RD,41.971037,-87.549218,04/22/2023 09:52:00 AM,2023
CR00026646,11/01/2017 12:08:00 PM,40,CLEAR,DARKNESS - LIGHTED ROAD,TURNING,NOT DIVIDED,TRAFFIC SIGNAL,IMPROPER OVERTAKING/PASSING,NOT APPLICABLE,0,0,0,0,12,4,11,1887,ROOSEVELT RD,41.710655,-87.752332,11/01/2017 01:49:00 PM,2017
CR00026647,08/03/2019 05:38:00 PM,15,CLEAR,DAWN,REAR TO FRONT,DIVIDED - W/MEDIAN (NOT RAISED),STOP SIGN/FLASHER,FAILING TO REDUCE SPEED,IMPROPER LANE USAGE,0,1,1,2,17,7,8,1804,ASHLAND AVE,41.992928,-87.572784,08/03/2019 07:14:00 PM,2019
CR00026648,08/11/2021 05:04:00 PM,40,CLEAR,DAYLIGHT,REAR END,DIVIDED - W/MEDIAN BARRIER,NO CONTROLS,UNABLE TO DETERMINE,UNABLE TO DETERMINE,0,0,0,0,17,4,8,566,KEDZIE AVE,41.754295,-87.756111,08/11/2021 06:03:00 PM,2021
CR00026649,09/01/2018 07:36:00 PM,35,CLEAR,DAYLIGHT,ANGLE,DIVIDED - W/MEDIAN (NOT RAISED),NO CONTROLS,UNABLE TO DETERMINE,IMPROPER OVERTAKING/PASSING,0,0,1,1,19,7,9,1045,CICERO AVE,41.965023,-87.685084,09/01/2018 09:01:00 PM,2018
CR00026650,08/13/2024 11:09:00 AM,15,SNOW,DAYLIGHT,TURNING,NOT DIVIDED,NO CONTROLS,UNABLE TO DETERMINE,DRIVING SKILLS/KNOWLEDGE/EXPERIENCE,0,0,0,0,11,3,8,901,MICHIGAN AVE,41.820271,-87.818611,08/13/2024 01:04:00 PM,2024
CR00026651,08/13/2021 11:31:00 PM,30,CLEAR,DARKNESS,ANGLE,DIVIDED - W/MEDIAN BARRIER,NO CONTROLS,FAILING TO REDUCE SPEED,DISTRACTION - FROM INSIDE VEHICLE,0,0,0,0,23,6,8,555,79TH ST,41.899703,-87.546243,08/13/2021 11:39:00 PM,2021
CR00026652,02/10/2019 08:20:00 AM,30,CLEAR,DAYLIGHT,TURNING,ONE-WAY,UNKNOWN,UNABLE TO DETERMINE,UNABLE TO DETERMINE,0,0,0,0,8,1,2,2471,MILWAUKEE AVE,41.967956,-87.702125,02/10/2019 08:57:00 AM,2019
CR00026653,08/20/2021 01:54:00 PM,30,FOG/SMOKE/HAZE,DARKNESS - LIGHTED ROAD,FIXED OBJECT,NOT DIVIDED,STOP SIGN/FLASHER,IMPROPER OVERTAKING/PASSING,UNABLE TO DETERMINE,0,0,2,2,13,6,8,172,STATE ST,41.72147,-87.683245,08/20/2021 03:33:00 PM,2021
CR00026654,12/11/2019 05:16:00 PM,30,CLEAR,DAYLIGHT,PARKED MOTOR VEHICLE,T-INTERSECTION,STOP SIGN/FLASHER,FAILING TO REDUCE SPEED,IMPROPER LANE USAGE,0,0,3,3,17,4,12,1222,MILWAUKEE AVE,41.888123,-87.835228,12/11/2019 07:06:00 PM,2019
CR00026655,08/18/2016 07:22:00 AM,25,CLEAR,DARKNESS - LIGHTED ROAD,TURNING,NOT DIVIDED,TRAFFIC SIGNAL,UNABLE TO DETERMINE,FAILING TO YIELD RIGHT-OF-WAY,0,0,0,0,7,5,8,205,LAKE SHORE DR,41.754073,-87.787314,08/18/2016 09:20:00 AM,2016
CR00026656,06/20/2015 07:56:00 AM,15,CLEAR,DARKNESS - LIGHTED ROAD,REAR END,FOUR WAY,TRAFFIC SIGNAL,IMPROPER OVERTAKING/PASSING,FOLLOWING TOO CLOSELY,0,0,0,0,7,7,6,1813,MILWAUKEE AVE,41.800788,-87.516574,06/20/2015 09:51:00 AM,2015
CR00026657,04/20/2019 02:57:00 PM,20,CLEAR,DAYLIGHT,REAR END,NOT DIVIDED,STOP SIGN/FLASHER,FOLLOWING TOO CLOSELY,DISTRACTION - FROM INSIDE VEHICLE,0,0,0,0,14,7,4,1128,HALSTED ST,41.884331,-87.660923,04/20/2019 03:10:00 PM,2019
CR00026658,11/17/2020 11:39:00 AM,40,CLEAR,DAYLIGHT,FIXED OBJECT,NOT DIVIDED,TRAFFIC SIGNAL,UNABLE TO DETERMINE,FOLLOWING TOO CLOSELY,0,0,0,0,11,3,11,2187,CICERO AVE,41.880814,-87.566874,11/17/2020 12:42:00 PM,2020
CR00026659,12/20/2016 12:29:00 PM,20,RAIN,DAYLIGHT,PARKED MOTOR VEHICLE,ONE-WAY,NO CONTROLS,UNABLE TO DETERMINE,IMPROPER LANE USAGE,0,0,3,3,12,3,12,2173,DAMEN AVE,41.706885,-87.582536,12/20/2016 12:54:00 PM,2016
CR00026660,05/14/2021 08:42:00 PM,45,SNOW,DARKNESS - LIGHTED ROAD,REAR END,DIVIDED - W/MEDIAN (NOT RAISED),NO CONTROLS,UNABLE TO DETERMINE,DISTRACTION - FROM INSIDE VEHICLE,0,0,1,1,20,6,5,1837,CALIFORNIA AVE,41.873106,-87.781255,05/14/2021 09:06:00 PM,2021
CR00026661,01/21/2024 08:33:00 AM,30,CLEAR,DAWN,TURNING,ONE-WAY,YIELD,UNABLE TO DETERMINE,DRIVING SKILLS/KNOWLEDGE/EXPERIENCE,0,0,0,0,8,1,1,1771,MICHIGAN AVE,41.768579,-87.671445,01/21/2024 08:57:00 AM,2024