CRASH_RECORD_ID,CRASH_DATE,POSTED_SPEED_LIMIT,WEATHER_CONDITION,LIGHTING_CONDITION,FIRST_CRASH_TYPE,TRAFFICWAY_TYPE,TRAFFIC_CONTROL_DEVICE,PRIM_CONTRIBUTORY_CAUSE,SEC_CONTRIBUTORY_CAUSE,INJURIES_FATAL,INJURIES_INCAPACITATING,INJURIES_NON_INCAPACITATING,INJURIES_TOTAL,CRASH_HOUR,CRASH_DAY_OF_WEEK,CRASH_MONTH,BEAT_OF_OCCURRENCE,STREET_NAME,LATITUDE,LONGITUDE,DATE_POLICE_NOTIFIED,year
CR00026662,07/26/2020 01:00:00 PM,30,RAIN,DUSK,REAR END,DIVIDED - W/MEDIAN (NOT RAISED),TRAFFIC SIGNAL,DRIVING SKILLS/KNOWLEDGE/EXPERIENCE,UNABLE TO DETERMINE,0,0,0,0,13,1,7,920,MILWAUKEE AVE,41.791529,-87.784598,07/26/2020 01:05:00 PM,2020
CR00026663,06/25/2016 07:06:00 AM,30,CLOUDY/OVERCAST,DARKNESS - LIGHTED ROAD,SIDESWIPE SAME DIRECTION,DIVIDED - W/MEDIAN BARRIER,STOP SIGN/FLASHER,FOLLOWING TOO CLOSELY,IMPROPER OVERTAKING/PASSING,0,0,0,0,7,7,6,368,47TH ST,41.95161,-87.805216,06/25/2016 08:25:00 AM,2016
CR00026664,10/03/2017 03:18:00 PM,30,CLEAR,DAYLIGHT,REAR TO FRONT,NOT DIVIDED,TRAFFIC SIGNAL,FAILING TO REDUCE SPEED,FOLLOWING TOO CLOSELY,0,0,0,0,15,3,10,1211,PULASKI RD,41.81087,-87.534968,10/03/2017 03:57:00 PM,2017
CR00026665,12/10/2018 09:09:00 PM,30,CLEAR,DAWN,REAR END,NOT DIVIDED,NO CONTROLS,DISTRACTION - FROM INSIDE VEHICLE,NOT APPLICABLE,0,2,1,3,21,2,12,2215,79TH ST,41.796576,-87.81654,12/10/2018 09:19:00 PM,2018
CR00026666,07/11/2022 12:04:00 PM,35,CLEAR,DAYLIGHT,REAR END,NOT DIVIDED,NO CONTROLS,FAILING TO YIELD RIGHT-OF-WAY,FAILING TO YIELD RIGHT-OF-WAY,0,0,1,1,12,2,7,400,MILWAUKEE AVE,41.854855,-87.844293,07/11/2022 12:15:00 PM,2022
CR00026667,10/28/2020 04:17:00 AM,30,CLEAR,DAYLIGHT,REAR TO FRONT,DIVIDED - W/MEDIAN BARRIER,STOP SIGN/FLASHER,UNABLE TO DETERMINE,UNABLE TO DETERMINE,0,0,0,0,4,4,10,880,CLARK ST,41.947245,-87.80847,10/28/2020 04:20:00 AM,2020
CR00026668,04/24/2021 11:27:00 PM,35,CLEAR,DARKNESS,SIDESWIPE SAME DIRECTION,ONE-WAY,NO CONTROLS,FAILING TO YIELD RIGHT-OF-WAY,FOLLOWING TOO CLOSELY,0,0,0,0,23,7,4,2454,LAKE SHORE DR,41.71147,-87.662261,04/25/2021 12:46:00 AM,2021
CR00026669,02/14/2024 06:29:00 PM,25,CLEAR,DAYLIGHT,PARKED MOTOR VEHICLE,NOT DIVIDED,NO CONTROLS,UNABLE TO DETERMINE,DRIVING SKILLS/KNOWLEDGE/EXPERIENCE,0,0,0,0,18,4,2,591,MICHIGAN AVE,41.740792,-87.656503,02/14/2024 07:12:00 PM,2024
CR00026670,07/10/2019 05:13:00 PM,40,CLEAR,DARKNESS - LIGHTED ROAD,TURNING,NOT DIVIDED,STOP SIGN/FLASHER,FOLLOWING TOO CLOSELY,DISTRACTION - FROM INSIDE VEHICLE,0,0,0,0,17,4,7,2305,PULASKI RD,41.994018,-87.775974,07/10/2019 05:53:00 PM,2019
CR00026671,04/19/2015 03:58:00 PM,25,CLEAR,DAYLIGHT,REAR END,DIVIDED - W/MEDIAN (NOT RAISED),NO CONTROLS,IMPROPER OVERTAKING/PASSING,IMPROPER OVERTAKING/PASSING,0,0,0,0,15,1,4,1164,ASHLAND AVE,41.977132,-87.667324,04/19/2015 04:07:00 PM,2015
CR00026672,01/12/2016 01:44:00 AM,40,FOG/SMOKE/HAZE,DAYLIGHT,TURNING,NOT DIVIDED,NO CONTROLS,FOLLOWING TOO CLOSELY,IMPROPER OVERTAKING/PASSING,0,0,1,1,1,3,1,2159,ARCHER AVE,41.997618,-87.528562,01/12/2016 03:44:00 AM,2016
CR00026673,10/23/2016 05:50:00 AM,40,CLEAR,DAYLIGHT,REAR END,FOUR WAY,NO CONTROLS,IMPROPER OVERTAKING/PASSING,DISTRACTION - FROM INSIDE VEHICLE,0,0,1,1,5,1,10,1494,ARCHER AVE,41.926124,-87.658428,10/23/2016 06:35:00 AM,2016
CR00026674,05/19/2017 05:21:00 PM,40,RAIN,DARKNESS - LIGHTED ROAD,REAR END,FOUR WAY,NO CONTROLS,UNABLE TO DETERMINE,FAILING TO YIELD RIGHT-OF-WAY,0,0,0,0,17,6,5,1309,OGDEN AVE,41.901234,-87.752619,05/19/2017 07:04:00 PM,2017
CR00026675,12/01/2015 11:49:00 AM,15,CLEAR,DAWN,PEDESTRIAN,NOT DIVIDED,NO CONTROLS,DRIVING SKILLS/KNOWLEDGE/EXPERIENCE,NOT APPLICABLE,0,0,0,0,11,3,12,1066,STONY ISLAND AVE,41.928032,-87.509504,12/01/2015 01:23:00 PM,2015
CR00026676,12/18/2018 09:47:00 AM,15,CLEAR,DAYLIGHT,ANGLE,FOUR WAY,TRAFFIC SIGNAL,UNABLE TO DETERMINE,FAILING TO YIELD RIGHT-OF-WAY,0,0,0,0,9,3,12,1316,MILWAUKEE AVE,41.786912,-87.831113,12/18/2018 11:33:00 AM,2018
CR00026677,01/14/2019 05:51:00 PM,15,CLEAR,DAYLIGHT,TURNING,NOT DIVIDED,NO CONTROLS,FAILING TO YIELD RIGHT-OF-WAY,NOT APPLICABLE,0,0,0,0,17,2,1,1306,ELSTON AVE,41.866556,-87.530093,01/14/2019 07:26:00 PM,2019
CR00026678,12/04/2024 03:34:00 PM,35,CLEAR,DAYLIGHT,PARKED MOTOR VEHICLE,NOT DIVIDED,PEDESTRIAN CROSSING SIGN,FOLLOWING TOO CLOSELY,UNABLE TO DETERMINE,0,0,1,1,15,4,12,2218,HALSTED ST,41.78653,-87.692134,12/04/2024 05:02:00 PM,2024
CR00026679,08/14/2022 12:09:00 PM,15,CLEAR,DAYLIGHT,PARKED MOTOR VEHICLE,ONE-WAY,TRAFFIC SIGNAL,UNABLE TO DETERMINE,FAILING TO YIELD RIGHT-OF-WAY,0,0,0,0,12,1,8,983,47TH ST,41.763307,-87.849283,08/14/2022 01:26:00 PM,2022
CR00026680,05/29/2018 01:37:00 AM,45,CLEAR,DAYLIGHT,PARKED MOTOR VEHICLE,ONE-WAY,TRAFFIC SIGNAL,FOLLOWING TOO CLOSELY,FOLLOWING TOO CLOSELY,0,0,0,0,1,3,5,1007,ASHLAND AVE,41.744939,-87.602978,05/29/2018 01:41:00 AM,2018
CR00026681,09/09/2018 08:28:00 PM,45,CLEAR,DARKNESS - LIGHTED ROAD,PARKED MOTOR VEHICLE,DIVIDED - W/MEDIAN (NOT RAISED),TRAFFIC SIGNAL,FOLLOWING TOO CLOSELY,IMPROPER OVERTAKING/PASSING,0,0,2,2,20,1,9,2415,KEDZIE AVE,41.855276,-87.666707,09/09/2018 09:18:00 PM,2018
CR00026682,11/08/2022 03:56:00 PM,15,CLEAR,DAYLIGHT,REAR END,ONE-WAY,NO CONTROLS,DRIVING SKILLS/KNOWLEDGE/EXPERIENCE,NOT APPLICABLE,0,0,1,1,15,3,11,1735,47TH ST,41.736336,-87.601,11/08/2022 04:10:00 PM,2022
CR00026683,12/02/2019 05:13:00 PM,35,CLEAR,DAYLIGHT,ANGLE,FOUR WAY,UNKNOWN,DISREGARDING TRAFFIC SIGNALS,UNABLE TO DETERMINE,0,0,0,0,17,2,12,1613,IRVING PARK RD,41.863869,-87.655218,12/02/2019 06:08:00 PM,2019
CR00026684,08/25/2024 04:28:00 PM,45,RAIN,DAYLIGHT,ANGLE,ONE-WAY,NO CONTROLS,IMPROPER LANE USAGE,DRIVING SKILLS/KNOWLEDGE/EXPERIENCE,0,0,0,0,16,1,8,989,47TH ST,41.984977,-87.556292,08/25/2024 04:32:00 PM,2024
CR00026685,09/03/2016 11:45:00 AM,40,CLEAR,DARKNESS - LIGHTED ROAD,TURNING,FOUR WAY,STOP SIGN/FLASHER,DRIVING SKILLS/KNOWLEDGE/EXPERIENCE,UNABLE TO DETERMINE,0,0,0,0,11,7,9,1644,OGDEN AVE,41.935344,-87.61694,09/03/2016 12:22:00 PM,2016
CR00026686,12/22/2023 09:08:00 AM,35,CLEAR,DARKNESS - LIGHTED ROAD,PEDESTRIAN,DIVIDED - W/MEDIAN (NOT RAISED),NO CONTROLS,FAILING TO REDUCE SPEED,IMPROPER LANE USAGE,0,0,0,0,9,6,12,2488,MICHIGAN AVE,41.825539,-87.582351,12/22/2023 10:37:00 AM,2023
CR00026687,12/31/2023 07:56:00 AM,30,CLEAR,DARKNESS - LIGHTED ROAD,SIDESWIPE SAME DIRECTION,ONE-WAY,NO CONTROLS,FOLLOWING TOO CLOSELY,UNABLE TO DETERMINE,0,0,0,0,7,1,12,411,47TH ST,41.927376,-87.756164,12/31/2023 08:29:00 AM,2023
CR00026688,09/29/2016 02:45:00 PM,30,CLEAR,DAYLIGHT,TURNING,NOT DIVIDED,STOP SIGN/FLASHER,FAILING TO YIELD RIGHT-OF-WAY,UNABLE TO DETERMINE,0,0,0,0,14,5,9,2469,DAMEN AVE,41.734381,-87.502792,09/29/2016 04:22:00 PM,2016
CR00026689,10/16/2020 01:52:00 PM,20,CLEAR,DARKNESS - LIGHTED ROAD,SIDESWIPE SAME DIRECTION,ONE-WAY,TRAFFIC SIGNAL,WEATHER,UNABLE TO DETERMINE,0,0,0,0,13,6,10,1487,ASHLAND AVE,41.870315,-87.522025,10/16/2020 03:33:00 PM,2020
CR00026690,11/18/2015 04:14:00 AM,20,CLEAR,DARKNESS - LIGHTED ROAD,ANGLE,DIVIDED - W/MEDIAN (NOT RAISED),NO CONTROLS,UNABLE TO DETERMINE,UNABLE TO DETERMINE,0,0,1,1,4,4,11,715,63RD ST,41.81585,-87.721468,11/18/2015 05:10:00 AM,2015
CR00026691,07/05/2023 02:04:00 PM,30,CLEAR,DAYLIGHT,SIDESWIPE SAME DIRECTION,ONE-WAY,NO CONTROLS,UNABLE TO DETERMINE,NOT APPLICABLE,0,0,0,0,14,4,7,2074,ARCHER AVE,41.973721,-87.755931,07/05/2023 03:14:00 PM,2023
CR00026692,03/01/2015 02:36:00 PM,30,CLEAR,DARKNESS - LIGHTED ROAD,REAR TO FRONT,DIVIDED - W/MEDIAN (NOT RAISED),TRAFFIC SIGNAL,IMPROPER LANE USAGE,DISTRACTION - FROM INSIDE VEHICLE,0,0,0,0,14,1,3,2191,79TH ST,41.840769,-87.745233,03/01/2015 03:01:00 PM,2015
CR00026693,03/22/2017 06:06:00 PM,15,CLEAR,DUSK,TURNING,DIVIDED - W/MEDIAN BARRIER,TRAFFIC SIGNAL,UNABLE TO DETERMINE,IMPROPER OVERTAKING/PASSING,0,1,1,2,18,4,3,1884,IRVING PARK RD,41.888815,-87.539284,03/22/2017 06:14:00 PM,2017
CR00026694,07/20/2019 03:38:00 PM,35,RAIN,DUSK,REAR END,DIVIDED - W/MEDIAN (NOT RAISED),UNKNOWN,FAILING TO YIELD RIGHT-OF-WAY,UNABLE TO DETERMINE,0,0,2,2,15,7,7,757,ARCHER AVE,41.701347,-87.514077,07/20/2019 04:45:00 PM,2019
CR00026695,10/12/2023 05:12:00 PM,35,CLEAR,DAYLIGHT,ANGLE,DIVIDED - W/MEDIAN (NOT RAISED),NO CONTROLS,UNABLE TO DETERMINE,FAILING TO YIELD RIGHT-OF-WAY,0,0,0,0,17,5,10,1372,ASHLAND AVE,41.813607,-87.727694,10/12/2023 06:02:00 PM,2023
CR00026696,03/20/2015 05:02:00 PM,20,CLEAR,DARKNESS - LIGHTED ROAD,REAR END,ONE-WAY,NO CONTROLS,FOLLOWING TOO CLOSELY,FOLLOWING TOO CLOSELY,0,0,0,0,17,6,3,1030,STATE ST,41.963744,-87.656944,03/20/2015 06:10:00 PM,2015
CR00026697,12/15/2022 08:35:00 PM,40,CLEAR,DAYLIGHT,REAR END,DIVIDED - W/MEDIAN (NOT RAISED),NO CONTROLS,FAILING TO YIELD RIGHT-OF-WAY,FAILING TO YIELD RIGHT-OF-WAY,0,0,0,0,20,5,12,1857,OGDEN AVE,41.707436,-87.669245,12/15/2022 09:48:00 PM,2022
CR00026698,10/27/2021 10:33:00 AM,35,CLEAR,DAYLIGHT,TURNING,FOUR WAY,UNKNOWN,UNABLE TO DETERMINE,NOT APPLICABLE,0,0,1,1,10,4,10,240,CICERO AVE,41.798716,-87.670722,10/27/2021 10:38:00 AM,2021
CR00026699,12/14/2018 04:42:00 AM,40,CLEAR,DARKNESS - LIGHTED ROAD,ANGLE,T-INTERSECTION,TRAFFIC SIGNAL,FOLLOWING TOO CLOSELY,DRIVING SKILLS/KNOWLEDGE/EXPERIENCE,0,0,0,0,4,6,12,775,LAKE SHORE DR,41.934838,-87.560739,12/14/2018 05:57:00 AM,2018
CR00026700,12/01/2019 07:14:00 PM,35,CLEAR,DARKNESS - LIGHTED ROAD,SIDESWIPE SAME DIRECTION,NOT DIVIDED,NO CONTROLS,FOLLOWING TOO CLOSELY,UNABLE TO DETERMINE,0,0,0,0,19,1,12,881,LAKE SHORE DR,41.739146,-87.641136,12/01/2019 08:01:00 PM,2019
CR00026701,11/29/2021 04:50:00 AM,30,CLEAR,DAYLIGHT,REAR TO FRONT,FOUR WAY,TRAFFIC SIGNAL,UNABLE TO DETERMINE,FAILING TO YIELD RIGHT-OF-WAY,0,0,0,0,4,2,11,1656,CICERO AVE,41.886617,-87.617413,11/29/2021 06:18:00 AM,2021
CR00026702,05/17/2020 11:14:00 PM,35,CLEAR,DARKNESS - LIGHTED ROAD,ANGLE,FOUR WAY,YIELD,FAILING TO YIELD RIGHT-OF-WAY,UNABLE TO DETERMINE,0,0,2,2,23,1,5,1279,DAMEN AVE,41.755769,-87.821845,05/18/2020 12:55:00 AM,2020
CR00026703,12/09/2022 08:16:00 AM,35,CLEAR,DARKNESS,PARKED MOTOR VEHICLE,DIVIDED - W/MEDIAN (NOT RAISED),NO CONTROLS,IMPROPER LANE USAGE,NOT APPLICABLE,0,0,1,1,8,6,12,898,STATE ST,41.730099,-87.64901,12/09/2022 09:33:00 AM,2022
CR00026704,01/01/2024 04:36:00 PM,30,SNOW,DAYLIGHT,ANGLE,FOUR WAY,YIELD,UNABLE TO DETERMINE,IMPROPER LANE USAGE,0,0,0,0,16,2,1,1115,FULLERTON AVE,41.879478,-87.8464,01/01/2024 05:34:00 PM,2024
CR00026705,08/24/2023 04:26:00 PM,35,CLEAR,DARKNESS - LIGHTED ROAD,REAR END,DIVIDED - W/MEDIAN (NOT RAISED),STOP SIGN/FLASHER,FAILING TO YIELD RIGHT-OF-WAY,DISREGARDING TRAFFIC SIGNALS,0,0,0,0,16,5,8,179,PULASKI RD,41.879425,-87.709523,08/24/2023 06:16:00 PM,2023
CR00026706,07/04/2021 06:15:00 PM,35,CLEAR,DAYLIGHT,TURNING,NOT DIVIDED,NO CONTROLS,UNABLE TO DETERMINE,IMPROPER OVERTAKING/PASSING,0,0,1,1,18,1,7,1703,STONY ISLAND AVE,41.753751,-87.698762,07/04/2021 07:13:00 PM,2021
CR00026707,05/17/2017 09:21:00 AM,30,CLEAR,DARKNESS - LIGHTED ROAD,REAR END,NOT DIVIDED,NO CONTROLS,IMPROPER OVERTAKING/PASSING,IMPROPER LANE USAGE,0,0,0,0,9,4,5,259,WESTERN AVE,41.748076,-87.51406,05/17/2017 11:16:00 AM,2017
CR00026708,12/17/2020 05:29:00 PM,30,RAIN,DAYLIGHT,SIDESWIPE SAME DIRECTION,DIVIDED - W/MEDIAN (NOT RAISED),NO CONTROLS,IMPROPER LANE USAGE,FAILING TO YIELD RIGHT-OF-WAY,0,0,0,0,17,5,12,1484,47TH ST,41.926047,-87.841723,12/17/2020 06:29:00 PM,2020
CR00026709,09/17/2020 09:20:00 AM,30,CLOUDY/OVERCAST,DARKNESS - LIGHTED ROAD,REAR TO FRONT,ONE-WAY,UNKNOWN,UNABLE TO DETERMINE,DISREGARDING TRAFFIC SIGNALS,0,0,2,2,9,5,9,215,63RD ST,41.863588,-87.838144,09/17/2020 10:54:00 AM,2020
CR00026710,11/04/2017 08:40:00 AM,25,SNOW,DAYLIGHT,REAR END,T-INTERSECTION,NO CONTROLS,IMPROPER LANE USAGE,FOLLOWING TOO CLOSELY,0,0,0,0,8,7,11,538,IRVING PARK RD,41.704359,-87.835627,11/04/2017 08:55:00 AM,2017
CR00026711,07/28/2023 09:08:00 PM,30,SNOW,DARKNESS - LIGHTED ROAD,TURNING,NOT DIVIDED,YIELD,DISTRACTION - FROM INSIDE VEHICLE,UNABLE TO DETERMINE,0,0,0,0,21,6,7,2188,HALSTED ST,41.895632,-87.67918,07/28/2023 09:40:00 PM,2023
CR00026712,09/25/2019 05:17:00 PM,20,CLEAR,DAYLIGHT,PARKED MOTOR VEHICLE,FOUR WAY,UNKNOWN,UNABLE TO DETERMINE,IMPROPER OVERTAKING/PASSING,0,0,0,0,17,4,9,728,ELSTON AVE,41.719433,-87.816464,09/25/2019 05:51:00 PM,2019
CR00026713,09/15/2023 05:57:00 PM,45,CLEAR,DAYLIGHT,SIDESWIPE SAME DIRECTION,ONE-WAY,TRAFFIC SIGNAL,FAILING TO REDUCE SPEED,NOT APPLICABLE,0,0,0,0,17,6,9,282,FULLERTON AVE,41.951474,-87.625589,09/15/2023 05:59:00 PM,2023
CR00026714,09/02/2016 12:46:00 AM,30,CLEAR,DARKNESS - LIGHTED ROAD,REAR TO FRONT,DIVIDED - W/MEDIAN BARRIER,NO CONTROLS,UNABLE TO DETERMINE,UNABLE TO DETERMINE,0,0,0,0,0,6,9,970,BROADWAY,41.886131,-87.693675,09/02/2016 02:00:00 AM,2016
CR00026715,09/15/2019 11:32:00 AM,25,CLEAR,DAYLIGHT,ANGLE,NOT DIVIDED,TRAFFIC SIGNAL,DRIVING SKILLS/KNOWLEDGE/EXPERIENCE,IMPROPER LANE USAGE,0,0,0,0,11,1,9,1261,KEDZIE AVE,41.751703,-87.550843,09/15/2019 12:09:00 PM,2019
CR00026716,10/20/2016 09:03:00 AM,35,FREEZING RAIN/DRIZZLE,DAYLIGHT,ANGLE,DIVIDED - W/MEDIAN BARRIER,STOP SIGN/FLASHER,UNABLE TO DETERMINE,UNABLE TO DETERMINE,0,0,0,0,9,5,10,561,WESTERN AVE,41.703616,-87.685621,10/20/2016 09:09:00 AM,2016
CR00026717,11/23/2021 10:31:00 AM,25,CLEAR,DAYLIGHT,REAR END,NOT DIVIDED,NO CONTROLS,DISREGARDING TRAFFIC SIGNALS,UNABLE TO DETERMINE,0,0,0,0,10,3,11,304,WESTERN AVE,41.804915,-87.800332,11/23/2021 11:37:00 AM,2021
CR00026718,12/01/2016 06:51:00 PM,30,CLEAR,DARKNESS - LIGHTED ROAD,TURNING,DIVIDED - W/MEDIAN (NOT RAISED),UNKNOWN,DISREGARDING TRAFFIC SIGNALS,IMPROPER LANE USAGE,0,0,0,0,18,5,12,2089,ELSTON AVE,41.955427,-87.608293,12/01/2016 07:54:00 PM,2016
CR00026719,11/23/2017 07:32:00 AM,35,RAIN,DAYLIGHT,REAR END,NOT DIVIDED,STOP SIGN/FLASHER,FOLLOWING TOO CLOSELY,NOT APPLICABLE,0,0,0,0,7,5,11,565,ROOSEVELT RD,41.986183,-87.828508,11/23/2017 09:19:00 AM,2017
CR00026720,01/30/2023 06:06:00 PM,40,FREEZING RAIN/DRIZZLE,DARKNESS - LIGHTED ROAD,SIDESWIPE SAME DIRECTION,ONE-WAY,TRAFFIC SIGNAL,FAILING TO YIELD RIGHT-OF-WAY,FOLLOWING TOO CLOSELY,0,2,3,5,18,2,1,550,LAKE SHORE DR,41.872355,-87.659666,01/30/2023 07:48:00 PM,2023
CR00026721,01/26/2019 01:04:00 AM,45,CLEAR,DAYLIGHT,TURNING,ONE-WAY,TRAFFIC SIGNAL,FAILING TO YIELD RIGHT-OF-WAY,IMPROPER LANE USAGE,0,0,0,0,1,7,1,1010,ELSTON AVE,41.936381,-87.61056,01/26/2019 01:20:00 AM,2019
CR00026722,01/22/2015 11:53:00 AM,25,CLEAR,DAYLIGHT,REAR END,NOT DIVIDED,UNKNOWN,UNABLE TO DETERMINE,UNABLE TO DETERMINE,0,0,0,0,11,5,1,511,PULASKI RD,41.969893,-87.803656,01/22/2015 12:11:00 PM,2015
CR00026723,04/15/2024 09:55:00 AM,40,CLEAR,DAYLIGHT,PEDESTRIAN,DIVIDED - W/MEDIAN (NOT RAISED),NO CONTROLS,DRIVING SKILLS/KNOWLEDGE/EXPERIENCE,FAILING TO YIELD RIGHT-OF-WAY,0,0,0,0,9,2,4,564,79TH ST,41.908676,-87.757607,04/15/2024 10:59:00 AM,2024
CR00026724,05/17/2023 03:52:00 PM,45,CLEAR,DAYLIGHT,SIDESWIPE SAME DIRECTION,ONE-WAY,TRAFFIC SIGNAL,DISTRACTION - FROM INSIDE VEHICLE,NOT APPLICABLE,0,0,0,0,15,4,5,337,79TH ST,41.891286,-87.777104,05/17/2023 05:20:00 PM,2023
CR00026725,03/06/2018 08:19:00 AM,25,CLEAR,DAYLIGHT,SIDESWIPE SAME DIRECTION,DIVIDED - W/MEDIAN (NOT RAISED),UNKNOWN,UNABLE TO DETERMINE,FOLLOWING TOO CLOSELY,0,0,0,0,8,3,3,317,63RD ST,41.700122,-87.631768,03/06/2018 10:06:00 AM,2018
CR00026726,04/09/2016 03:21:00 PM,40,CLEAR,DARKNESS - LIGHTED ROAD,REAR END,NOT DIVIDED,NO CONTROLS,FAILING TO YIELD RIGHT-OF-WAY,UNABLE TO DETERMINE,0,0,0,0,15,7,4,2087,STONY ISLAND AVE,41.872732,-87.79099,04/09/2016 04:13:00 PM,2016
CR00026727,10/14/2015 05:58:00 PM,35,CLEAR,DAYLIGHT,SIDESWIPE SAME DIRECTION,DIVIDED - W/MEDIAN (NOT RAISED),TRAFFIC SIGNAL,FAILING TO YIELD RIGHT-OF-WAY,UNABLE TO DETERMINE,0,0,0,0,17,4,10,2306,CICERO AVE,41.789402,-87.516348,10/14/2015 06:48:00 PM,2015
CR00026728,03/18/2024 08:48:00 AM,15,CLEAR,DAYLIGHT,PARKED MOTOR VEHICLE,FOUR WAY,TRAFFIC SIGNAL,FAILING TO REDUCE SPEED,IMPROPER LANE USAGE,0,0,0,0,8,2,3,540,IRVING PARK RD,41.982518,-87.651436,03/18/2024 09:56:00 AM,2024
CR00026729,06/24/2016 06:03:00 AM,30,RAIN,DARKNESS - LIGHTED ROAD,PEDESTRIAN,NOT DIVIDED,STOP SIGN/FLASHER,DISREGARDING TRAFFIC SIGNALS,NOT APPLICABLE,0,0,3,3,6,6,6,576,ROOSEVELT RD,41.981679,-87.566342,06/24/2016 06:13:00 AM,2016
CR00026730,10/28/2019 07:54:00 PM,30,CLEAR,DARKNESS - LIGHTED ROAD,TURNING,DIVIDED - W/MEDIAN (NOT RAISED),NO CONTROLS,FAILING TO YIELD RIGHT-OF-WAY,UNABLE TO DETERMINE,0,1,1,2,19,2,10,1597,79TH ST,41.848653,-87.531999,10/28/2019 09:10:00 PM,2019
CR00026731,11/12/2023 09:45:00 AM,20,CLEAR,DAYLIGHT,TURNING,ONE-WAY,TRAFFIC SIGNAL,FOLLOWING TOO CLOSELY,UNABLE TO DETERMINE,0,0,0,0,9,1,11,120,CICERO AVE,41.752993,-87.665778,11/12/2023 10:31:00 AM,2023
CR00026732,03/30/2023 05:57:00 PM,30,CLEAR,DAYLIGHT,REAR END,NOT DIVIDED,NO CONTROLS,FAILING TO REDUCE SPEED,UNABLE TO DETERMINE,0,0,0,0,17,5,3,1446,CLARK ST,41.743423,-87.603645,03/30/2023 07:37:00 PM,2023
CR00026733,12/08/2020 12:51:00 PM,15,CLEAR,DAYLIGHT,REAR END,DIVIDED - W/MEDIAN (NOT RAISED),NO CONTROLS,DISREGARDING TRAFFIC SIGNALS,NOT APPLICABLE,0,0,0,0,12,3,12,436,ROOSEVELT RD,41.715855,-87.813815,12/08/2020 12:54:00 PM,2020
CR00026734,12/30/2019 08:57:00 PM,35,CLEAR,DAYLIGHT,TURNING,DIVIDED - W/MEDIAN BARRIER,TRAFFIC SIGNAL,FAILING TO YIELD RIGHT-OF-WAY,IMPROPER OVERTAKING/PASSING,0,0,0,0,20,2,12,690,HALSTED ST,41.87808,-87.718436,12/30/2019 09:04:00 PM,2019
CR00026735,07/16/2017 09:15:00 AM,30,CLEAR,DAYLIGHT,FIXED OBJECT,FOUR WAY,NO CONTROLS,FAILING TO YIELD RIGHT-OF-WAY,NOT APPLICABLE,0,0,0,0,9,1,7,1601,47TH ST,41.701442,-87.832057,07/16/2017 10:21:00 AM,2017
CR00026736,11/06/2015 07:43:00 AM,35,RAIN,DAYLIGHT,REAR END,NOT DIVIDED,TRAFFIC SIGNAL,UNABLE TO DETERMINE,UNABLE TO DETERMINE,0,0,0,0,7,6,11,221,MICHIGAN AVE,41.816392,-87.736317,11/06/2015 08:40:00 AM,2015
CR00026737,08/08/2023 03:16:00 PM,35,CLEAR,DAYLIGHT,PARKED MOTOR VEHICLE,ONE-WAY,NO CONTROLS,UNABLE TO DETERMINE,DISTRACTION - FROM INSIDE VEHICLE,0,0,0,0,15,3,8,2211,CICERO AVE,41.995666,-87.79753,08/08/2023 05:10:00 PM,2023
CR00026738,11/16/2023 06:06:00 PM,35,CLEAR,DAYLIGHT,PEDESTRIAN,T-INTERSECTION,STOP SIGN/FLASHER,DRIVING SKILLS/KNOWLEDGE/EXPERIENCE,FOLLOWING TOO CLOSELY,0,0,0,0,18,5,11,1314,79TH ST,41.750878,-87.535321,11/16/2023 07:22:00 PM,2023
CR00026739,03/06/2024 10:05:00 AM,40,CLEAR,DAWN,TURNING,DIVIDED - W/MEDIAN (NOT RAISED),TRAFFIC SIGNAL,FAILING TO REDUCE SPEED,UNABLE TO DETERMINE,0,0,0,0,10,4,3,2117,KEDZIE AVE,41.786193,-87.792445,03/06/2024 10:57:00 AM,2024
CR00026740,02/24/2016 05:04:00 PM,30,CLOUDY/OVERCAST,DUSK,PEDESTRIAN,NOT DIVIDED,NO CONTROLS,IMPROPER LANE USAGE,IMPROPER OVERTAKING/PASSING,0,0,3,3,17,4,2,2008,HALSTED ST,41.840321,-87.530064,02/24/2016 06:18:00 PM,2016
CR00026741,06/19/2017 05:59:00 PM,30,CLEAR,DAYLIGHT,REAR END,T-INTERSECTION,TRAFFIC SIGNAL,FOLLOWING TOO CLOSELY,FAILING TO YIELD RIGHT-OF-WAY,0,0,0,0,17,2,6,1734,ROOSEVELT RD,41.703697,-87.697429,06/19/2017 06:54:00 PM,2017
CR00026742,06/30/2017 05:09:00 PM,35,CLEAR,DAYLIGHT,REAR END,DIVIDED - W/MEDIAN (NOT RAISED),TRAFFIC SIGNAL,UNABLE TO DETERMINE,DISREGARDING TRAFFIC SIGNALS,0,0,0,0,17,6,6,1533,KEDZIE AVE,41.884428,-87.757927,06/30/2017 05:27:00 PM,2017
CR00026743,05/02/2023 05:32:00 AM,25,CLEAR,DARKNESS - LIGHTED ROAD,ANGLE,ONE-WAY,STOP SIGN/FLASHER,FAILING TO YIELD RIGHT-OF-WAY,FOLLOWING TOO CLOSELY,0,0,0,0,5,3,5,607,ASHLAND AVE,41.755896,-87.827695,05/02/2023 06:19:00 AM,2023