CRASH_RECORD_ID,CRASH_DATE,POSTED_SPEED_LIMIT,WEATHER_CONDITION,LIGHTING_CONDITION,FIRST_CRASH_TYPE,TRAFFICWAY_TYPE,TRAFFIC_CONTROL_DEVICE,PRIM_CONTRIBUTORY_CAUSE,SEC_CONTRIBUTORY_CAUSE,INJURIES_FATAL,INJURIES_INCAPACITATING,INJURIES_NON_INCAPACITATING,INJURIES_TOTAL,CRASH_HOUR,CRASH_DAY_OF_WEEK,CRASH_MONTH,BEAT_OF_OCCURRENCE,STREET_NAME,LATITUDE,LONGITUDE,DATE_POLICE_NOTIFIED,year
CR00026744,01/09/2023 07:51:00 PM,15,CLEAR,DAYLIGHT,ANGLE,DIVIDED - W/MEDIAN (NOT RAISED),TRAFFIC SIGNAL,UNABLE TO DETERMINE,UNABLE TO DETERMINE,0,0,0,0,19,2,1,265,WESTERN AVE,41.755476,-87.775089,01/09/2023 09:13:00 PM,2023
CR00026745,06/27/2020 02:01:00 PM,30,CLEAR,DAYLIGHT,SIDESWIPE SAME DIRECTION,FOUR WAY,TRAFFIC SIGNAL,FAILING TO YIELD RIGHT-OF-WAY,NOT APPLICABLE,0,0,3,3,14,7,6,457,IRVING PARK RD,41.809284,-87.6715,06/27/2020 03:35:00 PM,2020
CR00026746,06/05/2016 05:50:00 AM,40,CLEAR,DARKNESS - LIGHTED ROAD,REAR END,NOT DIVIDED,TRAFFIC SIGNAL,DISTRACTION - FROM INSIDE VEHICLE,UNABLE TO DETERMINE,0,0,0,0,5,1,6,1059,KEDZIE AVE,41.704742,-87.804284,06/05/2016 07:05:00 AM,2016
CR00026747,06/01/2019 11:33:00 AM,40,CLEAR,DARKNESS - LIGHTED ROAD,REAR END,NOT DIVIDED,NO CONTROLS,FOLLOWING TOO CLOSELY,FAILING TO YIELD RIGHT-OF-WAY,0,0,0,0,11,7,6,1566,79TH ST,41.770555,-87.708999,06/01/2019 12:51:00 PM,2019
CR00026748,11/18/2015 03:39:00 AM,30,RAIN,DAYLIGHT,SIDESWIPE SAME DIRECTION,NOT DIVIDED,TRAFFIC SIGNAL,DISTRACTION - FROM INSIDE VEHICLE,FOLLOWING TOO CLOSELY,0,0,0,0,3,4,11,1996,DIVISION ST,41.728663,-87.674365,11/18/2015 03:44:00 AM,2015
CR00026749,09/08/2021 03:07:00 PM,35,CLEAR,DAYLIGHT,SIDESWIPE SAME DIRECTION,T-INTERSECTION,STOP SIGN/FLASHER,UNABLE TO DETERMINE,NOT APPLICABLE,0,1,2,3,15,4,9,589,63RD ST,41.963307,-87.71928,09/08/2021 03:51:00 PM,2021
CR00026750,11/10/2017 10:38:00 AM,20,CLEAR,DAYLIGHT,REAR END,DIVIDED - W/MEDIAN BARRIER,TRAFFIC SIGNAL,UNABLE TO DETERMINE,UNABLE TO DETERMINE,0,0,0,0,10,6,11,1898,63RD ST,41.876784,-87.704858,11/10/2017 10:45:00 AM,2017
CR00026751,06/22/2023 08:28:00 PM,15,CLEAR,DAYLIGHT,SIDESWIPE SAME DIRECTION,NOT DIVIDED,NO CONTROLS,FOLLOWING TOO CLOSELY,DISTRACTION - FROM INSIDE VEHICLE,0,0,0,0,20,5,6,1056,ARCHER AVE,41.731397,-87.693884,06/22/2023 09:01:00 PM,2023
CR00026752,11/22/2021 03:08:00 AM,25,CLEAR,DARKNESS,REAR END,DIVIDED - W/MEDIAN (NOT RAISED),TRAFFIC SIGNAL,IMPROPER OVERTAKING/PASSING,UNABLE TO DETERMINE,0,0,1,1,3,2,11,1188,PULASKI RD,41.77024,-87.65798,11/22/2021 04:18:00 AM,2021
CR00026753,04/23/2016 02:43:00 PM,30,CLEAR,DARKNESS - LIGHTED ROAD,REAR END,ONE-WAY,YIELD,UNABLE TO DETERMINE,FOLLOWING TOO CLOSELY,0,0,0,0,14,7,4,1081,MILWAUKEE AVE,41.942,-87.618428,04/23/2016 02:46:00 PM,2016
CR00026754,07/19/2016 02:53:00 PM,30,CLEAR,DAYLIGHT,REAR END,FOUR WAY,TRAFFIC SIGNAL,UNABLE TO DETERMINE,UNABLE TO DETERMINE,0,0,0,0,14,3,7,2244,STONY ISLAND AVE,41.953132,-87.539645,07/19/2016 03:18:00 PM,2016
CR00026755,06/13/2019 07:03:00 AM,40,CLEAR,DAYLIGHT,REAR END,ONE-WAY,NO CONTROLS,UNABLE TO DETERMINE,NOT APPLICABLE,0,0,0,0,7,5,6,2039,IRVING PARK RD,41.895977,-87.705251,06/13/2019 07:59:00 AM,2019
CR00026756,07/19/2023 12:43:00 PM,45,RAIN,DAYLIGHT,PARKED MOTOR VEHICLE,NOT DIVIDED,NO CONTROLS,DISTRACTION - FROM INSIDE VEHICLE,IMPROPER OVERTAKING/PASSING,0,0,0,0,12,4,7,283,PULASKI RD,41.819252,-87.70624,07/19/2023 01:46:00 PM,2023
CR00026757,08/18/2017 12:35:00 PM,20,RAIN,DAYLIGHT,REAR END,ONE-WAY,UNKNOWN,UNABLE TO DETERMINE,IMPROPER LANE USAGE,0,0,0,0,12,6,8,123,ELSTON AVE,41.701284,-87.714388,08/18/2017 12:48:00 PM,2017
CR00026758,11/02/2018 07:27:00 PM,15,CLEAR,DAYLIGHT,SIDESWIPE SAME DIRECTION,DIVIDED - W/MEDIAN BARRIER,TRAFFIC SIGNAL,IMPROPER LANE USAGE,UNABLE TO DETERMINE,0,0,0,0,19,6,11,1951,STATE ST,41.898547,-87.546476,11/02/2018 07:50:00 PM,2018
CR00026759,11/02/2022 03:45:00 PM,40,RAIN,DAYLIGHT,REAR END,DIVIDED - W/MEDIAN (NOT RAISED),TRAFFIC SIGNAL,DISTRACTION - FROM INSIDE VEHICLE,IMPROPER LANE USAGE,0,0,0,0,15,4,11,1191,CICERO AVE,41.784003,-87.718196,11/02/2022 04:17:00 PM,2022
CR00026760,11/02/2019 08:42:00 AM,35,CLEAR,DARKNESS,REAR TO FRONT,DIVIDED - W/MEDIAN (NOT RAISED),TRAFFIC SIGNAL,DRIVING SKILLS/KNOWLEDGE/EXPERIENCE,IMPROPER LANE USAGE,0,0,0,0,8,7,11,2500,DAMEN AVE,41.836748,-87.518763,11/02/2019 10:28:00 AM,2019
CR00026761,05/02/2023 09:57:00 AM,45,CLEAR,DARKNESS - LIGHTED ROAD,TURNING,NOT DIVIDED,UNKNOWN,DRIVING SKILLS/KNOWLEDGE/EXPERIENCE,FAILING TO REDUCE SPEED,0,0,3,3,9,3,5,1253,79TH ST,41.937498,-87.514232,05/02/2023 11:20:00 AM,2023
CR00026762,06/26/2016 01:53:00 PM,15,FOG/SMOKE/HAZE,DAYLIGHT,PEDESTRIAN,ONE-WAY,UNKNOWN,FOLLOWING TOO CLOSELY,DISTRACTION - FROM INSIDE VEHICLE,0,0,0,0,13,1,6,1712,79TH ST,41.879862,-87.801963,06/26/2016 01:57:00 PM,2016
CR00026763,04/27/2017 03:02:00 PM,45,CLEAR,DAYLIGHT,TURNING,NOT DIVIDED,TRAFFIC SIGNAL,FOLLOWING TOO CLOSELY,UNABLE TO DETERMINE,0,0,1,1,15,5,4,1181,LAKE SHORE DR,41.873912,-87.752174,04/27/2017 04:36:00 PM,2017
CR00026764,07/27/2024 02:24:00 PM,25,CLEAR,DARKNESS - LIGHTED ROAD,PARKED MOTOR VEHICLE,NOT DIVIDED,NO CONTROLS,IMPROPER LANE USAGE,DISTRACTION - FROM INSIDE VEHICLE,0,1,0,1,14,7,7,2116,ASHLAND AVE,41.8915,-87.570336,07/27/2024 02:25:00 PM,2024
CR00026765,12/18/2021 09:00:00 PM,40,CLEAR,DARKNESS - LIGHTED ROAD,TURNING,NOT DIVIDED,NO CONTROLS,UNABLE TO DETERMINE,FOLLOWING TOO CLOSELY,0,2,1,3,21,7,12,2388,79TH ST,41.814063,-87.554997,12/18/2021 09:38:00 PM,2021
CR00026766,11/11/2022 02:28:00 PM,35,FOG/SMOKE/HAZE,DAYLIGHT,REAR END,NOT DIVIDED,TRAFFIC SIGNAL,DISREGARDING TRAFFIC SIGNALS,NOT APPLICABLE,0,0,1,1,14,6,11,715,BROADWAY,41.764475,-87.758362,11/11/2022 03:29:00 PM,2022
CR00026767,11/03/2021 04:51:00 AM,40,RAIN,DAYLIGHT,TURNING,FOUR WAY,STOP SIGN/FLASHER,IMPROPER OVERTAKING/PASSING,FAILING TO YIELD RIGHT-OF-WAY,0,0,0,0,4,4,11,265,STATE ST,41.903977,-87.586033,11/03/2021 05:53:00 AM,2021
CR00026768,11/10/2016 01:50:00 PM,30,CLEAR,DAYLIGHT,REAR TO FRONT,ONE-WAY,NO CONTROLS,FAILING TO YIELD RIGHT-OF-WAY,IMPROPER OVERTAKING/PASSING,0,0,3,3,13,5,11,375,STONY ISLAND AVE,41.904368,-87.790958,11/10/2016 03:18:00 PM,2016
CR00026769,12/05/2018 04:37:00 PM,30,CLOUDY/OVERCAST,DAYLIGHT,REAR END,NOT DIVIDED,TRAFFIC SIGNAL,UNABLE TO DETERMINE,UNABLE TO DETERMINE,0,0,0,0,16,4,12,1564,STATE ST,41.841492,-87.597341,12/05/2018 06:34:00 PM,2018
CR00026770,02/14/2016 03:56:00 PM,30,CLEAR,DAYLIGHT,ANGLE,ONE-WAY,STOP SIGN/FLASHER,UNABLE TO DETERMINE,IMPROPER OVERTAKING/PASSING,0,0,0,0,15,1,2,2387,PULASKI RD,41.708321,-87.742713,02/14/2016 05:52:00 PM,2016
CR00026771,05/16/2015 10:34:00 AM,15,CLEAR,DARKNESS - LIGHTED ROAD,TURNING,NOT DIVIDED,TRAFFIC SIGNAL,DRIVING SKILLS/KNOWLEDGE/EXPERIENCE,FAILING TO YIELD RIGHT-OF-WAY,0,1,1,2,10,7,5,163,DIVISION ST,41.709691,-87.812902,05/16/2015 10:46:00 AM,2015
CR00026772,06/20/2020 08:56:00 PM,30,CLEAR,DAWN,REAR END,NOT DIVIDED,TRAFFIC SIGNAL,FAILING TO YIELD RIGHT-OF-WAY,NOT APPLICABLE,0,0,0,0,20,7,6,2120,FULLERTON AVE,41.869959,-87.729988,06/20/2020 10:20:00 PM,2020
CR00026773,08/05/2019 01:08:00 PM,35,CLEAR,DAYLIGHT,REAR END,DIVIDED - W/MEDIAN (NOT RAISED),TRAFFIC SIGNAL,FAILING TO REDUCE SPEED,FOLLOWING TOO CLOSELY,0,0,0,0,13,2,8,1608,79TH ST,41.826905,-87.782073,08/05/2019 01:34:00 PM,2019
CR00026774,08/01/2023 02:19:00 PM,40,CLEAR,DARKNESS - LIGHTED ROAD,REAR END,T-INTERSECTION,NO CONTROLS,WEATHER,IMPROPER LANE USAGE,0,0,0,0,14,3,8,1853,DAMEN AVE,41.724809,-87.609987,08/01/2023 04:03:00 PM,2023
CR00026775,12/30/2018 03:05:00 PM,15,CLEAR,DAYLIGHT,PEDESTRIAN,NOT DIVIDED,UNKNOWN,DRIVING SKILLS/KNOWLEDGE/EXPERIENCE,IMPROPER LANE USAGE,0,0,0,0,15,1,12,2411,STONY ISLAND AVE,41.987221,-87.645972,12/30/2018 04:56:00 PM,2018
CR00026776,07/18/2021 03:26:00 AM,35,CLEAR,DAYLIGHT,SIDESWIPE SAME DIRECTION,DIVIDED - W/MEDIAN (NOT RAISED),TRAFFIC SIGNAL,IMPROPER LANE USAGE,FAILING TO YIELD RIGHT-OF-WAY,0,0,0,0,3,1,7,2315,FULLERTON AVE,41.768084,-87.772184,07/18/2021 05:01:00 AM,2021
CR00026777,04/01/2018 01:39:00 PM,40,RAIN,DAYLIGHT,PARKED MOTOR VEHICLE,DIVIDED - W/MEDIAN (NOT RAISED),UNKNOWN,FAILING TO REDUCE SPEED,UNABLE TO DETERMINE,0,0,0,0,13,1,4,1428,DAMEN AVE,41.80092,-87.704714,04/01/2018 03:12:00 PM,2018
CR00026778,03/14/2023 11:39:00 AM,45,CLOUDY/OVERCAST,DAWN,ANGLE,ONE-WAY,NO CONTROLS,DISTRACTION - FROM INSIDE VEHICLE,FAILING TO YIELD RIGHT-OF-WAY,0,0,0,0,11,3,3,1395,63RD ST,41.804034,-87.81691,03/14/2023 12:44:00 PM,2023
CR00026779,06/10/2022 12:15:00 PM,40,CLEAR,DAYLIGHT,PEDESTRIAN,FOUR WAY,NO CONTROLS,FAILING TO YIELD RIGHT-OF-WAY,FAILING TO REDUCE SPEED,0,0,0,0,12,6,6,2527,WESTERN AVE,41.944774,-87.712901,06/10/2022 01:29:00 PM,2022
CR00026780,07/02/2021 04:45:00 PM,35,CLEAR,DUSK,TURNING,FOUR WAY,STOP SIGN/FLASHER,UNABLE TO DETERMINE,IMPROPER LANE USAGE,0,0,0,0,16,6,7,440,STATE ST,41.847501,-87.51685,07/02/2021 05:03:00 PM,2021
CR00026781,11/06/2023 09:14:00 AM,40,FREEZING RAIN/DRIZZLE,DAYLIGHT,PARKED MOTOR VEHICLE,NOT DIVIDED,TRAFFIC SIGNAL,FAILING TO YIELD RIGHT-OF-WAY,IMPROPER OVERTAKING/PASSING,0,0,0,0,9,2,11,2521,DAMEN AVE,41.856829,-87.56965,11/06/2023 09:36:00 AM,2023
CR00026782,10/14/2022 05:11:00 PM,30,CLEAR,DUSK,SIDESWIPE SAME DIRECTION,NOT DIVIDED,TRAFFIC SIGNAL,UNABLE TO DETERMINE,NOT APPLICABLE,0,0,0,0,17,6,10,217,STATE ST,41.906279,-87.645581,10/14/2022 05:19:00 PM,2022
CR00026783,05/05/2021 09:58:00 AM,45,CLEAR,DAYLIGHT,ANGLE,NOT DIVIDED,TRAFFIC SIGNAL,UNABLE TO DETERMINE,FOLLOWING TOO CLOSELY,0,0,0,0,9,4,5,1876,PULASKI RD,41.97099,-87.529984,05/05/2021 11:43:00 AM,2021
CR00026784,03/07/2024 05:34:00 AM,40,CLEAR,DAYLIGHT,REAR END,DIVIDED - W/MEDIAN (NOT RAISED),UNKNOWN,UNABLE TO DETERMINE,WEATHER,0,0,0,0,5,5,3,902,STATE ST,41.811598,-87.67975,03/07/2024 06:55:00 AM,2024
CR00026785,10/15/2020 07:13:00 AM,30,CLOUDY/OVERCAST,DAYLIGHT,REAR END,NOT DIVIDED,NO CONTROLS,FOLLOWING TOO CLOSELY,IMPROPER LANE USAGE,0,0,1,1,7,5,10,2490,MICHIGAN AVE,41.786558,-87.794278,10/15/2020 07:17:00 AM,2020
CR00026786,10/02/2021 05:55:00 AM,35,CLEAR,DAYLIGHT,TURNING,NOT DIVIDED,STOP SIGN/FLASHER,UNABLE TO DETERMINE,FAILING TO YIELD RIGHT-OF-WAY,0,0,0,0,5,7,10,1167,79TH ST,41.869604,-87.592035,10/02/2021 06:43:00 AM,2021
CR00026787,08/16/2017 09:29:00 AM,30,CLEAR,DAYLIGHT,TURNING,NOT DIVIDED,NO CONTROLS,UNABLE TO DETERMINE,FAILING TO YIELD RIGHT-OF-WAY,0,0,1,1,9,4,8,2441,CICERO AVE,41.702492,-87.509932,08/16/2017 10:59:00 AM,2017
CR00026788,06/06/2022 01:41:00 AM,30,RAIN,DAYLIGHT,REAR END,NOT DIVIDED,NO CONTROLS,DRIVING SKILLS/KNOWLEDGE/EXPERIENCE,WEATHER,0,0,0,0,1,2,6,838,MILWAUKEE AVE,41.785758,-87.581974,06/06/2022 02:23:00 AM,2022
CR00026789,06/14/2019 04:13:00 PM,15,SNOW,DAYLIGHT,REAR END,DIVIDED - W/MEDIAN (NOT RAISED),TRAFFIC SIGNAL,IMPROPER OVERTAKING/PASSING,IMPROPER LANE USAGE,0,0,0,0,16,6,6,1959,ELSTON AVE,41.892384,-87.709375,06/14/2019 05:28:00 PM,2019
CR00026790,08/11/2023 10:23:00 AM,30,FOG/SMOKE/HAZE,DARKNESS - LIGHTED ROAD,TURNING,DIVIDED - W/MEDIAN BARRIER,NO CONTROLS,FAILING TO YIELD RIGHT-OF-WAY,FOLLOWING TOO CLOSELY,0,0,1,1,10,6,8,2061,ELSTON AVE,41.777773,-87.741661,08/11/2023 11:51:00 AM,2023
CR00026791,10/28/2023 12:14:00 AM,20,RAIN,DAYLIGHT,REAR END,NOT DIVIDED,NO CONTROLS,IMPROPER OVERTAKING/PASSING,UNABLE TO DETERMINE,0,0,0,0,0,7,10,1265,47TH ST,41.95529,-87.822373,10/28/2023 01:33:00 AM,2023
CR00026792,12/09/2019 05:49:00 PM,30,CLEAR,DAYLIGHT,REAR END,NOT DIVIDED,TRAFFIC SIGNAL,IMPROPER OVERTAKING/PASSING,IMPROPER LANE USAGE,0,0,0,0,17,2,12,460,KEDZIE AVE,41.922687,-87.557843,12/09/2019 06:03:00 PM,2019
CR00026793,01/29/2019 03:43:00 PM,20,RAIN,DAYLIGHT,SIDESWIPE SAME DIRECTION,NOT DIVIDED,STOP SIGN/FLASHER,UNABLE TO DETERMINE,NOT APPLICABLE,0,1,0,1,15,3,1,703,FULLERTON AVE,41.991119,-87.598022,01/29/2019 05:37:00 PM,2019
CR00026794,09/12/2021 03:07:00 PM,30,CLEAR,DAYLIGHT,REAR END,NOT DIVIDED,STOP SIGN/FLASHER,IMPROPER LANE USAGE,IMPROPER LANE USAGE,0,0,1,1,15,1,9,422,KEDZIE AVE,41.836377,-87.743996,09/12/2021 04:45:00 PM,2021
CR00026795,03/03/2016 10:50:00 AM,35,CLEAR,DAYLIGHT,PEDESTRIAN,DIVIDED - W/MEDIAN (NOT RAISED),TRAFFIC SIGNAL,IMPROPER OVERTAKING/PASSING,FOLLOWING TOO CLOSELY,0,0,1,1,10,5,3,2069,ASHLAND AVE,41.941152,-87.622544,03/03/2016 12:47:00 PM,2016
CR00026796,11/23/2022 05:59:00 PM,30,CLEAR,DAYLIGHT,REAR END,DIVIDED - W/MEDIAN BARRIER,NO CONTROLS,UNABLE TO DETERMINE,UNABLE TO DETERMINE,0,1,1,2,17,4,11,1939,ROOSEVELT RD,41.81326,-87.797865,11/23/2022 06:34:00 PM,2022
CR00026797,10/24/2016 08:54:00 PM,25,RAIN,DARKNESS - LIGHTED ROAD,PARKED MOTOR VEHICLE,DIVIDED - W/MEDIAN (NOT RAISED),NO CONTROLS,FAILING TO YIELD RIGHT-OF-WAY,UNABLE TO DETERMINE,0,0,0,0,20,2,10,565,BROADWAY,41.963203,-87.505012,10/24/2016 09:34:00 PM,2016
CR00026798,08/04/2021 03:33:00 PM,45,CLEAR,DARKNESS - LIGHTED ROAD,REAR END,DIVIDED - W/MEDIAN BARRIER,NO CONTROLS,IMPROPER LANE USAGE,NOT APPLICABLE,0,0,0,0,15,4,8,888,CLARK ST,41.820795,-87.719521,08/04/2021 04:20:00 PM,2021
CR00026799,12/02/2021 01:42:00 AM,20,CLEAR,DAYLIGHT,TURNING,NOT DIVIDED,NO CONTROLS,UNABLE TO DETERMINE,UNABLE TO DETERMINE,0,0,0,0,1,5,12,1784,MILWAUKEE AVE,41.968422,-87.669373,12/02/2021 01:55:00 AM,2021
CR00026800,05/18/2020 02:52:00 PM,30,CLEAR,DAYLIGHT,SIDESWIPE SAME DIRECTION,DIVIDED - W/MEDIAN (NOT RAISED),UNKNOWN,IMPROPER LANE USAGE,IMPROPER OVERTAKING/PASSING,0,0,0,0,14,2,5,781,STONY ISLAND AVE,41.817967,-87.607653,05/18/2020 03:23:00 PM,2020
CR00026801,09/16/2019 01:48:00 PM,15,CLEAR,DARKNESS,PARKED MOTOR VEHICLE,DIVIDED - W/MEDIAN BARRIER,STOP SIGN/FLASHER,FAILING TO YIELD RIGHT-OF-WAY,IMPROPER LANE USAGE,0,0,0,0,13,2,9,567,LAKE SHORE DR,41.896779,-87.535089,09/16/2019 02:42:00 PM,2019
CR00026802,04/09/2023 03:07:00 PM,25,CLEAR,DAYLIGHT,REAR TO FRONT,NOT DIVIDED,STOP SIGN/FLASHER,DRIVING SKILLS/KNOWLEDGE/EXPERIENCE,FOLLOWING TOO CLOSELY,0,0,0,0,15,1,4,2129,ROOSEVELT RD,41.790775,-87.513417,04/09/2023 03:43:00 PM,2023
CR00026803,03/06/2023 06:18:00 PM,25,CLEAR,DUSK,REAR END,ONE-WAY,YIELD,FAILING TO YIELD RIGHT-OF-WAY,UNABLE TO DETERMINE,0,0,0,0,18,2,3,1070,ASHLAND AVE,41.809541,-87.593802,03/06/2023 07:55:00 PM,2023
CR00026804,07/11/2024 12:24:00 PM,30,SNOW,DAYLIGHT,PARKED MOTOR VEHICLE,ONE-WAY,STOP SIGN/FLASHER,IMPROPER LANE USAGE,FOLLOWING TOO CLOSELY,0,0,0,0,12,5,7,611,PULASKI RD,41.999108,-87.656135,07/11/2024 01:22:00 PM,2024
CR00026805,01/20/2023 03:39:00 PM,30,CLEAR,DAYLIGHT,PARKED MOTOR VEHICLE,NOT DIVIDED,YIELD,UNABLE TO DETERMINE,DISTRACTION - FROM INSIDE VEHICLE,0,0,0,0,15,6,1,1748,79TH ST,41.99865,-87.62446,01/20/2023 04:31:00 PM,2023
CR00026806,02/11/2023 08:04:00 PM,20,CLEAR,DUSK,SIDESWIPE SAME DIRECTION,NOT DIVIDED,NO CONTROLS,DRIVING SKILLS/KNOWLEDGE/EXPERIENCE,NOT APPLICABLE,0,0,0,0,20,7,2,523,FULLERTON AVE,41.796856,-87.843124,02/11/2023 10:04:00 PM,2023
CR00026807,02/27/2024 04:57:00 AM,30,CLEAR,DARKNESS,REAR END,NOT DIVIDED,TRAFFIC SIGNAL,UNABLE TO DETERMINE,DISREGARDING TRAFFIC SIGNALS,0,0,0,0,4,3,2,2236,PULASKI RD,41.730719,-87.771207,02/27/2024 05:09:00 AM,2024
CR00026808,12/31/2021 11:32:00 AM,30,CLEAR,DAYLIGHT,REAR END,NOT DIVIDED,UNKNOWN,UNABLE TO DETERMINE,UNABLE TO DETERMINE,0,0,0,0,11,6,12,416,FULLERTON AVE,41.816518,-87.546287,12/31/2021 12:17:00 PM,2021
CR00026809,12/15/2018 11:15:00 AM,20,RAIN,DAYLIGHT,REAR END,ONE-WAY,TRAFFIC SIGNAL,UNABLE TO DETERMINE,IMPROPER OVERTAKING/PASSING,0,0,0,0,11,7,12,1479,ROOSEVELT RD,41.97047,-87.619374,12/15/2018 12:51:00 PM,2018
CR00026810,05/22/2024 02:14:00 PM,35,SNOW,DAYLIGHT,SIDESWIPE SAME DIRECTION,DIVIDED - W/MEDIAN (NOT RAISED),NO CONTROLS,FOLLOWING TOO CLOSELY,DRIVING SKILLS/KNOWLEDGE/EXPERIENCE,0,0,0,0,14,4,5,1352,CALIFORNIA AVE,41.714953,-87.599199,05/22/2024 02:31:00 PM,2024
CR00026811,01/01/2016 03:25:00 PM,45,CLEAR,DARKNESS - LIGHTED ROAD,REAR END,ONE-WAY,STOP SIGN/FLASHER,UNABLE TO DETERMINE,UNABLE TO DETERMINE,0,0,0,0,15,6,1,1378,KEDZIE AVE,41.72631,-87.648219,01/01/2016 03:51:00 PM,2016
CR00026812,08/21/2015 05:52:00 PM,30,CLEAR,DAYLIGHT,FIXED OBJECT,NOT DIVIDED,NO CONTROLS,FOLLOWING TOO CLOSELY,UNABLE TO DETERMINE,0,0,0,0,17,6,8,1166,DIVISION ST,41.932314,-87.6437,08/21/2015 06:49:00 PM,2015
CR00026813,06/30/2019 09:08:00 AM,20,CLOUDY/OVERCAST,DAYLIGHT,REAR END,DIVIDED - W/MEDIAN (NOT RAISED),STOP SIGN/FLASHER,IMPROPER OVERTAKING/PASSING,FAILING TO YIELD RIGHT-OF-WAY,0,0,0,0,9,1,6,696,ASHLAND AVE,41.900399,-87.62545,06/30/2019 10:07:00 AM,2019
CR00026814,03/01/2020 11:11:00 AM,25,CLEAR,DAYLIGHT,REAR TO FRONT,NOT DIVIDED,TRAFFIC SIGNAL,FAILING TO YIELD RIGHT-OF-WAY,FOLLOWING TOO CLOSELY,0,0,0,0,11,1,3,1142,BROADWAY,41.871818,-87.692302,03/01/2020 11:54:00 AM,2020
CR00026815,01/31/2015 03:17:00 AM,30,CLEAR,DARKNESS,TURNING,NOT DIVIDED,TRAFFIC SIGNAL,DISTRACTION - FROM INSIDE VEHICLE,FAILING TO YIELD RIGHT-OF-WAY,0,0,0,0,3,7,1,866,PULASKI RD,41.835574,-87.666373,01/31/2015 04:13:00 AM,2015
CR00026816,03/10/2023 12:41:00 PM,30,RAIN,DAYLIGHT,REAR END,DIVIDED - W/MEDIAN (NOT RAISED),STOP SIGN/FLASHER,DRIVING SKILLS/KNOWLEDGE/EXPERIENCE,UNABLE TO DETERMINE,0,0,0,0,12,6,3,335,ELSTON AVE,41.789601,-87.679613,03/10/2023 01:50:00 PM,2023
CR00026817,08/11/2016 12:08:00 AM,35,CLEAR,DARKNESS - LIGHTED ROAD,TURNING,NOT DIVIDED,NO CONTROLS,IMPROPER OVERTAKING/PASSING,IMPROPER LANE USAGE,0,0,0,0,0,5,8,622,OGDEN AVE,41.967347,-87.515767,08/11/2016 02:08:00 AM,2016
CR00026818,01/08/2021 04:20:00 PM,30,CLEAR,DAYLIGHT,SIDESWIPE SAME DIRECTION,ONE-WAY,NO CONTROLS,FOLLOWING TOO CLOSELY,NOT APPLICABLE,0,0,0,0,16,6,1,614,CALIFORNIA AVE,41.936124,-87.658065,01/08/2021 05:15:00 PM,2021
CR00026819,08/16/2017 08:43:00 AM,40,CLEAR,DARKNESS - LIGHTED ROAD,SIDESWIPE SAME DIRECTION,DIVIDED - W/MEDIAN BARRIER,NO CONTROLS,UNABLE TO DETERMINE,NOT APPLICABLE,0,0,0,0,8,4,8,2222,ARCHER AVE,41.727845,-87.587718,08/16/2017 08:58:00 AM,2017
CR00026820,07/12/2015 03:47:00 PM,45,SNOW,DAYLIGHT,PARKED MOTOR VEHICLE,FOUR WAY,NO CONTROLS,FOLLOWING TOO CLOSELY,UNABLE TO DETERMINE,0,0,0,0,15,1,7,2129,63RD ST,41.855961,-87.800447,07/12/2015 03:52:00 PM,2015
CR00026821,10/07/2018 08:42:00 AM,45,RAIN,DAYLIGHT,TURNING,ONE-WAY,NO CONTROLS,DRIVING SKILLS/KNOWLEDGE/EXPERIENCE,NOT APPLICABLE,0,0,0,0,8,1,10,1210,STONY ISLAND AVE,41.877003,-87.823915,10/07/2018 09:06:00 AM,2018
CR00026822,01/15/2022 10:27:00 PM,35,CLEAR,DAYLIGHT,SIDESWIPE SAME DIRECTION,T-INTERSECTION,NO CONTROLS,DISTRACTION - FROM INSIDE VEHICLE,UNABLE TO DETERMINE,0,0,0,0,22,7,1,420,PULASKI RD,41.765117,-87.599576,01/15/2022 10:35:00 PM,2022
CR00026823,06/11/2020 09:58:00 AM,40,CLEAR,DAYLIGHT,REAR END,NOT DIVIDED,TRAFFIC SIGNAL,FAILING TO REDUCE SPEED,UNABLE TO DETERMINE,0,0,0,0,9,5,6,1821,LAKE SHORE DR,41.762737,-87.781826,06/11/2020 11:22:00 AM,2020
CR00026824,11/07/2017 08:51:00 PM,30,RAIN,DAYLIGHT,ANGLE,DIVIDED - W/MEDIAN BARRIER,TRAFFIC SIGNAL,FOLLOWING TOO CLOSELY,WEATHER,0,0,0,0,20,3,11,2343,PULASKI RD,41.952056,-87.650968,11/07/2017 09:05:00 PM,2017
CR00026825,12/27/2023 08:16:00 AM,25,CLEAR,DAWN,REAR END,DIVIDED - W/MEDIAN BARRIER,NO CONTROLS,IMPROPER OVERTAKING/PASSING,DISREGARDING TRAFFIC SIGNALS,0,0,0,0,8,4,12,299,LAKE SHORE DR,41.755836,-87.724722,12/27/2023 08:32:00 AM,2023
CR00026826,06/04/2023 03:41:00 PM,25,FREEZING RAIN/DRIZZLE,DAYLIGHT,REAR END,DIVIDED - W/MEDIAN (NOT RAISED),STOP SIGN/FLASHER,FAILING TO REDUCE SPEED,UNABLE TO DETERMINE,0,0,0,0,15,1,6,1776,HALSTED ST,41.743959,-87.826192,06/04/2023 05:28:00 PM,2023