CRASH_RECORD_ID,CRASH_DATE,POSTED_SPEED_LIMIT,WEATHER_CONDITION,LIGHTING_CONDITION,FIRST_CRASH_TYPE,TRAFFICWAY_TYPE,TRAFFIC_CONTROL_DEVICE,PRIM_CONTRIBUTORY_CAUSE,SEC_CONTRIBUTORY_CAUSE,INJURIES_FATAL,INJURIES_INCAPACITATING,INJURIES_NON_INCAPACITATING,INJURIES_TOTAL,CRASH_HOUR,CRASH_DAY_OF_WEEK,CRASH_MONTH,BEAT_OF_OCCURRENCE,STREET_NAME,LATITUDE,LONGITUDE,DATE_POLICE_NOTIFIED,year
CR00026827,05/14/2017 10:26:00 PM,45,CLEAR,DARKNESS,REAR END,NOT DIVIDED,TRAFFIC SIGNAL,FAILING TO YIELD RIGHT-OF-WAY,DRIVING SKILLS/KNOWLEDGE/EXPERIENCE,0,0,1,1,22,1,5,2173,MILWAUKEE AVE,41.750715,-87.800298,05/14/2017 11:17:00 PM,2017
CR00026828,01/14/2017 07:09:00 AM,20,CLEAR,DAYLIGHT,REAR END,FOUR WAY,NO CONTROLS,DRIVING SKILLS/KNOWLEDGE/EXPERIENCE,FOLLOWING TOO CLOSELY,0,0,3,3,7,7,1,1549,LAKE SHORE DR,41.917268,-87.729904,01/14/2017 08:18:00 AM,2017
CR00026829,12/17/2017 05:09:00 PM,30,CLEAR,DAYLIGHT,TURNING,NOT DIVIDED,TRAFFIC SIGNAL,UNABLE TO DETERMINE,WEATHER,0,0,0,0,17,1,12,1312,STATE ST,41.829481,-87.633778,12/17/2017 05:48:00 PM,2017
CR00026830,05/21/2018 02:14:00 AM,45,CLEAR,DAYLIGHT,TURNING,DIVIDED - W/MEDIAN (NOT RAISED),UNKNOWN,UNABLE TO DETERMINE,NOT APPLICABLE,0,0,0,0,2,2,5,1294,MICHIGAN AVE,41.774314,-87.787642,05/21/2018 03:15:00 AM,2018
CR00026831,10/11/2019 04:50:00 PM,20,CLEAR,DAYLIGHT,REAR END,NOT DIVIDED,STOP SIGN/FLASHER,DISTRACTION - FROM INSIDE VEHICLE,UNABLE TO DETERMINE,0,0,0,0,16,6,10,1068,DAMEN AVE,41.741283,-87.728682,10/11/2019 05:07:00 PM,2019
CR00026832,04/16/2015 10:02:00 AM,15,CLEAR,DAYLIGHT,SIDESWIPE SAME DIRECTION,DIVIDED - W/MEDIAN (NOT RAISED),NO CONTROLS,UNABLE TO DETERMINE,UNABLE TO DETERMINE,0,0,0,0,10,5,4,1667,WESTERN AVE,41.973404,-87.838701,04/16/2015 11:20:00 AM,2015
CR00026833,08/27/2015 11:24:00 PM,35,CLEAR,DAYLIGHT,TURNING,ONE-WAY,NO CONTROLS,IMPROPER LANE USAGE,FOLLOWING TOO CLOSELY,0,0,0,0,23,5,8,498,STATE ST,41.945103,-87.71118,08/28/2015 12:33:00 AM,2015
CR00026834,04/13/2021 08:26:00 AM,25,RAIN,DAYLIGHT,REAR END,DIVIDED - W/MEDIAN (NOT RAISED),NO CONTROLS,IMPROPER LANE USAGE,FAILING TO YIELD RIGHT-OF-WAY,0,0,1,1,8,3,4,308,FULLERTON AVE,41.960816,-87.668017,04/13/2021 09:27:00 AM,2021
CR00026835,03/22/2021 12:29:00 AM,30,CLEAR,DARKNESS,TURNING,DIVIDED - W/MEDIAN (NOT RAISED),NO CONTROLS,DISTRACTION - FROM INSIDE VEHICLE,UNABLE TO DETERMINE,0,0,0,0,0,2,3,1866,47TH ST,41.75419,-87.749278,03/22/2021 02:04:00 AM,2021
CR00026836,02/13/2021 09:39:00 PM,30,CLEAR,DARKNESS - LIGHTED ROAD,ANGLE,DIVIDED - W/MEDIAN (NOT RAISED),NO CONTROLS,UNABLE TO DETERMINE,IMPROPER LANE USAGE,0,0,0,0,21,7,2,1429,CALIFORNIA AVE,41.723598,-87.761384,02/13/2021 10:51:00 PM,2021
CR00026837,06/23/2017 01:08:00 PM,45,CLEAR,DAYLIGHT,PEDESTRIAN,DIVIDED - W/MEDIAN (NOT RAISED),STOP SIGN/FLASHER,DISTRACTION - FROM INSIDE VEHICLE,NOT APPLICABLE,0,0,0,0,13,6,6,2126,IRVING PARK RD,41.813602,-87.783557,06/23/2017 01:22:00 PM,2017
CR00026838,07/11/2021 05:31:00 PM,35,RAIN,DARKNESS - LIGHTED ROAD,PARKED MOTOR VEHICLE,NOT DIVIDED,TRAFFIC SIGNAL,FOLLOWING TOO CLOSELY,FAILING TO REDUCE SPEED,0,0,0,0,17,1,7,1803,IRVING PARK RD,41.897352,-87.515054,07/11/2021 07:13:00 PM,2021
CR00026839,01/27/2017 06:40:00 PM,40,CLEAR,DAYLIGHT,SIDESWIPE SAME DIRECTION,NOT DIVIDED,TRAFFIC SIGNAL,UNABLE TO DETERMINE,DISREGARDING TRAFFIC SIGNALS,0,1,0,1,18,6,1,1619,HALSTED ST,41.785363,-87.735519,01/27/2017 08:32:00 PM,2017
CR00026840,09/27/2024 11:37:00 AM,40,CLEAR,DARKNESS - LIGHTED ROAD,SIDESWIPE SAME DIRECTION,ONE-WAY,TRAFFIC SIGNAL,DISTRACTION - FROM INSIDE VEHICLE,DISREGARDING TRAFFIC SIGNALS,0,0,3,3,11,6,9,2323,DIVISION ST,41.883219,-87.71761,09/27/2024 12:38:00 PM,2024
CR00026841,03/08/2015 02:20:00 PM,40,CLEAR,DAYLIGHT,SIDESWIPE SAME DIRECTION,FOUR WAY,NO CONTROLS,UNABLE TO DETERMINE,FOLLOWING TOO CLOSELY,0,0,1,1,14,1,3,486,47TH ST,41.890701,-87.616731,03/08/2015 03:02:00 PM,2015
CR00026842,07/24/2017 07:47:00 AM,45,CLEAR,DAYLIGHT,SIDESWIPE SAME DIRECTION,DIVIDED - W/MEDIAN BARRIER,STOP SIGN/FLASHER,FAILING TO YIELD RIGHT-OF-WAY,FOLLOWING TOO CLOSELY,0,0,1,1,7,2,7,900,ROOSEVELT RD,41.835864,-87.691346,07/24/2017 09:46:00 AM,2017
CR00026843,12/07/2018 04:30:00 PM,40,RAIN,DARKNESS - LIGHTED ROAD,TURNING,DIVIDED - W/MEDIAN (NOT RAISED),STOP SIGN/FLASHER,DRIVING SKILLS/KNOWLEDGE/EXPERIENCE,UNABLE TO DETERMINE,0,0,1,1,16,6,12,2447,BROADWAY,41.908272,-87.510966,12/07/2018 06:20:00 PM,2018
CR00026844,06/20/2016 11:50:00 AM,15,CLOUDY/OVERCAST,DARKNESS,REAR END,ONE-WAY,TRAFFIC SIGNAL,FAILING TO YIELD RIGHT-OF-WAY,DRIVING SKILLS/KNOWLEDGE/EXPERIENCE,0,0,0,0,11,2,6,1465,ARCHER AVE,41.804322,-87.528598,06/20/2016 11:56:00 AM,2016
CR00026845,09/10/2015 09:16:00 AM,20,CLEAR,DAYLIGHT,REAR END,NOT DIVIDED,STOP SIGN/FLASHER,FAILING TO YIELD RIGHT-OF-WAY,FAILING TO YIELD RIGHT-OF-WAY,0,0,0,0,9,5,9,2291,OGDEN AVE,41.828753,-87.750141,09/10/2015 10:14:00 AM,2015
CR00026846,04/16/2022 07:04:00 PM,30,CLEAR,DARKNESS - LIGHTED ROAD,REAR END,DIVIDED - W/MEDIAN (NOT RAISED),TRAFFIC SIGNAL,UNABLE TO DETERMINE,FOLLOWING TOO CLOSELY,0,0,0,0,19,7,4,2108,LAKE SHORE DR,41.811542,-87.778595,04/16/2022 07:54:00 PM,2022
CR00026847,09/28/2017 12:29:00 PM,30,CLEAR,DAYLIGHT,TURNING,DIVIDED - W/MEDIAN BARRIER,NO CONTROLS,UNABLE TO DETERMINE,FAILING TO REDUCE SPEED,0,0,0,0,12,5,9,1614,KEDZIE AVE,41.922004,-87.625487,09/28/2017 01:49:00 PM,2017
CR00026848,11/01/2018 05:16:00 PM,30,CLEAR,DAYLIGHT,SIDESWIPE SAME DIRECTION,DIVIDED - W/MEDIAN (NOT RAISED),NO CONTROLS,UNABLE TO DETERMINE,FAILING TO YIELD RIGHT-OF-WAY,0,2,0,2,17,5,11,2344,OGDEN AVE,41.746182,-87.633639,11/01/2018 07:00:00 PM,2018
CR00026849,09/29/2024 06:09:00 PM,30,CLOUDY/OVERCAST,DARKNESS - LIGHTED ROAD,REAR TO FRONT,T-INTERSECTION,UNKNOWN,FAILING TO YIELD RIGHT-OF-WAY,IMPROPER LANE USAGE,0,0,0,0,18,1,9,1614,STONY ISLAND AVE,41.915868,-87.70413,09/29/2024 07:35:00 PM,2024
CR00026850,03/20/2023 02:56:00 AM,35,CLEAR,DUSK,ANGLE,FOUR WAY,NO CONTROLS,DISREGARDING TRAFFIC SIGNALS,NOT APPLICABLE,0,0,0,0,2,2,3,1247,PULASKI RD,41.867673,-87.604018,03/20/2023 04:13:00 AM,2023
CR00026851,03/19/2022 10:23:00 AM,20,CLEAR,DARKNESS - LIGHTED ROAD,REAR END,DIVIDED - W/MEDIAN BARRIER,TRAFFIC SIGNAL,IMPROPER LANE USAGE,WEATHER,0,0,0,0,10,7,3,699,DAMEN AVE,41.749379,-87.668178,03/19/2022 12:15:00 PM,2022
CR00026852,10/14/2020 02:52:00 PM,30,CLEAR,DARKNESS - LIGHTED ROAD,ANGLE,DIVIDED - W/MEDIAN (NOT RAISED),TRAFFIC SIGNAL,WEATHER,IMPROPER LANE USAGE,0,0,0,0,14,4,10,686,ROOSEVELT RD,41.768422,-87.784977,10/14/2020 03:21:00 PM,2020
CR00026853,12/26/2019 08:49:00 AM,25,CLEAR,DAYLIGHT,PEDESTRIAN,NOT DIVIDED,NO CONTROLS,DISTRACTION - FROM INSIDE VEHICLE,FAILING TO REDUCE SPEED,0,0,0,0,8,5,12,370,CICERO AVE,41.945458,-87.618961,12/26/2019 08:58:00 AM,2019
CR00026854,08/10/2016 10:00:00 PM,25,CLEAR,DAYLIGHT,TURNING,ONE-WAY,TRAFFIC SIGNAL,DISTRACTION - FROM INSIDE VEHICLE,FOLLOWING TOO CLOSELY,0,0,0,0,22,4,8,963,DIVISION ST,41.761143,-87.690022,08/10/2016 11:19:00 PM,2016
CR00026855,06/20/2022 06:24:00 AM,25,FOG/SMOKE/HAZE,DARKNESS - LIGHTED ROAD,PARKED MOTOR VEHICLE,DIVIDED - W/MEDIAN BARRIER,NO CONTROLS,FOLLOWING TOO CLOSELY,DISTRACTION - FROM INSIDE VEHICLE,0,0,0,0,6,2,6,2448,BROADWAY,41.885708,-87.834481,06/20/2022 08:09:00 AM,2022
CR00026856,02/03/2021 04:12:00 AM,30,CLEAR,DARKNESS - LIGHTED ROAD,REAR TO FRONT,ONE-WAY,STOP SIGN/FLASHER,UNABLE TO DETERMINE,FOLLOWING TOO CLOSELY,0,0,0,0,4,4,2,1888,STATE ST,41.782895,-87.702697,02/03/2021 04:27:00 AM,2021
CR00026857,10/22/2017 08:17:00 AM,15,CLEAR,DARKNESS - LIGHTED ROAD,SIDESWIPE SAME DIRECTION,NOT DIVIDED,NO CONTROLS,IMPROPER LANE USAGE,UNABLE TO DETERMINE,0,0,0,0,8,1,10,1216,CALIFORNIA AVE,41.701026,-87.748013,10/22/2017 08:41:00 AM,2017
CR00026858,11/06/2022 06:33:00 PM,20,CLEAR,DARKNESS - LIGHTED ROAD,SIDESWIPE SAME DIRECTION,DIVIDED - W/MEDIAN BARRIER,NO CONTROLS,FOLLOWING TOO CLOSELY,FAILING TO YIELD RIGHT-OF-WAY,0,0,0,0,18,1,11,307,MILWAUKEE AVE,41.743329,-87.557224,11/06/2022 08:09:00 PM,2022
CR00026859,01/23/2023 07:02:00 AM,30,RAIN,DAYLIGHT,REAR END,NOT DIVIDED,TRAFFIC SIGNAL,WEATHER,FAILING TO YIELD RIGHT-OF-WAY,0,0,0,0,7,2,1,823,79TH ST,41.813612,-87.514164,01/23/2023 08:07:00 AM,2023
CR00026860,11/18/2024 08:49:00 PM,25,CLEAR,DARKNESS - LIGHTED ROAD,FIXED OBJECT,NOT DIVIDED,NO CONTROLS,FOLLOWING TOO CLOSELY,UNABLE TO DETERMINE,0,0,0,0,20,2,11,2526,FULLERTON AVE,41.927737,-87.768635,11/18/2024 09:43:00 PM,2024
CR00026861,10/25/2018 01:32:00 PM,35,CLEAR,DAYLIGHT,TURNING,NOT DIVIDED,NO CONTROLS,DRIVING SKILLS/KNOWLEDGE/EXPERIENCE,NOT APPLICABLE,0,0,0,0,13,5,10,1259,CALIFORNIA AVE,41.818585,-87.511226,10/25/2018 01:43:00 PM,2018
CR00026862,04/23/2018 10:56:00 AM,15,CLEAR,DAYLIGHT,REAR END,NOT DIVIDED,TRAFFIC SIGNAL,UNABLE TO DETERMINE,UNABLE TO DETERMINE,0,0,0,0,10,2,4,649,CLARK ST,41.704609,-87.769374,04/23/2018 10:58:00 AM,2018
CR00026863,10/25/2023 03:20:00 PM,30,CLEAR,DAYLIGHT,SIDESWIPE SAME DIRECTION,NOT DIVIDED,STOP SIGN/FLASHER,DISTRACTION - FROM INSIDE VEHICLE,FOLLOWING TOO CLOSELY,0,0,0,0,15,4,10,2479,OGDEN AVE,41.961414,-87.834021,10/25/2023 04:13:00 PM,2023
CR00026864,01/15/2024 07:55:00 AM,25,CLEAR,DAYLIGHT,ANGLE,DIVIDED - W/MEDIAN (NOT RAISED),TRAFFIC SIGNAL,FAILING TO REDUCE SPEED,FOLLOWING TOO CLOSELY,0,0,0,0,7,2,1,1229,ASHLAND AVE,41.894722,-87.625416,01/15/2024 08:44:00 AM,2024
CR00026865,04/08/2022 07:40:00 AM,35,CLEAR,DUSK,PARKED MOTOR VEHICLE,T-INTERSECTION,NO CONTROLS,IMPROPER OVERTAKING/PASSING,NOT APPLICABLE,0,0,0,0,7,6,4,535,FULLERTON AVE,41.753944,-87.7952,04/08/2022 08:42:00 AM,2022
CR00026866,08/14/2017 09:29:00 AM,35,CLEAR,DARKNESS - LIGHTED ROAD,PARKED MOTOR VEHICLE,FOUR WAY,NO CONTROLS,FAILING TO YIELD RIGHT-OF-WAY,FAILING TO YIELD RIGHT-OF-WAY,0,0,1,1,9,2,8,1291,ARCHER AVE,41.712755,-87.692512,08/14/2017 11:29:00 AM,2017
CR00026867,09/13/2022 02:25:00 PM,45,RAIN,DAYLIGHT,SIDESWIPE SAME DIRECTION,NOT DIVIDED,TRAFFIC SIGNAL,FAILING TO REDUCE SPEED,UNABLE TO DETERMINE,0,2,2,4,14,3,9,1559,DIVISION ST,41.819049,-87.845641,09/13/2022 04:12:00 PM,2022
CR00026868,04/17/2015 12:02:00 AM,35,CLEAR,DARKNESS - LIGHTED ROAD,ANGLE,NOT DIVIDED,TRAFFIC SIGNAL,IMPROPER OVERTAKING/PASSING,FOLLOWING TOO CLOSELY,0,0,0,0,0,6,4,2252,WESTERN AVE,41.75992,-87.849527,04/17/2015 01:55:00 AM,2015
CR00026869,06/16/2016 02:27:00 PM,45,CLEAR,DARKNESS,REAR END,ONE-WAY,UNKNOWN,DRIVING SKILLS/KNOWLEDGE/EXPERIENCE,FAILING TO YIELD RIGHT-OF-WAY,0,0,0,0,14,5,6,758,IRVING PARK RD,41.936693,-87.777586,06/16/2016 02:53:00 PM,2016
CR00026870,07/28/2021 10:29:00 AM,30,CLOUDY/OVERCAST,DAYLIGHT,ANGLE,DIVIDED - W/MEDIAN (NOT RAISED),TRAFFIC SIGNAL,UNABLE TO DETERMINE,UNABLE TO DETERMINE,0,0,0,0,10,4,7,2485,LAKE SHORE DR,41.98381,-87.739559,07/28/2021 10:44:00 AM,2021
CR00026871,09/04/2023 07:58:00 AM,25,CLOUDY/OVERCAST,DAYLIGHT,REAR END,DIVIDED - W/MEDIAN (NOT RAISED),NO CONTROLS,UNABLE TO DETERMINE,UNABLE TO DETERMINE,0,0,0,0,7,2,9,160,HALSTED ST,41.792203,-87.543714,09/04/2023 08:06:00 AM,2023
CR00026872,12/20/2020 10:39:00 AM,30,CLEAR,DAYLIGHT,TURNING,DIVIDED - W/MEDIAN (NOT RAISED),TRAFFIC SIGNAL,DRIVING SKILLS/KNOWLEDGE/EXPERIENCE,FOLLOWING TOO CLOSELY,0,0,0,0,10,1,12,2122,CICERO AVE,41.988641,-87.72301,12/20/2020 11:01:00 AM,2020
CR00026873,10/22/2024 01:43:00 PM,30,CLEAR,DAYLIGHT,REAR TO FRONT,NOT DIVIDED,STOP SIGN/FLASHER,FOLLOWING TOO CLOSELY,FAILING TO YIELD RIGHT-OF-WAY,0,0,0,0,13,3,10,1127,ROOSEVELT RD,41.771715,-87.688851,10/22/2024 02:56:00 PM,2024
CR00026874,10/29/2024 03:33:00 PM,30,CLEAR,DAYLIGHT,TURNING,NOT DIVIDED,TRAFFIC SIGNAL,DRIVING SKILLS/KNOWLEDGE/EXPERIENCE,UNABLE TO DETERMINE,0,0,0,0,15,3,10,1755,ARCHER AVE,41.720083,-87.745786,10/29/2024 05:14:00 PM,2024
CR00026875,04/07/2016 06:01:00 PM,30,CLOUDY/OVERCAST,DAYLIGHT,ANGLE,ONE-WAY,UNKNOWN,DISREGARDING TRAFFIC SIGNALS,NOT APPLICABLE,0,0,0,0,18,5,4,1525,LAKE SHORE DR,41.711196,-87.832388,04/07/2016 06:23:00 PM,2016
CR00026876,11/11/2023 08:14:00 AM,30,CLEAR,DAYLIGHT,REAR TO FRONT,NOT DIVIDED,TRAFFIC SIGNAL,UNABLE TO DETERMINE,NOT APPLICABLE,0,0,0,0,8,7,11,1826,63RD ST,41.805497,-87.6085,11/11/2023 09:51:00 AM,2023
CR00026877,08/27/2024 04:18:00 PM,30,CLEAR,DAYLIGHT,REAR END,NOT DIVIDED,UNKNOWN,FOLLOWING TOO CLOSELY,UNABLE TO DETERMINE,0,0,2,2,16,3,8,915,STATE ST,41.834224,-87.532192,08/27/2024 05:45:00 PM,2024
CR00026878,01/31/2023 02:44:00 PM,25,CLEAR,DAYLIGHT,REAR END,NOT DIVIDED,UNKNOWN,DRIVING SKILLS/KNOWLEDGE/EXPERIENCE,DISTRACTION - FROM INSIDE VEHICLE,0,0,0,0,14,3,1,1217,IRVING PARK RD,41.994603,-87.679768,01/31/2023 04:17:00 PM,2023
CR00026879,05/12/2023 11:59:00 AM,30,CLEAR,DAYLIGHT,REAR END,FOUR WAY,NO CONTROLS,UNABLE TO DETERMINE,UNABLE TO DETERMINE,0,0,0,0,11,6,5,289,PULASKI RD,41.899565,-87.634156,05/12/2023 12:39:00 PM,2023
CR00026880,04/27/2015 05:16:00 PM,30,CLEAR,DAYLIGHT,SIDESWIPE SAME DIRECTION,DIVIDED - W/MEDIAN (NOT RAISED),TRAFFIC SIGNAL,UNABLE TO DETERMINE,UNABLE TO DETERMINE,0,0,0,0,17,2,4,345,BROADWAY,41.929948,-87.637067,04/27/2015 06:30:00 PM,2015
CR00026881,01/15/2021 11:30:00 PM,40,CLEAR,DAYLIGHT,ANGLE,NOT DIVIDED,YIELD,WEATHER,FAILING TO YIELD RIGHT-OF-WAY,0,0,0,0,23,6,1,1367,FULLERTON AVE,41.967486,-87.645826,01/15/2021 11:51:00 PM,2021
CR00026882,12/12/2024 04:57:00 PM,35,CLEAR,DAYLIGHT,SIDESWIPE SAME DIRECTION,T-INTERSECTION,YIELD,DISTRACTION - FROM INSIDE VEHICLE,NOT APPLICABLE,0,0,0,0,16,5,12,657,ELSTON AVE,41.726241,-87.772711,12/12/2024 06:27:00 PM,2024
CR00026883,09/15/2016 07:21:00 AM,25,CLEAR,DAYLIGHT,PARKED MOTOR VEHICLE,FOUR WAY,TRAFFIC SIGNAL,DRIVING SKILLS/KNOWLEDGE/EXPERIENCE,IMPROPER LANE USAGE,0,0,0,0,7,5,9,1490,CLARK ST,41.700175,-87.575398,09/15/2016 09:00:00 AM,2016
CR00026884,01/31/2015 06:06:00 PM,30,CLEAR,DAYLIGHT,REAR END,ONE-WAY,NO CONTROLS,FAILING TO YIELD RIGHT-OF-WAY,WEATHER,0,1,2,3,18,7,1,1082,CLARK ST,41.821763,-87.81011,01/31/2015 07:15:00 PM,2015
CR00026885,09/24/2024 03:38:00 AM,35,CLEAR,DAYLIGHT,FIXED OBJECT,DIVIDED - W/MEDIAN (NOT RAISED),NO CONTROLS,UNABLE TO DETERMINE,NOT APPLICABLE,0,0,0,0,3,3,9,576,BROADWAY,41.798361,-87.533716,09/24/2024 04:57:00 AM,2024
CR00026886,10/14/2022 05:35:00 PM,15,FREEZING RAIN/DRIZZLE,DAYLIGHT,TURNING,ONE-WAY,NO CONTROLS,DRIVING SKILLS/KNOWLEDGE/EXPERIENCE,FOLLOWING TOO CLOSELY,0,0,0,0,17,6,10,692,WESTERN AVE,41.847211,-87.77699,10/14/2022 06:11:00 PM,2022
CR00026887,01/06/2020 05:30:00 PM,25,CLEAR,DARKNESS - LIGHTED ROAD,ANGLE,NOT DIVIDED,NO CONTROLS,IMPROPER OVERTAKING/PASSING,UNABLE TO DETERMINE,0,0,0,0,17,2,1,1768,ELSTON AVE,41.952651,-87.819029,01/06/2020 06:07:00 PM,2020
CR00026888,10/13/2017 08:12:00 PM,30,RAIN,DAYLIGHT,REAR END,FOUR WAY,STOP SIGN/FLASHER,FOLLOWING TOO CLOSELY,FOLLOWING TOO CLOSELY,0,1,0,1,20,6,10,956,CICERO AVE,41.888778,-87.558481,10/13/2017 08:52:00 PM,2017
CR00026889,01/28/2024 08:20:00 AM,35,SNOW,DAYLIGHT,TURNING,ONE-WAY,NO CONTROLS,UNABLE TO DETERMINE,IMPROPER LANE USAGE,0,0,0,0,8,1,1,1832,MICHIGAN AVE,41.718433,-87.506961,01/28/2024 10:08:00 AM,2024
CR00026890,01/27/2016 09:33:00 AM,40,CLEAR,DAYLIGHT,REAR END,DIVIDED - W/MEDIAN BARRIER,TRAFFIC SIGNAL,UNABLE TO DETERMINE,FOLLOWING TOO CLOSELY,0,2,1,3,9,4,1,580,WESTERN AVE,41.988167,-87.608194,01/27/2016 10:24:00 AM,2016
CR00026891,07/06/2015 03:55:00 PM,35,CLEAR,DAYLIGHT,TURNING,NOT DIVIDED,STOP SIGN/FLASHER,UNABLE TO DETERMINE,FAILING TO YIELD RIGHT-OF-WAY,0,0,0,0,15,2,7,943,ROOSEVELT RD,41.996068,-87.82166,07/06/2015 03:59:00 PM,2015
CR00026892,01/12/2019 03:06:00 PM,15,CLEAR,DARKNESS - LIGHTED ROAD,PEDESTRIAN,ONE-WAY,STOP SIGN/FLASHER,UNABLE TO DETERMINE,UNABLE TO DETERMINE,0,0,0,0,15,7,1,527,DAMEN AVE,41.913818,-87.550372,01/12/2019 03:59:00 PM,2019
CR00026893,04/12/2016 08:44:00 AM,30,CLEAR,DAYLIGHT,TURNING,DIVIDED - W/MEDIAN (NOT RAISED),NO CONTROLS,FAILING TO REDUCE SPEED,FAILING TO YIELD RIGHT-OF-WAY,0,0,0,0,8,3,4,1532,DIVISION ST,41.872241,-87.826698,04/12/2016 09:38:00 AM,2016
CR00026894,03/07/2022 07:09:00 PM,30,CLEAR,DARKNESS,REAR END,FOUR WAY,NO CONTROLS,UNABLE TO DETERMINE,UNABLE TO DETERMINE,0,0,0,0,19,2,3,1371,79TH ST,41.80637,-87.541728,03/07/2022 09:06:00 PM,2022
CR00026895,03/27/2017 07:14:00 AM,25,SNOW,DARKNESS - LIGHTED ROAD,TURNING,NOT DIVIDED,TRAFFIC SIGNAL,DRIVING SKILLS/KNOWLEDGE/EXPERIENCE,DISREGARDING TRAFFIC SIGNALS,0,0,0,0,7,2,3,1913,DIVISION ST,41.815406,-87.764607,03/27/2017 07:24:00 AM,2017
CR00026896,04/08/2017 03:17:00 PM,15,CLEAR,DARKNESS - LIGHTED ROAD,REAR END,DIVIDED - W/MEDIAN (NOT RAISED),TRAFFIC SIGNAL,FAILING TO REDUCE SPEED,FAILING TO YIELD RIGHT-OF-WAY,0,0,0,0,15,7,4,1483,63RD ST,41.949483,-87.588954,04/08/2017 04:04:00 PM,2017
CR00026897,06/10/2017 08:33:00 AM,20,CLEAR,DARKNESS - LIGHTED ROAD,PARKED MOTOR VEHICLE,DIVIDED - W/MEDIAN (NOT RAISED),TRAFFIC SIGNAL,DISTRACTION - FROM INSIDE VEHICLE,UNABLE TO DETERMINE,0,0,0,0,8,7,6,1571,WESTERN AVE,41.833472,-87.826819,06/10/2017 09:55:00 AM,2017
CR00026898,08/23/2019 03:36:00 PM,20,RAIN,DAYLIGHT,TURNING,ONE-WAY,NO CONTROLS,DISREGARDING TRAFFIC SIGNALS,IMPROPER OVERTAKING/PASSING,0,0,0,0,15,6,8,279,ARCHER AVE,41.895912,-87.831262,08/23/2019 05:08:00 PM,2019
CR00026899,06/15/2017 08:14:00 AM,30,CLEAR,DAYLIGHT,ANGLE,FOUR WAY,STOP SIGN/FLASHER,DISREGARDING TRAFFIC SIGNALS,UNABLE TO DETERMINE,0,0,0,0,8,5,6,845,STATE ST,41.956562,-87.556536,06/15/2017 08:51:00 AM,2017
CR00026900,02/16/2015 03:15:00 PM,30,CLEAR,DARKNESS - LIGHTED ROAD,PARKED MOTOR VEHICLE,DIVIDED - W/MEDIAN (NOT RAISED),YIELD,DRIVING SKILLS/KNOWLEDGE/EXPERIENCE,NOT APPLICABLE,0,0,1,1,15,2,2,1906,BROADWAY,41.714901,-87.53866,02/16/2015 03:51:00 PM,2015
CR00026901,10/08/2020 04:47:00 PM,35,CLEAR,DUSK,TURNING,DIVIDED - W/MEDIAN (NOT RAISED),UNKNOWN,UNABLE TO DETERMINE,NOT APPLICABLE,0,0,0,0,16,5,10,2507,PULASKI RD,41.731874,-87.754582,10/08/2020 04:52:00 PM,2020
CR00026902,06/04/2017 02:48:00 AM,35,CLOUDY/OVERCAST,DAYLIGHT,REAR TO FRONT,NOT DIVIDED,TRAFFIC SIGNAL,IMPROPER OVERTAKING/PASSING,FAILING TO YIELD RIGHT-OF-WAY,0,0,0,0,2,1,6,1845,STATE ST,41.97087,-87.575631,06/04/2017 02:53:00 AM,2017
CR00026903,06/10/2018 07:27:00 AM,30,CLEAR,DAYLIGHT,REAR END,DIVIDED - W/MEDIAN BARRIER,NO CONTROLS,DRIVING SKILLS/KNOWLEDGE/EXPERIENCE,DISTRACTION - FROM INSIDE VEHICLE,0,0,0,0,7,1,6,362,DAMEN AVE,41.733635,-87.587596,06/10/2018 09:13:00 AM,2018
CR00026904,06/12/2017 10:00:00 PM,20,CLOUDY/OVERCAST,DARKNESS - LIGHTED ROAD,REAR END,NOT DIVIDED,NO CONTROLS,DRIVING SKILLS/KNOWLEDGE/EXPERIENCE,FAILING TO YIELD RIGHT-OF-WAY,0,0,1,1,22,2,6,2161,DAMEN AVE,41.773861,-87.767068,06/12/2017 10:58:00 PM,2017
CR00026905,05/17/2016 10:43:00 AM,30,CLEAR,DAYLIGHT,TURNING,ONE-WAY,STOP SIGN/FLASHER,FOLLOWING TOO CLOSELY,DRIVING SKILLS/KNOWLEDGE/EXPERIENCE,0,0,0,0,10,3,5,925,STONY ISLAND AVE,41.774912,-87.540087,05/17/2016 11:43:00 AM,2016
CR00026906,02/14/2016 07:51:00 AM,30,RAIN,DAYLIGHT,PARKED MOTOR VEHICLE,NOT DIVIDED,TRAFFIC SIGNAL,FOLLOWING TOO CLOSELY,FOLLOWING TOO CLOSELY,0,0,0,0,7,1,2,876,ELSTON AVE,41.782272,-87.67459,02/14/2016 08:30:00 AM,2016
CR00026907,02/09/2018 05:21:00 PM,30,CLEAR,DAYLIGHT,SIDESWIPE SAME DIRECTION,NOT DIVIDED,NO CONTROLS,FOLLOWING TOO CLOSELY,UNABLE TO DETERMINE,0,0,2,2,17,6,2,1418,PULASKI RD,41.789938,-87.761012,02/09/2018 05:37:00 PM,2018