CRASH_RECORD_ID,CRASH_DATE,POSTED_SPEED_LIMIT,WEATHER_CONDITION,LIGHTING_CONDITION,FIRST_CRASH_TYPE,TRAFFICWAY_TYPE,TRAFFIC_CONTROL_DEVICE,PRIM_CONTRIBUTORY_CAUSE,SEC_CONTRIBUTORY_CAUSE,INJURIES_FATAL,INJURIES_INCAPACITATING,INJURIES_NON_INCAPACITATING,INJURIES_TOTAL,CRASH_HOUR,CRASH_DAY_OF_WEEK,CRASH_MONTH,BEAT_OF_OCCURRENCE,STREET_NAME,LATITUDE,LONGITUDE,DATE_POLICE_NOTIFIED,year
CR00026908,08/01/2020 01:20:00 PM,45,CLEAR,DARKNESS - LIGHTED ROAD,FIXED OBJECT,DIVIDED - W/MEDIAN (NOT RAISED),TRAFFIC SIGNAL,FOLLOWING TOO CLOSELY,DISTRACTION - FROM INSIDE VEHICLE,0,0,0,0,13,7,8,1302,WESTERN AVE,41.744819,-87.673302,08/01/2020 01:47:00 PM,2020
CR00026909,02/27/2015 06:08:00 PM,45,RAIN,DAYLIGHT,REAR TO FRONT,DIVIDED - W/MEDIAN BARRIER,NO CONTROLS,UNABLE TO DETERMINE,NOT APPLICABLE,0,0,0,0,18,6,2,657,CALIFORNIA AVE,41.933267,-87.507616,02/27/2015 06:09:00 PM,2015
CR00026910,01/19/2021 07:25:00 AM,25,CLEAR,DUSK,REAR TO FRONT,DIVIDED - W/MEDIAN (NOT RAISED),YIELD,UNABLE TO DETERMINE,FOLLOWING TOO CLOSELY,0,0,0,0,7,3,1,1918,IRVING PARK RD,41.864744,-87.756624,01/19/2021 07:35:00 AM,2021
CR00026911,03/11/2018 01:00:00 PM,30,CLEAR,DARKNESS - LIGHTED ROAD,ANGLE,DIVIDED - W/MEDIAN BARRIER,TRAFFIC SIGNAL,UNABLE TO DETERMINE,NOT APPLICABLE,0,0,0,0,13,1,3,1812,ELSTON AVE,41.719288,-87.806009,03/11/2018 02:41:00 PM,2018
CR00026912,05/31/2015 07:33:00 PM,20,RAIN,DAYLIGHT,PARKED MOTOR VEHICLE,DIVIDED - W/MEDIAN BARRIER,NO CONTROLS,DRIVING SKILLS/KNOWLEDGE/EXPERIENCE,FAILING TO YIELD RIGHT-OF-WAY,0,0,1,1,19,1,5,383,STONY ISLAND AVE,41.80256,-87.641312,05/31/2015 07:47:00 PM,2015
CR00026913,01/25/2018 04:15:00 PM,45,CLEAR,DAYLIGHT,PARKED MOTOR VEHICLE,ONE-WAY,TRAFFIC SIGNAL,UNABLE TO DETERMINE,FAILING TO YIELD RIGHT-OF-WAY,0,0,0,0,16,5,1,2250,ELSTON AVE,41.888867,-87.519979,01/25/2018 04:54:00 PM,2018
CR00026914,04/26/2023 05:30:00 AM,40,FREEZING RAIN/DRIZZLE,DARKNESS - LIGHTED ROAD,REAR END,NOT DIVIDED,NO CONTROLS,IMPROPER LANE USAGE,UNABLE TO DETERMINE,0,1,1,2,5,4,4,2354,WESTERN AVE,41.724254,-87.523682,04/26/2023 07:23:00 AM,2023
CR00026915,08/08/2020 02:02:00 AM,30,RAIN,DAYLIGHT,SIDESWIPE SAME DIRECTION,DIVIDED - W/MEDIAN (NOT RAISED),UNKNOWN,FOLLOWING TOO CLOSELY,FOLLOWING TOO CLOSELY,0,0,0,0,2,7,8,2098,FULLERTON AVE,41.71949,-87.750908,08/08/2020 03:01:00 AM,2020
CR00026916,07/21/2024 03:31:00 PM,30,CLEAR,DUSK,FIXED OBJECT,NOT DIVIDED,STOP SIGN/FLASHER,DRIVING SKILLS/KNOWLEDGE/EXPERIENCE,FOLLOWING TOO CLOSELY,0,0,0,0,15,1,7,1920,ELSTON AVE,41.942935,-87.763717,07/21/2024 04:14:00 PM,2024
CR00026917,02/15/2019 07:01:00 AM,30,CLEAR,DARKNESS - LIGHTED ROAD,ANGLE,NOT DIVIDED,PEDESTRIAN CROSSING SIGN,UNABLE TO DETERMINE,FOLLOWING TOO CLOSELY,0,0,0,0,7,6,2,476,ARCHER AVE,41.737409,-87.741462,02/15/2019 07:58:00 AM,2019
CR00026918,05/15/2019 04:12:00 AM,30,CLEAR,DAYLIGHT,PARKED MOTOR VEHICLE,NOT DIVIDED,NO CONTROLS,DRIVING SKILLS/KNOWLEDGE/EXPERIENCE,NOT APPLICABLE,0,0,0,0,4,4,5,2149,KEDZIE AVE,41.867913,-87.640606,05/15/2019 04:43:00 AM,2019
CR00026919,06/12/2015 09:02:00 AM,30,CLEAR,DARKNESS,PARKED MOTOR VEHICLE,DIVIDED - W/MEDIAN BARRIER,STOP SIGN/FLASHER,UNABLE TO DETERMINE,FOLLOWING TOO CLOSELY,0,0,0,0,9,6,6,816,IRVING PARK RD,41.767485,-87.646306,06/12/2015 09:09:00 AM,2015
CR00026920,06/12/2024 06:20:00 PM,20,CLEAR,DARKNESS - LIGHTED ROAD,PEDESTRIAN,DIVIDED - W/MEDIAN (NOT RAISED),NO CONTROLS,FAILING TO YIELD RIGHT-OF-WAY,FAILING TO YIELD RIGHT-OF-WAY,0,0,2,2,18,4,6,329,FULLERTON AVE,41.803773,-87.665607,06/12/2024 07:30:00 PM,2024
CR00026921,02/06/2015 08:24:00 PM,40,CLEAR,DAYLIGHT,PARKED MOTOR VEHICLE,NOT DIVIDED,NO CONTROLS,UNABLE TO DETERMINE,FOLLOWING TOO CLOSELY,0,0,2,2,20,6,2,1818,IRVING PARK RD,41.8349,-87.739616,02/06/2015 09:23:00 PM,2015
CR00026922,06/12/2019 08:02:00 AM,45,CLEAR,DUSK,ANGLE,DIVIDED - W/MEDIAN BARRIER,TRAFFIC SIGNAL,IMPROPER LANE USAGE,DRIVING SKILLS/KNOWLEDGE/EXPERIENCE,0,0,0,0,8,4,6,917,STATE ST,41.99358,-87.844483,06/12/2019 08:56:00 AM,2019
CR00026923,03/03/2022 02:18:00 PM,35,RAIN,DARKNESS - LIGHTED ROAD,REAR END,NOT DIVIDED,NO CONTROLS,UNABLE TO DETERMINE,IMPROPER OVERTAKING/PASSING,0,0,0,0,14,5,3,2467,PULASKI RD,41.763245,-87.626998,03/03/2022 02:31:00 PM,2022
CR00026924,09/23/2021 05:37:00 AM,15,CLEAR,DAYLIGHT,ANGLE,NOT DIVIDED,NO CONTROLS,DISREGARDING TRAFFIC SIGNALS,UNABLE TO DETERMINE,0,0,0,0,5,5,9,1013,WESTERN AVE,41.85355,-87.52609,09/23/2021 06:52:00 AM,2021
CR00026925,03/06/2015 08:19:00 PM,25,RAIN,DAYLIGHT,SIDESWIPE SAME DIRECTION,DIVIDED - W/MEDIAN BARRIER,STOP SIGN/FLASHER,UNABLE TO DETERMINE,FOLLOWING TOO CLOSELY,0,0,0,0,20,6,3,2416,CLARK ST,41.803874,-87.584995,03/06/2015 08:33:00 PM,2015
CR00026926,02/13/2024 10:08:00 AM,40,CLEAR,DARKNESS - LIGHTED ROAD,SIDESWIPE SAME DIRECTION,DIVIDED - W/MEDIAN BARRIER,TRAFFIC SIGNAL,UNABLE TO DETERMINE,NOT APPLICABLE,0,0,0,0,10,3,2,1845,63RD ST,41.998332,-87.505165,02/13/2024 11:55:00 AM,2024
CR00026927,06/30/2019 06:01:00 PM,25,CLOUDY/OVERCAST,DARKNESS - LIGHTED ROAD,REAR END,NOT DIVIDED,NO CONTROLS,DRIVING SKILLS/KNOWLEDGE/EXPERIENCE,UNABLE TO DETERMINE,0,0,0,0,18,1,6,1726,ROOSEVELT RD,41.754233,-87.656535,06/30/2019 06:02:00 PM,2019
CR00026928,02/05/2019 04:58:00 AM,30,CLEAR,DAWN,REAR END,DIVIDED - W/MEDIAN (NOT RAISED),NO CONTROLS,FOLLOWING TOO CLOSELY,DISTRACTION - FROM INSIDE VEHICLE,0,0,0,0,4,3,2,2458,47TH ST,41.847683,-87.728438,02/05/2019 06:43:00 AM,2019
CR00026929,12/05/2024 08:56:00 AM,20,CLEAR,DAYLIGHT,REAR TO FRONT,DIVIDED - W/MEDIAN (NOT RAISED),UNKNOWN,FAILING TO YIELD RIGHT-OF-WAY,DISREGARDING TRAFFIC SIGNALS,0,0,0,0,8,5,12,187,ARCHER AVE,41.804867,-87.584229,12/05/2024 09:20:00 AM,2024
CR00026930,04/28/2023 12:34:00 PM,40,FOG/SMOKE/HAZE,DAYLIGHT,SIDESWIPE SAME DIRECTION,T-INTERSECTION,YIELD,DISTRACTION - FROM INSIDE VEHICLE,IMPROPER LANE USAGE,0,0,0,0,12,6,4,1929,ASHLAND AVE,41.73585,-87.51688,04/28/2023 02:33:00 PM,2023
CR00026931,03/05/2018 11:23:00 AM,30,CLEAR,DARKNESS - LIGHTED ROAD,REAR END,NOT DIVIDED,NO CONTROLS,UNABLE TO DETERMINE,UNABLE TO DETERMINE,0,0,0,0,11,2,3,1442,STONY ISLAND AVE,41.724884,-87.73214,03/05/2018 12:48:00 PM,2018
CR00026932,06/23/2021 02:21:00 PM,15,CLEAR,DAYLIGHT,REAR END,FOUR WAY,NO CONTROLS,UNABLE TO DETERMINE,DRIVING SKILLS/KNOWLEDGE/EXPERIENCE,0,0,0,0,14,4,6,1170,47TH ST,41.788541,-87.560701,06/23/2021 03:20:00 PM,2021
CR00026933,12/13/2020 08:11:00 PM,35,SNOW,DAYLIGHT,REAR END,FOUR WAY,TRAFFIC SIGNAL,UNABLE TO DETERMINE,UNABLE TO DETERMINE,0,0,0,0,20,1,12,1003,CICERO AVE,41.944851,-87.740599,12/13/2020 08:36:00 PM,2020
CR00026934,04/08/2024 02:41:00 PM,35,CLOUDY/OVERCAST,DAYLIGHT,SIDESWIPE SAME DIRECTION,FOUR WAY,TRAFFIC SIGNAL,DRIVING SKILLS/KNOWLEDGE/EXPERIENCE,DRIVING SKILLS/KNOWLEDGE/EXPERIENCE,0,0,0,0,14,2,4,701,IRVING PARK RD,41.919836,-87.688962,04/08/2024 04:38:00 PM,2024
CR00026935,11/26/2023 05:55:00 PM,30,RAIN,DAWN,TURNING,ONE-WAY,NO CONTROLS,FAILING TO YIELD RIGHT-OF-WAY,NOT APPLICABLE,0,0,0,0,17,1,11,1368,ARCHER AVE,41.804888,-87.615485,11/26/2023 06:09:00 PM,2023
CR00026936,12/26/2019 10:36:00 PM,25,CLEAR,DAYLIGHT,ANGLE,FOUR WAY,NO CONTROLS,DRIVING SKILLS/KNOWLEDGE/EXPERIENCE,DISREGARDING TRAFFIC SIGNALS,0,0,0,0,22,5,12,1609,ARCHER AVE,41.894005,-87.603961,12/27/2019 12:24:00 AM,2019
CR00026937,10/22/2017 08:10:00 AM,30,CLEAR,DAYLIGHT,REAR END,ONE-WAY,NO CONTROLS,UNABLE TO DETERMINE,FOLLOWING TOO CLOSELY,0,0,0,0,8,1,10,699,DIVISION ST,41.874064,-87.744118,10/22/2017 08:17:00 AM,2017
CR00026938,04/09/2022 07:14:00 AM,30,CLEAR,DAYLIGHT,REAR END,T-INTERSECTION,STOP SIGN/FLASHER,IMPROPER OVERTAKING/PASSING,NOT APPLICABLE,0,0,0,0,7,7,4,1037,ROOSEVELT RD,41.897864,-87.566214,04/09/2022 07:41:00 AM,2022
CR00026939,04/10/2015 05:38:00 PM,30,CLEAR,DUSK,REAR END,DIVIDED - W/MEDIAN (NOT RAISED),STOP SIGN/FLASHER,DISREGARDING TRAFFIC SIGNALS,DISREGARDING TRAFFIC SIGNALS,0,0,0,0,17,6,4,1444,ARCHER AVE,41.88654,-87.567981,04/10/2015 06:33:00 PM,2015
CR00026940,09/22/2023 09:11:00 AM,30,SNOW,DAYLIGHT,TURNING,NOT DIVIDED,UNKNOWN,UNABLE TO DETERMINE,UNABLE TO DETERMINE,0,0,0,0,9,6,9,568,STATE ST,41.824242,-87.584456,09/22/2023 10:13:00 AM,2023
CR00026941,07/31/2020 08:27:00 AM,30,CLEAR,DAWN,REAR END,DIVIDED - W/MEDIAN BARRIER,TRAFFIC SIGNAL,FAILING TO YIELD RIGHT-OF-WAY,UNABLE TO DETERMINE,0,0,0,0,8,6,7,2006,BROADWAY,41.778665,-87.535012,07/31/2020 08:49:00 AM,2020
CR00026942,11/05/2024 04:37:00 PM,40,FOG/SMOKE/HAZE,DARKNESS - LIGHTED ROAD,SIDESWIPE SAME DIRECTION,NOT DIVIDED,TRAFFIC SIGNAL,FAILING TO YIELD RIGHT-OF-WAY,UNABLE TO DETERMINE,0,0,0,0,16,3,11,1425,CLARK ST,41.872959,-87.713143,11/05/2024 04:55:00 PM,2024
CR00026943,03/13/2019 04:49:00 PM,30,CLEAR,DAYLIGHT,TURNING,FOUR WAY,TRAFFIC SIGNAL,FOLLOWING TOO CLOSELY,NOT APPLICABLE,0,0,0,0,16,4,3,1844,CALIFORNIA AVE,41.847931,-87.516522,03/13/2019 06:07:00 PM,2019
CR00026944,03/10/2023 11:51:00 PM,40,CLEAR,DARKNESS - LIGHTED ROAD,SIDESWIPE SAME DIRECTION,NOT DIVIDED,TRAFFIC SIGNAL,FAILING TO YIELD RIGHT-OF-WAY,FAILING TO YIELD RIGHT-OF-WAY,0,0,0,0,23,6,3,350,PULASKI RD,41.979196,-87.699465,03/11/2023 12:03:00 AM,2023
CR00026945,02/26/2018 08:23:00 PM,35,CLEAR,DAYLIGHT,REAR END,ONE-WAY,TRAFFIC SIGNAL,UNABLE TO DETERMINE,IMPROPER OVERTAKING/PASSING,0,0,0,0,20,2,2,573,ASHLAND AVE,41.756154,-87.682226,02/26/2018 10:20:00 PM,2018
CR00026946,11/30/2018 03:32:00 PM,35,RAIN,DAYLIGHT,PEDESTRIAN,T-INTERSECTION,NO CONTROLS,FAILING TO YIELD RIGHT-OF-WAY,NOT APPLICABLE,0,0,1,1,15,6,11,1946,KEDZIE AVE,41.968121,-87.785722,11/30/2018 03:49:00 PM,2018
CR00026947,12/15/2022 09:48:00 PM,30,CLEAR,DAYLIGHT,PARKED MOTOR VEHICLE,NOT DIVIDED,TRAFFIC SIGNAL,UNABLE TO DETERMINE,DRIVING SKILLS/KNOWLEDGE/EXPERIENCE,0,0,0,0,21,5,12,1241,79TH ST,41.990664,-87.814404,12/15/2022 10:09:00 PM,2022
CR00026948,06/12/2022 01:11:00 PM,15,CLOUDY/OVERCAST,DAYLIGHT,PARKED MOTOR VEHICLE,NOT DIVIDED,TRAFFIC SIGNAL,FOLLOWING TOO CLOSELY,DISTRACTION - FROM INSIDE VEHICLE,0,0,0,0,13,1,6,2263,ASHLAND AVE,41.995241,-87.533739,06/12/2022 02:51:00 PM,2022
CR00026949,08/23/2019 06:44:00 AM,45,RAIN,DARKNESS - LIGHTED ROAD,FIXED OBJECT,NOT DIVIDED,STOP SIGN/FLASHER,DISTRACTION - FROM INSIDE VEHICLE,FAILING TO YIELD RIGHT-OF-WAY,0,0,0,0,6,6,8,2082,BROADWAY,41.865,-87.804351,08/23/2019 08:42:00 AM,2019
CR00026950,05/21/2022 02:21:00 AM,35,CLEAR,DARKNESS - LIGHTED ROAD,PARKED MOTOR VEHICLE,NOT DIVIDED,TRAFFIC SIGNAL,DRIVING SKILLS/KNOWLEDGE/EXPERIENCE,NOT APPLICABLE,0,0,0,0,2,7,5,551,ARCHER AVE,41.961167,-87.754243,05/21/2022 02:36:00 AM,2022
CR00026951,03/20/2024 03:00:00 PM,45,CLEAR,DARKNESS - LIGHTED ROAD,REAR END,FOUR WAY,STOP SIGN/FLASHER,UNABLE TO DETERMINE,DRIVING SKILLS/KNOWLEDGE/EXPERIENCE,0,0,0,0,15,4,3,995,MILWAUKEE AVE,41.709599,-87.7159,03/20/2024 03:02:00 PM,2024
CR00026952,03/22/2021 01:16:00 AM,40,CLEAR,DAYLIGHT,PARKED MOTOR VEHICLE,NOT DIVIDED,NO CONTROLS,FAILING TO REDUCE SPEED,FAILING TO YIELD RIGHT-OF-WAY,0,0,0,0,1,2,3,671,CLARK ST,41.911623,-87.684854,03/22/2021 02:23:00 AM,2021
CR00026953,10/11/2022 07:08:00 AM,15,CLOUDY/OVERCAST,DARKNESS - LIGHTED ROAD,PARKED MOTOR VEHICLE,ONE-WAY,NO CONTROLS,DISREGARDING TRAFFIC SIGNALS,NOT APPLICABLE,0,0,2,2,7,3,10,2272,WESTERN AVE,41.770626,-87.700109,10/11/2022 08:31:00 AM,2022
CR00026954,01/30/2018 08:03:00 AM,35,CLEAR,DAYLIGHT,SIDESWIPE SAME DIRECTION,DIVIDED - W/MEDIAN (NOT RAISED),NO CONTROLS,DRIVING SKILLS/KNOWLEDGE/EXPERIENCE,DISREGARDING TRAFFIC SIGNALS,0,0,0,0,8,3,1,895,MILWAUKEE AVE,41.948769,-87.602565,01/30/2018 09:54:00 AM,2018
CR00026955,12/30/2018 07:20:00 PM,15,CLEAR,DAYLIGHT,ANGLE,FOUR WAY,NO CONTROLS,FOLLOWING TOO CLOSELY,FOLLOWING TOO CLOSELY,0,0,0,0,19,1,12,1283,CICERO AVE,41.990057,-87.576963,12/30/2018 07:55:00 PM,2018
CR00026956,11/14/2023 09:17:00 AM,45,CLEAR,DARKNESS - LIGHTED ROAD,REAR END,DIVIDED - W/MEDIAN (NOT RAISED),STOP SIGN/FLASHER,DISTRACTION - FROM INSIDE VEHICLE,DISTRACTION - FROM INSIDE VEHICLE,0,0,3,3,9,3,11,1085,HALSTED ST,41.807727,-87.710016,11/14/2023 09:43:00 AM,2023
CR00026957,02/28/2023 06:57:00 AM,35,CLEAR,DAYLIGHT,TURNING,NOT DIVIDED,NO CONTROLS,IMPROPER LANE USAGE,NOT APPLICABLE,0,0,3,3,6,3,2,677,79TH ST,41.996029,-87.598416,02/28/2023 07:15:00 AM,2023
CR00026958,06/18/2023 10:00:00 PM,45,CLEAR,DAYLIGHT,FIXED OBJECT,ONE-WAY,NO CONTROLS,IMPROPER OVERTAKING/PASSING,FAILING TO YIELD RIGHT-OF-WAY,0,0,0,0,22,1,6,1784,OGDEN AVE,41.760188,-87.808263,06/18/2023 11:58:00 PM,2023
CR00026959,02/10/2019 08:19:00 PM,35,CLEAR,DAYLIGHT,REAR END,DIVIDED - W/MEDIAN (NOT RAISED),NO CONTROLS,UNABLE TO DETERMINE,UNABLE TO DETERMINE,0,0,2,2,20,1,2,453,CALIFORNIA AVE,41.740328,-87.678134,02/10/2019 08:37:00 PM,2019
CR00026960,02/09/2015 08:24:00 AM,35,CLOUDY/OVERCAST,DAYLIGHT,ANGLE,DIVIDED - W/MEDIAN (NOT RAISED),TRAFFIC SIGNAL,DISREGARDING TRAFFIC SIGNALS,FOLLOWING TOO CLOSELY,0,0,0,0,8,2,2,710,DIVISION ST,41.961548,-87.647263,02/09/2015 09:18:00 AM,2015
CR00026961,07/20/2015 12:40:00 PM,25,FOG/SMOKE/HAZE,DARKNESS,REAR END,DIVIDED - W/MEDIAN BARRIER,STOP SIGN/FLASHER,DISTRACTION - FROM INSIDE VEHICLE,UNABLE TO DETERMINE,0,0,0,0,12,2,7,551,HALSTED ST,41.972716,-87.78529,07/20/2015 01:44:00 PM,2015
CR00026962,05/11/2024 11:36:00 PM,20,CLEAR,DAYLIGHT,PEDESTRIAN,NOT DIVIDED,TRAFFIC SIGNAL,FAILING TO YIELD RIGHT-OF-WAY,DRIVING SKILLS/KNOWLEDGE/EXPERIENCE,0,0,0,0,23,7,5,1184,WESTERN AVE,41.776917,-87.613981,05/12/2024 01:33:00 AM,2024
CR00026963,10/08/2018 01:26:00 AM,20,CLEAR,DAYLIGHT,PARKED MOTOR VEHICLE,NOT DIVIDED,STOP SIGN/FLASHER,FOLLOWING TOO CLOSELY,IMPROPER OVERTAKING/PASSING,0,0,0,0,1,2,10,1511,47TH ST,41.950504,-87.658541,10/08/2018 02:00:00 AM,2018
CR00026964,01/01/2023 07:23:00 AM,45,CLEAR,DARKNESS - LIGHTED ROAD,REAR TO FRONT,FOUR WAY,TRAFFIC SIGNAL,IMPROPER LANE USAGE,NOT APPLICABLE,0,0,0,0,7,1,1,1803,ASHLAND AVE,41.738044,-87.546663,01/01/2023 09:23:00 AM,2023
CR00026965,10/28/2017 04:38:00 AM,30,CLEAR,DUSK,TURNING,NOT DIVIDED,TRAFFIC SIGNAL,FAILING TO REDUCE SPEED,FOLLOWING TOO CLOSELY,0,0,0,0,4,7,10,1980,FULLERTON AVE,41.722369,-87.795552,10/28/2017 05:30:00 AM,2017
CR00026966,03/18/2023 11:07:00 PM,25,CLEAR,DAYLIGHT,SIDESWIPE SAME DIRECTION,NOT DIVIDED,NO CONTROLS,UNABLE TO DETERMINE,IMPROPER OVERTAKING/PASSING,0,1,3,4,23,7,3,1003,MILWAUKEE AVE,41.957185,-87.734945,03/19/2023 12:22:00 AM,2023
CR00026967,12/19/2015 11:15:00 AM,30,CLEAR,DAYLIGHT,TURNING,DIVIDED - W/MEDIAN (NOT RAISED),TRAFFIC SIGNAL,UNABLE TO DETERMINE,NOT APPLICABLE,0,0,0,0,11,7,12,1622,CALIFORNIA AVE,41.72971,-87.659664,12/19/2015 11:39:00 AM,2015
CR00026968,07/07/2017 07:18:00 AM,25,CLEAR,DAYLIGHT,ANGLE,NOT DIVIDED,STOP SIGN/FLASHER,UNABLE TO DETERMINE,IMPROPER OVERTAKING/PASSING,0,0,0,0,7,6,7,566,OGDEN AVE,41.72852,-87.58508,07/07/2017 08:21:00 AM,2017
CR00026969,03/27/2020 01:06:00 PM,30,CLEAR,DAYLIGHT,PARKED MOTOR VEHICLE,NOT DIVIDED,NO CONTROLS,DRIVING SKILLS/KNOWLEDGE/EXPERIENCE,IMPROPER LANE USAGE,0,0,0,0,13,6,3,2434,FULLERTON AVE,41.790186,-87.732679,03/27/2020 02:40:00 PM,2020
CR00026970,09/21/2018 06:32:00 PM,30,CLEAR,DAYLIGHT,REAR END,FOUR WAY,NO CONTROLS,UNABLE TO DETERMINE,IMPROPER LANE USAGE,0,0,0,0,18,6,9,636,DAMEN AVE,41.947243,-87.620667,09/21/2018 06:57:00 PM,2018
CR00026971,03/23/2017 11:04:00 AM,30,CLEAR,DAYLIGHT,SIDESWIPE SAME DIRECTION,DIVIDED - W/MEDIAN BARRIER,STOP SIGN/FLASHER,FAILING TO REDUCE SPEED,FAILING TO REDUCE SPEED,0,0,0,0,11,5,3,1749,FULLERTON AVE,41.944587,-87.502347,03/23/2017 12:35:00 PM,2017
CR00026972,08/25/2021 06:06:00 PM,45,RAIN,DARKNESS - LIGHTED ROAD,TURNING,NOT DIVIDED,STOP SIGN/FLASHER,FOLLOWING TOO CLOSELY,NOT APPLICABLE,0,0,0,0,18,4,8,924,DIVISION ST,41.965456,-87.537796,08/25/2021 07:46:00 PM,2021
CR00026973,10/15/2016 11:40:00 AM,15,CLEAR,DARKNESS,ANGLE,NOT DIVIDED,UNKNOWN,UNABLE TO DETERMINE,NOT APPLICABLE,0,0,0,0,11,7,10,592,ROOSEVELT RD,41.93997,-87.522742,10/15/2016 01:29:00 PM,2016
CR00026974,09/21/2016 08:24:00 PM,35,CLEAR,DAYLIGHT,PARKED MOTOR VEHICLE,NOT DIVIDED,STOP SIGN/FLASHER,IMPROPER LANE USAGE,FAILING TO REDUCE SPEED,0,0,0,0,20,4,9,332,HALSTED ST,41.704469,-87.51226,09/21/2016 08:54:00 PM,2016
CR00026975,08/27/2016 08:29:00 AM,30,CLEAR,DAYLIGHT,REAR TO FRONT,DIVIDED - W/MEDIAN BARRIER,NO CONTROLS,IMPROPER OVERTAKING/PASSING,IMPROPER OVERTAKING/PASSING,0,0,0,0,8,7,8,1206,MICHIGAN AVE,41.791712,-87.52621,08/27/2016 09:46:00 AM,2016
CR00026976,12/12/2020 12:46:00 PM,20,CLEAR,DAYLIGHT,SIDESWIPE SAME DIRECTION,NOT DIVIDED,TRAFFIC SIGNAL,FOLLOWING TOO CLOSELY,IMPROPER OVERTAKING/PASSING,0,0,0,0,12,7,12,693,BROADWAY,41.826596,-87.540948,12/12/2020 12:52:00 PM,2020
CR00026977,05/05/2017 08:24:00 AM,30,CLEAR,DARKNESS - LIGHTED ROAD,ANGLE,ONE-WAY,NO CONTROLS,DRIVING SKILLS/KNOWLEDGE/EXPERIENCE,UNABLE TO DETERMINE,0,0,0,0,8,6,5,1079,BROADWAY,41.805582,-87.518684,05/05/2017 08:48:00 AM,2017
CR00026978,11/14/2017 07:21:00 AM,40,CLEAR,DAYLIGHT,TURNING,ONE-WAY,NO CONTROLS,FOLLOWING TOO CLOSELY,DISTRACTION - FROM INSIDE VEHICLE,0,0,0,0,7,3,11,1764,CLARK ST,41.827441,-87.760701,11/14/2017 09:12:00 AM,2017
CR00026979,06/24/2019 11:48:00 PM,30,SNOW,DAYLIGHT,ANGLE,NOT DIVIDED,TRAFFIC SIGNAL,DISTRACTION - FROM INSIDE VEHICLE,FAILING TO YIELD RIGHT-OF-WAY,0,0,0,0,23,2,6,736,CALIFORNIA AVE,41.772482,-87.569936,06/25/2019 01:04:00 AM,2019
CR00026980,11/02/2024 09:00:00 AM,40,CLEAR,DAYLIGHT,PARKED MOTOR VEHICLE,ONE-WAY,STOP SIGN/FLASHER,DISREGARDING TRAFFIC SIGNALS,DRIVING SKILLS/KNOWLEDGE/EXPERIENCE,0,0,0,0,9,7,11,1115,DIVISION ST,41.824071,-87.619221,11/02/2024 09:04:00 AM,2024
CR00026981,02/22/2019 08:29:00 PM,30,CLEAR,DAYLIGHT,REAR END,ONE-WAY,STOP SIGN/FLASHER,UNABLE TO DETERMINE,UNABLE TO DETERMINE,0,0,0,0,20,6,2,2444,WESTERN AVE,41.927938,-87.533754,02/22/2019 09:15:00 PM,2019
CR00026982,07/03/2018 07:48:00 PM,30,CLEAR,DARKNESS,ANGLE,NOT DIVIDED,TRAFFIC SIGNAL,DISREGARDING TRAFFIC SIGNALS,UNABLE TO DETERMINE,0,0,1,1,19,3,7,188,CICERO AVE,41.809266,-87.559796,07/03/2018 07:51:00 PM,2018
CR00026983,06/12/2024 08:02:00 PM,35,CLOUDY/OVERCAST,DAYLIGHT,REAR END,DIVIDED - W/MEDIAN (NOT RAISED),NO CONTROLS,UNABLE TO DETERMINE,NOT APPLICABLE,0,0,0,0,20,4,6,986,PULASKI RD,41.87046,-87.834378,06/12/2024 09:09:00 PM,2024
CR00026984,07/24/2023 08:00:00 AM,45,CLEAR,DAYLIGHT,REAR TO FRONT,NOT DIVIDED,NO CONTROLS,DISREGARDING TRAFFIC SIGNALS,NOT APPLICABLE,0,0,0,0,8,2,7,2396,BROADWAY,41.79418,-87.66664,07/24/2023 08:45:00 AM,2023
CR00026985,05/21/2017 02:38:00 PM,30,CLEAR,DARKNESS - LIGHTED ROAD,REAR END,DIVIDED - W/MEDIAN BARRIER,TRAFFIC SIGNAL,DISREGARDING TRAFFIC SIGNALS,NOT APPLICABLE,0,0,3,3,14,1,5,1301,FULLERTON AVE,41.712243,-87.749341,05/21/2017 02:52:00 PM,2017
CR00026986,01/08/2020 06:04:00 AM,25,SNOW,DAYLIGHT,REAR END,NOT DIVIDED,TRAFFIC SIGNAL,FOLLOWING TOO CLOSELY,FAILING TO YIELD RIGHT-OF-WAY,0,0,0,0,6,4,1,1522,MICHIGAN AVE,41.89449,-87.768973,01/08/2020 08:03:00 AM,2020
CR00026987,06/26/2017 05:49:00 PM,30,CLEAR,DAYLIGHT,TURNING,DIVIDED - W/MEDIAN (NOT RAISED),PEDESTRIAN CROSSING SIGN,DISREGARDING TRAFFIC SIGNALS,UNABLE TO DETERMINE,0,0,0,0,17,2,6,846,ROOSEVELT RD,41.770836,-87.563789,06/26/2017 06:42:00 PM,2017
CR00026988,06/16/2020 01:21:00 AM,35,CLEAR,DAYLIGHT,SIDESWIPE SAME DIRECTION,NOT DIVIDED,NO CONTROLS,DISTRACTION - FROM INSIDE VEHICLE,NOT APPLICABLE,0,0,0,0,1,3,6,2284,ROOSEVELT RD,41.735419,-87.793288,06/16/2020 02:51:00 AM,2020
CR00026989,08/16/2016 08:12:00 AM,35,CLEAR,DAYLIGHT,TURNING,NOT DIVIDED,STOP SIGN/FLASHER,DISREGARDING TRAFFIC SIGNALS,UNABLE TO DETERMINE,0,2,2,4,8,3,8,770,HALSTED ST,41.795508,-87.788588,08/16/2016 08:41:00 AM,2016