CRASH_RECORD_ID,CRASH_DATE,POSTED_SPEED_LIMIT,WEATHER_CONDITION,LIGHTING_CONDITION,FIRST_CRASH_TYPE,TRAFFICWAY_TYPE,TRAFFIC_CONTROL_DEVICE,PRIM_CONTRIBUTORY_CAUSE,SEC_CONTRIBUTORY_CAUSE,INJURIES_FATAL,INJURIES_INCAPACITATING,INJURIES_NON_INCAPACITATING,INJURIES_TOTAL,CRASH_HOUR,CRASH_DAY_OF_WEEK,CRASH_MONTH,BEAT_OF_OCCURRENCE,STREET_NAME,LATITUDE,LONGITUDE,DATE_POLICE_NOTIFIED,year
CR00026990,01/25/2015 04:43:00 AM,15,CLEAR,DARKNESS - LIGHTED ROAD,SIDESWIPE SAME DIRECTION,NOT DIVIDED,TRAFFIC SIGNAL,DRIVING SKILLS/KNOWLEDGE/EXPERIENCE,IMPROPER OVERTAKING/PASSING,0,0,0,0,4,1,1,2035,DIVISION ST,41.984006,-87.580154,01/25/2015 06:32:00 AM,2015
CR00026991,01/22/2021 03:53:00 PM,15,CLEAR,DAYLIGHT,SIDESWIPE SAME DIRECTION,DIVIDED - W/MEDIAN (NOT RAISED),NO CONTROLS,FAILING TO REDUCE SPEED,NOT APPLICABLE,0,1,1,2,15,6,1,1056,STATE ST,41.861607,-87.762101,01/22/2021 04:34:00 PM,2021
CR00026992,03/26/2023 05:38:00 PM,30,CLEAR,DARKNESS - LIGHTED ROAD,SIDESWIPE SAME DIRECTION,NOT DIVIDED,UNKNOWN,IMPROPER OVERTAKING/PASSING,IMPROPER LANE USAGE,0,0,0,0,17,1,3,1359,PULASKI RD,41.73137,-87.572171,03/26/2023 06:11:00 PM,2023
CR00026993,06/03/2018 11:53:00 AM,25,CLEAR,DARKNESS - LIGHTED ROAD,SIDESWIPE SAME DIRECTION,NOT DIVIDED,NO CONTROLS,DRIVING SKILLS/KNOWLEDGE/EXPERIENCE,UNABLE TO DETERMINE,0,0,0,0,11,1,6,246,IRVING PARK RD,41.785824,-87.656245,06/03/2018 12:55:00 PM,2018
CR00026994,09/24/2017 06:13:00 PM,30,CLOUDY/OVERCAST,DUSK,PARKED MOTOR VEHICLE,DIVIDED - W/MEDIAN (NOT RAISED),TRAFFIC SIGNAL,FAILING TO YIELD RIGHT-OF-WAY,IMPROPER LANE USAGE,0,0,0,0,18,1,9,1246,FULLERTON AVE,41.730828,-87.663296,09/24/2017 07:52:00 PM,2017
CR00026995,06/05/2017 03:34:00 PM,20,CLEAR,DARKNESS - LIGHTED ROAD,SIDESWIPE SAME DIRECTION,DIVIDED - W/MEDIAN (NOT RAISED),STOP SIGN/FLASHER,UNABLE TO DETERMINE,FOLLOWING TOO CLOSELY,0,0,0,0,15,2,6,507,CLARK ST,41.780646,-87.715705,06/05/2017 04:33:00 PM,2017
CR00026996,08/28/2017 09:03:00 PM,45,CLEAR,DAYLIGHT,REAR END,NOT DIVIDED,NO CONTROLS,UNABLE TO DETERMINE,FAILING TO REDUCE SPEED,0,0,0,0,21,2,8,1065,63RD ST,41.869198,-87.612125,08/28/2017 10:54:00 PM,2017
CR00026997,04/01/2022 04:46:00 PM,35,CLEAR,DAYLIGHT,FIXED OBJECT,NOT DIVIDED,NO CONTROLS,DISTRACTION - FROM INSIDE VEHICLE,DISTRACTION - FROM INSIDE VEHICLE,0,0,0,0,16,6,4,1579,HALSTED ST,41.925822,-87.843699,04/01/2022 05:11:00 PM,2022
CR00026998,08/20/2015 08:48:00 AM,30,RAIN,DAYLIGHT,REAR END,NOT DIVIDED,PEDESTRIAN CROSSING SIGN,FOLLOWING TOO CLOSELY,NOT APPLICABLE,0,1,1,2,8,5,8,1307,ASHLAND AVE,41.90138,-87.663662,08/20/2015 10:10:00 AM,2015
CR00026999,12/01/2021 05:02:00 PM,45,CLEAR,DAWN,TURNING,T-INTERSECTION,NO CONTROLS,DISREGARDING TRAFFIC SIGNALS,UNABLE TO DETERMINE,0,0,1,1,17,4,12,723,HALSTED ST,41.975775,-87.671313,12/01/2021 05:25:00 PM,2021
CR00027000,07/22/2018 08:30:00 AM,35,CLEAR,DAYLIGHT,ANGLE,ONE-WAY,STOP SIGN/FLASHER,UNABLE TO DETERMINE,IMPROPER OVERTAKING/PASSING,0,0,0,0,8,1,7,112,PULASKI RD,41.714716,-87.566811,07/22/2018 09:13:00 AM,2018
CR00027001,01/30/2022 12:17:00 PM,15,CLEAR,DUSK,REAR END,ONE-WAY,NO CONTROLS,UNABLE TO DETERMINE,FOLLOWING TOO CLOSELY,0,0,0,0,12,1,1,654,MICHIGAN AVE,41.992776,-87.714588,01/30/2022 01:30:00 PM,2022
CR00027002,02/15/2024 05:57:00 PM,15,CLEAR,DAYLIGHT,REAR TO FRONT,NOT DIVIDED,NO CONTROLS,FOLLOWING TOO CLOSELY,UNABLE TO DETERMINE,0,0,0,0,17,5,2,179,ROOSEVELT RD,41.832009,-87.636008,02/15/2024 07:57:00 PM,2024
CR00027003,01/21/2024 08:51:00 PM,30,CLEAR,DARKNESS - LIGHTED ROAD,REAR END,NOT DIVIDED,NO CONTROLS,UNABLE TO DETERMINE,FAILING TO REDUCE SPEED,0,0,0,0,20,1,1,2465,LAKE SHORE DR,41.798581,-87.628285,01/21/2024 10:02:00 PM,2024
CR00027004,10/15/2019 02:54:00 PM,30,CLEAR,DAYLIGHT,TURNING,DIVIDED - W/MEDIAN (NOT RAISED),TRAFFIC SIGNAL,FAILING TO YIELD RIGHT-OF-WAY,NOT APPLICABLE,0,0,0,0,14,3,10,2383,BROADWAY,41.796698,-87.721925,10/15/2019 03:23:00 PM,2019
CR00027005,10/19/2015 07:14:00 AM,15,CLEAR,DUSK,PARKED MOTOR VEHICLE,NOT DIVIDED,NO CONTROLS,DISTRACTION - FROM INSIDE VEHICLE,FAILING TO YIELD RIGHT-OF-WAY,0,0,1,1,7,2,10,169,IRVING PARK RD,41.708707,-87.847975,10/19/2015 07:47:00 AM,2015
CR00027006,06/03/2021 02:44:00 PM,15,CLEAR,DARKNESS - LIGHTED ROAD,REAR END,ONE-WAY,NO CONTROLS,FOLLOWING TOO CLOSELY,FOLLOWING TOO CLOSELY,0,1,1,2,14,5,6,171,CLARK ST,41.944015,-87.658188,06/03/2021 04:31:00 PM,2021
CR00027007,03/29/2019 02:12:00 AM,20,CLEAR,DAYLIGHT,ANGLE,DIVIDED - W/MEDIAN BARRIER,NO CONTROLS,FAILING TO YIELD RIGHT-OF-WAY,FAILING TO YIELD RIGHT-OF-WAY,0,0,0,0,2,6,3,852,CLARK ST,41.968504,-87.659044,03/29/2019 02:13:00 AM,2019
CR00027008,01/20/2023 04:18:00 PM,45,CLOUDY/OVERCAST,DARKNESS - LIGHTED ROAD,ANGLE,DIVIDED - W/MEDIAN BARRIER,NO CONTROLS,IMPROPER LANE USAGE,UNABLE TO DETERMINE,0,0,0,0,16,6,1,1898,CALIFORNIA AVE,41.877914,-87.500114,01/20/2023 05:34:00 PM,2023
CR00027009,03/29/2015 06:23:00 PM,45,CLEAR,DAYLIGHT,REAR END,DIVIDED - W/MEDIAN BARRIER,PEDESTRIAN CROSSING SIGN,UNABLE TO DETERMINE,UNABLE TO DETERMINE,0,0,0,0,18,1,3,563,DAMEN AVE,41.974574,-87.505958,03/29/2015 07:55:00 PM,2015
CR00027010,03/28/2016 08:13:00 AM,35,CLOUDY/OVERCAST,DAYLIGHT,PARKED MOTOR VEHICLE,NOT DIVIDED,NO CONTROLS,WEATHER,UNABLE TO DETERMINE,0,0,0,0,8,2,3,2086,MILWAUKEE AVE,41.979736,-87.822832,03/28/2016 09:09:00 AM,2016
CR00027011,08/06/2023 07:42:00 AM,30,CLEAR,DAYLIGHT,FIXED OBJECT,NOT DIVIDED,NO CONTROLS,IMPROPER LANE USAGE,IMPROPER LANE USAGE,0,0,0,0,7,1,8,1077,DIVISION ST,41.849743,-87.655279,08/06/2023 07:48:00 AM,2023
CR00027012,04/06/2016 08:05:00 AM,35,CLEAR,DARKNESS - LIGHTED ROAD,SIDESWIPE SAME DIRECTION,DIVIDED - W/MEDIAN BARRIER,TRAFFIC SIGNAL,UNABLE TO DETERMINE,UNABLE TO DETERMINE,0,0,0,0,8,4,4,591,FULLERTON AVE,41.864102,-87.680392,04/06/2016 09:24:00 AM,2016
CR00027013,09/21/2020 12:35:00 PM,30,RAIN,DAYLIGHT,REAR END,NOT DIVIDED,UNKNOWN,UNABLE TO DETERMINE,NOT APPLICABLE,0,0,0,0,12,2,9,2341,MILWAUKEE AVE,41.870317,-87.602577,09/21/2020 01:56:00 PM,2020
CR00027014,11/07/2016 06:22:00 PM,45,CLEAR,DUSK,TURNING,ONE-WAY,NO CONTROLS,UNABLE TO DETERMINE,FAILING TO REDUCE SPEED,0,0,0,0,18,2,11,485,STATE ST,41.865435,-87.693998,11/07/2016 07:03:00 PM,2016
CR00027015,12/20/2016 10:15:00 PM,35,CLEAR,DARKNESS - LIGHTED ROAD,REAR END,NOT DIVIDED,STOP SIGN/FLASHER,FAILING TO YIELD RIGHT-OF-WAY,NOT APPLICABLE,0,0,2,2,22,3,12,881,MICHIGAN AVE,41.92436,-87.834693,12/20/2016 10:41:00 PM,2016
CR00027016,09/20/2019 07:26:00 PM,40,CLEAR,DAYLIGHT,ANGLE,T-INTERSECTION,NO CONTROLS,IMPROPER OVERTAKING/PASSING,FOLLOWING TOO CLOSELY,0,1,1,2,19,6,9,2236,BROADWAY,41.766833,-87.793631,09/20/2019 07:31:00 PM,2019
CR00027017,12/28/2015 04:36:00 PM,30,FOG/SMOKE/HAZE,DAYLIGHT,PARKED MOTOR VEHICLE,NOT DIVIDED,NO CONTROLS,DRIVING SKILLS/KNOWLEDGE/EXPERIENCE,NOT APPLICABLE,0,0,0,0,16,2,12,612,CALIFORNIA AVE,41.980049,-87.615133,12/28/2015 04:52:00 PM,2015
CR00027018,06/07/2018 07:41:00 AM,40,CLEAR,DAYLIGHT,REAR TO FRONT,NOT DIVIDED,TRAFFIC SIGNAL,FOLLOWING TOO CLOSELY,UNABLE TO DETERMINE,0,0,0,0,7,5,6,1182,STATE ST,41.710271,-87.767782,06/07/2018 09:13:00 AM,2018
CR00027019,12/18/2016 10:55:00 AM,40,SNOW,DARKNESS - LIGHTED ROAD,TURNING,FOUR WAY,STOP SIGN/FLASHER,DRIVING SKILLS/KNOWLEDGE/EXPERIENCE,FOLLOWING TOO CLOSELY,0,1,1,2,10,1,12,455,IRVING PARK RD,41.970254,-87.681138,12/18/2016 12:49:00 PM,2016
CR00027020,12/29/2019 08:52:00 PM,25,CLEAR,DAWN,REAR END,NOT DIVIDED,NO CONTROLS,IMPROPER OVERTAKING/PASSING,NOT APPLICABLE,0,0,0,0,20,1,12,1235,ROOSEVELT RD,41.782536,-87.501655,12/29/2019 10:25:00 PM,2019
CR00027021,07/08/2015 02:54:00 PM,40,RAIN,DAYLIGHT,SIDESWIPE SAME DIRECTION,FOUR WAY,STOP SIGN/FLASHER,UNABLE TO DETERMINE,DISTRACTION - FROM INSIDE VEHICLE,0,0,0,0,14,4,7,2086,WESTERN AVE,41.779156,-87.604516,07/08/2015 04:31:00 PM,2015
CR00027022,02/02/2023 12:43:00 PM,35,CLEAR,DAYLIGHT,REAR TO FRONT,ONE-WAY,STOP SIGN/FLASHER,UNABLE TO DETERMINE,FAILING TO REDUCE SPEED,0,0,0,0,12,5,2,2433,CICERO AVE,41.992254,-87.554032,02/02/2023 02:23:00 PM,2023
CR00027023,04/03/2021 04:07:00 AM,30,CLEAR,DARKNESS - LIGHTED ROAD,REAR END,DIVIDED - W/MEDIAN (NOT RAISED),NO CONTROLS,DRIVING SKILLS/KNOWLEDGE/EXPERIENCE,UNABLE TO DETERMINE,0,0,1,1,4,7,4,1238,ELSTON AVE,41.882558,-87.743181,04/03/2021 04:35:00 AM,2021
CR00027024,07/10/2021 09:09:00 AM,30,CLEAR,DAWN,PARKED MOTOR VEHICLE,NOT DIVIDED,NO CONTROLS,UNABLE TO DETERMINE,FOLLOWING TOO CLOSELY,0,0,0,0,9,7,7,879,CLARK ST,41.703247,-87.524917,07/10/2021 10:14:00 AM,2021
CR00027025,01/03/2023 02:47:00 AM,15,CLEAR,DARKNESS - LIGHTED ROAD,PARKED MOTOR VEHICLE,ONE-WAY,NO CONTROLS,IMPROPER LANE USAGE,FOLLOWING TOO CLOSELY,0,0,0,0,2,3,1,116,KEDZIE AVE,41.887633,-87.762591,01/03/2023 03:19:00 AM,2023
CR00027026,06/13/2017 04:55:00 AM,30,CLEAR,DARKNESS - LIGHTED ROAD,REAR TO FRONT,ONE-WAY,NO CONTROLS,DISREGARDING TRAFFIC SIGNALS,NOT APPLICABLE,0,0,0,0,4,3,6,553,CICERO AVE,41.914149,-87.692289,06/13/2017 06:26:00 AM,2017
CR00027027,04/20/2017 08:26:00 PM,30,CLEAR,DARKNESS - LIGHTED ROAD,ANGLE,DIVIDED - W/MEDIAN BARRIER,NO CONTROLS,FOLLOWING TOO CLOSELY,DRIVING SKILLS/KNOWLEDGE/EXPERIENCE,0,0,0,0,20,5,4,2101,MILWAUKEE AVE,41.71636,-87.53401,04/20/2017 09:21:00 PM,2017
CR00027028,09/25/2024 07:48:00 PM,25,CLEAR,DAYLIGHT,REAR END,NOT DIVIDED,NO CONTROLS,UNABLE TO DETERMINE,FOLLOWING TOO CLOSELY,0,0,0,0,19,4,9,958,IRVING PARK RD,41.748197,-87.620307,09/25/2024 08:28:00 PM,2024
CR00027029,11/28/2018 04:01:00 PM,45,CLEAR,DAYLIGHT,SIDESWIPE SAME DIRECTION,ONE-WAY,NO CONTROLS,DISREGARDING TRAFFIC SIGNALS,NOT APPLICABLE,0,0,0,0,16,4,11,979,DAMEN AVE,41.975236,-87.537129,11/28/2018 05:24:00 PM,2018
CR00027030,12/01/2016 05:50:00 PM,15,RAIN,DAYLIGHT,REAR END,ONE-WAY,NO CONTROLS,DRIVING SKILLS/KNOWLEDGE/EXPERIENCE,UNABLE TO DETERMINE,0,0,0,0,17,5,12,893,ROOSEVELT RD,41.845016,-87.565385,12/01/2016 06:29:00 PM,2016
CR00027031,01/01/2019 08:11:00 AM,35,CLEAR,DUSK,FIXED OBJECT,NOT DIVIDED,TRAFFIC SIGNAL,FAILING TO YIELD RIGHT-OF-WAY,FOLLOWING TOO CLOSELY,0,0,0,0,8,3,1,2492,PULASKI RD,41.979802,-87.715266,01/01/2019 09:18:00 AM,2019
CR00027032,05/02/2016 11:18:00 AM,35,CLEAR,DAYLIGHT,REAR END,NOT DIVIDED,UNKNOWN,IMPROPER LANE USAGE,DRIVING SKILLS/KNOWLEDGE/EXPERIENCE,0,2,3,5,11,2,5,1692,47TH ST,41.823823,-87.682008,05/02/2016 12:08:00 PM,2016
CR00027033,05/01/2015 10:10:00 AM,20,CLEAR,DAYLIGHT,PARKED MOTOR VEHICLE,DIVIDED - W/MEDIAN BARRIER,UNKNOWN,FOLLOWING TOO CLOSELY,DRIVING SKILLS/KNOWLEDGE/EXPERIENCE,0,1,1,2,10,6,5,1216,WESTERN AVE,41.959591,-87.567996,05/01/2015 11:24:00 AM,2015
CR00027034,05/05/2023 01:05:00 AM,25,CLEAR,DAYLIGHT,REAR END,FOUR WAY,TRAFFIC SIGNAL,UNABLE TO DETERMINE,UNABLE TO DETERMINE,0,0,0,0,1,6,5,1111,CICERO AVE,41.773256,-87.75858,05/05/2023 01:06:00 AM,2023
CR00027035,09/08/2016 06:27:00 PM,40,SNOW,DAWN,PARKED MOTOR VEHICLE,NOT DIVIDED,TRAFFIC SIGNAL,UNABLE TO DETERMINE,NOT APPLICABLE,0,0,0,0,18,5,9,1540,MILWAUKEE AVE,41.857177,-87.790235,09/08/2016 07:00:00 PM,2016
CR00027036,04/28/2016 07:18:00 AM,20,CLEAR,DUSK,REAR END,T-INTERSECTION,UNKNOWN,IMPROPER LANE USAGE,NOT APPLICABLE,0,0,0,0,7,5,4,2106,OGDEN AVE,41.78086,-87.675676,04/28/2016 07:25:00 AM,2016
CR00027037,01/01/2021 12:05:00 PM,35,CLEAR,DARKNESS - LIGHTED ROAD,TURNING,FOUR WAY,TRAFFIC SIGNAL,UNABLE TO DETERMINE,DRIVING SKILLS/KNOWLEDGE/EXPERIENCE,0,0,0,0,12,6,1,1666,CLARK ST,41.827343,-87.594953,01/01/2021 12:56:00 PM,2021
CR00027038,11/12/2016 02:34:00 AM,40,CLEAR,DAYLIGHT,PEDESTRIAN,FOUR WAY,STOP SIGN/FLASHER,UNABLE TO DETERMINE,NOT APPLICABLE,0,0,0,0,2,7,11,2209,ARCHER AVE,41.960655,-87.551248,11/12/2016 03:02:00 AM,2016
CR00027039,07/02/2017 05:29:00 PM,20,CLEAR,DARKNESS - LIGHTED ROAD,REAR END,FOUR WAY,NO CONTROLS,WEATHER,UNABLE TO DETERMINE,0,0,1,1,17,1,7,2277,OGDEN AVE,41.830542,-87.842446,07/02/2017 05:37:00 PM,2017
CR00027040,11/16/2022 03:59:00 PM,35,CLEAR,DARKNESS - LIGHTED ROAD,SIDESWIPE SAME DIRECTION,ONE-WAY,STOP SIGN/FLASHER,UNABLE TO DETERMINE,DISREGARDING TRAFFIC SIGNALS,0,0,0,0,15,4,11,1633,47TH ST,41.714642,-87.63506,11/16/2022 04:59:00 PM,2022
CR00027041,05/27/2024 10:37:00 AM,40,CLEAR,DARKNESS - LIGHTED ROAD,SIDESWIPE SAME DIRECTION,NOT DIVIDED,NO CONTROLS,UNABLE TO DETERMINE,DISREGARDING TRAFFIC SIGNALS,0,0,0,0,10,2,5,1630,79TH ST,41.741788,-87.576195,05/27/2024 12:33:00 PM,2024
CR00027042,03/09/2022 02:19:00 PM,30,CLEAR,DAYLIGHT,PEDESTRIAN,DIVIDED - W/MEDIAN (NOT RAISED),NO CONTROLS,UNABLE TO DETERMINE,FAILING TO REDUCE SPEED,0,0,3,3,14,4,3,1542,ELSTON AVE,41.943055,-87.622312,03/09/2022 02:51:00 PM,2022
CR00027043,03/12/2024 10:04:00 AM,30,CLEAR,DAYLIGHT,SIDESWIPE SAME DIRECTION,NOT DIVIDED,TRAFFIC SIGNAL,FAILING TO YIELD RIGHT-OF-WAY,IMPROPER OVERTAKING/PASSING,0,0,0,0,10,3,3,2009,CICERO AVE,41.801802,-87.702329,03/12/2024 10:16:00 AM,2024
CR00027044,12/13/2018 05:54:00 PM,35,CLEAR,DUSK,REAR END,NOT DIVIDED,NO CONTROLS,DISTRACTION - FROM INSIDE VEHICLE,DRIVING SKILLS/KNOWLEDGE/EXPERIENCE,0,0,0,0,17,5,12,2131,63RD ST,41.844516,-87.627922,12/13/2018 06:48:00 PM,2018
CR00027045,11/12/2019 04:31:00 AM,25,CLEAR,DAYLIGHT,ANGLE,ONE-WAY,PEDESTRIAN CROSSING SIGN,IMPROPER OVERTAKING/PASSING,FAILING TO YIELD RIGHT-OF-WAY,0,0,0,0,4,3,11,1751,ROOSEVELT RD,41.984818,-87.549522,11/12/2019 05:47:00 AM,2019
CR00027046,02/25/2024 06:24:00 PM,25,SNOW,DARKNESS - LIGHTED ROAD,ANGLE,FOUR WAY,TRAFFIC SIGNAL,FOLLOWING TOO CLOSELY,FOLLOWING TOO CLOSELY,0,0,1,1,18,1,2,717,MICHIGAN AVE,41.986399,-87.612721,02/25/2024 06:59:00 PM,2024
CR00027047,06/29/2017 05:52:00 PM,30,CLEAR,DAYLIGHT,ANGLE,DIVIDED - W/MEDIAN (NOT RAISED),STOP SIGN/FLASHER,UNABLE TO DETERMINE,NOT APPLICABLE,0,0,0,0,17,5,6,921,LAKE SHORE DR,41.943361,-87.593951,06/29/2017 06:47:00 PM,2017
CR00027048,02/21/2019 09:34:00 PM,35,CLEAR,DAWN,FIXED OBJECT,FOUR WAY,NO CONTROLS,DRIVING SKILLS/KNOWLEDGE/EXPERIENCE,FOLLOWING TOO CLOSELY,0,0,2,2,21,5,2,2373,DIVISION ST,41.980361,-87.829917,02/21/2019 11:29:00 PM,2019
CR00027049,07/19/2017 04:53:00 AM,20,CLEAR,DAYLIGHT,PARKED MOTOR VEHICLE,DIVIDED - W/MEDIAN (NOT RAISED),NO CONTROLS,FOLLOWING TOO CLOSELY,FAILING TO YIELD RIGHT-OF-WAY,0,0,0,0,4,4,7,2471,PULASKI RD,41.925834,-87.586554,07/19/2017 05:14:00 AM,2017
CR00027050,10/06/2015 07:37:00 AM,30,CLEAR,DAYLIGHT,REAR END,DIVIDED - W/MEDIAN (NOT RAISED),NO CONTROLS,DISTRACTION - FROM INSIDE VEHICLE,UNABLE TO DETERMINE,0,0,0,0,7,3,10,882,MILWAUKEE AVE,41.74114,-87.642753,10/06/2015 07:41:00 AM,2015
CR00027051,08/19/2015 03:36:00 PM,30,FOG/SMOKE/HAZE,DAYLIGHT,TURNING,DIVIDED - W/MEDIAN BARRIER,UNKNOWN,IMPROPER LANE USAGE,UNABLE TO DETERMINE,0,0,0,0,15,4,8,1896,ARCHER AVE,41.877783,-87.839473,08/19/2015 05:12:00 PM,2015
CR00027052,11/27/2022 07:14:00 PM,35,CLEAR,DAYLIGHT,FIXED OBJECT,FOUR WAY,NO CONTROLS,UNABLE TO DETERMINE,NOT APPLICABLE,0,0,0,0,19,1,11,1558,HALSTED ST,41.971942,-87.796076,11/27/2022 08:13:00 PM,2022
CR00027053,04/30/2016 10:33:00 AM,30,RAIN,DARKNESS - LIGHTED ROAD,SIDESWIPE SAME DIRECTION,NOT DIVIDED,TRAFFIC SIGNAL,IMPROPER LANE USAGE,WEATHER,0,0,0,0,10,7,4,728,ARCHER AVE,41.923001,-87.661981,04/30/2016 12:25:00 PM,2016
CR00027054,11/21/2015 05:32:00 PM,30,CLEAR,DARKNESS - LIGHTED ROAD,FIXED OBJECT,FOUR WAY,NO CONTROLS,IMPROPER OVERTAKING/PASSING,DRIVING SKILLS/KNOWLEDGE/EXPERIENCE,0,0,0,0,17,7,11,2097,DAMEN AVE,41.869841,-87.721209,11/21/2015 06:27:00 PM,2015
CR00027055,10/07/2023 07:56:00 AM,35,CLEAR,DARKNESS,TURNING,DIVIDED - W/MEDIAN (NOT RAISED),TRAFFIC SIGNAL,IMPROPER OVERTAKING/PASSING,DRIVING SKILLS/KNOWLEDGE/EXPERIENCE,0,0,0,0,7,7,10,1498,HALSTED ST,41.979085,-87.506772,10/07/2023 08:42:00 AM,2023
CR00027056,03/18/2021 01:34:00 PM,35,CLEAR,DAWN,REAR TO FRONT,DIVIDED - W/MEDIAN (NOT RAISED),TRAFFIC SIGNAL,DISREGARDING TRAFFIC SIGNALS,IMPROPER OVERTAKING/PASSING,0,0,0,0,13,5,3,2029,47TH ST,41.768855,-87.694139,03/18/2021 01:58:00 PM,2021
CR00027057,10/02/2017 07:23:00 PM,30,CLEAR,DARKNESS - LIGHTED ROAD,REAR END,NOT DIVIDED,NO CONTROLS,UNABLE TO DETERMINE,FAILING TO REDUCE SPEED,0,0,0,0,19,2,10,1689,47TH ST,41.937201,-87.558738,10/02/2017 09:03:00 PM,2017
CR00027058,03/19/2016 10:35:00 AM,35,CLEAR,DAYLIGHT,TURNING,NOT DIVIDED,NO CONTROLS,UNABLE TO DETERMINE,UNABLE TO DETERMINE,0,0,0,0,10,7,3,321,BROADWAY,41.732666,-87.611611,03/19/2016 10:55:00 AM,2016
CR00027059,04/05/2017 09:02:00 PM,20,CLEAR,DAYLIGHT,PEDESTRIAN,DIVIDED - W/MEDIAN (NOT RAISED),TRAFFIC SIGNAL,UNABLE TO DETERMINE,DISREGARDING TRAFFIC SIGNALS,0,0,0,0,21,4,4,1083,CLARK ST,41.797705,-87.722399,04/05/2017 09:06:00 PM,2017
CR00027060,10/06/2018 10:35:00 PM,30,RAIN,DAYLIGHT,REAR TO FRONT,T-INTERSECTION,TRAFFIC SIGNAL,DRIVING SKILLS/KNOWLEDGE/EXPERIENCE,IMPROPER OVERTAKING/PASSING,0,0,0,0,22,7,10,859,IRVING PARK RD,41.704878,-87.57334,10/07/2018 12:17:00 AM,2018
CR00027061,05/23/2021 03:06:00 PM,45,CLEAR,DAYLIGHT,SIDESWIPE SAME DIRECTION,NOT DIVIDED,UNKNOWN,FAILING TO REDUCE SPEED,UNABLE TO DETERMINE,0,0,0,0,15,1,5,1771,47TH ST,41.953354,-87.616514,05/23/2021 04:30:00 PM,2021
CR00027062,11/17/2021 12:40:00 PM,15,CLEAR,DAYLIGHT,REAR END,NOT DIVIDED,NO CONTROLS,UNABLE TO DETERMINE,FOLLOWING TOO CLOSELY,0,0,0,0,12,4,11,2101,ELSTON AVE,41.702889,-87.781635,11/17/2021 01:21:00 PM,2021
CR00027063,08/29/2017 05:15:00 PM,25,CLEAR,DAYLIGHT,REAR END,NOT DIVIDED,TRAFFIC SIGNAL,UNABLE TO DETERMINE,FOLLOWING TOO CLOSELY,0,0,0,0,17,3,8,179,MICHIGAN AVE,41.895499,-87.789016,08/29/2017 05:52:00 PM,2017
CR00027064,05/30/2018 05:55:00 AM,30,CLEAR,DARKNESS - LIGHTED ROAD,PARKED MOTOR VEHICLE,NOT DIVIDED,NO CONTROLS,DRIVING SKILLS/KNOWLEDGE/EXPERIENCE,FAILING TO YIELD RIGHT-OF-WAY,0,0,0,0,5,4,5,344,47TH ST,41.930351,-87.778897,05/30/2018 06:10:00 AM,2018
CR00027065,02/14/2018 09:20:00 AM,30,RAIN,DAYLIGHT,ANGLE,NOT DIVIDED,STOP SIGN/FLASHER,DISTRACTION - FROM INSIDE VEHICLE,NOT APPLICABLE,0,0,0,0,9,4,2,723,BROADWAY,41.96523,-87.651133,02/14/2018 10:38:00 AM,2018
CR00027066,12/01/2022 05:44:00 PM,30,CLEAR,DAYLIGHT,REAR END,NOT DIVIDED,NO CONTROLS,IMPROPER LANE USAGE,FAILING TO YIELD RIGHT-OF-WAY,0,0,0,0,17,5,12,889,IRVING PARK RD,41.706008,-87.548552,12/01/2022 06:37:00 PM,2022
CR00027067,04/30/2015 06:30:00 AM,20,CLEAR,DARKNESS - LIGHTED ROAD,ANGLE,NOT DIVIDED,NO CONTROLS,WEATHER,UNABLE TO DETERMINE,0,0,0,0,6,5,4,1243,47TH ST,41.933088,-87.528263,04/30/2015 07:17:00 AM,2015
CR00027068,06/11/2015 06:21:00 AM,15,CLEAR,DAYLIGHT,REAR END,NOT DIVIDED,YIELD,IMPROPER OVERTAKING/PASSING,DRIVING SKILLS/KNOWLEDGE/EXPERIENCE,0,0,0,0,6,5,6,1535,CICERO AVE,41.800614,-87.693969,06/11/2015 07:15:00 AM,2015
CR00027069,02/18/2023 08:32:00 AM,35,RAIN,DAYLIGHT,REAR END,DIVIDED - W/MEDIAN (NOT RAISED),STOP SIGN/FLASHER,IMPROPER OVERTAKING/PASSING,UNABLE TO DETERMINE,0,0,0,0,8,7,2,1156,CALIFORNIA AVE,41.897533,-87.84062,02/18/2023 08:49:00 AM,2023
CR00027070,10/14/2016 05:26:00 AM,20,CLEAR,DAYLIGHT,PARKED MOTOR VEHICLE,NOT DIVIDED,STOP SIGN/FLASHER,FAILING TO REDUCE SPEED,DISTRACTION - FROM INSIDE VEHICLE,0,0,0,0,5,6,10,1217,KEDZIE AVE,41.728476,-87.542422,10/14/2016 06:30:00 AM,2016
CR00027071,10/20/2022 08:41:00 AM,20,CLEAR,DAYLIGHT,ANGLE,NOT DIVIDED,NO CONTROLS,FAILING TO REDUCE SPEED,DRIVING SKILLS/KNOWLEDGE/EXPERIENCE,0,0,0,0,8,5,10,2242,LAKE SHORE DR,41.817194,-87.59502,10/20/2022 09:23:00 AM,2022