CRASH_RECORD_ID,CRASH_DATE,POSTED_SPEED_LIMIT,WEATHER_CONDITION,LIGHTING_CONDITION,FIRST_CRASH_TYPE,TRAFFICWAY_TYPE,TRAFFIC_CONTROL_DEVICE,PRIM_CONTRIBUTORY_CAUSE,SEC_CONTRIBUTORY_CAUSE,INJURIES_FATAL,INJURIES_INCAPACITATING,INJURIES_NON_INCAPACITATING,INJURIES_TOTAL,CRASH_HOUR,CRASH_DAY_OF_WEEK,CRASH_MONTH,BEAT_OF_OCCURRENCE,STREET_NAME,LATITUDE,LONGITUDE,DATE_POLICE_NOTIFIED,year
CR00027072,05/20/2021 12:25:00 PM,30,CLEAR,DARKNESS - LIGHTED ROAD,REAR END,DIVIDED - W/MEDIAN (NOT RAISED),STOP SIGN/FLASHER,UNABLE TO DETERMINE,FAILING TO YIELD RIGHT-OF-WAY,0,0,1,1,12,5,5,723,CICERO AVE,41.845475,-87.680367,05/20/2021 01:25:00 PM,2021
CR00027073,11/26/2022 12:03:00 PM,15,CLEAR,DAYLIGHT,REAR TO FRONT,ONE-WAY,NO CONTROLS,WEATHER,UNABLE TO DETERMINE,0,0,0,0,12,7,11,1733,DIVISION ST,41.851836,-87.84164,11/26/2022 12:54:00 PM,2022
CR00027074,03/16/2018 12:48:00 PM,35,CLEAR,DARKNESS - LIGHTED ROAD,ANGLE,NOT DIVIDED,YIELD,FAILING TO YIELD RIGHT-OF-WAY,DISREGARDING TRAFFIC SIGNALS,0,0,0,0,12,6,3,790,MILWAUKEE AVE,41.912414,-87.742865,03/16/2018 01:14:00 PM,2018
CR00027075,02/24/2016 09:08:00 PM,15,CLEAR,DAYLIGHT,TURNING,NOT DIVIDED,NO CONTROLS,FAILING TO YIELD RIGHT-OF-WAY,UNABLE TO DETERMINE,0,0,3,3,21,4,2,2494,ROOSEVELT RD,41.806771,-87.553329,02/24/2016 10:10:00 PM,2016
CR00027076,02/12/2019 09:21:00 AM,20,CLEAR,DAYLIGHT,REAR END,ONE-WAY,TRAFFIC SIGNAL,FAILING TO YIELD RIGHT-OF-WAY,FOLLOWING TOO CLOSELY,0,0,0,0,9,3,2,1220,BROADWAY,41.890234,-87.554478,02/12/2019 10:31:00 AM,2019
CR00027077,08/29/2019 06:42:00 AM,20,CLEAR,DAYLIGHT,REAR TO FRONT,DIVIDED - W/MEDIAN BARRIER,NO CONTROLS,UNABLE TO DETERMINE,NOT APPLICABLE,0,0,0,0,6,5,8,1621,STONY ISLAND AVE,41.986821,-87.763245,08/29/2019 07:04:00 AM,2019
CR00027078,12/29/2022 08:35:00 AM,30,CLOUDY/OVERCAST,DAYLIGHT,SIDESWIPE SAME DIRECTION,NOT DIVIDED,TRAFFIC SIGNAL,FAILING TO YIELD RIGHT-OF-WAY,FAILING TO YIELD RIGHT-OF-WAY,0,0,0,0,8,5,12,858,79TH ST,41.707507,-87.743809,12/29/2022 08:42:00 AM,2022
CR00027079,07/02/2019 06:25:00 AM,20,SNOW,DAYLIGHT,REAR END,DIVIDED - W/MEDIAN (NOT RAISED),STOP SIGN/FLASHER,DISTRACTION - FROM INSIDE VEHICLE,IMPROPER OVERTAKING/PASSING,0,0,1,1,6,3,7,955,MILWAUKEE AVE,41.965588,-87.733402,07/02/2019 07:27:00 AM,2019
CR00027080,04/25/2017 08:37:00 AM,20,CLEAR,DAYLIGHT,REAR END,DIVIDED - W/MEDIAN (NOT RAISED),YIELD,IMPROPER OVERTAKING/PASSING,FAILING TO YIELD RIGHT-OF-WAY,0,0,0,0,8,3,4,2277,HALSTED ST,41.950601,-87.822665,04/25/2017 09:50:00 AM,2017
CR00027081,09/09/2020 06:59:00 PM,30,CLEAR,DAYLIGHT,REAR END,NOT DIVIDED,NO CONTROLS,DISREGARDING TRAFFIC SIGNALS,IMPROPER LANE USAGE,0,0,0,0,18,4,9,1640,DIVISION ST,41.953551,-87.770846,09/09/2020 07:44:00 PM,2020
CR00027082,03/01/2017 03:15:00 PM,35,CLEAR,DAYLIGHT,TURNING,DIVIDED - W/MEDIAN (NOT RAISED),STOP SIGN/FLASHER,DISTRACTION - FROM INSIDE VEHICLE,UNABLE TO DETERMINE,0,0,0,0,15,4,3,1847,CICERO AVE,41.70295,-87.795314,03/01/2017 04:19:00 PM,2017
CR00027083,05/22/2024 02:27:00 PM,30,CLEAR,DAYLIGHT,REAR END,FOUR WAY,STOP SIGN/FLASHER,FAILING TO YIELD RIGHT-OF-WAY,FOLLOWING TOO CLOSELY,0,0,1,1,14,4,5,278,DIVISION ST,41.774754,-87.604175,05/22/2024 03:10:00 PM,2024
CR00027084,10/19/2016 04:21:00 PM,30,CLEAR,DAYLIGHT,SIDESWIPE SAME DIRECTION,NOT DIVIDED,NO CONTROLS,DISTRACTION - FROM INSIDE VEHICLE,DRIVING SKILLS/KNOWLEDGE/EXPERIENCE,0,0,0,0,16,4,10,626,STONY ISLAND AVE,41.986487,-87.619471,10/19/2016 05:13:00 PM,2016
CR00027085,01/24/2020 07:02:00 AM,40,CLEAR,DARKNESS - LIGHTED ROAD,REAR TO FRONT,NOT DIVIDED,TRAFFIC SIGNAL,FOLLOWING TOO CLOSELY,UNABLE TO DETERMINE,0,0,0,0,7,6,1,1917,MICHIGAN AVE,41.830943,-87.719098,01/24/2020 08:07:00 AM,2020
CR00027086,04/25/2017 12:01:00 PM,30,CLEAR,DUSK,REAR END,DIVIDED - W/MEDIAN (NOT RAISED),UNKNOWN,UNABLE TO DETERMINE,NOT APPLICABLE,0,0,2,2,12,3,4,1281,OGDEN AVE,41.759314,-87.750206,04/25/2017 01:39:00 PM,2017
CR00027087,09/29/2024 09:33:00 AM,25,CLEAR,DAWN,ANGLE,DIVIDED - W/MEDIAN BARRIER,STOP SIGN/FLASHER,FAILING TO YIELD RIGHT-OF-WAY,WEATHER,0,0,0,0,9,1,9,1420,HALSTED ST,41.98136,-87.710897,09/29/2024 10:15:00 AM,2024
CR00027088,03/25/2020 11:39:00 AM,20,CLEAR,DAYLIGHT,REAR END,NOT DIVIDED,TRAFFIC SIGNAL,IMPROPER LANE USAGE,UNABLE TO DETERMINE,0,1,1,2,11,4,3,587,FULLERTON AVE,41.743314,-87.779109,03/25/2020 12:17:00 PM,2020
CR00027089,10/08/2023 11:56:00 AM,15,FREEZING RAIN/DRIZZLE,DAYLIGHT,TURNING,NOT DIVIDED,NO CONTROLS,FOLLOWING TOO CLOSELY,IMPROPER LANE USAGE,0,0,0,0,11,1,10,700,CICERO AVE,41.778946,-87.814146,10/08/2023 01:18:00 PM,2023
CR00027090,12/15/2015 03:01:00 PM,35,CLEAR,DARKNESS - LIGHTED ROAD,REAR END,FOUR WAY,TRAFFIC SIGNAL,FOLLOWING TOO CLOSELY,DISREGARDING TRAFFIC SIGNALS,0,0,3,3,15,3,12,846,ARCHER AVE,41.822963,-87.779187,12/15/2015 03:56:00 PM,2015
CR00027091,08/09/2023 10:55:00 AM,20,CLEAR,DAYLIGHT,REAR END,DIVIDED - W/MEDIAN BARRIER,UNKNOWN,DISTRACTION - FROM INSIDE VEHICLE,NOT APPLICABLE,0,0,0,0,10,4,8,1150,LAKE SHORE DR,41.810432,-87.700494,08/09/2023 12:43:00 PM,2023
CR00027092,09/29/2019 06:26:00 PM,30,RAIN,DARKNESS - LIGHTED ROAD,ANGLE,DIVIDED - W/MEDIAN BARRIER,TRAFFIC SIGNAL,FAILING TO YIELD RIGHT-OF-WAY,NOT APPLICABLE,0,0,1,1,18,1,9,1524,BROADWAY,41.909147,-87.557043,09/29/2019 07:44:00 PM,2019
CR00027093,07/06/2018 04:09:00 PM,35,CLEAR,DAYLIGHT,ANGLE,DIVIDED - W/MEDIAN (NOT RAISED),TRAFFIC SIGNAL,DISTRACTION - FROM INSIDE VEHICLE,UNABLE TO DETERMINE,0,0,2,2,16,6,7,292,MILWAUKEE AVE,41.941145,-87.557206,07/06/2018 04:33:00 PM,2018
CR00027094,01/20/2017 05:26:00 PM,25,CLEAR,DARKNESS - LIGHTED ROAD,SIDESWIPE SAME DIRECTION,ONE-WAY,YIELD,UNABLE TO DETERMINE,NOT APPLICABLE,0,0,3,3,17,6,1,1273,ARCHER AVE,41.772672,-87.661752,01/20/2017 05:28:00 PM,2017
CR00027095,09/03/2018 07:03:00 PM,30,CLEAR,DAYLIGHT,TURNING,NOT DIVIDED,NO CONTROLS,FOLLOWING TOO CLOSELY,UNABLE TO DETERMINE,0,0,0,0,19,2,9,1039,47TH ST,41.982492,-87.791421,09/03/2018 08:44:00 PM,2018
CR00027096,10/01/2024 07:08:00 AM,30,RAIN,DAYLIGHT,TURNING,ONE-WAY,STOP SIGN/FLASHER,FAILING TO REDUCE SPEED,NOT APPLICABLE,0,0,0,0,7,3,10,251,HALSTED ST,41.922601,-87.725578,10/01/2024 08:06:00 AM,2024
CR00027097,11/01/2023 11:56:00 AM,30,CLEAR,DARKNESS - LIGHTED ROAD,ANGLE,ONE-WAY,TRAFFIC SIGNAL,DRIVING SKILLS/KNOWLEDGE/EXPERIENCE,IMPROPER LANE USAGE,0,0,1,1,11,4,11,377,63RD ST,41.721089,-87.693637,11/01/2023 01:01:00 PM,2023
CR00027098,03/08/2016 10:11:00 PM,40,CLEAR,DARKNESS,ANGLE,FOUR WAY,TRAFFIC SIGNAL,UNABLE TO DETERMINE,FAILING TO YIELD RIGHT-OF-WAY,0,0,1,1,22,3,3,1905,DIVISION ST,41.739006,-87.755359,03/08/2016 11:15:00 PM,2016
CR00027099,08/11/2023 12:02:00 PM,30,FREEZING RAIN/DRIZZLE,DAYLIGHT,REAR END,DIVIDED - W/MEDIAN (NOT RAISED),TRAFFIC SIGNAL,UNABLE TO DETERMINE,NOT APPLICABLE,0,1,1,2,12,6,8,695,FULLERTON AVE,41.936203,-87.826976,08/11/2023 12:28:00 PM,2023
CR00027100,11/25/2016 08:02:00 AM,30,CLEAR,DARKNESS - LIGHTED ROAD,ANGLE,NOT DIVIDED,NO CONTROLS,FOLLOWING TOO CLOSELY,NOT APPLICABLE,0,0,0,0,8,6,11,248,47TH ST,41.959655,-87.595741,11/25/2016 08:53:00 AM,2016
CR00027101,02/07/2017 11:49:00 AM,40,RAIN,DAYLIGHT,ANGLE,NOT DIVIDED,NO CONTROLS,FOLLOWING TOO CLOSELY,UNABLE TO DETERMINE,0,0,0,0,11,3,2,2159,47TH ST,41.832708,-87.690624,02/07/2017 01:48:00 PM,2017
CR00027102,12/12/2015 02:19:00 PM,25,CLEAR,DAYLIGHT,ANGLE,DIVIDED - W/MEDIAN BARRIER,YIELD,FOLLOWING TOO CLOSELY,DISTRACTION - FROM INSIDE VEHICLE,0,0,1,1,14,7,12,1140,KEDZIE AVE,41.730889,-87.841764,12/12/2015 02:38:00 PM,2015
CR00027103,01/29/2024 06:10:00 PM,30,CLEAR,DARKNESS - LIGHTED ROAD,REAR TO FRONT,DIVIDED - W/MEDIAN (NOT RAISED),STOP SIGN/FLASHER,IMPROPER LANE USAGE,NOT APPLICABLE,0,0,0,0,18,2,1,1602,79TH ST,41.868054,-87.767113,01/29/2024 08:09:00 PM,2024
CR00027104,01/04/2023 09:29:00 PM,30,RAIN,DARKNESS - LIGHTED ROAD,REAR END,DIVIDED - W/MEDIAN (NOT RAISED),TRAFFIC SIGNAL,UNABLE TO DETERMINE,IMPROPER OVERTAKING/PASSING,0,0,2,2,21,4,1,690,MILWAUKEE AVE,41.805571,-87.580696,01/04/2023 10:05:00 PM,2023
CR00027105,04/07/2016 09:11:00 AM,40,CLEAR,DAYLIGHT,SIDESWIPE SAME DIRECTION,NOT DIVIDED,TRAFFIC SIGNAL,DISREGARDING TRAFFIC SIGNALS,DISTRACTION - FROM INSIDE VEHICLE,0,0,0,0,9,5,4,1071,FULLERTON AVE,41.96247,-87.536951,04/07/2016 11:01:00 AM,2016
CR00027106,07/08/2021 02:46:00 PM,45,CLEAR,DAYLIGHT,REAR END,FOUR WAY,STOP SIGN/FLASHER,DISTRACTION - FROM INSIDE VEHICLE,FAILING TO YIELD RIGHT-OF-WAY,0,0,0,0,14,5,7,1648,FULLERTON AVE,41.858333,-87.810174,07/08/2021 03:32:00 PM,2021
CR00027107,01/09/2018 07:56:00 AM,20,CLEAR,DAYLIGHT,REAR END,ONE-WAY,UNKNOWN,IMPROPER LANE USAGE,UNABLE TO DETERMINE,0,0,0,0,7,3,1,934,IRVING PARK RD,41.834258,-87.771059,01/09/2018 09:43:00 AM,2018
CR00027108,12/21/2023 01:45:00 AM,40,FREEZING RAIN/DRIZZLE,DARKNESS - LIGHTED ROAD,REAR END,DIVIDED - W/MEDIAN (NOT RAISED),NO CONTROLS,UNABLE TO DETERMINE,UNABLE TO DETERMINE,0,0,0,0,1,5,12,2159,CICERO AVE,41.725187,-87.803635,12/21/2023 02:46:00 AM,2023
CR00027109,09/04/2018 01:34:00 PM,45,CLEAR,DARKNESS - LIGHTED ROAD,REAR END,NOT DIVIDED,TRAFFIC SIGNAL,IMPROPER LANE USAGE,DISREGARDING TRAFFIC SIGNALS,0,0,0,0,13,3,9,2066,ASHLAND AVE,41.881841,-87.709897,09/04/2018 02:40:00 PM,2018
CR00027110,02/14/2018 03:37:00 PM,40,RAIN,DARKNESS - LIGHTED ROAD,REAR TO FRONT,NOT DIVIDED,NO CONTROLS,UNABLE TO DETERMINE,UNABLE TO DETERMINE,0,0,0,0,15,4,2,287,DIVISION ST,41.79326,-87.503863,02/14/2018 03:57:00 PM,2018
CR00027111,11/11/2019 11:01:00 AM,40,CLEAR,DARKNESS,TURNING,NOT DIVIDED,STOP SIGN/FLASHER,IMPROPER OVERTAKING/PASSING,NOT APPLICABLE,0,0,0,0,11,2,11,808,ASHLAND AVE,41.856277,-87.626607,11/11/2019 12:11:00 PM,2019
CR00027112,07/30/2022 06:35:00 PM,25,CLEAR,DARKNESS - LIGHTED ROAD,TURNING,ONE-WAY,NO CONTROLS,UNABLE TO DETERMINE,UNABLE TO DETERMINE,0,0,0,0,18,7,7,2374,DAMEN AVE,41.981732,-87.785367,07/30/2022 07:08:00 PM,2022
CR00027113,03/06/2015 01:44:00 PM,40,CLEAR,DAYLIGHT,TURNING,ONE-WAY,TRAFFIC SIGNAL,FOLLOWING TOO CLOSELY,IMPROPER LANE USAGE,0,0,0,0,13,6,3,635,IRVING PARK RD,41.725086,-87.68234,03/06/2015 03:01:00 PM,2015
CR00027114,11/30/2024 05:28:00 PM,25,CLEAR,DAYLIGHT,ANGLE,NOT DIVIDED,TRAFFIC SIGNAL,FAILING TO YIELD RIGHT-OF-WAY,NOT APPLICABLE,0,0,0,0,17,7,11,2070,STATE ST,41.903102,-87.553627,11/30/2024 06:42:00 PM,2024
CR00027115,09/11/2022 06:20:00 PM,25,CLEAR,DARKNESS,TURNING,FOUR WAY,NO CONTROLS,FOLLOWING TOO CLOSELY,UNABLE TO DETERMINE,0,0,0,0,18,1,9,1664,BROADWAY,41.976121,-87.77198,09/11/2022 07:20:00 PM,2022
CR00027116,06/22/2019 08:44:00 PM,40,SNOW,DAYLIGHT,TURNING,DIVIDED - W/MEDIAN BARRIER,STOP SIGN/FLASHER,DISTRACTION - FROM INSIDE VEHICLE,IMPROPER LANE USAGE,0,0,1,1,20,7,6,1723,ARCHER AVE,41.797583,-87.695649,06/22/2019 08:47:00 PM,2019
CR00027117,08/19/2020 05:46:00 PM,40,CLEAR,DARKNESS,SIDESWIPE SAME DIRECTION,FOUR WAY,STOP SIGN/FLASHER,UNABLE TO DETERMINE,DISTRACTION - FROM INSIDE VEHICLE,0,0,0,0,17,4,8,664,CICERO AVE,41.949284,-87.719629,08/19/2020 06:33:00 PM,2020
CR00027118,11/24/2018 04:56:00 PM,30,CLEAR,DAYLIGHT,REAR END,NOT DIVIDED,NO CONTROLS,UNABLE TO DETERMINE,DRIVING SKILLS/KNOWLEDGE/EXPERIENCE,0,0,0,0,16,7,11,1275,STATE ST,41.800527,-87.698176,11/24/2018 06:55:00 PM,2018
CR00027119,01/10/2019 05:05:00 PM,35,CLEAR,DARKNESS - LIGHTED ROAD,TURNING,DIVIDED - W/MEDIAN (NOT RAISED),STOP SIGN/FLASHER,DRIVING SKILLS/KNOWLEDGE/EXPERIENCE,NOT APPLICABLE,0,0,0,0,17,5,1,692,OGDEN AVE,41.917385,-87.786834,01/10/2019 05:56:00 PM,2019
CR00027120,10/15/2018 01:19:00 AM,35,CLEAR,DAYLIGHT,PARKED MOTOR VEHICLE,FOUR WAY,TRAFFIC SIGNAL,IMPROPER LANE USAGE,UNABLE TO DETERMINE,0,0,0,0,1,2,10,2070,HALSTED ST,41.895476,-87.69305,10/15/2018 01:21:00 AM,2018
CR00027121,01/12/2019 06:25:00 PM,25,CLEAR,DAYLIGHT,ANGLE,DIVIDED - W/MEDIAN BARRIER,TRAFFIC SIGNAL,IMPROPER LANE USAGE,WEATHER,0,0,0,0,18,7,1,2151,IRVING PARK RD,41.780854,-87.570583,01/12/2019 07:01:00 PM,2019
CR00027122,06/17/2016 09:52:00 AM,35,CLEAR,DAYLIGHT,SIDESWIPE SAME DIRECTION,NOT DIVIDED,NO CONTROLS,UNABLE TO DETERMINE,FAILING TO YIELD RIGHT-OF-WAY,0,0,0,0,9,6,6,2524,WESTERN AVE,41.74418,-87.732629,06/17/2016 10:55:00 AM,2016
CR00027123,07/10/2015 03:56:00 PM,25,CLEAR,DUSK,PARKED MOTOR VEHICLE,FOUR WAY,STOP SIGN/FLASHER,IMPROPER LANE USAGE,FOLLOWING TOO CLOSELY,0,0,0,0,15,6,7,1759,MICHIGAN AVE,41.974734,-87.676191,07/10/2015 04:20:00 PM,2015
CR00027124,10/19/2019 03:59:00 AM,35,CLEAR,DARKNESS - LIGHTED ROAD,SIDESWIPE SAME DIRECTION,DIVIDED - W/MEDIAN (NOT RAISED),NO CONTROLS,DRIVING SKILLS/KNOWLEDGE/EXPERIENCE,IMPROPER LANE USAGE,0,0,0,0,3,7,10,704,MILWAUKEE AVE,41.769546,-87.831248,10/19/2019 04:34:00 AM,2019
CR00027125,01/20/2017 06:17:00 PM,30,CLEAR,DAYLIGHT,REAR END,ONE-WAY,TRAFFIC SIGNAL,UNABLE TO DETERMINE,NOT APPLICABLE,0,0,0,0,18,6,1,1618,47TH ST,41.918267,-87.755625,01/20/2017 06:41:00 PM,2017
CR00027126,10/22/2024 06:21:00 PM,30,RAIN,DAYLIGHT,ANGLE,FOUR WAY,STOP SIGN/FLASHER,UNABLE TO DETERMINE,UNABLE TO DETERMINE,0,1,1,2,18,3,10,2281,MILWAUKEE AVE,41.755349,-87.666703,10/22/2024 06:36:00 PM,2024
CR00027127,03/28/2017 08:21:00 PM,30,CLEAR,DARKNESS - LIGHTED ROAD,REAR END,DIVIDED - W/MEDIAN (NOT RAISED),NO CONTROLS,DISTRACTION - FROM INSIDE VEHICLE,DISTRACTION - FROM INSIDE VEHICLE,0,0,0,0,20,3,3,1965,47TH ST,41.940596,-87.640777,03/28/2017 10:08:00 PM,2017
CR00027128,11/05/2015 02:17:00 AM,30,CLEAR,DAYLIGHT,PARKED MOTOR VEHICLE,NOT DIVIDED,NO CONTROLS,FOLLOWING TOO CLOSELY,NOT APPLICABLE,0,0,0,0,2,5,11,917,ELSTON AVE,41.914387,-87.804111,11/05/2015 02:44:00 AM,2015
CR00027129,02/09/2016 08:59:00 PM,15,RAIN,DARKNESS - LIGHTED ROAD,ANGLE,NOT DIVIDED,TRAFFIC SIGNAL,FOLLOWING TOO CLOSELY,FAILING TO YIELD RIGHT-OF-WAY,0,0,0,0,20,3,2,798,CICERO AVE,41.955982,-87.689911,02/09/2016 10:35:00 PM,2016
CR00027130,03/08/2015 01:52:00 AM,15,RAIN,DAYLIGHT,ANGLE,FOUR WAY,PEDESTRIAN CROSSING SIGN,DISTRACTION - FROM INSIDE VEHICLE,UNABLE TO DETERMINE,0,0,1,1,1,1,3,1636,79TH ST,41.73946,-87.569027,03/08/2015 02:20:00 AM,2015
CR00027131,12/04/2023 10:55:00 AM,35,CLEAR,DARKNESS - LIGHTED ROAD,REAR END,NOT DIVIDED,TRAFFIC SIGNAL,UNABLE TO DETERMINE,FAILING TO YIELD RIGHT-OF-WAY,0,0,0,0,10,2,12,400,79TH ST,41.937052,-87.648553,12/04/2023 11:09:00 AM,2023
CR00027132,12/28/2024 09:42:00 PM,15,CLEAR,DARKNESS - LIGHTED ROAD,SIDESWIPE SAME DIRECTION,DIVIDED - W/MEDIAN (NOT RAISED),STOP SIGN/FLASHER,FOLLOWING TOO CLOSELY,UNABLE TO DETERMINE,0,0,1,1,21,7,12,2016,63RD ST,41.86198,-87.766613,12/28/2024 11:34:00 PM,2024
CR00027133,02/08/2019 04:23:00 PM,25,CLEAR,DARKNESS - LIGHTED ROAD,ANGLE,DIVIDED - W/MEDIAN (NOT RAISED),UNKNOWN,UNABLE TO DETERMINE,NOT APPLICABLE,0,0,0,0,16,6,2,2144,79TH ST,41.856084,-87.797392,02/08/2019 06:02:00 PM,2019
CR00027134,07/08/2015 05:11:00 PM,25,CLOUDY/OVERCAST,DAYLIGHT,FIXED OBJECT,NOT DIVIDED,TRAFFIC SIGNAL,DISREGARDING TRAFFIC SIGNALS,IMPROPER OVERTAKING/PASSING,0,0,0,0,17,4,7,1214,STATE ST,41.865957,-87.820846,07/08/2015 06:19:00 PM,2015
CR00027135,07/22/2022 10:55:00 AM,35,CLEAR,DARKNESS - LIGHTED ROAD,ANGLE,ONE-WAY,NO CONTROLS,UNABLE TO DETERMINE,FAILING TO REDUCE SPEED,0,0,0,0,10,6,7,1749,DIVISION ST,41.820988,-87.601226,07/22/2022 11:49:00 AM,2022
CR00027136,11/26/2024 08:44:00 AM,20,CLEAR,DAYLIGHT,TURNING,NOT DIVIDED,TRAFFIC SIGNAL,IMPROPER LANE USAGE,UNABLE TO DETERMINE,0,0,0,0,8,3,11,647,BROADWAY,41.721228,-87.767149,11/26/2024 10:41:00 AM,2024
CR00027137,08/18/2016 04:57:00 PM,20,FOG/SMOKE/HAZE,DARKNESS - LIGHTED ROAD,REAR END,NOT DIVIDED,NO CONTROLS,UNABLE TO DETERMINE,FOLLOWING TOO CLOSELY,0,0,0,0,16,5,8,2232,KEDZIE AVE,41.97136,-87.542178,08/18/2016 05:48:00 PM,2016
CR00027138,08/21/2016 11:14:00 AM,30,CLEAR,DARKNESS - LIGHTED ROAD,REAR END,DIVIDED - W/MEDIAN (NOT RAISED),UNKNOWN,UNABLE TO DETERMINE,NOT APPLICABLE,0,0,0,0,11,1,8,641,FULLERTON AVE,41.941252,-87.639159,08/21/2016 01:00:00 PM,2016
CR00027139,02/11/2017 07:38:00 PM,35,CLEAR,DARKNESS,ANGLE,FOUR WAY,TRAFFIC SIGNAL,FOLLOWING TOO CLOSELY,DRIVING SKILLS/KNOWLEDGE/EXPERIENCE,0,0,2,2,19,7,2,561,FULLERTON AVE,41.904266,-87.51918,02/11/2017 08:19:00 PM,2017
CR00027140,04/25/2017 09:09:00 AM,40,SNOW,DAYLIGHT,ANGLE,NOT DIVIDED,NO CONTROLS,UNABLE TO DETERMINE,DRIVING SKILLS/KNOWLEDGE/EXPERIENCE,0,0,0,0,9,3,4,1574,63RD ST,41.738752,-87.794339,04/25/2017 09:58:00 AM,2017
CR00027141,06/27/2017 05:31:00 PM,40,CLEAR,DAYLIGHT,ANGLE,FOUR WAY,NO CONTROLS,IMPROPER OVERTAKING/PASSING,NOT APPLICABLE,0,0,0,0,17,3,6,2033,DAMEN AVE,41.882139,-87.727717,06/27/2017 06:42:00 PM,2017
CR00027142,08/24/2016 06:30:00 AM,20,CLEAR,DAYLIGHT,PARKED MOTOR VEHICLE,NOT DIVIDED,STOP SIGN/FLASHER,FOLLOWING TOO CLOSELY,UNABLE TO DETERMINE,0,0,0,0,6,4,8,1991,MICHIGAN AVE,41.992327,-87.565339,08/24/2016 08:18:00 AM,2016
CR00027143,05/05/2020 09:29:00 AM,35,CLEAR,DARKNESS - LIGHTED ROAD,PARKED MOTOR VEHICLE,NOT DIVIDED,STOP SIGN/FLASHER,IMPROPER LANE USAGE,UNABLE TO DETERMINE,0,0,0,0,9,3,5,1137,79TH ST,41.90263,-87.689257,05/05/2020 10:50:00 AM,2020
CR00027144,04/04/2022 07:34:00 AM,35,CLEAR,DUSK,PARKED MOTOR VEHICLE,NOT DIVIDED,UNKNOWN,FOLLOWING TOO CLOSELY,DRIVING SKILLS/KNOWLEDGE/EXPERIENCE,0,0,0,0,7,2,4,692,STONY ISLAND AVE,41.814993,-87.555872,04/04/2022 07:44:00 AM,2022
CR00027145,11/27/2022 06:05:00 PM,35,SNOW,DAYLIGHT,ANGLE,ONE-WAY,STOP SIGN/FLASHER,DRIVING SKILLS/KNOWLEDGE/EXPERIENCE,NOT APPLICABLE,0,0,1,1,18,1,11,1881,ROOSEVELT RD,41.70125,-87.580032,11/27/2022 07:03:00 PM,2022
CR00027146,05/16/2016 10:35:00 PM,25,CLEAR,DUSK,TURNING,NOT DIVIDED,STOP SIGN/FLASHER,FAILING TO YIELD RIGHT-OF-WAY,UNABLE TO DETERMINE,0,0,2,2,22,2,5,2424,LAKE SHORE DR,41.896051,-87.700483,05/16/2016 10:48:00 PM,2016
CR00027147,11/05/2019 08:04:00 PM,35,CLEAR,DARKNESS,REAR TO FRONT,DIVIDED - W/MEDIAN BARRIER,UNKNOWN,DISREGARDING TRAFFIC SIGNALS,FAILING TO YIELD RIGHT-OF-WAY,0,0,0,0,20,3,11,290,ASHLAND AVE,41.842451,-87.805358,11/05/2019 09:36:00 PM,2019
CR00027148,02/24/2020 02:45:00 PM,15,CLEAR,DARKNESS - LIGHTED ROAD,REAR TO FRONT,ONE-WAY,STOP SIGN/FLASHER,UNABLE TO DETERMINE,UNABLE TO DETERMINE,0,0,3,3,14,2,2,425,ELSTON AVE,41.765729,-87.704315,02/24/2020 04:35:00 PM,2020
CR00027149,04/01/2022 06:41:00 PM,30,CLEAR,DAYLIGHT,REAR END,NOT DIVIDED,NO CONTROLS,FAILING TO YIELD RIGHT-OF-WAY,IMPROPER LANE USAGE,0,0,0,0,18,6,4,1521,IRVING PARK RD,41.735964,-87.563763,04/01/2022 07:06:00 PM,2022
CR00027150,08/23/2017 07:50:00 AM,30,RAIN,DAYLIGHT,PEDESTRIAN,NOT DIVIDED,NO CONTROLS,DISREGARDING TRAFFIC SIGNALS,UNABLE TO DETERMINE,0,0,0,0,7,4,8,1525,CALIFORNIA AVE,41.981801,-87.783244,08/23/2017 08:16:00 AM,2017
CR00027151,09/16/2019 04:54:00 PM,25,CLEAR,DARKNESS - LIGHTED ROAD,REAR END,NOT DIVIDED,NO CONTROLS,IMPROPER LANE USAGE,FOLLOWING TOO CLOSELY,1,0,3,4,16,2,9,2396,63RD ST,41.939607,-87.642995,09/16/2019 05:48:00 PM,2019
CR00027152,03/21/2019 12:52:00 PM,15,RAIN,DAYLIGHT,TURNING,DIVIDED - W/MEDIAN (NOT RAISED),NO CONTROLS,FAILING TO REDUCE SPEED,DISTRACTION - FROM INSIDE VEHICLE,0,0,0,0,12,5,3,1778,ASHLAND AVE,41.839744,-87.608237,03/21/2019 02:23:00 PM,2019
CR00027153,03/21/2018 04:33:00 PM,20,CLEAR,DAYLIGHT,ANGLE,ONE-WAY,NO CONTROLS,DISREGARDING TRAFFIC SIGNALS,NOT APPLICABLE,0,0,0,0,16,4,3,2358,HALSTED ST,41.95814,-87.514901,03/21/2018 04:42:00 PM,2018
CR00027154,06/04/2020 03:04:00 AM,30,RAIN,DARKNESS - LIGHTED ROAD,SIDESWIPE SAME DIRECTION,T-INTERSECTION,NO CONTROLS,IMPROPER OVERTAKING/PASSING,NOT APPLICABLE,0,0,0,0,3,5,6,633,CICERO AVE,41.9295,-87.619234,06/04/2020 03:15:00 AM,2020