CRASH_RECORD_ID,CRASH_DATE,POSTED_SPEED_LIMIT,WEATHER_CONDITION,LIGHTING_CONDITION,FIRST_CRASH_TYPE,TRAFFICWAY_TYPE,TRAFFIC_CONTROL_DEVICE,PRIM_CONTRIBUTORY_CAUSE,SEC_CONTRIBUTORY_CAUSE,INJURIES_FATAL,INJURIES_INCAPACITATING,INJURIES_NON_INCAPACITATING,INJURIES_TOTAL,CRASH_HOUR,CRASH_DAY_OF_WEEK,CRASH_MONTH,BEAT_OF_OCCURRENCE,STREET_NAME,LATITUDE,LONGITUDE,DATE_POLICE_NOTIFIED,year
CR00027155,11/09/2022 10:02:00 PM,30,CLEAR,DARKNESS,REAR END,NOT DIVIDED,PEDESTRIAN CROSSING SIGN,DISTRACTION - FROM INSIDE VEHICLE,NOT APPLICABLE,0,0,0,0,22,4,11,2318,CLARK ST,41.811868,-87.666414,11/09/2022 11:56:00 PM,2022
CR00027156,06/25/2017 11:12:00 PM,25,RAIN,DAYLIGHT,REAR END,DIVIDED - W/MEDIAN (NOT RAISED),YIELD,FAILING TO REDUCE SPEED,WEATHER,0,0,0,0,23,1,6,683,ASHLAND AVE,41.943657,-87.84003,06/26/2017 12:15:00 AM,2017
CR00027157,04/05/2021 06:28:00 PM,45,CLEAR,DAYLIGHT,TURNING,NOT DIVIDED,NO CONTROLS,FAILING TO YIELD RIGHT-OF-WAY,NOT APPLICABLE,0,0,0,0,18,2,4,2350,PULASKI RD,41.881019,-87.825911,04/05/2021 08:17:00 PM,2021
CR00027158,06/16/2016 05:37:00 PM,45,CLEAR,DAYLIGHT,PEDESTRIAN,DIVIDED - W/MEDIAN (NOT RAISED),NO CONTROLS,FOLLOWING TOO CLOSELY,FAILING TO YIELD RIGHT-OF-WAY,0,0,0,0,17,5,6,2297,OGDEN AVE,41.971561,-87.636914,06/16/2016 06:17:00 PM,2016
CR00027159,03/02/2015 06:37:00 PM,20,CLEAR,DAYLIGHT,REAR TO FRONT,DIVIDED - W/MEDIAN (NOT RAISED),NO CONTROLS,UNABLE TO DETERMINE,FAILING TO YIELD RIGHT-OF-WAY,0,0,0,0,18,2,3,1200,MILWAUKEE AVE,41.827854,-87.807353,03/02/2015 07:19:00 PM,2015
CR00027160,11/20/2022 02:49:00 PM,45,RAIN,DAYLIGHT,REAR END,NOT DIVIDED,NO CONTROLS,FAILING TO REDUCE SPEED,IMPROPER LANE USAGE,0,0,0,0,14,1,11,2450,HALSTED ST,41.728263,-87.770986,11/20/2022 04:03:00 PM,2022
CR00027161,07/18/2018 03:43:00 PM,30,SNOW,DUSK,REAR END,DIVIDED - W/MEDIAN BARRIER,STOP SIGN/FLASHER,DISREGARDING TRAFFIC SIGNALS,FAILING TO REDUCE SPEED,0,0,0,0,15,4,7,213,STATE ST,41.866797,-87.679789,07/18/2018 04:09:00 PM,2018
CR00027162,10/22/2023 08:37:00 AM,15,CLEAR,DUSK,REAR END,DIVIDED - W/MEDIAN BARRIER,STOP SIGN/FLASHER,FAILING TO REDUCE SPEED,IMPROPER LANE USAGE,0,0,0,0,8,1,10,1345,FULLERTON AVE,41.81106,-87.541942,10/22/2023 09:14:00 AM,2023
CR00027163,05/26/2020 07:32:00 PM,30,CLEAR,DARKNESS,REAR TO FRONT,T-INTERSECTION,TRAFFIC SIGNAL,UNABLE TO DETERMINE,UNABLE TO DETERMINE,0,0,0,0,19,3,5,664,MICHIGAN AVE,41.983453,-87.729796,05/26/2020 08:27:00 PM,2020
CR00027164,10/23/2016 07:59:00 AM,15,CLEAR,DARKNESS - LIGHTED ROAD,SIDESWIPE SAME DIRECTION,DIVIDED - W/MEDIAN BARRIER,NO CONTROLS,FOLLOWING TOO CLOSELY,UNABLE TO DETERMINE,0,0,0,0,7,1,10,645,79TH ST,41.766362,-87.725878,10/23/2016 09:47:00 AM,2016
CR00027165,01/06/2024 09:16:00 AM,45,CLEAR,DAYLIGHT,TURNING,ONE-WAY,PEDESTRIAN CROSSING SIGN,UNABLE TO DETERMINE,IMPROPER OVERTAKING/PASSING,0,0,0,0,9,7,1,408,DIVISION ST,41.91616,-87.509312,01/06/2024 09:35:00 AM,2024
CR00027166,01/15/2021 07:57:00 PM,15,CLEAR,DAYLIGHT,SIDESWIPE SAME DIRECTION,NOT DIVIDED,UNKNOWN,UNABLE TO DETERMINE,IMPROPER OVERTAKING/PASSING,0,0,0,0,19,6,1,1243,WESTERN AVE,41.857604,-87.650278,01/15/2021 08:50:00 PM,2021
CR00027167,03/17/2017 05:26:00 PM,20,SNOW,DAYLIGHT,REAR END,ONE-WAY,NO CONTROLS,IMPROPER LANE USAGE,FAILING TO YIELD RIGHT-OF-WAY,0,0,0,0,17,6,3,886,ARCHER AVE,41.921449,-87.567351,03/17/2017 06:17:00 PM,2017
CR00027168,06/03/2021 06:55:00 PM,30,CLEAR,DAYLIGHT,REAR END,NOT DIVIDED,TRAFFIC SIGNAL,UNABLE TO DETERMINE,UNABLE TO DETERMINE,0,0,0,0,18,5,6,874,BROADWAY,41.941663,-87.845402,06/03/2021 08:32:00 PM,2021
CR00027169,08/01/2022 05:30:00 PM,40,CLEAR,DARKNESS - LIGHTED ROAD,TURNING,NOT DIVIDED,UNKNOWN,UNABLE TO DETERMINE,DISTRACTION - FROM INSIDE VEHICLE,0,0,1,1,17,2,8,2090,MICHIGAN AVE,41.970217,-87.519546,08/01/2022 05:43:00 PM,2022
CR00027170,12/26/2017 12:13:00 AM,30,CLEAR,DAYLIGHT,PARKED MOTOR VEHICLE,NOT DIVIDED,TRAFFIC SIGNAL,FAILING TO REDUCE SPEED,DISTRACTION - FROM INSIDE VEHICLE,0,0,0,0,0,3,12,1504,ELSTON AVE,41.87286,-87.703357,12/26/2017 01:13:00 AM,2017
CR00027171,10/31/2024 09:53:00 PM,35,CLOUDY/OVERCAST,DARKNESS - LIGHTED ROAD,REAR END,DIVIDED - W/MEDIAN (NOT RAISED),NO CONTROLS,DRIVING SKILLS/KNOWLEDGE/EXPERIENCE,IMPROPER LANE USAGE,0,0,0,0,21,5,10,2335,FULLERTON AVE,41.794058,-87.528625,10/31/2024 10:23:00 PM,2024
CR00027172,05/30/2018 02:36:00 PM,45,CLEAR,DUSK,TURNING,DIVIDED - W/MEDIAN (NOT RAISED),NO CONTROLS,DRIVING SKILLS/KNOWLEDGE/EXPERIENCE,NOT APPLICABLE,0,0,0,0,14,4,5,2512,WESTERN AVE,41.951112,-87.519373,05/30/2018 04:10:00 PM,2018
CR00027173,06/21/2023 01:06:00 AM,15,RAIN,DUSK,REAR END,NOT DIVIDED,NO CONTROLS,UNABLE TO DETERMINE,IMPROPER OVERTAKING/PASSING,0,0,0,0,1,4,6,468,HALSTED ST,41.87594,-87.846248,06/21/2023 02:58:00 AM,2023
CR00027174,07/31/2023 03:11:00 PM,30,CLOUDY/OVERCAST,DAYLIGHT,REAR END,NOT DIVIDED,TRAFFIC SIGNAL,DISTRACTION - FROM INSIDE VEHICLE,UNABLE TO DETERMINE,0,0,0,0,15,2,7,2003,HALSTED ST,41.823979,-87.613055,07/31/2023 03:30:00 PM,2023
CR00027175,01/31/2019 07:29:00 AM,30,RAIN,DAYLIGHT,REAR END,DIVIDED - W/MEDIAN (NOT RAISED),STOP SIGN/FLASHER,IMPROPER LANE USAGE,FAILING TO YIELD RIGHT-OF-WAY,0,0,0,0,7,5,1,250,STONY ISLAND AVE,41.951048,-87.819622,01/31/2019 09:26:00 AM,2019
CR00027176,06/01/2020 05:55:00 PM,30,CLEAR,DAYLIGHT,FIXED OBJECT,DIVIDED - W/MEDIAN (NOT RAISED),NO CONTROLS,IMPROPER LANE USAGE,IMPROPER LANE USAGE,0,0,0,0,17,2,6,215,PULASKI RD,41.866741,-87.599147,06/01/2020 07:17:00 PM,2020
CR00027177,07/16/2015 06:40:00 PM,30,CLOUDY/OVERCAST,DARKNESS - LIGHTED ROAD,PARKED MOTOR VEHICLE,DIVIDED - W/MEDIAN (NOT RAISED),STOP SIGN/FLASHER,IMPROPER OVERTAKING/PASSING,FAILING TO REDUCE SPEED,0,0,0,0,18,5,7,2227,OGDEN AVE,41.778391,-87.649669,07/16/2015 08:00:00 PM,2015
CR00027178,07/08/2023 07:01:00 AM,45,CLEAR,DARKNESS - LIGHTED ROAD,TURNING,DIVIDED - W/MEDIAN (NOT RAISED),NO CONTROLS,DISREGARDING TRAFFIC SIGNALS,FAILING TO YIELD RIGHT-OF-WAY,0,0,0,0,7,7,7,420,WESTERN AVE,41.869554,-87.808624,07/08/2023 08:38:00 AM,2023
CR00027179,06/20/2019 03:38:00 AM,30,RAIN,DUSK,REAR END,DIVIDED - W/MEDIAN (NOT RAISED),NO CONTROLS,IMPROPER OVERTAKING/PASSING,NOT APPLICABLE,0,0,0,0,3,5,6,883,ASHLAND AVE,41.770415,-87.630328,06/20/2019 04:35:00 AM,2019
CR00027180,05/25/2019 08:12:00 AM,35,CLEAR,DAYLIGHT,FIXED OBJECT,FOUR WAY,NO CONTROLS,UNABLE TO DETERMINE,NOT APPLICABLE,0,0,0,0,8,7,5,918,LAKE SHORE DR,41.810208,-87.545859,05/25/2019 09:56:00 AM,2019
CR00027181,09/26/2021 08:29:00 AM,20,RAIN,DAYLIGHT,REAR END,ONE-WAY,YIELD,UNABLE TO DETERMINE,UNABLE TO DETERMINE,0,0,0,0,8,1,9,1686,MICHIGAN AVE,41.798708,-87.53624,09/26/2021 09:39:00 AM,2021
CR00027182,11/24/2022 12:32:00 PM,40,CLOUDY/OVERCAST,DARKNESS - LIGHTED ROAD,FIXED OBJECT,NOT DIVIDED,TRAFFIC SIGNAL,FAILING TO REDUCE SPEED,FAILING TO YIELD RIGHT-OF-WAY,0,0,0,0,12,5,11,2535,IRVING PARK RD,41.911681,-87.568425,11/24/2022 01:33:00 PM,2022
CR00027183,06/08/2017 03:17:00 AM,35,FOG/SMOKE/HAZE,DAYLIGHT,REAR END,NOT DIVIDED,STOP SIGN/FLASHER,FAILING TO YIELD RIGHT-OF-WAY,NOT APPLICABLE,0,0,0,0,3,5,6,952,MILWAUKEE AVE,41.926711,-87.545734,06/08/2017 04:05:00 AM,2017
CR00027184,12/11/2020 07:00:00 AM,20,CLEAR,DAYLIGHT,ANGLE,NOT DIVIDED,STOP SIGN/FLASHER,IMPROPER OVERTAKING/PASSING,NOT APPLICABLE,0,0,0,0,7,6,12,1280,WESTERN AVE,41.84434,-87.567735,12/11/2020 08:31:00 AM,2020
CR00027185,12/08/2022 02:44:00 PM,20,CLEAR,DARKNESS - LIGHTED ROAD,REAR END,NOT DIVIDED,UNKNOWN,IMPROPER LANE USAGE,UNABLE TO DETERMINE,0,1,1,2,14,5,12,906,ELSTON AVE,41.741039,-87.697618,12/08/2022 04:11:00 PM,2022
CR00027186,04/12/2021 08:00:00 AM,20,CLEAR,DAYLIGHT,SIDESWIPE SAME DIRECTION,ONE-WAY,NO CONTROLS,FOLLOWING TOO CLOSELY,UNABLE TO DETERMINE,0,0,0,0,8,2,4,2410,79TH ST,41.934193,-87.58134,04/12/2021 09:24:00 AM,2021
CR00027187,09/30/2024 07:39:00 PM,35,FOG/SMOKE/HAZE,DARKNESS - LIGHTED ROAD,REAR TO FRONT,FOUR WAY,TRAFFIC SIGNAL,IMPROPER OVERTAKING/PASSING,IMPROPER OVERTAKING/PASSING,0,0,2,2,19,2,9,509,CICERO AVE,41.778924,-87.804697,09/30/2024 09:09:00 PM,2024
CR00027188,11/13/2023 07:16:00 AM,35,CLEAR,DAYLIGHT,TURNING,ONE-WAY,NO CONTROLS,UNABLE TO DETERMINE,NOT APPLICABLE,0,0,1,1,7,2,11,925,HALSTED ST,41.914255,-87.626071,11/13/2023 09:10:00 AM,2023
CR00027189,03/14/2017 07:00:00 AM,30,CLEAR,DARKNESS - LIGHTED ROAD,REAR END,NOT DIVIDED,NO CONTROLS,FAILING TO REDUCE SPEED,DISTRACTION - FROM INSIDE VEHICLE,0,0,0,0,7,3,3,1842,OGDEN AVE,41.732193,-87.788921,03/14/2017 07:56:00 AM,2017
CR00027190,01/11/2024 12:42:00 PM,35,CLEAR,DAYLIGHT,REAR END,NOT DIVIDED,STOP SIGN/FLASHER,FOLLOWING TOO CLOSELY,FAILING TO YIELD RIGHT-OF-WAY,0,1,2,3,12,5,1,1729,ROOSEVELT RD,41.990208,-87.610017,01/11/2024 01:31:00 PM,2024
CR00027191,05/15/2024 07:36:00 AM,30,CLEAR,DAYLIGHT,REAR END,ONE-WAY,TRAFFIC SIGNAL,UNABLE TO DETERMINE,NOT APPLICABLE,0,0,0,0,7,4,5,1021,ELSTON AVE,41.973629,-87.609158,05/15/2024 09:30:00 AM,2024
CR00027192,09/08/2017 02:35:00 PM,30,CLEAR,DAYLIGHT,TURNING,NOT DIVIDED,UNKNOWN,UNABLE TO DETERMINE,NOT APPLICABLE,0,0,0,0,14,6,9,1469,63RD ST,41.769116,-87.690852,09/08/2017 04:29:00 PM,2017
CR00027193,01/18/2023 03:08:00 AM,30,CLEAR,DUSK,REAR END,NOT DIVIDED,STOP SIGN/FLASHER,DRIVING SKILLS/KNOWLEDGE/EXPERIENCE,UNABLE TO DETERMINE,0,0,2,2,3,4,1,833,47TH ST,41.793187,-87.512124,01/18/2023 03:20:00 AM,2023
CR00027194,04/20/2022 01:21:00 PM,25,CLEAR,DAYLIGHT,REAR END,NOT DIVIDED,TRAFFIC SIGNAL,IMPROPER OVERTAKING/PASSING,NOT APPLICABLE,0,0,0,0,13,4,4,1153,63RD ST,41.88068,-87.542939,04/20/2022 02:53:00 PM,2022
CR00027195,09/24/2015 11:04:00 AM,30,CLEAR,DARKNESS - LIGHTED ROAD,TURNING,NOT DIVIDED,YIELD,FAILING TO YIELD RIGHT-OF-WAY,FAILING TO YIELD RIGHT-OF-WAY,0,0,3,3,11,5,9,1393,FULLERTON AVE,41.727467,-87.795713,09/24/2015 12:50:00 PM,2015
CR00027196,08/20/2016 10:34:00 AM,40,CLEAR,DAYLIGHT,PARKED MOTOR VEHICLE,NOT DIVIDED,NO CONTROLS,DISREGARDING TRAFFIC SIGNALS,FAILING TO YIELD RIGHT-OF-WAY,0,0,0,0,10,7,8,1112,MICHIGAN AVE,41.8967,-87.553363,08/20/2016 10:38:00 AM,2016
CR00027197,06/28/2017 02:59:00 AM,25,CLOUDY/OVERCAST,DAYLIGHT,TURNING,DIVIDED - W/MEDIAN (NOT RAISED),TRAFFIC SIGNAL,FAILING TO REDUCE SPEED,UNABLE TO DETERMINE,0,0,0,0,2,4,6,606,79TH ST,41.714938,-87.683403,06/28/2017 03:31:00 AM,2017
CR00027198,08/05/2023 08:08:00 AM,35,CLEAR,DAYLIGHT,TURNING,ONE-WAY,TRAFFIC SIGNAL,UNABLE TO DETERMINE,DRIVING SKILLS/KNOWLEDGE/EXPERIENCE,0,0,3,3,8,7,8,1586,STONY ISLAND AVE,41.867126,-87.731991,08/05/2023 09:31:00 AM,2023
CR00027199,02/14/2018 08:21:00 AM,45,RAIN,DAYLIGHT,REAR END,NOT DIVIDED,STOP SIGN/FLASHER,FAILING TO YIELD RIGHT-OF-WAY,FOLLOWING TOO CLOSELY,0,0,1,1,8,4,2,718,47TH ST,41.705965,-87.535257,02/14/2018 08:56:00 AM,2018
CR00027200,11/23/2015 06:46:00 PM,35,RAIN,DAYLIGHT,PARKED MOTOR VEHICLE,DIVIDED - W/MEDIAN (NOT RAISED),TRAFFIC SIGNAL,UNABLE TO DETERMINE,FOLLOWING TOO CLOSELY,0,0,0,0,18,2,11,1176,OGDEN AVE,41.978292,-87.760185,11/23/2015 06:56:00 PM,2015
CR00027201,05/11/2022 12:10:00 PM,35,CLEAR,DARKNESS - LIGHTED ROAD,TURNING,NOT DIVIDED,NO CONTROLS,FOLLOWING TOO CLOSELY,UNABLE TO DETERMINE,0,0,0,0,12,4,5,2282,DAMEN AVE,41.70899,-87.838516,05/11/2022 01:45:00 PM,2022
CR00027202,01/07/2019 06:01:00 PM,25,CLEAR,DAYLIGHT,REAR END,NOT DIVIDED,STOP SIGN/FLASHER,UNABLE TO DETERMINE,FOLLOWING TOO CLOSELY,0,0,3,3,18,2,1,2260,MICHIGAN AVE,41.773614,-87.587215,01/07/2019 07:25:00 PM,2019
CR00027203,10/08/2015 10:39:00 AM,15,CLEAR,DAYLIGHT,ANGLE,ONE-WAY,NO CONTROLS,UNABLE TO DETERMINE,UNABLE TO DETERMINE,0,0,0,0,10,5,10,1798,HALSTED ST,41.820128,-87.660044,10/08/2015 11:00:00 AM,2015
CR00027204,04/23/2021 08:30:00 AM,45,CLEAR,DARKNESS,ANGLE,NOT DIVIDED,TRAFFIC SIGNAL,IMPROPER OVERTAKING/PASSING,FAILING TO YIELD RIGHT-OF-WAY,0,0,3,3,8,6,4,220,LAKE SHORE DR,41.756431,-87.511152,04/23/2021 10:12:00 AM,2021
CR00027205,10/20/2016 03:54:00 AM,20,CLEAR,DAYLIGHT,PARKED MOTOR VEHICLE,DIVIDED - W/MEDIAN (NOT RAISED),NO CONTROLS,FAILING TO YIELD RIGHT-OF-WAY,FAILING TO REDUCE SPEED,0,0,0,0,3,5,10,531,IRVING PARK RD,41.750803,-87.844861,10/20/2016 04:48:00 AM,2016
CR00027206,02/27/2020 12:45:00 PM,35,CLEAR,DARKNESS,REAR END,NOT DIVIDED,PEDESTRIAN CROSSING SIGN,DRIVING SKILLS/KNOWLEDGE/EXPERIENCE,IMPROPER LANE USAGE,0,0,0,0,12,5,2,1885,CICERO AVE,41.953387,-87.604702,02/27/2020 12:51:00 PM,2020
CR00027207,01/31/2017 03:29:00 PM,45,CLEAR,DAYLIGHT,REAR END,NOT DIVIDED,STOP SIGN/FLASHER,DRIVING SKILLS/KNOWLEDGE/EXPERIENCE,UNABLE TO DETERMINE,0,0,1,1,15,3,1,1491,KEDZIE AVE,41.952092,-87.585928,01/31/2017 03:42:00 PM,2017
CR00027208,12/31/2018 12:34:00 PM,20,CLEAR,DARKNESS - LIGHTED ROAD,REAR END,NOT DIVIDED,TRAFFIC SIGNAL,IMPROPER OVERTAKING/PASSING,FAILING TO REDUCE SPEED,0,1,1,2,12,2,12,1328,DAMEN AVE,41.822865,-87.543727,12/31/2018 01:55:00 PM,2018
CR00027209,05/07/2017 04:00:00 PM,35,CLEAR,DAYLIGHT,REAR END,ONE-WAY,TRAFFIC SIGNAL,FOLLOWING TOO CLOSELY,FAILING TO YIELD RIGHT-OF-WAY,0,0,0,0,16,1,5,2448,79TH ST,41.774583,-87.504746,05/07/2017 05:33:00 PM,2017
CR00027210,08/18/2016 04:42:00 PM,30,FOG/SMOKE/HAZE,DAYLIGHT,REAR END,DIVIDED - W/MEDIAN (NOT RAISED),PEDESTRIAN CROSSING SIGN,WEATHER,DISREGARDING TRAFFIC SIGNALS,0,0,0,0,16,5,8,1233,OGDEN AVE,41.724428,-87.585606,08/18/2016 05:06:00 PM,2016
CR00027211,05/16/2021 08:41:00 PM,45,RAIN,DAYLIGHT,SIDESWIPE SAME DIRECTION,NOT DIVIDED,TRAFFIC SIGNAL,UNABLE TO DETERMINE,FAILING TO YIELD RIGHT-OF-WAY,0,0,0,0,20,1,5,373,OGDEN AVE,41.710926,-87.67294,05/16/2021 09:40:00 PM,2021
CR00027212,11/04/2017 07:32:00 AM,20,CLEAR,DUSK,SIDESWIPE SAME DIRECTION,NOT DIVIDED,UNKNOWN,FAILING TO YIELD RIGHT-OF-WAY,DISTRACTION - FROM INSIDE VEHICLE,0,0,0,0,7,7,11,660,OGDEN AVE,41.745961,-87.628356,11/04/2017 08:08:00 AM,2017
CR00027213,08/09/2017 12:20:00 AM,30,CLEAR,DAYLIGHT,TURNING,NOT DIVIDED,PEDESTRIAN CROSSING SIGN,FAILING TO YIELD RIGHT-OF-WAY,DRIVING SKILLS/KNOWLEDGE/EXPERIENCE,0,0,2,2,0,4,8,2210,MICHIGAN AVE,41.704691,-87.777897,08/09/2017 02:07:00 AM,2017
CR00027214,11/14/2020 08:02:00 AM,40,CLEAR,DAYLIGHT,FIXED OBJECT,NOT DIVIDED,NO CONTROLS,DISTRACTION - FROM INSIDE VEHICLE,FAILING TO REDUCE SPEED,0,0,0,0,8,7,11,911,STATE ST,41.766396,-87.549539,11/14/2020 09:19:00 AM,2020
CR00027215,02/17/2015 05:12:00 PM,40,CLEAR,DAYLIGHT,ANGLE,DIVIDED - W/MEDIAN (NOT RAISED),YIELD,UNABLE TO DETERMINE,UNABLE TO DETERMINE,0,0,0,0,17,3,2,2104,HALSTED ST,41.793464,-87.727522,02/17/2015 05:57:00 PM,2015
CR00027216,06/23/2021 03:28:00 PM,15,CLEAR,DAYLIGHT,ANGLE,NOT DIVIDED,NO CONTROLS,DRIVING SKILLS/KNOWLEDGE/EXPERIENCE,DRIVING SKILLS/KNOWLEDGE/EXPERIENCE,0,0,2,2,15,4,6,2433,MICHIGAN AVE,41.993765,-87.604972,06/23/2021 03:54:00 PM,2021
CR00027217,11/08/2023 09:22:00 AM,40,RAIN,DAYLIGHT,PARKED MOTOR VEHICLE,DIVIDED - W/MEDIAN (NOT RAISED),STOP SIGN/FLASHER,FOLLOWING TOO CLOSELY,NOT APPLICABLE,0,0,0,0,9,4,11,2520,ARCHER AVE,41.835711,-87.722619,11/08/2023 09:30:00 AM,2023
CR00027218,11/23/2020 07:42:00 AM,30,CLEAR,DAYLIGHT,FIXED OBJECT,ONE-WAY,NO CONTROLS,IMPROPER LANE USAGE,IMPROPER OVERTAKING/PASSING,0,0,0,0,7,2,11,1314,STATE ST,41.924677,-87.755332,11/23/2020 08:16:00 AM,2020
CR00027219,05/15/2017 08:52:00 PM,30,CLEAR,DARKNESS - LIGHTED ROAD,TURNING,FOUR WAY,TRAFFIC SIGNAL,UNABLE TO DETERMINE,FAILING TO YIELD RIGHT-OF-WAY,0,0,0,0,20,2,5,1558,HALSTED ST,41.857396,-87.674018,05/15/2017 09:51:00 PM,2017
CR00027220,10/31/2017 03:17:00 PM,25,CLEAR,DAYLIGHT,SIDESWIPE SAME DIRECTION,DIVIDED - W/MEDIAN (NOT RAISED),TRAFFIC SIGNAL,IMPROPER LANE USAGE,DISREGARDING TRAFFIC SIGNALS,0,0,0,0,15,3,10,525,ASHLAND AVE,41.925332,-87.576924,10/31/2017 04:21:00 PM,2017
CR00027221,03/26/2024 08:34:00 AM,45,CLEAR,DARKNESS - LIGHTED ROAD,REAR END,ONE-WAY,TRAFFIC SIGNAL,FAILING TO YIELD RIGHT-OF-WAY,DRIVING SKILLS/KNOWLEDGE/EXPERIENCE,0,0,3,3,8,3,3,167,CALIFORNIA AVE,41.762328,-87.734615,03/26/2024 10:13:00 AM,2024
CR00027222,07/28/2023 03:43:00 PM,30,SNOW,DAYLIGHT,SIDESWIPE SAME DIRECTION,DIVIDED - W/MEDIAN (NOT RAISED),NO CONTROLS,FAILING TO YIELD RIGHT-OF-WAY,UNABLE TO DETERMINE,0,0,3,3,15,6,7,1859,DAMEN AVE,41.977946,-87.814534,07/28/2023 04:26:00 PM,2023
CR00027223,05/23/2020 06:40:00 PM,45,CLEAR,DAYLIGHT,REAR END,NOT DIVIDED,TRAFFIC SIGNAL,UNABLE TO DETERMINE,IMPROPER OVERTAKING/PASSING,0,1,1,2,18,7,5,402,63RD ST,41.945098,-87.762394,05/23/2020 07:48:00 PM,2020
CR00027224,05/21/2024 07:59:00 PM,30,CLEAR,DAYLIGHT,REAR END,FOUR WAY,TRAFFIC SIGNAL,UNABLE TO DETERMINE,DRIVING SKILLS/KNOWLEDGE/EXPERIENCE,0,0,0,0,19,3,5,1503,ARCHER AVE,41.87863,-87.556181,05/21/2024 09:15:00 PM,2024
CR00027225,06/28/2018 02:47:00 AM,45,FREEZING RAIN/DRIZZLE,DAYLIGHT,REAR END,NOT DIVIDED,UNKNOWN,DISTRACTION - FROM INSIDE VEHICLE,NOT APPLICABLE,0,0,0,0,2,5,6,721,HALSTED ST,41.747078,-87.831604,06/28/2018 03:25:00 AM,2018
CR00027226,07/30/2017 07:45:00 AM,15,CLEAR,DAYLIGHT,REAR END,FOUR WAY,NO CONTROLS,IMPROPER OVERTAKING/PASSING,IMPROPER OVERTAKING/PASSING,0,0,1,1,7,1,7,2115,KEDZIE AVE,41.904017,-87.54879,07/30/2017 09:38:00 AM,2017
CR00027227,07/26/2021 08:49:00 PM,35,CLEAR,DAYLIGHT,SIDESWIPE SAME DIRECTION,NOT DIVIDED,UNKNOWN,FOLLOWING TOO CLOSELY,FOLLOWING TOO CLOSELY,0,0,0,0,20,2,7,257,WESTERN AVE,41.816828,-87.559639,07/26/2021 09:28:00 PM,2021
CR00027228,01/13/2021 11:48:00 AM,35,CLEAR,DAYLIGHT,REAR TO FRONT,DIVIDED - W/MEDIAN (NOT RAISED),NO CONTROLS,IMPROPER LANE USAGE,FAILING TO YIELD RIGHT-OF-WAY,0,0,0,0,11,4,1,2110,63RD ST,41.905244,-87.72725,01/13/2021 01:45:00 PM,2021
CR00027229,05/31/2016 08:22:00 AM,40,FOG/SMOKE/HAZE,DAYLIGHT,TURNING,T-INTERSECTION,TRAFFIC SIGNAL,UNABLE TO DETERMINE,DRIVING SKILLS/KNOWLEDGE/EXPERIENCE,0,0,0,0,8,3,5,2327,HALSTED ST,41.845279,-87.631781,05/31/2016 09:51:00 AM,2016
CR00027230,07/21/2021 06:09:00 PM,25,RAIN,DAYLIGHT,REAR END,DIVIDED - W/MEDIAN BARRIER,PEDESTRIAN CROSSING SIGN,DRIVING SKILLS/KNOWLEDGE/EXPERIENCE,NOT APPLICABLE,0,0,0,0,18,4,7,563,ELSTON AVE,41.708619,-87.601001,07/21/2021 07:30:00 PM,2021
CR00027231,09/09/2024 04:28:00 AM,35,CLEAR,DAYLIGHT,REAR END,NOT DIVIDED,TRAFFIC SIGNAL,FAILING TO REDUCE SPEED,UNABLE TO DETERMINE,0,0,0,0,4,2,9,760,ASHLAND AVE,41.878341,-87.556493,09/09/2024 05:38:00 AM,2024
CR00027232,08/31/2021 04:08:00 PM,30,RAIN,DAYLIGHT,ANGLE,NOT DIVIDED,STOP SIGN/FLASHER,UNABLE TO DETERMINE,FAILING TO YIELD RIGHT-OF-WAY,0,0,0,0,16,3,8,2245,BROADWAY,41.72121,-87.602525,08/31/2021 05:02:00 PM,2021
CR00027233,01/15/2018 04:17:00 PM,20,CLEAR,DAYLIGHT,SIDESWIPE SAME DIRECTION,DIVIDED - W/MEDIAN (NOT RAISED),TRAFFIC SIGNAL,IMPROPER OVERTAKING/PASSING,WEATHER,0,0,0,0,16,2,1,2470,MILWAUKEE AVE,41.835295,-87.558505,01/15/2018 04:40:00 PM,2018
CR00027234,07/19/2018 03:32:00 PM,30,CLOUDY/OVERCAST,DAYLIGHT,REAR TO FRONT,DIVIDED - W/MEDIAN (NOT RAISED),NO CONTROLS,UNABLE TO DETERMINE,DISTRACTION - FROM INSIDE VEHICLE,0,0,0,0,15,5,7,413,HALSTED ST,41.8959,-87.575154,07/19/2018 04:37:00 PM,2018
CR00027235,10/28/2023 07:19:00 AM,30,CLEAR,DARKNESS - LIGHTED ROAD,FIXED OBJECT,DIVIDED - W/MEDIAN (NOT RAISED),TRAFFIC SIGNAL,UNABLE TO DETERMINE,FAILING TO REDUCE SPEED,0,0,0,0,7,7,10,1191,79TH ST,41.912157,-87.786542,10/28/2023 08:25:00 AM,2023
CR00027236,06/14/2018 11:05:00 AM,30,CLEAR,DARKNESS - LIGHTED ROAD,REAR END,NOT DIVIDED,TRAFFIC SIGNAL,UNABLE TO DETERMINE,FAILING TO REDUCE SPEED,0,0,1,1,11,5,6,2505,WESTERN AVE,41.738128,-87.715576,06/14/2018 11:51:00 AM,2018