CRASH_RECORD_ID,CRASH_DATE,POSTED_SPEED_LIMIT,WEATHER_CONDITION,LIGHTING_CONDITION,FIRST_CRASH_TYPE,TRAFFICWAY_TYPE,TRAFFIC_CONTROL_DEVICE,PRIM_CONTRIBUTORY_CAUSE,SEC_CONTRIBUTORY_CAUSE,INJURIES_FATAL,INJURIES_INCAPACITATING,INJURIES_NON_INCAPACITATING,INJURIES_TOTAL,CRASH_HOUR,CRASH_DAY_OF_WEEK,CRASH_MONTH,BEAT_OF_OCCURRENCE,STREET_NAME,LATITUDE,LONGITUDE,DATE_POLICE_NOTIFIED,year
CR00027237,01/06/2019 10:13:00 AM,35,CLEAR,DAYLIGHT,REAR END,T-INTERSECTION,NO CONTROLS,UNABLE TO DETERMINE,UNABLE TO DETERMINE,0,0,1,1,10,1,1,843,79TH ST,41.712457,-87.551303,01/06/2019 10:40:00 AM,2019
CR00027238,12/03/2021 01:04:00 AM,30,CLEAR,DAYLIGHT,REAR END,NOT DIVIDED,NO CONTROLS,UNABLE TO DETERMINE,IMPROPER OVERTAKING/PASSING,0,0,0,0,1,6,12,1315,CICERO AVE,41.900975,-87.637819,12/03/2021 02:24:00 AM,2021
CR00027239,07/30/2023 02:54:00 AM,20,CLEAR,DAYLIGHT,SIDESWIPE SAME DIRECTION,NOT DIVIDED,TRAFFIC SIGNAL,FOLLOWING TOO CLOSELY,UNABLE TO DETERMINE,0,0,0,0,2,1,7,1990,WESTERN AVE,41.898098,-87.743804,07/30/2023 04:18:00 AM,2023
CR00027240,06/13/2020 05:22:00 PM,25,RAIN,DAYLIGHT,SIDESWIPE SAME DIRECTION,FOUR WAY,NO CONTROLS,FOLLOWING TOO CLOSELY,IMPROPER LANE USAGE,0,0,0,0,17,7,6,1699,CICERO AVE,41.837034,-87.663157,06/13/2020 06:55:00 PM,2020
CR00027241,10/21/2023 03:08:00 PM,30,CLEAR,DARKNESS - LIGHTED ROAD,ANGLE,ONE-WAY,TRAFFIC SIGNAL,DRIVING SKILLS/KNOWLEDGE/EXPERIENCE,DISTRACTION - FROM INSIDE VEHICLE,0,0,0,0,15,7,10,1566,ARCHER AVE,41.767724,-87.584104,10/21/2023 04:28:00 PM,2023
CR00027242,10/09/2021 03:00:00 PM,30,SNOW,DAYLIGHT,ANGLE,DIVIDED - W/MEDIAN (NOT RAISED),NO CONTROLS,UNABLE TO DETERMINE,NOT APPLICABLE,0,0,0,0,15,7,10,1578,ELSTON AVE,41.71588,-87.700327,10/09/2021 04:07:00 PM,2021
CR00027243,11/20/2015 06:04:00 PM,30,CLEAR,DAYLIGHT,REAR END,DIVIDED - W/MEDIAN (NOT RAISED),NO CONTROLS,DRIVING SKILLS/KNOWLEDGE/EXPERIENCE,NOT APPLICABLE,0,0,0,0,18,6,11,854,47TH ST,41.858059,-87.843915,11/20/2015 06:25:00 PM,2015
CR00027244,07/11/2016 01:06:00 PM,35,RAIN,DAYLIGHT,PARKED MOTOR VEHICLE,NOT DIVIDED,STOP SIGN/FLASHER,DISTRACTION - FROM INSIDE VEHICLE,FOLLOWING TOO CLOSELY,0,0,0,0,13,2,7,519,STATE ST,41.912156,-87.554473,07/11/2016 01:08:00 PM,2016
CR00027245,05/01/2020 03:14:00 PM,45,CLEAR,DARKNESS - LIGHTED ROAD,TURNING,NOT DIVIDED,STOP SIGN/FLASHER,UNABLE TO DETERMINE,FAILING TO YIELD RIGHT-OF-WAY,0,0,0,0,15,6,5,2199,DAMEN AVE,41.765561,-87.559739,05/01/2020 03:38:00 PM,2020
CR00027246,04/19/2021 08:20:00 AM,25,FOG/SMOKE/HAZE,DAYLIGHT,TURNING,ONE-WAY,STOP SIGN/FLASHER,FOLLOWING TOO CLOSELY,NOT APPLICABLE,0,0,0,0,8,2,4,2151,CLARK ST,41.985009,-87.73886,04/19/2021 09:28:00 AM,2021
CR00027247,07/09/2016 10:21:00 PM,25,CLEAR,DAYLIGHT,REAR END,DIVIDED - W/MEDIAN (NOT RAISED),TRAFFIC SIGNAL,FAILING TO YIELD RIGHT-OF-WAY,FAILING TO YIELD RIGHT-OF-WAY,0,0,0,0,22,7,7,448,79TH ST,41.976505,-87.571404,07/09/2016 11:25:00 PM,2016
CR00027248,09/27/2017 07:16:00 AM,30,CLEAR,DAYLIGHT,REAR END,NOT DIVIDED,NO CONTROLS,UNABLE TO DETERMINE,IMPROPER LANE USAGE,0,0,0,0,7,4,9,1923,DIVISION ST,41.981485,-87.562271,09/27/2017 08:35:00 AM,2017
CR00027249,11/02/2023 12:47:00 PM,40,CLEAR,DARKNESS - LIGHTED ROAD,REAR END,NOT DIVIDED,TRAFFIC SIGNAL,FAILING TO REDUCE SPEED,UNABLE TO DETERMINE,0,0,0,0,12,5,11,1250,WESTERN AVE,41.764327,-87.573002,11/02/2023 01:27:00 PM,2023
CR00027250,12/06/2017 12:46:00 PM,30,CLEAR,DARKNESS - LIGHTED ROAD,REAR END,ONE-WAY,NO CONTROLS,IMPROPER LANE USAGE,FAILING TO YIELD RIGHT-OF-WAY,0,0,1,1,12,4,12,1810,63RD ST,41.926077,-87.576117,12/06/2017 01:51:00 PM,2017
CR00027251,03/20/2020 09:23:00 AM,30,SNOW,DARKNESS - LIGHTED ROAD,SIDESWIPE SAME DIRECTION,ONE-WAY,NO CONTROLS,UNABLE TO DETERMINE,FAILING TO REDUCE SPEED,0,0,1,1,9,6,3,930,CLARK ST,41.953228,-87.829825,03/20/2020 11:05:00 AM,2020
CR00027252,01/01/2019 05:27:00 AM,30,CLEAR,DAYLIGHT,REAR END,FOUR WAY,STOP SIGN/FLASHER,FOLLOWING TOO CLOSELY,FOLLOWING TOO CLOSELY,0,1,3,4,5,3,1,2154,47TH ST,41.726871,-87.753544,01/01/2019 07:20:00 AM,2019
CR00027253,12/01/2018 07:35:00 AM,20,RAIN,DARKNESS - LIGHTED ROAD,REAR END,DIVIDED - W/MEDIAN (NOT RAISED),NO CONTROLS,WEATHER,UNABLE TO DETERMINE,0,0,0,0,7,7,12,620,79TH ST,41.79433,-87.64432,12/01/2018 09:16:00 AM,2018
CR00027254,06/05/2021 12:15:00 AM,40,CLEAR,DARKNESS - LIGHTED ROAD,SIDESWIPE SAME DIRECTION,ONE-WAY,NO CONTROLS,FOLLOWING TOO CLOSELY,FOLLOWING TOO CLOSELY,0,2,1,3,0,7,6,2087,OGDEN AVE,41.77051,-87.8302,06/05/2021 01:46:00 AM,2021
CR00027255,06/09/2019 11:08:00 PM,30,CLEAR,DARKNESS - LIGHTED ROAD,FIXED OBJECT,NOT DIVIDED,NO CONTROLS,WEATHER,NOT APPLICABLE,0,0,0,0,23,1,6,175,CICERO AVE,41.840873,-87.659053,06/10/2019 12:05:00 AM,2019
CR00027256,03/19/2024 01:56:00 AM,35,CLEAR,DAYLIGHT,PEDESTRIAN,DIVIDED - W/MEDIAN BARRIER,NO CONTROLS,DISTRACTION - FROM INSIDE VEHICLE,IMPROPER LANE USAGE,0,0,3,3,1,3,3,1949,47TH ST,41.984132,-87.680347,03/19/2024 03:44:00 AM,2024
CR00027257,09/05/2022 12:54:00 PM,20,CLEAR,DAYLIGHT,REAR END,DIVIDED - W/MEDIAN (NOT RAISED),STOP SIGN/FLASHER,UNABLE TO DETERMINE,IMPROPER OVERTAKING/PASSING,0,0,0,0,12,2,9,1286,ARCHER AVE,41.903805,-87.786982,09/05/2022 01:45:00 PM,2022
CR00027258,09/17/2017 05:11:00 PM,40,CLEAR,DAWN,REAR TO FRONT,NOT DIVIDED,NO CONTROLS,FAILING TO REDUCE SPEED,FAILING TO REDUCE SPEED,0,0,0,0,17,1,9,1083,ELSTON AVE,41.957893,-87.736172,09/17/2017 06:02:00 PM,2017
CR00027259,12/15/2024 05:42:00 PM,35,CLOUDY/OVERCAST,DAYLIGHT,PARKED MOTOR VEHICLE,NOT DIVIDED,STOP SIGN/FLASHER,DISTRACTION - FROM INSIDE VEHICLE,FOLLOWING TOO CLOSELY,0,0,0,0,17,1,12,699,HALSTED ST,41.906882,-87.686215,12/15/2024 07:20:00 PM,2024
CR00027260,03/10/2024 08:32:00 AM,20,CLEAR,DAYLIGHT,ANGLE,DIVIDED - W/MEDIAN BARRIER,STOP SIGN/FLASHER,IMPROPER OVERTAKING/PASSING,NOT APPLICABLE,0,0,0,0,8,1,3,1129,IRVING PARK RD,41.842345,-87.809668,03/10/2024 09:38:00 AM,2024
CR00027261,12/07/2022 05:28:00 AM,40,CLEAR,DARKNESS - LIGHTED ROAD,PEDESTRIAN,DIVIDED - W/MEDIAN BARRIER,TRAFFIC SIGNAL,DISTRACTION - FROM INSIDE VEHICLE,UNABLE TO DETERMINE,0,0,0,0,5,4,12,380,MILWAUKEE AVE,41.981856,-87.845427,12/07/2022 06:05:00 AM,2022
CR00027262,06/18/2022 04:07:00 PM,20,SNOW,DAYLIGHT,SIDESWIPE SAME DIRECTION,DIVIDED - W/MEDIAN (NOT RAISED),NO CONTROLS,UNABLE TO DETERMINE,FAILING TO YIELD RIGHT-OF-WAY,0,0,0,0,16,7,6,1843,79TH ST,41.93633,-87.746241,06/18/2022 04:28:00 PM,2022
CR00027263,02/16/2021 05:22:00 PM,30,CLEAR,DAYLIGHT,PARKED MOTOR VEHICLE,NOT DIVIDED,STOP SIGN/FLASHER,UNABLE TO DETERMINE,DRIVING SKILLS/KNOWLEDGE/EXPERIENCE,0,0,1,1,17,3,2,1521,LAKE SHORE DR,41.818926,-87.768414,02/16/2021 05:52:00 PM,2021
CR00027264,04/13/2018 06:10:00 PM,30,CLEAR,DUSK,REAR END,DIVIDED - W/MEDIAN BARRIER,TRAFFIC SIGNAL,FAILING TO YIELD RIGHT-OF-WAY,UNABLE TO DETERMINE,0,2,1,3,18,6,4,2319,WESTERN AVE,41.848195,-87.529392,04/13/2018 07:07:00 PM,2018
CR00027265,09/16/2021 10:12:00 PM,20,CLEAR,DAYLIGHT,REAR TO FRONT,DIVIDED - W/MEDIAN BARRIER,STOP SIGN/FLASHER,DISREGARDING TRAFFIC SIGNALS,NOT APPLICABLE,0,0,0,0,22,5,9,1744,STATE ST,41.73957,-87.830996,09/16/2021 11:43:00 PM,2021
CR00027266,08/10/2019 10:43:00 AM,25,CLEAR,DAYLIGHT,SIDESWIPE SAME DIRECTION,DIVIDED - W/MEDIAN (NOT RAISED),TRAFFIC SIGNAL,DISTRACTION - FROM INSIDE VEHICLE,NOT APPLICABLE,0,1,2,3,10,7,8,588,CICERO AVE,41.777895,-87.756635,08/10/2019 11:29:00 AM,2019
CR00027267,09/24/2021 08:33:00 AM,45,CLEAR,DUSK,REAR TO FRONT,NOT DIVIDED,TRAFFIC SIGNAL,IMPROPER OVERTAKING/PASSING,IMPROPER LANE USAGE,0,0,0,0,8,6,9,121,ASHLAND AVE,41.882434,-87.687747,09/24/2021 08:48:00 AM,2021
CR00027268,01/01/2022 08:03:00 AM,35,CLEAR,DAYLIGHT,PARKED MOTOR VEHICLE,NOT DIVIDED,TRAFFIC SIGNAL,DRIVING SKILLS/KNOWLEDGE/EXPERIENCE,DISREGARDING TRAFFIC SIGNALS,0,0,0,0,8,7,1,1650,LAKE SHORE DR,41.788708,-87.603028,01/01/2022 08:48:00 AM,2022
CR00027269,05/15/2018 03:37:00 PM,35,CLEAR,DAYLIGHT,TURNING,T-INTERSECTION,TRAFFIC SIGNAL,FAILING TO YIELD RIGHT-OF-WAY,DISTRACTION - FROM INSIDE VEHICLE,0,0,0,0,15,3,5,1830,47TH ST,41.76012,-87.62486,05/15/2018 04:25:00 PM,2018
CR00027270,12/09/2020 09:35:00 AM,35,CLEAR,DAYLIGHT,REAR END,NOT DIVIDED,TRAFFIC SIGNAL,UNABLE TO DETERMINE,UNABLE TO DETERMINE,0,0,1,1,9,4,12,769,79TH ST,41.957457,-87.832568,12/09/2020 10:01:00 AM,2020
CR00027271,07/01/2020 07:34:00 AM,30,CLEAR,DAYLIGHT,TURNING,NOT DIVIDED,NO CONTROLS,DRIVING SKILLS/KNOWLEDGE/EXPERIENCE,UNABLE TO DETERMINE,0,1,2,3,7,4,7,1482,BROADWAY,41.843838,-87.713594,07/01/2020 08:12:00 AM,2020
CR00027272,12/17/2020 04:52:00 AM,40,CLEAR,DAYLIGHT,ANGLE,NOT DIVIDED,NO CONTROLS,FAILING TO YIELD RIGHT-OF-WAY,UNABLE TO DETERMINE,0,0,3,3,4,5,12,1571,63RD ST,41.997548,-87.543427,12/17/2020 05:40:00 AM,2020
CR00027273,06/28/2021 10:38:00 PM,35,CLEAR,DARKNESS - LIGHTED ROAD,REAR END,NOT DIVIDED,NO CONTROLS,IMPROPER OVERTAKING/PASSING,FAILING TO YIELD RIGHT-OF-WAY,0,0,0,0,22,2,6,1881,IRVING PARK RD,41.73621,-87.509065,06/29/2021 12:13:00 AM,2021
CR00027274,01/23/2022 07:20:00 PM,35,SNOW,DAYLIGHT,SIDESWIPE SAME DIRECTION,NOT DIVIDED,STOP SIGN/FLASHER,UNABLE TO DETERMINE,FOLLOWING TOO CLOSELY,0,0,2,2,19,1,1,1426,STONY ISLAND AVE,41.824974,-87.819912,01/23/2022 07:42:00 PM,2022
CR00027275,10/01/2016 08:59:00 AM,45,CLEAR,DARKNESS - LIGHTED ROAD,FIXED OBJECT,NOT DIVIDED,NO CONTROLS,UNABLE TO DETERMINE,FAILING TO YIELD RIGHT-OF-WAY,0,0,0,0,8,7,10,157,KEDZIE AVE,41.775957,-87.727207,10/01/2016 10:35:00 AM,2016
CR00027276,06/21/2024 01:05:00 PM,15,CLEAR,DAYLIGHT,ANGLE,DIVIDED - W/MEDIAN (NOT RAISED),STOP SIGN/FLASHER,FAILING TO REDUCE SPEED,DRIVING SKILLS/KNOWLEDGE/EXPERIENCE,0,0,2,2,13,6,6,246,ASHLAND AVE,41.842565,-87.588851,06/21/2024 01:43:00 PM,2024
CR00027277,04/17/2021 09:58:00 AM,45,FREEZING RAIN/DRIZZLE,DUSK,FIXED OBJECT,ONE-WAY,TRAFFIC SIGNAL,FAILING TO YIELD RIGHT-OF-WAY,UNABLE TO DETERMINE,0,0,0,0,9,7,4,1066,MILWAUKEE AVE,41.922508,-87.732458,04/17/2021 10:50:00 AM,2021
CR00027278,07/28/2021 01:08:00 PM,30,CLEAR,DAYLIGHT,ANGLE,NOT DIVIDED,TRAFFIC SIGNAL,UNABLE TO DETERMINE,FAILING TO YIELD RIGHT-OF-WAY,0,0,2,2,13,4,7,2357,47TH ST,41.834486,-87.756909,07/28/2021 03:02:00 PM,2021
CR00027279,03/20/2018 08:31:00 PM,35,CLEAR,DAYLIGHT,REAR END,FOUR WAY,NO CONTROLS,DISTRACTION - FROM INSIDE VEHICLE,NOT APPLICABLE,0,0,0,0,20,3,3,546,47TH ST,41.83153,-87.594235,03/20/2018 08:52:00 PM,2018
CR00027280,01/04/2019 06:14:00 PM,35,RAIN,DAYLIGHT,REAR END,DIVIDED - W/MEDIAN (NOT RAISED),NO CONTROLS,FOLLOWING TOO CLOSELY,IMPROPER LANE USAGE,0,0,0,0,18,6,1,163,LAKE SHORE DR,41.83966,-87.719243,01/04/2019 06:35:00 PM,2019
CR00027281,07/20/2020 12:23:00 PM,35,CLEAR,DAYLIGHT,PARKED MOTOR VEHICLE,NOT DIVIDED,UNKNOWN,UNABLE TO DETERMINE,UNABLE TO DETERMINE,0,0,0,0,12,2,7,1467,PULASKI RD,41.837764,-87.552898,07/20/2020 02:18:00 PM,2020
CR00027282,06/09/2015 08:21:00 AM,35,CLEAR,DARKNESS,REAR END,NOT DIVIDED,UNKNOWN,UNABLE TO DETERMINE,FOLLOWING TOO CLOSELY,0,0,0,0,8,3,6,1296,ROOSEVELT RD,41.742583,-87.816891,06/09/2015 08:41:00 AM,2015
CR00027283,11/01/2018 07:15:00 AM,20,CLEAR,DAYLIGHT,REAR END,NOT DIVIDED,NO CONTROLS,IMPROPER OVERTAKING/PASSING,NOT APPLICABLE,0,1,0,1,7,5,11,1097,STONY ISLAND AVE,41.828666,-87.62952,11/01/2018 08:12:00 AM,2018
CR00027284,06/18/2019 01:24:00 PM,45,CLOUDY/OVERCAST,DAYLIGHT,SIDESWIPE SAME DIRECTION,DIVIDED - W/MEDIAN BARRIER,NO CONTROLS,UNABLE TO DETERMINE,NOT APPLICABLE,0,0,0,0,13,3,6,476,LAKE SHORE DR,41.820615,-87.786318,06/18/2019 02:43:00 PM,2019
CR00027285,05/06/2020 03:39:00 PM,25,CLOUDY/OVERCAST,DAYLIGHT,ANGLE,DIVIDED - W/MEDIAN (NOT RAISED),TRAFFIC SIGNAL,FOLLOWING TOO CLOSELY,NOT APPLICABLE,0,0,0,0,15,4,5,492,DAMEN AVE,41.776403,-87.64286,05/06/2020 05:27:00 PM,2020
CR00027286,09/01/2017 01:15:00 PM,30,CLEAR,DUSK,REAR END,NOT DIVIDED,STOP SIGN/FLASHER,FAILING TO YIELD RIGHT-OF-WAY,IMPROPER LANE USAGE,0,0,0,0,13,6,9,2086,ASHLAND AVE,41.921513,-87.765888,09/01/2017 01:47:00 PM,2017
CR00027287,04/12/2018 09:37:00 AM,35,CLEAR,DARKNESS,TURNING,DIVIDED - W/MEDIAN (NOT RAISED),TRAFFIC SIGNAL,UNABLE TO DETERMINE,DRIVING SKILLS/KNOWLEDGE/EXPERIENCE,0,0,0,0,9,5,4,1996,PULASKI RD,41.722373,-87.656173,04/12/2018 10:38:00 AM,2018
CR00027288,10/07/2022 02:30:00 AM,35,RAIN,DAYLIGHT,REAR END,NOT DIVIDED,NO CONTROLS,IMPROPER LANE USAGE,DISREGARDING TRAFFIC SIGNALS,0,0,0,0,2,6,10,1350,STATE ST,41.826193,-87.720969,10/07/2022 04:07:00 AM,2022
CR00027289,06/01/2016 07:31:00 AM,35,RAIN,DAYLIGHT,ANGLE,NOT DIVIDED,STOP SIGN/FLASHER,IMPROPER LANE USAGE,FOLLOWING TOO CLOSELY,0,0,0,0,7,4,6,2516,WESTERN AVE,41.893455,-87.606679,06/01/2016 07:38:00 AM,2016
CR00027290,04/06/2016 07:20:00 AM,35,CLOUDY/OVERCAST,DARKNESS - LIGHTED ROAD,TURNING,FOUR WAY,TRAFFIC SIGNAL,DISREGARDING TRAFFIC SIGNALS,FAILING TO YIELD RIGHT-OF-WAY,0,0,3,3,7,4,4,2299,63RD ST,41.960425,-87.704976,04/06/2016 09:16:00 AM,2016
CR00027291,02/08/2015 03:28:00 PM,30,CLEAR,DARKNESS - LIGHTED ROAD,TURNING,NOT DIVIDED,TRAFFIC SIGNAL,FOLLOWING TOO CLOSELY,UNABLE TO DETERMINE,0,0,0,0,15,1,2,1444,DIVISION ST,41.971376,-87.511598,02/08/2015 03:53:00 PM,2015
CR00027292,04/12/2018 05:54:00 PM,20,RAIN,DARKNESS - LIGHTED ROAD,REAR TO FRONT,FOUR WAY,TRAFFIC SIGNAL,IMPROPER OVERTAKING/PASSING,UNABLE TO DETERMINE,0,0,0,0,17,5,4,108,STONY ISLAND AVE,41.991742,-87.804877,04/12/2018 06:39:00 PM,2018
CR00027293,12/10/2018 05:57:00 PM,45,SNOW,DARKNESS - LIGHTED ROAD,REAR END,NOT DIVIDED,TRAFFIC SIGNAL,FOLLOWING TOO CLOSELY,DRIVING SKILLS/KNOWLEDGE/EXPERIENCE,0,0,0,0,17,2,12,204,PULASKI RD,41.962845,-87.614311,12/10/2018 06:19:00 PM,2018
CR00027294,04/14/2021 03:38:00 PM,30,SNOW,DARKNESS - LIGHTED ROAD,TURNING,FOUR WAY,UNKNOWN,UNABLE TO DETERMINE,NOT APPLICABLE,0,0,0,0,15,4,4,525,ASHLAND AVE,41.780781,-87.749848,04/14/2021 05:07:00 PM,2021
CR00027295,07/14/2021 06:05:00 AM,35,CLEAR,DAYLIGHT,REAR END,DIVIDED - W/MEDIAN BARRIER,TRAFFIC SIGNAL,UNABLE TO DETERMINE,FAILING TO YIELD RIGHT-OF-WAY,0,0,0,0,6,4,7,2463,IRVING PARK RD,41.751483,-87.607304,07/14/2021 07:04:00 AM,2021
CR00027296,10/31/2019 09:16:00 AM,35,SNOW,DAYLIGHT,ANGLE,NOT DIVIDED,TRAFFIC SIGNAL,IMPROPER LANE USAGE,NOT APPLICABLE,0,0,0,0,9,5,10,1270,CALIFORNIA AVE,41.845632,-87.58402,10/31/2019 10:47:00 AM,2019
CR00027297,05/06/2018 05:06:00 PM,40,CLEAR,DAYLIGHT,SIDESWIPE SAME DIRECTION,FOUR WAY,NO CONTROLS,FOLLOWING TOO CLOSELY,NOT APPLICABLE,0,0,0,0,17,1,5,1764,FULLERTON AVE,41.980054,-87.725534,05/06/2018 05:41:00 PM,2018
CR00027298,01/26/2023 08:41:00 PM,30,CLEAR,DARKNESS - LIGHTED ROAD,FIXED OBJECT,DIVIDED - W/MEDIAN BARRIER,NO CONTROLS,IMPROPER OVERTAKING/PASSING,IMPROPER OVERTAKING/PASSING,0,0,0,0,20,5,1,145,63RD ST,41.708704,-87.618328,01/26/2023 09:11:00 PM,2023
CR00027299,04/24/2017 12:15:00 PM,30,FREEZING RAIN/DRIZZLE,DARKNESS - LIGHTED ROAD,REAR END,FOUR WAY,STOP SIGN/FLASHER,WEATHER,IMPROPER OVERTAKING/PASSING,0,0,0,0,12,2,4,2310,WESTERN AVE,41.774035,-87.698713,04/24/2017 01:37:00 PM,2017
CR00027300,01/27/2019 07:58:00 AM,20,CLEAR,DAYLIGHT,REAR END,NOT DIVIDED,NO CONTROLS,FOLLOWING TOO CLOSELY,UNABLE TO DETERMINE,0,0,0,0,7,1,1,460,WESTERN AVE,41.723843,-87.77629,01/27/2019 08:44:00 AM,2019
CR00027301,10/13/2024 07:50:00 PM,45,CLEAR,DAYLIGHT,REAR END,NOT DIVIDED,NO CONTROLS,DRIVING SKILLS/KNOWLEDGE/EXPERIENCE,DISREGARDING TRAFFIC SIGNALS,0,0,0,0,19,1,10,2500,CLARK ST,41.806727,-87.591525,10/13/2024 08:15:00 PM,2024
CR00027302,03/17/2015 06:09:00 AM,30,CLEAR,DAYLIGHT,TURNING,DIVIDED - W/MEDIAN (NOT RAISED),STOP SIGN/FLASHER,IMPROPER OVERTAKING/PASSING,UNABLE TO DETERMINE,0,0,0,0,6,3,3,2100,MICHIGAN AVE,41.771541,-87.731812,03/17/2015 07:12:00 AM,2015
CR00027303,08/19/2018 04:59:00 PM,20,FOG/SMOKE/HAZE,DAYLIGHT,FIXED OBJECT,NOT DIVIDED,TRAFFIC SIGNAL,FOLLOWING TOO CLOSELY,NOT APPLICABLE,0,0,0,0,16,1,8,1513,PULASKI RD,41.742856,-87.818727,08/19/2018 05:03:00 PM,2018
CR00027304,08/14/2017 08:35:00 AM,35,CLEAR,DAYLIGHT,TURNING,ONE-WAY,NO CONTROLS,UNABLE TO DETERMINE,UNABLE TO DETERMINE,0,0,2,2,8,2,8,2295,PULASKI RD,41.943997,-87.520072,08/14/2017 10:16:00 AM,2017
CR00027305,07/08/2020 08:56:00 PM,20,RAIN,DARKNESS - LIGHTED ROAD,REAR END,NOT DIVIDED,NO CONTROLS,UNABLE TO DETERMINE,DRIVING SKILLS/KNOWLEDGE/EXPERIENCE,0,0,0,0,20,4,7,1421,CICERO AVE,41.932768,-87.837374,07/08/2020 09:34:00 PM,2020
CR00027306,11/01/2022 03:52:00 PM,35,CLEAR,DARKNESS,REAR END,NOT DIVIDED,NO CONTROLS,FAILING TO YIELD RIGHT-OF-WAY,UNABLE TO DETERMINE,0,0,2,2,15,3,11,535,ELSTON AVE,41.918423,-87.622415,11/01/2022 04:45:00 PM,2022
CR00027307,07/09/2023 03:59:00 PM,20,CLEAR,DAYLIGHT,PEDESTRIAN,DIVIDED - W/MEDIAN BARRIER,STOP SIGN/FLASHER,DISTRACTION - FROM INSIDE VEHICLE,UNABLE TO DETERMINE,0,0,1,1,15,1,7,2368,PULASKI RD,41.794318,-87.817392,07/09/2023 04:39:00 PM,2023
CR00027308,06/28/2017 10:08:00 AM,35,CLEAR,DARKNESS - LIGHTED ROAD,REAR END,NOT DIVIDED,NO CONTROLS,WEATHER,FAILING TO YIELD RIGHT-OF-WAY,0,2,0,2,10,4,6,572,63RD ST,41.817923,-87.796691,06/28/2017 11:25:00 AM,2017
CR00027309,08/28/2023 08:40:00 AM,30,CLEAR,DAYLIGHT,REAR END,T-INTERSECTION,STOP SIGN/FLASHER,FOLLOWING TOO CLOSELY,NOT APPLICABLE,0,0,1,1,8,2,8,737,ARCHER AVE,41.800672,-87.825156,08/28/2023 10:08:00 AM,2023
CR00027310,03/27/2015 08:05:00 AM,20,CLEAR,DARKNESS - LIGHTED ROAD,TURNING,DIVIDED - W/MEDIAN BARRIER,NO CONTROLS,IMPROPER LANE USAGE,FAILING TO YIELD RIGHT-OF-WAY,0,0,1,1,8,6,3,1843,STATE ST,41.719517,-87.748592,03/27/2015 09:04:00 AM,2015
CR00027311,10/02/2023 04:05:00 AM,35,CLEAR,DARKNESS - LIGHTED ROAD,REAR END,NOT DIVIDED,UNKNOWN,UNABLE TO DETERMINE,IMPROPER LANE USAGE,0,0,0,0,4,2,10,2017,FULLERTON AVE,41.801632,-87.516498,10/02/2023 05:29:00 AM,2023
CR00027312,05/16/2022 05:36:00 PM,20,CLEAR,DAYLIGHT,SIDESWIPE SAME DIRECTION,NOT DIVIDED,NO CONTROLS,UNABLE TO DETERMINE,FOLLOWING TOO CLOSELY,0,0,0,0,17,2,5,1706,STONY ISLAND AVE,41.885237,-87.542194,05/16/2022 06:51:00 PM,2022
CR00027313,05/30/2017 03:37:00 PM,30,CLEAR,DAYLIGHT,REAR END,NOT DIVIDED,UNKNOWN,FAILING TO REDUCE SPEED,UNABLE TO DETERMINE,0,0,1,1,15,3,5,536,CICERO AVE,41.935449,-87.564197,05/30/2017 04:34:00 PM,2017
CR00027314,05/11/2022 04:03:00 PM,45,CLEAR,DAYLIGHT,SIDESWIPE SAME DIRECTION,NOT DIVIDED,TRAFFIC SIGNAL,FAILING TO YIELD RIGHT-OF-WAY,FAILING TO YIELD RIGHT-OF-WAY,0,0,0,0,16,4,5,1466,STATE ST,41.804354,-87.642927,05/11/2022 04:34:00 PM,2022
CR00027315,12/28/2017 07:39:00 PM,20,RAIN,DARKNESS,REAR TO FRONT,ONE-WAY,STOP SIGN/FLASHER,FOLLOWING TOO CLOSELY,FAILING TO YIELD RIGHT-OF-WAY,0,0,0,0,19,5,12,1105,PULASKI RD,41.986987,-87.553848,12/28/2017 07:50:00 PM,2017
CR00027316,02/05/2020 05:25:00 AM,45,CLOUDY/OVERCAST,DARKNESS - LIGHTED ROAD,REAR END,ONE-WAY,NO CONTROLS,WEATHER,FOLLOWING TOO CLOSELY,0,1,1,2,5,4,2,104,STATE ST,41.713155,-87.608378,02/05/2020 07:04:00 AM,2020
CR00027317,12/13/2020 05:55:00 PM,30,RAIN,DAYLIGHT,REAR END,NOT DIVIDED,UNKNOWN,UNABLE TO DETERMINE,NOT APPLICABLE,0,0,0,0,17,1,12,1405,DAMEN AVE,41.813742,-87.751017,12/13/2020 06:15:00 PM,2020
CR00027318,05/29/2017 05:11:00 PM,20,CLEAR,DAYLIGHT,PEDESTRIAN,NOT DIVIDED,UNKNOWN,DISTRACTION - FROM INSIDE VEHICLE,FAILING TO YIELD RIGHT-OF-WAY,0,0,0,0,17,2,5,218,IRVING PARK RD,41.80835,-87.761795,05/29/2017 05:25:00 PM,2017
CR00027319,03/27/2018 03:54:00 PM,35,CLEAR,DAYLIGHT,ANGLE,FOUR WAY,TRAFFIC SIGNAL,UNABLE TO DETERMINE,NOT APPLICABLE,0,0,0,0,15,3,3,1405,OGDEN AVE,41.77151,-87.773804,03/27/2018 05:16:00 PM,2018