CRASH_RECORD_ID,CRASH_DATE,POSTED_SPEED_LIMIT,WEATHER_CONDITION,LIGHTING_CONDITION,FIRST_CRASH_TYPE,TRAFFICWAY_TYPE,TRAFFIC_CONTROL_DEVICE,PRIM_CONTRIBUTORY_CAUSE,SEC_CONTRIBUTORY_CAUSE,INJURIES_FATAL,INJURIES_INCAPACITATING,INJURIES_NON_INCAPACITATING,INJURIES_TOTAL,CRASH_HOUR,CRASH_DAY_OF_WEEK,CRASH_MONTH,BEAT_OF_OCCURRENCE,STREET_NAME,LATITUDE,LONGITUDE,DATE_POLICE_NOTIFIED,year
CR00027320,09/16/2017 06:36:00 AM,30,CLEAR,DARKNESS - LIGHTED ROAD,SIDESWIPE SAME DIRECTION,NOT DIVIDED,STOP SIGN/FLASHER,FAILING TO YIELD RIGHT-OF-WAY,IMPROPER OVERTAKING/PASSING,0,0,0,0,6,7,9,2465,ROOSEVELT RD,41.960499,-87.716498,09/16/2017 07:09:00 AM,2017
CR00027321,05/18/2021 04:46:00 PM,30,CLEAR,DAYLIGHT,TURNING,NOT DIVIDED,PEDESTRIAN CROSSING SIGN,UNABLE TO DETERMINE,UNABLE TO DETERMINE,0,0,0,0,16,3,5,1294,DAMEN AVE,41.707191,-87.501119,05/18/2021 06:17:00 PM,2021
CR00027322,03/28/2015 09:02:00 PM,35,SNOW,DAYLIGHT,SIDESWIPE SAME DIRECTION,DIVIDED - W/MEDIAN (NOT RAISED),TRAFFIC SIGNAL,FOLLOWING TOO CLOSELY,UNABLE TO DETERMINE,0,0,0,0,21,7,3,557,KEDZIE AVE,41.774662,-87.75133,03/28/2015 10:31:00 PM,2015
CR00027323,08/16/2023 01:31:00 PM,30,CLEAR,DAYLIGHT,REAR TO FRONT,NOT DIVIDED,STOP SIGN/FLASHER,FAILING TO YIELD RIGHT-OF-WAY,NOT APPLICABLE,0,0,0,0,13,4,8,1150,ELSTON AVE,41.735702,-87.621474,08/16/2023 01:43:00 PM,2023
CR00027324,04/18/2017 02:14:00 PM,40,RAIN,DARKNESS - LIGHTED ROAD,TURNING,DIVIDED - W/MEDIAN (NOT RAISED),TRAFFIC SIGNAL,FAILING TO REDUCE SPEED,UNABLE TO DETERMINE,0,0,0,0,14,3,4,1156,CALIFORNIA AVE,41.840531,-87.526812,04/18/2017 04:13:00 PM,2017
CR00027325,08/04/2017 10:43:00 AM,20,RAIN,DUSK,SIDESWIPE SAME DIRECTION,FOUR WAY,TRAFFIC SIGNAL,FOLLOWING TOO CLOSELY,IMPROPER OVERTAKING/PASSING,0,0,0,0,10,6,8,165,OGDEN AVE,41.820083,-87.752714,08/04/2017 10:44:00 AM,2017
CR00027326,09/09/2017 02:34:00 PM,35,CLEAR,DAYLIGHT,REAR END,NOT DIVIDED,TRAFFIC SIGNAL,FOLLOWING TOO CLOSELY,UNABLE TO DETERMINE,0,0,0,0,14,7,9,1127,STONY ISLAND AVE,41.769164,-87.661602,09/09/2017 04:11:00 PM,2017
CR00027327,01/10/2019 05:59:00 PM,35,CLEAR,DARKNESS - LIGHTED ROAD,SIDESWIPE SAME DIRECTION,NOT DIVIDED,STOP SIGN/FLASHER,IMPROPER OVERTAKING/PASSING,DISREGARDING TRAFFIC SIGNALS,0,0,0,0,17,5,1,2447,ROOSEVELT RD,41.729128,-87.806783,01/10/2019 07:46:00 PM,2019
CR00027328,02/25/2017 10:14:00 AM,30,FOG/SMOKE/HAZE,DAYLIGHT,ANGLE,ONE-WAY,TRAFFIC SIGNAL,UNABLE TO DETERMINE,UNABLE TO DETERMINE,0,0,0,0,10,7,2,2098,OGDEN AVE,41.834295,-87.697221,02/25/2017 11:56:00 AM,2017
CR00027329,12/27/2021 04:43:00 PM,45,CLEAR,DUSK,ANGLE,T-INTERSECTION,TRAFFIC SIGNAL,UNABLE TO DETERMINE,NOT APPLICABLE,0,0,0,0,16,2,12,886,LAKE SHORE DR,41.897235,-87.737623,12/27/2021 05:31:00 PM,2021
CR00027330,04/25/2020 07:32:00 AM,45,CLEAR,DARKNESS - LIGHTED ROAD,REAR END,DIVIDED - W/MEDIAN (NOT RAISED),NO CONTROLS,FAILING TO REDUCE SPEED,IMPROPER LANE USAGE,0,0,0,0,7,7,4,841,STONY ISLAND AVE,41.876154,-87.81576,04/25/2020 09:16:00 AM,2020
CR00027331,11/06/2019 09:05:00 PM,40,SNOW,DAYLIGHT,SIDESWIPE SAME DIRECTION,DIVIDED - W/MEDIAN (NOT RAISED),NO CONTROLS,UNABLE TO DETERMINE,UNABLE TO DETERMINE,0,0,0,0,21,4,11,1266,OGDEN AVE,41.762759,-87.557504,11/06/2019 11:05:00 PM,2019
CR00027332,04/21/2016 08:05:00 AM,15,CLEAR,DAYLIGHT,REAR END,NOT DIVIDED,TRAFFIC SIGNAL,UNABLE TO DETERMINE,DISTRACTION - FROM INSIDE VEHICLE,0,0,1,1,8,5,4,408,STATE ST,41.943601,-87.641199,04/21/2016 09:40:00 AM,2016
CR00027333,12/27/2020 07:45:00 PM,30,CLEAR,DAYLIGHT,REAR TO FRONT,NOT DIVIDED,YIELD,IMPROPER LANE USAGE,FAILING TO YIELD RIGHT-OF-WAY,0,0,0,0,19,1,12,1766,ELSTON AVE,41.983781,-87.775177,12/27/2020 09:26:00 PM,2020
CR00027334,01/12/2018 06:35:00 PM,30,RAIN,DUSK,SIDESWIPE SAME DIRECTION,DIVIDED - W/MEDIAN (NOT RAISED),NO CONTROLS,FAILING TO REDUCE SPEED,FOLLOWING TOO CLOSELY,0,2,1,3,18,6,1,1949,79TH ST,41.949785,-87.83281,01/12/2018 07:02:00 PM,2018
CR00027335,02/14/2022 03:43:00 PM,45,RAIN,DAYLIGHT,TURNING,DIVIDED - W/MEDIAN BARRIER,STOP SIGN/FLASHER,FAILING TO YIELD RIGHT-OF-WAY,DISTRACTION - FROM INSIDE VEHICLE,0,0,0,0,15,2,2,1613,ASHLAND AVE,41.816826,-87.733974,02/14/2022 03:53:00 PM,2022
CR00027336,12/26/2024 08:41:00 PM,35,CLEAR,DAYLIGHT,TURNING,NOT DIVIDED,NO CONTROLS,UNABLE TO DETERMINE,IMPROPER OVERTAKING/PASSING,0,0,3,3,20,5,12,1663,ARCHER AVE,41.790274,-87.790003,12/26/2024 09:49:00 PM,2024
CR00027337,06/04/2023 07:06:00 AM,20,CLEAR,DAYLIGHT,REAR END,DIVIDED - W/MEDIAN (NOT RAISED),UNKNOWN,DRIVING SKILLS/KNOWLEDGE/EXPERIENCE,FAILING TO YIELD RIGHT-OF-WAY,0,0,2,2,7,1,6,1477,ROOSEVELT RD,41.996668,-87.550167,06/04/2023 08:31:00 AM,2023
CR00027338,03/06/2017 12:35:00 PM,35,RAIN,DAYLIGHT,REAR END,NOT DIVIDED,NO CONTROLS,FOLLOWING TOO CLOSELY,WEATHER,0,0,0,0,12,2,3,2291,MICHIGAN AVE,41.825415,-87.731427,03/06/2017 02:15:00 PM,2017
CR00027339,12/24/2021 04:24:00 PM,40,CLOUDY/OVERCAST,DAYLIGHT,ANGLE,FOUR WAY,NO CONTROLS,UNABLE TO DETERMINE,IMPROPER LANE USAGE,0,0,0,0,16,6,12,2217,63RD ST,41.764372,-87.642488,12/24/2021 06:13:00 PM,2021
CR00027340,11/13/2018 03:52:00 PM,20,SNOW,DARKNESS - LIGHTED ROAD,TURNING,DIVIDED - W/MEDIAN BARRIER,NO CONTROLS,UNABLE TO DETERMINE,UNABLE TO DETERMINE,0,0,0,0,15,3,11,2000,ROOSEVELT RD,41.818335,-87.606069,11/13/2018 05:06:00 PM,2018
CR00027341,09/04/2021 06:53:00 PM,30,CLEAR,DARKNESS - LIGHTED ROAD,TURNING,NOT DIVIDED,PEDESTRIAN CROSSING SIGN,IMPROPER OVERTAKING/PASSING,IMPROPER OVERTAKING/PASSING,0,0,3,3,18,7,9,547,DAMEN AVE,41.70306,-87.751075,09/04/2021 08:38:00 PM,2021
CR00027342,09/04/2022 10:28:00 AM,30,CLEAR,DAYLIGHT,SIDESWIPE SAME DIRECTION,NOT DIVIDED,TRAFFIC SIGNAL,FAILING TO REDUCE SPEED,NOT APPLICABLE,0,0,0,0,10,1,9,1182,CALIFORNIA AVE,41.764324,-87.552766,09/04/2022 10:45:00 AM,2022
CR00027343,07/13/2023 10:16:00 PM,45,CLEAR,DAWN,PEDESTRIAN,T-INTERSECTION,NO CONTROLS,FOLLOWING TOO CLOSELY,NOT APPLICABLE,0,0,3,3,22,5,7,1797,STONY ISLAND AVE,41.716325,-87.796169,07/13/2023 11:24:00 PM,2023
CR00027344,09/23/2021 07:28:00 PM,30,RAIN,DAYLIGHT,SIDESWIPE SAME DIRECTION,DIVIDED - W/MEDIAN (NOT RAISED),PEDESTRIAN CROSSING SIGN,DISTRACTION - FROM INSIDE VEHICLE,FOLLOWING TOO CLOSELY,0,0,1,1,19,5,9,1842,MILWAUKEE AVE,41.816635,-87.842751,09/23/2021 08:11:00 PM,2021
CR00027345,03/28/2017 01:28:00 PM,30,CLEAR,DAYLIGHT,REAR END,DIVIDED - W/MEDIAN (NOT RAISED),NO CONTROLS,UNABLE TO DETERMINE,IMPROPER OVERTAKING/PASSING,0,0,0,0,13,3,3,241,DIVISION ST,41.764721,-87.543791,03/28/2017 01:46:00 PM,2017
CR00027346,03/12/2017 09:55:00 AM,30,CLEAR,DAWN,TURNING,DIVIDED - W/MEDIAN (NOT RAISED),NO CONTROLS,UNABLE TO DETERMINE,FOLLOWING TOO CLOSELY,0,0,0,0,9,1,3,1853,CALIFORNIA AVE,41.98981,-87.512266,03/12/2017 10:55:00 AM,2017
CR00027347,06/04/2020 12:31:00 PM,30,CLEAR,DARKNESS - LIGHTED ROAD,REAR END,DIVIDED - W/MEDIAN (NOT RAISED),STOP SIGN/FLASHER,FOLLOWING TOO CLOSELY,DRIVING SKILLS/KNOWLEDGE/EXPERIENCE,0,0,0,0,12,5,6,1421,DIVISION ST,41.966996,-87.541654,06/04/2020 02:16:00 PM,2020
CR00027348,11/17/2024 11:50:00 PM,15,CLEAR,DAWN,REAR END,ONE-WAY,STOP SIGN/FLASHER,UNABLE TO DETERMINE,FAILING TO REDUCE SPEED,0,0,0,0,23,1,11,268,CLARK ST,41.746164,-87.680165,11/18/2024 01:38:00 AM,2024
CR00027349,10/19/2017 09:42:00 AM,15,RAIN,DARKNESS - LIGHTED ROAD,TURNING,FOUR WAY,TRAFFIC SIGNAL,DRIVING SKILLS/KNOWLEDGE/EXPERIENCE,UNABLE TO DETERMINE,0,0,0,0,9,5,10,1564,ASHLAND AVE,41.84805,-87.697242,10/19/2017 10:15:00 AM,2017
CR00027350,05/15/2017 08:17:00 AM,35,CLEAR,DAYLIGHT,REAR END,FOUR WAY,TRAFFIC SIGNAL,DISREGARDING TRAFFIC SIGNALS,DRIVING SKILLS/KNOWLEDGE/EXPERIENCE,0,0,0,0,8,2,5,1793,CALIFORNIA AVE,41.844807,-87.606524,05/15/2017 08:44:00 AM,2017
CR00027351,04/29/2016 06:58:00 AM,30,CLEAR,DARKNESS - LIGHTED ROAD,REAR END,DIVIDED - W/MEDIAN (NOT RAISED),TRAFFIC SIGNAL,FAILING TO YIELD RIGHT-OF-WAY,UNABLE TO DETERMINE,0,0,1,1,6,6,4,885,STATE ST,41.781513,-87.520509,04/29/2016 08:06:00 AM,2016
CR00027352,03/06/2017 11:51:00 AM,35,CLOUDY/OVERCAST,DARKNESS - LIGHTED ROAD,TURNING,DIVIDED - W/MEDIAN BARRIER,NO CONTROLS,UNABLE TO DETERMINE,NOT APPLICABLE,0,0,0,0,11,2,3,1721,IRVING PARK RD,41.890086,-87.800649,03/06/2017 12:12:00 PM,2017
CR00027353,01/28/2022 11:03:00 AM,20,CLEAR,DAYLIGHT,TURNING,NOT DIVIDED,TRAFFIC SIGNAL,UNABLE TO DETERMINE,NOT APPLICABLE,0,0,0,0,11,6,1,981,MICHIGAN AVE,41.90701,-87.766136,01/28/2022 11:54:00 AM,2022
CR00027354,01/07/2020 02:30:00 AM,20,CLEAR,DAYLIGHT,REAR END,NOT DIVIDED,TRAFFIC SIGNAL,IMPROPER LANE USAGE,FAILING TO YIELD RIGHT-OF-WAY,0,0,0,0,2,3,1,164,LAKE SHORE DR,41.940786,-87.66737,01/07/2020 04:07:00 AM,2020
CR00027355,01/10/2022 06:46:00 PM,25,CLEAR,DAYLIGHT,REAR END,FOUR WAY,TRAFFIC SIGNAL,FAILING TO REDUCE SPEED,FOLLOWING TOO CLOSELY,0,0,0,0,18,2,1,1180,79TH ST,41.767429,-87.785328,01/10/2022 07:21:00 PM,2022
CR00027356,06/05/2015 09:25:00 PM,30,FREEZING RAIN/DRIZZLE,DAYLIGHT,REAR TO FRONT,NOT DIVIDED,TRAFFIC SIGNAL,UNABLE TO DETERMINE,UNABLE TO DETERMINE,0,0,1,1,21,6,6,1627,63RD ST,41.986064,-87.759549,06/05/2015 09:50:00 PM,2015
CR00027357,09/02/2022 06:21:00 PM,30,CLEAR,DARKNESS - LIGHTED ROAD,PARKED MOTOR VEHICLE,DIVIDED - W/MEDIAN (NOT RAISED),STOP SIGN/FLASHER,FAILING TO REDUCE SPEED,FOLLOWING TOO CLOSELY,0,0,0,0,18,6,9,605,KEDZIE AVE,41.905464,-87.56832,09/02/2022 07:01:00 PM,2022
CR00027358,08/18/2017 10:36:00 AM,30,CLEAR,DAYLIGHT,REAR END,FOUR WAY,TRAFFIC SIGNAL,FAILING TO YIELD RIGHT-OF-WAY,NOT APPLICABLE,0,0,0,0,10,6,8,1012,CALIFORNIA AVE,41.922099,-87.844918,08/18/2017 11:28:00 AM,2017
CR00027359,04/23/2020 09:44:00 AM,20,CLEAR,DARKNESS - LIGHTED ROAD,TURNING,ONE-WAY,NO CONTROLS,DRIVING SKILLS/KNOWLEDGE/EXPERIENCE,FAILING TO YIELD RIGHT-OF-WAY,0,0,0,0,9,5,4,2423,OGDEN AVE,41.746376,-87.527597,04/23/2020 09:54:00 AM,2020
CR00027360,04/29/2022 09:13:00 AM,45,CLEAR,DUSK,TURNING,ONE-WAY,NO CONTROLS,FAILING TO YIELD RIGHT-OF-WAY,FAILING TO REDUCE SPEED,0,0,0,0,9,6,4,1459,ASHLAND AVE,41.766296,-87.846337,04/29/2022 09:23:00 AM,2022
CR00027361,04/01/2018 05:29:00 PM,30,CLEAR,DAYLIGHT,SIDESWIPE SAME DIRECTION,DIVIDED - W/MEDIAN (NOT RAISED),STOP SIGN/FLASHER,FAILING TO YIELD RIGHT-OF-WAY,FOLLOWING TOO CLOSELY,0,0,0,0,17,1,4,2230,CICERO AVE,41.703869,-87.771494,04/01/2018 07:06:00 PM,2018
CR00027362,08/23/2021 03:06:00 PM,35,CLEAR,DARKNESS,FIXED OBJECT,DIVIDED - W/MEDIAN BARRIER,UNKNOWN,FOLLOWING TOO CLOSELY,FAILING TO REDUCE SPEED,0,0,0,0,15,2,8,1150,CICERO AVE,41.999034,-87.687493,08/23/2021 05:02:00 PM,2021
CR00027363,04/08/2022 03:39:00 PM,30,CLEAR,DAYLIGHT,REAR TO FRONT,NOT DIVIDED,TRAFFIC SIGNAL,FAILING TO YIELD RIGHT-OF-WAY,FAILING TO REDUCE SPEED,0,0,3,3,15,6,4,1665,MILWAUKEE AVE,41.921303,-87.507628,04/08/2022 04:00:00 PM,2022
CR00027364,10/25/2015 05:51:00 PM,45,CLEAR,DAYLIGHT,REAR END,DIVIDED - W/MEDIAN (NOT RAISED),NO CONTROLS,FAILING TO REDUCE SPEED,UNABLE TO DETERMINE,0,0,0,0,17,1,10,407,79TH ST,41.721167,-87.513736,10/25/2015 07:39:00 PM,2015
CR00027365,03/08/2017 07:58:00 AM,30,FOG/SMOKE/HAZE,DAYLIGHT,REAR TO FRONT,T-INTERSECTION,UNKNOWN,IMPROPER OVERTAKING/PASSING,NOT APPLICABLE,0,0,0,0,7,4,3,2305,ROOSEVELT RD,41.832933,-87.51871,03/08/2017 09:04:00 AM,2017
CR00027366,09/04/2016 04:49:00 PM,15,CLOUDY/OVERCAST,DAYLIGHT,TURNING,DIVIDED - W/MEDIAN (NOT RAISED),NO CONTROLS,FOLLOWING TOO CLOSELY,UNABLE TO DETERMINE,0,0,1,1,16,1,9,1852,LAKE SHORE DR,41.89711,-87.754898,09/04/2016 05:59:00 PM,2016
CR00027367,09/02/2022 06:33:00 AM,40,CLEAR,DARKNESS - LIGHTED ROAD,REAR END,T-INTERSECTION,STOP SIGN/FLASHER,FAILING TO YIELD RIGHT-OF-WAY,UNABLE TO DETERMINE,0,0,0,0,6,6,9,589,BROADWAY,41.960137,-87.735034,09/02/2022 08:27:00 AM,2022
CR00027368,08/05/2023 07:23:00 PM,35,CLEAR,DAYLIGHT,PEDESTRIAN,ONE-WAY,UNKNOWN,FAILING TO YIELD RIGHT-OF-WAY,IMPROPER LANE USAGE,0,0,0,0,19,7,8,2144,STONY ISLAND AVE,41.85263,-87.834806,08/05/2023 08:59:00 PM,2023
CR00027369,09/05/2024 06:06:00 AM,30,CLEAR,DAYLIGHT,REAR END,ONE-WAY,UNKNOWN,FAILING TO YIELD RIGHT-OF-WAY,NOT APPLICABLE,0,0,1,1,6,5,9,1145,LAKE SHORE DR,41.972769,-87.56517,09/05/2024 06:59:00 AM,2024
CR00027370,09/25/2017 08:54:00 PM,30,CLOUDY/OVERCAST,DAYLIGHT,REAR END,DIVIDED - W/MEDIAN (NOT RAISED),STOP SIGN/FLASHER,IMPROPER LANE USAGE,DISREGARDING TRAFFIC SIGNALS,0,0,0,0,20,2,9,1141,DAMEN AVE,41.709283,-87.79653,09/25/2017 10:21:00 PM,2017
CR00027371,11/29/2020 04:23:00 PM,45,CLEAR,DARKNESS - LIGHTED ROAD,REAR END,NOT DIVIDED,YIELD,IMPROPER LANE USAGE,FOLLOWING TOO CLOSELY,0,0,0,0,16,1,11,1818,FULLERTON AVE,41.81494,-87.563509,11/29/2020 06:06:00 PM,2020
CR00027372,04/23/2015 06:30:00 PM,45,CLEAR,DUSK,REAR END,ONE-WAY,NO CONTROLS,DISREGARDING TRAFFIC SIGNALS,DISTRACTION - FROM INSIDE VEHICLE,0,0,1,1,18,5,4,810,HALSTED ST,41.783501,-87.696355,04/23/2015 07:28:00 PM,2015
CR00027373,02/22/2024 06:21:00 PM,35,CLEAR,DAYLIGHT,SIDESWIPE SAME DIRECTION,DIVIDED - W/MEDIAN BARRIER,NO CONTROLS,FAILING TO REDUCE SPEED,FAILING TO YIELD RIGHT-OF-WAY,0,0,0,0,18,5,2,1289,CALIFORNIA AVE,41.707606,-87.502302,02/22/2024 07:31:00 PM,2024
CR00027374,06/16/2024 05:02:00 PM,30,CLEAR,DAYLIGHT,REAR END,DIVIDED - W/MEDIAN BARRIER,NO CONTROLS,FOLLOWING TOO CLOSELY,IMPROPER OVERTAKING/PASSING,0,0,0,0,17,1,6,524,ROOSEVELT RD,41.83615,-87.511358,06/16/2024 06:42:00 PM,2024
CR00027375,02/19/2021 05:27:00 AM,35,CLEAR,DARKNESS,REAR END,NOT DIVIDED,NO CONTROLS,FAILING TO YIELD RIGHT-OF-WAY,FAILING TO YIELD RIGHT-OF-WAY,0,0,0,0,5,6,2,2220,IRVING PARK RD,41.91765,-87.827584,02/19/2021 06:55:00 AM,2021
CR00027376,01/05/2016 09:20:00 AM,30,CLEAR,DAYLIGHT,PARKED MOTOR VEHICLE,DIVIDED - W/MEDIAN (NOT RAISED),NO CONTROLS,UNABLE TO DETERMINE,FOLLOWING TOO CLOSELY,0,1,2,3,9,3,1,1399,OGDEN AVE,41.777963,-87.556349,01/05/2016 10:20:00 AM,2016
CR00027377,08/20/2020 12:00:00 PM,15,CLEAR,DAYLIGHT,SIDESWIPE SAME DIRECTION,FOUR WAY,NO CONTROLS,DISTRACTION - FROM INSIDE VEHICLE,UNABLE TO DETERMINE,0,0,0,0,12,5,8,1208,ASHLAND AVE,41.898742,-87.834294,08/20/2020 01:13:00 PM,2020
CR00027378,01/30/2022 07:27:00 AM,40,CLEAR,DAYLIGHT,REAR END,NOT DIVIDED,STOP SIGN/FLASHER,UNABLE TO DETERMINE,UNABLE TO DETERMINE,0,0,0,0,7,1,1,1481,LAKE SHORE DR,41.916304,-87.701573,01/30/2022 08:31:00 AM,2022
CR00027379,09/19/2017 09:51:00 AM,35,CLEAR,DAYLIGHT,TURNING,FOUR WAY,NO CONTROLS,UNABLE TO DETERMINE,WEATHER,0,0,0,0,9,3,9,181,CICERO AVE,41.922942,-87.503257,09/19/2017 11:42:00 AM,2017
CR00027380,07/21/2015 05:37:00 PM,30,CLEAR,DAYLIGHT,TURNING,T-INTERSECTION,UNKNOWN,UNABLE TO DETERMINE,FAILING TO REDUCE SPEED,0,0,0,0,17,3,7,1602,STATE ST,41.953842,-87.656973,07/21/2015 05:41:00 PM,2015
CR00027381,03/19/2015 08:02:00 AM,15,RAIN,DUSK,FIXED OBJECT,NOT DIVIDED,TRAFFIC SIGNAL,DISTRACTION - FROM INSIDE VEHICLE,NOT APPLICABLE,0,0,0,0,8,5,3,881,STONY ISLAND AVE,41.775516,-87.737302,03/19/2015 10:00:00 AM,2015
CR00027382,08/21/2018 03:24:00 PM,30,CLEAR,DAYLIGHT,REAR END,NOT DIVIDED,TRAFFIC SIGNAL,UNABLE TO DETERMINE,IMPROPER OVERTAKING/PASSING,0,0,0,0,15,3,8,494,ARCHER AVE,41.873148,-87.58613,08/21/2018 05:21:00 PM,2018
CR00027383,04/14/2023 06:14:00 AM,35,CLEAR,DAYLIGHT,REAR END,DIVIDED - W/MEDIAN (NOT RAISED),STOP SIGN/FLASHER,FOLLOWING TOO CLOSELY,WEATHER,0,0,0,0,6,6,4,1101,79TH ST,41.700947,-87.742808,04/14/2023 07:57:00 AM,2023
CR00027384,09/16/2023 07:03:00 AM,20,CLEAR,DAYLIGHT,REAR END,ONE-WAY,UNKNOWN,FAILING TO YIELD RIGHT-OF-WAY,FAILING TO YIELD RIGHT-OF-WAY,0,0,0,0,7,7,9,1816,STONY ISLAND AVE,41.785703,-87.739515,09/16/2023 07:52:00 AM,2023
CR00027385,12/02/2021 05:36:00 PM,30,CLEAR,DAYLIGHT,TURNING,NOT DIVIDED,NO CONTROLS,UNABLE TO DETERMINE,FOLLOWING TOO CLOSELY,0,0,0,0,17,5,12,664,63RD ST,41.737845,-87.815482,12/02/2021 05:51:00 PM,2021
CR00027386,07/08/2018 11:31:00 PM,15,CLEAR,DUSK,REAR END,NOT DIVIDED,TRAFFIC SIGNAL,UNABLE TO DETERMINE,FOLLOWING TOO CLOSELY,0,0,0,0,23,1,7,2298,ARCHER AVE,41.955388,-87.798485,07/09/2018 12:20:00 AM,2018
CR00027387,01/22/2018 03:30:00 PM,20,CLOUDY/OVERCAST,DAYLIGHT,PARKED MOTOR VEHICLE,FOUR WAY,NO CONTROLS,FAILING TO REDUCE SPEED,WEATHER,0,0,0,0,15,2,1,1185,STONY ISLAND AVE,41.932141,-87.808195,01/22/2018 05:17:00 PM,2018
CR00027388,04/15/2024 06:08:00 PM,35,CLEAR,DAYLIGHT,SIDESWIPE SAME DIRECTION,NOT DIVIDED,NO CONTROLS,UNABLE TO DETERMINE,IMPROPER LANE USAGE,0,0,0,0,18,2,4,929,DIVISION ST,41.785191,-87.606556,04/15/2024 07:08:00 PM,2024
CR00027389,06/15/2024 09:24:00 AM,30,RAIN,DARKNESS - LIGHTED ROAD,REAR TO FRONT,NOT DIVIDED,NO CONTROLS,IMPROPER LANE USAGE,UNABLE TO DETERMINE,0,0,0,0,9,7,6,1133,MICHIGAN AVE,41.842477,-87.835927,06/15/2024 09:49:00 AM,2024
CR00027390,04/03/2023 07:14:00 AM,15,CLEAR,DARKNESS - LIGHTED ROAD,PEDESTRIAN,NOT DIVIDED,NO CONTROLS,UNABLE TO DETERMINE,UNABLE TO DETERMINE,0,0,0,0,7,2,4,2281,MILWAUKEE AVE,41.774285,-87.551998,04/03/2023 08:32:00 AM,2023
CR00027391,12/29/2024 01:38:00 PM,15,CLEAR,DARKNESS - LIGHTED ROAD,TURNING,NOT DIVIDED,STOP SIGN/FLASHER,UNABLE TO DETERMINE,IMPROPER OVERTAKING/PASSING,0,0,0,0,13,1,12,2062,HALSTED ST,41.894619,-87.827391,12/29/2024 02:01:00 PM,2024
CR00027392,04/13/2018 10:11:00 AM,20,CLEAR,DAYLIGHT,SIDESWIPE SAME DIRECTION,ONE-WAY,TRAFFIC SIGNAL,IMPROPER LANE USAGE,FOLLOWING TOO CLOSELY,0,0,0,0,10,6,4,2371,MILWAUKEE AVE,41.767,-87.687173,04/13/2018 11:08:00 AM,2018
CR00027393,10/10/2018 12:03:00 PM,20,CLEAR,DAYLIGHT,REAR END,NOT DIVIDED,TRAFFIC SIGNAL,IMPROPER OVERTAKING/PASSING,IMPROPER OVERTAKING/PASSING,0,0,1,1,12,4,10,2095,IRVING PARK RD,41.942233,-87.67893,10/10/2018 01:23:00 PM,2018
CR00027394,09/03/2022 07:50:00 PM,35,CLEAR,DARKNESS - LIGHTED ROAD,FIXED OBJECT,FOUR WAY,STOP SIGN/FLASHER,DISTRACTION - FROM INSIDE VEHICLE,FOLLOWING TOO CLOSELY,0,0,0,0,19,7,9,2174,IRVING PARK RD,41.84122,-87.705383,09/03/2022 08:12:00 PM,2022
CR00027395,10/19/2024 02:58:00 PM,45,CLEAR,DAYLIGHT,TURNING,DIVIDED - W/MEDIAN BARRIER,NO CONTROLS,FAILING TO YIELD RIGHT-OF-WAY,UNABLE TO DETERMINE,0,0,0,0,14,7,10,736,79TH ST,41.792731,-87.618927,10/19/2024 03:29:00 PM,2024
CR00027396,02/20/2020 07:35:00 PM,45,SNOW,DARKNESS - LIGHTED ROAD,SIDESWIPE SAME DIRECTION,NOT DIVIDED,NO CONTROLS,DRIVING SKILLS/KNOWLEDGE/EXPERIENCE,WEATHER,0,0,0,0,19,5,2,1890,CLARK ST,41.915263,-87.803278,02/20/2020 08:31:00 PM,2020
CR00027397,08/23/2016 06:12:00 PM,15,CLEAR,DARKNESS - LIGHTED ROAD,PEDESTRIAN,NOT DIVIDED,YIELD,UNABLE TO DETERMINE,DRIVING SKILLS/KNOWLEDGE/EXPERIENCE,0,0,0,0,18,3,8,1925,47TH ST,41.818183,-87.640983,08/23/2016 06:26:00 PM,2016
CR00027398,06/19/2017 03:49:00 AM,30,CLEAR,DAYLIGHT,REAR END,ONE-WAY,STOP SIGN/FLASHER,IMPROPER OVERTAKING/PASSING,UNABLE TO DETERMINE,0,0,0,0,3,2,6,1919,79TH ST,41.850192,-87.699517,06/19/2017 04:58:00 AM,2017
CR00027399,09/28/2019 01:18:00 PM,20,CLOUDY/OVERCAST,DAYLIGHT,SIDESWIPE SAME DIRECTION,NOT DIVIDED,TRAFFIC SIGNAL,FOLLOWING TOO CLOSELY,WEATHER,0,0,0,0,13,7,9,497,63RD ST,41.954335,-87.636856,09/28/2019 02:40:00 PM,2019
CR00027400,01/31/2017 09:09:00 AM,25,SNOW,DAYLIGHT,SIDESWIPE SAME DIRECTION,NOT DIVIDED,YIELD,IMPROPER OVERTAKING/PASSING,NOT APPLICABLE,0,0,1,1,9,3,1,1636,MICHIGAN AVE,41.975832,-87.817239,01/31/2017 10:37:00 AM,2017
CR00027401,01/23/2017 07:21:00 AM,30,CLEAR,DAYLIGHT,TURNING,ONE-WAY,TRAFFIC SIGNAL,IMPROPER LANE USAGE,FAILING TO YIELD RIGHT-OF-WAY,0,0,0,0,7,2,1,1342,63RD ST,41.762482,-87.532214,01/23/2017 07:31:00 AM,2017
CR00027402,08/15/2024 12:08:00 PM,45,RAIN,DARKNESS - LIGHTED ROAD,REAR END,FOUR WAY,NO CONTROLS,WEATHER,NOT APPLICABLE,0,0,0,0,12,5,8,1187,LAKE SHORE DR,41.977155,-87.759664,08/15/2024 01:57:00 PM,2024