CRASH_RECORD_ID,CRASH_DATE,POSTED_SPEED_LIMIT,WEATHER_CONDITION,LIGHTING_CONDITION,FIRST_CRASH_TYPE,TRAFFICWAY_TYPE,TRAFFIC_CONTROL_DEVICE,PRIM_CONTRIBUTORY_CAUSE,SEC_CONTRIBUTORY_CAUSE,INJURIES_FATAL,INJURIES_INCAPACITATING,INJURIES_NON_INCAPACITATING,INJURIES_TOTAL,CRASH_HOUR,CRASH_DAY_OF_WEEK,CRASH_MONTH,BEAT_OF_OCCURRENCE,STREET_NAME,LATITUDE,LONGITUDE,DATE_POLICE_NOTIFIED,year
CR00027403,02/01/2015 09:56:00 PM,40,RAIN,DAYLIGHT,TURNING,FOUR WAY,YIELD,IMPROPER OVERTAKING/PASSING,UNABLE TO DETERMINE,0,0,0,0,21,1,2,1416,ELSTON AVE,41.961355,-87.508076,02/01/2015 11:36:00 PM,2015
CR00027404,04/20/2023 04:33:00 AM,25,CLEAR,DARKNESS - LIGHTED ROAD,PEDESTRIAN,ONE-WAY,TRAFFIC SIGNAL,IMPROPER LANE USAGE,FAILING TO YIELD RIGHT-OF-WAY,0,1,2,3,4,5,4,1422,WESTERN AVE,41.937703,-87.835725,04/20/2023 06:23:00 AM,2023
CR00027405,08/08/2016 07:39:00 AM,35,CLEAR,DAWN,TURNING,FOUR WAY,TRAFFIC SIGNAL,DISREGARDING TRAFFIC SIGNALS,IMPROPER LANE USAGE,0,0,0,0,7,2,8,126,47TH ST,41.774201,-87.746312,08/08/2016 08:14:00 AM,2016
CR00027406,07/20/2022 09:42:00 PM,25,CLEAR,DAYLIGHT,REAR END,NOT DIVIDED,TRAFFIC SIGNAL,DRIVING SKILLS/KNOWLEDGE/EXPERIENCE,IMPROPER OVERTAKING/PASSING,0,0,0,0,21,4,7,2498,ASHLAND AVE,41.915659,-87.75657,07/20/2022 10:57:00 PM,2022
CR00027407,01/30/2022 08:13:00 AM,35,CLEAR,DAYLIGHT,SIDESWIPE SAME DIRECTION,NOT DIVIDED,UNKNOWN,IMPROPER LANE USAGE,FOLLOWING TOO CLOSELY,0,0,0,0,8,1,1,172,IRVING PARK RD,41.745996,-87.820511,01/30/2022 09:29:00 AM,2022
CR00027408,01/14/2019 11:07:00 AM,30,CLEAR,DUSK,SIDESWIPE SAME DIRECTION,NOT DIVIDED,STOP SIGN/FLASHER,WEATHER,NOT APPLICABLE,0,0,0,0,11,2,1,754,63RD ST,41.882242,-87.687574,01/14/2019 12:19:00 PM,2019
CR00027409,04/08/2021 09:03:00 AM,20,CLEAR,DARKNESS,ANGLE,FOUR WAY,NO CONTROLS,UNABLE TO DETERMINE,DISTRACTION - FROM INSIDE VEHICLE,0,0,0,0,9,5,4,303,MILWAUKEE AVE,41.763965,-87.686628,04/08/2021 10:46:00 AM,2021
CR00027410,11/13/2016 08:56:00 PM,40,CLEAR,DUSK,REAR END,NOT DIVIDED,NO CONTROLS,IMPROPER OVERTAKING/PASSING,NOT APPLICABLE,0,0,0,0,20,1,11,331,CALIFORNIA AVE,41.911171,-87.705275,11/13/2016 09:55:00 PM,2016
CR00027411,05/11/2021 02:55:00 PM,25,CLEAR,DARKNESS - LIGHTED ROAD,SIDESWIPE SAME DIRECTION,DIVIDED - W/MEDIAN (NOT RAISED),STOP SIGN/FLASHER,UNABLE TO DETERMINE,FOLLOWING TOO CLOSELY,0,0,0,0,14,3,5,1025,79TH ST,41.90179,-87.802238,05/11/2021 04:17:00 PM,2021
CR00027412,11/24/2020 01:21:00 AM,45,CLOUDY/OVERCAST,DAYLIGHT,TURNING,NOT DIVIDED,NO CONTROLS,IMPROPER LANE USAGE,NOT APPLICABLE,0,0,0,0,1,3,11,2279,MICHIGAN AVE,41.772752,-87.849361,11/24/2020 02:22:00 AM,2020
CR00027413,06/14/2021 04:27:00 PM,45,SNOW,DAYLIGHT,REAR TO FRONT,NOT DIVIDED,STOP SIGN/FLASHER,FOLLOWING TOO CLOSELY,UNABLE TO DETERMINE,0,0,0,0,16,2,6,137,79TH ST,41.863934,-87.53169,06/14/2021 05:27:00 PM,2021
CR00027414,06/02/2018 10:03:00 AM,30,RAIN,DAYLIGHT,TURNING,NOT DIVIDED,NO CONTROLS,IMPROPER LANE USAGE,NOT APPLICABLE,0,0,0,0,10,7,6,2101,OGDEN AVE,41.746827,-87.560684,06/02/2018 11:46:00 AM,2018
CR00027415,07/03/2022 10:43:00 AM,35,CLEAR,DAYLIGHT,ANGLE,DIVIDED - W/MEDIAN BARRIER,STOP SIGN/FLASHER,IMPROPER OVERTAKING/PASSING,IMPROPER LANE USAGE,0,0,1,1,10,1,7,993,HALSTED ST,41.982639,-87.745784,07/03/2022 11:44:00 AM,2022
CR00027416,10/12/2023 03:56:00 PM,40,CLEAR,DARKNESS - LIGHTED ROAD,SIDESWIPE SAME DIRECTION,T-INTERSECTION,NO CONTROLS,DRIVING SKILLS/KNOWLEDGE/EXPERIENCE,UNABLE TO DETERMINE,0,0,0,0,15,5,10,1672,IRVING PARK RD,41.829163,-87.62545,10/12/2023 04:19:00 PM,2023
CR00027417,08/16/2022 08:40:00 AM,40,CLEAR,DARKNESS - LIGHTED ROAD,ANGLE,DIVIDED - W/MEDIAN BARRIER,PEDESTRIAN CROSSING SIGN,DRIVING SKILLS/KNOWLEDGE/EXPERIENCE,IMPROPER OVERTAKING/PASSING,0,0,0,0,8,3,8,1611,FULLERTON AVE,41.844675,-87.521203,08/16/2022 09:32:00 AM,2022
CR00027418,12/25/2022 04:38:00 PM,25,FREEZING RAIN/DRIZZLE,DAYLIGHT,REAR END,DIVIDED - W/MEDIAN BARRIER,NO CONTROLS,DISTRACTION - FROM INSIDE VEHICLE,NOT APPLICABLE,0,0,0,0,16,1,12,259,OGDEN AVE,41.966403,-87.76261,12/25/2022 05:27:00 PM,2022
CR00027419,01/17/2016 02:57:00 AM,40,CLEAR,DARKNESS - LIGHTED ROAD,PEDESTRIAN,ONE-WAY,NO CONTROLS,IMPROPER LANE USAGE,DISTRACTION - FROM INSIDE VEHICLE,0,0,0,0,2,1,1,219,KEDZIE AVE,41.884188,-87.69739,01/17/2016 03:48:00 AM,2016
CR00027420,09/13/2016 02:18:00 PM,35,CLEAR,DAYLIGHT,REAR END,DIVIDED - W/MEDIAN BARRIER,STOP SIGN/FLASHER,FAILING TO YIELD RIGHT-OF-WAY,DISTRACTION - FROM INSIDE VEHICLE,0,0,0,0,14,3,9,659,PULASKI RD,41.936887,-87.694665,09/13/2016 03:47:00 PM,2016
CR00027421,01/12/2024 03:30:00 AM,45,CLEAR,DAYLIGHT,PARKED MOTOR VEHICLE,ONE-WAY,UNKNOWN,FAILING TO REDUCE SPEED,NOT APPLICABLE,0,1,0,1,3,6,1,603,63RD ST,41.914114,-87.575783,01/12/2024 05:06:00 AM,2024
CR00027422,12/27/2017 07:33:00 PM,20,CLEAR,DAYLIGHT,TURNING,ONE-WAY,NO CONTROLS,IMPROPER LANE USAGE,FAILING TO YIELD RIGHT-OF-WAY,0,0,1,1,19,4,12,401,KEDZIE AVE,41.771292,-87.600592,12/27/2017 09:12:00 PM,2017
CR00027423,11/20/2021 07:09:00 PM,25,CLEAR,DAWN,PARKED MOTOR VEHICLE,FOUR WAY,TRAFFIC SIGNAL,UNABLE TO DETERMINE,FAILING TO YIELD RIGHT-OF-WAY,0,0,0,0,19,7,11,2521,CICERO AVE,41.952927,-87.802294,11/20/2021 08:37:00 PM,2021
CR00027424,02/11/2018 12:20:00 PM,15,CLEAR,DAYLIGHT,TURNING,NOT DIVIDED,UNKNOWN,UNABLE TO DETERMINE,FAILING TO REDUCE SPEED,0,0,1,1,12,1,2,1240,DIVISION ST,41.810404,-87.560259,02/11/2018 01:50:00 PM,2018
CR00027425,09/26/2019 05:46:00 PM,30,CLEAR,DAYLIGHT,PARKED MOTOR VEHICLE,NOT DIVIDED,NO CONTROLS,UNABLE TO DETERMINE,UNABLE TO DETERMINE,0,0,0,0,17,5,9,1315,IRVING PARK RD,41.935356,-87.535381,09/26/2019 06:48:00 PM,2019
CR00027426,10/25/2023 02:24:00 AM,35,CLEAR,DAYLIGHT,TURNING,NOT DIVIDED,NO CONTROLS,FOLLOWING TOO CLOSELY,NOT APPLICABLE,0,0,0,0,2,4,10,288,IRVING PARK RD,41.751678,-87.800352,10/25/2023 04:10:00 AM,2023
CR00027427,04/02/2020 09:41:00 PM,35,CLEAR,DUSK,TURNING,NOT DIVIDED,NO CONTROLS,DISREGARDING TRAFFIC SIGNALS,NOT APPLICABLE,0,0,0,0,21,5,4,1784,BROADWAY,41.862084,-87.803007,04/02/2020 10:19:00 PM,2020
CR00027428,11/04/2015 11:12:00 AM,30,CLEAR,DAYLIGHT,REAR TO FRONT,ONE-WAY,NO CONTROLS,UNABLE TO DETERMINE,IMPROPER LANE USAGE,0,0,0,0,11,4,11,325,CICERO AVE,41.742544,-87.604068,11/04/2015 12:24:00 PM,2015
CR00027429,01/17/2015 08:06:00 PM,15,CLEAR,DAYLIGHT,TURNING,DIVIDED - W/MEDIAN BARRIER,YIELD,UNABLE TO DETERMINE,NOT APPLICABLE,0,0,2,2,20,7,1,587,STATE ST,41.922211,-87.587146,01/17/2015 08:50:00 PM,2015
CR00027430,03/07/2018 03:34:00 PM,35,CLEAR,DAWN,REAR END,DIVIDED - W/MEDIAN BARRIER,STOP SIGN/FLASHER,UNABLE TO DETERMINE,UNABLE TO DETERMINE,0,0,0,0,15,4,3,1967,63RD ST,41.87726,-87.500637,03/07/2018 04:12:00 PM,2018
CR00027431,05/25/2021 01:46:00 PM,35,CLEAR,DAYLIGHT,ANGLE,ONE-WAY,TRAFFIC SIGNAL,DISTRACTION - FROM INSIDE VEHICLE,DISTRACTION - FROM INSIDE VEHICLE,0,0,0,0,13,3,5,1085,ROOSEVELT RD,41.732453,-87.687972,05/25/2021 02:37:00 PM,2021
CR00027432,12/08/2021 08:12:00 PM,30,CLEAR,DARKNESS - LIGHTED ROAD,ANGLE,NOT DIVIDED,NO CONTROLS,UNABLE TO DETERMINE,WEATHER,0,0,0,0,20,4,12,1777,STATE ST,41.838198,-87.686998,12/08/2021 09:14:00 PM,2021
CR00027433,04/24/2020 03:40:00 PM,20,CLEAR,DAYLIGHT,REAR END,NOT DIVIDED,TRAFFIC SIGNAL,UNABLE TO DETERMINE,UNABLE TO DETERMINE,0,0,0,0,15,6,4,1770,MILWAUKEE AVE,41.858853,-87.762897,04/24/2020 05:25:00 PM,2020
CR00027434,06/19/2019 11:34:00 AM,30,CLEAR,DAYLIGHT,FIXED OBJECT,T-INTERSECTION,TRAFFIC SIGNAL,UNABLE TO DETERMINE,FOLLOWING TOO CLOSELY,0,0,0,0,11,4,6,563,DAMEN AVE,41.929294,-87.595201,06/19/2019 12:56:00 PM,2019
CR00027435,11/06/2020 05:23:00 PM,15,CLEAR,DARKNESS - LIGHTED ROAD,REAR END,DIVIDED - W/MEDIAN BARRIER,STOP SIGN/FLASHER,UNABLE TO DETERMINE,DISTRACTION - FROM INSIDE VEHICLE,0,0,0,0,17,6,11,974,ASHLAND AVE,41.745127,-87.794409,11/06/2020 05:48:00 PM,2020
CR00027436,02/29/2024 05:12:00 PM,40,CLEAR,DAYLIGHT,REAR END,NOT DIVIDED,TRAFFIC SIGNAL,IMPROPER LANE USAGE,IMPROPER OVERTAKING/PASSING,0,0,1,1,17,5,2,104,BROADWAY,41.812759,-87.679713,02/29/2024 05:51:00 PM,2024
CR00027437,04/14/2019 09:08:00 AM,30,CLEAR,DAYLIGHT,REAR END,DIVIDED - W/MEDIAN (NOT RAISED),NO CONTROLS,DISTRACTION - FROM INSIDE VEHICLE,NOT APPLICABLE,0,0,3,3,9,1,4,1777,ELSTON AVE,41.879777,-87.841758,04/14/2019 10:57:00 AM,2019
CR00027438,02/23/2019 03:20:00 PM,30,CLEAR,DAYLIGHT,SIDESWIPE SAME DIRECTION,T-INTERSECTION,TRAFFIC SIGNAL,DISTRACTION - FROM INSIDE VEHICLE,FOLLOWING TOO CLOSELY,0,0,0,0,15,7,2,466,ARCHER AVE,41.904033,-87.560637,02/23/2019 04:32:00 PM,2019
CR00027439,01/23/2021 07:50:00 PM,25,CLEAR,DARKNESS - LIGHTED ROAD,REAR END,NOT DIVIDED,NO CONTROLS,FOLLOWING TOO CLOSELY,UNABLE TO DETERMINE,0,0,0,0,19,7,1,1879,STONY ISLAND AVE,41.870983,-87.699865,01/23/2021 09:50:00 PM,2021
CR00027440,03/08/2023 04:12:00 PM,30,CLEAR,DAYLIGHT,REAR TO FRONT,NOT DIVIDED,TRAFFIC SIGNAL,IMPROPER OVERTAKING/PASSING,IMPROPER LANE USAGE,0,0,0,0,16,4,3,317,IRVING PARK RD,41.914301,-87.557847,03/08/2023 04:39:00 PM,2023
CR00027441,03/06/2018 07:47:00 AM,45,RAIN,DAYLIGHT,SIDESWIPE SAME DIRECTION,DIVIDED - W/MEDIAN BARRIER,UNKNOWN,DISTRACTION - FROM INSIDE VEHICLE,UNABLE TO DETERMINE,0,0,0,0,7,3,3,1279,47TH ST,41.965052,-87.666646,03/06/2018 08:52:00 AM,2018
CR00027442,04/29/2022 10:04:00 AM,25,CLOUDY/OVERCAST,DAYLIGHT,FIXED OBJECT,NOT DIVIDED,NO CONTROLS,IMPROPER OVERTAKING/PASSING,DRIVING SKILLS/KNOWLEDGE/EXPERIENCE,0,0,0,0,10,6,4,945,ELSTON AVE,41.786008,-87.504892,04/29/2022 11:20:00 AM,2022
CR00027443,08/05/2018 05:34:00 PM,45,CLOUDY/OVERCAST,DAYLIGHT,SIDESWIPE SAME DIRECTION,NOT DIVIDED,STOP SIGN/FLASHER,FAILING TO REDUCE SPEED,UNABLE TO DETERMINE,0,0,1,1,17,1,8,1863,PULASKI RD,41.743603,-87.506536,08/05/2018 07:25:00 PM,2018
CR00027444,03/24/2021 12:09:00 PM,35,CLEAR,DARKNESS,FIXED OBJECT,FOUR WAY,NO CONTROLS,FAILING TO REDUCE SPEED,UNABLE TO DETERMINE,0,0,1,1,12,4,3,1733,FULLERTON AVE,41.932041,-87.811036,03/24/2021 02:09:00 PM,2021
CR00027445,03/19/2024 09:30:00 AM,30,CLEAR,DAYLIGHT,REAR TO FRONT,DIVIDED - W/MEDIAN (NOT RAISED),STOP SIGN/FLASHER,IMPROPER OVERTAKING/PASSING,DRIVING SKILLS/KNOWLEDGE/EXPERIENCE,0,0,0,0,9,3,3,1777,MILWAUKEE AVE,41.866088,-87.65175,03/19/2024 11:21:00 AM,2024
CR00027446,03/16/2021 05:08:00 AM,45,RAIN,DARKNESS - LIGHTED ROAD,ANGLE,NOT DIVIDED,STOP SIGN/FLASHER,DRIVING SKILLS/KNOWLEDGE/EXPERIENCE,DRIVING SKILLS/KNOWLEDGE/EXPERIENCE,0,0,0,0,5,3,3,891,HALSTED ST,41.874681,-87.815528,03/16/2021 06:00:00 AM,2021
CR00027447,02/22/2017 01:40:00 PM,30,CLEAR,DARKNESS,REAR TO FRONT,ONE-WAY,UNKNOWN,DISREGARDING TRAFFIC SIGNALS,WEATHER,0,0,0,0,13,4,2,1967,PULASKI RD,41.782744,-87.538484,02/22/2017 03:29:00 PM,2017
CR00027448,05/12/2015 11:06:00 AM,30,RAIN,DARKNESS - LIGHTED ROAD,FIXED OBJECT,NOT DIVIDED,UNKNOWN,FAILING TO YIELD RIGHT-OF-WAY,UNABLE TO DETERMINE,0,0,0,0,11,3,5,1657,STATE ST,41.83853,-87.609397,05/12/2015 11:58:00 AM,2015
CR00027449,10/27/2018 01:46:00 PM,30,CLEAR,DAWN,PARKED MOTOR VEHICLE,NOT DIVIDED,NO CONTROLS,FAILING TO REDUCE SPEED,FOLLOWING TOO CLOSELY,0,0,0,0,13,7,10,2010,STATE ST,41.758127,-87.661865,10/27/2018 02:11:00 PM,2018
CR00027450,03/23/2023 06:27:00 PM,25,CLEAR,DARKNESS - LIGHTED ROAD,REAR END,ONE-WAY,STOP SIGN/FLASHER,UNABLE TO DETERMINE,UNABLE TO DETERMINE,0,0,0,0,18,5,3,2324,HALSTED ST,41.70911,-87.706592,03/23/2023 07:25:00 PM,2023
CR00027451,12/19/2020 08:30:00 AM,30,CLEAR,DAYLIGHT,ANGLE,NOT DIVIDED,TRAFFIC SIGNAL,UNABLE TO DETERMINE,UNABLE TO DETERMINE,0,0,0,0,8,7,12,1322,HALSTED ST,41.989461,-87.613847,12/19/2020 08:38:00 AM,2020
CR00027452,01/21/2024 07:11:00 PM,20,CLEAR,DAYLIGHT,REAR END,NOT DIVIDED,NO CONTROLS,UNABLE TO DETERMINE,UNABLE TO DETERMINE,0,0,0,0,19,1,1,1999,MICHIGAN AVE,41.913073,-87.795503,01/21/2024 07:32:00 PM,2024
CR00027453,11/06/2022 07:40:00 AM,20,CLEAR,DAYLIGHT,SIDESWIPE SAME DIRECTION,DIVIDED - W/MEDIAN BARRIER,TRAFFIC SIGNAL,UNABLE TO DETERMINE,FOLLOWING TOO CLOSELY,0,0,0,0,7,1,11,1009,DAMEN AVE,41.701987,-87.691767,11/06/2022 08:23:00 AM,2022
CR00027454,05/01/2015 05:02:00 PM,30,CLEAR,DAYLIGHT,PEDESTRIAN,DIVIDED - W/MEDIAN BARRIER,YIELD,FAILING TO YIELD RIGHT-OF-WAY,FAILING TO YIELD RIGHT-OF-WAY,0,0,2,2,17,6,5,1361,ELSTON AVE,41.942828,-87.691543,05/01/2015 05:07:00 PM,2015
CR00027455,06/01/2016 07:07:00 AM,25,CLEAR,DAYLIGHT,ANGLE,DIVIDED - W/MEDIAN (NOT RAISED),NO CONTROLS,FAILING TO YIELD RIGHT-OF-WAY,NOT APPLICABLE,0,0,1,1,7,4,6,174,FULLERTON AVE,41.881032,-87.634131,06/01/2016 08:32:00 AM,2016
CR00027456,08/04/2019 07:52:00 AM,30,CLEAR,DARKNESS - LIGHTED ROAD,TURNING,FOUR WAY,NO CONTROLS,UNABLE TO DETERMINE,DISTRACTION - FROM INSIDE VEHICLE,0,0,0,0,7,1,8,1898,DIVISION ST,41.821281,-87.735722,08/04/2019 08:39:00 AM,2019
CR00027457,10/23/2020 07:40:00 AM,30,FREEZING RAIN/DRIZZLE,DAYLIGHT,TURNING,DIVIDED - W/MEDIAN (NOT RAISED),STOP SIGN/FLASHER,IMPROPER OVERTAKING/PASSING,UNABLE TO DETERMINE,0,0,3,3,7,6,10,965,63RD ST,41.777202,-87.529417,10/23/2020 09:10:00 AM,2020
CR00027458,03/05/2020 10:01:00 AM,45,CLEAR,DUSK,REAR TO FRONT,NOT DIVIDED,UNKNOWN,UNABLE TO DETERMINE,UNABLE TO DETERMINE,0,0,0,0,10,5,3,152,OGDEN AVE,41.808919,-87.596665,03/05/2020 10:46:00 AM,2020
CR00027459,04/09/2023 09:29:00 AM,15,CLEAR,DARKNESS - LIGHTED ROAD,PARKED MOTOR VEHICLE,NOT DIVIDED,STOP SIGN/FLASHER,IMPROPER LANE USAGE,FOLLOWING TOO CLOSELY,0,0,0,0,9,1,4,742,FULLERTON AVE,41.972697,-87.589635,04/09/2023 10:29:00 AM,2023
CR00027460,02/23/2019 06:07:00 PM,25,CLEAR,DARKNESS - LIGHTED ROAD,SIDESWIPE SAME DIRECTION,ONE-WAY,TRAFFIC SIGNAL,DISTRACTION - FROM INSIDE VEHICLE,FAILING TO REDUCE SPEED,0,0,0,0,18,7,2,2116,ELSTON AVE,41.700732,-87.634541,02/23/2019 07:38:00 PM,2019
CR00027461,04/12/2023 01:13:00 AM,25,CLEAR,DARKNESS - LIGHTED ROAD,ANGLE,DIVIDED - W/MEDIAN BARRIER,UNKNOWN,WEATHER,IMPROPER OVERTAKING/PASSING,0,0,1,1,1,4,4,960,PULASKI RD,41.979282,-87.535695,04/12/2023 01:51:00 AM,2023
CR00027462,10/04/2018 05:30:00 PM,20,CLEAR,DAYLIGHT,REAR END,ONE-WAY,NO CONTROLS,UNABLE TO DETERMINE,UNABLE TO DETERMINE,0,0,0,0,17,5,10,521,BROADWAY,41.932813,-87.617945,10/04/2018 06:53:00 PM,2018
CR00027463,08/03/2016 06:23:00 PM,15,RAIN,DAYLIGHT,REAR END,ONE-WAY,TRAFFIC SIGNAL,IMPROPER OVERTAKING/PASSING,UNABLE TO DETERMINE,0,0,0,0,18,4,8,2414,CICERO AVE,41.99023,-87.829789,08/03/2016 08:21:00 PM,2016
CR00027464,11/04/2024 06:26:00 PM,15,CLEAR,DAYLIGHT,TURNING,DIVIDED - W/MEDIAN BARRIER,TRAFFIC SIGNAL,UNABLE TO DETERMINE,IMPROPER OVERTAKING/PASSING,0,0,0,0,18,2,11,2391,LAKE SHORE DR,41.844406,-87.773508,11/04/2024 07:59:00 PM,2024
CR00027465,06/16/2017 08:12:00 AM,35,CLEAR,DAYLIGHT,REAR END,DIVIDED - W/MEDIAN BARRIER,NO CONTROLS,DISREGARDING TRAFFIC SIGNALS,NOT APPLICABLE,0,0,0,0,8,6,6,248,MILWAUKEE AVE,41.715418,-87.808729,06/16/2017 09:34:00 AM,2017
CR00027466,04/19/2022 06:28:00 AM,20,CLEAR,DAYLIGHT,REAR END,DIVIDED - W/MEDIAN BARRIER,NO CONTROLS,FAILING TO REDUCE SPEED,FOLLOWING TOO CLOSELY,0,0,0,0,6,3,4,265,DAMEN AVE,41.737369,-87.777579,04/19/2022 06:51:00 AM,2022
CR00027467,03/28/2019 01:21:00 PM,30,CLOUDY/OVERCAST,DAYLIGHT,SIDESWIPE SAME DIRECTION,NOT DIVIDED,TRAFFIC SIGNAL,FAILING TO REDUCE SPEED,DISREGARDING TRAFFIC SIGNALS,0,0,0,0,13,5,3,2416,MICHIGAN AVE,41.897538,-87.510789,03/28/2019 01:33:00 PM,2019
CR00027468,07/22/2019 03:05:00 PM,35,CLEAR,DARKNESS - LIGHTED ROAD,REAR END,ONE-WAY,TRAFFIC SIGNAL,UNABLE TO DETERMINE,FAILING TO YIELD RIGHT-OF-WAY,0,0,0,0,15,2,7,1145,CALIFORNIA AVE,41.83998,-87.750669,07/22/2019 05:03:00 PM,2019
CR00027469,12/24/2019 07:04:00 AM,35,CLEAR,DAYLIGHT,REAR END,DIVIDED - W/MEDIAN (NOT RAISED),NO CONTROLS,FOLLOWING TOO CLOSELY,NOT APPLICABLE,0,0,0,0,7,3,12,375,LAKE SHORE DR,41.769881,-87.519839,12/24/2019 07:20:00 AM,2019
CR00027470,10/03/2019 08:40:00 AM,40,CLEAR,DAYLIGHT,ANGLE,FOUR WAY,NO CONTROLS,FOLLOWING TOO CLOSELY,IMPROPER OVERTAKING/PASSING,0,0,0,0,8,5,10,1536,FULLERTON AVE,41.730572,-87.621612,10/03/2019 10:37:00 AM,2019
CR00027471,03/17/2019 05:41:00 PM,30,CLEAR,DAYLIGHT,TURNING,DIVIDED - W/MEDIAN (NOT RAISED),NO CONTROLS,UNABLE TO DETERMINE,WEATHER,0,0,0,0,17,1,3,258,STONY ISLAND AVE,41.796858,-87.727306,03/17/2019 06:07:00 PM,2019
CR00027472,08/12/2020 07:54:00 PM,30,CLEAR,DARKNESS - LIGHTED ROAD,REAR END,T-INTERSECTION,TRAFFIC SIGNAL,UNABLE TO DETERMINE,IMPROPER LANE USAGE,0,0,0,0,19,4,8,212,PULASKI RD,41.87992,-87.538727,08/12/2020 09:21:00 PM,2020
CR00027473,02/02/2024 10:17:00 AM,40,CLEAR,DAYLIGHT,SIDESWIPE SAME DIRECTION,FOUR WAY,NO CONTROLS,IMPROPER LANE USAGE,DISTRACTION - FROM INSIDE VEHICLE,0,0,0,0,10,6,2,1666,PULASKI RD,41.997236,-87.71363,02/02/2024 11:54:00 AM,2024
CR00027474,01/22/2016 10:52:00 PM,45,CLEAR,DAYLIGHT,TURNING,DIVIDED - W/MEDIAN (NOT RAISED),TRAFFIC SIGNAL,UNABLE TO DETERMINE,UNABLE TO DETERMINE,0,0,1,1,22,6,1,701,FULLERTON AVE,41.754654,-87.782683,01/22/2016 11:19:00 PM,2016
CR00027475,07/02/2018 10:26:00 AM,40,CLEAR,DARKNESS - LIGHTED ROAD,ANGLE,FOUR WAY,TRAFFIC SIGNAL,FOLLOWING TOO CLOSELY,IMPROPER LANE USAGE,0,0,0,0,10,2,7,1839,DAMEN AVE,41.771084,-87.545384,07/02/2018 10:53:00 AM,2018
CR00027476,10/22/2022 12:43:00 AM,40,FREEZING RAIN/DRIZZLE,DAYLIGHT,ANGLE,ONE-WAY,NO CONTROLS,FOLLOWING TOO CLOSELY,IMPROPER LANE USAGE,0,0,0,0,0,7,10,1610,47TH ST,41.830775,-87.549733,10/22/2022 12:45:00 AM,2022
CR00027477,04/26/2016 08:04:00 AM,20,CLEAR,DARKNESS,FIXED OBJECT,NOT DIVIDED,TRAFFIC SIGNAL,UNABLE TO DETERMINE,IMPROPER LANE USAGE,0,0,1,1,8,3,4,404,PULASKI RD,41.813114,-87.843288,04/26/2016 09:46:00 AM,2016
CR00027478,12/06/2022 03:55:00 PM,30,CLEAR,DUSK,REAR END,NOT DIVIDED,NO CONTROLS,FAILING TO YIELD RIGHT-OF-WAY,NOT APPLICABLE,0,0,2,2,15,3,12,2461,LAKE SHORE DR,41.894534,-87.734095,12/06/2022 04:42:00 PM,2022
CR00027479,10/06/2016 07:55:00 PM,30,CLEAR,DAYLIGHT,REAR END,DIVIDED - W/MEDIAN (NOT RAISED),NO CONTROLS,IMPROPER OVERTAKING/PASSING,FAILING TO YIELD RIGHT-OF-WAY,0,0,0,0,19,5,10,416,DAMEN AVE,41.769481,-87.602554,10/06/2016 09:23:00 PM,2016
CR00027480,11/25/2023 11:00:00 AM,45,CLOUDY/OVERCAST,DAYLIGHT,SIDESWIPE SAME DIRECTION,FOUR WAY,TRAFFIC SIGNAL,FOLLOWING TOO CLOSELY,UNABLE TO DETERMINE,0,0,0,0,11,7,11,966,ASHLAND AVE,41.705853,-87.732644,11/25/2023 11:02:00 AM,2023
CR00027481,12/16/2024 02:35:00 PM,25,CLEAR,DARKNESS - LIGHTED ROAD,FIXED OBJECT,NOT DIVIDED,STOP SIGN/FLASHER,IMPROPER LANE USAGE,UNABLE TO DETERMINE,0,0,3,3,14,2,12,385,CLARK ST,41.910174,-87.624625,12/16/2024 04:07:00 PM,2024
CR00027482,01/03/2024 09:47:00 AM,20,FOG/SMOKE/HAZE,DARKNESS,TURNING,NOT DIVIDED,TRAFFIC SIGNAL,IMPROPER LANE USAGE,IMPROPER LANE USAGE,0,0,0,0,9,4,1,2217,WESTERN AVE,41.937514,-87.790111,01/03/2024 09:49:00 AM,2024
CR00027483,07/24/2021 09:52:00 AM,40,RAIN,DARKNESS - LIGHTED ROAD,REAR END,NOT DIVIDED,STOP SIGN/FLASHER,FAILING TO YIELD RIGHT-OF-WAY,DISREGARDING TRAFFIC SIGNALS,0,0,0,0,9,7,7,2144,CALIFORNIA AVE,41.785121,-87.694376,07/24/2021 10:03:00 AM,2021
CR00027484,11/05/2021 07:33:00 AM,20,CLEAR,DAWN,TURNING,NOT DIVIDED,NO CONTROLS,UNABLE TO DETERMINE,UNABLE TO DETERMINE,0,0,3,3,7,6,11,1039,CICERO AVE,41.711931,-87.708965,11/05/2021 09:02:00 AM,2021
CR00027485,12/15/2018 07:37:00 PM,40,CLOUDY/OVERCAST,DAYLIGHT,PEDESTRIAN,DIVIDED - W/MEDIAN (NOT RAISED),NO CONTROLS,IMPROPER OVERTAKING/PASSING,NOT APPLICABLE,0,0,0,0,19,7,12,1621,WESTERN AVE,41.703401,-87.725298,12/15/2018 09:26:00 PM,2018