CRASH_RECORD_ID,CRASH_DATE,POSTED_SPEED_LIMIT,WEATHER_CONDITION,LIGHTING_CONDITION,FIRST_CRASH_TYPE,TRAFFICWAY_TYPE,TRAFFIC_CONTROL_DEVICE,PRIM_CONTRIBUTORY_CAUSE,SEC_CONTRIBUTORY_CAUSE,INJURIES_FATAL,INJURIES_INCAPACITATING,INJURIES_NON_INCAPACITATING,INJURIES_TOTAL,CRASH_HOUR,CRASH_DAY_OF_WEEK,CRASH_MONTH,BEAT_OF_OCCURRENCE,STREET_NAME,LATITUDE,LONGITUDE,DATE_POLICE_NOTIFIED,year
CR00027486,07/20/2021 08:36:00 PM,20,CLEAR,DAYLIGHT,REAR END,NOT DIVIDED,TRAFFIC SIGNAL,UNABLE TO DETERMINE,FAILING TO YIELD RIGHT-OF-WAY,0,0,0,0,20,3,7,148,DIVISION ST,41.979704,-87.839917,07/20/2021 09:56:00 PM,2021
CR00027487,12/22/2018 12:36:00 PM,35,SNOW,DAYLIGHT,REAR END,DIVIDED - W/MEDIAN (NOT RAISED),STOP SIGN/FLASHER,FAILING TO YIELD RIGHT-OF-WAY,FOLLOWING TOO CLOSELY,0,0,1,1,12,7,12,495,KEDZIE AVE,41.747682,-87.559021,12/22/2018 12:39:00 PM,2018
CR00027488,12/10/2018 03:45:00 PM,35,CLEAR,DAYLIGHT,FIXED OBJECT,ONE-WAY,NO CONTROLS,IMPROPER LANE USAGE,FOLLOWING TOO CLOSELY,0,0,0,0,15,2,12,1939,63RD ST,41.808489,-87.652825,12/10/2018 04:47:00 PM,2018
CR00027489,10/23/2022 08:27:00 AM,35,CLEAR,DAYLIGHT,SIDESWIPE SAME DIRECTION,FOUR WAY,NO CONTROLS,FAILING TO REDUCE SPEED,FOLLOWING TOO CLOSELY,0,0,1,1,8,1,10,2415,KEDZIE AVE,41.895595,-87.744032,10/23/2022 09:17:00 AM,2022
CR00027490,11/15/2021 07:48:00 PM,30,CLEAR,DARKNESS - LIGHTED ROAD,TURNING,DIVIDED - W/MEDIAN (NOT RAISED),NO CONTROLS,FOLLOWING TOO CLOSELY,UNABLE TO DETERMINE,0,0,2,2,19,2,11,2236,MICHIGAN AVE,41.827885,-87.542192,11/15/2021 08:45:00 PM,2021
CR00027491,12/06/2024 01:26:00 PM,30,CLEAR,DARKNESS - LIGHTED ROAD,TURNING,DIVIDED - W/MEDIAN BARRIER,TRAFFIC SIGNAL,IMPROPER OVERTAKING/PASSING,FOLLOWING TOO CLOSELY,0,0,0,0,13,6,12,945,CALIFORNIA AVE,41.875979,-87.708555,12/06/2024 02:37:00 PM,2024
CR00027492,10/17/2016 12:26:00 PM,45,RAIN,DAYLIGHT,PEDESTRIAN,NOT DIVIDED,NO CONTROLS,UNABLE TO DETERMINE,FAILING TO YIELD RIGHT-OF-WAY,0,1,2,3,12,2,10,1955,FULLERTON AVE,41.741752,-87.723587,10/17/2016 01:14:00 PM,2016
CR00027493,07/20/2018 05:55:00 PM,45,CLEAR,DARKNESS - LIGHTED ROAD,TURNING,NOT DIVIDED,NO CONTROLS,UNABLE TO DETERMINE,DISREGARDING TRAFFIC SIGNALS,0,0,0,0,17,6,7,786,CALIFORNIA AVE,41.76748,-87.749366,07/20/2018 05:58:00 PM,2018
CR00027494,12/20/2020 08:42:00 PM,30,CLEAR,DAYLIGHT,TURNING,NOT DIVIDED,STOP SIGN/FLASHER,IMPROPER OVERTAKING/PASSING,FOLLOWING TOO CLOSELY,0,0,0,0,20,1,12,2459,47TH ST,41.921749,-87.794761,12/20/2020 10:20:00 PM,2020
CR00027495,06/13/2015 06:22:00 AM,40,RAIN,DAYLIGHT,PARKED MOTOR VEHICLE,DIVIDED - W/MEDIAN (NOT RAISED),NO CONTROLS,UNABLE TO DETERMINE,DRIVING SKILLS/KNOWLEDGE/EXPERIENCE,0,0,0,0,6,7,6,1014,FULLERTON AVE,41.898118,-87.736812,06/13/2015 06:47:00 AM,2015
CR00027496,12/28/2015 06:38:00 PM,30,CLEAR,DARKNESS - LIGHTED ROAD,TURNING,NOT DIVIDED,STOP SIGN/FLASHER,IMPROPER OVERTAKING/PASSING,FOLLOWING TOO CLOSELY,0,0,0,0,18,2,12,1888,63RD ST,41.834111,-87.841978,12/28/2015 07:42:00 PM,2015
CR00027497,12/01/2020 08:53:00 AM,25,CLEAR,DAYLIGHT,ANGLE,FOUR WAY,NO CONTROLS,FOLLOWING TOO CLOSELY,FOLLOWING TOO CLOSELY,0,0,0,0,8,3,12,1179,FULLERTON AVE,41.775009,-87.539797,12/01/2020 09:21:00 AM,2020
CR00027498,02/11/2023 06:50:00 PM,35,CLEAR,DAWN,TURNING,DIVIDED - W/MEDIAN (NOT RAISED),YIELD,UNABLE TO DETERMINE,FAILING TO YIELD RIGHT-OF-WAY,0,0,0,0,18,7,2,799,ROOSEVELT RD,41.953838,-87.624497,02/11/2023 07:25:00 PM,2023
CR00027499,05/16/2022 07:16:00 AM,20,CLEAR,DAYLIGHT,REAR END,NOT DIVIDED,PEDESTRIAN CROSSING SIGN,FOLLOWING TOO CLOSELY,UNABLE TO DETERMINE,0,0,0,0,7,2,5,766,STATE ST,41.853557,-87.558149,05/16/2022 07:42:00 AM,2022
CR00027500,03/06/2020 05:23:00 AM,30,CLOUDY/OVERCAST,DARKNESS - LIGHTED ROAD,REAR END,DIVIDED - W/MEDIAN (NOT RAISED),STOP SIGN/FLASHER,FAILING TO REDUCE SPEED,UNABLE TO DETERMINE,0,0,0,0,5,6,3,1476,BROADWAY,41.729003,-87.790105,03/06/2020 06:39:00 AM,2020
CR00027501,09/25/2016 11:06:00 AM,35,CLOUDY/OVERCAST,DARKNESS - LIGHTED ROAD,SIDESWIPE SAME DIRECTION,ONE-WAY,UNKNOWN,FOLLOWING TOO CLOSELY,DISTRACTION - FROM INSIDE VEHICLE,0,0,0,0,11,1,9,488,ELSTON AVE,41.998649,-87.623015,09/25/2016 11:49:00 AM,2016
CR00027502,08/15/2023 08:43:00 PM,30,CLEAR,DAWN,REAR END,FOUR WAY,TRAFFIC SIGNAL,DRIVING SKILLS/KNOWLEDGE/EXPERIENCE,FAILING TO YIELD RIGHT-OF-WAY,0,0,1,1,20,3,8,1769,CLARK ST,41.814987,-87.641896,08/15/2023 10:16:00 PM,2023
CR00027503,08/10/2019 04:45:00 AM,15,CLEAR,DAYLIGHT,PARKED MOTOR VEHICLE,DIVIDED - W/MEDIAN BARRIER,TRAFFIC SIGNAL,UNABLE TO DETERMINE,FAILING TO YIELD RIGHT-OF-WAY,0,0,2,2,4,7,8,1289,OGDEN AVE,41.799593,-87.760902,08/10/2019 06:09:00 AM,2019
CR00027504,11/14/2024 07:27:00 AM,30,CLEAR,DAYLIGHT,TURNING,FOUR WAY,NO CONTROLS,WEATHER,NOT APPLICABLE,0,0,1,1,7,5,11,2144,HALSTED ST,41.948045,-87.74578,11/14/2024 09:26:00 AM,2024
CR00027505,06/05/2019 01:09:00 PM,45,CLEAR,DARKNESS - LIGHTED ROAD,TURNING,T-INTERSECTION,NO CONTROLS,UNABLE TO DETERMINE,UNABLE TO DETERMINE,0,0,0,0,13,4,6,873,KEDZIE AVE,41.754169,-87.828473,06/05/2019 01:11:00 PM,2019
CR00027506,08/03/2018 11:43:00 AM,30,CLOUDY/OVERCAST,DARKNESS - LIGHTED ROAD,PEDESTRIAN,DIVIDED - W/MEDIAN BARRIER,TRAFFIC SIGNAL,UNABLE TO DETERMINE,UNABLE TO DETERMINE,0,0,0,0,11,6,8,1792,47TH ST,41.843422,-87.530822,08/03/2018 12:55:00 PM,2018
CR00027507,01/23/2021 07:54:00 PM,30,CLEAR,DAYLIGHT,SIDESWIPE SAME DIRECTION,NOT DIVIDED,STOP SIGN/FLASHER,FAILING TO REDUCE SPEED,UNABLE TO DETERMINE,0,0,0,0,19,7,1,2438,47TH ST,41.726967,-87.79565,01/23/2021 09:10:00 PM,2021
CR00027508,09/09/2017 02:26:00 PM,40,CLOUDY/OVERCAST,DAYLIGHT,TURNING,NOT DIVIDED,TRAFFIC SIGNAL,UNABLE TO DETERMINE,DISTRACTION - FROM INSIDE VEHICLE,0,0,0,0,14,7,9,2138,STATE ST,41.911244,-87.624093,09/09/2017 04:15:00 PM,2017
CR00027509,05/21/2020 07:05:00 AM,30,CLEAR,DAYLIGHT,SIDESWIPE SAME DIRECTION,DIVIDED - W/MEDIAN (NOT RAISED),STOP SIGN/FLASHER,IMPROPER LANE USAGE,FOLLOWING TOO CLOSELY,0,0,0,0,7,5,5,2309,CLARK ST,41.753463,-87.666927,05/21/2020 07:48:00 AM,2020
CR00027510,02/01/2023 01:10:00 PM,20,CLEAR,DAYLIGHT,REAR END,DIVIDED - W/MEDIAN (NOT RAISED),NO CONTROLS,IMPROPER LANE USAGE,DISREGARDING TRAFFIC SIGNALS,0,0,1,1,13,4,2,2004,ARCHER AVE,41.714113,-87.775262,02/01/2023 02:02:00 PM,2023
CR00027511,09/01/2019 09:16:00 AM,35,CLEAR,DAYLIGHT,ANGLE,NOT DIVIDED,TRAFFIC SIGNAL,FOLLOWING TOO CLOSELY,NOT APPLICABLE,0,0,0,0,9,1,9,254,HALSTED ST,41.942153,-87.766299,09/01/2019 10:09:00 AM,2019
CR00027512,08/09/2019 12:06:00 PM,25,CLEAR,DARKNESS - LIGHTED ROAD,TURNING,NOT DIVIDED,TRAFFIC SIGNAL,FAILING TO YIELD RIGHT-OF-WAY,DRIVING SKILLS/KNOWLEDGE/EXPERIENCE,0,0,0,0,12,6,8,1943,IRVING PARK RD,41.97024,-87.771224,08/09/2019 01:00:00 PM,2019
CR00027513,07/26/2019 07:16:00 AM,35,CLEAR,DAYLIGHT,TURNING,NOT DIVIDED,NO CONTROLS,FOLLOWING TOO CLOSELY,FAILING TO YIELD RIGHT-OF-WAY,0,0,0,0,7,6,7,1260,CICERO AVE,41.974947,-87.830606,07/26/2019 08:27:00 AM,2019
CR00027514,12/09/2017 11:48:00 AM,15,FOG/SMOKE/HAZE,DAYLIGHT,REAR END,NOT DIVIDED,NO CONTROLS,DISTRACTION - FROM INSIDE VEHICLE,IMPROPER LANE USAGE,0,0,0,0,11,7,12,966,63RD ST,41.937345,-87.687651,12/09/2017 01:43:00 PM,2017
CR00027515,05/09/2024 08:50:00 PM,45,CLEAR,DAYLIGHT,FIXED OBJECT,NOT DIVIDED,TRAFFIC SIGNAL,UNABLE TO DETERMINE,UNABLE TO DETERMINE,0,0,1,1,20,5,5,379,MILWAUKEE AVE,41.947725,-87.695973,05/09/2024 10:50:00 PM,2024
CR00027516,08/05/2019 05:32:00 PM,25,CLEAR,DARKNESS - LIGHTED ROAD,REAR END,ONE-WAY,NO CONTROLS,FAILING TO REDUCE SPEED,IMPROPER LANE USAGE,0,0,2,2,17,2,8,1427,79TH ST,41.958298,-87.75338,08/05/2019 07:29:00 PM,2019
CR00027517,05/16/2024 08:23:00 PM,45,CLEAR,DAYLIGHT,REAR END,NOT DIVIDED,NO CONTROLS,IMPROPER OVERTAKING/PASSING,NOT APPLICABLE,0,0,1,1,20,5,5,1951,MILWAUKEE AVE,41.974687,-87.720287,05/16/2024 08:55:00 PM,2024
CR00027518,05/11/2021 07:59:00 AM,20,CLEAR,DARKNESS,REAR TO FRONT,NOT DIVIDED,TRAFFIC SIGNAL,FOLLOWING TOO CLOSELY,UNABLE TO DETERMINE,0,0,0,0,7,3,5,1998,MILWAUKEE AVE,41.88321,-87.821084,05/11/2021 08:32:00 AM,2021
CR00027519,10/24/2021 05:40:00 PM,45,CLEAR,DAYLIGHT,SIDESWIPE SAME DIRECTION,NOT DIVIDED,TRAFFIC SIGNAL,DRIVING SKILLS/KNOWLEDGE/EXPERIENCE,DISREGARDING TRAFFIC SIGNALS,0,0,0,0,17,1,10,1879,DIVISION ST,41.850244,-87.782825,10/24/2021 06:52:00 PM,2021
CR00027520,02/26/2019 05:57:00 PM,20,RAIN,DARKNESS,REAR END,NOT DIVIDED,NO CONTROLS,WEATHER,DISTRACTION - FROM INSIDE VEHICLE,0,0,3,3,17,3,2,1792,OGDEN AVE,41.992354,-87.65513,02/26/2019 06:33:00 PM,2019
CR00027521,07/17/2017 06:37:00 PM,30,CLEAR,DAYLIGHT,SIDESWIPE SAME DIRECTION,NOT DIVIDED,NO CONTROLS,DRIVING SKILLS/KNOWLEDGE/EXPERIENCE,FAILING TO REDUCE SPEED,0,0,0,0,18,2,7,541,IRVING PARK RD,41.836602,-87.691129,07/17/2017 08:06:00 PM,2017
CR00027522,01/28/2024 08:23:00 PM,15,CLEAR,DARKNESS - LIGHTED ROAD,PEDESTRIAN,NOT DIVIDED,TRAFFIC SIGNAL,UNABLE TO DETERMINE,NOT APPLICABLE,0,0,0,0,20,1,1,2166,OGDEN AVE,41.967434,-87.524203,01/28/2024 08:49:00 PM,2024
CR00027523,08/07/2016 06:40:00 AM,35,CLEAR,DAYLIGHT,SIDESWIPE SAME DIRECTION,DIVIDED - W/MEDIAN BARRIER,NO CONTROLS,DISTRACTION - FROM INSIDE VEHICLE,WEATHER,0,0,0,0,6,1,8,476,PULASKI RD,41.809212,-87.64187,08/07/2016 07:08:00 AM,2016
CR00027524,11/25/2017 05:57:00 PM,15,RAIN,DAYLIGHT,REAR END,NOT DIVIDED,STOP SIGN/FLASHER,DISTRACTION - FROM INSIDE VEHICLE,DISTRACTION - FROM INSIDE VEHICLE,0,1,1,2,17,7,11,733,BROADWAY,41.898267,-87.702048,11/25/2017 07:46:00 PM,2017
CR00027525,07/31/2015 04:30:00 AM,30,CLOUDY/OVERCAST,DARKNESS - LIGHTED ROAD,ANGLE,FOUR WAY,TRAFFIC SIGNAL,UNABLE TO DETERMINE,NOT APPLICABLE,0,0,0,0,4,6,7,971,63RD ST,41.894105,-87.641329,07/31/2015 05:45:00 AM,2015
CR00027526,11/10/2019 05:29:00 PM,35,FREEZING RAIN/DRIZZLE,DARKNESS - LIGHTED ROAD,PARKED MOTOR VEHICLE,FOUR WAY,TRAFFIC SIGNAL,IMPROPER OVERTAKING/PASSING,UNABLE TO DETERMINE,0,0,0,0,17,1,11,114,79TH ST,41.996251,-87.812495,11/10/2019 07:07:00 PM,2019
CR00027527,07/27/2023 12:55:00 PM,45,SNOW,DARKNESS - LIGHTED ROAD,REAR TO FRONT,T-INTERSECTION,TRAFFIC SIGNAL,IMPROPER OVERTAKING/PASSING,FAILING TO REDUCE SPEED,0,0,0,0,12,5,7,344,ROOSEVELT RD,41.766343,-87.649868,07/27/2023 01:59:00 PM,2023
CR00027528,09/14/2022 04:40:00 PM,15,CLEAR,DAYLIGHT,TURNING,FOUR WAY,TRAFFIC SIGNAL,DRIVING SKILLS/KNOWLEDGE/EXPERIENCE,UNABLE TO DETERMINE,0,0,2,2,16,4,9,628,63RD ST,41.740453,-87.78384,09/14/2022 05:35:00 PM,2022
CR00027529,07/11/2016 05:45:00 PM,30,CLEAR,DAYLIGHT,REAR END,FOUR WAY,STOP SIGN/FLASHER,DISTRACTION - FROM INSIDE VEHICLE,FAILING TO REDUCE SPEED,0,0,1,1,17,2,7,1979,IRVING PARK RD,41.953621,-87.75848,07/11/2016 07:10:00 PM,2016
CR00027530,11/10/2020 06:24:00 PM,45,CLEAR,DAYLIGHT,SIDESWIPE SAME DIRECTION,FOUR WAY,NO CONTROLS,FAILING TO YIELD RIGHT-OF-WAY,IMPROPER OVERTAKING/PASSING,0,0,1,1,18,3,11,2370,LAKE SHORE DR,41.826929,-87.757912,11/10/2020 07:51:00 PM,2020
CR00027531,12/04/2019 09:17:00 PM,30,RAIN,DAYLIGHT,TURNING,NOT DIVIDED,NO CONTROLS,FOLLOWING TOO CLOSELY,DRIVING SKILLS/KNOWLEDGE/EXPERIENCE,0,0,0,0,21,4,12,915,FULLERTON AVE,41.966586,-87.519644,12/04/2019 11:09:00 PM,2019
CR00027532,11/13/2017 04:46:00 PM,25,CLEAR,DAYLIGHT,ANGLE,NOT DIVIDED,NO CONTROLS,DRIVING SKILLS/KNOWLEDGE/EXPERIENCE,NOT APPLICABLE,0,0,0,0,16,2,11,1858,HALSTED ST,41.892821,-87.642781,11/13/2017 06:16:00 PM,2017
CR00027533,03/11/2022 05:05:00 PM,30,CLEAR,DAYLIGHT,PEDESTRIAN,DIVIDED - W/MEDIAN BARRIER,NO CONTROLS,DRIVING SKILLS/KNOWLEDGE/EXPERIENCE,NOT APPLICABLE,0,0,0,0,17,6,3,2426,CLARK ST,41.884996,-87.793396,03/11/2022 05:57:00 PM,2022
CR00027534,10/31/2023 10:55:00 AM,35,CLEAR,DARKNESS - LIGHTED ROAD,ANGLE,ONE-WAY,TRAFFIC SIGNAL,FAILING TO YIELD RIGHT-OF-WAY,NOT APPLICABLE,0,0,0,0,10,3,10,2035,79TH ST,41.820631,-87.693644,10/31/2023 11:59:00 AM,2023
CR00027535,04/16/2016 11:34:00 AM,20,CLEAR,DARKNESS,REAR END,DIVIDED - W/MEDIAN (NOT RAISED),TRAFFIC SIGNAL,DISREGARDING TRAFFIC SIGNALS,NOT APPLICABLE,0,0,0,0,11,7,4,326,IRVING PARK RD,41.885644,-87.680892,04/16/2016 12:53:00 PM,2016
CR00027536,08/19/2018 07:51:00 PM,40,CLOUDY/OVERCAST,DAYLIGHT,TURNING,NOT DIVIDED,TRAFFIC SIGNAL,FOLLOWING TOO CLOSELY,FAILING TO YIELD RIGHT-OF-WAY,0,0,0,0,19,1,8,799,MICHIGAN AVE,41.757541,-87.618683,08/19/2018 08:12:00 PM,2018
CR00027537,11/21/2016 07:12:00 AM,45,CLEAR,DARKNESS - LIGHTED ROAD,SIDESWIPE SAME DIRECTION,FOUR WAY,TRAFFIC SIGNAL,FOLLOWING TOO CLOSELY,UNABLE TO DETERMINE,0,0,0,0,7,2,11,1951,CLARK ST,41.809684,-87.727295,11/21/2016 08:00:00 AM,2016
CR00027538,04/11/2022 07:36:00 AM,35,CLEAR,DAYLIGHT,REAR END,ONE-WAY,NO CONTROLS,DRIVING SKILLS/KNOWLEDGE/EXPERIENCE,DISTRACTION - FROM INSIDE VEHICLE,0,1,1,2,7,2,4,1463,DAMEN AVE,41.705521,-87.637055,04/11/2022 08:46:00 AM,2022
CR00027539,09/26/2016 03:19:00 PM,25,CLEAR,DAYLIGHT,PARKED MOTOR VEHICLE,NOT DIVIDED,NO CONTROLS,FOLLOWING TOO CLOSELY,FOLLOWING TOO CLOSELY,0,0,0,0,15,2,9,242,WESTERN AVE,41.993444,-87.845102,09/26/2016 05:09:00 PM,2016
CR00027540,03/07/2020 07:34:00 AM,45,RAIN,DARKNESS - LIGHTED ROAD,PARKED MOTOR VEHICLE,NOT DIVIDED,TRAFFIC SIGNAL,IMPROPER LANE USAGE,IMPROPER LANE USAGE,0,0,1,1,7,7,3,1793,BROADWAY,41.93707,-87.501023,03/07/2020 08:21:00 AM,2020
CR00027541,09/08/2024 04:27:00 PM,35,CLEAR,DAYLIGHT,FIXED OBJECT,NOT DIVIDED,NO CONTROLS,IMPROPER OVERTAKING/PASSING,UNABLE TO DETERMINE,0,0,0,0,16,1,9,1480,63RD ST,41.983507,-87.587992,09/08/2024 04:36:00 PM,2024
CR00027542,10/22/2022 02:56:00 PM,30,CLEAR,DAYLIGHT,PARKED MOTOR VEHICLE,DIVIDED - W/MEDIAN (NOT RAISED),STOP SIGN/FLASHER,FAILING TO REDUCE SPEED,IMPROPER LANE USAGE,0,0,0,0,14,7,10,139,47TH ST,41.796471,-87.683667,10/22/2022 04:55:00 PM,2022
CR00027543,10/26/2017 07:54:00 AM,30,CLOUDY/OVERCAST,DARKNESS - LIGHTED ROAD,REAR END,DIVIDED - W/MEDIAN BARRIER,NO CONTROLS,UNABLE TO DETERMINE,UNABLE TO DETERMINE,0,0,2,2,7,5,10,444,FULLERTON AVE,41.750452,-87.822214,10/26/2017 09:51:00 AM,2017
CR00027544,07/02/2016 08:33:00 AM,45,CLEAR,DAYLIGHT,REAR END,ONE-WAY,NO CONTROLS,UNABLE TO DETERMINE,FOLLOWING TOO CLOSELY,0,0,0,0,8,7,7,1912,MILWAUKEE AVE,41.879639,-87.586898,07/02/2016 08:34:00 AM,2016
CR00027545,01/15/2015 09:10:00 PM,35,CLEAR,DARKNESS - LIGHTED ROAD,ANGLE,NOT DIVIDED,NO CONTROLS,FAILING TO REDUCE SPEED,NOT APPLICABLE,0,0,0,0,21,5,1,517,BROADWAY,41.955157,-87.603691,01/15/2015 09:55:00 PM,2015
CR00027546,10/22/2016 04:29:00 PM,45,CLEAR,DAYLIGHT,REAR END,NOT DIVIDED,NO CONTROLS,UNABLE TO DETERMINE,FAILING TO YIELD RIGHT-OF-WAY,0,0,0,0,16,7,10,661,STONY ISLAND AVE,41.811298,-87.644476,10/22/2016 05:49:00 PM,2016
CR00027547,05/24/2021 07:37:00 AM,45,CLEAR,DAYLIGHT,REAR TO FRONT,DIVIDED - W/MEDIAN (NOT RAISED),UNKNOWN,FOLLOWING TOO CLOSELY,WEATHER,0,0,0,0,7,2,5,2042,63RD ST,41.960043,-87.576489,05/24/2021 08:53:00 AM,2021
CR00027548,02/12/2015 12:25:00 PM,20,CLEAR,DARKNESS,ANGLE,NOT DIVIDED,STOP SIGN/FLASHER,FOLLOWING TOO CLOSELY,UNABLE TO DETERMINE,0,0,0,0,12,5,2,2243,ARCHER AVE,41.878393,-87.644311,02/12/2015 02:14:00 PM,2015
CR00027549,10/15/2020 01:55:00 PM,35,CLEAR,DAYLIGHT,REAR END,NOT DIVIDED,NO CONTROLS,IMPROPER OVERTAKING/PASSING,UNABLE TO DETERMINE,0,0,0,0,13,5,10,2069,STATE ST,41.849878,-87.597778,10/15/2020 02:54:00 PM,2020
CR00027550,01/04/2019 04:50:00 PM,40,CLEAR,DARKNESS - LIGHTED ROAD,TURNING,FOUR WAY,NO CONTROLS,IMPROPER LANE USAGE,WEATHER,0,0,0,0,16,6,1,284,CLARK ST,41.779263,-87.760848,01/04/2019 05:25:00 PM,2019
CR00027551,03/25/2019 10:33:00 AM,40,RAIN,DAYLIGHT,SIDESWIPE SAME DIRECTION,DIVIDED - W/MEDIAN BARRIER,TRAFFIC SIGNAL,FOLLOWING TOO CLOSELY,DISTRACTION - FROM INSIDE VEHICLE,0,0,0,0,10,2,3,1618,PULASKI RD,41.800828,-87.592176,03/25/2019 12:13:00 PM,2019
CR00027552,03/10/2016 07:11:00 PM,30,CLOUDY/OVERCAST,DAYLIGHT,FIXED OBJECT,ONE-WAY,TRAFFIC SIGNAL,UNABLE TO DETERMINE,IMPROPER OVERTAKING/PASSING,0,0,0,0,19,5,3,1865,LAKE SHORE DR,41.921627,-87.606556,03/10/2016 08:45:00 PM,2016
CR00027553,01/24/2020 04:13:00 PM,15,CLEAR,DARKNESS - LIGHTED ROAD,PEDESTRIAN,FOUR WAY,STOP SIGN/FLASHER,DRIVING SKILLS/KNOWLEDGE/EXPERIENCE,UNABLE TO DETERMINE,0,0,0,0,16,6,1,1224,DAMEN AVE,41.97776,-87.595198,01/24/2020 04:24:00 PM,2020
CR00027554,12/18/2016 02:17:00 PM,30,CLEAR,DAYLIGHT,SIDESWIPE SAME DIRECTION,NOT DIVIDED,NO CONTROLS,UNABLE TO DETERMINE,UNABLE TO DETERMINE,0,0,0,0,14,1,12,128,FULLERTON AVE,41.791922,-87.677713,12/18/2016 03:33:00 PM,2016
CR00027555,01/27/2020 09:00:00 AM,25,CLEAR,DARKNESS - LIGHTED ROAD,REAR END,DIVIDED - W/MEDIAN (NOT RAISED),TRAFFIC SIGNAL,FAILING TO YIELD RIGHT-OF-WAY,NOT APPLICABLE,0,0,1,1,9,2,1,2506,FULLERTON AVE,41.735362,-87.564069,01/27/2020 10:41:00 AM,2020
CR00027556,08/24/2024 05:27:00 AM,20,FOG/SMOKE/HAZE,DAYLIGHT,REAR TO FRONT,DIVIDED - W/MEDIAN (NOT RAISED),NO CONTROLS,FOLLOWING TOO CLOSELY,FAILING TO YIELD RIGHT-OF-WAY,0,0,1,1,5,7,8,1538,BROADWAY,41.820603,-87.604042,08/24/2024 07:21:00 AM,2024
CR00027557,04/01/2017 11:23:00 AM,45,SNOW,DARKNESS - LIGHTED ROAD,REAR END,DIVIDED - W/MEDIAN BARRIER,NO CONTROLS,IMPROPER OVERTAKING/PASSING,DRIVING SKILLS/KNOWLEDGE/EXPERIENCE,0,0,1,1,11,7,4,843,HALSTED ST,41.802386,-87.59766,04/01/2017 12:56:00 PM,2017
CR00027558,11/17/2024 01:00:00 AM,45,CLEAR,DARKNESS - LIGHTED ROAD,PARKED MOTOR VEHICLE,NOT DIVIDED,STOP SIGN/FLASHER,DISTRACTION - FROM INSIDE VEHICLE,DISTRACTION - FROM INSIDE VEHICLE,0,0,0,0,1,1,11,133,FULLERTON AVE,41.797663,-87.843058,11/17/2024 02:50:00 AM,2024
CR00027559,03/14/2015 06:23:00 PM,30,CLEAR,DUSK,SIDESWIPE SAME DIRECTION,ONE-WAY,STOP SIGN/FLASHER,DRIVING SKILLS/KNOWLEDGE/EXPERIENCE,NOT APPLICABLE,0,0,0,0,18,7,3,2461,ROOSEVELT RD,41.780061,-87.531968,03/14/2015 07:15:00 PM,2015
CR00027560,05/22/2020 04:10:00 PM,35,CLEAR,DAYLIGHT,REAR END,NOT DIVIDED,NO CONTROLS,DISTRACTION - FROM INSIDE VEHICLE,IMPROPER LANE USAGE,0,0,2,2,16,6,5,2222,WESTERN AVE,41.83616,-87.596918,05/22/2020 04:47:00 PM,2020
CR00027561,07/31/2017 06:27:00 AM,15,CLEAR,DARKNESS,SIDESWIPE SAME DIRECTION,ONE-WAY,PEDESTRIAN CROSSING SIGN,WEATHER,DISREGARDING TRAFFIC SIGNALS,0,0,0,0,6,2,7,593,STONY ISLAND AVE,41.899017,-87.501223,07/31/2017 06:44:00 AM,2017
CR00027562,11/23/2015 10:37:00 AM,30,CLEAR,DAYLIGHT,ANGLE,DIVIDED - W/MEDIAN BARRIER,NO CONTROLS,FAILING TO YIELD RIGHT-OF-WAY,DRIVING SKILLS/KNOWLEDGE/EXPERIENCE,0,0,0,0,10,2,11,2435,DAMEN AVE,41.725265,-87.73331,11/23/2015 11:56:00 AM,2015
CR00027563,01/26/2016 06:10:00 PM,30,RAIN,DAWN,REAR TO FRONT,NOT DIVIDED,TRAFFIC SIGNAL,FAILING TO YIELD RIGHT-OF-WAY,DRIVING SKILLS/KNOWLEDGE/EXPERIENCE,0,0,0,0,18,3,1,346,OGDEN AVE,41.800277,-87.663569,01/26/2016 06:47:00 PM,2016
CR00027564,02/27/2015 04:48:00 PM,20,CLOUDY/OVERCAST,DAYLIGHT,ANGLE,T-INTERSECTION,TRAFFIC SIGNAL,DISTRACTION - FROM INSIDE VEHICLE,DISTRACTION - FROM INSIDE VEHICLE,0,0,0,0,16,6,2,2048,OGDEN AVE,41.908595,-87.787387,02/27/2015 05:39:00 PM,2015
CR00027565,11/20/2020 11:13:00 AM,30,RAIN,DARKNESS,REAR END,ONE-WAY,NO CONTROLS,DISREGARDING TRAFFIC SIGNALS,DISTRACTION - FROM INSIDE VEHICLE,0,0,0,0,11,6,11,806,STATE ST,41.97357,-87.668439,11/20/2020 11:30:00 AM,2020
CR00027566,02/06/2016 07:09:00 PM,30,CLEAR,DARKNESS - LIGHTED ROAD,SIDESWIPE SAME DIRECTION,NOT DIVIDED,NO CONTROLS,IMPROPER OVERTAKING/PASSING,DISTRACTION - FROM INSIDE VEHICLE,0,0,0,0,19,7,2,403,ELSTON AVE,41.906777,-87.714294,02/06/2016 08:16:00 PM,2016
CR00027567,10/29/2023 12:40:00 PM,15,CLEAR,DARKNESS - LIGHTED ROAD,FIXED OBJECT,FOUR WAY,NO CONTROLS,FAILING TO YIELD RIGHT-OF-WAY,DRIVING SKILLS/KNOWLEDGE/EXPERIENCE,0,0,0,0,12,1,10,1003,47TH ST,41.783081,-87.70771,10/29/2023 01:16:00 PM,2023