CRASH_RECORD_ID,CRASH_DATE,POSTED_SPEED_LIMIT,WEATHER_CONDITION,LIGHTING_CONDITION,FIRST_CRASH_TYPE,TRAFFICWAY_TYPE,TRAFFIC_CONTROL_DEVICE,PRIM_CONTRIBUTORY_CAUSE,SEC_CONTRIBUTORY_CAUSE,INJURIES_FATAL,INJURIES_INCAPACITATING,INJURIES_NON_INCAPACITATING,INJURIES_TOTAL,CRASH_HOUR,CRASH_DAY_OF_WEEK,CRASH_MONTH,BEAT_OF_OCCURRENCE,STREET_NAME,LATITUDE,LONGITUDE,DATE_POLICE_NOTIFIED,year
CR00027568,11/04/2016 08:25:00 AM,40,CLEAR,DAYLIGHT,TURNING,DIVIDED - W/MEDIAN (NOT RAISED),NO CONTROLS,UNABLE TO DETERMINE,FAILING TO YIELD RIGHT-OF-WAY,0,0,0,0,8,6,11,2380,DIVISION ST,41.957057,-87.52181,11/04/2016 09:20:00 AM,2016
CR00027569,09/17/2020 07:23:00 AM,35,RAIN,DAYLIGHT,REAR END,FOUR WAY,TRAFFIC SIGNAL,DRIVING SKILLS/KNOWLEDGE/EXPERIENCE,DISTRACTION - FROM INSIDE VEHICLE,0,0,0,0,7,5,9,2159,STATE ST,41.94878,-87.617936,09/17/2020 08:43:00 AM,2020
CR00027570,06/23/2015 07:15:00 PM,35,CLEAR,DAYLIGHT,REAR END,NOT DIVIDED,NO CONTROLS,FAILING TO YIELD RIGHT-OF-WAY,WEATHER,0,0,0,0,19,3,6,697,KEDZIE AVE,41.934228,-87.820889,06/23/2015 08:36:00 PM,2015
CR00027571,01/21/2016 03:28:00 PM,30,RAIN,DAYLIGHT,ANGLE,DIVIDED - W/MEDIAN (NOT RAISED),STOP SIGN/FLASHER,DISTRACTION - FROM INSIDE VEHICLE,FOLLOWING TOO CLOSELY,0,0,0,0,15,5,1,1044,DIVISION ST,41.934341,-87.588595,01/21/2016 03:37:00 PM,2016
CR00027572,03/20/2015 03:03:00 AM,20,CLEAR,DAYLIGHT,PARKED MOTOR VEHICLE,DIVIDED - W/MEDIAN (NOT RAISED),NO CONTROLS,DISTRACTION - FROM INSIDE VEHICLE,FOLLOWING TOO CLOSELY,0,0,0,0,3,6,3,1772,OGDEN AVE,41.861953,-87.70974,03/20/2015 04:22:00 AM,2015
CR00027573,06/02/2021 12:10:00 AM,15,CLEAR,DARKNESS,FIXED OBJECT,NOT DIVIDED,TRAFFIC SIGNAL,FOLLOWING TOO CLOSELY,DISTRACTION - FROM INSIDE VEHICLE,0,0,0,0,0,4,6,2054,OGDEN AVE,41.926433,-87.700496,06/02/2021 01:18:00 AM,2021
CR00027574,05/15/2020 09:33:00 AM,25,CLOUDY/OVERCAST,DAWN,FIXED OBJECT,NOT DIVIDED,TRAFFIC SIGNAL,IMPROPER OVERTAKING/PASSING,FAILING TO REDUCE SPEED,0,0,0,0,9,6,5,312,PULASKI RD,41.806213,-87.636844,05/15/2020 11:16:00 AM,2020
CR00027575,10/04/2019 03:50:00 PM,30,CLEAR,DAYLIGHT,FIXED OBJECT,DIVIDED - W/MEDIAN (NOT RAISED),NO CONTROLS,UNABLE TO DETERMINE,IMPROPER OVERTAKING/PASSING,0,0,1,1,15,6,10,476,HALSTED ST,41.955582,-87.509322,10/04/2019 04:34:00 PM,2019
CR00027576,09/19/2019 07:23:00 AM,30,RAIN,DAYLIGHT,PEDESTRIAN,NOT DIVIDED,NO CONTROLS,IMPROPER OVERTAKING/PASSING,FOLLOWING TOO CLOSELY,0,0,0,0,7,5,9,2219,ASHLAND AVE,41.748556,-87.64999,09/19/2019 07:57:00 AM,2019
CR00027577,05/14/2017 02:39:00 PM,25,SNOW,DARKNESS - LIGHTED ROAD,REAR TO FRONT,T-INTERSECTION,NO CONTROLS,FOLLOWING TOO CLOSELY,UNABLE TO DETERMINE,0,1,0,1,14,1,5,1433,MILWAUKEE AVE,41.798038,-87.761222,05/14/2017 02:55:00 PM,2017
CR00027578,03/17/2018 07:25:00 PM,30,SNOW,DAYLIGHT,PARKED MOTOR VEHICLE,NOT DIVIDED,PEDESTRIAN CROSSING SIGN,UNABLE TO DETERMINE,FOLLOWING TOO CLOSELY,0,0,0,0,19,7,3,1868,LAKE SHORE DR,41.790544,-87.560425,03/17/2018 07:27:00 PM,2018
CR00027579,08/03/2023 08:51:00 PM,30,CLOUDY/OVERCAST,DAYLIGHT,REAR TO FRONT,DIVIDED - W/MEDIAN BARRIER,STOP SIGN/FLASHER,FOLLOWING TOO CLOSELY,FOLLOWING TOO CLOSELY,0,1,3,4,20,5,8,2321,WESTERN AVE,41.712568,-87.746783,08/03/2023 09:37:00 PM,2023
CR00027580,02/13/2021 08:36:00 AM,35,CLEAR,DAYLIGHT,SIDESWIPE SAME DIRECTION,FOUR WAY,UNKNOWN,FAILING TO YIELD RIGHT-OF-WAY,IMPROPER OVERTAKING/PASSING,0,0,0,0,8,7,2,383,MILWAUKEE AVE,41.969567,-87.765323,02/13/2021 09:39:00 AM,2021
CR00027581,08/13/2017 07:40:00 PM,30,CLOUDY/OVERCAST,DAYLIGHT,REAR TO FRONT,NOT DIVIDED,YIELD,UNABLE TO DETERMINE,FOLLOWING TOO CLOSELY,0,0,0,0,19,1,8,943,ARCHER AVE,41.977164,-87.677682,08/13/2017 08:45:00 PM,2017
CR00027582,03/12/2020 05:10:00 AM,30,CLEAR,DAYLIGHT,FIXED OBJECT,DIVIDED - W/MEDIAN (NOT RAISED),PEDESTRIAN CROSSING SIGN,UNABLE TO DETERMINE,FOLLOWING TOO CLOSELY,0,0,0,0,5,5,3,1404,MICHIGAN AVE,41.816706,-87.544312,03/12/2020 05:29:00 AM,2020
CR00027583,10/31/2016 10:14:00 AM,35,CLEAR,DAYLIGHT,SIDESWIPE SAME DIRECTION,DIVIDED - W/MEDIAN (NOT RAISED),TRAFFIC SIGNAL,FOLLOWING TOO CLOSELY,IMPROPER LANE USAGE,0,0,0,0,10,2,10,1964,STONY ISLAND AVE,41.785043,-87.598599,10/31/2016 10:17:00 AM,2016
CR00027584,08/17/2022 06:27:00 PM,35,CLEAR,DAYLIGHT,PARKED MOTOR VEHICLE,DIVIDED - W/MEDIAN (NOT RAISED),NO CONTROLS,FAILING TO YIELD RIGHT-OF-WAY,DRIVING SKILLS/KNOWLEDGE/EXPERIENCE,0,0,0,0,18,4,8,1198,79TH ST,41.759453,-87.567921,08/17/2022 06:48:00 PM,2022
CR00027585,01/01/2019 05:44:00 PM,25,RAIN,DAYLIGHT,REAR END,NOT DIVIDED,STOP SIGN/FLASHER,DRIVING SKILLS/KNOWLEDGE/EXPERIENCE,FOLLOWING TOO CLOSELY,0,0,0,0,17,3,1,1586,BROADWAY,41.978076,-87.800634,01/01/2019 07:19:00 PM,2019
CR00027586,11/29/2017 02:32:00 PM,40,RAIN,DARKNESS,PARKED MOTOR VEHICLE,NOT DIVIDED,TRAFFIC SIGNAL,FOLLOWING TOO CLOSELY,UNABLE TO DETERMINE,0,0,1,1,14,4,11,478,MICHIGAN AVE,41.974531,-87.702058,11/29/2017 03:55:00 PM,2017
CR00027587,06/28/2018 04:50:00 PM,20,CLEAR,DAYLIGHT,ANGLE,FOUR WAY,STOP SIGN/FLASHER,UNABLE TO DETERMINE,FAILING TO YIELD RIGHT-OF-WAY,0,1,0,1,16,5,6,1810,STONY ISLAND AVE,41.705298,-87.599607,06/28/2018 06:18:00 PM,2018
CR00027588,10/03/2023 05:31:00 PM,25,CLOUDY/OVERCAST,DAYLIGHT,REAR END,NOT DIVIDED,TRAFFIC SIGNAL,DRIVING SKILLS/KNOWLEDGE/EXPERIENCE,UNABLE TO DETERMINE,0,0,0,0,17,3,10,2268,MICHIGAN AVE,41.960563,-87.811351,10/03/2023 06:35:00 PM,2023
CR00027589,06/08/2020 08:00:00 AM,30,CLEAR,DAYLIGHT,REAR TO FRONT,ONE-WAY,NO CONTROLS,IMPROPER LANE USAGE,UNABLE TO DETERMINE,0,0,1,1,8,2,6,235,DAMEN AVE,41.763904,-87.705013,06/08/2020 08:45:00 AM,2020
CR00027590,05/08/2016 06:24:00 AM,30,CLEAR,DAWN,SIDESWIPE SAME DIRECTION,DIVIDED - W/MEDIAN (NOT RAISED),NO CONTROLS,UNABLE TO DETERMINE,UNABLE TO DETERMINE,0,0,2,2,6,1,5,1392,47TH ST,41.748651,-87.777887,05/08/2016 07:03:00 AM,2016
CR00027591,04/27/2018 08:13:00 AM,35,CLEAR,DAWN,FIXED OBJECT,ONE-WAY,UNKNOWN,WEATHER,DISTRACTION - FROM INSIDE VEHICLE,0,0,0,0,8,6,4,2005,LAKE SHORE DR,41.863223,-87.598729,04/27/2018 08:48:00 AM,2018
CR00027592,07/21/2021 06:42:00 PM,25,RAIN,DAYLIGHT,PARKED MOTOR VEHICLE,NOT DIVIDED,STOP SIGN/FLASHER,UNABLE TO DETERMINE,UNABLE TO DETERMINE,0,0,0,0,18,4,7,2202,ARCHER AVE,41.870466,-87.848111,07/21/2021 08:09:00 PM,2021
CR00027593,06/30/2021 06:47:00 PM,15,CLEAR,DAYLIGHT,REAR END,NOT DIVIDED,NO CONTROLS,FAILING TO YIELD RIGHT-OF-WAY,WEATHER,0,0,0,0,18,4,6,2421,DIVISION ST,41.938893,-87.642718,06/30/2021 08:18:00 PM,2021
CR00027594,03/25/2016 11:04:00 AM,30,CLEAR,DAYLIGHT,PARKED MOTOR VEHICLE,DIVIDED - W/MEDIAN (NOT RAISED),TRAFFIC SIGNAL,UNABLE TO DETERMINE,IMPROPER OVERTAKING/PASSING,0,0,1,1,11,6,3,2080,PULASKI RD,41.97329,-87.545416,03/25/2016 11:23:00 AM,2016
CR00027595,11/24/2019 12:15:00 PM,35,CLEAR,DAYLIGHT,REAR TO FRONT,NOT DIVIDED,NO CONTROLS,FAILING TO YIELD RIGHT-OF-WAY,IMPROPER OVERTAKING/PASSING,0,0,0,0,12,1,11,1325,79TH ST,41.889493,-87.821217,11/24/2019 12:31:00 PM,2019
CR00027596,08/29/2019 04:29:00 AM,30,CLEAR,DAYLIGHT,REAR END,NOT DIVIDED,TRAFFIC SIGNAL,FAILING TO YIELD RIGHT-OF-WAY,FAILING TO YIELD RIGHT-OF-WAY,0,0,0,0,4,5,8,1921,DIVISION ST,41.96389,-87.505896,08/29/2019 04:59:00 AM,2019
CR00027597,08/13/2018 07:08:00 PM,35,CLOUDY/OVERCAST,DAYLIGHT,PEDESTRIAN,NOT DIVIDED,TRAFFIC SIGNAL,FOLLOWING TOO CLOSELY,UNABLE TO DETERMINE,0,0,0,0,19,2,8,504,STATE ST,41.888794,-87.794634,08/13/2018 08:14:00 PM,2018
CR00027598,02/01/2017 01:52:00 PM,15,CLEAR,DARKNESS - LIGHTED ROAD,FIXED OBJECT,NOT DIVIDED,TRAFFIC SIGNAL,UNABLE TO DETERMINE,DISREGARDING TRAFFIC SIGNALS,0,0,0,0,13,4,2,2204,DAMEN AVE,41.83711,-87.55321,02/01/2017 02:23:00 PM,2017
CR00027599,08/03/2023 12:12:00 PM,45,CLEAR,DAYLIGHT,SIDESWIPE SAME DIRECTION,NOT DIVIDED,NO CONTROLS,UNABLE TO DETERMINE,FOLLOWING TOO CLOSELY,0,0,0,0,12,5,8,1604,ASHLAND AVE,41.801429,-87.67534,08/03/2023 01:39:00 PM,2023
CR00027600,04/24/2016 06:24:00 PM,30,CLEAR,DAYLIGHT,PEDESTRIAN,FOUR WAY,TRAFFIC SIGNAL,FAILING TO YIELD RIGHT-OF-WAY,NOT APPLICABLE,0,0,0,0,18,1,4,848,STONY ISLAND AVE,41.958359,-87.554498,04/24/2016 07:39:00 PM,2016
CR00027601,11/14/2021 02:05:00 AM,35,CLEAR,DARKNESS - LIGHTED ROAD,SIDESWIPE SAME DIRECTION,DIVIDED - W/MEDIAN (NOT RAISED),NO CONTROLS,IMPROPER LANE USAGE,UNABLE TO DETERMINE,0,0,0,0,2,1,11,1954,47TH ST,41.953477,-87.508418,11/14/2021 02:21:00 AM,2021
CR00027602,10/30/2020 10:46:00 AM,20,CLOUDY/OVERCAST,DAWN,REAR END,NOT DIVIDED,STOP SIGN/FLASHER,DISTRACTION - FROM INSIDE VEHICLE,DRIVING SKILLS/KNOWLEDGE/EXPERIENCE,0,0,0,0,10,6,10,1130,CALIFORNIA AVE,41.772008,-87.513778,10/30/2020 11:06:00 AM,2020
CR00027603,08/09/2022 08:14:00 PM,30,FREEZING RAIN/DRIZZLE,DAYLIGHT,SIDESWIPE SAME DIRECTION,NOT DIVIDED,NO CONTROLS,FAILING TO YIELD RIGHT-OF-WAY,FOLLOWING TOO CLOSELY,0,0,0,0,20,3,8,723,WESTERN AVE,41.761704,-87.601948,08/09/2022 09:02:00 PM,2022
CR00027604,04/03/2021 03:56:00 AM,25,CLEAR,DAYLIGHT,PARKED MOTOR VEHICLE,ONE-WAY,TRAFFIC SIGNAL,FOLLOWING TOO CLOSELY,IMPROPER OVERTAKING/PASSING,0,0,0,0,3,7,4,2286,CALIFORNIA AVE,41.910498,-87.631191,04/03/2021 04:01:00 AM,2021
CR00027605,07/16/2024 06:28:00 PM,35,SNOW,DAYLIGHT,REAR END,FOUR WAY,NO CONTROLS,FOLLOWING TOO CLOSELY,NOT APPLICABLE,0,0,0,0,18,3,7,1193,WESTERN AVE,41.926505,-87.521111,07/16/2024 08:14:00 PM,2024
CR00027606,01/18/2021 07:05:00 AM,45,CLEAR,DARKNESS - LIGHTED ROAD,ANGLE,DIVIDED - W/MEDIAN (NOT RAISED),NO CONTROLS,UNABLE TO DETERMINE,NOT APPLICABLE,0,0,0,0,7,2,1,1793,STATE ST,41.905937,-87.506779,01/18/2021 07:13:00 AM,2021
CR00027607,08/14/2021 09:17:00 AM,40,CLEAR,DAYLIGHT,REAR END,ONE-WAY,NO CONTROLS,FAILING TO YIELD RIGHT-OF-WAY,UNABLE TO DETERMINE,0,0,0,0,9,7,8,1348,DIVISION ST,41.889017,-87.62034,08/14/2021 10:12:00 AM,2021
CR00027608,03/02/2023 04:43:00 AM,15,CLEAR,DAYLIGHT,TURNING,DIVIDED - W/MEDIAN BARRIER,NO CONTROLS,IMPROPER LANE USAGE,FAILING TO YIELD RIGHT-OF-WAY,0,2,3,5,4,5,3,719,ELSTON AVE,41.779198,-87.522973,03/02/2023 06:20:00 AM,2023
CR00027609,06/09/2019 08:15:00 AM,35,SNOW,DAYLIGHT,ANGLE,DIVIDED - W/MEDIAN (NOT RAISED),NO CONTROLS,UNABLE TO DETERMINE,FAILING TO YIELD RIGHT-OF-WAY,0,0,3,3,8,1,6,1357,79TH ST,41.790468,-87.839949,06/09/2019 08:49:00 AM,2019
CR00027610,12/28/2018 03:25:00 AM,15,CLEAR,DARKNESS - LIGHTED ROAD,ANGLE,NOT DIVIDED,TRAFFIC SIGNAL,FOLLOWING TOO CLOSELY,IMPROPER LANE USAGE,0,0,0,0,3,6,12,732,MICHIGAN AVE,41.941649,-87.682701,12/28/2018 04:52:00 AM,2018
CR00027611,11/20/2024 09:59:00 AM,35,CLOUDY/OVERCAST,DAYLIGHT,TURNING,DIVIDED - W/MEDIAN (NOT RAISED),STOP SIGN/FLASHER,FAILING TO REDUCE SPEED,IMPROPER OVERTAKING/PASSING,0,0,0,0,9,4,11,2138,MILWAUKEE AVE,41.730901,-87.654425,11/20/2024 11:46:00 AM,2024
CR00027612,10/11/2015 06:07:00 PM,30,CLEAR,DAYLIGHT,REAR END,FOUR WAY,TRAFFIC SIGNAL,UNABLE TO DETERMINE,NOT APPLICABLE,0,0,0,0,18,1,10,1290,ARCHER AVE,41.783307,-87.588163,10/11/2015 06:54:00 PM,2015
CR00027613,10/16/2018 04:24:00 PM,20,SNOW,DAYLIGHT,PARKED MOTOR VEHICLE,NOT DIVIDED,NO CONTROLS,DRIVING SKILLS/KNOWLEDGE/EXPERIENCE,FOLLOWING TOO CLOSELY,0,0,0,0,16,3,10,1557,STONY ISLAND AVE,41.826836,-87.59101,10/16/2018 06:19:00 PM,2018
CR00027614,12/31/2019 06:37:00 AM,20,CLOUDY/OVERCAST,DARKNESS - LIGHTED ROAD,REAR END,NOT DIVIDED,NO CONTROLS,FAILING TO YIELD RIGHT-OF-WAY,DISREGARDING TRAFFIC SIGNALS,0,0,0,0,6,3,12,1091,KEDZIE AVE,41.996982,-87.722074,12/31/2019 08:04:00 AM,2019
CR00027615,02/11/2020 03:43:00 PM,30,RAIN,DARKNESS - LIGHTED ROAD,FIXED OBJECT,ONE-WAY,NO CONTROLS,UNABLE TO DETERMINE,FOLLOWING TOO CLOSELY,0,1,0,1,15,3,2,854,OGDEN AVE,41.713264,-87.794328,02/11/2020 03:45:00 PM,2020
CR00027616,09/10/2015 05:19:00 PM,20,RAIN,DAYLIGHT,ANGLE,DIVIDED - W/MEDIAN (NOT RAISED),NO CONTROLS,UNABLE TO DETERMINE,DISTRACTION - FROM INSIDE VEHICLE,0,0,0,0,17,5,9,192,MILWAUKEE AVE,41.821941,-87.617126,09/10/2015 06:53:00 PM,2015
CR00027617,03/16/2018 10:11:00 AM,25,FOG/SMOKE/HAZE,DAYLIGHT,REAR END,DIVIDED - W/MEDIAN (NOT RAISED),NO CONTROLS,UNABLE TO DETERMINE,UNABLE TO DETERMINE,0,0,0,0,10,6,3,1097,OGDEN AVE,41.918189,-87.634167,03/16/2018 10:52:00 AM,2018
CR00027618,08/07/2018 10:00:00 AM,45,CLEAR,DAYLIGHT,SIDESWIPE SAME DIRECTION,ONE-WAY,NO CONTROLS,UNABLE TO DETERMINE,FAILING TO YIELD RIGHT-OF-WAY,0,0,0,0,10,3,8,1449,PULASKI RD,41.925203,-87.598666,08/07/2018 11:27:00 AM,2018
CR00027619,08/17/2016 04:50:00 AM,25,RAIN,DARKNESS - LIGHTED ROAD,FIXED OBJECT,NOT DIVIDED,NO CONTROLS,FOLLOWING TOO CLOSELY,FOLLOWING TOO CLOSELY,0,1,2,3,4,4,8,2043,STONY ISLAND AVE,41.86554,-87.705306,08/17/2016 06:22:00 AM,2016
CR00027620,09/26/2021 11:31:00 AM,35,FREEZING RAIN/DRIZZLE,DAYLIGHT,SIDESWIPE SAME DIRECTION,DIVIDED - W/MEDIAN (NOT RAISED),TRAFFIC SIGNAL,IMPROPER LANE USAGE,NOT APPLICABLE,0,0,0,0,11,1,9,120,STONY ISLAND AVE,41.901097,-87.837243,09/26/2021 12:17:00 PM,2021
CR00027621,01/28/2024 08:51:00 PM,25,SNOW,DARKNESS - LIGHTED ROAD,PARKED MOTOR VEHICLE,NOT DIVIDED,PEDESTRIAN CROSSING SIGN,IMPROPER LANE USAGE,FOLLOWING TOO CLOSELY,0,1,2,3,20,1,1,1995,FULLERTON AVE,41.810072,-87.819181,01/28/2024 10:45:00 PM,2024
CR00027622,10/17/2023 12:52:00 PM,25,RAIN,DAYLIGHT,REAR TO FRONT,ONE-WAY,STOP SIGN/FLASHER,IMPROPER OVERTAKING/PASSING,WEATHER,0,0,0,0,12,3,10,447,47TH ST,41.736188,-87.625121,10/17/2023 02:22:00 PM,2023
CR00027623,01/17/2021 12:28:00 AM,30,RAIN,DAYLIGHT,TURNING,T-INTERSECTION,NO CONTROLS,DISTRACTION - FROM INSIDE VEHICLE,FAILING TO REDUCE SPEED,0,0,0,0,0,1,1,1839,63RD ST,41.98767,-87.639157,01/17/2021 01:47:00 AM,2021
CR00027624,01/26/2015 07:53:00 AM,45,CLEAR,DARKNESS - LIGHTED ROAD,PEDESTRIAN,NOT DIVIDED,NO CONTROLS,WEATHER,UNABLE TO DETERMINE,0,0,0,0,7,2,1,1192,STATE ST,41.882814,-87.52824,01/26/2015 08:19:00 AM,2015
CR00027625,09/17/2022 11:26:00 AM,35,CLEAR,DAYLIGHT,ANGLE,DIVIDED - W/MEDIAN (NOT RAISED),NO CONTROLS,DRIVING SKILLS/KNOWLEDGE/EXPERIENCE,DISTRACTION - FROM INSIDE VEHICLE,0,0,0,0,11,7,9,1660,MICHIGAN AVE,41.753578,-87.714909,09/17/2022 12:35:00 PM,2022
CR00027626,12/26/2021 10:44:00 AM,20,CLEAR,DAYLIGHT,PARKED MOTOR VEHICLE,DIVIDED - W/MEDIAN (NOT RAISED),TRAFFIC SIGNAL,FAILING TO YIELD RIGHT-OF-WAY,DISREGARDING TRAFFIC SIGNALS,0,0,0,0,10,1,12,462,BROADWAY,41.893295,-87.529904,12/26/2021 11:19:00 AM,2021
CR00027627,01/05/2022 11:16:00 AM,30,CLEAR,DAYLIGHT,PARKED MOTOR VEHICLE,ONE-WAY,NO CONTROLS,UNABLE TO DETERMINE,FAILING TO YIELD RIGHT-OF-WAY,0,0,0,0,11,4,1,495,63RD ST,41.864141,-87.849608,01/05/2022 12:20:00 PM,2022
CR00027628,07/15/2016 02:15:00 AM,30,CLEAR,DAYLIGHT,TURNING,NOT DIVIDED,NO CONTROLS,FAILING TO YIELD RIGHT-OF-WAY,UNABLE TO DETERMINE,0,0,0,0,2,6,7,1020,MICHIGAN AVE,41.744335,-87.63535,07/15/2016 02:28:00 AM,2016
CR00027629,01/12/2021 07:12:00 PM,35,SNOW,DARKNESS - LIGHTED ROAD,SIDESWIPE SAME DIRECTION,DIVIDED - W/MEDIAN (NOT RAISED),TRAFFIC SIGNAL,FAILING TO YIELD RIGHT-OF-WAY,IMPROPER OVERTAKING/PASSING,0,0,0,0,19,3,1,2185,MICHIGAN AVE,41.908539,-87.55726,01/12/2021 08:17:00 PM,2021
CR00027630,06/12/2015 11:57:00 AM,20,CLEAR,DUSK,REAR END,DIVIDED - W/MEDIAN (NOT RAISED),NO CONTROLS,UNABLE TO DETERMINE,NOT APPLICABLE,0,0,0,0,11,6,6,1228,BROADWAY,41.95404,-87.673925,06/12/2015 01:36:00 PM,2015
CR00027631,12/27/2023 11:05:00 AM,30,CLEAR,DARKNESS - LIGHTED ROAD,PARKED MOTOR VEHICLE,ONE-WAY,STOP SIGN/FLASHER,UNABLE TO DETERMINE,UNABLE TO DETERMINE,0,0,0,0,11,4,12,1809,MICHIGAN AVE,41.783224,-87.644373,12/27/2023 11:06:00 AM,2023
CR00027632,04/29/2017 09:15:00 AM,30,RAIN,DAYLIGHT,SIDESWIPE SAME DIRECTION,NOT DIVIDED,NO CONTROLS,IMPROPER OVERTAKING/PASSING,NOT APPLICABLE,0,0,0,0,9,7,4,2448,ARCHER AVE,41.774803,-87.638539,04/29/2017 10:40:00 AM,2017
CR00027633,11/14/2017 03:35:00 PM,30,RAIN,DAYLIGHT,PARKED MOTOR VEHICLE,ONE-WAY,TRAFFIC SIGNAL,DISREGARDING TRAFFIC SIGNALS,FAILING TO YIELD RIGHT-OF-WAY,0,0,0,0,15,3,11,518,STATE ST,41.713267,-87.63939,11/14/2017 04:31:00 PM,2017
CR00027634,03/14/2023 09:20:00 PM,35,CLEAR,DARKNESS,REAR END,ONE-WAY,UNKNOWN,FAILING TO REDUCE SPEED,UNABLE TO DETERMINE,0,0,0,0,21,3,3,580,OGDEN AVE,41.905318,-87.504363,03/14/2023 09:21:00 PM,2023
CR00027635,02/13/2016 11:18:00 AM,40,CLEAR,DAYLIGHT,TURNING,ONE-WAY,STOP SIGN/FLASHER,UNABLE TO DETERMINE,IMPROPER LANE USAGE,0,0,0,0,11,7,2,541,ELSTON AVE,41.772169,-87.602728,02/13/2016 11:47:00 AM,2016
CR00027636,05/10/2021 07:19:00 AM,35,CLEAR,DUSK,PARKED MOTOR VEHICLE,NOT DIVIDED,STOP SIGN/FLASHER,FAILING TO YIELD RIGHT-OF-WAY,DISREGARDING TRAFFIC SIGNALS,0,0,0,0,7,2,5,1036,BROADWAY,41.888466,-87.697714,05/10/2021 09:15:00 AM,2021
CR00027637,09/09/2019 04:13:00 AM,30,RAIN,DARKNESS,PARKED MOTOR VEHICLE,DIVIDED - W/MEDIAN BARRIER,NO CONTROLS,UNABLE TO DETERMINE,FAILING TO YIELD RIGHT-OF-WAY,0,0,0,0,4,2,9,227,PULASKI RD,41.869709,-87.617348,09/09/2019 04:19:00 AM,2019
CR00027638,12/11/2015 10:32:00 AM,40,CLEAR,DAYLIGHT,REAR END,DIVIDED - W/MEDIAN (NOT RAISED),TRAFFIC SIGNAL,IMPROPER LANE USAGE,IMPROPER OVERTAKING/PASSING,0,0,0,0,10,6,12,1849,47TH ST,41.851933,-87.607427,12/11/2015 10:34:00 AM,2015
CR00027639,12/22/2022 05:27:00 PM,30,CLEAR,DARKNESS - LIGHTED ROAD,ANGLE,NOT DIVIDED,PEDESTRIAN CROSSING SIGN,UNABLE TO DETERMINE,IMPROPER LANE USAGE,0,0,1,1,17,5,12,1297,63RD ST,41.924395,-87.733427,12/22/2022 06:32:00 PM,2022
CR00027640,02/18/2022 03:45:00 PM,45,CLEAR,DARKNESS - LIGHTED ROAD,REAR END,DIVIDED - W/MEDIAN (NOT RAISED),YIELD,UNABLE TO DETERMINE,NOT APPLICABLE,0,0,1,1,15,6,2,117,ELSTON AVE,41.876632,-87.618568,02/18/2022 05:24:00 PM,2022
CR00027641,03/07/2024 02:28:00 PM,45,RAIN,DUSK,ANGLE,ONE-WAY,NO CONTROLS,UNABLE TO DETERMINE,IMPROPER OVERTAKING/PASSING,0,0,0,0,14,5,3,647,BROADWAY,41.720477,-87.672684,03/07/2024 02:57:00 PM,2024
CR00027642,08/02/2020 07:53:00 PM,30,CLEAR,DAYLIGHT,REAR END,ONE-WAY,NO CONTROLS,FAILING TO YIELD RIGHT-OF-WAY,UNABLE TO DETERMINE,0,0,0,0,19,1,8,2361,79TH ST,41.995683,-87.55038,08/02/2020 09:27:00 PM,2020
CR00027643,04/22/2015 06:15:00 PM,35,SNOW,DAYLIGHT,FIXED OBJECT,DIVIDED - W/MEDIAN BARRIER,TRAFFIC SIGNAL,FAILING TO REDUCE SPEED,UNABLE TO DETERMINE,0,0,0,0,18,4,4,1701,DIVISION ST,41.929986,-87.731483,04/22/2015 08:12:00 PM,2015
CR00027644,11/17/2015 07:06:00 AM,30,CLEAR,DAYLIGHT,REAR END,NOT DIVIDED,NO CONTROLS,UNABLE TO DETERMINE,FOLLOWING TOO CLOSELY,0,0,0,0,7,3,11,859,STATE ST,41.851683,-87.618734,11/17/2015 08:38:00 AM,2015
CR00027645,06/13/2020 05:56:00 PM,15,CLEAR,DUSK,ANGLE,NOT DIVIDED,TRAFFIC SIGNAL,UNABLE TO DETERMINE,DISTRACTION - FROM INSIDE VEHICLE,0,0,1,1,17,7,6,929,HALSTED ST,41.799009,-87.639216,06/13/2020 07:33:00 PM,2020
CR00027646,10/28/2019 04:14:00 PM,25,CLEAR,DAYLIGHT,FIXED OBJECT,DIVIDED - W/MEDIAN BARRIER,NO CONTROLS,FOLLOWING TOO CLOSELY,UNABLE TO DETERMINE,0,0,0,0,16,2,10,1382,79TH ST,41.867505,-87.771885,10/28/2019 04:44:00 PM,2019
CR00027647,03/28/2021 08:00:00 AM,30,CLEAR,DAYLIGHT,ANGLE,NOT DIVIDED,NO CONTROLS,FAILING TO YIELD RIGHT-OF-WAY,UNABLE TO DETERMINE,0,0,0,0,8,1,3,1053,47TH ST,41.765631,-87.769564,03/28/2021 09:24:00 AM,2021
CR00027648,12/13/2022 06:57:00 PM,30,FOG/SMOKE/HAZE,DARKNESS - LIGHTED ROAD,REAR END,DIVIDED - W/MEDIAN (NOT RAISED),NO CONTROLS,FOLLOWING TOO CLOSELY,NOT APPLICABLE,0,0,0,0,18,3,12,952,MICHIGAN AVE,41.847642,-87.754309,12/13/2022 08:23:00 PM,2022
CR00027649,12/03/2020 09:59:00 PM,15,CLEAR,DAYLIGHT,ANGLE,DIVIDED - W/MEDIAN (NOT RAISED),TRAFFIC SIGNAL,DISTRACTION - FROM INSIDE VEHICLE,DISTRACTION - FROM INSIDE VEHICLE,0,0,0,0,21,5,12,2219,WESTERN AVE,41.786855,-87.845559,12/03/2020 11:47:00 PM,2020