CRASH_RECORD_ID,CRASH_DATE,POSTED_SPEED_LIMIT,WEATHER_CONDITION,LIGHTING_CONDITION,FIRST_CRASH_TYPE,TRAFFICWAY_TYPE,TRAFFIC_CONTROL_DEVICE,PRIM_CONTRIBUTORY_CAUSE,SEC_CONTRIBUTORY_CAUSE,INJURIES_FATAL,INJURIES_INCAPACITATING,INJURIES_NON_INCAPACITATING,INJURIES_TOTAL,CRASH_HOUR,CRASH_DAY_OF_WEEK,CRASH_MONTH,BEAT_OF_OCCURRENCE,STREET_NAME,LATITUDE,LONGITUDE,DATE_POLICE_NOTIFIED,year
CR00027650,08/27/2015 02:38:00 PM,30,CLEAR,DARKNESS - LIGHTED ROAD,SIDESWIPE SAME DIRECTION,DIVIDED - W/MEDIAN BARRIER,NO CONTROLS,DISTRACTION - FROM INSIDE VEHICLE,FAILING TO YIELD RIGHT-OF-WAY,0,0,0,0,14,5,8,1229,STATE ST,41.870197,-87.652652,08/27/2015 03:49:00 PM,2015
CR00027651,07/26/2018 10:00:00 AM,30,FOG/SMOKE/HAZE,DAYLIGHT,SIDESWIPE SAME DIRECTION,NOT DIVIDED,TRAFFIC SIGNAL,UNABLE TO DETERMINE,DISREGARDING TRAFFIC SIGNALS,0,0,0,0,10,5,7,1585,CLARK ST,41.848543,-87.630407,07/26/2018 10:47:00 AM,2018
CR00027652,10/01/2022 11:24:00 AM,35,RAIN,DAYLIGHT,FIXED OBJECT,NOT DIVIDED,NO CONTROLS,DRIVING SKILLS/KNOWLEDGE/EXPERIENCE,FOLLOWING TOO CLOSELY,0,0,0,0,11,7,10,2495,ARCHER AVE,41.988306,-87.530521,10/01/2022 12:23:00 PM,2022
CR00027653,04/07/2020 04:25:00 AM,45,CLEAR,DARKNESS - LIGHTED ROAD,REAR END,T-INTERSECTION,NO CONTROLS,UNABLE TO DETERMINE,WEATHER,0,0,0,0,4,3,4,2104,WESTERN AVE,41.706246,-87.708656,04/07/2020 05:30:00 AM,2020
CR00027654,01/15/2019 06:15:00 AM,15,CLEAR,DARKNESS,ANGLE,NOT DIVIDED,TRAFFIC SIGNAL,FAILING TO YIELD RIGHT-OF-WAY,DISREGARDING TRAFFIC SIGNALS,0,0,0,0,6,3,1,1428,OGDEN AVE,41.947614,-87.524232,01/15/2019 07:12:00 AM,2019
CR00027655,07/26/2019 01:36:00 PM,20,CLEAR,DAYLIGHT,TURNING,DIVIDED - W/MEDIAN BARRIER,NO CONTROLS,DISREGARDING TRAFFIC SIGNALS,IMPROPER LANE USAGE,0,0,0,0,13,6,7,2066,47TH ST,41.998954,-87.701025,07/26/2019 03:25:00 PM,2019
CR00027656,12/03/2017 07:52:00 AM,15,CLEAR,DARKNESS - LIGHTED ROAD,REAR TO FRONT,ONE-WAY,NO CONTROLS,UNABLE TO DETERMINE,NOT APPLICABLE,0,0,0,0,7,1,12,631,KEDZIE AVE,41.959945,-87.604,12/03/2017 09:04:00 AM,2017
CR00027657,09/07/2017 03:27:00 PM,30,CLEAR,DARKNESS - LIGHTED ROAD,REAR END,FOUR WAY,STOP SIGN/FLASHER,UNABLE TO DETERMINE,FAILING TO REDUCE SPEED,0,0,0,0,15,5,9,1686,MILWAUKEE AVE,41.937619,-87.805139,09/07/2017 03:32:00 PM,2017
CR00027658,05/15/2021 11:49:00 PM,30,CLEAR,DAYLIGHT,PEDESTRIAN,DIVIDED - W/MEDIAN BARRIER,STOP SIGN/FLASHER,IMPROPER OVERTAKING/PASSING,UNABLE TO DETERMINE,0,0,1,1,23,7,5,1974,KEDZIE AVE,41.802003,-87.61439,05/16/2021 12:52:00 AM,2021
CR00027659,09/03/2022 07:05:00 PM,20,CLEAR,DAYLIGHT,ANGLE,NOT DIVIDED,TRAFFIC SIGNAL,DRIVING SKILLS/KNOWLEDGE/EXPERIENCE,UNABLE TO DETERMINE,0,0,0,0,19,7,9,1101,IRVING PARK RD,41.707157,-87.763922,09/03/2022 07:57:00 PM,2022
CR00027660,02/25/2019 09:30:00 PM,30,CLOUDY/OVERCAST,DAYLIGHT,REAR END,DIVIDED - W/MEDIAN (NOT RAISED),NO CONTROLS,IMPROPER OVERTAKING/PASSING,UNABLE TO DETERMINE,0,0,0,0,21,2,2,393,STATE ST,41.993583,-87.763808,02/25/2019 09:49:00 PM,2019
CR00027661,06/18/2021 05:15:00 PM,25,CLEAR,DARKNESS,SIDESWIPE SAME DIRECTION,NOT DIVIDED,PEDESTRIAN CROSSING SIGN,UNABLE TO DETERMINE,WEATHER,0,0,0,0,17,6,6,1059,BROADWAY,41.788837,-87.596121,06/18/2021 05:48:00 PM,2021
CR00027662,11/05/2021 06:53:00 PM,30,CLOUDY/OVERCAST,DAYLIGHT,PARKED MOTOR VEHICLE,NOT DIVIDED,NO CONTROLS,UNABLE TO DETERMINE,UNABLE TO DETERMINE,0,0,0,0,18,6,11,2431,DAMEN AVE,41.745142,-87.780944,11/05/2021 07:30:00 PM,2021
CR00027663,01/20/2020 02:32:00 PM,35,CLEAR,DAWN,ANGLE,T-INTERSECTION,STOP SIGN/FLASHER,FAILING TO REDUCE SPEED,DISTRACTION - FROM INSIDE VEHICLE,0,0,0,0,14,2,1,2418,63RD ST,41.926573,-87.688465,01/20/2020 04:19:00 PM,2020
CR00027664,01/27/2018 08:04:00 PM,30,CLEAR,DUSK,REAR END,NOT DIVIDED,NO CONTROLS,FOLLOWING TOO CLOSELY,FOLLOWING TOO CLOSELY,0,0,0,0,20,7,1,1147,CICERO AVE,41.921022,-87.644307,01/27/2018 09:12:00 PM,2018
CR00027665,09/08/2022 05:17:00 PM,30,CLEAR,DUSK,REAR END,DIVIDED - W/MEDIAN BARRIER,UNKNOWN,FOLLOWING TOO CLOSELY,UNABLE TO DETERMINE,0,0,0,0,17,5,9,173,CLARK ST,41.820709,-87.568573,09/08/2022 05:43:00 PM,2022
CR00027666,09/18/2023 11:40:00 AM,20,RAIN,DARKNESS - LIGHTED ROAD,TURNING,FOUR WAY,STOP SIGN/FLASHER,FAILING TO YIELD RIGHT-OF-WAY,UNABLE TO DETERMINE,0,0,0,0,11,2,9,1417,OGDEN AVE,41.892128,-87.607269,09/18/2023 12:53:00 PM,2023
CR00027667,02/05/2020 08:53:00 AM,40,CLEAR,DAYLIGHT,REAR END,DIVIDED - W/MEDIAN (NOT RAISED),STOP SIGN/FLASHER,UNABLE TO DETERMINE,FOLLOWING TOO CLOSELY,0,0,0,0,8,4,2,484,WESTERN AVE,41.820073,-87.651143,02/05/2020 09:49:00 AM,2020
CR00027668,10/18/2016 03:21:00 AM,30,CLEAR,DAYLIGHT,PARKED MOTOR VEHICLE,NOT DIVIDED,TRAFFIC SIGNAL,DISTRACTION - FROM INSIDE VEHICLE,FAILING TO YIELD RIGHT-OF-WAY,0,0,1,1,3,3,10,828,47TH ST,41.964873,-87.614209,10/18/2016 04:21:00 AM,2016
CR00027669,01/05/2015 10:51:00 PM,30,SNOW,DARKNESS,TURNING,NOT DIVIDED,NO CONTROLS,UNABLE TO DETERMINE,NOT APPLICABLE,0,0,2,2,22,2,1,2318,ARCHER AVE,41.877118,-87.6929,01/05/2015 11:27:00 PM,2015
CR00027670,02/10/2021 04:26:00 AM,40,CLEAR,DAYLIGHT,FIXED OBJECT,NOT DIVIDED,NO CONTROLS,FOLLOWING TOO CLOSELY,DISTRACTION - FROM INSIDE VEHICLE,0,0,1,1,4,4,2,354,DIVISION ST,41.740612,-87.761309,02/10/2021 05:48:00 AM,2021
CR00027671,07/27/2021 02:07:00 PM,15,CLEAR,DARKNESS - LIGHTED ROAD,REAR TO FRONT,NOT DIVIDED,NO CONTROLS,FAILING TO YIELD RIGHT-OF-WAY,UNABLE TO DETERMINE,0,0,0,0,14,3,7,965,MILWAUKEE AVE,41.833167,-87.57963,07/27/2021 03:34:00 PM,2021
CR00027672,01/11/2016 09:32:00 AM,30,CLEAR,DAYLIGHT,TURNING,NOT DIVIDED,YIELD,UNABLE TO DETERMINE,FOLLOWING TOO CLOSELY,0,0,0,0,9,2,1,1148,WESTERN AVE,41.860912,-87.573555,01/11/2016 11:13:00 AM,2016
CR00027673,02/09/2017 11:55:00 AM,40,SNOW,DARKNESS - LIGHTED ROAD,PARKED MOTOR VEHICLE,T-INTERSECTION,PEDESTRIAN CROSSING SIGN,UNABLE TO DETERMINE,DISTRACTION - FROM INSIDE VEHICLE,0,0,0,0,11,5,2,633,KEDZIE AVE,41.864733,-87.804027,02/09/2017 01:51:00 PM,2017
CR00027674,12/15/2024 09:37:00 AM,30,CLEAR,DARKNESS - LIGHTED ROAD,TURNING,DIVIDED - W/MEDIAN (NOT RAISED),NO CONTROLS,UNABLE TO DETERMINE,FOLLOWING TOO CLOSELY,0,0,0,0,9,1,12,424,47TH ST,41.913047,-87.562962,12/15/2024 11:02:00 AM,2024
CR00027675,07/18/2024 08:33:00 AM,20,CLEAR,DARKNESS - LIGHTED ROAD,REAR TO FRONT,DIVIDED - W/MEDIAN BARRIER,TRAFFIC SIGNAL,DISREGARDING TRAFFIC SIGNALS,FOLLOWING TOO CLOSELY,0,0,0,0,8,5,7,1768,CALIFORNIA AVE,41.817621,-87.825631,07/18/2024 08:55:00 AM,2024
CR00027676,02/10/2020 04:55:00 PM,15,CLEAR,DAYLIGHT,REAR END,NOT DIVIDED,NO CONTROLS,IMPROPER LANE USAGE,FAILING TO YIELD RIGHT-OF-WAY,0,0,0,0,16,2,2,2413,47TH ST,41.71134,-87.581347,02/10/2020 06:16:00 PM,2020
CR00027677,04/09/2015 11:15:00 AM,15,CLEAR,DAYLIGHT,REAR TO FRONT,DIVIDED - W/MEDIAN BARRIER,NO CONTROLS,FAILING TO YIELD RIGHT-OF-WAY,UNABLE TO DETERMINE,0,0,0,0,11,5,4,1243,HALSTED ST,41.987664,-87.849351,04/09/2015 12:34:00 PM,2015
CR00027678,02/05/2019 05:16:00 PM,45,CLEAR,DAYLIGHT,REAR END,NOT DIVIDED,NO CONTROLS,FAILING TO REDUCE SPEED,IMPROPER LANE USAGE,0,0,0,0,17,3,2,1802,OGDEN AVE,41.890269,-87.794866,02/05/2019 06:34:00 PM,2019
CR00027679,01/24/2018 04:24:00 AM,30,CLEAR,DAYLIGHT,REAR END,NOT DIVIDED,STOP SIGN/FLASHER,FOLLOWING TOO CLOSELY,FOLLOWING TOO CLOSELY,0,0,0,0,4,4,1,709,STATE ST,41.849228,-87.684239,01/24/2018 05:30:00 AM,2018
CR00027680,05/23/2019 12:38:00 PM,30,CLEAR,DAWN,PARKED MOTOR VEHICLE,NOT DIVIDED,UNKNOWN,UNABLE TO DETERMINE,UNABLE TO DETERMINE,0,0,0,0,12,5,5,1605,KEDZIE AVE,41.808254,-87.62962,05/23/2019 01:00:00 PM,2019
CR00027681,12/11/2022 12:10:00 PM,15,CLEAR,DARKNESS - LIGHTED ROAD,REAR END,DIVIDED - W/MEDIAN BARRIER,NO CONTROLS,DRIVING SKILLS/KNOWLEDGE/EXPERIENCE,FOLLOWING TOO CLOSELY,0,0,0,0,12,1,12,2112,CLARK ST,41.927157,-87.756388,12/11/2022 12:41:00 PM,2022
CR00027682,06/05/2019 01:44:00 PM,35,CLOUDY/OVERCAST,DAYLIGHT,PARKED MOTOR VEHICLE,DIVIDED - W/MEDIAN BARRIER,TRAFFIC SIGNAL,FOLLOWING TOO CLOSELY,FAILING TO YIELD RIGHT-OF-WAY,0,0,0,0,13,4,6,733,MILWAUKEE AVE,41.831103,-87.587378,06/05/2019 02:52:00 PM,2019
CR00027683,05/11/2017 09:59:00 AM,30,CLEAR,DARKNESS - LIGHTED ROAD,FIXED OBJECT,DIVIDED - W/MEDIAN (NOT RAISED),NO CONTROLS,DRIVING SKILLS/KNOWLEDGE/EXPERIENCE,UNABLE TO DETERMINE,0,0,3,3,9,5,5,1584,OGDEN AVE,41.723786,-87.567091,05/11/2017 11:32:00 AM,2017
CR00027684,04/04/2019 08:45:00 PM,30,CLEAR,DAYLIGHT,PARKED MOTOR VEHICLE,NOT DIVIDED,NO CONTROLS,DISTRACTION - FROM INSIDE VEHICLE,DISREGARDING TRAFFIC SIGNALS,0,0,0,0,20,5,4,120,MICHIGAN AVE,41.773606,-87.606619,04/04/2019 10:18:00 PM,2019
CR00027685,08/24/2017 03:00:00 PM,20,CLEAR,DARKNESS - LIGHTED ROAD,ANGLE,NOT DIVIDED,TRAFFIC SIGNAL,UNABLE TO DETERMINE,DISREGARDING TRAFFIC SIGNALS,0,1,1,2,15,5,8,1444,PULASKI RD,41.989593,-87.58478,08/24/2017 03:12:00 PM,2017
CR00027686,05/19/2018 01:19:00 PM,20,CLEAR,DARKNESS - LIGHTED ROAD,TURNING,NOT DIVIDED,YIELD,FAILING TO YIELD RIGHT-OF-WAY,FAILING TO YIELD RIGHT-OF-WAY,0,0,1,1,13,7,5,1318,OGDEN AVE,41.817105,-87.586913,05/19/2018 01:52:00 PM,2018
CR00027687,03/19/2015 10:41:00 PM,25,CLEAR,DAYLIGHT,ANGLE,NOT DIVIDED,NO CONTROLS,IMPROPER LANE USAGE,UNABLE TO DETERMINE,0,0,3,3,22,5,3,1309,MICHIGAN AVE,41.926262,-87.524997,03/20/2015 12:18:00 AM,2015
CR00027688,07/23/2022 05:25:00 AM,15,CLEAR,DARKNESS - LIGHTED ROAD,TURNING,NOT DIVIDED,NO CONTROLS,DISTRACTION - FROM INSIDE VEHICLE,IMPROPER LANE USAGE,0,0,0,0,5,7,7,2162,CLARK ST,41.700454,-87.815223,07/23/2022 06:46:00 AM,2022
CR00027689,02/23/2022 03:14:00 PM,25,CLEAR,DAYLIGHT,FIXED OBJECT,DIVIDED - W/MEDIAN (NOT RAISED),NO CONTROLS,FAILING TO YIELD RIGHT-OF-WAY,WEATHER,0,0,0,0,15,4,2,1399,ASHLAND AVE,41.847832,-87.583562,02/23/2022 03:57:00 PM,2022
CR00027690,03/12/2016 08:30:00 AM,35,CLEAR,DARKNESS,TURNING,NOT DIVIDED,TRAFFIC SIGNAL,UNABLE TO DETERMINE,IMPROPER OVERTAKING/PASSING,0,0,0,0,8,7,3,125,ROOSEVELT RD,41.876885,-87.688065,03/12/2016 09:19:00 AM,2016
CR00027691,05/12/2024 10:22:00 PM,30,FREEZING RAIN/DRIZZLE,DAYLIGHT,SIDESWIPE SAME DIRECTION,ONE-WAY,UNKNOWN,FAILING TO YIELD RIGHT-OF-WAY,NOT APPLICABLE,0,0,0,0,22,1,5,2041,LAKE SHORE DR,41.771213,-87.588259,05/12/2024 11:26:00 PM,2024
CR00027692,05/23/2015 07:16:00 PM,25,FOG/SMOKE/HAZE,DAYLIGHT,TURNING,ONE-WAY,NO CONTROLS,UNABLE TO DETERMINE,FAILING TO REDUCE SPEED,0,0,0,0,19,7,5,1263,ARCHER AVE,41.997218,-87.53301,05/23/2015 09:00:00 PM,2015
CR00027693,01/11/2015 06:48:00 PM,35,CLEAR,DAYLIGHT,ANGLE,FOUR WAY,NO CONTROLS,FAILING TO REDUCE SPEED,UNABLE TO DETERMINE,0,0,0,0,18,1,1,690,IRVING PARK RD,41.95591,-87.84127,01/11/2015 07:05:00 PM,2015
CR00027694,09/26/2021 07:21:00 PM,30,CLEAR,DAYLIGHT,REAR END,NOT DIVIDED,TRAFFIC SIGNAL,UNABLE TO DETERMINE,NOT APPLICABLE,0,0,0,0,19,1,9,1794,HALSTED ST,41.9608,-87.657354,09/26/2021 08:39:00 PM,2021
CR00027695,06/01/2019 03:08:00 AM,15,CLEAR,DARKNESS - LIGHTED ROAD,SIDESWIPE SAME DIRECTION,DIVIDED - W/MEDIAN (NOT RAISED),NO CONTROLS,DRIVING SKILLS/KNOWLEDGE/EXPERIENCE,WEATHER,0,0,0,0,3,7,6,2090,WESTERN AVE,41.852886,-87.841116,06/01/2019 04:49:00 AM,2019
CR00027696,04/19/2022 12:51:00 AM,20,CLEAR,DARKNESS - LIGHTED ROAD,REAR END,DIVIDED - W/MEDIAN (NOT RAISED),STOP SIGN/FLASHER,DRIVING SKILLS/KNOWLEDGE/EXPERIENCE,DISTRACTION - FROM INSIDE VEHICLE,0,0,0,0,0,3,4,101,MILWAUKEE AVE,41.833374,-87.706843,04/19/2022 02:35:00 AM,2022
CR00027697,10/10/2021 08:41:00 PM,45,RAIN,DARKNESS - LIGHTED ROAD,REAR TO FRONT,NOT DIVIDED,NO CONTROLS,FAILING TO REDUCE SPEED,UNABLE TO DETERMINE,0,0,1,1,20,1,10,1329,OGDEN AVE,41.96022,-87.501601,10/10/2021 09:04:00 PM,2021
CR00027698,09/06/2024 11:50:00 PM,15,CLEAR,DAYLIGHT,SIDESWIPE SAME DIRECTION,DIVIDED - W/MEDIAN (NOT RAISED),NO CONTROLS,UNABLE TO DETERMINE,DISREGARDING TRAFFIC SIGNALS,0,0,0,0,23,6,9,104,OGDEN AVE,41.811049,-87.649332,09/07/2024 01:15:00 AM,2024
CR00027699,06/10/2016 03:57:00 AM,45,CLEAR,DARKNESS,REAR END,DIVIDED - W/MEDIAN (NOT RAISED),TRAFFIC SIGNAL,IMPROPER OVERTAKING/PASSING,FAILING TO YIELD RIGHT-OF-WAY,0,0,0,0,3,6,6,1063,CLARK ST,41.738311,-87.661755,06/10/2016 04:54:00 AM,2016
CR00027700,03/08/2020 12:20:00 PM,45,CLEAR,DARKNESS - LIGHTED ROAD,REAR TO FRONT,DIVIDED - W/MEDIAN (NOT RAISED),TRAFFIC SIGNAL,IMPROPER LANE USAGE,DRIVING SKILLS/KNOWLEDGE/EXPERIENCE,0,0,0,0,12,1,3,1304,LAKE SHORE DR,41.712483,-87.522549,03/08/2020 01:41:00 PM,2020
CR00027701,10/14/2020 03:31:00 PM,40,CLEAR,DAYLIGHT,PARKED MOTOR VEHICLE,DIVIDED - W/MEDIAN BARRIER,NO CONTROLS,DISTRACTION - FROM INSIDE VEHICLE,FOLLOWING TOO CLOSELY,0,0,0,0,15,4,10,2088,ELSTON AVE,41.725688,-87.700971,10/14/2020 03:33:00 PM,2020
CR00027702,08/24/2024 09:42:00 PM,40,CLEAR,DAYLIGHT,PEDESTRIAN,DIVIDED - W/MEDIAN (NOT RAISED),TRAFFIC SIGNAL,UNABLE TO DETERMINE,UNABLE TO DETERMINE,0,0,0,0,21,7,8,2347,CALIFORNIA AVE,41.94336,-87.649262,08/24/2024 10:43:00 PM,2024
CR00027703,02/03/2019 06:15:00 AM,45,CLEAR,DAYLIGHT,ANGLE,DIVIDED - W/MEDIAN (NOT RAISED),TRAFFIC SIGNAL,UNABLE TO DETERMINE,DISTRACTION - FROM INSIDE VEHICLE,0,0,3,3,6,1,2,529,ELSTON AVE,41.952939,-87.78637,02/03/2019 07:44:00 AM,2019
CR00027704,12/22/2021 09:09:00 AM,35,RAIN,DARKNESS - LIGHTED ROAD,TURNING,NOT DIVIDED,TRAFFIC SIGNAL,UNABLE TO DETERMINE,NOT APPLICABLE,0,0,0,0,9,4,12,1078,HALSTED ST,41.77312,-87.776185,12/22/2021 09:10:00 AM,2021
CR00027705,04/30/2020 12:31:00 PM,15,CLEAR,DAYLIGHT,TURNING,NOT DIVIDED,NO CONTROLS,FOLLOWING TOO CLOSELY,IMPROPER LANE USAGE,0,1,1,2,12,5,4,2174,FULLERTON AVE,41.756545,-87.720258,04/30/2020 01:49:00 PM,2020
CR00027706,01/29/2020 05:07:00 AM,15,CLEAR,DARKNESS,TURNING,NOT DIVIDED,STOP SIGN/FLASHER,UNABLE TO DETERMINE,UNABLE TO DETERMINE,0,0,1,1,5,4,1,2471,ROOSEVELT RD,41.843408,-87.768186,01/29/2020 06:42:00 AM,2020
CR00027707,12/12/2016 07:13:00 PM,35,CLEAR,DARKNESS - LIGHTED ROAD,TURNING,DIVIDED - W/MEDIAN (NOT RAISED),TRAFFIC SIGNAL,FOLLOWING TOO CLOSELY,DRIVING SKILLS/KNOWLEDGE/EXPERIENCE,0,0,0,0,19,2,12,1897,WESTERN AVE,41.903138,-87.807789,12/12/2016 08:51:00 PM,2016
CR00027708,05/01/2019 07:20:00 AM,40,CLOUDY/OVERCAST,DARKNESS - LIGHTED ROAD,ANGLE,NOT DIVIDED,NO CONTROLS,UNABLE TO DETERMINE,IMPROPER LANE USAGE,0,0,0,0,7,4,5,831,ELSTON AVE,41.980796,-87.62362,05/01/2019 08:38:00 AM,2019
CR00027709,09/30/2019 05:27:00 AM,35,CLEAR,DAYLIGHT,TURNING,NOT DIVIDED,YIELD,UNABLE TO DETERMINE,DRIVING SKILLS/KNOWLEDGE/EXPERIENCE,0,0,0,0,5,2,9,1047,LAKE SHORE DR,41.807458,-87.688504,09/30/2019 06:21:00 AM,2019
CR00027710,12/22/2023 08:14:00 PM,35,CLEAR,DARKNESS,ANGLE,NOT DIVIDED,TRAFFIC SIGNAL,IMPROPER OVERTAKING/PASSING,NOT APPLICABLE,0,0,0,0,20,6,12,2301,WESTERN AVE,41.853695,-87.699662,12/22/2023 08:26:00 PM,2023
CR00027711,03/23/2024 04:21:00 PM,45,CLEAR,DAYLIGHT,REAR TO FRONT,FOUR WAY,NO CONTROLS,UNABLE TO DETERMINE,IMPROPER OVERTAKING/PASSING,0,0,3,3,16,7,3,890,47TH ST,41.989732,-87.796975,03/23/2024 04:38:00 PM,2024
CR00027712,05/22/2022 02:37:00 PM,25,RAIN,DAYLIGHT,REAR END,FOUR WAY,TRAFFIC SIGNAL,IMPROPER LANE USAGE,UNABLE TO DETERMINE,0,0,0,0,14,1,5,1522,HALSTED ST,41.849732,-87.652937,05/22/2022 03:25:00 PM,2022
CR00027713,10/12/2017 08:02:00 AM,40,CLEAR,DAYLIGHT,SIDESWIPE SAME DIRECTION,NOT DIVIDED,STOP SIGN/FLASHER,UNABLE TO DETERMINE,UNABLE TO DETERMINE,0,0,0,0,8,5,10,270,FULLERTON AVE,41.820756,-87.505554,10/12/2017 09:03:00 AM,2017
CR00027714,05/05/2016 08:58:00 AM,30,CLEAR,DUSK,SIDESWIPE SAME DIRECTION,ONE-WAY,TRAFFIC SIGNAL,UNABLE TO DETERMINE,NOT APPLICABLE,0,0,0,0,8,5,5,1906,47TH ST,41.779251,-87.590503,05/05/2016 10:26:00 AM,2016
CR00027715,06/09/2016 07:08:00 PM,45,CLEAR,DARKNESS - LIGHTED ROAD,PARKED MOTOR VEHICLE,NOT DIVIDED,TRAFFIC SIGNAL,IMPROPER OVERTAKING/PASSING,NOT APPLICABLE,0,0,0,0,19,5,6,2399,OGDEN AVE,41.8233,-87.557977,06/09/2016 08:14:00 PM,2016
CR00027716,04/15/2015 04:25:00 AM,40,RAIN,DAYLIGHT,REAR END,NOT DIVIDED,NO CONTROLS,IMPROPER LANE USAGE,NOT APPLICABLE,0,0,3,3,4,4,4,547,PULASKI RD,41.825753,-87.696469,04/15/2015 04:57:00 AM,2015
CR00027717,03/01/2015 04:13:00 AM,25,CLEAR,DAYLIGHT,FIXED OBJECT,DIVIDED - W/MEDIAN (NOT RAISED),TRAFFIC SIGNAL,UNABLE TO DETERMINE,UNABLE TO DETERMINE,0,0,0,0,4,1,3,438,LAKE SHORE DR,41.960788,-87.661809,03/01/2015 04:26:00 AM,2015
CR00027718,12/07/2022 08:59:00 AM,45,RAIN,DAYLIGHT,TURNING,ONE-WAY,NO CONTROLS,UNABLE TO DETERMINE,FAILING TO YIELD RIGHT-OF-WAY,0,0,0,0,8,4,12,1720,ASHLAND AVE,41.778292,-87.768877,12/07/2022 10:32:00 AM,2022
CR00027719,07/21/2019 06:50:00 AM,35,CLEAR,DAYLIGHT,PEDESTRIAN,DIVIDED - W/MEDIAN (NOT RAISED),NO CONTROLS,UNABLE TO DETERMINE,UNABLE TO DETERMINE,0,0,0,0,6,1,7,260,MILWAUKEE AVE,41.877021,-87.543056,07/21/2019 07:50:00 AM,2019
CR00027720,03/16/2020 03:32:00 PM,30,SNOW,DAYLIGHT,PARKED MOTOR VEHICLE,DIVIDED - W/MEDIAN (NOT RAISED),TRAFFIC SIGNAL,UNABLE TO DETERMINE,NOT APPLICABLE,0,0,0,0,15,2,3,276,MILWAUKEE AVE,41.85856,-87.639864,03/16/2020 04:46:00 PM,2020
CR00027721,05/29/2019 08:24:00 PM,30,FOG/SMOKE/HAZE,DAYLIGHT,FIXED OBJECT,ONE-WAY,UNKNOWN,WEATHER,NOT APPLICABLE,0,0,0,0,20,4,5,746,FULLERTON AVE,41.846941,-87.560704,05/29/2019 10:04:00 PM,2019
CR00027722,09/17/2024 03:41:00 PM,15,CLEAR,DUSK,SIDESWIPE SAME DIRECTION,ONE-WAY,TRAFFIC SIGNAL,UNABLE TO DETERMINE,UNABLE TO DETERMINE,0,0,0,0,15,3,9,800,IRVING PARK RD,41.813644,-87.847558,09/17/2024 04:42:00 PM,2024
CR00027723,05/29/2015 07:56:00 PM,35,CLEAR,DARKNESS - LIGHTED ROAD,TURNING,NOT DIVIDED,STOP SIGN/FLASHER,FAILING TO YIELD RIGHT-OF-WAY,DRIVING SKILLS/KNOWLEDGE/EXPERIENCE,0,0,0,0,19,6,5,975,BROADWAY,41.961356,-87.693671,05/29/2015 09:23:00 PM,2015
CR00027724,08/25/2021 09:25:00 PM,30,CLEAR,DARKNESS - LIGHTED ROAD,PARKED MOTOR VEHICLE,DIVIDED - W/MEDIAN BARRIER,TRAFFIC SIGNAL,UNABLE TO DETERMINE,FAILING TO YIELD RIGHT-OF-WAY,0,0,0,0,21,4,8,2054,63RD ST,41.92114,-87.743876,08/25/2021 09:58:00 PM,2021
CR00027725,08/06/2017 01:27:00 PM,30,CLOUDY/OVERCAST,DAYLIGHT,TURNING,NOT DIVIDED,TRAFFIC SIGNAL,FOLLOWING TOO CLOSELY,FAILING TO REDUCE SPEED,0,0,0,0,13,1,8,613,DAMEN AVE,41.974872,-87.527486,08/06/2017 01:48:00 PM,2017
CR00027726,10/23/2023 08:09:00 AM,20,CLEAR,DAYLIGHT,REAR TO FRONT,NOT DIVIDED,NO CONTROLS,IMPROPER OVERTAKING/PASSING,UNABLE TO DETERMINE,0,0,0,0,8,2,10,288,47TH ST,41.750229,-87.767609,10/23/2023 09:03:00 AM,2023
CR00027727,04/24/2023 11:07:00 AM,20,CLOUDY/OVERCAST,DARKNESS - LIGHTED ROAD,TURNING,DIVIDED - W/MEDIAN (NOT RAISED),YIELD,WEATHER,IMPROPER OVERTAKING/PASSING,0,0,1,1,11,2,4,111,ELSTON AVE,41.782245,-87.553872,04/24/2023 12:40:00 PM,2023
CR00027728,08/09/2024 03:32:00 AM,30,FOG/SMOKE/HAZE,DARKNESS - LIGHTED ROAD,PEDESTRIAN,NOT DIVIDED,NO CONTROLS,UNABLE TO DETERMINE,UNABLE TO DETERMINE,0,0,0,0,3,6,8,1431,CALIFORNIA AVE,41.820363,-87.741313,08/09/2024 04:26:00 AM,2024
CR00027729,06/11/2017 12:54:00 PM,35,CLEAR,DAYLIGHT,PARKED MOTOR VEHICLE,DIVIDED - W/MEDIAN (NOT RAISED),NO CONTROLS,FOLLOWING TOO CLOSELY,FAILING TO REDUCE SPEED,0,0,0,0,12,1,6,2253,PULASKI RD,41.948182,-87.719934,06/11/2017 01:34:00 PM,2017
CR00027730,03/27/2017 07:55:00 AM,20,CLEAR,DAYLIGHT,PARKED MOTOR VEHICLE,FOUR WAY,STOP SIGN/FLASHER,FOLLOWING TOO CLOSELY,WEATHER,0,0,1,1,7,2,3,2209,STATE ST,41.796006,-87.643846,03/27/2017 08:08:00 AM,2017
CR00027731,10/20/2021 05:27:00 PM,15,CLEAR,DARKNESS - LIGHTED ROAD,SIDESWIPE SAME DIRECTION,FOUR WAY,UNKNOWN,UNABLE TO DETERMINE,FOLLOWING TOO CLOSELY,0,0,0,0,17,4,10,2291,OGDEN AVE,41.944355,-87.53062,10/20/2021 05:41:00 PM,2021