CRASH_RECORD_ID,CRASH_DATE,POSTED_SPEED_LIMIT,WEATHER_CONDITION,LIGHTING_CONDITION,FIRST_CRASH_TYPE,TRAFFICWAY_TYPE,TRAFFIC_CONTROL_DEVICE,PRIM_CONTRIBUTORY_CAUSE,SEC_CONTRIBUTORY_CAUSE,INJURIES_FATAL,INJURIES_INCAPACITATING,INJURIES_NON_INCAPACITATING,INJURIES_TOTAL,CRASH_HOUR,CRASH_DAY_OF_WEEK,CRASH_MONTH,BEAT_OF_OCCURRENCE,STREET_NAME,LATITUDE,LONGITUDE,DATE_POLICE_NOTIFIED,year
CR00027732,03/26/2020 07:09:00 AM,45,CLEAR,DAWN,ANGLE,ONE-WAY,PEDESTRIAN CROSSING SIGN,FOLLOWING TOO CLOSELY,DISTRACTION - FROM INSIDE VEHICLE,0,0,0,0,7,5,3,514,STATE ST,41.897709,-87.800422,03/26/2020 08:29:00 AM,2020
CR00027733,10/20/2019 07:30:00 PM,15,CLEAR,DAYLIGHT,REAR END,NOT DIVIDED,TRAFFIC SIGNAL,IMPROPER LANE USAGE,DISREGARDING TRAFFIC SIGNALS,0,0,3,3,19,1,10,1374,STATE ST,41.882203,-87.601704,10/20/2019 08:43:00 PM,2019
CR00027734,05/02/2019 10:35:00 AM,30,FOG/SMOKE/HAZE,DAYLIGHT,ANGLE,DIVIDED - W/MEDIAN BARRIER,TRAFFIC SIGNAL,UNABLE TO DETERMINE,UNABLE TO DETERMINE,0,0,0,0,10,5,5,1515,DAMEN AVE,41.952833,-87.726414,05/02/2019 11:32:00 AM,2019
CR00027735,08/01/2024 01:31:00 PM,30,CLEAR,DAYLIGHT,ANGLE,DIVIDED - W/MEDIAN (NOT RAISED),TRAFFIC SIGNAL,IMPROPER LANE USAGE,DRIVING SKILLS/KNOWLEDGE/EXPERIENCE,0,0,0,0,13,5,8,1964,PULASKI RD,41.786566,-87.631896,08/01/2024 02:16:00 PM,2024
CR00027736,04/17/2018 11:20:00 AM,45,CLEAR,DARKNESS - LIGHTED ROAD,REAR END,FOUR WAY,YIELD,FAILING TO YIELD RIGHT-OF-WAY,UNABLE TO DETERMINE,0,0,0,0,11,3,4,1280,CALIFORNIA AVE,41.709569,-87.767853,04/17/2018 12:25:00 PM,2018
CR00027737,03/05/2023 01:05:00 PM,15,CLEAR,DAYLIGHT,REAR END,T-INTERSECTION,NO CONTROLS,UNABLE TO DETERMINE,DRIVING SKILLS/KNOWLEDGE/EXPERIENCE,0,0,2,2,13,1,3,1704,63RD ST,41.820497,-87.837062,03/05/2023 01:45:00 PM,2023
CR00027738,04/14/2023 03:50:00 AM,30,CLOUDY/OVERCAST,DAYLIGHT,PARKED MOTOR VEHICLE,ONE-WAY,TRAFFIC SIGNAL,FAILING TO YIELD RIGHT-OF-WAY,DISTRACTION - FROM INSIDE VEHICLE,0,0,1,1,3,6,4,890,STONY ISLAND AVE,41.815867,-87.538187,04/14/2023 05:32:00 AM,2023
CR00027739,12/21/2020 02:41:00 AM,35,CLEAR,DARKNESS - LIGHTED ROAD,ANGLE,DIVIDED - W/MEDIAN (NOT RAISED),STOP SIGN/FLASHER,IMPROPER LANE USAGE,IMPROPER OVERTAKING/PASSING,0,0,2,2,2,2,12,1502,IRVING PARK RD,41.837706,-87.777324,12/21/2020 03:21:00 AM,2020
CR00027740,04/03/2020 03:35:00 PM,30,CLEAR,DAYLIGHT,ANGLE,DIVIDED - W/MEDIAN BARRIER,TRAFFIC SIGNAL,UNABLE TO DETERMINE,DRIVING SKILLS/KNOWLEDGE/EXPERIENCE,0,0,0,0,15,6,4,1455,ELSTON AVE,41.789502,-87.576746,04/03/2020 04:15:00 PM,2020
CR00027741,11/26/2019 09:39:00 PM,40,CLEAR,DARKNESS,REAR END,ONE-WAY,TRAFFIC SIGNAL,UNABLE TO DETERMINE,UNABLE TO DETERMINE,0,0,0,0,21,3,11,700,CLARK ST,41.857468,-87.573835,11/26/2019 11:35:00 PM,2019
CR00027742,02/15/2018 06:40:00 PM,15,SNOW,DARKNESS - LIGHTED ROAD,REAR END,NOT DIVIDED,NO CONTROLS,DISREGARDING TRAFFIC SIGNALS,DRIVING SKILLS/KNOWLEDGE/EXPERIENCE,0,0,0,0,18,5,2,805,ARCHER AVE,41.817443,-87.803228,02/15/2018 07:04:00 PM,2018
CR00027743,06/14/2022 08:13:00 PM,30,CLEAR,DAYLIGHT,PARKED MOTOR VEHICLE,DIVIDED - W/MEDIAN (NOT RAISED),STOP SIGN/FLASHER,UNABLE TO DETERMINE,IMPROPER OVERTAKING/PASSING,0,0,0,0,20,3,6,1779,DAMEN AVE,41.878727,-87.717536,06/14/2022 09:23:00 PM,2022
CR00027744,11/02/2017 08:00:00 AM,30,CLEAR,DAYLIGHT,TURNING,DIVIDED - W/MEDIAN BARRIER,TRAFFIC SIGNAL,FAILING TO YIELD RIGHT-OF-WAY,FAILING TO REDUCE SPEED,0,0,1,1,8,5,11,330,47TH ST,41.978126,-87.810268,11/02/2017 09:55:00 AM,2017
CR00027745,06/16/2020 09:29:00 AM,30,CLOUDY/OVERCAST,DAYLIGHT,ANGLE,NOT DIVIDED,NO CONTROLS,UNABLE TO DETERMINE,UNABLE TO DETERMINE,0,0,0,0,9,3,6,227,STATE ST,41.81302,-87.570714,06/16/2020 10:40:00 AM,2020
CR00027746,03/27/2018 03:35:00 PM,35,CLEAR,DAYLIGHT,REAR END,NOT DIVIDED,TRAFFIC SIGNAL,DRIVING SKILLS/KNOWLEDGE/EXPERIENCE,NOT APPLICABLE,0,0,0,0,15,3,3,2257,47TH ST,41.933,-87.65777,03/27/2018 04:39:00 PM,2018
CR00027747,10/26/2023 10:00:00 PM,20,CLEAR,DARKNESS - LIGHTED ROAD,PARKED MOTOR VEHICLE,NOT DIVIDED,UNKNOWN,FOLLOWING TOO CLOSELY,DISREGARDING TRAFFIC SIGNALS,0,0,0,0,22,5,10,2134,OGDEN AVE,41.985928,-87.84957,10/26/2023 11:47:00 PM,2023
CR00027748,12/12/2020 09:14:00 AM,45,CLOUDY/OVERCAST,DAYLIGHT,REAR END,DIVIDED - W/MEDIAN (NOT RAISED),NO CONTROLS,FAILING TO YIELD RIGHT-OF-WAY,DISTRACTION - FROM INSIDE VEHICLE,0,0,0,0,9,7,12,1027,63RD ST,41.883927,-87.603831,12/12/2020 09:44:00 AM,2020
CR00027749,05/30/2016 11:40:00 AM,40,CLEAR,DAYLIGHT,PARKED MOTOR VEHICLE,DIVIDED - W/MEDIAN (NOT RAISED),NO CONTROLS,UNABLE TO DETERMINE,FOLLOWING TOO CLOSELY,0,0,0,0,11,2,5,1770,63RD ST,41.720609,-87.560756,05/30/2016 12:49:00 PM,2016
CR00027750,09/29/2020 01:41:00 AM,30,CLEAR,DARKNESS - LIGHTED ROAD,TURNING,NOT DIVIDED,NO CONTROLS,DISTRACTION - FROM INSIDE VEHICLE,DISTRACTION - FROM INSIDE VEHICLE,0,0,0,0,1,3,9,1563,PULASKI RD,41.725281,-87.820615,09/29/2020 02:57:00 AM,2020
CR00027751,08/24/2021 03:52:00 PM,20,CLEAR,DAYLIGHT,REAR END,DIVIDED - W/MEDIAN BARRIER,STOP SIGN/FLASHER,DRIVING SKILLS/KNOWLEDGE/EXPERIENCE,UNABLE TO DETERMINE,0,0,0,0,15,3,8,1737,63RD ST,41.870852,-87.761404,08/24/2021 04:40:00 PM,2021
CR00027752,04/15/2023 06:35:00 AM,30,CLEAR,DARKNESS - LIGHTED ROAD,REAR TO FRONT,DIVIDED - W/MEDIAN (NOT RAISED),STOP SIGN/FLASHER,UNABLE TO DETERMINE,UNABLE TO DETERMINE,0,0,1,1,6,7,4,1059,CALIFORNIA AVE,41.955324,-87.849598,04/15/2023 08:02:00 AM,2023
CR00027753,10/03/2020 07:09:00 AM,20,CLEAR,DAYLIGHT,PARKED MOTOR VEHICLE,T-INTERSECTION,NO CONTROLS,UNABLE TO DETERMINE,NOT APPLICABLE,0,0,0,0,7,7,10,1200,CALIFORNIA AVE,41.760019,-87.802896,10/03/2020 07:56:00 AM,2020
CR00027754,08/24/2015 04:16:00 PM,30,CLEAR,DAYLIGHT,FIXED OBJECT,NOT DIVIDED,UNKNOWN,FAILING TO YIELD RIGHT-OF-WAY,DISREGARDING TRAFFIC SIGNALS,0,0,0,0,16,2,8,499,BROADWAY,41.944545,-87.712615,08/24/2015 05:29:00 PM,2015
CR00027755,12/19/2016 08:58:00 AM,35,CLEAR,DARKNESS - LIGHTED ROAD,SIDESWIPE SAME DIRECTION,DIVIDED - W/MEDIAN (NOT RAISED),NO CONTROLS,FOLLOWING TOO CLOSELY,DISREGARDING TRAFFIC SIGNALS,0,0,0,0,8,2,12,2477,HALSTED ST,41.914501,-87.738492,12/19/2016 10:00:00 AM,2016
CR00027756,04/16/2015 09:50:00 AM,40,CLEAR,DAYLIGHT,FIXED OBJECT,NOT DIVIDED,TRAFFIC SIGNAL,UNABLE TO DETERMINE,DISTRACTION - FROM INSIDE VEHICLE,0,0,0,0,9,5,4,827,ELSTON AVE,41.900362,-87.806892,04/16/2015 10:32:00 AM,2015
CR00027757,09/30/2018 05:45:00 PM,25,CLEAR,DAYLIGHT,TURNING,FOUR WAY,YIELD,FAILING TO YIELD RIGHT-OF-WAY,DISTRACTION - FROM INSIDE VEHICLE,0,0,1,1,17,1,9,727,HALSTED ST,41.973272,-87.697759,09/30/2018 06:34:00 PM,2018
CR00027758,11/20/2015 06:16:00 PM,25,FOG/SMOKE/HAZE,DAYLIGHT,PEDESTRIAN,NOT DIVIDED,NO CONTROLS,UNABLE TO DETERMINE,UNABLE TO DETERMINE,0,0,0,0,18,6,11,536,KEDZIE AVE,41.983343,-87.574745,11/20/2015 06:40:00 PM,2015
CR00027759,06/17/2023 06:36:00 PM,30,SNOW,DAYLIGHT,REAR END,NOT DIVIDED,NO CONTROLS,WEATHER,UNABLE TO DETERMINE,0,0,0,0,18,7,6,742,HALSTED ST,41.886393,-87.782689,06/17/2023 07:11:00 PM,2023
CR00027760,01/11/2023 06:08:00 AM,30,CLEAR,DAYLIGHT,SIDESWIPE SAME DIRECTION,ONE-WAY,TRAFFIC SIGNAL,DRIVING SKILLS/KNOWLEDGE/EXPERIENCE,NOT APPLICABLE,0,0,0,0,6,4,1,301,OGDEN AVE,41.996241,-87.769695,01/11/2023 06:48:00 AM,2023
CR00027761,06/29/2017 08:24:00 AM,30,CLEAR,DARKNESS - LIGHTED ROAD,TURNING,DIVIDED - W/MEDIAN (NOT RAISED),NO CONTROLS,IMPROPER OVERTAKING/PASSING,IMPROPER LANE USAGE,0,0,1,1,8,5,6,846,47TH ST,41.76744,-87.561768,06/29/2017 09:08:00 AM,2017
CR00027762,08/15/2020 08:31:00 AM,35,SNOW,DAYLIGHT,REAR END,DIVIDED - W/MEDIAN BARRIER,NO CONTROLS,UNABLE TO DETERMINE,DISREGARDING TRAFFIC SIGNALS,0,0,0,0,8,7,8,1407,WESTERN AVE,41.916719,-87.590523,08/15/2020 09:15:00 AM,2020
CR00027763,05/26/2019 10:14:00 AM,35,CLEAR,DAWN,PARKED MOTOR VEHICLE,NOT DIVIDED,NO CONTROLS,FAILING TO YIELD RIGHT-OF-WAY,UNABLE TO DETERMINE,0,0,0,0,10,1,5,1211,ASHLAND AVE,41.736646,-87.642294,05/26/2019 10:56:00 AM,2019
CR00027764,10/12/2018 08:42:00 PM,35,CLEAR,DAYLIGHT,TURNING,NOT DIVIDED,NO CONTROLS,UNABLE TO DETERMINE,UNABLE TO DETERMINE,0,0,0,0,20,6,10,532,STONY ISLAND AVE,41.700537,-87.50692,10/12/2018 10:33:00 PM,2018
CR00027765,01/31/2023 07:35:00 AM,30,CLEAR,DAYLIGHT,REAR END,NOT DIVIDED,NO CONTROLS,UNABLE TO DETERMINE,NOT APPLICABLE,0,0,0,0,7,3,1,1759,ELSTON AVE,41.940612,-87.752995,01/31/2023 07:52:00 AM,2023
CR00027766,01/22/2021 04:18:00 AM,40,SNOW,DARKNESS - LIGHTED ROAD,TURNING,NOT DIVIDED,STOP SIGN/FLASHER,UNABLE TO DETERMINE,NOT APPLICABLE,0,0,0,0,4,6,1,208,ARCHER AVE,41.798208,-87.567302,01/22/2021 05:10:00 AM,2021
CR00027767,07/11/2017 04:08:00 PM,30,CLEAR,DAYLIGHT,PARKED MOTOR VEHICLE,NOT DIVIDED,TRAFFIC SIGNAL,DISTRACTION - FROM INSIDE VEHICLE,FOLLOWING TOO CLOSELY,0,0,0,0,16,3,7,846,PULASKI RD,41.754209,-87.545696,07/11/2017 04:44:00 PM,2017
CR00027768,05/17/2023 02:25:00 AM,30,SNOW,DARKNESS - LIGHTED ROAD,SIDESWIPE SAME DIRECTION,NOT DIVIDED,TRAFFIC SIGNAL,FOLLOWING TOO CLOSELY,NOT APPLICABLE,0,0,1,1,2,4,5,915,FULLERTON AVE,41.822582,-87.523006,05/17/2023 04:07:00 AM,2023
CR00027769,07/30/2023 08:33:00 AM,35,CLEAR,DARKNESS - LIGHTED ROAD,REAR END,T-INTERSECTION,TRAFFIC SIGNAL,DRIVING SKILLS/KNOWLEDGE/EXPERIENCE,FAILING TO REDUCE SPEED,0,0,1,1,8,1,7,1441,CLARK ST,41.952384,-87.773613,07/30/2023 09:17:00 AM,2023
CR00027770,03/19/2015 08:28:00 AM,20,FOG/SMOKE/HAZE,DARKNESS - LIGHTED ROAD,ANGLE,DIVIDED - W/MEDIAN BARRIER,NO CONTROLS,FOLLOWING TOO CLOSELY,UNABLE TO DETERMINE,0,0,0,0,8,5,3,1908,LAKE SHORE DR,41.738167,-87.738142,03/19/2015 09:04:00 AM,2015
CR00027771,06/20/2024 05:26:00 PM,35,RAIN,DARKNESS - LIGHTED ROAD,REAR END,DIVIDED - W/MEDIAN BARRIER,UNKNOWN,FAILING TO YIELD RIGHT-OF-WAY,IMPROPER LANE USAGE,0,0,0,0,17,5,6,2501,IRVING PARK RD,41.880203,-87.692651,06/20/2024 05:31:00 PM,2024
CR00027772,05/26/2022 07:12:00 AM,45,RAIN,DARKNESS - LIGHTED ROAD,TURNING,NOT DIVIDED,NO CONTROLS,DRIVING SKILLS/KNOWLEDGE/EXPERIENCE,DRIVING SKILLS/KNOWLEDGE/EXPERIENCE,0,0,0,0,7,5,5,2364,ELSTON AVE,41.869518,-87.665224,05/26/2022 08:12:00 AM,2022
CR00027773,01/20/2018 04:08:00 PM,35,CLEAR,DAYLIGHT,REAR END,ONE-WAY,NO CONTROLS,DRIVING SKILLS/KNOWLEDGE/EXPERIENCE,DRIVING SKILLS/KNOWLEDGE/EXPERIENCE,0,0,0,0,16,7,1,2528,MILWAUKEE AVE,41.967695,-87.750425,01/20/2018 04:47:00 PM,2018
CR00027774,08/04/2015 03:44:00 PM,20,RAIN,DAYLIGHT,REAR END,ONE-WAY,PEDESTRIAN CROSSING SIGN,FOLLOWING TOO CLOSELY,DRIVING SKILLS/KNOWLEDGE/EXPERIENCE,0,0,0,0,15,3,8,2171,ELSTON AVE,41.747515,-87.505704,08/04/2015 05:39:00 PM,2015
CR00027775,11/11/2020 10:50:00 PM,25,FOG/SMOKE/HAZE,DAYLIGHT,REAR END,NOT DIVIDED,TRAFFIC SIGNAL,FAILING TO REDUCE SPEED,NOT APPLICABLE,0,0,0,0,22,4,11,1379,CALIFORNIA AVE,41.807565,-87.680666,11/11/2020 10:52:00 PM,2020
CR00027776,11/09/2022 01:49:00 PM,20,SNOW,DARKNESS - LIGHTED ROAD,ANGLE,DIVIDED - W/MEDIAN (NOT RAISED),NO CONTROLS,UNABLE TO DETERMINE,FAILING TO YIELD RIGHT-OF-WAY,0,0,2,2,13,4,11,1033,47TH ST,41.756169,-87.589282,11/09/2022 01:59:00 PM,2022
CR00027777,07/17/2017 12:35:00 PM,30,CLOUDY/OVERCAST,DUSK,PARKED MOTOR VEHICLE,DIVIDED - W/MEDIAN (NOT RAISED),NO CONTROLS,UNABLE TO DETERMINE,UNABLE TO DETERMINE,0,0,0,0,12,2,7,1987,DIVISION ST,41.799042,-87.58476,07/17/2017 02:32:00 PM,2017
CR00027778,06/22/2021 04:58:00 PM,20,CLEAR,DAYLIGHT,REAR END,NOT DIVIDED,STOP SIGN/FLASHER,FAILING TO YIELD RIGHT-OF-WAY,IMPROPER OVERTAKING/PASSING,0,1,0,1,16,3,6,940,IRVING PARK RD,41.828037,-87.53927,06/22/2021 05:59:00 PM,2021
CR00027779,04/27/2015 07:00:00 AM,35,CLEAR,DAYLIGHT,ANGLE,DIVIDED - W/MEDIAN (NOT RAISED),NO CONTROLS,IMPROPER OVERTAKING/PASSING,NOT APPLICABLE,0,0,0,0,7,2,4,1440,ARCHER AVE,41.876818,-87.671274,04/27/2015 08:19:00 AM,2015
CR00027780,12/30/2018 03:00:00 AM,15,CLOUDY/OVERCAST,DAYLIGHT,PARKED MOTOR VEHICLE,NOT DIVIDED,NO CONTROLS,DISREGARDING TRAFFIC SIGNALS,FOLLOWING TOO CLOSELY,0,0,0,0,3,1,12,1435,CLARK ST,41.82497,-87.588664,12/30/2018 03:38:00 AM,2018
CR00027781,10/08/2019 08:51:00 PM,30,CLOUDY/OVERCAST,DAYLIGHT,FIXED OBJECT,ONE-WAY,STOP SIGN/FLASHER,FOLLOWING TOO CLOSELY,FAILING TO REDUCE SPEED,0,0,0,0,20,3,10,2051,PULASKI RD,41.71709,-87.734108,10/08/2019 09:22:00 PM,2019
CR00027782,04/24/2019 10:56:00 AM,20,CLEAR,DAYLIGHT,ANGLE,ONE-WAY,TRAFFIC SIGNAL,UNABLE TO DETERMINE,NOT APPLICABLE,0,0,0,0,10,4,4,1686,ROOSEVELT RD,41.748507,-87.519062,04/24/2019 12:12:00 PM,2019
CR00027783,04/16/2015 07:11:00 AM,35,CLEAR,DARKNESS,SIDESWIPE SAME DIRECTION,NOT DIVIDED,NO CONTROLS,FAILING TO YIELD RIGHT-OF-WAY,IMPROPER OVERTAKING/PASSING,0,0,0,0,7,5,4,1539,DIVISION ST,41.987227,-87.670223,04/16/2015 08:59:00 AM,2015
CR00027784,09/25/2018 01:47:00 AM,30,RAIN,DARKNESS - LIGHTED ROAD,PEDESTRIAN,T-INTERSECTION,TRAFFIC SIGNAL,UNABLE TO DETERMINE,NOT APPLICABLE,0,0,0,0,1,3,9,463,CLARK ST,41.964655,-87.804228,09/25/2018 03:28:00 AM,2018
CR00027785,10/07/2015 09:07:00 PM,40,RAIN,DAWN,REAR TO FRONT,DIVIDED - W/MEDIAN (NOT RAISED),NO CONTROLS,FAILING TO YIELD RIGHT-OF-WAY,FOLLOWING TOO CLOSELY,0,0,0,0,21,4,10,2445,DAMEN AVE,41.94161,-87.81334,10/07/2015 09:41:00 PM,2015
CR00027786,12/18/2019 01:40:00 PM,40,RAIN,DARKNESS,PEDESTRIAN,NOT DIVIDED,NO CONTROLS,DISREGARDING TRAFFIC SIGNALS,NOT APPLICABLE,0,0,2,2,13,4,12,590,CALIFORNIA AVE,41.8126,-87.514464,12/18/2019 02:48:00 PM,2019
CR00027787,12/06/2020 08:52:00 AM,30,SNOW,DUSK,TURNING,NOT DIVIDED,NO CONTROLS,IMPROPER LANE USAGE,UNABLE TO DETERMINE,0,0,0,0,8,1,12,980,ARCHER AVE,41.743689,-87.574562,12/06/2020 09:00:00 AM,2020
CR00027788,03/30/2021 02:13:00 PM,40,CLEAR,DARKNESS,TURNING,NOT DIVIDED,TRAFFIC SIGNAL,WEATHER,NOT APPLICABLE,0,0,0,0,14,3,3,1452,CLARK ST,41.773562,-87.570552,03/30/2021 03:48:00 PM,2021
CR00027789,12/12/2022 10:02:00 AM,45,CLEAR,DARKNESS - LIGHTED ROAD,PARKED MOTOR VEHICLE,DIVIDED - W/MEDIAN BARRIER,NO CONTROLS,WEATHER,UNABLE TO DETERMINE,0,0,1,1,10,2,12,949,MICHIGAN AVE,41.813291,-87.584954,12/12/2022 10:46:00 AM,2022
CR00027790,09/24/2021 10:24:00 AM,15,FOG/SMOKE/HAZE,DAYLIGHT,REAR TO FRONT,NOT DIVIDED,STOP SIGN/FLASHER,FAILING TO YIELD RIGHT-OF-WAY,NOT APPLICABLE,0,0,0,0,10,6,9,437,MICHIGAN AVE,41.940212,-87.745504,09/24/2021 11:18:00 AM,2021
CR00027791,12/16/2020 08:38:00 AM,35,SNOW,DAYLIGHT,REAR END,NOT DIVIDED,NO CONTROLS,IMPROPER LANE USAGE,FAILING TO YIELD RIGHT-OF-WAY,0,2,2,4,8,4,12,830,IRVING PARK RD,41.82656,-87.510654,12/16/2020 10:35:00 AM,2020
CR00027792,05/03/2021 06:41:00 AM,25,CLEAR,DAWN,REAR TO FRONT,NOT DIVIDED,TRAFFIC SIGNAL,IMPROPER OVERTAKING/PASSING,UNABLE TO DETERMINE,0,0,3,3,6,2,5,973,CALIFORNIA AVE,41.713756,-87.821478,05/03/2021 07:57:00 AM,2021
CR00027793,03/29/2023 01:51:00 AM,45,FOG/SMOKE/HAZE,DARKNESS - LIGHTED ROAD,REAR END,DIVIDED - W/MEDIAN (NOT RAISED),TRAFFIC SIGNAL,FOLLOWING TOO CLOSELY,UNABLE TO DETERMINE,0,0,0,0,1,4,3,650,KEDZIE AVE,41.959971,-87.788087,03/29/2023 02:13:00 AM,2023
CR00027794,05/29/2018 06:46:00 PM,40,FOG/SMOKE/HAZE,DAYLIGHT,TURNING,NOT DIVIDED,NO CONTROLS,UNABLE TO DETERMINE,DISTRACTION - FROM INSIDE VEHICLE,0,0,0,0,18,3,5,2028,ELSTON AVE,41.922635,-87.608675,05/29/2018 07:30:00 PM,2018
CR00027795,06/16/2023 07:18:00 AM,40,CLEAR,DAWN,REAR END,NOT DIVIDED,STOP SIGN/FLASHER,UNABLE TO DETERMINE,FAILING TO YIELD RIGHT-OF-WAY,0,0,0,0,7,6,6,1836,MICHIGAN AVE,41.845424,-87.76767,06/16/2023 07:20:00 AM,2023
CR00027796,03/07/2018 10:17:00 PM,35,SNOW,DUSK,TURNING,DIVIDED - W/MEDIAN BARRIER,TRAFFIC SIGNAL,DRIVING SKILLS/KNOWLEDGE/EXPERIENCE,NOT APPLICABLE,0,0,0,0,22,4,3,1402,BROADWAY,41.987523,-87.839244,03/07/2018 10:23:00 PM,2018
CR00027797,11/26/2021 02:24:00 PM,40,RAIN,DAYLIGHT,ANGLE,NOT DIVIDED,TRAFFIC SIGNAL,UNABLE TO DETERMINE,NOT APPLICABLE,0,0,0,0,14,6,11,2312,ARCHER AVE,41.99877,-87.540717,11/26/2021 03:35:00 PM,2021
CR00027798,10/14/2020 08:34:00 AM,30,CLEAR,DUSK,REAR END,T-INTERSECTION,YIELD,FAILING TO YIELD RIGHT-OF-WAY,FAILING TO YIELD RIGHT-OF-WAY,0,0,0,0,8,4,10,1311,79TH ST,41.917871,-87.534782,10/14/2020 08:53:00 AM,2020
CR00027799,10/18/2019 10:39:00 AM,30,CLEAR,DAYLIGHT,SIDESWIPE SAME DIRECTION,NOT DIVIDED,TRAFFIC SIGNAL,DISTRACTION - FROM INSIDE VEHICLE,FAILING TO YIELD RIGHT-OF-WAY,0,0,0,0,10,6,10,1495,PULASKI RD,41.85644,-87.629065,10/18/2019 10:57:00 AM,2019
CR00027800,12/14/2020 10:27:00 AM,30,CLEAR,DARKNESS - LIGHTED ROAD,TURNING,DIVIDED - W/MEDIAN BARRIER,TRAFFIC SIGNAL,UNABLE TO DETERMINE,NOT APPLICABLE,0,0,0,0,10,2,12,2495,79TH ST,41.744021,-87.537739,12/14/2020 12:01:00 PM,2020
CR00027801,03/28/2023 07:19:00 AM,35,CLOUDY/OVERCAST,DAYLIGHT,REAR TO FRONT,NOT DIVIDED,NO CONTROLS,UNABLE TO DETERMINE,UNABLE TO DETERMINE,0,0,0,0,7,3,3,749,47TH ST,41.903309,-87.603451,03/28/2023 07:25:00 AM,2023
CR00027802,03/06/2022 08:08:00 AM,30,CLEAR,DAWN,TURNING,NOT DIVIDED,STOP SIGN/FLASHER,FAILING TO YIELD RIGHT-OF-WAY,NOT APPLICABLE,0,0,0,0,8,1,3,778,47TH ST,41.904441,-87.655562,03/06/2022 09:09:00 AM,2022
CR00027803,01/06/2019 09:45:00 AM,20,CLEAR,DARKNESS,TURNING,NOT DIVIDED,YIELD,UNABLE TO DETERMINE,DRIVING SKILLS/KNOWLEDGE/EXPERIENCE,0,0,0,0,9,1,1,1230,DAMEN AVE,41.819705,-87.666848,01/06/2019 11:41:00 AM,2019
CR00027804,09/10/2017 03:07:00 AM,45,CLEAR,DARKNESS,REAR END,FOUR WAY,NO CONTROLS,IMPROPER LANE USAGE,UNABLE TO DETERMINE,0,0,0,0,3,1,9,1575,FULLERTON AVE,41.784283,-87.580869,09/10/2017 04:15:00 AM,2017
CR00027805,11/10/2024 06:53:00 PM,30,CLEAR,DAYLIGHT,ANGLE,DIVIDED - W/MEDIAN (NOT RAISED),NO CONTROLS,UNABLE TO DETERMINE,IMPROPER OVERTAKING/PASSING,0,0,0,0,18,1,11,1356,ROOSEVELT RD,41.934709,-87.660457,11/10/2024 07:59:00 PM,2024
CR00027806,04/27/2016 05:42:00 AM,20,CLEAR,DAYLIGHT,PARKED MOTOR VEHICLE,NOT DIVIDED,PEDESTRIAN CROSSING SIGN,FOLLOWING TOO CLOSELY,FOLLOWING TOO CLOSELY,0,0,0,0,5,4,4,440,CLARK ST,41.804752,-87.683047,04/27/2016 06:29:00 AM,2016
CR00027807,04/10/2019 04:26:00 PM,40,CLEAR,DARKNESS - LIGHTED ROAD,ANGLE,DIVIDED - W/MEDIAN (NOT RAISED),TRAFFIC SIGNAL,UNABLE TO DETERMINE,DISTRACTION - FROM INSIDE VEHICLE,0,0,0,0,16,4,4,2383,KEDZIE AVE,41.913422,-87.516057,04/10/2019 06:09:00 PM,2019
CR00027808,04/28/2022 04:23:00 PM,40,CLEAR,DAYLIGHT,REAR END,DIVIDED - W/MEDIAN (NOT RAISED),TRAFFIC SIGNAL,FAILING TO YIELD RIGHT-OF-WAY,IMPROPER OVERTAKING/PASSING,0,0,0,0,16,5,4,720,ROOSEVELT RD,41.841616,-87.770922,04/28/2022 05:47:00 PM,2022
CR00027809,07/17/2023 02:58:00 AM,30,CLEAR,DAYLIGHT,REAR END,DIVIDED - W/MEDIAN BARRIER,STOP SIGN/FLASHER,DISREGARDING TRAFFIC SIGNALS,DISTRACTION - FROM INSIDE VEHICLE,0,0,0,0,2,2,7,303,WESTERN AVE,41.716178,-87.57459,07/17/2023 04:31:00 AM,2023
CR00027810,02/22/2024 06:19:00 PM,25,CLEAR,DAYLIGHT,PARKED MOTOR VEHICLE,NOT DIVIDED,UNKNOWN,FOLLOWING TOO CLOSELY,UNABLE TO DETERMINE,0,0,0,0,18,5,2,1242,47TH ST,41.755684,-87.813765,02/22/2024 07:32:00 PM,2024
CR00027811,11/27/2021 03:43:00 PM,35,CLEAR,DUSK,REAR END,DIVIDED - W/MEDIAN (NOT RAISED),STOP SIGN/FLASHER,UNABLE TO DETERMINE,FAILING TO YIELD RIGHT-OF-WAY,0,0,0,0,15,7,11,975,ASHLAND AVE,41.709668,-87.677096,11/27/2021 04:52:00 PM,2021
CR00027812,08/07/2022 03:46:00 PM,30,CLOUDY/OVERCAST,DARKNESS - LIGHTED ROAD,ANGLE,DIVIDED - W/MEDIAN (NOT RAISED),STOP SIGN/FLASHER,UNABLE TO DETERMINE,FAILING TO YIELD RIGHT-OF-WAY,0,0,0,0,15,1,8,508,ASHLAND AVE,41.716469,-87.620166,08/07/2022 05:06:00 PM,2022