CRASH_RECORD_ID,CRASH_DATE,POSTED_SPEED_LIMIT,WEATHER_CONDITION,LIGHTING_CONDITION,FIRST_CRASH_TYPE,TRAFFICWAY_TYPE,TRAFFIC_CONTROL_DEVICE,PRIM_CONTRIBUTORY_CAUSE,SEC_CONTRIBUTORY_CAUSE,INJURIES_FATAL,INJURIES_INCAPACITATING,INJURIES_NON_INCAPACITATING,INJURIES_TOTAL,CRASH_HOUR,CRASH_DAY_OF_WEEK,CRASH_MONTH,BEAT_OF_OCCURRENCE,STREET_NAME,LATITUDE,LONGITUDE,DATE_POLICE_NOTIFIED,year
CR00027813,11/07/2016 01:18:00 PM,30,CLEAR,DARKNESS - LIGHTED ROAD,PEDESTRIAN,NOT DIVIDED,NO CONTROLS,UNABLE TO DETERMINE,UNABLE TO DETERMINE,0,0,0,0,13,2,11,670,79TH ST,41.950071,-87.780737,11/07/2016 03:02:00 PM,2016
CR00027814,06/11/2015 11:28:00 PM,35,CLOUDY/OVERCAST,DARKNESS - LIGHTED ROAD,REAR END,DIVIDED - W/MEDIAN (NOT RAISED),TRAFFIC SIGNAL,FOLLOWING TOO CLOSELY,NOT APPLICABLE,0,0,0,0,23,5,6,705,MICHIGAN AVE,41.707565,-87.827713,06/11/2015 11:41:00 PM,2015
CR00027815,11/22/2023 09:45:00 AM,25,CLEAR,DAYLIGHT,REAR END,NOT DIVIDED,YIELD,FAILING TO REDUCE SPEED,DRIVING SKILLS/KNOWLEDGE/EXPERIENCE,0,0,0,0,9,4,11,1798,47TH ST,41.93854,-87.733526,11/22/2023 10:46:00 AM,2023
CR00027816,06/17/2023 03:35:00 AM,20,CLEAR,DAYLIGHT,ANGLE,NOT DIVIDED,TRAFFIC SIGNAL,WEATHER,FOLLOWING TOO CLOSELY,0,0,0,0,3,7,6,1472,47TH ST,41.713728,-87.821781,06/17/2023 04:25:00 AM,2023
CR00027817,10/05/2018 04:28:00 AM,20,CLEAR,DARKNESS - LIGHTED ROAD,ANGLE,DIVIDED - W/MEDIAN (NOT RAISED),YIELD,IMPROPER OVERTAKING/PASSING,UNABLE TO DETERMINE,0,0,0,0,4,6,10,375,OGDEN AVE,41.886084,-87.504836,10/05/2018 05:54:00 AM,2018
CR00027818,02/17/2023 12:14:00 AM,30,CLOUDY/OVERCAST,DAYLIGHT,REAR END,DIVIDED - W/MEDIAN (NOT RAISED),UNKNOWN,FAILING TO REDUCE SPEED,DISREGARDING TRAFFIC SIGNALS,0,0,1,1,0,6,2,1462,ASHLAND AVE,41.956433,-87.719684,02/17/2023 12:54:00 AM,2023
CR00027819,11/07/2019 03:35:00 PM,30,CLEAR,DAYLIGHT,REAR END,NOT DIVIDED,NO CONTROLS,IMPROPER LANE USAGE,UNABLE TO DETERMINE,0,0,1,1,15,5,11,1506,STATE ST,41.803386,-87.69071,11/07/2019 05:15:00 PM,2019
CR00027820,01/22/2022 04:56:00 PM,15,RAIN,DARKNESS - LIGHTED ROAD,SIDESWIPE SAME DIRECTION,DIVIDED - W/MEDIAN (NOT RAISED),NO CONTROLS,IMPROPER OVERTAKING/PASSING,FOLLOWING TOO CLOSELY,0,0,0,0,16,7,1,483,DAMEN AVE,41.749576,-87.684,01/22/2022 05:45:00 PM,2022
CR00027821,05/28/2016 10:51:00 AM,25,CLEAR,DAYLIGHT,REAR END,DIVIDED - W/MEDIAN (NOT RAISED),STOP SIGN/FLASHER,FAILING TO YIELD RIGHT-OF-WAY,IMPROPER LANE USAGE,0,0,0,0,10,7,5,2347,CALIFORNIA AVE,41.86357,-87.643551,05/28/2016 11:31:00 AM,2016
CR00027822,12/02/2022 02:49:00 PM,35,CLEAR,DARKNESS,TURNING,NOT DIVIDED,YIELD,IMPROPER OVERTAKING/PASSING,NOT APPLICABLE,0,0,0,0,14,6,12,2484,ROOSEVELT RD,41.757582,-87.546964,12/02/2022 04:27:00 PM,2022
CR00027823,01/06/2016 10:06:00 PM,25,CLEAR,DARKNESS - LIGHTED ROAD,SIDESWIPE SAME DIRECTION,ONE-WAY,TRAFFIC SIGNAL,FAILING TO REDUCE SPEED,FAILING TO YIELD RIGHT-OF-WAY,0,0,0,0,22,4,1,1498,ELSTON AVE,41.958077,-87.504731,01/07/2016 12:04:00 AM,2016
CR00027824,10/28/2019 07:27:00 PM,30,FREEZING RAIN/DRIZZLE,DAYLIGHT,ANGLE,ONE-WAY,NO CONTROLS,DISTRACTION - FROM INSIDE VEHICLE,NOT APPLICABLE,0,0,0,0,19,2,10,1640,BROADWAY,41.707618,-87.535401,10/28/2019 07:53:00 PM,2019
CR00027825,11/05/2017 10:57:00 PM,35,SNOW,DAYLIGHT,FIXED OBJECT,NOT DIVIDED,NO CONTROLS,DRIVING SKILLS/KNOWLEDGE/EXPERIENCE,UNABLE TO DETERMINE,0,0,0,0,22,1,11,1957,OGDEN AVE,41.795997,-87.788872,11/06/2017 12:17:00 AM,2017
CR00027826,08/27/2024 12:03:00 PM,20,FREEZING RAIN/DRIZZLE,DAYLIGHT,REAR TO FRONT,FOUR WAY,NO CONTROLS,FAILING TO YIELD RIGHT-OF-WAY,FOLLOWING TOO CLOSELY,0,0,0,0,12,3,8,2012,DAMEN AVE,41.867572,-87.58788,08/27/2024 01:05:00 PM,2024
CR00027827,01/24/2017 07:03:00 PM,40,CLEAR,DAYLIGHT,REAR END,NOT DIVIDED,STOP SIGN/FLASHER,DRIVING SKILLS/KNOWLEDGE/EXPERIENCE,FAILING TO YIELD RIGHT-OF-WAY,0,0,0,0,19,3,1,2352,DIVISION ST,41.870546,-87.804786,01/24/2017 07:25:00 PM,2017
CR00027828,12/27/2021 02:37:00 AM,20,RAIN,DAYLIGHT,ANGLE,NOT DIVIDED,NO CONTROLS,UNABLE TO DETERMINE,FOLLOWING TOO CLOSELY,0,2,0,2,2,2,12,1149,MILWAUKEE AVE,41.802412,-87.829876,12/27/2021 04:05:00 AM,2021
CR00027829,11/09/2024 05:21:00 PM,15,CLEAR,DARKNESS,TURNING,NOT DIVIDED,NO CONTROLS,IMPROPER OVERTAKING/PASSING,IMPROPER LANE USAGE,0,0,0,0,17,7,11,278,BROADWAY,41.733072,-87.714967,11/09/2024 06:04:00 PM,2024
CR00027830,07/04/2021 10:15:00 PM,30,CLEAR,DAYLIGHT,REAR END,ONE-WAY,UNKNOWN,UNABLE TO DETERMINE,IMPROPER OVERTAKING/PASSING,0,0,0,0,22,1,7,424,ROOSEVELT RD,41.937594,-87.524784,07/04/2021 11:24:00 PM,2021
CR00027831,01/02/2015 08:45:00 AM,40,CLEAR,DAYLIGHT,REAR END,NOT DIVIDED,TRAFFIC SIGNAL,FOLLOWING TOO CLOSELY,FAILING TO YIELD RIGHT-OF-WAY,0,0,0,0,8,6,1,235,DAMEN AVE,41.806944,-87.500984,01/02/2015 09:25:00 AM,2015
CR00027832,01/24/2019 02:24:00 PM,35,CLEAR,DAYLIGHT,REAR END,NOT DIVIDED,PEDESTRIAN CROSSING SIGN,FOLLOWING TOO CLOSELY,IMPROPER OVERTAKING/PASSING,0,0,0,0,14,5,1,2283,IRVING PARK RD,41.772809,-87.55161,01/24/2019 03:11:00 PM,2019
CR00027833,02/14/2021 03:03:00 AM,15,CLEAR,DARKNESS - LIGHTED ROAD,PEDESTRIAN,DIVIDED - W/MEDIAN (NOT RAISED),TRAFFIC SIGNAL,DRIVING SKILLS/KNOWLEDGE/EXPERIENCE,DISTRACTION - FROM INSIDE VEHICLE,0,0,0,0,3,1,2,178,FULLERTON AVE,41.919099,-87.528451,02/14/2021 03:54:00 AM,2021
CR00027834,09/28/2021 12:06:00 AM,35,FOG/SMOKE/HAZE,DARKNESS - LIGHTED ROAD,REAR END,NOT DIVIDED,UNKNOWN,UNABLE TO DETERMINE,IMPROPER LANE USAGE,0,0,0,0,0,3,9,1333,ROOSEVELT RD,41.870351,-87.847062,09/28/2021 12:48:00 AM,2021
CR00027835,04/21/2023 05:07:00 PM,45,CLEAR,DARKNESS - LIGHTED ROAD,REAR END,NOT DIVIDED,TRAFFIC SIGNAL,FAILING TO YIELD RIGHT-OF-WAY,UNABLE TO DETERMINE,0,0,3,3,17,6,4,589,ARCHER AVE,41.926564,-87.793349,04/21/2023 06:48:00 PM,2023
CR00027836,06/22/2019 08:51:00 PM,30,CLEAR,DAYLIGHT,REAR END,DIVIDED - W/MEDIAN BARRIER,STOP SIGN/FLASHER,DRIVING SKILLS/KNOWLEDGE/EXPERIENCE,UNABLE TO DETERMINE,0,0,0,0,20,7,6,1562,KEDZIE AVE,41.940092,-87.52534,06/22/2019 10:23:00 PM,2019
CR00027837,10/07/2023 09:06:00 AM,45,CLEAR,DAYLIGHT,PEDESTRIAN,NOT DIVIDED,STOP SIGN/FLASHER,FAILING TO YIELD RIGHT-OF-WAY,FAILING TO YIELD RIGHT-OF-WAY,0,0,2,2,9,7,10,1049,63RD ST,41.824442,-87.751904,10/07/2023 11:01:00 AM,2023
CR00027838,02/06/2016 10:34:00 PM,30,CLEAR,DAYLIGHT,ANGLE,DIVIDED - W/MEDIAN BARRIER,TRAFFIC SIGNAL,IMPROPER OVERTAKING/PASSING,WEATHER,0,0,1,1,22,7,2,1268,79TH ST,41.974611,-87.733649,02/06/2016 10:51:00 PM,2016
CR00027839,12/05/2017 04:33:00 PM,45,CLEAR,DARKNESS - LIGHTED ROAD,ANGLE,T-INTERSECTION,PEDESTRIAN CROSSING SIGN,DRIVING SKILLS/KNOWLEDGE/EXPERIENCE,FOLLOWING TOO CLOSELY,0,0,0,0,16,3,12,752,CALIFORNIA AVE,41.955608,-87.828369,12/05/2017 05:37:00 PM,2017
CR00027840,03/01/2024 05:00:00 PM,25,CLEAR,DARKNESS - LIGHTED ROAD,REAR TO FRONT,NOT DIVIDED,NO CONTROLS,DRIVING SKILLS/KNOWLEDGE/EXPERIENCE,UNABLE TO DETERMINE,0,0,0,0,17,6,3,497,BROADWAY,41.961823,-87.684923,03/01/2024 06:12:00 PM,2024
CR00027841,03/31/2018 08:02:00 AM,25,CLEAR,DARKNESS - LIGHTED ROAD,TURNING,NOT DIVIDED,NO CONTROLS,FAILING TO YIELD RIGHT-OF-WAY,FOLLOWING TOO CLOSELY,0,0,0,0,8,7,3,1611,63RD ST,41.839391,-87.502382,03/31/2018 08:18:00 AM,2018
CR00027842,03/11/2018 05:40:00 PM,15,CLEAR,DARKNESS - LIGHTED ROAD,ANGLE,DIVIDED - W/MEDIAN (NOT RAISED),PEDESTRIAN CROSSING SIGN,UNABLE TO DETERMINE,IMPROPER OVERTAKING/PASSING,0,0,0,0,17,1,3,1134,LAKE SHORE DR,41.813239,-87.840055,03/11/2018 07:28:00 PM,2018
CR00027843,10/04/2019 08:31:00 PM,15,CLEAR,DARKNESS - LIGHTED ROAD,TURNING,NOT DIVIDED,NO CONTROLS,WEATHER,FAILING TO YIELD RIGHT-OF-WAY,0,0,3,3,20,6,10,942,STATE ST,41.851017,-87.846331,10/04/2019 10:20:00 PM,2019
CR00027844,10/19/2017 08:41:00 AM,15,CLEAR,DAYLIGHT,TURNING,NOT DIVIDED,STOP SIGN/FLASHER,UNABLE TO DETERMINE,WEATHER,0,0,0,0,8,5,10,163,79TH ST,41.985954,-87.780248,10/19/2017 09:31:00 AM,2017
CR00027845,08/16/2021 07:41:00 AM,30,CLEAR,DARKNESS,REAR END,NOT DIVIDED,TRAFFIC SIGNAL,UNABLE TO DETERMINE,UNABLE TO DETERMINE,0,0,1,1,7,2,8,753,ELSTON AVE,41.86975,-87.605407,08/16/2021 08:44:00 AM,2021
CR00027846,02/12/2024 05:31:00 PM,15,RAIN,DAYLIGHT,SIDESWIPE SAME DIRECTION,NOT DIVIDED,STOP SIGN/FLASHER,UNABLE TO DETERMINE,NOT APPLICABLE,0,0,0,0,17,2,2,1198,IRVING PARK RD,41.767149,-87.54152,02/12/2024 06:04:00 PM,2024
CR00027847,12/27/2019 05:46:00 AM,25,CLEAR,DAYLIGHT,PARKED MOTOR VEHICLE,NOT DIVIDED,TRAFFIC SIGNAL,FAILING TO REDUCE SPEED,UNABLE TO DETERMINE,0,0,0,0,5,6,12,877,HALSTED ST,41.883269,-87.504316,12/27/2019 06:58:00 AM,2019
CR00027848,05/12/2021 03:29:00 AM,20,CLEAR,DAYLIGHT,REAR END,DIVIDED - W/MEDIAN (NOT RAISED),NO CONTROLS,FOLLOWING TOO CLOSELY,NOT APPLICABLE,0,0,0,0,3,4,5,1607,47TH ST,41.851627,-87.644216,05/12/2021 04:10:00 AM,2021
CR00027849,03/05/2020 06:32:00 PM,30,CLEAR,DARKNESS - LIGHTED ROAD,REAR END,NOT DIVIDED,TRAFFIC SIGNAL,FAILING TO YIELD RIGHT-OF-WAY,NOT APPLICABLE,0,0,0,0,18,5,3,1297,ARCHER AVE,41.992627,-87.57936,03/05/2020 06:41:00 PM,2020
CR00027850,08/20/2023 09:14:00 AM,30,CLEAR,DUSK,PEDESTRIAN,ONE-WAY,TRAFFIC SIGNAL,IMPROPER LANE USAGE,FAILING TO YIELD RIGHT-OF-WAY,0,0,0,0,9,1,8,684,STATE ST,41.904731,-87.729505,08/20/2023 10:55:00 AM,2023
CR00027851,07/29/2022 06:17:00 PM,25,CLEAR,DAYLIGHT,ANGLE,NOT DIVIDED,STOP SIGN/FLASHER,IMPROPER OVERTAKING/PASSING,UNABLE TO DETERMINE,0,0,0,0,18,6,7,697,MILWAUKEE AVE,41.864986,-87.809194,07/29/2022 06:35:00 PM,2022
CR00027852,04/12/2023 08:09:00 AM,15,CLEAR,DUSK,TURNING,NOT DIVIDED,NO CONTROLS,FOLLOWING TOO CLOSELY,UNABLE TO DETERMINE,0,0,0,0,8,4,4,2005,CICERO AVE,41.953839,-87.544157,04/12/2023 09:17:00 AM,2023
CR00027853,07/12/2020 04:29:00 PM,15,CLEAR,DAYLIGHT,SIDESWIPE SAME DIRECTION,DIVIDED - W/MEDIAN BARRIER,NO CONTROLS,DRIVING SKILLS/KNOWLEDGE/EXPERIENCE,IMPROPER OVERTAKING/PASSING,0,0,2,2,16,1,7,253,CALIFORNIA AVE,41.860019,-87.592056,07/12/2020 04:49:00 PM,2020
CR00027854,03/17/2020 09:56:00 AM,30,CLEAR,DARKNESS,PARKED MOTOR VEHICLE,NOT DIVIDED,NO CONTROLS,FAILING TO YIELD RIGHT-OF-WAY,DISREGARDING TRAFFIC SIGNALS,0,0,0,0,9,3,3,806,PULASKI RD,41.798421,-87.611201,03/17/2020 10:16:00 AM,2020
CR00027855,05/09/2024 06:30:00 PM,45,CLEAR,DAYLIGHT,ANGLE,ONE-WAY,NO CONTROLS,DISTRACTION - FROM INSIDE VEHICLE,UNABLE TO DETERMINE,0,0,0,0,18,5,5,376,KEDZIE AVE,41.927756,-87.689961,05/09/2024 07:48:00 PM,2024
CR00027856,07/20/2021 06:58:00 AM,25,CLEAR,DARKNESS - LIGHTED ROAD,FIXED OBJECT,ONE-WAY,STOP SIGN/FLASHER,UNABLE TO DETERMINE,NOT APPLICABLE,0,0,0,0,6,3,7,2156,ARCHER AVE,41.75539,-87.571821,07/20/2021 08:47:00 AM,2021
CR00027857,10/02/2016 01:37:00 PM,30,CLEAR,DARKNESS,ANGLE,FOUR WAY,PEDESTRIAN CROSSING SIGN,FOLLOWING TOO CLOSELY,IMPROPER OVERTAKING/PASSING,0,0,0,0,13,1,10,352,47TH ST,41.749897,-87.69299,10/02/2016 03:25:00 PM,2016
CR00027858,10/30/2016 02:30:00 PM,15,RAIN,DARKNESS,PEDESTRIAN,ONE-WAY,UNKNOWN,UNABLE TO DETERMINE,NOT APPLICABLE,0,0,0,0,14,1,10,1995,IRVING PARK RD,41.968177,-87.522329,10/30/2016 02:52:00 PM,2016
CR00027859,03/07/2021 10:02:00 AM,25,CLOUDY/OVERCAST,DAYLIGHT,TURNING,DIVIDED - W/MEDIAN (NOT RAISED),TRAFFIC SIGNAL,FOLLOWING TOO CLOSELY,UNABLE TO DETERMINE,0,0,0,0,10,1,3,2414,MILWAUKEE AVE,41.93119,-87.691565,03/07/2021 11:33:00 AM,2021
CR00027860,07/24/2017 04:33:00 AM,35,CLEAR,DAYLIGHT,REAR END,DIVIDED - W/MEDIAN (NOT RAISED),NO CONTROLS,FOLLOWING TOO CLOSELY,NOT APPLICABLE,0,0,0,0,4,2,7,1902,MILWAUKEE AVE,41.952917,-87.654402,07/24/2017 05:58:00 AM,2017
CR00027861,02/15/2023 09:32:00 AM,15,CLEAR,DAYLIGHT,ANGLE,NOT DIVIDED,STOP SIGN/FLASHER,FAILING TO YIELD RIGHT-OF-WAY,UNABLE TO DETERMINE,0,0,0,0,9,4,2,2141,ASHLAND AVE,41.78607,-87.528643,02/15/2023 09:59:00 AM,2023
CR00027862,05/03/2022 06:00:00 PM,35,CLEAR,DAYLIGHT,PARKED MOTOR VEHICLE,NOT DIVIDED,NO CONTROLS,DRIVING SKILLS/KNOWLEDGE/EXPERIENCE,FOLLOWING TOO CLOSELY,0,0,0,0,18,3,5,147,47TH ST,41.849573,-87.546446,05/03/2022 07:32:00 PM,2022
CR00027863,05/12/2023 02:51:00 PM,20,CLEAR,DAWN,TURNING,FOUR WAY,NO CONTROLS,UNABLE TO DETERMINE,FAILING TO YIELD RIGHT-OF-WAY,0,0,0,0,14,6,5,1125,OGDEN AVE,41.769764,-87.674235,05/12/2023 04:19:00 PM,2023
CR00027864,02/22/2018 03:28:00 AM,35,RAIN,DAYLIGHT,REAR TO FRONT,NOT DIVIDED,PEDESTRIAN CROSSING SIGN,UNABLE TO DETERMINE,NOT APPLICABLE,0,0,0,0,3,5,2,243,79TH ST,41.976749,-87.652128,02/22/2018 03:57:00 AM,2018
CR00027865,11/22/2023 01:54:00 AM,20,CLEAR,DAYLIGHT,REAR END,NOT DIVIDED,NO CONTROLS,UNABLE TO DETERMINE,IMPROPER OVERTAKING/PASSING,0,0,2,2,1,4,11,1775,CLARK ST,41.731683,-87.558918,11/22/2023 02:27:00 AM,2023
CR00027866,01/31/2023 03:29:00 PM,35,CLEAR,DAYLIGHT,TURNING,DIVIDED - W/MEDIAN (NOT RAISED),TRAFFIC SIGNAL,DISTRACTION - FROM INSIDE VEHICLE,WEATHER,0,0,0,0,15,3,1,804,DAMEN AVE,41.705661,-87.59773,01/31/2023 04:49:00 PM,2023
CR00027867,10/15/2019 08:04:00 PM,20,CLEAR,DAWN,TURNING,NOT DIVIDED,NO CONTROLS,FOLLOWING TOO CLOSELY,UNABLE TO DETERMINE,0,0,0,0,20,3,10,1928,FULLERTON AVE,41.818272,-87.837645,10/15/2019 09:18:00 PM,2019
CR00027868,02/07/2017 12:50:00 PM,40,CLEAR,DARKNESS - LIGHTED ROAD,FIXED OBJECT,DIVIDED - W/MEDIAN (NOT RAISED),NO CONTROLS,UNABLE TO DETERMINE,IMPROPER OVERTAKING/PASSING,0,0,0,0,12,3,2,2269,BROADWAY,41.81535,-87.831425,02/07/2017 02:02:00 PM,2017
CR00027869,01/25/2015 12:24:00 PM,35,CLEAR,DAWN,ANGLE,NOT DIVIDED,TRAFFIC SIGNAL,DRIVING SKILLS/KNOWLEDGE/EXPERIENCE,IMPROPER LANE USAGE,0,1,2,3,12,1,1,128,OGDEN AVE,41.83272,-87.844754,01/25/2015 02:13:00 PM,2015
CR00027870,04/24/2019 11:31:00 PM,45,FREEZING RAIN/DRIZZLE,DARKNESS - LIGHTED ROAD,REAR END,NOT DIVIDED,YIELD,FAILING TO YIELD RIGHT-OF-WAY,NOT APPLICABLE,0,0,0,0,23,4,4,2142,CICERO AVE,41.926865,-87.581576,04/24/2019 11:34:00 PM,2019
CR00027871,11/12/2022 05:48:00 PM,30,CLEAR,DARKNESS - LIGHTED ROAD,ANGLE,FOUR WAY,TRAFFIC SIGNAL,UNABLE TO DETERMINE,WEATHER,0,0,0,0,17,7,11,1721,ARCHER AVE,41.752042,-87.808087,11/12/2022 07:00:00 PM,2022
CR00027872,06/25/2017 12:46:00 AM,35,CLEAR,DARKNESS - LIGHTED ROAD,REAR END,ONE-WAY,STOP SIGN/FLASHER,UNABLE TO DETERMINE,NOT APPLICABLE,0,0,0,0,0,1,6,776,HALSTED ST,41.908622,-87.549411,06/25/2017 01:49:00 AM,2017
CR00027873,03/04/2017 08:56:00 AM,25,CLEAR,DARKNESS,PARKED MOTOR VEHICLE,DIVIDED - W/MEDIAN (NOT RAISED),NO CONTROLS,FAILING TO YIELD RIGHT-OF-WAY,FOLLOWING TOO CLOSELY,0,0,0,0,8,7,3,1322,MICHIGAN AVE,41.922732,-87.740444,03/04/2017 10:03:00 AM,2017
CR00027874,03/31/2019 07:26:00 PM,35,FOG/SMOKE/HAZE,DAWN,TURNING,NOT DIVIDED,NO CONTROLS,UNABLE TO DETERMINE,UNABLE TO DETERMINE,0,0,0,0,19,1,3,1492,WESTERN AVE,41.707029,-87.524737,03/31/2019 09:21:00 PM,2019
CR00027875,10/18/2023 08:27:00 AM,30,RAIN,DAYLIGHT,REAR END,NOT DIVIDED,NO CONTROLS,UNABLE TO DETERMINE,UNABLE TO DETERMINE,0,0,0,0,8,4,10,2119,KEDZIE AVE,41.921381,-87.608383,10/18/2023 09:25:00 AM,2023
CR00027876,07/18/2023 07:38:00 PM,15,CLEAR,DAYLIGHT,PARKED MOTOR VEHICLE,DIVIDED - W/MEDIAN (NOT RAISED),TRAFFIC SIGNAL,UNABLE TO DETERMINE,FAILING TO REDUCE SPEED,0,0,1,1,19,3,7,1619,ELSTON AVE,41.860222,-87.508619,07/18/2023 07:57:00 PM,2023
CR00027877,07/06/2017 08:25:00 AM,30,CLEAR,DAYLIGHT,ANGLE,NOT DIVIDED,NO CONTROLS,DRIVING SKILLS/KNOWLEDGE/EXPERIENCE,FOLLOWING TOO CLOSELY,0,0,0,0,8,5,7,921,FULLERTON AVE,41.903323,-87.509949,07/06/2017 09:27:00 AM,2017
CR00027878,09/12/2024 02:23:00 AM,30,CLOUDY/OVERCAST,DAYLIGHT,ANGLE,FOUR WAY,NO CONTROLS,UNABLE TO DETERMINE,DRIVING SKILLS/KNOWLEDGE/EXPERIENCE,0,0,0,0,2,5,9,1689,BROADWAY,41.718429,-87.538749,09/12/2024 04:01:00 AM,2024
CR00027879,06/14/2016 03:16:00 PM,15,CLEAR,DARKNESS - LIGHTED ROAD,REAR END,NOT DIVIDED,NO CONTROLS,UNABLE TO DETERMINE,UNABLE TO DETERMINE,0,0,1,1,15,3,6,1426,MILWAUKEE AVE,41.731381,-87.600512,06/14/2016 04:33:00 PM,2016
CR00027880,06/07/2023 12:23:00 PM,15,CLEAR,DARKNESS - LIGHTED ROAD,TURNING,DIVIDED - W/MEDIAN (NOT RAISED),TRAFFIC SIGNAL,IMPROPER LANE USAGE,FAILING TO REDUCE SPEED,0,0,0,0,12,4,6,1029,ASHLAND AVE,41.807423,-87.796091,06/07/2023 01:26:00 PM,2023
CR00027881,09/21/2024 10:23:00 PM,15,CLEAR,DARKNESS - LIGHTED ROAD,ANGLE,ONE-WAY,STOP SIGN/FLASHER,DISTRACTION - FROM INSIDE VEHICLE,NOT APPLICABLE,0,0,2,2,22,7,9,212,47TH ST,41.764191,-87.643107,09/21/2024 11:36:00 PM,2024
CR00027882,04/20/2019 12:56:00 AM,30,CLEAR,DARKNESS - LIGHTED ROAD,PEDESTRIAN,NOT DIVIDED,STOP SIGN/FLASHER,UNABLE TO DETERMINE,UNABLE TO DETERMINE,0,0,0,0,0,7,4,2144,DAMEN AVE,41.831365,-87.737209,04/20/2019 01:07:00 AM,2019
CR00027883,06/27/2019 05:46:00 PM,40,SNOW,DUSK,REAR TO FRONT,ONE-WAY,NO CONTROLS,FOLLOWING TOO CLOSELY,UNABLE TO DETERMINE,0,0,2,2,17,5,6,1437,63RD ST,41.791377,-87.772263,06/27/2019 05:57:00 PM,2019
CR00027884,10/16/2017 05:35:00 PM,45,CLEAR,DARKNESS - LIGHTED ROAD,REAR TO FRONT,FOUR WAY,UNKNOWN,DISTRACTION - FROM INSIDE VEHICLE,DISTRACTION - FROM INSIDE VEHICLE,0,0,0,0,17,2,10,140,MICHIGAN AVE,41.853271,-87.749546,10/16/2017 07:03:00 PM,2017
CR00027885,01/07/2016 07:40:00 PM,35,CLEAR,DAYLIGHT,TURNING,FOUR WAY,NO CONTROLS,FAILING TO YIELD RIGHT-OF-WAY,IMPROPER LANE USAGE,0,0,0,0,19,5,1,2067,ROOSEVELT RD,41.896365,-87.743087,01/07/2016 09:05:00 PM,2016
CR00027886,05/31/2023 10:16:00 AM,30,FOG/SMOKE/HAZE,DAYLIGHT,SIDESWIPE SAME DIRECTION,NOT DIVIDED,NO CONTROLS,DISREGARDING TRAFFIC SIGNALS,FOLLOWING TOO CLOSELY,0,0,0,0,10,4,5,810,IRVING PARK RD,41.798332,-87.774829,05/31/2023 12:15:00 PM,2023
CR00027887,06/09/2016 09:51:00 PM,30,CLEAR,DAYLIGHT,TURNING,NOT DIVIDED,STOP SIGN/FLASHER,WEATHER,DISTRACTION - FROM INSIDE VEHICLE,0,0,0,0,21,5,6,2524,PULASKI RD,41.794631,-87.711188,06/09/2016 10:44:00 PM,2016
CR00027888,02/28/2019 01:39:00 PM,30,CLEAR,DAYLIGHT,REAR END,NOT DIVIDED,STOP SIGN/FLASHER,UNABLE TO DETERMINE,FAILING TO YIELD RIGHT-OF-WAY,0,0,0,0,13,5,2,261,ASHLAND AVE,41.951909,-87.601159,02/28/2019 02:58:00 PM,2019
CR00027889,01/30/2017 07:42:00 AM,35,CLEAR,DARKNESS - LIGHTED ROAD,ANGLE,DIVIDED - W/MEDIAN BARRIER,YIELD,DRIVING SKILLS/KNOWLEDGE/EXPERIENCE,UNABLE TO DETERMINE,0,0,0,0,7,2,1,342,OGDEN AVE,41.765053,-87.84553,01/30/2017 07:46:00 AM,2017
CR00027890,12/11/2024 06:26:00 PM,15,CLEAR,DAYLIGHT,REAR END,NOT DIVIDED,TRAFFIC SIGNAL,IMPROPER LANE USAGE,UNABLE TO DETERMINE,0,0,0,0,18,4,12,1069,STONY ISLAND AVE,41.890312,-87.711098,12/11/2024 07:44:00 PM,2024
CR00027891,01/20/2015 10:31:00 AM,20,RAIN,DAYLIGHT,PARKED MOTOR VEHICLE,FOUR WAY,TRAFFIC SIGNAL,FOLLOWING TOO CLOSELY,DISTRACTION - FROM INSIDE VEHICLE,0,0,0,0,10,3,1,1868,STONY ISLAND AVE,41.969853,-87.587272,01/20/2015 12:12:00 PM,2015
CR00027892,10/28/2015 09:11:00 AM,35,CLEAR,DAYLIGHT,REAR TO FRONT,NOT DIVIDED,STOP SIGN/FLASHER,FAILING TO YIELD RIGHT-OF-WAY,FOLLOWING TOO CLOSELY,0,0,0,0,9,4,10,290,ELSTON AVE,41.917189,-87.819462,10/28/2015 11:06:00 AM,2015
CR00027893,04/10/2022 04:42:00 AM,20,CLEAR,DAYLIGHT,PEDESTRIAN,NOT DIVIDED,NO CONTROLS,IMPROPER LANE USAGE,FAILING TO YIELD RIGHT-OF-WAY,0,0,0,0,4,1,4,2444,MILWAUKEE AVE,41.874383,-87.584939,04/10/2022 06:04:00 AM,2022
CR00027894,04/02/2019 04:00:00 PM,30,CLEAR,DARKNESS,REAR END,NOT DIVIDED,YIELD,DISTRACTION - FROM INSIDE VEHICLE,NOT APPLICABLE,0,0,0,0,16,3,4,1898,ROOSEVELT RD,41.831822,-87.628109,04/02/2019 04:43:00 PM,2019
CR00027895,11/01/2019 05:10:00 PM,35,FREEZING RAIN/DRIZZLE,DAYLIGHT,SIDESWIPE SAME DIRECTION,DIVIDED - W/MEDIAN (NOT RAISED),STOP SIGN/FLASHER,IMPROPER LANE USAGE,NOT APPLICABLE,0,0,0,0,17,6,11,2258,STATE ST,41.968544,-87.600544,11/01/2019 05:26:00 PM,2019
CR00027896,04/02/2020 01:09:00 PM,40,SNOW,DARKNESS,REAR END,DIVIDED - W/MEDIAN (NOT RAISED),NO CONTROLS,IMPROPER OVERTAKING/PASSING,FAILING TO YIELD RIGHT-OF-WAY,0,0,0,0,13,5,4,1342,63RD ST,41.8544,-87.749332,04/02/2020 01:10:00 PM,2020