CRASH_RECORD_ID,CRASH_DATE,POSTED_SPEED_LIMIT,WEATHER_CONDITION,LIGHTING_CONDITION,FIRST_CRASH_TYPE,TRAFFICWAY_TYPE,TRAFFIC_CONTROL_DEVICE,PRIM_CONTRIBUTORY_CAUSE,SEC_CONTRIBUTORY_CAUSE,INJURIES_FATAL,INJURIES_INCAPACITATING,INJURIES_NON_INCAPACITATING,INJURIES_TOTAL,CRASH_HOUR,CRASH_DAY_OF_WEEK,CRASH_MONTH,BEAT_OF_OCCURRENCE,STREET_NAME,LATITUDE,LONGITUDE,DATE_POLICE_NOTIFIED,year
CR00027897,06/13/2019 09:18:00 AM,30,CLEAR,DARKNESS - LIGHTED ROAD,SIDESWIPE SAME DIRECTION,FOUR WAY,STOP SIGN/FLASHER,UNABLE TO DETERMINE,FOLLOWING TOO CLOSELY,0,0,0,0,9,5,6,1143,ARCHER AVE,41.952871,-87.529941,06/13/2019 09:32:00 AM,2019
CR00027898,01/31/2018 08:48:00 PM,20,CLEAR,DARKNESS - LIGHTED ROAD,TURNING,FOUR WAY,TRAFFIC SIGNAL,FAILING TO YIELD RIGHT-OF-WAY,FAILING TO YIELD RIGHT-OF-WAY,0,0,2,2,20,4,1,350,OGDEN AVE,41.98524,-87.538751,01/31/2018 10:43:00 PM,2018
CR00027899,09/21/2020 03:26:00 PM,25,CLEAR,DAYLIGHT,SIDESWIPE SAME DIRECTION,NOT DIVIDED,TRAFFIC SIGNAL,UNABLE TO DETERMINE,FOLLOWING TOO CLOSELY,0,0,0,0,15,2,9,622,MILWAUKEE AVE,41.880941,-87.552717,09/21/2020 05:07:00 PM,2020
CR00027900,01/22/2016 12:37:00 PM,15,CLEAR,DAYLIGHT,REAR END,ONE-WAY,NO CONTROLS,IMPROPER OVERTAKING/PASSING,NOT APPLICABLE,0,0,0,0,12,6,1,827,WESTERN AVE,41.777202,-87.619378,01/22/2016 02:35:00 PM,2016
CR00027901,02/08/2021 12:52:00 PM,40,CLEAR,DAYLIGHT,REAR END,DIVIDED - W/MEDIAN (NOT RAISED),TRAFFIC SIGNAL,DRIVING SKILLS/KNOWLEDGE/EXPERIENCE,NOT APPLICABLE,0,0,0,0,12,2,2,1701,ARCHER AVE,41.839623,-87.648672,02/08/2021 02:51:00 PM,2021
CR00027902,06/25/2020 07:42:00 PM,45,CLEAR,DARKNESS - LIGHTED ROAD,TURNING,NOT DIVIDED,NO CONTROLS,UNABLE TO DETERMINE,FAILING TO REDUCE SPEED,0,0,0,0,19,5,6,1908,MILWAUKEE AVE,41.79591,-87.639572,06/25/2020 07:44:00 PM,2020
CR00027903,07/08/2016 08:14:00 PM,20,CLEAR,DAYLIGHT,REAR END,FOUR WAY,NO CONTROLS,IMPROPER LANE USAGE,UNABLE TO DETERMINE,0,0,0,0,20,6,7,1127,ARCHER AVE,41.798949,-87.65656,07/08/2016 09:33:00 PM,2016
CR00027904,07/15/2015 07:13:00 AM,40,CLEAR,DAYLIGHT,REAR END,NOT DIVIDED,UNKNOWN,IMPROPER LANE USAGE,DISREGARDING TRAFFIC SIGNALS,0,0,0,0,7,4,7,1725,CICERO AVE,41.877909,-87.839004,07/15/2015 07:23:00 AM,2015
CR00027905,10/30/2021 08:08:00 AM,45,CLEAR,DARKNESS - LIGHTED ROAD,REAR END,ONE-WAY,TRAFFIC SIGNAL,UNABLE TO DETERMINE,UNABLE TO DETERMINE,0,0,1,1,8,7,10,2040,CLARK ST,41.705126,-87.622888,10/30/2021 09:39:00 AM,2021
CR00027906,07/28/2018 06:13:00 AM,15,CLOUDY/OVERCAST,DARKNESS - LIGHTED ROAD,REAR END,FOUR WAY,NO CONTROLS,UNABLE TO DETERMINE,NOT APPLICABLE,0,0,0,0,6,7,7,622,OGDEN AVE,41.821294,-87.718578,07/28/2018 07:45:00 AM,2018
CR00027907,02/15/2021 12:00:00 PM,25,RAIN,DAYLIGHT,TURNING,NOT DIVIDED,TRAFFIC SIGNAL,UNABLE TO DETERMINE,NOT APPLICABLE,0,0,0,0,12,2,2,692,LAKE SHORE DR,41.80852,-87.531916,02/15/2021 01:12:00 PM,2021
CR00027908,01/02/2023 07:38:00 PM,15,CLEAR,DARKNESS - LIGHTED ROAD,SIDESWIPE SAME DIRECTION,FOUR WAY,NO CONTROLS,DISREGARDING TRAFFIC SIGNALS,UNABLE TO DETERMINE,0,0,0,0,19,2,1,1100,CLARK ST,41.94016,-87.821504,01/02/2023 08:30:00 PM,2023
CR00027909,12/12/2020 06:00:00 PM,30,SNOW,DAYLIGHT,REAR END,NOT DIVIDED,TRAFFIC SIGNAL,DRIVING SKILLS/KNOWLEDGE/EXPERIENCE,IMPROPER OVERTAKING/PASSING,0,0,2,2,18,7,12,1179,LAKE SHORE DR,41.765251,-87.719415,12/12/2020 07:36:00 PM,2020
CR00027910,10/22/2017 07:00:00 PM,15,CLEAR,DAYLIGHT,REAR TO FRONT,ONE-WAY,TRAFFIC SIGNAL,FAILING TO YIELD RIGHT-OF-WAY,UNABLE TO DETERMINE,0,0,0,0,19,1,10,1919,OGDEN AVE,41.963112,-87.846221,10/22/2017 07:23:00 PM,2017
CR00027911,03/01/2022 03:42:00 PM,40,CLEAR,DAYLIGHT,PARKED MOTOR VEHICLE,T-INTERSECTION,UNKNOWN,IMPROPER LANE USAGE,UNABLE TO DETERMINE,0,0,0,0,15,3,3,1352,BROADWAY,41.857439,-87.505308,03/01/2022 04:53:00 PM,2022
CR00027912,06/12/2022 07:25:00 AM,30,CLEAR,DAYLIGHT,SIDESWIPE SAME DIRECTION,NOT DIVIDED,UNKNOWN,FAILING TO REDUCE SPEED,FOLLOWING TOO CLOSELY,0,0,0,0,7,1,6,1988,79TH ST,41.921905,-87.74551,06/12/2022 08:44:00 AM,2022
CR00027913,02/21/2024 11:12:00 AM,15,CLEAR,DAYLIGHT,REAR END,ONE-WAY,NO CONTROLS,FAILING TO REDUCE SPEED,IMPROPER OVERTAKING/PASSING,0,0,0,0,11,4,2,941,ARCHER AVE,41.780828,-87.748096,02/21/2024 12:52:00 PM,2024
CR00027914,10/22/2021 08:14:00 PM,30,CLEAR,DAYLIGHT,REAR END,ONE-WAY,STOP SIGN/FLASHER,UNABLE TO DETERMINE,FAILING TO YIELD RIGHT-OF-WAY,0,0,0,0,20,6,10,105,ROOSEVELT RD,41.908935,-87.739767,10/22/2021 10:05:00 PM,2021
CR00027915,03/30/2018 09:15:00 PM,35,FOG/SMOKE/HAZE,DAYLIGHT,REAR END,NOT DIVIDED,NO CONTROLS,IMPROPER LANE USAGE,UNABLE TO DETERMINE,0,0,0,0,21,6,3,1633,ASHLAND AVE,41.702021,-87.817341,03/30/2018 09:43:00 PM,2018
CR00027916,06/12/2019 10:15:00 AM,45,CLEAR,DAYLIGHT,PEDESTRIAN,DIVIDED - W/MEDIAN (NOT RAISED),PEDESTRIAN CROSSING SIGN,UNABLE TO DETERMINE,FOLLOWING TOO CLOSELY,0,0,0,0,10,4,6,2341,DAMEN AVE,41.976679,-87.636418,06/12/2019 10:31:00 AM,2019
CR00027917,11/08/2018 10:09:00 AM,45,CLEAR,DAYLIGHT,REAR END,NOT DIVIDED,STOP SIGN/FLASHER,FAILING TO YIELD RIGHT-OF-WAY,DRIVING SKILLS/KNOWLEDGE/EXPERIENCE,0,0,0,0,10,5,11,2277,KEDZIE AVE,41.782303,-87.554446,11/08/2018 10:39:00 AM,2018
CR00027918,09/18/2018 12:38:00 PM,35,RAIN,DAYLIGHT,REAR END,ONE-WAY,NO CONTROLS,UNABLE TO DETERMINE,FOLLOWING TOO CLOSELY,0,0,0,0,12,3,9,1123,63RD ST,41.735375,-87.640361,09/18/2018 02:18:00 PM,2018
CR00027919,03/12/2018 04:29:00 PM,25,CLEAR,DAYLIGHT,TURNING,T-INTERSECTION,STOP SIGN/FLASHER,UNABLE TO DETERMINE,UNABLE TO DETERMINE,0,0,0,0,16,2,3,952,79TH ST,41.705246,-87.530409,03/12/2018 05:34:00 PM,2018
CR00027920,04/29/2022 09:24:00 PM,35,CLEAR,DAWN,REAR END,NOT DIVIDED,NO CONTROLS,IMPROPER OVERTAKING/PASSING,NOT APPLICABLE,0,0,0,0,21,6,4,919,STATE ST,41.927082,-87.638194,04/29/2022 10:40:00 PM,2022
CR00027921,04/20/2015 05:38:00 PM,30,CLEAR,DARKNESS - LIGHTED ROAD,ANGLE,NOT DIVIDED,NO CONTROLS,UNABLE TO DETERMINE,FOLLOWING TOO CLOSELY,0,0,0,0,17,2,4,2162,FULLERTON AVE,41.962694,-87.849331,04/20/2015 07:33:00 PM,2015
CR00027922,06/21/2022 04:06:00 AM,45,CLEAR,DAYLIGHT,ANGLE,NOT DIVIDED,STOP SIGN/FLASHER,UNABLE TO DETERMINE,FOLLOWING TOO CLOSELY,0,0,0,0,4,3,6,1981,FULLERTON AVE,41.976649,-87.580624,06/21/2022 05:57:00 AM,2022
CR00027923,07/29/2021 07:27:00 AM,45,CLEAR,DARKNESS - LIGHTED ROAD,REAR END,NOT DIVIDED,NO CONTROLS,UNABLE TO DETERMINE,NOT APPLICABLE,0,1,1,2,7,5,7,735,LAKE SHORE DR,41.745788,-87.613377,07/29/2021 08:49:00 AM,2021
CR00027924,11/19/2020 03:48:00 PM,30,CLEAR,DAYLIGHT,PEDESTRIAN,NOT DIVIDED,YIELD,FAILING TO YIELD RIGHT-OF-WAY,IMPROPER OVERTAKING/PASSING,0,0,0,0,15,5,11,329,MICHIGAN AVE,41.986995,-87.744067,11/19/2020 04:58:00 PM,2020
CR00027925,07/03/2015 07:02:00 PM,30,SNOW,DARKNESS - LIGHTED ROAD,TURNING,NOT DIVIDED,STOP SIGN/FLASHER,UNABLE TO DETERMINE,UNABLE TO DETERMINE,0,0,2,2,19,6,7,2207,PULASKI RD,41.705889,-87.592913,07/03/2015 07:47:00 PM,2015
CR00027926,05/20/2021 07:25:00 AM,40,CLEAR,DAWN,ANGLE,DIVIDED - W/MEDIAN (NOT RAISED),NO CONTROLS,IMPROPER LANE USAGE,NOT APPLICABLE,0,0,0,0,7,5,5,2097,63RD ST,41.992118,-87.543611,05/20/2021 07:56:00 AM,2021
CR00027927,10/08/2024 01:38:00 PM,30,SNOW,DARKNESS - LIGHTED ROAD,SIDESWIPE SAME DIRECTION,DIVIDED - W/MEDIAN (NOT RAISED),NO CONTROLS,DISTRACTION - FROM INSIDE VEHICLE,DRIVING SKILLS/KNOWLEDGE/EXPERIENCE,0,0,0,0,13,3,10,1077,OGDEN AVE,41.879617,-87.788736,10/08/2024 02:21:00 PM,2024
CR00027928,10/06/2024 06:24:00 PM,40,CLOUDY/OVERCAST,DAYLIGHT,REAR END,NOT DIVIDED,NO CONTROLS,IMPROPER OVERTAKING/PASSING,DRIVING SKILLS/KNOWLEDGE/EXPERIENCE,0,1,3,4,18,1,10,256,STONY ISLAND AVE,41.958969,-87.62621,10/06/2024 07:30:00 PM,2024
CR00027929,06/05/2021 07:10:00 AM,15,CLEAR,DARKNESS - LIGHTED ROAD,TURNING,NOT DIVIDED,NO CONTROLS,DISTRACTION - FROM INSIDE VEHICLE,UNABLE TO DETERMINE,0,0,0,0,7,7,6,192,IRVING PARK RD,41.838313,-87.569799,06/05/2021 08:15:00 AM,2021
CR00027930,02/28/2023 10:35:00 AM,20,CLEAR,DAYLIGHT,TURNING,DIVIDED - W/MEDIAN (NOT RAISED),TRAFFIC SIGNAL,FAILING TO REDUCE SPEED,WEATHER,0,0,1,1,10,3,2,401,DAMEN AVE,41.933342,-87.602409,02/28/2023 12:02:00 PM,2023
CR00027931,10/13/2021 01:43:00 AM,40,CLEAR,DARKNESS - LIGHTED ROAD,REAR END,ONE-WAY,STOP SIGN/FLASHER,FOLLOWING TOO CLOSELY,UNABLE TO DETERMINE,0,0,3,3,1,4,10,1309,MICHIGAN AVE,41.843065,-87.758456,10/13/2021 03:21:00 AM,2021
CR00027932,12/21/2018 11:42:00 AM,25,FREEZING RAIN/DRIZZLE,DAYLIGHT,REAR END,NOT DIVIDED,TRAFFIC SIGNAL,FOLLOWING TOO CLOSELY,DISREGARDING TRAFFIC SIGNALS,0,0,0,0,11,6,12,967,HALSTED ST,41.703804,-87.83193,12/21/2018 01:11:00 PM,2018
CR00027933,01/22/2019 04:25:00 PM,35,CLEAR,DAYLIGHT,ANGLE,DIVIDED - W/MEDIAN (NOT RAISED),STOP SIGN/FLASHER,DISREGARDING TRAFFIC SIGNALS,NOT APPLICABLE,0,0,0,0,16,3,1,1986,DAMEN AVE,41.850821,-87.611274,01/22/2019 06:07:00 PM,2019
CR00027934,05/24/2017 05:38:00 PM,30,RAIN,DAYLIGHT,ANGLE,FOUR WAY,TRAFFIC SIGNAL,FAILING TO YIELD RIGHT-OF-WAY,FOLLOWING TOO CLOSELY,0,0,0,0,17,4,5,2009,63RD ST,41.979499,-87.589598,05/24/2017 07:18:00 PM,2017
CR00027935,02/20/2024 02:30:00 PM,25,CLEAR,DARKNESS - LIGHTED ROAD,REAR END,ONE-WAY,TRAFFIC SIGNAL,FOLLOWING TOO CLOSELY,DRIVING SKILLS/KNOWLEDGE/EXPERIENCE,0,0,0,0,14,3,2,541,LAKE SHORE DR,41.85032,-87.702199,02/20/2024 03:54:00 PM,2024
CR00027936,04/14/2021 10:32:00 AM,45,CLEAR,DAWN,ANGLE,DIVIDED - W/MEDIAN (NOT RAISED),TRAFFIC SIGNAL,UNABLE TO DETERMINE,DISTRACTION - FROM INSIDE VEHICLE,0,0,0,0,10,4,4,386,FULLERTON AVE,41.77877,-87.518918,04/14/2021 10:56:00 AM,2021
CR00027937,02/20/2017 02:43:00 PM,35,SNOW,DUSK,SIDESWIPE SAME DIRECTION,NOT DIVIDED,TRAFFIC SIGNAL,UNABLE TO DETERMINE,FOLLOWING TOO CLOSELY,0,0,0,0,14,2,2,834,FULLERTON AVE,41.898098,-87.750703,02/20/2017 04:25:00 PM,2017
CR00027938,12/15/2019 05:01:00 PM,25,CLOUDY/OVERCAST,DAYLIGHT,ANGLE,T-INTERSECTION,NO CONTROLS,WEATHER,UNABLE TO DETERMINE,0,0,0,0,17,1,12,225,ASHLAND AVE,41.725118,-87.849386,12/15/2019 06:28:00 PM,2019
CR00027939,08/29/2020 08:33:00 AM,30,CLEAR,DARKNESS - LIGHTED ROAD,REAR END,NOT DIVIDED,NO CONTROLS,UNABLE TO DETERMINE,IMPROPER OVERTAKING/PASSING,0,0,0,0,8,7,8,749,LAKE SHORE DR,41.896976,-87.764188,08/29/2020 09:58:00 AM,2020
CR00027940,06/17/2015 07:25:00 AM,35,SNOW,DARKNESS - LIGHTED ROAD,ANGLE,NOT DIVIDED,TRAFFIC SIGNAL,DISTRACTION - FROM INSIDE VEHICLE,FAILING TO REDUCE SPEED,0,0,0,0,7,4,6,2455,DIVISION ST,41.721269,-87.609715,06/17/2015 09:10:00 AM,2015
CR00027941,09/13/2021 06:52:00 AM,40,SNOW,DAYLIGHT,FIXED OBJECT,NOT DIVIDED,NO CONTROLS,FAILING TO YIELD RIGHT-OF-WAY,FOLLOWING TOO CLOSELY,0,0,0,0,6,2,9,1862,ASHLAND AVE,41.846356,-87.599558,09/13/2021 07:48:00 AM,2021
CR00027942,10/10/2015 06:53:00 PM,20,RAIN,DARKNESS - LIGHTED ROAD,PARKED MOTOR VEHICLE,NOT DIVIDED,NO CONTROLS,DRIVING SKILLS/KNOWLEDGE/EXPERIENCE,UNABLE TO DETERMINE,0,0,0,0,18,7,10,1602,DIVISION ST,41.817702,-87.670283,10/10/2015 08:12:00 PM,2015
CR00027943,09/12/2019 03:42:00 PM,30,CLEAR,DUSK,REAR END,DIVIDED - W/MEDIAN (NOT RAISED),NO CONTROLS,FOLLOWING TOO CLOSELY,DRIVING SKILLS/KNOWLEDGE/EXPERIENCE,0,0,0,0,15,5,9,1769,63RD ST,41.703156,-87.722255,09/12/2019 04:44:00 PM,2019
CR00027944,01/23/2018 04:20:00 PM,15,CLOUDY/OVERCAST,DARKNESS - LIGHTED ROAD,FIXED OBJECT,DIVIDED - W/MEDIAN (NOT RAISED),TRAFFIC SIGNAL,UNABLE TO DETERMINE,UNABLE TO DETERMINE,0,0,1,1,16,3,1,2076,LAKE SHORE DR,41.764728,-87.621031,01/23/2018 04:29:00 PM,2018
CR00027945,12/30/2016 12:40:00 PM,20,RAIN,DARKNESS - LIGHTED ROAD,ANGLE,DIVIDED - W/MEDIAN BARRIER,TRAFFIC SIGNAL,FAILING TO REDUCE SPEED,DISREGARDING TRAFFIC SIGNALS,0,0,0,0,12,6,12,1703,CICERO AVE,41.877284,-87.508571,12/30/2016 02:28:00 PM,2016
CR00027946,08/24/2016 05:34:00 PM,30,CLEAR,DARKNESS,FIXED OBJECT,NOT DIVIDED,NO CONTROLS,DISTRACTION - FROM INSIDE VEHICLE,DISREGARDING TRAFFIC SIGNALS,0,0,0,0,17,4,8,1262,ELSTON AVE,41.879111,-87.527729,08/24/2016 07:27:00 PM,2016
CR00027947,12/11/2020 03:56:00 PM,25,CLEAR,DAYLIGHT,PEDESTRIAN,NOT DIVIDED,NO CONTROLS,FAILING TO YIELD RIGHT-OF-WAY,NOT APPLICABLE,0,0,0,0,15,6,12,1086,DIVISION ST,41.993762,-87.592815,12/11/2020 04:02:00 PM,2020
CR00027948,06/07/2021 01:35:00 AM,30,RAIN,DAYLIGHT,TURNING,NOT DIVIDED,TRAFFIC SIGNAL,UNABLE TO DETERMINE,IMPROPER LANE USAGE,0,0,0,0,1,2,6,187,MILWAUKEE AVE,41.951532,-87.58847,06/07/2021 01:38:00 AM,2021
CR00027949,05/08/2018 08:49:00 AM,30,CLEAR,DAYLIGHT,REAR TO FRONT,ONE-WAY,NO CONTROLS,DISREGARDING TRAFFIC SIGNALS,FOLLOWING TOO CLOSELY,0,0,2,2,8,3,5,200,DIVISION ST,41.799542,-87.532896,05/08/2018 09:03:00 AM,2018
CR00027950,07/05/2019 07:56:00 AM,35,CLEAR,DAYLIGHT,PARKED MOTOR VEHICLE,DIVIDED - W/MEDIAN (NOT RAISED),TRAFFIC SIGNAL,FOLLOWING TOO CLOSELY,IMPROPER OVERTAKING/PASSING,0,0,0,0,7,6,7,590,HALSTED ST,41.825979,-87.819413,07/05/2019 09:13:00 AM,2019
CR00027951,04/02/2017 12:08:00 AM,20,SNOW,DAYLIGHT,FIXED OBJECT,NOT DIVIDED,NO CONTROLS,DISTRACTION - FROM INSIDE VEHICLE,NOT APPLICABLE,0,0,0,0,0,1,4,797,PULASKI RD,41.758741,-87.693438,04/02/2017 12:53:00 AM,2017
CR00027952,08/18/2016 02:31:00 PM,20,CLEAR,DAYLIGHT,ANGLE,DIVIDED - W/MEDIAN (NOT RAISED),NO CONTROLS,FOLLOWING TOO CLOSELY,NOT APPLICABLE,0,0,0,0,14,5,8,1115,KEDZIE AVE,41.861787,-87.728385,08/18/2016 04:25:00 PM,2016
CR00027953,12/10/2016 03:47:00 PM,35,CLEAR,DAYLIGHT,TURNING,DIVIDED - W/MEDIAN (NOT RAISED),NO CONTROLS,FOLLOWING TOO CLOSELY,UNABLE TO DETERMINE,0,0,0,0,15,7,12,1569,CICERO AVE,41.831039,-87.672062,12/10/2016 04:32:00 PM,2016
CR00027954,09/13/2017 08:51:00 AM,35,FOG/SMOKE/HAZE,DAYLIGHT,TURNING,ONE-WAY,UNKNOWN,UNABLE TO DETERMINE,IMPROPER LANE USAGE,0,0,0,0,8,4,9,1514,79TH ST,41.953177,-87.56093,09/13/2017 10:30:00 AM,2017
CR00027955,08/10/2024 02:25:00 AM,40,FREEZING RAIN/DRIZZLE,DAYLIGHT,TURNING,FOUR WAY,TRAFFIC SIGNAL,FAILING TO YIELD RIGHT-OF-WAY,UNABLE TO DETERMINE,0,0,0,0,2,7,8,2421,FULLERTON AVE,41.855611,-87.697266,08/10/2024 03:17:00 AM,2024
CR00027956,11/04/2016 03:51:00 PM,30,CLEAR,DARKNESS - LIGHTED ROAD,PEDESTRIAN,NOT DIVIDED,NO CONTROLS,UNABLE TO DETERMINE,NOT APPLICABLE,0,0,0,0,15,6,11,235,CICERO AVE,41.844018,-87.778638,11/04/2016 04:27:00 PM,2016
CR00027957,01/16/2022 11:36:00 AM,15,RAIN,DARKNESS - LIGHTED ROAD,PARKED MOTOR VEHICLE,ONE-WAY,STOP SIGN/FLASHER,IMPROPER OVERTAKING/PASSING,NOT APPLICABLE,0,0,0,0,11,1,1,1748,IRVING PARK RD,41.734116,-87.714317,01/16/2022 12:02:00 PM,2022
CR00027958,03/18/2015 09:46:00 AM,30,CLEAR,DAYLIGHT,SIDESWIPE SAME DIRECTION,DIVIDED - W/MEDIAN (NOT RAISED),NO CONTROLS,UNABLE TO DETERMINE,FOLLOWING TOO CLOSELY,0,0,0,0,9,4,3,137,HALSTED ST,41.866254,-87.760917,03/18/2015 10:13:00 AM,2015
CR00027959,12/28/2020 01:34:00 PM,30,FOG/SMOKE/HAZE,DAYLIGHT,FIXED OBJECT,DIVIDED - W/MEDIAN (NOT RAISED),NO CONTROLS,FOLLOWING TOO CLOSELY,NOT APPLICABLE,0,0,0,0,13,2,12,2460,WESTERN AVE,41.904079,-87.692186,12/28/2020 02:21:00 PM,2020
CR00027960,11/27/2022 02:18:00 AM,35,RAIN,DAYLIGHT,PARKED MOTOR VEHICLE,NOT DIVIDED,TRAFFIC SIGNAL,DISREGARDING TRAFFIC SIGNALS,FAILING TO YIELD RIGHT-OF-WAY,0,0,0,0,2,1,11,760,IRVING PARK RD,41.84427,-87.593028,11/27/2022 03:09:00 AM,2022
CR00027961,01/07/2018 04:41:00 PM,35,CLEAR,DAYLIGHT,PARKED MOTOR VEHICLE,DIVIDED - W/MEDIAN (NOT RAISED),STOP SIGN/FLASHER,FAILING TO YIELD RIGHT-OF-WAY,DRIVING SKILLS/KNOWLEDGE/EXPERIENCE,0,0,0,0,16,1,1,529,DAMEN AVE,41.976061,-87.830544,01/07/2018 05:59:00 PM,2018
CR00027962,01/03/2016 07:33:00 AM,25,SNOW,DAYLIGHT,REAR END,FOUR WAY,TRAFFIC SIGNAL,IMPROPER LANE USAGE,FOLLOWING TOO CLOSELY,0,1,3,4,7,1,1,1927,ELSTON AVE,41.886442,-87.800189,01/03/2016 08:15:00 AM,2016
CR00027963,11/30/2021 08:55:00 PM,35,CLEAR,DUSK,SIDESWIPE SAME DIRECTION,NOT DIVIDED,NO CONTROLS,FOLLOWING TOO CLOSELY,UNABLE TO DETERMINE,0,0,0,0,20,3,11,2125,CICERO AVE,41.837967,-87.563296,11/30/2021 09:01:00 PM,2021
CR00027964,11/14/2023 08:37:00 PM,45,CLEAR,DAYLIGHT,SIDESWIPE SAME DIRECTION,NOT DIVIDED,NO CONTROLS,UNABLE TO DETERMINE,FAILING TO REDUCE SPEED,0,0,0,0,20,3,11,662,63RD ST,41.945994,-87.601535,11/14/2023 10:26:00 PM,2023
CR00027965,09/08/2023 03:13:00 PM,35,CLEAR,DAYLIGHT,SIDESWIPE SAME DIRECTION,FOUR WAY,TRAFFIC SIGNAL,IMPROPER OVERTAKING/PASSING,IMPROPER LANE USAGE,0,0,0,0,15,6,9,2190,IRVING PARK RD,41.992814,-87.839875,09/08/2023 04:05:00 PM,2023
CR00027966,12/08/2016 01:05:00 PM,20,CLEAR,DARKNESS - LIGHTED ROAD,SIDESWIPE SAME DIRECTION,FOUR WAY,STOP SIGN/FLASHER,FOLLOWING TOO CLOSELY,IMPROPER OVERTAKING/PASSING,0,0,0,0,13,5,12,1988,ARCHER AVE,41.838246,-87.688349,12/08/2016 02:39:00 PM,2016
CR00027967,03/18/2015 02:48:00 PM,35,CLEAR,DUSK,REAR END,DIVIDED - W/MEDIAN BARRIER,TRAFFIC SIGNAL,FAILING TO REDUCE SPEED,IMPROPER OVERTAKING/PASSING,0,0,0,0,14,4,3,370,ASHLAND AVE,41.881928,-87.553095,03/18/2015 04:42:00 PM,2015
CR00027968,10/26/2016 03:07:00 PM,15,RAIN,DAYLIGHT,REAR END,ONE-WAY,NO CONTROLS,IMPROPER OVERTAKING/PASSING,FAILING TO REDUCE SPEED,0,0,0,0,15,4,10,779,IRVING PARK RD,41.982674,-87.84353,10/26/2016 04:30:00 PM,2016
CR00027969,04/08/2020 08:54:00 AM,25,CLEAR,DAYLIGHT,TURNING,ONE-WAY,TRAFFIC SIGNAL,UNABLE TO DETERMINE,IMPROPER LANE USAGE,0,0,0,0,8,4,4,1779,PULASKI RD,41.745753,-87.795307,04/08/2020 09:51:00 AM,2020
CR00027970,10/29/2021 04:43:00 PM,25,CLEAR,DAYLIGHT,REAR END,NOT DIVIDED,TRAFFIC SIGNAL,UNABLE TO DETERMINE,DISREGARDING TRAFFIC SIGNALS,0,0,0,0,16,6,10,1144,KEDZIE AVE,41.771024,-87.813409,10/29/2021 05:29:00 PM,2021
CR00027971,06/08/2019 08:28:00 AM,35,CLEAR,DAYLIGHT,PARKED MOTOR VEHICLE,FOUR WAY,NO CONTROLS,DISREGARDING TRAFFIC SIGNALS,FAILING TO REDUCE SPEED,0,0,0,0,8,7,6,1159,CICERO AVE,41.856118,-87.620418,06/08/2019 08:39:00 AM,2019
CR00027972,02/21/2019 03:30:00 PM,25,CLEAR,DUSK,TURNING,NOT DIVIDED,NO CONTROLS,IMPROPER OVERTAKING/PASSING,FOLLOWING TOO CLOSELY,0,0,0,0,15,5,2,1849,47TH ST,41.861366,-87.768742,02/21/2019 04:42:00 PM,2019
CR00027973,06/22/2020 03:47:00 PM,20,CLEAR,DAYLIGHT,TURNING,NOT DIVIDED,TRAFFIC SIGNAL,DISTRACTION - FROM INSIDE VEHICLE,UNABLE TO DETERMINE,0,0,0,0,15,2,6,2429,LAKE SHORE DR,41.895622,-87.616587,06/22/2020 04:40:00 PM,2020
CR00027974,06/18/2020 06:23:00 PM,25,FOG/SMOKE/HAZE,DAYLIGHT,TURNING,NOT DIVIDED,NO CONTROLS,FAILING TO YIELD RIGHT-OF-WAY,UNABLE TO DETERMINE,0,0,0,0,18,5,6,1664,63RD ST,41.920889,-87.768986,06/18/2020 06:45:00 PM,2020
CR00027975,01/30/2022 06:29:00 PM,30,SNOW,DAYLIGHT,TURNING,NOT DIVIDED,NO CONTROLS,UNABLE TO DETERMINE,FAILING TO YIELD RIGHT-OF-WAY,0,0,0,0,18,1,1,1758,MICHIGAN AVE,41.877389,-87.842092,01/30/2022 08:29:00 PM,2022
CR00027976,09/30/2016 06:53:00 PM,15,CLEAR,DARKNESS - LIGHTED ROAD,REAR END,NOT DIVIDED,STOP SIGN/FLASHER,DRIVING SKILLS/KNOWLEDGE/EXPERIENCE,NOT APPLICABLE,0,0,0,0,18,6,9,642,ARCHER AVE,41.863384,-87.798663,09/30/2016 07:37:00 PM,2016
CR00027977,11/11/2015 12:59:00 PM,15,CLEAR,DAYLIGHT,FIXED OBJECT,DIVIDED - W/MEDIAN (NOT RAISED),NO CONTROLS,WEATHER,FOLLOWING TOO CLOSELY,0,0,0,0,12,4,11,2501,PULASKI RD,41.891898,-87.696251,11/11/2015 01:56:00 PM,2015
CR00027978,06/22/2022 07:27:00 PM,15,CLEAR,DARKNESS - LIGHTED ROAD,REAR END,FOUR WAY,NO CONTROLS,DRIVING SKILLS/KNOWLEDGE/EXPERIENCE,UNABLE TO DETERMINE,0,0,0,0,19,4,6,511,STATE ST,41.722017,-87.71396,06/22/2022 08:45:00 PM,2022
CR00027979,05/08/2018 11:43:00 AM,35,CLEAR,DAYLIGHT,SIDESWIPE SAME DIRECTION,FOUR WAY,TRAFFIC SIGNAL,IMPROPER OVERTAKING/PASSING,DRIVING SKILLS/KNOWLEDGE/EXPERIENCE,0,0,0,0,11,3,5,904,WESTERN AVE,41.735454,-87.705148,05/08/2018 01:43:00 PM,2018