CRASH_RECORD_ID,CRASH_DATE,POSTED_SPEED_LIMIT,WEATHER_CONDITION,LIGHTING_CONDITION,FIRST_CRASH_TYPE,TRAFFICWAY_TYPE,TRAFFIC_CONTROL_DEVICE,PRIM_CONTRIBUTORY_CAUSE,SEC_CONTRIBUTORY_CAUSE,INJURIES_FATAL,INJURIES_INCAPACITATING,INJURIES_NON_INCAPACITATING,INJURIES_TOTAL,CRASH_HOUR,CRASH_DAY_OF_WEEK,CRASH_MONTH,BEAT_OF_OCCURRENCE,STREET_NAME,LATITUDE,LONGITUDE,DATE_POLICE_NOTIFIED,year
CR00027980,08/23/2017 02:43:00 PM,35,CLEAR,DARKNESS,REAR TO FRONT,NOT DIVIDED,NO CONTROLS,FAILING TO YIELD RIGHT-OF-WAY,NOT APPLICABLE,0,0,0,0,14,4,8,1498,KEDZIE AVE,41.912375,-87.841677,08/23/2017 03:08:00 PM,2017
CR00027981,04/03/2020 07:19:00 PM,25,CLEAR,DAYLIGHT,REAR END,DIVIDED - W/MEDIAN (NOT RAISED),TRAFFIC SIGNAL,IMPROPER OVERTAKING/PASSING,UNABLE TO DETERMINE,0,0,0,0,19,6,4,1139,IRVING PARK RD,41.946621,-87.732227,04/03/2020 08:33:00 PM,2020
CR00027982,02/18/2018 02:49:00 PM,35,CLEAR,DAYLIGHT,REAR END,DIVIDED - W/MEDIAN BARRIER,NO CONTROLS,FAILING TO REDUCE SPEED,NOT APPLICABLE,0,0,0,0,14,1,2,1846,ELSTON AVE,41.72345,-87.742126,02/18/2018 04:48:00 PM,2018
CR00027983,11/15/2022 12:36:00 AM,25,SNOW,DAYLIGHT,REAR TO FRONT,DIVIDED - W/MEDIAN (NOT RAISED),NO CONTROLS,UNABLE TO DETERMINE,FOLLOWING TOO CLOSELY,0,0,0,0,0,3,11,383,47TH ST,41.892604,-87.654762,11/15/2022 02:09:00 AM,2022
CR00027984,08/09/2017 10:07:00 AM,20,CLEAR,DAYLIGHT,PARKED MOTOR VEHICLE,ONE-WAY,NO CONTROLS,UNABLE TO DETERMINE,IMPROPER OVERTAKING/PASSING,0,0,0,0,10,4,8,1443,CALIFORNIA AVE,41.803438,-87.684996,08/09/2017 10:41:00 AM,2017
CR00027985,08/08/2023 03:47:00 PM,20,SNOW,DAYLIGHT,TURNING,NOT DIVIDED,TRAFFIC SIGNAL,DRIVING SKILLS/KNOWLEDGE/EXPERIENCE,UNABLE TO DETERMINE,0,0,0,0,15,3,8,733,ARCHER AVE,41.792717,-87.595164,08/08/2023 05:37:00 PM,2023
CR00027986,06/17/2015 04:12:00 PM,35,CLEAR,DAYLIGHT,REAR END,NOT DIVIDED,NO CONTROLS,UNABLE TO DETERMINE,NOT APPLICABLE,0,0,0,0,16,4,6,1338,CALIFORNIA AVE,41.896048,-87.58272,06/17/2015 04:53:00 PM,2015
CR00027987,04/19/2016 10:46:00 AM,40,CLEAR,DAYLIGHT,PARKED MOTOR VEHICLE,DIVIDED - W/MEDIAN (NOT RAISED),NO CONTROLS,FOLLOWING TOO CLOSELY,NOT APPLICABLE,0,0,0,0,10,3,4,150,KEDZIE AVE,41.981923,-87.540502,04/19/2016 11:09:00 AM,2016
CR00027988,12/12/2020 03:20:00 PM,30,CLEAR,DARKNESS - LIGHTED ROAD,FIXED OBJECT,FOUR WAY,NO CONTROLS,WEATHER,DRIVING SKILLS/KNOWLEDGE/EXPERIENCE,0,0,0,0,15,7,12,2390,CALIFORNIA AVE,41.981757,-87.839503,12/12/2020 03:37:00 PM,2020
CR00027989,10/17/2021 12:38:00 PM,30,CLEAR,DAYLIGHT,PARKED MOTOR VEHICLE,NOT DIVIDED,NO CONTROLS,DISREGARDING TRAFFIC SIGNALS,IMPROPER OVERTAKING/PASSING,0,0,0,0,12,1,10,1598,ARCHER AVE,41.992767,-87.72746,10/17/2021 01:22:00 PM,2021
CR00027990,04/10/2020 05:12:00 PM,30,CLEAR,DAWN,TURNING,NOT DIVIDED,TRAFFIC SIGNAL,DISREGARDING TRAFFIC SIGNALS,DISTRACTION - FROM INSIDE VEHICLE,0,0,0,0,17,6,4,1000,CLARK ST,41.785274,-87.788903,04/10/2020 06:33:00 PM,2020
CR00027991,04/07/2019 04:43:00 AM,15,CLEAR,DAYLIGHT,REAR END,FOUR WAY,TRAFFIC SIGNAL,UNABLE TO DETERMINE,IMPROPER OVERTAKING/PASSING,0,0,0,0,4,1,4,1760,MICHIGAN AVE,41.728339,-87.835449,04/07/2019 05:38:00 AM,2019
CR00027992,08/03/2024 10:50:00 AM,30,FREEZING RAIN/DRIZZLE,DAYLIGHT,TURNING,DIVIDED - W/MEDIAN (NOT RAISED),STOP SIGN/FLASHER,FAILING TO YIELD RIGHT-OF-WAY,NOT APPLICABLE,0,0,0,0,10,7,8,1380,CALIFORNIA AVE,41.894796,-87.841513,08/03/2024 11:47:00 AM,2024
CR00027993,06/20/2015 08:14:00 AM,15,FREEZING RAIN/DRIZZLE,DARKNESS - LIGHTED ROAD,SIDESWIPE SAME DIRECTION,NOT DIVIDED,STOP SIGN/FLASHER,FOLLOWING TOO CLOSELY,FOLLOWING TOO CLOSELY,0,0,0,0,8,7,6,1898,63RD ST,41.948825,-87.771607,06/20/2015 09:16:00 AM,2015
CR00027994,03/18/2022 09:34:00 PM,45,CLEAR,DAYLIGHT,SIDESWIPE SAME DIRECTION,NOT DIVIDED,NO CONTROLS,DRIVING SKILLS/KNOWLEDGE/EXPERIENCE,NOT APPLICABLE,0,0,0,0,21,6,3,522,ARCHER AVE,41.900019,-87.6637,03/18/2022 10:07:00 PM,2022
CR00027995,05/14/2015 04:40:00 PM,35,CLOUDY/OVERCAST,DUSK,REAR TO FRONT,NOT DIVIDED,NO CONTROLS,UNABLE TO DETERMINE,FOLLOWING TOO CLOSELY,0,0,0,0,16,5,5,271,KEDZIE AVE,41.717991,-87.720546,05/14/2015 06:10:00 PM,2015
CR00027996,07/07/2022 04:17:00 AM,30,CLEAR,DUSK,REAR TO FRONT,NOT DIVIDED,TRAFFIC SIGNAL,FAILING TO REDUCE SPEED,FAILING TO YIELD RIGHT-OF-WAY,0,0,0,0,4,5,7,1270,IRVING PARK RD,41.821272,-87.57992,07/07/2022 05:48:00 AM,2022
CR00027997,09/14/2016 06:41:00 PM,35,CLEAR,DAYLIGHT,TURNING,DIVIDED - W/MEDIAN BARRIER,STOP SIGN/FLASHER,DISTRACTION - FROM INSIDE VEHICLE,DISTRACTION - FROM INSIDE VEHICLE,0,0,0,0,18,4,9,1712,PULASKI RD,41.790294,-87.820551,09/14/2016 07:29:00 PM,2016
CR00027998,02/29/2016 04:02:00 AM,40,CLEAR,DAYLIGHT,REAR END,ONE-WAY,PEDESTRIAN CROSSING SIGN,UNABLE TO DETERMINE,DISTRACTION - FROM INSIDE VEHICLE,0,0,0,0,4,2,2,1489,PULASKI RD,41.819798,-87.794558,02/29/2016 05:38:00 AM,2016
CR00027999,12/15/2021 04:57:00 AM,45,CLOUDY/OVERCAST,DAYLIGHT,PARKED MOTOR VEHICLE,NOT DIVIDED,TRAFFIC SIGNAL,IMPROPER OVERTAKING/PASSING,UNABLE TO DETERMINE,0,0,2,2,4,4,12,1463,BROADWAY,41.727327,-87.747643,12/15/2021 05:33:00 AM,2021
CR00028000,06/03/2021 08:26:00 PM,40,CLEAR,DAYLIGHT,PARKED MOTOR VEHICLE,DIVIDED - W/MEDIAN (NOT RAISED),TRAFFIC SIGNAL,FAILING TO YIELD RIGHT-OF-WAY,NOT APPLICABLE,0,0,0,0,20,5,6,2433,STONY ISLAND AVE,41.726264,-87.568704,06/03/2021 08:55:00 PM,2021
CR00028001,01/11/2019 03:59:00 AM,30,RAIN,DARKNESS - LIGHTED ROAD,SIDESWIPE SAME DIRECTION,T-INTERSECTION,TRAFFIC SIGNAL,FAILING TO YIELD RIGHT-OF-WAY,UNABLE TO DETERMINE,0,0,0,0,3,6,1,2424,WESTERN AVE,41.886152,-87.821475,01/11/2019 05:19:00 AM,2019
CR00028002,08/16/2017 03:05:00 PM,35,CLEAR,DARKNESS - LIGHTED ROAD,PARKED MOTOR VEHICLE,DIVIDED - W/MEDIAN (NOT RAISED),NO CONTROLS,FAILING TO REDUCE SPEED,UNABLE TO DETERMINE,0,0,0,0,15,4,8,2501,PULASKI RD,41.946053,-87.543712,08/16/2017 04:42:00 PM,2017
CR00028003,11/26/2018 09:34:00 PM,30,CLEAR,DAYLIGHT,PARKED MOTOR VEHICLE,DIVIDED - W/MEDIAN (NOT RAISED),TRAFFIC SIGNAL,UNABLE TO DETERMINE,NOT APPLICABLE,0,0,0,0,21,2,11,1100,DIVISION ST,41.892159,-87.567923,11/26/2018 09:49:00 PM,2018
CR00028004,03/22/2017 08:54:00 AM,35,CLEAR,DARKNESS - LIGHTED ROAD,ANGLE,FOUR WAY,STOP SIGN/FLASHER,IMPROPER OVERTAKING/PASSING,DISTRACTION - FROM INSIDE VEHICLE,0,0,0,0,8,4,3,1957,FULLERTON AVE,41.797132,-87.692951,03/22/2017 10:53:00 AM,2017
CR00028005,07/19/2019 01:23:00 PM,20,CLEAR,DARKNESS - LIGHTED ROAD,PARKED MOTOR VEHICLE,DIVIDED - W/MEDIAN (NOT RAISED),NO CONTROLS,IMPROPER OVERTAKING/PASSING,FOLLOWING TOO CLOSELY,0,0,0,0,13,6,7,2452,KEDZIE AVE,41.891976,-87.807114,07/19/2019 01:39:00 PM,2019
CR00028006,09/09/2023 11:23:00 AM,15,CLEAR,DAYLIGHT,REAR END,FOUR WAY,YIELD,FAILING TO YIELD RIGHT-OF-WAY,FOLLOWING TOO CLOSELY,0,0,0,0,11,7,9,205,ARCHER AVE,41.785602,-87.677121,09/09/2023 11:45:00 AM,2023
CR00028007,05/01/2022 06:22:00 PM,30,CLEAR,DAYLIGHT,SIDESWIPE SAME DIRECTION,NOT DIVIDED,NO CONTROLS,UNABLE TO DETERMINE,UNABLE TO DETERMINE,0,0,0,0,18,1,5,2474,CLARK ST,41.890558,-87.796452,05/01/2022 07:02:00 PM,2022
CR00028008,12/23/2023 08:22:00 AM,15,CLEAR,DAYLIGHT,TURNING,DIVIDED - W/MEDIAN (NOT RAISED),UNKNOWN,DISTRACTION - FROM INSIDE VEHICLE,IMPROPER LANE USAGE,0,0,0,0,8,7,12,2519,KEDZIE AVE,41.896281,-87.839129,12/23/2023 09:03:00 AM,2023
CR00028009,10/05/2019 12:52:00 PM,35,CLEAR,DAYLIGHT,TURNING,DIVIDED - W/MEDIAN BARRIER,NO CONTROLS,FAILING TO REDUCE SPEED,NOT APPLICABLE,0,0,0,0,12,7,10,1925,LAKE SHORE DR,41.743446,-87.658295,10/05/2019 02:33:00 PM,2019
CR00028010,08/07/2017 04:29:00 AM,35,CLEAR,DAYLIGHT,SIDESWIPE SAME DIRECTION,DIVIDED - W/MEDIAN (NOT RAISED),TRAFFIC SIGNAL,IMPROPER OVERTAKING/PASSING,FAILING TO YIELD RIGHT-OF-WAY,0,0,1,1,4,2,8,1661,ROOSEVELT RD,41.759864,-87.740539,08/07/2017 05:06:00 AM,2017
CR00028011,01/25/2016 07:44:00 AM,30,CLEAR,DAYLIGHT,PARKED MOTOR VEHICLE,DIVIDED - W/MEDIAN (NOT RAISED),STOP SIGN/FLASHER,UNABLE TO DETERMINE,IMPROPER LANE USAGE,0,0,0,0,7,2,1,2409,PULASKI RD,41.897718,-87.676673,01/25/2016 08:56:00 AM,2016
CR00028012,06/11/2022 12:26:00 PM,20,SNOW,DARKNESS - LIGHTED ROAD,PARKED MOTOR VEHICLE,DIVIDED - W/MEDIAN (NOT RAISED),NO CONTROLS,IMPROPER OVERTAKING/PASSING,NOT APPLICABLE,0,0,1,1,12,7,6,1715,CALIFORNIA AVE,41.995983,-87.678364,06/11/2022 01:18:00 PM,2022
CR00028013,09/21/2019 04:26:00 PM,30,RAIN,DAYLIGHT,SIDESWIPE SAME DIRECTION,NOT DIVIDED,NO CONTROLS,FOLLOWING TOO CLOSELY,NOT APPLICABLE,0,0,0,0,16,7,9,277,IRVING PARK RD,41.832759,-87.545553,09/21/2019 05:36:00 PM,2019
CR00028014,04/21/2024 08:12:00 AM,30,RAIN,DARKNESS - LIGHTED ROAD,TURNING,NOT DIVIDED,TRAFFIC SIGNAL,FOLLOWING TOO CLOSELY,FAILING TO YIELD RIGHT-OF-WAY,0,0,0,0,8,1,4,968,BROADWAY,41.852403,-87.83652,04/21/2024 09:11:00 AM,2024
CR00028015,09/26/2021 09:03:00 AM,30,SNOW,DARKNESS - LIGHTED ROAD,TURNING,DIVIDED - W/MEDIAN (NOT RAISED),NO CONTROLS,FAILING TO YIELD RIGHT-OF-WAY,DRIVING SKILLS/KNOWLEDGE/EXPERIENCE,0,0,0,0,9,1,9,1079,OGDEN AVE,41.945903,-87.763571,09/26/2021 09:47:00 AM,2021
CR00028016,06/14/2024 08:04:00 PM,30,RAIN,DAYLIGHT,REAR TO FRONT,DIVIDED - W/MEDIAN (NOT RAISED),TRAFFIC SIGNAL,WEATHER,NOT APPLICABLE,0,0,0,0,20,6,6,2285,MILWAUKEE AVE,41.995002,-87.661823,06/14/2024 08:15:00 PM,2024
CR00028017,10/06/2015 05:40:00 AM,30,CLEAR,DARKNESS - LIGHTED ROAD,ANGLE,NOT DIVIDED,NO CONTROLS,FOLLOWING TOO CLOSELY,NOT APPLICABLE,0,0,1,1,5,3,10,741,CICERO AVE,41.912228,-87.530007,10/06/2015 07:11:00 AM,2015
CR00028018,12/29/2015 10:41:00 AM,45,CLEAR,DAYLIGHT,PEDESTRIAN,NOT DIVIDED,NO CONTROLS,IMPROPER OVERTAKING/PASSING,UNABLE TO DETERMINE,0,0,3,3,10,3,12,911,DIVISION ST,41.848931,-87.578457,12/29/2015 12:21:00 PM,2015
CR00028019,02/02/2022 08:32:00 AM,25,CLEAR,DARKNESS,SIDESWIPE SAME DIRECTION,NOT DIVIDED,STOP SIGN/FLASHER,FOLLOWING TOO CLOSELY,IMPROPER OVERTAKING/PASSING,0,0,2,2,8,4,2,2165,LAKE SHORE DR,41.826296,-87.683796,02/02/2022 09:26:00 AM,2022
CR00028020,10/27/2022 07:19:00 AM,30,CLEAR,DAYLIGHT,TURNING,DIVIDED - W/MEDIAN (NOT RAISED),STOP SIGN/FLASHER,DISTRACTION - FROM INSIDE VEHICLE,DISREGARDING TRAFFIC SIGNALS,0,0,0,0,7,5,10,578,47TH ST,41.711224,-87.666551,10/27/2022 08:10:00 AM,2022
CR00028021,08/27/2015 10:18:00 AM,30,CLOUDY/OVERCAST,DARKNESS - LIGHTED ROAD,PARKED MOTOR VEHICLE,NOT DIVIDED,NO CONTROLS,FAILING TO YIELD RIGHT-OF-WAY,WEATHER,0,0,0,0,10,5,8,2157,79TH ST,41.84764,-87.800204,08/27/2015 11:25:00 AM,2015
CR00028022,10/28/2019 12:24:00 AM,35,CLEAR,DAYLIGHT,REAR END,NOT DIVIDED,TRAFFIC SIGNAL,UNABLE TO DETERMINE,NOT APPLICABLE,0,0,2,2,0,2,10,2208,CLARK ST,41.816432,-87.63265,10/28/2019 12:28:00 AM,2019
CR00028023,04/17/2019 10:06:00 AM,30,CLEAR,DARKNESS - LIGHTED ROAD,PEDESTRIAN,NOT DIVIDED,TRAFFIC SIGNAL,FAILING TO YIELD RIGHT-OF-WAY,FAILING TO REDUCE SPEED,0,0,0,0,10,4,4,1867,MILWAUKEE AVE,41.741214,-87.750351,04/17/2019 10:52:00 AM,2019
CR00028024,05/10/2018 12:11:00 PM,30,CLEAR,DARKNESS - LIGHTED ROAD,REAR TO FRONT,ONE-WAY,NO CONTROLS,UNABLE TO DETERMINE,IMPROPER OVERTAKING/PASSING,0,0,0,0,12,5,5,390,CICERO AVE,41.894672,-87.809743,05/10/2018 01:40:00 PM,2018
CR00028025,05/07/2016 08:46:00 AM,30,CLEAR,DARKNESS,PEDESTRIAN,NOT DIVIDED,NO CONTROLS,DRIVING SKILLS/KNOWLEDGE/EXPERIENCE,UNABLE TO DETERMINE,0,0,0,0,8,7,5,2402,OGDEN AVE,41.87349,-87.523099,05/07/2016 09:56:00 AM,2016
CR00028026,05/19/2024 02:36:00 AM,30,RAIN,DAYLIGHT,TURNING,DIVIDED - W/MEDIAN (NOT RAISED),TRAFFIC SIGNAL,FOLLOWING TOO CLOSELY,UNABLE TO DETERMINE,0,0,0,0,2,1,5,510,FULLERTON AVE,41.917627,-87.567632,05/19/2024 04:12:00 AM,2024
CR00028027,02/27/2016 10:20:00 AM,35,FREEZING RAIN/DRIZZLE,DAYLIGHT,REAR END,NOT DIVIDED,UNKNOWN,UNABLE TO DETERMINE,UNABLE TO DETERMINE,0,0,1,1,10,7,2,2384,STATE ST,41.892925,-87.79548,02/27/2016 10:42:00 AM,2016
CR00028028,01/10/2015 10:41:00 PM,25,CLEAR,DUSK,REAR END,NOT DIVIDED,TRAFFIC SIGNAL,IMPROPER OVERTAKING/PASSING,NOT APPLICABLE,0,0,0,0,22,7,1,830,WESTERN AVE,41.976823,-87.773309,01/10/2015 11:26:00 PM,2015
CR00028029,12/21/2021 10:10:00 AM,25,CLEAR,DAYLIGHT,REAR END,FOUR WAY,UNKNOWN,FOLLOWING TOO CLOSELY,IMPROPER OVERTAKING/PASSING,0,2,3,5,10,3,12,849,CLARK ST,41.850673,-87.739168,12/21/2021 11:11:00 AM,2021
CR00028030,02/17/2016 03:27:00 PM,25,RAIN,DAYLIGHT,REAR END,NOT DIVIDED,TRAFFIC SIGNAL,DISTRACTION - FROM INSIDE VEHICLE,UNABLE TO DETERMINE,0,1,2,3,15,4,2,1535,CICERO AVE,41.845304,-87.789434,02/17/2016 04:18:00 PM,2016
CR00028031,10/20/2023 10:09:00 AM,20,CLEAR,DARKNESS - LIGHTED ROAD,TURNING,T-INTERSECTION,NO CONTROLS,FAILING TO YIELD RIGHT-OF-WAY,FAILING TO YIELD RIGHT-OF-WAY,0,0,0,0,10,6,10,2077,HALSTED ST,41.757415,-87.750363,10/20/2023 11:01:00 AM,2023
CR00028032,10/03/2015 07:21:00 PM,40,CLEAR,DAYLIGHT,REAR TO FRONT,ONE-WAY,NO CONTROLS,IMPROPER OVERTAKING/PASSING,UNABLE TO DETERMINE,0,0,0,0,19,7,10,1129,CLARK ST,41.966101,-87.78831,10/03/2015 07:47:00 PM,2015
CR00028033,09/09/2017 05:30:00 PM,35,CLEAR,DUSK,REAR END,DIVIDED - W/MEDIAN BARRIER,PEDESTRIAN CROSSING SIGN,UNABLE TO DETERMINE,NOT APPLICABLE,0,0,0,0,17,7,9,201,BROADWAY,41.857832,-87.686562,09/09/2017 05:43:00 PM,2017
CR00028034,03/24/2021 05:43:00 PM,35,CLEAR,DARKNESS - LIGHTED ROAD,PEDESTRIAN,ONE-WAY,NO CONTROLS,DISTRACTION - FROM INSIDE VEHICLE,FOLLOWING TOO CLOSELY,0,0,0,0,17,4,3,2200,IRVING PARK RD,41.922266,-87.563745,03/24/2021 05:51:00 PM,2021
CR00028035,10/22/2018 01:53:00 PM,35,RAIN,DARKNESS,TURNING,NOT DIVIDED,NO CONTROLS,FAILING TO YIELD RIGHT-OF-WAY,DISTRACTION - FROM INSIDE VEHICLE,0,0,0,0,13,2,10,1610,MILWAUKEE AVE,41.707035,-87.737368,10/22/2018 03:53:00 PM,2018
CR00028036,05/28/2024 09:16:00 AM,15,RAIN,DAYLIGHT,REAR END,DIVIDED - W/MEDIAN (NOT RAISED),STOP SIGN/FLASHER,DISTRACTION - FROM INSIDE VEHICLE,IMPROPER LANE USAGE,0,0,1,1,9,3,5,2271,OGDEN AVE,41.868269,-87.612781,05/28/2024 10:53:00 AM,2024
CR00028037,02/08/2023 07:36:00 AM,25,CLEAR,DUSK,SIDESWIPE SAME DIRECTION,DIVIDED - W/MEDIAN BARRIER,TRAFFIC SIGNAL,FAILING TO YIELD RIGHT-OF-WAY,NOT APPLICABLE,0,0,0,0,7,4,2,379,ROOSEVELT RD,41.743507,-87.829721,02/08/2023 08:06:00 AM,2023
CR00028038,05/16/2016 07:18:00 AM,40,RAIN,DARKNESS - LIGHTED ROAD,REAR END,DIVIDED - W/MEDIAN BARRIER,TRAFFIC SIGNAL,IMPROPER LANE USAGE,FAILING TO REDUCE SPEED,0,0,0,0,7,2,5,1053,HALSTED ST,41.795295,-87.624739,05/16/2016 09:00:00 AM,2016
CR00028039,11/26/2021 03:15:00 PM,20,CLEAR,DARKNESS - LIGHTED ROAD,TURNING,FOUR WAY,NO CONTROLS,IMPROPER OVERTAKING/PASSING,UNABLE TO DETERMINE,0,0,0,0,15,6,11,331,47TH ST,41.907155,-87.832879,11/26/2021 03:59:00 PM,2021
CR00028040,05/03/2016 05:48:00 PM,40,CLOUDY/OVERCAST,DAYLIGHT,TURNING,NOT DIVIDED,TRAFFIC SIGNAL,UNABLE TO DETERMINE,NOT APPLICABLE,0,0,0,0,17,3,5,1235,OGDEN AVE,41.791585,-87.517714,05/03/2016 06:26:00 PM,2016
CR00028041,04/28/2019 02:53:00 PM,30,CLEAR,DAWN,REAR END,NOT DIVIDED,NO CONTROLS,IMPROPER LANE USAGE,DISTRACTION - FROM INSIDE VEHICLE,0,0,0,0,14,1,4,880,79TH ST,41.98957,-87.72454,04/28/2019 03:59:00 PM,2019
CR00028042,01/07/2015 10:44:00 PM,30,CLEAR,DARKNESS - LIGHTED ROAD,PARKED MOTOR VEHICLE,DIVIDED - W/MEDIAN (NOT RAISED),NO CONTROLS,FOLLOWING TOO CLOSELY,FAILING TO YIELD RIGHT-OF-WAY,0,0,0,0,22,4,1,1738,MICHIGAN AVE,41.781644,-87.562391,01/08/2015 12:34:00 AM,2015
CR00028043,01/02/2024 10:54:00 AM,30,CLEAR,DARKNESS - LIGHTED ROAD,PEDESTRIAN,NOT DIVIDED,PEDESTRIAN CROSSING SIGN,FOLLOWING TOO CLOSELY,UNABLE TO DETERMINE,0,0,0,0,10,3,1,2273,BROADWAY,41.875512,-87.601694,01/02/2024 12:27:00 PM,2024
CR00028044,03/23/2023 01:30:00 PM,35,CLEAR,DARKNESS - LIGHTED ROAD,TURNING,DIVIDED - W/MEDIAN (NOT RAISED),STOP SIGN/FLASHER,FAILING TO YIELD RIGHT-OF-WAY,FOLLOWING TOO CLOSELY,0,0,0,0,13,5,3,2255,47TH ST,41.992415,-87.532141,03/23/2023 02:57:00 PM,2023
CR00028045,11/30/2015 04:46:00 PM,25,SNOW,DAYLIGHT,PARKED MOTOR VEHICLE,ONE-WAY,NO CONTROLS,UNABLE TO DETERMINE,FOLLOWING TOO CLOSELY,0,0,0,0,16,2,11,470,ELSTON AVE,41.814667,-87.618205,11/30/2015 05:55:00 PM,2015
CR00028046,06/30/2021 10:26:00 PM,30,CLEAR,DAYLIGHT,SIDESWIPE SAME DIRECTION,DIVIDED - W/MEDIAN (NOT RAISED),TRAFFIC SIGNAL,UNABLE TO DETERMINE,FOLLOWING TOO CLOSELY,0,0,0,0,22,4,6,2506,ELSTON AVE,41.883494,-87.620161,06/30/2021 11:26:00 PM,2021
CR00028047,10/30/2022 05:14:00 PM,30,CLEAR,DARKNESS - LIGHTED ROAD,SIDESWIPE SAME DIRECTION,DIVIDED - W/MEDIAN (NOT RAISED),TRAFFIC SIGNAL,DRIVING SKILLS/KNOWLEDGE/EXPERIENCE,FAILING TO YIELD RIGHT-OF-WAY,0,0,0,0,17,1,10,1209,MICHIGAN AVE,41.913779,-87.702098,10/30/2022 07:06:00 PM,2022
CR00028048,07/23/2020 08:05:00 AM,25,FOG/SMOKE/HAZE,DARKNESS - LIGHTED ROAD,ANGLE,DIVIDED - W/MEDIAN BARRIER,UNKNOWN,UNABLE TO DETERMINE,IMPROPER LANE USAGE,0,2,3,5,8,5,7,1197,PULASKI RD,41.9416,-87.618297,07/23/2020 08:21:00 AM,2020
CR00028049,09/18/2021 04:55:00 AM,25,CLEAR,DARKNESS - LIGHTED ROAD,SIDESWIPE SAME DIRECTION,NOT DIVIDED,TRAFFIC SIGNAL,UNABLE TO DETERMINE,DRIVING SKILLS/KNOWLEDGE/EXPERIENCE,0,0,2,2,4,7,9,1423,ASHLAND AVE,41.952143,-87.783256,09/18/2021 05:37:00 AM,2021
CR00028050,05/12/2015 12:45:00 AM,15,CLEAR,DUSK,SIDESWIPE SAME DIRECTION,DIVIDED - W/MEDIAN BARRIER,UNKNOWN,WEATHER,FAILING TO REDUCE SPEED,0,0,0,0,0,3,5,2453,CALIFORNIA AVE,41.78449,-87.601991,05/12/2015 01:43:00 AM,2015
CR00028051,03/29/2020 01:03:00 PM,35,CLEAR,DAYLIGHT,ANGLE,NOT DIVIDED,TRAFFIC SIGNAL,UNABLE TO DETERMINE,DISTRACTION - FROM INSIDE VEHICLE,0,0,0,0,13,1,3,1030,DIVISION ST,41.877095,-87.587331,03/29/2020 01:48:00 PM,2020
CR00028052,11/27/2016 06:26:00 PM,35,CLEAR,DARKNESS - LIGHTED ROAD,REAR END,NOT DIVIDED,TRAFFIC SIGNAL,FAILING TO YIELD RIGHT-OF-WAY,NOT APPLICABLE,0,0,0,0,18,1,11,1274,ARCHER AVE,41.70895,-87.586165,11/27/2016 07:44:00 PM,2016
CR00028053,07/29/2016 07:53:00 AM,35,CLEAR,DARKNESS - LIGHTED ROAD,TURNING,DIVIDED - W/MEDIAN (NOT RAISED),NO CONTROLS,UNABLE TO DETERMINE,NOT APPLICABLE,0,0,0,0,7,6,7,1264,FULLERTON AVE,41.737008,-87.57755,07/29/2016 09:41:00 AM,2016
CR00028054,02/04/2021 09:02:00 AM,30,CLEAR,DAYLIGHT,REAR END,NOT DIVIDED,NO CONTROLS,IMPROPER OVERTAKING/PASSING,FAILING TO YIELD RIGHT-OF-WAY,0,0,0,0,9,5,2,557,HALSTED ST,41.84621,-87.813016,02/04/2021 11:00:00 AM,2021
CR00028055,01/01/2016 12:17:00 AM,30,CLEAR,DARKNESS - LIGHTED ROAD,SIDESWIPE SAME DIRECTION,ONE-WAY,STOP SIGN/FLASHER,UNABLE TO DETERMINE,FAILING TO REDUCE SPEED,0,0,1,1,0,6,1,628,BROADWAY,41.769105,-87.694305,01/01/2016 12:37:00 AM,2016
CR00028056,10/06/2018 02:18:00 PM,30,CLEAR,DAWN,TURNING,NOT DIVIDED,TRAFFIC SIGNAL,DISTRACTION - FROM INSIDE VEHICLE,UNABLE TO DETERMINE,0,0,0,0,14,7,10,259,BROADWAY,41.993673,-87.711999,10/06/2018 04:04:00 PM,2018
CR00028057,12/12/2022 11:43:00 AM,20,CLEAR,DAYLIGHT,PEDESTRIAN,NOT DIVIDED,UNKNOWN,DISREGARDING TRAFFIC SIGNALS,UNABLE TO DETERMINE,0,0,0,0,11,2,12,127,CALIFORNIA AVE,41.96843,-87.52911,12/12/2022 11:58:00 AM,2022
CR00028058,02/27/2021 03:07:00 PM,25,FREEZING RAIN/DRIZZLE,DAYLIGHT,ANGLE,DIVIDED - W/MEDIAN BARRIER,TRAFFIC SIGNAL,UNABLE TO DETERMINE,DISTRACTION - FROM INSIDE VEHICLE,0,0,0,0,15,7,2,1134,IRVING PARK RD,41.889106,-87.809495,02/27/2021 03:26:00 PM,2021
CR00028059,04/27/2016 11:22:00 AM,35,CLEAR,DAYLIGHT,REAR END,NOT DIVIDED,STOP SIGN/FLASHER,FOLLOWING TOO CLOSELY,DRIVING SKILLS/KNOWLEDGE/EXPERIENCE,0,0,0,0,11,4,4,2358,ROOSEVELT RD,41.889101,-87.743978,04/27/2016 01:06:00 PM,2016