CRASH_RECORD_ID,CRASH_DATE,POSTED_SPEED_LIMIT,WEATHER_CONDITION,LIGHTING_CONDITION,FIRST_CRASH_TYPE,TRAFFICWAY_TYPE,TRAFFIC_CONTROL_DEVICE,PRIM_CONTRIBUTORY_CAUSE,SEC_CONTRIBUTORY_CAUSE,INJURIES_FATAL,INJURIES_INCAPACITATING,INJURIES_NON_INCAPACITATING,INJURIES_TOTAL,CRASH_HOUR,CRASH_DAY_OF_WEEK,CRASH_MONTH,BEAT_OF_OCCURRENCE,STREET_NAME,LATITUDE,LONGITUDE,DATE_POLICE_NOTIFIED,year
CR00028060,06/19/2015 11:41:00 AM,25,SNOW,DARKNESS - LIGHTED ROAD,REAR END,ONE-WAY,TRAFFIC SIGNAL,FOLLOWING TOO CLOSELY,NOT APPLICABLE,0,0,0,0,11,6,6,1238,MICHIGAN AVE,41.827384,-87.836576,06/19/2015 11:57:00 AM,2015
CR00028061,09/29/2019 11:54:00 AM,35,CLEAR,DAYLIGHT,REAR END,DIVIDED - W/MEDIAN BARRIER,PEDESTRIAN CROSSING SIGN,FAILING TO REDUCE SPEED,NOT APPLICABLE,0,0,0,0,11,1,9,889,63RD ST,41.846234,-87.833726,09/29/2019 12:57:00 PM,2019
CR00028062,12/22/2017 08:48:00 AM,30,CLEAR,DARKNESS - LIGHTED ROAD,REAR END,NOT DIVIDED,TRAFFIC SIGNAL,FAILING TO YIELD RIGHT-OF-WAY,UNABLE TO DETERMINE,0,1,0,1,8,6,12,1873,CLARK ST,41.770207,-87.701125,12/22/2017 09:24:00 AM,2017
CR00028063,03/27/2024 01:24:00 AM,30,CLEAR,DAYLIGHT,SIDESWIPE SAME DIRECTION,FOUR WAY,NO CONTROLS,UNABLE TO DETERMINE,UNABLE TO DETERMINE,0,0,0,0,1,4,3,1673,47TH ST,41.766414,-87.836572,03/27/2024 01:35:00 AM,2024
CR00028064,04/18/2020 07:16:00 AM,15,CLEAR,DAYLIGHT,SIDESWIPE SAME DIRECTION,DIVIDED - W/MEDIAN (NOT RAISED),TRAFFIC SIGNAL,DRIVING SKILLS/KNOWLEDGE/EXPERIENCE,FOLLOWING TOO CLOSELY,0,0,0,0,7,7,4,2427,OGDEN AVE,41.820463,-87.55804,04/18/2020 08:15:00 AM,2020
CR00028065,01/13/2015 08:02:00 PM,45,SNOW,DARKNESS - LIGHTED ROAD,TURNING,NOT DIVIDED,NO CONTROLS,UNABLE TO DETERMINE,FOLLOWING TOO CLOSELY,0,0,1,1,20,3,1,2018,LAKE SHORE DR,41.822205,-87.831361,01/13/2015 09:41:00 PM,2015
CR00028066,10/14/2022 10:44:00 PM,45,RAIN,DAYLIGHT,TURNING,NOT DIVIDED,STOP SIGN/FLASHER,FOLLOWING TOO CLOSELY,UNABLE TO DETERMINE,0,0,0,0,22,6,10,2088,CLARK ST,41.72718,-87.77158,10/14/2022 11:10:00 PM,2022
CR00028067,10/15/2015 11:33:00 AM,35,CLEAR,DAYLIGHT,SIDESWIPE SAME DIRECTION,T-INTERSECTION,TRAFFIC SIGNAL,UNABLE TO DETERMINE,DRIVING SKILLS/KNOWLEDGE/EXPERIENCE,0,0,1,1,11,5,10,201,BROADWAY,41.753365,-87.725544,10/15/2015 11:38:00 AM,2015
CR00028068,07/30/2022 06:13:00 PM,45,SNOW,DAYLIGHT,REAR TO FRONT,NOT DIVIDED,TRAFFIC SIGNAL,DRIVING SKILLS/KNOWLEDGE/EXPERIENCE,FOLLOWING TOO CLOSELY,0,0,0,0,18,7,7,1364,ROOSEVELT RD,41.781508,-87.696557,07/30/2022 06:43:00 PM,2022
CR00028069,07/09/2019 04:51:00 PM,40,CLEAR,DAYLIGHT,SIDESWIPE SAME DIRECTION,ONE-WAY,NO CONTROLS,FAILING TO YIELD RIGHT-OF-WAY,FAILING TO REDUCE SPEED,0,0,2,2,16,3,7,641,DIVISION ST,41.945621,-87.835852,07/09/2019 06:40:00 PM,2019
CR00028070,10/12/2019 07:51:00 AM,30,CLEAR,DAYLIGHT,REAR END,DIVIDED - W/MEDIAN BARRIER,STOP SIGN/FLASHER,UNABLE TO DETERMINE,UNABLE TO DETERMINE,0,0,0,0,7,7,10,1567,STONY ISLAND AVE,41.999307,-87.828106,10/12/2019 08:54:00 AM,2019
CR00028071,09/08/2021 05:06:00 PM,15,CLEAR,DARKNESS - LIGHTED ROAD,SIDESWIPE SAME DIRECTION,DIVIDED - W/MEDIAN (NOT RAISED),STOP SIGN/FLASHER,UNABLE TO DETERMINE,DRIVING SKILLS/KNOWLEDGE/EXPERIENCE,0,0,0,0,17,4,9,793,ROOSEVELT RD,41.962478,-87.545224,09/08/2021 06:06:00 PM,2021
CR00028072,02/24/2021 03:55:00 AM,30,RAIN,DAYLIGHT,SIDESWIPE SAME DIRECTION,NOT DIVIDED,NO CONTROLS,FOLLOWING TOO CLOSELY,FAILING TO YIELD RIGHT-OF-WAY,0,0,0,0,3,4,2,2005,CICERO AVE,41.852342,-87.706897,02/24/2021 05:38:00 AM,2021
CR00028073,12/03/2021 04:13:00 PM,20,CLEAR,DAYLIGHT,SIDESWIPE SAME DIRECTION,ONE-WAY,STOP SIGN/FLASHER,IMPROPER OVERTAKING/PASSING,IMPROPER OVERTAKING/PASSING,0,0,0,0,16,6,12,560,ELSTON AVE,41.805605,-87.706846,12/03/2021 04:35:00 PM,2021
CR00028074,05/16/2022 01:54:00 PM,30,CLEAR,DAYLIGHT,SIDESWIPE SAME DIRECTION,DIVIDED - W/MEDIAN (NOT RAISED),STOP SIGN/FLASHER,UNABLE TO DETERMINE,FOLLOWING TOO CLOSELY,0,0,0,0,13,2,5,710,BROADWAY,41.920967,-87.624285,05/16/2022 03:34:00 PM,2022
CR00028075,03/21/2020 01:20:00 PM,30,CLEAR,DAYLIGHT,FIXED OBJECT,T-INTERSECTION,TRAFFIC SIGNAL,DISREGARDING TRAFFIC SIGNALS,FAILING TO REDUCE SPEED,0,0,0,0,13,7,3,226,ARCHER AVE,41.832982,-87.730987,03/21/2020 01:59:00 PM,2020
CR00028076,01/25/2015 11:53:00 AM,20,CLEAR,DAYLIGHT,REAR TO FRONT,DIVIDED - W/MEDIAN (NOT RAISED),UNKNOWN,UNABLE TO DETERMINE,IMPROPER OVERTAKING/PASSING,0,0,0,0,11,1,1,2285,79TH ST,41.883707,-87.782891,01/25/2015 12:54:00 PM,2015
CR00028077,11/15/2018 07:47:00 AM,30,CLEAR,DAYLIGHT,REAR END,DIVIDED - W/MEDIAN (NOT RAISED),PEDESTRIAN CROSSING SIGN,UNABLE TO DETERMINE,DRIVING SKILLS/KNOWLEDGE/EXPERIENCE,0,0,0,0,7,5,11,2484,IRVING PARK RD,41.911854,-87.541628,11/15/2018 08:24:00 AM,2018
CR00028078,07/11/2018 10:18:00 AM,20,RAIN,DARKNESS - LIGHTED ROAD,TURNING,NOT DIVIDED,NO CONTROLS,UNABLE TO DETERMINE,FAILING TO YIELD RIGHT-OF-WAY,0,0,0,0,10,4,7,1329,CICERO AVE,41.966578,-87.546686,07/11/2018 12:18:00 PM,2018
CR00028079,10/11/2018 08:08:00 AM,35,CLEAR,DAWN,TURNING,ONE-WAY,NO CONTROLS,DISTRACTION - FROM INSIDE VEHICLE,UNABLE TO DETERMINE,0,0,0,0,8,5,10,2280,47TH ST,41.724804,-87.818724,10/11/2018 09:06:00 AM,2018
CR00028080,07/14/2017 01:17:00 AM,35,CLEAR,DARKNESS - LIGHTED ROAD,ANGLE,DIVIDED - W/MEDIAN (NOT RAISED),NO CONTROLS,IMPROPER OVERTAKING/PASSING,NOT APPLICABLE,0,0,3,3,1,6,7,1566,DIVISION ST,41.7395,-87.820809,07/14/2017 01:28:00 AM,2017
CR00028081,07/24/2022 02:37:00 PM,25,CLEAR,DAYLIGHT,REAR TO FRONT,ONE-WAY,TRAFFIC SIGNAL,UNABLE TO DETERMINE,DISREGARDING TRAFFIC SIGNALS,0,0,0,0,14,1,7,508,PULASKI RD,41.742417,-87.550997,07/24/2022 03:13:00 PM,2022
CR00028082,06/10/2017 06:50:00 PM,35,SNOW,DARKNESS - LIGHTED ROAD,PARKED MOTOR VEHICLE,DIVIDED - W/MEDIAN (NOT RAISED),TRAFFIC SIGNAL,UNABLE TO DETERMINE,UNABLE TO DETERMINE,0,0,0,0,18,7,6,193,DIVISION ST,41.77172,-87.775372,06/10/2017 08:15:00 PM,2017
CR00028083,01/12/2015 07:47:00 AM,45,CLEAR,DAYLIGHT,PEDESTRIAN,FOUR WAY,YIELD,FAILING TO REDUCE SPEED,FOLLOWING TOO CLOSELY,0,0,0,0,7,2,1,2099,MICHIGAN AVE,41.818046,-87.843252,01/12/2015 08:59:00 AM,2015
CR00028084,08/02/2017 03:10:00 PM,20,CLEAR,DUSK,REAR END,NOT DIVIDED,NO CONTROLS,IMPROPER OVERTAKING/PASSING,UNABLE TO DETERMINE,0,0,0,0,15,4,8,2088,ELSTON AVE,41.910853,-87.551168,08/02/2017 05:07:00 PM,2017
CR00028085,01/12/2021 02:16:00 PM,40,SNOW,DAYLIGHT,FIXED OBJECT,DIVIDED - W/MEDIAN BARRIER,NO CONTROLS,DISTRACTION - FROM INSIDE VEHICLE,FOLLOWING TOO CLOSELY,0,0,1,1,14,3,1,2315,ASHLAND AVE,41.766384,-87.649357,01/12/2021 02:35:00 PM,2021
CR00028086,07/15/2015 04:23:00 PM,40,CLOUDY/OVERCAST,DAYLIGHT,REAR END,ONE-WAY,STOP SIGN/FLASHER,UNABLE TO DETERMINE,DRIVING SKILLS/KNOWLEDGE/EXPERIENCE,0,0,0,0,16,4,7,1318,LAKE SHORE DR,41.840129,-87.70477,07/15/2015 05:35:00 PM,2015
CR00028087,01/31/2022 07:39:00 AM,30,CLEAR,DUSK,TURNING,FOUR WAY,NO CONTROLS,DRIVING SKILLS/KNOWLEDGE/EXPERIENCE,FAILING TO REDUCE SPEED,0,0,1,1,7,2,1,1225,DIVISION ST,41.889693,-87.660703,01/31/2022 08:57:00 AM,2022
CR00028088,10/22/2019 09:49:00 AM,40,RAIN,DAYLIGHT,TURNING,DIVIDED - W/MEDIAN (NOT RAISED),NO CONTROLS,IMPROPER OVERTAKING/PASSING,FOLLOWING TOO CLOSELY,0,0,3,3,9,3,10,198,CLARK ST,41.896512,-87.751988,10/22/2019 11:17:00 AM,2019
CR00028089,05/05/2019 05:42:00 PM,20,CLOUDY/OVERCAST,DAYLIGHT,SIDESWIPE SAME DIRECTION,NOT DIVIDED,NO CONTROLS,DRIVING SKILLS/KNOWLEDGE/EXPERIENCE,FAILING TO YIELD RIGHT-OF-WAY,0,0,1,1,17,1,5,635,WESTERN AVE,41.939827,-87.612733,05/05/2019 06:37:00 PM,2019
CR00028090,06/25/2021 07:30:00 PM,45,CLEAR,DAYLIGHT,REAR END,ONE-WAY,STOP SIGN/FLASHER,FOLLOWING TOO CLOSELY,FAILING TO REDUCE SPEED,0,0,0,0,19,6,6,1358,OGDEN AVE,41.946993,-87.707396,06/25/2021 08:52:00 PM,2021
CR00028091,05/18/2015 12:26:00 PM,30,CLEAR,DAYLIGHT,REAR END,FOUR WAY,NO CONTROLS,UNABLE TO DETERMINE,IMPROPER OVERTAKING/PASSING,0,0,0,0,12,2,5,2055,47TH ST,41.862646,-87.551579,05/18/2015 12:42:00 PM,2015
CR00028092,07/27/2017 07:49:00 AM,35,CLOUDY/OVERCAST,DAYLIGHT,REAR END,NOT DIVIDED,TRAFFIC SIGNAL,IMPROPER LANE USAGE,UNABLE TO DETERMINE,0,0,0,0,7,5,7,2473,WESTERN AVE,41.730403,-87.824235,07/27/2017 09:47:00 AM,2017
CR00028093,01/08/2016 12:16:00 PM,40,CLEAR,DAYLIGHT,TURNING,NOT DIVIDED,NO CONTROLS,FAILING TO YIELD RIGHT-OF-WAY,NOT APPLICABLE,0,0,1,1,12,6,1,858,STATE ST,41.957094,-87.828392,01/08/2016 01:03:00 PM,2016
CR00028094,06/21/2022 05:43:00 PM,30,CLEAR,DUSK,ANGLE,NOT DIVIDED,NO CONTROLS,UNABLE TO DETERMINE,FOLLOWING TOO CLOSELY,0,0,0,0,17,3,6,1229,FULLERTON AVE,41.748608,-87.582235,06/21/2022 05:58:00 PM,2022
CR00028095,11/13/2019 01:15:00 PM,20,CLEAR,DAYLIGHT,SIDESWIPE SAME DIRECTION,NOT DIVIDED,NO CONTROLS,UNABLE TO DETERMINE,FAILING TO REDUCE SPEED,0,0,0,0,13,4,11,1065,ARCHER AVE,41.889515,-87.769289,11/13/2019 02:38:00 PM,2019
CR00028096,02/20/2015 07:50:00 PM,35,CLEAR,DAWN,ANGLE,DIVIDED - W/MEDIAN (NOT RAISED),STOP SIGN/FLASHER,DRIVING SKILLS/KNOWLEDGE/EXPERIENCE,UNABLE TO DETERMINE,0,0,0,0,19,6,2,2430,OGDEN AVE,41.98513,-87.698024,02/20/2015 08:25:00 PM,2015
CR00028097,02/09/2018 06:46:00 AM,25,RAIN,DAYLIGHT,REAR END,ONE-WAY,UNKNOWN,DRIVING SKILLS/KNOWLEDGE/EXPERIENCE,FAILING TO REDUCE SPEED,0,0,0,0,6,6,2,108,ELSTON AVE,41.99467,-87.583392,02/09/2018 07:30:00 AM,2018
CR00028098,09/14/2016 07:52:00 AM,25,CLEAR,DARKNESS - LIGHTED ROAD,REAR END,DIVIDED - W/MEDIAN (NOT RAISED),TRAFFIC SIGNAL,FOLLOWING TOO CLOSELY,UNABLE TO DETERMINE,0,0,2,2,7,4,9,1277,IRVING PARK RD,41.982396,-87.59728,09/14/2016 08:11:00 AM,2016
CR00028099,09/02/2020 07:48:00 PM,20,CLEAR,DAYLIGHT,REAR END,T-INTERSECTION,STOP SIGN/FLASHER,IMPROPER LANE USAGE,IMPROPER OVERTAKING/PASSING,0,0,0,0,19,4,9,1367,ARCHER AVE,41.946818,-87.742537,09/02/2020 09:41:00 PM,2020
CR00028100,11/02/2018 01:15:00 PM,20,CLEAR,DAYLIGHT,FIXED OBJECT,DIVIDED - W/MEDIAN BARRIER,NO CONTROLS,UNABLE TO DETERMINE,DRIVING SKILLS/KNOWLEDGE/EXPERIENCE,0,0,0,0,13,6,11,201,CICERO AVE,41.841763,-87.58772,11/02/2018 02:56:00 PM,2018
CR00028101,12/11/2017 07:03:00 AM,25,CLEAR,DAYLIGHT,ANGLE,DIVIDED - W/MEDIAN (NOT RAISED),TRAFFIC SIGNAL,WEATHER,DISREGARDING TRAFFIC SIGNALS,0,0,0,0,7,2,12,286,79TH ST,41.878961,-87.688511,12/11/2017 07:32:00 AM,2017
CR00028102,10/28/2021 05:00:00 PM,30,CLEAR,DARKNESS - LIGHTED ROAD,TURNING,NOT DIVIDED,TRAFFIC SIGNAL,FOLLOWING TOO CLOSELY,DRIVING SKILLS/KNOWLEDGE/EXPERIENCE,0,0,0,0,17,5,10,120,ASHLAND AVE,41.984917,-87.712602,10/28/2021 06:25:00 PM,2021
CR00028103,08/22/2024 04:15:00 AM,35,SNOW,DAYLIGHT,SIDESWIPE SAME DIRECTION,ONE-WAY,NO CONTROLS,UNABLE TO DETERMINE,UNABLE TO DETERMINE,0,0,0,0,4,5,8,1055,MICHIGAN AVE,41.847056,-87.846295,08/22/2024 05:40:00 AM,2024
CR00028104,06/15/2024 03:41:00 PM,35,CLEAR,DARKNESS - LIGHTED ROAD,PEDESTRIAN,DIVIDED - W/MEDIAN (NOT RAISED),UNKNOWN,UNABLE TO DETERMINE,NOT APPLICABLE,0,0,0,0,15,7,6,695,WESTERN AVE,41.732729,-87.684229,06/15/2024 04:48:00 PM,2024
CR00028105,10/14/2020 07:48:00 AM,45,CLEAR,DAYLIGHT,ANGLE,NOT DIVIDED,TRAFFIC SIGNAL,FAILING TO REDUCE SPEED,UNABLE TO DETERMINE,0,0,0,0,7,4,10,1443,79TH ST,41.714571,-87.601938,10/14/2020 09:08:00 AM,2020
CR00028106,01/31/2021 08:37:00 AM,40,CLEAR,DAYLIGHT,ANGLE,T-INTERSECTION,STOP SIGN/FLASHER,UNABLE TO DETERMINE,FOLLOWING TOO CLOSELY,0,0,0,0,8,1,1,2196,63RD ST,41.832754,-87.674737,01/31/2021 10:32:00 AM,2021
CR00028107,03/04/2022 11:55:00 AM,35,CLEAR,DARKNESS - LIGHTED ROAD,REAR END,NOT DIVIDED,TRAFFIC SIGNAL,FAILING TO YIELD RIGHT-OF-WAY,DRIVING SKILLS/KNOWLEDGE/EXPERIENCE,0,0,0,0,11,6,3,570,STATE ST,41.763106,-87.827586,03/04/2022 01:29:00 PM,2022
CR00028108,12/08/2019 08:48:00 AM,35,CLEAR,DAYLIGHT,PARKED MOTOR VEHICLE,DIVIDED - W/MEDIAN BARRIER,NO CONTROLS,FAILING TO REDUCE SPEED,UNABLE TO DETERMINE,0,0,0,0,8,1,12,1885,MICHIGAN AVE,41.897186,-87.67586,12/08/2019 10:27:00 AM,2019
CR00028109,12/07/2019 06:22:00 PM,15,CLEAR,DARKNESS - LIGHTED ROAD,PEDESTRIAN,NOT DIVIDED,NO CONTROLS,DISREGARDING TRAFFIC SIGNALS,FAILING TO YIELD RIGHT-OF-WAY,0,0,0,0,18,7,12,622,IRVING PARK RD,41.798754,-87.74759,12/07/2019 07:04:00 PM,2019
CR00028110,04/17/2023 04:08:00 PM,35,SNOW,DUSK,FIXED OBJECT,NOT DIVIDED,NO CONTROLS,IMPROPER OVERTAKING/PASSING,DISREGARDING TRAFFIC SIGNALS,0,0,0,0,16,2,4,1913,STATE ST,41.928623,-87.564509,04/17/2023 04:44:00 PM,2023
CR00028111,07/11/2023 08:29:00 AM,15,CLEAR,DARKNESS - LIGHTED ROAD,ANGLE,NOT DIVIDED,NO CONTROLS,IMPROPER OVERTAKING/PASSING,IMPROPER OVERTAKING/PASSING,0,0,0,0,8,3,7,439,FULLERTON AVE,41.915888,-87.547059,07/11/2023 09:50:00 AM,2023
CR00028112,04/09/2016 11:29:00 AM,20,CLEAR,DAYLIGHT,REAR TO FRONT,FOUR WAY,NO CONTROLS,UNABLE TO DETERMINE,FOLLOWING TOO CLOSELY,0,0,0,0,11,7,4,1704,STATE ST,41.736398,-87.824667,04/09/2016 12:44:00 PM,2016
CR00028113,01/20/2021 04:18:00 AM,35,CLEAR,DARKNESS - LIGHTED ROAD,FIXED OBJECT,DIVIDED - W/MEDIAN (NOT RAISED),UNKNOWN,FAILING TO YIELD RIGHT-OF-WAY,NOT APPLICABLE,0,0,0,0,4,4,1,550,OGDEN AVE,41.704525,-87.820478,01/20/2021 05:45:00 AM,2021
CR00028114,09/14/2016 04:46:00 PM,35,CLOUDY/OVERCAST,DAYLIGHT,TURNING,NOT DIVIDED,STOP SIGN/FLASHER,FAILING TO YIELD RIGHT-OF-WAY,NOT APPLICABLE,0,0,0,0,16,4,9,1570,79TH ST,41.833887,-87.555838,09/14/2016 06:36:00 PM,2016
CR00028115,08/23/2020 04:00:00 PM,35,CLEAR,DARKNESS - LIGHTED ROAD,PEDESTRIAN,NOT DIVIDED,TRAFFIC SIGNAL,IMPROPER OVERTAKING/PASSING,UNABLE TO DETERMINE,0,0,0,0,16,1,8,674,DAMEN AVE,41.918371,-87.753088,08/23/2020 04:42:00 PM,2020
CR00028116,10/23/2016 09:57:00 AM,45,CLEAR,DAYLIGHT,PARKED MOTOR VEHICLE,DIVIDED - W/MEDIAN (NOT RAISED),NO CONTROLS,DRIVING SKILLS/KNOWLEDGE/EXPERIENCE,FOLLOWING TOO CLOSELY,0,0,1,1,9,1,10,278,IRVING PARK RD,41.894499,-87.767493,10/23/2016 10:33:00 AM,2016
CR00028117,10/26/2017 07:03:00 PM,15,CLEAR,DAYLIGHT,FIXED OBJECT,NOT DIVIDED,TRAFFIC SIGNAL,IMPROPER OVERTAKING/PASSING,DRIVING SKILLS/KNOWLEDGE/EXPERIENCE,0,0,0,0,19,5,10,205,WESTERN AVE,41.83247,-87.702262,10/26/2017 08:24:00 PM,2017
CR00028118,10/21/2020 02:19:00 PM,35,CLEAR,DARKNESS - LIGHTED ROAD,REAR END,NOT DIVIDED,TRAFFIC SIGNAL,DISREGARDING TRAFFIC SIGNALS,UNABLE TO DETERMINE,0,0,0,0,14,4,10,878,MILWAUKEE AVE,41.885191,-87.645943,10/21/2020 02:28:00 PM,2020
CR00028119,03/18/2024 12:21:00 PM,30,CLOUDY/OVERCAST,DARKNESS - LIGHTED ROAD,ANGLE,T-INTERSECTION,NO CONTROLS,UNABLE TO DETERMINE,DISREGARDING TRAFFIC SIGNALS,0,0,0,0,12,2,3,540,ELSTON AVE,41.969014,-87.654222,03/18/2024 12:56:00 PM,2024
CR00028120,05/27/2015 11:12:00 PM,40,FOG/SMOKE/HAZE,DUSK,REAR END,NOT DIVIDED,TRAFFIC SIGNAL,FOLLOWING TOO CLOSELY,FAILING TO YIELD RIGHT-OF-WAY,0,0,0,0,23,4,5,2131,DIVISION ST,41.786557,-87.631116,05/28/2015 12:08:00 AM,2015
CR00028121,01/16/2019 06:03:00 PM,20,CLEAR,DAYLIGHT,ANGLE,DIVIDED - W/MEDIAN BARRIER,STOP SIGN/FLASHER,FOLLOWING TOO CLOSELY,DISREGARDING TRAFFIC SIGNALS,0,0,0,0,18,4,1,385,LAKE SHORE DR,41.856607,-87.685239,01/16/2019 07:06:00 PM,2019
CR00028122,01/21/2018 02:16:00 PM,30,CLEAR,DAWN,SIDESWIPE SAME DIRECTION,DIVIDED - W/MEDIAN (NOT RAISED),TRAFFIC SIGNAL,UNABLE TO DETERMINE,FOLLOWING TOO CLOSELY,0,0,0,0,14,1,1,1714,WESTERN AVE,41.956405,-87.595701,01/21/2018 03:14:00 PM,2018
CR00028123,10/11/2016 12:17:00 PM,45,CLEAR,DAYLIGHT,REAR TO FRONT,DIVIDED - W/MEDIAN (NOT RAISED),UNKNOWN,UNABLE TO DETERMINE,IMPROPER OVERTAKING/PASSING,0,0,0,0,12,3,10,1428,DAMEN AVE,41.727201,-87.803156,10/11/2016 01:56:00 PM,2016
CR00028124,09/17/2024 07:58:00 AM,15,SNOW,DAYLIGHT,SIDESWIPE SAME DIRECTION,DIVIDED - W/MEDIAN (NOT RAISED),NO CONTROLS,FAILING TO REDUCE SPEED,IMPROPER LANE USAGE,0,0,0,0,7,3,9,312,BROADWAY,41.847758,-87.586247,09/17/2024 09:50:00 AM,2024
CR00028125,04/21/2016 06:10:00 PM,35,CLEAR,DARKNESS - LIGHTED ROAD,PARKED MOTOR VEHICLE,DIVIDED - W/MEDIAN (NOT RAISED),NO CONTROLS,FOLLOWING TOO CLOSELY,UNABLE TO DETERMINE,0,0,3,3,18,5,4,344,MICHIGAN AVE,41.849177,-87.625453,04/21/2016 07:28:00 PM,2016
CR00028126,12/25/2015 09:23:00 PM,20,CLEAR,DARKNESS - LIGHTED ROAD,REAR END,NOT DIVIDED,NO CONTROLS,UNABLE TO DETERMINE,FOLLOWING TOO CLOSELY,0,0,0,0,21,6,12,767,IRVING PARK RD,41.91358,-87.581467,12/25/2015 09:46:00 PM,2015
CR00028127,12/13/2022 12:10:00 PM,15,CLEAR,DARKNESS - LIGHTED ROAD,ANGLE,DIVIDED - W/MEDIAN (NOT RAISED),NO CONTROLS,UNABLE TO DETERMINE,UNABLE TO DETERMINE,0,0,0,0,12,3,12,1437,OGDEN AVE,41.902915,-87.696541,12/13/2022 01:22:00 PM,2022
CR00028128,10/30/2024 02:25:00 AM,30,FREEZING RAIN/DRIZZLE,DARKNESS - LIGHTED ROAD,TURNING,FOUR WAY,YIELD,UNABLE TO DETERMINE,UNABLE TO DETERMINE,0,0,0,0,2,4,10,1529,MILWAUKEE AVE,41.740601,-87.618229,10/30/2024 03:35:00 AM,2024
CR00028129,10/15/2015 07:33:00 PM,35,CLOUDY/OVERCAST,DAYLIGHT,REAR TO FRONT,DIVIDED - W/MEDIAN BARRIER,STOP SIGN/FLASHER,UNABLE TO DETERMINE,UNABLE TO DETERMINE,0,0,0,0,19,5,10,1459,CALIFORNIA AVE,41.965663,-87.535101,10/15/2015 07:47:00 PM,2015
CR00028130,03/30/2024 08:08:00 PM,30,CLEAR,DARKNESS - LIGHTED ROAD,PARKED MOTOR VEHICLE,NOT DIVIDED,TRAFFIC SIGNAL,FOLLOWING TOO CLOSELY,UNABLE TO DETERMINE,0,0,0,0,20,7,3,2306,79TH ST,41.976917,-87.730827,03/30/2024 09:26:00 PM,2024
CR00028131,08/18/2017 05:57:00 PM,35,CLEAR,DAYLIGHT,FIXED OBJECT,FOUR WAY,YIELD,FAILING TO YIELD RIGHT-OF-WAY,DRIVING SKILLS/KNOWLEDGE/EXPERIENCE,0,1,1,2,17,6,8,2446,IRVING PARK RD,41.707148,-87.836317,08/18/2017 06:48:00 PM,2017
CR00028132,06/21/2018 05:56:00 AM,30,RAIN,DAYLIGHT,TURNING,NOT DIVIDED,TRAFFIC SIGNAL,FOLLOWING TOO CLOSELY,FAILING TO YIELD RIGHT-OF-WAY,0,0,0,0,5,5,6,1576,ARCHER AVE,41.865491,-87.823573,06/21/2018 07:48:00 AM,2018
CR00028133,05/01/2023 05:10:00 PM,25,CLEAR,DAYLIGHT,REAR END,DIVIDED - W/MEDIAN (NOT RAISED),TRAFFIC SIGNAL,DRIVING SKILLS/KNOWLEDGE/EXPERIENCE,NOT APPLICABLE,0,0,0,0,17,2,5,1982,79TH ST,41.859415,-87.760426,05/01/2023 05:39:00 PM,2023
CR00028134,01/28/2021 04:09:00 PM,40,CLEAR,DAYLIGHT,ANGLE,DIVIDED - W/MEDIAN BARRIER,TRAFFIC SIGNAL,DISTRACTION - FROM INSIDE VEHICLE,IMPROPER OVERTAKING/PASSING,0,0,0,0,16,5,1,2531,LAKE SHORE DR,41.961518,-87.632429,01/28/2021 05:11:00 PM,2021
CR00028135,02/11/2022 07:35:00 PM,35,CLOUDY/OVERCAST,DAYLIGHT,TURNING,NOT DIVIDED,NO CONTROLS,FAILING TO YIELD RIGHT-OF-WAY,UNABLE TO DETERMINE,0,0,0,0,19,6,2,617,CALIFORNIA AVE,41.881159,-87.510257,02/11/2022 08:08:00 PM,2022
CR00028136,07/20/2022 02:29:00 AM,45,CLOUDY/OVERCAST,DAYLIGHT,TURNING,NOT DIVIDED,NO CONTROLS,FOLLOWING TOO CLOSELY,IMPROPER OVERTAKING/PASSING,0,0,0,0,2,4,7,2294,BROADWAY,41.902705,-87.603762,07/20/2022 04:19:00 AM,2022
CR00028137,01/20/2016 12:55:00 PM,35,CLEAR,DARKNESS - LIGHTED ROAD,SIDESWIPE SAME DIRECTION,DIVIDED - W/MEDIAN (NOT RAISED),STOP SIGN/FLASHER,UNABLE TO DETERMINE,IMPROPER LANE USAGE,0,0,0,0,12,4,1,2492,HALSTED ST,41.883224,-87.707726,01/20/2016 02:08:00 PM,2016
CR00028138,02/02/2018 07:21:00 PM,30,CLEAR,DARKNESS,TURNING,NOT DIVIDED,NO CONTROLS,UNABLE TO DETERMINE,FOLLOWING TOO CLOSELY,0,0,0,0,19,6,2,1396,CLARK ST,41.713773,-87.835621,02/02/2018 08:11:00 PM,2018
CR00028139,01/03/2017 06:34:00 PM,20,CLEAR,DUSK,ANGLE,DIVIDED - W/MEDIAN BARRIER,TRAFFIC SIGNAL,UNABLE TO DETERMINE,FAILING TO YIELD RIGHT-OF-WAY,0,0,0,0,18,3,1,969,BROADWAY,41.865719,-87.663815,01/03/2017 06:55:00 PM,2017
CR00028140,03/01/2021 07:48:00 PM,35,CLEAR,DARKNESS - LIGHTED ROAD,REAR TO FRONT,NOT DIVIDED,TRAFFIC SIGNAL,FOLLOWING TOO CLOSELY,FOLLOWING TOO CLOSELY,0,0,0,0,19,2,3,2329,47TH ST,41.89934,-87.814657,03/01/2021 08:54:00 PM,2021