CRASH_RECORD_ID,CRASH_DATE,POSTED_SPEED_LIMIT,WEATHER_CONDITION,LIGHTING_CONDITION,FIRST_CRASH_TYPE,TRAFFICWAY_TYPE,TRAFFIC_CONTROL_DEVICE,PRIM_CONTRIBUTORY_CAUSE,SEC_CONTRIBUTORY_CAUSE,INJURIES_FATAL,INJURIES_INCAPACITATING,INJURIES_NON_INCAPACITATING,INJURIES_TOTAL,CRASH_HOUR,CRASH_DAY_OF_WEEK,CRASH_MONTH,BEAT_OF_OCCURRENCE,STREET_NAME,LATITUDE,LONGITUDE,DATE_POLICE_NOTIFIED,year
CR00028141,05/02/2019 05:31:00 AM,15,CLEAR,DAYLIGHT,PARKED MOTOR VEHICLE,ONE-WAY,TRAFFIC SIGNAL,IMPROPER LANE USAGE,DRIVING SKILLS/KNOWLEDGE/EXPERIENCE,0,0,0,0,5,5,5,169,79TH ST,41.896339,-87.711737,05/02/2019 06:02:00 AM,2019
CR00028142,11/21/2024 07:41:00 AM,35,CLEAR,DARKNESS - LIGHTED ROAD,SIDESWIPE SAME DIRECTION,NOT DIVIDED,NO CONTROLS,UNABLE TO DETERMINE,IMPROPER LANE USAGE,0,0,0,0,7,5,11,1229,DAMEN AVE,41.958723,-87.802459,11/21/2024 09:00:00 AM,2024
CR00028143,11/09/2020 04:51:00 PM,35,RAIN,DARKNESS - LIGHTED ROAD,ANGLE,NOT DIVIDED,TRAFFIC SIGNAL,UNABLE TO DETERMINE,UNABLE TO DETERMINE,0,0,0,0,16,2,11,1394,ROOSEVELT RD,41.95582,-87.769682,11/09/2020 04:56:00 PM,2020
CR00028144,06/22/2023 01:29:00 AM,35,CLEAR,DARKNESS - LIGHTED ROAD,TURNING,FOUR WAY,TRAFFIC SIGNAL,UNABLE TO DETERMINE,NOT APPLICABLE,0,0,3,3,1,5,6,112,MILWAUKEE AVE,41.743072,-87.6234,06/22/2023 03:09:00 AM,2023
CR00028145,05/12/2023 07:38:00 AM,40,CLEAR,DARKNESS - LIGHTED ROAD,REAR END,DIVIDED - W/MEDIAN BARRIER,YIELD,IMPROPER OVERTAKING/PASSING,UNABLE TO DETERMINE,0,0,1,1,7,6,5,805,IRVING PARK RD,41.883593,-87.546596,05/12/2023 08:11:00 AM,2023
CR00028146,04/02/2015 07:55:00 AM,15,RAIN,DARKNESS - LIGHTED ROAD,REAR END,ONE-WAY,NO CONTROLS,UNABLE TO DETERMINE,FOLLOWING TOO CLOSELY,0,0,0,0,7,5,4,2418,PULASKI RD,41.851891,-87.668597,04/02/2015 08:59:00 AM,2015
CR00028147,11/16/2023 09:34:00 AM,15,CLOUDY/OVERCAST,DAYLIGHT,TURNING,DIVIDED - W/MEDIAN (NOT RAISED),TRAFFIC SIGNAL,FAILING TO YIELD RIGHT-OF-WAY,UNABLE TO DETERMINE,0,0,1,1,9,5,11,1916,WESTERN AVE,41.948819,-87.812999,11/16/2023 11:24:00 AM,2023
CR00028148,01/28/2022 08:15:00 PM,45,CLEAR,DAYLIGHT,REAR END,FOUR WAY,UNKNOWN,IMPROPER OVERTAKING/PASSING,UNABLE TO DETERMINE,0,0,0,0,20,6,1,1150,WESTERN AVE,41.801917,-87.704237,01/28/2022 09:02:00 PM,2022
CR00028149,07/05/2024 09:57:00 AM,15,CLEAR,DARKNESS - LIGHTED ROAD,REAR END,DIVIDED - W/MEDIAN BARRIER,TRAFFIC SIGNAL,IMPROPER LANE USAGE,UNABLE TO DETERMINE,0,0,0,0,9,6,7,2454,ROOSEVELT RD,41.731545,-87.754718,07/05/2024 10:52:00 AM,2024
CR00028150,01/27/2018 07:51:00 PM,45,SNOW,DUSK,REAR END,FOUR WAY,STOP SIGN/FLASHER,IMPROPER OVERTAKING/PASSING,DISREGARDING TRAFFIC SIGNALS,0,0,0,0,19,7,1,2034,STONY ISLAND AVE,41.828009,-87.803065,01/27/2018 07:57:00 PM,2018
CR00028151,04/11/2023 11:56:00 AM,35,CLOUDY/OVERCAST,DAYLIGHT,PARKED MOTOR VEHICLE,NOT DIVIDED,NO CONTROLS,DISTRACTION - FROM INSIDE VEHICLE,IMPROPER OVERTAKING/PASSING,0,0,0,0,11,3,4,742,ROOSEVELT RD,41.914537,-87.849581,04/11/2023 01:05:00 PM,2023
CR00028152,01/08/2015 06:46:00 PM,40,RAIN,DAYLIGHT,ANGLE,DIVIDED - W/MEDIAN (NOT RAISED),NO CONTROLS,FOLLOWING TOO CLOSELY,FAILING TO REDUCE SPEED,0,0,1,1,18,5,1,869,PULASKI RD,41.920935,-87.716212,01/08/2015 08:23:00 PM,2015
CR00028153,03/12/2023 10:12:00 AM,30,CLEAR,DAWN,SIDESWIPE SAME DIRECTION,NOT DIVIDED,STOP SIGN/FLASHER,UNABLE TO DETERMINE,DRIVING SKILLS/KNOWLEDGE/EXPERIENCE,0,0,0,0,10,1,3,1249,CICERO AVE,41.843929,-87.666372,03/12/2023 10:48:00 AM,2023
CR00028154,07/25/2019 07:12:00 PM,25,CLEAR,DAYLIGHT,REAR END,DIVIDED - W/MEDIAN BARRIER,NO CONTROLS,DISREGARDING TRAFFIC SIGNALS,UNABLE TO DETERMINE,0,0,0,0,19,5,7,1400,OGDEN AVE,41.821179,-87.630432,07/25/2019 08:37:00 PM,2019
CR00028155,06/23/2015 11:56:00 AM,15,CLEAR,DAYLIGHT,ANGLE,NOT DIVIDED,STOP SIGN/FLASHER,DISTRACTION - FROM INSIDE VEHICLE,DISREGARDING TRAFFIC SIGNALS,0,0,0,0,11,3,6,1121,KEDZIE AVE,41.998454,-87.595158,06/23/2015 01:00:00 PM,2015
CR00028156,05/08/2024 01:07:00 PM,35,CLEAR,DARKNESS,REAR END,NOT DIVIDED,NO CONTROLS,DISREGARDING TRAFFIC SIGNALS,NOT APPLICABLE,0,0,0,0,13,4,5,1513,LAKE SHORE DR,41.949846,-87.825158,05/08/2024 02:12:00 PM,2024
CR00028157,12/13/2021 12:59:00 PM,30,CLOUDY/OVERCAST,DAYLIGHT,REAR END,NOT DIVIDED,UNKNOWN,DRIVING SKILLS/KNOWLEDGE/EXPERIENCE,FAILING TO YIELD RIGHT-OF-WAY,0,0,0,0,12,2,12,1633,IRVING PARK RD,41.758741,-87.838502,12/13/2021 02:53:00 PM,2021
CR00028158,11/18/2018 09:10:00 PM,15,CLEAR,DAYLIGHT,TURNING,ONE-WAY,NO CONTROLS,IMPROPER OVERTAKING/PASSING,UNABLE TO DETERMINE,0,0,0,0,21,1,11,710,IRVING PARK RD,41.755077,-87.630011,11/18/2018 10:52:00 PM,2018
CR00028159,01/20/2016 02:42:00 PM,45,CLEAR,DAYLIGHT,REAR END,ONE-WAY,NO CONTROLS,FAILING TO YIELD RIGHT-OF-WAY,FOLLOWING TOO CLOSELY,0,0,0,0,14,4,1,1157,WESTERN AVE,41.838335,-87.631093,01/20/2016 02:48:00 PM,2016
CR00028160,10/07/2023 05:32:00 PM,35,CLOUDY/OVERCAST,DARKNESS - LIGHTED ROAD,REAR TO FRONT,NOT DIVIDED,TRAFFIC SIGNAL,FAILING TO YIELD RIGHT-OF-WAY,FOLLOWING TOO CLOSELY,0,0,0,0,17,7,10,679,WESTERN AVE,41.991387,-87.501424,10/07/2023 06:00:00 PM,2023
CR00028161,01/12/2022 11:14:00 AM,45,RAIN,DAYLIGHT,SIDESWIPE SAME DIRECTION,ONE-WAY,STOP SIGN/FLASHER,UNABLE TO DETERMINE,FAILING TO YIELD RIGHT-OF-WAY,0,0,0,0,11,4,1,1669,79TH ST,41.950214,-87.552601,01/12/2022 11:26:00 AM,2022
CR00028162,06/04/2023 06:37:00 PM,45,CLOUDY/OVERCAST,DAYLIGHT,FIXED OBJECT,NOT DIVIDED,NO CONTROLS,FAILING TO YIELD RIGHT-OF-WAY,FOLLOWING TOO CLOSELY,0,0,0,0,18,1,6,1394,DAMEN AVE,41.868224,-87.699222,06/04/2023 08:19:00 PM,2023
CR00028163,06/13/2017 07:33:00 AM,25,CLOUDY/OVERCAST,DARKNESS - LIGHTED ROAD,REAR TO FRONT,NOT DIVIDED,NO CONTROLS,UNABLE TO DETERMINE,FAILING TO YIELD RIGHT-OF-WAY,0,0,0,0,7,3,6,2004,STONY ISLAND AVE,41.856857,-87.50646,06/13/2017 08:45:00 AM,2017
CR00028164,09/17/2023 02:59:00 PM,35,CLOUDY/OVERCAST,DAYLIGHT,REAR END,DIVIDED - W/MEDIAN (NOT RAISED),TRAFFIC SIGNAL,UNABLE TO DETERMINE,FAILING TO YIELD RIGHT-OF-WAY,0,0,0,0,14,1,9,2064,CICERO AVE,41.904677,-87.732402,09/17/2023 04:45:00 PM,2023
CR00028165,11/03/2020 05:53:00 PM,30,CLEAR,DAYLIGHT,SIDESWIPE SAME DIRECTION,DIVIDED - W/MEDIAN (NOT RAISED),STOP SIGN/FLASHER,DISTRACTION - FROM INSIDE VEHICLE,FOLLOWING TOO CLOSELY,0,0,0,0,17,3,11,692,FULLERTON AVE,41.732895,-87.561537,11/03/2020 07:45:00 PM,2020
CR00028166,08/29/2020 05:28:00 PM,30,FOG/SMOKE/HAZE,DARKNESS - LIGHTED ROAD,FIXED OBJECT,DIVIDED - W/MEDIAN (NOT RAISED),TRAFFIC SIGNAL,UNABLE TO DETERMINE,UNABLE TO DETERMINE,0,0,1,1,17,7,8,802,MICHIGAN AVE,41.96427,-87.837788,08/29/2020 05:35:00 PM,2020
CR00028167,10/05/2021 05:53:00 PM,45,CLEAR,DAYLIGHT,REAR END,DIVIDED - W/MEDIAN (NOT RAISED),NO CONTROLS,IMPROPER OVERTAKING/PASSING,NOT APPLICABLE,0,2,1,3,17,3,10,1069,47TH ST,41.879176,-87.737584,10/05/2021 06:08:00 PM,2021
CR00028168,05/13/2018 11:51:00 AM,30,CLOUDY/OVERCAST,DARKNESS - LIGHTED ROAD,FIXED OBJECT,FOUR WAY,NO CONTROLS,UNABLE TO DETERMINE,UNABLE TO DETERMINE,0,0,0,0,11,1,5,2079,DIVISION ST,41.911297,-87.654236,05/13/2018 01:40:00 PM,2018
CR00028169,10/17/2018 02:44:00 PM,25,RAIN,DAWN,TURNING,NOT DIVIDED,NO CONTROLS,IMPROPER LANE USAGE,IMPROPER OVERTAKING/PASSING,0,0,3,3,14,4,10,519,STONY ISLAND AVE,41.863985,-87.750446,10/17/2018 03:10:00 PM,2018
CR00028170,01/09/2015 04:36:00 AM,40,RAIN,DAYLIGHT,SIDESWIPE SAME DIRECTION,T-INTERSECTION,STOP SIGN/FLASHER,IMPROPER LANE USAGE,FOLLOWING TOO CLOSELY,0,0,0,0,4,6,1,1187,ROOSEVELT RD,41.719605,-87.51332,01/09/2015 06:10:00 AM,2015
CR00028171,02/09/2015 08:02:00 AM,45,RAIN,DARKNESS - LIGHTED ROAD,TURNING,NOT DIVIDED,TRAFFIC SIGNAL,UNABLE TO DETERMINE,WEATHER,0,0,0,0,8,2,2,2495,ELSTON AVE,41.885702,-87.828333,02/09/2015 09:49:00 AM,2015
CR00028172,03/24/2020 12:50:00 PM,30,CLEAR,DUSK,SIDESWIPE SAME DIRECTION,T-INTERSECTION,UNKNOWN,IMPROPER OVERTAKING/PASSING,UNABLE TO DETERMINE,0,0,0,0,12,3,3,664,OGDEN AVE,41.928717,-87.64592,03/24/2020 02:42:00 PM,2020
CR00028173,09/30/2021 08:45:00 AM,20,CLEAR,DAYLIGHT,ANGLE,DIVIDED - W/MEDIAN (NOT RAISED),TRAFFIC SIGNAL,UNABLE TO DETERMINE,UNABLE TO DETERMINE,0,0,0,0,8,5,9,892,63RD ST,41.934779,-87.586239,09/30/2021 08:58:00 AM,2021
CR00028174,10/29/2016 06:39:00 PM,45,CLEAR,DAYLIGHT,REAR END,NOT DIVIDED,UNKNOWN,FAILING TO YIELD RIGHT-OF-WAY,WEATHER,0,0,0,0,18,7,10,1865,WESTERN AVE,41.830321,-87.684003,10/29/2016 07:12:00 PM,2016
CR00028175,06/27/2021 03:08:00 PM,35,CLEAR,DAYLIGHT,SIDESWIPE SAME DIRECTION,FOUR WAY,NO CONTROLS,DRIVING SKILLS/KNOWLEDGE/EXPERIENCE,FAILING TO REDUCE SPEED,0,1,0,1,15,1,6,1627,ASHLAND AVE,41.893997,-87.721371,06/27/2021 04:00:00 PM,2021
CR00028176,10/08/2016 03:51:00 PM,40,CLEAR,DAYLIGHT,SIDESWIPE SAME DIRECTION,T-INTERSECTION,NO CONTROLS,IMPROPER OVERTAKING/PASSING,UNABLE TO DETERMINE,0,0,0,0,15,7,10,254,STONY ISLAND AVE,41.971007,-87.804587,10/08/2016 05:38:00 PM,2016
CR00028177,01/28/2020 07:35:00 AM,20,CLEAR,DARKNESS - LIGHTED ROAD,PARKED MOTOR VEHICLE,NOT DIVIDED,NO CONTROLS,FAILING TO YIELD RIGHT-OF-WAY,FOLLOWING TOO CLOSELY,0,0,0,0,7,3,1,770,STATE ST,41.803731,-87.529318,01/28/2020 09:22:00 AM,2020
CR00028178,02/10/2018 03:16:00 PM,15,RAIN,DARKNESS - LIGHTED ROAD,TURNING,NOT DIVIDED,STOP SIGN/FLASHER,FAILING TO YIELD RIGHT-OF-WAY,UNABLE TO DETERMINE,0,0,3,3,15,7,2,698,PULASKI RD,41.965901,-87.753031,02/10/2018 03:32:00 PM,2018
CR00028179,06/20/2018 05:09:00 PM,30,CLEAR,DARKNESS,TURNING,DIVIDED - W/MEDIAN BARRIER,TRAFFIC SIGNAL,DISTRACTION - FROM INSIDE VEHICLE,DRIVING SKILLS/KNOWLEDGE/EXPERIENCE,0,0,0,0,17,4,6,2233,DIVISION ST,41.800227,-87.506697,06/20/2018 06:12:00 PM,2018
CR00028180,08/22/2017 08:09:00 AM,40,CLEAR,DARKNESS,REAR END,NOT DIVIDED,STOP SIGN/FLASHER,UNABLE TO DETERMINE,IMPROPER LANE USAGE,0,0,0,0,8,3,8,107,47TH ST,41.966206,-87.645439,08/22/2017 09:42:00 AM,2017
CR00028181,05/20/2022 08:46:00 AM,40,CLEAR,DARKNESS - LIGHTED ROAD,TURNING,DIVIDED - W/MEDIAN BARRIER,NO CONTROLS,FAILING TO YIELD RIGHT-OF-WAY,DISTRACTION - FROM INSIDE VEHICLE,0,0,1,1,8,6,5,675,79TH ST,41.844535,-87.745454,05/20/2022 09:19:00 AM,2022
CR00028182,11/21/2024 06:59:00 PM,20,SNOW,DAYLIGHT,TURNING,DIVIDED - W/MEDIAN BARRIER,NO CONTROLS,DISTRACTION - FROM INSIDE VEHICLE,DISREGARDING TRAFFIC SIGNALS,0,0,0,0,18,5,11,1459,CLARK ST,41.831291,-87.768904,11/21/2024 08:03:00 PM,2024
CR00028183,06/15/2024 12:31:00 PM,25,CLEAR,DAYLIGHT,FIXED OBJECT,NOT DIVIDED,UNKNOWN,FAILING TO REDUCE SPEED,FOLLOWING TOO CLOSELY,0,0,0,0,12,7,6,1979,CLARK ST,41.953786,-87.663506,06/15/2024 01:17:00 PM,2024
CR00028184,04/16/2019 01:16:00 PM,20,CLEAR,DAYLIGHT,REAR END,DIVIDED - W/MEDIAN BARRIER,STOP SIGN/FLASHER,UNABLE TO DETERMINE,UNABLE TO DETERMINE,0,0,2,2,13,3,4,388,OGDEN AVE,41.883488,-87.620389,04/16/2019 02:57:00 PM,2019
CR00028185,03/03/2024 02:44:00 PM,15,RAIN,DARKNESS - LIGHTED ROAD,REAR TO FRONT,T-INTERSECTION,NO CONTROLS,IMPROPER LANE USAGE,NOT APPLICABLE,0,0,0,0,14,1,3,1227,CICERO AVE,41.788621,-87.730454,03/03/2024 04:23:00 PM,2024
CR00028186,08/17/2018 02:04:00 AM,30,CLEAR,DAYLIGHT,PARKED MOTOR VEHICLE,NOT DIVIDED,STOP SIGN/FLASHER,UNABLE TO DETERMINE,WEATHER,0,0,0,0,2,6,8,446,DAMEN AVE,41.848125,-87.638895,08/17/2018 03:22:00 AM,2018
CR00028187,12/23/2017 08:19:00 PM,15,RAIN,DAYLIGHT,TURNING,T-INTERSECTION,NO CONTROLS,FOLLOWING TOO CLOSELY,NOT APPLICABLE,0,0,0,0,20,7,12,1660,ELSTON AVE,41.840126,-87.827409,12/23/2017 09:48:00 PM,2017
CR00028188,10/26/2020 07:11:00 PM,30,CLEAR,DAYLIGHT,SIDESWIPE SAME DIRECTION,NOT DIVIDED,NO CONTROLS,FOLLOWING TOO CLOSELY,NOT APPLICABLE,0,0,2,2,19,2,10,1625,63RD ST,41.789068,-87.713281,10/26/2020 07:32:00 PM,2020
CR00028189,01/05/2015 05:01:00 PM,15,SNOW,DAYLIGHT,FIXED OBJECT,DIVIDED - W/MEDIAN (NOT RAISED),NO CONTROLS,UNABLE TO DETERMINE,UNABLE TO DETERMINE,0,0,0,0,17,2,1,2175,FULLERTON AVE,41.740061,-87.731194,01/05/2015 06:46:00 PM,2015
CR00028190,02/10/2023 04:18:00 AM,45,CLEAR,DAWN,REAR END,NOT DIVIDED,YIELD,FAILING TO YIELD RIGHT-OF-WAY,UNABLE TO DETERMINE,0,0,0,0,4,6,2,410,IRVING PARK RD,41.742532,-87.600905,02/10/2023 05:38:00 AM,2023
CR00028191,02/28/2022 07:24:00 AM,30,CLEAR,DAYLIGHT,TURNING,NOT DIVIDED,NO CONTROLS,FAILING TO REDUCE SPEED,FAILING TO YIELD RIGHT-OF-WAY,0,0,0,0,7,2,2,1685,79TH ST,41.784818,-87.737594,02/28/2022 07:45:00 AM,2022
CR00028192,12/13/2021 07:43:00 AM,25,CLEAR,DAYLIGHT,SIDESWIPE SAME DIRECTION,NOT DIVIDED,TRAFFIC SIGNAL,UNABLE TO DETERMINE,NOT APPLICABLE,0,0,0,0,7,2,12,1440,ARCHER AVE,41.903413,-87.706471,12/13/2021 09:01:00 AM,2021
CR00028193,05/23/2022 08:35:00 PM,30,CLEAR,DAYLIGHT,REAR END,T-INTERSECTION,UNKNOWN,UNABLE TO DETERMINE,UNABLE TO DETERMINE,0,0,0,0,20,2,5,484,CALIFORNIA AVE,41.810826,-87.770226,05/23/2022 09:46:00 PM,2022
CR00028194,07/18/2023 07:23:00 PM,40,CLEAR,DAYLIGHT,TURNING,DIVIDED - W/MEDIAN (NOT RAISED),STOP SIGN/FLASHER,UNABLE TO DETERMINE,NOT APPLICABLE,0,0,0,0,19,3,7,170,DAMEN AVE,41.929427,-87.745941,07/18/2023 07:49:00 PM,2023
CR00028195,08/19/2017 08:45:00 PM,45,CLEAR,DARKNESS - LIGHTED ROAD,FIXED OBJECT,NOT DIVIDED,NO CONTROLS,FOLLOWING TOO CLOSELY,FOLLOWING TOO CLOSELY,0,0,1,1,20,7,8,1640,47TH ST,41.842622,-87.68008,08/19/2017 09:34:00 PM,2017
CR00028196,05/28/2016 08:35:00 PM,35,CLOUDY/OVERCAST,DAYLIGHT,REAR TO FRONT,T-INTERSECTION,NO CONTROLS,IMPROPER LANE USAGE,UNABLE TO DETERMINE,0,0,0,0,20,7,5,1723,ROOSEVELT RD,41.876872,-87.550418,05/28/2016 08:40:00 PM,2016
CR00028197,10/15/2021 11:38:00 AM,35,FOG/SMOKE/HAZE,DAYLIGHT,TURNING,NOT DIVIDED,PEDESTRIAN CROSSING SIGN,UNABLE TO DETERMINE,UNABLE TO DETERMINE,0,0,0,0,11,6,10,105,ASHLAND AVE,41.804776,-87.550774,10/15/2021 01:07:00 PM,2021
CR00028198,06/01/2017 06:15:00 AM,15,CLEAR,DARKNESS - LIGHTED ROAD,REAR TO FRONT,DIVIDED - W/MEDIAN (NOT RAISED),NO CONTROLS,FAILING TO REDUCE SPEED,UNABLE TO DETERMINE,0,0,0,0,6,5,6,1316,MICHIGAN AVE,41.773269,-87.640204,06/01/2017 08:02:00 AM,2017
CR00028199,08/23/2019 08:59:00 AM,35,SNOW,DAYLIGHT,REAR END,NOT DIVIDED,NO CONTROLS,FAILING TO REDUCE SPEED,IMPROPER LANE USAGE,0,0,3,3,8,6,8,1510,CALIFORNIA AVE,41.757591,-87.510511,08/23/2019 10:51:00 AM,2019
CR00028200,10/20/2019 02:05:00 PM,30,CLEAR,DAYLIGHT,PARKED MOTOR VEHICLE,DIVIDED - W/MEDIAN (NOT RAISED),NO CONTROLS,UNABLE TO DETERMINE,IMPROPER LANE USAGE,0,0,0,0,14,1,10,1516,CALIFORNIA AVE,41.972762,-87.561942,10/20/2019 03:39:00 PM,2019
CR00028201,10/06/2018 03:46:00 PM,30,CLEAR,DAYLIGHT,TURNING,DIVIDED - W/MEDIAN (NOT RAISED),YIELD,UNABLE TO DETERMINE,IMPROPER LANE USAGE,0,0,0,0,15,7,10,2208,CLARK ST,41.882889,-87.752544,10/06/2018 04:48:00 PM,2018
CR00028202,07/06/2016 10:42:00 AM,35,CLEAR,DAWN,REAR TO FRONT,ONE-WAY,UNKNOWN,UNABLE TO DETERMINE,FOLLOWING TOO CLOSELY,0,0,0,0,10,4,7,1197,STATE ST,41.870615,-87.62442,07/06/2016 10:49:00 AM,2016
CR00028203,05/03/2018 02:02:00 PM,40,CLEAR,DARKNESS - LIGHTED ROAD,REAR END,NOT DIVIDED,NO CONTROLS,FAILING TO YIELD RIGHT-OF-WAY,FOLLOWING TOO CLOSELY,0,0,0,0,14,5,5,1906,ASHLAND AVE,41.913236,-87.635972,05/03/2018 02:11:00 PM,2018
CR00028204,10/30/2022 12:26:00 PM,40,CLEAR,DAYLIGHT,SIDESWIPE SAME DIRECTION,NOT DIVIDED,UNKNOWN,DISTRACTION - FROM INSIDE VEHICLE,UNABLE TO DETERMINE,0,0,0,0,12,1,10,1150,IRVING PARK RD,41.802072,-87.588264,10/30/2022 01:50:00 PM,2022
CR00028205,12/04/2020 04:14:00 PM,20,CLEAR,DUSK,ANGLE,DIVIDED - W/MEDIAN BARRIER,UNKNOWN,DISTRACTION - FROM INSIDE VEHICLE,DISTRACTION - FROM INSIDE VEHICLE,0,0,0,0,16,6,12,390,MILWAUKEE AVE,41.721216,-87.635224,12/04/2020 04:29:00 PM,2020
CR00028206,01/28/2017 06:52:00 PM,30,SNOW,DAYLIGHT,ANGLE,DIVIDED - W/MEDIAN (NOT RAISED),STOP SIGN/FLASHER,UNABLE TO DETERMINE,IMPROPER LANE USAGE,0,0,0,0,18,7,1,1455,BROADWAY,41.948145,-87.79591,01/28/2017 06:59:00 PM,2017
CR00028207,08/16/2020 06:10:00 PM,35,RAIN,DAYLIGHT,REAR TO FRONT,NOT DIVIDED,NO CONTROLS,IMPROPER OVERTAKING/PASSING,UNABLE TO DETERMINE,0,0,0,0,18,1,8,1300,47TH ST,41.987257,-87.522788,08/16/2020 07:02:00 PM,2020
CR00028208,05/17/2023 08:04:00 PM,30,CLEAR,DARKNESS - LIGHTED ROAD,SIDESWIPE SAME DIRECTION,NOT DIVIDED,NO CONTROLS,FOLLOWING TOO CLOSELY,FOLLOWING TOO CLOSELY,0,0,0,0,20,4,5,667,ARCHER AVE,41.778349,-87.67261,05/17/2023 09:11:00 PM,2023
CR00028209,06/04/2023 03:47:00 AM,15,CLEAR,DARKNESS - LIGHTED ROAD,ANGLE,ONE-WAY,NO CONTROLS,UNABLE TO DETERMINE,FAILING TO REDUCE SPEED,0,0,0,0,3,1,6,1084,BROADWAY,41.94079,-87.504286,06/04/2023 05:09:00 AM,2023
CR00028210,12/26/2019 04:08:00 PM,30,FOG/SMOKE/HAZE,DARKNESS - LIGHTED ROAD,REAR END,NOT DIVIDED,TRAFFIC SIGNAL,DISTRACTION - FROM INSIDE VEHICLE,NOT APPLICABLE,0,0,1,1,16,5,12,1886,ARCHER AVE,41.938765,-87.53495,12/26/2019 04:44:00 PM,2019
CR00028211,11/02/2023 03:24:00 PM,35,CLEAR,DAYLIGHT,SIDESWIPE SAME DIRECTION,NOT DIVIDED,STOP SIGN/FLASHER,FOLLOWING TOO CLOSELY,UNABLE TO DETERMINE,0,0,0,0,15,5,11,1520,DIVISION ST,41.821763,-87.742941,11/02/2023 05:20:00 PM,2023
CR00028212,02/25/2017 04:59:00 PM,40,CLEAR,DAWN,FIXED OBJECT,NOT DIVIDED,NO CONTROLS,FOLLOWING TOO CLOSELY,DRIVING SKILLS/KNOWLEDGE/EXPERIENCE,0,0,0,0,16,7,2,1161,ROOSEVELT RD,41.800623,-87.691573,02/25/2017 05:36:00 PM,2017
CR00028213,07/27/2023 06:04:00 AM,35,CLEAR,DAYLIGHT,REAR END,NOT DIVIDED,NO CONTROLS,UNABLE TO DETERMINE,UNABLE TO DETERMINE,0,0,0,0,6,5,7,910,PULASKI RD,41.988294,-87.68208,07/27/2023 06:29:00 AM,2023
CR00028214,04/25/2016 11:32:00 AM,30,CLOUDY/OVERCAST,DAYLIGHT,SIDESWIPE SAME DIRECTION,ONE-WAY,TRAFFIC SIGNAL,DISTRACTION - FROM INSIDE VEHICLE,FOLLOWING TOO CLOSELY,0,0,0,0,11,2,4,1172,ASHLAND AVE,41.938452,-87.542889,04/25/2016 11:54:00 AM,2016
CR00028215,11/29/2022 03:27:00 PM,35,CLEAR,DAYLIGHT,REAR END,ONE-WAY,TRAFFIC SIGNAL,UNABLE TO DETERMINE,IMPROPER LANE USAGE,0,0,1,1,15,3,11,103,OGDEN AVE,41.948381,-87.570486,11/29/2022 05:21:00 PM,2022
CR00028216,10/17/2016 08:40:00 PM,30,FREEZING RAIN/DRIZZLE,DARKNESS - LIGHTED ROAD,ANGLE,FOUR WAY,NO CONTROLS,IMPROPER OVERTAKING/PASSING,UNABLE TO DETERMINE,0,0,0,0,20,2,10,512,CICERO AVE,41.907754,-87.782939,10/17/2016 10:01:00 PM,2016
CR00028217,07/19/2015 07:52:00 AM,30,CLEAR,DARKNESS,SIDESWIPE SAME DIRECTION,FOUR WAY,UNKNOWN,UNABLE TO DETERMINE,DISTRACTION - FROM INSIDE VEHICLE,0,0,0,0,7,1,7,1676,MICHIGAN AVE,41.826595,-87.609849,07/19/2015 08:12:00 AM,2015
CR00028218,07/24/2020 03:28:00 PM,30,RAIN,DARKNESS - LIGHTED ROAD,REAR END,FOUR WAY,NO CONTROLS,IMPROPER OVERTAKING/PASSING,NOT APPLICABLE,0,0,0,0,15,6,7,2208,CALIFORNIA AVE,41.714503,-87.632224,07/24/2020 03:34:00 PM,2020
CR00028219,10/04/2021 06:24:00 PM,30,CLEAR,DARKNESS - LIGHTED ROAD,ANGLE,FOUR WAY,NO CONTROLS,UNABLE TO DETERMINE,DRIVING SKILLS/KNOWLEDGE/EXPERIENCE,0,0,1,1,18,2,10,183,47TH ST,41.730925,-87.666515,10/04/2021 07:00:00 PM,2021
CR00028220,10/08/2022 02:10:00 AM,20,CLEAR,DAYLIGHT,SIDESWIPE SAME DIRECTION,NOT DIVIDED,NO CONTROLS,UNABLE TO DETERMINE,FAILING TO YIELD RIGHT-OF-WAY,0,0,0,0,2,7,10,1304,CLARK ST,41.887934,-87.710764,10/08/2022 03:30:00 AM,2022
CR00028221,04/06/2018 03:45:00 AM,20,CLEAR,DAYLIGHT,REAR END,NOT DIVIDED,NO CONTROLS,DISTRACTION - FROM INSIDE VEHICLE,UNABLE TO DETERMINE,0,0,0,0,3,6,4,250,HALSTED ST,41.750584,-87.603106,04/06/2018 04:04:00 AM,2018
CR00028222,02/24/2015 04:48:00 AM,30,CLEAR,DUSK,PARKED MOTOR VEHICLE,NOT DIVIDED,TRAFFIC SIGNAL,DISTRACTION - FROM INSIDE VEHICLE,UNABLE TO DETERMINE,0,1,2,3,4,3,2,1726,63RD ST,41.950876,-87.686603,02/24/2015 05:14:00 AM,2015
CR00028223,05/10/2016 04:56:00 PM,30,SNOW,DUSK,REAR END,DIVIDED - W/MEDIAN (NOT RAISED),STOP SIGN/FLASHER,DRIVING SKILLS/KNOWLEDGE/EXPERIENCE,UNABLE TO DETERMINE,0,0,0,0,16,3,5,2237,DIVISION ST,41.768222,-87.810593,05/10/2016 06:02:00 PM,2016