CRASH_RECORD_ID,CRASH_DATE,POSTED_SPEED_LIMIT,WEATHER_CONDITION,LIGHTING_CONDITION,FIRST_CRASH_TYPE,TRAFFICWAY_TYPE,TRAFFIC_CONTROL_DEVICE,PRIM_CONTRIBUTORY_CAUSE,SEC_CONTRIBUTORY_CAUSE,INJURIES_FATAL,INJURIES_INCAPACITATING,INJURIES_NON_INCAPACITATING,INJURIES_TOTAL,CRASH_HOUR,CRASH_DAY_OF_WEEK,CRASH_MONTH,BEAT_OF_OCCURRENCE,STREET_NAME,LATITUDE,LONGITUDE,DATE_POLICE_NOTIFIED,year
CR00028224,09/04/2023 08:09:00 PM,35,RAIN,DARKNESS - LIGHTED ROAD,TURNING,NOT DIVIDED,TRAFFIC SIGNAL,IMPROPER LANE USAGE,FAILING TO REDUCE SPEED,0,0,1,1,20,2,9,1814,LAKE SHORE DR,41.82714,-87.735065,09/04/2023 09:23:00 PM,2023
CR00028225,07/04/2022 11:22:00 PM,30,CLEAR,DARKNESS - LIGHTED ROAD,TURNING,NOT DIVIDED,NO CONTROLS,DRIVING SKILLS/KNOWLEDGE/EXPERIENCE,NOT APPLICABLE,0,0,0,0,23,2,7,1185,ROOSEVELT RD,41.847311,-87.555532,07/05/2022 12:30:00 AM,2022
CR00028226,02/19/2020 09:59:00 AM,30,CLEAR,DAYLIGHT,TURNING,FOUR WAY,NO CONTROLS,UNABLE TO DETERMINE,FOLLOWING TOO CLOSELY,0,0,0,0,9,4,2,487,FULLERTON AVE,41.875446,-87.665431,02/19/2020 10:19:00 AM,2020
CR00028227,11/21/2017 07:44:00 AM,35,CLEAR,DAWN,SIDESWIPE SAME DIRECTION,ONE-WAY,NO CONTROLS,FAILING TO YIELD RIGHT-OF-WAY,FAILING TO YIELD RIGHT-OF-WAY,0,0,2,2,7,3,11,865,CICERO AVE,41.702464,-87.719442,11/21/2017 08:35:00 AM,2017
CR00028228,05/30/2020 07:46:00 PM,25,CLEAR,DAWN,PARKED MOTOR VEHICLE,FOUR WAY,STOP SIGN/FLASHER,FOLLOWING TOO CLOSELY,FAILING TO YIELD RIGHT-OF-WAY,0,0,2,2,19,7,5,692,OGDEN AVE,41.952757,-87.701586,05/30/2020 08:58:00 PM,2020
CR00028229,01/26/2018 03:14:00 PM,30,CLEAR,DARKNESS - LIGHTED ROAD,PARKED MOTOR VEHICLE,ONE-WAY,TRAFFIC SIGNAL,UNABLE TO DETERMINE,NOT APPLICABLE,0,0,0,0,15,6,1,1862,ARCHER AVE,41.834281,-87.578451,01/26/2018 05:08:00 PM,2018
CR00028230,11/28/2020 04:17:00 PM,40,CLEAR,DAWN,TURNING,T-INTERSECTION,NO CONTROLS,UNABLE TO DETERMINE,DISTRACTION - FROM INSIDE VEHICLE,0,0,0,0,16,7,11,2211,MICHIGAN AVE,41.903236,-87.64132,11/28/2020 04:58:00 PM,2020
CR00028231,12/03/2019 11:36:00 AM,30,CLEAR,DAYLIGHT,SIDESWIPE SAME DIRECTION,ONE-WAY,YIELD,UNABLE TO DETERMINE,NOT APPLICABLE,0,0,0,0,11,3,12,157,FULLERTON AVE,41.807694,-87.580987,12/03/2019 12:31:00 PM,2019
CR00028232,02/18/2017 07:56:00 AM,30,SNOW,DAWN,TURNING,NOT DIVIDED,STOP SIGN/FLASHER,DISTRACTION - FROM INSIDE VEHICLE,FOLLOWING TOO CLOSELY,0,0,0,0,7,7,2,1673,LAKE SHORE DR,41.716996,-87.71228,02/18/2017 08:20:00 AM,2017
CR00028233,04/21/2021 02:49:00 PM,20,SNOW,DARKNESS - LIGHTED ROAD,REAR END,FOUR WAY,NO CONTROLS,DISTRACTION - FROM INSIDE VEHICLE,FAILING TO REDUCE SPEED,0,0,0,0,14,4,4,408,WESTERN AVE,41.770766,-87.829917,04/21/2021 03:23:00 PM,2021
CR00028234,10/16/2019 06:09:00 PM,45,CLEAR,DARKNESS - LIGHTED ROAD,REAR END,DIVIDED - W/MEDIAN BARRIER,TRAFFIC SIGNAL,IMPROPER OVERTAKING/PASSING,WEATHER,0,0,1,1,18,4,10,1984,STONY ISLAND AVE,41.897588,-87.5126,10/16/2019 07:02:00 PM,2019
CR00028235,04/20/2021 05:57:00 PM,30,CLEAR,DAYLIGHT,SIDESWIPE SAME DIRECTION,NOT DIVIDED,TRAFFIC SIGNAL,DISTRACTION - FROM INSIDE VEHICLE,UNABLE TO DETERMINE,0,0,0,0,17,3,4,682,BROADWAY,41.854548,-87.507514,04/20/2021 06:15:00 PM,2021
CR00028236,04/05/2017 05:23:00 PM,30,CLEAR,DAYLIGHT,TURNING,DIVIDED - W/MEDIAN (NOT RAISED),NO CONTROLS,UNABLE TO DETERMINE,NOT APPLICABLE,0,0,0,0,17,4,4,746,FULLERTON AVE,41.982782,-87.8206,04/05/2017 06:09:00 PM,2017
CR00028237,03/21/2019 06:24:00 PM,30,CLEAR,DAYLIGHT,FIXED OBJECT,ONE-WAY,NO CONTROLS,DRIVING SKILLS/KNOWLEDGE/EXPERIENCE,UNABLE TO DETERMINE,0,0,0,0,18,5,3,1061,CALIFORNIA AVE,41.806623,-87.816132,03/21/2019 07:46:00 PM,2019
CR00028238,10/30/2017 04:13:00 PM,45,SNOW,DARKNESS,REAR TO FRONT,FOUR WAY,NO CONTROLS,FAILING TO REDUCE SPEED,FAILING TO REDUCE SPEED,0,0,0,0,16,2,10,616,CICERO AVE,41.973341,-87.5468,10/30/2017 04:54:00 PM,2017
CR00028239,10/30/2019 12:02:00 AM,30,CLEAR,DARKNESS,REAR TO FRONT,DIVIDED - W/MEDIAN (NOT RAISED),TRAFFIC SIGNAL,IMPROPER OVERTAKING/PASSING,IMPROPER OVERTAKING/PASSING,0,0,3,3,0,4,10,1195,ASHLAND AVE,41.861835,-87.831616,10/30/2019 01:45:00 AM,2019
CR00028240,02/16/2016 09:03:00 AM,30,CLEAR,DARKNESS,REAR END,T-INTERSECTION,UNKNOWN,FAILING TO YIELD RIGHT-OF-WAY,UNABLE TO DETERMINE,0,0,0,0,9,3,2,1931,DIVISION ST,41.708369,-87.785351,02/16/2016 09:35:00 AM,2016
CR00028241,04/06/2017 04:39:00 AM,30,RAIN,DAYLIGHT,ANGLE,NOT DIVIDED,NO CONTROLS,FOLLOWING TOO CLOSELY,UNABLE TO DETERMINE,0,0,0,0,4,5,4,124,CLARK ST,41.984844,-87.500548,04/06/2017 05:21:00 AM,2017
CR00028242,01/18/2023 04:32:00 PM,45,CLEAR,DAYLIGHT,REAR END,DIVIDED - W/MEDIAN BARRIER,TRAFFIC SIGNAL,FAILING TO REDUCE SPEED,NOT APPLICABLE,0,0,0,0,16,4,1,2114,WESTERN AVE,41.98486,-87.621997,01/18/2023 05:55:00 PM,2023
CR00028243,09/22/2018 08:28:00 AM,20,CLEAR,DAYLIGHT,REAR END,NOT DIVIDED,NO CONTROLS,DRIVING SKILLS/KNOWLEDGE/EXPERIENCE,NOT APPLICABLE,0,0,0,0,8,7,9,285,CALIFORNIA AVE,41.724583,-87.510623,09/22/2018 08:58:00 AM,2018
CR00028244,06/19/2019 12:10:00 AM,30,CLEAR,DAYLIGHT,REAR END,DIVIDED - W/MEDIAN (NOT RAISED),TRAFFIC SIGNAL,IMPROPER OVERTAKING/PASSING,UNABLE TO DETERMINE,0,0,0,0,0,4,6,589,MICHIGAN AVE,41.813831,-87.716978,06/19/2019 02:01:00 AM,2019
CR00028245,09/07/2015 02:00:00 AM,20,CLEAR,DARKNESS - LIGHTED ROAD,REAR END,DIVIDED - W/MEDIAN (NOT RAISED),NO CONTROLS,IMPROPER OVERTAKING/PASSING,DRIVING SKILLS/KNOWLEDGE/EXPERIENCE,0,0,0,0,2,2,9,1792,DIVISION ST,41.892845,-87.768942,09/07/2015 02:30:00 AM,2015
CR00028246,05/02/2018 02:52:00 PM,20,FOG/SMOKE/HAZE,DARKNESS - LIGHTED ROAD,FIXED OBJECT,DIVIDED - W/MEDIAN BARRIER,NO CONTROLS,DRIVING SKILLS/KNOWLEDGE/EXPERIENCE,NOT APPLICABLE,0,0,0,0,14,4,5,2146,STONY ISLAND AVE,41.988979,-87.572069,05/02/2018 04:43:00 PM,2018
CR00028247,02/01/2024 10:11:00 PM,15,CLEAR,DAYLIGHT,ANGLE,DIVIDED - W/MEDIAN (NOT RAISED),TRAFFIC SIGNAL,DISREGARDING TRAFFIC SIGNALS,UNABLE TO DETERMINE,0,0,0,0,22,5,2,374,CALIFORNIA AVE,41.812339,-87.609779,02/01/2024 10:37:00 PM,2024
CR00028248,04/14/2015 05:38:00 PM,35,CLEAR,DAYLIGHT,REAR END,NOT DIVIDED,NO CONTROLS,IMPROPER OVERTAKING/PASSING,NOT APPLICABLE,0,0,3,3,17,3,4,2189,IRVING PARK RD,41.953784,-87.786707,04/14/2015 06:39:00 PM,2015
CR00028249,06/11/2020 09:35:00 AM,25,CLEAR,DARKNESS,REAR END,DIVIDED - W/MEDIAN BARRIER,NO CONTROLS,UNABLE TO DETERMINE,UNABLE TO DETERMINE,0,0,0,0,9,5,6,558,79TH ST,41.998867,-87.794009,06/11/2020 11:34:00 AM,2020
CR00028250,01/30/2023 09:38:00 AM,40,CLEAR,DAYLIGHT,TURNING,NOT DIVIDED,STOP SIGN/FLASHER,DISREGARDING TRAFFIC SIGNALS,DRIVING SKILLS/KNOWLEDGE/EXPERIENCE,0,0,0,0,9,2,1,1812,KEDZIE AVE,41.958763,-87.541963,01/30/2023 10:42:00 AM,2023
CR00028251,12/07/2020 02:41:00 AM,35,CLEAR,DARKNESS - LIGHTED ROAD,FIXED OBJECT,NOT DIVIDED,UNKNOWN,UNABLE TO DETERMINE,DISTRACTION - FROM INSIDE VEHICLE,0,0,0,0,2,2,12,846,ROOSEVELT RD,41.917768,-87.522481,12/07/2020 03:44:00 AM,2020
CR00028252,02/16/2021 03:22:00 PM,15,CLEAR,DAYLIGHT,TURNING,DIVIDED - W/MEDIAN (NOT RAISED),NO CONTROLS,FOLLOWING TOO CLOSELY,DISREGARDING TRAFFIC SIGNALS,0,0,0,0,15,3,2,1826,ELSTON AVE,41.760771,-87.740686,02/16/2021 03:42:00 PM,2021
CR00028253,10/08/2018 02:22:00 PM,45,CLEAR,DAYLIGHT,REAR TO FRONT,NOT DIVIDED,NO CONTROLS,FAILING TO YIELD RIGHT-OF-WAY,UNABLE TO DETERMINE,0,0,0,0,14,2,10,1487,STATE ST,41.819714,-87.612593,10/08/2018 03:50:00 PM,2018
CR00028254,06/03/2016 04:00:00 PM,45,CLEAR,DARKNESS,REAR END,NOT DIVIDED,NO CONTROLS,UNABLE TO DETERMINE,IMPROPER LANE USAGE,0,0,0,0,16,6,6,1371,OGDEN AVE,41.917853,-87.590617,06/03/2016 04:05:00 PM,2016
CR00028255,03/18/2020 11:01:00 PM,25,CLEAR,DAYLIGHT,REAR TO FRONT,FOUR WAY,NO CONTROLS,IMPROPER LANE USAGE,IMPROPER LANE USAGE,0,1,2,3,23,4,3,472,IRVING PARK RD,41.798059,-87.717288,03/18/2020 11:39:00 PM,2020
CR00028256,12/29/2023 10:42:00 PM,15,CLEAR,DARKNESS - LIGHTED ROAD,ANGLE,DIVIDED - W/MEDIAN BARRIER,NO CONTROLS,DISTRACTION - FROM INSIDE VEHICLE,IMPROPER OVERTAKING/PASSING,0,0,0,0,22,6,12,2213,MICHIGAN AVE,41.972194,-87.655226,12/29/2023 11:13:00 PM,2023
CR00028257,08/20/2022 09:15:00 AM,15,SNOW,DAYLIGHT,REAR TO FRONT,ONE-WAY,TRAFFIC SIGNAL,FAILING TO YIELD RIGHT-OF-WAY,DRIVING SKILLS/KNOWLEDGE/EXPERIENCE,0,0,1,1,9,7,8,2224,DAMEN AVE,41.820547,-87.802026,08/20/2022 09:50:00 AM,2022
CR00028258,12/02/2020 09:16:00 AM,30,CLEAR,DAYLIGHT,PARKED MOTOR VEHICLE,NOT DIVIDED,NO CONTROLS,FAILING TO YIELD RIGHT-OF-WAY,UNABLE TO DETERMINE,0,0,1,1,9,4,12,2388,47TH ST,41.979175,-87.760267,12/02/2020 11:02:00 AM,2020
CR00028259,09/17/2015 01:31:00 PM,35,CLEAR,DAYLIGHT,TURNING,NOT DIVIDED,NO CONTROLS,UNABLE TO DETERMINE,DISTRACTION - FROM INSIDE VEHICLE,0,0,0,0,13,5,9,692,CALIFORNIA AVE,41.863769,-87.79638,09/17/2015 03:06:00 PM,2015
CR00028260,10/18/2015 07:52:00 AM,35,CLOUDY/OVERCAST,DAYLIGHT,REAR END,NOT DIVIDED,NO CONTROLS,UNABLE TO DETERMINE,NOT APPLICABLE,0,0,0,0,7,1,10,850,BROADWAY,41.707231,-87.50359,10/18/2015 09:31:00 AM,2015
CR00028261,01/23/2019 02:07:00 PM,35,CLEAR,DAYLIGHT,REAR END,DIVIDED - W/MEDIAN (NOT RAISED),PEDESTRIAN CROSSING SIGN,DISREGARDING TRAFFIC SIGNALS,FOLLOWING TOO CLOSELY,0,0,0,0,14,4,1,1958,MICHIGAN AVE,41.916178,-87.527991,01/23/2019 03:00:00 PM,2019
CR00028262,05/22/2016 05:57:00 PM,35,FREEZING RAIN/DRIZZLE,DAYLIGHT,REAR END,FOUR WAY,NO CONTROLS,UNABLE TO DETERMINE,IMPROPER OVERTAKING/PASSING,0,0,0,0,17,1,5,2468,CALIFORNIA AVE,41.859668,-87.557708,05/22/2016 07:16:00 PM,2016
CR00028263,01/23/2018 03:46:00 PM,35,CLEAR,DARKNESS,ANGLE,DIVIDED - W/MEDIAN (NOT RAISED),TRAFFIC SIGNAL,FAILING TO YIELD RIGHT-OF-WAY,DRIVING SKILLS/KNOWLEDGE/EXPERIENCE,0,0,0,0,15,3,1,1756,PULASKI RD,41.725373,-87.54393,01/23/2018 05:20:00 PM,2018
CR00028264,05/27/2021 12:42:00 PM,35,CLEAR,DARKNESS - LIGHTED ROAD,FIXED OBJECT,T-INTERSECTION,NO CONTROLS,UNABLE TO DETERMINE,DISREGARDING TRAFFIC SIGNALS,0,0,0,0,12,5,5,807,ARCHER AVE,41.781709,-87.633383,05/27/2021 01:05:00 PM,2021
CR00028265,01/09/2016 08:03:00 PM,30,CLEAR,DAYLIGHT,FIXED OBJECT,ONE-WAY,NO CONTROLS,UNABLE TO DETERMINE,IMPROPER LANE USAGE,0,0,0,0,20,7,1,1232,MILWAUKEE AVE,41.752375,-87.500814,01/09/2016 09:13:00 PM,2016
CR00028266,11/05/2021 06:47:00 AM,30,CLOUDY/OVERCAST,DARKNESS,REAR END,ONE-WAY,UNKNOWN,FOLLOWING TOO CLOSELY,FOLLOWING TOO CLOSELY,0,0,0,0,6,6,11,424,CALIFORNIA AVE,41.82361,-87.826051,11/05/2021 07:39:00 AM,2021
CR00028267,03/10/2017 05:43:00 PM,40,CLEAR,DAYLIGHT,REAR END,DIVIDED - W/MEDIAN (NOT RAISED),NO CONTROLS,UNABLE TO DETERMINE,DISREGARDING TRAFFIC SIGNALS,0,1,3,4,17,6,3,973,ROOSEVELT RD,41.835876,-87.601642,03/10/2017 07:06:00 PM,2017
CR00028268,03/13/2022 10:05:00 PM,15,SNOW,DARKNESS,PARKED MOTOR VEHICLE,NOT DIVIDED,NO CONTROLS,DRIVING SKILLS/KNOWLEDGE/EXPERIENCE,UNABLE TO DETERMINE,0,0,0,0,22,1,3,1229,STONY ISLAND AVE,41.882217,-87.639464,03/13/2022 11:45:00 PM,2022
CR00028269,11/12/2021 12:48:00 AM,15,CLEAR,DAYLIGHT,PARKED MOTOR VEHICLE,NOT DIVIDED,TRAFFIC SIGNAL,UNABLE TO DETERMINE,FOLLOWING TOO CLOSELY,0,0,0,0,0,6,11,1205,PULASKI RD,41.766938,-87.817554,11/12/2021 02:02:00 AM,2021
CR00028270,04/03/2023 07:37:00 AM,35,CLEAR,DARKNESS - LIGHTED ROAD,SIDESWIPE SAME DIRECTION,FOUR WAY,TRAFFIC SIGNAL,FOLLOWING TOO CLOSELY,DRIVING SKILLS/KNOWLEDGE/EXPERIENCE,0,0,0,0,7,2,4,231,CLARK ST,41.752846,-87.794213,04/03/2023 07:57:00 AM,2023
CR00028271,06/13/2018 02:05:00 PM,30,SNOW,DAYLIGHT,TURNING,ONE-WAY,STOP SIGN/FLASHER,FAILING TO YIELD RIGHT-OF-WAY,NOT APPLICABLE,0,0,0,0,14,4,6,1609,LAKE SHORE DR,41.969918,-87.668837,06/13/2018 02:35:00 PM,2018
CR00028272,11/22/2015 07:43:00 AM,40,SNOW,DAYLIGHT,REAR END,DIVIDED - W/MEDIAN BARRIER,NO CONTROLS,FAILING TO YIELD RIGHT-OF-WAY,UNABLE TO DETERMINE,0,0,1,1,7,1,11,2267,CICERO AVE,41.719733,-87.72621,11/22/2015 08:25:00 AM,2015
CR00028273,02/25/2022 12:14:00 AM,40,CLEAR,DARKNESS - LIGHTED ROAD,REAR TO FRONT,DIVIDED - W/MEDIAN (NOT RAISED),NO CONTROLS,FOLLOWING TOO CLOSELY,NOT APPLICABLE,0,0,0,0,0,6,2,904,LAKE SHORE DR,41.969071,-87.699502,02/25/2022 01:19:00 AM,2022
CR00028274,02/14/2024 11:06:00 PM,45,RAIN,DAYLIGHT,REAR END,NOT DIVIDED,NO CONTROLS,DISREGARDING TRAFFIC SIGNALS,UNABLE TO DETERMINE,0,0,0,0,23,4,2,209,CLARK ST,41.808249,-87.504983,02/15/2024 12:43:00 AM,2024
CR00028275,02/14/2024 01:48:00 AM,30,CLEAR,DARKNESS - LIGHTED ROAD,ANGLE,NOT DIVIDED,STOP SIGN/FLASHER,FAILING TO YIELD RIGHT-OF-WAY,FAILING TO REDUCE SPEED,0,0,1,1,1,4,2,2525,47TH ST,41.77424,-87.769299,02/14/2024 03:18:00 AM,2024
CR00028276,06/25/2022 08:29:00 AM,15,RAIN,DARKNESS - LIGHTED ROAD,PARKED MOTOR VEHICLE,NOT DIVIDED,NO CONTROLS,IMPROPER LANE USAGE,DISTRACTION - FROM INSIDE VEHICLE,0,0,0,0,8,7,6,143,DAMEN AVE,41.767828,-87.765285,06/25/2022 08:37:00 AM,2022
CR00028277,07/13/2017 06:04:00 AM,30,CLEAR,DARKNESS - LIGHTED ROAD,TURNING,ONE-WAY,TRAFFIC SIGNAL,UNABLE TO DETERMINE,UNABLE TO DETERMINE,0,0,0,0,6,5,7,1222,MICHIGAN AVE,41.929865,-87.7825,07/13/2017 06:38:00 AM,2017
CR00028278,04/02/2019 07:45:00 PM,30,FREEZING RAIN/DRIZZLE,DAYLIGHT,REAR END,NOT DIVIDED,NO CONTROLS,FAILING TO YIELD RIGHT-OF-WAY,FOLLOWING TOO CLOSELY,0,0,0,0,19,3,4,452,ASHLAND AVE,41.972646,-87.759686,04/02/2019 09:19:00 PM,2019
CR00028279,06/27/2024 02:31:00 PM,45,RAIN,DARKNESS - LIGHTED ROAD,ANGLE,ONE-WAY,NO CONTROLS,DISREGARDING TRAFFIC SIGNALS,NOT APPLICABLE,0,0,0,0,14,5,6,856,CLARK ST,41.77889,-87.584258,06/27/2024 02:47:00 PM,2024
CR00028280,06/06/2024 04:17:00 PM,30,FREEZING RAIN/DRIZZLE,DAYLIGHT,FIXED OBJECT,NOT DIVIDED,STOP SIGN/FLASHER,UNABLE TO DETERMINE,UNABLE TO DETERMINE,0,0,1,1,16,5,6,1646,STONY ISLAND AVE,41.781674,-87.633362,06/06/2024 05:34:00 PM,2024
CR00028281,03/10/2017 01:28:00 AM,30,CLEAR,DARKNESS,TURNING,DIVIDED - W/MEDIAN (NOT RAISED),NO CONTROLS,WEATHER,NOT APPLICABLE,0,0,0,0,1,6,3,1208,CLARK ST,41.888116,-87.547674,03/10/2017 01:35:00 AM,2017
CR00028282,04/08/2020 07:16:00 AM,30,CLEAR,DAYLIGHT,FIXED OBJECT,NOT DIVIDED,STOP SIGN/FLASHER,IMPROPER OVERTAKING/PASSING,UNABLE TO DETERMINE,0,0,0,0,7,4,4,2008,OGDEN AVE,41.734769,-87.633866,04/08/2020 08:39:00 AM,2020
CR00028283,04/29/2017 08:09:00 AM,30,CLEAR,DARKNESS - LIGHTED ROAD,REAR END,NOT DIVIDED,NO CONTROLS,UNABLE TO DETERMINE,DISREGARDING TRAFFIC SIGNALS,0,0,0,0,8,7,4,424,CICERO AVE,41.841078,-87.602321,04/29/2017 09:22:00 AM,2017
CR00028284,08/29/2019 07:04:00 AM,35,CLEAR,DAYLIGHT,FIXED OBJECT,DIVIDED - W/MEDIAN (NOT RAISED),NO CONTROLS,IMPROPER OVERTAKING/PASSING,FAILING TO YIELD RIGHT-OF-WAY,0,0,0,0,7,5,8,1073,CLARK ST,41.704425,-87.504678,08/29/2019 07:43:00 AM,2019
CR00028285,07/15/2020 12:53:00 AM,30,CLEAR,DAYLIGHT,SIDESWIPE SAME DIRECTION,NOT DIVIDED,TRAFFIC SIGNAL,FAILING TO YIELD RIGHT-OF-WAY,FOLLOWING TOO CLOSELY,0,0,0,0,0,4,7,1182,ELSTON AVE,41.827758,-87.546789,07/15/2020 02:09:00 AM,2020
CR00028286,01/11/2016 06:02:00 PM,25,CLEAR,DAYLIGHT,REAR END,NOT DIVIDED,UNKNOWN,UNABLE TO DETERMINE,DISREGARDING TRAFFIC SIGNALS,0,0,1,1,18,2,1,2263,STONY ISLAND AVE,41.997705,-87.728316,01/11/2016 07:48:00 PM,2016
CR00028287,07/12/2019 07:03:00 AM,35,CLEAR,DAYLIGHT,ANGLE,ONE-WAY,NO CONTROLS,UNABLE TO DETERMINE,NOT APPLICABLE,0,0,0,0,7,6,7,1557,ELSTON AVE,41.763899,-87.62749,07/12/2019 07:08:00 AM,2019
CR00028288,04/13/2018 06:45:00 PM,30,CLOUDY/OVERCAST,DARKNESS - LIGHTED ROAD,SIDESWIPE SAME DIRECTION,ONE-WAY,NO CONTROLS,FOLLOWING TOO CLOSELY,DRIVING SKILLS/KNOWLEDGE/EXPERIENCE,0,0,0,0,18,6,4,1869,STONY ISLAND AVE,41.96962,-87.764971,04/13/2018 07:07:00 PM,2018
CR00028289,04/01/2016 01:56:00 PM,35,CLEAR,DARKNESS,TURNING,NOT DIVIDED,NO CONTROLS,FAILING TO YIELD RIGHT-OF-WAY,IMPROPER LANE USAGE,0,0,0,0,13,6,4,2057,63RD ST,41.815558,-87.786886,04/01/2016 03:55:00 PM,2016
CR00028290,04/04/2023 11:34:00 AM,30,CLEAR,DAYLIGHT,ANGLE,NOT DIVIDED,TRAFFIC SIGNAL,DISTRACTION - FROM INSIDE VEHICLE,NOT APPLICABLE,0,0,0,0,11,3,4,941,FULLERTON AVE,41.70926,-87.658918,04/04/2023 12:10:00 PM,2023
CR00028291,06/16/2021 12:03:00 PM,25,CLEAR,DAYLIGHT,TURNING,T-INTERSECTION,TRAFFIC SIGNAL,DISTRACTION - FROM INSIDE VEHICLE,IMPROPER OVERTAKING/PASSING,0,0,0,0,12,4,6,1496,STATE ST,41.700796,-87.653059,06/16/2021 12:14:00 PM,2021
CR00028292,01/23/2018 03:51:00 PM,20,RAIN,DAYLIGHT,SIDESWIPE SAME DIRECTION,DIVIDED - W/MEDIAN BARRIER,NO CONTROLS,WEATHER,WEATHER,0,0,0,0,15,3,1,704,DIVISION ST,41.780083,-87.512268,01/23/2018 04:47:00 PM,2018
CR00028293,11/06/2019 02:15:00 PM,30,CLEAR,DARKNESS - LIGHTED ROAD,PEDESTRIAN,ONE-WAY,NO CONTROLS,FAILING TO YIELD RIGHT-OF-WAY,DISREGARDING TRAFFIC SIGNALS,0,0,0,0,14,4,11,266,HALSTED ST,41.810888,-87.557413,11/06/2019 02:56:00 PM,2019
CR00028294,06/01/2017 07:06:00 PM,30,CLEAR,DARKNESS - LIGHTED ROAD,REAR END,ONE-WAY,NO CONTROLS,IMPROPER OVERTAKING/PASSING,FOLLOWING TOO CLOSELY,0,0,1,1,19,5,6,2455,CLARK ST,41.708254,-87.60318,06/01/2017 08:25:00 PM,2017
CR00028295,01/16/2015 08:05:00 AM,30,CLEAR,DARKNESS - LIGHTED ROAD,REAR END,DIVIDED - W/MEDIAN BARRIER,NO CONTROLS,UNABLE TO DETERMINE,DRIVING SKILLS/KNOWLEDGE/EXPERIENCE,0,0,0,0,8,6,1,107,PULASKI RD,41.746536,-87.546326,01/16/2015 08:15:00 AM,2015
CR00028296,05/06/2022 06:50:00 PM,30,CLEAR,DAYLIGHT,TURNING,FOUR WAY,NO CONTROLS,DRIVING SKILLS/KNOWLEDGE/EXPERIENCE,DRIVING SKILLS/KNOWLEDGE/EXPERIENCE,0,0,0,0,18,6,5,2530,63RD ST,41.942851,-87.566503,05/06/2022 08:29:00 PM,2022
CR00028297,12/23/2016 10:00:00 AM,30,CLEAR,DAYLIGHT,PEDESTRIAN,DIVIDED - W/MEDIAN BARRIER,NO CONTROLS,FOLLOWING TOO CLOSELY,UNABLE TO DETERMINE,0,0,0,0,10,6,12,628,KEDZIE AVE,41.909063,-87.590014,12/23/2016 10:12:00 AM,2016
CR00028298,02/14/2021 08:38:00 AM,15,RAIN,DARKNESS - LIGHTED ROAD,FIXED OBJECT,DIVIDED - W/MEDIAN (NOT RAISED),NO CONTROLS,FAILING TO YIELD RIGHT-OF-WAY,WEATHER,0,0,0,0,8,1,2,2057,PULASKI RD,41.920483,-87.501855,02/14/2021 10:26:00 AM,2021
CR00028299,11/30/2021 11:13:00 AM,35,CLEAR,DAYLIGHT,REAR TO FRONT,NOT DIVIDED,TRAFFIC SIGNAL,FAILING TO YIELD RIGHT-OF-WAY,IMPROPER OVERTAKING/PASSING,0,0,0,0,11,3,11,1387,HALSTED ST,41.855919,-87.585202,11/30/2021 01:00:00 PM,2021
CR00028300,04/16/2016 03:27:00 PM,35,SNOW,DAYLIGHT,REAR TO FRONT,NOT DIVIDED,NO CONTROLS,FOLLOWING TOO CLOSELY,UNABLE TO DETERMINE,0,0,1,1,15,7,4,706,ARCHER AVE,41.972424,-87.504558,04/16/2016 03:57:00 PM,2016
CR00028301,02/28/2015 09:21:00 AM,40,RAIN,DAYLIGHT,TURNING,ONE-WAY,STOP SIGN/FLASHER,UNABLE TO DETERMINE,UNABLE TO DETERMINE,0,0,2,2,9,7,2,2284,63RD ST,41.853777,-87.531244,02/28/2015 09:35:00 AM,2015
CR00028302,08/16/2020 06:41:00 PM,30,CLEAR,DUSK,TURNING,T-INTERSECTION,TRAFFIC SIGNAL,DISTRACTION - FROM INSIDE VEHICLE,UNABLE TO DETERMINE,0,0,0,0,18,1,8,263,ROOSEVELT RD,41.728959,-87.58144,08/16/2020 07:37:00 PM,2020
CR00028303,08/18/2022 05:05:00 PM,30,RAIN,DAYLIGHT,REAR END,NOT DIVIDED,YIELD,FAILING TO YIELD RIGHT-OF-WAY,FAILING TO REDUCE SPEED,0,0,0,0,17,5,8,1401,LAKE SHORE DR,41.972018,-87.61438,08/18/2022 05:11:00 PM,2022
CR00028304,10/15/2021 07:12:00 AM,30,CLEAR,DARKNESS,REAR END,NOT DIVIDED,STOP SIGN/FLASHER,UNABLE TO DETERMINE,FAILING TO YIELD RIGHT-OF-WAY,0,0,0,0,7,6,10,761,OGDEN AVE,41.765446,-87.77823,10/15/2021 07:44:00 AM,2021
CR00028305,06/27/2015 10:51:00 AM,20,CLEAR,DAYLIGHT,REAR END,NOT DIVIDED,NO CONTROLS,FAILING TO YIELD RIGHT-OF-WAY,WEATHER,0,0,0,0,10,7,6,1218,KEDZIE AVE,41.981907,-87.819075,06/27/2015 11:08:00 AM,2015