CRASH_RECORD_ID,CRASH_DATE,POSTED_SPEED_LIMIT,WEATHER_CONDITION,LIGHTING_CONDITION,FIRST_CRASH_TYPE,TRAFFICWAY_TYPE,TRAFFIC_CONTROL_DEVICE,PRIM_CONTRIBUTORY_CAUSE,SEC_CONTRIBUTORY_CAUSE,INJURIES_FATAL,INJURIES_INCAPACITATING,INJURIES_NON_INCAPACITATING,INJURIES_TOTAL,CRASH_HOUR,CRASH_DAY_OF_WEEK,CRASH_MONTH,BEAT_OF_OCCURRENCE,STREET_NAME,LATITUDE,LONGITUDE,DATE_POLICE_NOTIFIED,year
CR00028306,08/24/2019 12:53:00 PM,35,CLEAR,DAYLIGHT,TURNING,ONE-WAY,NO CONTROLS,DISTRACTION - FROM INSIDE VEHICLE,NOT APPLICABLE,0,0,0,0,12,7,8,995,WESTERN AVE,41.83926,-87.747946,08/24/2019 01:33:00 PM,2019
CR00028307,05/31/2024 12:41:00 PM,45,CLOUDY/OVERCAST,DARKNESS - LIGHTED ROAD,PARKED MOTOR VEHICLE,NOT DIVIDED,NO CONTROLS,UNABLE TO DETERMINE,UNABLE TO DETERMINE,0,0,0,0,12,6,5,1887,LAKE SHORE DR,41.849986,-87.524467,05/31/2024 01:35:00 PM,2024
CR00028308,12/17/2015 04:44:00 PM,40,CLEAR,DAYLIGHT,ANGLE,NOT DIVIDED,TRAFFIC SIGNAL,DRIVING SKILLS/KNOWLEDGE/EXPERIENCE,FAILING TO YIELD RIGHT-OF-WAY,0,0,0,0,16,5,12,595,63RD ST,41.722607,-87.670052,12/17/2015 04:53:00 PM,2015
CR00028309,01/26/2021 11:06:00 PM,15,CLEAR,DAYLIGHT,TURNING,DIVIDED - W/MEDIAN BARRIER,NO CONTROLS,DISTRACTION - FROM INSIDE VEHICLE,DISREGARDING TRAFFIC SIGNALS,0,0,0,0,23,3,1,1603,OGDEN AVE,41.86371,-87.615475,01/27/2021 12:13:00 AM,2021
CR00028310,11/25/2021 01:26:00 AM,45,CLEAR,DAYLIGHT,PEDESTRIAN,NOT DIVIDED,NO CONTROLS,UNABLE TO DETERMINE,IMPROPER OVERTAKING/PASSING,0,0,0,0,1,5,11,2349,DAMEN AVE,41.998315,-87.721066,11/25/2021 01:46:00 AM,2021
CR00028311,01/28/2019 04:00:00 PM,30,RAIN,DUSK,REAR END,NOT DIVIDED,STOP SIGN/FLASHER,UNABLE TO DETERMINE,DISTRACTION - FROM INSIDE VEHICLE,0,0,0,0,16,2,1,2045,KEDZIE AVE,41.871341,-87.685172,01/28/2019 04:20:00 PM,2019
CR00028312,10/24/2018 03:02:00 PM,35,CLEAR,DAYLIGHT,REAR TO FRONT,NOT DIVIDED,NO CONTROLS,DRIVING SKILLS/KNOWLEDGE/EXPERIENCE,FAILING TO REDUCE SPEED,0,0,0,0,15,4,10,372,CALIFORNIA AVE,41.751702,-87.764682,10/24/2018 03:15:00 PM,2018
CR00028313,01/16/2020 05:20:00 PM,35,CLEAR,DAYLIGHT,FIXED OBJECT,FOUR WAY,PEDESTRIAN CROSSING SIGN,DRIVING SKILLS/KNOWLEDGE/EXPERIENCE,UNABLE TO DETERMINE,0,0,0,0,17,5,1,2496,47TH ST,41.98479,-87.674658,01/16/2020 07:11:00 PM,2020
CR00028314,05/14/2020 10:31:00 AM,35,RAIN,DAYLIGHT,REAR END,ONE-WAY,STOP SIGN/FLASHER,UNABLE TO DETERMINE,FAILING TO REDUCE SPEED,0,0,0,0,10,5,5,1701,WESTERN AVE,41.905468,-87.698732,05/14/2020 11:00:00 AM,2020
CR00028315,12/29/2018 02:35:00 PM,35,RAIN,DARKNESS - LIGHTED ROAD,REAR TO FRONT,DIVIDED - W/MEDIAN (NOT RAISED),NO CONTROLS,UNABLE TO DETERMINE,FAILING TO YIELD RIGHT-OF-WAY,0,0,0,0,14,7,12,317,MICHIGAN AVE,41.934526,-87.549545,12/29/2018 04:23:00 PM,2018
CR00028316,02/25/2021 01:23:00 PM,30,CLEAR,DAYLIGHT,ANGLE,T-INTERSECTION,NO CONTROLS,FOLLOWING TOO CLOSELY,NOT APPLICABLE,0,0,1,1,13,5,2,1335,PULASKI RD,41.707126,-87.507353,02/25/2021 01:53:00 PM,2021
CR00028317,08/31/2016 12:15:00 PM,35,CLEAR,DARKNESS - LIGHTED ROAD,FIXED OBJECT,DIVIDED - W/MEDIAN BARRIER,STOP SIGN/FLASHER,WEATHER,IMPROPER OVERTAKING/PASSING,0,0,0,0,12,4,8,1222,CLARK ST,41.726579,-87.717096,08/31/2016 01:38:00 PM,2016
CR00028318,02/27/2024 07:23:00 AM,25,CLOUDY/OVERCAST,DAYLIGHT,REAR END,DIVIDED - W/MEDIAN (NOT RAISED),TRAFFIC SIGNAL,DRIVING SKILLS/KNOWLEDGE/EXPERIENCE,UNABLE TO DETERMINE,0,0,0,0,7,3,2,2169,ASHLAND AVE,41.902831,-87.801364,02/27/2024 07:59:00 AM,2024
CR00028319,03/22/2018 02:33:00 AM,30,CLEAR,DAYLIGHT,REAR END,T-INTERSECTION,STOP SIGN/FLASHER,UNABLE TO DETERMINE,DRIVING SKILLS/KNOWLEDGE/EXPERIENCE,0,0,3,3,2,5,3,1232,CALIFORNIA AVE,41.905414,-87.513175,03/22/2018 03:58:00 AM,2018
CR00028320,08/11/2016 10:56:00 PM,30,CLEAR,DAYLIGHT,ANGLE,DIVIDED - W/MEDIAN BARRIER,TRAFFIC SIGNAL,DRIVING SKILLS/KNOWLEDGE/EXPERIENCE,IMPROPER LANE USAGE,0,0,1,1,22,5,8,2185,PULASKI RD,41.90378,-87.70919,08/11/2016 11:18:00 PM,2016
CR00028321,04/18/2022 09:19:00 AM,35,CLEAR,DAYLIGHT,TURNING,FOUR WAY,NO CONTROLS,DISREGARDING TRAFFIC SIGNALS,DRIVING SKILLS/KNOWLEDGE/EXPERIENCE,0,0,3,3,9,2,4,767,DAMEN AVE,41.882196,-87.614437,04/18/2022 09:28:00 AM,2022
CR00028322,12/17/2023 06:55:00 PM,30,CLEAR,DAYLIGHT,ANGLE,FOUR WAY,STOP SIGN/FLASHER,UNABLE TO DETERMINE,FAILING TO REDUCE SPEED,0,0,0,0,18,1,12,1855,BROADWAY,41.823838,-87.81473,12/17/2023 08:39:00 PM,2023
CR00028323,04/05/2021 08:37:00 PM,15,CLEAR,DUSK,REAR END,NOT DIVIDED,TRAFFIC SIGNAL,DISTRACTION - FROM INSIDE VEHICLE,UNABLE TO DETERMINE,0,0,0,0,20,2,4,1781,CALIFORNIA AVE,41.823141,-87.549719,04/05/2021 09:30:00 PM,2021
CR00028324,03/23/2020 10:32:00 AM,15,CLEAR,DAYLIGHT,ANGLE,NOT DIVIDED,TRAFFIC SIGNAL,UNABLE TO DETERMINE,UNABLE TO DETERMINE,0,0,0,0,10,2,3,2334,CICERO AVE,41.851331,-87.652283,03/23/2020 10:46:00 AM,2020
CR00028325,05/01/2022 08:15:00 PM,25,CLEAR,DARKNESS,PARKED MOTOR VEHICLE,ONE-WAY,STOP SIGN/FLASHER,WEATHER,FAILING TO YIELD RIGHT-OF-WAY,0,0,0,0,20,1,5,1553,63RD ST,41.920111,-87.603159,05/01/2022 08:43:00 PM,2022
CR00028326,04/13/2018 07:51:00 AM,25,RAIN,DAYLIGHT,PARKED MOTOR VEHICLE,DIVIDED - W/MEDIAN (NOT RAISED),UNKNOWN,UNABLE TO DETERMINE,IMPROPER LANE USAGE,0,0,0,0,7,6,4,2025,ASHLAND AVE,41.936898,-87.776504,04/13/2018 08:43:00 AM,2018
CR00028327,07/10/2017 02:42:00 PM,35,CLEAR,DAYLIGHT,FIXED OBJECT,NOT DIVIDED,TRAFFIC SIGNAL,UNABLE TO DETERMINE,FAILING TO REDUCE SPEED,0,0,1,1,14,2,7,805,HALSTED ST,41.888565,-87.749728,07/10/2017 03:59:00 PM,2017
CR00028328,12/29/2018 07:36:00 PM,20,CLEAR,DARKNESS,ANGLE,DIVIDED - W/MEDIAN BARRIER,STOP SIGN/FLASHER,FAILING TO YIELD RIGHT-OF-WAY,DRIVING SKILLS/KNOWLEDGE/EXPERIENCE,0,0,0,0,19,7,12,2437,CICERO AVE,41.970775,-87.833457,12/29/2018 07:48:00 PM,2018
CR00028329,06/09/2023 05:51:00 PM,15,CLEAR,DAYLIGHT,REAR END,ONE-WAY,STOP SIGN/FLASHER,IMPROPER LANE USAGE,NOT APPLICABLE,0,0,1,1,17,6,6,1671,47TH ST,41.981197,-87.593927,06/09/2023 07:09:00 PM,2023
CR00028330,05/03/2022 07:15:00 AM,30,RAIN,DARKNESS - LIGHTED ROAD,TURNING,NOT DIVIDED,TRAFFIC SIGNAL,IMPROPER LANE USAGE,UNABLE TO DETERMINE,0,0,0,0,7,3,5,2443,BROADWAY,41.72003,-87.655457,05/03/2022 07:19:00 AM,2022
CR00028331,02/22/2023 01:08:00 AM,35,CLEAR,DARKNESS - LIGHTED ROAD,ANGLE,NOT DIVIDED,NO CONTROLS,FOLLOWING TOO CLOSELY,NOT APPLICABLE,0,0,0,0,1,4,2,1177,HALSTED ST,41.809774,-87.837572,02/22/2023 02:41:00 AM,2023
CR00028332,12/05/2017 06:00:00 PM,30,CLEAR,DAYLIGHT,REAR END,NOT DIVIDED,STOP SIGN/FLASHER,IMPROPER OVERTAKING/PASSING,UNABLE TO DETERMINE,0,0,0,0,18,3,12,1252,DIVISION ST,41.932807,-87.570121,12/05/2017 06:38:00 PM,2017
CR00028333,03/14/2024 06:57:00 AM,35,CLEAR,DAYLIGHT,REAR TO FRONT,NOT DIVIDED,STOP SIGN/FLASHER,DISREGARDING TRAFFIC SIGNALS,FAILING TO REDUCE SPEED,0,0,0,0,6,5,3,1923,HALSTED ST,41.864447,-87.518935,03/14/2024 08:48:00 AM,2024
CR00028334,04/14/2023 03:23:00 PM,45,CLEAR,DAYLIGHT,TURNING,T-INTERSECTION,TRAFFIC SIGNAL,WEATHER,NOT APPLICABLE,0,0,0,0,15,6,4,943,OGDEN AVE,41.734337,-87.519653,04/14/2023 04:08:00 PM,2023
CR00028335,08/25/2019 04:16:00 AM,35,CLEAR,DAYLIGHT,FIXED OBJECT,NOT DIVIDED,UNKNOWN,FOLLOWING TOO CLOSELY,NOT APPLICABLE,0,0,1,1,4,1,8,679,ASHLAND AVE,41.960168,-87.698123,08/25/2019 04:20:00 AM,2019
CR00028336,09/22/2021 02:43:00 PM,30,CLEAR,DUSK,REAR END,FOUR WAY,NO CONTROLS,IMPROPER OVERTAKING/PASSING,FAILING TO REDUCE SPEED,0,0,0,0,14,4,9,2072,KEDZIE AVE,41.741709,-87.507931,09/22/2021 04:09:00 PM,2021
CR00028337,11/06/2023 10:31:00 AM,20,CLEAR,DAYLIGHT,REAR END,NOT DIVIDED,NO CONTROLS,FOLLOWING TOO CLOSELY,FAILING TO YIELD RIGHT-OF-WAY,0,0,0,0,10,2,11,985,79TH ST,41.983471,-87.59148,11/06/2023 12:08:00 PM,2023
CR00028338,03/20/2020 04:22:00 PM,40,RAIN,DAYLIGHT,PARKED MOTOR VEHICLE,T-INTERSECTION,NO CONTROLS,IMPROPER LANE USAGE,WEATHER,0,0,0,0,16,6,3,506,MICHIGAN AVE,41.934556,-87.730922,03/20/2020 06:20:00 PM,2020
CR00028339,09/13/2022 07:27:00 AM,15,CLOUDY/OVERCAST,DARKNESS - LIGHTED ROAD,ANGLE,DIVIDED - W/MEDIAN BARRIER,NO CONTROLS,DISTRACTION - FROM INSIDE VEHICLE,NOT APPLICABLE,0,0,0,0,7,3,9,2450,FULLERTON AVE,41.798071,-87.719595,09/13/2022 08:15:00 AM,2022
CR00028340,10/16/2016 07:50:00 PM,30,RAIN,DAYLIGHT,REAR END,NOT DIVIDED,NO CONTROLS,FAILING TO REDUCE SPEED,DRIVING SKILLS/KNOWLEDGE/EXPERIENCE,0,0,0,0,19,1,10,2270,STONY ISLAND AVE,41.782701,-87.524933,10/16/2016 09:49:00 PM,2016
CR00028341,01/29/2022 03:29:00 PM,35,CLEAR,DAYLIGHT,REAR TO FRONT,DIVIDED - W/MEDIAN (NOT RAISED),NO CONTROLS,UNABLE TO DETERMINE,UNABLE TO DETERMINE,0,0,1,1,15,7,1,663,ROOSEVELT RD,41.732887,-87.708179,01/29/2022 04:49:00 PM,2022
CR00028342,09/16/2015 01:19:00 AM,40,CLEAR,DAYLIGHT,TURNING,T-INTERSECTION,NO CONTROLS,UNABLE TO DETERMINE,FOLLOWING TOO CLOSELY,0,0,2,2,1,4,9,1992,CICERO AVE,41.706425,-87.637634,09/16/2015 01:45:00 AM,2015
CR00028343,11/10/2021 07:33:00 PM,30,SNOW,DAYLIGHT,TURNING,DIVIDED - W/MEDIAN (NOT RAISED),NO CONTROLS,FOLLOWING TOO CLOSELY,FOLLOWING TOO CLOSELY,0,0,1,1,19,4,11,1969,CICERO AVE,41.804095,-87.730979,11/10/2021 08:03:00 PM,2021
CR00028344,02/01/2015 02:31:00 PM,15,CLEAR,DAYLIGHT,ANGLE,FOUR WAY,STOP SIGN/FLASHER,UNABLE TO DETERMINE,WEATHER,0,0,0,0,14,1,2,284,ELSTON AVE,41.803878,-87.64971,02/01/2015 02:51:00 PM,2015
CR00028345,07/13/2024 07:16:00 AM,35,CLOUDY/OVERCAST,DAYLIGHT,REAR TO FRONT,NOT DIVIDED,TRAFFIC SIGNAL,DRIVING SKILLS/KNOWLEDGE/EXPERIENCE,FOLLOWING TOO CLOSELY,0,0,0,0,7,7,7,1385,79TH ST,41.80329,-87.844267,07/13/2024 08:07:00 AM,2024
CR00028346,12/13/2021 06:35:00 AM,25,CLEAR,DUSK,REAR END,DIVIDED - W/MEDIAN (NOT RAISED),NO CONTROLS,UNABLE TO DETERMINE,IMPROPER OVERTAKING/PASSING,0,0,0,0,6,2,12,2517,IRVING PARK RD,41.785839,-87.534466,12/13/2021 07:13:00 AM,2021
CR00028347,03/30/2015 10:52:00 AM,25,CLEAR,DAYLIGHT,TURNING,T-INTERSECTION,NO CONTROLS,UNABLE TO DETERMINE,UNABLE TO DETERMINE,0,0,0,0,10,2,3,589,LAKE SHORE DR,41.920324,-87.500137,03/30/2015 11:13:00 AM,2015
CR00028348,09/21/2024 07:58:00 AM,35,CLEAR,DARKNESS - LIGHTED ROAD,ANGLE,FOUR WAY,TRAFFIC SIGNAL,FAILING TO YIELD RIGHT-OF-WAY,IMPROPER OVERTAKING/PASSING,0,0,1,1,7,7,9,1496,CICERO AVE,41.888389,-87.503664,09/21/2024 08:40:00 AM,2024
CR00028349,05/21/2023 04:51:00 PM,35,CLEAR,DARKNESS - LIGHTED ROAD,ANGLE,NOT DIVIDED,TRAFFIC SIGNAL,UNABLE TO DETERMINE,IMPROPER OVERTAKING/PASSING,0,0,1,1,16,1,5,2504,IRVING PARK RD,41.761843,-87.848188,05/21/2023 05:05:00 PM,2023
CR00028350,02/22/2017 07:38:00 AM,30,CLOUDY/OVERCAST,DARKNESS - LIGHTED ROAD,REAR END,NOT DIVIDED,NO CONTROLS,FOLLOWING TOO CLOSELY,UNABLE TO DETERMINE,0,0,0,0,7,4,2,711,47TH ST,41.769992,-87.768628,02/22/2017 09:19:00 AM,2017
CR00028351,11/09/2021 07:49:00 AM,45,SNOW,DAYLIGHT,FIXED OBJECT,NOT DIVIDED,YIELD,WEATHER,NOT APPLICABLE,0,0,0,0,7,3,11,2231,ASHLAND AVE,41.914791,-87.810706,11/09/2021 09:04:00 AM,2021
CR00028352,07/22/2017 05:41:00 PM,25,RAIN,DAYLIGHT,ANGLE,DIVIDED - W/MEDIAN (NOT RAISED),UNKNOWN,UNABLE TO DETERMINE,IMPROPER OVERTAKING/PASSING,0,2,1,3,17,7,7,995,PULASKI RD,41.935818,-87.787698,07/22/2017 07:07:00 PM,2017
CR00028353,03/02/2015 03:43:00 PM,20,CLEAR,DAYLIGHT,PEDESTRIAN,DIVIDED - W/MEDIAN (NOT RAISED),STOP SIGN/FLASHER,UNABLE TO DETERMINE,NOT APPLICABLE,0,0,0,0,15,2,3,430,WESTERN AVE,41.913153,-87.635356,03/02/2015 04:02:00 PM,2015
CR00028354,10/11/2019 05:19:00 PM,30,CLEAR,DARKNESS - LIGHTED ROAD,REAR TO FRONT,DIVIDED - W/MEDIAN (NOT RAISED),NO CONTROLS,FOLLOWING TOO CLOSELY,FAILING TO YIELD RIGHT-OF-WAY,0,0,0,0,17,6,10,950,IRVING PARK RD,41.878065,-87.720118,10/11/2019 05:44:00 PM,2019
CR00028355,05/06/2016 01:07:00 PM,15,CLEAR,DAYLIGHT,PEDESTRIAN,DIVIDED - W/MEDIAN BARRIER,NO CONTROLS,UNABLE TO DETERMINE,UNABLE TO DETERMINE,0,0,0,0,13,6,5,110,CICERO AVE,41.756218,-87.757011,05/06/2016 01:28:00 PM,2016
CR00028356,02/23/2018 05:18:00 AM,30,CLEAR,DAYLIGHT,TURNING,DIVIDED - W/MEDIAN (NOT RAISED),NO CONTROLS,FAILING TO YIELD RIGHT-OF-WAY,FOLLOWING TOO CLOSELY,0,0,0,0,5,6,2,1339,DAMEN AVE,41.767517,-87.686592,02/23/2018 05:33:00 AM,2018
CR00028357,01/24/2024 11:04:00 AM,30,RAIN,DAYLIGHT,REAR END,DIVIDED - W/MEDIAN BARRIER,NO CONTROLS,DRIVING SKILLS/KNOWLEDGE/EXPERIENCE,FOLLOWING TOO CLOSELY,0,0,0,0,11,4,1,124,WESTERN AVE,41.968078,-87.660595,01/24/2024 12:48:00 PM,2024
CR00028358,04/10/2015 08:57:00 PM,25,CLEAR,DAYLIGHT,FIXED OBJECT,DIVIDED - W/MEDIAN (NOT RAISED),TRAFFIC SIGNAL,DISREGARDING TRAFFIC SIGNALS,UNABLE TO DETERMINE,0,0,0,0,20,6,4,510,DAMEN AVE,41.770404,-87.601554,04/10/2015 10:06:00 PM,2015
CR00028359,11/16/2020 09:02:00 AM,15,RAIN,DAYLIGHT,TURNING,NOT DIVIDED,NO CONTROLS,FAILING TO YIELD RIGHT-OF-WAY,FAILING TO REDUCE SPEED,0,1,3,4,9,2,11,1980,BROADWAY,41.933903,-87.60946,11/16/2020 10:03:00 AM,2020
CR00028360,02/26/2021 04:06:00 PM,20,CLEAR,DAYLIGHT,PARKED MOTOR VEHICLE,NOT DIVIDED,NO CONTROLS,UNABLE TO DETERMINE,FAILING TO YIELD RIGHT-OF-WAY,0,0,0,0,16,6,2,2450,CALIFORNIA AVE,41.96639,-87.801437,02/26/2021 04:36:00 PM,2021
CR00028361,02/02/2015 04:11:00 PM,30,CLEAR,DAYLIGHT,ANGLE,ONE-WAY,NO CONTROLS,DISTRACTION - FROM INSIDE VEHICLE,UNABLE TO DETERMINE,0,0,0,0,16,2,2,495,ASHLAND AVE,41.929043,-87.66771,02/02/2015 05:44:00 PM,2015
CR00028362,02/18/2023 11:10:00 AM,45,RAIN,DAYLIGHT,REAR TO FRONT,DIVIDED - W/MEDIAN (NOT RAISED),TRAFFIC SIGNAL,UNABLE TO DETERMINE,FAILING TO REDUCE SPEED,0,0,1,1,11,7,2,813,79TH ST,41.824188,-87.744379,02/18/2023 11:27:00 AM,2023
CR00028363,05/08/2019 05:04:00 PM,30,SNOW,DAYLIGHT,REAR END,ONE-WAY,NO CONTROLS,DISREGARDING TRAFFIC SIGNALS,FOLLOWING TOO CLOSELY,0,0,0,0,17,4,5,2196,DAMEN AVE,41.900405,-87.525573,05/08/2019 06:24:00 PM,2019
CR00028364,12/11/2024 03:05:00 PM,40,CLEAR,DARKNESS - LIGHTED ROAD,REAR END,T-INTERSECTION,TRAFFIC SIGNAL,FOLLOWING TOO CLOSELY,DISTRACTION - FROM INSIDE VEHICLE,0,0,0,0,15,4,12,2441,CALIFORNIA AVE,41.920101,-87.571674,12/11/2024 03:55:00 PM,2024
CR00028365,10/06/2021 08:10:00 AM,45,CLEAR,DAYLIGHT,REAR TO FRONT,T-INTERSECTION,NO CONTROLS,FAILING TO YIELD RIGHT-OF-WAY,UNABLE TO DETERMINE,0,0,0,0,8,4,10,1444,MICHIGAN AVE,41.981531,-87.845952,10/06/2021 09:22:00 AM,2021
CR00028366,06/21/2023 04:19:00 PM,30,CLEAR,DARKNESS - LIGHTED ROAD,REAR END,T-INTERSECTION,NO CONTROLS,UNABLE TO DETERMINE,NOT APPLICABLE,0,0,0,0,16,4,6,569,CICERO AVE,41.809802,-87.787926,06/21/2023 05:06:00 PM,2023
CR00028367,04/11/2019 09:03:00 PM,40,CLEAR,DAYLIGHT,TURNING,ONE-WAY,NO CONTROLS,IMPROPER LANE USAGE,DRIVING SKILLS/KNOWLEDGE/EXPERIENCE,0,2,1,3,21,5,4,2177,LAKE SHORE DR,41.914855,-87.748985,04/11/2019 10:45:00 PM,2019
CR00028368,02/20/2020 02:28:00 AM,35,CLEAR,DAYLIGHT,REAR END,ONE-WAY,STOP SIGN/FLASHER,IMPROPER OVERTAKING/PASSING,FAILING TO REDUCE SPEED,0,0,0,0,2,5,2,357,MILWAUKEE AVE,41.991704,-87.72154,02/20/2020 02:50:00 AM,2020
CR00028369,11/24/2016 12:30:00 PM,40,CLEAR,DAYLIGHT,PEDESTRIAN,T-INTERSECTION,STOP SIGN/FLASHER,IMPROPER LANE USAGE,FAILING TO YIELD RIGHT-OF-WAY,0,0,0,0,12,5,11,2383,ASHLAND AVE,41.925742,-87.605753,11/24/2016 01:33:00 PM,2016
CR00028370,05/22/2024 05:28:00 AM,35,CLEAR,DAYLIGHT,PARKED MOTOR VEHICLE,DIVIDED - W/MEDIAN (NOT RAISED),TRAFFIC SIGNAL,WEATHER,FOLLOWING TOO CLOSELY,0,0,0,0,5,4,5,1536,HALSTED ST,41.838923,-87.802854,05/22/2024 05:56:00 AM,2024
CR00028371,07/25/2024 10:16:00 AM,25,CLEAR,DAYLIGHT,REAR END,NOT DIVIDED,STOP SIGN/FLASHER,IMPROPER OVERTAKING/PASSING,DISTRACTION - FROM INSIDE VEHICLE,0,0,0,0,10,5,7,2020,CALIFORNIA AVE,41.878964,-87.693217,07/25/2024 11:32:00 AM,2024
CR00028372,08/04/2015 02:26:00 PM,25,CLEAR,DAYLIGHT,REAR END,DIVIDED - W/MEDIAN BARRIER,TRAFFIC SIGNAL,DRIVING SKILLS/KNOWLEDGE/EXPERIENCE,UNABLE TO DETERMINE,0,0,0,0,14,3,8,1384,STATE ST,41.793075,-87.766358,08/04/2015 04:09:00 PM,2015
CR00028373,08/30/2015 10:42:00 PM,45,CLOUDY/OVERCAST,DAYLIGHT,TURNING,ONE-WAY,TRAFFIC SIGNAL,FOLLOWING TOO CLOSELY,NOT APPLICABLE,0,0,0,0,22,1,8,2366,KEDZIE AVE,41.960802,-87.694505,08/30/2015 11:17:00 PM,2015
CR00028374,05/04/2024 12:11:00 AM,35,RAIN,DUSK,PARKED MOTOR VEHICLE,DIVIDED - W/MEDIAN (NOT RAISED),NO CONTROLS,UNABLE TO DETERMINE,IMPROPER OVERTAKING/PASSING,0,0,3,3,0,7,5,1450,63RD ST,41.844245,-87.642925,05/04/2024 12:51:00 AM,2024
CR00028375,09/04/2024 02:10:00 PM,35,CLEAR,DAYLIGHT,TURNING,NOT DIVIDED,UNKNOWN,UNABLE TO DETERMINE,UNABLE TO DETERMINE,0,0,0,0,14,4,9,455,79TH ST,41.786564,-87.554296,09/04/2024 02:21:00 PM,2024
CR00028376,06/05/2015 09:06:00 PM,40,CLEAR,DAYLIGHT,REAR END,ONE-WAY,NO CONTROLS,DISTRACTION - FROM INSIDE VEHICLE,UNABLE TO DETERMINE,0,0,0,0,21,6,6,1015,OGDEN AVE,41.836779,-87.800647,06/05/2015 10:18:00 PM,2015
CR00028377,03/21/2023 08:50:00 PM,15,RAIN,DAYLIGHT,FIXED OBJECT,DIVIDED - W/MEDIAN (NOT RAISED),NO CONTROLS,IMPROPER OVERTAKING/PASSING,UNABLE TO DETERMINE,0,0,3,3,20,3,3,2114,ELSTON AVE,41.936351,-87.612623,03/21/2023 09:28:00 PM,2023
CR00028378,04/19/2016 05:36:00 PM,30,CLEAR,DARKNESS - LIGHTED ROAD,REAR END,NOT DIVIDED,NO CONTROLS,UNABLE TO DETERMINE,DISTRACTION - FROM INSIDE VEHICLE,0,0,0,0,17,3,4,1630,KEDZIE AVE,41.93834,-87.526875,04/19/2016 05:59:00 PM,2016
CR00028379,12/10/2016 07:36:00 PM,30,RAIN,DUSK,PARKED MOTOR VEHICLE,ONE-WAY,STOP SIGN/FLASHER,FAILING TO YIELD RIGHT-OF-WAY,FOLLOWING TOO CLOSELY,0,0,0,0,19,7,12,575,WESTERN AVE,41.753662,-87.728692,12/10/2016 07:39:00 PM,2016
CR00028380,11/22/2018 09:02:00 AM,30,CLEAR,DAYLIGHT,PARKED MOTOR VEHICLE,NOT DIVIDED,STOP SIGN/FLASHER,WEATHER,NOT APPLICABLE,0,0,0,0,9,5,11,2498,63RD ST,41.732181,-87.592984,11/22/2018 10:31:00 AM,2018
CR00028381,06/20/2015 03:10:00 PM,35,FREEZING RAIN/DRIZZLE,DAYLIGHT,PARKED MOTOR VEHICLE,FOUR WAY,NO CONTROLS,FAILING TO REDUCE SPEED,FOLLOWING TOO CLOSELY,0,0,0,0,15,7,6,2493,STONY ISLAND AVE,41.99707,-87.71122,06/20/2015 05:07:00 PM,2015
CR00028382,08/10/2016 10:30:00 AM,30,CLEAR,DAYLIGHT,SIDESWIPE SAME DIRECTION,DIVIDED - W/MEDIAN (NOT RAISED),NO CONTROLS,IMPROPER OVERTAKING/PASSING,FAILING TO YIELD RIGHT-OF-WAY,0,0,0,0,10,4,8,2161,ROOSEVELT RD,41.81937,-87.500195,08/10/2016 11:36:00 AM,2016
CR00028383,07/02/2015 03:31:00 AM,35,CLEAR,DARKNESS,PARKED MOTOR VEHICLE,NOT DIVIDED,TRAFFIC SIGNAL,FAILING TO REDUCE SPEED,UNABLE TO DETERMINE,0,0,0,0,3,5,7,131,WESTERN AVE,41.846296,-87.699588,07/02/2015 03:51:00 AM,2015
CR00028384,05/06/2017 07:19:00 AM,35,CLEAR,DARKNESS - LIGHTED ROAD,SIDESWIPE SAME DIRECTION,NOT DIVIDED,NO CONTROLS,UNABLE TO DETERMINE,WEATHER,0,0,0,0,7,7,5,1158,KEDZIE AVE,41.73589,-87.818037,05/06/2017 07:51:00 AM,2017
CR00028385,09/25/2018 07:58:00 PM,15,CLEAR,DARKNESS - LIGHTED ROAD,REAR END,DIVIDED - W/MEDIAN (NOT RAISED),STOP SIGN/FLASHER,DISREGARDING TRAFFIC SIGNALS,DISREGARDING TRAFFIC SIGNALS,0,0,0,0,19,3,9,948,KEDZIE AVE,41.863504,-87.81011,09/25/2018 08:06:00 PM,2018
CR00028386,08/12/2015 06:24:00 PM,35,CLEAR,DAYLIGHT,SIDESWIPE SAME DIRECTION,NOT DIVIDED,STOP SIGN/FLASHER,FOLLOWING TOO CLOSELY,FOLLOWING TOO CLOSELY,0,0,0,0,18,4,8,1127,47TH ST,41.986964,-87.764916,08/12/2015 07:31:00 PM,2015
CR00028387,02/16/2018 12:55:00 AM,30,CLEAR,DARKNESS - LIGHTED ROAD,ANGLE,ONE-WAY,TRAFFIC SIGNAL,UNABLE TO DETERMINE,UNABLE TO DETERMINE,0,0,0,0,0,6,2,2159,LAKE SHORE DR,41.794217,-87.663875,02/16/2018 02:50:00 AM,2018
CR00028388,07/22/2024 04:33:00 AM,35,CLEAR,DARKNESS - LIGHTED ROAD,TURNING,NOT DIVIDED,NO CONTROLS,UNABLE TO DETERMINE,IMPROPER LANE USAGE,0,0,0,0,4,2,7,266,IRVING PARK RD,41.87249,-87.601223,07/22/2024 05:54:00 AM,2024
CR00028389,04/23/2018 04:27:00 PM,30,SNOW,DAYLIGHT,REAR END,NOT DIVIDED,NO CONTROLS,DISTRACTION - FROM INSIDE VEHICLE,UNABLE TO DETERMINE,0,0,1,1,16,2,4,2432,63RD ST,41.780559,-87.80159,04/23/2018 06:26:00 PM,2018