CRASH_RECORD_ID,CRASH_DATE,POSTED_SPEED_LIMIT,WEATHER_CONDITION,LIGHTING_CONDITION,FIRST_CRASH_TYPE,TRAFFICWAY_TYPE,TRAFFIC_CONTROL_DEVICE,PRIM_CONTRIBUTORY_CAUSE,SEC_CONTRIBUTORY_CAUSE,INJURIES_FATAL,INJURIES_INCAPACITATING,INJURIES_NON_INCAPACITATING,INJURIES_TOTAL,CRASH_HOUR,CRASH_DAY_OF_WEEK,CRASH_MONTH,BEAT_OF_OCCURRENCE,STREET_NAME,LATITUDE,LONGITUDE,DATE_POLICE_NOTIFIED,year
CR00028390,07/01/2016 08:07:00 AM,35,FOG/SMOKE/HAZE,DARKNESS - LIGHTED ROAD,ANGLE,ONE-WAY,NO CONTROLS,DISTRACTION - FROM INSIDE VEHICLE,UNABLE TO DETERMINE,0,0,0,0,8,6,7,688,HALSTED ST,41.897731,-87.68482,07/01/2016 09:34:00 AM,2016
CR00028391,02/03/2022 02:15:00 PM,30,CLEAR,DARKNESS - LIGHTED ROAD,FIXED OBJECT,ONE-WAY,TRAFFIC SIGNAL,DISREGARDING TRAFFIC SIGNALS,FOLLOWING TOO CLOSELY,0,1,1,2,14,5,2,1467,MILWAUKEE AVE,41.916996,-87.64553,02/03/2022 04:14:00 PM,2022
CR00028392,06/30/2021 07:05:00 AM,25,CLEAR,DAYLIGHT,SIDESWIPE SAME DIRECTION,NOT DIVIDED,NO CONTROLS,UNABLE TO DETERMINE,DRIVING SKILLS/KNOWLEDGE/EXPERIENCE,0,0,0,0,7,4,6,2174,WESTERN AVE,41.835041,-87.820194,06/30/2021 07:31:00 AM,2021
CR00028393,11/12/2019 07:05:00 AM,30,CLEAR,DAWN,FIXED OBJECT,DIVIDED - W/MEDIAN (NOT RAISED),TRAFFIC SIGNAL,IMPROPER LANE USAGE,NOT APPLICABLE,0,0,0,0,7,3,11,1545,CICERO AVE,41.946284,-87.603706,11/12/2019 08:17:00 AM,2019
CR00028394,07/10/2015 01:46:00 PM,15,CLEAR,DAYLIGHT,PEDESTRIAN,FOUR WAY,STOP SIGN/FLASHER,FAILING TO YIELD RIGHT-OF-WAY,UNABLE TO DETERMINE,0,0,0,0,13,6,7,1317,MICHIGAN AVE,41.952919,-87.621446,07/10/2015 03:08:00 PM,2015
CR00028395,01/26/2021 07:45:00 PM,35,CLEAR,DAYLIGHT,ANGLE,NOT DIVIDED,TRAFFIC SIGNAL,FOLLOWING TOO CLOSELY,IMPROPER OVERTAKING/PASSING,0,0,0,0,19,3,1,1315,CICERO AVE,41.843314,-87.694209,01/26/2021 08:20:00 PM,2021
CR00028396,11/29/2018 05:44:00 AM,30,CLOUDY/OVERCAST,DAWN,TURNING,FOUR WAY,TRAFFIC SIGNAL,DRIVING SKILLS/KNOWLEDGE/EXPERIENCE,FAILING TO REDUCE SPEED,0,0,0,0,5,5,11,863,DIVISION ST,41.828876,-87.628321,11/29/2018 05:57:00 AM,2018
CR00028397,08/07/2021 12:59:00 AM,30,CLEAR,DAYLIGHT,REAR END,T-INTERSECTION,NO CONTROLS,DISTRACTION - FROM INSIDE VEHICLE,FOLLOWING TOO CLOSELY,0,0,1,1,0,7,8,506,LAKE SHORE DR,41.926963,-87.823223,08/07/2021 01:50:00 AM,2021
CR00028398,01/03/2019 08:02:00 AM,15,CLEAR,DAYLIGHT,TURNING,NOT DIVIDED,NO CONTROLS,DISTRACTION - FROM INSIDE VEHICLE,IMPROPER OVERTAKING/PASSING,0,0,0,0,8,5,1,1675,IRVING PARK RD,41.981624,-87.592472,01/03/2019 08:32:00 AM,2019
CR00028399,12/26/2020 05:50:00 AM,45,CLEAR,DAYLIGHT,PARKED MOTOR VEHICLE,NOT DIVIDED,NO CONTROLS,DISREGARDING TRAFFIC SIGNALS,FAILING TO YIELD RIGHT-OF-WAY,0,1,1,2,5,7,12,431,47TH ST,41.99947,-87.670145,12/26/2020 06:53:00 AM,2020
CR00028400,02/11/2016 05:34:00 PM,25,RAIN,DARKNESS - LIGHTED ROAD,FIXED OBJECT,ONE-WAY,NO CONTROLS,UNABLE TO DETERMINE,DRIVING SKILLS/KNOWLEDGE/EXPERIENCE,0,0,0,0,17,5,2,1958,LAKE SHORE DR,41.979959,-87.5848,02/11/2016 06:21:00 PM,2016
CR00028401,07/07/2015 10:32:00 AM,40,CLEAR,DARKNESS - LIGHTED ROAD,TURNING,NOT DIVIDED,NO CONTROLS,FAILING TO REDUCE SPEED,UNABLE TO DETERMINE,0,0,0,0,10,3,7,2447,KEDZIE AVE,41.888945,-87.791388,07/07/2015 11:28:00 AM,2015
CR00028402,07/18/2016 08:24:00 AM,30,CLOUDY/OVERCAST,DARKNESS - LIGHTED ROAD,REAR END,FOUR WAY,NO CONTROLS,FOLLOWING TOO CLOSELY,FOLLOWING TOO CLOSELY,0,0,0,0,8,2,7,1817,ROOSEVELT RD,41.757654,-87.565661,07/18/2016 09:57:00 AM,2016
CR00028403,02/05/2018 05:22:00 PM,45,CLEAR,DARKNESS - LIGHTED ROAD,SIDESWIPE SAME DIRECTION,DIVIDED - W/MEDIAN (NOT RAISED),TRAFFIC SIGNAL,FAILING TO REDUCE SPEED,UNABLE TO DETERMINE,0,0,0,0,17,2,2,121,OGDEN AVE,41.857691,-87.837245,02/05/2018 06:58:00 PM,2018
CR00028404,07/23/2023 08:38:00 PM,30,RAIN,DUSK,REAR TO FRONT,NOT DIVIDED,NO CONTROLS,DISREGARDING TRAFFIC SIGNALS,FAILING TO REDUCE SPEED,0,0,0,0,20,1,7,1632,63RD ST,41.875933,-87.500672,07/23/2023 10:09:00 PM,2023
CR00028405,07/12/2017 01:52:00 PM,30,CLEAR,DARKNESS - LIGHTED ROAD,REAR END,DIVIDED - W/MEDIAN (NOT RAISED),YIELD,FAILING TO YIELD RIGHT-OF-WAY,UNABLE TO DETERMINE,0,0,0,0,13,4,7,1952,STONY ISLAND AVE,41.883142,-87.697938,07/12/2017 03:29:00 PM,2017
CR00028406,12/06/2015 12:14:00 PM,45,FREEZING RAIN/DRIZZLE,DAYLIGHT,TURNING,NOT DIVIDED,YIELD,DISREGARDING TRAFFIC SIGNALS,FAILING TO YIELD RIGHT-OF-WAY,0,0,1,1,12,1,12,2096,HALSTED ST,41.907673,-87.571533,12/06/2015 12:49:00 PM,2015
CR00028407,02/21/2019 01:05:00 PM,35,CLEAR,DAYLIGHT,REAR END,NOT DIVIDED,YIELD,UNABLE TO DETERMINE,FOLLOWING TOO CLOSELY,0,0,0,0,13,5,2,1566,CICERO AVE,41.986589,-87.664878,02/21/2019 02:09:00 PM,2019
CR00028408,07/01/2024 02:00:00 PM,30,RAIN,DAWN,PEDESTRIAN,ONE-WAY,NO CONTROLS,FAILING TO REDUCE SPEED,IMPROPER OVERTAKING/PASSING,0,0,0,0,14,2,7,2213,MICHIGAN AVE,41.784647,-87.654571,07/01/2024 02:24:00 PM,2024
CR00028409,06/10/2020 12:03:00 AM,30,RAIN,DAYLIGHT,FIXED OBJECT,T-INTERSECTION,NO CONTROLS,UNABLE TO DETERMINE,UNABLE TO DETERMINE,0,0,1,1,0,4,6,1741,KEDZIE AVE,41.897614,-87.83287,06/10/2020 12:59:00 AM,2020
CR00028410,10/16/2020 10:44:00 AM,45,CLEAR,DAYLIGHT,TURNING,T-INTERSECTION,TRAFFIC SIGNAL,IMPROPER LANE USAGE,UNABLE TO DETERMINE,0,0,1,1,10,6,10,2258,HALSTED ST,41.981304,-87.606868,10/16/2020 12:04:00 PM,2020
CR00028411,11/28/2021 07:12:00 AM,30,CLEAR,DAYLIGHT,REAR END,NOT DIVIDED,TRAFFIC SIGNAL,DISREGARDING TRAFFIC SIGNALS,UNABLE TO DETERMINE,0,0,0,0,7,1,11,2279,ARCHER AVE,41.921278,-87.599113,11/28/2021 08:07:00 AM,2021
CR00028412,12/09/2023 04:53:00 PM,15,RAIN,DAYLIGHT,SIDESWIPE SAME DIRECTION,DIVIDED - W/MEDIAN (NOT RAISED),STOP SIGN/FLASHER,FAILING TO YIELD RIGHT-OF-WAY,IMPROPER OVERTAKING/PASSING,0,0,1,1,16,7,12,859,KEDZIE AVE,41.972867,-87.642008,12/09/2023 05:45:00 PM,2023
CR00028413,12/25/2016 09:15:00 AM,45,CLEAR,DAYLIGHT,REAR END,NOT DIVIDED,TRAFFIC SIGNAL,DISREGARDING TRAFFIC SIGNALS,UNABLE TO DETERMINE,0,0,0,0,9,1,12,1912,CICERO AVE,41.975414,-87.708992,12/25/2016 10:50:00 AM,2016
CR00028414,01/09/2015 03:18:00 PM,30,CLEAR,DARKNESS - LIGHTED ROAD,REAR END,ONE-WAY,NO CONTROLS,FOLLOWING TOO CLOSELY,NOT APPLICABLE,0,0,0,0,15,6,1,1238,79TH ST,41.919201,-87.598273,01/09/2015 03:51:00 PM,2015
CR00028415,12/22/2015 07:07:00 AM,15,SNOW,DARKNESS - LIGHTED ROAD,PARKED MOTOR VEHICLE,DIVIDED - W/MEDIAN BARRIER,TRAFFIC SIGNAL,DISTRACTION - FROM INSIDE VEHICLE,FAILING TO YIELD RIGHT-OF-WAY,0,0,0,0,7,3,12,1493,ARCHER AVE,41.847219,-87.504829,12/22/2015 08:18:00 AM,2015
CR00028416,12/22/2018 06:25:00 PM,35,CLEAR,DARKNESS - LIGHTED ROAD,TURNING,NOT DIVIDED,NO CONTROLS,FAILING TO YIELD RIGHT-OF-WAY,NOT APPLICABLE,0,0,0,0,18,7,12,1815,ASHLAND AVE,41.92838,-87.635326,12/22/2018 08:02:00 PM,2018
CR00028417,03/06/2022 05:47:00 PM,40,FOG/SMOKE/HAZE,DAWN,REAR TO FRONT,ONE-WAY,NO CONTROLS,DRIVING SKILLS/KNOWLEDGE/EXPERIENCE,FOLLOWING TOO CLOSELY,0,0,3,3,17,1,3,1412,WESTERN AVE,41.744229,-87.572335,03/06/2022 06:41:00 PM,2022
CR00028418,01/04/2015 01:38:00 PM,40,FOG/SMOKE/HAZE,DARKNESS - LIGHTED ROAD,ANGLE,NOT DIVIDED,STOP SIGN/FLASHER,IMPROPER LANE USAGE,DISREGARDING TRAFFIC SIGNALS,0,0,0,0,13,1,1,2162,FULLERTON AVE,41.79845,-87.538424,01/04/2015 02:40:00 PM,2015
CR00028419,07/20/2019 05:28:00 PM,30,CLEAR,DAYLIGHT,ANGLE,NOT DIVIDED,STOP SIGN/FLASHER,UNABLE TO DETERMINE,UNABLE TO DETERMINE,0,0,0,0,17,7,7,1321,DAMEN AVE,41.745034,-87.715084,07/20/2019 05:45:00 PM,2019
CR00028420,09/05/2015 09:21:00 AM,30,CLEAR,DAYLIGHT,ANGLE,NOT DIVIDED,TRAFFIC SIGNAL,WEATHER,UNABLE TO DETERMINE,0,0,1,1,9,7,9,917,FULLERTON AVE,41.810675,-87.710084,09/05/2015 10:00:00 AM,2015
CR00028421,11/14/2021 05:06:00 PM,15,CLEAR,DAYLIGHT,SIDESWIPE SAME DIRECTION,DIVIDED - W/MEDIAN BARRIER,NO CONTROLS,DRIVING SKILLS/KNOWLEDGE/EXPERIENCE,IMPROPER LANE USAGE,0,0,0,0,17,1,11,1122,MILWAUKEE AVE,41.870561,-87.820186,11/14/2021 06:43:00 PM,2021
CR00028422,02/05/2018 04:28:00 PM,40,CLOUDY/OVERCAST,DAYLIGHT,SIDESWIPE SAME DIRECTION,FOUR WAY,STOP SIGN/FLASHER,FAILING TO YIELD RIGHT-OF-WAY,FAILING TO YIELD RIGHT-OF-WAY,0,0,0,0,16,2,2,2513,CALIFORNIA AVE,41.87831,-87.648245,02/05/2018 05:36:00 PM,2018
CR00028423,09/11/2023 11:03:00 PM,30,CLOUDY/OVERCAST,DAYLIGHT,REAR TO FRONT,NOT DIVIDED,NO CONTROLS,UNABLE TO DETERMINE,NOT APPLICABLE,0,0,0,0,23,2,9,772,DAMEN AVE,41.806234,-87.684862,09/11/2023 11:55:00 PM,2023
CR00028424,01/03/2022 04:24:00 PM,15,CLEAR,DAYLIGHT,REAR END,DIVIDED - W/MEDIAN BARRIER,NO CONTROLS,FAILING TO REDUCE SPEED,WEATHER,0,0,0,0,16,2,1,2251,BROADWAY,41.916064,-87.699211,01/03/2022 05:51:00 PM,2022
CR00028425,01/06/2018 04:21:00 PM,35,CLOUDY/OVERCAST,DAYLIGHT,REAR END,DIVIDED - W/MEDIAN (NOT RAISED),STOP SIGN/FLASHER,DISREGARDING TRAFFIC SIGNALS,IMPROPER OVERTAKING/PASSING,0,0,0,0,16,7,1,218,CALIFORNIA AVE,41.868257,-87.778295,01/06/2018 05:41:00 PM,2018
CR00028426,07/29/2019 09:43:00 AM,35,CLEAR,DAYLIGHT,REAR END,DIVIDED - W/MEDIAN BARRIER,STOP SIGN/FLASHER,UNABLE TO DETERMINE,DISREGARDING TRAFFIC SIGNALS,0,0,0,0,9,2,7,1366,DAMEN AVE,41.939639,-87.679554,07/29/2019 10:40:00 AM,2019
CR00028427,02/03/2016 01:20:00 PM,25,CLEAR,DAYLIGHT,TURNING,DIVIDED - W/MEDIAN (NOT RAISED),NO CONTROLS,UNABLE TO DETERMINE,UNABLE TO DETERMINE,0,0,0,0,13,4,2,1024,IRVING PARK RD,41.763506,-87.827488,02/03/2016 01:38:00 PM,2016
CR00028428,08/26/2023 05:46:00 AM,20,CLEAR,DAYLIGHT,REAR END,NOT DIVIDED,NO CONTROLS,UNABLE TO DETERMINE,NOT APPLICABLE,0,0,0,0,5,7,8,1568,47TH ST,41.91726,-87.649248,08/26/2023 05:53:00 AM,2023
CR00028429,03/24/2018 10:06:00 AM,30,CLEAR,DAYLIGHT,TURNING,NOT DIVIDED,NO CONTROLS,UNABLE TO DETERMINE,FAILING TO YIELD RIGHT-OF-WAY,0,0,0,0,10,7,3,626,WESTERN AVE,41.894341,-87.53605,03/24/2018 11:32:00 AM,2018
CR00028430,01/24/2021 07:42:00 AM,25,CLEAR,DAYLIGHT,PARKED MOTOR VEHICLE,FOUR WAY,UNKNOWN,UNABLE TO DETERMINE,FAILING TO YIELD RIGHT-OF-WAY,0,0,0,0,7,1,1,1507,PULASKI RD,41.801625,-87.572171,01/24/2021 09:34:00 AM,2021
CR00028431,04/30/2015 07:27:00 AM,30,CLEAR,DAYLIGHT,REAR TO FRONT,FOUR WAY,STOP SIGN/FLASHER,UNABLE TO DETERMINE,NOT APPLICABLE,0,0,0,0,7,5,4,2150,MILWAUKEE AVE,41.818441,-87.747119,04/30/2015 09:15:00 AM,2015
CR00028432,05/11/2021 05:13:00 PM,15,CLEAR,DARKNESS,REAR END,T-INTERSECTION,STOP SIGN/FLASHER,FAILING TO YIELD RIGHT-OF-WAY,FOLLOWING TOO CLOSELY,0,0,0,0,17,3,5,1662,ASHLAND AVE,41.906909,-87.812764,05/11/2021 07:12:00 PM,2021
CR00028433,12/29/2020 10:23:00 AM,15,CLEAR,DAYLIGHT,REAR END,T-INTERSECTION,NO CONTROLS,DISTRACTION - FROM INSIDE VEHICLE,DISREGARDING TRAFFIC SIGNALS,0,0,0,0,10,3,12,2471,DIVISION ST,41.708348,-87.625196,12/29/2020 11:34:00 AM,2020
CR00028434,05/05/2018 03:11:00 PM,25,CLEAR,DAYLIGHT,ANGLE,DIVIDED - W/MEDIAN (NOT RAISED),NO CONTROLS,WEATHER,IMPROPER LANE USAGE,0,0,0,0,15,7,5,2249,ROOSEVELT RD,41.889689,-87.846089,05/05/2018 05:10:00 PM,2018
CR00028435,01/17/2016 11:11:00 AM,35,CLEAR,DAYLIGHT,SIDESWIPE SAME DIRECTION,NOT DIVIDED,NO CONTROLS,DRIVING SKILLS/KNOWLEDGE/EXPERIENCE,DISREGARDING TRAFFIC SIGNALS,0,0,0,0,11,1,1,2348,STONY ISLAND AVE,41.990883,-87.567626,01/17/2016 12:29:00 PM,2016
CR00028436,12/07/2022 03:05:00 PM,20,CLEAR,DUSK,REAR END,DIVIDED - W/MEDIAN (NOT RAISED),TRAFFIC SIGNAL,DISTRACTION - FROM INSIDE VEHICLE,DRIVING SKILLS/KNOWLEDGE/EXPERIENCE,0,0,0,0,15,4,12,2233,FULLERTON AVE,41.827642,-87.541402,12/07/2022 04:24:00 PM,2022
CR00028437,05/17/2021 08:04:00 AM,15,CLEAR,DUSK,REAR END,T-INTERSECTION,TRAFFIC SIGNAL,UNABLE TO DETERMINE,FAILING TO YIELD RIGHT-OF-WAY,0,0,0,0,8,2,5,992,ELSTON AVE,41.786924,-87.654994,05/17/2021 08:46:00 AM,2021
CR00028438,01/13/2015 08:02:00 AM,20,CLEAR,DAYLIGHT,SIDESWIPE SAME DIRECTION,DIVIDED - W/MEDIAN (NOT RAISED),TRAFFIC SIGNAL,FOLLOWING TOO CLOSELY,FOLLOWING TOO CLOSELY,0,0,0,0,8,3,1,746,HALSTED ST,41.785341,-87.749516,01/13/2015 09:09:00 AM,2015
CR00028439,05/27/2015 04:37:00 PM,30,SNOW,DARKNESS - LIGHTED ROAD,FIXED OBJECT,NOT DIVIDED,NO CONTROLS,UNABLE TO DETERMINE,UNABLE TO DETERMINE,0,0,1,1,16,4,5,190,STATE ST,41.838858,-87.749345,05/27/2015 06:12:00 PM,2015
CR00028440,06/29/2022 04:24:00 PM,45,CLEAR,DAYLIGHT,PARKED MOTOR VEHICLE,FOUR WAY,STOP SIGN/FLASHER,IMPROPER LANE USAGE,DISTRACTION - FROM INSIDE VEHICLE,0,0,1,1,16,4,6,654,KEDZIE AVE,41.820255,-87.681579,06/29/2022 06:21:00 PM,2022
CR00028441,02/14/2023 12:32:00 PM,30,CLEAR,DAYLIGHT,SIDESWIPE SAME DIRECTION,FOUR WAY,TRAFFIC SIGNAL,UNABLE TO DETERMINE,DISTRACTION - FROM INSIDE VEHICLE,0,1,2,3,12,3,2,1259,LAKE SHORE DR,41.937691,-87.708233,02/14/2023 02:09:00 PM,2023
CR00028442,12/19/2020 10:12:00 AM,20,RAIN,DARKNESS - LIGHTED ROAD,REAR END,FOUR WAY,NO CONTROLS,DISREGARDING TRAFFIC SIGNALS,UNABLE TO DETERMINE,0,0,0,0,10,7,12,925,DIVISION ST,41.729535,-87.845513,12/19/2020 10:54:00 AM,2020
CR00028443,10/17/2021 12:48:00 PM,35,CLEAR,DAYLIGHT,PARKED MOTOR VEHICLE,DIVIDED - W/MEDIAN BARRIER,TRAFFIC SIGNAL,FOLLOWING TOO CLOSELY,UNABLE TO DETERMINE,0,0,0,0,12,1,10,810,CALIFORNIA AVE,41.703197,-87.608943,10/17/2021 02:46:00 PM,2021
CR00028444,05/05/2021 02:19:00 PM,30,CLEAR,DARKNESS,SIDESWIPE SAME DIRECTION,NOT DIVIDED,STOP SIGN/FLASHER,FAILING TO REDUCE SPEED,FAILING TO REDUCE SPEED,0,0,0,0,14,4,5,1972,KEDZIE AVE,41.726765,-87.50906,05/05/2021 02:36:00 PM,2021
CR00028445,10/03/2024 05:36:00 PM,30,RAIN,DAYLIGHT,REAR END,FOUR WAY,NO CONTROLS,IMPROPER OVERTAKING/PASSING,NOT APPLICABLE,0,0,1,1,17,5,10,1204,ASHLAND AVE,41.920763,-87.771884,10/03/2024 05:50:00 PM,2024
CR00028446,07/31/2024 06:14:00 PM,25,CLEAR,DARKNESS - LIGHTED ROAD,TURNING,ONE-WAY,TRAFFIC SIGNAL,DISTRACTION - FROM INSIDE VEHICLE,FOLLOWING TOO CLOSELY,0,0,0,0,18,4,7,541,IRVING PARK RD,41.897641,-87.590863,07/31/2024 07:29:00 PM,2024
CR00028447,02/15/2015 10:35:00 AM,35,CLOUDY/OVERCAST,DAYLIGHT,PARKED MOTOR VEHICLE,DIVIDED - W/MEDIAN (NOT RAISED),TRAFFIC SIGNAL,FAILING TO YIELD RIGHT-OF-WAY,FOLLOWING TOO CLOSELY,0,0,0,0,10,1,2,2035,STATE ST,41.700297,-87.574993,02/15/2015 11:00:00 AM,2015
CR00028448,03/08/2019 03:12:00 PM,45,CLEAR,DAYLIGHT,TURNING,FOUR WAY,TRAFFIC SIGNAL,IMPROPER LANE USAGE,FAILING TO YIELD RIGHT-OF-WAY,0,0,2,2,15,6,3,1076,WESTERN AVE,41.833999,-87.790237,03/08/2019 03:43:00 PM,2019
CR00028449,07/09/2019 10:26:00 PM,40,CLEAR,DAYLIGHT,SIDESWIPE SAME DIRECTION,DIVIDED - W/MEDIAN (NOT RAISED),TRAFFIC SIGNAL,UNABLE TO DETERMINE,FOLLOWING TOO CLOSELY,0,0,0,0,22,3,7,2041,IRVING PARK RD,41.710343,-87.849674,07/10/2019 12:05:00 AM,2019
CR00028450,01/01/2015 06:48:00 AM,20,CLEAR,DAYLIGHT,ANGLE,NOT DIVIDED,TRAFFIC SIGNAL,FAILING TO REDUCE SPEED,UNABLE TO DETERMINE,0,0,0,0,6,5,1,959,DAMEN AVE,41.901148,-87.810688,01/01/2015 08:07:00 AM,2015
CR00028451,04/15/2018 07:07:00 AM,40,CLEAR,DAYLIGHT,REAR TO FRONT,DIVIDED - W/MEDIAN (NOT RAISED),STOP SIGN/FLASHER,DRIVING SKILLS/KNOWLEDGE/EXPERIENCE,DISREGARDING TRAFFIC SIGNALS,0,0,0,0,7,1,4,242,ROOSEVELT RD,41.765938,-87.523037,04/15/2018 07:21:00 AM,2018
CR00028452,02/18/2019 11:51:00 AM,40,CLEAR,DAYLIGHT,REAR END,DIVIDED - W/MEDIAN (NOT RAISED),TRAFFIC SIGNAL,FAILING TO YIELD RIGHT-OF-WAY,NOT APPLICABLE,0,0,0,0,11,2,2,535,47TH ST,41.865333,-87.767673,02/18/2019 01:31:00 PM,2019
CR00028453,03/05/2016 01:11:00 AM,45,SNOW,DAYLIGHT,REAR TO FRONT,ONE-WAY,NO CONTROLS,FAILING TO REDUCE SPEED,IMPROPER LANE USAGE,0,0,0,0,1,7,3,170,IRVING PARK RD,41.830449,-87.807322,03/05/2016 01:33:00 AM,2016
CR00028454,09/19/2015 01:32:00 PM,25,CLEAR,DAWN,REAR END,DIVIDED - W/MEDIAN (NOT RAISED),NO CONTROLS,UNABLE TO DETERMINE,FAILING TO YIELD RIGHT-OF-WAY,0,0,0,0,13,7,9,306,WESTERN AVE,41.915772,-87.650177,09/19/2015 02:43:00 PM,2015
CR00028455,10/09/2021 02:53:00 PM,30,CLEAR,DAYLIGHT,PARKED MOTOR VEHICLE,DIVIDED - W/MEDIAN BARRIER,NO CONTROLS,FAILING TO YIELD RIGHT-OF-WAY,WEATHER,0,0,0,0,14,7,10,334,63RD ST,41.796503,-87.647195,10/09/2021 04:32:00 PM,2021
CR00028456,07/12/2024 10:57:00 AM,40,CLEAR,DAYLIGHT,REAR END,DIVIDED - W/MEDIAN BARRIER,NO CONTROLS,FAILING TO YIELD RIGHT-OF-WAY,DISREGARDING TRAFFIC SIGNALS,0,0,0,0,10,6,7,594,CALIFORNIA AVE,41.846588,-87.848838,07/12/2024 12:48:00 PM,2024
CR00028457,05/09/2020 12:45:00 PM,30,CLEAR,DAYLIGHT,PEDESTRIAN,FOUR WAY,NO CONTROLS,WEATHER,DISREGARDING TRAFFIC SIGNALS,0,0,0,0,12,7,5,656,STONY ISLAND AVE,41.857601,-87.72141,05/09/2020 02:14:00 PM,2020
CR00028458,10/27/2017 08:42:00 PM,35,CLEAR,DAYLIGHT,TURNING,DIVIDED - W/MEDIAN (NOT RAISED),STOP SIGN/FLASHER,UNABLE TO DETERMINE,FAILING TO YIELD RIGHT-OF-WAY,0,0,0,0,20,6,10,988,FULLERTON AVE,41.76845,-87.751273,10/27/2017 10:38:00 PM,2017
CR00028459,06/07/2016 10:40:00 AM,20,CLEAR,DARKNESS - LIGHTED ROAD,REAR END,NOT DIVIDED,NO CONTROLS,UNABLE TO DETERMINE,IMPROPER OVERTAKING/PASSING,0,0,0,0,10,3,6,2205,ROOSEVELT RD,41.779736,-87.531112,06/07/2016 11:06:00 AM,2016
CR00028460,06/23/2018 08:29:00 AM,20,CLEAR,DAYLIGHT,FIXED OBJECT,NOT DIVIDED,NO CONTROLS,UNABLE TO DETERMINE,DRIVING SKILLS/KNOWLEDGE/EXPERIENCE,0,0,0,0,8,7,6,239,PULASKI RD,41.743026,-87.676914,06/23/2018 08:40:00 AM,2018
CR00028461,09/15/2022 07:54:00 AM,45,CLEAR,DARKNESS - LIGHTED ROAD,REAR END,NOT DIVIDED,NO CONTROLS,UNABLE TO DETERMINE,UNABLE TO DETERMINE,0,0,0,0,7,5,9,2521,MICHIGAN AVE,41.841063,-87.561958,09/15/2022 08:25:00 AM,2022
CR00028462,02/05/2017 03:36:00 PM,40,CLEAR,DAYLIGHT,SIDESWIPE SAME DIRECTION,T-INTERSECTION,TRAFFIC SIGNAL,DISTRACTION - FROM INSIDE VEHICLE,NOT APPLICABLE,0,1,1,2,15,1,2,2503,PULASKI RD,41.746427,-87.535347,02/05/2017 05:11:00 PM,2017
CR00028463,12/26/2015 01:33:00 PM,30,CLEAR,DARKNESS,REAR END,NOT DIVIDED,STOP SIGN/FLASHER,FAILING TO YIELD RIGHT-OF-WAY,FOLLOWING TOO CLOSELY,0,0,1,1,13,7,12,301,STONY ISLAND AVE,41.946442,-87.679691,12/26/2015 02:43:00 PM,2015
CR00028464,04/02/2019 11:09:00 AM,30,CLEAR,DAYLIGHT,REAR END,DIVIDED - W/MEDIAN (NOT RAISED),NO CONTROLS,UNABLE TO DETERMINE,WEATHER,0,0,3,3,11,3,4,419,47TH ST,41.965066,-87.544151,04/02/2019 12:41:00 PM,2019
CR00028465,01/04/2015 06:20:00 PM,30,CLEAR,DAYLIGHT,REAR END,ONE-WAY,NO CONTROLS,FOLLOWING TOO CLOSELY,UNABLE TO DETERMINE,0,0,0,0,18,1,1,796,PULASKI RD,41.744082,-87.678144,01/04/2015 07:09:00 PM,2015
CR00028466,01/25/2016 06:19:00 PM,30,CLEAR,DAYLIGHT,TURNING,NOT DIVIDED,NO CONTROLS,DRIVING SKILLS/KNOWLEDGE/EXPERIENCE,IMPROPER LANE USAGE,0,0,0,0,18,2,1,1163,MICHIGAN AVE,41.843633,-87.596137,01/25/2016 06:49:00 PM,2016
CR00028467,04/19/2023 07:19:00 AM,35,RAIN,DAYLIGHT,PARKED MOTOR VEHICLE,NOT DIVIDED,TRAFFIC SIGNAL,UNABLE TO DETERMINE,DISTRACTION - FROM INSIDE VEHICLE,0,0,0,0,7,4,4,2012,79TH ST,41.894026,-87.544038,04/19/2023 08:21:00 AM,2023
CR00028468,01/30/2023 12:01:00 AM,30,RAIN,DAYLIGHT,ANGLE,ONE-WAY,YIELD,IMPROPER OVERTAKING/PASSING,IMPROPER OVERTAKING/PASSING,0,0,0,0,0,2,1,2073,KEDZIE AVE,41.912846,-87.554065,01/30/2023 01:44:00 AM,2023
CR00028469,04/11/2018 11:39:00 AM,40,CLEAR,DAYLIGHT,PARKED MOTOR VEHICLE,DIVIDED - W/MEDIAN BARRIER,YIELD,FAILING TO REDUCE SPEED,UNABLE TO DETERMINE,0,0,0,0,11,4,4,815,63RD ST,41.923181,-87.735725,04/11/2018 01:20:00 PM,2018
CR00028470,12/09/2020 01:37:00 PM,35,CLEAR,DAYLIGHT,SIDESWIPE SAME DIRECTION,NOT DIVIDED,NO CONTROLS,DISTRACTION - FROM INSIDE VEHICLE,DISTRACTION - FROM INSIDE VEHICLE,0,0,0,0,13,4,12,1897,63RD ST,41.93602,-87.780069,12/09/2020 02:49:00 PM,2020
CR00028471,06/04/2020 08:36:00 PM,35,CLEAR,DARKNESS - LIGHTED ROAD,PARKED MOTOR VEHICLE,T-INTERSECTION,TRAFFIC SIGNAL,FAILING TO YIELD RIGHT-OF-WAY,FAILING TO YIELD RIGHT-OF-WAY,0,0,0,0,20,5,6,2200,KEDZIE AVE,41.924288,-87.588406,06/04/2020 09:56:00 PM,2020