CRASH_RECORD_ID,CRASH_DATE,POSTED_SPEED_LIMIT,WEATHER_CONDITION,LIGHTING_CONDITION,FIRST_CRASH_TYPE,TRAFFICWAY_TYPE,TRAFFIC_CONTROL_DEVICE,PRIM_CONTRIBUTORY_CAUSE,SEC_CONTRIBUTORY_CAUSE,INJURIES_FATAL,INJURIES_INCAPACITATING,INJURIES_NON_INCAPACITATING,INJURIES_TOTAL,CRASH_HOUR,CRASH_DAY_OF_WEEK,CRASH_MONTH,BEAT_OF_OCCURRENCE,STREET_NAME,LATITUDE,LONGITUDE,DATE_POLICE_NOTIFIED,year
CR00028472,10/11/2020 04:27:00 PM,35,RAIN,DAYLIGHT,FIXED OBJECT,NOT DIVIDED,TRAFFIC SIGNAL,UNABLE TO DETERMINE,UNABLE TO DETERMINE,0,0,0,0,16,1,10,933,STATE ST,41.871696,-87.668849,10/11/2020 06:11:00 PM,2020
CR00028473,03/05/2017 11:34:00 AM,45,CLEAR,DAWN,SIDESWIPE SAME DIRECTION,DIVIDED - W/MEDIAN BARRIER,NO CONTROLS,IMPROPER LANE USAGE,FOLLOWING TOO CLOSELY,0,0,0,0,11,1,3,1430,ASHLAND AVE,41.779101,-87.606083,03/05/2017 12:34:00 PM,2017
CR00028474,05/04/2018 04:32:00 PM,30,CLEAR,DAYLIGHT,PEDESTRIAN,DIVIDED - W/MEDIAN BARRIER,YIELD,FAILING TO REDUCE SPEED,DISREGARDING TRAFFIC SIGNALS,0,0,0,0,16,6,5,1543,STONY ISLAND AVE,41.715429,-87.63366,05/04/2018 04:51:00 PM,2018
CR00028475,11/01/2022 02:42:00 AM,35,CLOUDY/OVERCAST,DARKNESS - LIGHTED ROAD,SIDESWIPE SAME DIRECTION,NOT DIVIDED,NO CONTROLS,UNABLE TO DETERMINE,FAILING TO REDUCE SPEED,0,0,0,0,2,3,11,2387,CLARK ST,41.742486,-87.624962,11/01/2022 03:10:00 AM,2022
CR00028476,02/04/2020 10:35:00 PM,30,CLOUDY/OVERCAST,DAYLIGHT,REAR END,NOT DIVIDED,NO CONTROLS,FOLLOWING TOO CLOSELY,IMPROPER LANE USAGE,0,0,2,2,22,3,2,1947,OGDEN AVE,41.971823,-87.842507,02/04/2020 11:29:00 PM,2020
CR00028477,03/23/2017 09:14:00 AM,40,CLEAR,DARKNESS - LIGHTED ROAD,PARKED MOTOR VEHICLE,NOT DIVIDED,NO CONTROLS,IMPROPER LANE USAGE,FAILING TO REDUCE SPEED,0,0,0,0,9,5,3,941,ARCHER AVE,41.939664,-87.749409,03/23/2017 09:31:00 AM,2017
CR00028478,10/08/2021 06:27:00 PM,35,RAIN,DAYLIGHT,SIDESWIPE SAME DIRECTION,NOT DIVIDED,TRAFFIC SIGNAL,UNABLE TO DETERMINE,IMPROPER OVERTAKING/PASSING,0,0,1,1,18,6,10,914,DIVISION ST,41.785302,-87.812937,10/08/2021 07:39:00 PM,2021
CR00028479,11/05/2024 04:12:00 PM,45,CLEAR,DAYLIGHT,REAR END,NOT DIVIDED,NO CONTROLS,DISTRACTION - FROM INSIDE VEHICLE,FAILING TO REDUCE SPEED,0,0,0,0,16,3,11,1993,63RD ST,41.908881,-87.560506,11/05/2024 04:49:00 PM,2024
CR00028480,06/07/2016 02:15:00 AM,30,RAIN,DAYLIGHT,ANGLE,NOT DIVIDED,NO CONTROLS,UNABLE TO DETERMINE,DRIVING SKILLS/KNOWLEDGE/EXPERIENCE,0,0,0,0,2,3,6,927,CALIFORNIA AVE,41.854402,-87.801785,06/07/2016 03:33:00 AM,2016
CR00028481,03/17/2018 07:28:00 AM,30,CLEAR,DAYLIGHT,REAR END,NOT DIVIDED,NO CONTROLS,DRIVING SKILLS/KNOWLEDGE/EXPERIENCE,WEATHER,0,0,0,0,7,7,3,198,FULLERTON AVE,41.923633,-87.567242,03/17/2018 09:26:00 AM,2018
CR00028482,01/12/2016 11:50:00 AM,35,CLEAR,DARKNESS,TURNING,NOT DIVIDED,NO CONTROLS,FOLLOWING TOO CLOSELY,NOT APPLICABLE,0,0,0,0,11,3,1,394,MICHIGAN AVE,41.79007,-87.589058,01/12/2016 11:52:00 AM,2016
CR00028483,06/27/2024 07:59:00 AM,40,CLEAR,DARKNESS,REAR END,NOT DIVIDED,STOP SIGN/FLASHER,UNABLE TO DETERMINE,IMPROPER LANE USAGE,0,0,0,0,7,5,6,254,WESTERN AVE,41.945812,-87.650436,06/27/2024 09:31:00 AM,2024
CR00028484,07/31/2015 03:08:00 PM,15,CLEAR,DAYLIGHT,REAR END,DIVIDED - W/MEDIAN (NOT RAISED),STOP SIGN/FLASHER,FAILING TO YIELD RIGHT-OF-WAY,DISREGARDING TRAFFIC SIGNALS,0,0,0,0,15,6,7,1755,STATE ST,41.870458,-87.50196,07/31/2015 04:12:00 PM,2015
CR00028485,07/09/2020 08:09:00 AM,40,CLOUDY/OVERCAST,DARKNESS,ANGLE,DIVIDED - W/MEDIAN (NOT RAISED),UNKNOWN,DISTRACTION - FROM INSIDE VEHICLE,FAILING TO YIELD RIGHT-OF-WAY,0,0,0,0,8,5,7,985,MILWAUKEE AVE,41.863547,-87.741413,07/09/2020 09:36:00 AM,2020
CR00028486,05/19/2020 10:40:00 AM,35,CLEAR,DAYLIGHT,REAR END,DIVIDED - W/MEDIAN BARRIER,STOP SIGN/FLASHER,UNABLE TO DETERMINE,IMPROPER LANE USAGE,0,0,0,0,10,3,5,464,ELSTON AVE,41.764724,-87.804031,05/19/2020 11:47:00 AM,2020
CR00028487,11/19/2021 07:13:00 PM,45,FREEZING RAIN/DRIZZLE,DARKNESS - LIGHTED ROAD,PARKED MOTOR VEHICLE,T-INTERSECTION,NO CONTROLS,FOLLOWING TOO CLOSELY,UNABLE TO DETERMINE,0,0,0,0,19,6,11,156,ARCHER AVE,41.75758,-87.573476,11/19/2021 08:28:00 PM,2021
CR00028488,12/04/2015 10:44:00 PM,25,CLEAR,DAYLIGHT,SIDESWIPE SAME DIRECTION,DIVIDED - W/MEDIAN (NOT RAISED),NO CONTROLS,FAILING TO REDUCE SPEED,UNABLE TO DETERMINE,0,0,0,0,22,6,12,1459,CICERO AVE,41.761627,-87.785976,12/05/2015 12:44:00 AM,2015
CR00028489,08/17/2015 03:17:00 PM,35,CLEAR,DAYLIGHT,PARKED MOTOR VEHICLE,FOUR WAY,NO CONTROLS,UNABLE TO DETERMINE,NOT APPLICABLE,0,0,1,1,15,2,8,220,CLARK ST,41.951198,-87.524105,08/17/2015 04:31:00 PM,2015
CR00028490,09/04/2018 07:35:00 AM,25,CLEAR,DAYLIGHT,SIDESWIPE SAME DIRECTION,NOT DIVIDED,NO CONTROLS,UNABLE TO DETERMINE,UNABLE TO DETERMINE,0,0,0,0,7,3,9,1589,ASHLAND AVE,41.816917,-87.585689,09/04/2018 07:53:00 AM,2018
CR00028491,08/22/2015 02:35:00 AM,35,CLEAR,DAYLIGHT,REAR END,NOT DIVIDED,TRAFFIC SIGNAL,FOLLOWING TOO CLOSELY,UNABLE TO DETERMINE,0,0,0,0,2,7,8,1633,DAMEN AVE,41.813018,-87.581431,08/22/2015 02:41:00 AM,2015
CR00028492,10/06/2019 07:58:00 AM,45,CLEAR,DARKNESS - LIGHTED ROAD,FIXED OBJECT,T-INTERSECTION,TRAFFIC SIGNAL,UNABLE TO DETERMINE,FAILING TO YIELD RIGHT-OF-WAY,0,0,0,0,7,1,10,412,63RD ST,41.948931,-87.798245,10/06/2019 09:50:00 AM,2019
CR00028493,05/19/2022 02:01:00 PM,25,CLEAR,DAYLIGHT,REAR END,DIVIDED - W/MEDIAN BARRIER,NO CONTROLS,FAILING TO YIELD RIGHT-OF-WAY,FOLLOWING TOO CLOSELY,0,0,0,0,14,5,5,2307,IRVING PARK RD,41.941218,-87.619411,05/19/2022 03:01:00 PM,2022
CR00028494,11/24/2022 02:31:00 PM,20,CLEAR,DAWN,SIDESWIPE SAME DIRECTION,NOT DIVIDED,NO CONTROLS,FOLLOWING TOO CLOSELY,UNABLE TO DETERMINE,0,0,0,0,14,5,11,1208,BROADWAY,41.754067,-87.804303,11/24/2022 03:10:00 PM,2022
CR00028495,02/10/2020 05:19:00 PM,35,SNOW,DAYLIGHT,TURNING,FOUR WAY,TRAFFIC SIGNAL,IMPROPER LANE USAGE,FAILING TO YIELD RIGHT-OF-WAY,0,0,0,0,17,2,2,895,63RD ST,41.820506,-87.554234,02/10/2020 06:54:00 PM,2020
CR00028496,08/01/2016 09:48:00 AM,25,CLEAR,DAYLIGHT,REAR TO FRONT,ONE-WAY,STOP SIGN/FLASHER,UNABLE TO DETERMINE,FOLLOWING TOO CLOSELY,0,0,0,0,9,2,8,1842,63RD ST,41.817699,-87.594866,08/01/2016 11:18:00 AM,2016
CR00028497,11/13/2018 10:04:00 AM,45,CLEAR,DAYLIGHT,ANGLE,NOT DIVIDED,TRAFFIC SIGNAL,DISTRACTION - FROM INSIDE VEHICLE,FAILING TO YIELD RIGHT-OF-WAY,0,0,0,0,10,3,11,543,MICHIGAN AVE,41.845145,-87.787808,11/13/2018 10:54:00 AM,2018
CR00028498,02/10/2020 11:39:00 AM,20,CLEAR,DARKNESS - LIGHTED ROAD,REAR END,NOT DIVIDED,NO CONTROLS,UNABLE TO DETERMINE,UNABLE TO DETERMINE,0,0,0,0,11,2,2,2430,WESTERN AVE,41.806203,-87.660465,02/10/2020 12:35:00 PM,2020
CR00028499,08/23/2020 05:05:00 PM,20,CLEAR,DAYLIGHT,TURNING,NOT DIVIDED,UNKNOWN,IMPROPER OVERTAKING/PASSING,IMPROPER OVERTAKING/PASSING,0,0,0,0,17,1,8,2396,KEDZIE AVE,41.783369,-87.577694,08/23/2020 06:43:00 PM,2020
CR00028500,07/12/2022 12:19:00 AM,45,CLEAR,DAYLIGHT,ANGLE,DIVIDED - W/MEDIAN (NOT RAISED),TRAFFIC SIGNAL,UNABLE TO DETERMINE,IMPROPER OVERTAKING/PASSING,0,0,0,0,0,3,7,1159,BROADWAY,41.73758,-87.829276,07/12/2022 01:18:00 AM,2022
CR00028501,09/27/2016 06:36:00 AM,35,RAIN,DAYLIGHT,ANGLE,DIVIDED - W/MEDIAN BARRIER,UNKNOWN,UNABLE TO DETERMINE,IMPROPER OVERTAKING/PASSING,0,0,0,0,6,3,9,2162,DAMEN AVE,41.930815,-87.683645,09/27/2016 06:48:00 AM,2016
CR00028502,12/23/2021 08:56:00 PM,20,CLEAR,DAYLIGHT,PARKED MOTOR VEHICLE,DIVIDED - W/MEDIAN (NOT RAISED),TRAFFIC SIGNAL,FAILING TO REDUCE SPEED,IMPROPER OVERTAKING/PASSING,0,0,2,2,20,5,12,2371,47TH ST,41.708115,-87.815477,12/23/2021 09:38:00 PM,2021
CR00028503,05/13/2020 03:35:00 PM,30,CLEAR,DARKNESS - LIGHTED ROAD,PEDESTRIAN,NOT DIVIDED,STOP SIGN/FLASHER,FAILING TO YIELD RIGHT-OF-WAY,IMPROPER LANE USAGE,0,0,0,0,15,4,5,381,STATE ST,41.821194,-87.816675,05/13/2020 04:34:00 PM,2020
CR00028504,10/03/2023 05:12:00 PM,30,SNOW,DAYLIGHT,SIDESWIPE SAME DIRECTION,FOUR WAY,TRAFFIC SIGNAL,FOLLOWING TOO CLOSELY,FOLLOWING TOO CLOSELY,0,0,0,0,17,3,10,2235,WESTERN AVE,41.735736,-87.797404,10/03/2023 06:49:00 PM,2023
CR00028505,03/16/2017 07:52:00 PM,30,CLEAR,DAYLIGHT,REAR END,NOT DIVIDED,NO CONTROLS,FAILING TO YIELD RIGHT-OF-WAY,DISREGARDING TRAFFIC SIGNALS,0,0,0,0,19,5,3,1250,ELSTON AVE,41.770658,-87.815722,03/16/2017 08:52:00 PM,2017
CR00028506,08/27/2018 02:06:00 PM,25,CLEAR,DARKNESS,PARKED MOTOR VEHICLE,DIVIDED - W/MEDIAN (NOT RAISED),NO CONTROLS,FOLLOWING TOO CLOSELY,IMPROPER OVERTAKING/PASSING,0,0,0,0,14,2,8,240,ARCHER AVE,41.950422,-87.740555,08/27/2018 03:16:00 PM,2018
CR00028507,08/30/2024 04:09:00 PM,35,CLEAR,DAYLIGHT,SIDESWIPE SAME DIRECTION,NOT DIVIDED,STOP SIGN/FLASHER,UNABLE TO DETERMINE,FAILING TO YIELD RIGHT-OF-WAY,0,0,0,0,16,6,8,977,LAKE SHORE DR,41.962711,-87.723967,08/30/2024 05:41:00 PM,2024
CR00028508,08/08/2023 01:58:00 PM,45,CLEAR,DAYLIGHT,REAR TO FRONT,FOUR WAY,NO CONTROLS,UNABLE TO DETERMINE,NOT APPLICABLE,0,0,1,1,13,3,8,617,OGDEN AVE,41.714141,-87.729273,08/08/2023 03:51:00 PM,2023
CR00028509,10/16/2022 01:10:00 PM,35,CLEAR,DAYLIGHT,SIDESWIPE SAME DIRECTION,NOT DIVIDED,TRAFFIC SIGNAL,FAILING TO REDUCE SPEED,DISTRACTION - FROM INSIDE VEHICLE,0,0,0,0,13,1,10,2312,STATE ST,41.760486,-87.824994,10/16/2022 01:56:00 PM,2022
CR00028510,06/04/2023 11:17:00 PM,30,CLOUDY/OVERCAST,DAYLIGHT,TURNING,NOT DIVIDED,TRAFFIC SIGNAL,IMPROPER OVERTAKING/PASSING,UNABLE TO DETERMINE,0,0,2,2,23,1,6,770,CALIFORNIA AVE,41.992198,-87.598424,06/04/2023 11:24:00 PM,2023
CR00028511,05/03/2019 06:29:00 PM,15,CLEAR,DAYLIGHT,ANGLE,DIVIDED - W/MEDIAN BARRIER,TRAFFIC SIGNAL,DRIVING SKILLS/KNOWLEDGE/EXPERIENCE,IMPROPER LANE USAGE,0,0,2,2,18,6,5,1425,BROADWAY,41.810197,-87.769685,05/03/2019 07:56:00 PM,2019
CR00028512,10/17/2024 06:20:00 PM,25,CLEAR,DAYLIGHT,FIXED OBJECT,T-INTERSECTION,UNKNOWN,IMPROPER LANE USAGE,FOLLOWING TOO CLOSELY,0,0,0,0,18,5,10,2501,KEDZIE AVE,41.738769,-87.506618,10/17/2024 07:39:00 PM,2024
CR00028513,04/05/2015 02:59:00 PM,30,CLEAR,DARKNESS,ANGLE,ONE-WAY,STOP SIGN/FLASHER,UNABLE TO DETERMINE,DISTRACTION - FROM INSIDE VEHICLE,0,0,1,1,14,1,4,1689,ELSTON AVE,41.923213,-87.618787,04/05/2015 04:06:00 PM,2015
CR00028514,10/04/2015 05:43:00 AM,25,CLEAR,DAYLIGHT,ANGLE,ONE-WAY,NO CONTROLS,UNABLE TO DETERMINE,NOT APPLICABLE,0,0,0,0,5,1,10,728,ARCHER AVE,41.761531,-87.627664,10/04/2015 06:14:00 AM,2015
CR00028515,09/20/2020 01:17:00 PM,40,CLEAR,DARKNESS - LIGHTED ROAD,REAR END,NOT DIVIDED,TRAFFIC SIGNAL,UNABLE TO DETERMINE,IMPROPER OVERTAKING/PASSING,0,0,3,3,13,1,9,1578,CLARK ST,41.932722,-87.520719,09/20/2020 02:45:00 PM,2020
CR00028516,02/07/2022 01:59:00 PM,30,CLEAR,DARKNESS - LIGHTED ROAD,REAR END,ONE-WAY,STOP SIGN/FLASHER,IMPROPER OVERTAKING/PASSING,FOLLOWING TOO CLOSELY,0,0,0,0,13,2,2,478,LAKE SHORE DR,41.838135,-87.822035,02/07/2022 02:30:00 PM,2022
CR00028517,12/27/2022 06:53:00 PM,35,CLEAR,DUSK,SIDESWIPE SAME DIRECTION,DIVIDED - W/MEDIAN (NOT RAISED),TRAFFIC SIGNAL,IMPROPER LANE USAGE,IMPROPER OVERTAKING/PASSING,0,0,0,0,18,3,12,226,DIVISION ST,41.973686,-87.71609,12/27/2022 08:29:00 PM,2022
CR00028518,06/15/2020 01:15:00 PM,25,CLEAR,DAYLIGHT,TURNING,NOT DIVIDED,NO CONTROLS,IMPROPER LANE USAGE,DRIVING SKILLS/KNOWLEDGE/EXPERIENCE,0,0,0,0,13,2,6,1102,IRVING PARK RD,41.919434,-87.604976,06/15/2020 01:53:00 PM,2020
CR00028519,03/14/2015 01:47:00 PM,35,CLOUDY/OVERCAST,DAYLIGHT,PEDESTRIAN,FOUR WAY,TRAFFIC SIGNAL,FOLLOWING TOO CLOSELY,UNABLE TO DETERMINE,0,2,2,4,13,7,3,1419,CLARK ST,41.864342,-87.759288,03/14/2015 03:45:00 PM,2015
CR00028520,11/04/2022 12:09:00 PM,15,CLEAR,DAYLIGHT,REAR END,NOT DIVIDED,NO CONTROLS,UNABLE TO DETERMINE,NOT APPLICABLE,0,0,2,2,12,6,11,981,HALSTED ST,41.950211,-87.797256,11/04/2022 01:16:00 PM,2022
CR00028521,03/06/2016 05:51:00 PM,30,CLEAR,DAYLIGHT,FIXED OBJECT,DIVIDED - W/MEDIAN BARRIER,STOP SIGN/FLASHER,UNABLE TO DETERMINE,UNABLE TO DETERMINE,0,0,0,0,17,1,3,1123,DIVISION ST,41.88443,-87.505008,03/06/2016 07:45:00 PM,2016
CR00028522,04/08/2020 04:00:00 PM,25,SNOW,DARKNESS - LIGHTED ROAD,SIDESWIPE SAME DIRECTION,DIVIDED - W/MEDIAN (NOT RAISED),STOP SIGN/FLASHER,DISTRACTION - FROM INSIDE VEHICLE,NOT APPLICABLE,0,0,0,0,16,4,4,445,HALSTED ST,41.881523,-87.73087,04/08/2020 04:43:00 PM,2020
CR00028523,10/29/2020 05:34:00 PM,35,FREEZING RAIN/DRIZZLE,DAYLIGHT,PARKED MOTOR VEHICLE,ONE-WAY,STOP SIGN/FLASHER,FOLLOWING TOO CLOSELY,IMPROPER LANE USAGE,0,0,0,0,17,5,10,1909,KEDZIE AVE,41.726624,-87.678976,10/29/2020 06:12:00 PM,2020
CR00028524,01/18/2020 08:20:00 AM,45,CLEAR,DAYLIGHT,FIXED OBJECT,DIVIDED - W/MEDIAN (NOT RAISED),NO CONTROLS,UNABLE TO DETERMINE,UNABLE TO DETERMINE,0,0,0,0,8,7,1,632,DAMEN AVE,41.832067,-87.749164,01/18/2020 10:19:00 AM,2020
CR00028525,07/21/2023 08:45:00 AM,35,CLEAR,DARKNESS - LIGHTED ROAD,REAR TO FRONT,DIVIDED - W/MEDIAN (NOT RAISED),TRAFFIC SIGNAL,DRIVING SKILLS/KNOWLEDGE/EXPERIENCE,UNABLE TO DETERMINE,0,0,0,0,8,6,7,1317,BROADWAY,41.715063,-87.572513,07/21/2023 08:52:00 AM,2023
CR00028526,08/23/2019 07:08:00 PM,40,CLEAR,DARKNESS - LIGHTED ROAD,ANGLE,DIVIDED - W/MEDIAN BARRIER,TRAFFIC SIGNAL,FOLLOWING TOO CLOSELY,FOLLOWING TOO CLOSELY,0,0,0,0,19,6,8,964,ROOSEVELT RD,41.9573,-87.829052,08/23/2019 07:50:00 PM,2019
CR00028527,02/22/2020 06:07:00 PM,20,CLEAR,DAYLIGHT,REAR END,FOUR WAY,TRAFFIC SIGNAL,IMPROPER OVERTAKING/PASSING,FAILING TO YIELD RIGHT-OF-WAY,0,0,0,0,18,7,2,302,CALIFORNIA AVE,41.730885,-87.643495,02/22/2020 06:10:00 PM,2020
CR00028528,10/15/2016 01:23:00 PM,20,CLEAR,DAYLIGHT,REAR END,ONE-WAY,TRAFFIC SIGNAL,FOLLOWING TOO CLOSELY,UNABLE TO DETERMINE,0,0,0,0,13,7,10,1233,WESTERN AVE,41.888176,-87.538937,10/15/2016 02:38:00 PM,2016
CR00028529,02/12/2015 12:18:00 PM,30,CLEAR,DAYLIGHT,SIDESWIPE SAME DIRECTION,DIVIDED - W/MEDIAN BARRIER,UNKNOWN,UNABLE TO DETERMINE,NOT APPLICABLE,0,0,0,0,12,5,2,290,ROOSEVELT RD,41.921129,-87.667133,02/12/2015 02:04:00 PM,2015
CR00028530,08/21/2016 07:49:00 AM,35,SNOW,DAYLIGHT,PARKED MOTOR VEHICLE,DIVIDED - W/MEDIAN BARRIER,TRAFFIC SIGNAL,DISTRACTION - FROM INSIDE VEHICLE,FAILING TO YIELD RIGHT-OF-WAY,0,0,3,3,7,1,8,1520,HALSTED ST,41.99959,-87.704583,08/21/2016 09:27:00 AM,2016
CR00028531,08/07/2019 09:53:00 AM,30,RAIN,DARKNESS - LIGHTED ROAD,REAR TO FRONT,NOT DIVIDED,STOP SIGN/FLASHER,IMPROPER LANE USAGE,UNABLE TO DETERMINE,0,0,0,0,9,4,8,655,ELSTON AVE,41.747965,-87.836014,08/07/2019 11:17:00 AM,2019
CR00028532,09/03/2024 01:43:00 AM,45,CLEAR,DAYLIGHT,TURNING,NOT DIVIDED,TRAFFIC SIGNAL,FAILING TO YIELD RIGHT-OF-WAY,UNABLE TO DETERMINE,0,0,0,0,1,3,9,443,STATE ST,41.81859,-87.529279,09/03/2024 01:49:00 AM,2024
CR00028533,03/12/2021 08:57:00 AM,20,RAIN,DAYLIGHT,ANGLE,DIVIDED - W/MEDIAN BARRIER,TRAFFIC SIGNAL,DRIVING SKILLS/KNOWLEDGE/EXPERIENCE,IMPROPER OVERTAKING/PASSING,0,0,0,0,8,6,3,1640,DAMEN AVE,41.779028,-87.604971,03/12/2021 10:35:00 AM,2021
CR00028534,01/20/2021 11:36:00 AM,30,CLEAR,DAYLIGHT,REAR TO FRONT,NOT DIVIDED,NO CONTROLS,DISREGARDING TRAFFIC SIGNALS,IMPROPER LANE USAGE,0,0,1,1,11,4,1,1987,MICHIGAN AVE,41.833898,-87.64919,01/20/2021 12:19:00 PM,2021
CR00028535,07/26/2018 10:44:00 AM,25,RAIN,DAYLIGHT,SIDESWIPE SAME DIRECTION,NOT DIVIDED,NO CONTROLS,DISTRACTION - FROM INSIDE VEHICLE,UNABLE TO DETERMINE,0,0,0,0,10,5,7,2495,LAKE SHORE DR,41.735744,-87.512309,07/26/2018 12:13:00 PM,2018
CR00028536,02/17/2024 03:18:00 AM,30,CLOUDY/OVERCAST,DAYLIGHT,SIDESWIPE SAME DIRECTION,NOT DIVIDED,TRAFFIC SIGNAL,FAILING TO REDUCE SPEED,DISTRACTION - FROM INSIDE VEHICLE,0,0,0,0,3,7,2,2478,MILWAUKEE AVE,41.969197,-87.601017,02/17/2024 03:43:00 AM,2024
CR00028537,07/17/2015 07:31:00 PM,30,CLEAR,DARKNESS - LIGHTED ROAD,PARKED MOTOR VEHICLE,NOT DIVIDED,NO CONTROLS,FAILING TO REDUCE SPEED,NOT APPLICABLE,0,0,2,2,19,6,7,1562,IRVING PARK RD,41.963394,-87.544945,07/17/2015 09:26:00 PM,2015
CR00028538,09/25/2016 12:51:00 PM,25,RAIN,DARKNESS - LIGHTED ROAD,TURNING,NOT DIVIDED,TRAFFIC SIGNAL,UNABLE TO DETERMINE,UNABLE TO DETERMINE,0,0,1,1,12,1,9,2044,ELSTON AVE,41.870894,-87.659508,09/25/2016 02:36:00 PM,2016
CR00028539,08/17/2015 04:03:00 PM,25,RAIN,DARKNESS,SIDESWIPE SAME DIRECTION,DIVIDED - W/MEDIAN (NOT RAISED),UNKNOWN,FAILING TO YIELD RIGHT-OF-WAY,FAILING TO REDUCE SPEED,0,0,0,0,16,2,8,964,MILWAUKEE AVE,41.855957,-87.521975,08/17/2015 04:19:00 PM,2015
CR00028540,02/17/2022 06:18:00 PM,15,CLEAR,DAYLIGHT,ANGLE,DIVIDED - W/MEDIAN BARRIER,NO CONTROLS,UNABLE TO DETERMINE,UNABLE TO DETERMINE,0,1,1,2,18,5,2,1648,MICHIGAN AVE,41.979966,-87.84236,02/17/2022 06:28:00 PM,2022
CR00028541,11/27/2016 03:37:00 PM,45,SNOW,DARKNESS - LIGHTED ROAD,REAR END,DIVIDED - W/MEDIAN (NOT RAISED),TRAFFIC SIGNAL,DISREGARDING TRAFFIC SIGNALS,IMPROPER LANE USAGE,0,0,0,0,15,1,11,326,CALIFORNIA AVE,41.734866,-87.820364,11/27/2016 05:30:00 PM,2016
CR00028542,04/25/2015 06:25:00 PM,30,RAIN,DAYLIGHT,TURNING,NOT DIVIDED,TRAFFIC SIGNAL,DISTRACTION - FROM INSIDE VEHICLE,DRIVING SKILLS/KNOWLEDGE/EXPERIENCE,0,0,0,0,18,7,4,145,HALSTED ST,41.77465,-87.508787,04/25/2015 08:03:00 PM,2015
CR00028543,07/02/2023 07:50:00 AM,20,RAIN,DAYLIGHT,SIDESWIPE SAME DIRECTION,T-INTERSECTION,TRAFFIC SIGNAL,UNABLE TO DETERMINE,UNABLE TO DETERMINE,0,0,0,0,7,1,7,1794,DIVISION ST,41.946017,-87.715243,07/02/2023 09:03:00 AM,2023
CR00028544,08/14/2017 05:00:00 PM,45,CLOUDY/OVERCAST,DAWN,TURNING,NOT DIVIDED,TRAFFIC SIGNAL,UNABLE TO DETERMINE,FOLLOWING TOO CLOSELY,0,0,0,0,17,2,8,635,DIVISION ST,41.769331,-87.66606,08/14/2017 06:20:00 PM,2017
CR00028545,11/08/2024 05:29:00 PM,30,CLEAR,DAYLIGHT,ANGLE,NOT DIVIDED,YIELD,DISTRACTION - FROM INSIDE VEHICLE,UNABLE TO DETERMINE,0,0,0,0,17,6,11,1520,OGDEN AVE,41.805822,-87.752634,11/08/2024 07:25:00 PM,2024
CR00028546,06/28/2015 12:54:00 PM,35,RAIN,DARKNESS - LIGHTED ROAD,REAR TO FRONT,NOT DIVIDED,NO CONTROLS,UNABLE TO DETERMINE,NOT APPLICABLE,0,0,0,0,12,1,6,1266,CICERO AVE,41.78393,-87.555058,06/28/2015 01:37:00 PM,2015
CR00028547,05/13/2017 06:46:00 AM,25,CLEAR,DAWN,PARKED MOTOR VEHICLE,DIVIDED - W/MEDIAN (NOT RAISED),NO CONTROLS,FAILING TO YIELD RIGHT-OF-WAY,UNABLE TO DETERMINE,0,0,0,0,6,7,5,366,LAKE SHORE DR,41.759334,-87.820701,05/13/2017 08:43:00 AM,2017
CR00028548,08/28/2022 07:45:00 PM,30,CLEAR,DUSK,ANGLE,DIVIDED - W/MEDIAN (NOT RAISED),TRAFFIC SIGNAL,UNABLE TO DETERMINE,IMPROPER LANE USAGE,0,0,0,0,19,1,8,1020,OGDEN AVE,41.828222,-87.720716,08/28/2022 08:36:00 PM,2022
CR00028549,11/22/2016 11:03:00 PM,30,CLEAR,DARKNESS,ANGLE,DIVIDED - W/MEDIAN (NOT RAISED),TRAFFIC SIGNAL,FOLLOWING TOO CLOSELY,UNABLE TO DETERMINE,0,0,2,2,23,3,11,923,47TH ST,41.779322,-87.817031,11/22/2016 11:17:00 PM,2016
CR00028550,12/08/2016 02:40:00 PM,30,CLEAR,DAWN,FIXED OBJECT,NOT DIVIDED,NO CONTROLS,DRIVING SKILLS/KNOWLEDGE/EXPERIENCE,NOT APPLICABLE,0,0,0,0,14,5,12,501,ROOSEVELT RD,41.940132,-87.762733,12/08/2016 03:17:00 PM,2016
CR00028551,03/20/2018 01:35:00 PM,20,CLEAR,DAYLIGHT,TURNING,NOT DIVIDED,STOP SIGN/FLASHER,FAILING TO YIELD RIGHT-OF-WAY,UNABLE TO DETERMINE,0,0,0,0,13,3,3,835,DIVISION ST,41.845269,-87.511625,03/20/2018 02:59:00 PM,2018
CR00028552,02/22/2018 04:46:00 AM,30,CLEAR,DAYLIGHT,TURNING,NOT DIVIDED,STOP SIGN/FLASHER,FAILING TO YIELD RIGHT-OF-WAY,FAILING TO YIELD RIGHT-OF-WAY,0,0,0,0,4,5,2,1991,MICHIGAN AVE,41.846307,-87.795303,02/22/2018 05:50:00 AM,2018
CR00028553,05/10/2017 06:52:00 PM,35,RAIN,DAYLIGHT,TURNING,ONE-WAY,NO CONTROLS,FOLLOWING TOO CLOSELY,DRIVING SKILLS/KNOWLEDGE/EXPERIENCE,0,0,0,0,18,4,5,1759,PULASKI RD,41.866132,-87.573478,05/10/2017 07:00:00 PM,2017