CRASH_RECORD_ID,CRASH_DATE,POSTED_SPEED_LIMIT,WEATHER_CONDITION,LIGHTING_CONDITION,FIRST_CRASH_TYPE,TRAFFICWAY_TYPE,TRAFFIC_CONTROL_DEVICE,PRIM_CONTRIBUTORY_CAUSE,SEC_CONTRIBUTORY_CAUSE,INJURIES_FATAL,INJURIES_INCAPACITATING,INJURIES_NON_INCAPACITATING,INJURIES_TOTAL,CRASH_HOUR,CRASH_DAY_OF_WEEK,CRASH_MONTH,BEAT_OF_OCCURRENCE,STREET_NAME,LATITUDE,LONGITUDE,DATE_POLICE_NOTIFIED,year
CR00028554,08/30/2019 06:35:00 PM,45,CLEAR,DARKNESS - LIGHTED ROAD,TURNING,ONE-WAY,NO CONTROLS,FAILING TO YIELD RIGHT-OF-WAY,UNABLE TO DETERMINE,0,0,0,0,18,6,8,1746,ELSTON AVE,41.722259,-87.773274,08/30/2019 07:28:00 PM,2019
CR00028555,05/30/2023 11:56:00 AM,30,RAIN,DAYLIGHT,TURNING,DIVIDED - W/MEDIAN BARRIER,STOP SIGN/FLASHER,UNABLE TO DETERMINE,DISREGARDING TRAFFIC SIGNALS,0,0,0,0,11,3,5,1187,DAMEN AVE,41.872394,-87.773937,05/30/2023 01:29:00 PM,2023
CR00028556,11/30/2024 05:46:00 PM,35,CLEAR,DARKNESS - LIGHTED ROAD,TURNING,DIVIDED - W/MEDIAN BARRIER,NO CONTROLS,UNABLE TO DETERMINE,NOT APPLICABLE,0,0,0,0,17,7,11,1314,CALIFORNIA AVE,41.711962,-87.71718,11/30/2024 06:30:00 PM,2024
CR00028557,01/12/2018 05:30:00 PM,45,CLOUDY/OVERCAST,DAYLIGHT,SIDESWIPE SAME DIRECTION,FOUR WAY,NO CONTROLS,FAILING TO REDUCE SPEED,FOLLOWING TOO CLOSELY,0,0,1,1,17,6,1,2015,STONY ISLAND AVE,41.775829,-87.825461,01/12/2018 05:41:00 PM,2018
CR00028558,08/12/2024 08:33:00 AM,35,CLOUDY/OVERCAST,DAYLIGHT,REAR END,NOT DIVIDED,TRAFFIC SIGNAL,UNABLE TO DETERMINE,UNABLE TO DETERMINE,0,0,0,0,8,2,8,1471,KEDZIE AVE,41.974478,-87.75606,08/12/2024 09:35:00 AM,2024
CR00028559,04/23/2022 12:35:00 PM,15,CLEAR,DAYLIGHT,REAR END,NOT DIVIDED,UNKNOWN,IMPROPER LANE USAGE,UNABLE TO DETERMINE,0,0,0,0,12,7,4,499,STATE ST,41.987771,-87.620807,04/23/2022 02:27:00 PM,2022
CR00028560,04/26/2022 01:25:00 AM,30,CLEAR,DAYLIGHT,ANGLE,NOT DIVIDED,STOP SIGN/FLASHER,UNABLE TO DETERMINE,FAILING TO YIELD RIGHT-OF-WAY,0,0,0,0,1,3,4,165,ASHLAND AVE,41.953187,-87.657987,04/26/2022 03:24:00 AM,2022
CR00028561,03/18/2017 09:10:00 AM,30,CLEAR,DARKNESS - LIGHTED ROAD,ANGLE,ONE-WAY,TRAFFIC SIGNAL,UNABLE TO DETERMINE,DRIVING SKILLS/KNOWLEDGE/EXPERIENCE,0,0,0,0,9,7,3,1018,ROOSEVELT RD,41.712151,-87.707783,03/18/2017 09:51:00 AM,2017
CR00028562,12/04/2022 07:59:00 AM,40,CLEAR,DARKNESS - LIGHTED ROAD,SIDESWIPE SAME DIRECTION,DIVIDED - W/MEDIAN BARRIER,TRAFFIC SIGNAL,UNABLE TO DETERMINE,FAILING TO YIELD RIGHT-OF-WAY,0,0,0,0,7,1,12,889,ASHLAND AVE,41.916006,-87.795182,12/04/2022 09:50:00 AM,2022
CR00028563,10/07/2020 10:27:00 AM,35,CLEAR,DAYLIGHT,ANGLE,NOT DIVIDED,NO CONTROLS,DRIVING SKILLS/KNOWLEDGE/EXPERIENCE,DRIVING SKILLS/KNOWLEDGE/EXPERIENCE,0,0,0,0,10,4,10,1296,FULLERTON AVE,41.717368,-87.754807,10/07/2020 10:56:00 AM,2020
CR00028564,10/21/2021 03:56:00 PM,20,CLEAR,DAYLIGHT,TURNING,DIVIDED - W/MEDIAN (NOT RAISED),UNKNOWN,FAILING TO YIELD RIGHT-OF-WAY,FAILING TO YIELD RIGHT-OF-WAY,0,0,0,0,15,5,10,772,ELSTON AVE,41.707409,-87.509693,10/21/2021 05:51:00 PM,2021
CR00028565,09/17/2020 05:33:00 AM,30,CLOUDY/OVERCAST,DAYLIGHT,PEDESTRIAN,FOUR WAY,STOP SIGN/FLASHER,FAILING TO YIELD RIGHT-OF-WAY,IMPROPER LANE USAGE,0,0,0,0,5,5,9,2133,HALSTED ST,41.966535,-87.719864,09/17/2020 06:19:00 AM,2020
CR00028566,04/27/2015 07:41:00 AM,35,CLEAR,DARKNESS - LIGHTED ROAD,REAR END,NOT DIVIDED,TRAFFIC SIGNAL,UNABLE TO DETERMINE,DISTRACTION - FROM INSIDE VEHICLE,0,0,0,0,7,2,4,935,STONY ISLAND AVE,41.929369,-87.533478,04/27/2015 09:31:00 AM,2015
CR00028567,04/16/2021 02:34:00 AM,35,CLEAR,DAYLIGHT,ANGLE,DIVIDED - W/MEDIAN (NOT RAISED),STOP SIGN/FLASHER,DRIVING SKILLS/KNOWLEDGE/EXPERIENCE,UNABLE TO DETERMINE,0,0,0,0,2,6,4,233,CALIFORNIA AVE,41.88361,-87.671946,04/16/2021 03:19:00 AM,2021
CR00028568,05/16/2023 05:33:00 PM,35,CLEAR,DARKNESS - LIGHTED ROAD,TURNING,NOT DIVIDED,TRAFFIC SIGNAL,IMPROPER LANE USAGE,FAILING TO YIELD RIGHT-OF-WAY,0,0,1,1,17,3,5,263,STATE ST,41.781479,-87.569242,05/16/2023 06:01:00 PM,2023
CR00028569,03/31/2021 11:45:00 AM,20,CLEAR,DARKNESS - LIGHTED ROAD,TURNING,NOT DIVIDED,NO CONTROLS,UNABLE TO DETERMINE,NOT APPLICABLE,0,0,0,0,11,4,3,2412,ELSTON AVE,41.956747,-87.826477,03/31/2021 12:49:00 PM,2021
CR00028570,12/16/2020 08:58:00 PM,35,CLEAR,DAYLIGHT,REAR END,DIVIDED - W/MEDIAN BARRIER,STOP SIGN/FLASHER,IMPROPER OVERTAKING/PASSING,DISREGARDING TRAFFIC SIGNALS,0,0,0,0,20,4,12,2223,ASHLAND AVE,41.836354,-87.824098,12/16/2020 09:56:00 PM,2020
CR00028571,05/14/2016 11:46:00 AM,35,CLEAR,DARKNESS - LIGHTED ROAD,SIDESWIPE SAME DIRECTION,DIVIDED - W/MEDIAN BARRIER,NO CONTROLS,DISREGARDING TRAFFIC SIGNALS,UNABLE TO DETERMINE,0,1,1,2,11,7,5,948,DAMEN AVE,41.755537,-87.811083,05/14/2016 12:18:00 PM,2016
CR00028572,09/18/2019 08:50:00 PM,30,SNOW,DAYLIGHT,REAR END,DIVIDED - W/MEDIAN (NOT RAISED),TRAFFIC SIGNAL,IMPROPER OVERTAKING/PASSING,UNABLE TO DETERMINE,0,0,0,0,20,4,9,2469,LAKE SHORE DR,41.951481,-87.612645,09/18/2019 09:08:00 PM,2019
CR00028573,07/31/2016 07:43:00 AM,30,CLEAR,DAYLIGHT,SIDESWIPE SAME DIRECTION,ONE-WAY,NO CONTROLS,IMPROPER OVERTAKING/PASSING,UNABLE TO DETERMINE,0,0,0,0,7,1,7,733,STATE ST,41.916574,-87.72736,07/31/2016 08:56:00 AM,2016
CR00028574,01/18/2023 02:43:00 PM,30,CLEAR,DUSK,ANGLE,DIVIDED - W/MEDIAN (NOT RAISED),NO CONTROLS,IMPROPER LANE USAGE,FAILING TO REDUCE SPEED,0,0,0,0,14,4,1,1121,DIVISION ST,41.927688,-87.541778,01/18/2023 02:51:00 PM,2023
CR00028575,06/01/2024 02:02:00 PM,35,CLEAR,DARKNESS - LIGHTED ROAD,REAR END,NOT DIVIDED,NO CONTROLS,UNABLE TO DETERMINE,NOT APPLICABLE,0,0,0,0,14,7,6,203,ROOSEVELT RD,41.934638,-87.678487,06/01/2024 03:24:00 PM,2024
CR00028576,02/13/2020 10:37:00 AM,20,SNOW,DARKNESS,TURNING,ONE-WAY,UNKNOWN,FOLLOWING TOO CLOSELY,NOT APPLICABLE,0,0,0,0,10,5,2,1501,MICHIGAN AVE,41.80551,-87.510895,02/13/2020 11:14:00 AM,2020
CR00028577,06/08/2018 10:19:00 PM,25,CLEAR,DAYLIGHT,REAR TO FRONT,NOT DIVIDED,YIELD,UNABLE TO DETERMINE,UNABLE TO DETERMINE,0,0,0,0,22,6,6,2417,DAMEN AVE,41.925946,-87.672678,06/08/2018 11:10:00 PM,2018
CR00028578,08/19/2017 06:16:00 PM,20,CLEAR,DAYLIGHT,ANGLE,DIVIDED - W/MEDIAN (NOT RAISED),STOP SIGN/FLASHER,FAILING TO YIELD RIGHT-OF-WAY,NOT APPLICABLE,0,0,0,0,18,7,8,770,MICHIGAN AVE,41.720895,-87.528821,08/19/2017 07:50:00 PM,2017
CR00028579,07/15/2018 01:02:00 AM,20,CLOUDY/OVERCAST,DAYLIGHT,SIDESWIPE SAME DIRECTION,NOT DIVIDED,TRAFFIC SIGNAL,UNABLE TO DETERMINE,UNABLE TO DETERMINE,0,0,0,0,1,1,7,286,79TH ST,41.755302,-87.658004,07/15/2018 02:55:00 AM,2018
CR00028580,07/18/2017 04:08:00 AM,15,SNOW,DAYLIGHT,TURNING,NOT DIVIDED,NO CONTROLS,UNABLE TO DETERMINE,NOT APPLICABLE,0,0,0,0,4,3,7,2303,MICHIGAN AVE,41.939856,-87.847594,07/18/2017 05:51:00 AM,2017
CR00028581,05/10/2018 07:30:00 AM,35,CLEAR,DAYLIGHT,REAR TO FRONT,DIVIDED - W/MEDIAN BARRIER,TRAFFIC SIGNAL,UNABLE TO DETERMINE,NOT APPLICABLE,0,1,2,3,7,5,5,1983,DAMEN AVE,41.760767,-87.625029,05/10/2018 07:45:00 AM,2018
CR00028582,07/04/2018 07:56:00 AM,35,CLEAR,DARKNESS,FIXED OBJECT,NOT DIVIDED,TRAFFIC SIGNAL,FAILING TO YIELD RIGHT-OF-WAY,IMPROPER OVERTAKING/PASSING,0,0,0,0,7,4,7,622,DIVISION ST,41.929954,-87.620463,07/04/2018 09:18:00 AM,2018
CR00028583,06/19/2024 06:00:00 PM,40,CLEAR,DAYLIGHT,FIXED OBJECT,ONE-WAY,NO CONTROLS,DISREGARDING TRAFFIC SIGNALS,DRIVING SKILLS/KNOWLEDGE/EXPERIENCE,0,0,0,0,18,4,6,1723,PULASKI RD,41.972933,-87.533387,06/19/2024 07:25:00 PM,2024
CR00028584,05/08/2017 10:35:00 PM,45,CLEAR,DARKNESS - LIGHTED ROAD,REAR END,ONE-WAY,TRAFFIC SIGNAL,IMPROPER LANE USAGE,IMPROPER LANE USAGE,0,0,0,0,22,2,5,1645,HALSTED ST,41.875966,-87.507422,05/08/2017 10:42:00 PM,2017
CR00028585,05/09/2018 09:12:00 AM,35,CLEAR,DAYLIGHT,ANGLE,DIVIDED - W/MEDIAN BARRIER,NO CONTROLS,DISREGARDING TRAFFIC SIGNALS,UNABLE TO DETERMINE,0,0,0,0,9,4,5,2352,ASHLAND AVE,41.948648,-87.818778,05/09/2018 10:34:00 AM,2018
CR00028586,03/07/2018 09:14:00 AM,45,CLEAR,DAYLIGHT,REAR END,NOT DIVIDED,STOP SIGN/FLASHER,FOLLOWING TOO CLOSELY,UNABLE TO DETERMINE,0,0,0,0,9,4,3,1358,79TH ST,41.889,-87.725893,03/07/2018 09:32:00 AM,2018
CR00028587,11/07/2016 02:23:00 PM,15,CLEAR,DAYLIGHT,REAR END,FOUR WAY,TRAFFIC SIGNAL,WEATHER,UNABLE TO DETERMINE,0,0,0,0,14,2,11,2297,79TH ST,41.783345,-87.630594,11/07/2016 02:46:00 PM,2016
CR00028588,05/28/2024 08:35:00 PM,35,SNOW,DAYLIGHT,ANGLE,DIVIDED - W/MEDIAN (NOT RAISED),NO CONTROLS,IMPROPER OVERTAKING/PASSING,IMPROPER OVERTAKING/PASSING,0,0,0,0,20,3,5,997,STONY ISLAND AVE,41.780605,-87.720058,05/28/2024 10:13:00 PM,2024
CR00028589,05/17/2017 03:14:00 PM,30,FOG/SMOKE/HAZE,DAYLIGHT,TURNING,ONE-WAY,TRAFFIC SIGNAL,UNABLE TO DETERMINE,NOT APPLICABLE,0,0,0,0,15,4,5,930,79TH ST,41.950834,-87.658165,05/17/2017 03:34:00 PM,2017
CR00028590,01/28/2015 03:07:00 PM,35,RAIN,DAWN,SIDESWIPE SAME DIRECTION,FOUR WAY,STOP SIGN/FLASHER,FAILING TO YIELD RIGHT-OF-WAY,UNABLE TO DETERMINE,0,0,0,0,15,4,1,820,CALIFORNIA AVE,41.89483,-87.830824,01/28/2015 04:12:00 PM,2015
CR00028591,01/04/2020 10:20:00 AM,30,SNOW,DARKNESS - LIGHTED ROAD,TURNING,NOT DIVIDED,TRAFFIC SIGNAL,IMPROPER OVERTAKING/PASSING,UNABLE TO DETERMINE,0,0,0,0,10,7,1,1229,STATE ST,41.945376,-87.600184,01/04/2020 10:29:00 AM,2020
CR00028592,03/16/2023 04:38:00 PM,25,CLEAR,DARKNESS - LIGHTED ROAD,SIDESWIPE SAME DIRECTION,ONE-WAY,NO CONTROLS,IMPROPER OVERTAKING/PASSING,UNABLE TO DETERMINE,0,0,0,0,16,5,3,736,STONY ISLAND AVE,41.70859,-87.655273,03/16/2023 05:38:00 PM,2023
CR00028593,08/29/2024 03:01:00 AM,40,CLEAR,DARKNESS - LIGHTED ROAD,FIXED OBJECT,NOT DIVIDED,NO CONTROLS,FAILING TO YIELD RIGHT-OF-WAY,IMPROPER LANE USAGE,0,0,0,0,3,5,8,2340,47TH ST,41.894467,-87.562106,08/29/2024 04:58:00 AM,2024
CR00028594,11/24/2017 08:30:00 PM,15,CLEAR,DAYLIGHT,REAR END,DIVIDED - W/MEDIAN (NOT RAISED),PEDESTRIAN CROSSING SIGN,DISREGARDING TRAFFIC SIGNALS,IMPROPER OVERTAKING/PASSING,0,0,0,0,20,6,11,1444,ROOSEVELT RD,41.817415,-87.685799,11/24/2017 08:49:00 PM,2017
CR00028595,01/21/2018 08:28:00 AM,30,RAIN,DAYLIGHT,REAR END,DIVIDED - W/MEDIAN (NOT RAISED),TRAFFIC SIGNAL,DRIVING SKILLS/KNOWLEDGE/EXPERIENCE,NOT APPLICABLE,0,0,0,0,8,1,1,422,STONY ISLAND AVE,41.805651,-87.758946,01/21/2018 10:01:00 AM,2018
CR00028596,05/05/2020 08:27:00 PM,40,CLEAR,DAYLIGHT,REAR END,DIVIDED - W/MEDIAN (NOT RAISED),TRAFFIC SIGNAL,DISTRACTION - FROM INSIDE VEHICLE,UNABLE TO DETERMINE,0,0,0,0,20,3,5,2482,IRVING PARK RD,41.789058,-87.510738,05/05/2020 09:02:00 PM,2020
CR00028597,06/29/2018 07:36:00 AM,25,CLEAR,DAYLIGHT,REAR END,DIVIDED - W/MEDIAN (NOT RAISED),NO CONTROLS,UNABLE TO DETERMINE,FOLLOWING TOO CLOSELY,0,1,0,1,7,6,6,2498,63RD ST,41.749706,-87.780023,06/29/2018 08:31:00 AM,2018
CR00028598,06/22/2021 08:48:00 AM,35,CLEAR,DAYLIGHT,ANGLE,DIVIDED - W/MEDIAN BARRIER,NO CONTROLS,UNABLE TO DETERMINE,UNABLE TO DETERMINE,0,0,0,0,8,3,6,1081,ROOSEVELT RD,41.71205,-87.845217,06/22/2021 10:28:00 AM,2021
CR00028599,05/02/2016 12:05:00 AM,35,SNOW,DAYLIGHT,TURNING,ONE-WAY,NO CONTROLS,UNABLE TO DETERMINE,NOT APPLICABLE,0,0,1,1,0,2,5,1207,47TH ST,41.825255,-87.64855,05/02/2016 02:02:00 AM,2016
CR00028600,10/28/2024 06:55:00 PM,35,CLEAR,DAYLIGHT,SIDESWIPE SAME DIRECTION,FOUR WAY,STOP SIGN/FLASHER,FOLLOWING TOO CLOSELY,FAILING TO REDUCE SPEED,0,0,0,0,18,2,10,1044,STONY ISLAND AVE,41.862511,-87.524525,10/28/2024 08:05:00 PM,2024
CR00028601,09/15/2019 10:50:00 AM,30,RAIN,DAYLIGHT,REAR END,NOT DIVIDED,NO CONTROLS,UNABLE TO DETERMINE,UNABLE TO DETERMINE,0,0,0,0,10,1,9,486,47TH ST,41.899754,-87.625262,09/15/2019 11:47:00 AM,2019
CR00028602,06/06/2020 05:20:00 PM,30,CLEAR,DAYLIGHT,ANGLE,NOT DIVIDED,TRAFFIC SIGNAL,UNABLE TO DETERMINE,FOLLOWING TOO CLOSELY,0,0,0,0,17,7,6,1597,LAKE SHORE DR,41.873018,-87.511936,06/06/2020 05:43:00 PM,2020
CR00028603,07/15/2016 07:52:00 PM,30,RAIN,DAYLIGHT,REAR TO FRONT,ONE-WAY,NO CONTROLS,UNABLE TO DETERMINE,DRIVING SKILLS/KNOWLEDGE/EXPERIENCE,0,0,0,0,19,6,7,1885,ARCHER AVE,41.867766,-87.642823,07/15/2016 08:45:00 PM,2016
CR00028604,01/09/2022 03:40:00 PM,45,CLEAR,DARKNESS - LIGHTED ROAD,SIDESWIPE SAME DIRECTION,DIVIDED - W/MEDIAN BARRIER,STOP SIGN/FLASHER,DISTRACTION - FROM INSIDE VEHICLE,FOLLOWING TOO CLOSELY,0,0,0,0,15,1,1,649,OGDEN AVE,41.723799,-87.65975,01/09/2022 04:39:00 PM,2022
CR00028605,04/20/2018 06:13:00 PM,25,CLEAR,DARKNESS - LIGHTED ROAD,REAR END,NOT DIVIDED,STOP SIGN/FLASHER,FAILING TO YIELD RIGHT-OF-WAY,IMPROPER OVERTAKING/PASSING,0,0,0,0,18,6,4,1977,HALSTED ST,41.781275,-87.755343,04/20/2018 07:03:00 PM,2018
CR00028606,09/18/2017 03:36:00 PM,25,CLEAR,DAYLIGHT,TURNING,NOT DIVIDED,TRAFFIC SIGNAL,FAILING TO YIELD RIGHT-OF-WAY,NOT APPLICABLE,0,0,0,0,15,2,9,765,ARCHER AVE,41.950241,-87.624277,09/18/2017 05:10:00 PM,2017
CR00028607,11/22/2024 11:25:00 AM,30,RAIN,DAYLIGHT,TURNING,T-INTERSECTION,NO CONTROLS,FAILING TO YIELD RIGHT-OF-WAY,FAILING TO REDUCE SPEED,0,0,0,0,11,6,11,1041,FULLERTON AVE,41.864816,-87.843292,11/22/2024 12:13:00 PM,2024
CR00028608,01/12/2021 05:17:00 PM,30,RAIN,DARKNESS - LIGHTED ROAD,SIDESWIPE SAME DIRECTION,ONE-WAY,TRAFFIC SIGNAL,UNABLE TO DETERMINE,FOLLOWING TOO CLOSELY,0,0,0,0,17,3,1,2461,WESTERN AVE,41.79517,-87.813017,01/12/2021 07:07:00 PM,2021
CR00028609,09/04/2019 11:34:00 AM,30,SNOW,DARKNESS - LIGHTED ROAD,TURNING,NOT DIVIDED,TRAFFIC SIGNAL,IMPROPER OVERTAKING/PASSING,NOT APPLICABLE,0,0,0,0,11,4,9,899,DIVISION ST,41.927773,-87.649511,09/04/2019 01:23:00 PM,2019
CR00028610,02/03/2022 05:55:00 PM,30,RAIN,DAYLIGHT,REAR END,NOT DIVIDED,TRAFFIC SIGNAL,FAILING TO YIELD RIGHT-OF-WAY,DISTRACTION - FROM INSIDE VEHICLE,0,0,0,0,17,5,2,2010,CLARK ST,41.800582,-87.629232,02/03/2022 05:57:00 PM,2022
CR00028611,02/05/2024 09:17:00 AM,30,CLEAR,DAWN,ANGLE,FOUR WAY,TRAFFIC SIGNAL,DRIVING SKILLS/KNOWLEDGE/EXPERIENCE,FOLLOWING TOO CLOSELY,0,0,0,0,9,2,2,1831,CLARK ST,41.840637,-87.730654,02/05/2024 11:12:00 AM,2024
CR00028612,01/14/2023 08:57:00 AM,30,CLEAR,DAYLIGHT,SIDESWIPE SAME DIRECTION,DIVIDED - W/MEDIAN (NOT RAISED),TRAFFIC SIGNAL,UNABLE TO DETERMINE,IMPROPER OVERTAKING/PASSING,0,0,0,0,8,7,1,1290,ROOSEVELT RD,41.876667,-87.726441,01/14/2023 09:58:00 AM,2023
CR00028613,06/05/2020 08:47:00 AM,30,CLEAR,DAYLIGHT,TURNING,DIVIDED - W/MEDIAN (NOT RAISED),STOP SIGN/FLASHER,FOLLOWING TOO CLOSELY,UNABLE TO DETERMINE,0,0,0,0,8,6,6,535,OGDEN AVE,41.727785,-87.660101,06/05/2020 09:32:00 AM,2020
CR00028614,04/27/2023 07:09:00 PM,40,SNOW,DAYLIGHT,TURNING,NOT DIVIDED,TRAFFIC SIGNAL,FOLLOWING TOO CLOSELY,FOLLOWING TOO CLOSELY,0,0,0,0,19,5,4,1654,DAMEN AVE,41.738482,-87.510775,04/27/2023 08:43:00 PM,2023
CR00028615,07/05/2019 05:39:00 PM,40,RAIN,DAYLIGHT,FIXED OBJECT,NOT DIVIDED,NO CONTROLS,IMPROPER LANE USAGE,FOLLOWING TOO CLOSELY,0,0,0,0,17,6,7,375,CALIFORNIA AVE,41.737415,-87.840214,07/05/2019 07:33:00 PM,2019
CR00028616,03/20/2023 03:55:00 PM,45,CLEAR,DAYLIGHT,PARKED MOTOR VEHICLE,ONE-WAY,NO CONTROLS,UNABLE TO DETERMINE,UNABLE TO DETERMINE,0,1,3,4,15,2,3,1265,WESTERN AVE,41.9625,-87.82828,03/20/2023 05:04:00 PM,2023
CR00028617,06/14/2019 10:18:00 PM,35,RAIN,DAYLIGHT,REAR END,ONE-WAY,TRAFFIC SIGNAL,DRIVING SKILLS/KNOWLEDGE/EXPERIENCE,UNABLE TO DETERMINE,0,0,3,3,22,6,6,2497,ARCHER AVE,41.923455,-87.749136,06/14/2019 11:52:00 PM,2019
CR00028618,10/21/2023 09:37:00 AM,35,CLEAR,DAYLIGHT,PARKED MOTOR VEHICLE,NOT DIVIDED,NO CONTROLS,IMPROPER LANE USAGE,FAILING TO REDUCE SPEED,0,0,0,0,9,7,10,2152,CLARK ST,41.86423,-87.656915,10/21/2023 11:14:00 AM,2023
CR00028619,02/21/2020 11:53:00 PM,15,CLEAR,DAYLIGHT,TURNING,DIVIDED - W/MEDIAN (NOT RAISED),STOP SIGN/FLASHER,IMPROPER LANE USAGE,UNABLE TO DETERMINE,0,0,0,0,23,6,2,411,KEDZIE AVE,41.724518,-87.598313,02/22/2020 12:30:00 AM,2020
CR00028620,03/07/2019 04:42:00 PM,35,CLEAR,DAYLIGHT,ANGLE,NOT DIVIDED,NO CONTROLS,FOLLOWING TOO CLOSELY,FAILING TO YIELD RIGHT-OF-WAY,0,0,0,0,16,5,3,1781,ROOSEVELT RD,41.763835,-87.595203,03/07/2019 05:31:00 PM,2019
CR00028621,02/22/2017 01:23:00 AM,25,CLOUDY/OVERCAST,DUSK,PARKED MOTOR VEHICLE,NOT DIVIDED,STOP SIGN/FLASHER,IMPROPER LANE USAGE,FAILING TO REDUCE SPEED,0,0,0,0,1,4,2,1322,FULLERTON AVE,41.851452,-87.682114,02/22/2017 02:56:00 AM,2017
CR00028622,07/28/2018 12:52:00 AM,30,CLEAR,DAYLIGHT,REAR END,NOT DIVIDED,TRAFFIC SIGNAL,DISTRACTION - FROM INSIDE VEHICLE,NOT APPLICABLE,0,0,2,2,0,7,7,459,ELSTON AVE,41.710724,-87.760463,07/28/2018 02:42:00 AM,2018
CR00028623,11/11/2018 12:40:00 PM,40,CLEAR,DAYLIGHT,ANGLE,NOT DIVIDED,NO CONTROLS,DRIVING SKILLS/KNOWLEDGE/EXPERIENCE,NOT APPLICABLE,0,0,0,0,12,1,11,1604,ARCHER AVE,41.742113,-87.698115,11/11/2018 01:58:00 PM,2018
CR00028624,11/27/2018 07:23:00 AM,20,CLEAR,DAYLIGHT,PARKED MOTOR VEHICLE,NOT DIVIDED,TRAFFIC SIGNAL,IMPROPER OVERTAKING/PASSING,DISREGARDING TRAFFIC SIGNALS,0,0,0,0,7,3,11,1997,ROOSEVELT RD,41.804748,-87.717323,11/27/2018 07:59:00 AM,2018
CR00028625,05/22/2017 07:39:00 AM,35,CLOUDY/OVERCAST,DAYLIGHT,TURNING,ONE-WAY,NO CONTROLS,UNABLE TO DETERMINE,IMPROPER LANE USAGE,0,0,0,0,7,2,5,1189,DIVISION ST,41.872197,-87.815764,05/22/2017 09:35:00 AM,2017
CR00028626,08/20/2024 06:50:00 PM,30,CLOUDY/OVERCAST,DAYLIGHT,ANGLE,T-INTERSECTION,NO CONTROLS,IMPROPER LANE USAGE,NOT APPLICABLE,0,0,0,0,18,3,8,1681,STATE ST,41.767045,-87.778582,08/20/2024 07:00:00 PM,2024
CR00028627,12/22/2021 07:02:00 AM,20,CLEAR,DAYLIGHT,PARKED MOTOR VEHICLE,DIVIDED - W/MEDIAN (NOT RAISED),NO CONTROLS,FOLLOWING TOO CLOSELY,IMPROPER OVERTAKING/PASSING,0,0,0,0,7,4,12,1878,MILWAUKEE AVE,41.778435,-87.66059,12/22/2021 07:21:00 AM,2021
CR00028628,11/25/2019 08:13:00 PM,35,RAIN,DUSK,PARKED MOTOR VEHICLE,NOT DIVIDED,TRAFFIC SIGNAL,FAILING TO YIELD RIGHT-OF-WAY,UNABLE TO DETERMINE,0,0,0,0,20,2,11,1905,CLARK ST,41.821659,-87.668536,11/25/2019 09:56:00 PM,2019
CR00028629,11/27/2021 05:48:00 PM,25,FREEZING RAIN/DRIZZLE,DAWN,ANGLE,NOT DIVIDED,TRAFFIC SIGNAL,FOLLOWING TOO CLOSELY,IMPROPER LANE USAGE,0,0,2,2,17,7,11,1163,WESTERN AVE,41.865136,-87.733457,11/27/2021 06:47:00 PM,2021
CR00028630,10/19/2016 06:25:00 PM,30,CLEAR,DARKNESS - LIGHTED ROAD,REAR TO FRONT,NOT DIVIDED,NO CONTROLS,IMPROPER LANE USAGE,FOLLOWING TOO CLOSELY,0,1,1,2,18,4,10,2495,DAMEN AVE,41.857332,-87.523305,10/19/2016 08:14:00 PM,2016
CR00028631,06/15/2019 11:15:00 PM,35,RAIN,DAYLIGHT,TURNING,DIVIDED - W/MEDIAN (NOT RAISED),TRAFFIC SIGNAL,UNABLE TO DETERMINE,FOLLOWING TOO CLOSELY,0,0,0,0,23,7,6,1542,PULASKI RD,41.939262,-87.784972,06/15/2019 11:36:00 PM,2019
CR00028632,08/22/2019 03:07:00 PM,30,CLEAR,DAYLIGHT,TURNING,T-INTERSECTION,NO CONTROLS,UNABLE TO DETERMINE,FOLLOWING TOO CLOSELY,0,0,0,0,15,5,8,1899,47TH ST,41.818268,-87.767715,08/22/2019 03:27:00 PM,2019
CR00028633,10/05/2015 04:54:00 PM,15,CLEAR,DARKNESS - LIGHTED ROAD,REAR TO FRONT,ONE-WAY,NO CONTROLS,DISTRACTION - FROM INSIDE VEHICLE,IMPROPER OVERTAKING/PASSING,0,0,0,0,16,2,10,738,PULASKI RD,41.754303,-87.771177,10/05/2015 04:56:00 PM,2015
CR00028634,03/03/2016 07:25:00 PM,35,RAIN,DAYLIGHT,REAR END,DIVIDED - W/MEDIAN BARRIER,NO CONTROLS,UNABLE TO DETERMINE,FAILING TO REDUCE SPEED,0,0,0,0,19,5,3,963,ARCHER AVE,41.805988,-87.804459,03/03/2016 08:12:00 PM,2016
CR00028635,09/27/2019 06:41:00 PM,30,CLEAR,DAYLIGHT,REAR END,FOUR WAY,TRAFFIC SIGNAL,IMPROPER LANE USAGE,FAILING TO REDUCE SPEED,0,0,1,1,18,6,9,2259,FULLERTON AVE,41.719235,-87.654866,09/27/2019 06:53:00 PM,2019
CR00028636,09/28/2016 05:06:00 PM,20,CLEAR,DAYLIGHT,REAR END,NOT DIVIDED,TRAFFIC SIGNAL,DRIVING SKILLS/KNOWLEDGE/EXPERIENCE,DISREGARDING TRAFFIC SIGNALS,0,0,0,0,17,4,9,914,DAMEN AVE,41.991214,-87.670032,09/28/2016 06:37:00 PM,2016