CRASH_RECORD_ID,CRASH_DATE,POSTED_SPEED_LIMIT,WEATHER_CONDITION,LIGHTING_CONDITION,FIRST_CRASH_TYPE,TRAFFICWAY_TYPE,TRAFFIC_CONTROL_DEVICE,PRIM_CONTRIBUTORY_CAUSE,SEC_CONTRIBUTORY_CAUSE,INJURIES_FATAL,INJURIES_INCAPACITATING,INJURIES_NON_INCAPACITATING,INJURIES_TOTAL,CRASH_HOUR,CRASH_DAY_OF_WEEK,CRASH_MONTH,BEAT_OF_OCCURRENCE,STREET_NAME,LATITUDE,LONGITUDE,DATE_POLICE_NOTIFIED,year
CR00028637,10/25/2019 06:34:00 PM,15,CLEAR,DAWN,ANGLE,DIVIDED - W/MEDIAN (NOT RAISED),STOP SIGN/FLASHER,FAILING TO YIELD RIGHT-OF-WAY,IMPROPER LANE USAGE,0,0,0,0,18,6,10,1495,ASHLAND AVE,41.851726,-87.650534,10/25/2019 07:11:00 PM,2019
CR00028638,02/29/2020 02:49:00 PM,25,CLOUDY/OVERCAST,DAYLIGHT,REAR END,DIVIDED - W/MEDIAN (NOT RAISED),TRAFFIC SIGNAL,FAILING TO REDUCE SPEED,UNABLE TO DETERMINE,0,0,1,1,14,7,2,224,OGDEN AVE,41.839018,-87.619807,02/29/2020 03:11:00 PM,2020
CR00028639,11/19/2024 01:18:00 PM,30,RAIN,DARKNESS,SIDESWIPE SAME DIRECTION,NOT DIVIDED,NO CONTROLS,UNABLE TO DETERMINE,DRIVING SKILLS/KNOWLEDGE/EXPERIENCE,0,0,0,0,13,3,11,275,MILWAUKEE AVE,41.86622,-87.668008,11/19/2024 03:09:00 PM,2024
CR00028640,05/27/2017 05:18:00 PM,25,RAIN,DAYLIGHT,ANGLE,DIVIDED - W/MEDIAN BARRIER,TRAFFIC SIGNAL,DISREGARDING TRAFFIC SIGNALS,NOT APPLICABLE,0,0,0,0,17,7,5,2026,LAKE SHORE DR,41.997411,-87.546246,05/27/2017 06:12:00 PM,2017
CR00028641,05/17/2023 04:19:00 PM,15,FREEZING RAIN/DRIZZLE,DAYLIGHT,SIDESWIPE SAME DIRECTION,ONE-WAY,YIELD,UNABLE TO DETERMINE,FAILING TO YIELD RIGHT-OF-WAY,0,0,0,0,16,4,5,2248,FULLERTON AVE,41.917743,-87.761895,05/17/2023 05:47:00 PM,2023
CR00028642,07/10/2016 01:42:00 PM,40,CLEAR,DAYLIGHT,REAR END,T-INTERSECTION,YIELD,DISTRACTION - FROM INSIDE VEHICLE,FOLLOWING TOO CLOSELY,0,0,0,0,13,1,7,877,IRVING PARK RD,41.737512,-87.737215,07/10/2016 03:33:00 PM,2016
CR00028643,10/07/2019 09:57:00 AM,15,CLEAR,DARKNESS - LIGHTED ROAD,ANGLE,NOT DIVIDED,NO CONTROLS,DRIVING SKILLS/KNOWLEDGE/EXPERIENCE,IMPROPER LANE USAGE,0,0,0,0,9,2,10,1016,WESTERN AVE,41.985223,-87.530827,10/07/2019 10:52:00 AM,2019
CR00028644,05/26/2018 02:55:00 PM,30,CLEAR,DARKNESS - LIGHTED ROAD,REAR END,NOT DIVIDED,TRAFFIC SIGNAL,IMPROPER LANE USAGE,DISREGARDING TRAFFIC SIGNALS,0,0,0,0,14,7,5,1223,CICERO AVE,41.743365,-87.592568,05/26/2018 04:20:00 PM,2018
CR00028645,03/28/2023 03:35:00 AM,30,CLEAR,DAWN,FIXED OBJECT,ONE-WAY,TRAFFIC SIGNAL,IMPROPER LANE USAGE,NOT APPLICABLE,0,0,0,0,3,3,3,423,KEDZIE AVE,41.996573,-87.84373,03/28/2023 05:29:00 AM,2023
CR00028646,08/25/2016 08:15:00 PM,35,SNOW,DARKNESS - LIGHTED ROAD,PARKED MOTOR VEHICLE,NOT DIVIDED,NO CONTROLS,DRIVING SKILLS/KNOWLEDGE/EXPERIENCE,UNABLE TO DETERMINE,0,2,1,3,20,5,8,734,STONY ISLAND AVE,41.79927,-87.72262,08/25/2016 08:25:00 PM,2016
CR00028647,07/18/2020 03:16:00 AM,35,RAIN,DAYLIGHT,REAR END,DIVIDED - W/MEDIAN (NOT RAISED),STOP SIGN/FLASHER,FOLLOWING TOO CLOSELY,DRIVING SKILLS/KNOWLEDGE/EXPERIENCE,0,0,0,0,3,7,7,911,WESTERN AVE,41.876988,-87.77135,07/18/2020 03:28:00 AM,2020
CR00028648,03/02/2021 08:56:00 AM,25,FREEZING RAIN/DRIZZLE,DARKNESS - LIGHTED ROAD,PARKED MOTOR VEHICLE,T-INTERSECTION,TRAFFIC SIGNAL,FAILING TO YIELD RIGHT-OF-WAY,UNABLE TO DETERMINE,0,0,0,0,8,3,3,1903,FULLERTON AVE,41.823875,-87.526582,03/02/2021 10:52:00 AM,2021
CR00028649,04/11/2018 09:07:00 PM,40,CLEAR,DAYLIGHT,ANGLE,T-INTERSECTION,TRAFFIC SIGNAL,FOLLOWING TOO CLOSELY,DISREGARDING TRAFFIC SIGNALS,0,0,0,0,21,4,4,112,WESTERN AVE,41.710081,-87.518588,04/11/2018 10:43:00 PM,2018
CR00028650,03/28/2021 04:34:00 PM,35,CLEAR,DAYLIGHT,PEDESTRIAN,DIVIDED - W/MEDIAN BARRIER,NO CONTROLS,DISTRACTION - FROM INSIDE VEHICLE,NOT APPLICABLE,0,0,0,0,16,1,3,1909,WESTERN AVE,41.963549,-87.822127,03/28/2021 06:33:00 PM,2021
CR00028651,10/03/2023 07:51:00 AM,25,CLEAR,DARKNESS - LIGHTED ROAD,REAR END,NOT DIVIDED,TRAFFIC SIGNAL,DRIVING SKILLS/KNOWLEDGE/EXPERIENCE,IMPROPER LANE USAGE,0,0,0,0,7,3,10,1962,ASHLAND AVE,41.908928,-87.676884,10/03/2023 09:20:00 AM,2023
CR00028652,07/26/2017 04:18:00 PM,30,CLEAR,DAYLIGHT,REAR END,DIVIDED - W/MEDIAN BARRIER,TRAFFIC SIGNAL,DISTRACTION - FROM INSIDE VEHICLE,DRIVING SKILLS/KNOWLEDGE/EXPERIENCE,0,0,0,0,16,4,7,310,BROADWAY,41.771495,-87.545064,07/26/2017 05:54:00 PM,2017
CR00028653,12/09/2019 10:14:00 PM,45,CLEAR,DARKNESS - LIGHTED ROAD,REAR TO FRONT,NOT DIVIDED,NO CONTROLS,FOLLOWING TOO CLOSELY,UNABLE TO DETERMINE,0,0,3,3,22,2,12,2254,ARCHER AVE,41.849237,-87.637949,12/09/2019 11:05:00 PM,2019
CR00028654,05/04/2024 04:33:00 PM,30,RAIN,DAYLIGHT,FIXED OBJECT,DIVIDED - W/MEDIAN (NOT RAISED),TRAFFIC SIGNAL,UNABLE TO DETERMINE,DISREGARDING TRAFFIC SIGNALS,0,0,0,0,16,7,5,1217,CLARK ST,41.864255,-87.669177,05/04/2024 05:04:00 PM,2024
CR00028655,06/12/2015 05:24:00 PM,15,CLEAR,DAWN,REAR END,NOT DIVIDED,STOP SIGN/FLASHER,UNABLE TO DETERMINE,NOT APPLICABLE,0,0,0,0,17,6,6,831,FULLERTON AVE,41.716087,-87.682235,06/12/2015 06:23:00 PM,2015
CR00028656,08/29/2018 08:11:00 PM,15,CLEAR,DAYLIGHT,SIDESWIPE SAME DIRECTION,DIVIDED - W/MEDIAN (NOT RAISED),NO CONTROLS,FAILING TO YIELD RIGHT-OF-WAY,UNABLE TO DETERMINE,0,0,0,0,20,4,8,875,STATE ST,41.931519,-87.541052,08/29/2018 08:22:00 PM,2018
CR00028657,04/28/2019 03:37:00 PM,35,CLEAR,DAYLIGHT,REAR END,DIVIDED - W/MEDIAN (NOT RAISED),TRAFFIC SIGNAL,DRIVING SKILLS/KNOWLEDGE/EXPERIENCE,NOT APPLICABLE,0,0,1,1,15,1,4,2394,STONY ISLAND AVE,41.934605,-87.620833,04/28/2019 05:02:00 PM,2019
CR00028658,04/13/2021 12:14:00 PM,30,CLEAR,DAYLIGHT,REAR TO FRONT,FOUR WAY,STOP SIGN/FLASHER,UNABLE TO DETERMINE,UNABLE TO DETERMINE,0,0,0,0,12,3,4,1604,79TH ST,41.786685,-87.589599,04/13/2021 01:37:00 PM,2021
CR00028659,12/11/2017 10:42:00 PM,45,CLEAR,DAWN,ANGLE,FOUR WAY,NO CONTROLS,UNABLE TO DETERMINE,FAILING TO YIELD RIGHT-OF-WAY,0,0,0,0,22,2,12,518,LAKE SHORE DR,41.802214,-87.809232,12/11/2017 10:49:00 PM,2017
CR00028660,04/17/2024 07:32:00 PM,45,CLEAR,DAYLIGHT,PARKED MOTOR VEHICLE,DIVIDED - W/MEDIAN (NOT RAISED),NO CONTROLS,IMPROPER LANE USAGE,NOT APPLICABLE,0,0,0,0,19,4,4,1032,OGDEN AVE,41.787634,-87.689435,04/17/2024 08:16:00 PM,2024
CR00028661,09/29/2015 01:26:00 PM,20,CLEAR,DAYLIGHT,REAR END,DIVIDED - W/MEDIAN BARRIER,NO CONTROLS,DISTRACTION - FROM INSIDE VEHICLE,WEATHER,0,0,0,0,13,3,9,361,ELSTON AVE,41.796174,-87.568848,09/29/2015 02:56:00 PM,2015
CR00028662,02/24/2020 06:04:00 PM,30,FOG/SMOKE/HAZE,DAYLIGHT,SIDESWIPE SAME DIRECTION,DIVIDED - W/MEDIAN (NOT RAISED),TRAFFIC SIGNAL,IMPROPER LANE USAGE,FAILING TO YIELD RIGHT-OF-WAY,0,0,0,0,18,2,2,1738,79TH ST,41.863642,-87.700257,02/24/2020 06:30:00 PM,2020
CR00028663,05/03/2023 04:36:00 PM,30,CLEAR,DAYLIGHT,REAR TO FRONT,NOT DIVIDED,STOP SIGN/FLASHER,UNABLE TO DETERMINE,FOLLOWING TOO CLOSELY,0,0,0,0,16,4,5,2338,HALSTED ST,41.96428,-87.653539,05/03/2023 06:30:00 PM,2023
CR00028664,05/28/2022 12:48:00 PM,30,CLEAR,DAYLIGHT,TURNING,FOUR WAY,TRAFFIC SIGNAL,UNABLE TO DETERMINE,IMPROPER OVERTAKING/PASSING,0,1,1,2,12,7,5,2191,BROADWAY,41.807839,-87.681035,05/28/2022 02:18:00 PM,2022
CR00028665,04/05/2023 03:52:00 AM,40,CLOUDY/OVERCAST,DAYLIGHT,REAR END,DIVIDED - W/MEDIAN BARRIER,NO CONTROLS,UNABLE TO DETERMINE,DISTRACTION - FROM INSIDE VEHICLE,0,0,0,0,3,4,4,1544,BROADWAY,41.791749,-87.631832,04/05/2023 05:21:00 AM,2023
CR00028666,01/11/2024 02:20:00 PM,15,CLEAR,DAYLIGHT,SIDESWIPE SAME DIRECTION,ONE-WAY,STOP SIGN/FLASHER,IMPROPER OVERTAKING/PASSING,FAILING TO YIELD RIGHT-OF-WAY,0,1,1,2,14,5,1,111,MICHIGAN AVE,41.950959,-87.543117,01/11/2024 04:00:00 PM,2024
CR00028667,12/12/2023 08:10:00 AM,30,CLEAR,DAYLIGHT,REAR END,NOT DIVIDED,STOP SIGN/FLASHER,UNABLE TO DETERMINE,DISTRACTION - FROM INSIDE VEHICLE,0,0,0,0,8,3,12,2164,ARCHER AVE,41.70044,-87.788428,12/12/2023 08:15:00 AM,2023
CR00028668,09/28/2018 04:27:00 PM,45,CLOUDY/OVERCAST,DARKNESS - LIGHTED ROAD,PARKED MOTOR VEHICLE,NOT DIVIDED,NO CONTROLS,IMPROPER OVERTAKING/PASSING,UNABLE TO DETERMINE,0,0,0,0,16,6,9,1970,LAKE SHORE DR,41.860874,-87.777593,09/28/2018 04:31:00 PM,2018
CR00028669,11/27/2016 04:59:00 AM,30,FREEZING RAIN/DRIZZLE,DARKNESS - LIGHTED ROAD,SIDESWIPE SAME DIRECTION,NOT DIVIDED,NO CONTROLS,IMPROPER OVERTAKING/PASSING,FOLLOWING TOO CLOSELY,0,0,0,0,4,1,11,780,FULLERTON AVE,41.846343,-87.511405,11/27/2016 05:50:00 AM,2016
CR00028670,03/26/2015 06:05:00 PM,40,CLEAR,DARKNESS - LIGHTED ROAD,REAR END,NOT DIVIDED,STOP SIGN/FLASHER,FOLLOWING TOO CLOSELY,FOLLOWING TOO CLOSELY,0,0,0,0,18,5,3,2444,STATE ST,41.872929,-87.778803,03/26/2015 06:19:00 PM,2015
CR00028671,06/22/2021 06:26:00 AM,20,CLEAR,DAYLIGHT,SIDESWIPE SAME DIRECTION,NOT DIVIDED,TRAFFIC SIGNAL,FAILING TO YIELD RIGHT-OF-WAY,UNABLE TO DETERMINE,0,0,0,0,6,3,6,913,MILWAUKEE AVE,41.742696,-87.557669,06/22/2021 08:18:00 AM,2021
CR00028672,12/10/2023 08:50:00 PM,35,RAIN,DAYLIGHT,REAR END,NOT DIVIDED,NO CONTROLS,DRIVING SKILLS/KNOWLEDGE/EXPERIENCE,NOT APPLICABLE,0,0,0,0,20,1,12,1246,CLARK ST,41.842938,-87.524951,12/10/2023 09:54:00 PM,2023
CR00028673,12/25/2016 05:06:00 PM,45,CLEAR,DAYLIGHT,REAR END,NOT DIVIDED,NO CONTROLS,FAILING TO YIELD RIGHT-OF-WAY,NOT APPLICABLE,0,0,0,0,17,1,12,1527,79TH ST,41.80849,-87.822393,12/25/2016 06:10:00 PM,2016
CR00028674,12/26/2018 10:06:00 AM,15,CLEAR,DAYLIGHT,REAR END,ONE-WAY,TRAFFIC SIGNAL,FOLLOWING TOO CLOSELY,FAILING TO REDUCE SPEED,0,0,0,0,10,4,12,228,ARCHER AVE,41.927177,-87.760592,12/26/2018 10:11:00 AM,2018
CR00028675,06/08/2018 04:30:00 PM,35,CLEAR,DAYLIGHT,REAR END,ONE-WAY,STOP SIGN/FLASHER,FOLLOWING TOO CLOSELY,FAILING TO YIELD RIGHT-OF-WAY,0,0,2,2,16,6,6,1716,MICHIGAN AVE,41.743699,-87.750237,06/08/2018 06:16:00 PM,2018
CR00028676,03/12/2024 06:14:00 AM,15,CLEAR,DAYLIGHT,REAR END,FOUR WAY,TRAFFIC SIGNAL,FOLLOWING TOO CLOSELY,FOLLOWING TOO CLOSELY,0,0,0,0,6,3,3,207,STATE ST,41.71517,-87.815784,03/12/2024 06:51:00 AM,2024
CR00028677,09/14/2015 07:59:00 PM,35,CLEAR,DAYLIGHT,PARKED MOTOR VEHICLE,NOT DIVIDED,NO CONTROLS,UNABLE TO DETERMINE,IMPROPER OVERTAKING/PASSING,0,0,1,1,19,2,9,1366,63RD ST,41.963706,-87.536293,09/14/2015 08:03:00 PM,2015
CR00028678,01/20/2023 11:19:00 PM,35,CLEAR,DARKNESS,REAR END,DIVIDED - W/MEDIAN (NOT RAISED),TRAFFIC SIGNAL,UNABLE TO DETERMINE,NOT APPLICABLE,0,0,0,0,23,6,1,1830,IRVING PARK RD,41.950091,-87.651396,01/20/2023 11:35:00 PM,2023
CR00028679,12/29/2016 02:18:00 AM,15,CLEAR,DAYLIGHT,PEDESTRIAN,FOUR WAY,NO CONTROLS,DISREGARDING TRAFFIC SIGNALS,DISTRACTION - FROM INSIDE VEHICLE,0,0,0,0,2,5,12,2321,OGDEN AVE,41.745031,-87.546953,12/29/2016 03:35:00 AM,2016
CR00028680,09/13/2020 08:05:00 PM,40,CLEAR,DARKNESS - LIGHTED ROAD,SIDESWIPE SAME DIRECTION,NOT DIVIDED,UNKNOWN,DRIVING SKILLS/KNOWLEDGE/EXPERIENCE,NOT APPLICABLE,0,0,0,0,20,1,9,952,79TH ST,41.746637,-87.598987,09/13/2020 08:16:00 PM,2020
CR00028681,10/01/2021 11:04:00 AM,40,CLEAR,DUSK,TURNING,NOT DIVIDED,TRAFFIC SIGNAL,FAILING TO YIELD RIGHT-OF-WAY,FOLLOWING TOO CLOSELY,0,2,1,3,11,6,10,2471,KEDZIE AVE,41.864621,-87.541687,10/01/2021 12:27:00 PM,2021
CR00028682,10/22/2024 02:38:00 PM,40,FREEZING RAIN/DRIZZLE,DAYLIGHT,TURNING,DIVIDED - W/MEDIAN (NOT RAISED),PEDESTRIAN CROSSING SIGN,FOLLOWING TOO CLOSELY,DRIVING SKILLS/KNOWLEDGE/EXPERIENCE,0,0,0,0,14,3,10,1320,OGDEN AVE,41.944094,-87.591403,10/22/2024 04:21:00 PM,2024
CR00028683,08/12/2023 07:36:00 AM,30,CLOUDY/OVERCAST,DAYLIGHT,TURNING,NOT DIVIDED,NO CONTROLS,FAILING TO REDUCE SPEED,UNABLE TO DETERMINE,0,0,3,3,7,7,8,1891,BROADWAY,41.883056,-87.572587,08/12/2023 08:31:00 AM,2023
CR00028684,07/03/2018 08:56:00 AM,30,CLEAR,DAYLIGHT,REAR END,NOT DIVIDED,TRAFFIC SIGNAL,IMPROPER LANE USAGE,FOLLOWING TOO CLOSELY,0,0,0,0,8,3,7,890,IRVING PARK RD,41.979654,-87.735653,07/03/2018 09:52:00 AM,2018
CR00028685,11/13/2018 02:13:00 PM,25,CLEAR,DAYLIGHT,FIXED OBJECT,DIVIDED - W/MEDIAN BARRIER,NO CONTROLS,IMPROPER OVERTAKING/PASSING,NOT APPLICABLE,0,0,0,0,14,3,11,722,MILWAUKEE AVE,41.783651,-87.639661,11/13/2018 03:21:00 PM,2018
CR00028686,04/21/2018 02:37:00 PM,30,CLEAR,DAYLIGHT,REAR END,FOUR WAY,NO CONTROLS,FAILING TO YIELD RIGHT-OF-WAY,UNABLE TO DETERMINE,0,0,1,1,14,7,4,1240,STATE ST,41.949885,-87.606234,04/21/2018 03:52:00 PM,2018
CR00028687,06/02/2022 05:55:00 PM,35,FREEZING RAIN/DRIZZLE,DARKNESS - LIGHTED ROAD,TURNING,DIVIDED - W/MEDIAN (NOT RAISED),UNKNOWN,FOLLOWING TOO CLOSELY,NOT APPLICABLE,0,0,0,0,17,5,6,1826,79TH ST,41.732557,-87.705278,06/02/2022 07:13:00 PM,2022
CR00028688,04/08/2017 08:24:00 PM,15,CLEAR,DAYLIGHT,PARKED MOTOR VEHICLE,FOUR WAY,NO CONTROLS,WEATHER,FOLLOWING TOO CLOSELY,0,0,0,0,20,7,4,260,MILWAUKEE AVE,41.971333,-87.575604,04/08/2017 09:24:00 PM,2017
CR00028689,08/18/2017 02:47:00 PM,20,CLOUDY/OVERCAST,DAYLIGHT,SIDESWIPE SAME DIRECTION,DIVIDED - W/MEDIAN (NOT RAISED),STOP SIGN/FLASHER,UNABLE TO DETERMINE,NOT APPLICABLE,0,0,1,1,14,6,8,476,KEDZIE AVE,41.798224,-87.726249,08/18/2017 04:09:00 PM,2017
CR00028690,12/09/2022 01:37:00 PM,15,SNOW,DAYLIGHT,SIDESWIPE SAME DIRECTION,NOT DIVIDED,NO CONTROLS,UNABLE TO DETERMINE,DRIVING SKILLS/KNOWLEDGE/EXPERIENCE,0,0,0,0,13,6,12,1023,HALSTED ST,41.816346,-87.798203,12/09/2022 02:39:00 PM,2022
CR00028691,07/14/2020 11:55:00 AM,25,CLOUDY/OVERCAST,DARKNESS - LIGHTED ROAD,PARKED MOTOR VEHICLE,DIVIDED - W/MEDIAN BARRIER,TRAFFIC SIGNAL,DISTRACTION - FROM INSIDE VEHICLE,DISREGARDING TRAFFIC SIGNALS,0,0,0,0,11,3,7,2216,FULLERTON AVE,41.929881,-87.829656,07/14/2020 12:14:00 PM,2020
CR00028692,10/04/2018 11:31:00 PM,15,SNOW,DARKNESS,PARKED MOTOR VEHICLE,NOT DIVIDED,NO CONTROLS,FOLLOWING TOO CLOSELY,IMPROPER OVERTAKING/PASSING,0,0,0,0,23,5,10,151,STATE ST,41.874223,-87.546426,10/04/2018 11:56:00 PM,2018
CR00028693,06/25/2020 09:53:00 AM,35,CLOUDY/OVERCAST,DAYLIGHT,REAR END,NOT DIVIDED,TRAFFIC SIGNAL,DRIVING SKILLS/KNOWLEDGE/EXPERIENCE,IMPROPER OVERTAKING/PASSING,0,0,0,0,9,5,6,351,CALIFORNIA AVE,41.818328,-87.797071,06/25/2020 10:58:00 AM,2020
CR00028694,02/12/2018 10:36:00 PM,15,CLEAR,DAYLIGHT,TURNING,FOUR WAY,NO CONTROLS,FOLLOWING TOO CLOSELY,NOT APPLICABLE,0,0,1,1,22,2,2,2356,CICERO AVE,41.878512,-87.698105,02/12/2018 10:48:00 PM,2018
CR00028695,12/14/2016 07:48:00 PM,30,CLEAR,DAYLIGHT,REAR END,FOUR WAY,TRAFFIC SIGNAL,FAILING TO YIELD RIGHT-OF-WAY,IMPROPER OVERTAKING/PASSING,0,0,0,0,19,4,12,2251,DAMEN AVE,41.93751,-87.728587,12/14/2016 09:13:00 PM,2016
CR00028696,07/17/2019 11:51:00 AM,45,CLEAR,DARKNESS,ANGLE,NOT DIVIDED,TRAFFIC SIGNAL,UNABLE TO DETERMINE,WEATHER,0,0,0,0,11,4,7,1873,ELSTON AVE,41.989064,-87.82119,07/17/2019 01:45:00 PM,2019
CR00028697,04/23/2022 07:40:00 PM,35,CLEAR,DARKNESS - LIGHTED ROAD,PARKED MOTOR VEHICLE,ONE-WAY,STOP SIGN/FLASHER,FAILING TO YIELD RIGHT-OF-WAY,FAILING TO YIELD RIGHT-OF-WAY,0,0,3,3,19,7,4,1913,IRVING PARK RD,41.881147,-87.751278,04/23/2022 08:35:00 PM,2022
CR00028698,01/27/2023 08:30:00 AM,30,CLEAR,DAYLIGHT,PARKED MOTOR VEHICLE,NOT DIVIDED,STOP SIGN/FLASHER,IMPROPER OVERTAKING/PASSING,FOLLOWING TOO CLOSELY,0,0,0,0,8,6,1,1499,PULASKI RD,41.850645,-87.814305,01/27/2023 09:05:00 AM,2023
CR00028699,10/30/2022 12:48:00 PM,35,CLEAR,DAYLIGHT,SIDESWIPE SAME DIRECTION,ONE-WAY,STOP SIGN/FLASHER,UNABLE TO DETERMINE,FOLLOWING TOO CLOSELY,0,0,0,0,12,1,10,726,47TH ST,41.988269,-87.556596,10/30/2022 02:02:00 PM,2022
CR00028700,10/03/2017 05:14:00 PM,30,SNOW,DARKNESS - LIGHTED ROAD,ANGLE,T-INTERSECTION,YIELD,FOLLOWING TOO CLOSELY,UNABLE TO DETERMINE,0,0,0,0,17,3,10,1829,ASHLAND AVE,41.980906,-87.542558,10/03/2017 05:39:00 PM,2017
CR00028701,03/21/2023 05:02:00 PM,40,CLEAR,DARKNESS - LIGHTED ROAD,TURNING,FOUR WAY,NO CONTROLS,UNABLE TO DETERMINE,FOLLOWING TOO CLOSELY,0,0,0,0,17,3,3,2032,CALIFORNIA AVE,41.867922,-87.629632,03/21/2023 05:21:00 PM,2023
CR00028702,07/24/2024 07:10:00 PM,15,CLEAR,DARKNESS - LIGHTED ROAD,SIDESWIPE SAME DIRECTION,FOUR WAY,NO CONTROLS,FOLLOWING TOO CLOSELY,UNABLE TO DETERMINE,0,0,0,0,19,4,7,2362,PULASKI RD,41.91151,-87.666498,07/24/2024 07:49:00 PM,2024
CR00028703,03/28/2017 04:23:00 PM,20,CLEAR,DAYLIGHT,ANGLE,NOT DIVIDED,NO CONTROLS,UNABLE TO DETERMINE,NOT APPLICABLE,0,0,0,0,16,3,3,917,CICERO AVE,41.760516,-87.584942,03/28/2017 05:43:00 PM,2017
CR00028704,02/06/2018 01:32:00 PM,25,CLEAR,DAYLIGHT,PARKED MOTOR VEHICLE,DIVIDED - W/MEDIAN BARRIER,TRAFFIC SIGNAL,UNABLE TO DETERMINE,UNABLE TO DETERMINE,0,0,3,3,13,3,2,246,LAKE SHORE DR,41.718771,-87.772314,02/06/2018 03:16:00 PM,2018
CR00028705,11/09/2023 03:02:00 PM,15,CLEAR,DAYLIGHT,FIXED OBJECT,NOT DIVIDED,PEDESTRIAN CROSSING SIGN,WEATHER,UNABLE TO DETERMINE,0,0,0,0,15,5,11,606,ROOSEVELT RD,41.847177,-87.605009,11/09/2023 04:27:00 PM,2023
CR00028706,06/22/2020 06:13:00 PM,30,CLEAR,DAYLIGHT,REAR END,NOT DIVIDED,STOP SIGN/FLASHER,IMPROPER OVERTAKING/PASSING,UNABLE TO DETERMINE,0,0,2,2,18,2,6,2297,STATE ST,41.869302,-87.736507,06/22/2020 08:13:00 PM,2020
CR00028707,11/15/2023 03:21:00 PM,35,CLEAR,DAYLIGHT,SIDESWIPE SAME DIRECTION,FOUR WAY,STOP SIGN/FLASHER,IMPROPER LANE USAGE,NOT APPLICABLE,0,0,0,0,15,4,11,2210,CALIFORNIA AVE,41.873916,-87.63155,11/15/2023 03:42:00 PM,2023
CR00028708,12/24/2022 01:27:00 AM,20,CLEAR,DUSK,TURNING,T-INTERSECTION,STOP SIGN/FLASHER,FAILING TO REDUCE SPEED,UNABLE TO DETERMINE,0,0,0,0,1,7,12,372,CICERO AVE,41.937221,-87.601855,12/24/2022 01:53:00 AM,2022
CR00028709,04/27/2021 12:47:00 PM,45,CLEAR,DARKNESS - LIGHTED ROAD,FIXED OBJECT,FOUR WAY,NO CONTROLS,DISREGARDING TRAFFIC SIGNALS,FAILING TO REDUCE SPEED,0,0,0,0,12,3,4,2411,PULASKI RD,41.925413,-87.613236,04/27/2021 01:43:00 PM,2021
CR00028710,07/13/2024 07:20:00 AM,25,CLEAR,DAYLIGHT,REAR END,DIVIDED - W/MEDIAN (NOT RAISED),NO CONTROLS,UNABLE TO DETERMINE,IMPROPER OVERTAKING/PASSING,0,0,0,0,7,7,7,1517,LAKE SHORE DR,41.791276,-87.581032,07/13/2024 07:21:00 AM,2024
CR00028711,04/07/2024 01:00:00 PM,25,CLEAR,DARKNESS,REAR TO FRONT,DIVIDED - W/MEDIAN (NOT RAISED),NO CONTROLS,UNABLE TO DETERMINE,UNABLE TO DETERMINE,0,0,0,0,13,1,4,1615,ELSTON AVE,41.860544,-87.79388,04/07/2024 02:49:00 PM,2024
CR00028712,11/03/2019 02:27:00 PM,30,CLEAR,DAYLIGHT,REAR END,NOT DIVIDED,TRAFFIC SIGNAL,UNABLE TO DETERMINE,NOT APPLICABLE,0,0,0,0,14,1,11,650,CLARK ST,41.772502,-87.547214,11/03/2019 02:29:00 PM,2019
CR00028713,04/21/2016 06:59:00 AM,40,CLEAR,DAYLIGHT,FIXED OBJECT,DIVIDED - W/MEDIAN (NOT RAISED),TRAFFIC SIGNAL,UNABLE TO DETERMINE,IMPROPER OVERTAKING/PASSING,0,0,0,0,6,5,4,1896,STONY ISLAND AVE,41.758019,-87.755264,04/21/2016 08:55:00 AM,2016
CR00028714,02/11/2021 02:59:00 AM,20,FOG/SMOKE/HAZE,DAYLIGHT,SIDESWIPE SAME DIRECTION,DIVIDED - W/MEDIAN BARRIER,TRAFFIC SIGNAL,UNABLE TO DETERMINE,DISREGARDING TRAFFIC SIGNALS,0,0,0,0,2,5,2,1736,DIVISION ST,41.721631,-87.585622,02/11/2021 03:05:00 AM,2021
CR00028715,12/11/2022 04:54:00 PM,30,CLEAR,DARKNESS - LIGHTED ROAD,REAR END,NOT DIVIDED,STOP SIGN/FLASHER,FOLLOWING TOO CLOSELY,IMPROPER OVERTAKING/PASSING,0,0,0,0,16,1,12,2481,KEDZIE AVE,41.864241,-87.603191,12/11/2022 04:58:00 PM,2022
CR00028716,04/07/2022 01:28:00 PM,20,CLEAR,DAYLIGHT,FIXED OBJECT,ONE-WAY,YIELD,WEATHER,UNABLE TO DETERMINE,0,0,3,3,13,5,4,1152,STATE ST,41.917613,-87.731376,04/07/2022 01:49:00 PM,2022
CR00028717,11/11/2015 06:00:00 PM,45,CLEAR,DAYLIGHT,TURNING,NOT DIVIDED,PEDESTRIAN CROSSING SIGN,FAILING TO YIELD RIGHT-OF-WAY,FAILING TO YIELD RIGHT-OF-WAY,0,0,0,0,18,4,11,896,47TH ST,41.989274,-87.687157,11/11/2015 06:25:00 PM,2015