CRASH_RECORD_ID,CRASH_DATE,POSTED_SPEED_LIMIT,WEATHER_CONDITION,LIGHTING_CONDITION,FIRST_CRASH_TYPE,TRAFFICWAY_TYPE,TRAFFIC_CONTROL_DEVICE,PRIM_CONTRIBUTORY_CAUSE,SEC_CONTRIBUTORY_CAUSE,INJURIES_FATAL,INJURIES_INCAPACITATING,INJURIES_NON_INCAPACITATING,INJURIES_TOTAL,CRASH_HOUR,CRASH_DAY_OF_WEEK,CRASH_MONTH,BEAT_OF_OCCURRENCE,STREET_NAME,LATITUDE,LONGITUDE,DATE_POLICE_NOTIFIED,year
CR00028718,10/21/2015 05:19:00 PM,30,CLEAR,DAYLIGHT,TURNING,NOT DIVIDED,TRAFFIC SIGNAL,FAILING TO YIELD RIGHT-OF-WAY,UNABLE TO DETERMINE,0,0,0,0,17,4,10,675,LAKE SHORE DR,41.982587,-87.611745,10/21/2015 06:18:00 PM,2015
CR00028719,09/29/2018 07:36:00 PM,35,RAIN,DAYLIGHT,ANGLE,NOT DIVIDED,NO CONTROLS,UNABLE TO DETERMINE,UNABLE TO DETERMINE,0,0,0,0,19,7,9,2103,47TH ST,41.993672,-87.841965,09/29/2018 08:06:00 PM,2018
CR00028720,03/20/2022 05:22:00 AM,25,CLEAR,DAYLIGHT,ANGLE,DIVIDED - W/MEDIAN BARRIER,NO CONTROLS,FOLLOWING TOO CLOSELY,FAILING TO YIELD RIGHT-OF-WAY,0,0,0,0,5,1,3,1719,CICERO AVE,41.979003,-87.762692,03/20/2022 05:57:00 AM,2022
CR00028721,07/09/2018 07:20:00 AM,20,CLEAR,DARKNESS - LIGHTED ROAD,ANGLE,ONE-WAY,TRAFFIC SIGNAL,UNABLE TO DETERMINE,UNABLE TO DETERMINE,0,0,1,1,7,2,7,690,HALSTED ST,41.868392,-87.58286,07/09/2018 07:51:00 AM,2018
CR00028722,03/31/2018 07:51:00 AM,15,CLEAR,DARKNESS - LIGHTED ROAD,ANGLE,NOT DIVIDED,TRAFFIC SIGNAL,FAILING TO REDUCE SPEED,FAILING TO REDUCE SPEED,0,0,0,0,7,7,3,2525,DIVISION ST,41.878608,-87.736758,03/31/2018 09:48:00 AM,2018
CR00028723,04/22/2021 01:52:00 AM,20,CLEAR,DAYLIGHT,ANGLE,FOUR WAY,NO CONTROLS,IMPROPER LANE USAGE,FAILING TO YIELD RIGHT-OF-WAY,0,0,0,0,1,5,4,1259,HALSTED ST,41.72285,-87.820303,04/22/2021 02:39:00 AM,2021
CR00028724,05/14/2024 03:33:00 PM,30,CLEAR,DARKNESS,PEDESTRIAN,NOT DIVIDED,UNKNOWN,DISTRACTION - FROM INSIDE VEHICLE,FOLLOWING TOO CLOSELY,0,0,1,1,15,3,5,1371,STONY ISLAND AVE,41.731161,-87.818998,05/14/2024 04:26:00 PM,2024
CR00028725,07/08/2023 01:41:00 PM,40,CLEAR,DAYLIGHT,REAR END,DIVIDED - W/MEDIAN (NOT RAISED),NO CONTROLS,UNABLE TO DETERMINE,DISREGARDING TRAFFIC SIGNALS,0,0,0,0,13,7,7,1991,ARCHER AVE,41.837904,-87.531357,07/08/2023 02:19:00 PM,2023
CR00028726,03/31/2021 07:27:00 PM,40,CLEAR,DAYLIGHT,ANGLE,ONE-WAY,STOP SIGN/FLASHER,FAILING TO YIELD RIGHT-OF-WAY,FAILING TO YIELD RIGHT-OF-WAY,0,0,0,0,19,4,3,2064,ROOSEVELT RD,41.958375,-87.802885,03/31/2021 08:16:00 PM,2021
CR00028727,10/24/2024 04:08:00 PM,15,CLEAR,DAYLIGHT,SIDESWIPE SAME DIRECTION,ONE-WAY,STOP SIGN/FLASHER,IMPROPER OVERTAKING/PASSING,WEATHER,0,0,0,0,16,5,10,2199,FULLERTON AVE,41.776995,-87.687901,10/24/2024 05:12:00 PM,2024
CR00028728,11/05/2017 04:36:00 PM,45,CLEAR,DAYLIGHT,SIDESWIPE SAME DIRECTION,FOUR WAY,NO CONTROLS,UNABLE TO DETERMINE,FOLLOWING TOO CLOSELY,0,0,0,0,16,1,11,1183,DAMEN AVE,41.780453,-87.543746,11/05/2017 05:28:00 PM,2017
CR00028729,03/28/2019 05:06:00 AM,15,CLOUDY/OVERCAST,DAYLIGHT,PEDESTRIAN,DIVIDED - W/MEDIAN BARRIER,NO CONTROLS,UNABLE TO DETERMINE,FAILING TO REDUCE SPEED,0,0,0,0,5,5,3,855,MILWAUKEE AVE,41.788905,-87.612214,03/28/2019 05:15:00 AM,2019
CR00028730,07/12/2024 04:23:00 PM,35,CLOUDY/OVERCAST,DAYLIGHT,REAR END,DIVIDED - W/MEDIAN BARRIER,STOP SIGN/FLASHER,UNABLE TO DETERMINE,IMPROPER OVERTAKING/PASSING,0,1,1,2,16,6,7,1768,ASHLAND AVE,41.876483,-87.759614,07/12/2024 04:28:00 PM,2024
CR00028731,08/28/2019 08:56:00 PM,20,SNOW,DARKNESS,TURNING,NOT DIVIDED,STOP SIGN/FLASHER,FOLLOWING TOO CLOSELY,DISREGARDING TRAFFIC SIGNALS,0,0,0,0,20,4,8,2459,WESTERN AVE,41.878043,-87.676842,08/28/2019 09:32:00 PM,2019
CR00028732,11/06/2022 08:02:00 PM,45,RAIN,DAYLIGHT,REAR END,ONE-WAY,TRAFFIC SIGNAL,DISTRACTION - FROM INSIDE VEHICLE,FOLLOWING TOO CLOSELY,0,0,0,0,20,1,11,955,ELSTON AVE,41.846026,-87.769837,11/06/2022 09:28:00 PM,2022
CR00028733,12/16/2019 03:04:00 PM,45,SNOW,DAYLIGHT,SIDESWIPE SAME DIRECTION,ONE-WAY,STOP SIGN/FLASHER,DRIVING SKILLS/KNOWLEDGE/EXPERIENCE,NOT APPLICABLE,0,0,1,1,15,2,12,202,63RD ST,41.972392,-87.595774,12/16/2019 03:42:00 PM,2019
CR00028734,04/22/2015 04:05:00 AM,30,CLEAR,DAYLIGHT,REAR END,NOT DIVIDED,NO CONTROLS,UNABLE TO DETERMINE,UNABLE TO DETERMINE,0,0,0,0,4,4,4,853,BROADWAY,41.806535,-87.610353,04/22/2015 05:56:00 AM,2015
CR00028735,12/30/2023 06:42:00 PM,30,CLEAR,DARKNESS - LIGHTED ROAD,PEDESTRIAN,FOUR WAY,NO CONTROLS,UNABLE TO DETERMINE,DISREGARDING TRAFFIC SIGNALS,0,0,0,0,18,7,12,2115,CLARK ST,41.921253,-87.505305,12/30/2023 07:05:00 PM,2023
CR00028736,07/21/2015 10:45:00 AM,35,SNOW,DARKNESS - LIGHTED ROAD,TURNING,DIVIDED - W/MEDIAN BARRIER,STOP SIGN/FLASHER,IMPROPER LANE USAGE,IMPROPER LANE USAGE,0,0,0,0,10,3,7,2497,DAMEN AVE,41.71587,-87.73747,07/21/2015 12:24:00 PM,2015
CR00028737,01/28/2021 07:39:00 PM,45,CLOUDY/OVERCAST,DAYLIGHT,TURNING,DIVIDED - W/MEDIAN (NOT RAISED),UNKNOWN,DISREGARDING TRAFFIC SIGNALS,IMPROPER LANE USAGE,0,0,1,1,19,5,1,2242,MICHIGAN AVE,41.989325,-87.751358,01/28/2021 09:08:00 PM,2021
CR00028738,12/31/2022 03:00:00 PM,30,RAIN,DARKNESS - LIGHTED ROAD,REAR END,NOT DIVIDED,NO CONTROLS,DRIVING SKILLS/KNOWLEDGE/EXPERIENCE,UNABLE TO DETERMINE,0,0,0,0,15,7,12,1539,LAKE SHORE DR,41.912769,-87.688668,12/31/2022 04:24:00 PM,2022
CR00028739,06/04/2020 09:56:00 AM,30,CLOUDY/OVERCAST,DAYLIGHT,PARKED MOTOR VEHICLE,ONE-WAY,YIELD,FOLLOWING TOO CLOSELY,UNABLE TO DETERMINE,0,0,0,0,9,5,6,1672,DIVISION ST,41.920424,-87.719983,06/04/2020 10:04:00 AM,2020
CR00028740,10/22/2023 01:51:00 PM,30,CLEAR,DAYLIGHT,REAR END,NOT DIVIDED,TRAFFIC SIGNAL,FOLLOWING TOO CLOSELY,NOT APPLICABLE,0,0,0,0,13,1,10,947,OGDEN AVE,41.836882,-87.535056,10/22/2023 02:34:00 PM,2023
CR00028741,06/09/2022 08:39:00 PM,35,CLEAR,DARKNESS,REAR TO FRONT,FOUR WAY,STOP SIGN/FLASHER,DISREGARDING TRAFFIC SIGNALS,WEATHER,0,0,0,0,20,5,6,190,ROOSEVELT RD,41.760014,-87.622608,06/09/2022 10:01:00 PM,2022
CR00028742,01/28/2024 12:01:00 PM,45,CLEAR,DARKNESS - LIGHTED ROAD,REAR END,NOT DIVIDED,NO CONTROLS,DISTRACTION - FROM INSIDE VEHICLE,FAILING TO REDUCE SPEED,0,0,3,3,12,1,1,874,CLARK ST,41.777608,-87.664976,01/28/2024 01:45:00 PM,2024
CR00028743,06/02/2019 12:34:00 PM,30,CLOUDY/OVERCAST,DAYLIGHT,REAR END,T-INTERSECTION,NO CONTROLS,IMPROPER LANE USAGE,FAILING TO YIELD RIGHT-OF-WAY,0,0,1,1,12,1,6,1840,STATE ST,41.838181,-87.632714,06/02/2019 01:44:00 PM,2019
CR00028744,04/27/2021 05:43:00 PM,35,CLEAR,DAYLIGHT,SIDESWIPE SAME DIRECTION,NOT DIVIDED,TRAFFIC SIGNAL,FAILING TO YIELD RIGHT-OF-WAY,UNABLE TO DETERMINE,0,0,0,0,17,3,4,1468,47TH ST,41.989355,-87.525447,04/27/2021 06:22:00 PM,2021
CR00028745,07/02/2019 10:01:00 PM,20,FREEZING RAIN/DRIZZLE,DAWN,TURNING,DIVIDED - W/MEDIAN (NOT RAISED),TRAFFIC SIGNAL,DISREGARDING TRAFFIC SIGNALS,IMPROPER LANE USAGE,0,0,0,0,22,3,7,726,PULASKI RD,41.895841,-87.511908,07/02/2019 10:29:00 PM,2019
CR00028746,07/31/2015 01:18:00 PM,20,CLEAR,DAYLIGHT,TURNING,DIVIDED - W/MEDIAN (NOT RAISED),NO CONTROLS,UNABLE TO DETERMINE,IMPROPER OVERTAKING/PASSING,0,0,1,1,13,6,7,1244,CICERO AVE,41.934675,-87.845973,07/31/2015 01:23:00 PM,2015
CR00028747,07/14/2023 06:00:00 PM,30,CLEAR,DAYLIGHT,REAR END,FOUR WAY,STOP SIGN/FLASHER,WEATHER,UNABLE TO DETERMINE,0,0,0,0,18,6,7,854,KEDZIE AVE,41.864413,-87.763121,07/14/2023 06:06:00 PM,2023
CR00028748,05/08/2024 03:14:00 PM,15,CLEAR,DAYLIGHT,PARKED MOTOR VEHICLE,ONE-WAY,STOP SIGN/FLASHER,UNABLE TO DETERMINE,DISTRACTION - FROM INSIDE VEHICLE,0,0,0,0,15,4,5,2015,PULASKI RD,41.802668,-87.55536,05/08/2024 05:12:00 PM,2024
CR00028749,10/31/2023 08:09:00 PM,20,RAIN,DARKNESS - LIGHTED ROAD,SIDESWIPE SAME DIRECTION,DIVIDED - W/MEDIAN BARRIER,UNKNOWN,FAILING TO YIELD RIGHT-OF-WAY,DISTRACTION - FROM INSIDE VEHICLE,0,0,1,1,20,3,10,699,CLARK ST,41.89234,-87.545365,10/31/2023 09:52:00 PM,2023
CR00028750,11/03/2024 06:36:00 PM,35,CLEAR,DARKNESS,SIDESWIPE SAME DIRECTION,NOT DIVIDED,STOP SIGN/FLASHER,UNABLE TO DETERMINE,UNABLE TO DETERMINE,0,0,0,0,18,1,11,1796,CLARK ST,41.987094,-87.504539,11/03/2024 08:20:00 PM,2024
CR00028751,02/08/2023 02:19:00 AM,20,CLEAR,DARKNESS - LIGHTED ROAD,TURNING,ONE-WAY,UNKNOWN,IMPROPER OVERTAKING/PASSING,UNABLE TO DETERMINE,0,0,0,0,2,4,2,223,LAKE SHORE DR,41.799365,-87.687734,02/08/2023 02:24:00 AM,2023
CR00028752,07/16/2024 04:10:00 PM,35,CLEAR,DAYLIGHT,TURNING,NOT DIVIDED,NO CONTROLS,UNABLE TO DETERMINE,DISTRACTION - FROM INSIDE VEHICLE,0,0,0,0,16,3,7,868,MICHIGAN AVE,41.739389,-87.767225,07/16/2024 05:56:00 PM,2024
CR00028753,06/26/2019 03:22:00 PM,25,CLEAR,DARKNESS - LIGHTED ROAD,REAR END,DIVIDED - W/MEDIAN (NOT RAISED),NO CONTROLS,DRIVING SKILLS/KNOWLEDGE/EXPERIENCE,FOLLOWING TOO CLOSELY,0,0,3,3,15,4,6,1462,CLARK ST,41.894696,-87.682219,06/26/2019 05:18:00 PM,2019
CR00028754,11/21/2022 06:16:00 PM,15,CLEAR,DAYLIGHT,PARKED MOTOR VEHICLE,NOT DIVIDED,NO CONTROLS,DRIVING SKILLS/KNOWLEDGE/EXPERIENCE,IMPROPER OVERTAKING/PASSING,0,0,1,1,18,2,11,860,ELSTON AVE,41.989164,-87.825891,11/21/2022 07:27:00 PM,2022
CR00028755,11/17/2016 08:31:00 PM,40,CLEAR,DARKNESS - LIGHTED ROAD,REAR END,FOUR WAY,STOP SIGN/FLASHER,IMPROPER LANE USAGE,NOT APPLICABLE,0,0,0,0,20,5,11,2101,DAMEN AVE,41.879687,-87.533618,11/17/2016 09:36:00 PM,2016
CR00028756,04/26/2021 07:30:00 PM,15,CLEAR,DAYLIGHT,TURNING,NOT DIVIDED,NO CONTROLS,UNABLE TO DETERMINE,FAILING TO YIELD RIGHT-OF-WAY,0,0,0,0,19,2,4,2432,PULASKI RD,41.784057,-87.710808,04/26/2021 08:22:00 PM,2021
CR00028757,06/20/2022 05:48:00 PM,35,CLEAR,DARKNESS - LIGHTED ROAD,ANGLE,DIVIDED - W/MEDIAN BARRIER,TRAFFIC SIGNAL,DISTRACTION - FROM INSIDE VEHICLE,UNABLE TO DETERMINE,0,0,0,0,17,2,6,519,LAKE SHORE DR,41.972521,-87.503244,06/20/2022 07:21:00 PM,2022
CR00028758,08/08/2020 01:12:00 PM,30,CLEAR,DAYLIGHT,SIDESWIPE SAME DIRECTION,FOUR WAY,NO CONTROLS,IMPROPER OVERTAKING/PASSING,NOT APPLICABLE,0,0,1,1,13,7,8,1649,OGDEN AVE,41.765239,-87.745447,08/08/2020 02:12:00 PM,2020
CR00028759,05/02/2024 01:07:00 AM,30,CLEAR,DAYLIGHT,TURNING,NOT DIVIDED,STOP SIGN/FLASHER,UNABLE TO DETERMINE,NOT APPLICABLE,0,0,0,0,1,5,5,1600,ASHLAND AVE,41.941119,-87.804671,05/02/2024 02:13:00 AM,2024
CR00028760,03/25/2020 12:51:00 PM,35,CLEAR,DAYLIGHT,PARKED MOTOR VEHICLE,ONE-WAY,NO CONTROLS,IMPROPER OVERTAKING/PASSING,IMPROPER OVERTAKING/PASSING,0,0,0,0,12,4,3,621,DAMEN AVE,41.844677,-87.842405,03/25/2020 01:08:00 PM,2020
CR00028761,02/15/2022 05:13:00 PM,30,CLEAR,DARKNESS - LIGHTED ROAD,REAR END,DIVIDED - W/MEDIAN (NOT RAISED),UNKNOWN,DISTRACTION - FROM INSIDE VEHICLE,IMPROPER LANE USAGE,0,0,0,0,17,3,2,1561,MILWAUKEE AVE,41.778834,-87.788165,02/15/2022 07:05:00 PM,2022
CR00028762,03/31/2022 03:06:00 PM,35,RAIN,DARKNESS,TURNING,NOT DIVIDED,TRAFFIC SIGNAL,IMPROPER OVERTAKING/PASSING,FAILING TO YIELD RIGHT-OF-WAY,0,0,2,2,15,5,3,742,79TH ST,41.945355,-87.511679,03/31/2022 03:53:00 PM,2022
CR00028763,01/28/2016 11:08:00 AM,45,RAIN,DARKNESS - LIGHTED ROAD,TURNING,NOT DIVIDED,STOP SIGN/FLASHER,DRIVING SKILLS/KNOWLEDGE/EXPERIENCE,DISTRACTION - FROM INSIDE VEHICLE,0,0,0,0,11,5,1,2141,47TH ST,41.731847,-87.673928,01/28/2016 11:41:00 AM,2016
CR00028764,06/25/2022 07:13:00 AM,45,CLEAR,DAYLIGHT,TURNING,NOT DIVIDED,NO CONTROLS,WEATHER,DISREGARDING TRAFFIC SIGNALS,0,0,2,2,7,7,6,2295,KEDZIE AVE,41.994614,-87.7382,06/25/2022 07:49:00 AM,2022
CR00028765,10/14/2021 09:14:00 AM,35,CLOUDY/OVERCAST,DUSK,ANGLE,NOT DIVIDED,NO CONTROLS,DISREGARDING TRAFFIC SIGNALS,UNABLE TO DETERMINE,0,0,0,0,9,5,10,2070,ROOSEVELT RD,41.950833,-87.849531,10/14/2021 09:58:00 AM,2021
CR00028766,08/01/2024 01:52:00 PM,35,CLEAR,DAYLIGHT,SIDESWIPE SAME DIRECTION,NOT DIVIDED,NO CONTROLS,IMPROPER OVERTAKING/PASSING,UNABLE TO DETERMINE,0,0,0,0,13,5,8,374,WESTERN AVE,41.825257,-87.830147,08/01/2024 02:11:00 PM,2024
CR00028767,09/02/2024 08:30:00 AM,15,CLEAR,DAYLIGHT,SIDESWIPE SAME DIRECTION,NOT DIVIDED,NO CONTROLS,UNABLE TO DETERMINE,FAILING TO YIELD RIGHT-OF-WAY,0,0,0,0,8,2,9,2073,MILWAUKEE AVE,41.710616,-87.807913,09/02/2024 08:41:00 AM,2024
CR00028768,08/02/2016 08:04:00 PM,30,CLEAR,DAYLIGHT,SIDESWIPE SAME DIRECTION,T-INTERSECTION,TRAFFIC SIGNAL,FOLLOWING TOO CLOSELY,FAILING TO YIELD RIGHT-OF-WAY,0,0,0,0,20,3,8,2261,STONY ISLAND AVE,41.879115,-87.723346,08/02/2016 09:31:00 PM,2016
CR00028769,12/08/2021 09:55:00 AM,30,CLEAR,DAYLIGHT,PARKED MOTOR VEHICLE,NOT DIVIDED,TRAFFIC SIGNAL,FOLLOWING TOO CLOSELY,DRIVING SKILLS/KNOWLEDGE/EXPERIENCE,0,0,1,1,9,4,12,2514,WESTERN AVE,41.781242,-87.831415,12/08/2021 10:50:00 AM,2021
CR00028770,07/20/2024 07:34:00 AM,35,CLEAR,DARKNESS - LIGHTED ROAD,ANGLE,NOT DIVIDED,NO CONTROLS,FAILING TO YIELD RIGHT-OF-WAY,FAILING TO YIELD RIGHT-OF-WAY,0,1,1,2,7,7,7,618,CLARK ST,41.836896,-87.782861,07/20/2024 08:40:00 AM,2024
CR00028771,05/19/2019 01:33:00 AM,30,CLEAR,DAYLIGHT,REAR END,DIVIDED - W/MEDIAN BARRIER,NO CONTROLS,IMPROPER OVERTAKING/PASSING,UNABLE TO DETERMINE,0,0,1,1,1,1,5,615,ARCHER AVE,41.801444,-87.784211,05/19/2019 01:41:00 AM,2019
CR00028772,03/22/2020 07:00:00 AM,30,CLEAR,DUSK,SIDESWIPE SAME DIRECTION,DIVIDED - W/MEDIAN BARRIER,STOP SIGN/FLASHER,IMPROPER LANE USAGE,UNABLE TO DETERMINE,0,0,0,0,7,1,3,292,47TH ST,41.849182,-87.593193,03/22/2020 08:47:00 AM,2020
CR00028773,04/22/2020 12:12:00 PM,15,SNOW,DAYLIGHT,TURNING,NOT DIVIDED,TRAFFIC SIGNAL,FAILING TO REDUCE SPEED,FAILING TO YIELD RIGHT-OF-WAY,0,0,0,0,12,4,4,2118,CALIFORNIA AVE,41.830793,-87.530246,04/22/2020 12:26:00 PM,2020
CR00028774,03/06/2021 09:11:00 AM,30,CLEAR,DAYLIGHT,ANGLE,T-INTERSECTION,NO CONTROLS,UNABLE TO DETERMINE,DISTRACTION - FROM INSIDE VEHICLE,0,0,0,0,9,7,3,287,KEDZIE AVE,41.858733,-87.757797,03/06/2021 10:49:00 AM,2021
CR00028775,08/14/2019 08:43:00 AM,30,CLEAR,DAYLIGHT,ANGLE,NOT DIVIDED,YIELD,FAILING TO REDUCE SPEED,FAILING TO REDUCE SPEED,0,0,0,0,8,4,8,141,DIVISION ST,41.756016,-87.84942,08/14/2019 10:26:00 AM,2019
CR00028776,06/07/2023 08:12:00 PM,30,CLEAR,DAYLIGHT,ANGLE,NOT DIVIDED,STOP SIGN/FLASHER,IMPROPER LANE USAGE,NOT APPLICABLE,0,0,0,0,20,4,6,1603,CLARK ST,41.744615,-87.798251,06/07/2023 09:21:00 PM,2023
CR00028777,02/04/2019 06:42:00 PM,30,CLEAR,DAYLIGHT,SIDESWIPE SAME DIRECTION,NOT DIVIDED,TRAFFIC SIGNAL,FAILING TO YIELD RIGHT-OF-WAY,IMPROPER LANE USAGE,0,0,0,0,18,2,2,1847,CICERO AVE,41.889523,-87.758466,02/04/2019 08:26:00 PM,2019
CR00028778,10/26/2018 11:13:00 PM,40,CLEAR,DAYLIGHT,TURNING,NOT DIVIDED,NO CONTROLS,DRIVING SKILLS/KNOWLEDGE/EXPERIENCE,FAILING TO YIELD RIGHT-OF-WAY,0,0,0,0,23,6,10,292,FULLERTON AVE,41.964656,-87.717605,10/26/2018 11:23:00 PM,2018
CR00028779,03/07/2019 05:21:00 PM,45,RAIN,DUSK,REAR TO FRONT,DIVIDED - W/MEDIAN (NOT RAISED),NO CONTROLS,WEATHER,UNABLE TO DETERMINE,0,0,0,0,17,5,3,1763,47TH ST,41.750304,-87.780815,03/07/2019 05:44:00 PM,2019
CR00028780,04/14/2020 08:36:00 AM,30,SNOW,DUSK,REAR END,DIVIDED - W/MEDIAN (NOT RAISED),NO CONTROLS,DISREGARDING TRAFFIC SIGNALS,FOLLOWING TOO CLOSELY,0,0,0,0,8,3,4,1629,WESTERN AVE,41.72462,-87.652359,04/14/2020 10:31:00 AM,2020
CR00028781,07/01/2024 08:42:00 PM,20,CLEAR,DAYLIGHT,SIDESWIPE SAME DIRECTION,DIVIDED - W/MEDIAN (NOT RAISED),NO CONTROLS,DISTRACTION - FROM INSIDE VEHICLE,WEATHER,0,0,0,0,20,2,7,1018,CALIFORNIA AVE,41.928129,-87.665129,07/01/2024 09:14:00 PM,2024
CR00028782,12/14/2015 03:39:00 PM,30,CLEAR,DARKNESS - LIGHTED ROAD,FIXED OBJECT,NOT DIVIDED,STOP SIGN/FLASHER,UNABLE TO DETERMINE,FAILING TO YIELD RIGHT-OF-WAY,0,0,0,0,15,2,12,1901,ARCHER AVE,41.98933,-87.806272,12/14/2015 05:24:00 PM,2015
CR00028783,01/05/2022 05:56:00 PM,30,CLEAR,DAYLIGHT,REAR TO FRONT,ONE-WAY,NO CONTROLS,IMPROPER OVERTAKING/PASSING,UNABLE TO DETERMINE,0,0,0,0,17,4,1,356,CALIFORNIA AVE,41.866919,-87.807256,01/05/2022 06:34:00 PM,2022
CR00028784,12/04/2016 06:46:00 AM,30,RAIN,DAYLIGHT,PARKED MOTOR VEHICLE,DIVIDED - W/MEDIAN BARRIER,TRAFFIC SIGNAL,UNABLE TO DETERMINE,NOT APPLICABLE,0,0,0,0,6,1,12,1625,ASHLAND AVE,41.771005,-87.618408,12/04/2016 07:08:00 AM,2016
CR00028785,03/25/2020 04:52:00 AM,25,CLEAR,DARKNESS - LIGHTED ROAD,REAR END,DIVIDED - W/MEDIAN BARRIER,STOP SIGN/FLASHER,UNABLE TO DETERMINE,UNABLE TO DETERMINE,0,0,0,0,4,4,3,1110,STATE ST,41.896777,-87.557152,03/25/2020 05:36:00 AM,2020
CR00028786,10/25/2019 06:31:00 PM,40,CLEAR,DAYLIGHT,REAR END,NOT DIVIDED,STOP SIGN/FLASHER,FOLLOWING TOO CLOSELY,FOLLOWING TOO CLOSELY,0,0,0,0,18,6,10,1484,CLARK ST,41.868879,-87.520231,10/25/2019 08:05:00 PM,2019
CR00028787,08/29/2019 03:17:00 PM,25,CLEAR,DAYLIGHT,REAR END,DIVIDED - W/MEDIAN BARRIER,TRAFFIC SIGNAL,FOLLOWING TOO CLOSELY,NOT APPLICABLE,0,1,1,2,15,5,8,299,CICERO AVE,41.813685,-87.712212,08/29/2019 04:15:00 PM,2019
CR00028788,03/11/2021 03:08:00 PM,35,CLEAR,DAYLIGHT,REAR END,ONE-WAY,NO CONTROLS,WEATHER,DRIVING SKILLS/KNOWLEDGE/EXPERIENCE,0,0,0,0,15,5,3,1524,ROOSEVELT RD,41.804118,-87.548346,03/11/2021 03:29:00 PM,2021
CR00028789,12/19/2019 10:31:00 PM,15,SNOW,DARKNESS - LIGHTED ROAD,REAR END,NOT DIVIDED,NO CONTROLS,IMPROPER LANE USAGE,UNABLE TO DETERMINE,0,0,0,0,22,5,12,894,MILWAUKEE AVE,41.921107,-87.503349,12/20/2019 12:18:00 AM,2019
CR00028790,08/19/2017 11:58:00 PM,20,RAIN,DARKNESS - LIGHTED ROAD,TURNING,ONE-WAY,TRAFFIC SIGNAL,FAILING TO YIELD RIGHT-OF-WAY,UNABLE TO DETERMINE,0,0,0,0,23,7,8,1980,HALSTED ST,41.946931,-87.676585,08/20/2017 01:41:00 AM,2017
CR00028791,11/12/2019 04:43:00 PM,35,CLEAR,DAYLIGHT,REAR END,DIVIDED - W/MEDIAN BARRIER,NO CONTROLS,UNABLE TO DETERMINE,FAILING TO YIELD RIGHT-OF-WAY,0,0,0,0,16,3,11,937,MILWAUKEE AVE,41.994562,-87.818899,11/12/2019 05:09:00 PM,2019
CR00028792,10/28/2020 07:04:00 AM,15,CLEAR,DAYLIGHT,PARKED MOTOR VEHICLE,DIVIDED - W/MEDIAN (NOT RAISED),NO CONTROLS,DISTRACTION - FROM INSIDE VEHICLE,NOT APPLICABLE,0,0,0,0,7,4,10,1244,PULASKI RD,41.805899,-87.616222,10/28/2020 07:37:00 AM,2020
CR00028793,02/15/2016 10:21:00 PM,35,CLEAR,DAYLIGHT,ANGLE,FOUR WAY,TRAFFIC SIGNAL,DRIVING SKILLS/KNOWLEDGE/EXPERIENCE,FAILING TO YIELD RIGHT-OF-WAY,0,0,0,0,22,2,2,2050,WESTERN AVE,41.82757,-87.603983,02/16/2016 12:10:00 AM,2016
CR00028794,01/28/2019 06:45:00 PM,35,CLEAR,DAYLIGHT,TURNING,DIVIDED - W/MEDIAN (NOT RAISED),TRAFFIC SIGNAL,FOLLOWING TOO CLOSELY,UNABLE TO DETERMINE,0,0,1,1,18,2,1,655,ROOSEVELT RD,41.821151,-87.608712,01/28/2019 07:45:00 PM,2019
CR00028795,03/30/2015 12:35:00 PM,40,SNOW,DARKNESS - LIGHTED ROAD,REAR END,DIVIDED - W/MEDIAN (NOT RAISED),STOP SIGN/FLASHER,UNABLE TO DETERMINE,DISREGARDING TRAFFIC SIGNALS,0,0,3,3,12,2,3,2333,LAKE SHORE DR,41.902895,-87.611593,03/30/2015 01:07:00 PM,2015
CR00028796,05/04/2017 09:48:00 AM,35,CLEAR,DAYLIGHT,FIXED OBJECT,DIVIDED - W/MEDIAN (NOT RAISED),NO CONTROLS,FAILING TO YIELD RIGHT-OF-WAY,FAILING TO REDUCE SPEED,0,0,0,0,9,5,5,361,KEDZIE AVE,41.796775,-87.675734,05/04/2017 11:25:00 AM,2017
CR00028797,11/25/2024 05:03:00 PM,30,CLEAR,DAYLIGHT,REAR END,ONE-WAY,STOP SIGN/FLASHER,IMPROPER OVERTAKING/PASSING,NOT APPLICABLE,0,0,0,0,17,2,11,1058,MILWAUKEE AVE,41.946247,-87.685545,11/25/2024 05:36:00 PM,2024
CR00028798,08/06/2015 11:05:00 AM,15,FREEZING RAIN/DRIZZLE,DUSK,TURNING,DIVIDED - W/MEDIAN (NOT RAISED),NO CONTROLS,DISREGARDING TRAFFIC SIGNALS,FAILING TO YIELD RIGHT-OF-WAY,0,0,3,3,11,5,8,877,KEDZIE AVE,41.861349,-87.779085,08/06/2015 11:09:00 AM,2015
CR00028799,04/02/2018 08:41:00 PM,45,CLEAR,DAYLIGHT,PEDESTRIAN,T-INTERSECTION,TRAFFIC SIGNAL,UNABLE TO DETERMINE,DRIVING SKILLS/KNOWLEDGE/EXPERIENCE,0,1,1,2,20,2,4,632,OGDEN AVE,41.976456,-87.534377,04/02/2018 10:02:00 PM,2018
CR00028800,04/14/2016 07:13:00 AM,15,CLEAR,DAYLIGHT,ANGLE,ONE-WAY,STOP SIGN/FLASHER,DRIVING SKILLS/KNOWLEDGE/EXPERIENCE,FAILING TO REDUCE SPEED,0,0,0,0,7,5,4,254,LAKE SHORE DR,41.92868,-87.731402,04/14/2016 07:15:00 AM,2016