CRASH_RECORD_ID,CRASH_DATE,POSTED_SPEED_LIMIT,WEATHER_CONDITION,LIGHTING_CONDITION,FIRST_CRASH_TYPE,TRAFFICWAY_TYPE,TRAFFIC_CONTROL_DEVICE,PRIM_CONTRIBUTORY_CAUSE,SEC_CONTRIBUTORY_CAUSE,INJURIES_FATAL,INJURIES_INCAPACITATING,INJURIES_NON_INCAPACITATING,INJURIES_TOTAL,CRASH_HOUR,CRASH_DAY_OF_WEEK,CRASH_MONTH,BEAT_OF_OCCURRENCE,STREET_NAME,LATITUDE,LONGITUDE,DATE_POLICE_NOTIFIED,year
CR00028801,04/26/2021 06:44:00 PM,30,RAIN,DAYLIGHT,REAR END,FOUR WAY,NO CONTROLS,UNABLE TO DETERMINE,UNABLE TO DETERMINE,0,0,0,0,18,2,4,226,47TH ST,41.7598,-87.729822,04/26/2021 07:13:00 PM,2021
CR00028802,12/12/2019 02:50:00 PM,35,CLEAR,DAYLIGHT,ANGLE,NOT DIVIDED,TRAFFIC SIGNAL,FAILING TO YIELD RIGHT-OF-WAY,FAILING TO REDUCE SPEED,0,0,0,0,14,5,12,947,DAMEN AVE,41.802289,-87.831743,12/12/2019 03:01:00 PM,2019
CR00028803,06/01/2020 11:26:00 PM,25,CLEAR,DAYLIGHT,ANGLE,NOT DIVIDED,PEDESTRIAN CROSSING SIGN,FAILING TO YIELD RIGHT-OF-WAY,FAILING TO YIELD RIGHT-OF-WAY,0,0,1,1,23,2,6,2057,CICERO AVE,41.719274,-87.773306,06/01/2020 11:46:00 PM,2020
CR00028804,04/20/2021 07:10:00 PM,30,CLEAR,DARKNESS,PARKED MOTOR VEHICLE,DIVIDED - W/MEDIAN (NOT RAISED),NO CONTROLS,DISTRACTION - FROM INSIDE VEHICLE,IMPROPER OVERTAKING/PASSING,0,0,0,0,19,3,4,1740,CICERO AVE,41.977643,-87.554283,04/20/2021 08:10:00 PM,2021
CR00028805,10/03/2016 02:31:00 PM,15,RAIN,DAYLIGHT,REAR END,DIVIDED - W/MEDIAN (NOT RAISED),TRAFFIC SIGNAL,IMPROPER OVERTAKING/PASSING,FOLLOWING TOO CLOSELY,0,0,3,3,14,2,10,229,ASHLAND AVE,41.956906,-87.817786,10/03/2016 03:18:00 PM,2016
CR00028806,01/30/2024 06:09:00 PM,30,CLEAR,DAYLIGHT,FIXED OBJECT,NOT DIVIDED,STOP SIGN/FLASHER,UNABLE TO DETERMINE,FAILING TO YIELD RIGHT-OF-WAY,0,0,0,0,18,3,1,463,MILWAUKEE AVE,41.796191,-87.838873,01/30/2024 06:48:00 PM,2024
CR00028807,03/31/2022 05:18:00 PM,35,CLEAR,DARKNESS - LIGHTED ROAD,FIXED OBJECT,ONE-WAY,STOP SIGN/FLASHER,FAILING TO REDUCE SPEED,UNABLE TO DETERMINE,0,0,0,0,17,5,3,924,HALSTED ST,41.942077,-87.819928,03/31/2022 05:31:00 PM,2022
CR00028808,08/29/2017 03:04:00 AM,35,CLEAR,DAYLIGHT,PARKED MOTOR VEHICLE,ONE-WAY,TRAFFIC SIGNAL,UNABLE TO DETERMINE,DISTRACTION - FROM INSIDE VEHICLE,0,0,0,0,3,3,8,1442,CALIFORNIA AVE,41.963088,-87.588959,08/29/2017 03:44:00 AM,2017
CR00028809,08/22/2016 06:25:00 PM,35,RAIN,DARKNESS - LIGHTED ROAD,FIXED OBJECT,NOT DIVIDED,STOP SIGN/FLASHER,FOLLOWING TOO CLOSELY,UNABLE TO DETERMINE,0,0,0,0,18,2,8,1500,PULASKI RD,41.944818,-87.829488,08/22/2016 07:19:00 PM,2016
CR00028810,08/31/2024 02:20:00 PM,30,CLEAR,DAYLIGHT,REAR TO FRONT,NOT DIVIDED,TRAFFIC SIGNAL,DISREGARDING TRAFFIC SIGNALS,UNABLE TO DETERMINE,0,0,0,0,14,7,8,587,CALIFORNIA AVE,41.83181,-87.732527,08/31/2024 02:35:00 PM,2024
CR00028811,11/27/2016 09:59:00 AM,35,CLEAR,DARKNESS,PARKED MOTOR VEHICLE,DIVIDED - W/MEDIAN (NOT RAISED),NO CONTROLS,UNABLE TO DETERMINE,FOLLOWING TOO CLOSELY,0,0,0,0,9,1,11,1738,STONY ISLAND AVE,41.960514,-87.587229,11/27/2016 10:15:00 AM,2016
CR00028812,07/26/2017 07:46:00 AM,20,CLEAR,DAYLIGHT,SIDESWIPE SAME DIRECTION,NOT DIVIDED,TRAFFIC SIGNAL,FAILING TO REDUCE SPEED,FAILING TO YIELD RIGHT-OF-WAY,0,0,0,0,7,4,7,2529,FULLERTON AVE,41.721176,-87.656192,07/26/2017 07:54:00 AM,2017
CR00028813,02/27/2021 07:24:00 AM,45,CLEAR,DAYLIGHT,SIDESWIPE SAME DIRECTION,T-INTERSECTION,STOP SIGN/FLASHER,IMPROPER OVERTAKING/PASSING,DISREGARDING TRAFFIC SIGNALS,0,0,1,1,7,7,2,624,MICHIGAN AVE,41.793133,-87.553902,02/27/2021 07:43:00 AM,2021
CR00028814,10/11/2015 08:27:00 AM,30,SNOW,DAYLIGHT,ANGLE,DIVIDED - W/MEDIAN (NOT RAISED),NO CONTROLS,UNABLE TO DETERMINE,DISTRACTION - FROM INSIDE VEHICLE,0,0,0,0,8,1,10,1199,LAKE SHORE DR,41.911816,-87.715803,10/11/2015 10:16:00 AM,2015
CR00028815,11/18/2023 03:01:00 AM,20,CLEAR,DAYLIGHT,TURNING,DIVIDED - W/MEDIAN BARRIER,NO CONTROLS,FAILING TO REDUCE SPEED,IMPROPER LANE USAGE,0,1,3,4,3,7,11,210,DAMEN AVE,41.812835,-87.520882,11/18/2023 03:14:00 AM,2023
CR00028816,12/01/2021 02:37:00 PM,40,FOG/SMOKE/HAZE,DARKNESS - LIGHTED ROAD,ANGLE,NOT DIVIDED,UNKNOWN,UNABLE TO DETERMINE,NOT APPLICABLE,0,0,0,0,14,4,12,2401,BROADWAY,41.767123,-87.575116,12/01/2021 03:01:00 PM,2021
CR00028817,06/12/2015 06:14:00 PM,15,FOG/SMOKE/HAZE,DAYLIGHT,SIDESWIPE SAME DIRECTION,NOT DIVIDED,NO CONTROLS,FOLLOWING TOO CLOSELY,DISREGARDING TRAFFIC SIGNALS,0,0,2,2,18,6,6,2019,ASHLAND AVE,41.817073,-87.824943,06/12/2015 07:47:00 PM,2015
CR00028818,03/03/2024 11:07:00 AM,45,CLEAR,DAYLIGHT,REAR END,FOUR WAY,NO CONTROLS,UNABLE TO DETERMINE,DISTRACTION - FROM INSIDE VEHICLE,0,0,0,0,11,1,3,1921,ROOSEVELT RD,41.880939,-87.634952,03/03/2024 12:38:00 PM,2024
CR00028819,03/10/2023 04:51:00 AM,30,CLOUDY/OVERCAST,DAYLIGHT,REAR END,FOUR WAY,UNKNOWN,UNABLE TO DETERMINE,UNABLE TO DETERMINE,0,0,0,0,4,6,3,2221,MICHIGAN AVE,41.721579,-87.785705,03/10/2023 05:18:00 AM,2023
CR00028820,05/28/2018 07:08:00 AM,45,CLEAR,DARKNESS - LIGHTED ROAD,ANGLE,T-INTERSECTION,TRAFFIC SIGNAL,WEATHER,UNABLE TO DETERMINE,0,0,0,0,7,2,5,143,CICERO AVE,41.875822,-87.805443,05/28/2018 07:56:00 AM,2018
CR00028821,10/18/2020 07:42:00 PM,25,CLEAR,DARKNESS,REAR END,NOT DIVIDED,NO CONTROLS,DISTRACTION - FROM INSIDE VEHICLE,FAILING TO YIELD RIGHT-OF-WAY,0,0,0,0,19,1,10,1430,LAKE SHORE DR,41.776665,-87.829901,10/18/2020 08:34:00 PM,2020
CR00028822,01/24/2015 03:20:00 PM,30,CLEAR,DAYLIGHT,PARKED MOTOR VEHICLE,DIVIDED - W/MEDIAN BARRIER,NO CONTROLS,UNABLE TO DETERMINE,UNABLE TO DETERMINE,0,0,0,0,15,7,1,2448,DIVISION ST,41.914523,-87.576327,01/24/2015 05:01:00 PM,2015
CR00028823,01/22/2019 02:12:00 PM,30,CLEAR,DAYLIGHT,FIXED OBJECT,DIVIDED - W/MEDIAN (NOT RAISED),TRAFFIC SIGNAL,FAILING TO REDUCE SPEED,NOT APPLICABLE,0,0,0,0,14,3,1,2468,CICERO AVE,41.917266,-87.818347,01/22/2019 04:02:00 PM,2019
CR00028824,03/09/2024 05:50:00 PM,25,SNOW,DARKNESS - LIGHTED ROAD,REAR END,ONE-WAY,NO CONTROLS,UNABLE TO DETERMINE,FOLLOWING TOO CLOSELY,0,0,1,1,17,7,3,501,MILWAUKEE AVE,41.769946,-87.849639,03/09/2024 07:32:00 PM,2024
CR00028825,08/14/2024 12:38:00 PM,40,CLEAR,DAYLIGHT,REAR END,NOT DIVIDED,NO CONTROLS,DRIVING SKILLS/KNOWLEDGE/EXPERIENCE,DRIVING SKILLS/KNOWLEDGE/EXPERIENCE,0,0,1,1,12,4,8,1311,ASHLAND AVE,41.918717,-87.548396,08/14/2024 02:14:00 PM,2024
CR00028826,02/19/2018 05:20:00 PM,30,CLEAR,DAYLIGHT,TURNING,FOUR WAY,NO CONTROLS,FAILING TO YIELD RIGHT-OF-WAY,NOT APPLICABLE,0,0,1,1,17,2,2,989,DAMEN AVE,41.739442,-87.746683,02/19/2018 05:26:00 PM,2018
CR00028827,04/07/2022 07:21:00 PM,45,CLEAR,DAYLIGHT,TURNING,DIVIDED - W/MEDIAN (NOT RAISED),NO CONTROLS,WEATHER,FAILING TO REDUCE SPEED,0,0,2,2,19,5,4,342,FULLERTON AVE,41.776142,-87.778994,04/07/2022 08:09:00 PM,2022
CR00028828,02/07/2015 01:05:00 PM,35,RAIN,DUSK,TURNING,FOUR WAY,NO CONTROLS,UNABLE TO DETERMINE,FAILING TO YIELD RIGHT-OF-WAY,0,0,3,3,13,7,2,1657,ARCHER AVE,41.743795,-87.63401,02/07/2015 02:29:00 PM,2015
CR00028829,12/11/2015 11:13:00 AM,25,CLEAR,DAYLIGHT,TURNING,NOT DIVIDED,STOP SIGN/FLASHER,FOLLOWING TOO CLOSELY,UNABLE TO DETERMINE,0,0,0,0,11,6,12,836,IRVING PARK RD,41.847318,-87.798999,12/11/2015 12:53:00 PM,2015
CR00028830,01/02/2021 07:48:00 PM,30,RAIN,DUSK,REAR END,DIVIDED - W/MEDIAN (NOT RAISED),TRAFFIC SIGNAL,UNABLE TO DETERMINE,DRIVING SKILLS/KNOWLEDGE/EXPERIENCE,0,0,0,0,19,7,1,2453,ASHLAND AVE,41.944838,-87.741663,01/02/2021 09:13:00 PM,2021
CR00028831,12/18/2019 03:16:00 AM,45,CLEAR,DAWN,PARKED MOTOR VEHICLE,DIVIDED - W/MEDIAN (NOT RAISED),NO CONTROLS,IMPROPER LANE USAGE,DRIVING SKILLS/KNOWLEDGE/EXPERIENCE,0,0,0,0,3,4,12,1510,CALIFORNIA AVE,41.727502,-87.656154,12/18/2019 04:32:00 AM,2019
CR00028832,04/15/2015 01:21:00 PM,20,CLEAR,DARKNESS - LIGHTED ROAD,REAR END,DIVIDED - W/MEDIAN BARRIER,NO CONTROLS,UNABLE TO DETERMINE,DISREGARDING TRAFFIC SIGNALS,0,0,0,0,13,4,4,714,PULASKI RD,41.825553,-87.53275,04/15/2015 02:54:00 PM,2015
CR00028833,05/04/2018 07:09:00 PM,30,CLEAR,DUSK,REAR END,NOT DIVIDED,UNKNOWN,DRIVING SKILLS/KNOWLEDGE/EXPERIENCE,WEATHER,0,0,0,0,19,6,5,1668,LAKE SHORE DR,41.816714,-87.830822,05/04/2018 07:47:00 PM,2018
CR00028834,05/22/2015 10:56:00 PM,40,CLEAR,DAYLIGHT,PARKED MOTOR VEHICLE,T-INTERSECTION,STOP SIGN/FLASHER,UNABLE TO DETERMINE,UNABLE TO DETERMINE,0,0,0,0,22,6,5,1538,PULASKI RD,41.800462,-87.699816,05/22/2015 10:58:00 PM,2015
CR00028835,05/05/2023 02:56:00 PM,35,CLEAR,DAYLIGHT,TURNING,DIVIDED - W/MEDIAN (NOT RAISED),NO CONTROLS,DISTRACTION - FROM INSIDE VEHICLE,FAILING TO YIELD RIGHT-OF-WAY,0,0,0,0,14,6,5,1722,63RD ST,41.898267,-87.649346,05/05/2023 03:38:00 PM,2023
CR00028836,09/22/2022 02:07:00 AM,45,FOG/SMOKE/HAZE,DAWN,ANGLE,ONE-WAY,NO CONTROLS,FAILING TO REDUCE SPEED,DISTRACTION - FROM INSIDE VEHICLE,0,1,1,2,2,5,9,128,CICERO AVE,41.984624,-87.610085,09/22/2022 02:47:00 AM,2022
CR00028837,11/05/2021 11:37:00 PM,30,CLEAR,DAYLIGHT,ANGLE,NOT DIVIDED,NO CONTROLS,DISREGARDING TRAFFIC SIGNALS,DISTRACTION - FROM INSIDE VEHICLE,0,0,0,0,23,6,11,165,BROADWAY,41.731431,-87.840809,11/05/2021 11:57:00 PM,2021
CR00028838,12/03/2018 03:40:00 PM,25,CLEAR,DARKNESS - LIGHTED ROAD,REAR END,DIVIDED - W/MEDIAN BARRIER,TRAFFIC SIGNAL,UNABLE TO DETERMINE,DRIVING SKILLS/KNOWLEDGE/EXPERIENCE,0,0,0,0,15,2,12,912,HALSTED ST,41.859729,-87.620025,12/03/2018 03:58:00 PM,2018
CR00028839,09/26/2022 10:04:00 AM,25,CLEAR,DAYLIGHT,SIDESWIPE SAME DIRECTION,NOT DIVIDED,UNKNOWN,IMPROPER LANE USAGE,NOT APPLICABLE,0,0,0,0,10,2,9,2127,PULASKI RD,41.733061,-87.735133,09/26/2022 10:14:00 AM,2022
CR00028840,08/14/2016 09:21:00 PM,30,CLEAR,DARKNESS,REAR END,NOT DIVIDED,STOP SIGN/FLASHER,UNABLE TO DETERMINE,UNABLE TO DETERMINE,0,0,0,0,21,1,8,1919,WESTERN AVE,41.72744,-87.592162,08/14/2016 09:22:00 PM,2016
CR00028841,06/12/2019 01:37:00 PM,30,CLEAR,DAYLIGHT,TURNING,DIVIDED - W/MEDIAN (NOT RAISED),YIELD,DISREGARDING TRAFFIC SIGNALS,DISTRACTION - FROM INSIDE VEHICLE,0,0,0,0,13,4,6,1536,DIVISION ST,41.734861,-87.835736,06/12/2019 03:34:00 PM,2019
CR00028842,08/17/2021 10:49:00 AM,30,CLOUDY/OVERCAST,DAYLIGHT,REAR END,DIVIDED - W/MEDIAN (NOT RAISED),UNKNOWN,FOLLOWING TOO CLOSELY,FAILING TO YIELD RIGHT-OF-WAY,0,0,0,0,10,3,8,1238,ELSTON AVE,41.771411,-87.598875,08/17/2021 12:14:00 PM,2021
CR00028843,12/27/2022 05:43:00 PM,40,CLEAR,DARKNESS - LIGHTED ROAD,ANGLE,NOT DIVIDED,YIELD,UNABLE TO DETERMINE,NOT APPLICABLE,0,0,0,0,17,3,12,1360,47TH ST,41.774435,-87.650037,12/27/2022 07:34:00 PM,2022
CR00028844,02/19/2020 11:28:00 AM,35,CLEAR,DARKNESS - LIGHTED ROAD,TURNING,NOT DIVIDED,STOP SIGN/FLASHER,UNABLE TO DETERMINE,FOLLOWING TOO CLOSELY,0,0,1,1,11,4,2,2014,79TH ST,41.983431,-87.710967,02/19/2020 11:52:00 AM,2020
CR00028845,01/28/2024 08:05:00 AM,40,CLEAR,DARKNESS - LIGHTED ROAD,REAR END,DIVIDED - W/MEDIAN (NOT RAISED),NO CONTROLS,WEATHER,UNABLE TO DETERMINE,0,0,3,3,8,1,1,242,FULLERTON AVE,41.762207,-87.66358,01/28/2024 09:48:00 AM,2024
CR00028846,12/25/2015 08:49:00 AM,20,CLEAR,DAYLIGHT,REAR END,DIVIDED - W/MEDIAN (NOT RAISED),TRAFFIC SIGNAL,FAILING TO YIELD RIGHT-OF-WAY,DRIVING SKILLS/KNOWLEDGE/EXPERIENCE,0,0,0,0,8,6,12,1080,63RD ST,41.996898,-87.806957,12/25/2015 09:41:00 AM,2015
CR00028847,04/24/2020 02:28:00 PM,25,CLOUDY/OVERCAST,DARKNESS - LIGHTED ROAD,REAR END,DIVIDED - W/MEDIAN (NOT RAISED),NO CONTROLS,UNABLE TO DETERMINE,FAILING TO YIELD RIGHT-OF-WAY,0,0,0,0,14,6,4,2423,MILWAUKEE AVE,41.863904,-87.505319,04/24/2020 04:26:00 PM,2020
CR00028848,04/05/2019 06:43:00 PM,35,CLEAR,DARKNESS,REAR TO FRONT,NOT DIVIDED,PEDESTRIAN CROSSING SIGN,WEATHER,UNABLE TO DETERMINE,0,0,0,0,18,6,4,826,STONY ISLAND AVE,41.824638,-87.699366,04/05/2019 06:54:00 PM,2019
CR00028849,10/26/2016 04:57:00 PM,20,CLEAR,DARKNESS - LIGHTED ROAD,PARKED MOTOR VEHICLE,NOT DIVIDED,NO CONTROLS,DRIVING SKILLS/KNOWLEDGE/EXPERIENCE,UNABLE TO DETERMINE,0,0,0,0,16,4,10,177,IRVING PARK RD,41.931992,-87.569416,10/26/2016 05:07:00 PM,2016
CR00028850,04/13/2015 07:26:00 PM,15,CLEAR,DAYLIGHT,REAR END,NOT DIVIDED,TRAFFIC SIGNAL,UNABLE TO DETERMINE,WEATHER,0,0,0,0,19,2,4,2068,WESTERN AVE,41.746094,-87.628489,04/13/2015 08:16:00 PM,2015
CR00028851,09/13/2024 12:21:00 PM,40,FREEZING RAIN/DRIZZLE,DAYLIGHT,FIXED OBJECT,DIVIDED - W/MEDIAN (NOT RAISED),TRAFFIC SIGNAL,UNABLE TO DETERMINE,IMPROPER OVERTAKING/PASSING,0,2,3,5,12,6,9,1227,CLARK ST,41.918918,-87.534496,09/13/2024 01:50:00 PM,2024
CR00028852,08/12/2020 11:11:00 AM,45,CLEAR,DAYLIGHT,REAR END,DIVIDED - W/MEDIAN (NOT RAISED),YIELD,DRIVING SKILLS/KNOWLEDGE/EXPERIENCE,UNABLE TO DETERMINE,0,0,0,0,11,4,8,362,LAKE SHORE DR,41.903009,-87.66634,08/12/2020 12:18:00 PM,2020
CR00028853,12/12/2024 01:14:00 PM,40,CLEAR,DAYLIGHT,REAR END,T-INTERSECTION,NO CONTROLS,FAILING TO REDUCE SPEED,DRIVING SKILLS/KNOWLEDGE/EXPERIENCE,0,0,0,0,13,5,12,2186,FULLERTON AVE,41.773285,-87.514514,12/12/2024 01:59:00 PM,2024
CR00028854,03/27/2022 12:29:00 PM,15,CLEAR,DARKNESS,REAR END,NOT DIVIDED,STOP SIGN/FLASHER,UNABLE TO DETERMINE,FAILING TO YIELD RIGHT-OF-WAY,0,0,0,0,12,1,3,2353,ASHLAND AVE,41.72315,-87.669676,03/27/2022 12:39:00 PM,2022
CR00028855,03/27/2017 04:30:00 PM,45,CLEAR,DAYLIGHT,REAR TO FRONT,DIVIDED - W/MEDIAN BARRIER,UNKNOWN,UNABLE TO DETERMINE,UNABLE TO DETERMINE,0,0,0,0,16,2,3,378,MILWAUKEE AVE,41.780915,-87.729745,03/27/2017 05:41:00 PM,2017
CR00028856,08/01/2019 06:58:00 PM,30,CLEAR,DAYLIGHT,REAR END,NOT DIVIDED,TRAFFIC SIGNAL,DRIVING SKILLS/KNOWLEDGE/EXPERIENCE,IMPROPER OVERTAKING/PASSING,0,1,1,2,18,5,8,2403,63RD ST,41.732808,-87.587609,08/01/2019 07:20:00 PM,2019
CR00028857,07/06/2019 05:30:00 PM,25,CLEAR,DAYLIGHT,REAR END,DIVIDED - W/MEDIAN (NOT RAISED),TRAFFIC SIGNAL,UNABLE TO DETERMINE,FAILING TO YIELD RIGHT-OF-WAY,0,0,1,1,17,7,7,1490,MICHIGAN AVE,41.815841,-87.586961,07/06/2019 07:20:00 PM,2019
CR00028858,11/15/2015 07:46:00 AM,35,CLEAR,DAYLIGHT,FIXED OBJECT,T-INTERSECTION,NO CONTROLS,UNABLE TO DETERMINE,IMPROPER OVERTAKING/PASSING,0,0,1,1,7,1,11,2445,DAMEN AVE,41.866223,-87.556293,11/15/2015 08:47:00 AM,2015
CR00028859,06/16/2018 03:34:00 PM,15,CLEAR,DARKNESS - LIGHTED ROAD,ANGLE,DIVIDED - W/MEDIAN (NOT RAISED),TRAFFIC SIGNAL,FOLLOWING TOO CLOSELY,FOLLOWING TOO CLOSELY,0,0,0,0,15,7,6,1832,ROOSEVELT RD,41.713044,-87.758133,06/16/2018 03:43:00 PM,2018
CR00028860,12/13/2015 04:11:00 PM,30,CLEAR,DARKNESS - LIGHTED ROAD,REAR END,FOUR WAY,NO CONTROLS,UNABLE TO DETERMINE,FAILING TO REDUCE SPEED,0,0,0,0,16,1,12,1830,ASHLAND AVE,41.87081,-87.69986,12/13/2015 04:39:00 PM,2015
CR00028861,09/03/2017 09:30:00 PM,35,CLEAR,DARKNESS - LIGHTED ROAD,PARKED MOTOR VEHICLE,NOT DIVIDED,STOP SIGN/FLASHER,FAILING TO YIELD RIGHT-OF-WAY,DRIVING SKILLS/KNOWLEDGE/EXPERIENCE,0,0,0,0,21,1,9,1484,HALSTED ST,41.765201,-87.638098,09/03/2017 10:54:00 PM,2017
CR00028862,09/09/2024 06:11:00 PM,30,SNOW,DAYLIGHT,REAR TO FRONT,NOT DIVIDED,NO CONTROLS,DISTRACTION - FROM INSIDE VEHICLE,FAILING TO YIELD RIGHT-OF-WAY,0,0,1,1,18,2,9,1978,BROADWAY,41.861185,-87.783527,09/09/2024 07:52:00 PM,2024
CR00028863,09/03/2016 12:10:00 PM,30,CLEAR,DAYLIGHT,REAR TO FRONT,DIVIDED - W/MEDIAN (NOT RAISED),NO CONTROLS,FOLLOWING TOO CLOSELY,UNABLE TO DETERMINE,0,0,0,0,12,7,9,2500,63RD ST,41.770966,-87.710498,09/03/2016 01:29:00 PM,2016
CR00028864,01/27/2020 03:23:00 PM,40,RAIN,DAYLIGHT,SIDESWIPE SAME DIRECTION,T-INTERSECTION,NO CONTROLS,FAILING TO REDUCE SPEED,UNABLE TO DETERMINE,0,0,0,0,15,2,1,402,HALSTED ST,41.914342,-87.528854,01/27/2020 04:53:00 PM,2020
CR00028865,02/19/2015 04:03:00 PM,30,CLEAR,DAYLIGHT,ANGLE,T-INTERSECTION,NO CONTROLS,UNABLE TO DETERMINE,FOLLOWING TOO CLOSELY,0,0,0,0,16,5,2,1847,79TH ST,41.756006,-87.74918,02/19/2015 05:11:00 PM,2015
CR00028866,08/05/2018 05:15:00 PM,30,FREEZING RAIN/DRIZZLE,DARKNESS - LIGHTED ROAD,TURNING,ONE-WAY,NO CONTROLS,UNABLE TO DETERMINE,WEATHER,0,0,0,0,17,1,8,1977,CICERO AVE,41.976327,-87.782079,08/05/2018 06:37:00 PM,2018
CR00028867,04/06/2023 06:26:00 AM,30,CLEAR,DAYLIGHT,REAR END,NOT DIVIDED,STOP SIGN/FLASHER,UNABLE TO DETERMINE,DISTRACTION - FROM INSIDE VEHICLE,0,1,3,4,6,5,4,776,STONY ISLAND AVE,41.783349,-87.583394,04/06/2023 07:59:00 AM,2023
CR00028868,01/19/2015 08:55:00 AM,15,CLEAR,DAWN,REAR END,DIVIDED - W/MEDIAN (NOT RAISED),NO CONTROLS,FAILING TO REDUCE SPEED,UNABLE TO DETERMINE,0,0,0,0,8,2,1,1823,FULLERTON AVE,41.974384,-87.601936,01/19/2015 09:32:00 AM,2015
CR00028869,08/05/2024 09:41:00 AM,45,CLEAR,DAYLIGHT,SIDESWIPE SAME DIRECTION,NOT DIVIDED,UNKNOWN,UNABLE TO DETERMINE,UNABLE TO DETERMINE,0,0,0,0,9,2,8,1007,STATE ST,41.895447,-87.589234,08/05/2024 11:32:00 AM,2024
CR00028870,01/06/2017 09:55:00 PM,20,CLEAR,DAYLIGHT,TURNING,DIVIDED - W/MEDIAN (NOT RAISED),STOP SIGN/FLASHER,FOLLOWING TOO CLOSELY,FAILING TO REDUCE SPEED,0,0,0,0,21,6,1,1347,STONY ISLAND AVE,41.971638,-87.659365,01/06/2017 11:25:00 PM,2017
CR00028871,08/05/2024 03:09:00 PM,15,CLEAR,DARKNESS - LIGHTED ROAD,REAR END,FOUR WAY,TRAFFIC SIGNAL,UNABLE TO DETERMINE,UNABLE TO DETERMINE,0,0,0,0,15,2,8,2408,ARCHER AVE,41.878719,-87.572941,08/05/2024 03:11:00 PM,2024
CR00028872,12/21/2020 05:57:00 PM,35,RAIN,DAYLIGHT,SIDESWIPE SAME DIRECTION,DIVIDED - W/MEDIAN BARRIER,STOP SIGN/FLASHER,WEATHER,FOLLOWING TOO CLOSELY,0,0,2,2,17,2,12,463,STONY ISLAND AVE,41.749801,-87.844785,12/21/2020 06:33:00 PM,2020
CR00028873,06/27/2016 10:55:00 AM,20,CLEAR,DAYLIGHT,PEDESTRIAN,T-INTERSECTION,UNKNOWN,UNABLE TO DETERMINE,FOLLOWING TOO CLOSELY,0,0,0,0,10,2,6,1979,LAKE SHORE DR,41.858683,-87.590248,06/27/2016 11:04:00 AM,2016
CR00028874,05/11/2019 08:19:00 PM,30,CLEAR,DAYLIGHT,FIXED OBJECT,NOT DIVIDED,NO CONTROLS,UNABLE TO DETERMINE,FAILING TO YIELD RIGHT-OF-WAY,0,0,1,1,20,7,5,960,ARCHER AVE,41.746083,-87.729709,05/11/2019 09:13:00 PM,2019
CR00028875,12/27/2019 04:06:00 PM,30,RAIN,DAYLIGHT,ANGLE,DIVIDED - W/MEDIAN (NOT RAISED),UNKNOWN,IMPROPER OVERTAKING/PASSING,UNABLE TO DETERMINE,0,0,0,0,16,6,12,959,47TH ST,41.815368,-87.624668,12/27/2019 05:06:00 PM,2019
CR00028876,01/27/2018 02:31:00 AM,35,SNOW,DAYLIGHT,SIDESWIPE SAME DIRECTION,NOT DIVIDED,STOP SIGN/FLASHER,UNABLE TO DETERMINE,UNABLE TO DETERMINE,0,0,0,0,2,7,1,2125,FULLERTON AVE,41.708382,-87.55021,01/27/2018 04:24:00 AM,2018
CR00028877,09/10/2021 01:33:00 PM,35,CLOUDY/OVERCAST,DAYLIGHT,REAR END,DIVIDED - W/MEDIAN BARRIER,NO CONTROLS,IMPROPER OVERTAKING/PASSING,UNABLE TO DETERMINE,0,0,1,1,13,6,9,287,PULASKI RD,41.914328,-87.656482,09/10/2021 03:33:00 PM,2021
CR00028878,04/30/2024 04:08:00 AM,45,RAIN,DARKNESS - LIGHTED ROAD,REAR END,NOT DIVIDED,TRAFFIC SIGNAL,FAILING TO REDUCE SPEED,IMPROPER LANE USAGE,0,0,0,0,4,3,4,1814,ASHLAND AVE,41.936074,-87.564791,04/30/2024 04:35:00 AM,2024
CR00028879,09/27/2016 06:49:00 PM,35,CLEAR,DAYLIGHT,REAR END,DIVIDED - W/MEDIAN BARRIER,NO CONTROLS,DISREGARDING TRAFFIC SIGNALS,UNABLE TO DETERMINE,0,0,3,3,18,3,9,201,OGDEN AVE,41.985979,-87.814549,09/27/2016 06:59:00 PM,2016
CR00028880,07/09/2023 07:46:00 AM,35,SNOW,DAYLIGHT,SIDESWIPE SAME DIRECTION,NOT DIVIDED,NO CONTROLS,DISTRACTION - FROM INSIDE VEHICLE,NOT APPLICABLE,0,0,0,0,7,1,7,1640,WESTERN AVE,41.949155,-87.504412,07/09/2023 08:58:00 AM,2023
CR00028881,11/03/2023 08:04:00 PM,30,CLEAR,DARKNESS - LIGHTED ROAD,PARKED MOTOR VEHICLE,NOT DIVIDED,NO CONTROLS,IMPROPER OVERTAKING/PASSING,NOT APPLICABLE,0,0,0,0,20,6,11,2486,47TH ST,41.964214,-87.552266,11/03/2023 08:36:00 PM,2023
CR00028882,02/20/2017 12:55:00 PM,30,CLEAR,DARKNESS,REAR END,NOT DIVIDED,NO CONTROLS,IMPROPER LANE USAGE,FOLLOWING TOO CLOSELY,0,0,0,0,12,2,2,120,MICHIGAN AVE,41.881754,-87.754469,02/20/2017 02:11:00 PM,2017