CRASH_RECORD_ID,CRASH_DATE,POSTED_SPEED_LIMIT,WEATHER_CONDITION,LIGHTING_CONDITION,FIRST_CRASH_TYPE,TRAFFICWAY_TYPE,TRAFFIC_CONTROL_DEVICE,PRIM_CONTRIBUTORY_CAUSE,SEC_CONTRIBUTORY_CAUSE,INJURIES_FATAL,INJURIES_INCAPACITATING,INJURIES_NON_INCAPACITATING,INJURIES_TOTAL,CRASH_HOUR,CRASH_DAY_OF_WEEK,CRASH_MONTH,BEAT_OF_OCCURRENCE,STREET_NAME,LATITUDE,LONGITUDE,DATE_POLICE_NOTIFIED,year
CR00028883,02/18/2019 04:16:00 PM,15,CLEAR,DARKNESS - LIGHTED ROAD,REAR END,NOT DIVIDED,STOP SIGN/FLASHER,UNABLE TO DETERMINE,DISTRACTION - FROM INSIDE VEHICLE,0,0,0,0,16,2,2,706,HALSTED ST,41.763661,-87.702415,02/18/2019 04:54:00 PM,2019
CR00028884,07/07/2023 06:11:00 PM,35,CLEAR,DAYLIGHT,REAR END,NOT DIVIDED,TRAFFIC SIGNAL,UNABLE TO DETERMINE,NOT APPLICABLE,0,0,0,0,18,6,7,1147,LAKE SHORE DR,41.779475,-87.687193,07/07/2023 07:46:00 PM,2023
CR00028885,01/12/2020 08:04:00 AM,20,CLEAR,DAYLIGHT,REAR TO FRONT,ONE-WAY,NO CONTROLS,UNABLE TO DETERMINE,NOT APPLICABLE,0,0,0,0,8,1,1,936,ELSTON AVE,41.794086,-87.551526,01/12/2020 09:23:00 AM,2020
CR00028886,12/28/2024 06:13:00 AM,15,CLEAR,DUSK,TURNING,ONE-WAY,NO CONTROLS,UNABLE TO DETERMINE,FOLLOWING TOO CLOSELY,0,0,0,0,6,7,12,1242,OGDEN AVE,41.932589,-87.683465,12/28/2024 07:01:00 AM,2024
CR00028887,09/04/2022 01:39:00 PM,20,CLEAR,DAYLIGHT,ANGLE,T-INTERSECTION,TRAFFIC SIGNAL,FAILING TO YIELD RIGHT-OF-WAY,FAILING TO YIELD RIGHT-OF-WAY,0,0,1,1,13,1,9,1675,BROADWAY,41.737241,-87.621144,09/04/2022 01:56:00 PM,2022
CR00028888,07/08/2015 12:57:00 AM,30,SNOW,DARKNESS,REAR END,DIVIDED - W/MEDIAN (NOT RAISED),PEDESTRIAN CROSSING SIGN,UNABLE TO DETERMINE,NOT APPLICABLE,0,0,0,0,0,4,7,2241,CLARK ST,41.794829,-87.721192,07/08/2015 01:49:00 AM,2015
CR00028889,10/31/2018 07:11:00 AM,30,CLEAR,DAYLIGHT,TURNING,NOT DIVIDED,UNKNOWN,IMPROPER OVERTAKING/PASSING,UNABLE TO DETERMINE,0,0,1,1,7,4,10,1887,IRVING PARK RD,41.806257,-87.500225,10/31/2018 08:15:00 AM,2018
CR00028890,09/06/2023 04:43:00 PM,30,CLEAR,DAYLIGHT,ANGLE,DIVIDED - W/MEDIAN (NOT RAISED),NO CONTROLS,DRIVING SKILLS/KNOWLEDGE/EXPERIENCE,IMPROPER OVERTAKING/PASSING,0,0,0,0,16,4,9,1329,63RD ST,41.791314,-87.569303,09/06/2023 05:41:00 PM,2023
CR00028891,03/11/2015 10:09:00 AM,20,CLEAR,DAYLIGHT,ANGLE,NOT DIVIDED,NO CONTROLS,DRIVING SKILLS/KNOWLEDGE/EXPERIENCE,FAILING TO YIELD RIGHT-OF-WAY,0,0,0,0,10,4,3,1894,OGDEN AVE,41.863481,-87.644713,03/11/2015 11:16:00 AM,2015
CR00028892,12/18/2023 10:34:00 AM,30,CLEAR,DAYLIGHT,PARKED MOTOR VEHICLE,DIVIDED - W/MEDIAN (NOT RAISED),STOP SIGN/FLASHER,UNABLE TO DETERMINE,UNABLE TO DETERMINE,0,0,0,0,10,2,12,505,MICHIGAN AVE,41.957713,-87.832129,12/18/2023 11:20:00 AM,2023
CR00028893,02/27/2022 12:34:00 PM,45,CLEAR,DAYLIGHT,TURNING,DIVIDED - W/MEDIAN BARRIER,NO CONTROLS,FAILING TO YIELD RIGHT-OF-WAY,FAILING TO REDUCE SPEED,0,0,0,0,12,1,2,1834,ELSTON AVE,41.768189,-87.703646,02/27/2022 02:03:00 PM,2022
CR00028894,06/30/2023 07:57:00 AM,35,CLOUDY/OVERCAST,DAYLIGHT,TURNING,NOT DIVIDED,STOP SIGN/FLASHER,UNABLE TO DETERMINE,FOLLOWING TOO CLOSELY,0,0,0,0,7,6,6,397,ARCHER AVE,41.735056,-87.595734,06/30/2023 08:13:00 AM,2023
CR00028895,03/30/2019 05:35:00 PM,25,CLEAR,DARKNESS - LIGHTED ROAD,REAR END,NOT DIVIDED,NO CONTROLS,UNABLE TO DETERMINE,IMPROPER LANE USAGE,0,0,0,0,17,7,3,2477,DAMEN AVE,41.755614,-87.690685,03/30/2019 06:47:00 PM,2019
CR00028896,06/14/2021 04:53:00 PM,25,CLOUDY/OVERCAST,DAYLIGHT,PARKED MOTOR VEHICLE,NOT DIVIDED,TRAFFIC SIGNAL,UNABLE TO DETERMINE,DISREGARDING TRAFFIC SIGNALS,0,0,0,0,16,2,6,1803,79TH ST,41.755396,-87.54641,06/14/2021 05:18:00 PM,2021
CR00028897,10/21/2016 08:07:00 AM,30,SNOW,DAYLIGHT,REAR TO FRONT,DIVIDED - W/MEDIAN (NOT RAISED),TRAFFIC SIGNAL,UNABLE TO DETERMINE,DISTRACTION - FROM INSIDE VEHICLE,0,0,0,0,8,6,10,2474,MILWAUKEE AVE,41.929065,-87.658784,10/21/2016 09:43:00 AM,2016
CR00028898,10/16/2021 03:39:00 AM,35,RAIN,DAYLIGHT,PARKED MOTOR VEHICLE,NOT DIVIDED,NO CONTROLS,UNABLE TO DETERMINE,DRIVING SKILLS/KNOWLEDGE/EXPERIENCE,0,0,0,0,3,7,10,1819,MILWAUKEE AVE,41.819498,-87.675468,10/16/2021 05:32:00 AM,2021
CR00028899,08/26/2019 06:56:00 PM,35,CLEAR,DAYLIGHT,REAR END,ONE-WAY,NO CONTROLS,UNABLE TO DETERMINE,UNABLE TO DETERMINE,0,0,0,0,18,2,8,1515,CLARK ST,41.770959,-87.736136,08/26/2019 07:17:00 PM,2019
CR00028900,04/26/2018 09:33:00 PM,30,SNOW,DAYLIGHT,TURNING,NOT DIVIDED,NO CONTROLS,WEATHER,UNABLE TO DETERMINE,0,0,0,0,21,5,4,750,47TH ST,41.941651,-87.826687,04/26/2018 10:37:00 PM,2018
CR00028901,07/23/2024 08:41:00 AM,25,CLOUDY/OVERCAST,DAYLIGHT,REAR TO FRONT,NOT DIVIDED,NO CONTROLS,IMPROPER OVERTAKING/PASSING,FOLLOWING TOO CLOSELY,0,0,0,0,8,3,7,1157,ELSTON AVE,41.910244,-87.755693,07/23/2024 09:58:00 AM,2024
CR00028902,02/08/2018 07:38:00 AM,30,CLEAR,DAYLIGHT,SIDESWIPE SAME DIRECTION,ONE-WAY,YIELD,DISTRACTION - FROM INSIDE VEHICLE,UNABLE TO DETERMINE,0,0,0,0,7,5,2,1198,BROADWAY,41.769535,-87.801329,02/08/2018 08:19:00 AM,2018
CR00028903,12/31/2021 10:00:00 AM,35,CLEAR,DAYLIGHT,ANGLE,NOT DIVIDED,STOP SIGN/FLASHER,IMPROPER OVERTAKING/PASSING,IMPROPER OVERTAKING/PASSING,0,0,2,2,10,6,12,412,ROOSEVELT RD,41.709381,-87.668874,12/31/2021 11:54:00 AM,2021
CR00028904,09/03/2015 06:19:00 AM,15,CLEAR,DARKNESS,REAR TO FRONT,DIVIDED - W/MEDIAN (NOT RAISED),STOP SIGN/FLASHER,DRIVING SKILLS/KNOWLEDGE/EXPERIENCE,UNABLE TO DETERMINE,0,0,0,0,6,5,9,1831,CICERO AVE,41.876225,-87.548742,09/03/2015 08:09:00 AM,2015
CR00028905,01/25/2018 10:58:00 AM,20,CLEAR,DAYLIGHT,SIDESWIPE SAME DIRECTION,NOT DIVIDED,NO CONTROLS,UNABLE TO DETERMINE,IMPROPER LANE USAGE,0,0,0,0,10,5,1,1308,STONY ISLAND AVE,41.964926,-87.789387,01/25/2018 11:38:00 AM,2018
CR00028906,04/11/2016 01:36:00 PM,35,RAIN,DAYLIGHT,TURNING,NOT DIVIDED,NO CONTROLS,DISREGARDING TRAFFIC SIGNALS,FOLLOWING TOO CLOSELY,0,2,1,3,13,2,4,787,MICHIGAN AVE,41.904658,-87.583043,04/11/2016 02:40:00 PM,2016
CR00028907,09/14/2018 09:39:00 PM,30,CLEAR,DAYLIGHT,REAR TO FRONT,NOT DIVIDED,NO CONTROLS,IMPROPER OVERTAKING/PASSING,UNABLE TO DETERMINE,0,0,1,1,21,6,9,996,63RD ST,41.990311,-87.651573,09/14/2018 11:16:00 PM,2018
CR00028908,08/29/2023 04:15:00 PM,45,CLEAR,DARKNESS - LIGHTED ROAD,REAR END,DIVIDED - W/MEDIAN (NOT RAISED),NO CONTROLS,UNABLE TO DETERMINE,FOLLOWING TOO CLOSELY,0,0,0,0,16,3,8,786,STATE ST,41.723553,-87.586829,08/29/2023 04:21:00 PM,2023
CR00028909,07/08/2021 07:57:00 PM,35,CLEAR,DARKNESS - LIGHTED ROAD,SIDESWIPE SAME DIRECTION,NOT DIVIDED,TRAFFIC SIGNAL,WEATHER,UNABLE TO DETERMINE,0,0,0,0,19,5,7,690,ASHLAND AVE,41.870754,-87.57152,07/08/2021 08:41:00 PM,2021
CR00028910,04/13/2023 05:14:00 PM,45,CLEAR,DAYLIGHT,PARKED MOTOR VEHICLE,ONE-WAY,NO CONTROLS,FAILING TO REDUCE SPEED,FOLLOWING TOO CLOSELY,0,0,0,0,17,5,4,1575,MILWAUKEE AVE,41.857529,-87.80702,04/13/2023 06:41:00 PM,2023
CR00028911,05/11/2023 11:12:00 AM,35,CLEAR,DARKNESS - LIGHTED ROAD,REAR END,DIVIDED - W/MEDIAN BARRIER,TRAFFIC SIGNAL,DISTRACTION - FROM INSIDE VEHICLE,DRIVING SKILLS/KNOWLEDGE/EXPERIENCE,0,0,0,0,11,5,5,1532,FULLERTON AVE,41.732766,-87.548933,05/11/2023 11:59:00 AM,2023
CR00028912,09/16/2024 09:26:00 PM,40,CLEAR,DAYLIGHT,REAR END,ONE-WAY,NO CONTROLS,IMPROPER OVERTAKING/PASSING,NOT APPLICABLE,0,0,0,0,21,2,9,614,ARCHER AVE,41.966798,-87.604766,09/16/2024 10:31:00 PM,2024
CR00028913,03/29/2019 07:42:00 PM,30,CLEAR,DAWN,REAR TO FRONT,DIVIDED - W/MEDIAN BARRIER,NO CONTROLS,UNABLE TO DETERMINE,FAILING TO YIELD RIGHT-OF-WAY,0,0,3,3,19,6,3,1699,MICHIGAN AVE,41.818161,-87.522315,03/29/2019 09:34:00 PM,2019
CR00028914,07/01/2021 09:26:00 PM,45,CLOUDY/OVERCAST,DARKNESS - LIGHTED ROAD,PARKED MOTOR VEHICLE,NOT DIVIDED,NO CONTROLS,UNABLE TO DETERMINE,NOT APPLICABLE,0,0,0,0,21,5,7,293,IRVING PARK RD,41.949854,-87.830868,07/01/2021 10:15:00 PM,2021
CR00028915,05/05/2015 06:15:00 PM,30,SNOW,DAYLIGHT,FIXED OBJECT,NOT DIVIDED,NO CONTROLS,FAILING TO YIELD RIGHT-OF-WAY,UNABLE TO DETERMINE,0,0,0,0,18,3,5,1953,ASHLAND AVE,41.992218,-87.507296,05/05/2015 07:01:00 PM,2015
CR00028916,07/14/2021 04:03:00 PM,30,CLEAR,DAYLIGHT,TURNING,NOT DIVIDED,TRAFFIC SIGNAL,FAILING TO REDUCE SPEED,NOT APPLICABLE,0,1,0,1,16,4,7,567,DAMEN AVE,41.895176,-87.773339,07/14/2021 05:53:00 PM,2021
CR00028917,06/09/2016 09:43:00 AM,30,CLEAR,DAYLIGHT,SIDESWIPE SAME DIRECTION,NOT DIVIDED,NO CONTROLS,UNABLE TO DETERMINE,UNABLE TO DETERMINE,0,0,0,0,9,5,6,582,MICHIGAN AVE,41.71835,-87.792649,06/09/2016 11:38:00 AM,2016
CR00028918,11/23/2017 07:15:00 AM,20,RAIN,DAYLIGHT,REAR END,NOT DIVIDED,NO CONTROLS,FAILING TO REDUCE SPEED,IMPROPER OVERTAKING/PASSING,0,0,3,3,7,5,11,1378,KEDZIE AVE,41.888135,-87.596901,11/23/2017 08:29:00 AM,2017
CR00028919,09/07/2019 03:55:00 PM,30,RAIN,DARKNESS,REAR TO FRONT,DIVIDED - W/MEDIAN BARRIER,TRAFFIC SIGNAL,DISTRACTION - FROM INSIDE VEHICLE,FOLLOWING TOO CLOSELY,0,0,0,0,15,7,9,1966,LAKE SHORE DR,41.788508,-87.558797,09/07/2019 04:32:00 PM,2019
CR00028920,11/25/2020 05:39:00 PM,25,CLOUDY/OVERCAST,DARKNESS - LIGHTED ROAD,REAR END,NOT DIVIDED,STOP SIGN/FLASHER,FAILING TO REDUCE SPEED,FOLLOWING TOO CLOSELY,0,0,0,0,17,4,11,131,CLARK ST,41.826616,-87.785374,11/25/2020 06:00:00 PM,2020
CR00028921,06/13/2015 03:59:00 PM,25,RAIN,DAYLIGHT,PARKED MOTOR VEHICLE,DIVIDED - W/MEDIAN (NOT RAISED),TRAFFIC SIGNAL,FAILING TO YIELD RIGHT-OF-WAY,UNABLE TO DETERMINE,0,0,0,0,15,7,6,1370,47TH ST,41.766175,-87.7032,06/13/2015 04:47:00 PM,2015
CR00028922,04/16/2022 10:20:00 AM,20,CLEAR,DAYLIGHT,REAR END,NOT DIVIDED,TRAFFIC SIGNAL,FOLLOWING TOO CLOSELY,DISREGARDING TRAFFIC SIGNALS,0,0,0,0,10,7,4,921,ELSTON AVE,41.948699,-87.624646,04/16/2022 11:58:00 AM,2022
CR00028923,02/27/2016 12:15:00 AM,35,CLEAR,DAYLIGHT,REAR END,ONE-WAY,TRAFFIC SIGNAL,FOLLOWING TOO CLOSELY,DRIVING SKILLS/KNOWLEDGE/EXPERIENCE,0,0,0,0,0,7,2,1787,OGDEN AVE,41.796713,-87.829854,02/27/2016 01:42:00 AM,2016
CR00028924,12/02/2019 11:16:00 AM,45,CLEAR,DAYLIGHT,REAR END,NOT DIVIDED,NO CONTROLS,FOLLOWING TOO CLOSELY,FAILING TO YIELD RIGHT-OF-WAY,0,0,0,0,11,2,12,1363,CLARK ST,41.994203,-87.773184,12/02/2019 12:31:00 PM,2019
CR00028925,01/31/2024 09:21:00 AM,30,CLEAR,DARKNESS,ANGLE,NOT DIVIDED,TRAFFIC SIGNAL,FOLLOWING TOO CLOSELY,NOT APPLICABLE,0,0,0,0,9,4,1,1665,HALSTED ST,41.969792,-87.522436,01/31/2024 10:46:00 AM,2024
CR00028926,03/14/2015 05:29:00 AM,45,FOG/SMOKE/HAZE,DAYLIGHT,TURNING,NOT DIVIDED,TRAFFIC SIGNAL,DISTRACTION - FROM INSIDE VEHICLE,FAILING TO REDUCE SPEED,0,0,0,0,5,7,3,1960,IRVING PARK RD,41.922409,-87.559645,03/14/2015 07:25:00 AM,2015
CR00028927,06/13/2023 08:01:00 AM,40,CLOUDY/OVERCAST,DARKNESS - LIGHTED ROAD,REAR END,NOT DIVIDED,TRAFFIC SIGNAL,FAILING TO YIELD RIGHT-OF-WAY,FAILING TO REDUCE SPEED,0,0,0,0,8,3,6,826,PULASKI RD,41.784448,-87.739841,06/13/2023 08:03:00 AM,2023
CR00028928,10/08/2017 04:00:00 PM,30,CLEAR,DAYLIGHT,PEDESTRIAN,DIVIDED - W/MEDIAN (NOT RAISED),STOP SIGN/FLASHER,UNABLE TO DETERMINE,UNABLE TO DETERMINE,0,0,0,0,16,1,10,405,WESTERN AVE,41.778851,-87.739686,10/08/2017 04:04:00 PM,2017
CR00028929,02/22/2015 04:55:00 PM,30,RAIN,DUSK,ANGLE,DIVIDED - W/MEDIAN (NOT RAISED),TRAFFIC SIGNAL,FAILING TO REDUCE SPEED,FAILING TO REDUCE SPEED,0,0,0,0,16,1,2,1580,47TH ST,41.908684,-87.762529,02/22/2015 06:11:00 PM,2015
CR00028930,03/12/2016 11:06:00 AM,20,CLEAR,DARKNESS - LIGHTED ROAD,TURNING,NOT DIVIDED,TRAFFIC SIGNAL,UNABLE TO DETERMINE,IMPROPER LANE USAGE,0,0,0,0,11,7,3,2185,STONY ISLAND AVE,41.930505,-87.62716,03/12/2016 12:56:00 PM,2016
CR00028931,04/30/2017 08:26:00 AM,20,CLEAR,DAYLIGHT,TURNING,NOT DIVIDED,NO CONTROLS,DISREGARDING TRAFFIC SIGNALS,FOLLOWING TOO CLOSELY,0,0,0,0,8,1,4,591,STATE ST,41.724444,-87.735789,04/30/2017 10:17:00 AM,2017
CR00028932,09/29/2019 04:16:00 PM,30,CLOUDY/OVERCAST,DARKNESS - LIGHTED ROAD,TURNING,ONE-WAY,TRAFFIC SIGNAL,FAILING TO YIELD RIGHT-OF-WAY,IMPROPER OVERTAKING/PASSING,0,0,0,0,16,1,9,808,ELSTON AVE,41.909953,-87.802245,09/29/2019 04:45:00 PM,2019
CR00028933,11/08/2021 07:31:00 PM,25,CLEAR,DARKNESS - LIGHTED ROAD,PARKED MOTOR VEHICLE,NOT DIVIDED,TRAFFIC SIGNAL,IMPROPER OVERTAKING/PASSING,FAILING TO YIELD RIGHT-OF-WAY,0,0,0,0,19,2,11,570,IRVING PARK RD,41.96964,-87.710135,11/08/2021 07:53:00 PM,2021
CR00028934,07/29/2022 09:10:00 AM,15,CLEAR,DAYLIGHT,PEDESTRIAN,NOT DIVIDED,NO CONTROLS,IMPROPER LANE USAGE,FOLLOWING TOO CLOSELY,0,0,0,0,9,6,7,1024,ROOSEVELT RD,41.856274,-87.542932,07/29/2022 10:12:00 AM,2022
CR00028935,03/21/2024 05:48:00 PM,35,CLEAR,DARKNESS,REAR END,NOT DIVIDED,UNKNOWN,FAILING TO YIELD RIGHT-OF-WAY,DISREGARDING TRAFFIC SIGNALS,0,0,0,0,17,5,3,1943,STONY ISLAND AVE,41.923047,-87.821796,03/21/2024 06:05:00 PM,2024
CR00028936,06/11/2020 08:33:00 PM,40,CLEAR,DARKNESS - LIGHTED ROAD,REAR TO FRONT,ONE-WAY,NO CONTROLS,UNABLE TO DETERMINE,FOLLOWING TOO CLOSELY,0,0,0,0,20,5,6,462,DAMEN AVE,41.726129,-87.816807,06/11/2020 09:57:00 PM,2020
CR00028937,10/30/2016 08:35:00 AM,35,CLEAR,DAYLIGHT,TURNING,NOT DIVIDED,NO CONTROLS,UNABLE TO DETERMINE,DRIVING SKILLS/KNOWLEDGE/EXPERIENCE,0,0,0,0,8,1,10,1868,BROADWAY,41.875497,-87.713646,10/30/2016 10:31:00 AM,2016
CR00028938,06/16/2016 01:12:00 PM,35,CLEAR,DARKNESS - LIGHTED ROAD,SIDESWIPE SAME DIRECTION,DIVIDED - W/MEDIAN (NOT RAISED),TRAFFIC SIGNAL,DISTRACTION - FROM INSIDE VEHICLE,DISTRACTION - FROM INSIDE VEHICLE,0,0,0,0,13,5,6,592,BROADWAY,41.863712,-87.659683,06/16/2016 01:52:00 PM,2016
CR00028939,04/02/2021 03:58:00 PM,40,RAIN,DAYLIGHT,REAR END,DIVIDED - W/MEDIAN BARRIER,NO CONTROLS,UNABLE TO DETERMINE,DISTRACTION - FROM INSIDE VEHICLE,0,0,0,0,15,6,4,1358,OGDEN AVE,41.93266,-87.770594,04/02/2021 04:24:00 PM,2021
CR00028940,09/13/2021 05:59:00 PM,15,CLEAR,DAYLIGHT,REAR END,NOT DIVIDED,NO CONTROLS,FAILING TO REDUCE SPEED,IMPROPER LANE USAGE,0,0,0,0,17,2,9,829,CALIFORNIA AVE,41.833367,-87.546996,09/13/2021 07:16:00 PM,2021
CR00028941,03/22/2015 11:27:00 PM,30,CLEAR,DAYLIGHT,FIXED OBJECT,NOT DIVIDED,STOP SIGN/FLASHER,UNABLE TO DETERMINE,FAILING TO REDUCE SPEED,0,0,0,0,23,1,3,1350,ROOSEVELT RD,41.758233,-87.841959,03/22/2015 11:42:00 PM,2015
CR00028942,11/29/2022 05:57:00 PM,20,CLEAR,DAYLIGHT,REAR END,DIVIDED - W/MEDIAN (NOT RAISED),TRAFFIC SIGNAL,UNABLE TO DETERMINE,WEATHER,0,0,0,0,17,3,11,812,KEDZIE AVE,41.968392,-87.772718,11/29/2022 06:08:00 PM,2022
CR00028943,06/22/2021 08:18:00 AM,20,CLEAR,DAYLIGHT,ANGLE,NOT DIVIDED,TRAFFIC SIGNAL,IMPROPER LANE USAGE,IMPROPER OVERTAKING/PASSING,0,0,0,0,8,3,6,1314,PULASKI RD,41.811558,-87.55573,06/22/2021 09:38:00 AM,2021
CR00028944,10/23/2017 05:03:00 PM,35,CLEAR,DAYLIGHT,TURNING,NOT DIVIDED,NO CONTROLS,FAILING TO YIELD RIGHT-OF-WAY,NOT APPLICABLE,0,1,2,3,17,2,10,1832,WESTERN AVE,41.837719,-87.768637,10/23/2017 06:51:00 PM,2017
CR00028945,01/13/2024 10:17:00 PM,30,CLEAR,DAYLIGHT,PEDESTRIAN,ONE-WAY,NO CONTROLS,FAILING TO YIELD RIGHT-OF-WAY,FAILING TO YIELD RIGHT-OF-WAY,0,1,1,2,22,7,1,2327,HALSTED ST,41.837185,-87.734037,01/13/2024 11:05:00 PM,2024
CR00028946,04/22/2017 03:58:00 PM,30,CLOUDY/OVERCAST,DARKNESS,SIDESWIPE SAME DIRECTION,NOT DIVIDED,TRAFFIC SIGNAL,UNABLE TO DETERMINE,NOT APPLICABLE,0,0,1,1,15,7,4,498,BROADWAY,41.811933,-87.501077,04/22/2017 04:20:00 PM,2017
CR00028947,01/21/2016 04:39:00 PM,20,CLEAR,DARKNESS - LIGHTED ROAD,FIXED OBJECT,DIVIDED - W/MEDIAN BARRIER,TRAFFIC SIGNAL,IMPROPER OVERTAKING/PASSING,IMPROPER OVERTAKING/PASSING,0,0,0,0,16,5,1,2294,OGDEN AVE,41.982735,-87.59143,01/21/2016 05:09:00 PM,2016
CR00028948,10/05/2018 11:38:00 AM,35,CLEAR,DAYLIGHT,REAR END,DIVIDED - W/MEDIAN (NOT RAISED),TRAFFIC SIGNAL,FOLLOWING TOO CLOSELY,UNABLE TO DETERMINE,0,0,0,0,11,6,10,377,DAMEN AVE,41.976815,-87.7954,10/05/2018 12:12:00 PM,2018
CR00028949,06/22/2015 05:44:00 PM,25,CLOUDY/OVERCAST,DAYLIGHT,REAR TO FRONT,NOT DIVIDED,TRAFFIC SIGNAL,DISTRACTION - FROM INSIDE VEHICLE,NOT APPLICABLE,0,0,0,0,17,2,6,300,CALIFORNIA AVE,41.899112,-87.533072,06/22/2015 06:32:00 PM,2015
CR00028950,05/02/2015 07:04:00 PM,45,CLEAR,DAYLIGHT,REAR END,NOT DIVIDED,UNKNOWN,UNABLE TO DETERMINE,DRIVING SKILLS/KNOWLEDGE/EXPERIENCE,0,0,0,0,19,7,5,386,LAKE SHORE DR,41.957704,-87.751965,05/02/2015 08:56:00 PM,2015
CR00028951,04/01/2016 01:08:00 PM,25,CLEAR,DAYLIGHT,TURNING,NOT DIVIDED,NO CONTROLS,UNABLE TO DETERMINE,FAILING TO YIELD RIGHT-OF-WAY,0,1,0,1,13,6,4,1977,79TH ST,41.990318,-87.83914,04/01/2016 02:58:00 PM,2016
CR00028952,09/26/2020 03:15:00 PM,15,SNOW,DAYLIGHT,REAR END,T-INTERSECTION,STOP SIGN/FLASHER,FAILING TO REDUCE SPEED,FOLLOWING TOO CLOSELY,0,0,1,1,15,7,9,1079,ELSTON AVE,41.809807,-87.745229,09/26/2020 04:06:00 PM,2020
CR00028953,08/28/2018 08:40:00 AM,45,CLEAR,DAYLIGHT,TURNING,NOT DIVIDED,TRAFFIC SIGNAL,UNABLE TO DETERMINE,FOLLOWING TOO CLOSELY,0,0,1,1,8,3,8,257,STONY ISLAND AVE,41.898805,-87.591358,08/28/2018 09:33:00 AM,2018
CR00028954,01/25/2015 05:11:00 AM,45,CLEAR,DAYLIGHT,REAR END,NOT DIVIDED,TRAFFIC SIGNAL,UNABLE TO DETERMINE,IMPROPER OVERTAKING/PASSING,0,0,0,0,5,1,1,1013,OGDEN AVE,41.962175,-87.627647,01/25/2015 06:58:00 AM,2015
CR00028955,04/01/2021 03:32:00 PM,35,FREEZING RAIN/DRIZZLE,DAYLIGHT,PARKED MOTOR VEHICLE,DIVIDED - W/MEDIAN (NOT RAISED),NO CONTROLS,FAILING TO YIELD RIGHT-OF-WAY,IMPROPER LANE USAGE,0,1,0,1,15,5,4,1644,STATE ST,41.982463,-87.583879,04/01/2021 04:56:00 PM,2021
CR00028956,05/10/2018 10:42:00 AM,15,CLEAR,DAYLIGHT,REAR END,T-INTERSECTION,TRAFFIC SIGNAL,UNABLE TO DETERMINE,DISREGARDING TRAFFIC SIGNALS,0,1,3,4,10,5,5,1055,IRVING PARK RD,41.952074,-87.667811,05/10/2018 12:15:00 PM,2018
CR00028957,11/22/2015 10:52:00 AM,30,CLEAR,DARKNESS - LIGHTED ROAD,REAR END,ONE-WAY,TRAFFIC SIGNAL,IMPROPER OVERTAKING/PASSING,NOT APPLICABLE,0,0,0,0,10,1,11,2282,CALIFORNIA AVE,41.866347,-87.626458,11/22/2015 10:57:00 AM,2015
CR00028958,06/15/2017 07:01:00 AM,35,CLEAR,DAYLIGHT,REAR END,NOT DIVIDED,NO CONTROLS,DRIVING SKILLS/KNOWLEDGE/EXPERIENCE,FOLLOWING TOO CLOSELY,0,0,0,0,7,5,6,2318,LAKE SHORE DR,41.965571,-87.521504,06/15/2017 07:06:00 AM,2017
CR00028959,01/21/2022 10:29:00 AM,20,RAIN,DAYLIGHT,FIXED OBJECT,DIVIDED - W/MEDIAN (NOT RAISED),TRAFFIC SIGNAL,UNABLE TO DETERMINE,DISTRACTION - FROM INSIDE VEHICLE,0,0,0,0,10,6,1,1315,DIVISION ST,41.792319,-87.793289,01/21/2022 12:02:00 PM,2022
CR00028960,11/11/2016 10:47:00 AM,15,CLEAR,DAYLIGHT,PARKED MOTOR VEHICLE,ONE-WAY,PEDESTRIAN CROSSING SIGN,FOLLOWING TOO CLOSELY,NOT APPLICABLE,0,0,0,0,10,6,11,514,CALIFORNIA AVE,41.773034,-87.550761,11/11/2016 12:33:00 PM,2016
CR00028961,12/14/2023 01:32:00 PM,30,RAIN,DAYLIGHT,REAR END,NOT DIVIDED,NO CONTROLS,IMPROPER OVERTAKING/PASSING,IMPROPER OVERTAKING/PASSING,0,0,2,2,13,5,12,247,OGDEN AVE,41.798725,-87.809936,12/14/2023 02:38:00 PM,2023
CR00028962,12/29/2021 07:39:00 AM,20,CLEAR,DARKNESS - LIGHTED ROAD,TURNING,NOT DIVIDED,TRAFFIC SIGNAL,FAILING TO YIELD RIGHT-OF-WAY,IMPROPER LANE USAGE,0,0,0,0,7,4,12,2286,STATE ST,41.739217,-87.817674,12/29/2021 08:54:00 AM,2021
CR00028963,04/15/2021 11:15:00 AM,15,CLEAR,DARKNESS - LIGHTED ROAD,SIDESWIPE SAME DIRECTION,ONE-WAY,TRAFFIC SIGNAL,DRIVING SKILLS/KNOWLEDGE/EXPERIENCE,FOLLOWING TOO CLOSELY,0,0,0,0,11,5,4,1908,MILWAUKEE AVE,41.707014,-87.585021,04/15/2021 11:32:00 AM,2021
CR00028964,08/21/2024 03:43:00 PM,30,CLEAR,DAYLIGHT,REAR END,DIVIDED - W/MEDIAN BARRIER,NO CONTROLS,FAILING TO YIELD RIGHT-OF-WAY,FAILING TO YIELD RIGHT-OF-WAY,0,0,0,0,15,4,8,978,ASHLAND AVE,41.935346,-87.787877,08/21/2024 03:58:00 PM,2024