CRASH_RECORD_ID,CRASH_DATE,POSTED_SPEED_LIMIT,WEATHER_CONDITION,LIGHTING_CONDITION,FIRST_CRASH_TYPE,TRAFFICWAY_TYPE,TRAFFIC_CONTROL_DEVICE,PRIM_CONTRIBUTORY_CAUSE,SEC_CONTRIBUTORY_CAUSE,INJURIES_FATAL,INJURIES_INCAPACITATING,INJURIES_NON_INCAPACITATING,INJURIES_TOTAL,CRASH_HOUR,CRASH_DAY_OF_WEEK,CRASH_MONTH,BEAT_OF_OCCURRENCE,STREET_NAME,LATITUDE,LONGITUDE,DATE_POLICE_NOTIFIED,year
CR00028965,07/19/2022 01:56:00 PM,35,CLEAR,DAYLIGHT,REAR END,NOT DIVIDED,NO CONTROLS,FOLLOWING TOO CLOSELY,UNABLE TO DETERMINE,0,0,1,1,13,3,7,1309,STONY ISLAND AVE,41.866965,-87.596547,07/19/2022 02:53:00 PM,2022
CR00028966,07/05/2018 08:22:00 PM,30,CLEAR,DARKNESS - LIGHTED ROAD,TURNING,NOT DIVIDED,NO CONTROLS,DISTRACTION - FROM INSIDE VEHICLE,UNABLE TO DETERMINE,0,0,3,3,20,5,7,2006,ELSTON AVE,41.733102,-87.570934,07/05/2018 09:48:00 PM,2018
CR00028967,04/30/2020 06:29:00 PM,30,CLEAR,DAYLIGHT,ANGLE,ONE-WAY,NO CONTROLS,FOLLOWING TOO CLOSELY,FAILING TO YIELD RIGHT-OF-WAY,0,0,0,0,18,5,4,1614,PULASKI RD,41.875663,-87.659343,04/30/2020 08:17:00 PM,2020
CR00028968,04/24/2017 03:40:00 PM,20,CLEAR,DAYLIGHT,ANGLE,ONE-WAY,NO CONTROLS,DRIVING SKILLS/KNOWLEDGE/EXPERIENCE,UNABLE TO DETERMINE,0,0,0,0,15,2,4,2382,WESTERN AVE,41.923152,-87.740177,04/24/2017 04:54:00 PM,2017
CR00028969,08/04/2024 12:48:00 PM,45,CLEAR,DAYLIGHT,SIDESWIPE SAME DIRECTION,NOT DIVIDED,TRAFFIC SIGNAL,IMPROPER OVERTAKING/PASSING,DISTRACTION - FROM INSIDE VEHICLE,0,0,0,0,12,1,8,1644,HALSTED ST,41.928131,-87.727539,08/04/2024 01:38:00 PM,2024
CR00028970,08/15/2016 06:41:00 PM,35,CLOUDY/OVERCAST,DARKNESS - LIGHTED ROAD,REAR END,NOT DIVIDED,STOP SIGN/FLASHER,FOLLOWING TOO CLOSELY,IMPROPER OVERTAKING/PASSING,0,1,0,1,18,2,8,2392,DAMEN AVE,41.968453,-87.764101,08/15/2016 08:18:00 PM,2016
CR00028971,08/11/2020 08:53:00 PM,35,CLEAR,DAYLIGHT,REAR END,DIVIDED - W/MEDIAN (NOT RAISED),STOP SIGN/FLASHER,DISREGARDING TRAFFIC SIGNALS,FAILING TO REDUCE SPEED,0,0,3,3,20,3,8,2190,DIVISION ST,41.94907,-87.640011,08/11/2020 10:15:00 PM,2020
CR00028972,07/18/2015 07:36:00 AM,45,CLEAR,DARKNESS - LIGHTED ROAD,ANGLE,T-INTERSECTION,NO CONTROLS,FAILING TO YIELD RIGHT-OF-WAY,DISTRACTION - FROM INSIDE VEHICLE,0,0,3,3,7,7,7,2023,63RD ST,41.914406,-87.516551,07/18/2015 08:27:00 AM,2015
CR00028973,03/01/2015 12:53:00 PM,30,CLEAR,DAYLIGHT,SIDESWIPE SAME DIRECTION,DIVIDED - W/MEDIAN (NOT RAISED),TRAFFIC SIGNAL,FAILING TO REDUCE SPEED,UNABLE TO DETERMINE,0,0,1,1,12,1,3,1712,ASHLAND AVE,41.87034,-87.764173,03/01/2015 01:19:00 PM,2015
CR00028974,02/26/2018 04:38:00 PM,25,CLEAR,DARKNESS - LIGHTED ROAD,ANGLE,ONE-WAY,TRAFFIC SIGNAL,FOLLOWING TOO CLOSELY,NOT APPLICABLE,0,0,3,3,16,2,2,822,ELSTON AVE,41.877374,-87.546963,02/26/2018 05:19:00 PM,2018
CR00028975,06/18/2020 03:18:00 PM,40,CLEAR,DARKNESS - LIGHTED ROAD,TURNING,DIVIDED - W/MEDIAN (NOT RAISED),UNKNOWN,WEATHER,IMPROPER LANE USAGE,0,0,0,0,15,5,6,1010,OGDEN AVE,41.932024,-87.526029,06/18/2020 04:33:00 PM,2020
CR00028976,01/14/2021 01:55:00 PM,35,CLEAR,DARKNESS - LIGHTED ROAD,REAR END,DIVIDED - W/MEDIAN BARRIER,TRAFFIC SIGNAL,UNABLE TO DETERMINE,DISTRACTION - FROM INSIDE VEHICLE,0,0,1,1,13,5,1,2128,FULLERTON AVE,41.913495,-87.711503,01/14/2021 02:05:00 PM,2021
CR00028977,09/27/2020 04:58:00 PM,45,CLOUDY/OVERCAST,DAYLIGHT,TURNING,ONE-WAY,NO CONTROLS,FOLLOWING TOO CLOSELY,NOT APPLICABLE,0,1,1,2,16,1,9,2279,BROADWAY,41.759049,-87.619368,09/27/2020 05:03:00 PM,2020
CR00028978,07/25/2023 04:58:00 PM,30,CLOUDY/OVERCAST,DARKNESS - LIGHTED ROAD,ANGLE,NOT DIVIDED,TRAFFIC SIGNAL,DISTRACTION - FROM INSIDE VEHICLE,NOT APPLICABLE,0,0,0,0,16,3,7,604,OGDEN AVE,41.975619,-87.768573,07/25/2023 05:37:00 PM,2023
CR00028979,07/20/2024 11:35:00 AM,20,CLEAR,DARKNESS - LIGHTED ROAD,ANGLE,FOUR WAY,TRAFFIC SIGNAL,DRIVING SKILLS/KNOWLEDGE/EXPERIENCE,FOLLOWING TOO CLOSELY,0,0,0,0,11,7,7,1355,DIVISION ST,41.853537,-87.622121,07/20/2024 11:52:00 AM,2024
CR00028980,12/12/2017 03:12:00 AM,15,CLEAR,DARKNESS,PARKED MOTOR VEHICLE,ONE-WAY,NO CONTROLS,FAILING TO REDUCE SPEED,FOLLOWING TOO CLOSELY,0,0,0,0,3,3,12,352,CLARK ST,41.991478,-87.7961,12/12/2017 05:08:00 AM,2017
CR00028981,06/12/2021 02:43:00 PM,25,RAIN,DARKNESS - LIGHTED ROAD,REAR END,NOT DIVIDED,TRAFFIC SIGNAL,UNABLE TO DETERMINE,DISTRACTION - FROM INSIDE VEHICLE,0,0,0,0,14,7,6,621,MILWAUKEE AVE,41.931226,-87.598443,06/12/2021 04:43:00 PM,2021
CR00028982,01/28/2023 06:27:00 AM,35,CLEAR,DAYLIGHT,FIXED OBJECT,NOT DIVIDED,NO CONTROLS,DISREGARDING TRAFFIC SIGNALS,DRIVING SKILLS/KNOWLEDGE/EXPERIENCE,0,0,0,0,6,7,1,1988,ELSTON AVE,41.901972,-87.542533,01/28/2023 07:20:00 AM,2023
CR00028983,07/22/2020 01:43:00 PM,25,CLEAR,DAYLIGHT,TURNING,NOT DIVIDED,TRAFFIC SIGNAL,UNABLE TO DETERMINE,UNABLE TO DETERMINE,0,0,0,0,13,4,7,2058,MICHIGAN AVE,41.96156,-87.732636,07/22/2020 03:14:00 PM,2020
CR00028984,02/19/2016 09:11:00 PM,15,RAIN,DAYLIGHT,ANGLE,FOUR WAY,NO CONTROLS,FOLLOWING TOO CLOSELY,FAILING TO REDUCE SPEED,0,0,3,3,21,6,2,104,FULLERTON AVE,41.769238,-87.68807,02/19/2016 09:16:00 PM,2016
CR00028985,05/12/2021 03:08:00 PM,35,SNOW,DAYLIGHT,SIDESWIPE SAME DIRECTION,NOT DIVIDED,NO CONTROLS,IMPROPER LANE USAGE,NOT APPLICABLE,0,0,0,0,15,4,5,458,ROOSEVELT RD,41.996956,-87.526157,05/12/2021 04:47:00 PM,2021
CR00028986,03/13/2021 05:01:00 PM,15,SNOW,DAYLIGHT,REAR END,NOT DIVIDED,TRAFFIC SIGNAL,UNABLE TO DETERMINE,UNABLE TO DETERMINE,0,1,1,2,17,7,3,1887,IRVING PARK RD,41.971803,-87.641121,03/13/2021 05:36:00 PM,2021
CR00028987,02/21/2018 12:09:00 PM,15,CLEAR,DARKNESS - LIGHTED ROAD,PARKED MOTOR VEHICLE,DIVIDED - W/MEDIAN BARRIER,NO CONTROLS,IMPROPER LANE USAGE,IMPROPER LANE USAGE,0,0,0,0,12,4,2,1154,HALSTED ST,41.826665,-87.82533,02/21/2018 01:31:00 PM,2018
CR00028988,06/01/2018 11:54:00 AM,15,CLEAR,DARKNESS - LIGHTED ROAD,REAR END,FOUR WAY,PEDESTRIAN CROSSING SIGN,FAILING TO REDUCE SPEED,NOT APPLICABLE,0,0,0,0,11,6,6,105,WESTERN AVE,41.873607,-87.510958,06/01/2018 01:50:00 PM,2018
CR00028989,12/24/2024 04:54:00 PM,15,CLEAR,DARKNESS - LIGHTED ROAD,REAR END,DIVIDED - W/MEDIAN (NOT RAISED),NO CONTROLS,UNABLE TO DETERMINE,UNABLE TO DETERMINE,0,0,0,0,16,3,12,165,CALIFORNIA AVE,41.855697,-87.524666,12/24/2024 05:30:00 PM,2024
CR00028990,02/11/2024 08:25:00 PM,45,CLEAR,DARKNESS,SIDESWIPE SAME DIRECTION,NOT DIVIDED,STOP SIGN/FLASHER,UNABLE TO DETERMINE,NOT APPLICABLE,0,0,0,0,20,1,2,1655,OGDEN AVE,41.914533,-87.598732,02/11/2024 08:54:00 PM,2024
CR00028991,03/15/2024 10:43:00 PM,30,RAIN,DAYLIGHT,ANGLE,FOUR WAY,UNKNOWN,WEATHER,UNABLE TO DETERMINE,0,0,0,0,22,6,3,910,OGDEN AVE,41.711352,-87.828038,03/15/2024 11:39:00 PM,2024
CR00028992,03/27/2023 12:34:00 PM,25,CLEAR,DAYLIGHT,REAR TO FRONT,ONE-WAY,TRAFFIC SIGNAL,FAILING TO YIELD RIGHT-OF-WAY,FAILING TO REDUCE SPEED,0,0,0,0,12,2,3,2100,HALSTED ST,41.977926,-87.553859,03/27/2023 01:29:00 PM,2023
CR00028993,05/28/2019 02:47:00 AM,35,CLEAR,DAYLIGHT,TURNING,T-INTERSECTION,NO CONTROLS,UNABLE TO DETERMINE,UNABLE TO DETERMINE,0,0,0,0,2,3,5,2132,DIVISION ST,41.783458,-87.705128,05/28/2019 04:46:00 AM,2019
CR00028994,02/14/2017 01:48:00 PM,45,CLEAR,DAYLIGHT,REAR END,DIVIDED - W/MEDIAN (NOT RAISED),NO CONTROLS,UNABLE TO DETERMINE,NOT APPLICABLE,0,0,0,0,13,3,2,1320,CICERO AVE,41.821231,-87.563795,02/14/2017 02:47:00 PM,2017
CR00028995,06/16/2018 08:13:00 AM,45,CLEAR,DAYLIGHT,TURNING,NOT DIVIDED,NO CONTROLS,DRIVING SKILLS/KNOWLEDGE/EXPERIENCE,UNABLE TO DETERMINE,0,0,0,0,8,7,6,1797,ROOSEVELT RD,41.930843,-87.761642,06/16/2018 10:07:00 AM,2018
CR00028996,09/04/2024 08:50:00 PM,20,CLEAR,DARKNESS - LIGHTED ROAD,ANGLE,NOT DIVIDED,TRAFFIC SIGNAL,DISTRACTION - FROM INSIDE VEHICLE,FAILING TO YIELD RIGHT-OF-WAY,0,0,1,1,20,4,9,1027,63RD ST,41.790462,-87.808476,09/04/2024 09:16:00 PM,2024
CR00028997,11/20/2017 11:47:00 PM,40,SNOW,DARKNESS,TURNING,ONE-WAY,NO CONTROLS,FAILING TO REDUCE SPEED,UNABLE TO DETERMINE,0,0,0,0,23,2,11,814,ASHLAND AVE,41.884295,-87.525167,11/21/2017 01:34:00 AM,2017
CR00028998,12/29/2024 05:17:00 PM,25,CLEAR,DARKNESS - LIGHTED ROAD,REAR END,DIVIDED - W/MEDIAN (NOT RAISED),NO CONTROLS,WEATHER,UNABLE TO DETERMINE,0,2,0,2,17,1,12,608,WESTERN AVE,41.774585,-87.813534,12/29/2024 07:06:00 PM,2024
CR00028999,03/24/2020 10:48:00 AM,25,FREEZING RAIN/DRIZZLE,DAYLIGHT,TURNING,NOT DIVIDED,NO CONTROLS,FOLLOWING TOO CLOSELY,FOLLOWING TOO CLOSELY,0,1,3,4,10,3,3,1109,CLARK ST,41.772726,-87.73674,03/24/2020 11:33:00 AM,2020
CR00029000,10/29/2020 01:21:00 PM,40,CLEAR,DAWN,ANGLE,DIVIDED - W/MEDIAN (NOT RAISED),TRAFFIC SIGNAL,DRIVING SKILLS/KNOWLEDGE/EXPERIENCE,DISTRACTION - FROM INSIDE VEHICLE,0,0,0,0,13,5,10,2241,CALIFORNIA AVE,41.853546,-87.737545,10/29/2020 02:40:00 PM,2020
CR00029001,11/22/2016 04:55:00 PM,25,CLEAR,DAYLIGHT,TURNING,ONE-WAY,TRAFFIC SIGNAL,IMPROPER OVERTAKING/PASSING,UNABLE TO DETERMINE,0,0,1,1,16,3,11,2388,ROOSEVELT RD,41.930171,-87.700586,11/22/2016 05:03:00 PM,2016
CR00029002,04/22/2015 12:23:00 PM,30,CLEAR,DUSK,PARKED MOTOR VEHICLE,ONE-WAY,NO CONTROLS,DISTRACTION - FROM INSIDE VEHICLE,UNABLE TO DETERMINE,0,0,0,0,12,4,4,1037,ROOSEVELT RD,41.832946,-87.672445,04/22/2015 01:04:00 PM,2015
CR00029003,03/10/2021 07:51:00 PM,30,FREEZING RAIN/DRIZZLE,DAYLIGHT,FIXED OBJECT,NOT DIVIDED,NO CONTROLS,UNABLE TO DETERMINE,FAILING TO REDUCE SPEED,0,0,0,0,19,4,3,1771,MICHIGAN AVE,41.829449,-87.732817,03/10/2021 08:10:00 PM,2021
CR00029004,03/26/2021 05:25:00 PM,30,RAIN,DAYLIGHT,REAR END,NOT DIVIDED,UNKNOWN,UNABLE TO DETERMINE,FOLLOWING TOO CLOSELY,0,0,2,2,17,6,3,415,STATE ST,41.992308,-87.533523,03/26/2021 06:25:00 PM,2021
CR00029005,10/18/2024 05:10:00 AM,30,CLEAR,DARKNESS,REAR END,DIVIDED - W/MEDIAN (NOT RAISED),TRAFFIC SIGNAL,IMPROPER OVERTAKING/PASSING,NOT APPLICABLE,0,0,3,3,5,6,10,703,CICERO AVE,41.958223,-87.771727,10/18/2024 05:13:00 AM,2024
CR00029006,05/30/2023 08:50:00 PM,30,CLEAR,DAYLIGHT,REAR END,NOT DIVIDED,NO CONTROLS,UNABLE TO DETERMINE,NOT APPLICABLE,0,0,0,0,20,3,5,753,IRVING PARK RD,41.814662,-87.816136,05/30/2023 09:25:00 PM,2023
CR00029007,01/04/2017 07:29:00 AM,30,RAIN,DARKNESS - LIGHTED ROAD,FIXED OBJECT,NOT DIVIDED,NO CONTROLS,FAILING TO YIELD RIGHT-OF-WAY,NOT APPLICABLE,0,0,0,0,7,4,1,1402,STATE ST,41.853139,-87.65134,01/04/2017 08:58:00 AM,2017
CR00029008,04/06/2022 04:03:00 PM,40,CLEAR,DAYLIGHT,TURNING,NOT DIVIDED,NO CONTROLS,UNABLE TO DETERMINE,FOLLOWING TOO CLOSELY,0,0,1,1,16,4,4,1414,ARCHER AVE,41.910321,-87.618481,04/06/2022 05:13:00 PM,2022
CR00029009,12/25/2024 05:22:00 PM,35,RAIN,DARKNESS,ANGLE,NOT DIVIDED,TRAFFIC SIGNAL,IMPROPER LANE USAGE,FAILING TO YIELD RIGHT-OF-WAY,0,0,0,0,17,4,12,1942,LAKE SHORE DR,41.894924,-87.79796,12/25/2024 05:44:00 PM,2024
CR00029010,12/19/2015 03:18:00 AM,20,RAIN,DARKNESS - LIGHTED ROAD,PARKED MOTOR VEHICLE,DIVIDED - W/MEDIAN (NOT RAISED),UNKNOWN,FAILING TO YIELD RIGHT-OF-WAY,UNABLE TO DETERMINE,0,0,0,0,3,7,12,2058,MILWAUKEE AVE,41.842365,-87.731456,12/19/2015 03:44:00 AM,2015
CR00029011,05/27/2023 08:04:00 PM,30,CLEAR,DUSK,PEDESTRIAN,NOT DIVIDED,TRAFFIC SIGNAL,DRIVING SKILLS/KNOWLEDGE/EXPERIENCE,FAILING TO YIELD RIGHT-OF-WAY,0,2,0,2,20,7,5,2441,CICERO AVE,41.801365,-87.783716,05/27/2023 09:17:00 PM,2023
CR00029012,04/04/2020 05:26:00 AM,20,CLEAR,DAYLIGHT,SIDESWIPE SAME DIRECTION,NOT DIVIDED,STOP SIGN/FLASHER,FOLLOWING TOO CLOSELY,IMPROPER LANE USAGE,0,0,0,0,5,7,4,1924,MICHIGAN AVE,41.999018,-87.611173,04/04/2020 06:56:00 AM,2020
CR00029013,08/06/2020 04:02:00 PM,35,CLEAR,DAYLIGHT,REAR END,FOUR WAY,STOP SIGN/FLASHER,UNABLE TO DETERMINE,UNABLE TO DETERMINE,0,0,0,0,16,5,8,1876,DIVISION ST,41.712696,-87.650075,08/06/2020 05:36:00 PM,2020
CR00029014,06/21/2017 06:41:00 PM,35,CLEAR,DAYLIGHT,FIXED OBJECT,DIVIDED - W/MEDIAN (NOT RAISED),NO CONTROLS,UNABLE TO DETERMINE,IMPROPER OVERTAKING/PASSING,0,0,0,0,18,4,6,2443,47TH ST,41.902599,-87.722319,06/21/2017 08:18:00 PM,2017
CR00029015,12/05/2020 10:46:00 AM,30,CLEAR,DAYLIGHT,ANGLE,DIVIDED - W/MEDIAN BARRIER,STOP SIGN/FLASHER,FAILING TO YIELD RIGHT-OF-WAY,DRIVING SKILLS/KNOWLEDGE/EXPERIENCE,0,0,0,0,10,7,12,797,CLARK ST,41.836232,-87.832025,12/05/2020 11:29:00 AM,2020
CR00029016,10/28/2018 09:39:00 AM,25,CLEAR,DAYLIGHT,REAR TO FRONT,ONE-WAY,NO CONTROLS,FOLLOWING TOO CLOSELY,UNABLE TO DETERMINE,0,0,0,0,9,1,10,1751,DIVISION ST,41.950458,-87.763992,10/28/2018 09:40:00 AM,2018
CR00029017,01/24/2021 04:23:00 AM,15,CLOUDY/OVERCAST,DUSK,REAR END,NOT DIVIDED,TRAFFIC SIGNAL,UNABLE TO DETERMINE,DISREGARDING TRAFFIC SIGNALS,0,0,0,0,4,1,1,393,FULLERTON AVE,41.71369,-87.566844,01/24/2021 06:11:00 AM,2021
CR00029018,05/14/2019 03:10:00 PM,30,CLEAR,DAYLIGHT,PARKED MOTOR VEHICLE,ONE-WAY,NO CONTROLS,UNABLE TO DETERMINE,NOT APPLICABLE,0,0,0,0,15,3,5,451,DAMEN AVE,41.990942,-87.642464,05/14/2019 04:18:00 PM,2019
CR00029019,07/10/2022 04:26:00 AM,35,CLEAR,DARKNESS - LIGHTED ROAD,REAR END,ONE-WAY,TRAFFIC SIGNAL,UNABLE TO DETERMINE,NOT APPLICABLE,0,0,0,0,4,1,7,980,47TH ST,41.87778,-87.639209,07/10/2022 05:50:00 AM,2022
CR00029020,02/14/2022 10:29:00 AM,15,SNOW,DAYLIGHT,TURNING,NOT DIVIDED,TRAFFIC SIGNAL,FAILING TO REDUCE SPEED,FAILING TO REDUCE SPEED,0,0,0,0,10,2,2,683,ASHLAND AVE,41.716614,-87.653116,02/14/2022 11:20:00 AM,2022
CR00029021,10/06/2023 07:54:00 AM,35,CLEAR,DAYLIGHT,REAR END,T-INTERSECTION,UNKNOWN,FAILING TO REDUCE SPEED,FOLLOWING TOO CLOSELY,0,0,0,0,7,6,10,1283,STATE ST,41.908422,-87.767626,10/06/2023 09:29:00 AM,2023
CR00029022,03/13/2015 01:33:00 PM,35,CLEAR,DAYLIGHT,REAR END,ONE-WAY,NO CONTROLS,FAILING TO YIELD RIGHT-OF-WAY,NOT APPLICABLE,0,0,2,2,13,6,3,2010,WESTERN AVE,41.896338,-87.570967,03/13/2015 02:23:00 PM,2015
CR00029023,05/31/2018 02:52:00 PM,30,CLEAR,DUSK,REAR END,DIVIDED - W/MEDIAN (NOT RAISED),NO CONTROLS,FAILING TO YIELD RIGHT-OF-WAY,FAILING TO YIELD RIGHT-OF-WAY,0,0,0,0,14,5,5,438,MILWAUKEE AVE,41.925265,-87.649831,05/31/2018 03:10:00 PM,2018
CR00029024,04/20/2016 10:11:00 AM,25,CLEAR,DUSK,REAR END,NOT DIVIDED,NO CONTROLS,UNABLE TO DETERMINE,UNABLE TO DETERMINE,0,0,0,0,10,4,4,2419,BROADWAY,41.948246,-87.519092,04/20/2016 10:25:00 AM,2016
CR00029025,04/15/2020 04:50:00 AM,30,FOG/SMOKE/HAZE,DARKNESS - LIGHTED ROAD,ANGLE,DIVIDED - W/MEDIAN (NOT RAISED),STOP SIGN/FLASHER,IMPROPER OVERTAKING/PASSING,FAILING TO REDUCE SPEED,0,0,0,0,4,4,4,631,STATE ST,41.757916,-87.633983,04/15/2020 06:49:00 AM,2020
CR00029026,06/26/2019 03:15:00 PM,35,CLOUDY/OVERCAST,DAYLIGHT,REAR END,NOT DIVIDED,STOP SIGN/FLASHER,DRIVING SKILLS/KNOWLEDGE/EXPERIENCE,NOT APPLICABLE,0,0,1,1,15,4,6,1459,WESTERN AVE,41.923915,-87.847367,06/26/2019 03:16:00 PM,2019
CR00029027,11/17/2020 08:23:00 PM,20,CLOUDY/OVERCAST,DARKNESS - LIGHTED ROAD,REAR END,NOT DIVIDED,STOP SIGN/FLASHER,UNABLE TO DETERMINE,IMPROPER LANE USAGE,0,0,0,0,20,3,11,830,ROOSEVELT RD,41.837361,-87.808199,11/17/2020 08:48:00 PM,2020
CR00029028,12/13/2021 06:00:00 PM,45,CLEAR,DARKNESS - LIGHTED ROAD,REAR END,DIVIDED - W/MEDIAN (NOT RAISED),TRAFFIC SIGNAL,IMPROPER OVERTAKING/PASSING,FAILING TO YIELD RIGHT-OF-WAY,0,0,0,0,18,2,12,2425,STATE ST,41.849701,-87.670277,12/13/2021 06:22:00 PM,2021
CR00029029,11/06/2019 01:50:00 PM,40,CLEAR,DAYLIGHT,REAR END,NOT DIVIDED,TRAFFIC SIGNAL,DISTRACTION - FROM INSIDE VEHICLE,IMPROPER OVERTAKING/PASSING,0,0,0,0,13,4,11,534,HALSTED ST,41.966043,-87.769672,11/06/2019 03:07:00 PM,2019
CR00029030,12/10/2020 10:03:00 PM,25,SNOW,DAYLIGHT,REAR END,DIVIDED - W/MEDIAN (NOT RAISED),NO CONTROLS,UNABLE TO DETERMINE,UNABLE TO DETERMINE,0,0,0,0,22,5,12,1476,DIVISION ST,41.796614,-87.840299,12/10/2020 11:10:00 PM,2020
CR00029031,11/18/2019 02:58:00 AM,45,CLEAR,DAYLIGHT,REAR END,NOT DIVIDED,NO CONTROLS,FOLLOWING TOO CLOSELY,UNABLE TO DETERMINE,0,0,0,0,2,2,11,352,HALSTED ST,41.801888,-87.517953,11/18/2019 03:02:00 AM,2019
CR00029032,07/04/2019 03:23:00 PM,40,CLEAR,DAYLIGHT,ANGLE,DIVIDED - W/MEDIAN BARRIER,STOP SIGN/FLASHER,UNABLE TO DETERMINE,FAILING TO REDUCE SPEED,0,0,1,1,15,5,7,667,KEDZIE AVE,41.849669,-87.755068,07/04/2019 03:53:00 PM,2019
CR00029033,11/27/2024 01:39:00 AM,15,CLEAR,DARKNESS,TURNING,NOT DIVIDED,STOP SIGN/FLASHER,IMPROPER LANE USAGE,NOT APPLICABLE,0,0,0,0,1,4,11,1493,ELSTON AVE,41.93474,-87.668972,11/27/2024 03:03:00 AM,2024
CR00029034,05/22/2024 06:07:00 PM,35,CLEAR,DAYLIGHT,REAR END,DIVIDED - W/MEDIAN (NOT RAISED),TRAFFIC SIGNAL,UNABLE TO DETERMINE,WEATHER,0,0,0,0,18,4,5,2353,79TH ST,41.964146,-87.510816,05/22/2024 07:44:00 PM,2024
CR00029035,11/10/2021 11:52:00 AM,40,RAIN,DAWN,ANGLE,NOT DIVIDED,TRAFFIC SIGNAL,FAILING TO YIELD RIGHT-OF-WAY,DISTRACTION - FROM INSIDE VEHICLE,0,0,0,0,11,4,11,1140,STONY ISLAND AVE,41.829072,-87.843473,11/10/2021 12:53:00 PM,2021
CR00029036,03/03/2019 05:33:00 PM,30,SNOW,DARKNESS - LIGHTED ROAD,TURNING,FOUR WAY,NO CONTROLS,UNABLE TO DETERMINE,FOLLOWING TOO CLOSELY,0,0,0,0,17,1,3,491,IRVING PARK RD,41.991443,-87.692366,03/03/2019 07:14:00 PM,2019
CR00029037,12/10/2017 01:45:00 PM,15,CLEAR,DAYLIGHT,REAR TO FRONT,DIVIDED - W/MEDIAN (NOT RAISED),STOP SIGN/FLASHER,FOLLOWING TOO CLOSELY,UNABLE TO DETERMINE,0,0,0,0,13,1,12,1370,DIVISION ST,41.999328,-87.736191,12/10/2017 03:26:00 PM,2017
CR00029038,07/07/2023 10:22:00 AM,45,CLEAR,DARKNESS,REAR END,ONE-WAY,NO CONTROLS,FAILING TO REDUCE SPEED,UNABLE TO DETERMINE,0,0,1,1,10,6,7,1557,KEDZIE AVE,41.76006,-87.825974,07/07/2023 12:09:00 PM,2023
CR00029039,10/01/2017 07:15:00 AM,35,CLEAR,DAYLIGHT,PARKED MOTOR VEHICLE,ONE-WAY,NO CONTROLS,IMPROPER OVERTAKING/PASSING,UNABLE TO DETERMINE,0,0,0,0,7,1,10,1603,STATE ST,41.740286,-87.819847,10/01/2017 08:32:00 AM,2017
CR00029040,12/16/2017 08:35:00 AM,45,RAIN,DARKNESS - LIGHTED ROAD,REAR END,NOT DIVIDED,NO CONTROLS,UNABLE TO DETERMINE,IMPROPER OVERTAKING/PASSING,0,0,0,0,8,7,12,2206,LAKE SHORE DR,41.757114,-87.633615,12/16/2017 10:26:00 AM,2017
CR00029041,11/25/2020 11:02:00 PM,35,SNOW,DAYLIGHT,PARKED MOTOR VEHICLE,NOT DIVIDED,STOP SIGN/FLASHER,DRIVING SKILLS/KNOWLEDGE/EXPERIENCE,FOLLOWING TOO CLOSELY,0,0,2,2,23,4,11,2332,LAKE SHORE DR,41.980344,-87.736047,11/26/2020 12:09:00 AM,2020
CR00029042,12/23/2018 01:00:00 PM,35,FOG/SMOKE/HAZE,DARKNESS,PEDESTRIAN,DIVIDED - W/MEDIAN (NOT RAISED),NO CONTROLS,FAILING TO REDUCE SPEED,UNABLE TO DETERMINE,0,0,0,0,13,1,12,866,WESTERN AVE,41.755669,-87.728128,12/23/2018 02:51:00 PM,2018
CR00029043,05/12/2023 07:03:00 PM,35,CLEAR,DAYLIGHT,SIDESWIPE SAME DIRECTION,DIVIDED - W/MEDIAN BARRIER,YIELD,FOLLOWING TOO CLOSELY,DISTRACTION - FROM INSIDE VEHICLE,0,0,0,0,19,6,5,315,MICHIGAN AVE,41.895027,-87.673374,05/12/2023 07:44:00 PM,2023
CR00029044,04/13/2020 02:23:00 PM,45,CLEAR,DAWN,TURNING,DIVIDED - W/MEDIAN BARRIER,NO CONTROLS,FAILING TO REDUCE SPEED,FAILING TO YIELD RIGHT-OF-WAY,0,0,0,0,14,2,4,2273,MICHIGAN AVE,41.795362,-87.795132,04/13/2020 02:37:00 PM,2020
CR00029045,04/19/2016 05:00:00 PM,45,CLEAR,DAYLIGHT,PARKED MOTOR VEHICLE,NOT DIVIDED,STOP SIGN/FLASHER,IMPROPER LANE USAGE,UNABLE TO DETERMINE,0,0,0,0,17,3,4,2119,LAKE SHORE DR,41.930283,-87.849768,04/19/2016 06:07:00 PM,2016
CR00029046,01/26/2024 04:04:00 PM,30,CLEAR,DAYLIGHT,PEDESTRIAN,DIVIDED - W/MEDIAN (NOT RAISED),NO CONTROLS,DISREGARDING TRAFFIC SIGNALS,IMPROPER OVERTAKING/PASSING,0,0,0,0,16,6,1,1237,79TH ST,41.896608,-87.627983,01/26/2024 05:51:00 PM,2024
CR00029047,10/17/2017 04:23:00 PM,45,CLEAR,DARKNESS - LIGHTED ROAD,REAR END,DIVIDED - W/MEDIAN (NOT RAISED),STOP SIGN/FLASHER,UNABLE TO DETERMINE,UNABLE TO DETERMINE,0,0,0,0,16,3,10,1688,FULLERTON AVE,41.924555,-87.809929,10/17/2017 04:40:00 PM,2017