CRASH_RECORD_ID,CRASH_DATE,POSTED_SPEED_LIMIT,WEATHER_CONDITION,LIGHTING_CONDITION,FIRST_CRASH_TYPE,TRAFFICWAY_TYPE,TRAFFIC_CONTROL_DEVICE,PRIM_CONTRIBUTORY_CAUSE,SEC_CONTRIBUTORY_CAUSE,INJURIES_FATAL,INJURIES_INCAPACITATING,INJURIES_NON_INCAPACITATING,INJURIES_TOTAL,CRASH_HOUR,CRASH_DAY_OF_WEEK,CRASH_MONTH,BEAT_OF_OCCURRENCE,STREET_NAME,LATITUDE,LONGITUDE,DATE_POLICE_NOTIFIED,year
CR00029048,09/23/2015 03:05:00 PM,25,CLEAR,DAYLIGHT,ANGLE,NOT DIVIDED,NO CONTROLS,FAILING TO REDUCE SPEED,IMPROPER OVERTAKING/PASSING,0,0,0,0,15,4,9,2126,47TH ST,41.795419,-87.810825,09/23/2015 04:27:00 PM,2015
CR00029049,05/18/2020 08:57:00 AM,35,CLEAR,DAYLIGHT,REAR END,ONE-WAY,NO CONTROLS,FAILING TO REDUCE SPEED,UNABLE TO DETERMINE,0,0,0,0,8,2,5,1173,63RD ST,41.996074,-87.621479,05/18/2020 09:09:00 AM,2020
CR00029050,02/20/2017 11:14:00 PM,30,RAIN,DAYLIGHT,PARKED MOTOR VEHICLE,DIVIDED - W/MEDIAN (NOT RAISED),NO CONTROLS,UNABLE TO DETERMINE,FOLLOWING TOO CLOSELY,0,0,0,0,23,2,2,562,IRVING PARK RD,41.859126,-87.664686,02/21/2017 12:15:00 AM,2017
CR00029051,12/16/2023 07:47:00 AM,30,CLEAR,DUSK,REAR END,FOUR WAY,NO CONTROLS,FAILING TO YIELD RIGHT-OF-WAY,UNABLE TO DETERMINE,0,0,0,0,7,7,12,1991,OGDEN AVE,41.889693,-87.524842,12/16/2023 08:45:00 AM,2023
CR00029052,11/29/2016 12:46:00 AM,30,CLOUDY/OVERCAST,DARKNESS - LIGHTED ROAD,ANGLE,DIVIDED - W/MEDIAN (NOT RAISED),TRAFFIC SIGNAL,UNABLE TO DETERMINE,DISTRACTION - FROM INSIDE VEHICLE,0,0,0,0,0,3,11,2461,IRVING PARK RD,41.756611,-87.671328,11/29/2016 01:23:00 AM,2016
CR00029053,11/23/2017 07:16:00 PM,40,CLEAR,DARKNESS - LIGHTED ROAD,SIDESWIPE SAME DIRECTION,DIVIDED - W/MEDIAN (NOT RAISED),NO CONTROLS,WEATHER,FAILING TO REDUCE SPEED,0,0,1,1,19,5,11,661,CLARK ST,41.928199,-87.755865,11/23/2017 08:02:00 PM,2017
CR00029054,10/15/2022 08:35:00 PM,30,CLOUDY/OVERCAST,DARKNESS - LIGHTED ROAD,TURNING,NOT DIVIDED,NO CONTROLS,FAILING TO YIELD RIGHT-OF-WAY,UNABLE TO DETERMINE,0,0,0,0,20,7,10,2303,KEDZIE AVE,41.813543,-87.681367,10/15/2022 09:51:00 PM,2022
CR00029055,11/03/2022 04:49:00 PM,25,RAIN,DAYLIGHT,TURNING,NOT DIVIDED,UNKNOWN,DISTRACTION - FROM INSIDE VEHICLE,DISREGARDING TRAFFIC SIGNALS,0,0,0,0,16,5,11,101,DAMEN AVE,41.77186,-87.704829,11/03/2022 06:13:00 PM,2022
CR00029056,05/12/2022 07:18:00 AM,30,CLEAR,DAYLIGHT,REAR END,NOT DIVIDED,TRAFFIC SIGNAL,FOLLOWING TOO CLOSELY,DISREGARDING TRAFFIC SIGNALS,0,0,0,0,7,5,5,292,63RD ST,41.930836,-87.541122,05/12/2022 08:17:00 AM,2022
CR00029057,11/04/2023 08:05:00 AM,30,CLEAR,DAYLIGHT,SIDESWIPE SAME DIRECTION,NOT DIVIDED,TRAFFIC SIGNAL,FOLLOWING TOO CLOSELY,DISTRACTION - FROM INSIDE VEHICLE,0,0,0,0,8,7,11,2380,OGDEN AVE,41.891368,-87.707315,11/04/2023 09:30:00 AM,2023
CR00029058,03/02/2016 11:48:00 AM,30,CLEAR,DARKNESS - LIGHTED ROAD,ANGLE,NOT DIVIDED,TRAFFIC SIGNAL,DRIVING SKILLS/KNOWLEDGE/EXPERIENCE,UNABLE TO DETERMINE,0,0,0,0,11,4,3,2534,DIVISION ST,41.730944,-87.769622,03/02/2016 12:54:00 PM,2016
CR00029059,09/16/2021 03:33:00 PM,35,SNOW,DARKNESS - LIGHTED ROAD,REAR END,DIVIDED - W/MEDIAN (NOT RAISED),TRAFFIC SIGNAL,DISREGARDING TRAFFIC SIGNALS,UNABLE TO DETERMINE,0,1,1,2,15,5,9,1148,STATE ST,41.754071,-87.72699,09/16/2021 03:41:00 PM,2021
CR00029060,11/25/2018 07:35:00 AM,25,CLEAR,DARKNESS - LIGHTED ROAD,TURNING,ONE-WAY,UNKNOWN,UNABLE TO DETERMINE,DRIVING SKILLS/KNOWLEDGE/EXPERIENCE,0,0,0,0,7,1,11,1292,HALSTED ST,41.740521,-87.610705,11/25/2018 08:05:00 AM,2018
CR00029061,05/04/2015 01:19:00 PM,30,SNOW,DAYLIGHT,ANGLE,NOT DIVIDED,TRAFFIC SIGNAL,FOLLOWING TOO CLOSELY,NOT APPLICABLE,0,0,0,0,13,2,5,1131,BROADWAY,41.83371,-87.809601,05/04/2015 01:24:00 PM,2015
CR00029062,06/21/2018 05:35:00 PM,30,FREEZING RAIN/DRIZZLE,DARKNESS - LIGHTED ROAD,SIDESWIPE SAME DIRECTION,ONE-WAY,NO CONTROLS,FOLLOWING TOO CLOSELY,UNABLE TO DETERMINE,0,0,0,0,17,5,6,679,KEDZIE AVE,41.782766,-87.754104,06/21/2018 06:29:00 PM,2018
CR00029063,03/29/2024 02:34:00 PM,15,FREEZING RAIN/DRIZZLE,DAYLIGHT,REAR END,DIVIDED - W/MEDIAN (NOT RAISED),YIELD,DRIVING SKILLS/KNOWLEDGE/EXPERIENCE,UNABLE TO DETERMINE,0,0,0,0,14,6,3,1632,CICERO AVE,41.768422,-87.762702,03/29/2024 04:20:00 PM,2024
CR00029064,04/02/2018 06:03:00 PM,30,CLEAR,DAYLIGHT,SIDESWIPE SAME DIRECTION,NOT DIVIDED,TRAFFIC SIGNAL,DRIVING SKILLS/KNOWLEDGE/EXPERIENCE,FOLLOWING TOO CLOSELY,0,0,3,3,18,2,4,2513,PULASKI RD,41.958424,-87.815133,04/02/2018 06:37:00 PM,2018
CR00029065,11/23/2022 07:10:00 AM,45,CLEAR,DAYLIGHT,REAR END,NOT DIVIDED,TRAFFIC SIGNAL,DISREGARDING TRAFFIC SIGNALS,NOT APPLICABLE,0,0,0,0,7,4,11,607,STATE ST,41.794886,-87.616525,11/23/2022 09:04:00 AM,2022
CR00029066,05/01/2020 02:16:00 PM,35,FREEZING RAIN/DRIZZLE,DAYLIGHT,PARKED MOTOR VEHICLE,NOT DIVIDED,NO CONTROLS,FOLLOWING TOO CLOSELY,UNABLE TO DETERMINE,0,0,0,0,14,6,5,602,CICERO AVE,41.796325,-87.773081,05/01/2020 03:25:00 PM,2020
CR00029067,06/05/2022 06:37:00 PM,15,CLOUDY/OVERCAST,DARKNESS - LIGHTED ROAD,SIDESWIPE SAME DIRECTION,DIVIDED - W/MEDIAN (NOT RAISED),NO CONTROLS,UNABLE TO DETERMINE,NOT APPLICABLE,0,0,0,0,18,1,6,961,OGDEN AVE,41.758103,-87.626361,06/05/2022 07:40:00 PM,2022
CR00029068,04/25/2017 04:59:00 PM,30,CLEAR,DAYLIGHT,TURNING,DIVIDED - W/MEDIAN (NOT RAISED),TRAFFIC SIGNAL,FAILING TO YIELD RIGHT-OF-WAY,UNABLE TO DETERMINE,0,0,0,0,16,3,4,2090,47TH ST,41.953085,-87.755588,04/25/2017 06:36:00 PM,2017
CR00029069,06/22/2022 08:10:00 PM,35,CLEAR,DARKNESS,REAR END,NOT DIVIDED,STOP SIGN/FLASHER,DRIVING SKILLS/KNOWLEDGE/EXPERIENCE,NOT APPLICABLE,0,0,0,0,20,4,6,152,DIVISION ST,41.85634,-87.670147,06/22/2022 08:56:00 PM,2022
CR00029070,02/01/2021 05:28:00 PM,30,RAIN,DAYLIGHT,SIDESWIPE SAME DIRECTION,NOT DIVIDED,TRAFFIC SIGNAL,FOLLOWING TOO CLOSELY,NOT APPLICABLE,0,0,0,0,17,2,2,771,MICHIGAN AVE,41.98206,-87.772758,02/01/2021 07:19:00 PM,2021
CR00029071,01/31/2015 06:36:00 PM,30,CLEAR,DAYLIGHT,REAR END,NOT DIVIDED,STOP SIGN/FLASHER,FOLLOWING TOO CLOSELY,DISTRACTION - FROM INSIDE VEHICLE,0,0,0,0,18,7,1,742,IRVING PARK RD,41.918617,-87.729459,01/31/2015 08:33:00 PM,2015
CR00029072,03/21/2015 12:46:00 PM,35,CLEAR,DARKNESS - LIGHTED ROAD,FIXED OBJECT,T-INTERSECTION,TRAFFIC SIGNAL,IMPROPER OVERTAKING/PASSING,FOLLOWING TOO CLOSELY,0,0,0,0,12,7,3,1028,ROOSEVELT RD,41.931008,-87.748266,03/21/2015 01:15:00 PM,2015
CR00029073,04/19/2016 05:53:00 PM,30,FOG/SMOKE/HAZE,DARKNESS,REAR END,DIVIDED - W/MEDIAN (NOT RAISED),NO CONTROLS,FOLLOWING TOO CLOSELY,DISREGARDING TRAFFIC SIGNALS,0,0,0,0,17,3,4,2444,OGDEN AVE,41.886437,-87.798021,04/19/2016 06:14:00 PM,2016
CR00029074,01/03/2024 03:23:00 PM,40,CLEAR,DARKNESS - LIGHTED ROAD,ANGLE,DIVIDED - W/MEDIAN (NOT RAISED),NO CONTROLS,UNABLE TO DETERMINE,FAILING TO YIELD RIGHT-OF-WAY,0,0,1,1,15,4,1,441,HALSTED ST,41.855883,-87.790406,01/03/2024 03:58:00 PM,2024
CR00029075,01/26/2020 08:47:00 PM,30,RAIN,DARKNESS - LIGHTED ROAD,PEDESTRIAN,DIVIDED - W/MEDIAN BARRIER,NO CONTROLS,UNABLE TO DETERMINE,DRIVING SKILLS/KNOWLEDGE/EXPERIENCE,0,0,0,0,20,1,1,1489,CICERO AVE,41.790749,-87.510553,01/26/2020 10:36:00 PM,2020
CR00029076,02/04/2022 08:23:00 AM,45,CLEAR,DAYLIGHT,PARKED MOTOR VEHICLE,NOT DIVIDED,YIELD,UNABLE TO DETERMINE,DISTRACTION - FROM INSIDE VEHICLE,0,0,0,0,8,6,2,848,CALIFORNIA AVE,41.795695,-87.842375,02/04/2022 08:54:00 AM,2022
CR00029077,04/30/2022 05:23:00 AM,15,CLOUDY/OVERCAST,DAYLIGHT,REAR END,FOUR WAY,TRAFFIC SIGNAL,DRIVING SKILLS/KNOWLEDGE/EXPERIENCE,UNABLE TO DETERMINE,0,0,3,3,5,7,4,2357,HALSTED ST,41.99065,-87.62685,04/30/2022 06:10:00 AM,2022
CR00029078,08/10/2020 11:19:00 PM,35,CLOUDY/OVERCAST,DARKNESS,REAR TO FRONT,DIVIDED - W/MEDIAN (NOT RAISED),STOP SIGN/FLASHER,FAILING TO YIELD RIGHT-OF-WAY,IMPROPER LANE USAGE,0,0,0,0,23,2,8,1838,CLARK ST,41.852118,-87.777046,08/11/2020 12:23:00 AM,2020
CR00029079,08/22/2016 05:07:00 PM,45,CLEAR,DAYLIGHT,ANGLE,NOT DIVIDED,STOP SIGN/FLASHER,FOLLOWING TOO CLOSELY,UNABLE TO DETERMINE,0,0,0,0,17,2,8,820,KEDZIE AVE,41.949255,-87.782335,08/22/2016 05:14:00 PM,2016
CR00029080,03/25/2024 09:11:00 AM,20,SNOW,DAYLIGHT,TURNING,NOT DIVIDED,NO CONTROLS,FOLLOWING TOO CLOSELY,NOT APPLICABLE,0,0,0,0,9,2,3,131,LAKE SHORE DR,41.918592,-87.789467,03/25/2024 10:28:00 AM,2024
CR00029081,08/12/2016 07:57:00 AM,15,CLEAR,DAYLIGHT,SIDESWIPE SAME DIRECTION,NOT DIVIDED,STOP SIGN/FLASHER,FAILING TO YIELD RIGHT-OF-WAY,UNABLE TO DETERMINE,0,0,0,0,7,6,8,1631,FULLERTON AVE,41.709182,-87.816509,08/12/2016 09:25:00 AM,2016
CR00029082,11/27/2021 02:32:00 AM,30,CLEAR,DAYLIGHT,REAR END,DIVIDED - W/MEDIAN BARRIER,NO CONTROLS,FAILING TO YIELD RIGHT-OF-WAY,FOLLOWING TOO CLOSELY,0,0,0,0,2,7,11,1474,WESTERN AVE,41.754867,-87.705306,11/27/2021 03:44:00 AM,2021
CR00029083,12/28/2021 03:03:00 PM,15,CLEAR,DAYLIGHT,TURNING,ONE-WAY,NO CONTROLS,DISREGARDING TRAFFIC SIGNALS,IMPROPER OVERTAKING/PASSING,0,0,3,3,15,3,12,573,ARCHER AVE,41.904325,-87.743481,12/28/2021 04:32:00 PM,2021
CR00029084,01/11/2020 03:18:00 AM,30,CLOUDY/OVERCAST,DAYLIGHT,REAR END,DIVIDED - W/MEDIAN BARRIER,TRAFFIC SIGNAL,UNABLE TO DETERMINE,FAILING TO REDUCE SPEED,0,0,0,0,3,7,1,883,CALIFORNIA AVE,41.782953,-87.751918,01/11/2020 04:47:00 AM,2020
CR00029085,01/28/2021 07:02:00 PM,30,CLEAR,DARKNESS - LIGHTED ROAD,ANGLE,NOT DIVIDED,NO CONTROLS,DRIVING SKILLS/KNOWLEDGE/EXPERIENCE,UNABLE TO DETERMINE,0,0,1,1,19,5,1,1649,ARCHER AVE,41.846074,-87.761073,01/28/2021 07:45:00 PM,2021
CR00029086,12/30/2019 10:48:00 AM,40,CLEAR,DAYLIGHT,TURNING,NOT DIVIDED,TRAFFIC SIGNAL,FOLLOWING TOO CLOSELY,UNABLE TO DETERMINE,0,0,0,0,10,2,12,1705,CALIFORNIA AVE,41.70145,-87.678145,12/30/2019 11:16:00 AM,2019
CR00029087,04/30/2016 12:23:00 PM,30,CLEAR,DARKNESS - LIGHTED ROAD,REAR END,NOT DIVIDED,NO CONTROLS,UNABLE TO DETERMINE,FAILING TO YIELD RIGHT-OF-WAY,0,0,0,0,12,7,4,2184,ELSTON AVE,41.792873,-87.746213,04/30/2016 12:53:00 PM,2016
CR00029088,04/09/2016 04:53:00 PM,35,RAIN,DARKNESS - LIGHTED ROAD,FIXED OBJECT,NOT DIVIDED,UNKNOWN,FAILING TO YIELD RIGHT-OF-WAY,WEATHER,0,0,0,0,16,7,4,1335,LAKE SHORE DR,41.779109,-87.708654,04/09/2016 06:44:00 PM,2016
CR00029089,08/13/2016 09:50:00 AM,35,CLEAR,DAYLIGHT,TURNING,ONE-WAY,NO CONTROLS,UNABLE TO DETERMINE,IMPROPER LANE USAGE,0,0,0,0,9,7,8,911,CALIFORNIA AVE,41.805736,-87.541364,08/13/2016 10:27:00 AM,2016
CR00029090,05/28/2015 06:46:00 PM,20,CLOUDY/OVERCAST,DAYLIGHT,ANGLE,NOT DIVIDED,STOP SIGN/FLASHER,IMPROPER LANE USAGE,DRIVING SKILLS/KNOWLEDGE/EXPERIENCE,0,0,0,0,18,5,5,1520,MICHIGAN AVE,41.800355,-87.550663,05/28/2015 07:09:00 PM,2015
CR00029091,09/18/2023 12:31:00 AM,30,CLOUDY/OVERCAST,DUSK,REAR END,DIVIDED - W/MEDIAN BARRIER,NO CONTROLS,FOLLOWING TOO CLOSELY,UNABLE TO DETERMINE,0,0,0,0,0,2,9,941,LAKE SHORE DR,41.895995,-87.60595,09/18/2023 01:06:00 AM,2023
CR00029092,01/21/2022 08:38:00 PM,30,CLEAR,DARKNESS - LIGHTED ROAD,ANGLE,NOT DIVIDED,NO CONTROLS,FAILING TO YIELD RIGHT-OF-WAY,DRIVING SKILLS/KNOWLEDGE/EXPERIENCE,0,0,0,0,20,6,1,2131,ASHLAND AVE,41.899484,-87.547735,01/21/2022 09:52:00 PM,2022
CR00029093,11/16/2017 10:33:00 AM,30,CLEAR,DAYLIGHT,SIDESWIPE SAME DIRECTION,ONE-WAY,TRAFFIC SIGNAL,DISREGARDING TRAFFIC SIGNALS,IMPROPER OVERTAKING/PASSING,0,0,0,0,10,5,11,734,ROOSEVELT RD,41.975663,-87.751188,11/16/2017 12:09:00 PM,2017
CR00029094,01/22/2015 03:11:00 PM,40,CLOUDY/OVERCAST,DAYLIGHT,REAR TO FRONT,DIVIDED - W/MEDIAN BARRIER,NO CONTROLS,DRIVING SKILLS/KNOWLEDGE/EXPERIENCE,UNABLE TO DETERMINE,0,0,0,0,15,5,1,914,PULASKI RD,41.82915,-87.60738,01/22/2015 03:48:00 PM,2015
CR00029095,07/10/2018 04:20:00 PM,25,SNOW,DAYLIGHT,FIXED OBJECT,NOT DIVIDED,TRAFFIC SIGNAL,FAILING TO YIELD RIGHT-OF-WAY,WEATHER,0,0,0,0,16,3,7,2413,63RD ST,41.986908,-87.564379,07/10/2018 05:25:00 PM,2018
CR00029096,06/12/2020 11:21:00 AM,30,CLEAR,DARKNESS,TURNING,DIVIDED - W/MEDIAN (NOT RAISED),TRAFFIC SIGNAL,FOLLOWING TOO CLOSELY,DISREGARDING TRAFFIC SIGNALS,0,1,2,3,11,6,6,2249,ELSTON AVE,41.99932,-87.737283,06/12/2020 12:28:00 PM,2020
CR00029097,02/08/2016 12:38:00 PM,35,SNOW,DARKNESS - LIGHTED ROAD,REAR END,DIVIDED - W/MEDIAN (NOT RAISED),NO CONTROLS,UNABLE TO DETERMINE,DRIVING SKILLS/KNOWLEDGE/EXPERIENCE,0,0,0,0,12,2,2,1230,PULASKI RD,41.931685,-87.835315,02/08/2016 01:41:00 PM,2016
CR00029098,04/13/2021 02:51:00 AM,35,RAIN,DAYLIGHT,ANGLE,ONE-WAY,TRAFFIC SIGNAL,FOLLOWING TOO CLOSELY,FOLLOWING TOO CLOSELY,0,0,0,0,2,3,4,2133,DIVISION ST,41.865132,-87.707753,04/13/2021 03:32:00 AM,2021
CR00029099,08/19/2016 06:41:00 PM,20,CLEAR,DARKNESS - LIGHTED ROAD,REAR END,DIVIDED - W/MEDIAN (NOT RAISED),TRAFFIC SIGNAL,DRIVING SKILLS/KNOWLEDGE/EXPERIENCE,UNABLE TO DETERMINE,0,0,0,0,18,6,8,2000,FULLERTON AVE,41.89548,-87.843591,08/19/2016 08:37:00 PM,2016
CR00029100,01/21/2023 08:17:00 PM,25,CLEAR,DAYLIGHT,SIDESWIPE SAME DIRECTION,NOT DIVIDED,TRAFFIC SIGNAL,FOLLOWING TOO CLOSELY,FOLLOWING TOO CLOSELY,0,0,0,0,20,7,1,2490,BROADWAY,41.91317,-87.621157,01/21/2023 08:39:00 PM,2023
CR00029101,12/30/2020 06:25:00 PM,30,CLEAR,DAYLIGHT,SIDESWIPE SAME DIRECTION,NOT DIVIDED,NO CONTROLS,FOLLOWING TOO CLOSELY,IMPROPER LANE USAGE,0,1,1,2,18,4,12,497,FULLERTON AVE,41.806431,-87.811377,12/30/2020 06:34:00 PM,2020
CR00029102,06/24/2024 08:35:00 PM,15,CLEAR,DAYLIGHT,REAR END,NOT DIVIDED,TRAFFIC SIGNAL,WEATHER,DISREGARDING TRAFFIC SIGNALS,0,0,1,1,20,2,6,155,ARCHER AVE,41.956121,-87.508986,06/24/2024 09:23:00 PM,2024
CR00029103,11/09/2021 03:29:00 PM,25,CLEAR,DAYLIGHT,REAR END,NOT DIVIDED,NO CONTROLS,UNABLE TO DETERMINE,DISTRACTION - FROM INSIDE VEHICLE,0,0,0,0,15,3,11,2415,ELSTON AVE,41.803181,-87.72756,11/09/2021 03:46:00 PM,2021
CR00029104,09/21/2019 02:21:00 PM,20,FREEZING RAIN/DRIZZLE,DAYLIGHT,FIXED OBJECT,NOT DIVIDED,TRAFFIC SIGNAL,DISTRACTION - FROM INSIDE VEHICLE,IMPROPER OVERTAKING/PASSING,0,0,0,0,14,7,9,624,WESTERN AVE,41.987941,-87.551733,09/21/2019 03:12:00 PM,2019
CR00029105,03/28/2016 02:05:00 PM,30,CLEAR,DARKNESS,REAR TO FRONT,DIVIDED - W/MEDIAN (NOT RAISED),TRAFFIC SIGNAL,WEATHER,NOT APPLICABLE,0,0,0,0,14,2,3,813,63RD ST,41.923626,-87.756818,03/28/2016 03:43:00 PM,2016
CR00029106,10/21/2019 11:50:00 PM,20,CLEAR,DARKNESS - LIGHTED ROAD,FIXED OBJECT,DIVIDED - W/MEDIAN BARRIER,NO CONTROLS,DRIVING SKILLS/KNOWLEDGE/EXPERIENCE,UNABLE TO DETERMINE,0,0,0,0,23,2,10,2037,DIVISION ST,41.875308,-87.64309,10/22/2019 01:44:00 AM,2019
CR00029107,10/17/2018 01:42:00 PM,30,SNOW,DAYLIGHT,REAR END,DIVIDED - W/MEDIAN (NOT RAISED),NO CONTROLS,FOLLOWING TOO CLOSELY,FOLLOWING TOO CLOSELY,0,0,0,0,13,4,10,1717,KEDZIE AVE,41.920442,-87.724836,10/17/2018 03:09:00 PM,2018
CR00029108,10/06/2020 10:55:00 PM,35,CLEAR,DARKNESS,SIDESWIPE SAME DIRECTION,FOUR WAY,STOP SIGN/FLASHER,DRIVING SKILLS/KNOWLEDGE/EXPERIENCE,FAILING TO REDUCE SPEED,0,0,0,0,22,3,10,1465,DAMEN AVE,41.931479,-87.807434,10/07/2020 12:11:00 AM,2020
CR00029109,07/16/2017 10:43:00 PM,20,CLEAR,DARKNESS,REAR END,NOT DIVIDED,NO CONTROLS,IMPROPER OVERTAKING/PASSING,UNABLE TO DETERMINE,0,0,0,0,22,1,7,1968,MILWAUKEE AVE,41.740041,-87.681009,07/16/2017 10:55:00 PM,2017
CR00029110,01/31/2018 02:56:00 PM,35,CLEAR,DAYLIGHT,REAR TO FRONT,ONE-WAY,STOP SIGN/FLASHER,FAILING TO YIELD RIGHT-OF-WAY,FAILING TO REDUCE SPEED,0,0,0,0,14,4,1,1523,ELSTON AVE,41.797089,-87.800318,01/31/2018 03:20:00 PM,2018
CR00029111,05/28/2022 07:41:00 PM,20,RAIN,DAYLIGHT,TURNING,NOT DIVIDED,YIELD,UNABLE TO DETERMINE,FOLLOWING TOO CLOSELY,0,0,0,0,19,7,5,364,IRVING PARK RD,41.924764,-87.746329,05/28/2022 09:35:00 PM,2022
CR00029112,12/30/2021 07:25:00 PM,25,CLEAR,DAYLIGHT,REAR END,NOT DIVIDED,TRAFFIC SIGNAL,DRIVING SKILLS/KNOWLEDGE/EXPERIENCE,UNABLE TO DETERMINE,0,0,0,0,19,5,12,946,BROADWAY,41.703171,-87.569373,12/30/2021 08:21:00 PM,2021
CR00029113,06/12/2016 10:06:00 AM,30,CLOUDY/OVERCAST,DAYLIGHT,PARKED MOTOR VEHICLE,FOUR WAY,NO CONTROLS,FAILING TO YIELD RIGHT-OF-WAY,NOT APPLICABLE,0,0,0,0,10,1,6,628,HALSTED ST,41.774218,-87.759117,06/12/2016 11:26:00 AM,2016
CR00029114,05/25/2022 06:22:00 PM,35,CLOUDY/OVERCAST,DUSK,SIDESWIPE SAME DIRECTION,ONE-WAY,NO CONTROLS,UNABLE TO DETERMINE,FOLLOWING TOO CLOSELY,0,0,2,2,18,4,5,921,WESTERN AVE,41.740868,-87.722036,05/25/2022 07:05:00 PM,2022
CR00029115,03/21/2017 08:42:00 AM,40,SNOW,DAYLIGHT,REAR TO FRONT,NOT DIVIDED,NO CONTROLS,DISTRACTION - FROM INSIDE VEHICLE,FAILING TO REDUCE SPEED,0,0,1,1,8,3,3,1349,DAMEN AVE,41.927721,-87.536678,03/21/2017 09:34:00 AM,2017
CR00029116,02/01/2017 01:28:00 AM,35,CLEAR,DAYLIGHT,REAR END,DIVIDED - W/MEDIAN (NOT RAISED),NO CONTROLS,FAILING TO REDUCE SPEED,FOLLOWING TOO CLOSELY,0,0,0,0,1,4,2,468,KEDZIE AVE,41.921567,-87.758665,02/01/2017 01:35:00 AM,2017
CR00029117,07/29/2024 09:24:00 AM,35,CLEAR,DAYLIGHT,TURNING,DIVIDED - W/MEDIAN (NOT RAISED),TRAFFIC SIGNAL,DISTRACTION - FROM INSIDE VEHICLE,FOLLOWING TOO CLOSELY,0,0,0,0,9,2,7,1761,BROADWAY,41.949564,-87.652486,07/29/2024 11:06:00 AM,2024
CR00029118,03/22/2021 05:12:00 PM,45,CLEAR,DAYLIGHT,ANGLE,ONE-WAY,NO CONTROLS,UNABLE TO DETERMINE,IMPROPER LANE USAGE,0,0,1,1,17,2,3,1899,LAKE SHORE DR,41.807285,-87.832024,03/22/2021 06:18:00 PM,2021
CR00029119,07/12/2021 12:38:00 PM,20,RAIN,DAYLIGHT,TURNING,ONE-WAY,YIELD,FAILING TO YIELD RIGHT-OF-WAY,DISTRACTION - FROM INSIDE VEHICLE,0,0,0,0,12,2,7,889,ELSTON AVE,41.828435,-87.624025,07/12/2021 01:01:00 PM,2021
CR00029120,08/08/2018 08:08:00 PM,25,CLEAR,DAYLIGHT,PARKED MOTOR VEHICLE,NOT DIVIDED,UNKNOWN,UNABLE TO DETERMINE,IMPROPER OVERTAKING/PASSING,0,0,0,0,20,4,8,2525,CICERO AVE,41.86422,-87.786112,08/08/2018 09:25:00 PM,2018
CR00029121,09/11/2020 06:26:00 PM,35,CLEAR,DAYLIGHT,ANGLE,NOT DIVIDED,TRAFFIC SIGNAL,UNABLE TO DETERMINE,DISTRACTION - FROM INSIDE VEHICLE,0,0,0,0,18,6,9,1215,KEDZIE AVE,41.730449,-87.808178,09/11/2020 06:57:00 PM,2020
CR00029122,07/18/2021 11:45:00 AM,30,CLEAR,DAYLIGHT,REAR END,NOT DIVIDED,STOP SIGN/FLASHER,FOLLOWING TOO CLOSELY,WEATHER,0,0,0,0,11,1,7,398,WESTERN AVE,41.874497,-87.745224,07/18/2021 11:49:00 AM,2021
CR00029123,07/08/2021 04:34:00 PM,20,CLEAR,DARKNESS - LIGHTED ROAD,TURNING,NOT DIVIDED,NO CONTROLS,UNABLE TO DETERMINE,FAILING TO YIELD RIGHT-OF-WAY,0,0,0,0,16,5,7,474,LAKE SHORE DR,41.817921,-87.674555,07/08/2021 05:00:00 PM,2021
CR00029124,06/23/2018 05:46:00 PM,15,CLEAR,DAYLIGHT,REAR END,ONE-WAY,TRAFFIC SIGNAL,DRIVING SKILLS/KNOWLEDGE/EXPERIENCE,UNABLE TO DETERMINE,0,0,0,0,17,7,6,1842,PULASKI RD,41.801203,-87.801446,06/23/2018 07:01:00 PM,2018
CR00029125,10/05/2017 05:56:00 PM,30,CLEAR,DARKNESS - LIGHTED ROAD,PARKED MOTOR VEHICLE,NOT DIVIDED,TRAFFIC SIGNAL,DISTRACTION - FROM INSIDE VEHICLE,FAILING TO YIELD RIGHT-OF-WAY,0,0,0,0,17,5,10,2015,79TH ST,41.917917,-87.601778,10/05/2017 07:37:00 PM,2017
CR00029126,11/22/2020 08:03:00 AM,30,SNOW,DAYLIGHT,REAR END,DIVIDED - W/MEDIAN (NOT RAISED),TRAFFIC SIGNAL,DRIVING SKILLS/KNOWLEDGE/EXPERIENCE,UNABLE TO DETERMINE,0,0,0,0,8,1,11,1475,ELSTON AVE,41.801517,-87.680858,11/22/2020 08:51:00 AM,2020
CR00029127,12/02/2022 06:50:00 PM,30,CLEAR,DAYLIGHT,TURNING,DIVIDED - W/MEDIAN (NOT RAISED),UNKNOWN,FOLLOWING TOO CLOSELY,IMPROPER OVERTAKING/PASSING,0,0,0,0,18,6,12,607,47TH ST,41.716284,-87.798527,12/02/2022 07:55:00 PM,2022
CR00029128,12/10/2018 07:18:00 PM,35,RAIN,DAYLIGHT,REAR TO FRONT,FOUR WAY,TRAFFIC SIGNAL,DISTRACTION - FROM INSIDE VEHICLE,DRIVING SKILLS/KNOWLEDGE/EXPERIENCE,0,0,0,0,19,2,12,564,WESTERN AVE,41.869825,-87.540846,12/10/2018 07:45:00 PM,2018
CR00029129,03/23/2018 04:02:00 PM,35,CLEAR,DAYLIGHT,REAR END,NOT DIVIDED,TRAFFIC SIGNAL,FOLLOWING TOO CLOSELY,FOLLOWING TOO CLOSELY,0,0,1,1,16,6,3,2480,47TH ST,41.76918,-87.726467,03/23/2018 04:33:00 PM,2018