CRASH_RECORD_ID,CRASH_DATE,POSTED_SPEED_LIMIT,WEATHER_CONDITION,LIGHTING_CONDITION,FIRST_CRASH_TYPE,TRAFFICWAY_TYPE,TRAFFIC_CONTROL_DEVICE,PRIM_CONTRIBUTORY_CAUSE,SEC_CONTRIBUTORY_CAUSE,INJURIES_FATAL,INJURIES_INCAPACITATING,INJURIES_NON_INCAPACITATING,INJURIES_TOTAL,CRASH_HOUR,CRASH_DAY_OF_WEEK,CRASH_MONTH,BEAT_OF_OCCURRENCE,STREET_NAME,LATITUDE,LONGITUDE,DATE_POLICE_NOTIFIED,year
CR00029130,11/01/2015 04:45:00 PM,45,CLEAR,DAYLIGHT,ANGLE,ONE-WAY,NO CONTROLS,DISTRACTION - FROM INSIDE VEHICLE,UNABLE TO DETERMINE,0,0,0,0,16,1,11,2118,DIVISION ST,41.781253,-87.593006,11/01/2015 06:29:00 PM,2015
CR00029131,05/19/2019 02:21:00 PM,35,CLEAR,DARKNESS - LIGHTED ROAD,ANGLE,T-INTERSECTION,STOP SIGN/FLASHER,UNABLE TO DETERMINE,DISREGARDING TRAFFIC SIGNALS,0,0,2,2,14,1,5,358,CICERO AVE,41.741522,-87.503524,05/19/2019 04:06:00 PM,2019
CR00029132,07/28/2020 04:34:00 PM,35,CLEAR,DARKNESS - LIGHTED ROAD,SIDESWIPE SAME DIRECTION,NOT DIVIDED,STOP SIGN/FLASHER,UNABLE TO DETERMINE,DRIVING SKILLS/KNOWLEDGE/EXPERIENCE,0,0,1,1,16,3,7,2515,ROOSEVELT RD,41.906586,-87.58923,07/28/2020 05:28:00 PM,2020
CR00029133,08/24/2021 06:58:00 PM,40,FOG/SMOKE/HAZE,DAYLIGHT,REAR TO FRONT,NOT DIVIDED,TRAFFIC SIGNAL,IMPROPER LANE USAGE,UNABLE TO DETERMINE,0,0,0,0,18,3,8,224,ARCHER AVE,41.992229,-87.698625,08/24/2021 07:55:00 PM,2021
CR00029134,08/12/2022 06:58:00 PM,35,CLEAR,DARKNESS - LIGHTED ROAD,FIXED OBJECT,ONE-WAY,STOP SIGN/FLASHER,UNABLE TO DETERMINE,UNABLE TO DETERMINE,0,0,1,1,18,6,8,1044,DAMEN AVE,41.82744,-87.680007,08/12/2022 07:42:00 PM,2022
CR00029135,02/21/2024 07:24:00 AM,30,CLEAR,DAYLIGHT,REAR END,FOUR WAY,TRAFFIC SIGNAL,IMPROPER OVERTAKING/PASSING,WEATHER,0,0,0,0,7,4,2,1331,MILWAUKEE AVE,41.742237,-87.846753,02/21/2024 08:12:00 AM,2024
CR00029136,03/07/2020 07:41:00 PM,40,SNOW,DARKNESS,PARKED MOTOR VEHICLE,FOUR WAY,NO CONTROLS,UNABLE TO DETERMINE,NOT APPLICABLE,0,0,0,0,19,7,3,192,47TH ST,41.879505,-87.739388,03/07/2020 09:25:00 PM,2020
CR00029137,09/18/2023 10:50:00 AM,35,CLEAR,DARKNESS - LIGHTED ROAD,REAR END,FOUR WAY,STOP SIGN/FLASHER,UNABLE TO DETERMINE,FOLLOWING TOO CLOSELY,0,0,0,0,10,2,9,1982,MILWAUKEE AVE,41.873385,-87.554808,09/18/2023 11:31:00 AM,2023
CR00029138,08/01/2024 02:38:00 PM,35,CLEAR,DARKNESS - LIGHTED ROAD,REAR END,ONE-WAY,TRAFFIC SIGNAL,IMPROPER LANE USAGE,FAILING TO REDUCE SPEED,0,0,0,0,14,5,8,1524,DAMEN AVE,41.836676,-87.52543,08/01/2024 02:39:00 PM,2024
CR00029139,04/17/2020 08:07:00 AM,40,CLEAR,DARKNESS,TURNING,NOT DIVIDED,TRAFFIC SIGNAL,UNABLE TO DETERMINE,NOT APPLICABLE,0,0,0,0,8,6,4,495,WESTERN AVE,41.984393,-87.56932,04/17/2020 08:25:00 AM,2020
CR00029140,08/29/2023 03:05:00 PM,45,CLEAR,DAYLIGHT,REAR END,DIVIDED - W/MEDIAN (NOT RAISED),TRAFFIC SIGNAL,UNABLE TO DETERMINE,UNABLE TO DETERMINE,0,0,1,1,15,3,8,585,47TH ST,41.737286,-87.541519,08/29/2023 04:22:00 PM,2023
CR00029141,12/26/2022 02:27:00 AM,30,CLEAR,DAYLIGHT,ANGLE,DIVIDED - W/MEDIAN (NOT RAISED),STOP SIGN/FLASHER,UNABLE TO DETERMINE,UNABLE TO DETERMINE,0,0,0,0,2,2,12,1114,IRVING PARK RD,41.90889,-87.787686,12/26/2022 02:49:00 AM,2022
CR00029142,10/21/2017 07:18:00 AM,35,CLEAR,DARKNESS,PARKED MOTOR VEHICLE,ONE-WAY,TRAFFIC SIGNAL,FAILING TO YIELD RIGHT-OF-WAY,IMPROPER OVERTAKING/PASSING,0,0,0,0,7,7,10,1428,47TH ST,41.806725,-87.669697,10/21/2017 07:27:00 AM,2017
CR00029143,08/27/2019 04:20:00 PM,40,CLEAR,DARKNESS,ANGLE,NOT DIVIDED,NO CONTROLS,DISREGARDING TRAFFIC SIGNALS,FOLLOWING TOO CLOSELY,0,0,0,0,16,3,8,2173,MICHIGAN AVE,41.737783,-87.567726,08/27/2019 06:19:00 PM,2019
CR00029144,08/05/2021 06:39:00 PM,30,CLOUDY/OVERCAST,DAYLIGHT,REAR END,DIVIDED - W/MEDIAN (NOT RAISED),TRAFFIC SIGNAL,DISTRACTION - FROM INSIDE VEHICLE,UNABLE TO DETERMINE,0,0,0,0,18,5,8,278,FULLERTON AVE,41.90053,-87.824696,08/05/2021 08:37:00 PM,2021
CR00029145,05/16/2023 03:58:00 PM,25,CLEAR,DARKNESS - LIGHTED ROAD,FIXED OBJECT,DIVIDED - W/MEDIAN (NOT RAISED),TRAFFIC SIGNAL,FOLLOWING TOO CLOSELY,FAILING TO REDUCE SPEED,0,0,0,0,15,3,5,589,WESTERN AVE,41.977463,-87.703767,05/16/2023 04:25:00 PM,2023
CR00029146,05/05/2020 07:57:00 AM,40,CLEAR,DAYLIGHT,REAR END,DIVIDED - W/MEDIAN BARRIER,NO CONTROLS,WEATHER,IMPROPER OVERTAKING/PASSING,0,0,0,0,7,3,5,1839,79TH ST,41.752272,-87.714845,05/05/2020 08:33:00 AM,2020
CR00029147,12/29/2015 04:08:00 AM,30,CLEAR,DARKNESS - LIGHTED ROAD,SIDESWIPE SAME DIRECTION,NOT DIVIDED,STOP SIGN/FLASHER,DISTRACTION - FROM INSIDE VEHICLE,DISREGARDING TRAFFIC SIGNALS,0,0,0,0,4,3,12,547,CICERO AVE,41.889501,-87.575482,12/29/2015 05:47:00 AM,2015
CR00029148,01/16/2021 12:38:00 PM,30,CLEAR,DAYLIGHT,ANGLE,DIVIDED - W/MEDIAN (NOT RAISED),UNKNOWN,DISREGARDING TRAFFIC SIGNALS,DISTRACTION - FROM INSIDE VEHICLE,0,0,0,0,12,7,1,1331,79TH ST,41.85947,-87.776582,01/16/2021 02:22:00 PM,2021
CR00029149,12/28/2023 12:16:00 PM,40,CLEAR,DARKNESS,SIDESWIPE SAME DIRECTION,DIVIDED - W/MEDIAN BARRIER,STOP SIGN/FLASHER,WEATHER,UNABLE TO DETERMINE,0,0,1,1,12,5,12,1085,OGDEN AVE,41.92104,-87.631948,12/28/2023 12:37:00 PM,2023
CR00029150,03/09/2021 11:59:00 PM,35,CLEAR,DARKNESS - LIGHTED ROAD,REAR END,DIVIDED - W/MEDIAN (NOT RAISED),TRAFFIC SIGNAL,IMPROPER LANE USAGE,FAILING TO YIELD RIGHT-OF-WAY,0,0,1,1,23,3,3,2130,MILWAUKEE AVE,41.789267,-87.566818,03/10/2021 12:02:00 AM,2021
CR00029151,04/05/2020 12:50:00 PM,30,SNOW,DAYLIGHT,REAR END,DIVIDED - W/MEDIAN BARRIER,NO CONTROLS,DISREGARDING TRAFFIC SIGNALS,FAILING TO YIELD RIGHT-OF-WAY,0,0,0,0,12,1,4,937,STATE ST,41.73319,-87.833563,04/05/2020 02:31:00 PM,2020
CR00029152,09/15/2016 07:30:00 AM,45,CLEAR,DARKNESS,REAR END,DIVIDED - W/MEDIAN (NOT RAISED),TRAFFIC SIGNAL,IMPROPER LANE USAGE,DISTRACTION - FROM INSIDE VEHICLE,0,0,3,3,7,5,9,1919,ELSTON AVE,41.899968,-87.536319,09/15/2016 09:12:00 AM,2016
CR00029153,05/07/2020 03:26:00 PM,40,CLEAR,DAYLIGHT,TURNING,DIVIDED - W/MEDIAN BARRIER,TRAFFIC SIGNAL,UNABLE TO DETERMINE,UNABLE TO DETERMINE,0,0,0,0,15,5,5,1577,PULASKI RD,41.786248,-87.602719,05/07/2020 04:57:00 PM,2020
CR00029154,12/24/2024 05:43:00 PM,45,SNOW,DARKNESS - LIGHTED ROAD,SIDESWIPE SAME DIRECTION,FOUR WAY,NO CONTROLS,DISREGARDING TRAFFIC SIGNALS,FAILING TO YIELD RIGHT-OF-WAY,0,0,0,0,17,3,12,649,CICERO AVE,41.781743,-87.845357,12/24/2024 05:59:00 PM,2024
CR00029155,06/10/2021 07:28:00 AM,30,CLEAR,DARKNESS - LIGHTED ROAD,TURNING,NOT DIVIDED,TRAFFIC SIGNAL,IMPROPER OVERTAKING/PASSING,IMPROPER OVERTAKING/PASSING,0,0,0,0,7,5,6,1299,ARCHER AVE,41.931062,-87.515203,06/10/2021 08:07:00 AM,2021
CR00029156,04/28/2019 02:29:00 AM,30,CLEAR,DARKNESS,SIDESWIPE SAME DIRECTION,NOT DIVIDED,NO CONTROLS,DRIVING SKILLS/KNOWLEDGE/EXPERIENCE,IMPROPER LANE USAGE,0,0,0,0,2,1,4,1995,HALSTED ST,41.983558,-87.565999,04/28/2019 03:27:00 AM,2019
CR00029157,07/23/2016 11:57:00 AM,30,CLEAR,DAYLIGHT,PEDESTRIAN,ONE-WAY,STOP SIGN/FLASHER,FAILING TO REDUCE SPEED,UNABLE TO DETERMINE,0,0,0,0,11,7,7,718,PULASKI RD,41.981589,-87.620075,07/23/2016 12:15:00 PM,2016
CR00029158,05/25/2024 10:52:00 AM,40,CLEAR,DAYLIGHT,ANGLE,DIVIDED - W/MEDIAN (NOT RAISED),PEDESTRIAN CROSSING SIGN,FOLLOWING TOO CLOSELY,IMPROPER OVERTAKING/PASSING,0,0,0,0,10,7,5,1500,79TH ST,41.901554,-87.792862,05/25/2024 11:21:00 AM,2024
CR00029159,06/12/2021 06:06:00 PM,35,RAIN,DARKNESS - LIGHTED ROAD,SIDESWIPE SAME DIRECTION,DIVIDED - W/MEDIAN (NOT RAISED),YIELD,UNABLE TO DETERMINE,DISTRACTION - FROM INSIDE VEHICLE,0,0,0,0,18,7,6,1972,79TH ST,41.983023,-87.583525,06/12/2021 07:32:00 PM,2021
CR00029160,04/06/2020 04:34:00 PM,35,CLOUDY/OVERCAST,DARKNESS - LIGHTED ROAD,REAR END,ONE-WAY,STOP SIGN/FLASHER,FOLLOWING TOO CLOSELY,DISTRACTION - FROM INSIDE VEHICLE,0,0,0,0,16,2,4,686,BROADWAY,41.887695,-87.770106,04/06/2020 04:52:00 PM,2020
CR00029161,10/28/2023 07:22:00 AM,45,CLEAR,DAYLIGHT,REAR END,DIVIDED - W/MEDIAN (NOT RAISED),UNKNOWN,UNABLE TO DETERMINE,FOLLOWING TOO CLOSELY,0,0,0,0,7,7,10,1102,DIVISION ST,41.798689,-87.546548,10/28/2023 08:58:00 AM,2023
CR00029162,02/26/2021 05:37:00 AM,15,CLEAR,DAYLIGHT,SIDESWIPE SAME DIRECTION,ONE-WAY,NO CONTROLS,UNABLE TO DETERMINE,NOT APPLICABLE,0,0,0,0,5,6,2,1591,MILWAUKEE AVE,41.817586,-87.563863,02/26/2021 06:47:00 AM,2021
CR00029163,11/08/2018 01:04:00 PM,30,CLOUDY/OVERCAST,DAYLIGHT,REAR END,FOUR WAY,STOP SIGN/FLASHER,UNABLE TO DETERMINE,IMPROPER LANE USAGE,0,0,1,1,13,5,11,689,MILWAUKEE AVE,41.809057,-87.847649,11/08/2018 01:29:00 PM,2018
CR00029164,05/09/2021 11:32:00 AM,45,CLEAR,DARKNESS - LIGHTED ROAD,REAR TO FRONT,NOT DIVIDED,TRAFFIC SIGNAL,UNABLE TO DETERMINE,IMPROPER LANE USAGE,0,0,0,0,11,1,5,1402,STATE ST,41.865361,-87.758517,05/09/2021 11:52:00 AM,2021
CR00029165,12/07/2022 06:56:00 PM,35,SNOW,DARKNESS - LIGHTED ROAD,REAR END,NOT DIVIDED,STOP SIGN/FLASHER,UNABLE TO DETERMINE,NOT APPLICABLE,0,0,0,0,18,4,12,1867,STATE ST,41.724057,-87.701777,12/07/2022 07:28:00 PM,2022
CR00029166,08/02/2018 03:08:00 PM,30,CLOUDY/OVERCAST,DAYLIGHT,ANGLE,NOT DIVIDED,NO CONTROLS,FAILING TO YIELD RIGHT-OF-WAY,DRIVING SKILLS/KNOWLEDGE/EXPERIENCE,0,0,1,1,15,5,8,1441,CLARK ST,41.840985,-87.69534,08/02/2018 04:24:00 PM,2018
CR00029167,05/12/2022 01:36:00 PM,40,CLEAR,DAYLIGHT,REAR END,DIVIDED - W/MEDIAN (NOT RAISED),TRAFFIC SIGNAL,DRIVING SKILLS/KNOWLEDGE/EXPERIENCE,DRIVING SKILLS/KNOWLEDGE/EXPERIENCE,0,0,0,0,13,5,5,1722,IRVING PARK RD,41.728172,-87.58511,05/12/2022 03:33:00 PM,2022
CR00029168,11/08/2020 06:56:00 PM,30,FREEZING RAIN/DRIZZLE,DAYLIGHT,TURNING,NOT DIVIDED,NO CONTROLS,IMPROPER OVERTAKING/PASSING,IMPROPER LANE USAGE,0,0,0,0,18,1,11,1886,OGDEN AVE,41.764855,-87.673805,11/08/2020 07:08:00 PM,2020
CR00029169,01/16/2015 09:33:00 AM,30,CLEAR,DAYLIGHT,ANGLE,NOT DIVIDED,NO CONTROLS,WEATHER,DISTRACTION - FROM INSIDE VEHICLE,0,0,0,0,9,6,1,2013,ROOSEVELT RD,41.926425,-87.730815,01/16/2015 10:40:00 AM,2015
CR00029170,07/13/2019 04:13:00 PM,35,CLEAR,DARKNESS - LIGHTED ROAD,PARKED MOTOR VEHICLE,FOUR WAY,NO CONTROLS,FAILING TO YIELD RIGHT-OF-WAY,IMPROPER OVERTAKING/PASSING,0,0,0,0,16,7,7,228,ELSTON AVE,41.942809,-87.53094,07/13/2019 05:55:00 PM,2019
CR00029171,06/15/2017 06:14:00 PM,40,CLOUDY/OVERCAST,DAYLIGHT,FIXED OBJECT,NOT DIVIDED,NO CONTROLS,FAILING TO YIELD RIGHT-OF-WAY,IMPROPER OVERTAKING/PASSING,0,0,0,0,18,5,6,669,79TH ST,41.917088,-87.702152,06/15/2017 06:52:00 PM,2017
CR00029172,07/24/2016 09:22:00 AM,30,SNOW,DAYLIGHT,TURNING,DIVIDED - W/MEDIAN (NOT RAISED),NO CONTROLS,DISREGARDING TRAFFIC SIGNALS,UNABLE TO DETERMINE,0,0,0,0,9,1,7,1170,CICERO AVE,41.872066,-87.588431,07/24/2016 10:51:00 AM,2016
CR00029173,11/11/2020 09:45:00 PM,45,CLEAR,DARKNESS,REAR TO FRONT,NOT DIVIDED,NO CONTROLS,UNABLE TO DETERMINE,FOLLOWING TOO CLOSELY,0,0,1,1,21,4,11,646,PULASKI RD,41.835752,-87.798992,11/11/2020 10:24:00 PM,2020
CR00029174,05/28/2015 06:29:00 PM,15,CLOUDY/OVERCAST,DAYLIGHT,ANGLE,NOT DIVIDED,STOP SIGN/FLASHER,UNABLE TO DETERMINE,NOT APPLICABLE,0,0,2,2,18,5,5,1198,HALSTED ST,41.811928,-87.708421,05/28/2015 07:40:00 PM,2015
CR00029175,09/08/2015 08:46:00 PM,20,CLEAR,DAYLIGHT,REAR END,DIVIDED - W/MEDIAN (NOT RAISED),NO CONTROLS,FOLLOWING TOO CLOSELY,DISTRACTION - FROM INSIDE VEHICLE,0,0,1,1,20,3,9,2054,PULASKI RD,41.712654,-87.516512,09/08/2015 09:43:00 PM,2015
CR00029176,08/10/2017 11:03:00 PM,35,CLEAR,DAYLIGHT,REAR END,T-INTERSECTION,NO CONTROLS,UNABLE TO DETERMINE,UNABLE TO DETERMINE,0,0,0,0,23,5,8,2218,47TH ST,41.817608,-87.77672,08/11/2017 12:56:00 AM,2017
CR00029177,01/13/2024 09:35:00 AM,45,CLEAR,DAYLIGHT,SIDESWIPE SAME DIRECTION,FOUR WAY,TRAFFIC SIGNAL,UNABLE TO DETERMINE,FOLLOWING TOO CLOSELY,0,0,0,0,9,7,1,413,CLARK ST,41.766896,-87.723723,01/13/2024 10:07:00 AM,2024
CR00029178,06/22/2015 06:38:00 AM,30,CLEAR,DAYLIGHT,REAR END,FOUR WAY,TRAFFIC SIGNAL,IMPROPER OVERTAKING/PASSING,UNABLE TO DETERMINE,0,0,0,0,6,2,6,2236,STATE ST,41.793808,-87.685632,06/22/2015 07:12:00 AM,2015
CR00029179,03/08/2015 12:30:00 PM,30,CLEAR,DUSK,SIDESWIPE SAME DIRECTION,NOT DIVIDED,UNKNOWN,UNABLE TO DETERMINE,FAILING TO REDUCE SPEED,0,0,0,0,12,1,3,827,63RD ST,41.849226,-87.567506,03/08/2015 01:35:00 PM,2015
CR00029180,05/16/2023 09:53:00 AM,30,RAIN,DUSK,REAR END,NOT DIVIDED,TRAFFIC SIGNAL,IMPROPER OVERTAKING/PASSING,UNABLE TO DETERMINE,0,0,0,0,9,3,5,836,79TH ST,41.765894,-87.764491,05/16/2023 11:52:00 AM,2023
CR00029181,10/25/2017 04:43:00 PM,35,CLEAR,DARKNESS - LIGHTED ROAD,FIXED OBJECT,ONE-WAY,STOP SIGN/FLASHER,FAILING TO YIELD RIGHT-OF-WAY,FOLLOWING TOO CLOSELY,0,0,0,0,16,4,10,2312,ROOSEVELT RD,41.724428,-87.704774,10/25/2017 06:06:00 PM,2017
CR00029182,01/10/2022 10:10:00 AM,35,CLEAR,DARKNESS - LIGHTED ROAD,TURNING,ONE-WAY,STOP SIGN/FLASHER,UNABLE TO DETERMINE,IMPROPER OVERTAKING/PASSING,0,0,1,1,10,2,1,2449,STATE ST,41.906095,-87.672544,01/10/2022 11:47:00 AM,2022
CR00029183,09/10/2019 04:42:00 AM,30,CLEAR,DAYLIGHT,TURNING,ONE-WAY,PEDESTRIAN CROSSING SIGN,UNABLE TO DETERMINE,FOLLOWING TOO CLOSELY,0,0,0,0,4,3,9,1787,OGDEN AVE,41.941557,-87.520792,09/10/2019 05:02:00 AM,2019
CR00029184,02/03/2022 05:12:00 PM,30,CLEAR,DARKNESS - LIGHTED ROAD,REAR END,NOT DIVIDED,NO CONTROLS,FAILING TO REDUCE SPEED,NOT APPLICABLE,0,0,0,0,17,5,2,125,DAMEN AVE,41.940468,-87.81052,02/03/2022 06:11:00 PM,2022
CR00029185,12/23/2019 09:13:00 PM,35,RAIN,DUSK,REAR END,FOUR WAY,UNKNOWN,UNABLE TO DETERMINE,IMPROPER OVERTAKING/PASSING,0,0,0,0,21,2,12,615,ARCHER AVE,41.897582,-87.585454,12/23/2019 09:57:00 PM,2019
CR00029186,06/23/2018 08:27:00 AM,45,CLOUDY/OVERCAST,DARKNESS - LIGHTED ROAD,TURNING,ONE-WAY,NO CONTROLS,UNABLE TO DETERMINE,UNABLE TO DETERMINE,0,0,0,0,8,7,6,459,IRVING PARK RD,41.788978,-87.555092,06/23/2018 09:24:00 AM,2018
CR00029187,07/14/2023 02:44:00 AM,35,CLOUDY/OVERCAST,DAYLIGHT,REAR END,ONE-WAY,NO CONTROLS,UNABLE TO DETERMINE,NOT APPLICABLE,0,0,1,1,2,6,7,549,79TH ST,41.797753,-87.819065,07/14/2023 04:15:00 AM,2023
CR00029188,02/21/2018 11:34:00 AM,35,CLEAR,DAYLIGHT,FIXED OBJECT,NOT DIVIDED,NO CONTROLS,FOLLOWING TOO CLOSELY,NOT APPLICABLE,0,0,3,3,11,4,2,1233,HALSTED ST,41.881862,-87.823032,02/21/2018 11:38:00 AM,2018
CR00029189,05/19/2017 08:55:00 AM,35,SNOW,DAYLIGHT,SIDESWIPE SAME DIRECTION,NOT DIVIDED,NO CONTROLS,FAILING TO YIELD RIGHT-OF-WAY,FAILING TO YIELD RIGHT-OF-WAY,0,0,0,0,8,6,5,1978,CALIFORNIA AVE,41.80831,-87.634254,05/19/2017 08:58:00 AM,2017
CR00029190,12/24/2019 08:50:00 PM,45,CLOUDY/OVERCAST,DAYLIGHT,REAR END,NOT DIVIDED,NO CONTROLS,IMPROPER LANE USAGE,DISREGARDING TRAFFIC SIGNALS,0,0,1,1,20,3,12,1393,HALSTED ST,41.757667,-87.579066,12/24/2019 09:46:00 PM,2019
CR00029191,12/10/2019 12:13:00 PM,20,CLOUDY/OVERCAST,DAYLIGHT,REAR END,DIVIDED - W/MEDIAN (NOT RAISED),STOP SIGN/FLASHER,WEATHER,FAILING TO YIELD RIGHT-OF-WAY,0,2,1,3,12,3,12,1819,CLARK ST,41.841769,-87.544348,12/10/2019 01:23:00 PM,2019
CR00029192,04/08/2022 03:23:00 PM,25,CLEAR,DAYLIGHT,SIDESWIPE SAME DIRECTION,NOT DIVIDED,NO CONTROLS,IMPROPER OVERTAKING/PASSING,FAILING TO YIELD RIGHT-OF-WAY,0,0,1,1,15,6,4,148,ARCHER AVE,41.791807,-87.719495,04/08/2022 04:43:00 PM,2022
CR00029193,06/23/2024 07:12:00 AM,20,CLEAR,DARKNESS - LIGHTED ROAD,FIXED OBJECT,NOT DIVIDED,TRAFFIC SIGNAL,IMPROPER OVERTAKING/PASSING,NOT APPLICABLE,0,0,1,1,7,1,6,2071,FULLERTON AVE,41.869984,-87.578995,06/23/2024 08:21:00 AM,2024
CR00029194,10/04/2016 10:57:00 AM,25,CLEAR,DAYLIGHT,TURNING,ONE-WAY,YIELD,WEATHER,FAILING TO YIELD RIGHT-OF-WAY,0,0,0,0,10,3,10,2093,STONY ISLAND AVE,41.920834,-87.795559,10/04/2016 11:58:00 AM,2016
CR00029195,01/17/2019 11:46:00 AM,20,CLEAR,DARKNESS - LIGHTED ROAD,PARKED MOTOR VEHICLE,ONE-WAY,NO CONTROLS,DISTRACTION - FROM INSIDE VEHICLE,FAILING TO REDUCE SPEED,0,0,0,0,11,5,1,2521,ARCHER AVE,41.875435,-87.67996,01/17/2019 11:55:00 AM,2019
CR00029196,12/22/2022 07:52:00 PM,35,CLEAR,DUSK,TURNING,NOT DIVIDED,NO CONTROLS,UNABLE TO DETERMINE,IMPROPER LANE USAGE,0,0,0,0,19,5,12,1139,STONY ISLAND AVE,41.761402,-87.629793,12/22/2022 09:25:00 PM,2022
CR00029197,12/26/2016 07:29:00 AM,30,CLEAR,DAYLIGHT,REAR END,ONE-WAY,NO CONTROLS,FOLLOWING TOO CLOSELY,FAILING TO YIELD RIGHT-OF-WAY,0,0,1,1,7,2,12,381,79TH ST,41.757386,-87.513471,12/26/2016 07:37:00 AM,2016
CR00029198,08/14/2024 07:53:00 AM,45,CLEAR,DARKNESS,PEDESTRIAN,DIVIDED - W/MEDIAN (NOT RAISED),NO CONTROLS,UNABLE TO DETERMINE,FOLLOWING TOO CLOSELY,0,0,0,0,7,4,8,1274,PULASKI RD,41.726519,-87.585587,08/14/2024 08:50:00 AM,2024
CR00029199,05/08/2021 09:26:00 AM,25,CLEAR,DAYLIGHT,SIDESWIPE SAME DIRECTION,NOT DIVIDED,STOP SIGN/FLASHER,DISTRACTION - FROM INSIDE VEHICLE,NOT APPLICABLE,0,0,0,0,9,7,5,846,IRVING PARK RD,41.722079,-87.575751,05/08/2021 09:45:00 AM,2021
CR00029200,07/12/2015 08:55:00 PM,35,CLEAR,DAYLIGHT,SIDESWIPE SAME DIRECTION,FOUR WAY,STOP SIGN/FLASHER,IMPROPER LANE USAGE,UNABLE TO DETERMINE,0,0,0,0,20,1,7,1402,DAMEN AVE,41.880119,-87.640905,07/12/2015 09:00:00 PM,2015
CR00029201,12/22/2018 04:40:00 PM,15,CLEAR,DAYLIGHT,REAR END,FOUR WAY,NO CONTROLS,UNABLE TO DETERMINE,FOLLOWING TOO CLOSELY,0,0,2,2,16,7,12,721,MICHIGAN AVE,41.889608,-87.783341,12/22/2018 05:13:00 PM,2018
CR00029202,05/05/2019 06:04:00 PM,15,CLEAR,DUSK,TURNING,ONE-WAY,NO CONTROLS,WEATHER,NOT APPLICABLE,0,0,0,0,18,1,5,1495,79TH ST,41.859962,-87.621441,05/05/2019 07:52:00 PM,2019
CR00029203,06/10/2015 05:24:00 PM,35,CLEAR,DAYLIGHT,FIXED OBJECT,NOT DIVIDED,NO CONTROLS,UNABLE TO DETERMINE,NOT APPLICABLE,0,0,1,1,17,4,6,2491,LAKE SHORE DR,41.855978,-87.528763,06/10/2015 06:56:00 PM,2015
CR00029204,04/28/2016 01:46:00 PM,30,FREEZING RAIN/DRIZZLE,DARKNESS - LIGHTED ROAD,REAR END,NOT DIVIDED,TRAFFIC SIGNAL,FOLLOWING TOO CLOSELY,DRIVING SKILLS/KNOWLEDGE/EXPERIENCE,0,2,0,2,13,5,4,2308,ROOSEVELT RD,41.81527,-87.677018,04/28/2016 03:20:00 PM,2016
CR00029205,08/06/2016 03:37:00 PM,40,CLOUDY/OVERCAST,DARKNESS - LIGHTED ROAD,FIXED OBJECT,NOT DIVIDED,NO CONTROLS,UNABLE TO DETERMINE,UNABLE TO DETERMINE,0,0,0,0,15,7,8,1288,63RD ST,41.974151,-87.63796,08/06/2016 04:40:00 PM,2016
CR00029206,08/20/2016 07:12:00 PM,30,CLEAR,DAYLIGHT,REAR TO FRONT,DIVIDED - W/MEDIAN BARRIER,NO CONTROLS,FAILING TO YIELD RIGHT-OF-WAY,WEATHER,0,0,0,0,19,7,8,342,ASHLAND AVE,41.759482,-87.624305,08/20/2016 08:54:00 PM,2016
CR00029207,05/17/2024 03:59:00 PM,45,CLEAR,DAYLIGHT,PARKED MOTOR VEHICLE,NOT DIVIDED,TRAFFIC SIGNAL,IMPROPER LANE USAGE,FOLLOWING TOO CLOSELY,0,0,0,0,15,6,5,1826,STATE ST,41.713563,-87.60632,05/17/2024 05:27:00 PM,2024
CR00029208,02/27/2020 05:46:00 AM,20,CLEAR,DAYLIGHT,SIDESWIPE SAME DIRECTION,ONE-WAY,NO CONTROLS,UNABLE TO DETERMINE,UNABLE TO DETERMINE,0,0,0,0,5,5,2,906,CICERO AVE,41.790394,-87.605928,02/27/2020 06:44:00 AM,2020
CR00029209,12/06/2019 03:16:00 PM,30,RAIN,DAYLIGHT,REAR END,FOUR WAY,NO CONTROLS,WEATHER,FOLLOWING TOO CLOSELY,0,0,2,2,15,6,12,2514,MICHIGAN AVE,41.839266,-87.724992,12/06/2019 03:26:00 PM,2019
CR00029210,08/15/2022 02:03:00 PM,30,CLEAR,DARKNESS - LIGHTED ROAD,SIDESWIPE SAME DIRECTION,DIVIDED - W/MEDIAN (NOT RAISED),TRAFFIC SIGNAL,DRIVING SKILLS/KNOWLEDGE/EXPERIENCE,DISREGARDING TRAFFIC SIGNALS,0,0,0,0,14,2,8,2247,IRVING PARK RD,41.773531,-87.508736,08/15/2022 02:57:00 PM,2022
CR00029211,01/21/2024 08:19:00 AM,30,RAIN,DUSK,SIDESWIPE SAME DIRECTION,FOUR WAY,STOP SIGN/FLASHER,DISREGARDING TRAFFIC SIGNALS,FOLLOWING TOO CLOSELY,0,0,3,3,8,1,1,2209,79TH ST,41.891732,-87.737816,01/21/2024 09:46:00 AM,2024