CRASH_RECORD_ID,CRASH_DATE,POSTED_SPEED_LIMIT,WEATHER_CONDITION,LIGHTING_CONDITION,FIRST_CRASH_TYPE,TRAFFICWAY_TYPE,TRAFFIC_CONTROL_DEVICE,PRIM_CONTRIBUTORY_CAUSE,SEC_CONTRIBUTORY_CAUSE,INJURIES_FATAL,INJURIES_INCAPACITATING,INJURIES_NON_INCAPACITATING,INJURIES_TOTAL,CRASH_HOUR,CRASH_DAY_OF_WEEK,CRASH_MONTH,BEAT_OF_OCCURRENCE,STREET_NAME,LATITUDE,LONGITUDE,DATE_POLICE_NOTIFIED,year
CR00029212,08/17/2021 08:33:00 AM,35,CLEAR,DARKNESS - LIGHTED ROAD,SIDESWIPE SAME DIRECTION,NOT DIVIDED,NO CONTROLS,FOLLOWING TOO CLOSELY,FAILING TO YIELD RIGHT-OF-WAY,0,0,0,0,8,3,8,1495,MILWAUKEE AVE,41.873621,-87.662756,08/17/2021 10:06:00 AM,2021
CR00029213,07/24/2021 07:18:00 AM,45,CLOUDY/OVERCAST,DAYLIGHT,SIDESWIPE SAME DIRECTION,ONE-WAY,NO CONTROLS,IMPROPER OVERTAKING/PASSING,DRIVING SKILLS/KNOWLEDGE/EXPERIENCE,0,0,0,0,7,7,7,2198,ASHLAND AVE,41.784918,-87.632063,07/24/2021 07:28:00 AM,2021
CR00029214,02/03/2018 07:20:00 AM,15,SNOW,DAYLIGHT,REAR TO FRONT,NOT DIVIDED,NO CONTROLS,IMPROPER OVERTAKING/PASSING,IMPROPER OVERTAKING/PASSING,0,0,0,0,7,7,2,1997,ARCHER AVE,41.850273,-87.6381,02/03/2018 08:20:00 AM,2018
CR00029215,03/02/2022 09:20:00 AM,35,CLEAR,DAYLIGHT,TURNING,DIVIDED - W/MEDIAN BARRIER,NO CONTROLS,UNABLE TO DETERMINE,FOLLOWING TOO CLOSELY,0,0,0,0,9,4,3,1441,HALSTED ST,41.727132,-87.773421,03/02/2022 10:07:00 AM,2022
CR00029216,10/09/2015 05:09:00 PM,15,RAIN,DAYLIGHT,TURNING,DIVIDED - W/MEDIAN BARRIER,STOP SIGN/FLASHER,FOLLOWING TOO CLOSELY,UNABLE TO DETERMINE,0,0,0,0,17,6,10,1527,KEDZIE AVE,41.876113,-87.838764,10/09/2015 06:34:00 PM,2015
CR00029217,12/12/2020 12:20:00 PM,15,RAIN,DAYLIGHT,PARKED MOTOR VEHICLE,DIVIDED - W/MEDIAN (NOT RAISED),NO CONTROLS,IMPROPER LANE USAGE,DISTRACTION - FROM INSIDE VEHICLE,0,0,0,0,12,7,12,283,PULASKI RD,41.813925,-87.730093,12/12/2020 12:51:00 PM,2020
CR00029218,07/25/2021 01:51:00 PM,30,CLOUDY/OVERCAST,DARKNESS - LIGHTED ROAD,PEDESTRIAN,ONE-WAY,TRAFFIC SIGNAL,FAILING TO YIELD RIGHT-OF-WAY,UNABLE TO DETERMINE,0,0,2,2,13,1,7,711,IRVING PARK RD,41.730997,-87.818832,07/25/2021 02:02:00 PM,2021
CR00029219,08/04/2015 10:34:00 AM,35,FREEZING RAIN/DRIZZLE,DAYLIGHT,TURNING,NOT DIVIDED,NO CONTROLS,FOLLOWING TOO CLOSELY,FAILING TO REDUCE SPEED,0,0,0,0,10,3,8,339,OGDEN AVE,41.700108,-87.51128,08/04/2015 11:33:00 AM,2015
CR00029220,06/16/2020 09:19:00 AM,35,CLEAR,DAYLIGHT,TURNING,ONE-WAY,TRAFFIC SIGNAL,UNABLE TO DETERMINE,DRIVING SKILLS/KNOWLEDGE/EXPERIENCE,0,2,1,3,9,3,6,1961,MICHIGAN AVE,41.76717,-87.77309,06/16/2020 11:15:00 AM,2020
CR00029221,08/10/2023 09:27:00 PM,15,CLEAR,DAWN,ANGLE,NOT DIVIDED,NO CONTROLS,DISTRACTION - FROM INSIDE VEHICLE,UNABLE TO DETERMINE,0,0,0,0,21,5,8,988,ROOSEVELT RD,41.860964,-87.594776,08/10/2023 09:55:00 PM,2023
CR00029222,07/03/2019 07:31:00 PM,30,CLEAR,DAYLIGHT,FIXED OBJECT,NOT DIVIDED,NO CONTROLS,FAILING TO YIELD RIGHT-OF-WAY,FAILING TO YIELD RIGHT-OF-WAY,0,1,0,1,19,4,7,1125,FULLERTON AVE,41.887257,-87.625844,07/03/2019 08:43:00 PM,2019
CR00029223,04/26/2018 05:53:00 AM,20,CLEAR,DAYLIGHT,ANGLE,NOT DIVIDED,STOP SIGN/FLASHER,IMPROPER LANE USAGE,FOLLOWING TOO CLOSELY,0,0,0,0,5,5,4,470,CLARK ST,41.846768,-87.787225,04/26/2018 07:02:00 AM,2018
CR00029224,07/22/2023 03:50:00 PM,45,CLEAR,DAYLIGHT,PARKED MOTOR VEHICLE,FOUR WAY,NO CONTROLS,DISTRACTION - FROM INSIDE VEHICLE,IMPROPER OVERTAKING/PASSING,0,0,0,0,15,7,7,947,MICHIGAN AVE,41.857547,-87.580189,07/22/2023 05:04:00 PM,2023
CR00029225,08/26/2020 10:13:00 AM,30,CLEAR,DAYLIGHT,SIDESWIPE SAME DIRECTION,NOT DIVIDED,NO CONTROLS,FOLLOWING TOO CLOSELY,DISTRACTION - FROM INSIDE VEHICLE,0,0,0,0,10,4,8,2403,OGDEN AVE,41.901084,-87.709504,08/26/2020 10:43:00 AM,2020
CR00029226,07/11/2020 02:59:00 AM,40,CLEAR,DARKNESS - LIGHTED ROAD,ANGLE,T-INTERSECTION,TRAFFIC SIGNAL,FAILING TO YIELD RIGHT-OF-WAY,DRIVING SKILLS/KNOWLEDGE/EXPERIENCE,0,0,0,0,2,7,7,1448,47TH ST,41.732579,-87.766525,07/11/2020 04:02:00 AM,2020
CR00029227,10/20/2021 03:21:00 PM,30,RAIN,DARKNESS - LIGHTED ROAD,SIDESWIPE SAME DIRECTION,ONE-WAY,STOP SIGN/FLASHER,UNABLE TO DETERMINE,FAILING TO YIELD RIGHT-OF-WAY,0,0,0,0,15,4,10,1006,63RD ST,41.787838,-87.526935,10/20/2021 05:20:00 PM,2021
CR00029228,09/28/2018 06:44:00 PM,40,CLEAR,DAYLIGHT,ANGLE,ONE-WAY,STOP SIGN/FLASHER,FAILING TO YIELD RIGHT-OF-WAY,IMPROPER OVERTAKING/PASSING,0,0,0,0,18,6,9,182,IRVING PARK RD,41.830941,-87.52937,09/28/2018 06:55:00 PM,2018
CR00029229,06/17/2016 11:14:00 AM,30,FREEZING RAIN/DRIZZLE,DARKNESS - LIGHTED ROAD,REAR END,NOT DIVIDED,TRAFFIC SIGNAL,UNABLE TO DETERMINE,DISTRACTION - FROM INSIDE VEHICLE,0,0,0,0,11,6,6,778,CALIFORNIA AVE,41.898452,-87.665178,06/17/2016 12:18:00 PM,2016
CR00029230,05/20/2023 07:05:00 AM,35,CLOUDY/OVERCAST,DARKNESS - LIGHTED ROAD,ANGLE,NOT DIVIDED,TRAFFIC SIGNAL,IMPROPER OVERTAKING/PASSING,NOT APPLICABLE,0,0,0,0,7,7,5,553,BROADWAY,41.967044,-87.848371,05/20/2023 08:31:00 AM,2023
CR00029231,03/15/2017 03:15:00 PM,35,CLEAR,DAYLIGHT,SIDESWIPE SAME DIRECTION,DIVIDED - W/MEDIAN BARRIER,NO CONTROLS,WEATHER,UNABLE TO DETERMINE,0,0,1,1,15,4,3,1809,CLARK ST,41.844083,-87.822223,03/15/2017 03:32:00 PM,2017
CR00029232,07/30/2023 10:38:00 AM,30,CLEAR,DARKNESS - LIGHTED ROAD,REAR END,NOT DIVIDED,TRAFFIC SIGNAL,UNABLE TO DETERMINE,NOT APPLICABLE,0,0,0,0,10,1,7,1165,ROOSEVELT RD,41.717644,-87.553065,07/30/2023 12:07:00 PM,2023
CR00029233,12/16/2023 07:26:00 AM,45,RAIN,DARKNESS - LIGHTED ROAD,REAR END,T-INTERSECTION,STOP SIGN/FLASHER,DISTRACTION - FROM INSIDE VEHICLE,FAILING TO REDUCE SPEED,0,0,0,0,7,7,12,901,KEDZIE AVE,41.842067,-87.811966,12/16/2023 08:21:00 AM,2023
CR00029234,09/22/2019 03:41:00 PM,30,CLEAR,DAYLIGHT,TURNING,ONE-WAY,TRAFFIC SIGNAL,FAILING TO YIELD RIGHT-OF-WAY,FAILING TO YIELD RIGHT-OF-WAY,0,0,0,0,15,1,9,1970,CLARK ST,41.973124,-87.610238,09/22/2019 05:26:00 PM,2019
CR00029235,06/05/2015 08:39:00 AM,30,CLEAR,DAYLIGHT,SIDESWIPE SAME DIRECTION,NOT DIVIDED,TRAFFIC SIGNAL,FAILING TO REDUCE SPEED,NOT APPLICABLE,0,0,0,0,8,6,6,1490,KEDZIE AVE,41.979477,-87.593275,06/05/2015 10:30:00 AM,2015
CR00029236,03/11/2017 11:00:00 PM,40,CLEAR,DAYLIGHT,PEDESTRIAN,FOUR WAY,YIELD,IMPROPER LANE USAGE,FOLLOWING TOO CLOSELY,0,0,0,0,23,7,3,793,47TH ST,41.744158,-87.826326,03/12/2017 12:29:00 AM,2017
CR00029237,08/20/2017 03:58:00 PM,20,CLEAR,DAYLIGHT,PARKED MOTOR VEHICLE,NOT DIVIDED,TRAFFIC SIGNAL,FOLLOWING TOO CLOSELY,UNABLE TO DETERMINE,0,0,1,1,15,1,8,2376,KEDZIE AVE,41.802113,-87.82289,08/20/2017 04:25:00 PM,2017
CR00029238,09/07/2017 06:07:00 PM,30,CLEAR,DARKNESS - LIGHTED ROAD,REAR END,NOT DIVIDED,TRAFFIC SIGNAL,UNABLE TO DETERMINE,UNABLE TO DETERMINE,0,0,0,0,18,5,9,393,ROOSEVELT RD,41.841533,-87.554842,09/07/2017 06:26:00 PM,2017
CR00029239,06/09/2021 06:51:00 AM,20,CLOUDY/OVERCAST,DAYLIGHT,SIDESWIPE SAME DIRECTION,DIVIDED - W/MEDIAN (NOT RAISED),NO CONTROLS,UNABLE TO DETERMINE,DISTRACTION - FROM INSIDE VEHICLE,0,0,3,3,6,4,6,2148,MICHIGAN AVE,41.798601,-87.696483,06/09/2021 08:14:00 AM,2021
CR00029240,08/21/2021 06:55:00 PM,15,RAIN,DAYLIGHT,FIXED OBJECT,DIVIDED - W/MEDIAN (NOT RAISED),STOP SIGN/FLASHER,FOLLOWING TOO CLOSELY,NOT APPLICABLE,0,0,0,0,18,7,8,321,WESTERN AVE,41.806088,-87.783803,08/21/2021 08:43:00 PM,2021
CR00029241,01/01/2020 01:58:00 PM,30,CLOUDY/OVERCAST,DARKNESS - LIGHTED ROAD,FIXED OBJECT,NOT DIVIDED,STOP SIGN/FLASHER,FAILING TO YIELD RIGHT-OF-WAY,DISTRACTION - FROM INSIDE VEHICLE,0,0,0,0,13,4,1,839,79TH ST,41.94914,-87.533088,01/01/2020 03:42:00 PM,2020
CR00029242,07/25/2016 12:13:00 PM,20,RAIN,DARKNESS - LIGHTED ROAD,REAR END,NOT DIVIDED,TRAFFIC SIGNAL,IMPROPER OVERTAKING/PASSING,NOT APPLICABLE,0,1,2,3,12,2,7,1565,CICERO AVE,41.910084,-87.609731,07/25/2016 02:12:00 PM,2016
CR00029243,01/22/2018 03:12:00 PM,15,CLOUDY/OVERCAST,DAYLIGHT,ANGLE,ONE-WAY,STOP SIGN/FLASHER,FAILING TO YIELD RIGHT-OF-WAY,UNABLE TO DETERMINE,0,0,0,0,15,2,1,954,ASHLAND AVE,41.720906,-87.688428,01/22/2018 04:38:00 PM,2018
CR00029244,02/12/2024 07:10:00 AM,30,CLOUDY/OVERCAST,DARKNESS,PARKED MOTOR VEHICLE,NOT DIVIDED,STOP SIGN/FLASHER,UNABLE TO DETERMINE,FAILING TO YIELD RIGHT-OF-WAY,0,0,1,1,7,2,2,694,OGDEN AVE,41.901003,-87.605679,02/12/2024 08:16:00 AM,2024
CR00029245,04/09/2019 02:46:00 AM,15,CLEAR,DAYLIGHT,PARKED MOTOR VEHICLE,ONE-WAY,NO CONTROLS,UNABLE TO DETERMINE,DISTRACTION - FROM INSIDE VEHICLE,0,0,0,0,2,3,4,2076,CALIFORNIA AVE,41.950953,-87.717552,04/09/2019 02:56:00 AM,2019
CR00029246,06/05/2018 06:52:00 PM,30,CLOUDY/OVERCAST,DAYLIGHT,ANGLE,NOT DIVIDED,UNKNOWN,FAILING TO REDUCE SPEED,DISTRACTION - FROM INSIDE VEHICLE,0,0,0,0,18,3,6,1573,63RD ST,41.720738,-87.619839,06/05/2018 08:00:00 PM,2018
CR00029247,11/21/2016 09:03:00 AM,45,CLEAR,DAYLIGHT,PEDESTRIAN,DIVIDED - W/MEDIAN BARRIER,NO CONTROLS,WEATHER,DISREGARDING TRAFFIC SIGNALS,0,0,0,0,9,2,11,2368,47TH ST,41.80295,-87.849535,11/21/2016 10:12:00 AM,2016
CR00029248,06/07/2021 04:58:00 PM,35,CLEAR,DAYLIGHT,SIDESWIPE SAME DIRECTION,DIVIDED - W/MEDIAN (NOT RAISED),TRAFFIC SIGNAL,IMPROPER OVERTAKING/PASSING,UNABLE TO DETERMINE,0,0,0,0,16,2,6,2303,BROADWAY,41.929588,-87.738338,06/07/2021 06:03:00 PM,2021
CR00029249,05/22/2024 07:53:00 PM,30,CLEAR,DAYLIGHT,REAR END,DIVIDED - W/MEDIAN BARRIER,NO CONTROLS,DISREGARDING TRAFFIC SIGNALS,IMPROPER OVERTAKING/PASSING,0,0,0,0,19,4,5,456,ROOSEVELT RD,41.976329,-87.842218,05/22/2024 08:10:00 PM,2024
CR00029250,12/16/2019 12:43:00 PM,45,CLOUDY/OVERCAST,DARKNESS,TURNING,NOT DIVIDED,STOP SIGN/FLASHER,FAILING TO REDUCE SPEED,NOT APPLICABLE,0,0,1,1,12,2,12,785,ARCHER AVE,41.804726,-87.835499,12/16/2019 01:42:00 PM,2019
CR00029251,12/27/2024 11:32:00 AM,30,CLEAR,DAYLIGHT,ANGLE,DIVIDED - W/MEDIAN (NOT RAISED),NO CONTROLS,IMPROPER LANE USAGE,FAILING TO REDUCE SPEED,0,0,0,0,11,6,12,1374,CICERO AVE,41.965941,-87.637431,12/27/2024 01:22:00 PM,2024
CR00029252,06/11/2019 08:59:00 AM,25,CLEAR,DARKNESS,ANGLE,NOT DIVIDED,TRAFFIC SIGNAL,FAILING TO YIELD RIGHT-OF-WAY,NOT APPLICABLE,0,0,0,0,8,3,6,1980,ELSTON AVE,41.878366,-87.566518,06/11/2019 10:34:00 AM,2019
CR00029253,03/09/2015 06:28:00 PM,25,CLEAR,DAYLIGHT,REAR TO FRONT,FOUR WAY,NO CONTROLS,WEATHER,FAILING TO YIELD RIGHT-OF-WAY,0,0,1,1,18,2,3,2066,CICERO AVE,41.986208,-87.764031,03/09/2015 07:19:00 PM,2015
CR00029254,02/15/2021 08:42:00 AM,25,RAIN,DARKNESS - LIGHTED ROAD,REAR END,FOUR WAY,TRAFFIC SIGNAL,UNABLE TO DETERMINE,UNABLE TO DETERMINE,0,0,1,1,8,2,2,1661,STONY ISLAND AVE,41.767666,-87.584526,02/15/2021 09:04:00 AM,2021
CR00029255,03/28/2023 08:47:00 PM,45,CLEAR,DAYLIGHT,TURNING,DIVIDED - W/MEDIAN BARRIER,PEDESTRIAN CROSSING SIGN,UNABLE TO DETERMINE,IMPROPER OVERTAKING/PASSING,0,0,1,1,20,3,3,2407,ELSTON AVE,41.967331,-87.598287,03/28/2023 09:55:00 PM,2023
CR00029256,11/01/2021 08:49:00 AM,25,FREEZING RAIN/DRIZZLE,DAYLIGHT,REAR END,T-INTERSECTION,NO CONTROLS,DISREGARDING TRAFFIC SIGNALS,UNABLE TO DETERMINE,0,0,0,0,8,2,11,242,IRVING PARK RD,41.890325,-87.638643,11/01/2021 09:07:00 AM,2021
CR00029257,07/20/2018 09:07:00 PM,45,CLEAR,DAYLIGHT,TURNING,NOT DIVIDED,TRAFFIC SIGNAL,FAILING TO REDUCE SPEED,DRIVING SKILLS/KNOWLEDGE/EXPERIENCE,0,0,0,0,21,6,7,1799,CICERO AVE,41.702541,-87.583252,07/20/2018 10:01:00 PM,2018
CR00029258,01/08/2018 09:37:00 AM,40,RAIN,DAWN,SIDESWIPE SAME DIRECTION,DIVIDED - W/MEDIAN (NOT RAISED),NO CONTROLS,FAILING TO YIELD RIGHT-OF-WAY,UNABLE TO DETERMINE,0,0,0,0,9,2,1,2411,PULASKI RD,41.918731,-87.715031,01/08/2018 11:19:00 AM,2018
CR00029259,12/25/2016 07:21:00 PM,30,CLEAR,DARKNESS - LIGHTED ROAD,REAR END,NOT DIVIDED,TRAFFIC SIGNAL,UNABLE TO DETERMINE,UNABLE TO DETERMINE,0,0,2,2,19,1,12,225,LAKE SHORE DR,41.726867,-87.564946,12/25/2016 09:21:00 PM,2016
CR00029260,09/12/2024 05:15:00 PM,30,CLEAR,DARKNESS - LIGHTED ROAD,SIDESWIPE SAME DIRECTION,NOT DIVIDED,STOP SIGN/FLASHER,IMPROPER LANE USAGE,DRIVING SKILLS/KNOWLEDGE/EXPERIENCE,0,0,1,1,17,5,9,1916,ARCHER AVE,41.72285,-87.767844,09/12/2024 05:43:00 PM,2024
CR00029261,07/08/2022 04:20:00 AM,40,CLEAR,DAYLIGHT,SIDESWIPE SAME DIRECTION,NOT DIVIDED,STOP SIGN/FLASHER,IMPROPER LANE USAGE,UNABLE TO DETERMINE,0,0,0,0,4,6,7,1848,OGDEN AVE,41.929304,-87.549138,07/08/2022 05:44:00 AM,2022
CR00029262,03/04/2017 03:06:00 PM,30,CLEAR,DARKNESS - LIGHTED ROAD,REAR TO FRONT,NOT DIVIDED,UNKNOWN,IMPROPER LANE USAGE,UNABLE TO DETERMINE,0,0,0,0,15,7,3,1796,ELSTON AVE,41.863029,-87.568602,03/04/2017 03:30:00 PM,2017
CR00029263,01/30/2020 02:31:00 AM,30,CLEAR,DAYLIGHT,PEDESTRIAN,ONE-WAY,TRAFFIC SIGNAL,UNABLE TO DETERMINE,NOT APPLICABLE,0,0,0,0,2,5,1,1505,ASHLAND AVE,41.972612,-87.818437,01/30/2020 03:48:00 AM,2020
CR00029264,09/04/2020 06:30:00 PM,30,CLEAR,DAYLIGHT,PARKED MOTOR VEHICLE,FOUR WAY,UNKNOWN,UNABLE TO DETERMINE,IMPROPER LANE USAGE,0,0,0,0,18,6,9,588,BROADWAY,41.825127,-87.769989,09/04/2020 07:33:00 PM,2020
CR00029265,10/28/2021 09:31:00 AM,35,CLEAR,DARKNESS,REAR END,NOT DIVIDED,UNKNOWN,FOLLOWING TOO CLOSELY,NOT APPLICABLE,0,0,0,0,9,5,10,115,IRVING PARK RD,41.789627,-87.541079,10/28/2021 09:47:00 AM,2021
CR00029266,04/25/2015 05:23:00 PM,25,CLEAR,DAYLIGHT,FIXED OBJECT,ONE-WAY,NO CONTROLS,UNABLE TO DETERMINE,DRIVING SKILLS/KNOWLEDGE/EXPERIENCE,0,0,0,0,17,7,4,2527,ARCHER AVE,41.755799,-87.666128,04/25/2015 07:05:00 PM,2015
CR00029267,08/19/2018 07:51:00 PM,15,CLEAR,DARKNESS - LIGHTED ROAD,PARKED MOTOR VEHICLE,FOUR WAY,STOP SIGN/FLASHER,WEATHER,UNABLE TO DETERMINE,0,0,0,0,19,1,8,732,LAKE SHORE DR,41.925931,-87.740232,08/19/2018 08:11:00 PM,2018
CR00029268,05/27/2015 01:24:00 PM,30,CLEAR,DAYLIGHT,SIDESWIPE SAME DIRECTION,NOT DIVIDED,STOP SIGN/FLASHER,FAILING TO YIELD RIGHT-OF-WAY,DRIVING SKILLS/KNOWLEDGE/EXPERIENCE,0,0,0,0,13,4,5,2234,CALIFORNIA AVE,41.822631,-87.612987,05/27/2015 03:18:00 PM,2015
CR00029269,03/16/2024 06:54:00 AM,45,SNOW,DAYLIGHT,REAR END,DIVIDED - W/MEDIAN (NOT RAISED),STOP SIGN/FLASHER,IMPROPER LANE USAGE,FAILING TO REDUCE SPEED,0,0,0,0,6,7,3,1654,PULASKI RD,41.737629,-87.524593,03/16/2024 07:11:00 AM,2024
CR00029270,06/09/2022 10:41:00 PM,35,CLEAR,DARKNESS - LIGHTED ROAD,TURNING,ONE-WAY,NO CONTROLS,UNABLE TO DETERMINE,WEATHER,0,0,0,0,22,5,6,564,BROADWAY,41.874309,-87.803259,06/09/2022 11:37:00 PM,2022
CR00029271,01/10/2022 10:13:00 AM,35,CLEAR,DAYLIGHT,ANGLE,T-INTERSECTION,YIELD,DISTRACTION - FROM INSIDE VEHICLE,NOT APPLICABLE,0,0,0,0,10,2,1,2515,BROADWAY,41.896856,-87.559226,01/10/2022 12:10:00 PM,2022
CR00029272,11/15/2024 03:18:00 AM,30,RAIN,DARKNESS - LIGHTED ROAD,REAR END,DIVIDED - W/MEDIAN (NOT RAISED),TRAFFIC SIGNAL,DRIVING SKILLS/KNOWLEDGE/EXPERIENCE,UNABLE TO DETERMINE,0,0,0,0,3,6,11,1658,ROOSEVELT RD,41.93354,-87.798004,11/15/2024 05:13:00 AM,2024
CR00029273,11/16/2016 08:57:00 PM,35,CLOUDY/OVERCAST,DAYLIGHT,TURNING,DIVIDED - W/MEDIAN (NOT RAISED),STOP SIGN/FLASHER,IMPROPER OVERTAKING/PASSING,UNABLE TO DETERMINE,0,0,0,0,20,4,11,876,CLARK ST,41.989691,-87.748413,11/16/2016 10:02:00 PM,2016
CR00029274,10/19/2015 01:44:00 PM,20,CLEAR,DAYLIGHT,FIXED OBJECT,ONE-WAY,NO CONTROLS,UNABLE TO DETERMINE,DRIVING SKILLS/KNOWLEDGE/EXPERIENCE,0,0,0,0,13,2,10,426,STATE ST,41.827345,-87.826651,10/19/2015 01:56:00 PM,2015
CR00029275,11/18/2016 04:37:00 PM,30,CLOUDY/OVERCAST,DAYLIGHT,ANGLE,NOT DIVIDED,STOP SIGN/FLASHER,UNABLE TO DETERMINE,NOT APPLICABLE,0,0,0,0,16,6,11,1071,OGDEN AVE,41.945158,-87.660792,11/18/2016 05:29:00 PM,2016
CR00029276,11/04/2019 06:00:00 PM,35,CLEAR,DAYLIGHT,FIXED OBJECT,DIVIDED - W/MEDIAN BARRIER,YIELD,UNABLE TO DETERMINE,NOT APPLICABLE,0,0,3,3,18,2,11,125,ARCHER AVE,41.808628,-87.588438,11/04/2019 07:01:00 PM,2019
CR00029277,03/11/2016 07:56:00 PM,45,RAIN,DAYLIGHT,ANGLE,NOT DIVIDED,STOP SIGN/FLASHER,FOLLOWING TOO CLOSELY,FAILING TO YIELD RIGHT-OF-WAY,0,0,1,1,19,6,3,1052,CALIFORNIA AVE,41.822587,-87.732782,03/11/2016 09:07:00 PM,2016
CR00029278,12/31/2023 11:46:00 PM,35,CLEAR,DAYLIGHT,PARKED MOTOR VEHICLE,DIVIDED - W/MEDIAN (NOT RAISED),STOP SIGN/FLASHER,DRIVING SKILLS/KNOWLEDGE/EXPERIENCE,FOLLOWING TOO CLOSELY,0,0,0,0,23,1,12,585,MICHIGAN AVE,41.872166,-87.770165,12/31/2023 11:53:00 PM,2023
CR00029279,11/05/2019 05:20:00 PM,40,CLOUDY/OVERCAST,DAWN,ANGLE,NOT DIVIDED,STOP SIGN/FLASHER,DISTRACTION - FROM INSIDE VEHICLE,IMPROPER OVERTAKING/PASSING,0,0,0,0,17,3,11,1065,STONY ISLAND AVE,41.882885,-87.734744,11/05/2019 05:35:00 PM,2019
CR00029280,07/22/2018 05:56:00 PM,35,CLEAR,DAYLIGHT,ANGLE,NOT DIVIDED,NO CONTROLS,FAILING TO REDUCE SPEED,NOT APPLICABLE,0,0,0,0,17,1,7,1090,ASHLAND AVE,41.909288,-87.809255,07/22/2018 07:53:00 PM,2018
CR00029281,08/24/2015 12:33:00 PM,35,RAIN,DARKNESS,SIDESWIPE SAME DIRECTION,NOT DIVIDED,PEDESTRIAN CROSSING SIGN,IMPROPER LANE USAGE,UNABLE TO DETERMINE,0,0,0,0,12,2,8,2119,OGDEN AVE,41.958119,-87.79753,08/24/2015 12:55:00 PM,2015
CR00029282,06/30/2023 03:08:00 PM,30,FOG/SMOKE/HAZE,DARKNESS,PEDESTRIAN,FOUR WAY,STOP SIGN/FLASHER,UNABLE TO DETERMINE,IMPROPER OVERTAKING/PASSING,0,0,0,0,15,6,6,1964,CICERO AVE,41.997437,-87.621904,06/30/2023 04:22:00 PM,2023
CR00029283,04/30/2018 03:06:00 PM,20,CLEAR,DAWN,ANGLE,NOT DIVIDED,TRAFFIC SIGNAL,FOLLOWING TOO CLOSELY,FOLLOWING TOO CLOSELY,0,0,0,0,15,2,4,2284,CICERO AVE,41.85518,-87.792403,04/30/2018 04:04:00 PM,2018
CR00029284,03/07/2022 03:25:00 PM,15,CLEAR,DARKNESS - LIGHTED ROAD,PARKED MOTOR VEHICLE,DIVIDED - W/MEDIAN (NOT RAISED),STOP SIGN/FLASHER,UNABLE TO DETERMINE,FAILING TO YIELD RIGHT-OF-WAY,0,0,0,0,15,2,3,2270,FULLERTON AVE,41.822544,-87.637256,03/07/2022 04:59:00 PM,2022
CR00029285,05/12/2017 04:39:00 PM,45,CLEAR,DAYLIGHT,REAR END,ONE-WAY,NO CONTROLS,UNABLE TO DETERMINE,NOT APPLICABLE,0,0,0,0,16,6,5,2161,MICHIGAN AVE,41.986168,-87.511028,05/12/2017 05:05:00 PM,2017
CR00029286,01/02/2018 12:16:00 AM,35,CLEAR,DAYLIGHT,FIXED OBJECT,ONE-WAY,TRAFFIC SIGNAL,WEATHER,DISTRACTION - FROM INSIDE VEHICLE,0,0,0,0,0,3,1,1889,CLARK ST,41.833625,-87.773528,01/02/2018 01:39:00 AM,2018
CR00029287,08/15/2024 08:21:00 AM,20,CLEAR,DAYLIGHT,TURNING,DIVIDED - W/MEDIAN BARRIER,STOP SIGN/FLASHER,UNABLE TO DETERMINE,UNABLE TO DETERMINE,0,0,0,0,8,5,8,380,MILWAUKEE AVE,41.710752,-87.808358,08/15/2024 09:09:00 AM,2024
CR00029288,04/11/2015 07:31:00 PM,40,CLEAR,DAYLIGHT,PARKED MOTOR VEHICLE,NOT DIVIDED,NO CONTROLS,UNABLE TO DETERMINE,NOT APPLICABLE,0,0,0,0,19,7,4,1720,47TH ST,41.708931,-87.59266,04/11/2015 08:13:00 PM,2015
CR00029289,03/11/2020 08:26:00 AM,35,CLEAR,DAYLIGHT,PARKED MOTOR VEHICLE,ONE-WAY,NO CONTROLS,FOLLOWING TOO CLOSELY,DISREGARDING TRAFFIC SIGNALS,0,0,0,0,8,4,3,1280,PULASKI RD,41.706708,-87.656481,03/11/2020 09:12:00 AM,2020
CR00029290,12/26/2021 05:45:00 PM,25,SNOW,DAYLIGHT,REAR END,NOT DIVIDED,NO CONTROLS,IMPROPER LANE USAGE,NOT APPLICABLE,0,0,1,1,17,1,12,1096,FULLERTON AVE,41.892286,-87.562968,12/26/2021 07:20:00 PM,2021
CR00029291,10/16/2021 05:30:00 AM,35,CLOUDY/OVERCAST,DAYLIGHT,PARKED MOTOR VEHICLE,NOT DIVIDED,TRAFFIC SIGNAL,DISREGARDING TRAFFIC SIGNALS,NOT APPLICABLE,0,0,1,1,5,7,10,2271,KEDZIE AVE,41.897655,-87.702037,10/16/2021 05:49:00 AM,2021
CR00029292,05/19/2019 04:28:00 PM,45,SNOW,DAYLIGHT,ANGLE,FOUR WAY,UNKNOWN,FAILING TO YIELD RIGHT-OF-WAY,DISREGARDING TRAFFIC SIGNALS,0,0,0,0,16,1,5,531,WESTERN AVE,41.865732,-87.595818,05/19/2019 06:02:00 PM,2019
CR00029293,10/01/2018 02:50:00 PM,30,CLEAR,DAYLIGHT,FIXED OBJECT,ONE-WAY,NO CONTROLS,IMPROPER LANE USAGE,DRIVING SKILLS/KNOWLEDGE/EXPERIENCE,0,0,0,0,14,2,10,1984,79TH ST,41.725868,-87.792761,10/01/2018 03:31:00 PM,2018
CR00029294,07/11/2021 02:57:00 PM,25,FREEZING RAIN/DRIZZLE,DAYLIGHT,TURNING,NOT DIVIDED,NO CONTROLS,FOLLOWING TOO CLOSELY,NOT APPLICABLE,0,0,0,0,14,1,7,2353,ELSTON AVE,41.95202,-87.600713,07/11/2021 03:05:00 PM,2021