CRASH_RECORD_ID,CRASH_DATE,POSTED_SPEED_LIMIT,WEATHER_CONDITION,LIGHTING_CONDITION,FIRST_CRASH_TYPE,TRAFFICWAY_TYPE,TRAFFIC_CONTROL_DEVICE,PRIM_CONTRIBUTORY_CAUSE,SEC_CONTRIBUTORY_CAUSE,INJURIES_FATAL,INJURIES_INCAPACITATING,INJURIES_NON_INCAPACITATING,INJURIES_TOTAL,CRASH_HOUR,CRASH_DAY_OF_WEEK,CRASH_MONTH,BEAT_OF_OCCURRENCE,STREET_NAME,LATITUDE,LONGITUDE,DATE_POLICE_NOTIFIED,year
CR00029295,05/12/2023 04:17:00 PM,15,RAIN,DAYLIGHT,PEDESTRIAN,DIVIDED - W/MEDIAN (NOT RAISED),STOP SIGN/FLASHER,UNABLE TO DETERMINE,FAILING TO YIELD RIGHT-OF-WAY,0,0,0,0,16,6,5,869,BROADWAY,41.835206,-87.764535,05/12/2023 05:20:00 PM,2023
CR00029296,06/08/2017 02:54:00 AM,25,CLEAR,DAYLIGHT,REAR END,T-INTERSECTION,TRAFFIC SIGNAL,FAILING TO YIELD RIGHT-OF-WAY,IMPROPER LANE USAGE,0,2,0,2,2,5,6,1842,BROADWAY,41.968166,-87.528539,06/08/2017 03:06:00 AM,2017
CR00029297,12/19/2022 06:18:00 PM,30,CLEAR,DAYLIGHT,ANGLE,FOUR WAY,NO CONTROLS,UNABLE TO DETERMINE,IMPROPER OVERTAKING/PASSING,0,0,1,1,18,2,12,1774,LAKE SHORE DR,41.95147,-87.571826,12/19/2022 06:54:00 PM,2022
CR00029298,09/06/2019 08:37:00 AM,15,RAIN,DAYLIGHT,TURNING,ONE-WAY,NO CONTROLS,FAILING TO YIELD RIGHT-OF-WAY,WEATHER,0,0,0,0,8,6,9,1150,ARCHER AVE,41.747097,-87.521619,09/06/2019 09:26:00 AM,2019
CR00029299,07/24/2023 07:57:00 PM,35,CLEAR,DAYLIGHT,REAR END,NOT DIVIDED,NO CONTROLS,IMPROPER OVERTAKING/PASSING,FAILING TO REDUCE SPEED,0,0,0,0,19,2,7,2244,CLARK ST,41.824363,-87.805396,07/24/2023 08:38:00 PM,2023
CR00029300,01/23/2024 11:05:00 AM,30,CLEAR,DARKNESS - LIGHTED ROAD,SIDESWIPE SAME DIRECTION,NOT DIVIDED,UNKNOWN,IMPROPER OVERTAKING/PASSING,IMPROPER LANE USAGE,0,0,0,0,11,3,1,941,63RD ST,41.809151,-87.83969,01/23/2024 11:35:00 AM,2024
CR00029301,05/18/2016 09:39:00 AM,35,CLEAR,DARKNESS - LIGHTED ROAD,TURNING,NOT DIVIDED,NO CONTROLS,FOLLOWING TOO CLOSELY,UNABLE TO DETERMINE,0,0,0,0,9,4,5,2302,ELSTON AVE,41.755569,-87.8167,05/18/2016 10:19:00 AM,2016
CR00029302,06/28/2020 03:00:00 PM,30,CLEAR,DARKNESS,REAR END,ONE-WAY,YIELD,FOLLOWING TOO CLOSELY,UNABLE TO DETERMINE,0,0,0,0,15,1,6,2208,CALIFORNIA AVE,41.846094,-87.749621,06/28/2020 04:07:00 PM,2020
CR00029303,12/11/2016 06:36:00 AM,30,RAIN,DARKNESS - LIGHTED ROAD,PEDESTRIAN,DIVIDED - W/MEDIAN (NOT RAISED),NO CONTROLS,FOLLOWING TOO CLOSELY,IMPROPER LANE USAGE,0,1,2,3,6,1,12,215,CICERO AVE,41.826657,-87.612092,12/11/2016 08:15:00 AM,2016
CR00029304,07/10/2020 09:45:00 PM,30,FREEZING RAIN/DRIZZLE,DAYLIGHT,REAR END,ONE-WAY,UNKNOWN,UNABLE TO DETERMINE,DISTRACTION - FROM INSIDE VEHICLE,0,0,0,0,21,6,7,1767,KEDZIE AVE,41.848306,-87.685333,07/10/2020 10:19:00 PM,2020
CR00029305,05/25/2015 12:45:00 AM,15,FREEZING RAIN/DRIZZLE,DARKNESS - LIGHTED ROAD,SIDESWIPE SAME DIRECTION,DIVIDED - W/MEDIAN (NOT RAISED),TRAFFIC SIGNAL,UNABLE TO DETERMINE,FAILING TO REDUCE SPEED,0,0,0,0,0,2,5,1324,DIVISION ST,41.766514,-87.594613,05/25/2015 02:33:00 AM,2015
CR00029306,02/19/2022 07:02:00 AM,25,CLEAR,DARKNESS - LIGHTED ROAD,SIDESWIPE SAME DIRECTION,NOT DIVIDED,NO CONTROLS,DRIVING SKILLS/KNOWLEDGE/EXPERIENCE,NOT APPLICABLE,0,0,0,0,7,7,2,2244,ARCHER AVE,41.86967,-87.670341,02/19/2022 07:11:00 AM,2022
CR00029307,04/02/2016 04:23:00 PM,45,RAIN,DAYLIGHT,REAR TO FRONT,FOUR WAY,NO CONTROLS,IMPROPER OVERTAKING/PASSING,IMPROPER OVERTAKING/PASSING,0,0,1,1,16,7,4,2349,STONY ISLAND AVE,41.951265,-87.541617,04/02/2016 05:49:00 PM,2016
CR00029308,04/19/2022 09:54:00 AM,30,CLEAR,DAYLIGHT,REAR END,DIVIDED - W/MEDIAN BARRIER,TRAFFIC SIGNAL,DISTRACTION - FROM INSIDE VEHICLE,IMPROPER OVERTAKING/PASSING,0,0,0,0,9,3,4,2035,MILWAUKEE AVE,41.725222,-87.822532,04/19/2022 11:08:00 AM,2022
CR00029309,05/08/2017 04:45:00 PM,35,RAIN,DAYLIGHT,SIDESWIPE SAME DIRECTION,DIVIDED - W/MEDIAN BARRIER,YIELD,DRIVING SKILLS/KNOWLEDGE/EXPERIENCE,NOT APPLICABLE,0,0,0,0,16,2,5,1545,ELSTON AVE,41.834298,-87.617244,05/08/2017 06:17:00 PM,2017
CR00029310,08/25/2021 02:35:00 AM,30,CLOUDY/OVERCAST,DAYLIGHT,REAR END,ONE-WAY,YIELD,FAILING TO YIELD RIGHT-OF-WAY,IMPROPER OVERTAKING/PASSING,0,0,0,0,2,4,8,991,CLARK ST,41.839499,-87.619283,08/25/2021 04:28:00 AM,2021
CR00029311,06/11/2016 09:39:00 AM,20,CLEAR,DARKNESS - LIGHTED ROAD,REAR END,NOT DIVIDED,NO CONTROLS,FAILING TO YIELD RIGHT-OF-WAY,FOLLOWING TOO CLOSELY,0,0,0,0,9,7,6,1620,CLARK ST,41.968921,-87.630876,06/11/2016 10:09:00 AM,2016
CR00029312,07/15/2024 03:47:00 AM,15,CLEAR,DAYLIGHT,FIXED OBJECT,FOUR WAY,TRAFFIC SIGNAL,FOLLOWING TOO CLOSELY,DRIVING SKILLS/KNOWLEDGE/EXPERIENCE,0,0,0,0,3,2,7,960,BROADWAY,41.897213,-87.593726,07/15/2024 04:50:00 AM,2024
CR00029313,10/08/2023 05:19:00 AM,35,CLEAR,DARKNESS,TURNING,ONE-WAY,TRAFFIC SIGNAL,FAILING TO REDUCE SPEED,FAILING TO REDUCE SPEED,0,0,0,0,5,1,10,2122,IRVING PARK RD,41.997191,-87.67603,10/08/2023 07:05:00 AM,2023
CR00029314,09/26/2019 03:22:00 PM,35,CLEAR,DAYLIGHT,TURNING,NOT DIVIDED,NO CONTROLS,DISREGARDING TRAFFIC SIGNALS,NOT APPLICABLE,0,0,3,3,15,5,9,1696,BROADWAY,41.78619,-87.677774,09/26/2019 04:56:00 PM,2019
CR00029315,03/04/2016 01:21:00 AM,20,CLEAR,DAYLIGHT,PARKED MOTOR VEHICLE,DIVIDED - W/MEDIAN (NOT RAISED),STOP SIGN/FLASHER,UNABLE TO DETERMINE,UNABLE TO DETERMINE,0,0,0,0,1,6,3,2412,79TH ST,41.938175,-87.50846,03/04/2016 01:43:00 AM,2016
CR00029316,11/28/2020 12:34:00 PM,35,CLEAR,DAYLIGHT,REAR TO FRONT,DIVIDED - W/MEDIAN (NOT RAISED),NO CONTROLS,UNABLE TO DETERMINE,FAILING TO REDUCE SPEED,0,2,2,4,12,7,11,2249,ARCHER AVE,41.872365,-87.648031,11/28/2020 02:33:00 PM,2020
CR00029317,02/19/2023 04:27:00 PM,35,CLEAR,DAYLIGHT,SIDESWIPE SAME DIRECTION,NOT DIVIDED,TRAFFIC SIGNAL,IMPROPER OVERTAKING/PASSING,FAILING TO REDUCE SPEED,0,0,0,0,16,1,2,2519,IRVING PARK RD,41.748133,-87.556501,02/19/2023 05:29:00 PM,2023
CR00029318,03/04/2021 10:39:00 PM,20,CLEAR,DARKNESS - LIGHTED ROAD,REAR END,ONE-WAY,PEDESTRIAN CROSSING SIGN,UNABLE TO DETERMINE,UNABLE TO DETERMINE,0,0,0,0,22,5,3,1548,MICHIGAN AVE,41.788735,-87.764668,03/04/2021 10:47:00 PM,2021
CR00029319,03/21/2023 02:19:00 PM,40,RAIN,DAYLIGHT,ANGLE,FOUR WAY,NO CONTROLS,IMPROPER OVERTAKING/PASSING,NOT APPLICABLE,0,0,0,0,14,3,3,1437,BROADWAY,41.741051,-87.750287,03/21/2023 02:35:00 PM,2023
CR00029320,02/14/2022 04:42:00 PM,35,CLEAR,DAYLIGHT,REAR END,DIVIDED - W/MEDIAN (NOT RAISED),YIELD,DRIVING SKILLS/KNOWLEDGE/EXPERIENCE,NOT APPLICABLE,0,1,2,3,16,2,2,919,DIVISION ST,41.984126,-87.517534,02/14/2022 04:51:00 PM,2022
CR00029321,10/21/2024 06:58:00 AM,25,CLEAR,DAYLIGHT,TURNING,NOT DIVIDED,NO CONTROLS,FOLLOWING TOO CLOSELY,FOLLOWING TOO CLOSELY,0,0,0,0,6,2,10,663,63RD ST,41.925731,-87.698248,10/21/2024 08:29:00 AM,2024
CR00029322,09/06/2016 05:23:00 PM,15,CLEAR,DARKNESS - LIGHTED ROAD,SIDESWIPE SAME DIRECTION,NOT DIVIDED,NO CONTROLS,IMPROPER LANE USAGE,NOT APPLICABLE,0,0,0,0,17,3,9,485,CICERO AVE,41.727492,-87.719813,09/06/2016 06:02:00 PM,2016
CR00029323,10/23/2021 08:20:00 PM,25,CLEAR,DARKNESS,TURNING,NOT DIVIDED,STOP SIGN/FLASHER,UNABLE TO DETERMINE,NOT APPLICABLE,0,0,0,0,20,7,10,1064,FULLERTON AVE,41.824296,-87.806039,10/23/2021 08:36:00 PM,2021
CR00029324,04/24/2020 05:01:00 PM,30,CLOUDY/OVERCAST,DARKNESS,REAR END,NOT DIVIDED,TRAFFIC SIGNAL,UNABLE TO DETERMINE,IMPROPER LANE USAGE,0,0,0,0,17,6,4,1929,DIVISION ST,41.74187,-87.734828,04/24/2020 05:34:00 PM,2020
CR00029325,06/15/2016 06:55:00 PM,35,CLOUDY/OVERCAST,DUSK,FIXED OBJECT,DIVIDED - W/MEDIAN (NOT RAISED),YIELD,DISREGARDING TRAFFIC SIGNALS,UNABLE TO DETERMINE,0,0,0,0,18,4,6,629,ELSTON AVE,41.813194,-87.571015,06/15/2016 08:03:00 PM,2016
CR00029326,10/06/2018 02:07:00 PM,40,CLEAR,DAYLIGHT,ANGLE,NOT DIVIDED,NO CONTROLS,DISTRACTION - FROM INSIDE VEHICLE,WEATHER,0,0,0,0,14,7,10,2297,CALIFORNIA AVE,41.857641,-87.553513,10/06/2018 03:37:00 PM,2018
CR00029327,06/30/2018 02:31:00 AM,40,CLEAR,DARKNESS - LIGHTED ROAD,PEDESTRIAN,NOT DIVIDED,NO CONTROLS,DRIVING SKILLS/KNOWLEDGE/EXPERIENCE,DISTRACTION - FROM INSIDE VEHICLE,0,0,3,3,2,7,6,883,ARCHER AVE,41.927853,-87.824697,06/30/2018 03:53:00 AM,2018
CR00029328,12/03/2021 06:15:00 PM,20,CLOUDY/OVERCAST,DAYLIGHT,REAR END,NOT DIVIDED,NO CONTROLS,FOLLOWING TOO CLOSELY,NOT APPLICABLE,0,0,3,3,18,6,12,636,WESTERN AVE,41.806254,-87.765713,12/03/2021 06:16:00 PM,2021
CR00029329,07/18/2016 10:08:00 PM,30,CLEAR,DAYLIGHT,TURNING,NOT DIVIDED,STOP SIGN/FLASHER,UNABLE TO DETERMINE,FAILING TO YIELD RIGHT-OF-WAY,0,0,0,0,22,2,7,1773,OGDEN AVE,41.996758,-87.730904,07/18/2016 10:10:00 PM,2016
CR00029330,04/16/2019 04:54:00 PM,30,CLEAR,DARKNESS - LIGHTED ROAD,SIDESWIPE SAME DIRECTION,NOT DIVIDED,NO CONTROLS,FOLLOWING TOO CLOSELY,FAILING TO REDUCE SPEED,0,0,0,0,16,3,4,1475,ARCHER AVE,41.70093,-87.849891,04/16/2019 05:31:00 PM,2019
CR00029331,08/20/2017 06:43:00 PM,20,CLEAR,DAYLIGHT,REAR TO FRONT,NOT DIVIDED,NO CONTROLS,DISTRACTION - FROM INSIDE VEHICLE,UNABLE TO DETERMINE,0,0,0,0,18,1,8,176,DIVISION ST,41.83671,-87.605532,08/20/2017 08:38:00 PM,2017
CR00029332,08/15/2023 07:05:00 PM,15,CLEAR,DAYLIGHT,PARKED MOTOR VEHICLE,NOT DIVIDED,NO CONTROLS,FAILING TO YIELD RIGHT-OF-WAY,FAILING TO YIELD RIGHT-OF-WAY,0,0,0,0,19,3,8,2180,47TH ST,41.949013,-87.563408,08/15/2023 08:58:00 PM,2023
CR00029333,11/15/2016 09:38:00 PM,20,CLEAR,DARKNESS - LIGHTED ROAD,REAR END,DIVIDED - W/MEDIAN BARRIER,TRAFFIC SIGNAL,WEATHER,FAILING TO YIELD RIGHT-OF-WAY,0,1,0,1,21,3,11,1299,LAKE SHORE DR,41.75889,-87.824887,11/15/2016 10:50:00 PM,2016
CR00029334,01/13/2016 11:06:00 AM,15,CLEAR,DARKNESS,REAR END,NOT DIVIDED,NO CONTROLS,FAILING TO REDUCE SPEED,DISREGARDING TRAFFIC SIGNALS,0,0,0,0,11,4,1,466,MILWAUKEE AVE,41.77224,-87.742238,01/13/2016 11:23:00 AM,2016
CR00029335,08/12/2024 11:38:00 PM,30,CLEAR,DAYLIGHT,ANGLE,DIVIDED - W/MEDIAN (NOT RAISED),TRAFFIC SIGNAL,UNABLE TO DETERMINE,DISTRACTION - FROM INSIDE VEHICLE,0,0,1,1,23,2,8,2337,PULASKI RD,41.958312,-87.511844,08/13/2024 12:20:00 AM,2024
CR00029336,10/03/2018 02:50:00 PM,30,CLEAR,DAYLIGHT,REAR END,NOT DIVIDED,TRAFFIC SIGNAL,DISTRACTION - FROM INSIDE VEHICLE,IMPROPER OVERTAKING/PASSING,0,0,1,1,14,4,10,799,MICHIGAN AVE,41.769536,-87.849253,10/03/2018 03:13:00 PM,2018
CR00029337,01/18/2021 05:12:00 PM,20,CLEAR,DARKNESS - LIGHTED ROAD,ANGLE,DIVIDED - W/MEDIAN (NOT RAISED),NO CONTROLS,FAILING TO REDUCE SPEED,NOT APPLICABLE,0,0,0,0,17,2,1,2515,MILWAUKEE AVE,41.937068,-87.691093,01/18/2021 06:36:00 PM,2021
CR00029338,01/29/2020 07:26:00 PM,30,CLEAR,DARKNESS,SIDESWIPE SAME DIRECTION,NOT DIVIDED,TRAFFIC SIGNAL,FAILING TO YIELD RIGHT-OF-WAY,FAILING TO REDUCE SPEED,0,0,0,0,19,4,1,950,OGDEN AVE,41.749622,-87.559789,01/29/2020 09:03:00 PM,2020
CR00029339,07/01/2015 10:45:00 PM,35,CLEAR,DARKNESS - LIGHTED ROAD,SIDESWIPE SAME DIRECTION,DIVIDED - W/MEDIAN (NOT RAISED),NO CONTROLS,IMPROPER OVERTAKING/PASSING,NOT APPLICABLE,0,0,0,0,22,4,7,840,BROADWAY,41.714827,-87.594681,07/01/2015 11:39:00 PM,2015
CR00029340,08/07/2019 11:46:00 PM,20,CLEAR,DAYLIGHT,REAR END,NOT DIVIDED,NO CONTROLS,IMPROPER LANE USAGE,DISTRACTION - FROM INSIDE VEHICLE,0,0,0,0,23,4,8,1538,ASHLAND AVE,41.743641,-87.76534,08/08/2019 12:08:00 AM,2019
CR00029341,08/09/2016 10:07:00 AM,30,CLEAR,DAYLIGHT,ANGLE,ONE-WAY,NO CONTROLS,IMPROPER OVERTAKING/PASSING,FAILING TO YIELD RIGHT-OF-WAY,0,0,2,2,10,3,8,2346,HALSTED ST,41.942798,-87.512418,08/09/2016 11:34:00 AM,2016
CR00029342,05/12/2017 08:17:00 AM,20,CLEAR,DAYLIGHT,ANGLE,FOUR WAY,NO CONTROLS,IMPROPER OVERTAKING/PASSING,NOT APPLICABLE,0,0,0,0,8,6,5,1877,OGDEN AVE,41.780727,-87.839912,05/12/2017 09:32:00 AM,2017
CR00029343,10/12/2017 12:04:00 PM,35,CLEAR,DAYLIGHT,REAR END,NOT DIVIDED,TRAFFIC SIGNAL,FAILING TO YIELD RIGHT-OF-WAY,UNABLE TO DETERMINE,0,0,2,2,12,5,10,2177,LAKE SHORE DR,41.789429,-87.623542,10/12/2017 12:15:00 PM,2017
CR00029344,07/11/2024 10:57:00 PM,35,CLEAR,DAYLIGHT,TURNING,DIVIDED - W/MEDIAN (NOT RAISED),NO CONTROLS,DRIVING SKILLS/KNOWLEDGE/EXPERIENCE,UNABLE TO DETERMINE,0,0,1,1,22,5,7,2122,STATE ST,41.728044,-87.827345,07/12/2024 12:25:00 AM,2024
CR00029345,12/13/2023 01:18:00 PM,15,CLEAR,DARKNESS,PEDESTRIAN,ONE-WAY,STOP SIGN/FLASHER,DISTRACTION - FROM INSIDE VEHICLE,IMPROPER LANE USAGE,0,0,0,0,13,4,12,2498,LAKE SHORE DR,41.942057,-87.626811,12/13/2023 03:11:00 PM,2023
CR00029346,01/08/2015 03:14:00 PM,25,CLEAR,DARKNESS - LIGHTED ROAD,FIXED OBJECT,FOUR WAY,NO CONTROLS,FOLLOWING TOO CLOSELY,UNABLE TO DETERMINE,0,0,0,0,15,5,1,1069,ROOSEVELT RD,41.749876,-87.515446,01/08/2015 03:46:00 PM,2015
CR00029347,03/18/2017 08:44:00 AM,20,CLEAR,DAYLIGHT,REAR END,NOT DIVIDED,TRAFFIC SIGNAL,UNABLE TO DETERMINE,FOLLOWING TOO CLOSELY,0,0,0,0,8,7,3,942,ASHLAND AVE,41.816158,-87.84756,03/18/2017 09:27:00 AM,2017
CR00029348,07/02/2024 12:38:00 AM,30,CLEAR,DAYLIGHT,SIDESWIPE SAME DIRECTION,NOT DIVIDED,TRAFFIC SIGNAL,UNABLE TO DETERMINE,FOLLOWING TOO CLOSELY,0,0,0,0,0,3,7,2476,63RD ST,41.899669,-87.796998,07/02/2024 02:17:00 AM,2024
CR00029349,03/25/2021 02:51:00 PM,20,CLEAR,DARKNESS - LIGHTED ROAD,ANGLE,DIVIDED - W/MEDIAN (NOT RAISED),NO CONTROLS,DISTRACTION - FROM INSIDE VEHICLE,UNABLE TO DETERMINE,0,0,0,0,14,5,3,379,WESTERN AVE,41.819459,-87.679756,03/25/2021 03:05:00 PM,2021
CR00029350,12/15/2023 12:36:00 PM,30,CLEAR,DARKNESS - LIGHTED ROAD,REAR END,NOT DIVIDED,TRAFFIC SIGNAL,FAILING TO YIELD RIGHT-OF-WAY,UNABLE TO DETERMINE,0,0,0,0,12,6,12,1535,KEDZIE AVE,41.938771,-87.846927,12/15/2023 12:51:00 PM,2023
CR00029351,10/18/2023 04:16:00 PM,25,CLEAR,DARKNESS - LIGHTED ROAD,FIXED OBJECT,DIVIDED - W/MEDIAN BARRIER,NO CONTROLS,DRIVING SKILLS/KNOWLEDGE/EXPERIENCE,NOT APPLICABLE,0,0,0,0,16,4,10,2202,47TH ST,41.829723,-87.651947,10/18/2023 05:28:00 PM,2023
CR00029352,09/20/2024 04:39:00 PM,30,CLEAR,DAYLIGHT,TURNING,NOT DIVIDED,NO CONTROLS,IMPROPER LANE USAGE,DRIVING SKILLS/KNOWLEDGE/EXPERIENCE,0,0,0,0,16,6,9,1650,CICERO AVE,41.872367,-87.521986,09/20/2024 06:15:00 PM,2024
CR00029353,08/24/2017 07:38:00 AM,35,CLEAR,DAYLIGHT,TURNING,ONE-WAY,NO CONTROLS,UNABLE TO DETERMINE,NOT APPLICABLE,0,0,0,0,7,5,8,305,DAMEN AVE,41.92076,-87.54116,08/24/2017 08:24:00 AM,2017
CR00029354,03/20/2023 07:40:00 PM,30,CLEAR,DAYLIGHT,PARKED MOTOR VEHICLE,NOT DIVIDED,TRAFFIC SIGNAL,UNABLE TO DETERMINE,FAILING TO REDUCE SPEED,0,0,0,0,19,2,3,655,KEDZIE AVE,41.976262,-87.765031,03/20/2023 08:35:00 PM,2023
CR00029355,05/12/2019 12:32:00 PM,35,CLEAR,DAYLIGHT,ANGLE,DIVIDED - W/MEDIAN BARRIER,TRAFFIC SIGNAL,FOLLOWING TOO CLOSELY,FOLLOWING TOO CLOSELY,0,0,0,0,12,1,5,2321,WESTERN AVE,41.841581,-87.668775,05/12/2019 01:50:00 PM,2019
CR00029356,07/25/2015 03:25:00 PM,35,CLEAR,DARKNESS - LIGHTED ROAD,TURNING,NOT DIVIDED,STOP SIGN/FLASHER,FOLLOWING TOO CLOSELY,FOLLOWING TOO CLOSELY,0,0,3,3,15,7,7,1500,STATE ST,41.840409,-87.588558,07/25/2015 03:49:00 PM,2015
CR00029357,12/29/2020 03:20:00 AM,30,CLEAR,DAYLIGHT,SIDESWIPE SAME DIRECTION,NOT DIVIDED,TRAFFIC SIGNAL,FAILING TO YIELD RIGHT-OF-WAY,FAILING TO REDUCE SPEED,0,0,0,0,3,3,12,381,DIVISION ST,41.9956,-87.794545,12/29/2020 04:20:00 AM,2020
CR00029358,04/08/2016 05:43:00 PM,35,CLEAR,DAYLIGHT,REAR END,NOT DIVIDED,NO CONTROLS,UNABLE TO DETERMINE,NOT APPLICABLE,0,0,0,0,17,6,4,1232,CALIFORNIA AVE,41.763154,-87.826117,04/08/2016 06:35:00 PM,2016
CR00029359,12/28/2015 02:17:00 PM,40,CLEAR,DUSK,TURNING,NOT DIVIDED,TRAFFIC SIGNAL,UNABLE TO DETERMINE,NOT APPLICABLE,0,0,0,0,14,2,12,453,79TH ST,41.761474,-87.767462,12/28/2015 03:54:00 PM,2015
CR00029360,09/09/2015 10:15:00 PM,30,CLEAR,DARKNESS - LIGHTED ROAD,REAR TO FRONT,DIVIDED - W/MEDIAN (NOT RAISED),PEDESTRIAN CROSSING SIGN,UNABLE TO DETERMINE,UNABLE TO DETERMINE,0,0,0,0,22,4,9,2210,STATE ST,41.937214,-87.546653,09/09/2015 11:10:00 PM,2015
CR00029361,04/30/2019 05:22:00 PM,20,CLEAR,DAYLIGHT,TURNING,ONE-WAY,NO CONTROLS,UNABLE TO DETERMINE,DISTRACTION - FROM INSIDE VEHICLE,0,0,0,0,17,3,4,817,DAMEN AVE,41.967979,-87.598214,04/30/2019 07:15:00 PM,2019
CR00029362,12/21/2019 08:51:00 AM,40,CLEAR,DUSK,TURNING,DIVIDED - W/MEDIAN (NOT RAISED),NO CONTROLS,UNABLE TO DETERMINE,NOT APPLICABLE,0,0,1,1,8,7,12,232,DAMEN AVE,41.827075,-87.654821,12/21/2019 09:42:00 AM,2019
CR00029363,06/02/2016 08:25:00 AM,35,CLEAR,DAYLIGHT,TURNING,NOT DIVIDED,NO CONTROLS,UNABLE TO DETERMINE,FOLLOWING TOO CLOSELY,0,1,2,3,8,5,6,1138,ROOSEVELT RD,41.839378,-87.842694,06/02/2016 09:57:00 AM,2016
CR00029364,04/13/2024 05:30:00 AM,35,CLEAR,DAYLIGHT,REAR TO FRONT,DIVIDED - W/MEDIAN (NOT RAISED),TRAFFIC SIGNAL,UNABLE TO DETERMINE,FOLLOWING TOO CLOSELY,0,0,0,0,5,7,4,2128,DIVISION ST,41.920053,-87.501234,04/13/2024 05:47:00 AM,2024
CR00029365,08/08/2017 07:24:00 AM,25,CLEAR,DAYLIGHT,TURNING,DIVIDED - W/MEDIAN (NOT RAISED),TRAFFIC SIGNAL,DISTRACTION - FROM INSIDE VEHICLE,UNABLE TO DETERMINE,0,0,0,0,7,3,8,842,ROOSEVELT RD,41.919035,-87.565592,08/08/2017 07:28:00 AM,2017
CR00029366,01/08/2018 02:03:00 AM,30,FOG/SMOKE/HAZE,DAYLIGHT,TURNING,NOT DIVIDED,TRAFFIC SIGNAL,IMPROPER OVERTAKING/PASSING,FOLLOWING TOO CLOSELY,0,1,2,3,2,2,1,1903,FULLERTON AVE,41.998448,-87.730508,01/08/2018 03:04:00 AM,2018
CR00029367,01/10/2016 06:51:00 PM,20,CLEAR,DAYLIGHT,REAR END,ONE-WAY,NO CONTROLS,FOLLOWING TOO CLOSELY,NOT APPLICABLE,0,0,0,0,18,1,1,2502,LAKE SHORE DR,41.934979,-87.638442,01/10/2016 07:33:00 PM,2016
CR00029368,03/23/2024 01:59:00 PM,30,CLEAR,DAYLIGHT,TURNING,ONE-WAY,YIELD,IMPROPER OVERTAKING/PASSING,IMPROPER OVERTAKING/PASSING,0,0,0,0,13,7,3,1892,79TH ST,41.894741,-87.642757,03/23/2024 02:39:00 PM,2024
CR00029369,01/28/2022 05:06:00 AM,30,SNOW,DARKNESS - LIGHTED ROAD,ANGLE,DIVIDED - W/MEDIAN (NOT RAISED),STOP SIGN/FLASHER,FAILING TO REDUCE SPEED,FAILING TO YIELD RIGHT-OF-WAY,0,0,0,0,5,6,1,195,DIVISION ST,41.871353,-87.524177,01/28/2022 06:12:00 AM,2022
CR00029370,11/27/2019 12:57:00 PM,35,SNOW,DARKNESS - LIGHTED ROAD,REAR END,NOT DIVIDED,TRAFFIC SIGNAL,DISTRACTION - FROM INSIDE VEHICLE,UNABLE TO DETERMINE,0,0,0,0,12,4,11,1688,ROOSEVELT RD,41.886317,-87.665223,11/27/2019 01:42:00 PM,2019
CR00029371,11/22/2016 05:47:00 PM,35,FREEZING RAIN/DRIZZLE,DAYLIGHT,TURNING,DIVIDED - W/MEDIAN (NOT RAISED),TRAFFIC SIGNAL,IMPROPER LANE USAGE,FOLLOWING TOO CLOSELY,0,0,0,0,17,3,11,2304,KEDZIE AVE,41.738358,-87.683575,11/22/2016 07:36:00 PM,2016
CR00029372,09/12/2020 07:17:00 AM,35,CLOUDY/OVERCAST,DAYLIGHT,FIXED OBJECT,ONE-WAY,STOP SIGN/FLASHER,DISREGARDING TRAFFIC SIGNALS,DISTRACTION - FROM INSIDE VEHICLE,0,0,0,0,7,7,9,167,BROADWAY,41.888475,-87.552728,09/12/2020 09:12:00 AM,2020
CR00029373,02/27/2019 10:02:00 PM,25,CLEAR,DAYLIGHT,FIXED OBJECT,NOT DIVIDED,STOP SIGN/FLASHER,UNABLE TO DETERMINE,UNABLE TO DETERMINE,0,0,0,0,22,4,2,2282,STATE ST,41.779871,-87.610641,02/27/2019 11:07:00 PM,2019
CR00029374,11/17/2024 01:49:00 PM,15,CLEAR,DARKNESS - LIGHTED ROAD,SIDESWIPE SAME DIRECTION,DIVIDED - W/MEDIAN (NOT RAISED),TRAFFIC SIGNAL,IMPROPER OVERTAKING/PASSING,UNABLE TO DETERMINE,0,0,0,0,13,1,11,1419,BROADWAY,41.990535,-87.598612,11/17/2024 03:20:00 PM,2024
CR00029375,08/24/2016 10:31:00 AM,45,RAIN,DAYLIGHT,PEDESTRIAN,FOUR WAY,STOP SIGN/FLASHER,UNABLE TO DETERMINE,IMPROPER LANE USAGE,0,0,1,1,10,4,8,1142,PULASKI RD,41.762125,-87.623703,08/24/2016 11:02:00 AM,2016
CR00029376,07/01/2018 03:43:00 PM,40,CLEAR,DARKNESS,REAR END,NOT DIVIDED,TRAFFIC SIGNAL,FAILING TO YIELD RIGHT-OF-WAY,IMPROPER LANE USAGE,0,0,0,0,15,1,7,2402,79TH ST,41.933147,-87.624089,07/01/2018 04:10:00 PM,2018