CRASH_RECORD_ID,CRASH_DATE,POSTED_SPEED_LIMIT,WEATHER_CONDITION,LIGHTING_CONDITION,FIRST_CRASH_TYPE,TRAFFICWAY_TYPE,TRAFFIC_CONTROL_DEVICE,PRIM_CONTRIBUTORY_CAUSE,SEC_CONTRIBUTORY_CAUSE,INJURIES_FATAL,INJURIES_INCAPACITATING,INJURIES_NON_INCAPACITATING,INJURIES_TOTAL,CRASH_HOUR,CRASH_DAY_OF_WEEK,CRASH_MONTH,BEAT_OF_OCCURRENCE,STREET_NAME,LATITUDE,LONGITUDE,DATE_POLICE_NOTIFIED,year
CR00029377,02/08/2023 03:07:00 PM,45,SNOW,DARKNESS - LIGHTED ROAD,ANGLE,ONE-WAY,TRAFFIC SIGNAL,UNABLE TO DETERMINE,DISREGARDING TRAFFIC SIGNALS,0,0,0,0,15,4,2,242,DIVISION ST,41.995878,-87.838405,02/08/2023 03:54:00 PM,2023
CR00029378,05/26/2024 03:11:00 PM,30,CLEAR,DAYLIGHT,REAR TO FRONT,DIVIDED - W/MEDIAN (NOT RAISED),STOP SIGN/FLASHER,UNABLE TO DETERMINE,IMPROPER LANE USAGE,0,0,0,0,15,1,5,207,FULLERTON AVE,41.741526,-87.760835,05/26/2024 03:28:00 PM,2024
CR00029379,12/13/2015 03:49:00 PM,30,CLOUDY/OVERCAST,DAYLIGHT,SIDESWIPE SAME DIRECTION,NOT DIVIDED,NO CONTROLS,IMPROPER OVERTAKING/PASSING,DRIVING SKILLS/KNOWLEDGE/EXPERIENCE,0,0,0,0,15,1,12,1050,CICERO AVE,41.930851,-87.575079,12/13/2015 04:53:00 PM,2015
CR00029380,11/09/2023 07:29:00 AM,25,CLEAR,DAYLIGHT,ANGLE,NOT DIVIDED,STOP SIGN/FLASHER,IMPROPER LANE USAGE,FOLLOWING TOO CLOSELY,0,0,0,0,7,5,11,431,MICHIGAN AVE,41.813389,-87.809831,11/09/2023 08:21:00 AM,2023
CR00029381,11/03/2015 06:37:00 PM,40,CLEAR,DARKNESS - LIGHTED ROAD,SIDESWIPE SAME DIRECTION,T-INTERSECTION,NO CONTROLS,FAILING TO YIELD RIGHT-OF-WAY,FAILING TO YIELD RIGHT-OF-WAY,0,0,0,0,18,3,11,2294,BROADWAY,41.951071,-87.534666,11/03/2015 07:01:00 PM,2015
CR00029382,11/23/2024 12:20:00 PM,35,CLEAR,DAYLIGHT,REAR END,ONE-WAY,NO CONTROLS,FOLLOWING TOO CLOSELY,DISREGARDING TRAFFIC SIGNALS,0,0,0,0,12,7,11,2479,LAKE SHORE DR,41.983246,-87.633254,11/23/2024 02:13:00 PM,2024
CR00029383,06/01/2023 06:23:00 PM,35,CLEAR,DAYLIGHT,ANGLE,NOT DIVIDED,TRAFFIC SIGNAL,UNABLE TO DETERMINE,DISREGARDING TRAFFIC SIGNALS,0,0,0,0,18,5,6,912,63RD ST,41.947341,-87.599563,06/01/2023 06:51:00 PM,2023
CR00029384,12/27/2017 05:15:00 PM,30,CLEAR,DARKNESS - LIGHTED ROAD,ANGLE,DIVIDED - W/MEDIAN (NOT RAISED),NO CONTROLS,FAILING TO YIELD RIGHT-OF-WAY,DRIVING SKILLS/KNOWLEDGE/EXPERIENCE,0,0,0,0,17,4,12,1969,MILWAUKEE AVE,41.793299,-87.679437,12/27/2017 05:52:00 PM,2017
CR00029385,01/12/2024 07:51:00 AM,45,CLOUDY/OVERCAST,DARKNESS - LIGHTED ROAD,REAR END,NOT DIVIDED,NO CONTROLS,UNABLE TO DETERMINE,DISTRACTION - FROM INSIDE VEHICLE,0,0,0,0,7,6,1,1842,BROADWAY,41.94304,-87.507582,01/12/2024 07:52:00 AM,2024
CR00029386,12/05/2023 12:49:00 PM,35,CLEAR,DAYLIGHT,REAR END,NOT DIVIDED,NO CONTROLS,IMPROPER OVERTAKING/PASSING,IMPROPER LANE USAGE,0,2,3,5,12,3,12,1889,PULASKI RD,41.740005,-87.730994,12/05/2023 02:32:00 PM,2023
CR00029387,05/05/2018 09:49:00 PM,30,CLEAR,DAYLIGHT,REAR END,ONE-WAY,NO CONTROLS,DRIVING SKILLS/KNOWLEDGE/EXPERIENCE,NOT APPLICABLE,0,0,0,0,21,7,5,1213,OGDEN AVE,41.766995,-87.522687,05/05/2018 10:01:00 PM,2018
CR00029388,07/07/2016 11:07:00 AM,25,CLOUDY/OVERCAST,DARKNESS - LIGHTED ROAD,REAR END,NOT DIVIDED,STOP SIGN/FLASHER,WEATHER,WEATHER,0,0,0,0,11,5,7,2260,63RD ST,41.881365,-87.560152,07/07/2016 12:32:00 PM,2016
CR00029389,03/19/2020 07:33:00 AM,20,CLEAR,DAYLIGHT,SIDESWIPE SAME DIRECTION,FOUR WAY,NO CONTROLS,WEATHER,FAILING TO YIELD RIGHT-OF-WAY,0,0,0,0,7,5,3,235,HALSTED ST,41.709281,-87.786364,03/19/2020 08:46:00 AM,2020
CR00029390,10/03/2015 07:44:00 AM,30,CLEAR,DARKNESS - LIGHTED ROAD,ANGLE,ONE-WAY,PEDESTRIAN CROSSING SIGN,IMPROPER LANE USAGE,DISREGARDING TRAFFIC SIGNALS,0,0,0,0,7,7,10,2165,CLARK ST,41.800155,-87.78888,10/03/2015 09:27:00 AM,2015
CR00029391,09/09/2017 12:31:00 PM,15,SNOW,DARKNESS - LIGHTED ROAD,PEDESTRIAN,ONE-WAY,STOP SIGN/FLASHER,DRIVING SKILLS/KNOWLEDGE/EXPERIENCE,UNABLE TO DETERMINE,0,0,3,3,12,7,9,1353,KEDZIE AVE,41.756632,-87.800966,09/09/2017 02:01:00 PM,2017
CR00029392,06/30/2018 05:41:00 PM,35,CLEAR,DARKNESS,REAR END,FOUR WAY,NO CONTROLS,FOLLOWING TOO CLOSELY,FAILING TO YIELD RIGHT-OF-WAY,0,0,0,0,17,7,6,2266,BROADWAY,41.789803,-87.545134,06/30/2018 07:32:00 PM,2018
CR00029393,05/02/2017 03:46:00 PM,25,CLEAR,DARKNESS - LIGHTED ROAD,FIXED OBJECT,NOT DIVIDED,STOP SIGN/FLASHER,UNABLE TO DETERMINE,WEATHER,0,0,1,1,15,3,5,109,79TH ST,41.850322,-87.727464,05/02/2017 05:04:00 PM,2017
CR00029394,09/18/2022 10:43:00 PM,40,CLEAR,DAYLIGHT,PARKED MOTOR VEHICLE,DIVIDED - W/MEDIAN (NOT RAISED),STOP SIGN/FLASHER,UNABLE TO DETERMINE,IMPROPER OVERTAKING/PASSING,0,2,0,2,22,1,9,258,IRVING PARK RD,41.858036,-87.720258,09/18/2022 11:48:00 PM,2022
CR00029395,07/04/2021 08:37:00 AM,15,CLEAR,DARKNESS - LIGHTED ROAD,SIDESWIPE SAME DIRECTION,DIVIDED - W/MEDIAN (NOT RAISED),STOP SIGN/FLASHER,FOLLOWING TOO CLOSELY,UNABLE TO DETERMINE,0,0,0,0,8,1,7,839,FULLERTON AVE,41.867416,-87.797089,07/04/2021 09:12:00 AM,2021
CR00029396,09/14/2023 12:59:00 PM,15,RAIN,DAWN,REAR TO FRONT,DIVIDED - W/MEDIAN (NOT RAISED),NO CONTROLS,DISREGARDING TRAFFIC SIGNALS,FAILING TO REDUCE SPEED,0,0,0,0,12,5,9,1434,MICHIGAN AVE,41.879926,-87.685315,09/14/2023 01:17:00 PM,2023
CR00029397,05/04/2019 11:06:00 PM,45,SNOW,DAYLIGHT,SIDESWIPE SAME DIRECTION,NOT DIVIDED,NO CONTROLS,FOLLOWING TOO CLOSELY,NOT APPLICABLE,0,0,1,1,23,7,5,855,CICERO AVE,41.952903,-87.842413,05/05/2019 12:17:00 AM,2019
CR00029398,05/22/2019 05:10:00 PM,30,RAIN,DAYLIGHT,ANGLE,DIVIDED - W/MEDIAN BARRIER,NO CONTROLS,IMPROPER OVERTAKING/PASSING,FAILING TO YIELD RIGHT-OF-WAY,0,0,0,0,17,4,5,1585,LAKE SHORE DR,41.89946,-87.584363,05/22/2019 06:56:00 PM,2019
CR00029399,07/25/2017 03:43:00 AM,30,CLEAR,DAYLIGHT,REAR END,NOT DIVIDED,NO CONTROLS,FAILING TO YIELD RIGHT-OF-WAY,UNABLE TO DETERMINE,0,0,0,0,3,3,7,1287,IRVING PARK RD,41.930428,-87.62499,07/25/2017 05:25:00 AM,2017
CR00029400,11/25/2019 01:02:00 PM,30,CLEAR,DAYLIGHT,REAR TO FRONT,T-INTERSECTION,STOP SIGN/FLASHER,DISTRACTION - FROM INSIDE VEHICLE,DRIVING SKILLS/KNOWLEDGE/EXPERIENCE,0,0,0,0,13,2,11,658,ROOSEVELT RD,41.855477,-87.732661,11/25/2019 01:54:00 PM,2019
CR00029401,03/28/2017 07:01:00 AM,40,CLEAR,DARKNESS - LIGHTED ROAD,REAR END,DIVIDED - W/MEDIAN BARRIER,TRAFFIC SIGNAL,IMPROPER LANE USAGE,DRIVING SKILLS/KNOWLEDGE/EXPERIENCE,0,0,0,0,7,3,3,1772,KEDZIE AVE,41.947117,-87.529634,03/28/2017 07:53:00 AM,2017
CR00029402,01/22/2019 03:09:00 AM,20,CLEAR,DAYLIGHT,REAR TO FRONT,DIVIDED - W/MEDIAN (NOT RAISED),NO CONTROLS,UNABLE TO DETERMINE,UNABLE TO DETERMINE,0,0,0,0,3,3,1,2273,STATE ST,41.901344,-87.724317,01/22/2019 03:27:00 AM,2019
CR00029403,06/10/2016 01:27:00 PM,30,CLEAR,DUSK,SIDESWIPE SAME DIRECTION,NOT DIVIDED,STOP SIGN/FLASHER,FOLLOWING TOO CLOSELY,NOT APPLICABLE,0,2,2,4,13,6,6,1811,LAKE SHORE DR,41.987493,-87.614534,06/10/2016 02:40:00 PM,2016
CR00029404,05/10/2023 03:31:00 PM,30,CLEAR,DAYLIGHT,REAR END,NOT DIVIDED,TRAFFIC SIGNAL,IMPROPER OVERTAKING/PASSING,DRIVING SKILLS/KNOWLEDGE/EXPERIENCE,0,0,0,0,15,4,5,2298,ASHLAND AVE,41.831596,-87.691101,05/10/2023 04:49:00 PM,2023
CR00029405,11/12/2018 04:39:00 PM,25,CLEAR,DAYLIGHT,FIXED OBJECT,DIVIDED - W/MEDIAN BARRIER,NO CONTROLS,DRIVING SKILLS/KNOWLEDGE/EXPERIENCE,NOT APPLICABLE,0,0,1,1,16,2,11,1325,LAKE SHORE DR,41.784819,-87.81442,11/12/2018 05:30:00 PM,2018
CR00029406,03/04/2016 07:00:00 PM,30,CLEAR,DAYLIGHT,TURNING,DIVIDED - W/MEDIAN (NOT RAISED),TRAFFIC SIGNAL,FAILING TO YIELD RIGHT-OF-WAY,NOT APPLICABLE,0,0,0,0,19,6,3,2248,OGDEN AVE,41.923015,-87.598657,03/04/2016 08:31:00 PM,2016
CR00029407,08/17/2018 05:10:00 PM,30,RAIN,DAYLIGHT,SIDESWIPE SAME DIRECTION,NOT DIVIDED,TRAFFIC SIGNAL,FAILING TO YIELD RIGHT-OF-WAY,FOLLOWING TOO CLOSELY,0,0,0,0,17,6,8,1414,LAKE SHORE DR,41.899363,-87.591649,08/17/2018 07:10:00 PM,2018
CR00029408,08/18/2022 10:37:00 PM,25,CLOUDY/OVERCAST,DAYLIGHT,ANGLE,T-INTERSECTION,NO CONTROLS,IMPROPER OVERTAKING/PASSING,DRIVING SKILLS/KNOWLEDGE/EXPERIENCE,0,0,0,0,22,5,8,832,ASHLAND AVE,41.781028,-87.572544,08/18/2022 11:58:00 PM,2022
CR00029409,03/25/2016 02:26:00 PM,35,CLEAR,DAYLIGHT,REAR END,NOT DIVIDED,NO CONTROLS,UNABLE TO DETERMINE,IMPROPER LANE USAGE,0,0,0,0,14,6,3,1345,HALSTED ST,41.949034,-87.835827,03/25/2016 03:07:00 PM,2016
CR00029410,12/31/2015 04:40:00 AM,40,CLEAR,DAYLIGHT,SIDESWIPE SAME DIRECTION,DIVIDED - W/MEDIAN (NOT RAISED),TRAFFIC SIGNAL,IMPROPER LANE USAGE,FOLLOWING TOO CLOSELY,0,0,1,1,4,5,12,2499,IRVING PARK RD,41.764006,-87.826295,12/31/2015 06:22:00 AM,2015
CR00029411,07/14/2015 07:19:00 PM,30,FREEZING RAIN/DRIZZLE,DUSK,PARKED MOTOR VEHICLE,NOT DIVIDED,TRAFFIC SIGNAL,FAILING TO REDUCE SPEED,UNABLE TO DETERMINE,0,0,0,0,19,3,7,2332,WESTERN AVE,41.846648,-87.661404,07/14/2015 07:54:00 PM,2015
CR00029412,02/17/2018 12:07:00 PM,30,RAIN,DAYLIGHT,REAR TO FRONT,FOUR WAY,NO CONTROLS,UNABLE TO DETERMINE,FAILING TO REDUCE SPEED,0,0,0,0,12,7,2,856,DIVISION ST,41.873418,-87.786968,02/17/2018 01:55:00 PM,2018
CR00029413,10/05/2020 04:11:00 PM,35,RAIN,DARKNESS - LIGHTED ROAD,SIDESWIPE SAME DIRECTION,ONE-WAY,NO CONTROLS,IMPROPER LANE USAGE,NOT APPLICABLE,0,0,3,3,16,2,10,649,CLARK ST,41.858888,-87.662959,10/05/2020 05:09:00 PM,2020
CR00029414,07/05/2024 10:27:00 AM,35,CLEAR,DARKNESS - LIGHTED ROAD,REAR END,ONE-WAY,NO CONTROLS,DISTRACTION - FROM INSIDE VEHICLE,FAILING TO YIELD RIGHT-OF-WAY,0,0,1,1,10,6,7,2492,MILWAUKEE AVE,41.747993,-87.709033,07/05/2024 12:11:00 PM,2024
CR00029415,05/16/2022 08:58:00 AM,15,CLEAR,DAYLIGHT,SIDESWIPE SAME DIRECTION,ONE-WAY,UNKNOWN,DRIVING SKILLS/KNOWLEDGE/EXPERIENCE,FAILING TO YIELD RIGHT-OF-WAY,0,0,0,0,8,2,5,511,CLARK ST,41.97676,-87.730954,05/16/2022 09:50:00 AM,2022
CR00029416,10/28/2019 02:03:00 PM,35,CLEAR,DAYLIGHT,SIDESWIPE SAME DIRECTION,NOT DIVIDED,STOP SIGN/FLASHER,FOLLOWING TOO CLOSELY,DISTRACTION - FROM INSIDE VEHICLE,0,0,0,0,14,2,10,1247,FULLERTON AVE,41.777242,-87.573809,10/28/2019 02:26:00 PM,2019
CR00029417,02/07/2015 07:21:00 AM,35,RAIN,DARKNESS,SIDESWIPE SAME DIRECTION,DIVIDED - W/MEDIAN (NOT RAISED),TRAFFIC SIGNAL,UNABLE TO DETERMINE,IMPROPER LANE USAGE,0,0,0,0,7,7,2,1440,PULASKI RD,41.817989,-87.62428,02/07/2015 09:13:00 AM,2015
CR00029418,07/03/2017 07:09:00 AM,15,CLEAR,DAYLIGHT,PEDESTRIAN,NOT DIVIDED,STOP SIGN/FLASHER,FAILING TO YIELD RIGHT-OF-WAY,UNABLE TO DETERMINE,0,0,0,0,7,2,7,446,BROADWAY,41.76858,-87.722964,07/03/2017 08:27:00 AM,2017
CR00029419,02/07/2016 06:22:00 PM,30,CLEAR,DARKNESS - LIGHTED ROAD,TURNING,DIVIDED - W/MEDIAN BARRIER,STOP SIGN/FLASHER,FOLLOWING TOO CLOSELY,NOT APPLICABLE,0,0,0,0,18,1,2,409,PULASKI RD,41.72833,-87.544911,02/07/2016 08:05:00 PM,2016
CR00029420,02/16/2022 03:53:00 PM,15,CLEAR,DAYLIGHT,REAR END,NOT DIVIDED,TRAFFIC SIGNAL,FAILING TO YIELD RIGHT-OF-WAY,DRIVING SKILLS/KNOWLEDGE/EXPERIENCE,0,0,1,1,15,4,2,2127,WESTERN AVE,41.919864,-87.778416,02/16/2022 05:17:00 PM,2022
CR00029421,12/14/2016 11:25:00 AM,40,CLEAR,DARKNESS - LIGHTED ROAD,REAR END,NOT DIVIDED,TRAFFIC SIGNAL,UNABLE TO DETERMINE,DRIVING SKILLS/KNOWLEDGE/EXPERIENCE,0,0,0,0,11,4,12,2150,DAMEN AVE,41.980248,-87.826442,12/14/2016 12:51:00 PM,2016
CR00029422,02/20/2021 01:09:00 PM,45,FREEZING RAIN/DRIZZLE,DARKNESS,PARKED MOTOR VEHICLE,DIVIDED - W/MEDIAN (NOT RAISED),NO CONTROLS,IMPROPER LANE USAGE,FAILING TO REDUCE SPEED,0,0,0,0,13,7,2,1378,79TH ST,41.907136,-87.621232,02/20/2021 02:40:00 PM,2021
CR00029423,01/06/2024 08:08:00 AM,25,CLEAR,DAYLIGHT,ANGLE,NOT DIVIDED,NO CONTROLS,UNABLE TO DETERMINE,UNABLE TO DETERMINE,0,0,0,0,8,7,1,1734,CICERO AVE,41.769873,-87.702587,01/06/2024 08:25:00 AM,2024
CR00029424,05/11/2016 06:38:00 PM,30,CLEAR,DARKNESS - LIGHTED ROAD,ANGLE,DIVIDED - W/MEDIAN (NOT RAISED),YIELD,UNABLE TO DETERMINE,FAILING TO REDUCE SPEED,0,0,0,0,18,4,5,800,47TH ST,41.752503,-87.839756,05/11/2016 06:47:00 PM,2016
CR00029425,10/25/2017 10:01:00 AM,35,CLEAR,DAYLIGHT,REAR END,NOT DIVIDED,NO CONTROLS,IMPROPER OVERTAKING/PASSING,NOT APPLICABLE,0,0,0,0,10,4,10,614,MICHIGAN AVE,41.982133,-87.6882,10/25/2017 10:11:00 AM,2017
CR00029426,11/23/2022 09:29:00 PM,45,CLEAR,DARKNESS - LIGHTED ROAD,TURNING,NOT DIVIDED,TRAFFIC SIGNAL,IMPROPER OVERTAKING/PASSING,NOT APPLICABLE,0,0,0,0,21,4,11,2402,HALSTED ST,41.975959,-87.849231,11/23/2022 10:15:00 PM,2022
CR00029427,02/16/2020 02:56:00 PM,45,CLEAR,DARKNESS - LIGHTED ROAD,TURNING,ONE-WAY,NO CONTROLS,IMPROPER LANE USAGE,FOLLOWING TOO CLOSELY,0,0,0,0,14,1,2,329,IRVING PARK RD,41.928934,-87.779652,02/16/2020 04:40:00 PM,2020
CR00029428,08/26/2023 04:50:00 PM,45,RAIN,DARKNESS - LIGHTED ROAD,PARKED MOTOR VEHICLE,DIVIDED - W/MEDIAN (NOT RAISED),NO CONTROLS,DISTRACTION - FROM INSIDE VEHICLE,UNABLE TO DETERMINE,0,0,0,0,16,7,8,1960,DAMEN AVE,41.7569,-87.77347,08/26/2023 06:28:00 PM,2023
CR00029429,12/11/2023 05:45:00 PM,15,SNOW,DARKNESS - LIGHTED ROAD,PARKED MOTOR VEHICLE,NOT DIVIDED,NO CONTROLS,DISTRACTION - FROM INSIDE VEHICLE,FAILING TO REDUCE SPEED,0,0,0,0,17,2,12,1359,ELSTON AVE,41.97219,-87.64713,12/11/2023 06:23:00 PM,2023
CR00029430,06/23/2019 03:17:00 AM,30,CLEAR,DAYLIGHT,REAR END,NOT DIVIDED,NO CONTROLS,FOLLOWING TOO CLOSELY,FOLLOWING TOO CLOSELY,0,0,0,0,3,1,6,187,FULLERTON AVE,41.891167,-87.692473,06/23/2019 03:21:00 AM,2019
CR00029431,05/25/2024 07:17:00 AM,40,CLEAR,DARKNESS - LIGHTED ROAD,REAR END,ONE-WAY,TRAFFIC SIGNAL,UNABLE TO DETERMINE,FOLLOWING TOO CLOSELY,0,0,0,0,7,7,5,455,DAMEN AVE,41.869118,-87.504829,05/25/2024 07:25:00 AM,2024
CR00029432,10/18/2024 12:35:00 PM,25,CLEAR,DARKNESS - LIGHTED ROAD,REAR END,NOT DIVIDED,NO CONTROLS,FOLLOWING TOO CLOSELY,UNABLE TO DETERMINE,0,0,0,0,12,6,10,858,BROADWAY,41.783797,-87.570894,10/18/2024 01:17:00 PM,2024
CR00029433,03/20/2024 09:26:00 AM,15,CLEAR,DAYLIGHT,PARKED MOTOR VEHICLE,DIVIDED - W/MEDIAN (NOT RAISED),NO CONTROLS,DRIVING SKILLS/KNOWLEDGE/EXPERIENCE,UNABLE TO DETERMINE,0,0,0,0,9,4,3,2061,ARCHER AVE,41.871519,-87.639834,03/20/2024 10:16:00 AM,2024
CR00029434,02/22/2022 07:14:00 PM,30,CLOUDY/OVERCAST,DARKNESS - LIGHTED ROAD,FIXED OBJECT,DIVIDED - W/MEDIAN BARRIER,TRAFFIC SIGNAL,IMPROPER OVERTAKING/PASSING,NOT APPLICABLE,0,0,0,0,19,3,2,581,BROADWAY,41.952372,-87.793339,02/22/2022 08:58:00 PM,2022
CR00029435,10/10/2018 07:25:00 PM,30,CLEAR,DAYLIGHT,PEDESTRIAN,NOT DIVIDED,NO CONTROLS,FOLLOWING TOO CLOSELY,IMPROPER LANE USAGE,0,0,2,2,19,4,10,161,ROOSEVELT RD,41.855303,-87.58425,10/10/2018 07:52:00 PM,2018
CR00029436,07/04/2022 05:40:00 PM,25,CLEAR,DAYLIGHT,ANGLE,DIVIDED - W/MEDIAN BARRIER,TRAFFIC SIGNAL,DISREGARDING TRAFFIC SIGNALS,FOLLOWING TOO CLOSELY,0,0,0,0,17,2,7,2168,DIVISION ST,41.916481,-87.57528,07/04/2022 07:02:00 PM,2022
CR00029437,08/18/2023 12:59:00 PM,45,CLEAR,DARKNESS - LIGHTED ROAD,REAR TO FRONT,NOT DIVIDED,YIELD,FOLLOWING TOO CLOSELY,UNABLE TO DETERMINE,0,0,0,0,12,6,8,1976,63RD ST,41.778589,-87.729828,08/18/2023 01:33:00 PM,2023
CR00029438,11/26/2017 01:32:00 PM,35,RAIN,DARKNESS - LIGHTED ROAD,TURNING,FOUR WAY,TRAFFIC SIGNAL,DISTRACTION - FROM INSIDE VEHICLE,FAILING TO YIELD RIGHT-OF-WAY,0,0,0,0,13,1,11,2383,ASHLAND AVE,41.881869,-87.773956,11/26/2017 01:51:00 PM,2017
CR00029439,02/26/2020 03:40:00 AM,35,CLEAR,DAYLIGHT,REAR END,NOT DIVIDED,NO CONTROLS,DRIVING SKILLS/KNOWLEDGE/EXPERIENCE,UNABLE TO DETERMINE,0,0,0,0,3,4,2,1775,BROADWAY,41.700367,-87.844765,02/26/2020 04:53:00 AM,2020
CR00029440,08/25/2018 07:08:00 AM,40,SNOW,DAYLIGHT,REAR END,DIVIDED - W/MEDIAN BARRIER,NO CONTROLS,FAILING TO REDUCE SPEED,IMPROPER LANE USAGE,0,0,0,0,7,7,8,1395,CALIFORNIA AVE,41.851896,-87.742813,08/25/2018 09:00:00 AM,2018
CR00029441,10/11/2023 07:49:00 PM,25,CLEAR,DARKNESS - LIGHTED ROAD,TURNING,FOUR WAY,TRAFFIC SIGNAL,FAILING TO REDUCE SPEED,UNABLE TO DETERMINE,0,0,0,0,19,4,10,1424,CLARK ST,41.971952,-87.750967,10/11/2023 09:42:00 PM,2023
CR00029442,11/30/2020 06:09:00 PM,35,CLEAR,DAYLIGHT,PARKED MOTOR VEHICLE,ONE-WAY,TRAFFIC SIGNAL,FOLLOWING TOO CLOSELY,DISREGARDING TRAFFIC SIGNALS,0,0,0,0,18,2,11,1317,STATE ST,41.835723,-87.786757,11/30/2020 07:45:00 PM,2020
CR00029443,12/07/2021 06:56:00 PM,30,CLEAR,DARKNESS - LIGHTED ROAD,FIXED OBJECT,ONE-WAY,STOP SIGN/FLASHER,FAILING TO YIELD RIGHT-OF-WAY,FOLLOWING TOO CLOSELY,0,0,0,0,18,3,12,2421,CALIFORNIA AVE,41.979866,-87.6052,12/07/2021 07:53:00 PM,2021
CR00029444,06/16/2020 10:05:00 AM,25,FREEZING RAIN/DRIZZLE,DAYLIGHT,TURNING,ONE-WAY,TRAFFIC SIGNAL,FOLLOWING TOO CLOSELY,FAILING TO REDUCE SPEED,0,0,1,1,10,3,6,1795,CLARK ST,41.796973,-87.653782,06/16/2020 11:31:00 AM,2020
CR00029445,06/05/2015 02:47:00 PM,30,SNOW,DAYLIGHT,TURNING,NOT DIVIDED,STOP SIGN/FLASHER,UNABLE TO DETERMINE,DISTRACTION - FROM INSIDE VEHICLE,0,0,0,0,14,6,6,584,63RD ST,41.849334,-87.704112,06/05/2015 04:31:00 PM,2015
CR00029446,07/11/2023 07:08:00 AM,15,CLEAR,DAYLIGHT,TURNING,NOT DIVIDED,STOP SIGN/FLASHER,FOLLOWING TOO CLOSELY,DISTRACTION - FROM INSIDE VEHICLE,0,0,2,2,7,3,7,2129,ROOSEVELT RD,41.797125,-87.524498,07/11/2023 07:16:00 AM,2023
CR00029447,11/22/2021 08:38:00 AM,30,RAIN,DAYLIGHT,SIDESWIPE SAME DIRECTION,NOT DIVIDED,STOP SIGN/FLASHER,UNABLE TO DETERMINE,UNABLE TO DETERMINE,0,0,0,0,8,2,11,2227,79TH ST,41.734361,-87.552686,11/22/2021 10:08:00 AM,2021
CR00029448,06/04/2018 08:02:00 PM,40,RAIN,DAYLIGHT,REAR END,ONE-WAY,STOP SIGN/FLASHER,FAILING TO YIELD RIGHT-OF-WAY,UNABLE TO DETERMINE,0,0,0,0,20,2,6,1854,IRVING PARK RD,41.860804,-87.563554,06/04/2018 08:52:00 PM,2018
CR00029449,01/01/2024 07:11:00 AM,15,CLEAR,DAYLIGHT,FIXED OBJECT,DIVIDED - W/MEDIAN (NOT RAISED),STOP SIGN/FLASHER,UNABLE TO DETERMINE,NOT APPLICABLE,0,0,0,0,7,2,1,403,47TH ST,41.880248,-87.754475,01/01/2024 08:22:00 AM,2024
CR00029450,04/09/2024 06:13:00 PM,30,CLEAR,DAYLIGHT,REAR END,NOT DIVIDED,NO CONTROLS,UNABLE TO DETERMINE,WEATHER,0,0,1,1,18,3,4,557,CLARK ST,41.897568,-87.594097,04/09/2024 07:44:00 PM,2024
CR00029451,04/25/2019 08:12:00 AM,25,CLEAR,DUSK,FIXED OBJECT,NOT DIVIDED,NO CONTROLS,IMPROPER OVERTAKING/PASSING,UNABLE TO DETERMINE,0,0,0,0,8,5,4,1424,DAMEN AVE,41.804298,-87.824361,04/25/2019 08:32:00 AM,2019
CR00029452,03/10/2017 03:17:00 AM,45,CLEAR,DARKNESS - LIGHTED ROAD,TURNING,NOT DIVIDED,TRAFFIC SIGNAL,DRIVING SKILLS/KNOWLEDGE/EXPERIENCE,FAILING TO YIELD RIGHT-OF-WAY,0,0,0,0,3,6,3,2195,ROOSEVELT RD,41.982818,-87.523156,03/10/2017 03:44:00 AM,2017
CR00029453,04/03/2020 03:49:00 PM,20,CLEAR,DARKNESS - LIGHTED ROAD,TURNING,NOT DIVIDED,TRAFFIC SIGNAL,UNABLE TO DETERMINE,UNABLE TO DETERMINE,0,0,0,0,15,6,4,523,KEDZIE AVE,41.911877,-87.804188,04/03/2020 05:40:00 PM,2020
CR00029454,07/18/2015 07:04:00 PM,20,CLOUDY/OVERCAST,DAYLIGHT,TURNING,FOUR WAY,STOP SIGN/FLASHER,IMPROPER OVERTAKING/PASSING,FAILING TO REDUCE SPEED,0,0,0,0,19,7,7,196,MICHIGAN AVE,41.982264,-87.645115,07/18/2015 07:22:00 PM,2015
CR00029455,09/28/2023 06:02:00 PM,30,CLEAR,DAYLIGHT,PARKED MOTOR VEHICLE,NOT DIVIDED,NO CONTROLS,WEATHER,FAILING TO YIELD RIGHT-OF-WAY,0,1,1,2,18,5,9,119,MILWAUKEE AVE,41.894473,-87.779547,09/28/2023 07:01:00 PM,2023
CR00029456,01/14/2016 07:04:00 PM,30,CLEAR,DAYLIGHT,REAR END,ONE-WAY,NO CONTROLS,FOLLOWING TOO CLOSELY,WEATHER,0,1,0,1,19,5,1,486,BROADWAY,41.890936,-87.535638,01/14/2016 08:20:00 PM,2016
CR00029457,07/20/2016 02:05:00 PM,30,CLEAR,DAYLIGHT,SIDESWIPE SAME DIRECTION,NOT DIVIDED,NO CONTROLS,IMPROPER LANE USAGE,DISREGARDING TRAFFIC SIGNALS,0,2,2,4,14,4,7,1714,79TH ST,41.70098,-87.648981,07/20/2016 03:24:00 PM,2016
CR00029458,06/27/2017 11:00:00 PM,40,CLOUDY/OVERCAST,DAYLIGHT,REAR END,T-INTERSECTION,NO CONTROLS,UNABLE TO DETERMINE,DRIVING SKILLS/KNOWLEDGE/EXPERIENCE,0,0,0,0,23,3,6,1008,CALIFORNIA AVE,41.941207,-87.574671,06/27/2017 11:28:00 PM,2017