CRASH_RECORD_ID,CRASH_DATE,POSTED_SPEED_LIMIT,WEATHER_CONDITION,LIGHTING_CONDITION,FIRST_CRASH_TYPE,TRAFFICWAY_TYPE,TRAFFIC_CONTROL_DEVICE,PRIM_CONTRIBUTORY_CAUSE,SEC_CONTRIBUTORY_CAUSE,INJURIES_FATAL,INJURIES_INCAPACITATING,INJURIES_NON_INCAPACITATING,INJURIES_TOTAL,CRASH_HOUR,CRASH_DAY_OF_WEEK,CRASH_MONTH,BEAT_OF_OCCURRENCE,STREET_NAME,LATITUDE,LONGITUDE,DATE_POLICE_NOTIFIED,year
CR00029459,04/15/2022 07:19:00 AM,30,CLEAR,DUSK,TURNING,ONE-WAY,STOP SIGN/FLASHER,FOLLOWING TOO CLOSELY,WEATHER,0,0,3,3,7,6,4,439,OGDEN AVE,41.924853,-87.592243,04/15/2022 08:11:00 AM,2022
CR00029460,04/23/2017 03:59:00 PM,40,CLEAR,DARKNESS - LIGHTED ROAD,REAR END,NOT DIVIDED,STOP SIGN/FLASHER,IMPROPER OVERTAKING/PASSING,UNABLE TO DETERMINE,0,0,1,1,15,1,4,2289,CICERO AVE,41.959827,-87.724255,04/23/2017 05:27:00 PM,2017
CR00029461,07/01/2021 02:38:00 AM,30,CLEAR,DAWN,REAR END,DIVIDED - W/MEDIAN (NOT RAISED),NO CONTROLS,IMPROPER LANE USAGE,UNABLE TO DETERMINE,0,0,0,0,2,5,7,210,47TH ST,41.742431,-87.656433,07/01/2021 02:47:00 AM,2021
CR00029462,05/11/2021 04:16:00 PM,20,CLEAR,DAYLIGHT,REAR END,T-INTERSECTION,NO CONTROLS,DISREGARDING TRAFFIC SIGNALS,UNABLE TO DETERMINE,0,0,3,3,16,3,5,810,ROOSEVELT RD,41.743609,-87.760987,05/11/2021 06:11:00 PM,2021
CR00029463,01/18/2023 12:50:00 AM,45,CLEAR,DARKNESS,ANGLE,ONE-WAY,STOP SIGN/FLASHER,FAILING TO REDUCE SPEED,FAILING TO REDUCE SPEED,0,0,0,0,0,4,1,1182,HALSTED ST,41.811321,-87.810224,01/18/2023 02:16:00 AM,2023
CR00029464,02/02/2018 12:17:00 PM,20,CLEAR,DAYLIGHT,SIDESWIPE SAME DIRECTION,NOT DIVIDED,YIELD,FOLLOWING TOO CLOSELY,WEATHER,0,0,1,1,12,6,2,2059,MICHIGAN AVE,41.830714,-87.607617,02/02/2018 12:21:00 PM,2018
CR00029465,02/15/2019 04:39:00 PM,30,FREEZING RAIN/DRIZZLE,DARKNESS - LIGHTED ROAD,SIDESWIPE SAME DIRECTION,DIVIDED - W/MEDIAN BARRIER,TRAFFIC SIGNAL,UNABLE TO DETERMINE,DRIVING SKILLS/KNOWLEDGE/EXPERIENCE,0,0,0,0,16,6,2,1600,63RD ST,41.73577,-87.567414,02/15/2019 06:19:00 PM,2019
CR00029466,10/20/2023 11:42:00 PM,30,CLEAR,DARKNESS - LIGHTED ROAD,FIXED OBJECT,DIVIDED - W/MEDIAN BARRIER,NO CONTROLS,DISREGARDING TRAFFIC SIGNALS,UNABLE TO DETERMINE,0,0,0,0,23,6,10,1997,MILWAUKEE AVE,41.985735,-87.75329,10/21/2023 12:30:00 AM,2023
CR00029467,12/19/2022 07:45:00 PM,30,CLOUDY/OVERCAST,DAWN,TURNING,NOT DIVIDED,NO CONTROLS,IMPROPER LANE USAGE,UNABLE TO DETERMINE,0,0,0,0,19,2,12,742,ARCHER AVE,41.805383,-87.79019,12/19/2022 08:35:00 PM,2022
CR00029468,07/10/2016 02:39:00 PM,30,CLEAR,DAYLIGHT,FIXED OBJECT,NOT DIVIDED,NO CONTROLS,DRIVING SKILLS/KNOWLEDGE/EXPERIENCE,FAILING TO REDUCE SPEED,0,0,0,0,14,1,7,1430,CICERO AVE,41.809212,-87.68816,07/10/2016 03:36:00 PM,2016
CR00029469,01/10/2020 03:12:00 PM,45,RAIN,DARKNESS,REAR TO FRONT,T-INTERSECTION,NO CONTROLS,DISTRACTION - FROM INSIDE VEHICLE,IMPROPER OVERTAKING/PASSING,0,0,0,0,15,6,1,1338,79TH ST,41.96499,-87.695628,01/10/2020 04:41:00 PM,2020
CR00029470,07/29/2020 05:07:00 AM,35,CLEAR,DARKNESS,FIXED OBJECT,NOT DIVIDED,STOP SIGN/FLASHER,IMPROPER OVERTAKING/PASSING,NOT APPLICABLE,0,0,2,2,5,4,7,1432,LAKE SHORE DR,41.825394,-87.522568,07/29/2020 06:42:00 AM,2020
CR00029471,06/04/2020 06:05:00 PM,35,CLEAR,DARKNESS,SIDESWIPE SAME DIRECTION,NOT DIVIDED,TRAFFIC SIGNAL,IMPROPER LANE USAGE,DISREGARDING TRAFFIC SIGNALS,0,0,0,0,18,5,6,1936,CICERO AVE,41.996889,-87.820771,06/04/2020 07:56:00 PM,2020
CR00029472,08/26/2016 04:23:00 AM,35,CLEAR,DAYLIGHT,TURNING,FOUR WAY,TRAFFIC SIGNAL,FOLLOWING TOO CLOSELY,UNABLE TO DETERMINE,0,0,0,0,4,6,8,259,ROOSEVELT RD,41.92873,-87.623487,08/26/2016 04:50:00 AM,2016
CR00029473,02/21/2021 04:45:00 PM,20,CLEAR,DARKNESS - LIGHTED ROAD,PARKED MOTOR VEHICLE,DIVIDED - W/MEDIAN BARRIER,NO CONTROLS,IMPROPER OVERTAKING/PASSING,FAILING TO YIELD RIGHT-OF-WAY,0,0,0,0,16,1,2,198,HALSTED ST,41.716275,-87.709518,02/21/2021 05:08:00 PM,2021
CR00029474,09/07/2020 03:37:00 AM,30,CLEAR,DAYLIGHT,REAR END,ONE-WAY,TRAFFIC SIGNAL,UNABLE TO DETERMINE,UNABLE TO DETERMINE,0,0,0,0,3,2,9,869,ELSTON AVE,41.959028,-87.677857,09/07/2020 04:49:00 AM,2020
CR00029475,01/12/2020 12:59:00 PM,20,CLEAR,DAYLIGHT,TURNING,NOT DIVIDED,PEDESTRIAN CROSSING SIGN,IMPROPER OVERTAKING/PASSING,IMPROPER OVERTAKING/PASSING,0,0,1,1,12,1,1,448,PULASKI RD,41.732248,-87.755259,01/12/2020 02:54:00 PM,2020
CR00029476,07/22/2022 05:34:00 AM,30,CLEAR,DAYLIGHT,REAR END,T-INTERSECTION,NO CONTROLS,UNABLE TO DETERMINE,DRIVING SKILLS/KNOWLEDGE/EXPERIENCE,0,0,0,0,5,6,7,1271,LAKE SHORE DR,41.761297,-87.623315,07/22/2022 06:10:00 AM,2022
CR00029477,03/13/2016 10:13:00 AM,35,CLEAR,DARKNESS - LIGHTED ROAD,ANGLE,NOT DIVIDED,STOP SIGN/FLASHER,FAILING TO YIELD RIGHT-OF-WAY,NOT APPLICABLE,0,0,0,0,10,1,3,1916,MILWAUKEE AVE,41.919879,-87.649894,03/13/2016 11:34:00 AM,2016
CR00029478,10/26/2022 07:28:00 AM,30,CLEAR,DAYLIGHT,PARKED MOTOR VEHICLE,NOT DIVIDED,NO CONTROLS,DISREGARDING TRAFFIC SIGNALS,FAILING TO REDUCE SPEED,0,0,0,0,7,4,10,1762,MICHIGAN AVE,41.847374,-87.775585,10/26/2022 08:16:00 AM,2022
CR00029479,12/17/2015 10:50:00 PM,45,CLOUDY/OVERCAST,DAYLIGHT,REAR END,NOT DIVIDED,NO CONTROLS,FOLLOWING TOO CLOSELY,DISTRACTION - FROM INSIDE VEHICLE,0,0,0,0,22,5,12,2340,MILWAUKEE AVE,41.75957,-87.773431,12/17/2015 11:17:00 PM,2015
CR00029480,12/04/2021 09:37:00 AM,35,RAIN,DAYLIGHT,SIDESWIPE SAME DIRECTION,DIVIDED - W/MEDIAN (NOT RAISED),TRAFFIC SIGNAL,DISTRACTION - FROM INSIDE VEHICLE,UNABLE TO DETERMINE,0,0,0,0,9,7,12,352,STONY ISLAND AVE,41.895768,-87.573428,12/04/2021 11:19:00 AM,2021
CR00029481,11/07/2016 05:06:00 AM,35,SNOW,DAYLIGHT,TURNING,ONE-WAY,NO CONTROLS,IMPROPER OVERTAKING/PASSING,IMPROPER LANE USAGE,0,0,0,0,5,2,11,2024,LAKE SHORE DR,41.889086,-87.819926,11/07/2016 06:13:00 AM,2016
CR00029482,02/27/2023 05:07:00 PM,35,CLEAR,DUSK,SIDESWIPE SAME DIRECTION,FOUR WAY,TRAFFIC SIGNAL,DISREGARDING TRAFFIC SIGNALS,FOLLOWING TOO CLOSELY,0,0,0,0,17,2,2,1769,63RD ST,41.946814,-87.665304,02/27/2023 05:21:00 PM,2023
CR00029483,08/16/2017 07:16:00 PM,30,RAIN,DARKNESS - LIGHTED ROAD,REAR TO FRONT,NOT DIVIDED,NO CONTROLS,FAILING TO YIELD RIGHT-OF-WAY,DRIVING SKILLS/KNOWLEDGE/EXPERIENCE,0,0,0,0,19,4,8,515,CALIFORNIA AVE,41.865249,-87.624421,08/16/2017 07:28:00 PM,2017
CR00029484,12/30/2016 05:50:00 PM,30,CLEAR,DAYLIGHT,REAR TO FRONT,T-INTERSECTION,STOP SIGN/FLASHER,UNABLE TO DETERMINE,IMPROPER OVERTAKING/PASSING,0,0,2,2,17,6,12,454,47TH ST,41.796094,-87.679458,12/30/2016 06:26:00 PM,2016
CR00029485,02/28/2016 09:19:00 AM,15,CLOUDY/OVERCAST,DAYLIGHT,PEDESTRIAN,NOT DIVIDED,NO CONTROLS,DRIVING SKILLS/KNOWLEDGE/EXPERIENCE,DISREGARDING TRAFFIC SIGNALS,0,0,0,0,9,1,2,757,MILWAUKEE AVE,41.852231,-87.507804,02/28/2016 09:54:00 AM,2016
CR00029486,12/28/2015 06:22:00 AM,25,CLEAR,DARKNESS - LIGHTED ROAD,TURNING,NOT DIVIDED,NO CONTROLS,UNABLE TO DETERMINE,IMPROPER LANE USAGE,0,0,0,0,6,2,12,1667,OGDEN AVE,41.773365,-87.718875,12/28/2015 06:33:00 AM,2015
CR00029487,02/14/2015 12:35:00 AM,30,CLEAR,DAYLIGHT,REAR END,NOT DIVIDED,NO CONTROLS,FAILING TO REDUCE SPEED,DISTRACTION - FROM INSIDE VEHICLE,0,1,3,4,0,7,2,1446,LAKE SHORE DR,41.892279,-87.555589,02/14/2015 01:05:00 AM,2015
CR00029488,03/12/2022 04:16:00 PM,35,CLEAR,DARKNESS - LIGHTED ROAD,TURNING,ONE-WAY,NO CONTROLS,IMPROPER LANE USAGE,DISREGARDING TRAFFIC SIGNALS,0,0,1,1,16,7,3,1465,STATE ST,41.702623,-87.634895,03/12/2022 05:14:00 PM,2022
CR00029489,11/11/2022 04:09:00 PM,30,CLEAR,DAYLIGHT,PARKED MOTOR VEHICLE,NOT DIVIDED,TRAFFIC SIGNAL,WEATHER,NOT APPLICABLE,0,0,0,0,16,6,11,1216,FULLERTON AVE,41.917675,-87.660017,11/11/2022 05:19:00 PM,2022
CR00029490,11/12/2017 03:04:00 PM,15,CLEAR,DAYLIGHT,ANGLE,NOT DIVIDED,STOP SIGN/FLASHER,DRIVING SKILLS/KNOWLEDGE/EXPERIENCE,FAILING TO REDUCE SPEED,0,0,0,0,15,1,11,816,ELSTON AVE,41.862686,-87.813178,11/12/2017 03:18:00 PM,2017
CR00029491,02/20/2020 08:11:00 AM,15,CLEAR,DARKNESS - LIGHTED ROAD,SIDESWIPE SAME DIRECTION,NOT DIVIDED,STOP SIGN/FLASHER,DISTRACTION - FROM INSIDE VEHICLE,DISTRACTION - FROM INSIDE VEHICLE,0,0,0,0,8,5,2,2169,MICHIGAN AVE,41.956032,-87.563907,02/20/2020 08:13:00 AM,2020
CR00029492,10/12/2019 05:29:00 PM,30,CLEAR,DAYLIGHT,PARKED MOTOR VEHICLE,FOUR WAY,STOP SIGN/FLASHER,UNABLE TO DETERMINE,DISTRACTION - FROM INSIDE VEHICLE,0,0,0,0,17,7,10,318,ELSTON AVE,41.726902,-87.532027,10/12/2019 07:14:00 PM,2019
CR00029493,06/07/2016 10:34:00 AM,40,RAIN,DARKNESS - LIGHTED ROAD,REAR END,NOT DIVIDED,STOP SIGN/FLASHER,FAILING TO YIELD RIGHT-OF-WAY,UNABLE TO DETERMINE,0,0,0,0,10,3,6,406,WESTERN AVE,41.716377,-87.770883,06/07/2016 12:11:00 PM,2016
CR00029494,03/18/2024 05:19:00 PM,30,CLEAR,DARKNESS,SIDESWIPE SAME DIRECTION,NOT DIVIDED,NO CONTROLS,DRIVING SKILLS/KNOWLEDGE/EXPERIENCE,UNABLE TO DETERMINE,0,0,0,0,17,2,3,949,79TH ST,41.799637,-87.795697,03/18/2024 05:42:00 PM,2024
CR00029495,12/31/2017 08:41:00 PM,15,FREEZING RAIN/DRIZZLE,DAYLIGHT,REAR END,DIVIDED - W/MEDIAN (NOT RAISED),NO CONTROLS,FOLLOWING TOO CLOSELY,FAILING TO REDUCE SPEED,0,1,2,3,20,1,12,535,KEDZIE AVE,41.955226,-87.689722,12/31/2017 09:39:00 PM,2017
CR00029496,07/23/2016 07:21:00 PM,35,CLEAR,DAYLIGHT,REAR END,ONE-WAY,STOP SIGN/FLASHER,UNABLE TO DETERMINE,IMPROPER LANE USAGE,0,0,1,1,19,7,7,706,OGDEN AVE,41.970088,-87.507037,07/23/2016 08:07:00 PM,2016
CR00029497,12/11/2021 11:02:00 AM,30,CLEAR,DAYLIGHT,REAR END,NOT DIVIDED,TRAFFIC SIGNAL,FOLLOWING TOO CLOSELY,IMPROPER LANE USAGE,0,0,0,0,11,7,12,353,KEDZIE AVE,41.878082,-87.795428,12/11/2021 12:42:00 PM,2021
CR00029498,09/11/2015 09:44:00 AM,40,RAIN,DAYLIGHT,SIDESWIPE SAME DIRECTION,DIVIDED - W/MEDIAN BARRIER,STOP SIGN/FLASHER,UNABLE TO DETERMINE,UNABLE TO DETERMINE,0,0,0,0,9,6,9,1032,PULASKI RD,41.96015,-87.804169,09/11/2015 09:50:00 AM,2015
CR00029499,06/13/2021 07:46:00 AM,20,CLEAR,DAYLIGHT,TURNING,NOT DIVIDED,TRAFFIC SIGNAL,UNABLE TO DETERMINE,FAILING TO YIELD RIGHT-OF-WAY,0,0,0,0,7,1,6,1188,FULLERTON AVE,41.828194,-87.504025,06/13/2021 08:45:00 AM,2021
CR00029500,02/05/2021 02:21:00 PM,15,CLEAR,DAYLIGHT,SIDESWIPE SAME DIRECTION,NOT DIVIDED,TRAFFIC SIGNAL,FOLLOWING TOO CLOSELY,UNABLE TO DETERMINE,0,1,1,2,14,6,2,523,ARCHER AVE,41.737588,-87.653169,02/05/2021 04:06:00 PM,2021
CR00029501,10/12/2016 08:26:00 AM,35,CLEAR,DAYLIGHT,REAR END,ONE-WAY,STOP SIGN/FLASHER,FOLLOWING TOO CLOSELY,FOLLOWING TOO CLOSELY,0,0,0,0,8,4,10,1757,63RD ST,41.814454,-87.658552,10/12/2016 09:53:00 AM,2016
CR00029502,03/15/2016 08:48:00 PM,30,CLEAR,DAYLIGHT,PARKED MOTOR VEHICLE,ONE-WAY,TRAFFIC SIGNAL,FOLLOWING TOO CLOSELY,NOT APPLICABLE,0,0,0,0,20,3,3,337,DIVISION ST,41.82523,-87.639328,03/15/2016 09:55:00 PM,2016
CR00029503,03/31/2021 11:24:00 AM,30,CLOUDY/OVERCAST,DAYLIGHT,ANGLE,DIVIDED - W/MEDIAN (NOT RAISED),NO CONTROLS,UNABLE TO DETERMINE,NOT APPLICABLE,0,0,0,0,11,4,3,549,CALIFORNIA AVE,41.818841,-87.820452,03/31/2021 12:02:00 PM,2021
CR00029504,06/19/2018 07:50:00 AM,45,CLOUDY/OVERCAST,DAYLIGHT,ANGLE,NOT DIVIDED,NO CONTROLS,DRIVING SKILLS/KNOWLEDGE/EXPERIENCE,FAILING TO REDUCE SPEED,0,0,1,1,7,3,6,806,MICHIGAN AVE,41.88626,-87.845488,06/19/2018 08:13:00 AM,2018
CR00029505,08/14/2021 07:59:00 PM,45,RAIN,DAYLIGHT,REAR TO FRONT,NOT DIVIDED,TRAFFIC SIGNAL,UNABLE TO DETERMINE,UNABLE TO DETERMINE,0,0,1,1,19,7,8,1451,MILWAUKEE AVE,41.821936,-87.679375,08/14/2021 09:50:00 PM,2021
CR00029506,07/18/2017 08:31:00 AM,20,CLEAR,DARKNESS - LIGHTED ROAD,REAR END,ONE-WAY,NO CONTROLS,UNABLE TO DETERMINE,NOT APPLICABLE,0,0,1,1,8,3,7,1912,CICERO AVE,41.970008,-87.706485,07/18/2017 10:20:00 AM,2017
CR00029507,05/09/2016 05:54:00 PM,40,CLEAR,DAYLIGHT,FIXED OBJECT,T-INTERSECTION,TRAFFIC SIGNAL,FAILING TO REDUCE SPEED,FAILING TO YIELD RIGHT-OF-WAY,0,0,3,3,17,2,5,1386,ARCHER AVE,41.814965,-87.668177,05/09/2016 06:52:00 PM,2016
CR00029508,09/20/2017 08:19:00 AM,35,FREEZING RAIN/DRIZZLE,DAYLIGHT,REAR END,NOT DIVIDED,TRAFFIC SIGNAL,UNABLE TO DETERMINE,UNABLE TO DETERMINE,0,0,0,0,8,4,9,2067,WESTERN AVE,41.853854,-87.533127,09/20/2017 09:35:00 AM,2017
CR00029509,01/13/2017 05:23:00 PM,35,CLEAR,DAYLIGHT,ANGLE,NOT DIVIDED,TRAFFIC SIGNAL,FAILING TO YIELD RIGHT-OF-WAY,UNABLE TO DETERMINE,0,0,0,0,17,6,1,2509,DAMEN AVE,41.83278,-87.672186,01/13/2017 06:14:00 PM,2017
CR00029510,10/16/2023 12:43:00 PM,30,SNOW,DAYLIGHT,SIDESWIPE SAME DIRECTION,NOT DIVIDED,TRAFFIC SIGNAL,DRIVING SKILLS/KNOWLEDGE/EXPERIENCE,FOLLOWING TOO CLOSELY,0,0,0,0,12,2,10,307,47TH ST,41.748664,-87.653872,10/16/2023 01:35:00 PM,2023
CR00029511,04/25/2020 06:14:00 AM,40,CLEAR,DAYLIGHT,FIXED OBJECT,ONE-WAY,TRAFFIC SIGNAL,UNABLE TO DETERMINE,FAILING TO YIELD RIGHT-OF-WAY,0,0,0,0,6,7,4,2037,DAMEN AVE,41.926637,-87.7847,04/25/2020 06:23:00 AM,2020
CR00029512,01/03/2020 06:04:00 PM,35,CLEAR,DAYLIGHT,REAR END,DIVIDED - W/MEDIAN BARRIER,PEDESTRIAN CROSSING SIGN,IMPROPER LANE USAGE,UNABLE TO DETERMINE,0,0,0,0,18,6,1,1925,ASHLAND AVE,41.918255,-87.623027,01/03/2020 07:36:00 PM,2020
CR00029513,01/25/2018 04:32:00 AM,45,CLEAR,DAYLIGHT,REAR END,NOT DIVIDED,TRAFFIC SIGNAL,WEATHER,DISTRACTION - FROM INSIDE VEHICLE,0,2,3,5,4,5,1,453,HALSTED ST,41.867083,-87.701761,01/25/2018 04:45:00 AM,2018
CR00029514,03/14/2024 06:25:00 PM,30,SNOW,DARKNESS - LIGHTED ROAD,REAR TO FRONT,DIVIDED - W/MEDIAN (NOT RAISED),UNKNOWN,UNABLE TO DETERMINE,NOT APPLICABLE,0,0,0,0,18,5,3,207,FULLERTON AVE,41.81209,-87.795005,03/14/2024 07:13:00 PM,2024
CR00029515,09/17/2018 02:46:00 AM,35,RAIN,DAWN,SIDESWIPE SAME DIRECTION,ONE-WAY,YIELD,UNABLE TO DETERMINE,UNABLE TO DETERMINE,0,0,0,0,2,2,9,1935,STATE ST,41.881933,-87.574265,09/17/2018 03:47:00 AM,2018
CR00029516,03/01/2021 09:32:00 PM,15,CLEAR,DAYLIGHT,ANGLE,ONE-WAY,NO CONTROLS,UNABLE TO DETERMINE,DISTRACTION - FROM INSIDE VEHICLE,0,0,1,1,21,2,3,1604,PULASKI RD,41.9,-87.633091,03/01/2021 10:03:00 PM,2021
CR00029517,01/17/2022 08:18:00 PM,45,CLEAR,DARKNESS - LIGHTED ROAD,TURNING,NOT DIVIDED,NO CONTROLS,FAILING TO YIELD RIGHT-OF-WAY,IMPROPER LANE USAGE,0,0,0,0,20,2,1,404,ARCHER AVE,41.840356,-87.584228,01/17/2022 09:55:00 PM,2022
CR00029518,07/17/2021 03:02:00 PM,35,SNOW,DAYLIGHT,REAR END,DIVIDED - W/MEDIAN (NOT RAISED),STOP SIGN/FLASHER,FAILING TO REDUCE SPEED,IMPROPER OVERTAKING/PASSING,0,0,0,0,15,7,7,1726,MILWAUKEE AVE,41.871912,-87.599946,07/17/2021 04:40:00 PM,2021
CR00029519,03/15/2020 08:27:00 AM,35,CLEAR,DARKNESS - LIGHTED ROAD,REAR END,DIVIDED - W/MEDIAN (NOT RAISED),TRAFFIC SIGNAL,UNABLE TO DETERMINE,UNABLE TO DETERMINE,0,0,0,0,8,1,3,927,IRVING PARK RD,41.854458,-87.823298,03/15/2020 09:13:00 AM,2020
CR00029520,07/03/2021 02:49:00 PM,20,CLEAR,DAYLIGHT,REAR END,DIVIDED - W/MEDIAN (NOT RAISED),NO CONTROLS,IMPROPER OVERTAKING/PASSING,IMPROPER LANE USAGE,0,0,1,1,14,7,7,623,DAMEN AVE,41.830273,-87.774064,07/03/2021 03:54:00 PM,2021
CR00029521,10/23/2017 11:53:00 AM,40,CLEAR,DAYLIGHT,PARKED MOTOR VEHICLE,ONE-WAY,TRAFFIC SIGNAL,DRIVING SKILLS/KNOWLEDGE/EXPERIENCE,DISREGARDING TRAFFIC SIGNALS,0,1,1,2,11,2,10,572,HALSTED ST,41.966143,-87.728144,10/23/2017 12:27:00 PM,2017
CR00029522,12/10/2020 06:42:00 PM,40,CLEAR,DARKNESS - LIGHTED ROAD,ANGLE,DIVIDED - W/MEDIAN BARRIER,YIELD,IMPROPER OVERTAKING/PASSING,UNABLE TO DETERMINE,0,0,1,1,18,5,12,1236,OGDEN AVE,41.777561,-87.798851,12/10/2020 07:21:00 PM,2020
CR00029523,03/18/2024 08:50:00 PM,40,CLEAR,DARKNESS - LIGHTED ROAD,TURNING,NOT DIVIDED,TRAFFIC SIGNAL,DRIVING SKILLS/KNOWLEDGE/EXPERIENCE,DISTRACTION - FROM INSIDE VEHICLE,0,0,0,0,20,2,3,2474,IRVING PARK RD,41.912434,-87.533848,03/18/2024 09:15:00 PM,2024
CR00029524,11/28/2023 04:21:00 PM,15,CLEAR,DAYLIGHT,PEDESTRIAN,FOUR WAY,NO CONTROLS,DRIVING SKILLS/KNOWLEDGE/EXPERIENCE,FOLLOWING TOO CLOSELY,0,0,0,0,16,3,11,2302,CICERO AVE,41.957649,-87.592006,11/28/2023 04:22:00 PM,2023
CR00029525,03/31/2022 09:14:00 AM,35,CLEAR,DAYLIGHT,REAR END,NOT DIVIDED,STOP SIGN/FLASHER,IMPROPER OVERTAKING/PASSING,UNABLE TO DETERMINE,0,0,0,0,9,5,3,145,LAKE SHORE DR,41.934407,-87.846237,03/31/2022 11:02:00 AM,2022
CR00029526,12/19/2015 10:06:00 AM,30,CLEAR,DARKNESS - LIGHTED ROAD,TURNING,T-INTERSECTION,TRAFFIC SIGNAL,FOLLOWING TOO CLOSELY,FAILING TO REDUCE SPEED,0,0,1,1,10,7,12,2467,FULLERTON AVE,41.787396,-87.717026,12/19/2015 10:47:00 AM,2015
CR00029527,12/27/2018 06:44:00 PM,35,CLEAR,DARKNESS - LIGHTED ROAD,REAR END,ONE-WAY,NO CONTROLS,UNABLE TO DETERMINE,FOLLOWING TOO CLOSELY,0,0,0,0,18,5,12,1146,STATE ST,41.906831,-87.560403,12/27/2018 08:00:00 PM,2018
CR00029528,04/15/2021 10:53:00 AM,30,CLEAR,DAYLIGHT,PARKED MOTOR VEHICLE,DIVIDED - W/MEDIAN (NOT RAISED),NO CONTROLS,UNABLE TO DETERMINE,NOT APPLICABLE,0,0,3,3,10,5,4,131,DAMEN AVE,41.803785,-87.526619,04/15/2021 12:16:00 PM,2021
CR00029529,11/01/2021 12:39:00 PM,35,CLEAR,DAYLIGHT,SIDESWIPE SAME DIRECTION,DIVIDED - W/MEDIAN (NOT RAISED),STOP SIGN/FLASHER,FOLLOWING TOO CLOSELY,DRIVING SKILLS/KNOWLEDGE/EXPERIENCE,0,0,0,0,12,2,11,2481,79TH ST,41.999264,-87.676212,11/01/2021 01:17:00 PM,2021
CR00029530,06/20/2021 06:44:00 AM,45,CLEAR,DARKNESS - LIGHTED ROAD,SIDESWIPE SAME DIRECTION,NOT DIVIDED,NO CONTROLS,IMPROPER LANE USAGE,FOLLOWING TOO CLOSELY,0,0,0,0,6,1,6,156,OGDEN AVE,41.728957,-87.768995,06/20/2021 08:21:00 AM,2021
CR00029531,06/01/2016 09:04:00 AM,35,CLEAR,DAYLIGHT,PARKED MOTOR VEHICLE,NOT DIVIDED,TRAFFIC SIGNAL,DRIVING SKILLS/KNOWLEDGE/EXPERIENCE,NOT APPLICABLE,0,0,0,0,9,4,6,1196,OGDEN AVE,41.737371,-87.696007,06/01/2016 11:02:00 AM,2016
CR00029532,04/04/2019 06:47:00 AM,35,CLEAR,DARKNESS,ANGLE,T-INTERSECTION,NO CONTROLS,UNABLE TO DETERMINE,UNABLE TO DETERMINE,0,0,0,0,6,5,4,249,CALIFORNIA AVE,41.886232,-87.514313,04/04/2019 08:06:00 AM,2019
CR00029533,03/04/2015 09:08:00 AM,20,CLEAR,DAYLIGHT,REAR END,ONE-WAY,STOP SIGN/FLASHER,IMPROPER LANE USAGE,FOLLOWING TOO CLOSELY,0,0,0,0,9,4,3,1417,DIVISION ST,41.986571,-87.505665,03/04/2015 09:46:00 AM,2015
CR00029534,02/24/2020 08:19:00 PM,40,CLEAR,DARKNESS,PARKED MOTOR VEHICLE,ONE-WAY,NO CONTROLS,IMPROPER LANE USAGE,NOT APPLICABLE,0,0,0,0,20,2,2,1396,MICHIGAN AVE,41.945833,-87.546169,02/24/2020 08:31:00 PM,2020
CR00029535,08/18/2017 05:27:00 PM,35,CLEAR,DARKNESS - LIGHTED ROAD,REAR END,DIVIDED - W/MEDIAN (NOT RAISED),TRAFFIC SIGNAL,UNABLE TO DETERMINE,UNABLE TO DETERMINE,0,0,0,0,17,6,8,2262,MICHIGAN AVE,41.924509,-87.642736,08/18/2017 06:51:00 PM,2017
CR00029536,07/30/2016 05:39:00 PM,45,CLEAR,DAYLIGHT,PARKED MOTOR VEHICLE,DIVIDED - W/MEDIAN (NOT RAISED),TRAFFIC SIGNAL,DRIVING SKILLS/KNOWLEDGE/EXPERIENCE,UNABLE TO DETERMINE,0,0,0,0,17,7,7,1005,ELSTON AVE,41.783808,-87.749961,07/30/2016 07:16:00 PM,2016
CR00029537,04/30/2016 01:00:00 PM,30,CLEAR,DAYLIGHT,REAR END,NOT DIVIDED,NO CONTROLS,FOLLOWING TOO CLOSELY,FOLLOWING TOO CLOSELY,0,2,3,5,13,7,4,2112,WESTERN AVE,41.958583,-87.543242,04/30/2016 02:13:00 PM,2016
CR00029538,12/27/2015 04:08:00 PM,35,CLEAR,DAYLIGHT,PARKED MOTOR VEHICLE,DIVIDED - W/MEDIAN BARRIER,NO CONTROLS,UNABLE TO DETERMINE,FAILING TO REDUCE SPEED,0,0,0,0,16,1,12,1540,PULASKI RD,41.777191,-87.80851,12/27/2015 05:13:00 PM,2015
CR00029539,02/18/2020 10:48:00 AM,30,CLEAR,DAYLIGHT,PARKED MOTOR VEHICLE,DIVIDED - W/MEDIAN BARRIER,TRAFFIC SIGNAL,FOLLOWING TOO CLOSELY,IMPROPER OVERTAKING/PASSING,0,0,0,0,10,3,2,879,PULASKI RD,41.976297,-87.721299,02/18/2020 12:30:00 PM,2020
CR00029540,09/15/2024 07:42:00 PM,20,CLEAR,DAYLIGHT,PARKED MOTOR VEHICLE,DIVIDED - W/MEDIAN BARRIER,PEDESTRIAN CROSSING SIGN,WEATHER,UNABLE TO DETERMINE,0,0,0,0,19,1,9,2283,OGDEN AVE,41.927012,-87.58318,09/15/2024 09:19:00 PM,2024