CRASH_RECORD_ID,CRASH_DATE,POSTED_SPEED_LIMIT,WEATHER_CONDITION,LIGHTING_CONDITION,FIRST_CRASH_TYPE,TRAFFICWAY_TYPE,TRAFFIC_CONTROL_DEVICE,PRIM_CONTRIBUTORY_CAUSE,SEC_CONTRIBUTORY_CAUSE,INJURIES_FATAL,INJURIES_INCAPACITATING,INJURIES_NON_INCAPACITATING,INJURIES_TOTAL,CRASH_HOUR,CRASH_DAY_OF_WEEK,CRASH_MONTH,BEAT_OF_OCCURRENCE,STREET_NAME,LATITUDE,LONGITUDE,DATE_POLICE_NOTIFIED,year
CR00029541,09/17/2023 12:49:00 PM,25,FREEZING RAIN/DRIZZLE,DAYLIGHT,TURNING,FOUR WAY,UNKNOWN,FAILING TO YIELD RIGHT-OF-WAY,IMPROPER OVERTAKING/PASSING,0,0,0,0,12,1,9,897,FULLERTON AVE,41.741274,-87.709239,09/17/2023 01:01:00 PM,2023
CR00029542,08/14/2016 11:29:00 PM,35,CLOUDY/OVERCAST,DAYLIGHT,TURNING,NOT DIVIDED,TRAFFIC SIGNAL,UNABLE TO DETERMINE,DISREGARDING TRAFFIC SIGNALS,0,0,0,0,23,1,8,868,79TH ST,41.883177,-87.51546,08/15/2016 12:19:00 AM,2016
CR00029543,08/23/2023 08:48:00 AM,30,SNOW,DAYLIGHT,REAR END,T-INTERSECTION,NO CONTROLS,FOLLOWING TOO CLOSELY,FAILING TO YIELD RIGHT-OF-WAY,0,0,0,0,8,4,8,2324,CALIFORNIA AVE,41.936693,-87.592206,08/23/2023 08:49:00 AM,2023
CR00029544,11/15/2015 10:04:00 PM,30,CLEAR,DAYLIGHT,REAR END,T-INTERSECTION,STOP SIGN/FLASHER,UNABLE TO DETERMINE,FAILING TO REDUCE SPEED,0,0,0,0,22,1,11,2242,CALIFORNIA AVE,41.981184,-87.562058,11/15/2015 10:50:00 PM,2015
CR00029545,10/04/2020 01:55:00 PM,30,CLEAR,DAWN,REAR END,ONE-WAY,TRAFFIC SIGNAL,UNABLE TO DETERMINE,FOLLOWING TOO CLOSELY,0,0,1,1,13,1,10,1756,79TH ST,41.857508,-87.814362,10/04/2020 03:28:00 PM,2020
CR00029546,10/30/2018 07:59:00 AM,45,CLEAR,DARKNESS,ANGLE,NOT DIVIDED,TRAFFIC SIGNAL,FOLLOWING TOO CLOSELY,NOT APPLICABLE,0,0,0,0,7,3,10,398,79TH ST,41.995597,-87.543963,10/30/2018 09:45:00 AM,2018
CR00029547,01/16/2020 12:31:00 PM,30,CLEAR,DUSK,REAR END,NOT DIVIDED,NO CONTROLS,UNABLE TO DETERMINE,DISREGARDING TRAFFIC SIGNALS,0,0,1,1,12,5,1,2074,47TH ST,41.765813,-87.628798,01/16/2020 01:13:00 PM,2020
CR00029548,08/09/2023 11:12:00 AM,25,CLEAR,DAYLIGHT,TURNING,ONE-WAY,NO CONTROLS,DISTRACTION - FROM INSIDE VEHICLE,UNABLE TO DETERMINE,0,0,0,0,11,4,8,516,63RD ST,41.714151,-87.558593,08/09/2023 12:25:00 PM,2023
CR00029549,03/20/2020 04:16:00 PM,40,CLEAR,DAYLIGHT,PARKED MOTOR VEHICLE,NOT DIVIDED,TRAFFIC SIGNAL,FAILING TO YIELD RIGHT-OF-WAY,FAILING TO REDUCE SPEED,0,0,0,0,16,6,3,1770,47TH ST,41.835058,-87.529468,03/20/2020 06:07:00 PM,2020
CR00029550,01/11/2021 08:46:00 AM,15,CLEAR,DAYLIGHT,REAR END,FOUR WAY,YIELD,DRIVING SKILLS/KNOWLEDGE/EXPERIENCE,UNABLE TO DETERMINE,0,0,2,2,8,2,1,524,MILWAUKEE AVE,41.72253,-87.703162,01/11/2021 09:27:00 AM,2021
CR00029551,08/16/2024 05:35:00 AM,30,CLEAR,DARKNESS - LIGHTED ROAD,REAR TO FRONT,DIVIDED - W/MEDIAN BARRIER,TRAFFIC SIGNAL,DISTRACTION - FROM INSIDE VEHICLE,UNABLE TO DETERMINE,0,0,1,1,5,6,8,1325,PULASKI RD,41.753055,-87.72125,08/16/2024 06:18:00 AM,2024
CR00029552,07/15/2021 04:29:00 AM,35,CLEAR,DAYLIGHT,SIDESWIPE SAME DIRECTION,NOT DIVIDED,TRAFFIC SIGNAL,UNABLE TO DETERMINE,FOLLOWING TOO CLOSELY,0,0,0,0,4,5,7,939,47TH ST,41.914265,-87.761457,07/15/2021 04:44:00 AM,2021
CR00029553,09/27/2020 10:39:00 AM,30,SNOW,DAYLIGHT,PARKED MOTOR VEHICLE,NOT DIVIDED,PEDESTRIAN CROSSING SIGN,IMPROPER LANE USAGE,FAILING TO YIELD RIGHT-OF-WAY,0,0,0,0,10,1,9,1867,DAMEN AVE,41.945909,-87.505074,09/27/2020 12:08:00 PM,2020
CR00029554,11/30/2015 06:43:00 PM,45,CLEAR,DARKNESS,FIXED OBJECT,DIVIDED - W/MEDIAN (NOT RAISED),YIELD,FAILING TO YIELD RIGHT-OF-WAY,FAILING TO YIELD RIGHT-OF-WAY,0,0,0,0,18,2,11,2525,ASHLAND AVE,41.925169,-87.837788,11/30/2015 06:44:00 PM,2015
CR00029555,10/09/2017 09:42:00 AM,30,SNOW,DAYLIGHT,ANGLE,FOUR WAY,PEDESTRIAN CROSSING SIGN,UNABLE TO DETERMINE,IMPROPER LANE USAGE,0,0,0,0,9,2,10,2479,63RD ST,41.769954,-87.523855,10/09/2017 11:16:00 AM,2017
CR00029556,03/06/2022 04:23:00 PM,15,CLEAR,DAYLIGHT,FIXED OBJECT,DIVIDED - W/MEDIAN (NOT RAISED),UNKNOWN,UNABLE TO DETERMINE,DRIVING SKILLS/KNOWLEDGE/EXPERIENCE,0,0,0,0,16,1,3,898,ROOSEVELT RD,41.813302,-87.51911,03/06/2022 04:34:00 PM,2022
CR00029557,10/28/2023 02:50:00 PM,20,RAIN,DAYLIGHT,REAR END,NOT DIVIDED,STOP SIGN/FLASHER,DISTRACTION - FROM INSIDE VEHICLE,FAILING TO REDUCE SPEED,0,0,0,0,14,7,10,1952,47TH ST,41.739917,-87.67752,10/28/2023 03:13:00 PM,2023
CR00029558,08/24/2022 11:46:00 PM,25,CLEAR,DAYLIGHT,FIXED OBJECT,DIVIDED - W/MEDIAN (NOT RAISED),TRAFFIC SIGNAL,FAILING TO YIELD RIGHT-OF-WAY,UNABLE TO DETERMINE,0,0,0,0,23,4,8,1562,47TH ST,41.893166,-87.677032,08/25/2022 12:02:00 AM,2022
CR00029559,07/14/2024 06:42:00 AM,15,CLOUDY/OVERCAST,DARKNESS,REAR END,DIVIDED - W/MEDIAN (NOT RAISED),NO CONTROLS,DISTRACTION - FROM INSIDE VEHICLE,FOLLOWING TOO CLOSELY,0,0,0,0,6,1,7,1726,ROOSEVELT RD,41.943354,-87.786603,07/14/2024 08:35:00 AM,2024
CR00029560,06/01/2020 03:05:00 PM,15,RAIN,DUSK,REAR END,NOT DIVIDED,NO CONTROLS,FAILING TO YIELD RIGHT-OF-WAY,UNABLE TO DETERMINE,0,0,1,1,15,2,6,1953,WESTERN AVE,41.882117,-87.699129,06/01/2020 04:57:00 PM,2020
CR00029561,05/25/2024 05:04:00 PM,45,CLEAR,DAYLIGHT,ANGLE,FOUR WAY,TRAFFIC SIGNAL,UNABLE TO DETERMINE,DRIVING SKILLS/KNOWLEDGE/EXPERIENCE,0,0,0,0,17,7,5,1665,63RD ST,41.94702,-87.846068,05/25/2024 05:05:00 PM,2024
CR00029562,07/25/2016 11:17:00 AM,30,CLEAR,DAYLIGHT,SIDESWIPE SAME DIRECTION,NOT DIVIDED,UNKNOWN,FAILING TO YIELD RIGHT-OF-WAY,FAILING TO REDUCE SPEED,0,0,0,0,11,2,7,452,STONY ISLAND AVE,41.86541,-87.612162,07/25/2016 01:00:00 PM,2016
CR00029563,08/14/2020 09:58:00 PM,25,CLEAR,DARKNESS - LIGHTED ROAD,ANGLE,NOT DIVIDED,NO CONTROLS,UNABLE TO DETERMINE,IMPROPER OVERTAKING/PASSING,0,0,0,0,21,6,8,2444,BROADWAY,41.842005,-87.718079,08/14/2020 10:01:00 PM,2020
CR00029564,12/11/2015 10:57:00 AM,15,CLEAR,DAYLIGHT,FIXED OBJECT,FOUR WAY,NO CONTROLS,FAILING TO YIELD RIGHT-OF-WAY,IMPROPER OVERTAKING/PASSING,0,0,0,0,10,6,12,1292,63RD ST,41.896038,-87.665831,12/11/2015 12:54:00 PM,2015
CR00029565,09/21/2016 10:24:00 PM,30,CLEAR,DAYLIGHT,REAR END,ONE-WAY,STOP SIGN/FLASHER,WEATHER,FOLLOWING TOO CLOSELY,0,0,0,0,22,4,9,1025,ARCHER AVE,41.742808,-87.571718,09/21/2016 11:41:00 PM,2016
CR00029566,06/15/2020 06:56:00 PM,35,CLEAR,DAYLIGHT,FIXED OBJECT,FOUR WAY,PEDESTRIAN CROSSING SIGN,DISTRACTION - FROM INSIDE VEHICLE,DRIVING SKILLS/KNOWLEDGE/EXPERIENCE,0,0,0,0,18,2,6,1075,CICERO AVE,41.954716,-87.596468,06/15/2020 07:16:00 PM,2020
CR00029567,03/18/2020 04:29:00 PM,20,CLEAR,DAYLIGHT,PARKED MOTOR VEHICLE,NOT DIVIDED,TRAFFIC SIGNAL,UNABLE TO DETERMINE,UNABLE TO DETERMINE,0,0,0,0,16,4,3,2510,LAKE SHORE DR,41.990764,-87.712042,03/18/2020 05:57:00 PM,2020
CR00029568,09/11/2018 10:50:00 AM,45,CLEAR,DARKNESS - LIGHTED ROAD,SIDESWIPE SAME DIRECTION,NOT DIVIDED,TRAFFIC SIGNAL,UNABLE TO DETERMINE,IMPROPER OVERTAKING/PASSING,0,0,1,1,10,3,9,464,FULLERTON AVE,41.866392,-87.634317,09/11/2018 11:11:00 AM,2018
CR00029569,06/22/2024 07:25:00 PM,15,CLEAR,DARKNESS,PARKED MOTOR VEHICLE,DIVIDED - W/MEDIAN BARRIER,TRAFFIC SIGNAL,DRIVING SKILLS/KNOWLEDGE/EXPERIENCE,UNABLE TO DETERMINE,0,0,0,0,19,7,6,614,HALSTED ST,41.883053,-87.698355,06/22/2024 08:55:00 PM,2024
CR00029570,04/09/2024 01:26:00 PM,30,RAIN,DAYLIGHT,TURNING,DIVIDED - W/MEDIAN (NOT RAISED),TRAFFIC SIGNAL,DRIVING SKILLS/KNOWLEDGE/EXPERIENCE,NOT APPLICABLE,0,0,1,1,13,3,4,2211,KEDZIE AVE,41.89561,-87.708256,04/09/2024 02:18:00 PM,2024
CR00029571,06/30/2017 08:48:00 AM,35,CLEAR,DAYLIGHT,SIDESWIPE SAME DIRECTION,ONE-WAY,NO CONTROLS,DRIVING SKILLS/KNOWLEDGE/EXPERIENCE,IMPROPER LANE USAGE,0,0,0,0,8,6,6,2503,IRVING PARK RD,41.866684,-87.572681,06/30/2017 09:57:00 AM,2017
CR00029572,07/18/2019 04:13:00 AM,35,CLEAR,DAYLIGHT,PARKED MOTOR VEHICLE,FOUR WAY,NO CONTROLS,FAILING TO YIELD RIGHT-OF-WAY,FAILING TO REDUCE SPEED,0,0,0,0,4,5,7,852,CICERO AVE,41.811515,-87.617109,07/18/2019 05:15:00 AM,2019
CR00029573,07/09/2023 06:46:00 PM,20,RAIN,DARKNESS,TURNING,DIVIDED - W/MEDIAN (NOT RAISED),STOP SIGN/FLASHER,UNABLE TO DETERMINE,UNABLE TO DETERMINE,0,0,0,0,18,1,7,1172,DIVISION ST,41.938172,-87.509806,07/09/2023 07:52:00 PM,2023
CR00029574,02/04/2022 04:20:00 PM,15,CLEAR,DARKNESS - LIGHTED ROAD,PARKED MOTOR VEHICLE,DIVIDED - W/MEDIAN (NOT RAISED),STOP SIGN/FLASHER,UNABLE TO DETERMINE,NOT APPLICABLE,0,0,1,1,16,6,2,1520,DAMEN AVE,41.892171,-87.714942,02/04/2022 05:59:00 PM,2022
CR00029575,11/17/2018 05:34:00 AM,40,CLOUDY/OVERCAST,DAYLIGHT,SIDESWIPE SAME DIRECTION,NOT DIVIDED,TRAFFIC SIGNAL,FAILING TO YIELD RIGHT-OF-WAY,IMPROPER LANE USAGE,0,0,0,0,5,7,11,197,CLARK ST,41.931746,-87.771697,11/17/2018 06:26:00 AM,2018
CR00029576,12/23/2018 02:43:00 AM,15,CLEAR,DAYLIGHT,REAR END,DIVIDED - W/MEDIAN (NOT RAISED),NO CONTROLS,FAILING TO REDUCE SPEED,NOT APPLICABLE,0,0,0,0,2,1,12,1453,63RD ST,41.93557,-87.517552,12/23/2018 03:03:00 AM,2018
CR00029577,07/09/2020 05:39:00 PM,30,SNOW,DAYLIGHT,TURNING,NOT DIVIDED,NO CONTROLS,UNABLE TO DETERMINE,UNABLE TO DETERMINE,0,0,0,0,17,5,7,1634,ASHLAND AVE,41.743063,-87.583378,07/09/2020 06:37:00 PM,2020
CR00029578,09/01/2023 04:13:00 AM,15,CLEAR,DAYLIGHT,REAR END,NOT DIVIDED,NO CONTROLS,UNABLE TO DETERMINE,DISTRACTION - FROM INSIDE VEHICLE,0,0,0,0,4,6,9,1119,CLARK ST,41.821695,-87.512931,09/01/2023 06:13:00 AM,2023
CR00029579,06/30/2017 07:14:00 AM,45,RAIN,DARKNESS - LIGHTED ROAD,ANGLE,NOT DIVIDED,YIELD,IMPROPER LANE USAGE,FAILING TO YIELD RIGHT-OF-WAY,0,0,0,0,7,6,6,2440,MICHIGAN AVE,41.854672,-87.7107,06/30/2017 08:05:00 AM,2017
CR00029580,04/18/2018 11:39:00 AM,40,RAIN,DARKNESS - LIGHTED ROAD,REAR END,NOT DIVIDED,TRAFFIC SIGNAL,UNABLE TO DETERMINE,DRIVING SKILLS/KNOWLEDGE/EXPERIENCE,0,0,0,0,11,4,4,1375,47TH ST,41.754333,-87.554799,04/18/2018 12:58:00 PM,2018
CR00029581,07/12/2020 06:34:00 PM,30,CLEAR,DAYLIGHT,PEDESTRIAN,T-INTERSECTION,TRAFFIC SIGNAL,UNABLE TO DETERMINE,DISREGARDING TRAFFIC SIGNALS,0,0,0,0,18,1,7,202,HALSTED ST,41.921433,-87.618731,07/12/2020 07:13:00 PM,2020
CR00029582,10/09/2021 08:22:00 AM,30,CLOUDY/OVERCAST,DARKNESS - LIGHTED ROAD,REAR END,NOT DIVIDED,TRAFFIC SIGNAL,UNABLE TO DETERMINE,FAILING TO YIELD RIGHT-OF-WAY,0,0,0,0,8,7,10,1266,MICHIGAN AVE,41.901912,-87.803735,10/09/2021 09:18:00 AM,2021
CR00029583,09/06/2021 05:19:00 PM,30,FOG/SMOKE/HAZE,DAYLIGHT,TURNING,DIVIDED - W/MEDIAN (NOT RAISED),UNKNOWN,FOLLOWING TOO CLOSELY,UNABLE TO DETERMINE,0,0,0,0,17,2,9,368,ROOSEVELT RD,41.735018,-87.523437,09/06/2021 06:25:00 PM,2021
CR00029584,12/23/2023 05:34:00 AM,35,CLEAR,DARKNESS,REAR END,T-INTERSECTION,UNKNOWN,FAILING TO REDUCE SPEED,UNABLE TO DETERMINE,0,0,0,0,5,7,12,1082,MILWAUKEE AVE,41.906461,-87.798415,12/23/2023 06:22:00 AM,2023
CR00029585,09/05/2018 11:06:00 AM,35,CLEAR,DAYLIGHT,REAR END,DIVIDED - W/MEDIAN BARRIER,NO CONTROLS,FOLLOWING TOO CLOSELY,DISTRACTION - FROM INSIDE VEHICLE,0,0,0,0,11,4,9,391,FULLERTON AVE,41.982735,-87.720645,09/05/2018 11:50:00 AM,2018
CR00029586,11/30/2017 08:22:00 AM,20,FOG/SMOKE/HAZE,DAYLIGHT,SIDESWIPE SAME DIRECTION,DIVIDED - W/MEDIAN BARRIER,NO CONTROLS,FOLLOWING TOO CLOSELY,FAILING TO YIELD RIGHT-OF-WAY,0,0,0,0,8,5,11,232,DAMEN AVE,41.93539,-87.676503,11/30/2017 10:09:00 AM,2017
CR00029587,11/30/2022 05:31:00 AM,30,CLOUDY/OVERCAST,DARKNESS - LIGHTED ROAD,PEDESTRIAN,ONE-WAY,STOP SIGN/FLASHER,FOLLOWING TOO CLOSELY,FAILING TO YIELD RIGHT-OF-WAY,0,0,0,0,5,4,11,400,ASHLAND AVE,41.892593,-87.760027,11/30/2022 07:12:00 AM,2022
CR00029588,10/02/2020 02:46:00 AM,35,RAIN,DAYLIGHT,FIXED OBJECT,T-INTERSECTION,NO CONTROLS,IMPROPER LANE USAGE,DRIVING SKILLS/KNOWLEDGE/EXPERIENCE,0,0,0,0,2,6,10,1565,DIVISION ST,41.778758,-87.635157,10/02/2020 03:15:00 AM,2020
CR00029589,08/30/2021 05:37:00 AM,20,CLEAR,DUSK,REAR END,NOT DIVIDED,TRAFFIC SIGNAL,IMPROPER OVERTAKING/PASSING,NOT APPLICABLE,0,0,0,0,5,2,8,1127,IRVING PARK RD,41.728171,-87.582747,08/30/2021 05:38:00 AM,2021
CR00029590,08/29/2016 05:40:00 PM,35,RAIN,DAYLIGHT,PARKED MOTOR VEHICLE,NOT DIVIDED,TRAFFIC SIGNAL,UNABLE TO DETERMINE,NOT APPLICABLE,0,0,0,0,17,2,8,1387,79TH ST,41.722418,-87.620215,08/29/2016 06:33:00 PM,2016
CR00029591,01/29/2024 01:32:00 PM,30,CLEAR,DAYLIGHT,TURNING,NOT DIVIDED,NO CONTROLS,UNABLE TO DETERMINE,UNABLE TO DETERMINE,0,0,0,0,13,2,1,481,STATE ST,41.943536,-87.594774,01/29/2024 01:51:00 PM,2024
CR00029592,08/12/2015 06:46:00 AM,30,SNOW,DARKNESS - LIGHTED ROAD,REAR END,FOUR WAY,STOP SIGN/FLASHER,UNABLE TO DETERMINE,FAILING TO REDUCE SPEED,0,0,0,0,6,4,8,1527,ROOSEVELT RD,41.953418,-87.690601,08/12/2015 07:11:00 AM,2015
CR00029593,09/19/2022 03:00:00 PM,30,SNOW,DAYLIGHT,REAR END,NOT DIVIDED,NO CONTROLS,UNABLE TO DETERMINE,FOLLOWING TOO CLOSELY,0,0,0,0,15,2,9,1197,ASHLAND AVE,41.714128,-87.502859,09/19/2022 03:42:00 PM,2022
CR00029594,12/31/2024 11:37:00 AM,40,CLEAR,DARKNESS - LIGHTED ROAD,REAR END,DIVIDED - W/MEDIAN (NOT RAISED),NO CONTROLS,UNABLE TO DETERMINE,NOT APPLICABLE,0,0,0,0,11,3,12,804,CLARK ST,41.975449,-87.624287,12/31/2024 01:11:00 PM,2024
CR00029595,08/24/2018 06:19:00 PM,30,CLEAR,DAYLIGHT,SIDESWIPE SAME DIRECTION,NOT DIVIDED,NO CONTROLS,UNABLE TO DETERMINE,DISREGARDING TRAFFIC SIGNALS,0,0,0,0,18,6,8,1791,OGDEN AVE,41.745335,-87.535033,08/24/2018 07:03:00 PM,2018
CR00029596,11/20/2021 06:52:00 AM,30,CLEAR,DAYLIGHT,PARKED MOTOR VEHICLE,DIVIDED - W/MEDIAN BARRIER,STOP SIGN/FLASHER,FOLLOWING TOO CLOSELY,FOLLOWING TOO CLOSELY,0,0,0,0,6,7,11,220,IRVING PARK RD,41.774392,-87.583495,11/20/2021 08:36:00 AM,2021
CR00029597,07/21/2024 05:31:00 AM,35,CLEAR,DARKNESS - LIGHTED ROAD,REAR END,NOT DIVIDED,NO CONTROLS,IMPROPER LANE USAGE,DISREGARDING TRAFFIC SIGNALS,0,0,0,0,5,1,7,1328,47TH ST,41.997604,-87.545369,07/21/2024 07:07:00 AM,2024
CR00029598,05/30/2018 02:02:00 AM,35,FREEZING RAIN/DRIZZLE,DAYLIGHT,REAR END,NOT DIVIDED,NO CONTROLS,DRIVING SKILLS/KNOWLEDGE/EXPERIENCE,DISREGARDING TRAFFIC SIGNALS,0,0,0,0,2,4,5,1284,BROADWAY,41.914777,-87.760524,05/30/2018 03:44:00 AM,2018
CR00029599,02/01/2023 07:34:00 PM,35,CLEAR,DARKNESS,FIXED OBJECT,ONE-WAY,TRAFFIC SIGNAL,FOLLOWING TOO CLOSELY,UNABLE TO DETERMINE,0,2,0,2,19,4,2,2402,MILWAUKEE AVE,41.870933,-87.724453,02/01/2023 08:47:00 PM,2023
CR00029600,06/14/2021 10:01:00 AM,45,FOG/SMOKE/HAZE,DAYLIGHT,REAR END,NOT DIVIDED,STOP SIGN/FLASHER,UNABLE TO DETERMINE,FAILING TO YIELD RIGHT-OF-WAY,0,0,0,0,10,2,6,512,DAMEN AVE,41.719359,-87.696577,06/14/2021 10:16:00 AM,2021
CR00029601,01/04/2023 07:11:00 AM,35,SNOW,DAYLIGHT,TURNING,T-INTERSECTION,NO CONTROLS,FOLLOWING TOO CLOSELY,NOT APPLICABLE,0,0,0,0,7,4,1,1803,WESTERN AVE,41.774281,-87.656173,01/04/2023 08:49:00 AM,2023
CR00029602,03/28/2016 04:42:00 PM,45,CLEAR,DAYLIGHT,TURNING,NOT DIVIDED,STOP SIGN/FLASHER,FAILING TO REDUCE SPEED,NOT APPLICABLE,0,0,0,0,16,2,3,2267,CLARK ST,41.830262,-87.647161,03/28/2016 05:24:00 PM,2016
CR00029603,12/20/2022 03:05:00 PM,25,RAIN,DARKNESS - LIGHTED ROAD,TURNING,T-INTERSECTION,NO CONTROLS,UNABLE TO DETERMINE,WEATHER,0,0,3,3,15,3,12,2238,FULLERTON AVE,41.74359,-87.554031,12/20/2022 04:36:00 PM,2022
CR00029604,12/14/2021 02:01:00 PM,20,CLEAR,DAYLIGHT,FIXED OBJECT,ONE-WAY,TRAFFIC SIGNAL,UNABLE TO DETERMINE,FAILING TO YIELD RIGHT-OF-WAY,0,0,0,0,14,3,12,1934,KEDZIE AVE,41.768755,-87.510745,12/14/2021 03:47:00 PM,2021
CR00029605,09/23/2020 02:32:00 AM,25,CLEAR,DAYLIGHT,TURNING,FOUR WAY,STOP SIGN/FLASHER,DISREGARDING TRAFFIC SIGNALS,NOT APPLICABLE,0,0,0,0,2,4,9,1598,MICHIGAN AVE,41.711424,-87.714536,09/23/2020 02:51:00 AM,2020
CR00029606,10/02/2019 08:34:00 AM,30,CLEAR,DARKNESS - LIGHTED ROAD,SIDESWIPE SAME DIRECTION,NOT DIVIDED,TRAFFIC SIGNAL,FAILING TO REDUCE SPEED,FAILING TO REDUCE SPEED,0,0,0,0,8,4,10,684,47TH ST,41.987126,-87.700159,10/02/2019 09:25:00 AM,2019
CR00029607,06/30/2021 04:54:00 PM,30,CLEAR,DARKNESS - LIGHTED ROAD,REAR END,NOT DIVIDED,TRAFFIC SIGNAL,IMPROPER OVERTAKING/PASSING,UNABLE TO DETERMINE,0,0,0,0,16,4,6,2343,KEDZIE AVE,41.967833,-87.54616,06/30/2021 05:47:00 PM,2021
CR00029608,04/29/2016 07:23:00 PM,35,CLEAR,DARKNESS - LIGHTED ROAD,PARKED MOTOR VEHICLE,DIVIDED - W/MEDIAN (NOT RAISED),NO CONTROLS,DISREGARDING TRAFFIC SIGNALS,UNABLE TO DETERMINE,0,0,0,0,19,6,4,514,ROOSEVELT RD,41.7851,-87.603701,04/29/2016 08:02:00 PM,2016
CR00029609,12/13/2016 08:47:00 PM,40,FREEZING RAIN/DRIZZLE,DAYLIGHT,TURNING,ONE-WAY,STOP SIGN/FLASHER,DISREGARDING TRAFFIC SIGNALS,IMPROPER OVERTAKING/PASSING,0,0,0,0,20,3,12,974,CLARK ST,41.737076,-87.808729,12/13/2016 09:11:00 PM,2016
CR00029610,10/23/2018 07:51:00 AM,20,RAIN,DARKNESS - LIGHTED ROAD,SIDESWIPE SAME DIRECTION,NOT DIVIDED,STOP SIGN/FLASHER,FAILING TO REDUCE SPEED,FAILING TO YIELD RIGHT-OF-WAY,0,0,0,0,7,3,10,2230,STATE ST,41.766017,-87.617022,10/23/2018 08:34:00 AM,2018
CR00029611,01/06/2017 12:00:00 PM,15,RAIN,DAYLIGHT,SIDESWIPE SAME DIRECTION,ONE-WAY,NO CONTROLS,UNABLE TO DETERMINE,UNABLE TO DETERMINE,0,0,0,0,12,6,1,669,LAKE SHORE DR,41.933915,-87.619025,01/06/2017 12:18:00 PM,2017
CR00029612,11/08/2023 03:58:00 PM,30,CLEAR,DAYLIGHT,REAR END,NOT DIVIDED,TRAFFIC SIGNAL,UNABLE TO DETERMINE,UNABLE TO DETERMINE,0,0,0,0,15,4,11,296,CLARK ST,41.817927,-87.7805,11/08/2023 05:10:00 PM,2023
CR00029613,12/05/2017 07:58:00 AM,20,CLEAR,DARKNESS,REAR END,DIVIDED - W/MEDIAN (NOT RAISED),NO CONTROLS,DRIVING SKILLS/KNOWLEDGE/EXPERIENCE,DRIVING SKILLS/KNOWLEDGE/EXPERIENCE,0,0,0,0,7,3,12,2340,PULASKI RD,41.778709,-87.511988,12/05/2017 08:42:00 AM,2017
CR00029614,05/10/2021 04:25:00 PM,30,SNOW,DARKNESS - LIGHTED ROAD,PEDESTRIAN,NOT DIVIDED,NO CONTROLS,FOLLOWING TOO CLOSELY,FAILING TO YIELD RIGHT-OF-WAY,0,0,0,0,16,2,5,201,IRVING PARK RD,41.799143,-87.824781,05/10/2021 06:20:00 PM,2021
CR00029615,05/08/2023 08:40:00 AM,15,CLEAR,DAYLIGHT,REAR TO FRONT,NOT DIVIDED,STOP SIGN/FLASHER,UNABLE TO DETERMINE,NOT APPLICABLE,0,0,0,0,8,2,5,1765,BROADWAY,41.967584,-87.728298,05/08/2023 09:41:00 AM,2023
CR00029616,09/01/2019 09:04:00 PM,30,CLOUDY/OVERCAST,DARKNESS - LIGHTED ROAD,REAR END,DIVIDED - W/MEDIAN (NOT RAISED),TRAFFIC SIGNAL,DRIVING SKILLS/KNOWLEDGE/EXPERIENCE,UNABLE TO DETERMINE,0,0,0,0,21,1,9,2359,PULASKI RD,41.897611,-87.570423,09/01/2019 09:12:00 PM,2019
CR00029617,12/26/2024 12:57:00 PM,45,CLEAR,DARKNESS - LIGHTED ROAD,REAR END,T-INTERSECTION,NO CONTROLS,UNABLE TO DETERMINE,DISTRACTION - FROM INSIDE VEHICLE,0,0,0,0,12,5,12,1645,DAMEN AVE,41.941668,-87.704486,12/26/2024 02:09:00 PM,2024
CR00029618,06/13/2023 04:51:00 PM,15,RAIN,DARKNESS - LIGHTED ROAD,TURNING,NOT DIVIDED,STOP SIGN/FLASHER,IMPROPER OVERTAKING/PASSING,UNABLE TO DETERMINE,0,0,0,0,16,3,6,1103,PULASKI RD,41.817749,-87.745249,06/13/2023 06:17:00 PM,2023
CR00029619,11/13/2015 12:50:00 AM,40,CLEAR,DAYLIGHT,ANGLE,NOT DIVIDED,NO CONTROLS,DRIVING SKILLS/KNOWLEDGE/EXPERIENCE,NOT APPLICABLE,0,0,0,0,0,6,11,1295,DAMEN AVE,41.81479,-87.671604,11/13/2015 02:31:00 AM,2015
CR00029620,06/14/2015 03:00:00 AM,20,CLEAR,DARKNESS - LIGHTED ROAD,REAR END,NOT DIVIDED,PEDESTRIAN CROSSING SIGN,IMPROPER OVERTAKING/PASSING,NOT APPLICABLE,0,0,0,0,3,1,6,1521,STATE ST,41.738859,-87.556179,06/14/2015 04:20:00 AM,2015
CR00029621,03/13/2020 12:42:00 PM,40,CLEAR,DAYLIGHT,PARKED MOTOR VEHICLE,ONE-WAY,NO CONTROLS,FOLLOWING TOO CLOSELY,FOLLOWING TOO CLOSELY,0,0,1,1,12,6,3,1706,FULLERTON AVE,41.94154,-87.82156,03/13/2020 12:47:00 PM,2020
CR00029622,03/30/2018 04:00:00 PM,35,FOG/SMOKE/HAZE,DARKNESS - LIGHTED ROAD,SIDESWIPE SAME DIRECTION,FOUR WAY,TRAFFIC SIGNAL,DISREGARDING TRAFFIC SIGNALS,NOT APPLICABLE,0,0,0,0,16,6,3,1031,BROADWAY,41.773192,-87.721228,03/30/2018 05:11:00 PM,2018