CRASH_RECORD_ID,CRASH_DATE,POSTED_SPEED_LIMIT,WEATHER_CONDITION,LIGHTING_CONDITION,FIRST_CRASH_TYPE,TRAFFICWAY_TYPE,TRAFFIC_CONTROL_DEVICE,PRIM_CONTRIBUTORY_CAUSE,SEC_CONTRIBUTORY_CAUSE,INJURIES_FATAL,INJURIES_INCAPACITATING,INJURIES_NON_INCAPACITATING,INJURIES_TOTAL,CRASH_HOUR,CRASH_DAY_OF_WEEK,CRASH_MONTH,BEAT_OF_OCCURRENCE,STREET_NAME,LATITUDE,LONGITUDE,DATE_POLICE_NOTIFIED,year
CR00029623,09/14/2015 09:07:00 PM,30,CLOUDY/OVERCAST,DAYLIGHT,TURNING,ONE-WAY,STOP SIGN/FLASHER,DRIVING SKILLS/KNOWLEDGE/EXPERIENCE,UNABLE TO DETERMINE,0,0,0,0,21,2,9,2354,STATE ST,41.885401,-87.685215,09/14/2015 09:46:00 PM,2015
CR00029624,04/15/2021 06:19:00 PM,45,CLEAR,DAYLIGHT,SIDESWIPE SAME DIRECTION,ONE-WAY,TRAFFIC SIGNAL,DISTRACTION - FROM INSIDE VEHICLE,FAILING TO YIELD RIGHT-OF-WAY,0,0,0,0,18,5,4,506,KEDZIE AVE,41.935138,-87.548079,04/15/2021 06:50:00 PM,2021
CR00029625,12/11/2018 09:41:00 PM,35,FOG/SMOKE/HAZE,DAYLIGHT,SIDESWIPE SAME DIRECTION,NOT DIVIDED,UNKNOWN,FAILING TO YIELD RIGHT-OF-WAY,UNABLE TO DETERMINE,0,0,0,0,21,3,12,545,47TH ST,41.761558,-87.849377,12/11/2018 11:31:00 PM,2018
CR00029626,05/22/2022 12:42:00 PM,30,CLEAR,DARKNESS - LIGHTED ROAD,SIDESWIPE SAME DIRECTION,NOT DIVIDED,STOP SIGN/FLASHER,FOLLOWING TOO CLOSELY,NOT APPLICABLE,0,0,0,0,12,1,5,418,STONY ISLAND AVE,41.915884,-87.80985,05/22/2022 02:12:00 PM,2022
CR00029627,09/04/2023 05:41:00 AM,40,CLEAR,DAYLIGHT,REAR END,ONE-WAY,TRAFFIC SIGNAL,IMPROPER LANE USAGE,FOLLOWING TOO CLOSELY,0,0,0,0,5,2,9,2093,IRVING PARK RD,41.966886,-87.546816,09/04/2023 06:09:00 AM,2023
CR00029628,08/26/2016 08:58:00 AM,35,CLEAR,DARKNESS - LIGHTED ROAD,PARKED MOTOR VEHICLE,DIVIDED - W/MEDIAN (NOT RAISED),NO CONTROLS,UNABLE TO DETERMINE,UNABLE TO DETERMINE,0,0,0,0,8,6,8,2436,IRVING PARK RD,41.947038,-87.703394,08/26/2016 10:19:00 AM,2016
CR00029629,02/06/2019 03:26:00 AM,30,CLEAR,DAYLIGHT,ANGLE,DIVIDED - W/MEDIAN (NOT RAISED),TRAFFIC SIGNAL,UNABLE TO DETERMINE,FAILING TO YIELD RIGHT-OF-WAY,0,0,0,0,3,4,2,1468,ASHLAND AVE,41.924958,-87.701079,02/06/2019 04:07:00 AM,2019
CR00029630,09/11/2023 03:19:00 PM,35,CLEAR,DARKNESS - LIGHTED ROAD,TURNING,DIVIDED - W/MEDIAN BARRIER,TRAFFIC SIGNAL,UNABLE TO DETERMINE,UNABLE TO DETERMINE,0,0,0,0,15,2,9,2335,FULLERTON AVE,41.782175,-87.709596,09/11/2023 03:53:00 PM,2023
CR00029631,03/11/2022 07:53:00 AM,35,CLEAR,DAYLIGHT,PEDESTRIAN,NOT DIVIDED,TRAFFIC SIGNAL,IMPROPER OVERTAKING/PASSING,UNABLE TO DETERMINE,0,0,0,0,7,6,3,1287,CICERO AVE,41.962027,-87.800632,03/11/2022 08:28:00 AM,2022
CR00029632,12/04/2019 06:01:00 PM,25,CLEAR,DAYLIGHT,ANGLE,FOUR WAY,NO CONTROLS,UNABLE TO DETERMINE,FOLLOWING TOO CLOSELY,0,0,0,0,18,4,12,2336,ELSTON AVE,41.985547,-87.512427,12/04/2019 06:25:00 PM,2019
CR00029633,05/06/2022 11:00:00 AM,30,CLEAR,DARKNESS,TURNING,DIVIDED - W/MEDIAN (NOT RAISED),TRAFFIC SIGNAL,DISTRACTION - FROM INSIDE VEHICLE,FAILING TO YIELD RIGHT-OF-WAY,0,0,0,0,11,6,5,233,FULLERTON AVE,41.887218,-87.787255,05/06/2022 11:29:00 AM,2022
CR00029634,02/13/2017 05:41:00 PM,30,RAIN,DARKNESS,REAR END,ONE-WAY,TRAFFIC SIGNAL,FOLLOWING TOO CLOSELY,UNABLE TO DETERMINE,0,0,0,0,17,2,2,241,PULASKI RD,41.741097,-87.821393,02/13/2017 07:13:00 PM,2017
CR00029635,10/03/2024 01:18:00 PM,30,CLEAR,DARKNESS - LIGHTED ROAD,TURNING,DIVIDED - W/MEDIAN BARRIER,NO CONTROLS,FAILING TO YIELD RIGHT-OF-WAY,FOLLOWING TOO CLOSELY,0,0,0,0,13,5,10,1533,WESTERN AVE,41.869958,-87.61179,10/03/2024 01:35:00 PM,2024
CR00029636,03/04/2015 07:24:00 PM,30,CLEAR,DAYLIGHT,SIDESWIPE SAME DIRECTION,NOT DIVIDED,STOP SIGN/FLASHER,UNABLE TO DETERMINE,NOT APPLICABLE,0,0,0,0,19,4,3,1350,OGDEN AVE,41.999017,-87.579206,03/04/2015 09:00:00 PM,2015
CR00029637,12/01/2015 07:32:00 PM,35,CLEAR,DARKNESS,REAR END,DIVIDED - W/MEDIAN (NOT RAISED),NO CONTROLS,UNABLE TO DETERMINE,FAILING TO YIELD RIGHT-OF-WAY,0,0,0,0,19,3,12,1035,79TH ST,41.814999,-87.644629,12/01/2015 07:37:00 PM,2015
CR00029638,07/29/2017 06:13:00 PM,30,CLEAR,DAYLIGHT,PEDESTRIAN,NOT DIVIDED,TRAFFIC SIGNAL,UNABLE TO DETERMINE,IMPROPER OVERTAKING/PASSING,0,0,0,0,18,7,7,735,ROOSEVELT RD,41.964815,-87.567106,07/29/2017 06:49:00 PM,2017
CR00029639,10/08/2023 01:46:00 PM,40,CLEAR,DAYLIGHT,SIDESWIPE SAME DIRECTION,NOT DIVIDED,TRAFFIC SIGNAL,IMPROPER LANE USAGE,UNABLE TO DETERMINE,0,0,0,0,13,1,10,2314,ROOSEVELT RD,41.910263,-87.605535,10/08/2023 03:22:00 PM,2023
CR00029640,05/14/2016 04:00:00 PM,30,RAIN,DAWN,SIDESWIPE SAME DIRECTION,DIVIDED - W/MEDIAN (NOT RAISED),NO CONTROLS,DISTRACTION - FROM INSIDE VEHICLE,FAILING TO YIELD RIGHT-OF-WAY,0,0,0,0,16,7,5,1269,MICHIGAN AVE,41.869134,-87.597768,05/14/2016 05:19:00 PM,2016
CR00029641,10/27/2021 10:16:00 PM,15,CLEAR,DAYLIGHT,REAR END,NOT DIVIDED,NO CONTROLS,FAILING TO REDUCE SPEED,DRIVING SKILLS/KNOWLEDGE/EXPERIENCE,0,0,0,0,22,4,10,613,ASHLAND AVE,41.912341,-87.555733,10/27/2021 11:36:00 PM,2021
CR00029642,02/19/2018 06:28:00 PM,20,CLEAR,DAYLIGHT,REAR END,NOT DIVIDED,NO CONTROLS,UNABLE TO DETERMINE,DISTRACTION - FROM INSIDE VEHICLE,0,0,0,0,18,2,2,1887,47TH ST,41.926215,-87.765283,02/19/2018 07:27:00 PM,2018
CR00029643,08/08/2020 03:06:00 PM,30,CLEAR,DAYLIGHT,PARKED MOTOR VEHICLE,ONE-WAY,NO CONTROLS,IMPROPER LANE USAGE,UNABLE TO DETERMINE,0,0,0,0,15,7,8,1865,HALSTED ST,41.801109,-87.715124,08/08/2020 04:00:00 PM,2020
CR00029644,12/26/2023 04:03:00 PM,35,CLEAR,DARKNESS - LIGHTED ROAD,PARKED MOTOR VEHICLE,FOUR WAY,NO CONTROLS,IMPROPER OVERTAKING/PASSING,IMPROPER LANE USAGE,0,0,0,0,16,3,12,1792,BROADWAY,41.834007,-87.747178,12/26/2023 04:10:00 PM,2023
CR00029645,07/24/2016 06:05:00 AM,30,SNOW,DAWN,TURNING,NOT DIVIDED,NO CONTROLS,UNABLE TO DETERMINE,IMPROPER LANE USAGE,0,0,0,0,6,1,7,1042,DAMEN AVE,41.74016,-87.631804,07/24/2016 07:27:00 AM,2016
CR00029646,07/26/2024 05:24:00 PM,15,RAIN,DAYLIGHT,REAR TO FRONT,DIVIDED - W/MEDIAN BARRIER,NO CONTROLS,IMPROPER OVERTAKING/PASSING,FOLLOWING TOO CLOSELY,0,0,0,0,17,6,7,898,PULASKI RD,41.834864,-87.519677,07/26/2024 05:54:00 PM,2024
CR00029647,12/16/2024 07:02:00 PM,40,CLEAR,DAYLIGHT,PARKED MOTOR VEHICLE,FOUR WAY,YIELD,UNABLE TO DETERMINE,DISREGARDING TRAFFIC SIGNALS,0,0,0,0,19,2,12,2439,KEDZIE AVE,41.942575,-87.55882,12/16/2024 08:39:00 PM,2024
CR00029648,11/28/2020 09:53:00 AM,30,CLEAR,DARKNESS - LIGHTED ROAD,ANGLE,NOT DIVIDED,TRAFFIC SIGNAL,FOLLOWING TOO CLOSELY,NOT APPLICABLE,0,0,2,2,9,7,11,1163,DAMEN AVE,41.706547,-87.828118,11/28/2020 11:45:00 AM,2020
CR00029649,10/16/2019 03:46:00 PM,35,CLEAR,DAYLIGHT,ANGLE,DIVIDED - W/MEDIAN (NOT RAISED),NO CONTROLS,UNABLE TO DETERMINE,DISTRACTION - FROM INSIDE VEHICLE,0,1,3,4,15,4,10,1127,MILWAUKEE AVE,41.816037,-87.800699,10/16/2019 04:24:00 PM,2019
CR00029650,04/08/2019 06:35:00 AM,25,CLEAR,DARKNESS,REAR END,NOT DIVIDED,TRAFFIC SIGNAL,IMPROPER LANE USAGE,FOLLOWING TOO CLOSELY,0,0,0,0,6,2,4,937,47TH ST,41.855733,-87.750108,04/08/2019 08:08:00 AM,2019
CR00029651,10/25/2020 02:35:00 PM,45,CLEAR,DARKNESS,TURNING,NOT DIVIDED,PEDESTRIAN CROSSING SIGN,FAILING TO YIELD RIGHT-OF-WAY,UNABLE TO DETERMINE,0,0,0,0,14,1,10,576,FULLERTON AVE,41.971647,-87.702074,10/25/2020 04:16:00 PM,2020
CR00029652,06/01/2022 01:20:00 AM,35,CLEAR,DAYLIGHT,SIDESWIPE SAME DIRECTION,ONE-WAY,UNKNOWN,FAILING TO YIELD RIGHT-OF-WAY,IMPROPER OVERTAKING/PASSING,0,0,0,0,1,4,6,867,79TH ST,41.744207,-87.830139,06/01/2022 02:37:00 AM,2022
CR00029653,02/26/2022 05:20:00 PM,35,CLEAR,DAYLIGHT,ANGLE,NOT DIVIDED,TRAFFIC SIGNAL,IMPROPER LANE USAGE,UNABLE TO DETERMINE,0,0,0,0,17,7,2,1887,IRVING PARK RD,41.71744,-87.754187,02/26/2022 06:20:00 PM,2022
CR00029654,10/16/2016 07:56:00 PM,25,CLEAR,DARKNESS - LIGHTED ROAD,ANGLE,ONE-WAY,STOP SIGN/FLASHER,FAILING TO REDUCE SPEED,FOLLOWING TOO CLOSELY,0,0,0,0,19,1,10,2484,63RD ST,41.880626,-87.52276,10/16/2016 08:30:00 PM,2016
CR00029655,10/01/2019 03:40:00 AM,45,CLEAR,DAYLIGHT,TURNING,ONE-WAY,STOP SIGN/FLASHER,DISTRACTION - FROM INSIDE VEHICLE,UNABLE TO DETERMINE,0,0,0,0,3,3,10,1898,BROADWAY,41.80184,-87.711613,10/01/2019 03:42:00 AM,2019
CR00029656,12/16/2023 08:32:00 AM,25,CLEAR,DAYLIGHT,PARKED MOTOR VEHICLE,NOT DIVIDED,TRAFFIC SIGNAL,IMPROPER OVERTAKING/PASSING,FAILING TO YIELD RIGHT-OF-WAY,0,0,0,0,8,7,12,1566,WESTERN AVE,41.964331,-87.514975,12/16/2023 10:24:00 AM,2023
CR00029657,05/22/2022 07:19:00 PM,40,RAIN,DAYLIGHT,REAR END,NOT DIVIDED,STOP SIGN/FLASHER,UNABLE TO DETERMINE,UNABLE TO DETERMINE,0,0,0,0,19,1,5,680,CLARK ST,41.839074,-87.846375,05/22/2022 08:16:00 PM,2022
CR00029658,07/07/2024 09:32:00 AM,25,CLEAR,DAYLIGHT,ANGLE,ONE-WAY,STOP SIGN/FLASHER,UNABLE TO DETERMINE,NOT APPLICABLE,0,0,0,0,9,1,7,1834,63RD ST,41.767575,-87.682091,07/07/2024 11:07:00 AM,2024
CR00029659,08/03/2024 06:41:00 PM,25,RAIN,DAYLIGHT,SIDESWIPE SAME DIRECTION,DIVIDED - W/MEDIAN (NOT RAISED),STOP SIGN/FLASHER,UNABLE TO DETERMINE,UNABLE TO DETERMINE,0,2,0,2,18,7,8,418,BROADWAY,41.97097,-87.543855,08/03/2024 08:10:00 PM,2024
CR00029660,06/02/2023 03:53:00 AM,15,CLEAR,DAYLIGHT,TURNING,FOUR WAY,TRAFFIC SIGNAL,IMPROPER OVERTAKING/PASSING,FAILING TO YIELD RIGHT-OF-WAY,0,0,0,0,3,6,6,107,47TH ST,41.994694,-87.629969,06/02/2023 05:28:00 AM,2023
CR00029661,11/23/2021 11:00:00 AM,45,CLOUDY/OVERCAST,DAYLIGHT,ANGLE,DIVIDED - W/MEDIAN (NOT RAISED),NO CONTROLS,UNABLE TO DETERMINE,UNABLE TO DETERMINE,0,1,1,2,11,3,11,611,STATE ST,41.825902,-87.507195,11/23/2021 12:47:00 PM,2021
CR00029662,03/12/2019 11:41:00 AM,40,CLEAR,DARKNESS - LIGHTED ROAD,REAR END,FOUR WAY,PEDESTRIAN CROSSING SIGN,FAILING TO YIELD RIGHT-OF-WAY,FAILING TO YIELD RIGHT-OF-WAY,0,0,0,0,11,3,3,773,MICHIGAN AVE,41.848032,-87.749922,03/12/2019 01:11:00 PM,2019
CR00029663,10/09/2018 11:20:00 AM,35,FREEZING RAIN/DRIZZLE,DAYLIGHT,TURNING,FOUR WAY,NO CONTROLS,FAILING TO YIELD RIGHT-OF-WAY,NOT APPLICABLE,0,0,0,0,11,3,10,1381,MICHIGAN AVE,41.846205,-87.507434,10/09/2018 01:13:00 PM,2018
CR00029664,11/27/2021 12:05:00 PM,35,CLOUDY/OVERCAST,DAYLIGHT,ANGLE,NOT DIVIDED,TRAFFIC SIGNAL,WEATHER,DISTRACTION - FROM INSIDE VEHICLE,0,0,1,1,12,7,11,696,CICERO AVE,41.809632,-87.519764,11/27/2021 01:58:00 PM,2021
CR00029665,02/13/2017 03:13:00 PM,20,CLEAR,DARKNESS,PARKED MOTOR VEHICLE,NOT DIVIDED,NO CONTROLS,UNABLE TO DETERMINE,NOT APPLICABLE,0,0,0,0,15,2,2,1794,KEDZIE AVE,41.905809,-87.849022,02/13/2017 04:34:00 PM,2017
CR00029666,05/15/2024 06:17:00 PM,35,RAIN,DARKNESS - LIGHTED ROAD,TURNING,NOT DIVIDED,STOP SIGN/FLASHER,FOLLOWING TOO CLOSELY,NOT APPLICABLE,0,0,0,0,18,4,5,618,MILWAUKEE AVE,41.77296,-87.698425,05/15/2024 07:52:00 PM,2024
CR00029667,02/19/2020 10:52:00 AM,35,CLEAR,DAYLIGHT,FIXED OBJECT,ONE-WAY,TRAFFIC SIGNAL,IMPROPER LANE USAGE,UNABLE TO DETERMINE,0,0,0,0,10,4,2,749,WESTERN AVE,41.723475,-87.604828,02/19/2020 11:31:00 AM,2020
CR00029668,04/04/2021 06:53:00 PM,45,CLEAR,DAYLIGHT,PARKED MOTOR VEHICLE,NOT DIVIDED,UNKNOWN,UNABLE TO DETERMINE,FAILING TO REDUCE SPEED,0,0,0,0,18,1,4,347,ARCHER AVE,41.960494,-87.661158,04/04/2021 07:01:00 PM,2021
CR00029669,03/30/2022 05:14:00 PM,30,CLEAR,DAYLIGHT,ANGLE,DIVIDED - W/MEDIAN (NOT RAISED),STOP SIGN/FLASHER,FOLLOWING TOO CLOSELY,NOT APPLICABLE,0,0,1,1,17,4,3,1754,47TH ST,41.738574,-87.758341,03/30/2022 05:48:00 PM,2022
CR00029670,02/02/2015 09:13:00 PM,20,CLEAR,DARKNESS - LIGHTED ROAD,ANGLE,DIVIDED - W/MEDIAN BARRIER,TRAFFIC SIGNAL,UNABLE TO DETERMINE,NOT APPLICABLE,0,0,0,0,21,2,2,1412,ARCHER AVE,41.737055,-87.803316,02/02/2015 10:52:00 PM,2015
CR00029671,08/21/2022 07:27:00 AM,30,CLEAR,DAYLIGHT,REAR END,DIVIDED - W/MEDIAN (NOT RAISED),STOP SIGN/FLASHER,UNABLE TO DETERMINE,FOLLOWING TOO CLOSELY,0,0,0,0,7,1,8,2090,ARCHER AVE,41.726357,-87.661888,08/21/2022 07:36:00 AM,2022
CR00029672,09/20/2015 10:37:00 PM,25,SNOW,DARKNESS - LIGHTED ROAD,ANGLE,DIVIDED - W/MEDIAN (NOT RAISED),TRAFFIC SIGNAL,FAILING TO REDUCE SPEED,UNABLE TO DETERMINE,0,0,0,0,22,1,9,1452,ROOSEVELT RD,41.845556,-87.650671,09/21/2015 12:17:00 AM,2015
CR00029673,03/26/2022 07:10:00 AM,45,CLOUDY/OVERCAST,DARKNESS - LIGHTED ROAD,SIDESWIPE SAME DIRECTION,NOT DIVIDED,NO CONTROLS,DISTRACTION - FROM INSIDE VEHICLE,WEATHER,0,0,0,0,7,7,3,2269,47TH ST,41.766445,-87.609519,03/26/2022 09:09:00 AM,2022
CR00029674,10/20/2020 02:52:00 PM,25,CLEAR,DAYLIGHT,PEDESTRIAN,DIVIDED - W/MEDIAN BARRIER,NO CONTROLS,UNABLE TO DETERMINE,IMPROPER OVERTAKING/PASSING,0,0,0,0,14,3,10,1000,ASHLAND AVE,41.713816,-87.798158,10/20/2020 02:53:00 PM,2020
CR00029675,09/23/2022 08:53:00 AM,35,CLEAR,DARKNESS - LIGHTED ROAD,SIDESWIPE SAME DIRECTION,NOT DIVIDED,UNKNOWN,UNABLE TO DETERMINE,FOLLOWING TOO CLOSELY,0,0,0,0,8,6,9,1834,STONY ISLAND AVE,41.835902,-87.739066,09/23/2022 09:13:00 AM,2022
CR00029676,05/14/2021 11:11:00 AM,40,SNOW,DAYLIGHT,TURNING,ONE-WAY,NO CONTROLS,DRIVING SKILLS/KNOWLEDGE/EXPERIENCE,FOLLOWING TOO CLOSELY,0,0,1,1,11,6,5,1841,STATE ST,41.776939,-87.815218,05/14/2021 11:50:00 AM,2021
CR00029677,03/03/2024 04:15:00 PM,30,CLEAR,DARKNESS - LIGHTED ROAD,REAR END,ONE-WAY,YIELD,UNABLE TO DETERMINE,FOLLOWING TOO CLOSELY,0,0,0,0,16,1,3,447,63RD ST,41.962269,-87.794976,03/03/2024 04:26:00 PM,2024
CR00029678,09/12/2020 09:31:00 AM,20,CLEAR,DARKNESS - LIGHTED ROAD,REAR END,DIVIDED - W/MEDIAN BARRIER,TRAFFIC SIGNAL,DISTRACTION - FROM INSIDE VEHICLE,NOT APPLICABLE,0,0,0,0,9,7,9,1472,STATE ST,41.880614,-87.592676,09/12/2020 10:57:00 AM,2020
CR00029679,06/28/2021 08:26:00 AM,35,CLEAR,DAYLIGHT,REAR END,DIVIDED - W/MEDIAN (NOT RAISED),TRAFFIC SIGNAL,DISTRACTION - FROM INSIDE VEHICLE,NOT APPLICABLE,0,0,0,0,8,2,6,1578,79TH ST,41.895727,-87.639676,06/28/2021 09:55:00 AM,2021
CR00029680,08/18/2016 07:18:00 PM,15,CLEAR,DAYLIGHT,REAR END,DIVIDED - W/MEDIAN (NOT RAISED),TRAFFIC SIGNAL,IMPROPER LANE USAGE,FAILING TO REDUCE SPEED,0,0,3,3,19,5,8,1782,KEDZIE AVE,41.792014,-87.816881,08/18/2016 07:44:00 PM,2016
CR00029681,11/30/2015 08:18:00 AM,30,CLEAR,DARKNESS - LIGHTED ROAD,REAR END,NOT DIVIDED,PEDESTRIAN CROSSING SIGN,FOLLOWING TOO CLOSELY,NOT APPLICABLE,0,0,0,0,8,2,11,1970,IRVING PARK RD,41.959128,-87.580555,11/30/2015 08:22:00 AM,2015
CR00029682,03/22/2016 05:07:00 PM,30,CLEAR,DAYLIGHT,REAR END,DIVIDED - W/MEDIAN (NOT RAISED),STOP SIGN/FLASHER,UNABLE TO DETERMINE,NOT APPLICABLE,0,0,0,0,17,3,3,599,IRVING PARK RD,41.7905,-87.552359,03/22/2016 05:49:00 PM,2016
CR00029683,12/25/2019 10:20:00 AM,35,CLEAR,DAYLIGHT,ANGLE,NOT DIVIDED,NO CONTROLS,FAILING TO YIELD RIGHT-OF-WAY,DISTRACTION - FROM INSIDE VEHICLE,0,0,1,1,10,4,12,1578,KEDZIE AVE,41.718902,-87.751023,12/25/2019 10:26:00 AM,2019
CR00029684,11/25/2019 05:13:00 PM,25,CLOUDY/OVERCAST,DARKNESS - LIGHTED ROAD,TURNING,NOT DIVIDED,STOP SIGN/FLASHER,FAILING TO YIELD RIGHT-OF-WAY,IMPROPER LANE USAGE,0,0,0,0,17,2,11,1748,DAMEN AVE,41.990887,-87.687595,11/25/2019 06:30:00 PM,2019
CR00029685,04/08/2016 03:17:00 PM,35,CLEAR,DAYLIGHT,REAR END,DIVIDED - W/MEDIAN (NOT RAISED),STOP SIGN/FLASHER,WEATHER,FAILING TO REDUCE SPEED,0,0,1,1,15,6,4,208,FULLERTON AVE,41.761719,-87.674845,04/08/2016 03:32:00 PM,2016
CR00029686,02/05/2019 09:13:00 AM,15,CLEAR,DAYLIGHT,REAR END,NOT DIVIDED,UNKNOWN,FAILING TO YIELD RIGHT-OF-WAY,FAILING TO YIELD RIGHT-OF-WAY,0,0,0,0,9,3,2,1909,63RD ST,41.874209,-87.692044,02/05/2019 10:32:00 AM,2019
CR00029687,01/01/2016 03:56:00 PM,35,RAIN,DAYLIGHT,PEDESTRIAN,DIVIDED - W/MEDIAN (NOT RAISED),NO CONTROLS,DRIVING SKILLS/KNOWLEDGE/EXPERIENCE,IMPROPER OVERTAKING/PASSING,0,0,0,0,15,6,1,1001,PULASKI RD,41.922857,-87.668531,01/01/2016 04:52:00 PM,2016
CR00029688,10/14/2015 06:30:00 PM,30,RAIN,DARKNESS,SIDESWIPE SAME DIRECTION,ONE-WAY,YIELD,FOLLOWING TOO CLOSELY,DRIVING SKILLS/KNOWLEDGE/EXPERIENCE,0,0,0,0,18,4,10,2089,79TH ST,41.934602,-87.741467,10/14/2015 08:08:00 PM,2015
CR00029689,08/09/2023 03:42:00 PM,15,FREEZING RAIN/DRIZZLE,DAYLIGHT,REAR END,NOT DIVIDED,TRAFFIC SIGNAL,WEATHER,NOT APPLICABLE,0,0,0,0,15,4,8,175,WESTERN AVE,41.944248,-87.530492,08/09/2023 04:24:00 PM,2023
CR00029690,09/27/2023 03:52:00 PM,40,CLEAR,DAYLIGHT,REAR END,DIVIDED - W/MEDIAN (NOT RAISED),NO CONTROLS,DISTRACTION - FROM INSIDE VEHICLE,UNABLE TO DETERMINE,0,0,0,0,15,4,9,1182,WESTERN AVE,41.774991,-87.657589,09/27/2023 04:37:00 PM,2023
CR00029691,02/03/2023 06:32:00 PM,30,CLEAR,DUSK,TURNING,ONE-WAY,NO CONTROLS,FOLLOWING TOO CLOSELY,FAILING TO YIELD RIGHT-OF-WAY,0,0,0,0,18,6,2,719,DIVISION ST,41.885119,-87.81231,02/03/2023 08:10:00 PM,2023
CR00029692,05/21/2021 08:48:00 PM,15,CLEAR,DARKNESS - LIGHTED ROAD,SIDESWIPE SAME DIRECTION,ONE-WAY,TRAFFIC SIGNAL,FAILING TO YIELD RIGHT-OF-WAY,IMPROPER LANE USAGE,0,0,0,0,20,6,5,2465,LAKE SHORE DR,41.763284,-87.673569,05/21/2021 09:11:00 PM,2021
CR00029693,01/04/2024 01:38:00 AM,45,CLEAR,DARKNESS - LIGHTED ROAD,SIDESWIPE SAME DIRECTION,FOUR WAY,TRAFFIC SIGNAL,FAILING TO YIELD RIGHT-OF-WAY,FAILING TO REDUCE SPEED,0,0,0,0,1,5,1,2500,47TH ST,41.762993,-87.77024,01/04/2024 01:57:00 AM,2024
CR00029694,03/01/2019 10:02:00 AM,30,SNOW,DAYLIGHT,PARKED MOTOR VEHICLE,DIVIDED - W/MEDIAN BARRIER,TRAFFIC SIGNAL,IMPROPER LANE USAGE,NOT APPLICABLE,0,0,0,0,10,6,3,2376,DAMEN AVE,41.97541,-87.662462,03/01/2019 10:48:00 AM,2019
CR00029695,06/10/2020 04:57:00 PM,15,CLEAR,DAYLIGHT,REAR END,DIVIDED - W/MEDIAN BARRIER,STOP SIGN/FLASHER,FAILING TO YIELD RIGHT-OF-WAY,NOT APPLICABLE,0,0,1,1,16,4,6,473,HALSTED ST,41.998189,-87.528893,06/10/2020 05:53:00 PM,2020
CR00029696,05/06/2021 06:03:00 AM,15,CLOUDY/OVERCAST,DAYLIGHT,ANGLE,NOT DIVIDED,NO CONTROLS,DRIVING SKILLS/KNOWLEDGE/EXPERIENCE,NOT APPLICABLE,0,0,0,0,6,5,5,2137,LAKE SHORE DR,41.963274,-87.734531,05/06/2021 07:13:00 AM,2021
CR00029697,05/11/2023 08:12:00 PM,15,RAIN,DAYLIGHT,ANGLE,NOT DIVIDED,UNKNOWN,FOLLOWING TOO CLOSELY,UNABLE TO DETERMINE,0,0,0,0,20,5,5,1754,MICHIGAN AVE,41.97943,-87.604716,05/11/2023 09:52:00 PM,2023
CR00029698,09/27/2022 10:14:00 AM,35,RAIN,DARKNESS - LIGHTED ROAD,TURNING,T-INTERSECTION,NO CONTROLS,FAILING TO YIELD RIGHT-OF-WAY,DRIVING SKILLS/KNOWLEDGE/EXPERIENCE,0,0,0,0,10,3,9,621,CICERO AVE,41.928637,-87.648865,09/27/2022 11:52:00 AM,2022
CR00029699,07/04/2016 08:45:00 AM,30,CLEAR,DARKNESS - LIGHTED ROAD,TURNING,ONE-WAY,STOP SIGN/FLASHER,WEATHER,FAILING TO YIELD RIGHT-OF-WAY,0,0,0,0,8,2,7,1698,ASHLAND AVE,41.821419,-87.736301,07/04/2016 09:34:00 AM,2016
CR00029700,11/24/2017 05:54:00 PM,35,CLOUDY/OVERCAST,DAWN,PEDESTRIAN,NOT DIVIDED,NO CONTROLS,UNABLE TO DETERMINE,DRIVING SKILLS/KNOWLEDGE/EXPERIENCE,0,0,0,0,17,6,11,763,FULLERTON AVE,41.789219,-87.814243,11/24/2017 06:33:00 PM,2017
CR00029701,11/21/2017 12:53:00 PM,35,CLEAR,DARKNESS - LIGHTED ROAD,REAR TO FRONT,NOT DIVIDED,NO CONTROLS,UNABLE TO DETERMINE,NOT APPLICABLE,0,0,0,0,12,3,11,2384,CALIFORNIA AVE,41.848079,-87.812537,11/21/2017 01:05:00 PM,2017
CR00029702,12/05/2021 07:35:00 PM,30,RAIN,DARKNESS - LIGHTED ROAD,SIDESWIPE SAME DIRECTION,NOT DIVIDED,STOP SIGN/FLASHER,IMPROPER OVERTAKING/PASSING,UNABLE TO DETERMINE,0,0,0,0,19,1,12,975,MICHIGAN AVE,41.744832,-87.785613,12/05/2021 08:08:00 PM,2021
CR00029703,10/08/2016 03:55:00 PM,45,CLEAR,DARKNESS,ANGLE,DIVIDED - W/MEDIAN (NOT RAISED),STOP SIGN/FLASHER,UNABLE TO DETERMINE,FAILING TO YIELD RIGHT-OF-WAY,0,0,0,0,15,7,10,820,BROADWAY,41.901297,-87.569855,10/08/2016 05:17:00 PM,2016
CR00029704,11/25/2024 04:21:00 PM,45,CLEAR,DAYLIGHT,PARKED MOTOR VEHICLE,FOUR WAY,UNKNOWN,FAILING TO YIELD RIGHT-OF-WAY,UNABLE TO DETERMINE,0,0,1,1,16,2,11,2139,FULLERTON AVE,41.956391,-87.774881,11/25/2024 05:57:00 PM,2024