CRASH_RECORD_ID,CRASH_DATE,POSTED_SPEED_LIMIT,WEATHER_CONDITION,LIGHTING_CONDITION,FIRST_CRASH_TYPE,TRAFFICWAY_TYPE,TRAFFIC_CONTROL_DEVICE,PRIM_CONTRIBUTORY_CAUSE,SEC_CONTRIBUTORY_CAUSE,INJURIES_FATAL,INJURIES_INCAPACITATING,INJURIES_NON_INCAPACITATING,INJURIES_TOTAL,CRASH_HOUR,CRASH_DAY_OF_WEEK,CRASH_MONTH,BEAT_OF_OCCURRENCE,STREET_NAME,LATITUDE,LONGITUDE,DATE_POLICE_NOTIFIED,year
CR00029705,11/20/2022 05:55:00 PM,45,CLEAR,DAYLIGHT,TURNING,NOT DIVIDED,PEDESTRIAN CROSSING SIGN,FAILING TO YIELD RIGHT-OF-WAY,NOT APPLICABLE,0,0,0,0,17,1,11,1122,DIVISION ST,41.874468,-87.722602,11/20/2022 07:46:00 PM,2022
CR00029706,07/07/2020 04:42:00 AM,20,CLEAR,DAYLIGHT,REAR END,ONE-WAY,TRAFFIC SIGNAL,FAILING TO REDUCE SPEED,FAILING TO YIELD RIGHT-OF-WAY,0,0,0,0,4,3,7,1813,DAMEN AVE,41.910265,-87.716963,07/07/2020 06:01:00 AM,2020
CR00029707,01/15/2021 11:43:00 AM,30,CLEAR,DAWN,REAR END,T-INTERSECTION,NO CONTROLS,FAILING TO YIELD RIGHT-OF-WAY,NOT APPLICABLE,0,0,0,0,11,6,1,1770,IRVING PARK RD,41.876676,-87.644896,01/15/2021 11:54:00 AM,2021
CR00029708,01/09/2015 08:11:00 AM,45,CLEAR,DARKNESS,REAR END,NOT DIVIDED,NO CONTROLS,FOLLOWING TOO CLOSELY,UNABLE TO DETERMINE,0,0,0,0,8,6,1,124,DAMEN AVE,41.764683,-87.582099,01/09/2015 08:25:00 AM,2015
CR00029709,01/18/2022 12:34:00 PM,30,SNOW,DAYLIGHT,REAR END,DIVIDED - W/MEDIAN (NOT RAISED),TRAFFIC SIGNAL,DISREGARDING TRAFFIC SIGNALS,DISTRACTION - FROM INSIDE VEHICLE,0,0,2,2,12,3,1,486,ROOSEVELT RD,41.863069,-87.677331,01/18/2022 12:37:00 PM,2022
CR00029710,04/17/2016 02:49:00 PM,15,CLEAR,DARKNESS - LIGHTED ROAD,TURNING,ONE-WAY,TRAFFIC SIGNAL,UNABLE TO DETERMINE,FAILING TO YIELD RIGHT-OF-WAY,0,0,0,0,14,1,4,1689,OGDEN AVE,41.858849,-87.52828,04/17/2016 03:26:00 PM,2016
CR00029711,10/28/2020 03:49:00 PM,45,CLEAR,DARKNESS - LIGHTED ROAD,ANGLE,FOUR WAY,TRAFFIC SIGNAL,UNABLE TO DETERMINE,NOT APPLICABLE,0,0,0,0,15,4,10,477,79TH ST,41.762045,-87.584577,10/28/2020 05:26:00 PM,2020
CR00029712,09/07/2024 08:04:00 PM,25,FREEZING RAIN/DRIZZLE,DARKNESS - LIGHTED ROAD,REAR END,DIVIDED - W/MEDIAN (NOT RAISED),UNKNOWN,FOLLOWING TOO CLOSELY,IMPROPER OVERTAKING/PASSING,0,0,0,0,20,7,9,2000,47TH ST,41.986998,-87.680759,09/07/2024 10:01:00 PM,2024
CR00029713,11/12/2020 01:27:00 AM,30,FOG/SMOKE/HAZE,DAYLIGHT,ANGLE,DIVIDED - W/MEDIAN (NOT RAISED),NO CONTROLS,UNABLE TO DETERMINE,FAILING TO REDUCE SPEED,0,0,0,0,1,5,11,1695,CALIFORNIA AVE,41.976624,-87.775427,11/12/2020 01:44:00 AM,2020
CR00029714,11/25/2021 04:16:00 PM,30,CLEAR,DUSK,TURNING,NOT DIVIDED,TRAFFIC SIGNAL,FAILING TO YIELD RIGHT-OF-WAY,FAILING TO YIELD RIGHT-OF-WAY,0,0,1,1,16,5,11,1597,CICERO AVE,41.990317,-87.779784,11/25/2021 04:53:00 PM,2021
CR00029715,05/23/2023 11:18:00 AM,30,CLEAR,DUSK,REAR TO FRONT,DIVIDED - W/MEDIAN (NOT RAISED),TRAFFIC SIGNAL,UNABLE TO DETERMINE,UNABLE TO DETERMINE,0,0,0,0,11,3,5,642,47TH ST,41.969132,-87.644297,05/23/2023 11:48:00 AM,2023
CR00029716,09/19/2019 07:31:00 AM,30,FOG/SMOKE/HAZE,DAYLIGHT,REAR END,T-INTERSECTION,TRAFFIC SIGNAL,FAILING TO YIELD RIGHT-OF-WAY,NOT APPLICABLE,0,0,0,0,7,5,9,2102,CALIFORNIA AVE,41.781289,-87.72732,09/19/2019 08:56:00 AM,2019
CR00029717,05/13/2019 09:32:00 AM,35,CLEAR,DUSK,SIDESWIPE SAME DIRECTION,ONE-WAY,UNKNOWN,UNABLE TO DETERMINE,UNABLE TO DETERMINE,0,0,2,2,9,2,5,1150,KEDZIE AVE,41.729781,-87.698355,05/13/2019 09:34:00 AM,2019
CR00029718,03/22/2020 02:22:00 PM,35,CLEAR,DARKNESS,REAR END,FOUR WAY,UNKNOWN,FAILING TO YIELD RIGHT-OF-WAY,FOLLOWING TOO CLOSELY,0,0,0,0,14,1,3,610,MICHIGAN AVE,41.951662,-87.680393,03/22/2020 03:49:00 PM,2020
CR00029719,09/12/2022 12:21:00 PM,30,CLEAR,DAYLIGHT,TURNING,DIVIDED - W/MEDIAN BARRIER,NO CONTROLS,IMPROPER OVERTAKING/PASSING,FOLLOWING TOO CLOSELY,0,0,0,0,12,2,9,1751,PULASKI RD,41.795538,-87.542595,09/12/2022 01:45:00 PM,2022
CR00029720,01/23/2015 09:59:00 AM,30,CLEAR,DAYLIGHT,TURNING,NOT DIVIDED,STOP SIGN/FLASHER,FOLLOWING TOO CLOSELY,NOT APPLICABLE,0,0,1,1,9,6,1,1230,KEDZIE AVE,41.916084,-87.78009,01/23/2015 10:06:00 AM,2015
CR00029721,06/19/2021 11:23:00 AM,30,CLEAR,DARKNESS - LIGHTED ROAD,REAR END,NOT DIVIDED,NO CONTROLS,UNABLE TO DETERMINE,IMPROPER LANE USAGE,0,0,0,0,11,7,6,1053,STONY ISLAND AVE,41.783321,-87.746077,06/19/2021 12:46:00 PM,2021
CR00029722,12/06/2022 09:53:00 PM,30,CLEAR,DARKNESS - LIGHTED ROAD,REAR END,NOT DIVIDED,NO CONTROLS,IMPROPER LANE USAGE,UNABLE TO DETERMINE,0,0,0,0,21,3,12,1461,PULASKI RD,41.893466,-87.717987,12/06/2022 10:42:00 PM,2022
CR00029723,06/25/2022 07:29:00 PM,45,CLEAR,DAYLIGHT,TURNING,NOT DIVIDED,TRAFFIC SIGNAL,UNABLE TO DETERMINE,FOLLOWING TOO CLOSELY,0,0,0,0,19,7,6,960,LAKE SHORE DR,41.817713,-87.640149,06/25/2022 07:40:00 PM,2022
CR00029724,12/09/2021 09:30:00 AM,15,CLEAR,DARKNESS - LIGHTED ROAD,REAR TO FRONT,DIVIDED - W/MEDIAN (NOT RAISED),NO CONTROLS,UNABLE TO DETERMINE,DISTRACTION - FROM INSIDE VEHICLE,0,0,0,0,9,5,12,1042,IRVING PARK RD,41.810383,-87.837233,12/09/2021 10:27:00 AM,2021
CR00029725,06/22/2021 04:47:00 PM,20,CLEAR,DAYLIGHT,REAR TO FRONT,ONE-WAY,STOP SIGN/FLASHER,UNABLE TO DETERMINE,NOT APPLICABLE,0,0,0,0,16,3,6,334,ELSTON AVE,41.879943,-87.674039,06/22/2021 06:22:00 PM,2021
CR00029726,01/26/2018 04:55:00 PM,30,CLEAR,DAYLIGHT,SIDESWIPE SAME DIRECTION,NOT DIVIDED,NO CONTROLS,DRIVING SKILLS/KNOWLEDGE/EXPERIENCE,FOLLOWING TOO CLOSELY,0,0,0,0,16,6,1,2513,STONY ISLAND AVE,41.813955,-87.680817,01/26/2018 06:22:00 PM,2018
CR00029727,08/16/2015 03:37:00 PM,35,CLEAR,DARKNESS - LIGHTED ROAD,REAR END,NOT DIVIDED,TRAFFIC SIGNAL,IMPROPER OVERTAKING/PASSING,FAILING TO YIELD RIGHT-OF-WAY,0,0,0,0,15,1,8,1205,DAMEN AVE,41.909918,-87.680067,08/16/2015 03:41:00 PM,2015
CR00029728,12/05/2021 10:06:00 AM,35,RAIN,DAYLIGHT,ANGLE,NOT DIVIDED,NO CONTROLS,FAILING TO REDUCE SPEED,UNABLE TO DETERMINE,0,0,0,0,10,1,12,720,CLARK ST,41.978787,-87.600785,12/05/2021 11:52:00 AM,2021
CR00029729,11/25/2017 05:16:00 AM,20,CLEAR,DAYLIGHT,SIDESWIPE SAME DIRECTION,T-INTERSECTION,TRAFFIC SIGNAL,UNABLE TO DETERMINE,DISTRACTION - FROM INSIDE VEHICLE,0,0,0,0,5,7,11,273,HALSTED ST,41.767385,-87.663624,11/25/2017 05:47:00 AM,2017
CR00029730,02/16/2019 05:44:00 PM,30,CLEAR,DUSK,ANGLE,ONE-WAY,STOP SIGN/FLASHER,UNABLE TO DETERMINE,UNABLE TO DETERMINE,0,0,0,0,17,7,2,1040,MICHIGAN AVE,41.764927,-87.565003,02/16/2019 06:44:00 PM,2019
CR00029731,01/02/2020 02:26:00 PM,40,CLEAR,DARKNESS,PARKED MOTOR VEHICLE,NOT DIVIDED,NO CONTROLS,UNABLE TO DETERMINE,UNABLE TO DETERMINE,0,0,0,0,14,5,1,1294,STATE ST,41.723665,-87.694774,01/02/2020 02:52:00 PM,2020
CR00029732,08/01/2019 03:23:00 AM,30,RAIN,DARKNESS,REAR END,NOT DIVIDED,NO CONTROLS,IMPROPER OVERTAKING/PASSING,UNABLE TO DETERMINE,0,0,0,0,3,5,8,2187,79TH ST,41.736982,-87.68876,08/01/2019 04:19:00 AM,2019
CR00029733,08/23/2018 03:46:00 PM,35,RAIN,DARKNESS - LIGHTED ROAD,SIDESWIPE SAME DIRECTION,NOT DIVIDED,TRAFFIC SIGNAL,UNABLE TO DETERMINE,WEATHER,0,0,0,0,15,5,8,798,CLARK ST,41.706304,-87.702246,08/23/2018 04:38:00 PM,2018
CR00029734,07/15/2023 10:52:00 AM,30,CLOUDY/OVERCAST,DAYLIGHT,REAR END,NOT DIVIDED,TRAFFIC SIGNAL,UNABLE TO DETERMINE,FOLLOWING TOO CLOSELY,0,0,0,0,10,7,7,1042,STATE ST,41.744513,-87.783021,07/15/2023 12:34:00 PM,2023
CR00029735,01/11/2023 07:32:00 AM,25,CLEAR,DAYLIGHT,FIXED OBJECT,DIVIDED - W/MEDIAN (NOT RAISED),PEDESTRIAN CROSSING SIGN,UNABLE TO DETERMINE,FAILING TO REDUCE SPEED,0,0,0,0,7,4,1,760,MILWAUKEE AVE,41.961572,-87.555453,01/11/2023 09:15:00 AM,2023
CR00029736,05/10/2019 05:02:00 PM,30,CLEAR,DARKNESS,PARKED MOTOR VEHICLE,DIVIDED - W/MEDIAN (NOT RAISED),YIELD,UNABLE TO DETERMINE,UNABLE TO DETERMINE,0,0,1,1,17,6,5,1855,BROADWAY,41.889427,-87.671164,05/10/2019 05:20:00 PM,2019
CR00029737,02/02/2020 12:46:00 PM,45,SNOW,DAYLIGHT,FIXED OBJECT,DIVIDED - W/MEDIAN (NOT RAISED),TRAFFIC SIGNAL,IMPROPER OVERTAKING/PASSING,FOLLOWING TOO CLOSELY,0,0,0,0,12,1,2,256,DIVISION ST,41.769331,-87.81729,02/02/2020 01:35:00 PM,2020
CR00029738,03/02/2017 05:23:00 PM,25,CLEAR,DAYLIGHT,ANGLE,NOT DIVIDED,UNKNOWN,IMPROPER LANE USAGE,FAILING TO YIELD RIGHT-OF-WAY,0,0,0,0,17,5,3,2082,47TH ST,41.823311,-87.637962,03/02/2017 06:37:00 PM,2017
CR00029739,03/29/2016 08:07:00 PM,25,CLEAR,DAYLIGHT,PARKED MOTOR VEHICLE,NOT DIVIDED,PEDESTRIAN CROSSING SIGN,IMPROPER OVERTAKING/PASSING,UNABLE TO DETERMINE,0,0,1,1,20,3,3,1876,LAKE SHORE DR,41.783107,-87.524411,03/29/2016 08:32:00 PM,2016
CR00029740,09/25/2016 01:58:00 AM,20,CLEAR,DAYLIGHT,TURNING,DIVIDED - W/MEDIAN (NOT RAISED),NO CONTROLS,FAILING TO YIELD RIGHT-OF-WAY,NOT APPLICABLE,0,0,0,0,1,1,9,1317,ELSTON AVE,41.792535,-87.755859,09/25/2016 03:13:00 AM,2016
CR00029741,12/31/2023 08:39:00 AM,40,CLEAR,DAYLIGHT,REAR TO FRONT,NOT DIVIDED,NO CONTROLS,UNABLE TO DETERMINE,UNABLE TO DETERMINE,0,0,0,0,8,1,12,1345,MILWAUKEE AVE,41.771915,-87.848284,12/31/2023 09:20:00 AM,2023
CR00029742,06/24/2016 12:41:00 AM,45,CLEAR,DAYLIGHT,PARKED MOTOR VEHICLE,NOT DIVIDED,NO CONTROLS,DISTRACTION - FROM INSIDE VEHICLE,NOT APPLICABLE,0,0,2,2,0,6,6,1987,ROOSEVELT RD,41.929534,-87.840576,06/24/2016 01:38:00 AM,2016
CR00029743,12/18/2019 07:00:00 AM,30,CLEAR,DAYLIGHT,REAR END,DIVIDED - W/MEDIAN BARRIER,NO CONTROLS,FAILING TO REDUCE SPEED,UNABLE TO DETERMINE,0,0,2,2,7,4,12,2140,CALIFORNIA AVE,41.841594,-87.625469,12/18/2019 07:49:00 AM,2019
CR00029744,01/09/2022 05:23:00 PM,15,CLOUDY/OVERCAST,DAYLIGHT,ANGLE,NOT DIVIDED,NO CONTROLS,IMPROPER LANE USAGE,NOT APPLICABLE,0,0,0,0,17,1,1,316,MICHIGAN AVE,41.79718,-87.726852,01/09/2022 06:57:00 PM,2022
CR00029745,12/01/2020 12:11:00 AM,45,CLEAR,DAYLIGHT,REAR END,ONE-WAY,TRAFFIC SIGNAL,DRIVING SKILLS/KNOWLEDGE/EXPERIENCE,FAILING TO YIELD RIGHT-OF-WAY,0,0,0,0,0,3,12,1829,MILWAUKEE AVE,41.861347,-87.811123,12/01/2020 12:17:00 AM,2020
CR00029746,01/21/2015 06:18:00 PM,35,CLEAR,DARKNESS,SIDESWIPE SAME DIRECTION,ONE-WAY,NO CONTROLS,DRIVING SKILLS/KNOWLEDGE/EXPERIENCE,FAILING TO REDUCE SPEED,0,0,3,3,18,4,1,1238,KEDZIE AVE,41.94306,-87.603127,01/21/2015 07:57:00 PM,2015
CR00029747,08/12/2022 06:39:00 PM,30,CLEAR,DARKNESS - LIGHTED ROAD,TURNING,DIVIDED - W/MEDIAN (NOT RAISED),TRAFFIC SIGNAL,FAILING TO REDUCE SPEED,UNABLE TO DETERMINE,0,0,0,0,18,6,8,145,ASHLAND AVE,41.970226,-87.623735,08/12/2022 06:51:00 PM,2022
CR00029748,12/28/2020 02:45:00 PM,15,CLEAR,DAYLIGHT,REAR TO FRONT,NOT DIVIDED,TRAFFIC SIGNAL,UNABLE TO DETERMINE,FAILING TO REDUCE SPEED,0,0,0,0,14,2,12,1342,47TH ST,41.859558,-87.625084,12/28/2020 03:16:00 PM,2020
CR00029749,09/09/2017 08:02:00 PM,45,RAIN,DAYLIGHT,SIDESWIPE SAME DIRECTION,ONE-WAY,YIELD,UNABLE TO DETERMINE,FAILING TO YIELD RIGHT-OF-WAY,0,0,0,0,20,7,9,804,STONY ISLAND AVE,41.927502,-87.506641,09/09/2017 08:11:00 PM,2017
CR00029750,08/30/2022 07:40:00 AM,35,CLOUDY/OVERCAST,DARKNESS - LIGHTED ROAD,ANGLE,NOT DIVIDED,NO CONTROLS,UNABLE TO DETERMINE,FOLLOWING TOO CLOSELY,0,0,0,0,7,3,8,1246,ASHLAND AVE,41.700998,-87.674153,08/30/2022 09:24:00 AM,2022
CR00029751,07/14/2020 04:10:00 PM,35,CLEAR,DAYLIGHT,PARKED MOTOR VEHICLE,ONE-WAY,YIELD,DRIVING SKILLS/KNOWLEDGE/EXPERIENCE,IMPROPER OVERTAKING/PASSING,0,0,0,0,16,3,7,292,FULLERTON AVE,41.768126,-87.555308,07/14/2020 05:55:00 PM,2020
CR00029752,11/08/2020 02:36:00 PM,35,CLOUDY/OVERCAST,DAYLIGHT,PARKED MOTOR VEHICLE,NOT DIVIDED,TRAFFIC SIGNAL,UNABLE TO DETERMINE,FOLLOWING TOO CLOSELY,0,0,0,0,14,1,11,2134,63RD ST,41.916196,-87.702594,11/08/2020 03:15:00 PM,2020
CR00029753,10/10/2017 01:51:00 PM,35,CLEAR,DAWN,ANGLE,T-INTERSECTION,TRAFFIC SIGNAL,UNABLE TO DETERMINE,UNABLE TO DETERMINE,0,0,0,0,13,3,10,2481,DIVISION ST,41.786167,-87.832816,10/10/2017 01:57:00 PM,2017
CR00029754,05/29/2023 03:05:00 PM,40,CLOUDY/OVERCAST,DARKNESS - LIGHTED ROAD,TURNING,ONE-WAY,TRAFFIC SIGNAL,DRIVING SKILLS/KNOWLEDGE/EXPERIENCE,FAILING TO YIELD RIGHT-OF-WAY,0,0,0,0,15,2,5,2386,OGDEN AVE,41.765529,-87.592269,05/29/2023 03:31:00 PM,2023
CR00029755,01/13/2019 12:25:00 AM,30,CLEAR,DAWN,TURNING,DIVIDED - W/MEDIAN (NOT RAISED),NO CONTROLS,UNABLE TO DETERMINE,FOLLOWING TOO CLOSELY,0,0,0,0,0,1,1,1750,LAKE SHORE DR,41.9729,-87.626273,01/13/2019 01:49:00 AM,2019
CR00029756,10/15/2023 09:53:00 AM,35,CLEAR,DARKNESS - LIGHTED ROAD,ANGLE,DIVIDED - W/MEDIAN (NOT RAISED),TRAFFIC SIGNAL,DISTRACTION - FROM INSIDE VEHICLE,DISREGARDING TRAFFIC SIGNALS,0,0,0,0,9,1,10,1800,KEDZIE AVE,41.919631,-87.828259,10/15/2023 10:01:00 AM,2023
CR00029757,05/31/2023 05:22:00 AM,35,CLOUDY/OVERCAST,DAYLIGHT,ANGLE,ONE-WAY,TRAFFIC SIGNAL,FOLLOWING TOO CLOSELY,FAILING TO YIELD RIGHT-OF-WAY,0,0,1,1,5,4,5,701,47TH ST,41.863037,-87.747365,05/31/2023 06:10:00 AM,2023
CR00029758,05/24/2022 06:04:00 PM,30,CLEAR,DAYLIGHT,REAR END,ONE-WAY,NO CONTROLS,UNABLE TO DETERMINE,IMPROPER LANE USAGE,0,0,0,0,18,3,5,2464,HALSTED ST,41.724036,-87.531041,05/24/2022 07:18:00 PM,2022
CR00029759,04/17/2021 08:24:00 AM,30,CLEAR,DARKNESS - LIGHTED ROAD,SIDESWIPE SAME DIRECTION,DIVIDED - W/MEDIAN (NOT RAISED),NO CONTROLS,DISREGARDING TRAFFIC SIGNALS,NOT APPLICABLE,0,0,0,0,8,7,4,2301,ELSTON AVE,41.820986,-87.546825,04/17/2021 08:29:00 AM,2021
CR00029760,05/27/2016 06:02:00 PM,45,SNOW,DUSK,PARKED MOTOR VEHICLE,NOT DIVIDED,STOP SIGN/FLASHER,FOLLOWING TOO CLOSELY,IMPROPER LANE USAGE,0,0,1,1,18,6,5,1279,MILWAUKEE AVE,41.746089,-87.691481,05/27/2016 06:03:00 PM,2016
CR00029761,07/25/2023 02:32:00 PM,15,CLOUDY/OVERCAST,DARKNESS,REAR END,ONE-WAY,STOP SIGN/FLASHER,DRIVING SKILLS/KNOWLEDGE/EXPERIENCE,DISTRACTION - FROM INSIDE VEHICLE,0,0,0,0,14,3,7,345,IRVING PARK RD,41.925677,-87.744101,07/25/2023 04:25:00 PM,2023
CR00029762,04/14/2018 10:29:00 AM,15,CLEAR,DAWN,TURNING,ONE-WAY,NO CONTROLS,DISTRACTION - FROM INSIDE VEHICLE,FOLLOWING TOO CLOSELY,0,0,0,0,10,7,4,102,FULLERTON AVE,41.866837,-87.653663,04/14/2018 10:53:00 AM,2018
CR00029763,01/31/2019 10:18:00 AM,45,CLEAR,DAYLIGHT,ANGLE,FOUR WAY,STOP SIGN/FLASHER,DRIVING SKILLS/KNOWLEDGE/EXPERIENCE,FOLLOWING TOO CLOSELY,0,0,1,1,10,5,1,1613,79TH ST,41.988244,-87.669091,01/31/2019 11:55:00 AM,2019
CR00029764,10/22/2024 04:02:00 PM,45,FOG/SMOKE/HAZE,DARKNESS - LIGHTED ROAD,ANGLE,DIVIDED - W/MEDIAN (NOT RAISED),UNKNOWN,UNABLE TO DETERMINE,UNABLE TO DETERMINE,0,1,0,1,16,3,10,814,CALIFORNIA AVE,41.908444,-87.729397,10/22/2024 04:14:00 PM,2024
CR00029765,02/26/2020 01:12:00 PM,20,CLEAR,DAYLIGHT,SIDESWIPE SAME DIRECTION,NOT DIVIDED,TRAFFIC SIGNAL,FOLLOWING TOO CLOSELY,NOT APPLICABLE,0,0,0,0,13,4,2,1452,ELSTON AVE,41.766185,-87.632587,02/26/2020 01:40:00 PM,2020
CR00029766,01/25/2017 05:35:00 PM,30,CLEAR,DUSK,REAR END,ONE-WAY,TRAFFIC SIGNAL,FAILING TO YIELD RIGHT-OF-WAY,UNABLE TO DETERMINE,0,0,0,0,17,4,1,1358,CICERO AVE,41.741788,-87.620035,01/25/2017 06:36:00 PM,2017
CR00029767,06/28/2018 12:18:00 PM,15,CLEAR,DAYLIGHT,TURNING,DIVIDED - W/MEDIAN (NOT RAISED),TRAFFIC SIGNAL,UNABLE TO DETERMINE,FOLLOWING TOO CLOSELY,0,0,0,0,12,5,6,1440,63RD ST,41.787651,-87.812163,06/28/2018 01:47:00 PM,2018
CR00029768,05/02/2023 09:35:00 AM,25,RAIN,DAYLIGHT,TURNING,DIVIDED - W/MEDIAN (NOT RAISED),NO CONTROLS,WEATHER,UNABLE TO DETERMINE,0,0,0,0,9,3,5,1358,WESTERN AVE,41.779839,-87.602184,05/02/2023 11:01:00 AM,2023
CR00029769,08/14/2021 07:48:00 AM,15,CLEAR,DAYLIGHT,TURNING,NOT DIVIDED,TRAFFIC SIGNAL,IMPROPER LANE USAGE,NOT APPLICABLE,0,0,0,0,7,7,8,2380,WESTERN AVE,41.982205,-87.808544,08/14/2021 09:32:00 AM,2021
CR00029770,03/11/2016 07:42:00 AM,20,CLEAR,DAYLIGHT,ANGLE,NOT DIVIDED,STOP SIGN/FLASHER,IMPROPER OVERTAKING/PASSING,DRIVING SKILLS/KNOWLEDGE/EXPERIENCE,0,0,0,0,7,6,3,745,MICHIGAN AVE,41.772016,-87.609712,03/11/2016 08:47:00 AM,2016
CR00029771,02/01/2018 07:43:00 AM,35,RAIN,DARKNESS - LIGHTED ROAD,PEDESTRIAN,DIVIDED - W/MEDIAN BARRIER,TRAFFIC SIGNAL,FOLLOWING TOO CLOSELY,FAILING TO REDUCE SPEED,0,0,0,0,7,5,2,571,CICERO AVE,41.949868,-87.697056,02/01/2018 09:00:00 AM,2018
CR00029772,07/24/2020 07:26:00 AM,35,CLEAR,DAYLIGHT,TURNING,NOT DIVIDED,NO CONTROLS,FAILING TO YIELD RIGHT-OF-WAY,UNABLE TO DETERMINE,0,0,0,0,7,6,7,903,ELSTON AVE,41.74882,-87.745443,07/24/2020 09:01:00 AM,2020
CR00029773,11/23/2019 11:31:00 PM,25,CLOUDY/OVERCAST,DAYLIGHT,REAR END,DIVIDED - W/MEDIAN (NOT RAISED),TRAFFIC SIGNAL,FAILING TO YIELD RIGHT-OF-WAY,UNABLE TO DETERMINE,0,0,0,0,23,7,11,590,MICHIGAN AVE,41.957345,-87.73705,11/23/2019 11:32:00 PM,2019
CR00029774,07/03/2020 04:34:00 PM,30,CLEAR,DARKNESS - LIGHTED ROAD,PEDESTRIAN,NOT DIVIDED,STOP SIGN/FLASHER,DRIVING SKILLS/KNOWLEDGE/EXPERIENCE,UNABLE TO DETERMINE,0,0,0,0,16,6,7,1167,CICERO AVE,41.88219,-87.669763,07/03/2020 04:44:00 PM,2020
CR00029775,10/29/2019 10:02:00 PM,20,CLEAR,DARKNESS - LIGHTED ROAD,SIDESWIPE SAME DIRECTION,FOUR WAY,NO CONTROLS,WEATHER,FAILING TO YIELD RIGHT-OF-WAY,0,0,0,0,22,3,10,1651,63RD ST,41.865668,-87.60941,10/29/2019 11:16:00 PM,2019
CR00029776,06/06/2018 08:50:00 PM,30,CLEAR,DAYLIGHT,PARKED MOTOR VEHICLE,NOT DIVIDED,TRAFFIC SIGNAL,IMPROPER LANE USAGE,UNABLE TO DETERMINE,0,0,1,1,20,4,6,1488,MILWAUKEE AVE,41.94592,-87.574354,06/06/2018 09:32:00 PM,2018
CR00029777,11/30/2024 08:35:00 AM,30,CLEAR,DAYLIGHT,REAR END,DIVIDED - W/MEDIAN (NOT RAISED),NO CONTROLS,IMPROPER LANE USAGE,DISTRACTION - FROM INSIDE VEHICLE,0,0,0,0,8,7,11,1858,FULLERTON AVE,41.900716,-87.62591,11/30/2024 10:03:00 AM,2024
CR00029778,04/26/2020 03:41:00 PM,40,CLOUDY/OVERCAST,DAYLIGHT,TURNING,ONE-WAY,TRAFFIC SIGNAL,DISREGARDING TRAFFIC SIGNALS,DISTRACTION - FROM INSIDE VEHICLE,0,0,1,1,15,1,4,1148,63RD ST,41.722815,-87.754748,04/26/2020 04:55:00 PM,2020
CR00029779,01/05/2020 06:01:00 PM,20,CLOUDY/OVERCAST,DAYLIGHT,TURNING,FOUR WAY,NO CONTROLS,UNABLE TO DETERMINE,UNABLE TO DETERMINE,0,0,0,0,18,1,1,317,63RD ST,41.998143,-87.508771,01/05/2020 06:52:00 PM,2020
CR00029780,01/01/2019 07:42:00 AM,30,CLEAR,DAYLIGHT,TURNING,DIVIDED - W/MEDIAN (NOT RAISED),NO CONTROLS,UNABLE TO DETERMINE,NOT APPLICABLE,0,0,1,1,7,3,1,1998,STATE ST,41.835659,-87.798835,01/01/2019 09:39:00 AM,2019
CR00029781,07/27/2022 08:13:00 PM,30,SNOW,DAYLIGHT,REAR END,FOUR WAY,STOP SIGN/FLASHER,FOLLOWING TOO CLOSELY,FAILING TO YIELD RIGHT-OF-WAY,0,0,0,0,20,4,7,1148,47TH ST,41.98902,-87.538729,07/27/2022 09:31:00 PM,2022
CR00029782,08/15/2020 01:31:00 PM,30,SNOW,DARKNESS - LIGHTED ROAD,REAR END,NOT DIVIDED,NO CONTROLS,UNABLE TO DETERMINE,NOT APPLICABLE,0,0,0,0,13,7,8,1108,ARCHER AVE,41.857732,-87.761382,08/15/2020 01:52:00 PM,2020
CR00029783,11/29/2017 04:25:00 PM,25,CLEAR,DARKNESS - LIGHTED ROAD,PARKED MOTOR VEHICLE,DIVIDED - W/MEDIAN BARRIER,STOP SIGN/FLASHER,IMPROPER OVERTAKING/PASSING,FAILING TO YIELD RIGHT-OF-WAY,0,0,3,3,16,4,11,1217,PULASKI RD,41.742911,-87.599252,11/29/2017 06:18:00 PM,2017
CR00029784,10/16/2021 09:00:00 AM,20,CLEAR,DAYLIGHT,TURNING,NOT DIVIDED,NO CONTROLS,IMPROPER OVERTAKING/PASSING,UNABLE TO DETERMINE,0,0,0,0,9,7,10,1845,HALSTED ST,41.887801,-87.605577,10/16/2021 10:35:00 AM,2021
CR00029785,07/30/2021 09:50:00 AM,15,CLEAR,DARKNESS - LIGHTED ROAD,TURNING,NOT DIVIDED,STOP SIGN/FLASHER,FAILING TO YIELD RIGHT-OF-WAY,FOLLOWING TOO CLOSELY,0,0,0,0,9,6,7,1424,WESTERN AVE,41.91279,-87.844136,07/30/2021 10:17:00 AM,2021
CR00029786,06/02/2018 09:38:00 AM,20,CLEAR,DARKNESS - LIGHTED ROAD,TURNING,DIVIDED - W/MEDIAN (NOT RAISED),UNKNOWN,DISREGARDING TRAFFIC SIGNALS,UNABLE TO DETERMINE,0,0,3,3,9,7,6,1287,DAMEN AVE,41.711684,-87.774401,06/02/2018 10:17:00 AM,2018
CR00029787,06/22/2017 02:00:00 PM,30,CLEAR,DAYLIGHT,ANGLE,NOT DIVIDED,TRAFFIC SIGNAL,UNABLE TO DETERMINE,NOT APPLICABLE,0,0,0,0,14,5,6,1403,ASHLAND AVE,41.846663,-87.734015,06/22/2017 03:08:00 PM,2017