CRASH_RECORD_ID,CRASH_DATE,POSTED_SPEED_LIMIT,WEATHER_CONDITION,LIGHTING_CONDITION,FIRST_CRASH_TYPE,TRAFFICWAY_TYPE,TRAFFIC_CONTROL_DEVICE,PRIM_CONTRIBUTORY_CAUSE,SEC_CONTRIBUTORY_CAUSE,INJURIES_FATAL,INJURIES_INCAPACITATING,INJURIES_NON_INCAPACITATING,INJURIES_TOTAL,CRASH_HOUR,CRASH_DAY_OF_WEEK,CRASH_MONTH,BEAT_OF_OCCURRENCE,STREET_NAME,LATITUDE,LONGITUDE,DATE_POLICE_NOTIFIED,year
CR00029788,01/03/2016 09:24:00 AM,30,SNOW,DARKNESS - LIGHTED ROAD,REAR TO FRONT,FOUR WAY,NO CONTROLS,FOLLOWING TOO CLOSELY,FAILING TO YIELD RIGHT-OF-WAY,0,0,0,0,9,1,1,1606,ARCHER AVE,41.783978,-87.721692,01/03/2016 11:02:00 AM,2016
CR00029789,01/30/2016 05:28:00 PM,35,CLEAR,DAWN,ANGLE,FOUR WAY,TRAFFIC SIGNAL,FAILING TO YIELD RIGHT-OF-WAY,FOLLOWING TOO CLOSELY,0,0,0,0,17,7,1,2236,CICERO AVE,41.751526,-87.680788,01/30/2016 07:05:00 PM,2016
CR00029790,04/27/2015 05:34:00 PM,30,CLEAR,DAYLIGHT,REAR END,NOT DIVIDED,NO CONTROLS,UNABLE TO DETERMINE,UNABLE TO DETERMINE,0,0,0,0,17,2,4,350,ASHLAND AVE,41.829431,-87.758531,04/27/2015 06:15:00 PM,2015
CR00029791,09/15/2020 04:53:00 PM,15,CLEAR,DARKNESS - LIGHTED ROAD,SIDESWIPE SAME DIRECTION,DIVIDED - W/MEDIAN (NOT RAISED),NO CONTROLS,FAILING TO YIELD RIGHT-OF-WAY,NOT APPLICABLE,0,0,0,0,16,3,9,2342,CICERO AVE,41.779419,-87.687248,09/15/2020 06:37:00 PM,2020
CR00029792,02/25/2024 01:05:00 AM,30,CLEAR,DUSK,REAR END,NOT DIVIDED,STOP SIGN/FLASHER,FAILING TO YIELD RIGHT-OF-WAY,FAILING TO REDUCE SPEED,0,1,1,2,1,1,2,2275,STONY ISLAND AVE,41.823996,-87.649634,02/25/2024 02:38:00 AM,2024
CR00029793,09/09/2023 06:41:00 PM,40,CLEAR,DAYLIGHT,SIDESWIPE SAME DIRECTION,DIVIDED - W/MEDIAN BARRIER,NO CONTROLS,IMPROPER LANE USAGE,FOLLOWING TOO CLOSELY,0,0,0,0,18,7,9,2286,KEDZIE AVE,41.946796,-87.694751,09/09/2023 08:39:00 PM,2023
CR00029794,03/20/2020 01:19:00 AM,25,CLEAR,DAYLIGHT,TURNING,T-INTERSECTION,UNKNOWN,DISREGARDING TRAFFIC SIGNALS,NOT APPLICABLE,0,0,0,0,1,6,3,616,MICHIGAN AVE,41.876832,-87.681708,03/20/2020 02:40:00 AM,2020
CR00029795,06/28/2016 04:11:00 PM,25,CLEAR,DARKNESS,ANGLE,NOT DIVIDED,TRAFFIC SIGNAL,DRIVING SKILLS/KNOWLEDGE/EXPERIENCE,NOT APPLICABLE,0,0,1,1,16,3,6,2424,IRVING PARK RD,41.76646,-87.812212,06/28/2016 05:36:00 PM,2016
CR00029796,04/10/2022 04:10:00 PM,20,CLOUDY/OVERCAST,DAYLIGHT,ANGLE,NOT DIVIDED,STOP SIGN/FLASHER,DISTRACTION - FROM INSIDE VEHICLE,DISREGARDING TRAFFIC SIGNALS,0,0,1,1,16,1,4,1355,DIVISION ST,41.939674,-87.639357,04/10/2022 05:52:00 PM,2022
CR00029797,03/11/2017 04:40:00 PM,30,CLOUDY/OVERCAST,DAYLIGHT,SIDESWIPE SAME DIRECTION,ONE-WAY,TRAFFIC SIGNAL,UNABLE TO DETERMINE,IMPROPER OVERTAKING/PASSING,0,0,0,0,16,7,3,1146,STONY ISLAND AVE,41.984731,-87.543812,03/11/2017 05:16:00 PM,2017
CR00029798,07/12/2022 04:58:00 PM,30,CLEAR,DAYLIGHT,REAR END,NOT DIVIDED,NO CONTROLS,UNABLE TO DETERMINE,FOLLOWING TOO CLOSELY,0,0,0,0,16,3,7,1776,ELSTON AVE,41.89908,-87.530642,07/12/2022 06:42:00 PM,2022
CR00029799,05/06/2020 08:15:00 AM,25,CLOUDY/OVERCAST,DARKNESS - LIGHTED ROAD,TURNING,DIVIDED - W/MEDIAN BARRIER,NO CONTROLS,FOLLOWING TOO CLOSELY,UNABLE TO DETERMINE,0,0,0,0,8,4,5,144,HALSTED ST,41.933489,-87.800282,05/06/2020 08:31:00 AM,2020
CR00029800,09/19/2015 02:41:00 PM,45,CLEAR,DAYLIGHT,SIDESWIPE SAME DIRECTION,FOUR WAY,STOP SIGN/FLASHER,DRIVING SKILLS/KNOWLEDGE/EXPERIENCE,UNABLE TO DETERMINE,0,0,0,0,14,7,9,2298,CLARK ST,41.714209,-87.57957,09/19/2015 04:17:00 PM,2015
CR00029801,08/16/2021 07:30:00 AM,30,CLEAR,DARKNESS - LIGHTED ROAD,SIDESWIPE SAME DIRECTION,DIVIDED - W/MEDIAN (NOT RAISED),NO CONTROLS,IMPROPER OVERTAKING/PASSING,FOLLOWING TOO CLOSELY,0,0,0,0,7,2,8,2291,STONY ISLAND AVE,41.894499,-87.536088,08/16/2021 08:57:00 AM,2021
CR00029802,09/30/2016 01:51:00 PM,20,CLEAR,DARKNESS - LIGHTED ROAD,ANGLE,DIVIDED - W/MEDIAN BARRIER,NO CONTROLS,UNABLE TO DETERMINE,DISTRACTION - FROM INSIDE VEHICLE,0,0,0,0,13,6,9,855,ARCHER AVE,41.832923,-87.555245,09/30/2016 03:12:00 PM,2016
CR00029803,09/21/2016 07:49:00 AM,15,CLEAR,DARKNESS - LIGHTED ROAD,REAR TO FRONT,NOT DIVIDED,STOP SIGN/FLASHER,FAILING TO REDUCE SPEED,UNABLE TO DETERMINE,0,0,0,0,7,4,9,1054,KEDZIE AVE,41.732105,-87.684634,09/21/2016 08:28:00 AM,2016
CR00029804,04/09/2016 03:08:00 AM,30,CLEAR,DAYLIGHT,FIXED OBJECT,FOUR WAY,TRAFFIC SIGNAL,UNABLE TO DETERMINE,WEATHER,0,0,2,2,3,7,4,1875,CALIFORNIA AVE,41.86582,-87.594039,04/09/2016 03:12:00 AM,2016
CR00029805,08/31/2015 08:00:00 AM,25,CLEAR,DARKNESS - LIGHTED ROAD,TURNING,NOT DIVIDED,NO CONTROLS,IMPROPER OVERTAKING/PASSING,UNABLE TO DETERMINE,0,0,0,0,8,2,8,1248,DIVISION ST,41.945112,-87.753128,08/31/2015 09:32:00 AM,2015
CR00029806,11/25/2020 06:06:00 AM,40,CLEAR,DAYLIGHT,REAR END,ONE-WAY,STOP SIGN/FLASHER,UNABLE TO DETERMINE,IMPROPER OVERTAKING/PASSING,0,0,0,0,6,4,11,664,MICHIGAN AVE,41.870529,-87.614416,11/25/2020 07:40:00 AM,2020
CR00029807,02/19/2019 03:38:00 AM,15,CLEAR,DAYLIGHT,REAR END,ONE-WAY,YIELD,DISREGARDING TRAFFIC SIGNALS,FAILING TO REDUCE SPEED,0,0,0,0,3,3,2,1780,IRVING PARK RD,41.855057,-87.607152,02/19/2019 05:31:00 AM,2019
CR00029808,08/30/2016 04:18:00 PM,40,CLEAR,DAYLIGHT,ANGLE,NOT DIVIDED,STOP SIGN/FLASHER,FAILING TO REDUCE SPEED,FOLLOWING TOO CLOSELY,0,0,0,0,16,3,8,497,CICERO AVE,41.950081,-87.712522,08/30/2016 05:06:00 PM,2016
CR00029809,05/25/2022 01:09:00 PM,20,CLOUDY/OVERCAST,DUSK,REAR END,DIVIDED - W/MEDIAN (NOT RAISED),NO CONTROLS,FAILING TO REDUCE SPEED,UNABLE TO DETERMINE,0,0,0,0,13,4,5,888,CLARK ST,41.999268,-87.805385,05/25/2022 01:48:00 PM,2022
CR00029810,06/19/2022 04:20:00 AM,30,CLEAR,DARKNESS - LIGHTED ROAD,REAR TO FRONT,ONE-WAY,TRAFFIC SIGNAL,FOLLOWING TOO CLOSELY,NOT APPLICABLE,0,0,1,1,4,1,6,705,ASHLAND AVE,41.897211,-87.501217,06/19/2022 05:24:00 AM,2022
CR00029811,04/07/2022 12:29:00 PM,30,CLEAR,DAYLIGHT,REAR END,FOUR WAY,NO CONTROLS,UNABLE TO DETERMINE,DISTRACTION - FROM INSIDE VEHICLE,0,0,0,0,12,5,4,1368,ROOSEVELT RD,41.92473,-87.693545,04/07/2022 01:27:00 PM,2022
CR00029812,03/28/2023 03:15:00 AM,35,CLEAR,DAYLIGHT,ANGLE,ONE-WAY,TRAFFIC SIGNAL,UNABLE TO DETERMINE,DRIVING SKILLS/KNOWLEDGE/EXPERIENCE,0,1,2,3,3,3,3,1272,OGDEN AVE,41.78688,-87.775278,03/28/2023 04:34:00 AM,2023
CR00029813,12/28/2015 05:56:00 PM,35,CLEAR,DAYLIGHT,PEDESTRIAN,NOT DIVIDED,UNKNOWN,FOLLOWING TOO CLOSELY,UNABLE TO DETERMINE,0,0,0,0,17,2,12,1747,47TH ST,41.904346,-87.645209,12/28/2015 07:45:00 PM,2015
CR00029814,06/07/2024 06:08:00 PM,35,CLEAR,DAWN,REAR TO FRONT,ONE-WAY,NO CONTROLS,UNABLE TO DETERMINE,UNABLE TO DETERMINE,0,0,0,0,18,6,6,1379,ELSTON AVE,41.790231,-87.609559,06/07/2024 07:11:00 PM,2024
CR00029815,06/04/2015 09:30:00 PM,15,CLEAR,DARKNESS - LIGHTED ROAD,SIDESWIPE SAME DIRECTION,NOT DIVIDED,UNKNOWN,UNABLE TO DETERMINE,NOT APPLICABLE,0,0,0,0,21,5,6,1590,STONY ISLAND AVE,41.837023,-87.5531,06/04/2015 10:09:00 PM,2015
CR00029816,05/10/2016 12:29:00 PM,40,SNOW,DARKNESS - LIGHTED ROAD,ANGLE,NOT DIVIDED,STOP SIGN/FLASHER,UNABLE TO DETERMINE,WEATHER,0,0,0,0,12,3,5,2318,CICERO AVE,41.915546,-87.729161,05/10/2016 01:04:00 PM,2016
CR00029817,12/14/2024 07:31:00 AM,15,SNOW,DAYLIGHT,REAR END,DIVIDED - W/MEDIAN (NOT RAISED),UNKNOWN,FOLLOWING TOO CLOSELY,UNABLE TO DETERMINE,0,0,3,3,7,7,12,311,CALIFORNIA AVE,41.806688,-87.821651,12/14/2024 08:12:00 AM,2024
CR00029818,01/05/2023 07:26:00 AM,35,CLEAR,DARKNESS,ANGLE,DIVIDED - W/MEDIAN (NOT RAISED),UNKNOWN,UNABLE TO DETERMINE,UNABLE TO DETERMINE,0,0,1,1,7,5,1,1003,ASHLAND AVE,41.871034,-87.729531,01/05/2023 09:01:00 AM,2023
CR00029819,03/29/2019 03:34:00 AM,45,CLEAR,DAYLIGHT,TURNING,FOUR WAY,STOP SIGN/FLASHER,FAILING TO YIELD RIGHT-OF-WAY,WEATHER,0,1,1,2,3,6,3,2387,BROADWAY,41.795836,-87.62782,03/29/2019 03:58:00 AM,2019
CR00029820,07/07/2015 11:37:00 AM,35,CLEAR,DAYLIGHT,REAR END,DIVIDED - W/MEDIAN (NOT RAISED),UNKNOWN,IMPROPER OVERTAKING/PASSING,NOT APPLICABLE,0,0,0,0,11,3,7,1169,79TH ST,41.907106,-87.709176,07/07/2015 01:18:00 PM,2015
CR00029821,09/30/2023 08:29:00 PM,20,CLEAR,DAYLIGHT,TURNING,NOT DIVIDED,STOP SIGN/FLASHER,FOLLOWING TOO CLOSELY,DRIVING SKILLS/KNOWLEDGE/EXPERIENCE,0,0,0,0,20,7,9,114,STATE ST,41.731422,-87.603113,09/30/2023 08:32:00 PM,2023
CR00029822,07/12/2017 08:41:00 AM,30,CLOUDY/OVERCAST,DARKNESS - LIGHTED ROAD,ANGLE,NOT DIVIDED,NO CONTROLS,DRIVING SKILLS/KNOWLEDGE/EXPERIENCE,IMPROPER OVERTAKING/PASSING,0,0,0,0,8,4,7,1859,CALIFORNIA AVE,41.786613,-87.58254,07/12/2017 08:44:00 AM,2017
CR00029823,09/16/2016 11:27:00 AM,30,SNOW,DAYLIGHT,TURNING,ONE-WAY,NO CONTROLS,IMPROPER LANE USAGE,IMPROPER OVERTAKING/PASSING,0,0,0,0,11,6,9,1259,DAMEN AVE,41.920834,-87.707471,09/16/2016 12:08:00 PM,2016
CR00029824,07/14/2018 08:11:00 PM,30,CLEAR,DAYLIGHT,TURNING,NOT DIVIDED,NO CONTROLS,UNABLE TO DETERMINE,UNABLE TO DETERMINE,0,0,0,0,20,7,7,1453,47TH ST,41.868328,-87.559777,07/14/2018 09:00:00 PM,2018
CR00029825,11/16/2022 06:48:00 PM,25,CLEAR,DARKNESS,REAR END,DIVIDED - W/MEDIAN BARRIER,STOP SIGN/FLASHER,FAILING TO YIELD RIGHT-OF-WAY,NOT APPLICABLE,0,0,0,0,18,4,11,1387,47TH ST,41.977221,-87.680819,11/16/2022 07:29:00 PM,2022
CR00029826,12/14/2021 11:41:00 AM,15,CLEAR,DAYLIGHT,ANGLE,NOT DIVIDED,NO CONTROLS,UNABLE TO DETERMINE,FAILING TO YIELD RIGHT-OF-WAY,0,0,0,0,11,3,12,1918,DIVISION ST,41.882329,-87.527698,12/14/2021 11:44:00 AM,2021
CR00029827,02/24/2023 01:32:00 PM,45,CLEAR,DAYLIGHT,REAR END,DIVIDED - W/MEDIAN BARRIER,TRAFFIC SIGNAL,IMPROPER OVERTAKING/PASSING,FAILING TO YIELD RIGHT-OF-WAY,0,0,0,0,13,6,2,2460,CICERO AVE,41.731276,-87.59115,02/24/2023 02:29:00 PM,2023
CR00029828,10/27/2020 03:21:00 AM,35,CLEAR,DAYLIGHT,REAR END,NOT DIVIDED,TRAFFIC SIGNAL,DRIVING SKILLS/KNOWLEDGE/EXPERIENCE,IMPROPER LANE USAGE,0,2,3,5,3,3,10,672,CALIFORNIA AVE,41.895194,-87.545043,10/27/2020 04:46:00 AM,2020
CR00029829,07/02/2022 03:34:00 PM,25,CLEAR,DAYLIGHT,PARKED MOTOR VEHICLE,ONE-WAY,NO CONTROLS,FOLLOWING TOO CLOSELY,FAILING TO YIELD RIGHT-OF-WAY,0,0,0,0,15,7,7,411,63RD ST,41.754051,-87.502658,07/02/2022 04:06:00 PM,2022
CR00029830,03/06/2016 04:24:00 PM,35,CLEAR,DAYLIGHT,REAR END,NOT DIVIDED,TRAFFIC SIGNAL,UNABLE TO DETERMINE,FAILING TO YIELD RIGHT-OF-WAY,0,0,0,0,16,1,3,164,ELSTON AVE,41.826831,-87.55948,03/06/2016 04:28:00 PM,2016
CR00029831,03/11/2024 04:52:00 AM,20,CLEAR,DAYLIGHT,FIXED OBJECT,T-INTERSECTION,TRAFFIC SIGNAL,UNABLE TO DETERMINE,NOT APPLICABLE,0,0,0,0,4,2,3,2113,63RD ST,41.793033,-87.539408,03/11/2024 05:49:00 AM,2024
CR00029832,11/24/2020 06:15:00 PM,45,CLEAR,DAYLIGHT,SIDESWIPE SAME DIRECTION,NOT DIVIDED,STOP SIGN/FLASHER,UNABLE TO DETERMINE,DISTRACTION - FROM INSIDE VEHICLE,0,0,0,0,18,3,11,1726,DAMEN AVE,41.758431,-87.796246,11/24/2020 06:37:00 PM,2020
CR00029833,10/31/2017 01:46:00 PM,20,SNOW,DAYLIGHT,SIDESWIPE SAME DIRECTION,NOT DIVIDED,STOP SIGN/FLASHER,FOLLOWING TOO CLOSELY,FOLLOWING TOO CLOSELY,0,0,1,1,13,3,10,940,MICHIGAN AVE,41.923806,-87.774948,10/31/2017 01:49:00 PM,2017
CR00029834,06/21/2019 07:24:00 PM,30,CLOUDY/OVERCAST,DAWN,REAR END,ONE-WAY,STOP SIGN/FLASHER,IMPROPER LANE USAGE,UNABLE TO DETERMINE,0,0,1,1,19,6,6,1162,CICERO AVE,41.942997,-87.558175,06/21/2019 09:12:00 PM,2019
CR00029835,08/12/2018 08:01:00 PM,30,CLOUDY/OVERCAST,DAYLIGHT,SIDESWIPE SAME DIRECTION,NOT DIVIDED,NO CONTROLS,FAILING TO YIELD RIGHT-OF-WAY,FOLLOWING TOO CLOSELY,0,0,0,0,20,1,8,1585,LAKE SHORE DR,41.844243,-87.501822,08/12/2018 09:04:00 PM,2018
CR00029836,11/22/2022 05:08:00 PM,25,CLEAR,DAYLIGHT,ANGLE,NOT DIVIDED,STOP SIGN/FLASHER,IMPROPER OVERTAKING/PASSING,FAILING TO REDUCE SPEED,0,0,0,0,17,3,11,466,OGDEN AVE,41.726296,-87.718552,11/22/2022 06:51:00 PM,2022
CR00029837,06/08/2023 07:32:00 PM,35,CLEAR,DARKNESS - LIGHTED ROAD,ANGLE,DIVIDED - W/MEDIAN (NOT RAISED),TRAFFIC SIGNAL,UNABLE TO DETERMINE,NOT APPLICABLE,0,0,0,0,19,5,6,501,STONY ISLAND AVE,41.7245,-87.622479,06/08/2023 08:39:00 PM,2023
CR00029838,04/19/2024 02:40:00 PM,30,CLEAR,DAYLIGHT,REAR END,NOT DIVIDED,TRAFFIC SIGNAL,WEATHER,IMPROPER LANE USAGE,0,0,0,0,14,6,4,763,OGDEN AVE,41.95625,-87.745517,04/19/2024 02:47:00 PM,2024
CR00029839,08/25/2023 10:17:00 PM,20,CLEAR,DAYLIGHT,SIDESWIPE SAME DIRECTION,DIVIDED - W/MEDIAN BARRIER,TRAFFIC SIGNAL,FOLLOWING TOO CLOSELY,UNABLE TO DETERMINE,0,0,0,0,22,6,8,2373,47TH ST,41.908641,-87.69798,08/25/2023 10:23:00 PM,2023
CR00029840,08/12/2016 10:10:00 AM,35,CLEAR,DAYLIGHT,SIDESWIPE SAME DIRECTION,ONE-WAY,TRAFFIC SIGNAL,UNABLE TO DETERMINE,NOT APPLICABLE,0,0,0,0,10,6,8,1273,ROOSEVELT RD,41.949883,-87.580696,08/12/2016 11:30:00 AM,2016
CR00029841,05/21/2017 09:50:00 AM,30,CLEAR,DARKNESS - LIGHTED ROAD,REAR END,ONE-WAY,NO CONTROLS,DISTRACTION - FROM INSIDE VEHICLE,FAILING TO REDUCE SPEED,0,0,0,0,9,1,5,437,HALSTED ST,41.805677,-87.680762,05/21/2017 11:46:00 AM,2017
CR00029842,04/11/2024 06:21:00 PM,30,SNOW,DARKNESS,SIDESWIPE SAME DIRECTION,NOT DIVIDED,STOP SIGN/FLASHER,UNABLE TO DETERMINE,FOLLOWING TOO CLOSELY,0,0,0,0,18,5,4,1395,CICERO AVE,41.89124,-87.588582,04/11/2024 06:47:00 PM,2024
CR00029843,12/21/2016 05:35:00 PM,35,CLEAR,DAYLIGHT,SIDESWIPE SAME DIRECTION,NOT DIVIDED,NO CONTROLS,UNABLE TO DETERMINE,DISTRACTION - FROM INSIDE VEHICLE,0,0,0,0,17,4,12,1565,DAMEN AVE,41.986594,-87.676361,12/21/2016 06:51:00 PM,2016
CR00029844,04/18/2019 06:42:00 PM,15,CLEAR,DAYLIGHT,REAR END,ONE-WAY,TRAFFIC SIGNAL,IMPROPER OVERTAKING/PASSING,FOLLOWING TOO CLOSELY,0,0,1,1,18,5,4,839,63RD ST,41.946216,-87.559764,04/18/2019 07:39:00 PM,2019
CR00029845,03/04/2022 05:50:00 PM,25,CLEAR,DAYLIGHT,REAR END,DIVIDED - W/MEDIAN (NOT RAISED),STOP SIGN/FLASHER,WEATHER,NOT APPLICABLE,0,0,0,0,17,6,3,1376,MICHIGAN AVE,41.909837,-87.687632,03/04/2022 06:39:00 PM,2022
CR00029846,06/19/2016 05:30:00 PM,25,CLEAR,DAYLIGHT,REAR END,NOT DIVIDED,STOP SIGN/FLASHER,IMPROPER LANE USAGE,NOT APPLICABLE,0,0,2,2,17,1,6,2053,PULASKI RD,41.741705,-87.576946,06/19/2016 06:30:00 PM,2016
CR00029847,09/04/2022 12:01:00 PM,20,FOG/SMOKE/HAZE,DAYLIGHT,ANGLE,NOT DIVIDED,NO CONTROLS,DISTRACTION - FROM INSIDE VEHICLE,FAILING TO YIELD RIGHT-OF-WAY,0,0,0,0,12,1,9,391,79TH ST,41.839894,-87.785321,09/04/2022 01:19:00 PM,2022
CR00029848,07/21/2020 12:18:00 PM,30,RAIN,DARKNESS - LIGHTED ROAD,TURNING,NOT DIVIDED,TRAFFIC SIGNAL,UNABLE TO DETERMINE,UNABLE TO DETERMINE,0,0,0,0,12,3,7,1384,PULASKI RD,41.78104,-87.546829,07/21/2020 01:04:00 PM,2020
CR00029849,04/04/2018 04:54:00 PM,35,CLEAR,DAYLIGHT,REAR TO FRONT,ONE-WAY,TRAFFIC SIGNAL,UNABLE TO DETERMINE,DRIVING SKILLS/KNOWLEDGE/EXPERIENCE,0,0,0,0,16,4,4,1907,ELSTON AVE,41.975772,-87.804289,04/04/2018 06:33:00 PM,2018
CR00029850,02/21/2023 09:52:00 AM,30,SNOW,DARKNESS,TURNING,DIVIDED - W/MEDIAN (NOT RAISED),STOP SIGN/FLASHER,DRIVING SKILLS/KNOWLEDGE/EXPERIENCE,FAILING TO YIELD RIGHT-OF-WAY,0,0,0,0,9,3,2,773,47TH ST,41.873309,-87.70724,02/21/2023 10:41:00 AM,2023
CR00029851,01/10/2022 06:15:00 PM,15,RAIN,DAYLIGHT,REAR END,NOT DIVIDED,NO CONTROLS,DRIVING SKILLS/KNOWLEDGE/EXPERIENCE,DISTRACTION - FROM INSIDE VEHICLE,0,0,0,0,18,2,1,1027,CLARK ST,41.848067,-87.709257,01/10/2022 08:04:00 PM,2022
CR00029852,12/11/2015 11:51:00 AM,40,FOG/SMOKE/HAZE,DAYLIGHT,SIDESWIPE SAME DIRECTION,T-INTERSECTION,TRAFFIC SIGNAL,FOLLOWING TOO CLOSELY,FOLLOWING TOO CLOSELY,0,0,0,0,11,6,12,2491,ARCHER AVE,41.896113,-87.70295,12/11/2015 12:33:00 PM,2015
CR00029853,10/23/2017 12:20:00 PM,30,CLEAR,DAYLIGHT,TURNING,NOT DIVIDED,NO CONTROLS,UNABLE TO DETERMINE,DISTRACTION - FROM INSIDE VEHICLE,0,0,0,0,12,2,10,599,CLARK ST,41.847938,-87.644582,10/23/2017 01:58:00 PM,2017
CR00029854,01/06/2015 03:54:00 AM,35,CLEAR,DAWN,REAR END,NOT DIVIDED,YIELD,FAILING TO YIELD RIGHT-OF-WAY,NOT APPLICABLE,0,0,0,0,3,3,1,102,MICHIGAN AVE,41.870928,-87.546812,01/06/2015 05:47:00 AM,2015
CR00029855,06/08/2024 04:41:00 PM,30,CLEAR,DAYLIGHT,TURNING,NOT DIVIDED,TRAFFIC SIGNAL,UNABLE TO DETERMINE,FOLLOWING TOO CLOSELY,0,0,2,2,16,7,6,2110,63RD ST,41.815422,-87.751892,06/08/2024 06:07:00 PM,2024
CR00029856,12/05/2022 03:00:00 PM,40,CLEAR,DARKNESS,SIDESWIPE SAME DIRECTION,ONE-WAY,PEDESTRIAN CROSSING SIGN,FOLLOWING TOO CLOSELY,UNABLE TO DETERMINE,0,0,0,0,15,2,12,1595,CICERO AVE,41.893524,-87.526123,12/05/2022 03:49:00 PM,2022
CR00029857,05/24/2023 07:59:00 AM,20,CLEAR,DAYLIGHT,REAR END,NOT DIVIDED,STOP SIGN/FLASHER,IMPROPER OVERTAKING/PASSING,UNABLE TO DETERMINE,0,0,0,0,7,4,5,813,ASHLAND AVE,41.837929,-87.657288,05/24/2023 08:36:00 AM,2023
CR00029858,01/18/2015 10:42:00 AM,40,RAIN,DAYLIGHT,REAR END,ONE-WAY,UNKNOWN,UNABLE TO DETERMINE,IMPROPER OVERTAKING/PASSING,0,0,0,0,10,1,1,2193,ELSTON AVE,41.779763,-87.563774,01/18/2015 11:57:00 AM,2015
CR00029859,07/11/2015 11:45:00 AM,25,CLEAR,DAYLIGHT,ANGLE,DIVIDED - W/MEDIAN (NOT RAISED),TRAFFIC SIGNAL,FAILING TO YIELD RIGHT-OF-WAY,UNABLE TO DETERMINE,0,0,0,0,11,7,7,1002,WESTERN AVE,41.880861,-87.742633,07/11/2015 12:12:00 PM,2015
CR00029860,07/27/2018 08:19:00 AM,30,RAIN,DAYLIGHT,ANGLE,DIVIDED - W/MEDIAN (NOT RAISED),NO CONTROLS,UNABLE TO DETERMINE,DISTRACTION - FROM INSIDE VEHICLE,0,0,0,0,8,6,7,703,FULLERTON AVE,41.804791,-87.834846,07/27/2018 09:26:00 AM,2018
CR00029861,10/29/2021 08:07:00 PM,45,CLEAR,DARKNESS - LIGHTED ROAD,REAR END,DIVIDED - W/MEDIAN (NOT RAISED),NO CONTROLS,DISTRACTION - FROM INSIDE VEHICLE,UNABLE TO DETERMINE,0,0,0,0,20,6,10,2000,ASHLAND AVE,41.952128,-87.733243,10/29/2021 09:22:00 PM,2021
CR00029862,12/28/2022 07:20:00 AM,15,CLEAR,DARKNESS - LIGHTED ROAD,PARKED MOTOR VEHICLE,DIVIDED - W/MEDIAN (NOT RAISED),NO CONTROLS,FAILING TO YIELD RIGHT-OF-WAY,DISREGARDING TRAFFIC SIGNALS,0,0,0,0,7,4,12,979,FULLERTON AVE,41.973428,-87.741126,12/28/2022 08:54:00 AM,2022
CR00029863,01/24/2018 10:49:00 PM,35,CLEAR,DAYLIGHT,TURNING,NOT DIVIDED,TRAFFIC SIGNAL,IMPROPER LANE USAGE,DRIVING SKILLS/KNOWLEDGE/EXPERIENCE,0,0,0,0,22,4,1,105,ARCHER AVE,41.750993,-87.576859,01/24/2018 11:42:00 PM,2018
CR00029864,03/20/2022 09:01:00 PM,20,SNOW,DAYLIGHT,TURNING,DIVIDED - W/MEDIAN (NOT RAISED),YIELD,FAILING TO YIELD RIGHT-OF-WAY,NOT APPLICABLE,0,0,0,0,21,1,3,821,ROOSEVELT RD,41.938708,-87.586108,03/20/2022 09:40:00 PM,2022
CR00029865,06/09/2015 10:39:00 PM,15,CLOUDY/OVERCAST,DAYLIGHT,SIDESWIPE SAME DIRECTION,DIVIDED - W/MEDIAN (NOT RAISED),STOP SIGN/FLASHER,UNABLE TO DETERMINE,FOLLOWING TOO CLOSELY,0,0,0,0,22,3,6,454,STATE ST,41.825794,-87.752601,06/09/2015 10:56:00 PM,2015
CR00029866,01/20/2016 08:57:00 AM,30,CLEAR,DAYLIGHT,REAR END,NOT DIVIDED,NO CONTROLS,IMPROPER LANE USAGE,FOLLOWING TOO CLOSELY,0,0,0,0,8,4,1,735,KEDZIE AVE,41.937267,-87.651434,01/20/2016 09:04:00 AM,2016
CR00029867,11/11/2021 06:22:00 PM,30,CLEAR,DARKNESS - LIGHTED ROAD,TURNING,NOT DIVIDED,NO CONTROLS,UNABLE TO DETERMINE,FOLLOWING TOO CLOSELY,0,0,1,1,18,5,11,171,WESTERN AVE,41.847729,-87.502435,11/11/2021 07:39:00 PM,2021
CR00029868,04/24/2020 04:04:00 PM,25,CLEAR,DAYLIGHT,TURNING,DIVIDED - W/MEDIAN BARRIER,NO CONTROLS,FOLLOWING TOO CLOSELY,UNABLE TO DETERMINE,0,0,0,0,16,6,4,2437,DAMEN AVE,41.723822,-87.809019,04/24/2020 05:52:00 PM,2020
CR00029869,04/05/2021 11:53:00 PM,30,CLEAR,DAYLIGHT,PARKED MOTOR VEHICLE,DIVIDED - W/MEDIAN (NOT RAISED),NO CONTROLS,FOLLOWING TOO CLOSELY,IMPROPER LANE USAGE,0,0,0,0,23,2,4,2033,BROADWAY,41.804794,-87.798339,04/06/2021 12:13:00 AM,2021
CR00029870,03/02/2024 03:53:00 PM,45,CLOUDY/OVERCAST,DAYLIGHT,REAR END,ONE-WAY,TRAFFIC SIGNAL,UNABLE TO DETERMINE,NOT APPLICABLE,0,0,0,0,15,7,3,717,FULLERTON AVE,41.943347,-87.537892,03/02/2024 04:29:00 PM,2024