CRASH_RECORD_ID,CRASH_DATE,POSTED_SPEED_LIMIT,WEATHER_CONDITION,LIGHTING_CONDITION,FIRST_CRASH_TYPE,TRAFFICWAY_TYPE,TRAFFIC_CONTROL_DEVICE,PRIM_CONTRIBUTORY_CAUSE,SEC_CONTRIBUTORY_CAUSE,INJURIES_FATAL,INJURIES_INCAPACITATING,INJURIES_NON_INCAPACITATING,INJURIES_TOTAL,CRASH_HOUR,CRASH_DAY_OF_WEEK,CRASH_MONTH,BEAT_OF_OCCURRENCE,STREET_NAME,LATITUDE,LONGITUDE,DATE_POLICE_NOTIFIED,year
CR00029871,04/25/2019 07:22:00 PM,25,CLEAR,DUSK,REAR END,ONE-WAY,NO CONTROLS,UNABLE TO DETERMINE,UNABLE TO DETERMINE,0,0,0,0,19,5,4,1095,WESTERN AVE,41.793898,-87.748097,04/25/2019 08:18:00 PM,2019
CR00029872,01/25/2017 04:18:00 PM,35,SNOW,DAYLIGHT,REAR END,NOT DIVIDED,STOP SIGN/FLASHER,UNABLE TO DETERMINE,FAILING TO YIELD RIGHT-OF-WAY,0,0,0,0,16,4,1,175,47TH ST,41.876687,-87.644213,01/25/2017 05:30:00 PM,2017
CR00029873,02/21/2024 08:41:00 PM,30,CLEAR,DUSK,REAR END,FOUR WAY,STOP SIGN/FLASHER,UNABLE TO DETERMINE,DISREGARDING TRAFFIC SIGNALS,0,0,0,0,20,4,2,1255,79TH ST,41.856613,-87.809135,02/21/2024 09:21:00 PM,2024
CR00029874,06/22/2020 08:27:00 AM,15,SNOW,DAYLIGHT,FIXED OBJECT,FOUR WAY,NO CONTROLS,DISTRACTION - FROM INSIDE VEHICLE,DRIVING SKILLS/KNOWLEDGE/EXPERIENCE,0,0,0,0,8,2,6,1183,ELSTON AVE,41.816841,-87.815153,06/22/2020 09:41:00 AM,2020
CR00029875,12/24/2024 09:50:00 PM,40,CLOUDY/OVERCAST,DAYLIGHT,TURNING,NOT DIVIDED,TRAFFIC SIGNAL,DRIVING SKILLS/KNOWLEDGE/EXPERIENCE,UNABLE TO DETERMINE,0,0,0,0,21,3,12,680,DAMEN AVE,41.765959,-87.848145,12/24/2024 10:57:00 PM,2024
CR00029876,06/11/2019 11:55:00 PM,25,SNOW,DUSK,ANGLE,NOT DIVIDED,STOP SIGN/FLASHER,FAILING TO YIELD RIGHT-OF-WAY,IMPROPER OVERTAKING/PASSING,0,0,0,0,23,3,6,620,BROADWAY,41.985625,-87.516824,06/12/2019 01:07:00 AM,2019
CR00029877,06/16/2018 11:30:00 AM,35,RAIN,DARKNESS - LIGHTED ROAD,REAR END,ONE-WAY,NO CONTROLS,FAILING TO YIELD RIGHT-OF-WAY,DISTRACTION - FROM INSIDE VEHICLE,0,0,0,0,11,7,6,995,47TH ST,41.788314,-87.840959,06/16/2018 12:58:00 PM,2018
CR00029878,04/09/2016 04:14:00 AM,30,CLEAR,DAYLIGHT,REAR END,ONE-WAY,NO CONTROLS,DISREGARDING TRAFFIC SIGNALS,FOLLOWING TOO CLOSELY,0,0,0,0,4,7,4,364,STONY ISLAND AVE,41.852662,-87.665058,04/09/2016 04:58:00 AM,2016
CR00029879,12/10/2022 11:40:00 AM,15,SNOW,DAYLIGHT,REAR END,FOUR WAY,NO CONTROLS,UNABLE TO DETERMINE,UNABLE TO DETERMINE,0,1,3,4,11,7,12,646,BROADWAY,41.792552,-87.57754,12/10/2022 11:51:00 AM,2022
CR00029880,10/23/2022 05:52:00 PM,20,CLEAR,DAYLIGHT,REAR END,DIVIDED - W/MEDIAN (NOT RAISED),TRAFFIC SIGNAL,FAILING TO YIELD RIGHT-OF-WAY,FAILING TO REDUCE SPEED,0,0,0,0,17,1,10,441,63RD ST,41.797296,-87.831619,10/23/2022 06:59:00 PM,2022
CR00029881,01/21/2024 07:46:00 AM,30,CLEAR,DAYLIGHT,ANGLE,ONE-WAY,UNKNOWN,FAILING TO REDUCE SPEED,FAILING TO YIELD RIGHT-OF-WAY,0,0,0,0,7,1,1,1818,MICHIGAN AVE,41.990522,-87.600623,01/21/2024 08:00:00 AM,2024
CR00029882,09/08/2018 07:34:00 AM,30,CLOUDY/OVERCAST,DUSK,REAR END,DIVIDED - W/MEDIAN (NOT RAISED),NO CONTROLS,FOLLOWING TOO CLOSELY,FAILING TO YIELD RIGHT-OF-WAY,0,0,0,0,7,7,9,1554,OGDEN AVE,41.983041,-87.802845,09/08/2018 09:22:00 AM,2018
CR00029883,09/18/2015 08:55:00 AM,40,CLEAR,DAYLIGHT,PEDESTRIAN,FOUR WAY,PEDESTRIAN CROSSING SIGN,FOLLOWING TOO CLOSELY,IMPROPER OVERTAKING/PASSING,0,0,1,1,8,6,9,2075,IRVING PARK RD,41.759261,-87.576923,09/18/2015 10:42:00 AM,2015
CR00029884,09/19/2022 08:52:00 PM,35,CLEAR,DARKNESS - LIGHTED ROAD,PEDESTRIAN,NOT DIVIDED,STOP SIGN/FLASHER,UNABLE TO DETERMINE,FOLLOWING TOO CLOSELY,0,0,0,0,20,2,9,1275,ROOSEVELT RD,41.787745,-87.737589,09/19/2022 10:38:00 PM,2022
CR00029885,02/03/2018 07:45:00 AM,20,CLEAR,DARKNESS,TURNING,DIVIDED - W/MEDIAN BARRIER,NO CONTROLS,FOLLOWING TOO CLOSELY,DISTRACTION - FROM INSIDE VEHICLE,0,0,0,0,7,7,2,601,ASHLAND AVE,41.745525,-87.831293,02/03/2018 09:21:00 AM,2018
CR00029886,12/29/2021 07:20:00 AM,35,FREEZING RAIN/DRIZZLE,DAYLIGHT,SIDESWIPE SAME DIRECTION,NOT DIVIDED,TRAFFIC SIGNAL,IMPROPER OVERTAKING/PASSING,UNABLE TO DETERMINE,0,0,0,0,7,4,12,1671,FULLERTON AVE,41.930352,-87.828099,12/29/2021 07:39:00 AM,2021
CR00029887,11/23/2021 05:50:00 AM,45,CLOUDY/OVERCAST,DAYLIGHT,PARKED MOTOR VEHICLE,T-INTERSECTION,TRAFFIC SIGNAL,FAILING TO REDUCE SPEED,NOT APPLICABLE,0,0,0,0,5,3,11,485,MILWAUKEE AVE,41.711257,-87.593135,11/23/2021 06:40:00 AM,2021
CR00029888,12/11/2022 04:18:00 PM,30,CLEAR,DAYLIGHT,REAR END,NOT DIVIDED,TRAFFIC SIGNAL,IMPROPER OVERTAKING/PASSING,FAILING TO YIELD RIGHT-OF-WAY,0,0,0,0,16,1,12,2163,STONY ISLAND AVE,41.942896,-87.642948,12/11/2022 04:21:00 PM,2022
CR00029889,05/07/2023 08:59:00 AM,40,CLEAR,DAYLIGHT,PARKED MOTOR VEHICLE,DIVIDED - W/MEDIAN (NOT RAISED),TRAFFIC SIGNAL,UNABLE TO DETERMINE,DRIVING SKILLS/KNOWLEDGE/EXPERIENCE,0,0,0,0,8,1,5,925,STATE ST,41.999647,-87.730519,05/07/2023 10:44:00 AM,2023
CR00029890,07/16/2020 08:53:00 AM,20,CLEAR,DARKNESS - LIGHTED ROAD,SIDESWIPE SAME DIRECTION,DIVIDED - W/MEDIAN (NOT RAISED),NO CONTROLS,FOLLOWING TOO CLOSELY,DISREGARDING TRAFFIC SIGNALS,0,0,0,0,8,5,7,1244,LAKE SHORE DR,41.799102,-87.528022,07/16/2020 10:25:00 AM,2020
CR00029891,03/22/2024 08:23:00 PM,30,CLEAR,DAYLIGHT,REAR END,DIVIDED - W/MEDIAN (NOT RAISED),NO CONTROLS,FOLLOWING TOO CLOSELY,DRIVING SKILLS/KNOWLEDGE/EXPERIENCE,0,0,0,0,20,6,3,877,WESTERN AVE,41.929584,-87.71601,03/22/2024 08:40:00 PM,2024
CR00029892,03/15/2015 03:45:00 PM,30,CLEAR,DAYLIGHT,TURNING,DIVIDED - W/MEDIAN (NOT RAISED),TRAFFIC SIGNAL,IMPROPER LANE USAGE,UNABLE TO DETERMINE,0,0,0,0,15,1,3,933,HALSTED ST,41.802733,-87.741156,03/15/2015 05:25:00 PM,2015
CR00029893,07/13/2017 02:03:00 PM,35,SNOW,DARKNESS,TURNING,DIVIDED - W/MEDIAN (NOT RAISED),TRAFFIC SIGNAL,FOLLOWING TOO CLOSELY,NOT APPLICABLE,0,0,0,0,14,5,7,482,STONY ISLAND AVE,41.909624,-87.770016,07/13/2017 02:25:00 PM,2017
CR00029894,10/30/2023 07:38:00 PM,35,CLEAR,DAYLIGHT,SIDESWIPE SAME DIRECTION,NOT DIVIDED,STOP SIGN/FLASHER,FAILING TO YIELD RIGHT-OF-WAY,UNABLE TO DETERMINE,0,0,2,2,19,2,10,1783,WESTERN AVE,41.781355,-87.606251,10/30/2023 08:29:00 PM,2023
CR00029895,09/11/2022 04:14:00 AM,25,CLOUDY/OVERCAST,DAWN,REAR END,T-INTERSECTION,NO CONTROLS,DISREGARDING TRAFFIC SIGNALS,NOT APPLICABLE,0,0,0,0,4,1,9,112,DAMEN AVE,41.827641,-87.777574,09/11/2022 05:18:00 AM,2022
CR00029896,08/02/2016 09:28:00 PM,30,CLEAR,DAYLIGHT,REAR END,DIVIDED - W/MEDIAN BARRIER,NO CONTROLS,FOLLOWING TOO CLOSELY,IMPROPER OVERTAKING/PASSING,0,0,0,0,21,3,8,661,WESTERN AVE,41.744808,-87.831109,08/02/2016 10:44:00 PM,2016
CR00029897,07/07/2015 03:41:00 PM,30,CLEAR,DAYLIGHT,PEDESTRIAN,DIVIDED - W/MEDIAN BARRIER,NO CONTROLS,FOLLOWING TOO CLOSELY,UNABLE TO DETERMINE,0,1,2,3,15,3,7,797,STATE ST,41.701276,-87.664938,07/07/2015 05:02:00 PM,2015
CR00029898,09/08/2024 05:11:00 AM,25,CLOUDY/OVERCAST,DAYLIGHT,ANGLE,FOUR WAY,TRAFFIC SIGNAL,FAILING TO REDUCE SPEED,FOLLOWING TOO CLOSELY,0,0,0,0,5,1,9,2053,ROOSEVELT RD,41.905095,-87.838498,09/08/2024 06:57:00 AM,2024
CR00029899,05/13/2020 09:22:00 AM,40,CLEAR,DARKNESS - LIGHTED ROAD,REAR END,FOUR WAY,TRAFFIC SIGNAL,DISTRACTION - FROM INSIDE VEHICLE,UNABLE TO DETERMINE,0,0,0,0,9,4,5,1565,DIVISION ST,41.725703,-87.515643,05/13/2020 09:58:00 AM,2020
CR00029900,06/10/2019 07:58:00 AM,40,CLEAR,DARKNESS - LIGHTED ROAD,FIXED OBJECT,NOT DIVIDED,TRAFFIC SIGNAL,IMPROPER OVERTAKING/PASSING,DRIVING SKILLS/KNOWLEDGE/EXPERIENCE,0,0,0,0,7,2,6,830,79TH ST,41.928777,-87.81757,06/10/2019 09:46:00 AM,2019
CR00029901,04/11/2018 02:56:00 PM,30,CLEAR,DAYLIGHT,REAR END,ONE-WAY,TRAFFIC SIGNAL,UNABLE TO DETERMINE,FAILING TO YIELD RIGHT-OF-WAY,0,0,1,1,14,4,4,1940,CALIFORNIA AVE,41.822335,-87.557254,04/11/2018 03:55:00 PM,2018
CR00029902,09/10/2017 08:49:00 AM,35,CLEAR,DAYLIGHT,FIXED OBJECT,FOUR WAY,STOP SIGN/FLASHER,FAILING TO REDUCE SPEED,UNABLE TO DETERMINE,0,0,0,0,8,1,9,533,OGDEN AVE,41.955007,-87.615903,09/10/2017 10:48:00 AM,2017
CR00029903,11/29/2016 04:04:00 PM,30,CLEAR,DAYLIGHT,ANGLE,DIVIDED - W/MEDIAN (NOT RAISED),YIELD,IMPROPER OVERTAKING/PASSING,UNABLE TO DETERMINE,0,0,0,0,16,3,11,1061,CALIFORNIA AVE,41.702625,-87.720536,11/29/2016 05:50:00 PM,2016
CR00029904,07/10/2018 07:51:00 AM,20,CLEAR,DAYLIGHT,ANGLE,DIVIDED - W/MEDIAN (NOT RAISED),TRAFFIC SIGNAL,UNABLE TO DETERMINE,NOT APPLICABLE,0,0,0,0,7,3,7,1226,ASHLAND AVE,41.8283,-87.620577,07/10/2018 09:23:00 AM,2018
CR00029905,11/16/2022 07:21:00 AM,15,CLEAR,DAYLIGHT,REAR END,T-INTERSECTION,NO CONTROLS,UNABLE TO DETERMINE,DISTRACTION - FROM INSIDE VEHICLE,0,0,0,0,7,4,11,1197,BROADWAY,41.919791,-87.745698,11/16/2022 07:36:00 AM,2022
CR00029906,03/15/2024 04:07:00 PM,15,CLOUDY/OVERCAST,DARKNESS - LIGHTED ROAD,REAR TO FRONT,NOT DIVIDED,STOP SIGN/FLASHER,DRIVING SKILLS/KNOWLEDGE/EXPERIENCE,NOT APPLICABLE,0,0,0,0,16,6,3,920,STONY ISLAND AVE,41.704562,-87.501367,03/15/2024 05:13:00 PM,2024
CR00029907,02/24/2021 07:53:00 AM,30,CLEAR,DAYLIGHT,ANGLE,DIVIDED - W/MEDIAN (NOT RAISED),STOP SIGN/FLASHER,DRIVING SKILLS/KNOWLEDGE/EXPERIENCE,NOT APPLICABLE,0,0,0,0,7,4,2,519,63RD ST,41.903567,-87.516586,02/24/2021 08:31:00 AM,2021
CR00029908,07/10/2015 11:52:00 AM,15,CLEAR,DAYLIGHT,ANGLE,DIVIDED - W/MEDIAN BARRIER,YIELD,IMPROPER LANE USAGE,NOT APPLICABLE,0,0,0,0,11,6,7,914,CLARK ST,41.810047,-87.708623,07/10/2015 01:38:00 PM,2015
CR00029909,03/06/2021 02:11:00 PM,35,RAIN,DARKNESS - LIGHTED ROAD,FIXED OBJECT,DIVIDED - W/MEDIAN (NOT RAISED),NO CONTROLS,UNABLE TO DETERMINE,FAILING TO YIELD RIGHT-OF-WAY,0,0,0,0,14,7,3,1059,HALSTED ST,41.967751,-87.779882,03/06/2021 02:41:00 PM,2021
CR00029910,03/11/2022 07:02:00 PM,20,CLEAR,DARKNESS - LIGHTED ROAD,SIDESWIPE SAME DIRECTION,DIVIDED - W/MEDIAN (NOT RAISED),NO CONTROLS,UNABLE TO DETERMINE,FAILING TO REDUCE SPEED,0,0,0,0,19,6,3,1763,63RD ST,41.897517,-87.820088,03/11/2022 07:37:00 PM,2022
CR00029911,09/24/2024 02:56:00 PM,35,CLOUDY/OVERCAST,DAYLIGHT,ANGLE,NOT DIVIDED,NO CONTROLS,DRIVING SKILLS/KNOWLEDGE/EXPERIENCE,DRIVING SKILLS/KNOWLEDGE/EXPERIENCE,0,0,0,0,14,3,9,1365,STATE ST,41.859715,-87.839787,09/24/2024 03:55:00 PM,2024
CR00029912,08/16/2019 11:12:00 AM,30,CLEAR,DARKNESS - LIGHTED ROAD,REAR TO FRONT,DIVIDED - W/MEDIAN (NOT RAISED),NO CONTROLS,UNABLE TO DETERMINE,UNABLE TO DETERMINE,0,0,0,0,11,6,8,1242,63RD ST,41.708732,-87.826485,08/16/2019 11:58:00 AM,2019
CR00029913,10/29/2023 09:28:00 AM,30,CLEAR,DAYLIGHT,ANGLE,DIVIDED - W/MEDIAN BARRIER,NO CONTROLS,UNABLE TO DETERMINE,DISTRACTION - FROM INSIDE VEHICLE,0,1,1,2,9,1,10,1843,63RD ST,41.88407,-87.782807,10/29/2023 10:00:00 AM,2023
CR00029914,03/21/2019 04:33:00 PM,35,CLEAR,DARKNESS - LIGHTED ROAD,TURNING,NOT DIVIDED,NO CONTROLS,IMPROPER LANE USAGE,UNABLE TO DETERMINE,0,0,0,0,16,5,3,149,OGDEN AVE,41.84775,-87.839233,03/21/2019 05:10:00 PM,2019
CR00029915,02/26/2022 04:06:00 PM,45,CLEAR,DAYLIGHT,PARKED MOTOR VEHICLE,T-INTERSECTION,NO CONTROLS,DISTRACTION - FROM INSIDE VEHICLE,FAILING TO YIELD RIGHT-OF-WAY,0,0,0,0,16,7,2,1025,CICERO AVE,41.700558,-87.680154,02/26/2022 05:41:00 PM,2022
CR00029916,05/27/2015 08:07:00 AM,15,RAIN,DARKNESS,REAR END,DIVIDED - W/MEDIAN (NOT RAISED),TRAFFIC SIGNAL,FAILING TO YIELD RIGHT-OF-WAY,FAILING TO REDUCE SPEED,0,0,1,1,8,4,5,1668,PULASKI RD,41.760474,-87.741895,05/27/2015 09:45:00 AM,2015
CR00029917,09/22/2016 08:58:00 AM,30,CLEAR,DAYLIGHT,PEDESTRIAN,NOT DIVIDED,STOP SIGN/FLASHER,IMPROPER LANE USAGE,DRIVING SKILLS/KNOWLEDGE/EXPERIENCE,0,0,0,0,8,5,9,1772,STATE ST,41.91407,-87.576104,09/22/2016 09:41:00 AM,2016
CR00029918,07/13/2021 05:58:00 PM,35,CLOUDY/OVERCAST,DAYLIGHT,REAR END,ONE-WAY,NO CONTROLS,UNABLE TO DETERMINE,NOT APPLICABLE,0,0,0,0,17,3,7,1014,63RD ST,41.844757,-87.785169,07/13/2021 06:55:00 PM,2021
CR00029919,12/15/2020 11:26:00 AM,45,CLOUDY/OVERCAST,DAYLIGHT,ANGLE,NOT DIVIDED,NO CONTROLS,IMPROPER LANE USAGE,IMPROPER LANE USAGE,0,0,0,0,11,3,12,1880,STATE ST,41.934232,-87.543235,12/15/2020 11:43:00 AM,2020
CR00029920,04/24/2020 01:25:00 AM,30,RAIN,DAYLIGHT,ANGLE,DIVIDED - W/MEDIAN BARRIER,TRAFFIC SIGNAL,UNABLE TO DETERMINE,UNABLE TO DETERMINE,0,0,0,0,1,6,4,278,WESTERN AVE,41.998707,-87.743688,04/24/2020 02:28:00 AM,2020
CR00029921,12/13/2023 05:35:00 PM,35,CLEAR,DAYLIGHT,PARKED MOTOR VEHICLE,NOT DIVIDED,NO CONTROLS,DISREGARDING TRAFFIC SIGNALS,UNABLE TO DETERMINE,0,0,1,1,17,4,12,1070,CICERO AVE,41.909402,-87.579556,12/13/2023 07:33:00 PM,2023
CR00029922,11/12/2019 05:36:00 PM,15,CLEAR,DAYLIGHT,ANGLE,DIVIDED - W/MEDIAN (NOT RAISED),NO CONTROLS,FAILING TO YIELD RIGHT-OF-WAY,UNABLE TO DETERMINE,0,0,3,3,17,3,11,1902,CLARK ST,41.920068,-87.531323,11/12/2019 06:17:00 PM,2019
CR00029923,07/14/2017 08:17:00 PM,35,CLEAR,DAYLIGHT,SIDESWIPE SAME DIRECTION,ONE-WAY,TRAFFIC SIGNAL,FOLLOWING TOO CLOSELY,UNABLE TO DETERMINE,0,0,0,0,20,6,7,914,ELSTON AVE,41.808991,-87.676473,07/14/2017 08:26:00 PM,2017
CR00029924,09/13/2020 11:22:00 PM,20,CLEAR,DAYLIGHT,PEDESTRIAN,DIVIDED - W/MEDIAN (NOT RAISED),STOP SIGN/FLASHER,DISTRACTION - FROM INSIDE VEHICLE,NOT APPLICABLE,0,0,0,0,23,1,9,1747,ELSTON AVE,41.856536,-87.842275,09/13/2020 11:29:00 PM,2020
CR00029925,08/31/2019 07:59:00 AM,30,CLEAR,DAYLIGHT,SIDESWIPE SAME DIRECTION,DIVIDED - W/MEDIAN (NOT RAISED),STOP SIGN/FLASHER,IMPROPER LANE USAGE,FOLLOWING TOO CLOSELY,0,0,0,0,7,7,8,113,CALIFORNIA AVE,41.988405,-87.71572,08/31/2019 08:54:00 AM,2019
CR00029926,08/11/2023 05:27:00 PM,30,CLOUDY/OVERCAST,DAYLIGHT,SIDESWIPE SAME DIRECTION,NOT DIVIDED,TRAFFIC SIGNAL,UNABLE TO DETERMINE,UNABLE TO DETERMINE,0,0,1,1,17,6,8,2426,PULASKI RD,41.758503,-87.57349,08/11/2023 05:55:00 PM,2023
CR00029927,06/12/2017 03:42:00 PM,20,CLEAR,DAYLIGHT,REAR END,NOT DIVIDED,TRAFFIC SIGNAL,FAILING TO REDUCE SPEED,UNABLE TO DETERMINE,0,0,0,0,15,2,6,1649,IRVING PARK RD,41.922156,-87.57512,06/12/2017 05:31:00 PM,2017
CR00029928,11/03/2019 09:06:00 AM,35,CLEAR,DARKNESS - LIGHTED ROAD,PARKED MOTOR VEHICLE,NOT DIVIDED,TRAFFIC SIGNAL,IMPROPER OVERTAKING/PASSING,DISREGARDING TRAFFIC SIGNALS,0,0,1,1,9,1,11,1973,LAKE SHORE DR,41.776144,-87.60181,11/03/2019 10:54:00 AM,2019
CR00029929,10/20/2020 12:35:00 PM,40,CLEAR,DAYLIGHT,REAR END,DIVIDED - W/MEDIAN (NOT RAISED),NO CONTROLS,DRIVING SKILLS/KNOWLEDGE/EXPERIENCE,UNABLE TO DETERMINE,0,0,1,1,12,3,10,839,MILWAUKEE AVE,41.913306,-87.579276,10/20/2020 02:29:00 PM,2020
CR00029930,06/09/2018 04:20:00 PM,45,CLEAR,DAYLIGHT,TURNING,DIVIDED - W/MEDIAN (NOT RAISED),UNKNOWN,DISTRACTION - FROM INSIDE VEHICLE,NOT APPLICABLE,0,1,2,3,16,7,6,1266,BROADWAY,41.947088,-87.571178,06/09/2018 04:23:00 PM,2018
CR00029931,12/04/2015 09:17:00 AM,25,CLEAR,DAYLIGHT,TURNING,NOT DIVIDED,TRAFFIC SIGNAL,FOLLOWING TOO CLOSELY,UNABLE TO DETERMINE,0,0,0,0,9,6,12,2222,79TH ST,41.984476,-87.527686,12/04/2015 10:46:00 AM,2015
CR00029932,06/26/2024 10:35:00 PM,30,CLEAR,DARKNESS - LIGHTED ROAD,REAR END,DIVIDED - W/MEDIAN (NOT RAISED),STOP SIGN/FLASHER,UNABLE TO DETERMINE,IMPROPER LANE USAGE,0,0,1,1,22,4,6,2057,79TH ST,41.995298,-87.806643,06/27/2024 12:29:00 AM,2024
CR00029933,04/13/2018 07:47:00 AM,15,CLEAR,DAYLIGHT,ANGLE,NOT DIVIDED,STOP SIGN/FLASHER,IMPROPER OVERTAKING/PASSING,NOT APPLICABLE,0,0,0,0,7,6,4,2236,ELSTON AVE,41.901441,-87.509505,04/13/2018 08:26:00 AM,2018
CR00029934,02/01/2017 04:06:00 AM,45,CLEAR,DAYLIGHT,ANGLE,ONE-WAY,NO CONTROLS,FAILING TO REDUCE SPEED,IMPROPER OVERTAKING/PASSING,0,0,0,0,4,4,2,1678,CALIFORNIA AVE,41.958231,-87.707215,02/01/2017 04:22:00 AM,2017
CR00029935,11/05/2023 08:39:00 PM,40,CLEAR,DARKNESS,ANGLE,NOT DIVIDED,STOP SIGN/FLASHER,DRIVING SKILLS/KNOWLEDGE/EXPERIENCE,NOT APPLICABLE,0,0,0,0,20,1,11,448,ELSTON AVE,41.737557,-87.621131,11/05/2023 09:57:00 PM,2023
CR00029936,01/27/2015 06:38:00 PM,15,SNOW,DAYLIGHT,TURNING,DIVIDED - W/MEDIAN (NOT RAISED),TRAFFIC SIGNAL,FOLLOWING TOO CLOSELY,DISREGARDING TRAFFIC SIGNALS,0,0,1,1,18,3,1,1244,WESTERN AVE,41.794738,-87.809168,01/27/2015 08:23:00 PM,2015
CR00029937,04/19/2015 08:59:00 PM,45,CLEAR,DARKNESS,SIDESWIPE SAME DIRECTION,NOT DIVIDED,NO CONTROLS,FOLLOWING TOO CLOSELY,IMPROPER OVERTAKING/PASSING,0,0,0,0,20,1,4,253,WESTERN AVE,41.88481,-87.771533,04/19/2015 10:18:00 PM,2015
CR00029938,07/22/2018 02:01:00 PM,35,CLEAR,DARKNESS - LIGHTED ROAD,REAR END,DIVIDED - W/MEDIAN (NOT RAISED),TRAFFIC SIGNAL,DISREGARDING TRAFFIC SIGNALS,UNABLE TO DETERMINE,0,1,0,1,14,1,7,2133,CALIFORNIA AVE,41.852199,-87.729739,07/22/2018 03:06:00 PM,2018
CR00029939,03/16/2022 08:21:00 AM,30,CLEAR,DARKNESS - LIGHTED ROAD,TURNING,NOT DIVIDED,NO CONTROLS,FOLLOWING TOO CLOSELY,NOT APPLICABLE,0,0,0,0,8,4,3,225,ASHLAND AVE,41.809342,-87.532766,03/16/2022 08:36:00 AM,2022
CR00029940,07/11/2022 03:15:00 PM,35,RAIN,DARKNESS - LIGHTED ROAD,REAR END,FOUR WAY,NO CONTROLS,DISREGARDING TRAFFIC SIGNALS,FOLLOWING TOO CLOSELY,0,0,0,0,15,2,7,1088,IRVING PARK RD,41.813217,-87.545848,07/11/2022 04:29:00 PM,2022
CR00029941,08/31/2023 05:14:00 PM,45,CLOUDY/OVERCAST,DAYLIGHT,ANGLE,ONE-WAY,STOP SIGN/FLASHER,IMPROPER LANE USAGE,UNABLE TO DETERMINE,0,0,0,0,17,5,8,2243,HALSTED ST,41.745895,-87.689361,08/31/2023 06:50:00 PM,2023
CR00029942,10/15/2020 07:30:00 AM,30,CLEAR,DAYLIGHT,PARKED MOTOR VEHICLE,NOT DIVIDED,NO CONTROLS,DISTRACTION - FROM INSIDE VEHICLE,IMPROPER LANE USAGE,0,0,0,0,7,5,10,2229,STATE ST,41.732976,-87.725849,10/15/2020 07:57:00 AM,2020
CR00029943,11/08/2024 04:20:00 PM,35,CLEAR,DAYLIGHT,ANGLE,NOT DIVIDED,STOP SIGN/FLASHER,DISREGARDING TRAFFIC SIGNALS,DRIVING SKILLS/KNOWLEDGE/EXPERIENCE,0,0,1,1,16,6,11,121,ROOSEVELT RD,41.985521,-87.623178,11/08/2024 05:05:00 PM,2024
CR00029944,04/08/2017 10:02:00 AM,35,RAIN,DAYLIGHT,TURNING,ONE-WAY,STOP SIGN/FLASHER,IMPROPER LANE USAGE,UNABLE TO DETERMINE,0,0,0,0,10,7,4,1480,STATE ST,41.889522,-87.624941,04/08/2017 10:16:00 AM,2017
CR00029945,11/26/2016 09:32:00 PM,15,CLEAR,DAYLIGHT,TURNING,FOUR WAY,NO CONTROLS,UNABLE TO DETERMINE,NOT APPLICABLE,0,0,3,3,21,7,11,592,ELSTON AVE,41.907246,-87.667915,11/26/2016 11:06:00 PM,2016
CR00029946,10/16/2020 12:32:00 PM,15,CLEAR,DARKNESS - LIGHTED ROAD,SIDESWIPE SAME DIRECTION,NOT DIVIDED,STOP SIGN/FLASHER,DISREGARDING TRAFFIC SIGNALS,FAILING TO YIELD RIGHT-OF-WAY,0,0,0,0,12,6,10,523,ROOSEVELT RD,41.792109,-87.636472,10/16/2020 01:26:00 PM,2020
CR00029947,03/01/2023 03:34:00 AM,30,CLEAR,DAYLIGHT,FIXED OBJECT,DIVIDED - W/MEDIAN (NOT RAISED),NO CONTROLS,IMPROPER LANE USAGE,UNABLE TO DETERMINE,0,0,0,0,3,4,3,302,ASHLAND AVE,41.826034,-87.643323,03/01/2023 04:10:00 AM,2023
CR00029948,09/24/2016 07:51:00 PM,30,RAIN,DARKNESS - LIGHTED ROAD,PARKED MOTOR VEHICLE,NOT DIVIDED,TRAFFIC SIGNAL,UNABLE TO DETERMINE,UNABLE TO DETERMINE,0,0,0,0,19,7,9,1899,HALSTED ST,41.803129,-87.754475,09/24/2016 08:47:00 PM,2016
CR00029949,02/18/2023 06:55:00 PM,30,CLEAR,DAYLIGHT,REAR END,FOUR WAY,NO CONTROLS,UNABLE TO DETERMINE,FOLLOWING TOO CLOSELY,0,0,0,0,18,7,2,1303,MILWAUKEE AVE,41.754302,-87.631702,02/18/2023 06:57:00 PM,2023
CR00029950,09/01/2016 10:56:00 PM,35,RAIN,DARKNESS - LIGHTED ROAD,REAR TO FRONT,NOT DIVIDED,STOP SIGN/FLASHER,FOLLOWING TOO CLOSELY,UNABLE TO DETERMINE,0,0,0,0,22,5,9,1062,79TH ST,41.849625,-87.790361,09/02/2016 12:45:00 AM,2016
CR00029951,01/09/2019 07:06:00 AM,30,CLEAR,DAYLIGHT,ANGLE,NOT DIVIDED,UNKNOWN,UNABLE TO DETERMINE,NOT APPLICABLE,0,0,0,0,7,4,1,2426,PULASKI RD,41.850406,-87.800945,01/09/2019 08:25:00 AM,2019
CR00029952,07/20/2017 08:39:00 AM,20,CLEAR,DARKNESS - LIGHTED ROAD,REAR END,FOUR WAY,STOP SIGN/FLASHER,UNABLE TO DETERMINE,FOLLOWING TOO CLOSELY,0,0,0,0,8,5,7,1561,MILWAUKEE AVE,41.722789,-87.754942,07/20/2017 09:09:00 AM,2017