CRASH_RECORD_ID,CRASH_DATE,POSTED_SPEED_LIMIT,WEATHER_CONDITION,LIGHTING_CONDITION,FIRST_CRASH_TYPE,TRAFFICWAY_TYPE,TRAFFIC_CONTROL_DEVICE,PRIM_CONTRIBUTORY_CAUSE,SEC_CONTRIBUTORY_CAUSE,INJURIES_FATAL,INJURIES_INCAPACITATING,INJURIES_NON_INCAPACITATING,INJURIES_TOTAL,CRASH_HOUR,CRASH_DAY_OF_WEEK,CRASH_MONTH,BEAT_OF_OCCURRENCE,STREET_NAME,LATITUDE,LONGITUDE,DATE_POLICE_NOTIFIED,year
CR00029953,03/24/2015 03:17:00 PM,15,CLEAR,DAYLIGHT,REAR END,FOUR WAY,STOP SIGN/FLASHER,FAILING TO REDUCE SPEED,UNABLE TO DETERMINE,0,0,0,0,15,3,3,256,63RD ST,41.817091,-87.776654,03/24/2015 04:41:00 PM,2015
CR00029954,06/08/2016 04:38:00 PM,45,RAIN,DAYLIGHT,ANGLE,ONE-WAY,TRAFFIC SIGNAL,FAILING TO REDUCE SPEED,IMPROPER LANE USAGE,0,0,1,1,16,4,6,297,MILWAUKEE AVE,41.873997,-87.665555,06/08/2016 06:15:00 PM,2016
CR00029955,09/07/2020 03:40:00 PM,45,SNOW,DAYLIGHT,TURNING,DIVIDED - W/MEDIAN (NOT RAISED),STOP SIGN/FLASHER,DISREGARDING TRAFFIC SIGNALS,DISTRACTION - FROM INSIDE VEHICLE,0,0,0,0,15,2,9,1910,MILWAUKEE AVE,41.992083,-87.77431,09/07/2020 05:25:00 PM,2020
CR00029956,04/11/2017 12:31:00 PM,30,CLEAR,DARKNESS,FIXED OBJECT,NOT DIVIDED,UNKNOWN,DISREGARDING TRAFFIC SIGNALS,NOT APPLICABLE,0,0,0,0,12,3,4,766,ROOSEVELT RD,41.902367,-87.542902,04/11/2017 12:55:00 PM,2017
CR00029957,02/15/2021 08:09:00 AM,30,CLEAR,DAYLIGHT,REAR END,NOT DIVIDED,TRAFFIC SIGNAL,FAILING TO YIELD RIGHT-OF-WAY,UNABLE TO DETERMINE,0,0,0,0,8,2,2,826,LAKE SHORE DR,41.919606,-87.579078,02/15/2021 09:12:00 AM,2021
CR00029958,02/19/2019 06:11:00 PM,40,CLEAR,DAYLIGHT,REAR END,NOT DIVIDED,NO CONTROLS,DISTRACTION - FROM INSIDE VEHICLE,DRIVING SKILLS/KNOWLEDGE/EXPERIENCE,0,0,0,0,18,3,2,417,CALIFORNIA AVE,41.73793,-87.734318,02/19/2019 07:16:00 PM,2019
CR00029959,04/20/2024 09:14:00 PM,40,CLEAR,DAYLIGHT,ANGLE,NOT DIVIDED,UNKNOWN,UNABLE TO DETERMINE,FAILING TO YIELD RIGHT-OF-WAY,0,0,0,0,21,7,4,691,BROADWAY,41.99198,-87.654123,04/20/2024 09:28:00 PM,2024
CR00029960,12/06/2015 07:49:00 AM,15,CLEAR,DARKNESS,FIXED OBJECT,NOT DIVIDED,STOP SIGN/FLASHER,UNABLE TO DETERMINE,UNABLE TO DETERMINE,0,0,0,0,7,1,12,635,HALSTED ST,41.991411,-87.620595,12/06/2015 08:33:00 AM,2015
CR00029961,10/27/2021 04:18:00 PM,30,CLOUDY/OVERCAST,DAYLIGHT,TURNING,FOUR WAY,TRAFFIC SIGNAL,FOLLOWING TOO CLOSELY,FAILING TO YIELD RIGHT-OF-WAY,0,0,1,1,16,4,10,529,STONY ISLAND AVE,41.80783,-87.599862,10/27/2021 04:45:00 PM,2021
CR00029962,04/30/2020 12:06:00 PM,30,CLEAR,DAYLIGHT,REAR END,NOT DIVIDED,NO CONTROLS,UNABLE TO DETERMINE,DISTRACTION - FROM INSIDE VEHICLE,0,1,2,3,12,5,4,1090,MICHIGAN AVE,41.962767,-87.599655,04/30/2020 02:03:00 PM,2020
CR00029963,09/29/2023 08:50:00 PM,25,CLEAR,DAYLIGHT,TURNING,FOUR WAY,NO CONTROLS,IMPROPER OVERTAKING/PASSING,UNABLE TO DETERMINE,0,0,1,1,20,6,9,999,LAKE SHORE DR,41.746961,-87.706551,09/29/2023 09:20:00 PM,2023
CR00029964,10/23/2019 06:38:00 AM,30,CLEAR,DAYLIGHT,PARKED MOTOR VEHICLE,DIVIDED - W/MEDIAN BARRIER,NO CONTROLS,WEATHER,IMPROPER LANE USAGE,0,0,0,0,6,4,10,818,STATE ST,41.979274,-87.557284,10/23/2019 07:33:00 AM,2019
CR00029965,03/01/2016 08:51:00 AM,15,CLEAR,DARKNESS,SIDESWIPE SAME DIRECTION,FOUR WAY,TRAFFIC SIGNAL,FAILING TO YIELD RIGHT-OF-WAY,UNABLE TO DETERMINE,0,0,0,0,8,3,3,881,ELSTON AVE,41.811258,-87.645915,03/01/2016 10:32:00 AM,2016
CR00029966,09/02/2015 01:30:00 PM,25,CLEAR,DAYLIGHT,TURNING,NOT DIVIDED,NO CONTROLS,IMPROPER OVERTAKING/PASSING,WEATHER,0,0,0,0,13,4,9,1543,CLARK ST,41.711151,-87.698139,09/02/2015 03:04:00 PM,2015
CR00029967,08/27/2021 10:21:00 AM,30,RAIN,DARKNESS - LIGHTED ROAD,REAR TO FRONT,NOT DIVIDED,TRAFFIC SIGNAL,DISREGARDING TRAFFIC SIGNALS,FAILING TO YIELD RIGHT-OF-WAY,0,0,0,0,10,6,8,570,ARCHER AVE,41.928893,-87.554476,08/27/2021 10:35:00 AM,2021
CR00029968,08/06/2018 04:35:00 PM,30,CLEAR,DAYLIGHT,REAR END,FOUR WAY,TRAFFIC SIGNAL,FOLLOWING TOO CLOSELY,FAILING TO YIELD RIGHT-OF-WAY,0,0,0,0,16,2,8,232,IRVING PARK RD,41.992872,-87.839998,08/06/2018 04:47:00 PM,2018
CR00029969,12/01/2015 02:22:00 PM,20,SNOW,DARKNESS - LIGHTED ROAD,TURNING,NOT DIVIDED,TRAFFIC SIGNAL,FOLLOWING TOO CLOSELY,FOLLOWING TOO CLOSELY,0,0,0,0,14,3,12,230,MILWAUKEE AVE,41.996726,-87.82468,12/01/2015 04:08:00 PM,2015
CR00029970,06/28/2022 03:58:00 PM,35,CLEAR,DARKNESS - LIGHTED ROAD,REAR END,NOT DIVIDED,TRAFFIC SIGNAL,UNABLE TO DETERMINE,DRIVING SKILLS/KNOWLEDGE/EXPERIENCE,0,0,0,0,15,3,6,2471,KEDZIE AVE,41.795894,-87.723243,06/28/2022 05:14:00 PM,2022
CR00029971,01/28/2015 02:30:00 PM,45,CLEAR,DARKNESS - LIGHTED ROAD,ANGLE,NOT DIVIDED,NO CONTROLS,FOLLOWING TOO CLOSELY,UNABLE TO DETERMINE,0,0,1,1,14,4,1,2427,47TH ST,41.710544,-87.51417,01/28/2015 02:32:00 PM,2015
CR00029972,11/12/2015 12:37:00 PM,35,CLEAR,DAYLIGHT,TURNING,T-INTERSECTION,NO CONTROLS,DISREGARDING TRAFFIC SIGNALS,NOT APPLICABLE,0,0,0,0,12,5,11,1695,STONY ISLAND AVE,41.775335,-87.524319,11/12/2015 01:48:00 PM,2015
CR00029973,02/04/2022 02:23:00 PM,35,CLEAR,DARKNESS,FIXED OBJECT,NOT DIVIDED,UNKNOWN,DISTRACTION - FROM INSIDE VEHICLE,WEATHER,0,0,2,2,14,6,2,351,IRVING PARK RD,41.725807,-87.699956,02/04/2022 03:29:00 PM,2022
CR00029974,05/27/2015 08:26:00 AM,30,SNOW,DAYLIGHT,REAR END,DIVIDED - W/MEDIAN (NOT RAISED),TRAFFIC SIGNAL,UNABLE TO DETERMINE,DISTRACTION - FROM INSIDE VEHICLE,0,0,2,2,8,4,5,594,FULLERTON AVE,41.98734,-87.713369,05/27/2015 08:50:00 AM,2015
CR00029975,06/02/2021 08:20:00 AM,35,CLOUDY/OVERCAST,DAYLIGHT,TURNING,DIVIDED - W/MEDIAN BARRIER,TRAFFIC SIGNAL,FAILING TO YIELD RIGHT-OF-WAY,NOT APPLICABLE,0,0,0,0,8,4,6,1134,LAKE SHORE DR,41.801058,-87.619037,06/02/2021 08:57:00 AM,2021
CR00029976,02/03/2020 07:40:00 PM,40,CLEAR,DARKNESS - LIGHTED ROAD,SIDESWIPE SAME DIRECTION,FOUR WAY,NO CONTROLS,UNABLE TO DETERMINE,IMPROPER LANE USAGE,0,0,0,0,19,2,2,1403,WESTERN AVE,41.851668,-87.725607,02/03/2020 08:35:00 PM,2020
CR00029977,05/14/2023 08:23:00 PM,40,CLEAR,DAYLIGHT,REAR END,NOT DIVIDED,TRAFFIC SIGNAL,FOLLOWING TOO CLOSELY,IMPROPER OVERTAKING/PASSING,0,0,0,0,20,1,5,1132,FULLERTON AVE,41.967578,-87.77515,05/14/2023 08:55:00 PM,2023
CR00029978,06/19/2019 09:23:00 AM,35,CLEAR,DAYLIGHT,TURNING,FOUR WAY,PEDESTRIAN CROSSING SIGN,FAILING TO YIELD RIGHT-OF-WAY,DISTRACTION - FROM INSIDE VEHICLE,0,0,1,1,9,4,6,1134,WESTERN AVE,41.940754,-87.592208,06/19/2019 10:31:00 AM,2019
CR00029979,02/07/2015 06:15:00 PM,15,CLEAR,DARKNESS,SIDESWIPE SAME DIRECTION,FOUR WAY,TRAFFIC SIGNAL,UNABLE TO DETERMINE,NOT APPLICABLE,0,0,0,0,18,7,2,476,OGDEN AVE,41.839349,-87.559868,02/07/2015 06:35:00 PM,2015
CR00029980,09/22/2021 07:20:00 AM,30,CLEAR,DAYLIGHT,PARKED MOTOR VEHICLE,ONE-WAY,YIELD,FAILING TO YIELD RIGHT-OF-WAY,DISREGARDING TRAFFIC SIGNALS,0,0,0,0,7,4,9,1147,ASHLAND AVE,41.793554,-87.604626,09/22/2021 09:06:00 AM,2021
CR00029981,08/03/2020 12:27:00 AM,20,CLEAR,DAYLIGHT,REAR TO FRONT,DIVIDED - W/MEDIAN BARRIER,NO CONTROLS,DISREGARDING TRAFFIC SIGNALS,FAILING TO REDUCE SPEED,0,0,0,0,0,2,8,501,47TH ST,41.97186,-87.817452,08/03/2020 01:35:00 AM,2020
CR00029982,03/22/2019 08:09:00 AM,20,RAIN,DARKNESS - LIGHTED ROAD,PEDESTRIAN,T-INTERSECTION,TRAFFIC SIGNAL,IMPROPER LANE USAGE,IMPROPER OVERTAKING/PASSING,0,0,0,0,8,6,3,1710,CALIFORNIA AVE,41.999394,-87.738343,03/22/2019 09:34:00 AM,2019
CR00029983,07/16/2018 06:12:00 PM,35,CLOUDY/OVERCAST,DARKNESS - LIGHTED ROAD,REAR END,DIVIDED - W/MEDIAN BARRIER,NO CONTROLS,DRIVING SKILLS/KNOWLEDGE/EXPERIENCE,FOLLOWING TOO CLOSELY,0,0,0,0,18,2,7,500,PULASKI RD,41.959279,-87.610902,07/16/2018 06:47:00 PM,2018
CR00029984,04/14/2023 03:56:00 PM,40,SNOW,DUSK,ANGLE,ONE-WAY,STOP SIGN/FLASHER,FAILING TO YIELD RIGHT-OF-WAY,DRIVING SKILLS/KNOWLEDGE/EXPERIENCE,0,0,0,0,15,6,4,410,KEDZIE AVE,41.740298,-87.846838,04/14/2023 04:18:00 PM,2023
CR00029985,01/04/2023 06:44:00 PM,15,CLEAR,DAYLIGHT,REAR END,T-INTERSECTION,TRAFFIC SIGNAL,IMPROPER LANE USAGE,FOLLOWING TOO CLOSELY,0,0,0,0,18,4,1,932,CALIFORNIA AVE,41.865454,-87.650568,01/04/2023 08:15:00 PM,2023
CR00029986,03/08/2022 05:40:00 PM,30,CLEAR,DAYLIGHT,REAR END,NOT DIVIDED,UNKNOWN,FAILING TO YIELD RIGHT-OF-WAY,DISTRACTION - FROM INSIDE VEHICLE,0,0,0,0,17,3,3,1859,BROADWAY,41.745708,-87.545303,03/08/2022 06:14:00 PM,2022
CR00029987,08/03/2016 07:50:00 PM,20,CLEAR,DAYLIGHT,TURNING,T-INTERSECTION,NO CONTROLS,UNABLE TO DETERMINE,IMPROPER OVERTAKING/PASSING,0,0,0,0,19,4,8,268,ARCHER AVE,41.811718,-87.542547,08/03/2016 09:44:00 PM,2016
CR00029988,01/23/2019 01:08:00 AM,35,FOG/SMOKE/HAZE,DAWN,PARKED MOTOR VEHICLE,NOT DIVIDED,PEDESTRIAN CROSSING SIGN,FOLLOWING TOO CLOSELY,UNABLE TO DETERMINE,0,0,0,0,1,4,1,254,STATE ST,41.710703,-87.669294,01/23/2019 02:52:00 AM,2019
CR00029989,06/29/2019 11:56:00 AM,40,CLEAR,DUSK,SIDESWIPE SAME DIRECTION,DIVIDED - W/MEDIAN BARRIER,NO CONTROLS,UNABLE TO DETERMINE,UNABLE TO DETERMINE,0,0,0,0,11,7,6,1606,ROOSEVELT RD,41.980621,-87.828257,06/29/2019 12:21:00 PM,2019
CR00029990,09/06/2017 04:33:00 PM,35,RAIN,DAYLIGHT,SIDESWIPE SAME DIRECTION,NOT DIVIDED,YIELD,UNABLE TO DETERMINE,UNABLE TO DETERMINE,0,0,3,3,16,4,9,1010,STATE ST,41.903057,-87.793575,09/06/2017 06:25:00 PM,2017
CR00029991,08/09/2015 11:43:00 PM,30,CLEAR,DAYLIGHT,REAR END,NOT DIVIDED,NO CONTROLS,FOLLOWING TOO CLOSELY,NOT APPLICABLE,0,0,0,0,23,1,8,671,LAKE SHORE DR,41.763493,-87.73977,08/09/2015 11:59:00 PM,2015
CR00029992,12/02/2020 04:34:00 PM,30,FOG/SMOKE/HAZE,DARKNESS,FIXED OBJECT,DIVIDED - W/MEDIAN (NOT RAISED),STOP SIGN/FLASHER,IMPROPER OVERTAKING/PASSING,FAILING TO YIELD RIGHT-OF-WAY,0,0,0,0,16,4,12,323,FULLERTON AVE,41.82076,-87.598854,12/02/2020 05:02:00 PM,2020
CR00029993,02/12/2024 09:09:00 AM,30,CLEAR,DAYLIGHT,REAR END,ONE-WAY,STOP SIGN/FLASHER,FAILING TO YIELD RIGHT-OF-WAY,IMPROPER OVERTAKING/PASSING,0,1,0,1,9,2,2,1511,STONY ISLAND AVE,41.787611,-87.535131,02/12/2024 09:48:00 AM,2024
CR00029994,04/23/2024 05:52:00 PM,35,RAIN,DAYLIGHT,SIDESWIPE SAME DIRECTION,DIVIDED - W/MEDIAN (NOT RAISED),TRAFFIC SIGNAL,UNABLE TO DETERMINE,NOT APPLICABLE,0,0,0,0,17,3,4,1498,OGDEN AVE,41.790031,-87.717231,04/23/2024 07:40:00 PM,2024
CR00029995,03/09/2016 08:55:00 PM,35,RAIN,DUSK,ANGLE,NOT DIVIDED,NO CONTROLS,UNABLE TO DETERMINE,FOLLOWING TOO CLOSELY,0,0,0,0,20,4,3,2267,IRVING PARK RD,41.734411,-87.745973,03/09/2016 10:34:00 PM,2016
CR00029996,05/30/2016 07:58:00 PM,45,CLEAR,DARKNESS - LIGHTED ROAD,TURNING,FOUR WAY,NO CONTROLS,FAILING TO REDUCE SPEED,UNABLE TO DETERMINE,0,0,0,0,19,2,5,2203,DIVISION ST,41.81818,-87.62484,05/30/2016 08:45:00 PM,2016
CR00029997,04/28/2024 05:14:00 PM,15,CLEAR,DARKNESS - LIGHTED ROAD,FIXED OBJECT,FOUR WAY,STOP SIGN/FLASHER,UNABLE TO DETERMINE,FOLLOWING TOO CLOSELY,0,0,0,0,17,1,4,576,ARCHER AVE,41.740074,-87.717504,04/28/2024 07:02:00 PM,2024
CR00029998,11/15/2019 04:40:00 AM,20,FOG/SMOKE/HAZE,DAYLIGHT,TURNING,ONE-WAY,TRAFFIC SIGNAL,FOLLOWING TOO CLOSELY,DISREGARDING TRAFFIC SIGNALS,0,0,2,2,4,6,11,2503,STONY ISLAND AVE,41.803648,-87.802311,11/15/2019 05:01:00 AM,2019
CR00029999,04/22/2023 04:27:00 PM,30,RAIN,DARKNESS - LIGHTED ROAD,PARKED MOTOR VEHICLE,NOT DIVIDED,NO CONTROLS,DISTRACTION - FROM INSIDE VEHICLE,DISTRACTION - FROM INSIDE VEHICLE,0,0,1,1,16,7,4,1498,ARCHER AVE,41.822479,-87.685744,04/22/2023 05:21:00 PM,2023
CR00030000,02/28/2021 10:51:00 AM,45,CLEAR,DAWN,FIXED OBJECT,DIVIDED - W/MEDIAN (NOT RAISED),YIELD,UNABLE TO DETERMINE,FOLLOWING TOO CLOSELY,0,0,0,0,10,1,2,2317,IRVING PARK RD,41.735826,-87.845328,02/28/2021 11:10:00 AM,2021
CR00030001,05/24/2017 07:43:00 PM,40,RAIN,DUSK,TURNING,NOT DIVIDED,STOP SIGN/FLASHER,FAILING TO YIELD RIGHT-OF-WAY,UNABLE TO DETERMINE,0,0,0,0,19,4,5,896,CLARK ST,41.787367,-87.688216,05/24/2017 08:58:00 PM,2017
CR00030002,12/08/2023 06:42:00 PM,45,CLEAR,DARKNESS - LIGHTED ROAD,REAR END,FOUR WAY,NO CONTROLS,UNABLE TO DETERMINE,FAILING TO REDUCE SPEED,0,0,0,0,18,6,12,177,BROADWAY,41.792556,-87.524137,12/08/2023 07:44:00 PM,2023
CR00030003,11/05/2017 06:38:00 PM,45,CLEAR,DAYLIGHT,SIDESWIPE SAME DIRECTION,T-INTERSECTION,NO CONTROLS,DISREGARDING TRAFFIC SIGNALS,FOLLOWING TOO CLOSELY,0,0,0,0,18,1,11,1603,KEDZIE AVE,41.8974,-87.80083,11/05/2017 08:14:00 PM,2017
CR00030004,05/15/2022 04:55:00 PM,25,CLEAR,DAYLIGHT,REAR END,DIVIDED - W/MEDIAN BARRIER,PEDESTRIAN CROSSING SIGN,IMPROPER LANE USAGE,UNABLE TO DETERMINE,0,0,0,0,16,1,5,1254,DIVISION ST,41.738628,-87.662131,05/15/2022 06:42:00 PM,2022
CR00030005,11/17/2023 06:14:00 PM,40,FOG/SMOKE/HAZE,DAYLIGHT,REAR END,T-INTERSECTION,TRAFFIC SIGNAL,IMPROPER OVERTAKING/PASSING,FAILING TO YIELD RIGHT-OF-WAY,0,0,0,0,18,6,11,2263,47TH ST,41.775161,-87.621254,11/17/2023 06:56:00 PM,2023
CR00030006,11/07/2023 03:36:00 AM,25,CLEAR,DAYLIGHT,TURNING,FOUR WAY,TRAFFIC SIGNAL,FOLLOWING TOO CLOSELY,IMPROPER OVERTAKING/PASSING,0,0,0,0,3,3,11,559,MICHIGAN AVE,41.913292,-87.817172,11/07/2023 03:40:00 AM,2023
CR00030007,06/20/2022 04:20:00 PM,35,CLEAR,DARKNESS - LIGHTED ROAD,REAR END,DIVIDED - W/MEDIAN (NOT RAISED),NO CONTROLS,UNABLE TO DETERMINE,NOT APPLICABLE,0,0,0,0,16,2,6,2148,63RD ST,41.84682,-87.682975,06/20/2022 04:29:00 PM,2022
CR00030008,09/04/2018 04:57:00 AM,25,CLEAR,DAYLIGHT,ANGLE,DIVIDED - W/MEDIAN (NOT RAISED),STOP SIGN/FLASHER,IMPROPER LANE USAGE,DRIVING SKILLS/KNOWLEDGE/EXPERIENCE,0,0,2,2,4,3,9,1378,LAKE SHORE DR,41.83375,-87.669507,09/04/2018 05:44:00 AM,2018
CR00030009,10/13/2023 07:41:00 AM,35,CLEAR,DAYLIGHT,FIXED OBJECT,NOT DIVIDED,TRAFFIC SIGNAL,DISTRACTION - FROM INSIDE VEHICLE,FOLLOWING TOO CLOSELY,0,0,0,0,7,6,10,813,ELSTON AVE,41.858221,-87.721782,10/13/2023 07:58:00 AM,2023
CR00030010,01/25/2018 06:11:00 PM,40,CLEAR,DARKNESS,SIDESWIPE SAME DIRECTION,FOUR WAY,NO CONTROLS,FAILING TO YIELD RIGHT-OF-WAY,FAILING TO REDUCE SPEED,0,0,0,0,18,5,1,1765,KEDZIE AVE,41.945249,-87.541179,01/25/2018 06:29:00 PM,2018
CR00030011,05/09/2015 06:06:00 PM,45,CLEAR,DAYLIGHT,SIDESWIPE SAME DIRECTION,NOT DIVIDED,STOP SIGN/FLASHER,IMPROPER OVERTAKING/PASSING,FAILING TO REDUCE SPEED,0,0,0,0,18,7,5,2233,DIVISION ST,41.979585,-87.818698,05/09/2015 07:25:00 PM,2015
CR00030012,03/01/2016 05:21:00 PM,30,SNOW,DAYLIGHT,ANGLE,NOT DIVIDED,TRAFFIC SIGNAL,FAILING TO REDUCE SPEED,UNABLE TO DETERMINE,0,0,0,0,17,3,3,1217,STATE ST,41.712141,-87.669919,03/01/2016 05:59:00 PM,2016
CR00030013,03/03/2022 03:09:00 AM,30,CLEAR,DARKNESS - LIGHTED ROAD,PARKED MOTOR VEHICLE,DIVIDED - W/MEDIAN (NOT RAISED),NO CONTROLS,FAILING TO YIELD RIGHT-OF-WAY,UNABLE TO DETERMINE,0,0,0,0,3,5,3,1726,47TH ST,41.745443,-87.678081,03/03/2022 03:31:00 AM,2022
CR00030014,04/05/2020 12:45:00 PM,30,CLEAR,DARKNESS - LIGHTED ROAD,REAR END,FOUR WAY,YIELD,DISTRACTION - FROM INSIDE VEHICLE,WEATHER,0,0,0,0,12,1,4,1018,MICHIGAN AVE,41.985675,-87.691391,04/05/2020 01:01:00 PM,2020
CR00030015,02/21/2019 07:21:00 AM,35,CLEAR,DAYLIGHT,PARKED MOTOR VEHICLE,ONE-WAY,STOP SIGN/FLASHER,FOLLOWING TOO CLOSELY,FAILING TO YIELD RIGHT-OF-WAY,0,0,0,0,7,5,2,107,IRVING PARK RD,41.88899,-87.795858,02/21/2019 07:33:00 AM,2019
CR00030016,03/04/2018 07:05:00 PM,35,CLEAR,DAYLIGHT,PEDESTRIAN,DIVIDED - W/MEDIAN (NOT RAISED),NO CONTROLS,FOLLOWING TOO CLOSELY,DRIVING SKILLS/KNOWLEDGE/EXPERIENCE,0,0,0,0,19,1,3,324,IRVING PARK RD,41.896571,-87.695063,03/04/2018 08:27:00 PM,2018
CR00030017,04/01/2016 10:40:00 PM,30,CLEAR,DUSK,REAR END,FOUR WAY,TRAFFIC SIGNAL,IMPROPER OVERTAKING/PASSING,FAILING TO YIELD RIGHT-OF-WAY,0,0,2,2,22,6,4,1076,CLARK ST,41.813114,-87.749154,04/01/2016 11:57:00 PM,2016
CR00030018,11/28/2022 10:37:00 PM,45,CLOUDY/OVERCAST,DAYLIGHT,SIDESWIPE SAME DIRECTION,DIVIDED - W/MEDIAN (NOT RAISED),TRAFFIC SIGNAL,IMPROPER OVERTAKING/PASSING,FAILING TO YIELD RIGHT-OF-WAY,0,0,3,3,22,2,11,1228,KEDZIE AVE,41.833046,-87.67818,11/28/2022 11:51:00 PM,2022
CR00030019,04/02/2015 09:10:00 AM,30,RAIN,DAYLIGHT,REAR END,DIVIDED - W/MEDIAN BARRIER,NO CONTROLS,FAILING TO REDUCE SPEED,UNABLE TO DETERMINE,0,0,0,0,9,5,4,2400,FULLERTON AVE,41.844458,-87.847654,04/02/2015 10:13:00 AM,2015
CR00030020,08/18/2017 12:37:00 PM,25,RAIN,DAYLIGHT,SIDESWIPE SAME DIRECTION,NOT DIVIDED,NO CONTROLS,FAILING TO YIELD RIGHT-OF-WAY,DISREGARDING TRAFFIC SIGNALS,0,0,0,0,12,6,8,1613,HALSTED ST,41.801721,-87.64588,08/18/2017 02:24:00 PM,2017
CR00030021,03/16/2023 04:03:00 PM,35,CLEAR,DAYLIGHT,REAR TO FRONT,FOUR WAY,YIELD,IMPROPER OVERTAKING/PASSING,UNABLE TO DETERMINE,0,0,0,0,16,5,3,950,FULLERTON AVE,41.902403,-87.535621,03/16/2023 04:40:00 PM,2023
CR00030022,03/24/2023 06:32:00 PM,20,SNOW,DAWN,SIDESWIPE SAME DIRECTION,DIVIDED - W/MEDIAN (NOT RAISED),UNKNOWN,FOLLOWING TOO CLOSELY,IMPROPER OVERTAKING/PASSING,0,0,0,0,18,6,3,1989,LAKE SHORE DR,41.8001,-87.779517,03/24/2023 07:09:00 PM,2023
CR00030023,10/05/2018 02:07:00 PM,40,CLEAR,DUSK,REAR END,NOT DIVIDED,TRAFFIC SIGNAL,FOLLOWING TOO CLOSELY,IMPROPER OVERTAKING/PASSING,0,0,0,0,14,6,10,2207,LAKE SHORE DR,41.828331,-87.690805,10/05/2018 02:35:00 PM,2018
CR00030024,02/07/2017 06:20:00 PM,30,CLOUDY/OVERCAST,DARKNESS - LIGHTED ROAD,PARKED MOTOR VEHICLE,T-INTERSECTION,NO CONTROLS,DISREGARDING TRAFFIC SIGNALS,DISTRACTION - FROM INSIDE VEHICLE,0,0,1,1,18,3,2,783,STONY ISLAND AVE,41.876735,-87.651974,02/07/2017 07:37:00 PM,2017
CR00030025,09/19/2023 06:26:00 PM,30,FOG/SMOKE/HAZE,DAYLIGHT,PARKED MOTOR VEHICLE,NOT DIVIDED,STOP SIGN/FLASHER,DISTRACTION - FROM INSIDE VEHICLE,UNABLE TO DETERMINE,0,0,0,0,18,3,9,833,CLARK ST,41.780379,-87.812212,09/19/2023 06:58:00 PM,2023
CR00030026,10/17/2024 08:47:00 AM,30,CLEAR,DAYLIGHT,TURNING,ONE-WAY,NO CONTROLS,FAILING TO YIELD RIGHT-OF-WAY,UNABLE TO DETERMINE,0,0,0,0,8,5,10,1070,DIVISION ST,41.89921,-87.605472,10/17/2024 08:56:00 AM,2024
CR00030027,12/08/2017 06:03:00 PM,35,CLEAR,DARKNESS - LIGHTED ROAD,SIDESWIPE SAME DIRECTION,DIVIDED - W/MEDIAN (NOT RAISED),STOP SIGN/FLASHER,DRIVING SKILLS/KNOWLEDGE/EXPERIENCE,IMPROPER LANE USAGE,0,0,2,2,18,6,12,1576,WESTERN AVE,41.919621,-87.688043,12/08/2017 06:28:00 PM,2017
CR00030028,06/03/2020 08:25:00 PM,35,CLEAR,DAYLIGHT,PARKED MOTOR VEHICLE,FOUR WAY,TRAFFIC SIGNAL,FAILING TO YIELD RIGHT-OF-WAY,IMPROPER LANE USAGE,0,0,0,0,20,4,6,2519,KEDZIE AVE,41.990178,-87.730359,06/03/2020 08:35:00 PM,2020
CR00030029,10/05/2022 08:08:00 AM,30,CLEAR,DARKNESS,REAR END,DIVIDED - W/MEDIAN (NOT RAISED),STOP SIGN/FLASHER,FAILING TO YIELD RIGHT-OF-WAY,DRIVING SKILLS/KNOWLEDGE/EXPERIENCE,0,0,0,0,8,4,10,930,WESTERN AVE,41.858278,-87.535461,10/05/2022 08:42:00 AM,2022
CR00030030,11/05/2023 03:55:00 PM,35,CLEAR,DAYLIGHT,TURNING,DIVIDED - W/MEDIAN (NOT RAISED),STOP SIGN/FLASHER,UNABLE TO DETERMINE,FAILING TO YIELD RIGHT-OF-WAY,0,1,3,4,15,1,11,1787,MILWAUKEE AVE,41.94863,-87.841521,11/05/2023 04:06:00 PM,2023
CR00030031,06/16/2016 10:59:00 AM,30,CLEAR,DARKNESS - LIGHTED ROAD,REAR END,DIVIDED - W/MEDIAN (NOT RAISED),NO CONTROLS,FAILING TO REDUCE SPEED,DRIVING SKILLS/KNOWLEDGE/EXPERIENCE,0,0,1,1,10,5,6,332,PULASKI RD,41.751641,-87.6065,06/16/2016 12:31:00 PM,2016
CR00030032,04/19/2020 12:55:00 PM,40,CLEAR,DAYLIGHT,TURNING,DIVIDED - W/MEDIAN (NOT RAISED),NO CONTROLS,FAILING TO YIELD RIGHT-OF-WAY,NOT APPLICABLE,0,0,0,0,12,1,4,2457,OGDEN AVE,41.934041,-87.688379,04/19/2020 01:41:00 PM,2020
CR00030033,07/05/2015 10:11:00 PM,40,CLEAR,DAYLIGHT,SIDESWIPE SAME DIRECTION,NOT DIVIDED,NO CONTROLS,UNABLE TO DETERMINE,FOLLOWING TOO CLOSELY,0,0,0,0,22,1,7,1297,DAMEN AVE,41.832381,-87.510824,07/05/2015 10:45:00 PM,2015
CR00030034,05/09/2024 03:08:00 PM,30,CLEAR,DAYLIGHT,TURNING,DIVIDED - W/MEDIAN (NOT RAISED),TRAFFIC SIGNAL,FAILING TO REDUCE SPEED,UNABLE TO DETERMINE,0,0,0,0,15,5,5,352,IRVING PARK RD,41.834342,-87.545483,05/09/2024 05:03:00 PM,2024