CRASH_RECORD_ID,CRASH_DATE,POSTED_SPEED_LIMIT,WEATHER_CONDITION,LIGHTING_CONDITION,FIRST_CRASH_TYPE,TRAFFICWAY_TYPE,TRAFFIC_CONTROL_DEVICE,PRIM_CONTRIBUTORY_CAUSE,SEC_CONTRIBUTORY_CAUSE,INJURIES_FATAL,INJURIES_INCAPACITATING,INJURIES_NON_INCAPACITATING,INJURIES_TOTAL,CRASH_HOUR,CRASH_DAY_OF_WEEK,CRASH_MONTH,BEAT_OF_OCCURRENCE,STREET_NAME,LATITUDE,LONGITUDE,DATE_POLICE_NOTIFIED,year
CR00030035,11/21/2018 11:11:00 AM,30,CLEAR,DAYLIGHT,SIDESWIPE SAME DIRECTION,DIVIDED - W/MEDIAN (NOT RAISED),NO CONTROLS,FAILING TO YIELD RIGHT-OF-WAY,FAILING TO YIELD RIGHT-OF-WAY,0,0,0,0,11,4,11,670,PULASKI RD,41.932803,-87.687144,11/21/2018 12:54:00 PM,2018
CR00030036,10/24/2019 02:35:00 PM,35,CLEAR,DAYLIGHT,ANGLE,NOT DIVIDED,NO CONTROLS,DISTRACTION - FROM INSIDE VEHICLE,IMPROPER LANE USAGE,0,0,0,0,14,5,10,2411,CLARK ST,41.823554,-87.533323,10/24/2019 02:47:00 PM,2019
CR00030037,11/18/2015 08:47:00 PM,25,CLEAR,DAYLIGHT,REAR TO FRONT,DIVIDED - W/MEDIAN BARRIER,TRAFFIC SIGNAL,IMPROPER LANE USAGE,UNABLE TO DETERMINE,0,0,2,2,20,4,11,406,HALSTED ST,41.965072,-87.827228,11/18/2015 10:41:00 PM,2015
CR00030038,07/03/2017 08:30:00 AM,45,CLEAR,DAYLIGHT,PARKED MOTOR VEHICLE,NOT DIVIDED,NO CONTROLS,UNABLE TO DETERMINE,DRIVING SKILLS/KNOWLEDGE/EXPERIENCE,0,0,3,3,8,2,7,2435,MILWAUKEE AVE,41.854874,-87.663591,07/03/2017 09:55:00 AM,2017
CR00030039,10/28/2020 06:44:00 PM,35,CLOUDY/OVERCAST,DAYLIGHT,REAR TO FRONT,FOUR WAY,TRAFFIC SIGNAL,UNABLE TO DETERMINE,FAILING TO REDUCE SPEED,0,0,0,0,18,4,10,2403,47TH ST,41.876825,-87.74351,10/28/2020 07:44:00 PM,2020
CR00030040,06/23/2020 10:47:00 AM,35,CLEAR,DAYLIGHT,ANGLE,T-INTERSECTION,TRAFFIC SIGNAL,FAILING TO YIELD RIGHT-OF-WAY,FAILING TO REDUCE SPEED,0,1,2,3,10,3,6,770,STATE ST,41.986979,-87.751559,06/23/2020 11:29:00 AM,2020
CR00030041,04/17/2016 03:56:00 PM,30,CLEAR,DAYLIGHT,PARKED MOTOR VEHICLE,DIVIDED - W/MEDIAN BARRIER,NO CONTROLS,FAILING TO REDUCE SPEED,NOT APPLICABLE,0,0,0,0,15,1,4,1385,IRVING PARK RD,41.784126,-87.671231,04/17/2016 05:42:00 PM,2016
CR00030042,02/09/2016 07:46:00 AM,35,CLEAR,DAYLIGHT,REAR END,DIVIDED - W/MEDIAN BARRIER,NO CONTROLS,IMPROPER LANE USAGE,WEATHER,0,0,0,0,7,3,2,796,LAKE SHORE DR,41.984124,-87.78247,02/09/2016 08:16:00 AM,2016
CR00030043,08/07/2019 05:05:00 PM,30,SNOW,DARKNESS - LIGHTED ROAD,TURNING,ONE-WAY,NO CONTROLS,UNABLE TO DETERMINE,NOT APPLICABLE,0,0,0,0,17,4,8,2244,ARCHER AVE,41.985418,-87.749926,08/07/2019 06:26:00 PM,2019
CR00030044,04/03/2018 02:54:00 PM,30,CLEAR,DAYLIGHT,ANGLE,NOT DIVIDED,STOP SIGN/FLASHER,IMPROPER LANE USAGE,FAILING TO REDUCE SPEED,0,0,0,0,14,3,4,225,CICERO AVE,41.98327,-87.768725,04/03/2018 04:04:00 PM,2018
CR00030045,09/10/2023 06:24:00 PM,40,SNOW,DAYLIGHT,PARKED MOTOR VEHICLE,T-INTERSECTION,NO CONTROLS,UNABLE TO DETERMINE,FAILING TO YIELD RIGHT-OF-WAY,0,0,0,0,18,1,9,1822,CALIFORNIA AVE,41.902675,-87.805982,09/10/2023 06:26:00 PM,2023
CR00030046,06/17/2018 04:10:00 AM,40,CLEAR,DARKNESS - LIGHTED ROAD,REAR END,DIVIDED - W/MEDIAN BARRIER,TRAFFIC SIGNAL,DISREGARDING TRAFFIC SIGNALS,IMPROPER LANE USAGE,0,0,0,0,4,1,6,2178,63RD ST,41.986462,-87.687225,06/17/2018 04:56:00 AM,2018
CR00030047,09/09/2022 06:03:00 PM,40,RAIN,DARKNESS - LIGHTED ROAD,PARKED MOTOR VEHICLE,ONE-WAY,NO CONTROLS,UNABLE TO DETERMINE,IMPROPER OVERTAKING/PASSING,0,0,0,0,18,6,9,1996,CLARK ST,41.840073,-87.618857,09/09/2022 06:28:00 PM,2022
CR00030048,08/03/2021 01:57:00 PM,40,RAIN,DAYLIGHT,REAR END,DIVIDED - W/MEDIAN (NOT RAISED),STOP SIGN/FLASHER,FAILING TO YIELD RIGHT-OF-WAY,DISTRACTION - FROM INSIDE VEHICLE,0,0,3,3,13,3,8,2279,OGDEN AVE,41.79531,-87.597527,08/03/2021 02:01:00 PM,2021
CR00030049,05/04/2023 12:24:00 PM,35,CLEAR,DARKNESS - LIGHTED ROAD,PARKED MOTOR VEHICLE,NOT DIVIDED,UNKNOWN,FOLLOWING TOO CLOSELY,NOT APPLICABLE,0,0,0,0,12,5,5,593,OGDEN AVE,41.949207,-87.540234,05/04/2023 02:20:00 PM,2023
CR00030050,10/25/2020 08:22:00 PM,35,CLEAR,DARKNESS - LIGHTED ROAD,TURNING,DIVIDED - W/MEDIAN (NOT RAISED),STOP SIGN/FLASHER,FOLLOWING TOO CLOSELY,NOT APPLICABLE,0,0,0,0,20,1,10,1958,STONY ISLAND AVE,41.946995,-87.575553,10/25/2020 09:03:00 PM,2020
CR00030051,03/15/2020 08:50:00 PM,45,CLOUDY/OVERCAST,DARKNESS - LIGHTED ROAD,ANGLE,FOUR WAY,TRAFFIC SIGNAL,FOLLOWING TOO CLOSELY,NOT APPLICABLE,0,0,1,1,20,1,3,1981,63RD ST,41.75529,-87.51071,03/15/2020 09:56:00 PM,2020
CR00030052,02/02/2021 08:02:00 AM,45,CLEAR,DARKNESS - LIGHTED ROAD,REAR END,DIVIDED - W/MEDIAN BARRIER,STOP SIGN/FLASHER,UNABLE TO DETERMINE,FOLLOWING TOO CLOSELY,0,0,0,0,8,3,2,772,PULASKI RD,41.772875,-87.584439,02/02/2021 09:32:00 AM,2021
CR00030053,05/12/2017 06:08:00 PM,30,CLEAR,DAYLIGHT,ANGLE,FOUR WAY,TRAFFIC SIGNAL,DRIVING SKILLS/KNOWLEDGE/EXPERIENCE,NOT APPLICABLE,0,0,0,0,18,6,5,656,DAMEN AVE,41.84443,-87.617881,05/12/2017 06:59:00 PM,2017
CR00030054,05/14/2023 05:02:00 PM,35,CLEAR,DAYLIGHT,TURNING,NOT DIVIDED,STOP SIGN/FLASHER,IMPROPER OVERTAKING/PASSING,FOLLOWING TOO CLOSELY,0,0,0,0,17,1,5,1982,ASHLAND AVE,41.929599,-87.521022,05/14/2023 06:38:00 PM,2023
CR00030055,04/03/2021 02:21:00 PM,25,CLEAR,DAYLIGHT,PARKED MOTOR VEHICLE,DIVIDED - W/MEDIAN (NOT RAISED),TRAFFIC SIGNAL,IMPROPER OVERTAKING/PASSING,UNABLE TO DETERMINE,0,0,0,0,14,7,4,878,MILWAUKEE AVE,41.760222,-87.522411,04/03/2021 02:48:00 PM,2021
CR00030056,02/08/2019 02:31:00 PM,35,CLEAR,DARKNESS - LIGHTED ROAD,REAR END,NOT DIVIDED,TRAFFIC SIGNAL,UNABLE TO DETERMINE,UNABLE TO DETERMINE,0,0,1,1,14,6,2,1518,79TH ST,41.880019,-87.735012,02/08/2019 03:18:00 PM,2019
CR00030057,03/16/2020 06:19:00 PM,30,CLEAR,DAYLIGHT,TURNING,DIVIDED - W/MEDIAN BARRIER,NO CONTROLS,DISTRACTION - FROM INSIDE VEHICLE,NOT APPLICABLE,0,0,0,0,18,2,3,1524,47TH ST,41.785969,-87.645289,03/16/2020 07:48:00 PM,2020
CR00030058,02/15/2020 01:54:00 PM,20,CLEAR,DAYLIGHT,ANGLE,FOUR WAY,NO CONTROLS,UNABLE TO DETERMINE,FOLLOWING TOO CLOSELY,0,0,3,3,13,7,2,1834,63RD ST,41.937362,-87.555433,02/15/2020 03:40:00 PM,2020
CR00030059,07/13/2020 08:47:00 PM,40,SNOW,DAYLIGHT,TURNING,DIVIDED - W/MEDIAN BARRIER,TRAFFIC SIGNAL,UNABLE TO DETERMINE,FAILING TO YIELD RIGHT-OF-WAY,0,0,2,2,20,2,7,152,ROOSEVELT RD,41.748681,-87.555374,07/13/2020 09:00:00 PM,2020
CR00030060,05/01/2017 05:36:00 AM,35,FOG/SMOKE/HAZE,DAWN,SIDESWIPE SAME DIRECTION,FOUR WAY,NO CONTROLS,UNABLE TO DETERMINE,UNABLE TO DETERMINE,0,0,0,0,5,2,5,333,BROADWAY,41.776278,-87.732768,05/01/2017 05:52:00 AM,2017
CR00030061,03/23/2024 07:55:00 PM,30,CLEAR,DARKNESS - LIGHTED ROAD,PEDESTRIAN,NOT DIVIDED,STOP SIGN/FLASHER,IMPROPER OVERTAKING/PASSING,FAILING TO YIELD RIGHT-OF-WAY,0,0,0,0,19,7,3,2126,CLARK ST,41.98463,-87.518695,03/23/2024 08:01:00 PM,2024
CR00030062,10/22/2020 01:38:00 PM,35,CLEAR,DAYLIGHT,PARKED MOTOR VEHICLE,NOT DIVIDED,NO CONTROLS,UNABLE TO DETERMINE,UNABLE TO DETERMINE,0,0,1,1,13,5,10,1329,63RD ST,41.773357,-87.603763,10/22/2020 02:41:00 PM,2020
CR00030063,04/05/2020 05:40:00 PM,40,SNOW,DARKNESS - LIGHTED ROAD,TURNING,DIVIDED - W/MEDIAN (NOT RAISED),NO CONTROLS,UNABLE TO DETERMINE,NOT APPLICABLE,0,0,0,0,17,1,4,432,CICERO AVE,41.737796,-87.77206,04/05/2020 06:36:00 PM,2020
CR00030064,08/29/2024 10:43:00 PM,30,CLEAR,DAYLIGHT,ANGLE,NOT DIVIDED,TRAFFIC SIGNAL,FAILING TO YIELD RIGHT-OF-WAY,UNABLE TO DETERMINE,0,0,0,0,22,5,8,1636,CICERO AVE,41.901406,-87.572956,08/30/2024 12:32:00 AM,2024
CR00030065,11/04/2016 10:33:00 PM,35,CLEAR,DARKNESS - LIGHTED ROAD,TURNING,ONE-WAY,YIELD,IMPROPER LANE USAGE,FOLLOWING TOO CLOSELY,0,0,0,0,22,6,11,2383,STATE ST,41.751217,-87.58705,11/04/2016 11:33:00 PM,2016
CR00030066,05/23/2021 05:18:00 PM,15,CLEAR,DARKNESS,TURNING,ONE-WAY,TRAFFIC SIGNAL,IMPROPER LANE USAGE,DISTRACTION - FROM INSIDE VEHICLE,0,0,0,0,17,1,5,2276,ELSTON AVE,41.782721,-87.790875,05/23/2021 06:40:00 PM,2021
CR00030067,12/19/2017 02:25:00 PM,40,CLEAR,DARKNESS - LIGHTED ROAD,ANGLE,FOUR WAY,NO CONTROLS,WEATHER,UNABLE TO DETERMINE,0,0,0,0,14,3,12,1459,PULASKI RD,41.838373,-87.726103,12/19/2017 03:43:00 PM,2017
CR00030068,01/31/2020 08:50:00 AM,45,CLEAR,DAYLIGHT,PEDESTRIAN,ONE-WAY,NO CONTROLS,IMPROPER OVERTAKING/PASSING,FAILING TO REDUCE SPEED,0,0,0,0,8,6,1,2320,63RD ST,41.822069,-87.520587,01/31/2020 09:36:00 AM,2020
CR00030069,06/15/2022 03:35:00 PM,40,CLEAR,DAYLIGHT,PARKED MOTOR VEHICLE,NOT DIVIDED,UNKNOWN,UNABLE TO DETERMINE,FAILING TO YIELD RIGHT-OF-WAY,0,0,1,1,15,4,6,1009,ARCHER AVE,41.815387,-87.561433,06/15/2022 04:18:00 PM,2022
CR00030070,01/31/2024 04:36:00 PM,35,CLEAR,DAYLIGHT,SIDESWIPE SAME DIRECTION,NOT DIVIDED,TRAFFIC SIGNAL,WEATHER,DISREGARDING TRAFFIC SIGNALS,0,0,0,0,16,4,1,127,KEDZIE AVE,41.869284,-87.836512,01/31/2024 05:47:00 PM,2024
CR00030071,06/30/2023 08:54:00 AM,30,CLEAR,DAYLIGHT,REAR END,T-INTERSECTION,STOP SIGN/FLASHER,FAILING TO REDUCE SPEED,FOLLOWING TOO CLOSELY,0,0,0,0,8,6,6,712,79TH ST,41.729907,-87.845791,06/30/2023 10:26:00 AM,2023
CR00030072,02/22/2019 01:56:00 PM,30,CLEAR,DUSK,PARKED MOTOR VEHICLE,NOT DIVIDED,TRAFFIC SIGNAL,IMPROPER OVERTAKING/PASSING,IMPROPER LANE USAGE,0,0,1,1,13,6,2,2034,DIVISION ST,41.909165,-87.705893,02/22/2019 03:53:00 PM,2019
CR00030073,08/13/2022 05:47:00 AM,40,RAIN,DAYLIGHT,REAR TO FRONT,DIVIDED - W/MEDIAN (NOT RAISED),TRAFFIC SIGNAL,FOLLOWING TOO CLOSELY,DISTRACTION - FROM INSIDE VEHICLE,0,0,0,0,5,7,8,1999,DAMEN AVE,41.982824,-87.628165,08/13/2022 06:10:00 AM,2022
CR00030074,03/13/2021 12:44:00 PM,25,CLEAR,DARKNESS,ANGLE,NOT DIVIDED,TRAFFIC SIGNAL,DISTRACTION - FROM INSIDE VEHICLE,IMPROPER OVERTAKING/PASSING,0,0,0,0,12,7,3,2508,PULASKI RD,41.963754,-87.72764,03/13/2021 01:42:00 PM,2021
CR00030075,03/01/2016 02:08:00 AM,30,CLEAR,DAYLIGHT,PEDESTRIAN,DIVIDED - W/MEDIAN BARRIER,NO CONTROLS,FAILING TO REDUCE SPEED,UNABLE TO DETERMINE,0,0,0,0,2,3,3,2443,KEDZIE AVE,41.795061,-87.772079,03/01/2016 04:06:00 AM,2016
CR00030076,10/05/2024 10:54:00 AM,30,RAIN,DARKNESS - LIGHTED ROAD,REAR END,NOT DIVIDED,STOP SIGN/FLASHER,FAILING TO YIELD RIGHT-OF-WAY,UNABLE TO DETERMINE,0,0,0,0,10,7,10,1866,ASHLAND AVE,41.808762,-87.501378,10/05/2024 12:50:00 PM,2024
CR00030077,06/29/2020 05:51:00 PM,25,CLEAR,DAYLIGHT,PARKED MOTOR VEHICLE,DIVIDED - W/MEDIAN BARRIER,TRAFFIC SIGNAL,IMPROPER OVERTAKING/PASSING,UNABLE TO DETERMINE,0,0,0,0,17,2,6,399,WESTERN AVE,41.938959,-87.833443,06/29/2020 06:06:00 PM,2020
CR00030078,08/05/2020 08:16:00 PM,45,CLEAR,DAYLIGHT,SIDESWIPE SAME DIRECTION,NOT DIVIDED,NO CONTROLS,FAILING TO YIELD RIGHT-OF-WAY,DRIVING SKILLS/KNOWLEDGE/EXPERIENCE,0,0,1,1,20,4,8,2104,STONY ISLAND AVE,41.941427,-87.623082,08/05/2020 09:30:00 PM,2020
CR00030079,11/01/2024 11:09:00 AM,35,CLOUDY/OVERCAST,DARKNESS,ANGLE,DIVIDED - W/MEDIAN (NOT RAISED),TRAFFIC SIGNAL,UNABLE TO DETERMINE,FOLLOWING TOO CLOSELY,0,0,0,0,11,6,11,1634,CALIFORNIA AVE,41.881727,-87.836067,11/01/2024 01:07:00 PM,2024
CR00030080,08/29/2018 03:41:00 AM,25,SNOW,DAYLIGHT,ANGLE,DIVIDED - W/MEDIAN (NOT RAISED),NO CONTROLS,UNABLE TO DETERMINE,UNABLE TO DETERMINE,0,0,0,0,3,4,8,616,47TH ST,41.940719,-87.518159,08/29/2018 05:31:00 AM,2018
CR00030081,12/27/2018 05:34:00 AM,30,CLEAR,DARKNESS - LIGHTED ROAD,SIDESWIPE SAME DIRECTION,NOT DIVIDED,NO CONTROLS,UNABLE TO DETERMINE,FOLLOWING TOO CLOSELY,0,0,0,0,5,5,12,939,CLARK ST,41.961959,-87.544829,12/27/2018 07:11:00 AM,2018
CR00030082,05/19/2017 08:53:00 AM,30,CLOUDY/OVERCAST,DARKNESS,SIDESWIPE SAME DIRECTION,DIVIDED - W/MEDIAN (NOT RAISED),NO CONTROLS,IMPROPER OVERTAKING/PASSING,DRIVING SKILLS/KNOWLEDGE/EXPERIENCE,0,0,0,0,8,6,5,1408,47TH ST,41.795511,-87.646656,05/19/2017 09:56:00 AM,2017
CR00030083,03/22/2022 12:43:00 PM,30,CLEAR,DARKNESS - LIGHTED ROAD,PARKED MOTOR VEHICLE,NOT DIVIDED,NO CONTROLS,FOLLOWING TOO CLOSELY,UNABLE TO DETERMINE,0,0,1,1,12,3,3,1850,STONY ISLAND AVE,41.885287,-87.807083,03/22/2022 01:48:00 PM,2022
CR00030084,10/27/2017 09:13:00 AM,30,CLEAR,DAYLIGHT,TURNING,DIVIDED - W/MEDIAN BARRIER,TRAFFIC SIGNAL,IMPROPER LANE USAGE,IMPROPER LANE USAGE,0,0,0,0,9,6,10,1172,CLARK ST,41.973103,-87.572317,10/27/2017 09:45:00 AM,2017
CR00030085,10/03/2015 06:26:00 AM,40,RAIN,DAYLIGHT,SIDESWIPE SAME DIRECTION,NOT DIVIDED,TRAFFIC SIGNAL,IMPROPER LANE USAGE,DISTRACTION - FROM INSIDE VEHICLE,0,0,0,0,6,7,10,2305,ELSTON AVE,41.926342,-87.67137,10/03/2015 07:23:00 AM,2015
CR00030086,07/25/2023 03:03:00 PM,30,RAIN,DAYLIGHT,SIDESWIPE SAME DIRECTION,DIVIDED - W/MEDIAN (NOT RAISED),STOP SIGN/FLASHER,DISREGARDING TRAFFIC SIGNALS,IMPROPER LANE USAGE,0,0,0,0,15,3,7,1756,STONY ISLAND AVE,41.799548,-87.629891,07/25/2023 04:10:00 PM,2023
CR00030087,05/30/2020 03:41:00 AM,40,CLEAR,DAYLIGHT,SIDESWIPE SAME DIRECTION,NOT DIVIDED,STOP SIGN/FLASHER,FAILING TO YIELD RIGHT-OF-WAY,FAILING TO YIELD RIGHT-OF-WAY,0,0,0,0,3,7,5,407,CICERO AVE,41.992188,-87.751643,05/30/2020 04:31:00 AM,2020
CR00030088,09/18/2023 12:14:00 AM,15,CLEAR,DARKNESS - LIGHTED ROAD,REAR END,NOT DIVIDED,NO CONTROLS,FOLLOWING TOO CLOSELY,UNABLE TO DETERMINE,0,0,0,0,0,2,9,1150,47TH ST,41.906171,-87.605674,09/18/2023 01:00:00 AM,2023
CR00030089,04/03/2018 04:38:00 PM,30,CLEAR,DUSK,REAR END,ONE-WAY,TRAFFIC SIGNAL,IMPROPER LANE USAGE,NOT APPLICABLE,0,0,0,0,16,3,4,1031,OGDEN AVE,41.994855,-87.726879,04/03/2018 06:07:00 PM,2018
CR00030090,10/02/2020 09:49:00 AM,20,RAIN,DAYLIGHT,REAR END,NOT DIVIDED,NO CONTROLS,DISREGARDING TRAFFIC SIGNALS,NOT APPLICABLE,0,0,1,1,9,6,10,1111,OGDEN AVE,41.916987,-87.741474,10/02/2020 11:18:00 AM,2020
CR00030091,05/15/2017 08:02:00 AM,45,CLEAR,DAYLIGHT,REAR END,DIVIDED - W/MEDIAN (NOT RAISED),STOP SIGN/FLASHER,UNABLE TO DETERMINE,UNABLE TO DETERMINE,0,0,0,0,8,2,5,1962,WESTERN AVE,41.830805,-87.797077,05/15/2017 09:09:00 AM,2017
CR00030092,05/14/2023 08:30:00 AM,30,FREEZING RAIN/DRIZZLE,DAYLIGHT,PARKED MOTOR VEHICLE,NOT DIVIDED,STOP SIGN/FLASHER,DISTRACTION - FROM INSIDE VEHICLE,UNABLE TO DETERMINE,0,0,0,0,8,1,5,1136,79TH ST,41.901217,-87.700378,05/14/2023 09:42:00 AM,2023
CR00030093,08/23/2021 08:36:00 AM,40,CLEAR,DAYLIGHT,ANGLE,NOT DIVIDED,STOP SIGN/FLASHER,UNABLE TO DETERMINE,UNABLE TO DETERMINE,0,0,0,0,8,2,8,1562,FULLERTON AVE,41.971595,-87.662372,08/23/2021 09:43:00 AM,2021
CR00030094,08/28/2017 07:08:00 PM,30,CLEAR,DAYLIGHT,REAR END,DIVIDED - W/MEDIAN (NOT RAISED),TRAFFIC SIGNAL,UNABLE TO DETERMINE,FOLLOWING TOO CLOSELY,0,0,0,0,19,2,8,1467,DAMEN AVE,41.729241,-87.512248,08/28/2017 07:33:00 PM,2017
CR00030095,09/04/2024 06:16:00 PM,30,RAIN,DAYLIGHT,PARKED MOTOR VEHICLE,NOT DIVIDED,NO CONTROLS,UNABLE TO DETERMINE,UNABLE TO DETERMINE,0,0,0,0,18,4,9,1887,DIVISION ST,41.907048,-87.849338,09/04/2024 06:29:00 PM,2024
CR00030096,03/08/2017 08:17:00 AM,40,FREEZING RAIN/DRIZZLE,DAYLIGHT,PEDESTRIAN,NOT DIVIDED,TRAFFIC SIGNAL,DRIVING SKILLS/KNOWLEDGE/EXPERIENCE,UNABLE TO DETERMINE,0,0,0,0,8,4,3,1389,STATE ST,41.984914,-87.676208,03/08/2017 09:25:00 AM,2017
CR00030097,09/19/2023 12:17:00 PM,30,CLEAR,DAYLIGHT,REAR END,NOT DIVIDED,STOP SIGN/FLASHER,UNABLE TO DETERMINE,DISTRACTION - FROM INSIDE VEHICLE,0,0,0,0,12,3,9,1130,47TH ST,41.70797,-87.787492,09/19/2023 01:04:00 PM,2023
CR00030098,08/28/2020 08:45:00 PM,35,SNOW,DAYLIGHT,REAR END,T-INTERSECTION,NO CONTROLS,WEATHER,FOLLOWING TOO CLOSELY,0,0,0,0,20,6,8,517,47TH ST,41.894091,-87.577235,08/28/2020 09:41:00 PM,2020
CR00030099,04/06/2023 10:58:00 AM,40,CLEAR,DARKNESS - LIGHTED ROAD,REAR END,DIVIDED - W/MEDIAN BARRIER,TRAFFIC SIGNAL,DISTRACTION - FROM INSIDE VEHICLE,IMPROPER OVERTAKING/PASSING,0,0,1,1,10,5,4,393,MICHIGAN AVE,41.850942,-87.798972,04/06/2023 12:16:00 PM,2023
CR00030100,04/06/2016 09:02:00 PM,20,CLEAR,DARKNESS,FIXED OBJECT,DIVIDED - W/MEDIAN (NOT RAISED),TRAFFIC SIGNAL,DISREGARDING TRAFFIC SIGNALS,IMPROPER LANE USAGE,0,0,1,1,21,4,4,450,LAKE SHORE DR,41.928218,-87.636501,04/06/2016 10:28:00 PM,2016
CR00030101,04/02/2018 07:44:00 AM,35,FOG/SMOKE/HAZE,DAYLIGHT,TURNING,FOUR WAY,NO CONTROLS,FAILING TO YIELD RIGHT-OF-WAY,UNABLE TO DETERMINE,0,0,1,1,7,2,4,125,63RD ST,41.976991,-87.564676,04/02/2018 09:07:00 AM,2018
CR00030102,05/26/2023 10:19:00 AM,40,SNOW,DAYLIGHT,PEDESTRIAN,FOUR WAY,TRAFFIC SIGNAL,UNABLE TO DETERMINE,DISTRACTION - FROM INSIDE VEHICLE,0,0,0,0,10,6,5,2266,IRVING PARK RD,41.806891,-87.79516,05/26/2023 11:34:00 AM,2023
CR00030103,08/21/2015 07:14:00 AM,20,FOG/SMOKE/HAZE,DAYLIGHT,REAR TO FRONT,DIVIDED - W/MEDIAN (NOT RAISED),NO CONTROLS,FOLLOWING TOO CLOSELY,DISTRACTION - FROM INSIDE VEHICLE,0,0,0,0,7,6,8,2022,IRVING PARK RD,41.970347,-87.752197,08/21/2015 08:53:00 AM,2015
CR00030104,06/27/2018 06:30:00 PM,15,CLEAR,DAYLIGHT,TURNING,NOT DIVIDED,NO CONTROLS,DRIVING SKILLS/KNOWLEDGE/EXPERIENCE,WEATHER,0,0,0,0,18,4,6,1343,OGDEN AVE,41.841549,-87.530183,06/27/2018 06:43:00 PM,2018
CR00030105,07/08/2016 08:12:00 AM,30,CLEAR,DAYLIGHT,REAR END,NOT DIVIDED,TRAFFIC SIGNAL,FAILING TO YIELD RIGHT-OF-WAY,NOT APPLICABLE,0,0,0,0,8,6,7,2207,BROADWAY,41.979176,-87.733222,07/08/2016 08:59:00 AM,2016
CR00030106,01/24/2015 06:24:00 PM,20,RAIN,DAYLIGHT,SIDESWIPE SAME DIRECTION,ONE-WAY,NO CONTROLS,FAILING TO YIELD RIGHT-OF-WAY,NOT APPLICABLE,0,0,0,0,18,7,1,951,WESTERN AVE,41.873528,-87.802275,01/24/2015 06:38:00 PM,2015
CR00030107,07/11/2019 02:23:00 AM,20,CLEAR,DAYLIGHT,REAR END,FOUR WAY,NO CONTROLS,UNABLE TO DETERMINE,NOT APPLICABLE,0,0,0,0,2,5,7,328,CLARK ST,41.871949,-87.803105,07/11/2019 03:43:00 AM,2019
CR00030108,07/16/2021 04:23:00 AM,35,CLEAR,DARKNESS - LIGHTED ROAD,ANGLE,DIVIDED - W/MEDIAN BARRIER,NO CONTROLS,IMPROPER OVERTAKING/PASSING,UNABLE TO DETERMINE,0,0,1,1,4,6,7,102,MILWAUKEE AVE,41.938146,-87.780635,07/16/2021 06:10:00 AM,2021
CR00030109,04/16/2020 12:11:00 PM,35,FOG/SMOKE/HAZE,DAYLIGHT,TURNING,DIVIDED - W/MEDIAN (NOT RAISED),NO CONTROLS,FOLLOWING TOO CLOSELY,FAILING TO REDUCE SPEED,0,0,0,0,12,5,4,2464,CICERO AVE,41.987886,-87.545009,04/16/2020 01:33:00 PM,2020
CR00030110,02/19/2015 05:24:00 PM,35,CLEAR,DAYLIGHT,TURNING,DIVIDED - W/MEDIAN (NOT RAISED),NO CONTROLS,FAILING TO YIELD RIGHT-OF-WAY,FAILING TO REDUCE SPEED,0,0,0,0,17,5,2,1141,DIVISION ST,41.811174,-87.817566,02/19/2015 05:42:00 PM,2015
CR00030111,03/23/2017 05:53:00 AM,30,CLEAR,DAYLIGHT,REAR END,NOT DIVIDED,NO CONTROLS,FAILING TO YIELD RIGHT-OF-WAY,UNABLE TO DETERMINE,0,0,2,2,5,5,3,912,PULASKI RD,41.708919,-87.558851,03/23/2017 06:46:00 AM,2017
CR00030112,12/25/2016 02:51:00 PM,30,CLEAR,DARKNESS - LIGHTED ROAD,REAR TO FRONT,NOT DIVIDED,UNKNOWN,IMPROPER OVERTAKING/PASSING,DISTRACTION - FROM INSIDE VEHICLE,0,0,0,0,14,1,12,2524,ASHLAND AVE,41.904035,-87.771829,12/25/2016 03:18:00 PM,2016
CR00030113,09/15/2017 03:49:00 PM,30,CLEAR,DARKNESS - LIGHTED ROAD,SIDESWIPE SAME DIRECTION,T-INTERSECTION,TRAFFIC SIGNAL,UNABLE TO DETERMINE,FAILING TO YIELD RIGHT-OF-WAY,0,0,0,0,15,6,9,1148,OGDEN AVE,41.708086,-87.840866,09/15/2017 05:16:00 PM,2017
CR00030114,07/20/2018 08:19:00 AM,15,CLEAR,DAYLIGHT,ANGLE,DIVIDED - W/MEDIAN (NOT RAISED),NO CONTROLS,FOLLOWING TOO CLOSELY,DISTRACTION - FROM INSIDE VEHICLE,0,0,0,0,8,6,7,1069,DAMEN AVE,41.908787,-87.849261,07/20/2018 10:19:00 AM,2018
CR00030115,08/04/2017 08:21:00 AM,30,SNOW,DAYLIGHT,REAR TO FRONT,DIVIDED - W/MEDIAN (NOT RAISED),TRAFFIC SIGNAL,IMPROPER LANE USAGE,UNABLE TO DETERMINE,0,0,0,0,8,6,8,232,WESTERN AVE,41.975095,-87.602519,08/04/2017 09:14:00 AM,2017
CR00030116,11/17/2020 11:19:00 AM,35,CLEAR,DAYLIGHT,REAR TO FRONT,DIVIDED - W/MEDIAN (NOT RAISED),NO CONTROLS,UNABLE TO DETERMINE,FAILING TO YIELD RIGHT-OF-WAY,0,0,0,0,11,3,11,2065,ARCHER AVE,41.978178,-87.509682,11/17/2020 11:55:00 AM,2020