CRASH_RECORD_ID,CRASH_DATE,POSTED_SPEED_LIMIT,WEATHER_CONDITION,LIGHTING_CONDITION,FIRST_CRASH_TYPE,TRAFFICWAY_TYPE,TRAFFIC_CONTROL_DEVICE,PRIM_CONTRIBUTORY_CAUSE,SEC_CONTRIBUTORY_CAUSE,INJURIES_FATAL,INJURIES_INCAPACITATING,INJURIES_NON_INCAPACITATING,INJURIES_TOTAL,CRASH_HOUR,CRASH_DAY_OF_WEEK,CRASH_MONTH,BEAT_OF_OCCURRENCE,STREET_NAME,LATITUDE,LONGITUDE,DATE_POLICE_NOTIFIED,year
CR00030117,03/24/2021 10:21:00 AM,35,CLEAR,DAYLIGHT,ANGLE,ONE-WAY,TRAFFIC SIGNAL,FAILING TO REDUCE SPEED,NOT APPLICABLE,0,0,0,0,10,4,3,2045,IRVING PARK RD,41.761666,-87.602293,03/24/2021 11:42:00 AM,2021
CR00030118,05/02/2024 11:15:00 AM,25,CLOUDY/OVERCAST,DAYLIGHT,SIDESWIPE SAME DIRECTION,NOT DIVIDED,NO CONTROLS,FOLLOWING TOO CLOSELY,FOLLOWING TOO CLOSELY,0,0,0,0,11,5,5,1576,STONY ISLAND AVE,41.973897,-87.621678,05/02/2024 12:42:00 PM,2024
CR00030119,01/12/2021 12:33:00 PM,35,RAIN,DAYLIGHT,REAR END,DIVIDED - W/MEDIAN BARRIER,NO CONTROLS,WEATHER,DISTRACTION - FROM INSIDE VEHICLE,0,0,0,0,12,3,1,234,ROOSEVELT RD,41.756933,-87.532396,01/12/2021 02:08:00 PM,2021
CR00030120,05/26/2021 08:01:00 AM,30,CLEAR,DARKNESS - LIGHTED ROAD,SIDESWIPE SAME DIRECTION,ONE-WAY,STOP SIGN/FLASHER,DRIVING SKILLS/KNOWLEDGE/EXPERIENCE,IMPROPER OVERTAKING/PASSING,0,0,0,0,8,4,5,388,IRVING PARK RD,41.910796,-87.670901,05/26/2021 09:35:00 AM,2021
CR00030121,01/17/2017 06:06:00 PM,30,CLEAR,DAYLIGHT,PEDESTRIAN,NOT DIVIDED,UNKNOWN,FAILING TO YIELD RIGHT-OF-WAY,UNABLE TO DETERMINE,0,0,0,0,18,3,1,455,DAMEN AVE,41.943131,-87.600605,01/17/2017 07:01:00 PM,2017
CR00030122,07/29/2024 07:38:00 AM,30,CLEAR,DAYLIGHT,SIDESWIPE SAME DIRECTION,DIVIDED - W/MEDIAN BARRIER,TRAFFIC SIGNAL,UNABLE TO DETERMINE,IMPROPER LANE USAGE,0,0,0,0,7,2,7,1704,IRVING PARK RD,41.778072,-87.621535,07/29/2024 09:15:00 AM,2024
CR00030123,10/12/2023 03:41:00 AM,30,CLEAR,DARKNESS,ANGLE,NOT DIVIDED,STOP SIGN/FLASHER,FOLLOWING TOO CLOSELY,UNABLE TO DETERMINE,0,0,0,0,3,5,10,1138,ARCHER AVE,41.947023,-87.668917,10/12/2023 05:08:00 AM,2023
CR00030124,06/17/2016 03:58:00 PM,30,CLEAR,DAWN,REAR TO FRONT,FOUR WAY,NO CONTROLS,DISREGARDING TRAFFIC SIGNALS,DISREGARDING TRAFFIC SIGNALS,0,0,0,0,15,6,6,1242,ELSTON AVE,41.792151,-87.802373,06/17/2016 04:49:00 PM,2016
CR00030125,03/13/2015 12:32:00 PM,20,RAIN,DARKNESS - LIGHTED ROAD,PARKED MOTOR VEHICLE,FOUR WAY,STOP SIGN/FLASHER,IMPROPER OVERTAKING/PASSING,FOLLOWING TOO CLOSELY,0,0,0,0,12,6,3,1662,MILWAUKEE AVE,41.732219,-87.518874,03/13/2015 01:23:00 PM,2015
CR00030126,12/12/2016 03:21:00 AM,35,CLEAR,DARKNESS - LIGHTED ROAD,REAR END,NOT DIVIDED,NO CONTROLS,DISREGARDING TRAFFIC SIGNALS,FAILING TO YIELD RIGHT-OF-WAY,0,0,0,0,3,2,12,330,IRVING PARK RD,41.867849,-87.835693,12/12/2016 04:54:00 AM,2016
CR00030127,07/15/2020 05:06:00 PM,15,CLEAR,DARKNESS,REAR END,NOT DIVIDED,NO CONTROLS,FAILING TO YIELD RIGHT-OF-WAY,DISTRACTION - FROM INSIDE VEHICLE,0,0,0,0,17,4,7,1724,79TH ST,41.70596,-87.624576,07/15/2020 05:42:00 PM,2020
CR00030128,05/10/2023 10:40:00 AM,20,CLEAR,DAYLIGHT,REAR END,NOT DIVIDED,STOP SIGN/FLASHER,UNABLE TO DETERMINE,NOT APPLICABLE,0,0,0,0,10,4,5,611,LAKE SHORE DR,41.849092,-87.754541,05/10/2023 11:56:00 AM,2023
CR00030129,12/06/2020 10:15:00 PM,35,CLEAR,DAYLIGHT,FIXED OBJECT,ONE-WAY,STOP SIGN/FLASHER,UNABLE TO DETERMINE,NOT APPLICABLE,0,0,1,1,22,1,12,1217,ROOSEVELT RD,41.893119,-87.654184,12/06/2020 11:51:00 PM,2020
CR00030130,08/07/2019 10:42:00 PM,35,CLEAR,DAYLIGHT,SIDESWIPE SAME DIRECTION,NOT DIVIDED,NO CONTROLS,WEATHER,IMPROPER LANE USAGE,0,0,1,1,22,4,8,1916,WESTERN AVE,41.897928,-87.503405,08/08/2019 12:14:00 AM,2019
CR00030131,02/22/2015 09:09:00 PM,35,CLEAR,DARKNESS - LIGHTED ROAD,ANGLE,DIVIDED - W/MEDIAN (NOT RAISED),TRAFFIC SIGNAL,DISTRACTION - FROM INSIDE VEHICLE,FOLLOWING TOO CLOSELY,0,0,0,0,21,1,2,1453,OGDEN AVE,41.933373,-87.762822,02/22/2015 09:59:00 PM,2015
CR00030132,10/14/2023 11:34:00 PM,30,CLOUDY/OVERCAST,DARKNESS,PARKED MOTOR VEHICLE,NOT DIVIDED,UNKNOWN,UNABLE TO DETERMINE,UNABLE TO DETERMINE,0,0,0,0,23,7,10,1204,PULASKI RD,41.966723,-87.840904,10/15/2023 12:14:00 AM,2023
CR00030133,03/10/2017 12:53:00 PM,25,CLOUDY/OVERCAST,DARKNESS - LIGHTED ROAD,REAR END,NOT DIVIDED,NO CONTROLS,FOLLOWING TOO CLOSELY,UNABLE TO DETERMINE,0,0,1,1,12,6,3,960,ASHLAND AVE,41.768417,-87.567629,03/10/2017 02:06:00 PM,2017
CR00030134,01/06/2023 09:13:00 AM,30,CLEAR,DARKNESS - LIGHTED ROAD,REAR END,DIVIDED - W/MEDIAN (NOT RAISED),NO CONTROLS,UNABLE TO DETERMINE,FOLLOWING TOO CLOSELY,0,0,0,0,9,6,1,1587,ROOSEVELT RD,41.913285,-87.630944,01/06/2023 10:42:00 AM,2023
CR00030135,09/01/2015 07:26:00 AM,30,CLEAR,DARKNESS - LIGHTED ROAD,TURNING,NOT DIVIDED,TRAFFIC SIGNAL,UNABLE TO DETERMINE,DRIVING SKILLS/KNOWLEDGE/EXPERIENCE,0,0,0,0,7,3,9,455,63RD ST,41.85427,-87.79387,09/01/2015 07:29:00 AM,2015
CR00030136,01/01/2016 08:44:00 PM,30,CLEAR,DAYLIGHT,TURNING,NOT DIVIDED,NO CONTROLS,UNABLE TO DETERMINE,FOLLOWING TOO CLOSELY,0,0,0,0,20,6,1,871,47TH ST,41.975565,-87.713554,01/01/2016 10:01:00 PM,2016
CR00030137,04/25/2022 01:29:00 AM,30,CLEAR,DARKNESS - LIGHTED ROAD,ANGLE,NOT DIVIDED,NO CONTROLS,DISREGARDING TRAFFIC SIGNALS,FOLLOWING TOO CLOSELY,0,0,0,0,1,2,4,1563,DAMEN AVE,41.835381,-87.628652,04/25/2022 03:18:00 AM,2022
CR00030138,02/04/2016 07:59:00 AM,15,CLEAR,DAYLIGHT,SIDESWIPE SAME DIRECTION,ONE-WAY,STOP SIGN/FLASHER,DRIVING SKILLS/KNOWLEDGE/EXPERIENCE,FAILING TO YIELD RIGHT-OF-WAY,0,0,0,0,7,5,2,2476,OGDEN AVE,41.988853,-87.509133,02/04/2016 09:28:00 AM,2016
CR00030139,03/13/2018 01:43:00 PM,40,CLOUDY/OVERCAST,DAYLIGHT,REAR TO FRONT,DIVIDED - W/MEDIAN (NOT RAISED),NO CONTROLS,IMPROPER OVERTAKING/PASSING,FOLLOWING TOO CLOSELY,0,0,0,0,13,3,3,1192,ARCHER AVE,41.817644,-87.811929,03/13/2018 02:03:00 PM,2018
CR00030140,07/13/2024 07:48:00 AM,30,CLEAR,DAYLIGHT,SIDESWIPE SAME DIRECTION,NOT DIVIDED,NO CONTROLS,FAILING TO YIELD RIGHT-OF-WAY,UNABLE TO DETERMINE,0,0,0,0,7,7,7,1317,PULASKI RD,41.737144,-87.694586,07/13/2024 08:57:00 AM,2024
CR00030141,02/11/2022 03:05:00 PM,25,SNOW,DARKNESS,TURNING,NOT DIVIDED,TRAFFIC SIGNAL,UNABLE TO DETERMINE,DISTRACTION - FROM INSIDE VEHICLE,0,0,0,0,15,6,2,1361,LAKE SHORE DR,41.955412,-87.702524,02/11/2022 03:23:00 PM,2022
CR00030142,04/20/2020 12:46:00 AM,35,RAIN,DAYLIGHT,TURNING,NOT DIVIDED,STOP SIGN/FLASHER,FAILING TO REDUCE SPEED,DRIVING SKILLS/KNOWLEDGE/EXPERIENCE,0,0,0,0,0,2,4,913,79TH ST,41.818078,-87.64223,04/20/2020 01:16:00 AM,2020
CR00030143,06/21/2024 05:38:00 PM,45,RAIN,DARKNESS,PARKED MOTOR VEHICLE,ONE-WAY,TRAFFIC SIGNAL,UNABLE TO DETERMINE,FAILING TO REDUCE SPEED,0,0,3,3,17,6,6,741,DIVISION ST,41.707589,-87.540382,06/21/2024 07:24:00 PM,2024
CR00030144,03/12/2016 11:33:00 AM,35,RAIN,DUSK,SIDESWIPE SAME DIRECTION,NOT DIVIDED,NO CONTROLS,DISREGARDING TRAFFIC SIGNALS,DISTRACTION - FROM INSIDE VEHICLE,0,0,0,0,11,7,3,1750,OGDEN AVE,41.952856,-87.576696,03/12/2016 11:59:00 AM,2016
CR00030145,08/13/2023 07:01:00 PM,30,CLEAR,DARKNESS - LIGHTED ROAD,SIDESWIPE SAME DIRECTION,DIVIDED - W/MEDIAN (NOT RAISED),NO CONTROLS,UNABLE TO DETERMINE,DRIVING SKILLS/KNOWLEDGE/EXPERIENCE,0,0,0,0,19,1,8,1377,DIVISION ST,41.944011,-87.538918,08/13/2023 08:37:00 PM,2023
CR00030146,05/06/2022 08:05:00 PM,30,FREEZING RAIN/DRIZZLE,DARKNESS - LIGHTED ROAD,REAR END,FOUR WAY,TRAFFIC SIGNAL,IMPROPER OVERTAKING/PASSING,UNABLE TO DETERMINE,0,0,0,0,20,6,5,580,LAKE SHORE DR,41.98943,-87.502748,05/06/2022 09:08:00 PM,2022
CR00030147,02/12/2015 09:17:00 AM,45,CLEAR,DARKNESS - LIGHTED ROAD,ANGLE,FOUR WAY,NO CONTROLS,FOLLOWING TOO CLOSELY,FOLLOWING TOO CLOSELY,0,0,0,0,9,5,2,1908,63RD ST,41.877605,-87.824634,02/12/2015 09:23:00 AM,2015
CR00030148,10/13/2017 08:00:00 AM,40,CLEAR,DARKNESS,TURNING,FOUR WAY,NO CONTROLS,WEATHER,FAILING TO YIELD RIGHT-OF-WAY,0,0,0,0,8,6,10,1432,CICERO AVE,41.716606,-87.552154,10/13/2017 09:18:00 AM,2017
CR00030149,12/18/2022 07:26:00 AM,20,CLEAR,DAYLIGHT,REAR END,DIVIDED - W/MEDIAN (NOT RAISED),TRAFFIC SIGNAL,DISTRACTION - FROM INSIDE VEHICLE,FAILING TO REDUCE SPEED,0,2,3,5,7,1,12,912,ROOSEVELT RD,41.838507,-87.684065,12/18/2022 08:49:00 AM,2022
CR00030150,06/02/2017 08:49:00 AM,45,CLEAR,DAYLIGHT,ANGLE,FOUR WAY,NO CONTROLS,DISREGARDING TRAFFIC SIGNALS,UNABLE TO DETERMINE,0,0,1,1,8,6,6,2269,ARCHER AVE,41.739056,-87.568398,06/02/2017 09:16:00 AM,2017
CR00030151,11/20/2015 03:26:00 PM,35,CLEAR,DAYLIGHT,FIXED OBJECT,NOT DIVIDED,NO CONTROLS,FOLLOWING TOO CLOSELY,FAILING TO YIELD RIGHT-OF-WAY,0,0,0,0,15,6,11,1484,ASHLAND AVE,41.944671,-87.672425,11/20/2015 03:51:00 PM,2015
CR00030152,12/24/2023 04:11:00 PM,30,CLEAR,DAYLIGHT,REAR END,DIVIDED - W/MEDIAN BARRIER,UNKNOWN,UNABLE TO DETERMINE,UNABLE TO DETERMINE,0,0,1,1,16,1,12,1689,STATE ST,41.978296,-87.58709,12/24/2023 04:25:00 PM,2023
CR00030153,03/05/2015 08:42:00 AM,30,CLEAR,DARKNESS - LIGHTED ROAD,TURNING,NOT DIVIDED,TRAFFIC SIGNAL,FAILING TO YIELD RIGHT-OF-WAY,IMPROPER LANE USAGE,0,0,0,0,8,5,3,673,IRVING PARK RD,41.872523,-87.746512,03/05/2015 09:26:00 AM,2015
CR00030154,09/07/2020 05:41:00 AM,45,FOG/SMOKE/HAZE,DAYLIGHT,SIDESWIPE SAME DIRECTION,NOT DIVIDED,STOP SIGN/FLASHER,IMPROPER LANE USAGE,FOLLOWING TOO CLOSELY,0,0,0,0,5,2,9,1608,STATE ST,41.75333,-87.62877,09/07/2020 06:31:00 AM,2020
CR00030155,04/30/2018 10:11:00 AM,40,CLEAR,DAYLIGHT,REAR END,FOUR WAY,STOP SIGN/FLASHER,FAILING TO REDUCE SPEED,IMPROPER OVERTAKING/PASSING,0,0,0,0,10,2,4,783,47TH ST,41.764275,-87.843596,04/30/2018 10:42:00 AM,2018
CR00030156,02/09/2015 07:34:00 PM,35,CLEAR,DAYLIGHT,PARKED MOTOR VEHICLE,ONE-WAY,TRAFFIC SIGNAL,DRIVING SKILLS/KNOWLEDGE/EXPERIENCE,DISTRACTION - FROM INSIDE VEHICLE,0,0,0,0,19,2,2,1406,DAMEN AVE,41.878767,-87.813592,02/09/2015 08:06:00 PM,2015
CR00030157,04/04/2020 03:57:00 PM,40,CLEAR,DAYLIGHT,TURNING,DIVIDED - W/MEDIAN (NOT RAISED),TRAFFIC SIGNAL,UNABLE TO DETERMINE,UNABLE TO DETERMINE,0,0,0,0,15,7,4,1935,79TH ST,41.893917,-87.618854,04/04/2020 04:16:00 PM,2020
CR00030158,09/21/2021 04:30:00 PM,45,FOG/SMOKE/HAZE,DARKNESS - LIGHTED ROAD,TURNING,DIVIDED - W/MEDIAN BARRIER,NO CONTROLS,FOLLOWING TOO CLOSELY,IMPROPER OVERTAKING/PASSING,0,0,0,0,16,3,9,874,STONY ISLAND AVE,41.976719,-87.823876,09/21/2021 05:54:00 PM,2021
CR00030159,01/04/2022 08:32:00 AM,35,CLEAR,DARKNESS - LIGHTED ROAD,ANGLE,T-INTERSECTION,PEDESTRIAN CROSSING SIGN,IMPROPER OVERTAKING/PASSING,DISTRACTION - FROM INSIDE VEHICLE,0,2,0,2,8,3,1,2505,ROOSEVELT RD,41.733767,-87.848733,01/04/2022 10:02:00 AM,2022
CR00030160,01/03/2023 04:09:00 PM,20,CLEAR,DAYLIGHT,TURNING,NOT DIVIDED,TRAFFIC SIGNAL,IMPROPER OVERTAKING/PASSING,DRIVING SKILLS/KNOWLEDGE/EXPERIENCE,0,0,0,0,16,3,1,1668,ELSTON AVE,41.805207,-87.589789,01/03/2023 05:11:00 PM,2023
CR00030161,12/10/2018 08:01:00 AM,30,CLEAR,DAYLIGHT,REAR END,NOT DIVIDED,NO CONTROLS,FOLLOWING TOO CLOSELY,UNABLE TO DETERMINE,0,0,0,0,8,2,12,558,PULASKI RD,41.976251,-87.810434,12/10/2018 08:48:00 AM,2018
CR00030162,08/31/2024 03:28:00 PM,35,FREEZING RAIN/DRIZZLE,DARKNESS - LIGHTED ROAD,PARKED MOTOR VEHICLE,FOUR WAY,NO CONTROLS,DISREGARDING TRAFFIC SIGNALS,UNABLE TO DETERMINE,0,0,0,0,15,7,8,1196,OGDEN AVE,41.998779,-87.778681,08/31/2024 03:34:00 PM,2024
CR00030163,12/05/2016 05:26:00 PM,30,CLEAR,DAYLIGHT,REAR END,DIVIDED - W/MEDIAN (NOT RAISED),NO CONTROLS,FOLLOWING TOO CLOSELY,UNABLE TO DETERMINE,0,0,0,0,17,2,12,304,DIVISION ST,41.72882,-87.804247,12/05/2016 07:07:00 PM,2016
CR00030164,05/27/2020 03:57:00 PM,35,CLEAR,DAYLIGHT,SIDESWIPE SAME DIRECTION,T-INTERSECTION,NO CONTROLS,FAILING TO YIELD RIGHT-OF-WAY,IMPROPER LANE USAGE,0,0,2,2,15,4,5,2485,MICHIGAN AVE,41.89769,-87.814334,05/27/2020 05:28:00 PM,2020
CR00030165,07/15/2017 05:55:00 PM,35,CLEAR,DARKNESS,PARKED MOTOR VEHICLE,DIVIDED - W/MEDIAN BARRIER,STOP SIGN/FLASHER,FOLLOWING TOO CLOSELY,UNABLE TO DETERMINE,0,0,0,0,17,7,7,2168,MICHIGAN AVE,41.767719,-87.504627,07/15/2017 06:24:00 PM,2017
CR00030166,01/07/2016 11:10:00 AM,25,CLEAR,DAYLIGHT,REAR END,NOT DIVIDED,STOP SIGN/FLASHER,FAILING TO REDUCE SPEED,NOT APPLICABLE,0,0,0,0,11,5,1,975,MICHIGAN AVE,41.89279,-87.677317,01/07/2016 12:23:00 PM,2016
CR00030167,10/07/2022 05:16:00 PM,40,SNOW,DARKNESS - LIGHTED ROAD,TURNING,NOT DIVIDED,NO CONTROLS,FAILING TO YIELD RIGHT-OF-WAY,FAILING TO YIELD RIGHT-OF-WAY,0,0,0,0,17,6,10,1241,WESTERN AVE,41.891167,-87.739683,10/07/2022 07:06:00 PM,2022
CR00030168,06/24/2020 06:54:00 PM,15,RAIN,DAYLIGHT,PARKED MOTOR VEHICLE,DIVIDED - W/MEDIAN BARRIER,TRAFFIC SIGNAL,IMPROPER OVERTAKING/PASSING,NOT APPLICABLE,0,0,0,0,18,4,6,2434,FULLERTON AVE,41.881167,-87.685555,06/24/2020 07:24:00 PM,2020
CR00030169,10/23/2022 10:47:00 AM,30,CLEAR,DARKNESS - LIGHTED ROAD,REAR END,DIVIDED - W/MEDIAN (NOT RAISED),NO CONTROLS,WEATHER,WEATHER,0,0,0,0,10,1,10,1310,ARCHER AVE,41.853915,-87.784908,10/23/2022 12:11:00 PM,2022
CR00030170,04/02/2022 06:44:00 PM,35,CLEAR,DAYLIGHT,REAR END,T-INTERSECTION,NO CONTROLS,IMPROPER LANE USAGE,UNABLE TO DETERMINE,0,0,0,0,18,7,4,816,OGDEN AVE,41.706971,-87.531942,04/02/2022 07:19:00 PM,2022
CR00030171,07/25/2019 09:44:00 AM,20,SNOW,DAYLIGHT,PARKED MOTOR VEHICLE,DIVIDED - W/MEDIAN (NOT RAISED),PEDESTRIAN CROSSING SIGN,IMPROPER OVERTAKING/PASSING,FOLLOWING TOO CLOSELY,0,0,0,0,9,5,7,876,STONY ISLAND AVE,41.713548,-87.763169,07/25/2019 10:46:00 AM,2019
CR00030172,05/12/2017 03:45:00 AM,35,CLEAR,DAYLIGHT,PARKED MOTOR VEHICLE,NOT DIVIDED,NO CONTROLS,FOLLOWING TOO CLOSELY,UNABLE TO DETERMINE,0,0,1,1,3,6,5,685,ARCHER AVE,41.938279,-87.53644,05/12/2017 03:48:00 AM,2017
CR00030173,08/23/2021 12:24:00 PM,35,CLOUDY/OVERCAST,DARKNESS - LIGHTED ROAD,SIDESWIPE SAME DIRECTION,FOUR WAY,TRAFFIC SIGNAL,UNABLE TO DETERMINE,DRIVING SKILLS/KNOWLEDGE/EXPERIENCE,0,0,3,3,12,2,8,418,LAKE SHORE DR,41.916447,-87.542925,08/23/2021 02:17:00 PM,2021
CR00030174,07/11/2021 02:20:00 AM,20,CLEAR,DAYLIGHT,TURNING,DIVIDED - W/MEDIAN BARRIER,NO CONTROLS,FOLLOWING TOO CLOSELY,FOLLOWING TOO CLOSELY,0,0,0,0,2,1,7,1432,CICERO AVE,41.843602,-87.576605,07/11/2021 03:06:00 AM,2021
CR00030175,07/25/2017 08:02:00 AM,35,RAIN,DAYLIGHT,REAR END,NOT DIVIDED,UNKNOWN,FAILING TO REDUCE SPEED,NOT APPLICABLE,0,0,1,1,8,3,7,665,OGDEN AVE,41.868175,-87.663505,07/25/2017 09:15:00 AM,2017
CR00030176,12/09/2024 05:11:00 AM,15,CLEAR,DAYLIGHT,SIDESWIPE SAME DIRECTION,NOT DIVIDED,NO CONTROLS,IMPROPER OVERTAKING/PASSING,FOLLOWING TOO CLOSELY,0,0,0,0,5,2,12,2445,LAKE SHORE DR,41.990259,-87.505303,12/09/2024 05:17:00 AM,2024
CR00030177,01/03/2024 12:50:00 AM,35,CLEAR,DAYLIGHT,ANGLE,NOT DIVIDED,NO CONTROLS,IMPROPER LANE USAGE,IMPROPER LANE USAGE,0,0,3,3,0,4,1,1926,DAMEN AVE,41.830307,-87.561501,01/03/2024 02:15:00 AM,2024
CR00030178,09/24/2024 09:43:00 PM,30,CLEAR,DAYLIGHT,SIDESWIPE SAME DIRECTION,NOT DIVIDED,UNKNOWN,FAILING TO YIELD RIGHT-OF-WAY,NOT APPLICABLE,0,0,0,0,21,3,9,390,MICHIGAN AVE,41.926429,-87.65926,09/24/2024 10:18:00 PM,2024
CR00030179,11/15/2024 03:28:00 PM,45,CLEAR,DAYLIGHT,ANGLE,ONE-WAY,NO CONTROLS,IMPROPER LANE USAGE,FAILING TO YIELD RIGHT-OF-WAY,0,0,0,0,15,6,11,2438,ARCHER AVE,41.929283,-87.567433,11/15/2024 05:17:00 PM,2024
CR00030180,09/08/2023 07:47:00 PM,30,CLEAR,DAYLIGHT,TURNING,DIVIDED - W/MEDIAN (NOT RAISED),NO CONTROLS,UNABLE TO DETERMINE,FOLLOWING TOO CLOSELY,0,0,1,1,19,6,9,2217,LAKE SHORE DR,41.906302,-87.674793,09/08/2023 09:38:00 PM,2023
CR00030181,08/25/2021 08:40:00 AM,15,SNOW,DAYLIGHT,REAR END,ONE-WAY,TRAFFIC SIGNAL,FAILING TO YIELD RIGHT-OF-WAY,UNABLE TO DETERMINE,0,0,1,1,8,4,8,1350,CALIFORNIA AVE,41.99587,-87.760711,08/25/2021 09:00:00 AM,2021
CR00030182,12/04/2019 05:24:00 PM,30,RAIN,DARKNESS - LIGHTED ROAD,SIDESWIPE SAME DIRECTION,ONE-WAY,TRAFFIC SIGNAL,DISTRACTION - FROM INSIDE VEHICLE,DRIVING SKILLS/KNOWLEDGE/EXPERIENCE,0,0,1,1,17,4,12,1024,FULLERTON AVE,41.951687,-87.598063,12/04/2019 06:34:00 PM,2019
CR00030183,03/11/2017 06:18:00 PM,30,CLEAR,DAYLIGHT,REAR END,NOT DIVIDED,STOP SIGN/FLASHER,IMPROPER OVERTAKING/PASSING,IMPROPER LANE USAGE,0,0,0,0,18,7,3,1790,STATE ST,41.790577,-87.787137,03/11/2017 07:15:00 PM,2017
CR00030184,05/15/2019 09:57:00 PM,35,CLEAR,DAYLIGHT,REAR END,DIVIDED - W/MEDIAN (NOT RAISED),NO CONTROLS,IMPROPER OVERTAKING/PASSING,FAILING TO YIELD RIGHT-OF-WAY,0,0,0,0,21,4,5,915,STATE ST,41.763036,-87.557156,05/15/2019 11:43:00 PM,2019
CR00030185,02/14/2018 07:12:00 PM,30,RAIN,DAYLIGHT,REAR END,NOT DIVIDED,NO CONTROLS,UNABLE TO DETERMINE,WEATHER,0,0,0,0,19,4,2,1814,MILWAUKEE AVE,41.759984,-87.766026,02/14/2018 08:31:00 PM,2018
CR00030186,01/02/2022 03:25:00 PM,30,CLEAR,DAYLIGHT,ANGLE,NOT DIVIDED,NO CONTROLS,WEATHER,NOT APPLICABLE,0,0,3,3,15,1,1,1550,MILWAUKEE AVE,41.985834,-87.627472,01/02/2022 03:46:00 PM,2022
CR00030187,10/16/2015 11:32:00 PM,25,CLEAR,DARKNESS - LIGHTED ROAD,REAR TO FRONT,ONE-WAY,STOP SIGN/FLASHER,UNABLE TO DETERMINE,DRIVING SKILLS/KNOWLEDGE/EXPERIENCE,0,0,0,0,23,6,10,1024,BROADWAY,41.926389,-87.609489,10/17/2015 12:09:00 AM,2015
CR00030188,04/12/2017 08:17:00 PM,20,CLEAR,DARKNESS - LIGHTED ROAD,REAR END,DIVIDED - W/MEDIAN (NOT RAISED),NO CONTROLS,FAILING TO REDUCE SPEED,UNABLE TO DETERMINE,0,0,0,0,20,4,4,2233,MILWAUKEE AVE,41.792817,-87.724943,04/12/2017 09:56:00 PM,2017
CR00030189,12/28/2021 10:58:00 AM,40,CLEAR,DAYLIGHT,FIXED OBJECT,ONE-WAY,NO CONTROLS,UNABLE TO DETERMINE,FAILING TO YIELD RIGHT-OF-WAY,0,0,0,0,10,3,12,624,PULASKI RD,41.980477,-87.531008,12/28/2021 12:35:00 PM,2021
CR00030190,10/02/2020 03:02:00 PM,35,CLEAR,DAWN,REAR END,T-INTERSECTION,NO CONTROLS,DRIVING SKILLS/KNOWLEDGE/EXPERIENCE,FOLLOWING TOO CLOSELY,0,0,0,0,15,6,10,1608,DIVISION ST,41.774442,-87.587948,10/02/2020 04:32:00 PM,2020
CR00030191,02/20/2019 04:16:00 PM,30,CLEAR,DARKNESS,PARKED MOTOR VEHICLE,NOT DIVIDED,NO CONTROLS,UNABLE TO DETERMINE,DRIVING SKILLS/KNOWLEDGE/EXPERIENCE,0,0,0,0,16,4,2,1197,MICHIGAN AVE,41.945792,-87.588721,02/20/2019 04:56:00 PM,2019
CR00030192,04/15/2021 01:17:00 PM,30,CLOUDY/OVERCAST,DAYLIGHT,REAR END,DIVIDED - W/MEDIAN BARRIER,NO CONTROLS,FOLLOWING TOO CLOSELY,FAILING TO YIELD RIGHT-OF-WAY,0,0,0,0,13,5,4,752,79TH ST,41.779183,-87.535525,04/15/2021 02:45:00 PM,2021
CR00030193,08/03/2019 07:13:00 AM,20,CLEAR,DAYLIGHT,ANGLE,NOT DIVIDED,NO CONTROLS,UNABLE TO DETERMINE,FOLLOWING TOO CLOSELY,0,0,0,0,7,7,8,2006,BROADWAY,41.754839,-87.713099,08/03/2019 07:23:00 AM,2019
CR00030194,12/09/2018 08:36:00 AM,15,CLEAR,DARKNESS - LIGHTED ROAD,REAR END,NOT DIVIDED,NO CONTROLS,IMPROPER OVERTAKING/PASSING,UNABLE TO DETERMINE,0,0,0,0,8,1,12,1210,LAKE SHORE DR,41.931926,-87.7744,12/09/2018 10:13:00 AM,2018
CR00030195,01/10/2022 12:41:00 PM,15,SNOW,DAYLIGHT,REAR END,NOT DIVIDED,STOP SIGN/FLASHER,UNABLE TO DETERMINE,DRIVING SKILLS/KNOWLEDGE/EXPERIENCE,0,0,0,0,12,2,1,2406,ROOSEVELT RD,41.749502,-87.587965,01/10/2022 01:50:00 PM,2022
CR00030196,02/24/2021 07:08:00 AM,30,RAIN,DARKNESS - LIGHTED ROAD,TURNING,DIVIDED - W/MEDIAN (NOT RAISED),TRAFFIC SIGNAL,FAILING TO YIELD RIGHT-OF-WAY,FAILING TO YIELD RIGHT-OF-WAY,0,2,0,2,7,4,2,734,PULASKI RD,41.743613,-87.618274,02/24/2021 08:54:00 AM,2021
CR00030197,06/26/2015 06:14:00 PM,30,CLEAR,DAYLIGHT,TURNING,DIVIDED - W/MEDIAN BARRIER,NO CONTROLS,IMPROPER OVERTAKING/PASSING,FAILING TO YIELD RIGHT-OF-WAY,0,0,0,0,18,6,6,1798,ROOSEVELT RD,41.938338,-87.566025,06/26/2015 06:46:00 PM,2015
CR00030198,06/07/2020 06:34:00 PM,25,RAIN,DARKNESS,TURNING,DIVIDED - W/MEDIAN BARRIER,NO CONTROLS,FAILING TO YIELD RIGHT-OF-WAY,DISREGARDING TRAFFIC SIGNALS,0,0,3,3,18,1,6,812,IRVING PARK RD,41.705576,-87.63041,06/07/2020 07:29:00 PM,2020