CRASH_RECORD_ID,CRASH_DATE,POSTED_SPEED_LIMIT,WEATHER_CONDITION,LIGHTING_CONDITION,FIRST_CRASH_TYPE,TRAFFICWAY_TYPE,TRAFFIC_CONTROL_DEVICE,PRIM_CONTRIBUTORY_CAUSE,SEC_CONTRIBUTORY_CAUSE,INJURIES_FATAL,INJURIES_INCAPACITATING,INJURIES_NON_INCAPACITATING,INJURIES_TOTAL,CRASH_HOUR,CRASH_DAY_OF_WEEK,CRASH_MONTH,BEAT_OF_OCCURRENCE,STREET_NAME,LATITUDE,LONGITUDE,DATE_POLICE_NOTIFIED,year
CR00030199,02/28/2020 10:21:00 AM,30,RAIN,DARKNESS - LIGHTED ROAD,SIDESWIPE SAME DIRECTION,NOT DIVIDED,NO CONTROLS,UNABLE TO DETERMINE,NOT APPLICABLE,0,0,0,0,10,6,2,2259,DIVISION ST,41.718323,-87.517044,02/28/2020 11:25:00 AM,2020
CR00030200,06/03/2020 08:07:00 AM,25,CLEAR,DAYLIGHT,TURNING,T-INTERSECTION,STOP SIGN/FLASHER,UNABLE TO DETERMINE,DISTRACTION - FROM INSIDE VEHICLE,0,0,0,0,8,4,6,947,CICERO AVE,41.912461,-87.703828,06/03/2020 08:42:00 AM,2020
CR00030201,10/17/2019 04:43:00 PM,30,RAIN,DAYLIGHT,TURNING,NOT DIVIDED,TRAFFIC SIGNAL,IMPROPER OVERTAKING/PASSING,UNABLE TO DETERMINE,0,0,0,0,16,5,10,429,FULLERTON AVE,41.89471,-87.589586,10/17/2019 06:42:00 PM,2019
CR00030202,01/03/2015 05:50:00 PM,30,FOG/SMOKE/HAZE,DAYLIGHT,REAR END,ONE-WAY,TRAFFIC SIGNAL,FOLLOWING TOO CLOSELY,NOT APPLICABLE,0,0,0,0,17,7,1,701,ROOSEVELT RD,41.960244,-87.559861,01/03/2015 06:43:00 PM,2015
CR00030203,09/06/2019 07:50:00 AM,35,CLEAR,DARKNESS - LIGHTED ROAD,SIDESWIPE SAME DIRECTION,DIVIDED - W/MEDIAN (NOT RAISED),NO CONTROLS,IMPROPER OVERTAKING/PASSING,NOT APPLICABLE,0,0,0,0,7,6,9,1070,MICHIGAN AVE,41.823398,-87.635763,09/06/2019 08:30:00 AM,2019
CR00030204,12/20/2020 04:28:00 PM,20,CLEAR,DARKNESS - LIGHTED ROAD,ANGLE,DIVIDED - W/MEDIAN (NOT RAISED),TRAFFIC SIGNAL,WEATHER,FAILING TO YIELD RIGHT-OF-WAY,0,0,0,0,16,1,12,671,CLARK ST,41.838655,-87.698593,12/20/2020 05:02:00 PM,2020
CR00030205,11/02/2015 10:25:00 AM,25,CLEAR,DAYLIGHT,PARKED MOTOR VEHICLE,DIVIDED - W/MEDIAN BARRIER,NO CONTROLS,UNABLE TO DETERMINE,FAILING TO YIELD RIGHT-OF-WAY,0,0,0,0,10,2,11,1414,CLARK ST,41.935739,-87.571972,11/02/2015 11:32:00 AM,2015
CR00030206,11/11/2021 06:31:00 PM,30,CLEAR,DAYLIGHT,SIDESWIPE SAME DIRECTION,DIVIDED - W/MEDIAN BARRIER,TRAFFIC SIGNAL,UNABLE TO DETERMINE,FAILING TO YIELD RIGHT-OF-WAY,0,0,0,0,18,5,11,1788,ASHLAND AVE,41.854717,-87.658722,11/11/2021 07:46:00 PM,2021
CR00030207,01/24/2023 08:13:00 PM,40,CLEAR,DAYLIGHT,FIXED OBJECT,NOT DIVIDED,UNKNOWN,IMPROPER LANE USAGE,NOT APPLICABLE,0,0,0,0,20,3,1,399,PULASKI RD,41.788083,-87.728867,01/24/2023 09:38:00 PM,2023
CR00030208,05/02/2024 06:16:00 PM,35,RAIN,DAYLIGHT,SIDESWIPE SAME DIRECTION,NOT DIVIDED,NO CONTROLS,FAILING TO YIELD RIGHT-OF-WAY,IMPROPER OVERTAKING/PASSING,0,0,0,0,18,5,5,2288,CLARK ST,41.867175,-87.690634,05/02/2024 06:40:00 PM,2024
CR00030209,06/11/2023 05:27:00 PM,30,CLEAR,DAYLIGHT,REAR END,DIVIDED - W/MEDIAN (NOT RAISED),TRAFFIC SIGNAL,FOLLOWING TOO CLOSELY,IMPROPER LANE USAGE,0,0,1,1,17,1,6,1841,DAMEN AVE,41.723457,-87.664396,06/11/2023 05:38:00 PM,2023
CR00030210,03/01/2018 11:13:00 AM,15,CLEAR,DUSK,SIDESWIPE SAME DIRECTION,DIVIDED - W/MEDIAN (NOT RAISED),TRAFFIC SIGNAL,DISTRACTION - FROM INSIDE VEHICLE,NOT APPLICABLE,0,0,0,0,11,5,3,1851,CALIFORNIA AVE,41.999778,-87.744425,03/01/2018 12:13:00 PM,2018
CR00030211,02/10/2019 07:29:00 AM,30,SNOW,DARKNESS - LIGHTED ROAD,REAR END,DIVIDED - W/MEDIAN (NOT RAISED),NO CONTROLS,IMPROPER LANE USAGE,UNABLE TO DETERMINE,0,0,0,0,7,1,2,1573,STATE ST,41.763372,-87.62767,02/10/2019 08:08:00 AM,2019
CR00030212,10/12/2021 07:41:00 PM,30,CLEAR,DAYLIGHT,SIDESWIPE SAME DIRECTION,NOT DIVIDED,NO CONTROLS,UNABLE TO DETERMINE,FOLLOWING TOO CLOSELY,0,0,0,0,19,3,10,344,IRVING PARK RD,41.742458,-87.604411,10/12/2021 09:14:00 PM,2021
CR00030213,06/07/2018 01:26:00 AM,30,RAIN,DARKNESS - LIGHTED ROAD,TURNING,DIVIDED - W/MEDIAN (NOT RAISED),NO CONTROLS,UNABLE TO DETERMINE,UNABLE TO DETERMINE,0,1,1,2,1,5,6,678,ELSTON AVE,41.958172,-87.559231,06/07/2018 02:43:00 AM,2018
CR00030214,02/07/2020 06:11:00 PM,30,RAIN,DAYLIGHT,SIDESWIPE SAME DIRECTION,DIVIDED - W/MEDIAN (NOT RAISED),TRAFFIC SIGNAL,FAILING TO REDUCE SPEED,UNABLE TO DETERMINE,0,0,0,0,18,6,2,289,STATE ST,41.783856,-87.66693,02/07/2020 08:07:00 PM,2020
CR00030215,02/18/2024 01:32:00 PM,30,CLEAR,DAYLIGHT,TURNING,DIVIDED - W/MEDIAN BARRIER,NO CONTROLS,UNABLE TO DETERMINE,UNABLE TO DETERMINE,0,0,0,0,13,1,2,266,47TH ST,41.79041,-87.825497,02/18/2024 02:15:00 PM,2024
CR00030216,09/11/2018 12:25:00 PM,40,CLEAR,DAYLIGHT,PEDESTRIAN,DIVIDED - W/MEDIAN BARRIER,NO CONTROLS,DISTRACTION - FROM INSIDE VEHICLE,IMPROPER LANE USAGE,0,0,0,0,12,3,9,655,ELSTON AVE,41.761475,-87.75798,09/11/2018 01:10:00 PM,2018
CR00030217,11/06/2019 06:23:00 PM,15,CLEAR,DAWN,PARKED MOTOR VEHICLE,NOT DIVIDED,NO CONTROLS,FOLLOWING TOO CLOSELY,NOT APPLICABLE,0,0,0,0,18,4,11,411,IRVING PARK RD,41.870715,-87.6081,11/06/2019 07:06:00 PM,2019
CR00030218,11/17/2016 01:28:00 AM,20,CLEAR,DAYLIGHT,ANGLE,DIVIDED - W/MEDIAN (NOT RAISED),NO CONTROLS,UNABLE TO DETERMINE,WEATHER,0,0,0,0,1,5,11,470,BROADWAY,41.893329,-87.630269,11/17/2016 01:48:00 AM,2016
CR00030219,08/31/2018 05:10:00 AM,35,RAIN,DARKNESS - LIGHTED ROAD,SIDESWIPE SAME DIRECTION,DIVIDED - W/MEDIAN (NOT RAISED),TRAFFIC SIGNAL,UNABLE TO DETERMINE,UNABLE TO DETERMINE,0,0,0,0,5,6,8,597,LAKE SHORE DR,41.907395,-87.637026,08/31/2018 05:41:00 AM,2018
CR00030220,09/13/2015 08:21:00 AM,40,RAIN,DAYLIGHT,ANGLE,NOT DIVIDED,TRAFFIC SIGNAL,IMPROPER OVERTAKING/PASSING,NOT APPLICABLE,0,0,0,0,8,1,9,2066,LAKE SHORE DR,41.968301,-87.747347,09/13/2015 09:18:00 AM,2015
CR00030221,04/14/2020 08:02:00 PM,20,CLEAR,DARKNESS - LIGHTED ROAD,ANGLE,ONE-WAY,NO CONTROLS,FAILING TO REDUCE SPEED,FAILING TO YIELD RIGHT-OF-WAY,0,0,0,0,20,3,4,296,ELSTON AVE,41.861864,-87.581379,04/14/2020 09:59:00 PM,2020
CR00030222,04/23/2020 08:14:00 AM,30,CLOUDY/OVERCAST,DAYLIGHT,SIDESWIPE SAME DIRECTION,NOT DIVIDED,YIELD,FAILING TO YIELD RIGHT-OF-WAY,DISTRACTION - FROM INSIDE VEHICLE,0,0,0,0,8,5,4,2146,IRVING PARK RD,41.899931,-87.580974,04/23/2020 10:07:00 AM,2020
CR00030223,08/21/2024 08:31:00 AM,15,CLEAR,DAYLIGHT,TURNING,DIVIDED - W/MEDIAN BARRIER,UNKNOWN,FAILING TO YIELD RIGHT-OF-WAY,UNABLE TO DETERMINE,0,0,1,1,8,4,8,1389,79TH ST,41.747646,-87.582765,08/21/2024 10:08:00 AM,2024
CR00030224,06/06/2017 04:17:00 PM,40,CLEAR,DAYLIGHT,SIDESWIPE SAME DIRECTION,DIVIDED - W/MEDIAN (NOT RAISED),NO CONTROLS,UNABLE TO DETERMINE,DRIVING SKILLS/KNOWLEDGE/EXPERIENCE,0,0,0,0,16,3,6,374,BROADWAY,41.810887,-87.811801,06/06/2017 04:58:00 PM,2017
CR00030225,11/18/2020 06:07:00 AM,20,CLEAR,DAWN,REAR END,DIVIDED - W/MEDIAN (NOT RAISED),PEDESTRIAN CROSSING SIGN,FOLLOWING TOO CLOSELY,UNABLE TO DETERMINE,0,0,0,0,6,4,11,2406,CLARK ST,41.970508,-87.524295,11/18/2020 06:42:00 AM,2020
CR00030226,05/22/2017 11:31:00 AM,15,SNOW,DAYLIGHT,REAR END,DIVIDED - W/MEDIAN (NOT RAISED),NO CONTROLS,FOLLOWING TOO CLOSELY,UNABLE TO DETERMINE,0,1,0,1,11,2,5,846,STONY ISLAND AVE,41.74783,-87.632054,05/22/2017 11:37:00 AM,2017
CR00030227,12/10/2015 04:59:00 PM,30,CLEAR,DAYLIGHT,SIDESWIPE SAME DIRECTION,NOT DIVIDED,PEDESTRIAN CROSSING SIGN,IMPROPER OVERTAKING/PASSING,UNABLE TO DETERMINE,0,0,0,0,16,5,12,2148,MILWAUKEE AVE,41.701115,-87.559946,12/10/2015 05:49:00 PM,2015
CR00030228,01/03/2021 06:15:00 PM,30,CLOUDY/OVERCAST,DARKNESS,TURNING,DIVIDED - W/MEDIAN (NOT RAISED),NO CONTROLS,FOLLOWING TOO CLOSELY,DRIVING SKILLS/KNOWLEDGE/EXPERIENCE,0,0,0,0,18,1,1,1667,FULLERTON AVE,41.979389,-87.756445,01/03/2021 06:51:00 PM,2021
CR00030229,06/19/2015 06:12:00 AM,20,CLEAR,DAYLIGHT,REAR END,ONE-WAY,TRAFFIC SIGNAL,IMPROPER LANE USAGE,DISREGARDING TRAFFIC SIGNALS,0,0,0,0,6,6,6,1408,FULLERTON AVE,41.703877,-87.803529,06/19/2015 07:14:00 AM,2015
CR00030230,10/20/2020 06:49:00 AM,35,CLEAR,DARKNESS - LIGHTED ROAD,REAR END,FOUR WAY,NO CONTROLS,IMPROPER OVERTAKING/PASSING,FAILING TO REDUCE SPEED,0,0,1,1,6,3,10,2017,ROOSEVELT RD,41.701863,-87.574977,10/20/2020 08:44:00 AM,2020
CR00030231,07/19/2021 05:01:00 PM,35,CLEAR,DAYLIGHT,REAR END,ONE-WAY,NO CONTROLS,FOLLOWING TOO CLOSELY,IMPROPER LANE USAGE,0,0,0,0,17,2,7,419,IRVING PARK RD,41.865978,-87.625356,07/19/2021 06:53:00 PM,2021
CR00030232,07/17/2016 09:42:00 AM,20,CLEAR,DAYLIGHT,REAR END,NOT DIVIDED,TRAFFIC SIGNAL,DISREGARDING TRAFFIC SIGNALS,FAILING TO REDUCE SPEED,0,0,0,0,9,1,7,1306,DIVISION ST,41.781304,-87.557372,07/17/2016 10:23:00 AM,2016
CR00030233,02/16/2023 09:47:00 PM,25,RAIN,DAYLIGHT,PARKED MOTOR VEHICLE,FOUR WAY,UNKNOWN,IMPROPER LANE USAGE,IMPROPER OVERTAKING/PASSING,0,0,0,0,21,5,2,2136,CICERO AVE,41.952193,-87.577152,02/16/2023 11:18:00 PM,2023
CR00030234,02/06/2017 03:04:00 AM,30,CLEAR,DAYLIGHT,REAR END,NOT DIVIDED,TRAFFIC SIGNAL,FAILING TO REDUCE SPEED,FOLLOWING TOO CLOSELY,0,0,0,0,3,2,2,487,KEDZIE AVE,41.873196,-87.757669,02/06/2017 03:43:00 AM,2017
CR00030235,01/27/2015 06:06:00 PM,30,CLOUDY/OVERCAST,DARKNESS,TURNING,T-INTERSECTION,STOP SIGN/FLASHER,FAILING TO REDUCE SPEED,IMPROPER LANE USAGE,0,0,0,0,18,3,1,1105,DIVISION ST,41.985284,-87.522924,01/27/2015 06:15:00 PM,2015
CR00030236,12/01/2023 06:47:00 PM,30,CLEAR,DAYLIGHT,PEDESTRIAN,DIVIDED - W/MEDIAN (NOT RAISED),STOP SIGN/FLASHER,FAILING TO YIELD RIGHT-OF-WAY,NOT APPLICABLE,0,0,0,0,18,6,12,1175,ELSTON AVE,41.982453,-87.703832,12/01/2023 06:54:00 PM,2023
CR00030237,09/01/2024 08:42:00 PM,30,CLEAR,DUSK,PEDESTRIAN,NOT DIVIDED,NO CONTROLS,FOLLOWING TOO CLOSELY,NOT APPLICABLE,0,0,0,0,20,1,9,687,FULLERTON AVE,41.860255,-87.700014,09/01/2024 09:39:00 PM,2024
CR00030238,03/07/2015 11:25:00 AM,45,CLEAR,DAWN,REAR END,DIVIDED - W/MEDIAN (NOT RAISED),NO CONTROLS,DISTRACTION - FROM INSIDE VEHICLE,FAILING TO YIELD RIGHT-OF-WAY,0,0,0,0,11,7,3,1791,WESTERN AVE,41.787511,-87.697812,03/07/2015 12:09:00 PM,2015
CR00030239,11/17/2016 08:44:00 AM,35,RAIN,DAYLIGHT,TURNING,DIVIDED - W/MEDIAN (NOT RAISED),NO CONTROLS,FAILING TO REDUCE SPEED,IMPROPER OVERTAKING/PASSING,0,0,0,0,8,5,11,147,LAKE SHORE DR,41.72094,-87.562207,11/17/2016 08:46:00 AM,2016
CR00030240,04/27/2019 12:03:00 AM,30,CLEAR,DARKNESS - LIGHTED ROAD,REAR TO FRONT,NOT DIVIDED,NO CONTROLS,WEATHER,NOT APPLICABLE,0,0,0,0,0,7,4,422,CALIFORNIA AVE,41.984428,-87.619425,04/27/2019 01:49:00 AM,2019
CR00030241,10/04/2019 07:45:00 PM,30,CLEAR,DARKNESS - LIGHTED ROAD,PEDESTRIAN,DIVIDED - W/MEDIAN BARRIER,NO CONTROLS,DISREGARDING TRAFFIC SIGNALS,FOLLOWING TOO CLOSELY,0,0,0,0,19,6,10,1189,CLARK ST,41.786042,-87.553274,10/04/2019 09:27:00 PM,2019
CR00030242,06/27/2016 09:27:00 AM,40,RAIN,DAYLIGHT,SIDESWIPE SAME DIRECTION,ONE-WAY,TRAFFIC SIGNAL,IMPROPER OVERTAKING/PASSING,IMPROPER OVERTAKING/PASSING,0,0,0,0,9,2,6,2096,ROOSEVELT RD,41.866377,-87.849328,06/27/2016 09:40:00 AM,2016
CR00030243,10/12/2020 04:22:00 PM,45,CLEAR,DAYLIGHT,ANGLE,DIVIDED - W/MEDIAN (NOT RAISED),TRAFFIC SIGNAL,FOLLOWING TOO CLOSELY,UNABLE TO DETERMINE,0,0,0,0,16,2,10,933,ASHLAND AVE,41.72219,-87.834458,10/12/2020 05:29:00 PM,2020
CR00030244,05/26/2016 01:12:00 PM,30,RAIN,DAYLIGHT,ANGLE,DIVIDED - W/MEDIAN (NOT RAISED),NO CONTROLS,FAILING TO REDUCE SPEED,DISTRACTION - FROM INSIDE VEHICLE,0,0,1,1,13,5,5,1865,ROOSEVELT RD,41.790433,-87.634426,05/26/2016 02:25:00 PM,2016
CR00030245,02/09/2023 02:03:00 PM,30,CLEAR,DAYLIGHT,REAR TO FRONT,T-INTERSECTION,NO CONTROLS,DISREGARDING TRAFFIC SIGNALS,IMPROPER OVERTAKING/PASSING,0,0,1,1,14,5,2,961,ARCHER AVE,41.786185,-87.636056,02/09/2023 03:43:00 PM,2023
CR00030246,04/30/2022 07:47:00 PM,15,CLEAR,DAYLIGHT,TURNING,FOUR WAY,STOP SIGN/FLASHER,IMPROPER OVERTAKING/PASSING,UNABLE TO DETERMINE,0,0,1,1,19,7,4,778,47TH ST,41.761612,-87.783114,04/30/2022 08:57:00 PM,2022
CR00030247,09/24/2021 03:29:00 PM,30,CLEAR,DAYLIGHT,PARKED MOTOR VEHICLE,ONE-WAY,STOP SIGN/FLASHER,IMPROPER LANE USAGE,UNABLE TO DETERMINE,0,0,1,1,15,6,9,923,CLARK ST,41.818269,-87.576266,09/24/2021 05:18:00 PM,2021
CR00030248,09/06/2024 07:09:00 AM,40,CLEAR,DARKNESS - LIGHTED ROAD,REAR END,DIVIDED - W/MEDIAN BARRIER,TRAFFIC SIGNAL,DISTRACTION - FROM INSIDE VEHICLE,NOT APPLICABLE,0,0,0,0,7,6,9,2264,DIVISION ST,41.732774,-87.826268,09/06/2024 08:28:00 AM,2024
CR00030249,04/01/2019 06:51:00 PM,15,CLEAR,DAYLIGHT,TURNING,NOT DIVIDED,STOP SIGN/FLASHER,DRIVING SKILLS/KNOWLEDGE/EXPERIENCE,DISTRACTION - FROM INSIDE VEHICLE,0,0,0,0,18,2,4,129,PULASKI RD,41.999464,-87.836081,04/01/2019 08:07:00 PM,2019
CR00030250,12/05/2022 06:07:00 PM,20,CLEAR,DAYLIGHT,PARKED MOTOR VEHICLE,NOT DIVIDED,UNKNOWN,IMPROPER OVERTAKING/PASSING,FOLLOWING TOO CLOSELY,0,0,0,0,18,2,12,1431,OGDEN AVE,41.820835,-87.764763,12/05/2022 08:04:00 PM,2022
CR00030251,11/05/2015 03:38:00 PM,30,CLEAR,DAYLIGHT,TURNING,DIVIDED - W/MEDIAN (NOT RAISED),TRAFFIC SIGNAL,FAILING TO YIELD RIGHT-OF-WAY,NOT APPLICABLE,0,0,0,0,15,5,11,1966,DAMEN AVE,41.814293,-87.723019,11/05/2015 05:08:00 PM,2015
CR00030252,07/31/2023 02:16:00 PM,40,RAIN,DAYLIGHT,REAR END,NOT DIVIDED,UNKNOWN,IMPROPER LANE USAGE,DISREGARDING TRAFFIC SIGNALS,0,0,0,0,14,2,7,1518,ELSTON AVE,41.770857,-87.687621,07/31/2023 02:20:00 PM,2023
CR00030253,06/27/2016 01:19:00 PM,25,CLEAR,DAYLIGHT,PARKED MOTOR VEHICLE,NOT DIVIDED,UNKNOWN,UNABLE TO DETERMINE,UNABLE TO DETERMINE,0,2,2,4,13,2,6,836,LAKE SHORE DR,41.812953,-87.78738,06/27/2016 03:13:00 PM,2016
CR00030254,05/24/2022 04:28:00 PM,30,CLEAR,DAYLIGHT,REAR TO FRONT,ONE-WAY,NO CONTROLS,FOLLOWING TOO CLOSELY,UNABLE TO DETERMINE,0,0,0,0,16,3,5,1538,63RD ST,41.967602,-87.64733,05/24/2022 05:24:00 PM,2022
CR00030255,12/19/2015 07:30:00 AM,35,CLEAR,DAYLIGHT,PARKED MOTOR VEHICLE,FOUR WAY,NO CONTROLS,DISTRACTION - FROM INSIDE VEHICLE,FAILING TO YIELD RIGHT-OF-WAY,0,0,0,0,7,7,12,156,47TH ST,41.838442,-87.785319,12/19/2015 08:41:00 AM,2015
CR00030256,04/20/2020 01:41:00 PM,25,CLEAR,DARKNESS - LIGHTED ROAD,PARKED MOTOR VEHICLE,FOUR WAY,NO CONTROLS,FAILING TO REDUCE SPEED,FAILING TO YIELD RIGHT-OF-WAY,0,0,0,0,13,2,4,564,LAKE SHORE DR,41.887852,-87.75144,04/20/2020 01:54:00 PM,2020
CR00030257,03/28/2023 06:27:00 PM,45,CLEAR,DAYLIGHT,SIDESWIPE SAME DIRECTION,ONE-WAY,TRAFFIC SIGNAL,FAILING TO YIELD RIGHT-OF-WAY,NOT APPLICABLE,0,0,0,0,18,3,3,122,MILWAUKEE AVE,41.879946,-87.839554,03/28/2023 06:59:00 PM,2023
CR00030258,10/18/2024 10:36:00 AM,15,RAIN,DARKNESS - LIGHTED ROAD,PARKED MOTOR VEHICLE,NOT DIVIDED,NO CONTROLS,DRIVING SKILLS/KNOWLEDGE/EXPERIENCE,FAILING TO REDUCE SPEED,0,0,0,0,10,6,10,862,79TH ST,41.759016,-87.551326,10/18/2024 11:42:00 AM,2024
CR00030259,08/08/2018 06:38:00 PM,45,CLEAR,DAYLIGHT,REAR END,DIVIDED - W/MEDIAN (NOT RAISED),STOP SIGN/FLASHER,UNABLE TO DETERMINE,IMPROPER LANE USAGE,0,0,1,1,18,4,8,1576,79TH ST,41.99025,-87.791979,08/08/2018 08:05:00 PM,2018
CR00030260,09/04/2019 06:44:00 PM,35,CLEAR,DAYLIGHT,REAR END,NOT DIVIDED,TRAFFIC SIGNAL,UNABLE TO DETERMINE,IMPROPER OVERTAKING/PASSING,0,1,0,1,18,4,9,1078,BROADWAY,41.800705,-87.764868,09/04/2019 08:18:00 PM,2019
CR00030261,09/23/2016 05:49:00 PM,30,CLEAR,DARKNESS - LIGHTED ROAD,REAR TO FRONT,ONE-WAY,NO CONTROLS,UNABLE TO DETERMINE,NOT APPLICABLE,0,2,1,3,17,6,9,1301,CICERO AVE,41.925882,-87.721683,09/23/2016 07:01:00 PM,2016
CR00030262,05/24/2020 12:07:00 AM,30,CLEAR,DAYLIGHT,SIDESWIPE SAME DIRECTION,ONE-WAY,NO CONTROLS,DISTRACTION - FROM INSIDE VEHICLE,UNABLE TO DETERMINE,0,1,1,2,0,1,5,929,79TH ST,41.938709,-87.802756,05/24/2020 12:18:00 AM,2020
CR00030263,10/06/2024 05:19:00 PM,40,CLOUDY/OVERCAST,DAYLIGHT,ANGLE,NOT DIVIDED,UNKNOWN,FAILING TO YIELD RIGHT-OF-WAY,FOLLOWING TOO CLOSELY,0,0,0,0,17,1,10,101,CALIFORNIA AVE,41.957877,-87.592536,10/06/2024 06:01:00 PM,2024
CR00030264,11/19/2016 06:11:00 PM,30,CLEAR,DAYLIGHT,REAR END,NOT DIVIDED,STOP SIGN/FLASHER,UNABLE TO DETERMINE,NOT APPLICABLE,0,0,3,3,18,7,11,598,ROOSEVELT RD,41.989963,-87.56886,11/19/2016 07:48:00 PM,2016
CR00030265,05/07/2020 01:10:00 PM,35,FOG/SMOKE/HAZE,DAYLIGHT,REAR END,NOT DIVIDED,TRAFFIC SIGNAL,DISREGARDING TRAFFIC SIGNALS,FOLLOWING TOO CLOSELY,0,0,0,0,13,5,5,2273,CALIFORNIA AVE,41.941928,-87.820421,05/07/2020 02:23:00 PM,2020
CR00030266,04/11/2023 02:30:00 PM,15,RAIN,DAYLIGHT,TURNING,NOT DIVIDED,NO CONTROLS,UNABLE TO DETERMINE,UNABLE TO DETERMINE,0,0,0,0,14,3,4,2449,OGDEN AVE,41.755763,-87.82492,04/11/2023 03:58:00 PM,2023
CR00030267,04/28/2017 02:43:00 AM,40,SNOW,DUSK,PARKED MOTOR VEHICLE,ONE-WAY,NO CONTROLS,FOLLOWING TOO CLOSELY,FAILING TO REDUCE SPEED,0,0,0,0,2,6,4,2160,MILWAUKEE AVE,41.725279,-87.777395,04/28/2017 04:04:00 AM,2017
CR00030268,08/28/2016 12:49:00 PM,30,CLEAR,DARKNESS,PARKED MOTOR VEHICLE,DIVIDED - W/MEDIAN (NOT RAISED),NO CONTROLS,WEATHER,DISREGARDING TRAFFIC SIGNALS,0,1,0,1,12,1,8,2452,ASHLAND AVE,41.945406,-87.758001,08/28/2016 01:12:00 PM,2016
CR00030269,10/02/2024 02:51:00 PM,35,CLEAR,DUSK,PARKED MOTOR VEHICLE,DIVIDED - W/MEDIAN (NOT RAISED),STOP SIGN/FLASHER,WEATHER,IMPROPER LANE USAGE,0,0,0,0,14,4,10,870,79TH ST,41.922248,-87.835092,10/02/2024 03:56:00 PM,2024
CR00030270,07/25/2024 06:00:00 PM,30,CLEAR,DUSK,PARKED MOTOR VEHICLE,FOUR WAY,NO CONTROLS,DISREGARDING TRAFFIC SIGNALS,UNABLE TO DETERMINE,0,0,0,0,18,5,7,1432,WESTERN AVE,41.840088,-87.749534,07/25/2024 08:00:00 PM,2024
CR00030271,01/25/2017 07:40:00 AM,35,CLEAR,DARKNESS,REAR END,NOT DIVIDED,STOP SIGN/FLASHER,FOLLOWING TOO CLOSELY,UNABLE TO DETERMINE,0,0,0,0,7,4,1,1289,ELSTON AVE,41.983704,-87.803532,01/25/2017 08:01:00 AM,2017
CR00030272,07/14/2016 08:09:00 AM,15,RAIN,DAYLIGHT,REAR END,T-INTERSECTION,UNKNOWN,FAILING TO YIELD RIGHT-OF-WAY,DISREGARDING TRAFFIC SIGNALS,0,2,1,3,8,5,7,1721,CALIFORNIA AVE,41.759207,-87.715208,07/14/2016 09:29:00 AM,2016
CR00030273,11/14/2017 04:21:00 PM,35,SNOW,DAYLIGHT,REAR END,NOT DIVIDED,NO CONTROLS,FAILING TO REDUCE SPEED,IMPROPER LANE USAGE,0,0,0,0,16,3,11,178,ASHLAND AVE,41.723318,-87.688768,11/14/2017 04:53:00 PM,2017
CR00030274,10/08/2024 06:07:00 PM,35,CLEAR,DARKNESS,PEDESTRIAN,T-INTERSECTION,NO CONTROLS,DISREGARDING TRAFFIC SIGNALS,UNABLE TO DETERMINE,0,0,0,0,18,3,10,1976,MILWAUKEE AVE,41.719332,-87.577738,10/08/2024 06:29:00 PM,2024
CR00030275,05/21/2021 02:43:00 AM,20,CLEAR,DARKNESS - LIGHTED ROAD,REAR END,NOT DIVIDED,NO CONTROLS,UNABLE TO DETERMINE,DRIVING SKILLS/KNOWLEDGE/EXPERIENCE,0,0,0,0,2,6,5,817,CALIFORNIA AVE,41.824784,-87.793249,05/21/2021 03:07:00 AM,2021
CR00030276,02/07/2015 12:16:00 AM,30,FOG/SMOKE/HAZE,DAYLIGHT,REAR END,NOT DIVIDED,NO CONTROLS,DISTRACTION - FROM INSIDE VEHICLE,NOT APPLICABLE,0,0,0,0,0,7,2,163,ASHLAND AVE,41.910234,-87.744771,02/07/2015 12:24:00 AM,2015
CR00030277,09/24/2020 05:29:00 PM,30,CLEAR,DAYLIGHT,REAR END,T-INTERSECTION,TRAFFIC SIGNAL,FAILING TO YIELD RIGHT-OF-WAY,NOT APPLICABLE,0,0,1,1,17,5,9,2018,MICHIGAN AVE,41.898101,-87.822436,09/24/2020 06:34:00 PM,2020
CR00030278,09/24/2021 06:15:00 PM,25,CLEAR,DARKNESS - LIGHTED ROAD,TURNING,NOT DIVIDED,PEDESTRIAN CROSSING SIGN,DISTRACTION - FROM INSIDE VEHICLE,UNABLE TO DETERMINE,0,0,0,0,18,6,9,294,FULLERTON AVE,41.969986,-87.77154,09/24/2021 07:44:00 PM,2021
CR00030279,07/08/2021 05:36:00 PM,25,FOG/SMOKE/HAZE,DARKNESS - LIGHTED ROAD,TURNING,ONE-WAY,STOP SIGN/FLASHER,DISTRACTION - FROM INSIDE VEHICLE,NOT APPLICABLE,0,0,0,0,17,5,7,1355,KEDZIE AVE,41.724132,-87.564142,07/08/2021 06:52:00 PM,2021
CR00030280,04/20/2019 08:52:00 AM,30,CLEAR,DAYLIGHT,FIXED OBJECT,DIVIDED - W/MEDIAN (NOT RAISED),STOP SIGN/FLASHER,FOLLOWING TOO CLOSELY,UNABLE TO DETERMINE,0,0,0,0,8,7,4,1470,LAKE SHORE DR,41.999123,-87.784349,04/20/2019 09:09:00 AM,2019