CRASH_RECORD_ID,CRASH_DATE,POSTED_SPEED_LIMIT,WEATHER_CONDITION,LIGHTING_CONDITION,FIRST_CRASH_TYPE,TRAFFICWAY_TYPE,TRAFFIC_CONTROL_DEVICE,PRIM_CONTRIBUTORY_CAUSE,SEC_CONTRIBUTORY_CAUSE,INJURIES_FATAL,INJURIES_INCAPACITATING,INJURIES_NON_INCAPACITATING,INJURIES_TOTAL,CRASH_HOUR,CRASH_DAY_OF_WEEK,CRASH_MONTH,BEAT_OF_OCCURRENCE,STREET_NAME,LATITUDE,LONGITUDE,DATE_POLICE_NOTIFIED,year
CR00030281,08/16/2021 07:48:00 AM,25,CLEAR,DAYLIGHT,PARKED MOTOR VEHICLE,DIVIDED - W/MEDIAN (NOT RAISED),STOP SIGN/FLASHER,UNABLE TO DETERMINE,FAILING TO YIELD RIGHT-OF-WAY,0,0,0,0,7,2,8,1013,STATE ST,41.869554,-87.841672,08/16/2021 08:03:00 AM,2021
CR00030282,04/07/2022 06:53:00 PM,30,CLEAR,DARKNESS - LIGHTED ROAD,ANGLE,NOT DIVIDED,NO CONTROLS,DISTRACTION - FROM INSIDE VEHICLE,IMPROPER OVERTAKING/PASSING,0,0,0,0,18,5,4,2349,ARCHER AVE,41.741383,-87.822819,04/07/2022 08:42:00 PM,2022
CR00030283,02/24/2024 05:08:00 AM,20,CLEAR,DAYLIGHT,REAR END,DIVIDED - W/MEDIAN (NOT RAISED),STOP SIGN/FLASHER,UNABLE TO DETERMINE,NOT APPLICABLE,0,0,0,0,5,7,2,1519,47TH ST,41.766385,-87.683534,02/24/2024 05:30:00 AM,2024
CR00030284,09/03/2016 03:09:00 PM,40,RAIN,DARKNESS - LIGHTED ROAD,REAR END,DIVIDED - W/MEDIAN (NOT RAISED),NO CONTROLS,FAILING TO REDUCE SPEED,UNABLE TO DETERMINE,0,0,1,1,15,7,9,1733,WESTERN AVE,41.981681,-87.652365,09/03/2016 03:30:00 PM,2016
CR00030285,06/24/2018 04:02:00 PM,40,CLEAR,DAYLIGHT,PARKED MOTOR VEHICLE,DIVIDED - W/MEDIAN (NOT RAISED),STOP SIGN/FLASHER,UNABLE TO DETERMINE,UNABLE TO DETERMINE,0,0,0,0,16,1,6,1449,CALIFORNIA AVE,41.829517,-87.583773,06/24/2018 04:46:00 PM,2018
CR00030286,01/01/2020 01:05:00 PM,30,RAIN,DARKNESS,REAR TO FRONT,NOT DIVIDED,NO CONTROLS,FAILING TO YIELD RIGHT-OF-WAY,UNABLE TO DETERMINE,0,0,0,0,13,4,1,2329,STATE ST,41.777709,-87.537822,01/01/2020 01:49:00 PM,2020
CR00030287,03/15/2018 05:09:00 AM,35,CLEAR,DAYLIGHT,REAR END,NOT DIVIDED,TRAFFIC SIGNAL,FAILING TO REDUCE SPEED,WEATHER,0,0,0,0,5,5,3,2455,CALIFORNIA AVE,41.821812,-87.784533,03/15/2018 06:17:00 AM,2018
CR00030288,02/16/2022 10:09:00 AM,40,CLEAR,DARKNESS,FIXED OBJECT,DIVIDED - W/MEDIAN (NOT RAISED),NO CONTROLS,UNABLE TO DETERMINE,NOT APPLICABLE,0,0,0,0,10,4,2,839,OGDEN AVE,41.712933,-87.5373,02/16/2022 10:53:00 AM,2022
CR00030289,04/04/2016 05:19:00 AM,25,CLEAR,DAYLIGHT,PARKED MOTOR VEHICLE,ONE-WAY,STOP SIGN/FLASHER,UNABLE TO DETERMINE,NOT APPLICABLE,0,0,0,0,5,2,4,2290,MICHIGAN AVE,41.771836,-87.658188,04/04/2016 07:17:00 AM,2016
CR00030290,03/15/2016 03:59:00 PM,40,CLOUDY/OVERCAST,DARKNESS,SIDESWIPE SAME DIRECTION,ONE-WAY,TRAFFIC SIGNAL,FOLLOWING TOO CLOSELY,IMPROPER LANE USAGE,0,0,0,0,15,3,3,1775,ROOSEVELT RD,41.804401,-87.57409,03/15/2016 05:29:00 PM,2016
CR00030291,02/16/2022 01:50:00 AM,30,CLEAR,DAYLIGHT,SIDESWIPE SAME DIRECTION,DIVIDED - W/MEDIAN (NOT RAISED),NO CONTROLS,IMPROPER OVERTAKING/PASSING,NOT APPLICABLE,0,0,0,0,1,4,2,1188,WESTERN AVE,41.887805,-87.558879,02/16/2022 03:45:00 AM,2022
CR00030292,11/23/2017 03:58:00 PM,25,CLEAR,DARKNESS,REAR TO FRONT,FOUR WAY,TRAFFIC SIGNAL,FAILING TO YIELD RIGHT-OF-WAY,NOT APPLICABLE,0,0,3,3,15,5,11,2136,CALIFORNIA AVE,41.893387,-87.809176,11/23/2017 05:30:00 PM,2017
CR00030293,06/15/2019 04:14:00 AM,20,CLEAR,DAYLIGHT,REAR END,DIVIDED - W/MEDIAN (NOT RAISED),STOP SIGN/FLASHER,IMPROPER OVERTAKING/PASSING,NOT APPLICABLE,0,0,1,1,4,7,6,752,CALIFORNIA AVE,41.977086,-87.631765,06/15/2019 05:01:00 AM,2019
CR00030294,02/23/2023 07:00:00 PM,25,CLEAR,DARKNESS - LIGHTED ROAD,ANGLE,ONE-WAY,NO CONTROLS,WEATHER,IMPROPER LANE USAGE,0,0,0,0,19,5,2,1522,HALSTED ST,41.845711,-87.574517,02/23/2023 07:25:00 PM,2023
CR00030295,09/20/2017 02:41:00 PM,35,CLEAR,DUSK,REAR END,ONE-WAY,STOP SIGN/FLASHER,IMPROPER OVERTAKING/PASSING,UNABLE TO DETERMINE,0,0,3,3,14,4,9,1602,PULASKI RD,41.723154,-87.613891,09/20/2017 02:57:00 PM,2017
CR00030296,08/04/2019 12:43:00 PM,40,CLOUDY/OVERCAST,DARKNESS - LIGHTED ROAD,TURNING,NOT DIVIDED,STOP SIGN/FLASHER,WEATHER,NOT APPLICABLE,0,0,0,0,12,1,8,397,FULLERTON AVE,41.728914,-87.802634,08/04/2019 01:54:00 PM,2019
CR00030297,01/26/2018 01:06:00 PM,20,CLEAR,DARKNESS - LIGHTED ROAD,REAR TO FRONT,DIVIDED - W/MEDIAN BARRIER,STOP SIGN/FLASHER,WEATHER,FAILING TO REDUCE SPEED,0,0,0,0,13,6,1,584,FULLERTON AVE,41.811218,-87.743381,01/26/2018 01:51:00 PM,2018
CR00030298,08/19/2018 01:32:00 PM,35,CLEAR,DARKNESS,ANGLE,T-INTERSECTION,TRAFFIC SIGNAL,FAILING TO YIELD RIGHT-OF-WAY,FOLLOWING TOO CLOSELY,0,0,0,0,13,1,8,891,ARCHER AVE,41.714111,-87.52749,08/19/2018 03:31:00 PM,2018
CR00030299,06/17/2020 03:03:00 PM,35,CLEAR,DARKNESS - LIGHTED ROAD,REAR END,DIVIDED - W/MEDIAN (NOT RAISED),NO CONTROLS,DRIVING SKILLS/KNOWLEDGE/EXPERIENCE,FOLLOWING TOO CLOSELY,0,0,0,0,15,4,6,1307,MICHIGAN AVE,41.917499,-87.697735,06/17/2020 03:32:00 PM,2020
CR00030300,08/31/2016 02:25:00 AM,25,CLEAR,DAYLIGHT,ANGLE,NOT DIVIDED,TRAFFIC SIGNAL,FAILING TO REDUCE SPEED,IMPROPER LANE USAGE,0,0,2,2,2,4,8,1873,DIVISION ST,41.95195,-87.838259,08/31/2016 02:57:00 AM,2016
CR00030301,03/09/2022 04:26:00 AM,45,CLEAR,DARKNESS - LIGHTED ROAD,REAR END,ONE-WAY,STOP SIGN/FLASHER,FAILING TO YIELD RIGHT-OF-WAY,DISREGARDING TRAFFIC SIGNALS,0,0,0,0,4,4,3,1462,LAKE SHORE DR,41.834219,-87.699716,03/09/2022 04:31:00 AM,2022
CR00030302,01/07/2024 04:02:00 PM,35,CLOUDY/OVERCAST,DAYLIGHT,TURNING,NOT DIVIDED,TRAFFIC SIGNAL,FAILING TO YIELD RIGHT-OF-WAY,DRIVING SKILLS/KNOWLEDGE/EXPERIENCE,0,0,1,1,16,1,1,1327,BROADWAY,41.749244,-87.731156,01/07/2024 05:23:00 PM,2024
CR00030303,01/04/2020 04:29:00 PM,25,CLOUDY/OVERCAST,DARKNESS - LIGHTED ROAD,REAR END,NOT DIVIDED,TRAFFIC SIGNAL,FAILING TO YIELD RIGHT-OF-WAY,DRIVING SKILLS/KNOWLEDGE/EXPERIENCE,0,0,0,0,16,7,1,1617,DAMEN AVE,41.722985,-87.768345,01/04/2020 04:33:00 PM,2020
CR00030304,04/20/2020 09:38:00 AM,20,RAIN,DAYLIGHT,SIDESWIPE SAME DIRECTION,NOT DIVIDED,NO CONTROLS,IMPROPER LANE USAGE,UNABLE TO DETERMINE,0,0,0,0,9,2,4,863,FULLERTON AVE,41.786678,-87.510143,04/20/2020 09:46:00 AM,2020
CR00030305,05/02/2023 09:02:00 AM,20,CLEAR,DAYLIGHT,REAR END,DIVIDED - W/MEDIAN (NOT RAISED),TRAFFIC SIGNAL,UNABLE TO DETERMINE,DRIVING SKILLS/KNOWLEDGE/EXPERIENCE,0,0,1,1,9,3,5,1321,MILWAUKEE AVE,41.959308,-87.658954,05/02/2023 09:37:00 AM,2023
CR00030306,04/29/2018 06:04:00 PM,40,CLEAR,DARKNESS - LIGHTED ROAD,REAR END,NOT DIVIDED,NO CONTROLS,UNABLE TO DETERMINE,DISREGARDING TRAFFIC SIGNALS,0,0,0,0,18,1,4,407,ELSTON AVE,41.703176,-87.765283,04/29/2018 08:00:00 PM,2018
CR00030307,05/27/2020 05:30:00 AM,20,CLEAR,DAYLIGHT,REAR END,ONE-WAY,STOP SIGN/FLASHER,UNABLE TO DETERMINE,UNABLE TO DETERMINE,0,0,0,0,5,4,5,236,KEDZIE AVE,41.718508,-87.828336,05/27/2020 05:31:00 AM,2020
CR00030308,04/18/2023 10:25:00 AM,45,CLOUDY/OVERCAST,DARKNESS,REAR TO FRONT,FOUR WAY,NO CONTROLS,FOLLOWING TOO CLOSELY,FAILING TO YIELD RIGHT-OF-WAY,0,1,0,1,10,3,4,941,CICERO AVE,41.928155,-87.538844,04/18/2023 10:35:00 AM,2023
CR00030309,11/19/2015 04:36:00 PM,25,RAIN,DARKNESS - LIGHTED ROAD,ANGLE,NOT DIVIDED,NO CONTROLS,FAILING TO YIELD RIGHT-OF-WAY,NOT APPLICABLE,0,0,0,0,16,5,11,749,CALIFORNIA AVE,41.814002,-87.777776,11/19/2015 06:10:00 PM,2015
CR00030310,06/15/2023 06:43:00 PM,35,FREEZING RAIN/DRIZZLE,DAYLIGHT,REAR END,ONE-WAY,NO CONTROLS,IMPROPER OVERTAKING/PASSING,DISTRACTION - FROM INSIDE VEHICLE,0,0,0,0,18,5,6,2112,STATE ST,41.944658,-87.619509,06/15/2023 08:42:00 PM,2023
CR00030311,09/20/2018 05:45:00 PM,30,FREEZING RAIN/DRIZZLE,DAYLIGHT,SIDESWIPE SAME DIRECTION,DIVIDED - W/MEDIAN BARRIER,TRAFFIC SIGNAL,DRIVING SKILLS/KNOWLEDGE/EXPERIENCE,UNABLE TO DETERMINE,0,1,1,2,17,5,9,625,CLARK ST,41.797504,-87.820341,09/20/2018 06:37:00 PM,2018
CR00030312,11/21/2018 01:15:00 PM,30,CLEAR,DAYLIGHT,FIXED OBJECT,NOT DIVIDED,TRAFFIC SIGNAL,DISTRACTION - FROM INSIDE VEHICLE,UNABLE TO DETERMINE,0,0,0,0,13,4,11,334,HALSTED ST,41.829622,-87.572597,11/21/2018 02:31:00 PM,2018
CR00030313,04/25/2023 06:37:00 PM,30,CLEAR,DUSK,TURNING,NOT DIVIDED,NO CONTROLS,FAILING TO YIELD RIGHT-OF-WAY,DRIVING SKILLS/KNOWLEDGE/EXPERIENCE,0,0,1,1,18,3,4,1904,STATE ST,41.769671,-87.63927,04/25/2023 06:41:00 PM,2023
CR00030314,05/09/2023 01:55:00 AM,45,SNOW,DUSK,TURNING,NOT DIVIDED,TRAFFIC SIGNAL,DISTRACTION - FROM INSIDE VEHICLE,FAILING TO YIELD RIGHT-OF-WAY,0,0,0,0,1,3,5,2415,ASHLAND AVE,41.974589,-87.823765,05/09/2023 02:17:00 AM,2023
CR00030315,09/22/2017 10:44:00 AM,20,RAIN,DARKNESS - LIGHTED ROAD,SIDESWIPE SAME DIRECTION,DIVIDED - W/MEDIAN (NOT RAISED),NO CONTROLS,IMPROPER OVERTAKING/PASSING,DISTRACTION - FROM INSIDE VEHICLE,0,0,0,0,10,6,9,1771,47TH ST,41.888751,-87.545279,09/22/2017 11:08:00 AM,2017
CR00030316,05/21/2017 03:12:00 AM,30,SNOW,DAYLIGHT,PARKED MOTOR VEHICLE,NOT DIVIDED,TRAFFIC SIGNAL,IMPROPER OVERTAKING/PASSING,UNABLE TO DETERMINE,0,0,0,0,3,1,5,478,ARCHER AVE,41.948745,-87.817619,05/21/2017 04:04:00 AM,2017
CR00030317,01/06/2019 09:55:00 AM,25,CLEAR,DARKNESS,PARKED MOTOR VEHICLE,DIVIDED - W/MEDIAN (NOT RAISED),STOP SIGN/FLASHER,UNABLE TO DETERMINE,UNABLE TO DETERMINE,0,0,0,0,9,1,1,798,ELSTON AVE,41.784732,-87.73868,01/06/2019 11:10:00 AM,2019
CR00030318,01/10/2020 12:13:00 AM,35,CLEAR,DAWN,ANGLE,NOT DIVIDED,NO CONTROLS,FAILING TO YIELD RIGHT-OF-WAY,FAILING TO REDUCE SPEED,0,0,0,0,0,6,1,1356,BROADWAY,41.851237,-87.545759,01/10/2020 12:52:00 AM,2020
CR00030319,01/14/2019 08:42:00 AM,30,CLEAR,DUSK,ANGLE,ONE-WAY,NO CONTROLS,FOLLOWING TOO CLOSELY,FAILING TO REDUCE SPEED,0,0,0,0,8,2,1,188,PULASKI RD,41.844032,-87.685477,01/14/2019 10:19:00 AM,2019
CR00030320,02/17/2021 05:25:00 PM,30,CLEAR,DARKNESS - LIGHTED ROAD,SIDESWIPE SAME DIRECTION,DIVIDED - W/MEDIAN BARRIER,NO CONTROLS,UNABLE TO DETERMINE,FOLLOWING TOO CLOSELY,0,0,0,0,17,4,2,2017,CLARK ST,41.957908,-87.790483,02/17/2021 06:43:00 PM,2021
CR00030321,01/21/2022 09:42:00 AM,30,CLEAR,DAYLIGHT,PARKED MOTOR VEHICLE,ONE-WAY,NO CONTROLS,UNABLE TO DETERMINE,IMPROPER LANE USAGE,0,0,0,0,9,6,1,1820,PULASKI RD,41.897928,-87.635051,01/21/2022 10:35:00 AM,2022
CR00030322,10/18/2018 08:23:00 AM,30,CLEAR,DARKNESS - LIGHTED ROAD,ANGLE,DIVIDED - W/MEDIAN BARRIER,UNKNOWN,FOLLOWING TOO CLOSELY,WEATHER,0,0,1,1,8,5,10,270,STATE ST,41.866867,-87.69882,10/18/2018 09:12:00 AM,2018
CR00030323,04/05/2020 02:57:00 PM,35,CLEAR,DAYLIGHT,REAR TO FRONT,NOT DIVIDED,NO CONTROLS,IMPROPER LANE USAGE,FOLLOWING TOO CLOSELY,0,0,0,0,14,1,4,1937,DAMEN AVE,41.925946,-87.550458,04/05/2020 03:20:00 PM,2020
CR00030324,09/04/2024 08:11:00 AM,30,CLEAR,DAYLIGHT,SIDESWIPE SAME DIRECTION,ONE-WAY,NO CONTROLS,UNABLE TO DETERMINE,NOT APPLICABLE,0,0,1,1,8,4,9,227,DIVISION ST,41.777463,-87.506519,09/04/2024 09:10:00 AM,2024
CR00030325,06/25/2018 10:51:00 AM,30,CLEAR,DAYLIGHT,SIDESWIPE SAME DIRECTION,ONE-WAY,YIELD,FAILING TO YIELD RIGHT-OF-WAY,FOLLOWING TOO CLOSELY,0,0,0,0,10,2,6,1849,STATE ST,41.808198,-87.551829,06/25/2018 12:29:00 PM,2018
CR00030326,07/17/2019 09:25:00 AM,35,SNOW,DAYLIGHT,TURNING,ONE-WAY,STOP SIGN/FLASHER,UNABLE TO DETERMINE,FAILING TO YIELD RIGHT-OF-WAY,0,0,0,0,9,4,7,2085,MICHIGAN AVE,41.99132,-87.636885,07/17/2019 10:52:00 AM,2019
CR00030327,10/14/2021 12:46:00 PM,40,CLEAR,DARKNESS - LIGHTED ROAD,ANGLE,NOT DIVIDED,YIELD,FAILING TO YIELD RIGHT-OF-WAY,NOT APPLICABLE,0,0,3,3,12,5,10,715,ROOSEVELT RD,41.984971,-87.735782,10/14/2021 02:14:00 PM,2021
CR00030328,02/04/2015 09:40:00 PM,30,CLEAR,DAYLIGHT,REAR END,T-INTERSECTION,STOP SIGN/FLASHER,FOLLOWING TOO CLOSELY,FOLLOWING TOO CLOSELY,0,0,0,0,21,4,2,2298,STONY ISLAND AVE,41.973563,-87.825213,02/04/2015 10:00:00 PM,2015
CR00030329,10/08/2016 01:40:00 PM,15,SNOW,DAYLIGHT,REAR END,DIVIDED - W/MEDIAN BARRIER,STOP SIGN/FLASHER,FOLLOWING TOO CLOSELY,UNABLE TO DETERMINE,0,0,0,0,13,7,10,597,BROADWAY,41.990823,-87.599586,10/08/2016 02:44:00 PM,2016
CR00030330,05/23/2021 11:57:00 AM,45,CLEAR,DARKNESS - LIGHTED ROAD,SIDESWIPE SAME DIRECTION,NOT DIVIDED,STOP SIGN/FLASHER,DRIVING SKILLS/KNOWLEDGE/EXPERIENCE,WEATHER,0,0,0,0,11,1,5,861,ROOSEVELT RD,41.917211,-87.688192,05/23/2021 01:49:00 PM,2021
CR00030331,04/26/2022 06:43:00 PM,35,RAIN,DAYLIGHT,SIDESWIPE SAME DIRECTION,FOUR WAY,TRAFFIC SIGNAL,FOLLOWING TOO CLOSELY,UNABLE TO DETERMINE,0,0,0,0,18,3,4,1762,FULLERTON AVE,41.91694,-87.621072,04/26/2022 08:04:00 PM,2022
CR00030332,07/24/2019 08:04:00 PM,45,CLEAR,DAYLIGHT,REAR END,DIVIDED - W/MEDIAN BARRIER,NO CONTROLS,FAILING TO REDUCE SPEED,NOT APPLICABLE,0,0,0,0,20,4,7,1514,WESTERN AVE,41.780851,-87.577076,07/24/2019 08:44:00 PM,2019
CR00030333,07/08/2015 05:20:00 AM,40,FOG/SMOKE/HAZE,DAYLIGHT,SIDESWIPE SAME DIRECTION,NOT DIVIDED,STOP SIGN/FLASHER,DISTRACTION - FROM INSIDE VEHICLE,FAILING TO REDUCE SPEED,0,0,0,0,5,4,7,2186,ELSTON AVE,41.839025,-87.524394,07/08/2015 06:55:00 AM,2015
CR00030334,07/06/2018 07:10:00 AM,35,CLEAR,DARKNESS - LIGHTED ROAD,REAR END,FOUR WAY,TRAFFIC SIGNAL,DISREGARDING TRAFFIC SIGNALS,FAILING TO YIELD RIGHT-OF-WAY,0,0,0,0,7,6,7,560,DIVISION ST,41.817519,-87.794414,07/06/2018 08:05:00 AM,2018
CR00030335,08/15/2018 09:31:00 AM,30,CLEAR,DAYLIGHT,PARKED MOTOR VEHICLE,NOT DIVIDED,NO CONTROLS,UNABLE TO DETERMINE,IMPROPER LANE USAGE,0,0,0,0,9,4,8,1269,FULLERTON AVE,41.878148,-87.575724,08/15/2018 11:22:00 AM,2018
CR00030336,04/25/2015 02:32:00 AM,30,CLEAR,DAYLIGHT,FIXED OBJECT,NOT DIVIDED,NO CONTROLS,UNABLE TO DETERMINE,UNABLE TO DETERMINE,0,0,0,0,2,7,4,1950,KEDZIE AVE,41.885228,-87.69399,04/25/2015 04:02:00 AM,2015
CR00030337,07/20/2017 05:52:00 PM,15,CLEAR,DUSK,ANGLE,NOT DIVIDED,TRAFFIC SIGNAL,FOLLOWING TOO CLOSELY,FOLLOWING TOO CLOSELY,0,0,0,0,17,5,7,622,IRVING PARK RD,41.818896,-87.545034,07/20/2017 07:39:00 PM,2017
CR00030338,01/08/2020 05:26:00 PM,35,CLEAR,DAYLIGHT,REAR END,ONE-WAY,NO CONTROLS,UNABLE TO DETERMINE,FAILING TO REDUCE SPEED,0,0,3,3,17,4,1,835,BROADWAY,41.983992,-87.811472,01/08/2020 07:05:00 PM,2020
CR00030339,12/01/2020 04:33:00 PM,30,CLEAR,DARKNESS - LIGHTED ROAD,PEDESTRIAN,NOT DIVIDED,UNKNOWN,WEATHER,UNABLE TO DETERMINE,0,0,0,0,16,3,12,191,ELSTON AVE,41.948666,-87.798626,12/01/2020 04:55:00 PM,2020
CR00030340,08/28/2024 12:44:00 PM,40,CLEAR,DAYLIGHT,TURNING,DIVIDED - W/MEDIAN (NOT RAISED),NO CONTROLS,UNABLE TO DETERMINE,WEATHER,0,0,2,2,12,4,8,231,STATE ST,41.999668,-87.80914,08/28/2024 01:43:00 PM,2024
CR00030341,12/23/2018 10:19:00 PM,35,CLEAR,DAYLIGHT,FIXED OBJECT,ONE-WAY,TRAFFIC SIGNAL,FOLLOWING TOO CLOSELY,NOT APPLICABLE,0,0,0,0,22,1,12,928,WESTERN AVE,41.881621,-87.744646,12/23/2018 11:50:00 PM,2018
CR00030342,08/17/2018 05:34:00 AM,20,CLOUDY/OVERCAST,DAYLIGHT,SIDESWIPE SAME DIRECTION,FOUR WAY,STOP SIGN/FLASHER,FOLLOWING TOO CLOSELY,UNABLE TO DETERMINE,0,0,1,1,5,6,8,559,MILWAUKEE AVE,41.975239,-87.52701,08/17/2018 07:26:00 AM,2018
CR00030343,07/02/2016 12:28:00 PM,25,CLEAR,DUSK,SIDESWIPE SAME DIRECTION,T-INTERSECTION,STOP SIGN/FLASHER,FAILING TO YIELD RIGHT-OF-WAY,FOLLOWING TOO CLOSELY,0,0,0,0,12,7,7,1905,PULASKI RD,41.754141,-87.542996,07/02/2016 01:04:00 PM,2016
CR00030344,04/02/2016 02:37:00 AM,35,CLEAR,DAYLIGHT,SIDESWIPE SAME DIRECTION,DIVIDED - W/MEDIAN (NOT RAISED),PEDESTRIAN CROSSING SIGN,UNABLE TO DETERMINE,UNABLE TO DETERMINE,0,0,0,0,2,7,4,1298,CALIFORNIA AVE,41.833778,-87.640861,04/02/2016 04:01:00 AM,2016
CR00030345,10/20/2020 07:38:00 PM,15,CLOUDY/OVERCAST,DAYLIGHT,REAR END,DIVIDED - W/MEDIAN (NOT RAISED),TRAFFIC SIGNAL,FOLLOWING TOO CLOSELY,IMPROPER OVERTAKING/PASSING,0,0,0,0,19,3,10,2492,CICERO AVE,41.886982,-87.502717,10/20/2020 09:04:00 PM,2020
CR00030346,12/08/2018 11:32:00 PM,30,CLEAR,DAYLIGHT,TURNING,DIVIDED - W/MEDIAN (NOT RAISED),PEDESTRIAN CROSSING SIGN,FAILING TO YIELD RIGHT-OF-WAY,NOT APPLICABLE,0,0,1,1,23,7,12,1004,KEDZIE AVE,41.981167,-87.629734,12/09/2018 01:26:00 AM,2018
CR00030347,12/24/2019 04:10:00 PM,20,CLEAR,DAWN,TURNING,DIVIDED - W/MEDIAN (NOT RAISED),TRAFFIC SIGNAL,DISREGARDING TRAFFIC SIGNALS,FAILING TO REDUCE SPEED,0,0,0,0,16,3,12,525,ARCHER AVE,41.907546,-87.52724,12/24/2019 05:45:00 PM,2019
CR00030348,05/03/2022 11:58:00 AM,45,SNOW,DARKNESS,FIXED OBJECT,DIVIDED - W/MEDIAN (NOT RAISED),NO CONTROLS,DISTRACTION - FROM INSIDE VEHICLE,DISTRACTION - FROM INSIDE VEHICLE,0,0,0,0,11,3,5,2331,FULLERTON AVE,41.741319,-87.766202,05/03/2022 12:38:00 PM,2022
CR00030349,09/20/2024 10:56:00 PM,30,CLEAR,DAYLIGHT,SIDESWIPE SAME DIRECTION,NOT DIVIDED,NO CONTROLS,DISTRACTION - FROM INSIDE VEHICLE,FAILING TO REDUCE SPEED,0,0,1,1,22,6,9,1902,CLARK ST,41.980067,-87.843634,09/20/2024 11:21:00 PM,2024
CR00030350,02/23/2015 08:09:00 PM,45,CLEAR,DARKNESS - LIGHTED ROAD,ANGLE,NOT DIVIDED,NO CONTROLS,FAILING TO YIELD RIGHT-OF-WAY,DISTRACTION - FROM INSIDE VEHICLE,0,0,1,1,20,2,2,1228,OGDEN AVE,41.795752,-87.614817,02/23/2015 09:22:00 PM,2015
CR00030351,12/03/2021 09:05:00 AM,45,CLEAR,DARKNESS - LIGHTED ROAD,ANGLE,NOT DIVIDED,NO CONTROLS,IMPROPER OVERTAKING/PASSING,DISREGARDING TRAFFIC SIGNALS,0,0,0,0,9,6,12,201,IRVING PARK RD,41.817746,-87.616548,12/03/2021 10:49:00 AM,2021
CR00030352,03/20/2015 11:17:00 PM,35,CLEAR,DAYLIGHT,REAR TO FRONT,T-INTERSECTION,STOP SIGN/FLASHER,WEATHER,NOT APPLICABLE,0,0,0,0,23,6,3,816,CLARK ST,41.917334,-87.6491,03/21/2015 12:32:00 AM,2015
CR00030353,12/04/2020 07:22:00 AM,35,CLEAR,DAYLIGHT,ANGLE,FOUR WAY,TRAFFIC SIGNAL,FAILING TO YIELD RIGHT-OF-WAY,UNABLE TO DETERMINE,0,0,0,0,7,6,12,1703,CALIFORNIA AVE,41.70086,-87.754826,12/04/2020 07:35:00 AM,2020
CR00030354,02/08/2015 04:30:00 PM,35,CLEAR,DAYLIGHT,SIDESWIPE SAME DIRECTION,ONE-WAY,TRAFFIC SIGNAL,IMPROPER OVERTAKING/PASSING,WEATHER,0,0,0,0,16,1,2,813,PULASKI RD,41.954087,-87.751516,02/08/2015 04:36:00 PM,2015
CR00030355,04/21/2020 08:02:00 AM,45,CLEAR,DARKNESS - LIGHTED ROAD,PEDESTRIAN,ONE-WAY,TRAFFIC SIGNAL,FAILING TO YIELD RIGHT-OF-WAY,DISREGARDING TRAFFIC SIGNALS,0,0,0,0,8,3,4,1750,FULLERTON AVE,41.961411,-87.654296,04/21/2020 09:37:00 AM,2020
CR00030356,09/22/2019 01:19:00 PM,45,CLEAR,DARKNESS,PARKED MOTOR VEHICLE,DIVIDED - W/MEDIAN (NOT RAISED),STOP SIGN/FLASHER,UNABLE TO DETERMINE,IMPROPER OVERTAKING/PASSING,0,0,0,0,13,1,9,1004,CLARK ST,41.736721,-87.741409,09/22/2019 02:00:00 PM,2019
CR00030357,01/17/2017 10:57:00 AM,35,CLEAR,DAYLIGHT,TURNING,DIVIDED - W/MEDIAN (NOT RAISED),NO CONTROLS,UNABLE TO DETERMINE,IMPROPER OVERTAKING/PASSING,0,0,0,0,10,3,1,1170,STATE ST,41.979061,-87.504975,01/17/2017 11:48:00 AM,2017
CR00030358,07/27/2020 07:42:00 PM,15,RAIN,DARKNESS - LIGHTED ROAD,REAR END,NOT DIVIDED,TRAFFIC SIGNAL,FAILING TO YIELD RIGHT-OF-WAY,IMPROPER OVERTAKING/PASSING,0,0,0,0,19,2,7,650,DIVISION ST,41.908414,-87.672522,07/27/2020 08:02:00 PM,2020
CR00030359,02/06/2015 06:18:00 PM,40,CLEAR,DAYLIGHT,REAR END,ONE-WAY,NO CONTROLS,UNABLE TO DETERMINE,UNABLE TO DETERMINE,0,1,2,3,18,6,2,464,63RD ST,41.890176,-87.787149,02/06/2015 06:47:00 PM,2015
CR00030360,05/23/2015 08:43:00 AM,20,CLEAR,DARKNESS - LIGHTED ROAD,FIXED OBJECT,FOUR WAY,STOP SIGN/FLASHER,UNABLE TO DETERMINE,IMPROPER OVERTAKING/PASSING,0,0,1,1,8,7,5,1982,ASHLAND AVE,41.912395,-87.525987,05/23/2015 10:39:00 AM,2015
CR00030361,01/25/2019 02:44:00 PM,25,CLEAR,DARKNESS - LIGHTED ROAD,SIDESWIPE SAME DIRECTION,NOT DIVIDED,TRAFFIC SIGNAL,IMPROPER LANE USAGE,DISREGARDING TRAFFIC SIGNALS,0,0,0,0,14,6,1,2427,79TH ST,41.904496,-87.684993,01/25/2019 02:48:00 PM,2019
CR00030362,09/06/2015 08:45:00 AM,40,CLOUDY/OVERCAST,DAYLIGHT,REAR END,DIVIDED - W/MEDIAN (NOT RAISED),NO CONTROLS,IMPROPER OVERTAKING/PASSING,FAILING TO REDUCE SPEED,0,0,3,3,8,1,9,1208,STATE ST,41.798734,-87.514366,09/06/2015 08:54:00 AM,2015