CRASH_RECORD_ID,CRASH_DATE,POSTED_SPEED_LIMIT,WEATHER_CONDITION,LIGHTING_CONDITION,FIRST_CRASH_TYPE,TRAFFICWAY_TYPE,TRAFFIC_CONTROL_DEVICE,PRIM_CONTRIBUTORY_CAUSE,SEC_CONTRIBUTORY_CAUSE,INJURIES_FATAL,INJURIES_INCAPACITATING,INJURIES_NON_INCAPACITATING,INJURIES_TOTAL,CRASH_HOUR,CRASH_DAY_OF_WEEK,CRASH_MONTH,BEAT_OF_OCCURRENCE,STREET_NAME,LATITUDE,LONGITUDE,DATE_POLICE_NOTIFIED,year
CR00030363,02/19/2024 08:48:00 AM,25,CLEAR,DUSK,ANGLE,NOT DIVIDED,NO CONTROLS,UNABLE TO DETERMINE,NOT APPLICABLE,0,0,0,0,8,2,2,1720,FULLERTON AVE,41.76034,-87.694133,02/19/2024 08:55:00 AM,2024
CR00030364,02/15/2024 02:59:00 AM,35,RAIN,DAYLIGHT,REAR TO FRONT,T-INTERSECTION,TRAFFIC SIGNAL,FAILING TO YIELD RIGHT-OF-WAY,NOT APPLICABLE,0,0,0,0,2,5,2,1358,PULASKI RD,41.913548,-87.762604,02/15/2024 04:27:00 AM,2024
CR00030365,02/12/2017 04:21:00 PM,35,CLEAR,DAWN,PARKED MOTOR VEHICLE,DIVIDED - W/MEDIAN (NOT RAISED),UNKNOWN,DISREGARDING TRAFFIC SIGNALS,NOT APPLICABLE,0,0,0,0,16,1,2,1126,LAKE SHORE DR,41.817101,-87.558322,02/12/2017 06:17:00 PM,2017
CR00030366,08/23/2022 06:28:00 PM,45,CLEAR,DARKNESS - LIGHTED ROAD,REAR END,DIVIDED - W/MEDIAN (NOT RAISED),STOP SIGN/FLASHER,UNABLE TO DETERMINE,IMPROPER LANE USAGE,0,0,0,0,18,3,8,631,ASHLAND AVE,41.852058,-87.56471,08/23/2022 08:04:00 PM,2022
CR00030367,11/18/2019 08:59:00 AM,35,CLEAR,DAYLIGHT,REAR END,DIVIDED - W/MEDIAN (NOT RAISED),STOP SIGN/FLASHER,DISREGARDING TRAFFIC SIGNALS,FOLLOWING TOO CLOSELY,0,0,1,1,8,2,11,1778,ELSTON AVE,41.824282,-87.705868,11/18/2019 09:01:00 AM,2019
CR00030368,05/10/2017 06:42:00 PM,35,RAIN,DAYLIGHT,PEDESTRIAN,DIVIDED - W/MEDIAN (NOT RAISED),NO CONTROLS,IMPROPER OVERTAKING/PASSING,UNABLE TO DETERMINE,0,0,2,2,18,4,5,1045,DIVISION ST,41.910633,-87.523441,05/10/2017 07:22:00 PM,2017
CR00030369,08/13/2018 12:07:00 PM,20,CLEAR,DAYLIGHT,SIDESWIPE SAME DIRECTION,T-INTERSECTION,TRAFFIC SIGNAL,FAILING TO YIELD RIGHT-OF-WAY,DISREGARDING TRAFFIC SIGNALS,0,0,2,2,12,2,8,2463,47TH ST,41.805723,-87.580365,08/13/2018 12:22:00 PM,2018
CR00030370,09/16/2018 11:01:00 AM,30,CLEAR,DARKNESS - LIGHTED ROAD,FIXED OBJECT,NOT DIVIDED,NO CONTROLS,UNABLE TO DETERMINE,FAILING TO YIELD RIGHT-OF-WAY,0,0,0,0,11,1,9,1908,LAKE SHORE DR,41.862016,-87.533329,09/16/2018 12:11:00 PM,2018
CR00030371,03/27/2016 02:25:00 PM,30,RAIN,DAYLIGHT,REAR END,NOT DIVIDED,TRAFFIC SIGNAL,DRIVING SKILLS/KNOWLEDGE/EXPERIENCE,UNABLE TO DETERMINE,0,0,1,1,14,1,3,442,PULASKI RD,41.798482,-87.758171,03/27/2016 02:31:00 PM,2016
CR00030372,10/19/2021 08:21:00 PM,35,FOG/SMOKE/HAZE,DAWN,SIDESWIPE SAME DIRECTION,NOT DIVIDED,UNKNOWN,DISTRACTION - FROM INSIDE VEHICLE,DISREGARDING TRAFFIC SIGNALS,0,0,0,0,20,3,10,186,HALSTED ST,41.966407,-87.628961,10/19/2021 09:10:00 PM,2021
CR00030373,07/07/2015 02:20:00 AM,20,CLEAR,DARKNESS - LIGHTED ROAD,REAR END,NOT DIVIDED,STOP SIGN/FLASHER,FOLLOWING TOO CLOSELY,FAILING TO YIELD RIGHT-OF-WAY,0,0,0,0,2,3,7,2327,79TH ST,41.997898,-87.834827,07/07/2015 03:08:00 AM,2015
CR00030374,02/01/2021 10:22:00 AM,40,CLEAR,DAYLIGHT,ANGLE,NOT DIVIDED,UNKNOWN,WEATHER,IMPROPER LANE USAGE,0,0,0,0,10,2,2,2320,MICHIGAN AVE,41.961894,-87.566243,02/01/2021 10:58:00 AM,2021
CR00030375,06/02/2018 01:59:00 PM,45,CLEAR,DAYLIGHT,REAR END,NOT DIVIDED,TRAFFIC SIGNAL,DRIVING SKILLS/KNOWLEDGE/EXPERIENCE,NOT APPLICABLE,0,0,0,0,13,7,6,1219,DAMEN AVE,41.926786,-87.797259,06/02/2018 02:07:00 PM,2018
CR00030376,09/28/2016 07:39:00 AM,30,CLEAR,DAYLIGHT,REAR END,NOT DIVIDED,UNKNOWN,DRIVING SKILLS/KNOWLEDGE/EXPERIENCE,NOT APPLICABLE,0,0,0,0,7,4,9,2382,ASHLAND AVE,41.927556,-87.543829,09/28/2016 09:12:00 AM,2016
CR00030377,11/18/2017 03:55:00 AM,30,CLEAR,DAYLIGHT,SIDESWIPE SAME DIRECTION,ONE-WAY,NO CONTROLS,WEATHER,UNABLE TO DETERMINE,0,0,0,0,3,7,11,986,LAKE SHORE DR,41.826496,-87.77708,11/18/2017 05:33:00 AM,2017
CR00030378,07/17/2015 09:16:00 AM,30,CLEAR,DAYLIGHT,PEDESTRIAN,FOUR WAY,TRAFFIC SIGNAL,FAILING TO YIELD RIGHT-OF-WAY,UNABLE TO DETERMINE,0,0,3,3,9,6,7,2527,DIVISION ST,41.885355,-87.835072,07/17/2015 09:40:00 AM,2015
CR00030379,07/30/2024 08:22:00 AM,35,FOG/SMOKE/HAZE,DAYLIGHT,REAR TO FRONT,NOT DIVIDED,NO CONTROLS,UNABLE TO DETERMINE,IMPROPER LANE USAGE,0,0,0,0,8,3,7,2130,ROOSEVELT RD,41.737725,-87.819221,07/30/2024 09:48:00 AM,2024
CR00030380,07/22/2024 08:30:00 AM,30,FOG/SMOKE/HAZE,DARKNESS,FIXED OBJECT,NOT DIVIDED,UNKNOWN,UNABLE TO DETERMINE,FAILING TO YIELD RIGHT-OF-WAY,0,0,1,1,8,2,7,1168,ASHLAND AVE,41.868967,-87.585817,07/22/2024 09:20:00 AM,2024
CR00030381,03/29/2022 08:43:00 AM,40,CLEAR,DARKNESS - LIGHTED ROAD,REAR END,T-INTERSECTION,NO CONTROLS,UNABLE TO DETERMINE,UNABLE TO DETERMINE,0,0,0,0,8,3,3,1386,CALIFORNIA AVE,41.741959,-87.613943,03/29/2022 09:26:00 AM,2022
CR00030382,01/28/2019 01:00:00 PM,45,CLEAR,DAYLIGHT,REAR END,DIVIDED - W/MEDIAN (NOT RAISED),UNKNOWN,DISREGARDING TRAFFIC SIGNALS,NOT APPLICABLE,0,0,1,1,13,2,1,1075,DAMEN AVE,41.935483,-87.544545,01/28/2019 01:09:00 PM,2019
CR00030383,08/01/2017 03:44:00 PM,30,RAIN,DARKNESS - LIGHTED ROAD,REAR END,NOT DIVIDED,STOP SIGN/FLASHER,IMPROPER OVERTAKING/PASSING,UNABLE TO DETERMINE,0,0,1,1,15,3,8,1333,63RD ST,41.807146,-87.772522,08/01/2017 05:06:00 PM,2017
CR00030384,09/30/2020 02:27:00 PM,35,CLEAR,DAYLIGHT,REAR END,NOT DIVIDED,TRAFFIC SIGNAL,IMPROPER OVERTAKING/PASSING,IMPROPER OVERTAKING/PASSING,0,0,0,0,14,4,9,1696,MILWAUKEE AVE,41.833103,-87.502127,09/30/2020 03:58:00 PM,2020
CR00030385,11/23/2015 01:54:00 AM,15,CLEAR,DAYLIGHT,ANGLE,DIVIDED - W/MEDIAN (NOT RAISED),TRAFFIC SIGNAL,UNABLE TO DETERMINE,IMPROPER LANE USAGE,0,0,0,0,1,2,11,642,BROADWAY,41.752721,-87.757605,11/23/2015 03:05:00 AM,2015
CR00030386,05/18/2022 07:42:00 PM,30,RAIN,DAYLIGHT,REAR END,FOUR WAY,STOP SIGN/FLASHER,FAILING TO YIELD RIGHT-OF-WAY,IMPROPER OVERTAKING/PASSING,0,0,1,1,19,4,5,1344,ASHLAND AVE,41.941425,-87.655253,05/18/2022 08:17:00 PM,2022
CR00030387,07/31/2015 12:06:00 PM,45,CLEAR,DARKNESS - LIGHTED ROAD,ANGLE,NOT DIVIDED,NO CONTROLS,FAILING TO YIELD RIGHT-OF-WAY,IMPROPER OVERTAKING/PASSING,0,0,0,0,12,6,7,2421,CALIFORNIA AVE,41.791148,-87.626107,07/31/2015 12:21:00 PM,2015
CR00030388,09/28/2022 05:06:00 PM,25,CLEAR,DAYLIGHT,PARKED MOTOR VEHICLE,ONE-WAY,NO CONTROLS,UNABLE TO DETERMINE,NOT APPLICABLE,0,0,0,0,17,4,9,344,HALSTED ST,41.762427,-87.748809,09/28/2022 06:36:00 PM,2022
CR00030389,09/26/2018 11:20:00 AM,30,SNOW,DAYLIGHT,SIDESWIPE SAME DIRECTION,T-INTERSECTION,NO CONTROLS,IMPROPER OVERTAKING/PASSING,UNABLE TO DETERMINE,0,0,0,0,11,4,9,901,OGDEN AVE,41.985443,-87.674557,09/26/2018 01:17:00 PM,2018
CR00030390,06/02/2019 02:11:00 PM,45,CLEAR,DAYLIGHT,SIDESWIPE SAME DIRECTION,ONE-WAY,NO CONTROLS,FOLLOWING TOO CLOSELY,DISREGARDING TRAFFIC SIGNALS,0,0,0,0,14,1,6,2215,MILWAUKEE AVE,41.834351,-87.756457,06/02/2019 02:42:00 PM,2019
CR00030391,09/18/2020 08:09:00 PM,30,CLEAR,DARKNESS - LIGHTED ROAD,TURNING,DIVIDED - W/MEDIAN (NOT RAISED),STOP SIGN/FLASHER,IMPROPER LANE USAGE,FAILING TO YIELD RIGHT-OF-WAY,0,1,2,3,20,6,9,2098,WESTERN AVE,41.827287,-87.681634,09/18/2020 08:34:00 PM,2020
CR00030392,11/18/2023 11:12:00 PM,15,CLEAR,DAYLIGHT,TURNING,NOT DIVIDED,TRAFFIC SIGNAL,DRIVING SKILLS/KNOWLEDGE/EXPERIENCE,IMPROPER OVERTAKING/PASSING,0,0,0,0,23,7,11,506,WESTERN AVE,41.852987,-87.552732,11/18/2023 11:18:00 PM,2023
CR00030393,11/14/2021 04:08:00 PM,30,CLEAR,DARKNESS,REAR END,NOT DIVIDED,TRAFFIC SIGNAL,DISTRACTION - FROM INSIDE VEHICLE,FOLLOWING TOO CLOSELY,0,0,0,0,16,1,11,192,ROOSEVELT RD,41.736568,-87.504182,11/14/2021 04:28:00 PM,2021
CR00030394,12/01/2018 06:25:00 AM,45,CLEAR,DAYLIGHT,SIDESWIPE SAME DIRECTION,DIVIDED - W/MEDIAN (NOT RAISED),UNKNOWN,DRIVING SKILLS/KNOWLEDGE/EXPERIENCE,IMPROPER OVERTAKING/PASSING,0,0,2,2,6,7,12,2047,ARCHER AVE,41.725158,-87.536599,12/01/2018 07:40:00 AM,2018
CR00030395,09/27/2017 09:57:00 AM,45,CLEAR,DAYLIGHT,TURNING,NOT DIVIDED,NO CONTROLS,FAILING TO YIELD RIGHT-OF-WAY,NOT APPLICABLE,0,0,1,1,9,4,9,2470,BROADWAY,41.750469,-87.695638,09/27/2017 10:15:00 AM,2017
CR00030396,12/16/2023 04:01:00 PM,45,RAIN,DARKNESS - LIGHTED ROAD,SIDESWIPE SAME DIRECTION,NOT DIVIDED,STOP SIGN/FLASHER,UNABLE TO DETERMINE,IMPROPER OVERTAKING/PASSING,0,0,0,0,16,7,12,1016,ROOSEVELT RD,41.923864,-87.689398,12/16/2023 05:00:00 PM,2023
CR00030397,12/13/2015 12:08:00 AM,45,CLEAR,DAYLIGHT,FIXED OBJECT,NOT DIVIDED,TRAFFIC SIGNAL,UNABLE TO DETERMINE,NOT APPLICABLE,0,0,0,0,0,1,12,135,STONY ISLAND AVE,41.836023,-87.629348,12/13/2015 12:10:00 AM,2015
CR00030398,11/27/2015 01:28:00 AM,45,CLEAR,DAYLIGHT,PARKED MOTOR VEHICLE,NOT DIVIDED,NO CONTROLS,FAILING TO YIELD RIGHT-OF-WAY,IMPROPER LANE USAGE,0,0,0,0,1,6,11,1736,CICERO AVE,41.899248,-87.586372,11/27/2015 01:34:00 AM,2015
CR00030399,03/29/2019 06:18:00 PM,30,CLEAR,DARKNESS - LIGHTED ROAD,PARKED MOTOR VEHICLE,DIVIDED - W/MEDIAN BARRIER,STOP SIGN/FLASHER,UNABLE TO DETERMINE,IMPROPER OVERTAKING/PASSING,0,0,0,0,18,6,3,1381,DIVISION ST,41.780823,-87.537172,03/29/2019 07:07:00 PM,2019
CR00030400,03/13/2024 09:04:00 AM,35,RAIN,DAYLIGHT,TURNING,FOUR WAY,NO CONTROLS,DISREGARDING TRAFFIC SIGNALS,FAILING TO REDUCE SPEED,0,0,0,0,9,4,3,982,HALSTED ST,41.84334,-87.725301,03/13/2024 10:18:00 AM,2024
CR00030401,09/05/2023 06:45:00 PM,30,RAIN,DAYLIGHT,ANGLE,FOUR WAY,NO CONTROLS,IMPROPER OVERTAKING/PASSING,IMPROPER OVERTAKING/PASSING,0,0,0,0,18,3,9,521,KEDZIE AVE,41.787437,-87.825579,09/05/2023 08:42:00 PM,2023
CR00030402,07/19/2023 06:57:00 PM,20,CLEAR,DAYLIGHT,FIXED OBJECT,DIVIDED - W/MEDIAN (NOT RAISED),TRAFFIC SIGNAL,FOLLOWING TOO CLOSELY,DISTRACTION - FROM INSIDE VEHICLE,0,0,0,0,18,4,7,2201,HALSTED ST,41.912141,-87.677253,07/19/2023 08:04:00 PM,2023
CR00030403,02/25/2022 07:06:00 AM,30,CLEAR,DAYLIGHT,REAR END,DIVIDED - W/MEDIAN BARRIER,TRAFFIC SIGNAL,DISTRACTION - FROM INSIDE VEHICLE,UNABLE TO DETERMINE,0,0,0,0,7,6,2,231,STATE ST,41.890954,-87.681057,02/25/2022 08:32:00 AM,2022
CR00030404,02/05/2021 08:29:00 PM,30,CLEAR,DAYLIGHT,PARKED MOTOR VEHICLE,FOUR WAY,TRAFFIC SIGNAL,IMPROPER LANE USAGE,NOT APPLICABLE,0,0,0,0,20,6,2,1353,47TH ST,41.840969,-87.762959,02/05/2021 09:44:00 PM,2021
CR00030405,02/05/2024 09:41:00 AM,35,CLEAR,DAWN,REAR END,NOT DIVIDED,STOP SIGN/FLASHER,UNABLE TO DETERMINE,IMPROPER LANE USAGE,0,0,0,0,9,2,2,124,CALIFORNIA AVE,41.7286,-87.573196,02/05/2024 11:26:00 AM,2024
CR00030406,01/26/2023 01:12:00 AM,40,CLEAR,DAYLIGHT,REAR END,DIVIDED - W/MEDIAN (NOT RAISED),STOP SIGN/FLASHER,IMPROPER LANE USAGE,FOLLOWING TOO CLOSELY,0,0,0,0,1,5,1,265,STONY ISLAND AVE,41.863554,-87.654498,01/26/2023 02:24:00 AM,2023
CR00030407,12/18/2024 07:26:00 AM,45,RAIN,DARKNESS - LIGHTED ROAD,TURNING,DIVIDED - W/MEDIAN (NOT RAISED),PEDESTRIAN CROSSING SIGN,FOLLOWING TOO CLOSELY,NOT APPLICABLE,0,0,0,0,7,4,12,710,WESTERN AVE,41.813048,-87.674176,12/18/2024 09:24:00 AM,2024
CR00030408,02/03/2023 08:28:00 AM,40,CLEAR,DAYLIGHT,SIDESWIPE SAME DIRECTION,ONE-WAY,TRAFFIC SIGNAL,UNABLE TO DETERMINE,DISTRACTION - FROM INSIDE VEHICLE,0,0,0,0,8,6,2,506,CALIFORNIA AVE,41.870934,-87.521373,02/03/2023 10:01:00 AM,2023
CR00030409,01/20/2018 03:54:00 PM,35,CLEAR,DAYLIGHT,PEDESTRIAN,DIVIDED - W/MEDIAN (NOT RAISED),UNKNOWN,FOLLOWING TOO CLOSELY,IMPROPER OVERTAKING/PASSING,0,0,0,0,15,7,1,656,CICERO AVE,41.799966,-87.647643,01/20/2018 05:41:00 PM,2018
CR00030410,08/27/2016 05:45:00 AM,35,CLOUDY/OVERCAST,DAWN,TURNING,T-INTERSECTION,STOP SIGN/FLASHER,FOLLOWING TOO CLOSELY,FOLLOWING TOO CLOSELY,0,0,0,0,5,7,8,1690,ARCHER AVE,41.913026,-87.640171,08/27/2016 07:27:00 AM,2016
CR00030411,08/30/2022 02:44:00 AM,45,CLEAR,DARKNESS - LIGHTED ROAD,PEDESTRIAN,DIVIDED - W/MEDIAN BARRIER,NO CONTROLS,UNABLE TO DETERMINE,NOT APPLICABLE,0,0,3,3,2,3,8,801,ASHLAND AVE,41.806393,-87.566475,08/30/2022 03:41:00 AM,2022
CR00030412,08/16/2023 03:55:00 PM,30,CLEAR,DARKNESS - LIGHTED ROAD,REAR END,DIVIDED - W/MEDIAN BARRIER,UNKNOWN,UNABLE TO DETERMINE,UNABLE TO DETERMINE,0,0,0,0,15,4,8,1138,LAKE SHORE DR,41.755679,-87.705331,08/16/2023 05:51:00 PM,2023
CR00030413,10/11/2023 07:57:00 AM,40,SNOW,DARKNESS,TURNING,T-INTERSECTION,TRAFFIC SIGNAL,UNABLE TO DETERMINE,UNABLE TO DETERMINE,0,0,0,0,7,4,10,1550,CICERO AVE,41.730721,-87.838564,10/11/2023 09:32:00 AM,2023
CR00030414,08/17/2022 03:24:00 PM,35,CLEAR,DARKNESS - LIGHTED ROAD,TURNING,NOT DIVIDED,TRAFFIC SIGNAL,FAILING TO YIELD RIGHT-OF-WAY,UNABLE TO DETERMINE,0,0,0,0,15,4,8,2185,ROOSEVELT RD,41.777682,-87.77847,08/17/2022 03:49:00 PM,2022
CR00030415,04/15/2017 05:46:00 AM,30,CLEAR,DAYLIGHT,SIDESWIPE SAME DIRECTION,T-INTERSECTION,STOP SIGN/FLASHER,IMPROPER OVERTAKING/PASSING,WEATHER,0,0,0,0,5,7,4,524,ELSTON AVE,41.905128,-87.553633,04/15/2017 06:03:00 AM,2017
CR00030416,02/21/2017 11:24:00 PM,25,FREEZING RAIN/DRIZZLE,DUSK,TURNING,ONE-WAY,TRAFFIC SIGNAL,DISTRACTION - FROM INSIDE VEHICLE,UNABLE TO DETERMINE,0,0,0,0,23,3,2,1003,CLARK ST,41.982017,-87.601483,02/22/2017 12:32:00 AM,2017
CR00030417,11/11/2021 09:59:00 AM,35,CLEAR,DAYLIGHT,ANGLE,DIVIDED - W/MEDIAN (NOT RAISED),STOP SIGN/FLASHER,UNABLE TO DETERMINE,UNABLE TO DETERMINE,0,0,3,3,9,5,11,455,DAMEN AVE,41.745385,-87.513657,11/11/2021 11:19:00 AM,2021
CR00030418,08/12/2015 08:54:00 AM,35,FREEZING RAIN/DRIZZLE,DAYLIGHT,SIDESWIPE SAME DIRECTION,NOT DIVIDED,NO CONTROLS,IMPROPER OVERTAKING/PASSING,WEATHER,0,0,0,0,8,4,8,408,CICERO AVE,41.73731,-87.697905,08/12/2015 10:35:00 AM,2015
CR00030419,04/01/2017 05:57:00 PM,30,FOG/SMOKE/HAZE,DARKNESS - LIGHTED ROAD,REAR END,NOT DIVIDED,STOP SIGN/FLASHER,UNABLE TO DETERMINE,FAILING TO REDUCE SPEED,0,0,2,2,17,7,4,1674,WESTERN AVE,41.909718,-87.743468,04/01/2017 07:04:00 PM,2017
CR00030420,07/14/2023 02:16:00 PM,45,CLEAR,DUSK,SIDESWIPE SAME DIRECTION,NOT DIVIDED,NO CONTROLS,UNABLE TO DETERMINE,UNABLE TO DETERMINE,0,0,0,0,14,6,7,1911,47TH ST,41.702247,-87.732245,07/14/2023 03:08:00 PM,2023
CR00030421,08/18/2020 04:53:00 PM,45,CLEAR,DARKNESS - LIGHTED ROAD,SIDESWIPE SAME DIRECTION,T-INTERSECTION,NO CONTROLS,FAILING TO YIELD RIGHT-OF-WAY,IMPROPER LANE USAGE,0,0,1,1,16,3,8,549,MILWAUKEE AVE,41.756219,-87.541891,08/18/2020 06:53:00 PM,2020
CR00030422,04/22/2021 04:51:00 PM,20,CLEAR,DARKNESS - LIGHTED ROAD,REAR END,FOUR WAY,TRAFFIC SIGNAL,UNABLE TO DETERMINE,FAILING TO YIELD RIGHT-OF-WAY,0,0,0,0,16,5,4,2491,FULLERTON AVE,41.888103,-87.581595,04/22/2021 05:42:00 PM,2021
CR00030423,04/05/2015 02:44:00 PM,30,CLEAR,DAYLIGHT,REAR TO FRONT,FOUR WAY,STOP SIGN/FLASHER,IMPROPER OVERTAKING/PASSING,DRIVING SKILLS/KNOWLEDGE/EXPERIENCE,0,0,0,0,14,1,4,2039,STONY ISLAND AVE,41.981808,-87.513448,04/05/2015 03:29:00 PM,2015
CR00030424,09/06/2015 12:06:00 AM,30,CLEAR,DAYLIGHT,FIXED OBJECT,NOT DIVIDED,NO CONTROLS,UNABLE TO DETERMINE,IMPROPER LANE USAGE,0,0,0,0,0,1,9,985,DAMEN AVE,41.902608,-87.789357,09/06/2015 01:20:00 AM,2015
CR00030425,09/05/2018 02:44:00 PM,15,CLEAR,DAWN,TURNING,DIVIDED - W/MEDIAN BARRIER,TRAFFIC SIGNAL,DRIVING SKILLS/KNOWLEDGE/EXPERIENCE,NOT APPLICABLE,0,0,0,0,14,4,9,1124,47TH ST,41.999153,-87.67967,09/05/2018 04:00:00 PM,2018
CR00030426,05/31/2016 07:16:00 AM,30,CLEAR,DAYLIGHT,FIXED OBJECT,T-INTERSECTION,NO CONTROLS,DISREGARDING TRAFFIC SIGNALS,FAILING TO YIELD RIGHT-OF-WAY,0,0,0,0,7,3,5,1926,CICERO AVE,41.83121,-87.843472,05/31/2016 08:43:00 AM,2016
CR00030427,03/31/2015 10:58:00 PM,30,CLEAR,DAYLIGHT,SIDESWIPE SAME DIRECTION,NOT DIVIDED,TRAFFIC SIGNAL,FOLLOWING TOO CLOSELY,DISREGARDING TRAFFIC SIGNALS,0,0,0,0,22,3,3,2298,LAKE SHORE DR,41.773016,-87.626494,03/31/2015 11:55:00 PM,2015
CR00030428,10/13/2018 12:42:00 AM,15,CLEAR,DAYLIGHT,REAR END,NOT DIVIDED,NO CONTROLS,FOLLOWING TOO CLOSELY,NOT APPLICABLE,0,0,0,0,0,7,10,907,DIVISION ST,41.921137,-87.592834,10/13/2018 01:08:00 AM,2018
CR00030429,06/09/2021 03:15:00 PM,45,CLEAR,DAYLIGHT,SIDESWIPE SAME DIRECTION,NOT DIVIDED,TRAFFIC SIGNAL,UNABLE TO DETERMINE,DISTRACTION - FROM INSIDE VEHICLE,0,0,3,3,15,4,6,809,ELSTON AVE,41.937679,-87.560419,06/09/2021 03:38:00 PM,2021
CR00030430,05/03/2024 07:01:00 PM,30,CLEAR,DAYLIGHT,ANGLE,ONE-WAY,STOP SIGN/FLASHER,WEATHER,UNABLE TO DETERMINE,0,0,0,0,19,6,5,733,CICERO AVE,41.875984,-87.634671,05/03/2024 08:59:00 PM,2024
CR00030431,03/12/2016 06:42:00 PM,35,CLEAR,DARKNESS - LIGHTED ROAD,REAR TO FRONT,DIVIDED - W/MEDIAN (NOT RAISED),NO CONTROLS,UNABLE TO DETERMINE,UNABLE TO DETERMINE,0,0,0,0,18,7,3,1697,47TH ST,41.931846,-87.769046,03/12/2016 07:29:00 PM,2016
CR00030432,08/03/2021 02:35:00 PM,30,SNOW,DAYLIGHT,REAR END,NOT DIVIDED,NO CONTROLS,DISREGARDING TRAFFIC SIGNALS,UNABLE TO DETERMINE,0,0,0,0,14,3,8,1755,47TH ST,41.855038,-87.804002,08/03/2021 02:51:00 PM,2021
CR00030433,06/05/2020 03:12:00 PM,45,CLEAR,DARKNESS - LIGHTED ROAD,REAR TO FRONT,DIVIDED - W/MEDIAN BARRIER,NO CONTROLS,FOLLOWING TOO CLOSELY,DRIVING SKILLS/KNOWLEDGE/EXPERIENCE,0,0,0,0,15,6,6,1382,79TH ST,41.894225,-87.827954,06/05/2020 03:13:00 PM,2020
CR00030434,01/21/2022 07:03:00 AM,30,CLEAR,DAYLIGHT,REAR END,DIVIDED - W/MEDIAN BARRIER,STOP SIGN/FLASHER,DRIVING SKILLS/KNOWLEDGE/EXPERIENCE,FAILING TO REDUCE SPEED,0,0,0,0,7,6,1,968,PULASKI RD,41.724255,-87.618647,01/21/2022 07:28:00 AM,2022
CR00030435,12/13/2021 02:28:00 PM,40,CLEAR,DARKNESS - LIGHTED ROAD,SIDESWIPE SAME DIRECTION,NOT DIVIDED,TRAFFIC SIGNAL,UNABLE TO DETERMINE,DISTRACTION - FROM INSIDE VEHICLE,0,0,0,0,14,2,12,852,63RD ST,41.746109,-87.662833,12/13/2021 04:01:00 PM,2021
CR00030436,09/27/2019 08:39:00 AM,45,FOG/SMOKE/HAZE,DARKNESS,REAR END,ONE-WAY,TRAFFIC SIGNAL,DISREGARDING TRAFFIC SIGNALS,UNABLE TO DETERMINE,0,0,0,0,8,6,9,2467,STONY ISLAND AVE,41.777714,-87.713054,09/27/2019 09:54:00 AM,2019
CR00030437,05/21/2019 06:34:00 PM,40,CLEAR,DAYLIGHT,REAR TO FRONT,NOT DIVIDED,TRAFFIC SIGNAL,FAILING TO YIELD RIGHT-OF-WAY,DISTRACTION - FROM INSIDE VEHICLE,0,0,0,0,18,3,5,1584,KEDZIE AVE,41.936236,-87.819006,05/21/2019 08:33:00 PM,2019
CR00030438,07/31/2024 03:15:00 PM,35,CLEAR,DARKNESS - LIGHTED ROAD,TURNING,NOT DIVIDED,STOP SIGN/FLASHER,WEATHER,FAILING TO YIELD RIGHT-OF-WAY,0,0,0,0,15,4,7,817,ASHLAND AVE,41.864573,-87.80895,07/31/2024 03:54:00 PM,2024
CR00030439,10/30/2022 11:53:00 AM,20,CLEAR,DAYLIGHT,REAR END,FOUR WAY,STOP SIGN/FLASHER,UNABLE TO DETERMINE,NOT APPLICABLE,0,0,0,0,11,1,10,898,CALIFORNIA AVE,41.800892,-87.736828,10/30/2022 01:01:00 PM,2022
CR00030440,01/26/2016 03:58:00 PM,30,CLEAR,DARKNESS - LIGHTED ROAD,REAR END,DIVIDED - W/MEDIAN BARRIER,TRAFFIC SIGNAL,DRIVING SKILLS/KNOWLEDGE/EXPERIENCE,WEATHER,0,0,3,3,15,3,1,1546,CLARK ST,41.813285,-87.679738,01/26/2016 05:05:00 PM,2016
CR00030441,11/22/2017 04:58:00 PM,45,CLEAR,DAYLIGHT,SIDESWIPE SAME DIRECTION,NOT DIVIDED,NO CONTROLS,UNABLE TO DETERMINE,FOLLOWING TOO CLOSELY,0,0,0,0,16,4,11,2100,63RD ST,41.954382,-87.825866,11/22/2017 05:31:00 PM,2017
CR00030442,02/01/2017 11:55:00 AM,35,CLOUDY/OVERCAST,DAYLIGHT,PARKED MOTOR VEHICLE,ONE-WAY,NO CONTROLS,DRIVING SKILLS/KNOWLEDGE/EXPERIENCE,DRIVING SKILLS/KNOWLEDGE/EXPERIENCE,0,0,0,0,11,4,2,1320,KEDZIE AVE,41.895698,-87.750715,02/01/2017 01:48:00 PM,2017
CR00030443,12/01/2016 02:54:00 PM,45,CLOUDY/OVERCAST,DARKNESS - LIGHTED ROAD,PEDESTRIAN,FOUR WAY,NO CONTROLS,IMPROPER LANE USAGE,FOLLOWING TOO CLOSELY,0,0,2,2,14,5,12,354,MICHIGAN AVE,41.758363,-87.615169,12/01/2016 04:54:00 PM,2016