CRASH_RECORD_ID,CRASH_DATE,POSTED_SPEED_LIMIT,WEATHER_CONDITION,LIGHTING_CONDITION,FIRST_CRASH_TYPE,TRAFFICWAY_TYPE,TRAFFIC_CONTROL_DEVICE,PRIM_CONTRIBUTORY_CAUSE,SEC_CONTRIBUTORY_CAUSE,INJURIES_FATAL,INJURIES_INCAPACITATING,INJURIES_NON_INCAPACITATING,INJURIES_TOTAL,CRASH_HOUR,CRASH_DAY_OF_WEEK,CRASH_MONTH,BEAT_OF_OCCURRENCE,STREET_NAME,LATITUDE,LONGITUDE,DATE_POLICE_NOTIFIED,year
CR00030444,03/17/2023 09:54:00 AM,35,CLEAR,DAYLIGHT,REAR END,DIVIDED - W/MEDIAN (NOT RAISED),STOP SIGN/FLASHER,FAILING TO REDUCE SPEED,DISTRACTION - FROM INSIDE VEHICLE,0,0,0,0,9,6,3,341,KEDZIE AVE,41.981106,-87.641553,03/17/2023 10:04:00 AM,2023
CR00030445,10/03/2020 03:18:00 PM,45,CLEAR,DAYLIGHT,REAR END,NOT DIVIDED,TRAFFIC SIGNAL,IMPROPER OVERTAKING/PASSING,UNABLE TO DETERMINE,0,0,0,0,15,7,10,244,79TH ST,41.783377,-87.71891,10/03/2020 03:42:00 PM,2020
CR00030446,08/16/2023 01:44:00 PM,40,CLOUDY/OVERCAST,DARKNESS,TURNING,NOT DIVIDED,STOP SIGN/FLASHER,DISTRACTION - FROM INSIDE VEHICLE,UNABLE TO DETERMINE,0,0,0,0,13,4,8,1795,CICERO AVE,41.919639,-87.778445,08/16/2023 02:29:00 PM,2023
CR00030447,11/07/2022 06:34:00 AM,30,RAIN,DAYLIGHT,REAR END,T-INTERSECTION,NO CONTROLS,UNABLE TO DETERMINE,UNABLE TO DETERMINE,0,0,2,2,6,2,11,236,ELSTON AVE,41.780825,-87.613596,11/07/2022 07:17:00 AM,2022
CR00030448,02/03/2023 11:25:00 AM,40,CLEAR,DARKNESS - LIGHTED ROAD,REAR END,NOT DIVIDED,TRAFFIC SIGNAL,FOLLOWING TOO CLOSELY,NOT APPLICABLE,0,0,0,0,11,6,2,1961,LAKE SHORE DR,41.962096,-87.783399,02/03/2023 12:29:00 PM,2023
CR00030449,06/24/2022 06:20:00 PM,35,CLEAR,DUSK,REAR END,FOUR WAY,NO CONTROLS,FAILING TO REDUCE SPEED,DISREGARDING TRAFFIC SIGNALS,0,0,0,0,18,6,6,2239,ROOSEVELT RD,41.904027,-87.639653,06/24/2022 08:13:00 PM,2022
CR00030450,07/22/2015 09:42:00 AM,45,RAIN,DARKNESS - LIGHTED ROAD,PARKED MOTOR VEHICLE,ONE-WAY,TRAFFIC SIGNAL,UNABLE TO DETERMINE,IMPROPER OVERTAKING/PASSING,0,0,0,0,9,4,7,334,ASHLAND AVE,41.872868,-87.758287,07/22/2015 10:14:00 AM,2015
CR00030451,12/09/2018 04:02:00 PM,20,CLEAR,DARKNESS - LIGHTED ROAD,TURNING,NOT DIVIDED,TRAFFIC SIGNAL,DRIVING SKILLS/KNOWLEDGE/EXPERIENCE,NOT APPLICABLE,0,0,0,0,16,1,12,1400,OGDEN AVE,41.802131,-87.691456,12/09/2018 05:45:00 PM,2018
CR00030452,06/02/2021 11:30:00 PM,30,RAIN,DAWN,TURNING,NOT DIVIDED,STOP SIGN/FLASHER,UNABLE TO DETERMINE,UNABLE TO DETERMINE,0,0,0,0,23,4,6,1015,STATE ST,41.815853,-87.638208,06/03/2021 01:11:00 AM,2021
CR00030453,04/24/2021 10:03:00 AM,45,CLEAR,DAYLIGHT,PARKED MOTOR VEHICLE,NOT DIVIDED,UNKNOWN,IMPROPER LANE USAGE,IMPROPER LANE USAGE,0,0,0,0,10,7,4,478,WESTERN AVE,41.7477,-87.627479,04/24/2021 10:56:00 AM,2021
CR00030454,03/28/2015 03:01:00 PM,40,CLEAR,DAYLIGHT,SIDESWIPE SAME DIRECTION,FOUR WAY,NO CONTROLS,UNABLE TO DETERMINE,FAILING TO REDUCE SPEED,0,0,0,0,15,7,3,2227,STATE ST,41.781299,-87.617852,03/28/2015 04:04:00 PM,2015
CR00030455,10/13/2023 01:52:00 PM,30,CLEAR,DARKNESS - LIGHTED ROAD,REAR END,NOT DIVIDED,TRAFFIC SIGNAL,UNABLE TO DETERMINE,UNABLE TO DETERMINE,0,0,0,0,13,6,10,345,STONY ISLAND AVE,41.840328,-87.839747,10/13/2023 01:53:00 PM,2023
CR00030456,04/25/2023 01:41:00 AM,25,CLEAR,DARKNESS - LIGHTED ROAD,SIDESWIPE SAME DIRECTION,NOT DIVIDED,UNKNOWN,UNABLE TO DETERMINE,FAILING TO REDUCE SPEED,0,0,0,0,1,3,4,1046,MICHIGAN AVE,41.919255,-87.743263,04/25/2023 02:13:00 AM,2023
CR00030457,05/01/2017 07:47:00 AM,30,CLEAR,DAYLIGHT,TURNING,ONE-WAY,TRAFFIC SIGNAL,FAILING TO YIELD RIGHT-OF-WAY,WEATHER,0,0,0,0,7,2,5,1008,CICERO AVE,41.788875,-87.805554,05/01/2017 09:23:00 AM,2017
CR00030458,06/06/2016 02:15:00 AM,30,FREEZING RAIN/DRIZZLE,DAYLIGHT,REAR END,DIVIDED - W/MEDIAN (NOT RAISED),NO CONTROLS,FOLLOWING TOO CLOSELY,DRIVING SKILLS/KNOWLEDGE/EXPERIENCE,0,0,0,0,2,2,6,1618,WESTERN AVE,41.818117,-87.786987,06/06/2016 03:04:00 AM,2016
CR00030459,01/30/2019 12:41:00 PM,20,CLOUDY/OVERCAST,DARKNESS - LIGHTED ROAD,PEDESTRIAN,NOT DIVIDED,NO CONTROLS,UNABLE TO DETERMINE,IMPROPER LANE USAGE,0,0,0,0,12,4,1,282,OGDEN AVE,41.900194,-87.53555,01/30/2019 01:49:00 PM,2019
CR00030460,09/07/2016 03:40:00 PM,45,CLEAR,DAYLIGHT,SIDESWIPE SAME DIRECTION,ONE-WAY,TRAFFIC SIGNAL,DRIVING SKILLS/KNOWLEDGE/EXPERIENCE,UNABLE TO DETERMINE,0,0,0,0,15,4,9,268,79TH ST,41.896153,-87.661846,09/07/2016 04:35:00 PM,2016
CR00030461,12/03/2018 07:07:00 AM,20,CLEAR,DARKNESS - LIGHTED ROAD,REAR END,NOT DIVIDED,NO CONTROLS,UNABLE TO DETERMINE,NOT APPLICABLE,0,0,0,0,7,2,12,1432,MICHIGAN AVE,41.753962,-87.798478,12/03/2018 07:34:00 AM,2018
CR00030462,11/19/2023 08:55:00 PM,20,CLEAR,DAYLIGHT,REAR END,DIVIDED - W/MEDIAN (NOT RAISED),TRAFFIC SIGNAL,DISTRACTION - FROM INSIDE VEHICLE,NOT APPLICABLE,0,0,2,2,20,1,11,2222,MICHIGAN AVE,41.923749,-87.795374,11/19/2023 10:01:00 PM,2023
CR00030463,09/02/2024 11:35:00 AM,30,RAIN,DARKNESS - LIGHTED ROAD,FIXED OBJECT,NOT DIVIDED,TRAFFIC SIGNAL,DISTRACTION - FROM INSIDE VEHICLE,WEATHER,0,0,0,0,11,2,9,113,ASHLAND AVE,41.942521,-87.680141,09/02/2024 11:41:00 AM,2024
CR00030464,08/06/2017 07:37:00 PM,35,CLEAR,DUSK,FIXED OBJECT,FOUR WAY,NO CONTROLS,DISTRACTION - FROM INSIDE VEHICLE,IMPROPER LANE USAGE,0,0,0,0,19,1,8,1554,FULLERTON AVE,41.751214,-87.570517,08/06/2017 07:50:00 PM,2017
CR00030465,07/03/2018 03:47:00 PM,45,CLEAR,DARKNESS - LIGHTED ROAD,TURNING,NOT DIVIDED,NO CONTROLS,DRIVING SKILLS/KNOWLEDGE/EXPERIENCE,DISTRACTION - FROM INSIDE VEHICLE,0,0,1,1,15,3,7,335,ARCHER AVE,41.969393,-87.716738,07/03/2018 04:38:00 PM,2018
CR00030466,04/29/2022 07:49:00 PM,30,CLEAR,DAYLIGHT,TURNING,DIVIDED - W/MEDIAN BARRIER,STOP SIGN/FLASHER,FAILING TO REDUCE SPEED,FOLLOWING TOO CLOSELY,0,0,0,0,19,6,4,787,DIVISION ST,41.936304,-87.584259,04/29/2022 08:35:00 PM,2022
CR00030467,02/19/2019 02:37:00 PM,40,CLEAR,DARKNESS - LIGHTED ROAD,REAR END,NOT DIVIDED,NO CONTROLS,FAILING TO REDUCE SPEED,IMPROPER LANE USAGE,0,0,0,0,14,3,2,2020,PULASKI RD,41.774377,-87.803247,02/19/2019 03:08:00 PM,2019
CR00030468,09/07/2019 11:22:00 PM,40,CLEAR,DAYLIGHT,REAR END,DIVIDED - W/MEDIAN (NOT RAISED),TRAFFIC SIGNAL,DRIVING SKILLS/KNOWLEDGE/EXPERIENCE,NOT APPLICABLE,0,0,1,1,23,7,9,650,LAKE SHORE DR,41.776086,-87.61023,09/08/2019 12:47:00 AM,2019
CR00030469,03/31/2022 06:24:00 PM,25,CLEAR,DAYLIGHT,REAR END,DIVIDED - W/MEDIAN BARRIER,NO CONTROLS,DISREGARDING TRAFFIC SIGNALS,NOT APPLICABLE,0,0,1,1,18,5,3,325,LAKE SHORE DR,41.719748,-87.626069,03/31/2022 07:17:00 PM,2022
CR00030470,06/17/2024 01:48:00 PM,35,CLEAR,DARKNESS,ANGLE,FOUR WAY,UNKNOWN,FAILING TO REDUCE SPEED,UNABLE TO DETERMINE,0,0,0,0,13,2,6,612,CICERO AVE,41.997758,-87.73233,06/17/2024 03:42:00 PM,2024
CR00030471,01/15/2018 05:20:00 AM,30,CLOUDY/OVERCAST,DAYLIGHT,REAR END,DIVIDED - W/MEDIAN (NOT RAISED),TRAFFIC SIGNAL,UNABLE TO DETERMINE,UNABLE TO DETERMINE,0,0,1,1,5,2,1,1527,IRVING PARK RD,41.748561,-87.786397,01/15/2018 06:33:00 AM,2018
CR00030472,07/27/2024 07:20:00 PM,15,CLEAR,DARKNESS - LIGHTED ROAD,TURNING,DIVIDED - W/MEDIAN (NOT RAISED),TRAFFIC SIGNAL,DRIVING SKILLS/KNOWLEDGE/EXPERIENCE,FAILING TO YIELD RIGHT-OF-WAY,0,0,0,0,19,7,7,332,HALSTED ST,41.979871,-87.561682,07/27/2024 08:52:00 PM,2024
CR00030473,09/23/2020 06:00:00 PM,45,CLEAR,DARKNESS - LIGHTED ROAD,SIDESWIPE SAME DIRECTION,DIVIDED - W/MEDIAN BARRIER,NO CONTROLS,UNABLE TO DETERMINE,NOT APPLICABLE,0,0,0,0,18,4,9,1925,PULASKI RD,41.964205,-87.574857,09/23/2020 06:35:00 PM,2020
CR00030474,05/03/2024 12:01:00 PM,15,CLEAR,DAYLIGHT,ANGLE,DIVIDED - W/MEDIAN BARRIER,NO CONTROLS,DISREGARDING TRAFFIC SIGNALS,FOLLOWING TOO CLOSELY,0,0,0,0,12,6,5,297,IRVING PARK RD,41.714245,-87.818951,05/03/2024 01:26:00 PM,2024
CR00030475,08/17/2020 06:34:00 PM,35,CLEAR,DAYLIGHT,REAR TO FRONT,NOT DIVIDED,STOP SIGN/FLASHER,FAILING TO REDUCE SPEED,DISREGARDING TRAFFIC SIGNALS,0,0,0,0,18,2,8,1531,DAMEN AVE,41.818216,-87.693674,08/17/2020 07:05:00 PM,2020
CR00030476,01/23/2021 04:34:00 PM,20,CLOUDY/OVERCAST,DAYLIGHT,PEDESTRIAN,T-INTERSECTION,UNKNOWN,DRIVING SKILLS/KNOWLEDGE/EXPERIENCE,FOLLOWING TOO CLOSELY,0,0,0,0,16,7,1,2420,BROADWAY,41.787523,-87.746379,01/23/2021 06:08:00 PM,2021
CR00030477,08/21/2016 02:53:00 PM,30,CLEAR,DAYLIGHT,PARKED MOTOR VEHICLE,DIVIDED - W/MEDIAN BARRIER,NO CONTROLS,IMPROPER OVERTAKING/PASSING,NOT APPLICABLE,0,1,2,3,14,1,8,2274,CICERO AVE,41.735132,-87.529117,08/21/2016 04:37:00 PM,2016
CR00030478,08/18/2023 03:47:00 PM,45,SNOW,DAWN,TURNING,FOUR WAY,NO CONTROLS,FAILING TO YIELD RIGHT-OF-WAY,UNABLE TO DETERMINE,0,0,0,0,15,6,8,1980,CICERO AVE,41.835683,-87.762441,08/18/2023 04:45:00 PM,2023
CR00030479,10/27/2023 07:53:00 PM,35,CLEAR,DAYLIGHT,REAR END,ONE-WAY,TRAFFIC SIGNAL,DRIVING SKILLS/KNOWLEDGE/EXPERIENCE,NOT APPLICABLE,0,0,0,0,19,6,10,2148,STATE ST,41.763599,-87.667531,10/27/2023 09:16:00 PM,2023
CR00030480,03/05/2022 10:47:00 AM,35,CLEAR,DAYLIGHT,ANGLE,ONE-WAY,TRAFFIC SIGNAL,IMPROPER OVERTAKING/PASSING,WEATHER,0,0,1,1,10,7,3,1042,BROADWAY,41.963221,-87.644157,03/05/2022 11:38:00 AM,2022
CR00030481,08/08/2022 12:22:00 PM,30,CLOUDY/OVERCAST,DAYLIGHT,PARKED MOTOR VEHICLE,NOT DIVIDED,STOP SIGN/FLASHER,FOLLOWING TOO CLOSELY,FAILING TO YIELD RIGHT-OF-WAY,0,0,0,0,12,2,8,2126,ELSTON AVE,41.718181,-87.623032,08/08/2022 01:56:00 PM,2022
CR00030482,03/01/2016 07:27:00 AM,30,CLEAR,DAYLIGHT,PARKED MOTOR VEHICLE,NOT DIVIDED,STOP SIGN/FLASHER,DISTRACTION - FROM INSIDE VEHICLE,DRIVING SKILLS/KNOWLEDGE/EXPERIENCE,0,0,0,0,7,3,3,1131,KEDZIE AVE,41.913341,-87.674061,03/01/2016 08:49:00 AM,2016
CR00030483,02/13/2022 07:40:00 PM,45,CLEAR,DUSK,REAR END,NOT DIVIDED,YIELD,UNABLE TO DETERMINE,IMPROPER OVERTAKING/PASSING,0,0,0,0,19,1,2,1970,HALSTED ST,41.97285,-87.700429,02/13/2022 09:29:00 PM,2022
CR00030484,08/02/2020 03:43:00 PM,30,SNOW,DUSK,TURNING,NOT DIVIDED,NO CONTROLS,DISTRACTION - FROM INSIDE VEHICLE,UNABLE TO DETERMINE,0,0,0,0,15,1,8,1325,79TH ST,41.725298,-87.599781,08/02/2020 05:36:00 PM,2020
CR00030485,02/17/2016 12:51:00 PM,45,CLOUDY/OVERCAST,DARKNESS - LIGHTED ROAD,FIXED OBJECT,DIVIDED - W/MEDIAN (NOT RAISED),TRAFFIC SIGNAL,IMPROPER LANE USAGE,FOLLOWING TOO CLOSELY,0,0,0,0,12,4,2,1403,ARCHER AVE,41.765361,-87.798899,02/17/2016 02:15:00 PM,2016
CR00030486,10/19/2018 06:39:00 PM,20,CLEAR,DARKNESS - LIGHTED ROAD,REAR END,DIVIDED - W/MEDIAN BARRIER,TRAFFIC SIGNAL,IMPROPER LANE USAGE,UNABLE TO DETERMINE,0,0,0,0,18,6,10,1422,CLARK ST,41.969944,-87.560906,10/19/2018 08:15:00 PM,2018
CR00030487,04/17/2022 02:29:00 PM,40,SNOW,DAYLIGHT,PARKED MOTOR VEHICLE,DIVIDED - W/MEDIAN BARRIER,STOP SIGN/FLASHER,UNABLE TO DETERMINE,UNABLE TO DETERMINE,0,0,0,0,14,1,4,1254,CICERO AVE,41.777249,-87.601323,04/17/2022 02:46:00 PM,2022
CR00030488,01/06/2024 04:31:00 PM,30,CLEAR,DARKNESS - LIGHTED ROAD,ANGLE,ONE-WAY,NO CONTROLS,FAILING TO REDUCE SPEED,DISREGARDING TRAFFIC SIGNALS,0,0,0,0,16,7,1,135,DAMEN AVE,41.757326,-87.650516,01/06/2024 05:25:00 PM,2024
CR00030489,09/08/2022 04:57:00 PM,45,CLEAR,DAYLIGHT,REAR END,DIVIDED - W/MEDIAN (NOT RAISED),TRAFFIC SIGNAL,FAILING TO YIELD RIGHT-OF-WAY,DRIVING SKILLS/KNOWLEDGE/EXPERIENCE,0,0,2,2,16,5,9,1668,ARCHER AVE,41.962894,-87.74445,09/08/2022 05:29:00 PM,2022
CR00030490,07/03/2021 05:24:00 PM,25,CLEAR,DUSK,TURNING,DIVIDED - W/MEDIAN BARRIER,NO CONTROLS,UNABLE TO DETERMINE,NOT APPLICABLE,0,0,0,0,17,7,7,2135,CLARK ST,41.945565,-87.822769,07/03/2021 07:23:00 PM,2021
CR00030491,06/13/2015 02:12:00 PM,15,CLEAR,DARKNESS,SIDESWIPE SAME DIRECTION,DIVIDED - W/MEDIAN BARRIER,STOP SIGN/FLASHER,DRIVING SKILLS/KNOWLEDGE/EXPERIENCE,FAILING TO YIELD RIGHT-OF-WAY,0,0,1,1,14,7,6,904,OGDEN AVE,41.993371,-87.794271,06/13/2015 03:24:00 PM,2015
CR00030492,08/25/2022 03:02:00 PM,30,CLEAR,DAYLIGHT,REAR END,DIVIDED - W/MEDIAN (NOT RAISED),NO CONTROLS,UNABLE TO DETERMINE,IMPROPER LANE USAGE,0,0,0,0,15,5,8,1883,IRVING PARK RD,41.978278,-87.597606,08/25/2022 03:55:00 PM,2022
CR00030493,05/09/2019 05:08:00 AM,40,CLEAR,DAYLIGHT,REAR END,DIVIDED - W/MEDIAN (NOT RAISED),NO CONTROLS,UNABLE TO DETERMINE,FAILING TO YIELD RIGHT-OF-WAY,0,0,0,0,5,5,5,161,PULASKI RD,41.82588,-87.629966,05/09/2019 05:19:00 AM,2019
CR00030494,04/17/2018 09:30:00 AM,30,CLEAR,DARKNESS - LIGHTED ROAD,ANGLE,FOUR WAY,TRAFFIC SIGNAL,IMPROPER OVERTAKING/PASSING,IMPROPER LANE USAGE,0,0,0,0,9,3,4,1058,ELSTON AVE,41.833558,-87.610088,04/17/2018 10:19:00 AM,2018
CR00030495,04/29/2020 10:59:00 AM,40,FOG/SMOKE/HAZE,DARKNESS - LIGHTED ROAD,REAR END,DIVIDED - W/MEDIAN (NOT RAISED),TRAFFIC SIGNAL,UNABLE TO DETERMINE,FAILING TO YIELD RIGHT-OF-WAY,0,0,0,0,10,4,4,664,MILWAUKEE AVE,41.938515,-87.800398,04/29/2020 12:27:00 PM,2020
CR00030496,02/24/2015 08:41:00 AM,20,CLEAR,DAYLIGHT,REAR END,DIVIDED - W/MEDIAN BARRIER,NO CONTROLS,DISTRACTION - FROM INSIDE VEHICLE,DISTRACTION - FROM INSIDE VEHICLE,0,0,0,0,8,3,2,615,CLARK ST,41.848889,-87.564954,02/24/2015 10:34:00 AM,2015
CR00030497,05/27/2020 11:05:00 AM,45,RAIN,DARKNESS - LIGHTED ROAD,REAR END,DIVIDED - W/MEDIAN BARRIER,TRAFFIC SIGNAL,DISREGARDING TRAFFIC SIGNALS,UNABLE TO DETERMINE,0,0,1,1,11,4,5,289,MICHIGAN AVE,41.911888,-87.720481,05/27/2020 11:45:00 AM,2020
CR00030498,03/28/2023 03:37:00 AM,25,CLEAR,DAYLIGHT,FIXED OBJECT,FOUR WAY,STOP SIGN/FLASHER,UNABLE TO DETERMINE,FAILING TO REDUCE SPEED,0,0,1,1,3,3,3,363,47TH ST,41.925083,-87.703588,03/28/2023 05:02:00 AM,2023
CR00030499,05/05/2015 09:21:00 PM,35,CLEAR,DARKNESS - LIGHTED ROAD,REAR END,DIVIDED - W/MEDIAN BARRIER,TRAFFIC SIGNAL,DRIVING SKILLS/KNOWLEDGE/EXPERIENCE,FAILING TO REDUCE SPEED,0,0,0,0,21,3,5,970,ROOSEVELT RD,41.946109,-87.552568,05/05/2015 09:56:00 PM,2015
CR00030500,03/19/2024 05:21:00 AM,30,CLOUDY/OVERCAST,DAYLIGHT,REAR END,NOT DIVIDED,NO CONTROLS,UNABLE TO DETERMINE,NOT APPLICABLE,0,0,0,0,5,3,3,2269,DAMEN AVE,41.899573,-87.524723,03/19/2024 06:09:00 AM,2024
CR00030501,09/13/2016 04:16:00 PM,40,SNOW,DAYLIGHT,ANGLE,FOUR WAY,NO CONTROLS,DRIVING SKILLS/KNOWLEDGE/EXPERIENCE,UNABLE TO DETERMINE,0,0,0,0,16,3,9,1615,ARCHER AVE,41.907171,-87.563745,09/13/2016 04:50:00 PM,2016
CR00030502,04/05/2016 12:15:00 AM,40,CLEAR,DAYLIGHT,REAR END,DIVIDED - W/MEDIAN BARRIER,TRAFFIC SIGNAL,UNABLE TO DETERMINE,FAILING TO REDUCE SPEED,0,0,1,1,0,3,4,619,CALIFORNIA AVE,41.842849,-87.786107,04/05/2016 01:05:00 AM,2016
CR00030503,03/25/2016 10:59:00 AM,40,SNOW,DARKNESS - LIGHTED ROAD,SIDESWIPE SAME DIRECTION,DIVIDED - W/MEDIAN BARRIER,STOP SIGN/FLASHER,IMPROPER LANE USAGE,NOT APPLICABLE,0,0,0,0,10,6,3,1175,ELSTON AVE,41.957946,-87.816718,03/25/2016 12:00:00 PM,2016
CR00030504,12/29/2022 07:27:00 AM,30,CLEAR,DARKNESS - LIGHTED ROAD,SIDESWIPE SAME DIRECTION,NOT DIVIDED,STOP SIGN/FLASHER,FAILING TO YIELD RIGHT-OF-WAY,DISREGARDING TRAFFIC SIGNALS,0,0,0,0,7,5,12,2510,MILWAUKEE AVE,41.884865,-87.60688,12/29/2022 08:32:00 AM,2022
CR00030505,09/23/2021 09:03:00 PM,35,CLEAR,DAYLIGHT,PARKED MOTOR VEHICLE,NOT DIVIDED,TRAFFIC SIGNAL,UNABLE TO DETERMINE,NOT APPLICABLE,0,0,0,0,21,5,9,1576,LAKE SHORE DR,41.709277,-87.544537,09/23/2021 09:18:00 PM,2021
CR00030506,03/08/2017 11:16:00 AM,35,CLEAR,DAYLIGHT,TURNING,NOT DIVIDED,TRAFFIC SIGNAL,FOLLOWING TOO CLOSELY,UNABLE TO DETERMINE,0,0,0,0,11,4,3,1696,LAKE SHORE DR,41.770815,-87.767592,03/08/2017 12:56:00 PM,2017
CR00030507,02/01/2018 07:11:00 AM,35,CLEAR,DARKNESS - LIGHTED ROAD,PARKED MOTOR VEHICLE,DIVIDED - W/MEDIAN (NOT RAISED),TRAFFIC SIGNAL,IMPROPER LANE USAGE,UNABLE TO DETERMINE,0,1,0,1,7,5,2,876,CLARK ST,41.812122,-87.549899,02/01/2018 07:45:00 AM,2018
CR00030508,02/08/2017 03:48:00 PM,40,CLEAR,DARKNESS - LIGHTED ROAD,REAR END,NOT DIVIDED,TRAFFIC SIGNAL,UNABLE TO DETERMINE,FOLLOWING TOO CLOSELY,0,0,0,0,15,4,2,915,MILWAUKEE AVE,41.902316,-87.642591,02/08/2017 03:55:00 PM,2017
CR00030509,09/02/2022 02:02:00 PM,30,RAIN,DAYLIGHT,TURNING,T-INTERSECTION,TRAFFIC SIGNAL,IMPROPER OVERTAKING/PASSING,IMPROPER OVERTAKING/PASSING,0,1,3,4,14,6,9,2369,63RD ST,41.891685,-87.596168,09/02/2022 03:15:00 PM,2022
CR00030510,05/19/2016 08:31:00 PM,40,CLOUDY/OVERCAST,DAYLIGHT,SIDESWIPE SAME DIRECTION,FOUR WAY,STOP SIGN/FLASHER,FOLLOWING TOO CLOSELY,IMPROPER LANE USAGE,0,0,0,0,20,5,5,2031,STONY ISLAND AVE,41.955868,-87.848446,05/19/2016 10:21:00 PM,2016
CR00030511,08/14/2015 08:47:00 PM,20,CLEAR,DAYLIGHT,SIDESWIPE SAME DIRECTION,DIVIDED - W/MEDIAN (NOT RAISED),STOP SIGN/FLASHER,FAILING TO YIELD RIGHT-OF-WAY,IMPROPER OVERTAKING/PASSING,0,0,0,0,20,6,8,104,FULLERTON AVE,41.945194,-87.664245,08/14/2015 10:10:00 PM,2015
CR00030512,05/27/2024 11:35:00 PM,45,CLEAR,DAYLIGHT,SIDESWIPE SAME DIRECTION,FOUR WAY,STOP SIGN/FLASHER,IMPROPER OVERTAKING/PASSING,FAILING TO REDUCE SPEED,0,0,0,0,23,2,5,2099,PULASKI RD,41.740378,-87.679274,05/27/2024 11:39:00 PM,2024
CR00030513,09/25/2019 04:36:00 AM,25,CLEAR,DAYLIGHT,SIDESWIPE SAME DIRECTION,NOT DIVIDED,YIELD,IMPROPER OVERTAKING/PASSING,FAILING TO YIELD RIGHT-OF-WAY,0,0,0,0,4,4,9,1911,IRVING PARK RD,41.748902,-87.744384,09/25/2019 06:12:00 AM,2019
CR00030514,07/27/2022 04:00:00 AM,25,CLEAR,DARKNESS - LIGHTED ROAD,REAR END,ONE-WAY,STOP SIGN/FLASHER,UNABLE TO DETERMINE,NOT APPLICABLE,0,0,0,0,4,4,7,806,79TH ST,41.957972,-87.70261,07/27/2022 05:28:00 AM,2022
CR00030515,03/04/2017 06:01:00 PM,25,CLEAR,DAYLIGHT,REAR END,DIVIDED - W/MEDIAN (NOT RAISED),NO CONTROLS,UNABLE TO DETERMINE,DISTRACTION - FROM INSIDE VEHICLE,0,0,0,0,18,7,3,1773,FULLERTON AVE,41.916793,-87.614094,03/04/2017 07:51:00 PM,2017
CR00030516,06/28/2017 03:00:00 PM,30,CLEAR,DAYLIGHT,REAR TO FRONT,NOT DIVIDED,NO CONTROLS,FAILING TO YIELD RIGHT-OF-WAY,FOLLOWING TOO CLOSELY,0,0,0,0,15,4,6,2247,MICHIGAN AVE,41.981594,-87.758196,06/28/2017 03:30:00 PM,2017
CR00030517,11/10/2018 07:45:00 AM,30,RAIN,DAWN,PARKED MOTOR VEHICLE,DIVIDED - W/MEDIAN (NOT RAISED),UNKNOWN,UNABLE TO DETERMINE,FOLLOWING TOO CLOSELY,0,0,0,0,7,7,11,618,MILWAUKEE AVE,41.750819,-87.551159,11/10/2018 08:48:00 AM,2018
CR00030518,07/03/2018 12:07:00 PM,40,CLEAR,DAYLIGHT,PARKED MOTOR VEHICLE,ONE-WAY,NO CONTROLS,DRIVING SKILLS/KNOWLEDGE/EXPERIENCE,NOT APPLICABLE,0,0,0,0,12,3,7,1483,DIVISION ST,41.711783,-87.520939,07/03/2018 12:34:00 PM,2018
CR00030519,06/16/2024 06:15:00 PM,35,CLEAR,DAYLIGHT,PARKED MOTOR VEHICLE,NOT DIVIDED,NO CONTROLS,DRIVING SKILLS/KNOWLEDGE/EXPERIENCE,DRIVING SKILLS/KNOWLEDGE/EXPERIENCE,0,0,0,0,18,1,6,1439,ASHLAND AVE,41.780297,-87.730882,06/16/2024 07:48:00 PM,2024
CR00030520,01/15/2024 01:07:00 AM,30,CLEAR,DAYLIGHT,TURNING,FOUR WAY,TRAFFIC SIGNAL,FAILING TO REDUCE SPEED,FAILING TO YIELD RIGHT-OF-WAY,0,0,0,0,1,2,1,683,OGDEN AVE,41.737401,-87.848538,01/15/2024 01:15:00 AM,2024
CR00030521,04/13/2022 05:45:00 PM,35,CLEAR,DAYLIGHT,ANGLE,FOUR WAY,PEDESTRIAN CROSSING SIGN,DRIVING SKILLS/KNOWLEDGE/EXPERIENCE,DISREGARDING TRAFFIC SIGNALS,0,0,0,0,17,4,4,846,HALSTED ST,41.771692,-87.599772,04/13/2022 07:09:00 PM,2022
CR00030522,10/12/2022 12:50:00 AM,25,CLEAR,DARKNESS - LIGHTED ROAD,REAR END,NOT DIVIDED,TRAFFIC SIGNAL,DRIVING SKILLS/KNOWLEDGE/EXPERIENCE,DISREGARDING TRAFFIC SIGNALS,0,0,0,0,0,4,10,2342,MILWAUKEE AVE,41.835227,-87.565863,10/12/2022 01:09:00 AM,2022
CR00030523,06/12/2017 04:23:00 AM,15,CLEAR,DARKNESS - LIGHTED ROAD,ANGLE,T-INTERSECTION,TRAFFIC SIGNAL,DISREGARDING TRAFFIC SIGNALS,DISREGARDING TRAFFIC SIGNALS,0,0,0,0,4,2,6,1756,STONY ISLAND AVE,41.757438,-87.634454,06/12/2017 05:16:00 AM,2017
CR00030524,08/26/2016 05:07:00 PM,30,CLEAR,DARKNESS - LIGHTED ROAD,REAR END,DIVIDED - W/MEDIAN (NOT RAISED),NO CONTROLS,FOLLOWING TOO CLOSELY,FAILING TO YIELD RIGHT-OF-WAY,0,0,0,0,17,6,8,785,IRVING PARK RD,41.999243,-87.57337,08/26/2016 06:23:00 PM,2016