CRASH_RECORD_ID,CRASH_DATE,POSTED_SPEED_LIMIT,WEATHER_CONDITION,LIGHTING_CONDITION,FIRST_CRASH_TYPE,TRAFFICWAY_TYPE,TRAFFIC_CONTROL_DEVICE,PRIM_CONTRIBUTORY_CAUSE,SEC_CONTRIBUTORY_CAUSE,INJURIES_FATAL,INJURIES_INCAPACITATING,INJURIES_NON_INCAPACITATING,INJURIES_TOTAL,CRASH_HOUR,CRASH_DAY_OF_WEEK,CRASH_MONTH,BEAT_OF_OCCURRENCE,STREET_NAME,LATITUDE,LONGITUDE,DATE_POLICE_NOTIFIED,year
CR00030525,10/12/2024 07:36:00 PM,45,CLEAR,DAYLIGHT,FIXED OBJECT,ONE-WAY,STOP SIGN/FLASHER,DRIVING SKILLS/KNOWLEDGE/EXPERIENCE,FAILING TO YIELD RIGHT-OF-WAY,0,0,0,0,19,7,10,1101,DAMEN AVE,41.753418,-87.664291,10/12/2024 08:24:00 PM,2024
CR00030526,09/29/2016 08:08:00 AM,30,CLEAR,DAYLIGHT,REAR END,NOT DIVIDED,NO CONTROLS,IMPROPER OVERTAKING/PASSING,UNABLE TO DETERMINE,0,1,1,2,8,5,9,2245,79TH ST,41.834061,-87.748892,09/29/2016 10:08:00 AM,2016
CR00030527,08/20/2021 08:17:00 AM,30,CLEAR,DUSK,TURNING,ONE-WAY,UNKNOWN,UNABLE TO DETERMINE,IMPROPER LANE USAGE,0,0,1,1,8,6,8,1824,STATE ST,41.95235,-87.645589,08/20/2021 08:34:00 AM,2021
CR00030528,05/18/2020 05:35:00 PM,35,CLEAR,DARKNESS,TURNING,ONE-WAY,TRAFFIC SIGNAL,UNABLE TO DETERMINE,NOT APPLICABLE,0,0,0,0,17,2,5,569,PULASKI RD,41.73571,-87.816838,05/18/2020 05:43:00 PM,2020
CR00030529,12/16/2015 01:12:00 AM,35,CLEAR,DARKNESS - LIGHTED ROAD,SIDESWIPE SAME DIRECTION,NOT DIVIDED,TRAFFIC SIGNAL,FAILING TO YIELD RIGHT-OF-WAY,DRIVING SKILLS/KNOWLEDGE/EXPERIENCE,0,0,0,0,1,4,12,815,BROADWAY,41.884802,-87.786039,12/16/2015 01:51:00 AM,2015
CR00030530,04/25/2016 04:05:00 PM,20,CLEAR,DAYLIGHT,REAR END,NOT DIVIDED,STOP SIGN/FLASHER,DISREGARDING TRAFFIC SIGNALS,DISTRACTION - FROM INSIDE VEHICLE,0,1,3,4,16,2,4,168,IRVING PARK RD,41.710735,-87.775807,04/25/2016 05:24:00 PM,2016
CR00030531,03/17/2019 08:55:00 AM,40,RAIN,DARKNESS - LIGHTED ROAD,TURNING,ONE-WAY,TRAFFIC SIGNAL,FAILING TO YIELD RIGHT-OF-WAY,NOT APPLICABLE,0,0,0,0,8,1,3,874,47TH ST,41.869414,-87.808606,03/17/2019 10:37:00 AM,2019
CR00030532,05/15/2023 01:53:00 PM,15,CLEAR,DAYLIGHT,REAR END,FOUR WAY,TRAFFIC SIGNAL,DISTRACTION - FROM INSIDE VEHICLE,DISREGARDING TRAFFIC SIGNALS,0,0,0,0,13,2,5,2341,LAKE SHORE DR,41.971295,-87.750849,05/15/2023 02:22:00 PM,2023
CR00030533,01/19/2017 08:56:00 AM,30,CLEAR,DARKNESS,REAR END,DIVIDED - W/MEDIAN (NOT RAISED),TRAFFIC SIGNAL,UNABLE TO DETERMINE,DISTRACTION - FROM INSIDE VEHICLE,0,0,1,1,8,5,1,1566,MICHIGAN AVE,41.885359,-87.709722,01/19/2017 10:16:00 AM,2017
CR00030534,06/17/2019 05:33:00 PM,35,SNOW,DARKNESS,REAR TO FRONT,T-INTERSECTION,NO CONTROLS,FOLLOWING TOO CLOSELY,UNABLE TO DETERMINE,0,0,0,0,17,2,6,937,LAKE SHORE DR,41.939914,-87.602816,06/17/2019 06:44:00 PM,2019
CR00030535,03/26/2019 06:27:00 PM,45,CLEAR,DAYLIGHT,SIDESWIPE SAME DIRECTION,DIVIDED - W/MEDIAN BARRIER,NO CONTROLS,FOLLOWING TOO CLOSELY,FOLLOWING TOO CLOSELY,0,0,0,0,18,3,3,2508,STATE ST,41.765008,-87.614499,03/26/2019 08:04:00 PM,2019
CR00030536,10/25/2023 07:13:00 AM,15,CLEAR,DARKNESS - LIGHTED ROAD,TURNING,FOUR WAY,NO CONTROLS,FAILING TO YIELD RIGHT-OF-WAY,FOLLOWING TOO CLOSELY,0,0,0,0,7,4,10,1360,FULLERTON AVE,41.884434,-87.810053,10/25/2023 07:19:00 AM,2023
CR00030537,08/21/2018 10:19:00 AM,30,RAIN,DARKNESS - LIGHTED ROAD,REAR END,NOT DIVIDED,NO CONTROLS,UNABLE TO DETERMINE,DISTRACTION - FROM INSIDE VEHICLE,0,0,3,3,10,3,8,1631,63RD ST,41.862822,-87.757275,08/21/2018 11:25:00 AM,2018
CR00030538,08/04/2018 04:00:00 PM,30,CLEAR,DARKNESS - LIGHTED ROAD,FIXED OBJECT,NOT DIVIDED,TRAFFIC SIGNAL,DISTRACTION - FROM INSIDE VEHICLE,UNABLE TO DETERMINE,0,0,0,0,16,7,8,1984,OGDEN AVE,41.749572,-87.705644,08/04/2018 05:26:00 PM,2018
CR00030539,10/30/2023 01:32:00 PM,30,RAIN,DARKNESS - LIGHTED ROAD,TURNING,NOT DIVIDED,STOP SIGN/FLASHER,DRIVING SKILLS/KNOWLEDGE/EXPERIENCE,NOT APPLICABLE,0,0,2,2,13,2,10,956,BROADWAY,41.79925,-87.843467,10/30/2023 02:00:00 PM,2023
CR00030540,12/28/2022 04:17:00 PM,25,CLEAR,DAYLIGHT,TURNING,NOT DIVIDED,TRAFFIC SIGNAL,FAILING TO REDUCE SPEED,NOT APPLICABLE,0,0,0,0,16,4,12,2353,ELSTON AVE,41.994409,-87.661084,12/28/2022 05:21:00 PM,2022
CR00030541,09/30/2021 04:32:00 PM,35,CLEAR,DAYLIGHT,TURNING,T-INTERSECTION,STOP SIGN/FLASHER,DRIVING SKILLS/KNOWLEDGE/EXPERIENCE,NOT APPLICABLE,0,0,0,0,16,5,9,969,MICHIGAN AVE,41.986957,-87.836774,09/30/2021 04:53:00 PM,2021
CR00030542,01/24/2016 08:30:00 AM,45,RAIN,DARKNESS - LIGHTED ROAD,REAR END,DIVIDED - W/MEDIAN BARRIER,TRAFFIC SIGNAL,DISREGARDING TRAFFIC SIGNALS,UNABLE TO DETERMINE,0,0,0,0,8,1,1,611,WESTERN AVE,41.787183,-87.766997,01/24/2016 09:01:00 AM,2016
CR00030543,04/17/2023 03:52:00 PM,30,CLEAR,DAYLIGHT,TURNING,DIVIDED - W/MEDIAN BARRIER,TRAFFIC SIGNAL,IMPROPER LANE USAGE,DRIVING SKILLS/KNOWLEDGE/EXPERIENCE,0,0,0,0,15,2,4,2233,MILWAUKEE AVE,41.990271,-87.566469,04/17/2023 05:36:00 PM,2023
CR00030544,11/20/2015 09:11:00 AM,30,CLEAR,DAYLIGHT,ANGLE,NOT DIVIDED,NO CONTROLS,UNABLE TO DETERMINE,NOT APPLICABLE,0,0,0,0,9,6,11,2217,WESTERN AVE,41.836616,-87.688171,11/20/2015 11:02:00 AM,2015
CR00030545,08/12/2018 05:23:00 AM,30,CLEAR,DAYLIGHT,REAR END,DIVIDED - W/MEDIAN (NOT RAISED),NO CONTROLS,UNABLE TO DETERMINE,WEATHER,0,0,0,0,5,1,8,2078,WESTERN AVE,41.773896,-87.52479,08/12/2018 06:12:00 AM,2018
CR00030546,07/22/2018 05:17:00 PM,30,RAIN,DAYLIGHT,TURNING,ONE-WAY,TRAFFIC SIGNAL,DISTRACTION - FROM INSIDE VEHICLE,NOT APPLICABLE,0,0,1,1,17,1,7,352,MICHIGAN AVE,41.981936,-87.564292,07/22/2018 06:30:00 PM,2018
CR00030547,12/06/2021 05:14:00 PM,15,CLEAR,DARKNESS - LIGHTED ROAD,ANGLE,NOT DIVIDED,STOP SIGN/FLASHER,UNABLE TO DETERMINE,DISTRACTION - FROM INSIDE VEHICLE,0,0,0,0,17,2,12,1504,79TH ST,41.912116,-87.699826,12/06/2021 06:03:00 PM,2021
CR00030548,07/28/2017 11:06:00 AM,15,SNOW,DARKNESS - LIGHTED ROAD,TURNING,ONE-WAY,UNKNOWN,DISTRACTION - FROM INSIDE VEHICLE,NOT APPLICABLE,0,0,3,3,11,6,7,1895,STATE ST,41.948648,-87.533507,07/28/2017 12:38:00 PM,2017
CR00030549,03/11/2023 03:53:00 AM,35,CLEAR,DARKNESS,REAR TO FRONT,DIVIDED - W/MEDIAN BARRIER,NO CONTROLS,DRIVING SKILLS/KNOWLEDGE/EXPERIENCE,NOT APPLICABLE,0,0,3,3,3,7,3,1552,IRVING PARK RD,41.724006,-87.781981,03/11/2023 04:31:00 AM,2023
CR00030550,05/28/2019 03:27:00 AM,40,CLEAR,DARKNESS - LIGHTED ROAD,SIDESWIPE SAME DIRECTION,DIVIDED - W/MEDIAN (NOT RAISED),NO CONTROLS,UNABLE TO DETERMINE,FAILING TO YIELD RIGHT-OF-WAY,0,0,0,0,3,3,5,1820,63RD ST,41.870356,-87.533413,05/28/2019 03:35:00 AM,2019
CR00030551,11/28/2024 08:58:00 PM,25,CLEAR,DARKNESS,ANGLE,NOT DIVIDED,NO CONTROLS,FOLLOWING TOO CLOSELY,IMPROPER OVERTAKING/PASSING,0,0,0,0,20,5,11,929,63RD ST,41.884002,-87.695303,11/28/2024 10:38:00 PM,2024
CR00030552,06/26/2021 08:55:00 PM,30,FOG/SMOKE/HAZE,DARKNESS - LIGHTED ROAD,FIXED OBJECT,NOT DIVIDED,NO CONTROLS,FAILING TO YIELD RIGHT-OF-WAY,FAILING TO YIELD RIGHT-OF-WAY,0,1,1,2,20,7,6,2412,63RD ST,41.905914,-87.583665,06/26/2021 09:05:00 PM,2021
CR00030553,10/11/2022 12:30:00 AM,30,FOG/SMOKE/HAZE,DAYLIGHT,TURNING,ONE-WAY,UNKNOWN,UNABLE TO DETERMINE,FAILING TO REDUCE SPEED,0,0,0,0,0,3,10,2201,DAMEN AVE,41.927732,-87.528968,10/11/2022 12:49:00 AM,2022
CR00030554,01/08/2015 10:46:00 AM,15,RAIN,DAYLIGHT,REAR END,DIVIDED - W/MEDIAN BARRIER,TRAFFIC SIGNAL,DRIVING SKILLS/KNOWLEDGE/EXPERIENCE,IMPROPER OVERTAKING/PASSING,0,0,0,0,10,5,1,1720,LAKE SHORE DR,41.812534,-87.762129,01/08/2015 11:29:00 AM,2015
CR00030555,06/11/2018 06:30:00 PM,25,CLEAR,DAYLIGHT,REAR END,ONE-WAY,TRAFFIC SIGNAL,DISREGARDING TRAFFIC SIGNALS,FAILING TO YIELD RIGHT-OF-WAY,0,0,0,0,18,2,6,957,STATE ST,41.836509,-87.538287,06/11/2018 07:03:00 PM,2018
CR00030556,07/23/2015 08:11:00 PM,35,RAIN,DAYLIGHT,REAR END,ONE-WAY,TRAFFIC SIGNAL,UNABLE TO DETERMINE,NOT APPLICABLE,0,0,0,0,20,5,7,2109,CALIFORNIA AVE,41.717516,-87.601077,07/23/2015 08:54:00 PM,2015
CR00030557,05/24/2019 06:30:00 PM,20,CLOUDY/OVERCAST,DAWN,FIXED OBJECT,DIVIDED - W/MEDIAN (NOT RAISED),TRAFFIC SIGNAL,DISREGARDING TRAFFIC SIGNALS,NOT APPLICABLE,0,0,0,0,18,6,5,1719,CALIFORNIA AVE,41.852133,-87.833964,05/24/2019 08:22:00 PM,2019
CR00030558,08/26/2020 10:16:00 AM,30,CLEAR,DAYLIGHT,ANGLE,DIVIDED - W/MEDIAN (NOT RAISED),TRAFFIC SIGNAL,FOLLOWING TOO CLOSELY,FOLLOWING TOO CLOSELY,0,0,0,0,10,4,8,333,KEDZIE AVE,41.946701,-87.52953,08/26/2020 11:04:00 AM,2020
CR00030559,06/03/2022 04:13:00 AM,40,CLEAR,DAYLIGHT,REAR END,NOT DIVIDED,STOP SIGN/FLASHER,UNABLE TO DETERMINE,FAILING TO REDUCE SPEED,0,0,0,0,4,6,6,934,DAMEN AVE,41.893602,-87.502252,06/03/2022 04:27:00 AM,2022
CR00030560,10/23/2015 07:10:00 PM,30,CLEAR,DAYLIGHT,REAR END,NOT DIVIDED,NO CONTROLS,IMPROPER LANE USAGE,NOT APPLICABLE,0,0,0,0,19,6,10,2333,DAMEN AVE,41.703887,-87.830421,10/23/2015 08:06:00 PM,2015
CR00030561,01/02/2019 12:35:00 AM,30,CLEAR,DAYLIGHT,TURNING,DIVIDED - W/MEDIAN BARRIER,NO CONTROLS,UNABLE TO DETERMINE,UNABLE TO DETERMINE,0,0,0,0,0,4,1,1754,CICERO AVE,41.84626,-87.640536,01/02/2019 12:54:00 AM,2019
CR00030562,01/16/2021 02:13:00 AM,30,CLEAR,DAYLIGHT,REAR END,DIVIDED - W/MEDIAN BARRIER,TRAFFIC SIGNAL,FOLLOWING TOO CLOSELY,DRIVING SKILLS/KNOWLEDGE/EXPERIENCE,0,0,0,0,2,7,1,962,STATE ST,41.854897,-87.815486,01/16/2021 02:21:00 AM,2021
CR00030563,05/25/2015 07:03:00 AM,30,CLEAR,DUSK,TURNING,FOUR WAY,NO CONTROLS,FAILING TO REDUCE SPEED,NOT APPLICABLE,0,0,3,3,7,2,5,1588,BROADWAY,41.842782,-87.588553,05/25/2015 07:55:00 AM,2015
CR00030564,02/18/2023 12:57:00 PM,35,CLEAR,DUSK,FIXED OBJECT,DIVIDED - W/MEDIAN (NOT RAISED),TRAFFIC SIGNAL,UNABLE TO DETERMINE,UNABLE TO DETERMINE,0,0,0,0,12,7,2,378,ASHLAND AVE,41.756569,-87.581804,02/18/2023 01:21:00 PM,2023
CR00030565,11/13/2021 03:30:00 PM,35,CLOUDY/OVERCAST,DAYLIGHT,TURNING,DIVIDED - W/MEDIAN BARRIER,STOP SIGN/FLASHER,FAILING TO REDUCE SPEED,FOLLOWING TOO CLOSELY,0,0,0,0,15,7,11,1240,MICHIGAN AVE,41.738194,-87.736337,11/13/2021 03:58:00 PM,2021
CR00030566,02/15/2015 03:29:00 PM,35,CLEAR,DAYLIGHT,ANGLE,DIVIDED - W/MEDIAN (NOT RAISED),TRAFFIC SIGNAL,FOLLOWING TOO CLOSELY,FAILING TO YIELD RIGHT-OF-WAY,0,0,0,0,15,1,2,1764,ELSTON AVE,41.794895,-87.736907,02/15/2015 05:25:00 PM,2015
CR00030567,11/25/2017 01:44:00 AM,15,CLOUDY/OVERCAST,DARKNESS - LIGHTED ROAD,REAR TO FRONT,T-INTERSECTION,NO CONTROLS,IMPROPER OVERTAKING/PASSING,DRIVING SKILLS/KNOWLEDGE/EXPERIENCE,0,0,0,0,1,7,11,894,STONY ISLAND AVE,41.737343,-87.840094,11/25/2017 03:10:00 AM,2017
CR00030568,06/14/2023 10:31:00 AM,30,CLEAR,DARKNESS - LIGHTED ROAD,ANGLE,NOT DIVIDED,STOP SIGN/FLASHER,IMPROPER OVERTAKING/PASSING,DISREGARDING TRAFFIC SIGNALS,0,0,0,0,10,4,6,1671,ELSTON AVE,41.76578,-87.675334,06/14/2023 12:25:00 PM,2023
CR00030569,01/23/2022 08:23:00 AM,20,FOG/SMOKE/HAZE,DAYLIGHT,PEDESTRIAN,NOT DIVIDED,TRAFFIC SIGNAL,WEATHER,NOT APPLICABLE,0,1,3,4,8,1,1,1507,MICHIGAN AVE,41.821701,-87.747805,01/23/2022 08:49:00 AM,2022
CR00030570,07/07/2015 05:16:00 PM,25,SNOW,DARKNESS - LIGHTED ROAD,SIDESWIPE SAME DIRECTION,NOT DIVIDED,YIELD,DRIVING SKILLS/KNOWLEDGE/EXPERIENCE,FAILING TO YIELD RIGHT-OF-WAY,0,0,0,0,17,3,7,1482,HALSTED ST,41.975811,-87.790582,07/07/2015 06:56:00 PM,2015
CR00030571,09/30/2022 07:21:00 PM,40,CLEAR,DAYLIGHT,REAR END,FOUR WAY,TRAFFIC SIGNAL,UNABLE TO DETERMINE,FOLLOWING TOO CLOSELY,0,2,1,3,19,6,9,1558,FULLERTON AVE,41.718509,-87.765669,09/30/2022 08:06:00 PM,2022
CR00030572,04/16/2024 10:40:00 AM,35,CLEAR,DAYLIGHT,REAR END,NOT DIVIDED,UNKNOWN,WEATHER,DISTRACTION - FROM INSIDE VEHICLE,0,0,0,0,10,3,4,611,ARCHER AVE,41.923935,-87.811377,04/16/2024 11:08:00 AM,2024
CR00030573,11/11/2021 06:07:00 PM,40,CLEAR,DAYLIGHT,REAR END,NOT DIVIDED,NO CONTROLS,IMPROPER OVERTAKING/PASSING,DRIVING SKILLS/KNOWLEDGE/EXPERIENCE,0,0,0,0,18,5,11,287,WESTERN AVE,41.953801,-87.833313,11/11/2021 07:35:00 PM,2021
CR00030574,11/02/2017 05:19:00 AM,35,CLEAR,DAYLIGHT,TURNING,T-INTERSECTION,TRAFFIC SIGNAL,IMPROPER LANE USAGE,UNABLE TO DETERMINE,0,0,0,0,5,5,11,2221,STONY ISLAND AVE,41.829015,-87.583873,11/02/2017 05:22:00 AM,2017
CR00030575,08/19/2023 01:25:00 AM,35,RAIN,DARKNESS - LIGHTED ROAD,REAR END,NOT DIVIDED,NO CONTROLS,FOLLOWING TOO CLOSELY,UNABLE TO DETERMINE,0,0,1,1,1,7,8,888,DAMEN AVE,41.986598,-87.76161,08/19/2023 01:49:00 AM,2023
CR00030576,12/24/2019 08:10:00 AM,35,CLEAR,DARKNESS - LIGHTED ROAD,TURNING,FOUR WAY,NO CONTROLS,UNABLE TO DETERMINE,IMPROPER OVERTAKING/PASSING,0,0,0,0,8,3,12,1902,FULLERTON AVE,41.768911,-87.609167,12/24/2019 10:02:00 AM,2019
CR00030577,07/22/2019 07:36:00 PM,45,CLEAR,DAYLIGHT,PARKED MOTOR VEHICLE,DIVIDED - W/MEDIAN BARRIER,TRAFFIC SIGNAL,IMPROPER LANE USAGE,FAILING TO YIELD RIGHT-OF-WAY,0,0,0,0,19,2,7,1039,HALSTED ST,41.856299,-87.500209,07/22/2019 08:19:00 PM,2019
CR00030578,03/25/2016 10:43:00 PM,15,CLEAR,DAYLIGHT,TURNING,NOT DIVIDED,TRAFFIC SIGNAL,FAILING TO REDUCE SPEED,FAILING TO REDUCE SPEED,0,0,0,0,22,6,3,2102,OGDEN AVE,41.728373,-87.554086,03/25/2016 11:36:00 PM,2016
CR00030579,08/06/2018 02:03:00 AM,30,CLEAR,DAYLIGHT,FIXED OBJECT,NOT DIVIDED,NO CONTROLS,UNABLE TO DETERMINE,UNABLE TO DETERMINE,0,1,1,2,2,2,8,1795,CLARK ST,41.878171,-87.643036,08/06/2018 03:47:00 AM,2018
CR00030580,02/06/2018 03:16:00 PM,30,CLEAR,DAYLIGHT,TURNING,NOT DIVIDED,TRAFFIC SIGNAL,FOLLOWING TOO CLOSELY,FAILING TO YIELD RIGHT-OF-WAY,0,1,3,4,15,3,2,1312,OGDEN AVE,41.994112,-87.723299,02/06/2018 04:48:00 PM,2018
CR00030581,03/24/2022 05:52:00 PM,35,RAIN,DAYLIGHT,PARKED MOTOR VEHICLE,NOT DIVIDED,TRAFFIC SIGNAL,FAILING TO YIELD RIGHT-OF-WAY,FAILING TO REDUCE SPEED,0,0,0,0,17,5,3,304,63RD ST,41.901664,-87.753181,03/24/2022 07:31:00 PM,2022
CR00030582,03/05/2020 01:35:00 AM,35,CLEAR,DARKNESS - LIGHTED ROAD,SIDESWIPE SAME DIRECTION,ONE-WAY,NO CONTROLS,UNABLE TO DETERMINE,DISREGARDING TRAFFIC SIGNALS,0,0,0,0,1,5,3,1584,BROADWAY,41.813714,-87.63524,03/05/2020 01:36:00 AM,2020
CR00030583,03/17/2020 06:07:00 PM,40,FOG/SMOKE/HAZE,DARKNESS - LIGHTED ROAD,TURNING,DIVIDED - W/MEDIAN (NOT RAISED),TRAFFIC SIGNAL,UNABLE TO DETERMINE,UNABLE TO DETERMINE,0,0,0,0,18,3,3,316,CLARK ST,41.880176,-87.574623,03/17/2020 07:26:00 PM,2020
CR00030584,08/31/2020 04:20:00 PM,25,CLEAR,DAYLIGHT,REAR END,NOT DIVIDED,NO CONTROLS,UNABLE TO DETERMINE,FAILING TO YIELD RIGHT-OF-WAY,0,0,0,0,16,2,8,1764,MILWAUKEE AVE,41.751818,-87.611294,08/31/2020 05:04:00 PM,2020
CR00030585,02/12/2015 09:26:00 AM,40,CLEAR,DAYLIGHT,ANGLE,T-INTERSECTION,NO CONTROLS,DISREGARDING TRAFFIC SIGNALS,DRIVING SKILLS/KNOWLEDGE/EXPERIENCE,0,0,0,0,9,5,2,2455,OGDEN AVE,41.971787,-87.664307,02/12/2015 10:17:00 AM,2015
CR00030586,06/01/2017 08:05:00 AM,30,CLEAR,DAYLIGHT,ANGLE,NOT DIVIDED,STOP SIGN/FLASHER,UNABLE TO DETERMINE,WEATHER,0,0,0,0,8,5,6,1741,PULASKI RD,41.931124,-87.510836,06/01/2017 09:27:00 AM,2017
CR00030587,08/04/2024 05:22:00 PM,30,RAIN,DAYLIGHT,TURNING,ONE-WAY,NO CONTROLS,UNABLE TO DETERMINE,UNABLE TO DETERMINE,0,0,0,0,17,1,8,1537,CLARK ST,41.822939,-87.770368,08/04/2024 07:21:00 PM,2024
CR00030588,07/10/2021 05:13:00 AM,15,CLOUDY/OVERCAST,DARKNESS,REAR END,T-INTERSECTION,NO CONTROLS,WEATHER,NOT APPLICABLE,0,0,0,0,5,7,7,532,IRVING PARK RD,41.963564,-87.669011,07/10/2021 05:33:00 AM,2021
CR00030589,09/30/2023 08:19:00 AM,15,CLEAR,DARKNESS - LIGHTED ROAD,PEDESTRIAN,ONE-WAY,UNKNOWN,DRIVING SKILLS/KNOWLEDGE/EXPERIENCE,FOLLOWING TOO CLOSELY,0,0,0,0,8,7,9,2382,STONY ISLAND AVE,41.936607,-87.822782,09/30/2023 10:15:00 AM,2023
CR00030590,03/07/2018 09:57:00 PM,15,RAIN,DARKNESS,REAR END,FOUR WAY,NO CONTROLS,FOLLOWING TOO CLOSELY,NOT APPLICABLE,0,0,0,0,21,4,3,1124,ELSTON AVE,41.734944,-87.679061,03/07/2018 11:11:00 PM,2018
CR00030591,10/09/2017 04:22:00 PM,30,RAIN,DARKNESS - LIGHTED ROAD,PARKED MOTOR VEHICLE,FOUR WAY,TRAFFIC SIGNAL,IMPROPER LANE USAGE,IMPROPER OVERTAKING/PASSING,0,0,1,1,16,2,10,1281,CICERO AVE,41.732799,-87.848618,10/09/2017 05:22:00 PM,2017
CR00030592,06/24/2021 04:40:00 PM,25,CLEAR,DAYLIGHT,TURNING,NOT DIVIDED,NO CONTROLS,IMPROPER LANE USAGE,WEATHER,0,0,0,0,16,5,6,1980,HALSTED ST,41.744068,-87.740085,06/24/2021 06:32:00 PM,2021
CR00030593,08/24/2018 07:37:00 AM,30,CLEAR,DARKNESS - LIGHTED ROAD,SIDESWIPE SAME DIRECTION,NOT DIVIDED,TRAFFIC SIGNAL,WEATHER,NOT APPLICABLE,0,0,0,0,7,6,8,1891,WESTERN AVE,41.866192,-87.544721,08/24/2018 09:07:00 AM,2018
CR00030594,09/18/2024 03:31:00 AM,30,CLEAR,DAYLIGHT,TURNING,DIVIDED - W/MEDIAN (NOT RAISED),TRAFFIC SIGNAL,UNABLE TO DETERMINE,NOT APPLICABLE,0,0,0,0,3,4,9,2316,LAKE SHORE DR,41.751687,-87.59704,09/18/2024 03:38:00 AM,2024
CR00030595,04/15/2015 01:49:00 PM,30,CLEAR,DAYLIGHT,REAR END,FOUR WAY,NO CONTROLS,IMPROPER OVERTAKING/PASSING,UNABLE TO DETERMINE,0,0,0,0,13,4,4,397,FULLERTON AVE,41.71727,-87.586375,04/15/2015 02:27:00 PM,2015
CR00030596,02/04/2015 05:19:00 PM,30,CLEAR,DUSK,REAR END,NOT DIVIDED,YIELD,DISREGARDING TRAFFIC SIGNALS,NOT APPLICABLE,0,0,0,0,17,4,2,726,ARCHER AVE,41.865916,-87.756263,02/04/2015 05:58:00 PM,2015
CR00030597,04/25/2017 06:35:00 PM,30,CLEAR,DAYLIGHT,TURNING,NOT DIVIDED,NO CONTROLS,FAILING TO YIELD RIGHT-OF-WAY,NOT APPLICABLE,0,0,0,0,18,3,4,1800,STONY ISLAND AVE,41.807446,-87.645374,04/25/2017 08:27:00 PM,2017
CR00030598,07/07/2022 10:52:00 PM,15,SNOW,DARKNESS,REAR END,ONE-WAY,YIELD,FAILING TO YIELD RIGHT-OF-WAY,IMPROPER OVERTAKING/PASSING,0,0,0,0,22,5,7,1039,LAKE SHORE DR,41.866551,-87.706993,07/08/2022 12:41:00 AM,2022
CR00030599,02/09/2024 03:31:00 PM,35,CLEAR,DAYLIGHT,REAR TO FRONT,NOT DIVIDED,TRAFFIC SIGNAL,UNABLE TO DETERMINE,DRIVING SKILLS/KNOWLEDGE/EXPERIENCE,0,0,0,0,15,6,2,419,CICERO AVE,41.925669,-87.79981,02/09/2024 04:39:00 PM,2024
CR00030600,08/27/2018 05:03:00 PM,20,CLEAR,DAYLIGHT,TURNING,NOT DIVIDED,NO CONTROLS,IMPROPER OVERTAKING/PASSING,DISTRACTION - FROM INSIDE VEHICLE,0,0,0,0,17,2,8,413,FULLERTON AVE,41.968641,-87.652236,08/27/2018 06:23:00 PM,2018
CR00030601,05/31/2024 08:41:00 PM,25,CLEAR,DAYLIGHT,PEDESTRIAN,ONE-WAY,STOP SIGN/FLASHER,DISREGARDING TRAFFIC SIGNALS,UNABLE TO DETERMINE,0,0,0,0,20,6,5,1491,ROOSEVELT RD,41.916779,-87.600246,05/31/2024 10:39:00 PM,2024
CR00030602,04/30/2018 03:35:00 PM,30,CLEAR,DAYLIGHT,SIDESWIPE SAME DIRECTION,DIVIDED - W/MEDIAN (NOT RAISED),TRAFFIC SIGNAL,FAILING TO YIELD RIGHT-OF-WAY,FOLLOWING TOO CLOSELY,0,0,0,0,15,2,4,2276,ASHLAND AVE,41.712694,-87.82732,04/30/2018 05:34:00 PM,2018
CR00030603,08/22/2024 12:18:00 PM,30,CLEAR,DAYLIGHT,REAR END,ONE-WAY,STOP SIGN/FLASHER,FOLLOWING TOO CLOSELY,DISTRACTION - FROM INSIDE VEHICLE,0,0,0,0,12,5,8,1181,DIVISION ST,41.814667,-87.766803,08/22/2024 02:06:00 PM,2024
CR00030604,06/17/2019 05:45:00 PM,45,CLEAR,DAYLIGHT,TURNING,DIVIDED - W/MEDIAN (NOT RAISED),TRAFFIC SIGNAL,FOLLOWING TOO CLOSELY,NOT APPLICABLE,0,0,3,3,17,2,6,2397,CALIFORNIA AVE,41.724083,-87.764557,06/17/2019 06:32:00 PM,2019
CR00030605,05/03/2023 12:15:00 AM,15,CLEAR,DUSK,TURNING,NOT DIVIDED,NO CONTROLS,UNABLE TO DETERMINE,NOT APPLICABLE,0,0,1,1,0,4,5,1641,STONY ISLAND AVE,41.80489,-87.665395,05/03/2023 01:20:00 AM,2023
CR00030606,03/06/2015 12:50:00 PM,15,CLEAR,DAYLIGHT,REAR END,NOT DIVIDED,TRAFFIC SIGNAL,FOLLOWING TOO CLOSELY,FOLLOWING TOO CLOSELY,0,0,0,0,12,6,3,843,WESTERN AVE,41.979585,-87.602624,03/06/2015 01:50:00 PM,2015
CR00030607,12/31/2016 09:45:00 AM,45,CLEAR,DAYLIGHT,TURNING,NOT DIVIDED,NO CONTROLS,DISTRACTION - FROM INSIDE VEHICLE,NOT APPLICABLE,0,0,3,3,9,7,12,1357,79TH ST,41.96017,-87.560831,12/31/2016 11:25:00 AM,2016
CR00030608,05/22/2015 07:42:00 AM,35,CLEAR,DAYLIGHT,SIDESWIPE SAME DIRECTION,DIVIDED - W/MEDIAN (NOT RAISED),PEDESTRIAN CROSSING SIGN,FAILING TO YIELD RIGHT-OF-WAY,DRIVING SKILLS/KNOWLEDGE/EXPERIENCE,0,0,0,0,7,6,5,1158,KEDZIE AVE,41.81222,-87.58372,05/22/2015 09:21:00 AM,2015