CRASH_RECORD_ID,CRASH_DATE,POSTED_SPEED_LIMIT,WEATHER_CONDITION,LIGHTING_CONDITION,FIRST_CRASH_TYPE,TRAFFICWAY_TYPE,TRAFFIC_CONTROL_DEVICE,PRIM_CONTRIBUTORY_CAUSE,SEC_CONTRIBUTORY_CAUSE,INJURIES_FATAL,INJURIES_INCAPACITATING,INJURIES_NON_INCAPACITATING,INJURIES_TOTAL,CRASH_HOUR,CRASH_DAY_OF_WEEK,CRASH_MONTH,BEAT_OF_OCCURRENCE,STREET_NAME,LATITUDE,LONGITUDE,DATE_POLICE_NOTIFIED,year
CR00030609,05/17/2022 12:32:00 PM,35,SNOW,DAYLIGHT,REAR END,NOT DIVIDED,NO CONTROLS,WEATHER,FOLLOWING TOO CLOSELY,0,0,0,0,12,3,5,350,STATE ST,41.896027,-87.655751,05/17/2022 12:44:00 PM,2022
CR00030610,07/05/2016 03:30:00 PM,30,FOG/SMOKE/HAZE,DARKNESS - LIGHTED ROAD,REAR END,DIVIDED - W/MEDIAN (NOT RAISED),NO CONTROLS,DISTRACTION - FROM INSIDE VEHICLE,IMPROPER LANE USAGE,0,0,0,0,15,3,7,1820,OGDEN AVE,41.997286,-87.621858,07/05/2016 05:00:00 PM,2016
CR00030611,09/18/2022 11:49:00 PM,20,CLEAR,DAWN,TURNING,T-INTERSECTION,TRAFFIC SIGNAL,FOLLOWING TOO CLOSELY,DRIVING SKILLS/KNOWLEDGE/EXPERIENCE,0,0,0,0,23,1,9,2230,63RD ST,41.81962,-87.829624,09/19/2022 12:06:00 AM,2022
CR00030612,07/22/2023 12:03:00 PM,20,CLEAR,DARKNESS - LIGHTED ROAD,REAR TO FRONT,DIVIDED - W/MEDIAN (NOT RAISED),UNKNOWN,DRIVING SKILLS/KNOWLEDGE/EXPERIENCE,FOLLOWING TOO CLOSELY,0,0,0,0,12,7,7,1315,79TH ST,41.887686,-87.513503,07/22/2023 01:55:00 PM,2023
CR00030613,06/03/2024 03:54:00 PM,40,CLEAR,DAYLIGHT,REAR END,DIVIDED - W/MEDIAN BARRIER,TRAFFIC SIGNAL,IMPROPER LANE USAGE,FOLLOWING TOO CLOSELY,0,1,2,3,15,2,6,416,47TH ST,41.739025,-87.59308,06/03/2024 05:34:00 PM,2024
CR00030614,02/16/2023 02:47:00 PM,30,CLOUDY/OVERCAST,DARKNESS - LIGHTED ROAD,FIXED OBJECT,NOT DIVIDED,NO CONTROLS,UNABLE TO DETERMINE,FOLLOWING TOO CLOSELY,0,0,2,2,14,5,2,785,ROOSEVELT RD,41.877983,-87.533242,02/16/2023 04:47:00 PM,2023
CR00030615,06/19/2017 05:26:00 PM,35,CLEAR,DARKNESS - LIGHTED ROAD,REAR END,NOT DIVIDED,NO CONTROLS,UNABLE TO DETERMINE,DISTRACTION - FROM INSIDE VEHICLE,0,0,0,0,17,2,6,2236,BROADWAY,41.870263,-87.631435,06/19/2017 05:46:00 PM,2017
CR00030616,03/03/2020 06:06:00 PM,20,CLEAR,DARKNESS - LIGHTED ROAD,REAR END,NOT DIVIDED,NO CONTROLS,FAILING TO REDUCE SPEED,IMPROPER LANE USAGE,0,0,0,0,18,3,3,1222,CICERO AVE,41.732886,-87.567083,03/03/2020 06:44:00 PM,2020
CR00030617,06/09/2016 08:42:00 PM,45,CLEAR,DAYLIGHT,SIDESWIPE SAME DIRECTION,DIVIDED - W/MEDIAN (NOT RAISED),NO CONTROLS,FAILING TO REDUCE SPEED,UNABLE TO DETERMINE,0,0,0,0,20,5,6,2278,HALSTED ST,41.996703,-87.593108,06/09/2016 09:19:00 PM,2016
CR00030618,02/06/2023 04:54:00 PM,40,CLEAR,DAYLIGHT,ANGLE,NOT DIVIDED,NO CONTROLS,FAILING TO YIELD RIGHT-OF-WAY,FOLLOWING TOO CLOSELY,0,0,0,0,16,2,2,1943,BROADWAY,41.796321,-87.739312,02/06/2023 06:23:00 PM,2023
CR00030619,10/19/2016 06:39:00 PM,35,CLEAR,DAYLIGHT,REAR END,DIVIDED - W/MEDIAN (NOT RAISED),TRAFFIC SIGNAL,DISREGARDING TRAFFIC SIGNALS,IMPROPER OVERTAKING/PASSING,0,0,0,0,18,4,10,574,DAMEN AVE,41.845475,-87.662192,10/19/2016 07:43:00 PM,2016
CR00030620,08/02/2020 04:05:00 PM,25,CLEAR,DUSK,PARKED MOTOR VEHICLE,NOT DIVIDED,NO CONTROLS,UNABLE TO DETERMINE,IMPROPER OVERTAKING/PASSING,0,0,0,0,16,1,8,1141,ARCHER AVE,41.868711,-87.695583,08/02/2020 05:55:00 PM,2020
CR00030621,05/30/2020 03:59:00 AM,35,CLEAR,DAYLIGHT,TURNING,NOT DIVIDED,NO CONTROLS,UNABLE TO DETERMINE,FAILING TO YIELD RIGHT-OF-WAY,0,0,0,0,3,7,5,478,ARCHER AVE,41.74936,-87.619034,05/30/2020 05:34:00 AM,2020
CR00030622,03/13/2023 08:11:00 PM,40,CLEAR,DAYLIGHT,REAR END,ONE-WAY,TRAFFIC SIGNAL,FAILING TO YIELD RIGHT-OF-WAY,FOLLOWING TOO CLOSELY,0,0,0,0,20,2,3,1111,MILWAUKEE AVE,41.87672,-87.684958,03/13/2023 09:38:00 PM,2023
CR00030623,01/20/2016 11:57:00 AM,25,CLEAR,DAYLIGHT,ANGLE,DIVIDED - W/MEDIAN (NOT RAISED),NO CONTROLS,UNABLE TO DETERMINE,IMPROPER OVERTAKING/PASSING,0,0,0,0,11,4,1,2522,CALIFORNIA AVE,41.827082,-87.548591,01/20/2016 01:50:00 PM,2016
CR00030624,05/27/2024 06:19:00 PM,25,CLOUDY/OVERCAST,DARKNESS,REAR END,DIVIDED - W/MEDIAN (NOT RAISED),UNKNOWN,FOLLOWING TOO CLOSELY,FAILING TO YIELD RIGHT-OF-WAY,0,0,0,0,18,2,5,527,BROADWAY,41.796001,-87.662839,05/27/2024 07:22:00 PM,2024
CR00030625,04/06/2016 12:15:00 PM,40,FREEZING RAIN/DRIZZLE,DAYLIGHT,ANGLE,DIVIDED - W/MEDIAN (NOT RAISED),NO CONTROLS,UNABLE TO DETERMINE,FAILING TO REDUCE SPEED,0,2,0,2,12,4,4,1019,DIVISION ST,41.999671,-87.510281,04/06/2016 01:09:00 PM,2016
CR00030626,08/07/2015 09:02:00 AM,30,CLEAR,DARKNESS - LIGHTED ROAD,TURNING,FOUR WAY,STOP SIGN/FLASHER,DRIVING SKILLS/KNOWLEDGE/EXPERIENCE,UNABLE TO DETERMINE,0,0,1,1,9,6,8,2014,HALSTED ST,41.978927,-87.570096,08/07/2015 10:39:00 AM,2015
CR00030627,11/06/2016 11:02:00 PM,25,CLEAR,DARKNESS,SIDESWIPE SAME DIRECTION,NOT DIVIDED,STOP SIGN/FLASHER,IMPROPER LANE USAGE,UNABLE TO DETERMINE,0,0,0,0,23,1,11,1724,CALIFORNIA AVE,41.863516,-87.612782,11/06/2016 11:36:00 PM,2016
CR00030628,07/17/2017 08:56:00 PM,15,RAIN,DAYLIGHT,TURNING,T-INTERSECTION,NO CONTROLS,UNABLE TO DETERMINE,IMPROPER LANE USAGE,0,0,0,0,20,2,7,1444,DAMEN AVE,41.841978,-87.582855,07/17/2017 09:50:00 PM,2017
CR00030629,09/03/2018 03:24:00 PM,20,CLEAR,DAYLIGHT,REAR END,ONE-WAY,NO CONTROLS,FOLLOWING TOO CLOSELY,UNABLE TO DETERMINE,0,0,0,0,15,2,9,104,DAMEN AVE,41.995028,-87.715877,09/03/2018 03:26:00 PM,2018
CR00030630,02/09/2020 03:32:00 PM,30,CLEAR,DAYLIGHT,REAR END,ONE-WAY,TRAFFIC SIGNAL,FOLLOWING TOO CLOSELY,NOT APPLICABLE,0,0,0,0,15,1,2,2428,BROADWAY,41.9126,-87.597494,02/09/2020 04:07:00 PM,2020
CR00030631,11/01/2024 12:24:00 PM,35,CLEAR,DARKNESS,TURNING,DIVIDED - W/MEDIAN (NOT RAISED),NO CONTROLS,FAILING TO REDUCE SPEED,UNABLE TO DETERMINE,0,0,0,0,12,6,11,527,63RD ST,41.975981,-87.776528,11/01/2024 01:57:00 PM,2024
CR00030632,08/18/2019 11:19:00 AM,25,CLEAR,DARKNESS - LIGHTED ROAD,ANGLE,NOT DIVIDED,PEDESTRIAN CROSSING SIGN,UNABLE TO DETERMINE,IMPROPER LANE USAGE,0,0,0,0,11,1,8,392,FULLERTON AVE,41.901698,-87.601153,08/18/2019 11:30:00 AM,2019
CR00030633,05/07/2023 08:12:00 PM,35,CLEAR,DAYLIGHT,SIDESWIPE SAME DIRECTION,NOT DIVIDED,NO CONTROLS,FAILING TO YIELD RIGHT-OF-WAY,DISTRACTION - FROM INSIDE VEHICLE,0,0,0,0,20,1,5,685,63RD ST,41.966786,-87.592225,05/07/2023 08:19:00 PM,2023
CR00030634,06/24/2018 06:54:00 PM,15,RAIN,DAYLIGHT,REAR END,NOT DIVIDED,STOP SIGN/FLASHER,UNABLE TO DETERMINE,WEATHER,0,0,0,0,18,1,6,2080,MILWAUKEE AVE,41.770631,-87.77186,06/24/2018 07:11:00 PM,2018
CR00030635,03/11/2020 04:44:00 PM,25,CLEAR,DAYLIGHT,TURNING,DIVIDED - W/MEDIAN (NOT RAISED),NO CONTROLS,DRIVING SKILLS/KNOWLEDGE/EXPERIENCE,IMPROPER LANE USAGE,0,0,2,2,16,4,3,1755,DIVISION ST,41.897124,-87.510071,03/11/2020 06:14:00 PM,2020
CR00030636,10/24/2020 10:25:00 PM,40,CLEAR,DUSK,TURNING,DIVIDED - W/MEDIAN (NOT RAISED),TRAFFIC SIGNAL,FAILING TO YIELD RIGHT-OF-WAY,FOLLOWING TOO CLOSELY,0,0,0,0,22,7,10,720,CICERO AVE,41.83308,-87.590947,10/25/2020 12:03:00 AM,2020
CR00030637,04/24/2019 01:20:00 PM,30,RAIN,DAYLIGHT,REAR TO FRONT,DIVIDED - W/MEDIAN (NOT RAISED),NO CONTROLS,WEATHER,WEATHER,0,0,0,0,13,4,4,1837,HALSTED ST,41.990479,-87.558586,04/24/2019 02:42:00 PM,2019
CR00030638,01/25/2015 05:40:00 PM,25,CLEAR,DAYLIGHT,ANGLE,DIVIDED - W/MEDIAN (NOT RAISED),NO CONTROLS,UNABLE TO DETERMINE,FAILING TO REDUCE SPEED,0,0,0,0,17,1,1,844,ARCHER AVE,41.748543,-87.675528,01/25/2015 05:59:00 PM,2015
CR00030639,01/20/2020 02:52:00 PM,15,CLOUDY/OVERCAST,DAYLIGHT,PARKED MOTOR VEHICLE,NOT DIVIDED,UNKNOWN,IMPROPER OVERTAKING/PASSING,UNABLE TO DETERMINE,0,0,0,0,14,2,1,1328,47TH ST,41.93322,-87.669966,01/20/2020 03:18:00 PM,2020
CR00030640,07/26/2017 05:47:00 PM,45,CLEAR,DAYLIGHT,SIDESWIPE SAME DIRECTION,NOT DIVIDED,STOP SIGN/FLASHER,IMPROPER OVERTAKING/PASSING,UNABLE TO DETERMINE,0,0,0,0,17,4,7,1813,CICERO AVE,41.84805,-87.725318,07/26/2017 06:23:00 PM,2017
CR00030641,04/30/2021 07:46:00 AM,30,CLEAR,DARKNESS - LIGHTED ROAD,FIXED OBJECT,T-INTERSECTION,TRAFFIC SIGNAL,DRIVING SKILLS/KNOWLEDGE/EXPERIENCE,NOT APPLICABLE,0,0,0,0,7,6,4,2126,CICERO AVE,41.709296,-87.591208,04/30/2021 08:19:00 AM,2021
CR00030642,08/14/2015 11:06:00 AM,30,CLEAR,DAYLIGHT,REAR END,DIVIDED - W/MEDIAN (NOT RAISED),NO CONTROLS,UNABLE TO DETERMINE,IMPROPER LANE USAGE,0,0,0,0,11,6,8,2055,STATE ST,41.715742,-87.711863,08/14/2015 12:39:00 PM,2015
CR00030643,03/09/2022 07:44:00 AM,25,CLEAR,DAYLIGHT,SIDESWIPE SAME DIRECTION,NOT DIVIDED,NO CONTROLS,IMPROPER OVERTAKING/PASSING,FAILING TO REDUCE SPEED,0,0,0,0,7,4,3,2447,BROADWAY,41.79964,-87.612264,03/09/2022 07:50:00 AM,2022
CR00030644,08/27/2018 01:43:00 PM,45,CLEAR,DAYLIGHT,REAR END,T-INTERSECTION,UNKNOWN,IMPROPER OVERTAKING/PASSING,UNABLE TO DETERMINE,0,0,0,0,13,2,8,1347,STATE ST,41.796846,-87.602505,08/27/2018 03:42:00 PM,2018
CR00030645,10/24/2021 04:38:00 PM,30,CLEAR,DAYLIGHT,PEDESTRIAN,DIVIDED - W/MEDIAN (NOT RAISED),TRAFFIC SIGNAL,DISREGARDING TRAFFIC SIGNALS,UNABLE TO DETERMINE,0,0,0,0,16,1,10,2357,ROOSEVELT RD,41.919576,-87.700964,10/24/2021 05:25:00 PM,2021
CR00030646,09/19/2024 04:34:00 PM,30,RAIN,DAYLIGHT,TURNING,DIVIDED - W/MEDIAN BARRIER,UNKNOWN,DRIVING SKILLS/KNOWLEDGE/EXPERIENCE,UNABLE TO DETERMINE,0,0,0,0,16,5,9,1255,ARCHER AVE,41.750249,-87.814502,09/19/2024 05:02:00 PM,2024
CR00030647,03/23/2023 07:09:00 AM,30,CLEAR,DARKNESS - LIGHTED ROAD,PARKED MOTOR VEHICLE,T-INTERSECTION,TRAFFIC SIGNAL,UNABLE TO DETERMINE,NOT APPLICABLE,0,0,0,0,7,5,3,964,LAKE SHORE DR,41.863138,-87.53734,03/23/2023 07:31:00 AM,2023
CR00030648,10/27/2021 04:17:00 AM,25,CLOUDY/OVERCAST,DARKNESS - LIGHTED ROAD,REAR END,FOUR WAY,TRAFFIC SIGNAL,FAILING TO YIELD RIGHT-OF-WAY,WEATHER,0,0,0,0,4,4,10,2412,CLARK ST,41.99587,-87.538454,10/27/2021 05:01:00 AM,2021
CR00030649,06/17/2017 08:33:00 AM,15,CLOUDY/OVERCAST,DARKNESS - LIGHTED ROAD,PEDESTRIAN,ONE-WAY,NO CONTROLS,DISREGARDING TRAFFIC SIGNALS,FAILING TO YIELD RIGHT-OF-WAY,0,0,0,0,8,7,6,1718,ASHLAND AVE,41.999888,-87.541306,06/17/2017 09:24:00 AM,2017
CR00030650,02/25/2015 05:13:00 PM,45,RAIN,DAYLIGHT,TURNING,NOT DIVIDED,YIELD,WEATHER,UNABLE TO DETERMINE,0,0,0,0,17,4,2,1170,ARCHER AVE,41.742152,-87.518671,02/25/2015 06:41:00 PM,2015
CR00030651,07/20/2015 06:46:00 PM,30,CLEAR,DAYLIGHT,ANGLE,NOT DIVIDED,NO CONTROLS,UNABLE TO DETERMINE,UNABLE TO DETERMINE,0,0,0,0,18,2,7,1577,79TH ST,41.758695,-87.658257,07/20/2015 08:44:00 PM,2015
CR00030652,10/31/2015 08:53:00 AM,20,CLEAR,DARKNESS - LIGHTED ROAD,REAR END,ONE-WAY,NO CONTROLS,UNABLE TO DETERMINE,NOT APPLICABLE,0,0,0,0,8,7,10,1858,DIVISION ST,41.704133,-87.738988,10/31/2015 10:36:00 AM,2015
CR00030653,12/27/2020 05:09:00 PM,35,CLEAR,DARKNESS,REAR END,NOT DIVIDED,NO CONTROLS,UNABLE TO DETERMINE,FOLLOWING TOO CLOSELY,0,0,0,0,17,1,12,415,HALSTED ST,41.701007,-87.576025,12/27/2020 06:03:00 PM,2020
CR00030654,05/10/2024 03:37:00 AM,30,CLEAR,DARKNESS - LIGHTED ROAD,REAR END,NOT DIVIDED,NO CONTROLS,UNABLE TO DETERMINE,DISTRACTION - FROM INSIDE VEHICLE,0,0,0,0,3,6,5,1324,PULASKI RD,41.810121,-87.636245,05/10/2024 04:32:00 AM,2024
CR00030655,02/13/2021 06:38:00 PM,20,CLEAR,DARKNESS - LIGHTED ROAD,SIDESWIPE SAME DIRECTION,DIVIDED - W/MEDIAN (NOT RAISED),TRAFFIC SIGNAL,UNABLE TO DETERMINE,DRIVING SKILLS/KNOWLEDGE/EXPERIENCE,0,0,0,0,18,7,2,1161,ROOSEVELT RD,41.769972,-87.710185,02/13/2021 06:49:00 PM,2021
CR00030656,08/09/2018 09:02:00 PM,45,CLEAR,DAYLIGHT,REAR END,DIVIDED - W/MEDIAN BARRIER,TRAFFIC SIGNAL,DRIVING SKILLS/KNOWLEDGE/EXPERIENCE,DISREGARDING TRAFFIC SIGNALS,0,0,0,0,21,5,8,1557,79TH ST,41.884265,-87.674383,08/09/2018 10:18:00 PM,2018
CR00030657,03/12/2017 08:04:00 AM,30,RAIN,DUSK,REAR END,NOT DIVIDED,TRAFFIC SIGNAL,UNABLE TO DETERMINE,FAILING TO YIELD RIGHT-OF-WAY,0,0,0,0,8,1,3,1269,ROOSEVELT RD,41.765867,-87.737672,03/12/2017 08:07:00 AM,2017
CR00030658,12/23/2016 01:37:00 PM,25,SNOW,DARKNESS - LIGHTED ROAD,SIDESWIPE SAME DIRECTION,NOT DIVIDED,NO CONTROLS,UNABLE TO DETERMINE,FOLLOWING TOO CLOSELY,0,0,1,1,13,6,12,1609,79TH ST,41.909377,-87.796284,12/23/2016 03:01:00 PM,2016
CR00030659,07/09/2022 09:22:00 AM,30,CLOUDY/OVERCAST,DAYLIGHT,PARKED MOTOR VEHICLE,DIVIDED - W/MEDIAN BARRIER,TRAFFIC SIGNAL,UNABLE TO DETERMINE,WEATHER,0,0,0,0,9,7,7,1488,LAKE SHORE DR,41.887213,-87.715225,07/09/2022 11:16:00 AM,2022
CR00030660,04/06/2015 06:11:00 AM,35,CLEAR,DUSK,REAR END,FOUR WAY,NO CONTROLS,FAILING TO REDUCE SPEED,IMPROPER LANE USAGE,0,0,0,0,6,2,4,1782,CICERO AVE,41.835946,-87.828886,04/06/2015 06:14:00 AM,2015
CR00030661,11/04/2021 07:36:00 AM,40,FOG/SMOKE/HAZE,DAYLIGHT,TURNING,NOT DIVIDED,NO CONTROLS,IMPROPER OVERTAKING/PASSING,FAILING TO YIELD RIGHT-OF-WAY,0,0,0,0,7,5,11,1263,ELSTON AVE,41.79326,-87.530888,11/04/2021 08:32:00 AM,2021
CR00030662,01/18/2019 12:51:00 PM,30,FREEZING RAIN/DRIZZLE,DARKNESS - LIGHTED ROAD,PEDESTRIAN,DIVIDED - W/MEDIAN (NOT RAISED),NO CONTROLS,IMPROPER OVERTAKING/PASSING,UNABLE TO DETERMINE,0,0,0,0,12,6,1,841,ASHLAND AVE,41.79499,-87.835559,01/18/2019 02:42:00 PM,2019
CR00030663,08/13/2018 07:04:00 PM,35,SNOW,DAYLIGHT,PEDESTRIAN,DIVIDED - W/MEDIAN (NOT RAISED),TRAFFIC SIGNAL,FAILING TO YIELD RIGHT-OF-WAY,DISREGARDING TRAFFIC SIGNALS,0,0,0,0,19,2,8,917,IRVING PARK RD,41.977063,-87.50706,08/13/2018 07:07:00 PM,2018
CR00030664,09/16/2018 09:11:00 AM,25,CLEAR,DAYLIGHT,TURNING,DIVIDED - W/MEDIAN (NOT RAISED),TRAFFIC SIGNAL,DRIVING SKILLS/KNOWLEDGE/EXPERIENCE,DISTRACTION - FROM INSIDE VEHICLE,0,0,1,1,9,1,9,189,CALIFORNIA AVE,41.732623,-87.6693,09/16/2018 09:35:00 AM,2018
CR00030665,05/23/2024 05:38:00 PM,30,CLEAR,DUSK,PEDESTRIAN,NOT DIVIDED,NO CONTROLS,FOLLOWING TOO CLOSELY,IMPROPER OVERTAKING/PASSING,0,0,0,0,17,5,5,1489,OGDEN AVE,41.753096,-87.710403,05/23/2024 06:42:00 PM,2024
CR00030666,07/25/2024 08:13:00 AM,45,CLEAR,DAWN,REAR END,NOT DIVIDED,UNKNOWN,FOLLOWING TOO CLOSELY,UNABLE TO DETERMINE,0,0,3,3,8,5,7,1615,ARCHER AVE,41.893937,-87.535922,07/25/2024 09:14:00 AM,2024
CR00030667,01/08/2015 10:42:00 AM,45,CLEAR,DAYLIGHT,REAR END,NOT DIVIDED,TRAFFIC SIGNAL,FAILING TO YIELD RIGHT-OF-WAY,IMPROPER OVERTAKING/PASSING,0,0,1,1,10,5,1,748,MICHIGAN AVE,41.779228,-87.554752,01/08/2015 11:52:00 AM,2015
CR00030668,07/28/2022 02:26:00 PM,30,SNOW,DARKNESS - LIGHTED ROAD,REAR END,DIVIDED - W/MEDIAN (NOT RAISED),STOP SIGN/FLASHER,IMPROPER OVERTAKING/PASSING,NOT APPLICABLE,0,0,0,0,14,5,7,511,FULLERTON AVE,41.838971,-87.562912,07/28/2022 03:20:00 PM,2022
CR00030669,10/16/2022 07:24:00 PM,20,CLEAR,DAWN,SIDESWIPE SAME DIRECTION,NOT DIVIDED,NO CONTROLS,FOLLOWING TOO CLOSELY,IMPROPER LANE USAGE,0,0,0,0,19,1,10,1530,HALSTED ST,41.940516,-87.685469,10/16/2022 07:56:00 PM,2022
CR00030670,07/08/2015 07:18:00 PM,15,CLEAR,DARKNESS - LIGHTED ROAD,REAR TO FRONT,NOT DIVIDED,NO CONTROLS,UNABLE TO DETERMINE,IMPROPER OVERTAKING/PASSING,0,0,0,0,19,4,7,1022,ARCHER AVE,41.974606,-87.693662,07/08/2015 08:02:00 PM,2015
CR00030671,09/27/2024 03:21:00 PM,40,CLEAR,DAYLIGHT,PARKED MOTOR VEHICLE,T-INTERSECTION,TRAFFIC SIGNAL,FOLLOWING TOO CLOSELY,FAILING TO REDUCE SPEED,0,0,0,0,15,6,9,2458,CICERO AVE,41.909217,-87.525903,09/27/2024 05:05:00 PM,2024
CR00030672,01/14/2020 06:59:00 AM,40,CLEAR,DARKNESS - LIGHTED ROAD,REAR TO FRONT,NOT DIVIDED,STOP SIGN/FLASHER,FAILING TO REDUCE SPEED,DISTRACTION - FROM INSIDE VEHICLE,0,0,0,0,6,3,1,1009,KEDZIE AVE,41.718239,-87.766091,01/14/2020 08:33:00 AM,2020
CR00030673,10/24/2022 07:56:00 AM,40,CLEAR,DARKNESS,TURNING,NOT DIVIDED,TRAFFIC SIGNAL,UNABLE TO DETERMINE,FAILING TO YIELD RIGHT-OF-WAY,0,0,0,0,7,2,10,709,ASHLAND AVE,41.919346,-87.683244,10/24/2022 09:46:00 AM,2022
CR00030674,10/20/2017 06:18:00 PM,35,CLEAR,DARKNESS - LIGHTED ROAD,SIDESWIPE SAME DIRECTION,NOT DIVIDED,STOP SIGN/FLASHER,UNABLE TO DETERMINE,NOT APPLICABLE,0,0,0,0,18,6,10,675,ASHLAND AVE,41.951938,-87.643583,10/20/2017 07:24:00 PM,2017
CR00030675,10/30/2015 04:56:00 PM,45,CLEAR,DAYLIGHT,PARKED MOTOR VEHICLE,NOT DIVIDED,NO CONTROLS,IMPROPER OVERTAKING/PASSING,IMPROPER OVERTAKING/PASSING,0,0,0,0,16,6,10,1631,STATE ST,41.714161,-87.706808,10/30/2015 05:43:00 PM,2015
CR00030676,02/22/2018 10:30:00 AM,20,FOG/SMOKE/HAZE,DARKNESS - LIGHTED ROAD,ANGLE,NOT DIVIDED,TRAFFIC SIGNAL,IMPROPER OVERTAKING/PASSING,NOT APPLICABLE,0,0,0,0,10,5,2,1199,47TH ST,41.763987,-87.787911,02/22/2018 11:57:00 AM,2018
CR00030677,12/30/2022 08:32:00 PM,25,CLEAR,DAYLIGHT,TURNING,DIVIDED - W/MEDIAN (NOT RAISED),STOP SIGN/FLASHER,IMPROPER OVERTAKING/PASSING,FAILING TO YIELD RIGHT-OF-WAY,0,0,0,0,20,6,12,1576,ROOSEVELT RD,41.983503,-87.523241,12/30/2022 10:30:00 PM,2022
CR00030678,04/21/2020 03:06:00 PM,35,RAIN,DAYLIGHT,ANGLE,FOUR WAY,NO CONTROLS,FOLLOWING TOO CLOSELY,DRIVING SKILLS/KNOWLEDGE/EXPERIENCE,0,0,0,0,15,3,4,2348,ARCHER AVE,41.899925,-87.525307,04/21/2020 03:16:00 PM,2020
CR00030679,05/29/2024 04:44:00 PM,30,CLEAR,DAYLIGHT,TURNING,DIVIDED - W/MEDIAN BARRIER,NO CONTROLS,FAILING TO YIELD RIGHT-OF-WAY,WEATHER,0,0,0,0,16,4,5,1919,FULLERTON AVE,41.710007,-87.505921,05/29/2024 05:03:00 PM,2024
CR00030680,03/15/2022 01:28:00 PM,35,SNOW,DAYLIGHT,SIDESWIPE SAME DIRECTION,T-INTERSECTION,NO CONTROLS,DISTRACTION - FROM INSIDE VEHICLE,FAILING TO REDUCE SPEED,0,0,0,0,13,3,3,782,CALIFORNIA AVE,41.856642,-87.696229,03/15/2022 03:13:00 PM,2022
CR00030681,02/23/2017 04:36:00 PM,30,CLEAR,DARKNESS,TURNING,NOT DIVIDED,STOP SIGN/FLASHER,FAILING TO YIELD RIGHT-OF-WAY,NOT APPLICABLE,0,0,0,0,16,5,2,1009,WESTERN AVE,41.853353,-87.761725,02/23/2017 04:46:00 PM,2017
CR00030682,11/10/2017 05:33:00 PM,40,CLEAR,DAYLIGHT,SIDESWIPE SAME DIRECTION,ONE-WAY,YIELD,UNABLE TO DETERMINE,IMPROPER LANE USAGE,0,0,0,0,17,6,11,2302,63RD ST,41.992416,-87.543776,11/10/2017 05:57:00 PM,2017
CR00030683,01/19/2016 07:52:00 AM,20,CLOUDY/OVERCAST,DAYLIGHT,FIXED OBJECT,NOT DIVIDED,UNKNOWN,IMPROPER OVERTAKING/PASSING,UNABLE TO DETERMINE,0,0,0,0,7,3,1,769,DIVISION ST,41.717459,-87.578315,01/19/2016 08:03:00 AM,2016
CR00030684,12/07/2024 08:58:00 AM,45,CLEAR,DAYLIGHT,REAR END,T-INTERSECTION,NO CONTROLS,IMPROPER OVERTAKING/PASSING,DRIVING SKILLS/KNOWLEDGE/EXPERIENCE,0,0,0,0,8,7,12,330,STONY ISLAND AVE,41.853102,-87.569145,12/07/2024 10:38:00 AM,2024
CR00030685,02/13/2024 11:29:00 AM,30,CLEAR,DAYLIGHT,FIXED OBJECT,DIVIDED - W/MEDIAN BARRIER,TRAFFIC SIGNAL,WEATHER,NOT APPLICABLE,0,0,0,0,11,3,2,1326,LAKE SHORE DR,41.855812,-87.525406,02/13/2024 11:35:00 AM,2024
CR00030686,07/15/2021 07:27:00 AM,30,SNOW,DAYLIGHT,SIDESWIPE SAME DIRECTION,ONE-WAY,NO CONTROLS,IMPROPER LANE USAGE,FOLLOWING TOO CLOSELY,0,0,0,0,7,5,7,1527,CICERO AVE,41.990912,-87.625402,07/15/2021 07:57:00 AM,2021
CR00030687,12/23/2019 08:56:00 AM,15,CLEAR,DAYLIGHT,SIDESWIPE SAME DIRECTION,ONE-WAY,STOP SIGN/FLASHER,DISTRACTION - FROM INSIDE VEHICLE,WEATHER,0,0,0,0,8,2,12,2471,WESTERN AVE,41.761805,-87.718036,12/23/2019 09:11:00 AM,2019
CR00030688,03/21/2017 03:35:00 AM,30,CLEAR,DAYLIGHT,PARKED MOTOR VEHICLE,DIVIDED - W/MEDIAN BARRIER,TRAFFIC SIGNAL,DISREGARDING TRAFFIC SIGNALS,DISTRACTION - FROM INSIDE VEHICLE,0,0,0,0,3,3,3,1374,WESTERN AVE,41.71789,-87.665128,03/21/2017 04:18:00 AM,2017
CR00030689,03/06/2021 07:15:00 PM,30,CLEAR,DAYLIGHT,REAR END,DIVIDED - W/MEDIAN (NOT RAISED),UNKNOWN,FAILING TO YIELD RIGHT-OF-WAY,FAILING TO REDUCE SPEED,0,0,0,0,19,7,3,2339,IRVING PARK RD,41.817861,-87.764871,03/06/2021 08:38:00 PM,2021
CR00030690,10/29/2019 06:07:00 PM,25,CLEAR,DAYLIGHT,REAR TO FRONT,NOT DIVIDED,NO CONTROLS,FOLLOWING TOO CLOSELY,NOT APPLICABLE,0,0,1,1,18,3,10,1876,BROADWAY,41.830191,-87.650463,10/29/2019 06:46:00 PM,2019