CRASH_RECORD_ID,CRASH_DATE,POSTED_SPEED_LIMIT,WEATHER_CONDITION,LIGHTING_CONDITION,FIRST_CRASH_TYPE,TRAFFICWAY_TYPE,TRAFFIC_CONTROL_DEVICE,PRIM_CONTRIBUTORY_CAUSE,SEC_CONTRIBUTORY_CAUSE,INJURIES_FATAL,INJURIES_INCAPACITATING,INJURIES_NON_INCAPACITATING,INJURIES_TOTAL,CRASH_HOUR,CRASH_DAY_OF_WEEK,CRASH_MONTH,BEAT_OF_OCCURRENCE,STREET_NAME,LATITUDE,LONGITUDE,DATE_POLICE_NOTIFIED,year
CR00030691,09/10/2018 06:39:00 PM,35,CLEAR,DARKNESS - LIGHTED ROAD,PARKED MOTOR VEHICLE,NOT DIVIDED,UNKNOWN,FOLLOWING TOO CLOSELY,UNABLE TO DETERMINE,0,0,0,0,18,2,9,2281,WESTERN AVE,41.971882,-87.68838,09/10/2018 07:41:00 PM,2018
CR00030692,09/23/2015 09:28:00 AM,30,CLEAR,DAYLIGHT,SIDESWIPE SAME DIRECTION,DIVIDED - W/MEDIAN BARRIER,UNKNOWN,IMPROPER LANE USAGE,UNABLE TO DETERMINE,0,0,2,2,9,4,9,2247,47TH ST,41.708583,-87.644521,09/23/2015 10:09:00 AM,2015
CR00030693,03/03/2023 11:30:00 AM,30,CLEAR,DARKNESS - LIGHTED ROAD,REAR END,ONE-WAY,TRAFFIC SIGNAL,UNABLE TO DETERMINE,UNABLE TO DETERMINE,0,0,0,0,11,6,3,584,OGDEN AVE,41.940828,-87.849305,03/03/2023 01:22:00 PM,2023
CR00030694,09/09/2016 07:21:00 AM,30,CLEAR,DARKNESS - LIGHTED ROAD,REAR TO FRONT,ONE-WAY,NO CONTROLS,UNABLE TO DETERMINE,DRIVING SKILLS/KNOWLEDGE/EXPERIENCE,0,1,0,1,7,6,9,215,ELSTON AVE,41.817917,-87.576092,09/09/2016 08:13:00 AM,2016
CR00030695,07/14/2017 06:21:00 AM,30,SNOW,DAYLIGHT,FIXED OBJECT,NOT DIVIDED,NO CONTROLS,FOLLOWING TOO CLOSELY,FAILING TO YIELD RIGHT-OF-WAY,0,0,1,1,6,6,7,2521,LAKE SHORE DR,41.970772,-87.73067,07/14/2017 06:31:00 AM,2017
CR00030696,03/10/2019 04:27:00 PM,30,CLEAR,DAYLIGHT,ANGLE,NOT DIVIDED,TRAFFIC SIGNAL,UNABLE TO DETERMINE,NOT APPLICABLE,0,0,0,0,16,1,3,1164,ARCHER AVE,41.702045,-87.677046,03/10/2019 05:12:00 PM,2019
CR00030697,05/04/2020 02:39:00 PM,35,CLEAR,DAYLIGHT,PEDESTRIAN,ONE-WAY,TRAFFIC SIGNAL,IMPROPER LANE USAGE,IMPROPER OVERTAKING/PASSING,0,0,0,0,14,2,5,452,CLARK ST,41.835001,-87.732298,05/04/2020 03:10:00 PM,2020
CR00030698,11/16/2021 06:01:00 AM,35,CLOUDY/OVERCAST,DAYLIGHT,SIDESWIPE SAME DIRECTION,DIVIDED - W/MEDIAN BARRIER,TRAFFIC SIGNAL,FAILING TO YIELD RIGHT-OF-WAY,NOT APPLICABLE,0,0,0,0,6,3,11,1524,PULASKI RD,41.790137,-87.502189,11/16/2021 06:38:00 AM,2021
CR00030699,06/24/2022 05:25:00 PM,25,CLEAR,DAYLIGHT,PARKED MOTOR VEHICLE,DIVIDED - W/MEDIAN BARRIER,TRAFFIC SIGNAL,DRIVING SKILLS/KNOWLEDGE/EXPERIENCE,WEATHER,0,0,0,0,17,6,6,1335,ARCHER AVE,41.787478,-87.824021,06/24/2022 06:07:00 PM,2022
CR00030700,09/22/2021 08:42:00 AM,45,CLEAR,DAYLIGHT,TURNING,NOT DIVIDED,TRAFFIC SIGNAL,DRIVING SKILLS/KNOWLEDGE/EXPERIENCE,DRIVING SKILLS/KNOWLEDGE/EXPERIENCE,0,0,1,1,8,4,9,1727,STATE ST,41.809332,-87.696196,09/22/2021 10:05:00 AM,2021
CR00030701,12/19/2019 03:27:00 AM,15,CLEAR,DUSK,REAR TO FRONT,DIVIDED - W/MEDIAN BARRIER,NO CONTROLS,UNABLE TO DETERMINE,NOT APPLICABLE,0,0,0,0,3,5,12,1611,63RD ST,41.995073,-87.803327,12/19/2019 04:27:00 AM,2019
CR00030702,01/02/2022 12:58:00 PM,20,RAIN,DAYLIGHT,SIDESWIPE SAME DIRECTION,FOUR WAY,UNKNOWN,UNABLE TO DETERMINE,FOLLOWING TOO CLOSELY,0,0,0,0,12,1,1,619,PULASKI RD,41.747729,-87.82216,01/02/2022 02:58:00 PM,2022
CR00030703,12/23/2024 07:42:00 AM,30,CLEAR,DAYLIGHT,REAR END,ONE-WAY,UNKNOWN,FOLLOWING TOO CLOSELY,FAILING TO YIELD RIGHT-OF-WAY,0,0,0,0,7,2,12,2097,MILWAUKEE AVE,41.990022,-87.807229,12/23/2024 08:14:00 AM,2024
CR00030704,01/13/2015 11:53:00 AM,30,CLEAR,DAYLIGHT,TURNING,NOT DIVIDED,NO CONTROLS,FAILING TO YIELD RIGHT-OF-WAY,UNABLE TO DETERMINE,0,0,0,0,11,3,1,743,PULASKI RD,41.80316,-87.730932,01/13/2015 01:10:00 PM,2015
CR00030705,08/05/2017 01:23:00 PM,45,CLEAR,DAYLIGHT,REAR END,DIVIDED - W/MEDIAN (NOT RAISED),TRAFFIC SIGNAL,FAILING TO YIELD RIGHT-OF-WAY,FOLLOWING TOO CLOSELY,0,0,0,0,13,7,8,1038,HALSTED ST,41.983633,-87.554852,08/05/2017 01:37:00 PM,2017
CR00030706,10/18/2024 07:15:00 AM,35,CLEAR,DARKNESS - LIGHTED ROAD,PEDESTRIAN,ONE-WAY,NO CONTROLS,DRIVING SKILLS/KNOWLEDGE/EXPERIENCE,FOLLOWING TOO CLOSELY,0,0,0,0,7,6,10,2068,ELSTON AVE,41.815065,-87.530151,10/18/2024 07:33:00 AM,2024
CR00030707,11/01/2016 09:04:00 AM,45,CLEAR,DAYLIGHT,REAR END,NOT DIVIDED,TRAFFIC SIGNAL,IMPROPER OVERTAKING/PASSING,UNABLE TO DETERMINE,0,0,0,0,9,3,11,698,DIVISION ST,41.912652,-87.720921,11/01/2016 10:12:00 AM,2016
CR00030708,08/29/2024 04:05:00 PM,40,CLEAR,DAYLIGHT,TURNING,NOT DIVIDED,NO CONTROLS,FAILING TO YIELD RIGHT-OF-WAY,UNABLE TO DETERMINE,0,0,0,0,16,5,8,1603,47TH ST,41.729211,-87.708124,08/29/2024 05:45:00 PM,2024
CR00030709,10/31/2016 02:38:00 PM,35,CLOUDY/OVERCAST,DAYLIGHT,PARKED MOTOR VEHICLE,ONE-WAY,UNKNOWN,UNABLE TO DETERMINE,NOT APPLICABLE,0,0,2,2,14,2,10,294,PULASKI RD,41.730417,-87.720793,10/31/2016 02:39:00 PM,2016
CR00030710,09/28/2023 11:23:00 PM,15,RAIN,DAYLIGHT,REAR END,NOT DIVIDED,STOP SIGN/FLASHER,WEATHER,DISTRACTION - FROM INSIDE VEHICLE,0,0,1,1,23,5,9,2143,79TH ST,41.775617,-87.579939,09/28/2023 11:31:00 PM,2023
CR00030711,01/23/2024 01:59:00 PM,35,RAIN,DAYLIGHT,ANGLE,NOT DIVIDED,NO CONTROLS,DRIVING SKILLS/KNOWLEDGE/EXPERIENCE,NOT APPLICABLE,0,0,0,0,13,3,1,667,KEDZIE AVE,41.936362,-87.688927,01/23/2024 02:19:00 PM,2024
CR00030712,12/03/2022 07:31:00 AM,35,CLEAR,DAYLIGHT,REAR END,DIVIDED - W/MEDIAN (NOT RAISED),NO CONTROLS,FOLLOWING TOO CLOSELY,IMPROPER LANE USAGE,0,0,3,3,7,7,12,1275,IRVING PARK RD,41.794677,-87.514736,12/03/2022 08:26:00 AM,2022
CR00030713,12/31/2021 04:28:00 PM,20,SNOW,DARKNESS - LIGHTED ROAD,SIDESWIPE SAME DIRECTION,ONE-WAY,PEDESTRIAN CROSSING SIGN,UNABLE TO DETERMINE,DISTRACTION - FROM INSIDE VEHICLE,0,0,0,0,16,6,12,177,ROOSEVELT RD,41.861559,-87.839582,12/31/2021 04:58:00 PM,2021
CR00030714,12/26/2023 10:41:00 PM,40,CLEAR,DAYLIGHT,REAR END,NOT DIVIDED,TRAFFIC SIGNAL,UNABLE TO DETERMINE,WEATHER,0,0,0,0,22,3,12,107,CLARK ST,41.975865,-87.67591,12/27/2023 12:24:00 AM,2023
CR00030715,09/01/2023 12:33:00 PM,20,SNOW,DAYLIGHT,FIXED OBJECT,DIVIDED - W/MEDIAN (NOT RAISED),TRAFFIC SIGNAL,UNABLE TO DETERMINE,FOLLOWING TOO CLOSELY,0,0,0,0,12,6,9,1547,FULLERTON AVE,41.984491,-87.819372,09/01/2023 12:34:00 PM,2023
CR00030716,11/08/2018 10:49:00 AM,35,CLEAR,DAYLIGHT,REAR END,NOT DIVIDED,STOP SIGN/FLASHER,IMPROPER OVERTAKING/PASSING,DRIVING SKILLS/KNOWLEDGE/EXPERIENCE,0,0,0,0,10,5,11,619,FULLERTON AVE,41.845816,-87.801799,11/08/2018 11:52:00 AM,2018
CR00030717,08/30/2019 07:28:00 AM,45,RAIN,DAYLIGHT,PEDESTRIAN,NOT DIVIDED,NO CONTROLS,FAILING TO YIELD RIGHT-OF-WAY,FOLLOWING TOO CLOSELY,0,0,0,0,7,6,8,1530,STONY ISLAND AVE,41.766353,-87.77397,08/30/2019 09:19:00 AM,2019
CR00030718,05/04/2017 01:46:00 PM,25,CLEAR,DUSK,REAR END,NOT DIVIDED,TRAFFIC SIGNAL,DISTRACTION - FROM INSIDE VEHICLE,FOLLOWING TOO CLOSELY,0,0,1,1,13,5,5,1835,MICHIGAN AVE,41.898384,-87.572491,05/04/2017 02:43:00 PM,2017
CR00030719,12/26/2023 05:25:00 PM,25,RAIN,DAYLIGHT,REAR TO FRONT,DIVIDED - W/MEDIAN (NOT RAISED),YIELD,FOLLOWING TOO CLOSELY,FAILING TO YIELD RIGHT-OF-WAY,0,0,0,0,17,3,12,1466,PULASKI RD,41.952881,-87.53808,12/26/2023 05:47:00 PM,2023
CR00030720,04/28/2019 06:55:00 PM,40,RAIN,DAYLIGHT,TURNING,NOT DIVIDED,STOP SIGN/FLASHER,UNABLE TO DETERMINE,IMPROPER OVERTAKING/PASSING,0,0,0,0,18,1,4,740,ELSTON AVE,41.770051,-87.849348,04/28/2019 08:13:00 PM,2019
CR00030721,01/02/2023 07:04:00 AM,35,RAIN,DAYLIGHT,SIDESWIPE SAME DIRECTION,NOT DIVIDED,NO CONTROLS,IMPROPER OVERTAKING/PASSING,FAILING TO REDUCE SPEED,0,0,0,0,7,2,1,2524,STONY ISLAND AVE,41.775595,-87.7961,01/02/2023 08:29:00 AM,2023
CR00030722,05/04/2021 01:18:00 PM,35,CLEAR,DAYLIGHT,REAR END,DIVIDED - W/MEDIAN (NOT RAISED),TRAFFIC SIGNAL,DRIVING SKILLS/KNOWLEDGE/EXPERIENCE,FAILING TO REDUCE SPEED,0,0,0,0,13,3,5,2312,MICHIGAN AVE,41.990296,-87.624055,05/04/2021 02:33:00 PM,2021
CR00030723,06/22/2016 12:38:00 PM,35,SNOW,DARKNESS - LIGHTED ROAD,REAR TO FRONT,NOT DIVIDED,TRAFFIC SIGNAL,IMPROPER OVERTAKING/PASSING,NOT APPLICABLE,0,0,0,0,12,4,6,2466,DAMEN AVE,41.735351,-87.621683,06/22/2016 02:25:00 PM,2016
CR00030724,09/26/2017 05:18:00 PM,45,CLEAR,DAYLIGHT,ANGLE,DIVIDED - W/MEDIAN BARRIER,NO CONTROLS,UNABLE TO DETERMINE,IMPROPER LANE USAGE,0,0,0,0,17,3,9,562,CICERO AVE,41.872568,-87.674499,09/26/2017 05:19:00 PM,2017
CR00030725,11/24/2017 10:08:00 PM,30,CLOUDY/OVERCAST,DAYLIGHT,SIDESWIPE SAME DIRECTION,DIVIDED - W/MEDIAN (NOT RAISED),STOP SIGN/FLASHER,DISREGARDING TRAFFIC SIGNALS,IMPROPER LANE USAGE,0,0,1,1,22,6,11,2525,FULLERTON AVE,41.974011,-87.516,11/24/2017 11:25:00 PM,2017
CR00030726,11/27/2022 03:44:00 PM,30,FOG/SMOKE/HAZE,DARKNESS - LIGHTED ROAD,REAR END,NOT DIVIDED,UNKNOWN,FAILING TO YIELD RIGHT-OF-WAY,WEATHER,0,0,0,0,15,1,11,1847,CALIFORNIA AVE,41.793259,-87.588208,11/27/2022 03:48:00 PM,2022
CR00030727,10/06/2017 05:22:00 PM,40,CLEAR,DARKNESS - LIGHTED ROAD,ANGLE,DIVIDED - W/MEDIAN (NOT RAISED),TRAFFIC SIGNAL,DRIVING SKILLS/KNOWLEDGE/EXPERIENCE,WEATHER,0,0,0,0,17,6,10,1738,ASHLAND AVE,41.881111,-87.51082,10/06/2017 06:04:00 PM,2017
CR00030728,07/27/2015 08:36:00 PM,20,CLEAR,DARKNESS - LIGHTED ROAD,REAR END,NOT DIVIDED,STOP SIGN/FLASHER,FAILING TO REDUCE SPEED,FAILING TO REDUCE SPEED,0,0,0,0,20,2,7,642,FULLERTON AVE,41.956732,-87.509239,07/27/2015 08:58:00 PM,2015
CR00030729,06/02/2018 05:53:00 AM,20,RAIN,DAYLIGHT,SIDESWIPE SAME DIRECTION,FOUR WAY,NO CONTROLS,FAILING TO REDUCE SPEED,FAILING TO YIELD RIGHT-OF-WAY,0,0,0,0,5,7,6,620,CALIFORNIA AVE,41.752688,-87.558072,06/02/2018 06:04:00 AM,2018
CR00030730,04/05/2023 03:59:00 PM,35,CLEAR,DAYLIGHT,TURNING,DIVIDED - W/MEDIAN BARRIER,NO CONTROLS,DISREGARDING TRAFFIC SIGNALS,DRIVING SKILLS/KNOWLEDGE/EXPERIENCE,0,0,0,0,15,4,4,2053,KEDZIE AVE,41.973057,-87.652497,04/05/2023 05:36:00 PM,2023
CR00030731,06/10/2021 03:52:00 PM,30,CLEAR,DAYLIGHT,TURNING,NOT DIVIDED,UNKNOWN,FOLLOWING TOO CLOSELY,UNABLE TO DETERMINE,0,2,1,3,15,5,6,748,CLARK ST,41.964001,-87.698212,06/10/2021 05:10:00 PM,2021
CR00030732,01/22/2024 07:47:00 AM,35,CLEAR,DAYLIGHT,TURNING,NOT DIVIDED,NO CONTROLS,IMPROPER OVERTAKING/PASSING,FOLLOWING TOO CLOSELY,0,0,0,0,7,2,1,687,DAMEN AVE,41.924507,-87.506833,01/22/2024 08:36:00 AM,2024
CR00030733,01/09/2018 01:33:00 PM,25,SNOW,DAYLIGHT,PEDESTRIAN,DIVIDED - W/MEDIAN (NOT RAISED),STOP SIGN/FLASHER,IMPROPER OVERTAKING/PASSING,DRIVING SKILLS/KNOWLEDGE/EXPERIENCE,0,0,0,0,13,3,1,2304,FULLERTON AVE,41.948669,-87.742146,01/09/2018 01:37:00 PM,2018
CR00030734,12/17/2020 04:03:00 PM,35,CLOUDY/OVERCAST,DAYLIGHT,REAR END,DIVIDED - W/MEDIAN BARRIER,TRAFFIC SIGNAL,FAILING TO YIELD RIGHT-OF-WAY,FOLLOWING TOO CLOSELY,0,0,0,0,16,5,12,2002,STONY ISLAND AVE,41.741479,-87.629401,12/17/2020 04:27:00 PM,2020
CR00030735,12/26/2024 02:32:00 PM,25,CLOUDY/OVERCAST,DARKNESS - LIGHTED ROAD,PARKED MOTOR VEHICLE,DIVIDED - W/MEDIAN (NOT RAISED),NO CONTROLS,DRIVING SKILLS/KNOWLEDGE/EXPERIENCE,NOT APPLICABLE,0,0,0,0,14,5,12,1578,ARCHER AVE,41.732266,-87.507869,12/26/2024 03:45:00 PM,2024
CR00030736,08/21/2016 01:07:00 PM,15,CLEAR,DUSK,REAR END,DIVIDED - W/MEDIAN BARRIER,NO CONTROLS,FOLLOWING TOO CLOSELY,DRIVING SKILLS/KNOWLEDGE/EXPERIENCE,0,0,0,0,13,1,8,654,ROOSEVELT RD,41.798114,-87.7343,08/21/2016 01:12:00 PM,2016
CR00030737,07/20/2022 08:53:00 AM,25,CLEAR,DAYLIGHT,REAR END,DIVIDED - W/MEDIAN (NOT RAISED),TRAFFIC SIGNAL,FAILING TO YIELD RIGHT-OF-WAY,FAILING TO YIELD RIGHT-OF-WAY,0,0,0,0,8,4,7,253,PULASKI RD,41.772287,-87.823024,07/20/2022 09:09:00 AM,2022
CR00030738,10/12/2015 12:52:00 PM,30,SNOW,DAYLIGHT,ANGLE,T-INTERSECTION,TRAFFIC SIGNAL,IMPROPER LANE USAGE,DRIVING SKILLS/KNOWLEDGE/EXPERIENCE,0,0,0,0,12,2,10,785,STONY ISLAND AVE,41.717589,-87.516548,10/12/2015 01:42:00 PM,2015
CR00030739,11/09/2022 08:56:00 AM,40,CLEAR,DAYLIGHT,TURNING,NOT DIVIDED,NO CONTROLS,UNABLE TO DETERMINE,DISTRACTION - FROM INSIDE VEHICLE,0,0,1,1,8,4,11,802,STATE ST,41.957663,-87.830677,11/09/2022 10:01:00 AM,2022
CR00030740,03/05/2016 07:16:00 AM,40,CLEAR,DARKNESS,TURNING,ONE-WAY,NO CONTROLS,FOLLOWING TOO CLOSELY,FAILING TO REDUCE SPEED,0,0,0,0,7,7,3,1838,ASHLAND AVE,41.977677,-87.553974,03/05/2016 08:56:00 AM,2016
CR00030741,08/27/2018 11:03:00 AM,30,CLEAR,DARKNESS - LIGHTED ROAD,REAR END,FOUR WAY,TRAFFIC SIGNAL,DISTRACTION - FROM INSIDE VEHICLE,DRIVING SKILLS/KNOWLEDGE/EXPERIENCE,0,0,0,0,11,2,8,125,WESTERN AVE,41.718237,-87.544084,08/27/2018 11:33:00 AM,2018
CR00030742,03/03/2024 02:48:00 AM,20,CLEAR,DAYLIGHT,ANGLE,NOT DIVIDED,NO CONTROLS,FOLLOWING TOO CLOSELY,UNABLE TO DETERMINE,0,0,0,0,2,1,3,837,HALSTED ST,41.77826,-87.728064,03/03/2024 03:26:00 AM,2024
CR00030743,11/16/2017 05:58:00 PM,30,CLEAR,DAYLIGHT,REAR END,NOT DIVIDED,YIELD,UNABLE TO DETERMINE,DISREGARDING TRAFFIC SIGNALS,0,0,0,0,17,5,11,365,FULLERTON AVE,41.760549,-87.647018,11/16/2017 06:07:00 PM,2017
CR00030744,09/17/2019 04:45:00 AM,35,CLEAR,DUSK,REAR END,DIVIDED - W/MEDIAN (NOT RAISED),UNKNOWN,IMPROPER LANE USAGE,NOT APPLICABLE,0,0,3,3,4,3,9,1308,IRVING PARK RD,41.945214,-87.698234,09/17/2019 04:56:00 AM,2019
CR00030745,11/20/2024 11:04:00 PM,30,CLEAR,DUSK,REAR END,DIVIDED - W/MEDIAN (NOT RAISED),NO CONTROLS,FAILING TO REDUCE SPEED,NOT APPLICABLE,0,0,0,0,23,4,11,2357,BROADWAY,41.939484,-87.757891,11/21/2024 12:08:00 AM,2024
CR00030746,09/07/2019 12:14:00 PM,20,CLEAR,DAYLIGHT,REAR END,DIVIDED - W/MEDIAN (NOT RAISED),NO CONTROLS,UNABLE TO DETERMINE,DISTRACTION - FROM INSIDE VEHICLE,0,0,0,0,12,7,9,453,47TH ST,41.734109,-87.66829,09/07/2019 01:33:00 PM,2019
CR00030747,04/02/2021 05:19:00 PM,40,CLEAR,DAWN,REAR END,ONE-WAY,STOP SIGN/FLASHER,IMPROPER OVERTAKING/PASSING,UNABLE TO DETERMINE,0,0,0,0,17,6,4,392,ARCHER AVE,41.943329,-87.688854,04/02/2021 07:07:00 PM,2021
CR00030748,05/19/2020 01:09:00 PM,35,CLEAR,DAYLIGHT,ANGLE,NOT DIVIDED,TRAFFIC SIGNAL,FOLLOWING TOO CLOSELY,IMPROPER LANE USAGE,0,0,0,0,13,3,5,373,STATE ST,41.940077,-87.516447,05/19/2020 02:16:00 PM,2020
CR00030749,05/11/2020 04:06:00 PM,30,RAIN,DAYLIGHT,TURNING,DIVIDED - W/MEDIAN (NOT RAISED),NO CONTROLS,DISREGARDING TRAFFIC SIGNALS,DISTRACTION - FROM INSIDE VEHICLE,0,0,0,0,16,2,5,1498,STONY ISLAND AVE,41.777604,-87.544019,05/11/2020 05:04:00 PM,2020
CR00030750,10/28/2021 06:11:00 PM,15,RAIN,DAYLIGHT,REAR END,NOT DIVIDED,NO CONTROLS,FAILING TO YIELD RIGHT-OF-WAY,DISREGARDING TRAFFIC SIGNALS,0,0,0,0,18,5,10,159,ROOSEVELT RD,41.994515,-87.693796,10/28/2021 06:52:00 PM,2021
CR00030751,07/08/2016 05:49:00 PM,35,CLEAR,DAYLIGHT,PARKED MOTOR VEHICLE,NOT DIVIDED,NO CONTROLS,FAILING TO YIELD RIGHT-OF-WAY,DRIVING SKILLS/KNOWLEDGE/EXPERIENCE,0,0,0,0,17,6,7,1233,CLARK ST,41.852255,-87.802401,07/08/2016 06:50:00 PM,2016
CR00030752,09/15/2016 02:50:00 PM,45,CLEAR,DAYLIGHT,PEDESTRIAN,NOT DIVIDED,NO CONTROLS,FAILING TO REDUCE SPEED,FOLLOWING TOO CLOSELY,0,0,0,0,14,5,9,188,MILWAUKEE AVE,41.920014,-87.708284,09/15/2016 03:25:00 PM,2016
CR00030753,11/02/2020 04:59:00 PM,35,CLEAR,DARKNESS - LIGHTED ROAD,REAR END,FOUR WAY,YIELD,UNABLE TO DETERMINE,DISTRACTION - FROM INSIDE VEHICLE,0,0,0,0,16,2,11,1033,ELSTON AVE,41.884444,-87.832423,11/02/2020 05:39:00 PM,2020
CR00030754,06/24/2022 03:06:00 PM,25,RAIN,DAYLIGHT,ANGLE,ONE-WAY,UNKNOWN,FOLLOWING TOO CLOSELY,FAILING TO YIELD RIGHT-OF-WAY,0,0,0,0,15,6,6,1535,63RD ST,41.846667,-87.709567,06/24/2022 05:02:00 PM,2022
CR00030755,08/03/2016 04:47:00 PM,30,CLEAR,DAYLIGHT,SIDESWIPE SAME DIRECTION,FOUR WAY,NO CONTROLS,IMPROPER LANE USAGE,FOLLOWING TOO CLOSELY,0,0,0,0,16,4,8,1824,HALSTED ST,41.991822,-87.757179,08/03/2016 05:32:00 PM,2016
CR00030756,09/12/2016 08:31:00 AM,35,CLEAR,DAYLIGHT,TURNING,ONE-WAY,TRAFFIC SIGNAL,UNABLE TO DETERMINE,UNABLE TO DETERMINE,0,0,0,0,8,2,9,1289,CALIFORNIA AVE,41.786428,-87.609146,09/12/2016 10:15:00 AM,2016
CR00030757,02/24/2017 01:15:00 AM,30,CLEAR,DAYLIGHT,TURNING,FOUR WAY,TRAFFIC SIGNAL,UNABLE TO DETERMINE,FOLLOWING TOO CLOSELY,0,0,0,0,1,6,2,197,MICHIGAN AVE,41.845251,-87.713153,02/24/2017 01:35:00 AM,2017
CR00030758,12/31/2021 07:49:00 AM,30,SNOW,DAYLIGHT,ANGLE,DIVIDED - W/MEDIAN BARRIER,STOP SIGN/FLASHER,FAILING TO YIELD RIGHT-OF-WAY,FAILING TO YIELD RIGHT-OF-WAY,0,0,0,0,7,6,12,600,OGDEN AVE,41.704466,-87.784684,12/31/2021 08:12:00 AM,2021
CR00030759,01/24/2024 10:01:00 AM,30,CLEAR,DARKNESS - LIGHTED ROAD,REAR END,NOT DIVIDED,NO CONTROLS,DRIVING SKILLS/KNOWLEDGE/EXPERIENCE,UNABLE TO DETERMINE,0,0,0,0,10,4,1,390,CLARK ST,41.860057,-87.518681,01/24/2024 10:40:00 AM,2024
CR00030760,12/04/2016 08:31:00 PM,30,CLEAR,DAYLIGHT,SIDESWIPE SAME DIRECTION,NOT DIVIDED,NO CONTROLS,FOLLOWING TOO CLOSELY,NOT APPLICABLE,0,0,0,0,20,1,12,1618,CALIFORNIA AVE,41.801356,-87.546284,12/04/2016 09:50:00 PM,2016
CR00030761,10/01/2020 12:16:00 PM,40,RAIN,DUSK,TURNING,DIVIDED - W/MEDIAN BARRIER,STOP SIGN/FLASHER,FAILING TO YIELD RIGHT-OF-WAY,FAILING TO YIELD RIGHT-OF-WAY,0,0,0,0,12,5,10,1376,ASHLAND AVE,41.81282,-87.577331,10/01/2020 12:19:00 PM,2020
CR00030762,07/21/2017 08:49:00 AM,30,CLEAR,DAYLIGHT,REAR END,ONE-WAY,STOP SIGN/FLASHER,UNABLE TO DETERMINE,DRIVING SKILLS/KNOWLEDGE/EXPERIENCE,0,1,2,3,8,6,7,2184,47TH ST,41.834927,-87.651827,07/21/2017 10:40:00 AM,2017
CR00030763,04/09/2020 12:53:00 PM,30,CLEAR,DARKNESS - LIGHTED ROAD,TURNING,ONE-WAY,NO CONTROLS,DISTRACTION - FROM INSIDE VEHICLE,NOT APPLICABLE,0,0,0,0,12,5,4,602,BROADWAY,41.771825,-87.573239,04/09/2020 01:21:00 PM,2020
CR00030764,07/26/2020 05:16:00 AM,30,CLEAR,DAYLIGHT,REAR END,DIVIDED - W/MEDIAN (NOT RAISED),STOP SIGN/FLASHER,DRIVING SKILLS/KNOWLEDGE/EXPERIENCE,UNABLE TO DETERMINE,0,0,0,0,5,1,7,1174,WESTERN AVE,41.922595,-87.59907,07/26/2020 07:10:00 AM,2020
CR00030765,03/12/2021 06:50:00 PM,20,CLEAR,DARKNESS - LIGHTED ROAD,REAR END,NOT DIVIDED,TRAFFIC SIGNAL,FAILING TO REDUCE SPEED,DISREGARDING TRAFFIC SIGNALS,0,0,0,0,18,6,3,1795,ROOSEVELT RD,41.944365,-87.848485,03/12/2021 08:14:00 PM,2021
CR00030766,05/18/2020 11:58:00 AM,35,CLOUDY/OVERCAST,DAYLIGHT,REAR TO FRONT,ONE-WAY,TRAFFIC SIGNAL,DISTRACTION - FROM INSIDE VEHICLE,DISTRACTION - FROM INSIDE VEHICLE,0,0,0,0,11,2,5,1935,CALIFORNIA AVE,41.927659,-87.606559,05/18/2020 12:06:00 PM,2020
CR00030767,05/21/2022 09:03:00 AM,30,CLEAR,DARKNESS,REAR END,DIVIDED - W/MEDIAN (NOT RAISED),NO CONTROLS,UNABLE TO DETERMINE,FAILING TO REDUCE SPEED,0,0,0,0,9,7,5,1401,PULASKI RD,41.921244,-87.556466,05/21/2022 10:18:00 AM,2022
CR00030768,09/09/2016 11:22:00 PM,15,SNOW,DAYLIGHT,TURNING,T-INTERSECTION,TRAFFIC SIGNAL,FAILING TO YIELD RIGHT-OF-WAY,WEATHER,0,0,0,0,23,6,9,426,BROADWAY,41.789202,-87.624618,09/10/2016 12:51:00 AM,2016
CR00030769,10/18/2023 06:09:00 AM,40,CLEAR,DAYLIGHT,REAR END,DIVIDED - W/MEDIAN (NOT RAISED),TRAFFIC SIGNAL,UNABLE TO DETERMINE,DISREGARDING TRAFFIC SIGNALS,0,0,0,0,6,4,10,2459,DIVISION ST,41.890456,-87.830801,10/18/2023 06:31:00 AM,2023
CR00030770,04/21/2024 10:42:00 PM,20,CLOUDY/OVERCAST,DARKNESS,REAR END,NOT DIVIDED,STOP SIGN/FLASHER,FAILING TO YIELD RIGHT-OF-WAY,IMPROPER LANE USAGE,0,0,0,0,22,1,4,1287,CICERO AVE,41.724074,-87.511458,04/21/2024 11:31:00 PM,2024
CR00030771,05/28/2020 10:04:00 AM,15,CLEAR,DAYLIGHT,TURNING,T-INTERSECTION,NO CONTROLS,FOLLOWING TOO CLOSELY,FAILING TO YIELD RIGHT-OF-WAY,0,0,0,0,10,5,5,579,47TH ST,41.997578,-87.721608,05/28/2020 10:41:00 AM,2020
CR00030772,05/01/2024 07:51:00 AM,40,CLEAR,DARKNESS - LIGHTED ROAD,SIDESWIPE SAME DIRECTION,NOT DIVIDED,STOP SIGN/FLASHER,UNABLE TO DETERMINE,FAILING TO REDUCE SPEED,0,0,0,0,7,4,5,428,BROADWAY,41.705575,-87.642571,05/01/2024 08:54:00 AM,2024