CRASH_RECORD_ID,CRASH_DATE,POSTED_SPEED_LIMIT,WEATHER_CONDITION,LIGHTING_CONDITION,FIRST_CRASH_TYPE,TRAFFICWAY_TYPE,TRAFFIC_CONTROL_DEVICE,PRIM_CONTRIBUTORY_CAUSE,SEC_CONTRIBUTORY_CAUSE,INJURIES_FATAL,INJURIES_INCAPACITATING,INJURIES_NON_INCAPACITATING,INJURIES_TOTAL,CRASH_HOUR,CRASH_DAY_OF_WEEK,CRASH_MONTH,BEAT_OF_OCCURRENCE,STREET_NAME,LATITUDE,LONGITUDE,DATE_POLICE_NOTIFIED,year
CR00030773,08/28/2022 06:57:00 PM,30,CLEAR,DAYLIGHT,ANGLE,NOT DIVIDED,UNKNOWN,IMPROPER OVERTAKING/PASSING,UNABLE TO DETERMINE,0,0,0,0,18,1,8,868,BROADWAY,41.717342,-87.787648,08/28/2022 07:42:00 PM,2022
CR00030774,03/28/2019 07:51:00 PM,20,CLEAR,DAYLIGHT,TURNING,DIVIDED - W/MEDIAN (NOT RAISED),TRAFFIC SIGNAL,FAILING TO YIELD RIGHT-OF-WAY,DRIVING SKILLS/KNOWLEDGE/EXPERIENCE,0,0,0,0,19,5,3,180,ELSTON AVE,41.891838,-87.756565,03/28/2019 09:38:00 PM,2019
CR00030775,09/28/2022 04:39:00 PM,35,CLEAR,DAWN,TURNING,NOT DIVIDED,NO CONTROLS,DISREGARDING TRAFFIC SIGNALS,UNABLE TO DETERMINE,0,0,0,0,16,4,9,2308,CLARK ST,41.827609,-87.829875,09/28/2022 05:16:00 PM,2022
CR00030776,02/29/2024 05:28:00 AM,20,SNOW,DAYLIGHT,ANGLE,NOT DIVIDED,TRAFFIC SIGNAL,UNABLE TO DETERMINE,FAILING TO REDUCE SPEED,0,0,0,0,5,5,2,1706,DAMEN AVE,41.934508,-87.530204,02/29/2024 06:12:00 AM,2024
CR00030777,09/09/2018 08:46:00 AM,20,CLEAR,DAYLIGHT,ANGLE,NOT DIVIDED,NO CONTROLS,UNABLE TO DETERMINE,NOT APPLICABLE,0,0,0,0,8,1,9,1112,ASHLAND AVE,41.999306,-87.699173,09/09/2018 09:50:00 AM,2018
CR00030778,11/16/2017 06:42:00 AM,30,CLEAR,DARKNESS - LIGHTED ROAD,REAR END,DIVIDED - W/MEDIAN (NOT RAISED),NO CONTROLS,DRIVING SKILLS/KNOWLEDGE/EXPERIENCE,IMPROPER LANE USAGE,0,0,0,0,6,5,11,1546,ROOSEVELT RD,41.800252,-87.844351,11/16/2017 08:08:00 AM,2017
CR00030779,06/04/2020 07:02:00 AM,45,CLEAR,DARKNESS - LIGHTED ROAD,PARKED MOTOR VEHICLE,DIVIDED - W/MEDIAN (NOT RAISED),TRAFFIC SIGNAL,IMPROPER LANE USAGE,UNABLE TO DETERMINE,0,0,0,0,7,5,6,1656,BROADWAY,41.838338,-87.759237,06/04/2020 08:21:00 AM,2020
CR00030780,12/20/2020 07:53:00 AM,25,FREEZING RAIN/DRIZZLE,DUSK,REAR END,ONE-WAY,STOP SIGN/FLASHER,UNABLE TO DETERMINE,UNABLE TO DETERMINE,0,0,0,0,7,1,12,116,CLARK ST,41.762915,-87.599098,12/20/2020 09:44:00 AM,2020
CR00030781,08/19/2023 07:42:00 PM,15,RAIN,DARKNESS - LIGHTED ROAD,PARKED MOTOR VEHICLE,NOT DIVIDED,TRAFFIC SIGNAL,DISTRACTION - FROM INSIDE VEHICLE,UNABLE TO DETERMINE,0,0,0,0,19,7,8,1368,MICHIGAN AVE,41.730515,-87.709522,08/19/2023 08:42:00 PM,2023
CR00030782,09/02/2015 02:04:00 PM,35,CLEAR,DAYLIGHT,ANGLE,NOT DIVIDED,NO CONTROLS,DISTRACTION - FROM INSIDE VEHICLE,WEATHER,0,0,0,0,14,4,9,204,CALIFORNIA AVE,41.869979,-87.714479,09/02/2015 03:55:00 PM,2015
CR00030783,10/31/2016 06:24:00 PM,20,FREEZING RAIN/DRIZZLE,DAYLIGHT,REAR END,DIVIDED - W/MEDIAN (NOT RAISED),NO CONTROLS,DISREGARDING TRAFFIC SIGNALS,IMPROPER LANE USAGE,0,0,3,3,18,2,10,2290,OGDEN AVE,41.802483,-87.596579,10/31/2016 07:42:00 PM,2016
CR00030784,08/02/2019 05:16:00 PM,15,CLEAR,DAYLIGHT,ANGLE,FOUR WAY,STOP SIGN/FLASHER,DISREGARDING TRAFFIC SIGNALS,FOLLOWING TOO CLOSELY,0,1,2,3,17,6,8,342,ASHLAND AVE,41.960598,-87.834986,08/02/2019 07:03:00 PM,2019
CR00030785,12/21/2021 08:08:00 PM,40,CLEAR,DARKNESS - LIGHTED ROAD,REAR END,ONE-WAY,NO CONTROLS,IMPROPER OVERTAKING/PASSING,UNABLE TO DETERMINE,0,0,0,0,20,3,12,1885,DIVISION ST,41.985079,-87.658389,12/21/2021 09:26:00 PM,2021
CR00030786,05/30/2021 06:14:00 PM,25,CLEAR,DAYLIGHT,REAR END,T-INTERSECTION,STOP SIGN/FLASHER,FAILING TO REDUCE SPEED,NOT APPLICABLE,0,0,0,0,18,1,5,809,ROOSEVELT RD,41.773034,-87.820571,05/30/2021 07:34:00 PM,2021
CR00030787,01/22/2016 07:05:00 AM,25,CLEAR,DUSK,REAR END,DIVIDED - W/MEDIAN (NOT RAISED),UNKNOWN,UNABLE TO DETERMINE,NOT APPLICABLE,0,0,0,0,7,6,1,1869,ARCHER AVE,41.908643,-87.740447,01/22/2016 08:14:00 AM,2016
CR00030788,03/24/2020 07:42:00 PM,35,RAIN,DARKNESS - LIGHTED ROAD,PARKED MOTOR VEHICLE,DIVIDED - W/MEDIAN BARRIER,NO CONTROLS,IMPROPER OVERTAKING/PASSING,FAILING TO YIELD RIGHT-OF-WAY,0,0,0,0,19,3,3,356,LAKE SHORE DR,41.955813,-87.660382,03/24/2020 09:07:00 PM,2020
CR00030789,04/08/2021 10:13:00 AM,25,RAIN,DAYLIGHT,SIDESWIPE SAME DIRECTION,NOT DIVIDED,NO CONTROLS,UNABLE TO DETERMINE,UNABLE TO DETERMINE,0,0,0,0,10,5,4,875,HALSTED ST,41.852166,-87.778398,04/08/2021 11:37:00 AM,2021
CR00030790,07/15/2018 05:14:00 PM,35,CLEAR,DAYLIGHT,TURNING,FOUR WAY,NO CONTROLS,UNABLE TO DETERMINE,UNABLE TO DETERMINE,0,0,0,0,17,1,7,869,CALIFORNIA AVE,41.884643,-87.77997,07/15/2018 06:35:00 PM,2018
CR00030791,08/29/2015 07:11:00 AM,15,CLEAR,DAYLIGHT,REAR END,T-INTERSECTION,TRAFFIC SIGNAL,DRIVING SKILLS/KNOWLEDGE/EXPERIENCE,IMPROPER OVERTAKING/PASSING,0,0,2,2,7,7,8,2367,79TH ST,41.763458,-87.814588,08/29/2015 08:02:00 AM,2015
CR00030792,10/27/2018 05:28:00 PM,40,FREEZING RAIN/DRIZZLE,DAYLIGHT,FIXED OBJECT,FOUR WAY,YIELD,UNABLE TO DETERMINE,IMPROPER OVERTAKING/PASSING,0,0,0,0,17,7,10,1953,63RD ST,41.919747,-87.630703,10/27/2018 06:51:00 PM,2018
CR00030793,01/08/2021 12:00:00 PM,35,CLEAR,DAYLIGHT,TURNING,ONE-WAY,TRAFFIC SIGNAL,FOLLOWING TOO CLOSELY,UNABLE TO DETERMINE,0,2,1,3,12,6,1,2148,ROOSEVELT RD,41.84713,-87.714895,01/08/2021 01:56:00 PM,2021
CR00030794,07/27/2017 11:05:00 AM,25,CLEAR,DAYLIGHT,REAR END,NOT DIVIDED,NO CONTROLS,FAILING TO REDUCE SPEED,FAILING TO REDUCE SPEED,0,0,0,0,11,5,7,758,ARCHER AVE,41.985622,-87.727813,07/27/2017 12:25:00 PM,2017
CR00030795,09/06/2022 11:55:00 AM,20,CLEAR,DAYLIGHT,REAR END,NOT DIVIDED,UNKNOWN,IMPROPER OVERTAKING/PASSING,FAILING TO YIELD RIGHT-OF-WAY,0,0,0,0,11,3,9,736,47TH ST,41.721307,-87.672272,09/06/2022 01:27:00 PM,2022
CR00030796,06/10/2018 07:07:00 AM,35,RAIN,DAYLIGHT,SIDESWIPE SAME DIRECTION,NOT DIVIDED,NO CONTROLS,DRIVING SKILLS/KNOWLEDGE/EXPERIENCE,UNABLE TO DETERMINE,0,0,0,0,7,1,6,2336,79TH ST,41.878082,-87.583411,06/10/2018 08:13:00 AM,2018
CR00030797,08/24/2021 11:10:00 PM,35,CLEAR,DARKNESS - LIGHTED ROAD,SIDESWIPE SAME DIRECTION,DIVIDED - W/MEDIAN (NOT RAISED),TRAFFIC SIGNAL,UNABLE TO DETERMINE,IMPROPER LANE USAGE,0,0,0,0,23,3,8,1309,KEDZIE AVE,41.855818,-87.512178,08/24/2021 11:46:00 PM,2021
CR00030798,11/07/2020 04:11:00 PM,35,CLOUDY/OVERCAST,DARKNESS,REAR TO FRONT,NOT DIVIDED,NO CONTROLS,DRIVING SKILLS/KNOWLEDGE/EXPERIENCE,NOT APPLICABLE,0,0,0,0,16,7,11,2301,STONY ISLAND AVE,41.877851,-87.691446,11/07/2020 04:56:00 PM,2020
CR00030799,03/31/2018 07:48:00 PM,45,CLEAR,DAYLIGHT,FIXED OBJECT,NOT DIVIDED,TRAFFIC SIGNAL,DISREGARDING TRAFFIC SIGNALS,IMPROPER OVERTAKING/PASSING,0,0,0,0,19,7,3,1084,WESTERN AVE,41.819636,-87.676696,03/31/2018 08:07:00 PM,2018
CR00030800,08/13/2021 11:35:00 AM,30,CLEAR,DAYLIGHT,REAR END,FOUR WAY,STOP SIGN/FLASHER,UNABLE TO DETERMINE,UNABLE TO DETERMINE,0,0,0,0,11,6,8,1475,CALIFORNIA AVE,41.850217,-87.630348,08/13/2021 12:29:00 PM,2021
CR00030801,10/02/2023 03:28:00 PM,30,CLEAR,DAWN,FIXED OBJECT,DIVIDED - W/MEDIAN (NOT RAISED),UNKNOWN,IMPROPER OVERTAKING/PASSING,UNABLE TO DETERMINE,0,0,0,0,15,2,10,251,ARCHER AVE,41.774791,-87.518475,10/02/2023 04:24:00 PM,2023
CR00030802,11/14/2024 12:16:00 AM,45,CLOUDY/OVERCAST,DAYLIGHT,TURNING,T-INTERSECTION,STOP SIGN/FLASHER,UNABLE TO DETERMINE,FOLLOWING TOO CLOSELY,0,0,0,0,0,5,11,1973,HALSTED ST,41.71499,-87.725505,11/14/2024 01:06:00 AM,2024
CR00030803,10/20/2018 08:32:00 PM,30,CLEAR,DARKNESS - LIGHTED ROAD,PARKED MOTOR VEHICLE,NOT DIVIDED,NO CONTROLS,UNABLE TO DETERMINE,IMPROPER OVERTAKING/PASSING,0,0,0,0,20,7,10,595,ASHLAND AVE,41.988274,-87.507017,10/20/2018 08:39:00 PM,2018
CR00030804,11/27/2024 11:25:00 AM,30,CLEAR,DAYLIGHT,TURNING,DIVIDED - W/MEDIAN (NOT RAISED),NO CONTROLS,UNABLE TO DETERMINE,FOLLOWING TOO CLOSELY,0,0,1,1,11,4,11,1569,MILWAUKEE AVE,41.724744,-87.710437,11/27/2024 11:28:00 AM,2024
CR00030805,06/03/2019 07:23:00 PM,20,CLOUDY/OVERCAST,DARKNESS - LIGHTED ROAD,SIDESWIPE SAME DIRECTION,DIVIDED - W/MEDIAN (NOT RAISED),NO CONTROLS,FAILING TO YIELD RIGHT-OF-WAY,UNABLE TO DETERMINE,0,0,0,0,19,2,6,2422,63RD ST,41.915224,-87.592135,06/03/2019 08:36:00 PM,2019
CR00030806,07/07/2017 04:15:00 PM,35,CLEAR,DAYLIGHT,FIXED OBJECT,NOT DIVIDED,PEDESTRIAN CROSSING SIGN,DRIVING SKILLS/KNOWLEDGE/EXPERIENCE,NOT APPLICABLE,0,0,0,0,16,6,7,2114,DIVISION ST,41.969219,-87.745257,07/07/2017 04:34:00 PM,2017
CR00030807,04/13/2024 06:50:00 PM,45,CLEAR,DAYLIGHT,FIXED OBJECT,NOT DIVIDED,NO CONTROLS,FOLLOWING TOO CLOSELY,DISTRACTION - FROM INSIDE VEHICLE,0,0,0,0,18,7,4,463,IRVING PARK RD,41.738707,-87.525931,04/13/2024 07:30:00 PM,2024
CR00030808,03/29/2018 08:49:00 AM,40,RAIN,DAYLIGHT,PEDESTRIAN,NOT DIVIDED,STOP SIGN/FLASHER,FAILING TO REDUCE SPEED,FAILING TO YIELD RIGHT-OF-WAY,0,0,0,0,8,5,3,316,CLARK ST,41.765064,-87.510952,03/29/2018 09:09:00 AM,2018
CR00030809,11/29/2019 12:28:00 PM,35,CLEAR,DAYLIGHT,TURNING,ONE-WAY,YIELD,IMPROPER OVERTAKING/PASSING,DISREGARDING TRAFFIC SIGNALS,0,0,0,0,12,6,11,1269,IRVING PARK RD,41.797693,-87.601106,11/29/2019 01:05:00 PM,2019
CR00030810,10/26/2020 10:29:00 PM,45,CLEAR,DARKNESS,REAR END,DIVIDED - W/MEDIAN BARRIER,NO CONTROLS,FOLLOWING TOO CLOSELY,UNABLE TO DETERMINE,0,0,0,0,22,2,10,1869,IRVING PARK RD,41.828014,-87.601548,10/26/2020 11:33:00 PM,2020
CR00030811,03/29/2022 09:29:00 AM,30,CLOUDY/OVERCAST,DARKNESS - LIGHTED ROAD,REAR END,ONE-WAY,NO CONTROLS,FAILING TO REDUCE SPEED,UNABLE TO DETERMINE,0,0,1,1,9,3,3,2456,MICHIGAN AVE,41.723156,-87.698835,03/29/2022 10:29:00 AM,2022
CR00030812,10/02/2015 02:12:00 PM,30,CLEAR,DAYLIGHT,REAR END,NOT DIVIDED,PEDESTRIAN CROSSING SIGN,IMPROPER OVERTAKING/PASSING,FAILING TO YIELD RIGHT-OF-WAY,0,0,1,1,14,6,10,1425,47TH ST,41.955027,-87.584031,10/02/2015 03:27:00 PM,2015
CR00030813,01/19/2021 11:28:00 AM,35,CLEAR,DAYLIGHT,SIDESWIPE SAME DIRECTION,FOUR WAY,NO CONTROLS,FAILING TO YIELD RIGHT-OF-WAY,UNABLE TO DETERMINE,0,0,1,1,11,3,1,2505,CLARK ST,41.761375,-87.783353,01/19/2021 12:26:00 PM,2021
CR00030814,12/28/2015 01:52:00 PM,40,RAIN,DARKNESS - LIGHTED ROAD,REAR END,DIVIDED - W/MEDIAN (NOT RAISED),STOP SIGN/FLASHER,UNABLE TO DETERMINE,UNABLE TO DETERMINE,0,0,0,0,13,2,12,837,63RD ST,41.857174,-87.684444,12/28/2015 02:20:00 PM,2015
CR00030815,09/14/2015 04:08:00 PM,35,CLEAR,DAYLIGHT,REAR END,DIVIDED - W/MEDIAN BARRIER,TRAFFIC SIGNAL,FAILING TO REDUCE SPEED,DRIVING SKILLS/KNOWLEDGE/EXPERIENCE,0,0,0,0,16,2,9,2212,OGDEN AVE,41.71332,-87.60095,09/14/2015 04:23:00 PM,2015
CR00030816,10/14/2023 06:11:00 PM,30,CLEAR,DARKNESS,ANGLE,NOT DIVIDED,TRAFFIC SIGNAL,FAILING TO YIELD RIGHT-OF-WAY,FAILING TO YIELD RIGHT-OF-WAY,0,0,0,0,18,7,10,992,PULASKI RD,41.942496,-87.788449,10/14/2023 08:11:00 PM,2023
CR00030817,07/13/2016 03:22:00 PM,30,CLOUDY/OVERCAST,DARKNESS - LIGHTED ROAD,REAR END,NOT DIVIDED,UNKNOWN,IMPROPER OVERTAKING/PASSING,UNABLE TO DETERMINE,0,0,0,0,15,4,7,375,HALSTED ST,41.867637,-87.75678,07/13/2016 04:18:00 PM,2016
CR00030818,12/07/2024 01:11:00 PM,35,CLOUDY/OVERCAST,DAYLIGHT,ANGLE,NOT DIVIDED,NO CONTROLS,DISREGARDING TRAFFIC SIGNALS,UNABLE TO DETERMINE,0,0,0,0,13,7,12,1348,OGDEN AVE,41.925523,-87.540227,12/07/2024 02:09:00 PM,2024
CR00030819,01/03/2015 10:52:00 AM,35,CLEAR,DAYLIGHT,TURNING,NOT DIVIDED,NO CONTROLS,IMPROPER OVERTAKING/PASSING,DISTRACTION - FROM INSIDE VEHICLE,0,0,1,1,10,7,1,1353,ELSTON AVE,41.764573,-87.758955,01/03/2015 12:26:00 PM,2015
CR00030820,08/23/2022 07:47:00 PM,15,SNOW,DAYLIGHT,ANGLE,DIVIDED - W/MEDIAN BARRIER,STOP SIGN/FLASHER,UNABLE TO DETERMINE,IMPROPER OVERTAKING/PASSING,0,0,0,0,19,3,8,1573,CICERO AVE,41.781451,-87.529897,08/23/2022 09:35:00 PM,2022
CR00030821,10/13/2020 06:03:00 PM,35,CLEAR,DARKNESS - LIGHTED ROAD,FIXED OBJECT,NOT DIVIDED,NO CONTROLS,FOLLOWING TOO CLOSELY,UNABLE TO DETERMINE,0,0,0,0,18,3,10,1336,79TH ST,41.913968,-87.548192,10/13/2020 07:06:00 PM,2020
CR00030822,07/21/2019 05:26:00 PM,15,CLOUDY/OVERCAST,DARKNESS - LIGHTED ROAD,REAR END,NOT DIVIDED,TRAFFIC SIGNAL,DISTRACTION - FROM INSIDE VEHICLE,NOT APPLICABLE,0,0,0,0,17,1,7,577,IRVING PARK RD,41.811942,-87.650191,07/21/2019 06:50:00 PM,2019
CR00030823,06/01/2017 03:59:00 PM,30,CLEAR,DAYLIGHT,REAR END,DIVIDED - W/MEDIAN (NOT RAISED),TRAFFIC SIGNAL,UNABLE TO DETERMINE,UNABLE TO DETERMINE,0,0,0,0,15,5,6,889,ELSTON AVE,41.702792,-87.769139,06/01/2017 05:19:00 PM,2017
CR00030824,08/30/2016 07:58:00 PM,45,CLOUDY/OVERCAST,DAYLIGHT,REAR END,ONE-WAY,STOP SIGN/FLASHER,IMPROPER LANE USAGE,FOLLOWING TOO CLOSELY,0,0,0,0,19,3,8,890,47TH ST,41.783208,-87.835393,08/30/2016 08:11:00 PM,2016
CR00030825,04/03/2018 06:08:00 PM,45,CLEAR,DARKNESS - LIGHTED ROAD,SIDESWIPE SAME DIRECTION,NOT DIVIDED,NO CONTROLS,DRIVING SKILLS/KNOWLEDGE/EXPERIENCE,UNABLE TO DETERMINE,0,0,0,0,18,3,4,311,63RD ST,41.791379,-87.565444,04/03/2018 06:52:00 PM,2018
CR00030826,10/30/2023 09:58:00 AM,30,CLOUDY/OVERCAST,DAWN,FIXED OBJECT,DIVIDED - W/MEDIAN (NOT RAISED),TRAFFIC SIGNAL,IMPROPER OVERTAKING/PASSING,IMPROPER OVERTAKING/PASSING,0,0,0,0,9,2,10,475,CLARK ST,41.710168,-87.703643,10/30/2023 10:03:00 AM,2023
CR00030827,01/30/2023 08:52:00 AM,40,CLOUDY/OVERCAST,DAYLIGHT,REAR END,NOT DIVIDED,STOP SIGN/FLASHER,DISTRACTION - FROM INSIDE VEHICLE,DRIVING SKILLS/KNOWLEDGE/EXPERIENCE,0,0,0,0,8,2,1,570,ELSTON AVE,41.849307,-87.638207,01/30/2023 09:37:00 AM,2023
CR00030828,09/23/2019 08:44:00 PM,35,RAIN,DARKNESS,FIXED OBJECT,FOUR WAY,YIELD,FOLLOWING TOO CLOSELY,UNABLE TO DETERMINE,0,0,0,0,20,2,9,474,IRVING PARK RD,41.779186,-87.539987,09/23/2019 08:57:00 PM,2019
CR00030829,04/17/2023 06:16:00 PM,35,CLOUDY/OVERCAST,DAYLIGHT,REAR END,ONE-WAY,UNKNOWN,IMPROPER OVERTAKING/PASSING,DISTRACTION - FROM INSIDE VEHICLE,0,2,2,4,18,2,4,378,ASHLAND AVE,41.719381,-87.528546,04/17/2023 06:23:00 PM,2023
CR00030830,08/03/2023 10:08:00 AM,30,RAIN,DAYLIGHT,TURNING,ONE-WAY,TRAFFIC SIGNAL,FOLLOWING TOO CLOSELY,UNABLE TO DETERMINE,0,0,0,0,10,5,8,2298,63RD ST,41.84003,-87.522648,08/03/2023 11:13:00 AM,2023
CR00030831,07/01/2021 04:33:00 PM,35,CLEAR,DAYLIGHT,SIDESWIPE SAME DIRECTION,NOT DIVIDED,STOP SIGN/FLASHER,FOLLOWING TOO CLOSELY,NOT APPLICABLE,0,0,0,0,16,5,7,138,MICHIGAN AVE,41.843076,-87.745899,07/01/2021 04:46:00 PM,2021
CR00030832,04/26/2021 08:51:00 PM,25,CLOUDY/OVERCAST,DAYLIGHT,PARKED MOTOR VEHICLE,NOT DIVIDED,NO CONTROLS,FOLLOWING TOO CLOSELY,IMPROPER OVERTAKING/PASSING,0,0,0,0,20,2,4,235,IRVING PARK RD,41.955706,-87.797792,04/26/2021 10:02:00 PM,2021
CR00030833,08/20/2016 05:03:00 PM,30,RAIN,DAYLIGHT,REAR END,NOT DIVIDED,NO CONTROLS,DRIVING SKILLS/KNOWLEDGE/EXPERIENCE,DRIVING SKILLS/KNOWLEDGE/EXPERIENCE,0,0,1,1,17,7,8,914,CLARK ST,41.967962,-87.55713,08/20/2016 06:57:00 PM,2016
CR00030834,03/27/2015 02:13:00 PM,45,CLEAR,DARKNESS - LIGHTED ROAD,SIDESWIPE SAME DIRECTION,NOT DIVIDED,NO CONTROLS,FOLLOWING TOO CLOSELY,DISREGARDING TRAFFIC SIGNALS,0,0,0,0,14,6,3,1324,CICERO AVE,41.840092,-87.737749,03/27/2015 03:09:00 PM,2015
CR00030835,08/25/2024 04:47:00 PM,30,CLEAR,DAYLIGHT,PARKED MOTOR VEHICLE,NOT DIVIDED,NO CONTROLS,DISTRACTION - FROM INSIDE VEHICLE,NOT APPLICABLE,0,0,0,0,16,1,8,1924,FULLERTON AVE,41.926081,-87.561512,08/25/2024 05:42:00 PM,2024
CR00030836,10/07/2019 03:59:00 PM,20,CLEAR,DAYLIGHT,REAR END,ONE-WAY,NO CONTROLS,FAILING TO YIELD RIGHT-OF-WAY,FOLLOWING TOO CLOSELY,0,0,0,0,15,2,10,1370,MILWAUKEE AVE,41.960465,-87.7126,10/07/2019 04:28:00 PM,2019
CR00030837,08/11/2016 04:56:00 PM,20,CLEAR,DARKNESS - LIGHTED ROAD,ANGLE,DIVIDED - W/MEDIAN BARRIER,TRAFFIC SIGNAL,WEATHER,WEATHER,0,0,0,0,16,5,8,2016,IRVING PARK RD,41.863748,-87.572644,08/11/2016 06:44:00 PM,2016
CR00030838,01/13/2021 04:12:00 AM,40,CLEAR,DARKNESS - LIGHTED ROAD,PARKED MOTOR VEHICLE,DIVIDED - W/MEDIAN BARRIER,STOP SIGN/FLASHER,UNABLE TO DETERMINE,FAILING TO REDUCE SPEED,0,0,0,0,4,4,1,953,HALSTED ST,41.8732,-87.699008,01/13/2021 05:31:00 AM,2021
CR00030839,03/23/2023 05:39:00 PM,20,RAIN,DAYLIGHT,TURNING,NOT DIVIDED,NO CONTROLS,DISREGARDING TRAFFIC SIGNALS,UNABLE TO DETERMINE,0,0,0,0,17,5,3,1209,STONY ISLAND AVE,41.80417,-87.690346,03/23/2023 06:54:00 PM,2023
CR00030840,04/12/2022 10:39:00 PM,15,CLEAR,DARKNESS - LIGHTED ROAD,REAR END,ONE-WAY,TRAFFIC SIGNAL,UNABLE TO DETERMINE,NOT APPLICABLE,0,0,0,0,22,3,4,2270,WESTERN AVE,41.937484,-87.696985,04/12/2022 11:15:00 PM,2022
CR00030841,01/16/2023 07:31:00 PM,25,CLEAR,DAYLIGHT,TURNING,ONE-WAY,TRAFFIC SIGNAL,UNABLE TO DETERMINE,UNABLE TO DETERMINE,0,0,0,0,19,2,1,1534,CICERO AVE,41.867561,-87.701148,01/16/2023 08:33:00 PM,2023
CR00030842,12/27/2019 02:35:00 PM,45,CLEAR,DARKNESS,TURNING,ONE-WAY,TRAFFIC SIGNAL,UNABLE TO DETERMINE,DISTRACTION - FROM INSIDE VEHICLE,0,0,0,0,14,6,12,851,DAMEN AVE,41.802753,-87.500772,12/27/2019 04:21:00 PM,2019
CR00030843,03/12/2021 05:42:00 AM,45,CLEAR,DAYLIGHT,FIXED OBJECT,NOT DIVIDED,STOP SIGN/FLASHER,IMPROPER OVERTAKING/PASSING,IMPROPER LANE USAGE,0,0,0,0,5,6,3,245,DIVISION ST,41.763526,-87.698579,03/12/2021 07:00:00 AM,2021
CR00030844,09/10/2018 12:18:00 PM,30,FREEZING RAIN/DRIZZLE,DAYLIGHT,REAR END,NOT DIVIDED,TRAFFIC SIGNAL,FOLLOWING TOO CLOSELY,UNABLE TO DETERMINE,0,0,0,0,12,2,9,1484,79TH ST,41.815524,-87.848478,09/10/2018 02:06:00 PM,2018
CR00030845,06/19/2023 05:42:00 PM,15,CLEAR,DARKNESS,SIDESWIPE SAME DIRECTION,NOT DIVIDED,TRAFFIC SIGNAL,DISREGARDING TRAFFIC SIGNALS,FOLLOWING TOO CLOSELY,0,0,0,0,17,2,6,2291,LAKE SHORE DR,41.870669,-87.75438,06/19/2023 06:42:00 PM,2023
CR00030846,08/04/2016 05:40:00 PM,30,CLEAR,DARKNESS - LIGHTED ROAD,REAR END,NOT DIVIDED,NO CONTROLS,FAILING TO YIELD RIGHT-OF-WAY,UNABLE TO DETERMINE,0,0,0,0,17,5,8,2011,FULLERTON AVE,41.817693,-87.793027,08/04/2016 06:08:00 PM,2016
CR00030847,08/09/2015 02:20:00 AM,30,CLEAR,DAYLIGHT,PARKED MOTOR VEHICLE,NOT DIVIDED,TRAFFIC SIGNAL,IMPROPER LANE USAGE,NOT APPLICABLE,0,0,0,0,2,1,8,805,63RD ST,41.946998,-87.693749,08/09/2015 04:08:00 AM,2015
CR00030848,01/08/2015 10:43:00 AM,20,CLEAR,DARKNESS - LIGHTED ROAD,PEDESTRIAN,DIVIDED - W/MEDIAN (NOT RAISED),NO CONTROLS,FAILING TO YIELD RIGHT-OF-WAY,IMPROPER LANE USAGE,0,0,0,0,10,5,1,2185,LAKE SHORE DR,41.725805,-87.737161,01/08/2015 11:51:00 AM,2015
CR00030849,07/17/2023 04:32:00 PM,40,CLEAR,DARKNESS - LIGHTED ROAD,TURNING,DIVIDED - W/MEDIAN BARRIER,NO CONTROLS,UNABLE TO DETERMINE,UNABLE TO DETERMINE,0,0,0,0,16,2,7,2408,DIVISION ST,41.753686,-87.757418,07/17/2023 06:10:00 PM,2023
CR00030850,06/09/2019 11:56:00 AM,25,CLEAR,DARKNESS - LIGHTED ROAD,TURNING,DIVIDED - W/MEDIAN BARRIER,NO CONTROLS,FOLLOWING TOO CLOSELY,NOT APPLICABLE,0,0,0,0,11,1,6,974,CALIFORNIA AVE,41.962172,-87.846808,06/09/2019 01:54:00 PM,2019
CR00030851,05/12/2017 08:03:00 PM,25,CLEAR,DARKNESS - LIGHTED ROAD,FIXED OBJECT,NOT DIVIDED,UNKNOWN,DRIVING SKILLS/KNOWLEDGE/EXPERIENCE,FOLLOWING TOO CLOSELY,0,0,0,0,20,6,5,478,DIVISION ST,41.783603,-87.848717,05/12/2017 08:21:00 PM,2017
CR00030852,10/05/2020 01:51:00 AM,35,SNOW,DARKNESS - LIGHTED ROAD,PARKED MOTOR VEHICLE,NOT DIVIDED,STOP SIGN/FLASHER,UNABLE TO DETERMINE,WEATHER,0,0,0,0,1,2,10,335,LAKE SHORE DR,41.797474,-87.788438,10/05/2020 03:45:00 AM,2020
CR00030853,07/24/2021 08:16:00 PM,35,RAIN,DAYLIGHT,PARKED MOTOR VEHICLE,ONE-WAY,STOP SIGN/FLASHER,DISTRACTION - FROM INSIDE VEHICLE,NOT APPLICABLE,0,0,0,0,20,7,7,1025,79TH ST,41.825283,-87.82054,07/24/2021 08:46:00 PM,2021
CR00030854,04/21/2023 02:02:00 PM,35,CLEAR,DAYLIGHT,FIXED OBJECT,NOT DIVIDED,TRAFFIC SIGNAL,UNABLE TO DETERMINE,NOT APPLICABLE,0,0,0,0,14,6,4,100,OGDEN AVE,41.841859,-87.841712,04/21/2023 03:46:00 PM,2023