CRASH_RECORD_ID,CRASH_DATE,POSTED_SPEED_LIMIT,WEATHER_CONDITION,LIGHTING_CONDITION,FIRST_CRASH_TYPE,TRAFFICWAY_TYPE,TRAFFIC_CONTROL_DEVICE,PRIM_CONTRIBUTORY_CAUSE,SEC_CONTRIBUTORY_CAUSE,INJURIES_FATAL,INJURIES_INCAPACITATING,INJURIES_NON_INCAPACITATING,INJURIES_TOTAL,CRASH_HOUR,CRASH_DAY_OF_WEEK,CRASH_MONTH,BEAT_OF_OCCURRENCE,STREET_NAME,LATITUDE,LONGITUDE,DATE_POLICE_NOTIFIED,year
CR00030855,01/19/2020 03:43:00 PM,35,CLEAR,DARKNESS - LIGHTED ROAD,PARKED MOTOR VEHICLE,DIVIDED - W/MEDIAN (NOT RAISED),TRAFFIC SIGNAL,FAILING TO REDUCE SPEED,FOLLOWING TOO CLOSELY,0,0,0,0,15,1,1,2317,STATE ST,41.809637,-87.66706,01/19/2020 05:08:00 PM,2020
CR00030856,11/28/2017 09:45:00 AM,15,CLOUDY/OVERCAST,DAYLIGHT,FIXED OBJECT,DIVIDED - W/MEDIAN (NOT RAISED),NO CONTROLS,DISREGARDING TRAFFIC SIGNALS,IMPROPER OVERTAKING/PASSING,0,0,0,0,9,3,11,2288,CALIFORNIA AVE,41.83021,-87.657488,11/28/2017 10:25:00 AM,2017
CR00030857,12/19/2016 08:53:00 AM,35,CLEAR,DAYLIGHT,SIDESWIPE SAME DIRECTION,FOUR WAY,NO CONTROLS,UNABLE TO DETERMINE,DISTRACTION - FROM INSIDE VEHICLE,0,0,0,0,8,2,12,1542,STATE ST,41.959962,-87.82574,12/19/2016 10:04:00 AM,2016
CR00030858,05/03/2016 12:17:00 PM,25,CLEAR,DAYLIGHT,ANGLE,NOT DIVIDED,TRAFFIC SIGNAL,FAILING TO YIELD RIGHT-OF-WAY,DRIVING SKILLS/KNOWLEDGE/EXPERIENCE,0,0,0,0,12,3,5,1807,PULASKI RD,41.859871,-87.563093,05/03/2016 01:25:00 PM,2016
CR00030859,06/18/2021 03:29:00 AM,25,CLEAR,DARKNESS - LIGHTED ROAD,TURNING,NOT DIVIDED,NO CONTROLS,IMPROPER LANE USAGE,FAILING TO YIELD RIGHT-OF-WAY,0,0,0,0,3,6,6,914,CLARK ST,41.963124,-87.665142,06/18/2021 03:51:00 AM,2021
CR00030860,07/10/2016 06:11:00 PM,15,FOG/SMOKE/HAZE,DUSK,REAR END,ONE-WAY,STOP SIGN/FLASHER,DISTRACTION - FROM INSIDE VEHICLE,DRIVING SKILLS/KNOWLEDGE/EXPERIENCE,0,0,0,0,18,1,7,1988,CLARK ST,41.813217,-87.802522,07/10/2016 07:32:00 PM,2016
CR00030861,11/02/2015 06:38:00 PM,35,RAIN,DAYLIGHT,SIDESWIPE SAME DIRECTION,NOT DIVIDED,NO CONTROLS,UNABLE TO DETERMINE,UNABLE TO DETERMINE,0,0,0,0,18,2,11,601,HALSTED ST,41.987032,-87.734645,11/02/2015 08:21:00 PM,2015
CR00030862,05/16/2023 04:41:00 PM,30,CLEAR,DARKNESS - LIGHTED ROAD,PARKED MOTOR VEHICLE,ONE-WAY,NO CONTROLS,DRIVING SKILLS/KNOWLEDGE/EXPERIENCE,FOLLOWING TOO CLOSELY,0,0,0,0,16,3,5,1371,ROOSEVELT RD,41.870787,-87.779033,05/16/2023 05:22:00 PM,2023
CR00030863,12/16/2019 05:00:00 PM,30,FOG/SMOKE/HAZE,DAYLIGHT,REAR TO FRONT,NOT DIVIDED,NO CONTROLS,UNABLE TO DETERMINE,DISTRACTION - FROM INSIDE VEHICLE,0,0,0,0,17,2,12,1270,ARCHER AVE,41.837945,-87.769786,12/16/2019 06:54:00 PM,2019
CR00030864,12/25/2023 07:55:00 PM,30,CLEAR,DAYLIGHT,REAR TO FRONT,FOUR WAY,TRAFFIC SIGNAL,IMPROPER LANE USAGE,UNABLE TO DETERMINE,0,0,0,0,19,2,12,1964,ARCHER AVE,41.817825,-87.594662,12/25/2023 08:03:00 PM,2023
CR00030865,02/20/2023 12:04:00 AM,15,CLEAR,DARKNESS - LIGHTED ROAD,SIDESWIPE SAME DIRECTION,DIVIDED - W/MEDIAN BARRIER,STOP SIGN/FLASHER,DISREGARDING TRAFFIC SIGNALS,DISREGARDING TRAFFIC SIGNALS,0,0,0,0,0,2,2,483,WESTERN AVE,41.893508,-87.707761,02/20/2023 12:12:00 AM,2023
CR00030866,02/06/2021 06:43:00 PM,15,CLEAR,DUSK,REAR TO FRONT,NOT DIVIDED,STOP SIGN/FLASHER,FAILING TO YIELD RIGHT-OF-WAY,FAILING TO REDUCE SPEED,0,0,0,0,18,7,2,295,63RD ST,41.977319,-87.743663,02/06/2021 06:48:00 PM,2021
CR00030867,01/07/2018 11:26:00 PM,45,CLEAR,DAYLIGHT,PARKED MOTOR VEHICLE,DIVIDED - W/MEDIAN (NOT RAISED),UNKNOWN,UNABLE TO DETERMINE,FAILING TO YIELD RIGHT-OF-WAY,0,0,0,0,23,1,1,2136,KEDZIE AVE,41.773058,-87.690908,01/08/2018 12:29:00 AM,2018
CR00030868,10/11/2015 06:20:00 PM,25,FOG/SMOKE/HAZE,DAYLIGHT,SIDESWIPE SAME DIRECTION,NOT DIVIDED,STOP SIGN/FLASHER,DISTRACTION - FROM INSIDE VEHICLE,DISTRACTION - FROM INSIDE VEHICLE,0,0,1,1,18,1,10,335,WESTERN AVE,41.941225,-87.653155,10/11/2015 06:48:00 PM,2015
CR00030869,06/10/2024 08:41:00 PM,30,CLEAR,DAYLIGHT,FIXED OBJECT,DIVIDED - W/MEDIAN (NOT RAISED),TRAFFIC SIGNAL,FAILING TO YIELD RIGHT-OF-WAY,DISREGARDING TRAFFIC SIGNALS,0,0,0,0,20,2,6,1053,CLARK ST,41.917032,-87.651091,06/10/2024 10:25:00 PM,2024
CR00030870,09/13/2021 10:41:00 AM,30,CLEAR,DAYLIGHT,REAR END,DIVIDED - W/MEDIAN BARRIER,NO CONTROLS,FOLLOWING TOO CLOSELY,DISREGARDING TRAFFIC SIGNALS,0,0,0,0,10,2,9,1310,IRVING PARK RD,41.768638,-87.786219,09/13/2021 10:48:00 AM,2021
CR00030871,02/23/2024 02:09:00 AM,30,CLEAR,DAYLIGHT,ANGLE,FOUR WAY,TRAFFIC SIGNAL,IMPROPER OVERTAKING/PASSING,FAILING TO YIELD RIGHT-OF-WAY,0,0,0,0,2,6,2,627,MILWAUKEE AVE,41.778136,-87.763985,02/23/2024 02:57:00 AM,2024
CR00030872,06/28/2021 03:51:00 AM,35,CLEAR,DAYLIGHT,TURNING,NOT DIVIDED,NO CONTROLS,IMPROPER LANE USAGE,UNABLE TO DETERMINE,0,0,2,2,3,2,6,2299,ASHLAND AVE,41.747057,-87.781298,06/28/2021 05:46:00 AM,2021
CR00030873,01/07/2017 08:35:00 AM,25,CLEAR,DUSK,REAR END,ONE-WAY,NO CONTROLS,UNABLE TO DETERMINE,DRIVING SKILLS/KNOWLEDGE/EXPERIENCE,0,0,0,0,8,7,1,1555,ARCHER AVE,41.737561,-87.646478,01/07/2017 10:00:00 AM,2017
CR00030874,03/31/2022 03:44:00 AM,30,CLEAR,DAYLIGHT,REAR END,NOT DIVIDED,TRAFFIC SIGNAL,FOLLOWING TOO CLOSELY,NOT APPLICABLE,0,0,0,0,3,5,3,567,BROADWAY,41.814339,-87.64168,03/31/2022 04:53:00 AM,2022
CR00030875,09/20/2021 11:21:00 PM,20,CLEAR,DAYLIGHT,PARKED MOTOR VEHICLE,DIVIDED - W/MEDIAN (NOT RAISED),UNKNOWN,UNABLE TO DETERMINE,IMPROPER LANE USAGE,0,0,0,0,23,2,9,1113,PULASKI RD,41.931009,-87.748619,09/21/2021 01:05:00 AM,2021
CR00030876,05/07/2018 12:35:00 PM,30,CLEAR,DAYLIGHT,REAR END,DIVIDED - W/MEDIAN BARRIER,NO CONTROLS,DISREGARDING TRAFFIC SIGNALS,NOT APPLICABLE,0,0,0,0,12,2,5,937,79TH ST,41.91242,-87.521163,05/07/2018 01:51:00 PM,2018
CR00030877,07/06/2022 02:14:00 PM,45,RAIN,DARKNESS,REAR TO FRONT,T-INTERSECTION,TRAFFIC SIGNAL,FOLLOWING TOO CLOSELY,FOLLOWING TOO CLOSELY,0,0,0,0,14,4,7,2240,FULLERTON AVE,41.833159,-87.710539,07/06/2022 03:36:00 PM,2022
CR00030878,08/13/2020 06:49:00 PM,30,CLEAR,DAYLIGHT,SIDESWIPE SAME DIRECTION,FOUR WAY,NO CONTROLS,FAILING TO YIELD RIGHT-OF-WAY,UNABLE TO DETERMINE,0,0,1,1,18,5,8,2161,79TH ST,41.918403,-87.582339,08/13/2020 06:50:00 PM,2020
CR00030879,01/08/2018 03:30:00 PM,30,CLEAR,DAYLIGHT,SIDESWIPE SAME DIRECTION,ONE-WAY,TRAFFIC SIGNAL,UNABLE TO DETERMINE,NOT APPLICABLE,0,0,0,0,15,2,1,2453,CICERO AVE,41.779059,-87.814631,01/08/2018 04:52:00 PM,2018
CR00030880,08/28/2016 07:27:00 PM,35,CLEAR,DAYLIGHT,TURNING,DIVIDED - W/MEDIAN BARRIER,NO CONTROLS,DISREGARDING TRAFFIC SIGNALS,FOLLOWING TOO CLOSELY,0,0,0,0,19,1,8,1226,WESTERN AVE,41.970866,-87.773683,08/28/2016 08:37:00 PM,2016
CR00030881,10/08/2023 08:41:00 AM,40,CLOUDY/OVERCAST,DAYLIGHT,FIXED OBJECT,DIVIDED - W/MEDIAN (NOT RAISED),NO CONTROLS,UNABLE TO DETERMINE,NOT APPLICABLE,0,0,0,0,8,1,10,1710,STATE ST,41.744877,-87.631756,10/08/2023 09:01:00 AM,2023
CR00030882,04/04/2024 05:02:00 PM,25,CLEAR,DAYLIGHT,REAR END,NOT DIVIDED,NO CONTROLS,UNABLE TO DETERMINE,UNABLE TO DETERMINE,0,0,0,0,17,5,4,2144,FULLERTON AVE,41.814694,-87.652952,04/04/2024 06:43:00 PM,2024
CR00030883,12/31/2016 04:27:00 PM,30,CLEAR,DAYLIGHT,REAR END,ONE-WAY,NO CONTROLS,DRIVING SKILLS/KNOWLEDGE/EXPERIENCE,UNABLE TO DETERMINE,0,0,0,0,16,7,12,1164,WESTERN AVE,41.905251,-87.516475,12/31/2016 05:18:00 PM,2016
CR00030884,08/10/2016 11:17:00 AM,45,CLOUDY/OVERCAST,DARKNESS - LIGHTED ROAD,REAR END,ONE-WAY,TRAFFIC SIGNAL,UNABLE TO DETERMINE,FAILING TO YIELD RIGHT-OF-WAY,0,0,0,0,11,4,8,202,FULLERTON AVE,41.92777,-87.525558,08/10/2016 11:35:00 AM,2016
CR00030885,10/02/2023 11:19:00 AM,30,SNOW,DAYLIGHT,TURNING,FOUR WAY,NO CONTROLS,DISREGARDING TRAFFIC SIGNALS,NOT APPLICABLE,0,0,0,0,11,2,10,2342,CLARK ST,41.970583,-87.602253,10/02/2023 12:20:00 PM,2023
CR00030886,03/06/2022 11:37:00 AM,35,CLEAR,DAYLIGHT,TURNING,ONE-WAY,NO CONTROLS,IMPROPER OVERTAKING/PASSING,DISTRACTION - FROM INSIDE VEHICLE,0,0,0,0,11,1,3,681,MILWAUKEE AVE,41.827039,-87.600022,03/06/2022 11:56:00 AM,2022
CR00030887,03/01/2024 07:03:00 AM,20,CLEAR,DAYLIGHT,ANGLE,DIVIDED - W/MEDIAN BARRIER,NO CONTROLS,UNABLE TO DETERMINE,FAILING TO REDUCE SPEED,0,0,0,0,7,6,3,411,ARCHER AVE,41.965987,-87.700714,03/01/2024 08:52:00 AM,2024
CR00030888,12/27/2024 05:03:00 PM,35,CLEAR,DARKNESS - LIGHTED ROAD,REAR END,FOUR WAY,TRAFFIC SIGNAL,DRIVING SKILLS/KNOWLEDGE/EXPERIENCE,IMPROPER LANE USAGE,0,0,0,0,17,6,12,1923,BROADWAY,41.871613,-87.794585,12/27/2024 05:48:00 PM,2024
CR00030889,06/13/2023 11:07:00 AM,25,CLEAR,DARKNESS - LIGHTED ROAD,ANGLE,ONE-WAY,NO CONTROLS,IMPROPER OVERTAKING/PASSING,FAILING TO YIELD RIGHT-OF-WAY,0,0,3,3,11,3,6,2359,ASHLAND AVE,41.919416,-87.611011,06/13/2023 12:28:00 PM,2023
CR00030890,10/13/2015 03:26:00 PM,45,CLEAR,DAYLIGHT,REAR END,NOT DIVIDED,NO CONTROLS,DISREGARDING TRAFFIC SIGNALS,DISTRACTION - FROM INSIDE VEHICLE,0,0,0,0,15,3,10,1251,IRVING PARK RD,41.876672,-87.661664,10/13/2015 04:59:00 PM,2015
CR00030891,04/12/2016 04:15:00 AM,35,CLEAR,DAYLIGHT,TURNING,NOT DIVIDED,STOP SIGN/FLASHER,UNABLE TO DETERMINE,FAILING TO YIELD RIGHT-OF-WAY,0,0,0,0,4,3,4,1752,LAKE SHORE DR,41.992685,-87.720109,04/12/2016 04:34:00 AM,2016
CR00030892,10/24/2017 07:34:00 AM,20,CLEAR,DAYLIGHT,ANGLE,ONE-WAY,NO CONTROLS,UNABLE TO DETERMINE,FAILING TO REDUCE SPEED,0,0,0,0,7,3,10,2512,ELSTON AVE,41.818886,-87.756885,10/24/2017 07:37:00 AM,2017
CR00030893,02/27/2024 07:11:00 AM,25,CLEAR,DAYLIGHT,REAR END,NOT DIVIDED,STOP SIGN/FLASHER,DRIVING SKILLS/KNOWLEDGE/EXPERIENCE,DISTRACTION - FROM INSIDE VEHICLE,0,0,0,0,7,3,2,394,CALIFORNIA AVE,41.720518,-87.594597,02/27/2024 08:20:00 AM,2024
CR00030894,02/17/2021 03:00:00 PM,35,CLEAR,DAYLIGHT,TURNING,FOUR WAY,NO CONTROLS,FAILING TO YIELD RIGHT-OF-WAY,UNABLE TO DETERMINE,0,0,2,2,15,4,2,2486,STONY ISLAND AVE,41.965837,-87.796697,02/17/2021 04:10:00 PM,2021
CR00030895,11/13/2022 12:17:00 PM,30,SNOW,DARKNESS,REAR END,DIVIDED - W/MEDIAN (NOT RAISED),TRAFFIC SIGNAL,DISTRACTION - FROM INSIDE VEHICLE,DRIVING SKILLS/KNOWLEDGE/EXPERIENCE,0,0,0,0,12,1,11,2023,WESTERN AVE,41.939554,-87.536327,11/13/2022 02:07:00 PM,2022
CR00030896,09/19/2015 01:03:00 PM,30,CLEAR,DARKNESS - LIGHTED ROAD,ANGLE,DIVIDED - W/MEDIAN BARRIER,NO CONTROLS,UNABLE TO DETERMINE,NOT APPLICABLE,0,0,0,0,13,7,9,1448,IRVING PARK RD,41.883872,-87.649706,09/19/2015 01:30:00 PM,2015
CR00030897,11/30/2019 09:14:00 PM,20,CLEAR,DARKNESS - LIGHTED ROAD,REAR END,ONE-WAY,NO CONTROLS,FAILING TO REDUCE SPEED,NOT APPLICABLE,0,0,0,0,21,7,11,661,KEDZIE AVE,41.942425,-87.801173,11/30/2019 09:27:00 PM,2019
CR00030898,02/01/2022 12:25:00 PM,30,SNOW,DAYLIGHT,REAR END,NOT DIVIDED,STOP SIGN/FLASHER,DRIVING SKILLS/KNOWLEDGE/EXPERIENCE,IMPROPER LANE USAGE,0,0,0,0,12,3,2,1243,ARCHER AVE,41.774939,-87.749647,02/01/2022 02:12:00 PM,2022
CR00030899,01/20/2017 11:21:00 AM,35,CLOUDY/OVERCAST,DARKNESS - LIGHTED ROAD,PEDESTRIAN,ONE-WAY,UNKNOWN,FOLLOWING TOO CLOSELY,IMPROPER LANE USAGE,0,0,0,0,11,6,1,344,ROOSEVELT RD,41.872008,-87.671671,01/20/2017 12:41:00 PM,2017
CR00030900,04/22/2016 08:54:00 PM,30,CLEAR,DARKNESS - LIGHTED ROAD,REAR END,NOT DIVIDED,NO CONTROLS,FAILING TO REDUCE SPEED,DISTRACTION - FROM INSIDE VEHICLE,0,0,0,0,20,6,4,675,HALSTED ST,41.903522,-87.63537,04/22/2016 10:39:00 PM,2016
CR00030901,02/13/2023 01:12:00 PM,15,CLEAR,DAYLIGHT,REAR END,T-INTERSECTION,TRAFFIC SIGNAL,DRIVING SKILLS/KNOWLEDGE/EXPERIENCE,NOT APPLICABLE,0,0,0,0,13,2,2,208,BROADWAY,41.848017,-87.709501,02/13/2023 01:29:00 PM,2023
CR00030902,12/31/2023 07:32:00 AM,40,CLEAR,DAYLIGHT,ANGLE,DIVIDED - W/MEDIAN (NOT RAISED),UNKNOWN,FAILING TO REDUCE SPEED,DISREGARDING TRAFFIC SIGNALS,0,0,0,0,7,1,12,201,63RD ST,41.831737,-87.671403,12/31/2023 08:59:00 AM,2023
CR00030903,05/16/2016 01:18:00 PM,35,CLEAR,DAYLIGHT,REAR END,ONE-WAY,NO CONTROLS,DISTRACTION - FROM INSIDE VEHICLE,IMPROPER OVERTAKING/PASSING,0,0,0,0,13,2,5,1395,ASHLAND AVE,41.71842,-87.788002,05/16/2016 02:39:00 PM,2016
CR00030904,09/01/2016 04:57:00 PM,25,CLEAR,DAYLIGHT,SIDESWIPE SAME DIRECTION,DIVIDED - W/MEDIAN (NOT RAISED),STOP SIGN/FLASHER,UNABLE TO DETERMINE,FAILING TO REDUCE SPEED,0,0,0,0,16,5,9,2501,STONY ISLAND AVE,41.798568,-87.701019,09/01/2016 05:49:00 PM,2016
CR00030905,03/06/2023 07:09:00 AM,15,CLEAR,DAYLIGHT,ANGLE,FOUR WAY,STOP SIGN/FLASHER,DRIVING SKILLS/KNOWLEDGE/EXPERIENCE,NOT APPLICABLE,0,0,0,0,7,2,3,1384,STONY ISLAND AVE,41.756323,-87.834232,03/06/2023 07:25:00 AM,2023
CR00030906,01/15/2017 01:44:00 AM,30,FREEZING RAIN/DRIZZLE,DARKNESS - LIGHTED ROAD,TURNING,NOT DIVIDED,TRAFFIC SIGNAL,IMPROPER OVERTAKING/PASSING,NOT APPLICABLE,0,0,0,0,1,1,1,2018,DAMEN AVE,41.85544,-87.640971,01/15/2017 02:59:00 AM,2017
CR00030907,04/15/2021 11:00:00 PM,20,CLEAR,DAYLIGHT,TURNING,NOT DIVIDED,NO CONTROLS,UNABLE TO DETERMINE,DISREGARDING TRAFFIC SIGNALS,0,0,0,0,23,5,4,2462,79TH ST,41.930133,-87.839474,04/16/2021 12:49:00 AM,2021
CR00030908,04/27/2023 08:30:00 PM,30,CLEAR,DAYLIGHT,SIDESWIPE SAME DIRECTION,ONE-WAY,TRAFFIC SIGNAL,UNABLE TO DETERMINE,FAILING TO YIELD RIGHT-OF-WAY,0,0,0,0,20,5,4,1987,47TH ST,41.959901,-87.807969,04/27/2023 08:49:00 PM,2023
CR00030909,08/27/2022 12:57:00 PM,40,RAIN,DAYLIGHT,TURNING,NOT DIVIDED,UNKNOWN,UNABLE TO DETERMINE,IMPROPER OVERTAKING/PASSING,0,0,1,1,12,7,8,1539,HALSTED ST,41.866906,-87.817766,08/27/2022 01:20:00 PM,2022
CR00030910,10/15/2024 07:18:00 PM,35,CLEAR,DUSK,REAR END,NOT DIVIDED,NO CONTROLS,FAILING TO REDUCE SPEED,UNABLE TO DETERMINE,0,0,0,0,19,3,10,1801,OGDEN AVE,41.700145,-87.816338,10/15/2024 08:06:00 PM,2024
CR00030911,11/21/2016 08:52:00 AM,30,CLEAR,DARKNESS,SIDESWIPE SAME DIRECTION,NOT DIVIDED,TRAFFIC SIGNAL,FOLLOWING TOO CLOSELY,IMPROPER OVERTAKING/PASSING,0,0,1,1,8,2,11,2020,DIVISION ST,41.767672,-87.814585,11/21/2016 09:08:00 AM,2016
CR00030912,09/27/2018 08:23:00 AM,35,RAIN,DARKNESS,PARKED MOTOR VEHICLE,DIVIDED - W/MEDIAN (NOT RAISED),TRAFFIC SIGNAL,FOLLOWING TOO CLOSELY,DISREGARDING TRAFFIC SIGNALS,0,0,0,0,8,5,9,1308,PULASKI RD,41.787002,-87.605793,09/27/2018 10:07:00 AM,2018
CR00030913,02/14/2020 12:03:00 PM,30,CLEAR,DAYLIGHT,ANGLE,ONE-WAY,NO CONTROLS,DISTRACTION - FROM INSIDE VEHICLE,NOT APPLICABLE,0,0,0,0,12,6,2,1774,ASHLAND AVE,41.712667,-87.507495,02/14/2020 01:23:00 PM,2020
CR00030914,10/05/2017 10:20:00 PM,30,CLEAR,DARKNESS,REAR END,NOT DIVIDED,TRAFFIC SIGNAL,IMPROPER OVERTAKING/PASSING,UNABLE TO DETERMINE,0,0,1,1,22,5,10,1245,CLARK ST,41.779398,-87.848837,10/05/2017 11:01:00 PM,2017
CR00030915,11/26/2017 01:03:00 PM,30,CLEAR,DAYLIGHT,ANGLE,NOT DIVIDED,TRAFFIC SIGNAL,DISREGARDING TRAFFIC SIGNALS,DRIVING SKILLS/KNOWLEDGE/EXPERIENCE,0,0,0,0,13,1,11,1602,CLARK ST,41.951628,-87.736465,11/26/2017 01:41:00 PM,2017
CR00030916,05/18/2023 11:40:00 AM,45,CLEAR,DARKNESS - LIGHTED ROAD,FIXED OBJECT,DIVIDED - W/MEDIAN (NOT RAISED),NO CONTROLS,DRIVING SKILLS/KNOWLEDGE/EXPERIENCE,UNABLE TO DETERMINE,0,0,0,0,11,5,5,810,HALSTED ST,41.79896,-87.521066,05/18/2023 12:04:00 PM,2023
CR00030917,10/09/2021 09:56:00 AM,45,CLEAR,DAYLIGHT,TURNING,NOT DIVIDED,TRAFFIC SIGNAL,DISREGARDING TRAFFIC SIGNALS,UNABLE TO DETERMINE,0,0,0,0,9,7,10,972,HALSTED ST,41.914504,-87.630044,10/09/2021 10:53:00 AM,2021
CR00030918,02/09/2024 08:42:00 AM,25,CLEAR,DARKNESS,REAR END,NOT DIVIDED,UNKNOWN,UNABLE TO DETERMINE,FAILING TO REDUCE SPEED,0,0,0,0,8,6,2,304,MICHIGAN AVE,41.955041,-87.521603,02/09/2024 10:32:00 AM,2024
CR00030919,12/06/2018 09:15:00 AM,40,RAIN,DUSK,TURNING,ONE-WAY,NO CONTROLS,FOLLOWING TOO CLOSELY,FOLLOWING TOO CLOSELY,0,0,0,0,9,5,12,1227,DIVISION ST,41.78363,-87.513662,12/06/2018 09:36:00 AM,2018
CR00030920,03/24/2020 03:18:00 PM,15,CLEAR,DARKNESS,SIDESWIPE SAME DIRECTION,NOT DIVIDED,STOP SIGN/FLASHER,FAILING TO REDUCE SPEED,FAILING TO REDUCE SPEED,0,0,0,0,15,3,3,1111,WESTERN AVE,41.87068,-87.567458,03/24/2020 05:06:00 PM,2020
CR00030921,08/14/2018 05:57:00 PM,30,CLEAR,DAYLIGHT,REAR TO FRONT,DIVIDED - W/MEDIAN (NOT RAISED),NO CONTROLS,FAILING TO YIELD RIGHT-OF-WAY,DRIVING SKILLS/KNOWLEDGE/EXPERIENCE,0,0,0,0,17,3,8,1913,STATE ST,41.768923,-87.789266,08/14/2018 07:17:00 PM,2018
CR00030922,01/11/2019 02:39:00 AM,30,CLEAR,DAYLIGHT,FIXED OBJECT,FOUR WAY,NO CONTROLS,FAILING TO REDUCE SPEED,UNABLE TO DETERMINE,0,0,2,2,2,6,1,320,MICHIGAN AVE,41.867048,-87.807217,01/11/2019 04:33:00 AM,2019
CR00030923,05/08/2020 05:03:00 PM,30,CLOUDY/OVERCAST,DAYLIGHT,TURNING,NOT DIVIDED,UNKNOWN,DRIVING SKILLS/KNOWLEDGE/EXPERIENCE,DRIVING SKILLS/KNOWLEDGE/EXPERIENCE,0,0,2,2,17,6,5,1006,LAKE SHORE DR,41.850895,-87.716677,05/08/2020 05:22:00 PM,2020
CR00030924,05/19/2017 08:44:00 AM,20,CLEAR,DARKNESS - LIGHTED ROAD,PEDESTRIAN,NOT DIVIDED,TRAFFIC SIGNAL,DISTRACTION - FROM INSIDE VEHICLE,UNABLE TO DETERMINE,0,0,3,3,8,6,5,1850,ASHLAND AVE,41.828844,-87.592907,05/19/2017 10:05:00 AM,2017
CR00030925,06/11/2020 06:08:00 PM,30,CLEAR,DAYLIGHT,REAR END,T-INTERSECTION,TRAFFIC SIGNAL,UNABLE TO DETERMINE,UNABLE TO DETERMINE,0,0,0,0,18,5,6,1489,DIVISION ST,41.917744,-87.681278,06/11/2020 08:00:00 PM,2020
CR00030926,12/21/2017 07:30:00 AM,45,CLEAR,DAYLIGHT,REAR END,NOT DIVIDED,STOP SIGN/FLASHER,FOLLOWING TOO CLOSELY,UNABLE TO DETERMINE,0,0,0,0,7,5,12,193,47TH ST,41.903748,-87.547493,12/21/2017 07:57:00 AM,2017
CR00030927,01/04/2017 12:45:00 PM,40,CLEAR,DARKNESS - LIGHTED ROAD,SIDESWIPE SAME DIRECTION,ONE-WAY,STOP SIGN/FLASHER,UNABLE TO DETERMINE,DRIVING SKILLS/KNOWLEDGE/EXPERIENCE,0,0,1,1,12,4,1,2182,STATE ST,41.830815,-87.827486,01/04/2017 01:44:00 PM,2017
CR00030928,03/18/2020 12:04:00 AM,35,CLEAR,DUSK,SIDESWIPE SAME DIRECTION,FOUR WAY,STOP SIGN/FLASHER,DRIVING SKILLS/KNOWLEDGE/EXPERIENCE,NOT APPLICABLE,0,0,1,1,0,4,3,1304,LAKE SHORE DR,41.812965,-87.750748,03/18/2020 12:39:00 AM,2020
CR00030929,03/10/2022 01:55:00 PM,30,CLOUDY/OVERCAST,DARKNESS - LIGHTED ROAD,PARKED MOTOR VEHICLE,DIVIDED - W/MEDIAN (NOT RAISED),NO CONTROLS,UNABLE TO DETERMINE,NOT APPLICABLE,0,0,0,0,13,5,3,1885,ARCHER AVE,41.85928,-87.631924,03/10/2022 03:05:00 PM,2022
CR00030930,04/13/2015 12:00:00 PM,25,CLEAR,DAYLIGHT,FIXED OBJECT,FOUR WAY,NO CONTROLS,DISTRACTION - FROM INSIDE VEHICLE,UNABLE TO DETERMINE,0,0,0,0,12,2,4,982,ASHLAND AVE,41.987698,-87.669981,04/13/2015 12:06:00 PM,2015
CR00030931,02/03/2020 10:22:00 PM,25,CLEAR,DAYLIGHT,FIXED OBJECT,NOT DIVIDED,NO CONTROLS,FAILING TO REDUCE SPEED,FOLLOWING TOO CLOSELY,0,0,0,0,22,2,2,1517,CALIFORNIA AVE,41.856956,-87.582611,02/03/2020 10:29:00 PM,2020
CR00030932,03/06/2016 04:54:00 AM,15,CLEAR,DAYLIGHT,ANGLE,ONE-WAY,STOP SIGN/FLASHER,UNABLE TO DETERMINE,UNABLE TO DETERMINE,0,2,0,2,4,1,3,2041,STATE ST,41.968937,-87.78057,03/06/2016 06:52:00 AM,2016
CR00030933,12/14/2016 02:57:00 PM,15,CLEAR,DAYLIGHT,SIDESWIPE SAME DIRECTION,FOUR WAY,NO CONTROLS,UNABLE TO DETERMINE,NOT APPLICABLE,0,0,0,0,14,4,12,106,DIVISION ST,41.983427,-87.747215,12/14/2016 04:57:00 PM,2016
CR00030934,04/06/2015 04:37:00 PM,30,CLEAR,DAYLIGHT,REAR END,NOT DIVIDED,STOP SIGN/FLASHER,FAILING TO YIELD RIGHT-OF-WAY,FOLLOWING TOO CLOSELY,0,0,0,0,16,2,4,1571,PULASKI RD,41.976545,-87.570329,04/06/2015 05:29:00 PM,2015
CR00030935,11/06/2024 04:10:00 PM,15,CLEAR,DAYLIGHT,SIDESWIPE SAME DIRECTION,NOT DIVIDED,UNKNOWN,FAILING TO REDUCE SPEED,NOT APPLICABLE,0,0,0,0,16,4,11,624,CLARK ST,41.800526,-87.569057,11/06/2024 05:20:00 PM,2024
CR00030936,05/11/2019 01:12:00 PM,40,CLEAR,DARKNESS - LIGHTED ROAD,REAR END,NOT DIVIDED,NO CONTROLS,UNABLE TO DETERMINE,NOT APPLICABLE,0,0,0,0,13,7,5,1704,KEDZIE AVE,41.714564,-87.802694,05/11/2019 02:37:00 PM,2019
CR00030937,03/11/2019 01:15:00 AM,45,CLEAR,DARKNESS - LIGHTED ROAD,ANGLE,NOT DIVIDED,NO CONTROLS,IMPROPER OVERTAKING/PASSING,IMPROPER OVERTAKING/PASSING,0,0,0,0,1,2,3,2212,CLARK ST,41.992301,-87.720723,03/11/2019 01:54:00 AM,2019