CRASH_RECORD_ID,CRASH_DATE,POSTED_SPEED_LIMIT,WEATHER_CONDITION,LIGHTING_CONDITION,FIRST_CRASH_TYPE,TRAFFICWAY_TYPE,TRAFFIC_CONTROL_DEVICE,PRIM_CONTRIBUTORY_CAUSE,SEC_CONTRIBUTORY_CAUSE,INJURIES_FATAL,INJURIES_INCAPACITATING,INJURIES_NON_INCAPACITATING,INJURIES_TOTAL,CRASH_HOUR,CRASH_DAY_OF_WEEK,CRASH_MONTH,BEAT_OF_OCCURRENCE,STREET_NAME,LATITUDE,LONGITUDE,DATE_POLICE_NOTIFIED,year
CR00030938,02/15/2017 07:44:00 AM,40,CLOUDY/OVERCAST,DARKNESS,REAR END,NOT DIVIDED,NO CONTROLS,FAILING TO REDUCE SPEED,IMPROPER OVERTAKING/PASSING,0,0,0,0,7,4,2,1495,CALIFORNIA AVE,41.804131,-87.69761,02/15/2017 08:07:00 AM,2017
CR00030939,07/29/2019 08:01:00 AM,30,RAIN,DAYLIGHT,REAR END,DIVIDED - W/MEDIAN BARRIER,STOP SIGN/FLASHER,DRIVING SKILLS/KNOWLEDGE/EXPERIENCE,UNABLE TO DETERMINE,0,0,3,3,8,2,7,2500,63RD ST,41.866293,-87.828704,07/29/2019 09:25:00 AM,2019
CR00030940,07/21/2019 12:52:00 PM,15,CLEAR,DARKNESS,TURNING,T-INTERSECTION,NO CONTROLS,FOLLOWING TOO CLOSELY,IMPROPER OVERTAKING/PASSING,0,0,0,0,12,1,7,2502,BROADWAY,41.771205,-87.53564,07/21/2019 01:50:00 PM,2019
CR00030941,09/13/2017 02:35:00 PM,45,CLEAR,DARKNESS - LIGHTED ROAD,PARKED MOTOR VEHICLE,FOUR WAY,STOP SIGN/FLASHER,UNABLE TO DETERMINE,DISREGARDING TRAFFIC SIGNALS,0,0,2,2,14,4,9,920,CALIFORNIA AVE,41.82624,-87.768817,09/13/2017 03:50:00 PM,2017
CR00030942,10/29/2022 09:14:00 AM,30,CLEAR,DAYLIGHT,PARKED MOTOR VEHICLE,DIVIDED - W/MEDIAN (NOT RAISED),STOP SIGN/FLASHER,UNABLE TO DETERMINE,NOT APPLICABLE,0,0,0,0,9,7,10,2284,ROOSEVELT RD,41.710671,-87.538713,10/29/2022 10:53:00 AM,2022
CR00030943,02/07/2023 11:35:00 AM,25,CLOUDY/OVERCAST,DAYLIGHT,PARKED MOTOR VEHICLE,NOT DIVIDED,STOP SIGN/FLASHER,FOLLOWING TOO CLOSELY,UNABLE TO DETERMINE,0,0,0,0,11,3,2,1006,ASHLAND AVE,41.891586,-87.844951,02/07/2023 01:04:00 PM,2023
CR00030944,11/19/2024 07:06:00 AM,30,CLEAR,DARKNESS,SIDESWIPE SAME DIRECTION,ONE-WAY,STOP SIGN/FLASHER,DISREGARDING TRAFFIC SIGNALS,FOLLOWING TOO CLOSELY,0,0,0,0,7,3,11,487,STONY ISLAND AVE,41.77543,-87.622022,11/19/2024 08:51:00 AM,2024
CR00030945,10/21/2023 07:24:00 PM,45,RAIN,DAYLIGHT,REAR END,FOUR WAY,TRAFFIC SIGNAL,FOLLOWING TOO CLOSELY,UNABLE TO DETERMINE,0,0,0,0,19,7,10,1780,ELSTON AVE,41.941719,-87.633642,10/21/2023 08:43:00 PM,2023
CR00030946,04/17/2017 01:01:00 PM,30,CLEAR,DARKNESS - LIGHTED ROAD,REAR END,DIVIDED - W/MEDIAN BARRIER,NO CONTROLS,FAILING TO YIELD RIGHT-OF-WAY,FOLLOWING TOO CLOSELY,0,0,0,0,13,2,4,1227,CLARK ST,41.831181,-87.524477,04/17/2017 01:50:00 PM,2017
CR00030947,03/16/2023 01:55:00 PM,20,CLEAR,DARKNESS - LIGHTED ROAD,REAR END,DIVIDED - W/MEDIAN BARRIER,STOP SIGN/FLASHER,DRIVING SKILLS/KNOWLEDGE/EXPERIENCE,IMPROPER LANE USAGE,0,0,0,0,13,5,3,999,CICERO AVE,41.84471,-87.758172,03/16/2023 01:59:00 PM,2023
CR00030948,08/07/2019 02:14:00 PM,35,FREEZING RAIN/DRIZZLE,DAYLIGHT,REAR TO FRONT,T-INTERSECTION,STOP SIGN/FLASHER,DISTRACTION - FROM INSIDE VEHICLE,FOLLOWING TOO CLOSELY,0,0,3,3,14,4,8,1710,MILWAUKEE AVE,41.912364,-87.841959,08/07/2019 02:40:00 PM,2019
CR00030949,08/31/2020 03:51:00 PM,40,CLEAR,DAYLIGHT,TURNING,DIVIDED - W/MEDIAN (NOT RAISED),TRAFFIC SIGNAL,UNABLE TO DETERMINE,IMPROPER LANE USAGE,0,0,0,0,15,2,8,1293,CALIFORNIA AVE,41.971175,-87.718046,08/31/2020 05:28:00 PM,2020
CR00030950,09/21/2018 05:26:00 PM,30,CLEAR,DAYLIGHT,REAR END,NOT DIVIDED,TRAFFIC SIGNAL,FOLLOWING TOO CLOSELY,IMPROPER OVERTAKING/PASSING,0,0,0,0,17,6,9,1546,47TH ST,41.958223,-87.529832,09/21/2018 05:59:00 PM,2018
CR00030951,02/08/2023 06:08:00 PM,30,CLEAR,DAYLIGHT,TURNING,NOT DIVIDED,STOP SIGN/FLASHER,FOLLOWING TOO CLOSELY,NOT APPLICABLE,0,0,0,0,18,4,2,560,CICERO AVE,41.951319,-87.652805,02/08/2023 07:03:00 PM,2023
CR00030952,12/25/2023 10:03:00 PM,40,RAIN,DAYLIGHT,FIXED OBJECT,DIVIDED - W/MEDIAN BARRIER,NO CONTROLS,DISTRACTION - FROM INSIDE VEHICLE,IMPROPER LANE USAGE,0,0,0,0,22,2,12,275,PULASKI RD,41.907686,-87.581809,12/25/2023 11:32:00 PM,2023
CR00030953,05/02/2019 12:24:00 AM,45,CLEAR,DAYLIGHT,TURNING,DIVIDED - W/MEDIAN BARRIER,PEDESTRIAN CROSSING SIGN,DISREGARDING TRAFFIC SIGNALS,FOLLOWING TOO CLOSELY,0,0,0,0,0,5,5,1605,ASHLAND AVE,41.912584,-87.816864,05/02/2019 12:53:00 AM,2019
CR00030954,04/06/2020 08:55:00 PM,35,CLEAR,DAYLIGHT,REAR TO FRONT,DIVIDED - W/MEDIAN (NOT RAISED),STOP SIGN/FLASHER,IMPROPER LANE USAGE,FAILING TO YIELD RIGHT-OF-WAY,0,0,0,0,20,2,4,1280,MILWAUKEE AVE,41.76465,-87.749838,04/06/2020 09:45:00 PM,2020
CR00030955,05/29/2021 11:46:00 AM,30,CLEAR,DARKNESS - LIGHTED ROAD,TURNING,NOT DIVIDED,NO CONTROLS,FAILING TO YIELD RIGHT-OF-WAY,NOT APPLICABLE,0,0,0,0,11,7,5,1140,DIVISION ST,41.984691,-87.817878,05/29/2021 01:30:00 PM,2021
CR00030956,04/25/2020 01:45:00 PM,30,CLEAR,DARKNESS,TURNING,DIVIDED - W/MEDIAN BARRIER,STOP SIGN/FLASHER,UNABLE TO DETERMINE,UNABLE TO DETERMINE,0,0,0,0,13,7,4,1714,MILWAUKEE AVE,41.705731,-87.800772,04/25/2020 03:32:00 PM,2020
CR00030957,04/01/2024 11:17:00 AM,15,CLEAR,DAYLIGHT,REAR END,DIVIDED - W/MEDIAN (NOT RAISED),NO CONTROLS,IMPROPER LANE USAGE,NOT APPLICABLE,0,0,1,1,11,2,4,2443,IRVING PARK RD,41.917688,-87.533172,04/01/2024 12:18:00 PM,2024
CR00030958,09/09/2016 07:01:00 AM,15,CLEAR,DAWN,TURNING,NOT DIVIDED,NO CONTROLS,DISREGARDING TRAFFIC SIGNALS,FAILING TO YIELD RIGHT-OF-WAY,0,0,0,0,7,6,9,1149,ASHLAND AVE,41.946268,-87.760686,09/09/2016 07:34:00 AM,2016
CR00030959,06/10/2023 06:46:00 AM,30,RAIN,DARKNESS - LIGHTED ROAD,REAR END,DIVIDED - W/MEDIAN BARRIER,PEDESTRIAN CROSSING SIGN,UNABLE TO DETERMINE,DISTRACTION - FROM INSIDE VEHICLE,0,0,2,2,6,7,6,761,ARCHER AVE,41.950033,-87.534387,06/10/2023 07:07:00 AM,2023
CR00030960,02/19/2018 07:01:00 AM,45,CLEAR,DARKNESS - LIGHTED ROAD,SIDESWIPE SAME DIRECTION,FOUR WAY,UNKNOWN,DISREGARDING TRAFFIC SIGNALS,FAILING TO YIELD RIGHT-OF-WAY,0,0,0,0,7,2,2,1285,MILWAUKEE AVE,41.802038,-87.69925,02/19/2018 07:02:00 AM,2018
CR00030961,10/06/2023 10:38:00 AM,35,CLEAR,DARKNESS,FIXED OBJECT,DIVIDED - W/MEDIAN (NOT RAISED),STOP SIGN/FLASHER,UNABLE TO DETERMINE,NOT APPLICABLE,0,0,0,0,10,6,10,1457,DIVISION ST,41.75747,-87.628735,10/06/2023 11:14:00 AM,2023
CR00030962,05/15/2017 06:20:00 PM,30,CLEAR,DARKNESS - LIGHTED ROAD,REAR TO FRONT,NOT DIVIDED,TRAFFIC SIGNAL,DISREGARDING TRAFFIC SIGNALS,IMPROPER OVERTAKING/PASSING,0,0,0,0,18,2,5,579,CALIFORNIA AVE,41.934391,-87.737192,05/15/2017 07:52:00 PM,2017
CR00030963,06/13/2016 03:59:00 PM,15,CLEAR,DAYLIGHT,REAR TO FRONT,NOT DIVIDED,NO CONTROLS,IMPROPER LANE USAGE,FAILING TO REDUCE SPEED,0,0,0,0,15,2,6,1871,STATE ST,41.831745,-87.560074,06/13/2016 05:18:00 PM,2016
CR00030964,05/03/2024 07:05:00 AM,30,CLEAR,DARKNESS - LIGHTED ROAD,REAR END,NOT DIVIDED,NO CONTROLS,UNABLE TO DETERMINE,NOT APPLICABLE,0,0,0,0,7,6,5,879,PULASKI RD,41.803451,-87.725118,05/03/2024 08:56:00 AM,2024
CR00030965,04/28/2021 07:46:00 PM,25,CLEAR,DARKNESS - LIGHTED ROAD,ANGLE,T-INTERSECTION,TRAFFIC SIGNAL,FAILING TO REDUCE SPEED,UNABLE TO DETERMINE,0,0,0,0,19,4,4,2018,WESTERN AVE,41.869644,-87.825544,04/28/2021 08:56:00 PM,2021
CR00030966,09/24/2019 03:45:00 AM,30,CLEAR,DARKNESS - LIGHTED ROAD,TURNING,NOT DIVIDED,STOP SIGN/FLASHER,IMPROPER OVERTAKING/PASSING,DISREGARDING TRAFFIC SIGNALS,0,1,1,2,3,3,9,1584,CICERO AVE,41.894241,-87.672139,09/24/2019 05:23:00 AM,2019
CR00030967,09/29/2015 06:22:00 PM,40,SNOW,DAYLIGHT,REAR END,T-INTERSECTION,TRAFFIC SIGNAL,FOLLOWING TOO CLOSELY,DISTRACTION - FROM INSIDE VEHICLE,0,0,1,1,18,3,9,266,HALSTED ST,41.948704,-87.665558,09/29/2015 07:10:00 PM,2015
CR00030968,05/07/2016 08:54:00 AM,40,CLOUDY/OVERCAST,DARKNESS - LIGHTED ROAD,REAR END,T-INTERSECTION,NO CONTROLS,UNABLE TO DETERMINE,FOLLOWING TOO CLOSELY,0,0,0,0,8,7,5,495,ASHLAND AVE,41.731376,-87.784425,05/07/2016 10:05:00 AM,2016
CR00030969,04/17/2020 11:42:00 PM,30,CLEAR,DAYLIGHT,SIDESWIPE SAME DIRECTION,NOT DIVIDED,STOP SIGN/FLASHER,FOLLOWING TOO CLOSELY,FAILING TO REDUCE SPEED,0,0,0,0,23,6,4,1943,STONY ISLAND AVE,41.884546,-87.574048,04/18/2020 01:12:00 AM,2020
CR00030970,07/15/2020 08:36:00 AM,25,CLEAR,DARKNESS - LIGHTED ROAD,PARKED MOTOR VEHICLE,DIVIDED - W/MEDIAN (NOT RAISED),TRAFFIC SIGNAL,DRIVING SKILLS/KNOWLEDGE/EXPERIENCE,WEATHER,0,0,0,0,8,4,7,619,FULLERTON AVE,41.770821,-87.805337,07/15/2020 09:07:00 AM,2020
CR00030971,03/18/2018 05:41:00 AM,45,CLEAR,DAYLIGHT,REAR END,ONE-WAY,TRAFFIC SIGNAL,FAILING TO REDUCE SPEED,UNABLE TO DETERMINE,0,0,0,0,5,1,3,2350,79TH ST,41.937917,-87.605558,03/18/2018 06:41:00 AM,2018
CR00030972,04/22/2016 03:29:00 PM,20,CLEAR,DAWN,REAR END,FOUR WAY,UNKNOWN,FAILING TO YIELD RIGHT-OF-WAY,NOT APPLICABLE,0,0,0,0,15,6,4,536,ARCHER AVE,41.758363,-87.613549,04/22/2016 04:32:00 PM,2016
CR00030973,07/08/2023 05:05:00 AM,20,RAIN,DARKNESS - LIGHTED ROAD,REAR END,ONE-WAY,TRAFFIC SIGNAL,FOLLOWING TOO CLOSELY,UNABLE TO DETERMINE,0,0,0,0,5,7,7,1468,DIVISION ST,41.721239,-87.638618,07/08/2023 06:47:00 AM,2023
CR00030974,09/25/2023 03:30:00 PM,30,RAIN,DARKNESS - LIGHTED ROAD,TURNING,FOUR WAY,TRAFFIC SIGNAL,IMPROPER OVERTAKING/PASSING,FAILING TO YIELD RIGHT-OF-WAY,0,0,0,0,15,2,9,1770,47TH ST,41.762714,-87.75572,09/25/2023 04:54:00 PM,2023
CR00030975,04/13/2023 12:42:00 PM,45,FREEZING RAIN/DRIZZLE,DAYLIGHT,PEDESTRIAN,DIVIDED - W/MEDIAN (NOT RAISED),NO CONTROLS,IMPROPER LANE USAGE,FAILING TO YIELD RIGHT-OF-WAY,0,0,0,0,12,5,4,1159,ARCHER AVE,41.884017,-87.543477,04/13/2023 01:54:00 PM,2023
CR00030976,07/26/2016 07:10:00 AM,30,CLEAR,DAYLIGHT,PARKED MOTOR VEHICLE,DIVIDED - W/MEDIAN (NOT RAISED),STOP SIGN/FLASHER,DRIVING SKILLS/KNOWLEDGE/EXPERIENCE,FOLLOWING TOO CLOSELY,0,1,0,1,7,3,7,655,STATE ST,41.781261,-87.84018,07/26/2016 08:12:00 AM,2016
CR00030977,08/01/2022 03:26:00 AM,35,SNOW,DARKNESS - LIGHTED ROAD,TURNING,T-INTERSECTION,STOP SIGN/FLASHER,FOLLOWING TOO CLOSELY,FOLLOWING TOO CLOSELY,0,0,0,0,3,2,8,2303,DIVISION ST,41.814725,-87.530481,08/01/2022 05:17:00 AM,2022
CR00030978,10/01/2022 10:44:00 PM,15,CLEAR,DARKNESS - LIGHTED ROAD,REAR END,NOT DIVIDED,NO CONTROLS,FAILING TO YIELD RIGHT-OF-WAY,FAILING TO YIELD RIGHT-OF-WAY,0,0,0,0,22,7,10,753,STONY ISLAND AVE,41.779848,-87.669554,10/02/2022 12:13:00 AM,2022
CR00030979,06/24/2024 08:32:00 AM,45,FOG/SMOKE/HAZE,DAYLIGHT,REAR END,NOT DIVIDED,TRAFFIC SIGNAL,WEATHER,DRIVING SKILLS/KNOWLEDGE/EXPERIENCE,0,0,0,0,8,2,6,862,WESTERN AVE,41.934038,-87.579141,06/24/2024 10:19:00 AM,2024
CR00030980,05/17/2024 04:51:00 PM,20,CLEAR,DARKNESS - LIGHTED ROAD,FIXED OBJECT,T-INTERSECTION,NO CONTROLS,UNABLE TO DETERMINE,UNABLE TO DETERMINE,0,0,1,1,16,6,5,2072,STONY ISLAND AVE,41.701683,-87.750709,05/17/2024 06:02:00 PM,2024
CR00030981,03/04/2023 11:04:00 AM,35,CLEAR,DAYLIGHT,ANGLE,DIVIDED - W/MEDIAN (NOT RAISED),NO CONTROLS,UNABLE TO DETERMINE,FAILING TO YIELD RIGHT-OF-WAY,0,0,0,0,11,7,3,1378,79TH ST,41.767068,-87.709108,03/04/2023 12:02:00 PM,2023
CR00030982,06/04/2016 09:39:00 AM,30,SNOW,DARKNESS - LIGHTED ROAD,REAR END,NOT DIVIDED,TRAFFIC SIGNAL,WEATHER,UNABLE TO DETERMINE,0,0,0,0,9,7,6,725,ROOSEVELT RD,41.772583,-87.72154,06/04/2016 09:57:00 AM,2016
CR00030983,11/17/2022 08:04:00 AM,30,SNOW,DAYLIGHT,REAR END,ONE-WAY,NO CONTROLS,FAILING TO REDUCE SPEED,DRIVING SKILLS/KNOWLEDGE/EXPERIENCE,0,0,1,1,8,5,11,2369,STATE ST,41.960126,-87.579886,11/17/2022 09:25:00 AM,2022
CR00030984,05/25/2018 02:57:00 PM,20,CLEAR,DARKNESS - LIGHTED ROAD,PEDESTRIAN,FOUR WAY,TRAFFIC SIGNAL,FAILING TO REDUCE SPEED,NOT APPLICABLE,0,0,0,0,14,6,5,1628,ROOSEVELT RD,41.965179,-87.587541,05/25/2018 02:59:00 PM,2018
CR00030985,12/06/2016 02:12:00 PM,35,CLEAR,DARKNESS - LIGHTED ROAD,ANGLE,ONE-WAY,NO CONTROLS,UNABLE TO DETERMINE,FAILING TO YIELD RIGHT-OF-WAY,0,0,2,2,14,3,12,966,ARCHER AVE,41.845809,-87.715823,12/06/2016 03:46:00 PM,2016
CR00030986,01/27/2023 07:18:00 AM,30,RAIN,DARKNESS - LIGHTED ROAD,TURNING,FOUR WAY,PEDESTRIAN CROSSING SIGN,DISTRACTION - FROM INSIDE VEHICLE,UNABLE TO DETERMINE,0,0,0,0,7,6,1,2053,DAMEN AVE,41.822311,-87.751383,01/27/2023 07:53:00 AM,2023
CR00030987,07/17/2022 11:53:00 PM,45,CLEAR,DAYLIGHT,TURNING,DIVIDED - W/MEDIAN (NOT RAISED),STOP SIGN/FLASHER,DRIVING SKILLS/KNOWLEDGE/EXPERIENCE,NOT APPLICABLE,0,0,0,0,23,1,7,752,CLARK ST,41.897058,-87.841822,07/18/2022 12:13:00 AM,2022
CR00030988,03/07/2020 07:57:00 AM,20,FOG/SMOKE/HAZE,DAYLIGHT,PEDESTRIAN,NOT DIVIDED,NO CONTROLS,DISREGARDING TRAFFIC SIGNALS,UNABLE TO DETERMINE,0,0,2,2,7,7,3,1937,47TH ST,41.810741,-87.536439,03/07/2020 09:20:00 AM,2020
CR00030989,09/19/2020 10:02:00 AM,40,CLEAR,DAYLIGHT,FIXED OBJECT,T-INTERSECTION,TRAFFIC SIGNAL,UNABLE TO DETERMINE,DISTRACTION - FROM INSIDE VEHICLE,0,0,0,0,10,7,9,2056,HALSTED ST,41.977316,-87.703106,09/19/2020 11:59:00 AM,2020
CR00030990,02/11/2020 02:01:00 PM,30,SNOW,DAYLIGHT,ANGLE,NOT DIVIDED,NO CONTROLS,IMPROPER OVERTAKING/PASSING,UNABLE TO DETERMINE,0,0,0,0,14,3,2,397,ROOSEVELT RD,41.747026,-87.652965,02/11/2020 03:56:00 PM,2020
CR00030991,12/02/2015 01:07:00 AM,35,CLEAR,DAYLIGHT,SIDESWIPE SAME DIRECTION,NOT DIVIDED,NO CONTROLS,UNABLE TO DETERMINE,NOT APPLICABLE,0,0,0,0,1,4,12,2007,WESTERN AVE,41.745486,-87.75992,12/02/2015 02:39:00 AM,2015
CR00030992,06/28/2017 04:18:00 PM,30,CLOUDY/OVERCAST,DAYLIGHT,PARKED MOTOR VEHICLE,DIVIDED - W/MEDIAN (NOT RAISED),NO CONTROLS,FAILING TO YIELD RIGHT-OF-WAY,UNABLE TO DETERMINE,0,0,0,0,16,4,6,2388,DIVISION ST,41.826871,-87.757172,06/28/2017 05:41:00 PM,2017
CR00030993,12/29/2024 05:54:00 AM,30,CLEAR,DAYLIGHT,ANGLE,ONE-WAY,NO CONTROLS,FAILING TO REDUCE SPEED,NOT APPLICABLE,0,0,0,0,5,1,12,1510,KEDZIE AVE,41.996482,-87.822729,12/29/2024 07:51:00 AM,2024
CR00030994,09/27/2018 12:12:00 AM,45,RAIN,DARKNESS - LIGHTED ROAD,SIDESWIPE SAME DIRECTION,DIVIDED - W/MEDIAN (NOT RAISED),NO CONTROLS,FAILING TO YIELD RIGHT-OF-WAY,DISREGARDING TRAFFIC SIGNALS,0,0,0,0,0,5,9,1747,ROOSEVELT RD,41.926139,-87.719628,09/27/2018 01:09:00 AM,2018
CR00030995,10/25/2024 03:48:00 PM,20,CLEAR,DUSK,TURNING,DIVIDED - W/MEDIAN (NOT RAISED),NO CONTROLS,UNABLE TO DETERMINE,FOLLOWING TOO CLOSELY,0,1,0,1,15,6,10,412,ARCHER AVE,41.894058,-87.511844,10/25/2024 04:31:00 PM,2024
CR00030996,10/02/2017 11:16:00 AM,45,CLEAR,DAWN,TURNING,T-INTERSECTION,STOP SIGN/FLASHER,FOLLOWING TOO CLOSELY,IMPROPER LANE USAGE,0,0,0,0,11,2,10,680,KEDZIE AVE,41.797334,-87.795091,10/02/2017 12:23:00 PM,2017
CR00030997,06/01/2020 02:38:00 PM,30,CLOUDY/OVERCAST,DUSK,TURNING,DIVIDED - W/MEDIAN (NOT RAISED),NO CONTROLS,IMPROPER OVERTAKING/PASSING,IMPROPER OVERTAKING/PASSING,0,0,0,0,14,2,6,169,STONY ISLAND AVE,41.724387,-87.773,06/01/2020 03:12:00 PM,2020
CR00030998,12/31/2015 05:01:00 PM,30,CLEAR,DAYLIGHT,TURNING,DIVIDED - W/MEDIAN (NOT RAISED),STOP SIGN/FLASHER,WEATHER,DISREGARDING TRAFFIC SIGNALS,0,2,1,3,17,5,12,288,ARCHER AVE,41.756568,-87.641575,12/31/2015 06:07:00 PM,2015
CR00030999,05/02/2021 08:13:00 PM,30,CLEAR,DAYLIGHT,REAR END,DIVIDED - W/MEDIAN BARRIER,NO CONTROLS,FAILING TO YIELD RIGHT-OF-WAY,FAILING TO YIELD RIGHT-OF-WAY,0,0,0,0,20,1,5,717,ELSTON AVE,41.746931,-87.544673,05/02/2021 08:48:00 PM,2021
CR00031000,10/08/2017 06:07:00 PM,20,CLEAR,DAYLIGHT,PEDESTRIAN,NOT DIVIDED,YIELD,DISTRACTION - FROM INSIDE VEHICLE,UNABLE TO DETERMINE,0,0,3,3,18,1,10,1586,63RD ST,41.702963,-87.835331,10/08/2017 07:43:00 PM,2017
CR00031001,03/11/2015 03:20:00 PM,25,RAIN,DARKNESS,REAR END,NOT DIVIDED,NO CONTROLS,UNABLE TO DETERMINE,UNABLE TO DETERMINE,0,0,0,0,15,4,3,242,HALSTED ST,41.906859,-87.708073,03/11/2015 03:37:00 PM,2015
CR00031002,02/03/2016 08:18:00 PM,40,FREEZING RAIN/DRIZZLE,DAYLIGHT,REAR END,NOT DIVIDED,TRAFFIC SIGNAL,DRIVING SKILLS/KNOWLEDGE/EXPERIENCE,UNABLE TO DETERMINE,0,0,0,0,20,4,2,1345,79TH ST,41.710297,-87.669762,02/03/2016 09:01:00 PM,2016
CR00031003,01/11/2016 09:55:00 AM,25,CLEAR,DAYLIGHT,TURNING,DIVIDED - W/MEDIAN (NOT RAISED),UNKNOWN,DISTRACTION - FROM INSIDE VEHICLE,NOT APPLICABLE,0,0,0,0,9,2,1,2407,63RD ST,41.878219,-87.744688,01/11/2016 11:29:00 AM,2016
CR00031004,01/02/2023 09:25:00 AM,15,CLEAR,DAYLIGHT,PARKED MOTOR VEHICLE,NOT DIVIDED,NO CONTROLS,FOLLOWING TOO CLOSELY,UNABLE TO DETERMINE,0,0,0,0,9,2,1,1088,CICERO AVE,41.736521,-87.835405,01/02/2023 10:41:00 AM,2023
CR00031005,06/14/2015 10:24:00 PM,30,CLEAR,DAYLIGHT,REAR END,NOT DIVIDED,NO CONTROLS,UNABLE TO DETERMINE,UNABLE TO DETERMINE,0,0,0,0,22,1,6,1834,63RD ST,41.99015,-87.774719,06/15/2015 12:07:00 AM,2015
CR00031006,05/25/2018 09:23:00 AM,30,RAIN,DAYLIGHT,SIDESWIPE SAME DIRECTION,DIVIDED - W/MEDIAN (NOT RAISED),TRAFFIC SIGNAL,UNABLE TO DETERMINE,WEATHER,0,0,0,0,9,6,5,1654,ARCHER AVE,41.742547,-87.532266,05/25/2018 09:56:00 AM,2018
CR00031007,05/16/2017 02:48:00 PM,20,CLEAR,DARKNESS - LIGHTED ROAD,REAR END,DIVIDED - W/MEDIAN BARRIER,TRAFFIC SIGNAL,UNABLE TO DETERMINE,UNABLE TO DETERMINE,0,0,0,0,14,3,5,2392,CICERO AVE,41.875873,-87.558337,05/16/2017 03:12:00 PM,2017
CR00031008,08/01/2021 03:05:00 PM,40,CLEAR,DAYLIGHT,TURNING,ONE-WAY,TRAFFIC SIGNAL,FOLLOWING TOO CLOSELY,UNABLE TO DETERMINE,0,0,0,0,15,1,8,2010,ARCHER AVE,41.884372,-87.805001,08/01/2021 04:59:00 PM,2021
CR00031009,03/04/2024 09:54:00 AM,30,RAIN,DAYLIGHT,REAR END,ONE-WAY,NO CONTROLS,IMPROPER OVERTAKING/PASSING,UNABLE TO DETERMINE,0,0,0,0,9,2,3,181,KEDZIE AVE,41.878213,-87.547117,03/04/2024 11:12:00 AM,2024
CR00031010,12/26/2021 05:51:00 PM,25,CLEAR,DARKNESS - LIGHTED ROAD,TURNING,DIVIDED - W/MEDIAN BARRIER,UNKNOWN,FOLLOWING TOO CLOSELY,UNABLE TO DETERMINE,0,0,0,0,17,1,12,1382,MILWAUKEE AVE,41.892488,-87.556996,12/26/2021 05:59:00 PM,2021
CR00031011,04/06/2018 11:08:00 AM,15,SNOW,DAYLIGHT,TURNING,ONE-WAY,NO CONTROLS,FOLLOWING TOO CLOSELY,FAILING TO REDUCE SPEED,0,0,0,0,11,6,4,313,63RD ST,41.859986,-87.711644,04/06/2018 11:19:00 AM,2018
CR00031012,07/07/2016 04:35:00 PM,40,CLEAR,DAYLIGHT,SIDESWIPE SAME DIRECTION,ONE-WAY,TRAFFIC SIGNAL,IMPROPER OVERTAKING/PASSING,NOT APPLICABLE,0,0,1,1,16,5,7,327,KEDZIE AVE,41.74289,-87.66843,07/07/2016 04:56:00 PM,2016
CR00031013,02/24/2018 03:47:00 PM,25,CLEAR,DARKNESS,TURNING,NOT DIVIDED,YIELD,DISTRACTION - FROM INSIDE VEHICLE,FAILING TO REDUCE SPEED,0,0,0,0,15,7,2,626,STATE ST,41.849671,-87.684635,02/24/2018 05:37:00 PM,2018
CR00031014,10/17/2015 08:37:00 PM,30,RAIN,DAYLIGHT,TURNING,T-INTERSECTION,NO CONTROLS,FAILING TO REDUCE SPEED,FOLLOWING TOO CLOSELY,0,0,0,0,20,7,10,538,79TH ST,41.998997,-87.615952,10/17/2015 10:05:00 PM,2015
CR00031015,02/21/2020 06:36:00 PM,15,CLEAR,DARKNESS - LIGHTED ROAD,REAR END,DIVIDED - W/MEDIAN (NOT RAISED),UNKNOWN,DISREGARDING TRAFFIC SIGNALS,UNABLE TO DETERMINE,0,0,0,0,18,6,2,213,WESTERN AVE,41.966977,-87.663121,02/21/2020 08:31:00 PM,2020
CR00031016,01/16/2024 05:21:00 PM,30,RAIN,DAYLIGHT,TURNING,NOT DIVIDED,UNKNOWN,DRIVING SKILLS/KNOWLEDGE/EXPERIENCE,DISTRACTION - FROM INSIDE VEHICLE,0,0,0,0,17,3,1,723,IRVING PARK RD,41.865774,-87.570917,01/16/2024 06:03:00 PM,2024
CR00031017,06/11/2023 03:06:00 AM,30,CLEAR,DUSK,TURNING,NOT DIVIDED,NO CONTROLS,DISTRACTION - FROM INSIDE VEHICLE,DISTRACTION - FROM INSIDE VEHICLE,0,0,0,0,3,1,6,246,KEDZIE AVE,41.82081,-87.701698,06/11/2023 03:53:00 AM,2023
CR00031018,08/15/2022 02:30:00 PM,40,RAIN,DAWN,PARKED MOTOR VEHICLE,NOT DIVIDED,TRAFFIC SIGNAL,FOLLOWING TOO CLOSELY,UNABLE TO DETERMINE,0,0,0,0,14,2,8,2140,ARCHER AVE,41.869475,-87.652465,08/15/2022 03:17:00 PM,2022