CRASH_RECORD_ID,CRASH_DATE,POSTED_SPEED_LIMIT,WEATHER_CONDITION,LIGHTING_CONDITION,FIRST_CRASH_TYPE,TRAFFICWAY_TYPE,TRAFFIC_CONTROL_DEVICE,PRIM_CONTRIBUTORY_CAUSE,SEC_CONTRIBUTORY_CAUSE,INJURIES_FATAL,INJURIES_INCAPACITATING,INJURIES_NON_INCAPACITATING,INJURIES_TOTAL,CRASH_HOUR,CRASH_DAY_OF_WEEK,CRASH_MONTH,BEAT_OF_OCCURRENCE,STREET_NAME,LATITUDE,LONGITUDE,DATE_POLICE_NOTIFIED,year
CR00031184,02/27/2022 08:53:00 PM,25,CLEAR,DUSK,ANGLE,NOT DIVIDED,STOP SIGN/FLASHER,FOLLOWING TOO CLOSELY,FAILING TO YIELD RIGHT-OF-WAY,0,0,0,0,20,1,2,1086,DIVISION ST,41.902452,-87.792538,02/27/2022 09:00:00 PM,2022
CR00031185,09/10/2023 05:07:00 PM,30,CLEAR,DAYLIGHT,ANGLE,NOT DIVIDED,NO CONTROLS,UNABLE TO DETERMINE,IMPROPER LANE USAGE,0,0,0,0,17,1,9,215,CALIFORNIA AVE,41.847389,-87.527952,09/10/2023 06:31:00 PM,2023
CR00031186,05/24/2022 02:37:00 PM,30,RAIN,DAYLIGHT,REAR END,DIVIDED - W/MEDIAN (NOT RAISED),STOP SIGN/FLASHER,DRIVING SKILLS/KNOWLEDGE/EXPERIENCE,NOT APPLICABLE,0,0,0,0,14,3,5,1197,MILWAUKEE AVE,41.716439,-87.742661,05/24/2022 03:50:00 PM,2022
CR00031187,03/22/2023 10:56:00 PM,45,CLEAR,DAYLIGHT,ANGLE,ONE-WAY,STOP SIGN/FLASHER,IMPROPER LANE USAGE,NOT APPLICABLE,0,0,0,0,22,4,3,1593,FULLERTON AVE,41.768257,-87.62073,03/22/2023 11:59:00 PM,2023
CR00031188,11/08/2024 09:56:00 AM,15,CLEAR,DAYLIGHT,REAR END,DIVIDED - W/MEDIAN (NOT RAISED),PEDESTRIAN CROSSING SIGN,FOLLOWING TOO CLOSELY,UNABLE TO DETERMINE,0,0,0,0,9,6,11,725,63RD ST,41.724443,-87.570178,11/08/2024 11:52:00 AM,2024
CR00031189,08/19/2021 03:13:00 AM,30,CLEAR,DARKNESS - LIGHTED ROAD,REAR END,NOT DIVIDED,NO CONTROLS,FAILING TO YIELD RIGHT-OF-WAY,NOT APPLICABLE,0,0,3,3,3,5,8,948,CLARK ST,41.781074,-87.806733,08/19/2021 03:52:00 AM,2021
CR00031190,11/05/2018 10:26:00 PM,25,RAIN,DAYLIGHT,REAR END,DIVIDED - W/MEDIAN BARRIER,YIELD,UNABLE TO DETERMINE,IMPROPER LANE USAGE,0,0,0,0,22,2,11,243,OGDEN AVE,41.747312,-87.690392,11/05/2018 11:24:00 PM,2018
CR00031191,01/01/2017 07:50:00 AM,25,SNOW,DAYLIGHT,TURNING,NOT DIVIDED,TRAFFIC SIGNAL,FAILING TO YIELD RIGHT-OF-WAY,WEATHER,0,0,0,0,7,1,1,1679,ROOSEVELT RD,41.839338,-87.504941,01/01/2017 09:19:00 AM,2017
CR00031192,06/07/2024 11:43:00 AM,35,RAIN,DARKNESS - LIGHTED ROAD,TURNING,NOT DIVIDED,NO CONTROLS,FOLLOWING TOO CLOSELY,FAILING TO YIELD RIGHT-OF-WAY,0,0,0,0,11,6,6,317,63RD ST,41.773665,-87.66752,06/07/2024 01:08:00 PM,2024
CR00031193,08/14/2020 05:26:00 PM,30,CLEAR,DARKNESS - LIGHTED ROAD,ANGLE,NOT DIVIDED,PEDESTRIAN CROSSING SIGN,UNABLE TO DETERMINE,DISREGARDING TRAFFIC SIGNALS,0,0,0,0,17,6,8,2137,ARCHER AVE,41.747912,-87.581709,08/14/2020 05:36:00 PM,2020
CR00031194,10/04/2023 08:48:00 PM,45,CLEAR,DAYLIGHT,SIDESWIPE SAME DIRECTION,ONE-WAY,NO CONTROLS,UNABLE TO DETERMINE,IMPROPER OVERTAKING/PASSING,0,0,0,0,20,4,10,2122,WESTERN AVE,41.976433,-87.824932,10/04/2023 10:12:00 PM,2023
CR00031195,03/27/2024 05:46:00 PM,30,CLEAR,DARKNESS - LIGHTED ROAD,TURNING,NOT DIVIDED,TRAFFIC SIGNAL,FOLLOWING TOO CLOSELY,DISTRACTION - FROM INSIDE VEHICLE,0,0,0,0,17,4,3,2315,BROADWAY,41.854823,-87.613999,03/27/2024 06:47:00 PM,2024
CR00031196,02/12/2019 06:34:00 AM,35,CLOUDY/OVERCAST,DAYLIGHT,TURNING,ONE-WAY,YIELD,UNABLE TO DETERMINE,FOLLOWING TOO CLOSELY,0,0,0,0,6,3,2,1169,CICERO AVE,41.828056,-87.792876,02/12/2019 06:51:00 AM,2019
CR00031197,03/23/2022 05:26:00 AM,20,RAIN,DUSK,REAR END,DIVIDED - W/MEDIAN (NOT RAISED),UNKNOWN,DISREGARDING TRAFFIC SIGNALS,FOLLOWING TOO CLOSELY,0,0,0,0,5,4,3,417,ASHLAND AVE,41.913904,-87.819303,03/23/2022 07:06:00 AM,2022
CR00031198,03/20/2015 07:20:00 AM,35,CLEAR,DAYLIGHT,TURNING,NOT DIVIDED,TRAFFIC SIGNAL,DRIVING SKILLS/KNOWLEDGE/EXPERIENCE,NOT APPLICABLE,0,0,0,0,7,6,3,1973,63RD ST,41.811406,-87.73006,03/20/2015 08:26:00 AM,2015
CR00031199,03/20/2017 01:41:00 PM,45,RAIN,DAYLIGHT,PEDESTRIAN,ONE-WAY,STOP SIGN/FLASHER,FAILING TO YIELD RIGHT-OF-WAY,FOLLOWING TOO CLOSELY,0,0,2,2,13,2,3,372,OGDEN AVE,41.81321,-87.614782,03/20/2017 03:04:00 PM,2017
CR00031200,07/14/2017 08:55:00 AM,35,CLEAR,DAWN,TURNING,FOUR WAY,NO CONTROLS,UNABLE TO DETERMINE,NOT APPLICABLE,0,2,2,4,8,6,7,402,HALSTED ST,41.874588,-87.500262,07/14/2017 09:19:00 AM,2017
CR00031201,10/04/2022 03:21:00 PM,35,CLEAR,DAYLIGHT,ANGLE,FOUR WAY,TRAFFIC SIGNAL,FOLLOWING TOO CLOSELY,DRIVING SKILLS/KNOWLEDGE/EXPERIENCE,0,0,0,0,15,3,10,116,WESTERN AVE,41.750842,-87.778324,10/04/2022 03:48:00 PM,2022
CR00031202,12/18/2022 08:36:00 AM,40,RAIN,DAYLIGHT,REAR TO FRONT,DIVIDED - W/MEDIAN (NOT RAISED),NO CONTROLS,DRIVING SKILLS/KNOWLEDGE/EXPERIENCE,NOT APPLICABLE,0,0,0,0,8,1,12,1300,STONY ISLAND AVE,41.913162,-87.539771,12/18/2022 10:12:00 AM,2022
CR00031203,02/18/2017 04:25:00 PM,25,CLEAR,DARKNESS - LIGHTED ROAD,FIXED OBJECT,NOT DIVIDED,UNKNOWN,FOLLOWING TOO CLOSELY,NOT APPLICABLE,0,0,0,0,16,7,2,2420,79TH ST,41.932529,-87.720029,02/18/2017 04:59:00 PM,2017
CR00031204,12/20/2020 04:04:00 PM,40,CLOUDY/OVERCAST,DAYLIGHT,REAR END,FOUR WAY,TRAFFIC SIGNAL,UNABLE TO DETERMINE,DRIVING SKILLS/KNOWLEDGE/EXPERIENCE,0,0,0,0,16,1,12,797,CLARK ST,41.884842,-87.769089,12/20/2020 05:31:00 PM,2020
CR00031205,04/27/2021 08:41:00 PM,25,CLEAR,DARKNESS - LIGHTED ROAD,ANGLE,NOT DIVIDED,NO CONTROLS,DISTRACTION - FROM INSIDE VEHICLE,FAILING TO YIELD RIGHT-OF-WAY,0,0,0,0,20,3,4,2033,CALIFORNIA AVE,41.790964,-87.727207,04/27/2021 09:29:00 PM,2021
CR00031206,07/02/2018 08:55:00 AM,20,CLEAR,DAYLIGHT,TURNING,DIVIDED - W/MEDIAN BARRIER,STOP SIGN/FLASHER,DISREGARDING TRAFFIC SIGNALS,NOT APPLICABLE,0,0,3,3,8,2,7,275,CLARK ST,41.905473,-87.697039,07/02/2018 10:06:00 AM,2018
CR00031207,02/19/2020 08:14:00 PM,20,CLEAR,DUSK,ANGLE,FOUR WAY,TRAFFIC SIGNAL,IMPROPER OVERTAKING/PASSING,DRIVING SKILLS/KNOWLEDGE/EXPERIENCE,0,0,0,0,20,4,2,475,ELSTON AVE,41.711582,-87.521109,02/19/2020 09:40:00 PM,2020
CR00031208,09/21/2019 01:09:00 PM,45,CLEAR,DAYLIGHT,REAR END,DIVIDED - W/MEDIAN (NOT RAISED),TRAFFIC SIGNAL,FAILING TO REDUCE SPEED,NOT APPLICABLE,0,0,1,1,13,7,9,2391,ASHLAND AVE,41.825513,-87.658052,09/21/2019 01:14:00 PM,2019
CR00031209,04/01/2016 05:03:00 AM,40,CLEAR,DAYLIGHT,REAR END,NOT DIVIDED,NO CONTROLS,UNABLE TO DETERMINE,IMPROPER LANE USAGE,0,1,0,1,5,6,4,2012,KEDZIE AVE,41.738612,-87.614348,04/01/2016 06:03:00 AM,2016
CR00031210,05/08/2017 09:36:00 AM,25,CLEAR,DAYLIGHT,REAR END,NOT DIVIDED,NO CONTROLS,UNABLE TO DETERMINE,FOLLOWING TOO CLOSELY,0,0,0,0,9,2,5,590,HALSTED ST,41.760011,-87.549893,05/08/2017 10:25:00 AM,2017
CR00031211,02/08/2022 05:44:00 AM,30,CLEAR,DARKNESS - LIGHTED ROAD,ANGLE,NOT DIVIDED,NO CONTROLS,WEATHER,FAILING TO REDUCE SPEED,0,1,1,2,5,3,2,436,CICERO AVE,41.927692,-87.695236,02/08/2022 07:42:00 AM,2022
CR00031212,11/30/2018 03:52:00 PM,35,CLEAR,DAYLIGHT,REAR TO FRONT,T-INTERSECTION,TRAFFIC SIGNAL,UNABLE TO DETERMINE,IMPROPER LANE USAGE,0,0,2,2,15,6,11,2473,LAKE SHORE DR,41.870221,-87.584925,11/30/2018 05:22:00 PM,2018
CR00031213,04/27/2016 08:15:00 AM,20,CLEAR,DARKNESS - LIGHTED ROAD,TURNING,DIVIDED - W/MEDIAN (NOT RAISED),NO CONTROLS,UNABLE TO DETERMINE,NOT APPLICABLE,0,0,0,0,8,4,4,747,IRVING PARK RD,41.935926,-87.77384,04/27/2016 09:06:00 AM,2016
CR00031214,07/17/2022 02:26:00 AM,40,CLEAR,DARKNESS - LIGHTED ROAD,SIDESWIPE SAME DIRECTION,NOT DIVIDED,STOP SIGN/FLASHER,UNABLE TO DETERMINE,IMPROPER LANE USAGE,0,0,0,0,2,1,7,790,ROOSEVELT RD,41.908935,-87.667567,07/17/2022 04:10:00 AM,2022
CR00031215,05/07/2020 10:57:00 AM,30,RAIN,DARKNESS - LIGHTED ROAD,ANGLE,ONE-WAY,NO CONTROLS,DRIVING SKILLS/KNOWLEDGE/EXPERIENCE,DRIVING SKILLS/KNOWLEDGE/EXPERIENCE,0,0,0,0,10,5,5,644,STATE ST,41.737735,-87.811413,05/07/2020 12:00:00 PM,2020
CR00031216,12/04/2020 03:55:00 PM,45,RAIN,DAYLIGHT,SIDESWIPE SAME DIRECTION,DIVIDED - W/MEDIAN (NOT RAISED),NO CONTROLS,FAILING TO YIELD RIGHT-OF-WAY,FAILING TO REDUCE SPEED,0,0,0,0,15,6,12,1962,DIVISION ST,41.749467,-87.784585,12/04/2020 05:04:00 PM,2020
CR00031217,01/13/2024 10:17:00 AM,20,CLOUDY/OVERCAST,DAWN,ANGLE,NOT DIVIDED,STOP SIGN/FLASHER,DISREGARDING TRAFFIC SIGNALS,FAILING TO YIELD RIGHT-OF-WAY,0,0,0,0,10,7,1,2327,47TH ST,41.809196,-87.705446,01/13/2024 10:43:00 AM,2024
CR00031218,09/01/2019 08:58:00 AM,40,CLEAR,DAYLIGHT,PARKED MOTOR VEHICLE,NOT DIVIDED,STOP SIGN/FLASHER,UNABLE TO DETERMINE,DRIVING SKILLS/KNOWLEDGE/EXPERIENCE,0,0,0,0,8,1,9,443,HALSTED ST,41.991585,-87.697655,09/01/2019 09:07:00 AM,2019
CR00031219,08/07/2018 02:56:00 PM,30,CLEAR,DARKNESS,ANGLE,ONE-WAY,NO CONTROLS,FAILING TO YIELD RIGHT-OF-WAY,IMPROPER OVERTAKING/PASSING,0,0,0,0,14,3,8,1334,47TH ST,41.786109,-87.585532,08/07/2018 03:18:00 PM,2018
CR00031220,12/23/2015 08:14:00 PM,30,CLEAR,DARKNESS - LIGHTED ROAD,SIDESWIPE SAME DIRECTION,NOT DIVIDED,NO CONTROLS,UNABLE TO DETERMINE,FOLLOWING TOO CLOSELY,0,0,0,0,20,4,12,685,47TH ST,41.700613,-87.711356,12/23/2015 10:03:00 PM,2015
CR00031221,02/28/2024 08:42:00 PM,30,CLEAR,DAYLIGHT,REAR END,ONE-WAY,UNKNOWN,WEATHER,NOT APPLICABLE,0,0,3,3,20,4,2,2065,FULLERTON AVE,41.744511,-87.837263,02/28/2024 08:50:00 PM,2024
CR00031222,05/13/2021 10:22:00 PM,15,CLEAR,DARKNESS - LIGHTED ROAD,SIDESWIPE SAME DIRECTION,ONE-WAY,STOP SIGN/FLASHER,DISTRACTION - FROM INSIDE VEHICLE,NOT APPLICABLE,0,0,0,0,22,5,5,2253,MICHIGAN AVE,41.989047,-87.641497,05/13/2021 11:03:00 PM,2021
CR00031223,08/20/2015 07:45:00 PM,40,CLEAR,DAYLIGHT,TURNING,ONE-WAY,TRAFFIC SIGNAL,IMPROPER OVERTAKING/PASSING,NOT APPLICABLE,0,0,0,0,19,5,8,1922,79TH ST,41.957158,-87.824965,08/20/2015 09:01:00 PM,2015
CR00031224,09/27/2019 10:58:00 AM,15,CLEAR,DAYLIGHT,REAR TO FRONT,DIVIDED - W/MEDIAN (NOT RAISED),TRAFFIC SIGNAL,FOLLOWING TOO CLOSELY,UNABLE TO DETERMINE,0,0,0,0,10,6,9,1169,MICHIGAN AVE,41.789343,-87.508812,09/27/2019 11:23:00 AM,2019
CR00031225,02/28/2015 01:53:00 PM,30,CLEAR,DAYLIGHT,ANGLE,NOT DIVIDED,NO CONTROLS,DISTRACTION - FROM INSIDE VEHICLE,WEATHER,0,0,2,2,13,7,2,483,CICERO AVE,41.881548,-87.74371,02/28/2015 02:49:00 PM,2015
CR00031226,03/23/2023 04:34:00 PM,25,CLEAR,DARKNESS,REAR END,NOT DIVIDED,NO CONTROLS,UNABLE TO DETERMINE,NOT APPLICABLE,0,0,0,0,16,5,3,477,HALSTED ST,41.804582,-87.654877,03/23/2023 05:28:00 PM,2023
CR00031227,08/28/2022 02:35:00 PM,30,CLOUDY/OVERCAST,DAYLIGHT,SIDESWIPE SAME DIRECTION,DIVIDED - W/MEDIAN BARRIER,NO CONTROLS,UNABLE TO DETERMINE,IMPROPER OVERTAKING/PASSING,0,0,0,0,14,1,8,178,63RD ST,41.806291,-87.822684,08/28/2022 04:04:00 PM,2022
CR00031228,01/01/2017 08:10:00 AM,35,CLEAR,DARKNESS - LIGHTED ROAD,ANGLE,ONE-WAY,TRAFFIC SIGNAL,IMPROPER LANE USAGE,FAILING TO YIELD RIGHT-OF-WAY,0,0,1,1,8,1,1,638,79TH ST,41.87952,-87.562781,01/01/2017 08:34:00 AM,2017
CR00031229,03/27/2020 03:03:00 PM,45,CLEAR,DAYLIGHT,REAR TO FRONT,DIVIDED - W/MEDIAN BARRIER,NO CONTROLS,DISREGARDING TRAFFIC SIGNALS,IMPROPER LANE USAGE,0,0,1,1,15,6,3,528,STATE ST,41.79979,-87.619964,03/27/2020 03:44:00 PM,2020
CR00031230,03/16/2018 03:20:00 PM,45,RAIN,DARKNESS - LIGHTED ROAD,SIDESWIPE SAME DIRECTION,NOT DIVIDED,NO CONTROLS,FAILING TO REDUCE SPEED,FOLLOWING TOO CLOSELY,0,0,0,0,15,6,3,2489,47TH ST,41.984474,-87.761707,03/16/2018 03:31:00 PM,2018
CR00031231,09/25/2016 02:27:00 PM,30,CLOUDY/OVERCAST,DAYLIGHT,REAR END,DIVIDED - W/MEDIAN BARRIER,TRAFFIC SIGNAL,FOLLOWING TOO CLOSELY,DISTRACTION - FROM INSIDE VEHICLE,0,0,0,0,14,1,9,2389,STONY ISLAND AVE,41.893351,-87.63295,09/25/2016 03:48:00 PM,2016
CR00031232,08/07/2024 11:44:00 AM,30,CLEAR,DAYLIGHT,ANGLE,ONE-WAY,NO CONTROLS,DISTRACTION - FROM INSIDE VEHICLE,FAILING TO YIELD RIGHT-OF-WAY,0,0,0,0,11,4,8,1009,MICHIGAN AVE,41.940467,-87.688935,08/07/2024 12:23:00 PM,2024
CR00031233,12/14/2021 11:54:00 AM,30,CLEAR,DARKNESS - LIGHTED ROAD,ANGLE,NOT DIVIDED,NO CONTROLS,FAILING TO YIELD RIGHT-OF-WAY,IMPROPER OVERTAKING/PASSING,0,0,2,2,11,3,12,844,IRVING PARK RD,41.935071,-87.617558,12/14/2021 12:16:00 PM,2021
CR00031234,05/23/2021 06:40:00 PM,30,CLOUDY/OVERCAST,DAYLIGHT,REAR END,FOUR WAY,NO CONTROLS,FOLLOWING TOO CLOSELY,NOT APPLICABLE,0,0,0,0,18,1,5,304,MICHIGAN AVE,41.989253,-87.66195,05/23/2021 07:48:00 PM,2021
CR00031235,12/15/2023 11:51:00 AM,30,CLEAR,DAYLIGHT,REAR END,NOT DIVIDED,NO CONTROLS,DISREGARDING TRAFFIC SIGNALS,UNABLE TO DETERMINE,0,0,1,1,11,6,12,1656,HALSTED ST,41.800106,-87.663913,12/15/2023 12:34:00 PM,2023
CR00031236,10/16/2024 06:14:00 PM,30,CLEAR,DAYLIGHT,TURNING,NOT DIVIDED,TRAFFIC SIGNAL,DRIVING SKILLS/KNOWLEDGE/EXPERIENCE,UNABLE TO DETERMINE,0,0,0,0,18,4,10,339,MILWAUKEE AVE,41.96784,-87.846005,10/16/2024 06:17:00 PM,2024
CR00031237,01/22/2015 04:18:00 PM,25,CLEAR,DARKNESS - LIGHTED ROAD,TURNING,NOT DIVIDED,NO CONTROLS,WEATHER,DRIVING SKILLS/KNOWLEDGE/EXPERIENCE,0,0,0,0,16,5,1,132,47TH ST,41.944608,-87.527774,01/22/2015 05:09:00 PM,2015
CR00031238,03/01/2022 02:34:00 PM,30,RAIN,DARKNESS - LIGHTED ROAD,REAR END,T-INTERSECTION,TRAFFIC SIGNAL,IMPROPER OVERTAKING/PASSING,IMPROPER LANE USAGE,0,0,0,0,14,3,3,1217,ASHLAND AVE,41.935996,-87.507717,03/01/2022 04:07:00 PM,2022
CR00031239,07/31/2021 03:13:00 PM,30,CLEAR,DAYLIGHT,REAR END,NOT DIVIDED,TRAFFIC SIGNAL,DISTRACTION - FROM INSIDE VEHICLE,FAILING TO REDUCE SPEED,0,0,0,0,15,7,7,1897,BROADWAY,41.866904,-87.554527,07/31/2021 04:19:00 PM,2021
CR00031240,02/10/2019 06:00:00 PM,25,SNOW,DAWN,FIXED OBJECT,ONE-WAY,UNKNOWN,FAILING TO YIELD RIGHT-OF-WAY,FAILING TO REDUCE SPEED,0,0,0,0,18,1,2,207,HALSTED ST,41.911389,-87.846451,02/10/2019 07:55:00 PM,2019
CR00031241,01/20/2017 10:57:00 PM,35,CLEAR,DAYLIGHT,SIDESWIPE SAME DIRECTION,FOUR WAY,STOP SIGN/FLASHER,UNABLE TO DETERMINE,NOT APPLICABLE,0,0,0,0,22,6,1,462,ELSTON AVE,41.7048,-87.629625,01/21/2017 12:04:00 AM,2017
CR00031242,05/24/2023 10:09:00 AM,45,CLEAR,DARKNESS - LIGHTED ROAD,REAR END,NOT DIVIDED,NO CONTROLS,IMPROPER OVERTAKING/PASSING,FAILING TO YIELD RIGHT-OF-WAY,0,0,0,0,10,4,5,817,IRVING PARK RD,41.70407,-87.814363,05/24/2023 12:07:00 PM,2023
CR00031243,01/12/2015 06:53:00 PM,40,CLEAR,DAYLIGHT,SIDESWIPE SAME DIRECTION,DIVIDED - W/MEDIAN (NOT RAISED),NO CONTROLS,UNABLE TO DETERMINE,NOT APPLICABLE,0,0,0,0,18,2,1,1999,OGDEN AVE,41.899831,-87.590476,01/12/2015 07:00:00 PM,2015
CR00031244,12/12/2019 07:33:00 AM,15,CLEAR,DARKNESS - LIGHTED ROAD,REAR END,NOT DIVIDED,NO CONTROLS,IMPROPER OVERTAKING/PASSING,NOT APPLICABLE,0,0,0,0,7,5,12,1714,STONY ISLAND AVE,41.985038,-87.662074,12/12/2019 07:51:00 AM,2019
CR00031245,05/21/2020 04:20:00 PM,35,CLEAR,DAYLIGHT,FIXED OBJECT,ONE-WAY,UNKNOWN,UNABLE TO DETERMINE,UNABLE TO DETERMINE,0,0,0,0,16,5,5,1331,CALIFORNIA AVE,41.796805,-87.717114,05/21/2020 06:15:00 PM,2020
CR00031246,05/25/2022 03:29:00 PM,25,RAIN,DARKNESS - LIGHTED ROAD,SIDESWIPE SAME DIRECTION,ONE-WAY,UNKNOWN,UNABLE TO DETERMINE,UNABLE TO DETERMINE,0,0,0,0,15,4,5,1430,ELSTON AVE,41.716861,-87.526065,05/25/2022 04:54:00 PM,2022
CR00031247,02/06/2023 12:43:00 PM,30,CLEAR,DAYLIGHT,PARKED MOTOR VEHICLE,DIVIDED - W/MEDIAN (NOT RAISED),UNKNOWN,UNABLE TO DETERMINE,FAILING TO REDUCE SPEED,0,0,0,0,12,2,2,378,MILWAUKEE AVE,41.863218,-87.690317,02/06/2023 12:44:00 PM,2023
CR00031248,07/17/2015 03:05:00 PM,20,CLEAR,DARKNESS - LIGHTED ROAD,FIXED OBJECT,NOT DIVIDED,TRAFFIC SIGNAL,IMPROPER LANE USAGE,UNABLE TO DETERMINE,0,0,0,0,15,6,7,2112,OGDEN AVE,41.947185,-87.669043,07/17/2015 04:56:00 PM,2015
CR00031249,01/14/2022 08:59:00 PM,40,CLEAR,DAYLIGHT,TURNING,ONE-WAY,NO CONTROLS,FOLLOWING TOO CLOSELY,FOLLOWING TOO CLOSELY,0,0,1,1,20,6,1,2162,IRVING PARK RD,41.72812,-87.787133,01/14/2022 09:32:00 PM,2022
CR00031250,09/07/2015 12:11:00 AM,45,CLEAR,DAYLIGHT,ANGLE,DIVIDED - W/MEDIAN (NOT RAISED),PEDESTRIAN CROSSING SIGN,FAILING TO REDUCE SPEED,FAILING TO YIELD RIGHT-OF-WAY,0,0,0,0,0,2,9,2157,PULASKI RD,41.801731,-87.571622,09/07/2015 12:23:00 AM,2015
CR00031251,06/24/2021 02:59:00 PM,45,CLEAR,DUSK,REAR END,ONE-WAY,TRAFFIC SIGNAL,UNABLE TO DETERMINE,FAILING TO YIELD RIGHT-OF-WAY,0,0,1,1,14,5,6,717,OGDEN AVE,41.876863,-87.553913,06/24/2021 03:40:00 PM,2021
CR00031252,05/22/2017 09:25:00 AM,30,CLEAR,DAYLIGHT,TURNING,NOT DIVIDED,TRAFFIC SIGNAL,UNABLE TO DETERMINE,UNABLE TO DETERMINE,0,0,0,0,9,2,5,488,ARCHER AVE,41.740241,-87.540069,05/22/2017 09:41:00 AM,2017
CR00031253,09/24/2017 11:45:00 PM,35,CLEAR,DAYLIGHT,PEDESTRIAN,ONE-WAY,NO CONTROLS,UNABLE TO DETERMINE,WEATHER,0,0,0,0,23,1,9,2332,ROOSEVELT RD,41.87503,-87.731839,09/25/2017 01:39:00 AM,2017
CR00031254,09/25/2018 10:08:00 AM,45,CLEAR,DAYLIGHT,REAR TO FRONT,NOT DIVIDED,NO CONTROLS,FAILING TO REDUCE SPEED,NOT APPLICABLE,0,0,0,0,10,3,9,1544,ARCHER AVE,41.855895,-87.759493,09/25/2018 12:00:00 PM,2018
CR00031255,04/05/2022 02:39:00 PM,30,CLEAR,DAYLIGHT,ANGLE,DIVIDED - W/MEDIAN (NOT RAISED),STOP SIGN/FLASHER,FAILING TO YIELD RIGHT-OF-WAY,NOT APPLICABLE,0,0,0,0,14,3,4,662,63RD ST,41.840286,-87.820341,04/05/2022 04:12:00 PM,2022
CR00031256,11/04/2019 04:46:00 PM,15,SNOW,DARKNESS - LIGHTED ROAD,SIDESWIPE SAME DIRECTION,DIVIDED - W/MEDIAN (NOT RAISED),NO CONTROLS,FAILING TO YIELD RIGHT-OF-WAY,UNABLE TO DETERMINE,0,0,1,1,16,2,11,2480,ASHLAND AVE,41.813761,-87.684235,11/04/2019 05:35:00 PM,2019
CR00031257,02/21/2020 01:02:00 AM,15,CLEAR,DARKNESS - LIGHTED ROAD,REAR TO FRONT,NOT DIVIDED,TRAFFIC SIGNAL,UNABLE TO DETERMINE,DISTRACTION - FROM INSIDE VEHICLE,0,0,1,1,1,6,2,2090,BROADWAY,41.953704,-87.754777,02/21/2020 01:51:00 AM,2020
CR00031258,10/19/2018 07:03:00 AM,25,CLEAR,DAYLIGHT,REAR END,DIVIDED - W/MEDIAN (NOT RAISED),NO CONTROLS,FAILING TO REDUCE SPEED,FOLLOWING TOO CLOSELY,0,0,0,0,7,6,10,901,ARCHER AVE,41.842023,-87.845139,10/19/2018 07:30:00 AM,2018
CR00031259,11/07/2020 07:29:00 PM,20,CLEAR,DAYLIGHT,REAR END,NOT DIVIDED,YIELD,DRIVING SKILLS/KNOWLEDGE/EXPERIENCE,IMPROPER OVERTAKING/PASSING,0,0,0,0,19,7,11,2139,ROOSEVELT RD,41.736599,-87.756256,11/07/2020 08:32:00 PM,2020
CR00031260,07/16/2015 08:12:00 AM,35,CLEAR,DARKNESS - LIGHTED ROAD,SIDESWIPE SAME DIRECTION,NOT DIVIDED,NO CONTROLS,FOLLOWING TOO CLOSELY,IMPROPER OVERTAKING/PASSING,0,0,0,0,8,5,7,1452,WESTERN AVE,41.721489,-87.647302,07/16/2015 09:31:00 AM,2015
CR00031261,09/07/2015 05:01:00 PM,35,FOG/SMOKE/HAZE,DAYLIGHT,REAR END,DIVIDED - W/MEDIAN (NOT RAISED),YIELD,FAILING TO YIELD RIGHT-OF-WAY,DISREGARDING TRAFFIC SIGNALS,0,0,0,0,17,2,9,2262,STATE ST,41.8738,-87.73397,09/07/2015 06:36:00 PM,2015
CR00031262,04/08/2023 04:45:00 PM,20,CLEAR,DARKNESS - LIGHTED ROAD,TURNING,DIVIDED - W/MEDIAN (NOT RAISED),NO CONTROLS,FOLLOWING TOO CLOSELY,NOT APPLICABLE,0,0,0,0,16,7,4,903,STONY ISLAND AVE,41.783697,-87.623957,04/08/2023 04:46:00 PM,2023
CR00031263,08/01/2022 08:21:00 AM,20,CLEAR,DARKNESS - LIGHTED ROAD,REAR END,DIVIDED - W/MEDIAN (NOT RAISED),NO CONTROLS,UNABLE TO DETERMINE,FOLLOWING TOO CLOSELY,0,0,0,0,8,2,8,1907,ELSTON AVE,41.935359,-87.763831,08/01/2022 09:07:00 AM,2022
CR00031264,03/10/2017 04:21:00 PM,45,CLEAR,DAYLIGHT,PARKED MOTOR VEHICLE,DIVIDED - W/MEDIAN (NOT RAISED),TRAFFIC SIGNAL,DISTRACTION - FROM INSIDE VEHICLE,DRIVING SKILLS/KNOWLEDGE/EXPERIENCE,0,0,0,0,16,6,3,943,ASHLAND AVE,41.909796,-87.767138,03/10/2017 05:26:00 PM,2017
CR00031265,09/29/2022 06:30:00 PM,30,CLEAR,DAYLIGHT,REAR END,DIVIDED - W/MEDIAN (NOT RAISED),TRAFFIC SIGNAL,FAILING TO YIELD RIGHT-OF-WAY,NOT APPLICABLE,0,0,0,0,18,5,9,2068,CALIFORNIA AVE,41.795951,-87.754135,09/29/2022 07:10:00 PM,2022
CR00031266,05/28/2016 07:17:00 AM,15,CLEAR,DAYLIGHT,PARKED MOTOR VEHICLE,NOT DIVIDED,NO CONTROLS,FAILING TO YIELD RIGHT-OF-WAY,NOT APPLICABLE,0,0,0,0,7,7,5,1214,IRVING PARK RD,41.880982,-87.555485,05/28/2016 07:50:00 AM,2016