CRASH_RECORD_ID,CRASH_DATE,POSTED_SPEED_LIMIT,WEATHER_CONDITION,LIGHTING_CONDITION,FIRST_CRASH_TYPE,TRAFFICWAY_TYPE,TRAFFIC_CONTROL_DEVICE,PRIM_CONTRIBUTORY_CAUSE,SEC_CONTRIBUTORY_CAUSE,INJURIES_FATAL,INJURIES_INCAPACITATING,INJURIES_NON_INCAPACITATING,INJURIES_TOTAL,CRASH_HOUR,CRASH_DAY_OF_WEEK,CRASH_MONTH,BEAT_OF_OCCURRENCE,STREET_NAME,LATITUDE,LONGITUDE,DATE_POLICE_NOTIFIED,year
CR00031267,08/12/2017 08:26:00 AM,30,CLEAR,DAYLIGHT,PARKED MOTOR VEHICLE,NOT DIVIDED,TRAFFIC SIGNAL,FOLLOWING TOO CLOSELY,UNABLE TO DETERMINE,0,0,0,0,8,7,8,2066,ASHLAND AVE,41.783282,-87.606276,08/12/2017 09:10:00 AM,2017
CR00031268,07/14/2023 07:19:00 AM,45,CLEAR,DAYLIGHT,REAR END,T-INTERSECTION,TRAFFIC SIGNAL,FOLLOWING TOO CLOSELY,IMPROPER OVERTAKING/PASSING,0,0,0,0,7,6,7,2423,STATE ST,41.783627,-87.556639,07/14/2023 07:24:00 AM,2023
CR00031269,12/29/2015 11:47:00 AM,15,CLEAR,DAYLIGHT,REAR END,NOT DIVIDED,STOP SIGN/FLASHER,UNABLE TO DETERMINE,UNABLE TO DETERMINE,0,0,0,0,11,3,12,2243,KEDZIE AVE,41.900962,-87.626512,12/29/2015 12:46:00 PM,2015
CR00031270,07/07/2022 02:34:00 PM,25,SNOW,DAYLIGHT,PARKED MOTOR VEHICLE,NOT DIVIDED,NO CONTROLS,DISREGARDING TRAFFIC SIGNALS,FOLLOWING TOO CLOSELY,0,0,0,0,14,5,7,557,63RD ST,41.729903,-87.822627,07/07/2022 03:32:00 PM,2022
CR00031271,01/25/2015 03:52:00 PM,20,CLEAR,DAYLIGHT,SIDESWIPE SAME DIRECTION,FOUR WAY,STOP SIGN/FLASHER,DISTRACTION - FROM INSIDE VEHICLE,UNABLE TO DETERMINE,0,0,0,0,15,1,1,1345,HALSTED ST,41.910437,-87.787563,01/25/2015 04:09:00 PM,2015
CR00031272,11/26/2022 08:51:00 PM,35,CLEAR,DAYLIGHT,REAR TO FRONT,ONE-WAY,NO CONTROLS,FOLLOWING TOO CLOSELY,UNABLE TO DETERMINE,0,0,0,0,20,7,11,1735,WESTERN AVE,41.823232,-87.518573,11/26/2022 10:00:00 PM,2022
CR00031273,01/02/2017 07:34:00 AM,20,CLEAR,DUSK,TURNING,NOT DIVIDED,YIELD,IMPROPER LANE USAGE,DISREGARDING TRAFFIC SIGNALS,0,0,0,0,7,2,1,1384,LAKE SHORE DR,41.99371,-87.829632,01/02/2017 09:19:00 AM,2017
CR00031274,12/19/2022 03:18:00 PM,30,CLEAR,DAYLIGHT,ANGLE,ONE-WAY,NO CONTROLS,DRIVING SKILLS/KNOWLEDGE/EXPERIENCE,NOT APPLICABLE,0,0,0,0,15,2,12,1656,FULLERTON AVE,41.809261,-87.523021,12/19/2022 03:54:00 PM,2022
CR00031275,04/11/2020 03:32:00 PM,45,CLEAR,DAYLIGHT,FIXED OBJECT,DIVIDED - W/MEDIAN BARRIER,TRAFFIC SIGNAL,UNABLE TO DETERMINE,UNABLE TO DETERMINE,0,0,0,0,15,7,4,2008,MICHIGAN AVE,41.704736,-87.80854,04/11/2020 05:18:00 PM,2020
CR00031276,01/25/2018 07:00:00 AM,35,CLEAR,DAYLIGHT,SIDESWIPE SAME DIRECTION,DIVIDED - W/MEDIAN (NOT RAISED),TRAFFIC SIGNAL,FOLLOWING TOO CLOSELY,FOLLOWING TOO CLOSELY,0,0,0,0,7,5,1,259,DAMEN AVE,41.822299,-87.564408,01/25/2018 07:48:00 AM,2018
CR00031277,08/02/2022 08:13:00 PM,20,CLEAR,DAYLIGHT,PARKED MOTOR VEHICLE,FOUR WAY,STOP SIGN/FLASHER,DISREGARDING TRAFFIC SIGNALS,DRIVING SKILLS/KNOWLEDGE/EXPERIENCE,0,0,0,0,20,3,8,1432,PULASKI RD,41.802071,-87.676114,08/02/2022 09:00:00 PM,2022
CR00031278,07/18/2024 11:00:00 AM,25,CLEAR,DARKNESS - LIGHTED ROAD,SIDESWIPE SAME DIRECTION,NOT DIVIDED,STOP SIGN/FLASHER,UNABLE TO DETERMINE,WEATHER,0,0,0,0,11,5,7,2376,STATE ST,41.918485,-87.575879,07/18/2024 11:38:00 AM,2024
CR00031279,08/12/2016 08:04:00 AM,45,CLOUDY/OVERCAST,DAYLIGHT,REAR END,NOT DIVIDED,TRAFFIC SIGNAL,DISTRACTION - FROM INSIDE VEHICLE,IMPROPER LANE USAGE,0,0,0,0,8,6,8,1823,DIVISION ST,41.703855,-87.735778,08/12/2016 09:52:00 AM,2016
CR00031280,05/23/2015 04:43:00 PM,25,CLEAR,DAYLIGHT,REAR END,DIVIDED - W/MEDIAN (NOT RAISED),TRAFFIC SIGNAL,UNABLE TO DETERMINE,NOT APPLICABLE,0,0,3,3,16,7,5,963,LAKE SHORE DR,41.964247,-87.5766,05/23/2015 05:17:00 PM,2015
CR00031281,08/01/2023 11:20:00 AM,35,CLOUDY/OVERCAST,DUSK,TURNING,FOUR WAY,PEDESTRIAN CROSSING SIGN,IMPROPER LANE USAGE,UNABLE TO DETERMINE,0,0,0,0,11,3,8,1532,47TH ST,41.982668,-87.587019,08/01/2023 11:56:00 AM,2023
CR00031282,03/23/2016 09:47:00 PM,30,RAIN,DARKNESS - LIGHTED ROAD,TURNING,FOUR WAY,NO CONTROLS,UNABLE TO DETERMINE,NOT APPLICABLE,0,0,0,0,21,4,3,192,STONY ISLAND AVE,41.728726,-87.673874,03/23/2016 11:12:00 PM,2016
CR00031283,04/12/2022 10:48:00 PM,45,CLEAR,DAYLIGHT,TURNING,NOT DIVIDED,NO CONTROLS,IMPROPER LANE USAGE,UNABLE TO DETERMINE,0,0,2,2,22,3,4,1203,79TH ST,41.757878,-87.704058,04/13/2022 12:37:00 AM,2022
CR00031284,10/19/2024 04:50:00 PM,20,CLEAR,DARKNESS - LIGHTED ROAD,PEDESTRIAN,NOT DIVIDED,YIELD,DRIVING SKILLS/KNOWLEDGE/EXPERIENCE,UNABLE TO DETERMINE,0,0,0,0,16,7,10,1777,79TH ST,41.968203,-87.555512,10/19/2024 05:17:00 PM,2024
CR00031285,01/02/2021 08:40:00 AM,45,CLEAR,DAYLIGHT,ANGLE,NOT DIVIDED,NO CONTROLS,IMPROPER OVERTAKING/PASSING,IMPROPER OVERTAKING/PASSING,0,0,0,0,8,7,1,1198,MILWAUKEE AVE,41.957063,-87.794149,01/02/2021 10:02:00 AM,2021
CR00031286,10/10/2022 07:42:00 PM,30,CLEAR,DAYLIGHT,REAR END,NOT DIVIDED,TRAFFIC SIGNAL,DISREGARDING TRAFFIC SIGNALS,UNABLE TO DETERMINE,0,0,0,0,19,2,10,1059,PULASKI RD,41.973914,-87.636129,10/10/2022 08:05:00 PM,2022
CR00031287,09/25/2015 09:40:00 AM,25,RAIN,DAYLIGHT,SIDESWIPE SAME DIRECTION,DIVIDED - W/MEDIAN (NOT RAISED),UNKNOWN,FOLLOWING TOO CLOSELY,NOT APPLICABLE,0,0,0,0,9,6,9,722,ASHLAND AVE,41.830139,-87.838057,09/25/2015 11:29:00 AM,2015
CR00031288,03/31/2015 07:32:00 PM,25,CLEAR,DUSK,REAR END,DIVIDED - W/MEDIAN (NOT RAISED),PEDESTRIAN CROSSING SIGN,UNABLE TO DETERMINE,DISTRACTION - FROM INSIDE VEHICLE,0,0,0,0,19,3,3,955,OGDEN AVE,41.830599,-87.65307,03/31/2015 07:51:00 PM,2015
CR00031289,06/22/2018 03:33:00 PM,25,RAIN,DARKNESS,REAR END,DIVIDED - W/MEDIAN (NOT RAISED),TRAFFIC SIGNAL,IMPROPER LANE USAGE,FAILING TO REDUCE SPEED,0,0,0,0,15,6,6,1909,LAKE SHORE DR,41.862767,-87.784497,06/22/2018 04:03:00 PM,2018
CR00031290,10/11/2024 05:10:00 PM,30,CLEAR,DAWN,TURNING,NOT DIVIDED,NO CONTROLS,FAILING TO REDUCE SPEED,IMPROPER LANE USAGE,0,0,0,0,17,6,10,2200,DAMEN AVE,41.801477,-87.596879,10/11/2024 06:24:00 PM,2024
CR00031291,07/11/2023 08:03:00 AM,40,CLEAR,DARKNESS,TURNING,ONE-WAY,TRAFFIC SIGNAL,FAILING TO REDUCE SPEED,WEATHER,0,0,0,0,8,3,7,733,STONY ISLAND AVE,41.984668,-87.62651,07/11/2023 09:04:00 AM,2023
CR00031292,06/11/2020 12:07:00 PM,45,CLEAR,DAYLIGHT,REAR END,NOT DIVIDED,TRAFFIC SIGNAL,DISTRACTION - FROM INSIDE VEHICLE,FAILING TO YIELD RIGHT-OF-WAY,0,0,0,0,12,5,6,1507,79TH ST,41.859271,-87.845335,06/11/2020 01:39:00 PM,2020
CR00031293,01/22/2016 06:18:00 PM,40,CLEAR,DARKNESS - LIGHTED ROAD,ANGLE,NOT DIVIDED,YIELD,DISTRACTION - FROM INSIDE VEHICLE,UNABLE TO DETERMINE,0,0,0,0,18,6,1,1048,CLARK ST,41.811642,-87.606135,01/22/2016 07:53:00 PM,2016
CR00031294,02/13/2018 10:39:00 AM,30,CLEAR,DAYLIGHT,REAR END,ONE-WAY,NO CONTROLS,UNABLE TO DETERMINE,UNABLE TO DETERMINE,0,0,0,0,10,3,2,1740,LAKE SHORE DR,41.785669,-87.796247,02/13/2018 11:21:00 AM,2018
CR00031295,06/24/2021 04:05:00 PM,45,CLEAR,DAYLIGHT,SIDESWIPE SAME DIRECTION,DIVIDED - W/MEDIAN (NOT RAISED),UNKNOWN,IMPROPER OVERTAKING/PASSING,FAILING TO YIELD RIGHT-OF-WAY,0,0,0,0,16,5,6,1129,CALIFORNIA AVE,41.852393,-87.656573,06/24/2021 05:25:00 PM,2021
CR00031296,06/22/2015 07:59:00 AM,40,RAIN,DAYLIGHT,REAR END,ONE-WAY,PEDESTRIAN CROSSING SIGN,DRIVING SKILLS/KNOWLEDGE/EXPERIENCE,NOT APPLICABLE,0,0,0,0,7,2,6,1226,63RD ST,41.784891,-87.803915,06/22/2015 08:47:00 AM,2015
CR00031297,05/13/2016 08:45:00 AM,15,CLEAR,DUSK,ANGLE,FOUR WAY,NO CONTROLS,DISREGARDING TRAFFIC SIGNALS,NOT APPLICABLE,0,0,0,0,8,6,5,1589,ASHLAND AVE,41.984073,-87.589061,05/13/2016 09:51:00 AM,2016
CR00031298,08/17/2016 04:29:00 AM,30,CLEAR,DAYLIGHT,REAR END,NOT DIVIDED,NO CONTROLS,FOLLOWING TOO CLOSELY,FAILING TO YIELD RIGHT-OF-WAY,0,0,0,0,4,4,8,2203,DIVISION ST,41.952958,-87.7908,08/17/2016 05:47:00 AM,2016
CR00031299,11/13/2024 01:29:00 PM,20,FOG/SMOKE/HAZE,DAWN,REAR END,NOT DIVIDED,NO CONTROLS,UNABLE TO DETERMINE,DISTRACTION - FROM INSIDE VEHICLE,0,0,0,0,13,4,11,1421,WESTERN AVE,41.776715,-87.566506,11/13/2024 03:28:00 PM,2024
CR00031300,07/14/2019 03:41:00 PM,25,SNOW,DAYLIGHT,SIDESWIPE SAME DIRECTION,NOT DIVIDED,NO CONTROLS,FOLLOWING TOO CLOSELY,UNABLE TO DETERMINE,0,0,0,0,15,1,7,216,47TH ST,41.929727,-87.832053,07/14/2019 04:47:00 PM,2019
CR00031301,04/19/2016 05:43:00 AM,30,RAIN,DAYLIGHT,REAR END,NOT DIVIDED,TRAFFIC SIGNAL,FAILING TO YIELD RIGHT-OF-WAY,NOT APPLICABLE,0,0,0,0,5,3,4,1730,47TH ST,41.758489,-87.529205,04/19/2016 07:02:00 AM,2016
CR00031302,04/10/2018 03:17:00 PM,30,RAIN,DAYLIGHT,REAR END,NOT DIVIDED,YIELD,UNABLE TO DETERMINE,UNABLE TO DETERMINE,0,0,0,0,15,3,4,1658,IRVING PARK RD,41.710391,-87.632246,04/10/2018 04:28:00 PM,2018
CR00031303,01/01/2020 11:08:00 AM,35,SNOW,DAYLIGHT,REAR TO FRONT,FOUR WAY,STOP SIGN/FLASHER,FOLLOWING TOO CLOSELY,IMPROPER OVERTAKING/PASSING,0,0,0,0,11,4,1,1948,STONY ISLAND AVE,41.768288,-87.775144,01/01/2020 01:01:00 PM,2020
CR00031304,12/14/2018 03:47:00 PM,45,CLEAR,DUSK,SIDESWIPE SAME DIRECTION,DIVIDED - W/MEDIAN (NOT RAISED),NO CONTROLS,FAILING TO YIELD RIGHT-OF-WAY,UNABLE TO DETERMINE,0,0,2,2,15,6,12,902,CLARK ST,41.770105,-87.730809,12/14/2018 05:42:00 PM,2018
CR00031305,11/26/2019 04:43:00 PM,30,CLEAR,DARKNESS - LIGHTED ROAD,TURNING,FOUR WAY,STOP SIGN/FLASHER,UNABLE TO DETERMINE,NOT APPLICABLE,0,0,0,0,16,3,11,2514,MILWAUKEE AVE,41.98825,-87.567594,11/26/2019 05:47:00 PM,2019
CR00031306,02/05/2020 05:27:00 PM,45,RAIN,DAYLIGHT,ANGLE,NOT DIVIDED,NO CONTROLS,FOLLOWING TOO CLOSELY,UNABLE TO DETERMINE,0,0,0,0,17,4,2,2037,ARCHER AVE,41.89271,-87.606238,02/05/2020 07:03:00 PM,2020
CR00031307,12/27/2022 04:58:00 AM,45,CLEAR,DAYLIGHT,TURNING,NOT DIVIDED,TRAFFIC SIGNAL,FOLLOWING TOO CLOSELY,FAILING TO YIELD RIGHT-OF-WAY,0,0,0,0,4,3,12,766,ARCHER AVE,41.717885,-87.744015,12/27/2022 06:52:00 AM,2022
CR00031308,05/11/2016 04:17:00 PM,35,CLEAR,DARKNESS - LIGHTED ROAD,SIDESWIPE SAME DIRECTION,DIVIDED - W/MEDIAN (NOT RAISED),TRAFFIC SIGNAL,DRIVING SKILLS/KNOWLEDGE/EXPERIENCE,IMPROPER OVERTAKING/PASSING,0,0,2,2,16,4,5,802,OGDEN AVE,41.722407,-87.799127,05/11/2016 05:41:00 PM,2016
CR00031309,12/16/2015 07:26:00 AM,30,CLEAR,DUSK,REAR END,DIVIDED - W/MEDIAN BARRIER,TRAFFIC SIGNAL,FAILING TO YIELD RIGHT-OF-WAY,FOLLOWING TOO CLOSELY,0,0,0,0,7,4,12,1917,DIVISION ST,41.990881,-87.688383,12/16/2015 08:50:00 AM,2015
CR00031310,12/24/2019 06:30:00 PM,30,CLEAR,DAYLIGHT,REAR END,NOT DIVIDED,TRAFFIC SIGNAL,FAILING TO REDUCE SPEED,FAILING TO REDUCE SPEED,0,0,0,0,18,3,12,346,IRVING PARK RD,41.855142,-87.756069,12/24/2019 08:27:00 PM,2019
CR00031311,11/10/2023 08:18:00 AM,30,CLEAR,DARKNESS - LIGHTED ROAD,SIDESWIPE SAME DIRECTION,ONE-WAY,TRAFFIC SIGNAL,DISTRACTION - FROM INSIDE VEHICLE,UNABLE TO DETERMINE,0,0,0,0,8,6,11,790,PULASKI RD,41.805269,-87.788114,11/10/2023 09:29:00 AM,2023
CR00031312,10/27/2022 08:10:00 AM,20,CLOUDY/OVERCAST,DARKNESS - LIGHTED ROAD,ANGLE,DIVIDED - W/MEDIAN (NOT RAISED),STOP SIGN/FLASHER,UNABLE TO DETERMINE,UNABLE TO DETERMINE,0,2,3,5,8,5,10,964,CALIFORNIA AVE,41.886143,-87.691262,10/27/2022 09:24:00 AM,2022
CR00031313,08/20/2023 04:00:00 PM,40,CLEAR,DAYLIGHT,REAR END,T-INTERSECTION,TRAFFIC SIGNAL,IMPROPER OVERTAKING/PASSING,FAILING TO REDUCE SPEED,0,0,0,0,16,1,8,999,BROADWAY,41.807271,-87.720878,08/20/2023 04:54:00 PM,2023
CR00031314,08/05/2018 10:12:00 PM,15,CLEAR,DAYLIGHT,REAR END,NOT DIVIDED,TRAFFIC SIGNAL,UNABLE TO DETERMINE,FAILING TO REDUCE SPEED,0,0,0,0,22,1,8,1918,CICERO AVE,41.730507,-87.700041,08/05/2018 11:57:00 PM,2018
CR00031315,08/23/2019 03:12:00 AM,30,RAIN,DAYLIGHT,PARKED MOTOR VEHICLE,DIVIDED - W/MEDIAN (NOT RAISED),YIELD,UNABLE TO DETERMINE,FOLLOWING TOO CLOSELY,0,0,1,1,3,6,8,412,MILWAUKEE AVE,41.772018,-87.598605,08/23/2019 04:44:00 AM,2019
CR00031316,01/07/2022 10:14:00 AM,40,CLEAR,DAYLIGHT,ANGLE,ONE-WAY,NO CONTROLS,UNABLE TO DETERMINE,DISTRACTION - FROM INSIDE VEHICLE,0,0,3,3,10,6,1,2531,HALSTED ST,41.931931,-87.801581,01/07/2022 12:08:00 PM,2022
CR00031317,08/16/2016 05:55:00 PM,20,CLEAR,DARKNESS - LIGHTED ROAD,REAR END,NOT DIVIDED,TRAFFIC SIGNAL,IMPROPER OVERTAKING/PASSING,NOT APPLICABLE,0,0,0,0,17,3,8,2468,LAKE SHORE DR,41.834078,-87.577998,08/16/2016 07:41:00 PM,2016
CR00031318,02/21/2023 10:25:00 AM,15,SNOW,DAYLIGHT,TURNING,DIVIDED - W/MEDIAN (NOT RAISED),TRAFFIC SIGNAL,DISREGARDING TRAFFIC SIGNALS,NOT APPLICABLE,0,0,0,0,10,3,2,307,DIVISION ST,41.760047,-87.805149,02/21/2023 10:53:00 AM,2023
CR00031319,03/17/2020 07:55:00 PM,30,CLEAR,DAYLIGHT,ANGLE,DIVIDED - W/MEDIAN BARRIER,NO CONTROLS,IMPROPER LANE USAGE,IMPROPER LANE USAGE,0,0,0,0,19,3,3,256,CICERO AVE,41.784551,-87.728691,03/17/2020 09:12:00 PM,2020
CR00031320,10/16/2019 04:20:00 PM,30,FOG/SMOKE/HAZE,DARKNESS - LIGHTED ROAD,TURNING,ONE-WAY,NO CONTROLS,UNABLE TO DETERMINE,NOT APPLICABLE,0,0,0,0,16,4,10,439,ROOSEVELT RD,41.874397,-87.573166,10/16/2019 04:44:00 PM,2019
CR00031321,11/17/2020 12:03:00 AM,30,RAIN,DARKNESS - LIGHTED ROAD,REAR END,DIVIDED - W/MEDIAN (NOT RAISED),STOP SIGN/FLASHER,FOLLOWING TOO CLOSELY,NOT APPLICABLE,0,0,0,0,0,3,11,927,CICERO AVE,41.731719,-87.646239,11/17/2020 12:28:00 AM,2020
CR00031322,11/19/2022 01:19:00 PM,30,RAIN,DARKNESS,FIXED OBJECT,NOT DIVIDED,TRAFFIC SIGNAL,IMPROPER OVERTAKING/PASSING,NOT APPLICABLE,0,0,0,0,13,7,11,1005,HALSTED ST,41.808398,-87.591418,11/19/2022 02:37:00 PM,2022
CR00031323,07/14/2019 08:31:00 PM,35,SNOW,DAYLIGHT,SIDESWIPE SAME DIRECTION,FOUR WAY,STOP SIGN/FLASHER,FOLLOWING TOO CLOSELY,IMPROPER LANE USAGE,0,0,0,0,20,1,7,494,DIVISION ST,41.930883,-87.787342,07/14/2019 09:06:00 PM,2019
CR00031324,02/21/2018 10:23:00 AM,25,CLEAR,DARKNESS,ANGLE,NOT DIVIDED,NO CONTROLS,WEATHER,FAILING TO YIELD RIGHT-OF-WAY,0,0,0,0,10,4,2,1649,63RD ST,41.739146,-87.785746,02/21/2018 10:43:00 AM,2018
CR00031325,02/23/2018 05:21:00 PM,30,CLEAR,DAYLIGHT,REAR END,DIVIDED - W/MEDIAN (NOT RAISED),STOP SIGN/FLASHER,DISREGARDING TRAFFIC SIGNALS,UNABLE TO DETERMINE,0,0,0,0,17,6,2,940,HALSTED ST,41.837848,-87.625928,02/23/2018 06:29:00 PM,2018
CR00031326,08/04/2016 07:41:00 PM,15,CLEAR,DARKNESS - LIGHTED ROAD,REAR END,DIVIDED - W/MEDIAN (NOT RAISED),NO CONTROLS,UNABLE TO DETERMINE,IMPROPER OVERTAKING/PASSING,0,0,0,0,19,5,8,2299,CICERO AVE,41.961061,-87.698894,08/04/2016 08:03:00 PM,2016
CR00031327,01/01/2019 10:30:00 AM,30,CLEAR,DAYLIGHT,PARKED MOTOR VEHICLE,ONE-WAY,STOP SIGN/FLASHER,FOLLOWING TOO CLOSELY,UNABLE TO DETERMINE,0,0,0,0,10,3,1,758,47TH ST,41.950084,-87.581817,01/01/2019 12:26:00 PM,2019
CR00031328,01/17/2023 02:41:00 AM,35,CLEAR,DAYLIGHT,PARKED MOTOR VEHICLE,DIVIDED - W/MEDIAN (NOT RAISED),UNKNOWN,FOLLOWING TOO CLOSELY,UNABLE TO DETERMINE,0,0,0,0,2,3,1,830,ROOSEVELT RD,41.920028,-87.83328,01/17/2023 04:40:00 AM,2023
CR00031329,03/12/2020 06:18:00 PM,15,RAIN,DARKNESS - LIGHTED ROAD,TURNING,DIVIDED - W/MEDIAN (NOT RAISED),UNKNOWN,UNABLE TO DETERMINE,NOT APPLICABLE,0,0,0,0,18,5,3,2123,LAKE SHORE DR,41.947309,-87.502073,03/12/2020 06:49:00 PM,2020
CR00031330,05/25/2021 02:52:00 AM,35,CLEAR,DUSK,ANGLE,DIVIDED - W/MEDIAN BARRIER,STOP SIGN/FLASHER,DISREGARDING TRAFFIC SIGNALS,FOLLOWING TOO CLOSELY,0,0,0,0,2,3,5,1145,63RD ST,41.995143,-87.848327,05/25/2021 04:03:00 AM,2021
CR00031331,02/22/2022 03:13:00 PM,20,CLEAR,DARKNESS - LIGHTED ROAD,SIDESWIPE SAME DIRECTION,DIVIDED - W/MEDIAN (NOT RAISED),STOP SIGN/FLASHER,FAILING TO REDUCE SPEED,DISTRACTION - FROM INSIDE VEHICLE,0,0,0,0,15,3,2,1501,BROADWAY,41.870032,-87.625487,02/22/2022 04:55:00 PM,2022
CR00031332,02/14/2018 01:51:00 AM,30,CLEAR,DAYLIGHT,FIXED OBJECT,ONE-WAY,TRAFFIC SIGNAL,FOLLOWING TOO CLOSELY,FAILING TO YIELD RIGHT-OF-WAY,0,0,2,2,1,4,2,1166,63RD ST,41.807719,-87.616197,02/14/2018 01:59:00 AM,2018
CR00031333,05/24/2023 04:06:00 PM,40,SNOW,DAYLIGHT,ANGLE,DIVIDED - W/MEDIAN (NOT RAISED),STOP SIGN/FLASHER,WEATHER,UNABLE TO DETERMINE,0,0,0,0,16,4,5,2232,DAMEN AVE,41.824097,-87.539392,05/24/2023 04:46:00 PM,2023
CR00031334,10/02/2017 06:11:00 PM,30,CLEAR,DARKNESS - LIGHTED ROAD,REAR END,DIVIDED - W/MEDIAN BARRIER,NO CONTROLS,UNABLE TO DETERMINE,UNABLE TO DETERMINE,0,0,3,3,18,2,10,1036,DIVISION ST,41.932065,-87.669559,10/02/2017 06:14:00 PM,2017
CR00031335,06/01/2017 07:06:00 AM,30,CLOUDY/OVERCAST,DAYLIGHT,REAR END,DIVIDED - W/MEDIAN (NOT RAISED),YIELD,FOLLOWING TOO CLOSELY,UNABLE TO DETERMINE,0,0,0,0,7,5,6,2528,47TH ST,41.964336,-87.564863,06/01/2017 08:58:00 AM,2017
CR00031336,04/20/2016 06:02:00 PM,30,CLEAR,DUSK,REAR END,NOT DIVIDED,STOP SIGN/FLASHER,FAILING TO REDUCE SPEED,NOT APPLICABLE,0,0,1,1,18,4,4,1071,ASHLAND AVE,41.906312,-87.557882,04/20/2016 07:24:00 PM,2016
CR00031337,07/12/2021 07:45:00 PM,30,CLEAR,DUSK,ANGLE,DIVIDED - W/MEDIAN (NOT RAISED),NO CONTROLS,UNABLE TO DETERMINE,FOLLOWING TOO CLOSELY,0,0,0,0,19,2,7,1924,CALIFORNIA AVE,41.931506,-87.537176,07/12/2021 08:09:00 PM,2021
CR00031338,04/23/2021 04:51:00 PM,25,RAIN,DAYLIGHT,REAR TO FRONT,NOT DIVIDED,PEDESTRIAN CROSSING SIGN,UNABLE TO DETERMINE,FOLLOWING TOO CLOSELY,0,0,0,0,16,6,4,1631,LAKE SHORE DR,41.723717,-87.552299,04/23/2021 05:44:00 PM,2021
CR00031339,09/14/2021 11:20:00 AM,20,SNOW,DAYLIGHT,SIDESWIPE SAME DIRECTION,NOT DIVIDED,YIELD,DRIVING SKILLS/KNOWLEDGE/EXPERIENCE,UNABLE TO DETERMINE,0,0,2,2,11,3,9,1192,FULLERTON AVE,41.741826,-87.579074,09/14/2021 12:05:00 PM,2021
CR00031340,06/24/2017 03:22:00 PM,30,SNOW,DAYLIGHT,SIDESWIPE SAME DIRECTION,FOUR WAY,NO CONTROLS,UNABLE TO DETERMINE,WEATHER,0,0,0,0,15,7,6,1937,BROADWAY,41.767456,-87.674975,06/24/2017 05:14:00 PM,2017
CR00031341,02/21/2023 01:12:00 PM,35,SNOW,DUSK,REAR END,DIVIDED - W/MEDIAN (NOT RAISED),TRAFFIC SIGNAL,FOLLOWING TOO CLOSELY,UNABLE TO DETERMINE,0,0,0,0,13,3,2,482,KEDZIE AVE,41.984114,-87.527578,02/21/2023 01:41:00 PM,2023
CR00031342,03/09/2019 03:26:00 AM,20,RAIN,DARKNESS - LIGHTED ROAD,ANGLE,DIVIDED - W/MEDIAN BARRIER,TRAFFIC SIGNAL,DRIVING SKILLS/KNOWLEDGE/EXPERIENCE,FAILING TO REDUCE SPEED,0,0,0,0,3,7,3,129,LAKE SHORE DR,41.855687,-87.645319,03/09/2019 03:41:00 AM,2019
CR00031343,07/03/2024 03:34:00 PM,20,FREEZING RAIN/DRIZZLE,DAYLIGHT,REAR TO FRONT,NOT DIVIDED,TRAFFIC SIGNAL,FAILING TO REDUCE SPEED,IMPROPER OVERTAKING/PASSING,0,0,0,0,15,4,7,1760,79TH ST,41.977932,-87.520311,07/03/2024 03:50:00 PM,2024
CR00031344,06/24/2019 07:28:00 PM,20,CLEAR,DAWN,SIDESWIPE SAME DIRECTION,DIVIDED - W/MEDIAN BARRIER,TRAFFIC SIGNAL,UNABLE TO DETERMINE,NOT APPLICABLE,0,0,0,0,19,2,6,2417,OGDEN AVE,41.833576,-87.842797,06/24/2019 08:22:00 PM,2019
CR00031345,03/23/2021 07:59:00 AM,30,SNOW,DARKNESS,ANGLE,DIVIDED - W/MEDIAN (NOT RAISED),TRAFFIC SIGNAL,DRIVING SKILLS/KNOWLEDGE/EXPERIENCE,FAILING TO YIELD RIGHT-OF-WAY,0,0,0,0,7,3,3,804,DIVISION ST,41.819341,-87.609944,03/23/2021 09:00:00 AM,2021
CR00031346,12/20/2017 07:19:00 AM,15,RAIN,DARKNESS - LIGHTED ROAD,TURNING,ONE-WAY,UNKNOWN,DISREGARDING TRAFFIC SIGNALS,NOT APPLICABLE,0,0,0,0,7,4,12,2077,CALIFORNIA AVE,41.808721,-87.654289,12/20/2017 08:36:00 AM,2017
CR00031347,07/25/2021 06:48:00 AM,15,CLEAR,DAYLIGHT,FIXED OBJECT,NOT DIVIDED,TRAFFIC SIGNAL,FOLLOWING TOO CLOSELY,UNABLE TO DETERMINE,0,0,0,0,6,1,7,1287,HALSTED ST,41.833549,-87.655286,07/25/2021 07:54:00 AM,2021
CR00031348,02/10/2021 09:34:00 AM,30,CLEAR,DAYLIGHT,PEDESTRIAN,DIVIDED - W/MEDIAN (NOT RAISED),STOP SIGN/FLASHER,FOLLOWING TOO CLOSELY,DISREGARDING TRAFFIC SIGNALS,0,0,0,0,9,4,2,727,CLARK ST,41.855136,-87.713421,02/10/2021 10:55:00 AM,2021