CRASH_RECORD_ID,CRASH_DATE,POSTED_SPEED_LIMIT,WEATHER_CONDITION,LIGHTING_CONDITION,FIRST_CRASH_TYPE,TRAFFICWAY_TYPE,TRAFFIC_CONTROL_DEVICE,PRIM_CONTRIBUTORY_CAUSE,SEC_CONTRIBUTORY_CAUSE,INJURIES_FATAL,INJURIES_INCAPACITATING,INJURIES_NON_INCAPACITATING,INJURIES_TOTAL,CRASH_HOUR,CRASH_DAY_OF_WEEK,CRASH_MONTH,BEAT_OF_OCCURRENCE,STREET_NAME,LATITUDE,LONGITUDE,DATE_POLICE_NOTIFIED,year
CR00031349,09/26/2017 06:51:00 PM,20,CLEAR,DARKNESS - LIGHTED ROAD,REAR END,DIVIDED - W/MEDIAN (NOT RAISED),NO CONTROLS,UNABLE TO DETERMINE,NOT APPLICABLE,0,0,0,0,18,3,9,2368,CICERO AVE,41.994163,-87.636439,09/26/2017 07:23:00 PM,2017
CR00031350,04/11/2024 04:38:00 PM,25,CLEAR,DARKNESS - LIGHTED ROAD,ANGLE,FOUR WAY,STOP SIGN/FLASHER,FAILING TO YIELD RIGHT-OF-WAY,UNABLE TO DETERMINE,0,0,0,0,16,5,4,533,CICERO AVE,41.99054,-87.738852,04/11/2024 06:37:00 PM,2024
CR00031351,11/05/2015 10:14:00 AM,35,CLEAR,DARKNESS - LIGHTED ROAD,PARKED MOTOR VEHICLE,NOT DIVIDED,TRAFFIC SIGNAL,UNABLE TO DETERMINE,UNABLE TO DETERMINE,0,0,0,0,10,5,11,1303,LAKE SHORE DR,41.846098,-87.737786,11/05/2015 12:02:00 PM,2015
CR00031352,04/24/2016 10:35:00 AM,15,CLOUDY/OVERCAST,DAYLIGHT,TURNING,DIVIDED - W/MEDIAN (NOT RAISED),TRAFFIC SIGNAL,DRIVING SKILLS/KNOWLEDGE/EXPERIENCE,UNABLE TO DETERMINE,0,0,1,1,10,1,4,839,CICERO AVE,41.952507,-87.626771,04/24/2016 11:36:00 AM,2016
CR00031353,02/09/2024 10:45:00 AM,20,SNOW,DAYLIGHT,SIDESWIPE SAME DIRECTION,NOT DIVIDED,STOP SIGN/FLASHER,DISTRACTION - FROM INSIDE VEHICLE,FAILING TO REDUCE SPEED,0,0,0,0,10,6,2,2512,IRVING PARK RD,41.987187,-87.777761,02/09/2024 11:23:00 AM,2024
CR00031354,03/20/2024 07:35:00 AM,15,RAIN,DUSK,REAR END,FOUR WAY,TRAFFIC SIGNAL,UNABLE TO DETERMINE,IMPROPER LANE USAGE,0,0,0,0,7,4,3,2104,FULLERTON AVE,41.836207,-87.586246,03/20/2024 08:47:00 AM,2024
CR00031355,01/21/2023 05:01:00 PM,40,FREEZING RAIN/DRIZZLE,DAYLIGHT,REAR END,T-INTERSECTION,NO CONTROLS,WEATHER,UNABLE TO DETERMINE,0,0,2,2,17,7,1,457,MILWAUKEE AVE,41.86027,-87.741673,01/21/2023 06:28:00 PM,2023
CR00031356,10/23/2022 03:50:00 PM,30,SNOW,DARKNESS - LIGHTED ROAD,TURNING,FOUR WAY,STOP SIGN/FLASHER,FAILING TO REDUCE SPEED,FAILING TO YIELD RIGHT-OF-WAY,0,2,1,3,15,1,10,1705,STATE ST,41.824577,-87.762867,10/23/2022 04:30:00 PM,2022
CR00031357,08/22/2019 07:47:00 AM,20,RAIN,DUSK,SIDESWIPE SAME DIRECTION,NOT DIVIDED,UNKNOWN,IMPROPER OVERTAKING/PASSING,NOT APPLICABLE,0,0,0,0,7,5,8,444,WESTERN AVE,41.843973,-87.516287,08/22/2019 08:59:00 AM,2019
CR00031358,05/01/2022 09:15:00 AM,35,CLEAR,DUSK,REAR TO FRONT,NOT DIVIDED,NO CONTROLS,DISREGARDING TRAFFIC SIGNALS,FOLLOWING TOO CLOSELY,0,0,0,0,9,1,5,217,ROOSEVELT RD,41.99817,-87.830488,05/01/2022 10:13:00 AM,2022
CR00031359,07/13/2024 03:47:00 AM,20,CLEAR,DARKNESS - LIGHTED ROAD,REAR END,ONE-WAY,NO CONTROLS,DISTRACTION - FROM INSIDE VEHICLE,UNABLE TO DETERMINE,0,0,0,0,3,7,7,606,STONY ISLAND AVE,41.970996,-87.509293,07/13/2024 05:17:00 AM,2024
CR00031360,10/17/2016 10:38:00 AM,40,CLEAR,DARKNESS - LIGHTED ROAD,FIXED OBJECT,NOT DIVIDED,NO CONTROLS,FAILING TO YIELD RIGHT-OF-WAY,UNABLE TO DETERMINE,0,0,0,0,10,2,10,1216,79TH ST,41.880896,-87.689332,10/17/2016 12:16:00 PM,2016
CR00031361,06/16/2021 01:00:00 AM,15,CLEAR,DAYLIGHT,SIDESWIPE SAME DIRECTION,DIVIDED - W/MEDIAN BARRIER,NO CONTROLS,UNABLE TO DETERMINE,UNABLE TO DETERMINE,0,0,0,0,1,4,6,606,CALIFORNIA AVE,41.865662,-87.64102,06/16/2021 02:55:00 AM,2021
CR00031362,03/07/2015 08:56:00 PM,40,CLEAR,DAYLIGHT,FIXED OBJECT,NOT DIVIDED,UNKNOWN,DISTRACTION - FROM INSIDE VEHICLE,NOT APPLICABLE,0,0,0,0,20,7,3,2491,WESTERN AVE,41.912988,-87.619801,03/07/2015 08:57:00 PM,2015
CR00031363,09/01/2016 11:15:00 AM,15,FREEZING RAIN/DRIZZLE,DARKNESS - LIGHTED ROAD,REAR END,DIVIDED - W/MEDIAN BARRIER,STOP SIGN/FLASHER,FOLLOWING TOO CLOSELY,DISTRACTION - FROM INSIDE VEHICLE,0,0,0,0,11,5,9,1179,PULASKI RD,41.798872,-87.675238,09/01/2016 01:03:00 PM,2016
CR00031364,02/14/2015 06:34:00 PM,35,CLOUDY/OVERCAST,DAYLIGHT,PEDESTRIAN,DIVIDED - W/MEDIAN (NOT RAISED),NO CONTROLS,UNABLE TO DETERMINE,FAILING TO REDUCE SPEED,0,0,1,1,18,7,2,943,STATE ST,41.924946,-87.711514,02/14/2015 07:25:00 PM,2015
CR00031365,05/02/2023 09:09:00 PM,45,CLEAR,DAYLIGHT,SIDESWIPE SAME DIRECTION,DIVIDED - W/MEDIAN (NOT RAISED),TRAFFIC SIGNAL,DRIVING SKILLS/KNOWLEDGE/EXPERIENCE,NOT APPLICABLE,0,1,1,2,21,3,5,1146,47TH ST,41.859842,-87.737486,05/02/2023 10:51:00 PM,2023
CR00031366,08/06/2020 06:50:00 PM,35,RAIN,DAYLIGHT,SIDESWIPE SAME DIRECTION,NOT DIVIDED,NO CONTROLS,UNABLE TO DETERMINE,FAILING TO YIELD RIGHT-OF-WAY,0,0,0,0,18,5,8,704,MICHIGAN AVE,41.790208,-87.63279,08/06/2020 07:29:00 PM,2020
CR00031367,08/10/2021 06:44:00 AM,35,RAIN,DAYLIGHT,TURNING,T-INTERSECTION,TRAFFIC SIGNAL,UNABLE TO DETERMINE,IMPROPER OVERTAKING/PASSING,0,0,3,3,6,3,8,1444,63RD ST,41.935978,-87.595178,08/10/2021 07:24:00 AM,2021
CR00031368,05/06/2018 07:22:00 PM,30,CLEAR,DARKNESS - LIGHTED ROAD,REAR END,DIVIDED - W/MEDIAN (NOT RAISED),STOP SIGN/FLASHER,DISREGARDING TRAFFIC SIGNALS,FOLLOWING TOO CLOSELY,0,0,0,0,19,1,5,934,LAKE SHORE DR,41.916664,-87.76001,05/06/2018 09:18:00 PM,2018
CR00031369,01/25/2023 08:41:00 AM,30,CLEAR,DAYLIGHT,REAR END,DIVIDED - W/MEDIAN (NOT RAISED),TRAFFIC SIGNAL,IMPROPER LANE USAGE,DRIVING SKILLS/KNOWLEDGE/EXPERIENCE,0,0,0,0,8,4,1,2268,WESTERN AVE,41.817123,-87.560366,01/25/2023 10:01:00 AM,2023
CR00031370,09/15/2019 01:43:00 AM,30,FREEZING RAIN/DRIZZLE,DARKNESS - LIGHTED ROAD,TURNING,DIVIDED - W/MEDIAN (NOT RAISED),STOP SIGN/FLASHER,FAILING TO YIELD RIGHT-OF-WAY,UNABLE TO DETERMINE,0,0,0,0,1,1,9,1656,DIVISION ST,41.972014,-87.622435,09/15/2019 02:19:00 AM,2019
CR00031371,05/17/2024 11:50:00 AM,20,CLOUDY/OVERCAST,DARKNESS - LIGHTED ROAD,FIXED OBJECT,NOT DIVIDED,TRAFFIC SIGNAL,IMPROPER LANE USAGE,IMPROPER LANE USAGE,0,0,0,0,11,6,5,1228,LAKE SHORE DR,41.890704,-87.566598,05/17/2024 12:34:00 PM,2024
CR00031372,01/04/2017 04:25:00 AM,25,CLEAR,DAYLIGHT,TURNING,NOT DIVIDED,UNKNOWN,DISREGARDING TRAFFIC SIGNALS,NOT APPLICABLE,0,0,0,0,4,4,1,2059,CICERO AVE,41.932102,-87.616475,01/04/2017 06:10:00 AM,2017
CR00031373,06/02/2018 03:08:00 PM,35,CLEAR,DAYLIGHT,SIDESWIPE SAME DIRECTION,DIVIDED - W/MEDIAN (NOT RAISED),TRAFFIC SIGNAL,IMPROPER OVERTAKING/PASSING,FAILING TO YIELD RIGHT-OF-WAY,0,0,0,0,15,7,6,1920,CLARK ST,41.937121,-87.532261,06/02/2018 04:25:00 PM,2018
CR00031374,02/10/2022 03:27:00 PM,40,CLOUDY/OVERCAST,DAYLIGHT,FIXED OBJECT,NOT DIVIDED,NO CONTROLS,IMPROPER LANE USAGE,FAILING TO REDUCE SPEED,0,0,0,0,15,5,2,2218,CALIFORNIA AVE,41.823939,-87.762313,02/10/2022 04:04:00 PM,2022
CR00031375,10/03/2021 08:04:00 PM,40,CLEAR,DARKNESS - LIGHTED ROAD,ANGLE,ONE-WAY,NO CONTROLS,UNABLE TO DETERMINE,DISTRACTION - FROM INSIDE VEHICLE,0,0,0,0,20,1,10,773,ROOSEVELT RD,41.925052,-87.689605,10/03/2021 09:04:00 PM,2021
CR00031376,05/25/2021 03:18:00 PM,20,CLEAR,DARKNESS - LIGHTED ROAD,TURNING,T-INTERSECTION,NO CONTROLS,FOLLOWING TOO CLOSELY,IMPROPER LANE USAGE,0,0,0,0,15,3,5,1579,MILWAUKEE AVE,41.821211,-87.678463,05/25/2021 04:15:00 PM,2021
CR00031377,04/09/2018 08:09:00 AM,35,SNOW,DUSK,TURNING,DIVIDED - W/MEDIAN (NOT RAISED),TRAFFIC SIGNAL,UNABLE TO DETERMINE,FOLLOWING TOO CLOSELY,0,0,0,0,8,2,4,1440,KEDZIE AVE,41.995353,-87.788529,04/09/2018 09:14:00 AM,2018
CR00031378,03/12/2021 05:47:00 AM,30,RAIN,DARKNESS - LIGHTED ROAD,ANGLE,DIVIDED - W/MEDIAN (NOT RAISED),UNKNOWN,UNABLE TO DETERMINE,FAILING TO YIELD RIGHT-OF-WAY,0,0,0,0,5,6,3,1546,79TH ST,41.98714,-87.513959,03/12/2021 06:16:00 AM,2021
CR00031379,04/02/2021 05:04:00 PM,25,CLEAR,DARKNESS - LIGHTED ROAD,REAR END,ONE-WAY,NO CONTROLS,DISTRACTION - FROM INSIDE VEHICLE,UNABLE TO DETERMINE,0,0,0,0,17,6,4,785,ASHLAND AVE,41.733965,-87.804759,04/02/2021 07:03:00 PM,2021
CR00031380,12/09/2016 07:04:00 AM,30,CLEAR,DAYLIGHT,PARKED MOTOR VEHICLE,NOT DIVIDED,TRAFFIC SIGNAL,FOLLOWING TOO CLOSELY,NOT APPLICABLE,0,0,0,0,7,6,12,1087,BROADWAY,41.914326,-87.687045,12/09/2016 07:15:00 AM,2016
CR00031381,08/01/2023 07:58:00 PM,25,CLEAR,DARKNESS - LIGHTED ROAD,PARKED MOTOR VEHICLE,NOT DIVIDED,TRAFFIC SIGNAL,UNABLE TO DETERMINE,DRIVING SKILLS/KNOWLEDGE/EXPERIENCE,0,0,0,0,19,3,8,2098,HALSTED ST,41.926235,-87.819589,08/01/2023 09:38:00 PM,2023
CR00031382,08/25/2018 06:36:00 PM,20,RAIN,DAYLIGHT,PARKED MOTOR VEHICLE,FOUR WAY,YIELD,UNABLE TO DETERMINE,DISREGARDING TRAFFIC SIGNALS,0,0,0,0,18,7,8,1897,WESTERN AVE,41.82138,-87.816898,08/25/2018 08:01:00 PM,2018
CR00031383,02/24/2024 10:08:00 AM,15,CLEAR,DAYLIGHT,ANGLE,DIVIDED - W/MEDIAN BARRIER,NO CONTROLS,DRIVING SKILLS/KNOWLEDGE/EXPERIENCE,FOLLOWING TOO CLOSELY,0,0,0,0,10,7,2,219,MILWAUKEE AVE,41.956548,-87.643651,02/24/2024 11:43:00 AM,2024
CR00031384,02/21/2021 05:16:00 PM,45,CLEAR,DUSK,PEDESTRIAN,DIVIDED - W/MEDIAN BARRIER,UNKNOWN,UNABLE TO DETERMINE,UNABLE TO DETERMINE,0,0,0,0,17,1,2,996,STONY ISLAND AVE,41.849806,-87.534804,02/21/2021 07:00:00 PM,2021
CR00031385,10/15/2015 06:32:00 AM,35,RAIN,DARKNESS,SIDESWIPE SAME DIRECTION,NOT DIVIDED,NO CONTROLS,FAILING TO YIELD RIGHT-OF-WAY,FAILING TO YIELD RIGHT-OF-WAY,0,0,0,0,6,5,10,1510,CALIFORNIA AVE,41.939712,-87.795592,10/15/2015 07:59:00 AM,2015
CR00031386,03/20/2016 04:08:00 PM,15,CLEAR,DUSK,REAR END,FOUR WAY,NO CONTROLS,FAILING TO YIELD RIGHT-OF-WAY,FOLLOWING TOO CLOSELY,0,0,0,0,16,1,3,784,63RD ST,41.852141,-87.765843,03/20/2016 04:33:00 PM,2016
CR00031387,03/10/2015 11:11:00 PM,30,RAIN,DAYLIGHT,PEDESTRIAN,T-INTERSECTION,TRAFFIC SIGNAL,DISREGARDING TRAFFIC SIGNALS,UNABLE TO DETERMINE,0,0,0,0,23,3,3,597,DIVISION ST,41.868049,-87.522422,03/10/2015 11:57:00 PM,2015
CR00031388,06/18/2019 10:52:00 AM,40,CLOUDY/OVERCAST,DARKNESS - LIGHTED ROAD,TURNING,ONE-WAY,NO CONTROLS,FAILING TO YIELD RIGHT-OF-WAY,FAILING TO YIELD RIGHT-OF-WAY,0,0,0,0,10,3,6,929,MICHIGAN AVE,41.704419,-87.793696,06/18/2019 12:39:00 PM,2019
CR00031389,11/01/2020 07:27:00 AM,35,CLEAR,DARKNESS - LIGHTED ROAD,PARKED MOTOR VEHICLE,NOT DIVIDED,NO CONTROLS,FOLLOWING TOO CLOSELY,FOLLOWING TOO CLOSELY,0,0,0,0,7,1,11,517,OGDEN AVE,41.855828,-87.825391,11/01/2020 08:33:00 AM,2020
CR00031390,01/13/2020 02:58:00 PM,15,CLEAR,DAYLIGHT,REAR END,NOT DIVIDED,NO CONTROLS,DISTRACTION - FROM INSIDE VEHICLE,UNABLE TO DETERMINE,0,0,3,3,14,2,1,1169,47TH ST,41.804274,-87.558135,01/13/2020 04:20:00 PM,2020
CR00031391,07/24/2023 05:59:00 PM,35,CLEAR,DAYLIGHT,PARKED MOTOR VEHICLE,ONE-WAY,NO CONTROLS,FAILING TO YIELD RIGHT-OF-WAY,DISTRACTION - FROM INSIDE VEHICLE,0,0,0,0,17,2,7,228,HALSTED ST,41.766767,-87.831672,07/24/2023 07:39:00 PM,2023
CR00031392,08/05/2019 03:23:00 PM,35,CLEAR,DARKNESS - LIGHTED ROAD,REAR END,NOT DIVIDED,UNKNOWN,UNABLE TO DETERMINE,DRIVING SKILLS/KNOWLEDGE/EXPERIENCE,0,0,0,0,15,2,8,242,MILWAUKEE AVE,41.796192,-87.539916,08/05/2019 05:00:00 PM,2019
CR00031393,01/04/2021 08:39:00 AM,30,CLEAR,DARKNESS - LIGHTED ROAD,PARKED MOTOR VEHICLE,NOT DIVIDED,NO CONTROLS,FOLLOWING TOO CLOSELY,DRIVING SKILLS/KNOWLEDGE/EXPERIENCE,0,0,0,0,8,2,1,1050,LAKE SHORE DR,41.900387,-87.729628,01/04/2021 09:44:00 AM,2021
CR00031394,04/10/2015 06:02:00 PM,35,CLOUDY/OVERCAST,DARKNESS - LIGHTED ROAD,REAR END,DIVIDED - W/MEDIAN (NOT RAISED),NO CONTROLS,UNABLE TO DETERMINE,FOLLOWING TOO CLOSELY,0,0,0,0,18,6,4,1445,FULLERTON AVE,41.879359,-87.772572,04/10/2015 07:11:00 PM,2015
CR00031395,12/03/2021 05:56:00 PM,30,CLEAR,DAYLIGHT,REAR END,NOT DIVIDED,NO CONTROLS,UNABLE TO DETERMINE,FOLLOWING TOO CLOSELY,0,0,0,0,17,6,12,448,OGDEN AVE,41.890403,-87.689147,12/03/2021 07:16:00 PM,2021
CR00031396,08/10/2023 01:48:00 PM,20,CLOUDY/OVERCAST,DAYLIGHT,REAR END,ONE-WAY,NO CONTROLS,DRIVING SKILLS/KNOWLEDGE/EXPERIENCE,UNABLE TO DETERMINE,0,0,0,0,13,5,8,1904,FULLERTON AVE,41.949248,-87.699543,08/10/2023 02:23:00 PM,2023
CR00031397,11/12/2023 07:25:00 AM,35,RAIN,DAYLIGHT,TURNING,DIVIDED - W/MEDIAN BARRIER,UNKNOWN,UNABLE TO DETERMINE,DISTRACTION - FROM INSIDE VEHICLE,0,0,0,0,7,1,11,1580,ROOSEVELT RD,41.74547,-87.617745,11/12/2023 07:33:00 AM,2023
CR00031398,12/30/2018 08:55:00 AM,45,RAIN,DAYLIGHT,TURNING,DIVIDED - W/MEDIAN (NOT RAISED),TRAFFIC SIGNAL,IMPROPER LANE USAGE,FAILING TO YIELD RIGHT-OF-WAY,0,0,0,0,8,1,12,117,KEDZIE AVE,41.712687,-87.789193,12/30/2018 09:56:00 AM,2018
CR00031399,08/05/2020 09:05:00 AM,45,CLEAR,DARKNESS - LIGHTED ROAD,REAR END,NOT DIVIDED,NO CONTROLS,UNABLE TO DETERMINE,UNABLE TO DETERMINE,0,0,0,0,9,4,8,1247,LAKE SHORE DR,41.95202,-87.557855,08/05/2020 09:14:00 AM,2020
CR00031400,12/05/2021 01:38:00 AM,20,CLEAR,DARKNESS - LIGHTED ROAD,TURNING,FOUR WAY,NO CONTROLS,DISREGARDING TRAFFIC SIGNALS,NOT APPLICABLE,0,0,0,0,1,1,12,231,DIVISION ST,41.968798,-87.523984,12/05/2021 02:57:00 AM,2021
CR00031401,09/15/2021 12:21:00 PM,30,SNOW,DAYLIGHT,PEDESTRIAN,ONE-WAY,TRAFFIC SIGNAL,FAILING TO YIELD RIGHT-OF-WAY,NOT APPLICABLE,0,0,0,0,12,4,9,1189,BROADWAY,41.826511,-87.591801,09/15/2021 12:47:00 PM,2021
CR00031402,02/06/2024 11:11:00 AM,40,CLEAR,DAYLIGHT,PARKED MOTOR VEHICLE,DIVIDED - W/MEDIAN (NOT RAISED),STOP SIGN/FLASHER,FAILING TO REDUCE SPEED,IMPROPER OVERTAKING/PASSING,0,0,0,0,11,3,2,642,CALIFORNIA AVE,41.889313,-87.555809,02/06/2024 11:35:00 AM,2024
CR00031403,12/31/2024 03:40:00 PM,35,CLEAR,DAYLIGHT,REAR END,NOT DIVIDED,NO CONTROLS,FAILING TO YIELD RIGHT-OF-WAY,DISTRACTION - FROM INSIDE VEHICLE,0,1,2,3,15,3,12,407,ELSTON AVE,41.716124,-87.691729,12/31/2024 04:38:00 PM,2024
CR00031404,04/23/2017 05:41:00 AM,30,CLEAR,DAYLIGHT,REAR END,T-INTERSECTION,TRAFFIC SIGNAL,DRIVING SKILLS/KNOWLEDGE/EXPERIENCE,FOLLOWING TOO CLOSELY,0,0,0,0,5,1,4,807,ASHLAND AVE,41.811104,-87.768534,04/23/2017 07:40:00 AM,2017
CR00031405,02/18/2021 10:04:00 PM,20,CLEAR,DAYLIGHT,TURNING,ONE-WAY,NO CONTROLS,UNABLE TO DETERMINE,IMPROPER LANE USAGE,0,0,0,0,22,5,2,768,79TH ST,41.751025,-87.816495,02/18/2021 11:12:00 PM,2021
CR00031406,05/17/2016 07:55:00 AM,20,CLEAR,DARKNESS,REAR END,DIVIDED - W/MEDIAN BARRIER,NO CONTROLS,FAILING TO REDUCE SPEED,NOT APPLICABLE,0,0,0,0,7,3,5,1166,HALSTED ST,41.920025,-87.832129,05/17/2016 08:44:00 AM,2016
CR00031407,12/19/2018 09:50:00 PM,30,CLEAR,DARKNESS - LIGHTED ROAD,TURNING,NOT DIVIDED,STOP SIGN/FLASHER,UNABLE TO DETERMINE,FOLLOWING TOO CLOSELY,0,0,0,0,21,4,12,2045,CLARK ST,41.823154,-87.576454,12/19/2018 10:03:00 PM,2018
CR00031408,02/26/2022 09:52:00 AM,15,CLEAR,DARKNESS - LIGHTED ROAD,ANGLE,NOT DIVIDED,UNKNOWN,UNABLE TO DETERMINE,FAILING TO REDUCE SPEED,0,1,1,2,9,7,2,1325,CLARK ST,41.809056,-87.530459,02/26/2022 11:50:00 AM,2022
CR00031409,10/02/2021 06:33:00 PM,30,CLOUDY/OVERCAST,DAYLIGHT,SIDESWIPE SAME DIRECTION,DIVIDED - W/MEDIAN (NOT RAISED),STOP SIGN/FLASHER,UNABLE TO DETERMINE,IMPROPER LANE USAGE,0,0,1,1,18,7,10,1943,BROADWAY,41.93479,-87.764869,10/02/2021 08:20:00 PM,2021
CR00031410,03/16/2020 07:14:00 AM,40,CLEAR,DUSK,TURNING,NOT DIVIDED,STOP SIGN/FLASHER,DISREGARDING TRAFFIC SIGNALS,NOT APPLICABLE,0,0,0,0,7,2,3,996,47TH ST,41.800617,-87.816719,03/16/2020 07:21:00 AM,2020
CR00031411,10/07/2021 03:16:00 PM,30,CLEAR,DARKNESS,TURNING,NOT DIVIDED,TRAFFIC SIGNAL,UNABLE TO DETERMINE,FOLLOWING TOO CLOSELY,0,0,0,0,15,5,10,1772,ARCHER AVE,41.703101,-87.619597,10/07/2021 05:09:00 PM,2021
CR00031412,05/03/2023 02:27:00 PM,15,CLOUDY/OVERCAST,DARKNESS - LIGHTED ROAD,SIDESWIPE SAME DIRECTION,DIVIDED - W/MEDIAN (NOT RAISED),NO CONTROLS,DRIVING SKILLS/KNOWLEDGE/EXPERIENCE,FAILING TO REDUCE SPEED,0,0,0,0,14,4,5,738,CICERO AVE,41.887717,-87.51454,05/03/2023 02:38:00 PM,2023
CR00031413,12/10/2016 01:41:00 PM,45,CLEAR,DARKNESS - LIGHTED ROAD,PARKED MOTOR VEHICLE,T-INTERSECTION,TRAFFIC SIGNAL,IMPROPER LANE USAGE,DISTRACTION - FROM INSIDE VEHICLE,0,0,0,0,13,7,12,1757,ELSTON AVE,41.842945,-87.559035,12/10/2016 02:51:00 PM,2016
CR00031414,10/05/2015 03:34:00 PM,30,CLEAR,DAYLIGHT,REAR END,T-INTERSECTION,NO CONTROLS,FOLLOWING TOO CLOSELY,FOLLOWING TOO CLOSELY,0,0,0,0,15,2,10,498,79TH ST,41.901939,-87.539716,10/05/2015 04:52:00 PM,2015
CR00031415,12/19/2019 09:32:00 AM,45,SNOW,DAYLIGHT,SIDESWIPE SAME DIRECTION,DIVIDED - W/MEDIAN (NOT RAISED),NO CONTROLS,FAILING TO YIELD RIGHT-OF-WAY,FAILING TO YIELD RIGHT-OF-WAY,0,0,2,2,9,5,12,677,BROADWAY,41.991219,-87.765107,12/19/2019 10:28:00 AM,2019
CR00031416,11/11/2022 06:28:00 PM,40,CLEAR,DAYLIGHT,ANGLE,NOT DIVIDED,TRAFFIC SIGNAL,FOLLOWING TOO CLOSELY,FAILING TO REDUCE SPEED,0,0,0,0,18,6,11,1135,CICERO AVE,41.714714,-87.547634,11/11/2022 07:17:00 PM,2022
CR00031417,04/22/2024 06:42:00 PM,45,CLEAR,DAYLIGHT,ANGLE,NOT DIVIDED,STOP SIGN/FLASHER,WEATHER,FAILING TO YIELD RIGHT-OF-WAY,0,0,0,0,18,2,4,1570,ARCHER AVE,41.860204,-87.692881,04/22/2024 08:02:00 PM,2024
CR00031418,09/03/2024 03:41:00 AM,15,CLEAR,DAYLIGHT,PARKED MOTOR VEHICLE,DIVIDED - W/MEDIAN (NOT RAISED),UNKNOWN,UNABLE TO DETERMINE,UNABLE TO DETERMINE,0,0,1,1,3,3,9,801,OGDEN AVE,41.732918,-87.631481,09/03/2024 04:59:00 AM,2024
CR00031419,10/07/2018 12:27:00 PM,30,FOG/SMOKE/HAZE,DAYLIGHT,TURNING,DIVIDED - W/MEDIAN BARRIER,NO CONTROLS,UNABLE TO DETERMINE,UNABLE TO DETERMINE,0,0,0,0,12,1,10,469,ELSTON AVE,41.778542,-87.646285,10/07/2018 12:52:00 PM,2018
CR00031420,10/18/2023 09:44:00 AM,20,SNOW,DARKNESS - LIGHTED ROAD,REAR END,DIVIDED - W/MEDIAN (NOT RAISED),TRAFFIC SIGNAL,FAILING TO YIELD RIGHT-OF-WAY,UNABLE TO DETERMINE,0,0,0,0,9,4,10,367,CALIFORNIA AVE,41.921948,-87.576565,10/18/2023 10:28:00 AM,2023
CR00031421,07/21/2022 12:44:00 AM,25,CLEAR,DARKNESS - LIGHTED ROAD,TURNING,DIVIDED - W/MEDIAN BARRIER,NO CONTROLS,DISREGARDING TRAFFIC SIGNALS,FAILING TO REDUCE SPEED,0,0,0,0,0,5,7,1542,ASHLAND AVE,41.752817,-87.612337,07/21/2022 01:43:00 AM,2022
CR00031422,07/26/2015 11:44:00 PM,25,CLEAR,DAYLIGHT,SIDESWIPE SAME DIRECTION,NOT DIVIDED,UNKNOWN,UNABLE TO DETERMINE,IMPROPER LANE USAGE,0,0,1,1,23,1,7,2391,FULLERTON AVE,41.875642,-87.616338,07/26/2015 11:51:00 PM,2015
CR00031423,03/09/2016 11:30:00 AM,30,CLEAR,DUSK,PARKED MOTOR VEHICLE,NOT DIVIDED,NO CONTROLS,FOLLOWING TOO CLOSELY,FAILING TO REDUCE SPEED,0,0,0,0,11,4,3,175,FULLERTON AVE,41.794283,-87.849803,03/09/2016 11:38:00 AM,2016
CR00031424,12/11/2019 06:26:00 PM,30,CLEAR,DAYLIGHT,SIDESWIPE SAME DIRECTION,NOT DIVIDED,STOP SIGN/FLASHER,UNABLE TO DETERMINE,NOT APPLICABLE,0,0,0,0,18,4,12,2431,47TH ST,41.791564,-87.701174,12/11/2019 08:15:00 PM,2019
CR00031425,01/17/2024 12:59:00 PM,30,CLEAR,DARKNESS - LIGHTED ROAD,SIDESWIPE SAME DIRECTION,DIVIDED - W/MEDIAN (NOT RAISED),STOP SIGN/FLASHER,IMPROPER LANE USAGE,IMPROPER OVERTAKING/PASSING,0,0,3,3,12,4,1,1002,PULASKI RD,41.991729,-87.59627,01/17/2024 02:50:00 PM,2024
CR00031426,05/04/2018 11:59:00 PM,40,CLEAR,DAYLIGHT,TURNING,ONE-WAY,STOP SIGN/FLASHER,IMPROPER LANE USAGE,NOT APPLICABLE,0,0,0,0,23,6,5,1438,DAMEN AVE,41.767639,-87.725752,05/05/2018 01:49:00 AM,2018
CR00031427,06/11/2017 01:23:00 PM,35,CLOUDY/OVERCAST,DARKNESS - LIGHTED ROAD,REAR END,NOT DIVIDED,TRAFFIC SIGNAL,DRIVING SKILLS/KNOWLEDGE/EXPERIENCE,NOT APPLICABLE,0,0,0,0,13,1,6,786,CLARK ST,41.926926,-87.622982,06/11/2017 01:29:00 PM,2017
CR00031428,01/16/2024 10:18:00 AM,40,CLEAR,DAYLIGHT,TURNING,NOT DIVIDED,NO CONTROLS,FAILING TO YIELD RIGHT-OF-WAY,FAILING TO YIELD RIGHT-OF-WAY,0,0,0,0,10,3,1,1965,ROOSEVELT RD,41.707971,-87.528955,01/16/2024 11:42:00 AM,2024
CR00031429,08/25/2024 01:43:00 PM,45,CLEAR,DAYLIGHT,ANGLE,DIVIDED - W/MEDIAN (NOT RAISED),TRAFFIC SIGNAL,FAILING TO REDUCE SPEED,NOT APPLICABLE,0,0,0,0,13,1,8,1674,CLARK ST,41.792983,-87.69692,08/25/2024 02:23:00 PM,2024