CRASH_RECORD_ID,CRASH_DATE,POSTED_SPEED_LIMIT,WEATHER_CONDITION,LIGHTING_CONDITION,FIRST_CRASH_TYPE,TRAFFICWAY_TYPE,TRAFFIC_CONTROL_DEVICE,PRIM_CONTRIBUTORY_CAUSE,SEC_CONTRIBUTORY_CAUSE,INJURIES_FATAL,INJURIES_INCAPACITATING,INJURIES_NON_INCAPACITATING,INJURIES_TOTAL,CRASH_HOUR,CRASH_DAY_OF_WEEK,CRASH_MONTH,BEAT_OF_OCCURRENCE,STREET_NAME,LATITUDE,LONGITUDE,DATE_POLICE_NOTIFIED,year
CR00031430,01/30/2019 12:51:00 PM,35,CLEAR,DAYLIGHT,REAR END,NOT DIVIDED,TRAFFIC SIGNAL,UNABLE TO DETERMINE,UNABLE TO DETERMINE,0,0,0,0,12,4,1,1506,LAKE SHORE DR,41.912319,-87.550533,01/30/2019 01:28:00 PM,2019
CR00031431,01/20/2016 06:09:00 PM,40,RAIN,DAYLIGHT,REAR END,NOT DIVIDED,NO CONTROLS,UNABLE TO DETERMINE,FAILING TO REDUCE SPEED,0,0,0,0,18,4,1,172,PULASKI RD,41.764699,-87.721575,01/20/2016 06:17:00 PM,2016
CR00031432,04/03/2020 10:10:00 PM,35,CLOUDY/OVERCAST,DAYLIGHT,SIDESWIPE SAME DIRECTION,DIVIDED - W/MEDIAN BARRIER,TRAFFIC SIGNAL,FOLLOWING TOO CLOSELY,UNABLE TO DETERMINE,0,0,0,0,22,6,4,1953,CICERO AVE,41.86575,-87.509749,04/03/2020 10:18:00 PM,2020
CR00031433,10/04/2024 08:29:00 AM,35,CLEAR,DAYLIGHT,REAR END,NOT DIVIDED,NO CONTROLS,DRIVING SKILLS/KNOWLEDGE/EXPERIENCE,FAILING TO YIELD RIGHT-OF-WAY,0,0,2,2,8,6,10,1317,47TH ST,41.853766,-87.841743,10/04/2024 08:57:00 AM,2024
CR00031434,12/23/2017 05:18:00 PM,35,CLEAR,DAYLIGHT,ANGLE,ONE-WAY,NO CONTROLS,UNABLE TO DETERMINE,NOT APPLICABLE,0,0,1,1,17,7,12,359,ARCHER AVE,41.941499,-87.731993,12/23/2017 06:04:00 PM,2017
CR00031435,07/31/2024 07:03:00 AM,30,CLEAR,DARKNESS - LIGHTED ROAD,TURNING,FOUR WAY,TRAFFIC SIGNAL,FAILING TO YIELD RIGHT-OF-WAY,NOT APPLICABLE,0,0,0,0,7,4,7,465,STONY ISLAND AVE,41.95094,-87.609376,07/31/2024 08:21:00 AM,2024
CR00031436,01/04/2017 06:05:00 PM,15,CLEAR,DAYLIGHT,PARKED MOTOR VEHICLE,T-INTERSECTION,TRAFFIC SIGNAL,DRIVING SKILLS/KNOWLEDGE/EXPERIENCE,DISREGARDING TRAFFIC SIGNALS,0,0,0,0,18,4,1,1734,CALIFORNIA AVE,41.847322,-87.681522,01/04/2017 07:31:00 PM,2017
CR00031437,05/15/2018 08:57:00 PM,15,CLEAR,DAYLIGHT,REAR END,DIVIDED - W/MEDIAN BARRIER,TRAFFIC SIGNAL,FOLLOWING TOO CLOSELY,FOLLOWING TOO CLOSELY,0,0,0,0,20,3,5,1046,WESTERN AVE,41.880555,-87.796943,05/15/2018 10:25:00 PM,2018
CR00031438,10/21/2017 07:28:00 AM,30,CLEAR,DAYLIGHT,TURNING,DIVIDED - W/MEDIAN BARRIER,TRAFFIC SIGNAL,DRIVING SKILLS/KNOWLEDGE/EXPERIENCE,FAILING TO YIELD RIGHT-OF-WAY,0,0,0,0,7,7,10,1458,PULASKI RD,41.705002,-87.809631,10/21/2017 08:16:00 AM,2017
CR00031439,03/02/2021 04:07:00 PM,35,CLEAR,DAYLIGHT,FIXED OBJECT,T-INTERSECTION,NO CONTROLS,FAILING TO REDUCE SPEED,UNABLE TO DETERMINE,0,0,0,0,16,3,3,774,FULLERTON AVE,41.785529,-87.802757,03/02/2021 05:54:00 PM,2021
CR00031440,12/16/2019 11:13:00 PM,30,CLEAR,DARKNESS - LIGHTED ROAD,SIDESWIPE SAME DIRECTION,NOT DIVIDED,TRAFFIC SIGNAL,FOLLOWING TOO CLOSELY,UNABLE TO DETERMINE,0,0,0,0,23,2,12,1793,MICHIGAN AVE,41.838817,-87.821664,12/17/2019 12:38:00 AM,2019
CR00031441,08/23/2017 08:59:00 PM,30,RAIN,DAYLIGHT,SIDESWIPE SAME DIRECTION,NOT DIVIDED,NO CONTROLS,FOLLOWING TOO CLOSELY,FAILING TO YIELD RIGHT-OF-WAY,0,0,0,0,20,4,8,354,ROOSEVELT RD,41.797081,-87.685928,08/23/2017 09:10:00 PM,2017
CR00031442,06/12/2017 02:31:00 PM,15,CLEAR,DARKNESS,REAR TO FRONT,ONE-WAY,TRAFFIC SIGNAL,FOLLOWING TOO CLOSELY,NOT APPLICABLE,0,0,0,0,14,2,6,1366,63RD ST,41.962352,-87.591721,06/12/2017 03:05:00 PM,2017
CR00031443,06/24/2022 04:33:00 PM,30,CLOUDY/OVERCAST,DARKNESS - LIGHTED ROAD,ANGLE,ONE-WAY,UNKNOWN,DRIVING SKILLS/KNOWLEDGE/EXPERIENCE,UNABLE TO DETERMINE,0,0,0,0,16,6,6,998,CALIFORNIA AVE,41.760325,-87.649386,06/24/2022 04:57:00 PM,2022
CR00031444,04/12/2018 07:25:00 PM,20,CLEAR,DARKNESS - LIGHTED ROAD,TURNING,ONE-WAY,YIELD,FOLLOWING TOO CLOSELY,IMPROPER LANE USAGE,0,0,0,0,19,5,4,2258,HALSTED ST,41.821409,-87.52953,04/12/2018 08:18:00 PM,2018
CR00031445,10/17/2022 11:28:00 AM,15,RAIN,DAYLIGHT,PARKED MOTOR VEHICLE,FOUR WAY,TRAFFIC SIGNAL,IMPROPER LANE USAGE,NOT APPLICABLE,0,0,3,3,11,2,10,1003,LAKE SHORE DR,41.800087,-87.588283,10/17/2022 12:29:00 PM,2022
CR00031446,03/12/2017 05:12:00 AM,35,RAIN,DARKNESS - LIGHTED ROAD,REAR END,ONE-WAY,YIELD,FAILING TO YIELD RIGHT-OF-WAY,NOT APPLICABLE,0,0,0,0,5,1,3,587,STATE ST,41.834207,-87.689251,03/12/2017 05:52:00 AM,2017
CR00031447,01/07/2024 05:37:00 PM,30,CLEAR,DAYLIGHT,REAR END,ONE-WAY,NO CONTROLS,FOLLOWING TOO CLOSELY,FOLLOWING TOO CLOSELY,0,0,0,0,17,1,1,1497,MILWAUKEE AVE,41.920849,-87.647516,01/07/2024 07:09:00 PM,2024
CR00031448,06/17/2019 06:44:00 PM,20,CLOUDY/OVERCAST,DAYLIGHT,REAR END,DIVIDED - W/MEDIAN (NOT RAISED),STOP SIGN/FLASHER,FAILING TO YIELD RIGHT-OF-WAY,IMPROPER LANE USAGE,0,0,0,0,18,2,6,2150,LAKE SHORE DR,41.929306,-87.660487,06/17/2019 08:34:00 PM,2019
CR00031449,11/25/2017 04:55:00 PM,30,CLOUDY/OVERCAST,DAYLIGHT,PARKED MOTOR VEHICLE,ONE-WAY,NO CONTROLS,DISTRACTION - FROM INSIDE VEHICLE,WEATHER,0,0,0,0,16,7,11,1546,MILWAUKEE AVE,41.791488,-87.558458,11/25/2017 05:32:00 PM,2017
CR00031450,10/01/2017 12:32:00 PM,20,SNOW,DAYLIGHT,FIXED OBJECT,NOT DIVIDED,STOP SIGN/FLASHER,DRIVING SKILLS/KNOWLEDGE/EXPERIENCE,FOLLOWING TOO CLOSELY,0,0,0,0,12,1,10,1497,CLARK ST,41.764102,-87.829941,10/01/2017 02:19:00 PM,2017
CR00031451,11/22/2022 09:48:00 AM,30,CLOUDY/OVERCAST,DAYLIGHT,ANGLE,DIVIDED - W/MEDIAN (NOT RAISED),NO CONTROLS,UNABLE TO DETERMINE,FAILING TO YIELD RIGHT-OF-WAY,0,0,3,3,9,3,11,842,BROADWAY,41.955497,-87.803275,11/22/2022 10:33:00 AM,2022
CR00031452,11/12/2017 01:11:00 PM,20,CLEAR,DAYLIGHT,TURNING,ONE-WAY,NO CONTROLS,UNABLE TO DETERMINE,FOLLOWING TOO CLOSELY,0,0,0,0,13,1,11,1213,STONY ISLAND AVE,41.957579,-87.728112,11/12/2017 02:30:00 PM,2017
CR00031453,11/20/2015 08:43:00 AM,20,CLEAR,DAYLIGHT,ANGLE,NOT DIVIDED,TRAFFIC SIGNAL,IMPROPER LANE USAGE,FOLLOWING TOO CLOSELY,0,0,0,0,8,6,11,2474,PULASKI RD,41.783487,-87.543279,11/20/2015 09:19:00 AM,2015
CR00031454,02/24/2019 07:42:00 AM,15,SNOW,DAYLIGHT,REAR END,T-INTERSECTION,TRAFFIC SIGNAL,DISTRACTION - FROM INSIDE VEHICLE,DISTRACTION - FROM INSIDE VEHICLE,0,0,1,1,7,1,2,591,DIVISION ST,41.98297,-87.811078,02/24/2019 07:50:00 AM,2019
CR00031455,08/03/2022 09:06:00 PM,30,SNOW,DARKNESS,TURNING,NOT DIVIDED,STOP SIGN/FLASHER,FAILING TO YIELD RIGHT-OF-WAY,DRIVING SKILLS/KNOWLEDGE/EXPERIENCE,0,0,0,0,21,4,8,2208,BROADWAY,41.966807,-87.549004,08/03/2022 10:22:00 PM,2022
CR00031456,04/06/2017 05:34:00 PM,45,CLEAR,DAYLIGHT,PEDESTRIAN,DIVIDED - W/MEDIAN (NOT RAISED),NO CONTROLS,IMPROPER OVERTAKING/PASSING,IMPROPER OVERTAKING/PASSING,0,0,0,0,17,5,4,425,CICERO AVE,41.746277,-87.746714,04/06/2017 06:15:00 PM,2017
CR00031457,02/04/2022 03:41:00 PM,40,RAIN,DARKNESS,SIDESWIPE SAME DIRECTION,FOUR WAY,TRAFFIC SIGNAL,FAILING TO REDUCE SPEED,NOT APPLICABLE,0,0,1,1,15,6,2,1558,LAKE SHORE DR,41.765852,-87.563381,02/04/2022 05:11:00 PM,2022
CR00031458,06/18/2022 08:05:00 AM,35,CLEAR,DAYLIGHT,TURNING,FOUR WAY,UNKNOWN,IMPROPER LANE USAGE,FOLLOWING TOO CLOSELY,0,0,0,0,8,7,6,2526,CLARK ST,41.846671,-87.508722,06/18/2022 08:30:00 AM,2022
CR00031459,05/09/2021 03:34:00 AM,30,CLEAR,DAYLIGHT,REAR END,NOT DIVIDED,NO CONTROLS,FAILING TO YIELD RIGHT-OF-WAY,IMPROPER LANE USAGE,0,0,2,2,3,1,5,463,FULLERTON AVE,41.946727,-87.784594,05/09/2021 03:54:00 AM,2021
CR00031460,03/26/2021 08:13:00 PM,30,SNOW,DAYLIGHT,PEDESTRIAN,NOT DIVIDED,TRAFFIC SIGNAL,FAILING TO YIELD RIGHT-OF-WAY,IMPROPER OVERTAKING/PASSING,0,0,0,0,20,6,3,2405,HALSTED ST,41.954456,-87.538044,03/26/2021 09:09:00 PM,2021
CR00031461,05/12/2024 01:00:00 PM,15,SNOW,DARKNESS - LIGHTED ROAD,SIDESWIPE SAME DIRECTION,DIVIDED - W/MEDIAN BARRIER,UNKNOWN,FOLLOWING TOO CLOSELY,FOLLOWING TOO CLOSELY,0,0,0,0,13,1,5,1479,LAKE SHORE DR,41.912647,-87.752474,05/12/2024 01:57:00 PM,2024
CR00031462,06/25/2021 08:37:00 AM,45,SNOW,DARKNESS - LIGHTED ROAD,TURNING,NOT DIVIDED,TRAFFIC SIGNAL,UNABLE TO DETERMINE,DRIVING SKILLS/KNOWLEDGE/EXPERIENCE,0,0,0,0,8,6,6,1842,BROADWAY,41.922407,-87.789309,06/25/2021 10:18:00 AM,2021
CR00031463,02/26/2016 11:59:00 PM,20,CLEAR,DAYLIGHT,REAR END,NOT DIVIDED,STOP SIGN/FLASHER,UNABLE TO DETERMINE,NOT APPLICABLE,0,0,0,0,23,6,2,441,79TH ST,41.932462,-87.712389,02/27/2016 01:57:00 AM,2016
CR00031464,09/30/2023 12:37:00 AM,30,CLEAR,DAYLIGHT,FIXED OBJECT,NOT DIVIDED,TRAFFIC SIGNAL,IMPROPER OVERTAKING/PASSING,FOLLOWING TOO CLOSELY,0,0,0,0,0,7,9,2285,WESTERN AVE,41.711944,-87.779419,09/30/2023 02:02:00 AM,2023
CR00031465,12/26/2023 10:25:00 AM,30,CLEAR,DAYLIGHT,REAR END,FOUR WAY,NO CONTROLS,FAILING TO YIELD RIGHT-OF-WAY,FAILING TO REDUCE SPEED,0,0,0,0,10,3,12,2239,MILWAUKEE AVE,41.833461,-87.713472,12/26/2023 11:53:00 AM,2023
CR00031466,04/19/2016 06:21:00 PM,45,CLEAR,DAYLIGHT,REAR END,FOUR WAY,TRAFFIC SIGNAL,FAILING TO YIELD RIGHT-OF-WAY,IMPROPER OVERTAKING/PASSING,0,0,0,0,18,3,4,1581,CICERO AVE,41.932529,-87.83106,04/19/2016 06:31:00 PM,2016
CR00031467,03/06/2019 09:28:00 AM,30,CLEAR,DAYLIGHT,PEDESTRIAN,DIVIDED - W/MEDIAN (NOT RAISED),NO CONTROLS,UNABLE TO DETERMINE,NOT APPLICABLE,0,0,0,0,9,4,3,688,KEDZIE AVE,41.855381,-87.554535,03/06/2019 10:23:00 AM,2019
CR00031468,12/17/2018 10:04:00 AM,40,RAIN,DAYLIGHT,TURNING,FOUR WAY,TRAFFIC SIGNAL,FOLLOWING TOO CLOSELY,IMPROPER OVERTAKING/PASSING,0,0,3,3,10,2,12,1090,OGDEN AVE,41.849201,-87.814136,12/17/2018 12:00:00 PM,2018
CR00031469,10/30/2020 08:16:00 AM,30,CLEAR,DARKNESS - LIGHTED ROAD,TURNING,DIVIDED - W/MEDIAN (NOT RAISED),TRAFFIC SIGNAL,IMPROPER OVERTAKING/PASSING,DRIVING SKILLS/KNOWLEDGE/EXPERIENCE,0,0,0,0,8,6,10,1934,PULASKI RD,41.858432,-87.68415,10/30/2020 09:32:00 AM,2020
CR00031470,02/20/2021 05:56:00 PM,45,CLEAR,DARKNESS - LIGHTED ROAD,REAR TO FRONT,DIVIDED - W/MEDIAN (NOT RAISED),TRAFFIC SIGNAL,DISTRACTION - FROM INSIDE VEHICLE,DRIVING SKILLS/KNOWLEDGE/EXPERIENCE,0,0,0,0,17,7,2,1612,BROADWAY,41.7692,-87.588717,02/20/2021 06:41:00 PM,2021
CR00031471,07/16/2020 12:43:00 PM,15,CLEAR,DAYLIGHT,REAR END,NOT DIVIDED,TRAFFIC SIGNAL,DRIVING SKILLS/KNOWLEDGE/EXPERIENCE,UNABLE TO DETERMINE,0,0,0,0,12,5,7,117,PULASKI RD,41.998558,-87.577717,07/16/2020 01:38:00 PM,2020
CR00031472,06/23/2021 07:52:00 AM,30,CLEAR,DAYLIGHT,REAR END,NOT DIVIDED,NO CONTROLS,UNABLE TO DETERMINE,UNABLE TO DETERMINE,0,0,1,1,7,4,6,1789,DIVISION ST,41.981297,-87.546536,06/23/2021 08:12:00 AM,2021
CR00031473,09/07/2022 09:54:00 AM,30,CLEAR,DARKNESS - LIGHTED ROAD,REAR TO FRONT,NOT DIVIDED,NO CONTROLS,UNABLE TO DETERMINE,IMPROPER OVERTAKING/PASSING,0,0,0,0,9,4,9,1756,ASHLAND AVE,41.710986,-87.62536,09/07/2022 10:15:00 AM,2022
CR00031474,12/15/2015 08:09:00 PM,35,CLEAR,DARKNESS - LIGHTED ROAD,REAR END,NOT DIVIDED,NO CONTROLS,DRIVING SKILLS/KNOWLEDGE/EXPERIENCE,UNABLE TO DETERMINE,0,0,0,0,20,3,12,331,OGDEN AVE,41.709034,-87.676581,12/15/2015 09:59:00 PM,2015
CR00031475,12/09/2020 08:49:00 AM,30,CLEAR,DARKNESS,REAR END,FOUR WAY,YIELD,UNABLE TO DETERMINE,FOLLOWING TOO CLOSELY,0,0,0,0,8,4,12,2077,IRVING PARK RD,41.882729,-87.836769,12/09/2020 09:04:00 AM,2020
CR00031476,06/15/2018 03:29:00 PM,30,CLEAR,DAYLIGHT,TURNING,DIVIDED - W/MEDIAN (NOT RAISED),NO CONTROLS,IMPROPER LANE USAGE,FOLLOWING TOO CLOSELY,0,2,2,4,15,6,6,2100,KEDZIE AVE,41.884249,-87.828797,06/15/2018 05:04:00 PM,2018
CR00031477,11/01/2015 08:51:00 AM,35,CLEAR,DUSK,PARKED MOTOR VEHICLE,NOT DIVIDED,STOP SIGN/FLASHER,FAILING TO REDUCE SPEED,FAILING TO YIELD RIGHT-OF-WAY,0,0,0,0,8,1,11,722,HALSTED ST,41.803737,-87.575192,11/01/2015 09:41:00 AM,2015
CR00031478,01/09/2016 10:41:00 AM,25,CLEAR,DARKNESS - LIGHTED ROAD,REAR TO FRONT,FOUR WAY,UNKNOWN,UNABLE TO DETERMINE,DRIVING SKILLS/KNOWLEDGE/EXPERIENCE,0,0,0,0,10,7,1,1795,FULLERTON AVE,41.712616,-87.691312,01/09/2016 11:17:00 AM,2016
CR00031479,10/25/2016 01:28:00 AM,25,CLEAR,DARKNESS - LIGHTED ROAD,TURNING,FOUR WAY,TRAFFIC SIGNAL,DISREGARDING TRAFFIC SIGNALS,FAILING TO YIELD RIGHT-OF-WAY,0,0,3,3,1,3,10,2284,STATE ST,41.929869,-87.561936,10/25/2016 01:30:00 AM,2016
CR00031480,03/21/2017 10:12:00 AM,30,CLEAR,DARKNESS - LIGHTED ROAD,PARKED MOTOR VEHICLE,DIVIDED - W/MEDIAN (NOT RAISED),TRAFFIC SIGNAL,IMPROPER LANE USAGE,FAILING TO YIELD RIGHT-OF-WAY,0,0,1,1,10,3,3,1505,IRVING PARK RD,41.818096,-87.641957,03/21/2017 10:13:00 AM,2017
CR00031481,10/07/2018 09:26:00 AM,30,RAIN,DAYLIGHT,REAR END,DIVIDED - W/MEDIAN (NOT RAISED),STOP SIGN/FLASHER,FOLLOWING TOO CLOSELY,IMPROPER LANE USAGE,0,0,1,1,9,1,10,1327,WESTERN AVE,41.818475,-87.729676,10/07/2018 09:49:00 AM,2018
CR00031482,07/06/2017 05:09:00 PM,30,CLEAR,DAYLIGHT,PARKED MOTOR VEHICLE,ONE-WAY,NO CONTROLS,DISTRACTION - FROM INSIDE VEHICLE,NOT APPLICABLE,0,0,0,0,17,5,7,971,IRVING PARK RD,41.964849,-87.727479,07/06/2017 06:09:00 PM,2017
CR00031483,09/25/2024 06:42:00 AM,40,RAIN,DARKNESS - LIGHTED ROAD,REAR END,FOUR WAY,TRAFFIC SIGNAL,UNABLE TO DETERMINE,FOLLOWING TOO CLOSELY,0,0,0,0,6,4,9,775,CICERO AVE,41.786872,-87.647763,09/25/2024 06:53:00 AM,2024
CR00031484,12/26/2023 03:27:00 AM,30,CLEAR,DAYLIGHT,REAR END,DIVIDED - W/MEDIAN BARRIER,STOP SIGN/FLASHER,FOLLOWING TOO CLOSELY,UNABLE TO DETERMINE,0,0,0,0,3,3,12,2113,47TH ST,41.931234,-87.710979,12/26/2023 04:42:00 AM,2023
CR00031485,02/03/2016 11:58:00 PM,30,RAIN,DUSK,SIDESWIPE SAME DIRECTION,NOT DIVIDED,STOP SIGN/FLASHER,FAILING TO YIELD RIGHT-OF-WAY,FAILING TO REDUCE SPEED,0,0,0,0,23,4,2,2482,MILWAUKEE AVE,41.945498,-87.8282,02/04/2016 12:29:00 AM,2016
CR00031486,12/11/2024 09:56:00 AM,30,SNOW,DAYLIGHT,REAR END,NOT DIVIDED,STOP SIGN/FLASHER,FOLLOWING TOO CLOSELY,IMPROPER LANE USAGE,0,0,0,0,9,4,12,1821,KEDZIE AVE,41.822775,-87.609191,12/11/2024 10:49:00 AM,2024
CR00031487,06/21/2021 04:22:00 PM,45,RAIN,DAYLIGHT,SIDESWIPE SAME DIRECTION,NOT DIVIDED,STOP SIGN/FLASHER,FOLLOWING TOO CLOSELY,FOLLOWING TOO CLOSELY,0,0,0,0,16,2,6,1457,LAKE SHORE DR,41.78412,-87.657908,06/21/2021 06:12:00 PM,2021
CR00031488,07/05/2017 04:26:00 PM,40,CLEAR,DAYLIGHT,PEDESTRIAN,DIVIDED - W/MEDIAN (NOT RAISED),STOP SIGN/FLASHER,FAILING TO YIELD RIGHT-OF-WAY,NOT APPLICABLE,0,0,0,0,16,4,7,729,CLARK ST,41.858675,-87.648495,07/05/2017 04:54:00 PM,2017
CR00031489,04/18/2021 12:15:00 AM,45,CLEAR,DAYLIGHT,ANGLE,NOT DIVIDED,STOP SIGN/FLASHER,DISTRACTION - FROM INSIDE VEHICLE,DISTRACTION - FROM INSIDE VEHICLE,0,0,0,0,0,1,4,1598,CLARK ST,41.717118,-87.719071,04/18/2021 02:13:00 AM,2021
CR00031490,02/21/2021 12:03:00 AM,30,CLEAR,DARKNESS - LIGHTED ROAD,PARKED MOTOR VEHICLE,FOUR WAY,NO CONTROLS,DRIVING SKILLS/KNOWLEDGE/EXPERIENCE,DISTRACTION - FROM INSIDE VEHICLE,0,1,0,1,0,1,2,1467,IRVING PARK RD,41.70294,-87.718841,02/21/2021 12:09:00 AM,2021
CR00031491,07/29/2017 05:05:00 PM,35,RAIN,DARKNESS - LIGHTED ROAD,TURNING,FOUR WAY,TRAFFIC SIGNAL,WEATHER,NOT APPLICABLE,0,0,0,0,17,7,7,2204,LAKE SHORE DR,41.885799,-87.809625,07/29/2017 05:24:00 PM,2017
CR00031492,11/16/2024 09:53:00 PM,35,CLEAR,DARKNESS - LIGHTED ROAD,REAR END,DIVIDED - W/MEDIAN (NOT RAISED),NO CONTROLS,DRIVING SKILLS/KNOWLEDGE/EXPERIENCE,UNABLE TO DETERMINE,0,0,0,0,21,7,11,812,MICHIGAN AVE,41.874339,-87.679078,11/16/2024 10:12:00 PM,2024
CR00031493,03/23/2019 12:09:00 PM,45,FOG/SMOKE/HAZE,DAYLIGHT,REAR END,DIVIDED - W/MEDIAN (NOT RAISED),TRAFFIC SIGNAL,UNABLE TO DETERMINE,NOT APPLICABLE,0,0,0,0,12,7,3,1198,ROOSEVELT RD,41.922748,-87.833748,03/23/2019 12:34:00 PM,2019
CR00031494,03/13/2021 05:08:00 PM,25,CLEAR,DARKNESS - LIGHTED ROAD,PEDESTRIAN,NOT DIVIDED,UNKNOWN,DRIVING SKILLS/KNOWLEDGE/EXPERIENCE,FOLLOWING TOO CLOSELY,0,0,0,0,17,7,3,2074,ROOSEVELT RD,41.819383,-87.543415,03/13/2021 05:42:00 PM,2021
CR00031495,09/07/2022 05:26:00 PM,25,CLEAR,DAYLIGHT,ANGLE,DIVIDED - W/MEDIAN (NOT RAISED),STOP SIGN/FLASHER,UNABLE TO DETERMINE,IMPROPER LANE USAGE,0,0,0,0,17,4,9,1349,MICHIGAN AVE,41.723699,-87.768624,09/07/2022 05:27:00 PM,2022
CR00031496,02/08/2023 07:10:00 AM,15,CLEAR,DAYLIGHT,REAR END,FOUR WAY,TRAFFIC SIGNAL,UNABLE TO DETERMINE,UNABLE TO DETERMINE,0,0,0,0,7,4,2,556,IRVING PARK RD,41.80619,-87.64431,02/08/2023 09:08:00 AM,2023
CR00031497,07/09/2022 06:01:00 AM,40,CLEAR,DARKNESS - LIGHTED ROAD,FIXED OBJECT,ONE-WAY,STOP SIGN/FLASHER,FOLLOWING TOO CLOSELY,UNABLE TO DETERMINE,0,0,0,0,6,7,7,900,CICERO AVE,41.906739,-87.665269,07/09/2022 07:37:00 AM,2022
CR00031498,06/05/2015 08:39:00 AM,35,CLEAR,DUSK,REAR END,DIVIDED - W/MEDIAN (NOT RAISED),NO CONTROLS,DRIVING SKILLS/KNOWLEDGE/EXPERIENCE,DISTRACTION - FROM INSIDE VEHICLE,0,0,0,0,8,6,6,2010,PULASKI RD,41.718446,-87.693891,06/05/2015 09:05:00 AM,2015
CR00031499,01/23/2017 03:03:00 PM,30,RAIN,DUSK,ANGLE,NOT DIVIDED,TRAFFIC SIGNAL,UNABLE TO DETERMINE,UNABLE TO DETERMINE,0,0,3,3,15,2,1,2181,ASHLAND AVE,41.730743,-87.779173,01/23/2017 03:28:00 PM,2017
CR00031500,10/05/2017 03:16:00 PM,20,CLEAR,DAYLIGHT,REAR TO FRONT,DIVIDED - W/MEDIAN (NOT RAISED),TRAFFIC SIGNAL,FAILING TO YIELD RIGHT-OF-WAY,DISREGARDING TRAFFIC SIGNALS,0,0,0,0,15,5,10,1887,63RD ST,41.913754,-87.824753,10/05/2017 03:43:00 PM,2017
CR00031501,10/28/2016 01:11:00 AM,40,CLEAR,DAYLIGHT,PARKED MOTOR VEHICLE,DIVIDED - W/MEDIAN (NOT RAISED),NO CONTROLS,UNABLE TO DETERMINE,FOLLOWING TOO CLOSELY,0,0,0,0,1,6,10,691,KEDZIE AVE,41.925925,-87.719961,10/28/2016 02:22:00 AM,2016
CR00031502,06/03/2015 06:53:00 PM,35,CLOUDY/OVERCAST,DAYLIGHT,FIXED OBJECT,NOT DIVIDED,NO CONTROLS,FAILING TO YIELD RIGHT-OF-WAY,FOLLOWING TOO CLOSELY,0,0,0,0,18,4,6,1767,FULLERTON AVE,41.846594,-87.579213,06/03/2015 08:09:00 PM,2015
CR00031503,09/08/2023 05:41:00 AM,30,CLEAR,DAYLIGHT,ANGLE,NOT DIVIDED,YIELD,DISREGARDING TRAFFIC SIGNALS,NOT APPLICABLE,0,0,0,0,5,6,9,998,DAMEN AVE,41.807086,-87.52328,09/08/2023 06:29:00 AM,2023
CR00031504,03/08/2019 06:19:00 PM,35,SNOW,DAYLIGHT,TURNING,NOT DIVIDED,NO CONTROLS,IMPROPER OVERTAKING/PASSING,IMPROPER LANE USAGE,0,0,0,0,18,6,3,1874,79TH ST,41.743648,-87.734472,03/08/2019 06:59:00 PM,2019
CR00031505,10/19/2015 03:47:00 PM,40,CLEAR,DAYLIGHT,REAR TO FRONT,NOT DIVIDED,YIELD,IMPROPER LANE USAGE,FOLLOWING TOO CLOSELY,0,0,0,0,15,2,10,1983,STONY ISLAND AVE,41.804187,-87.567343,10/19/2015 05:38:00 PM,2015
CR00031506,07/16/2024 06:33:00 PM,15,RAIN,DAYLIGHT,ANGLE,DIVIDED - W/MEDIAN BARRIER,NO CONTROLS,FAILING TO REDUCE SPEED,FAILING TO YIELD RIGHT-OF-WAY,0,0,0,0,18,3,7,709,MILWAUKEE AVE,41.852084,-87.791588,07/16/2024 07:57:00 PM,2024
CR00031507,05/25/2018 02:58:00 PM,45,RAIN,DAYLIGHT,SIDESWIPE SAME DIRECTION,T-INTERSECTION,NO CONTROLS,FOLLOWING TOO CLOSELY,FAILING TO REDUCE SPEED,0,0,3,3,14,6,5,707,CALIFORNIA AVE,41.826178,-87.704854,05/25/2018 03:47:00 PM,2018
CR00031508,01/25/2021 12:20:00 AM,35,FOG/SMOKE/HAZE,DAYLIGHT,REAR END,ONE-WAY,NO CONTROLS,FAILING TO REDUCE SPEED,UNABLE TO DETERMINE,0,1,2,3,0,2,1,185,63RD ST,41.87729,-87.708116,01/25/2021 01:25:00 AM,2021
CR00031509,12/16/2018 08:34:00 AM,30,FOG/SMOKE/HAZE,DARKNESS,SIDESWIPE SAME DIRECTION,NOT DIVIDED,STOP SIGN/FLASHER,FOLLOWING TOO CLOSELY,DRIVING SKILLS/KNOWLEDGE/EXPERIENCE,0,0,0,0,8,1,12,574,ROOSEVELT RD,41.884972,-87.538259,12/16/2018 10:11:00 AM,2018
CR00031510,02/03/2019 11:29:00 AM,35,CLEAR,DAYLIGHT,ANGLE,NOT DIVIDED,TRAFFIC SIGNAL,UNABLE TO DETERMINE,UNABLE TO DETERMINE,0,0,0,0,11,1,2,1969,MILWAUKEE AVE,41.998873,-87.795776,02/03/2019 12:42:00 PM,2019
CR00031511,01/17/2017 04:10:00 PM,20,CLEAR,DAYLIGHT,REAR END,DIVIDED - W/MEDIAN BARRIER,TRAFFIC SIGNAL,IMPROPER OVERTAKING/PASSING,NOT APPLICABLE,0,0,0,0,16,3,1,1974,CICERO AVE,41.952904,-87.662598,01/17/2017 05:22:00 PM,2017
CR00031512,03/16/2022 01:02:00 AM,35,FREEZING RAIN/DRIZZLE,DAYLIGHT,REAR END,DIVIDED - W/MEDIAN (NOT RAISED),TRAFFIC SIGNAL,IMPROPER OVERTAKING/PASSING,FOLLOWING TOO CLOSELY,0,0,0,0,1,4,3,684,PULASKI RD,41.849471,-87.816221,03/16/2022 01:56:00 AM,2022