CRASH_RECORD_ID,CRASH_DATE,POSTED_SPEED_LIMIT,WEATHER_CONDITION,LIGHTING_CONDITION,FIRST_CRASH_TYPE,TRAFFICWAY_TYPE,TRAFFIC_CONTROL_DEVICE,PRIM_CONTRIBUTORY_CAUSE,SEC_CONTRIBUTORY_CAUSE,INJURIES_FATAL,INJURIES_INCAPACITATING,INJURIES_NON_INCAPACITATING,INJURIES_TOTAL,CRASH_HOUR,CRASH_DAY_OF_WEEK,CRASH_MONTH,BEAT_OF_OCCURRENCE,STREET_NAME,LATITUDE,LONGITUDE,DATE_POLICE_NOTIFIED,year
CR00031513,10/15/2022 01:01:00 PM,30,CLEAR,DAWN,REAR END,DIVIDED - W/MEDIAN BARRIER,NO CONTROLS,IMPROPER OVERTAKING/PASSING,FAILING TO REDUCE SPEED,0,0,2,2,13,7,10,2519,WESTERN AVE,41.838185,-87.616601,10/15/2022 02:58:00 PM,2022
CR00031514,09/27/2015 07:25:00 AM,25,CLEAR,DARKNESS - LIGHTED ROAD,REAR END,NOT DIVIDED,UNKNOWN,DRIVING SKILLS/KNOWLEDGE/EXPERIENCE,NOT APPLICABLE,0,0,0,0,7,1,9,2062,MILWAUKEE AVE,41.797652,-87.561193,09/27/2015 08:39:00 AM,2015
CR00031515,02/22/2023 10:54:00 AM,30,CLEAR,DAYLIGHT,TURNING,DIVIDED - W/MEDIAN BARRIER,NO CONTROLS,DISREGARDING TRAFFIC SIGNALS,UNABLE TO DETERMINE,0,0,0,0,10,4,2,247,47TH ST,41.728816,-87.585201,02/22/2023 12:18:00 PM,2023
CR00031516,10/26/2019 04:07:00 AM,15,CLEAR,DARKNESS - LIGHTED ROAD,FIXED OBJECT,DIVIDED - W/MEDIAN (NOT RAISED),STOP SIGN/FLASHER,UNABLE TO DETERMINE,IMPROPER OVERTAKING/PASSING,0,0,0,0,4,7,10,2141,CICERO AVE,41.728159,-87.794081,10/26/2019 05:00:00 AM,2019
CR00031517,01/22/2016 01:06:00 PM,45,CLOUDY/OVERCAST,DAYLIGHT,REAR END,NOT DIVIDED,NO CONTROLS,FOLLOWING TOO CLOSELY,NOT APPLICABLE,0,0,0,0,13,6,1,388,CALIFORNIA AVE,41.706965,-87.803488,01/22/2016 02:51:00 PM,2016
CR00031518,02/03/2017 01:25:00 AM,15,CLEAR,DARKNESS,FIXED OBJECT,NOT DIVIDED,TRAFFIC SIGNAL,IMPROPER OVERTAKING/PASSING,DRIVING SKILLS/KNOWLEDGE/EXPERIENCE,0,0,0,0,1,6,2,2072,OGDEN AVE,41.806336,-87.722374,02/03/2017 01:49:00 AM,2017
CR00031519,01/27/2018 08:23:00 PM,35,CLEAR,DAYLIGHT,PARKED MOTOR VEHICLE,DIVIDED - W/MEDIAN BARRIER,NO CONTROLS,UNABLE TO DETERMINE,FAILING TO YIELD RIGHT-OF-WAY,0,0,0,0,20,7,1,1530,DIVISION ST,41.781547,-87.775814,01/27/2018 09:48:00 PM,2018
CR00031520,04/03/2019 05:34:00 PM,30,CLEAR,DARKNESS - LIGHTED ROAD,ANGLE,DIVIDED - W/MEDIAN BARRIER,STOP SIGN/FLASHER,UNABLE TO DETERMINE,IMPROPER OVERTAKING/PASSING,0,0,0,0,17,4,4,2130,DIVISION ST,41.711743,-87.532308,04/03/2019 06:23:00 PM,2019
CR00031521,09/22/2021 07:08:00 AM,30,CLEAR,DAYLIGHT,TURNING,NOT DIVIDED,PEDESTRIAN CROSSING SIGN,FAILING TO YIELD RIGHT-OF-WAY,FAILING TO YIELD RIGHT-OF-WAY,0,0,1,1,7,4,9,200,PULASKI RD,41.807538,-87.815301,09/22/2021 07:25:00 AM,2021
CR00031522,10/26/2018 05:48:00 PM,30,RAIN,DAWN,ANGLE,ONE-WAY,TRAFFIC SIGNAL,WEATHER,FOLLOWING TOO CLOSELY,0,0,1,1,17,6,10,368,CALIFORNIA AVE,41.829601,-87.550473,10/26/2018 06:03:00 PM,2018
CR00031523,03/22/2017 02:25:00 AM,20,CLEAR,DAYLIGHT,TURNING,ONE-WAY,NO CONTROLS,UNABLE TO DETERMINE,UNABLE TO DETERMINE,0,0,0,0,2,4,3,1209,FULLERTON AVE,41.908619,-87.650298,03/22/2017 03:03:00 AM,2017
CR00031524,11/15/2024 02:45:00 PM,30,FREEZING RAIN/DRIZZLE,DAYLIGHT,REAR END,NOT DIVIDED,NO CONTROLS,UNABLE TO DETERMINE,UNABLE TO DETERMINE,0,0,0,0,14,6,11,740,STATE ST,41.882027,-87.58596,11/15/2024 02:59:00 PM,2024
CR00031525,05/30/2019 05:01:00 PM,35,RAIN,DAYLIGHT,PEDESTRIAN,DIVIDED - W/MEDIAN BARRIER,TRAFFIC SIGNAL,FAILING TO YIELD RIGHT-OF-WAY,WEATHER,0,0,0,0,17,5,5,2063,ASHLAND AVE,41.871763,-87.608437,05/30/2019 06:29:00 PM,2019
CR00031526,07/26/2018 05:49:00 AM,15,CLEAR,DARKNESS - LIGHTED ROAD,FIXED OBJECT,NOT DIVIDED,NO CONTROLS,DISTRACTION - FROM INSIDE VEHICLE,FOLLOWING TOO CLOSELY,0,0,0,0,5,5,7,2208,LAKE SHORE DR,41.996217,-87.541332,07/26/2018 06:45:00 AM,2018
CR00031527,03/04/2016 02:37:00 PM,45,SNOW,DAYLIGHT,ANGLE,DIVIDED - W/MEDIAN (NOT RAISED),TRAFFIC SIGNAL,UNABLE TO DETERMINE,UNABLE TO DETERMINE,0,0,0,0,14,6,3,2469,ELSTON AVE,41.966269,-87.741207,03/04/2016 03:33:00 PM,2016
CR00031528,12/24/2019 10:49:00 AM,35,CLEAR,DARKNESS - LIGHTED ROAD,REAR END,ONE-WAY,TRAFFIC SIGNAL,IMPROPER LANE USAGE,UNABLE TO DETERMINE,0,0,0,0,10,3,12,900,OGDEN AVE,41.837167,-87.545966,12/24/2019 11:54:00 AM,2019
CR00031529,10/06/2016 07:16:00 AM,20,CLEAR,DAWN,REAR END,ONE-WAY,TRAFFIC SIGNAL,UNABLE TO DETERMINE,NOT APPLICABLE,0,0,0,0,7,5,10,1028,HALSTED ST,41.993973,-87.539809,10/06/2016 07:56:00 AM,2016
CR00031530,08/07/2016 11:38:00 AM,30,RAIN,DARKNESS - LIGHTED ROAD,ANGLE,NOT DIVIDED,NO CONTROLS,UNABLE TO DETERMINE,FAILING TO YIELD RIGHT-OF-WAY,0,0,0,0,11,1,8,622,79TH ST,41.756744,-87.731676,08/07/2016 11:56:00 AM,2016
CR00031531,02/26/2024 12:40:00 PM,40,CLEAR,DAYLIGHT,TURNING,NOT DIVIDED,STOP SIGN/FLASHER,UNABLE TO DETERMINE,DRIVING SKILLS/KNOWLEDGE/EXPERIENCE,0,0,0,0,12,2,2,1377,DAMEN AVE,41.748947,-87.589982,02/26/2024 02:01:00 PM,2024
CR00031532,04/18/2023 01:30:00 AM,30,SNOW,DAYLIGHT,PARKED MOTOR VEHICLE,NOT DIVIDED,TRAFFIC SIGNAL,UNABLE TO DETERMINE,UNABLE TO DETERMINE,0,0,0,0,1,3,4,998,ROOSEVELT RD,41.944456,-87.821641,04/18/2023 01:43:00 AM,2023
CR00031533,07/17/2018 03:32:00 PM,35,CLOUDY/OVERCAST,DARKNESS - LIGHTED ROAD,SIDESWIPE SAME DIRECTION,NOT DIVIDED,NO CONTROLS,IMPROPER LANE USAGE,FAILING TO REDUCE SPEED,0,0,0,0,15,3,7,1587,HALSTED ST,41.999779,-87.809508,07/17/2018 05:32:00 PM,2018
CR00031534,07/23/2021 12:27:00 PM,20,CLEAR,DUSK,PARKED MOTOR VEHICLE,DIVIDED - W/MEDIAN (NOT RAISED),UNKNOWN,UNABLE TO DETERMINE,DISREGARDING TRAFFIC SIGNALS,0,0,0,0,12,6,7,1084,STONY ISLAND AVE,41.879162,-87.670367,07/23/2021 12:28:00 PM,2021
CR00031535,09/29/2015 10:42:00 AM,35,CLEAR,DAWN,ANGLE,DIVIDED - W/MEDIAN (NOT RAISED),NO CONTROLS,FOLLOWING TOO CLOSELY,UNABLE TO DETERMINE,0,0,3,3,10,3,9,1476,PULASKI RD,41.997583,-87.811543,09/29/2015 12:32:00 PM,2015
CR00031536,10/31/2019 02:54:00 PM,35,CLEAR,DAYLIGHT,TURNING,ONE-WAY,NO CONTROLS,UNABLE TO DETERMINE,IMPROPER OVERTAKING/PASSING,0,0,1,1,14,5,10,2207,MICHIGAN AVE,41.963186,-87.583381,10/31/2019 03:41:00 PM,2019
CR00031537,11/13/2024 08:03:00 PM,35,RAIN,DAYLIGHT,SIDESWIPE SAME DIRECTION,DIVIDED - W/MEDIAN (NOT RAISED),STOP SIGN/FLASHER,FAILING TO REDUCE SPEED,UNABLE TO DETERMINE,0,0,0,0,20,4,11,206,KEDZIE AVE,41.712211,-87.755024,11/13/2024 08:07:00 PM,2024
CR00031538,11/04/2015 06:37:00 PM,45,CLEAR,DAYLIGHT,TURNING,DIVIDED - W/MEDIAN (NOT RAISED),STOP SIGN/FLASHER,FOLLOWING TOO CLOSELY,NOT APPLICABLE,0,0,0,0,18,4,11,2500,LAKE SHORE DR,41.741763,-87.504916,11/04/2015 07:45:00 PM,2015
CR00031539,08/16/2019 05:27:00 PM,25,CLEAR,DAYLIGHT,ANGLE,NOT DIVIDED,UNKNOWN,UNABLE TO DETERMINE,NOT APPLICABLE,0,0,1,1,17,6,8,1518,CLARK ST,41.784373,-87.63633,08/16/2019 05:50:00 PM,2019
CR00031540,12/24/2017 06:30:00 AM,45,RAIN,DAYLIGHT,SIDESWIPE SAME DIRECTION,NOT DIVIDED,STOP SIGN/FLASHER,FOLLOWING TOO CLOSELY,FOLLOWING TOO CLOSELY,0,0,0,0,6,1,12,169,PULASKI RD,41.821616,-87.813535,12/24/2017 06:49:00 AM,2017
CR00031541,08/08/2022 09:34:00 PM,35,CLEAR,DAYLIGHT,REAR END,ONE-WAY,STOP SIGN/FLASHER,DISREGARDING TRAFFIC SIGNALS,IMPROPER LANE USAGE,0,0,0,0,21,2,8,1783,STONY ISLAND AVE,41.943035,-87.528721,08/08/2022 11:02:00 PM,2022
CR00031542,11/22/2022 05:34:00 AM,20,CLEAR,DAYLIGHT,SIDESWIPE SAME DIRECTION,NOT DIVIDED,NO CONTROLS,DISTRACTION - FROM INSIDE VEHICLE,FAILING TO REDUCE SPEED,0,0,0,0,5,3,11,1954,79TH ST,41.890272,-87.64037,11/22/2022 07:13:00 AM,2022
CR00031543,11/14/2016 06:19:00 PM,30,RAIN,DAWN,REAR END,NOT DIVIDED,TRAFFIC SIGNAL,UNABLE TO DETERMINE,UNABLE TO DETERMINE,0,0,0,0,18,2,11,1865,HALSTED ST,41.839565,-87.740568,11/14/2016 08:06:00 PM,2016
CR00031544,11/06/2016 07:27:00 PM,30,RAIN,DAYLIGHT,REAR END,T-INTERSECTION,STOP SIGN/FLASHER,IMPROPER LANE USAGE,FOLLOWING TOO CLOSELY,0,0,0,0,19,1,11,698,DAMEN AVE,41.882099,-87.604582,11/06/2016 08:05:00 PM,2016
CR00031545,04/16/2017 04:01:00 PM,35,CLEAR,DAYLIGHT,REAR END,DIVIDED - W/MEDIAN (NOT RAISED),NO CONTROLS,UNABLE TO DETERMINE,NOT APPLICABLE,0,0,0,0,16,1,4,894,ELSTON AVE,41.876382,-87.500009,04/16/2017 04:26:00 PM,2017
CR00031546,02/14/2021 04:10:00 PM,20,CLEAR,DARKNESS - LIGHTED ROAD,TURNING,NOT DIVIDED,NO CONTROLS,FAILING TO YIELD RIGHT-OF-WAY,FAILING TO YIELD RIGHT-OF-WAY,0,0,0,0,16,1,2,603,STATE ST,41.977833,-87.732949,02/14/2021 05:25:00 PM,2021
CR00031547,09/25/2017 11:46:00 AM,35,CLEAR,DAYLIGHT,REAR END,DIVIDED - W/MEDIAN (NOT RAISED),NO CONTROLS,FAILING TO YIELD RIGHT-OF-WAY,FAILING TO YIELD RIGHT-OF-WAY,0,0,0,0,11,2,9,2156,CALIFORNIA AVE,41.978854,-87.772311,09/25/2017 12:26:00 PM,2017
CR00031548,11/28/2020 05:30:00 PM,15,CLEAR,DAYLIGHT,TURNING,ONE-WAY,NO CONTROLS,UNABLE TO DETERMINE,FAILING TO YIELD RIGHT-OF-WAY,0,0,0,0,17,7,11,1473,FULLERTON AVE,41.905113,-87.77438,11/28/2020 06:36:00 PM,2020
CR00031549,07/29/2023 12:41:00 AM,25,CLEAR,DARKNESS,SIDESWIPE SAME DIRECTION,T-INTERSECTION,STOP SIGN/FLASHER,FAILING TO YIELD RIGHT-OF-WAY,DRIVING SKILLS/KNOWLEDGE/EXPERIENCE,0,0,0,0,0,7,7,1273,47TH ST,41.843597,-87.564557,07/29/2023 01:18:00 AM,2023
CR00031550,06/30/2017 04:08:00 AM,35,CLEAR,DUSK,REAR END,NOT DIVIDED,NO CONTROLS,DRIVING SKILLS/KNOWLEDGE/EXPERIENCE,IMPROPER LANE USAGE,0,0,0,0,4,6,6,795,ARCHER AVE,41.785672,-87.521246,06/30/2017 04:42:00 AM,2017
CR00031551,01/23/2021 06:28:00 PM,30,RAIN,DAYLIGHT,REAR END,FOUR WAY,STOP SIGN/FLASHER,FAILING TO REDUCE SPEED,DRIVING SKILLS/KNOWLEDGE/EXPERIENCE,0,0,0,0,18,7,1,2047,WESTERN AVE,41.896411,-87.611374,01/23/2021 07:51:00 PM,2021
CR00031552,08/16/2023 07:32:00 AM,40,CLEAR,DUSK,PARKED MOTOR VEHICLE,ONE-WAY,NO CONTROLS,FOLLOWING TOO CLOSELY,UNABLE TO DETERMINE,0,0,1,1,7,4,8,661,DIVISION ST,41.979582,-87.503576,08/16/2023 07:35:00 AM,2023
CR00031553,04/28/2021 07:02:00 AM,45,CLEAR,DARKNESS - LIGHTED ROAD,ANGLE,NOT DIVIDED,TRAFFIC SIGNAL,FAILING TO YIELD RIGHT-OF-WAY,FOLLOWING TOO CLOSELY,0,0,0,0,7,4,4,731,FULLERTON AVE,41.776709,-87.828456,04/28/2021 07:49:00 AM,2021
CR00031554,02/13/2019 09:00:00 PM,35,CLEAR,DAYLIGHT,ANGLE,ONE-WAY,NO CONTROLS,FAILING TO REDUCE SPEED,FAILING TO REDUCE SPEED,0,0,0,0,21,4,2,2252,OGDEN AVE,41.914258,-87.565833,02/13/2019 11:00:00 PM,2019
CR00031555,10/19/2017 06:07:00 PM,35,CLEAR,DARKNESS - LIGHTED ROAD,REAR END,FOUR WAY,NO CONTROLS,DISREGARDING TRAFFIC SIGNALS,UNABLE TO DETERMINE,0,0,0,0,18,5,10,2224,ROOSEVELT RD,41.782433,-87.836963,10/19/2017 07:59:00 PM,2017
CR00031556,06/17/2016 08:13:00 AM,20,CLEAR,DARKNESS - LIGHTED ROAD,SIDESWIPE SAME DIRECTION,DIVIDED - W/MEDIAN (NOT RAISED),NO CONTROLS,WEATHER,NOT APPLICABLE,0,0,0,0,8,6,6,1480,MILWAUKEE AVE,41.95156,-87.654232,06/17/2016 08:28:00 AM,2016
CR00031557,10/16/2018 10:35:00 PM,15,CLOUDY/OVERCAST,DAYLIGHT,REAR END,ONE-WAY,UNKNOWN,FAILING TO YIELD RIGHT-OF-WAY,UNABLE TO DETERMINE,0,0,0,0,22,3,10,1787,MILWAUKEE AVE,41.830907,-87.573873,10/16/2018 11:20:00 PM,2018
CR00031558,03/03/2018 06:51:00 PM,20,CLOUDY/OVERCAST,DARKNESS,SIDESWIPE SAME DIRECTION,ONE-WAY,NO CONTROLS,FOLLOWING TOO CLOSELY,IMPROPER OVERTAKING/PASSING,0,0,0,0,18,7,3,1164,BROADWAY,41.811699,-87.581848,03/03/2018 07:57:00 PM,2018
CR00031559,08/02/2015 10:52:00 AM,20,CLEAR,DAWN,REAR TO FRONT,T-INTERSECTION,NO CONTROLS,FOLLOWING TOO CLOSELY,UNABLE TO DETERMINE,0,0,0,0,10,1,8,1201,79TH ST,41.791983,-87.739202,08/02/2015 11:02:00 AM,2015
CR00031560,10/31/2024 05:36:00 AM,25,CLEAR,DAYLIGHT,ANGLE,T-INTERSECTION,NO CONTROLS,DRIVING SKILLS/KNOWLEDGE/EXPERIENCE,FAILING TO REDUCE SPEED,0,0,1,1,5,5,10,1535,CALIFORNIA AVE,41.877192,-87.525686,10/31/2024 05:37:00 AM,2024
CR00031561,01/10/2016 10:37:00 AM,25,CLOUDY/OVERCAST,DARKNESS - LIGHTED ROAD,SIDESWIPE SAME DIRECTION,NOT DIVIDED,STOP SIGN/FLASHER,IMPROPER OVERTAKING/PASSING,FAILING TO YIELD RIGHT-OF-WAY,0,0,0,0,10,1,1,2140,DIVISION ST,41.975768,-87.617048,01/10/2016 11:42:00 AM,2016
CR00031562,09/26/2017 07:33:00 AM,30,CLEAR,DAYLIGHT,TURNING,NOT DIVIDED,NO CONTROLS,UNABLE TO DETERMINE,DISTRACTION - FROM INSIDE VEHICLE,0,0,0,0,7,3,9,1067,CALIFORNIA AVE,41.983221,-87.720817,09/26/2017 08:55:00 AM,2017
CR00031563,11/03/2022 05:15:00 PM,30,CLEAR,DARKNESS - LIGHTED ROAD,SIDESWIPE SAME DIRECTION,NOT DIVIDED,NO CONTROLS,UNABLE TO DETERMINE,NOT APPLICABLE,0,0,0,0,17,5,11,568,BROADWAY,41.823529,-87.786937,11/03/2022 06:58:00 PM,2022
CR00031564,02/05/2017 04:49:00 AM,15,RAIN,DAYLIGHT,REAR END,NOT DIVIDED,STOP SIGN/FLASHER,FAILING TO YIELD RIGHT-OF-WAY,UNABLE TO DETERMINE,0,1,0,1,4,1,2,1428,CICERO AVE,41.721445,-87.841886,02/05/2017 06:02:00 AM,2017
CR00031565,10/26/2016 06:34:00 PM,30,RAIN,DAYLIGHT,PARKED MOTOR VEHICLE,DIVIDED - W/MEDIAN BARRIER,NO CONTROLS,DISTRACTION - FROM INSIDE VEHICLE,UNABLE TO DETERMINE,0,0,0,0,18,4,10,572,MICHIGAN AVE,41.95874,-87.685626,10/26/2016 08:22:00 PM,2016
CR00031566,10/10/2017 03:31:00 PM,30,CLEAR,DARKNESS,FIXED OBJECT,NOT DIVIDED,TRAFFIC SIGNAL,IMPROPER LANE USAGE,UNABLE TO DETERMINE,0,0,0,0,15,3,10,1970,MILWAUKEE AVE,41.707008,-87.836202,10/10/2017 04:23:00 PM,2017
CR00031567,01/16/2018 09:54:00 AM,15,CLEAR,DAYLIGHT,REAR END,FOUR WAY,YIELD,FOLLOWING TOO CLOSELY,NOT APPLICABLE,0,0,0,0,9,3,1,389,WESTERN AVE,41.877832,-87.627357,01/16/2018 10:36:00 AM,2018
CR00031568,11/27/2023 01:59:00 PM,35,CLEAR,DAYLIGHT,REAR END,DIVIDED - W/MEDIAN (NOT RAISED),TRAFFIC SIGNAL,UNABLE TO DETERMINE,FAILING TO YIELD RIGHT-OF-WAY,0,0,0,0,13,2,11,475,79TH ST,41.929648,-87.841245,11/27/2023 03:22:00 PM,2023
CR00031569,07/28/2016 06:28:00 PM,40,CLEAR,DAYLIGHT,TURNING,DIVIDED - W/MEDIAN (NOT RAISED),STOP SIGN/FLASHER,FAILING TO REDUCE SPEED,NOT APPLICABLE,0,0,0,0,18,5,7,2016,MICHIGAN AVE,41.724566,-87.811479,07/28/2016 06:32:00 PM,2016
CR00031570,05/05/2019 09:09:00 AM,35,CLEAR,DARKNESS - LIGHTED ROAD,SIDESWIPE SAME DIRECTION,DIVIDED - W/MEDIAN (NOT RAISED),TRAFFIC SIGNAL,FAILING TO YIELD RIGHT-OF-WAY,UNABLE TO DETERMINE,0,0,0,0,9,1,5,2206,47TH ST,41.818899,-87.562165,05/05/2019 10:04:00 AM,2019
CR00031571,12/05/2015 04:55:00 PM,15,CLEAR,DAYLIGHT,ANGLE,FOUR WAY,STOP SIGN/FLASHER,DISTRACTION - FROM INSIDE VEHICLE,NOT APPLICABLE,0,1,2,3,16,7,12,626,LAKE SHORE DR,41.74998,-87.771221,12/05/2015 06:44:00 PM,2015
CR00031572,03/13/2022 03:16:00 PM,30,CLEAR,DAYLIGHT,TURNING,DIVIDED - W/MEDIAN (NOT RAISED),UNKNOWN,UNABLE TO DETERMINE,DRIVING SKILLS/KNOWLEDGE/EXPERIENCE,0,0,1,1,15,1,3,467,MICHIGAN AVE,41.81046,-87.69826,03/13/2022 04:52:00 PM,2022
CR00031573,04/05/2021 09:51:00 AM,15,CLEAR,DAYLIGHT,TURNING,NOT DIVIDED,STOP SIGN/FLASHER,IMPROPER LANE USAGE,IMPROPER OVERTAKING/PASSING,0,0,0,0,9,2,4,1041,ROOSEVELT RD,41.878955,-87.540073,04/05/2021 10:53:00 AM,2021
CR00031574,06/12/2016 10:33:00 AM,45,RAIN,DARKNESS - LIGHTED ROAD,SIDESWIPE SAME DIRECTION,ONE-WAY,TRAFFIC SIGNAL,FAILING TO YIELD RIGHT-OF-WAY,NOT APPLICABLE,0,0,0,0,10,1,6,1143,DIVISION ST,41.871865,-87.822748,06/12/2016 12:20:00 PM,2016
CR00031575,09/17/2021 02:57:00 PM,15,CLEAR,DAWN,FIXED OBJECT,NOT DIVIDED,NO CONTROLS,FOLLOWING TOO CLOSELY,NOT APPLICABLE,0,0,0,0,14,6,9,2025,STONY ISLAND AVE,41.927884,-87.668217,09/17/2021 03:58:00 PM,2021
CR00031576,05/09/2022 08:13:00 AM,35,CLEAR,DAYLIGHT,ANGLE,DIVIDED - W/MEDIAN (NOT RAISED),NO CONTROLS,UNABLE TO DETERMINE,DISTRACTION - FROM INSIDE VEHICLE,0,0,0,0,8,2,5,2273,STATE ST,41.813877,-87.845253,05/09/2022 08:34:00 AM,2022
CR00031577,06/27/2023 11:36:00 AM,45,CLEAR,DAYLIGHT,REAR END,ONE-WAY,TRAFFIC SIGNAL,FOLLOWING TOO CLOSELY,UNABLE TO DETERMINE,0,0,0,0,11,3,6,1215,ROOSEVELT RD,41.803219,-87.658587,06/27/2023 12:20:00 PM,2023
CR00031578,01/06/2018 11:58:00 PM,30,CLEAR,DAYLIGHT,TURNING,NOT DIVIDED,YIELD,UNABLE TO DETERMINE,UNABLE TO DETERMINE,0,0,0,0,23,7,1,741,HALSTED ST,41.710617,-87.74345,01/07/2018 12:14:00 AM,2018
CR00031579,11/04/2017 08:45:00 AM,30,RAIN,DAYLIGHT,REAR END,NOT DIVIDED,NO CONTROLS,FAILING TO REDUCE SPEED,DRIVING SKILLS/KNOWLEDGE/EXPERIENCE,0,0,0,0,8,7,11,1008,KEDZIE AVE,41.781781,-87.508365,11/04/2017 10:02:00 AM,2017
CR00031580,06/05/2024 10:16:00 PM,30,RAIN,DAYLIGHT,TURNING,DIVIDED - W/MEDIAN (NOT RAISED),NO CONTROLS,IMPROPER LANE USAGE,NOT APPLICABLE,0,0,0,0,22,4,6,2486,IRVING PARK RD,41.856056,-87.576235,06/05/2024 10:52:00 PM,2024
CR00031581,01/15/2015 07:03:00 AM,30,CLEAR,DARKNESS - LIGHTED ROAD,PARKED MOTOR VEHICLE,T-INTERSECTION,NO CONTROLS,FOLLOWING TOO CLOSELY,FAILING TO YIELD RIGHT-OF-WAY,0,0,0,0,7,5,1,845,OGDEN AVE,41.86804,-87.57852,01/15/2015 07:28:00 AM,2015
CR00031582,07/20/2016 10:35:00 AM,30,FREEZING RAIN/DRIZZLE,DAYLIGHT,REAR END,DIVIDED - W/MEDIAN (NOT RAISED),NO CONTROLS,DRIVING SKILLS/KNOWLEDGE/EXPERIENCE,UNABLE TO DETERMINE,0,0,0,0,10,4,7,450,ROOSEVELT RD,41.750312,-87.689669,07/20/2016 11:54:00 AM,2016
CR00031583,04/18/2018 07:14:00 PM,45,CLEAR,DAYLIGHT,REAR END,FOUR WAY,TRAFFIC SIGNAL,FAILING TO YIELD RIGHT-OF-WAY,NOT APPLICABLE,0,0,0,0,19,4,4,533,79TH ST,41.864024,-87.799799,04/18/2018 08:51:00 PM,2018
CR00031584,05/30/2015 05:18:00 PM,30,CLOUDY/OVERCAST,DAYLIGHT,TURNING,NOT DIVIDED,NO CONTROLS,FOLLOWING TOO CLOSELY,UNABLE TO DETERMINE,0,0,0,0,17,7,5,470,LAKE SHORE DR,41.725605,-87.772113,05/30/2015 06:23:00 PM,2015
CR00031585,01/11/2019 11:41:00 AM,30,RAIN,DAYLIGHT,TURNING,ONE-WAY,UNKNOWN,DISTRACTION - FROM INSIDE VEHICLE,UNABLE TO DETERMINE,0,0,2,2,11,6,1,278,79TH ST,41.858338,-87.793628,01/11/2019 11:47:00 AM,2019
CR00031586,11/03/2017 02:52:00 PM,35,CLEAR,DARKNESS - LIGHTED ROAD,SIDESWIPE SAME DIRECTION,DIVIDED - W/MEDIAN (NOT RAISED),NO CONTROLS,UNABLE TO DETERMINE,FAILING TO YIELD RIGHT-OF-WAY,0,0,3,3,14,6,11,1388,DIVISION ST,41.706809,-87.65453,11/03/2017 04:14:00 PM,2017
CR00031587,02/14/2024 10:28:00 AM,30,CLEAR,DAYLIGHT,REAR END,FOUR WAY,TRAFFIC SIGNAL,DRIVING SKILLS/KNOWLEDGE/EXPERIENCE,DRIVING SKILLS/KNOWLEDGE/EXPERIENCE,0,0,2,2,10,4,2,1564,CLARK ST,41.972158,-87.752072,02/14/2024 11:50:00 AM,2024
CR00031588,02/23/2017 05:35:00 PM,15,CLEAR,DAYLIGHT,ANGLE,NOT DIVIDED,NO CONTROLS,UNABLE TO DETERMINE,NOT APPLICABLE,0,0,0,0,17,5,2,854,MICHIGAN AVE,41.901578,-87.633889,02/23/2017 05:50:00 PM,2017
CR00031589,10/04/2019 11:26:00 AM,20,CLEAR,DAYLIGHT,SIDESWIPE SAME DIRECTION,NOT DIVIDED,TRAFFIC SIGNAL,UNABLE TO DETERMINE,DISTRACTION - FROM INSIDE VEHICLE,0,0,0,0,11,6,10,941,STONY ISLAND AVE,41.916638,-87.615273,10/04/2019 01:09:00 PM,2019
CR00031590,09/21/2019 06:15:00 AM,30,CLOUDY/OVERCAST,DAYLIGHT,SIDESWIPE SAME DIRECTION,DIVIDED - W/MEDIAN BARRIER,NO CONTROLS,DRIVING SKILLS/KNOWLEDGE/EXPERIENCE,NOT APPLICABLE,0,0,0,0,6,7,9,1739,CICERO AVE,41.707021,-87.602448,09/21/2019 07:26:00 AM,2019
CR00031591,02/17/2019 02:19:00 AM,40,CLEAR,DARKNESS - LIGHTED ROAD,REAR END,NOT DIVIDED,UNKNOWN,UNABLE TO DETERMINE,DRIVING SKILLS/KNOWLEDGE/EXPERIENCE,0,0,0,0,2,1,2,1280,MILWAUKEE AVE,41.868102,-87.833061,02/17/2019 02:27:00 AM,2019
CR00031592,01/09/2020 09:09:00 AM,35,RAIN,DAYLIGHT,REAR END,ONE-WAY,NO CONTROLS,DISTRACTION - FROM INSIDE VEHICLE,DRIVING SKILLS/KNOWLEDGE/EXPERIENCE,0,1,2,3,9,5,1,2504,63RD ST,41.913663,-87.761498,01/09/2020 09:57:00 AM,2020
CR00031593,06/10/2024 08:33:00 PM,35,CLOUDY/OVERCAST,DARKNESS - LIGHTED ROAD,ANGLE,DIVIDED - W/MEDIAN (NOT RAISED),PEDESTRIAN CROSSING SIGN,FAILING TO YIELD RIGHT-OF-WAY,IMPROPER LANE USAGE,0,0,0,0,20,2,6,1285,FULLERTON AVE,41.740266,-87.66253,06/10/2024 10:01:00 PM,2024
CR00031594,06/01/2024 02:27:00 PM,40,CLEAR,DARKNESS - LIGHTED ROAD,TURNING,T-INTERSECTION,NO CONTROLS,IMPROPER LANE USAGE,DISREGARDING TRAFFIC SIGNALS,0,0,0,0,14,7,6,1238,OGDEN AVE,41.955627,-87.799543,06/01/2024 03:23:00 PM,2024