CRASH_RECORD_ID,CRASH_DATE,POSTED_SPEED_LIMIT,WEATHER_CONDITION,LIGHTING_CONDITION,FIRST_CRASH_TYPE,TRAFFICWAY_TYPE,TRAFFIC_CONTROL_DEVICE,PRIM_CONTRIBUTORY_CAUSE,SEC_CONTRIBUTORY_CAUSE,INJURIES_FATAL,INJURIES_INCAPACITATING,INJURIES_NON_INCAPACITATING,INJURIES_TOTAL,CRASH_HOUR,CRASH_DAY_OF_WEEK,CRASH_MONTH,BEAT_OF_OCCURRENCE,STREET_NAME,LATITUDE,LONGITUDE,DATE_POLICE_NOTIFIED,year
CR00031595,05/11/2023 07:25:00 AM,45,CLEAR,DAYLIGHT,ANGLE,NOT DIVIDED,NO CONTROLS,FOLLOWING TOO CLOSELY,DRIVING SKILLS/KNOWLEDGE/EXPERIENCE,0,0,0,0,7,5,5,910,63RD ST,41.807532,-87.687359,05/11/2023 08:57:00 AM,2023
CR00031596,03/03/2016 01:31:00 AM,40,CLEAR,DAYLIGHT,PEDESTRIAN,FOUR WAY,TRAFFIC SIGNAL,FOLLOWING TOO CLOSELY,WEATHER,0,0,0,0,1,5,3,1898,IRVING PARK RD,41.984464,-87.705609,03/03/2016 02:35:00 AM,2016
CR00031597,03/10/2019 05:44:00 PM,25,RAIN,DAYLIGHT,REAR END,NOT DIVIDED,NO CONTROLS,FAILING TO YIELD RIGHT-OF-WAY,FAILING TO REDUCE SPEED,0,0,0,0,17,1,3,634,LAKE SHORE DR,41.859447,-87.792003,03/10/2019 06:41:00 PM,2019
CR00031598,10/30/2023 07:38:00 AM,40,SNOW,DAYLIGHT,REAR END,NOT DIVIDED,NO CONTROLS,DISTRACTION - FROM INSIDE VEHICLE,UNABLE TO DETERMINE,0,0,0,0,7,2,10,1432,STATE ST,41.890293,-87.698726,10/30/2023 07:58:00 AM,2023
CR00031599,06/22/2024 05:04:00 PM,40,CLEAR,DAYLIGHT,SIDESWIPE SAME DIRECTION,NOT DIVIDED,NO CONTROLS,IMPROPER OVERTAKING/PASSING,FOLLOWING TOO CLOSELY,0,0,0,0,17,7,6,1397,CALIFORNIA AVE,41.962157,-87.514565,06/22/2024 06:28:00 PM,2024
CR00031600,05/21/2020 07:39:00 AM,30,CLEAR,DARKNESS - LIGHTED ROAD,REAR END,DIVIDED - W/MEDIAN (NOT RAISED),NO CONTROLS,UNABLE TO DETERMINE,UNABLE TO DETERMINE,0,0,0,0,7,5,5,261,MILWAUKEE AVE,41.875279,-87.742436,05/21/2020 09:38:00 AM,2020
CR00031601,10/03/2023 07:02:00 AM,40,FREEZING RAIN/DRIZZLE,DUSK,SIDESWIPE SAME DIRECTION,ONE-WAY,NO CONTROLS,DISTRACTION - FROM INSIDE VEHICLE,UNABLE TO DETERMINE,0,0,0,0,7,3,10,709,WESTERN AVE,41.982696,-87.70321,10/03/2023 08:14:00 AM,2023
CR00031602,01/18/2015 09:29:00 AM,35,CLEAR,DARKNESS - LIGHTED ROAD,TURNING,NOT DIVIDED,STOP SIGN/FLASHER,DISTRACTION - FROM INSIDE VEHICLE,FOLLOWING TOO CLOSELY,0,0,0,0,9,1,1,954,LAKE SHORE DR,41.763111,-87.578273,01/18/2015 11:08:00 AM,2015
CR00031603,11/26/2020 04:02:00 AM,40,RAIN,DAYLIGHT,PARKED MOTOR VEHICLE,NOT DIVIDED,TRAFFIC SIGNAL,UNABLE TO DETERMINE,DRIVING SKILLS/KNOWLEDGE/EXPERIENCE,0,0,0,0,4,5,11,2289,MICHIGAN AVE,41.711058,-87.80687,11/26/2020 05:10:00 AM,2020
CR00031604,09/03/2018 03:22:00 AM,30,RAIN,DARKNESS - LIGHTED ROAD,REAR END,NOT DIVIDED,NO CONTROLS,IMPROPER OVERTAKING/PASSING,UNABLE TO DETERMINE,0,0,0,0,3,2,9,1890,79TH ST,41.858334,-87.513071,09/03/2018 04:14:00 AM,2018
CR00031605,04/29/2015 05:59:00 PM,25,CLEAR,DAYLIGHT,TURNING,NOT DIVIDED,STOP SIGN/FLASHER,IMPROPER OVERTAKING/PASSING,WEATHER,0,0,0,0,17,4,4,1773,ASHLAND AVE,41.708326,-87.831697,04/29/2015 06:14:00 PM,2015
CR00031606,10/19/2024 06:38:00 PM,20,RAIN,DAYLIGHT,REAR END,FOUR WAY,TRAFFIC SIGNAL,IMPROPER OVERTAKING/PASSING,UNABLE TO DETERMINE,0,0,0,0,18,7,10,1768,DIVISION ST,41.850938,-87.81229,10/19/2024 08:06:00 PM,2024
CR00031607,10/30/2017 08:23:00 PM,45,CLEAR,DAYLIGHT,SIDESWIPE SAME DIRECTION,NOT DIVIDED,NO CONTROLS,IMPROPER OVERTAKING/PASSING,DISTRACTION - FROM INSIDE VEHICLE,0,0,0,0,20,2,10,227,DIVISION ST,41.965593,-87.502601,10/30/2017 08:39:00 PM,2017
CR00031608,02/11/2020 06:22:00 AM,30,CLEAR,DAYLIGHT,ANGLE,DIVIDED - W/MEDIAN (NOT RAISED),NO CONTROLS,FOLLOWING TOO CLOSELY,DISTRACTION - FROM INSIDE VEHICLE,0,0,0,0,6,3,2,2419,LAKE SHORE DR,41.72712,-87.520592,02/11/2020 07:35:00 AM,2020
CR00031609,01/09/2015 03:11:00 AM,30,CLEAR,DARKNESS,REAR END,T-INTERSECTION,NO CONTROLS,IMPROPER OVERTAKING/PASSING,UNABLE TO DETERMINE,0,0,1,1,3,6,1,1259,WESTERN AVE,41.98639,-87.829421,01/09/2015 03:38:00 AM,2015
CR00031610,06/28/2015 05:11:00 PM,30,CLEAR,DARKNESS - LIGHTED ROAD,TURNING,DIVIDED - W/MEDIAN (NOT RAISED),NO CONTROLS,UNABLE TO DETERMINE,NOT APPLICABLE,0,0,0,0,17,1,6,113,CICERO AVE,41.982825,-87.747602,06/28/2015 07:08:00 PM,2015
CR00031611,07/22/2017 07:33:00 PM,40,RAIN,DARKNESS,REAR END,ONE-WAY,UNKNOWN,UNABLE TO DETERMINE,FOLLOWING TOO CLOSELY,0,0,2,2,19,7,7,2309,CALIFORNIA AVE,41.723297,-87.807584,07/22/2017 08:06:00 PM,2017
CR00031612,10/19/2024 06:14:00 PM,25,CLEAR,DAYLIGHT,ANGLE,NOT DIVIDED,TRAFFIC SIGNAL,DISREGARDING TRAFFIC SIGNALS,DISTRACTION - FROM INSIDE VEHICLE,0,0,0,0,18,7,10,1848,CALIFORNIA AVE,41.957163,-87.773917,10/19/2024 07:20:00 PM,2024
CR00031613,12/31/2023 11:29:00 AM,15,RAIN,DARKNESS - LIGHTED ROAD,REAR END,FOUR WAY,TRAFFIC SIGNAL,FAILING TO YIELD RIGHT-OF-WAY,DISREGARDING TRAFFIC SIGNALS,0,0,0,0,11,1,12,2209,ASHLAND AVE,41.989675,-87.705255,12/31/2023 01:11:00 PM,2023
CR00031614,03/04/2024 01:32:00 PM,20,RAIN,DAYLIGHT,SIDESWIPE SAME DIRECTION,ONE-WAY,TRAFFIC SIGNAL,FAILING TO YIELD RIGHT-OF-WAY,FAILING TO YIELD RIGHT-OF-WAY,0,0,0,0,13,2,3,504,ROOSEVELT RD,41.717118,-87.809998,03/04/2024 03:24:00 PM,2024
CR00031615,10/03/2020 01:17:00 PM,35,CLEAR,DAYLIGHT,FIXED OBJECT,DIVIDED - W/MEDIAN BARRIER,NO CONTROLS,UNABLE TO DETERMINE,DRIVING SKILLS/KNOWLEDGE/EXPERIENCE,0,0,0,0,13,7,10,1606,MICHIGAN AVE,41.867339,-87.818722,10/03/2020 02:04:00 PM,2020
CR00031616,01/10/2022 04:06:00 PM,40,CLEAR,DAYLIGHT,SIDESWIPE SAME DIRECTION,NOT DIVIDED,NO CONTROLS,IMPROPER OVERTAKING/PASSING,NOT APPLICABLE,0,0,0,0,16,2,1,142,FULLERTON AVE,41.736757,-87.699676,01/10/2022 04:14:00 PM,2022
CR00031617,01/14/2019 04:27:00 PM,25,CLOUDY/OVERCAST,DARKNESS,TURNING,FOUR WAY,NO CONTROLS,UNABLE TO DETERMINE,NOT APPLICABLE,0,0,0,0,16,2,1,2476,ARCHER AVE,41.749369,-87.839919,01/14/2019 05:50:00 PM,2019
CR00031618,09/29/2015 01:32:00 AM,20,CLEAR,DAYLIGHT,REAR END,NOT DIVIDED,TRAFFIC SIGNAL,UNABLE TO DETERMINE,UNABLE TO DETERMINE,0,0,0,0,1,3,9,1645,CALIFORNIA AVE,41.755892,-87.773581,09/29/2015 02:20:00 AM,2015
CR00031619,11/02/2020 12:23:00 PM,30,CLEAR,DAYLIGHT,SIDESWIPE SAME DIRECTION,DIVIDED - W/MEDIAN (NOT RAISED),STOP SIGN/FLASHER,UNABLE TO DETERMINE,NOT APPLICABLE,0,0,0,0,12,2,11,340,ARCHER AVE,41.729898,-87.612128,11/02/2020 02:19:00 PM,2020
CR00031620,06/25/2016 12:45:00 PM,30,CLEAR,DARKNESS - LIGHTED ROAD,TURNING,NOT DIVIDED,NO CONTROLS,IMPROPER LANE USAGE,NOT APPLICABLE,0,0,0,0,12,7,6,2162,ARCHER AVE,41.981601,-87.580061,06/25/2016 01:06:00 PM,2016
CR00031621,07/25/2018 05:22:00 PM,30,CLEAR,DAYLIGHT,PEDESTRIAN,ONE-WAY,TRAFFIC SIGNAL,UNABLE TO DETERMINE,DRIVING SKILLS/KNOWLEDGE/EXPERIENCE,0,0,0,0,17,4,7,412,STATE ST,41.737575,-87.725371,07/25/2018 05:29:00 PM,2018
CR00031622,10/14/2022 04:57:00 PM,35,CLEAR,DARKNESS - LIGHTED ROAD,REAR END,FOUR WAY,NO CONTROLS,FAILING TO YIELD RIGHT-OF-WAY,FOLLOWING TOO CLOSELY,0,0,0,0,16,6,10,779,63RD ST,41.958514,-87.799821,10/14/2022 05:03:00 PM,2022
CR00031623,11/19/2015 07:35:00 PM,25,CLEAR,DAYLIGHT,REAR END,ONE-WAY,NO CONTROLS,UNABLE TO DETERMINE,NOT APPLICABLE,0,0,0,0,19,5,11,1586,PULASKI RD,41.730819,-87.600926,11/19/2015 09:34:00 PM,2015
CR00031624,11/20/2015 05:21:00 AM,20,CLOUDY/OVERCAST,DAYLIGHT,TURNING,T-INTERSECTION,YIELD,DISTRACTION - FROM INSIDE VEHICLE,FAILING TO YIELD RIGHT-OF-WAY,0,0,0,0,5,6,11,2125,IRVING PARK RD,41.938887,-87.681743,11/20/2015 07:17:00 AM,2015
CR00031625,09/23/2020 08:27:00 PM,25,CLOUDY/OVERCAST,DARKNESS - LIGHTED ROAD,REAR END,FOUR WAY,NO CONTROLS,IMPROPER OVERTAKING/PASSING,IMPROPER LANE USAGE,0,0,0,0,20,4,9,1135,79TH ST,41.88352,-87.670813,09/23/2020 09:40:00 PM,2020
CR00031626,03/25/2021 02:02:00 AM,35,CLOUDY/OVERCAST,DARKNESS - LIGHTED ROAD,REAR END,NOT DIVIDED,TRAFFIC SIGNAL,FAILING TO YIELD RIGHT-OF-WAY,FOLLOWING TOO CLOSELY,0,0,0,0,2,5,3,768,ASHLAND AVE,41.887023,-87.76786,03/25/2021 03:40:00 AM,2021
CR00031627,10/09/2021 09:23:00 PM,30,CLEAR,DAYLIGHT,ANGLE,NOT DIVIDED,NO CONTROLS,IMPROPER OVERTAKING/PASSING,FAILING TO YIELD RIGHT-OF-WAY,0,0,2,2,21,7,10,2349,DAMEN AVE,41.768238,-87.658339,10/09/2021 11:18:00 PM,2021
CR00031628,10/24/2017 11:45:00 AM,20,RAIN,DAYLIGHT,REAR END,FOUR WAY,NO CONTROLS,FOLLOWING TOO CLOSELY,FAILING TO YIELD RIGHT-OF-WAY,0,0,0,0,11,3,10,1075,CLARK ST,41.886675,-87.824762,10/24/2017 11:58:00 AM,2017
CR00031629,08/23/2023 08:04:00 AM,15,CLEAR,DUSK,TURNING,ONE-WAY,STOP SIGN/FLASHER,IMPROPER LANE USAGE,IMPROPER LANE USAGE,0,0,3,3,8,4,8,1837,CICERO AVE,41.868043,-87.669811,08/23/2023 08:15:00 AM,2023
CR00031630,12/04/2024 01:28:00 PM,30,CLEAR,DAYLIGHT,REAR TO FRONT,NOT DIVIDED,NO CONTROLS,UNABLE TO DETERMINE,DRIVING SKILLS/KNOWLEDGE/EXPERIENCE,0,0,0,0,13,4,12,269,ROOSEVELT RD,41.958463,-87.523082,12/04/2024 01:42:00 PM,2024
CR00031631,10/07/2022 12:30:00 PM,35,CLEAR,DARKNESS - LIGHTED ROAD,FIXED OBJECT,DIVIDED - W/MEDIAN BARRIER,NO CONTROLS,DISTRACTION - FROM INSIDE VEHICLE,DISTRACTION - FROM INSIDE VEHICLE,0,0,0,0,12,6,10,2130,CICERO AVE,41.815236,-87.604794,10/07/2022 01:41:00 PM,2022
CR00031632,05/05/2021 11:46:00 PM,35,CLEAR,DAYLIGHT,REAR END,FOUR WAY,STOP SIGN/FLASHER,FAILING TO REDUCE SPEED,FOLLOWING TOO CLOSELY,0,0,1,1,23,4,5,1075,47TH ST,41.8621,-87.688599,05/05/2021 11:53:00 PM,2021
CR00031633,01/26/2020 02:09:00 PM,20,CLEAR,DARKNESS - LIGHTED ROAD,REAR END,NOT DIVIDED,STOP SIGN/FLASHER,UNABLE TO DETERMINE,WEATHER,0,0,0,0,14,1,1,1991,DIVISION ST,41.860183,-87.796189,01/26/2020 02:23:00 PM,2020
CR00031634,08/18/2024 12:35:00 PM,15,CLEAR,DAYLIGHT,PEDESTRIAN,ONE-WAY,NO CONTROLS,DISTRACTION - FROM INSIDE VEHICLE,UNABLE TO DETERMINE,0,0,1,1,12,1,8,864,MILWAUKEE AVE,41.976169,-87.775243,08/18/2024 01:30:00 PM,2024
CR00031635,10/02/2024 08:26:00 PM,30,CLEAR,DAWN,ANGLE,DIVIDED - W/MEDIAN BARRIER,TRAFFIC SIGNAL,IMPROPER OVERTAKING/PASSING,NOT APPLICABLE,0,0,1,1,20,4,10,1966,LAKE SHORE DR,41.731803,-87.795654,10/02/2024 09:11:00 PM,2024
CR00031636,04/30/2021 06:25:00 PM,15,CLEAR,DARKNESS - LIGHTED ROAD,REAR END,DIVIDED - W/MEDIAN BARRIER,NO CONTROLS,FAILING TO YIELD RIGHT-OF-WAY,DRIVING SKILLS/KNOWLEDGE/EXPERIENCE,0,0,0,0,18,6,4,241,IRVING PARK RD,41.716154,-87.762839,04/30/2021 06:44:00 PM,2021
CR00031637,12/15/2017 11:51:00 AM,30,CLEAR,DAYLIGHT,REAR END,NOT DIVIDED,YIELD,FAILING TO YIELD RIGHT-OF-WAY,DRIVING SKILLS/KNOWLEDGE/EXPERIENCE,0,0,3,3,11,6,12,941,STATE ST,41.937072,-87.789809,12/15/2017 12:08:00 PM,2017
CR00031638,12/25/2023 12:31:00 AM,40,CLEAR,DAYLIGHT,ANGLE,NOT DIVIDED,NO CONTROLS,FOLLOWING TOO CLOSELY,FOLLOWING TOO CLOSELY,0,0,0,0,0,2,12,2306,FULLERTON AVE,41.956032,-87.776078,12/25/2023 01:29:00 AM,2023
CR00031639,10/12/2019 07:34:00 AM,30,CLEAR,DAYLIGHT,REAR END,T-INTERSECTION,TRAFFIC SIGNAL,DISREGARDING TRAFFIC SIGNALS,NOT APPLICABLE,0,0,0,0,7,7,10,2402,WESTERN AVE,41.91715,-87.712882,10/12/2019 09:15:00 AM,2019
CR00031640,08/29/2019 07:21:00 PM,30,CLEAR,DARKNESS - LIGHTED ROAD,REAR END,FOUR WAY,NO CONTROLS,DRIVING SKILLS/KNOWLEDGE/EXPERIENCE,FAILING TO REDUCE SPEED,0,0,0,0,19,5,8,497,47TH ST,41.943041,-87.816322,08/29/2019 08:36:00 PM,2019
CR00031641,06/27/2024 05:10:00 PM,35,SNOW,DAYLIGHT,REAR END,FOUR WAY,PEDESTRIAN CROSSING SIGN,IMPROPER LANE USAGE,NOT APPLICABLE,0,0,0,0,17,5,6,1485,BROADWAY,41.97795,-87.587905,06/27/2024 07:10:00 PM,2024
CR00031642,01/09/2019 02:32:00 PM,25,CLEAR,DARKNESS - LIGHTED ROAD,REAR END,DIVIDED - W/MEDIAN BARRIER,STOP SIGN/FLASHER,UNABLE TO DETERMINE,FOLLOWING TOO CLOSELY,0,0,0,0,14,4,1,452,ELSTON AVE,41.894828,-87.805775,01/09/2019 02:55:00 PM,2019
CR00031643,09/12/2022 06:56:00 PM,30,CLEAR,DAYLIGHT,REAR END,FOUR WAY,STOP SIGN/FLASHER,FOLLOWING TOO CLOSELY,FOLLOWING TOO CLOSELY,0,0,2,2,18,2,9,2128,IRVING PARK RD,41.914604,-87.561384,09/12/2022 07:33:00 PM,2022
CR00031644,09/08/2023 05:15:00 AM,20,CLEAR,DAYLIGHT,REAR END,NOT DIVIDED,TRAFFIC SIGNAL,FAILING TO YIELD RIGHT-OF-WAY,IMPROPER LANE USAGE,0,0,0,0,5,6,9,1106,CALIFORNIA AVE,41.805199,-87.659969,09/08/2023 06:28:00 AM,2023
CR00031645,02/07/2024 08:29:00 PM,40,CLEAR,DAYLIGHT,ANGLE,NOT DIVIDED,TRAFFIC SIGNAL,DISTRACTION - FROM INSIDE VEHICLE,FOLLOWING TOO CLOSELY,0,0,0,0,20,4,2,1665,OGDEN AVE,41.721886,-87.602652,02/07/2024 09:20:00 PM,2024
CR00031646,09/07/2024 02:26:00 AM,20,RAIN,DARKNESS,TURNING,NOT DIVIDED,STOP SIGN/FLASHER,IMPROPER LANE USAGE,IMPROPER LANE USAGE,0,0,0,0,2,7,9,1430,BROADWAY,41.946376,-87.524323,09/07/2024 03:22:00 AM,2024
CR00031647,02/08/2024 07:22:00 PM,20,CLEAR,DAYLIGHT,REAR END,FOUR WAY,PEDESTRIAN CROSSING SIGN,WEATHER,FOLLOWING TOO CLOSELY,0,0,0,0,19,5,2,1969,MILWAUKEE AVE,41.778819,-87.678887,02/08/2024 08:18:00 PM,2024
CR00031648,02/22/2023 07:18:00 PM,30,CLEAR,DARKNESS - LIGHTED ROAD,ANGLE,T-INTERSECTION,TRAFFIC SIGNAL,UNABLE TO DETERMINE,NOT APPLICABLE,0,0,1,1,19,4,2,1533,STONY ISLAND AVE,41.771415,-87.510579,02/22/2023 08:32:00 PM,2023
CR00031649,07/28/2021 11:37:00 AM,25,CLEAR,DARKNESS - LIGHTED ROAD,PARKED MOTOR VEHICLE,DIVIDED - W/MEDIAN BARRIER,NO CONTROLS,IMPROPER OVERTAKING/PASSING,UNABLE TO DETERMINE,0,0,0,0,11,4,7,1507,ELSTON AVE,41.770831,-87.728026,07/28/2021 12:23:00 PM,2021
CR00031650,02/13/2023 06:03:00 PM,35,CLEAR,DUSK,SIDESWIPE SAME DIRECTION,FOUR WAY,TRAFFIC SIGNAL,FAILING TO YIELD RIGHT-OF-WAY,NOT APPLICABLE,0,2,1,3,18,2,2,2204,IRVING PARK RD,41.864315,-87.756398,02/13/2023 06:05:00 PM,2023
CR00031651,10/12/2021 01:21:00 PM,40,CLEAR,DARKNESS - LIGHTED ROAD,ANGLE,DIVIDED - W/MEDIAN (NOT RAISED),YIELD,FOLLOWING TOO CLOSELY,NOT APPLICABLE,0,0,0,0,13,3,10,1994,ASHLAND AVE,41.868248,-87.562567,10/12/2021 02:46:00 PM,2021
CR00031652,03/25/2017 03:42:00 PM,25,CLEAR,DAYLIGHT,REAR END,DIVIDED - W/MEDIAN (NOT RAISED),TRAFFIC SIGNAL,FAILING TO YIELD RIGHT-OF-WAY,WEATHER,0,0,0,0,15,7,3,140,BROADWAY,41.820954,-87.505265,03/25/2017 04:26:00 PM,2017
CR00031653,12/27/2022 02:20:00 PM,40,CLEAR,DAYLIGHT,REAR END,NOT DIVIDED,NO CONTROLS,FAILING TO YIELD RIGHT-OF-WAY,IMPROPER OVERTAKING/PASSING,0,1,2,3,14,3,12,127,STATE ST,41.813918,-87.642313,12/27/2022 03:04:00 PM,2022
CR00031654,11/14/2016 06:23:00 PM,45,CLEAR,DAWN,TURNING,NOT DIVIDED,NO CONTROLS,DISREGARDING TRAFFIC SIGNALS,UNABLE TO DETERMINE,0,0,0,0,18,2,11,2213,CLARK ST,41.879742,-87.838327,11/14/2016 07:09:00 PM,2016
CR00031655,08/11/2019 06:18:00 PM,30,CLEAR,DAYLIGHT,ANGLE,NOT DIVIDED,TRAFFIC SIGNAL,UNABLE TO DETERMINE,NOT APPLICABLE,0,0,0,0,18,1,8,1633,HALSTED ST,41.906322,-87.537965,08/11/2019 07:52:00 PM,2019
CR00031656,10/21/2019 10:52:00 AM,40,CLEAR,DAYLIGHT,SIDESWIPE SAME DIRECTION,DIVIDED - W/MEDIAN (NOT RAISED),NO CONTROLS,FOLLOWING TOO CLOSELY,UNABLE TO DETERMINE,0,0,0,0,10,2,10,743,STONY ISLAND AVE,41.917118,-87.669144,10/21/2019 11:36:00 AM,2019
CR00031657,01/28/2019 10:08:00 PM,35,CLEAR,DARKNESS - LIGHTED ROAD,REAR TO FRONT,DIVIDED - W/MEDIAN (NOT RAISED),STOP SIGN/FLASHER,DISTRACTION - FROM INSIDE VEHICLE,DRIVING SKILLS/KNOWLEDGE/EXPERIENCE,0,0,0,0,22,2,1,1283,ARCHER AVE,41.924372,-87.766593,01/28/2019 11:24:00 PM,2019
CR00031658,07/30/2022 02:04:00 PM,40,CLOUDY/OVERCAST,DARKNESS - LIGHTED ROAD,PARKED MOTOR VEHICLE,DIVIDED - W/MEDIAN (NOT RAISED),STOP SIGN/FLASHER,DISTRACTION - FROM INSIDE VEHICLE,DISTRACTION - FROM INSIDE VEHICLE,0,0,0,0,14,7,7,1658,HALSTED ST,41.911631,-87.688367,07/30/2022 03:49:00 PM,2022
CR00031659,07/10/2016 09:12:00 AM,30,RAIN,DARKNESS,REAR END,DIVIDED - W/MEDIAN (NOT RAISED),TRAFFIC SIGNAL,FAILING TO REDUCE SPEED,FAILING TO REDUCE SPEED,0,0,0,0,9,1,7,2365,DIVISION ST,41.760967,-87.814769,07/10/2016 10:59:00 AM,2016
CR00031660,03/06/2022 04:04:00 AM,20,CLOUDY/OVERCAST,DAYLIGHT,REAR END,FOUR WAY,STOP SIGN/FLASHER,UNABLE TO DETERMINE,UNABLE TO DETERMINE,0,1,3,4,4,1,3,1100,79TH ST,41.912807,-87.50289,03/06/2022 04:22:00 AM,2022
CR00031661,10/18/2017 04:25:00 PM,35,CLEAR,DAYLIGHT,SIDESWIPE SAME DIRECTION,NOT DIVIDED,TRAFFIC SIGNAL,IMPROPER OVERTAKING/PASSING,UNABLE TO DETERMINE,0,0,0,0,16,4,10,1155,PULASKI RD,41.767975,-87.708664,10/18/2017 04:45:00 PM,2017
CR00031662,09/20/2024 08:35:00 PM,30,CLEAR,DAYLIGHT,ANGLE,NOT DIVIDED,NO CONTROLS,WEATHER,FOLLOWING TOO CLOSELY,0,0,0,0,20,6,9,670,BROADWAY,41.986444,-87.724069,09/20/2024 10:00:00 PM,2024
CR00031663,05/16/2015 05:48:00 PM,45,CLEAR,DARKNESS,ANGLE,DIVIDED - W/MEDIAN BARRIER,NO CONTROLS,UNABLE TO DETERMINE,DISTRACTION - FROM INSIDE VEHICLE,0,0,0,0,17,7,5,315,LAKE SHORE DR,41.82555,-87.725464,05/16/2015 06:55:00 PM,2015
CR00031664,10/23/2021 02:47:00 PM,30,CLEAR,DARKNESS - LIGHTED ROAD,TURNING,NOT DIVIDED,NO CONTROLS,DISTRACTION - FROM INSIDE VEHICLE,FOLLOWING TOO CLOSELY,0,0,0,0,14,7,10,538,STATE ST,41.868584,-87.752401,10/23/2021 03:31:00 PM,2021
CR00031665,02/19/2015 01:22:00 PM,45,CLEAR,DARKNESS - LIGHTED ROAD,TURNING,DIVIDED - W/MEDIAN BARRIER,TRAFFIC SIGNAL,UNABLE TO DETERMINE,NOT APPLICABLE,0,0,0,0,13,5,2,1269,47TH ST,41.978458,-87.810876,02/19/2015 01:51:00 PM,2015
CR00031666,01/08/2019 10:19:00 AM,25,CLEAR,DARKNESS - LIGHTED ROAD,REAR END,ONE-WAY,NO CONTROLS,DISREGARDING TRAFFIC SIGNALS,NOT APPLICABLE,0,0,0,0,10,3,1,213,HALSTED ST,41.960791,-87.843628,01/08/2019 10:28:00 AM,2019
CR00031667,10/15/2020 10:12:00 AM,40,CLOUDY/OVERCAST,DUSK,REAR END,NOT DIVIDED,TRAFFIC SIGNAL,FAILING TO REDUCE SPEED,UNABLE TO DETERMINE,0,0,0,0,10,5,10,2363,ASHLAND AVE,41.933663,-87.677468,10/15/2020 11:37:00 AM,2020
CR00031668,11/28/2018 08:10:00 PM,30,CLEAR,DAYLIGHT,ANGLE,NOT DIVIDED,STOP SIGN/FLASHER,IMPROPER LANE USAGE,FAILING TO REDUCE SPEED,0,0,0,0,20,4,11,2298,WESTERN AVE,41.788714,-87.735525,11/28/2018 09:55:00 PM,2018
CR00031669,11/22/2018 10:02:00 PM,25,CLEAR,DARKNESS - LIGHTED ROAD,TURNING,NOT DIVIDED,NO CONTROLS,FOLLOWING TOO CLOSELY,NOT APPLICABLE,0,0,0,0,22,5,11,212,DIVISION ST,41.72788,-87.65266,11/22/2018 10:09:00 PM,2018
CR00031670,08/30/2022 05:20:00 PM,40,CLEAR,DARKNESS - LIGHTED ROAD,REAR END,DIVIDED - W/MEDIAN BARRIER,TRAFFIC SIGNAL,FOLLOWING TOO CLOSELY,WEATHER,0,0,0,0,17,3,8,1588,47TH ST,41.87667,-87.502163,08/30/2022 05:24:00 PM,2022
CR00031671,05/05/2020 06:45:00 PM,30,SNOW,DAYLIGHT,REAR END,T-INTERSECTION,NO CONTROLS,UNABLE TO DETERMINE,FAILING TO REDUCE SPEED,0,1,1,2,18,3,5,2157,OGDEN AVE,41.845728,-87.501187,05/05/2020 06:55:00 PM,2020
CR00031672,02/23/2020 04:18:00 PM,25,CLOUDY/OVERCAST,DARKNESS,TURNING,ONE-WAY,UNKNOWN,IMPROPER LANE USAGE,FOLLOWING TOO CLOSELY,0,0,0,0,16,1,2,2482,WESTERN AVE,41.98981,-87.525173,02/23/2020 06:10:00 PM,2020
CR00031673,08/07/2024 02:26:00 PM,35,SNOW,DAYLIGHT,REAR END,NOT DIVIDED,STOP SIGN/FLASHER,DRIVING SKILLS/KNOWLEDGE/EXPERIENCE,DRIVING SKILLS/KNOWLEDGE/EXPERIENCE,0,0,0,0,14,4,8,356,STATE ST,41.707331,-87.766734,08/07/2024 04:16:00 PM,2024
CR00031674,10/28/2015 09:37:00 PM,15,CLOUDY/OVERCAST,DAYLIGHT,TURNING,DIVIDED - W/MEDIAN BARRIER,PEDESTRIAN CROSSING SIGN,FAILING TO REDUCE SPEED,DRIVING SKILLS/KNOWLEDGE/EXPERIENCE,0,0,0,0,21,4,10,2227,WESTERN AVE,41.962063,-87.680158,10/28/2015 10:18:00 PM,2015
CR00031675,07/12/2016 03:38:00 AM,35,CLEAR,DUSK,REAR END,DIVIDED - W/MEDIAN (NOT RAISED),NO CONTROLS,FOLLOWING TOO CLOSELY,NOT APPLICABLE,0,0,0,0,3,3,7,1516,STATE ST,41.937579,-87.651382,07/12/2016 04:43:00 AM,2016
CR00031676,08/12/2016 03:52:00 PM,30,CLEAR,DAYLIGHT,PARKED MOTOR VEHICLE,DIVIDED - W/MEDIAN (NOT RAISED),UNKNOWN,UNABLE TO DETERMINE,NOT APPLICABLE,0,0,0,0,15,6,8,2396,63RD ST,41.791712,-87.655192,08/12/2016 04:52:00 PM,2016
CR00031677,04/01/2016 05:28:00 PM,30,CLEAR,DARKNESS,REAR END,DIVIDED - W/MEDIAN (NOT RAISED),TRAFFIC SIGNAL,UNABLE TO DETERMINE,UNABLE TO DETERMINE,0,0,0,0,17,6,4,1451,CICERO AVE,41.833836,-87.709517,04/01/2016 05:59:00 PM,2016