CRASH_RECORD_ID,CRASH_DATE,POSTED_SPEED_LIMIT,WEATHER_CONDITION,LIGHTING_CONDITION,FIRST_CRASH_TYPE,TRAFFICWAY_TYPE,TRAFFIC_CONTROL_DEVICE,PRIM_CONTRIBUTORY_CAUSE,SEC_CONTRIBUTORY_CAUSE,INJURIES_FATAL,INJURIES_INCAPACITATING,INJURIES_NON_INCAPACITATING,INJURIES_TOTAL,CRASH_HOUR,CRASH_DAY_OF_WEEK,CRASH_MONTH,BEAT_OF_OCCURRENCE,STREET_NAME,LATITUDE,LONGITUDE,DATE_POLICE_NOTIFIED,year
CR00031678,05/23/2018 08:11:00 PM,20,CLEAR,DAYLIGHT,TURNING,T-INTERSECTION,NO CONTROLS,FAILING TO YIELD RIGHT-OF-WAY,UNABLE TO DETERMINE,0,0,0,0,20,4,5,1825,STONY ISLAND AVE,41.997729,-87.76335,05/23/2018 08:20:00 PM,2018
CR00031679,12/25/2016 06:36:00 PM,30,CLEAR,DAYLIGHT,SIDESWIPE SAME DIRECTION,T-INTERSECTION,TRAFFIC SIGNAL,IMPROPER LANE USAGE,FAILING TO YIELD RIGHT-OF-WAY,0,0,0,0,18,1,12,469,CALIFORNIA AVE,41.906282,-87.671288,12/25/2016 07:28:00 PM,2016
CR00031680,04/01/2022 08:12:00 AM,35,CLEAR,DARKNESS - LIGHTED ROAD,REAR END,NOT DIVIDED,STOP SIGN/FLASHER,UNABLE TO DETERMINE,FOLLOWING TOO CLOSELY,0,0,0,0,8,6,4,461,OGDEN AVE,41.93423,-87.646318,04/01/2022 09:44:00 AM,2022
CR00031681,02/02/2020 11:08:00 AM,30,CLEAR,DAWN,REAR TO FRONT,DIVIDED - W/MEDIAN (NOT RAISED),NO CONTROLS,FAILING TO YIELD RIGHT-OF-WAY,FAILING TO YIELD RIGHT-OF-WAY,0,0,0,0,11,1,2,1369,OGDEN AVE,41.974115,-87.787677,02/02/2020 12:47:00 PM,2020
CR00031682,05/21/2022 11:37:00 PM,20,CLEAR,DAWN,REAR END,NOT DIVIDED,TRAFFIC SIGNAL,FAILING TO REDUCE SPEED,FAILING TO YIELD RIGHT-OF-WAY,0,0,0,0,23,7,5,641,PULASKI RD,41.814025,-87.523018,05/22/2022 01:30:00 AM,2022
CR00031683,02/20/2018 04:13:00 PM,35,CLEAR,DARKNESS - LIGHTED ROAD,ANGLE,NOT DIVIDED,TRAFFIC SIGNAL,UNABLE TO DETERMINE,FOLLOWING TOO CLOSELY,0,0,0,0,16,3,2,2429,MICHIGAN AVE,41.881426,-87.543448,02/20/2018 05:22:00 PM,2018
CR00031684,08/18/2018 12:20:00 PM,30,CLEAR,DARKNESS,REAR END,NOT DIVIDED,UNKNOWN,FAILING TO YIELD RIGHT-OF-WAY,DISTRACTION - FROM INSIDE VEHICLE,0,0,0,0,12,7,8,892,ELSTON AVE,41.874003,-87.609053,08/18/2018 01:05:00 PM,2018
CR00031685,06/26/2023 08:21:00 AM,15,CLEAR,DAYLIGHT,TURNING,T-INTERSECTION,NO CONTROLS,DRIVING SKILLS/KNOWLEDGE/EXPERIENCE,NOT APPLICABLE,0,0,1,1,8,2,6,2209,47TH ST,41.79183,-87.722831,06/26/2023 08:38:00 AM,2023
CR00031686,12/23/2016 08:50:00 PM,25,CLEAR,DAYLIGHT,PARKED MOTOR VEHICLE,ONE-WAY,NO CONTROLS,DRIVING SKILLS/KNOWLEDGE/EXPERIENCE,IMPROPER LANE USAGE,0,0,0,0,20,6,12,434,HALSTED ST,41.722126,-87.809345,12/23/2016 09:15:00 PM,2016
CR00031687,08/21/2016 06:41:00 PM,30,CLEAR,DAYLIGHT,REAR END,T-INTERSECTION,PEDESTRIAN CROSSING SIGN,FAILING TO REDUCE SPEED,IMPROPER OVERTAKING/PASSING,0,0,0,0,18,1,8,333,KEDZIE AVE,41.935275,-87.513605,08/21/2016 08:39:00 PM,2016
CR00031688,07/30/2020 08:54:00 AM,30,CLEAR,DUSK,REAR TO FRONT,ONE-WAY,NO CONTROLS,IMPROPER OVERTAKING/PASSING,DRIVING SKILLS/KNOWLEDGE/EXPERIENCE,0,0,0,0,8,5,7,1273,ASHLAND AVE,41.809689,-87.768827,07/30/2020 09:00:00 AM,2020
CR00031689,03/20/2024 02:56:00 PM,35,SNOW,DARKNESS - LIGHTED ROAD,PARKED MOTOR VEHICLE,NOT DIVIDED,TRAFFIC SIGNAL,UNABLE TO DETERMINE,IMPROPER LANE USAGE,0,0,0,0,14,4,3,1989,WESTERN AVE,41.781459,-87.812307,03/20/2024 03:11:00 PM,2024
CR00031690,03/08/2020 03:35:00 PM,35,CLOUDY/OVERCAST,DAYLIGHT,REAR END,FOUR WAY,YIELD,IMPROPER LANE USAGE,UNABLE TO DETERMINE,0,0,0,0,15,1,3,2472,CALIFORNIA AVE,41.780115,-87.678483,03/08/2020 05:13:00 PM,2020
CR00031691,07/16/2019 12:04:00 PM,35,CLEAR,DAYLIGHT,TURNING,NOT DIVIDED,NO CONTROLS,FAILING TO REDUCE SPEED,FOLLOWING TOO CLOSELY,0,0,0,0,12,3,7,2345,STONY ISLAND AVE,41.946496,-87.737858,07/16/2019 01:01:00 PM,2019
CR00031692,01/13/2021 07:26:00 AM,30,RAIN,DAYLIGHT,SIDESWIPE SAME DIRECTION,ONE-WAY,NO CONTROLS,FOLLOWING TOO CLOSELY,FOLLOWING TOO CLOSELY,0,0,0,0,7,4,1,1252,47TH ST,41.70541,-87.576981,01/13/2021 08:17:00 AM,2021
CR00031693,01/24/2023 01:42:00 PM,35,CLEAR,DAYLIGHT,SIDESWIPE SAME DIRECTION,FOUR WAY,NO CONTROLS,FOLLOWING TOO CLOSELY,FOLLOWING TOO CLOSELY,0,0,0,0,13,3,1,1256,FULLERTON AVE,41.871354,-87.684477,01/24/2023 02:37:00 PM,2023
CR00031694,08/17/2022 08:37:00 AM,30,CLEAR,DARKNESS - LIGHTED ROAD,SIDESWIPE SAME DIRECTION,NOT DIVIDED,NO CONTROLS,FOLLOWING TOO CLOSELY,NOT APPLICABLE,0,0,1,1,8,4,8,1311,CALIFORNIA AVE,41.948232,-87.579662,08/17/2022 10:05:00 AM,2022
CR00031695,03/04/2022 12:23:00 PM,45,CLEAR,DARKNESS - LIGHTED ROAD,PARKED MOTOR VEHICLE,NOT DIVIDED,STOP SIGN/FLASHER,DISTRACTION - FROM INSIDE VEHICLE,IMPROPER OVERTAKING/PASSING,0,0,0,0,12,6,3,1757,STONY ISLAND AVE,41.935045,-87.787222,03/04/2022 01:01:00 PM,2022
CR00031696,11/06/2017 04:53:00 PM,30,CLEAR,DAYLIGHT,REAR END,NOT DIVIDED,NO CONTROLS,FAILING TO YIELD RIGHT-OF-WAY,IMPROPER OVERTAKING/PASSING,0,0,1,1,16,2,11,2174,MILWAUKEE AVE,41.981712,-87.637028,11/06/2017 05:11:00 PM,2017
CR00031697,05/10/2018 12:44:00 PM,20,CLEAR,DAYLIGHT,REAR END,DIVIDED - W/MEDIAN (NOT RAISED),TRAFFIC SIGNAL,FAILING TO YIELD RIGHT-OF-WAY,FAILING TO YIELD RIGHT-OF-WAY,0,0,0,0,12,5,5,1703,STATE ST,41.860391,-87.656349,05/10/2018 02:35:00 PM,2018
CR00031698,10/11/2018 01:47:00 PM,15,CLEAR,DAYLIGHT,ANGLE,ONE-WAY,YIELD,DRIVING SKILLS/KNOWLEDGE/EXPERIENCE,FOLLOWING TOO CLOSELY,0,0,0,0,13,5,10,559,DAMEN AVE,41.71719,-87.715222,10/11/2018 01:49:00 PM,2018
CR00031699,11/22/2017 04:16:00 PM,30,CLEAR,DAYLIGHT,ANGLE,T-INTERSECTION,TRAFFIC SIGNAL,DRIVING SKILLS/KNOWLEDGE/EXPERIENCE,NOT APPLICABLE,0,0,2,2,16,4,11,278,DAMEN AVE,41.933906,-87.527503,11/22/2017 05:38:00 PM,2017
CR00031700,04/24/2015 08:23:00 AM,25,CLEAR,DUSK,REAR END,DIVIDED - W/MEDIAN BARRIER,TRAFFIC SIGNAL,UNABLE TO DETERMINE,UNABLE TO DETERMINE,0,0,0,0,8,6,4,1939,79TH ST,41.914089,-87.652986,04/24/2015 09:12:00 AM,2015
CR00031701,11/14/2018 06:23:00 PM,45,CLEAR,DARKNESS - LIGHTED ROAD,SIDESWIPE SAME DIRECTION,NOT DIVIDED,NO CONTROLS,FAILING TO YIELD RIGHT-OF-WAY,IMPROPER OVERTAKING/PASSING,0,0,1,1,18,4,11,791,63RD ST,41.951875,-87.607118,11/14/2018 07:27:00 PM,2018
CR00031702,12/23/2019 08:30:00 PM,30,CLEAR,DAYLIGHT,TURNING,DIVIDED - W/MEDIAN (NOT RAISED),NO CONTROLS,WEATHER,FAILING TO YIELD RIGHT-OF-WAY,0,0,0,0,20,2,12,1771,KEDZIE AVE,41.828304,-87.782146,12/23/2019 09:46:00 PM,2019
CR00031703,11/15/2020 08:01:00 AM,45,CLEAR,DARKNESS - LIGHTED ROAD,REAR END,NOT DIVIDED,YIELD,DISREGARDING TRAFFIC SIGNALS,UNABLE TO DETERMINE,0,0,0,0,8,1,11,900,MILWAUKEE AVE,41.894774,-87.536948,11/15/2020 08:12:00 AM,2020
CR00031704,04/19/2017 06:56:00 PM,30,CLEAR,DAYLIGHT,SIDESWIPE SAME DIRECTION,NOT DIVIDED,STOP SIGN/FLASHER,UNABLE TO DETERMINE,FAILING TO YIELD RIGHT-OF-WAY,0,0,1,1,18,4,4,1936,63RD ST,41.912389,-87.617745,04/19/2017 08:01:00 PM,2017
CR00031705,12/16/2024 04:05:00 PM,15,CLEAR,DAYLIGHT,TURNING,T-INTERSECTION,TRAFFIC SIGNAL,DISREGARDING TRAFFIC SIGNALS,NOT APPLICABLE,0,0,0,0,16,2,12,403,LAKE SHORE DR,41.807597,-87.575998,12/16/2024 05:29:00 PM,2024
CR00031706,03/06/2019 05:50:00 PM,25,CLOUDY/OVERCAST,DAYLIGHT,ANGLE,NOT DIVIDED,NO CONTROLS,FAILING TO YIELD RIGHT-OF-WAY,NOT APPLICABLE,0,0,0,0,17,4,3,2408,PULASKI RD,41.968452,-87.598655,03/06/2019 07:37:00 PM,2019
CR00031707,05/07/2018 04:26:00 PM,15,CLEAR,DAYLIGHT,PARKED MOTOR VEHICLE,FOUR WAY,NO CONTROLS,FAILING TO YIELD RIGHT-OF-WAY,NOT APPLICABLE,0,0,0,0,16,2,5,142,HALSTED ST,41.997204,-87.662884,05/07/2018 05:33:00 PM,2018
CR00031708,08/03/2021 08:25:00 PM,35,CLEAR,DAYLIGHT,SIDESWIPE SAME DIRECTION,NOT DIVIDED,NO CONTROLS,FOLLOWING TOO CLOSELY,NOT APPLICABLE,0,0,0,0,20,3,8,1827,STATE ST,41.998077,-87.597449,08/03/2021 08:53:00 PM,2021
CR00031709,06/13/2023 08:37:00 AM,35,CLEAR,DARKNESS,REAR END,DIVIDED - W/MEDIAN (NOT RAISED),NO CONTROLS,UNABLE TO DETERMINE,FAILING TO YIELD RIGHT-OF-WAY,0,0,0,0,8,3,6,654,MICHIGAN AVE,41.87718,-87.683832,06/13/2023 10:25:00 AM,2023
CR00031710,07/27/2016 11:18:00 AM,30,RAIN,DAYLIGHT,REAR END,T-INTERSECTION,TRAFFIC SIGNAL,UNABLE TO DETERMINE,DRIVING SKILLS/KNOWLEDGE/EXPERIENCE,0,0,0,0,11,4,7,2305,63RD ST,41.784573,-87.510424,07/27/2016 12:09:00 PM,2016
CR00031711,12/17/2018 04:42:00 AM,40,CLEAR,DARKNESS - LIGHTED ROAD,REAR END,FOUR WAY,TRAFFIC SIGNAL,IMPROPER LANE USAGE,FAILING TO YIELD RIGHT-OF-WAY,0,0,0,0,4,2,12,1757,OGDEN AVE,41.906775,-87.658913,12/17/2018 05:04:00 AM,2018
CR00031712,05/23/2016 10:17:00 AM,30,CLEAR,DARKNESS - LIGHTED ROAD,TURNING,DIVIDED - W/MEDIAN BARRIER,NO CONTROLS,FAILING TO REDUCE SPEED,NOT APPLICABLE,0,0,0,0,10,2,5,2152,IRVING PARK RD,41.753958,-87.767202,05/23/2016 11:36:00 AM,2016
CR00031713,06/27/2022 05:16:00 PM,30,CLEAR,DAYLIGHT,REAR END,DIVIDED - W/MEDIAN BARRIER,TRAFFIC SIGNAL,UNABLE TO DETERMINE,DRIVING SKILLS/KNOWLEDGE/EXPERIENCE,0,0,0,0,17,2,6,2373,STATE ST,41.748454,-87.558284,06/27/2022 06:57:00 PM,2022
CR00031714,09/20/2024 12:02:00 AM,30,CLOUDY/OVERCAST,DARKNESS,REAR END,FOUR WAY,NO CONTROLS,FAILING TO YIELD RIGHT-OF-WAY,UNABLE TO DETERMINE,0,0,0,0,0,6,9,2487,IRVING PARK RD,41.741215,-87.594143,09/20/2024 01:19:00 AM,2024
CR00031715,06/23/2023 07:00:00 AM,30,CLEAR,DARKNESS - LIGHTED ROAD,ANGLE,NOT DIVIDED,NO CONTROLS,IMPROPER OVERTAKING/PASSING,DRIVING SKILLS/KNOWLEDGE/EXPERIENCE,0,0,0,0,7,6,6,112,KEDZIE AVE,41.753567,-87.652578,06/23/2023 08:31:00 AM,2023
CR00031716,11/29/2022 07:01:00 PM,45,CLEAR,DAWN,TURNING,T-INTERSECTION,NO CONTROLS,IMPROPER LANE USAGE,NOT APPLICABLE,0,0,0,0,19,3,11,508,47TH ST,41.933819,-87.602771,11/29/2022 09:01:00 PM,2022
CR00031717,10/04/2020 06:15:00 PM,35,CLEAR,DAYLIGHT,FIXED OBJECT,NOT DIVIDED,STOP SIGN/FLASHER,DISTRACTION - FROM INSIDE VEHICLE,FAILING TO YIELD RIGHT-OF-WAY,0,0,0,0,18,1,10,1680,BROADWAY,41.782399,-87.555215,10/04/2020 06:29:00 PM,2020
CR00031718,12/31/2018 06:48:00 PM,30,CLEAR,DARKNESS - LIGHTED ROAD,REAR TO FRONT,ONE-WAY,STOP SIGN/FLASHER,UNABLE TO DETERMINE,IMPROPER OVERTAKING/PASSING,0,0,1,1,18,2,12,2234,KEDZIE AVE,41.956644,-87.715737,12/31/2018 07:50:00 PM,2018
CR00031719,01/26/2022 12:56:00 PM,15,CLEAR,DAYLIGHT,PARKED MOTOR VEHICLE,FOUR WAY,NO CONTROLS,IMPROPER OVERTAKING/PASSING,DRIVING SKILLS/KNOWLEDGE/EXPERIENCE,0,0,0,0,12,4,1,1356,IRVING PARK RD,41.749364,-87.573596,01/26/2022 02:02:00 PM,2022
CR00031720,07/09/2022 03:06:00 PM,30,CLEAR,DAYLIGHT,TURNING,NOT DIVIDED,NO CONTROLS,UNABLE TO DETERMINE,UNABLE TO DETERMINE,0,0,1,1,15,7,7,2186,CLARK ST,41.997466,-87.550363,07/09/2022 04:28:00 PM,2022
CR00031721,06/13/2019 12:27:00 PM,30,CLEAR,DAYLIGHT,PARKED MOTOR VEHICLE,NOT DIVIDED,TRAFFIC SIGNAL,FOLLOWING TOO CLOSELY,IMPROPER OVERTAKING/PASSING,0,0,0,0,12,5,6,1746,ARCHER AVE,41.897771,-87.830424,06/13/2019 12:57:00 PM,2019
CR00031722,07/14/2019 11:18:00 PM,35,CLEAR,DAYLIGHT,FIXED OBJECT,FOUR WAY,TRAFFIC SIGNAL,DISREGARDING TRAFFIC SIGNALS,FAILING TO REDUCE SPEED,0,0,0,0,23,1,7,752,63RD ST,41.746455,-87.543663,07/15/2019 12:41:00 AM,2019
CR00031723,09/21/2016 01:41:00 PM,20,CLOUDY/OVERCAST,DAYLIGHT,REAR END,DIVIDED - W/MEDIAN BARRIER,NO CONTROLS,UNABLE TO DETERMINE,DISREGARDING TRAFFIC SIGNALS,0,0,1,1,13,4,9,178,DAMEN AVE,41.955852,-87.845322,09/21/2016 02:57:00 PM,2016
CR00031724,07/25/2022 06:17:00 PM,15,CLEAR,DAYLIGHT,REAR END,NOT DIVIDED,STOP SIGN/FLASHER,UNABLE TO DETERMINE,NOT APPLICABLE,0,0,0,0,18,2,7,1376,IRVING PARK RD,41.78336,-87.513214,07/25/2022 07:27:00 PM,2022
CR00031725,09/26/2018 07:24:00 AM,35,RAIN,DAYLIGHT,SIDESWIPE SAME DIRECTION,ONE-WAY,NO CONTROLS,IMPROPER LANE USAGE,FAILING TO REDUCE SPEED,0,0,0,0,7,4,9,718,STATE ST,41.714694,-87.682687,09/26/2018 07:31:00 AM,2018
CR00031726,11/08/2023 08:38:00 PM,30,SNOW,DAYLIGHT,PARKED MOTOR VEHICLE,NOT DIVIDED,NO CONTROLS,FAILING TO REDUCE SPEED,IMPROPER LANE USAGE,0,0,0,0,20,4,11,1986,CICERO AVE,41.700625,-87.618626,11/08/2023 10:17:00 PM,2023
CR00031727,12/05/2023 04:51:00 PM,30,CLEAR,DARKNESS - LIGHTED ROAD,SIDESWIPE SAME DIRECTION,DIVIDED - W/MEDIAN (NOT RAISED),TRAFFIC SIGNAL,IMPROPER LANE USAGE,IMPROPER OVERTAKING/PASSING,0,0,0,0,16,3,12,1792,DIVISION ST,41.794296,-87.743191,12/05/2023 06:36:00 PM,2023
CR00031728,02/25/2024 02:00:00 PM,35,CLEAR,DARKNESS - LIGHTED ROAD,TURNING,DIVIDED - W/MEDIAN (NOT RAISED),NO CONTROLS,UNABLE TO DETERMINE,UNABLE TO DETERMINE,0,0,0,0,14,1,2,792,WESTERN AVE,41.9866,-87.656708,02/25/2024 02:05:00 PM,2024
CR00031729,03/29/2022 03:16:00 PM,45,RAIN,DAYLIGHT,TURNING,T-INTERSECTION,TRAFFIC SIGNAL,FAILING TO YIELD RIGHT-OF-WAY,FAILING TO YIELD RIGHT-OF-WAY,0,0,0,0,15,3,3,729,CALIFORNIA AVE,41.963051,-87.516352,03/29/2022 04:23:00 PM,2022
CR00031730,05/08/2021 06:05:00 PM,20,CLEAR,DAYLIGHT,ANGLE,DIVIDED - W/MEDIAN (NOT RAISED),TRAFFIC SIGNAL,WEATHER,IMPROPER OVERTAKING/PASSING,0,0,3,3,18,7,5,1566,63RD ST,41.916865,-87.740137,05/08/2021 06:11:00 PM,2021
CR00031731,12/26/2023 04:12:00 AM,35,CLEAR,DAYLIGHT,ANGLE,ONE-WAY,STOP SIGN/FLASHER,WEATHER,DRIVING SKILLS/KNOWLEDGE/EXPERIENCE,0,0,0,0,4,3,12,1929,STATE ST,41.839786,-87.587709,12/26/2023 05:10:00 AM,2023
CR00031732,11/07/2015 01:50:00 PM,40,CLEAR,DAWN,TURNING,ONE-WAY,PEDESTRIAN CROSSING SIGN,UNABLE TO DETERMINE,FOLLOWING TOO CLOSELY,0,0,0,0,13,7,11,714,STATE ST,41.750024,-87.620458,11/07/2015 03:10:00 PM,2015
CR00031733,11/29/2021 01:20:00 PM,30,RAIN,DAYLIGHT,ANGLE,NOT DIVIDED,NO CONTROLS,DRIVING SKILLS/KNOWLEDGE/EXPERIENCE,UNABLE TO DETERMINE,0,0,0,0,13,2,11,582,63RD ST,41.948643,-87.637851,11/29/2021 01:59:00 PM,2021
CR00031734,03/11/2015 02:31:00 AM,15,CLEAR,DARKNESS,REAR END,NOT DIVIDED,NO CONTROLS,FOLLOWING TOO CLOSELY,UNABLE TO DETERMINE,0,2,3,5,2,4,3,913,63RD ST,41.815389,-87.565101,03/11/2015 03:52:00 AM,2015
CR00031735,11/01/2022 05:10:00 PM,35,CLOUDY/OVERCAST,DAYLIGHT,SIDESWIPE SAME DIRECTION,FOUR WAY,TRAFFIC SIGNAL,WEATHER,FOLLOWING TOO CLOSELY,0,0,2,2,17,3,11,325,ARCHER AVE,41.738001,-87.585382,11/01/2022 07:01:00 PM,2022
CR00031736,06/12/2015 04:22:00 PM,20,CLEAR,DAYLIGHT,SIDESWIPE SAME DIRECTION,NOT DIVIDED,NO CONTROLS,UNABLE TO DETERMINE,FAILING TO YIELD RIGHT-OF-WAY,0,0,2,2,16,6,6,685,CLARK ST,41.82645,-87.753648,06/12/2015 05:16:00 PM,2015
CR00031737,06/08/2021 09:28:00 AM,30,CLEAR,DARKNESS - LIGHTED ROAD,SIDESWIPE SAME DIRECTION,DIVIDED - W/MEDIAN (NOT RAISED),NO CONTROLS,IMPROPER OVERTAKING/PASSING,IMPROPER OVERTAKING/PASSING,0,0,0,0,9,3,6,1572,DIVISION ST,41.904306,-87.617538,06/08/2021 09:47:00 AM,2021
CR00031738,09/23/2019 03:55:00 PM,20,CLEAR,DAYLIGHT,FIXED OBJECT,DIVIDED - W/MEDIAN BARRIER,PEDESTRIAN CROSSING SIGN,DISTRACTION - FROM INSIDE VEHICLE,IMPROPER OVERTAKING/PASSING,0,0,0,0,15,2,9,1605,ROOSEVELT RD,41.85797,-87.593847,09/23/2019 04:27:00 PM,2019
CR00031739,09/20/2018 10:00:00 AM,30,CLEAR,DAYLIGHT,SIDESWIPE SAME DIRECTION,NOT DIVIDED,NO CONTROLS,UNABLE TO DETERMINE,FAILING TO YIELD RIGHT-OF-WAY,0,0,0,0,10,5,9,2388,BROADWAY,41.782498,-87.56194,09/20/2018 10:40:00 AM,2018
CR00031740,01/07/2018 08:31:00 PM,35,CLEAR,DARKNESS,TURNING,NOT DIVIDED,NO CONTROLS,UNABLE TO DETERMINE,IMPROPER OVERTAKING/PASSING,0,0,1,1,20,1,1,2235,DAMEN AVE,41.882412,-87.798349,01/07/2018 09:50:00 PM,2018
CR00031741,07/01/2018 04:48:00 PM,35,CLEAR,DARKNESS - LIGHTED ROAD,REAR END,NOT DIVIDED,NO CONTROLS,IMPROPER LANE USAGE,UNABLE TO DETERMINE,0,0,0,0,16,1,7,792,CLARK ST,41.807083,-87.737174,07/01/2018 05:01:00 PM,2018
CR00031742,01/02/2019 09:38:00 PM,35,RAIN,DARKNESS - LIGHTED ROAD,TURNING,FOUR WAY,NO CONTROLS,UNABLE TO DETERMINE,IMPROPER OVERTAKING/PASSING,0,0,0,0,21,4,1,2437,MICHIGAN AVE,41.860375,-87.844056,01/02/2019 10:21:00 PM,2019
CR00031743,08/06/2021 12:40:00 PM,20,SNOW,DUSK,SIDESWIPE SAME DIRECTION,FOUR WAY,NO CONTROLS,FOLLOWING TOO CLOSELY,DRIVING SKILLS/KNOWLEDGE/EXPERIENCE,0,0,0,0,12,6,8,615,MILWAUKEE AVE,41.79673,-87.590866,08/06/2021 01:06:00 PM,2021
CR00031744,02/20/2020 05:14:00 PM,30,CLEAR,DAYLIGHT,SIDESWIPE SAME DIRECTION,DIVIDED - W/MEDIAN (NOT RAISED),NO CONTROLS,UNABLE TO DETERMINE,NOT APPLICABLE,0,0,1,1,17,5,2,1253,LAKE SHORE DR,41.731729,-87.689836,02/20/2020 06:46:00 PM,2020
CR00031745,10/09/2022 12:01:00 AM,30,CLEAR,DAYLIGHT,ANGLE,FOUR WAY,NO CONTROLS,UNABLE TO DETERMINE,FAILING TO YIELD RIGHT-OF-WAY,0,0,0,0,0,1,10,655,MICHIGAN AVE,41.754234,-87.798122,10/09/2022 01:51:00 AM,2022
CR00031746,04/04/2015 10:41:00 AM,30,CLEAR,DARKNESS - LIGHTED ROAD,PEDESTRIAN,NOT DIVIDED,UNKNOWN,UNABLE TO DETERMINE,DISREGARDING TRAFFIC SIGNALS,0,0,0,0,10,7,4,2330,FULLERTON AVE,41.930983,-87.681703,04/04/2015 10:50:00 AM,2015
CR00031747,09/06/2023 12:58:00 AM,30,CLEAR,DAYLIGHT,TURNING,NOT DIVIDED,NO CONTROLS,DISREGARDING TRAFFIC SIGNALS,UNABLE TO DETERMINE,0,0,0,0,0,4,9,1609,WESTERN AVE,41.714063,-87.559124,09/06/2023 02:15:00 AM,2023
CR00031748,12/06/2021 09:07:00 AM,40,CLEAR,DAYLIGHT,TURNING,ONE-WAY,TRAFFIC SIGNAL,IMPROPER OVERTAKING/PASSING,NOT APPLICABLE,0,0,1,1,9,2,12,2464,PULASKI RD,41.870018,-87.737289,12/06/2021 09:31:00 AM,2021
CR00031749,03/02/2016 06:53:00 PM,30,CLEAR,DAYLIGHT,PEDESTRIAN,NOT DIVIDED,TRAFFIC SIGNAL,FAILING TO YIELD RIGHT-OF-WAY,NOT APPLICABLE,0,0,0,0,18,4,3,1559,STONY ISLAND AVE,41.831758,-87.82173,03/02/2016 07:05:00 PM,2016
CR00031750,10/28/2023 09:28:00 AM,45,CLEAR,DAYLIGHT,REAR END,NOT DIVIDED,NO CONTROLS,UNABLE TO DETERMINE,UNABLE TO DETERMINE,0,0,0,0,9,7,10,1778,ROOSEVELT RD,41.974797,-87.553479,10/28/2023 11:22:00 AM,2023
CR00031751,05/29/2020 04:47:00 PM,30,FOG/SMOKE/HAZE,DARKNESS,REAR END,NOT DIVIDED,NO CONTROLS,UNABLE TO DETERMINE,FOLLOWING TOO CLOSELY,0,0,0,0,16,6,5,1577,63RD ST,41.951269,-87.728184,05/29/2020 05:16:00 PM,2020
CR00031752,01/05/2015 10:36:00 PM,40,CLEAR,DAYLIGHT,TURNING,DIVIDED - W/MEDIAN BARRIER,TRAFFIC SIGNAL,IMPROPER LANE USAGE,IMPROPER OVERTAKING/PASSING,0,0,0,0,22,2,1,1962,ELSTON AVE,41.741455,-87.699191,01/05/2015 11:44:00 PM,2015
CR00031753,12/20/2016 03:43:00 PM,15,CLEAR,DAYLIGHT,ANGLE,DIVIDED - W/MEDIAN (NOT RAISED),TRAFFIC SIGNAL,DISTRACTION - FROM INSIDE VEHICLE,NOT APPLICABLE,0,0,3,3,15,3,12,670,HALSTED ST,41.740119,-87.779711,12/20/2016 04:36:00 PM,2016
CR00031754,10/29/2015 03:39:00 PM,40,CLEAR,DAYLIGHT,PARKED MOTOR VEHICLE,NOT DIVIDED,TRAFFIC SIGNAL,UNABLE TO DETERMINE,FAILING TO YIELD RIGHT-OF-WAY,0,1,2,3,15,5,10,1753,FULLERTON AVE,41.835159,-87.697281,10/29/2015 04:07:00 PM,2015
CR00031755,08/31/2024 05:39:00 PM,25,CLEAR,DAYLIGHT,ANGLE,NOT DIVIDED,NO CONTROLS,UNABLE TO DETERMINE,DISTRACTION - FROM INSIDE VEHICLE,0,0,1,1,17,7,8,1918,47TH ST,41.983548,-87.795456,08/31/2024 05:46:00 PM,2024
CR00031756,10/16/2021 06:33:00 AM,25,FREEZING RAIN/DRIZZLE,DARKNESS,TURNING,NOT DIVIDED,TRAFFIC SIGNAL,DRIVING SKILLS/KNOWLEDGE/EXPERIENCE,DISTRACTION - FROM INSIDE VEHICLE,0,0,0,0,6,7,10,1943,CALIFORNIA AVE,41.918107,-87.504273,10/16/2021 06:56:00 AM,2021
CR00031757,11/14/2019 09:53:00 PM,35,RAIN,DAYLIGHT,REAR END,ONE-WAY,STOP SIGN/FLASHER,UNABLE TO DETERMINE,UNABLE TO DETERMINE,0,0,0,0,21,5,11,905,CICERO AVE,41.852875,-87.696807,11/14/2019 11:11:00 PM,2019
CR00031758,03/07/2017 10:18:00 PM,30,CLEAR,DAYLIGHT,ANGLE,ONE-WAY,NO CONTROLS,FAILING TO YIELD RIGHT-OF-WAY,NOT APPLICABLE,0,0,0,0,22,3,3,1255,MICHIGAN AVE,41.790476,-87.570608,03/07/2017 10:40:00 PM,2017
CR00031759,03/13/2021 09:19:00 AM,30,CLEAR,DARKNESS,REAR END,DIVIDED - W/MEDIAN (NOT RAISED),NO CONTROLS,UNABLE TO DETERMINE,IMPROPER OVERTAKING/PASSING,0,0,0,0,9,7,3,132,MICHIGAN AVE,41.989831,-87.751944,03/13/2021 09:20:00 AM,2021
CR00031760,06/30/2015 03:10:00 PM,20,CLOUDY/OVERCAST,DARKNESS - LIGHTED ROAD,REAR END,NOT DIVIDED,TRAFFIC SIGNAL,FAILING TO YIELD RIGHT-OF-WAY,DRIVING SKILLS/KNOWLEDGE/EXPERIENCE,0,0,0,0,15,3,6,715,ROOSEVELT RD,41.795939,-87.830372,06/30/2015 04:23:00 PM,2015