CRASH_RECORD_ID,CRASH_DATE,POSTED_SPEED_LIMIT,WEATHER_CONDITION,LIGHTING_CONDITION,FIRST_CRASH_TYPE,TRAFFICWAY_TYPE,TRAFFIC_CONTROL_DEVICE,PRIM_CONTRIBUTORY_CAUSE,SEC_CONTRIBUTORY_CAUSE,INJURIES_FATAL,INJURIES_INCAPACITATING,INJURIES_NON_INCAPACITATING,INJURIES_TOTAL,CRASH_HOUR,CRASH_DAY_OF_WEEK,CRASH_MONTH,BEAT_OF_OCCURRENCE,STREET_NAME,LATITUDE,LONGITUDE,DATE_POLICE_NOTIFIED,year
CR00031761,12/12/2018 04:39:00 AM,25,CLEAR,DAYLIGHT,TURNING,DIVIDED - W/MEDIAN (NOT RAISED),NO CONTROLS,FOLLOWING TOO CLOSELY,FAILING TO YIELD RIGHT-OF-WAY,0,0,0,0,4,4,12,1236,63RD ST,41.863493,-87.83199,12/12/2018 05:33:00 AM,2018
CR00031762,07/17/2016 04:12:00 AM,35,CLEAR,DAYLIGHT,REAR END,NOT DIVIDED,TRAFFIC SIGNAL,FAILING TO YIELD RIGHT-OF-WAY,DISTRACTION - FROM INSIDE VEHICLE,0,0,3,3,4,1,7,2022,FULLERTON AVE,41.890192,-87.624023,07/17/2016 05:23:00 AM,2016
CR00031763,10/04/2017 07:54:00 AM,30,CLEAR,DARKNESS,REAR END,NOT DIVIDED,NO CONTROLS,UNABLE TO DETERMINE,UNABLE TO DETERMINE,0,0,0,0,7,4,10,278,DIVISION ST,41.892077,-87.602556,10/04/2017 08:34:00 AM,2017
CR00031764,10/12/2022 05:22:00 AM,25,CLEAR,DARKNESS,ANGLE,DIVIDED - W/MEDIAN (NOT RAISED),STOP SIGN/FLASHER,FOLLOWING TOO CLOSELY,UNABLE TO DETERMINE,0,0,0,0,5,4,10,1259,BROADWAY,41.744822,-87.708726,10/12/2022 05:52:00 AM,2022
CR00031765,11/18/2015 10:58:00 PM,15,CLOUDY/OVERCAST,DAYLIGHT,PARKED MOTOR VEHICLE,T-INTERSECTION,NO CONTROLS,DISREGARDING TRAFFIC SIGNALS,UNABLE TO DETERMINE,0,1,1,2,22,4,11,1091,79TH ST,41.865046,-87.694499,11/18/2015 11:54:00 PM,2015
CR00031766,05/16/2023 06:05:00 PM,35,CLEAR,DARKNESS,SIDESWIPE SAME DIRECTION,DIVIDED - W/MEDIAN (NOT RAISED),NO CONTROLS,UNABLE TO DETERMINE,FOLLOWING TOO CLOSELY,0,0,0,0,18,3,5,1007,47TH ST,41.813981,-87.570111,05/16/2023 07:53:00 PM,2023
CR00031767,06/10/2020 07:48:00 AM,30,CLEAR,DARKNESS - LIGHTED ROAD,TURNING,NOT DIVIDED,STOP SIGN/FLASHER,IMPROPER LANE USAGE,NOT APPLICABLE,0,0,0,0,7,4,6,480,63RD ST,41.806856,-87.823257,06/10/2020 09:18:00 AM,2020
CR00031768,02/28/2023 07:07:00 PM,40,CLOUDY/OVERCAST,DARKNESS,TURNING,DIVIDED - W/MEDIAN BARRIER,STOP SIGN/FLASHER,DISTRACTION - FROM INSIDE VEHICLE,UNABLE TO DETERMINE,0,0,0,0,19,3,2,2245,IRVING PARK RD,41.8674,-87.632153,02/28/2023 07:38:00 PM,2023
CR00031769,06/20/2016 05:55:00 PM,30,CLEAR,DARKNESS - LIGHTED ROAD,PARKED MOTOR VEHICLE,NOT DIVIDED,STOP SIGN/FLASHER,DISREGARDING TRAFFIC SIGNALS,FAILING TO YIELD RIGHT-OF-WAY,0,0,0,0,17,2,6,1405,DAMEN AVE,41.804715,-87.607863,06/20/2016 07:32:00 PM,2016
CR00031770,10/24/2023 12:35:00 AM,25,CLEAR,DAYLIGHT,PARKED MOTOR VEHICLE,DIVIDED - W/MEDIAN (NOT RAISED),TRAFFIC SIGNAL,FOLLOWING TOO CLOSELY,IMPROPER OVERTAKING/PASSING,0,0,0,0,0,3,10,809,63RD ST,41.90409,-87.826176,10/24/2023 01:41:00 AM,2023
CR00031771,03/22/2024 06:40:00 PM,35,CLEAR,DAYLIGHT,FIXED OBJECT,DIVIDED - W/MEDIAN BARRIER,TRAFFIC SIGNAL,UNABLE TO DETERMINE,FAILING TO REDUCE SPEED,0,0,0,0,18,6,3,964,DAMEN AVE,41.940434,-87.635725,03/22/2024 07:04:00 PM,2024
CR00031772,10/17/2020 07:36:00 AM,35,CLEAR,DAYLIGHT,REAR TO FRONT,ONE-WAY,NO CONTROLS,FAILING TO YIELD RIGHT-OF-WAY,DRIVING SKILLS/KNOWLEDGE/EXPERIENCE,0,0,0,0,7,7,10,2321,47TH ST,41.722498,-87.568145,10/17/2020 08:32:00 AM,2020
CR00031773,05/24/2015 11:16:00 AM,30,CLEAR,DAYLIGHT,REAR END,ONE-WAY,NO CONTROLS,UNABLE TO DETERMINE,FAILING TO REDUCE SPEED,0,0,0,0,11,1,5,432,63RD ST,41.863358,-87.801749,05/24/2015 12:14:00 PM,2015
CR00031774,08/28/2020 03:47:00 PM,25,CLEAR,DAYLIGHT,ANGLE,NOT DIVIDED,NO CONTROLS,FAILING TO REDUCE SPEED,IMPROPER LANE USAGE,0,0,0,0,15,6,8,826,STATE ST,41.743306,-87.76808,08/28/2020 05:07:00 PM,2020
CR00031775,12/03/2022 04:16:00 PM,35,FREEZING RAIN/DRIZZLE,DARKNESS - LIGHTED ROAD,REAR END,T-INTERSECTION,NO CONTROLS,FAILING TO YIELD RIGHT-OF-WAY,UNABLE TO DETERMINE,0,0,0,0,16,7,12,1160,47TH ST,41.855433,-87.579862,12/03/2022 05:32:00 PM,2022
CR00031776,09/10/2015 06:46:00 PM,25,SNOW,DAYLIGHT,ANGLE,NOT DIVIDED,NO CONTROLS,UNABLE TO DETERMINE,FAILING TO REDUCE SPEED,0,0,0,0,18,5,9,944,63RD ST,41.99566,-87.691113,09/10/2015 07:56:00 PM,2015
CR00031777,09/05/2018 05:29:00 PM,35,CLEAR,DARKNESS - LIGHTED ROAD,REAR END,NOT DIVIDED,NO CONTROLS,FAILING TO YIELD RIGHT-OF-WAY,DRIVING SKILLS/KNOWLEDGE/EXPERIENCE,0,0,0,0,17,4,9,2532,BROADWAY,41.715569,-87.639566,09/05/2018 07:18:00 PM,2018
CR00031778,06/04/2017 05:33:00 PM,30,RAIN,DARKNESS - LIGHTED ROAD,REAR END,ONE-WAY,NO CONTROLS,IMPROPER OVERTAKING/PASSING,IMPROPER OVERTAKING/PASSING,0,0,0,0,17,1,6,1100,47TH ST,41.97407,-87.783542,06/04/2017 06:59:00 PM,2017
CR00031779,03/10/2019 06:17:00 PM,20,CLEAR,DUSK,REAR END,NOT DIVIDED,UNKNOWN,DRIVING SKILLS/KNOWLEDGE/EXPERIENCE,IMPROPER LANE USAGE,0,0,1,1,18,1,3,2052,IRVING PARK RD,41.795197,-87.76351,03/10/2019 08:16:00 PM,2019
CR00031780,03/30/2024 12:29:00 AM,45,CLEAR,DARKNESS - LIGHTED ROAD,REAR TO FRONT,NOT DIVIDED,STOP SIGN/FLASHER,FOLLOWING TOO CLOSELY,FAILING TO YIELD RIGHT-OF-WAY,0,0,0,0,0,7,3,1947,MILWAUKEE AVE,41.7123,-87.763121,03/30/2024 12:43:00 AM,2024
CR00031781,05/20/2022 03:33:00 PM,25,CLEAR,DAYLIGHT,REAR END,NOT DIVIDED,TRAFFIC SIGNAL,UNABLE TO DETERMINE,FAILING TO YIELD RIGHT-OF-WAY,0,0,0,0,15,6,5,495,MICHIGAN AVE,41.936312,-87.536833,05/20/2022 05:30:00 PM,2022
CR00031782,04/29/2023 06:49:00 PM,25,CLEAR,DAYLIGHT,SIDESWIPE SAME DIRECTION,DIVIDED - W/MEDIAN (NOT RAISED),STOP SIGN/FLASHER,DISTRACTION - FROM INSIDE VEHICLE,UNABLE TO DETERMINE,0,0,0,0,18,7,4,1589,63RD ST,41.738901,-87.581735,04/29/2023 07:41:00 PM,2023
CR00031783,12/12/2017 07:32:00 AM,35,CLEAR,DAYLIGHT,REAR END,FOUR WAY,NO CONTROLS,UNABLE TO DETERMINE,FAILING TO YIELD RIGHT-OF-WAY,0,0,0,0,7,3,12,2396,DAMEN AVE,41.833754,-87.547926,12/12/2017 08:10:00 AM,2017
CR00031784,05/27/2020 08:55:00 AM,30,CLEAR,DAYLIGHT,REAR END,FOUR WAY,TRAFFIC SIGNAL,DISTRACTION - FROM INSIDE VEHICLE,WEATHER,0,0,0,0,8,4,5,700,STATE ST,41.778509,-87.79663,05/27/2020 10:41:00 AM,2020
CR00031785,11/26/2016 01:11:00 AM,35,CLEAR,DARKNESS - LIGHTED ROAD,REAR END,NOT DIVIDED,TRAFFIC SIGNAL,FAILING TO REDUCE SPEED,NOT APPLICABLE,0,0,0,0,1,7,11,2497,63RD ST,41.890554,-87.536893,11/26/2016 01:28:00 AM,2016
CR00031786,04/26/2015 08:31:00 AM,40,RAIN,DARKNESS - LIGHTED ROAD,TURNING,DIVIDED - W/MEDIAN (NOT RAISED),STOP SIGN/FLASHER,UNABLE TO DETERMINE,DRIVING SKILLS/KNOWLEDGE/EXPERIENCE,0,0,0,0,8,1,4,823,MICHIGAN AVE,41.898808,-87.71009,04/26/2015 09:50:00 AM,2015
CR00031787,01/07/2015 10:30:00 AM,40,CLEAR,DAYLIGHT,SIDESWIPE SAME DIRECTION,NOT DIVIDED,NO CONTROLS,DISTRACTION - FROM INSIDE VEHICLE,DISREGARDING TRAFFIC SIGNALS,0,0,0,0,10,4,1,520,STATE ST,41.957361,-87.715958,01/07/2015 11:12:00 AM,2015
CR00031788,02/09/2016 07:51:00 PM,20,CLEAR,DAYLIGHT,TURNING,DIVIDED - W/MEDIAN (NOT RAISED),NO CONTROLS,UNABLE TO DETERMINE,DISTRACTION - FROM INSIDE VEHICLE,0,0,1,1,19,3,2,1373,BROADWAY,41.981223,-87.522143,02/09/2016 08:13:00 PM,2016
CR00031789,09/18/2024 01:01:00 PM,15,CLEAR,DAYLIGHT,TURNING,T-INTERSECTION,TRAFFIC SIGNAL,FAILING TO YIELD RIGHT-OF-WAY,UNABLE TO DETERMINE,0,0,0,0,13,4,9,2026,63RD ST,41.773298,-87.539515,09/18/2024 01:38:00 PM,2024
CR00031790,02/02/2022 12:25:00 PM,30,CLEAR,DARKNESS - LIGHTED ROAD,REAR END,NOT DIVIDED,UNKNOWN,UNABLE TO DETERMINE,UNABLE TO DETERMINE,0,0,0,0,12,4,2,2423,79TH ST,41.730923,-87.553113,02/02/2022 01:59:00 PM,2022
CR00031791,09/16/2022 12:20:00 PM,15,CLEAR,DAYLIGHT,ANGLE,ONE-WAY,TRAFFIC SIGNAL,FAILING TO REDUCE SPEED,FOLLOWING TOO CLOSELY,0,0,0,0,12,6,9,814,LAKE SHORE DR,41.773399,-87.711903,09/16/2022 01:17:00 PM,2022
CR00031792,02/28/2023 06:14:00 PM,35,FOG/SMOKE/HAZE,DAYLIGHT,TURNING,NOT DIVIDED,NO CONTROLS,UNABLE TO DETERMINE,UNABLE TO DETERMINE,0,0,0,0,18,3,2,1070,FULLERTON AVE,41.938895,-87.699413,02/28/2023 06:47:00 PM,2023
CR00031793,06/21/2021 05:02:00 AM,20,CLEAR,DAYLIGHT,PARKED MOTOR VEHICLE,DIVIDED - W/MEDIAN (NOT RAISED),NO CONTROLS,IMPROPER OVERTAKING/PASSING,NOT APPLICABLE,0,0,0,0,5,2,6,2448,ARCHER AVE,41.95739,-87.574725,06/21/2021 05:31:00 AM,2021
CR00031794,07/08/2021 04:57:00 PM,45,CLEAR,DAYLIGHT,TURNING,ONE-WAY,STOP SIGN/FLASHER,DRIVING SKILLS/KNOWLEDGE/EXPERIENCE,UNABLE TO DETERMINE,0,0,0,0,16,5,7,384,STATE ST,41.895666,-87.745638,07/08/2021 06:04:00 PM,2021
CR00031795,12/02/2020 07:49:00 AM,35,FREEZING RAIN/DRIZZLE,DAYLIGHT,TURNING,DIVIDED - W/MEDIAN (NOT RAISED),UNKNOWN,DISREGARDING TRAFFIC SIGNALS,UNABLE TO DETERMINE,0,0,1,1,7,4,12,193,STONY ISLAND AVE,41.772742,-87.770323,12/02/2020 09:29:00 AM,2020
CR00031796,03/25/2015 07:47:00 PM,20,CLEAR,DUSK,PEDESTRIAN,NOT DIVIDED,UNKNOWN,DISREGARDING TRAFFIC SIGNALS,IMPROPER LANE USAGE,0,0,0,0,19,4,3,410,MICHIGAN AVE,41.889288,-87.542611,03/25/2015 09:01:00 PM,2015
CR00031797,05/20/2016 07:54:00 AM,40,CLEAR,DAYLIGHT,TURNING,DIVIDED - W/MEDIAN (NOT RAISED),NO CONTROLS,DISTRACTION - FROM INSIDE VEHICLE,UNABLE TO DETERMINE,0,0,2,2,7,6,5,1287,ELSTON AVE,41.909496,-87.525431,05/20/2016 09:39:00 AM,2016
CR00031798,11/17/2020 06:10:00 PM,30,SNOW,DUSK,TURNING,NOT DIVIDED,NO CONTROLS,DISTRACTION - FROM INSIDE VEHICLE,DRIVING SKILLS/KNOWLEDGE/EXPERIENCE,0,0,0,0,18,3,11,235,63RD ST,41.982267,-87.727068,11/17/2020 06:38:00 PM,2020
CR00031799,08/25/2016 12:28:00 AM,45,RAIN,DUSK,ANGLE,NOT DIVIDED,NO CONTROLS,UNABLE TO DETERMINE,DRIVING SKILLS/KNOWLEDGE/EXPERIENCE,0,0,0,0,0,5,8,1438,79TH ST,41.92664,-87.549704,08/25/2016 12:47:00 AM,2016
CR00031800,02/24/2021 05:38:00 AM,30,CLEAR,DAYLIGHT,ANGLE,DIVIDED - W/MEDIAN (NOT RAISED),STOP SIGN/FLASHER,UNABLE TO DETERMINE,UNABLE TO DETERMINE,0,0,0,0,5,4,2,240,FULLERTON AVE,41.787817,-87.611503,02/24/2021 06:03:00 AM,2021
CR00031801,05/24/2018 12:36:00 PM,30,CLEAR,DAWN,REAR END,DIVIDED - W/MEDIAN BARRIER,TRAFFIC SIGNAL,FAILING TO YIELD RIGHT-OF-WAY,NOT APPLICABLE,0,0,0,0,12,5,5,109,ELSTON AVE,41.957341,-87.753634,05/24/2018 12:43:00 PM,2018
CR00031802,07/06/2021 06:52:00 PM,30,CLOUDY/OVERCAST,DAYLIGHT,ANGLE,NOT DIVIDED,STOP SIGN/FLASHER,FAILING TO YIELD RIGHT-OF-WAY,DISREGARDING TRAFFIC SIGNALS,0,0,3,3,18,3,7,340,CLARK ST,41.97594,-87.785509,07/06/2021 07:14:00 PM,2021
CR00031803,05/09/2016 03:54:00 AM,45,CLEAR,DAYLIGHT,REAR END,NOT DIVIDED,UNKNOWN,DRIVING SKILLS/KNOWLEDGE/EXPERIENCE,DRIVING SKILLS/KNOWLEDGE/EXPERIENCE,0,0,0,0,3,2,5,1319,IRVING PARK RD,41.724591,-87.571991,05/09/2016 04:08:00 AM,2016
CR00031804,08/12/2016 08:53:00 PM,40,CLEAR,DAYLIGHT,PARKED MOTOR VEHICLE,NOT DIVIDED,NO CONTROLS,UNABLE TO DETERMINE,WEATHER,0,1,0,1,20,6,8,1735,DAMEN AVE,41.921721,-87.586639,08/12/2016 10:38:00 PM,2016
CR00031805,03/16/2016 12:41:00 AM,40,CLEAR,DARKNESS - LIGHTED ROAD,TURNING,NOT DIVIDED,NO CONTROLS,UNABLE TO DETERMINE,FAILING TO YIELD RIGHT-OF-WAY,0,0,0,0,0,4,3,1140,CLARK ST,41.886391,-87.560189,03/16/2016 01:58:00 AM,2016
CR00031806,02/18/2023 04:31:00 PM,30,CLEAR,DUSK,TURNING,T-INTERSECTION,NO CONTROLS,UNABLE TO DETERMINE,FAILING TO YIELD RIGHT-OF-WAY,0,0,0,0,16,7,2,1264,ROOSEVELT RD,41.73982,-87.564087,02/18/2023 05:29:00 PM,2023
CR00031807,08/08/2020 01:21:00 PM,30,CLEAR,DARKNESS,REAR END,DIVIDED - W/MEDIAN (NOT RAISED),TRAFFIC SIGNAL,FOLLOWING TOO CLOSELY,UNABLE TO DETERMINE,0,0,0,0,13,7,8,2445,ROOSEVELT RD,41.866583,-87.679358,08/08/2020 02:41:00 PM,2020
CR00031808,09/29/2024 06:31:00 PM,35,RAIN,DARKNESS - LIGHTED ROAD,PEDESTRIAN,NOT DIVIDED,UNKNOWN,UNABLE TO DETERMINE,FAILING TO REDUCE SPEED,0,0,0,0,18,1,9,1140,CICERO AVE,41.726648,-87.578843,09/29/2024 07:55:00 PM,2024
CR00031809,11/12/2016 08:50:00 PM,35,CLEAR,DAYLIGHT,REAR END,DIVIDED - W/MEDIAN BARRIER,YIELD,DISTRACTION - FROM INSIDE VEHICLE,UNABLE TO DETERMINE,0,0,3,3,20,7,11,2122,DAMEN AVE,41.858496,-87.845461,11/12/2016 10:42:00 PM,2016
CR00031810,05/16/2022 06:36:00 PM,35,CLEAR,DARKNESS - LIGHTED ROAD,SIDESWIPE SAME DIRECTION,NOT DIVIDED,NO CONTROLS,UNABLE TO DETERMINE,FAILING TO REDUCE SPEED,0,0,1,1,18,2,5,1885,ELSTON AVE,41.930745,-87.77845,05/16/2022 06:54:00 PM,2022
CR00031811,08/10/2024 03:25:00 PM,30,CLEAR,DARKNESS - LIGHTED ROAD,TURNING,FOUR WAY,NO CONTROLS,IMPROPER LANE USAGE,UNABLE TO DETERMINE,0,1,2,3,15,7,8,2258,ELSTON AVE,41.785703,-87.635566,08/10/2024 04:40:00 PM,2024
CR00031812,04/14/2020 04:58:00 AM,45,CLEAR,DAYLIGHT,ANGLE,NOT DIVIDED,STOP SIGN/FLASHER,IMPROPER LANE USAGE,NOT APPLICABLE,0,0,0,0,4,3,4,323,63RD ST,41.971423,-87.573137,04/14/2020 05:29:00 AM,2020
CR00031813,12/14/2021 02:30:00 PM,30,CLEAR,DAYLIGHT,REAR END,DIVIDED - W/MEDIAN (NOT RAISED),STOP SIGN/FLASHER,UNABLE TO DETERMINE,DRIVING SKILLS/KNOWLEDGE/EXPERIENCE,0,0,0,0,14,3,12,1809,IRVING PARK RD,41.884385,-87.614483,12/14/2021 04:27:00 PM,2021
CR00031814,02/12/2020 07:57:00 AM,30,CLEAR,DAYLIGHT,SIDESWIPE SAME DIRECTION,DIVIDED - W/MEDIAN (NOT RAISED),TRAFFIC SIGNAL,IMPROPER LANE USAGE,DISREGARDING TRAFFIC SIGNALS,0,2,1,3,7,4,2,1594,DIVISION ST,41.966726,-87.558193,02/12/2020 09:12:00 AM,2020
CR00031815,12/24/2023 05:01:00 PM,35,CLEAR,DAYLIGHT,PARKED MOTOR VEHICLE,FOUR WAY,TRAFFIC SIGNAL,FOLLOWING TOO CLOSELY,UNABLE TO DETERMINE,0,0,0,0,17,1,12,1574,MICHIGAN AVE,41.80765,-87.727094,12/24/2023 06:31:00 PM,2023
CR00031816,08/31/2017 07:08:00 PM,35,CLEAR,DUSK,SIDESWIPE SAME DIRECTION,FOUR WAY,NO CONTROLS,UNABLE TO DETERMINE,NOT APPLICABLE,0,0,0,0,19,5,8,2207,79TH ST,41.859285,-87.829988,08/31/2017 07:35:00 PM,2017
CR00031817,05/11/2024 05:09:00 PM,40,SNOW,DAYLIGHT,REAR END,DIVIDED - W/MEDIAN (NOT RAISED),TRAFFIC SIGNAL,UNABLE TO DETERMINE,IMPROPER OVERTAKING/PASSING,0,0,0,0,17,7,5,2131,MICHIGAN AVE,41.806639,-87.661037,05/11/2024 06:40:00 PM,2024
CR00031818,06/02/2020 09:31:00 AM,35,CLEAR,DAYLIGHT,TURNING,NOT DIVIDED,TRAFFIC SIGNAL,IMPROPER OVERTAKING/PASSING,FAILING TO REDUCE SPEED,0,0,0,0,9,3,6,203,47TH ST,41.863337,-87.669123,06/02/2020 09:46:00 AM,2020
CR00031819,01/30/2016 07:29:00 PM,45,CLEAR,DARKNESS - LIGHTED ROAD,ANGLE,NOT DIVIDED,NO CONTROLS,IMPROPER OVERTAKING/PASSING,UNABLE TO DETERMINE,0,0,0,0,19,7,1,1725,BROADWAY,41.929986,-87.519746,01/30/2016 09:27:00 PM,2016
CR00031820,11/23/2022 04:58:00 PM,30,CLEAR,DUSK,TURNING,NOT DIVIDED,TRAFFIC SIGNAL,UNABLE TO DETERMINE,FOLLOWING TOO CLOSELY,0,0,0,0,16,4,11,852,BROADWAY,41.921566,-87.604107,11/23/2022 05:52:00 PM,2022
CR00031821,01/06/2020 07:55:00 PM,30,CLOUDY/OVERCAST,DARKNESS - LIGHTED ROAD,REAR END,DIVIDED - W/MEDIAN BARRIER,NO CONTROLS,FAILING TO YIELD RIGHT-OF-WAY,NOT APPLICABLE,0,0,0,0,19,2,1,369,ASHLAND AVE,41.772008,-87.649623,01/06/2020 09:18:00 PM,2020
CR00031822,03/08/2016 06:57:00 PM,35,CLEAR,DARKNESS,ANGLE,T-INTERSECTION,NO CONTROLS,UNABLE TO DETERMINE,FOLLOWING TOO CLOSELY,0,0,0,0,18,3,3,2071,ARCHER AVE,41.955025,-87.548488,03/08/2016 07:08:00 PM,2016
CR00031823,06/05/2024 06:53:00 PM,25,SNOW,DAYLIGHT,REAR END,NOT DIVIDED,NO CONTROLS,DISTRACTION - FROM INSIDE VEHICLE,IMPROPER LANE USAGE,0,0,0,0,18,4,6,345,HALSTED ST,41.978499,-87.842789,06/05/2024 07:22:00 PM,2024
CR00031824,03/12/2024 08:03:00 AM,40,CLOUDY/OVERCAST,DAYLIGHT,SIDESWIPE SAME DIRECTION,NOT DIVIDED,STOP SIGN/FLASHER,UNABLE TO DETERMINE,IMPROPER LANE USAGE,0,0,0,0,8,3,3,744,MILWAUKEE AVE,41.944918,-87.734833,03/12/2024 08:24:00 AM,2024
CR00031825,08/10/2017 05:53:00 PM,20,CLEAR,DAWN,TURNING,DIVIDED - W/MEDIAN (NOT RAISED),NO CONTROLS,UNABLE TO DETERMINE,FOLLOWING TOO CLOSELY,0,0,0,0,17,5,8,712,DIVISION ST,41.98881,-87.583067,08/10/2017 07:11:00 PM,2017
CR00031826,04/17/2018 01:09:00 PM,20,RAIN,DAYLIGHT,SIDESWIPE SAME DIRECTION,DIVIDED - W/MEDIAN BARRIER,TRAFFIC SIGNAL,UNABLE TO DETERMINE,IMPROPER LANE USAGE,0,0,1,1,13,3,4,1104,DAMEN AVE,41.844747,-87.81161,04/17/2018 01:46:00 PM,2018
CR00031827,08/23/2021 12:58:00 PM,15,CLEAR,DAYLIGHT,PARKED MOTOR VEHICLE,DIVIDED - W/MEDIAN (NOT RAISED),STOP SIGN/FLASHER,DRIVING SKILLS/KNOWLEDGE/EXPERIENCE,NOT APPLICABLE,0,0,0,0,12,2,8,1575,ASHLAND AVE,41.768053,-87.613489,08/23/2021 01:23:00 PM,2021
CR00031828,07/19/2018 07:47:00 AM,30,CLEAR,DARKNESS - LIGHTED ROAD,TURNING,NOT DIVIDED,STOP SIGN/FLASHER,FOLLOWING TOO CLOSELY,FAILING TO YIELD RIGHT-OF-WAY,0,0,0,0,7,5,7,532,FULLERTON AVE,41.707132,-87.65583,07/19/2018 09:15:00 AM,2018
CR00031829,04/28/2024 07:37:00 PM,35,CLEAR,DUSK,SIDESWIPE SAME DIRECTION,NOT DIVIDED,NO CONTROLS,UNABLE TO DETERMINE,IMPROPER LANE USAGE,0,0,0,0,19,1,4,370,HALSTED ST,41.702088,-87.523418,04/28/2024 09:06:00 PM,2024
CR00031830,10/14/2017 08:37:00 AM,20,CLEAR,DARKNESS - LIGHTED ROAD,REAR END,DIVIDED - W/MEDIAN (NOT RAISED),NO CONTROLS,FAILING TO YIELD RIGHT-OF-WAY,DISTRACTION - FROM INSIDE VEHICLE,0,0,1,1,8,7,10,608,STONY ISLAND AVE,41.741211,-87.757905,10/14/2017 09:35:00 AM,2017
CR00031831,02/03/2016 06:13:00 PM,35,CLEAR,DARKNESS - LIGHTED ROAD,TURNING,FOUR WAY,STOP SIGN/FLASHER,FAILING TO YIELD RIGHT-OF-WAY,FOLLOWING TOO CLOSELY,0,1,2,3,18,4,2,2192,DIVISION ST,41.848473,-87.580302,02/03/2016 06:56:00 PM,2016
CR00031832,03/03/2017 12:38:00 PM,15,FREEZING RAIN/DRIZZLE,DAYLIGHT,TURNING,DIVIDED - W/MEDIAN (NOT RAISED),TRAFFIC SIGNAL,FOLLOWING TOO CLOSELY,NOT APPLICABLE,0,0,0,0,12,6,3,407,ASHLAND AVE,41.838153,-87.689995,03/03/2017 01:15:00 PM,2017
CR00031833,06/19/2023 05:15:00 AM,35,SNOW,DAYLIGHT,SIDESWIPE SAME DIRECTION,DIVIDED - W/MEDIAN (NOT RAISED),TRAFFIC SIGNAL,FOLLOWING TOO CLOSELY,UNABLE TO DETERMINE,0,0,1,1,5,2,6,1025,WESTERN AVE,41.749124,-87.607293,06/19/2023 06:09:00 AM,2023
CR00031834,11/07/2016 07:56:00 PM,30,CLEAR,DAYLIGHT,ANGLE,DIVIDED - W/MEDIAN (NOT RAISED),STOP SIGN/FLASHER,DRIVING SKILLS/KNOWLEDGE/EXPERIENCE,NOT APPLICABLE,0,0,2,2,19,2,11,744,DAMEN AVE,41.711278,-87.680486,11/07/2016 09:29:00 PM,2016
CR00031835,07/12/2022 11:58:00 AM,25,CLEAR,DAYLIGHT,SIDESWIPE SAME DIRECTION,NOT DIVIDED,TRAFFIC SIGNAL,UNABLE TO DETERMINE,NOT APPLICABLE,0,0,0,0,11,3,7,2181,63RD ST,41.914343,-87.576742,07/12/2022 01:47:00 PM,2022
CR00031836,05/02/2019 10:07:00 AM,30,CLEAR,DAYLIGHT,ANGLE,ONE-WAY,STOP SIGN/FLASHER,UNABLE TO DETERMINE,UNABLE TO DETERMINE,0,0,0,0,10,5,5,1304,CICERO AVE,41.914422,-87.742574,05/02/2019 11:00:00 AM,2019
CR00031837,10/20/2018 01:39:00 PM,35,CLEAR,DAYLIGHT,SIDESWIPE SAME DIRECTION,DIVIDED - W/MEDIAN (NOT RAISED),NO CONTROLS,FAILING TO YIELD RIGHT-OF-WAY,UNABLE TO DETERMINE,0,0,0,0,13,7,10,2172,BROADWAY,41.743661,-87.690944,10/20/2018 02:00:00 PM,2018
CR00031838,03/14/2018 04:03:00 PM,35,SNOW,DARKNESS - LIGHTED ROAD,REAR TO FRONT,NOT DIVIDED,STOP SIGN/FLASHER,UNABLE TO DETERMINE,UNABLE TO DETERMINE,0,0,0,0,16,4,3,206,KEDZIE AVE,41.722456,-87.7852,03/14/2018 05:43:00 PM,2018
CR00031839,10/13/2019 03:06:00 PM,40,RAIN,DAYLIGHT,ANGLE,NOT DIVIDED,NO CONTROLS,IMPROPER LANE USAGE,FAILING TO YIELD RIGHT-OF-WAY,0,0,0,0,15,1,10,106,79TH ST,41.996727,-87.825746,10/13/2019 04:48:00 PM,2019
CR00031840,03/17/2018 01:14:00 PM,30,CLEAR,DAYLIGHT,REAR END,NOT DIVIDED,STOP SIGN/FLASHER,DISREGARDING TRAFFIC SIGNALS,DISREGARDING TRAFFIC SIGNALS,0,0,0,0,13,7,3,1495,BROADWAY,41.764,-87.71166,03/17/2018 01:30:00 PM,2018
CR00031841,08/23/2023 05:28:00 PM,45,CLEAR,DAYLIGHT,PEDESTRIAN,FOUR WAY,STOP SIGN/FLASHER,FAILING TO YIELD RIGHT-OF-WAY,FAILING TO YIELD RIGHT-OF-WAY,0,0,3,3,17,4,8,1431,HALSTED ST,41.729835,-87.78057,08/23/2023 05:39:00 PM,2023
CR00031842,04/26/2015 03:28:00 PM,20,RAIN,DAYLIGHT,ANGLE,NOT DIVIDED,NO CONTROLS,IMPROPER LANE USAGE,NOT APPLICABLE,0,0,0,0,15,1,4,976,MICHIGAN AVE,41.91272,-87.707509,04/26/2015 04:16:00 PM,2015