CRASH_RECORD_ID,CRASH_DATE,POSTED_SPEED_LIMIT,WEATHER_CONDITION,LIGHTING_CONDITION,FIRST_CRASH_TYPE,TRAFFICWAY_TYPE,TRAFFIC_CONTROL_DEVICE,PRIM_CONTRIBUTORY_CAUSE,SEC_CONTRIBUTORY_CAUSE,INJURIES_FATAL,INJURIES_INCAPACITATING,INJURIES_NON_INCAPACITATING,INJURIES_TOTAL,CRASH_HOUR,CRASH_DAY_OF_WEEK,CRASH_MONTH,BEAT_OF_OCCURRENCE,STREET_NAME,LATITUDE,LONGITUDE,DATE_POLICE_NOTIFIED,year
CR00031843,09/11/2024 10:59:00 PM,20,CLEAR,DARKNESS - LIGHTED ROAD,SIDESWIPE SAME DIRECTION,FOUR WAY,TRAFFIC SIGNAL,FAILING TO YIELD RIGHT-OF-WAY,FOLLOWING TOO CLOSELY,0,0,1,1,22,4,9,1325,HALSTED ST,41.988323,-87.537817,09/11/2024 11:22:00 PM,2024
CR00031844,04/12/2015 02:32:00 AM,25,CLEAR,DAYLIGHT,REAR END,DIVIDED - W/MEDIAN (NOT RAISED),NO CONTROLS,DISTRACTION - FROM INSIDE VEHICLE,NOT APPLICABLE,0,0,0,0,2,1,4,501,ROOSEVELT RD,41.979018,-87.679428,04/12/2015 04:10:00 AM,2015
CR00031845,09/07/2024 06:26:00 PM,20,RAIN,DARKNESS - LIGHTED ROAD,TURNING,NOT DIVIDED,STOP SIGN/FLASHER,IMPROPER LANE USAGE,NOT APPLICABLE,0,0,1,1,18,7,9,709,WESTERN AVE,41.855848,-87.553632,09/07/2024 07:03:00 PM,2024
CR00031846,06/17/2022 12:41:00 PM,30,CLEAR,DAYLIGHT,TURNING,FOUR WAY,YIELD,UNABLE TO DETERMINE,FOLLOWING TOO CLOSELY,0,0,1,1,12,6,6,1235,BROADWAY,41.918892,-87.64883,06/17/2022 02:12:00 PM,2022
CR00031847,08/03/2022 05:06:00 PM,25,RAIN,DAYLIGHT,PEDESTRIAN,NOT DIVIDED,TRAFFIC SIGNAL,FAILING TO REDUCE SPEED,FOLLOWING TOO CLOSELY,0,0,1,1,17,4,8,873,ELSTON AVE,41.98501,-87.763285,08/03/2022 06:49:00 PM,2022
CR00031848,04/25/2016 03:36:00 AM,30,CLEAR,DAYLIGHT,TURNING,ONE-WAY,TRAFFIC SIGNAL,DRIVING SKILLS/KNOWLEDGE/EXPERIENCE,DISTRACTION - FROM INSIDE VEHICLE,0,0,0,0,3,2,4,1516,HALSTED ST,41.707676,-87.808855,04/25/2016 04:25:00 AM,2016
CR00031849,10/05/2015 06:00:00 PM,30,CLEAR,DARKNESS - LIGHTED ROAD,FIXED OBJECT,DIVIDED - W/MEDIAN (NOT RAISED),NO CONTROLS,FOLLOWING TOO CLOSELY,NOT APPLICABLE,0,0,0,0,18,2,10,2345,HALSTED ST,41.787547,-87.707034,10/05/2015 06:48:00 PM,2015
CR00031850,11/01/2016 07:40:00 AM,35,CLEAR,DAYLIGHT,REAR END,ONE-WAY,TRAFFIC SIGNAL,DRIVING SKILLS/KNOWLEDGE/EXPERIENCE,WEATHER,0,1,1,2,7,3,11,2344,63RD ST,41.921966,-87.766484,11/01/2016 09:25:00 AM,2016
CR00031851,01/01/2022 08:56:00 PM,30,SNOW,DAYLIGHT,REAR END,DIVIDED - W/MEDIAN (NOT RAISED),TRAFFIC SIGNAL,DRIVING SKILLS/KNOWLEDGE/EXPERIENCE,DISREGARDING TRAFFIC SIGNALS,0,0,0,0,20,7,1,2422,MILWAUKEE AVE,41.937476,-87.628127,01/01/2022 09:43:00 PM,2022
CR00031852,05/02/2016 05:08:00 PM,30,CLEAR,DARKNESS - LIGHTED ROAD,REAR TO FRONT,ONE-WAY,STOP SIGN/FLASHER,DRIVING SKILLS/KNOWLEDGE/EXPERIENCE,FAILING TO REDUCE SPEED,0,0,0,0,17,2,5,1757,47TH ST,41.877341,-87.731507,05/02/2016 06:36:00 PM,2016
CR00031853,07/31/2018 04:29:00 PM,15,CLEAR,DAYLIGHT,ANGLE,FOUR WAY,UNKNOWN,FAILING TO YIELD RIGHT-OF-WAY,FOLLOWING TOO CLOSELY,0,0,0,0,16,3,7,2290,FULLERTON AVE,41.842367,-87.769076,07/31/2018 05:25:00 PM,2018
CR00031854,07/16/2017 05:41:00 PM,40,CLEAR,DARKNESS - LIGHTED ROAD,TURNING,NOT DIVIDED,STOP SIGN/FLASHER,IMPROPER LANE USAGE,FAILING TO REDUCE SPEED,0,0,0,0,17,1,7,1817,79TH ST,41.949821,-87.678496,07/16/2017 07:02:00 PM,2017
CR00031855,06/09/2023 12:07:00 AM,20,CLEAR,DARKNESS - LIGHTED ROAD,REAR TO FRONT,NOT DIVIDED,NO CONTROLS,FAILING TO YIELD RIGHT-OF-WAY,NOT APPLICABLE,0,0,0,0,0,6,6,654,CICERO AVE,41.984315,-87.817735,06/09/2023 12:58:00 AM,2023
CR00031856,07/12/2016 04:36:00 AM,45,CLEAR,DUSK,REAR END,ONE-WAY,TRAFFIC SIGNAL,IMPROPER LANE USAGE,UNABLE TO DETERMINE,0,0,3,3,4,3,7,2155,ASHLAND AVE,41.714358,-87.551524,07/12/2016 06:05:00 AM,2016
CR00031857,10/07/2018 10:57:00 AM,15,CLEAR,DARKNESS - LIGHTED ROAD,PARKED MOTOR VEHICLE,ONE-WAY,NO CONTROLS,FAILING TO REDUCE SPEED,DISTRACTION - FROM INSIDE VEHICLE,0,0,0,0,10,1,10,757,DAMEN AVE,41.742231,-87.662835,10/07/2018 12:32:00 PM,2018
CR00031858,04/02/2023 12:26:00 PM,40,CLOUDY/OVERCAST,DAYLIGHT,TURNING,NOT DIVIDED,STOP SIGN/FLASHER,IMPROPER LANE USAGE,NOT APPLICABLE,0,0,0,0,12,1,4,1499,ROOSEVELT RD,41.894758,-87.804939,04/02/2023 01:35:00 PM,2023
CR00031859,04/29/2017 08:20:00 AM,25,CLEAR,DARKNESS - LIGHTED ROAD,TURNING,ONE-WAY,TRAFFIC SIGNAL,FOLLOWING TOO CLOSELY,FOLLOWING TOO CLOSELY,0,0,0,0,8,7,4,1840,ELSTON AVE,41.878841,-87.710673,04/29/2017 09:38:00 AM,2017
CR00031860,11/18/2022 01:18:00 PM,45,CLEAR,DARKNESS - LIGHTED ROAD,REAR END,DIVIDED - W/MEDIAN (NOT RAISED),TRAFFIC SIGNAL,IMPROPER OVERTAKING/PASSING,UNABLE TO DETERMINE,0,0,0,0,13,6,11,1180,STONY ISLAND AVE,41.720292,-87.686349,11/18/2022 02:59:00 PM,2022
CR00031861,02/15/2017 08:10:00 AM,25,CLEAR,DAWN,TURNING,DIVIDED - W/MEDIAN (NOT RAISED),TRAFFIC SIGNAL,DISREGARDING TRAFFIC SIGNALS,NOT APPLICABLE,0,0,0,0,8,4,2,640,63RD ST,41.905289,-87.580938,02/15/2017 09:48:00 AM,2017
CR00031862,10/23/2016 05:34:00 PM,30,RAIN,DARKNESS - LIGHTED ROAD,REAR TO FRONT,ONE-WAY,UNKNOWN,FOLLOWING TOO CLOSELY,IMPROPER OVERTAKING/PASSING,0,0,0,0,17,1,10,2204,63RD ST,41.745827,-87.617802,10/23/2016 06:10:00 PM,2016
CR00031863,05/03/2020 02:50:00 PM,35,CLEAR,DAYLIGHT,TURNING,NOT DIVIDED,NO CONTROLS,UNABLE TO DETERMINE,FOLLOWING TOO CLOSELY,0,0,0,0,14,1,5,1136,BROADWAY,41.952302,-87.774901,05/03/2020 04:40:00 PM,2020
CR00031864,04/22/2021 05:43:00 PM,30,CLEAR,DAYLIGHT,FIXED OBJECT,NOT DIVIDED,STOP SIGN/FLASHER,FAILING TO REDUCE SPEED,WEATHER,0,0,0,0,17,5,4,1454,MILWAUKEE AVE,41.780723,-87.610636,04/22/2021 06:36:00 PM,2021
CR00031865,11/09/2023 02:03:00 AM,35,SNOW,DARKNESS - LIGHTED ROAD,TURNING,DIVIDED - W/MEDIAN (NOT RAISED),TRAFFIC SIGNAL,IMPROPER OVERTAKING/PASSING,DRIVING SKILLS/KNOWLEDGE/EXPERIENCE,0,0,0,0,2,5,11,836,FULLERTON AVE,41.721998,-87.708327,11/09/2023 03:44:00 AM,2023
CR00031866,03/06/2018 06:04:00 PM,35,CLEAR,DAWN,ANGLE,DIVIDED - W/MEDIAN (NOT RAISED),TRAFFIC SIGNAL,FOLLOWING TOO CLOSELY,NOT APPLICABLE,0,0,0,0,18,3,3,1084,BROADWAY,41.983782,-87.707547,03/06/2018 08:04:00 PM,2018
CR00031867,03/13/2018 06:09:00 PM,45,CLEAR,DAYLIGHT,REAR END,FOUR WAY,STOP SIGN/FLASHER,FAILING TO YIELD RIGHT-OF-WAY,UNABLE TO DETERMINE,0,0,0,0,18,3,3,836,ROOSEVELT RD,41.946622,-87.548132,03/13/2018 06:32:00 PM,2018
CR00031868,12/20/2024 04:44:00 PM,25,CLEAR,DARKNESS - LIGHTED ROAD,TURNING,T-INTERSECTION,NO CONTROLS,IMPROPER LANE USAGE,IMPROPER OVERTAKING/PASSING,0,0,0,0,16,6,12,2083,MILWAUKEE AVE,41.743316,-87.688406,12/20/2024 05:47:00 PM,2024
CR00031869,11/11/2020 11:11:00 PM,20,CLEAR,DARKNESS - LIGHTED ROAD,REAR TO FRONT,DIVIDED - W/MEDIAN BARRIER,NO CONTROLS,UNABLE TO DETERMINE,NOT APPLICABLE,0,0,0,0,23,4,11,473,HALSTED ST,41.819676,-87.608991,11/12/2020 01:00:00 AM,2020
CR00031870,12/04/2015 05:33:00 PM,35,CLEAR,DAYLIGHT,PEDESTRIAN,NOT DIVIDED,TRAFFIC SIGNAL,IMPROPER OVERTAKING/PASSING,IMPROPER OVERTAKING/PASSING,0,0,0,0,17,6,12,428,PULASKI RD,41.709978,-87.601435,12/04/2015 05:59:00 PM,2015
CR00031871,11/08/2019 09:20:00 AM,30,CLOUDY/OVERCAST,DARKNESS - LIGHTED ROAD,REAR END,DIVIDED - W/MEDIAN (NOT RAISED),TRAFFIC SIGNAL,DRIVING SKILLS/KNOWLEDGE/EXPERIENCE,FOLLOWING TOO CLOSELY,0,0,0,0,9,6,11,667,47TH ST,41.976584,-87.50774,11/08/2019 10:02:00 AM,2019
CR00031872,09/10/2016 01:37:00 AM,45,CLEAR,DAYLIGHT,SIDESWIPE SAME DIRECTION,DIVIDED - W/MEDIAN (NOT RAISED),NO CONTROLS,UNABLE TO DETERMINE,IMPROPER LANE USAGE,0,0,0,0,1,7,9,1193,HALSTED ST,41.781634,-87.741186,09/10/2016 03:32:00 AM,2016
CR00031873,07/04/2020 05:24:00 AM,35,CLEAR,DAYLIGHT,SIDESWIPE SAME DIRECTION,ONE-WAY,TRAFFIC SIGNAL,DRIVING SKILLS/KNOWLEDGE/EXPERIENCE,FOLLOWING TOO CLOSELY,0,0,0,0,5,7,7,299,ROOSEVELT RD,41.81717,-87.659452,07/04/2020 06:54:00 AM,2020
CR00031874,12/13/2017 04:32:00 PM,35,CLEAR,DARKNESS - LIGHTED ROAD,TURNING,NOT DIVIDED,STOP SIGN/FLASHER,DRIVING SKILLS/KNOWLEDGE/EXPERIENCE,UNABLE TO DETERMINE,0,0,0,0,16,4,12,166,ASHLAND AVE,41.828533,-87.739661,12/13/2017 04:48:00 PM,2017
CR00031875,02/15/2022 07:43:00 PM,30,CLEAR,DAYLIGHT,REAR END,ONE-WAY,NO CONTROLS,IMPROPER OVERTAKING/PASSING,NOT APPLICABLE,0,0,0,0,19,3,2,1147,CICERO AVE,41.758369,-87.711924,02/15/2022 08:59:00 PM,2022
CR00031876,04/05/2017 07:08:00 PM,30,CLEAR,DAYLIGHT,PARKED MOTOR VEHICLE,DIVIDED - W/MEDIAN (NOT RAISED),NO CONTROLS,IMPROPER LANE USAGE,FOLLOWING TOO CLOSELY,0,0,0,0,19,4,4,197,OGDEN AVE,41.863941,-87.745113,04/05/2017 07:27:00 PM,2017
CR00031877,08/24/2020 06:45:00 PM,40,RAIN,DUSK,REAR END,DIVIDED - W/MEDIAN (NOT RAISED),UNKNOWN,FOLLOWING TOO CLOSELY,FOLLOWING TOO CLOSELY,0,0,0,0,18,2,8,2363,HALSTED ST,41.943805,-87.573299,08/24/2020 08:04:00 PM,2020
CR00031878,05/16/2016 06:22:00 PM,35,CLEAR,DARKNESS - LIGHTED ROAD,REAR END,DIVIDED - W/MEDIAN BARRIER,NO CONTROLS,FAILING TO REDUCE SPEED,IMPROPER LANE USAGE,0,2,2,4,18,2,5,1916,CLARK ST,41.875362,-87.636077,05/16/2016 08:16:00 PM,2016
CR00031879,08/24/2019 07:53:00 AM,45,RAIN,DAYLIGHT,TURNING,DIVIDED - W/MEDIAN (NOT RAISED),STOP SIGN/FLASHER,IMPROPER LANE USAGE,DISTRACTION - FROM INSIDE VEHICLE,0,0,0,0,7,7,8,2425,STONY ISLAND AVE,41.941692,-87.657177,08/24/2019 08:29:00 AM,2019
CR00031880,05/30/2020 04:40:00 PM,45,CLEAR,DAYLIGHT,PARKED MOTOR VEHICLE,DIVIDED - W/MEDIAN (NOT RAISED),STOP SIGN/FLASHER,UNABLE TO DETERMINE,FOLLOWING TOO CLOSELY,0,0,0,0,16,7,5,2229,STATE ST,41.82423,-87.741967,05/30/2020 05:25:00 PM,2020
CR00031881,03/31/2020 10:12:00 PM,25,CLEAR,DUSK,REAR END,FOUR WAY,UNKNOWN,FAILING TO YIELD RIGHT-OF-WAY,FOLLOWING TOO CLOSELY,0,0,0,0,22,3,3,1345,BROADWAY,41.795548,-87.52098,03/31/2020 11:48:00 PM,2020
CR00031882,08/27/2019 07:17:00 AM,20,FOG/SMOKE/HAZE,DAYLIGHT,TURNING,DIVIDED - W/MEDIAN BARRIER,STOP SIGN/FLASHER,UNABLE TO DETERMINE,NOT APPLICABLE,0,0,0,0,7,3,8,1767,DIVISION ST,41.914531,-87.696939,08/27/2019 09:15:00 AM,2019
CR00031883,11/11/2016 09:15:00 AM,20,CLEAR,DAYLIGHT,REAR END,NOT DIVIDED,PEDESTRIAN CROSSING SIGN,FOLLOWING TOO CLOSELY,UNABLE TO DETERMINE,0,0,0,0,9,6,11,2119,WESTERN AVE,41.87675,-87.621555,11/11/2016 10:00:00 AM,2016
CR00031884,10/23/2022 05:36:00 AM,35,CLEAR,DUSK,ANGLE,DIVIDED - W/MEDIAN BARRIER,TRAFFIC SIGNAL,IMPROPER OVERTAKING/PASSING,NOT APPLICABLE,0,0,0,0,5,1,10,293,CALIFORNIA AVE,41.897805,-87.650377,10/23/2022 06:52:00 AM,2022
CR00031885,12/19/2015 01:40:00 PM,40,CLEAR,DAYLIGHT,TURNING,NOT DIVIDED,STOP SIGN/FLASHER,UNABLE TO DETERMINE,FAILING TO REDUCE SPEED,0,0,0,0,13,7,12,240,STATE ST,41.828064,-87.636795,12/19/2015 02:34:00 PM,2015
CR00031886,01/10/2016 03:19:00 AM,35,CLEAR,DAYLIGHT,REAR END,NOT DIVIDED,TRAFFIC SIGNAL,IMPROPER LANE USAGE,UNABLE TO DETERMINE,0,0,0,0,3,1,1,1267,CICERO AVE,41.705902,-87.625464,01/10/2016 03:48:00 AM,2016
CR00031887,09/01/2019 07:01:00 AM,45,RAIN,DARKNESS - LIGHTED ROAD,REAR END,NOT DIVIDED,STOP SIGN/FLASHER,UNABLE TO DETERMINE,WEATHER,0,2,0,2,7,1,9,681,MILWAUKEE AVE,41.860558,-87.579665,09/01/2019 08:46:00 AM,2019
CR00031888,11/06/2015 05:32:00 PM,30,CLEAR,DAYLIGHT,REAR END,DIVIDED - W/MEDIAN (NOT RAISED),NO CONTROLS,WEATHER,UNABLE TO DETERMINE,0,0,0,0,17,6,11,698,ARCHER AVE,41.758507,-87.575364,11/06/2015 05:42:00 PM,2015
CR00031889,09/19/2021 03:11:00 PM,45,CLEAR,DAYLIGHT,ANGLE,ONE-WAY,NO CONTROLS,UNABLE TO DETERMINE,FOLLOWING TOO CLOSELY,0,0,0,0,15,1,9,190,CALIFORNIA AVE,41.915009,-87.60417,09/19/2021 04:12:00 PM,2021
CR00031890,09/25/2024 08:10:00 AM,30,CLEAR,DARKNESS - LIGHTED ROAD,SIDESWIPE SAME DIRECTION,DIVIDED - W/MEDIAN BARRIER,TRAFFIC SIGNAL,DISTRACTION - FROM INSIDE VEHICLE,UNABLE TO DETERMINE,0,0,0,0,8,4,9,242,HALSTED ST,41.705226,-87.679664,09/25/2024 09:15:00 AM,2024
CR00031891,10/27/2024 07:44:00 PM,30,CLEAR,DAYLIGHT,PARKED MOTOR VEHICLE,DIVIDED - W/MEDIAN (NOT RAISED),UNKNOWN,FOLLOWING TOO CLOSELY,FAILING TO REDUCE SPEED,0,0,0,0,19,1,10,1171,47TH ST,41.862786,-87.614757,10/27/2024 08:55:00 PM,2024
CR00031892,09/30/2015 07:31:00 PM,20,CLEAR,DAYLIGHT,PARKED MOTOR VEHICLE,FOUR WAY,TRAFFIC SIGNAL,FOLLOWING TOO CLOSELY,FAILING TO REDUCE SPEED,0,0,0,0,19,4,9,2327,STONY ISLAND AVE,41.953346,-87.75596,09/30/2015 08:10:00 PM,2015
CR00031893,10/03/2020 08:56:00 AM,30,RAIN,DAYLIGHT,SIDESWIPE SAME DIRECTION,DIVIDED - W/MEDIAN (NOT RAISED),STOP SIGN/FLASHER,UNABLE TO DETERMINE,NOT APPLICABLE,0,0,0,0,8,7,10,969,STATE ST,41.863662,-87.813767,10/03/2020 10:03:00 AM,2020
CR00031894,04/01/2022 08:08:00 PM,30,RAIN,DUSK,TURNING,DIVIDED - W/MEDIAN (NOT RAISED),NO CONTROLS,DRIVING SKILLS/KNOWLEDGE/EXPERIENCE,DRIVING SKILLS/KNOWLEDGE/EXPERIENCE,0,0,0,0,20,6,4,1172,ASHLAND AVE,41.841347,-87.847689,04/01/2022 09:48:00 PM,2022
CR00031895,06/06/2019 07:29:00 PM,35,RAIN,DAYLIGHT,REAR END,NOT DIVIDED,TRAFFIC SIGNAL,DISREGARDING TRAFFIC SIGNALS,FAILING TO YIELD RIGHT-OF-WAY,0,1,2,3,19,5,6,641,CICERO AVE,41.719717,-87.726679,06/06/2019 08:50:00 PM,2019
CR00031896,06/13/2015 05:37:00 PM,20,CLEAR,DARKNESS - LIGHTED ROAD,PARKED MOTOR VEHICLE,DIVIDED - W/MEDIAN (NOT RAISED),TRAFFIC SIGNAL,DRIVING SKILLS/KNOWLEDGE/EXPERIENCE,FOLLOWING TOO CLOSELY,0,0,0,0,17,7,6,808,ASHLAND AVE,41.958423,-87.736821,06/13/2015 07:28:00 PM,2015
CR00031897,01/08/2020 05:32:00 PM,30,CLEAR,DARKNESS,TURNING,NOT DIVIDED,NO CONTROLS,DRIVING SKILLS/KNOWLEDGE/EXPERIENCE,IMPROPER OVERTAKING/PASSING,0,0,0,0,17,4,1,236,ASHLAND AVE,41.863226,-87.52783,01/08/2020 05:50:00 PM,2020
CR00031898,11/14/2020 04:13:00 PM,30,FOG/SMOKE/HAZE,DAYLIGHT,REAR END,DIVIDED - W/MEDIAN BARRIER,UNKNOWN,FAILING TO YIELD RIGHT-OF-WAY,DISTRACTION - FROM INSIDE VEHICLE,0,0,0,0,16,7,11,1789,ARCHER AVE,41.838679,-87.796572,11/14/2020 05:47:00 PM,2020
CR00031899,01/05/2024 07:07:00 AM,25,CLEAR,DAYLIGHT,REAR END,DIVIDED - W/MEDIAN BARRIER,NO CONTROLS,WEATHER,FAILING TO YIELD RIGHT-OF-WAY,0,0,0,0,7,6,1,1502,ROOSEVELT RD,41.726608,-87.675125,01/05/2024 07:33:00 AM,2024
CR00031900,11/15/2020 10:46:00 AM,35,SNOW,DAWN,ANGLE,NOT DIVIDED,UNKNOWN,FAILING TO YIELD RIGHT-OF-WAY,DISTRACTION - FROM INSIDE VEHICLE,0,0,0,0,10,1,11,139,IRVING PARK RD,41.753325,-87.530225,11/15/2020 12:08:00 PM,2020
CR00031901,08/04/2016 02:53:00 PM,30,CLOUDY/OVERCAST,DAYLIGHT,PEDESTRIAN,NOT DIVIDED,NO CONTROLS,FOLLOWING TOO CLOSELY,UNABLE TO DETERMINE,0,0,0,0,14,5,8,803,DAMEN AVE,41.941029,-87.815895,08/04/2016 04:47:00 PM,2016
CR00031902,02/18/2017 04:53:00 PM,45,CLEAR,DARKNESS,TURNING,DIVIDED - W/MEDIAN BARRIER,TRAFFIC SIGNAL,UNABLE TO DETERMINE,UNABLE TO DETERMINE,0,0,0,0,16,7,2,1523,CALIFORNIA AVE,41.784875,-87.605607,02/18/2017 06:47:00 PM,2017
CR00031903,08/04/2020 10:22:00 PM,35,CLEAR,DARKNESS - LIGHTED ROAD,SIDESWIPE SAME DIRECTION,NOT DIVIDED,STOP SIGN/FLASHER,UNABLE TO DETERMINE,NOT APPLICABLE,0,0,0,0,22,3,8,147,CALIFORNIA AVE,41.868057,-87.754003,08/05/2020 12:18:00 AM,2020
CR00031904,03/26/2024 07:33:00 AM,25,CLEAR,DARKNESS - LIGHTED ROAD,REAR END,NOT DIVIDED,TRAFFIC SIGNAL,FAILING TO REDUCE SPEED,NOT APPLICABLE,0,0,0,0,7,3,3,1492,ELSTON AVE,41.927639,-87.752287,03/26/2024 07:41:00 AM,2024
CR00031905,09/17/2023 07:56:00 PM,35,CLEAR,DAYLIGHT,REAR TO FRONT,FOUR WAY,TRAFFIC SIGNAL,UNABLE TO DETERMINE,DRIVING SKILLS/KNOWLEDGE/EXPERIENCE,0,0,0,0,19,1,9,861,IRVING PARK RD,41.983395,-87.676247,09/17/2023 08:34:00 PM,2023
CR00031906,07/21/2018 04:56:00 PM,15,CLEAR,DARKNESS - LIGHTED ROAD,REAR TO FRONT,DIVIDED - W/MEDIAN (NOT RAISED),NO CONTROLS,UNABLE TO DETERMINE,UNABLE TO DETERMINE,0,0,0,0,16,7,7,1742,PULASKI RD,41.782885,-87.63834,07/21/2018 06:24:00 PM,2018
CR00031907,11/18/2019 08:45:00 AM,25,CLEAR,DAYLIGHT,REAR END,NOT DIVIDED,STOP SIGN/FLASHER,FAILING TO YIELD RIGHT-OF-WAY,FOLLOWING TOO CLOSELY,0,0,0,0,8,2,11,808,STONY ISLAND AVE,41.926783,-87.806406,11/18/2019 10:19:00 AM,2019
CR00031908,02/15/2015 10:42:00 AM,35,CLOUDY/OVERCAST,DARKNESS - LIGHTED ROAD,REAR END,DIVIDED - W/MEDIAN (NOT RAISED),NO CONTROLS,UNABLE TO DETERMINE,FAILING TO YIELD RIGHT-OF-WAY,0,0,0,0,10,1,2,206,BROADWAY,41.976366,-87.66929,02/15/2015 11:39:00 AM,2015
CR00031909,07/19/2018 08:48:00 AM,30,SNOW,DAYLIGHT,SIDESWIPE SAME DIRECTION,DIVIDED - W/MEDIAN BARRIER,STOP SIGN/FLASHER,UNABLE TO DETERMINE,NOT APPLICABLE,0,0,0,0,8,5,7,1536,BROADWAY,41.761359,-87.560552,07/19/2018 10:19:00 AM,2018
CR00031910,06/28/2015 11:08:00 AM,30,CLEAR,DARKNESS - LIGHTED ROAD,REAR END,DIVIDED - W/MEDIAN BARRIER,TRAFFIC SIGNAL,DISREGARDING TRAFFIC SIGNALS,NOT APPLICABLE,0,0,0,0,11,1,6,2343,IRVING PARK RD,41.881416,-87.825296,06/28/2015 12:09:00 PM,2015
CR00031911,07/26/2017 01:33:00 PM,30,CLEAR,DAYLIGHT,SIDESWIPE SAME DIRECTION,ONE-WAY,TRAFFIC SIGNAL,FAILING TO YIELD RIGHT-OF-WAY,UNABLE TO DETERMINE,0,0,0,0,13,4,7,2441,CICERO AVE,41.789676,-87.802017,07/26/2017 02:59:00 PM,2017
CR00031912,12/18/2021 07:26:00 PM,30,CLEAR,DAYLIGHT,REAR END,DIVIDED - W/MEDIAN (NOT RAISED),TRAFFIC SIGNAL,IMPROPER OVERTAKING/PASSING,FOLLOWING TOO CLOSELY,0,0,0,0,19,7,12,524,WESTERN AVE,41.928963,-87.581554,12/18/2021 09:07:00 PM,2021
CR00031913,03/29/2015 10:04:00 AM,45,CLEAR,DAYLIGHT,REAR END,DIVIDED - W/MEDIAN (NOT RAISED),TRAFFIC SIGNAL,DRIVING SKILLS/KNOWLEDGE/EXPERIENCE,FAILING TO YIELD RIGHT-OF-WAY,0,0,0,0,10,1,3,746,47TH ST,41.955833,-87.837342,03/29/2015 10:57:00 AM,2015
CR00031914,11/18/2023 06:42:00 AM,15,CLEAR,DARKNESS - LIGHTED ROAD,REAR END,FOUR WAY,STOP SIGN/FLASHER,FAILING TO REDUCE SPEED,DRIVING SKILLS/KNOWLEDGE/EXPERIENCE,0,0,0,0,6,7,11,354,CICERO AVE,41.842638,-87.660492,11/18/2023 08:07:00 AM,2023
CR00031915,07/08/2019 06:35:00 AM,35,CLEAR,DARKNESS - LIGHTED ROAD,ANGLE,DIVIDED - W/MEDIAN BARRIER,TRAFFIC SIGNAL,FAILING TO YIELD RIGHT-OF-WAY,UNABLE TO DETERMINE,0,0,0,0,6,2,7,1719,CICERO AVE,41.861389,-87.565692,07/08/2019 07:27:00 AM,2019
CR00031916,11/15/2021 07:01:00 AM,15,CLEAR,DARKNESS - LIGHTED ROAD,FIXED OBJECT,NOT DIVIDED,STOP SIGN/FLASHER,UNABLE TO DETERMINE,NOT APPLICABLE,0,0,0,0,7,2,11,794,63RD ST,41.889547,-87.763497,11/15/2021 07:43:00 AM,2021
CR00031917,10/14/2016 07:26:00 AM,30,CLEAR,DAYLIGHT,ANGLE,DIVIDED - W/MEDIAN BARRIER,TRAFFIC SIGNAL,DISTRACTION - FROM INSIDE VEHICLE,FAILING TO YIELD RIGHT-OF-WAY,0,0,0,0,7,6,10,263,BROADWAY,41.844935,-87.727067,10/14/2016 08:13:00 AM,2016
CR00031918,01/06/2017 08:29:00 PM,45,FOG/SMOKE/HAZE,DAYLIGHT,PARKED MOTOR VEHICLE,ONE-WAY,NO CONTROLS,FAILING TO YIELD RIGHT-OF-WAY,DISTRACTION - FROM INSIDE VEHICLE,0,0,0,0,20,6,1,477,47TH ST,41.973497,-87.724638,01/06/2017 10:13:00 PM,2017
CR00031919,01/16/2024 11:24:00 PM,35,CLEAR,DARKNESS,REAR END,DIVIDED - W/MEDIAN (NOT RAISED),NO CONTROLS,UNABLE TO DETERMINE,FAILING TO YIELD RIGHT-OF-WAY,0,0,2,2,23,3,1,774,STONY ISLAND AVE,41.722983,-87.549055,01/17/2024 12:16:00 AM,2024
CR00031920,02/01/2015 09:43:00 AM,35,CLEAR,DAWN,REAR END,DIVIDED - W/MEDIAN (NOT RAISED),TRAFFIC SIGNAL,FAILING TO REDUCE SPEED,DRIVING SKILLS/KNOWLEDGE/EXPERIENCE,0,0,0,0,9,1,2,604,KEDZIE AVE,41.903866,-87.78411,02/01/2015 11:04:00 AM,2015
CR00031921,03/20/2017 12:54:00 PM,15,CLEAR,DARKNESS - LIGHTED ROAD,TURNING,ONE-WAY,STOP SIGN/FLASHER,UNABLE TO DETERMINE,IMPROPER OVERTAKING/PASSING,0,0,0,0,12,2,3,734,ELSTON AVE,41.956311,-87.607752,03/20/2017 01:43:00 PM,2017
CR00031922,04/11/2016 02:55:00 PM,35,CLEAR,DAWN,ANGLE,T-INTERSECTION,NO CONTROLS,FAILING TO REDUCE SPEED,NOT APPLICABLE,0,0,0,0,14,2,4,2354,CLARK ST,41.948874,-87.710503,04/11/2016 03:02:00 PM,2016
CR00031923,10/20/2016 07:18:00 PM,45,RAIN,DARKNESS - LIGHTED ROAD,ANGLE,FOUR WAY,NO CONTROLS,IMPROPER LANE USAGE,IMPROPER LANE USAGE,0,0,2,2,19,5,10,1235,DIVISION ST,41.825285,-87.554827,10/20/2016 08:28:00 PM,2016