CRASH_RECORD_ID,CRASH_DATE,POSTED_SPEED_LIMIT,WEATHER_CONDITION,LIGHTING_CONDITION,FIRST_CRASH_TYPE,TRAFFICWAY_TYPE,TRAFFIC_CONTROL_DEVICE,PRIM_CONTRIBUTORY_CAUSE,SEC_CONTRIBUTORY_CAUSE,INJURIES_FATAL,INJURIES_INCAPACITATING,INJURIES_NON_INCAPACITATING,INJURIES_TOTAL,CRASH_HOUR,CRASH_DAY_OF_WEEK,CRASH_MONTH,BEAT_OF_OCCURRENCE,STREET_NAME,LATITUDE,LONGITUDE,DATE_POLICE_NOTIFIED,year
CR00031924,03/10/2024 03:46:00 PM,30,CLEAR,DARKNESS,SIDESWIPE SAME DIRECTION,T-INTERSECTION,STOP SIGN/FLASHER,UNABLE TO DETERMINE,NOT APPLICABLE,0,0,0,0,15,1,3,2192,FULLERTON AVE,41.933719,-87.62648,03/10/2024 05:00:00 PM,2024
CR00031925,11/20/2022 11:42:00 AM,45,CLEAR,DAYLIGHT,REAR END,NOT DIVIDED,YIELD,IMPROPER LANE USAGE,NOT APPLICABLE,0,0,0,0,11,1,11,1100,HALSTED ST,41.950581,-87.591786,11/20/2022 12:14:00 PM,2022
CR00031926,09/26/2023 10:15:00 PM,30,CLEAR,DAYLIGHT,REAR END,ONE-WAY,NO CONTROLS,UNABLE TO DETERMINE,NOT APPLICABLE,0,0,0,0,22,3,9,1290,DIVISION ST,41.933223,-87.798038,09/26/2023 11:00:00 PM,2023
CR00031927,08/22/2024 02:00:00 AM,15,SNOW,DAYLIGHT,FIXED OBJECT,NOT DIVIDED,NO CONTROLS,FAILING TO REDUCE SPEED,DISREGARDING TRAFFIC SIGNALS,0,2,1,3,2,5,8,632,79TH ST,41.823693,-87.820308,08/22/2024 02:49:00 AM,2024
CR00031928,03/09/2020 09:53:00 AM,30,CLEAR,DARKNESS,REAR END,NOT DIVIDED,UNKNOWN,DISREGARDING TRAFFIC SIGNALS,UNABLE TO DETERMINE,0,0,0,0,9,2,3,692,MICHIGAN AVE,41.742525,-87.50616,03/09/2020 10:50:00 AM,2020
CR00031929,04/27/2019 04:04:00 PM,35,RAIN,DARKNESS - LIGHTED ROAD,FIXED OBJECT,ONE-WAY,UNKNOWN,DISTRACTION - FROM INSIDE VEHICLE,NOT APPLICABLE,0,0,0,0,16,7,4,1889,FULLERTON AVE,41.807241,-87.80401,04/27/2019 05:26:00 PM,2019
CR00031930,06/01/2016 06:30:00 PM,30,CLOUDY/OVERCAST,DAYLIGHT,SIDESWIPE SAME DIRECTION,DIVIDED - W/MEDIAN (NOT RAISED),TRAFFIC SIGNAL,UNABLE TO DETERMINE,DRIVING SKILLS/KNOWLEDGE/EXPERIENCE,0,0,0,0,18,4,6,1549,WESTERN AVE,41.791262,-87.62798,06/01/2016 06:38:00 PM,2016
CR00031931,03/17/2022 01:19:00 PM,25,CLEAR,DAYLIGHT,FIXED OBJECT,ONE-WAY,NO CONTROLS,IMPROPER LANE USAGE,NOT APPLICABLE,0,0,0,0,13,5,3,1650,STONY ISLAND AVE,41.878004,-87.809149,03/17/2022 01:32:00 PM,2022
CR00031932,03/02/2015 05:53:00 PM,35,RAIN,DARKNESS - LIGHTED ROAD,TURNING,ONE-WAY,NO CONTROLS,FAILING TO REDUCE SPEED,IMPROPER OVERTAKING/PASSING,0,0,0,0,17,2,3,1425,ASHLAND AVE,41.836626,-87.603751,03/02/2015 07:26:00 PM,2015
CR00031933,04/20/2018 05:53:00 PM,35,CLEAR,DAYLIGHT,REAR END,ONE-WAY,STOP SIGN/FLASHER,FOLLOWING TOO CLOSELY,FOLLOWING TOO CLOSELY,0,0,0,0,17,6,4,299,STONY ISLAND AVE,41.811776,-87.710491,04/20/2018 07:40:00 PM,2018
CR00031934,07/16/2018 07:23:00 AM,45,CLEAR,DAYLIGHT,TURNING,FOUR WAY,STOP SIGN/FLASHER,IMPROPER OVERTAKING/PASSING,UNABLE TO DETERMINE,0,0,0,0,7,2,7,682,ARCHER AVE,41.702441,-87.848275,07/16/2018 09:09:00 AM,2018
CR00031935,06/29/2023 07:32:00 AM,35,RAIN,DAYLIGHT,SIDESWIPE SAME DIRECTION,NOT DIVIDED,TRAFFIC SIGNAL,FOLLOWING TOO CLOSELY,UNABLE TO DETERMINE,0,0,0,0,7,5,6,1762,PULASKI RD,41.833354,-87.69927,06/29/2023 08:13:00 AM,2023
CR00031936,04/19/2016 11:30:00 AM,30,CLEAR,DARKNESS - LIGHTED ROAD,TURNING,DIVIDED - W/MEDIAN (NOT RAISED),NO CONTROLS,FAILING TO YIELD RIGHT-OF-WAY,NOT APPLICABLE,0,0,0,0,11,3,4,2030,47TH ST,41.85965,-87.813954,04/19/2016 12:16:00 PM,2016
CR00031937,02/03/2023 09:21:00 PM,30,SNOW,DAYLIGHT,SIDESWIPE SAME DIRECTION,DIVIDED - W/MEDIAN (NOT RAISED),STOP SIGN/FLASHER,UNABLE TO DETERMINE,FAILING TO YIELD RIGHT-OF-WAY,0,0,1,1,21,6,2,1763,STATE ST,41.947167,-87.508706,02/03/2023 11:14:00 PM,2023
CR00031938,07/28/2017 03:17:00 PM,30,CLEAR,DAYLIGHT,TURNING,NOT DIVIDED,TRAFFIC SIGNAL,WEATHER,IMPROPER LANE USAGE,0,0,0,0,15,6,7,1510,79TH ST,41.837491,-87.809569,07/28/2017 03:42:00 PM,2017
CR00031939,06/14/2018 06:00:00 PM,30,CLEAR,DAYLIGHT,PEDESTRIAN,FOUR WAY,NO CONTROLS,DISREGARDING TRAFFIC SIGNALS,NOT APPLICABLE,0,0,0,0,18,5,6,1937,CICERO AVE,41.79664,-87.516688,06/14/2018 07:43:00 PM,2018
CR00031940,02/28/2017 07:49:00 AM,40,CLEAR,DARKNESS - LIGHTED ROAD,SIDESWIPE SAME DIRECTION,NOT DIVIDED,TRAFFIC SIGNAL,IMPROPER LANE USAGE,FAILING TO YIELD RIGHT-OF-WAY,0,0,0,0,7,3,2,1906,STATE ST,41.763389,-87.722936,02/28/2017 09:43:00 AM,2017
CR00031941,01/24/2019 05:39:00 PM,35,CLOUDY/OVERCAST,DUSK,ANGLE,DIVIDED - W/MEDIAN (NOT RAISED),NO CONTROLS,DISREGARDING TRAFFIC SIGNALS,DISTRACTION - FROM INSIDE VEHICLE,0,0,0,0,17,5,1,972,DIVISION ST,41.867906,-87.668985,01/24/2019 06:09:00 PM,2019
CR00031942,09/28/2023 05:03:00 PM,35,CLEAR,DAYLIGHT,ANGLE,FOUR WAY,TRAFFIC SIGNAL,DISTRACTION - FROM INSIDE VEHICLE,FAILING TO YIELD RIGHT-OF-WAY,0,0,0,0,17,5,9,729,DAMEN AVE,41.914296,-87.575471,09/28/2023 05:18:00 PM,2023
CR00031943,07/13/2017 02:34:00 AM,25,CLEAR,DUSK,PARKED MOTOR VEHICLE,DIVIDED - W/MEDIAN (NOT RAISED),NO CONTROLS,DRIVING SKILLS/KNOWLEDGE/EXPERIENCE,IMPROPER OVERTAKING/PASSING,0,0,1,1,2,5,7,929,ARCHER AVE,41.848596,-87.671178,07/13/2017 03:41:00 AM,2017
CR00031944,06/12/2019 03:58:00 PM,15,RAIN,DUSK,REAR END,ONE-WAY,TRAFFIC SIGNAL,IMPROPER OVERTAKING/PASSING,UNABLE TO DETERMINE,0,0,0,0,15,4,6,223,KEDZIE AVE,41.714502,-87.667782,06/12/2019 05:48:00 PM,2019
CR00031945,06/21/2015 07:17:00 AM,30,RAIN,DAWN,TURNING,DIVIDED - W/MEDIAN (NOT RAISED),STOP SIGN/FLASHER,DRIVING SKILLS/KNOWLEDGE/EXPERIENCE,FAILING TO YIELD RIGHT-OF-WAY,0,0,0,0,7,1,6,743,KEDZIE AVE,41.812558,-87.525201,06/21/2015 09:02:00 AM,2015
CR00031946,07/20/2021 04:54:00 PM,15,CLEAR,DAYLIGHT,TURNING,ONE-WAY,TRAFFIC SIGNAL,IMPROPER OVERTAKING/PASSING,UNABLE TO DETERMINE,0,0,1,1,16,3,7,2063,CLARK ST,41.789056,-87.779449,07/20/2021 04:58:00 PM,2021
CR00031947,09/30/2022 04:38:00 PM,35,CLEAR,DAYLIGHT,ANGLE,NOT DIVIDED,YIELD,FAILING TO YIELD RIGHT-OF-WAY,UNABLE TO DETERMINE,0,0,0,0,16,6,9,2145,PULASKI RD,41.979325,-87.628158,09/30/2022 05:01:00 PM,2022
CR00031948,11/12/2019 01:11:00 AM,30,CLEAR,DAYLIGHT,PARKED MOTOR VEHICLE,NOT DIVIDED,NO CONTROLS,UNABLE TO DETERMINE,NOT APPLICABLE,0,0,0,0,1,3,11,1433,BROADWAY,41.725663,-87.685143,11/12/2019 02:03:00 AM,2019
CR00031949,07/12/2015 03:23:00 PM,15,CLEAR,DARKNESS - LIGHTED ROAD,PARKED MOTOR VEHICLE,FOUR WAY,NO CONTROLS,FAILING TO YIELD RIGHT-OF-WAY,NOT APPLICABLE,0,0,0,0,15,1,7,741,STONY ISLAND AVE,41.70673,-87.720215,07/12/2015 04:46:00 PM,2015
CR00031950,10/27/2021 05:07:00 PM,35,CLEAR,DAYLIGHT,REAR END,NOT DIVIDED,NO CONTROLS,DISREGARDING TRAFFIC SIGNALS,NOT APPLICABLE,0,0,0,0,17,4,10,1179,ROOSEVELT RD,41.800423,-87.787361,10/27/2021 06:40:00 PM,2021
CR00031951,04/07/2015 02:00:00 PM,30,CLEAR,DAYLIGHT,SIDESWIPE SAME DIRECTION,T-INTERSECTION,NO CONTROLS,UNABLE TO DETERMINE,FAILING TO YIELD RIGHT-OF-WAY,0,0,0,0,14,3,4,1564,FULLERTON AVE,41.880199,-87.787644,04/07/2015 03:49:00 PM,2015
CR00031952,05/03/2018 04:22:00 PM,45,CLOUDY/OVERCAST,DARKNESS,REAR TO FRONT,NOT DIVIDED,TRAFFIC SIGNAL,FAILING TO YIELD RIGHT-OF-WAY,DRIVING SKILLS/KNOWLEDGE/EXPERIENCE,0,0,1,1,16,5,5,2498,KEDZIE AVE,41.734643,-87.560844,05/03/2018 05:16:00 PM,2018
CR00031953,11/04/2024 11:36:00 AM,30,FOG/SMOKE/HAZE,DAYLIGHT,REAR END,NOT DIVIDED,NO CONTROLS,UNABLE TO DETERMINE,UNABLE TO DETERMINE,0,0,0,0,11,2,11,444,HALSTED ST,41.818943,-87.527979,11/04/2024 01:06:00 PM,2024
CR00031954,05/16/2024 06:01:00 PM,45,CLEAR,DAYLIGHT,REAR END,NOT DIVIDED,UNKNOWN,UNABLE TO DETERMINE,UNABLE TO DETERMINE,0,0,0,0,18,5,5,2404,MICHIGAN AVE,41.955202,-87.806122,05/16/2024 06:03:00 PM,2024
CR00031955,03/28/2019 04:07:00 PM,45,CLEAR,DARKNESS,ANGLE,FOUR WAY,PEDESTRIAN CROSSING SIGN,UNABLE TO DETERMINE,FOLLOWING TOO CLOSELY,0,0,0,0,16,5,3,1397,HALSTED ST,41.852905,-87.519574,03/28/2019 04:57:00 PM,2019
CR00031956,11/15/2021 08:57:00 AM,25,CLEAR,DAYLIGHT,PEDESTRIAN,NOT DIVIDED,PEDESTRIAN CROSSING SIGN,IMPROPER OVERTAKING/PASSING,NOT APPLICABLE,0,0,0,0,8,2,11,528,LAKE SHORE DR,41.730608,-87.570989,11/15/2021 09:41:00 AM,2021
CR00031957,08/14/2022 10:38:00 AM,40,RAIN,DAYLIGHT,SIDESWIPE SAME DIRECTION,NOT DIVIDED,TRAFFIC SIGNAL,IMPROPER OVERTAKING/PASSING,UNABLE TO DETERMINE,0,0,0,0,10,1,8,561,PULASKI RD,41.741359,-87.668448,08/14/2022 12:28:00 PM,2022
CR00031958,04/24/2020 08:08:00 PM,45,CLEAR,DARKNESS - LIGHTED ROAD,REAR TO FRONT,NOT DIVIDED,TRAFFIC SIGNAL,UNABLE TO DETERMINE,NOT APPLICABLE,0,0,0,0,20,6,4,1919,FULLERTON AVE,41.769355,-87.849599,04/24/2020 09:58:00 PM,2020
CR00031959,02/04/2020 06:13:00 PM,45,CLEAR,DARKNESS - LIGHTED ROAD,FIXED OBJECT,ONE-WAY,STOP SIGN/FLASHER,WEATHER,UNABLE TO DETERMINE,0,0,2,2,18,3,2,2029,63RD ST,41.744005,-87.75788,02/04/2020 08:13:00 PM,2020
CR00031960,02/02/2021 06:57:00 PM,45,CLEAR,DARKNESS - LIGHTED ROAD,PARKED MOTOR VEHICLE,T-INTERSECTION,TRAFFIC SIGNAL,DISTRACTION - FROM INSIDE VEHICLE,UNABLE TO DETERMINE,0,1,2,3,18,3,2,1649,LAKE SHORE DR,41.863412,-87.619201,02/02/2021 08:42:00 PM,2021
CR00031961,10/09/2016 08:35:00 PM,20,CLOUDY/OVERCAST,DARKNESS - LIGHTED ROAD,FIXED OBJECT,T-INTERSECTION,YIELD,DRIVING SKILLS/KNOWLEDGE/EXPERIENCE,NOT APPLICABLE,0,0,0,0,20,1,10,649,DAMEN AVE,41.9427,-87.80535,10/09/2016 09:29:00 PM,2016
CR00031962,10/13/2021 11:34:00 AM,30,FOG/SMOKE/HAZE,DUSK,PEDESTRIAN,ONE-WAY,NO CONTROLS,UNABLE TO DETERMINE,UNABLE TO DETERMINE,0,0,0,0,11,4,10,627,BROADWAY,41.714851,-87.501343,10/13/2021 01:14:00 PM,2021
CR00031963,12/08/2019 03:17:00 AM,30,CLEAR,DAYLIGHT,REAR END,DIVIDED - W/MEDIAN (NOT RAISED),TRAFFIC SIGNAL,FAILING TO YIELD RIGHT-OF-WAY,FAILING TO YIELD RIGHT-OF-WAY,0,0,0,0,3,1,12,2365,IRVING PARK RD,41.801469,-87.556966,12/08/2019 03:21:00 AM,2019
CR00031964,05/04/2015 01:36:00 AM,35,RAIN,DAYLIGHT,TURNING,FOUR WAY,NO CONTROLS,WEATHER,UNABLE TO DETERMINE,0,0,0,0,1,2,5,864,LAKE SHORE DR,41.763401,-87.649557,05/04/2015 02:47:00 AM,2015
CR00031965,08/02/2018 04:04:00 AM,15,CLEAR,DAYLIGHT,REAR END,NOT DIVIDED,NO CONTROLS,IMPROPER OVERTAKING/PASSING,DISREGARDING TRAFFIC SIGNALS,0,0,0,0,4,5,8,275,47TH ST,41.830583,-87.637244,08/02/2018 04:34:00 AM,2018
CR00031966,11/09/2015 04:57:00 PM,35,CLEAR,DUSK,TURNING,NOT DIVIDED,YIELD,UNABLE TO DETERMINE,DISTRACTION - FROM INSIDE VEHICLE,0,0,0,0,16,2,11,411,HALSTED ST,41.775762,-87.654761,11/09/2015 06:14:00 PM,2015
CR00031967,08/20/2020 03:03:00 PM,35,CLEAR,DAYLIGHT,SIDESWIPE SAME DIRECTION,NOT DIVIDED,PEDESTRIAN CROSSING SIGN,FOLLOWING TOO CLOSELY,FOLLOWING TOO CLOSELY,0,0,0,0,15,5,8,819,DIVISION ST,41.778352,-87.768937,08/20/2020 03:44:00 PM,2020
CR00031968,06/09/2018 10:14:00 AM,20,RAIN,DARKNESS - LIGHTED ROAD,REAR END,DIVIDED - W/MEDIAN (NOT RAISED),TRAFFIC SIGNAL,UNABLE TO DETERMINE,UNABLE TO DETERMINE,0,0,1,1,10,7,6,308,ELSTON AVE,41.924456,-87.559553,06/09/2018 11:28:00 AM,2018
CR00031969,05/09/2024 09:03:00 AM,30,CLEAR,DARKNESS - LIGHTED ROAD,REAR END,DIVIDED - W/MEDIAN (NOT RAISED),TRAFFIC SIGNAL,FOLLOWING TOO CLOSELY,FOLLOWING TOO CLOSELY,0,0,0,0,9,5,5,1812,DAMEN AVE,41.907525,-87.823564,05/09/2024 09:06:00 AM,2024
CR00031970,07/18/2016 05:02:00 PM,15,SNOW,DAYLIGHT,ANGLE,DIVIDED - W/MEDIAN BARRIER,NO CONTROLS,IMPROPER LANE USAGE,FAILING TO REDUCE SPEED,0,0,0,0,17,2,7,1871,BROADWAY,41.711636,-87.566653,07/18/2016 06:49:00 PM,2016
CR00031971,09/22/2016 06:35:00 PM,30,CLOUDY/OVERCAST,DAYLIGHT,ANGLE,NOT DIVIDED,TRAFFIC SIGNAL,UNABLE TO DETERMINE,UNABLE TO DETERMINE,0,0,1,1,18,5,9,455,79TH ST,41.716277,-87.541413,09/22/2016 08:19:00 PM,2016
CR00031972,03/09/2024 07:35:00 AM,45,CLEAR,DARKNESS - LIGHTED ROAD,TURNING,FOUR WAY,NO CONTROLS,UNABLE TO DETERMINE,NOT APPLICABLE,0,0,0,0,7,7,3,2034,IRVING PARK RD,41.7152,-87.643888,03/09/2024 08:06:00 AM,2024
CR00031973,10/01/2022 01:49:00 AM,40,SNOW,DAYLIGHT,REAR END,DIVIDED - W/MEDIAN (NOT RAISED),TRAFFIC SIGNAL,DISREGARDING TRAFFIC SIGNALS,NOT APPLICABLE,0,0,0,0,1,7,10,402,IRVING PARK RD,41.783007,-87.803488,10/01/2022 01:54:00 AM,2022
CR00031974,08/31/2018 06:32:00 PM,30,CLEAR,DAYLIGHT,REAR TO FRONT,FOUR WAY,NO CONTROLS,UNABLE TO DETERMINE,FOLLOWING TOO CLOSELY,0,0,0,0,18,6,8,502,IRVING PARK RD,41.856016,-87.643707,08/31/2018 06:36:00 PM,2018
CR00031975,03/02/2022 08:34:00 PM,30,CLEAR,DAYLIGHT,REAR END,FOUR WAY,STOP SIGN/FLASHER,IMPROPER OVERTAKING/PASSING,UNABLE TO DETERMINE,0,0,0,0,20,4,3,502,CALIFORNIA AVE,41.928327,-87.527232,03/02/2022 09:17:00 PM,2022
CR00031976,12/17/2020 02:38:00 AM,30,CLEAR,DARKNESS - LIGHTED ROAD,TURNING,DIVIDED - W/MEDIAN (NOT RAISED),NO CONTROLS,IMPROPER OVERTAKING/PASSING,FAILING TO YIELD RIGHT-OF-WAY,0,0,0,0,2,5,12,1477,HALSTED ST,41.897313,-87.581798,12/17/2020 02:49:00 AM,2020
CR00031977,03/15/2020 01:20:00 PM,30,CLEAR,DARKNESS - LIGHTED ROAD,ANGLE,FOUR WAY,STOP SIGN/FLASHER,UNABLE TO DETERMINE,FAILING TO YIELD RIGHT-OF-WAY,0,0,0,0,13,1,3,1352,CLARK ST,41.758038,-87.509958,03/15/2020 02:23:00 PM,2020
CR00031978,03/06/2021 06:24:00 PM,25,SNOW,DAYLIGHT,ANGLE,NOT DIVIDED,NO CONTROLS,DISREGARDING TRAFFIC SIGNALS,IMPROPER LANE USAGE,0,0,1,1,18,7,3,2230,CICERO AVE,41.978929,-87.638092,03/06/2021 07:47:00 PM,2021
CR00031979,12/20/2018 01:21:00 PM,30,CLEAR,DAYLIGHT,TURNING,ONE-WAY,YIELD,WEATHER,UNABLE TO DETERMINE,0,0,0,0,13,5,12,2024,MICHIGAN AVE,41.816193,-87.665571,12/20/2018 02:02:00 PM,2018
CR00031980,01/30/2020 03:48:00 PM,20,CLEAR,DAYLIGHT,PARKED MOTOR VEHICLE,NOT DIVIDED,STOP SIGN/FLASHER,DISREGARDING TRAFFIC SIGNALS,IMPROPER LANE USAGE,0,0,0,0,15,5,1,2435,ROOSEVELT RD,41.798643,-87.767714,01/30/2020 04:28:00 PM,2020
CR00031981,06/07/2019 03:57:00 PM,35,CLEAR,DAYLIGHT,TURNING,DIVIDED - W/MEDIAN (NOT RAISED),STOP SIGN/FLASHER,FOLLOWING TOO CLOSELY,WEATHER,0,0,0,0,15,6,6,1360,HALSTED ST,41.938718,-87.581656,06/07/2019 04:29:00 PM,2019
CR00031982,08/13/2024 01:17:00 PM,30,CLEAR,DAYLIGHT,REAR END,NOT DIVIDED,TRAFFIC SIGNAL,DISTRACTION - FROM INSIDE VEHICLE,UNABLE TO DETERMINE,0,0,0,0,13,3,8,854,MILWAUKEE AVE,41.733469,-87.573393,08/13/2024 02:03:00 PM,2024
CR00031983,08/31/2020 08:29:00 PM,40,CLEAR,DAYLIGHT,REAR END,NOT DIVIDED,NO CONTROLS,FAILING TO YIELD RIGHT-OF-WAY,NOT APPLICABLE,0,0,0,0,20,2,8,2329,BROADWAY,41.745763,-87.644558,08/31/2020 09:39:00 PM,2020
CR00031984,08/29/2017 01:55:00 PM,20,CLEAR,DAYLIGHT,REAR END,DIVIDED - W/MEDIAN BARRIER,TRAFFIC SIGNAL,IMPROPER OVERTAKING/PASSING,NOT APPLICABLE,0,0,0,0,13,3,8,1486,HALSTED ST,41.783702,-87.733209,08/29/2017 02:16:00 PM,2017
CR00031985,07/02/2017 03:25:00 PM,30,RAIN,DAYLIGHT,FIXED OBJECT,NOT DIVIDED,STOP SIGN/FLASHER,FOLLOWING TOO CLOSELY,DISREGARDING TRAFFIC SIGNALS,0,0,0,0,15,1,7,1326,CICERO AVE,41.726459,-87.710755,07/02/2017 03:44:00 PM,2017
CR00031986,10/20/2021 05:21:00 PM,45,SNOW,DAYLIGHT,TURNING,DIVIDED - W/MEDIAN (NOT RAISED),STOP SIGN/FLASHER,UNABLE TO DETERMINE,NOT APPLICABLE,0,0,0,0,17,4,10,2218,DAMEN AVE,41.914509,-87.67465,10/20/2021 06:46:00 PM,2021
CR00031987,03/15/2024 01:37:00 PM,45,CLEAR,DAWN,REAR END,ONE-WAY,TRAFFIC SIGNAL,DISREGARDING TRAFFIC SIGNALS,DRIVING SKILLS/KNOWLEDGE/EXPERIENCE,0,0,0,0,13,6,3,2193,CLARK ST,41.899873,-87.536738,03/15/2024 02:48:00 PM,2024
CR00031988,04/28/2021 04:22:00 PM,35,RAIN,DARKNESS - LIGHTED ROAD,FIXED OBJECT,NOT DIVIDED,TRAFFIC SIGNAL,UNABLE TO DETERMINE,UNABLE TO DETERMINE,0,0,0,0,16,4,4,1250,KEDZIE AVE,41.882213,-87.758176,04/28/2021 05:51:00 PM,2021
CR00031989,03/29/2015 07:08:00 PM,30,CLEAR,DAYLIGHT,REAR END,DIVIDED - W/MEDIAN BARRIER,TRAFFIC SIGNAL,DRIVING SKILLS/KNOWLEDGE/EXPERIENCE,NOT APPLICABLE,0,0,0,0,19,1,3,467,CICERO AVE,41.751211,-87.504018,03/29/2015 07:56:00 PM,2015
CR00031990,05/26/2019 08:27:00 PM,20,CLEAR,DAYLIGHT,TURNING,T-INTERSECTION,NO CONTROLS,WEATHER,UNABLE TO DETERMINE,0,0,0,0,20,1,5,308,CLARK ST,41.817686,-87.816471,05/26/2019 09:30:00 PM,2019
CR00031991,04/09/2023 03:41:00 AM,30,CLEAR,DAYLIGHT,FIXED OBJECT,NOT DIVIDED,STOP SIGN/FLASHER,FAILING TO YIELD RIGHT-OF-WAY,DISTRACTION - FROM INSIDE VEHICLE,0,0,0,0,3,1,4,1953,IRVING PARK RD,41.818808,-87.673042,04/09/2023 03:45:00 AM,2023
CR00031992,12/17/2024 11:54:00 PM,45,CLOUDY/OVERCAST,DAYLIGHT,PEDESTRIAN,T-INTERSECTION,NO CONTROLS,FAILING TO YIELD RIGHT-OF-WAY,FAILING TO YIELD RIGHT-OF-WAY,0,0,0,0,23,3,12,2407,ELSTON AVE,41.971025,-87.763659,12/18/2024 12:24:00 AM,2024
CR00031993,06/14/2020 04:09:00 PM,15,CLEAR,DAYLIGHT,REAR END,NOT DIVIDED,STOP SIGN/FLASHER,UNABLE TO DETERMINE,FOLLOWING TOO CLOSELY,0,0,0,0,16,1,6,874,MICHIGAN AVE,41.791596,-87.776065,06/14/2020 05:33:00 PM,2020
CR00031994,09/13/2015 06:19:00 PM,30,CLEAR,DAYLIGHT,REAR END,T-INTERSECTION,STOP SIGN/FLASHER,UNABLE TO DETERMINE,FAILING TO YIELD RIGHT-OF-WAY,0,0,1,1,18,1,9,332,STATE ST,41.949639,-87.548476,09/13/2015 08:09:00 PM,2015
CR00031995,10/18/2018 02:58:00 PM,30,CLEAR,DAYLIGHT,PARKED MOTOR VEHICLE,NOT DIVIDED,STOP SIGN/FLASHER,IMPROPER OVERTAKING/PASSING,FAILING TO REDUCE SPEED,0,1,2,3,14,5,10,1559,PULASKI RD,41.940802,-87.730963,10/18/2018 04:11:00 PM,2018
CR00031996,04/19/2015 10:11:00 AM,35,CLEAR,DAYLIGHT,FIXED OBJECT,ONE-WAY,STOP SIGN/FLASHER,UNABLE TO DETERMINE,FOLLOWING TOO CLOSELY,0,0,0,0,10,1,4,629,HALSTED ST,41.813724,-87.706253,04/19/2015 11:24:00 AM,2015
CR00031997,11/01/2024 04:44:00 PM,30,CLOUDY/OVERCAST,DAYLIGHT,FIXED OBJECT,FOUR WAY,NO CONTROLS,IMPROPER OVERTAKING/PASSING,FAILING TO REDUCE SPEED,0,0,0,0,16,6,11,1240,MICHIGAN AVE,41.784782,-87.502442,11/01/2024 05:44:00 PM,2024
CR00031998,05/13/2024 04:10:00 PM,40,CLEAR,DARKNESS,SIDESWIPE SAME DIRECTION,NOT DIVIDED,NO CONTROLS,UNABLE TO DETERMINE,DISREGARDING TRAFFIC SIGNALS,0,0,0,0,16,2,5,863,CICERO AVE,41.93281,-87.503915,05/13/2024 05:41:00 PM,2024
CR00031999,09/04/2023 06:13:00 AM,15,RAIN,DARKNESS,PARKED MOTOR VEHICLE,NOT DIVIDED,STOP SIGN/FLASHER,DRIVING SKILLS/KNOWLEDGE/EXPERIENCE,DISREGARDING TRAFFIC SIGNALS,0,0,0,0,6,2,9,271,ASHLAND AVE,41.994867,-87.618419,09/04/2023 07:28:00 AM,2023
CR00032000,06/26/2018 06:09:00 AM,30,SNOW,DARKNESS - LIGHTED ROAD,FIXED OBJECT,NOT DIVIDED,TRAFFIC SIGNAL,FAILING TO YIELD RIGHT-OF-WAY,UNABLE TO DETERMINE,0,0,1,1,6,3,6,951,79TH ST,41.712035,-87.605024,06/26/2018 07:29:00 AM,2018
CR00032001,02/19/2020 01:53:00 PM,45,RAIN,DARKNESS - LIGHTED ROAD,TURNING,DIVIDED - W/MEDIAN (NOT RAISED),STOP SIGN/FLASHER,UNABLE TO DETERMINE,FAILING TO YIELD RIGHT-OF-WAY,0,0,0,0,13,4,2,964,DIVISION ST,41.851956,-87.637149,02/19/2020 02:55:00 PM,2020
CR00032002,11/25/2018 06:17:00 PM,30,CLEAR,DAYLIGHT,REAR END,DIVIDED - W/MEDIAN (NOT RAISED),NO CONTROLS,UNABLE TO DETERMINE,FAILING TO YIELD RIGHT-OF-WAY,0,0,0,0,18,1,11,1994,63RD ST,41.822681,-87.576055,11/25/2018 08:02:00 PM,2018
CR00032003,06/09/2015 08:06:00 PM,35,CLOUDY/OVERCAST,DAYLIGHT,REAR END,DIVIDED - W/MEDIAN (NOT RAISED),TRAFFIC SIGNAL,FOLLOWING TOO CLOSELY,FAILING TO YIELD RIGHT-OF-WAY,0,0,0,0,20,3,6,1091,47TH ST,41.753612,-87.727376,06/09/2015 09:49:00 PM,2015
CR00032004,06/08/2020 01:31:00 PM,20,CLEAR,DAYLIGHT,REAR END,ONE-WAY,TRAFFIC SIGNAL,FAILING TO YIELD RIGHT-OF-WAY,FAILING TO YIELD RIGHT-OF-WAY,0,0,1,1,13,2,6,420,HALSTED ST,41.78961,-87.842697,06/08/2020 03:16:00 PM,2020
CR00032005,06/30/2017 05:32:00 PM,35,CLEAR,DAYLIGHT,SIDESWIPE SAME DIRECTION,NOT DIVIDED,NO CONTROLS,UNABLE TO DETERMINE,FAILING TO YIELD RIGHT-OF-WAY,0,0,0,0,17,6,6,1875,MILWAUKEE AVE,41.776361,-87.576527,06/30/2017 06:53:00 PM,2017
CR00032006,11/10/2017 12:36:00 PM,35,CLEAR,DARKNESS - LIGHTED ROAD,ANGLE,DIVIDED - W/MEDIAN (NOT RAISED),STOP SIGN/FLASHER,UNABLE TO DETERMINE,UNABLE TO DETERMINE,0,1,0,1,12,6,11,2413,47TH ST,41.882445,-87.567076,11/10/2017 02:04:00 PM,2017