CRASH_RECORD_ID,CRASH_DATE,POSTED_SPEED_LIMIT,WEATHER_CONDITION,LIGHTING_CONDITION,FIRST_CRASH_TYPE,TRAFFICWAY_TYPE,TRAFFIC_CONTROL_DEVICE,PRIM_CONTRIBUTORY_CAUSE,SEC_CONTRIBUTORY_CAUSE,INJURIES_FATAL,INJURIES_INCAPACITATING,INJURIES_NON_INCAPACITATING,INJURIES_TOTAL,CRASH_HOUR,CRASH_DAY_OF_WEEK,CRASH_MONTH,BEAT_OF_OCCURRENCE,STREET_NAME,LATITUDE,LONGITUDE,DATE_POLICE_NOTIFIED,year
CR00032007,08/22/2022 07:25:00 AM,30,RAIN,DAYLIGHT,TURNING,DIVIDED - W/MEDIAN BARRIER,STOP SIGN/FLASHER,IMPROPER LANE USAGE,FAILING TO REDUCE SPEED,0,0,0,0,7,2,8,1326,MICHIGAN AVE,41.826009,-87.698522,08/22/2022 08:56:00 AM,2022
CR00032008,01/03/2021 10:52:00 AM,20,CLEAR,DAYLIGHT,REAR END,NOT DIVIDED,NO CONTROLS,UNABLE TO DETERMINE,IMPROPER LANE USAGE,0,0,0,0,10,1,1,1687,ARCHER AVE,41.985174,-87.689678,01/03/2021 11:39:00 AM,2021
CR00032009,02/06/2023 07:00:00 PM,30,CLOUDY/OVERCAST,DAYLIGHT,SIDESWIPE SAME DIRECTION,DIVIDED - W/MEDIAN (NOT RAISED),NO CONTROLS,FAILING TO YIELD RIGHT-OF-WAY,DRIVING SKILLS/KNOWLEDGE/EXPERIENCE,0,0,1,1,19,2,2,462,STATE ST,41.701853,-87.519936,02/06/2023 07:16:00 PM,2023
CR00032010,04/17/2021 08:16:00 PM,30,CLEAR,DAWN,REAR END,NOT DIVIDED,TRAFFIC SIGNAL,FAILING TO YIELD RIGHT-OF-WAY,FAILING TO YIELD RIGHT-OF-WAY,0,0,0,0,20,7,4,1770,FULLERTON AVE,41.97895,-87.67907,04/17/2021 09:14:00 PM,2021
CR00032011,03/14/2018 07:19:00 PM,30,CLEAR,DAYLIGHT,PEDESTRIAN,NOT DIVIDED,TRAFFIC SIGNAL,DISTRACTION - FROM INSIDE VEHICLE,FAILING TO REDUCE SPEED,0,0,0,0,19,4,3,1292,LAKE SHORE DR,41.854607,-87.837266,03/14/2018 07:35:00 PM,2018
CR00032012,08/27/2015 08:47:00 AM,45,CLEAR,DAYLIGHT,SIDESWIPE SAME DIRECTION,DIVIDED - W/MEDIAN BARRIER,PEDESTRIAN CROSSING SIGN,IMPROPER OVERTAKING/PASSING,IMPROPER LANE USAGE,0,0,0,0,8,5,8,833,ASHLAND AVE,41.952317,-87.746009,08/27/2015 09:58:00 AM,2015
CR00032013,05/27/2019 09:06:00 AM,35,RAIN,DARKNESS - LIGHTED ROAD,REAR END,NOT DIVIDED,YIELD,IMPROPER OVERTAKING/PASSING,FAILING TO YIELD RIGHT-OF-WAY,0,0,0,0,9,2,5,2057,ELSTON AVE,41.810268,-87.83118,05/27/2019 09:28:00 AM,2019
CR00032014,11/24/2023 11:45:00 PM,35,CLEAR,DAYLIGHT,PARKED MOTOR VEHICLE,NOT DIVIDED,NO CONTROLS,DISREGARDING TRAFFIC SIGNALS,FOLLOWING TOO CLOSELY,0,0,0,0,23,6,11,534,BROADWAY,41.839492,-87.50449,11/25/2023 12:37:00 AM,2023
CR00032015,03/30/2017 08:50:00 PM,35,CLEAR,DAYLIGHT,PEDESTRIAN,T-INTERSECTION,TRAFFIC SIGNAL,FOLLOWING TOO CLOSELY,FAILING TO YIELD RIGHT-OF-WAY,0,0,2,2,20,5,3,101,PULASKI RD,41.750478,-87.836879,03/30/2017 10:44:00 PM,2017
CR00032016,11/20/2019 05:24:00 PM,35,CLEAR,DAYLIGHT,REAR END,ONE-WAY,NO CONTROLS,IMPROPER LANE USAGE,NOT APPLICABLE,0,0,0,0,17,4,11,419,ASHLAND AVE,41.739096,-87.777085,11/20/2019 07:00:00 PM,2019
CR00032017,02/22/2022 04:45:00 PM,35,CLEAR,DARKNESS - LIGHTED ROAD,TURNING,DIVIDED - W/MEDIAN (NOT RAISED),TRAFFIC SIGNAL,FAILING TO YIELD RIGHT-OF-WAY,IMPROPER LANE USAGE,0,0,0,0,16,3,2,2333,DIVISION ST,41.786813,-87.750443,02/22/2022 05:28:00 PM,2022
CR00032018,08/04/2023 11:02:00 AM,25,CLEAR,DARKNESS - LIGHTED ROAD,REAR TO FRONT,NOT DIVIDED,STOP SIGN/FLASHER,UNABLE TO DETERMINE,DRIVING SKILLS/KNOWLEDGE/EXPERIENCE,0,0,3,3,11,6,8,1154,IRVING PARK RD,41.781502,-87.664249,08/04/2023 11:21:00 AM,2023
CR00032019,12/16/2019 10:09:00 AM,30,CLEAR,DAYLIGHT,SIDESWIPE SAME DIRECTION,DIVIDED - W/MEDIAN (NOT RAISED),NO CONTROLS,FOLLOWING TOO CLOSELY,FAILING TO YIELD RIGHT-OF-WAY,0,0,0,0,10,2,12,341,ELSTON AVE,41.942758,-87.613169,12/16/2019 10:23:00 AM,2019
CR00032020,07/25/2020 07:40:00 AM,25,CLEAR,DAYLIGHT,TURNING,NOT DIVIDED,NO CONTROLS,FAILING TO YIELD RIGHT-OF-WAY,UNABLE TO DETERMINE,0,1,0,1,7,7,7,1661,CLARK ST,41.780181,-87.808105,07/25/2020 08:42:00 AM,2020
CR00032021,08/11/2015 03:33:00 PM,15,CLEAR,DAYLIGHT,TURNING,NOT DIVIDED,STOP SIGN/FLASHER,FOLLOWING TOO CLOSELY,UNABLE TO DETERMINE,0,0,0,0,15,3,8,352,ASHLAND AVE,41.818195,-87.641763,08/11/2015 05:14:00 PM,2015
CR00032022,08/09/2015 02:07:00 PM,40,CLEAR,DAYLIGHT,REAR END,DIVIDED - W/MEDIAN (NOT RAISED),STOP SIGN/FLASHER,UNABLE TO DETERMINE,IMPROPER LANE USAGE,0,0,0,0,14,1,8,2281,ROOSEVELT RD,41.794101,-87.724032,08/09/2015 03:19:00 PM,2015
CR00032023,11/01/2019 06:34:00 AM,30,RAIN,DAYLIGHT,SIDESWIPE SAME DIRECTION,NOT DIVIDED,UNKNOWN,DISREGARDING TRAFFIC SIGNALS,UNABLE TO DETERMINE,0,0,0,0,6,6,11,625,63RD ST,41.751418,-87.818593,11/01/2019 07:35:00 AM,2019
CR00032024,04/18/2018 04:48:00 PM,25,CLEAR,DAYLIGHT,REAR END,NOT DIVIDED,STOP SIGN/FLASHER,WEATHER,NOT APPLICABLE,0,0,0,0,16,4,4,324,OGDEN AVE,41.977765,-87.77064,04/18/2018 06:40:00 PM,2018
CR00032025,01/16/2020 06:18:00 AM,45,CLEAR,DAYLIGHT,SIDESWIPE SAME DIRECTION,DIVIDED - W/MEDIAN (NOT RAISED),TRAFFIC SIGNAL,UNABLE TO DETERMINE,IMPROPER LANE USAGE,0,0,2,2,6,5,1,2051,MICHIGAN AVE,41.777349,-87.603745,01/16/2020 06:21:00 AM,2020
CR00032026,01/08/2017 09:26:00 AM,40,CLEAR,DARKNESS - LIGHTED ROAD,REAR END,T-INTERSECTION,UNKNOWN,UNABLE TO DETERMINE,DRIVING SKILLS/KNOWLEDGE/EXPERIENCE,0,0,0,0,9,1,1,2151,WESTERN AVE,41.867506,-87.543369,01/08/2017 11:19:00 AM,2017
CR00032027,06/11/2021 06:00:00 PM,15,RAIN,DAYLIGHT,PARKED MOTOR VEHICLE,ONE-WAY,TRAFFIC SIGNAL,DISREGARDING TRAFFIC SIGNALS,NOT APPLICABLE,0,0,0,0,18,6,6,577,MICHIGAN AVE,41.992998,-87.684572,06/11/2021 07:20:00 PM,2021
CR00032028,05/26/2018 09:25:00 AM,30,CLEAR,DAYLIGHT,REAR END,NOT DIVIDED,STOP SIGN/FLASHER,IMPROPER LANE USAGE,FOLLOWING TOO CLOSELY,0,0,0,0,9,7,5,748,HALSTED ST,41.949345,-87.588903,05/26/2018 11:10:00 AM,2018
CR00032029,12/20/2015 08:56:00 AM,40,CLEAR,DAYLIGHT,SIDESWIPE SAME DIRECTION,T-INTERSECTION,NO CONTROLS,UNABLE TO DETERMINE,UNABLE TO DETERMINE,0,0,0,0,8,1,12,2233,PULASKI RD,41.85786,-87.802399,12/20/2015 09:56:00 AM,2015
CR00032030,08/17/2024 07:35:00 PM,30,RAIN,DAYLIGHT,TURNING,NOT DIVIDED,TRAFFIC SIGNAL,UNABLE TO DETERMINE,IMPROPER OVERTAKING/PASSING,0,0,0,0,19,7,8,848,MICHIGAN AVE,41.770395,-87.762221,08/17/2024 08:56:00 PM,2024
CR00032031,11/11/2021 09:34:00 AM,35,CLEAR,DAYLIGHT,PEDESTRIAN,NOT DIVIDED,STOP SIGN/FLASHER,UNABLE TO DETERMINE,DRIVING SKILLS/KNOWLEDGE/EXPERIENCE,0,0,2,2,9,5,11,717,KEDZIE AVE,41.883996,-87.521507,11/11/2021 10:30:00 AM,2021
CR00032032,09/14/2018 04:21:00 PM,45,CLEAR,DAYLIGHT,FIXED OBJECT,NOT DIVIDED,NO CONTROLS,FAILING TO YIELD RIGHT-OF-WAY,FOLLOWING TOO CLOSELY,0,0,0,0,16,6,9,513,HALSTED ST,41.993868,-87.825842,09/14/2018 06:21:00 PM,2018
CR00032033,07/11/2016 07:13:00 AM,25,FOG/SMOKE/HAZE,DAYLIGHT,REAR END,ONE-WAY,STOP SIGN/FLASHER,IMPROPER LANE USAGE,FOLLOWING TOO CLOSELY,0,0,0,0,7,2,7,694,STATE ST,41.929272,-87.554176,07/11/2016 08:05:00 AM,2016
CR00032034,05/11/2023 08:04:00 PM,15,CLEAR,DAYLIGHT,REAR END,NOT DIVIDED,UNKNOWN,UNABLE TO DETERMINE,UNABLE TO DETERMINE,0,0,0,0,20,5,5,109,79TH ST,41.899985,-87.71755,05/11/2023 08:20:00 PM,2023
CR00032035,11/25/2018 03:08:00 PM,25,RAIN,DAYLIGHT,SIDESWIPE SAME DIRECTION,DIVIDED - W/MEDIAN BARRIER,TRAFFIC SIGNAL,UNABLE TO DETERMINE,UNABLE TO DETERMINE,0,0,0,0,15,1,11,2185,CICERO AVE,41.939305,-87.5417,11/25/2018 04:01:00 PM,2018
CR00032036,07/01/2019 04:40:00 PM,45,CLEAR,DAYLIGHT,TURNING,NOT DIVIDED,NO CONTROLS,FAILING TO REDUCE SPEED,UNABLE TO DETERMINE,0,0,0,0,16,2,7,2109,IRVING PARK RD,41.825416,-87.552618,07/01/2019 06:31:00 PM,2019
CR00032037,07/02/2023 08:19:00 AM,45,CLEAR,DAYLIGHT,TURNING,FOUR WAY,TRAFFIC SIGNAL,UNABLE TO DETERMINE,UNABLE TO DETERMINE,0,0,0,0,8,1,7,985,MILWAUKEE AVE,41.972735,-87.568119,07/02/2023 09:33:00 AM,2023
CR00032038,09/03/2018 08:00:00 AM,30,SNOW,DARKNESS - LIGHTED ROAD,REAR END,NOT DIVIDED,NO CONTROLS,UNABLE TO DETERMINE,NOT APPLICABLE,0,1,2,3,8,2,9,264,MILWAUKEE AVE,41.763209,-87.785611,09/03/2018 09:06:00 AM,2018
CR00032039,05/11/2016 03:29:00 AM,40,CLEAR,DAYLIGHT,SIDESWIPE SAME DIRECTION,DIVIDED - W/MEDIAN (NOT RAISED),TRAFFIC SIGNAL,FAILING TO YIELD RIGHT-OF-WAY,IMPROPER OVERTAKING/PASSING,0,0,0,0,3,4,5,2102,CICERO AVE,41.936347,-87.564743,05/11/2016 04:22:00 AM,2016
CR00032040,05/26/2015 03:04:00 PM,45,CLEAR,DARKNESS - LIGHTED ROAD,REAR END,NOT DIVIDED,NO CONTROLS,UNABLE TO DETERMINE,FOLLOWING TOO CLOSELY,0,0,0,0,15,3,5,2235,MICHIGAN AVE,41.906612,-87.523327,05/26/2015 04:42:00 PM,2015
CR00032041,07/06/2019 08:53:00 AM,35,CLEAR,DAYLIGHT,REAR END,DIVIDED - W/MEDIAN (NOT RAISED),NO CONTROLS,DISREGARDING TRAFFIC SIGNALS,IMPROPER OVERTAKING/PASSING,0,0,0,0,8,7,7,789,79TH ST,41.955716,-87.526028,07/06/2019 09:46:00 AM,2019
CR00032042,08/06/2022 04:28:00 PM,30,CLEAR,DARKNESS - LIGHTED ROAD,FIXED OBJECT,DIVIDED - W/MEDIAN (NOT RAISED),UNKNOWN,UNABLE TO DETERMINE,DRIVING SKILLS/KNOWLEDGE/EXPERIENCE,0,0,0,0,16,7,8,1862,79TH ST,41.992731,-87.84491,08/06/2022 06:21:00 PM,2022
CR00032043,05/18/2016 08:21:00 AM,15,CLOUDY/OVERCAST,DAYLIGHT,ANGLE,NOT DIVIDED,NO CONTROLS,FAILING TO YIELD RIGHT-OF-WAY,UNABLE TO DETERMINE,0,0,0,0,8,4,5,743,PULASKI RD,41.901759,-87.524179,05/18/2016 08:23:00 AM,2016
CR00032044,10/21/2024 07:26:00 AM,35,RAIN,DAYLIGHT,FIXED OBJECT,NOT DIVIDED,TRAFFIC SIGNAL,DISREGARDING TRAFFIC SIGNALS,DISREGARDING TRAFFIC SIGNALS,0,0,0,0,7,2,10,923,IRVING PARK RD,41.975843,-87.503717,10/21/2024 07:30:00 AM,2024
CR00032045,02/19/2022 03:37:00 AM,25,CLEAR,DAYLIGHT,TURNING,DIVIDED - W/MEDIAN (NOT RAISED),NO CONTROLS,DISREGARDING TRAFFIC SIGNALS,IMPROPER LANE USAGE,0,0,0,0,3,7,2,117,PULASKI RD,41.85081,-87.696458,02/19/2022 03:48:00 AM,2022
CR00032046,10/20/2022 05:14:00 PM,45,RAIN,DAYLIGHT,PARKED MOTOR VEHICLE,FOUR WAY,NO CONTROLS,FAILING TO YIELD RIGHT-OF-WAY,FOLLOWING TOO CLOSELY,0,0,0,0,17,5,10,1677,FULLERTON AVE,41.706252,-87.735438,10/20/2022 05:45:00 PM,2022
CR00032047,01/24/2020 12:16:00 AM,35,SNOW,DAYLIGHT,REAR END,DIVIDED - W/MEDIAN BARRIER,NO CONTROLS,FOLLOWING TOO CLOSELY,DRIVING SKILLS/KNOWLEDGE/EXPERIENCE,0,2,1,3,0,6,1,392,KEDZIE AVE,41.76222,-87.790244,01/24/2020 01:14:00 AM,2020
CR00032048,06/01/2024 05:01:00 PM,35,CLEAR,DAYLIGHT,TURNING,ONE-WAY,NO CONTROLS,DISREGARDING TRAFFIC SIGNALS,NOT APPLICABLE,0,0,0,0,17,7,6,223,DIVISION ST,41.776035,-87.670601,06/01/2024 06:33:00 PM,2024
CR00032049,07/01/2022 02:30:00 PM,40,FREEZING RAIN/DRIZZLE,DAYLIGHT,FIXED OBJECT,FOUR WAY,NO CONTROLS,UNABLE TO DETERMINE,UNABLE TO DETERMINE,0,0,0,0,14,6,7,472,MICHIGAN AVE,41.763596,-87.58092,07/01/2022 03:16:00 PM,2022
CR00032050,12/18/2018 11:04:00 AM,30,CLEAR,DARKNESS,REAR END,NOT DIVIDED,NO CONTROLS,UNABLE TO DETERMINE,FAILING TO YIELD RIGHT-OF-WAY,0,0,0,0,11,3,12,943,IRVING PARK RD,41.873528,-87.796353,12/18/2018 12:30:00 PM,2018
CR00032051,09/05/2017 11:55:00 PM,40,CLEAR,DARKNESS - LIGHTED ROAD,REAR END,NOT DIVIDED,NO CONTROLS,UNABLE TO DETERMINE,DISTRACTION - FROM INSIDE VEHICLE,0,0,0,0,23,3,9,124,MICHIGAN AVE,41.917468,-87.798714,09/06/2017 12:39:00 AM,2017
CR00032052,05/28/2015 08:05:00 AM,45,CLEAR,DAYLIGHT,REAR END,ONE-WAY,NO CONTROLS,FAILING TO YIELD RIGHT-OF-WAY,NOT APPLICABLE,0,0,0,0,8,5,5,1303,ROOSEVELT RD,41.733385,-87.773032,05/28/2015 09:01:00 AM,2015
CR00032053,10/02/2017 10:14:00 PM,40,CLEAR,DARKNESS - LIGHTED ROAD,REAR END,ONE-WAY,STOP SIGN/FLASHER,DISREGARDING TRAFFIC SIGNALS,FOLLOWING TOO CLOSELY,0,0,0,0,22,2,10,1145,79TH ST,41.952644,-87.783845,10/02/2017 11:08:00 PM,2017
CR00032054,07/27/2023 07:42:00 AM,45,CLEAR,DAYLIGHT,ANGLE,ONE-WAY,TRAFFIC SIGNAL,IMPROPER LANE USAGE,FOLLOWING TOO CLOSELY,0,0,3,3,7,5,7,1003,DAMEN AVE,41.931647,-87.508608,07/27/2023 08:59:00 AM,2023
CR00032055,07/06/2019 03:34:00 PM,30,SNOW,DARKNESS - LIGHTED ROAD,REAR END,NOT DIVIDED,NO CONTROLS,DISTRACTION - FROM INSIDE VEHICLE,DISREGARDING TRAFFIC SIGNALS,0,0,0,0,15,7,7,1589,CICERO AVE,41.934587,-87.765062,07/06/2019 03:36:00 PM,2019
CR00032056,05/10/2024 08:41:00 AM,25,RAIN,DARKNESS,TURNING,NOT DIVIDED,NO CONTROLS,DISTRACTION - FROM INSIDE VEHICLE,WEATHER,0,0,0,0,8,6,5,806,CICERO AVE,41.711242,-87.699712,05/10/2024 09:28:00 AM,2024
CR00032057,11/27/2019 09:48:00 AM,20,SNOW,DAYLIGHT,REAR END,NOT DIVIDED,NO CONTROLS,FOLLOWING TOO CLOSELY,UNABLE TO DETERMINE,0,0,0,0,9,4,11,2298,FULLERTON AVE,41.908507,-87.753962,11/27/2019 09:56:00 AM,2019
CR00032058,09/01/2022 03:19:00 PM,20,CLEAR,DARKNESS,TURNING,DIVIDED - W/MEDIAN (NOT RAISED),UNKNOWN,UNABLE TO DETERMINE,IMPROPER OVERTAKING/PASSING,0,0,0,0,15,5,9,849,OGDEN AVE,41.773494,-87.577021,09/01/2022 05:00:00 PM,2022
CR00032059,07/13/2023 04:27:00 PM,35,CLEAR,DARKNESS,REAR END,ONE-WAY,NO CONTROLS,FAILING TO YIELD RIGHT-OF-WAY,DRIVING SKILLS/KNOWLEDGE/EXPERIENCE,0,0,1,1,16,5,7,1723,ELSTON AVE,41.801941,-87.785549,07/13/2023 05:11:00 PM,2023
CR00032060,05/25/2016 08:57:00 AM,40,CLEAR,DAYLIGHT,SIDESWIPE SAME DIRECTION,DIVIDED - W/MEDIAN (NOT RAISED),TRAFFIC SIGNAL,IMPROPER OVERTAKING/PASSING,UNABLE TO DETERMINE,0,0,1,1,8,4,5,1786,IRVING PARK RD,41.78699,-87.536191,05/25/2016 10:09:00 AM,2016
CR00032061,01/14/2015 07:02:00 AM,35,CLOUDY/OVERCAST,DAWN,TURNING,NOT DIVIDED,NO CONTROLS,DRIVING SKILLS/KNOWLEDGE/EXPERIENCE,NOT APPLICABLE,0,0,0,0,7,4,1,1501,PULASKI RD,41.842544,-87.698671,01/14/2015 07:30:00 AM,2015
CR00032062,06/13/2017 12:14:00 AM,30,CLEAR,DARKNESS - LIGHTED ROAD,REAR END,ONE-WAY,TRAFFIC SIGNAL,FAILING TO YIELD RIGHT-OF-WAY,FOLLOWING TOO CLOSELY,0,2,2,4,0,3,6,1422,STONY ISLAND AVE,41.994486,-87.534332,06/13/2017 01:25:00 AM,2017
CR00032063,08/03/2024 12:01:00 PM,20,RAIN,DARKNESS - LIGHTED ROAD,REAR END,FOUR WAY,TRAFFIC SIGNAL,DISTRACTION - FROM INSIDE VEHICLE,NOT APPLICABLE,0,0,0,0,12,7,8,1013,ROOSEVELT RD,41.760912,-87.707832,08/03/2024 01:36:00 PM,2024
CR00032064,04/21/2018 10:14:00 AM,35,CLEAR,DARKNESS - LIGHTED ROAD,REAR END,DIVIDED - W/MEDIAN BARRIER,NO CONTROLS,FAILING TO YIELD RIGHT-OF-WAY,FAILING TO YIELD RIGHT-OF-WAY,0,0,0,0,10,7,4,1448,OGDEN AVE,41.958035,-87.50341,04/21/2018 12:06:00 PM,2018
CR00032065,03/09/2024 11:25:00 AM,30,CLOUDY/OVERCAST,DAYLIGHT,SIDESWIPE SAME DIRECTION,ONE-WAY,NO CONTROLS,WEATHER,DRIVING SKILLS/KNOWLEDGE/EXPERIENCE,0,1,2,3,11,7,3,2228,STONY ISLAND AVE,41.769814,-87.595479,03/09/2024 01:21:00 PM,2024
CR00032066,03/02/2023 10:27:00 AM,40,CLEAR,DAYLIGHT,REAR END,FOUR WAY,NO CONTROLS,UNABLE TO DETERMINE,IMPROPER OVERTAKING/PASSING,0,0,1,1,10,5,3,273,OGDEN AVE,41.938484,-87.659676,03/02/2023 11:20:00 AM,2023
CR00032067,02/18/2019 05:21:00 PM,45,RAIN,DAYLIGHT,FIXED OBJECT,FOUR WAY,NO CONTROLS,FAILING TO YIELD RIGHT-OF-WAY,DRIVING SKILLS/KNOWLEDGE/EXPERIENCE,0,0,2,2,17,2,2,1595,CICERO AVE,41.926613,-87.785566,02/18/2019 06:40:00 PM,2019
CR00032068,03/28/2021 05:14:00 PM,35,CLEAR,DUSK,FIXED OBJECT,T-INTERSECTION,NO CONTROLS,UNABLE TO DETERMINE,NOT APPLICABLE,0,0,1,1,17,1,3,235,DIVISION ST,41.700761,-87.777541,03/28/2021 06:08:00 PM,2021
CR00032069,09/14/2020 08:08:00 AM,30,CLEAR,DAYLIGHT,PEDESTRIAN,NOT DIVIDED,TRAFFIC SIGNAL,UNABLE TO DETERMINE,IMPROPER LANE USAGE,0,0,0,0,8,2,9,469,BROADWAY,41.992954,-87.781381,09/14/2020 09:14:00 AM,2020
CR00032070,12/15/2024 05:12:00 PM,15,SNOW,DARKNESS - LIGHTED ROAD,REAR END,ONE-WAY,PEDESTRIAN CROSSING SIGN,DISTRACTION - FROM INSIDE VEHICLE,IMPROPER OVERTAKING/PASSING,0,0,1,1,17,1,12,188,MILWAUKEE AVE,41.776193,-87.568923,12/15/2024 05:27:00 PM,2024
CR00032071,08/11/2023 08:41:00 AM,25,CLEAR,DAYLIGHT,REAR END,DIVIDED - W/MEDIAN (NOT RAISED),STOP SIGN/FLASHER,FOLLOWING TOO CLOSELY,IMPROPER OVERTAKING/PASSING,0,0,0,0,8,6,8,220,PULASKI RD,41.977715,-87.777477,08/11/2023 09:02:00 AM,2023
CR00032072,01/31/2015 08:20:00 AM,20,CLEAR,DAYLIGHT,REAR END,ONE-WAY,NO CONTROLS,FOLLOWING TOO CLOSELY,UNABLE TO DETERMINE,0,0,0,0,8,7,1,2126,79TH ST,41.990777,-87.554189,01/31/2015 08:41:00 AM,2015
CR00032073,02/20/2019 09:59:00 AM,35,CLEAR,DAYLIGHT,REAR END,DIVIDED - W/MEDIAN (NOT RAISED),UNKNOWN,FAILING TO YIELD RIGHT-OF-WAY,FAILING TO YIELD RIGHT-OF-WAY,0,0,0,0,9,4,2,1048,MICHIGAN AVE,41.949461,-87.578536,02/20/2019 11:30:00 AM,2019
CR00032074,10/05/2019 06:51:00 PM,35,CLEAR,DARKNESS - LIGHTED ROAD,REAR END,ONE-WAY,NO CONTROLS,FAILING TO YIELD RIGHT-OF-WAY,NOT APPLICABLE,0,0,3,3,18,7,10,2181,WESTERN AVE,41.985105,-87.710202,10/05/2019 07:28:00 PM,2019
CR00032075,11/27/2021 09:22:00 AM,35,CLEAR,DARKNESS - LIGHTED ROAD,TURNING,T-INTERSECTION,NO CONTROLS,DRIVING SKILLS/KNOWLEDGE/EXPERIENCE,IMPROPER LANE USAGE,0,0,0,0,9,7,11,984,CLARK ST,41.923301,-87.530098,11/27/2021 10:13:00 AM,2021
CR00032076,08/05/2022 02:56:00 PM,35,SNOW,DAYLIGHT,SIDESWIPE SAME DIRECTION,ONE-WAY,UNKNOWN,UNABLE TO DETERMINE,NOT APPLICABLE,0,0,0,0,14,6,8,388,CICERO AVE,41.723735,-87.696744,08/05/2022 04:49:00 PM,2022
CR00032077,12/06/2017 07:55:00 AM,30,SNOW,DAYLIGHT,TURNING,ONE-WAY,STOP SIGN/FLASHER,UNABLE TO DETERMINE,DISREGARDING TRAFFIC SIGNALS,0,1,2,3,7,4,12,335,ASHLAND AVE,41.799539,-87.81604,12/06/2017 08:49:00 AM,2017
CR00032078,10/27/2022 12:37:00 PM,20,CLEAR,DAYLIGHT,SIDESWIPE SAME DIRECTION,NOT DIVIDED,NO CONTROLS,IMPROPER LANE USAGE,NOT APPLICABLE,0,0,0,0,12,5,10,135,ASHLAND AVE,41.773809,-87.818743,10/27/2022 12:51:00 PM,2022
CR00032079,05/14/2015 03:28:00 PM,30,SNOW,DARKNESS,ANGLE,DIVIDED - W/MEDIAN BARRIER,TRAFFIC SIGNAL,WEATHER,FOLLOWING TOO CLOSELY,0,0,0,0,15,5,5,1765,CLARK ST,41.776476,-87.790307,05/14/2015 04:41:00 PM,2015
CR00032080,01/03/2022 07:01:00 AM,30,CLEAR,DARKNESS - LIGHTED ROAD,ANGLE,DIVIDED - W/MEDIAN (NOT RAISED),STOP SIGN/FLASHER,IMPROPER LANE USAGE,FOLLOWING TOO CLOSELY,0,0,0,0,7,2,1,2504,OGDEN AVE,41.983289,-87.812601,01/03/2022 08:38:00 AM,2022
CR00032081,10/17/2016 10:11:00 AM,30,CLEAR,DAYLIGHT,ANGLE,T-INTERSECTION,NO CONTROLS,UNABLE TO DETERMINE,FAILING TO YIELD RIGHT-OF-WAY,0,0,0,0,10,2,10,2369,CALIFORNIA AVE,41.899944,-87.667093,10/17/2016 10:36:00 AM,2016
CR00032082,11/13/2020 07:19:00 AM,40,RAIN,DAYLIGHT,SIDESWIPE SAME DIRECTION,NOT DIVIDED,UNKNOWN,UNABLE TO DETERMINE,FAILING TO REDUCE SPEED,0,0,0,0,7,6,11,1144,HALSTED ST,41.984449,-87.752626,11/13/2020 08:39:00 AM,2020
CR00032083,06/14/2017 07:40:00 AM,30,CLEAR,DARKNESS - LIGHTED ROAD,TURNING,NOT DIVIDED,TRAFFIC SIGNAL,UNABLE TO DETERMINE,UNABLE TO DETERMINE,0,0,0,0,7,4,6,715,WESTERN AVE,41.858001,-87.548279,06/14/2017 08:05:00 AM,2017
CR00032084,03/19/2019 03:59:00 AM,35,CLEAR,DARKNESS,PARKED MOTOR VEHICLE,FOUR WAY,YIELD,IMPROPER LANE USAGE,FOLLOWING TOO CLOSELY,0,0,0,0,3,3,3,1444,STONY ISLAND AVE,41.875613,-87.842534,03/19/2019 04:06:00 AM,2019
CR00032085,10/29/2019 07:49:00 AM,30,CLEAR,DARKNESS - LIGHTED ROAD,TURNING,DIVIDED - W/MEDIAN BARRIER,STOP SIGN/FLASHER,FAILING TO YIELD RIGHT-OF-WAY,DISTRACTION - FROM INSIDE VEHICLE,0,0,0,0,7,3,10,1471,KEDZIE AVE,41.700914,-87.575192,10/29/2019 09:27:00 AM,2019
CR00032086,04/14/2023 06:34:00 PM,45,CLEAR,DARKNESS,REAR END,DIVIDED - W/MEDIAN (NOT RAISED),NO CONTROLS,UNABLE TO DETERMINE,FAILING TO REDUCE SPEED,0,0,0,0,18,6,4,336,MICHIGAN AVE,41.741017,-87.776557,04/14/2023 07:45:00 PM,2023
CR00032087,06/09/2021 12:32:00 AM,30,CLEAR,DAYLIGHT,PEDESTRIAN,NOT DIVIDED,TRAFFIC SIGNAL,WEATHER,FOLLOWING TOO CLOSELY,0,0,0,0,0,4,6,2331,LAKE SHORE DR,41.821815,-87.792523,06/09/2021 02:26:00 AM,2021
CR00032088,11/27/2022 03:37:00 PM,30,CLEAR,DARKNESS - LIGHTED ROAD,REAR END,ONE-WAY,NO CONTROLS,UNABLE TO DETERMINE,NOT APPLICABLE,0,0,0,0,15,1,11,2091,47TH ST,41.789884,-87.570489,11/27/2022 03:54:00 PM,2022
CR00032089,04/22/2019 07:44:00 PM,40,CLEAR,DAYLIGHT,SIDESWIPE SAME DIRECTION,DIVIDED - W/MEDIAN (NOT RAISED),TRAFFIC SIGNAL,IMPROPER LANE USAGE,FAILING TO REDUCE SPEED,0,0,0,0,19,2,4,1962,STONY ISLAND AVE,41.729419,-87.755561,04/22/2019 09:23:00 PM,2019