CRASH_RECORD_ID,CRASH_DATE,POSTED_SPEED_LIMIT,WEATHER_CONDITION,LIGHTING_CONDITION,FIRST_CRASH_TYPE,TRAFFICWAY_TYPE,TRAFFIC_CONTROL_DEVICE,PRIM_CONTRIBUTORY_CAUSE,SEC_CONTRIBUTORY_CAUSE,INJURIES_FATAL,INJURIES_INCAPACITATING,INJURIES_NON_INCAPACITATING,INJURIES_TOTAL,CRASH_HOUR,CRASH_DAY_OF_WEEK,CRASH_MONTH,BEAT_OF_OCCURRENCE,STREET_NAME,LATITUDE,LONGITUDE,DATE_POLICE_NOTIFIED,year
CR00032090,11/14/2021 08:21:00 AM,20,CLEAR,DUSK,REAR END,DIVIDED - W/MEDIAN (NOT RAISED),NO CONTROLS,FOLLOWING TOO CLOSELY,NOT APPLICABLE,0,0,0,0,8,1,11,2383,MILWAUKEE AVE,41.955211,-87.78765,11/14/2021 09:31:00 AM,2021
CR00032091,12/22/2022 02:33:00 PM,35,CLEAR,DAYLIGHT,TURNING,NOT DIVIDED,TRAFFIC SIGNAL,UNABLE TO DETERMINE,IMPROPER OVERTAKING/PASSING,0,0,0,0,14,5,12,973,63RD ST,41.875278,-87.812073,12/22/2022 03:26:00 PM,2022
CR00032092,07/06/2016 04:06:00 PM,40,CLEAR,DAYLIGHT,PARKED MOTOR VEHICLE,NOT DIVIDED,NO CONTROLS,UNABLE TO DETERMINE,DRIVING SKILLS/KNOWLEDGE/EXPERIENCE,0,0,0,0,16,4,7,1860,ROOSEVELT RD,41.986278,-87.696295,07/06/2016 05:09:00 PM,2016
CR00032093,06/19/2022 06:02:00 PM,35,CLEAR,DAYLIGHT,REAR TO FRONT,NOT DIVIDED,UNKNOWN,FAILING TO YIELD RIGHT-OF-WAY,NOT APPLICABLE,0,2,0,2,18,1,6,1747,MILWAUKEE AVE,41.985142,-87.53753,06/19/2022 06:15:00 PM,2022
CR00032094,05/11/2017 03:16:00 PM,45,CLOUDY/OVERCAST,DARKNESS - LIGHTED ROAD,REAR END,NOT DIVIDED,STOP SIGN/FLASHER,UNABLE TO DETERMINE,UNABLE TO DETERMINE,0,0,0,0,15,5,5,929,DIVISION ST,41.966111,-87.799696,05/11/2017 03:35:00 PM,2017
CR00032095,11/20/2021 08:25:00 PM,25,SNOW,DAYLIGHT,FIXED OBJECT,T-INTERSECTION,PEDESTRIAN CROSSING SIGN,UNABLE TO DETERMINE,UNABLE TO DETERMINE,0,0,0,0,20,7,11,699,79TH ST,41.792285,-87.764757,11/20/2021 09:33:00 PM,2021
CR00032096,09/25/2023 12:54:00 AM,30,CLEAR,DAYLIGHT,SIDESWIPE SAME DIRECTION,ONE-WAY,TRAFFIC SIGNAL,DISREGARDING TRAFFIC SIGNALS,UNABLE TO DETERMINE,0,0,0,0,0,2,9,2400,ASHLAND AVE,41.741952,-87.541261,09/25/2023 12:56:00 AM,2023
CR00032097,06/30/2020 07:14:00 AM,35,CLEAR,DARKNESS,FIXED OBJECT,DIVIDED - W/MEDIAN BARRIER,TRAFFIC SIGNAL,UNABLE TO DETERMINE,IMPROPER LANE USAGE,0,0,0,0,7,3,6,1576,FULLERTON AVE,41.81484,-87.753693,06/30/2020 07:35:00 AM,2020
CR00032098,03/04/2018 08:08:00 AM,30,CLEAR,DAYLIGHT,SIDESWIPE SAME DIRECTION,NOT DIVIDED,PEDESTRIAN CROSSING SIGN,DRIVING SKILLS/KNOWLEDGE/EXPERIENCE,NOT APPLICABLE,0,0,0,0,8,1,3,821,STATE ST,41.813541,-87.754184,03/04/2018 08:23:00 AM,2018
CR00032099,08/16/2019 05:48:00 AM,20,CLEAR,DAYLIGHT,ANGLE,T-INTERSECTION,NO CONTROLS,FAILING TO YIELD RIGHT-OF-WAY,FAILING TO REDUCE SPEED,0,0,0,0,5,6,8,778,PULASKI RD,41.844846,-87.768733,08/16/2019 07:00:00 AM,2019
CR00032100,04/30/2021 04:52:00 AM,45,CLEAR,DARKNESS - LIGHTED ROAD,REAR TO FRONT,FOUR WAY,STOP SIGN/FLASHER,DRIVING SKILLS/KNOWLEDGE/EXPERIENCE,FOLLOWING TOO CLOSELY,0,0,0,0,4,6,4,2378,ARCHER AVE,41.895514,-87.72154,04/30/2021 06:51:00 AM,2021
CR00032101,04/10/2022 08:43:00 AM,45,CLOUDY/OVERCAST,DAYLIGHT,REAR END,DIVIDED - W/MEDIAN (NOT RAISED),STOP SIGN/FLASHER,WEATHER,NOT APPLICABLE,0,0,0,0,8,1,4,1916,LAKE SHORE DR,41.861909,-87.571131,04/10/2022 10:21:00 AM,2022
CR00032102,10/24/2022 02:49:00 PM,35,CLEAR,DARKNESS - LIGHTED ROAD,SIDESWIPE SAME DIRECTION,FOUR WAY,UNKNOWN,UNABLE TO DETERMINE,FOLLOWING TOO CLOSELY,0,0,0,0,14,2,10,1693,MICHIGAN AVE,41.78616,-87.514263,10/24/2022 04:18:00 PM,2022
CR00032103,03/15/2023 08:46:00 PM,30,CLEAR,DARKNESS - LIGHTED ROAD,ANGLE,NOT DIVIDED,NO CONTROLS,IMPROPER OVERTAKING/PASSING,DRIVING SKILLS/KNOWLEDGE/EXPERIENCE,0,0,1,1,20,4,3,153,MILWAUKEE AVE,41.805758,-87.506258,03/15/2023 09:47:00 PM,2023
CR00032104,11/14/2017 12:02:00 AM,25,RAIN,DAYLIGHT,SIDESWIPE SAME DIRECTION,NOT DIVIDED,TRAFFIC SIGNAL,FAILING TO YIELD RIGHT-OF-WAY,DISREGARDING TRAFFIC SIGNALS,0,0,0,0,0,3,11,231,ASHLAND AVE,41.953278,-87.63176,11/14/2017 12:54:00 AM,2017
CR00032105,08/28/2019 08:30:00 AM,40,CLEAR,DARKNESS - LIGHTED ROAD,ANGLE,DIVIDED - W/MEDIAN (NOT RAISED),YIELD,FAILING TO REDUCE SPEED,NOT APPLICABLE,0,0,0,0,8,4,8,2254,OGDEN AVE,41.824923,-87.782758,08/28/2019 08:55:00 AM,2019
CR00032106,05/13/2020 03:01:00 PM,35,FREEZING RAIN/DRIZZLE,DAYLIGHT,SIDESWIPE SAME DIRECTION,NOT DIVIDED,TRAFFIC SIGNAL,UNABLE TO DETERMINE,NOT APPLICABLE,0,0,1,1,15,4,5,2357,LAKE SHORE DR,41.721808,-87.628975,05/13/2020 03:31:00 PM,2020
CR00032107,07/10/2024 05:14:00 PM,20,CLEAR,DAYLIGHT,SIDESWIPE SAME DIRECTION,NOT DIVIDED,NO CONTROLS,UNABLE TO DETERMINE,UNABLE TO DETERMINE,0,0,0,0,17,4,7,1190,MICHIGAN AVE,41.880414,-87.806221,07/10/2024 05:42:00 PM,2024
CR00032108,09/24/2017 06:44:00 PM,40,CLEAR,DAYLIGHT,TURNING,NOT DIVIDED,NO CONTROLS,IMPROPER LANE USAGE,DISTRACTION - FROM INSIDE VEHICLE,0,0,0,0,18,1,9,1347,STATE ST,41.84534,-87.539295,09/24/2017 07:03:00 PM,2017
CR00032109,01/07/2020 04:02:00 PM,30,RAIN,DAYLIGHT,REAR END,DIVIDED - W/MEDIAN BARRIER,NO CONTROLS,FOLLOWING TOO CLOSELY,FAILING TO YIELD RIGHT-OF-WAY,0,0,0,0,16,3,1,1647,CALIFORNIA AVE,41.779774,-87.647384,01/07/2020 04:34:00 PM,2020
CR00032110,10/01/2024 04:45:00 PM,30,CLEAR,DARKNESS - LIGHTED ROAD,REAR END,NOT DIVIDED,STOP SIGN/FLASHER,UNABLE TO DETERMINE,IMPROPER OVERTAKING/PASSING,0,0,0,0,16,3,10,772,HALSTED ST,41.881641,-87.746634,10/01/2024 06:44:00 PM,2024
CR00032111,07/12/2022 01:08:00 PM,30,CLEAR,DAYLIGHT,TURNING,NOT DIVIDED,NO CONTROLS,UNABLE TO DETERMINE,IMPROPER OVERTAKING/PASSING,0,0,0,0,13,3,7,1237,79TH ST,41.772153,-87.713357,07/12/2022 02:01:00 PM,2022
CR00032112,12/09/2023 04:23:00 PM,25,CLEAR,DARKNESS,REAR TO FRONT,T-INTERSECTION,UNKNOWN,DISTRACTION - FROM INSIDE VEHICLE,WEATHER,0,0,0,0,16,7,12,958,MILWAUKEE AVE,41.975787,-87.599557,12/09/2023 05:43:00 PM,2023
CR00032113,09/29/2024 04:00:00 PM,30,CLEAR,DARKNESS,PARKED MOTOR VEHICLE,ONE-WAY,PEDESTRIAN CROSSING SIGN,IMPROPER LANE USAGE,UNABLE TO DETERMINE,0,0,0,0,16,1,9,2311,HALSTED ST,41.90166,-87.60928,09/29/2024 04:36:00 PM,2024
CR00032114,08/15/2021 01:33:00 PM,40,RAIN,DARKNESS - LIGHTED ROAD,SIDESWIPE SAME DIRECTION,NOT DIVIDED,TRAFFIC SIGNAL,FAILING TO YIELD RIGHT-OF-WAY,UNABLE TO DETERMINE,0,0,0,0,13,1,8,1602,79TH ST,41.754809,-87.826577,08/15/2021 03:16:00 PM,2021
CR00032115,03/14/2019 02:07:00 PM,20,CLEAR,DAYLIGHT,SIDESWIPE SAME DIRECTION,ONE-WAY,STOP SIGN/FLASHER,DISTRACTION - FROM INSIDE VEHICLE,NOT APPLICABLE,0,0,1,1,14,5,3,326,CALIFORNIA AVE,41.840113,-87.609335,03/14/2019 02:56:00 PM,2019
CR00032116,02/22/2021 12:49:00 PM,45,CLEAR,DAYLIGHT,TURNING,DIVIDED - W/MEDIAN BARRIER,NO CONTROLS,DISREGARDING TRAFFIC SIGNALS,IMPROPER LANE USAGE,0,0,0,0,12,2,2,1804,WESTERN AVE,41.960146,-87.708613,02/22/2021 02:06:00 PM,2021
CR00032117,06/29/2015 05:55:00 AM,40,CLEAR,DAYLIGHT,REAR END,NOT DIVIDED,TRAFFIC SIGNAL,FOLLOWING TOO CLOSELY,UNABLE TO DETERMINE,0,0,2,2,5,2,6,2290,BROADWAY,41.756408,-87.517005,06/29/2015 07:47:00 AM,2015
CR00032118,01/05/2019 05:05:00 PM,30,CLEAR,DARKNESS - LIGHTED ROAD,PARKED MOTOR VEHICLE,DIVIDED - W/MEDIAN BARRIER,TRAFFIC SIGNAL,FAILING TO YIELD RIGHT-OF-WAY,UNABLE TO DETERMINE,0,0,1,1,17,7,1,493,DIVISION ST,41.946481,-87.682363,01/05/2019 06:04:00 PM,2019
CR00032119,01/13/2021 11:19:00 AM,40,SNOW,DAYLIGHT,REAR TO FRONT,DIVIDED - W/MEDIAN (NOT RAISED),NO CONTROLS,FAILING TO REDUCE SPEED,UNABLE TO DETERMINE,0,0,0,0,11,4,1,2109,BROADWAY,41.708135,-87.53774,01/13/2021 12:39:00 PM,2021
CR00032120,06/23/2016 07:24:00 AM,45,CLEAR,DAYLIGHT,REAR END,DIVIDED - W/MEDIAN (NOT RAISED),TRAFFIC SIGNAL,IMPROPER LANE USAGE,IMPROPER OVERTAKING/PASSING,0,0,0,0,7,5,6,2149,ASHLAND AVE,41.883087,-87.519686,06/23/2016 08:33:00 AM,2016
CR00032121,11/09/2023 11:52:00 PM,30,CLEAR,DAYLIGHT,ANGLE,DIVIDED - W/MEDIAN (NOT RAISED),NO CONTROLS,UNABLE TO DETERMINE,NOT APPLICABLE,0,0,0,0,23,5,11,129,63RD ST,41.907233,-87.660729,11/10/2023 12:23:00 AM,2023
CR00032122,11/30/2023 07:12:00 AM,30,CLEAR,DAYLIGHT,PARKED MOTOR VEHICLE,ONE-WAY,STOP SIGN/FLASHER,UNABLE TO DETERMINE,NOT APPLICABLE,0,0,3,3,7,5,11,1975,MILWAUKEE AVE,41.731584,-87.587313,11/30/2023 07:30:00 AM,2023
CR00032123,05/04/2022 09:50:00 AM,30,CLEAR,DAYLIGHT,ANGLE,T-INTERSECTION,NO CONTROLS,WEATHER,DISTRACTION - FROM INSIDE VEHICLE,0,0,1,1,9,4,5,530,ROOSEVELT RD,41.921463,-87.59144,05/04/2022 10:47:00 AM,2022
CR00032124,04/22/2017 04:36:00 PM,40,CLEAR,DAWN,TURNING,NOT DIVIDED,NO CONTROLS,FAILING TO YIELD RIGHT-OF-WAY,UNABLE TO DETERMINE,0,0,1,1,16,7,4,365,KEDZIE AVE,41.906414,-87.54039,04/22/2017 05:47:00 PM,2017
CR00032125,11/30/2018 05:50:00 PM,35,CLEAR,DAYLIGHT,REAR END,FOUR WAY,TRAFFIC SIGNAL,FAILING TO YIELD RIGHT-OF-WAY,UNABLE TO DETERMINE,0,0,0,0,17,6,11,2159,MILWAUKEE AVE,41.80648,-87.619158,11/30/2018 07:36:00 PM,2018
CR00032126,08/15/2016 07:05:00 PM,30,CLEAR,DAYLIGHT,REAR END,ONE-WAY,YIELD,UNABLE TO DETERMINE,UNABLE TO DETERMINE,0,0,0,0,19,2,8,2378,ELSTON AVE,41.796544,-87.625662,08/15/2016 09:02:00 PM,2016
CR00032127,12/14/2022 02:58:00 PM,30,RAIN,DAYLIGHT,PARKED MOTOR VEHICLE,T-INTERSECTION,TRAFFIC SIGNAL,FOLLOWING TOO CLOSELY,FAILING TO YIELD RIGHT-OF-WAY,0,0,0,0,14,4,12,457,MICHIGAN AVE,41.821419,-87.735414,12/14/2022 04:10:00 PM,2022
CR00032128,07/22/2019 02:23:00 PM,35,SNOW,DARKNESS - LIGHTED ROAD,ANGLE,NOT DIVIDED,TRAFFIC SIGNAL,UNABLE TO DETERMINE,UNABLE TO DETERMINE,0,0,1,1,14,2,7,331,STATE ST,41.821033,-87.771133,07/22/2019 04:01:00 PM,2019
CR00032129,02/14/2015 12:07:00 PM,20,CLEAR,DARKNESS - LIGHTED ROAD,ANGLE,NOT DIVIDED,NO CONTROLS,FOLLOWING TOO CLOSELY,UNABLE TO DETERMINE,0,0,0,0,12,7,2,1445,79TH ST,41.763839,-87.709905,02/14/2015 01:18:00 PM,2015
CR00032130,12/27/2023 04:56:00 PM,30,CLEAR,DAYLIGHT,REAR END,NOT DIVIDED,YIELD,DISREGARDING TRAFFIC SIGNALS,NOT APPLICABLE,0,0,0,0,16,4,12,1142,FULLERTON AVE,41.84184,-87.596032,12/27/2023 05:07:00 PM,2023
CR00032131,03/28/2023 08:36:00 AM,15,CLEAR,DARKNESS - LIGHTED ROAD,SIDESWIPE SAME DIRECTION,NOT DIVIDED,TRAFFIC SIGNAL,UNABLE TO DETERMINE,NOT APPLICABLE,0,0,1,1,8,3,3,508,CLARK ST,41.913618,-87.573063,03/28/2023 09:14:00 AM,2023
CR00032132,03/09/2020 03:26:00 AM,30,CLEAR,DAYLIGHT,REAR END,DIVIDED - W/MEDIAN BARRIER,STOP SIGN/FLASHER,IMPROPER LANE USAGE,FAILING TO REDUCE SPEED,0,0,0,0,3,2,3,2422,ASHLAND AVE,41.81522,-87.770906,03/09/2020 05:22:00 AM,2020
CR00032133,03/19/2016 10:02:00 AM,40,CLEAR,DAYLIGHT,TURNING,T-INTERSECTION,NO CONTROLS,DISTRACTION - FROM INSIDE VEHICLE,IMPROPER OVERTAKING/PASSING,0,0,3,3,10,7,3,1176,63RD ST,41.910702,-87.679979,03/19/2016 11:56:00 AM,2016
CR00032134,09/01/2017 02:39:00 PM,20,CLEAR,DAWN,TURNING,NOT DIVIDED,TRAFFIC SIGNAL,DISREGARDING TRAFFIC SIGNALS,FOLLOWING TOO CLOSELY,0,2,1,3,14,6,9,531,IRVING PARK RD,41.731875,-87.790304,09/01/2017 04:32:00 PM,2017
CR00032135,12/27/2022 08:19:00 AM,35,CLEAR,DARKNESS - LIGHTED ROAD,REAR END,DIVIDED - W/MEDIAN BARRIER,TRAFFIC SIGNAL,UNABLE TO DETERMINE,DRIVING SKILLS/KNOWLEDGE/EXPERIENCE,0,0,3,3,8,3,12,524,CICERO AVE,41.918408,-87.56783,12/27/2022 08:45:00 AM,2022
CR00032136,07/05/2023 07:30:00 AM,40,CLEAR,DAYLIGHT,PEDESTRIAN,NOT DIVIDED,NO CONTROLS,UNABLE TO DETERMINE,IMPROPER LANE USAGE,0,0,0,0,7,4,7,1589,PULASKI RD,41.931769,-87.762616,07/05/2023 09:16:00 AM,2023
CR00032137,03/21/2020 10:25:00 AM,30,CLEAR,DAWN,PARKED MOTOR VEHICLE,NOT DIVIDED,PEDESTRIAN CROSSING SIGN,DRIVING SKILLS/KNOWLEDGE/EXPERIENCE,FAILING TO YIELD RIGHT-OF-WAY,0,0,0,0,10,7,3,1392,ELSTON AVE,41.843845,-87.521305,03/21/2020 12:22:00 PM,2020
CR00032138,08/02/2022 03:46:00 PM,30,CLOUDY/OVERCAST,DARKNESS - LIGHTED ROAD,REAR END,DIVIDED - W/MEDIAN BARRIER,NO CONTROLS,FOLLOWING TOO CLOSELY,IMPROPER LANE USAGE,0,0,0,0,15,3,8,177,CICERO AVE,41.977601,-87.726283,08/02/2022 03:48:00 PM,2022
CR00032139,02/18/2017 05:15:00 PM,25,CLEAR,DAYLIGHT,PARKED MOTOR VEHICLE,NOT DIVIDED,TRAFFIC SIGNAL,DISREGARDING TRAFFIC SIGNALS,IMPROPER LANE USAGE,0,0,0,0,17,7,2,342,CALIFORNIA AVE,41.94704,-87.622213,02/18/2017 06:14:00 PM,2017
CR00032140,11/08/2021 03:22:00 PM,40,CLEAR,DARKNESS - LIGHTED ROAD,FIXED OBJECT,FOUR WAY,NO CONTROLS,DISTRACTION - FROM INSIDE VEHICLE,WEATHER,0,0,0,0,15,2,11,2129,ARCHER AVE,41.725234,-87.8392,11/08/2021 03:35:00 PM,2021
CR00032141,12/24/2016 05:38:00 PM,30,CLEAR,DARKNESS - LIGHTED ROAD,ANGLE,ONE-WAY,UNKNOWN,FAILING TO YIELD RIGHT-OF-WAY,NOT APPLICABLE,0,0,0,0,17,7,12,1938,ROOSEVELT RD,41.762708,-87.697343,12/24/2016 07:23:00 PM,2016
CR00032142,08/16/2019 02:38:00 PM,40,CLEAR,DARKNESS,SIDESWIPE SAME DIRECTION,DIVIDED - W/MEDIAN (NOT RAISED),TRAFFIC SIGNAL,FOLLOWING TOO CLOSELY,UNABLE TO DETERMINE,0,0,0,0,14,6,8,338,OGDEN AVE,41.708286,-87.806235,08/16/2019 03:06:00 PM,2019
CR00032143,11/03/2015 04:12:00 PM,45,CLOUDY/OVERCAST,DAYLIGHT,REAR TO FRONT,NOT DIVIDED,TRAFFIC SIGNAL,FOLLOWING TOO CLOSELY,DRIVING SKILLS/KNOWLEDGE/EXPERIENCE,0,0,0,0,16,3,11,2375,WESTERN AVE,41.932776,-87.502085,11/03/2015 04:21:00 PM,2015
CR00032144,07/22/2018 07:57:00 AM,30,CLEAR,DAYLIGHT,SIDESWIPE SAME DIRECTION,NOT DIVIDED,STOP SIGN/FLASHER,FAILING TO REDUCE SPEED,UNABLE TO DETERMINE,0,0,0,0,7,1,7,940,63RD ST,41.893618,-87.536273,07/22/2018 09:45:00 AM,2018
CR00032145,07/12/2020 02:53:00 PM,25,CLEAR,DAWN,SIDESWIPE SAME DIRECTION,NOT DIVIDED,TRAFFIC SIGNAL,UNABLE TO DETERMINE,IMPROPER OVERTAKING/PASSING,0,0,0,0,14,1,7,1381,47TH ST,41.77873,-87.789622,07/12/2020 04:48:00 PM,2020
CR00032146,10/16/2018 02:28:00 PM,25,FOG/SMOKE/HAZE,DARKNESS,REAR END,DIVIDED - W/MEDIAN (NOT RAISED),TRAFFIC SIGNAL,IMPROPER OVERTAKING/PASSING,FOLLOWING TOO CLOSELY,0,0,1,1,14,3,10,792,MILWAUKEE AVE,41.870111,-87.619976,10/16/2018 03:29:00 PM,2018
CR00032147,04/14/2017 05:51:00 AM,25,CLEAR,DARKNESS - LIGHTED ROAD,TURNING,NOT DIVIDED,TRAFFIC SIGNAL,DRIVING SKILLS/KNOWLEDGE/EXPERIENCE,FAILING TO REDUCE SPEED,0,0,0,0,5,6,4,452,CICERO AVE,41.945487,-87.508359,04/14/2017 07:31:00 AM,2017
CR00032148,03/29/2019 09:26:00 AM,30,CLEAR,DAYLIGHT,PARKED MOTOR VEHICLE,ONE-WAY,NO CONTROLS,FAILING TO YIELD RIGHT-OF-WAY,UNABLE TO DETERMINE,0,0,0,0,9,6,3,1554,63RD ST,41.861507,-87.55365,03/29/2019 10:00:00 AM,2019
CR00032149,09/21/2021 11:47:00 PM,15,CLEAR,DAWN,ANGLE,NOT DIVIDED,NO CONTROLS,DISTRACTION - FROM INSIDE VEHICLE,NOT APPLICABLE,0,0,0,0,23,3,9,656,CICERO AVE,41.737188,-87.627872,09/22/2021 01:36:00 AM,2021
CR00032150,11/08/2019 04:46:00 AM,35,CLEAR,DAYLIGHT,REAR TO FRONT,ONE-WAY,TRAFFIC SIGNAL,UNABLE TO DETERMINE,DISREGARDING TRAFFIC SIGNALS,0,0,0,0,4,6,11,351,MILWAUKEE AVE,41.834328,-87.588518,11/08/2019 04:52:00 AM,2019
CR00032151,01/01/2021 05:47:00 PM,15,CLEAR,DARKNESS,REAR END,DIVIDED - W/MEDIAN (NOT RAISED),NO CONTROLS,DRIVING SKILLS/KNOWLEDGE/EXPERIENCE,NOT APPLICABLE,0,0,0,0,17,6,1,406,IRVING PARK RD,41.922885,-87.540205,01/01/2021 07:28:00 PM,2021
CR00032152,05/25/2021 01:56:00 PM,35,CLEAR,DARKNESS,TURNING,NOT DIVIDED,TRAFFIC SIGNAL,WEATHER,NOT APPLICABLE,0,0,0,0,13,3,5,964,BROADWAY,41.71333,-87.503034,05/25/2021 02:22:00 PM,2021
CR00032153,02/10/2019 05:27:00 PM,30,CLEAR,DARKNESS - LIGHTED ROAD,REAR END,NOT DIVIDED,TRAFFIC SIGNAL,FOLLOWING TOO CLOSELY,DISREGARDING TRAFFIC SIGNALS,0,0,0,0,17,1,2,2253,ELSTON AVE,41.960837,-87.786771,02/10/2019 06:36:00 PM,2019
CR00032154,09/08/2021 08:50:00 PM,35,CLEAR,DARKNESS,ANGLE,NOT DIVIDED,STOP SIGN/FLASHER,IMPROPER LANE USAGE,IMPROPER OVERTAKING/PASSING,0,0,0,0,20,4,9,2036,ASHLAND AVE,41.830214,-87.782952,09/08/2021 10:39:00 PM,2021
CR00032155,12/22/2019 02:08:00 AM,35,CLEAR,DAYLIGHT,PEDESTRIAN,NOT DIVIDED,TRAFFIC SIGNAL,IMPROPER OVERTAKING/PASSING,NOT APPLICABLE,0,0,0,0,2,1,12,1423,DAMEN AVE,41.857144,-87.744629,12/22/2019 02:31:00 AM,2019
CR00032156,11/20/2020 09:18:00 AM,35,CLOUDY/OVERCAST,DARKNESS - LIGHTED ROAD,ANGLE,DIVIDED - W/MEDIAN (NOT RAISED),STOP SIGN/FLASHER,FAILING TO REDUCE SPEED,IMPROPER LANE USAGE,0,1,0,1,9,6,11,2223,ROOSEVELT RD,41.883064,-87.804834,11/20/2020 11:10:00 AM,2020
CR00032157,09/02/2019 07:39:00 AM,25,SNOW,DAYLIGHT,TURNING,ONE-WAY,TRAFFIC SIGNAL,UNABLE TO DETERMINE,NOT APPLICABLE,0,0,2,2,7,2,9,2011,PULASKI RD,41.915616,-87.842311,09/02/2019 08:13:00 AM,2019
CR00032158,04/27/2020 06:47:00 PM,45,CLEAR,DAYLIGHT,FIXED OBJECT,DIVIDED - W/MEDIAN BARRIER,TRAFFIC SIGNAL,IMPROPER LANE USAGE,UNABLE TO DETERMINE,0,0,3,3,18,2,4,891,STATE ST,41.735997,-87.629731,04/27/2020 07:45:00 PM,2020
CR00032159,04/30/2018 08:53:00 PM,40,CLEAR,DAYLIGHT,TURNING,DIVIDED - W/MEDIAN (NOT RAISED),TRAFFIC SIGNAL,WEATHER,DRIVING SKILLS/KNOWLEDGE/EXPERIENCE,0,0,0,0,20,2,4,903,HALSTED ST,41.753068,-87.552025,04/30/2018 09:03:00 PM,2018
CR00032160,12/31/2019 10:50:00 PM,15,CLEAR,DARKNESS,ANGLE,FOUR WAY,STOP SIGN/FLASHER,UNABLE TO DETERMINE,UNABLE TO DETERMINE,0,0,0,0,22,3,12,745,WESTERN AVE,41.907584,-87.541309,12/31/2019 11:09:00 PM,2019
CR00032161,09/09/2018 09:35:00 AM,45,CLEAR,DARKNESS - LIGHTED ROAD,TURNING,T-INTERSECTION,TRAFFIC SIGNAL,IMPROPER LANE USAGE,WEATHER,0,0,0,0,9,1,9,2273,ARCHER AVE,41.925276,-87.524968,09/09/2018 10:07:00 AM,2018
CR00032162,09/08/2016 05:34:00 PM,30,CLEAR,DARKNESS,TURNING,T-INTERSECTION,TRAFFIC SIGNAL,DRIVING SKILLS/KNOWLEDGE/EXPERIENCE,DISREGARDING TRAFFIC SIGNALS,0,0,0,0,17,5,9,241,STONY ISLAND AVE,41.853602,-87.800504,09/08/2016 07:17:00 PM,2016
CR00032163,07/12/2017 03:25:00 PM,20,CLEAR,DAYLIGHT,FIXED OBJECT,NOT DIVIDED,NO CONTROLS,IMPROPER OVERTAKING/PASSING,DISREGARDING TRAFFIC SIGNALS,0,0,0,0,15,4,7,142,MILWAUKEE AVE,41.98261,-87.781375,07/12/2017 04:25:00 PM,2017
CR00032164,05/23/2018 06:00:00 PM,20,CLEAR,DAYLIGHT,TURNING,DIVIDED - W/MEDIAN (NOT RAISED),TRAFFIC SIGNAL,UNABLE TO DETERMINE,NOT APPLICABLE,0,0,0,0,18,4,5,2337,CALIFORNIA AVE,41.790136,-87.545836,05/23/2018 06:21:00 PM,2018
CR00032165,11/12/2023 08:43:00 AM,40,CLOUDY/OVERCAST,DARKNESS - LIGHTED ROAD,TURNING,NOT DIVIDED,NO CONTROLS,WEATHER,DISTRACTION - FROM INSIDE VEHICLE,0,0,0,0,8,1,11,1707,CLARK ST,41.95549,-87.8266,11/12/2023 09:28:00 AM,2023
CR00032166,08/30/2024 06:58:00 AM,30,CLEAR,DAYLIGHT,TURNING,NOT DIVIDED,UNKNOWN,UNABLE TO DETERMINE,FOLLOWING TOO CLOSELY,0,0,0,0,6,6,8,167,KEDZIE AVE,41.728692,-87.706395,08/30/2024 08:20:00 AM,2024
CR00032167,06/21/2021 01:39:00 PM,45,CLEAR,DUSK,REAR TO FRONT,NOT DIVIDED,NO CONTROLS,DISREGARDING TRAFFIC SIGNALS,DISTRACTION - FROM INSIDE VEHICLE,0,0,0,0,13,2,6,165,47TH ST,41.796684,-87.681972,06/21/2021 01:42:00 PM,2021
CR00032168,12/07/2018 04:35:00 PM,30,FOG/SMOKE/HAZE,DARKNESS - LIGHTED ROAD,REAR END,NOT DIVIDED,STOP SIGN/FLASHER,UNABLE TO DETERMINE,UNABLE TO DETERMINE,0,0,1,1,16,6,12,1199,ROOSEVELT RD,41.861799,-87.829623,12/07/2018 05:16:00 PM,2018
CR00032169,01/27/2022 09:41:00 AM,30,CLEAR,DAYLIGHT,REAR TO FRONT,DIVIDED - W/MEDIAN (NOT RAISED),TRAFFIC SIGNAL,IMPROPER LANE USAGE,UNABLE TO DETERMINE,0,0,2,2,9,5,1,704,ELSTON AVE,41.780357,-87.751659,01/27/2022 11:36:00 AM,2022
CR00032170,06/11/2020 11:05:00 AM,25,CLOUDY/OVERCAST,DAYLIGHT,REAR END,NOT DIVIDED,TRAFFIC SIGNAL,UNABLE TO DETERMINE,FOLLOWING TOO CLOSELY,0,0,0,0,11,5,6,650,STATE ST,41.930289,-87.61656,06/11/2020 11:12:00 AM,2020
CR00032171,10/08/2015 12:50:00 PM,30,SNOW,DAYLIGHT,REAR TO FRONT,DIVIDED - W/MEDIAN (NOT RAISED),STOP SIGN/FLASHER,UNABLE TO DETERMINE,UNABLE TO DETERMINE,0,0,0,0,12,5,10,2021,ARCHER AVE,41.729621,-87.59069,10/08/2015 02:06:00 PM,2015
CR00032172,06/27/2022 04:47:00 PM,30,RAIN,DAYLIGHT,ANGLE,DIVIDED - W/MEDIAN (NOT RAISED),NO CONTROLS,FOLLOWING TOO CLOSELY,DISTRACTION - FROM INSIDE VEHICLE,0,0,1,1,16,2,6,967,CLARK ST,41.927007,-87.531069,06/27/2022 06:09:00 PM,2022