CRASH_RECORD_ID,CRASH_DATE,POSTED_SPEED_LIMIT,WEATHER_CONDITION,LIGHTING_CONDITION,FIRST_CRASH_TYPE,TRAFFICWAY_TYPE,TRAFFIC_CONTROL_DEVICE,PRIM_CONTRIBUTORY_CAUSE,SEC_CONTRIBUTORY_CAUSE,INJURIES_FATAL,INJURIES_INCAPACITATING,INJURIES_NON_INCAPACITATING,INJURIES_TOTAL,CRASH_HOUR,CRASH_DAY_OF_WEEK,CRASH_MONTH,BEAT_OF_OCCURRENCE,STREET_NAME,LATITUDE,LONGITUDE,DATE_POLICE_NOTIFIED,year
CR00032173,01/09/2018 05:13:00 PM,35,CLEAR,DAYLIGHT,REAR END,ONE-WAY,PEDESTRIAN CROSSING SIGN,UNABLE TO DETERMINE,NOT APPLICABLE,0,2,1,3,17,3,1,662,63RD ST,41.917366,-87.674634,01/09/2018 05:36:00 PM,2018
CR00032174,01/01/2016 02:14:00 AM,30,CLOUDY/OVERCAST,DAYLIGHT,PARKED MOTOR VEHICLE,DIVIDED - W/MEDIAN (NOT RAISED),NO CONTROLS,FOLLOWING TOO CLOSELY,NOT APPLICABLE,0,0,0,0,2,6,1,594,ARCHER AVE,41.817591,-87.829599,01/01/2016 03:02:00 AM,2016
CR00032175,03/02/2022 02:00:00 PM,35,CLEAR,DAYLIGHT,ANGLE,NOT DIVIDED,STOP SIGN/FLASHER,DRIVING SKILLS/KNOWLEDGE/EXPERIENCE,FAILING TO REDUCE SPEED,0,0,1,1,14,4,3,1020,STATE ST,41.822387,-87.754243,03/02/2022 02:47:00 PM,2022
CR00032176,11/05/2017 11:20:00 PM,30,CLEAR,DARKNESS - LIGHTED ROAD,TURNING,ONE-WAY,NO CONTROLS,FAILING TO YIELD RIGHT-OF-WAY,IMPROPER LANE USAGE,0,0,0,0,23,1,11,299,DAMEN AVE,41.799007,-87.645618,11/05/2017 11:26:00 PM,2017
CR00032177,04/13/2017 11:30:00 AM,35,RAIN,DUSK,REAR END,NOT DIVIDED,NO CONTROLS,UNABLE TO DETERMINE,NOT APPLICABLE,0,0,0,0,11,5,4,1953,CALIFORNIA AVE,41.966273,-87.59076,04/13/2017 01:00:00 PM,2017
CR00032178,07/03/2015 03:55:00 PM,35,CLEAR,DAYLIGHT,PARKED MOTOR VEHICLE,FOUR WAY,TRAFFIC SIGNAL,IMPROPER OVERTAKING/PASSING,NOT APPLICABLE,0,0,0,0,15,6,7,1659,ROOSEVELT RD,41.949029,-87.666539,07/03/2015 04:54:00 PM,2015
CR00032179,09/24/2023 08:39:00 PM,30,CLEAR,DAYLIGHT,TURNING,DIVIDED - W/MEDIAN (NOT RAISED),NO CONTROLS,FOLLOWING TOO CLOSELY,NOT APPLICABLE,0,0,0,0,20,1,9,1145,KEDZIE AVE,41.916476,-87.796345,09/24/2023 10:13:00 PM,2023
CR00032180,05/02/2021 09:17:00 AM,20,CLEAR,DARKNESS - LIGHTED ROAD,SIDESWIPE SAME DIRECTION,DIVIDED - W/MEDIAN (NOT RAISED),NO CONTROLS,FOLLOWING TOO CLOSELY,NOT APPLICABLE,0,0,0,0,9,1,5,1548,CICERO AVE,41.757639,-87.504313,05/02/2021 10:55:00 AM,2021
CR00032181,10/27/2018 04:03:00 PM,35,CLOUDY/OVERCAST,DARKNESS - LIGHTED ROAD,TURNING,T-INTERSECTION,UNKNOWN,UNABLE TO DETERMINE,FAILING TO YIELD RIGHT-OF-WAY,0,0,1,1,16,7,10,2041,MICHIGAN AVE,41.735488,-87.811658,10/27/2018 06:00:00 PM,2018
CR00032182,08/10/2024 08:31:00 PM,30,CLEAR,DAYLIGHT,REAR END,ONE-WAY,NO CONTROLS,FAILING TO YIELD RIGHT-OF-WAY,FAILING TO REDUCE SPEED,0,0,0,0,20,7,8,2291,63RD ST,41.766377,-87.553983,08/10/2024 10:04:00 PM,2024
CR00032183,10/27/2021 11:02:00 AM,30,SNOW,DAYLIGHT,REAR TO FRONT,ONE-WAY,NO CONTROLS,FAILING TO REDUCE SPEED,NOT APPLICABLE,0,0,0,0,11,4,10,1330,PULASKI RD,41.729392,-87.81997,10/27/2021 11:58:00 AM,2021
CR00032184,10/27/2015 04:14:00 PM,30,CLEAR,DARKNESS,REAR TO FRONT,DIVIDED - W/MEDIAN BARRIER,TRAFFIC SIGNAL,UNABLE TO DETERMINE,DISTRACTION - FROM INSIDE VEHICLE,0,0,0,0,16,3,10,743,CLARK ST,41.971866,-87.786239,10/27/2015 05:25:00 PM,2015
CR00032185,09/23/2023 08:17:00 PM,45,RAIN,DAYLIGHT,TURNING,NOT DIVIDED,STOP SIGN/FLASHER,UNABLE TO DETERMINE,NOT APPLICABLE,0,0,0,0,20,7,9,535,BROADWAY,41.96091,-87.772878,09/23/2023 10:02:00 PM,2023
CR00032186,07/01/2021 07:41:00 PM,40,CLEAR,DAYLIGHT,SIDESWIPE SAME DIRECTION,T-INTERSECTION,STOP SIGN/FLASHER,FAILING TO YIELD RIGHT-OF-WAY,NOT APPLICABLE,0,0,0,0,19,5,7,2518,MILWAUKEE AVE,41.704155,-87.525061,07/01/2021 08:11:00 PM,2021
CR00032187,09/10/2016 11:33:00 AM,45,CLEAR,DAYLIGHT,PEDESTRIAN,ONE-WAY,TRAFFIC SIGNAL,DRIVING SKILLS/KNOWLEDGE/EXPERIENCE,UNABLE TO DETERMINE,0,0,0,0,11,7,9,2483,BROADWAY,41.85781,-87.814687,09/10/2016 01:29:00 PM,2016
CR00032188,05/09/2021 08:23:00 PM,30,CLEAR,DARKNESS,SIDESWIPE SAME DIRECTION,DIVIDED - W/MEDIAN (NOT RAISED),STOP SIGN/FLASHER,IMPROPER LANE USAGE,NOT APPLICABLE,0,0,0,0,20,1,5,878,79TH ST,41.736392,-87.795022,05/09/2021 09:40:00 PM,2021
CR00032189,04/10/2022 04:07:00 PM,25,CLEAR,DAWN,TURNING,DIVIDED - W/MEDIAN (NOT RAISED),YIELD,DISTRACTION - FROM INSIDE VEHICLE,FAILING TO YIELD RIGHT-OF-WAY,0,0,2,2,16,1,4,2317,STONY ISLAND AVE,41.872861,-87.526869,04/10/2022 05:27:00 PM,2022
CR00032190,02/09/2021 10:52:00 PM,45,CLEAR,DAYLIGHT,REAR END,NOT DIVIDED,UNKNOWN,FAILING TO REDUCE SPEED,UNABLE TO DETERMINE,0,0,0,0,22,3,2,712,BROADWAY,41.796534,-87.514861,02/10/2021 12:11:00 AM,2021
CR00032191,11/26/2015 04:07:00 AM,30,CLEAR,DAWN,SIDESWIPE SAME DIRECTION,DIVIDED - W/MEDIAN BARRIER,TRAFFIC SIGNAL,UNABLE TO DETERMINE,NOT APPLICABLE,0,0,0,0,4,5,11,1978,LAKE SHORE DR,41.734874,-87.598781,11/26/2015 04:26:00 AM,2015
CR00032192,05/06/2022 11:54:00 PM,15,SNOW,DARKNESS - LIGHTED ROAD,ANGLE,DIVIDED - W/MEDIAN (NOT RAISED),NO CONTROLS,WEATHER,FOLLOWING TOO CLOSELY,0,0,0,0,23,6,5,422,ROOSEVELT RD,41.909409,-87.68432,05/07/2022 12:23:00 AM,2022
CR00032193,09/09/2022 03:04:00 PM,30,CLEAR,DARKNESS - LIGHTED ROAD,TURNING,DIVIDED - W/MEDIAN (NOT RAISED),NO CONTROLS,UNABLE TO DETERMINE,NOT APPLICABLE,0,0,0,0,15,6,9,1854,CLARK ST,41.964205,-87.606885,09/09/2022 04:37:00 PM,2022
CR00032194,01/04/2017 05:54:00 PM,25,CLEAR,DAYLIGHT,REAR END,DIVIDED - W/MEDIAN (NOT RAISED),STOP SIGN/FLASHER,WEATHER,NOT APPLICABLE,0,0,0,0,17,4,1,2122,ASHLAND AVE,41.997605,-87.508288,01/04/2017 07:25:00 PM,2017
CR00032195,08/01/2020 08:03:00 PM,20,CLEAR,DAYLIGHT,REAR END,FOUR WAY,NO CONTROLS,UNABLE TO DETERMINE,NOT APPLICABLE,0,0,0,0,20,7,8,365,PULASKI RD,41.8611,-87.532938,08/01/2020 09:07:00 PM,2020
CR00032196,07/30/2015 05:53:00 PM,45,RAIN,DAYLIGHT,REAR TO FRONT,NOT DIVIDED,STOP SIGN/FLASHER,DISTRACTION - FROM INSIDE VEHICLE,IMPROPER LANE USAGE,0,2,0,2,17,5,7,803,ELSTON AVE,41.728239,-87.832721,07/30/2015 07:43:00 PM,2015
CR00032197,11/22/2017 03:34:00 PM,30,RAIN,DAYLIGHT,PEDESTRIAN,NOT DIVIDED,TRAFFIC SIGNAL,UNABLE TO DETERMINE,IMPROPER LANE USAGE,0,0,0,0,15,4,11,538,MICHIGAN AVE,41.957187,-87.559836,11/22/2017 04:49:00 PM,2017
CR00032198,03/22/2022 05:37:00 PM,20,FREEZING RAIN/DRIZZLE,DAYLIGHT,FIXED OBJECT,DIVIDED - W/MEDIAN BARRIER,TRAFFIC SIGNAL,UNABLE TO DETERMINE,IMPROPER LANE USAGE,0,0,3,3,17,3,3,1277,CALIFORNIA AVE,41.758745,-87.553156,03/22/2022 07:13:00 PM,2022
CR00032199,01/16/2023 11:47:00 AM,30,CLEAR,DARKNESS - LIGHTED ROAD,TURNING,NOT DIVIDED,TRAFFIC SIGNAL,FAILING TO REDUCE SPEED,FAILING TO YIELD RIGHT-OF-WAY,0,1,3,4,11,2,1,1852,STONY ISLAND AVE,41.760089,-87.567326,01/16/2023 01:40:00 PM,2023
CR00032200,08/05/2020 08:43:00 AM,30,SNOW,DAYLIGHT,TURNING,DIVIDED - W/MEDIAN (NOT RAISED),TRAFFIC SIGNAL,IMPROPER OVERTAKING/PASSING,DISREGARDING TRAFFIC SIGNALS,0,0,0,0,8,4,8,418,ARCHER AVE,41.820613,-87.846133,08/05/2020 09:21:00 AM,2020
CR00032201,04/13/2016 09:54:00 AM,30,RAIN,DUSK,REAR END,NOT DIVIDED,UNKNOWN,FOLLOWING TOO CLOSELY,FOLLOWING TOO CLOSELY,0,0,0,0,9,4,4,2069,OGDEN AVE,41.733363,-87.536357,04/13/2016 10:25:00 AM,2016
CR00032202,06/02/2023 10:45:00 AM,20,CLEAR,DAYLIGHT,PARKED MOTOR VEHICLE,NOT DIVIDED,TRAFFIC SIGNAL,FAILING TO YIELD RIGHT-OF-WAY,UNABLE TO DETERMINE,0,0,0,0,10,6,6,1944,KEDZIE AVE,41.833997,-87.578322,06/02/2023 12:22:00 PM,2023
CR00032203,09/19/2019 07:09:00 PM,20,CLEAR,DARKNESS - LIGHTED ROAD,SIDESWIPE SAME DIRECTION,NOT DIVIDED,NO CONTROLS,DRIVING SKILLS/KNOWLEDGE/EXPERIENCE,IMPROPER OVERTAKING/PASSING,0,0,0,0,19,5,9,1403,ELSTON AVE,41.984423,-87.650788,09/19/2019 07:44:00 PM,2019
CR00032204,04/22/2018 05:05:00 PM,30,CLEAR,DARKNESS - LIGHTED ROAD,ANGLE,NOT DIVIDED,NO CONTROLS,DISTRACTION - FROM INSIDE VEHICLE,FOLLOWING TOO CLOSELY,0,0,0,0,17,1,4,554,CLARK ST,41.868718,-87.770176,04/22/2018 05:18:00 PM,2018
CR00032205,03/24/2017 05:15:00 PM,35,CLEAR,DAYLIGHT,REAR END,FOUR WAY,STOP SIGN/FLASHER,UNABLE TO DETERMINE,NOT APPLICABLE,0,0,0,0,17,6,3,1646,MICHIGAN AVE,41.880205,-87.749462,03/24/2017 05:35:00 PM,2017
CR00032206,03/05/2023 04:03:00 AM,35,CLEAR,DAYLIGHT,REAR END,NOT DIVIDED,NO CONTROLS,DISREGARDING TRAFFIC SIGNALS,WEATHER,0,0,0,0,4,1,3,1184,MICHIGAN AVE,41.721342,-87.81659,03/05/2023 04:22:00 AM,2023
CR00032207,04/19/2024 07:19:00 PM,45,CLOUDY/OVERCAST,DAYLIGHT,TURNING,NOT DIVIDED,NO CONTROLS,FOLLOWING TOO CLOSELY,UNABLE TO DETERMINE,0,0,0,0,19,6,4,462,HALSTED ST,41.834797,-87.727454,04/19/2024 08:26:00 PM,2024
CR00032208,09/03/2021 08:45:00 AM,35,CLEAR,DARKNESS - LIGHTED ROAD,FIXED OBJECT,NOT DIVIDED,YIELD,IMPROPER LANE USAGE,IMPROPER OVERTAKING/PASSING,0,0,0,0,8,6,9,1915,LAKE SHORE DR,41.99411,-87.608041,09/03/2021 09:22:00 AM,2021
CR00032209,04/24/2016 12:07:00 AM,40,CLEAR,DAYLIGHT,ANGLE,NOT DIVIDED,UNKNOWN,FOLLOWING TOO CLOSELY,DRIVING SKILLS/KNOWLEDGE/EXPERIENCE,0,2,3,5,0,1,4,2463,MILWAUKEE AVE,41.922734,-87.727808,04/24/2016 01:15:00 AM,2016
CR00032210,02/22/2023 08:06:00 AM,40,CLEAR,DARKNESS - LIGHTED ROAD,REAR END,NOT DIVIDED,TRAFFIC SIGNAL,FAILING TO YIELD RIGHT-OF-WAY,NOT APPLICABLE,0,0,1,1,8,4,2,1145,CLARK ST,41.835159,-87.781483,02/22/2023 08:57:00 AM,2023
CR00032211,06/21/2018 02:56:00 AM,45,CLOUDY/OVERCAST,DARKNESS - LIGHTED ROAD,REAR END,FOUR WAY,TRAFFIC SIGNAL,FAILING TO YIELD RIGHT-OF-WAY,UNABLE TO DETERMINE,0,0,0,0,2,5,6,1377,BROADWAY,41.800966,-87.509089,06/21/2018 04:42:00 AM,2018
CR00032212,03/21/2024 06:17:00 AM,30,CLEAR,DARKNESS - LIGHTED ROAD,REAR END,DIVIDED - W/MEDIAN (NOT RAISED),NO CONTROLS,WEATHER,UNABLE TO DETERMINE,0,0,0,0,6,5,3,1030,MICHIGAN AVE,41.893326,-87.70222,03/21/2024 08:11:00 AM,2024
CR00032213,01/26/2023 12:24:00 PM,40,CLEAR,DUSK,PARKED MOTOR VEHICLE,ONE-WAY,TRAFFIC SIGNAL,FOLLOWING TOO CLOSELY,IMPROPER OVERTAKING/PASSING,0,0,0,0,12,5,1,2338,CICERO AVE,41.847957,-87.65832,01/26/2023 02:00:00 PM,2023
CR00032214,05/09/2021 05:34:00 PM,35,CLEAR,DAYLIGHT,REAR END,FOUR WAY,PEDESTRIAN CROSSING SIGN,WEATHER,DISREGARDING TRAFFIC SIGNALS,0,0,0,0,17,1,5,1247,IRVING PARK RD,41.883922,-87.61756,05/09/2021 05:35:00 PM,2021
CR00032215,04/27/2024 03:56:00 PM,35,RAIN,DAYLIGHT,ANGLE,DIVIDED - W/MEDIAN (NOT RAISED),STOP SIGN/FLASHER,DRIVING SKILLS/KNOWLEDGE/EXPERIENCE,UNABLE TO DETERMINE,0,0,0,0,15,7,4,846,STATE ST,41.789393,-87.833646,04/27/2024 04:29:00 PM,2024
CR00032216,11/08/2019 05:35:00 PM,30,SNOW,DAYLIGHT,SIDESWIPE SAME DIRECTION,ONE-WAY,TRAFFIC SIGNAL,UNABLE TO DETERMINE,UNABLE TO DETERMINE,0,0,0,0,17,6,11,818,ARCHER AVE,41.890723,-87.742411,11/08/2019 06:37:00 PM,2019
CR00032217,11/29/2022 12:29:00 PM,25,CLEAR,DAYLIGHT,FIXED OBJECT,NOT DIVIDED,TRAFFIC SIGNAL,FAILING TO YIELD RIGHT-OF-WAY,DRIVING SKILLS/KNOWLEDGE/EXPERIENCE,0,0,0,0,12,3,11,1660,CICERO AVE,41.886044,-87.692607,11/29/2022 12:33:00 PM,2022
CR00032218,12/31/2018 08:07:00 AM,45,CLEAR,DAYLIGHT,REAR END,FOUR WAY,NO CONTROLS,IMPROPER OVERTAKING/PASSING,NOT APPLICABLE,0,0,0,0,8,2,12,1981,DIVISION ST,41.713146,-87.526641,12/31/2018 09:21:00 AM,2018
CR00032219,02/15/2019 11:44:00 AM,45,CLEAR,DAYLIGHT,ANGLE,DIVIDED - W/MEDIAN BARRIER,NO CONTROLS,UNABLE TO DETERMINE,DRIVING SKILLS/KNOWLEDGE/EXPERIENCE,0,0,0,0,11,6,2,574,MICHIGAN AVE,41.826524,-87.844107,02/15/2019 12:31:00 PM,2019
CR00032220,05/25/2015 02:42:00 PM,35,CLEAR,DARKNESS,REAR END,DIVIDED - W/MEDIAN (NOT RAISED),TRAFFIC SIGNAL,UNABLE TO DETERMINE,DRIVING SKILLS/KNOWLEDGE/EXPERIENCE,0,0,0,0,14,2,5,1109,CLARK ST,41.841044,-87.693229,05/25/2015 02:59:00 PM,2015
CR00032221,01/17/2018 03:32:00 PM,30,CLEAR,DAYLIGHT,SIDESWIPE SAME DIRECTION,DIVIDED - W/MEDIAN (NOT RAISED),TRAFFIC SIGNAL,FAILING TO YIELD RIGHT-OF-WAY,NOT APPLICABLE,0,0,0,0,15,4,1,1648,DIVISION ST,41.754651,-87.577263,01/17/2018 05:32:00 PM,2018
CR00032222,05/07/2021 07:39:00 PM,45,CLEAR,DARKNESS - LIGHTED ROAD,REAR END,NOT DIVIDED,STOP SIGN/FLASHER,FOLLOWING TOO CLOSELY,NOT APPLICABLE,0,0,0,0,19,6,5,995,CICERO AVE,41.931408,-87.828395,05/07/2021 07:55:00 PM,2021
CR00032223,05/24/2020 12:33:00 PM,30,CLEAR,DAYLIGHT,TURNING,ONE-WAY,TRAFFIC SIGNAL,FAILING TO YIELD RIGHT-OF-WAY,FOLLOWING TOO CLOSELY,0,0,0,0,12,1,5,1444,ARCHER AVE,41.961697,-87.622992,05/24/2020 01:37:00 PM,2020
CR00032224,06/14/2015 02:40:00 AM,35,CLEAR,DAYLIGHT,ANGLE,NOT DIVIDED,TRAFFIC SIGNAL,DISTRACTION - FROM INSIDE VEHICLE,NOT APPLICABLE,0,0,0,0,2,1,6,2116,ELSTON AVE,41.819353,-87.81644,06/14/2015 02:53:00 AM,2015
CR00032225,06/09/2019 10:40:00 PM,20,CLEAR,DAYLIGHT,REAR END,DIVIDED - W/MEDIAN BARRIER,STOP SIGN/FLASHER,DRIVING SKILLS/KNOWLEDGE/EXPERIENCE,FAILING TO YIELD RIGHT-OF-WAY,0,0,0,0,22,1,6,1240,IRVING PARK RD,41.80418,-87.745188,06/10/2019 12:22:00 AM,2019
CR00032226,06/04/2023 08:50:00 AM,25,CLEAR,DAYLIGHT,ANGLE,FOUR WAY,STOP SIGN/FLASHER,DRIVING SKILLS/KNOWLEDGE/EXPERIENCE,IMPROPER OVERTAKING/PASSING,0,0,0,0,8,1,6,2068,DAMEN AVE,41.704358,-87.586457,06/04/2023 09:11:00 AM,2023
CR00032227,04/23/2021 11:12:00 AM,25,CLEAR,DARKNESS,PARKED MOTOR VEHICLE,DIVIDED - W/MEDIAN BARRIER,TRAFFIC SIGNAL,DISTRACTION - FROM INSIDE VEHICLE,DISTRACTION - FROM INSIDE VEHICLE,0,0,2,2,11,6,4,1820,IRVING PARK RD,41.916628,-87.51819,04/23/2021 11:51:00 AM,2021
CR00032228,09/09/2024 06:07:00 PM,30,CLEAR,DARKNESS - LIGHTED ROAD,REAR END,NOT DIVIDED,TRAFFIC SIGNAL,UNABLE TO DETERMINE,NOT APPLICABLE,0,0,0,0,18,2,9,535,CALIFORNIA AVE,41.823733,-87.840028,09/09/2024 06:13:00 PM,2024
CR00032229,10/18/2022 04:05:00 PM,30,RAIN,DAYLIGHT,REAR END,ONE-WAY,STOP SIGN/FLASHER,FAILING TO YIELD RIGHT-OF-WAY,FOLLOWING TOO CLOSELY,0,0,0,0,16,3,10,698,IRVING PARK RD,41.78326,-87.795185,10/18/2022 05:53:00 PM,2022
CR00032230,03/10/2015 05:06:00 PM,30,CLEAR,DAYLIGHT,FIXED OBJECT,NOT DIVIDED,NO CONTROLS,FOLLOWING TOO CLOSELY,FOLLOWING TOO CLOSELY,0,0,0,0,17,3,3,900,KEDZIE AVE,41.774179,-87.665845,03/10/2015 05:44:00 PM,2015
CR00032231,06/07/2022 07:48:00 AM,25,CLEAR,DAYLIGHT,SIDESWIPE SAME DIRECTION,ONE-WAY,YIELD,FAILING TO YIELD RIGHT-OF-WAY,FOLLOWING TOO CLOSELY,0,0,0,0,7,3,6,865,KEDZIE AVE,41.812949,-87.738762,06/07/2022 08:12:00 AM,2022
CR00032232,05/11/2016 01:29:00 AM,45,CLOUDY/OVERCAST,DARKNESS - LIGHTED ROAD,REAR END,NOT DIVIDED,NO CONTROLS,UNABLE TO DETERMINE,DRIVING SKILLS/KNOWLEDGE/EXPERIENCE,0,0,0,0,1,4,5,635,DIVISION ST,41.889091,-87.724653,05/11/2016 01:59:00 AM,2016
CR00032233,07/29/2015 11:30:00 AM,35,RAIN,DARKNESS,SIDESWIPE SAME DIRECTION,NOT DIVIDED,NO CONTROLS,UNABLE TO DETERMINE,UNABLE TO DETERMINE,0,0,0,0,11,4,7,1327,MILWAUKEE AVE,41.911959,-87.799562,07/29/2015 11:50:00 AM,2015
CR00032234,06/21/2018 11:34:00 PM,45,CLEAR,DARKNESS,PARKED MOTOR VEHICLE,NOT DIVIDED,NO CONTROLS,FOLLOWING TOO CLOSELY,FAILING TO REDUCE SPEED,0,0,0,0,23,5,6,691,47TH ST,41.82488,-87.587905,06/22/2018 12:48:00 AM,2018
CR00032235,01/09/2019 05:08:00 PM,40,RAIN,DARKNESS - LIGHTED ROAD,REAR END,NOT DIVIDED,TRAFFIC SIGNAL,UNABLE TO DETERMINE,IMPROPER LANE USAGE,0,0,0,0,17,4,1,2294,ROOSEVELT RD,41.738632,-87.778749,01/09/2019 06:30:00 PM,2019
CR00032236,04/15/2023 09:43:00 AM,15,CLEAR,DAYLIGHT,REAR END,DIVIDED - W/MEDIAN (NOT RAISED),TRAFFIC SIGNAL,DRIVING SKILLS/KNOWLEDGE/EXPERIENCE,DISTRACTION - FROM INSIDE VEHICLE,0,0,0,0,9,7,4,987,MICHIGAN AVE,41.702046,-87.815743,04/15/2023 10:14:00 AM,2023
CR00032237,12/07/2018 08:51:00 AM,30,CLEAR,DAYLIGHT,PEDESTRIAN,DIVIDED - W/MEDIAN (NOT RAISED),UNKNOWN,UNABLE TO DETERMINE,UNABLE TO DETERMINE,0,0,3,3,8,6,12,1501,ASHLAND AVE,41.908312,-87.563951,12/07/2018 10:06:00 AM,2018
CR00032238,04/19/2023 07:05:00 PM,30,CLEAR,DARKNESS,TURNING,NOT DIVIDED,TRAFFIC SIGNAL,UNABLE TO DETERMINE,IMPROPER OVERTAKING/PASSING,0,0,0,0,19,4,4,1529,HALSTED ST,41.834821,-87.755852,04/19/2023 08:35:00 PM,2023
CR00032239,11/06/2022 08:08:00 PM,45,CLEAR,DARKNESS - LIGHTED ROAD,TURNING,FOUR WAY,NO CONTROLS,DRIVING SKILLS/KNOWLEDGE/EXPERIENCE,UNABLE TO DETERMINE,0,0,0,0,20,1,11,1571,STATE ST,41.90495,-87.63314,11/06/2022 10:06:00 PM,2022
CR00032240,02/02/2015 11:04:00 PM,30,CLEAR,DARKNESS - LIGHTED ROAD,REAR TO FRONT,NOT DIVIDED,NO CONTROLS,UNABLE TO DETERMINE,UNABLE TO DETERMINE,0,0,0,0,23,2,2,1251,PULASKI RD,41.776823,-87.589677,02/02/2015 11:39:00 PM,2015
CR00032241,08/12/2023 12:52:00 PM,45,CLEAR,DAYLIGHT,ANGLE,ONE-WAY,UNKNOWN,DISTRACTION - FROM INSIDE VEHICLE,NOT APPLICABLE,0,0,0,0,12,7,8,298,STATE ST,41.899638,-87.591794,08/12/2023 01:19:00 PM,2023
CR00032242,02/03/2022 01:53:00 AM,45,CLEAR,DARKNESS - LIGHTED ROAD,ANGLE,DIVIDED - W/MEDIAN (NOT RAISED),TRAFFIC SIGNAL,FOLLOWING TOO CLOSELY,UNABLE TO DETERMINE,0,0,1,1,1,5,2,412,LAKE SHORE DR,41.731328,-87.541402,02/03/2022 02:38:00 AM,2022
CR00032243,05/07/2022 05:23:00 AM,30,CLEAR,DAYLIGHT,ANGLE,FOUR WAY,NO CONTROLS,FOLLOWING TOO CLOSELY,UNABLE TO DETERMINE,0,0,0,0,5,7,5,2055,ROOSEVELT RD,41.778479,-87.772178,05/07/2022 05:38:00 AM,2022
CR00032244,05/05/2016 07:54:00 PM,25,CLOUDY/OVERCAST,DARKNESS - LIGHTED ROAD,REAR END,NOT DIVIDED,TRAFFIC SIGNAL,UNABLE TO DETERMINE,FAILING TO YIELD RIGHT-OF-WAY,0,0,0,0,19,5,5,1188,WESTERN AVE,41.862325,-87.74497,05/05/2016 09:00:00 PM,2016
CR00032245,03/15/2023 07:46:00 AM,45,CLEAR,DARKNESS - LIGHTED ROAD,PARKED MOTOR VEHICLE,NOT DIVIDED,STOP SIGN/FLASHER,FOLLOWING TOO CLOSELY,UNABLE TO DETERMINE,0,0,0,0,7,4,3,2395,MICHIGAN AVE,41.848121,-87.748568,03/15/2023 08:56:00 AM,2023
CR00032246,04/30/2022 11:27:00 PM,30,CLEAR,DARKNESS - LIGHTED ROAD,REAR END,DIVIDED - W/MEDIAN BARRIER,STOP SIGN/FLASHER,DRIVING SKILLS/KNOWLEDGE/EXPERIENCE,FAILING TO YIELD RIGHT-OF-WAY,0,0,0,0,23,7,4,702,WESTERN AVE,41.764791,-87.828918,05/01/2022 12:13:00 AM,2022
CR00032247,05/11/2023 03:32:00 PM,30,SNOW,DARKNESS - LIGHTED ROAD,TURNING,FOUR WAY,TRAFFIC SIGNAL,IMPROPER LANE USAGE,DISTRACTION - FROM INSIDE VEHICLE,0,0,0,0,15,5,5,987,47TH ST,41.814386,-87.602828,05/11/2023 04:57:00 PM,2023
CR00032248,08/21/2019 06:35:00 PM,25,CLEAR,DAYLIGHT,FIXED OBJECT,DIVIDED - W/MEDIAN BARRIER,NO CONTROLS,FAILING TO YIELD RIGHT-OF-WAY,DRIVING SKILLS/KNOWLEDGE/EXPERIENCE,0,0,0,0,18,4,8,2076,OGDEN AVE,41.939532,-87.703317,08/21/2019 07:17:00 PM,2019
CR00032249,05/28/2024 08:59:00 PM,35,CLEAR,DAYLIGHT,TURNING,DIVIDED - W/MEDIAN (NOT RAISED),STOP SIGN/FLASHER,FAILING TO YIELD RIGHT-OF-WAY,FOLLOWING TOO CLOSELY,0,0,0,0,20,3,5,1248,CICERO AVE,41.931657,-87.639313,05/28/2024 10:49:00 PM,2024
CR00032250,01/28/2018 06:19:00 PM,30,CLEAR,DARKNESS - LIGHTED ROAD,FIXED OBJECT,ONE-WAY,NO CONTROLS,FOLLOWING TOO CLOSELY,NOT APPLICABLE,0,0,0,0,18,1,1,1498,OGDEN AVE,41.976134,-87.696559,01/28/2018 07:39:00 PM,2018
CR00032251,08/12/2023 06:14:00 AM,30,SNOW,DAYLIGHT,SIDESWIPE SAME DIRECTION,NOT DIVIDED,TRAFFIC SIGNAL,DRIVING SKILLS/KNOWLEDGE/EXPERIENCE,NOT APPLICABLE,0,0,0,0,6,7,8,575,63RD ST,41.950047,-87.565487,08/12/2023 06:52:00 AM,2023
CR00032252,11/08/2022 07:32:00 AM,35,CLEAR,DAYLIGHT,TURNING,DIVIDED - W/MEDIAN BARRIER,STOP SIGN/FLASHER,IMPROPER OVERTAKING/PASSING,IMPROPER OVERTAKING/PASSING,0,0,0,0,7,3,11,580,STATE ST,41.892721,-87.502784,11/08/2022 08:14:00 AM,2022
CR00032253,05/10/2020 10:27:00 AM,40,RAIN,DAYLIGHT,REAR END,ONE-WAY,NO CONTROLS,FAILING TO REDUCE SPEED,FAILING TO YIELD RIGHT-OF-WAY,0,0,0,0,10,1,5,1257,ASHLAND AVE,41.912369,-87.794531,05/10/2020 11:00:00 AM,2020
CR00032254,04/04/2023 05:35:00 PM,15,RAIN,DARKNESS - LIGHTED ROAD,REAR END,T-INTERSECTION,TRAFFIC SIGNAL,FAILING TO YIELD RIGHT-OF-WAY,UNABLE TO DETERMINE,0,0,0,0,17,3,4,410,CLARK ST,41.788108,-87.794734,04/04/2023 07:27:00 PM,2023