CRASH_RECORD_ID,CRASH_DATE,POSTED_SPEED_LIMIT,WEATHER_CONDITION,LIGHTING_CONDITION,FIRST_CRASH_TYPE,TRAFFICWAY_TYPE,TRAFFIC_CONTROL_DEVICE,PRIM_CONTRIBUTORY_CAUSE,SEC_CONTRIBUTORY_CAUSE,INJURIES_FATAL,INJURIES_INCAPACITATING,INJURIES_NON_INCAPACITATING,INJURIES_TOTAL,CRASH_HOUR,CRASH_DAY_OF_WEEK,CRASH_MONTH,BEAT_OF_OCCURRENCE,STREET_NAME,LATITUDE,LONGITUDE,DATE_POLICE_NOTIFIED,year
CR00032255,11/08/2024 03:57:00 PM,30,CLEAR,DAYLIGHT,REAR END,NOT DIVIDED,TRAFFIC SIGNAL,UNABLE TO DETERMINE,NOT APPLICABLE,0,0,0,0,15,6,11,863,DIVISION ST,41.748041,-87.660595,11/08/2024 05:53:00 PM,2024
CR00032256,11/09/2019 12:33:00 AM,15,CLOUDY/OVERCAST,DAYLIGHT,ANGLE,FOUR WAY,STOP SIGN/FLASHER,UNABLE TO DETERMINE,FOLLOWING TOO CLOSELY,0,0,0,0,0,7,11,2420,STONY ISLAND AVE,41.990106,-87.682788,11/09/2019 01:07:00 AM,2019
CR00032257,03/27/2020 05:00:00 PM,35,CLEAR,DAYLIGHT,REAR END,DIVIDED - W/MEDIAN (NOT RAISED),NO CONTROLS,FAILING TO YIELD RIGHT-OF-WAY,UNABLE TO DETERMINE,0,0,0,0,17,6,3,1584,LAKE SHORE DR,41.940807,-87.535098,03/27/2020 06:26:00 PM,2020
CR00032258,08/13/2018 02:52:00 PM,25,CLEAR,DAYLIGHT,REAR TO FRONT,DIVIDED - W/MEDIAN BARRIER,YIELD,IMPROPER LANE USAGE,DISREGARDING TRAFFIC SIGNALS,0,0,0,0,14,2,8,1636,MILWAUKEE AVE,41.817354,-87.705779,08/13/2018 03:13:00 PM,2018
CR00032259,12/17/2016 03:55:00 PM,15,CLEAR,DARKNESS - LIGHTED ROAD,PARKED MOTOR VEHICLE,NOT DIVIDED,STOP SIGN/FLASHER,UNABLE TO DETERMINE,NOT APPLICABLE,0,0,0,0,15,7,12,1838,HALSTED ST,41.860883,-87.743237,12/17/2016 05:31:00 PM,2016
CR00032260,03/08/2016 08:57:00 PM,40,CLEAR,DAYLIGHT,ANGLE,DIVIDED - W/MEDIAN BARRIER,TRAFFIC SIGNAL,WEATHER,FOLLOWING TOO CLOSELY,0,0,1,1,20,3,3,1530,79TH ST,41.747053,-87.806439,03/08/2016 09:32:00 PM,2016
CR00032261,03/27/2016 01:13:00 PM,30,CLEAR,DAYLIGHT,REAR END,NOT DIVIDED,TRAFFIC SIGNAL,WEATHER,UNABLE TO DETERMINE,0,0,0,0,13,1,3,1566,IRVING PARK RD,41.957844,-87.579731,03/27/2016 01:32:00 PM,2016
CR00032262,11/21/2022 02:50:00 PM,15,CLEAR,DARKNESS - LIGHTED ROAD,FIXED OBJECT,FOUR WAY,UNKNOWN,UNABLE TO DETERMINE,UNABLE TO DETERMINE,0,0,0,0,14,2,11,1037,MILWAUKEE AVE,41.786383,-87.587548,11/21/2022 04:04:00 PM,2022
CR00032263,04/02/2023 04:27:00 PM,30,RAIN,DUSK,TURNING,ONE-WAY,STOP SIGN/FLASHER,FAILING TO REDUCE SPEED,UNABLE TO DETERMINE,0,0,0,0,16,1,4,280,CICERO AVE,41.779642,-87.596569,04/02/2023 05:31:00 PM,2023
CR00032264,07/03/2023 07:46:00 PM,30,FOG/SMOKE/HAZE,DAYLIGHT,REAR TO FRONT,NOT DIVIDED,NO CONTROLS,DISREGARDING TRAFFIC SIGNALS,IMPROPER LANE USAGE,0,0,0,0,19,2,7,2230,KEDZIE AVE,41.98464,-87.503417,07/03/2023 08:09:00 PM,2023
CR00032265,06/28/2015 04:25:00 PM,30,CLEAR,DARKNESS,PARKED MOTOR VEHICLE,DIVIDED - W/MEDIAN BARRIER,STOP SIGN/FLASHER,DISREGARDING TRAFFIC SIGNALS,FAILING TO YIELD RIGHT-OF-WAY,0,0,0,0,16,1,6,1599,WESTERN AVE,41.823298,-87.609504,06/28/2015 05:36:00 PM,2015
CR00032266,11/05/2023 06:39:00 PM,15,RAIN,DAYLIGHT,REAR END,NOT DIVIDED,NO CONTROLS,UNABLE TO DETERMINE,DISREGARDING TRAFFIC SIGNALS,0,0,1,1,18,1,11,1393,HALSTED ST,41.701875,-87.599425,11/05/2023 08:38:00 PM,2023
CR00032267,03/09/2020 04:33:00 PM,35,CLEAR,DAYLIGHT,SIDESWIPE SAME DIRECTION,NOT DIVIDED,NO CONTROLS,FOLLOWING TOO CLOSELY,FAILING TO YIELD RIGHT-OF-WAY,0,0,0,0,16,2,3,1644,IRVING PARK RD,41.77145,-87.624511,03/09/2020 05:20:00 PM,2020
CR00032268,05/18/2015 02:10:00 PM,30,CLEAR,DAYLIGHT,REAR TO FRONT,DIVIDED - W/MEDIAN (NOT RAISED),TRAFFIC SIGNAL,IMPROPER OVERTAKING/PASSING,NOT APPLICABLE,0,0,3,3,14,2,5,2058,FULLERTON AVE,41.746471,-87.678604,05/18/2015 03:01:00 PM,2015
CR00032269,06/11/2015 06:16:00 PM,20,CLEAR,DAYLIGHT,REAR END,NOT DIVIDED,NO CONTROLS,UNABLE TO DETERMINE,DISREGARDING TRAFFIC SIGNALS,0,0,0,0,18,5,6,2126,STONY ISLAND AVE,41.915603,-87.775696,06/11/2015 07:59:00 PM,2015
CR00032270,01/02/2018 11:17:00 AM,30,CLEAR,DAYLIGHT,FIXED OBJECT,NOT DIVIDED,UNKNOWN,FOLLOWING TOO CLOSELY,IMPROPER OVERTAKING/PASSING,0,0,3,3,11,3,1,541,CALIFORNIA AVE,41.707559,-87.570539,01/02/2018 12:30:00 PM,2018
CR00032271,10/04/2015 09:23:00 AM,30,CLEAR,DAYLIGHT,SIDESWIPE SAME DIRECTION,ONE-WAY,TRAFFIC SIGNAL,FAILING TO YIELD RIGHT-OF-WAY,UNABLE TO DETERMINE,0,0,0,0,9,1,10,1786,CICERO AVE,41.894343,-87.65426,10/04/2015 10:48:00 AM,2015
CR00032272,04/17/2020 03:03:00 PM,30,CLEAR,DARKNESS - LIGHTED ROAD,FIXED OBJECT,DIVIDED - W/MEDIAN BARRIER,NO CONTROLS,UNABLE TO DETERMINE,NOT APPLICABLE,0,0,3,3,15,6,4,366,STONY ISLAND AVE,41.702205,-87.548508,04/17/2020 03:21:00 PM,2020
CR00032273,03/07/2021 05:53:00 PM,45,SNOW,DARKNESS - LIGHTED ROAD,TURNING,NOT DIVIDED,TRAFFIC SIGNAL,DISREGARDING TRAFFIC SIGNALS,FOLLOWING TOO CLOSELY,0,0,1,1,17,1,3,839,OGDEN AVE,41.831774,-87.683084,03/07/2021 06:40:00 PM,2021
CR00032274,12/11/2016 04:52:00 PM,40,CLEAR,DARKNESS - LIGHTED ROAD,REAR END,FOUR WAY,STOP SIGN/FLASHER,DRIVING SKILLS/KNOWLEDGE/EXPERIENCE,FOLLOWING TOO CLOSELY,0,1,1,2,16,1,12,1847,ELSTON AVE,41.805555,-87.81077,12/11/2016 06:47:00 PM,2016
CR00032275,02/20/2017 05:17:00 PM,25,CLOUDY/OVERCAST,DAYLIGHT,TURNING,DIVIDED - W/MEDIAN (NOT RAISED),TRAFFIC SIGNAL,FOLLOWING TOO CLOSELY,UNABLE TO DETERMINE,0,0,0,0,17,2,2,1270,KEDZIE AVE,41.701748,-87.789429,02/20/2017 05:53:00 PM,2017
CR00032276,11/15/2023 01:08:00 PM,45,CLEAR,DARKNESS - LIGHTED ROAD,TURNING,ONE-WAY,NO CONTROLS,UNABLE TO DETERMINE,FAILING TO REDUCE SPEED,0,0,0,0,13,4,11,1994,CICERO AVE,41.859676,-87.752344,11/15/2023 01:26:00 PM,2023
CR00032277,10/04/2023 08:11:00 AM,30,CLEAR,DAYLIGHT,TURNING,ONE-WAY,TRAFFIC SIGNAL,DISTRACTION - FROM INSIDE VEHICLE,UNABLE TO DETERMINE,0,0,1,1,8,4,10,2237,ARCHER AVE,41.784805,-87.512655,10/04/2023 08:51:00 AM,2023
CR00032278,06/15/2021 09:30:00 AM,30,CLEAR,DAYLIGHT,REAR END,DIVIDED - W/MEDIAN BARRIER,NO CONTROLS,WEATHER,UNABLE TO DETERMINE,0,0,0,0,9,3,6,1308,ROOSEVELT RD,41.835083,-87.822774,06/15/2021 09:51:00 AM,2021
CR00032279,08/24/2019 08:48:00 PM,20,CLEAR,DAYLIGHT,TURNING,DIVIDED - W/MEDIAN (NOT RAISED),STOP SIGN/FLASHER,UNABLE TO DETERMINE,DRIVING SKILLS/KNOWLEDGE/EXPERIENCE,0,1,3,4,20,7,8,2082,PULASKI RD,41.87898,-87.650213,08/24/2019 09:32:00 PM,2019
CR00032280,09/13/2015 04:57:00 PM,35,CLEAR,DAYLIGHT,PARKED MOTOR VEHICLE,DIVIDED - W/MEDIAN (NOT RAISED),TRAFFIC SIGNAL,DISTRACTION - FROM INSIDE VEHICLE,FAILING TO YIELD RIGHT-OF-WAY,0,0,0,0,16,1,9,2156,ELSTON AVE,41.960584,-87.807751,09/13/2015 06:03:00 PM,2015
CR00032281,06/28/2021 04:34:00 PM,20,RAIN,DARKNESS,REAR END,NOT DIVIDED,STOP SIGN/FLASHER,UNABLE TO DETERMINE,NOT APPLICABLE,0,0,0,0,16,2,6,309,ARCHER AVE,41.841711,-87.556057,06/28/2021 05:31:00 PM,2021
CR00032282,02/06/2016 08:00:00 PM,35,CLOUDY/OVERCAST,DAYLIGHT,TURNING,T-INTERSECTION,STOP SIGN/FLASHER,FAILING TO YIELD RIGHT-OF-WAY,UNABLE TO DETERMINE,0,0,0,0,20,7,2,753,ELSTON AVE,41.92739,-87.514995,02/06/2016 09:40:00 PM,2016
CR00032283,04/19/2020 04:02:00 PM,15,CLEAR,DAYLIGHT,PEDESTRIAN,NOT DIVIDED,TRAFFIC SIGNAL,FAILING TO REDUCE SPEED,IMPROPER LANE USAGE,0,0,0,0,16,1,4,2508,CLARK ST,41.885207,-87.810718,04/19/2020 04:19:00 PM,2020
CR00032284,05/04/2016 04:46:00 PM,30,CLEAR,DAYLIGHT,SIDESWIPE SAME DIRECTION,FOUR WAY,TRAFFIC SIGNAL,DRIVING SKILLS/KNOWLEDGE/EXPERIENCE,UNABLE TO DETERMINE,0,0,1,1,16,4,5,427,DIVISION ST,41.914735,-87.838844,05/04/2016 05:37:00 PM,2016
CR00032285,11/07/2016 05:34:00 PM,25,CLEAR,DARKNESS - LIGHTED ROAD,REAR END,FOUR WAY,TRAFFIC SIGNAL,UNABLE TO DETERMINE,IMPROPER OVERTAKING/PASSING,0,0,0,0,17,2,11,150,ELSTON AVE,41.956442,-87.512399,11/07/2016 07:14:00 PM,2016
CR00032286,03/25/2018 06:46:00 PM,30,CLEAR,DAYLIGHT,REAR END,ONE-WAY,YIELD,UNABLE TO DETERMINE,DISREGARDING TRAFFIC SIGNALS,0,0,0,0,18,1,3,1382,MICHIGAN AVE,41.709467,-87.562627,03/25/2018 07:20:00 PM,2018
CR00032287,05/11/2024 01:48:00 PM,40,CLEAR,DAYLIGHT,PARKED MOTOR VEHICLE,NOT DIVIDED,NO CONTROLS,FOLLOWING TOO CLOSELY,UNABLE TO DETERMINE,0,0,0,0,13,7,5,1017,CALIFORNIA AVE,41.988832,-87.641403,05/11/2024 03:38:00 PM,2024
CR00032288,08/27/2022 10:49:00 AM,30,CLEAR,DARKNESS - LIGHTED ROAD,PARKED MOTOR VEHICLE,ONE-WAY,STOP SIGN/FLASHER,WEATHER,UNABLE TO DETERMINE,0,0,0,0,10,7,8,1788,79TH ST,41.80635,-87.599415,08/27/2022 12:49:00 PM,2022
CR00032289,09/17/2018 03:03:00 PM,20,CLEAR,DAYLIGHT,TURNING,FOUR WAY,NO CONTROLS,FAILING TO REDUCE SPEED,UNABLE TO DETERMINE,0,0,1,1,15,2,9,2505,ELSTON AVE,41.886208,-87.830303,09/17/2018 03:33:00 PM,2018
CR00032290,01/07/2021 06:10:00 PM,20,CLEAR,DAYLIGHT,TURNING,FOUR WAY,TRAFFIC SIGNAL,DISTRACTION - FROM INSIDE VEHICLE,DISTRACTION - FROM INSIDE VEHICLE,0,0,0,0,18,5,1,1002,ROOSEVELT RD,41.841868,-87.701935,01/07/2021 07:18:00 PM,2021
CR00032291,07/12/2021 07:38:00 AM,35,CLEAR,DAYLIGHT,REAR TO FRONT,ONE-WAY,TRAFFIC SIGNAL,DRIVING SKILLS/KNOWLEDGE/EXPERIENCE,UNABLE TO DETERMINE,0,0,0,0,7,2,7,2261,DIVISION ST,41.717317,-87.724065,07/12/2021 09:37:00 AM,2021
CR00032292,01/31/2018 03:42:00 AM,30,CLEAR,DAYLIGHT,REAR END,NOT DIVIDED,NO CONTROLS,FAILING TO YIELD RIGHT-OF-WAY,NOT APPLICABLE,0,2,2,4,3,4,1,807,DIVISION ST,41.851568,-87.540377,01/31/2018 04:15:00 AM,2018
CR00032293,04/04/2024 05:13:00 PM,20,CLEAR,DARKNESS - LIGHTED ROAD,REAR END,DIVIDED - W/MEDIAN (NOT RAISED),UNKNOWN,UNABLE TO DETERMINE,FOLLOWING TOO CLOSELY,0,0,0,0,17,5,4,1413,OGDEN AVE,41.788004,-87.836935,04/04/2024 06:38:00 PM,2024
CR00032294,08/09/2015 03:09:00 PM,45,SNOW,DAYLIGHT,PARKED MOTOR VEHICLE,NOT DIVIDED,TRAFFIC SIGNAL,FOLLOWING TOO CLOSELY,UNABLE TO DETERMINE,0,0,0,0,15,1,8,974,IRVING PARK RD,41.807513,-87.772458,08/09/2015 04:55:00 PM,2015
CR00032295,03/12/2017 08:14:00 PM,45,CLEAR,DARKNESS,REAR TO FRONT,NOT DIVIDED,STOP SIGN/FLASHER,UNABLE TO DETERMINE,WEATHER,0,0,0,0,20,1,3,1769,79TH ST,41.895948,-87.610205,03/12/2017 09:31:00 PM,2017
CR00032296,11/06/2017 09:25:00 AM,25,CLEAR,DARKNESS - LIGHTED ROAD,ANGLE,NOT DIVIDED,TRAFFIC SIGNAL,FOLLOWING TOO CLOSELY,DRIVING SKILLS/KNOWLEDGE/EXPERIENCE,0,0,0,0,9,2,11,2248,ASHLAND AVE,41.868113,-87.523311,11/06/2017 10:47:00 AM,2017
CR00032297,03/06/2020 11:21:00 AM,15,CLEAR,DAYLIGHT,REAR END,ONE-WAY,TRAFFIC SIGNAL,FAILING TO REDUCE SPEED,UNABLE TO DETERMINE,0,0,1,1,11,6,3,1880,FULLERTON AVE,41.852531,-87.710953,03/06/2020 12:43:00 PM,2020
CR00032298,04/03/2021 08:46:00 PM,20,CLEAR,DAYLIGHT,REAR END,T-INTERSECTION,NO CONTROLS,UNABLE TO DETERMINE,UNABLE TO DETERMINE,0,0,0,0,20,7,4,570,BROADWAY,41.84256,-87.598252,04/03/2021 10:33:00 PM,2021
CR00032299,09/11/2018 04:15:00 PM,30,CLEAR,DAYLIGHT,PEDESTRIAN,NOT DIVIDED,NO CONTROLS,WEATHER,UNABLE TO DETERMINE,0,0,0,0,16,3,9,190,ELSTON AVE,41.993597,-87.834874,09/11/2018 05:35:00 PM,2018
CR00032300,10/28/2021 12:52:00 PM,30,CLEAR,DARKNESS - LIGHTED ROAD,TURNING,ONE-WAY,UNKNOWN,FOLLOWING TOO CLOSELY,NOT APPLICABLE,0,0,0,0,12,5,10,407,ASHLAND AVE,41.907772,-87.681709,10/28/2021 02:43:00 PM,2021
CR00032301,12/26/2015 02:19:00 PM,35,CLEAR,DAYLIGHT,PARKED MOTOR VEHICLE,NOT DIVIDED,NO CONTROLS,IMPROPER OVERTAKING/PASSING,NOT APPLICABLE,0,0,1,1,14,7,12,252,DAMEN AVE,41.738726,-87.553882,12/26/2015 03:57:00 PM,2015
CR00032302,11/09/2022 08:26:00 AM,30,CLEAR,DARKNESS,TURNING,NOT DIVIDED,STOP SIGN/FLASHER,DRIVING SKILLS/KNOWLEDGE/EXPERIENCE,IMPROPER LANE USAGE,0,0,0,0,8,4,11,1974,STONY ISLAND AVE,41.940379,-87.732315,11/09/2022 09:39:00 AM,2022
CR00032303,01/30/2021 06:47:00 PM,30,CLEAR,DUSK,FIXED OBJECT,FOUR WAY,TRAFFIC SIGNAL,UNABLE TO DETERMINE,FAILING TO YIELD RIGHT-OF-WAY,0,0,0,0,18,7,1,1295,STATE ST,41.727123,-87.649799,01/30/2021 07:24:00 PM,2021
CR00032304,12/13/2015 08:02:00 AM,30,CLEAR,DARKNESS - LIGHTED ROAD,REAR END,DIVIDED - W/MEDIAN BARRIER,TRAFFIC SIGNAL,IMPROPER OVERTAKING/PASSING,FAILING TO REDUCE SPEED,0,0,0,0,8,1,12,785,OGDEN AVE,41.855809,-87.611428,12/13/2015 08:06:00 AM,2015
CR00032305,03/22/2018 09:40:00 AM,35,CLEAR,DAYLIGHT,SIDESWIPE SAME DIRECTION,T-INTERSECTION,NO CONTROLS,FAILING TO YIELD RIGHT-OF-WAY,NOT APPLICABLE,0,0,0,0,9,5,3,282,DIVISION ST,41.889792,-87.684294,03/22/2018 10:47:00 AM,2018
CR00032306,06/14/2016 02:17:00 PM,45,CLOUDY/OVERCAST,DAYLIGHT,REAR END,NOT DIVIDED,NO CONTROLS,DISTRACTION - FROM INSIDE VEHICLE,UNABLE TO DETERMINE,0,0,0,0,14,3,6,1294,OGDEN AVE,41.91401,-87.544938,06/14/2016 04:12:00 PM,2016
CR00032307,09/26/2019 10:57:00 AM,20,CLEAR,DAYLIGHT,REAR END,DIVIDED - W/MEDIAN BARRIER,TRAFFIC SIGNAL,FOLLOWING TOO CLOSELY,FAILING TO YIELD RIGHT-OF-WAY,0,0,0,0,10,5,9,1206,ARCHER AVE,41.907526,-87.581774,09/26/2019 11:05:00 AM,2019
CR00032308,11/25/2020 11:54:00 AM,35,CLEAR,DARKNESS,FIXED OBJECT,FOUR WAY,UNKNOWN,UNABLE TO DETERMINE,NOT APPLICABLE,0,0,0,0,11,4,11,2053,MILWAUKEE AVE,41.779429,-87.731492,11/25/2020 01:49:00 PM,2020
CR00032309,06/07/2021 05:20:00 PM,15,CLEAR,DAWN,TURNING,DIVIDED - W/MEDIAN (NOT RAISED),TRAFFIC SIGNAL,UNABLE TO DETERMINE,IMPROPER OVERTAKING/PASSING,0,0,0,0,17,2,6,890,CLARK ST,41.790463,-87.792133,06/07/2021 05:23:00 PM,2021
CR00032310,12/13/2019 03:53:00 PM,45,CLEAR,DAYLIGHT,ANGLE,DIVIDED - W/MEDIAN (NOT RAISED),NO CONTROLS,FOLLOWING TOO CLOSELY,DRIVING SKILLS/KNOWLEDGE/EXPERIENCE,0,0,2,2,15,6,12,1139,FULLERTON AVE,41.844584,-87.504264,12/13/2019 04:06:00 PM,2019
CR00032311,03/12/2023 10:44:00 AM,30,CLEAR,DAYLIGHT,REAR END,T-INTERSECTION,YIELD,FAILING TO YIELD RIGHT-OF-WAY,NOT APPLICABLE,0,0,0,0,10,1,3,2341,CLARK ST,41.919912,-87.726951,03/12/2023 11:24:00 AM,2023
CR00032312,03/05/2020 09:38:00 AM,30,CLEAR,DAYLIGHT,REAR END,NOT DIVIDED,STOP SIGN/FLASHER,DRIVING SKILLS/KNOWLEDGE/EXPERIENCE,DISTRACTION - FROM INSIDE VEHICLE,0,0,0,0,9,5,3,2064,ROOSEVELT RD,41.9649,-87.583251,03/05/2020 10:48:00 AM,2020
CR00032313,02/26/2024 10:02:00 AM,30,RAIN,DAYLIGHT,REAR END,T-INTERSECTION,NO CONTROLS,UNABLE TO DETERMINE,DRIVING SKILLS/KNOWLEDGE/EXPERIENCE,0,0,0,0,10,2,2,1928,STATE ST,41.753746,-87.642791,02/26/2024 10:18:00 AM,2024
CR00032314,04/08/2022 10:45:00 AM,40,CLEAR,DAYLIGHT,REAR END,ONE-WAY,STOP SIGN/FLASHER,FAILING TO YIELD RIGHT-OF-WAY,UNABLE TO DETERMINE,0,0,1,1,10,6,4,632,CALIFORNIA AVE,41.815016,-87.651831,04/08/2022 11:54:00 AM,2022
CR00032315,12/23/2016 03:27:00 PM,35,RAIN,DAYLIGHT,SIDESWIPE SAME DIRECTION,ONE-WAY,STOP SIGN/FLASHER,UNABLE TO DETERMINE,UNABLE TO DETERMINE,0,0,0,0,15,6,12,1725,ARCHER AVE,41.83897,-87.505095,12/23/2016 04:06:00 PM,2016
CR00032316,06/21/2015 08:16:00 AM,30,RAIN,DARKNESS - LIGHTED ROAD,PEDESTRIAN,NOT DIVIDED,NO CONTROLS,IMPROPER LANE USAGE,NOT APPLICABLE,0,0,1,1,8,1,6,1268,63RD ST,41.840957,-87.686052,06/21/2015 09:42:00 AM,2015
CR00032317,09/02/2022 11:35:00 AM,30,CLEAR,DAYLIGHT,REAR END,NOT DIVIDED,NO CONTROLS,FAILING TO REDUCE SPEED,DISREGARDING TRAFFIC SIGNALS,0,0,0,0,11,6,9,908,PULASKI RD,41.772126,-87.641058,09/02/2022 01:17:00 PM,2022
CR00032318,06/15/2022 05:39:00 PM,35,CLEAR,DAYLIGHT,FIXED OBJECT,DIVIDED - W/MEDIAN BARRIER,NO CONTROLS,DISTRACTION - FROM INSIDE VEHICLE,IMPROPER OVERTAKING/PASSING,0,0,1,1,17,4,6,361,DAMEN AVE,41.906821,-87.659405,06/15/2022 06:39:00 PM,2022
CR00032319,06/01/2016 04:58:00 PM,25,CLEAR,DAYLIGHT,REAR END,DIVIDED - W/MEDIAN (NOT RAISED),NO CONTROLS,UNABLE TO DETERMINE,UNABLE TO DETERMINE,0,0,0,0,16,4,6,1321,OGDEN AVE,41.777958,-87.827319,06/01/2016 06:03:00 PM,2016
CR00032320,07/20/2020 09:44:00 AM,25,CLOUDY/OVERCAST,DAYLIGHT,REAR END,ONE-WAY,NO CONTROLS,FAILING TO YIELD RIGHT-OF-WAY,NOT APPLICABLE,0,0,0,0,9,2,7,351,CICERO AVE,41.965143,-87.690148,07/20/2020 10:20:00 AM,2020
CR00032321,11/12/2017 06:16:00 AM,45,RAIN,DARKNESS - LIGHTED ROAD,REAR END,NOT DIVIDED,NO CONTROLS,IMPROPER OVERTAKING/PASSING,FAILING TO YIELD RIGHT-OF-WAY,0,0,0,0,6,1,11,1727,47TH ST,41.790065,-87.743645,11/12/2017 07:28:00 AM,2017
CR00032322,09/10/2018 04:44:00 PM,15,CLEAR,DAYLIGHT,REAR TO FRONT,DIVIDED - W/MEDIAN BARRIER,TRAFFIC SIGNAL,FOLLOWING TOO CLOSELY,FAILING TO YIELD RIGHT-OF-WAY,0,0,0,0,16,2,9,1144,MILWAUKEE AVE,41.924572,-87.673574,09/10/2018 05:05:00 PM,2018
CR00032323,07/16/2018 02:59:00 AM,30,CLEAR,DAYLIGHT,REAR END,ONE-WAY,NO CONTROLS,FAILING TO REDUCE SPEED,DRIVING SKILLS/KNOWLEDGE/EXPERIENCE,0,0,0,0,2,2,7,1737,MICHIGAN AVE,41.85858,-87.566981,07/16/2018 03:55:00 AM,2018
CR00032324,06/06/2024 02:56:00 PM,35,CLEAR,DAYLIGHT,ANGLE,DIVIDED - W/MEDIAN (NOT RAISED),NO CONTROLS,DRIVING SKILLS/KNOWLEDGE/EXPERIENCE,IMPROPER OVERTAKING/PASSING,0,0,0,0,14,5,6,2077,KEDZIE AVE,41.788762,-87.830615,06/06/2024 03:38:00 PM,2024
CR00032325,09/07/2024 02:54:00 PM,20,CLEAR,DAYLIGHT,REAR END,DIVIDED - W/MEDIAN (NOT RAISED),STOP SIGN/FLASHER,IMPROPER OVERTAKING/PASSING,NOT APPLICABLE,0,0,1,1,14,7,9,824,IRVING PARK RD,41.899986,-87.726982,09/07/2024 04:50:00 PM,2024
CR00032326,06/15/2021 08:52:00 AM,15,CLEAR,DAYLIGHT,REAR END,DIVIDED - W/MEDIAN (NOT RAISED),NO CONTROLS,DISTRACTION - FROM INSIDE VEHICLE,FOLLOWING TOO CLOSELY,0,0,0,0,8,3,6,420,DAMEN AVE,41.765435,-87.516518,06/15/2021 08:58:00 AM,2021
CR00032327,05/27/2017 11:14:00 AM,40,RAIN,DAYLIGHT,REAR END,NOT DIVIDED,UNKNOWN,FAILING TO YIELD RIGHT-OF-WAY,DISREGARDING TRAFFIC SIGNALS,0,0,0,0,11,7,5,1147,PULASKI RD,41.826236,-87.776131,05/27/2017 12:20:00 PM,2017
CR00032328,03/15/2020 11:00:00 AM,30,CLEAR,DAYLIGHT,PEDESTRIAN,NOT DIVIDED,TRAFFIC SIGNAL,FOLLOWING TOO CLOSELY,IMPROPER LANE USAGE,0,0,0,0,11,1,3,721,CLARK ST,41.935058,-87.572652,03/15/2020 11:32:00 AM,2020
CR00032329,09/04/2018 08:52:00 AM,40,RAIN,DARKNESS - LIGHTED ROAD,SIDESWIPE SAME DIRECTION,DIVIDED - W/MEDIAN (NOT RAISED),NO CONTROLS,IMPROPER OVERTAKING/PASSING,FOLLOWING TOO CLOSELY,0,0,0,0,8,3,9,2392,IRVING PARK RD,41.750667,-87.61671,09/04/2018 09:03:00 AM,2018
CR00032330,04/18/2021 01:19:00 PM,15,CLEAR,DAYLIGHT,FIXED OBJECT,ONE-WAY,TRAFFIC SIGNAL,FAILING TO YIELD RIGHT-OF-WAY,IMPROPER OVERTAKING/PASSING,0,0,0,0,13,1,4,195,CALIFORNIA AVE,41.864893,-87.652668,04/18/2021 01:27:00 PM,2021
CR00032331,09/01/2022 08:20:00 AM,30,CLOUDY/OVERCAST,DARKNESS,PARKED MOTOR VEHICLE,DIVIDED - W/MEDIAN BARRIER,TRAFFIC SIGNAL,FAILING TO YIELD RIGHT-OF-WAY,DISREGARDING TRAFFIC SIGNALS,0,0,0,0,8,5,9,2057,STATE ST,41.772338,-87.554058,09/01/2022 10:01:00 AM,2022
CR00032332,02/04/2024 04:26:00 PM,35,CLEAR,DARKNESS - LIGHTED ROAD,TURNING,NOT DIVIDED,NO CONTROLS,IMPROPER OVERTAKING/PASSING,FOLLOWING TOO CLOSELY,0,0,0,0,16,1,2,217,79TH ST,41.908566,-87.586378,02/04/2024 06:22:00 PM,2024
CR00032333,11/09/2020 09:00:00 AM,30,CLEAR,DAYLIGHT,PEDESTRIAN,DIVIDED - W/MEDIAN (NOT RAISED),NO CONTROLS,UNABLE TO DETERMINE,FOLLOWING TOO CLOSELY,0,0,0,0,9,2,11,1540,IRVING PARK RD,41.758429,-87.601592,11/09/2020 10:09:00 AM,2020
CR00032334,11/30/2016 11:06:00 AM,40,RAIN,DAYLIGHT,PEDESTRIAN,ONE-WAY,UNKNOWN,UNABLE TO DETERMINE,UNABLE TO DETERMINE,0,0,0,0,11,4,11,2037,BROADWAY,41.731229,-87.728881,11/30/2016 11:20:00 AM,2016
CR00032335,12/20/2024 08:49:00 AM,30,CLEAR,DARKNESS - LIGHTED ROAD,REAR END,DIVIDED - W/MEDIAN (NOT RAISED),TRAFFIC SIGNAL,UNABLE TO DETERMINE,WEATHER,0,0,1,1,8,6,12,2029,KEDZIE AVE,41.887364,-87.753434,12/20/2024 09:38:00 AM,2024
CR00032336,05/20/2022 04:39:00 PM,30,RAIN,DARKNESS - LIGHTED ROAD,TURNING,NOT DIVIDED,NO CONTROLS,FAILING TO REDUCE SPEED,FAILING TO YIELD RIGHT-OF-WAY,0,0,1,1,16,6,5,1688,DAMEN AVE,41.935507,-87.543761,05/20/2022 05:50:00 PM,2022
CR00032337,05/03/2022 12:08:00 PM,30,CLEAR,DAYLIGHT,PEDESTRIAN,NOT DIVIDED,STOP SIGN/FLASHER,UNABLE TO DETERMINE,UNABLE TO DETERMINE,0,0,0,0,12,3,5,2137,DAMEN AVE,41.714718,-87.50001,05/03/2022 01:06:00 PM,2022