CRASH_RECORD_ID,CRASH_DATE,POSTED_SPEED_LIMIT,WEATHER_CONDITION,LIGHTING_CONDITION,FIRST_CRASH_TYPE,TRAFFICWAY_TYPE,TRAFFIC_CONTROL_DEVICE,PRIM_CONTRIBUTORY_CAUSE,SEC_CONTRIBUTORY_CAUSE,INJURIES_FATAL,INJURIES_INCAPACITATING,INJURIES_NON_INCAPACITATING,INJURIES_TOTAL,CRASH_HOUR,CRASH_DAY_OF_WEEK,CRASH_MONTH,BEAT_OF_OCCURRENCE,STREET_NAME,LATITUDE,LONGITUDE,DATE_POLICE_NOTIFIED,year
CR00032338,03/12/2016 11:00:00 AM,40,CLEAR,DARKNESS - LIGHTED ROAD,TURNING,FOUR WAY,YIELD,FAILING TO YIELD RIGHT-OF-WAY,NOT APPLICABLE,0,0,0,0,11,7,3,2468,LAKE SHORE DR,41.70519,-87.684284,03/12/2016 12:26:00 PM,2016
CR00032339,03/27/2023 02:20:00 AM,35,CLOUDY/OVERCAST,DAYLIGHT,REAR END,ONE-WAY,NO CONTROLS,FOLLOWING TOO CLOSELY,FOLLOWING TOO CLOSELY,0,0,0,0,2,2,3,1282,DIVISION ST,41.800897,-87.836459,03/27/2023 03:08:00 AM,2023
CR00032340,01/06/2020 05:22:00 PM,20,CLEAR,DAYLIGHT,ANGLE,DIVIDED - W/MEDIAN (NOT RAISED),TRAFFIC SIGNAL,IMPROPER OVERTAKING/PASSING,FOLLOWING TOO CLOSELY,0,0,0,0,17,2,1,1176,LAKE SHORE DR,41.760256,-87.635573,01/06/2020 06:41:00 PM,2020
CR00032341,03/10/2023 11:56:00 AM,25,CLOUDY/OVERCAST,DUSK,REAR END,DIVIDED - W/MEDIAN (NOT RAISED),NO CONTROLS,DISTRACTION - FROM INSIDE VEHICLE,DISREGARDING TRAFFIC SIGNALS,0,0,0,0,11,6,3,1828,WESTERN AVE,41.767793,-87.593505,03/10/2023 12:26:00 PM,2023
CR00032342,11/27/2015 09:07:00 AM,35,CLOUDY/OVERCAST,DARKNESS - LIGHTED ROAD,REAR END,NOT DIVIDED,TRAFFIC SIGNAL,FAILING TO YIELD RIGHT-OF-WAY,IMPROPER LANE USAGE,0,0,0,0,9,6,11,2066,STONY ISLAND AVE,41.767814,-87.771961,11/27/2015 10:39:00 AM,2015
CR00032343,02/24/2018 01:12:00 PM,40,CLEAR,DAYLIGHT,REAR TO FRONT,NOT DIVIDED,NO CONTROLS,DISTRACTION - FROM INSIDE VEHICLE,IMPROPER OVERTAKING/PASSING,0,2,1,3,13,7,2,1138,79TH ST,41.808783,-87.526782,02/24/2018 03:05:00 PM,2018
CR00032344,04/12/2015 06:28:00 PM,30,CLEAR,DARKNESS - LIGHTED ROAD,SIDESWIPE SAME DIRECTION,NOT DIVIDED,NO CONTROLS,FOLLOWING TOO CLOSELY,UNABLE TO DETERMINE,0,0,0,0,18,1,4,282,STONY ISLAND AVE,41.861662,-87.682262,04/12/2015 06:29:00 PM,2015
CR00032345,10/15/2019 03:51:00 PM,30,CLEAR,DAYLIGHT,SIDESWIPE SAME DIRECTION,NOT DIVIDED,NO CONTROLS,FAILING TO REDUCE SPEED,IMPROPER LANE USAGE,0,0,3,3,15,3,10,1965,CALIFORNIA AVE,41.755087,-87.551457,10/15/2019 04:04:00 PM,2019
CR00032346,02/19/2023 08:12:00 PM,40,CLEAR,DARKNESS,REAR TO FRONT,DIVIDED - W/MEDIAN (NOT RAISED),TRAFFIC SIGNAL,DISTRACTION - FROM INSIDE VEHICLE,DISREGARDING TRAFFIC SIGNALS,0,0,0,0,20,1,2,725,HALSTED ST,41.972478,-87.640461,02/19/2023 10:07:00 PM,2023
CR00032347,03/12/2022 11:02:00 PM,35,CLEAR,DAWN,ANGLE,ONE-WAY,UNKNOWN,DISTRACTION - FROM INSIDE VEHICLE,NOT APPLICABLE,0,0,0,0,23,7,3,674,63RD ST,41.826898,-87.581779,03/13/2022 12:38:00 AM,2022
CR00032348,07/11/2015 03:54:00 PM,15,CLEAR,DARKNESS - LIGHTED ROAD,REAR END,NOT DIVIDED,NO CONTROLS,DISTRACTION - FROM INSIDE VEHICLE,UNABLE TO DETERMINE,0,1,0,1,15,7,7,1574,63RD ST,41.768321,-87.540106,07/11/2015 05:27:00 PM,2015
CR00032349,03/01/2018 10:46:00 PM,40,CLEAR,DAYLIGHT,PEDESTRIAN,DIVIDED - W/MEDIAN (NOT RAISED),STOP SIGN/FLASHER,UNABLE TO DETERMINE,UNABLE TO DETERMINE,0,0,0,0,22,5,3,487,79TH ST,41.962869,-87.532814,03/01/2018 11:00:00 PM,2018
CR00032350,02/11/2018 01:14:00 AM,20,RAIN,DAYLIGHT,SIDESWIPE SAME DIRECTION,NOT DIVIDED,NO CONTROLS,UNABLE TO DETERMINE,UNABLE TO DETERMINE,0,0,2,2,1,1,2,1687,DIVISION ST,41.95473,-87.574,02/11/2018 02:18:00 AM,2018
CR00032351,12/29/2024 09:36:00 PM,30,CLEAR,DAYLIGHT,ANGLE,FOUR WAY,NO CONTROLS,FAILING TO YIELD RIGHT-OF-WAY,FOLLOWING TOO CLOSELY,0,0,0,0,21,1,12,1797,CLARK ST,41.855759,-87.818959,12/29/2024 09:59:00 PM,2024
CR00032352,05/05/2017 07:02:00 AM,15,CLOUDY/OVERCAST,DARKNESS,SIDESWIPE SAME DIRECTION,FOUR WAY,NO CONTROLS,IMPROPER LANE USAGE,FOLLOWING TOO CLOSELY,0,1,3,4,7,6,5,2047,ASHLAND AVE,41.849729,-87.80539,05/05/2017 08:16:00 AM,2017
CR00032353,11/14/2023 07:03:00 AM,45,CLEAR,DAYLIGHT,PEDESTRIAN,DIVIDED - W/MEDIAN BARRIER,TRAFFIC SIGNAL,UNABLE TO DETERMINE,NOT APPLICABLE,0,0,3,3,7,3,11,1805,ELSTON AVE,41.942385,-87.618819,11/14/2023 08:48:00 AM,2023
CR00032354,09/07/2023 04:46:00 PM,30,RAIN,DAYLIGHT,REAR END,DIVIDED - W/MEDIAN (NOT RAISED),TRAFFIC SIGNAL,FOLLOWING TOO CLOSELY,IMPROPER LANE USAGE,0,2,3,5,16,5,9,1538,CLARK ST,41.731888,-87.624304,09/07/2023 06:12:00 PM,2023
CR00032355,09/16/2023 04:47:00 PM,25,CLOUDY/OVERCAST,DAYLIGHT,PARKED MOTOR VEHICLE,NOT DIVIDED,NO CONTROLS,FAILING TO YIELD RIGHT-OF-WAY,FAILING TO YIELD RIGHT-OF-WAY,0,0,0,0,16,7,9,771,ARCHER AVE,41.927604,-87.522033,09/16/2023 05:22:00 PM,2023
CR00032356,12/03/2018 07:38:00 PM,35,RAIN,DARKNESS - LIGHTED ROAD,PARKED MOTOR VEHICLE,NOT DIVIDED,TRAFFIC SIGNAL,IMPROPER OVERTAKING/PASSING,FOLLOWING TOO CLOSELY,0,0,0,0,19,2,12,2374,OGDEN AVE,41.804166,-87.570158,12/03/2018 07:46:00 PM,2018
CR00032357,03/29/2018 01:27:00 PM,30,CLEAR,DAYLIGHT,REAR END,DIVIDED - W/MEDIAN (NOT RAISED),NO CONTROLS,UNABLE TO DETERMINE,UNABLE TO DETERMINE,0,0,0,0,13,5,3,1283,ARCHER AVE,41.908497,-87.718025,03/29/2018 02:27:00 PM,2018
CR00032358,08/29/2021 02:11:00 PM,45,CLEAR,DAYLIGHT,REAR END,FOUR WAY,NO CONTROLS,FAILING TO YIELD RIGHT-OF-WAY,FAILING TO YIELD RIGHT-OF-WAY,0,0,0,0,14,1,8,1852,OGDEN AVE,41.990154,-87.689254,08/29/2021 02:42:00 PM,2021
CR00032359,05/10/2020 08:13:00 AM,30,CLOUDY/OVERCAST,DAYLIGHT,TURNING,ONE-WAY,STOP SIGN/FLASHER,UNABLE TO DETERMINE,FOLLOWING TOO CLOSELY,0,0,1,1,8,1,5,607,HALSTED ST,41.864445,-87.801593,05/10/2020 09:49:00 AM,2020
CR00032360,03/12/2021 05:19:00 AM,20,CLEAR,DAYLIGHT,TURNING,DIVIDED - W/MEDIAN BARRIER,TRAFFIC SIGNAL,FOLLOWING TOO CLOSELY,UNABLE TO DETERMINE,0,0,0,0,5,6,3,1508,HALSTED ST,41.722495,-87.7651,03/12/2021 07:02:00 AM,2021
CR00032361,02/25/2016 05:04:00 PM,45,CLEAR,DAYLIGHT,REAR END,NOT DIVIDED,NO CONTROLS,FOLLOWING TOO CLOSELY,NOT APPLICABLE,0,0,0,0,17,5,2,2136,DAMEN AVE,41.953544,-87.77921,02/25/2016 05:55:00 PM,2016
CR00032362,03/22/2023 05:27:00 PM,30,FOG/SMOKE/HAZE,DAYLIGHT,REAR END,NOT DIVIDED,UNKNOWN,FOLLOWING TOO CLOSELY,FAILING TO REDUCE SPEED,0,0,0,0,17,4,3,1395,CICERO AVE,41.982504,-87.546608,03/22/2023 06:39:00 PM,2023
CR00032363,05/12/2016 05:09:00 AM,30,FOG/SMOKE/HAZE,DAYLIGHT,SIDESWIPE SAME DIRECTION,DIVIDED - W/MEDIAN BARRIER,TRAFFIC SIGNAL,UNABLE TO DETERMINE,NOT APPLICABLE,0,0,0,0,5,5,5,252,DIVISION ST,41.874451,-87.603018,05/12/2016 07:04:00 AM,2016
CR00032364,09/24/2017 02:54:00 PM,30,CLEAR,DAYLIGHT,REAR END,DIVIDED - W/MEDIAN (NOT RAISED),NO CONTROLS,FAILING TO YIELD RIGHT-OF-WAY,FAILING TO YIELD RIGHT-OF-WAY,0,0,0,0,14,1,9,2145,63RD ST,41.93183,-87.733917,09/24/2017 03:29:00 PM,2017
CR00032365,11/06/2018 05:33:00 PM,15,CLEAR,DAYLIGHT,PARKED MOTOR VEHICLE,NOT DIVIDED,TRAFFIC SIGNAL,UNABLE TO DETERMINE,UNABLE TO DETERMINE,0,0,0,0,17,3,11,295,KEDZIE AVE,41.764228,-87.836779,11/06/2018 05:51:00 PM,2018
CR00032366,08/19/2021 02:42:00 PM,30,CLEAR,DAYLIGHT,PARKED MOTOR VEHICLE,NOT DIVIDED,NO CONTROLS,UNABLE TO DETERMINE,UNABLE TO DETERMINE,0,0,2,2,14,5,8,2151,MICHIGAN AVE,41.984879,-87.550748,08/19/2021 03:49:00 PM,2021
CR00032367,11/22/2020 07:08:00 AM,20,CLEAR,DAYLIGHT,SIDESWIPE SAME DIRECTION,ONE-WAY,NO CONTROLS,UNABLE TO DETERMINE,FOLLOWING TOO CLOSELY,0,0,0,0,7,1,11,2055,DIVISION ST,41.751,-87.513048,11/22/2020 07:45:00 AM,2020
CR00032368,09/01/2015 04:42:00 PM,30,SNOW,DARKNESS,REAR END,DIVIDED - W/MEDIAN BARRIER,NO CONTROLS,FOLLOWING TOO CLOSELY,UNABLE TO DETERMINE,0,0,0,0,16,3,9,1445,MILWAUKEE AVE,41.908019,-87.795571,09/01/2015 05:46:00 PM,2015
CR00032369,05/29/2020 12:03:00 PM,30,FREEZING RAIN/DRIZZLE,DAYLIGHT,TURNING,FOUR WAY,STOP SIGN/FLASHER,DISTRACTION - FROM INSIDE VEHICLE,UNABLE TO DETERMINE,0,0,0,0,12,6,5,1939,ARCHER AVE,41.894531,-87.57535,05/29/2020 12:05:00 PM,2020
CR00032370,05/10/2021 01:54:00 PM,25,CLEAR,DAYLIGHT,SIDESWIPE SAME DIRECTION,ONE-WAY,NO CONTROLS,FAILING TO YIELD RIGHT-OF-WAY,UNABLE TO DETERMINE,0,0,0,0,13,2,5,682,MILWAUKEE AVE,41.770247,-87.627687,05/10/2021 02:51:00 PM,2021
CR00032371,10/19/2024 07:47:00 PM,25,CLEAR,DARKNESS - LIGHTED ROAD,REAR TO FRONT,DIVIDED - W/MEDIAN BARRIER,NO CONTROLS,FOLLOWING TOO CLOSELY,FOLLOWING TOO CLOSELY,0,0,0,0,19,7,10,135,ASHLAND AVE,41.844597,-87.592439,10/19/2024 09:36:00 PM,2024
CR00032372,09/26/2019 04:32:00 PM,35,CLEAR,DARKNESS - LIGHTED ROAD,TURNING,T-INTERSECTION,STOP SIGN/FLASHER,UNABLE TO DETERMINE,NOT APPLICABLE,0,0,0,0,16,5,9,2335,DAMEN AVE,41.864564,-87.714281,09/26/2019 05:17:00 PM,2019
CR00032373,07/23/2021 12:38:00 PM,15,CLEAR,DAYLIGHT,REAR TO FRONT,NOT DIVIDED,NO CONTROLS,IMPROPER LANE USAGE,DISREGARDING TRAFFIC SIGNALS,0,0,0,0,12,6,7,1428,ASHLAND AVE,41.759904,-87.661288,07/23/2021 12:54:00 PM,2021
CR00032374,08/11/2017 03:33:00 PM,15,CLEAR,DAYLIGHT,REAR END,DIVIDED - W/MEDIAN (NOT RAISED),NO CONTROLS,FOLLOWING TOO CLOSELY,DRIVING SKILLS/KNOWLEDGE/EXPERIENCE,0,0,0,0,15,6,8,287,ASHLAND AVE,41.981739,-87.675242,08/11/2017 04:15:00 PM,2017
CR00032375,01/20/2023 05:53:00 PM,35,SNOW,DAYLIGHT,FIXED OBJECT,NOT DIVIDED,NO CONTROLS,IMPROPER OVERTAKING/PASSING,UNABLE TO DETERMINE,0,0,0,0,17,6,1,1613,WESTERN AVE,41.782029,-87.583652,01/20/2023 06:42:00 PM,2023
CR00032376,05/15/2020 09:18:00 AM,25,FOG/SMOKE/HAZE,DAYLIGHT,TURNING,NOT DIVIDED,UNKNOWN,DISTRACTION - FROM INSIDE VEHICLE,FAILING TO YIELD RIGHT-OF-WAY,0,0,0,0,9,6,5,535,HALSTED ST,41.933789,-87.542726,05/15/2020 10:20:00 AM,2020
CR00032377,09/30/2019 05:02:00 PM,30,CLEAR,DAYLIGHT,REAR END,DIVIDED - W/MEDIAN (NOT RAISED),NO CONTROLS,UNABLE TO DETERMINE,FAILING TO YIELD RIGHT-OF-WAY,0,0,0,0,17,2,9,2284,WESTERN AVE,41.949391,-87.747489,09/30/2019 06:21:00 PM,2019
CR00032378,12/26/2015 07:18:00 PM,30,CLEAR,DARKNESS - LIGHTED ROAD,REAR END,NOT DIVIDED,NO CONTROLS,UNABLE TO DETERMINE,UNABLE TO DETERMINE,0,0,0,0,19,7,12,1834,STATE ST,41.806076,-87.589157,12/26/2015 07:33:00 PM,2015
CR00032379,08/07/2021 11:23:00 PM,35,CLEAR,DAYLIGHT,FIXED OBJECT,DIVIDED - W/MEDIAN (NOT RAISED),TRAFFIC SIGNAL,WEATHER,UNABLE TO DETERMINE,0,0,0,0,23,7,8,1530,ASHLAND AVE,41.899486,-87.676626,08/07/2021 11:28:00 PM,2021
CR00032380,03/28/2018 12:48:00 PM,20,SNOW,DARKNESS - LIGHTED ROAD,REAR END,FOUR WAY,NO CONTROLS,FAILING TO YIELD RIGHT-OF-WAY,DRIVING SKILLS/KNOWLEDGE/EXPERIENCE,0,0,0,0,12,4,3,2236,MILWAUKEE AVE,41.743156,-87.515658,03/28/2018 02:19:00 PM,2018
CR00032381,02/13/2018 03:16:00 PM,35,CLOUDY/OVERCAST,DAYLIGHT,TURNING,T-INTERSECTION,NO CONTROLS,UNABLE TO DETERMINE,UNABLE TO DETERMINE,0,0,1,1,15,3,2,1529,CICERO AVE,41.782084,-87.638515,02/13/2018 04:48:00 PM,2018
CR00032382,01/11/2018 05:39:00 PM,40,RAIN,DAWN,FIXED OBJECT,NOT DIVIDED,NO CONTROLS,FAILING TO REDUCE SPEED,DISREGARDING TRAFFIC SIGNALS,0,0,0,0,17,5,1,1443,CALIFORNIA AVE,41.982033,-87.813055,01/11/2018 06:00:00 PM,2018
CR00032383,03/17/2024 11:08:00 AM,20,CLEAR,DAYLIGHT,PARKED MOTOR VEHICLE,ONE-WAY,NO CONTROLS,UNABLE TO DETERMINE,DISTRACTION - FROM INSIDE VEHICLE,0,0,0,0,11,1,3,519,STONY ISLAND AVE,41.898413,-87.73233,03/17/2024 12:18:00 PM,2024
CR00032384,11/17/2015 01:36:00 AM,20,CLOUDY/OVERCAST,DUSK,TURNING,ONE-WAY,STOP SIGN/FLASHER,DRIVING SKILLS/KNOWLEDGE/EXPERIENCE,FAILING TO YIELD RIGHT-OF-WAY,0,0,0,0,1,3,11,1038,CICERO AVE,41.795925,-87.825137,11/17/2015 03:24:00 AM,2015
CR00032385,10/14/2023 06:07:00 PM,40,CLEAR,DAYLIGHT,SIDESWIPE SAME DIRECTION,NOT DIVIDED,STOP SIGN/FLASHER,FAILING TO YIELD RIGHT-OF-WAY,DRIVING SKILLS/KNOWLEDGE/EXPERIENCE,0,0,0,0,18,7,10,2409,47TH ST,41.725196,-87.736782,10/14/2023 07:02:00 PM,2023
CR00032386,12/17/2019 03:58:00 PM,20,CLEAR,DAYLIGHT,REAR END,NOT DIVIDED,PEDESTRIAN CROSSING SIGN,UNABLE TO DETERMINE,IMPROPER LANE USAGE,0,0,0,0,15,3,12,356,DIVISION ST,41.782454,-87.71799,12/17/2019 04:27:00 PM,2019
CR00032387,11/09/2023 03:27:00 AM,40,CLEAR,DARKNESS - LIGHTED ROAD,TURNING,NOT DIVIDED,YIELD,UNABLE TO DETERMINE,UNABLE TO DETERMINE,0,0,0,0,3,5,11,756,47TH ST,41.877974,-87.561987,11/09/2023 04:50:00 AM,2023
CR00032388,10/11/2017 05:41:00 PM,25,CLOUDY/OVERCAST,DAYLIGHT,REAR END,NOT DIVIDED,NO CONTROLS,IMPROPER LANE USAGE,FOLLOWING TOO CLOSELY,0,0,3,3,17,4,10,2010,MICHIGAN AVE,41.77237,-87.839246,10/11/2017 06:00:00 PM,2017
CR00032389,07/27/2016 04:44:00 PM,35,CLEAR,DAYLIGHT,REAR END,NOT DIVIDED,NO CONTROLS,FAILING TO REDUCE SPEED,DISTRACTION - FROM INSIDE VEHICLE,0,0,0,0,16,4,7,1592,HALSTED ST,41.821887,-87.634904,07/27/2016 05:01:00 PM,2016
CR00032390,02/06/2020 11:27:00 AM,40,CLEAR,DAYLIGHT,REAR TO FRONT,ONE-WAY,NO CONTROLS,DISTRACTION - FROM INSIDE VEHICLE,WEATHER,0,0,0,0,11,5,2,1852,PULASKI RD,41.830899,-87.82516,02/06/2020 11:57:00 AM,2020
CR00032391,04/13/2019 10:39:00 PM,30,CLEAR,DAWN,REAR TO FRONT,DIVIDED - W/MEDIAN BARRIER,NO CONTROLS,UNABLE TO DETERMINE,NOT APPLICABLE,0,0,0,0,22,7,4,1448,KEDZIE AVE,41.88355,-87.565376,04/14/2019 12:12:00 AM,2019
CR00032392,01/02/2015 08:10:00 PM,30,RAIN,DARKNESS,REAR TO FRONT,ONE-WAY,NO CONTROLS,DISTRACTION - FROM INSIDE VEHICLE,FOLLOWING TOO CLOSELY,0,0,1,1,20,6,1,1523,ROOSEVELT RD,41.862316,-87.714039,01/02/2015 10:03:00 PM,2015
CR00032393,08/12/2020 07:32:00 PM,40,CLEAR,DARKNESS - LIGHTED ROAD,REAR END,NOT DIVIDED,NO CONTROLS,FAILING TO YIELD RIGHT-OF-WAY,NOT APPLICABLE,0,0,0,0,19,4,8,1752,HALSTED ST,41.972929,-87.829166,08/12/2020 08:21:00 PM,2020
CR00032394,05/31/2020 03:54:00 PM,25,RAIN,DAYLIGHT,REAR END,DIVIDED - W/MEDIAN (NOT RAISED),NO CONTROLS,UNABLE TO DETERMINE,UNABLE TO DETERMINE,0,0,0,0,15,1,5,1516,ARCHER AVE,41.929187,-87.758928,05/31/2020 05:14:00 PM,2020
CR00032395,04/12/2023 10:39:00 PM,25,CLEAR,DARKNESS,TURNING,NOT DIVIDED,YIELD,FAILING TO YIELD RIGHT-OF-WAY,DRIVING SKILLS/KNOWLEDGE/EXPERIENCE,0,0,1,1,22,4,4,1919,ARCHER AVE,41.995251,-87.51136,04/13/2023 12:12:00 AM,2023
CR00032396,05/13/2021 06:13:00 PM,25,RAIN,DAYLIGHT,REAR END,DIVIDED - W/MEDIAN BARRIER,UNKNOWN,IMPROPER OVERTAKING/PASSING,IMPROPER LANE USAGE,0,0,1,1,18,5,5,409,79TH ST,41.818192,-87.564309,05/13/2021 07:07:00 PM,2021
CR00032397,07/22/2016 03:08:00 PM,25,RAIN,DAYLIGHT,REAR END,NOT DIVIDED,NO CONTROLS,UNABLE TO DETERMINE,UNABLE TO DETERMINE,0,0,0,0,15,6,7,674,OGDEN AVE,41.871442,-87.577617,07/22/2016 04:26:00 PM,2016
CR00032398,04/07/2018 09:19:00 AM,35,CLEAR,DAYLIGHT,REAR END,DIVIDED - W/MEDIAN BARRIER,STOP SIGN/FLASHER,IMPROPER LANE USAGE,NOT APPLICABLE,0,0,0,0,9,7,4,2285,DAMEN AVE,41.982939,-87.589092,04/07/2018 10:31:00 AM,2018
CR00032399,07/03/2017 01:59:00 PM,15,CLEAR,DAYLIGHT,TURNING,NOT DIVIDED,STOP SIGN/FLASHER,FOLLOWING TOO CLOSELY,UNABLE TO DETERMINE,0,0,0,0,13,2,7,2270,ARCHER AVE,41.81312,-87.809937,07/03/2017 03:52:00 PM,2017
CR00032400,01/02/2023 08:47:00 PM,30,CLEAR,DUSK,SIDESWIPE SAME DIRECTION,NOT DIVIDED,NO CONTROLS,DISREGARDING TRAFFIC SIGNALS,UNABLE TO DETERMINE,0,1,3,4,20,2,1,606,BROADWAY,41.700567,-87.828641,01/02/2023 10:18:00 PM,2023
CR00032401,12/30/2021 04:56:00 PM,30,CLEAR,DAWN,TURNING,NOT DIVIDED,STOP SIGN/FLASHER,IMPROPER OVERTAKING/PASSING,UNABLE TO DETERMINE,0,1,1,2,16,5,12,119,PULASKI RD,41.898237,-87.662054,12/30/2021 06:19:00 PM,2021
CR00032402,04/08/2019 03:08:00 PM,25,CLEAR,DUSK,FIXED OBJECT,DIVIDED - W/MEDIAN BARRIER,TRAFFIC SIGNAL,IMPROPER LANE USAGE,DRIVING SKILLS/KNOWLEDGE/EXPERIENCE,0,0,0,0,15,2,4,1372,STONY ISLAND AVE,41.939727,-87.556102,04/08/2019 04:32:00 PM,2019
CR00032403,10/22/2022 07:12:00 AM,40,RAIN,DUSK,TURNING,DIVIDED - W/MEDIAN (NOT RAISED),NO CONTROLS,IMPROPER LANE USAGE,DISTRACTION - FROM INSIDE VEHICLE,0,0,0,0,7,7,10,2303,DIVISION ST,41.808404,-87.746561,10/22/2022 08:58:00 AM,2022
CR00032404,09/20/2019 04:03:00 PM,30,CLEAR,DAYLIGHT,ANGLE,NOT DIVIDED,NO CONTROLS,UNABLE TO DETERMINE,UNABLE TO DETERMINE,0,0,3,3,16,6,9,150,DAMEN AVE,41.817515,-87.824293,09/20/2019 05:04:00 PM,2019
CR00032405,03/31/2022 07:12:00 AM,30,CLEAR,DAWN,SIDESWIPE SAME DIRECTION,NOT DIVIDED,NO CONTROLS,DISTRACTION - FROM INSIDE VEHICLE,NOT APPLICABLE,0,0,0,0,7,5,3,2361,ELSTON AVE,41.987313,-87.582906,03/31/2022 08:57:00 AM,2022
CR00032406,08/22/2022 11:02:00 AM,30,CLEAR,DAYLIGHT,ANGLE,DIVIDED - W/MEDIAN (NOT RAISED),STOP SIGN/FLASHER,FOLLOWING TOO CLOSELY,UNABLE TO DETERMINE,0,0,0,0,11,2,8,2481,CLARK ST,41.933001,-87.672554,08/22/2022 12:20:00 PM,2022
CR00032407,12/31/2023 08:01:00 AM,35,RAIN,DARKNESS - LIGHTED ROAD,PARKED MOTOR VEHICLE,T-INTERSECTION,STOP SIGN/FLASHER,UNABLE TO DETERMINE,FOLLOWING TOO CLOSELY,0,0,0,0,8,1,12,1911,KEDZIE AVE,41.752146,-87.817586,12/31/2023 09:14:00 AM,2023
CR00032408,04/13/2024 09:30:00 AM,30,CLEAR,DAYLIGHT,PARKED MOTOR VEHICLE,NOT DIVIDED,NO CONTROLS,DISREGARDING TRAFFIC SIGNALS,DISREGARDING TRAFFIC SIGNALS,0,0,0,0,9,7,4,2294,ROOSEVELT RD,41.887605,-87.719132,04/13/2024 11:27:00 AM,2024
CR00032409,11/23/2024 08:39:00 AM,15,CLEAR,DARKNESS - LIGHTED ROAD,TURNING,NOT DIVIDED,PEDESTRIAN CROSSING SIGN,FOLLOWING TOO CLOSELY,FAILING TO REDUCE SPEED,0,0,0,0,8,7,11,1653,STONY ISLAND AVE,41.980589,-87.620572,11/23/2024 09:03:00 AM,2024
CR00032410,09/16/2015 05:42:00 PM,35,CLEAR,DAYLIGHT,ANGLE,T-INTERSECTION,TRAFFIC SIGNAL,UNABLE TO DETERMINE,NOT APPLICABLE,0,0,0,0,17,4,9,1593,LAKE SHORE DR,41.994832,-87.82738,09/16/2015 06:13:00 PM,2015
CR00032411,12/30/2020 09:56:00 AM,20,CLOUDY/OVERCAST,DAYLIGHT,SIDESWIPE SAME DIRECTION,DIVIDED - W/MEDIAN (NOT RAISED),TRAFFIC SIGNAL,DRIVING SKILLS/KNOWLEDGE/EXPERIENCE,DRIVING SKILLS/KNOWLEDGE/EXPERIENCE,0,0,1,1,9,4,12,625,MICHIGAN AVE,41.959836,-87.711487,12/30/2020 11:40:00 AM,2020
CR00032412,02/21/2023 04:49:00 AM,25,CLEAR,DAYLIGHT,REAR END,NOT DIVIDED,STOP SIGN/FLASHER,FOLLOWING TOO CLOSELY,UNABLE TO DETERMINE,0,0,0,0,4,3,2,1635,STONY ISLAND AVE,41.757895,-87.773224,02/21/2023 06:34:00 AM,2023
CR00032413,01/23/2016 07:33:00 AM,30,FOG/SMOKE/HAZE,DARKNESS - LIGHTED ROAD,TURNING,NOT DIVIDED,TRAFFIC SIGNAL,DRIVING SKILLS/KNOWLEDGE/EXPERIENCE,FAILING TO YIELD RIGHT-OF-WAY,0,0,0,0,7,7,1,1246,63RD ST,41.980598,-87.629494,01/23/2016 07:49:00 AM,2016
CR00032414,10/27/2022 08:54:00 PM,35,CLEAR,DARKNESS - LIGHTED ROAD,TURNING,ONE-WAY,YIELD,FOLLOWING TOO CLOSELY,WEATHER,0,0,0,0,20,5,10,1254,BROADWAY,41.864719,-87.676444,10/27/2022 10:23:00 PM,2022
CR00032415,02/22/2022 06:50:00 PM,20,RAIN,DARKNESS - LIGHTED ROAD,REAR END,DIVIDED - W/MEDIAN (NOT RAISED),TRAFFIC SIGNAL,DISTRACTION - FROM INSIDE VEHICLE,UNABLE TO DETERMINE,0,0,0,0,18,3,2,541,ARCHER AVE,41.912317,-87.80805,02/22/2022 06:56:00 PM,2022
CR00032416,01/09/2022 02:27:00 PM,15,CLEAR,DUSK,REAR END,FOUR WAY,NO CONTROLS,FAILING TO REDUCE SPEED,IMPROPER OVERTAKING/PASSING,1,0,1,2,14,1,1,1920,CALIFORNIA AVE,41.96639,-87.600766,01/09/2022 04:01:00 PM,2022
CR00032417,06/03/2023 06:12:00 PM,20,CLOUDY/OVERCAST,DUSK,TURNING,ONE-WAY,NO CONTROLS,DISTRACTION - FROM INSIDE VEHICLE,UNABLE TO DETERMINE,0,0,1,1,18,7,6,2131,ASHLAND AVE,41.75279,-87.669987,06/03/2023 07:42:00 PM,2023
CR00032418,01/26/2023 07:06:00 PM,30,CLEAR,DARKNESS - LIGHTED ROAD,REAR END,NOT DIVIDED,NO CONTROLS,IMPROPER OVERTAKING/PASSING,IMPROPER OVERTAKING/PASSING,0,0,3,3,19,5,1,104,CLARK ST,41.735617,-87.662678,01/26/2023 08:00:00 PM,2023
CR00032419,09/19/2018 08:32:00 PM,30,CLEAR,DARKNESS - LIGHTED ROAD,REAR END,DIVIDED - W/MEDIAN (NOT RAISED),TRAFFIC SIGNAL,FOLLOWING TOO CLOSELY,FOLLOWING TOO CLOSELY,0,1,2,3,20,4,9,219,PULASKI RD,41.782622,-87.742451,09/19/2018 10:05:00 PM,2018
CR00032420,10/28/2015 04:22:00 PM,40,CLEAR,DAYLIGHT,PARKED MOTOR VEHICLE,NOT DIVIDED,STOP SIGN/FLASHER,IMPROPER LANE USAGE,IMPROPER OVERTAKING/PASSING,0,0,0,0,16,4,10,1894,WESTERN AVE,41.887387,-87.790827,10/28/2015 05:44:00 PM,2015