CRASH_RECORD_ID,CRASH_DATE,POSTED_SPEED_LIMIT,WEATHER_CONDITION,LIGHTING_CONDITION,FIRST_CRASH_TYPE,TRAFFICWAY_TYPE,TRAFFIC_CONTROL_DEVICE,PRIM_CONTRIBUTORY_CAUSE,SEC_CONTRIBUTORY_CAUSE,INJURIES_FATAL,INJURIES_INCAPACITATING,INJURIES_NON_INCAPACITATING,INJURIES_TOTAL,CRASH_HOUR,CRASH_DAY_OF_WEEK,CRASH_MONTH,BEAT_OF_OCCURRENCE,STREET_NAME,LATITUDE,LONGITUDE,DATE_POLICE_NOTIFIED,year
CR00032421,09/22/2023 01:51:00 PM,40,FOG/SMOKE/HAZE,DARKNESS,REAR END,NOT DIVIDED,STOP SIGN/FLASHER,FOLLOWING TOO CLOSELY,FAILING TO YIELD RIGHT-OF-WAY,0,0,0,0,13,6,9,117,OGDEN AVE,41.810112,-87.637081,09/22/2023 03:12:00 PM,2023
CR00032422,08/06/2021 08:55:00 PM,35,CLEAR,DAYLIGHT,TURNING,ONE-WAY,YIELD,DISREGARDING TRAFFIC SIGNALS,DRIVING SKILLS/KNOWLEDGE/EXPERIENCE,0,0,0,0,20,6,8,302,STATE ST,41.785661,-87.556286,08/06/2021 08:57:00 PM,2021
CR00032423,02/12/2020 10:13:00 PM,35,RAIN,DAYLIGHT,ANGLE,ONE-WAY,NO CONTROLS,FAILING TO YIELD RIGHT-OF-WAY,UNABLE TO DETERMINE,0,0,0,0,22,4,2,393,STATE ST,41.948289,-87.706057,02/13/2020 12:07:00 AM,2020
CR00032424,04/03/2021 07:37:00 PM,30,CLEAR,DAYLIGHT,SIDESWIPE SAME DIRECTION,DIVIDED - W/MEDIAN (NOT RAISED),TRAFFIC SIGNAL,DRIVING SKILLS/KNOWLEDGE/EXPERIENCE,UNABLE TO DETERMINE,0,0,1,1,19,7,4,2244,CLARK ST,41.830737,-87.843021,04/03/2021 09:02:00 PM,2021
CR00032425,04/21/2020 08:29:00 AM,25,CLEAR,DAYLIGHT,TURNING,ONE-WAY,UNKNOWN,FOLLOWING TOO CLOSELY,DRIVING SKILLS/KNOWLEDGE/EXPERIENCE,0,0,0,0,8,3,4,1224,ASHLAND AVE,41.87943,-87.594524,04/21/2020 09:14:00 AM,2020
CR00032426,01/28/2019 01:56:00 AM,30,CLEAR,DARKNESS - LIGHTED ROAD,REAR TO FRONT,DIVIDED - W/MEDIAN (NOT RAISED),STOP SIGN/FLASHER,FAILING TO YIELD RIGHT-OF-WAY,FOLLOWING TOO CLOSELY,0,0,1,1,1,2,1,1772,STONY ISLAND AVE,41.704772,-87.710506,01/28/2019 03:51:00 AM,2019
CR00032427,08/07/2020 03:04:00 PM,25,CLEAR,DARKNESS - LIGHTED ROAD,ANGLE,ONE-WAY,STOP SIGN/FLASHER,IMPROPER LANE USAGE,UNABLE TO DETERMINE,0,0,0,0,15,6,8,1650,MICHIGAN AVE,41.996372,-87.829581,08/07/2020 03:15:00 PM,2020
CR00032428,08/19/2021 02:34:00 AM,15,CLEAR,DARKNESS - LIGHTED ROAD,FIXED OBJECT,NOT DIVIDED,TRAFFIC SIGNAL,WEATHER,DRIVING SKILLS/KNOWLEDGE/EXPERIENCE,0,2,1,3,2,5,8,2494,DAMEN AVE,41.90194,-87.650462,08/19/2021 03:59:00 AM,2021
CR00032429,11/08/2015 05:37:00 AM,30,CLEAR,DAYLIGHT,TURNING,FOUR WAY,NO CONTROLS,UNABLE TO DETERMINE,FOLLOWING TOO CLOSELY,0,0,0,0,5,1,11,1478,DIVISION ST,41.928412,-87.559944,11/08/2015 07:33:00 AM,2015
CR00032430,07/20/2024 10:53:00 PM,15,CLEAR,DAYLIGHT,ANGLE,FOUR WAY,UNKNOWN,UNABLE TO DETERMINE,NOT APPLICABLE,0,0,0,0,22,7,7,225,ROOSEVELT RD,41.891012,-87.578349,07/20/2024 11:02:00 PM,2024
CR00032431,01/09/2019 01:23:00 PM,30,RAIN,DAYLIGHT,REAR TO FRONT,DIVIDED - W/MEDIAN BARRIER,NO CONTROLS,UNABLE TO DETERMINE,DRIVING SKILLS/KNOWLEDGE/EXPERIENCE,0,0,0,0,13,4,1,709,FULLERTON AVE,41.916726,-87.559123,01/09/2019 02:02:00 PM,2019
CR00032432,10/23/2018 05:19:00 PM,15,CLEAR,DAYLIGHT,ANGLE,NOT DIVIDED,NO CONTROLS,UNABLE TO DETERMINE,UNABLE TO DETERMINE,0,1,1,2,17,3,10,343,63RD ST,41.826471,-87.767427,10/23/2018 06:02:00 PM,2018
CR00032433,05/05/2022 11:02:00 AM,30,CLEAR,DAYLIGHT,TURNING,NOT DIVIDED,NO CONTROLS,FAILING TO YIELD RIGHT-OF-WAY,FAILING TO YIELD RIGHT-OF-WAY,0,0,0,0,11,5,5,384,FULLERTON AVE,41.995445,-87.629414,05/05/2022 12:27:00 PM,2022
CR00032434,05/14/2020 07:33:00 AM,35,CLEAR,DAYLIGHT,PARKED MOTOR VEHICLE,FOUR WAY,NO CONTROLS,FOLLOWING TOO CLOSELY,DRIVING SKILLS/KNOWLEDGE/EXPERIENCE,0,0,0,0,7,5,5,2106,STATE ST,41.825665,-87.71716,05/14/2020 07:54:00 AM,2020
CR00032435,07/31/2024 05:18:00 PM,30,RAIN,DAYLIGHT,PARKED MOTOR VEHICLE,DIVIDED - W/MEDIAN BARRIER,NO CONTROLS,IMPROPER LANE USAGE,IMPROPER OVERTAKING/PASSING,0,0,0,0,17,4,7,1373,STONY ISLAND AVE,41.73707,-87.717404,07/31/2024 06:57:00 PM,2024
CR00032436,07/28/2021 10:07:00 AM,40,CLEAR,DAYLIGHT,SIDESWIPE SAME DIRECTION,NOT DIVIDED,NO CONTROLS,UNABLE TO DETERMINE,FAILING TO YIELD RIGHT-OF-WAY,0,2,0,2,10,4,7,1164,CALIFORNIA AVE,41.879996,-87.681757,07/28/2021 10:10:00 AM,2021
CR00032437,10/04/2017 03:22:00 PM,15,CLEAR,DAYLIGHT,REAR END,NOT DIVIDED,TRAFFIC SIGNAL,UNABLE TO DETERMINE,DRIVING SKILLS/KNOWLEDGE/EXPERIENCE,0,0,0,0,15,4,10,282,DIVISION ST,41.978631,-87.695999,10/04/2017 04:21:00 PM,2017
CR00032438,12/19/2021 11:21:00 AM,35,CLEAR,DAYLIGHT,SIDESWIPE SAME DIRECTION,NOT DIVIDED,NO CONTROLS,UNABLE TO DETERMINE,NOT APPLICABLE,0,0,0,0,11,1,12,1514,MILWAUKEE AVE,41.74854,-87.55111,12/19/2021 12:30:00 PM,2021
CR00032439,01/03/2016 07:50:00 PM,20,SNOW,DARKNESS - LIGHTED ROAD,REAR END,NOT DIVIDED,TRAFFIC SIGNAL,UNABLE TO DETERMINE,FAILING TO REDUCE SPEED,0,0,0,0,19,1,1,1213,STATE ST,41.978748,-87.837632,01/03/2016 08:26:00 PM,2016
CR00032440,07/28/2024 07:10:00 AM,15,CLEAR,DARKNESS - LIGHTED ROAD,REAR END,DIVIDED - W/MEDIAN (NOT RAISED),TRAFFIC SIGNAL,IMPROPER OVERTAKING/PASSING,FAILING TO YIELD RIGHT-OF-WAY,0,0,1,1,7,1,7,1842,KEDZIE AVE,41.820226,-87.521782,07/28/2024 07:33:00 AM,2024
CR00032441,12/26/2015 11:39:00 AM,30,RAIN,DAYLIGHT,REAR END,DIVIDED - W/MEDIAN (NOT RAISED),TRAFFIC SIGNAL,FOLLOWING TOO CLOSELY,DISTRACTION - FROM INSIDE VEHICLE,0,0,1,1,11,7,12,1843,IRVING PARK RD,41.90826,-87.780665,12/26/2015 12:27:00 PM,2015
CR00032442,11/02/2017 07:40:00 AM,20,CLOUDY/OVERCAST,DUSK,SIDESWIPE SAME DIRECTION,NOT DIVIDED,TRAFFIC SIGNAL,UNABLE TO DETERMINE,IMPROPER LANE USAGE,0,0,0,0,7,5,11,1068,OGDEN AVE,41.732798,-87.840624,11/02/2017 07:50:00 AM,2017
CR00032443,01/25/2023 05:40:00 AM,30,CLEAR,DAYLIGHT,PARKED MOTOR VEHICLE,NOT DIVIDED,STOP SIGN/FLASHER,IMPROPER LANE USAGE,DRIVING SKILLS/KNOWLEDGE/EXPERIENCE,0,0,0,0,5,4,1,2248,63RD ST,41.934371,-87.623039,01/25/2023 05:55:00 AM,2023
CR00032444,03/20/2020 03:11:00 AM,35,CLOUDY/OVERCAST,DAWN,REAR END,NOT DIVIDED,NO CONTROLS,FAILING TO YIELD RIGHT-OF-WAY,FOLLOWING TOO CLOSELY,0,0,0,0,3,6,3,2043,LAKE SHORE DR,41.725629,-87.804419,03/20/2020 03:51:00 AM,2020
CR00032445,02/12/2021 06:29:00 AM,20,CLEAR,DAYLIGHT,TURNING,FOUR WAY,NO CONTROLS,DRIVING SKILLS/KNOWLEDGE/EXPERIENCE,UNABLE TO DETERMINE,0,0,0,0,6,6,2,1365,FULLERTON AVE,41.856588,-87.567444,02/12/2021 06:38:00 AM,2021
CR00032446,09/25/2021 05:32:00 PM,15,CLEAR,DARKNESS,TURNING,ONE-WAY,NO CONTROLS,FAILING TO YIELD RIGHT-OF-WAY,UNABLE TO DETERMINE,0,0,0,0,17,7,9,666,63RD ST,41.955862,-87.704242,09/25/2021 06:59:00 PM,2021
CR00032447,03/21/2023 08:43:00 AM,20,CLEAR,DAYLIGHT,SIDESWIPE SAME DIRECTION,FOUR WAY,NO CONTROLS,DISREGARDING TRAFFIC SIGNALS,NOT APPLICABLE,0,1,1,2,8,3,3,373,PULASKI RD,41.747765,-87.7668,03/21/2023 09:34:00 AM,2023
CR00032448,07/29/2017 07:20:00 AM,45,CLEAR,DARKNESS - LIGHTED ROAD,ANGLE,NOT DIVIDED,TRAFFIC SIGNAL,UNABLE TO DETERMINE,FAILING TO REDUCE SPEED,0,0,0,0,7,7,7,2410,STONY ISLAND AVE,41.885674,-87.51551,07/29/2017 08:28:00 AM,2017
CR00032449,12/15/2018 09:09:00 AM,30,CLEAR,DAYLIGHT,PEDESTRIAN,ONE-WAY,STOP SIGN/FLASHER,WEATHER,FOLLOWING TOO CLOSELY,0,0,1,1,9,7,12,949,ARCHER AVE,41.726374,-87.779876,12/15/2018 09:24:00 AM,2018
CR00032450,04/01/2021 11:37:00 AM,25,RAIN,DARKNESS - LIGHTED ROAD,REAR END,T-INTERSECTION,TRAFFIC SIGNAL,DISREGARDING TRAFFIC SIGNALS,DISREGARDING TRAFFIC SIGNALS,0,0,0,0,11,5,4,2432,47TH ST,41.830379,-87.663265,04/01/2021 01:35:00 PM,2021
CR00032451,11/30/2023 06:53:00 PM,20,RAIN,DAYLIGHT,REAR END,DIVIDED - W/MEDIAN BARRIER,TRAFFIC SIGNAL,DRIVING SKILLS/KNOWLEDGE/EXPERIENCE,IMPROPER OVERTAKING/PASSING,0,0,0,0,18,5,11,1307,HALSTED ST,41.704199,-87.790625,11/30/2023 08:29:00 PM,2023
CR00032452,01/04/2017 12:59:00 PM,30,CLOUDY/OVERCAST,DAYLIGHT,TURNING,ONE-WAY,TRAFFIC SIGNAL,DRIVING SKILLS/KNOWLEDGE/EXPERIENCE,DRIVING SKILLS/KNOWLEDGE/EXPERIENCE,0,0,0,0,12,4,1,1865,CICERO AVE,41.868616,-87.599515,01/04/2017 01:26:00 PM,2017
CR00032453,04/30/2023 08:45:00 PM,45,CLEAR,DUSK,TURNING,FOUR WAY,STOP SIGN/FLASHER,UNABLE TO DETERMINE,NOT APPLICABLE,0,0,0,0,20,1,4,2221,LAKE SHORE DR,41.849194,-87.793616,04/30/2023 09:20:00 PM,2023
CR00032454,10/21/2017 05:42:00 AM,40,CLEAR,DARKNESS - LIGHTED ROAD,FIXED OBJECT,ONE-WAY,STOP SIGN/FLASHER,UNABLE TO DETERMINE,WEATHER,0,0,0,0,5,7,10,2122,BROADWAY,41.828648,-87.769222,10/21/2017 06:59:00 AM,2017
CR00032455,04/25/2017 05:42:00 PM,45,CLEAR,DAYLIGHT,FIXED OBJECT,NOT DIVIDED,TRAFFIC SIGNAL,DISTRACTION - FROM INSIDE VEHICLE,NOT APPLICABLE,0,0,0,0,17,3,4,230,ROOSEVELT RD,41.759466,-87.819797,04/25/2017 06:55:00 PM,2017
CR00032456,05/15/2016 06:11:00 PM,30,CLEAR,DAYLIGHT,PEDESTRIAN,NOT DIVIDED,STOP SIGN/FLASHER,FAILING TO YIELD RIGHT-OF-WAY,NOT APPLICABLE,0,0,0,0,18,1,5,1255,FULLERTON AVE,41.873772,-87.744826,05/15/2016 07:19:00 PM,2016
CR00032457,08/04/2019 05:37:00 PM,35,CLEAR,DARKNESS,TURNING,NOT DIVIDED,TRAFFIC SIGNAL,FAILING TO YIELD RIGHT-OF-WAY,UNABLE TO DETERMINE,0,0,0,0,17,1,8,486,63RD ST,41.852541,-87.599341,08/04/2019 07:17:00 PM,2019
CR00032458,01/17/2015 03:09:00 AM,30,CLEAR,DARKNESS - LIGHTED ROAD,REAR END,FOUR WAY,NO CONTROLS,DISREGARDING TRAFFIC SIGNALS,FAILING TO YIELD RIGHT-OF-WAY,0,0,0,0,3,7,1,1760,LAKE SHORE DR,41.997411,-87.64898,01/17/2015 04:31:00 AM,2015
CR00032459,04/23/2015 07:05:00 AM,35,CLEAR,DAYLIGHT,ANGLE,NOT DIVIDED,TRAFFIC SIGNAL,UNABLE TO DETERMINE,NOT APPLICABLE,0,0,0,0,7,5,4,1102,OGDEN AVE,41.954299,-87.744201,04/23/2015 08:20:00 AM,2015
CR00032460,11/15/2019 09:45:00 AM,25,CLEAR,DUSK,FIXED OBJECT,NOT DIVIDED,YIELD,UNABLE TO DETERMINE,UNABLE TO DETERMINE,0,0,0,0,9,6,11,1116,63RD ST,41.729672,-87.818051,11/15/2019 11:39:00 AM,2019
CR00032461,10/02/2018 04:46:00 PM,30,CLEAR,DAYLIGHT,ANGLE,NOT DIVIDED,TRAFFIC SIGNAL,UNABLE TO DETERMINE,UNABLE TO DETERMINE,0,2,1,3,16,3,10,516,FULLERTON AVE,41.765559,-87.742142,10/02/2018 06:06:00 PM,2018
CR00032462,09/10/2024 06:01:00 AM,45,CLEAR,DARKNESS - LIGHTED ROAD,PEDESTRIAN,DIVIDED - W/MEDIAN (NOT RAISED),TRAFFIC SIGNAL,FAILING TO YIELD RIGHT-OF-WAY,IMPROPER OVERTAKING/PASSING,0,0,0,0,6,3,9,956,WESTERN AVE,41.862506,-87.62383,09/10/2024 07:04:00 AM,2024
CR00032463,07/29/2024 02:46:00 PM,30,CLEAR,DARKNESS - LIGHTED ROAD,TURNING,NOT DIVIDED,TRAFFIC SIGNAL,UNABLE TO DETERMINE,NOT APPLICABLE,0,0,2,2,14,2,7,2155,ELSTON AVE,41.949588,-87.82639,07/29/2024 02:58:00 PM,2024
CR00032464,08/22/2022 07:39:00 PM,30,CLEAR,DAYLIGHT,PEDESTRIAN,NOT DIVIDED,TRAFFIC SIGNAL,IMPROPER LANE USAGE,IMPROPER OVERTAKING/PASSING,0,0,0,0,19,2,8,1894,ELSTON AVE,41.737041,-87.619043,08/22/2022 09:07:00 PM,2022
CR00032465,10/16/2015 11:19:00 PM,15,CLOUDY/OVERCAST,DARKNESS,SIDESWIPE SAME DIRECTION,DIVIDED - W/MEDIAN (NOT RAISED),TRAFFIC SIGNAL,FAILING TO REDUCE SPEED,UNABLE TO DETERMINE,0,0,0,0,23,6,10,277,STONY ISLAND AVE,41.894301,-87.508866,10/17/2015 12:37:00 AM,2015
CR00032466,06/17/2021 09:09:00 PM,25,CLEAR,DAWN,REAR END,DIVIDED - W/MEDIAN BARRIER,NO CONTROLS,FOLLOWING TOO CLOSELY,FAILING TO YIELD RIGHT-OF-WAY,0,0,1,1,21,5,6,1752,HALSTED ST,41.939653,-87.62216,06/17/2021 10:39:00 PM,2021
CR00032467,03/10/2016 12:10:00 PM,35,CLEAR,DAYLIGHT,SIDESWIPE SAME DIRECTION,FOUR WAY,NO CONTROLS,WEATHER,NOT APPLICABLE,0,0,0,0,12,5,3,507,63RD ST,41.711733,-87.832259,03/10/2016 12:30:00 PM,2016
CR00032468,10/22/2016 04:01:00 PM,45,CLEAR,DARKNESS - LIGHTED ROAD,REAR END,NOT DIVIDED,NO CONTROLS,FAILING TO YIELD RIGHT-OF-WAY,DISREGARDING TRAFFIC SIGNALS,0,0,0,0,16,7,10,2011,LAKE SHORE DR,41.994767,-87.570125,10/22/2016 05:37:00 PM,2016
CR00032469,11/02/2016 01:19:00 AM,30,CLEAR,DARKNESS - LIGHTED ROAD,TURNING,NOT DIVIDED,NO CONTROLS,FOLLOWING TOO CLOSELY,IMPROPER OVERTAKING/PASSING,0,0,0,0,1,4,11,191,47TH ST,41.847195,-87.772002,11/02/2016 01:47:00 AM,2016
CR00032470,09/30/2024 08:11:00 PM,30,RAIN,DAYLIGHT,REAR END,DIVIDED - W/MEDIAN (NOT RAISED),YIELD,DISREGARDING TRAFFIC SIGNALS,NOT APPLICABLE,0,0,0,0,20,2,9,1258,ASHLAND AVE,41.811243,-87.569196,09/30/2024 09:15:00 PM,2024
CR00032471,01/04/2024 07:37:00 PM,45,CLEAR,DARKNESS,TURNING,ONE-WAY,UNKNOWN,UNABLE TO DETERMINE,UNABLE TO DETERMINE,0,0,0,0,19,5,1,1680,STATE ST,41.835752,-87.539841,01/04/2024 08:11:00 PM,2024
CR00032472,08/13/2022 07:48:00 AM,20,RAIN,DUSK,ANGLE,DIVIDED - W/MEDIAN (NOT RAISED),UNKNOWN,UNABLE TO DETERMINE,NOT APPLICABLE,0,0,0,0,7,7,8,1573,ARCHER AVE,41.822816,-87.693071,08/13/2022 09:04:00 AM,2022
CR00032473,12/02/2023 03:39:00 PM,35,CLEAR,DAYLIGHT,REAR TO FRONT,NOT DIVIDED,TRAFFIC SIGNAL,FAILING TO YIELD RIGHT-OF-WAY,IMPROPER LANE USAGE,0,0,0,0,15,7,12,1226,CLARK ST,41.79739,-87.798755,12/02/2023 05:27:00 PM,2023
CR00032474,02/25/2016 12:22:00 PM,30,CLEAR,DAYLIGHT,SIDESWIPE SAME DIRECTION,DIVIDED - W/MEDIAN (NOT RAISED),TRAFFIC SIGNAL,UNABLE TO DETERMINE,FOLLOWING TOO CLOSELY,0,0,0,0,12,5,2,1183,ELSTON AVE,41.981922,-87.572069,02/25/2016 12:50:00 PM,2016
CR00032475,12/01/2016 04:27:00 AM,35,CLOUDY/OVERCAST,DAYLIGHT,TURNING,DIVIDED - W/MEDIAN BARRIER,NO CONTROLS,DRIVING SKILLS/KNOWLEDGE/EXPERIENCE,NOT APPLICABLE,0,0,0,0,4,5,12,1510,HALSTED ST,41.973081,-87.647821,12/01/2016 04:55:00 AM,2016
CR00032476,02/06/2018 03:23:00 PM,30,SNOW,DAYLIGHT,REAR TO FRONT,FOUR WAY,STOP SIGN/FLASHER,FAILING TO YIELD RIGHT-OF-WAY,DRIVING SKILLS/KNOWLEDGE/EXPERIENCE,0,0,0,0,15,3,2,901,63RD ST,41.97032,-87.689191,02/06/2018 04:54:00 PM,2018
CR00032477,08/14/2016 07:08:00 AM,30,CLEAR,DARKNESS - LIGHTED ROAD,FIXED OBJECT,NOT DIVIDED,NO CONTROLS,UNABLE TO DETERMINE,UNABLE TO DETERMINE,0,0,0,0,7,1,8,1602,CALIFORNIA AVE,41.749461,-87.720136,08/14/2016 08:06:00 AM,2016
CR00032478,02/07/2022 07:13:00 AM,30,CLEAR,DARKNESS - LIGHTED ROAD,PARKED MOTOR VEHICLE,DIVIDED - W/MEDIAN BARRIER,TRAFFIC SIGNAL,UNABLE TO DETERMINE,UNABLE TO DETERMINE,0,0,0,0,7,2,2,1919,DIVISION ST,41.982263,-87.692372,02/07/2022 07:42:00 AM,2022
CR00032479,06/23/2022 11:14:00 PM,30,CLEAR,DAYLIGHT,SIDESWIPE SAME DIRECTION,DIVIDED - W/MEDIAN BARRIER,TRAFFIC SIGNAL,DRIVING SKILLS/KNOWLEDGE/EXPERIENCE,IMPROPER LANE USAGE,0,0,0,0,23,5,6,1492,ELSTON AVE,41.838478,-87.742255,06/24/2022 12:00:00 AM,2022
CR00032480,01/17/2016 06:51:00 AM,35,CLEAR,DAWN,TURNING,NOT DIVIDED,NO CONTROLS,DISREGARDING TRAFFIC SIGNALS,UNABLE TO DETERMINE,0,0,0,0,6,1,1,200,ROOSEVELT RD,41.983802,-87.703583,01/17/2016 06:57:00 AM,2016
CR00032481,12/25/2021 01:39:00 PM,35,CLEAR,DARKNESS - LIGHTED ROAD,SIDESWIPE SAME DIRECTION,NOT DIVIDED,TRAFFIC SIGNAL,UNABLE TO DETERMINE,IMPROPER OVERTAKING/PASSING,0,0,0,0,13,7,12,199,47TH ST,41.914344,-87.564551,12/25/2021 02:21:00 PM,2021
CR00032482,06/05/2017 04:23:00 AM,30,CLEAR,DARKNESS - LIGHTED ROAD,REAR END,NOT DIVIDED,TRAFFIC SIGNAL,DISTRACTION - FROM INSIDE VEHICLE,IMPROPER OVERTAKING/PASSING,0,0,0,0,4,2,6,465,47TH ST,41.703578,-87.776316,06/05/2017 06:08:00 AM,2017
CR00032483,11/06/2024 12:17:00 PM,30,CLEAR,DAYLIGHT,REAR END,NOT DIVIDED,STOP SIGN/FLASHER,IMPROPER OVERTAKING/PASSING,UNABLE TO DETERMINE,0,0,0,0,12,4,11,429,CALIFORNIA AVE,41.813682,-87.745917,11/06/2024 01:52:00 PM,2024
CR00032484,10/17/2023 08:22:00 AM,15,CLEAR,DUSK,SIDESWIPE SAME DIRECTION,ONE-WAY,TRAFFIC SIGNAL,FAILING TO YIELD RIGHT-OF-WAY,NOT APPLICABLE,0,0,0,0,8,3,10,1375,ARCHER AVE,41.978245,-87.546558,10/17/2023 08:56:00 AM,2023
CR00032485,12/02/2022 09:27:00 AM,35,CLEAR,DAYLIGHT,TURNING,NOT DIVIDED,STOP SIGN/FLASHER,FOLLOWING TOO CLOSELY,NOT APPLICABLE,0,0,0,0,9,6,12,1341,DAMEN AVE,41.859876,-87.500568,12/02/2022 11:04:00 AM,2022
CR00032486,10/17/2022 11:08:00 AM,15,CLEAR,DAYLIGHT,ANGLE,NOT DIVIDED,NO CONTROLS,DRIVING SKILLS/KNOWLEDGE/EXPERIENCE,IMPROPER OVERTAKING/PASSING,0,0,0,0,11,2,10,2146,ROOSEVELT RD,41.763975,-87.695324,10/17/2022 12:08:00 PM,2022
CR00032487,03/01/2018 02:08:00 PM,40,CLEAR,DAYLIGHT,TURNING,ONE-WAY,TRAFFIC SIGNAL,UNABLE TO DETERMINE,FAILING TO YIELD RIGHT-OF-WAY,0,0,0,0,14,5,3,1518,DAMEN AVE,41.899363,-87.806268,03/01/2018 03:21:00 PM,2018
CR00032488,11/11/2017 02:07:00 AM,30,CLEAR,DARKNESS,REAR TO FRONT,FOUR WAY,NO CONTROLS,IMPROPER OVERTAKING/PASSING,UNABLE TO DETERMINE,0,0,0,0,2,7,11,1424,63RD ST,41.784196,-87.720834,11/11/2017 02:25:00 AM,2017
CR00032489,09/06/2016 07:23:00 PM,35,SNOW,DAYLIGHT,SIDESWIPE SAME DIRECTION,ONE-WAY,STOP SIGN/FLASHER,UNABLE TO DETERMINE,DISTRACTION - FROM INSIDE VEHICLE,0,0,0,0,19,3,9,601,47TH ST,41.887206,-87.53335,09/06/2016 08:44:00 PM,2016
CR00032490,12/16/2015 03:34:00 PM,30,CLEAR,DAWN,REAR TO FRONT,DIVIDED - W/MEDIAN BARRIER,NO CONTROLS,UNABLE TO DETERMINE,FOLLOWING TOO CLOSELY,0,0,0,0,15,4,12,1380,LAKE SHORE DR,41.77964,-87.64933,12/16/2015 04:31:00 PM,2015
CR00032491,03/22/2023 04:55:00 PM,15,CLEAR,DAYLIGHT,ANGLE,NOT DIVIDED,NO CONTROLS,FOLLOWING TOO CLOSELY,DRIVING SKILLS/KNOWLEDGE/EXPERIENCE,0,0,0,0,16,4,3,1487,ROOSEVELT RD,41.870852,-87.594401,03/22/2023 05:52:00 PM,2023
CR00032492,03/26/2017 10:41:00 AM,30,CLEAR,DUSK,FIXED OBJECT,ONE-WAY,TRAFFIC SIGNAL,IMPROPER LANE USAGE,DISTRACTION - FROM INSIDE VEHICLE,0,1,3,4,10,1,3,2124,63RD ST,41.780948,-87.776822,03/26/2017 11:59:00 AM,2017
CR00032493,04/28/2017 01:43:00 PM,20,CLEAR,DARKNESS - LIGHTED ROAD,TURNING,DIVIDED - W/MEDIAN (NOT RAISED),TRAFFIC SIGNAL,UNABLE TO DETERMINE,UNABLE TO DETERMINE,0,0,0,0,13,6,4,1780,KEDZIE AVE,41.855337,-87.531623,04/28/2017 03:16:00 PM,2017
CR00032494,10/03/2021 01:18:00 PM,20,CLOUDY/OVERCAST,DAYLIGHT,TURNING,FOUR WAY,TRAFFIC SIGNAL,DISREGARDING TRAFFIC SIGNALS,UNABLE TO DETERMINE,0,0,0,0,13,1,10,751,FULLERTON AVE,41.71715,-87.620879,10/03/2021 02:07:00 PM,2021
CR00032495,09/25/2021 12:19:00 PM,30,CLOUDY/OVERCAST,DAYLIGHT,REAR END,NOT DIVIDED,STOP SIGN/FLASHER,FAILING TO YIELD RIGHT-OF-WAY,UNABLE TO DETERMINE,0,0,0,0,12,7,9,2176,PULASKI RD,41.91371,-87.822369,09/25/2021 01:31:00 PM,2021
CR00032496,05/25/2016 01:35:00 PM,30,RAIN,DAYLIGHT,ANGLE,FOUR WAY,NO CONTROLS,WEATHER,NOT APPLICABLE,0,0,0,0,13,4,5,684,PULASKI RD,41.750435,-87.725664,05/25/2016 02:25:00 PM,2016
CR00032497,06/06/2018 08:28:00 AM,30,CLEAR,DAYLIGHT,REAR END,FOUR WAY,TRAFFIC SIGNAL,FOLLOWING TOO CLOSELY,NOT APPLICABLE,0,0,1,1,8,4,6,1189,MICHIGAN AVE,41.839519,-87.547305,06/06/2018 08:30:00 AM,2018
CR00032498,11/16/2022 06:24:00 PM,20,CLEAR,DAYLIGHT,SIDESWIPE SAME DIRECTION,DIVIDED - W/MEDIAN (NOT RAISED),STOP SIGN/FLASHER,IMPROPER LANE USAGE,FAILING TO REDUCE SPEED,0,0,0,0,18,4,11,2452,OGDEN AVE,41.821966,-87.71452,11/16/2022 07:15:00 PM,2022
CR00032499,02/17/2022 11:42:00 AM,35,CLEAR,DARKNESS - LIGHTED ROAD,ANGLE,NOT DIVIDED,NO CONTROLS,FAILING TO YIELD RIGHT-OF-WAY,IMPROPER LANE USAGE,0,0,0,0,11,5,2,2374,79TH ST,41.859025,-87.546957,02/17/2022 11:45:00 AM,2022
CR00032500,02/18/2022 12:37:00 AM,15,CLEAR,DAYLIGHT,TURNING,NOT DIVIDED,TRAFFIC SIGNAL,DRIVING SKILLS/KNOWLEDGE/EXPERIENCE,FOLLOWING TOO CLOSELY,0,0,0,0,0,6,2,838,CLARK ST,41.956304,-87.820604,02/18/2022 01:31:00 AM,2022
CR00032501,10/09/2022 09:00:00 AM,25,SNOW,DAYLIGHT,REAR END,NOT DIVIDED,NO CONTROLS,IMPROPER LANE USAGE,FAILING TO YIELD RIGHT-OF-WAY,0,0,0,0,9,1,10,738,KEDZIE AVE,41.828352,-87.570142,10/09/2022 09:04:00 AM,2022
CR00032502,11/17/2022 12:39:00 AM,45,CLEAR,DAYLIGHT,REAR END,DIVIDED - W/MEDIAN (NOT RAISED),NO CONTROLS,FOLLOWING TOO CLOSELY,IMPROPER LANE USAGE,0,0,1,1,0,5,11,1210,CALIFORNIA AVE,41.910247,-87.582203,11/17/2022 01:48:00 AM,2022
CR00032503,06/28/2016 07:54:00 AM,30,CLOUDY/OVERCAST,DAYLIGHT,PARKED MOTOR VEHICLE,DIVIDED - W/MEDIAN (NOT RAISED),NO CONTROLS,UNABLE TO DETERMINE,NOT APPLICABLE,0,0,0,0,7,3,6,2040,ELSTON AVE,41.795427,-87.695344,06/28/2016 09:38:00 AM,2016