CRASH_RECORD_ID,CRASH_DATE,POSTED_SPEED_LIMIT,WEATHER_CONDITION,LIGHTING_CONDITION,FIRST_CRASH_TYPE,TRAFFICWAY_TYPE,TRAFFIC_CONTROL_DEVICE,PRIM_CONTRIBUTORY_CAUSE,SEC_CONTRIBUTORY_CAUSE,INJURIES_FATAL,INJURIES_INCAPACITATING,INJURIES_NON_INCAPACITATING,INJURIES_TOTAL,CRASH_HOUR,CRASH_DAY_OF_WEEK,CRASH_MONTH,BEAT_OF_OCCURRENCE,STREET_NAME,LATITUDE,LONGITUDE,DATE_POLICE_NOTIFIED,year
CR00032504,06/03/2017 05:26:00 AM,40,RAIN,DAYLIGHT,PEDESTRIAN,NOT DIVIDED,TRAFFIC SIGNAL,IMPROPER OVERTAKING/PASSING,UNABLE TO DETERMINE,0,0,0,0,5,7,6,1743,HALSTED ST,41.84798,-87.624957,06/03/2017 07:09:00 AM,2017
CR00032505,07/24/2016 05:45:00 PM,25,CLOUDY/OVERCAST,DAYLIGHT,TURNING,NOT DIVIDED,TRAFFIC SIGNAL,FOLLOWING TOO CLOSELY,FOLLOWING TOO CLOSELY,0,0,0,0,17,1,7,2535,DAMEN AVE,41.928743,-87.605099,07/24/2016 06:26:00 PM,2016
CR00032506,08/31/2023 12:34:00 PM,25,CLEAR,DAYLIGHT,ANGLE,FOUR WAY,NO CONTROLS,FAILING TO YIELD RIGHT-OF-WAY,IMPROPER OVERTAKING/PASSING,0,0,1,1,12,5,8,2023,MICHIGAN AVE,41.873212,-87.824711,08/31/2023 01:20:00 PM,2023
CR00032507,04/02/2021 07:09:00 AM,35,CLEAR,DAYLIGHT,FIXED OBJECT,DIVIDED - W/MEDIAN (NOT RAISED),TRAFFIC SIGNAL,DRIVING SKILLS/KNOWLEDGE/EXPERIENCE,FOLLOWING TOO CLOSELY,0,0,2,2,7,6,4,578,OGDEN AVE,41.726017,-87.803356,04/02/2021 07:21:00 AM,2021
CR00032508,10/05/2020 01:16:00 PM,35,CLEAR,DAYLIGHT,REAR END,T-INTERSECTION,NO CONTROLS,IMPROPER OVERTAKING/PASSING,NOT APPLICABLE,0,0,0,0,13,2,10,2073,FULLERTON AVE,41.801582,-87.827112,10/05/2020 03:10:00 PM,2020
CR00032509,04/17/2018 02:51:00 PM,25,RAIN,DAYLIGHT,REAR END,NOT DIVIDED,UNKNOWN,UNABLE TO DETERMINE,UNABLE TO DETERMINE,0,0,0,0,14,3,4,1350,63RD ST,41.825755,-87.559264,04/17/2018 03:18:00 PM,2018
CR00032510,09/28/2022 03:08:00 PM,45,RAIN,DARKNESS - LIGHTED ROAD,PARKED MOTOR VEHICLE,DIVIDED - W/MEDIAN (NOT RAISED),NO CONTROLS,DRIVING SKILLS/KNOWLEDGE/EXPERIENCE,FOLLOWING TOO CLOSELY,0,0,0,0,15,4,9,265,ARCHER AVE,41.956149,-87.571812,09/28/2022 03:14:00 PM,2022
CR00032511,03/06/2019 03:05:00 AM,30,CLEAR,DAYLIGHT,ANGLE,DIVIDED - W/MEDIAN (NOT RAISED),TRAFFIC SIGNAL,IMPROPER LANE USAGE,NOT APPLICABLE,0,0,0,0,3,4,3,1716,ARCHER AVE,41.919864,-87.832428,03/06/2019 03:33:00 AM,2019
CR00032512,04/29/2018 03:36:00 PM,35,CLEAR,DAYLIGHT,TURNING,T-INTERSECTION,TRAFFIC SIGNAL,FOLLOWING TOO CLOSELY,NOT APPLICABLE,0,0,0,0,15,1,4,1005,STONY ISLAND AVE,41.816028,-87.769686,04/29/2018 03:57:00 PM,2018
CR00032513,11/29/2023 07:39:00 PM,45,RAIN,DAYLIGHT,ANGLE,ONE-WAY,NO CONTROLS,DISREGARDING TRAFFIC SIGNALS,DISREGARDING TRAFFIC SIGNALS,0,0,0,0,19,4,11,2309,MICHIGAN AVE,41.762984,-87.800332,11/29/2023 08:48:00 PM,2023
CR00032514,10/06/2024 10:14:00 AM,45,CLEAR,DARKNESS - LIGHTED ROAD,TURNING,NOT DIVIDED,TRAFFIC SIGNAL,DISTRACTION - FROM INSIDE VEHICLE,NOT APPLICABLE,0,0,0,0,10,1,10,355,LAKE SHORE DR,41.870733,-87.727778,10/06/2024 12:13:00 PM,2024
CR00032515,08/01/2024 08:35:00 AM,45,CLEAR,DAYLIGHT,TURNING,NOT DIVIDED,TRAFFIC SIGNAL,FAILING TO YIELD RIGHT-OF-WAY,FAILING TO REDUCE SPEED,0,0,0,0,8,5,8,2116,PULASKI RD,41.789315,-87.563681,08/01/2024 09:26:00 AM,2024
CR00032516,11/09/2019 06:42:00 AM,35,CLEAR,DAYLIGHT,TURNING,NOT DIVIDED,NO CONTROLS,FAILING TO YIELD RIGHT-OF-WAY,FAILING TO REDUCE SPEED,0,0,0,0,6,7,11,2389,ARCHER AVE,41.97546,-87.840202,11/09/2019 07:22:00 AM,2019
CR00032517,04/14/2015 04:56:00 AM,30,CLEAR,DAYLIGHT,TURNING,NOT DIVIDED,TRAFFIC SIGNAL,FOLLOWING TOO CLOSELY,DISTRACTION - FROM INSIDE VEHICLE,0,0,1,1,4,3,4,2107,63RD ST,41.795084,-87.550261,04/14/2015 05:29:00 AM,2015
CR00032518,09/28/2018 12:23:00 AM,30,CLEAR,DAYLIGHT,ANGLE,ONE-WAY,NO CONTROLS,FOLLOWING TOO CLOSELY,IMPROPER LANE USAGE,0,0,0,0,0,6,9,123,DAMEN AVE,41.800279,-87.521409,09/28/2018 01:19:00 AM,2018
CR00032519,12/10/2021 03:37:00 PM,30,CLEAR,DAYLIGHT,REAR END,NOT DIVIDED,TRAFFIC SIGNAL,DISTRACTION - FROM INSIDE VEHICLE,UNABLE TO DETERMINE,0,0,0,0,15,6,12,333,LAKE SHORE DR,41.864632,-87.592858,12/10/2021 04:09:00 PM,2021
CR00032520,03/28/2016 03:26:00 PM,25,RAIN,DARKNESS - LIGHTED ROAD,REAR END,NOT DIVIDED,STOP SIGN/FLASHER,UNABLE TO DETERMINE,FAILING TO YIELD RIGHT-OF-WAY,0,0,0,0,15,2,3,1796,CLARK ST,41.853957,-87.633402,03/28/2016 04:41:00 PM,2016
CR00032521,05/18/2017 07:47:00 AM,30,CLEAR,DARKNESS - LIGHTED ROAD,SIDESWIPE SAME DIRECTION,DIVIDED - W/MEDIAN (NOT RAISED),TRAFFIC SIGNAL,IMPROPER LANE USAGE,UNABLE TO DETERMINE,0,0,0,0,7,5,5,2434,47TH ST,41.92744,-87.679355,05/18/2017 07:56:00 AM,2017
CR00032522,11/27/2015 08:03:00 AM,30,CLEAR,DAYLIGHT,REAR END,DIVIDED - W/MEDIAN BARRIER,UNKNOWN,FOLLOWING TOO CLOSELY,DISTRACTION - FROM INSIDE VEHICLE,0,0,0,0,8,6,11,2313,CICERO AVE,41.915253,-87.516518,11/27/2015 09:57:00 AM,2015
CR00032523,11/28/2019 03:11:00 AM,20,CLEAR,DARKNESS - LIGHTED ROAD,REAR END,NOT DIVIDED,TRAFFIC SIGNAL,FAILING TO YIELD RIGHT-OF-WAY,UNABLE TO DETERMINE,0,0,0,0,3,5,11,722,CICERO AVE,41.995692,-87.559512,11/28/2019 03:27:00 AM,2019
CR00032524,05/15/2022 06:46:00 PM,45,CLEAR,DAYLIGHT,REAR END,NOT DIVIDED,UNKNOWN,IMPROPER OVERTAKING/PASSING,UNABLE TO DETERMINE,0,0,0,0,18,1,5,1125,WESTERN AVE,41.981759,-87.623375,05/15/2022 07:32:00 PM,2022
CR00032525,09/09/2021 05:14:00 PM,35,CLEAR,DAYLIGHT,REAR END,FOUR WAY,STOP SIGN/FLASHER,IMPROPER LANE USAGE,UNABLE TO DETERMINE,0,0,1,1,17,5,9,2341,STATE ST,41.931706,-87.760143,09/09/2021 05:54:00 PM,2021
CR00032526,02/13/2019 05:28:00 AM,30,FOG/SMOKE/HAZE,DAYLIGHT,SIDESWIPE SAME DIRECTION,NOT DIVIDED,TRAFFIC SIGNAL,IMPROPER LANE USAGE,FAILING TO REDUCE SPEED,0,0,0,0,5,4,2,2395,IRVING PARK RD,41.920873,-87.723942,02/13/2019 05:36:00 AM,2019
CR00032527,11/20/2020 05:02:00 PM,35,CLEAR,DAYLIGHT,TURNING,DIVIDED - W/MEDIAN (NOT RAISED),NO CONTROLS,DISTRACTION - FROM INSIDE VEHICLE,UNABLE TO DETERMINE,0,0,0,0,17,6,11,1122,MICHIGAN AVE,41.876903,-87.578339,11/20/2020 06:01:00 PM,2020
CR00032528,07/23/2024 06:39:00 AM,40,FREEZING RAIN/DRIZZLE,DAYLIGHT,PARKED MOTOR VEHICLE,ONE-WAY,UNKNOWN,IMPROPER OVERTAKING/PASSING,DISTRACTION - FROM INSIDE VEHICLE,0,0,0,0,6,3,7,575,MICHIGAN AVE,41.87809,-87.749554,07/23/2024 08:01:00 AM,2024
CR00032529,12/07/2021 03:05:00 PM,15,CLOUDY/OVERCAST,DARKNESS - LIGHTED ROAD,REAR TO FRONT,NOT DIVIDED,STOP SIGN/FLASHER,FAILING TO YIELD RIGHT-OF-WAY,NOT APPLICABLE,0,0,1,1,15,3,12,2026,47TH ST,41.725081,-87.821303,12/07/2021 03:34:00 PM,2021
CR00032530,03/29/2020 07:07:00 AM,40,RAIN,DAYLIGHT,SIDESWIPE SAME DIRECTION,NOT DIVIDED,NO CONTROLS,FAILING TO REDUCE SPEED,DISTRACTION - FROM INSIDE VEHICLE,0,0,0,0,7,1,3,578,STATE ST,41.75492,-87.698727,03/29/2020 08:03:00 AM,2020
CR00032531,01/30/2019 07:29:00 AM,20,FOG/SMOKE/HAZE,DAYLIGHT,SIDESWIPE SAME DIRECTION,FOUR WAY,TRAFFIC SIGNAL,IMPROPER OVERTAKING/PASSING,NOT APPLICABLE,0,1,1,2,7,4,1,1806,ARCHER AVE,41.96927,-87.837215,01/30/2019 07:41:00 AM,2019
CR00032532,02/20/2019 07:16:00 PM,45,RAIN,DARKNESS,REAR END,DIVIDED - W/MEDIAN BARRIER,TRAFFIC SIGNAL,DISTRACTION - FROM INSIDE VEHICLE,IMPROPER OVERTAKING/PASSING,0,0,0,0,19,4,2,125,79TH ST,41.803961,-87.786729,02/20/2019 08:58:00 PM,2019
CR00032533,11/17/2024 02:05:00 PM,35,CLEAR,DAYLIGHT,REAR END,NOT DIVIDED,NO CONTROLS,UNABLE TO DETERMINE,WEATHER,0,0,0,0,14,1,11,1931,ROOSEVELT RD,41.824702,-87.732233,11/17/2024 03:30:00 PM,2024
CR00032534,05/05/2023 12:03:00 PM,30,CLEAR,DUSK,TURNING,NOT DIVIDED,TRAFFIC SIGNAL,DRIVING SKILLS/KNOWLEDGE/EXPERIENCE,NOT APPLICABLE,0,0,0,0,12,6,5,2392,CLARK ST,41.807118,-87.772143,05/05/2023 01:56:00 PM,2023
CR00032535,08/24/2017 03:22:00 PM,30,CLEAR,DAYLIGHT,SIDESWIPE SAME DIRECTION,NOT DIVIDED,TRAFFIC SIGNAL,WEATHER,DRIVING SKILLS/KNOWLEDGE/EXPERIENCE,0,0,0,0,15,5,8,1682,63RD ST,41.767565,-87.714729,08/24/2017 04:38:00 PM,2017
CR00032536,12/18/2017 12:58:00 PM,20,CLEAR,DAYLIGHT,REAR END,FOUR WAY,TRAFFIC SIGNAL,FOLLOWING TOO CLOSELY,UNABLE TO DETERMINE,0,0,0,0,12,2,12,938,CLARK ST,41.870508,-87.75467,12/18/2017 01:25:00 PM,2017
CR00032537,07/18/2015 02:42:00 AM,15,CLEAR,DAYLIGHT,REAR TO FRONT,NOT DIVIDED,NO CONTROLS,DISTRACTION - FROM INSIDE VEHICLE,UNABLE TO DETERMINE,0,1,1,2,2,7,7,572,63RD ST,41.975152,-87.594322,07/18/2015 03:40:00 AM,2015
CR00032538,06/01/2022 08:27:00 AM,25,CLEAR,DAWN,TURNING,DIVIDED - W/MEDIAN (NOT RAISED),NO CONTROLS,WEATHER,UNABLE TO DETERMINE,0,0,1,1,8,4,6,1460,ELSTON AVE,41.812966,-87.789455,06/01/2022 08:56:00 AM,2022
CR00032539,08/06/2016 01:42:00 PM,30,CLOUDY/OVERCAST,DAYLIGHT,FIXED OBJECT,FOUR WAY,NO CONTROLS,WEATHER,NOT APPLICABLE,0,0,0,0,13,7,8,1976,ARCHER AVE,41.794004,-87.757347,08/06/2016 02:22:00 PM,2016
CR00032540,05/29/2015 07:35:00 AM,30,CLEAR,DAYLIGHT,PARKED MOTOR VEHICLE,FOUR WAY,TRAFFIC SIGNAL,FAILING TO REDUCE SPEED,WEATHER,0,0,1,1,7,6,5,2317,ASHLAND AVE,41.960293,-87.695332,05/29/2015 09:21:00 AM,2015
CR00032541,07/14/2015 10:43:00 PM,25,RAIN,DARKNESS - LIGHTED ROAD,PARKED MOTOR VEHICLE,ONE-WAY,NO CONTROLS,DRIVING SKILLS/KNOWLEDGE/EXPERIENCE,DISTRACTION - FROM INSIDE VEHICLE,0,0,0,0,22,3,7,1589,OGDEN AVE,41.709115,-87.642341,07/15/2015 12:12:00 AM,2015
CR00032542,08/23/2022 11:10:00 AM,40,CLEAR,DAYLIGHT,PARKED MOTOR VEHICLE,DIVIDED - W/MEDIAN BARRIER,TRAFFIC SIGNAL,FOLLOWING TOO CLOSELY,DRIVING SKILLS/KNOWLEDGE/EXPERIENCE,0,0,0,0,11,3,8,1424,CICERO AVE,41.792944,-87.6525,08/23/2022 01:09:00 PM,2022
CR00032543,11/14/2016 06:20:00 AM,30,CLOUDY/OVERCAST,DAYLIGHT,REAR END,DIVIDED - W/MEDIAN (NOT RAISED),STOP SIGN/FLASHER,UNABLE TO DETERMINE,NOT APPLICABLE,0,2,3,5,6,2,11,2033,ARCHER AVE,41.915012,-87.603147,11/14/2016 07:19:00 AM,2016
CR00032544,12/08/2024 05:02:00 PM,30,CLEAR,DARKNESS - LIGHTED ROAD,REAR END,NOT DIVIDED,NO CONTROLS,IMPROPER OVERTAKING/PASSING,IMPROPER LANE USAGE,0,0,0,0,17,1,12,2364,MICHIGAN AVE,41.831448,-87.662167,12/08/2024 05:56:00 PM,2024
CR00032545,02/02/2020 07:41:00 PM,35,CLEAR,DAYLIGHT,REAR END,NOT DIVIDED,TRAFFIC SIGNAL,FAILING TO YIELD RIGHT-OF-WAY,UNABLE TO DETERMINE,0,0,1,1,19,1,2,2527,IRVING PARK RD,41.837708,-87.608199,02/02/2020 09:11:00 PM,2020
CR00032546,06/24/2015 11:16:00 AM,40,CLEAR,DAYLIGHT,REAR END,ONE-WAY,NO CONTROLS,UNABLE TO DETERMINE,NOT APPLICABLE,0,0,0,0,11,4,6,366,63RD ST,41.898349,-87.563866,06/24/2015 01:00:00 PM,2015
CR00032547,07/31/2022 01:41:00 PM,45,RAIN,DARKNESS - LIGHTED ROAD,ANGLE,ONE-WAY,NO CONTROLS,DISTRACTION - FROM INSIDE VEHICLE,UNABLE TO DETERMINE,0,0,0,0,13,1,7,1533,WESTERN AVE,41.734077,-87.757322,07/31/2022 02:58:00 PM,2022
CR00032548,02/22/2023 02:38:00 PM,35,CLEAR,DUSK,TURNING,NOT DIVIDED,STOP SIGN/FLASHER,FOLLOWING TOO CLOSELY,UNABLE TO DETERMINE,0,0,0,0,14,4,2,1869,CLARK ST,41.74749,-87.801737,02/22/2023 03:12:00 PM,2023
CR00032549,10/05/2021 03:04:00 PM,40,CLEAR,DAYLIGHT,REAR END,DIVIDED - W/MEDIAN (NOT RAISED),NO CONTROLS,IMPROPER LANE USAGE,FAILING TO YIELD RIGHT-OF-WAY,0,0,0,0,15,3,10,2190,STONY ISLAND AVE,41.926964,-87.62333,10/05/2021 03:48:00 PM,2021
CR00032550,09/16/2024 12:47:00 PM,15,CLEAR,DAYLIGHT,REAR TO FRONT,DIVIDED - W/MEDIAN (NOT RAISED),NO CONTROLS,FOLLOWING TOO CLOSELY,FOLLOWING TOO CLOSELY,0,0,0,0,12,2,9,1757,FULLERTON AVE,41.722375,-87.715943,09/16/2024 02:44:00 PM,2024
CR00032551,04/27/2020 05:43:00 PM,20,CLEAR,DAYLIGHT,PARKED MOTOR VEHICLE,DIVIDED - W/MEDIAN BARRIER,TRAFFIC SIGNAL,FAILING TO YIELD RIGHT-OF-WAY,UNABLE TO DETERMINE,0,0,0,0,17,2,4,726,ARCHER AVE,41.813064,-87.780025,04/27/2020 06:03:00 PM,2020
CR00032552,10/03/2020 08:21:00 AM,20,CLEAR,DARKNESS - LIGHTED ROAD,REAR END,FOUR WAY,STOP SIGN/FLASHER,UNABLE TO DETERMINE,WEATHER,0,0,0,0,8,7,10,1075,ELSTON AVE,41.702142,-87.811407,10/03/2020 09:55:00 AM,2020
CR00032553,04/29/2024 05:08:00 AM,30,CLEAR,DAYLIGHT,SIDESWIPE SAME DIRECTION,T-INTERSECTION,TRAFFIC SIGNAL,UNABLE TO DETERMINE,FOLLOWING TOO CLOSELY,0,0,0,0,5,2,4,631,BROADWAY,41.886947,-87.796872,04/29/2024 06:56:00 AM,2024
CR00032554,09/12/2024 08:46:00 AM,15,CLEAR,DAYLIGHT,PARKED MOTOR VEHICLE,NOT DIVIDED,TRAFFIC SIGNAL,UNABLE TO DETERMINE,FAILING TO REDUCE SPEED,0,1,2,3,8,5,9,1914,MICHIGAN AVE,41.798139,-87.79508,09/12/2024 10:01:00 AM,2024
CR00032555,10/16/2019 01:13:00 PM,35,CLEAR,DAYLIGHT,TURNING,DIVIDED - W/MEDIAN (NOT RAISED),TRAFFIC SIGNAL,DRIVING SKILLS/KNOWLEDGE/EXPERIENCE,FOLLOWING TOO CLOSELY,0,0,0,0,13,4,10,2257,STATE ST,41.852236,-87.841432,10/16/2019 02:02:00 PM,2019
CR00032556,09/20/2021 10:47:00 AM,15,RAIN,DAYLIGHT,ANGLE,NOT DIVIDED,NO CONTROLS,FAILING TO YIELD RIGHT-OF-WAY,UNABLE TO DETERMINE,0,1,0,1,10,2,9,2208,MICHIGAN AVE,41.97253,-87.724947,09/20/2021 11:01:00 AM,2021
CR00032557,09/30/2020 11:22:00 PM,25,CLEAR,DAWN,REAR END,NOT DIVIDED,TRAFFIC SIGNAL,DRIVING SKILLS/KNOWLEDGE/EXPERIENCE,NOT APPLICABLE,0,0,1,1,23,4,9,326,LAKE SHORE DR,41.814624,-87.810042,09/30/2020 11:33:00 PM,2020
CR00032558,09/16/2021 11:14:00 AM,40,CLEAR,DARKNESS - LIGHTED ROAD,REAR END,DIVIDED - W/MEDIAN BARRIER,STOP SIGN/FLASHER,IMPROPER LANE USAGE,DISREGARDING TRAFFIC SIGNALS,0,0,0,0,11,5,9,1864,47TH ST,41.867694,-87.529869,09/16/2021 11:15:00 AM,2021
CR00032559,01/05/2016 01:24:00 AM,35,CLEAR,DAYLIGHT,TURNING,FOUR WAY,TRAFFIC SIGNAL,UNABLE TO DETERMINE,IMPROPER LANE USAGE,0,0,0,0,1,3,1,2099,79TH ST,41.860731,-87.685569,01/05/2016 01:48:00 AM,2016
CR00032560,07/22/2022 07:07:00 AM,20,CLEAR,DAYLIGHT,REAR END,FOUR WAY,UNKNOWN,UNABLE TO DETERMINE,FOLLOWING TOO CLOSELY,0,0,0,0,7,6,7,2253,WESTERN AVE,41.726694,-87.679418,07/22/2022 08:10:00 AM,2022
CR00032561,05/15/2022 09:51:00 PM,40,SNOW,DARKNESS - LIGHTED ROAD,REAR TO FRONT,FOUR WAY,STOP SIGN/FLASHER,UNABLE TO DETERMINE,UNABLE TO DETERMINE,0,0,3,3,21,1,5,1368,LAKE SHORE DR,41.955436,-87.559804,05/15/2022 11:33:00 PM,2022
CR00032562,12/15/2019 03:14:00 PM,15,CLEAR,DAYLIGHT,REAR END,ONE-WAY,STOP SIGN/FLASHER,UNABLE TO DETERMINE,UNABLE TO DETERMINE,0,0,0,0,15,1,12,1777,IRVING PARK RD,41.841646,-87.59087,12/15/2019 05:06:00 PM,2019
CR00032563,10/25/2017 06:27:00 PM,30,CLEAR,DAYLIGHT,REAR END,NOT DIVIDED,TRAFFIC SIGNAL,IMPROPER OVERTAKING/PASSING,UNABLE TO DETERMINE,0,0,2,2,18,4,10,1556,PULASKI RD,41.836217,-87.61373,10/25/2017 08:18:00 PM,2017
CR00032564,05/27/2018 05:06:00 PM,30,CLEAR,DAYLIGHT,TURNING,NOT DIVIDED,TRAFFIC SIGNAL,DISTRACTION - FROM INSIDE VEHICLE,UNABLE TO DETERMINE,0,0,0,0,17,1,5,2067,ELSTON AVE,41.795332,-87.789596,05/27/2018 06:09:00 PM,2018
CR00032565,07/29/2021 12:33:00 PM,20,CLEAR,DARKNESS,REAR END,ONE-WAY,TRAFFIC SIGNAL,UNABLE TO DETERMINE,FAILING TO REDUCE SPEED,0,0,2,2,12,5,7,1575,LAKE SHORE DR,41.872553,-87.557847,07/29/2021 01:56:00 PM,2021
CR00032566,03/05/2021 12:33:00 PM,15,RAIN,DAYLIGHT,REAR END,NOT DIVIDED,NO CONTROLS,UNABLE TO DETERMINE,UNABLE TO DETERMINE,0,0,0,0,12,6,3,971,STONY ISLAND AVE,41.798339,-87.741945,03/05/2021 01:03:00 PM,2021
CR00032567,01/03/2015 06:44:00 PM,15,CLEAR,DAYLIGHT,SIDESWIPE SAME DIRECTION,DIVIDED - W/MEDIAN (NOT RAISED),NO CONTROLS,FAILING TO REDUCE SPEED,DISTRACTION - FROM INSIDE VEHICLE,0,0,0,0,18,7,1,1195,79TH ST,41.933675,-87.611963,01/03/2015 08:38:00 PM,2015
CR00032568,01/24/2020 12:03:00 PM,30,CLEAR,DAYLIGHT,SIDESWIPE SAME DIRECTION,NOT DIVIDED,TRAFFIC SIGNAL,FOLLOWING TOO CLOSELY,UNABLE TO DETERMINE,0,0,3,3,12,6,1,1983,STATE ST,41.88596,-87.803803,01/24/2020 01:10:00 PM,2020
CR00032569,12/12/2022 07:34:00 AM,30,CLEAR,DAYLIGHT,REAR END,DIVIDED - W/MEDIAN (NOT RAISED),TRAFFIC SIGNAL,DRIVING SKILLS/KNOWLEDGE/EXPERIENCE,UNABLE TO DETERMINE,0,0,0,0,7,2,12,244,STONY ISLAND AVE,41.789191,-87.822982,12/12/2022 07:45:00 AM,2022
CR00032570,06/21/2016 03:13:00 PM,30,CLEAR,DARKNESS,REAR END,NOT DIVIDED,NO CONTROLS,DISTRACTION - FROM INSIDE VEHICLE,UNABLE TO DETERMINE,0,0,0,0,15,3,6,1575,KEDZIE AVE,41.802885,-87.651154,06/21/2016 04:07:00 PM,2016
CR00032571,05/31/2017 04:05:00 PM,20,CLEAR,DAYLIGHT,REAR END,FOUR WAY,NO CONTROLS,FOLLOWING TOO CLOSELY,FOLLOWING TOO CLOSELY,0,0,0,0,16,4,5,1389,MICHIGAN AVE,41.740036,-87.659252,05/31/2017 04:50:00 PM,2017
CR00032572,06/09/2024 08:19:00 AM,30,CLEAR,DARKNESS - LIGHTED ROAD,REAR END,DIVIDED - W/MEDIAN (NOT RAISED),NO CONTROLS,UNABLE TO DETERMINE,DRIVING SKILLS/KNOWLEDGE/EXPERIENCE,0,0,0,0,8,1,6,178,CLARK ST,41.852979,-87.646963,06/09/2024 09:52:00 AM,2024
CR00032573,07/03/2017 09:36:00 AM,20,FREEZING RAIN/DRIZZLE,DARKNESS - LIGHTED ROAD,ANGLE,NOT DIVIDED,UNKNOWN,IMPROPER OVERTAKING/PASSING,NOT APPLICABLE,0,0,0,0,9,2,7,579,MICHIGAN AVE,41.73782,-87.765103,07/03/2017 11:04:00 AM,2017
CR00032574,11/28/2020 09:20:00 AM,35,RAIN,DAWN,REAR END,ONE-WAY,TRAFFIC SIGNAL,UNABLE TO DETERMINE,UNABLE TO DETERMINE,0,0,1,1,9,7,11,2419,BROADWAY,41.920996,-87.545371,11/28/2020 10:54:00 AM,2020
CR00032575,03/22/2017 03:44:00 PM,35,CLEAR,DARKNESS,ANGLE,NOT DIVIDED,TRAFFIC SIGNAL,UNABLE TO DETERMINE,FAILING TO YIELD RIGHT-OF-WAY,0,0,3,3,15,4,3,1986,WESTERN AVE,41.884609,-87.594187,03/22/2017 04:48:00 PM,2017
CR00032576,07/19/2018 01:29:00 PM,45,CLEAR,DARKNESS - LIGHTED ROAD,FIXED OBJECT,ONE-WAY,NO CONTROLS,UNABLE TO DETERMINE,NOT APPLICABLE,0,0,0,0,13,5,7,1708,47TH ST,41.780519,-87.602366,07/19/2018 01:54:00 PM,2018
CR00032577,08/12/2024 10:20:00 AM,15,CLEAR,DARKNESS - LIGHTED ROAD,REAR END,DIVIDED - W/MEDIAN (NOT RAISED),NO CONTROLS,FAILING TO REDUCE SPEED,NOT APPLICABLE,0,0,0,0,10,2,8,2260,DIVISION ST,41.876262,-87.683482,08/12/2024 11:25:00 AM,2024
CR00032578,11/24/2023 05:34:00 PM,40,CLEAR,DARKNESS,REAR END,FOUR WAY,NO CONTROLS,UNABLE TO DETERMINE,UNABLE TO DETERMINE,0,0,0,0,17,6,11,1487,FULLERTON AVE,41.995606,-87.566104,11/24/2023 06:49:00 PM,2023
CR00032579,09/01/2023 05:10:00 PM,30,CLEAR,DAYLIGHT,REAR END,DIVIDED - W/MEDIAN (NOT RAISED),STOP SIGN/FLASHER,FAILING TO REDUCE SPEED,FAILING TO YIELD RIGHT-OF-WAY,0,0,0,0,17,6,9,311,FULLERTON AVE,41.757502,-87.527393,09/01/2023 06:21:00 PM,2023
CR00032580,01/25/2023 04:17:00 PM,35,CLEAR,DARKNESS - LIGHTED ROAD,SIDESWIPE SAME DIRECTION,DIVIDED - W/MEDIAN (NOT RAISED),NO CONTROLS,FOLLOWING TOO CLOSELY,UNABLE TO DETERMINE,0,1,1,2,16,4,1,1807,MILWAUKEE AVE,41.982045,-87.617469,01/25/2023 04:22:00 PM,2023
CR00032581,12/11/2021 11:43:00 AM,15,RAIN,DAYLIGHT,TURNING,ONE-WAY,NO CONTROLS,UNABLE TO DETERMINE,NOT APPLICABLE,0,0,0,0,11,7,12,468,79TH ST,41.721259,-87.760923,12/11/2021 01:43:00 PM,2021
CR00032582,10/20/2023 01:06:00 PM,35,CLEAR,DAYLIGHT,TURNING,NOT DIVIDED,NO CONTROLS,FOLLOWING TOO CLOSELY,UNABLE TO DETERMINE,0,2,1,3,13,6,10,1884,STONY ISLAND AVE,41.948476,-87.628389,10/20/2023 02:19:00 PM,2023
CR00032583,06/07/2021 10:30:00 AM,30,CLEAR,DAYLIGHT,REAR END,DIVIDED - W/MEDIAN (NOT RAISED),TRAFFIC SIGNAL,IMPROPER LANE USAGE,IMPROPER LANE USAGE,0,0,0,0,10,2,6,1084,OGDEN AVE,41.94651,-87.628455,06/07/2021 10:50:00 AM,2021
CR00032584,09/26/2022 12:46:00 AM,30,SNOW,DARKNESS,REAR END,ONE-WAY,STOP SIGN/FLASHER,FAILING TO YIELD RIGHT-OF-WAY,NOT APPLICABLE,0,0,0,0,0,2,9,2421,STONY ISLAND AVE,41.869439,-87.727017,09/26/2022 01:14:00 AM,2022
CR00032585,07/09/2024 11:36:00 AM,45,CLEAR,DAYLIGHT,ANGLE,NOT DIVIDED,STOP SIGN/FLASHER,UNABLE TO DETERMINE,UNABLE TO DETERMINE,0,0,0,0,11,3,7,564,CLARK ST,41.767114,-87.555971,07/09/2024 12:46:00 PM,2024
CR00032586,09/05/2020 08:50:00 PM,35,CLEAR,DAYLIGHT,SIDESWIPE SAME DIRECTION,NOT DIVIDED,TRAFFIC SIGNAL,FOLLOWING TOO CLOSELY,DRIVING SKILLS/KNOWLEDGE/EXPERIENCE,0,0,0,0,20,7,9,1352,STONY ISLAND AVE,41.730271,-87.534007,09/05/2020 10:41:00 PM,2020