CRASH_RECORD_ID,CRASH_DATE,POSTED_SPEED_LIMIT,WEATHER_CONDITION,LIGHTING_CONDITION,FIRST_CRASH_TYPE,TRAFFICWAY_TYPE,TRAFFIC_CONTROL_DEVICE,PRIM_CONTRIBUTORY_CAUSE,SEC_CONTRIBUTORY_CAUSE,INJURIES_FATAL,INJURIES_INCAPACITATING,INJURIES_NON_INCAPACITATING,INJURIES_TOTAL,CRASH_HOUR,CRASH_DAY_OF_WEEK,CRASH_MONTH,BEAT_OF_OCCURRENCE,STREET_NAME,LATITUDE,LONGITUDE,DATE_POLICE_NOTIFIED,year
CR00032587,08/28/2024 07:18:00 AM,25,RAIN,DAYLIGHT,TURNING,DIVIDED - W/MEDIAN (NOT RAISED),NO CONTROLS,UNABLE TO DETERMINE,UNABLE TO DETERMINE,0,0,0,0,7,4,8,1947,CICERO AVE,41.779819,-87.831486,08/28/2024 09:01:00 AM,2024
CR00032588,08/24/2024 03:42:00 AM,30,CLEAR,DARKNESS - LIGHTED ROAD,REAR END,NOT DIVIDED,YIELD,UNABLE TO DETERMINE,DISTRACTION - FROM INSIDE VEHICLE,0,0,3,3,3,7,8,2091,IRVING PARK RD,41.883071,-87.5064,08/24/2024 04:25:00 AM,2024
CR00032589,05/13/2024 07:02:00 PM,25,CLEAR,DAYLIGHT,TURNING,FOUR WAY,TRAFFIC SIGNAL,FAILING TO REDUCE SPEED,IMPROPER LANE USAGE,0,0,0,0,19,2,5,1863,PULASKI RD,41.799108,-87.792726,05/13/2024 08:33:00 PM,2024
CR00032590,11/02/2015 09:11:00 PM,35,RAIN,DARKNESS - LIGHTED ROAD,SIDESWIPE SAME DIRECTION,NOT DIVIDED,NO CONTROLS,IMPROPER LANE USAGE,DRIVING SKILLS/KNOWLEDGE/EXPERIENCE,0,0,0,0,21,2,11,1613,MILWAUKEE AVE,41.987946,-87.654652,11/02/2015 10:49:00 PM,2015
CR00032591,04/07/2018 07:46:00 AM,30,CLEAR,DAYLIGHT,REAR END,NOT DIVIDED,NO CONTROLS,IMPROPER LANE USAGE,NOT APPLICABLE,0,0,0,0,7,7,4,323,DIVISION ST,41.811098,-87.540234,04/07/2018 09:25:00 AM,2018
CR00032592,12/08/2022 07:40:00 PM,40,CLOUDY/OVERCAST,DAYLIGHT,ANGLE,DIVIDED - W/MEDIAN (NOT RAISED),NO CONTROLS,IMPROPER OVERTAKING/PASSING,IMPROPER LANE USAGE,0,0,0,0,19,5,12,1413,ASHLAND AVE,41.759737,-87.71461,12/08/2022 08:49:00 PM,2022
CR00032593,06/24/2017 09:06:00 AM,35,CLEAR,DARKNESS - LIGHTED ROAD,REAR TO FRONT,DIVIDED - W/MEDIAN (NOT RAISED),STOP SIGN/FLASHER,IMPROPER OVERTAKING/PASSING,UNABLE TO DETERMINE,0,0,0,0,9,7,6,2426,FULLERTON AVE,41.949239,-87.593637,06/24/2017 09:53:00 AM,2017
CR00032594,11/04/2024 06:17:00 PM,35,CLEAR,DAYLIGHT,SIDESWIPE SAME DIRECTION,NOT DIVIDED,NO CONTROLS,UNABLE TO DETERMINE,FAILING TO YIELD RIGHT-OF-WAY,0,0,0,0,18,2,11,1746,LAKE SHORE DR,41.8389,-87.802484,11/04/2024 06:38:00 PM,2024
CR00032595,01/27/2017 12:51:00 PM,30,CLEAR,DAYLIGHT,TURNING,NOT DIVIDED,NO CONTROLS,FOLLOWING TOO CLOSELY,NOT APPLICABLE,0,0,0,0,12,6,1,2444,MILWAUKEE AVE,41.769418,-87.625405,01/27/2017 02:10:00 PM,2017
CR00032596,06/17/2017 12:00:00 PM,40,FREEZING RAIN/DRIZZLE,DAYLIGHT,TURNING,NOT DIVIDED,NO CONTROLS,WEATHER,DISTRACTION - FROM INSIDE VEHICLE,0,0,0,0,12,7,6,415,47TH ST,41.914123,-87.84942,06/17/2017 01:14:00 PM,2017
CR00032597,01/03/2022 05:43:00 PM,30,CLEAR,DARKNESS - LIGHTED ROAD,PARKED MOTOR VEHICLE,DIVIDED - W/MEDIAN (NOT RAISED),TRAFFIC SIGNAL,FOLLOWING TOO CLOSELY,NOT APPLICABLE,0,0,0,0,17,2,1,2037,STONY ISLAND AVE,41.828679,-87.672159,01/03/2022 07:16:00 PM,2022
CR00032598,03/12/2019 08:09:00 AM,40,RAIN,DAYLIGHT,ANGLE,DIVIDED - W/MEDIAN (NOT RAISED),TRAFFIC SIGNAL,FAILING TO YIELD RIGHT-OF-WAY,UNABLE TO DETERMINE,0,0,0,0,8,3,3,690,DAMEN AVE,41.996436,-87.731305,03/12/2019 09:54:00 AM,2019
CR00032599,09/18/2020 04:56:00 PM,25,CLEAR,DAYLIGHT,ANGLE,DIVIDED - W/MEDIAN (NOT RAISED),NO CONTROLS,DISREGARDING TRAFFIC SIGNALS,FAILING TO REDUCE SPEED,0,0,0,0,16,6,9,2153,KEDZIE AVE,41.858142,-87.643393,09/18/2020 06:08:00 PM,2020
CR00032600,10/11/2016 07:55:00 AM,30,CLEAR,DAYLIGHT,REAR END,NOT DIVIDED,TRAFFIC SIGNAL,UNABLE TO DETERMINE,UNABLE TO DETERMINE,0,0,0,0,7,3,10,1524,BROADWAY,41.946519,-87.532768,10/11/2016 09:53:00 AM,2016
CR00032601,01/26/2017 05:24:00 PM,20,CLEAR,DARKNESS - LIGHTED ROAD,FIXED OBJECT,NOT DIVIDED,NO CONTROLS,FOLLOWING TOO CLOSELY,NOT APPLICABLE,0,0,0,0,17,5,1,1598,CALIFORNIA AVE,41.715786,-87.84356,01/26/2017 06:14:00 PM,2017
CR00032602,07/08/2020 08:19:00 PM,30,SNOW,DAYLIGHT,TURNING,FOUR WAY,STOP SIGN/FLASHER,DISREGARDING TRAFFIC SIGNALS,DISREGARDING TRAFFIC SIGNALS,0,0,0,0,20,4,7,1162,MILWAUKEE AVE,41.765071,-87.566158,07/08/2020 10:04:00 PM,2020
CR00032603,06/16/2024 04:39:00 PM,20,CLOUDY/OVERCAST,DAYLIGHT,SIDESWIPE SAME DIRECTION,DIVIDED - W/MEDIAN (NOT RAISED),STOP SIGN/FLASHER,FAILING TO REDUCE SPEED,IMPROPER LANE USAGE,0,0,0,0,16,1,6,2486,MICHIGAN AVE,41.807875,-87.633324,06/16/2024 06:10:00 PM,2024
CR00032604,01/23/2022 09:43:00 AM,45,CLEAR,DARKNESS - LIGHTED ROAD,REAR END,DIVIDED - W/MEDIAN (NOT RAISED),NO CONTROLS,IMPROPER LANE USAGE,DISREGARDING TRAFFIC SIGNALS,0,0,0,0,9,1,1,674,ELSTON AVE,41.974164,-87.694318,01/23/2022 09:52:00 AM,2022
CR00032605,11/19/2022 08:27:00 AM,40,CLEAR,DARKNESS - LIGHTED ROAD,REAR END,NOT DIVIDED,NO CONTROLS,UNABLE TO DETERMINE,DRIVING SKILLS/KNOWLEDGE/EXPERIENCE,0,0,0,0,8,7,11,188,DAMEN AVE,41.820304,-87.531607,11/19/2022 08:45:00 AM,2022
CR00032606,04/14/2023 06:16:00 AM,35,CLEAR,DAYLIGHT,SIDESWIPE SAME DIRECTION,NOT DIVIDED,TRAFFIC SIGNAL,FOLLOWING TOO CLOSELY,DISTRACTION - FROM INSIDE VEHICLE,0,0,0,0,6,6,4,766,47TH ST,41.854259,-87.737614,04/14/2023 07:01:00 AM,2023
CR00032607,03/13/2022 02:07:00 PM,20,CLEAR,DAYLIGHT,PARKED MOTOR VEHICLE,T-INTERSECTION,TRAFFIC SIGNAL,IMPROPER OVERTAKING/PASSING,DISREGARDING TRAFFIC SIGNALS,0,0,0,0,14,1,3,1494,ARCHER AVE,41.908237,-87.646365,03/13/2022 02:58:00 PM,2022
CR00032608,12/09/2024 07:16:00 PM,15,CLEAR,DARKNESS,REAR END,NOT DIVIDED,TRAFFIC SIGNAL,FOLLOWING TOO CLOSELY,FAILING TO YIELD RIGHT-OF-WAY,0,0,1,1,19,2,12,530,KEDZIE AVE,41.730065,-87.63469,12/09/2024 09:04:00 PM,2024
CR00032609,10/09/2019 07:46:00 AM,40,CLEAR,DAYLIGHT,ANGLE,NOT DIVIDED,NO CONTROLS,DRIVING SKILLS/KNOWLEDGE/EXPERIENCE,NOT APPLICABLE,0,0,0,0,7,4,10,391,DIVISION ST,41.874517,-87.582493,10/09/2019 07:55:00 AM,2019
CR00032610,03/24/2017 01:22:00 PM,30,RAIN,DAYLIGHT,REAR END,DIVIDED - W/MEDIAN (NOT RAISED),STOP SIGN/FLASHER,UNABLE TO DETERMINE,IMPROPER OVERTAKING/PASSING,0,0,0,0,13,6,3,1203,OGDEN AVE,41.907194,-87.754232,03/24/2017 03:07:00 PM,2017
CR00032611,03/07/2017 02:30:00 PM,35,CLEAR,DAYLIGHT,SIDESWIPE SAME DIRECTION,NOT DIVIDED,NO CONTROLS,UNABLE TO DETERMINE,DRIVING SKILLS/KNOWLEDGE/EXPERIENCE,0,0,0,0,14,3,3,1578,CICERO AVE,41.788843,-87.719352,03/07/2017 04:01:00 PM,2017
CR00032612,07/12/2020 01:56:00 AM,35,SNOW,DUSK,PARKED MOTOR VEHICLE,FOUR WAY,STOP SIGN/FLASHER,DRIVING SKILLS/KNOWLEDGE/EXPERIENCE,FOLLOWING TOO CLOSELY,0,0,0,0,1,1,7,2105,WESTERN AVE,41.882404,-87.59295,07/12/2020 03:39:00 AM,2020
CR00032613,04/06/2017 06:06:00 PM,30,CLEAR,DARKNESS - LIGHTED ROAD,REAR END,DIVIDED - W/MEDIAN (NOT RAISED),TRAFFIC SIGNAL,FOLLOWING TOO CLOSELY,FAILING TO YIELD RIGHT-OF-WAY,0,0,0,0,18,5,4,2192,BROADWAY,41.758541,-87.559374,04/06/2017 07:02:00 PM,2017
CR00032614,10/19/2024 08:36:00 AM,30,CLEAR,DARKNESS - LIGHTED ROAD,SIDESWIPE SAME DIRECTION,NOT DIVIDED,TRAFFIC SIGNAL,FOLLOWING TOO CLOSELY,UNABLE TO DETERMINE,0,0,1,1,8,7,10,997,MICHIGAN AVE,41.838423,-87.60557,10/19/2024 10:16:00 AM,2024
CR00032615,04/22/2015 08:41:00 AM,25,CLEAR,DARKNESS,ANGLE,T-INTERSECTION,TRAFFIC SIGNAL,FOLLOWING TOO CLOSELY,DISREGARDING TRAFFIC SIGNALS,0,0,0,0,8,4,4,1204,STATE ST,41.873465,-87.837851,04/22/2015 10:10:00 AM,2015
CR00032616,12/10/2022 05:08:00 PM,45,CLEAR,DARKNESS - LIGHTED ROAD,PARKED MOTOR VEHICLE,NOT DIVIDED,STOP SIGN/FLASHER,DISTRACTION - FROM INSIDE VEHICLE,DISTRACTION - FROM INSIDE VEHICLE,0,0,2,2,17,7,12,115,IRVING PARK RD,41.915302,-87.811022,12/10/2022 07:08:00 PM,2022
CR00032617,01/02/2015 01:28:00 PM,45,CLEAR,DARKNESS - LIGHTED ROAD,PEDESTRIAN,NOT DIVIDED,STOP SIGN/FLASHER,FOLLOWING TOO CLOSELY,IMPROPER LANE USAGE,0,1,1,2,13,6,1,337,DIVISION ST,41.995801,-87.70523,01/02/2015 03:19:00 PM,2015
CR00032618,11/30/2022 05:15:00 AM,35,CLEAR,DARKNESS - LIGHTED ROAD,ANGLE,DIVIDED - W/MEDIAN (NOT RAISED),TRAFFIC SIGNAL,DRIVING SKILLS/KNOWLEDGE/EXPERIENCE,IMPROPER OVERTAKING/PASSING,0,0,0,0,5,4,11,379,HALSTED ST,41.893569,-87.516508,11/30/2022 06:51:00 AM,2022
CR00032619,09/28/2015 04:48:00 PM,30,CLEAR,DAYLIGHT,ANGLE,NOT DIVIDED,NO CONTROLS,UNABLE TO DETERMINE,UNABLE TO DETERMINE,0,0,0,0,16,2,9,854,DAMEN AVE,41.894152,-87.663187,09/28/2015 06:27:00 PM,2015
CR00032620,12/18/2019 06:35:00 PM,30,CLEAR,DAYLIGHT,TURNING,NOT DIVIDED,YIELD,FAILING TO YIELD RIGHT-OF-WAY,FAILING TO YIELD RIGHT-OF-WAY,0,0,0,0,18,4,12,746,HALSTED ST,41.910875,-87.769788,12/18/2019 08:14:00 PM,2019
CR00032621,09/02/2021 10:35:00 PM,30,CLEAR,DARKNESS - LIGHTED ROAD,REAR END,NOT DIVIDED,TRAFFIC SIGNAL,FAILING TO YIELD RIGHT-OF-WAY,UNABLE TO DETERMINE,0,0,0,0,22,5,9,584,MICHIGAN AVE,41.770726,-87.567852,09/03/2021 12:17:00 AM,2021
CR00032622,07/19/2015 09:50:00 AM,40,CLEAR,DARKNESS - LIGHTED ROAD,REAR END,ONE-WAY,STOP SIGN/FLASHER,UNABLE TO DETERMINE,UNABLE TO DETERMINE,0,0,1,1,9,1,7,541,DAMEN AVE,41.707242,-87.748401,07/19/2015 10:12:00 AM,2015
CR00032623,02/25/2017 05:13:00 PM,30,RAIN,DAYLIGHT,TURNING,DIVIDED - W/MEDIAN (NOT RAISED),TRAFFIC SIGNAL,UNABLE TO DETERMINE,IMPROPER LANE USAGE,0,0,0,0,17,7,2,2130,STATE ST,41.875212,-87.559958,02/25/2017 05:45:00 PM,2017
CR00032624,03/13/2017 08:55:00 AM,30,CLEAR,DAYLIGHT,REAR END,NOT DIVIDED,TRAFFIC SIGNAL,FOLLOWING TOO CLOSELY,NOT APPLICABLE,0,0,0,0,8,2,3,1582,LAKE SHORE DR,41.784604,-87.542477,03/13/2017 09:36:00 AM,2017
CR00032625,05/07/2021 07:30:00 PM,25,CLOUDY/OVERCAST,DAYLIGHT,FIXED OBJECT,ONE-WAY,TRAFFIC SIGNAL,FOLLOWING TOO CLOSELY,FAILING TO YIELD RIGHT-OF-WAY,0,2,1,3,19,6,5,1228,47TH ST,41.804601,-87.555301,05/07/2021 08:48:00 PM,2021
CR00032626,03/04/2016 11:00:00 PM,45,CLEAR,DAYLIGHT,REAR END,NOT DIVIDED,PEDESTRIAN CROSSING SIGN,FOLLOWING TOO CLOSELY,WEATHER,0,0,0,0,23,6,3,1283,FULLERTON AVE,41.916909,-87.624975,03/05/2016 12:26:00 AM,2016
CR00032627,09/19/2022 01:36:00 PM,25,FOG/SMOKE/HAZE,DAYLIGHT,REAR END,DIVIDED - W/MEDIAN (NOT RAISED),NO CONTROLS,FOLLOWING TOO CLOSELY,IMPROPER LANE USAGE,0,0,0,0,13,2,9,1489,ASHLAND AVE,41.910972,-87.616288,09/19/2022 03:01:00 PM,2022
CR00032628,12/30/2021 02:49:00 AM,20,CLEAR,DAYLIGHT,REAR END,NOT DIVIDED,NO CONTROLS,DISTRACTION - FROM INSIDE VEHICLE,FAILING TO REDUCE SPEED,0,0,0,0,2,5,12,504,CICERO AVE,41.790848,-87.780992,12/30/2021 04:45:00 AM,2021
CR00032629,11/28/2021 07:53:00 AM,30,CLEAR,DAYLIGHT,REAR END,DIVIDED - W/MEDIAN BARRIER,NO CONTROLS,IMPROPER OVERTAKING/PASSING,UNABLE TO DETERMINE,0,1,2,3,7,1,11,1833,PULASKI RD,41.994389,-87.679234,11/28/2021 08:58:00 AM,2021
CR00032630,05/06/2021 05:52:00 AM,30,CLEAR,DAYLIGHT,REAR END,DIVIDED - W/MEDIAN (NOT RAISED),TRAFFIC SIGNAL,FAILING TO REDUCE SPEED,FAILING TO YIELD RIGHT-OF-WAY,0,0,0,0,5,5,5,2286,WESTERN AVE,41.80142,-87.810219,05/06/2021 07:43:00 AM,2021
CR00032631,10/03/2020 01:23:00 PM,30,FOG/SMOKE/HAZE,DUSK,REAR END,ONE-WAY,TRAFFIC SIGNAL,DRIVING SKILLS/KNOWLEDGE/EXPERIENCE,UNABLE TO DETERMINE,0,0,0,0,13,7,10,2206,CLARK ST,41.72442,-87.716447,10/03/2020 01:57:00 PM,2020
CR00032632,07/25/2022 08:15:00 PM,25,CLEAR,DAWN,SIDESWIPE SAME DIRECTION,DIVIDED - W/MEDIAN BARRIER,UNKNOWN,FAILING TO REDUCE SPEED,UNABLE TO DETERMINE,0,0,0,0,20,2,7,1938,ARCHER AVE,41.892538,-87.55496,07/25/2022 08:21:00 PM,2022
CR00032633,05/20/2016 11:14:00 AM,30,CLEAR,DAYLIGHT,SIDESWIPE SAME DIRECTION,ONE-WAY,TRAFFIC SIGNAL,FAILING TO YIELD RIGHT-OF-WAY,FOLLOWING TOO CLOSELY,0,0,1,1,11,6,5,1735,IRVING PARK RD,41.773721,-87.771453,05/20/2016 12:23:00 PM,2016
CR00032634,07/03/2020 01:45:00 AM,30,CLEAR,DAYLIGHT,PEDESTRIAN,DIVIDED - W/MEDIAN (NOT RAISED),STOP SIGN/FLASHER,IMPROPER OVERTAKING/PASSING,UNABLE TO DETERMINE,0,0,0,0,1,6,7,2521,CICERO AVE,41.750153,-87.821118,07/03/2020 02:27:00 AM,2020
CR00032635,09/24/2023 06:51:00 PM,20,CLEAR,DAYLIGHT,REAR END,DIVIDED - W/MEDIAN (NOT RAISED),TRAFFIC SIGNAL,UNABLE TO DETERMINE,WEATHER,0,0,0,0,18,1,9,2353,WESTERN AVE,41.895712,-87.660275,09/24/2023 08:32:00 PM,2023
CR00032636,01/26/2017 03:21:00 PM,45,CLEAR,DARKNESS - LIGHTED ROAD,REAR END,NOT DIVIDED,TRAFFIC SIGNAL,UNABLE TO DETERMINE,IMPROPER LANE USAGE,0,0,0,0,15,5,1,402,ARCHER AVE,41.883939,-87.810944,01/26/2017 04:45:00 PM,2017
CR00032637,07/18/2022 09:54:00 PM,35,CLEAR,DAYLIGHT,REAR END,DIVIDED - W/MEDIAN (NOT RAISED),STOP SIGN/FLASHER,IMPROPER LANE USAGE,NOT APPLICABLE,0,0,0,0,21,2,7,172,STATE ST,41.802516,-87.683982,07/18/2022 11:23:00 PM,2022
CR00032638,04/18/2020 08:38:00 AM,35,RAIN,DAYLIGHT,REAR END,NOT DIVIDED,NO CONTROLS,FAILING TO YIELD RIGHT-OF-WAY,FAILING TO REDUCE SPEED,0,0,0,0,8,7,4,793,BROADWAY,41.744897,-87.511533,04/18/2020 09:24:00 AM,2020
CR00032639,11/29/2016 05:37:00 PM,40,CLEAR,DAYLIGHT,SIDESWIPE SAME DIRECTION,NOT DIVIDED,STOP SIGN/FLASHER,UNABLE TO DETERMINE,UNABLE TO DETERMINE,0,0,0,0,17,3,11,1394,MILWAUKEE AVE,41.961023,-87.609707,11/29/2016 06:19:00 PM,2016
CR00032640,09/25/2023 02:25:00 PM,35,CLEAR,DARKNESS,TURNING,NOT DIVIDED,TRAFFIC SIGNAL,DISREGARDING TRAFFIC SIGNALS,DISREGARDING TRAFFIC SIGNALS,0,0,0,0,14,2,9,1060,STONY ISLAND AVE,41.99391,-87.623696,09/25/2023 02:57:00 PM,2023
CR00032641,01/29/2016 05:49:00 PM,20,CLEAR,DARKNESS,REAR TO FRONT,FOUR WAY,NO CONTROLS,UNABLE TO DETERMINE,FOLLOWING TOO CLOSELY,0,0,0,0,17,6,1,920,ASHLAND AVE,41.705483,-87.624062,01/29/2016 05:57:00 PM,2016
CR00032642,04/06/2016 08:45:00 AM,35,CLEAR,DAYLIGHT,SIDESWIPE SAME DIRECTION,NOT DIVIDED,TRAFFIC SIGNAL,UNABLE TO DETERMINE,DRIVING SKILLS/KNOWLEDGE/EXPERIENCE,0,0,0,0,8,4,4,951,FULLERTON AVE,41.875995,-87.840499,04/06/2016 10:41:00 AM,2016
CR00032643,11/26/2021 08:02:00 PM,15,CLEAR,DAYLIGHT,SIDESWIPE SAME DIRECTION,DIVIDED - W/MEDIAN (NOT RAISED),STOP SIGN/FLASHER,UNABLE TO DETERMINE,NOT APPLICABLE,0,0,1,1,20,6,11,1568,BROADWAY,41.837934,-87.830733,11/26/2021 08:15:00 PM,2021
CR00032644,12/12/2024 06:03:00 PM,45,CLEAR,DARKNESS - LIGHTED ROAD,FIXED OBJECT,NOT DIVIDED,TRAFFIC SIGNAL,IMPROPER OVERTAKING/PASSING,FAILING TO YIELD RIGHT-OF-WAY,0,2,3,5,18,5,12,734,KEDZIE AVE,41.945205,-87.770517,12/12/2024 07:09:00 PM,2024
CR00032645,08/13/2017 02:31:00 AM,45,CLEAR,DAYLIGHT,TURNING,FOUR WAY,UNKNOWN,IMPROPER LANE USAGE,FAILING TO YIELD RIGHT-OF-WAY,0,0,0,0,2,1,8,2447,DAMEN AVE,41.82502,-87.655996,08/13/2017 04:24:00 AM,2017
CR00032646,12/10/2021 04:51:00 PM,25,FOG/SMOKE/HAZE,DARKNESS - LIGHTED ROAD,PARKED MOTOR VEHICLE,DIVIDED - W/MEDIAN BARRIER,STOP SIGN/FLASHER,FAILING TO YIELD RIGHT-OF-WAY,DRIVING SKILLS/KNOWLEDGE/EXPERIENCE,0,0,3,3,16,6,12,772,STONY ISLAND AVE,41.863883,-87.8302,12/10/2021 05:44:00 PM,2021
CR00032647,01/22/2019 10:16:00 PM,35,CLEAR,DARKNESS - LIGHTED ROAD,ANGLE,NOT DIVIDED,UNKNOWN,FOLLOWING TOO CLOSELY,DRIVING SKILLS/KNOWLEDGE/EXPERIENCE,0,0,0,0,22,3,1,391,DAMEN AVE,41.780686,-87.799518,01/22/2019 10:26:00 PM,2019
CR00032648,12/27/2016 11:44:00 PM,30,CLEAR,DARKNESS - LIGHTED ROAD,TURNING,DIVIDED - W/MEDIAN (NOT RAISED),UNKNOWN,UNABLE TO DETERMINE,WEATHER,0,0,0,0,23,3,12,676,MICHIGAN AVE,41.868274,-87.746832,12/28/2016 01:19:00 AM,2016
CR00032649,05/20/2024 01:45:00 PM,35,SNOW,DAYLIGHT,SIDESWIPE SAME DIRECTION,ONE-WAY,NO CONTROLS,UNABLE TO DETERMINE,DRIVING SKILLS/KNOWLEDGE/EXPERIENCE,0,0,0,0,13,2,5,1128,DIVISION ST,41.899285,-87.726851,05/20/2024 02:09:00 PM,2024
CR00032650,04/27/2024 08:02:00 AM,40,CLEAR,DAYLIGHT,PEDESTRIAN,NOT DIVIDED,TRAFFIC SIGNAL,UNABLE TO DETERMINE,UNABLE TO DETERMINE,0,0,0,0,8,7,4,2226,ASHLAND AVE,41.790731,-87.691026,04/27/2024 08:13:00 AM,2024
CR00032651,12/28/2019 06:50:00 PM,35,CLOUDY/OVERCAST,DAYLIGHT,REAR END,NOT DIVIDED,NO CONTROLS,FAILING TO YIELD RIGHT-OF-WAY,UNABLE TO DETERMINE,0,0,0,0,18,7,12,2176,PULASKI RD,41.711406,-87.585304,12/28/2019 07:11:00 PM,2019
CR00032652,04/22/2019 06:47:00 AM,20,CLEAR,DAYLIGHT,TURNING,NOT DIVIDED,STOP SIGN/FLASHER,IMPROPER OVERTAKING/PASSING,UNABLE TO DETERMINE,0,0,0,0,6,2,4,2128,MICHIGAN AVE,41.80519,-87.711433,04/22/2019 08:22:00 AM,2019
CR00032653,01/26/2021 10:33:00 AM,35,CLEAR,DAYLIGHT,REAR TO FRONT,FOUR WAY,STOP SIGN/FLASHER,UNABLE TO DETERMINE,FAILING TO REDUCE SPEED,0,0,0,0,10,3,1,1280,ROOSEVELT RD,41.771092,-87.525169,01/26/2021 12:07:00 PM,2021
CR00032654,02/17/2023 02:21:00 PM,30,CLEAR,DARKNESS - LIGHTED ROAD,TURNING,DIVIDED - W/MEDIAN (NOT RAISED),UNKNOWN,IMPROPER OVERTAKING/PASSING,FAILING TO YIELD RIGHT-OF-WAY,0,0,1,1,14,6,2,643,STONY ISLAND AVE,41.884865,-87.619894,02/17/2023 04:15:00 PM,2023
CR00032655,10/27/2015 07:12:00 PM,40,CLEAR,DARKNESS - LIGHTED ROAD,ANGLE,ONE-WAY,TRAFFIC SIGNAL,UNABLE TO DETERMINE,UNABLE TO DETERMINE,0,0,0,0,19,3,10,1997,ELSTON AVE,41.917167,-87.532295,10/27/2015 08:54:00 PM,2015
CR00032656,02/19/2017 06:54:00 PM,45,RAIN,DAYLIGHT,TURNING,DIVIDED - W/MEDIAN BARRIER,TRAFFIC SIGNAL,UNABLE TO DETERMINE,NOT APPLICABLE,0,2,1,3,18,1,2,567,IRVING PARK RD,41.709321,-87.713021,02/19/2017 07:02:00 PM,2017
CR00032657,03/07/2017 04:47:00 PM,30,CLOUDY/OVERCAST,DARKNESS - LIGHTED ROAD,PARKED MOTOR VEHICLE,NOT DIVIDED,NO CONTROLS,FAILING TO REDUCE SPEED,IMPROPER OVERTAKING/PASSING,0,0,0,0,16,3,3,2519,ROOSEVELT RD,41.775183,-87.581448,03/07/2017 04:51:00 PM,2017
CR00032658,04/17/2015 06:51:00 PM,45,CLEAR,DAYLIGHT,PARKED MOTOR VEHICLE,DIVIDED - W/MEDIAN BARRIER,UNKNOWN,FOLLOWING TOO CLOSELY,NOT APPLICABLE,0,0,0,0,18,6,4,1744,KEDZIE AVE,41.789824,-87.799499,04/17/2015 08:26:00 PM,2015
CR00032659,10/29/2021 08:58:00 AM,40,RAIN,DARKNESS - LIGHTED ROAD,ANGLE,NOT DIVIDED,NO CONTROLS,UNABLE TO DETERMINE,FOLLOWING TOO CLOSELY,0,0,0,0,8,6,10,928,DAMEN AVE,41.895865,-87.82572,10/29/2021 10:02:00 AM,2021
CR00032660,11/18/2019 07:38:00 AM,45,SNOW,DARKNESS - LIGHTED ROAD,TURNING,DIVIDED - W/MEDIAN BARRIER,TRAFFIC SIGNAL,DRIVING SKILLS/KNOWLEDGE/EXPERIENCE,IMPROPER OVERTAKING/PASSING,0,0,0,0,7,2,11,818,STATE ST,41.915363,-87.554921,11/18/2019 07:56:00 AM,2019
CR00032661,10/15/2019 02:35:00 PM,35,CLEAR,DAWN,TURNING,NOT DIVIDED,NO CONTROLS,UNABLE TO DETERMINE,DRIVING SKILLS/KNOWLEDGE/EXPERIENCE,0,0,0,0,14,3,10,460,STATE ST,41.939007,-87.678719,10/15/2019 03:55:00 PM,2019
CR00032662,01/02/2015 09:51:00 AM,35,SNOW,DAYLIGHT,PEDESTRIAN,DIVIDED - W/MEDIAN (NOT RAISED),NO CONTROLS,UNABLE TO DETERMINE,UNABLE TO DETERMINE,0,0,0,0,9,6,1,796,CICERO AVE,41.842749,-87.529142,01/02/2015 11:41:00 AM,2015
CR00032663,04/07/2023 05:57:00 PM,45,CLEAR,DAYLIGHT,PARKED MOTOR VEHICLE,FOUR WAY,STOP SIGN/FLASHER,UNABLE TO DETERMINE,NOT APPLICABLE,0,0,1,1,17,6,4,2275,CLARK ST,41.734223,-87.586159,04/07/2023 07:46:00 PM,2023
CR00032664,08/04/2016 06:04:00 AM,35,RAIN,DAYLIGHT,REAR END,FOUR WAY,NO CONTROLS,UNABLE TO DETERMINE,IMPROPER LANE USAGE,0,0,0,0,6,5,8,294,47TH ST,41.899482,-87.757793,08/04/2016 06:32:00 AM,2016
CR00032665,11/10/2015 05:21:00 PM,30,CLEAR,DAYLIGHT,TURNING,DIVIDED - W/MEDIAN BARRIER,NO CONTROLS,FAILING TO YIELD RIGHT-OF-WAY,NOT APPLICABLE,0,0,0,0,17,3,11,1088,LAKE SHORE DR,41.901482,-87.768632,11/10/2015 05:32:00 PM,2015
CR00032666,11/16/2016 08:27:00 PM,35,CLEAR,DAYLIGHT,REAR END,ONE-WAY,NO CONTROLS,DISTRACTION - FROM INSIDE VEHICLE,UNABLE TO DETERMINE,0,0,0,0,20,4,11,1615,FULLERTON AVE,41.936695,-87.527585,11/16/2016 08:28:00 PM,2016
CR00032667,10/19/2022 03:43:00 PM,35,RAIN,DARKNESS - LIGHTED ROAD,REAR END,ONE-WAY,STOP SIGN/FLASHER,FAILING TO YIELD RIGHT-OF-WAY,UNABLE TO DETERMINE,0,0,0,0,15,4,10,327,63RD ST,41.7253,-87.687444,10/19/2022 05:05:00 PM,2022
CR00032668,02/16/2016 06:47:00 PM,15,FOG/SMOKE/HAZE,DARKNESS - LIGHTED ROAD,ANGLE,NOT DIVIDED,NO CONTROLS,IMPROPER LANE USAGE,DISREGARDING TRAFFIC SIGNALS,0,0,0,0,18,3,2,1333,STONY ISLAND AVE,41.892418,-87.617857,02/16/2016 07:07:00 PM,2016