CRASH_RECORD_ID,CRASH_DATE,POSTED_SPEED_LIMIT,WEATHER_CONDITION,LIGHTING_CONDITION,FIRST_CRASH_TYPE,TRAFFICWAY_TYPE,TRAFFIC_CONTROL_DEVICE,PRIM_CONTRIBUTORY_CAUSE,SEC_CONTRIBUTORY_CAUSE,INJURIES_FATAL,INJURIES_INCAPACITATING,INJURIES_NON_INCAPACITATING,INJURIES_TOTAL,CRASH_HOUR,CRASH_DAY_OF_WEEK,CRASH_MONTH,BEAT_OF_OCCURRENCE,STREET_NAME,LATITUDE,LONGITUDE,DATE_POLICE_NOTIFIED,year
CR00032669,11/07/2020 06:56:00 AM,30,CLOUDY/OVERCAST,DARKNESS,SIDESWIPE SAME DIRECTION,ONE-WAY,TRAFFIC SIGNAL,UNABLE TO DETERMINE,FOLLOWING TOO CLOSELY,0,0,2,2,6,7,11,2268,MILWAUKEE AVE,41.770615,-87.589462,11/07/2020 08:01:00 AM,2020
CR00032670,03/25/2023 08:15:00 AM,35,CLEAR,DARKNESS - LIGHTED ROAD,REAR END,NOT DIVIDED,NO CONTROLS,UNABLE TO DETERMINE,UNABLE TO DETERMINE,0,0,0,0,8,7,3,284,WESTERN AVE,41.933701,-87.645655,03/25/2023 09:13:00 AM,2023
CR00032671,03/09/2015 10:11:00 AM,25,CLEAR,DAYLIGHT,REAR END,DIVIDED - W/MEDIAN (NOT RAISED),NO CONTROLS,DRIVING SKILLS/KNOWLEDGE/EXPERIENCE,UNABLE TO DETERMINE,0,0,2,2,10,2,3,1975,CALIFORNIA AVE,41.940936,-87.84983,03/09/2015 11:41:00 AM,2015
CR00032672,06/26/2020 12:19:00 PM,20,CLOUDY/OVERCAST,DAYLIGHT,PEDESTRIAN,NOT DIVIDED,TRAFFIC SIGNAL,FOLLOWING TOO CLOSELY,NOT APPLICABLE,0,2,1,3,12,6,6,934,PULASKI RD,41.989157,-87.537949,06/26/2020 01:46:00 PM,2020
CR00032673,07/13/2020 03:26:00 PM,30,FOG/SMOKE/HAZE,DAYLIGHT,REAR TO FRONT,T-INTERSECTION,NO CONTROLS,FAILING TO YIELD RIGHT-OF-WAY,IMPROPER OVERTAKING/PASSING,0,0,0,0,15,2,7,176,STATE ST,41.885598,-87.668149,07/13/2020 04:30:00 PM,2020
CR00032674,12/27/2024 10:22:00 AM,20,CLEAR,DARKNESS - LIGHTED ROAD,SIDESWIPE SAME DIRECTION,NOT DIVIDED,TRAFFIC SIGNAL,FAILING TO YIELD RIGHT-OF-WAY,UNABLE TO DETERMINE,0,0,0,0,10,6,12,1304,47TH ST,41.923497,-87.716766,12/27/2024 10:58:00 AM,2024
CR00032675,06/10/2023 08:25:00 AM,15,CLEAR,DAYLIGHT,REAR TO FRONT,NOT DIVIDED,UNKNOWN,IMPROPER OVERTAKING/PASSING,IMPROPER LANE USAGE,0,0,0,0,8,7,6,2140,CALIFORNIA AVE,41.93674,-87.817852,06/10/2023 09:47:00 AM,2023
CR00032676,07/21/2019 07:12:00 AM,35,CLEAR,DAYLIGHT,TURNING,DIVIDED - W/MEDIAN BARRIER,NO CONTROLS,UNABLE TO DETERMINE,FOLLOWING TOO CLOSELY,0,0,3,3,7,1,7,2017,HALSTED ST,41.918987,-87.610679,07/21/2019 08:16:00 AM,2019
CR00032677,01/11/2019 07:03:00 AM,35,CLOUDY/OVERCAST,DAYLIGHT,PARKED MOTOR VEHICLE,ONE-WAY,STOP SIGN/FLASHER,FAILING TO YIELD RIGHT-OF-WAY,DISTRACTION - FROM INSIDE VEHICLE,0,0,0,0,7,6,1,318,CALIFORNIA AVE,41.772265,-87.795264,01/11/2019 08:05:00 AM,2019
CR00032678,04/26/2021 07:49:00 AM,35,CLEAR,DAYLIGHT,ANGLE,ONE-WAY,NO CONTROLS,FOLLOWING TOO CLOSELY,NOT APPLICABLE,0,0,0,0,7,2,4,573,KEDZIE AVE,41.951869,-87.823451,04/26/2021 08:07:00 AM,2021
CR00032679,03/27/2015 02:14:00 PM,30,CLEAR,DARKNESS,PARKED MOTOR VEHICLE,DIVIDED - W/MEDIAN (NOT RAISED),TRAFFIC SIGNAL,DISTRACTION - FROM INSIDE VEHICLE,NOT APPLICABLE,0,0,0,0,14,6,3,1334,CLARK ST,41.899094,-87.567133,03/27/2015 02:33:00 PM,2015
CR00032680,01/10/2017 07:31:00 AM,45,CLEAR,DAYLIGHT,REAR END,DIVIDED - W/MEDIAN BARRIER,NO CONTROLS,UNABLE TO DETERMINE,DISREGARDING TRAFFIC SIGNALS,0,0,3,3,7,3,1,2040,WESTERN AVE,41.92483,-87.536172,01/10/2017 08:34:00 AM,2017
CR00032681,07/08/2024 12:10:00 PM,25,RAIN,DAYLIGHT,TURNING,FOUR WAY,TRAFFIC SIGNAL,DRIVING SKILLS/KNOWLEDGE/EXPERIENCE,NOT APPLICABLE,0,0,0,0,12,2,7,1773,KEDZIE AVE,41.705,-87.741461,07/08/2024 01:11:00 PM,2024
CR00032682,02/03/2020 08:30:00 AM,35,CLEAR,DAYLIGHT,REAR END,DIVIDED - W/MEDIAN BARRIER,TRAFFIC SIGNAL,FOLLOWING TOO CLOSELY,DISTRACTION - FROM INSIDE VEHICLE,0,0,0,0,8,2,2,573,OGDEN AVE,41.721828,-87.589323,02/03/2020 09:56:00 AM,2020
CR00032683,02/08/2020 02:24:00 PM,40,CLEAR,DARKNESS - LIGHTED ROAD,REAR TO FRONT,NOT DIVIDED,YIELD,FOLLOWING TOO CLOSELY,FAILING TO REDUCE SPEED,0,0,0,0,14,7,2,209,BROADWAY,41.804009,-87.728209,02/08/2020 02:35:00 PM,2020
CR00032684,04/21/2020 02:06:00 PM,35,RAIN,DAYLIGHT,REAR END,NOT DIVIDED,NO CONTROLS,FOLLOWING TOO CLOSELY,DISTRACTION - FROM INSIDE VEHICLE,0,0,0,0,14,3,4,1794,63RD ST,41.91677,-87.812813,04/21/2020 02:26:00 PM,2020
CR00032685,08/02/2021 12:50:00 PM,30,CLEAR,DAYLIGHT,TURNING,DIVIDED - W/MEDIAN BARRIER,NO CONTROLS,FAILING TO REDUCE SPEED,NOT APPLICABLE,0,0,0,0,12,2,8,1964,47TH ST,41.998396,-87.755387,08/02/2021 02:04:00 PM,2021
CR00032686,02/17/2017 05:39:00 PM,25,CLEAR,DAYLIGHT,SIDESWIPE SAME DIRECTION,NOT DIVIDED,NO CONTROLS,UNABLE TO DETERMINE,UNABLE TO DETERMINE,0,0,0,0,17,6,2,323,STATE ST,41.980087,-87.554403,02/17/2017 06:28:00 PM,2017
CR00032687,12/10/2019 04:26:00 PM,25,CLEAR,DARKNESS,REAR END,ONE-WAY,STOP SIGN/FLASHER,DISREGARDING TRAFFIC SIGNALS,FAILING TO YIELD RIGHT-OF-WAY,0,0,0,0,16,3,12,132,IRVING PARK RD,41.936729,-87.619097,12/10/2019 04:27:00 PM,2019
CR00032688,02/17/2020 07:12:00 AM,30,CLEAR,DAYLIGHT,REAR END,DIVIDED - W/MEDIAN (NOT RAISED),NO CONTROLS,IMPROPER OVERTAKING/PASSING,IMPROPER LANE USAGE,0,0,0,0,7,2,2,430,DIVISION ST,41.920173,-87.594597,02/17/2020 08:47:00 AM,2020
CR00032689,05/01/2017 05:29:00 PM,30,CLEAR,DARKNESS - LIGHTED ROAD,FIXED OBJECT,NOT DIVIDED,TRAFFIC SIGNAL,UNABLE TO DETERMINE,UNABLE TO DETERMINE,0,0,0,0,17,2,5,2280,MICHIGAN AVE,41.934021,-87.599116,05/01/2017 07:06:00 PM,2017
CR00032690,07/08/2022 11:59:00 PM,15,CLEAR,DAYLIGHT,REAR END,NOT DIVIDED,NO CONTROLS,FAILING TO YIELD RIGHT-OF-WAY,UNABLE TO DETERMINE,0,0,0,0,23,6,7,771,DAMEN AVE,41.862434,-87.589659,07/09/2022 01:08:00 AM,2022
CR00032691,09/25/2015 06:26:00 PM,35,CLOUDY/OVERCAST,DAYLIGHT,SIDESWIPE SAME DIRECTION,DIVIDED - W/MEDIAN BARRIER,NO CONTROLS,DRIVING SKILLS/KNOWLEDGE/EXPERIENCE,UNABLE TO DETERMINE,0,0,2,2,18,6,9,2117,BROADWAY,41.837481,-87.657215,09/25/2015 07:16:00 PM,2015
CR00032692,12/29/2021 05:55:00 PM,45,SNOW,DAYLIGHT,TURNING,NOT DIVIDED,NO CONTROLS,FAILING TO YIELD RIGHT-OF-WAY,UNABLE TO DETERMINE,0,0,1,1,17,4,12,1222,HALSTED ST,41.998077,-87.508446,12/29/2021 07:54:00 PM,2021
CR00032693,12/17/2016 04:44:00 PM,30,RAIN,DAYLIGHT,REAR END,FOUR WAY,STOP SIGN/FLASHER,FOLLOWING TOO CLOSELY,DRIVING SKILLS/KNOWLEDGE/EXPERIENCE,0,0,0,0,16,7,12,1108,STONY ISLAND AVE,41.772621,-87.566883,12/17/2016 05:29:00 PM,2016
CR00032694,05/19/2017 06:03:00 PM,20,CLEAR,DAYLIGHT,ANGLE,NOT DIVIDED,NO CONTROLS,DISTRACTION - FROM INSIDE VEHICLE,NOT APPLICABLE,0,1,3,4,18,6,5,1724,ASHLAND AVE,41.856935,-87.568089,05/19/2017 06:51:00 PM,2017
CR00032695,12/07/2020 12:49:00 PM,40,CLEAR,DAYLIGHT,TURNING,FOUR WAY,NO CONTROLS,UNABLE TO DETERMINE,IMPROPER OVERTAKING/PASSING,0,0,0,0,12,2,12,2102,BROADWAY,41.999013,-87.71512,12/07/2020 01:47:00 PM,2020
CR00032696,05/29/2024 05:14:00 PM,30,CLEAR,DUSK,TURNING,ONE-WAY,TRAFFIC SIGNAL,FAILING TO REDUCE SPEED,DISREGARDING TRAFFIC SIGNALS,0,0,0,0,17,4,5,2435,79TH ST,41.846038,-87.801319,05/29/2024 07:13:00 PM,2024
CR00032697,10/28/2024 08:57:00 AM,20,RAIN,DUSK,REAR END,NOT DIVIDED,NO CONTROLS,FOLLOWING TOO CLOSELY,DISREGARDING TRAFFIC SIGNALS,0,0,0,0,8,2,10,927,47TH ST,41.820577,-87.519655,10/28/2024 10:56:00 AM,2024
CR00032698,08/15/2019 04:38:00 AM,20,CLEAR,DARKNESS - LIGHTED ROAD,PARKED MOTOR VEHICLE,FOUR WAY,TRAFFIC SIGNAL,IMPROPER LANE USAGE,FAILING TO YIELD RIGHT-OF-WAY,0,0,0,0,4,5,8,1265,63RD ST,41.809996,-87.628073,08/15/2019 06:00:00 AM,2019
CR00032699,03/25/2017 06:26:00 AM,45,CLEAR,DARKNESS - LIGHTED ROAD,PARKED MOTOR VEHICLE,FOUR WAY,NO CONTROLS,DRIVING SKILLS/KNOWLEDGE/EXPERIENCE,UNABLE TO DETERMINE,0,0,0,0,6,7,3,2002,47TH ST,41.917619,-87.767314,03/25/2017 06:37:00 AM,2017
CR00032700,06/26/2021 06:39:00 PM,40,SNOW,DAYLIGHT,PARKED MOTOR VEHICLE,NOT DIVIDED,UNKNOWN,UNABLE TO DETERMINE,FOLLOWING TOO CLOSELY,0,0,0,0,18,7,6,358,WESTERN AVE,41.828379,-87.656555,06/26/2021 08:30:00 PM,2021
CR00032701,09/25/2015 09:11:00 PM,30,SNOW,DAYLIGHT,ANGLE,NOT DIVIDED,NO CONTROLS,DRIVING SKILLS/KNOWLEDGE/EXPERIENCE,FAILING TO REDUCE SPEED,0,1,2,3,21,6,9,2442,BROADWAY,41.801048,-87.514071,09/25/2015 10:38:00 PM,2015
CR00032702,05/09/2024 04:38:00 PM,30,CLEAR,DAYLIGHT,REAR END,DIVIDED - W/MEDIAN (NOT RAISED),UNKNOWN,FAILING TO REDUCE SPEED,UNABLE TO DETERMINE,0,0,2,2,16,5,5,2195,HALSTED ST,41.885956,-87.701661,05/09/2024 05:53:00 PM,2024
CR00032703,01/24/2019 05:35:00 PM,25,CLEAR,DAYLIGHT,TURNING,FOUR WAY,NO CONTROLS,IMPROPER LANE USAGE,FAILING TO YIELD RIGHT-OF-WAY,0,0,0,0,17,5,1,1539,STATE ST,41.875249,-87.569404,01/24/2019 06:32:00 PM,2019
CR00032704,09/27/2017 08:26:00 PM,35,RAIN,DAYLIGHT,PARKED MOTOR VEHICLE,DIVIDED - W/MEDIAN BARRIER,TRAFFIC SIGNAL,DRIVING SKILLS/KNOWLEDGE/EXPERIENCE,NOT APPLICABLE,0,0,0,0,20,4,9,503,KEDZIE AVE,41.9611,-87.582519,09/27/2017 09:20:00 PM,2017
CR00032705,12/07/2022 12:17:00 PM,15,CLEAR,DARKNESS - LIGHTED ROAD,PEDESTRIAN,DIVIDED - W/MEDIAN (NOT RAISED),TRAFFIC SIGNAL,IMPROPER LANE USAGE,WEATHER,0,0,0,0,12,4,12,1399,IRVING PARK RD,41.71042,-87.662786,12/07/2022 12:59:00 PM,2022
CR00032706,07/20/2023 08:17:00 AM,35,CLEAR,DAYLIGHT,SIDESWIPE SAME DIRECTION,FOUR WAY,NO CONTROLS,FAILING TO YIELD RIGHT-OF-WAY,FOLLOWING TOO CLOSELY,0,0,0,0,8,5,7,1452,OGDEN AVE,41.90362,-87.822319,07/20/2023 09:59:00 AM,2023
CR00032707,02/06/2018 11:37:00 PM,40,CLEAR,DARKNESS - LIGHTED ROAD,REAR END,FOUR WAY,NO CONTROLS,FAILING TO REDUCE SPEED,IMPROPER OVERTAKING/PASSING,0,0,0,0,23,3,2,1911,ARCHER AVE,41.965325,-87.580963,02/07/2018 12:47:00 AM,2018
CR00032708,11/25/2022 04:05:00 PM,30,CLEAR,DAYLIGHT,REAR END,DIVIDED - W/MEDIAN (NOT RAISED),TRAFFIC SIGNAL,IMPROPER OVERTAKING/PASSING,DISREGARDING TRAFFIC SIGNALS,0,0,0,0,16,6,11,1152,CALIFORNIA AVE,41.793685,-87.679896,11/25/2022 04:55:00 PM,2022
CR00032709,04/02/2019 07:32:00 PM,30,CLEAR,DAYLIGHT,PARKED MOTOR VEHICLE,ONE-WAY,TRAFFIC SIGNAL,UNABLE TO DETERMINE,NOT APPLICABLE,0,0,0,0,19,3,4,1304,63RD ST,41.754448,-87.573782,04/02/2019 09:04:00 PM,2019
CR00032710,10/31/2020 11:34:00 PM,30,CLEAR,DAYLIGHT,TURNING,NOT DIVIDED,TRAFFIC SIGNAL,UNABLE TO DETERMINE,UNABLE TO DETERMINE,0,0,0,0,23,7,10,103,KEDZIE AVE,41.949544,-87.835114,11/01/2020 12:32:00 AM,2020
CR00032711,05/18/2020 06:13:00 PM,30,CLEAR,DAYLIGHT,SIDESWIPE SAME DIRECTION,NOT DIVIDED,UNKNOWN,IMPROPER OVERTAKING/PASSING,NOT APPLICABLE,0,0,0,0,18,2,5,1226,CALIFORNIA AVE,41.888162,-87.715151,05/18/2020 06:49:00 PM,2020
CR00032712,10/20/2020 05:41:00 PM,35,CLEAR,DAYLIGHT,FIXED OBJECT,NOT DIVIDED,NO CONTROLS,FOLLOWING TOO CLOSELY,NOT APPLICABLE,0,0,0,0,17,3,10,388,DIVISION ST,41.835353,-87.748317,10/20/2020 06:25:00 PM,2020
CR00032713,03/08/2016 05:20:00 PM,30,CLEAR,DAYLIGHT,ANGLE,ONE-WAY,NO CONTROLS,FOLLOWING TOO CLOSELY,FAILING TO YIELD RIGHT-OF-WAY,0,0,0,0,17,3,3,2315,MILWAUKEE AVE,41.890112,-87.792584,03/08/2016 06:11:00 PM,2016
CR00032714,11/26/2016 03:08:00 PM,15,CLOUDY/OVERCAST,DAYLIGHT,REAR END,NOT DIVIDED,NO CONTROLS,UNABLE TO DETERMINE,WEATHER,0,0,0,0,15,7,11,2429,STATE ST,41.87046,-87.539476,11/26/2016 03:33:00 PM,2016
CR00032715,08/11/2015 04:55:00 PM,35,CLOUDY/OVERCAST,DAYLIGHT,REAR END,DIVIDED - W/MEDIAN (NOT RAISED),TRAFFIC SIGNAL,FOLLOWING TOO CLOSELY,FAILING TO YIELD RIGHT-OF-WAY,0,0,2,2,16,3,8,2044,CLARK ST,41.84665,-87.768772,08/11/2015 05:17:00 PM,2015
CR00032716,01/01/2018 11:46:00 AM,30,CLOUDY/OVERCAST,DARKNESS - LIGHTED ROAD,REAR END,DIVIDED - W/MEDIAN (NOT RAISED),NO CONTROLS,DISTRACTION - FROM INSIDE VEHICLE,DRIVING SKILLS/KNOWLEDGE/EXPERIENCE,0,0,0,0,11,2,1,1553,OGDEN AVE,41.863675,-87.835901,01/01/2018 01:43:00 PM,2018
CR00032717,08/25/2019 01:02:00 AM,30,CLEAR,DAYLIGHT,TURNING,FOUR WAY,YIELD,DRIVING SKILLS/KNOWLEDGE/EXPERIENCE,DISTRACTION - FROM INSIDE VEHICLE,0,0,0,0,1,1,8,1352,PULASKI RD,41.893783,-87.753934,08/25/2019 01:52:00 AM,2019
CR00032718,11/05/2024 03:12:00 PM,15,CLEAR,DAYLIGHT,PARKED MOTOR VEHICLE,FOUR WAY,NO CONTROLS,FOLLOWING TOO CLOSELY,UNABLE TO DETERMINE,0,0,0,0,15,3,11,667,ELSTON AVE,41.893868,-87.758511,11/05/2024 03:33:00 PM,2024
CR00032719,07/28/2021 08:08:00 PM,35,CLEAR,DAYLIGHT,ANGLE,DIVIDED - W/MEDIAN (NOT RAISED),NO CONTROLS,DISTRACTION - FROM INSIDE VEHICLE,DRIVING SKILLS/KNOWLEDGE/EXPERIENCE,0,0,0,0,20,4,7,566,79TH ST,41.989269,-87.657052,07/28/2021 08:22:00 PM,2021
CR00032720,06/14/2021 05:59:00 AM,45,RAIN,DARKNESS - LIGHTED ROAD,REAR END,DIVIDED - W/MEDIAN (NOT RAISED),YIELD,UNABLE TO DETERMINE,IMPROPER OVERTAKING/PASSING,0,0,0,0,5,2,6,2141,PULASKI RD,41.881971,-87.793375,06/14/2021 06:13:00 AM,2021
CR00032721,01/24/2023 05:42:00 PM,25,CLEAR,DAYLIGHT,PARKED MOTOR VEHICLE,DIVIDED - W/MEDIAN (NOT RAISED),NO CONTROLS,IMPROPER LANE USAGE,IMPROPER LANE USAGE,0,0,1,1,17,3,1,1666,CICERO AVE,41.811769,-87.64585,01/24/2023 07:11:00 PM,2023
CR00032722,06/19/2015 03:11:00 PM,15,CLOUDY/OVERCAST,DARKNESS - LIGHTED ROAD,FIXED OBJECT,ONE-WAY,NO CONTROLS,FOLLOWING TOO CLOSELY,DISTRACTION - FROM INSIDE VEHICLE,0,0,0,0,15,6,6,1973,ROOSEVELT RD,41.972547,-87.673111,06/19/2015 04:54:00 PM,2015
CR00032723,10/05/2024 07:36:00 AM,35,CLEAR,DARKNESS - LIGHTED ROAD,PARKED MOTOR VEHICLE,DIVIDED - W/MEDIAN (NOT RAISED),UNKNOWN,IMPROPER OVERTAKING/PASSING,FAILING TO REDUCE SPEED,0,0,1,1,7,7,10,893,KEDZIE AVE,41.878404,-87.542489,10/05/2024 08:17:00 AM,2024
CR00032724,09/25/2018 05:52:00 PM,30,CLEAR,DAYLIGHT,FIXED OBJECT,ONE-WAY,TRAFFIC SIGNAL,UNABLE TO DETERMINE,FOLLOWING TOO CLOSELY,0,0,1,1,17,3,9,1200,PULASKI RD,41.735895,-87.629952,09/25/2018 06:03:00 PM,2018
CR00032725,11/18/2016 01:33:00 PM,30,SNOW,DAYLIGHT,TURNING,FOUR WAY,NO CONTROLS,FOLLOWING TOO CLOSELY,IMPROPER LANE USAGE,0,0,0,0,13,6,11,688,KEDZIE AVE,41.753699,-87.796295,11/18/2016 02:15:00 PM,2016
CR00032726,02/17/2022 08:13:00 PM,30,CLEAR,DAYLIGHT,TURNING,ONE-WAY,UNKNOWN,IMPROPER OVERTAKING/PASSING,DISREGARDING TRAFFIC SIGNALS,0,0,0,0,20,5,2,946,STATE ST,41.867755,-87.502329,02/17/2022 08:18:00 PM,2022
CR00032727,08/25/2021 01:22:00 PM,35,CLEAR,DAYLIGHT,TURNING,NOT DIVIDED,TRAFFIC SIGNAL,IMPROPER OVERTAKING/PASSING,IMPROPER LANE USAGE,0,0,0,0,13,4,8,440,ELSTON AVE,41.735471,-87.688892,08/25/2021 01:55:00 PM,2021
CR00032728,06/05/2024 06:14:00 PM,30,CLEAR,DARKNESS - LIGHTED ROAD,SIDESWIPE SAME DIRECTION,DIVIDED - W/MEDIAN (NOT RAISED),STOP SIGN/FLASHER,FOLLOWING TOO CLOSELY,FOLLOWING TOO CLOSELY,0,0,0,0,18,4,6,163,FULLERTON AVE,41.749123,-87.561598,06/05/2024 07:49:00 PM,2024
CR00032729,07/15/2017 08:09:00 PM,30,SNOW,DAYLIGHT,ANGLE,DIVIDED - W/MEDIAN (NOT RAISED),NO CONTROLS,DISREGARDING TRAFFIC SIGNALS,DISTRACTION - FROM INSIDE VEHICLE,0,0,0,0,20,7,7,1303,79TH ST,41.955993,-87.532503,07/15/2017 08:40:00 PM,2017
CR00032730,05/23/2016 03:56:00 PM,30,CLOUDY/OVERCAST,DARKNESS - LIGHTED ROAD,FIXED OBJECT,DIVIDED - W/MEDIAN BARRIER,NO CONTROLS,FAILING TO REDUCE SPEED,UNABLE TO DETERMINE,0,0,0,0,15,2,5,1372,DIVISION ST,41.757157,-87.744372,05/23/2016 05:30:00 PM,2016
CR00032731,06/29/2022 04:44:00 PM,30,CLEAR,DAYLIGHT,TURNING,NOT DIVIDED,TRAFFIC SIGNAL,UNABLE TO DETERMINE,NOT APPLICABLE,0,0,0,0,16,4,6,151,CLARK ST,41.855266,-87.500273,06/29/2022 06:00:00 PM,2022
CR00032732,10/02/2020 06:16:00 PM,15,CLEAR,DAYLIGHT,FIXED OBJECT,ONE-WAY,NO CONTROLS,FOLLOWING TOO CLOSELY,UNABLE TO DETERMINE,0,0,0,0,18,6,10,2513,CICERO AVE,41.795599,-87.677454,10/02/2020 07:29:00 PM,2020
CR00032733,11/14/2021 12:17:00 PM,30,CLOUDY/OVERCAST,DAYLIGHT,REAR TO FRONT,FOUR WAY,NO CONTROLS,IMPROPER LANE USAGE,IMPROPER LANE USAGE,0,0,0,0,12,1,11,289,BROADWAY,41.998355,-87.554494,11/14/2021 12:31:00 PM,2021
CR00032734,07/04/2017 05:56:00 PM,35,CLEAR,DARKNESS - LIGHTED ROAD,ANGLE,NOT DIVIDED,NO CONTROLS,UNABLE TO DETERMINE,DRIVING SKILLS/KNOWLEDGE/EXPERIENCE,0,0,0,0,17,3,7,736,BROADWAY,41.77417,-87.616575,07/04/2017 06:11:00 PM,2017
CR00032735,04/25/2024 06:07:00 AM,35,CLOUDY/OVERCAST,DAYLIGHT,REAR END,NOT DIVIDED,NO CONTROLS,IMPROPER OVERTAKING/PASSING,NOT APPLICABLE,0,0,1,1,6,5,4,1334,HALSTED ST,41.882805,-87.51745,04/25/2024 06:38:00 AM,2024
CR00032736,12/12/2019 03:36:00 AM,25,CLEAR,DAYLIGHT,TURNING,NOT DIVIDED,PEDESTRIAN CROSSING SIGN,FOLLOWING TOO CLOSELY,WEATHER,0,0,0,0,3,5,12,1783,CICERO AVE,41.912884,-87.645928,12/12/2019 04:11:00 AM,2019
CR00032737,12/03/2016 10:56:00 AM,25,SNOW,DAWN,TURNING,DIVIDED - W/MEDIAN (NOT RAISED),NO CONTROLS,DRIVING SKILLS/KNOWLEDGE/EXPERIENCE,UNABLE TO DETERMINE,0,0,0,0,10,7,12,204,MICHIGAN AVE,41.882592,-87.685436,12/03/2016 12:23:00 PM,2016
CR00032738,02/16/2018 09:40:00 AM,20,RAIN,DAWN,REAR END,ONE-WAY,TRAFFIC SIGNAL,FOLLOWING TOO CLOSELY,NOT APPLICABLE,0,0,1,1,9,6,2,1366,MICHIGAN AVE,41.753706,-87.535384,02/16/2018 10:10:00 AM,2018
CR00032739,11/24/2022 04:58:00 PM,45,RAIN,DAYLIGHT,REAR TO FRONT,DIVIDED - W/MEDIAN (NOT RAISED),NO CONTROLS,UNABLE TO DETERMINE,IMPROPER OVERTAKING/PASSING,0,0,0,0,16,5,11,2249,HALSTED ST,41.82659,-87.675058,11/24/2022 06:26:00 PM,2022
CR00032740,05/04/2018 02:02:00 PM,20,CLEAR,DAYLIGHT,PARKED MOTOR VEHICLE,NOT DIVIDED,UNKNOWN,IMPROPER OVERTAKING/PASSING,FAILING TO YIELD RIGHT-OF-WAY,0,0,0,0,14,6,5,1341,CLARK ST,41.772767,-87.631888,05/04/2018 03:24:00 PM,2018
CR00032741,02/17/2021 08:00:00 AM,40,CLEAR,DAYLIGHT,ANGLE,NOT DIVIDED,TRAFFIC SIGNAL,DISREGARDING TRAFFIC SIGNALS,DRIVING SKILLS/KNOWLEDGE/EXPERIENCE,0,0,0,0,8,4,2,333,ROOSEVELT RD,41.802842,-87.821659,02/17/2021 09:27:00 AM,2021
CR00032742,04/22/2024 11:55:00 AM,15,RAIN,DARKNESS,REAR END,NOT DIVIDED,NO CONTROLS,DISREGARDING TRAFFIC SIGNALS,UNABLE TO DETERMINE,0,0,0,0,11,2,4,666,ELSTON AVE,41.953077,-87.640885,04/22/2024 12:54:00 PM,2024
CR00032743,07/26/2018 08:54:00 AM,30,CLOUDY/OVERCAST,DAYLIGHT,REAR END,DIVIDED - W/MEDIAN (NOT RAISED),STOP SIGN/FLASHER,FOLLOWING TOO CLOSELY,UNABLE TO DETERMINE,0,1,3,4,8,5,7,709,ARCHER AVE,41.999881,-87.761312,07/26/2018 09:41:00 AM,2018
CR00032744,09/14/2016 11:32:00 AM,30,CLEAR,DARKNESS,REAR END,ONE-WAY,STOP SIGN/FLASHER,FAILING TO YIELD RIGHT-OF-WAY,UNABLE TO DETERMINE,0,0,0,0,11,4,9,681,ROOSEVELT RD,41.743808,-87.504221,09/14/2016 12:50:00 PM,2016
CR00032745,02/04/2018 08:35:00 AM,40,CLEAR,DAYLIGHT,TURNING,DIVIDED - W/MEDIAN (NOT RAISED),NO CONTROLS,FOLLOWING TOO CLOSELY,FAILING TO YIELD RIGHT-OF-WAY,0,0,0,0,8,1,2,935,STONY ISLAND AVE,41.994404,-87.616343,02/04/2018 09:23:00 AM,2018
CR00032746,01/19/2021 11:05:00 AM,35,CLEAR,DAYLIGHT,REAR END,DIVIDED - W/MEDIAN (NOT RAISED),NO CONTROLS,FAILING TO YIELD RIGHT-OF-WAY,UNABLE TO DETERMINE,0,0,0,0,11,3,1,2369,KEDZIE AVE,41.764877,-87.765207,01/19/2021 12:21:00 PM,2021
CR00032747,12/07/2019 11:20:00 AM,30,CLEAR,DAYLIGHT,PARKED MOTOR VEHICLE,ONE-WAY,YIELD,DRIVING SKILLS/KNOWLEDGE/EXPERIENCE,IMPROPER LANE USAGE,0,0,0,0,11,7,12,1912,79TH ST,41.7359,-87.732135,12/07/2019 01:19:00 PM,2019
CR00032748,12/16/2019 03:54:00 PM,30,FOG/SMOKE/HAZE,DAYLIGHT,REAR END,DIVIDED - W/MEDIAN (NOT RAISED),UNKNOWN,UNABLE TO DETERMINE,FAILING TO REDUCE SPEED,0,0,0,0,15,2,12,2029,BROADWAY,41.974891,-87.712517,12/16/2019 03:58:00 PM,2019
CR00032749,07/17/2015 10:42:00 PM,35,CLEAR,DAYLIGHT,ANGLE,NOT DIVIDED,UNKNOWN,DISREGARDING TRAFFIC SIGNALS,FOLLOWING TOO CLOSELY,0,0,0,0,22,6,7,2388,WESTERN AVE,41.726311,-87.690356,07/17/2015 11:38:00 PM,2015
CR00032750,10/16/2023 08:49:00 AM,35,CLEAR,DAYLIGHT,REAR END,FOUR WAY,NO CONTROLS,DISREGARDING TRAFFIC SIGNALS,NOT APPLICABLE,0,0,2,2,8,2,10,353,KEDZIE AVE,41.837453,-87.625901,10/16/2023 09:02:00 AM,2023
CR00032751,09/23/2022 08:03:00 PM,30,CLEAR,DAYLIGHT,ANGLE,T-INTERSECTION,STOP SIGN/FLASHER,UNABLE TO DETERMINE,FAILING TO REDUCE SPEED,0,0,0,0,20,6,9,442,ARCHER AVE,41.85064,-87.579194,09/23/2022 08:09:00 PM,2022