CRASH_RECORD_ID,CRASH_DATE,POSTED_SPEED_LIMIT,WEATHER_CONDITION,LIGHTING_CONDITION,FIRST_CRASH_TYPE,TRAFFICWAY_TYPE,TRAFFIC_CONTROL_DEVICE,PRIM_CONTRIBUTORY_CAUSE,SEC_CONTRIBUTORY_CAUSE,INJURIES_FATAL,INJURIES_INCAPACITATING,INJURIES_NON_INCAPACITATING,INJURIES_TOTAL,CRASH_HOUR,CRASH_DAY_OF_WEEK,CRASH_MONTH,BEAT_OF_OCCURRENCE,STREET_NAME,LATITUDE,LONGITUDE,DATE_POLICE_NOTIFIED,year
CR00032752,12/29/2017 05:41:00 PM,30,CLEAR,DAYLIGHT,FIXED OBJECT,NOT DIVIDED,TRAFFIC SIGNAL,FAILING TO YIELD RIGHT-OF-WAY,FAILING TO YIELD RIGHT-OF-WAY,0,1,1,2,17,6,12,2024,CALIFORNIA AVE,41.946236,-87.636522,12/29/2017 06:15:00 PM,2017
CR00032753,01/14/2016 05:43:00 PM,30,RAIN,DARKNESS,TURNING,NOT DIVIDED,NO CONTROLS,UNABLE TO DETERMINE,FAILING TO YIELD RIGHT-OF-WAY,0,0,0,0,17,5,1,2420,DIVISION ST,41.872704,-87.843258,01/14/2016 07:00:00 PM,2016
CR00032754,11/18/2021 04:49:00 PM,35,CLEAR,DAYLIGHT,REAR TO FRONT,DIVIDED - W/MEDIAN BARRIER,TRAFFIC SIGNAL,FOLLOWING TOO CLOSELY,UNABLE TO DETERMINE,0,0,0,0,16,5,11,1614,ROOSEVELT RD,41.983624,-87.611429,11/18/2021 05:42:00 PM,2021
CR00032755,10/11/2024 09:40:00 AM,30,CLEAR,DAYLIGHT,FIXED OBJECT,DIVIDED - W/MEDIAN BARRIER,STOP SIGN/FLASHER,UNABLE TO DETERMINE,NOT APPLICABLE,0,0,0,0,9,6,10,974,BROADWAY,41.752818,-87.847222,10/11/2024 10:11:00 AM,2024
CR00032756,09/21/2016 02:23:00 PM,35,CLEAR,DARKNESS - LIGHTED ROAD,REAR END,DIVIDED - W/MEDIAN BARRIER,TRAFFIC SIGNAL,UNABLE TO DETERMINE,NOT APPLICABLE,0,0,1,1,14,4,9,1991,79TH ST,41.983737,-87.53954,09/21/2016 03:01:00 PM,2016
CR00032757,10/19/2018 08:26:00 AM,40,FOG/SMOKE/HAZE,DAYLIGHT,PARKED MOTOR VEHICLE,NOT DIVIDED,NO CONTROLS,DISREGARDING TRAFFIC SIGNALS,DISTRACTION - FROM INSIDE VEHICLE,0,0,0,0,8,6,10,2443,LAKE SHORE DR,41.950527,-87.502147,10/19/2018 09:09:00 AM,2018
CR00032758,06/13/2020 10:46:00 PM,30,CLEAR,DARKNESS - LIGHTED ROAD,TURNING,NOT DIVIDED,YIELD,FAILING TO YIELD RIGHT-OF-WAY,IMPROPER LANE USAGE,0,0,0,0,22,7,6,530,MICHIGAN AVE,41.803359,-87.670195,06/13/2020 11:16:00 PM,2020
CR00032759,08/05/2022 09:16:00 AM,20,RAIN,DAYLIGHT,TURNING,DIVIDED - W/MEDIAN (NOT RAISED),TRAFFIC SIGNAL,FAILING TO YIELD RIGHT-OF-WAY,IMPROPER LANE USAGE,0,0,0,0,9,6,8,1952,CLARK ST,41.939448,-87.547651,08/05/2022 09:38:00 AM,2022
CR00032760,12/25/2021 08:31:00 AM,40,RAIN,DAYLIGHT,FIXED OBJECT,NOT DIVIDED,NO CONTROLS,FAILING TO YIELD RIGHT-OF-WAY,UNABLE TO DETERMINE,0,0,0,0,8,7,12,341,MICHIGAN AVE,41.729226,-87.680222,12/25/2021 09:26:00 AM,2021
CR00032761,11/08/2021 07:36:00 PM,45,CLEAR,DARKNESS,PARKED MOTOR VEHICLE,FOUR WAY,TRAFFIC SIGNAL,FOLLOWING TOO CLOSELY,UNABLE TO DETERMINE,0,0,1,1,19,2,11,2265,ELSTON AVE,41.830558,-87.786117,11/08/2021 07:57:00 PM,2021
CR00032762,01/29/2019 10:46:00 PM,35,FOG/SMOKE/HAZE,DARKNESS - LIGHTED ROAD,FIXED OBJECT,NOT DIVIDED,NO CONTROLS,UNABLE TO DETERMINE,IMPROPER OVERTAKING/PASSING,0,0,0,0,22,3,1,1600,CALIFORNIA AVE,41.908931,-87.724997,01/30/2019 12:41:00 AM,2019
CR00032763,05/28/2018 12:25:00 PM,35,CLEAR,DAWN,REAR END,ONE-WAY,STOP SIGN/FLASHER,UNABLE TO DETERMINE,UNABLE TO DETERMINE,0,0,0,0,12,2,5,2158,STATE ST,41.979645,-87.712166,05/28/2018 01:47:00 PM,2018
CR00032764,04/30/2021 12:22:00 PM,35,CLEAR,DAYLIGHT,SIDESWIPE SAME DIRECTION,NOT DIVIDED,NO CONTROLS,DRIVING SKILLS/KNOWLEDGE/EXPERIENCE,NOT APPLICABLE,0,1,0,1,12,6,4,949,PULASKI RD,41.831235,-87.610313,04/30/2021 12:49:00 PM,2021
CR00032765,06/23/2015 11:58:00 PM,35,CLEAR,DAYLIGHT,ANGLE,NOT DIVIDED,NO CONTROLS,IMPROPER LANE USAGE,IMPROPER LANE USAGE,0,0,2,2,23,3,6,1670,ELSTON AVE,41.844583,-87.765392,06/24/2015 12:50:00 AM,2015
CR00032766,11/18/2024 07:57:00 AM,30,CLEAR,DAYLIGHT,REAR END,ONE-WAY,NO CONTROLS,UNABLE TO DETERMINE,FAILING TO YIELD RIGHT-OF-WAY,0,1,3,4,7,2,11,1799,PULASKI RD,41.777436,-87.523273,11/18/2024 08:01:00 AM,2024
CR00032767,05/22/2022 05:12:00 PM,15,CLOUDY/OVERCAST,DAYLIGHT,REAR END,NOT DIVIDED,STOP SIGN/FLASHER,UNABLE TO DETERMINE,DRIVING SKILLS/KNOWLEDGE/EXPERIENCE,0,0,0,0,17,1,5,1670,47TH ST,41.719111,-87.796934,05/22/2022 07:05:00 PM,2022
CR00032768,02/19/2019 01:45:00 AM,15,CLOUDY/OVERCAST,DAYLIGHT,REAR TO FRONT,NOT DIVIDED,STOP SIGN/FLASHER,IMPROPER OVERTAKING/PASSING,NOT APPLICABLE,0,2,3,5,1,3,2,1952,MILWAUKEE AVE,41.980128,-87.524141,02/19/2019 03:14:00 AM,2019
CR00032769,08/24/2020 12:37:00 PM,30,CLEAR,DARKNESS - LIGHTED ROAD,ANGLE,ONE-WAY,STOP SIGN/FLASHER,WEATHER,FOLLOWING TOO CLOSELY,0,0,0,0,12,2,8,2072,MICHIGAN AVE,41.811934,-87.812783,08/24/2020 01:50:00 PM,2020
CR00032770,01/31/2015 06:12:00 PM,30,CLEAR,DAYLIGHT,SIDESWIPE SAME DIRECTION,DIVIDED - W/MEDIAN (NOT RAISED),NO CONTROLS,DRIVING SKILLS/KNOWLEDGE/EXPERIENCE,NOT APPLICABLE,0,0,0,0,18,7,1,1173,DIVISION ST,41.848251,-87.773649,01/31/2015 06:21:00 PM,2015
CR00032771,09/08/2024 01:27:00 PM,35,RAIN,DAYLIGHT,TURNING,DIVIDED - W/MEDIAN (NOT RAISED),NO CONTROLS,IMPROPER LANE USAGE,UNABLE TO DETERMINE,0,0,0,0,13,1,9,629,OGDEN AVE,41.959963,-87.682052,09/08/2024 02:06:00 PM,2024
CR00032772,08/25/2024 06:35:00 PM,30,CLEAR,DARKNESS - LIGHTED ROAD,PARKED MOTOR VEHICLE,DIVIDED - W/MEDIAN (NOT RAISED),TRAFFIC SIGNAL,UNABLE TO DETERMINE,IMPROPER LANE USAGE,0,0,0,0,18,1,8,167,OGDEN AVE,41.916192,-87.807478,08/25/2024 07:24:00 PM,2024
CR00032773,05/23/2020 06:06:00 PM,30,SNOW,DARKNESS - LIGHTED ROAD,TURNING,NOT DIVIDED,NO CONTROLS,FOLLOWING TOO CLOSELY,FAILING TO YIELD RIGHT-OF-WAY,0,0,0,0,18,7,5,1611,DAMEN AVE,41.95382,-87.634611,05/23/2020 06:34:00 PM,2020
CR00032774,03/07/2024 09:13:00 PM,40,SNOW,DAYLIGHT,SIDESWIPE SAME DIRECTION,DIVIDED - W/MEDIAN BARRIER,TRAFFIC SIGNAL,IMPROPER OVERTAKING/PASSING,IMPROPER LANE USAGE,0,0,0,0,21,5,3,223,STONY ISLAND AVE,41.922584,-87.501073,03/07/2024 09:21:00 PM,2024
CR00032775,08/31/2019 01:32:00 PM,35,RAIN,DARKNESS,ANGLE,ONE-WAY,TRAFFIC SIGNAL,UNABLE TO DETERMINE,NOT APPLICABLE,0,0,0,0,13,7,8,2419,STATE ST,41.734704,-87.557879,08/31/2019 01:45:00 PM,2019
CR00032776,01/10/2024 05:08:00 AM,35,CLEAR,DAYLIGHT,PARKED MOTOR VEHICLE,ONE-WAY,TRAFFIC SIGNAL,IMPROPER OVERTAKING/PASSING,DISTRACTION - FROM INSIDE VEHICLE,0,0,1,1,5,4,1,1541,63RD ST,41.778929,-87.69929,01/10/2024 06:10:00 AM,2024
CR00032777,09/10/2020 05:39:00 PM,30,CLEAR,DARKNESS - LIGHTED ROAD,FIXED OBJECT,ONE-WAY,UNKNOWN,FAILING TO REDUCE SPEED,DRIVING SKILLS/KNOWLEDGE/EXPERIENCE,0,0,0,0,17,5,9,2354,DAMEN AVE,41.711768,-87.541645,09/10/2020 07:19:00 PM,2020
CR00032778,08/30/2017 06:53:00 PM,30,SNOW,DAYLIGHT,TURNING,NOT DIVIDED,TRAFFIC SIGNAL,FAILING TO YIELD RIGHT-OF-WAY,UNABLE TO DETERMINE,0,0,1,1,18,4,8,1463,CICERO AVE,41.912394,-87.532357,08/30/2017 07:21:00 PM,2017
CR00032779,12/11/2019 07:02:00 AM,40,FREEZING RAIN/DRIZZLE,DAYLIGHT,PARKED MOTOR VEHICLE,DIVIDED - W/MEDIAN (NOT RAISED),NO CONTROLS,WEATHER,UNABLE TO DETERMINE,0,0,0,0,7,4,12,1706,63RD ST,41.800968,-87.505583,12/11/2019 07:51:00 AM,2019
CR00032780,01/25/2024 11:21:00 PM,45,CLOUDY/OVERCAST,DAYLIGHT,SIDESWIPE SAME DIRECTION,T-INTERSECTION,UNKNOWN,UNABLE TO DETERMINE,IMPROPER OVERTAKING/PASSING,0,0,0,0,23,5,1,2197,CICERO AVE,41.838062,-87.532445,01/26/2024 12:58:00 AM,2024
CR00032781,01/12/2019 08:17:00 AM,35,CLOUDY/OVERCAST,DARKNESS - LIGHTED ROAD,REAR END,FOUR WAY,NO CONTROLS,FAILING TO YIELD RIGHT-OF-WAY,NOT APPLICABLE,0,1,0,1,8,7,1,472,MICHIGAN AVE,41.703636,-87.541839,01/12/2019 08:27:00 AM,2019
CR00032782,06/16/2017 03:31:00 PM,20,CLEAR,DAYLIGHT,REAR END,DIVIDED - W/MEDIAN (NOT RAISED),STOP SIGN/FLASHER,FOLLOWING TOO CLOSELY,NOT APPLICABLE,0,0,1,1,15,6,6,1425,CLARK ST,41.934578,-87.67583,06/16/2017 04:20:00 PM,2017
CR00032783,03/12/2021 11:12:00 AM,25,CLEAR,DARKNESS - LIGHTED ROAD,ANGLE,DIVIDED - W/MEDIAN (NOT RAISED),NO CONTROLS,DRIVING SKILLS/KNOWLEDGE/EXPERIENCE,FOLLOWING TOO CLOSELY,0,0,0,0,11,6,3,798,DIVISION ST,41.892528,-87.689939,03/12/2021 01:07:00 PM,2021
CR00032784,12/30/2024 07:26:00 PM,20,CLEAR,DAYLIGHT,PEDESTRIAN,NOT DIVIDED,NO CONTROLS,IMPROPER LANE USAGE,FOLLOWING TOO CLOSELY,0,0,1,1,19,2,12,2470,ELSTON AVE,41.765691,-87.622097,12/30/2024 09:09:00 PM,2024
CR00032785,03/25/2019 02:48:00 AM,30,CLEAR,DAYLIGHT,ANGLE,FOUR WAY,NO CONTROLS,FAILING TO REDUCE SPEED,FAILING TO REDUCE SPEED,0,0,0,0,2,2,3,1276,47TH ST,41.974109,-87.728706,03/25/2019 04:22:00 AM,2019
CR00032786,01/20/2017 10:30:00 AM,15,CLEAR,DAYLIGHT,REAR END,DIVIDED - W/MEDIAN BARRIER,UNKNOWN,UNABLE TO DETERMINE,UNABLE TO DETERMINE,0,0,0,0,10,6,1,1950,CALIFORNIA AVE,41.824523,-87.56705,01/20/2017 10:54:00 AM,2017
CR00032787,01/28/2017 11:35:00 PM,30,CLEAR,DAYLIGHT,ANGLE,ONE-WAY,TRAFFIC SIGNAL,DISREGARDING TRAFFIC SIGNALS,FOLLOWING TOO CLOSELY,0,0,0,0,23,7,1,604,DAMEN AVE,41.965895,-87.752873,01/28/2017 11:50:00 PM,2017
CR00032788,03/13/2022 12:17:00 AM,30,CLEAR,DAYLIGHT,REAR END,NOT DIVIDED,NO CONTROLS,IMPROPER OVERTAKING/PASSING,FOLLOWING TOO CLOSELY,0,0,0,0,0,1,3,2386,ROOSEVELT RD,41.844146,-87.535368,03/13/2022 02:16:00 AM,2022
CR00032789,10/05/2018 03:44:00 PM,30,CLEAR,DARKNESS,TURNING,NOT DIVIDED,PEDESTRIAN CROSSING SIGN,IMPROPER OVERTAKING/PASSING,UNABLE TO DETERMINE,0,0,0,0,15,6,10,966,CLARK ST,41.964971,-87.550328,10/05/2018 05:00:00 PM,2018
CR00032790,11/16/2020 08:50:00 AM,15,CLEAR,DAYLIGHT,SIDESWIPE SAME DIRECTION,NOT DIVIDED,STOP SIGN/FLASHER,UNABLE TO DETERMINE,FOLLOWING TOO CLOSELY,0,0,1,1,8,2,11,198,OGDEN AVE,41.726253,-87.573427,11/16/2020 09:30:00 AM,2020
CR00032791,12/29/2018 06:47:00 PM,40,CLEAR,DAYLIGHT,TURNING,NOT DIVIDED,TRAFFIC SIGNAL,UNABLE TO DETERMINE,NOT APPLICABLE,0,0,0,0,18,7,12,1058,ELSTON AVE,41.900851,-87.783946,12/29/2018 07:33:00 PM,2018
CR00032792,08/26/2024 03:55:00 AM,25,CLOUDY/OVERCAST,DARKNESS - LIGHTED ROAD,PARKED MOTOR VEHICLE,ONE-WAY,STOP SIGN/FLASHER,UNABLE TO DETERMINE,UNABLE TO DETERMINE,0,0,0,0,3,2,8,864,IRVING PARK RD,41.85191,-87.507619,08/26/2024 05:46:00 AM,2024
CR00032793,07/03/2018 07:37:00 AM,40,CLEAR,DARKNESS - LIGHTED ROAD,REAR END,DIVIDED - W/MEDIAN BARRIER,TRAFFIC SIGNAL,DRIVING SKILLS/KNOWLEDGE/EXPERIENCE,FAILING TO YIELD RIGHT-OF-WAY,0,0,0,0,7,3,7,2523,MICHIGAN AVE,41.781553,-87.620152,07/03/2018 09:24:00 AM,2018
CR00032794,01/19/2020 04:45:00 PM,20,FOG/SMOKE/HAZE,DAYLIGHT,PEDESTRIAN,DIVIDED - W/MEDIAN (NOT RAISED),NO CONTROLS,IMPROPER OVERTAKING/PASSING,UNABLE TO DETERMINE,0,0,0,0,16,1,1,2305,63RD ST,41.743541,-87.672239,01/19/2020 05:44:00 PM,2020
CR00032795,05/30/2022 08:58:00 PM,30,CLEAR,DAYLIGHT,TURNING,DIVIDED - W/MEDIAN (NOT RAISED),STOP SIGN/FLASHER,DRIVING SKILLS/KNOWLEDGE/EXPERIENCE,DISREGARDING TRAFFIC SIGNALS,0,0,0,0,20,2,5,1483,STONY ISLAND AVE,41.793269,-87.559086,05/30/2022 09:47:00 PM,2022
CR00032796,08/03/2018 05:38:00 AM,30,CLEAR,DAYLIGHT,PARKED MOTOR VEHICLE,NOT DIVIDED,NO CONTROLS,UNABLE TO DETERMINE,FOLLOWING TOO CLOSELY,0,0,0,0,5,6,8,1820,OGDEN AVE,41.858405,-87.553097,08/03/2018 05:42:00 AM,2018
CR00032797,12/06/2018 06:35:00 AM,35,CLEAR,DARKNESS,PARKED MOTOR VEHICLE,ONE-WAY,TRAFFIC SIGNAL,FAILING TO REDUCE SPEED,DISTRACTION - FROM INSIDE VEHICLE,0,0,0,0,6,5,12,216,DAMEN AVE,41.883538,-87.533717,12/06/2018 08:19:00 AM,2018
CR00032798,09/28/2020 07:15:00 AM,25,CLEAR,DAYLIGHT,FIXED OBJECT,ONE-WAY,NO CONTROLS,DRIVING SKILLS/KNOWLEDGE/EXPERIENCE,UNABLE TO DETERMINE,0,0,1,1,7,2,9,1407,PULASKI RD,41.74883,-87.541192,09/28/2020 08:02:00 AM,2020
CR00032799,10/16/2015 02:21:00 PM,30,CLEAR,DARKNESS - LIGHTED ROAD,PARKED MOTOR VEHICLE,T-INTERSECTION,NO CONTROLS,FOLLOWING TOO CLOSELY,UNABLE TO DETERMINE,0,0,0,0,14,6,10,2159,STONY ISLAND AVE,41.706132,-87.765232,10/16/2015 02:42:00 PM,2015
CR00032800,08/02/2018 04:16:00 PM,35,CLEAR,DAYLIGHT,REAR END,NOT DIVIDED,NO CONTROLS,FAILING TO REDUCE SPEED,FOLLOWING TOO CLOSELY,0,0,0,0,16,5,8,874,IRVING PARK RD,41.937991,-87.793534,08/02/2018 05:23:00 PM,2018
CR00032801,02/13/2019 12:22:00 PM,15,SNOW,DUSK,TURNING,NOT DIVIDED,TRAFFIC SIGNAL,FAILING TO YIELD RIGHT-OF-WAY,IMPROPER OVERTAKING/PASSING,0,0,1,1,12,4,2,605,MILWAUKEE AVE,41.760981,-87.642538,02/13/2019 12:58:00 PM,2019
CR00032802,10/30/2017 01:26:00 PM,40,FREEZING RAIN/DRIZZLE,DAYLIGHT,REAR END,T-INTERSECTION,UNKNOWN,FOLLOWING TOO CLOSELY,FAILING TO YIELD RIGHT-OF-WAY,0,0,0,0,13,2,10,951,CALIFORNIA AVE,41.959781,-87.761479,10/30/2017 02:16:00 PM,2017
CR00032803,01/28/2015 06:20:00 PM,45,CLEAR,DARKNESS,PARKED MOTOR VEHICLE,DIVIDED - W/MEDIAN (NOT RAISED),NO CONTROLS,UNABLE TO DETERMINE,NOT APPLICABLE,0,0,0,0,18,4,1,101,OGDEN AVE,41.99998,-87.835239,01/28/2015 07:10:00 PM,2015
CR00032804,02/11/2022 04:47:00 AM,15,CLEAR,DAYLIGHT,REAR TO FRONT,DIVIDED - W/MEDIAN BARRIER,STOP SIGN/FLASHER,FAILING TO REDUCE SPEED,NOT APPLICABLE,0,0,0,0,4,6,2,461,CALIFORNIA AVE,41.90228,-87.747689,02/11/2022 06:23:00 AM,2022
CR00032805,10/28/2023 06:11:00 AM,35,CLEAR,DAYLIGHT,FIXED OBJECT,NOT DIVIDED,PEDESTRIAN CROSSING SIGN,FAILING TO YIELD RIGHT-OF-WAY,UNABLE TO DETERMINE,0,0,1,1,6,7,10,2369,CICERO AVE,41.861825,-87.775855,10/28/2023 06:46:00 AM,2023
CR00032806,07/23/2016 05:29:00 PM,30,CLEAR,DARKNESS - LIGHTED ROAD,SIDESWIPE SAME DIRECTION,NOT DIVIDED,STOP SIGN/FLASHER,DRIVING SKILLS/KNOWLEDGE/EXPERIENCE,NOT APPLICABLE,0,0,0,0,17,7,7,2258,DIVISION ST,41.961676,-87.696327,07/23/2016 06:25:00 PM,2016
CR00032807,08/16/2020 08:30:00 AM,40,CLEAR,DARKNESS - LIGHTED ROAD,REAR END,T-INTERSECTION,NO CONTROLS,DRIVING SKILLS/KNOWLEDGE/EXPERIENCE,NOT APPLICABLE,0,0,0,0,8,1,8,1474,79TH ST,41.911419,-87.676308,08/16/2020 08:39:00 AM,2020
CR00032808,04/22/2023 04:51:00 AM,20,CLEAR,DAYLIGHT,SIDESWIPE SAME DIRECTION,ONE-WAY,TRAFFIC SIGNAL,FOLLOWING TOO CLOSELY,UNABLE TO DETERMINE,0,0,0,0,4,7,4,754,ASHLAND AVE,41.920733,-87.8264,04/22/2023 06:16:00 AM,2023
CR00032809,09/06/2020 07:10:00 AM,35,CLEAR,DARKNESS,SIDESWIPE SAME DIRECTION,ONE-WAY,STOP SIGN/FLASHER,IMPROPER LANE USAGE,UNABLE TO DETERMINE,0,0,0,0,7,1,9,2095,KEDZIE AVE,41.730618,-87.827469,09/06/2020 07:13:00 AM,2020
CR00032810,05/05/2015 06:23:00 PM,15,CLEAR,DARKNESS - LIGHTED ROAD,REAR END,DIVIDED - W/MEDIAN (NOT RAISED),NO CONTROLS,DISREGARDING TRAFFIC SIGNALS,NOT APPLICABLE,0,0,0,0,18,3,5,362,LAKE SHORE DR,41.911012,-87.643522,05/05/2015 06:32:00 PM,2015
CR00032811,07/10/2024 07:51:00 AM,25,SNOW,DAYLIGHT,FIXED OBJECT,NOT DIVIDED,UNKNOWN,FOLLOWING TOO CLOSELY,NOT APPLICABLE,0,0,0,0,7,4,7,1936,79TH ST,41.898448,-87.682846,07/10/2024 08:48:00 AM,2024
CR00032812,05/26/2020 05:23:00 PM,25,SNOW,DAYLIGHT,SIDESWIPE SAME DIRECTION,FOUR WAY,NO CONTROLS,UNABLE TO DETERMINE,UNABLE TO DETERMINE,0,0,0,0,17,3,5,1411,KEDZIE AVE,41.973534,-87.594422,05/26/2020 05:29:00 PM,2020
CR00032813,10/24/2021 06:08:00 PM,15,CLEAR,DAYLIGHT,TURNING,DIVIDED - W/MEDIAN BARRIER,STOP SIGN/FLASHER,FOLLOWING TOO CLOSELY,UNABLE TO DETERMINE,0,0,0,0,18,1,10,464,ELSTON AVE,41.816007,-87.776098,10/24/2021 07:26:00 PM,2021
CR00032814,08/31/2015 07:40:00 PM,45,CLEAR,DAYLIGHT,ANGLE,NOT DIVIDED,NO CONTROLS,UNABLE TO DETERMINE,NOT APPLICABLE,0,0,0,0,19,2,8,1960,WESTERN AVE,41.710545,-87.743929,08/31/2015 08:38:00 PM,2015
CR00032815,08/09/2023 02:56:00 PM,15,FOG/SMOKE/HAZE,DARKNESS - LIGHTED ROAD,REAR END,DIVIDED - W/MEDIAN (NOT RAISED),TRAFFIC SIGNAL,FOLLOWING TOO CLOSELY,DISTRACTION - FROM INSIDE VEHICLE,0,0,0,0,14,4,8,1578,HALSTED ST,41.93831,-87.739774,08/09/2023 04:34:00 PM,2023
CR00032816,08/26/2017 11:17:00 AM,30,CLEAR,DAYLIGHT,PARKED MOTOR VEHICLE,NOT DIVIDED,TRAFFIC SIGNAL,FAILING TO YIELD RIGHT-OF-WAY,FAILING TO REDUCE SPEED,0,0,0,0,11,7,8,2343,OGDEN AVE,41.745285,-87.769312,08/26/2017 11:26:00 AM,2017
CR00032817,12/22/2016 01:03:00 PM,40,CLEAR,DAYLIGHT,ANGLE,DIVIDED - W/MEDIAN (NOT RAISED),NO CONTROLS,UNABLE TO DETERMINE,DRIVING SKILLS/KNOWLEDGE/EXPERIENCE,0,0,0,0,13,5,12,290,ROOSEVELT RD,41.917952,-87.50969,12/22/2016 01:34:00 PM,2016
CR00032818,11/25/2022 10:33:00 AM,40,CLEAR,DARKNESS - LIGHTED ROAD,TURNING,FOUR WAY,TRAFFIC SIGNAL,FAILING TO YIELD RIGHT-OF-WAY,IMPROPER LANE USAGE,0,1,1,2,10,6,11,220,BROADWAY,41.795715,-87.702032,11/25/2022 11:20:00 AM,2022
CR00032819,05/07/2019 10:47:00 AM,35,CLEAR,DARKNESS - LIGHTED ROAD,TURNING,FOUR WAY,TRAFFIC SIGNAL,DRIVING SKILLS/KNOWLEDGE/EXPERIENCE,NOT APPLICABLE,0,0,0,0,10,3,5,227,LAKE SHORE DR,41.837824,-87.568483,05/07/2019 12:01:00 PM,2019
CR00032820,07/09/2018 10:45:00 PM,30,CLEAR,DAYLIGHT,PEDESTRIAN,NOT DIVIDED,TRAFFIC SIGNAL,FAILING TO YIELD RIGHT-OF-WAY,FOLLOWING TOO CLOSELY,0,0,1,1,22,2,7,1939,MILWAUKEE AVE,41.856431,-87.611063,07/09/2018 10:58:00 PM,2018
CR00032821,04/21/2018 08:43:00 AM,45,CLEAR,DAYLIGHT,ANGLE,ONE-WAY,TRAFFIC SIGNAL,UNABLE TO DETERMINE,DISTRACTION - FROM INSIDE VEHICLE,0,0,0,0,8,7,4,1922,IRVING PARK RD,41.856767,-87.669609,04/21/2018 08:48:00 AM,2018
CR00032822,11/27/2017 04:48:00 AM,35,CLEAR,DARKNESS - LIGHTED ROAD,REAR END,ONE-WAY,STOP SIGN/FLASHER,WEATHER,NOT APPLICABLE,0,0,0,0,4,2,11,214,HALSTED ST,41.791664,-87.750032,11/27/2017 05:45:00 AM,2017
CR00032823,11/03/2021 01:34:00 AM,20,CLEAR,DAYLIGHT,TURNING,ONE-WAY,STOP SIGN/FLASHER,DISTRACTION - FROM INSIDE VEHICLE,IMPROPER OVERTAKING/PASSING,0,0,0,0,1,4,11,258,MILWAUKEE AVE,41.887522,-87.58042,11/03/2021 01:41:00 AM,2021
CR00032824,07/19/2022 03:03:00 AM,45,CLEAR,DAYLIGHT,ANGLE,DIVIDED - W/MEDIAN BARRIER,TRAFFIC SIGNAL,FOLLOWING TOO CLOSELY,IMPROPER LANE USAGE,0,0,0,0,3,3,7,907,ELSTON AVE,41.815615,-87.696089,07/19/2022 04:11:00 AM,2022
CR00032825,02/24/2019 09:41:00 PM,30,CLEAR,DAYLIGHT,REAR END,NOT DIVIDED,TRAFFIC SIGNAL,IMPROPER OVERTAKING/PASSING,DRIVING SKILLS/KNOWLEDGE/EXPERIENCE,0,0,0,0,21,1,2,1906,STATE ST,41.884327,-87.680232,02/24/2019 10:03:00 PM,2019
CR00032826,11/15/2024 07:17:00 PM,20,CLEAR,DAYLIGHT,TURNING,DIVIDED - W/MEDIAN BARRIER,NO CONTROLS,UNABLE TO DETERMINE,FAILING TO YIELD RIGHT-OF-WAY,0,0,0,0,19,6,11,1732,ASHLAND AVE,41.790208,-87.838456,11/15/2024 08:15:00 PM,2024
CR00032827,06/11/2023 03:29:00 PM,40,CLEAR,DAYLIGHT,REAR TO FRONT,DIVIDED - W/MEDIAN (NOT RAISED),STOP SIGN/FLASHER,FOLLOWING TOO CLOSELY,FAILING TO YIELD RIGHT-OF-WAY,0,0,2,2,15,1,6,1446,STATE ST,41.856248,-87.787439,06/11/2023 05:05:00 PM,2023
CR00032828,05/06/2020 10:18:00 AM,35,CLOUDY/OVERCAST,DAYLIGHT,REAR END,DIVIDED - W/MEDIAN (NOT RAISED),NO CONTROLS,DISREGARDING TRAFFIC SIGNALS,UNABLE TO DETERMINE,0,0,0,0,10,4,5,138,DIVISION ST,41.780288,-87.608388,05/06/2020 11:21:00 AM,2020
CR00032829,05/17/2020 08:29:00 PM,40,CLEAR,DAYLIGHT,TURNING,DIVIDED - W/MEDIAN (NOT RAISED),STOP SIGN/FLASHER,UNABLE TO DETERMINE,IMPROPER LANE USAGE,0,0,3,3,20,1,5,1584,DAMEN AVE,41.757506,-87.753955,05/17/2020 08:55:00 PM,2020
CR00032830,12/05/2023 08:04:00 AM,45,CLEAR,DARKNESS - LIGHTED ROAD,PEDESTRIAN,DIVIDED - W/MEDIAN (NOT RAISED),TRAFFIC SIGNAL,FAILING TO REDUCE SPEED,FAILING TO YIELD RIGHT-OF-WAY,0,0,2,2,8,3,12,1318,STATE ST,41.815831,-87.58092,12/05/2023 09:15:00 AM,2023
CR00032831,03/16/2023 06:08:00 PM,35,CLEAR,DARKNESS - LIGHTED ROAD,PARKED MOTOR VEHICLE,FOUR WAY,NO CONTROLS,UNABLE TO DETERMINE,FOLLOWING TOO CLOSELY,0,0,0,0,18,5,3,1818,CLARK ST,41.842376,-87.619192,03/16/2023 07:24:00 PM,2023
CR00032832,07/12/2019 06:24:00 PM,30,CLEAR,DARKNESS - LIGHTED ROAD,REAR END,NOT DIVIDED,NO CONTROLS,FOLLOWING TOO CLOSELY,IMPROPER OVERTAKING/PASSING,0,0,0,0,18,6,7,503,KEDZIE AVE,41.744823,-87.776911,07/12/2019 07:16:00 PM,2019
CR00032833,05/20/2016 06:43:00 PM,15,CLEAR,DAYLIGHT,REAR END,DIVIDED - W/MEDIAN (NOT RAISED),STOP SIGN/FLASHER,FAILING TO YIELD RIGHT-OF-WAY,IMPROPER LANE USAGE,0,2,0,2,18,6,5,1884,STONY ISLAND AVE,41.814903,-87.82954,05/20/2016 08:31:00 PM,2016