CRASH_RECORD_ID,CRASH_DATE,POSTED_SPEED_LIMIT,WEATHER_CONDITION,LIGHTING_CONDITION,FIRST_CRASH_TYPE,TRAFFICWAY_TYPE,TRAFFIC_CONTROL_DEVICE,PRIM_CONTRIBUTORY_CAUSE,SEC_CONTRIBUTORY_CAUSE,INJURIES_FATAL,INJURIES_INCAPACITATING,INJURIES_NON_INCAPACITATING,INJURIES_TOTAL,CRASH_HOUR,CRASH_DAY_OF_WEEK,CRASH_MONTH,BEAT_OF_OCCURRENCE,STREET_NAME,LATITUDE,LONGITUDE,DATE_POLICE_NOTIFIED,year
CR00032834,03/26/2018 06:03:00 PM,30,CLEAR,DAYLIGHT,TURNING,FOUR WAY,NO CONTROLS,UNABLE TO DETERMINE,NOT APPLICABLE,0,0,0,0,18,2,3,1989,MILWAUKEE AVE,41.803839,-87.793271,03/26/2018 06:51:00 PM,2018
CR00032835,10/22/2020 03:59:00 PM,15,CLEAR,DARKNESS,ANGLE,ONE-WAY,NO CONTROLS,IMPROPER OVERTAKING/PASSING,IMPROPER LANE USAGE,0,0,0,0,15,5,10,479,MILWAUKEE AVE,41.704708,-87.515012,10/22/2020 05:27:00 PM,2020
CR00032836,04/03/2018 06:31:00 PM,30,CLEAR,DAWN,TURNING,T-INTERSECTION,NO CONTROLS,DISTRACTION - FROM INSIDE VEHICLE,NOT APPLICABLE,0,0,0,0,18,3,4,2052,LAKE SHORE DR,41.991051,-87.556987,04/03/2018 07:15:00 PM,2018
CR00032837,08/09/2015 08:05:00 PM,20,CLEAR,DAYLIGHT,TURNING,ONE-WAY,NO CONTROLS,DISTRACTION - FROM INSIDE VEHICLE,WEATHER,0,0,2,2,20,1,8,140,WESTERN AVE,41.953533,-87.593659,08/09/2015 08:30:00 PM,2015
CR00032838,01/11/2019 06:53:00 PM,25,CLOUDY/OVERCAST,DAYLIGHT,FIXED OBJECT,DIVIDED - W/MEDIAN (NOT RAISED),STOP SIGN/FLASHER,UNABLE TO DETERMINE,FAILING TO YIELD RIGHT-OF-WAY,0,0,0,0,18,6,1,1645,FULLERTON AVE,41.762808,-87.566731,01/11/2019 08:16:00 PM,2019
CR00032839,07/24/2023 06:42:00 AM,35,CLEAR,DAYLIGHT,PARKED MOTOR VEHICLE,NOT DIVIDED,NO CONTROLS,WEATHER,UNABLE TO DETERMINE,0,0,1,1,6,2,7,2417,FULLERTON AVE,41.829325,-87.536387,07/24/2023 08:06:00 AM,2023
CR00032840,10/18/2024 12:55:00 PM,15,RAIN,DARKNESS,REAR END,FOUR WAY,NO CONTROLS,WEATHER,DRIVING SKILLS/KNOWLEDGE/EXPERIENCE,0,0,0,0,12,6,10,1420,ARCHER AVE,41.717974,-87.814637,10/18/2024 02:08:00 PM,2024
CR00032841,09/16/2018 11:58:00 PM,30,CLEAR,DARKNESS,TURNING,NOT DIVIDED,NO CONTROLS,UNABLE TO DETERMINE,UNABLE TO DETERMINE,0,0,0,0,23,1,9,2140,ASHLAND AVE,41.733755,-87.667707,09/17/2018 01:56:00 AM,2018
CR00032842,11/16/2015 03:25:00 AM,20,CLEAR,DARKNESS - LIGHTED ROAD,PEDESTRIAN,DIVIDED - W/MEDIAN (NOT RAISED),STOP SIGN/FLASHER,FOLLOWING TOO CLOSELY,FOLLOWING TOO CLOSELY,0,0,0,0,3,2,11,986,47TH ST,41.895734,-87.847809,11/16/2015 04:39:00 AM,2015
CR00032843,12/23/2015 06:13:00 PM,30,CLEAR,DAYLIGHT,REAR TO FRONT,DIVIDED - W/MEDIAN BARRIER,TRAFFIC SIGNAL,DRIVING SKILLS/KNOWLEDGE/EXPERIENCE,UNABLE TO DETERMINE,0,0,0,0,18,4,12,580,ASHLAND AVE,41.946601,-87.735508,12/23/2015 06:53:00 PM,2015
CR00032844,02/27/2018 12:59:00 PM,20,CLEAR,DUSK,ANGLE,DIVIDED - W/MEDIAN (NOT RAISED),STOP SIGN/FLASHER,UNABLE TO DETERMINE,DRIVING SKILLS/KNOWLEDGE/EXPERIENCE,0,0,0,0,12,3,2,1759,79TH ST,41.921373,-87.618012,02/27/2018 01:44:00 PM,2018
CR00032845,03/10/2020 06:12:00 AM,40,CLOUDY/OVERCAST,DARKNESS - LIGHTED ROAD,REAR END,ONE-WAY,NO CONTROLS,FAILING TO YIELD RIGHT-OF-WAY,FOLLOWING TOO CLOSELY,0,0,0,0,6,3,3,791,DAMEN AVE,41.93252,-87.632541,03/10/2020 07:40:00 AM,2020
CR00032846,01/04/2020 08:48:00 AM,45,CLEAR,DAYLIGHT,TURNING,DIVIDED - W/MEDIAN BARRIER,STOP SIGN/FLASHER,FOLLOWING TOO CLOSELY,NOT APPLICABLE,0,0,0,0,8,7,1,1596,ELSTON AVE,41.979863,-87.647705,01/04/2020 10:12:00 AM,2020
CR00032847,02/20/2019 06:37:00 PM,30,RAIN,DAYLIGHT,SIDESWIPE SAME DIRECTION,FOUR WAY,NO CONTROLS,FAILING TO REDUCE SPEED,DISTRACTION - FROM INSIDE VEHICLE,0,0,0,0,18,4,2,950,PULASKI RD,41.905743,-87.606715,02/20/2019 07:07:00 PM,2019
CR00032848,08/03/2020 07:01:00 PM,15,CLEAR,DARKNESS - LIGHTED ROAD,FIXED OBJECT,NOT DIVIDED,STOP SIGN/FLASHER,FOLLOWING TOO CLOSELY,FAILING TO REDUCE SPEED,0,0,0,0,19,2,8,861,STONY ISLAND AVE,41.740541,-87.666973,08/03/2020 08:50:00 PM,2020
CR00032849,09/05/2021 02:36:00 PM,30,FOG/SMOKE/HAZE,DARKNESS - LIGHTED ROAD,REAR END,ONE-WAY,NO CONTROLS,DISTRACTION - FROM INSIDE VEHICLE,FAILING TO YIELD RIGHT-OF-WAY,0,0,0,0,14,1,9,1727,KEDZIE AVE,41.910394,-87.731042,09/05/2021 04:29:00 PM,2021
CR00032850,03/02/2021 07:22:00 PM,40,CLEAR,DUSK,REAR END,ONE-WAY,TRAFFIC SIGNAL,UNABLE TO DETERMINE,UNABLE TO DETERMINE,0,0,1,1,19,3,3,1287,ELSTON AVE,41.858585,-87.748782,03/02/2021 07:58:00 PM,2021
CR00032851,05/02/2023 11:33:00 AM,45,CLEAR,DARKNESS - LIGHTED ROAD,ANGLE,DIVIDED - W/MEDIAN BARRIER,STOP SIGN/FLASHER,DRIVING SKILLS/KNOWLEDGE/EXPERIENCE,FAILING TO REDUCE SPEED,0,0,0,0,11,3,5,448,ARCHER AVE,41.993147,-87.617884,05/02/2023 12:17:00 PM,2023
CR00032852,11/09/2018 09:30:00 PM,35,CLEAR,DAYLIGHT,ANGLE,T-INTERSECTION,TRAFFIC SIGNAL,DRIVING SKILLS/KNOWLEDGE/EXPERIENCE,FOLLOWING TOO CLOSELY,0,0,2,2,21,6,11,2297,47TH ST,41.971189,-87.765926,11/09/2018 09:57:00 PM,2018
CR00032853,04/28/2024 11:23:00 AM,40,RAIN,DAYLIGHT,PEDESTRIAN,NOT DIVIDED,TRAFFIC SIGNAL,DISREGARDING TRAFFIC SIGNALS,FAILING TO YIELD RIGHT-OF-WAY,0,0,0,0,11,1,4,964,ELSTON AVE,41.907686,-87.536212,04/28/2024 01:14:00 PM,2024
CR00032854,02/07/2020 06:33:00 AM,45,CLEAR,DAYLIGHT,REAR END,NOT DIVIDED,TRAFFIC SIGNAL,IMPROPER OVERTAKING/PASSING,FOLLOWING TOO CLOSELY,0,0,0,0,6,6,2,1244,ARCHER AVE,41.839476,-87.823713,02/07/2020 08:03:00 AM,2020
CR00032855,06/08/2020 08:32:00 AM,45,CLOUDY/OVERCAST,DARKNESS - LIGHTED ROAD,TURNING,DIVIDED - W/MEDIAN (NOT RAISED),NO CONTROLS,DRIVING SKILLS/KNOWLEDGE/EXPERIENCE,FAILING TO YIELD RIGHT-OF-WAY,0,0,0,0,8,2,6,1817,KEDZIE AVE,41.811973,-87.818372,06/08/2020 08:35:00 AM,2020
CR00032856,07/02/2023 04:40:00 PM,35,CLEAR,DAYLIGHT,REAR END,NOT DIVIDED,NO CONTROLS,UNABLE TO DETERMINE,UNABLE TO DETERMINE,0,0,2,2,16,1,7,362,ELSTON AVE,41.823697,-87.656049,07/02/2023 05:38:00 PM,2023
CR00032857,07/04/2021 08:51:00 AM,35,CLEAR,DAYLIGHT,PARKED MOTOR VEHICLE,NOT DIVIDED,NO CONTROLS,FAILING TO YIELD RIGHT-OF-WAY,UNABLE TO DETERMINE,0,0,0,0,8,1,7,429,PULASKI RD,41.991463,-87.838981,07/04/2021 09:01:00 AM,2021
CR00032858,05/23/2022 07:26:00 PM,30,CLEAR,DARKNESS - LIGHTED ROAD,TURNING,FOUR WAY,NO CONTROLS,DISREGARDING TRAFFIC SIGNALS,UNABLE TO DETERMINE,0,0,2,2,19,2,5,1381,LAKE SHORE DR,41.995621,-87.693298,05/23/2022 08:29:00 PM,2022
CR00032859,07/24/2021 04:06:00 PM,20,CLEAR,DAYLIGHT,TURNING,NOT DIVIDED,TRAFFIC SIGNAL,DISTRACTION - FROM INSIDE VEHICLE,DISREGARDING TRAFFIC SIGNALS,0,0,1,1,16,7,7,1575,CLARK ST,41.878639,-87.715539,07/24/2021 04:40:00 PM,2021
CR00032860,08/07/2015 12:25:00 PM,30,CLEAR,DAYLIGHT,TURNING,T-INTERSECTION,TRAFFIC SIGNAL,DRIVING SKILLS/KNOWLEDGE/EXPERIENCE,IMPROPER OVERTAKING/PASSING,0,0,0,0,12,6,8,1128,47TH ST,41.822058,-87.574802,08/07/2015 01:00:00 PM,2015
CR00032861,10/01/2019 03:53:00 PM,30,CLEAR,DAYLIGHT,REAR END,NOT DIVIDED,NO CONTROLS,FAILING TO YIELD RIGHT-OF-WAY,UNABLE TO DETERMINE,0,0,0,0,15,3,10,137,KEDZIE AVE,41.740909,-87.59598,10/01/2019 04:52:00 PM,2019
CR00032862,11/16/2017 10:27:00 AM,20,CLEAR,DARKNESS - LIGHTED ROAD,TURNING,ONE-WAY,NO CONTROLS,DRIVING SKILLS/KNOWLEDGE/EXPERIENCE,DISREGARDING TRAFFIC SIGNALS,0,0,0,0,10,5,11,1234,DAMEN AVE,41.723245,-87.75733,11/16/2017 11:37:00 AM,2017
CR00032863,04/01/2015 08:01:00 AM,30,CLEAR,DAYLIGHT,ANGLE,DIVIDED - W/MEDIAN (NOT RAISED),YIELD,DRIVING SKILLS/KNOWLEDGE/EXPERIENCE,NOT APPLICABLE,0,0,0,0,8,4,4,1458,CICERO AVE,41.859581,-87.787242,04/01/2015 09:42:00 AM,2015
CR00032864,07/30/2015 09:27:00 AM,40,CLEAR,DUSK,REAR END,DIVIDED - W/MEDIAN (NOT RAISED),STOP SIGN/FLASHER,DRIVING SKILLS/KNOWLEDGE/EXPERIENCE,UNABLE TO DETERMINE,0,0,1,1,9,5,7,1774,PULASKI RD,41.707836,-87.575547,07/30/2015 10:46:00 AM,2015
CR00032865,08/23/2020 07:10:00 PM,25,CLEAR,DAYLIGHT,REAR END,NOT DIVIDED,STOP SIGN/FLASHER,DISTRACTION - FROM INSIDE VEHICLE,UNABLE TO DETERMINE,0,0,0,0,19,1,8,2291,KEDZIE AVE,41.854317,-87.700227,08/23/2020 07:51:00 PM,2020
CR00032866,05/06/2019 02:09:00 AM,35,CLEAR,DAYLIGHT,SIDESWIPE SAME DIRECTION,DIVIDED - W/MEDIAN (NOT RAISED),NO CONTROLS,FAILING TO REDUCE SPEED,NOT APPLICABLE,0,0,0,0,2,2,5,1283,63RD ST,41.737504,-87.65834,05/06/2019 03:55:00 AM,2019
CR00032867,10/15/2023 03:50:00 PM,40,CLEAR,DARKNESS - LIGHTED ROAD,SIDESWIPE SAME DIRECTION,NOT DIVIDED,TRAFFIC SIGNAL,UNABLE TO DETERMINE,UNABLE TO DETERMINE,0,0,0,0,15,1,10,1647,HALSTED ST,41.706828,-87.751827,10/15/2023 04:11:00 PM,2023
CR00032868,09/07/2015 07:21:00 PM,30,CLEAR,DARKNESS - LIGHTED ROAD,SIDESWIPE SAME DIRECTION,ONE-WAY,TRAFFIC SIGNAL,UNABLE TO DETERMINE,IMPROPER LANE USAGE,0,0,0,0,19,2,9,1775,63RD ST,41.826973,-87.735059,09/07/2015 08:39:00 PM,2015
CR00032869,06/10/2017 11:22:00 PM,20,CLEAR,DAYLIGHT,TURNING,FOUR WAY,TRAFFIC SIGNAL,UNABLE TO DETERMINE,IMPROPER LANE USAGE,0,0,0,0,23,7,6,1429,STONY ISLAND AVE,41.737647,-87.67753,06/10/2017 11:53:00 PM,2017
CR00032870,09/26/2021 10:10:00 AM,30,CLEAR,DARKNESS - LIGHTED ROAD,REAR END,NOT DIVIDED,NO CONTROLS,FOLLOWING TOO CLOSELY,FAILING TO YIELD RIGHT-OF-WAY,0,0,2,2,10,1,9,738,CICERO AVE,41.802357,-87.768002,09/26/2021 11:22:00 AM,2021
CR00032871,05/11/2021 07:38:00 AM,35,FOG/SMOKE/HAZE,DAYLIGHT,REAR END,FOUR WAY,TRAFFIC SIGNAL,UNABLE TO DETERMINE,FAILING TO YIELD RIGHT-OF-WAY,0,0,2,2,7,3,5,2252,ROOSEVELT RD,41.915847,-87.663568,05/11/2021 08:24:00 AM,2021
CR00032872,03/23/2019 08:44:00 PM,45,CLOUDY/OVERCAST,DAYLIGHT,ANGLE,ONE-WAY,NO CONTROLS,UNABLE TO DETERMINE,NOT APPLICABLE,0,0,0,0,20,7,3,2410,STATE ST,41.75443,-87.789044,03/23/2019 09:37:00 PM,2019
CR00032873,10/16/2023 08:56:00 AM,35,RAIN,DARKNESS - LIGHTED ROAD,ANGLE,DIVIDED - W/MEDIAN (NOT RAISED),TRAFFIC SIGNAL,DRIVING SKILLS/KNOWLEDGE/EXPERIENCE,FAILING TO YIELD RIGHT-OF-WAY,0,0,0,0,8,2,10,1250,63RD ST,41.942535,-87.582812,10/16/2023 09:49:00 AM,2023
CR00032874,10/03/2020 06:04:00 PM,25,CLEAR,DAYLIGHT,FIXED OBJECT,DIVIDED - W/MEDIAN BARRIER,STOP SIGN/FLASHER,DRIVING SKILLS/KNOWLEDGE/EXPERIENCE,FAILING TO YIELD RIGHT-OF-WAY,0,0,0,0,18,7,10,1567,BROADWAY,41.917314,-87.773855,10/03/2020 07:20:00 PM,2020
CR00032875,12/28/2018 05:42:00 PM,30,CLEAR,DAYLIGHT,SIDESWIPE SAME DIRECTION,NOT DIVIDED,NO CONTROLS,IMPROPER OVERTAKING/PASSING,WEATHER,0,0,0,0,17,6,12,1234,DIVISION ST,41.912892,-87.612584,12/28/2018 06:03:00 PM,2018
CR00032876,04/01/2019 04:50:00 PM,35,CLEAR,DAYLIGHT,PARKED MOTOR VEHICLE,DIVIDED - W/MEDIAN (NOT RAISED),NO CONTROLS,DISTRACTION - FROM INSIDE VEHICLE,NOT APPLICABLE,0,0,0,0,16,2,4,993,FULLERTON AVE,41.840863,-87.501495,04/01/2019 05:15:00 PM,2019
CR00032877,05/24/2021 05:42:00 PM,45,CLEAR,DARKNESS - LIGHTED ROAD,SIDESWIPE SAME DIRECTION,ONE-WAY,NO CONTROLS,UNABLE TO DETERMINE,FAILING TO YIELD RIGHT-OF-WAY,0,0,0,0,17,2,5,1802,CALIFORNIA AVE,41.987256,-87.647785,05/24/2021 06:02:00 PM,2021
CR00032878,04/27/2017 08:26:00 PM,20,CLEAR,DARKNESS - LIGHTED ROAD,ANGLE,NOT DIVIDED,STOP SIGN/FLASHER,UNABLE TO DETERMINE,FAILING TO YIELD RIGHT-OF-WAY,0,0,1,1,20,5,4,1073,DAMEN AVE,41.766429,-87.755376,04/27/2017 08:54:00 PM,2017
CR00032879,08/27/2017 06:47:00 PM,35,CLEAR,DARKNESS - LIGHTED ROAD,TURNING,NOT DIVIDED,NO CONTROLS,IMPROPER OVERTAKING/PASSING,UNABLE TO DETERMINE,0,0,3,3,18,1,8,214,HALSTED ST,41.920006,-87.764063,08/27/2017 08:19:00 PM,2017
CR00032880,05/19/2020 01:39:00 PM,25,CLEAR,DARKNESS,REAR TO FRONT,NOT DIVIDED,NO CONTROLS,UNABLE TO DETERMINE,UNABLE TO DETERMINE,0,0,0,0,13,3,5,2380,WESTERN AVE,41.797188,-87.676006,05/19/2020 02:09:00 PM,2020
CR00032881,06/08/2024 03:56:00 PM,45,FOG/SMOKE/HAZE,DARKNESS - LIGHTED ROAD,SIDESWIPE SAME DIRECTION,NOT DIVIDED,NO CONTROLS,UNABLE TO DETERMINE,DRIVING SKILLS/KNOWLEDGE/EXPERIENCE,0,0,0,0,15,7,6,108,STONY ISLAND AVE,41.858459,-87.787084,06/08/2024 05:52:00 PM,2024
CR00032882,10/31/2018 06:13:00 PM,40,SNOW,DAYLIGHT,TURNING,ONE-WAY,STOP SIGN/FLASHER,FOLLOWING TOO CLOSELY,UNABLE TO DETERMINE,0,0,0,0,18,4,10,2050,WESTERN AVE,41.755133,-87.542254,10/31/2018 07:01:00 PM,2018
CR00032883,04/12/2016 11:43:00 AM,40,CLEAR,DARKNESS - LIGHTED ROAD,PARKED MOTOR VEHICLE,T-INTERSECTION,STOP SIGN/FLASHER,FOLLOWING TOO CLOSELY,UNABLE TO DETERMINE,0,0,0,0,11,3,4,446,ARCHER AVE,41.766608,-87.600858,04/12/2016 01:07:00 PM,2016
CR00032884,04/27/2018 02:23:00 AM,15,CLEAR,DAYLIGHT,PARKED MOTOR VEHICLE,NOT DIVIDED,NO CONTROLS,UNABLE TO DETERMINE,DISTRACTION - FROM INSIDE VEHICLE,0,0,0,0,2,6,4,344,FULLERTON AVE,41.754906,-87.832728,04/27/2018 03:43:00 AM,2018
CR00032885,10/08/2016 05:41:00 PM,20,FREEZING RAIN/DRIZZLE,DAWN,TURNING,T-INTERSECTION,TRAFFIC SIGNAL,UNABLE TO DETERMINE,UNABLE TO DETERMINE,0,0,0,0,17,7,10,2200,IRVING PARK RD,41.919281,-87.673762,10/08/2016 05:51:00 PM,2016
CR00032886,04/06/2024 07:01:00 AM,35,CLEAR,DAYLIGHT,FIXED OBJECT,NOT DIVIDED,UNKNOWN,UNABLE TO DETERMINE,DISREGARDING TRAFFIC SIGNALS,0,0,0,0,7,7,4,528,MILWAUKEE AVE,41.818194,-87.505198,04/06/2024 07:04:00 AM,2024
CR00032887,08/12/2016 04:06:00 PM,40,CLEAR,DAYLIGHT,TURNING,FOUR WAY,TRAFFIC SIGNAL,FAILING TO YIELD RIGHT-OF-WAY,DRIVING SKILLS/KNOWLEDGE/EXPERIENCE,0,0,1,1,16,6,8,2410,FULLERTON AVE,41.880333,-87.724033,08/12/2016 04:52:00 PM,2016
CR00032888,05/07/2020 04:39:00 PM,20,CLEAR,DAYLIGHT,PEDESTRIAN,DIVIDED - W/MEDIAN BARRIER,STOP SIGN/FLASHER,DISTRACTION - FROM INSIDE VEHICLE,UNABLE TO DETERMINE,0,0,0,0,16,5,5,441,KEDZIE AVE,41.825792,-87.816608,05/07/2020 05:51:00 PM,2020
CR00032889,09/29/2021 09:00:00 PM,30,CLEAR,DARKNESS - LIGHTED ROAD,TURNING,NOT DIVIDED,YIELD,IMPROPER OVERTAKING/PASSING,FOLLOWING TOO CLOSELY,0,0,0,0,21,4,9,902,47TH ST,41.709765,-87.722065,09/29/2021 10:19:00 PM,2021
CR00032890,08/22/2015 08:02:00 AM,45,CLEAR,DAWN,TURNING,NOT DIVIDED,UNKNOWN,UNABLE TO DETERMINE,FOLLOWING TOO CLOSELY,0,0,0,0,8,7,8,760,ELSTON AVE,41.752882,-87.541844,08/22/2015 08:05:00 AM,2015
CR00032891,08/20/2015 06:53:00 PM,45,RAIN,DAYLIGHT,TURNING,DIVIDED - W/MEDIAN BARRIER,NO CONTROLS,FAILING TO YIELD RIGHT-OF-WAY,DRIVING SKILLS/KNOWLEDGE/EXPERIENCE,0,0,0,0,18,5,8,2094,LAKE SHORE DR,41.910616,-87.722893,08/20/2015 07:09:00 PM,2015
CR00032892,03/20/2023 11:25:00 AM,45,FREEZING RAIN/DRIZZLE,DARKNESS - LIGHTED ROAD,PARKED MOTOR VEHICLE,T-INTERSECTION,NO CONTROLS,DRIVING SKILLS/KNOWLEDGE/EXPERIENCE,UNABLE TO DETERMINE,0,0,0,0,11,2,3,662,KEDZIE AVE,41.876643,-87.720942,03/20/2023 11:47:00 AM,2023
CR00032893,11/01/2020 04:00:00 PM,40,CLEAR,DARKNESS - LIGHTED ROAD,TURNING,DIVIDED - W/MEDIAN (NOT RAISED),YIELD,FAILING TO YIELD RIGHT-OF-WAY,WEATHER,0,0,3,3,16,1,11,2447,MICHIGAN AVE,41.969556,-87.74078,11/01/2020 04:32:00 PM,2020
CR00032894,12/02/2017 07:18:00 AM,15,CLEAR,DAYLIGHT,PEDESTRIAN,FOUR WAY,NO CONTROLS,UNABLE TO DETERMINE,NOT APPLICABLE,0,0,0,0,7,7,12,915,LAKE SHORE DR,41.997658,-87.679357,12/02/2017 07:49:00 AM,2017
CR00032895,10/20/2018 11:52:00 AM,45,RAIN,DARKNESS,REAR END,ONE-WAY,TRAFFIC SIGNAL,DRIVING SKILLS/KNOWLEDGE/EXPERIENCE,UNABLE TO DETERMINE,0,0,0,0,11,7,10,1937,47TH ST,41.869483,-87.709888,10/20/2018 12:26:00 PM,2018
CR00032896,01/22/2015 11:03:00 AM,20,CLEAR,DAYLIGHT,PARKED MOTOR VEHICLE,FOUR WAY,NO CONTROLS,UNABLE TO DETERMINE,IMPROPER OVERTAKING/PASSING,0,0,0,0,11,5,1,2051,47TH ST,41.999888,-87.687431,01/22/2015 12:00:00 PM,2015
CR00032897,08/27/2023 09:16:00 AM,30,RAIN,DAYLIGHT,TURNING,NOT DIVIDED,UNKNOWN,DRIVING SKILLS/KNOWLEDGE/EXPERIENCE,WEATHER,0,0,1,1,9,1,8,1329,63RD ST,41.93723,-87.556007,08/27/2023 10:03:00 AM,2023
CR00032898,01/06/2022 05:47:00 PM,20,CLEAR,DARKNESS - LIGHTED ROAD,ANGLE,NOT DIVIDED,YIELD,DISTRACTION - FROM INSIDE VEHICLE,FAILING TO REDUCE SPEED,0,0,0,0,17,5,1,1399,CICERO AVE,41.803545,-87.586592,01/06/2022 06:14:00 PM,2022
CR00032899,11/28/2020 08:05:00 PM,30,RAIN,DARKNESS - LIGHTED ROAD,TURNING,NOT DIVIDED,STOP SIGN/FLASHER,FAILING TO REDUCE SPEED,UNABLE TO DETERMINE,0,0,0,0,20,7,11,1686,63RD ST,41.88484,-87.577669,11/28/2020 08:13:00 PM,2020
CR00032900,08/15/2015 07:36:00 AM,45,CLEAR,DAYLIGHT,REAR END,NOT DIVIDED,TRAFFIC SIGNAL,FAILING TO YIELD RIGHT-OF-WAY,DRIVING SKILLS/KNOWLEDGE/EXPERIENCE,0,0,0,0,7,7,8,661,STATE ST,41.978801,-87.741555,08/15/2015 08:15:00 AM,2015
CR00032901,08/29/2024 05:53:00 PM,45,CLEAR,DAYLIGHT,REAR END,DIVIDED - W/MEDIAN (NOT RAISED),NO CONTROLS,FOLLOWING TOO CLOSELY,FOLLOWING TOO CLOSELY,0,1,3,4,17,5,8,1408,ELSTON AVE,41.930413,-87.794758,08/29/2024 06:21:00 PM,2024
CR00032902,10/27/2015 04:04:00 PM,35,CLEAR,DAYLIGHT,TURNING,NOT DIVIDED,NO CONTROLS,UNABLE TO DETERMINE,DRIVING SKILLS/KNOWLEDGE/EXPERIENCE,0,0,1,1,16,3,10,367,STONY ISLAND AVE,41.894274,-87.800221,10/27/2015 05:32:00 PM,2015
CR00032903,09/27/2022 11:20:00 AM,30,CLEAR,DARKNESS - LIGHTED ROAD,ANGLE,ONE-WAY,NO CONTROLS,FOLLOWING TOO CLOSELY,NOT APPLICABLE,0,0,0,0,11,3,9,974,OGDEN AVE,41.806184,-87.682504,09/27/2022 12:57:00 PM,2022
CR00032904,10/30/2017 06:27:00 PM,35,CLEAR,DAYLIGHT,TURNING,DIVIDED - W/MEDIAN (NOT RAISED),TRAFFIC SIGNAL,UNABLE TO DETERMINE,DISTRACTION - FROM INSIDE VEHICLE,0,0,0,0,18,2,10,2181,CLARK ST,41.71998,-87.826596,10/30/2017 08:02:00 PM,2017
CR00032905,08/16/2015 01:37:00 PM,15,CLEAR,DARKNESS - LIGHTED ROAD,TURNING,ONE-WAY,TRAFFIC SIGNAL,UNABLE TO DETERMINE,UNABLE TO DETERMINE,0,0,0,0,13,1,8,2042,79TH ST,41.896991,-87.631466,08/16/2015 03:29:00 PM,2015
CR00032906,07/18/2016 06:31:00 PM,40,CLEAR,DAYLIGHT,TURNING,NOT DIVIDED,TRAFFIC SIGNAL,DISTRACTION - FROM INSIDE VEHICLE,UNABLE TO DETERMINE,0,0,0,0,18,2,7,2402,ROOSEVELT RD,41.830253,-87.817241,07/18/2016 06:43:00 PM,2016
CR00032907,06/07/2024 05:51:00 PM,35,CLEAR,DAYLIGHT,ANGLE,DIVIDED - W/MEDIAN (NOT RAISED),NO CONTROLS,FAILING TO YIELD RIGHT-OF-WAY,NOT APPLICABLE,0,0,0,0,17,6,6,1534,HALSTED ST,41.8283,-87.594312,06/07/2024 06:01:00 PM,2024
CR00032908,04/03/2016 07:36:00 AM,35,CLOUDY/OVERCAST,DAYLIGHT,SIDESWIPE SAME DIRECTION,NOT DIVIDED,NO CONTROLS,FAILING TO YIELD RIGHT-OF-WAY,FOLLOWING TOO CLOSELY,0,0,0,0,7,1,4,863,ASHLAND AVE,41.820542,-87.67968,04/03/2016 07:39:00 AM,2016
CR00032909,05/28/2023 06:48:00 AM,45,SNOW,DAYLIGHT,REAR TO FRONT,ONE-WAY,TRAFFIC SIGNAL,FOLLOWING TOO CLOSELY,UNABLE TO DETERMINE,0,0,0,0,6,1,5,697,DIVISION ST,41.728531,-87.605641,05/28/2023 08:36:00 AM,2023
CR00032910,07/31/2023 07:33:00 AM,40,CLEAR,DAYLIGHT,PARKED MOTOR VEHICLE,DIVIDED - W/MEDIAN (NOT RAISED),NO CONTROLS,FOLLOWING TOO CLOSELY,UNABLE TO DETERMINE,0,0,0,0,7,2,7,1846,47TH ST,41.75605,-87.731397,07/31/2023 08:30:00 AM,2023
CR00032911,09/27/2019 07:17:00 AM,45,RAIN,DARKNESS,SIDESWIPE SAME DIRECTION,NOT DIVIDED,STOP SIGN/FLASHER,FAILING TO YIELD RIGHT-OF-WAY,NOT APPLICABLE,0,0,0,0,7,6,9,227,BROADWAY,41.966823,-87.515736,09/27/2019 08:24:00 AM,2019
CR00032912,04/06/2020 08:06:00 PM,35,RAIN,DAYLIGHT,FIXED OBJECT,NOT DIVIDED,NO CONTROLS,UNABLE TO DETERMINE,FAILING TO YIELD RIGHT-OF-WAY,0,0,0,0,20,2,4,2447,47TH ST,41.837183,-87.656958,04/06/2020 09:18:00 PM,2020
CR00032913,07/16/2020 03:37:00 PM,35,RAIN,DAYLIGHT,REAR END,NOT DIVIDED,YIELD,FAILING TO REDUCE SPEED,FAILING TO REDUCE SPEED,0,0,0,0,15,5,7,1468,BROADWAY,41.723075,-87.672819,07/16/2020 05:25:00 PM,2020
CR00032914,09/10/2015 08:50:00 AM,20,CLEAR,DAYLIGHT,ANGLE,DIVIDED - W/MEDIAN (NOT RAISED),NO CONTROLS,DISREGARDING TRAFFIC SIGNALS,FAILING TO YIELD RIGHT-OF-WAY,0,0,0,0,8,5,9,1324,IRVING PARK RD,41.784364,-87.606774,09/10/2015 09:56:00 AM,2015
CR00032915,08/11/2024 09:47:00 AM,25,CLEAR,DAYLIGHT,REAR END,ONE-WAY,TRAFFIC SIGNAL,FAILING TO YIELD RIGHT-OF-WAY,IMPROPER OVERTAKING/PASSING,0,0,0,0,9,1,8,1168,CALIFORNIA AVE,41.90925,-87.626701,08/11/2024 10:56:00 AM,2024