CRASH_RECORD_ID,CRASH_DATE,POSTED_SPEED_LIMIT,WEATHER_CONDITION,LIGHTING_CONDITION,FIRST_CRASH_TYPE,TRAFFICWAY_TYPE,TRAFFIC_CONTROL_DEVICE,PRIM_CONTRIBUTORY_CAUSE,SEC_CONTRIBUTORY_CAUSE,INJURIES_FATAL,INJURIES_INCAPACITATING,INJURIES_NON_INCAPACITATING,INJURIES_TOTAL,CRASH_HOUR,CRASH_DAY_OF_WEEK,CRASH_MONTH,BEAT_OF_OCCURRENCE,STREET_NAME,LATITUDE,LONGITUDE,DATE_POLICE_NOTIFIED,year
CR00032916,12/28/2024 03:20:00 PM,45,CLEAR,DAYLIGHT,REAR END,DIVIDED - W/MEDIAN BARRIER,UNKNOWN,UNABLE TO DETERMINE,DISTRACTION - FROM INSIDE VEHICLE,0,0,0,0,15,7,12,1503,ROOSEVELT RD,41.772813,-87.843205,12/28/2024 05:17:00 PM,2024
CR00032917,06/29/2024 05:51:00 PM,30,CLEAR,DARKNESS - LIGHTED ROAD,TURNING,NOT DIVIDED,TRAFFIC SIGNAL,FAILING TO YIELD RIGHT-OF-WAY,DRIVING SKILLS/KNOWLEDGE/EXPERIENCE,0,0,2,2,17,7,6,2517,MILWAUKEE AVE,41.884823,-87.683012,06/29/2024 06:14:00 PM,2024
CR00032918,08/13/2023 01:08:00 PM,30,CLEAR,DAWN,TURNING,DIVIDED - W/MEDIAN (NOT RAISED),TRAFFIC SIGNAL,UNABLE TO DETERMINE,UNABLE TO DETERMINE,0,0,0,0,13,1,8,908,FULLERTON AVE,41.708144,-87.764123,08/13/2023 01:31:00 PM,2023
CR00032919,09/03/2023 05:25:00 PM,15,SNOW,DAYLIGHT,REAR END,FOUR WAY,NO CONTROLS,DISTRACTION - FROM INSIDE VEHICLE,UNABLE TO DETERMINE,0,0,0,0,17,1,9,1153,WESTERN AVE,41.850899,-87.635395,09/03/2023 07:21:00 PM,2023
CR00032920,08/23/2017 06:12:00 PM,25,SNOW,DARKNESS - LIGHTED ROAD,ANGLE,DIVIDED - W/MEDIAN (NOT RAISED),NO CONTROLS,FAILING TO REDUCE SPEED,IMPROPER OVERTAKING/PASSING,0,0,0,0,18,4,8,1171,63RD ST,41.830761,-87.539208,08/23/2017 07:53:00 PM,2017
CR00032921,09/27/2021 09:01:00 AM,35,CLEAR,DAYLIGHT,ANGLE,NOT DIVIDED,TRAFFIC SIGNAL,FAILING TO REDUCE SPEED,DISTRACTION - FROM INSIDE VEHICLE,0,0,3,3,9,2,9,2054,PULASKI RD,41.997758,-87.72383,09/27/2021 10:37:00 AM,2021
CR00032922,02/19/2015 03:22:00 PM,35,RAIN,DARKNESS - LIGHTED ROAD,ANGLE,NOT DIVIDED,YIELD,FOLLOWING TOO CLOSELY,IMPROPER LANE USAGE,0,0,0,0,15,5,2,1335,STONY ISLAND AVE,41.98945,-87.692551,02/19/2015 03:59:00 PM,2015
CR00032923,12/22/2018 05:37:00 PM,35,CLOUDY/OVERCAST,DAYLIGHT,REAR END,NOT DIVIDED,NO CONTROLS,UNABLE TO DETERMINE,IMPROPER OVERTAKING/PASSING,0,0,0,0,17,7,12,912,BROADWAY,41.73533,-87.828165,12/22/2018 06:26:00 PM,2018
CR00032924,03/14/2024 01:56:00 AM,30,RAIN,DARKNESS - LIGHTED ROAD,SIDESWIPE SAME DIRECTION,FOUR WAY,TRAFFIC SIGNAL,IMPROPER LANE USAGE,WEATHER,0,0,3,3,1,5,3,136,63RD ST,41.750649,-87.620883,03/14/2024 02:54:00 AM,2024
CR00032925,05/12/2016 07:39:00 PM,35,CLEAR,DARKNESS - LIGHTED ROAD,REAR END,NOT DIVIDED,STOP SIGN/FLASHER,UNABLE TO DETERMINE,UNABLE TO DETERMINE,0,0,0,0,19,5,5,2000,WESTERN AVE,41.867096,-87.550254,05/12/2016 08:31:00 PM,2016
CR00032926,09/23/2015 10:15:00 AM,35,RAIN,DAYLIGHT,REAR END,DIVIDED - W/MEDIAN (NOT RAISED),STOP SIGN/FLASHER,UNABLE TO DETERMINE,DRIVING SKILLS/KNOWLEDGE/EXPERIENCE,0,2,3,5,10,4,9,306,FULLERTON AVE,41.833111,-87.575368,09/23/2015 12:04:00 PM,2015
CR00032927,03/11/2021 10:01:00 AM,30,SNOW,DAYLIGHT,SIDESWIPE SAME DIRECTION,DIVIDED - W/MEDIAN BARRIER,YIELD,UNABLE TO DETERMINE,FAILING TO YIELD RIGHT-OF-WAY,0,0,0,0,10,5,3,2472,IRVING PARK RD,41.76642,-87.806933,03/11/2021 11:48:00 AM,2021
CR00032928,04/06/2015 07:59:00 PM,30,CLEAR,DAYLIGHT,SIDESWIPE SAME DIRECTION,FOUR WAY,TRAFFIC SIGNAL,FOLLOWING TOO CLOSELY,IMPROPER LANE USAGE,0,0,0,0,19,2,4,805,ELSTON AVE,41.766821,-87.526359,04/06/2015 09:24:00 PM,2015
CR00032929,10/19/2021 05:40:00 PM,20,CLEAR,DARKNESS - LIGHTED ROAD,SIDESWIPE SAME DIRECTION,NOT DIVIDED,STOP SIGN/FLASHER,DISREGARDING TRAFFIC SIGNALS,FOLLOWING TOO CLOSELY,0,0,2,2,17,3,10,1154,MICHIGAN AVE,41.75779,-87.688511,10/19/2021 07:39:00 PM,2021
CR00032930,04/15/2015 01:35:00 PM,30,SNOW,DAYLIGHT,PEDESTRIAN,DIVIDED - W/MEDIAN (NOT RAISED),STOP SIGN/FLASHER,UNABLE TO DETERMINE,NOT APPLICABLE,0,0,0,0,13,4,4,479,MILWAUKEE AVE,41.857433,-87.828566,04/15/2015 02:35:00 PM,2015
CR00032931,07/05/2021 05:11:00 PM,35,CLEAR,DAYLIGHT,REAR END,DIVIDED - W/MEDIAN (NOT RAISED),TRAFFIC SIGNAL,FOLLOWING TOO CLOSELY,IMPROPER LANE USAGE,0,0,0,0,17,2,7,825,MICHIGAN AVE,41.913418,-87.563742,07/05/2021 06:05:00 PM,2021
CR00032932,10/20/2016 06:12:00 PM,30,CLEAR,DAYLIGHT,REAR END,NOT DIVIDED,NO CONTROLS,FAILING TO REDUCE SPEED,NOT APPLICABLE,0,0,0,0,18,5,10,713,OGDEN AVE,41.704993,-87.510417,10/20/2016 07:03:00 PM,2016
CR00032933,11/07/2015 02:04:00 PM,30,CLEAR,DARKNESS - LIGHTED ROAD,REAR TO FRONT,ONE-WAY,NO CONTROLS,IMPROPER OVERTAKING/PASSING,WEATHER,0,0,0,0,14,7,11,120,ROOSEVELT RD,41.700303,-87.744992,11/07/2015 03:47:00 PM,2015
CR00032934,03/02/2020 10:02:00 PM,35,CLEAR,DAYLIGHT,REAR END,DIVIDED - W/MEDIAN BARRIER,STOP SIGN/FLASHER,FOLLOWING TOO CLOSELY,FAILING TO REDUCE SPEED,0,0,0,0,22,2,3,191,PULASKI RD,41.791855,-87.756233,03/02/2020 11:09:00 PM,2020
CR00032935,07/01/2019 02:26:00 PM,25,CLEAR,DAYLIGHT,TURNING,FOUR WAY,YIELD,UNABLE TO DETERMINE,NOT APPLICABLE,0,0,1,1,14,2,7,928,63RD ST,41.716119,-87.743309,07/01/2019 03:45:00 PM,2019
CR00032936,01/06/2020 02:54:00 PM,30,CLEAR,DAYLIGHT,SIDESWIPE SAME DIRECTION,NOT DIVIDED,TRAFFIC SIGNAL,IMPROPER OVERTAKING/PASSING,DISTRACTION - FROM INSIDE VEHICLE,0,0,0,0,14,2,1,2519,HALSTED ST,41.774776,-87.831237,01/06/2020 04:02:00 PM,2020
CR00032937,09/28/2021 03:06:00 PM,35,CLEAR,DAYLIGHT,SIDESWIPE SAME DIRECTION,DIVIDED - W/MEDIAN (NOT RAISED),TRAFFIC SIGNAL,UNABLE TO DETERMINE,UNABLE TO DETERMINE,0,0,0,0,15,3,9,2234,79TH ST,41.823389,-87.813453,09/28/2021 04:35:00 PM,2021
CR00032938,08/09/2022 08:33:00 AM,35,CLEAR,DAYLIGHT,REAR TO FRONT,FOUR WAY,UNKNOWN,UNABLE TO DETERMINE,DRIVING SKILLS/KNOWLEDGE/EXPERIENCE,0,0,0,0,8,3,8,1565,63RD ST,41.919041,-87.735248,08/09/2022 09:54:00 AM,2022
CR00032939,03/01/2015 01:41:00 PM,30,CLEAR,DAYLIGHT,PARKED MOTOR VEHICLE,FOUR WAY,TRAFFIC SIGNAL,DRIVING SKILLS/KNOWLEDGE/EXPERIENCE,FAILING TO YIELD RIGHT-OF-WAY,0,0,0,0,13,1,3,1132,CLARK ST,41.97839,-87.703094,03/01/2015 03:30:00 PM,2015
CR00032940,07/14/2023 06:01:00 PM,45,CLOUDY/OVERCAST,DARKNESS - LIGHTED ROAD,SIDESWIPE SAME DIRECTION,NOT DIVIDED,NO CONTROLS,WEATHER,UNABLE TO DETERMINE,0,0,0,0,18,6,7,317,STATE ST,41.997622,-87.626722,07/14/2023 06:16:00 PM,2023
CR00032941,06/29/2016 02:19:00 PM,20,CLEAR,DARKNESS - LIGHTED ROAD,TURNING,FOUR WAY,TRAFFIC SIGNAL,FOLLOWING TOO CLOSELY,FAILING TO YIELD RIGHT-OF-WAY,0,0,0,0,14,4,6,2298,LAKE SHORE DR,41.862982,-87.512409,06/29/2016 03:24:00 PM,2016
CR00032942,08/17/2024 03:46:00 PM,20,CLEAR,DARKNESS - LIGHTED ROAD,REAR END,ONE-WAY,NO CONTROLS,DISTRACTION - FROM INSIDE VEHICLE,NOT APPLICABLE,0,0,0,0,15,7,8,946,DIVISION ST,41.823997,-87.82578,08/17/2024 04:17:00 PM,2024
CR00032943,03/21/2018 12:39:00 PM,15,CLEAR,DAYLIGHT,SIDESWIPE SAME DIRECTION,DIVIDED - W/MEDIAN BARRIER,YIELD,UNABLE TO DETERMINE,DISREGARDING TRAFFIC SIGNALS,0,0,1,1,12,4,3,1504,ASHLAND AVE,41.996449,-87.763353,03/21/2018 01:11:00 PM,2018
CR00032944,12/24/2020 11:54:00 AM,35,CLEAR,DAYLIGHT,ANGLE,NOT DIVIDED,NO CONTROLS,IMPROPER LANE USAGE,UNABLE TO DETERMINE,0,0,0,0,11,5,12,2452,LAKE SHORE DR,41.803153,-87.609279,12/24/2020 01:03:00 PM,2020
CR00032945,09/05/2022 11:47:00 AM,30,CLOUDY/OVERCAST,DAYLIGHT,ANGLE,NOT DIVIDED,TRAFFIC SIGNAL,DISTRACTION - FROM INSIDE VEHICLE,NOT APPLICABLE,0,0,1,1,11,2,9,2211,BROADWAY,41.853183,-87.733064,09/05/2022 01:15:00 PM,2022
CR00032946,04/30/2015 02:21:00 AM,15,CLEAR,DARKNESS - LIGHTED ROAD,PARKED MOTOR VEHICLE,NOT DIVIDED,TRAFFIC SIGNAL,IMPROPER LANE USAGE,FAILING TO YIELD RIGHT-OF-WAY,0,0,0,0,2,5,4,962,OGDEN AVE,41.82923,-87.711194,04/30/2015 02:27:00 AM,2015
CR00032947,12/04/2015 04:23:00 PM,15,CLEAR,DAYLIGHT,ANGLE,DIVIDED - W/MEDIAN (NOT RAISED),TRAFFIC SIGNAL,FOLLOWING TOO CLOSELY,NOT APPLICABLE,0,0,0,0,16,6,12,904,KEDZIE AVE,41.828341,-87.570687,12/04/2015 05:40:00 PM,2015
CR00032948,11/11/2021 05:13:00 PM,15,RAIN,DARKNESS - LIGHTED ROAD,REAR END,FOUR WAY,NO CONTROLS,FOLLOWING TOO CLOSELY,FAILING TO YIELD RIGHT-OF-WAY,0,0,0,0,17,5,11,863,CALIFORNIA AVE,41.788075,-87.544818,11/11/2021 05:30:00 PM,2021
CR00032949,12/20/2022 03:29:00 PM,35,CLEAR,DARKNESS - LIGHTED ROAD,REAR END,NOT DIVIDED,NO CONTROLS,UNABLE TO DETERMINE,UNABLE TO DETERMINE,0,0,3,3,15,3,12,2311,PULASKI RD,41.724898,-87.560259,12/20/2022 04:22:00 PM,2022
CR00032950,10/08/2016 07:00:00 PM,20,CLEAR,DAYLIGHT,PARKED MOTOR VEHICLE,DIVIDED - W/MEDIAN (NOT RAISED),STOP SIGN/FLASHER,FAILING TO YIELD RIGHT-OF-WAY,FOLLOWING TOO CLOSELY,0,0,0,0,19,7,10,1495,DAMEN AVE,41.817692,-87.749285,10/08/2016 07:43:00 PM,2016
CR00032951,11/22/2021 08:07:00 AM,45,CLEAR,DAYLIGHT,SIDESWIPE SAME DIRECTION,FOUR WAY,NO CONTROLS,IMPROPER OVERTAKING/PASSING,IMPROPER OVERTAKING/PASSING,0,0,0,0,8,2,11,667,LAKE SHORE DR,41.887179,-87.516523,11/22/2021 08:50:00 AM,2021
CR00032952,07/29/2021 03:38:00 AM,35,CLEAR,DARKNESS,ANGLE,DIVIDED - W/MEDIAN BARRIER,NO CONTROLS,DRIVING SKILLS/KNOWLEDGE/EXPERIENCE,FOLLOWING TOO CLOSELY,0,0,3,3,3,5,7,1308,IRVING PARK RD,41.868241,-87.837936,07/29/2021 04:25:00 AM,2021
CR00032953,12/06/2024 07:31:00 AM,25,CLEAR,DARKNESS,TURNING,NOT DIVIDED,UNKNOWN,DISREGARDING TRAFFIC SIGNALS,NOT APPLICABLE,0,0,0,0,7,6,12,1711,ROOSEVELT RD,41.805506,-87.588041,12/06/2024 07:55:00 AM,2024
CR00032954,11/18/2024 03:33:00 PM,30,CLEAR,DARKNESS - LIGHTED ROAD,REAR END,FOUR WAY,STOP SIGN/FLASHER,IMPROPER LANE USAGE,DRIVING SKILLS/KNOWLEDGE/EXPERIENCE,0,0,0,0,15,2,11,1016,DIVISION ST,41.887273,-87.7262,11/18/2024 03:58:00 PM,2024
CR00032955,10/16/2023 07:02:00 AM,30,CLEAR,DAYLIGHT,PEDESTRIAN,DIVIDED - W/MEDIAN (NOT RAISED),TRAFFIC SIGNAL,IMPROPER OVERTAKING/PASSING,FAILING TO REDUCE SPEED,0,0,0,0,7,2,10,447,ROOSEVELT RD,41.774872,-87.664993,10/16/2023 07:43:00 AM,2023
CR00032956,09/26/2021 03:25:00 PM,15,CLOUDY/OVERCAST,DARKNESS,TURNING,NOT DIVIDED,NO CONTROLS,DISTRACTION - FROM INSIDE VEHICLE,FAILING TO YIELD RIGHT-OF-WAY,0,0,0,0,15,1,9,1198,KEDZIE AVE,41.784907,-87.530455,09/26/2021 03:32:00 PM,2021
CR00032957,08/08/2020 03:44:00 PM,35,CLEAR,DAYLIGHT,REAR END,DIVIDED - W/MEDIAN BARRIER,TRAFFIC SIGNAL,DRIVING SKILLS/KNOWLEDGE/EXPERIENCE,UNABLE TO DETERMINE,0,0,1,1,15,7,8,2207,DIVISION ST,41.96819,-87.8417,08/08/2020 04:01:00 PM,2020
CR00032958,04/01/2022 07:38:00 PM,30,SNOW,DAYLIGHT,REAR END,NOT DIVIDED,NO CONTROLS,FOLLOWING TOO CLOSELY,NOT APPLICABLE,0,0,0,0,19,6,4,1330,CALIFORNIA AVE,41.814431,-87.682274,04/01/2022 08:47:00 PM,2022
CR00032959,11/05/2017 07:10:00 AM,20,CLEAR,DARKNESS - LIGHTED ROAD,TURNING,FOUR WAY,TRAFFIC SIGNAL,DISTRACTION - FROM INSIDE VEHICLE,FAILING TO YIELD RIGHT-OF-WAY,0,0,0,0,7,1,11,260,47TH ST,41.962621,-87.633228,11/05/2017 07:30:00 AM,2017
CR00032960,01/24/2023 06:10:00 PM,30,CLEAR,DAYLIGHT,ANGLE,DIVIDED - W/MEDIAN (NOT RAISED),NO CONTROLS,FOLLOWING TOO CLOSELY,WEATHER,0,0,0,0,18,3,1,1916,47TH ST,41.990659,-87.570984,01/24/2023 06:43:00 PM,2023
CR00032961,06/11/2015 06:45:00 PM,40,CLEAR,DUSK,REAR END,NOT DIVIDED,NO CONTROLS,UNABLE TO DETERMINE,DISTRACTION - FROM INSIDE VEHICLE,0,0,0,0,18,5,6,838,47TH ST,41.865245,-87.682872,06/11/2015 08:26:00 PM,2015
CR00032962,03/08/2018 02:30:00 AM,30,SNOW,DAYLIGHT,PEDESTRIAN,NOT DIVIDED,TRAFFIC SIGNAL,UNABLE TO DETERMINE,NOT APPLICABLE,0,0,0,0,2,5,3,1812,WESTERN AVE,41.879624,-87.532547,03/08/2018 02:57:00 AM,2018
CR00032963,11/25/2022 01:31:00 PM,35,CLEAR,DUSK,PEDESTRIAN,NOT DIVIDED,NO CONTROLS,UNABLE TO DETERMINE,FAILING TO REDUCE SPEED,0,0,0,0,13,6,11,1003,HALSTED ST,41.986485,-87.502108,11/25/2022 03:30:00 PM,2022
CR00032964,07/29/2019 02:03:00 PM,40,CLEAR,DUSK,REAR END,DIVIDED - W/MEDIAN (NOT RAISED),NO CONTROLS,FAILING TO REDUCE SPEED,UNABLE TO DETERMINE,0,0,0,0,14,2,7,1957,KEDZIE AVE,41.700305,-87.533346,07/29/2019 03:08:00 PM,2019
CR00032965,03/28/2021 02:50:00 PM,20,CLEAR,DAYLIGHT,FIXED OBJECT,DIVIDED - W/MEDIAN (NOT RAISED),TRAFFIC SIGNAL,FAILING TO YIELD RIGHT-OF-WAY,NOT APPLICABLE,0,0,1,1,14,1,3,2011,DAMEN AVE,41.861024,-87.692255,03/28/2021 03:41:00 PM,2021
CR00032966,12/18/2024 04:17:00 PM,30,SNOW,DAYLIGHT,SIDESWIPE SAME DIRECTION,DIVIDED - W/MEDIAN BARRIER,NO CONTROLS,UNABLE TO DETERMINE,DRIVING SKILLS/KNOWLEDGE/EXPERIENCE,0,0,0,0,16,4,12,1057,MILWAUKEE AVE,41.877943,-87.811363,12/18/2024 04:55:00 PM,2024
CR00032967,03/19/2019 09:57:00 PM,30,SNOW,DAYLIGHT,TURNING,T-INTERSECTION,NO CONTROLS,FOLLOWING TOO CLOSELY,NOT APPLICABLE,0,0,0,0,21,3,3,400,OGDEN AVE,41.700616,-87.662288,03/19/2019 11:56:00 PM,2019
CR00032968,04/07/2019 07:22:00 AM,40,CLEAR,DAYLIGHT,TURNING,ONE-WAY,NO CONTROLS,IMPROPER OVERTAKING/PASSING,IMPROPER OVERTAKING/PASSING,0,0,1,1,7,1,4,170,WESTERN AVE,41.861322,-87.624583,04/07/2019 09:17:00 AM,2019
CR00032969,07/11/2023 07:07:00 AM,35,CLEAR,DAWN,TURNING,NOT DIVIDED,STOP SIGN/FLASHER,FAILING TO YIELD RIGHT-OF-WAY,UNABLE TO DETERMINE,0,1,1,2,7,3,7,834,LAKE SHORE DR,41.831766,-87.54663,07/11/2023 07:11:00 AM,2023
CR00032970,04/18/2021 06:31:00 PM,35,CLEAR,DAYLIGHT,SIDESWIPE SAME DIRECTION,DIVIDED - W/MEDIAN BARRIER,TRAFFIC SIGNAL,UNABLE TO DETERMINE,DISTRACTION - FROM INSIDE VEHICLE,0,1,1,2,18,1,4,2291,FULLERTON AVE,41.843086,-87.699566,04/18/2021 08:31:00 PM,2021
CR00032971,06/23/2022 01:41:00 PM,35,CLEAR,DAYLIGHT,PARKED MOTOR VEHICLE,DIVIDED - W/MEDIAN (NOT RAISED),NO CONTROLS,UNABLE TO DETERMINE,DRIVING SKILLS/KNOWLEDGE/EXPERIENCE,0,0,0,0,13,5,6,131,OGDEN AVE,41.80164,-87.675115,06/23/2022 03:27:00 PM,2022
CR00032972,05/03/2016 12:24:00 AM,20,CLOUDY/OVERCAST,DAYLIGHT,FIXED OBJECT,T-INTERSECTION,PEDESTRIAN CROSSING SIGN,UNABLE TO DETERMINE,DISTRACTION - FROM INSIDE VEHICLE,0,0,0,0,0,3,5,1915,ASHLAND AVE,41.942943,-87.530705,05/03/2016 02:14:00 AM,2016
CR00032973,05/02/2017 01:21:00 PM,40,RAIN,DAYLIGHT,ANGLE,FOUR WAY,TRAFFIC SIGNAL,FOLLOWING TOO CLOSELY,UNABLE TO DETERMINE,0,0,0,0,13,3,5,1747,STONY ISLAND AVE,41.717095,-87.717564,05/02/2017 02:04:00 PM,2017
CR00032974,04/12/2016 02:24:00 AM,30,CLEAR,DAYLIGHT,ANGLE,NOT DIVIDED,STOP SIGN/FLASHER,IMPROPER OVERTAKING/PASSING,IMPROPER OVERTAKING/PASSING,0,0,0,0,2,3,4,609,MILWAUKEE AVE,41.994284,-87.647084,04/12/2016 03:20:00 AM,2016
CR00032975,09/19/2024 08:44:00 AM,30,RAIN,DAYLIGHT,REAR END,NOT DIVIDED,NO CONTROLS,WEATHER,NOT APPLICABLE,0,0,0,0,8,5,9,752,ROOSEVELT RD,41.969831,-87.806381,09/19/2024 09:03:00 AM,2024
CR00032976,01/29/2015 11:53:00 AM,35,CLEAR,DARKNESS - LIGHTED ROAD,SIDESWIPE SAME DIRECTION,ONE-WAY,TRAFFIC SIGNAL,UNABLE TO DETERMINE,FOLLOWING TOO CLOSELY,0,0,2,2,11,5,1,356,LAKE SHORE DR,41.993951,-87.847789,01/29/2015 01:06:00 PM,2015
CR00032977,11/01/2019 07:12:00 PM,25,RAIN,DAYLIGHT,SIDESWIPE SAME DIRECTION,DIVIDED - W/MEDIAN (NOT RAISED),TRAFFIC SIGNAL,IMPROPER LANE USAGE,IMPROPER OVERTAKING/PASSING,0,0,0,0,19,6,11,732,IRVING PARK RD,41.994269,-87.60238,11/01/2019 07:42:00 PM,2019
CR00032978,12/25/2017 03:35:00 PM,20,CLEAR,DAYLIGHT,REAR END,NOT DIVIDED,STOP SIGN/FLASHER,FAILING TO YIELD RIGHT-OF-WAY,NOT APPLICABLE,0,0,3,3,15,2,12,2031,STONY ISLAND AVE,41.929597,-87.737507,12/25/2017 04:53:00 PM,2017
CR00032979,02/26/2022 04:06:00 AM,30,CLEAR,DUSK,REAR TO FRONT,ONE-WAY,TRAFFIC SIGNAL,UNABLE TO DETERMINE,IMPROPER OVERTAKING/PASSING,0,1,1,2,4,7,2,1766,STATE ST,41.776948,-87.777438,02/26/2022 04:36:00 AM,2022
CR00032980,09/14/2021 07:10:00 PM,35,CLEAR,DAYLIGHT,REAR END,NOT DIVIDED,STOP SIGN/FLASHER,UNABLE TO DETERMINE,FAILING TO YIELD RIGHT-OF-WAY,0,0,0,0,19,3,9,1005,DIVISION ST,41.863958,-87.83522,09/14/2021 07:47:00 PM,2021
CR00032981,11/12/2022 04:40:00 PM,25,CLEAR,DAYLIGHT,REAR END,NOT DIVIDED,YIELD,DRIVING SKILLS/KNOWLEDGE/EXPERIENCE,IMPROPER OVERTAKING/PASSING,0,0,0,0,16,7,11,2279,DAMEN AVE,41.758402,-87.748726,11/12/2022 05:06:00 PM,2022
CR00032982,07/27/2020 01:47:00 AM,15,SNOW,DAYLIGHT,REAR END,ONE-WAY,STOP SIGN/FLASHER,FOLLOWING TOO CLOSELY,UNABLE TO DETERMINE,0,0,0,0,1,2,7,1755,CLARK ST,41.926114,-87.535262,07/27/2020 03:09:00 AM,2020
CR00032983,06/08/2017 06:52:00 PM,30,CLEAR,DAYLIGHT,FIXED OBJECT,DIVIDED - W/MEDIAN (NOT RAISED),UNKNOWN,DISTRACTION - FROM INSIDE VEHICLE,NOT APPLICABLE,0,0,0,0,18,5,6,1936,CICERO AVE,41.714102,-87.632917,06/08/2017 08:13:00 PM,2017
CR00032984,06/07/2015 08:24:00 PM,20,CLEAR,DAYLIGHT,SIDESWIPE SAME DIRECTION,DIVIDED - W/MEDIAN (NOT RAISED),TRAFFIC SIGNAL,FAILING TO YIELD RIGHT-OF-WAY,IMPROPER OVERTAKING/PASSING,0,0,0,0,20,1,6,350,BROADWAY,41.791342,-87.542045,06/07/2015 09:03:00 PM,2015
CR00032985,02/11/2024 08:53:00 PM,15,FOG/SMOKE/HAZE,DARKNESS - LIGHTED ROAD,REAR END,NOT DIVIDED,STOP SIGN/FLASHER,WEATHER,FAILING TO YIELD RIGHT-OF-WAY,0,0,0,0,20,1,2,196,IRVING PARK RD,41.819606,-87.680726,02/11/2024 09:12:00 PM,2024
CR00032986,02/25/2020 09:54:00 AM,25,CLOUDY/OVERCAST,DAYLIGHT,ANGLE,FOUR WAY,STOP SIGN/FLASHER,UNABLE TO DETERMINE,UNABLE TO DETERMINE,0,0,1,1,9,3,2,1251,STONY ISLAND AVE,41.840784,-87.662454,02/25/2020 11:33:00 AM,2020
CR00032987,12/09/2020 07:35:00 AM,30,CLEAR,DUSK,TURNING,NOT DIVIDED,NO CONTROLS,UNABLE TO DETERMINE,IMPROPER OVERTAKING/PASSING,0,0,0,0,7,4,12,2144,HALSTED ST,41.927767,-87.687903,12/09/2020 09:04:00 AM,2020
CR00032988,03/10/2018 03:59:00 PM,30,CLEAR,DARKNESS - LIGHTED ROAD,ANGLE,ONE-WAY,NO CONTROLS,WEATHER,FAILING TO REDUCE SPEED,0,0,0,0,15,7,3,1321,PULASKI RD,41.765481,-87.689832,03/10/2018 05:21:00 PM,2018
CR00032989,09/25/2016 03:01:00 PM,40,CLEAR,DAYLIGHT,SIDESWIPE SAME DIRECTION,ONE-WAY,TRAFFIC SIGNAL,FOLLOWING TOO CLOSELY,NOT APPLICABLE,0,0,0,0,15,1,9,657,PULASKI RD,41.980617,-87.68345,09/25/2016 03:19:00 PM,2016
CR00032990,03/12/2020 08:53:00 AM,30,CLEAR,DAYLIGHT,SIDESWIPE SAME DIRECTION,NOT DIVIDED,NO CONTROLS,FOLLOWING TOO CLOSELY,UNABLE TO DETERMINE,0,0,0,0,8,5,3,348,CLARK ST,41.904431,-87.846012,03/12/2020 10:24:00 AM,2020
CR00032991,07/09/2020 09:24:00 AM,30,SNOW,DARKNESS - LIGHTED ROAD,ANGLE,NOT DIVIDED,PEDESTRIAN CROSSING SIGN,UNABLE TO DETERMINE,IMPROPER LANE USAGE,0,0,0,0,9,5,7,886,79TH ST,41.911678,-87.762519,07/09/2020 10:29:00 AM,2020
CR00032992,12/02/2020 11:07:00 PM,35,SNOW,DAYLIGHT,SIDESWIPE SAME DIRECTION,DIVIDED - W/MEDIAN BARRIER,TRAFFIC SIGNAL,FOLLOWING TOO CLOSELY,FAILING TO YIELD RIGHT-OF-WAY,0,0,0,0,23,4,12,468,ASHLAND AVE,41.810253,-87.5657,12/03/2020 01:05:00 AM,2020
CR00032993,05/13/2019 07:10:00 AM,30,CLEAR,DAYLIGHT,TURNING,NOT DIVIDED,NO CONTROLS,UNABLE TO DETERMINE,NOT APPLICABLE,0,0,0,0,7,2,5,2374,ARCHER AVE,41.795508,-87.7072,05/13/2019 07:43:00 AM,2019
CR00032994,07/24/2023 12:55:00 PM,45,FOG/SMOKE/HAZE,DAYLIGHT,REAR END,NOT DIVIDED,STOP SIGN/FLASHER,FOLLOWING TOO CLOSELY,NOT APPLICABLE,0,0,0,0,12,2,7,1083,ASHLAND AVE,41.912502,-87.697768,07/24/2023 02:30:00 PM,2023
CR00032995,03/13/2022 11:49:00 PM,35,RAIN,DUSK,REAR END,NOT DIVIDED,YIELD,UNABLE TO DETERMINE,IMPROPER LANE USAGE,0,0,0,0,23,1,3,2016,IRVING PARK RD,41.830163,-87.515075,03/14/2022 12:15:00 AM,2022
CR00032996,06/28/2018 01:55:00 PM,25,CLEAR,DAYLIGHT,TURNING,DIVIDED - W/MEDIAN (NOT RAISED),PEDESTRIAN CROSSING SIGN,DISTRACTION - FROM INSIDE VEHICLE,NOT APPLICABLE,0,0,1,1,13,5,6,1114,MICHIGAN AVE,41.903342,-87.57814,06/28/2018 03:47:00 PM,2018
CR00032997,09/15/2020 07:36:00 AM,30,CLEAR,DAYLIGHT,TURNING,NOT DIVIDED,STOP SIGN/FLASHER,UNABLE TO DETERMINE,NOT APPLICABLE,0,0,0,0,7,3,9,588,BROADWAY,41.707846,-87.776135,09/15/2020 08:57:00 AM,2020