CRASH_RECORD_ID,CRASH_DATE,POSTED_SPEED_LIMIT,WEATHER_CONDITION,LIGHTING_CONDITION,FIRST_CRASH_TYPE,TRAFFICWAY_TYPE,TRAFFIC_CONTROL_DEVICE,PRIM_CONTRIBUTORY_CAUSE,SEC_CONTRIBUTORY_CAUSE,INJURIES_FATAL,INJURIES_INCAPACITATING,INJURIES_NON_INCAPACITATING,INJURIES_TOTAL,CRASH_HOUR,CRASH_DAY_OF_WEEK,CRASH_MONTH,BEAT_OF_OCCURRENCE,STREET_NAME,LATITUDE,LONGITUDE,DATE_POLICE_NOTIFIED,year
CR00032998,07/22/2022 11:55:00 PM,30,CLEAR,DAYLIGHT,TURNING,NOT DIVIDED,TRAFFIC SIGNAL,DISTRACTION - FROM INSIDE VEHICLE,UNABLE TO DETERMINE,0,0,0,0,23,6,7,1075,CLARK ST,41.922197,-87.694385,07/23/2022 12:33:00 AM,2022
CR00032999,10/13/2021 04:05:00 AM,30,CLOUDY/OVERCAST,DAWN,REAR END,ONE-WAY,TRAFFIC SIGNAL,WEATHER,UNABLE TO DETERMINE,0,0,2,2,4,4,10,591,STONY ISLAND AVE,41.702405,-87.685616,10/13/2021 04:42:00 AM,2021
CR00033000,08/11/2018 12:07:00 PM,30,CLOUDY/OVERCAST,DAYLIGHT,PARKED MOTOR VEHICLE,NOT DIVIDED,NO CONTROLS,FOLLOWING TOO CLOSELY,IMPROPER LANE USAGE,0,0,1,1,12,7,8,2286,PULASKI RD,41.773512,-87.838637,08/11/2018 01:45:00 PM,2018
CR00033001,01/10/2023 11:38:00 AM,35,CLEAR,DAYLIGHT,ANGLE,DIVIDED - W/MEDIAN (NOT RAISED),NO CONTROLS,DRIVING SKILLS/KNOWLEDGE/EXPERIENCE,IMPROPER LANE USAGE,0,0,0,0,11,3,1,2392,63RD ST,41.803606,-87.826571,01/10/2023 12:54:00 PM,2023
CR00033002,04/20/2016 05:20:00 PM,20,CLEAR,DARKNESS - LIGHTED ROAD,ANGLE,DIVIDED - W/MEDIAN (NOT RAISED),YIELD,UNABLE TO DETERMINE,UNABLE TO DETERMINE,0,0,0,0,17,4,4,2055,63RD ST,41.725051,-87.750247,04/20/2016 06:19:00 PM,2016
CR00033003,01/29/2020 06:34:00 AM,30,CLEAR,DUSK,REAR END,FOUR WAY,TRAFFIC SIGNAL,FOLLOWING TOO CLOSELY,UNABLE TO DETERMINE,0,0,0,0,6,4,1,2000,MICHIGAN AVE,41.937545,-87.784188,01/29/2020 07:57:00 AM,2020
CR00033004,08/01/2024 03:14:00 PM,20,SNOW,DARKNESS - LIGHTED ROAD,PARKED MOTOR VEHICLE,NOT DIVIDED,TRAFFIC SIGNAL,UNABLE TO DETERMINE,FAILING TO YIELD RIGHT-OF-WAY,0,0,0,0,15,5,8,1891,47TH ST,41.76493,-87.730652,08/01/2024 03:35:00 PM,2024
CR00033005,03/10/2015 08:47:00 AM,25,CLEAR,DAYLIGHT,PARKED MOTOR VEHICLE,NOT DIVIDED,TRAFFIC SIGNAL,FAILING TO REDUCE SPEED,DISTRACTION - FROM INSIDE VEHICLE,0,0,0,0,8,3,3,1288,WESTERN AVE,41.974188,-87.592054,03/10/2015 09:01:00 AM,2015
CR00033006,02/17/2016 01:19:00 PM,30,CLEAR,DARKNESS - LIGHTED ROAD,FIXED OBJECT,NOT DIVIDED,TRAFFIC SIGNAL,IMPROPER LANE USAGE,UNABLE TO DETERMINE,0,0,1,1,13,4,2,2482,STATE ST,41.832737,-87.51715,02/17/2016 01:42:00 PM,2016
CR00033007,06/20/2024 03:30:00 AM,30,CLOUDY/OVERCAST,DARKNESS - LIGHTED ROAD,TURNING,DIVIDED - W/MEDIAN BARRIER,NO CONTROLS,UNABLE TO DETERMINE,DRIVING SKILLS/KNOWLEDGE/EXPERIENCE,0,0,0,0,3,5,6,1645,ASHLAND AVE,41.941354,-87.730533,06/20/2024 05:13:00 AM,2024
CR00033008,03/25/2024 07:31:00 PM,25,CLEAR,DAYLIGHT,PARKED MOTOR VEHICLE,DIVIDED - W/MEDIAN (NOT RAISED),NO CONTROLS,UNABLE TO DETERMINE,FOLLOWING TOO CLOSELY,0,0,0,0,19,2,3,1474,PULASKI RD,41.914621,-87.729149,03/25/2024 08:44:00 PM,2024
CR00033009,06/01/2021 11:51:00 AM,30,CLEAR,DAYLIGHT,PARKED MOTOR VEHICLE,NOT DIVIDED,NO CONTROLS,DRIVING SKILLS/KNOWLEDGE/EXPERIENCE,DISREGARDING TRAFFIC SIGNALS,0,0,0,0,11,3,6,2353,FULLERTON AVE,41.798777,-87.770996,06/01/2021 01:44:00 PM,2021
CR00033010,07/14/2018 06:11:00 PM,30,FOG/SMOKE/HAZE,DAYLIGHT,REAR END,DIVIDED - W/MEDIAN (NOT RAISED),TRAFFIC SIGNAL,UNABLE TO DETERMINE,UNABLE TO DETERMINE,0,0,0,0,18,7,7,1774,OGDEN AVE,41.778427,-87.812453,07/14/2018 07:32:00 PM,2018
CR00033011,07/02/2017 11:48:00 AM,30,CLEAR,DAYLIGHT,TURNING,NOT DIVIDED,NO CONTROLS,DISREGARDING TRAFFIC SIGNALS,UNABLE TO DETERMINE,0,0,1,1,11,1,7,483,IRVING PARK RD,41.884921,-87.535196,07/02/2017 01:15:00 PM,2017
CR00033012,07/26/2015 10:22:00 PM,35,CLEAR,DARKNESS - LIGHTED ROAD,TURNING,DIVIDED - W/MEDIAN (NOT RAISED),TRAFFIC SIGNAL,IMPROPER OVERTAKING/PASSING,DRIVING SKILLS/KNOWLEDGE/EXPERIENCE,0,0,0,0,22,1,7,750,79TH ST,41.851585,-87.528977,07/26/2015 10:24:00 PM,2015
CR00033013,06/18/2019 08:35:00 AM,15,CLOUDY/OVERCAST,DUSK,SIDESWIPE SAME DIRECTION,DIVIDED - W/MEDIAN (NOT RAISED),NO CONTROLS,FAILING TO REDUCE SPEED,NOT APPLICABLE,0,0,0,0,8,3,6,640,KEDZIE AVE,41.775469,-87.629555,06/18/2019 10:35:00 AM,2019
CR00033014,11/25/2019 09:05:00 AM,45,CLEAR,DARKNESS - LIGHTED ROAD,REAR END,ONE-WAY,STOP SIGN/FLASHER,UNABLE TO DETERMINE,FAILING TO YIELD RIGHT-OF-WAY,0,0,0,0,9,2,11,711,ROOSEVELT RD,41.826183,-87.817278,11/25/2019 09:29:00 AM,2019
CR00033015,08/24/2021 08:06:00 AM,40,CLOUDY/OVERCAST,DAYLIGHT,REAR TO FRONT,ONE-WAY,STOP SIGN/FLASHER,DISREGARDING TRAFFIC SIGNALS,FAILING TO YIELD RIGHT-OF-WAY,0,0,0,0,8,3,8,1508,STONY ISLAND AVE,41.83021,-87.828002,08/24/2021 08:57:00 AM,2021
CR00033016,04/13/2017 12:44:00 PM,35,CLOUDY/OVERCAST,DAYLIGHT,REAR TO FRONT,NOT DIVIDED,UNKNOWN,DISREGARDING TRAFFIC SIGNALS,FAILING TO YIELD RIGHT-OF-WAY,0,0,1,1,12,5,4,1707,STATE ST,41.984618,-87.600913,04/13/2017 01:37:00 PM,2017
CR00033017,10/01/2023 06:58:00 AM,15,CLEAR,DAYLIGHT,TURNING,FOUR WAY,TRAFFIC SIGNAL,DRIVING SKILLS/KNOWLEDGE/EXPERIENCE,NOT APPLICABLE,0,0,0,0,6,1,10,639,ROOSEVELT RD,41.795442,-87.547103,10/01/2023 07:31:00 AM,2023
CR00033018,08/26/2022 05:00:00 PM,40,CLOUDY/OVERCAST,DARKNESS - LIGHTED ROAD,SIDESWIPE SAME DIRECTION,NOT DIVIDED,TRAFFIC SIGNAL,UNABLE TO DETERMINE,UNABLE TO DETERMINE,0,0,0,0,17,6,8,231,ASHLAND AVE,41.961437,-87.529967,08/26/2022 05:17:00 PM,2022
CR00033019,06/21/2017 11:21:00 AM,30,SNOW,DARKNESS,REAR END,DIVIDED - W/MEDIAN BARRIER,STOP SIGN/FLASHER,DISREGARDING TRAFFIC SIGNALS,DISREGARDING TRAFFIC SIGNALS,0,0,0,0,11,4,6,700,DAMEN AVE,41.982277,-87.68775,06/21/2017 11:41:00 AM,2017
CR00033020,03/29/2021 09:11:00 AM,30,CLEAR,DARKNESS - LIGHTED ROAD,PARKED MOTOR VEHICLE,DIVIDED - W/MEDIAN (NOT RAISED),NO CONTROLS,UNABLE TO DETERMINE,DISTRACTION - FROM INSIDE VEHICLE,0,0,0,0,9,2,3,1926,MICHIGAN AVE,41.73216,-87.605082,03/29/2021 10:22:00 AM,2021
CR00033021,06/27/2018 07:29:00 AM,35,CLEAR,DAYLIGHT,REAR END,NOT DIVIDED,TRAFFIC SIGNAL,WEATHER,DRIVING SKILLS/KNOWLEDGE/EXPERIENCE,0,0,0,0,7,4,6,2042,PULASKI RD,41.853828,-87.646801,06/27/2018 07:49:00 AM,2018
CR00033022,07/02/2020 02:39:00 AM,45,CLEAR,DAYLIGHT,REAR END,DIVIDED - W/MEDIAN (NOT RAISED),TRAFFIC SIGNAL,FAILING TO YIELD RIGHT-OF-WAY,UNABLE TO DETERMINE,0,0,0,0,2,5,7,1503,MILWAUKEE AVE,41.950385,-87.534591,07/02/2020 03:00:00 AM,2020
CR00033023,09/14/2015 04:27:00 PM,15,CLEAR,DARKNESS,TURNING,NOT DIVIDED,STOP SIGN/FLASHER,UNABLE TO DETERMINE,DISTRACTION - FROM INSIDE VEHICLE,0,0,0,0,16,2,9,747,DAMEN AVE,41.771892,-87.559571,09/14/2015 04:51:00 PM,2015
CR00033024,01/30/2022 06:35:00 PM,25,CLEAR,DARKNESS - LIGHTED ROAD,PARKED MOTOR VEHICLE,DIVIDED - W/MEDIAN BARRIER,NO CONTROLS,FOLLOWING TOO CLOSELY,WEATHER,0,0,0,0,18,1,1,1418,MICHIGAN AVE,41.904134,-87.567045,01/30/2022 07:27:00 PM,2022
CR00033025,03/22/2017 06:33:00 PM,25,RAIN,DARKNESS - LIGHTED ROAD,FIXED OBJECT,DIVIDED - W/MEDIAN (NOT RAISED),NO CONTROLS,IMPROPER OVERTAKING/PASSING,UNABLE TO DETERMINE,0,0,0,0,18,4,3,544,PULASKI RD,41.946926,-87.652354,03/22/2017 07:29:00 PM,2017
CR00033026,12/05/2015 07:07:00 PM,15,RAIN,DAYLIGHT,TURNING,NOT DIVIDED,PEDESTRIAN CROSSING SIGN,FOLLOWING TOO CLOSELY,FAILING TO YIELD RIGHT-OF-WAY,0,0,0,0,19,7,12,2207,STONY ISLAND AVE,41.860075,-87.751438,12/05/2015 07:23:00 PM,2015
CR00033027,10/11/2016 03:41:00 PM,35,RAIN,DAYLIGHT,SIDESWIPE SAME DIRECTION,DIVIDED - W/MEDIAN (NOT RAISED),NO CONTROLS,DRIVING SKILLS/KNOWLEDGE/EXPERIENCE,FAILING TO YIELD RIGHT-OF-WAY,0,0,3,3,15,3,10,1373,DAMEN AVE,41.933493,-87.807751,10/11/2016 05:41:00 PM,2016
CR00033028,07/07/2023 07:23:00 AM,35,RAIN,DAYLIGHT,PARKED MOTOR VEHICLE,ONE-WAY,TRAFFIC SIGNAL,UNABLE TO DETERMINE,FAILING TO YIELD RIGHT-OF-WAY,0,0,1,1,7,6,7,1041,ARCHER AVE,41.728534,-87.50829,07/07/2023 07:49:00 AM,2023
CR00033029,06/19/2020 06:23:00 PM,35,RAIN,DAYLIGHT,REAR END,NOT DIVIDED,TRAFFIC SIGNAL,FAILING TO YIELD RIGHT-OF-WAY,NOT APPLICABLE,0,0,0,0,18,6,6,1539,WESTERN AVE,41.880438,-87.520223,06/19/2020 06:32:00 PM,2020
CR00033030,09/15/2022 07:09:00 AM,20,SNOW,DARKNESS - LIGHTED ROAD,TURNING,ONE-WAY,NO CONTROLS,FAILING TO REDUCE SPEED,NOT APPLICABLE,0,0,0,0,7,5,9,1823,ARCHER AVE,41.85637,-87.800873,09/15/2022 08:24:00 AM,2022
CR00033031,08/01/2022 10:49:00 PM,30,CLEAR,DAWN,ANGLE,ONE-WAY,NO CONTROLS,IMPROPER LANE USAGE,UNABLE TO DETERMINE,0,1,3,4,22,2,8,911,MILWAUKEE AVE,41.975789,-87.836499,08/01/2022 11:50:00 PM,2022
CR00033032,09/14/2022 09:59:00 PM,30,CLEAR,DUSK,FIXED OBJECT,ONE-WAY,UNKNOWN,FOLLOWING TOO CLOSELY,DISTRACTION - FROM INSIDE VEHICLE,0,0,0,0,21,4,9,479,IRVING PARK RD,41.875157,-87.560794,09/14/2022 11:17:00 PM,2022
CR00033033,09/15/2024 09:23:00 PM,30,RAIN,DAYLIGHT,SIDESWIPE SAME DIRECTION,DIVIDED - W/MEDIAN (NOT RAISED),UNKNOWN,FAILING TO YIELD RIGHT-OF-WAY,FAILING TO REDUCE SPEED,0,0,0,0,21,1,9,704,IRVING PARK RD,41.918078,-87.749963,09/15/2024 09:52:00 PM,2024
CR00033034,01/28/2021 08:56:00 AM,35,CLEAR,DAYLIGHT,REAR END,NOT DIVIDED,NO CONTROLS,FAILING TO YIELD RIGHT-OF-WAY,UNABLE TO DETERMINE,0,0,0,0,8,5,1,2333,LAKE SHORE DR,41.876368,-87.596967,01/28/2021 10:09:00 AM,2021
CR00033035,01/30/2020 03:21:00 PM,35,CLEAR,DARKNESS - LIGHTED ROAD,TURNING,NOT DIVIDED,STOP SIGN/FLASHER,DISREGARDING TRAFFIC SIGNALS,NOT APPLICABLE,0,0,0,0,15,5,1,2355,CICERO AVE,41.903918,-87.767737,01/30/2020 04:18:00 PM,2020
CR00033036,12/11/2017 09:51:00 AM,35,CLEAR,DAYLIGHT,REAR END,NOT DIVIDED,NO CONTROLS,DISTRACTION - FROM INSIDE VEHICLE,FAILING TO YIELD RIGHT-OF-WAY,0,0,0,0,9,2,12,1414,WESTERN AVE,41.70621,-87.577031,12/11/2017 11:10:00 AM,2017
CR00033037,04/17/2024 05:03:00 AM,20,CLEAR,DARKNESS - LIGHTED ROAD,TURNING,DIVIDED - W/MEDIAN (NOT RAISED),NO CONTROLS,UNABLE TO DETERMINE,IMPROPER OVERTAKING/PASSING,0,2,0,2,5,4,4,176,WESTERN AVE,41.932203,-87.794399,04/17/2024 06:35:00 AM,2024
CR00033038,06/05/2016 06:05:00 PM,20,CLEAR,DAYLIGHT,SIDESWIPE SAME DIRECTION,ONE-WAY,STOP SIGN/FLASHER,UNABLE TO DETERMINE,NOT APPLICABLE,0,0,0,0,18,1,6,603,CICERO AVE,41.735002,-87.598052,06/05/2016 07:05:00 PM,2016
CR00033039,10/22/2020 12:13:00 PM,30,CLOUDY/OVERCAST,DARKNESS - LIGHTED ROAD,FIXED OBJECT,NOT DIVIDED,STOP SIGN/FLASHER,FOLLOWING TOO CLOSELY,IMPROPER LANE USAGE,0,0,0,0,12,5,10,2320,ARCHER AVE,41.751287,-87.531658,10/22/2020 12:30:00 PM,2020
CR00033040,09/02/2017 01:44:00 PM,15,CLEAR,DARKNESS - LIGHTED ROAD,TURNING,ONE-WAY,TRAFFIC SIGNAL,FAILING TO YIELD RIGHT-OF-WAY,IMPROPER OVERTAKING/PASSING,0,0,0,0,13,7,9,989,FULLERTON AVE,41.87659,-87.625787,09/02/2017 02:51:00 PM,2017
CR00033041,03/13/2019 06:33:00 PM,40,CLEAR,DAYLIGHT,REAR END,DIVIDED - W/MEDIAN (NOT RAISED),NO CONTROLS,DISREGARDING TRAFFIC SIGNALS,IMPROPER LANE USAGE,0,0,0,0,18,4,3,1098,IRVING PARK RD,41.925648,-87.756001,03/13/2019 06:56:00 PM,2019
CR00033042,12/25/2021 08:16:00 AM,35,CLEAR,DAYLIGHT,ANGLE,FOUR WAY,STOP SIGN/FLASHER,FOLLOWING TOO CLOSELY,NOT APPLICABLE,0,0,0,0,8,7,12,1680,79TH ST,41.852213,-87.781193,12/25/2021 09:08:00 AM,2021
CR00033043,09/20/2020 08:14:00 AM,30,CLEAR,DAYLIGHT,REAR END,NOT DIVIDED,TRAFFIC SIGNAL,DISTRACTION - FROM INSIDE VEHICLE,FAILING TO YIELD RIGHT-OF-WAY,0,1,3,4,8,1,9,2515,FULLERTON AVE,41.871055,-87.676541,09/20/2020 09:29:00 AM,2020
CR00033044,05/14/2021 03:00:00 PM,15,CLEAR,DARKNESS - LIGHTED ROAD,PARKED MOTOR VEHICLE,NOT DIVIDED,STOP SIGN/FLASHER,UNABLE TO DETERMINE,FAILING TO YIELD RIGHT-OF-WAY,0,0,0,0,15,6,5,2279,FULLERTON AVE,41.729275,-87.525231,05/14/2021 04:51:00 PM,2021
CR00033045,12/26/2017 12:05:00 PM,25,CLEAR,DARKNESS - LIGHTED ROAD,TURNING,NOT DIVIDED,NO CONTROLS,FAILING TO YIELD RIGHT-OF-WAY,IMPROPER LANE USAGE,0,0,0,0,12,3,12,1585,ARCHER AVE,41.905146,-87.710318,12/26/2017 01:46:00 PM,2017
CR00033046,08/29/2023 06:50:00 PM,30,RAIN,DAYLIGHT,TURNING,FOUR WAY,TRAFFIC SIGNAL,WEATHER,DISTRACTION - FROM INSIDE VEHICLE,0,0,0,0,18,3,8,1659,IRVING PARK RD,41.726146,-87.59777,08/29/2023 07:07:00 PM,2023
CR00033047,05/31/2015 09:05:00 PM,15,CLEAR,DAYLIGHT,TURNING,NOT DIVIDED,NO CONTROLS,UNABLE TO DETERMINE,IMPROPER OVERTAKING/PASSING,0,0,0,0,21,1,5,483,DIVISION ST,41.972082,-87.790965,05/31/2015 09:26:00 PM,2015
CR00033048,07/27/2019 05:34:00 PM,30,RAIN,DAYLIGHT,FIXED OBJECT,DIVIDED - W/MEDIAN BARRIER,STOP SIGN/FLASHER,DISTRACTION - FROM INSIDE VEHICLE,UNABLE TO DETERMINE,0,0,0,0,17,7,7,2388,63RD ST,41.937727,-87.686481,07/27/2019 06:14:00 PM,2019
CR00033049,05/30/2016 02:49:00 PM,40,CLEAR,DAYLIGHT,REAR END,NOT DIVIDED,YIELD,FOLLOWING TOO CLOSELY,UNABLE TO DETERMINE,0,0,1,1,14,2,5,1646,OGDEN AVE,41.987303,-87.596736,05/30/2016 04:08:00 PM,2016
CR00033050,01/24/2018 04:46:00 PM,45,CLEAR,DAYLIGHT,SIDESWIPE SAME DIRECTION,NOT DIVIDED,NO CONTROLS,DRIVING SKILLS/KNOWLEDGE/EXPERIENCE,FAILING TO REDUCE SPEED,0,0,0,0,16,4,1,199,47TH ST,41.954537,-87.749195,01/24/2018 06:29:00 PM,2018
CR00033051,10/26/2019 12:42:00 AM,30,CLEAR,DAYLIGHT,TURNING,DIVIDED - W/MEDIAN BARRIER,NO CONTROLS,UNABLE TO DETERMINE,NOT APPLICABLE,0,0,0,0,0,7,10,878,IRVING PARK RD,41.980985,-87.846641,10/26/2019 01:56:00 AM,2019
CR00033052,10/21/2015 10:02:00 PM,30,CLEAR,DAYLIGHT,SIDESWIPE SAME DIRECTION,NOT DIVIDED,NO CONTROLS,IMPROPER LANE USAGE,UNABLE TO DETERMINE,0,0,0,0,22,4,10,1615,DAMEN AVE,41.953573,-87.632898,10/21/2015 10:40:00 PM,2015
CR00033053,07/05/2017 03:34:00 AM,15,CLEAR,DAYLIGHT,ANGLE,DIVIDED - W/MEDIAN BARRIER,TRAFFIC SIGNAL,UNABLE TO DETERMINE,UNABLE TO DETERMINE,0,0,0,0,3,4,7,1763,DAMEN AVE,41.871992,-87.721041,07/05/2017 04:55:00 AM,2017
CR00033054,02/27/2020 06:13:00 PM,30,CLOUDY/OVERCAST,DAYLIGHT,PEDESTRIAN,T-INTERSECTION,UNKNOWN,DISTRACTION - FROM INSIDE VEHICLE,DISTRACTION - FROM INSIDE VEHICLE,0,1,1,2,18,5,2,1947,LAKE SHORE DR,41.987373,-87.785605,02/27/2020 06:59:00 PM,2020
CR00033055,07/11/2016 07:04:00 AM,15,CLEAR,DAYLIGHT,REAR END,FOUR WAY,TRAFFIC SIGNAL,UNABLE TO DETERMINE,IMPROPER OVERTAKING/PASSING,0,0,1,1,7,2,7,1066,CLARK ST,41.8924,-87.664289,07/11/2016 07:36:00 AM,2016
CR00033056,08/01/2021 02:24:00 PM,25,CLEAR,DAYLIGHT,PARKED MOTOR VEHICLE,NOT DIVIDED,STOP SIGN/FLASHER,FOLLOWING TOO CLOSELY,IMPROPER LANE USAGE,0,0,0,0,14,1,8,242,ROOSEVELT RD,41.747243,-87.688254,08/01/2021 04:16:00 PM,2021
CR00033057,09/23/2022 04:54:00 PM,35,CLEAR,DAYLIGHT,SIDESWIPE SAME DIRECTION,DIVIDED - W/MEDIAN (NOT RAISED),UNKNOWN,UNABLE TO DETERMINE,FAILING TO REDUCE SPEED,0,0,0,0,16,6,9,1706,KEDZIE AVE,41.793853,-87.788987,09/23/2022 06:46:00 PM,2022
CR00033058,08/10/2016 07:15:00 PM,35,CLEAR,DARKNESS - LIGHTED ROAD,FIXED OBJECT,NOT DIVIDED,TRAFFIC SIGNAL,WEATHER,FOLLOWING TOO CLOSELY,0,0,0,0,19,4,8,1062,STATE ST,41.714727,-87.62706,08/10/2016 07:18:00 PM,2016
CR00033059,11/11/2015 04:40:00 PM,20,SNOW,DARKNESS,PARKED MOTOR VEHICLE,DIVIDED - W/MEDIAN (NOT RAISED),YIELD,FAILING TO REDUCE SPEED,DRIVING SKILLS/KNOWLEDGE/EXPERIENCE,0,0,1,1,16,4,11,1600,DIVISION ST,41.95475,-87.528659,11/11/2015 05:58:00 PM,2015
CR00033060,05/05/2020 07:07:00 AM,40,CLEAR,DARKNESS - LIGHTED ROAD,ANGLE,DIVIDED - W/MEDIAN BARRIER,PEDESTRIAN CROSSING SIGN,IMPROPER OVERTAKING/PASSING,IMPROPER OVERTAKING/PASSING,0,0,0,0,7,3,5,1212,CICERO AVE,41.7936,-87.753763,05/05/2020 08:40:00 AM,2020
CR00033061,10/04/2021 07:54:00 AM,40,CLEAR,DAYLIGHT,REAR END,NOT DIVIDED,STOP SIGN/FLASHER,IMPROPER LANE USAGE,FOLLOWING TOO CLOSELY,0,0,0,0,7,2,10,1655,STATE ST,41.702978,-87.706803,10/04/2021 09:26:00 AM,2021
CR00033062,06/09/2018 05:16:00 PM,30,CLEAR,DAYLIGHT,ANGLE,DIVIDED - W/MEDIAN (NOT RAISED),NO CONTROLS,UNABLE TO DETERMINE,UNABLE TO DETERMINE,0,0,1,1,17,7,6,1944,ARCHER AVE,41.942045,-87.804941,06/09/2018 06:07:00 PM,2018
CR00033063,08/26/2024 10:00:00 PM,25,CLEAR,DAYLIGHT,SIDESWIPE SAME DIRECTION,FOUR WAY,NO CONTROLS,DISTRACTION - FROM INSIDE VEHICLE,FAILING TO YIELD RIGHT-OF-WAY,0,0,0,0,22,2,8,248,ARCHER AVE,41.901449,-87.671551,08/26/2024 10:47:00 PM,2024
CR00033064,03/21/2017 12:12:00 PM,30,CLOUDY/OVERCAST,DAYLIGHT,SIDESWIPE SAME DIRECTION,ONE-WAY,TRAFFIC SIGNAL,DISREGARDING TRAFFIC SIGNALS,UNABLE TO DETERMINE,0,0,0,0,12,3,3,2231,ROOSEVELT RD,41.755346,-87.660336,03/21/2017 02:02:00 PM,2017
CR00033065,11/05/2020 08:42:00 AM,35,RAIN,DARKNESS - LIGHTED ROAD,REAR END,ONE-WAY,NO CONTROLS,DRIVING SKILLS/KNOWLEDGE/EXPERIENCE,FOLLOWING TOO CLOSELY,0,0,0,0,8,5,11,1944,BROADWAY,41.868483,-87.72676,11/05/2020 10:30:00 AM,2020
CR00033066,08/30/2022 09:20:00 AM,20,CLEAR,DAYLIGHT,ANGLE,T-INTERSECTION,NO CONTROLS,UNABLE TO DETERMINE,DRIVING SKILLS/KNOWLEDGE/EXPERIENCE,0,0,0,0,9,3,8,865,CALIFORNIA AVE,41.974497,-87.602972,08/30/2022 09:37:00 AM,2022
CR00033067,04/12/2016 05:04:00 AM,35,CLOUDY/OVERCAST,DAYLIGHT,REAR TO FRONT,NOT DIVIDED,NO CONTROLS,DISREGARDING TRAFFIC SIGNALS,FAILING TO REDUCE SPEED,0,0,0,0,5,3,4,737,CICERO AVE,41.769153,-87.525742,04/12/2016 05:23:00 AM,2016
CR00033068,10/19/2021 03:27:00 PM,15,CLEAR,DARKNESS - LIGHTED ROAD,TURNING,NOT DIVIDED,TRAFFIC SIGNAL,UNABLE TO DETERMINE,UNABLE TO DETERMINE,0,0,0,0,15,3,10,124,MICHIGAN AVE,41.932476,-87.767393,10/19/2021 05:00:00 PM,2021
CR00033069,01/30/2023 04:17:00 PM,20,CLOUDY/OVERCAST,DAYLIGHT,TURNING,NOT DIVIDED,NO CONTROLS,WEATHER,NOT APPLICABLE,0,0,1,1,16,2,1,880,63RD ST,41.995728,-87.557347,01/30/2023 06:12:00 PM,2023
CR00033070,11/14/2019 04:04:00 PM,30,CLEAR,DAYLIGHT,FIXED OBJECT,DIVIDED - W/MEDIAN (NOT RAISED),NO CONTROLS,IMPROPER LANE USAGE,FOLLOWING TOO CLOSELY,0,0,0,0,16,5,11,472,47TH ST,41.775462,-87.716377,11/14/2019 05:40:00 PM,2019
CR00033071,09/28/2022 08:02:00 AM,30,CLOUDY/OVERCAST,DAWN,FIXED OBJECT,DIVIDED - W/MEDIAN (NOT RAISED),TRAFFIC SIGNAL,DRIVING SKILLS/KNOWLEDGE/EXPERIENCE,DRIVING SKILLS/KNOWLEDGE/EXPERIENCE,0,0,3,3,8,4,9,165,STATE ST,41.892484,-87.501503,09/28/2022 09:43:00 AM,2022
CR00033072,01/02/2023 09:11:00 AM,30,CLEAR,DAYLIGHT,PEDESTRIAN,ONE-WAY,TRAFFIC SIGNAL,FOLLOWING TOO CLOSELY,FOLLOWING TOO CLOSELY,0,0,1,1,9,2,1,1474,MICHIGAN AVE,41.728857,-87.589022,01/02/2023 09:14:00 AM,2023
CR00033073,10/24/2023 07:32:00 AM,30,CLEAR,DAYLIGHT,ANGLE,NOT DIVIDED,NO CONTROLS,DISREGARDING TRAFFIC SIGNALS,DISREGARDING TRAFFIC SIGNALS,0,0,0,0,7,3,10,963,63RD ST,41.859712,-87.521956,10/24/2023 08:34:00 AM,2023
CR00033074,11/28/2022 03:50:00 PM,30,CLEAR,DAYLIGHT,SIDESWIPE SAME DIRECTION,NOT DIVIDED,NO CONTROLS,FAILING TO REDUCE SPEED,UNABLE TO DETERMINE,0,0,0,0,15,2,11,2047,DAMEN AVE,41.958298,-87.708017,11/28/2022 05:05:00 PM,2022
CR00033075,01/31/2015 05:33:00 PM,30,CLEAR,DUSK,REAR TO FRONT,NOT DIVIDED,TRAFFIC SIGNAL,DRIVING SKILLS/KNOWLEDGE/EXPERIENCE,DRIVING SKILLS/KNOWLEDGE/EXPERIENCE,0,0,1,1,17,7,1,2143,IRVING PARK RD,41.804905,-87.510749,01/31/2015 07:02:00 PM,2015
CR00033076,10/21/2024 08:07:00 AM,30,CLEAR,DARKNESS - LIGHTED ROAD,TURNING,DIVIDED - W/MEDIAN (NOT RAISED),NO CONTROLS,IMPROPER OVERTAKING/PASSING,DISREGARDING TRAFFIC SIGNALS,0,0,2,2,8,2,10,1060,ARCHER AVE,41.98344,-87.696706,10/21/2024 08:14:00 AM,2024
CR00033077,02/20/2019 04:00:00 PM,30,SNOW,DAYLIGHT,REAR END,NOT DIVIDED,NO CONTROLS,IMPROPER OVERTAKING/PASSING,IMPROPER LANE USAGE,0,0,0,0,16,4,2,1595,ASHLAND AVE,41.795501,-87.659901,02/20/2019 04:38:00 PM,2019
CR00033078,12/16/2015 06:39:00 PM,30,CLEAR,DAYLIGHT,ANGLE,DIVIDED - W/MEDIAN (NOT RAISED),TRAFFIC SIGNAL,IMPROPER OVERTAKING/PASSING,FAILING TO REDUCE SPEED,0,0,0,0,18,4,12,2352,IRVING PARK RD,41.921488,-87.680256,12/16/2015 07:34:00 PM,2015
CR00033079,05/30/2022 03:12:00 AM,30,CLEAR,DARKNESS,REAR END,NOT DIVIDED,NO CONTROLS,UNABLE TO DETERMINE,IMPROPER OVERTAKING/PASSING,0,0,0,0,3,2,5,1002,OGDEN AVE,41.950062,-87.64417,05/30/2022 04:48:00 AM,2022