CRASH_RECORD_ID,CRASH_DATE,POSTED_SPEED_LIMIT,WEATHER_CONDITION,LIGHTING_CONDITION,FIRST_CRASH_TYPE,TRAFFICWAY_TYPE,TRAFFIC_CONTROL_DEVICE,PRIM_CONTRIBUTORY_CAUSE,SEC_CONTRIBUTORY_CAUSE,INJURIES_FATAL,INJURIES_INCAPACITATING,INJURIES_NON_INCAPACITATING,INJURIES_TOTAL,CRASH_HOUR,CRASH_DAY_OF_WEEK,CRASH_MONTH,BEAT_OF_OCCURRENCE,STREET_NAME,LATITUDE,LONGITUDE,DATE_POLICE_NOTIFIED,year
CR00033080,01/26/2023 03:33:00 AM,30,CLEAR,DAYLIGHT,PARKED MOTOR VEHICLE,NOT DIVIDED,NO CONTROLS,DISREGARDING TRAFFIC SIGNALS,NOT APPLICABLE,0,1,3,4,3,5,1,1513,ELSTON AVE,41.788099,-87.809298,01/26/2023 04:27:00 AM,2023
CR00033081,07/20/2015 08:49:00 AM,15,SNOW,DARKNESS - LIGHTED ROAD,PARKED MOTOR VEHICLE,NOT DIVIDED,TRAFFIC SIGNAL,UNABLE TO DETERMINE,UNABLE TO DETERMINE,0,0,0,0,8,2,7,1451,PULASKI RD,41.829522,-87.732198,07/20/2015 09:34:00 AM,2015
CR00033082,07/14/2015 04:13:00 PM,35,CLOUDY/OVERCAST,DAYLIGHT,SIDESWIPE SAME DIRECTION,NOT DIVIDED,NO CONTROLS,DISTRACTION - FROM INSIDE VEHICLE,WEATHER,0,0,1,1,16,3,7,456,79TH ST,41.795001,-87.724591,07/14/2015 04:21:00 PM,2015
CR00033083,05/01/2019 05:41:00 PM,35,CLEAR,DAYLIGHT,ANGLE,ONE-WAY,TRAFFIC SIGNAL,FAILING TO REDUCE SPEED,NOT APPLICABLE,0,1,1,2,17,4,5,1161,ROOSEVELT RD,41.810504,-87.667848,05/01/2019 07:27:00 PM,2019
CR00033084,03/16/2023 04:08:00 AM,15,CLEAR,DAYLIGHT,REAR END,DIVIDED - W/MEDIAN (NOT RAISED),NO CONTROLS,UNABLE TO DETERMINE,UNABLE TO DETERMINE,0,0,0,0,4,5,3,753,HALSTED ST,41.757161,-87.836442,03/16/2023 05:32:00 AM,2023
CR00033085,12/27/2017 11:18:00 AM,45,CLEAR,DAYLIGHT,TURNING,DIVIDED - W/MEDIAN BARRIER,PEDESTRIAN CROSSING SIGN,DISTRACTION - FROM INSIDE VEHICLE,FAILING TO YIELD RIGHT-OF-WAY,0,0,0,0,11,4,12,183,CLARK ST,41.845994,-87.808176,12/27/2017 01:04:00 PM,2017
CR00033086,09/02/2023 03:10:00 PM,30,CLEAR,DAYLIGHT,ANGLE,DIVIDED - W/MEDIAN (NOT RAISED),STOP SIGN/FLASHER,UNABLE TO DETERMINE,IMPROPER LANE USAGE,0,0,0,0,15,7,9,1372,KEDZIE AVE,41.705305,-87.576182,09/02/2023 03:46:00 PM,2023
CR00033087,08/26/2017 05:55:00 PM,15,RAIN,DAYLIGHT,PARKED MOTOR VEHICLE,DIVIDED - W/MEDIAN (NOT RAISED),STOP SIGN/FLASHER,DRIVING SKILLS/KNOWLEDGE/EXPERIENCE,UNABLE TO DETERMINE,0,0,0,0,17,7,8,700,63RD ST,41.864274,-87.691974,08/26/2017 07:50:00 PM,2017
CR00033088,12/17/2016 08:03:00 AM,25,CLEAR,DARKNESS - LIGHTED ROAD,REAR TO FRONT,DIVIDED - W/MEDIAN BARRIER,TRAFFIC SIGNAL,FOLLOWING TOO CLOSELY,NOT APPLICABLE,0,0,0,0,8,7,12,1489,CALIFORNIA AVE,41.903049,-87.720083,12/17/2016 09:11:00 AM,2016
CR00033089,01/17/2020 01:07:00 PM,30,CLEAR,DAYLIGHT,REAR END,DIVIDED - W/MEDIAN BARRIER,NO CONTROLS,IMPROPER LANE USAGE,UNABLE TO DETERMINE,0,0,1,1,13,6,1,1586,CALIFORNIA AVE,41.976185,-87.624241,01/17/2020 01:13:00 PM,2020
CR00033090,01/13/2023 04:54:00 PM,35,SNOW,DAYLIGHT,REAR TO FRONT,NOT DIVIDED,TRAFFIC SIGNAL,FOLLOWING TOO CLOSELY,FAILING TO YIELD RIGHT-OF-WAY,0,0,0,0,16,6,1,1226,CLARK ST,41.905567,-87.724591,01/13/2023 05:23:00 PM,2023
CR00033091,09/11/2022 07:28:00 AM,25,FOG/SMOKE/HAZE,DARKNESS - LIGHTED ROAD,SIDESWIPE SAME DIRECTION,ONE-WAY,NO CONTROLS,IMPROPER LANE USAGE,NOT APPLICABLE,0,0,0,0,7,1,9,428,63RD ST,41.778131,-87.560313,09/11/2022 09:18:00 AM,2022
CR00033092,03/06/2021 09:32:00 AM,45,CLEAR,DARKNESS - LIGHTED ROAD,REAR END,DIVIDED - W/MEDIAN BARRIER,STOP SIGN/FLASHER,UNABLE TO DETERMINE,FOLLOWING TOO CLOSELY,0,0,0,0,9,7,3,1322,KEDZIE AVE,41.748054,-87.713869,03/06/2021 10:53:00 AM,2021
CR00033093,08/24/2023 08:27:00 PM,35,CLEAR,DARKNESS - LIGHTED ROAD,SIDESWIPE SAME DIRECTION,NOT DIVIDED,PEDESTRIAN CROSSING SIGN,FOLLOWING TOO CLOSELY,IMPROPER LANE USAGE,0,0,0,0,20,5,8,949,BROADWAY,41.766564,-87.582922,08/24/2023 09:12:00 PM,2023
CR00033094,05/09/2018 08:21:00 PM,45,CLEAR,DARKNESS - LIGHTED ROAD,FIXED OBJECT,NOT DIVIDED,NO CONTROLS,UNABLE TO DETERMINE,UNABLE TO DETERMINE,0,0,3,3,20,4,5,315,47TH ST,41.953213,-87.76043,05/09/2018 10:08:00 PM,2018
CR00033095,11/01/2019 04:44:00 PM,20,CLEAR,DARKNESS,ANGLE,DIVIDED - W/MEDIAN (NOT RAISED),NO CONTROLS,FAILING TO REDUCE SPEED,UNABLE TO DETERMINE,0,0,0,0,16,6,11,2105,DAMEN AVE,41.957532,-87.796059,11/01/2019 06:36:00 PM,2019
CR00033096,10/17/2017 07:14:00 AM,30,CLEAR,DAYLIGHT,SIDESWIPE SAME DIRECTION,NOT DIVIDED,STOP SIGN/FLASHER,DISREGARDING TRAFFIC SIGNALS,IMPROPER LANE USAGE,0,0,0,0,7,3,10,2489,CALIFORNIA AVE,41.873782,-87.509165,10/17/2017 08:12:00 AM,2017
CR00033097,06/21/2017 10:49:00 PM,45,CLEAR,DAWN,TURNING,NOT DIVIDED,YIELD,WEATHER,NOT APPLICABLE,0,0,0,0,22,4,6,224,WESTERN AVE,41.862656,-87.807667,06/21/2017 11:10:00 PM,2017
CR00033098,02/22/2022 06:11:00 PM,35,CLOUDY/OVERCAST,DARKNESS - LIGHTED ROAD,REAR TO FRONT,FOUR WAY,NO CONTROLS,DRIVING SKILLS/KNOWLEDGE/EXPERIENCE,IMPROPER OVERTAKING/PASSING,0,0,0,0,18,3,2,1320,BROADWAY,41.974334,-87.811925,02/22/2022 07:42:00 PM,2022
CR00033099,03/11/2023 11:49:00 PM,15,CLEAR,DARKNESS - LIGHTED ROAD,REAR END,ONE-WAY,STOP SIGN/FLASHER,FOLLOWING TOO CLOSELY,FOLLOWING TOO CLOSELY,0,0,0,0,23,7,3,1260,HALSTED ST,41.878168,-87.756342,03/12/2023 01:36:00 AM,2023
CR00033100,02/05/2022 09:20:00 AM,30,RAIN,DARKNESS - LIGHTED ROAD,FIXED OBJECT,DIVIDED - W/MEDIAN BARRIER,UNKNOWN,FAILING TO YIELD RIGHT-OF-WAY,FOLLOWING TOO CLOSELY,0,0,0,0,9,7,2,455,ARCHER AVE,41.929254,-87.657392,02/05/2022 09:57:00 AM,2022
CR00033101,07/13/2023 09:21:00 AM,15,CLEAR,DAYLIGHT,ANGLE,NOT DIVIDED,TRAFFIC SIGNAL,UNABLE TO DETERMINE,UNABLE TO DETERMINE,0,0,0,0,9,5,7,1583,MILWAUKEE AVE,41.849234,-87.58141,07/13/2023 10:37:00 AM,2023
CR00033102,10/05/2016 03:33:00 PM,45,CLEAR,DARKNESS - LIGHTED ROAD,TURNING,T-INTERSECTION,TRAFFIC SIGNAL,FOLLOWING TOO CLOSELY,FAILING TO YIELD RIGHT-OF-WAY,0,0,0,0,15,4,10,2372,FULLERTON AVE,41.785144,-87.661241,10/05/2016 05:19:00 PM,2016
CR00033103,02/22/2019 04:36:00 PM,25,CLEAR,DARKNESS - LIGHTED ROAD,REAR END,ONE-WAY,UNKNOWN,IMPROPER OVERTAKING/PASSING,NOT APPLICABLE,0,0,0,0,16,6,2,668,63RD ST,41.823895,-87.768393,02/22/2019 04:57:00 PM,2019
CR00033104,05/27/2015 11:42:00 AM,35,CLEAR,DAYLIGHT,REAR END,NOT DIVIDED,NO CONTROLS,FOLLOWING TOO CLOSELY,DRIVING SKILLS/KNOWLEDGE/EXPERIENCE,0,0,2,2,11,4,5,2154,MILWAUKEE AVE,41.770167,-87.757849,05/27/2015 12:15:00 PM,2015
CR00033105,04/11/2023 10:03:00 AM,30,RAIN,DARKNESS,PARKED MOTOR VEHICLE,ONE-WAY,NO CONTROLS,FAILING TO REDUCE SPEED,DISREGARDING TRAFFIC SIGNALS,0,2,0,2,10,3,4,1327,63RD ST,41.972603,-87.617422,04/11/2023 10:31:00 AM,2023
CR00033106,11/08/2022 05:17:00 PM,40,CLEAR,DARKNESS,ANGLE,NOT DIVIDED,TRAFFIC SIGNAL,UNABLE TO DETERMINE,UNABLE TO DETERMINE,0,0,1,1,17,3,11,1380,WESTERN AVE,41.865085,-87.79826,11/08/2022 05:45:00 PM,2022
CR00033107,05/20/2019 11:55:00 AM,15,SNOW,DAYLIGHT,SIDESWIPE SAME DIRECTION,NOT DIVIDED,TRAFFIC SIGNAL,DRIVING SKILLS/KNOWLEDGE/EXPERIENCE,IMPROPER OVERTAKING/PASSING,0,0,0,0,11,2,5,1496,63RD ST,41.705816,-87.767048,05/20/2019 12:44:00 PM,2019
CR00033108,03/26/2023 03:09:00 PM,35,CLEAR,DARKNESS - LIGHTED ROAD,SIDESWIPE SAME DIRECTION,FOUR WAY,TRAFFIC SIGNAL,DISREGARDING TRAFFIC SIGNALS,NOT APPLICABLE,0,0,0,0,15,1,3,1272,OGDEN AVE,41.823762,-87.785481,03/26/2023 04:16:00 PM,2023
CR00033109,06/13/2024 04:42:00 PM,30,CLEAR,DAYLIGHT,ANGLE,FOUR WAY,NO CONTROLS,FAILING TO YIELD RIGHT-OF-WAY,NOT APPLICABLE,0,0,0,0,16,5,6,845,ARCHER AVE,41.973253,-87.710946,06/13/2024 06:26:00 PM,2024
CR00033110,04/08/2017 01:09:00 AM,30,CLOUDY/OVERCAST,DAYLIGHT,REAR TO FRONT,FOUR WAY,NO CONTROLS,FOLLOWING TOO CLOSELY,DISREGARDING TRAFFIC SIGNALS,0,0,1,1,1,7,4,2208,ASHLAND AVE,41.926604,-87.735388,04/08/2017 01:59:00 AM,2017
CR00033111,02/17/2021 06:53:00 AM,20,CLEAR,DAYLIGHT,TURNING,T-INTERSECTION,TRAFFIC SIGNAL,IMPROPER LANE USAGE,UNABLE TO DETERMINE,0,0,0,0,6,4,2,333,STATE ST,41.963084,-87.625168,02/17/2021 08:05:00 AM,2021
CR00033112,06/12/2021 08:33:00 AM,25,CLEAR,DAYLIGHT,SIDESWIPE SAME DIRECTION,NOT DIVIDED,TRAFFIC SIGNAL,DISREGARDING TRAFFIC SIGNALS,FAILING TO YIELD RIGHT-OF-WAY,0,1,0,1,8,7,6,2098,MICHIGAN AVE,41.773476,-87.824686,06/12/2021 10:23:00 AM,2021
CR00033113,01/08/2022 03:45:00 PM,40,CLEAR,DAYLIGHT,REAR END,T-INTERSECTION,NO CONTROLS,DRIVING SKILLS/KNOWLEDGE/EXPERIENCE,IMPROPER LANE USAGE,0,0,0,0,15,7,1,1489,79TH ST,41.793483,-87.515961,01/08/2022 04:20:00 PM,2022
CR00033114,12/15/2022 09:05:00 AM,40,SNOW,DAYLIGHT,REAR END,T-INTERSECTION,NO CONTROLS,DISTRACTION - FROM INSIDE VEHICLE,NOT APPLICABLE,0,1,0,1,9,5,12,1428,HALSTED ST,41.856698,-87.548842,12/15/2022 10:11:00 AM,2022
CR00033115,01/02/2018 11:13:00 AM,30,CLEAR,DARKNESS - LIGHTED ROAD,ANGLE,FOUR WAY,TRAFFIC SIGNAL,UNABLE TO DETERMINE,FOLLOWING TOO CLOSELY,0,0,0,0,11,3,1,1202,79TH ST,41.881205,-87.707153,01/02/2018 12:08:00 PM,2018
CR00033116,07/17/2021 07:42:00 AM,35,RAIN,DUSK,REAR END,FOUR WAY,NO CONTROLS,IMPROPER OVERTAKING/PASSING,UNABLE TO DETERMINE,0,0,0,0,7,7,7,313,CICERO AVE,41.724846,-87.776591,07/17/2021 07:56:00 AM,2021
CR00033117,02/21/2023 07:39:00 AM,25,CLEAR,DARKNESS - LIGHTED ROAD,REAR END,NOT DIVIDED,TRAFFIC SIGNAL,FOLLOWING TOO CLOSELY,DISTRACTION - FROM INSIDE VEHICLE,0,0,0,0,7,3,2,1524,OGDEN AVE,41.837731,-87.83808,02/21/2023 08:03:00 AM,2023
CR00033118,06/18/2015 06:27:00 PM,25,CLEAR,DAYLIGHT,REAR END,FOUR WAY,STOP SIGN/FLASHER,IMPROPER LANE USAGE,UNABLE TO DETERMINE,0,0,0,0,18,5,6,866,79TH ST,41.804245,-87.539224,06/18/2015 07:52:00 PM,2015
CR00033119,08/05/2024 04:44:00 PM,45,CLEAR,DAYLIGHT,REAR END,DIVIDED - W/MEDIAN BARRIER,NO CONTROLS,FAILING TO YIELD RIGHT-OF-WAY,FOLLOWING TOO CLOSELY,0,0,0,0,16,2,8,2112,ARCHER AVE,41.826587,-87.823381,08/05/2024 05:57:00 PM,2024
CR00033120,10/11/2015 07:45:00 AM,45,CLEAR,DAYLIGHT,FIXED OBJECT,NOT DIVIDED,TRAFFIC SIGNAL,UNABLE TO DETERMINE,FOLLOWING TOO CLOSELY,0,0,0,0,7,1,10,1975,BROADWAY,41.939709,-87.848516,10/11/2015 08:08:00 AM,2015
CR00033121,05/07/2020 06:32:00 PM,15,CLEAR,DARKNESS - LIGHTED ROAD,ANGLE,NOT DIVIDED,NO CONTROLS,FAILING TO REDUCE SPEED,NOT APPLICABLE,0,0,0,0,18,5,5,1623,WESTERN AVE,41.987585,-87.792971,05/07/2020 07:59:00 PM,2020
CR00033122,03/16/2019 03:43:00 AM,35,RAIN,DAYLIGHT,SIDESWIPE SAME DIRECTION,NOT DIVIDED,TRAFFIC SIGNAL,FAILING TO REDUCE SPEED,FAILING TO YIELD RIGHT-OF-WAY,0,0,0,0,3,7,3,2333,ELSTON AVE,41.730958,-87.630219,03/16/2019 04:55:00 AM,2019
CR00033123,05/15/2018 08:17:00 AM,40,CLEAR,DARKNESS - LIGHTED ROAD,TURNING,ONE-WAY,STOP SIGN/FLASHER,FOLLOWING TOO CLOSELY,NOT APPLICABLE,0,0,0,0,8,3,5,1155,CALIFORNIA AVE,41.830401,-87.506553,05/15/2018 09:52:00 AM,2018
CR00033124,06/15/2018 08:04:00 AM,40,CLEAR,DAYLIGHT,PARKED MOTOR VEHICLE,FOUR WAY,STOP SIGN/FLASHER,IMPROPER LANE USAGE,DISTRACTION - FROM INSIDE VEHICLE,0,0,0,0,8,6,6,2195,BROADWAY,41.820813,-87.791972,06/15/2018 09:42:00 AM,2018
CR00033125,01/31/2016 06:08:00 PM,30,CLEAR,DAYLIGHT,REAR END,NOT DIVIDED,TRAFFIC SIGNAL,DRIVING SKILLS/KNOWLEDGE/EXPERIENCE,UNABLE TO DETERMINE,0,0,1,1,18,1,1,287,STATE ST,41.947204,-87.781901,01/31/2016 07:12:00 PM,2016
CR00033126,10/18/2024 03:51:00 PM,45,RAIN,DAYLIGHT,SIDESWIPE SAME DIRECTION,DIVIDED - W/MEDIAN BARRIER,TRAFFIC SIGNAL,IMPROPER LANE USAGE,FAILING TO REDUCE SPEED,0,0,0,0,15,6,10,1755,WESTERN AVE,41.73031,-87.624935,10/18/2024 04:38:00 PM,2024
CR00033127,09/06/2016 04:30:00 PM,30,CLEAR,DARKNESS - LIGHTED ROAD,ANGLE,FOUR WAY,TRAFFIC SIGNAL,UNABLE TO DETERMINE,FAILING TO REDUCE SPEED,0,0,0,0,16,3,9,446,ASHLAND AVE,41.763371,-87.640045,09/06/2016 06:17:00 PM,2016
CR00033128,04/25/2024 11:04:00 AM,30,CLEAR,DAYLIGHT,PEDESTRIAN,NOT DIVIDED,TRAFFIC SIGNAL,FAILING TO YIELD RIGHT-OF-WAY,IMPROPER OVERTAKING/PASSING,0,0,0,0,11,5,4,1001,FULLERTON AVE,41.740668,-87.613298,04/25/2024 11:41:00 AM,2024
CR00033129,05/02/2017 08:47:00 AM,30,CLEAR,DARKNESS - LIGHTED ROAD,REAR END,NOT DIVIDED,NO CONTROLS,UNABLE TO DETERMINE,UNABLE TO DETERMINE,0,0,0,0,8,3,5,2482,MICHIGAN AVE,41.954186,-87.656664,05/02/2017 09:24:00 AM,2017
CR00033130,10/20/2018 11:30:00 AM,30,CLEAR,DARKNESS - LIGHTED ROAD,SIDESWIPE SAME DIRECTION,NOT DIVIDED,NO CONTROLS,DISTRACTION - FROM INSIDE VEHICLE,IMPROPER LANE USAGE,0,0,1,1,11,7,10,1416,63RD ST,41.836369,-87.538793,10/20/2018 12:31:00 PM,2018
CR00033131,07/30/2020 07:29:00 PM,45,CLEAR,DAYLIGHT,ANGLE,ONE-WAY,TRAFFIC SIGNAL,FOLLOWING TOO CLOSELY,DISTRACTION - FROM INSIDE VEHICLE,0,0,0,0,19,5,7,2191,ASHLAND AVE,41.739096,-87.648521,07/30/2020 08:17:00 PM,2020
CR00033132,03/22/2018 01:21:00 AM,35,CLEAR,DAYLIGHT,PARKED MOTOR VEHICLE,ONE-WAY,NO CONTROLS,UNABLE TO DETERMINE,WEATHER,0,0,0,0,1,5,3,2126,CALIFORNIA AVE,41.963105,-87.545615,03/22/2018 01:52:00 AM,2018
CR00033133,07/05/2020 02:20:00 PM,30,CLEAR,DAYLIGHT,REAR END,NOT DIVIDED,STOP SIGN/FLASHER,WEATHER,FOLLOWING TOO CLOSELY,0,0,1,1,14,1,7,672,HALSTED ST,41.878795,-87.553849,07/05/2020 03:52:00 PM,2020
CR00033134,01/16/2024 12:27:00 PM,15,CLEAR,DAYLIGHT,PARKED MOTOR VEHICLE,NOT DIVIDED,TRAFFIC SIGNAL,FAILING TO YIELD RIGHT-OF-WAY,DRIVING SKILLS/KNOWLEDGE/EXPERIENCE,0,1,2,3,12,3,1,1981,BROADWAY,41.972263,-87.832833,01/16/2024 02:04:00 PM,2024
CR00033135,12/02/2022 03:19:00 AM,15,CLEAR,DAYLIGHT,REAR END,NOT DIVIDED,STOP SIGN/FLASHER,UNABLE TO DETERMINE,FAILING TO REDUCE SPEED,0,1,3,4,3,6,12,434,63RD ST,41.997752,-87.585793,12/02/2022 04:40:00 AM,2022
CR00033136,01/27/2020 12:29:00 PM,35,CLEAR,DAYLIGHT,ANGLE,NOT DIVIDED,STOP SIGN/FLASHER,FOLLOWING TOO CLOSELY,FAILING TO YIELD RIGHT-OF-WAY,0,0,0,0,12,2,1,1690,47TH ST,41.801795,-87.693282,01/27/2020 01:28:00 PM,2020
CR00033137,08/23/2022 05:29:00 PM,30,SNOW,DAYLIGHT,REAR END,NOT DIVIDED,NO CONTROLS,IMPROPER OVERTAKING/PASSING,UNABLE TO DETERMINE,0,0,0,0,17,3,8,709,47TH ST,41.735804,-87.535414,08/23/2022 07:00:00 PM,2022
CR00033138,04/07/2021 06:19:00 AM,35,CLEAR,DAYLIGHT,TURNING,NOT DIVIDED,TRAFFIC SIGNAL,DRIVING SKILLS/KNOWLEDGE/EXPERIENCE,FOLLOWING TOO CLOSELY,0,0,0,0,6,4,4,2102,ARCHER AVE,41.973054,-87.646231,04/07/2021 06:50:00 AM,2021
CR00033139,06/02/2015 12:19:00 PM,30,SNOW,DARKNESS,SIDESWIPE SAME DIRECTION,NOT DIVIDED,UNKNOWN,UNABLE TO DETERMINE,FOLLOWING TOO CLOSELY,0,0,0,0,12,3,6,1802,ARCHER AVE,41.956119,-87.573612,06/02/2015 12:21:00 PM,2015
CR00033140,02/13/2015 04:00:00 AM,25,FOG/SMOKE/HAZE,DARKNESS - LIGHTED ROAD,REAR END,NOT DIVIDED,NO CONTROLS,UNABLE TO DETERMINE,IMPROPER OVERTAKING/PASSING,0,0,0,0,4,6,2,157,MILWAUKEE AVE,41.77439,-87.507025,02/13/2015 05:19:00 AM,2015
CR00033141,04/06/2015 10:20:00 AM,25,CLEAR,DARKNESS - LIGHTED ROAD,SIDESWIPE SAME DIRECTION,NOT DIVIDED,NO CONTROLS,UNABLE TO DETERMINE,UNABLE TO DETERMINE,0,0,0,0,10,2,4,2428,HALSTED ST,41.785222,-87.644141,04/06/2015 10:57:00 AM,2015
CR00033142,01/23/2018 05:22:00 PM,35,SNOW,DAYLIGHT,REAR END,NOT DIVIDED,TRAFFIC SIGNAL,IMPROPER OVERTAKING/PASSING,FOLLOWING TOO CLOSELY,0,0,0,0,17,3,1,1353,KEDZIE AVE,41.802588,-87.790445,01/23/2018 06:33:00 PM,2018
CR00033143,01/06/2021 01:20:00 PM,15,RAIN,DARKNESS - LIGHTED ROAD,ANGLE,DIVIDED - W/MEDIAN (NOT RAISED),TRAFFIC SIGNAL,DISTRACTION - FROM INSIDE VEHICLE,DISTRACTION - FROM INSIDE VEHICLE,0,0,2,2,13,4,1,270,79TH ST,41.870496,-87.770353,01/06/2021 01:34:00 PM,2021
CR00033144,10/11/2018 02:22:00 PM,30,CLEAR,DARKNESS - LIGHTED ROAD,PARKED MOTOR VEHICLE,DIVIDED - W/MEDIAN (NOT RAISED),NO CONTROLS,FAILING TO YIELD RIGHT-OF-WAY,DRIVING SKILLS/KNOWLEDGE/EXPERIENCE,0,0,0,0,14,5,10,2371,47TH ST,41.857943,-87.720067,10/11/2018 04:20:00 PM,2018
CR00033145,05/20/2024 06:53:00 PM,30,CLEAR,DAYLIGHT,REAR END,DIVIDED - W/MEDIAN BARRIER,STOP SIGN/FLASHER,IMPROPER OVERTAKING/PASSING,UNABLE TO DETERMINE,0,0,0,0,18,2,5,2490,ASHLAND AVE,41.813596,-87.546723,05/20/2024 08:08:00 PM,2024
CR00033146,08/04/2015 06:27:00 PM,35,CLEAR,DAYLIGHT,ANGLE,NOT DIVIDED,TRAFFIC SIGNAL,FAILING TO YIELD RIGHT-OF-WAY,NOT APPLICABLE,0,0,0,0,18,3,8,2225,79TH ST,41.92591,-87.571983,08/04/2015 08:17:00 PM,2015
CR00033147,01/27/2023 07:35:00 PM,35,CLEAR,DARKNESS - LIGHTED ROAD,PEDESTRIAN,ONE-WAY,STOP SIGN/FLASHER,FOLLOWING TOO CLOSELY,FOLLOWING TOO CLOSELY,0,0,0,0,19,6,1,1597,WESTERN AVE,41.796895,-87.525709,01/27/2023 07:37:00 PM,2023
CR00033148,11/11/2021 05:16:00 PM,15,CLEAR,DARKNESS - LIGHTED ROAD,REAR END,NOT DIVIDED,STOP SIGN/FLASHER,FAILING TO REDUCE SPEED,FAILING TO YIELD RIGHT-OF-WAY,0,1,0,1,17,5,11,1961,DIVISION ST,41.830653,-87.758836,11/11/2021 05:47:00 PM,2021
CR00033149,11/05/2021 08:56:00 AM,30,CLEAR,DARKNESS - LIGHTED ROAD,SIDESWIPE SAME DIRECTION,FOUR WAY,TRAFFIC SIGNAL,IMPROPER LANE USAGE,NOT APPLICABLE,0,0,0,0,8,6,11,701,OGDEN AVE,41.874121,-87.504026,11/05/2021 09:32:00 AM,2021
CR00033150,04/13/2020 07:24:00 AM,25,CLEAR,DAYLIGHT,ANGLE,NOT DIVIDED,NO CONTROLS,FAILING TO YIELD RIGHT-OF-WAY,FAILING TO YIELD RIGHT-OF-WAY,0,0,0,0,7,2,4,1139,STATE ST,41.828613,-87.681049,04/13/2020 08:05:00 AM,2020
CR00033151,04/20/2020 12:01:00 PM,40,CLEAR,DAYLIGHT,SIDESWIPE SAME DIRECTION,NOT DIVIDED,YIELD,FOLLOWING TOO CLOSELY,DISTRACTION - FROM INSIDE VEHICLE,0,0,0,0,12,2,4,721,CALIFORNIA AVE,41.845641,-87.76329,04/20/2020 12:15:00 PM,2020
CR00033152,02/16/2020 07:47:00 PM,20,CLEAR,DARKNESS - LIGHTED ROAD,REAR END,NOT DIVIDED,TRAFFIC SIGNAL,WEATHER,UNABLE TO DETERMINE,0,0,1,1,19,1,2,994,WESTERN AVE,41.865738,-87.532223,02/16/2020 09:12:00 PM,2020
CR00033153,03/30/2020 02:19:00 PM,30,CLEAR,DAYLIGHT,SIDESWIPE SAME DIRECTION,FOUR WAY,TRAFFIC SIGNAL,DRIVING SKILLS/KNOWLEDGE/EXPERIENCE,FAILING TO YIELD RIGHT-OF-WAY,0,0,0,0,14,2,3,1286,STONY ISLAND AVE,41.857827,-87.50554,03/30/2020 03:11:00 PM,2020
CR00033154,10/15/2023 03:11:00 PM,35,CLEAR,DARKNESS - LIGHTED ROAD,REAR END,FOUR WAY,UNKNOWN,IMPROPER OVERTAKING/PASSING,FOLLOWING TOO CLOSELY,0,0,0,0,15,1,10,846,BROADWAY,41.965163,-87.832222,10/15/2023 03:41:00 PM,2023
CR00033155,04/20/2023 01:02:00 PM,45,CLEAR,DAYLIGHT,SIDESWIPE SAME DIRECTION,DIVIDED - W/MEDIAN BARRIER,NO CONTROLS,DISREGARDING TRAFFIC SIGNALS,IMPROPER OVERTAKING/PASSING,0,0,0,0,13,5,4,697,IRVING PARK RD,41.766906,-87.705782,04/20/2023 02:43:00 PM,2023
CR00033156,04/25/2016 01:37:00 AM,30,RAIN,DAYLIGHT,PARKED MOTOR VEHICLE,NOT DIVIDED,NO CONTROLS,UNABLE TO DETERMINE,FOLLOWING TOO CLOSELY,0,0,0,0,1,2,4,1319,LAKE SHORE DR,41.941979,-87.563122,04/25/2016 02:26:00 AM,2016
CR00033157,06/19/2024 04:01:00 PM,45,CLEAR,DAYLIGHT,ANGLE,NOT DIVIDED,TRAFFIC SIGNAL,IMPROPER LANE USAGE,IMPROPER OVERTAKING/PASSING,0,0,0,0,16,4,6,1077,BROADWAY,41.842495,-87.701411,06/19/2024 04:36:00 PM,2024
CR00033158,06/30/2017 04:21:00 PM,45,CLEAR,DARKNESS - LIGHTED ROAD,REAR END,ONE-WAY,TRAFFIC SIGNAL,UNABLE TO DETERMINE,IMPROPER LANE USAGE,0,0,0,0,16,6,6,1389,ROOSEVELT RD,41.730731,-87.687543,06/30/2017 05:25:00 PM,2017
CR00033159,06/18/2021 04:15:00 PM,30,CLEAR,DARKNESS,ANGLE,NOT DIVIDED,NO CONTROLS,UNABLE TO DETERMINE,FAILING TO YIELD RIGHT-OF-WAY,0,0,1,1,16,6,6,428,CLARK ST,41.85409,-87.609131,06/18/2021 04:18:00 PM,2021
CR00033160,09/03/2017 06:07:00 PM,45,SNOW,DARKNESS,REAR END,NOT DIVIDED,TRAFFIC SIGNAL,FOLLOWING TOO CLOSELY,IMPROPER OVERTAKING/PASSING,0,0,0,0,18,1,9,2155,CALIFORNIA AVE,41.753205,-87.739208,09/03/2017 07:22:00 PM,2017
CR00033161,08/30/2016 02:24:00 AM,40,CLOUDY/OVERCAST,DAYLIGHT,FIXED OBJECT,NOT DIVIDED,YIELD,DISTRACTION - FROM INSIDE VEHICLE,FAILING TO YIELD RIGHT-OF-WAY,0,0,3,3,2,3,8,1621,FULLERTON AVE,41.901247,-87.658684,08/30/2016 04:03:00 AM,2016