CRASH_RECORD_ID,CRASH_DATE,POSTED_SPEED_LIMIT,WEATHER_CONDITION,LIGHTING_CONDITION,FIRST_CRASH_TYPE,TRAFFICWAY_TYPE,TRAFFIC_CONTROL_DEVICE,PRIM_CONTRIBUTORY_CAUSE,SEC_CONTRIBUTORY_CAUSE,INJURIES_FATAL,INJURIES_INCAPACITATING,INJURIES_NON_INCAPACITATING,INJURIES_TOTAL,CRASH_HOUR,CRASH_DAY_OF_WEEK,CRASH_MONTH,BEAT_OF_OCCURRENCE,STREET_NAME,LATITUDE,LONGITUDE,DATE_POLICE_NOTIFIED,year
CR00033162,07/21/2022 02:08:00 AM,30,CLEAR,DARKNESS - LIGHTED ROAD,PARKED MOTOR VEHICLE,NOT DIVIDED,STOP SIGN/FLASHER,DISTRACTION - FROM INSIDE VEHICLE,DRIVING SKILLS/KNOWLEDGE/EXPERIENCE,0,0,0,0,2,5,7,2375,BROADWAY,41.996698,-87.724443,07/21/2022 03:47:00 AM,2022
CR00033163,02/03/2016 03:39:00 PM,45,RAIN,DARKNESS - LIGHTED ROAD,PARKED MOTOR VEHICLE,FOUR WAY,UNKNOWN,UNABLE TO DETERMINE,FAILING TO YIELD RIGHT-OF-WAY,0,2,3,5,15,4,2,813,47TH ST,41.811712,-87.798426,02/03/2016 05:15:00 PM,2016
CR00033164,02/16/2019 07:58:00 AM,30,CLEAR,DARKNESS - LIGHTED ROAD,REAR END,NOT DIVIDED,TRAFFIC SIGNAL,DRIVING SKILLS/KNOWLEDGE/EXPERIENCE,FAILING TO REDUCE SPEED,0,0,2,2,7,7,2,839,KEDZIE AVE,41.910346,-87.72389,02/16/2019 09:14:00 AM,2019
CR00033165,12/06/2018 04:49:00 PM,35,CLEAR,DAYLIGHT,TURNING,DIVIDED - W/MEDIAN (NOT RAISED),TRAFFIC SIGNAL,DISREGARDING TRAFFIC SIGNALS,IMPROPER LANE USAGE,0,0,1,1,16,5,12,763,STATE ST,41.858947,-87.701298,12/06/2018 06:02:00 PM,2018
CR00033166,10/02/2018 10:17:00 AM,40,CLEAR,DAYLIGHT,REAR END,DIVIDED - W/MEDIAN (NOT RAISED),TRAFFIC SIGNAL,UNABLE TO DETERMINE,UNABLE TO DETERMINE,0,1,3,4,10,3,10,694,LAKE SHORE DR,41.850199,-87.546519,10/02/2018 10:44:00 AM,2018
CR00033167,03/03/2021 11:30:00 AM,30,CLEAR,DAYLIGHT,REAR END,NOT DIVIDED,STOP SIGN/FLASHER,UNABLE TO DETERMINE,IMPROPER LANE USAGE,0,0,0,0,11,4,3,1924,HALSTED ST,41.922156,-87.581707,03/03/2021 11:36:00 AM,2021
CR00033168,08/03/2017 10:35:00 AM,30,CLEAR,DARKNESS,FIXED OBJECT,NOT DIVIDED,TRAFFIC SIGNAL,FAILING TO YIELD RIGHT-OF-WAY,FOLLOWING TOO CLOSELY,0,0,0,0,10,5,8,1566,CLARK ST,41.785998,-87.840322,08/03/2017 11:21:00 AM,2017
CR00033169,07/15/2018 06:30:00 PM,25,CLEAR,DARKNESS - LIGHTED ROAD,PARKED MOTOR VEHICLE,DIVIDED - W/MEDIAN BARRIER,NO CONTROLS,FOLLOWING TOO CLOSELY,UNABLE TO DETERMINE,0,0,0,0,18,1,7,1195,HALSTED ST,41.981831,-87.739433,07/15/2018 07:03:00 PM,2018
CR00033170,09/28/2018 03:06:00 AM,40,CLEAR,DAYLIGHT,ANGLE,NOT DIVIDED,YIELD,UNABLE TO DETERMINE,DISREGARDING TRAFFIC SIGNALS,0,0,1,1,3,6,9,2518,OGDEN AVE,41.942498,-87.652041,09/28/2018 04:24:00 AM,2018
CR00033171,03/28/2022 04:28:00 PM,40,CLEAR,DAYLIGHT,TURNING,ONE-WAY,STOP SIGN/FLASHER,UNABLE TO DETERMINE,FOLLOWING TOO CLOSELY,0,1,1,2,16,2,3,1015,IRVING PARK RD,41.878626,-87.546801,03/28/2022 05:26:00 PM,2022
CR00033172,02/19/2024 11:59:00 AM,30,CLEAR,DARKNESS - LIGHTED ROAD,PARKED MOTOR VEHICLE,DIVIDED - W/MEDIAN (NOT RAISED),TRAFFIC SIGNAL,FAILING TO YIELD RIGHT-OF-WAY,FAILING TO REDUCE SPEED,0,0,0,0,11,2,2,1413,LAKE SHORE DR,41.995406,-87.642568,02/19/2024 12:59:00 PM,2024
CR00033173,05/14/2018 08:13:00 PM,20,CLEAR,DARKNESS,REAR END,NOT DIVIDED,UNKNOWN,FAILING TO YIELD RIGHT-OF-WAY,UNABLE TO DETERMINE,0,2,1,3,20,2,5,2247,DAMEN AVE,41.815414,-87.70028,05/14/2018 08:30:00 PM,2018
CR00033174,12/23/2019 06:21:00 AM,35,CLEAR,DARKNESS - LIGHTED ROAD,ANGLE,NOT DIVIDED,STOP SIGN/FLASHER,IMPROPER LANE USAGE,WEATHER,0,1,1,2,6,2,12,1375,DIVISION ST,41.876994,-87.632231,12/23/2019 06:47:00 AM,2019
CR00033175,11/18/2017 04:15:00 AM,30,CLEAR,DAYLIGHT,PEDESTRIAN,NOT DIVIDED,STOP SIGN/FLASHER,UNABLE TO DETERMINE,NOT APPLICABLE,0,0,0,0,4,7,11,660,WESTERN AVE,41.79371,-87.51146,11/18/2017 04:39:00 AM,2017
CR00033176,05/29/2018 06:56:00 PM,35,CLEAR,DARKNESS - LIGHTED ROAD,PEDESTRIAN,ONE-WAY,UNKNOWN,UNABLE TO DETERMINE,NOT APPLICABLE,0,0,0,0,18,3,5,1010,ELSTON AVE,41.780139,-87.624182,05/29/2018 07:15:00 PM,2018
CR00033177,10/27/2019 01:37:00 PM,35,SNOW,DAYLIGHT,TURNING,NOT DIVIDED,NO CONTROLS,UNABLE TO DETERMINE,DISREGARDING TRAFFIC SIGNALS,0,0,3,3,13,1,10,1154,47TH ST,41.730263,-87.621684,10/27/2019 03:03:00 PM,2019
CR00033178,06/16/2022 09:06:00 AM,40,CLEAR,DUSK,SIDESWIPE SAME DIRECTION,DIVIDED - W/MEDIAN BARRIER,TRAFFIC SIGNAL,FOLLOWING TOO CLOSELY,UNABLE TO DETERMINE,0,0,0,0,9,5,6,2067,CLARK ST,41.992691,-87.536413,06/16/2022 09:46:00 AM,2022
CR00033179,09/11/2019 08:20:00 AM,40,RAIN,DAYLIGHT,SIDESWIPE SAME DIRECTION,DIVIDED - W/MEDIAN (NOT RAISED),NO CONTROLS,FAILING TO YIELD RIGHT-OF-WAY,IMPROPER LANE USAGE,0,0,0,0,8,4,9,1802,CLARK ST,41.9657,-87.772058,09/11/2019 09:24:00 AM,2019
CR00033180,02/09/2018 09:19:00 AM,40,CLEAR,DARKNESS - LIGHTED ROAD,ANGLE,ONE-WAY,NO CONTROLS,DISTRACTION - FROM INSIDE VEHICLE,FAILING TO REDUCE SPEED,0,0,0,0,9,6,2,1927,MICHIGAN AVE,41.704328,-87.655745,02/09/2018 11:16:00 AM,2018
CR00033181,03/09/2019 06:59:00 PM,30,CLEAR,DAYLIGHT,PEDESTRIAN,NOT DIVIDED,TRAFFIC SIGNAL,IMPROPER LANE USAGE,NOT APPLICABLE,0,0,0,0,18,7,3,750,47TH ST,41.89082,-87.824846,03/09/2019 07:06:00 PM,2019
CR00033182,10/02/2024 03:33:00 PM,30,CLEAR,DAYLIGHT,PARKED MOTOR VEHICLE,NOT DIVIDED,STOP SIGN/FLASHER,UNABLE TO DETERMINE,FOLLOWING TOO CLOSELY,0,0,0,0,15,4,10,284,MILWAUKEE AVE,41.857022,-87.802973,10/02/2024 05:13:00 PM,2024
CR00033183,09/17/2024 12:07:00 PM,35,CLEAR,DAYLIGHT,PARKED MOTOR VEHICLE,DIVIDED - W/MEDIAN (NOT RAISED),STOP SIGN/FLASHER,DRIVING SKILLS/KNOWLEDGE/EXPERIENCE,IMPROPER OVERTAKING/PASSING,0,0,0,0,12,3,9,993,OGDEN AVE,41.851869,-87.737602,09/17/2024 12:52:00 PM,2024
CR00033184,02/03/2015 04:25:00 PM,45,CLEAR,DARKNESS,PARKED MOTOR VEHICLE,DIVIDED - W/MEDIAN BARRIER,TRAFFIC SIGNAL,UNABLE TO DETERMINE,NOT APPLICABLE,0,0,1,1,16,3,2,225,BROADWAY,41.881064,-87.543223,02/03/2015 05:44:00 PM,2015
CR00033185,06/11/2016 06:43:00 PM,30,SNOW,DAYLIGHT,REAR END,FOUR WAY,TRAFFIC SIGNAL,UNABLE TO DETERMINE,WEATHER,0,0,0,0,18,7,6,311,ASHLAND AVE,41.939219,-87.519846,06/11/2016 06:51:00 PM,2016
CR00033186,08/07/2022 02:47:00 PM,35,CLEAR,DAYLIGHT,REAR END,NOT DIVIDED,STOP SIGN/FLASHER,UNABLE TO DETERMINE,FOLLOWING TOO CLOSELY,0,0,0,0,14,1,8,1833,ROOSEVELT RD,41.733139,-87.580594,08/07/2022 03:20:00 PM,2022
CR00033187,04/11/2016 01:01:00 PM,30,CLEAR,DAYLIGHT,REAR END,DIVIDED - W/MEDIAN BARRIER,PEDESTRIAN CROSSING SIGN,FOLLOWING TOO CLOSELY,NOT APPLICABLE,0,0,1,1,13,2,4,1670,ARCHER AVE,41.869904,-87.83254,04/11/2016 02:29:00 PM,2016
CR00033188,04/26/2015 05:09:00 AM,45,CLEAR,DARKNESS,TURNING,DIVIDED - W/MEDIAN (NOT RAISED),TRAFFIC SIGNAL,UNABLE TO DETERMINE,WEATHER,0,0,0,0,5,1,4,463,STATE ST,41.958043,-87.81736,04/26/2015 06:49:00 AM,2015
CR00033189,12/21/2015 05:18:00 AM,35,SNOW,DAYLIGHT,SIDESWIPE SAME DIRECTION,NOT DIVIDED,NO CONTROLS,DRIVING SKILLS/KNOWLEDGE/EXPERIENCE,DISTRACTION - FROM INSIDE VEHICLE,0,0,0,0,5,2,12,578,BROADWAY,41.917621,-87.740398,12/21/2015 06:56:00 AM,2015
CR00033190,11/23/2022 10:46:00 AM,45,SNOW,DARKNESS,ANGLE,DIVIDED - W/MEDIAN (NOT RAISED),STOP SIGN/FLASHER,DISTRACTION - FROM INSIDE VEHICLE,IMPROPER OVERTAKING/PASSING,0,0,0,0,10,4,11,2163,STATE ST,41.997792,-87.715735,11/23/2022 11:01:00 AM,2022
CR00033191,08/15/2022 11:51:00 AM,45,CLEAR,DAYLIGHT,PARKED MOTOR VEHICLE,FOUR WAY,TRAFFIC SIGNAL,UNABLE TO DETERMINE,IMPROPER OVERTAKING/PASSING,0,1,1,2,11,2,8,507,STATE ST,41.962188,-87.673603,08/15/2022 01:09:00 PM,2022
CR00033192,07/22/2023 07:40:00 AM,30,CLEAR,DAYLIGHT,PARKED MOTOR VEHICLE,T-INTERSECTION,STOP SIGN/FLASHER,DISTRACTION - FROM INSIDE VEHICLE,NOT APPLICABLE,0,2,0,2,7,7,7,1924,STATE ST,41.907328,-87.64047,07/22/2023 09:27:00 AM,2023
CR00033193,01/04/2024 02:59:00 PM,30,FREEZING RAIN/DRIZZLE,DARKNESS - LIGHTED ROAD,SIDESWIPE SAME DIRECTION,NOT DIVIDED,TRAFFIC SIGNAL,FAILING TO YIELD RIGHT-OF-WAY,IMPROPER OVERTAKING/PASSING,0,0,1,1,14,5,1,1665,ASHLAND AVE,41.833851,-87.528372,01/04/2024 03:32:00 PM,2024
CR00033194,12/22/2019 04:17:00 PM,35,SNOW,DAYLIGHT,REAR END,DIVIDED - W/MEDIAN (NOT RAISED),STOP SIGN/FLASHER,DRIVING SKILLS/KNOWLEDGE/EXPERIENCE,DISREGARDING TRAFFIC SIGNALS,0,0,0,0,16,1,12,1095,63RD ST,41.954457,-87.789083,12/22/2019 05:18:00 PM,2019
CR00033195,07/19/2021 12:20:00 PM,25,CLEAR,DAYLIGHT,TURNING,ONE-WAY,NO CONTROLS,FOLLOWING TOO CLOSELY,UNABLE TO DETERMINE,0,0,0,0,12,2,7,516,CALIFORNIA AVE,41.911513,-87.675519,07/19/2021 01:59:00 PM,2021
CR00033196,02/04/2024 06:55:00 AM,30,CLEAR,DAYLIGHT,REAR END,DIVIDED - W/MEDIAN BARRIER,YIELD,FAILING TO REDUCE SPEED,FOLLOWING TOO CLOSELY,0,0,0,0,6,1,2,791,CICERO AVE,41.926732,-87.566644,02/04/2024 08:51:00 AM,2024
CR00033197,04/10/2018 07:31:00 AM,15,CLEAR,DARKNESS - LIGHTED ROAD,FIXED OBJECT,ONE-WAY,NO CONTROLS,UNABLE TO DETERMINE,NOT APPLICABLE,0,0,0,0,7,3,4,1268,ELSTON AVE,41.946511,-87.776327,04/10/2018 07:35:00 AM,2018
CR00033198,02/20/2021 08:45:00 PM,25,RAIN,DAYLIGHT,PARKED MOTOR VEHICLE,NOT DIVIDED,TRAFFIC SIGNAL,FOLLOWING TOO CLOSELY,FOLLOWING TOO CLOSELY,0,0,0,0,20,7,2,1059,STONY ISLAND AVE,41.826065,-87.618052,02/20/2021 08:56:00 PM,2021
CR00033199,04/12/2019 07:26:00 AM,40,CLEAR,DARKNESS,TURNING,DIVIDED - W/MEDIAN (NOT RAISED),NO CONTROLS,UNABLE TO DETERMINE,FOLLOWING TOO CLOSELY,0,0,0,0,7,6,4,1047,STONY ISLAND AVE,41.722969,-87.652041,04/12/2019 08:32:00 AM,2019
CR00033200,10/27/2019 05:00:00 AM,25,CLEAR,DARKNESS,PARKED MOTOR VEHICLE,NOT DIVIDED,STOP SIGN/FLASHER,UNABLE TO DETERMINE,UNABLE TO DETERMINE,0,0,1,1,5,1,10,1326,FULLERTON AVE,41.78559,-87.821355,10/27/2019 05:17:00 AM,2019
CR00033201,10/29/2019 07:11:00 AM,30,RAIN,DARKNESS,ANGLE,NOT DIVIDED,TRAFFIC SIGNAL,FAILING TO REDUCE SPEED,DISTRACTION - FROM INSIDE VEHICLE,0,0,0,0,7,3,10,484,KEDZIE AVE,41.981934,-87.627794,10/29/2019 08:41:00 AM,2019
CR00033202,06/10/2019 03:41:00 PM,25,CLEAR,DAYLIGHT,PEDESTRIAN,NOT DIVIDED,NO CONTROLS,DRIVING SKILLS/KNOWLEDGE/EXPERIENCE,NOT APPLICABLE,0,0,0,0,15,2,6,1290,MICHIGAN AVE,41.880697,-87.575147,06/10/2019 03:49:00 PM,2019
CR00033203,02/09/2018 11:22:00 AM,25,CLEAR,DARKNESS - LIGHTED ROAD,SIDESWIPE SAME DIRECTION,NOT DIVIDED,TRAFFIC SIGNAL,UNABLE TO DETERMINE,FAILING TO YIELD RIGHT-OF-WAY,0,0,0,0,11,6,2,1918,CALIFORNIA AVE,41.780784,-87.613346,02/09/2018 12:15:00 PM,2018
CR00033204,03/02/2020 06:08:00 PM,30,CLEAR,DARKNESS - LIGHTED ROAD,PARKED MOTOR VEHICLE,DIVIDED - W/MEDIAN BARRIER,NO CONTROLS,DISTRACTION - FROM INSIDE VEHICLE,FAILING TO REDUCE SPEED,0,0,0,0,18,2,3,363,ROOSEVELT RD,41.741018,-87.671067,03/02/2020 06:21:00 PM,2020
CR00033205,12/29/2024 01:45:00 AM,35,CLEAR,DAYLIGHT,ANGLE,DIVIDED - W/MEDIAN (NOT RAISED),NO CONTROLS,DISREGARDING TRAFFIC SIGNALS,FOLLOWING TOO CLOSELY,0,0,0,0,1,1,12,908,HALSTED ST,41.993328,-87.792077,12/29/2024 02:47:00 AM,2024
CR00033206,06/29/2024 07:47:00 AM,30,CLEAR,DARKNESS - LIGHTED ROAD,SIDESWIPE SAME DIRECTION,DIVIDED - W/MEDIAN (NOT RAISED),NO CONTROLS,DISTRACTION - FROM INSIDE VEHICLE,UNABLE TO DETERMINE,0,0,0,0,7,7,6,896,DAMEN AVE,41.788051,-87.641636,06/29/2024 09:10:00 AM,2024
CR00033207,08/14/2015 11:29:00 AM,30,CLEAR,DAYLIGHT,REAR TO FRONT,ONE-WAY,TRAFFIC SIGNAL,FAILING TO YIELD RIGHT-OF-WAY,IMPROPER OVERTAKING/PASSING,0,0,0,0,11,6,8,1168,WESTERN AVE,41.796665,-87.67537,08/14/2015 01:21:00 PM,2015
CR00033208,02/13/2017 10:15:00 AM,35,FREEZING RAIN/DRIZZLE,DARKNESS,ANGLE,DIVIDED - W/MEDIAN (NOT RAISED),STOP SIGN/FLASHER,FOLLOWING TOO CLOSELY,NOT APPLICABLE,0,0,0,0,10,2,2,425,PULASKI RD,41.745982,-87.802428,02/13/2017 11:50:00 AM,2017
CR00033209,09/09/2020 10:28:00 PM,30,CLEAR,DAYLIGHT,PARKED MOTOR VEHICLE,ONE-WAY,NO CONTROLS,UNABLE TO DETERMINE,IMPROPER LANE USAGE,0,0,0,0,22,4,9,803,63RD ST,41.782392,-87.600883,09/10/2020 12:15:00 AM,2020
CR00033210,11/11/2016 07:32:00 AM,20,CLEAR,DAYLIGHT,REAR END,T-INTERSECTION,STOP SIGN/FLASHER,IMPROPER LANE USAGE,UNABLE TO DETERMINE,0,0,1,1,7,6,11,970,IRVING PARK RD,41.953394,-87.607075,11/11/2016 09:23:00 AM,2016
CR00033211,08/30/2022 12:21:00 PM,35,CLEAR,DUSK,REAR TO FRONT,T-INTERSECTION,NO CONTROLS,FAILING TO REDUCE SPEED,DRIVING SKILLS/KNOWLEDGE/EXPERIENCE,0,0,0,0,12,3,8,2441,PULASKI RD,41.918433,-87.613578,08/30/2022 02:01:00 PM,2022
CR00033212,12/28/2024 01:28:00 AM,30,CLEAR,DAYLIGHT,REAR END,ONE-WAY,TRAFFIC SIGNAL,IMPROPER OVERTAKING/PASSING,UNABLE TO DETERMINE,0,0,1,1,1,7,12,277,FULLERTON AVE,41.753246,-87.84038,12/28/2024 01:53:00 AM,2024
CR00033213,05/02/2015 05:28:00 PM,15,CLOUDY/OVERCAST,DAYLIGHT,REAR END,NOT DIVIDED,TRAFFIC SIGNAL,UNABLE TO DETERMINE,FAILING TO REDUCE SPEED,0,0,0,0,17,7,5,436,ARCHER AVE,41.964283,-87.608983,05/02/2015 05:56:00 PM,2015
CR00033214,11/12/2020 08:46:00 PM,25,CLEAR,DAYLIGHT,FIXED OBJECT,NOT DIVIDED,NO CONTROLS,UNABLE TO DETERMINE,UNABLE TO DETERMINE,0,0,0,0,20,5,11,437,KEDZIE AVE,41.784865,-87.730365,11/12/2020 10:02:00 PM,2020
CR00033215,01/04/2020 04:48:00 PM,35,CLOUDY/OVERCAST,DAYLIGHT,REAR END,NOT DIVIDED,NO CONTROLS,WEATHER,FAILING TO YIELD RIGHT-OF-WAY,0,0,0,0,16,7,1,832,ASHLAND AVE,41.892628,-87.731523,01/04/2020 06:46:00 PM,2020
CR00033216,04/16/2015 08:12:00 PM,45,CLEAR,DARKNESS - LIGHTED ROAD,REAR END,NOT DIVIDED,NO CONTROLS,FOLLOWING TOO CLOSELY,IMPROPER LANE USAGE,0,0,0,0,20,5,4,743,ASHLAND AVE,41.993851,-87.674097,04/16/2015 09:16:00 PM,2015
CR00033217,08/07/2024 10:10:00 AM,30,CLEAR,DAYLIGHT,SIDESWIPE SAME DIRECTION,NOT DIVIDED,TRAFFIC SIGNAL,FAILING TO YIELD RIGHT-OF-WAY,FAILING TO REDUCE SPEED,0,0,0,0,10,4,8,2047,ARCHER AVE,41.994452,-87.691171,08/07/2024 10:58:00 AM,2024
CR00033218,11/16/2015 02:27:00 PM,25,RAIN,DARKNESS - LIGHTED ROAD,REAR END,DIVIDED - W/MEDIAN (NOT RAISED),YIELD,WEATHER,FAILING TO YIELD RIGHT-OF-WAY,0,0,0,0,14,2,11,1629,MILWAUKEE AVE,41.939769,-87.656479,11/16/2015 03:35:00 PM,2015
CR00033219,12/13/2024 07:48:00 AM,15,CLEAR,DAYLIGHT,SIDESWIPE SAME DIRECTION,NOT DIVIDED,TRAFFIC SIGNAL,UNABLE TO DETERMINE,DISTRACTION - FROM INSIDE VEHICLE,0,0,0,0,7,6,12,1839,47TH ST,41.997495,-87.699763,12/13/2024 07:51:00 AM,2024
CR00033220,02/03/2020 11:25:00 PM,30,CLEAR,DAYLIGHT,REAR END,DIVIDED - W/MEDIAN (NOT RAISED),NO CONTROLS,UNABLE TO DETERMINE,FAILING TO YIELD RIGHT-OF-WAY,0,0,0,0,23,2,2,800,ASHLAND AVE,41.993612,-87.547819,02/04/2020 01:04:00 AM,2020
CR00033221,04/06/2021 12:46:00 PM,30,RAIN,DAYLIGHT,REAR END,FOUR WAY,STOP SIGN/FLASHER,IMPROPER LANE USAGE,UNABLE TO DETERMINE,0,0,0,0,12,3,4,769,DAMEN AVE,41.909189,-87.824248,04/06/2021 01:55:00 PM,2021
CR00033222,07/17/2019 04:04:00 PM,45,CLEAR,DAYLIGHT,TURNING,FOUR WAY,TRAFFIC SIGNAL,UNABLE TO DETERMINE,IMPROPER OVERTAKING/PASSING,0,0,0,0,16,4,7,1320,47TH ST,41.761094,-87.55024,07/17/2019 04:17:00 PM,2019
CR00033223,07/22/2023 06:45:00 PM,35,CLEAR,DAYLIGHT,SIDESWIPE SAME DIRECTION,ONE-WAY,UNKNOWN,FAILING TO YIELD RIGHT-OF-WAY,NOT APPLICABLE,0,0,1,1,18,7,7,1394,KEDZIE AVE,41.83788,-87.615027,07/22/2023 08:19:00 PM,2023
CR00033224,11/11/2022 07:12:00 AM,30,CLEAR,DUSK,ANGLE,NOT DIVIDED,TRAFFIC SIGNAL,FOLLOWING TOO CLOSELY,DRIVING SKILLS/KNOWLEDGE/EXPERIENCE,0,0,0,0,7,6,11,2506,CALIFORNIA AVE,41.8807,-87.755223,11/11/2022 08:57:00 AM,2022
CR00033225,05/20/2021 03:19:00 AM,40,CLEAR,DAYLIGHT,TURNING,NOT DIVIDED,TRAFFIC SIGNAL,UNABLE TO DETERMINE,UNABLE TO DETERMINE,0,0,0,0,3,5,5,933,PULASKI RD,41.778278,-87.620332,05/20/2021 04:16:00 AM,2021
CR00033226,06/10/2023 08:49:00 AM,15,CLEAR,DARKNESS,TURNING,NOT DIVIDED,TRAFFIC SIGNAL,IMPROPER LANE USAGE,FOLLOWING TOO CLOSELY,0,0,0,0,8,7,6,2017,ROOSEVELT RD,41.715371,-87.776781,06/10/2023 10:16:00 AM,2023
CR00033227,09/21/2018 08:45:00 PM,35,CLEAR,DARKNESS - LIGHTED ROAD,TURNING,T-INTERSECTION,NO CONTROLS,UNABLE TO DETERMINE,DISREGARDING TRAFFIC SIGNALS,0,0,0,0,20,6,9,2109,WESTERN AVE,41.755198,-87.811932,09/21/2018 08:46:00 PM,2018
CR00033228,04/26/2022 07:11:00 AM,30,CLEAR,DARKNESS - LIGHTED ROAD,SIDESWIPE SAME DIRECTION,NOT DIVIDED,TRAFFIC SIGNAL,DISTRACTION - FROM INSIDE VEHICLE,NOT APPLICABLE,0,0,2,2,7,3,4,1244,IRVING PARK RD,41.900719,-87.654489,04/26/2022 08:18:00 AM,2022
CR00033229,05/28/2022 08:12:00 AM,25,CLEAR,DARKNESS - LIGHTED ROAD,TURNING,T-INTERSECTION,NO CONTROLS,IMPROPER LANE USAGE,DRIVING SKILLS/KNOWLEDGE/EXPERIENCE,0,0,3,3,8,7,5,1219,OGDEN AVE,41.807747,-87.501771,05/28/2022 08:56:00 AM,2022
CR00033230,08/03/2015 12:22:00 AM,30,CLEAR,DAYLIGHT,REAR END,ONE-WAY,TRAFFIC SIGNAL,WEATHER,FAILING TO REDUCE SPEED,0,0,0,0,0,2,8,1369,63RD ST,41.825688,-87.671505,08/03/2015 01:59:00 AM,2015
CR00033231,08/18/2020 01:59:00 PM,45,CLEAR,DAYLIGHT,PARKED MOTOR VEHICLE,ONE-WAY,NO CONTROLS,IMPROPER OVERTAKING/PASSING,FAILING TO YIELD RIGHT-OF-WAY,0,0,1,1,13,3,8,1037,ELSTON AVE,41.896652,-87.598626,08/18/2020 02:38:00 PM,2020
CR00033232,06/20/2024 10:14:00 AM,20,CLEAR,DAYLIGHT,ANGLE,DIVIDED - W/MEDIAN BARRIER,TRAFFIC SIGNAL,UNABLE TO DETERMINE,DISTRACTION - FROM INSIDE VEHICLE,0,0,0,0,10,5,6,1050,BROADWAY,41.792159,-87.70698,06/20/2024 10:22:00 AM,2024
CR00033233,10/13/2024 04:18:00 PM,20,CLEAR,DAYLIGHT,PARKED MOTOR VEHICLE,T-INTERSECTION,TRAFFIC SIGNAL,FOLLOWING TOO CLOSELY,FAILING TO REDUCE SPEED,0,0,0,0,16,1,10,1450,DAMEN AVE,41.850734,-87.504697,10/13/2024 05:35:00 PM,2024
CR00033234,05/26/2021 07:03:00 PM,35,FREEZING RAIN/DRIZZLE,DAYLIGHT,PARKED MOTOR VEHICLE,NOT DIVIDED,NO CONTROLS,UNABLE TO DETERMINE,DRIVING SKILLS/KNOWLEDGE/EXPERIENCE,0,0,3,3,19,4,5,1706,OGDEN AVE,41.840226,-87.728245,05/26/2021 08:43:00 PM,2021
CR00033235,03/09/2015 11:12:00 AM,25,CLEAR,DAYLIGHT,PARKED MOTOR VEHICLE,NOT DIVIDED,UNKNOWN,UNABLE TO DETERMINE,FAILING TO REDUCE SPEED,0,0,0,0,11,2,3,419,PULASKI RD,41.989495,-87.648603,03/09/2015 11:33:00 AM,2015
CR00033236,12/09/2019 10:34:00 AM,45,CLEAR,DAYLIGHT,ANGLE,NOT DIVIDED,NO CONTROLS,UNABLE TO DETERMINE,UNABLE TO DETERMINE,0,0,0,0,10,2,12,260,STONY ISLAND AVE,41.730793,-87.671175,12/09/2019 10:44:00 AM,2019
CR00033237,10/15/2019 08:46:00 AM,30,CLEAR,DAYLIGHT,PEDESTRIAN,DIVIDED - W/MEDIAN BARRIER,NO CONTROLS,FOLLOWING TOO CLOSELY,IMPROPER OVERTAKING/PASSING,0,0,0,0,8,3,10,1475,ASHLAND AVE,41.820728,-87.711371,10/15/2019 09:45:00 AM,2019
CR00033238,08/31/2022 02:07:00 PM,40,CLEAR,DARKNESS - LIGHTED ROAD,REAR END,ONE-WAY,TRAFFIC SIGNAL,IMPROPER OVERTAKING/PASSING,FOLLOWING TOO CLOSELY,0,0,0,0,14,4,8,149,MILWAUKEE AVE,41.845601,-87.64755,08/31/2022 02:20:00 PM,2022
CR00033239,05/04/2015 07:04:00 PM,45,CLEAR,DAYLIGHT,PARKED MOTOR VEHICLE,NOT DIVIDED,YIELD,UNABLE TO DETERMINE,DRIVING SKILLS/KNOWLEDGE/EXPERIENCE,0,0,3,3,19,2,5,2528,ASHLAND AVE,41.993732,-87.663048,05/04/2015 08:05:00 PM,2015
CR00033240,11/07/2019 04:17:00 PM,30,CLEAR,DAYLIGHT,ANGLE,T-INTERSECTION,UNKNOWN,FOLLOWING TOO CLOSELY,UNABLE TO DETERMINE,0,0,0,0,16,5,11,1593,HALSTED ST,41.911373,-87.592545,11/07/2019 04:34:00 PM,2019
CR00033241,06/25/2021 03:41:00 PM,25,RAIN,DAYLIGHT,PARKED MOTOR VEHICLE,NOT DIVIDED,NO CONTROLS,IMPROPER OVERTAKING/PASSING,UNABLE TO DETERMINE,0,0,0,0,15,6,6,2521,PULASKI RD,41.93086,-87.757151,06/25/2021 05:13:00 PM,2021
CR00033242,02/28/2015 06:12:00 AM,20,RAIN,DARKNESS - LIGHTED ROAD,REAR END,DIVIDED - W/MEDIAN (NOT RAISED),TRAFFIC SIGNAL,UNABLE TO DETERMINE,IMPROPER LANE USAGE,0,0,1,1,6,7,2,923,ASHLAND AVE,41.974608,-87.83237,02/28/2015 07:28:00 AM,2015
CR00033243,08/27/2016 01:23:00 PM,30,CLEAR,DUSK,FIXED OBJECT,DIVIDED - W/MEDIAN (NOT RAISED),NO CONTROLS,DRIVING SKILLS/KNOWLEDGE/EXPERIENCE,UNABLE TO DETERMINE,0,0,0,0,13,7,8,1208,STATE ST,41.973887,-87.656286,08/27/2016 02:26:00 PM,2016
CR00033244,09/18/2019 03:43:00 PM,30,CLEAR,DAYLIGHT,SIDESWIPE SAME DIRECTION,FOUR WAY,NO CONTROLS,IMPROPER OVERTAKING/PASSING,UNABLE TO DETERMINE,0,0,0,0,15,4,9,818,DIVISION ST,41.801487,-87.787537,09/18/2019 04:26:00 PM,2019