CRASH_RECORD_ID,CRASH_DATE,POSTED_SPEED_LIMIT,WEATHER_CONDITION,LIGHTING_CONDITION,FIRST_CRASH_TYPE,TRAFFICWAY_TYPE,TRAFFIC_CONTROL_DEVICE,PRIM_CONTRIBUTORY_CAUSE,SEC_CONTRIBUTORY_CAUSE,INJURIES_FATAL,INJURIES_INCAPACITATING,INJURIES_NON_INCAPACITATING,INJURIES_TOTAL,CRASH_HOUR,CRASH_DAY_OF_WEEK,CRASH_MONTH,BEAT_OF_OCCURRENCE,STREET_NAME,LATITUDE,LONGITUDE,DATE_POLICE_NOTIFIED,year
CR00033245,07/11/2023 07:25:00 AM,45,CLEAR,DAYLIGHT,REAR END,NOT DIVIDED,UNKNOWN,FAILING TO REDUCE SPEED,FAILING TO YIELD RIGHT-OF-WAY,0,0,0,0,7,3,7,2192,PULASKI RD,41.79526,-87.741009,07/11/2023 09:01:00 AM,2023
CR00033246,07/08/2015 03:04:00 PM,15,RAIN,DAYLIGHT,REAR END,FOUR WAY,STOP SIGN/FLASHER,DISREGARDING TRAFFIC SIGNALS,FOLLOWING TOO CLOSELY,0,0,0,0,15,4,7,489,KEDZIE AVE,41.740878,-87.770548,07/08/2015 05:04:00 PM,2015
CR00033247,02/26/2022 03:22:00 AM,30,CLEAR,DAYLIGHT,REAR END,ONE-WAY,NO CONTROLS,DRIVING SKILLS/KNOWLEDGE/EXPERIENCE,NOT APPLICABLE,0,0,0,0,3,7,2,1507,ASHLAND AVE,41.909233,-87.521681,02/26/2022 04:59:00 AM,2022
CR00033248,09/25/2019 10:28:00 AM,30,RAIN,DARKNESS - LIGHTED ROAD,REAR END,NOT DIVIDED,STOP SIGN/FLASHER,IMPROPER OVERTAKING/PASSING,FOLLOWING TOO CLOSELY,0,0,0,0,10,4,9,2510,STONY ISLAND AVE,41.935186,-87.523154,09/25/2019 12:28:00 PM,2019
CR00033249,01/29/2023 06:16:00 PM,30,SNOW,DAYLIGHT,REAR END,DIVIDED - W/MEDIAN BARRIER,NO CONTROLS,IMPROPER OVERTAKING/PASSING,UNABLE TO DETERMINE,0,0,1,1,18,1,1,799,ASHLAND AVE,41.814443,-87.659436,01/29/2023 07:46:00 PM,2023
CR00033250,11/09/2016 05:53:00 PM,25,CLEAR,DAYLIGHT,REAR END,DIVIDED - W/MEDIAN (NOT RAISED),TRAFFIC SIGNAL,FOLLOWING TOO CLOSELY,UNABLE TO DETERMINE,0,0,1,1,17,4,11,1044,LAKE SHORE DR,41.901771,-87.709034,11/09/2016 06:17:00 PM,2016
CR00033251,02/17/2022 08:03:00 AM,35,CLEAR,DAYLIGHT,SIDESWIPE SAME DIRECTION,DIVIDED - W/MEDIAN (NOT RAISED),NO CONTROLS,DISTRACTION - FROM INSIDE VEHICLE,FAILING TO REDUCE SPEED,0,0,0,0,8,5,2,1036,MILWAUKEE AVE,41.890169,-87.817193,02/17/2022 09:42:00 AM,2022
CR00033252,09/08/2018 04:49:00 AM,35,CLEAR,DARKNESS - LIGHTED ROAD,SIDESWIPE SAME DIRECTION,NOT DIVIDED,NO CONTROLS,FAILING TO REDUCE SPEED,FOLLOWING TOO CLOSELY,0,0,0,0,4,7,9,2428,OGDEN AVE,41.786649,-87.597885,09/08/2018 04:53:00 AM,2018
CR00033253,08/15/2023 11:22:00 AM,15,CLEAR,DARKNESS - LIGHTED ROAD,ANGLE,NOT DIVIDED,STOP SIGN/FLASHER,FAILING TO YIELD RIGHT-OF-WAY,UNABLE TO DETERMINE,0,0,0,0,11,3,8,1620,ELSTON AVE,41.75824,-87.733128,08/15/2023 12:16:00 PM,2023
CR00033254,10/19/2019 09:01:00 AM,30,SNOW,DAYLIGHT,REAR END,NOT DIVIDED,TRAFFIC SIGNAL,UNABLE TO DETERMINE,UNABLE TO DETERMINE,0,0,0,0,9,7,10,635,STATE ST,41.969724,-87.755293,10/19/2019 09:15:00 AM,2019
CR00033255,02/15/2023 09:40:00 AM,30,CLEAR,DARKNESS - LIGHTED ROAD,ANGLE,DIVIDED - W/MEDIAN (NOT RAISED),TRAFFIC SIGNAL,IMPROPER OVERTAKING/PASSING,NOT APPLICABLE,0,0,0,0,9,4,2,209,PULASKI RD,41.763681,-87.662612,02/15/2023 11:15:00 AM,2023
CR00033256,04/09/2018 11:16:00 PM,20,CLEAR,DARKNESS - LIGHTED ROAD,SIDESWIPE SAME DIRECTION,ONE-WAY,STOP SIGN/FLASHER,UNABLE TO DETERMINE,IMPROPER LANE USAGE,0,0,0,0,23,2,4,534,47TH ST,41.928475,-87.50235,04/09/2018 11:43:00 PM,2018
CR00033257,06/18/2024 12:03:00 AM,30,CLEAR,DARKNESS - LIGHTED ROAD,PARKED MOTOR VEHICLE,NOT DIVIDED,TRAFFIC SIGNAL,UNABLE TO DETERMINE,DISTRACTION - FROM INSIDE VEHICLE,0,0,0,0,0,3,6,393,CICERO AVE,41.748262,-87.620315,06/18/2024 12:38:00 AM,2024
CR00033258,04/04/2023 07:16:00 AM,35,CLEAR,DAYLIGHT,PARKED MOTOR VEHICLE,FOUR WAY,STOP SIGN/FLASHER,FAILING TO REDUCE SPEED,FOLLOWING TOO CLOSELY,0,2,2,4,7,3,4,637,CALIFORNIA AVE,41.81372,-87.793676,04/04/2023 09:10:00 AM,2023
CR00033259,06/12/2017 11:38:00 AM,45,CLEAR,DAYLIGHT,REAR END,NOT DIVIDED,TRAFFIC SIGNAL,DRIVING SKILLS/KNOWLEDGE/EXPERIENCE,UNABLE TO DETERMINE,0,0,1,1,11,2,6,160,CICERO AVE,41.844814,-87.636501,06/12/2017 12:02:00 PM,2017
CR00033260,12/16/2024 02:04:00 PM,40,CLEAR,DAYLIGHT,REAR END,ONE-WAY,NO CONTROLS,FOLLOWING TOO CLOSELY,FOLLOWING TOO CLOSELY,0,0,0,0,14,2,12,925,CLARK ST,41.79332,-87.68617,12/16/2024 03:02:00 PM,2024
CR00033261,10/11/2020 08:29:00 AM,20,CLEAR,DARKNESS - LIGHTED ROAD,PEDESTRIAN,NOT DIVIDED,TRAFFIC SIGNAL,FAILING TO REDUCE SPEED,DISTRACTION - FROM INSIDE VEHICLE,0,0,0,0,8,1,10,2324,HALSTED ST,41.824657,-87.774616,10/11/2020 09:35:00 AM,2020
CR00033262,12/19/2016 12:47:00 AM,30,CLEAR,DAYLIGHT,REAR END,NOT DIVIDED,TRAFFIC SIGNAL,IMPROPER LANE USAGE,UNABLE TO DETERMINE,0,0,1,1,0,2,12,1981,CLARK ST,41.929061,-87.525216,12/19/2016 01:35:00 AM,2016
CR00033263,01/10/2018 08:15:00 AM,45,RAIN,DAYLIGHT,TURNING,NOT DIVIDED,NO CONTROLS,FAILING TO REDUCE SPEED,NOT APPLICABLE,0,0,0,0,8,4,1,686,KEDZIE AVE,41.743641,-87.540533,01/10/2018 08:28:00 AM,2018
CR00033264,07/06/2016 10:11:00 AM,35,CLEAR,DARKNESS - LIGHTED ROAD,REAR END,DIVIDED - W/MEDIAN (NOT RAISED),NO CONTROLS,UNABLE TO DETERMINE,UNABLE TO DETERMINE,0,0,0,0,10,4,7,2482,CALIFORNIA AVE,41.911202,-87.703802,07/06/2016 11:00:00 AM,2016
CR00033265,04/30/2020 07:23:00 AM,30,CLEAR,DARKNESS - LIGHTED ROAD,PEDESTRIAN,FOUR WAY,NO CONTROLS,UNABLE TO DETERMINE,FAILING TO YIELD RIGHT-OF-WAY,0,0,0,0,7,5,4,2365,PULASKI RD,41.981457,-87.677666,04/30/2020 08:31:00 AM,2020
CR00033266,04/24/2022 12:53:00 AM,35,CLEAR,DAYLIGHT,FIXED OBJECT,DIVIDED - W/MEDIAN (NOT RAISED),TRAFFIC SIGNAL,UNABLE TO DETERMINE,UNABLE TO DETERMINE,0,0,0,0,0,1,4,1877,CLARK ST,41.746213,-87.604088,04/24/2022 02:17:00 AM,2022
CR00033267,11/27/2021 06:56:00 AM,20,RAIN,DAYLIGHT,SIDESWIPE SAME DIRECTION,NOT DIVIDED,TRAFFIC SIGNAL,DRIVING SKILLS/KNOWLEDGE/EXPERIENCE,DRIVING SKILLS/KNOWLEDGE/EXPERIENCE,0,0,0,0,6,7,11,2408,CLARK ST,41.86856,-87.719778,11/27/2021 07:07:00 AM,2021
CR00033268,08/16/2022 06:25:00 PM,35,CLOUDY/OVERCAST,DAYLIGHT,REAR END,NOT DIVIDED,TRAFFIC SIGNAL,UNABLE TO DETERMINE,UNABLE TO DETERMINE,0,0,0,0,18,3,8,1822,KEDZIE AVE,41.726628,-87.748159,08/16/2022 07:02:00 PM,2022
CR00033269,06/10/2017 03:16:00 AM,45,CLOUDY/OVERCAST,DAYLIGHT,REAR END,NOT DIVIDED,NO CONTROLS,UNABLE TO DETERMINE,DISREGARDING TRAFFIC SIGNALS,0,0,0,0,3,7,6,331,STONY ISLAND AVE,41.774944,-87.732817,06/10/2017 04:45:00 AM,2017
CR00033270,05/10/2021 05:46:00 PM,40,CLEAR,DUSK,PARKED MOTOR VEHICLE,ONE-WAY,NO CONTROLS,UNABLE TO DETERMINE,FAILING TO REDUCE SPEED,0,0,0,0,17,2,5,522,STONY ISLAND AVE,41.930993,-87.676564,05/10/2021 06:59:00 PM,2021
CR00033271,04/07/2020 03:30:00 AM,35,CLEAR,DARKNESS - LIGHTED ROAD,PEDESTRIAN,DIVIDED - W/MEDIAN BARRIER,NO CONTROLS,FAILING TO YIELD RIGHT-OF-WAY,UNABLE TO DETERMINE,0,0,1,1,3,3,4,2096,ELSTON AVE,41.804756,-87.77652,04/07/2020 03:54:00 AM,2020
CR00033272,08/09/2024 04:41:00 PM,30,CLEAR,DAYLIGHT,PARKED MOTOR VEHICLE,NOT DIVIDED,STOP SIGN/FLASHER,FOLLOWING TOO CLOSELY,FAILING TO YIELD RIGHT-OF-WAY,0,0,0,0,16,6,8,690,WESTERN AVE,41.855551,-87.749102,08/09/2024 05:30:00 PM,2024
CR00033273,02/26/2015 09:59:00 AM,40,CLEAR,DARKNESS,ANGLE,FOUR WAY,TRAFFIC SIGNAL,DISTRACTION - FROM INSIDE VEHICLE,FAILING TO REDUCE SPEED,0,0,0,0,9,5,2,2454,IRVING PARK RD,41.947926,-87.593225,02/26/2015 10:58:00 AM,2015
CR00033274,07/16/2021 03:57:00 PM,45,SNOW,DAYLIGHT,PARKED MOTOR VEHICLE,ONE-WAY,TRAFFIC SIGNAL,FAILING TO YIELD RIGHT-OF-WAY,UNABLE TO DETERMINE,0,0,1,1,15,6,7,2259,DAMEN AVE,41.939406,-87.808687,07/16/2021 04:09:00 PM,2021
CR00033275,04/13/2016 12:04:00 AM,45,CLEAR,DARKNESS - LIGHTED ROAD,REAR END,NOT DIVIDED,STOP SIGN/FLASHER,IMPROPER OVERTAKING/PASSING,IMPROPER LANE USAGE,0,0,0,0,0,4,4,2013,WESTERN AVE,41.787034,-87.565148,04/13/2016 12:54:00 AM,2016
CR00033276,08/01/2016 10:31:00 AM,25,CLOUDY/OVERCAST,DARKNESS - LIGHTED ROAD,SIDESWIPE SAME DIRECTION,ONE-WAY,STOP SIGN/FLASHER,UNABLE TO DETERMINE,FAILING TO REDUCE SPEED,0,0,2,2,10,2,8,585,79TH ST,41.882164,-87.586263,08/01/2016 11:50:00 AM,2016
CR00033277,06/25/2019 12:18:00 PM,30,CLEAR,DAYLIGHT,ANGLE,ONE-WAY,TRAFFIC SIGNAL,DISTRACTION - FROM INSIDE VEHICLE,FAILING TO REDUCE SPEED,0,2,1,3,12,3,6,742,STONY ISLAND AVE,41.746882,-87.830266,06/25/2019 01:16:00 PM,2019
CR00033278,12/20/2020 08:48:00 AM,30,SNOW,DARKNESS - LIGHTED ROAD,ANGLE,DIVIDED - W/MEDIAN (NOT RAISED),UNKNOWN,FOLLOWING TOO CLOSELY,IMPROPER OVERTAKING/PASSING,0,0,0,0,8,1,12,602,CLARK ST,41.863902,-87.653474,12/20/2020 09:21:00 AM,2020
CR00033279,12/15/2015 06:25:00 PM,25,RAIN,DAYLIGHT,ANGLE,ONE-WAY,NO CONTROLS,UNABLE TO DETERMINE,NOT APPLICABLE,0,1,1,2,18,3,12,891,HALSTED ST,41.814675,-87.719372,12/15/2015 08:03:00 PM,2015
CR00033280,01/31/2019 02:44:00 PM,45,CLEAR,DAYLIGHT,SIDESWIPE SAME DIRECTION,ONE-WAY,TRAFFIC SIGNAL,UNABLE TO DETERMINE,FAILING TO YIELD RIGHT-OF-WAY,0,0,0,0,14,5,1,279,PULASKI RD,41.939947,-87.838438,01/31/2019 04:24:00 PM,2019
CR00033281,10/12/2016 04:10:00 AM,30,CLEAR,DUSK,REAR END,DIVIDED - W/MEDIAN (NOT RAISED),TRAFFIC SIGNAL,IMPROPER LANE USAGE,FAILING TO YIELD RIGHT-OF-WAY,0,0,0,0,4,4,10,1016,CLARK ST,41.730268,-87.613129,10/12/2016 05:17:00 AM,2016
CR00033282,04/20/2019 06:30:00 PM,20,CLEAR,DUSK,TURNING,NOT DIVIDED,STOP SIGN/FLASHER,FOLLOWING TOO CLOSELY,UNABLE TO DETERMINE,0,0,0,0,18,7,4,159,ASHLAND AVE,41.909341,-87.791424,04/20/2019 07:05:00 PM,2019
CR00033283,08/13/2024 09:55:00 AM,40,CLEAR,DARKNESS - LIGHTED ROAD,ANGLE,ONE-WAY,NO CONTROLS,IMPROPER LANE USAGE,DRIVING SKILLS/KNOWLEDGE/EXPERIENCE,0,0,1,1,9,3,8,1163,WESTERN AVE,41.776514,-87.841839,08/13/2024 11:46:00 AM,2024
CR00033284,04/01/2020 12:30:00 PM,30,CLOUDY/OVERCAST,DARKNESS - LIGHTED ROAD,REAR END,NOT DIVIDED,NO CONTROLS,UNABLE TO DETERMINE,DRIVING SKILLS/KNOWLEDGE/EXPERIENCE,0,0,0,0,12,4,4,1648,63RD ST,41.792989,-87.833594,04/01/2020 12:34:00 PM,2020
CR00033285,09/12/2019 11:03:00 PM,35,SNOW,DUSK,FIXED OBJECT,ONE-WAY,TRAFFIC SIGNAL,DRIVING SKILLS/KNOWLEDGE/EXPERIENCE,FOLLOWING TOO CLOSELY,0,0,0,0,23,5,9,127,CALIFORNIA AVE,41.958943,-87.596899,09/13/2019 01:02:00 AM,2019
CR00033286,03/01/2020 07:39:00 PM,45,CLEAR,DARKNESS - LIGHTED ROAD,SIDESWIPE SAME DIRECTION,ONE-WAY,STOP SIGN/FLASHER,FOLLOWING TOO CLOSELY,UNABLE TO DETERMINE,0,0,0,0,19,1,3,2195,WESTERN AVE,41.857376,-87.735498,03/01/2020 07:41:00 PM,2020
CR00033287,03/30/2023 06:34:00 PM,20,SNOW,DAYLIGHT,REAR END,NOT DIVIDED,NO CONTROLS,FAILING TO YIELD RIGHT-OF-WAY,FAILING TO REDUCE SPEED,0,0,0,0,18,5,3,778,79TH ST,41.928629,-87.51386,03/30/2023 07:20:00 PM,2023
CR00033288,04/24/2016 06:40:00 PM,30,RAIN,DAYLIGHT,REAR TO FRONT,NOT DIVIDED,NO CONTROLS,DISTRACTION - FROM INSIDE VEHICLE,FAILING TO YIELD RIGHT-OF-WAY,0,0,0,0,18,1,4,2522,MILWAUKEE AVE,41.924376,-87.540925,04/24/2016 07:18:00 PM,2016
CR00033289,04/25/2017 06:02:00 AM,40,RAIN,DAYLIGHT,SIDESWIPE SAME DIRECTION,NOT DIVIDED,NO CONTROLS,FOLLOWING TOO CLOSELY,UNABLE TO DETERMINE,0,0,0,0,6,3,4,1761,WESTERN AVE,41.886639,-87.616719,04/25/2017 06:13:00 AM,2017
CR00033290,04/11/2016 07:02:00 AM,30,CLEAR,DARKNESS - LIGHTED ROAD,REAR END,DIVIDED - W/MEDIAN (NOT RAISED),STOP SIGN/FLASHER,FOLLOWING TOO CLOSELY,UNABLE TO DETERMINE,0,0,0,0,7,2,4,2189,DIVISION ST,41.775636,-87.802986,04/11/2016 08:37:00 AM,2016
CR00033291,08/29/2022 11:17:00 PM,35,CLEAR,DAYLIGHT,TURNING,DIVIDED - W/MEDIAN (NOT RAISED),PEDESTRIAN CROSSING SIGN,IMPROPER OVERTAKING/PASSING,UNABLE TO DETERMINE,0,0,0,0,23,2,8,1102,CALIFORNIA AVE,41.731464,-87.683372,08/29/2022 11:29:00 PM,2022
CR00033292,07/01/2022 09:59:00 PM,45,CLEAR,DAYLIGHT,SIDESWIPE SAME DIRECTION,NOT DIVIDED,TRAFFIC SIGNAL,UNABLE TO DETERMINE,FAILING TO YIELD RIGHT-OF-WAY,0,0,0,0,21,6,7,1008,BROADWAY,41.973678,-87.637209,07/01/2022 11:58:00 PM,2022
CR00033293,12/19/2020 01:11:00 PM,20,CLOUDY/OVERCAST,DUSK,TURNING,NOT DIVIDED,NO CONTROLS,FOLLOWING TOO CLOSELY,IMPROPER OVERTAKING/PASSING,0,0,0,0,13,7,12,322,HALSTED ST,41.885304,-87.569584,12/19/2020 01:45:00 PM,2020
CR00033294,03/01/2023 07:55:00 PM,35,CLEAR,DARKNESS - LIGHTED ROAD,PARKED MOTOR VEHICLE,ONE-WAY,STOP SIGN/FLASHER,IMPROPER OVERTAKING/PASSING,NOT APPLICABLE,0,0,0,0,19,4,3,1627,STATE ST,41.765378,-87.725948,03/01/2023 08:18:00 PM,2023
CR00033295,06/15/2019 12:00:00 PM,30,CLEAR,DARKNESS - LIGHTED ROAD,REAR END,DIVIDED - W/MEDIAN (NOT RAISED),NO CONTROLS,UNABLE TO DETERMINE,FAILING TO REDUCE SPEED,0,0,0,0,12,7,6,815,MILWAUKEE AVE,41.708994,-87.543426,06/15/2019 01:32:00 PM,2019
CR00033296,08/07/2017 05:03:00 AM,30,CLEAR,DARKNESS - LIGHTED ROAD,FIXED OBJECT,ONE-WAY,NO CONTROLS,DISREGARDING TRAFFIC SIGNALS,DRIVING SKILLS/KNOWLEDGE/EXPERIENCE,0,0,0,0,5,2,8,1877,ELSTON AVE,41.896612,-87.716639,08/07/2017 05:43:00 AM,2017
CR00033297,10/12/2024 05:39:00 PM,35,CLEAR,DAYLIGHT,TURNING,T-INTERSECTION,TRAFFIC SIGNAL,FAILING TO REDUCE SPEED,NOT APPLICABLE,0,0,0,0,17,7,10,175,DAMEN AVE,41.817542,-87.541748,10/12/2024 06:40:00 PM,2024
CR00033298,01/29/2019 09:59:00 AM,30,CLEAR,DAWN,REAR TO FRONT,DIVIDED - W/MEDIAN (NOT RAISED),NO CONTROLS,FAILING TO YIELD RIGHT-OF-WAY,IMPROPER OVERTAKING/PASSING,0,0,0,0,9,3,1,562,WESTERN AVE,41.908425,-87.610416,01/29/2019 10:44:00 AM,2019
CR00033299,03/11/2024 06:45:00 AM,45,CLEAR,DUSK,TURNING,DIVIDED - W/MEDIAN (NOT RAISED),NO CONTROLS,UNABLE TO DETERMINE,UNABLE TO DETERMINE,0,0,0,0,6,2,3,2410,CICERO AVE,41.911793,-87.739425,03/11/2024 07:26:00 AM,2024
CR00033300,06/23/2015 08:43:00 AM,35,CLEAR,DARKNESS - LIGHTED ROAD,TURNING,ONE-WAY,NO CONTROLS,IMPROPER OVERTAKING/PASSING,FAILING TO YIELD RIGHT-OF-WAY,0,0,0,0,8,3,6,1889,ROOSEVELT RD,41.985351,-87.585453,06/23/2015 09:46:00 AM,2015
CR00033301,04/03/2020 01:20:00 PM,35,CLEAR,DARKNESS - LIGHTED ROAD,REAR END,DIVIDED - W/MEDIAN (NOT RAISED),TRAFFIC SIGNAL,DRIVING SKILLS/KNOWLEDGE/EXPERIENCE,UNABLE TO DETERMINE,0,0,0,0,13,6,4,527,KEDZIE AVE,41.840788,-87.796877,04/03/2020 02:06:00 PM,2020
CR00033302,10/18/2022 05:29:00 PM,30,CLEAR,DAYLIGHT,ANGLE,FOUR WAY,STOP SIGN/FLASHER,FAILING TO REDUCE SPEED,NOT APPLICABLE,0,0,0,0,17,3,10,181,OGDEN AVE,41.992424,-87.814546,10/18/2022 06:41:00 PM,2022
CR00033303,09/17/2017 03:34:00 PM,30,SNOW,DAYLIGHT,SIDESWIPE SAME DIRECTION,DIVIDED - W/MEDIAN (NOT RAISED),TRAFFIC SIGNAL,FOLLOWING TOO CLOSELY,NOT APPLICABLE,0,0,0,0,15,1,9,2228,ROOSEVELT RD,41.845556,-87.796945,09/17/2017 03:51:00 PM,2017
CR00033304,09/30/2016 06:04:00 PM,35,CLEAR,DAYLIGHT,REAR END,ONE-WAY,NO CONTROLS,UNABLE TO DETERMINE,NOT APPLICABLE,0,0,0,0,18,6,9,1887,IRVING PARK RD,41.984407,-87.77318,09/30/2016 06:20:00 PM,2016
CR00033305,07/02/2015 08:55:00 AM,45,RAIN,DAYLIGHT,ANGLE,FOUR WAY,TRAFFIC SIGNAL,FOLLOWING TOO CLOSELY,UNABLE TO DETERMINE,0,0,0,0,8,5,7,1227,OGDEN AVE,41.70224,-87.71691,07/02/2015 10:35:00 AM,2015
CR00033306,01/08/2015 03:37:00 AM,30,CLOUDY/OVERCAST,DAWN,REAR END,NOT DIVIDED,TRAFFIC SIGNAL,DRIVING SKILLS/KNOWLEDGE/EXPERIENCE,IMPROPER OVERTAKING/PASSING,0,0,1,1,3,5,1,2028,MILWAUKEE AVE,41.935791,-87.518896,01/08/2015 04:35:00 AM,2015
CR00033307,07/15/2020 06:27:00 PM,30,CLOUDY/OVERCAST,DAYLIGHT,TURNING,NOT DIVIDED,TRAFFIC SIGNAL,FAILING TO YIELD RIGHT-OF-WAY,FAILING TO YIELD RIGHT-OF-WAY,0,0,0,0,18,4,7,2379,WESTERN AVE,41.774917,-87.81892,07/15/2020 06:52:00 PM,2020
CR00033308,04/22/2018 07:30:00 AM,35,CLEAR,DAYLIGHT,PARKED MOTOR VEHICLE,NOT DIVIDED,NO CONTROLS,FAILING TO YIELD RIGHT-OF-WAY,DRIVING SKILLS/KNOWLEDGE/EXPERIENCE,0,0,0,0,7,1,4,1278,CICERO AVE,41.978847,-87.598422,04/22/2018 08:52:00 AM,2018
CR00033309,08/13/2020 07:52:00 PM,30,FOG/SMOKE/HAZE,DAYLIGHT,PEDESTRIAN,NOT DIVIDED,YIELD,DISREGARDING TRAFFIC SIGNALS,FAILING TO REDUCE SPEED,0,0,0,0,19,5,8,386,WESTERN AVE,41.902417,-87.703949,08/13/2020 09:16:00 PM,2020
CR00033310,04/21/2024 08:56:00 AM,40,CLEAR,DAYLIGHT,SIDESWIPE SAME DIRECTION,DIVIDED - W/MEDIAN (NOT RAISED),NO CONTROLS,FAILING TO REDUCE SPEED,FAILING TO YIELD RIGHT-OF-WAY,0,0,0,0,8,1,4,1138,DAMEN AVE,41.902358,-87.637549,04/21/2024 10:05:00 AM,2024
CR00033311,08/29/2021 07:28:00 AM,40,CLEAR,DAYLIGHT,FIXED OBJECT,NOT DIVIDED,NO CONTROLS,IMPROPER OVERTAKING/PASSING,IMPROPER LANE USAGE,0,1,1,2,7,1,8,2010,LAKE SHORE DR,41.75553,-87.584357,08/29/2021 08:02:00 AM,2021
CR00033312,10/05/2022 06:50:00 PM,30,CLEAR,DAYLIGHT,PARKED MOTOR VEHICLE,DIVIDED - W/MEDIAN (NOT RAISED),STOP SIGN/FLASHER,FAILING TO YIELD RIGHT-OF-WAY,UNABLE TO DETERMINE,0,0,1,1,18,4,10,1407,OGDEN AVE,41.823946,-87.822047,10/05/2022 06:54:00 PM,2022
CR00033313,09/13/2019 04:02:00 AM,30,CLEAR,DUSK,REAR END,DIVIDED - W/MEDIAN (NOT RAISED),NO CONTROLS,DRIVING SKILLS/KNOWLEDGE/EXPERIENCE,DISTRACTION - FROM INSIDE VEHICLE,0,0,0,0,4,6,9,1292,PULASKI RD,41.880087,-87.828008,09/13/2019 05:58:00 AM,2019
CR00033314,01/27/2021 05:45:00 PM,35,CLEAR,DAYLIGHT,ANGLE,NOT DIVIDED,TRAFFIC SIGNAL,DISTRACTION - FROM INSIDE VEHICLE,UNABLE TO DETERMINE,0,0,0,0,17,4,1,439,PULASKI RD,41.754277,-87.689402,01/27/2021 07:23:00 PM,2021
CR00033315,09/12/2019 05:43:00 PM,20,RAIN,DAYLIGHT,REAR END,FOUR WAY,TRAFFIC SIGNAL,FOLLOWING TOO CLOSELY,FAILING TO REDUCE SPEED,0,0,3,3,17,5,9,367,ELSTON AVE,41.749563,-87.819899,09/12/2019 07:42:00 PM,2019
CR00033316,03/30/2018 10:58:00 AM,40,CLEAR,DAYLIGHT,TURNING,NOT DIVIDED,TRAFFIC SIGNAL,FAILING TO YIELD RIGHT-OF-WAY,DISTRACTION - FROM INSIDE VEHICLE,0,0,0,0,10,6,3,379,LAKE SHORE DR,41.812163,-87.740005,03/30/2018 12:48:00 PM,2018
CR00033317,12/01/2017 08:33:00 AM,25,CLEAR,DUSK,FIXED OBJECT,ONE-WAY,TRAFFIC SIGNAL,FAILING TO YIELD RIGHT-OF-WAY,NOT APPLICABLE,0,0,0,0,8,6,12,1359,63RD ST,41.89408,-87.598061,12/01/2017 09:41:00 AM,2017
CR00033318,10/05/2020 09:01:00 AM,45,CLEAR,DAYLIGHT,FIXED OBJECT,NOT DIVIDED,STOP SIGN/FLASHER,DRIVING SKILLS/KNOWLEDGE/EXPERIENCE,FOLLOWING TOO CLOSELY,0,0,0,0,9,2,10,2474,CICERO AVE,41.91112,-87.528534,10/05/2020 10:06:00 AM,2020
CR00033319,05/28/2021 04:32:00 PM,30,CLEAR,DARKNESS - LIGHTED ROAD,PARKED MOTOR VEHICLE,NOT DIVIDED,NO CONTROLS,UNABLE TO DETERMINE,FOLLOWING TOO CLOSELY,0,0,0,0,16,6,5,2033,HALSTED ST,41.981666,-87.767389,05/28/2021 06:22:00 PM,2021
CR00033320,12/18/2019 05:49:00 AM,20,CLEAR,DAYLIGHT,REAR END,NOT DIVIDED,TRAFFIC SIGNAL,DISTRACTION - FROM INSIDE VEHICLE,DISREGARDING TRAFFIC SIGNALS,0,0,0,0,5,4,12,247,CLARK ST,41.793789,-87.553246,12/18/2019 06:28:00 AM,2019
CR00033321,05/23/2018 06:15:00 AM,45,RAIN,DAYLIGHT,FIXED OBJECT,NOT DIVIDED,NO CONTROLS,FAILING TO YIELD RIGHT-OF-WAY,FAILING TO YIELD RIGHT-OF-WAY,0,0,1,1,6,4,5,2090,DIVISION ST,41.733504,-87.667321,05/23/2018 08:14:00 AM,2018
CR00033322,05/13/2018 07:04:00 PM,20,RAIN,DAYLIGHT,PARKED MOTOR VEHICLE,NOT DIVIDED,NO CONTROLS,FAILING TO YIELD RIGHT-OF-WAY,UNABLE TO DETERMINE,0,0,0,0,19,1,5,585,DAMEN AVE,41.815136,-87.691775,05/13/2018 08:20:00 PM,2018
CR00033323,06/02/2022 10:31:00 PM,20,FREEZING RAIN/DRIZZLE,DUSK,SIDESWIPE SAME DIRECTION,NOT DIVIDED,STOP SIGN/FLASHER,FAILING TO REDUCE SPEED,IMPROPER OVERTAKING/PASSING,0,0,0,0,22,5,6,617,ASHLAND AVE,41.872458,-87.689776,06/02/2022 11:59:00 PM,2022
CR00033324,08/22/2023 08:50:00 AM,30,CLEAR,DARKNESS - LIGHTED ROAD,PARKED MOTOR VEHICLE,DIVIDED - W/MEDIAN (NOT RAISED),STOP SIGN/FLASHER,UNABLE TO DETERMINE,IMPROPER LANE USAGE,0,0,0,0,8,3,8,606,KEDZIE AVE,41.749007,-87.774783,08/22/2023 09:37:00 AM,2023
CR00033325,12/30/2021 02:41:00 PM,35,CLEAR,DARKNESS - LIGHTED ROAD,REAR END,ONE-WAY,TRAFFIC SIGNAL,FAILING TO YIELD RIGHT-OF-WAY,DISTRACTION - FROM INSIDE VEHICLE,0,0,0,0,14,5,12,262,STONY ISLAND AVE,41.875823,-87.688926,12/30/2021 03:51:00 PM,2021