CRASH_RECORD_ID,CRASH_DATE,POSTED_SPEED_LIMIT,WEATHER_CONDITION,LIGHTING_CONDITION,FIRST_CRASH_TYPE,TRAFFICWAY_TYPE,TRAFFIC_CONTROL_DEVICE,PRIM_CONTRIBUTORY_CAUSE,SEC_CONTRIBUTORY_CAUSE,INJURIES_FATAL,INJURIES_INCAPACITATING,INJURIES_NON_INCAPACITATING,INJURIES_TOTAL,CRASH_HOUR,CRASH_DAY_OF_WEEK,CRASH_MONTH,BEAT_OF_OCCURRENCE,STREET_NAME,LATITUDE,LONGITUDE,DATE_POLICE_NOTIFIED,year
CR00033326,07/22/2017 09:26:00 AM,35,RAIN,DAYLIGHT,REAR TO FRONT,ONE-WAY,TRAFFIC SIGNAL,FAILING TO YIELD RIGHT-OF-WAY,UNABLE TO DETERMINE,0,0,0,0,9,7,7,1749,DAMEN AVE,41.85462,-87.683068,07/22/2017 10:09:00 AM,2017
CR00033327,01/14/2020 08:56:00 AM,15,CLEAR,DAYLIGHT,REAR END,NOT DIVIDED,TRAFFIC SIGNAL,FAILING TO REDUCE SPEED,UNABLE TO DETERMINE,0,0,0,0,8,3,1,631,STATE ST,41.956323,-87.832422,01/14/2020 09:43:00 AM,2020
CR00033328,10/08/2021 09:24:00 PM,40,CLEAR,DAYLIGHT,REAR END,FOUR WAY,TRAFFIC SIGNAL,UNABLE TO DETERMINE,FOLLOWING TOO CLOSELY,0,0,0,0,21,6,10,1482,OGDEN AVE,41.930991,-87.764749,10/08/2021 09:40:00 PM,2021
CR00033329,08/25/2019 10:43:00 AM,35,CLEAR,DAYLIGHT,REAR END,NOT DIVIDED,NO CONTROLS,DISTRACTION - FROM INSIDE VEHICLE,DRIVING SKILLS/KNOWLEDGE/EXPERIENCE,0,0,0,0,10,1,8,424,WESTERN AVE,41.813295,-87.767759,08/25/2019 11:48:00 AM,2019
CR00033330,01/23/2022 10:15:00 AM,35,CLOUDY/OVERCAST,DARKNESS,REAR END,NOT DIVIDED,TRAFFIC SIGNAL,IMPROPER OVERTAKING/PASSING,UNABLE TO DETERMINE,0,0,0,0,10,1,1,896,63RD ST,41.850087,-87.729572,01/23/2022 12:05:00 PM,2022
CR00033331,08/17/2019 08:16:00 AM,20,CLEAR,DARKNESS - LIGHTED ROAD,TURNING,T-INTERSECTION,TRAFFIC SIGNAL,IMPROPER OVERTAKING/PASSING,DISREGARDING TRAFFIC SIGNALS,0,0,0,0,8,7,8,242,CLARK ST,41.863326,-87.704794,08/17/2019 09:06:00 AM,2019
CR00033332,12/12/2023 05:33:00 PM,30,CLEAR,DAYLIGHT,REAR END,ONE-WAY,TRAFFIC SIGNAL,UNABLE TO DETERMINE,UNABLE TO DETERMINE,0,0,0,0,17,3,12,336,OGDEN AVE,41.855736,-87.707043,12/12/2023 05:54:00 PM,2023
CR00033333,07/27/2015 05:12:00 PM,35,CLEAR,DAYLIGHT,PARKED MOTOR VEHICLE,DIVIDED - W/MEDIAN (NOT RAISED),NO CONTROLS,DISTRACTION - FROM INSIDE VEHICLE,UNABLE TO DETERMINE,0,0,0,0,17,2,7,1804,CALIFORNIA AVE,41.736188,-87.829269,07/27/2015 05:15:00 PM,2015
CR00033334,04/20/2019 03:23:00 PM,35,RAIN,DAWN,REAR END,T-INTERSECTION,UNKNOWN,IMPROPER LANE USAGE,DISTRACTION - FROM INSIDE VEHICLE,0,0,0,0,15,7,4,1769,MICHIGAN AVE,41.744743,-87.598436,04/20/2019 05:10:00 PM,2019
CR00033335,12/27/2017 01:55:00 PM,15,CLEAR,DAYLIGHT,REAR END,FOUR WAY,YIELD,UNABLE TO DETERMINE,DISTRACTION - FROM INSIDE VEHICLE,0,0,0,0,13,4,12,1291,DAMEN AVE,41.902179,-87.694231,12/27/2017 03:38:00 PM,2017
CR00033336,12/14/2019 06:42:00 PM,20,CLEAR,DARKNESS - LIGHTED ROAD,TURNING,FOUR WAY,NO CONTROLS,FOLLOWING TOO CLOSELY,NOT APPLICABLE,0,0,0,0,18,7,12,2090,OGDEN AVE,41.746439,-87.725307,12/14/2019 06:49:00 PM,2019
CR00033337,03/09/2020 08:16:00 AM,30,CLEAR,DARKNESS - LIGHTED ROAD,TURNING,DIVIDED - W/MEDIAN BARRIER,NO CONTROLS,IMPROPER LANE USAGE,FAILING TO YIELD RIGHT-OF-WAY,0,0,0,0,8,2,3,105,IRVING PARK RD,41.801739,-87.72679,03/09/2020 09:19:00 AM,2020
CR00033338,11/19/2019 10:43:00 AM,30,CLEAR,DARKNESS,TURNING,DIVIDED - W/MEDIAN BARRIER,YIELD,UNABLE TO DETERMINE,FAILING TO REDUCE SPEED,0,0,0,0,10,3,11,1076,BROADWAY,41.914786,-87.657782,11/19/2019 12:18:00 PM,2019
CR00033339,11/07/2022 01:43:00 AM,30,RAIN,DAYLIGHT,REAR END,ONE-WAY,NO CONTROLS,FOLLOWING TOO CLOSELY,FOLLOWING TOO CLOSELY,0,0,3,3,1,2,11,846,OGDEN AVE,41.892014,-87.584157,11/07/2022 02:45:00 AM,2022
CR00033340,10/15/2023 12:35:00 PM,45,CLEAR,DARKNESS - LIGHTED ROAD,ANGLE,DIVIDED - W/MEDIAN BARRIER,STOP SIGN/FLASHER,UNABLE TO DETERMINE,FOLLOWING TOO CLOSELY,0,0,0,0,12,1,10,2291,STONY ISLAND AVE,41.914628,-87.550124,10/15/2023 12:41:00 PM,2023
CR00033341,01/12/2024 07:56:00 PM,30,CLOUDY/OVERCAST,DARKNESS - LIGHTED ROAD,REAR TO FRONT,DIVIDED - W/MEDIAN (NOT RAISED),NO CONTROLS,IMPROPER OVERTAKING/PASSING,FAILING TO REDUCE SPEED,0,0,0,0,19,6,1,869,LAKE SHORE DR,41.901875,-87.618946,01/12/2024 09:16:00 PM,2024
CR00033342,02/16/2021 07:29:00 AM,30,CLEAR,DAYLIGHT,REAR END,DIVIDED - W/MEDIAN BARRIER,TRAFFIC SIGNAL,FAILING TO REDUCE SPEED,UNABLE TO DETERMINE,0,0,0,0,7,3,2,1848,WESTERN AVE,41.904024,-87.646681,02/16/2021 07:49:00 AM,2021
CR00033343,07/07/2023 04:13:00 AM,30,CLEAR,DARKNESS,ANGLE,NOT DIVIDED,TRAFFIC SIGNAL,FAILING TO YIELD RIGHT-OF-WAY,UNABLE TO DETERMINE,0,0,2,2,4,6,7,507,DAMEN AVE,41.705067,-87.700549,07/07/2023 05:02:00 AM,2023
CR00033344,01/13/2017 08:20:00 AM,20,CLEAR,DAYLIGHT,ANGLE,ONE-WAY,UNKNOWN,DISREGARDING TRAFFIC SIGNALS,FOLLOWING TOO CLOSELY,0,0,1,1,8,6,1,2010,FULLERTON AVE,41.851393,-87.639871,01/13/2017 08:50:00 AM,2017
CR00033345,01/02/2018 05:31:00 AM,30,RAIN,DAWN,TURNING,NOT DIVIDED,NO CONTROLS,FAILING TO REDUCE SPEED,FAILING TO REDUCE SPEED,0,2,3,5,5,3,1,187,ARCHER AVE,41.969098,-87.766961,01/02/2018 07:01:00 AM,2018
CR00033346,08/05/2015 07:16:00 PM,15,CLEAR,DARKNESS - LIGHTED ROAD,REAR TO FRONT,NOT DIVIDED,TRAFFIC SIGNAL,DISREGARDING TRAFFIC SIGNALS,IMPROPER OVERTAKING/PASSING,0,0,1,1,19,4,8,862,IRVING PARK RD,41.834942,-87.67112,08/05/2015 07:17:00 PM,2015
CR00033347,02/23/2024 11:31:00 AM,35,CLEAR,DAYLIGHT,PARKED MOTOR VEHICLE,FOUR WAY,TRAFFIC SIGNAL,FAILING TO REDUCE SPEED,UNABLE TO DETERMINE,0,0,0,0,11,6,2,194,WESTERN AVE,41.781471,-87.648428,02/23/2024 12:17:00 PM,2024
CR00033348,12/12/2022 03:35:00 PM,45,CLEAR,DUSK,ANGLE,NOT DIVIDED,TRAFFIC SIGNAL,DRIVING SKILLS/KNOWLEDGE/EXPERIENCE,IMPROPER OVERTAKING/PASSING,0,0,0,0,15,2,12,1753,WESTERN AVE,41.704741,-87.699576,12/12/2022 04:00:00 PM,2022
CR00033349,10/10/2019 08:43:00 PM,45,CLEAR,DARKNESS - LIGHTED ROAD,ANGLE,ONE-WAY,YIELD,DISTRACTION - FROM INSIDE VEHICLE,FOLLOWING TOO CLOSELY,0,0,0,0,20,5,10,730,DAMEN AVE,41.955442,-87.64063,10/10/2019 10:37:00 PM,2019
CR00033350,10/20/2023 08:30:00 AM,45,CLEAR,DUSK,SIDESWIPE SAME DIRECTION,NOT DIVIDED,STOP SIGN/FLASHER,FAILING TO REDUCE SPEED,IMPROPER OVERTAKING/PASSING,0,0,0,0,8,6,10,1382,LAKE SHORE DR,41.843549,-87.808602,10/20/2023 10:23:00 AM,2023
CR00033351,05/23/2015 03:51:00 PM,30,CLEAR,DAYLIGHT,REAR TO FRONT,DIVIDED - W/MEDIAN (NOT RAISED),NO CONTROLS,UNABLE TO DETERMINE,NOT APPLICABLE,0,0,0,0,15,7,5,575,ELSTON AVE,41.912587,-87.566149,05/23/2015 04:38:00 PM,2015
CR00033352,12/15/2022 01:26:00 PM,40,CLEAR,DARKNESS - LIGHTED ROAD,SIDESWIPE SAME DIRECTION,T-INTERSECTION,NO CONTROLS,UNABLE TO DETERMINE,IMPROPER LANE USAGE,0,0,0,0,13,5,12,2019,OGDEN AVE,41.936272,-87.633808,12/15/2022 03:09:00 PM,2022
CR00033353,09/01/2023 12:09:00 AM,30,CLEAR,DAYLIGHT,FIXED OBJECT,NOT DIVIDED,TRAFFIC SIGNAL,UNABLE TO DETERMINE,FOLLOWING TOO CLOSELY,0,0,0,0,0,6,9,349,FULLERTON AVE,41.797294,-87.628475,09/01/2023 01:50:00 AM,2023
CR00033354,06/21/2018 08:52:00 PM,30,CLEAR,DARKNESS - LIGHTED ROAD,ANGLE,ONE-WAY,TRAFFIC SIGNAL,IMPROPER LANE USAGE,NOT APPLICABLE,0,0,0,0,20,5,6,1831,MICHIGAN AVE,41.895626,-87.585744,06/21/2018 09:51:00 PM,2018
CR00033355,06/04/2015 04:34:00 AM,30,CLEAR,DAYLIGHT,REAR END,ONE-WAY,TRAFFIC SIGNAL,IMPROPER LANE USAGE,IMPROPER OVERTAKING/PASSING,0,0,0,0,4,5,6,1054,ASHLAND AVE,41.857196,-87.784522,06/04/2015 06:18:00 AM,2015
CR00033356,03/25/2016 11:23:00 AM,35,CLEAR,DAYLIGHT,REAR END,DIVIDED - W/MEDIAN (NOT RAISED),TRAFFIC SIGNAL,DISTRACTION - FROM INSIDE VEHICLE,FAILING TO REDUCE SPEED,0,0,0,0,11,6,3,1321,47TH ST,41.9908,-87.742156,03/25/2016 11:58:00 AM,2016
CR00033357,06/17/2023 01:02:00 AM,45,RAIN,DUSK,REAR END,NOT DIVIDED,NO CONTROLS,FOLLOWING TOO CLOSELY,DISTRACTION - FROM INSIDE VEHICLE,0,0,0,0,1,7,6,597,CICERO AVE,41.774274,-87.620449,06/17/2023 01:17:00 AM,2023
CR00033358,12/07/2020 01:39:00 AM,45,CLEAR,DAYLIGHT,ANGLE,ONE-WAY,TRAFFIC SIGNAL,FAILING TO YIELD RIGHT-OF-WAY,NOT APPLICABLE,0,0,0,0,1,2,12,2121,HALSTED ST,41.781209,-87.780846,12/07/2020 03:35:00 AM,2020
CR00033359,02/07/2017 07:39:00 AM,30,CLEAR,DAYLIGHT,SIDESWIPE SAME DIRECTION,NOT DIVIDED,NO CONTROLS,UNABLE TO DETERMINE,DRIVING SKILLS/KNOWLEDGE/EXPERIENCE,0,0,0,0,7,3,2,2448,63RD ST,41.993039,-87.550013,02/07/2017 08:47:00 AM,2017
CR00033360,01/14/2015 12:30:00 AM,45,CLEAR,DAYLIGHT,TURNING,NOT DIVIDED,NO CONTROLS,UNABLE TO DETERMINE,NOT APPLICABLE,0,0,0,0,0,4,1,1552,LAKE SHORE DR,41.945802,-87.541109,01/14/2015 01:29:00 AM,2015
CR00033361,07/01/2021 07:11:00 PM,20,CLEAR,DAYLIGHT,ANGLE,DIVIDED - W/MEDIAN (NOT RAISED),NO CONTROLS,UNABLE TO DETERMINE,NOT APPLICABLE,0,0,0,0,19,5,7,2072,HALSTED ST,41.78497,-87.746389,07/01/2021 08:45:00 PM,2021
CR00033362,04/17/2019 08:39:00 PM,35,CLEAR,DARKNESS - LIGHTED ROAD,REAR END,NOT DIVIDED,UNKNOWN,UNABLE TO DETERMINE,FOLLOWING TOO CLOSELY,0,0,0,0,20,4,4,1301,ELSTON AVE,41.840871,-87.549322,04/17/2019 10:36:00 PM,2019
CR00033363,10/24/2017 02:17:00 PM,25,CLEAR,DAYLIGHT,TURNING,NOT DIVIDED,STOP SIGN/FLASHER,UNABLE TO DETERMINE,IMPROPER OVERTAKING/PASSING,0,0,0,0,14,3,10,1670,ROOSEVELT RD,41.71827,-87.628822,10/24/2017 04:02:00 PM,2017
CR00033364,01/28/2022 12:28:00 PM,15,RAIN,DAYLIGHT,FIXED OBJECT,DIVIDED - W/MEDIAN (NOT RAISED),TRAFFIC SIGNAL,UNABLE TO DETERMINE,DISREGARDING TRAFFIC SIGNALS,0,0,3,3,12,6,1,2090,MICHIGAN AVE,41.747367,-87.706831,01/28/2022 02:02:00 PM,2022
CR00033365,07/27/2024 02:48:00 PM,45,FREEZING RAIN/DRIZZLE,DARKNESS - LIGHTED ROAD,SIDESWIPE SAME DIRECTION,ONE-WAY,TRAFFIC SIGNAL,UNABLE TO DETERMINE,UNABLE TO DETERMINE,0,1,0,1,14,7,7,699,ELSTON AVE,41.735405,-87.660692,07/27/2024 04:33:00 PM,2024
CR00033366,02/05/2019 07:56:00 AM,30,CLEAR,DAYLIGHT,ANGLE,DIVIDED - W/MEDIAN BARRIER,NO CONTROLS,UNABLE TO DETERMINE,FOLLOWING TOO CLOSELY,0,0,2,2,7,3,2,2298,WESTERN AVE,41.74546,-87.67199,02/05/2019 09:56:00 AM,2019
CR00033367,11/10/2024 03:54:00 PM,40,CLEAR,DARKNESS - LIGHTED ROAD,REAR TO FRONT,NOT DIVIDED,TRAFFIC SIGNAL,IMPROPER OVERTAKING/PASSING,UNABLE TO DETERMINE,0,2,3,5,15,1,11,2506,ELSTON AVE,41.70966,-87.539313,11/10/2024 04:01:00 PM,2024
CR00033368,10/21/2017 04:38:00 PM,15,CLEAR,DAYLIGHT,ANGLE,NOT DIVIDED,NO CONTROLS,UNABLE TO DETERMINE,FOLLOWING TOO CLOSELY,0,0,0,0,16,7,10,1900,STATE ST,41.935809,-87.693013,10/21/2017 05:04:00 PM,2017
CR00033369,09/17/2017 06:41:00 AM,30,RAIN,DAYLIGHT,PARKED MOTOR VEHICLE,NOT DIVIDED,TRAFFIC SIGNAL,FOLLOWING TOO CLOSELY,FAILING TO YIELD RIGHT-OF-WAY,0,0,0,0,6,1,9,2448,OGDEN AVE,41.924133,-87.652556,09/17/2017 08:03:00 AM,2017
CR00033370,08/13/2018 02:53:00 AM,20,CLEAR,DARKNESS - LIGHTED ROAD,TURNING,NOT DIVIDED,TRAFFIC SIGNAL,UNABLE TO DETERMINE,IMPROPER OVERTAKING/PASSING,0,0,0,0,2,2,8,1940,DIVISION ST,41.807524,-87.833676,08/13/2018 03:03:00 AM,2018
CR00033371,02/24/2017 05:54:00 PM,40,CLEAR,DARKNESS - LIGHTED ROAD,PEDESTRIAN,DIVIDED - W/MEDIAN (NOT RAISED),NO CONTROLS,UNABLE TO DETERMINE,FOLLOWING TOO CLOSELY,0,0,0,0,17,6,2,2021,STATE ST,41.915722,-87.538176,02/24/2017 07:03:00 PM,2017
CR00033372,02/19/2024 08:52:00 AM,45,CLOUDY/OVERCAST,DAYLIGHT,REAR END,DIVIDED - W/MEDIAN BARRIER,STOP SIGN/FLASHER,IMPROPER LANE USAGE,NOT APPLICABLE,0,0,0,0,8,2,2,1616,HALSTED ST,41.991268,-87.628938,02/19/2024 08:59:00 AM,2024
CR00033373,02/25/2015 10:45:00 AM,35,CLOUDY/OVERCAST,DAYLIGHT,REAR END,DIVIDED - W/MEDIAN BARRIER,STOP SIGN/FLASHER,FAILING TO YIELD RIGHT-OF-WAY,DISTRACTION - FROM INSIDE VEHICLE,0,0,0,0,10,4,2,1762,ROOSEVELT RD,41.838927,-87.595574,02/25/2015 11:49:00 AM,2015
CR00033374,12/19/2019 10:53:00 AM,30,SNOW,DAYLIGHT,SIDESWIPE SAME DIRECTION,DIVIDED - W/MEDIAN (NOT RAISED),STOP SIGN/FLASHER,UNABLE TO DETERMINE,NOT APPLICABLE,0,1,3,4,10,5,12,465,ASHLAND AVE,41.879564,-87.846897,12/19/2019 12:41:00 PM,2019
CR00033375,05/03/2021 05:18:00 PM,45,CLEAR,DARKNESS - LIGHTED ROAD,REAR END,DIVIDED - W/MEDIAN BARRIER,NO CONTROLS,UNABLE TO DETERMINE,NOT APPLICABLE,0,0,1,1,17,2,5,1914,79TH ST,41.921008,-87.717182,05/03/2021 05:44:00 PM,2021
CR00033376,07/20/2022 10:02:00 AM,45,CLEAR,DAYLIGHT,PARKED MOTOR VEHICLE,DIVIDED - W/MEDIAN (NOT RAISED),STOP SIGN/FLASHER,DRIVING SKILLS/KNOWLEDGE/EXPERIENCE,UNABLE TO DETERMINE,0,0,1,1,10,4,7,1288,FULLERTON AVE,41.999254,-87.521048,07/20/2022 11:36:00 AM,2022
CR00033377,12/31/2023 11:00:00 AM,35,CLEAR,DARKNESS - LIGHTED ROAD,REAR END,DIVIDED - W/MEDIAN (NOT RAISED),NO CONTROLS,DISTRACTION - FROM INSIDE VEHICLE,NOT APPLICABLE,0,0,1,1,11,1,12,1488,HALSTED ST,41.925887,-87.773271,12/31/2023 12:16:00 PM,2023
CR00033378,07/31/2016 05:10:00 PM,35,CLEAR,DAYLIGHT,REAR TO FRONT,ONE-WAY,NO CONTROLS,FOLLOWING TOO CLOSELY,NOT APPLICABLE,0,0,0,0,17,1,7,2139,DIVISION ST,41.99114,-87.605382,07/31/2016 06:30:00 PM,2016
CR00033379,11/03/2018 03:35:00 PM,30,CLEAR,DAYLIGHT,PARKED MOTOR VEHICLE,NOT DIVIDED,TRAFFIC SIGNAL,FAILING TO REDUCE SPEED,DRIVING SKILLS/KNOWLEDGE/EXPERIENCE,0,0,3,3,15,7,11,219,STONY ISLAND AVE,41.953032,-87.66441,11/03/2018 05:06:00 PM,2018
CR00033380,04/08/2024 09:55:00 PM,35,CLEAR,DARKNESS - LIGHTED ROAD,PARKED MOTOR VEHICLE,DIVIDED - W/MEDIAN BARRIER,STOP SIGN/FLASHER,DRIVING SKILLS/KNOWLEDGE/EXPERIENCE,IMPROPER OVERTAKING/PASSING,0,0,1,1,21,2,4,799,ARCHER AVE,41.996984,-87.697807,04/08/2024 10:16:00 PM,2024
CR00033381,02/27/2022 08:21:00 PM,30,CLEAR,DARKNESS - LIGHTED ROAD,REAR END,NOT DIVIDED,TRAFFIC SIGNAL,IMPROPER LANE USAGE,FAILING TO REDUCE SPEED,0,0,0,0,20,1,2,630,DAMEN AVE,41.836563,-87.811912,02/27/2022 10:18:00 PM,2022
CR00033382,10/30/2023 05:11:00 PM,15,FREEZING RAIN/DRIZZLE,DAYLIGHT,TURNING,ONE-WAY,NO CONTROLS,DISREGARDING TRAFFIC SIGNALS,FOLLOWING TOO CLOSELY,0,0,0,0,17,2,10,1786,OGDEN AVE,41.830488,-87.65003,10/30/2023 06:12:00 PM,2023
CR00033383,07/15/2022 06:00:00 PM,30,CLEAR,DARKNESS - LIGHTED ROAD,PEDESTRIAN,ONE-WAY,TRAFFIC SIGNAL,IMPROPER LANE USAGE,IMPROPER OVERTAKING/PASSING,0,0,0,0,18,6,7,1913,ELSTON AVE,41.717422,-87.610378,07/15/2022 07:04:00 PM,2022
CR00033384,02/22/2018 05:35:00 PM,30,CLOUDY/OVERCAST,DAYLIGHT,TURNING,T-INTERSECTION,NO CONTROLS,IMPROPER LANE USAGE,UNABLE TO DETERMINE,0,0,0,0,17,5,2,1486,CALIFORNIA AVE,41.973258,-87.619014,02/22/2018 06:57:00 PM,2018
CR00033385,07/27/2017 07:28:00 AM,30,CLEAR,DAYLIGHT,TURNING,NOT DIVIDED,NO CONTROLS,IMPROPER OVERTAKING/PASSING,FOLLOWING TOO CLOSELY,0,0,0,0,7,5,7,1673,BROADWAY,41.966512,-87.5157,07/27/2017 07:39:00 AM,2017
CR00033386,03/25/2024 10:57:00 AM,20,CLEAR,DAYLIGHT,TURNING,NOT DIVIDED,TRAFFIC SIGNAL,UNABLE TO DETERMINE,FAILING TO YIELD RIGHT-OF-WAY,0,0,0,0,10,2,3,2295,IRVING PARK RD,41.899609,-87.803639,03/25/2024 12:49:00 PM,2024
CR00033387,04/18/2018 08:32:00 PM,20,RAIN,DARKNESS - LIGHTED ROAD,PEDESTRIAN,NOT DIVIDED,NO CONTROLS,DISREGARDING TRAFFIC SIGNALS,DRIVING SKILLS/KNOWLEDGE/EXPERIENCE,0,0,0,0,20,4,4,564,47TH ST,41.735214,-87.72891,04/18/2018 09:13:00 PM,2018
CR00033388,08/05/2015 06:20:00 PM,40,CLEAR,DAYLIGHT,SIDESWIPE SAME DIRECTION,FOUR WAY,NO CONTROLS,UNABLE TO DETERMINE,UNABLE TO DETERMINE,0,0,0,0,18,4,8,247,FULLERTON AVE,41.843651,-87.639031,08/05/2015 08:12:00 PM,2015
CR00033389,11/08/2019 08:07:00 AM,35,CLEAR,DAWN,REAR END,DIVIDED - W/MEDIAN BARRIER,STOP SIGN/FLASHER,DISTRACTION - FROM INSIDE VEHICLE,DRIVING SKILLS/KNOWLEDGE/EXPERIENCE,0,2,1,3,8,6,11,806,HALSTED ST,41.956004,-87.720599,11/08/2019 10:03:00 AM,2019
CR00033390,06/29/2023 09:49:00 AM,30,CLEAR,DAYLIGHT,REAR END,DIVIDED - W/MEDIAN (NOT RAISED),TRAFFIC SIGNAL,FAILING TO REDUCE SPEED,IMPROPER OVERTAKING/PASSING,0,0,0,0,9,5,6,2226,DAMEN AVE,41.961801,-87.762524,06/29/2023 11:01:00 AM,2023
CR00033391,09/17/2022 10:31:00 PM,25,CLOUDY/OVERCAST,DARKNESS - LIGHTED ROAD,PEDESTRIAN,NOT DIVIDED,NO CONTROLS,UNABLE TO DETERMINE,DISTRACTION - FROM INSIDE VEHICLE,0,0,0,0,22,7,9,1585,CICERO AVE,41.793123,-87.65795,09/17/2022 11:26:00 PM,2022
CR00033392,06/08/2023 08:56:00 AM,30,CLEAR,DAYLIGHT,PARKED MOTOR VEHICLE,NOT DIVIDED,NO CONTROLS,DRIVING SKILLS/KNOWLEDGE/EXPERIENCE,UNABLE TO DETERMINE,0,0,0,0,8,5,6,886,CICERO AVE,41.957626,-87.611264,06/08/2023 10:47:00 AM,2023
CR00033393,12/31/2017 01:42:00 PM,40,CLEAR,DAYLIGHT,PARKED MOTOR VEHICLE,NOT DIVIDED,TRAFFIC SIGNAL,UNABLE TO DETERMINE,WEATHER,0,0,0,0,13,1,12,941,63RD ST,41.964533,-87.737131,12/31/2017 03:01:00 PM,2017
CR00033394,02/04/2015 07:56:00 AM,30,CLEAR,DAYLIGHT,REAR END,DIVIDED - W/MEDIAN (NOT RAISED),TRAFFIC SIGNAL,UNABLE TO DETERMINE,NOT APPLICABLE,0,0,0,0,7,4,2,2391,47TH ST,41.819221,-87.579309,02/04/2015 08:01:00 AM,2015
CR00033395,01/18/2018 08:44:00 AM,30,SNOW,DAYLIGHT,REAR END,DIVIDED - W/MEDIAN BARRIER,STOP SIGN/FLASHER,UNABLE TO DETERMINE,DRIVING SKILLS/KNOWLEDGE/EXPERIENCE,0,0,0,0,8,5,1,1747,KEDZIE AVE,41.712207,-87.752622,01/18/2018 08:48:00 AM,2018
CR00033396,05/22/2016 05:27:00 PM,30,SNOW,DUSK,FIXED OBJECT,NOT DIVIDED,NO CONTROLS,IMPROPER LANE USAGE,IMPROPER OVERTAKING/PASSING,0,0,0,0,17,1,5,1113,WESTERN AVE,41.786825,-87.525802,05/22/2016 05:59:00 PM,2016
CR00033397,10/05/2016 06:48:00 PM,40,CLEAR,DAYLIGHT,PEDESTRIAN,DIVIDED - W/MEDIAN (NOT RAISED),UNKNOWN,UNABLE TO DETERMINE,UNABLE TO DETERMINE,0,0,0,0,18,4,10,1754,LAKE SHORE DR,41.871843,-87.707798,10/05/2016 07:41:00 PM,2016
CR00033398,12/08/2015 04:41:00 PM,45,CLEAR,DAYLIGHT,FIXED OBJECT,DIVIDED - W/MEDIAN (NOT RAISED),NO CONTROLS,IMPROPER LANE USAGE,IMPROPER OVERTAKING/PASSING,0,0,0,0,16,3,12,1070,MICHIGAN AVE,41.77146,-87.737172,12/08/2015 05:47:00 PM,2015
CR00033399,11/11/2017 04:59:00 PM,25,CLEAR,DARKNESS,REAR END,NOT DIVIDED,TRAFFIC SIGNAL,FAILING TO REDUCE SPEED,UNABLE TO DETERMINE,0,0,0,0,16,7,11,795,IRVING PARK RD,41.78112,-87.668726,11/11/2017 05:05:00 PM,2017
CR00033400,08/03/2015 12:43:00 PM,20,CLEAR,DARKNESS - LIGHTED ROAD,PARKED MOTOR VEHICLE,NOT DIVIDED,STOP SIGN/FLASHER,DISTRACTION - FROM INSIDE VEHICLE,NOT APPLICABLE,0,0,0,0,12,2,8,1036,ROOSEVELT RD,41.776343,-87.605071,08/03/2015 12:48:00 PM,2015
CR00033401,01/23/2018 05:54:00 AM,40,FOG/SMOKE/HAZE,DARKNESS - LIGHTED ROAD,FIXED OBJECT,DIVIDED - W/MEDIAN BARRIER,TRAFFIC SIGNAL,FOLLOWING TOO CLOSELY,IMPROPER OVERTAKING/PASSING,0,0,0,0,5,3,1,1688,ARCHER AVE,41.951603,-87.772485,01/23/2018 06:07:00 AM,2018
CR00033402,08/19/2022 01:24:00 AM,45,CLEAR,DAYLIGHT,TURNING,NOT DIVIDED,STOP SIGN/FLASHER,DISTRACTION - FROM INSIDE VEHICLE,DISTRACTION - FROM INSIDE VEHICLE,0,0,0,0,1,6,8,2156,MICHIGAN AVE,41.953476,-87.507855,08/19/2022 02:30:00 AM,2022
CR00033403,12/11/2020 08:03:00 PM,30,CLOUDY/OVERCAST,DARKNESS,ANGLE,T-INTERSECTION,UNKNOWN,WEATHER,UNABLE TO DETERMINE,0,0,0,0,20,6,12,2107,79TH ST,41.711798,-87.598241,12/11/2020 09:53:00 PM,2020
CR00033404,10/18/2023 08:41:00 PM,30,RAIN,DARKNESS,TURNING,DIVIDED - W/MEDIAN BARRIER,STOP SIGN/FLASHER,DRIVING SKILLS/KNOWLEDGE/EXPERIENCE,IMPROPER OVERTAKING/PASSING,0,1,1,2,20,4,10,376,WESTERN AVE,41.944387,-87.506206,10/18/2023 10:04:00 PM,2023
CR00033405,02/26/2021 05:29:00 PM,25,CLEAR,DAYLIGHT,SIDESWIPE SAME DIRECTION,NOT DIVIDED,STOP SIGN/FLASHER,DISTRACTION - FROM INSIDE VEHICLE,FAILING TO YIELD RIGHT-OF-WAY,0,0,0,0,17,6,2,864,ASHLAND AVE,41.77558,-87.545781,02/26/2021 05:30:00 PM,2021
CR00033406,05/07/2017 10:51:00 AM,20,CLEAR,DARKNESS - LIGHTED ROAD,REAR TO FRONT,ONE-WAY,TRAFFIC SIGNAL,FOLLOWING TOO CLOSELY,FAILING TO REDUCE SPEED,0,0,1,1,10,1,5,2277,LAKE SHORE DR,41.948078,-87.69377,05/07/2017 11:28:00 AM,2017
CR00033407,02/02/2018 08:01:00 PM,15,SNOW,DARKNESS - LIGHTED ROAD,FIXED OBJECT,NOT DIVIDED,NO CONTROLS,FAILING TO REDUCE SPEED,NOT APPLICABLE,0,0,0,0,20,6,2,2178,STATE ST,41.801443,-87.79728,02/02/2018 09:43:00 PM,2018