CRASH_RECORD_ID,CRASH_DATE,POSTED_SPEED_LIMIT,WEATHER_CONDITION,LIGHTING_CONDITION,FIRST_CRASH_TYPE,TRAFFICWAY_TYPE,TRAFFIC_CONTROL_DEVICE,PRIM_CONTRIBUTORY_CAUSE,SEC_CONTRIBUTORY_CAUSE,INJURIES_FATAL,INJURIES_INCAPACITATING,INJURIES_NON_INCAPACITATING,INJURIES_TOTAL,CRASH_HOUR,CRASH_DAY_OF_WEEK,CRASH_MONTH,BEAT_OF_OCCURRENCE,STREET_NAME,LATITUDE,LONGITUDE,DATE_POLICE_NOTIFIED,year
CR00033408,07/17/2019 10:23:00 PM,25,CLEAR,DAYLIGHT,TURNING,FOUR WAY,NO CONTROLS,IMPROPER OVERTAKING/PASSING,IMPROPER OVERTAKING/PASSING,0,0,0,0,22,4,7,1263,HALSTED ST,41.925297,-87.713615,07/17/2019 11:45:00 PM,2019
CR00033409,05/11/2022 10:15:00 PM,20,CLEAR,DAYLIGHT,PARKED MOTOR VEHICLE,DIVIDED - W/MEDIAN BARRIER,TRAFFIC SIGNAL,UNABLE TO DETERMINE,FOLLOWING TOO CLOSELY,0,0,1,1,22,4,5,1690,LAKE SHORE DR,41.947081,-87.625529,05/11/2022 11:19:00 PM,2022
CR00033410,12/24/2022 03:06:00 AM,40,CLEAR,DAYLIGHT,REAR END,ONE-WAY,TRAFFIC SIGNAL,IMPROPER OVERTAKING/PASSING,NOT APPLICABLE,0,0,0,0,3,7,12,262,CALIFORNIA AVE,41.939544,-87.580588,12/24/2022 04:53:00 AM,2022
CR00033411,06/29/2017 03:56:00 PM,45,CLOUDY/OVERCAST,DAYLIGHT,REAR END,DIVIDED - W/MEDIAN (NOT RAISED),TRAFFIC SIGNAL,IMPROPER OVERTAKING/PASSING,UNABLE TO DETERMINE,0,0,2,2,15,5,6,1741,MICHIGAN AVE,41.886216,-87.784079,06/29/2017 05:37:00 PM,2017
CR00033412,04/30/2019 11:10:00 AM,35,CLEAR,DAYLIGHT,ANGLE,FOUR WAY,UNKNOWN,UNABLE TO DETERMINE,IMPROPER OVERTAKING/PASSING,0,1,1,2,11,3,4,1633,ARCHER AVE,41.984556,-87.753684,04/30/2019 11:12:00 AM,2019
CR00033413,03/28/2018 07:13:00 AM,40,SNOW,DAWN,REAR END,FOUR WAY,TRAFFIC SIGNAL,FAILING TO REDUCE SPEED,DRIVING SKILLS/KNOWLEDGE/EXPERIENCE,0,0,0,0,7,4,3,863,BROADWAY,41.944717,-87.705246,03/28/2018 09:13:00 AM,2018
CR00033414,09/24/2017 03:06:00 PM,30,RAIN,DAYLIGHT,ANGLE,NOT DIVIDED,NO CONTROLS,UNABLE TO DETERMINE,UNABLE TO DETERMINE,0,0,3,3,15,1,9,2071,ELSTON AVE,41.882086,-87.520294,09/24/2017 04:45:00 PM,2017
CR00033415,11/01/2017 02:44:00 PM,30,RAIN,DARKNESS,SIDESWIPE SAME DIRECTION,FOUR WAY,NO CONTROLS,UNABLE TO DETERMINE,FAILING TO YIELD RIGHT-OF-WAY,0,0,0,0,14,4,11,2465,DAMEN AVE,41.96583,-87.724086,11/01/2017 04:17:00 PM,2017
CR00033416,03/16/2020 05:46:00 PM,35,CLEAR,DARKNESS - LIGHTED ROAD,ANGLE,NOT DIVIDED,STOP SIGN/FLASHER,UNABLE TO DETERMINE,FOLLOWING TOO CLOSELY,0,0,0,0,17,2,3,2344,OGDEN AVE,41.864251,-87.585934,03/16/2020 06:39:00 PM,2020
CR00033417,03/05/2019 04:57:00 AM,35,CLEAR,DARKNESS,REAR END,NOT DIVIDED,TRAFFIC SIGNAL,FAILING TO YIELD RIGHT-OF-WAY,UNABLE TO DETERMINE,0,0,0,0,4,3,3,627,MICHIGAN AVE,41.974632,-87.812697,03/05/2019 05:35:00 AM,2019
CR00033418,05/01/2019 07:11:00 AM,35,CLOUDY/OVERCAST,DARKNESS - LIGHTED ROAD,FIXED OBJECT,NOT DIVIDED,UNKNOWN,FOLLOWING TOO CLOSELY,IMPROPER LANE USAGE,0,0,0,0,7,4,5,454,ARCHER AVE,41.973075,-87.810187,05/01/2019 07:41:00 AM,2019
CR00033419,04/17/2022 10:36:00 AM,35,FREEZING RAIN/DRIZZLE,DARKNESS - LIGHTED ROAD,TURNING,DIVIDED - W/MEDIAN (NOT RAISED),TRAFFIC SIGNAL,IMPROPER OVERTAKING/PASSING,IMPROPER LANE USAGE,0,0,0,0,10,1,4,522,KEDZIE AVE,41.762355,-87.830126,04/17/2022 11:25:00 AM,2022
CR00033420,10/08/2016 04:36:00 PM,15,CLEAR,DAYLIGHT,SIDESWIPE SAME DIRECTION,DIVIDED - W/MEDIAN (NOT RAISED),NO CONTROLS,DRIVING SKILLS/KNOWLEDGE/EXPERIENCE,DRIVING SKILLS/KNOWLEDGE/EXPERIENCE,0,0,0,0,16,7,10,772,79TH ST,41.788209,-87.596785,10/08/2016 06:23:00 PM,2016
CR00033421,12/04/2016 03:05:00 PM,15,CLEAR,DARKNESS - LIGHTED ROAD,SIDESWIPE SAME DIRECTION,NOT DIVIDED,NO CONTROLS,IMPROPER LANE USAGE,UNABLE TO DETERMINE,0,0,0,0,15,1,12,1797,PULASKI RD,41.796029,-87.563508,12/04/2016 04:45:00 PM,2016
CR00033422,09/27/2017 03:03:00 PM,35,RAIN,DARKNESS,REAR END,NOT DIVIDED,NO CONTROLS,FAILING TO REDUCE SPEED,IMPROPER OVERTAKING/PASSING,0,1,3,4,15,4,9,2217,FULLERTON AVE,41.738111,-87.568947,09/27/2017 03:29:00 PM,2017
CR00033423,10/15/2018 12:38:00 PM,15,CLEAR,DARKNESS - LIGHTED ROAD,SIDESWIPE SAME DIRECTION,NOT DIVIDED,STOP SIGN/FLASHER,UNABLE TO DETERMINE,FOLLOWING TOO CLOSELY,0,0,1,1,12,2,10,1202,IRVING PARK RD,41.74743,-87.691357,10/15/2018 02:15:00 PM,2018
CR00033424,07/07/2021 04:47:00 PM,30,CLOUDY/OVERCAST,DUSK,PARKED MOTOR VEHICLE,ONE-WAY,NO CONTROLS,IMPROPER LANE USAGE,UNABLE TO DETERMINE,0,0,0,0,16,4,7,755,47TH ST,41.769254,-87.625359,07/07/2021 06:42:00 PM,2021
CR00033425,11/19/2020 01:27:00 PM,45,SNOW,DAWN,TURNING,DIVIDED - W/MEDIAN BARRIER,TRAFFIC SIGNAL,IMPROPER LANE USAGE,UNABLE TO DETERMINE,0,0,0,0,13,5,11,1486,LAKE SHORE DR,41.731058,-87.537094,11/19/2020 02:07:00 PM,2020
CR00033426,03/26/2023 12:43:00 PM,30,CLEAR,DUSK,REAR END,T-INTERSECTION,NO CONTROLS,IMPROPER OVERTAKING/PASSING,FOLLOWING TOO CLOSELY,0,0,0,0,12,1,3,222,CALIFORNIA AVE,41.851476,-87.799488,03/26/2023 02:40:00 PM,2023
CR00033427,08/19/2019 06:52:00 PM,40,CLEAR,DAYLIGHT,SIDESWIPE SAME DIRECTION,NOT DIVIDED,TRAFFIC SIGNAL,FAILING TO YIELD RIGHT-OF-WAY,UNABLE TO DETERMINE,0,0,0,0,18,2,8,411,CALIFORNIA AVE,41.884028,-87.757075,08/19/2019 08:15:00 PM,2019
CR00033428,10/29/2023 02:59:00 AM,25,CLEAR,DARKNESS - LIGHTED ROAD,TURNING,FOUR WAY,TRAFFIC SIGNAL,FAILING TO REDUCE SPEED,UNABLE TO DETERMINE,0,0,0,0,2,1,10,1359,ROOSEVELT RD,41.950818,-87.826269,10/29/2023 04:01:00 AM,2023
CR00033429,01/14/2015 05:40:00 PM,30,RAIN,DARKNESS,REAR END,DIVIDED - W/MEDIAN BARRIER,TRAFFIC SIGNAL,UNABLE TO DETERMINE,IMPROPER OVERTAKING/PASSING,0,0,0,0,17,4,1,802,CALIFORNIA AVE,41.954424,-87.578734,01/14/2015 07:19:00 PM,2015
CR00033430,01/09/2022 02:21:00 PM,30,RAIN,DAYLIGHT,ANGLE,DIVIDED - W/MEDIAN (NOT RAISED),NO CONTROLS,FOLLOWING TOO CLOSELY,FOLLOWING TOO CLOSELY,0,0,0,0,14,1,1,775,79TH ST,41.758785,-87.666228,01/09/2022 02:35:00 PM,2022
CR00033431,05/06/2024 02:00:00 AM,30,CLEAR,DAYLIGHT,REAR END,NOT DIVIDED,NO CONTROLS,DISTRACTION - FROM INSIDE VEHICLE,IMPROPER LANE USAGE,0,2,1,3,2,2,5,115,STONY ISLAND AVE,41.74614,-87.791928,05/06/2024 03:35:00 AM,2024
CR00033432,06/10/2024 11:32:00 AM,30,RAIN,DUSK,REAR TO FRONT,DIVIDED - W/MEDIAN (NOT RAISED),NO CONTROLS,FAILING TO REDUCE SPEED,NOT APPLICABLE,0,0,0,0,11,2,6,1366,CLARK ST,41.733235,-87.729072,06/10/2024 12:52:00 PM,2024
CR00033433,06/10/2017 05:53:00 PM,40,CLEAR,DAWN,SIDESWIPE SAME DIRECTION,NOT DIVIDED,NO CONTROLS,UNABLE TO DETERMINE,UNABLE TO DETERMINE,0,0,0,0,17,7,6,1307,CALIFORNIA AVE,41.975865,-87.641203,06/10/2017 06:54:00 PM,2017
CR00033434,09/08/2016 07:56:00 AM,30,CLEAR,DARKNESS - LIGHTED ROAD,REAR END,NOT DIVIDED,TRAFFIC SIGNAL,FOLLOWING TOO CLOSELY,WEATHER,0,0,0,0,7,5,9,620,CICERO AVE,41.914901,-87.784948,09/08/2016 08:07:00 AM,2016
CR00033435,07/11/2021 01:22:00 AM,30,CLEAR,DAYLIGHT,TURNING,NOT DIVIDED,STOP SIGN/FLASHER,UNABLE TO DETERMINE,FAILING TO REDUCE SPEED,0,0,0,0,1,1,7,2185,79TH ST,41.906815,-87.601859,07/11/2021 03:16:00 AM,2021
CR00033436,03/19/2015 06:54:00 PM,40,CLEAR,DAYLIGHT,REAR END,ONE-WAY,NO CONTROLS,FAILING TO YIELD RIGHT-OF-WAY,FOLLOWING TOO CLOSELY,0,0,1,1,18,5,3,1803,HALSTED ST,41.904449,-87.839329,03/19/2015 08:48:00 PM,2015
CR00033437,07/20/2023 04:53:00 AM,45,CLEAR,DARKNESS,ANGLE,DIVIDED - W/MEDIAN BARRIER,UNKNOWN,DISTRACTION - FROM INSIDE VEHICLE,NOT APPLICABLE,0,0,0,0,4,5,7,717,OGDEN AVE,41.846552,-87.660386,07/20/2023 06:07:00 AM,2023
CR00033438,01/30/2016 11:13:00 PM,30,CLOUDY/OVERCAST,DAYLIGHT,TURNING,NOT DIVIDED,TRAFFIC SIGNAL,FAILING TO REDUCE SPEED,UNABLE TO DETERMINE,0,0,0,0,23,7,1,2448,CLARK ST,41.917259,-87.586923,01/30/2016 11:57:00 PM,2016
CR00033439,12/13/2019 07:06:00 AM,15,SNOW,DARKNESS - LIGHTED ROAD,ANGLE,FOUR WAY,TRAFFIC SIGNAL,FOLLOWING TOO CLOSELY,IMPROPER LANE USAGE,0,0,0,0,7,6,12,892,ARCHER AVE,41.828267,-87.736954,12/13/2019 07:30:00 AM,2019
CR00033440,09/03/2017 09:59:00 AM,30,CLOUDY/OVERCAST,DARKNESS - LIGHTED ROAD,REAR END,DIVIDED - W/MEDIAN (NOT RAISED),NO CONTROLS,UNABLE TO DETERMINE,FOLLOWING TOO CLOSELY,0,0,0,0,9,1,9,1331,ELSTON AVE,41.988304,-87.593474,09/03/2017 10:06:00 AM,2017
CR00033441,03/12/2023 07:34:00 AM,30,CLEAR,DAWN,REAR END,NOT DIVIDED,STOP SIGN/FLASHER,FOLLOWING TOO CLOSELY,DISTRACTION - FROM INSIDE VEHICLE,0,0,0,0,7,1,3,216,IRVING PARK RD,41.924127,-87.548161,03/12/2023 07:40:00 AM,2023
CR00033442,06/23/2015 05:06:00 PM,30,SNOW,DAYLIGHT,TURNING,DIVIDED - W/MEDIAN (NOT RAISED),UNKNOWN,FAILING TO YIELD RIGHT-OF-WAY,DISTRACTION - FROM INSIDE VEHICLE,0,0,0,0,17,3,6,1854,FULLERTON AVE,41.784563,-87.713727,06/23/2015 05:46:00 PM,2015
CR00033443,05/15/2020 07:26:00 PM,35,RAIN,DARKNESS,FIXED OBJECT,DIVIDED - W/MEDIAN BARRIER,NO CONTROLS,FAILING TO REDUCE SPEED,FAILING TO YIELD RIGHT-OF-WAY,0,0,0,0,19,6,5,1991,ROOSEVELT RD,41.892834,-87.810281,05/15/2020 08:45:00 PM,2020
CR00033444,03/01/2024 12:00:00 AM,40,CLEAR,DAYLIGHT,ANGLE,NOT DIVIDED,NO CONTROLS,DISTRACTION - FROM INSIDE VEHICLE,IMPROPER LANE USAGE,0,0,0,0,0,6,3,945,MICHIGAN AVE,41.757704,-87.796956,03/01/2024 01:17:00 AM,2024
CR00033445,04/22/2020 01:59:00 AM,40,CLEAR,DAYLIGHT,TURNING,ONE-WAY,TRAFFIC SIGNAL,UNABLE TO DETERMINE,FOLLOWING TOO CLOSELY,0,0,2,2,1,4,4,578,IRVING PARK RD,41.860759,-87.716699,04/22/2020 03:35:00 AM,2020
CR00033446,01/17/2020 12:44:00 AM,20,CLOUDY/OVERCAST,DARKNESS - LIGHTED ROAD,SIDESWIPE SAME DIRECTION,NOT DIVIDED,STOP SIGN/FLASHER,IMPROPER LANE USAGE,NOT APPLICABLE,0,0,0,0,0,6,1,1134,ASHLAND AVE,41.845335,-87.574355,01/17/2020 01:55:00 AM,2020
CR00033447,02/16/2020 04:12:00 PM,15,CLEAR,DAYLIGHT,REAR END,T-INTERSECTION,TRAFFIC SIGNAL,FOLLOWING TOO CLOSELY,FOLLOWING TOO CLOSELY,0,1,2,3,16,1,2,1909,OGDEN AVE,41.769891,-87.587217,02/16/2020 05:17:00 PM,2020
CR00033448,06/01/2019 10:20:00 PM,45,CLOUDY/OVERCAST,DAYLIGHT,REAR END,DIVIDED - W/MEDIAN (NOT RAISED),TRAFFIC SIGNAL,FOLLOWING TOO CLOSELY,NOT APPLICABLE,0,0,0,0,22,7,6,1752,FULLERTON AVE,41.866706,-87.736111,06/01/2019 11:43:00 PM,2019
CR00033449,05/03/2018 04:14:00 PM,35,CLEAR,DAYLIGHT,SIDESWIPE SAME DIRECTION,DIVIDED - W/MEDIAN (NOT RAISED),NO CONTROLS,FOLLOWING TOO CLOSELY,FOLLOWING TOO CLOSELY,0,0,1,1,16,5,5,2262,ELSTON AVE,41.949318,-87.644867,05/03/2018 05:00:00 PM,2018
CR00033450,06/14/2015 06:58:00 AM,35,CLOUDY/OVERCAST,DAYLIGHT,REAR TO FRONT,FOUR WAY,UNKNOWN,IMPROPER OVERTAKING/PASSING,FAILING TO YIELD RIGHT-OF-WAY,0,0,0,0,6,1,6,609,MICHIGAN AVE,41.731201,-87.758828,06/14/2015 08:13:00 AM,2015
CR00033451,05/18/2018 01:35:00 AM,35,CLEAR,DARKNESS - LIGHTED ROAD,REAR END,ONE-WAY,TRAFFIC SIGNAL,IMPROPER OVERTAKING/PASSING,FAILING TO REDUCE SPEED,0,0,0,0,1,6,5,557,DIVISION ST,41.765937,-87.786559,05/18/2018 02:44:00 AM,2018
CR00033452,07/31/2023 03:52:00 PM,25,RAIN,DAYLIGHT,PARKED MOTOR VEHICLE,FOUR WAY,TRAFFIC SIGNAL,FOLLOWING TOO CLOSELY,NOT APPLICABLE,0,0,0,0,15,2,7,2053,ELSTON AVE,41.757026,-87.575511,07/31/2023 04:28:00 PM,2023
CR00033453,03/22/2019 05:33:00 PM,30,RAIN,DAWN,PEDESTRIAN,DIVIDED - W/MEDIAN (NOT RAISED),NO CONTROLS,DRIVING SKILLS/KNOWLEDGE/EXPERIENCE,IMPROPER OVERTAKING/PASSING,0,0,0,0,17,6,3,579,ROOSEVELT RD,41.886693,-87.558671,03/22/2019 06:00:00 PM,2019
CR00033454,04/26/2017 04:25:00 PM,15,CLEAR,DAYLIGHT,REAR END,DIVIDED - W/MEDIAN BARRIER,NO CONTROLS,FAILING TO REDUCE SPEED,FAILING TO YIELD RIGHT-OF-WAY,0,0,0,0,16,4,4,1409,WESTERN AVE,41.957007,-87.628993,04/26/2017 04:51:00 PM,2017
CR00033455,07/14/2022 04:18:00 PM,45,CLOUDY/OVERCAST,DAYLIGHT,SIDESWIPE SAME DIRECTION,DIVIDED - W/MEDIAN (NOT RAISED),NO CONTROLS,UNABLE TO DETERMINE,FAILING TO YIELD RIGHT-OF-WAY,0,0,0,0,16,5,7,1982,47TH ST,41.912962,-87.811074,07/14/2022 04:23:00 PM,2022
CR00033456,12/02/2020 09:55:00 AM,30,CLEAR,DARKNESS - LIGHTED ROAD,REAR END,NOT DIVIDED,UNKNOWN,DISTRACTION - FROM INSIDE VEHICLE,UNABLE TO DETERMINE,0,0,0,0,9,4,12,2434,ASHLAND AVE,41.718232,-87.673721,12/02/2020 11:32:00 AM,2020
CR00033457,03/16/2022 01:01:00 AM,15,CLOUDY/OVERCAST,DARKNESS - LIGHTED ROAD,PARKED MOTOR VEHICLE,DIVIDED - W/MEDIAN (NOT RAISED),NO CONTROLS,DISTRACTION - FROM INSIDE VEHICLE,IMPROPER LANE USAGE,0,0,0,0,1,4,3,384,STATE ST,41.792704,-87.536188,03/16/2022 01:19:00 AM,2022
CR00033458,05/08/2022 07:26:00 PM,30,CLEAR,DAYLIGHT,FIXED OBJECT,NOT DIVIDED,UNKNOWN,DRIVING SKILLS/KNOWLEDGE/EXPERIENCE,IMPROPER LANE USAGE,0,0,0,0,19,1,5,304,STATE ST,41.837272,-87.51495,05/08/2022 07:59:00 PM,2022
CR00033459,03/19/2016 01:52:00 PM,30,CLEAR,DAYLIGHT,TURNING,NOT DIVIDED,TRAFFIC SIGNAL,UNABLE TO DETERMINE,NOT APPLICABLE,0,0,1,1,13,7,3,1333,MILWAUKEE AVE,41.834251,-87.501785,03/19/2016 02:39:00 PM,2016
CR00033460,10/15/2019 06:24:00 AM,35,CLOUDY/OVERCAST,DARKNESS,ANGLE,NOT DIVIDED,TRAFFIC SIGNAL,FAILING TO REDUCE SPEED,UNABLE TO DETERMINE,0,0,0,0,6,3,10,1556,CICERO AVE,41.740651,-87.544152,10/15/2019 07:11:00 AM,2019
CR00033461,07/17/2023 06:54:00 AM,40,CLEAR,DAYLIGHT,REAR TO FRONT,NOT DIVIDED,TRAFFIC SIGNAL,UNABLE TO DETERMINE,IMPROPER LANE USAGE,0,0,0,0,6,2,7,613,PULASKI RD,41.8248,-87.836069,07/17/2023 07:00:00 AM,2023
CR00033462,10/22/2024 11:50:00 AM,30,CLEAR,DARKNESS - LIGHTED ROAD,TURNING,NOT DIVIDED,STOP SIGN/FLASHER,FAILING TO YIELD RIGHT-OF-WAY,IMPROPER OVERTAKING/PASSING,0,0,0,0,11,3,10,648,MILWAUKEE AVE,41.868168,-87.526594,10/22/2024 12:01:00 PM,2024
CR00033463,12/01/2022 06:42:00 PM,40,CLEAR,DAYLIGHT,REAR END,T-INTERSECTION,NO CONTROLS,IMPROPER OVERTAKING/PASSING,UNABLE TO DETERMINE,0,0,0,0,18,5,12,1345,DIVISION ST,41.717568,-87.737196,12/01/2022 07:10:00 PM,2022
CR00033464,07/07/2024 11:40:00 AM,30,RAIN,DARKNESS - LIGHTED ROAD,SIDESWIPE SAME DIRECTION,NOT DIVIDED,TRAFFIC SIGNAL,FOLLOWING TOO CLOSELY,DISTRACTION - FROM INSIDE VEHICLE,0,0,0,0,11,1,7,177,CLARK ST,41.78538,-87.546052,07/07/2024 12:49:00 PM,2024
CR00033465,11/12/2019 06:16:00 PM,20,RAIN,DARKNESS,ANGLE,FOUR WAY,NO CONTROLS,FOLLOWING TOO CLOSELY,IMPROPER LANE USAGE,0,0,0,0,18,3,11,376,OGDEN AVE,41.874816,-87.743755,11/12/2019 07:00:00 PM,2019
CR00033466,08/08/2024 02:35:00 PM,25,CLEAR,DAYLIGHT,REAR END,NOT DIVIDED,NO CONTROLS,DISTRACTION - FROM INSIDE VEHICLE,FAILING TO REDUCE SPEED,0,0,0,0,14,5,8,1057,MICHIGAN AVE,41.84792,-87.59979,08/08/2024 04:11:00 PM,2024
CR00033467,07/22/2017 11:28:00 PM,20,FREEZING RAIN/DRIZZLE,DAYLIGHT,SIDESWIPE SAME DIRECTION,DIVIDED - W/MEDIAN (NOT RAISED),NO CONTROLS,IMPROPER OVERTAKING/PASSING,DISREGARDING TRAFFIC SIGNALS,0,0,0,0,23,7,7,1526,STONY ISLAND AVE,41.907882,-87.557957,07/22/2017 11:34:00 PM,2017
CR00033468,08/14/2018 01:57:00 PM,30,CLEAR,DARKNESS - LIGHTED ROAD,REAR TO FRONT,FOUR WAY,NO CONTROLS,UNABLE TO DETERMINE,UNABLE TO DETERMINE,0,0,2,2,13,3,8,2524,PULASKI RD,41.793329,-87.676715,08/14/2018 03:06:00 PM,2018
CR00033469,03/07/2016 03:13:00 PM,35,RAIN,DAYLIGHT,SIDESWIPE SAME DIRECTION,DIVIDED - W/MEDIAN BARRIER,STOP SIGN/FLASHER,IMPROPER OVERTAKING/PASSING,UNABLE TO DETERMINE,0,0,0,0,15,2,3,1565,ASHLAND AVE,41.839163,-87.600497,03/07/2016 03:27:00 PM,2016
CR00033470,08/18/2022 09:42:00 AM,30,RAIN,DAYLIGHT,TURNING,ONE-WAY,NO CONTROLS,UNABLE TO DETERMINE,DISTRACTION - FROM INSIDE VEHICLE,0,0,0,0,9,5,8,1427,CLARK ST,41.752528,-87.50949,08/18/2022 11:30:00 AM,2022
CR00033471,06/17/2016 09:45:00 PM,20,SNOW,DARKNESS - LIGHTED ROAD,PEDESTRIAN,T-INTERSECTION,STOP SIGN/FLASHER,UNABLE TO DETERMINE,IMPROPER OVERTAKING/PASSING,0,0,0,0,21,6,6,672,CICERO AVE,41.895212,-87.676416,06/17/2016 11:36:00 PM,2016
CR00033472,05/13/2015 12:22:00 PM,35,CLEAR,DAYLIGHT,ANGLE,FOUR WAY,UNKNOWN,DISREGARDING TRAFFIC SIGNALS,UNABLE TO DETERMINE,0,0,0,0,12,4,5,1481,ELSTON AVE,41.909764,-87.620948,05/13/2015 12:44:00 PM,2015
CR00033473,12/06/2020 11:56:00 PM,20,CLEAR,DAYLIGHT,ANGLE,DIVIDED - W/MEDIAN (NOT RAISED),NO CONTROLS,FAILING TO YIELD RIGHT-OF-WAY,WEATHER,0,0,1,1,23,1,12,1016,DAMEN AVE,41.902083,-87.669458,12/07/2020 12:08:00 AM,2020
CR00033474,02/02/2023 09:38:00 PM,45,RAIN,DARKNESS - LIGHTED ROAD,ANGLE,NOT DIVIDED,STOP SIGN/FLASHER,FAILING TO YIELD RIGHT-OF-WAY,FAILING TO REDUCE SPEED,0,0,1,1,21,5,2,2264,OGDEN AVE,41.725195,-87.634064,02/02/2023 11:08:00 PM,2023
CR00033475,08/12/2016 10:28:00 PM,45,CLEAR,DAYLIGHT,REAR TO FRONT,NOT DIVIDED,NO CONTROLS,DISREGARDING TRAFFIC SIGNALS,IMPROPER LANE USAGE,0,0,0,0,22,6,8,2117,HALSTED ST,41.895843,-87.668559,08/12/2016 11:32:00 PM,2016
CR00033476,05/11/2016 11:49:00 AM,30,SNOW,DAYLIGHT,SIDESWIPE SAME DIRECTION,NOT DIVIDED,STOP SIGN/FLASHER,IMPROPER OVERTAKING/PASSING,IMPROPER OVERTAKING/PASSING,0,0,0,0,11,4,5,1752,LAKE SHORE DR,41.769602,-87.842025,05/11/2016 01:20:00 PM,2016
CR00033477,03/02/2024 08:21:00 AM,35,CLEAR,DAYLIGHT,FIXED OBJECT,NOT DIVIDED,UNKNOWN,DISTRACTION - FROM INSIDE VEHICLE,DISREGARDING TRAFFIC SIGNALS,0,0,0,0,8,7,3,2442,MICHIGAN AVE,41.784808,-87.718712,03/02/2024 09:50:00 AM,2024
CR00033478,07/29/2021 06:48:00 PM,30,CLOUDY/OVERCAST,DAYLIGHT,TURNING,NOT DIVIDED,UNKNOWN,FAILING TO YIELD RIGHT-OF-WAY,UNABLE TO DETERMINE,0,0,0,0,18,5,7,2145,ARCHER AVE,41.766899,-87.793579,07/29/2021 07:06:00 PM,2021
CR00033479,12/18/2023 04:36:00 AM,30,CLEAR,DAYLIGHT,REAR END,ONE-WAY,NO CONTROLS,WEATHER,FAILING TO YIELD RIGHT-OF-WAY,0,0,0,0,4,2,12,780,79TH ST,41.964396,-87.671761,12/18/2023 05:52:00 AM,2023
CR00033480,09/05/2020 05:53:00 PM,30,CLEAR,DAYLIGHT,REAR END,ONE-WAY,TRAFFIC SIGNAL,DRIVING SKILLS/KNOWLEDGE/EXPERIENCE,NOT APPLICABLE,0,0,1,1,17,7,9,2266,CLARK ST,41.773911,-87.79594,09/05/2020 06:13:00 PM,2020
CR00033481,12/14/2019 04:26:00 PM,40,CLEAR,DAYLIGHT,ANGLE,ONE-WAY,UNKNOWN,DISREGARDING TRAFFIC SIGNALS,IMPROPER OVERTAKING/PASSING,0,0,0,0,16,7,12,2228,MILWAUKEE AVE,41.920482,-87.840707,12/14/2019 05:41:00 PM,2019
CR00033482,07/10/2017 03:09:00 PM,15,RAIN,DAYLIGHT,REAR END,DIVIDED - W/MEDIAN (NOT RAISED),TRAFFIC SIGNAL,FOLLOWING TOO CLOSELY,FOLLOWING TOO CLOSELY,0,0,0,0,15,2,7,1813,PULASKI RD,41.82637,-87.738205,07/10/2017 04:01:00 PM,2017
CR00033483,08/22/2024 02:25:00 PM,30,CLEAR,DAYLIGHT,REAR END,NOT DIVIDED,STOP SIGN/FLASHER,IMPROPER LANE USAGE,FAILING TO YIELD RIGHT-OF-WAY,0,0,0,0,14,5,8,143,DIVISION ST,41.85601,-87.827101,08/22/2024 03:20:00 PM,2024
CR00033484,08/18/2016 06:46:00 PM,30,CLEAR,DAYLIGHT,REAR END,ONE-WAY,STOP SIGN/FLASHER,FOLLOWING TOO CLOSELY,DRIVING SKILLS/KNOWLEDGE/EXPERIENCE,0,0,0,0,18,5,8,2123,KEDZIE AVE,41.948575,-87.743913,08/18/2016 07:06:00 PM,2016
CR00033485,05/02/2022 02:16:00 AM,25,CLEAR,DARKNESS - LIGHTED ROAD,SIDESWIPE SAME DIRECTION,DIVIDED - W/MEDIAN (NOT RAISED),STOP SIGN/FLASHER,FAILING TO YIELD RIGHT-OF-WAY,UNABLE TO DETERMINE,0,1,0,1,2,2,5,442,ASHLAND AVE,41.806625,-87.737871,05/02/2022 03:59:00 AM,2022
CR00033486,11/22/2024 10:07:00 PM,45,CLEAR,DAYLIGHT,FIXED OBJECT,NOT DIVIDED,TRAFFIC SIGNAL,UNABLE TO DETERMINE,IMPROPER OVERTAKING/PASSING,0,0,0,0,22,6,11,655,BROADWAY,41.716722,-87.743166,11/22/2024 11:37:00 PM,2024
CR00033487,07/11/2019 03:31:00 AM,30,CLEAR,DAYLIGHT,ANGLE,T-INTERSECTION,STOP SIGN/FLASHER,UNABLE TO DETERMINE,UNABLE TO DETERMINE,0,0,0,0,3,5,7,2106,PULASKI RD,41.995539,-87.501876,07/11/2019 05:20:00 AM,2019
CR00033488,08/04/2019 12:23:00 PM,30,SNOW,DAYLIGHT,TURNING,NOT DIVIDED,NO CONTROLS,FOLLOWING TOO CLOSELY,WEATHER,0,0,0,0,12,1,8,621,ARCHER AVE,41.85193,-87.648185,08/04/2019 01:16:00 PM,2019
CR00033489,01/15/2017 03:15:00 AM,40,SNOW,DAWN,ANGLE,DIVIDED - W/MEDIAN (NOT RAISED),NO CONTROLS,UNABLE TO DETERMINE,UNABLE TO DETERMINE,0,0,0,0,3,1,1,2243,STONY ISLAND AVE,41.743302,-87.642579,01/15/2017 04:14:00 AM,2017