CRASH_RECORD_ID,CRASH_DATE,POSTED_SPEED_LIMIT,WEATHER_CONDITION,LIGHTING_CONDITION,FIRST_CRASH_TYPE,TRAFFICWAY_TYPE,TRAFFIC_CONTROL_DEVICE,PRIM_CONTRIBUTORY_CAUSE,SEC_CONTRIBUTORY_CAUSE,INJURIES_FATAL,INJURIES_INCAPACITATING,INJURIES_NON_INCAPACITATING,INJURIES_TOTAL,CRASH_HOUR,CRASH_DAY_OF_WEEK,CRASH_MONTH,BEAT_OF_OCCURRENCE,STREET_NAME,LATITUDE,LONGITUDE,DATE_POLICE_NOTIFIED,year
CR00033490,11/24/2018 05:06:00 AM,40,RAIN,DAYLIGHT,REAR END,NOT DIVIDED,TRAFFIC SIGNAL,FAILING TO YIELD RIGHT-OF-WAY,UNABLE TO DETERMINE,0,0,0,0,5,7,11,2428,MILWAUKEE AVE,41.829116,-87.576682,11/24/2018 07:03:00 AM,2018
CR00033491,02/12/2017 08:13:00 AM,35,CLEAR,DAYLIGHT,PEDESTRIAN,DIVIDED - W/MEDIAN (NOT RAISED),STOP SIGN/FLASHER,UNABLE TO DETERMINE,DISREGARDING TRAFFIC SIGNALS,0,0,0,0,8,1,2,1785,47TH ST,41.774859,-87.674143,02/12/2017 10:05:00 AM,2017
CR00033492,05/18/2020 05:11:00 PM,35,CLEAR,DAYLIGHT,REAR END,DIVIDED - W/MEDIAN (NOT RAISED),TRAFFIC SIGNAL,UNABLE TO DETERMINE,IMPROPER OVERTAKING/PASSING,0,0,0,0,17,2,5,2466,DIVISION ST,41.733799,-87.582649,05/18/2020 05:12:00 PM,2020
CR00033493,02/06/2022 02:30:00 AM,35,CLEAR,DAYLIGHT,PEDESTRIAN,NOT DIVIDED,STOP SIGN/FLASHER,DISREGARDING TRAFFIC SIGNALS,NOT APPLICABLE,0,0,0,0,2,1,2,537,FULLERTON AVE,41.922055,-87.565754,02/06/2022 03:29:00 AM,2022
CR00033494,07/31/2020 10:20:00 AM,15,CLEAR,DARKNESS - LIGHTED ROAD,REAR END,DIVIDED - W/MEDIAN BARRIER,TRAFFIC SIGNAL,UNABLE TO DETERMINE,UNABLE TO DETERMINE,0,0,1,1,10,6,7,659,OGDEN AVE,41.744736,-87.612322,07/31/2020 10:57:00 AM,2020
CR00033495,10/31/2018 08:03:00 AM,20,CLEAR,DAYLIGHT,TURNING,NOT DIVIDED,TRAFFIC SIGNAL,DISTRACTION - FROM INSIDE VEHICLE,UNABLE TO DETERMINE,0,0,0,0,8,4,10,1563,63RD ST,41.958142,-87.602914,10/31/2018 09:40:00 AM,2018
CR00033496,10/27/2018 03:19:00 PM,35,FOG/SMOKE/HAZE,DAYLIGHT,TURNING,NOT DIVIDED,NO CONTROLS,FOLLOWING TOO CLOSELY,IMPROPER LANE USAGE,0,0,0,0,15,7,10,1391,HALSTED ST,41.727562,-87.720793,10/27/2018 03:25:00 PM,2018
CR00033497,03/01/2022 03:57:00 AM,20,CLEAR,DAYLIGHT,TURNING,ONE-WAY,UNKNOWN,IMPROPER LANE USAGE,DISTRACTION - FROM INSIDE VEHICLE,0,0,0,0,3,3,3,130,IRVING PARK RD,41.721127,-87.550075,03/01/2022 04:17:00 AM,2022
CR00033498,03/02/2023 10:17:00 PM,35,SNOW,DARKNESS,PARKED MOTOR VEHICLE,NOT DIVIDED,PEDESTRIAN CROSSING SIGN,FOLLOWING TOO CLOSELY,FOLLOWING TOO CLOSELY,0,0,0,0,22,5,3,2293,DAMEN AVE,41.76835,-87.705814,03/03/2023 12:06:00 AM,2023
CR00033499,05/21/2018 11:51:00 PM,30,CLEAR,DAYLIGHT,TURNING,NOT DIVIDED,TRAFFIC SIGNAL,UNABLE TO DETERMINE,DRIVING SKILLS/KNOWLEDGE/EXPERIENCE,0,0,1,1,23,2,5,1170,CLARK ST,41.755992,-87.76639,05/22/2018 01:40:00 AM,2018
CR00033500,12/25/2024 09:48:00 AM,45,CLEAR,DAYLIGHT,REAR END,NOT DIVIDED,NO CONTROLS,UNABLE TO DETERMINE,UNABLE TO DETERMINE,0,0,0,0,9,4,12,2356,ASHLAND AVE,41.705346,-87.525749,12/25/2024 10:27:00 AM,2024
CR00033501,06/09/2019 11:39:00 AM,40,FREEZING RAIN/DRIZZLE,DARKNESS - LIGHTED ROAD,REAR END,ONE-WAY,TRAFFIC SIGNAL,DRIVING SKILLS/KNOWLEDGE/EXPERIENCE,NOT APPLICABLE,0,0,0,0,11,1,6,1761,CALIFORNIA AVE,41.794785,-87.834462,06/09/2019 12:36:00 PM,2019
CR00033502,02/01/2024 07:52:00 AM,30,CLEAR,DAYLIGHT,PEDESTRIAN,DIVIDED - W/MEDIAN (NOT RAISED),TRAFFIC SIGNAL,UNABLE TO DETERMINE,NOT APPLICABLE,0,0,0,0,7,5,2,2115,PULASKI RD,41.936563,-87.781214,02/01/2024 09:04:00 AM,2024
CR00033503,04/02/2015 10:46:00 AM,15,CLEAR,DAYLIGHT,TURNING,ONE-WAY,NO CONTROLS,FOLLOWING TOO CLOSELY,UNABLE TO DETERMINE,0,0,0,0,10,5,4,353,CICERO AVE,41.961287,-87.706223,04/02/2015 11:24:00 AM,2015
CR00033504,06/24/2020 07:35:00 PM,45,CLEAR,DAYLIGHT,TURNING,NOT DIVIDED,UNKNOWN,FAILING TO YIELD RIGHT-OF-WAY,IMPROPER OVERTAKING/PASSING,0,0,0,0,19,4,6,2277,63RD ST,41.832987,-87.546185,06/24/2020 09:18:00 PM,2020
CR00033505,01/11/2022 09:15:00 AM,15,CLEAR,DUSK,SIDESWIPE SAME DIRECTION,DIVIDED - W/MEDIAN BARRIER,STOP SIGN/FLASHER,UNABLE TO DETERMINE,UNABLE TO DETERMINE,0,0,0,0,9,3,1,776,ELSTON AVE,41.709775,-87.559404,01/11/2022 09:49:00 AM,2022
CR00033506,02/24/2022 10:30:00 AM,35,CLEAR,DAYLIGHT,SIDESWIPE SAME DIRECTION,NOT DIVIDED,TRAFFIC SIGNAL,UNABLE TO DETERMINE,FAILING TO YIELD RIGHT-OF-WAY,0,0,0,0,10,5,2,1045,FULLERTON AVE,41.799738,-87.840883,02/24/2022 12:14:00 PM,2022
CR00033507,08/27/2019 08:38:00 AM,40,CLEAR,DAYLIGHT,REAR END,NOT DIVIDED,TRAFFIC SIGNAL,UNABLE TO DETERMINE,FOLLOWING TOO CLOSELY,0,0,1,1,8,3,8,341,STONY ISLAND AVE,41.78507,-87.6637,08/27/2019 09:06:00 AM,2019
CR00033508,03/22/2020 08:56:00 AM,15,CLEAR,DAYLIGHT,ANGLE,FOUR WAY,NO CONTROLS,UNABLE TO DETERMINE,NOT APPLICABLE,0,0,0,0,8,1,3,1415,ELSTON AVE,41.97952,-87.787889,03/22/2020 09:53:00 AM,2020
CR00033509,03/28/2018 01:21:00 AM,35,RAIN,DAYLIGHT,REAR END,T-INTERSECTION,NO CONTROLS,FOLLOWING TOO CLOSELY,UNABLE TO DETERMINE,0,0,0,0,1,4,3,1885,ELSTON AVE,41.860452,-87.729437,03/28/2018 01:58:00 AM,2018
CR00033510,07/17/2017 07:03:00 PM,15,CLEAR,DARKNESS - LIGHTED ROAD,TURNING,NOT DIVIDED,TRAFFIC SIGNAL,FOLLOWING TOO CLOSELY,IMPROPER LANE USAGE,0,0,0,0,19,2,7,2526,MICHIGAN AVE,41.970148,-87.7155,07/17/2017 07:18:00 PM,2017
CR00033511,03/06/2023 12:25:00 PM,25,FREEZING RAIN/DRIZZLE,DAYLIGHT,ANGLE,DIVIDED - W/MEDIAN BARRIER,TRAFFIC SIGNAL,IMPROPER OVERTAKING/PASSING,FAILING TO YIELD RIGHT-OF-WAY,0,0,0,0,12,2,3,786,OGDEN AVE,41.846853,-87.561625,03/06/2023 01:36:00 PM,2023
CR00033512,10/01/2021 08:13:00 AM,30,RAIN,DARKNESS - LIGHTED ROAD,TURNING,DIVIDED - W/MEDIAN BARRIER,TRAFFIC SIGNAL,FAILING TO REDUCE SPEED,FAILING TO REDUCE SPEED,0,1,2,3,8,6,10,564,FULLERTON AVE,41.824924,-87.605275,10/01/2021 08:55:00 AM,2021
CR00033513,10/01/2016 06:43:00 PM,30,CLEAR,DARKNESS,TURNING,DIVIDED - W/MEDIAN (NOT RAISED),TRAFFIC SIGNAL,IMPROPER OVERTAKING/PASSING,UNABLE TO DETERMINE,0,0,0,0,18,7,10,378,47TH ST,41.779216,-87.807214,10/01/2016 07:27:00 PM,2016
CR00033514,07/19/2021 04:28:00 PM,40,SNOW,DAYLIGHT,REAR END,DIVIDED - W/MEDIAN (NOT RAISED),STOP SIGN/FLASHER,IMPROPER LANE USAGE,UNABLE TO DETERMINE,0,0,0,0,16,2,7,485,BROADWAY,41.968431,-87.84861,07/19/2021 06:28:00 PM,2021
CR00033515,01/25/2024 07:25:00 AM,15,CLEAR,DAYLIGHT,PARKED MOTOR VEHICLE,FOUR WAY,STOP SIGN/FLASHER,IMPROPER LANE USAGE,UNABLE TO DETERMINE,0,0,0,0,7,5,1,375,63RD ST,41.923105,-87.530836,01/25/2024 08:28:00 AM,2024
CR00033516,10/29/2018 11:03:00 AM,35,CLEAR,DAYLIGHT,REAR END,NOT DIVIDED,TRAFFIC SIGNAL,UNABLE TO DETERMINE,FOLLOWING TOO CLOSELY,0,0,0,0,11,2,10,1848,STONY ISLAND AVE,41.949233,-87.685824,10/29/2018 12:27:00 PM,2018
CR00033517,09/29/2019 05:10:00 PM,30,CLEAR,DAYLIGHT,TURNING,FOUR WAY,YIELD,FOLLOWING TOO CLOSELY,DISREGARDING TRAFFIC SIGNALS,0,0,0,0,17,1,9,1396,ELSTON AVE,41.718259,-87.762336,09/29/2019 06:19:00 PM,2019
CR00033518,08/17/2020 06:32:00 AM,20,CLEAR,DAYLIGHT,FIXED OBJECT,DIVIDED - W/MEDIAN (NOT RAISED),TRAFFIC SIGNAL,FAILING TO YIELD RIGHT-OF-WAY,UNABLE TO DETERMINE,0,0,0,0,6,2,8,270,CALIFORNIA AVE,41.755979,-87.724336,08/17/2020 08:30:00 AM,2020
CR00033519,07/13/2024 03:31:00 PM,15,FREEZING RAIN/DRIZZLE,DUSK,TURNING,NOT DIVIDED,STOP SIGN/FLASHER,DRIVING SKILLS/KNOWLEDGE/EXPERIENCE,UNABLE TO DETERMINE,0,0,0,0,15,7,7,1376,OGDEN AVE,41.951786,-87.710065,07/13/2024 03:51:00 PM,2024
CR00033520,07/31/2024 10:40:00 AM,45,RAIN,DAYLIGHT,REAR END,FOUR WAY,NO CONTROLS,FAILING TO REDUCE SPEED,FAILING TO REDUCE SPEED,0,0,0,0,10,4,7,738,KEDZIE AVE,41.791932,-87.642811,07/31/2024 11:43:00 AM,2024
CR00033521,11/24/2016 10:59:00 PM,35,CLEAR,DAYLIGHT,ANGLE,NOT DIVIDED,TRAFFIC SIGNAL,FAILING TO YIELD RIGHT-OF-WAY,UNABLE TO DETERMINE,0,0,2,2,22,5,11,2328,BROADWAY,41.890449,-87.669294,11/25/2016 12:16:00 AM,2016
CR00033522,02/08/2018 02:28:00 PM,35,CLEAR,DAYLIGHT,REAR TO FRONT,FOUR WAY,STOP SIGN/FLASHER,UNABLE TO DETERMINE,NOT APPLICABLE,0,1,2,3,14,5,2,855,ASHLAND AVE,41.873598,-87.798628,02/08/2018 04:07:00 PM,2018
CR00033523,05/17/2018 01:43:00 PM,30,CLEAR,DARKNESS - LIGHTED ROAD,TURNING,DIVIDED - W/MEDIAN (NOT RAISED),NO CONTROLS,UNABLE TO DETERMINE,FAILING TO REDUCE SPEED,0,0,0,0,13,5,5,1815,CICERO AVE,41.906692,-87.817883,05/17/2018 03:01:00 PM,2018
CR00033524,08/16/2018 07:13:00 AM,30,CLEAR,DAYLIGHT,PARKED MOTOR VEHICLE,DIVIDED - W/MEDIAN (NOT RAISED),STOP SIGN/FLASHER,UNABLE TO DETERMINE,NOT APPLICABLE,0,2,1,3,7,5,8,1336,KEDZIE AVE,41.931514,-87.757029,08/16/2018 08:06:00 AM,2018
CR00033525,09/14/2021 06:55:00 AM,15,CLEAR,DAYLIGHT,TURNING,ONE-WAY,UNKNOWN,WEATHER,IMPROPER OVERTAKING/PASSING,0,0,0,0,6,3,9,217,WESTERN AVE,41.725265,-87.813692,09/14/2021 08:08:00 AM,2021
CR00033526,12/24/2016 12:03:00 PM,35,CLEAR,DAYLIGHT,REAR END,DIVIDED - W/MEDIAN (NOT RAISED),NO CONTROLS,UNABLE TO DETERMINE,UNABLE TO DETERMINE,0,0,0,0,12,7,12,2307,DAMEN AVE,41.933284,-87.752584,12/24/2016 12:17:00 PM,2016
CR00033527,02/15/2017 03:32:00 PM,30,SNOW,DAYLIGHT,REAR END,DIVIDED - W/MEDIAN (NOT RAISED),NO CONTROLS,IMPROPER LANE USAGE,FAILING TO YIELD RIGHT-OF-WAY,0,0,0,0,15,4,2,2268,WESTERN AVE,41.936637,-87.830375,02/15/2017 03:54:00 PM,2017
CR00033528,08/06/2022 02:19:00 AM,20,CLEAR,DAYLIGHT,REAR END,NOT DIVIDED,NO CONTROLS,DRIVING SKILLS/KNOWLEDGE/EXPERIENCE,NOT APPLICABLE,0,0,0,0,2,7,8,1409,BROADWAY,41.963142,-87.668735,08/06/2022 02:35:00 AM,2022
CR00033529,02/13/2016 09:27:00 AM,35,RAIN,DAYLIGHT,REAR END,NOT DIVIDED,STOP SIGN/FLASHER,FAILING TO REDUCE SPEED,FOLLOWING TOO CLOSELY,0,0,0,0,9,7,2,1849,IRVING PARK RD,41.840672,-87.670112,02/13/2016 11:11:00 AM,2016
CR00033530,09/24/2021 08:48:00 AM,30,CLEAR,DAYLIGHT,REAR END,ONE-WAY,UNKNOWN,UNABLE TO DETERMINE,NOT APPLICABLE,0,0,0,0,8,6,9,408,WESTERN AVE,41.702669,-87.541977,09/24/2021 10:17:00 AM,2021
CR00033531,11/09/2018 05:17:00 PM,30,RAIN,DAYLIGHT,REAR TO FRONT,NOT DIVIDED,NO CONTROLS,UNABLE TO DETERMINE,DISREGARDING TRAFFIC SIGNALS,0,0,0,0,17,6,11,402,PULASKI RD,41.842949,-87.570291,11/09/2018 06:13:00 PM,2018
CR00033532,02/09/2023 07:08:00 PM,30,SNOW,DAYLIGHT,TURNING,FOUR WAY,NO CONTROLS,FAILING TO YIELD RIGHT-OF-WAY,DISTRACTION - FROM INSIDE VEHICLE,0,0,0,0,19,5,2,1971,ASHLAND AVE,41.858426,-87.559806,02/09/2023 08:08:00 PM,2023
CR00033533,07/01/2016 01:47:00 PM,40,CLEAR,DAYLIGHT,TURNING,DIVIDED - W/MEDIAN (NOT RAISED),TRAFFIC SIGNAL,IMPROPER OVERTAKING/PASSING,NOT APPLICABLE,0,0,0,0,13,6,7,2398,LAKE SHORE DR,41.733143,-87.665718,07/01/2016 02:31:00 PM,2016
CR00033534,12/31/2023 02:09:00 PM,45,CLEAR,DARKNESS - LIGHTED ROAD,SIDESWIPE SAME DIRECTION,DIVIDED - W/MEDIAN (NOT RAISED),YIELD,UNABLE TO DETERMINE,UNABLE TO DETERMINE,0,0,1,1,14,1,12,1784,MILWAUKEE AVE,41.790807,-87.818471,12/31/2023 03:00:00 PM,2023
CR00033535,06/28/2021 06:33:00 PM,15,CLEAR,DARKNESS,PARKED MOTOR VEHICLE,NOT DIVIDED,NO CONTROLS,UNABLE TO DETERMINE,NOT APPLICABLE,0,0,0,0,18,2,6,327,MILWAUKEE AVE,41.947417,-87.765891,06/28/2021 07:15:00 PM,2021
CR00033536,12/04/2018 02:27:00 AM,15,CLEAR,DAYLIGHT,REAR END,DIVIDED - W/MEDIAN BARRIER,YIELD,IMPROPER LANE USAGE,UNABLE TO DETERMINE,0,0,0,0,2,3,12,1051,PULASKI RD,41.963085,-87.775334,12/04/2018 03:19:00 AM,2018
CR00033537,01/26/2016 07:27:00 AM,25,CLOUDY/OVERCAST,DAYLIGHT,TURNING,FOUR WAY,STOP SIGN/FLASHER,IMPROPER OVERTAKING/PASSING,FAILING TO YIELD RIGHT-OF-WAY,0,0,0,0,7,3,1,998,IRVING PARK RD,41.807463,-87.650936,01/26/2016 09:19:00 AM,2016
CR00033538,12/04/2023 05:36:00 PM,40,CLEAR,DAYLIGHT,ANGLE,ONE-WAY,UNKNOWN,DRIVING SKILLS/KNOWLEDGE/EXPERIENCE,WEATHER,0,0,0,0,17,2,12,2271,CICERO AVE,41.84737,-87.813339,12/04/2023 07:03:00 PM,2023
CR00033539,12/28/2016 04:31:00 AM,20,SNOW,DARKNESS - LIGHTED ROAD,REAR END,DIVIDED - W/MEDIAN BARRIER,STOP SIGN/FLASHER,DRIVING SKILLS/KNOWLEDGE/EXPERIENCE,DRIVING SKILLS/KNOWLEDGE/EXPERIENCE,0,0,0,0,4,4,12,1271,CICERO AVE,41.889281,-87.550795,12/28/2016 06:03:00 AM,2016
CR00033540,09/20/2024 07:36:00 AM,30,CLOUDY/OVERCAST,DARKNESS - LIGHTED ROAD,SIDESWIPE SAME DIRECTION,DIVIDED - W/MEDIAN (NOT RAISED),NO CONTROLS,FAILING TO REDUCE SPEED,DRIVING SKILLS/KNOWLEDGE/EXPERIENCE,0,0,0,0,7,6,9,355,CALIFORNIA AVE,41.779754,-87.664317,09/20/2024 07:54:00 AM,2024
CR00033541,09/16/2017 07:33:00 AM,30,FREEZING RAIN/DRIZZLE,DAYLIGHT,ANGLE,NOT DIVIDED,STOP SIGN/FLASHER,UNABLE TO DETERMINE,IMPROPER LANE USAGE,0,0,0,0,7,7,9,723,IRVING PARK RD,41.778071,-87.632555,09/16/2017 08:10:00 AM,2017
CR00033542,02/03/2024 11:12:00 AM,40,SNOW,DAYLIGHT,SIDESWIPE SAME DIRECTION,FOUR WAY,UNKNOWN,FAILING TO YIELD RIGHT-OF-WAY,UNABLE TO DETERMINE,0,0,1,1,11,7,2,1858,HALSTED ST,41.75441,-87.61126,02/03/2024 12:49:00 PM,2024
CR00033543,08/06/2020 06:08:00 PM,15,CLEAR,DAYLIGHT,TURNING,NOT DIVIDED,TRAFFIC SIGNAL,DISTRACTION - FROM INSIDE VEHICLE,UNABLE TO DETERMINE,0,0,0,0,18,5,8,2517,STATE ST,41.768838,-87.543928,08/06/2020 06:42:00 PM,2020
CR00033544,01/08/2020 06:19:00 AM,15,CLEAR,DAYLIGHT,SIDESWIPE SAME DIRECTION,DIVIDED - W/MEDIAN BARRIER,TRAFFIC SIGNAL,IMPROPER LANE USAGE,DRIVING SKILLS/KNOWLEDGE/EXPERIENCE,0,0,1,1,6,4,1,1771,KEDZIE AVE,41.889285,-87.819918,01/08/2020 06:25:00 AM,2020
CR00033545,10/06/2015 09:24:00 PM,45,CLEAR,DAYLIGHT,SIDESWIPE SAME DIRECTION,DIVIDED - W/MEDIAN BARRIER,TRAFFIC SIGNAL,UNABLE TO DETERMINE,IMPROPER LANE USAGE,0,0,0,0,21,3,10,671,FULLERTON AVE,41.812446,-87.524515,10/06/2015 10:16:00 PM,2015
CR00033546,04/21/2023 12:26:00 AM,45,SNOW,DARKNESS - LIGHTED ROAD,TURNING,NOT DIVIDED,NO CONTROLS,UNABLE TO DETERMINE,UNABLE TO DETERMINE,0,0,0,0,0,6,4,2321,CALIFORNIA AVE,41.879917,-87.503731,04/21/2023 01:30:00 AM,2023
CR00033547,06/28/2016 07:54:00 AM,30,CLEAR,DARKNESS - LIGHTED ROAD,SIDESWIPE SAME DIRECTION,NOT DIVIDED,STOP SIGN/FLASHER,UNABLE TO DETERMINE,UNABLE TO DETERMINE,0,0,0,0,7,3,6,1778,63RD ST,41.971059,-87.663332,06/28/2016 08:54:00 AM,2016
CR00033548,07/31/2019 12:14:00 PM,40,CLEAR,DAYLIGHT,REAR END,NOT DIVIDED,TRAFFIC SIGNAL,DISREGARDING TRAFFIC SIGNALS,NOT APPLICABLE,0,0,0,0,12,4,7,871,ELSTON AVE,41.932434,-87.516103,07/31/2019 12:59:00 PM,2019
CR00033549,05/03/2018 12:48:00 PM,25,CLEAR,DARKNESS - LIGHTED ROAD,REAR END,NOT DIVIDED,NO CONTROLS,FAILING TO YIELD RIGHT-OF-WAY,FAILING TO YIELD RIGHT-OF-WAY,0,0,1,1,12,5,5,742,MILWAUKEE AVE,41.871464,-87.779381,05/03/2018 01:41:00 PM,2018
CR00033550,03/15/2016 08:28:00 PM,30,CLEAR,DAYLIGHT,TURNING,DIVIDED - W/MEDIAN BARRIER,YIELD,DRIVING SKILLS/KNOWLEDGE/EXPERIENCE,UNABLE TO DETERMINE,0,0,0,0,20,3,3,375,OGDEN AVE,41.734975,-87.549991,03/15/2016 09:09:00 PM,2016
CR00033551,05/18/2023 10:38:00 PM,35,CLEAR,DAYLIGHT,PARKED MOTOR VEHICLE,DIVIDED - W/MEDIAN BARRIER,NO CONTROLS,DISTRACTION - FROM INSIDE VEHICLE,UNABLE TO DETERMINE,0,0,0,0,22,5,5,786,63RD ST,41.765088,-87.606996,05/18/2023 11:50:00 PM,2023
CR00033552,01/13/2021 07:11:00 AM,20,CLEAR,DARKNESS,PARKED MOTOR VEHICLE,T-INTERSECTION,TRAFFIC SIGNAL,FOLLOWING TOO CLOSELY,UNABLE TO DETERMINE,0,0,3,3,7,4,1,1369,IRVING PARK RD,41.993445,-87.620091,01/13/2021 08:09:00 AM,2021
CR00033553,06/26/2016 07:01:00 PM,45,CLEAR,DARKNESS - LIGHTED ROAD,REAR END,DIVIDED - W/MEDIAN (NOT RAISED),UNKNOWN,IMPROPER OVERTAKING/PASSING,UNABLE TO DETERMINE,0,0,0,0,19,1,6,957,CALIFORNIA AVE,41.847628,-87.595647,06/26/2016 08:54:00 PM,2016
CR00033554,01/31/2018 11:15:00 AM,20,CLEAR,DARKNESS,SIDESWIPE SAME DIRECTION,DIVIDED - W/MEDIAN (NOT RAISED),YIELD,UNABLE TO DETERMINE,FAILING TO YIELD RIGHT-OF-WAY,0,0,0,0,11,4,1,2203,47TH ST,41.790023,-87.705824,01/31/2018 12:55:00 PM,2018
CR00033555,09/05/2022 07:05:00 PM,25,CLEAR,DARKNESS - LIGHTED ROAD,REAR END,NOT DIVIDED,NO CONTROLS,IMPROPER LANE USAGE,NOT APPLICABLE,0,0,0,0,19,2,9,2033,ARCHER AVE,41.764504,-87.69786,09/05/2022 08:03:00 PM,2022
CR00033556,10/19/2018 05:38:00 PM,30,CLEAR,DAWN,SIDESWIPE SAME DIRECTION,FOUR WAY,NO CONTROLS,DRIVING SKILLS/KNOWLEDGE/EXPERIENCE,NOT APPLICABLE,0,0,0,0,17,6,10,1737,ELSTON AVE,41.90341,-87.55972,10/19/2018 07:00:00 PM,2018
CR00033557,11/22/2024 02:16:00 PM,25,FREEZING RAIN/DRIZZLE,DAYLIGHT,REAR END,T-INTERSECTION,NO CONTROLS,DRIVING SKILLS/KNOWLEDGE/EXPERIENCE,FAILING TO YIELD RIGHT-OF-WAY,0,0,3,3,14,6,11,1245,STONY ISLAND AVE,41.990478,-87.635118,11/22/2024 02:49:00 PM,2024
CR00033558,02/12/2021 05:10:00 PM,30,RAIN,DAYLIGHT,REAR END,DIVIDED - W/MEDIAN (NOT RAISED),NO CONTROLS,DISTRACTION - FROM INSIDE VEHICLE,IMPROPER LANE USAGE,0,0,1,1,17,6,2,1139,ELSTON AVE,41.763707,-87.754799,02/12/2021 05:31:00 PM,2021
CR00033559,11/25/2020 03:46:00 PM,30,CLEAR,DAYLIGHT,REAR END,ONE-WAY,TRAFFIC SIGNAL,FOLLOWING TOO CLOSELY,IMPROPER OVERTAKING/PASSING,0,0,2,2,15,4,11,504,ARCHER AVE,41.847008,-87.739072,11/25/2020 03:47:00 PM,2020
CR00033560,07/23/2021 06:39:00 PM,40,CLOUDY/OVERCAST,DAYLIGHT,PARKED MOTOR VEHICLE,DIVIDED - W/MEDIAN (NOT RAISED),STOP SIGN/FLASHER,UNABLE TO DETERMINE,DISTRACTION - FROM INSIDE VEHICLE,0,0,0,0,18,6,7,2492,DAMEN AVE,41.757039,-87.829744,07/23/2021 08:10:00 PM,2021
CR00033561,09/15/2023 03:09:00 PM,25,CLEAR,DAYLIGHT,ANGLE,T-INTERSECTION,TRAFFIC SIGNAL,UNABLE TO DETERMINE,UNABLE TO DETERMINE,0,0,0,0,15,6,9,2395,OGDEN AVE,41.717036,-87.695511,09/15/2023 04:17:00 PM,2023
CR00033562,08/19/2024 06:20:00 PM,30,CLOUDY/OVERCAST,DARKNESS - LIGHTED ROAD,PARKED MOTOR VEHICLE,DIVIDED - W/MEDIAN BARRIER,TRAFFIC SIGNAL,FOLLOWING TOO CLOSELY,NOT APPLICABLE,0,0,0,0,18,2,8,1192,CICERO AVE,41.948772,-87.840819,08/19/2024 07:04:00 PM,2024
CR00033563,06/01/2018 12:18:00 PM,30,RAIN,DAYLIGHT,REAR END,T-INTERSECTION,NO CONTROLS,FOLLOWING TOO CLOSELY,FOLLOWING TOO CLOSELY,0,0,0,0,12,6,6,913,STATE ST,41.867849,-87.538316,06/01/2018 01:15:00 PM,2018
CR00033564,06/04/2024 03:06:00 AM,35,CLEAR,DARKNESS - LIGHTED ROAD,REAR END,DIVIDED - W/MEDIAN BARRIER,STOP SIGN/FLASHER,FAILING TO REDUCE SPEED,UNABLE TO DETERMINE,0,0,0,0,3,3,6,2346,MICHIGAN AVE,41.7794,-87.801648,06/04/2024 04:49:00 AM,2024
CR00033565,03/07/2016 10:46:00 PM,40,CLOUDY/OVERCAST,DAYLIGHT,TURNING,DIVIDED - W/MEDIAN (NOT RAISED),NO CONTROLS,UNABLE TO DETERMINE,FAILING TO YIELD RIGHT-OF-WAY,0,0,0,0,22,2,3,1626,CICERO AVE,41.913712,-87.620856,03/07/2016 11:12:00 PM,2016
CR00033566,02/22/2021 06:52:00 PM,30,CLEAR,DAYLIGHT,REAR END,DIVIDED - W/MEDIAN BARRIER,NO CONTROLS,UNABLE TO DETERMINE,FOLLOWING TOO CLOSELY,0,0,0,0,18,2,2,1430,ELSTON AVE,41.792694,-87.729096,02/22/2021 06:54:00 PM,2021
CR00033567,01/02/2017 04:18:00 PM,30,CLEAR,DUSK,SIDESWIPE SAME DIRECTION,ONE-WAY,NO CONTROLS,FOLLOWING TOO CLOSELY,FOLLOWING TOO CLOSELY,0,0,0,0,16,2,1,2324,63RD ST,41.867673,-87.746272,01/02/2017 04:55:00 PM,2017
CR00033568,01/21/2023 01:44:00 PM,45,SNOW,DAYLIGHT,REAR END,NOT DIVIDED,TRAFFIC SIGNAL,IMPROPER LANE USAGE,DISTRACTION - FROM INSIDE VEHICLE,0,0,0,0,13,7,1,1004,DIVISION ST,41.764585,-87.595529,01/21/2023 03:30:00 PM,2023
CR00033569,11/11/2021 08:02:00 AM,30,CLEAR,DAYLIGHT,ANGLE,ONE-WAY,TRAFFIC SIGNAL,FOLLOWING TOO CLOSELY,NOT APPLICABLE,0,0,0,0,8,5,11,612,OGDEN AVE,41.868616,-87.785339,11/11/2021 08:59:00 AM,2021
CR00033570,03/07/2016 03:44:00 PM,30,CLEAR,DARKNESS,REAR END,DIVIDED - W/MEDIAN (NOT RAISED),NO CONTROLS,IMPROPER OVERTAKING/PASSING,FAILING TO YIELD RIGHT-OF-WAY,0,0,1,1,15,2,3,313,DIVISION ST,41.917007,-87.745527,03/07/2016 04:25:00 PM,2016
CR00033571,07/18/2018 07:11:00 PM,15,CLEAR,DAYLIGHT,PARKED MOTOR VEHICLE,NOT DIVIDED,NO CONTROLS,DISTRACTION - FROM INSIDE VEHICLE,IMPROPER OVERTAKING/PASSING,0,0,0,0,19,4,7,1316,DAMEN AVE,41.862759,-87.751855,07/18/2018 09:11:00 PM,2018
CR00033572,10/02/2019 11:30:00 AM,45,CLEAR,DARKNESS - LIGHTED ROAD,REAR TO FRONT,DIVIDED - W/MEDIAN (NOT RAISED),STOP SIGN/FLASHER,FOLLOWING TOO CLOSELY,DISREGARDING TRAFFIC SIGNALS,0,1,3,4,11,4,10,1265,LAKE SHORE DR,41.911196,-87.785621,10/02/2019 01:03:00 PM,2019