CRASH_RECORD_ID,CRASH_DATE,POSTED_SPEED_LIMIT,WEATHER_CONDITION,LIGHTING_CONDITION,FIRST_CRASH_TYPE,TRAFFICWAY_TYPE,TRAFFIC_CONTROL_DEVICE,PRIM_CONTRIBUTORY_CAUSE,SEC_CONTRIBUTORY_CAUSE,INJURIES_FATAL,INJURIES_INCAPACITATING,INJURIES_NON_INCAPACITATING,INJURIES_TOTAL,CRASH_HOUR,CRASH_DAY_OF_WEEK,CRASH_MONTH,BEAT_OF_OCCURRENCE,STREET_NAME,LATITUDE,LONGITUDE,DATE_POLICE_NOTIFIED,year
CR00033573,04/24/2024 02:40:00 PM,15,CLEAR,DARKNESS - LIGHTED ROAD,SIDESWIPE SAME DIRECTION,NOT DIVIDED,YIELD,DRIVING SKILLS/KNOWLEDGE/EXPERIENCE,UNABLE TO DETERMINE,0,0,0,0,14,4,4,2418,OGDEN AVE,41.86936,-87.771202,04/24/2024 02:52:00 PM,2024
CR00033574,07/06/2022 03:46:00 PM,30,CLEAR,DAYLIGHT,TURNING,NOT DIVIDED,NO CONTROLS,UNABLE TO DETERMINE,NOT APPLICABLE,0,0,0,0,15,4,7,1674,KEDZIE AVE,41.858812,-87.526832,07/06/2022 04:34:00 PM,2022
CR00033575,06/08/2024 08:54:00 AM,30,CLEAR,DAYLIGHT,SIDESWIPE SAME DIRECTION,DIVIDED - W/MEDIAN BARRIER,TRAFFIC SIGNAL,IMPROPER LANE USAGE,UNABLE TO DETERMINE,0,0,0,0,8,7,6,879,HALSTED ST,41.985907,-87.596713,06/08/2024 10:43:00 AM,2024
CR00033576,05/30/2023 07:38:00 AM,45,CLEAR,DARKNESS - LIGHTED ROAD,REAR END,DIVIDED - W/MEDIAN BARRIER,NO CONTROLS,IMPROPER OVERTAKING/PASSING,DRIVING SKILLS/KNOWLEDGE/EXPERIENCE,0,0,0,0,7,3,5,1033,ELSTON AVE,41.823684,-87.651317,05/30/2023 07:49:00 AM,2023
CR00033577,06/27/2015 03:25:00 AM,45,CLEAR,DARKNESS - LIGHTED ROAD,PARKED MOTOR VEHICLE,ONE-WAY,TRAFFIC SIGNAL,UNABLE TO DETERMINE,UNABLE TO DETERMINE,0,0,3,3,3,7,6,1155,DIVISION ST,41.825695,-87.843858,06/27/2015 03:51:00 AM,2015
CR00033578,01/05/2024 06:47:00 PM,35,CLEAR,DAYLIGHT,REAR END,DIVIDED - W/MEDIAN (NOT RAISED),NO CONTROLS,FAILING TO YIELD RIGHT-OF-WAY,UNABLE TO DETERMINE,0,0,2,2,18,6,1,354,CLARK ST,41.818172,-87.694725,01/05/2024 08:22:00 PM,2024
CR00033579,09/23/2021 11:16:00 AM,45,CLEAR,DAYLIGHT,REAR END,DIVIDED - W/MEDIAN (NOT RAISED),STOP SIGN/FLASHER,FAILING TO REDUCE SPEED,FOLLOWING TOO CLOSELY,0,0,3,3,11,5,9,1873,LAKE SHORE DR,41.855765,-87.527846,09/23/2021 12:19:00 PM,2021
CR00033580,04/17/2019 03:27:00 PM,45,CLEAR,DAYLIGHT,SIDESWIPE SAME DIRECTION,DIVIDED - W/MEDIAN (NOT RAISED),NO CONTROLS,UNABLE TO DETERMINE,FOLLOWING TOO CLOSELY,0,0,0,0,15,4,4,2249,DIVISION ST,41.94619,-87.727099,04/17/2019 03:50:00 PM,2019
CR00033581,01/30/2022 08:40:00 PM,30,RAIN,DAYLIGHT,ANGLE,NOT DIVIDED,NO CONTROLS,DISTRACTION - FROM INSIDE VEHICLE,FOLLOWING TOO CLOSELY,0,0,0,0,20,1,1,2065,PULASKI RD,41.748111,-87.563185,01/30/2022 09:30:00 PM,2022
CR00033582,01/31/2019 09:49:00 AM,20,CLEAR,DAYLIGHT,REAR END,NOT DIVIDED,TRAFFIC SIGNAL,UNABLE TO DETERMINE,UNABLE TO DETERMINE,0,0,1,1,9,5,1,1373,CLARK ST,41.773864,-87.51713,01/31/2019 10:06:00 AM,2019
CR00033583,05/12/2023 12:26:00 AM,30,CLEAR,DAYLIGHT,TURNING,DIVIDED - W/MEDIAN (NOT RAISED),TRAFFIC SIGNAL,UNABLE TO DETERMINE,NOT APPLICABLE,0,0,0,0,0,6,5,785,MICHIGAN AVE,41.854204,-87.535354,05/12/2023 01:39:00 AM,2023
CR00033584,06/24/2019 03:48:00 AM,35,CLEAR,DAYLIGHT,REAR END,NOT DIVIDED,UNKNOWN,FAILING TO REDUCE SPEED,IMPROPER OVERTAKING/PASSING,0,0,0,0,3,2,6,1481,KEDZIE AVE,41.726829,-87.576784,06/24/2019 05:27:00 AM,2019
CR00033585,06/22/2018 12:11:00 PM,35,CLEAR,DAYLIGHT,REAR END,DIVIDED - W/MEDIAN (NOT RAISED),TRAFFIC SIGNAL,FOLLOWING TOO CLOSELY,FAILING TO YIELD RIGHT-OF-WAY,0,0,0,0,12,6,6,1100,63RD ST,41.785132,-87.84788,06/22/2018 01:11:00 PM,2018
CR00033586,12/26/2017 08:10:00 AM,35,CLEAR,DAYLIGHT,REAR END,DIVIDED - W/MEDIAN (NOT RAISED),NO CONTROLS,UNABLE TO DETERMINE,DRIVING SKILLS/KNOWLEDGE/EXPERIENCE,0,0,0,0,8,3,12,1487,BROADWAY,41.786194,-87.596723,12/26/2017 08:28:00 AM,2017
CR00033587,09/23/2018 04:52:00 PM,15,CLEAR,DARKNESS,SIDESWIPE SAME DIRECTION,T-INTERSECTION,NO CONTROLS,FAILING TO YIELD RIGHT-OF-WAY,DISTRACTION - FROM INSIDE VEHICLE,0,0,0,0,16,1,9,1472,STONY ISLAND AVE,41.976478,-87.692995,09/23/2018 06:15:00 PM,2018
CR00033588,11/21/2019 04:20:00 PM,15,CLEAR,DAYLIGHT,ANGLE,NOT DIVIDED,TRAFFIC SIGNAL,WEATHER,DRIVING SKILLS/KNOWLEDGE/EXPERIENCE,0,0,0,0,16,5,11,1678,DIVISION ST,41.988864,-87.715328,11/21/2019 06:06:00 PM,2019
CR00033589,07/13/2016 07:01:00 AM,15,CLEAR,DARKNESS - LIGHTED ROAD,TURNING,DIVIDED - W/MEDIAN (NOT RAISED),TRAFFIC SIGNAL,FOLLOWING TOO CLOSELY,DISREGARDING TRAFFIC SIGNALS,0,0,1,1,7,4,7,1842,LAKE SHORE DR,41.832856,-87.678955,07/13/2016 08:10:00 AM,2016
CR00033590,09/18/2021 05:45:00 PM,30,CLEAR,DAYLIGHT,REAR END,NOT DIVIDED,TRAFFIC SIGNAL,UNABLE TO DETERMINE,DISREGARDING TRAFFIC SIGNALS,0,0,0,0,17,7,9,581,ELSTON AVE,41.780751,-87.629262,09/18/2021 07:32:00 PM,2021
CR00033591,01/21/2021 06:00:00 PM,25,CLEAR,DAYLIGHT,TURNING,DIVIDED - W/MEDIAN (NOT RAISED),STOP SIGN/FLASHER,UNABLE TO DETERMINE,UNABLE TO DETERMINE,0,0,0,0,18,5,1,2425,STONY ISLAND AVE,41.943524,-87.711179,01/21/2021 07:42:00 PM,2021
CR00033592,04/15/2021 07:04:00 AM,35,CLEAR,DARKNESS - LIGHTED ROAD,TURNING,T-INTERSECTION,NO CONTROLS,FAILING TO YIELD RIGHT-OF-WAY,DISREGARDING TRAFFIC SIGNALS,0,0,0,0,7,5,4,888,STATE ST,41.885765,-87.768795,04/15/2021 07:39:00 AM,2021
CR00033593,05/13/2017 05:44:00 PM,30,CLEAR,DUSK,REAR END,DIVIDED - W/MEDIAN (NOT RAISED),NO CONTROLS,FAILING TO YIELD RIGHT-OF-WAY,NOT APPLICABLE,0,0,1,1,17,7,5,1269,BROADWAY,41.754322,-87.796112,05/13/2017 07:21:00 PM,2017
CR00033594,10/13/2017 04:23:00 AM,40,RAIN,DARKNESS - LIGHTED ROAD,REAR END,NOT DIVIDED,TRAFFIC SIGNAL,DISTRACTION - FROM INSIDE VEHICLE,DISTRACTION - FROM INSIDE VEHICLE,0,0,3,3,4,6,10,2506,63RD ST,41.814651,-87.727817,10/13/2017 05:59:00 AM,2017
CR00033595,02/13/2015 07:17:00 AM,30,CLEAR,DAYLIGHT,ANGLE,NOT DIVIDED,TRAFFIC SIGNAL,IMPROPER OVERTAKING/PASSING,DRIVING SKILLS/KNOWLEDGE/EXPERIENCE,0,0,0,0,7,6,2,2369,HALSTED ST,41.930771,-87.750302,02/13/2015 07:59:00 AM,2015
CR00033596,05/30/2022 11:37:00 AM,45,CLEAR,DARKNESS - LIGHTED ROAD,ANGLE,NOT DIVIDED,NO CONTROLS,DISTRACTION - FROM INSIDE VEHICLE,NOT APPLICABLE,0,0,0,0,11,2,5,1638,63RD ST,41.795174,-87.687935,05/30/2022 01:21:00 PM,2022
CR00033597,07/25/2023 07:06:00 AM,25,CLEAR,DARKNESS - LIGHTED ROAD,SIDESWIPE SAME DIRECTION,ONE-WAY,NO CONTROLS,FOLLOWING TOO CLOSELY,FAILING TO YIELD RIGHT-OF-WAY,0,0,0,0,7,3,7,1465,CLARK ST,41.872951,-87.689896,07/25/2023 07:15:00 AM,2023
CR00033598,10/20/2022 08:40:00 AM,45,CLEAR,DAYLIGHT,TURNING,ONE-WAY,TRAFFIC SIGNAL,IMPROPER OVERTAKING/PASSING,NOT APPLICABLE,0,0,1,1,8,5,10,1097,ASHLAND AVE,41.979446,-87.577888,10/20/2022 09:11:00 AM,2022
CR00033599,01/25/2024 07:36:00 AM,20,CLEAR,DUSK,TURNING,NOT DIVIDED,TRAFFIC SIGNAL,DRIVING SKILLS/KNOWLEDGE/EXPERIENCE,DRIVING SKILLS/KNOWLEDGE/EXPERIENCE,0,0,0,0,7,5,1,1742,ELSTON AVE,41.870892,-87.568207,01/25/2024 09:33:00 AM,2024
CR00033600,03/03/2018 04:02:00 AM,25,CLEAR,DAYLIGHT,REAR END,DIVIDED - W/MEDIAN BARRIER,STOP SIGN/FLASHER,FOLLOWING TOO CLOSELY,FAILING TO REDUCE SPEED,0,0,0,0,4,7,3,2036,63RD ST,41.75463,-87.650815,03/03/2018 05:50:00 AM,2018
CR00033601,09/09/2016 04:30:00 PM,20,CLEAR,DARKNESS - LIGHTED ROAD,ANGLE,DIVIDED - W/MEDIAN BARRIER,NO CONTROLS,WEATHER,FOLLOWING TOO CLOSELY,0,0,3,3,16,6,9,1185,ELSTON AVE,41.818194,-87.807808,09/09/2016 05:52:00 PM,2016
CR00033602,05/23/2017 05:50:00 PM,30,CLEAR,DAYLIGHT,PEDESTRIAN,DIVIDED - W/MEDIAN BARRIER,TRAFFIC SIGNAL,IMPROPER LANE USAGE,NOT APPLICABLE,0,0,0,0,17,3,5,582,OGDEN AVE,41.758529,-87.546757,05/23/2017 06:02:00 PM,2017
CR00033603,02/18/2017 12:21:00 PM,35,RAIN,DAYLIGHT,REAR END,DIVIDED - W/MEDIAN BARRIER,NO CONTROLS,WEATHER,FAILING TO YIELD RIGHT-OF-WAY,0,0,0,0,12,7,2,118,OGDEN AVE,41.793297,-87.716314,02/18/2017 12:39:00 PM,2017
CR00033604,09/21/2019 07:59:00 AM,25,CLEAR,DAYLIGHT,TURNING,DIVIDED - W/MEDIAN (NOT RAISED),NO CONTROLS,WEATHER,UNABLE TO DETERMINE,0,0,0,0,7,7,9,549,BROADWAY,41.993467,-87.736062,09/21/2019 09:15:00 AM,2019
CR00033605,07/27/2015 08:03:00 PM,30,CLEAR,DAYLIGHT,REAR TO FRONT,DIVIDED - W/MEDIAN (NOT RAISED),NO CONTROLS,IMPROPER OVERTAKING/PASSING,UNABLE TO DETERMINE,0,0,0,0,20,2,7,1585,PULASKI RD,41.950892,-87.620158,07/27/2015 08:54:00 PM,2015
CR00033606,10/28/2015 08:39:00 PM,25,CLOUDY/OVERCAST,DARKNESS - LIGHTED ROAD,REAR END,NOT DIVIDED,STOP SIGN/FLASHER,UNABLE TO DETERMINE,DRIVING SKILLS/KNOWLEDGE/EXPERIENCE,0,0,0,0,20,4,10,777,ASHLAND AVE,41.86108,-87.614628,10/28/2015 09:39:00 PM,2015
CR00033607,10/14/2022 09:27:00 AM,45,CLEAR,DAYLIGHT,PARKED MOTOR VEHICLE,ONE-WAY,TRAFFIC SIGNAL,UNABLE TO DETERMINE,UNABLE TO DETERMINE,0,0,0,0,9,6,10,191,MILWAUKEE AVE,41.723068,-87.510216,10/14/2022 09:47:00 AM,2022
CR00033608,12/14/2019 03:21:00 AM,20,CLOUDY/OVERCAST,DAYLIGHT,REAR END,NOT DIVIDED,NO CONTROLS,UNABLE TO DETERMINE,NOT APPLICABLE,0,0,0,0,3,7,12,155,ELSTON AVE,41.998112,-87.616323,12/14/2019 05:19:00 AM,2019
CR00033609,06/26/2022 03:46:00 PM,35,CLEAR,DARKNESS - LIGHTED ROAD,PARKED MOTOR VEHICLE,NOT DIVIDED,NO CONTROLS,FAILING TO YIELD RIGHT-OF-WAY,UNABLE TO DETERMINE,0,0,0,0,15,1,6,1289,MICHIGAN AVE,41.95135,-87.683714,06/26/2022 04:18:00 PM,2022
CR00033610,01/14/2020 03:38:00 PM,40,CLEAR,DAYLIGHT,SIDESWIPE SAME DIRECTION,NOT DIVIDED,TRAFFIC SIGNAL,UNABLE TO DETERMINE,FOLLOWING TOO CLOSELY,0,0,3,3,15,3,1,786,MILWAUKEE AVE,41.760467,-87.633765,01/14/2020 05:35:00 PM,2020
CR00033611,08/30/2015 01:09:00 PM,35,CLEAR,DARKNESS - LIGHTED ROAD,ANGLE,ONE-WAY,NO CONTROLS,IMPROPER LANE USAGE,FOLLOWING TOO CLOSELY,0,0,0,0,13,1,8,524,HALSTED ST,41.959262,-87.821553,08/30/2015 02:13:00 PM,2015
CR00033612,06/29/2019 08:43:00 AM,35,CLEAR,DAYLIGHT,TURNING,ONE-WAY,STOP SIGN/FLASHER,FAILING TO YIELD RIGHT-OF-WAY,UNABLE TO DETERMINE,0,0,2,2,8,7,6,200,47TH ST,41.71344,-87.779047,06/29/2019 09:41:00 AM,2019
CR00033613,11/29/2022 12:33:00 PM,35,CLEAR,DAYLIGHT,REAR TO FRONT,DIVIDED - W/MEDIAN (NOT RAISED),TRAFFIC SIGNAL,FAILING TO REDUCE SPEED,UNABLE TO DETERMINE,0,2,1,3,12,3,11,769,DAMEN AVE,41.874337,-87.743555,11/29/2022 12:52:00 PM,2022
CR00033614,03/15/2022 04:06:00 PM,25,CLEAR,DAYLIGHT,ANGLE,DIVIDED - W/MEDIAN BARRIER,STOP SIGN/FLASHER,UNABLE TO DETERMINE,FOLLOWING TOO CLOSELY,0,0,2,2,16,3,3,1226,STONY ISLAND AVE,41.901898,-87.786314,03/15/2022 04:31:00 PM,2022
CR00033615,08/17/2024 08:13:00 AM,30,RAIN,DAYLIGHT,TURNING,ONE-WAY,NO CONTROLS,FOLLOWING TOO CLOSELY,UNABLE TO DETERMINE,0,0,0,0,8,7,8,901,DAMEN AVE,41.931969,-87.745457,08/17/2024 09:08:00 AM,2024
CR00033616,03/21/2023 07:46:00 PM,20,CLOUDY/OVERCAST,DAYLIGHT,PARKED MOTOR VEHICLE,DIVIDED - W/MEDIAN BARRIER,UNKNOWN,IMPROPER OVERTAKING/PASSING,UNABLE TO DETERMINE,0,0,0,0,19,3,3,846,MICHIGAN AVE,41.788238,-87.643408,03/21/2023 08:43:00 PM,2023
CR00033617,12/06/2022 05:51:00 PM,45,CLEAR,DAYLIGHT,TURNING,DIVIDED - W/MEDIAN (NOT RAISED),STOP SIGN/FLASHER,DISTRACTION - FROM INSIDE VEHICLE,FAILING TO YIELD RIGHT-OF-WAY,0,0,0,0,17,3,12,275,ASHLAND AVE,41.76629,-87.711973,12/06/2022 06:29:00 PM,2022
CR00033618,04/02/2016 06:49:00 PM,30,CLEAR,DAYLIGHT,REAR END,FOUR WAY,TRAFFIC SIGNAL,IMPROPER LANE USAGE,FAILING TO REDUCE SPEED,0,0,0,0,18,7,4,1055,IRVING PARK RD,41.841282,-87.664631,04/02/2016 08:46:00 PM,2016
CR00033619,02/01/2015 07:09:00 AM,35,RAIN,DAYLIGHT,PARKED MOTOR VEHICLE,ONE-WAY,NO CONTROLS,FOLLOWING TOO CLOSELY,NOT APPLICABLE,0,1,1,2,7,1,2,1004,CICERO AVE,41.76701,-87.586097,02/01/2015 08:25:00 AM,2015
CR00033620,07/08/2015 03:09:00 PM,30,CLEAR,DARKNESS - LIGHTED ROAD,PARKED MOTOR VEHICLE,ONE-WAY,NO CONTROLS,FOLLOWING TOO CLOSELY,DISTRACTION - FROM INSIDE VEHICLE,0,1,0,1,15,4,7,1030,ASHLAND AVE,41.804918,-87.736852,07/08/2015 04:35:00 PM,2015
CR00033621,10/07/2023 08:06:00 PM,40,CLEAR,DAYLIGHT,REAR END,NOT DIVIDED,NO CONTROLS,UNABLE TO DETERMINE,NOT APPLICABLE,0,0,0,0,20,7,10,489,HALSTED ST,41.924041,-87.760974,10/07/2023 09:12:00 PM,2023
CR00033622,05/02/2016 09:54:00 AM,25,CLEAR,DAYLIGHT,PARKED MOTOR VEHICLE,ONE-WAY,TRAFFIC SIGNAL,FAILING TO YIELD RIGHT-OF-WAY,NOT APPLICABLE,0,0,0,0,9,2,5,494,HALSTED ST,41.921274,-87.69638,05/02/2016 11:15:00 AM,2016
CR00033623,01/28/2023 01:12:00 PM,20,CLEAR,DAYLIGHT,PARKED MOTOR VEHICLE,NOT DIVIDED,UNKNOWN,UNABLE TO DETERMINE,UNABLE TO DETERMINE,0,0,2,2,13,7,1,1622,BROADWAY,41.842015,-87.631921,01/28/2023 01:58:00 PM,2023
CR00033624,03/04/2019 03:39:00 PM,20,RAIN,DARKNESS - LIGHTED ROAD,SIDESWIPE SAME DIRECTION,DIVIDED - W/MEDIAN (NOT RAISED),NO CONTROLS,DISREGARDING TRAFFIC SIGNALS,NOT APPLICABLE,0,0,0,0,15,2,3,1770,CICERO AVE,41.832784,-87.671663,03/04/2019 03:52:00 PM,2019
CR00033625,11/14/2017 04:21:00 PM,30,RAIN,DARKNESS,REAR END,ONE-WAY,NO CONTROLS,IMPROPER OVERTAKING/PASSING,UNABLE TO DETERMINE,0,0,1,1,16,3,11,1038,DIVISION ST,41.887827,-87.591776,11/14/2017 04:40:00 PM,2017
CR00033626,09/08/2021 12:25:00 PM,30,FOG/SMOKE/HAZE,DAYLIGHT,SIDESWIPE SAME DIRECTION,DIVIDED - W/MEDIAN (NOT RAISED),UNKNOWN,FOLLOWING TOO CLOSELY,NOT APPLICABLE,0,0,1,1,12,4,9,1875,47TH ST,41.728129,-87.750442,09/08/2021 01:02:00 PM,2021
CR00033627,08/30/2017 04:59:00 PM,40,CLEAR,DARKNESS - LIGHTED ROAD,REAR END,NOT DIVIDED,NO CONTROLS,IMPROPER LANE USAGE,UNABLE TO DETERMINE,0,0,1,1,16,4,8,1145,ROOSEVELT RD,41.913027,-87.751759,08/30/2017 06:13:00 PM,2017
CR00033628,02/02/2020 11:20:00 AM,20,CLEAR,DAYLIGHT,ANGLE,ONE-WAY,TRAFFIC SIGNAL,UNABLE TO DETERMINE,IMPROPER OVERTAKING/PASSING,0,0,0,0,11,1,2,969,47TH ST,41.72779,-87.639677,02/02/2020 12:28:00 PM,2020
CR00033629,08/12/2021 05:17:00 AM,40,CLOUDY/OVERCAST,DAYLIGHT,REAR END,NOT DIVIDED,STOP SIGN/FLASHER,DRIVING SKILLS/KNOWLEDGE/EXPERIENCE,UNABLE TO DETERMINE,0,0,0,0,5,5,8,373,OGDEN AVE,41.780416,-87.755289,08/12/2021 06:18:00 AM,2021
CR00033630,08/03/2020 04:32:00 PM,35,CLEAR,DARKNESS - LIGHTED ROAD,PARKED MOTOR VEHICLE,NOT DIVIDED,NO CONTROLS,IMPROPER LANE USAGE,IMPROPER OVERTAKING/PASSING,0,0,0,0,16,2,8,2499,MILWAUKEE AVE,41.909432,-87.54769,08/03/2020 04:43:00 PM,2020
CR00033631,12/06/2021 10:26:00 PM,45,CLEAR,DARKNESS - LIGHTED ROAD,REAR END,ONE-WAY,NO CONTROLS,DISTRACTION - FROM INSIDE VEHICLE,NOT APPLICABLE,0,0,0,0,22,2,12,1231,MILWAUKEE AVE,41.779111,-87.611014,12/06/2021 10:39:00 PM,2021
CR00033632,12/30/2017 12:32:00 PM,20,CLEAR,DARKNESS - LIGHTED ROAD,TURNING,ONE-WAY,TRAFFIC SIGNAL,FAILING TO YIELD RIGHT-OF-WAY,DRIVING SKILLS/KNOWLEDGE/EXPERIENCE,0,0,0,0,12,7,12,2178,FULLERTON AVE,41.706113,-87.786566,12/30/2017 12:48:00 PM,2017
CR00033633,08/12/2023 04:49:00 PM,30,CLEAR,DAYLIGHT,PEDESTRIAN,NOT DIVIDED,NO CONTROLS,DISTRACTION - FROM INSIDE VEHICLE,IMPROPER OVERTAKING/PASSING,0,1,1,2,16,7,8,1752,MILWAUKEE AVE,41.780168,-87.727349,08/12/2023 05:44:00 PM,2023
CR00033634,08/16/2024 06:15:00 PM,45,CLOUDY/OVERCAST,DAYLIGHT,REAR TO FRONT,ONE-WAY,TRAFFIC SIGNAL,WEATHER,UNABLE TO DETERMINE,0,0,0,0,18,6,8,958,LAKE SHORE DR,41.946936,-87.552408,08/16/2024 08:11:00 PM,2024
CR00033635,05/16/2017 12:17:00 AM,20,RAIN,DARKNESS - LIGHTED ROAD,TURNING,DIVIDED - W/MEDIAN BARRIER,STOP SIGN/FLASHER,UNABLE TO DETERMINE,DRIVING SKILLS/KNOWLEDGE/EXPERIENCE,0,0,0,0,0,3,5,1345,BROADWAY,41.976802,-87.708217,05/16/2017 01:19:00 AM,2017
CR00033636,07/19/2021 01:32:00 AM,30,CLOUDY/OVERCAST,DAYLIGHT,ANGLE,ONE-WAY,NO CONTROLS,IMPROPER OVERTAKING/PASSING,UNABLE TO DETERMINE,0,0,1,1,1,2,7,669,63RD ST,41.929859,-87.674542,07/19/2021 02:28:00 AM,2021
CR00033637,07/13/2017 08:08:00 AM,25,FOG/SMOKE/HAZE,DUSK,TURNING,NOT DIVIDED,TRAFFIC SIGNAL,UNABLE TO DETERMINE,IMPROPER OVERTAKING/PASSING,0,0,0,0,8,5,7,2399,ARCHER AVE,41.844382,-87.521903,07/13/2017 08:33:00 AM,2017
CR00033638,01/04/2017 09:20:00 AM,35,CLEAR,DUSK,PEDESTRIAN,FOUR WAY,TRAFFIC SIGNAL,FAILING TO REDUCE SPEED,IMPROPER OVERTAKING/PASSING,0,0,0,0,9,4,1,1413,ASHLAND AVE,41.705882,-87.765611,01/04/2017 11:13:00 AM,2017
CR00033639,07/24/2016 08:07:00 PM,30,CLEAR,DARKNESS,ANGLE,T-INTERSECTION,NO CONTROLS,FAILING TO YIELD RIGHT-OF-WAY,FOLLOWING TOO CLOSELY,0,0,0,0,20,1,7,274,HALSTED ST,41.829412,-87.59944,07/24/2016 08:41:00 PM,2016
CR00033640,12/16/2021 08:53:00 AM,40,CLEAR,DARKNESS,TURNING,ONE-WAY,NO CONTROLS,UNABLE TO DETERMINE,UNABLE TO DETERMINE,0,0,0,0,8,5,12,306,47TH ST,41.777536,-87.528421,12/16/2021 09:02:00 AM,2021
CR00033641,01/07/2015 06:17:00 PM,25,CLOUDY/OVERCAST,DAYLIGHT,REAR END,DIVIDED - W/MEDIAN (NOT RAISED),TRAFFIC SIGNAL,UNABLE TO DETERMINE,DRIVING SKILLS/KNOWLEDGE/EXPERIENCE,0,2,1,3,18,4,1,1254,CLARK ST,41.882786,-87.517555,01/07/2015 08:03:00 PM,2015
CR00033642,10/08/2024 02:46:00 PM,35,CLOUDY/OVERCAST,DAYLIGHT,ANGLE,NOT DIVIDED,NO CONTROLS,FAILING TO REDUCE SPEED,DISREGARDING TRAFFIC SIGNALS,0,0,0,0,14,3,10,296,PULASKI RD,41.708342,-87.685326,10/08/2024 03:45:00 PM,2024
CR00033643,07/27/2023 06:32:00 PM,35,CLEAR,DARKNESS - LIGHTED ROAD,ANGLE,NOT DIVIDED,NO CONTROLS,IMPROPER LANE USAGE,FOLLOWING TOO CLOSELY,0,0,0,0,18,5,7,2340,HALSTED ST,41.880201,-87.843376,07/27/2023 07:41:00 PM,2023
CR00033644,03/25/2017 07:10:00 PM,35,RAIN,DAYLIGHT,FIXED OBJECT,T-INTERSECTION,UNKNOWN,WEATHER,NOT APPLICABLE,0,0,0,0,19,7,3,1709,ROOSEVELT RD,41.714357,-87.574812,03/25/2017 07:14:00 PM,2017
CR00033645,03/28/2023 02:33:00 AM,25,FREEZING RAIN/DRIZZLE,DAYLIGHT,REAR END,DIVIDED - W/MEDIAN (NOT RAISED),NO CONTROLS,FAILING TO REDUCE SPEED,DRIVING SKILLS/KNOWLEDGE/EXPERIENCE,0,0,0,0,2,3,3,1209,MICHIGAN AVE,41.815843,-87.622637,03/28/2023 03:00:00 AM,2023
CR00033646,10/15/2022 11:30:00 PM,20,CLEAR,DAYLIGHT,REAR END,T-INTERSECTION,NO CONTROLS,UNABLE TO DETERMINE,UNABLE TO DETERMINE,0,1,1,2,23,7,10,374,MICHIGAN AVE,41.893566,-87.669398,10/15/2022 11:36:00 PM,2022
CR00033647,03/15/2020 05:30:00 PM,30,CLEAR,DAYLIGHT,TURNING,ONE-WAY,TRAFFIC SIGNAL,IMPROPER OVERTAKING/PASSING,UNABLE TO DETERMINE,0,0,3,3,17,1,3,2440,ASHLAND AVE,41.908393,-87.626905,03/15/2020 06:55:00 PM,2020
CR00033648,12/30/2016 05:37:00 PM,30,RAIN,DAWN,TURNING,NOT DIVIDED,TRAFFIC SIGNAL,IMPROPER OVERTAKING/PASSING,DISTRACTION - FROM INSIDE VEHICLE,0,0,1,1,17,6,12,2177,MILWAUKEE AVE,41.971275,-87.84357,12/30/2016 06:10:00 PM,2016
CR00033649,12/30/2021 06:23:00 PM,35,CLEAR,DARKNESS,ANGLE,DIVIDED - W/MEDIAN (NOT RAISED),YIELD,UNABLE TO DETERMINE,DRIVING SKILLS/KNOWLEDGE/EXPERIENCE,0,0,0,0,18,5,12,963,STATE ST,41.791835,-87.833586,12/30/2021 07:36:00 PM,2021
CR00033650,05/29/2016 03:20:00 PM,35,CLOUDY/OVERCAST,DAYLIGHT,FIXED OBJECT,NOT DIVIDED,NO CONTROLS,FAILING TO YIELD RIGHT-OF-WAY,UNABLE TO DETERMINE,0,0,0,0,15,1,5,784,MILWAUKEE AVE,41.863999,-87.663155,05/29/2016 03:25:00 PM,2016
CR00033651,09/13/2024 10:55:00 AM,20,CLEAR,DAYLIGHT,REAR END,FOUR WAY,STOP SIGN/FLASHER,FAILING TO REDUCE SPEED,NOT APPLICABLE,0,0,0,0,10,6,9,921,47TH ST,41.870241,-87.62253,09/13/2024 12:53:00 PM,2024
CR00033652,12/03/2016 03:19:00 AM,30,CLOUDY/OVERCAST,DAYLIGHT,REAR TO FRONT,DIVIDED - W/MEDIAN (NOT RAISED),TRAFFIC SIGNAL,FAILING TO YIELD RIGHT-OF-WAY,DISTRACTION - FROM INSIDE VEHICLE,0,0,0,0,3,7,12,1766,FULLERTON AVE,41.827958,-87.845203,12/03/2016 04:25:00 AM,2016
CR00033653,03/08/2020 04:29:00 PM,30,CLEAR,DAWN,ANGLE,DIVIDED - W/MEDIAN (NOT RAISED),STOP SIGN/FLASHER,FOLLOWING TOO CLOSELY,DISTRACTION - FROM INSIDE VEHICLE,0,0,0,0,16,1,3,2279,ARCHER AVE,41.842946,-87.609082,03/08/2020 04:53:00 PM,2020
CR00033654,08/13/2024 09:17:00 AM,15,SNOW,DAYLIGHT,REAR END,FOUR WAY,TRAFFIC SIGNAL,DISTRACTION - FROM INSIDE VEHICLE,FAILING TO YIELD RIGHT-OF-WAY,0,0,2,2,9,3,8,1766,ARCHER AVE,41.735256,-87.715616,08/13/2024 09:38:00 AM,2024