CRASH_RECORD_ID,CRASH_DATE,POSTED_SPEED_LIMIT,WEATHER_CONDITION,LIGHTING_CONDITION,FIRST_CRASH_TYPE,TRAFFICWAY_TYPE,TRAFFIC_CONTROL_DEVICE,PRIM_CONTRIBUTORY_CAUSE,SEC_CONTRIBUTORY_CAUSE,INJURIES_FATAL,INJURIES_INCAPACITATING,INJURIES_NON_INCAPACITATING,INJURIES_TOTAL,CRASH_HOUR,CRASH_DAY_OF_WEEK,CRASH_MONTH,BEAT_OF_OCCURRENCE,STREET_NAME,LATITUDE,LONGITUDE,DATE_POLICE_NOTIFIED,year
CR00033655,05/27/2016 02:11:00 PM,15,CLEAR,DAYLIGHT,REAR TO FRONT,ONE-WAY,STOP SIGN/FLASHER,UNABLE TO DETERMINE,FAILING TO YIELD RIGHT-OF-WAY,0,0,0,0,14,6,5,285,DIVISION ST,41.721042,-87.52815,05/27/2016 03:02:00 PM,2016
CR00033656,11/21/2017 07:57:00 PM,35,CLEAR,DARKNESS - LIGHTED ROAD,TURNING,NOT DIVIDED,YIELD,DISREGARDING TRAFFIC SIGNALS,IMPROPER OVERTAKING/PASSING,0,0,0,0,19,3,11,292,ELSTON AVE,41.798245,-87.691414,11/21/2017 08:08:00 PM,2017
CR00033657,05/24/2021 05:00:00 PM,25,CLEAR,DARKNESS - LIGHTED ROAD,PEDESTRIAN,NOT DIVIDED,NO CONTROLS,DRIVING SKILLS/KNOWLEDGE/EXPERIENCE,FOLLOWING TOO CLOSELY,0,0,0,0,17,2,5,1356,79TH ST,41.895241,-87.54801,05/24/2021 06:04:00 PM,2021
CR00033658,03/31/2016 12:41:00 PM,30,RAIN,DAYLIGHT,REAR END,ONE-WAY,NO CONTROLS,FOLLOWING TOO CLOSELY,FAILING TO YIELD RIGHT-OF-WAY,0,0,0,0,12,5,3,2320,63RD ST,41.797236,-87.796836,03/31/2016 01:14:00 PM,2016
CR00033659,08/16/2018 10:09:00 AM,30,CLEAR,DAYLIGHT,FIXED OBJECT,ONE-WAY,STOP SIGN/FLASHER,UNABLE TO DETERMINE,FAILING TO YIELD RIGHT-OF-WAY,0,0,0,0,10,5,8,1826,KEDZIE AVE,41.804419,-87.56161,08/16/2018 10:38:00 AM,2018
CR00033660,03/27/2017 01:49:00 AM,30,RAIN,DAYLIGHT,TURNING,DIVIDED - W/MEDIAN (NOT RAISED),NO CONTROLS,DISTRACTION - FROM INSIDE VEHICLE,NOT APPLICABLE,0,0,0,0,1,2,3,977,ROOSEVELT RD,41.805706,-87.619988,03/27/2017 02:07:00 AM,2017
CR00033661,10/22/2020 08:03:00 AM,15,CLEAR,DAYLIGHT,ANGLE,NOT DIVIDED,NO CONTROLS,FAILING TO REDUCE SPEED,FOLLOWING TOO CLOSELY,0,0,0,0,8,5,10,439,79TH ST,41.876614,-87.842798,10/22/2020 08:23:00 AM,2020
CR00033662,11/21/2018 06:12:00 PM,15,RAIN,DARKNESS - LIGHTED ROAD,REAR END,FOUR WAY,TRAFFIC SIGNAL,FOLLOWING TOO CLOSELY,DRIVING SKILLS/KNOWLEDGE/EXPERIENCE,0,0,0,0,18,4,11,778,CLARK ST,41.8375,-87.750786,11/21/2018 06:28:00 PM,2018
CR00033663,02/05/2024 01:58:00 PM,30,RAIN,DARKNESS - LIGHTED ROAD,REAR END,NOT DIVIDED,STOP SIGN/FLASHER,DISREGARDING TRAFFIC SIGNALS,DISREGARDING TRAFFIC SIGNALS,0,0,0,0,13,2,2,1176,WESTERN AVE,41.872623,-87.510543,02/05/2024 03:10:00 PM,2024
CR00033664,03/05/2017 07:53:00 AM,30,CLEAR,DAYLIGHT,TURNING,DIVIDED - W/MEDIAN (NOT RAISED),NO CONTROLS,DISTRACTION - FROM INSIDE VEHICLE,UNABLE TO DETERMINE,0,0,1,1,7,1,3,1097,MICHIGAN AVE,41.757298,-87.683462,03/05/2017 08:15:00 AM,2017
CR00033665,04/22/2021 12:58:00 PM,25,CLOUDY/OVERCAST,DARKNESS - LIGHTED ROAD,REAR TO FRONT,ONE-WAY,NO CONTROLS,IMPROPER OVERTAKING/PASSING,FOLLOWING TOO CLOSELY,0,0,0,0,12,5,4,1319,CICERO AVE,41.948482,-87.79325,04/22/2021 02:37:00 PM,2021
CR00033666,03/02/2018 03:01:00 PM,35,CLEAR,DAYLIGHT,PARKED MOTOR VEHICLE,FOUR WAY,NO CONTROLS,DRIVING SKILLS/KNOWLEDGE/EXPERIENCE,FAILING TO REDUCE SPEED,0,0,0,0,15,6,3,1443,OGDEN AVE,41.968998,-87.632252,03/02/2018 03:06:00 PM,2018
CR00033667,03/31/2024 09:52:00 PM,15,CLEAR,DARKNESS - LIGHTED ROAD,ANGLE,DIVIDED - W/MEDIAN (NOT RAISED),TRAFFIC SIGNAL,UNABLE TO DETERMINE,NOT APPLICABLE,0,0,1,1,21,1,3,845,CICERO AVE,41.723847,-87.568087,03/31/2024 11:00:00 PM,2024
CR00033668,12/24/2019 11:20:00 AM,35,CLEAR,DAYLIGHT,SIDESWIPE SAME DIRECTION,DIVIDED - W/MEDIAN (NOT RAISED),STOP SIGN/FLASHER,FOLLOWING TOO CLOSELY,DISTRACTION - FROM INSIDE VEHICLE,0,0,0,0,11,3,12,1123,CLARK ST,41.836064,-87.621942,12/24/2019 12:42:00 PM,2019
CR00033669,11/29/2023 08:58:00 PM,35,CLOUDY/OVERCAST,DAYLIGHT,TURNING,DIVIDED - W/MEDIAN (NOT RAISED),PEDESTRIAN CROSSING SIGN,UNABLE TO DETERMINE,FOLLOWING TOO CLOSELY,0,0,0,0,20,4,11,436,CALIFORNIA AVE,41.792039,-87.841159,11/29/2023 09:56:00 PM,2023
CR00033670,05/14/2015 09:17:00 AM,30,FOG/SMOKE/HAZE,DARKNESS - LIGHTED ROAD,REAR END,DIVIDED - W/MEDIAN (NOT RAISED),NO CONTROLS,UNABLE TO DETERMINE,NOT APPLICABLE,0,0,3,3,9,5,5,1253,CLARK ST,41.757013,-87.725752,05/14/2015 10:24:00 AM,2015
CR00033671,10/27/2023 03:36:00 PM,30,RAIN,DAYLIGHT,REAR END,NOT DIVIDED,NO CONTROLS,DISTRACTION - FROM INSIDE VEHICLE,UNABLE TO DETERMINE,0,0,0,0,15,6,10,1453,STATE ST,41.801009,-87.822679,10/27/2023 04:10:00 PM,2023
CR00033672,03/22/2022 08:36:00 PM,35,CLEAR,DARKNESS - LIGHTED ROAD,TURNING,DIVIDED - W/MEDIAN (NOT RAISED),YIELD,FOLLOWING TOO CLOSELY,UNABLE TO DETERMINE,0,0,0,0,20,3,3,2198,DIVISION ST,41.996554,-87.580379,03/22/2022 09:26:00 PM,2022
CR00033673,10/16/2017 08:48:00 AM,40,CLEAR,DAYLIGHT,REAR END,DIVIDED - W/MEDIAN BARRIER,TRAFFIC SIGNAL,UNABLE TO DETERMINE,FAILING TO YIELD RIGHT-OF-WAY,0,0,0,0,8,2,10,395,DIVISION ST,41.951709,-87.650928,10/16/2017 10:45:00 AM,2017
CR00033674,07/07/2020 04:53:00 AM,30,RAIN,DAYLIGHT,SIDESWIPE SAME DIRECTION,NOT DIVIDED,TRAFFIC SIGNAL,DISREGARDING TRAFFIC SIGNALS,FAILING TO YIELD RIGHT-OF-WAY,0,0,0,0,4,3,7,2290,LAKE SHORE DR,41.768104,-87.708898,07/07/2020 05:40:00 AM,2020
CR00033675,12/27/2016 06:54:00 PM,30,RAIN,DARKNESS,REAR END,ONE-WAY,STOP SIGN/FLASHER,UNABLE TO DETERMINE,DRIVING SKILLS/KNOWLEDGE/EXPERIENCE,0,0,2,2,18,3,12,102,KEDZIE AVE,41.866133,-87.787411,12/27/2016 07:34:00 PM,2016
CR00033676,10/27/2016 07:13:00 AM,40,CLEAR,DARKNESS - LIGHTED ROAD,ANGLE,NOT DIVIDED,NO CONTROLS,IMPROPER LANE USAGE,UNABLE TO DETERMINE,0,0,0,0,7,5,10,1514,STONY ISLAND AVE,41.880822,-87.57705,10/27/2016 08:55:00 AM,2016
CR00033677,03/26/2023 09:14:00 AM,20,CLEAR,DAYLIGHT,TURNING,DIVIDED - W/MEDIAN BARRIER,YIELD,DRIVING SKILLS/KNOWLEDGE/EXPERIENCE,UNABLE TO DETERMINE,0,0,0,0,9,1,3,957,MILWAUKEE AVE,41.836167,-87.645808,03/26/2023 09:23:00 AM,2023
CR00033678,01/07/2023 04:55:00 PM,15,CLEAR,DARKNESS - LIGHTED ROAD,FIXED OBJECT,DIVIDED - W/MEDIAN BARRIER,YIELD,DISTRACTION - FROM INSIDE VEHICLE,FAILING TO YIELD RIGHT-OF-WAY,0,0,2,2,16,7,1,1300,DIVISION ST,41.834322,-87.837043,01/07/2023 06:10:00 PM,2023
CR00033679,04/18/2020 04:12:00 PM,35,CLEAR,DAWN,SIDESWIPE SAME DIRECTION,FOUR WAY,TRAFFIC SIGNAL,FOLLOWING TOO CLOSELY,NOT APPLICABLE,0,0,0,0,16,7,4,384,HALSTED ST,41.824262,-87.763837,04/18/2020 04:18:00 PM,2020
CR00033680,05/10/2022 06:22:00 AM,20,CLEAR,DAYLIGHT,SIDESWIPE SAME DIRECTION,FOUR WAY,NO CONTROLS,DRIVING SKILLS/KNOWLEDGE/EXPERIENCE,WEATHER,0,0,3,3,6,3,5,736,ASHLAND AVE,41.944192,-87.733157,05/10/2022 07:23:00 AM,2022
CR00033681,12/05/2021 11:25:00 AM,30,CLEAR,DAYLIGHT,SIDESWIPE SAME DIRECTION,NOT DIVIDED,STOP SIGN/FLASHER,FAILING TO YIELD RIGHT-OF-WAY,DISREGARDING TRAFFIC SIGNALS,0,0,0,0,11,1,12,1610,ELSTON AVE,41.815836,-87.513166,12/05/2021 01:04:00 PM,2021
CR00033682,01/03/2017 12:10:00 PM,15,FREEZING RAIN/DRIZZLE,DAYLIGHT,REAR END,DIVIDED - W/MEDIAN (NOT RAISED),UNKNOWN,FAILING TO YIELD RIGHT-OF-WAY,FOLLOWING TOO CLOSELY,0,0,1,1,12,3,1,1833,PULASKI RD,41.711509,-87.601705,01/03/2017 01:16:00 PM,2017
CR00033683,02/17/2022 01:29:00 PM,20,RAIN,DAYLIGHT,ANGLE,NOT DIVIDED,NO CONTROLS,UNABLE TO DETERMINE,UNABLE TO DETERMINE,0,0,0,0,13,5,2,1985,KEDZIE AVE,41.942209,-87.645499,02/17/2022 03:24:00 PM,2022
CR00033684,12/05/2022 10:42:00 PM,35,CLEAR,DAYLIGHT,REAR TO FRONT,NOT DIVIDED,TRAFFIC SIGNAL,DISREGARDING TRAFFIC SIGNALS,UNABLE TO DETERMINE,0,0,0,0,22,2,12,1243,OGDEN AVE,41.790414,-87.817321,12/05/2022 11:13:00 PM,2022
CR00033685,10/10/2023 12:17:00 PM,35,RAIN,DARKNESS - LIGHTED ROAD,ANGLE,DIVIDED - W/MEDIAN (NOT RAISED),NO CONTROLS,IMPROPER LANE USAGE,IMPROPER OVERTAKING/PASSING,0,0,0,0,12,3,10,374,PULASKI RD,41.95192,-87.547971,10/10/2023 12:47:00 PM,2023
CR00033686,02/15/2017 08:21:00 PM,25,CLEAR,DARKNESS - LIGHTED ROAD,FIXED OBJECT,ONE-WAY,NO CONTROLS,IMPROPER OVERTAKING/PASSING,FAILING TO YIELD RIGHT-OF-WAY,0,0,2,2,20,4,2,1137,79TH ST,41.778436,-87.820793,02/15/2017 10:11:00 PM,2017
CR00033687,07/07/2021 04:52:00 PM,20,FOG/SMOKE/HAZE,DAYLIGHT,ANGLE,DIVIDED - W/MEDIAN (NOT RAISED),STOP SIGN/FLASHER,FOLLOWING TOO CLOSELY,DRIVING SKILLS/KNOWLEDGE/EXPERIENCE,0,0,0,0,16,4,7,2223,KEDZIE AVE,41.829736,-87.601406,07/07/2021 06:05:00 PM,2021
CR00033688,10/22/2019 01:12:00 AM,30,SNOW,DARKNESS,TURNING,ONE-WAY,STOP SIGN/FLASHER,FOLLOWING TOO CLOSELY,UNABLE TO DETERMINE,0,0,0,0,1,3,10,1820,KEDZIE AVE,41.77447,-87.685147,10/22/2019 02:08:00 AM,2019
CR00033689,08/21/2023 02:31:00 PM,30,SNOW,DAYLIGHT,SIDESWIPE SAME DIRECTION,NOT DIVIDED,NO CONTROLS,UNABLE TO DETERMINE,UNABLE TO DETERMINE,0,0,0,0,14,2,8,2284,47TH ST,41.811981,-87.575326,08/21/2023 02:43:00 PM,2023
CR00033690,05/12/2021 08:19:00 PM,35,CLEAR,DAYLIGHT,REAR END,T-INTERSECTION,NO CONTROLS,FOLLOWING TOO CLOSELY,IMPROPER LANE USAGE,0,2,2,4,20,4,5,1129,ARCHER AVE,41.906602,-87.655978,05/12/2021 09:22:00 PM,2021
CR00033691,01/28/2020 06:39:00 PM,45,CLEAR,DAYLIGHT,REAR END,NOT DIVIDED,STOP SIGN/FLASHER,DISREGARDING TRAFFIC SIGNALS,UNABLE TO DETERMINE,0,0,0,0,18,3,1,2208,ARCHER AVE,41.946406,-87.517136,01/28/2020 06:42:00 PM,2020
CR00033692,05/17/2019 03:41:00 PM,30,CLEAR,DAYLIGHT,REAR END,ONE-WAY,TRAFFIC SIGNAL,FOLLOWING TOO CLOSELY,NOT APPLICABLE,0,0,1,1,15,6,5,2097,WESTERN AVE,41.861964,-87.747618,05/17/2019 04:15:00 PM,2019
CR00033693,06/21/2022 10:45:00 AM,30,SNOW,DAYLIGHT,ANGLE,NOT DIVIDED,TRAFFIC SIGNAL,UNABLE TO DETERMINE,DRIVING SKILLS/KNOWLEDGE/EXPERIENCE,0,0,0,0,10,3,6,1197,63RD ST,41.941725,-87.585791,06/21/2022 11:36:00 AM,2022
CR00033694,11/07/2021 04:19:00 AM,30,RAIN,DAYLIGHT,REAR END,ONE-WAY,STOP SIGN/FLASHER,DISTRACTION - FROM INSIDE VEHICLE,DISTRACTION - FROM INSIDE VEHICLE,0,0,0,0,4,1,11,2408,ARCHER AVE,41.885991,-87.670551,11/07/2021 05:28:00 AM,2021
CR00033695,10/25/2023 11:06:00 PM,25,CLEAR,DAYLIGHT,REAR END,T-INTERSECTION,STOP SIGN/FLASHER,UNABLE TO DETERMINE,FAILING TO YIELD RIGHT-OF-WAY,0,0,0,0,23,4,10,572,63RD ST,41.984602,-87.583327,10/26/2023 12:48:00 AM,2023
CR00033696,08/21/2019 03:39:00 PM,30,CLEAR,DARKNESS,REAR END,NOT DIVIDED,NO CONTROLS,IMPROPER LANE USAGE,DRIVING SKILLS/KNOWLEDGE/EXPERIENCE,0,0,0,0,15,4,8,474,LAKE SHORE DR,41.729894,-87.832043,08/21/2019 04:38:00 PM,2019
CR00033697,11/04/2016 10:00:00 PM,15,CLEAR,DAYLIGHT,SIDESWIPE SAME DIRECTION,NOT DIVIDED,YIELD,UNABLE TO DETERMINE,DISREGARDING TRAFFIC SIGNALS,0,0,0,0,22,6,11,1848,BROADWAY,41.913022,-87.713601,11/04/2016 10:53:00 PM,2016
CR00033698,03/31/2016 11:30:00 AM,15,RAIN,DAYLIGHT,PARKED MOTOR VEHICLE,DIVIDED - W/MEDIAN (NOT RAISED),NO CONTROLS,UNABLE TO DETERMINE,NOT APPLICABLE,0,0,0,0,11,5,3,529,WESTERN AVE,41.98337,-87.593982,03/31/2016 12:07:00 PM,2016
CR00033699,08/01/2016 03:36:00 AM,30,CLOUDY/OVERCAST,DAYLIGHT,REAR END,NOT DIVIDED,TRAFFIC SIGNAL,DRIVING SKILLS/KNOWLEDGE/EXPERIENCE,NOT APPLICABLE,0,0,0,0,3,2,8,1178,CLARK ST,41.721981,-87.700606,08/01/2016 04:48:00 AM,2016
CR00033700,06/25/2022 04:33:00 PM,30,FOG/SMOKE/HAZE,DAYLIGHT,SIDESWIPE SAME DIRECTION,DIVIDED - W/MEDIAN (NOT RAISED),TRAFFIC SIGNAL,IMPROPER OVERTAKING/PASSING,DRIVING SKILLS/KNOWLEDGE/EXPERIENCE,0,0,0,0,16,7,6,1970,47TH ST,41.99104,-87.790049,06/25/2022 04:40:00 PM,2022
CR00033701,12/05/2021 11:16:00 AM,20,CLEAR,DARKNESS - LIGHTED ROAD,REAR END,T-INTERSECTION,NO CONTROLS,UNABLE TO DETERMINE,DISREGARDING TRAFFIC SIGNALS,0,0,0,0,11,1,12,733,ARCHER AVE,41.855645,-87.530159,12/05/2021 12:34:00 PM,2021
CR00033702,01/24/2024 11:37:00 AM,35,CLEAR,DAYLIGHT,PARKED MOTOR VEHICLE,DIVIDED - W/MEDIAN (NOT RAISED),NO CONTROLS,FAILING TO YIELD RIGHT-OF-WAY,UNABLE TO DETERMINE,0,0,0,0,11,4,1,562,STATE ST,41.759794,-87.688614,01/24/2024 12:35:00 PM,2024
CR00033703,05/13/2022 04:52:00 PM,35,CLEAR,DAYLIGHT,PARKED MOTOR VEHICLE,ONE-WAY,NO CONTROLS,UNABLE TO DETERMINE,FOLLOWING TOO CLOSELY,0,0,0,0,16,6,5,1959,LAKE SHORE DR,41.84089,-87.550158,05/13/2022 05:28:00 PM,2022
CR00033704,09/24/2015 12:21:00 PM,25,CLEAR,DAYLIGHT,REAR END,NOT DIVIDED,NO CONTROLS,DISTRACTION - FROM INSIDE VEHICLE,NOT APPLICABLE,0,0,0,0,12,5,9,308,47TH ST,41.911989,-87.590475,09/24/2015 01:13:00 PM,2015
CR00033705,06/23/2019 02:44:00 AM,15,CLEAR,DAYLIGHT,REAR END,ONE-WAY,NO CONTROLS,DRIVING SKILLS/KNOWLEDGE/EXPERIENCE,IMPROPER OVERTAKING/PASSING,0,0,0,0,2,1,6,819,47TH ST,41.749149,-87.57007,06/23/2019 03:03:00 AM,2019
CR00033706,01/25/2017 04:23:00 PM,45,CLEAR,DARKNESS - LIGHTED ROAD,SIDESWIPE SAME DIRECTION,NOT DIVIDED,NO CONTROLS,FOLLOWING TOO CLOSELY,NOT APPLICABLE,0,0,0,0,16,4,1,667,KEDZIE AVE,41.959886,-87.508087,01/25/2017 05:02:00 PM,2017
CR00033707,07/05/2020 11:21:00 PM,25,CLEAR,DAYLIGHT,REAR TO FRONT,NOT DIVIDED,PEDESTRIAN CROSSING SIGN,FOLLOWING TOO CLOSELY,FAILING TO YIELD RIGHT-OF-WAY,0,0,0,0,23,1,7,962,PULASKI RD,41.906791,-87.836808,07/05/2020 11:54:00 PM,2020
CR00033708,03/11/2016 08:41:00 AM,15,CLEAR,DUSK,PARKED MOTOR VEHICLE,NOT DIVIDED,PEDESTRIAN CROSSING SIGN,FOLLOWING TOO CLOSELY,NOT APPLICABLE,0,0,0,0,8,6,3,670,FULLERTON AVE,41.796154,-87.841707,03/11/2016 09:10:00 AM,2016
CR00033709,07/16/2018 07:43:00 AM,30,CLEAR,DARKNESS - LIGHTED ROAD,PARKED MOTOR VEHICLE,T-INTERSECTION,NO CONTROLS,FAILING TO REDUCE SPEED,NOT APPLICABLE,0,0,3,3,7,2,7,1410,DAMEN AVE,41.929287,-87.770274,07/16/2018 08:01:00 AM,2018
CR00033710,10/06/2016 12:46:00 PM,25,CLEAR,DAYLIGHT,REAR END,NOT DIVIDED,TRAFFIC SIGNAL,IMPROPER OVERTAKING/PASSING,IMPROPER LANE USAGE,0,0,0,0,12,5,10,381,CLARK ST,41.743994,-87.844038,10/06/2016 12:55:00 PM,2016
CR00033711,02/22/2017 01:39:00 PM,30,CLEAR,DAYLIGHT,ANGLE,NOT DIVIDED,NO CONTROLS,IMPROPER OVERTAKING/PASSING,NOT APPLICABLE,0,0,0,0,13,4,2,353,WESTERN AVE,41.809243,-87.65098,02/22/2017 02:23:00 PM,2017
CR00033712,10/03/2021 03:09:00 PM,40,CLEAR,DARKNESS,REAR END,DIVIDED - W/MEDIAN (NOT RAISED),NO CONTROLS,DISREGARDING TRAFFIC SIGNALS,UNABLE TO DETERMINE,0,0,0,0,15,1,10,352,DAMEN AVE,41.811259,-87.57125,10/03/2021 04:56:00 PM,2021
CR00033713,06/07/2022 08:57:00 PM,35,CLEAR,DAYLIGHT,ANGLE,NOT DIVIDED,TRAFFIC SIGNAL,UNABLE TO DETERMINE,IMPROPER LANE USAGE,0,0,0,0,20,3,6,2527,STONY ISLAND AVE,41.982719,-87.637388,06/07/2022 10:00:00 PM,2022
CR00033714,12/28/2022 07:53:00 AM,45,CLEAR,DARKNESS,REAR END,NOT DIVIDED,TRAFFIC SIGNAL,UNABLE TO DETERMINE,UNABLE TO DETERMINE,0,0,0,0,7,4,12,2069,PULASKI RD,41.716683,-87.608797,12/28/2022 09:53:00 AM,2022
CR00033715,07/10/2016 03:02:00 PM,35,CLEAR,DARKNESS - LIGHTED ROAD,REAR END,NOT DIVIDED,TRAFFIC SIGNAL,FOLLOWING TOO CLOSELY,FAILING TO YIELD RIGHT-OF-WAY,0,0,1,1,15,1,7,749,MICHIGAN AVE,41.771889,-87.721477,07/10/2016 04:02:00 PM,2016
CR00033716,09/03/2015 05:18:00 PM,45,CLEAR,DAYLIGHT,PARKED MOTOR VEHICLE,NOT DIVIDED,STOP SIGN/FLASHER,UNABLE TO DETERMINE,UNABLE TO DETERMINE,0,0,0,0,17,5,9,1688,BROADWAY,41.842079,-87.782848,09/03/2015 05:28:00 PM,2015
CR00033717,09/20/2015 07:06:00 AM,35,CLEAR,DARKNESS - LIGHTED ROAD,SIDESWIPE SAME DIRECTION,ONE-WAY,TRAFFIC SIGNAL,UNABLE TO DETERMINE,FOLLOWING TOO CLOSELY,0,0,0,0,7,1,9,252,FULLERTON AVE,41.787156,-87.625584,09/20/2015 07:34:00 AM,2015
CR00033718,04/29/2020 09:29:00 AM,45,FREEZING RAIN/DRIZZLE,DAYLIGHT,REAR TO FRONT,NOT DIVIDED,UNKNOWN,FOLLOWING TOO CLOSELY,NOT APPLICABLE,0,0,0,0,9,4,4,606,MILWAUKEE AVE,41.741686,-87.630096,04/29/2020 10:16:00 AM,2020
CR00033719,07/14/2024 07:47:00 PM,30,FOG/SMOKE/HAZE,DAYLIGHT,ANGLE,DIVIDED - W/MEDIAN BARRIER,STOP SIGN/FLASHER,UNABLE TO DETERMINE,DISTRACTION - FROM INSIDE VEHICLE,0,0,1,1,19,1,7,858,BROADWAY,41.832879,-87.806317,07/14/2024 08:38:00 PM,2024
CR00033720,08/26/2018 04:56:00 PM,25,RAIN,DAYLIGHT,REAR END,NOT DIVIDED,NO CONTROLS,UNABLE TO DETERMINE,FAILING TO REDUCE SPEED,0,0,0,0,16,1,8,433,DAMEN AVE,41.947318,-87.742527,08/26/2018 06:26:00 PM,2018
CR00033721,10/10/2020 12:04:00 AM,25,CLEAR,DAYLIGHT,TURNING,NOT DIVIDED,STOP SIGN/FLASHER,UNABLE TO DETERMINE,FOLLOWING TOO CLOSELY,0,0,0,0,0,7,10,397,OGDEN AVE,41.787785,-87.748922,10/10/2020 01:33:00 AM,2020
CR00033722,02/03/2023 02:25:00 PM,30,CLEAR,DARKNESS,SIDESWIPE SAME DIRECTION,ONE-WAY,NO CONTROLS,FAILING TO REDUCE SPEED,NOT APPLICABLE,0,0,0,0,14,6,2,2441,CICERO AVE,41.800985,-87.816974,02/03/2023 03:44:00 PM,2023
CR00033723,04/14/2016 06:43:00 PM,40,CLEAR,DARKNESS,TURNING,ONE-WAY,TRAFFIC SIGNAL,DISTRACTION - FROM INSIDE VEHICLE,UNABLE TO DETERMINE,0,0,0,0,18,5,4,664,BROADWAY,41.712626,-87.664592,04/14/2016 06:47:00 PM,2016
CR00033724,10/21/2015 08:21:00 PM,20,SNOW,DAYLIGHT,SIDESWIPE SAME DIRECTION,DIVIDED - W/MEDIAN (NOT RAISED),NO CONTROLS,IMPROPER OVERTAKING/PASSING,NOT APPLICABLE,0,0,3,3,20,4,10,1469,ELSTON AVE,41.726052,-87.511152,10/21/2015 08:41:00 PM,2015
CR00033725,09/26/2019 05:43:00 PM,40,CLEAR,DUSK,FIXED OBJECT,ONE-WAY,NO CONTROLS,FAILING TO YIELD RIGHT-OF-WAY,UNABLE TO DETERMINE,0,0,0,0,17,5,9,931,DAMEN AVE,41.946293,-87.787096,09/26/2019 06:54:00 PM,2019
CR00033726,06/12/2020 01:50:00 AM,30,CLEAR,DARKNESS,PARKED MOTOR VEHICLE,NOT DIVIDED,NO CONTROLS,DISTRACTION - FROM INSIDE VEHICLE,DISREGARDING TRAFFIC SIGNALS,0,1,2,3,1,6,6,1943,PULASKI RD,41.791408,-87.527787,06/12/2020 03:01:00 AM,2020
CR00033727,03/07/2016 05:22:00 PM,30,CLEAR,DAYLIGHT,FIXED OBJECT,DIVIDED - W/MEDIAN BARRIER,TRAFFIC SIGNAL,DRIVING SKILLS/KNOWLEDGE/EXPERIENCE,DISREGARDING TRAFFIC SIGNALS,0,0,0,0,17,2,3,1845,CLARK ST,41.847562,-87.572445,03/07/2016 06:20:00 PM,2016
CR00033728,09/29/2020 10:15:00 AM,35,CLOUDY/OVERCAST,DAYLIGHT,ANGLE,DIVIDED - W/MEDIAN (NOT RAISED),NO CONTROLS,FOLLOWING TOO CLOSELY,NOT APPLICABLE,0,0,2,2,10,3,9,675,ARCHER AVE,41.820459,-87.807205,09/29/2020 10:30:00 AM,2020
CR00033729,01/27/2022 09:06:00 PM,25,CLEAR,DARKNESS - LIGHTED ROAD,TURNING,DIVIDED - W/MEDIAN (NOT RAISED),STOP SIGN/FLASHER,FAILING TO REDUCE SPEED,UNABLE TO DETERMINE,0,0,0,0,21,5,1,130,MILWAUKEE AVE,41.803496,-87.557575,01/27/2022 09:38:00 PM,2022
CR00033730,01/27/2016 07:14:00 AM,35,CLEAR,DARKNESS,REAR END,FOUR WAY,NO CONTROLS,FOLLOWING TOO CLOSELY,UNABLE TO DETERMINE,0,0,0,0,7,4,1,2178,MICHIGAN AVE,41.781274,-87.612401,01/27/2016 07:58:00 AM,2016
CR00033731,07/20/2015 05:14:00 PM,30,CLEAR,DAYLIGHT,SIDESWIPE SAME DIRECTION,FOUR WAY,STOP SIGN/FLASHER,DISREGARDING TRAFFIC SIGNALS,DRIVING SKILLS/KNOWLEDGE/EXPERIENCE,0,0,0,0,17,2,7,2469,DIVISION ST,41.713247,-87.84688,07/20/2015 07:12:00 PM,2015
CR00033732,05/05/2023 06:55:00 AM,30,CLEAR,DAWN,TURNING,NOT DIVIDED,TRAFFIC SIGNAL,UNABLE TO DETERMINE,IMPROPER OVERTAKING/PASSING,0,0,0,0,6,6,5,2041,63RD ST,41.819202,-87.537539,05/05/2023 07:02:00 AM,2023
CR00033733,12/02/2018 06:05:00 PM,30,CLEAR,DAYLIGHT,REAR END,FOUR WAY,TRAFFIC SIGNAL,UNABLE TO DETERMINE,FOLLOWING TOO CLOSELY,0,0,0,0,18,1,12,138,LAKE SHORE DR,41.99598,-87.716657,12/02/2018 06:43:00 PM,2018
CR00033734,02/23/2015 02:37:00 PM,30,RAIN,DAYLIGHT,REAR END,DIVIDED - W/MEDIAN (NOT RAISED),STOP SIGN/FLASHER,UNABLE TO DETERMINE,FAILING TO YIELD RIGHT-OF-WAY,0,0,0,0,14,2,2,838,ROOSEVELT RD,41.76909,-87.505412,02/23/2015 02:49:00 PM,2015
CR00033735,12/20/2022 05:10:00 PM,30,SNOW,DAYLIGHT,SIDESWIPE SAME DIRECTION,NOT DIVIDED,TRAFFIC SIGNAL,UNABLE TO DETERMINE,NOT APPLICABLE,0,0,0,0,17,3,12,2182,MILWAUKEE AVE,41.833929,-87.806136,12/20/2022 06:55:00 PM,2022
CR00033736,02/08/2020 06:58:00 PM,30,CLEAR,DAYLIGHT,REAR END,DIVIDED - W/MEDIAN (NOT RAISED),NO CONTROLS,UNABLE TO DETERMINE,NOT APPLICABLE,0,0,0,0,18,7,2,824,CLARK ST,41.707917,-87.740753,02/08/2020 08:16:00 PM,2020