CRASH_RECORD_ID,CRASH_DATE,POSTED_SPEED_LIMIT,WEATHER_CONDITION,LIGHTING_CONDITION,FIRST_CRASH_TYPE,TRAFFICWAY_TYPE,TRAFFIC_CONTROL_DEVICE,PRIM_CONTRIBUTORY_CAUSE,SEC_CONTRIBUTORY_CAUSE,INJURIES_FATAL,INJURIES_INCAPACITATING,INJURIES_NON_INCAPACITATING,INJURIES_TOTAL,CRASH_HOUR,CRASH_DAY_OF_WEEK,CRASH_MONTH,BEAT_OF_OCCURRENCE,STREET_NAME,LATITUDE,LONGITUDE,DATE_POLICE_NOTIFIED,year
CR00033737,06/30/2021 05:29:00 PM,35,CLEAR,DUSK,REAR END,DIVIDED - W/MEDIAN (NOT RAISED),NO CONTROLS,DISTRACTION - FROM INSIDE VEHICLE,NOT APPLICABLE,0,0,0,0,17,4,6,1922,63RD ST,41.790712,-87.626974,06/30/2021 07:09:00 PM,2021
CR00033738,07/27/2024 05:06:00 AM,30,CLEAR,DAYLIGHT,TURNING,FOUR WAY,NO CONTROLS,DRIVING SKILLS/KNOWLEDGE/EXPERIENCE,UNABLE TO DETERMINE,0,0,0,0,5,7,7,895,PULASKI RD,41.947432,-87.612675,07/27/2024 06:27:00 AM,2024
CR00033739,03/28/2023 08:20:00 AM,35,CLEAR,DAYLIGHT,TURNING,T-INTERSECTION,NO CONTROLS,DRIVING SKILLS/KNOWLEDGE/EXPERIENCE,FOLLOWING TOO CLOSELY,0,0,0,0,8,3,3,2406,ROOSEVELT RD,41.746258,-87.616858,03/28/2023 08:50:00 AM,2023
CR00033740,09/24/2018 08:18:00 AM,30,CLEAR,DAYLIGHT,REAR END,NOT DIVIDED,NO CONTROLS,UNABLE TO DETERMINE,NOT APPLICABLE,0,0,0,0,8,2,9,1970,BROADWAY,41.827584,-87.75468,09/24/2018 09:06:00 AM,2018
CR00033741,10/20/2018 01:14:00 PM,35,CLEAR,DAYLIGHT,FIXED OBJECT,DIVIDED - W/MEDIAN (NOT RAISED),STOP SIGN/FLASHER,UNABLE TO DETERMINE,FOLLOWING TOO CLOSELY,0,0,0,0,13,7,10,1954,ELSTON AVE,41.978529,-87.61292,10/20/2018 02:46:00 PM,2018
CR00033742,06/12/2016 08:53:00 PM,20,CLOUDY/OVERCAST,DARKNESS,REAR END,FOUR WAY,NO CONTROLS,IMPROPER LANE USAGE,FOLLOWING TOO CLOSELY,0,2,1,3,20,1,6,736,ROOSEVELT RD,41.815786,-87.702102,06/12/2016 09:22:00 PM,2016
CR00033743,02/03/2015 10:21:00 AM,20,CLOUDY/OVERCAST,DARKNESS - LIGHTED ROAD,REAR END,DIVIDED - W/MEDIAN (NOT RAISED),STOP SIGN/FLASHER,UNABLE TO DETERMINE,FAILING TO YIELD RIGHT-OF-WAY,0,0,0,0,10,3,2,890,DAMEN AVE,41.916986,-87.752259,02/03/2015 11:28:00 AM,2015
CR00033744,07/09/2015 01:33:00 PM,40,CLOUDY/OVERCAST,DAYLIGHT,REAR TO FRONT,NOT DIVIDED,NO CONTROLS,FOLLOWING TOO CLOSELY,FOLLOWING TOO CLOSELY,0,0,2,2,13,5,7,2392,HALSTED ST,41.831981,-87.665558,07/09/2015 02:11:00 PM,2015
CR00033745,03/17/2023 09:14:00 AM,40,CLEAR,DAWN,REAR TO FRONT,NOT DIVIDED,NO CONTROLS,UNABLE TO DETERMINE,UNABLE TO DETERMINE,0,1,1,2,9,6,3,1565,47TH ST,41.791885,-87.539075,03/17/2023 10:40:00 AM,2023
CR00033746,03/15/2021 02:00:00 PM,35,CLEAR,DARKNESS - LIGHTED ROAD,TURNING,NOT DIVIDED,UNKNOWN,DISREGARDING TRAFFIC SIGNALS,NOT APPLICABLE,0,0,1,1,14,2,3,2527,OGDEN AVE,41.757785,-87.569175,03/15/2021 03:42:00 PM,2021
CR00033747,05/11/2021 02:11:00 PM,35,CLEAR,DAYLIGHT,ANGLE,ONE-WAY,NO CONTROLS,UNABLE TO DETERMINE,FOLLOWING TOO CLOSELY,0,0,0,0,14,3,5,352,MICHIGAN AVE,41.734364,-87.631174,05/11/2021 02:15:00 PM,2021
CR00033748,06/06/2015 01:05:00 AM,30,CLEAR,DARKNESS - LIGHTED ROAD,REAR END,NOT DIVIDED,STOP SIGN/FLASHER,IMPROPER LANE USAGE,NOT APPLICABLE,0,1,2,3,1,7,6,2140,LAKE SHORE DR,41.79009,-87.513277,06/06/2015 02:17:00 AM,2015
CR00033749,02/15/2018 07:50:00 AM,45,CLEAR,DAYLIGHT,FIXED OBJECT,NOT DIVIDED,STOP SIGN/FLASHER,FAILING TO YIELD RIGHT-OF-WAY,NOT APPLICABLE,0,2,2,4,7,5,2,2134,LAKE SHORE DR,41.813328,-87.598315,02/15/2018 08:15:00 AM,2018
CR00033750,12/23/2020 10:00:00 AM,35,CLEAR,DAYLIGHT,PARKED MOTOR VEHICLE,NOT DIVIDED,NO CONTROLS,FAILING TO YIELD RIGHT-OF-WAY,UNABLE TO DETERMINE,0,0,0,0,10,4,12,2157,ROOSEVELT RD,41.822106,-87.593196,12/23/2020 11:01:00 AM,2020
CR00033751,09/27/2022 02:37:00 PM,35,CLEAR,DAYLIGHT,TURNING,NOT DIVIDED,NO CONTROLS,FAILING TO REDUCE SPEED,FOLLOWING TOO CLOSELY,0,0,0,0,14,3,9,672,STATE ST,41.995464,-87.694167,09/27/2022 04:34:00 PM,2022
CR00033752,01/04/2023 03:14:00 PM,15,CLEAR,DAYLIGHT,SIDESWIPE SAME DIRECTION,FOUR WAY,TRAFFIC SIGNAL,FOLLOWING TOO CLOSELY,IMPROPER LANE USAGE,0,0,0,0,15,4,1,102,IRVING PARK RD,41.937605,-87.679354,01/04/2023 03:17:00 PM,2023
CR00033753,12/21/2023 04:22:00 AM,35,CLEAR,DAYLIGHT,REAR END,NOT DIVIDED,YIELD,DISTRACTION - FROM INSIDE VEHICLE,DRIVING SKILLS/KNOWLEDGE/EXPERIENCE,0,0,0,0,4,5,12,358,PULASKI RD,41.829126,-87.564479,12/21/2023 05:52:00 AM,2023
CR00033754,02/12/2017 07:01:00 AM,40,CLEAR,DAYLIGHT,REAR END,NOT DIVIDED,STOP SIGN/FLASHER,DRIVING SKILLS/KNOWLEDGE/EXPERIENCE,UNABLE TO DETERMINE,0,0,0,0,7,1,2,1546,63RD ST,41.736003,-87.588849,02/12/2017 07:36:00 AM,2017
CR00033755,04/29/2019 05:55:00 PM,20,CLEAR,DAWN,TURNING,NOT DIVIDED,TRAFFIC SIGNAL,FAILING TO YIELD RIGHT-OF-WAY,IMPROPER LANE USAGE,0,0,0,0,17,2,4,722,DIVISION ST,41.726357,-87.816516,04/29/2019 06:37:00 PM,2019
CR00033756,08/13/2023 12:08:00 PM,20,CLEAR,DAYLIGHT,REAR TO FRONT,T-INTERSECTION,NO CONTROLS,UNABLE TO DETERMINE,UNABLE TO DETERMINE,0,0,3,3,12,1,8,2493,HALSTED ST,41.842141,-87.736666,08/13/2023 12:15:00 PM,2023
CR00033757,01/20/2015 06:32:00 AM,30,RAIN,DARKNESS - LIGHTED ROAD,REAR END,NOT DIVIDED,TRAFFIC SIGNAL,DISTRACTION - FROM INSIDE VEHICLE,WEATHER,0,0,0,0,6,3,1,1384,LAKE SHORE DR,41.711286,-87.635283,01/20/2015 07:32:00 AM,2015
CR00033758,02/25/2023 08:47:00 AM,35,CLEAR,DAYLIGHT,SIDESWIPE SAME DIRECTION,NOT DIVIDED,TRAFFIC SIGNAL,FOLLOWING TOO CLOSELY,NOT APPLICABLE,0,0,0,0,8,7,2,1717,PULASKI RD,41.931315,-87.559394,02/25/2023 10:34:00 AM,2023
CR00033759,11/06/2021 07:12:00 PM,40,CLEAR,DAYLIGHT,ANGLE,DIVIDED - W/MEDIAN (NOT RAISED),NO CONTROLS,FAILING TO YIELD RIGHT-OF-WAY,FAILING TO YIELD RIGHT-OF-WAY,0,0,0,0,19,7,11,543,CALIFORNIA AVE,41.946534,-87.625008,11/06/2021 08:45:00 PM,2021
CR00033760,12/17/2018 08:02:00 AM,25,CLEAR,DARKNESS - LIGHTED ROAD,REAR END,FOUR WAY,NO CONTROLS,UNABLE TO DETERMINE,UNABLE TO DETERMINE,0,0,0,0,8,2,12,2497,ELSTON AVE,41.926524,-87.731488,12/17/2018 09:08:00 AM,2018
CR00033761,04/12/2015 11:51:00 AM,15,CLEAR,DARKNESS - LIGHTED ROAD,PARKED MOTOR VEHICLE,DIVIDED - W/MEDIAN (NOT RAISED),TRAFFIC SIGNAL,FAILING TO YIELD RIGHT-OF-WAY,FOLLOWING TOO CLOSELY,0,0,1,1,11,1,4,2332,ELSTON AVE,41.920822,-87.668055,04/12/2015 01:26:00 PM,2015
CR00033762,06/11/2021 09:47:00 AM,40,CLEAR,DARKNESS,TURNING,NOT DIVIDED,TRAFFIC SIGNAL,FAILING TO YIELD RIGHT-OF-WAY,WEATHER,0,0,0,0,9,6,6,2285,STATE ST,41.705661,-87.698239,06/11/2021 10:51:00 AM,2021
CR00033763,09/09/2017 06:43:00 AM,45,CLEAR,DAYLIGHT,ANGLE,FOUR WAY,STOP SIGN/FLASHER,FAILING TO YIELD RIGHT-OF-WAY,NOT APPLICABLE,0,0,1,1,6,7,9,2262,CALIFORNIA AVE,41.727427,-87.60582,09/09/2017 07:19:00 AM,2017
CR00033764,11/19/2016 02:34:00 AM,25,FOG/SMOKE/HAZE,DAYLIGHT,REAR END,FOUR WAY,STOP SIGN/FLASHER,IMPROPER OVERTAKING/PASSING,NOT APPLICABLE,0,0,0,0,2,7,11,2518,DIVISION ST,41.947414,-87.611946,11/19/2016 04:18:00 AM,2016
CR00033765,11/26/2015 06:11:00 PM,35,CLEAR,DARKNESS - LIGHTED ROAD,PEDESTRIAN,DIVIDED - W/MEDIAN BARRIER,STOP SIGN/FLASHER,DISREGARDING TRAFFIC SIGNALS,UNABLE TO DETERMINE,0,0,0,0,18,5,11,1917,IRVING PARK RD,41.772617,-87.784597,11/26/2015 06:56:00 PM,2015
CR00033766,04/18/2024 05:29:00 PM,25,FOG/SMOKE/HAZE,DAYLIGHT,ANGLE,NOT DIVIDED,TRAFFIC SIGNAL,FAILING TO YIELD RIGHT-OF-WAY,IMPROPER OVERTAKING/PASSING,0,0,3,3,17,5,4,2073,IRVING PARK RD,41.714843,-87.653161,04/18/2024 05:59:00 PM,2024
CR00033767,03/16/2020 04:06:00 PM,30,RAIN,DAYLIGHT,FIXED OBJECT,DIVIDED - W/MEDIAN (NOT RAISED),NO CONTROLS,DISTRACTION - FROM INSIDE VEHICLE,NOT APPLICABLE,0,0,0,0,16,2,3,1048,ASHLAND AVE,41.852407,-87.738851,03/16/2020 05:24:00 PM,2020
CR00033768,02/17/2024 08:37:00 AM,45,CLEAR,DARKNESS - LIGHTED ROAD,SIDESWIPE SAME DIRECTION,DIVIDED - W/MEDIAN (NOT RAISED),TRAFFIC SIGNAL,FOLLOWING TOO CLOSELY,FAILING TO YIELD RIGHT-OF-WAY,0,0,0,0,8,7,2,842,IRVING PARK RD,41.88926,-87.793479,02/17/2024 08:52:00 AM,2024
CR00033769,06/06/2016 07:27:00 AM,40,CLEAR,DARKNESS - LIGHTED ROAD,PEDESTRIAN,NOT DIVIDED,UNKNOWN,FOLLOWING TOO CLOSELY,DISTRACTION - FROM INSIDE VEHICLE,0,0,0,0,7,2,6,1424,ASHLAND AVE,41.742548,-87.627691,06/06/2016 09:10:00 AM,2016
CR00033770,04/24/2021 12:18:00 PM,35,CLEAR,DARKNESS - LIGHTED ROAD,REAR END,DIVIDED - W/MEDIAN (NOT RAISED),UNKNOWN,FAILING TO YIELD RIGHT-OF-WAY,IMPROPER LANE USAGE,0,0,0,0,12,7,4,875,STATE ST,41.945351,-87.577592,04/24/2021 01:00:00 PM,2021
CR00033771,05/09/2015 03:02:00 PM,30,CLEAR,DAYLIGHT,TURNING,DIVIDED - W/MEDIAN (NOT RAISED),NO CONTROLS,UNABLE TO DETERMINE,UNABLE TO DETERMINE,0,0,0,0,15,7,5,1727,HALSTED ST,41.763587,-87.743204,05/09/2015 03:14:00 PM,2015
CR00033772,11/03/2019 12:40:00 AM,25,CLEAR,DAYLIGHT,PEDESTRIAN,DIVIDED - W/MEDIAN BARRIER,NO CONTROLS,WEATHER,NOT APPLICABLE,0,0,0,0,0,1,11,1814,MILWAUKEE AVE,41.87352,-87.793402,11/03/2019 01:09:00 AM,2019
CR00033773,02/22/2017 11:07:00 AM,30,CLEAR,DAYLIGHT,REAR END,NOT DIVIDED,TRAFFIC SIGNAL,FOLLOWING TOO CLOSELY,DISREGARDING TRAFFIC SIGNALS,0,0,0,0,11,4,2,291,LAKE SHORE DR,41.846241,-87.696676,02/22/2017 12:58:00 PM,2017
CR00033774,12/02/2018 02:45:00 PM,30,SNOW,DAYLIGHT,TURNING,NOT DIVIDED,NO CONTROLS,FOLLOWING TOO CLOSELY,FAILING TO YIELD RIGHT-OF-WAY,0,0,0,0,14,1,12,1183,ARCHER AVE,41.70438,-87.718563,12/02/2018 03:38:00 PM,2018
CR00033775,10/05/2018 07:47:00 AM,35,CLEAR,DARKNESS - LIGHTED ROAD,FIXED OBJECT,DIVIDED - W/MEDIAN BARRIER,NO CONTROLS,FAILING TO YIELD RIGHT-OF-WAY,NOT APPLICABLE,0,0,0,0,7,6,10,1777,LAKE SHORE DR,41.905368,-87.822132,10/05/2018 08:13:00 AM,2018
CR00033776,01/05/2015 03:43:00 PM,30,CLEAR,DAYLIGHT,ANGLE,NOT DIVIDED,NO CONTROLS,UNABLE TO DETERMINE,FAILING TO YIELD RIGHT-OF-WAY,0,2,0,2,15,2,1,1234,ELSTON AVE,41.885153,-87.557456,01/05/2015 03:45:00 PM,2015
CR00033777,10/04/2021 08:08:00 AM,20,CLEAR,DAWN,REAR END,DIVIDED - W/MEDIAN (NOT RAISED),NO CONTROLS,IMPROPER OVERTAKING/PASSING,FOLLOWING TOO CLOSELY,0,0,0,0,8,2,10,2207,HALSTED ST,41.822703,-87.763913,10/04/2021 09:15:00 AM,2021
CR00033778,02/03/2022 12:15:00 PM,30,CLEAR,DARKNESS - LIGHTED ROAD,REAR END,NOT DIVIDED,NO CONTROLS,IMPROPER OVERTAKING/PASSING,DRIVING SKILLS/KNOWLEDGE/EXPERIENCE,0,0,0,0,12,5,2,471,BROADWAY,41.818103,-87.836272,02/03/2022 12:21:00 PM,2022
CR00033779,07/10/2024 09:09:00 PM,40,CLEAR,DARKNESS - LIGHTED ROAD,REAR END,DIVIDED - W/MEDIAN BARRIER,NO CONTROLS,FOLLOWING TOO CLOSELY,FAILING TO YIELD RIGHT-OF-WAY,0,0,1,1,21,4,7,218,PULASKI RD,41.946057,-87.586818,07/10/2024 10:13:00 PM,2024
CR00033780,09/20/2019 05:01:00 PM,30,CLEAR,DARKNESS - LIGHTED ROAD,ANGLE,FOUR WAY,TRAFFIC SIGNAL,UNABLE TO DETERMINE,UNABLE TO DETERMINE,0,0,1,1,17,6,9,444,ARCHER AVE,41.918542,-87.693407,09/20/2019 06:25:00 PM,2019
CR00033781,01/24/2016 09:16:00 PM,15,CLEAR,DARKNESS - LIGHTED ROAD,FIXED OBJECT,DIVIDED - W/MEDIAN BARRIER,STOP SIGN/FLASHER,FOLLOWING TOO CLOSELY,FOLLOWING TOO CLOSELY,0,0,0,0,21,1,1,741,KEDZIE AVE,41.803873,-87.720504,01/24/2016 10:48:00 PM,2016
CR00033782,01/23/2022 05:14:00 AM,30,CLEAR,DARKNESS - LIGHTED ROAD,REAR END,NOT DIVIDED,NO CONTROLS,WEATHER,DISREGARDING TRAFFIC SIGNALS,0,0,0,0,5,1,1,1250,WESTERN AVE,41.819423,-87.659764,01/23/2022 07:14:00 AM,2022
CR00033783,01/21/2022 10:02:00 PM,15,CLEAR,DAYLIGHT,REAR END,NOT DIVIDED,NO CONTROLS,DISREGARDING TRAFFIC SIGNALS,UNABLE TO DETERMINE,0,0,0,0,22,6,1,1303,HALSTED ST,41.740274,-87.75814,01/21/2022 10:24:00 PM,2022
CR00033784,11/05/2021 07:00:00 PM,20,CLEAR,DUSK,SIDESWIPE SAME DIRECTION,NOT DIVIDED,NO CONTROLS,IMPROPER OVERTAKING/PASSING,FOLLOWING TOO CLOSELY,0,0,0,0,19,6,11,1721,47TH ST,41.983035,-87.633874,11/05/2021 08:14:00 PM,2021
CR00033785,05/05/2016 12:11:00 PM,30,FREEZING RAIN/DRIZZLE,DAYLIGHT,PARKED MOTOR VEHICLE,T-INTERSECTION,NO CONTROLS,UNABLE TO DETERMINE,FOLLOWING TOO CLOSELY,0,0,0,0,12,5,5,2034,MILWAUKEE AVE,41.736535,-87.772835,05/05/2016 01:07:00 PM,2016
CR00033786,09/29/2019 11:51:00 AM,45,RAIN,DAYLIGHT,PARKED MOTOR VEHICLE,FOUR WAY,TRAFFIC SIGNAL,UNABLE TO DETERMINE,FAILING TO REDUCE SPEED,0,0,0,0,11,1,9,1215,MILWAUKEE AVE,41.929542,-87.764965,09/29/2019 12:57:00 PM,2019
CR00033787,11/15/2021 05:21:00 PM,25,CLEAR,DAYLIGHT,TURNING,DIVIDED - W/MEDIAN (NOT RAISED),NO CONTROLS,UNABLE TO DETERMINE,FOLLOWING TOO CLOSELY,0,0,1,1,17,2,11,1635,63RD ST,41.978738,-87.637159,11/15/2021 05:28:00 PM,2021
CR00033788,06/04/2016 01:29:00 AM,20,CLEAR,DARKNESS,TURNING,NOT DIVIDED,TRAFFIC SIGNAL,UNABLE TO DETERMINE,DRIVING SKILLS/KNOWLEDGE/EXPERIENCE,0,0,0,0,1,7,6,1375,IRVING PARK RD,41.736591,-87.758191,06/04/2016 03:22:00 AM,2016
CR00033789,05/14/2019 08:57:00 AM,40,CLEAR,DAYLIGHT,REAR END,DIVIDED - W/MEDIAN (NOT RAISED),TRAFFIC SIGNAL,DRIVING SKILLS/KNOWLEDGE/EXPERIENCE,FOLLOWING TOO CLOSELY,0,0,0,0,8,3,5,1971,CLARK ST,41.76609,-87.611523,05/14/2019 09:05:00 AM,2019
CR00033790,05/25/2016 11:51:00 AM,45,CLEAR,DUSK,SIDESWIPE SAME DIRECTION,T-INTERSECTION,NO CONTROLS,UNABLE TO DETERMINE,NOT APPLICABLE,0,0,0,0,11,4,5,2200,PULASKI RD,41.837437,-87.662026,05/25/2016 01:09:00 PM,2016
CR00033791,07/06/2021 06:46:00 PM,30,CLOUDY/OVERCAST,DAYLIGHT,REAR END,NOT DIVIDED,TRAFFIC SIGNAL,UNABLE TO DETERMINE,FAILING TO REDUCE SPEED,0,0,0,0,18,3,7,1897,WESTERN AVE,41.772284,-87.696847,07/06/2021 07:14:00 PM,2021
CR00033792,04/28/2017 08:43:00 AM,30,RAIN,DAYLIGHT,REAR END,FOUR WAY,NO CONTROLS,UNABLE TO DETERMINE,NOT APPLICABLE,0,0,0,0,8,6,4,1487,BROADWAY,41.818272,-87.67259,04/28/2017 10:08:00 AM,2017
CR00033793,02/14/2016 02:30:00 PM,20,CLEAR,DAYLIGHT,ANGLE,DIVIDED - W/MEDIAN (NOT RAISED),STOP SIGN/FLASHER,DRIVING SKILLS/KNOWLEDGE/EXPERIENCE,WEATHER,0,0,1,1,14,1,2,977,DAMEN AVE,41.766788,-87.653344,02/14/2016 03:01:00 PM,2016
CR00033794,01/24/2021 07:54:00 AM,35,CLEAR,DUSK,SIDESWIPE SAME DIRECTION,NOT DIVIDED,NO CONTROLS,DISREGARDING TRAFFIC SIGNALS,FAILING TO YIELD RIGHT-OF-WAY,0,0,0,0,7,1,1,571,CLARK ST,41.911511,-87.621081,01/24/2021 09:05:00 AM,2021
CR00033795,08/15/2019 12:42:00 AM,15,CLOUDY/OVERCAST,DUSK,REAR END,NOT DIVIDED,TRAFFIC SIGNAL,IMPROPER OVERTAKING/PASSING,DRIVING SKILLS/KNOWLEDGE/EXPERIENCE,0,0,0,0,0,5,8,1401,CLARK ST,41.871516,-87.655421,08/15/2019 12:59:00 AM,2019
CR00033796,09/21/2019 06:05:00 PM,30,RAIN,DUSK,TURNING,FOUR WAY,STOP SIGN/FLASHER,IMPROPER LANE USAGE,IMPROPER LANE USAGE,0,0,0,0,18,7,9,2141,79TH ST,41.77264,-87.596451,09/21/2019 07:45:00 PM,2019
CR00033797,04/22/2023 10:09:00 AM,30,CLEAR,DARKNESS - LIGHTED ROAD,PARKED MOTOR VEHICLE,NOT DIVIDED,NO CONTROLS,UNABLE TO DETERMINE,IMPROPER LANE USAGE,0,0,1,1,10,7,4,649,OGDEN AVE,41.946987,-87.709242,04/22/2023 11:16:00 AM,2023
CR00033798,10/12/2015 03:18:00 PM,30,CLEAR,DAYLIGHT,FIXED OBJECT,NOT DIVIDED,TRAFFIC SIGNAL,FAILING TO YIELD RIGHT-OF-WAY,DRIVING SKILLS/KNOWLEDGE/EXPERIENCE,0,0,0,0,15,2,10,2302,WESTERN AVE,41.824198,-87.604669,10/12/2015 03:49:00 PM,2015
CR00033799,01/21/2021 01:23:00 PM,35,CLEAR,DAYLIGHT,REAR TO FRONT,DIVIDED - W/MEDIAN (NOT RAISED),TRAFFIC SIGNAL,UNABLE TO DETERMINE,UNABLE TO DETERMINE,0,0,0,0,13,5,1,440,DIVISION ST,41.875728,-87.746415,01/21/2021 03:00:00 PM,2021
CR00033800,11/06/2015 08:01:00 PM,45,CLEAR,DARKNESS - LIGHTED ROAD,REAR TO FRONT,NOT DIVIDED,STOP SIGN/FLASHER,IMPROPER OVERTAKING/PASSING,NOT APPLICABLE,0,0,0,0,20,6,11,2118,CICERO AVE,41.875303,-87.607022,11/06/2015 08:13:00 PM,2015
CR00033801,08/03/2022 05:29:00 PM,30,CLEAR,DAYLIGHT,REAR END,NOT DIVIDED,NO CONTROLS,FOLLOWING TOO CLOSELY,UNABLE TO DETERMINE,0,0,0,0,17,4,8,1218,ARCHER AVE,41.940071,-87.676672,08/03/2022 07:28:00 PM,2022
CR00033802,04/25/2016 10:00:00 AM,30,FREEZING RAIN/DRIZZLE,DAYLIGHT,REAR END,NOT DIVIDED,PEDESTRIAN CROSSING SIGN,FAILING TO YIELD RIGHT-OF-WAY,FOLLOWING TOO CLOSELY,0,0,1,1,10,2,4,582,CLARK ST,41.874064,-87.502522,04/25/2016 11:26:00 AM,2016
CR00033803,10/26/2020 01:43:00 AM,30,CLOUDY/OVERCAST,DAYLIGHT,FIXED OBJECT,NOT DIVIDED,TRAFFIC SIGNAL,DISREGARDING TRAFFIC SIGNALS,FAILING TO YIELD RIGHT-OF-WAY,0,0,0,0,1,2,10,413,OGDEN AVE,41.729341,-87.70805,10/26/2020 03:10:00 AM,2020
CR00033804,01/19/2019 08:56:00 AM,40,CLOUDY/OVERCAST,DUSK,SIDESWIPE SAME DIRECTION,DIVIDED - W/MEDIAN (NOT RAISED),UNKNOWN,WEATHER,FAILING TO YIELD RIGHT-OF-WAY,0,0,0,0,8,7,1,1099,PULASKI RD,41.708742,-87.708756,01/19/2019 09:01:00 AM,2019
CR00033805,08/19/2021 10:56:00 AM,30,CLEAR,DARKNESS - LIGHTED ROAD,REAR TO FRONT,NOT DIVIDED,TRAFFIC SIGNAL,IMPROPER OVERTAKING/PASSING,NOT APPLICABLE,0,0,0,0,10,5,8,1487,DIVISION ST,41.816765,-87.624669,08/19/2021 12:19:00 PM,2021
CR00033806,01/25/2023 11:14:00 AM,20,CLEAR,DAYLIGHT,SIDESWIPE SAME DIRECTION,FOUR WAY,NO CONTROLS,DISTRACTION - FROM INSIDE VEHICLE,IMPROPER OVERTAKING/PASSING,0,0,0,0,11,4,1,1970,OGDEN AVE,41.706751,-87.711887,01/25/2023 11:34:00 AM,2023
CR00033807,11/18/2023 04:35:00 PM,40,FOG/SMOKE/HAZE,DAYLIGHT,REAR END,NOT DIVIDED,TRAFFIC SIGNAL,IMPROPER LANE USAGE,UNABLE TO DETERMINE,0,0,0,0,16,7,11,623,ARCHER AVE,41.953754,-87.58094,11/18/2023 06:15:00 PM,2023
CR00033808,05/20/2024 03:23:00 AM,30,CLEAR,DARKNESS - LIGHTED ROAD,PARKED MOTOR VEHICLE,DIVIDED - W/MEDIAN (NOT RAISED),NO CONTROLS,FAILING TO YIELD RIGHT-OF-WAY,FAILING TO YIELD RIGHT-OF-WAY,0,0,1,1,3,2,5,156,WESTERN AVE,41.816423,-87.766473,05/20/2024 04:23:00 AM,2024
CR00033809,07/11/2023 05:31:00 PM,45,CLEAR,DAYLIGHT,REAR END,NOT DIVIDED,STOP SIGN/FLASHER,UNABLE TO DETERMINE,DRIVING SKILLS/KNOWLEDGE/EXPERIENCE,0,0,0,0,17,3,7,302,CICERO AVE,41.792309,-87.564173,07/11/2023 06:58:00 PM,2023
CR00033810,12/11/2022 02:46:00 PM,30,CLEAR,DAYLIGHT,ANGLE,DIVIDED - W/MEDIAN BARRIER,TRAFFIC SIGNAL,FOLLOWING TOO CLOSELY,DISTRACTION - FROM INSIDE VEHICLE,0,0,0,0,14,1,12,1710,KEDZIE AVE,41.718985,-87.731599,12/11/2022 02:59:00 PM,2022
CR00033811,03/31/2016 01:02:00 PM,30,CLEAR,DARKNESS - LIGHTED ROAD,TURNING,ONE-WAY,NO CONTROLS,UNABLE TO DETERMINE,WEATHER,0,0,2,2,13,5,3,100,BROADWAY,41.753585,-87.582303,03/31/2016 01:05:00 PM,2016
CR00033812,05/11/2020 02:20:00 AM,45,CLEAR,DAYLIGHT,ANGLE,NOT DIVIDED,NO CONTROLS,UNABLE TO DETERMINE,UNABLE TO DETERMINE,0,0,2,2,2,2,5,512,CALIFORNIA AVE,41.806021,-87.511562,05/11/2020 03:59:00 AM,2020
CR00033813,04/28/2023 04:50:00 AM,30,RAIN,DAYLIGHT,SIDESWIPE SAME DIRECTION,DIVIDED - W/MEDIAN (NOT RAISED),NO CONTROLS,FOLLOWING TOO CLOSELY,FOLLOWING TOO CLOSELY,0,0,0,0,4,6,4,2035,STONY ISLAND AVE,41.992293,-87.811698,04/28/2023 05:37:00 AM,2023
CR00033814,02/02/2018 02:02:00 PM,30,CLEAR,DAYLIGHT,TURNING,NOT DIVIDED,TRAFFIC SIGNAL,DISREGARDING TRAFFIC SIGNALS,DRIVING SKILLS/KNOWLEDGE/EXPERIENCE,0,0,0,0,14,6,2,2486,ASHLAND AVE,41.713938,-87.792315,02/02/2018 03:48:00 PM,2018
CR00033815,07/10/2015 09:33:00 PM,35,CLOUDY/OVERCAST,DARKNESS - LIGHTED ROAD,TURNING,NOT DIVIDED,TRAFFIC SIGNAL,IMPROPER LANE USAGE,IMPROPER LANE USAGE,0,0,0,0,21,6,7,398,PULASKI RD,41.951475,-87.593338,07/10/2015 10:12:00 PM,2015
CR00033816,09/20/2017 07:49:00 PM,30,CLEAR,DAYLIGHT,SIDESWIPE SAME DIRECTION,DIVIDED - W/MEDIAN BARRIER,TRAFFIC SIGNAL,FOLLOWING TOO CLOSELY,NOT APPLICABLE,0,0,0,0,19,4,9,133,STONY ISLAND AVE,41.88897,-87.834286,09/20/2017 08:00:00 PM,2017
CR00033817,07/21/2022 07:52:00 AM,25,CLEAR,DARKNESS - LIGHTED ROAD,TURNING,DIVIDED - W/MEDIAN BARRIER,STOP SIGN/FLASHER,FOLLOWING TOO CLOSELY,FAILING TO YIELD RIGHT-OF-WAY,0,0,0,0,7,5,7,1157,CICERO AVE,41.884807,-87.671097,07/21/2022 07:53:00 AM,2022
CR00033818,03/23/2023 05:12:00 PM,30,CLEAR,DAYLIGHT,REAR END,NOT DIVIDED,TRAFFIC SIGNAL,DISREGARDING TRAFFIC SIGNALS,IMPROPER OVERTAKING/PASSING,0,0,0,0,17,5,3,729,47TH ST,41.847474,-87.512505,03/23/2023 05:16:00 PM,2023