CRASH_RECORD_ID,CRASH_DATE,POSTED_SPEED_LIMIT,WEATHER_CONDITION,LIGHTING_CONDITION,FIRST_CRASH_TYPE,TRAFFICWAY_TYPE,TRAFFIC_CONTROL_DEVICE,PRIM_CONTRIBUTORY_CAUSE,SEC_CONTRIBUTORY_CAUSE,INJURIES_FATAL,INJURIES_INCAPACITATING,INJURIES_NON_INCAPACITATING,INJURIES_TOTAL,CRASH_HOUR,CRASH_DAY_OF_WEEK,CRASH_MONTH,BEAT_OF_OCCURRENCE,STREET_NAME,LATITUDE,LONGITUDE,DATE_POLICE_NOTIFIED,year
CR00033819,08/12/2020 08:11:00 AM,30,CLEAR,DARKNESS,SIDESWIPE SAME DIRECTION,NOT DIVIDED,TRAFFIC SIGNAL,FAILING TO YIELD RIGHT-OF-WAY,UNABLE TO DETERMINE,0,0,0,0,8,4,8,1178,ELSTON AVE,41.721888,-87.572547,08/12/2020 08:57:00 AM,2020
CR00033820,03/17/2022 03:38:00 PM,30,CLEAR,DAYLIGHT,ANGLE,DIVIDED - W/MEDIAN (NOT RAISED),NO CONTROLS,UNABLE TO DETERMINE,FAILING TO YIELD RIGHT-OF-WAY,0,0,1,1,15,5,3,1837,DAMEN AVE,41.970135,-87.760479,03/17/2022 05:37:00 PM,2022
CR00033821,08/11/2019 04:57:00 PM,35,CLEAR,DAYLIGHT,TURNING,DIVIDED - W/MEDIAN (NOT RAISED),STOP SIGN/FLASHER,DRIVING SKILLS/KNOWLEDGE/EXPERIENCE,FAILING TO YIELD RIGHT-OF-WAY,0,0,3,3,16,1,8,1349,ASHLAND AVE,41.781131,-87.835381,08/11/2019 06:29:00 PM,2019
CR00033822,02/03/2015 08:19:00 AM,35,CLEAR,DAYLIGHT,REAR END,ONE-WAY,PEDESTRIAN CROSSING SIGN,IMPROPER OVERTAKING/PASSING,NOT APPLICABLE,0,0,0,0,8,3,2,2497,DIVISION ST,41.750988,-87.641253,02/03/2015 08:49:00 AM,2015
CR00033823,04/16/2016 08:34:00 PM,40,RAIN,DARKNESS - LIGHTED ROAD,PARKED MOTOR VEHICLE,NOT DIVIDED,NO CONTROLS,UNABLE TO DETERMINE,FOLLOWING TOO CLOSELY,0,0,0,0,20,7,4,211,FULLERTON AVE,41.866928,-87.587374,04/16/2016 10:34:00 PM,2016
CR00033824,09/18/2017 08:02:00 AM,45,CLEAR,DUSK,REAR END,ONE-WAY,NO CONTROLS,UNABLE TO DETERMINE,FAILING TO REDUCE SPEED,0,0,0,0,8,2,9,509,CLARK ST,41.777477,-87.652398,09/18/2017 08:30:00 AM,2017
CR00033825,04/09/2021 08:32:00 AM,30,CLEAR,DAYLIGHT,SIDESWIPE SAME DIRECTION,ONE-WAY,NO CONTROLS,UNABLE TO DETERMINE,UNABLE TO DETERMINE,0,0,0,0,8,6,4,284,CLARK ST,41.901323,-87.753709,04/09/2021 09:50:00 AM,2021
CR00033826,01/29/2017 12:38:00 PM,15,CLEAR,DAYLIGHT,REAR END,NOT DIVIDED,STOP SIGN/FLASHER,FOLLOWING TOO CLOSELY,UNABLE TO DETERMINE,0,0,0,0,12,1,1,1287,63RD ST,41.727443,-87.651892,01/29/2017 01:22:00 PM,2017
CR00033827,06/01/2024 05:43:00 PM,45,SNOW,DAYLIGHT,REAR END,DIVIDED - W/MEDIAN (NOT RAISED),NO CONTROLS,DRIVING SKILLS/KNOWLEDGE/EXPERIENCE,UNABLE TO DETERMINE,0,0,0,0,17,7,6,817,WESTERN AVE,41.802132,-87.683699,06/01/2024 06:49:00 PM,2024
CR00033828,02/15/2016 09:18:00 AM,40,CLEAR,DAYLIGHT,TURNING,NOT DIVIDED,TRAFFIC SIGNAL,UNABLE TO DETERMINE,DISTRACTION - FROM INSIDE VEHICLE,0,0,1,1,9,2,2,1236,STONY ISLAND AVE,41.79307,-87.569338,02/15/2016 11:12:00 AM,2016
CR00033829,03/09/2024 11:30:00 AM,45,RAIN,DARKNESS - LIGHTED ROAD,ANGLE,ONE-WAY,TRAFFIC SIGNAL,FAILING TO YIELD RIGHT-OF-WAY,FAILING TO YIELD RIGHT-OF-WAY,0,0,0,0,11,7,3,1212,DAMEN AVE,41.710978,-87.611911,03/09/2024 01:30:00 PM,2024
CR00033830,03/25/2015 06:29:00 PM,20,CLEAR,DAYLIGHT,TURNING,ONE-WAY,STOP SIGN/FLASHER,UNABLE TO DETERMINE,NOT APPLICABLE,0,0,3,3,18,4,3,1421,ELSTON AVE,41.963065,-87.675658,03/25/2015 07:55:00 PM,2015
CR00033831,09/04/2023 05:30:00 PM,35,RAIN,DAYLIGHT,FIXED OBJECT,NOT DIVIDED,TRAFFIC SIGNAL,FOLLOWING TOO CLOSELY,NOT APPLICABLE,0,1,3,4,17,2,9,511,47TH ST,41.966997,-87.765726,09/04/2023 07:29:00 PM,2023
CR00033832,01/17/2020 04:03:00 AM,35,CLOUDY/OVERCAST,DARKNESS - LIGHTED ROAD,REAR END,DIVIDED - W/MEDIAN BARRIER,TRAFFIC SIGNAL,UNABLE TO DETERMINE,NOT APPLICABLE,0,0,0,0,4,6,1,1153,BROADWAY,41.703486,-87.557435,01/17/2020 04:39:00 AM,2020
CR00033833,09/02/2019 01:16:00 AM,35,CLEAR,DARKNESS - LIGHTED ROAD,REAR END,ONE-WAY,NO CONTROLS,UNABLE TO DETERMINE,UNABLE TO DETERMINE,0,0,0,0,1,2,9,1034,ROOSEVELT RD,41.767561,-87.654639,09/02/2019 02:38:00 AM,2019
CR00033834,12/31/2021 03:37:00 PM,45,CLEAR,DAYLIGHT,REAR END,NOT DIVIDED,NO CONTROLS,UNABLE TO DETERMINE,NOT APPLICABLE,0,0,0,0,15,6,12,2356,DAMEN AVE,41.838213,-87.581947,12/31/2021 04:43:00 PM,2021
CR00033835,05/20/2016 08:32:00 AM,30,CLEAR,DARKNESS - LIGHTED ROAD,PARKED MOTOR VEHICLE,ONE-WAY,TRAFFIC SIGNAL,DRIVING SKILLS/KNOWLEDGE/EXPERIENCE,NOT APPLICABLE,0,0,0,0,8,6,5,389,STONY ISLAND AVE,41.928972,-87.77689,05/20/2016 09:19:00 AM,2016
CR00033836,09/08/2024 08:28:00 PM,45,SNOW,DARKNESS,TURNING,DIVIDED - W/MEDIAN BARRIER,YIELD,UNABLE TO DETERMINE,FOLLOWING TOO CLOSELY,0,0,0,0,20,1,9,740,63RD ST,41.872189,-87.74099,09/08/2024 10:06:00 PM,2024
CR00033837,12/14/2019 12:25:00 AM,35,CLOUDY/OVERCAST,DARKNESS - LIGHTED ROAD,PARKED MOTOR VEHICLE,NOT DIVIDED,NO CONTROLS,FAILING TO YIELD RIGHT-OF-WAY,DISREGARDING TRAFFIC SIGNALS,0,0,0,0,0,7,12,2457,63RD ST,41.853411,-87.555462,12/14/2019 01:23:00 AM,2019
CR00033838,07/18/2023 08:31:00 AM,35,CLEAR,DAYLIGHT,PARKED MOTOR VEHICLE,T-INTERSECTION,NO CONTROLS,DISTRACTION - FROM INSIDE VEHICLE,UNABLE TO DETERMINE,0,0,0,0,8,3,7,1731,MICHIGAN AVE,41.729349,-87.618452,07/18/2023 09:42:00 AM,2023
CR00033839,09/22/2020 07:38:00 PM,35,CLEAR,DAYLIGHT,FIXED OBJECT,NOT DIVIDED,NO CONTROLS,FAILING TO YIELD RIGHT-OF-WAY,FOLLOWING TOO CLOSELY,0,0,0,0,19,3,9,2374,DAMEN AVE,41.715699,-87.584125,09/22/2020 08:28:00 PM,2020
CR00033840,08/21/2015 02:22:00 PM,40,CLOUDY/OVERCAST,DAYLIGHT,REAR END,FOUR WAY,TRAFFIC SIGNAL,UNABLE TO DETERMINE,FAILING TO YIELD RIGHT-OF-WAY,0,0,0,0,14,6,8,2201,STATE ST,41.969222,-87.817058,08/21/2015 03:25:00 PM,2015
CR00033841,11/13/2015 01:54:00 PM,45,FOG/SMOKE/HAZE,DAYLIGHT,ANGLE,NOT DIVIDED,STOP SIGN/FLASHER,DISTRACTION - FROM INSIDE VEHICLE,NOT APPLICABLE,0,0,3,3,13,6,11,1631,WESTERN AVE,41.932863,-87.846872,11/13/2015 03:25:00 PM,2015
CR00033842,09/27/2019 02:49:00 PM,30,CLEAR,DARKNESS - LIGHTED ROAD,PARKED MOTOR VEHICLE,FOUR WAY,STOP SIGN/FLASHER,UNABLE TO DETERMINE,IMPROPER OVERTAKING/PASSING,0,0,0,0,14,6,9,285,PULASKI RD,41.990857,-87.685278,09/27/2019 04:36:00 PM,2019
CR00033843,10/27/2019 06:37:00 PM,30,CLEAR,DAYLIGHT,REAR END,NOT DIVIDED,NO CONTROLS,IMPROPER LANE USAGE,NOT APPLICABLE,0,0,1,1,18,1,10,1361,STATE ST,41.910763,-87.837211,10/27/2019 07:19:00 PM,2019
CR00033844,09/06/2018 08:52:00 PM,30,RAIN,DARKNESS,ANGLE,DIVIDED - W/MEDIAN BARRIER,TRAFFIC SIGNAL,FAILING TO YIELD RIGHT-OF-WAY,IMPROPER LANE USAGE,0,0,0,0,20,5,9,1445,ELSTON AVE,41.815974,-87.747875,09/06/2018 10:12:00 PM,2018
CR00033845,01/16/2019 08:01:00 AM,45,CLOUDY/OVERCAST,DAYLIGHT,TURNING,NOT DIVIDED,NO CONTROLS,IMPROPER LANE USAGE,UNABLE TO DETERMINE,1,0,2,3,8,4,1,2045,FULLERTON AVE,41.875346,-87.818845,01/16/2019 09:09:00 AM,2019
CR00033846,12/11/2015 08:27:00 AM,45,CLEAR,DUSK,PEDESTRIAN,T-INTERSECTION,UNKNOWN,FOLLOWING TOO CLOSELY,NOT APPLICABLE,0,0,0,0,8,6,12,410,IRVING PARK RD,41.960583,-87.543982,12/11/2015 08:50:00 AM,2015
CR00033847,09/13/2017 09:46:00 AM,30,CLEAR,DAYLIGHT,ANGLE,ONE-WAY,NO CONTROLS,IMPROPER OVERTAKING/PASSING,DISTRACTION - FROM INSIDE VEHICLE,0,0,0,0,9,4,9,2021,47TH ST,41.934484,-87.634841,09/13/2017 10:38:00 AM,2017
CR00033848,12/23/2015 11:54:00 AM,30,RAIN,DAYLIGHT,TURNING,DIVIDED - W/MEDIAN (NOT RAISED),NO CONTROLS,FOLLOWING TOO CLOSELY,NOT APPLICABLE,0,0,1,1,11,4,12,1978,MILWAUKEE AVE,41.780201,-87.634066,12/23/2015 12:58:00 PM,2015
CR00033849,04/15/2016 07:48:00 PM,45,FOG/SMOKE/HAZE,DAYLIGHT,SIDESWIPE SAME DIRECTION,T-INTERSECTION,TRAFFIC SIGNAL,FAILING TO YIELD RIGHT-OF-WAY,DISREGARDING TRAFFIC SIGNALS,0,0,0,0,19,6,4,1833,WESTERN AVE,41.978279,-87.655487,04/15/2016 08:21:00 PM,2016
CR00033850,10/02/2016 08:59:00 AM,45,SNOW,DARKNESS - LIGHTED ROAD,SIDESWIPE SAME DIRECTION,NOT DIVIDED,NO CONTROLS,FAILING TO YIELD RIGHT-OF-WAY,UNABLE TO DETERMINE,0,0,0,0,8,1,10,2417,KEDZIE AVE,41.99241,-87.605641,10/02/2016 09:46:00 AM,2016
CR00033851,09/20/2016 05:02:00 PM,15,CLEAR,DAYLIGHT,REAR END,ONE-WAY,TRAFFIC SIGNAL,FOLLOWING TOO CLOSELY,DRIVING SKILLS/KNOWLEDGE/EXPERIENCE,0,0,3,3,17,3,9,1561,CLARK ST,41.723653,-87.676557,09/20/2016 05:23:00 PM,2016
CR00033852,11/30/2021 05:00:00 PM,45,CLEAR,DARKNESS - LIGHTED ROAD,REAR END,FOUR WAY,NO CONTROLS,UNABLE TO DETERMINE,NOT APPLICABLE,0,0,0,0,17,3,11,885,ARCHER AVE,41.764525,-87.630173,11/30/2021 06:52:00 PM,2021
CR00033853,12/18/2023 10:52:00 AM,20,CLEAR,DARKNESS - LIGHTED ROAD,PARKED MOTOR VEHICLE,NOT DIVIDED,NO CONTROLS,IMPROPER OVERTAKING/PASSING,IMPROPER LANE USAGE,0,0,0,0,10,2,12,1776,STONY ISLAND AVE,41.77679,-87.527079,12/18/2023 11:48:00 AM,2023
CR00033854,01/31/2021 06:07:00 PM,15,FOG/SMOKE/HAZE,DAYLIGHT,ANGLE,ONE-WAY,NO CONTROLS,DRIVING SKILLS/KNOWLEDGE/EXPERIENCE,DISTRACTION - FROM INSIDE VEHICLE,0,0,0,0,18,1,1,1344,STONY ISLAND AVE,41.815145,-87.685229,01/31/2021 06:29:00 PM,2021
CR00033855,12/09/2024 12:59:00 AM,35,CLEAR,DARKNESS - LIGHTED ROAD,ANGLE,NOT DIVIDED,TRAFFIC SIGNAL,UNABLE TO DETERMINE,UNABLE TO DETERMINE,0,0,0,0,0,2,12,2008,CALIFORNIA AVE,41.828155,-87.600627,12/09/2024 02:13:00 AM,2024
CR00033856,10/05/2021 10:18:00 PM,30,SNOW,DARKNESS,SIDESWIPE SAME DIRECTION,NOT DIVIDED,NO CONTROLS,UNABLE TO DETERMINE,FOLLOWING TOO CLOSELY,0,0,0,0,22,3,10,2505,BROADWAY,41.991168,-87.558524,10/05/2021 10:22:00 PM,2021
CR00033857,04/13/2017 04:18:00 PM,45,CLEAR,DARKNESS - LIGHTED ROAD,REAR END,DIVIDED - W/MEDIAN BARRIER,NO CONTROLS,UNABLE TO DETERMINE,DRIVING SKILLS/KNOWLEDGE/EXPERIENCE,0,0,1,1,16,5,4,2248,LAKE SHORE DR,41.709973,-87.774088,04/13/2017 05:58:00 PM,2017
CR00033858,10/01/2023 08:05:00 PM,35,FOG/SMOKE/HAZE,DARKNESS - LIGHTED ROAD,REAR END,NOT DIVIDED,NO CONTROLS,FAILING TO REDUCE SPEED,DISREGARDING TRAFFIC SIGNALS,0,0,1,1,20,1,10,1040,ELSTON AVE,41.745484,-87.825438,10/01/2023 08:32:00 PM,2023
CR00033859,09/21/2023 02:52:00 PM,30,SNOW,DUSK,SIDESWIPE SAME DIRECTION,NOT DIVIDED,NO CONTROLS,UNABLE TO DETERMINE,NOT APPLICABLE,0,0,0,0,14,5,9,1842,DAMEN AVE,41.995086,-87.56099,09/21/2023 03:42:00 PM,2023
CR00033860,11/29/2020 12:29:00 AM,25,CLOUDY/OVERCAST,DARKNESS - LIGHTED ROAD,REAR TO FRONT,DIVIDED - W/MEDIAN (NOT RAISED),TRAFFIC SIGNAL,FOLLOWING TOO CLOSELY,NOT APPLICABLE,0,1,2,3,0,1,11,116,PULASKI RD,41.981918,-87.833187,11/29/2020 12:52:00 AM,2020
CR00033861,04/30/2023 03:04:00 PM,25,CLOUDY/OVERCAST,DAYLIGHT,REAR END,DIVIDED - W/MEDIAN BARRIER,NO CONTROLS,UNABLE TO DETERMINE,IMPROPER OVERTAKING/PASSING,0,0,0,0,15,1,4,1155,CALIFORNIA AVE,41.844544,-87.818601,04/30/2023 03:45:00 PM,2023
CR00033862,10/18/2021 06:04:00 PM,20,CLOUDY/OVERCAST,DAYLIGHT,REAR END,NOT DIVIDED,STOP SIGN/FLASHER,UNABLE TO DETERMINE,FOLLOWING TOO CLOSELY,0,0,3,3,18,2,10,548,CALIFORNIA AVE,41.777969,-87.750645,10/18/2021 06:57:00 PM,2021
CR00033863,04/12/2017 11:47:00 AM,30,CLEAR,DAYLIGHT,SIDESWIPE SAME DIRECTION,NOT DIVIDED,NO CONTROLS,UNABLE TO DETERMINE,UNABLE TO DETERMINE,0,0,0,0,11,4,4,1001,WESTERN AVE,41.761129,-87.508567,04/12/2017 01:05:00 PM,2017
CR00033864,12/25/2022 01:02:00 PM,30,CLEAR,DAYLIGHT,REAR END,NOT DIVIDED,UNKNOWN,UNABLE TO DETERMINE,UNABLE TO DETERMINE,0,0,0,0,13,1,12,435,ARCHER AVE,41.914833,-87.556628,12/25/2022 01:33:00 PM,2022
CR00033865,02/23/2023 01:32:00 PM,45,CLEAR,DAWN,PEDESTRIAN,NOT DIVIDED,YIELD,FAILING TO REDUCE SPEED,IMPROPER LANE USAGE,0,0,0,0,13,5,2,1777,BROADWAY,41.916586,-87.710858,02/23/2023 01:37:00 PM,2023
CR00033866,12/23/2018 02:46:00 PM,40,CLEAR,DAYLIGHT,REAR TO FRONT,NOT DIVIDED,UNKNOWN,FOLLOWING TOO CLOSELY,IMPROPER OVERTAKING/PASSING,0,0,0,0,14,1,12,594,PULASKI RD,41.970923,-87.672271,12/23/2018 04:07:00 PM,2018
CR00033867,08/31/2020 08:39:00 AM,30,CLEAR,DAWN,SIDESWIPE SAME DIRECTION,NOT DIVIDED,TRAFFIC SIGNAL,UNABLE TO DETERMINE,UNABLE TO DETERMINE,0,0,0,0,8,2,8,2123,ARCHER AVE,41.827421,-87.819535,08/31/2020 09:53:00 AM,2020
CR00033868,07/31/2023 07:53:00 PM,30,CLEAR,DAYLIGHT,TURNING,NOT DIVIDED,NO CONTROLS,UNABLE TO DETERMINE,FOLLOWING TOO CLOSELY,0,0,0,0,19,2,7,773,BROADWAY,41.994051,-87.663094,07/31/2023 09:41:00 PM,2023
CR00033869,05/05/2022 03:49:00 PM,40,CLEAR,DARKNESS,ANGLE,ONE-WAY,NO CONTROLS,WEATHER,UNABLE TO DETERMINE,0,0,0,0,15,5,5,1333,STATE ST,41.927623,-87.715808,05/05/2022 05:24:00 PM,2022
CR00033870,03/24/2019 07:21:00 PM,35,FREEZING RAIN/DRIZZLE,DARKNESS - LIGHTED ROAD,REAR END,NOT DIVIDED,NO CONTROLS,DISTRACTION - FROM INSIDE VEHICLE,DRIVING SKILLS/KNOWLEDGE/EXPERIENCE,0,0,0,0,19,1,3,1361,MILWAUKEE AVE,41.902082,-87.736782,03/24/2019 08:56:00 PM,2019
CR00033871,12/02/2022 01:36:00 PM,35,CLEAR,DAYLIGHT,SIDESWIPE SAME DIRECTION,DIVIDED - W/MEDIAN (NOT RAISED),STOP SIGN/FLASHER,DISTRACTION - FROM INSIDE VEHICLE,DISTRACTION - FROM INSIDE VEHICLE,0,0,0,0,13,6,12,2224,DIVISION ST,41.881843,-87.751017,12/02/2022 03:09:00 PM,2022
CR00033872,08/29/2021 02:34:00 PM,35,CLEAR,DAYLIGHT,REAR END,DIVIDED - W/MEDIAN (NOT RAISED),TRAFFIC SIGNAL,FAILING TO YIELD RIGHT-OF-WAY,UNABLE TO DETERMINE,0,0,1,1,14,1,8,1998,WESTERN AVE,41.914021,-87.75039,08/29/2021 02:51:00 PM,2021
CR00033873,07/26/2021 07:55:00 PM,30,CLEAR,DAYLIGHT,SIDESWIPE SAME DIRECTION,DIVIDED - W/MEDIAN (NOT RAISED),TRAFFIC SIGNAL,UNABLE TO DETERMINE,NOT APPLICABLE,0,0,1,1,19,2,7,995,WESTERN AVE,41.719661,-87.629099,07/26/2021 08:01:00 PM,2021
CR00033874,01/05/2015 06:46:00 AM,35,CLEAR,DAYLIGHT,SIDESWIPE SAME DIRECTION,DIVIDED - W/MEDIAN (NOT RAISED),NO CONTROLS,FAILING TO YIELD RIGHT-OF-WAY,UNABLE TO DETERMINE,0,0,1,1,6,2,1,1549,BROADWAY,41.975898,-87.525375,01/05/2015 07:01:00 AM,2015
CR00033875,01/01/2019 04:34:00 PM,35,CLEAR,DARKNESS - LIGHTED ROAD,ANGLE,NOT DIVIDED,TRAFFIC SIGNAL,IMPROPER OVERTAKING/PASSING,UNABLE TO DETERMINE,0,0,0,0,16,3,1,1431,63RD ST,41.736768,-87.507145,01/01/2019 04:41:00 PM,2019
CR00033876,01/10/2020 05:55:00 AM,15,CLEAR,DARKNESS - LIGHTED ROAD,TURNING,DIVIDED - W/MEDIAN BARRIER,STOP SIGN/FLASHER,UNABLE TO DETERMINE,UNABLE TO DETERMINE,0,0,0,0,5,6,1,112,BROADWAY,41.899513,-87.760639,01/10/2020 07:47:00 AM,2020
CR00033877,04/09/2019 05:54:00 PM,15,FREEZING RAIN/DRIZZLE,DAYLIGHT,REAR TO FRONT,FOUR WAY,NO CONTROLS,FAILING TO YIELD RIGHT-OF-WAY,IMPROPER OVERTAKING/PASSING,0,0,0,0,17,3,4,890,79TH ST,41.977491,-87.822758,04/09/2019 06:23:00 PM,2019
CR00033878,06/25/2017 10:06:00 PM,20,SNOW,DAYLIGHT,PEDESTRIAN,NOT DIVIDED,NO CONTROLS,WEATHER,FAILING TO REDUCE SPEED,0,0,0,0,22,1,6,1827,STATE ST,41.851638,-87.686023,06/25/2017 11:18:00 PM,2017
CR00033879,04/07/2017 11:55:00 PM,35,CLEAR,DAYLIGHT,REAR TO FRONT,NOT DIVIDED,NO CONTROLS,UNABLE TO DETERMINE,DISREGARDING TRAFFIC SIGNALS,0,2,3,5,23,6,4,100,47TH ST,41.855385,-87.627545,04/08/2017 12:03:00 AM,2017
CR00033880,06/16/2020 06:11:00 PM,30,RAIN,DAYLIGHT,TURNING,DIVIDED - W/MEDIAN (NOT RAISED),TRAFFIC SIGNAL,DRIVING SKILLS/KNOWLEDGE/EXPERIENCE,FAILING TO YIELD RIGHT-OF-WAY,0,0,0,0,18,3,6,2533,MICHIGAN AVE,41.769192,-87.813003,06/16/2020 07:04:00 PM,2020
CR00033881,09/17/2019 08:49:00 PM,35,CLEAR,DAYLIGHT,REAR TO FRONT,NOT DIVIDED,STOP SIGN/FLASHER,UNABLE TO DETERMINE,UNABLE TO DETERMINE,0,0,1,1,20,3,9,2389,79TH ST,41.785189,-87.543966,09/17/2019 09:11:00 PM,2019
CR00033882,04/17/2024 01:15:00 PM,30,CLEAR,DAYLIGHT,SIDESWIPE SAME DIRECTION,NOT DIVIDED,STOP SIGN/FLASHER,DISTRACTION - FROM INSIDE VEHICLE,FOLLOWING TOO CLOSELY,0,0,0,0,13,4,4,853,CLARK ST,41.828132,-87.815401,04/17/2024 02:09:00 PM,2024
CR00033883,10/26/2022 07:26:00 AM,15,SNOW,DAYLIGHT,SIDESWIPE SAME DIRECTION,DIVIDED - W/MEDIAN (NOT RAISED),NO CONTROLS,FAILING TO YIELD RIGHT-OF-WAY,WEATHER,0,0,0,0,7,4,10,1998,WESTERN AVE,41.962416,-87.718179,10/26/2022 08:36:00 AM,2022
CR00033884,07/01/2018 07:56:00 AM,25,CLEAR,DARKNESS - LIGHTED ROAD,REAR END,DIVIDED - W/MEDIAN (NOT RAISED),STOP SIGN/FLASHER,FOLLOWING TOO CLOSELY,NOT APPLICABLE,0,0,0,0,7,1,7,1557,ASHLAND AVE,41.952222,-87.516099,07/01/2018 09:32:00 AM,2018
CR00033885,11/29/2018 08:57:00 AM,35,CLOUDY/OVERCAST,DARKNESS - LIGHTED ROAD,REAR END,DIVIDED - W/MEDIAN (NOT RAISED),TRAFFIC SIGNAL,DRIVING SKILLS/KNOWLEDGE/EXPERIENCE,FOLLOWING TOO CLOSELY,0,0,1,1,8,5,11,2014,IRVING PARK RD,41.703548,-87.524223,11/29/2018 10:08:00 AM,2018
CR00033886,01/08/2018 04:25:00 PM,40,CLEAR,DAYLIGHT,REAR END,NOT DIVIDED,TRAFFIC SIGNAL,DISREGARDING TRAFFIC SIGNALS,DISREGARDING TRAFFIC SIGNALS,0,0,0,0,16,2,1,2051,ROOSEVELT RD,41.904213,-87.659812,01/08/2018 04:47:00 PM,2018
CR00033887,01/30/2018 05:07:00 PM,30,CLEAR,DARKNESS - LIGHTED ROAD,REAR END,NOT DIVIDED,NO CONTROLS,UNABLE TO DETERMINE,DRIVING SKILLS/KNOWLEDGE/EXPERIENCE,0,2,2,4,17,3,1,1999,BROADWAY,41.968338,-87.84108,01/30/2018 05:38:00 PM,2018
CR00033888,09/05/2020 02:17:00 PM,30,CLEAR,DARKNESS,ANGLE,NOT DIVIDED,TRAFFIC SIGNAL,UNABLE TO DETERMINE,IMPROPER OVERTAKING/PASSING,0,1,3,4,14,7,9,435,ASHLAND AVE,41.926323,-87.763783,09/05/2020 03:15:00 PM,2020
CR00033889,05/29/2015 07:03:00 PM,15,FREEZING RAIN/DRIZZLE,DARKNESS - LIGHTED ROAD,SIDESWIPE SAME DIRECTION,NOT DIVIDED,NO CONTROLS,UNABLE TO DETERMINE,IMPROPER LANE USAGE,0,0,2,2,19,6,5,951,STATE ST,41.898797,-87.808319,05/29/2015 08:13:00 PM,2015
CR00033890,10/02/2020 09:42:00 PM,30,RAIN,DARKNESS,TURNING,NOT DIVIDED,NO CONTROLS,FAILING TO REDUCE SPEED,UNABLE TO DETERMINE,0,0,0,0,21,6,10,2031,CICERO AVE,41.902969,-87.504114,10/02/2020 11:08:00 PM,2020
CR00033891,11/10/2015 01:13:00 PM,45,RAIN,DAYLIGHT,TURNING,DIVIDED - W/MEDIAN (NOT RAISED),NO CONTROLS,DISTRACTION - FROM INSIDE VEHICLE,NOT APPLICABLE,0,0,1,1,13,3,11,433,STONY ISLAND AVE,41.730645,-87.655343,11/10/2015 01:46:00 PM,2015
CR00033892,10/25/2021 01:37:00 AM,40,CLOUDY/OVERCAST,DARKNESS - LIGHTED ROAD,FIXED OBJECT,DIVIDED - W/MEDIAN BARRIER,TRAFFIC SIGNAL,UNABLE TO DETERMINE,NOT APPLICABLE,0,0,0,0,1,2,10,1673,ASHLAND AVE,41.961985,-87.79487,10/25/2021 03:30:00 AM,2021
CR00033893,08/18/2019 09:55:00 AM,45,CLEAR,DARKNESS - LIGHTED ROAD,SIDESWIPE SAME DIRECTION,NOT DIVIDED,NO CONTROLS,UNABLE TO DETERMINE,UNABLE TO DETERMINE,0,0,0,0,9,1,8,2139,KEDZIE AVE,41.914988,-87.761578,08/18/2019 11:17:00 AM,2019
CR00033894,08/30/2020 04:54:00 AM,45,CLOUDY/OVERCAST,DARKNESS - LIGHTED ROAD,REAR END,ONE-WAY,TRAFFIC SIGNAL,FAILING TO YIELD RIGHT-OF-WAY,DISTRACTION - FROM INSIDE VEHICLE,0,0,1,1,4,1,8,1077,LAKE SHORE DR,41.97445,-87.725177,08/30/2020 06:50:00 AM,2020
CR00033895,10/18/2023 04:35:00 PM,45,CLOUDY/OVERCAST,DAYLIGHT,REAR TO FRONT,ONE-WAY,TRAFFIC SIGNAL,FOLLOWING TOO CLOSELY,FAILING TO YIELD RIGHT-OF-WAY,0,0,1,1,16,4,10,1594,KEDZIE AVE,41.715369,-87.520243,10/18/2023 05:32:00 PM,2023
CR00033896,06/08/2021 08:39:00 AM,25,CLEAR,DARKNESS - LIGHTED ROAD,REAR END,NOT DIVIDED,NO CONTROLS,UNABLE TO DETERMINE,FOLLOWING TOO CLOSELY,0,0,0,0,8,3,6,2219,FULLERTON AVE,41.951988,-87.628483,06/08/2021 10:36:00 AM,2021
CR00033897,02/23/2020 06:41:00 AM,30,CLEAR,DARKNESS - LIGHTED ROAD,SIDESWIPE SAME DIRECTION,DIVIDED - W/MEDIAN (NOT RAISED),NO CONTROLS,DRIVING SKILLS/KNOWLEDGE/EXPERIENCE,FAILING TO YIELD RIGHT-OF-WAY,0,0,0,0,6,1,2,235,DAMEN AVE,41.823675,-87.772956,02/23/2020 07:03:00 AM,2020
CR00033898,06/15/2016 12:04:00 AM,30,CLEAR,DARKNESS,REAR END,NOT DIVIDED,STOP SIGN/FLASHER,DISTRACTION - FROM INSIDE VEHICLE,NOT APPLICABLE,0,0,2,2,0,4,6,2438,BROADWAY,41.884065,-87.652821,06/15/2016 01:52:00 AM,2016
CR00033899,02/08/2023 12:29:00 PM,40,RAIN,DARKNESS - LIGHTED ROAD,ANGLE,DIVIDED - W/MEDIAN (NOT RAISED),NO CONTROLS,IMPROPER LANE USAGE,DISTRACTION - FROM INSIDE VEHICLE,0,0,0,0,12,4,2,1659,PULASKI RD,41.712922,-87.783065,02/08/2023 02:26:00 PM,2023
CR00033900,03/04/2019 08:38:00 AM,25,CLEAR,DARKNESS - LIGHTED ROAD,TURNING,NOT DIVIDED,NO CONTROLS,UNABLE TO DETERMINE,UNABLE TO DETERMINE,0,0,3,3,8,2,3,1935,LAKE SHORE DR,41.894035,-87.796662,03/04/2019 10:03:00 AM,2019