CRASH_RECORD_ID,CRASH_DATE,POSTED_SPEED_LIMIT,WEATHER_CONDITION,LIGHTING_CONDITION,FIRST_CRASH_TYPE,TRAFFICWAY_TYPE,TRAFFIC_CONTROL_DEVICE,PRIM_CONTRIBUTORY_CAUSE,SEC_CONTRIBUTORY_CAUSE,INJURIES_FATAL,INJURIES_INCAPACITATING,INJURIES_NON_INCAPACITATING,INJURIES_TOTAL,CRASH_HOUR,CRASH_DAY_OF_WEEK,CRASH_MONTH,BEAT_OF_OCCURRENCE,STREET_NAME,LATITUDE,LONGITUDE,DATE_POLICE_NOTIFIED,year
CR00033901,06/11/2017 12:23:00 PM,30,CLEAR,DUSK,PARKED MOTOR VEHICLE,NOT DIVIDED,UNKNOWN,UNABLE TO DETERMINE,IMPROPER OVERTAKING/PASSING,0,0,0,0,12,1,6,1286,BROADWAY,41.708972,-87.721392,06/11/2017 01:40:00 PM,2017
CR00033902,11/11/2018 05:50:00 PM,30,RAIN,DAYLIGHT,PARKED MOTOR VEHICLE,DIVIDED - W/MEDIAN (NOT RAISED),NO CONTROLS,DISREGARDING TRAFFIC SIGNALS,NOT APPLICABLE,0,0,0,0,17,1,11,442,MICHIGAN AVE,41.80605,-87.534423,11/11/2018 05:54:00 PM,2018
CR00033903,12/29/2021 05:56:00 PM,30,CLEAR,DARKNESS - LIGHTED ROAD,FIXED OBJECT,DIVIDED - W/MEDIAN (NOT RAISED),NO CONTROLS,UNABLE TO DETERMINE,UNABLE TO DETERMINE,0,0,0,0,17,4,12,665,STATE ST,41.896126,-87.758282,12/29/2021 07:00:00 PM,2021
CR00033904,10/24/2019 10:20:00 AM,30,CLEAR,DAYLIGHT,REAR END,DIVIDED - W/MEDIAN (NOT RAISED),STOP SIGN/FLASHER,UNABLE TO DETERMINE,NOT APPLICABLE,0,0,3,3,10,5,10,2369,79TH ST,41.834871,-87.715559,10/24/2019 11:11:00 AM,2019
CR00033905,12/24/2023 07:19:00 AM,25,CLEAR,DARKNESS,REAR END,DIVIDED - W/MEDIAN BARRIER,STOP SIGN/FLASHER,IMPROPER LANE USAGE,UNABLE TO DETERMINE,0,0,0,0,7,1,12,2228,MICHIGAN AVE,41.859778,-87.520278,12/24/2023 07:59:00 AM,2023
CR00033906,11/29/2016 10:09:00 AM,35,RAIN,DARKNESS - LIGHTED ROAD,TURNING,NOT DIVIDED,STOP SIGN/FLASHER,UNABLE TO DETERMINE,UNABLE TO DETERMINE,0,0,0,0,10,3,11,221,PULASKI RD,41.951354,-87.602772,11/29/2016 10:57:00 AM,2016
CR00033907,02/18/2016 01:06:00 PM,30,CLEAR,DAYLIGHT,REAR END,NOT DIVIDED,NO CONTROLS,FOLLOWING TOO CLOSELY,DISTRACTION - FROM INSIDE VEHICLE,0,0,0,0,13,5,2,741,63RD ST,41.832701,-87.765085,02/18/2016 02:04:00 PM,2016
CR00033908,01/27/2019 02:11:00 AM,35,CLEAR,DAYLIGHT,ANGLE,NOT DIVIDED,STOP SIGN/FLASHER,FOLLOWING TOO CLOSELY,IMPROPER OVERTAKING/PASSING,0,0,3,3,2,1,1,1543,BROADWAY,41.919059,-87.623249,01/27/2019 02:43:00 AM,2019
CR00033909,12/13/2023 08:06:00 AM,15,CLEAR,DAYLIGHT,REAR END,NOT DIVIDED,YIELD,DISREGARDING TRAFFIC SIGNALS,NOT APPLICABLE,0,0,0,0,8,4,12,1476,79TH ST,41.794679,-87.835164,12/13/2023 08:50:00 AM,2023
CR00033910,07/27/2023 04:36:00 PM,25,CLEAR,DAYLIGHT,REAR END,DIVIDED - W/MEDIAN (NOT RAISED),TRAFFIC SIGNAL,FOLLOWING TOO CLOSELY,DRIVING SKILLS/KNOWLEDGE/EXPERIENCE,0,0,1,1,16,5,7,1118,ARCHER AVE,41.863377,-87.539045,07/27/2023 05:29:00 PM,2023
CR00033911,11/25/2023 01:53:00 PM,40,SNOW,DARKNESS - LIGHTED ROAD,ANGLE,NOT DIVIDED,NO CONTROLS,IMPROPER LANE USAGE,DRIVING SKILLS/KNOWLEDGE/EXPERIENCE,0,0,0,0,13,7,11,1054,IRVING PARK RD,41.869039,-87.5895,11/25/2023 03:34:00 PM,2023
CR00033912,08/29/2021 11:29:00 PM,30,CLEAR,DAYLIGHT,ANGLE,DIVIDED - W/MEDIAN (NOT RAISED),NO CONTROLS,UNABLE TO DETERMINE,IMPROPER LANE USAGE,0,0,0,0,23,1,8,1378,LAKE SHORE DR,41.789965,-87.629639,08/30/2021 12:14:00 AM,2021
CR00033913,07/03/2021 11:15:00 AM,20,CLEAR,DARKNESS,ANGLE,NOT DIVIDED,TRAFFIC SIGNAL,IMPROPER LANE USAGE,UNABLE TO DETERMINE,0,0,0,0,11,7,7,2455,CALIFORNIA AVE,41.893827,-87.774298,07/03/2021 12:29:00 PM,2021
CR00033914,04/11/2018 07:30:00 PM,15,CLEAR,DAWN,SIDESWIPE SAME DIRECTION,DIVIDED - W/MEDIAN BARRIER,NO CONTROLS,DISTRACTION - FROM INSIDE VEHICLE,IMPROPER LANE USAGE,0,0,0,0,19,4,4,1971,HALSTED ST,41.79177,-87.763149,04/11/2018 09:02:00 PM,2018
CR00033915,11/12/2016 06:13:00 PM,25,CLEAR,DAYLIGHT,REAR END,FOUR WAY,STOP SIGN/FLASHER,FAILING TO REDUCE SPEED,UNABLE TO DETERMINE,0,0,0,0,18,7,11,1580,BROADWAY,41.904919,-87.648977,11/12/2016 06:18:00 PM,2016
CR00033916,03/15/2015 08:48:00 AM,30,RAIN,DARKNESS - LIGHTED ROAD,ANGLE,NOT DIVIDED,NO CONTROLS,UNABLE TO DETERMINE,IMPROPER LANE USAGE,0,0,0,0,8,1,3,1580,DAMEN AVE,41.95791,-87.728149,03/15/2015 10:14:00 AM,2015
CR00033917,07/01/2021 07:56:00 AM,30,FREEZING RAIN/DRIZZLE,DAYLIGHT,FIXED OBJECT,FOUR WAY,NO CONTROLS,UNABLE TO DETERMINE,DRIVING SKILLS/KNOWLEDGE/EXPERIENCE,0,0,0,0,7,5,7,1397,ROOSEVELT RD,41.768402,-87.707698,07/01/2021 09:21:00 AM,2021
CR00033918,05/29/2022 04:38:00 PM,35,CLOUDY/OVERCAST,DAYLIGHT,REAR END,DIVIDED - W/MEDIAN (NOT RAISED),TRAFFIC SIGNAL,UNABLE TO DETERMINE,UNABLE TO DETERMINE,0,0,0,0,16,1,5,979,KEDZIE AVE,41.745007,-87.702053,05/29/2022 06:11:00 PM,2022
CR00033919,12/12/2021 08:08:00 PM,30,CLEAR,DARKNESS - LIGHTED ROAD,SIDESWIPE SAME DIRECTION,NOT DIVIDED,NO CONTROLS,FOLLOWING TOO CLOSELY,NOT APPLICABLE,0,0,2,2,20,1,12,1881,PULASKI RD,41.89,-87.814826,12/12/2021 09:57:00 PM,2021
CR00033920,02/23/2020 10:50:00 AM,30,CLEAR,DAYLIGHT,REAR END,NOT DIVIDED,NO CONTROLS,DRIVING SKILLS/KNOWLEDGE/EXPERIENCE,FAILING TO REDUCE SPEED,0,1,1,2,10,1,2,1411,MICHIGAN AVE,41.773459,-87.750838,02/23/2020 12:22:00 PM,2020
CR00033921,04/21/2020 07:03:00 AM,30,CLEAR,DARKNESS,SIDESWIPE SAME DIRECTION,ONE-WAY,NO CONTROLS,FOLLOWING TOO CLOSELY,FOLLOWING TOO CLOSELY,0,0,0,0,7,3,4,1911,DAMEN AVE,41.832561,-87.520977,04/21/2020 08:29:00 AM,2020
CR00033922,11/22/2018 06:20:00 PM,40,CLOUDY/OVERCAST,DAWN,FIXED OBJECT,ONE-WAY,TRAFFIC SIGNAL,FOLLOWING TOO CLOSELY,DISTRACTION - FROM INSIDE VEHICLE,0,0,0,0,18,5,11,1111,79TH ST,41.79543,-87.61003,11/22/2018 07:47:00 PM,2018
CR00033923,09/19/2024 05:13:00 PM,30,CLEAR,DAYLIGHT,PEDESTRIAN,DIVIDED - W/MEDIAN (NOT RAISED),NO CONTROLS,UNABLE TO DETERMINE,IMPROPER OVERTAKING/PASSING,0,0,1,1,17,5,9,1791,ARCHER AVE,41.949839,-87.771884,09/19/2024 05:56:00 PM,2024
CR00033924,10/30/2017 05:47:00 AM,35,CLOUDY/OVERCAST,DAYLIGHT,TURNING,DIVIDED - W/MEDIAN (NOT RAISED),UNKNOWN,DISREGARDING TRAFFIC SIGNALS,FAILING TO YIELD RIGHT-OF-WAY,0,0,0,0,5,2,10,1719,FULLERTON AVE,41.745196,-87.727755,10/30/2017 07:23:00 AM,2017
CR00033925,03/07/2016 04:43:00 AM,20,SNOW,DAYLIGHT,REAR END,DIVIDED - W/MEDIAN (NOT RAISED),TRAFFIC SIGNAL,UNABLE TO DETERMINE,FAILING TO YIELD RIGHT-OF-WAY,0,0,0,0,4,2,3,1578,63RD ST,41.965611,-87.712353,03/07/2016 05:15:00 AM,2016
CR00033926,05/11/2022 11:03:00 PM,35,CLEAR,DAYLIGHT,ANGLE,DIVIDED - W/MEDIAN BARRIER,TRAFFIC SIGNAL,DISTRACTION - FROM INSIDE VEHICLE,FAILING TO REDUCE SPEED,0,0,2,2,23,4,5,293,STATE ST,41.704487,-87.592568,05/11/2022 11:41:00 PM,2022
CR00033927,11/03/2024 06:55:00 AM,30,RAIN,DAYLIGHT,ANGLE,DIVIDED - W/MEDIAN (NOT RAISED),NO CONTROLS,UNABLE TO DETERMINE,UNABLE TO DETERMINE,0,0,0,0,6,1,11,757,WESTERN AVE,41.723235,-87.529219,11/03/2024 08:49:00 AM,2024
CR00033928,11/05/2021 06:16:00 AM,45,CLEAR,DAWN,FIXED OBJECT,NOT DIVIDED,PEDESTRIAN CROSSING SIGN,IMPROPER LANE USAGE,DISREGARDING TRAFFIC SIGNALS,0,0,0,0,6,6,11,2501,PULASKI RD,41.822711,-87.608651,11/05/2021 07:39:00 AM,2021
CR00033929,11/28/2018 04:17:00 AM,40,RAIN,DAYLIGHT,PEDESTRIAN,T-INTERSECTION,TRAFFIC SIGNAL,DISTRACTION - FROM INSIDE VEHICLE,IMPROPER OVERTAKING/PASSING,0,0,0,0,4,4,11,1069,LAKE SHORE DR,41.838318,-87.766141,11/28/2018 05:07:00 AM,2018
CR00033930,02/07/2015 05:16:00 PM,35,CLEAR,DAYLIGHT,REAR END,DIVIDED - W/MEDIAN BARRIER,NO CONTROLS,UNABLE TO DETERMINE,UNABLE TO DETERMINE,0,0,0,0,17,7,2,589,STONY ISLAND AVE,41.816881,-87.81611,02/07/2015 05:51:00 PM,2015
CR00033931,04/19/2018 11:06:00 AM,45,CLEAR,DARKNESS - LIGHTED ROAD,REAR TO FRONT,DIVIDED - W/MEDIAN (NOT RAISED),NO CONTROLS,FAILING TO YIELD RIGHT-OF-WAY,FOLLOWING TOO CLOSELY,0,0,0,0,11,5,4,887,ELSTON AVE,41.902221,-87.726378,04/19/2018 11:28:00 AM,2018
CR00033932,06/28/2020 02:36:00 AM,25,CLEAR,DARKNESS - LIGHTED ROAD,PEDESTRIAN,ONE-WAY,YIELD,FAILING TO YIELD RIGHT-OF-WAY,UNABLE TO DETERMINE,0,0,0,0,2,1,6,997,ARCHER AVE,41.763286,-87.548456,06/28/2020 02:45:00 AM,2020
CR00033933,01/04/2021 10:41:00 AM,25,CLEAR,DUSK,TURNING,NOT DIVIDED,NO CONTROLS,IMPROPER LANE USAGE,NOT APPLICABLE,0,0,0,0,10,2,1,1003,KEDZIE AVE,41.783804,-87.588977,01/04/2021 11:34:00 AM,2021
CR00033934,04/29/2018 01:43:00 PM,35,CLEAR,DAYLIGHT,REAR TO FRONT,NOT DIVIDED,TRAFFIC SIGNAL,DRIVING SKILLS/KNOWLEDGE/EXPERIENCE,UNABLE TO DETERMINE,0,0,3,3,13,1,4,2161,47TH ST,41.702497,-87.769691,04/29/2018 02:46:00 PM,2018
CR00033935,05/08/2020 09:33:00 AM,40,CLEAR,DAYLIGHT,SIDESWIPE SAME DIRECTION,NOT DIVIDED,TRAFFIC SIGNAL,UNABLE TO DETERMINE,NOT APPLICABLE,0,0,0,0,9,6,5,309,HALSTED ST,41.763586,-87.841821,05/08/2020 10:51:00 AM,2020
CR00033936,03/25/2021 04:34:00 AM,15,CLEAR,DAYLIGHT,REAR END,NOT DIVIDED,TRAFFIC SIGNAL,UNABLE TO DETERMINE,NOT APPLICABLE,0,0,0,0,4,5,3,1537,63RD ST,41.741148,-87.649344,03/25/2021 06:19:00 AM,2021
CR00033937,05/04/2022 11:58:00 AM,35,CLEAR,DAYLIGHT,PARKED MOTOR VEHICLE,ONE-WAY,NO CONTROLS,UNABLE TO DETERMINE,DISTRACTION - FROM INSIDE VEHICLE,0,0,0,0,11,4,5,2501,PULASKI RD,41.909383,-87.656621,05/04/2022 01:44:00 PM,2022
CR00033938,01/21/2019 08:50:00 PM,30,CLEAR,DUSK,REAR END,NOT DIVIDED,NO CONTROLS,UNABLE TO DETERMINE,UNABLE TO DETERMINE,0,0,0,0,20,2,1,2437,CLARK ST,41.935384,-87.745471,01/21/2019 10:04:00 PM,2019
CR00033939,10/26/2020 08:48:00 AM,25,CLOUDY/OVERCAST,DAYLIGHT,REAR TO FRONT,T-INTERSECTION,NO CONTROLS,UNABLE TO DETERMINE,DRIVING SKILLS/KNOWLEDGE/EXPERIENCE,0,0,0,0,8,2,10,284,HALSTED ST,41.794725,-87.749561,10/26/2020 09:15:00 AM,2020
CR00033940,07/15/2015 06:42:00 PM,30,CLEAR,DAYLIGHT,SIDESWIPE SAME DIRECTION,NOT DIVIDED,TRAFFIC SIGNAL,UNABLE TO DETERMINE,IMPROPER LANE USAGE,0,0,1,1,18,4,7,784,DAMEN AVE,41.965357,-87.825703,07/15/2015 06:52:00 PM,2015
CR00033941,07/12/2015 11:29:00 PM,45,SNOW,DAYLIGHT,ANGLE,DIVIDED - W/MEDIAN (NOT RAISED),TRAFFIC SIGNAL,UNABLE TO DETERMINE,UNABLE TO DETERMINE,0,0,0,0,23,1,7,1462,LAKE SHORE DR,41.891226,-87.537919,07/13/2015 01:27:00 AM,2015
CR00033942,01/02/2024 12:57:00 PM,35,CLEAR,DAYLIGHT,REAR END,DIVIDED - W/MEDIAN (NOT RAISED),TRAFFIC SIGNAL,UNABLE TO DETERMINE,FAILING TO REDUCE SPEED,0,0,0,0,12,3,1,546,DIVISION ST,41.988404,-87.556177,01/02/2024 01:42:00 PM,2024
CR00033943,01/23/2018 02:08:00 PM,40,CLOUDY/OVERCAST,DARKNESS - LIGHTED ROAD,TURNING,NOT DIVIDED,NO CONTROLS,UNABLE TO DETERMINE,FAILING TO YIELD RIGHT-OF-WAY,0,0,3,3,14,3,1,264,STATE ST,41.866578,-87.741984,01/23/2018 03:51:00 PM,2018
CR00033944,11/03/2024 04:38:00 PM,45,CLOUDY/OVERCAST,DAYLIGHT,REAR END,FOUR WAY,NO CONTROLS,UNABLE TO DETERMINE,NOT APPLICABLE,0,0,0,0,16,1,11,1418,FULLERTON AVE,41.927407,-87.78234,11/03/2024 06:04:00 PM,2024
CR00033945,04/18/2021 08:44:00 PM,35,CLEAR,DARKNESS,REAR END,NOT DIVIDED,NO CONTROLS,UNABLE TO DETERMINE,FAILING TO YIELD RIGHT-OF-WAY,0,0,0,0,20,1,4,1325,KEDZIE AVE,41.961813,-87.687572,04/18/2021 09:54:00 PM,2021
CR00033946,09/17/2019 03:15:00 PM,35,CLEAR,DARKNESS - LIGHTED ROAD,TURNING,T-INTERSECTION,TRAFFIC SIGNAL,UNABLE TO DETERMINE,NOT APPLICABLE,0,2,1,3,15,3,9,888,CALIFORNIA AVE,41.75604,-87.588869,09/17/2019 04:08:00 PM,2019
CR00033947,05/06/2018 04:23:00 PM,30,CLEAR,DAYLIGHT,TURNING,NOT DIVIDED,NO CONTROLS,UNABLE TO DETERMINE,IMPROPER OVERTAKING/PASSING,0,0,0,0,16,1,5,1038,FULLERTON AVE,41.760962,-87.564859,05/06/2018 04:24:00 PM,2018
CR00033948,12/12/2018 04:15:00 PM,30,CLEAR,DARKNESS - LIGHTED ROAD,ANGLE,NOT DIVIDED,YIELD,IMPROPER OVERTAKING/PASSING,UNABLE TO DETERMINE,0,0,0,0,16,4,12,702,ELSTON AVE,41.946068,-87.509728,12/12/2018 05:18:00 PM,2018
CR00033949,11/15/2020 11:11:00 PM,30,CLEAR,DAYLIGHT,SIDESWIPE SAME DIRECTION,DIVIDED - W/MEDIAN (NOT RAISED),STOP SIGN/FLASHER,FOLLOWING TOO CLOSELY,FAILING TO REDUCE SPEED,0,0,0,0,23,1,11,266,63RD ST,41.759159,-87.837178,11/16/2020 01:01:00 AM,2020
CR00033950,02/04/2024 07:43:00 AM,35,CLOUDY/OVERCAST,DARKNESS - LIGHTED ROAD,REAR END,NOT DIVIDED,NO CONTROLS,FAILING TO REDUCE SPEED,NOT APPLICABLE,0,0,0,0,7,1,2,282,CLARK ST,41.818862,-87.609824,02/04/2024 09:17:00 AM,2024
CR00033951,05/18/2015 08:23:00 AM,35,RAIN,DARKNESS - LIGHTED ROAD,REAR END,DIVIDED - W/MEDIAN (NOT RAISED),TRAFFIC SIGNAL,IMPROPER LANE USAGE,FAILING TO YIELD RIGHT-OF-WAY,0,2,0,2,8,2,5,647,ELSTON AVE,41.888247,-87.588673,05/18/2015 08:37:00 AM,2015
CR00033952,07/09/2015 07:49:00 AM,15,CLEAR,DAYLIGHT,TURNING,NOT DIVIDED,TRAFFIC SIGNAL,DISREGARDING TRAFFIC SIGNALS,IMPROPER OVERTAKING/PASSING,0,0,0,0,7,5,7,1812,79TH ST,41.878664,-87.763887,07/09/2015 08:17:00 AM,2015
CR00033953,02/08/2017 07:36:00 PM,15,RAIN,DAYLIGHT,TURNING,T-INTERSECTION,PEDESTRIAN CROSSING SIGN,UNABLE TO DETERMINE,UNABLE TO DETERMINE,0,0,0,0,19,4,2,320,47TH ST,41.950086,-87.631071,02/08/2017 08:08:00 PM,2017
CR00033954,02/03/2016 06:10:00 PM,30,CLEAR,DARKNESS - LIGHTED ROAD,FIXED OBJECT,NOT DIVIDED,STOP SIGN/FLASHER,UNABLE TO DETERMINE,FOLLOWING TOO CLOSELY,0,0,0,0,18,4,2,874,OGDEN AVE,41.791849,-87.782546,02/03/2016 06:24:00 PM,2016
CR00033955,08/16/2019 06:19:00 PM,35,CLEAR,DAYLIGHT,REAR END,DIVIDED - W/MEDIAN (NOT RAISED),STOP SIGN/FLASHER,FOLLOWING TOO CLOSELY,NOT APPLICABLE,0,1,1,2,18,6,8,2390,MICHIGAN AVE,41.843804,-87.682247,08/16/2019 06:21:00 PM,2019
CR00033956,09/23/2024 12:49:00 PM,35,CLEAR,DARKNESS - LIGHTED ROAD,TURNING,NOT DIVIDED,NO CONTROLS,UNABLE TO DETERMINE,FAILING TO YIELD RIGHT-OF-WAY,0,0,0,0,12,2,9,2043,STONY ISLAND AVE,41.741901,-87.72572,09/23/2024 01:35:00 PM,2024
CR00033957,02/09/2020 10:03:00 PM,45,CLEAR,DAYLIGHT,TURNING,T-INTERSECTION,NO CONTROLS,FOLLOWING TOO CLOSELY,UNABLE TO DETERMINE,0,0,0,0,22,1,2,935,79TH ST,41.923019,-87.670336,02/09/2020 10:04:00 PM,2020
CR00033958,04/24/2017 05:07:00 PM,20,CLEAR,DAYLIGHT,PARKED MOTOR VEHICLE,FOUR WAY,NO CONTROLS,UNABLE TO DETERMINE,NOT APPLICABLE,0,0,0,0,17,2,4,487,ELSTON AVE,41.824757,-87.512776,04/24/2017 06:07:00 PM,2017
CR00033959,04/18/2021 08:19:00 AM,30,CLEAR,DAYLIGHT,ANGLE,FOUR WAY,STOP SIGN/FLASHER,DISTRACTION - FROM INSIDE VEHICLE,NOT APPLICABLE,0,0,0,0,8,1,4,2261,47TH ST,41.700922,-87.76097,04/18/2021 09:26:00 AM,2021
CR00033960,02/09/2024 12:40:00 PM,20,CLEAR,DAYLIGHT,PARKED MOTOR VEHICLE,ONE-WAY,STOP SIGN/FLASHER,IMPROPER OVERTAKING/PASSING,NOT APPLICABLE,0,0,0,0,12,6,2,1504,CALIFORNIA AVE,41.939668,-87.625751,02/09/2024 01:20:00 PM,2024
CR00033961,07/14/2015 08:27:00 AM,30,CLEAR,DAYLIGHT,REAR END,DIVIDED - W/MEDIAN (NOT RAISED),NO CONTROLS,FAILING TO REDUCE SPEED,FAILING TO YIELD RIGHT-OF-WAY,0,0,0,0,8,3,7,1430,DIVISION ST,41.707148,-87.574637,07/14/2015 08:55:00 AM,2015
CR00033962,12/29/2016 05:45:00 PM,30,CLOUDY/OVERCAST,DAYLIGHT,PARKED MOTOR VEHICLE,DIVIDED - W/MEDIAN (NOT RAISED),TRAFFIC SIGNAL,DISTRACTION - FROM INSIDE VEHICLE,UNABLE TO DETERMINE,0,0,0,0,17,5,12,1849,CICERO AVE,41.992698,-87.750219,12/29/2016 06:08:00 PM,2016
CR00033963,05/18/2015 12:24:00 AM,20,RAIN,DARKNESS,ANGLE,NOT DIVIDED,STOP SIGN/FLASHER,IMPROPER OVERTAKING/PASSING,DISREGARDING TRAFFIC SIGNALS,0,0,0,0,0,2,5,311,ROOSEVELT RD,41.728993,-87.792665,05/18/2015 12:56:00 AM,2015
CR00033964,04/04/2020 02:26:00 PM,20,CLEAR,DARKNESS - LIGHTED ROAD,ANGLE,NOT DIVIDED,STOP SIGN/FLASHER,IMPROPER OVERTAKING/PASSING,DISREGARDING TRAFFIC SIGNALS,0,0,0,0,14,7,4,1230,CLARK ST,41.822653,-87.809945,04/04/2020 04:26:00 PM,2020
CR00033965,03/28/2022 08:43:00 AM,40,RAIN,DAYLIGHT,TURNING,DIVIDED - W/MEDIAN (NOT RAISED),TRAFFIC SIGNAL,FAILING TO REDUCE SPEED,UNABLE TO DETERMINE,0,0,0,0,8,2,3,1895,HALSTED ST,41.98445,-87.703322,03/28/2022 09:57:00 AM,2022
CR00033966,03/11/2023 07:58:00 AM,20,CLEAR,DARKNESS - LIGHTED ROAD,SIDESWIPE SAME DIRECTION,FOUR WAY,NO CONTROLS,IMPROPER LANE USAGE,IMPROPER OVERTAKING/PASSING,0,0,0,0,7,7,3,1078,OGDEN AVE,41.966728,-87.591275,03/11/2023 09:51:00 AM,2023
CR00033967,04/07/2016 02:43:00 PM,25,CLEAR,DAYLIGHT,SIDESWIPE SAME DIRECTION,NOT DIVIDED,TRAFFIC SIGNAL,DISREGARDING TRAFFIC SIGNALS,FAILING TO YIELD RIGHT-OF-WAY,0,0,1,1,14,5,4,507,PULASKI RD,41.921931,-87.687424,04/07/2016 04:21:00 PM,2016
CR00033968,05/22/2023 01:15:00 AM,30,CLEAR,DAYLIGHT,REAR END,FOUR WAY,TRAFFIC SIGNAL,IMPROPER LANE USAGE,FAILING TO YIELD RIGHT-OF-WAY,0,0,0,0,1,2,5,2071,STATE ST,41.922345,-87.518459,05/22/2023 02:42:00 AM,2023
CR00033969,05/12/2018 08:46:00 PM,30,CLEAR,DAYLIGHT,SIDESWIPE SAME DIRECTION,ONE-WAY,TRAFFIC SIGNAL,FAILING TO REDUCE SPEED,FOLLOWING TOO CLOSELY,0,0,0,0,20,7,5,1218,BROADWAY,41.803594,-87.689839,05/12/2018 08:56:00 PM,2018
CR00033970,05/04/2021 02:31:00 PM,35,CLEAR,DAYLIGHT,FIXED OBJECT,DIVIDED - W/MEDIAN BARRIER,STOP SIGN/FLASHER,WEATHER,DISTRACTION - FROM INSIDE VEHICLE,0,0,0,0,14,3,5,1567,DAMEN AVE,41.772159,-87.648246,05/04/2021 03:12:00 PM,2021
CR00033971,06/22/2017 12:48:00 PM,30,CLEAR,DARKNESS - LIGHTED ROAD,TURNING,ONE-WAY,PEDESTRIAN CROSSING SIGN,FAILING TO REDUCE SPEED,DRIVING SKILLS/KNOWLEDGE/EXPERIENCE,0,0,0,0,12,5,6,1282,ASHLAND AVE,41.71666,-87.747588,06/22/2017 01:19:00 PM,2017
CR00033972,08/26/2018 01:09:00 PM,40,CLEAR,DAYLIGHT,ANGLE,NOT DIVIDED,STOP SIGN/FLASHER,FAILING TO YIELD RIGHT-OF-WAY,DISTRACTION - FROM INSIDE VEHICLE,0,0,0,0,13,1,8,578,CLARK ST,41.851314,-87.783541,08/26/2018 02:08:00 PM,2018
CR00033973,12/27/2019 03:56:00 AM,35,CLEAR,DAYLIGHT,REAR END,DIVIDED - W/MEDIAN (NOT RAISED),NO CONTROLS,UNABLE TO DETERMINE,NOT APPLICABLE,0,0,2,2,3,6,12,1750,PULASKI RD,41.903009,-87.506033,12/27/2019 05:38:00 AM,2019
CR00033974,08/26/2016 07:43:00 PM,35,SNOW,DAYLIGHT,REAR TO FRONT,FOUR WAY,NO CONTROLS,FAILING TO YIELD RIGHT-OF-WAY,UNABLE TO DETERMINE,0,0,0,0,19,6,8,542,CLARK ST,41.842747,-87.694045,08/26/2016 08:23:00 PM,2016
CR00033975,03/21/2016 12:03:00 AM,25,CLEAR,DARKNESS - LIGHTED ROAD,REAR END,ONE-WAY,STOP SIGN/FLASHER,IMPROPER LANE USAGE,UNABLE TO DETERMINE,0,0,0,0,0,2,3,1435,CICERO AVE,41.957172,-87.789695,03/21/2016 01:27:00 AM,2016
CR00033976,04/11/2023 11:16:00 AM,45,CLEAR,DAYLIGHT,PARKED MOTOR VEHICLE,DIVIDED - W/MEDIAN (NOT RAISED),NO CONTROLS,FAILING TO YIELD RIGHT-OF-WAY,NOT APPLICABLE,0,0,0,0,11,3,4,1197,FULLERTON AVE,41.830562,-87.733297,04/11/2023 12:05:00 PM,2023
CR00033977,02/08/2016 07:30:00 AM,25,CLEAR,DAYLIGHT,PARKED MOTOR VEHICLE,NOT DIVIDED,NO CONTROLS,IMPROPER OVERTAKING/PASSING,FAILING TO REDUCE SPEED,0,0,0,0,7,2,2,1024,47TH ST,41.965505,-87.648483,02/08/2016 08:33:00 AM,2016
CR00033978,04/02/2016 03:26:00 PM,35,CLEAR,DARKNESS - LIGHTED ROAD,TURNING,DIVIDED - W/MEDIAN (NOT RAISED),NO CONTROLS,FOLLOWING TOO CLOSELY,DRIVING SKILLS/KNOWLEDGE/EXPERIENCE,0,0,0,0,15,7,4,150,HALSTED ST,41.999042,-87.746057,04/02/2016 04:56:00 PM,2016
CR00033979,06/13/2017 07:23:00 AM,35,CLEAR,DAYLIGHT,SIDESWIPE SAME DIRECTION,FOUR WAY,STOP SIGN/FLASHER,IMPROPER OVERTAKING/PASSING,UNABLE TO DETERMINE,0,0,0,0,7,3,6,349,STATE ST,41.731788,-87.600097,06/13/2017 07:34:00 AM,2017
CR00033980,07/25/2018 12:36:00 AM,15,CLOUDY/OVERCAST,DARKNESS,REAR END,DIVIDED - W/MEDIAN BARRIER,NO CONTROLS,UNABLE TO DETERMINE,FAILING TO REDUCE SPEED,0,0,0,0,0,4,7,2075,CICERO AVE,41.811422,-87.779303,07/25/2018 02:23:00 AM,2018
CR00033981,01/09/2022 08:06:00 PM,25,CLEAR,DAYLIGHT,REAR END,NOT DIVIDED,NO CONTROLS,FAILING TO REDUCE SPEED,UNABLE TO DETERMINE,0,0,0,0,20,1,1,287,ELSTON AVE,41.888965,-87.590321,01/09/2022 08:25:00 PM,2022
CR00033982,04/13/2024 08:32:00 PM,15,CLEAR,DARKNESS - LIGHTED ROAD,REAR END,ONE-WAY,STOP SIGN/FLASHER,FOLLOWING TOO CLOSELY,FAILING TO YIELD RIGHT-OF-WAY,0,0,0,0,20,7,4,2354,WESTERN AVE,41.934404,-87.81683,04/13/2024 08:54:00 PM,2024