CRASH_RECORD_ID,CRASH_DATE,POSTED_SPEED_LIMIT,WEATHER_CONDITION,LIGHTING_CONDITION,FIRST_CRASH_TYPE,TRAFFICWAY_TYPE,TRAFFIC_CONTROL_DEVICE,PRIM_CONTRIBUTORY_CAUSE,SEC_CONTRIBUTORY_CAUSE,INJURIES_FATAL,INJURIES_INCAPACITATING,INJURIES_NON_INCAPACITATING,INJURIES_TOTAL,CRASH_HOUR,CRASH_DAY_OF_WEEK,CRASH_MONTH,BEAT_OF_OCCURRENCE,STREET_NAME,LATITUDE,LONGITUDE,DATE_POLICE_NOTIFIED,year
CR00033983,02/28/2021 05:44:00 PM,35,CLEAR,DAYLIGHT,TURNING,DIVIDED - W/MEDIAN (NOT RAISED),NO CONTROLS,UNABLE TO DETERMINE,UNABLE TO DETERMINE,0,0,0,0,17,1,2,536,CALIFORNIA AVE,41.930105,-87.774845,02/28/2021 06:02:00 PM,2021
CR00033984,10/16/2023 08:59:00 AM,35,CLEAR,DAYLIGHT,ANGLE,NOT DIVIDED,TRAFFIC SIGNAL,FOLLOWING TOO CLOSELY,UNABLE TO DETERMINE,0,0,0,0,8,2,10,2295,FULLERTON AVE,41.967453,-87.806281,10/16/2023 09:57:00 AM,2023
CR00033985,01/21/2018 11:00:00 AM,35,RAIN,DARKNESS - LIGHTED ROAD,PARKED MOTOR VEHICLE,FOUR WAY,PEDESTRIAN CROSSING SIGN,FOLLOWING TOO CLOSELY,DRIVING SKILLS/KNOWLEDGE/EXPERIENCE,0,0,0,0,11,1,1,661,DIVISION ST,41.784092,-87.619563,01/21/2018 11:54:00 AM,2018
CR00033986,02/15/2018 07:30:00 AM,45,CLEAR,DAYLIGHT,REAR END,FOUR WAY,TRAFFIC SIGNAL,UNABLE TO DETERMINE,DISTRACTION - FROM INSIDE VEHICLE,0,0,0,0,7,5,2,719,ROOSEVELT RD,41.967956,-87.845237,02/15/2018 09:10:00 AM,2018
CR00033987,08/26/2020 01:34:00 PM,25,CLEAR,DARKNESS - LIGHTED ROAD,PARKED MOTOR VEHICLE,T-INTERSECTION,NO CONTROLS,FAILING TO REDUCE SPEED,UNABLE TO DETERMINE,0,0,2,2,13,4,8,2322,LAKE SHORE DR,41.891163,-87.514135,08/26/2020 01:48:00 PM,2020
CR00033988,04/23/2021 12:37:00 PM,40,CLEAR,DAYLIGHT,PARKED MOTOR VEHICLE,NOT DIVIDED,TRAFFIC SIGNAL,UNABLE TO DETERMINE,WEATHER,0,0,1,1,12,6,4,1810,63RD ST,41.854364,-87.763395,04/23/2021 01:35:00 PM,2021
CR00033989,01/26/2022 08:52:00 AM,25,CLEAR,DAYLIGHT,REAR END,NOT DIVIDED,NO CONTROLS,IMPROPER LANE USAGE,NOT APPLICABLE,0,0,0,0,8,4,1,807,CALIFORNIA AVE,41.810039,-87.845045,01/26/2022 10:28:00 AM,2022
CR00033990,01/04/2021 02:44:00 PM,30,CLEAR,DARKNESS - LIGHTED ROAD,ANGLE,ONE-WAY,STOP SIGN/FLASHER,FAILING TO YIELD RIGHT-OF-WAY,FAILING TO YIELD RIGHT-OF-WAY,0,0,0,0,14,2,1,648,OGDEN AVE,41.968216,-87.756644,01/04/2021 04:34:00 PM,2021
CR00033991,12/06/2019 10:21:00 AM,30,CLEAR,DAYLIGHT,TURNING,NOT DIVIDED,TRAFFIC SIGNAL,UNABLE TO DETERMINE,IMPROPER LANE USAGE,0,0,0,0,10,6,12,276,47TH ST,41.924236,-87.814058,12/06/2019 10:46:00 AM,2019
CR00033992,06/15/2021 06:17:00 PM,30,CLEAR,DARKNESS - LIGHTED ROAD,SIDESWIPE SAME DIRECTION,NOT DIVIDED,NO CONTROLS,FAILING TO REDUCE SPEED,DRIVING SKILLS/KNOWLEDGE/EXPERIENCE,0,0,1,1,18,3,6,2077,PULASKI RD,41.757099,-87.80885,06/15/2021 06:56:00 PM,2021
CR00033993,05/13/2023 12:02:00 PM,40,RAIN,DARKNESS - LIGHTED ROAD,PARKED MOTOR VEHICLE,DIVIDED - W/MEDIAN BARRIER,TRAFFIC SIGNAL,UNABLE TO DETERMINE,DISREGARDING TRAFFIC SIGNALS,0,0,0,0,12,7,5,1666,ARCHER AVE,41.947455,-87.789168,05/13/2023 01:26:00 PM,2023
CR00033994,09/15/2015 06:39:00 PM,25,CLEAR,DARKNESS - LIGHTED ROAD,REAR END,NOT DIVIDED,STOP SIGN/FLASHER,UNABLE TO DETERMINE,FAILING TO REDUCE SPEED,0,0,0,0,18,3,9,639,ARCHER AVE,41.781284,-87.503533,09/15/2015 07:15:00 PM,2015
CR00033995,10/31/2024 10:35:00 AM,30,RAIN,DAYLIGHT,SIDESWIPE SAME DIRECTION,DIVIDED - W/MEDIAN BARRIER,TRAFFIC SIGNAL,UNABLE TO DETERMINE,DISREGARDING TRAFFIC SIGNALS,0,0,0,0,10,5,10,575,HALSTED ST,41.872375,-87.742212,10/31/2024 11:48:00 AM,2024
CR00033996,01/20/2023 04:20:00 PM,35,CLEAR,DAYLIGHT,REAR END,NOT DIVIDED,UNKNOWN,UNABLE TO DETERMINE,DISREGARDING TRAFFIC SIGNALS,0,0,0,0,16,6,1,481,LAKE SHORE DR,41.802526,-87.728085,01/20/2023 04:56:00 PM,2023
CR00033997,10/29/2023 07:03:00 AM,35,CLEAR,DAYLIGHT,PEDESTRIAN,ONE-WAY,YIELD,FAILING TO YIELD RIGHT-OF-WAY,UNABLE TO DETERMINE,0,0,0,0,7,1,10,633,FULLERTON AVE,41.844421,-87.765272,10/29/2023 07:51:00 AM,2023
CR00033998,05/27/2017 07:48:00 AM,45,CLEAR,DAYLIGHT,FIXED OBJECT,ONE-WAY,NO CONTROLS,DISREGARDING TRAFFIC SIGNALS,FOLLOWING TOO CLOSELY,0,0,2,2,7,7,5,2462,PULASKI RD,41.99078,-87.618765,05/27/2017 09:44:00 AM,2017
CR00033999,04/22/2022 04:21:00 PM,30,CLEAR,DAYLIGHT,REAR TO FRONT,DIVIDED - W/MEDIAN (NOT RAISED),UNKNOWN,UNABLE TO DETERMINE,IMPROPER LANE USAGE,0,0,0,0,16,6,4,240,79TH ST,41.899848,-87.815424,04/22/2022 06:16:00 PM,2022
CR00034000,10/12/2015 03:31:00 PM,40,FOG/SMOKE/HAZE,DARKNESS - LIGHTED ROAD,REAR END,NOT DIVIDED,STOP SIGN/FLASHER,FOLLOWING TOO CLOSELY,UNABLE TO DETERMINE,0,0,3,3,15,2,10,370,LAKE SHORE DR,41.784857,-87.683526,10/12/2015 03:56:00 PM,2015
CR00034001,01/13/2023 05:39:00 AM,15,CLOUDY/OVERCAST,DAYLIGHT,TURNING,NOT DIVIDED,TRAFFIC SIGNAL,FAILING TO REDUCE SPEED,FAILING TO YIELD RIGHT-OF-WAY,0,0,1,1,5,6,1,578,HALSTED ST,41.858746,-87.524878,01/13/2023 06:30:00 AM,2023
CR00034002,08/16/2023 05:04:00 PM,20,CLEAR,DAWN,REAR END,ONE-WAY,NO CONTROLS,DISTRACTION - FROM INSIDE VEHICLE,NOT APPLICABLE,0,0,0,0,17,4,8,549,STONY ISLAND AVE,41.943001,-87.549027,08/16/2023 06:30:00 PM,2023
CR00034003,09/03/2018 04:07:00 PM,35,CLEAR,DAYLIGHT,TURNING,NOT DIVIDED,STOP SIGN/FLASHER,DRIVING SKILLS/KNOWLEDGE/EXPERIENCE,FAILING TO REDUCE SPEED,0,0,0,0,16,2,9,968,ELSTON AVE,41.850783,-87.823008,09/03/2018 05:57:00 PM,2018
CR00034004,11/15/2020 05:20:00 PM,35,CLEAR,DAWN,REAR END,DIVIDED - W/MEDIAN (NOT RAISED),NO CONTROLS,DISTRACTION - FROM INSIDE VEHICLE,DRIVING SKILLS/KNOWLEDGE/EXPERIENCE,0,0,0,0,17,1,11,478,DIVISION ST,41.803374,-87.768091,11/15/2020 05:32:00 PM,2020
CR00034005,12/03/2015 09:03:00 AM,20,CLEAR,DARKNESS - LIGHTED ROAD,FIXED OBJECT,NOT DIVIDED,TRAFFIC SIGNAL,FOLLOWING TOO CLOSELY,IMPROPER OVERTAKING/PASSING,0,0,0,0,9,5,12,121,PULASKI RD,41.8713,-87.52457,12/03/2015 09:19:00 AM,2015
CR00034006,10/19/2024 08:29:00 PM,45,CLEAR,DAYLIGHT,SIDESWIPE SAME DIRECTION,FOUR WAY,TRAFFIC SIGNAL,UNABLE TO DETERMINE,FOLLOWING TOO CLOSELY,0,0,0,0,20,7,10,283,BROADWAY,41.850387,-87.65666,10/19/2024 09:50:00 PM,2024
CR00034007,04/12/2021 04:35:00 PM,30,SNOW,DAYLIGHT,REAR END,DIVIDED - W/MEDIAN BARRIER,NO CONTROLS,UNABLE TO DETERMINE,FOLLOWING TOO CLOSELY,0,0,0,0,16,2,4,1761,ROOSEVELT RD,41.764579,-87.581839,04/12/2021 04:55:00 PM,2021
CR00034008,07/02/2016 10:00:00 PM,30,CLEAR,DARKNESS - LIGHTED ROAD,REAR END,ONE-WAY,STOP SIGN/FLASHER,IMPROPER OVERTAKING/PASSING,NOT APPLICABLE,0,0,0,0,22,7,7,189,ASHLAND AVE,41.718695,-87.587125,07/02/2016 11:10:00 PM,2016
CR00034009,07/01/2023 08:40:00 AM,15,CLEAR,DAYLIGHT,TURNING,NOT DIVIDED,TRAFFIC SIGNAL,WEATHER,UNABLE TO DETERMINE,0,0,0,0,8,7,7,837,CALIFORNIA AVE,41.732387,-87.775532,07/01/2023 09:27:00 AM,2023
CR00034010,12/14/2024 12:00:00 PM,25,RAIN,DUSK,TURNING,NOT DIVIDED,NO CONTROLS,UNABLE TO DETERMINE,UNABLE TO DETERMINE,0,0,0,0,12,7,12,2090,ROOSEVELT RD,41.787512,-87.595634,12/14/2024 01:23:00 PM,2024
CR00034011,03/20/2020 11:49:00 PM,20,CLEAR,DUSK,REAR END,NOT DIVIDED,NO CONTROLS,FOLLOWING TOO CLOSELY,NOT APPLICABLE,0,0,0,0,23,6,3,249,HALSTED ST,41.751253,-87.745234,03/21/2020 12:13:00 AM,2020
CR00034012,09/02/2019 09:42:00 AM,25,CLEAR,DUSK,TURNING,DIVIDED - W/MEDIAN (NOT RAISED),YIELD,WEATHER,FOLLOWING TOO CLOSELY,0,0,0,0,9,2,9,1884,PULASKI RD,41.848392,-87.802575,09/02/2019 11:42:00 AM,2019
CR00034013,08/01/2021 03:16:00 PM,15,SNOW,DAYLIGHT,REAR END,DIVIDED - W/MEDIAN (NOT RAISED),STOP SIGN/FLASHER,DISTRACTION - FROM INSIDE VEHICLE,FAILING TO YIELD RIGHT-OF-WAY,0,0,1,1,15,1,8,1645,OGDEN AVE,41.724839,-87.681884,08/01/2021 04:32:00 PM,2021
CR00034014,07/20/2019 08:43:00 PM,25,CLEAR,DAYLIGHT,REAR END,NOT DIVIDED,UNKNOWN,FAILING TO REDUCE SPEED,FOLLOWING TOO CLOSELY,0,0,0,0,20,7,7,2122,ROOSEVELT RD,41.798855,-87.580254,07/20/2019 09:23:00 PM,2019
CR00034015,05/02/2022 02:35:00 PM,30,CLEAR,DAYLIGHT,PARKED MOTOR VEHICLE,NOT DIVIDED,NO CONTROLS,FAILING TO REDUCE SPEED,UNABLE TO DETERMINE,0,0,0,0,14,2,5,2324,CALIFORNIA AVE,41.830607,-87.663033,05/02/2022 03:57:00 PM,2022
CR00034016,06/07/2020 06:54:00 PM,20,RAIN,DAYLIGHT,ANGLE,DIVIDED - W/MEDIAN BARRIER,STOP SIGN/FLASHER,UNABLE TO DETERMINE,NOT APPLICABLE,0,0,0,0,18,1,6,959,ROOSEVELT RD,41.768845,-87.811586,06/07/2020 08:12:00 PM,2020
CR00034017,12/05/2018 09:05:00 AM,20,CLOUDY/OVERCAST,DARKNESS - LIGHTED ROAD,REAR END,NOT DIVIDED,NO CONTROLS,DISTRACTION - FROM INSIDE VEHICLE,IMPROPER OVERTAKING/PASSING,0,0,1,1,9,4,12,103,CALIFORNIA AVE,41.955904,-87.654073,12/05/2018 10:06:00 AM,2018
CR00034018,04/25/2024 09:23:00 AM,30,CLEAR,DARKNESS - LIGHTED ROAD,TURNING,NOT DIVIDED,TRAFFIC SIGNAL,DISREGARDING TRAFFIC SIGNALS,FAILING TO YIELD RIGHT-OF-WAY,0,0,0,0,9,5,4,582,STATE ST,41.745139,-87.618663,04/25/2024 11:01:00 AM,2024
CR00034019,07/23/2015 08:07:00 PM,30,CLEAR,DAYLIGHT,PARKED MOTOR VEHICLE,NOT DIVIDED,TRAFFIC SIGNAL,UNABLE TO DETERMINE,FAILING TO REDUCE SPEED,0,0,0,0,20,5,7,1133,FULLERTON AVE,41.847477,-87.806718,07/23/2015 08:41:00 PM,2015
CR00034020,02/20/2021 10:49:00 AM,30,CLEAR,DARKNESS,TURNING,ONE-WAY,NO CONTROLS,FAILING TO YIELD RIGHT-OF-WAY,DRIVING SKILLS/KNOWLEDGE/EXPERIENCE,0,0,0,0,10,7,2,860,ARCHER AVE,41.757719,-87.783608,02/20/2021 11:12:00 AM,2021
CR00034021,01/22/2017 02:43:00 PM,30,CLEAR,DARKNESS - LIGHTED ROAD,REAR END,DIVIDED - W/MEDIAN (NOT RAISED),NO CONTROLS,UNABLE TO DETERMINE,DISTRACTION - FROM INSIDE VEHICLE,0,0,0,0,14,1,1,931,79TH ST,41.984788,-87.695487,01/22/2017 03:00:00 PM,2017
CR00034022,04/02/2017 03:05:00 AM,35,CLEAR,DARKNESS - LIGHTED ROAD,TURNING,NOT DIVIDED,NO CONTROLS,UNABLE TO DETERMINE,NOT APPLICABLE,0,0,0,0,3,1,4,1411,ROOSEVELT RD,41.897788,-87.793923,04/02/2017 03:30:00 AM,2017
CR00034023,12/24/2018 09:40:00 PM,20,CLEAR,DAYLIGHT,ANGLE,ONE-WAY,UNKNOWN,UNABLE TO DETERMINE,NOT APPLICABLE,0,0,0,0,21,2,12,187,MILWAUKEE AVE,41.723057,-87.785595,12/24/2018 09:41:00 PM,2018
CR00034024,12/14/2024 05:37:00 PM,35,CLOUDY/OVERCAST,DARKNESS,SIDESWIPE SAME DIRECTION,NOT DIVIDED,PEDESTRIAN CROSSING SIGN,DISREGARDING TRAFFIC SIGNALS,IMPROPER LANE USAGE,0,0,0,0,17,7,12,2327,MILWAUKEE AVE,41.837643,-87.66836,12/14/2024 06:11:00 PM,2024
CR00034025,03/27/2023 12:51:00 PM,25,CLEAR,DARKNESS - LIGHTED ROAD,ANGLE,NOT DIVIDED,TRAFFIC SIGNAL,FAILING TO YIELD RIGHT-OF-WAY,FOLLOWING TOO CLOSELY,0,0,1,1,12,2,3,759,HALSTED ST,41.876891,-87.799149,03/27/2023 01:51:00 PM,2023
CR00034026,01/29/2015 09:11:00 PM,35,RAIN,DAYLIGHT,ANGLE,DIVIDED - W/MEDIAN (NOT RAISED),TRAFFIC SIGNAL,DISTRACTION - FROM INSIDE VEHICLE,UNABLE TO DETERMINE,0,0,0,0,21,5,1,1826,DAMEN AVE,41.737412,-87.596107,01/29/2015 09:35:00 PM,2015
CR00034027,06/26/2021 10:27:00 PM,35,RAIN,DAYLIGHT,REAR END,NOT DIVIDED,TRAFFIC SIGNAL,FAILING TO REDUCE SPEED,FAILING TO REDUCE SPEED,0,0,0,0,22,7,6,2460,DAMEN AVE,41.964927,-87.714129,06/26/2021 10:41:00 PM,2021
CR00034028,07/30/2017 07:22:00 AM,25,CLEAR,DAYLIGHT,TURNING,NOT DIVIDED,NO CONTROLS,IMPROPER OVERTAKING/PASSING,UNABLE TO DETERMINE,0,0,0,0,7,1,7,150,WESTERN AVE,41.87019,-87.641872,07/30/2017 07:50:00 AM,2017
CR00034029,08/08/2021 11:17:00 AM,30,FOG/SMOKE/HAZE,DAYLIGHT,SIDESWIPE SAME DIRECTION,FOUR WAY,NO CONTROLS,UNABLE TO DETERMINE,NOT APPLICABLE,0,0,0,0,11,1,8,881,ROOSEVELT RD,41.852225,-87.811191,08/08/2021 12:41:00 PM,2021
CR00034030,06/11/2024 01:30:00 PM,30,CLEAR,DAYLIGHT,REAR END,T-INTERSECTION,UNKNOWN,FAILING TO YIELD RIGHT-OF-WAY,FOLLOWING TOO CLOSELY,0,0,0,0,13,3,6,395,IRVING PARK RD,41.902197,-87.690687,06/11/2024 02:45:00 PM,2024
CR00034031,11/20/2021 04:19:00 PM,30,CLEAR,DAYLIGHT,ANGLE,DIVIDED - W/MEDIAN (NOT RAISED),TRAFFIC SIGNAL,FAILING TO YIELD RIGHT-OF-WAY,UNABLE TO DETERMINE,0,0,1,1,16,7,11,1933,CLARK ST,41.825305,-87.643726,11/20/2021 04:27:00 PM,2021
CR00034032,02/12/2015 07:53:00 AM,40,CLOUDY/OVERCAST,DARKNESS,TURNING,ONE-WAY,NO CONTROLS,FOLLOWING TOO CLOSELY,UNABLE TO DETERMINE,0,0,0,0,7,5,2,2293,DAMEN AVE,41.715283,-87.61392,02/12/2015 09:18:00 AM,2015
CR00034033,02/10/2020 01:18:00 PM,20,CLEAR,DAYLIGHT,FIXED OBJECT,DIVIDED - W/MEDIAN (NOT RAISED),TRAFFIC SIGNAL,UNABLE TO DETERMINE,DRIVING SKILLS/KNOWLEDGE/EXPERIENCE,0,0,0,0,13,2,2,1612,LAKE SHORE DR,41.892085,-87.508484,02/10/2020 02:23:00 PM,2020
CR00034034,05/29/2015 11:54:00 PM,40,CLEAR,DARKNESS - LIGHTED ROAD,FIXED OBJECT,NOT DIVIDED,NO CONTROLS,FAILING TO YIELD RIGHT-OF-WAY,UNABLE TO DETERMINE,0,0,0,0,23,6,5,132,ARCHER AVE,41.714458,-87.515679,05/30/2015 01:17:00 AM,2015
CR00034035,05/06/2019 12:09:00 PM,35,RAIN,DAYLIGHT,REAR END,DIVIDED - W/MEDIAN BARRIER,NO CONTROLS,UNABLE TO DETERMINE,WEATHER,0,0,0,0,12,2,5,1505,KEDZIE AVE,41.765302,-87.773647,05/06/2019 01:27:00 PM,2019
CR00034036,10/13/2023 07:08:00 PM,15,CLEAR,DARKNESS - LIGHTED ROAD,TURNING,FOUR WAY,TRAFFIC SIGNAL,FAILING TO REDUCE SPEED,UNABLE TO DETERMINE,0,0,0,0,19,6,10,2163,BROADWAY,41.758414,-87.695583,10/13/2023 07:39:00 PM,2023
CR00034037,05/05/2021 12:04:00 AM,20,CLEAR,DAYLIGHT,REAR END,DIVIDED - W/MEDIAN BARRIER,NO CONTROLS,UNABLE TO DETERMINE,NOT APPLICABLE,0,0,0,0,0,4,5,1546,79TH ST,41.988465,-87.758116,05/05/2021 01:06:00 AM,2021
CR00034038,01/23/2018 09:06:00 AM,30,CLEAR,DAYLIGHT,REAR END,DIVIDED - W/MEDIAN (NOT RAISED),TRAFFIC SIGNAL,FAILING TO YIELD RIGHT-OF-WAY,NOT APPLICABLE,0,0,0,0,9,3,1,391,ROOSEVELT RD,41.768933,-87.825725,01/23/2018 10:54:00 AM,2018
CR00034039,01/17/2019 03:10:00 PM,30,CLEAR,DAYLIGHT,ANGLE,NOT DIVIDED,NO CONTROLS,FOLLOWING TOO CLOSELY,WEATHER,0,0,0,0,15,5,1,1845,CALIFORNIA AVE,41.933117,-87.580201,01/17/2019 04:51:00 PM,2019
CR00034040,03/10/2024 12:12:00 AM,35,RAIN,DARKNESS - LIGHTED ROAD,REAR END,DIVIDED - W/MEDIAN BARRIER,NO CONTROLS,FAILING TO YIELD RIGHT-OF-WAY,FOLLOWING TOO CLOSELY,0,0,1,1,0,1,3,1175,63RD ST,41.957876,-87.684614,03/10/2024 12:51:00 AM,2024
CR00034041,11/15/2018 06:08:00 AM,40,CLEAR,DAYLIGHT,TURNING,DIVIDED - W/MEDIAN (NOT RAISED),NO CONTROLS,DISREGARDING TRAFFIC SIGNALS,UNABLE TO DETERMINE,0,0,0,0,6,5,11,1910,IRVING PARK RD,41.869969,-87.647364,11/15/2018 06:43:00 AM,2018
CR00034042,04/17/2018 06:48:00 PM,30,CLEAR,DARKNESS - LIGHTED ROAD,REAR END,DIVIDED - W/MEDIAN BARRIER,NO CONTROLS,UNABLE TO DETERMINE,NOT APPLICABLE,0,0,0,0,18,3,4,650,ELSTON AVE,41.830706,-87.731895,04/17/2018 07:16:00 PM,2018
CR00034043,10/19/2020 07:10:00 AM,35,CLOUDY/OVERCAST,DAYLIGHT,FIXED OBJECT,NOT DIVIDED,NO CONTROLS,IMPROPER LANE USAGE,WEATHER,0,1,0,1,7,2,10,1343,DAMEN AVE,41.894189,-87.791879,10/19/2020 08:01:00 AM,2020
CR00034044,11/06/2023 05:53:00 PM,35,CLEAR,DAYLIGHT,REAR END,NOT DIVIDED,STOP SIGN/FLASHER,FAILING TO YIELD RIGHT-OF-WAY,UNABLE TO DETERMINE,0,0,0,0,17,2,11,623,HALSTED ST,41.904681,-87.508299,11/06/2023 07:15:00 PM,2023
CR00034045,06/18/2020 11:39:00 AM,40,CLEAR,DAYLIGHT,ANGLE,NOT DIVIDED,NO CONTROLS,IMPROPER OVERTAKING/PASSING,FOLLOWING TOO CLOSELY,0,0,0,0,11,5,6,209,STONY ISLAND AVE,41.916019,-87.801125,06/18/2020 12:49:00 PM,2020
CR00034046,06/11/2016 01:03:00 PM,15,CLEAR,DARKNESS,REAR TO FRONT,FOUR WAY,NO CONTROLS,UNABLE TO DETERMINE,IMPROPER LANE USAGE,0,0,2,2,13,7,6,1986,BROADWAY,41.736693,-87.767698,06/11/2016 01:36:00 PM,2016
CR00034047,06/22/2021 02:23:00 PM,40,CLEAR,DAYLIGHT,PEDESTRIAN,NOT DIVIDED,TRAFFIC SIGNAL,UNABLE TO DETERMINE,DRIVING SKILLS/KNOWLEDGE/EXPERIENCE,0,0,0,0,14,3,6,889,STONY ISLAND AVE,41.717319,-87.665615,06/22/2021 03:00:00 PM,2021
CR00034048,01/11/2016 03:09:00 AM,30,CLEAR,DAYLIGHT,TURNING,DIVIDED - W/MEDIAN (NOT RAISED),TRAFFIC SIGNAL,WEATHER,DRIVING SKILLS/KNOWLEDGE/EXPERIENCE,0,0,1,1,3,2,1,473,STONY ISLAND AVE,41.943433,-87.653952,01/11/2016 04:32:00 AM,2016
CR00034049,08/10/2020 07:56:00 AM,45,CLEAR,DARKNESS,FIXED OBJECT,NOT DIVIDED,NO CONTROLS,UNABLE TO DETERMINE,FOLLOWING TOO CLOSELY,0,0,0,0,7,2,8,134,ELSTON AVE,41.711358,-87.82745,08/10/2020 08:22:00 AM,2020
CR00034050,05/02/2022 08:09:00 PM,30,CLEAR,DARKNESS - LIGHTED ROAD,TURNING,NOT DIVIDED,UNKNOWN,UNABLE TO DETERMINE,NOT APPLICABLE,0,0,1,1,20,2,5,1225,MICHIGAN AVE,41.845011,-87.509515,05/02/2022 08:40:00 PM,2022
CR00034051,04/05/2018 04:16:00 PM,40,CLEAR,DAYLIGHT,TURNING,DIVIDED - W/MEDIAN (NOT RAISED),TRAFFIC SIGNAL,UNABLE TO DETERMINE,NOT APPLICABLE,0,0,0,0,16,5,4,2057,DAMEN AVE,41.797776,-87.798321,04/05/2018 05:32:00 PM,2018
CR00034052,02/12/2022 01:39:00 AM,30,CLEAR,DUSK,TURNING,DIVIDED - W/MEDIAN (NOT RAISED),STOP SIGN/FLASHER,UNABLE TO DETERMINE,WEATHER,0,0,0,0,1,7,2,1875,CLARK ST,41.776597,-87.617319,02/12/2022 02:29:00 AM,2022
CR00034053,02/05/2021 12:44:00 PM,35,CLEAR,DARKNESS - LIGHTED ROAD,REAR END,FOUR WAY,STOP SIGN/FLASHER,DISTRACTION - FROM INSIDE VEHICLE,FOLLOWING TOO CLOSELY,0,0,0,0,12,6,2,302,HALSTED ST,41.855031,-87.70815,02/05/2021 12:58:00 PM,2021
CR00034054,05/14/2015 06:44:00 PM,40,CLEAR,DAYLIGHT,TURNING,DIVIDED - W/MEDIAN (NOT RAISED),STOP SIGN/FLASHER,FAILING TO REDUCE SPEED,FAILING TO YIELD RIGHT-OF-WAY,0,0,0,0,18,5,5,726,ASHLAND AVE,41.756113,-87.592005,05/14/2015 08:18:00 PM,2015
CR00034055,12/11/2017 05:59:00 PM,20,CLEAR,DAYLIGHT,REAR END,DIVIDED - W/MEDIAN (NOT RAISED),UNKNOWN,FAILING TO YIELD RIGHT-OF-WAY,UNABLE TO DETERMINE,0,0,0,0,17,2,12,784,CICERO AVE,41.816356,-87.610404,12/11/2017 07:29:00 PM,2017
CR00034056,12/09/2021 04:06:00 PM,30,CLEAR,DAYLIGHT,TURNING,NOT DIVIDED,STOP SIGN/FLASHER,IMPROPER LANE USAGE,UNABLE TO DETERMINE,0,0,0,0,16,5,12,1086,ASHLAND AVE,41.877599,-87.786165,12/09/2021 05:24:00 PM,2021
CR00034057,01/12/2022 08:40:00 AM,30,CLEAR,DUSK,REAR END,T-INTERSECTION,STOP SIGN/FLASHER,FAILING TO REDUCE SPEED,IMPROPER OVERTAKING/PASSING,0,0,0,0,8,4,1,227,DIVISION ST,41.917033,-87.506654,01/12/2022 09:17:00 AM,2022
CR00034058,02/06/2024 11:09:00 AM,35,RAIN,DARKNESS - LIGHTED ROAD,TURNING,NOT DIVIDED,NO CONTROLS,UNABLE TO DETERMINE,UNABLE TO DETERMINE,0,0,0,0,11,3,2,1089,FULLERTON AVE,41.776489,-87.592092,02/06/2024 11:58:00 AM,2024
CR00034059,03/04/2018 09:42:00 AM,30,CLEAR,DAYLIGHT,ANGLE,NOT DIVIDED,NO CONTROLS,DISTRACTION - FROM INSIDE VEHICLE,FAILING TO YIELD RIGHT-OF-WAY,0,0,0,0,9,1,3,1163,HALSTED ST,41.890252,-87.710344,03/04/2018 11:29:00 AM,2018
CR00034060,07/24/2016 03:35:00 PM,30,CLEAR,DARKNESS - LIGHTED ROAD,REAR END,NOT DIVIDED,TRAFFIC SIGNAL,UNABLE TO DETERMINE,IMPROPER LANE USAGE,0,0,0,0,15,1,7,252,ELSTON AVE,41.961792,-87.658429,07/24/2016 05:20:00 PM,2016
CR00034061,12/21/2015 01:59:00 PM,35,CLEAR,DAYLIGHT,TURNING,FOUR WAY,STOP SIGN/FLASHER,IMPROPER LANE USAGE,DRIVING SKILLS/KNOWLEDGE/EXPERIENCE,0,0,1,1,13,2,12,1555,STONY ISLAND AVE,41.700431,-87.613638,12/21/2015 02:50:00 PM,2015
CR00034062,08/13/2016 08:39:00 PM,45,RAIN,DARKNESS - LIGHTED ROAD,ANGLE,ONE-WAY,STOP SIGN/FLASHER,IMPROPER LANE USAGE,DISREGARDING TRAFFIC SIGNALS,0,0,0,0,20,7,8,372,ROOSEVELT RD,41.895454,-87.52903,08/13/2016 09:19:00 PM,2016
CR00034063,08/06/2016 11:43:00 AM,15,RAIN,DARKNESS,REAR END,DIVIDED - W/MEDIAN BARRIER,NO CONTROLS,UNABLE TO DETERMINE,FOLLOWING TOO CLOSELY,0,0,0,0,11,7,8,1694,DIVISION ST,41.818609,-87.65756,08/06/2016 12:35:00 PM,2016
CR00034064,07/21/2015 03:59:00 PM,20,CLEAR,DUSK,ANGLE,NOT DIVIDED,STOP SIGN/FLASHER,FOLLOWING TOO CLOSELY,UNABLE TO DETERMINE,0,1,1,2,15,3,7,2329,ARCHER AVE,41.868936,-87.504602,07/21/2015 05:36:00 PM,2015
CR00034065,03/23/2016 03:44:00 PM,35,SNOW,DARKNESS - LIGHTED ROAD,SIDESWIPE SAME DIRECTION,DIVIDED - W/MEDIAN BARRIER,NO CONTROLS,DISREGARDING TRAFFIC SIGNALS,FOLLOWING TOO CLOSELY,0,0,0,0,15,4,3,1323,79TH ST,41.915539,-87.83279,03/23/2016 04:20:00 PM,2016
CR00034066,08/21/2019 04:39:00 PM,35,CLEAR,DAYLIGHT,SIDESWIPE SAME DIRECTION,ONE-WAY,UNKNOWN,IMPROPER LANE USAGE,UNABLE TO DETERMINE,0,0,0,0,16,4,8,2524,ROOSEVELT RD,41.71872,-87.738472,08/21/2019 05:22:00 PM,2019