CRASH_RECORD_ID,CRASH_DATE,POSTED_SPEED_LIMIT,WEATHER_CONDITION,LIGHTING_CONDITION,FIRST_CRASH_TYPE,TRAFFICWAY_TYPE,TRAFFIC_CONTROL_DEVICE,PRIM_CONTRIBUTORY_CAUSE,SEC_CONTRIBUTORY_CAUSE,INJURIES_FATAL,INJURIES_INCAPACITATING,INJURIES_NON_INCAPACITATING,INJURIES_TOTAL,CRASH_HOUR,CRASH_DAY_OF_WEEK,CRASH_MONTH,BEAT_OF_OCCURRENCE,STREET_NAME,LATITUDE,LONGITUDE,DATE_POLICE_NOTIFIED,year
CR00034067,03/24/2020 10:17:00 AM,45,FOG/SMOKE/HAZE,DAYLIGHT,SIDESWIPE SAME DIRECTION,ONE-WAY,YIELD,FOLLOWING TOO CLOSELY,UNABLE TO DETERMINE,0,0,0,0,10,3,3,1303,BROADWAY,41.806154,-87.813177,03/24/2020 10:41:00 AM,2020
CR00034068,05/21/2023 02:26:00 PM,30,CLEAR,DARKNESS - LIGHTED ROAD,SIDESWIPE SAME DIRECTION,NOT DIVIDED,NO CONTROLS,UNABLE TO DETERMINE,FAILING TO YIELD RIGHT-OF-WAY,0,0,1,1,14,1,5,998,CICERO AVE,41.866455,-87.81364,05/21/2023 02:57:00 PM,2023
CR00034069,01/18/2016 04:58:00 PM,30,CLEAR,DAYLIGHT,REAR END,ONE-WAY,NO CONTROLS,FOLLOWING TOO CLOSELY,DRIVING SKILLS/KNOWLEDGE/EXPERIENCE,0,0,0,0,16,2,1,206,STATE ST,41.739452,-87.807719,01/18/2016 05:19:00 PM,2016
CR00034070,10/23/2016 06:03:00 PM,35,CLEAR,DAYLIGHT,SIDESWIPE SAME DIRECTION,DIVIDED - W/MEDIAN BARRIER,NO CONTROLS,UNABLE TO DETERMINE,DISTRACTION - FROM INSIDE VEHICLE,0,0,1,1,18,1,10,196,KEDZIE AVE,41.926356,-87.783878,10/23/2016 06:39:00 PM,2016
CR00034071,04/18/2017 02:32:00 PM,30,CLEAR,DAYLIGHT,PEDESTRIAN,NOT DIVIDED,TRAFFIC SIGNAL,FAILING TO REDUCE SPEED,FOLLOWING TOO CLOSELY,0,0,0,0,14,3,4,414,63RD ST,41.949684,-87.826765,04/18/2017 03:12:00 PM,2017
CR00034072,05/18/2020 02:44:00 PM,45,CLEAR,DARKNESS,FIXED OBJECT,NOT DIVIDED,NO CONTROLS,WEATHER,DISTRACTION - FROM INSIDE VEHICLE,0,0,0,0,14,2,5,1196,ELSTON AVE,41.864504,-87.830108,05/18/2020 04:44:00 PM,2020
CR00034073,03/24/2015 06:03:00 PM,30,CLEAR,DARKNESS - LIGHTED ROAD,SIDESWIPE SAME DIRECTION,NOT DIVIDED,STOP SIGN/FLASHER,DISTRACTION - FROM INSIDE VEHICLE,IMPROPER OVERTAKING/PASSING,0,0,0,0,18,3,3,2255,79TH ST,41.878836,-87.558402,03/24/2015 07:42:00 PM,2015
CR00034074,02/19/2018 01:06:00 PM,35,CLEAR,DARKNESS - LIGHTED ROAD,ANGLE,NOT DIVIDED,UNKNOWN,DRIVING SKILLS/KNOWLEDGE/EXPERIENCE,UNABLE TO DETERMINE,0,0,2,2,13,2,2,748,MICHIGAN AVE,41.892298,-87.824535,02/19/2018 01:56:00 PM,2018
CR00034075,09/08/2020 05:45:00 PM,35,CLEAR,DARKNESS - LIGHTED ROAD,ANGLE,DIVIDED - W/MEDIAN (NOT RAISED),NO CONTROLS,FOLLOWING TOO CLOSELY,UNABLE TO DETERMINE,0,0,0,0,17,3,9,1377,HALSTED ST,41.854258,-87.801111,09/08/2020 07:14:00 PM,2020
CR00034076,12/01/2022 12:42:00 PM,35,SNOW,DAYLIGHT,SIDESWIPE SAME DIRECTION,DIVIDED - W/MEDIAN BARRIER,NO CONTROLS,FOLLOWING TOO CLOSELY,NOT APPLICABLE,0,0,1,1,12,5,12,170,ASHLAND AVE,41.90023,-87.826471,12/01/2022 01:33:00 PM,2022
CR00034077,05/11/2019 06:42:00 PM,15,CLEAR,DARKNESS - LIGHTED ROAD,PARKED MOTOR VEHICLE,DIVIDED - W/MEDIAN BARRIER,STOP SIGN/FLASHER,FAILING TO REDUCE SPEED,FAILING TO REDUCE SPEED,0,2,0,2,18,7,5,1547,63RD ST,41.770519,-87.523746,05/11/2019 07:36:00 PM,2019
CR00034078,09/27/2018 03:16:00 PM,30,CLEAR,DARKNESS - LIGHTED ROAD,ANGLE,T-INTERSECTION,YIELD,FAILING TO REDUCE SPEED,DISTRACTION - FROM INSIDE VEHICLE,0,0,0,0,15,5,9,1538,STONY ISLAND AVE,41.907012,-87.622609,09/27/2018 03:41:00 PM,2018
CR00034079,11/17/2016 12:47:00 PM,30,CLEAR,DARKNESS,PARKED MOTOR VEHICLE,NOT DIVIDED,UNKNOWN,UNABLE TO DETERMINE,IMPROPER OVERTAKING/PASSING,0,0,0,0,12,5,11,2504,63RD ST,41.712293,-87.599912,11/17/2016 02:17:00 PM,2016
CR00034080,02/28/2017 05:29:00 PM,15,RAIN,DARKNESS,TURNING,NOT DIVIDED,STOP SIGN/FLASHER,DRIVING SKILLS/KNOWLEDGE/EXPERIENCE,FAILING TO YIELD RIGHT-OF-WAY,0,0,0,0,17,3,2,1450,47TH ST,41.845679,-87.63675,02/28/2017 06:02:00 PM,2017
CR00034081,06/03/2021 09:31:00 AM,35,CLEAR,DARKNESS - LIGHTED ROAD,REAR END,FOUR WAY,NO CONTROLS,UNABLE TO DETERMINE,UNABLE TO DETERMINE,0,0,0,0,9,5,6,1796,CLARK ST,41.929844,-87.625062,06/03/2021 10:33:00 AM,2021
CR00034082,08/11/2019 02:59:00 PM,30,CLEAR,DAWN,ANGLE,DIVIDED - W/MEDIAN (NOT RAISED),TRAFFIC SIGNAL,IMPROPER LANE USAGE,FOLLOWING TOO CLOSELY,0,0,1,1,14,1,8,1192,KEDZIE AVE,41.807434,-87.682249,08/11/2019 04:11:00 PM,2019
CR00034083,12/20/2019 09:45:00 AM,15,CLOUDY/OVERCAST,DAYLIGHT,ANGLE,DIVIDED - W/MEDIAN (NOT RAISED),TRAFFIC SIGNAL,UNABLE TO DETERMINE,FAILING TO YIELD RIGHT-OF-WAY,0,0,0,0,9,6,12,1863,PULASKI RD,41.907442,-87.647231,12/20/2019 10:44:00 AM,2019
CR00034084,04/28/2016 04:16:00 PM,45,SNOW,DAYLIGHT,PARKED MOTOR VEHICLE,NOT DIVIDED,NO CONTROLS,DRIVING SKILLS/KNOWLEDGE/EXPERIENCE,UNABLE TO DETERMINE,0,0,0,0,16,5,4,1668,KEDZIE AVE,41.831083,-87.622332,04/28/2016 05:53:00 PM,2016
CR00034085,10/13/2016 10:33:00 AM,30,CLEAR,DARKNESS - LIGHTED ROAD,ANGLE,NOT DIVIDED,UNKNOWN,WEATHER,UNABLE TO DETERMINE,0,0,0,0,10,5,10,119,79TH ST,41.8018,-87.502822,10/13/2016 12:26:00 PM,2016
CR00034086,11/21/2017 01:29:00 PM,35,CLEAR,DAYLIGHT,PARKED MOTOR VEHICLE,T-INTERSECTION,NO CONTROLS,FOLLOWING TOO CLOSELY,IMPROPER LANE USAGE,0,1,1,2,13,3,11,142,STATE ST,41.806067,-87.735821,11/21/2017 03:27:00 PM,2017
CR00034087,07/10/2017 07:15:00 PM,35,CLEAR,DARKNESS,TURNING,ONE-WAY,NO CONTROLS,FOLLOWING TOO CLOSELY,FOLLOWING TOO CLOSELY,0,0,0,0,19,2,7,1710,CALIFORNIA AVE,41.707427,-87.663632,07/10/2017 08:31:00 PM,2017
CR00034088,09/23/2023 07:45:00 AM,25,CLEAR,DARKNESS,ANGLE,T-INTERSECTION,TRAFFIC SIGNAL,DRIVING SKILLS/KNOWLEDGE/EXPERIENCE,DISTRACTION - FROM INSIDE VEHICLE,0,0,0,0,7,7,9,1389,BROADWAY,41.953621,-87.807084,09/23/2023 08:29:00 AM,2023
CR00034089,01/13/2016 03:54:00 AM,20,CLEAR,DAYLIGHT,REAR END,NOT DIVIDED,UNKNOWN,DRIVING SKILLS/KNOWLEDGE/EXPERIENCE,DRIVING SKILLS/KNOWLEDGE/EXPERIENCE,0,0,0,0,3,4,1,1089,PULASKI RD,41.820645,-87.837446,01/13/2016 04:41:00 AM,2016
CR00034090,05/12/2018 05:55:00 PM,35,CLEAR,DARKNESS,PARKED MOTOR VEHICLE,ONE-WAY,TRAFFIC SIGNAL,IMPROPER OVERTAKING/PASSING,FOLLOWING TOO CLOSELY,0,0,1,1,17,7,5,964,IRVING PARK RD,41.758969,-87.822388,05/12/2018 06:30:00 PM,2018
CR00034091,03/23/2024 01:38:00 PM,25,CLEAR,DAYLIGHT,TURNING,DIVIDED - W/MEDIAN (NOT RAISED),TRAFFIC SIGNAL,FOLLOWING TOO CLOSELY,FOLLOWING TOO CLOSELY,0,0,0,0,13,7,3,971,STONY ISLAND AVE,41.760197,-87.783235,03/23/2024 02:27:00 PM,2024
CR00034092,11/03/2024 10:00:00 AM,35,CLEAR,DAYLIGHT,TURNING,NOT DIVIDED,NO CONTROLS,DRIVING SKILLS/KNOWLEDGE/EXPERIENCE,UNABLE TO DETERMINE,0,1,1,2,10,1,11,794,CALIFORNIA AVE,41.746089,-87.662602,11/03/2024 10:23:00 AM,2024
CR00034093,09/22/2018 12:53:00 PM,20,CLEAR,DAYLIGHT,TURNING,DIVIDED - W/MEDIAN (NOT RAISED),NO CONTROLS,IMPROPER LANE USAGE,UNABLE TO DETERMINE,0,0,1,1,12,7,9,1330,MICHIGAN AVE,41.734107,-87.751868,09/22/2018 12:57:00 PM,2018
CR00034094,07/01/2022 10:29:00 AM,35,CLOUDY/OVERCAST,DAYLIGHT,REAR END,NOT DIVIDED,STOP SIGN/FLASHER,IMPROPER LANE USAGE,DISREGARDING TRAFFIC SIGNALS,0,0,1,1,10,6,7,1484,CICERO AVE,41.73963,-87.517943,07/01/2022 10:33:00 AM,2022
CR00034095,09/23/2018 03:40:00 PM,30,CLEAR,DAWN,SIDESWIPE SAME DIRECTION,NOT DIVIDED,NO CONTROLS,FOLLOWING TOO CLOSELY,NOT APPLICABLE,0,0,0,0,15,1,9,113,CALIFORNIA AVE,41.879561,-87.785931,09/23/2018 04:43:00 PM,2018
CR00034096,08/09/2020 04:22:00 PM,35,CLEAR,DAYLIGHT,REAR END,DIVIDED - W/MEDIAN BARRIER,TRAFFIC SIGNAL,UNABLE TO DETERMINE,NOT APPLICABLE,0,0,0,0,16,1,8,1190,DAMEN AVE,41.869559,-87.740022,08/09/2020 06:21:00 PM,2020
CR00034097,08/28/2019 04:00:00 PM,30,CLEAR,DAYLIGHT,ANGLE,ONE-WAY,NO CONTROLS,IMPROPER LANE USAGE,DISTRACTION - FROM INSIDE VEHICLE,0,0,0,0,16,4,8,1477,MILWAUKEE AVE,41.99164,-87.622353,08/28/2019 05:23:00 PM,2019
CR00034098,08/21/2015 03:26:00 PM,30,CLEAR,DAYLIGHT,SIDESWIPE SAME DIRECTION,ONE-WAY,NO CONTROLS,DRIVING SKILLS/KNOWLEDGE/EXPERIENCE,FAILING TO YIELD RIGHT-OF-WAY,0,0,0,0,15,6,8,2304,47TH ST,41.836603,-87.640165,08/21/2015 05:12:00 PM,2015
CR00034099,12/21/2022 12:55:00 AM,35,SNOW,DARKNESS - LIGHTED ROAD,SIDESWIPE SAME DIRECTION,ONE-WAY,NO CONTROLS,DISTRACTION - FROM INSIDE VEHICLE,UNABLE TO DETERMINE,0,0,1,1,0,4,12,618,PULASKI RD,41.862687,-87.727949,12/21/2022 01:48:00 AM,2022
CR00034100,06/16/2017 12:12:00 PM,30,CLEAR,DARKNESS - LIGHTED ROAD,PEDESTRIAN,FOUR WAY,NO CONTROLS,UNABLE TO DETERMINE,IMPROPER OVERTAKING/PASSING,0,0,0,0,12,6,6,1122,STONY ISLAND AVE,41.721862,-87.532576,06/16/2017 12:49:00 PM,2017
CR00034101,10/06/2021 04:59:00 PM,35,RAIN,DARKNESS - LIGHTED ROAD,PARKED MOTOR VEHICLE,ONE-WAY,YIELD,FAILING TO YIELD RIGHT-OF-WAY,UNABLE TO DETERMINE,0,0,0,0,16,4,10,616,DAMEN AVE,41.890972,-87.697642,10/06/2021 06:11:00 PM,2021
CR00034102,08/15/2024 10:50:00 AM,35,CLEAR,DARKNESS - LIGHTED ROAD,SIDESWIPE SAME DIRECTION,ONE-WAY,NO CONTROLS,FOLLOWING TOO CLOSELY,UNABLE TO DETERMINE,0,1,0,1,10,5,8,1753,DAMEN AVE,41.920184,-87.648134,08/15/2024 11:26:00 AM,2024
CR00034103,10/09/2024 07:42:00 AM,30,CLOUDY/OVERCAST,DARKNESS - LIGHTED ROAD,REAR END,NOT DIVIDED,TRAFFIC SIGNAL,FAILING TO YIELD RIGHT-OF-WAY,IMPROPER OVERTAKING/PASSING,0,0,0,0,7,4,10,508,PULASKI RD,41.785355,-87.741848,10/09/2024 08:05:00 AM,2024
CR00034104,03/02/2018 11:58:00 PM,45,CLOUDY/OVERCAST,DAYLIGHT,TURNING,ONE-WAY,NO CONTROLS,UNABLE TO DETERMINE,UNABLE TO DETERMINE,0,0,1,1,23,6,3,181,ELSTON AVE,41.951229,-87.699761,03/03/2018 01:18:00 AM,2018
CR00034105,09/09/2018 11:02:00 AM,30,CLEAR,DARKNESS - LIGHTED ROAD,ANGLE,NOT DIVIDED,NO CONTROLS,IMPROPER LANE USAGE,NOT APPLICABLE,0,0,0,0,11,1,9,369,DIVISION ST,41.956233,-87.514317,09/09/2018 11:48:00 AM,2018
CR00034106,12/05/2022 01:48:00 AM,30,CLEAR,DAYLIGHT,FIXED OBJECT,ONE-WAY,NO CONTROLS,UNABLE TO DETERMINE,UNABLE TO DETERMINE,0,0,0,0,1,2,12,181,WESTERN AVE,41.910286,-87.566154,12/05/2022 01:58:00 AM,2022
CR00034107,10/29/2021 06:45:00 PM,30,CLEAR,DAYLIGHT,TURNING,FOUR WAY,STOP SIGN/FLASHER,DISREGARDING TRAFFIC SIGNALS,IMPROPER LANE USAGE,0,0,2,2,18,6,10,472,ASHLAND AVE,41.838646,-87.588607,10/29/2021 07:25:00 PM,2021
CR00034108,08/08/2017 12:19:00 PM,40,CLEAR,DARKNESS,PEDESTRIAN,NOT DIVIDED,NO CONTROLS,FOLLOWING TOO CLOSELY,DISTRACTION - FROM INSIDE VEHICLE,0,0,0,0,12,3,8,816,MILWAUKEE AVE,41.988769,-87.610431,08/08/2017 12:37:00 PM,2017
CR00034109,01/26/2020 04:21:00 PM,35,CLEAR,DUSK,REAR END,NOT DIVIDED,TRAFFIC SIGNAL,IMPROPER LANE USAGE,WEATHER,0,0,3,3,16,1,1,115,STATE ST,41.804872,-87.613006,01/26/2020 04:34:00 PM,2020
CR00034110,05/29/2021 08:34:00 PM,30,FOG/SMOKE/HAZE,DAYLIGHT,PARKED MOTOR VEHICLE,ONE-WAY,TRAFFIC SIGNAL,UNABLE TO DETERMINE,IMPROPER OVERTAKING/PASSING,0,0,0,0,20,7,5,2516,STONY ISLAND AVE,41.798974,-87.806623,05/29/2021 09:42:00 PM,2021
CR00034111,12/25/2018 01:47:00 AM,35,CLEAR,DUSK,TURNING,NOT DIVIDED,STOP SIGN/FLASHER,FOLLOWING TOO CLOSELY,UNABLE TO DETERMINE,0,0,1,1,1,3,12,1774,STATE ST,41.903549,-87.538281,12/25/2018 03:40:00 AM,2018
CR00034112,08/03/2021 08:11:00 AM,45,CLEAR,DAYLIGHT,SIDESWIPE SAME DIRECTION,NOT DIVIDED,NO CONTROLS,FOLLOWING TOO CLOSELY,UNABLE TO DETERMINE,0,0,2,2,8,3,8,2297,IRVING PARK RD,41.702383,-87.654243,08/03/2021 10:07:00 AM,2021
CR00034113,11/04/2019 07:58:00 AM,30,CLEAR,DAYLIGHT,SIDESWIPE SAME DIRECTION,ONE-WAY,TRAFFIC SIGNAL,FAILING TO YIELD RIGHT-OF-WAY,FOLLOWING TOO CLOSELY,0,0,1,1,7,2,11,2142,ASHLAND AVE,41.954854,-87.689117,11/04/2019 09:52:00 AM,2019
CR00034114,08/14/2018 08:28:00 AM,25,CLEAR,DUSK,ANGLE,FOUR WAY,TRAFFIC SIGNAL,UNABLE TO DETERMINE,UNABLE TO DETERMINE,0,0,0,0,8,3,8,1724,KEDZIE AVE,41.988745,-87.811086,08/14/2018 09:33:00 AM,2018
CR00034115,02/23/2019 03:59:00 AM,35,CLOUDY/OVERCAST,DAYLIGHT,REAR END,FOUR WAY,TRAFFIC SIGNAL,DRIVING SKILLS/KNOWLEDGE/EXPERIENCE,UNABLE TO DETERMINE,0,0,3,3,3,7,2,1094,OGDEN AVE,41.843857,-87.5114,02/23/2019 04:20:00 AM,2019
CR00034116,03/21/2017 11:21:00 AM,25,CLEAR,DAYLIGHT,SIDESWIPE SAME DIRECTION,DIVIDED - W/MEDIAN BARRIER,NO CONTROLS,FAILING TO YIELD RIGHT-OF-WAY,IMPROPER LANE USAGE,0,0,0,0,11,3,3,115,BROADWAY,41.740492,-87.708869,03/21/2017 11:37:00 AM,2017
CR00034117,08/09/2022 05:15:00 PM,40,CLEAR,DAYLIGHT,PEDESTRIAN,DIVIDED - W/MEDIAN (NOT RAISED),PEDESTRIAN CROSSING SIGN,IMPROPER OVERTAKING/PASSING,FAILING TO YIELD RIGHT-OF-WAY,0,0,0,0,17,3,8,494,ARCHER AVE,41.989367,-87.806947,08/09/2022 06:26:00 PM,2022
CR00034118,01/05/2017 11:11:00 AM,45,CLEAR,DAYLIGHT,REAR END,ONE-WAY,PEDESTRIAN CROSSING SIGN,UNABLE TO DETERMINE,UNABLE TO DETERMINE,0,0,0,0,11,5,1,561,STONY ISLAND AVE,41.810001,-87.778762,01/05/2017 12:38:00 PM,2017
CR00034119,02/27/2023 04:08:00 PM,35,RAIN,DAYLIGHT,SIDESWIPE SAME DIRECTION,DIVIDED - W/MEDIAN (NOT RAISED),NO CONTROLS,UNABLE TO DETERMINE,IMPROPER OVERTAKING/PASSING,0,2,3,5,16,2,2,429,PULASKI RD,41.731473,-87.585443,02/27/2023 05:30:00 PM,2023
CR00034120,10/25/2019 07:10:00 AM,30,CLEAR,DARKNESS - LIGHTED ROAD,TURNING,ONE-WAY,NO CONTROLS,UNABLE TO DETERMINE,IMPROPER OVERTAKING/PASSING,0,0,0,0,7,6,10,846,FULLERTON AVE,41.935477,-87.743011,10/25/2019 07:35:00 AM,2019
CR00034121,08/29/2020 10:30:00 PM,35,FOG/SMOKE/HAZE,DAYLIGHT,PARKED MOTOR VEHICLE,ONE-WAY,TRAFFIC SIGNAL,IMPROPER OVERTAKING/PASSING,FAILING TO YIELD RIGHT-OF-WAY,0,0,0,0,22,7,8,618,BROADWAY,41.875234,-87.681241,08/29/2020 11:04:00 PM,2020
CR00034122,03/22/2023 11:10:00 PM,25,CLOUDY/OVERCAST,DARKNESS,REAR END,T-INTERSECTION,TRAFFIC SIGNAL,FOLLOWING TOO CLOSELY,IMPROPER LANE USAGE,0,2,3,5,23,4,3,2294,DAMEN AVE,41.747193,-87.589787,03/22/2023 11:18:00 PM,2023
CR00034123,08/27/2024 12:01:00 PM,45,CLEAR,DARKNESS - LIGHTED ROAD,REAR TO FRONT,T-INTERSECTION,PEDESTRIAN CROSSING SIGN,IMPROPER LANE USAGE,UNABLE TO DETERMINE,0,0,3,3,12,3,8,1250,ARCHER AVE,41.823024,-87.580567,08/27/2024 01:44:00 PM,2024
CR00034124,10/29/2024 10:33:00 AM,45,CLEAR,DAYLIGHT,SIDESWIPE SAME DIRECTION,NOT DIVIDED,TRAFFIC SIGNAL,UNABLE TO DETERMINE,DISREGARDING TRAFFIC SIGNALS,0,0,3,3,10,3,10,600,63RD ST,41.806001,-87.609726,10/29/2024 11:31:00 AM,2024
CR00034125,01/31/2022 03:56:00 PM,30,CLEAR,DAYLIGHT,ANGLE,ONE-WAY,UNKNOWN,DISTRACTION - FROM INSIDE VEHICLE,DISTRACTION - FROM INSIDE VEHICLE,0,0,3,3,15,2,1,2461,FULLERTON AVE,41.843829,-87.836542,01/31/2022 05:44:00 PM,2022
CR00034126,04/02/2022 11:28:00 AM,45,SNOW,DAYLIGHT,SIDESWIPE SAME DIRECTION,NOT DIVIDED,TRAFFIC SIGNAL,UNABLE TO DETERMINE,NOT APPLICABLE,0,0,0,0,11,7,4,2172,ARCHER AVE,41.902351,-87.5728,04/02/2022 12:38:00 PM,2022
CR00034127,04/02/2021 07:42:00 AM,40,CLEAR,DAYLIGHT,ANGLE,DIVIDED - W/MEDIAN (NOT RAISED),STOP SIGN/FLASHER,UNABLE TO DETERMINE,NOT APPLICABLE,0,0,0,0,7,6,4,824,DAMEN AVE,41.846221,-87.544053,04/02/2021 09:06:00 AM,2021
CR00034128,11/26/2024 07:23:00 AM,40,CLEAR,DARKNESS - LIGHTED ROAD,PEDESTRIAN,DIVIDED - W/MEDIAN (NOT RAISED),NO CONTROLS,FAILING TO REDUCE SPEED,UNABLE TO DETERMINE,0,0,0,0,7,3,11,1360,63RD ST,41.88964,-87.520239,11/26/2024 08:48:00 AM,2024
CR00034129,11/24/2023 08:23:00 PM,35,CLEAR,DUSK,TURNING,DIVIDED - W/MEDIAN (NOT RAISED),NO CONTROLS,DRIVING SKILLS/KNOWLEDGE/EXPERIENCE,DISREGARDING TRAFFIC SIGNALS,0,0,1,1,20,6,11,958,ELSTON AVE,41.767664,-87.589015,11/24/2023 09:21:00 PM,2023
CR00034130,11/08/2024 04:25:00 PM,30,CLEAR,DAYLIGHT,REAR END,DIVIDED - W/MEDIAN BARRIER,TRAFFIC SIGNAL,UNABLE TO DETERMINE,UNABLE TO DETERMINE,0,0,0,0,16,6,11,544,CLARK ST,41.900096,-87.787725,11/08/2024 05:41:00 PM,2024
CR00034131,02/08/2016 01:19:00 PM,45,SNOW,DAYLIGHT,SIDESWIPE SAME DIRECTION,NOT DIVIDED,STOP SIGN/FLASHER,FAILING TO YIELD RIGHT-OF-WAY,FOLLOWING TOO CLOSELY,0,0,0,0,13,2,2,2421,OGDEN AVE,41.75382,-87.534506,02/08/2016 01:53:00 PM,2016
CR00034132,04/07/2018 11:23:00 AM,35,CLEAR,DARKNESS - LIGHTED ROAD,SIDESWIPE SAME DIRECTION,ONE-WAY,PEDESTRIAN CROSSING SIGN,DRIVING SKILLS/KNOWLEDGE/EXPERIENCE,IMPROPER OVERTAKING/PASSING,0,1,2,3,11,7,4,2408,CLARK ST,41.881678,-87.56146,04/07/2018 12:29:00 PM,2018
CR00034133,11/21/2016 08:52:00 AM,30,CLEAR,DAWN,TURNING,FOUR WAY,STOP SIGN/FLASHER,DISREGARDING TRAFFIC SIGNALS,IMPROPER OVERTAKING/PASSING,0,0,0,0,8,2,11,400,CALIFORNIA AVE,41.793272,-87.844153,11/21/2016 10:13:00 AM,2016
CR00034134,01/05/2023 03:35:00 PM,35,CLEAR,DAYLIGHT,REAR END,DIVIDED - W/MEDIAN (NOT RAISED),YIELD,DRIVING SKILLS/KNOWLEDGE/EXPERIENCE,IMPROPER LANE USAGE,0,0,0,0,15,5,1,1891,47TH ST,41.82247,-87.58945,01/05/2023 04:34:00 PM,2023
CR00034135,01/15/2017 06:23:00 AM,15,CLEAR,DAYLIGHT,FIXED OBJECT,NOT DIVIDED,NO CONTROLS,UNABLE TO DETERMINE,FOLLOWING TOO CLOSELY,0,0,0,0,6,1,1,757,BROADWAY,41.944986,-87.798763,01/15/2017 06:57:00 AM,2017
CR00034136,07/09/2022 07:15:00 AM,40,CLEAR,DARKNESS - LIGHTED ROAD,SIDESWIPE SAME DIRECTION,DIVIDED - W/MEDIAN (NOT RAISED),TRAFFIC SIGNAL,DRIVING SKILLS/KNOWLEDGE/EXPERIENCE,FOLLOWING TOO CLOSELY,0,0,2,2,7,7,7,1772,IRVING PARK RD,41.714734,-87.731204,07/09/2022 08:41:00 AM,2022
CR00034137,08/17/2021 06:45:00 PM,20,CLEAR,DAYLIGHT,ANGLE,NOT DIVIDED,UNKNOWN,IMPROPER LANE USAGE,UNABLE TO DETERMINE,0,0,0,0,18,3,8,730,KEDZIE AVE,41.802539,-87.590469,08/17/2021 07:14:00 PM,2021
CR00034138,06/28/2015 03:09:00 PM,30,CLEAR,DUSK,ANGLE,NOT DIVIDED,TRAFFIC SIGNAL,UNABLE TO DETERMINE,NOT APPLICABLE,0,1,1,2,15,1,6,944,47TH ST,41.735941,-87.81329,06/28/2015 03:36:00 PM,2015
CR00034139,02/24/2016 10:11:00 AM,35,CLEAR,DARKNESS - LIGHTED ROAD,REAR END,DIVIDED - W/MEDIAN (NOT RAISED),STOP SIGN/FLASHER,DISTRACTION - FROM INSIDE VEHICLE,FOLLOWING TOO CLOSELY,0,0,0,0,10,4,2,1700,47TH ST,41.703217,-87.73327,02/24/2016 11:28:00 AM,2016
CR00034140,06/05/2022 02:46:00 PM,35,CLOUDY/OVERCAST,DARKNESS - LIGHTED ROAD,PEDESTRIAN,NOT DIVIDED,NO CONTROLS,FAILING TO YIELD RIGHT-OF-WAY,FAILING TO YIELD RIGHT-OF-WAY,0,0,0,0,14,1,6,1095,ROOSEVELT RD,41.715849,-87.527758,06/05/2022 03:52:00 PM,2022
CR00034141,02/20/2022 03:04:00 PM,35,CLEAR,DARKNESS - LIGHTED ROAD,PARKED MOTOR VEHICLE,DIVIDED - W/MEDIAN BARRIER,UNKNOWN,DRIVING SKILLS/KNOWLEDGE/EXPERIENCE,NOT APPLICABLE,0,0,0,0,15,1,2,2387,LAKE SHORE DR,41.801738,-87.604384,02/20/2022 04:53:00 PM,2022
CR00034142,06/06/2024 03:47:00 PM,15,CLEAR,DAYLIGHT,REAR TO FRONT,ONE-WAY,TRAFFIC SIGNAL,IMPROPER LANE USAGE,FOLLOWING TOO CLOSELY,0,0,0,0,15,5,6,1235,LAKE SHORE DR,41.760035,-87.745305,06/06/2024 04:16:00 PM,2024
CR00034143,01/27/2023 05:32:00 PM,30,RAIN,DARKNESS - LIGHTED ROAD,REAR END,NOT DIVIDED,NO CONTROLS,IMPROPER LANE USAGE,UNABLE TO DETERMINE,0,0,0,0,17,6,1,2360,47TH ST,41.941923,-87.627806,01/27/2023 06:50:00 PM,2023
CR00034144,09/22/2015 05:23:00 PM,15,RAIN,DAYLIGHT,REAR END,DIVIDED - W/MEDIAN BARRIER,NO CONTROLS,FOLLOWING TOO CLOSELY,DRIVING SKILLS/KNOWLEDGE/EXPERIENCE,0,0,0,0,17,3,9,1002,ELSTON AVE,41.969458,-87.507698,09/22/2015 05:46:00 PM,2015
CR00034145,04/20/2022 02:54:00 PM,30,CLEAR,DAYLIGHT,REAR END,FOUR WAY,NO CONTROLS,DRIVING SKILLS/KNOWLEDGE/EXPERIENCE,DRIVING SKILLS/KNOWLEDGE/EXPERIENCE,0,0,0,0,14,4,4,1983,63RD ST,41.932633,-87.568781,04/20/2022 04:06:00 PM,2022
CR00034146,06/09/2015 02:05:00 PM,45,CLEAR,DARKNESS - LIGHTED ROAD,PARKED MOTOR VEHICLE,NOT DIVIDED,NO CONTROLS,UNABLE TO DETERMINE,IMPROPER OVERTAKING/PASSING,0,0,0,0,14,3,6,1404,ROOSEVELT RD,41.79179,-87.694335,06/09/2015 03:13:00 PM,2015
CR00034147,04/06/2016 11:25:00 AM,35,CLEAR,DARKNESS - LIGHTED ROAD,FIXED OBJECT,DIVIDED - W/MEDIAN BARRIER,STOP SIGN/FLASHER,DISTRACTION - FROM INSIDE VEHICLE,NOT APPLICABLE,0,0,0,0,11,4,4,1411,KEDZIE AVE,41.726366,-87.599336,04/06/2016 01:23:00 PM,2016