CRASH_RECORD_ID,CRASH_DATE,POSTED_SPEED_LIMIT,WEATHER_CONDITION,LIGHTING_CONDITION,FIRST_CRASH_TYPE,TRAFFICWAY_TYPE,TRAFFIC_CONTROL_DEVICE,PRIM_CONTRIBUTORY_CAUSE,SEC_CONTRIBUTORY_CAUSE,INJURIES_FATAL,INJURIES_INCAPACITATING,INJURIES_NON_INCAPACITATING,INJURIES_TOTAL,CRASH_HOUR,CRASH_DAY_OF_WEEK,CRASH_MONTH,BEAT_OF_OCCURRENCE,STREET_NAME,LATITUDE,LONGITUDE,DATE_POLICE_NOTIFIED,year
CR00034148,12/04/2015 07:16:00 AM,30,CLEAR,DAYLIGHT,REAR END,ONE-WAY,TRAFFIC SIGNAL,IMPROPER OVERTAKING/PASSING,FAILING TO REDUCE SPEED,0,0,0,0,7,6,12,2348,HALSTED ST,41.824486,-87.793453,12/04/2015 07:45:00 AM,2015
CR00034149,12/25/2019 04:08:00 PM,40,SNOW,DAWN,FIXED OBJECT,NOT DIVIDED,NO CONTROLS,DISREGARDING TRAFFIC SIGNALS,FAILING TO YIELD RIGHT-OF-WAY,0,0,0,0,16,4,12,2034,FULLERTON AVE,41.927489,-87.83633,12/25/2019 05:47:00 PM,2019
CR00034150,04/17/2019 08:07:00 AM,15,CLEAR,DAYLIGHT,ANGLE,NOT DIVIDED,TRAFFIC SIGNAL,UNABLE TO DETERMINE,UNABLE TO DETERMINE,0,0,0,0,8,4,4,2294,OGDEN AVE,41.987246,-87.538668,04/17/2019 10:06:00 AM,2019
CR00034151,06/22/2017 08:54:00 AM,40,CLEAR,DAYLIGHT,SIDESWIPE SAME DIRECTION,NOT DIVIDED,STOP SIGN/FLASHER,DISTRACTION - FROM INSIDE VEHICLE,DRIVING SKILLS/KNOWLEDGE/EXPERIENCE,0,0,0,0,8,5,6,164,IRVING PARK RD,41.870279,-87.58938,06/22/2017 10:03:00 AM,2017
CR00034152,10/25/2015 05:13:00 AM,15,CLOUDY/OVERCAST,DAWN,TURNING,NOT DIVIDED,TRAFFIC SIGNAL,IMPROPER OVERTAKING/PASSING,IMPROPER LANE USAGE,0,0,0,0,5,1,10,782,MICHIGAN AVE,41.983919,-87.659042,10/25/2015 05:40:00 AM,2015
CR00034153,07/25/2021 08:07:00 AM,30,CLEAR,DARKNESS - LIGHTED ROAD,REAR END,NOT DIVIDED,UNKNOWN,UNABLE TO DETERMINE,IMPROPER OVERTAKING/PASSING,0,0,0,0,8,1,7,1813,ARCHER AVE,41.829131,-87.518319,07/25/2021 09:27:00 AM,2021
CR00034154,08/01/2017 10:10:00 AM,35,CLEAR,DAYLIGHT,TURNING,ONE-WAY,UNKNOWN,FAILING TO REDUCE SPEED,NOT APPLICABLE,0,0,0,0,10,3,8,716,79TH ST,41.822722,-87.503535,08/01/2017 11:28:00 AM,2017
CR00034155,06/25/2017 02:36:00 PM,30,CLEAR,DAYLIGHT,PARKED MOTOR VEHICLE,FOUR WAY,NO CONTROLS,DRIVING SKILLS/KNOWLEDGE/EXPERIENCE,NOT APPLICABLE,0,0,2,2,14,1,6,2143,DIVISION ST,41.859066,-87.809506,06/25/2017 04:27:00 PM,2017
CR00034156,07/10/2017 11:49:00 PM,15,CLEAR,DARKNESS - LIGHTED ROAD,ANGLE,ONE-WAY,STOP SIGN/FLASHER,FOLLOWING TOO CLOSELY,UNABLE TO DETERMINE,0,0,1,1,23,2,7,1675,ROOSEVELT RD,41.860163,-87.755909,07/11/2017 12:09:00 AM,2017
CR00034157,08/22/2021 12:07:00 PM,20,CLEAR,DARKNESS - LIGHTED ROAD,PARKED MOTOR VEHICLE,DIVIDED - W/MEDIAN (NOT RAISED),TRAFFIC SIGNAL,UNABLE TO DETERMINE,NOT APPLICABLE,0,0,0,0,12,1,8,107,DIVISION ST,41.784934,-87.575979,08/22/2021 01:49:00 PM,2021
CR00034158,10/14/2016 03:22:00 PM,20,RAIN,DARKNESS - LIGHTED ROAD,ANGLE,NOT DIVIDED,NO CONTROLS,WEATHER,UNABLE TO DETERMINE,0,0,1,1,15,6,10,698,IRVING PARK RD,41.869395,-87.607054,10/14/2016 04:54:00 PM,2016
CR00034159,11/04/2022 04:07:00 AM,25,CLEAR,DARKNESS,TURNING,DIVIDED - W/MEDIAN BARRIER,NO CONTROLS,UNABLE TO DETERMINE,UNABLE TO DETERMINE,0,0,0,0,4,6,11,2377,WESTERN AVE,41.746579,-87.578813,11/04/2022 06:01:00 AM,2022
CR00034160,11/15/2020 01:28:00 PM,30,CLEAR,DAYLIGHT,PARKED MOTOR VEHICLE,DIVIDED - W/MEDIAN (NOT RAISED),NO CONTROLS,FAILING TO YIELD RIGHT-OF-WAY,FAILING TO YIELD RIGHT-OF-WAY,0,0,0,0,13,1,11,1308,CLARK ST,41.777428,-87.72791,11/15/2020 02:58:00 PM,2020
CR00034161,11/19/2015 01:11:00 PM,20,CLEAR,DAYLIGHT,REAR END,NOT DIVIDED,TRAFFIC SIGNAL,UNABLE TO DETERMINE,DISTRACTION - FROM INSIDE VEHICLE,0,0,1,1,13,5,11,1951,CLARK ST,41.751645,-87.556481,11/19/2015 02:38:00 PM,2015
CR00034162,09/19/2020 08:36:00 PM,25,CLEAR,DAYLIGHT,PEDESTRIAN,NOT DIVIDED,NO CONTROLS,UNABLE TO DETERMINE,IMPROPER LANE USAGE,0,0,1,1,20,7,9,2520,PULASKI RD,41.922827,-87.694292,09/19/2020 10:19:00 PM,2020
CR00034163,12/12/2015 11:16:00 PM,20,CLEAR,DAYLIGHT,TURNING,T-INTERSECTION,NO CONTROLS,WEATHER,UNABLE TO DETERMINE,0,0,0,0,23,7,12,474,MICHIGAN AVE,41.927651,-87.814906,12/13/2015 12:40:00 AM,2015
CR00034164,03/10/2019 03:51:00 PM,30,CLEAR,DAYLIGHT,PARKED MOTOR VEHICLE,NOT DIVIDED,NO CONTROLS,UNABLE TO DETERMINE,FOLLOWING TOO CLOSELY,0,0,3,3,15,1,3,1258,DAMEN AVE,41.989468,-87.503222,03/10/2019 05:17:00 PM,2019
CR00034165,01/10/2022 11:39:00 AM,45,FOG/SMOKE/HAZE,DARKNESS - LIGHTED ROAD,TURNING,DIVIDED - W/MEDIAN BARRIER,STOP SIGN/FLASHER,UNABLE TO DETERMINE,UNABLE TO DETERMINE,0,0,0,0,11,2,1,2387,CICERO AVE,41.707526,-87.799168,01/10/2022 01:14:00 PM,2022
CR00034166,03/11/2021 10:02:00 AM,40,FREEZING RAIN/DRIZZLE,DAYLIGHT,REAR END,ONE-WAY,NO CONTROLS,FAILING TO YIELD RIGHT-OF-WAY,FAILING TO YIELD RIGHT-OF-WAY,0,0,0,0,10,5,3,1252,CALIFORNIA AVE,41.890084,-87.794051,03/11/2021 10:11:00 AM,2021
CR00034167,08/10/2022 06:46:00 PM,35,CLEAR,DAYLIGHT,REAR END,DIVIDED - W/MEDIAN BARRIER,UNKNOWN,UNABLE TO DETERMINE,WEATHER,0,0,0,0,18,4,8,640,KEDZIE AVE,41.796735,-87.658341,08/10/2022 08:00:00 PM,2022
CR00034168,08/10/2024 10:48:00 AM,30,CLEAR,DAYLIGHT,ANGLE,NOT DIVIDED,NO CONTROLS,UNABLE TO DETERMINE,UNABLE TO DETERMINE,0,0,0,0,10,7,8,470,ROOSEVELT RD,41.724,-87.770022,08/10/2024 11:38:00 AM,2024
CR00034169,02/04/2024 05:39:00 PM,40,CLEAR,DARKNESS,FIXED OBJECT,FOUR WAY,NO CONTROLS,IMPROPER LANE USAGE,NOT APPLICABLE,0,0,1,1,17,1,2,2105,CLARK ST,41.962725,-87.696138,02/04/2024 05:56:00 PM,2024
CR00034170,05/28/2018 07:43:00 AM,30,RAIN,DUSK,ANGLE,DIVIDED - W/MEDIAN (NOT RAISED),TRAFFIC SIGNAL,FOLLOWING TOO CLOSELY,FAILING TO YIELD RIGHT-OF-WAY,0,0,1,1,7,2,5,107,LAKE SHORE DR,41.960091,-87.538104,05/28/2018 09:27:00 AM,2018
CR00034171,02/05/2017 08:47:00 AM,20,CLEAR,DAYLIGHT,PARKED MOTOR VEHICLE,DIVIDED - W/MEDIAN BARRIER,NO CONTROLS,UNABLE TO DETERMINE,UNABLE TO DETERMINE,0,0,0,0,8,1,2,2504,KEDZIE AVE,41.784536,-87.567587,02/05/2017 08:59:00 AM,2017
CR00034172,11/07/2019 03:34:00 AM,30,CLEAR,DARKNESS,TURNING,FOUR WAY,NO CONTROLS,UNABLE TO DETERMINE,DISREGARDING TRAFFIC SIGNALS,0,0,0,0,3,5,11,967,MILWAUKEE AVE,41.781983,-87.640506,11/07/2019 04:00:00 AM,2019
CR00034173,06/24/2015 12:45:00 PM,35,CLEAR,DARKNESS - LIGHTED ROAD,SIDESWIPE SAME DIRECTION,NOT DIVIDED,NO CONTROLS,DRIVING SKILLS/KNOWLEDGE/EXPERIENCE,FAILING TO YIELD RIGHT-OF-WAY,0,0,0,0,12,4,6,120,ASHLAND AVE,41.857237,-87.504269,06/24/2015 02:42:00 PM,2015
CR00034174,04/28/2015 08:14:00 PM,25,CLEAR,DARKNESS - LIGHTED ROAD,REAR END,ONE-WAY,NO CONTROLS,DRIVING SKILLS/KNOWLEDGE/EXPERIENCE,IMPROPER LANE USAGE,0,0,0,0,20,3,4,927,HALSTED ST,41.951191,-87.766509,04/28/2015 09:32:00 PM,2015
CR00034175,08/13/2021 03:02:00 AM,15,CLEAR,DAYLIGHT,PEDESTRIAN,DIVIDED - W/MEDIAN (NOT RAISED),PEDESTRIAN CROSSING SIGN,FAILING TO YIELD RIGHT-OF-WAY,FOLLOWING TOO CLOSELY,0,0,0,0,3,6,8,822,IRVING PARK RD,41.936769,-87.716248,08/13/2021 03:21:00 AM,2021
CR00034176,12/26/2022 04:40:00 PM,25,CLEAR,DAYLIGHT,REAR END,FOUR WAY,NO CONTROLS,IMPROPER LANE USAGE,FOLLOWING TOO CLOSELY,0,0,0,0,16,2,12,2101,CLARK ST,41.703983,-87.733078,12/26/2022 06:40:00 PM,2022
CR00034177,09/23/2022 03:30:00 PM,35,SNOW,DAYLIGHT,REAR END,DIVIDED - W/MEDIAN (NOT RAISED),NO CONTROLS,FOLLOWING TOO CLOSELY,FAILING TO REDUCE SPEED,0,0,0,0,15,6,9,1705,ELSTON AVE,41.829497,-87.508941,09/23/2022 04:24:00 PM,2022
CR00034178,10/16/2016 07:39:00 AM,20,RAIN,DARKNESS - LIGHTED ROAD,REAR END,DIVIDED - W/MEDIAN (NOT RAISED),YIELD,DRIVING SKILLS/KNOWLEDGE/EXPERIENCE,NOT APPLICABLE,0,0,0,0,7,1,10,813,47TH ST,41.930287,-87.600982,10/16/2016 09:03:00 AM,2016
CR00034179,01/17/2023 09:36:00 AM,30,CLEAR,DAYLIGHT,ANGLE,DIVIDED - W/MEDIAN (NOT RAISED),STOP SIGN/FLASHER,UNABLE TO DETERMINE,NOT APPLICABLE,0,0,3,3,9,3,1,546,63RD ST,41.739156,-87.804441,01/17/2023 10:39:00 AM,2023
CR00034180,07/24/2023 01:26:00 PM,35,CLEAR,DAWN,PARKED MOTOR VEHICLE,FOUR WAY,TRAFFIC SIGNAL,FAILING TO YIELD RIGHT-OF-WAY,FAILING TO YIELD RIGHT-OF-WAY,0,0,0,0,13,2,7,225,ARCHER AVE,41.795363,-87.540079,07/24/2023 01:55:00 PM,2023
CR00034181,02/21/2016 08:58:00 PM,15,RAIN,DAYLIGHT,REAR END,NOT DIVIDED,PEDESTRIAN CROSSING SIGN,UNABLE TO DETERMINE,UNABLE TO DETERMINE,0,0,0,0,20,1,2,1644,47TH ST,41.960421,-87.747618,02/21/2016 09:50:00 PM,2016
CR00034182,05/31/2018 07:05:00 AM,45,CLEAR,DAYLIGHT,REAR END,FOUR WAY,TRAFFIC SIGNAL,FAILING TO YIELD RIGHT-OF-WAY,NOT APPLICABLE,0,0,0,0,7,5,5,354,OGDEN AVE,41.951582,-87.57149,05/31/2018 08:49:00 AM,2018
CR00034183,02/14/2016 10:54:00 PM,20,CLEAR,DAYLIGHT,TURNING,FOUR WAY,NO CONTROLS,UNABLE TO DETERMINE,UNABLE TO DETERMINE,0,0,0,0,22,1,2,2469,MILWAUKEE AVE,41.798215,-87.566829,02/14/2016 11:17:00 PM,2016
CR00034184,04/06/2015 08:27:00 AM,45,CLEAR,DAYLIGHT,FIXED OBJECT,DIVIDED - W/MEDIAN (NOT RAISED),UNKNOWN,UNABLE TO DETERMINE,DISREGARDING TRAFFIC SIGNALS,0,0,0,0,8,2,4,253,CLARK ST,41.841471,-87.653583,04/06/2015 09:03:00 AM,2015
CR00034185,12/23/2024 07:15:00 AM,30,CLEAR,DARKNESS - LIGHTED ROAD,TURNING,NOT DIVIDED,TRAFFIC SIGNAL,DISREGARDING TRAFFIC SIGNALS,NOT APPLICABLE,0,0,0,0,7,2,12,1137,ELSTON AVE,41.977037,-87.821617,12/23/2024 07:21:00 AM,2024
CR00034186,04/04/2020 08:20:00 PM,35,CLEAR,DAYLIGHT,PEDESTRIAN,DIVIDED - W/MEDIAN (NOT RAISED),YIELD,FAILING TO YIELD RIGHT-OF-WAY,DISREGARDING TRAFFIC SIGNALS,0,0,0,0,20,7,4,977,FULLERTON AVE,41.803974,-87.583405,04/04/2020 09:47:00 PM,2020
CR00034187,10/06/2022 05:07:00 PM,30,CLEAR,DARKNESS - LIGHTED ROAD,SIDESWIPE SAME DIRECTION,NOT DIVIDED,PEDESTRIAN CROSSING SIGN,UNABLE TO DETERMINE,IMPROPER OVERTAKING/PASSING,0,0,0,0,17,5,10,992,KEDZIE AVE,41.813447,-87.712202,10/06/2022 06:18:00 PM,2022
CR00034188,08/24/2018 10:44:00 AM,25,CLEAR,DARKNESS - LIGHTED ROAD,PARKED MOTOR VEHICLE,FOUR WAY,TRAFFIC SIGNAL,IMPROPER LANE USAGE,FOLLOWING TOO CLOSELY,0,0,0,0,10,6,8,1627,63RD ST,41.92732,-87.723261,08/24/2018 10:53:00 AM,2018
CR00034189,10/14/2024 10:58:00 AM,45,SNOW,DARKNESS,FIXED OBJECT,DIVIDED - W/MEDIAN (NOT RAISED),NO CONTROLS,DISREGARDING TRAFFIC SIGNALS,DISREGARDING TRAFFIC SIGNALS,0,0,0,0,10,2,10,632,STONY ISLAND AVE,41.979543,-87.823617,10/14/2024 11:40:00 AM,2024
CR00034190,08/22/2019 06:00:00 PM,35,CLEAR,DARKNESS - LIGHTED ROAD,PARKED MOTOR VEHICLE,NOT DIVIDED,TRAFFIC SIGNAL,UNABLE TO DETERMINE,IMPROPER LANE USAGE,0,0,0,0,18,5,8,1880,HALSTED ST,41.882965,-87.775249,08/22/2019 06:09:00 PM,2019
CR00034191,10/27/2018 12:03:00 PM,30,RAIN,DAYLIGHT,REAR END,DIVIDED - W/MEDIAN (NOT RAISED),TRAFFIC SIGNAL,FOLLOWING TOO CLOSELY,NOT APPLICABLE,0,0,0,0,12,7,10,1458,BROADWAY,41.712353,-87.843689,10/27/2018 12:40:00 PM,2018
CR00034192,01/19/2018 09:27:00 AM,30,CLEAR,DAYLIGHT,SIDESWIPE SAME DIRECTION,FOUR WAY,TRAFFIC SIGNAL,IMPROPER OVERTAKING/PASSING,FOLLOWING TOO CLOSELY,0,0,0,0,9,6,1,354,MILWAUKEE AVE,41.733236,-87.839228,01/19/2018 10:11:00 AM,2018
CR00034193,02/06/2017 01:24:00 AM,30,CLEAR,DARKNESS - LIGHTED ROAD,REAR END,DIVIDED - W/MEDIAN (NOT RAISED),NO CONTROLS,UNABLE TO DETERMINE,FAILING TO REDUCE SPEED,0,0,0,0,1,2,2,1124,BROADWAY,41.744975,-87.537186,02/06/2017 02:42:00 AM,2017
CR00034194,05/31/2021 07:25:00 AM,25,CLEAR,DARKNESS - LIGHTED ROAD,REAR END,NOT DIVIDED,TRAFFIC SIGNAL,DRIVING SKILLS/KNOWLEDGE/EXPERIENCE,UNABLE TO DETERMINE,0,0,0,0,7,2,5,2301,STONY ISLAND AVE,41.835677,-87.645994,05/31/2021 08:29:00 AM,2021
CR00034195,03/12/2016 02:02:00 PM,45,CLEAR,DAYLIGHT,REAR END,DIVIDED - W/MEDIAN BARRIER,TRAFFIC SIGNAL,IMPROPER OVERTAKING/PASSING,IMPROPER LANE USAGE,0,0,0,0,14,7,3,2233,WESTERN AVE,41.743225,-87.739744,03/12/2016 03:22:00 PM,2016
CR00034196,02/16/2022 12:55:00 PM,25,FOG/SMOKE/HAZE,DAYLIGHT,REAR END,T-INTERSECTION,YIELD,FAILING TO REDUCE SPEED,FAILING TO REDUCE SPEED,0,0,0,0,12,4,2,1647,ASHLAND AVE,41.92099,-87.700877,02/16/2022 01:37:00 PM,2022
CR00034197,11/23/2018 02:26:00 PM,30,CLOUDY/OVERCAST,DAYLIGHT,REAR END,FOUR WAY,NO CONTROLS,DRIVING SKILLS/KNOWLEDGE/EXPERIENCE,WEATHER,0,0,0,0,14,6,11,2467,79TH ST,41.935569,-87.671001,11/23/2018 03:46:00 PM,2018
CR00034198,10/26/2016 07:26:00 AM,35,CLEAR,DAYLIGHT,REAR END,NOT DIVIDED,TRAFFIC SIGNAL,DISTRACTION - FROM INSIDE VEHICLE,FOLLOWING TOO CLOSELY,0,2,3,5,7,4,10,2033,KEDZIE AVE,41.993849,-87.520018,10/26/2016 07:40:00 AM,2016
CR00034199,10/07/2021 07:00:00 PM,35,CLEAR,DAYLIGHT,PARKED MOTOR VEHICLE,FOUR WAY,NO CONTROLS,FAILING TO YIELD RIGHT-OF-WAY,UNABLE TO DETERMINE,0,0,0,0,19,5,10,1593,CALIFORNIA AVE,41.841215,-87.604744,10/07/2021 08:40:00 PM,2021
CR00034200,09/01/2018 09:49:00 AM,30,CLEAR,DAYLIGHT,REAR TO FRONT,NOT DIVIDED,NO CONTROLS,DRIVING SKILLS/KNOWLEDGE/EXPERIENCE,UNABLE TO DETERMINE,0,2,1,3,9,7,9,166,CLARK ST,41.867591,-87.633652,09/01/2018 11:32:00 AM,2018
CR00034201,06/19/2023 12:00:00 AM,30,CLEAR,DARKNESS - LIGHTED ROAD,PARKED MOTOR VEHICLE,FOUR WAY,TRAFFIC SIGNAL,WEATHER,FAILING TO YIELD RIGHT-OF-WAY,0,0,0,0,0,2,6,2295,MILWAUKEE AVE,41.919421,-87.829353,06/19/2023 01:59:00 AM,2023
CR00034202,06/29/2024 05:44:00 PM,20,CLEAR,DAYLIGHT,TURNING,NOT DIVIDED,TRAFFIC SIGNAL,DISREGARDING TRAFFIC SIGNALS,FAILING TO YIELD RIGHT-OF-WAY,0,0,0,0,17,7,6,2032,BROADWAY,41.968262,-87.815378,06/29/2024 07:06:00 PM,2024
CR00034203,06/22/2015 02:09:00 AM,30,CLEAR,DAYLIGHT,SIDESWIPE SAME DIRECTION,ONE-WAY,STOP SIGN/FLASHER,UNABLE TO DETERMINE,IMPROPER LANE USAGE,0,0,3,3,2,2,6,833,DAMEN AVE,41.947791,-87.551359,06/22/2015 04:07:00 AM,2015
CR00034204,07/16/2023 03:00:00 PM,30,CLOUDY/OVERCAST,DAYLIGHT,SIDESWIPE SAME DIRECTION,NOT DIVIDED,TRAFFIC SIGNAL,UNABLE TO DETERMINE,FAILING TO YIELD RIGHT-OF-WAY,0,0,0,0,15,1,7,196,LAKE SHORE DR,41.731417,-87.663446,07/16/2023 03:16:00 PM,2023
CR00034205,06/25/2024 07:13:00 AM,40,RAIN,DAYLIGHT,ANGLE,ONE-WAY,NO CONTROLS,UNABLE TO DETERMINE,FAILING TO REDUCE SPEED,0,0,1,1,7,3,6,1739,ROOSEVELT RD,41.857703,-87.699439,06/25/2024 07:29:00 AM,2024
CR00034206,03/25/2023 02:48:00 AM,35,CLEAR,DAYLIGHT,TURNING,T-INTERSECTION,STOP SIGN/FLASHER,DRIVING SKILLS/KNOWLEDGE/EXPERIENCE,DISREGARDING TRAFFIC SIGNALS,0,0,0,0,2,7,3,783,OGDEN AVE,41.918642,-87.768806,03/25/2023 04:21:00 AM,2023
CR00034207,10/22/2016 11:40:00 AM,30,SNOW,DAYLIGHT,REAR END,DIVIDED - W/MEDIAN (NOT RAISED),TRAFFIC SIGNAL,FOLLOWING TOO CLOSELY,NOT APPLICABLE,0,0,0,0,11,7,10,682,MILWAUKEE AVE,41.770553,-87.668183,10/22/2016 01:40:00 PM,2016
CR00034208,01/29/2019 07:30:00 AM,45,CLEAR,DARKNESS,FIXED OBJECT,FOUR WAY,TRAFFIC SIGNAL,FAILING TO REDUCE SPEED,IMPROPER OVERTAKING/PASSING,0,0,0,0,7,3,1,2340,MICHIGAN AVE,41.734262,-87.703422,01/29/2019 08:37:00 AM,2019
CR00034209,01/12/2021 04:23:00 PM,25,CLEAR,DARKNESS - LIGHTED ROAD,ANGLE,ONE-WAY,NO CONTROLS,IMPROPER LANE USAGE,IMPROPER LANE USAGE,0,0,0,0,16,3,1,1357,DIVISION ST,41.739811,-87.526376,01/12/2021 05:03:00 PM,2021
CR00034210,10/05/2021 07:23:00 PM,25,CLOUDY/OVERCAST,DAYLIGHT,TURNING,DIVIDED - W/MEDIAN BARRIER,TRAFFIC SIGNAL,DRIVING SKILLS/KNOWLEDGE/EXPERIENCE,NOT APPLICABLE,0,0,0,0,19,3,10,1797,LAKE SHORE DR,41.827243,-87.78803,10/05/2021 09:09:00 PM,2021
CR00034211,03/12/2017 07:01:00 AM,35,CLEAR,DARKNESS - LIGHTED ROAD,PARKED MOTOR VEHICLE,DIVIDED - W/MEDIAN (NOT RAISED),NO CONTROLS,IMPROPER OVERTAKING/PASSING,FOLLOWING TOO CLOSELY,0,0,0,0,7,1,3,1069,LAKE SHORE DR,41.709133,-87.79258,03/12/2017 08:45:00 AM,2017
CR00034212,11/13/2019 11:05:00 AM,35,CLEAR,DARKNESS - LIGHTED ROAD,FIXED OBJECT,DIVIDED - W/MEDIAN BARRIER,STOP SIGN/FLASHER,UNABLE TO DETERMINE,UNABLE TO DETERMINE,0,0,1,1,11,4,11,366,ARCHER AVE,41.93715,-87.810553,11/13/2019 12:32:00 PM,2019
CR00034213,12/30/2017 07:17:00 AM,20,CLEAR,DAYLIGHT,REAR END,ONE-WAY,TRAFFIC SIGNAL,UNABLE TO DETERMINE,UNABLE TO DETERMINE,0,0,0,0,7,7,12,1605,CLARK ST,41.968628,-87.502683,12/30/2017 09:08:00 AM,2017
CR00034214,05/07/2022 07:49:00 AM,30,CLEAR,DAYLIGHT,SIDESWIPE SAME DIRECTION,ONE-WAY,NO CONTROLS,DISREGARDING TRAFFIC SIGNALS,FAILING TO REDUCE SPEED,0,0,0,0,7,7,5,1002,CALIFORNIA AVE,41.924454,-87.845536,05/07/2022 08:47:00 AM,2022
CR00034215,04/26/2019 10:50:00 AM,35,CLEAR,DAYLIGHT,PARKED MOTOR VEHICLE,NOT DIVIDED,NO CONTROLS,DRIVING SKILLS/KNOWLEDGE/EXPERIENCE,DISREGARDING TRAFFIC SIGNALS,0,1,0,1,10,6,4,822,DAMEN AVE,41.730369,-87.502829,04/26/2019 11:28:00 AM,2019
CR00034216,03/08/2022 07:42:00 PM,20,CLEAR,DAYLIGHT,REAR END,NOT DIVIDED,NO CONTROLS,WEATHER,FAILING TO YIELD RIGHT-OF-WAY,0,0,0,0,19,3,3,2269,BROADWAY,41.827514,-87.790648,03/08/2022 09:27:00 PM,2022
CR00034217,08/21/2018 04:03:00 PM,30,CLEAR,DAYLIGHT,PARKED MOTOR VEHICLE,NOT DIVIDED,NO CONTROLS,FOLLOWING TOO CLOSELY,NOT APPLICABLE,0,0,0,0,16,3,8,2099,STATE ST,41.823632,-87.8269,08/21/2018 04:12:00 PM,2018
CR00034218,05/13/2019 05:43:00 PM,15,CLEAR,DAYLIGHT,REAR TO FRONT,ONE-WAY,TRAFFIC SIGNAL,FAILING TO REDUCE SPEED,UNABLE TO DETERMINE,0,0,0,0,17,2,5,1760,IRVING PARK RD,41.937113,-87.842334,05/13/2019 06:29:00 PM,2019
CR00034219,02/22/2023 03:40:00 PM,45,FREEZING RAIN/DRIZZLE,DARKNESS - LIGHTED ROAD,TURNING,NOT DIVIDED,NO CONTROLS,IMPROPER OVERTAKING/PASSING,UNABLE TO DETERMINE,0,0,0,0,15,4,2,1309,OGDEN AVE,41.983223,-87.576382,02/22/2023 03:49:00 PM,2023
CR00034220,12/20/2024 05:55:00 PM,25,CLEAR,DAYLIGHT,ANGLE,FOUR WAY,NO CONTROLS,UNABLE TO DETERMINE,UNABLE TO DETERMINE,0,0,0,0,17,6,12,941,LAKE SHORE DR,41.762512,-87.708489,12/20/2024 06:24:00 PM,2024
CR00034221,11/18/2019 06:02:00 PM,35,RAIN,DAYLIGHT,REAR TO FRONT,NOT DIVIDED,NO CONTROLS,DISREGARDING TRAFFIC SIGNALS,FAILING TO REDUCE SPEED,0,0,0,0,18,2,11,923,MICHIGAN AVE,41.728271,-87.526217,11/18/2019 07:17:00 PM,2019
CR00034222,02/04/2018 05:35:00 PM,30,CLEAR,DARKNESS - LIGHTED ROAD,SIDESWIPE SAME DIRECTION,DIVIDED - W/MEDIAN BARRIER,NO CONTROLS,FAILING TO YIELD RIGHT-OF-WAY,FOLLOWING TOO CLOSELY,0,0,0,0,17,1,2,974,HALSTED ST,41.759994,-87.721862,02/04/2018 05:36:00 PM,2018
CR00034223,10/26/2019 05:30:00 PM,25,CLEAR,DARKNESS,PARKED MOTOR VEHICLE,FOUR WAY,NO CONTROLS,IMPROPER OVERTAKING/PASSING,FAILING TO YIELD RIGHT-OF-WAY,0,0,0,0,17,7,10,1184,MILWAUKEE AVE,41.785219,-87.685149,10/26/2019 07:27:00 PM,2019
CR00034224,01/18/2017 04:30:00 PM,35,CLEAR,DAYLIGHT,REAR END,FOUR WAY,NO CONTROLS,FAILING TO YIELD RIGHT-OF-WAY,FAILING TO YIELD RIGHT-OF-WAY,0,0,0,0,16,4,1,781,OGDEN AVE,41.843508,-87.71059,01/18/2017 05:57:00 PM,2017
CR00034225,03/16/2022 01:13:00 PM,25,CLEAR,DAYLIGHT,SIDESWIPE SAME DIRECTION,ONE-WAY,TRAFFIC SIGNAL,FAILING TO YIELD RIGHT-OF-WAY,IMPROPER LANE USAGE,0,0,0,0,13,4,3,420,KEDZIE AVE,41.896191,-87.737443,03/16/2022 02:10:00 PM,2022
CR00034226,06/21/2020 08:07:00 AM,35,CLEAR,DAYLIGHT,PARKED MOTOR VEHICLE,NOT DIVIDED,NO CONTROLS,UNABLE TO DETERMINE,NOT APPLICABLE,0,0,0,0,8,1,6,1613,WESTERN AVE,41.714987,-87.556809,06/21/2020 08:20:00 AM,2020
CR00034227,06/16/2018 08:14:00 PM,30,CLEAR,DARKNESS - LIGHTED ROAD,REAR END,FOUR WAY,STOP SIGN/FLASHER,IMPROPER OVERTAKING/PASSING,IMPROPER LANE USAGE,0,0,0,0,20,7,6,1126,KEDZIE AVE,41.755524,-87.78578,06/16/2018 08:57:00 PM,2018
CR00034228,06/21/2020 11:33:00 AM,15,CLEAR,DARKNESS - LIGHTED ROAD,PEDESTRIAN,DIVIDED - W/MEDIAN (NOT RAISED),TRAFFIC SIGNAL,DISREGARDING TRAFFIC SIGNALS,UNABLE TO DETERMINE,0,0,0,0,11,1,6,548,47TH ST,41.70599,-87.72725,06/21/2020 11:38:00 AM,2020
CR00034229,11/07/2019 03:33:00 PM,30,CLOUDY/OVERCAST,DAYLIGHT,REAR END,NOT DIVIDED,STOP SIGN/FLASHER,DRIVING SKILLS/KNOWLEDGE/EXPERIENCE,UNABLE TO DETERMINE,0,0,1,1,15,5,11,2080,47TH ST,41.739645,-87.598076,11/07/2019 04:17:00 PM,2019
CR00034230,12/16/2015 10:21:00 AM,15,CLOUDY/OVERCAST,DAYLIGHT,SIDESWIPE SAME DIRECTION,DIVIDED - W/MEDIAN BARRIER,TRAFFIC SIGNAL,DRIVING SKILLS/KNOWLEDGE/EXPERIENCE,FOLLOWING TOO CLOSELY,0,0,0,0,10,4,12,461,WESTERN AVE,41.740932,-87.748921,12/16/2015 11:37:00 AM,2015