CRASH_RECORD_ID,CRASH_DATE,POSTED_SPEED_LIMIT,WEATHER_CONDITION,LIGHTING_CONDITION,FIRST_CRASH_TYPE,TRAFFICWAY_TYPE,TRAFFIC_CONTROL_DEVICE,PRIM_CONTRIBUTORY_CAUSE,SEC_CONTRIBUTORY_CAUSE,INJURIES_FATAL,INJURIES_INCAPACITATING,INJURIES_NON_INCAPACITATING,INJURIES_TOTAL,CRASH_HOUR,CRASH_DAY_OF_WEEK,CRASH_MONTH,BEAT_OF_OCCURRENCE,STREET_NAME,LATITUDE,LONGITUDE,DATE_POLICE_NOTIFIED,year
CR00034231,03/26/2021 08:07:00 PM,35,CLEAR,DAYLIGHT,TURNING,DIVIDED - W/MEDIAN (NOT RAISED),NO CONTROLS,IMPROPER LANE USAGE,NOT APPLICABLE,0,0,0,0,20,6,3,1608,MILWAUKEE AVE,41.89345,-87.509007,03/26/2021 08:39:00 PM,2021
CR00034232,04/07/2023 09:25:00 AM,45,CLEAR,DARKNESS - LIGHTED ROAD,REAR END,T-INTERSECTION,NO CONTROLS,FOLLOWING TOO CLOSELY,FAILING TO YIELD RIGHT-OF-WAY,0,0,1,1,9,6,4,1233,47TH ST,41.937029,-87.507043,04/07/2023 10:03:00 AM,2023
CR00034233,10/24/2018 08:09:00 AM,35,CLEAR,DAYLIGHT,PARKED MOTOR VEHICLE,NOT DIVIDED,TRAFFIC SIGNAL,UNABLE TO DETERMINE,DISTRACTION - FROM INSIDE VEHICLE,0,0,1,1,8,4,10,1268,FULLERTON AVE,41.832379,-87.727367,10/24/2018 08:56:00 AM,2018
CR00034234,02/13/2016 07:49:00 AM,45,CLEAR,DAYLIGHT,REAR END,NOT DIVIDED,STOP SIGN/FLASHER,DRIVING SKILLS/KNOWLEDGE/EXPERIENCE,WEATHER,0,0,0,0,7,7,2,1628,BROADWAY,41.796116,-87.604612,02/13/2016 08:06:00 AM,2016
CR00034235,06/12/2016 07:16:00 PM,35,CLEAR,DAYLIGHT,REAR TO FRONT,T-INTERSECTION,NO CONTROLS,UNABLE TO DETERMINE,FAILING TO REDUCE SPEED,0,0,0,0,19,1,6,941,FULLERTON AVE,41.771436,-87.692227,06/12/2016 08:28:00 PM,2016
CR00034236,12/13/2022 04:57:00 PM,35,CLEAR,DARKNESS - LIGHTED ROAD,TURNING,FOUR WAY,NO CONTROLS,IMPROPER LANE USAGE,UNABLE TO DETERMINE,0,0,0,0,16,3,12,581,IRVING PARK RD,41.912291,-87.651796,12/13/2022 05:58:00 PM,2022
CR00034237,01/23/2016 08:23:00 PM,30,CLEAR,DAYLIGHT,TURNING,ONE-WAY,STOP SIGN/FLASHER,DISTRACTION - FROM INSIDE VEHICLE,DISREGARDING TRAFFIC SIGNALS,0,0,0,0,20,7,1,510,ASHLAND AVE,41.92712,-87.841526,01/23/2016 09:15:00 PM,2016
CR00034238,08/05/2015 03:27:00 PM,25,CLEAR,DARKNESS,ANGLE,NOT DIVIDED,NO CONTROLS,DRIVING SKILLS/KNOWLEDGE/EXPERIENCE,FOLLOWING TOO CLOSELY,0,0,0,0,15,4,8,808,IRVING PARK RD,41.768269,-87.596339,08/05/2015 05:18:00 PM,2015
CR00034239,06/01/2015 05:50:00 AM,15,FREEZING RAIN/DRIZZLE,DAYLIGHT,ANGLE,NOT DIVIDED,TRAFFIC SIGNAL,DRIVING SKILLS/KNOWLEDGE/EXPERIENCE,IMPROPER OVERTAKING/PASSING,0,0,2,2,5,2,6,2238,MICHIGAN AVE,41.991369,-87.66031,06/01/2015 06:53:00 AM,2015
CR00034240,08/25/2023 02:48:00 PM,40,CLEAR,DARKNESS - LIGHTED ROAD,ANGLE,DIVIDED - W/MEDIAN (NOT RAISED),NO CONTROLS,UNABLE TO DETERMINE,DISREGARDING TRAFFIC SIGNALS,0,0,0,0,14,6,8,1512,47TH ST,41.713944,-87.751378,08/25/2023 04:32:00 PM,2023
CR00034241,01/01/2023 01:43:00 PM,15,CLEAR,DAYLIGHT,REAR END,NOT DIVIDED,STOP SIGN/FLASHER,IMPROPER OVERTAKING/PASSING,DRIVING SKILLS/KNOWLEDGE/EXPERIENCE,0,0,0,0,13,1,1,2008,63RD ST,41.854023,-87.619063,01/01/2023 03:28:00 PM,2023
CR00034242,11/20/2023 05:21:00 PM,40,CLEAR,DAYLIGHT,SIDESWIPE SAME DIRECTION,NOT DIVIDED,NO CONTROLS,DISTRACTION - FROM INSIDE VEHICLE,IMPROPER OVERTAKING/PASSING,0,0,1,1,17,2,11,323,STATE ST,41.786651,-87.66707,11/20/2023 05:58:00 PM,2023
CR00034243,06/07/2021 06:57:00 PM,30,CLEAR,DAYLIGHT,TURNING,NOT DIVIDED,STOP SIGN/FLASHER,FAILING TO YIELD RIGHT-OF-WAY,FAILING TO YIELD RIGHT-OF-WAY,0,0,0,0,18,2,6,221,STONY ISLAND AVE,41.748808,-87.68459,06/07/2021 07:09:00 PM,2021
CR00034244,09/20/2023 11:51:00 AM,25,CLEAR,DAYLIGHT,REAR TO FRONT,NOT DIVIDED,NO CONTROLS,UNABLE TO DETERMINE,UNABLE TO DETERMINE,0,0,0,0,11,4,9,445,KEDZIE AVE,41.993001,-87.788536,09/20/2023 01:34:00 PM,2023
CR00034245,01/16/2019 08:26:00 AM,25,CLEAR,DAYLIGHT,ANGLE,DIVIDED - W/MEDIAN (NOT RAISED),NO CONTROLS,FAILING TO YIELD RIGHT-OF-WAY,NOT APPLICABLE,0,0,0,0,8,4,1,933,PULASKI RD,41.993687,-87.824967,01/16/2019 10:19:00 AM,2019
CR00034246,02/28/2024 08:59:00 PM,25,CLEAR,DARKNESS - LIGHTED ROAD,TURNING,ONE-WAY,STOP SIGN/FLASHER,DRIVING SKILLS/KNOWLEDGE/EXPERIENCE,FAILING TO REDUCE SPEED,0,0,0,0,20,4,2,1438,MILWAUKEE AVE,41.899464,-87.665218,02/28/2024 10:37:00 PM,2024
CR00034247,01/17/2021 11:40:00 AM,45,CLEAR,DARKNESS,SIDESWIPE SAME DIRECTION,DIVIDED - W/MEDIAN (NOT RAISED),TRAFFIC SIGNAL,UNABLE TO DETERMINE,FOLLOWING TOO CLOSELY,0,0,0,0,11,1,1,2436,KEDZIE AVE,41.886038,-87.642395,01/17/2021 01:19:00 PM,2021
CR00034248,01/16/2015 03:11:00 PM,25,RAIN,DARKNESS - LIGHTED ROAD,REAR END,DIVIDED - W/MEDIAN (NOT RAISED),NO CONTROLS,DISTRACTION - FROM INSIDE VEHICLE,UNABLE TO DETERMINE,0,1,2,3,15,6,1,674,BROADWAY,41.790279,-87.751877,01/16/2015 04:32:00 PM,2015
CR00034249,11/12/2020 08:03:00 PM,30,CLEAR,DARKNESS,TURNING,NOT DIVIDED,STOP SIGN/FLASHER,FAILING TO REDUCE SPEED,DISTRACTION - FROM INSIDE VEHICLE,0,0,0,0,20,5,11,2177,HALSTED ST,41.752612,-87.524085,11/12/2020 08:38:00 PM,2020
CR00034250,08/19/2024 09:28:00 AM,35,CLEAR,DARKNESS - LIGHTED ROAD,ANGLE,NOT DIVIDED,TRAFFIC SIGNAL,FAILING TO YIELD RIGHT-OF-WAY,DISREGARDING TRAFFIC SIGNALS,0,0,0,0,9,2,8,1190,LAKE SHORE DR,41.985468,-87.821359,08/19/2024 11:01:00 AM,2024
CR00034251,04/26/2021 02:38:00 PM,20,CLEAR,DAYLIGHT,PEDESTRIAN,DIVIDED - W/MEDIAN (NOT RAISED),TRAFFIC SIGNAL,UNABLE TO DETERMINE,DRIVING SKILLS/KNOWLEDGE/EXPERIENCE,0,0,0,0,14,2,4,690,STONY ISLAND AVE,41.85605,-87.679066,04/26/2021 03:46:00 PM,2021
CR00034252,06/29/2015 01:48:00 PM,35,CLEAR,DARKNESS - LIGHTED ROAD,REAR END,DIVIDED - W/MEDIAN BARRIER,TRAFFIC SIGNAL,DISREGARDING TRAFFIC SIGNALS,UNABLE TO DETERMINE,0,0,1,1,13,2,6,1039,DAMEN AVE,41.922301,-87.617963,06/29/2015 02:22:00 PM,2015
CR00034253,02/26/2015 01:18:00 PM,25,CLEAR,DAYLIGHT,FIXED OBJECT,ONE-WAY,UNKNOWN,UNABLE TO DETERMINE,IMPROPER OVERTAKING/PASSING,0,0,0,0,13,5,2,525,79TH ST,41.953443,-87.689395,02/26/2015 02:22:00 PM,2015
CR00034254,09/28/2020 06:36:00 PM,30,CLOUDY/OVERCAST,DAYLIGHT,PARKED MOTOR VEHICLE,DIVIDED - W/MEDIAN (NOT RAISED),STOP SIGN/FLASHER,FAILING TO YIELD RIGHT-OF-WAY,IMPROPER OVERTAKING/PASSING,0,0,0,0,18,2,9,1852,HALSTED ST,41.722994,-87.708138,09/28/2020 08:27:00 PM,2020
CR00034255,10/28/2016 02:42:00 PM,35,CLEAR,DUSK,ANGLE,NOT DIVIDED,TRAFFIC SIGNAL,UNABLE TO DETERMINE,DISTRACTION - FROM INSIDE VEHICLE,0,0,0,0,14,6,10,412,WESTERN AVE,41.92921,-87.826253,10/28/2016 03:46:00 PM,2016
CR00034256,02/01/2021 12:49:00 PM,30,RAIN,DARKNESS,TURNING,ONE-WAY,STOP SIGN/FLASHER,IMPROPER LANE USAGE,NOT APPLICABLE,0,0,0,0,12,2,2,2203,63RD ST,41.702248,-87.709315,02/01/2021 01:25:00 PM,2021
CR00034257,08/13/2018 04:36:00 AM,15,SNOW,DAYLIGHT,TURNING,ONE-WAY,TRAFFIC SIGNAL,WEATHER,FAILING TO YIELD RIGHT-OF-WAY,0,0,1,1,4,2,8,1553,KEDZIE AVE,41.815505,-87.678345,08/13/2018 06:25:00 AM,2018
CR00034258,06/13/2024 12:16:00 PM,35,RAIN,DAYLIGHT,REAR END,NOT DIVIDED,TRAFFIC SIGNAL,IMPROPER OVERTAKING/PASSING,FAILING TO YIELD RIGHT-OF-WAY,0,0,1,1,12,5,6,1056,ARCHER AVE,41.976036,-87.72756,06/13/2024 01:13:00 PM,2024
CR00034259,04/23/2016 12:43:00 PM,25,CLEAR,DAYLIGHT,PARKED MOTOR VEHICLE,NOT DIVIDED,TRAFFIC SIGNAL,WEATHER,UNABLE TO DETERMINE,0,0,1,1,12,7,4,1586,PULASKI RD,41.840635,-87.713125,04/23/2016 02:25:00 PM,2016
CR00034260,02/23/2022 07:55:00 PM,40,CLEAR,DARKNESS - LIGHTED ROAD,REAR END,DIVIDED - W/MEDIAN (NOT RAISED),NO CONTROLS,FOLLOWING TOO CLOSELY,UNABLE TO DETERMINE,0,0,0,0,19,4,2,2267,HALSTED ST,41.973797,-87.678637,02/23/2022 09:05:00 PM,2022
CR00034261,10/06/2020 03:41:00 AM,35,CLEAR,DAYLIGHT,REAR END,NOT DIVIDED,STOP SIGN/FLASHER,FAILING TO REDUCE SPEED,FOLLOWING TOO CLOSELY,0,0,0,0,3,3,10,1647,HALSTED ST,41.789085,-87.695681,10/06/2020 05:04:00 AM,2020
CR00034262,08/31/2015 04:55:00 PM,15,CLOUDY/OVERCAST,DAYLIGHT,REAR END,ONE-WAY,STOP SIGN/FLASHER,FAILING TO REDUCE SPEED,FOLLOWING TOO CLOSELY,0,0,1,1,16,2,8,2105,STONY ISLAND AVE,41.805183,-87.765573,08/31/2015 05:59:00 PM,2015
CR00034263,08/17/2023 07:20:00 PM,40,RAIN,DARKNESS - LIGHTED ROAD,REAR END,DIVIDED - W/MEDIAN (NOT RAISED),NO CONTROLS,FOLLOWING TOO CLOSELY,FOLLOWING TOO CLOSELY,0,0,0,0,19,5,8,986,ELSTON AVE,41.947235,-87.808797,08/17/2023 08:21:00 PM,2023
CR00034264,09/04/2020 05:11:00 PM,45,CLEAR,DAYLIGHT,ANGLE,FOUR WAY,NO CONTROLS,UNABLE TO DETERMINE,UNABLE TO DETERMINE,0,0,0,0,17,6,9,620,ROOSEVELT RD,41.704954,-87.730792,09/04/2020 06:32:00 PM,2020
CR00034265,10/22/2023 12:55:00 PM,35,RAIN,DAYLIGHT,REAR END,NOT DIVIDED,STOP SIGN/FLASHER,UNABLE TO DETERMINE,FAILING TO REDUCE SPEED,0,0,0,0,12,1,10,2046,LAKE SHORE DR,41.918404,-87.74933,10/22/2023 01:18:00 PM,2023
CR00034266,04/05/2017 08:44:00 AM,40,CLEAR,DARKNESS,SIDESWIPE SAME DIRECTION,NOT DIVIDED,NO CONTROLS,FAILING TO REDUCE SPEED,NOT APPLICABLE,0,0,0,0,8,4,4,304,CICERO AVE,41.78413,-87.818779,04/05/2017 08:59:00 AM,2017
CR00034267,04/29/2015 06:24:00 PM,15,CLEAR,DAYLIGHT,ANGLE,NOT DIVIDED,YIELD,UNABLE TO DETERMINE,DISREGARDING TRAFFIC SIGNALS,0,0,0,0,18,4,4,550,BROADWAY,41.724451,-87.527387,04/29/2015 08:22:00 PM,2015
CR00034268,02/11/2023 09:47:00 AM,20,CLEAR,DARKNESS,TURNING,ONE-WAY,STOP SIGN/FLASHER,DISREGARDING TRAFFIC SIGNALS,IMPROPER LANE USAGE,0,0,0,0,9,7,2,1550,KEDZIE AVE,41.952522,-87.808177,02/11/2023 10:07:00 AM,2023
CR00034269,04/25/2019 08:41:00 PM,30,RAIN,DAYLIGHT,REAR TO FRONT,NOT DIVIDED,STOP SIGN/FLASHER,FAILING TO REDUCE SPEED,FOLLOWING TOO CLOSELY,0,0,0,0,20,5,4,1919,KEDZIE AVE,41.913846,-87.830625,04/25/2019 09:34:00 PM,2019
CR00034270,06/20/2017 01:42:00 PM,40,RAIN,DAYLIGHT,REAR END,ONE-WAY,UNKNOWN,UNABLE TO DETERMINE,UNABLE TO DETERMINE,0,0,1,1,13,3,6,812,47TH ST,41.970592,-87.648593,06/20/2017 02:03:00 PM,2017
CR00034271,09/29/2015 04:27:00 PM,20,CLEAR,DAYLIGHT,SIDESWIPE SAME DIRECTION,DIVIDED - W/MEDIAN (NOT RAISED),NO CONTROLS,IMPROPER OVERTAKING/PASSING,IMPROPER OVERTAKING/PASSING,0,0,0,0,16,3,9,1702,FULLERTON AVE,41.942939,-87.81063,09/29/2015 04:41:00 PM,2015
CR00034272,10/11/2019 01:33:00 PM,20,CLOUDY/OVERCAST,DAYLIGHT,REAR END,NOT DIVIDED,STOP SIGN/FLASHER,FOLLOWING TOO CLOSELY,DRIVING SKILLS/KNOWLEDGE/EXPERIENCE,0,0,0,0,13,6,10,1888,LAKE SHORE DR,41.956402,-87.608383,10/11/2019 02:27:00 PM,2019
CR00034273,08/19/2023 04:03:00 AM,45,RAIN,DAYLIGHT,ANGLE,FOUR WAY,NO CONTROLS,WEATHER,IMPROPER OVERTAKING/PASSING,0,0,2,2,4,7,8,2350,FULLERTON AVE,41.796778,-87.710509,08/19/2023 06:01:00 AM,2023
CR00034274,11/26/2016 02:08:00 AM,25,CLEAR,DAWN,PARKED MOTOR VEHICLE,NOT DIVIDED,YIELD,IMPROPER LANE USAGE,FAILING TO YIELD RIGHT-OF-WAY,0,0,0,0,2,7,11,184,OGDEN AVE,41.920705,-87.750585,11/26/2016 03:51:00 AM,2016
CR00034275,07/02/2024 07:38:00 AM,30,SNOW,DARKNESS - LIGHTED ROAD,REAR TO FRONT,NOT DIVIDED,TRAFFIC SIGNAL,WEATHER,DISREGARDING TRAFFIC SIGNALS,0,0,0,0,7,3,7,2513,LAKE SHORE DR,41.961808,-87.777413,07/02/2024 08:28:00 AM,2024
CR00034276,07/28/2023 06:38:00 PM,25,CLEAR,DARKNESS,REAR END,NOT DIVIDED,STOP SIGN/FLASHER,FAILING TO REDUCE SPEED,NOT APPLICABLE,0,0,0,0,18,6,7,114,CICERO AVE,41.870326,-87.564813,07/28/2023 06:40:00 PM,2023
CR00034277,11/13/2019 08:26:00 AM,25,CLEAR,DAYLIGHT,REAR END,FOUR WAY,PEDESTRIAN CROSSING SIGN,FOLLOWING TOO CLOSELY,UNABLE TO DETERMINE,0,0,0,0,8,4,11,590,ASHLAND AVE,41.783897,-87.525102,11/13/2019 10:01:00 AM,2019
CR00034278,09/17/2017 12:46:00 PM,20,CLEAR,DAYLIGHT,SIDESWIPE SAME DIRECTION,DIVIDED - W/MEDIAN (NOT RAISED),TRAFFIC SIGNAL,DISTRACTION - FROM INSIDE VEHICLE,IMPROPER LANE USAGE,0,0,0,0,12,1,9,799,ARCHER AVE,41.851531,-87.507906,09/17/2017 01:46:00 PM,2017
CR00034279,12/12/2022 06:13:00 PM,30,CLEAR,DUSK,TURNING,T-INTERSECTION,TRAFFIC SIGNAL,UNABLE TO DETERMINE,IMPROPER OVERTAKING/PASSING,0,0,0,0,18,2,12,1175,LAKE SHORE DR,41.99542,-87.75279,12/12/2022 06:56:00 PM,2022
CR00034280,09/02/2018 02:40:00 PM,25,CLEAR,DAYLIGHT,TURNING,DIVIDED - W/MEDIAN (NOT RAISED),STOP SIGN/FLASHER,FOLLOWING TOO CLOSELY,FOLLOWING TOO CLOSELY,0,0,0,0,14,1,9,655,DAMEN AVE,41.813149,-87.510512,09/02/2018 02:50:00 PM,2018
CR00034281,01/02/2018 10:48:00 AM,35,CLEAR,DAYLIGHT,REAR END,ONE-WAY,NO CONTROLS,DRIVING SKILLS/KNOWLEDGE/EXPERIENCE,FOLLOWING TOO CLOSELY,0,0,0,0,10,3,1,2316,CLARK ST,41.870883,-87.708396,01/02/2018 11:25:00 AM,2018
CR00034282,08/12/2016 08:56:00 AM,40,CLEAR,DAWN,SIDESWIPE SAME DIRECTION,NOT DIVIDED,YIELD,IMPROPER OVERTAKING/PASSING,DRIVING SKILLS/KNOWLEDGE/EXPERIENCE,0,0,0,0,8,6,8,721,LAKE SHORE DR,41.83004,-87.760757,08/12/2016 09:58:00 AM,2016
CR00034283,07/17/2018 09:16:00 AM,35,CLEAR,DAYLIGHT,PEDESTRIAN,DIVIDED - W/MEDIAN (NOT RAISED),STOP SIGN/FLASHER,UNABLE TO DETERMINE,DRIVING SKILLS/KNOWLEDGE/EXPERIENCE,0,0,0,0,9,3,7,440,ASHLAND AVE,41.922397,-87.596802,07/17/2018 10:15:00 AM,2018
CR00034284,07/30/2019 10:59:00 AM,30,SNOW,DARKNESS,REAR END,ONE-WAY,TRAFFIC SIGNAL,IMPROPER LANE USAGE,NOT APPLICABLE,0,0,0,0,10,3,7,1157,IRVING PARK RD,41.748088,-87.719775,07/30/2019 12:33:00 PM,2019
CR00034285,02/26/2018 09:47:00 PM,30,CLEAR,DARKNESS - LIGHTED ROAD,REAR END,FOUR WAY,TRAFFIC SIGNAL,FAILING TO YIELD RIGHT-OF-WAY,DISREGARDING TRAFFIC SIGNALS,0,0,0,0,21,2,2,1291,DAMEN AVE,41.878944,-87.663438,02/26/2018 10:37:00 PM,2018
CR00034286,11/09/2022 07:15:00 AM,20,CLEAR,DAYLIGHT,REAR END,NOT DIVIDED,STOP SIGN/FLASHER,DRIVING SKILLS/KNOWLEDGE/EXPERIENCE,UNABLE TO DETERMINE,0,0,1,1,7,4,11,1260,47TH ST,41.809334,-87.60592,11/09/2022 08:51:00 AM,2022
CR00034287,02/08/2017 06:47:00 PM,30,CLEAR,DAYLIGHT,TURNING,DIVIDED - W/MEDIAN BARRIER,STOP SIGN/FLASHER,DISTRACTION - FROM INSIDE VEHICLE,DISTRACTION - FROM INSIDE VEHICLE,0,0,1,1,18,4,2,587,CICERO AVE,41.905784,-87.52625,02/08/2017 07:15:00 PM,2017
CR00034288,02/08/2015 05:40:00 AM,20,CLOUDY/OVERCAST,DAYLIGHT,SIDESWIPE SAME DIRECTION,NOT DIVIDED,NO CONTROLS,DRIVING SKILLS/KNOWLEDGE/EXPERIENCE,FOLLOWING TOO CLOSELY,0,0,0,0,5,1,2,611,ROOSEVELT RD,41.932371,-87.810447,02/08/2015 06:33:00 AM,2015
CR00034289,08/10/2017 12:27:00 PM,35,FOG/SMOKE/HAZE,DAYLIGHT,SIDESWIPE SAME DIRECTION,ONE-WAY,NO CONTROLS,UNABLE TO DETERMINE,FAILING TO YIELD RIGHT-OF-WAY,0,0,0,0,12,5,8,1602,ELSTON AVE,41.887946,-87.624052,08/10/2017 01:54:00 PM,2017
CR00034290,09/30/2019 10:56:00 AM,35,RAIN,DUSK,REAR END,NOT DIVIDED,NO CONTROLS,UNABLE TO DETERMINE,FOLLOWING TOO CLOSELY,0,0,0,0,10,2,9,639,KEDZIE AVE,41.95188,-87.647187,09/30/2019 11:13:00 AM,2019
CR00034291,06/10/2019 12:49:00 AM,30,CLOUDY/OVERCAST,DARKNESS - LIGHTED ROAD,REAR END,FOUR WAY,TRAFFIC SIGNAL,FAILING TO REDUCE SPEED,NOT APPLICABLE,0,1,1,2,0,2,6,761,BROADWAY,41.895763,-87.552601,06/10/2019 02:07:00 AM,2019
CR00034292,03/26/2019 05:25:00 PM,40,CLEAR,DAYLIGHT,TURNING,DIVIDED - W/MEDIAN (NOT RAISED),YIELD,DISREGARDING TRAFFIC SIGNALS,FAILING TO REDUCE SPEED,0,0,0,0,17,3,3,508,DIVISION ST,41.957234,-87.760232,03/26/2019 07:15:00 PM,2019
CR00034293,01/27/2022 08:19:00 AM,20,CLEAR,DAYLIGHT,TURNING,NOT DIVIDED,UNKNOWN,FAILING TO YIELD RIGHT-OF-WAY,NOT APPLICABLE,0,0,0,0,8,5,1,297,PULASKI RD,41.824334,-87.503389,01/27/2022 08:40:00 AM,2022
CR00034294,03/15/2016 04:55:00 AM,30,CLEAR,DAYLIGHT,TURNING,NOT DIVIDED,NO CONTROLS,UNABLE TO DETERMINE,UNABLE TO DETERMINE,0,0,1,1,4,3,3,2495,FULLERTON AVE,41.948436,-87.559332,03/15/2016 05:07:00 AM,2016
CR00034295,04/09/2016 09:42:00 PM,35,CLOUDY/OVERCAST,DAYLIGHT,REAR END,NOT DIVIDED,TRAFFIC SIGNAL,IMPROPER OVERTAKING/PASSING,DRIVING SKILLS/KNOWLEDGE/EXPERIENCE,0,0,0,0,21,7,4,1256,ROOSEVELT RD,41.937891,-87.742334,04/09/2016 09:58:00 PM,2016
CR00034296,02/18/2016 05:23:00 PM,30,CLEAR,DAYLIGHT,FIXED OBJECT,NOT DIVIDED,TRAFFIC SIGNAL,FOLLOWING TOO CLOSELY,NOT APPLICABLE,0,0,0,0,17,5,2,2101,OGDEN AVE,41.999169,-87.536897,02/18/2016 05:45:00 PM,2016
CR00034297,02/08/2021 08:31:00 PM,15,CLEAR,DAWN,PARKED MOTOR VEHICLE,DIVIDED - W/MEDIAN (NOT RAISED),STOP SIGN/FLASHER,FAILING TO YIELD RIGHT-OF-WAY,IMPROPER LANE USAGE,0,0,0,0,20,2,2,319,ROOSEVELT RD,41.908098,-87.783681,02/08/2021 09:36:00 PM,2021
CR00034298,04/30/2020 09:59:00 AM,35,CLEAR,DUSK,PEDESTRIAN,FOUR WAY,STOP SIGN/FLASHER,FAILING TO YIELD RIGHT-OF-WAY,NOT APPLICABLE,0,0,0,0,9,5,4,504,CALIFORNIA AVE,41.744638,-87.62709,04/30/2020 10:14:00 AM,2020
CR00034299,06/23/2015 07:41:00 AM,40,SNOW,DARKNESS,SIDESWIPE SAME DIRECTION,FOUR WAY,NO CONTROLS,IMPROPER OVERTAKING/PASSING,NOT APPLICABLE,0,0,0,0,7,3,6,1744,WESTERN AVE,41.966806,-87.781715,06/23/2015 07:43:00 AM,2015
CR00034300,11/10/2020 04:09:00 AM,45,RAIN,DARKNESS,PARKED MOTOR VEHICLE,NOT DIVIDED,TRAFFIC SIGNAL,DRIVING SKILLS/KNOWLEDGE/EXPERIENCE,IMPROPER LANE USAGE,0,0,0,0,4,3,11,1907,WESTERN AVE,41.847061,-87.580108,11/10/2020 05:08:00 AM,2020
CR00034301,08/16/2021 02:41:00 PM,20,CLEAR,DAWN,TURNING,DIVIDED - W/MEDIAN BARRIER,NO CONTROLS,UNABLE TO DETERMINE,IMPROPER LANE USAGE,0,0,0,0,14,2,8,930,CICERO AVE,41.781325,-87.526672,08/16/2021 03:03:00 PM,2021
CR00034302,08/21/2018 08:47:00 AM,45,CLEAR,DAYLIGHT,PARKED MOTOR VEHICLE,NOT DIVIDED,UNKNOWN,UNABLE TO DETERMINE,IMPROPER LANE USAGE,0,0,0,0,8,3,8,2151,LAKE SHORE DR,41.994815,-87.586852,08/21/2018 09:00:00 AM,2018
CR00034303,04/16/2020 04:46:00 PM,35,CLEAR,DARKNESS - LIGHTED ROAD,REAR END,NOT DIVIDED,TRAFFIC SIGNAL,FAILING TO YIELD RIGHT-OF-WAY,UNABLE TO DETERMINE,0,0,3,3,16,5,4,435,FULLERTON AVE,41.716916,-87.650252,04/16/2020 06:23:00 PM,2020
CR00034304,01/11/2019 10:58:00 AM,30,CLEAR,DARKNESS - LIGHTED ROAD,REAR TO FRONT,DIVIDED - W/MEDIAN (NOT RAISED),TRAFFIC SIGNAL,DRIVING SKILLS/KNOWLEDGE/EXPERIENCE,DRIVING SKILLS/KNOWLEDGE/EXPERIENCE,0,0,0,0,10,6,1,538,ARCHER AVE,41.761483,-87.52923,01/11/2019 12:25:00 PM,2019
CR00034305,07/31/2022 06:24:00 PM,25,CLEAR,DAYLIGHT,ANGLE,DIVIDED - W/MEDIAN (NOT RAISED),TRAFFIC SIGNAL,FOLLOWING TOO CLOSELY,FAILING TO REDUCE SPEED,0,0,0,0,18,1,7,1874,ARCHER AVE,41.807819,-87.533477,07/31/2022 07:50:00 PM,2022
CR00034306,03/26/2020 12:00:00 PM,30,CLEAR,DAYLIGHT,ANGLE,NOT DIVIDED,TRAFFIC SIGNAL,UNABLE TO DETERMINE,UNABLE TO DETERMINE,0,0,0,0,12,5,3,2463,IRVING PARK RD,41.993443,-87.569986,03/26/2020 12:46:00 PM,2020
CR00034307,11/30/2021 06:56:00 PM,45,CLEAR,DAWN,TURNING,NOT DIVIDED,NO CONTROLS,UNABLE TO DETERMINE,IMPROPER OVERTAKING/PASSING,0,0,0,0,18,3,11,117,CICERO AVE,41.862384,-87.718291,11/30/2021 07:32:00 PM,2021
CR00034308,03/04/2017 09:52:00 AM,35,CLEAR,DARKNESS - LIGHTED ROAD,SIDESWIPE SAME DIRECTION,DIVIDED - W/MEDIAN (NOT RAISED),STOP SIGN/FLASHER,UNABLE TO DETERMINE,NOT APPLICABLE,0,0,0,0,9,7,3,1363,OGDEN AVE,41.994441,-87.711601,03/04/2017 11:23:00 AM,2017
CR00034309,04/30/2015 10:39:00 AM,40,CLEAR,DARKNESS,ANGLE,NOT DIVIDED,NO CONTROLS,FAILING TO YIELD RIGHT-OF-WAY,IMPROPER OVERTAKING/PASSING,0,0,0,0,10,5,4,1509,WESTERN AVE,41.806354,-87.800154,04/30/2015 11:31:00 AM,2015
CR00034310,09/30/2022 04:52:00 PM,30,FOG/SMOKE/HAZE,DAYLIGHT,SIDESWIPE SAME DIRECTION,NOT DIVIDED,UNKNOWN,DISREGARDING TRAFFIC SIGNALS,FOLLOWING TOO CLOSELY,0,0,0,0,16,6,9,319,FULLERTON AVE,41.944389,-87.645169,09/30/2022 06:11:00 PM,2022
CR00034311,06/02/2018 10:17:00 AM,45,CLOUDY/OVERCAST,DARKNESS - LIGHTED ROAD,TURNING,NOT DIVIDED,TRAFFIC SIGNAL,DRIVING SKILLS/KNOWLEDGE/EXPERIENCE,UNABLE TO DETERMINE,0,0,0,0,10,7,6,393,OGDEN AVE,41.714795,-87.758662,06/02/2018 11:58:00 AM,2018
CR00034312,05/12/2016 04:21:00 PM,15,CLEAR,DAYLIGHT,SIDESWIPE SAME DIRECTION,NOT DIVIDED,TRAFFIC SIGNAL,UNABLE TO DETERMINE,FOLLOWING TOO CLOSELY,0,2,1,3,16,5,5,1703,CICERO AVE,41.981403,-87.630459,05/12/2016 05:32:00 PM,2016