CRASH_RECORD_ID,CRASH_DATE,POSTED_SPEED_LIMIT,WEATHER_CONDITION,LIGHTING_CONDITION,FIRST_CRASH_TYPE,TRAFFICWAY_TYPE,TRAFFIC_CONTROL_DEVICE,PRIM_CONTRIBUTORY_CAUSE,SEC_CONTRIBUTORY_CAUSE,INJURIES_FATAL,INJURIES_INCAPACITATING,INJURIES_NON_INCAPACITATING,INJURIES_TOTAL,CRASH_HOUR,CRASH_DAY_OF_WEEK,CRASH_MONTH,BEAT_OF_OCCURRENCE,STREET_NAME,LATITUDE,LONGITUDE,DATE_POLICE_NOTIFIED,year
CR00034313,11/13/2023 07:42:00 AM,40,CLEAR,DAYLIGHT,ANGLE,FOUR WAY,TRAFFIC SIGNAL,FAILING TO YIELD RIGHT-OF-WAY,FAILING TO REDUCE SPEED,0,0,1,1,7,2,11,678,CICERO AVE,41.855681,-87.762702,11/13/2023 08:41:00 AM,2023
CR00034314,07/22/2017 08:09:00 PM,30,CLEAR,DAYLIGHT,TURNING,NOT DIVIDED,NO CONTROLS,DRIVING SKILLS/KNOWLEDGE/EXPERIENCE,UNABLE TO DETERMINE,0,0,2,2,20,7,7,336,BROADWAY,41.717553,-87.779976,07/22/2017 08:57:00 PM,2017
CR00034315,05/28/2021 09:03:00 PM,15,CLEAR,DAYLIGHT,REAR END,NOT DIVIDED,NO CONTROLS,FAILING TO YIELD RIGHT-OF-WAY,FAILING TO YIELD RIGHT-OF-WAY,0,0,3,3,21,6,5,2021,KEDZIE AVE,41.762935,-87.500077,05/28/2021 10:31:00 PM,2021
CR00034316,08/27/2018 08:02:00 AM,35,SNOW,DAYLIGHT,REAR TO FRONT,NOT DIVIDED,TRAFFIC SIGNAL,FAILING TO YIELD RIGHT-OF-WAY,FAILING TO REDUCE SPEED,0,0,0,0,8,2,8,741,OGDEN AVE,41.787656,-87.598349,08/27/2018 08:30:00 AM,2018
CR00034317,12/23/2021 07:26:00 AM,25,CLEAR,DAYLIGHT,REAR END,DIVIDED - W/MEDIAN (NOT RAISED),NO CONTROLS,UNABLE TO DETERMINE,NOT APPLICABLE,0,0,0,0,7,5,12,1678,ASHLAND AVE,41.988848,-87.659508,12/23/2021 07:39:00 AM,2021
CR00034318,12/17/2016 10:00:00 PM,30,RAIN,DARKNESS - LIGHTED ROAD,REAR END,ONE-WAY,TRAFFIC SIGNAL,FAILING TO YIELD RIGHT-OF-WAY,NOT APPLICABLE,0,2,1,3,22,7,12,1266,63RD ST,41.841975,-87.645089,12/17/2016 11:44:00 PM,2016
CR00034319,06/05/2015 05:38:00 PM,30,CLEAR,DARKNESS - LIGHTED ROAD,REAR END,DIVIDED - W/MEDIAN (NOT RAISED),UNKNOWN,FAILING TO REDUCE SPEED,NOT APPLICABLE,0,0,0,0,17,6,6,1491,47TH ST,41.727839,-87.586501,06/05/2015 06:00:00 PM,2015
CR00034320,09/21/2017 12:48:00 PM,35,CLEAR,DUSK,TURNING,FOUR WAY,NO CONTROLS,DISTRACTION - FROM INSIDE VEHICLE,NOT APPLICABLE,0,0,0,0,12,5,9,1453,WESTERN AVE,41.899996,-87.777382,09/21/2017 01:52:00 PM,2017
CR00034321,08/04/2023 12:48:00 PM,20,CLEAR,DAYLIGHT,SIDESWIPE SAME DIRECTION,FOUR WAY,STOP SIGN/FLASHER,UNABLE TO DETERMINE,UNABLE TO DETERMINE,0,0,0,0,12,6,8,1112,LAKE SHORE DR,41.865011,-87.610118,08/04/2023 02:23:00 PM,2023
CR00034322,05/10/2023 09:33:00 AM,20,CLEAR,DAYLIGHT,PARKED MOTOR VEHICLE,FOUR WAY,NO CONTROLS,UNABLE TO DETERMINE,UNABLE TO DETERMINE,0,0,0,0,9,4,5,615,MICHIGAN AVE,41.956376,-87.704016,05/10/2023 10:52:00 AM,2023
CR00034323,08/26/2019 01:20:00 AM,30,CLEAR,DAYLIGHT,REAR END,DIVIDED - W/MEDIAN (NOT RAISED),STOP SIGN/FLASHER,UNABLE TO DETERMINE,WEATHER,0,1,1,2,1,2,8,1434,BROADWAY,41.962562,-87.657345,08/26/2019 02:27:00 AM,2019
CR00034324,10/12/2024 07:47:00 PM,45,CLEAR,DAYLIGHT,ANGLE,ONE-WAY,NO CONTROLS,DRIVING SKILLS/KNOWLEDGE/EXPERIENCE,UNABLE TO DETERMINE,0,0,1,1,19,7,10,2359,CALIFORNIA AVE,41.823436,-87.629026,10/12/2024 08:55:00 PM,2024
CR00034325,03/23/2023 03:58:00 PM,40,RAIN,DUSK,TURNING,FOUR WAY,TRAFFIC SIGNAL,DISTRACTION - FROM INSIDE VEHICLE,IMPROPER LANE USAGE,0,0,0,0,15,5,3,2284,KEDZIE AVE,41.88281,-87.689777,03/23/2023 05:36:00 PM,2023
CR00034326,06/28/2019 03:09:00 PM,30,CLOUDY/OVERCAST,DARKNESS,TURNING,NOT DIVIDED,NO CONTROLS,DISTRACTION - FROM INSIDE VEHICLE,DISREGARDING TRAFFIC SIGNALS,0,0,1,1,15,6,6,892,STATE ST,41.803654,-87.724837,06/28/2019 04:11:00 PM,2019
CR00034327,06/26/2019 02:02:00 PM,30,CLEAR,DUSK,REAR END,ONE-WAY,NO CONTROLS,DRIVING SKILLS/KNOWLEDGE/EXPERIENCE,UNABLE TO DETERMINE,0,0,1,1,14,4,6,2415,STONY ISLAND AVE,41.863652,-87.516777,06/26/2019 02:57:00 PM,2019
CR00034328,04/03/2023 03:32:00 PM,35,SNOW,DAYLIGHT,TURNING,NOT DIVIDED,TRAFFIC SIGNAL,FAILING TO YIELD RIGHT-OF-WAY,FAILING TO REDUCE SPEED,0,0,0,0,15,2,4,2280,STONY ISLAND AVE,41.949535,-87.843522,04/03/2023 05:18:00 PM,2023
CR00034329,02/16/2019 07:35:00 PM,40,CLEAR,DAYLIGHT,PARKED MOTOR VEHICLE,ONE-WAY,STOP SIGN/FLASHER,UNABLE TO DETERMINE,FAILING TO YIELD RIGHT-OF-WAY,0,0,0,0,19,7,2,1180,MICHIGAN AVE,41.984264,-87.548161,02/16/2019 09:02:00 PM,2019
CR00034330,10/27/2021 03:38:00 PM,30,CLEAR,DARKNESS,TURNING,DIVIDED - W/MEDIAN (NOT RAISED),NO CONTROLS,DISTRACTION - FROM INSIDE VEHICLE,NOT APPLICABLE,0,0,0,0,15,4,10,1147,ROOSEVELT RD,41.748432,-87.815156,10/27/2021 05:38:00 PM,2021
CR00034331,06/12/2021 11:25:00 AM,25,CLEAR,DAYLIGHT,SIDESWIPE SAME DIRECTION,NOT DIVIDED,TRAFFIC SIGNAL,UNABLE TO DETERMINE,NOT APPLICABLE,0,0,0,0,11,7,6,2393,HALSTED ST,41.979297,-87.569533,06/12/2021 12:54:00 PM,2021
CR00034332,05/08/2022 06:22:00 PM,30,CLEAR,DAYLIGHT,SIDESWIPE SAME DIRECTION,NOT DIVIDED,NO CONTROLS,FAILING TO REDUCE SPEED,DRIVING SKILLS/KNOWLEDGE/EXPERIENCE,0,0,0,0,18,1,5,2432,CICERO AVE,41.986358,-87.621307,05/08/2022 07:18:00 PM,2022
CR00034333,07/01/2020 06:57:00 PM,45,CLEAR,DAYLIGHT,REAR END,NOT DIVIDED,NO CONTROLS,FAILING TO REDUCE SPEED,DISTRACTION - FROM INSIDE VEHICLE,0,0,0,0,18,4,7,1651,HALSTED ST,41.963872,-87.715792,07/01/2020 08:20:00 PM,2020
CR00034334,01/27/2019 05:43:00 PM,35,CLEAR,DAYLIGHT,TURNING,DIVIDED - W/MEDIAN (NOT RAISED),NO CONTROLS,WEATHER,IMPROPER LANE USAGE,0,0,0,0,17,1,1,984,79TH ST,41.899726,-87.710562,01/27/2019 06:41:00 PM,2019
CR00034335,04/15/2021 05:23:00 PM,35,RAIN,DARKNESS - LIGHTED ROAD,PARKED MOTOR VEHICLE,FOUR WAY,NO CONTROLS,UNABLE TO DETERMINE,IMPROPER LANE USAGE,0,0,0,0,17,5,4,663,STONY ISLAND AVE,41.813939,-87.721538,04/15/2021 05:59:00 PM,2021
CR00034336,09/23/2024 10:38:00 PM,20,SNOW,DARKNESS - LIGHTED ROAD,PARKED MOTOR VEHICLE,DIVIDED - W/MEDIAN BARRIER,UNKNOWN,UNABLE TO DETERMINE,DRIVING SKILLS/KNOWLEDGE/EXPERIENCE,0,0,1,1,22,2,9,871,WESTERN AVE,41.826648,-87.725091,09/23/2024 10:46:00 PM,2024
CR00034337,01/04/2023 05:54:00 PM,15,CLEAR,DARKNESS - LIGHTED ROAD,FIXED OBJECT,NOT DIVIDED,TRAFFIC SIGNAL,DISTRACTION - FROM INSIDE VEHICLE,UNABLE TO DETERMINE,0,0,3,3,17,4,1,476,63RD ST,41.916242,-87.821426,01/04/2023 07:34:00 PM,2023
CR00034338,11/11/2020 05:16:00 AM,35,RAIN,DAYLIGHT,REAR END,DIVIDED - W/MEDIAN (NOT RAISED),TRAFFIC SIGNAL,UNABLE TO DETERMINE,IMPROPER OVERTAKING/PASSING,0,0,0,0,5,4,11,505,79TH ST,41.807017,-87.648676,11/11/2020 05:20:00 AM,2020
CR00034339,09/05/2017 02:37:00 AM,25,CLEAR,DAYLIGHT,ANGLE,NOT DIVIDED,UNKNOWN,IMPROPER OVERTAKING/PASSING,NOT APPLICABLE,0,2,2,4,2,3,9,584,DAMEN AVE,41.765443,-87.841423,09/05/2017 03:31:00 AM,2017
CR00034340,09/16/2022 07:30:00 AM,30,CLEAR,DAYLIGHT,TURNING,DIVIDED - W/MEDIAN BARRIER,NO CONTROLS,UNABLE TO DETERMINE,FAILING TO YIELD RIGHT-OF-WAY,0,0,3,3,7,6,9,1924,ASHLAND AVE,41.758974,-87.598107,09/16/2022 09:05:00 AM,2022
CR00034341,08/04/2016 07:58:00 AM,30,CLEAR,DAYLIGHT,REAR END,T-INTERSECTION,TRAFFIC SIGNAL,DRIVING SKILLS/KNOWLEDGE/EXPERIENCE,UNABLE TO DETERMINE,0,0,1,1,7,5,8,2269,ASHLAND AVE,41.774965,-87.726279,08/04/2016 09:31:00 AM,2016
CR00034342,06/06/2019 11:23:00 AM,30,RAIN,DAYLIGHT,PARKED MOTOR VEHICLE,NOT DIVIDED,NO CONTROLS,UNABLE TO DETERMINE,FAILING TO REDUCE SPEED,0,0,0,0,11,5,6,242,79TH ST,41.751127,-87.755166,06/06/2019 12:40:00 PM,2019
CR00034343,12/31/2023 08:01:00 PM,45,CLEAR,DARKNESS - LIGHTED ROAD,SIDESWIPE SAME DIRECTION,NOT DIVIDED,TRAFFIC SIGNAL,FOLLOWING TOO CLOSELY,FOLLOWING TOO CLOSELY,0,0,3,3,20,1,12,1528,MICHIGAN AVE,41.821755,-87.671657,12/31/2023 08:46:00 PM,2023
CR00034344,04/24/2019 03:03:00 AM,15,CLEAR,DAYLIGHT,REAR END,T-INTERSECTION,STOP SIGN/FLASHER,FAILING TO YIELD RIGHT-OF-WAY,FAILING TO REDUCE SPEED,0,0,0,0,3,4,4,1943,HALSTED ST,41.943886,-87.763432,04/24/2019 04:44:00 AM,2019
CR00034345,01/17/2015 08:28:00 AM,15,CLEAR,DARKNESS - LIGHTED ROAD,TURNING,NOT DIVIDED,TRAFFIC SIGNAL,UNABLE TO DETERMINE,NOT APPLICABLE,0,0,0,0,8,7,1,1491,DAMEN AVE,41.982611,-87.67377,01/17/2015 10:02:00 AM,2015
CR00034346,08/08/2022 10:25:00 AM,35,FREEZING RAIN/DRIZZLE,DAWN,ANGLE,NOT DIVIDED,NO CONTROLS,FOLLOWING TOO CLOSELY,IMPROPER OVERTAKING/PASSING,0,0,0,0,10,2,8,2397,DAMEN AVE,41.708034,-87.671628,08/08/2022 11:39:00 AM,2022
CR00034347,08/27/2021 05:09:00 AM,45,CLEAR,DARKNESS - LIGHTED ROAD,TURNING,DIVIDED - W/MEDIAN BARRIER,STOP SIGN/FLASHER,DRIVING SKILLS/KNOWLEDGE/EXPERIENCE,NOT APPLICABLE,0,0,0,0,5,6,8,2153,ROOSEVELT RD,41.95474,-87.674167,08/27/2021 05:12:00 AM,2021
CR00034348,03/12/2022 07:49:00 PM,15,CLEAR,DAYLIGHT,REAR END,NOT DIVIDED,NO CONTROLS,IMPROPER LANE USAGE,IMPROPER OVERTAKING/PASSING,0,0,0,0,19,7,3,587,BROADWAY,41.852589,-87.688849,03/12/2022 08:15:00 PM,2022
CR00034349,07/14/2018 02:01:00 AM,45,CLEAR,DAYLIGHT,REAR END,DIVIDED - W/MEDIAN (NOT RAISED),NO CONTROLS,FAILING TO YIELD RIGHT-OF-WAY,FAILING TO YIELD RIGHT-OF-WAY,0,2,2,4,2,7,7,2072,CICERO AVE,41.952282,-87.718473,07/14/2018 03:37:00 AM,2018
CR00034350,09/06/2016 08:09:00 PM,30,CLEAR,DAYLIGHT,ANGLE,FOUR WAY,TRAFFIC SIGNAL,FAILING TO REDUCE SPEED,UNABLE TO DETERMINE,0,0,0,0,20,3,9,1836,79TH ST,41.884842,-87.755292,09/06/2016 08:42:00 PM,2016
CR00034351,10/29/2023 03:13:00 AM,30,CLEAR,DAYLIGHT,FIXED OBJECT,ONE-WAY,TRAFFIC SIGNAL,FOLLOWING TOO CLOSELY,NOT APPLICABLE,0,0,0,0,3,1,10,2450,MICHIGAN AVE,41.852826,-87.566008,10/29/2023 03:41:00 AM,2023
CR00034352,07/14/2024 10:26:00 AM,35,CLEAR,DAYLIGHT,ANGLE,NOT DIVIDED,NO CONTROLS,UNABLE TO DETERMINE,UNABLE TO DETERMINE,0,0,0,0,10,1,7,1676,47TH ST,41.73032,-87.528701,07/14/2024 11:39:00 AM,2024
CR00034353,07/31/2022 07:03:00 AM,30,RAIN,DAYLIGHT,PARKED MOTOR VEHICLE,DIVIDED - W/MEDIAN BARRIER,TRAFFIC SIGNAL,DRIVING SKILLS/KNOWLEDGE/EXPERIENCE,NOT APPLICABLE,0,0,0,0,7,1,7,393,CLARK ST,41.879952,-87.702919,07/31/2022 07:11:00 AM,2022
CR00034354,08/07/2024 04:47:00 PM,20,CLEAR,DAYLIGHT,PARKED MOTOR VEHICLE,NOT DIVIDED,TRAFFIC SIGNAL,DRIVING SKILLS/KNOWLEDGE/EXPERIENCE,NOT APPLICABLE,0,0,0,0,16,4,8,395,DIVISION ST,41.931463,-87.576658,08/07/2024 05:20:00 PM,2024
CR00034355,01/16/2023 06:56:00 PM,40,CLEAR,DAYLIGHT,REAR END,ONE-WAY,NO CONTROLS,IMPROPER OVERTAKING/PASSING,IMPROPER LANE USAGE,0,0,3,3,18,2,1,2074,CLARK ST,41.751607,-87.536414,01/16/2023 08:22:00 PM,2023
CR00034356,11/18/2016 04:59:00 PM,30,CLEAR,DUSK,TURNING,DIVIDED - W/MEDIAN (NOT RAISED),STOP SIGN/FLASHER,DISTRACTION - FROM INSIDE VEHICLE,UNABLE TO DETERMINE,0,0,0,0,16,6,11,1075,BROADWAY,41.901759,-87.693282,11/18/2016 05:26:00 PM,2016
CR00034357,06/19/2015 07:33:00 AM,45,CLEAR,DAYLIGHT,SIDESWIPE SAME DIRECTION,NOT DIVIDED,YIELD,UNABLE TO DETERMINE,UNABLE TO DETERMINE,0,0,0,0,7,6,6,506,63RD ST,41.783835,-87.554789,06/19/2015 07:58:00 AM,2015
CR00034358,03/03/2024 04:21:00 AM,35,CLEAR,DAYLIGHT,ANGLE,DIVIDED - W/MEDIAN (NOT RAISED),STOP SIGN/FLASHER,IMPROPER OVERTAKING/PASSING,FAILING TO YIELD RIGHT-OF-WAY,0,0,0,0,4,1,3,2026,STONY ISLAND AVE,41.958588,-87.54753,03/03/2024 04:37:00 AM,2024
CR00034359,04/22/2020 02:11:00 PM,30,CLEAR,DAYLIGHT,REAR END,DIVIDED - W/MEDIAN BARRIER,TRAFFIC SIGNAL,DISTRACTION - FROM INSIDE VEHICLE,DRIVING SKILLS/KNOWLEDGE/EXPERIENCE,0,0,0,0,14,4,4,173,STATE ST,41.906686,-87.641143,04/22/2020 03:59:00 PM,2020
CR00034360,03/13/2021 06:35:00 PM,35,RAIN,DAYLIGHT,ANGLE,NOT DIVIDED,NO CONTROLS,UNABLE TO DETERMINE,UNABLE TO DETERMINE,0,0,0,0,18,7,3,1097,ELSTON AVE,41.977266,-87.626002,03/13/2021 08:22:00 PM,2021
CR00034361,12/06/2022 10:31:00 AM,30,CLEAR,DAYLIGHT,SIDESWIPE SAME DIRECTION,DIVIDED - W/MEDIAN (NOT RAISED),STOP SIGN/FLASHER,DISREGARDING TRAFFIC SIGNALS,IMPROPER LANE USAGE,0,0,3,3,10,3,12,2133,BROADWAY,41.858283,-87.799456,12/06/2022 11:35:00 AM,2022
CR00034362,08/20/2019 08:58:00 PM,45,CLEAR,DARKNESS,ANGLE,NOT DIVIDED,NO CONTROLS,IMPROPER OVERTAKING/PASSING,FOLLOWING TOO CLOSELY,0,1,0,1,20,3,8,2219,HALSTED ST,41.808412,-87.682246,08/20/2019 08:59:00 PM,2019
CR00034363,03/22/2018 09:48:00 AM,30,RAIN,DAYLIGHT,ANGLE,DIVIDED - W/MEDIAN BARRIER,NO CONTROLS,DRIVING SKILLS/KNOWLEDGE/EXPERIENCE,FAILING TO REDUCE SPEED,0,0,3,3,9,5,3,1533,DAMEN AVE,41.970521,-87.522517,03/22/2018 10:50:00 AM,2018
CR00034364,07/22/2024 03:37:00 AM,30,CLEAR,DAYLIGHT,SIDESWIPE SAME DIRECTION,NOT DIVIDED,NO CONTROLS,WEATHER,IMPROPER OVERTAKING/PASSING,0,0,0,0,3,2,7,1034,ELSTON AVE,41.921296,-87.595647,07/22/2024 04:23:00 AM,2024
CR00034365,12/06/2021 09:18:00 AM,30,CLEAR,DARKNESS - LIGHTED ROAD,FIXED OBJECT,NOT DIVIDED,NO CONTROLS,FAILING TO YIELD RIGHT-OF-WAY,WEATHER,0,0,1,1,9,2,12,1413,DAMEN AVE,41.985391,-87.515852,12/06/2021 10:54:00 AM,2021
CR00034366,07/22/2023 10:31:00 PM,20,CLEAR,DAYLIGHT,SIDESWIPE SAME DIRECTION,NOT DIVIDED,STOP SIGN/FLASHER,UNABLE TO DETERMINE,FAILING TO YIELD RIGHT-OF-WAY,0,0,0,0,22,7,7,715,STONY ISLAND AVE,41.901758,-87.713366,07/22/2023 11:24:00 PM,2023
CR00034367,04/16/2017 01:24:00 PM,30,CLEAR,DARKNESS - LIGHTED ROAD,SIDESWIPE SAME DIRECTION,DIVIDED - W/MEDIAN BARRIER,STOP SIGN/FLASHER,UNABLE TO DETERMINE,UNABLE TO DETERMINE,0,0,0,0,13,1,4,1417,HALSTED ST,41.714418,-87.751104,04/16/2017 03:11:00 PM,2017
CR00034368,11/06/2024 11:50:00 AM,20,CLEAR,DAYLIGHT,REAR END,NOT DIVIDED,NO CONTROLS,FOLLOWING TOO CLOSELY,NOT APPLICABLE,0,0,0,0,11,4,11,1125,STATE ST,41.969651,-87.532073,11/06/2024 12:25:00 PM,2024
CR00034369,03/09/2020 02:15:00 PM,30,CLOUDY/OVERCAST,DARKNESS - LIGHTED ROAD,FIXED OBJECT,NOT DIVIDED,NO CONTROLS,UNABLE TO DETERMINE,DRIVING SKILLS/KNOWLEDGE/EXPERIENCE,0,1,0,1,14,2,3,1655,ASHLAND AVE,41.884635,-87.65606,03/09/2020 03:16:00 PM,2020
CR00034370,06/24/2018 12:07:00 AM,15,CLOUDY/OVERCAST,DARKNESS - LIGHTED ROAD,TURNING,NOT DIVIDED,YIELD,IMPROPER OVERTAKING/PASSING,NOT APPLICABLE,0,0,0,0,0,1,6,551,63RD ST,41.752691,-87.775968,06/24/2018 12:52:00 AM,2018
CR00034371,08/17/2015 01:24:00 PM,30,CLEAR,DAYLIGHT,FIXED OBJECT,ONE-WAY,TRAFFIC SIGNAL,IMPROPER OVERTAKING/PASSING,FOLLOWING TOO CLOSELY,0,0,1,1,13,2,8,389,PULASKI RD,41.941289,-87.611528,08/17/2015 01:56:00 PM,2015
CR00034372,04/18/2024 11:38:00 AM,40,CLEAR,DAYLIGHT,SIDESWIPE SAME DIRECTION,DIVIDED - W/MEDIAN (NOT RAISED),STOP SIGN/FLASHER,FOLLOWING TOO CLOSELY,FOLLOWING TOO CLOSELY,0,0,1,1,11,5,4,2512,MILWAUKEE AVE,41.787755,-87.711909,04/18/2024 11:47:00 AM,2024
CR00034373,02/21/2018 05:09:00 PM,20,CLOUDY/OVERCAST,DAYLIGHT,SIDESWIPE SAME DIRECTION,DIVIDED - W/MEDIAN (NOT RAISED),STOP SIGN/FLASHER,UNABLE TO DETERMINE,FAILING TO YIELD RIGHT-OF-WAY,0,2,0,2,17,4,2,1358,HALSTED ST,41.907498,-87.796376,02/21/2018 05:11:00 PM,2018
CR00034374,09/29/2019 08:52:00 AM,25,FOG/SMOKE/HAZE,DAYLIGHT,REAR TO FRONT,ONE-WAY,STOP SIGN/FLASHER,FOLLOWING TOO CLOSELY,DISREGARDING TRAFFIC SIGNALS,0,0,0,0,8,1,9,2460,PULASKI RD,41.92862,-87.680612,09/29/2019 10:32:00 AM,2019
CR00034375,03/07/2023 12:24:00 PM,30,CLEAR,DAYLIGHT,PARKED MOTOR VEHICLE,ONE-WAY,STOP SIGN/FLASHER,UNABLE TO DETERMINE,FAILING TO YIELD RIGHT-OF-WAY,0,0,0,0,12,3,3,114,WESTERN AVE,41.848238,-87.672171,03/07/2023 01:09:00 PM,2023
CR00034376,01/19/2021 05:49:00 PM,30,RAIN,DARKNESS - LIGHTED ROAD,SIDESWIPE SAME DIRECTION,NOT DIVIDED,TRAFFIC SIGNAL,UNABLE TO DETERMINE,UNABLE TO DETERMINE,0,0,0,0,17,3,1,1583,ROOSEVELT RD,41.844828,-87.803777,01/19/2021 06:54:00 PM,2021
CR00034377,11/15/2024 04:52:00 PM,30,CLEAR,DUSK,REAR END,ONE-WAY,TRAFFIC SIGNAL,FAILING TO YIELD RIGHT-OF-WAY,NOT APPLICABLE,0,0,0,0,16,6,11,1555,HALSTED ST,41.81215,-87.78362,11/15/2024 05:53:00 PM,2024
CR00034378,02/01/2015 09:58:00 AM,30,CLEAR,DARKNESS - LIGHTED ROAD,ANGLE,DIVIDED - W/MEDIAN (NOT RAISED),TRAFFIC SIGNAL,UNABLE TO DETERMINE,WEATHER,0,0,0,0,9,1,2,761,DAMEN AVE,41.767514,-87.520092,02/01/2015 10:41:00 AM,2015
CR00034379,09/25/2021 06:56:00 PM,20,SNOW,DAYLIGHT,REAR TO FRONT,NOT DIVIDED,TRAFFIC SIGNAL,UNABLE TO DETERMINE,DISREGARDING TRAFFIC SIGNALS,0,0,0,0,18,7,9,747,CICERO AVE,41.857774,-87.71467,09/25/2021 06:57:00 PM,2021
CR00034380,10/15/2023 06:10:00 AM,35,SNOW,DARKNESS - LIGHTED ROAD,TURNING,NOT DIVIDED,STOP SIGN/FLASHER,FOLLOWING TOO CLOSELY,DISTRACTION - FROM INSIDE VEHICLE,0,0,0,0,6,1,10,1391,OGDEN AVE,41.764389,-87.558663,10/15/2023 07:41:00 AM,2023
CR00034381,09/23/2023 08:12:00 PM,30,CLEAR,DARKNESS - LIGHTED ROAD,REAR END,FOUR WAY,NO CONTROLS,FOLLOWING TOO CLOSELY,FAILING TO REDUCE SPEED,0,0,0,0,20,7,9,1947,MICHIGAN AVE,41.988549,-87.616417,09/23/2023 08:18:00 PM,2023
CR00034382,12/17/2016 08:26:00 AM,35,CLOUDY/OVERCAST,DAYLIGHT,ANGLE,NOT DIVIDED,NO CONTROLS,UNABLE TO DETERMINE,FAILING TO YIELD RIGHT-OF-WAY,0,0,0,0,8,7,12,1936,CALIFORNIA AVE,41.823144,-87.614445,12/17/2016 09:23:00 AM,2016
CR00034383,08/26/2015 10:02:00 AM,35,RAIN,DARKNESS - LIGHTED ROAD,FIXED OBJECT,NOT DIVIDED,YIELD,IMPROPER LANE USAGE,FAILING TO YIELD RIGHT-OF-WAY,0,0,0,0,10,4,8,2284,KEDZIE AVE,41.746472,-87.777797,08/26/2015 10:40:00 AM,2015
CR00034384,05/13/2015 02:18:00 PM,20,CLOUDY/OVERCAST,DARKNESS - LIGHTED ROAD,REAR END,NOT DIVIDED,TRAFFIC SIGNAL,FOLLOWING TOO CLOSELY,FOLLOWING TOO CLOSELY,0,0,1,1,14,4,5,2383,CLARK ST,41.840287,-87.599476,05/13/2015 03:25:00 PM,2015
CR00034385,08/30/2020 10:31:00 AM,30,CLEAR,DAYLIGHT,FIXED OBJECT,NOT DIVIDED,TRAFFIC SIGNAL,IMPROPER OVERTAKING/PASSING,UNABLE TO DETERMINE,0,0,0,0,10,1,8,1371,CICERO AVE,41.777579,-87.535907,08/30/2020 11:47:00 AM,2020
CR00034386,04/15/2017 02:15:00 PM,35,CLEAR,DAYLIGHT,REAR END,ONE-WAY,NO CONTROLS,FAILING TO YIELD RIGHT-OF-WAY,IMPROPER OVERTAKING/PASSING,0,0,0,0,14,7,4,788,DAMEN AVE,41.898849,-87.660241,04/15/2017 03:13:00 PM,2017
CR00034387,08/04/2015 07:19:00 AM,40,CLEAR,DAYLIGHT,REAR END,NOT DIVIDED,STOP SIGN/FLASHER,DISREGARDING TRAFFIC SIGNALS,FAILING TO YIELD RIGHT-OF-WAY,0,0,0,0,7,3,8,1547,79TH ST,41.729576,-87.573697,08/04/2015 07:57:00 AM,2015
CR00034388,08/24/2021 02:58:00 AM,30,CLEAR,DAYLIGHT,ANGLE,NOT DIVIDED,TRAFFIC SIGNAL,IMPROPER OVERTAKING/PASSING,UNABLE TO DETERMINE,0,0,0,0,2,3,8,451,47TH ST,41.922666,-87.63324,08/24/2021 03:09:00 AM,2021
CR00034389,09/22/2019 12:52:00 PM,45,CLEAR,DAYLIGHT,SIDESWIPE SAME DIRECTION,NOT DIVIDED,TRAFFIC SIGNAL,IMPROPER OVERTAKING/PASSING,UNABLE TO DETERMINE,0,0,0,0,12,1,9,1172,LAKE SHORE DR,41.804731,-87.728834,09/22/2019 01:37:00 PM,2019
CR00034390,11/28/2023 05:43:00 AM,30,RAIN,DAYLIGHT,REAR TO FRONT,NOT DIVIDED,NO CONTROLS,UNABLE TO DETERMINE,DRIVING SKILLS/KNOWLEDGE/EXPERIENCE,0,0,0,0,5,3,11,266,ASHLAND AVE,41.917098,-87.794084,11/28/2023 06:33:00 AM,2023
CR00034391,11/19/2020 06:35:00 PM,25,CLEAR,DARKNESS - LIGHTED ROAD,SIDESWIPE SAME DIRECTION,NOT DIVIDED,UNKNOWN,FOLLOWING TOO CLOSELY,DRIVING SKILLS/KNOWLEDGE/EXPERIENCE,0,0,0,0,18,5,11,2258,DIVISION ST,41.96011,-87.629623,11/19/2020 06:59:00 PM,2020
CR00034392,02/17/2020 02:17:00 PM,30,CLEAR,DUSK,REAR END,FOUR WAY,TRAFFIC SIGNAL,FAILING TO REDUCE SPEED,DRIVING SKILLS/KNOWLEDGE/EXPERIENCE,0,0,0,0,14,2,2,1349,WESTERN AVE,41.711887,-87.630859,02/17/2020 04:09:00 PM,2020
CR00034393,11/27/2019 03:20:00 PM,20,CLEAR,DAYLIGHT,ANGLE,DIVIDED - W/MEDIAN (NOT RAISED),NO CONTROLS,DISREGARDING TRAFFIC SIGNALS,IMPROPER LANE USAGE,0,0,0,0,15,4,11,219,MICHIGAN AVE,41.858418,-87.814546,11/27/2019 04:42:00 PM,2019
CR00034394,10/25/2018 04:02:00 PM,30,CLEAR,DAYLIGHT,TURNING,DIVIDED - W/MEDIAN (NOT RAISED),STOP SIGN/FLASHER,IMPROPER LANE USAGE,UNABLE TO DETERMINE,0,0,0,0,16,5,10,1917,CALIFORNIA AVE,41.77449,-87.555469,10/25/2018 05:25:00 PM,2018
CR00034395,02/29/2020 04:59:00 PM,30,SNOW,DARKNESS - LIGHTED ROAD,REAR END,T-INTERSECTION,TRAFFIC SIGNAL,UNABLE TO DETERMINE,NOT APPLICABLE,0,0,0,0,16,7,2,321,KEDZIE AVE,41.992857,-87.724569,02/29/2020 06:10:00 PM,2020