CRASH_RECORD_ID,CRASH_DATE,POSTED_SPEED_LIMIT,WEATHER_CONDITION,LIGHTING_CONDITION,FIRST_CRASH_TYPE,TRAFFICWAY_TYPE,TRAFFIC_CONTROL_DEVICE,PRIM_CONTRIBUTORY_CAUSE,SEC_CONTRIBUTORY_CAUSE,INJURIES_FATAL,INJURIES_INCAPACITATING,INJURIES_NON_INCAPACITATING,INJURIES_TOTAL,CRASH_HOUR,CRASH_DAY_OF_WEEK,CRASH_MONTH,BEAT_OF_OCCURRENCE,STREET_NAME,LATITUDE,LONGITUDE,DATE_POLICE_NOTIFIED,year
CR00034396,03/02/2018 12:54:00 PM,35,CLEAR,DARKNESS,ANGLE,DIVIDED - W/MEDIAN (NOT RAISED),YIELD,IMPROPER OVERTAKING/PASSING,NOT APPLICABLE,0,0,0,0,12,6,3,1136,ROOSEVELT RD,41.730753,-87.773525,03/02/2018 02:32:00 PM,2018
CR00034397,12/15/2018 05:09:00 PM,15,CLEAR,DAYLIGHT,REAR TO FRONT,DIVIDED - W/MEDIAN (NOT RAISED),PEDESTRIAN CROSSING SIGN,UNABLE TO DETERMINE,UNABLE TO DETERMINE,0,0,0,0,17,7,12,1429,ELSTON AVE,41.81266,-87.544329,12/15/2018 06:35:00 PM,2018
CR00034398,09/19/2016 12:12:00 PM,20,CLEAR,DARKNESS,SIDESWIPE SAME DIRECTION,FOUR WAY,TRAFFIC SIGNAL,UNABLE TO DETERMINE,FOLLOWING TOO CLOSELY,0,0,0,0,12,2,9,417,CLARK ST,41.942337,-87.790432,09/19/2016 01:05:00 PM,2016
CR00034399,05/19/2018 05:40:00 AM,30,CLEAR,DARKNESS - LIGHTED ROAD,TURNING,NOT DIVIDED,YIELD,UNABLE TO DETERMINE,NOT APPLICABLE,0,0,0,0,5,7,5,2176,ROOSEVELT RD,41.727372,-87.734695,05/19/2018 06:05:00 AM,2018
CR00034400,11/21/2015 09:56:00 AM,30,RAIN,DARKNESS,SIDESWIPE SAME DIRECTION,FOUR WAY,NO CONTROLS,FOLLOWING TOO CLOSELY,FAILING TO YIELD RIGHT-OF-WAY,0,0,1,1,9,7,11,1517,LAKE SHORE DR,41.924574,-87.521663,11/21/2015 11:30:00 AM,2015
CR00034401,05/12/2021 01:33:00 PM,40,SNOW,DAYLIGHT,PEDESTRIAN,ONE-WAY,STOP SIGN/FLASHER,UNABLE TO DETERMINE,DISREGARDING TRAFFIC SIGNALS,0,0,0,0,13,4,5,992,FULLERTON AVE,41.855879,-87.561007,05/12/2021 01:43:00 PM,2021
CR00034402,06/28/2016 04:34:00 PM,45,CLEAR,DAYLIGHT,SIDESWIPE SAME DIRECTION,DIVIDED - W/MEDIAN BARRIER,STOP SIGN/FLASHER,UNABLE TO DETERMINE,UNABLE TO DETERMINE,0,0,0,0,16,3,6,378,OGDEN AVE,41.988276,-87.540021,06/28/2016 05:53:00 PM,2016
CR00034403,04/29/2021 07:26:00 AM,30,CLEAR,DARKNESS,SIDESWIPE SAME DIRECTION,FOUR WAY,NO CONTROLS,WEATHER,UNABLE TO DETERMINE,0,0,0,0,7,5,4,338,79TH ST,41.90034,-87.824919,04/29/2021 07:28:00 AM,2021
CR00034404,08/16/2022 01:48:00 PM,30,CLEAR,DARKNESS - LIGHTED ROAD,REAR END,ONE-WAY,TRAFFIC SIGNAL,DISTRACTION - FROM INSIDE VEHICLE,FOLLOWING TOO CLOSELY,0,0,0,0,13,3,8,1128,DIVISION ST,41.767101,-87.526156,08/16/2022 02:27:00 PM,2022
CR00034405,02/07/2019 09:48:00 AM,35,CLEAR,DAYLIGHT,ANGLE,NOT DIVIDED,UNKNOWN,IMPROPER LANE USAGE,DRIVING SKILLS/KNOWLEDGE/EXPERIENCE,0,0,0,0,9,5,2,2525,ELSTON AVE,41.920967,-87.709694,02/07/2019 10:05:00 AM,2019
CR00034406,10/25/2022 10:07:00 PM,20,CLEAR,DAYLIGHT,TURNING,FOUR WAY,NO CONTROLS,UNABLE TO DETERMINE,FOLLOWING TOO CLOSELY,0,0,0,0,22,3,10,2328,IRVING PARK RD,41.949667,-87.826308,10/25/2022 11:46:00 PM,2022
CR00034407,09/06/2018 07:28:00 AM,40,CLOUDY/OVERCAST,DAYLIGHT,REAR END,DIVIDED - W/MEDIAN (NOT RAISED),UNKNOWN,IMPROPER OVERTAKING/PASSING,DISREGARDING TRAFFIC SIGNALS,0,0,0,0,7,5,9,592,HALSTED ST,41.964413,-87.773797,09/06/2018 09:17:00 AM,2018
CR00034408,08/13/2020 09:55:00 AM,25,CLEAR,DARKNESS - LIGHTED ROAD,PARKED MOTOR VEHICLE,NOT DIVIDED,TRAFFIC SIGNAL,UNABLE TO DETERMINE,FOLLOWING TOO CLOSELY,0,0,0,0,9,5,8,1241,KEDZIE AVE,41.730605,-87.835771,08/13/2020 11:11:00 AM,2020
CR00034409,01/02/2018 12:29:00 PM,40,CLEAR,DAYLIGHT,TURNING,DIVIDED - W/MEDIAN (NOT RAISED),STOP SIGN/FLASHER,FAILING TO YIELD RIGHT-OF-WAY,WEATHER,0,0,0,0,12,3,1,1518,DIVISION ST,41.825248,-87.685947,01/02/2018 12:35:00 PM,2018
CR00034410,08/19/2022 10:22:00 PM,15,RAIN,DAYLIGHT,REAR END,DIVIDED - W/MEDIAN BARRIER,TRAFFIC SIGNAL,UNABLE TO DETERMINE,FAILING TO YIELD RIGHT-OF-WAY,0,0,0,0,22,6,8,406,MICHIGAN AVE,41.752152,-87.665439,08/20/2022 12:00:00 AM,2022
CR00034411,03/28/2019 04:09:00 AM,40,FOG/SMOKE/HAZE,DARKNESS,SIDESWIPE SAME DIRECTION,ONE-WAY,NO CONTROLS,FAILING TO YIELD RIGHT-OF-WAY,FAILING TO YIELD RIGHT-OF-WAY,0,0,0,0,4,5,3,1408,63RD ST,41.760683,-87.848635,03/28/2019 04:19:00 AM,2019
CR00034412,08/11/2018 07:27:00 AM,35,CLOUDY/OVERCAST,DAYLIGHT,ANGLE,DIVIDED - W/MEDIAN (NOT RAISED),STOP SIGN/FLASHER,IMPROPER OVERTAKING/PASSING,NOT APPLICABLE,0,0,0,0,7,7,8,2175,WESTERN AVE,41.791883,-87.769954,08/11/2018 08:49:00 AM,2018
CR00034413,02/09/2017 04:26:00 PM,20,CLEAR,DAYLIGHT,TURNING,DIVIDED - W/MEDIAN (NOT RAISED),NO CONTROLS,UNABLE TO DETERMINE,DRIVING SKILLS/KNOWLEDGE/EXPERIENCE,0,2,1,3,16,5,2,2383,MICHIGAN AVE,41.780351,-87.743305,02/09/2017 05:08:00 PM,2017
CR00034414,05/27/2019 05:30:00 AM,40,CLEAR,DAYLIGHT,TURNING,DIVIDED - W/MEDIAN BARRIER,TRAFFIC SIGNAL,IMPROPER OVERTAKING/PASSING,NOT APPLICABLE,0,0,0,0,5,2,5,2197,DIVISION ST,41.969068,-87.614835,05/27/2019 06:33:00 AM,2019
CR00034415,01/17/2023 09:58:00 AM,20,CLEAR,DARKNESS - LIGHTED ROAD,REAR END,NOT DIVIDED,STOP SIGN/FLASHER,FAILING TO YIELD RIGHT-OF-WAY,DISREGARDING TRAFFIC SIGNALS,0,0,0,0,9,3,1,1368,LAKE SHORE DR,41.82689,-87.601563,01/17/2023 10:25:00 AM,2023
CR00034416,05/03/2021 02:25:00 PM,30,CLOUDY/OVERCAST,DAYLIGHT,SIDESWIPE SAME DIRECTION,DIVIDED - W/MEDIAN (NOT RAISED),STOP SIGN/FLASHER,FOLLOWING TOO CLOSELY,NOT APPLICABLE,0,0,0,0,14,2,5,892,ARCHER AVE,41.938358,-87.558602,05/03/2021 02:55:00 PM,2021
CR00034417,10/02/2023 12:07:00 PM,20,CLEAR,DARKNESS - LIGHTED ROAD,SIDESWIPE SAME DIRECTION,NOT DIVIDED,TRAFFIC SIGNAL,DRIVING SKILLS/KNOWLEDGE/EXPERIENCE,FAILING TO REDUCE SPEED,0,0,0,0,12,2,10,1488,CICERO AVE,41.909667,-87.564722,10/02/2023 01:42:00 PM,2023
CR00034418,09/03/2015 05:23:00 PM,45,CLOUDY/OVERCAST,DAYLIGHT,REAR END,DIVIDED - W/MEDIAN BARRIER,TRAFFIC SIGNAL,IMPROPER OVERTAKING/PASSING,FAILING TO YIELD RIGHT-OF-WAY,0,0,0,0,17,5,9,913,ROOSEVELT RD,41.831263,-87.811061,09/03/2015 06:40:00 PM,2015
CR00034419,03/29/2018 02:08:00 PM,35,CLEAR,DAYLIGHT,ANGLE,NOT DIVIDED,TRAFFIC SIGNAL,UNABLE TO DETERMINE,UNABLE TO DETERMINE,0,0,0,0,14,5,3,2019,CICERO AVE,41.979778,-87.815803,03/29/2018 03:45:00 PM,2018
CR00034420,10/03/2015 08:11:00 AM,30,CLEAR,DAYLIGHT,TURNING,NOT DIVIDED,UNKNOWN,UNABLE TO DETERMINE,DISREGARDING TRAFFIC SIGNALS,0,0,0,0,8,7,10,1265,ASHLAND AVE,41.773704,-87.709079,10/03/2015 08:43:00 AM,2015
CR00034421,11/13/2016 10:30:00 PM,45,CLEAR,DAYLIGHT,FIXED OBJECT,DIVIDED - W/MEDIAN BARRIER,NO CONTROLS,DRIVING SKILLS/KNOWLEDGE/EXPERIENCE,FOLLOWING TOO CLOSELY,0,0,2,2,22,1,11,1844,LAKE SHORE DR,41.9453,-87.534504,11/13/2016 11:03:00 PM,2016
CR00034422,12/29/2024 05:02:00 AM,35,CLEAR,DAYLIGHT,REAR END,NOT DIVIDED,NO CONTROLS,FOLLOWING TOO CLOSELY,NOT APPLICABLE,0,0,0,0,5,1,12,2304,STONY ISLAND AVE,41.973515,-87.634023,12/29/2024 05:54:00 AM,2024
CR00034423,01/03/2024 05:57:00 PM,30,CLEAR,DARKNESS - LIGHTED ROAD,REAR END,NOT DIVIDED,NO CONTROLS,UNABLE TO DETERMINE,IMPROPER OVERTAKING/PASSING,0,0,0,0,17,4,1,1785,BROADWAY,41.834425,-87.76215,01/03/2024 06:33:00 PM,2024
CR00034424,01/04/2015 04:31:00 AM,35,CLEAR,DAYLIGHT,REAR END,ONE-WAY,NO CONTROLS,DISTRACTION - FROM INSIDE VEHICLE,FAILING TO YIELD RIGHT-OF-WAY,0,0,0,0,4,1,1,731,CICERO AVE,41.855454,-87.502921,01/04/2015 05:34:00 AM,2015
CR00034425,04/29/2021 10:51:00 AM,35,CLOUDY/OVERCAST,DARKNESS - LIGHTED ROAD,PEDESTRIAN,T-INTERSECTION,STOP SIGN/FLASHER,FAILING TO YIELD RIGHT-OF-WAY,FOLLOWING TOO CLOSELY,0,0,0,0,10,5,4,1877,BROADWAY,41.865689,-87.734631,04/29/2021 12:34:00 PM,2021
CR00034426,02/11/2015 08:47:00 PM,45,SNOW,DAYLIGHT,PARKED MOTOR VEHICLE,ONE-WAY,TRAFFIC SIGNAL,DISTRACTION - FROM INSIDE VEHICLE,DISTRACTION - FROM INSIDE VEHICLE,0,0,0,0,20,4,2,1294,FULLERTON AVE,41.859136,-87.723701,02/11/2015 10:02:00 PM,2015
CR00034427,09/08/2019 08:01:00 PM,15,CLEAR,DAYLIGHT,SIDESWIPE SAME DIRECTION,DIVIDED - W/MEDIAN (NOT RAISED),NO CONTROLS,DISTRACTION - FROM INSIDE VEHICLE,UNABLE TO DETERMINE,0,0,0,0,20,1,9,1246,LAKE SHORE DR,41.782869,-87.734573,09/08/2019 09:31:00 PM,2019
CR00034428,01/21/2015 08:15:00 PM,40,RAIN,DAYLIGHT,TURNING,NOT DIVIDED,TRAFFIC SIGNAL,IMPROPER LANE USAGE,IMPROPER OVERTAKING/PASSING,0,0,0,0,20,4,1,124,DIVISION ST,41.774203,-87.726659,01/21/2015 10:02:00 PM,2015
CR00034429,01/26/2022 09:29:00 AM,45,CLEAR,DAYLIGHT,SIDESWIPE SAME DIRECTION,NOT DIVIDED,NO CONTROLS,FOLLOWING TOO CLOSELY,UNABLE TO DETERMINE,0,0,0,0,9,4,1,2065,MILWAUKEE AVE,41.827714,-87.612492,01/26/2022 10:19:00 AM,2022
CR00034430,01/18/2015 09:20:00 AM,30,CLEAR,DARKNESS - LIGHTED ROAD,REAR END,NOT DIVIDED,NO CONTROLS,UNABLE TO DETERMINE,FAILING TO YIELD RIGHT-OF-WAY,0,0,0,0,9,1,1,2029,CALIFORNIA AVE,41.889937,-87.501935,01/18/2015 11:18:00 AM,2015
CR00034431,04/17/2021 10:33:00 PM,25,CLEAR,DARKNESS,ANGLE,NOT DIVIDED,UNKNOWN,FAILING TO YIELD RIGHT-OF-WAY,UNABLE TO DETERMINE,0,0,0,0,22,7,4,346,OGDEN AVE,41.907402,-87.627509,04/17/2021 10:36:00 PM,2021
CR00034432,12/17/2018 04:00:00 AM,30,CLEAR,DAYLIGHT,REAR END,NOT DIVIDED,TRAFFIC SIGNAL,UNABLE TO DETERMINE,FOLLOWING TOO CLOSELY,0,0,0,0,4,2,12,1879,CALIFORNIA AVE,41.710076,-87.687715,12/17/2018 05:43:00 AM,2018
CR00034433,01/15/2022 04:10:00 PM,45,CLEAR,DARKNESS - LIGHTED ROAD,REAR END,NOT DIVIDED,NO CONTROLS,UNABLE TO DETERMINE,DISTRACTION - FROM INSIDE VEHICLE,0,0,0,0,16,7,1,1343,CLARK ST,41.793378,-87.530711,01/15/2022 04:45:00 PM,2022
CR00034434,10/13/2021 11:19:00 PM,35,CLEAR,DAYLIGHT,TURNING,FOUR WAY,NO CONTROLS,FOLLOWING TOO CLOSELY,UNABLE TO DETERMINE,0,0,0,0,23,4,10,870,ARCHER AVE,41.766005,-87.51044,10/14/2021 01:14:00 AM,2021
CR00034435,05/01/2023 11:53:00 AM,45,CLEAR,DAYLIGHT,TURNING,NOT DIVIDED,TRAFFIC SIGNAL,IMPROPER LANE USAGE,NOT APPLICABLE,0,0,0,0,11,2,5,807,OGDEN AVE,41.930306,-87.828261,05/01/2023 01:15:00 PM,2023
CR00034436,05/15/2018 03:44:00 PM,25,CLEAR,DAYLIGHT,SIDESWIPE SAME DIRECTION,DIVIDED - W/MEDIAN (NOT RAISED),STOP SIGN/FLASHER,FAILING TO YIELD RIGHT-OF-WAY,WEATHER,0,0,3,3,15,3,5,1919,63RD ST,41.993789,-87.537634,05/15/2018 05:14:00 PM,2018
CR00034437,02/20/2024 07:20:00 AM,35,CLEAR,DARKNESS,REAR END,DIVIDED - W/MEDIAN (NOT RAISED),NO CONTROLS,UNABLE TO DETERMINE,FAILING TO YIELD RIGHT-OF-WAY,0,0,0,0,7,3,2,901,ELSTON AVE,41.868251,-87.581168,02/20/2024 08:52:00 AM,2024
CR00034438,11/22/2015 11:53:00 AM,30,CLEAR,DARKNESS - LIGHTED ROAD,REAR END,ONE-WAY,NO CONTROLS,FOLLOWING TOO CLOSELY,UNABLE TO DETERMINE,0,0,0,0,11,1,11,2310,79TH ST,41.958264,-87.825994,11/22/2015 01:51:00 PM,2015
CR00034439,06/16/2017 06:34:00 PM,35,CLEAR,DARKNESS - LIGHTED ROAD,REAR END,NOT DIVIDED,UNKNOWN,DISREGARDING TRAFFIC SIGNALS,UNABLE TO DETERMINE,0,0,0,0,18,6,6,648,CICERO AVE,41.891749,-87.686964,06/16/2017 07:16:00 PM,2017
CR00034440,01/08/2023 11:39:00 AM,30,CLOUDY/OVERCAST,DARKNESS - LIGHTED ROAD,TURNING,ONE-WAY,PEDESTRIAN CROSSING SIGN,IMPROPER LANE USAGE,FAILING TO YIELD RIGHT-OF-WAY,0,0,0,0,11,1,1,1688,WESTERN AVE,41.707735,-87.54068,01/08/2023 01:03:00 PM,2023
CR00034441,08/28/2023 12:04:00 PM,30,CLEAR,DAYLIGHT,REAR END,DIVIDED - W/MEDIAN (NOT RAISED),TRAFFIC SIGNAL,IMPROPER LANE USAGE,FAILING TO YIELD RIGHT-OF-WAY,0,0,0,0,12,2,8,782,CICERO AVE,41.916754,-87.804511,08/28/2023 01:28:00 PM,2023
CR00034442,07/10/2019 06:51:00 PM,20,CLEAR,DAYLIGHT,PEDESTRIAN,DIVIDED - W/MEDIAN (NOT RAISED),NO CONTROLS,FOLLOWING TOO CLOSELY,DRIVING SKILLS/KNOWLEDGE/EXPERIENCE,0,0,0,0,18,4,7,1366,PULASKI RD,41.803187,-87.523466,07/10/2019 08:18:00 PM,2019
CR00034443,11/23/2015 05:23:00 PM,45,CLEAR,DARKNESS - LIGHTED ROAD,REAR END,DIVIDED - W/MEDIAN (NOT RAISED),NO CONTROLS,UNABLE TO DETERMINE,FAILING TO YIELD RIGHT-OF-WAY,0,0,0,0,17,2,11,1477,DAMEN AVE,41.995493,-87.654293,11/23/2015 06:35:00 PM,2015
CR00034444,09/09/2022 04:46:00 PM,30,CLEAR,DARKNESS - LIGHTED ROAD,TURNING,DIVIDED - W/MEDIAN (NOT RAISED),UNKNOWN,FOLLOWING TOO CLOSELY,FOLLOWING TOO CLOSELY,0,0,0,0,16,6,9,1100,ASHLAND AVE,41.850699,-87.56796,09/09/2022 05:34:00 PM,2022
CR00034445,07/31/2016 05:00:00 AM,20,CLEAR,DAYLIGHT,REAR END,ONE-WAY,NO CONTROLS,UNABLE TO DETERMINE,FAILING TO YIELD RIGHT-OF-WAY,0,0,0,0,5,1,7,454,ROOSEVELT RD,41.960735,-87.599089,07/31/2016 05:32:00 AM,2016
CR00034446,01/19/2018 09:02:00 PM,35,CLEAR,DAYLIGHT,ANGLE,FOUR WAY,TRAFFIC SIGNAL,IMPROPER LANE USAGE,DISTRACTION - FROM INSIDE VEHICLE,0,0,0,0,21,6,1,1938,IRVING PARK RD,41.893184,-87.548787,01/19/2018 09:10:00 PM,2018
CR00034447,02/25/2016 03:54:00 PM,40,SNOW,DAYLIGHT,REAR TO FRONT,DIVIDED - W/MEDIAN BARRIER,TRAFFIC SIGNAL,DISREGARDING TRAFFIC SIGNALS,FOLLOWING TOO CLOSELY,0,0,0,0,15,5,2,273,PULASKI RD,41.820907,-87.711667,02/25/2016 04:34:00 PM,2016
CR00034448,02/18/2024 06:51:00 PM,30,CLEAR,DAYLIGHT,REAR END,NOT DIVIDED,NO CONTROLS,FOLLOWING TOO CLOSELY,UNABLE TO DETERMINE,0,0,0,0,18,1,2,811,PULASKI RD,41.779341,-87.706261,02/18/2024 07:24:00 PM,2024
CR00034449,09/19/2024 11:32:00 AM,45,CLOUDY/OVERCAST,DAYLIGHT,REAR END,NOT DIVIDED,TRAFFIC SIGNAL,UNABLE TO DETERMINE,DISTRACTION - FROM INSIDE VEHICLE,0,0,0,0,11,5,9,308,HALSTED ST,41.700121,-87.669688,09/19/2024 12:04:00 PM,2024
CR00034450,04/04/2020 11:58:00 AM,30,CLEAR,DARKNESS - LIGHTED ROAD,REAR END,NOT DIVIDED,PEDESTRIAN CROSSING SIGN,UNABLE TO DETERMINE,UNABLE TO DETERMINE,0,0,0,0,11,7,4,2447,WESTERN AVE,41.871872,-87.57656,04/04/2020 12:28:00 PM,2020
CR00034451,10/21/2019 09:58:00 AM,15,CLEAR,DAYLIGHT,ANGLE,NOT DIVIDED,STOP SIGN/FLASHER,IMPROPER LANE USAGE,DISREGARDING TRAFFIC SIGNALS,0,0,0,0,9,2,10,2249,ROOSEVELT RD,41.832764,-87.805776,10/21/2019 10:40:00 AM,2019
CR00034452,09/27/2015 10:06:00 AM,35,FOG/SMOKE/HAZE,DAYLIGHT,REAR END,DIVIDED - W/MEDIAN BARRIER,NO CONTROLS,UNABLE TO DETERMINE,DISTRACTION - FROM INSIDE VEHICLE,0,1,1,2,10,1,9,2148,WESTERN AVE,41.814324,-87.607241,09/27/2015 10:33:00 AM,2015
CR00034453,01/14/2019 02:11:00 PM,35,CLEAR,DAYLIGHT,TURNING,FOUR WAY,STOP SIGN/FLASHER,DRIVING SKILLS/KNOWLEDGE/EXPERIENCE,NOT APPLICABLE,0,0,0,0,14,2,1,419,MILWAUKEE AVE,41.787347,-87.778523,01/14/2019 03:02:00 PM,2019
CR00034454,04/12/2021 10:48:00 PM,25,CLOUDY/OVERCAST,DAYLIGHT,REAR END,T-INTERSECTION,STOP SIGN/FLASHER,FAILING TO YIELD RIGHT-OF-WAY,FOLLOWING TOO CLOSELY,0,0,0,0,22,2,4,1746,HALSTED ST,41.9731,-87.669046,04/12/2021 11:09:00 PM,2021
CR00034455,10/26/2022 07:10:00 PM,40,CLEAR,DARKNESS,ANGLE,NOT DIVIDED,TRAFFIC SIGNAL,FAILING TO REDUCE SPEED,UNABLE TO DETERMINE,0,0,0,0,19,4,10,2292,PULASKI RD,41.862904,-87.756283,10/26/2022 08:45:00 PM,2022
CR00034456,01/04/2021 04:49:00 PM,15,CLEAR,DAYLIGHT,SIDESWIPE SAME DIRECTION,NOT DIVIDED,NO CONTROLS,IMPROPER OVERTAKING/PASSING,UNABLE TO DETERMINE,0,0,0,0,16,2,1,2091,DIVISION ST,41.763709,-87.550154,01/04/2021 06:18:00 PM,2021
CR00034457,11/27/2024 03:52:00 PM,25,SNOW,DAYLIGHT,PEDESTRIAN,NOT DIVIDED,TRAFFIC SIGNAL,IMPROPER OVERTAKING/PASSING,FOLLOWING TOO CLOSELY,0,0,0,0,15,4,11,1965,47TH ST,41.7422,-87.71674,11/27/2024 04:23:00 PM,2024
CR00034458,08/28/2017 04:41:00 AM,35,CLEAR,DARKNESS - LIGHTED ROAD,TURNING,ONE-WAY,TRAFFIC SIGNAL,FOLLOWING TOO CLOSELY,UNABLE TO DETERMINE,0,1,3,4,4,2,8,605,ELSTON AVE,41.799142,-87.640686,08/28/2017 06:37:00 AM,2017
CR00034459,12/26/2021 05:48:00 PM,25,CLOUDY/OVERCAST,DUSK,ANGLE,NOT DIVIDED,NO CONTROLS,FOLLOWING TOO CLOSELY,NOT APPLICABLE,0,0,0,0,17,1,12,454,DIVISION ST,41.86182,-87.698459,12/26/2021 06:20:00 PM,2021
CR00034460,06/11/2016 02:16:00 PM,15,CLEAR,DAYLIGHT,TURNING,ONE-WAY,NO CONTROLS,DISREGARDING TRAFFIC SIGNALS,IMPROPER LANE USAGE,0,0,0,0,14,7,6,926,ROOSEVELT RD,41.909813,-87.689018,06/11/2016 03:46:00 PM,2016
CR00034461,06/03/2024 09:24:00 PM,30,RAIN,DAYLIGHT,REAR TO FRONT,FOUR WAY,NO CONTROLS,IMPROPER OVERTAKING/PASSING,NOT APPLICABLE,0,1,2,3,21,2,6,1408,DAMEN AVE,41.958834,-87.82102,06/03/2024 10:49:00 PM,2024
CR00034462,08/31/2015 07:46:00 AM,35,RAIN,DAYLIGHT,REAR END,NOT DIVIDED,NO CONTROLS,FAILING TO REDUCE SPEED,NOT APPLICABLE,0,0,0,0,7,2,8,1557,STONY ISLAND AVE,41.923634,-87.665989,08/31/2015 09:13:00 AM,2015
CR00034463,05/07/2017 10:29:00 PM,30,CLEAR,DARKNESS - LIGHTED ROAD,REAR END,DIVIDED - W/MEDIAN BARRIER,NO CONTROLS,FAILING TO YIELD RIGHT-OF-WAY,UNABLE TO DETERMINE,0,0,0,0,22,1,5,2190,MILWAUKEE AVE,41.797943,-87.780681,05/07/2017 11:54:00 PM,2017
CR00034464,09/19/2016 05:34:00 AM,35,CLEAR,DAYLIGHT,SIDESWIPE SAME DIRECTION,T-INTERSECTION,NO CONTROLS,FOLLOWING TOO CLOSELY,DISTRACTION - FROM INSIDE VEHICLE,0,0,3,3,5,2,9,2122,ROOSEVELT RD,41.87004,-87.634833,09/19/2016 07:06:00 AM,2016
CR00034465,03/04/2020 07:38:00 AM,35,CLEAR,DARKNESS - LIGHTED ROAD,REAR END,NOT DIVIDED,NO CONTROLS,FAILING TO YIELD RIGHT-OF-WAY,FOLLOWING TOO CLOSELY,0,0,0,0,7,4,3,1058,BROADWAY,41.818049,-87.678756,03/04/2020 08:47:00 AM,2020
CR00034466,08/07/2020 07:07:00 PM,40,SNOW,DAYLIGHT,REAR TO FRONT,ONE-WAY,PEDESTRIAN CROSSING SIGN,IMPROPER OVERTAKING/PASSING,FAILING TO YIELD RIGHT-OF-WAY,0,0,0,0,19,6,8,1278,BROADWAY,41.994941,-87.615451,08/07/2020 09:05:00 PM,2020
CR00034467,09/08/2024 06:04:00 PM,35,CLEAR,DAYLIGHT,TURNING,FOUR WAY,TRAFFIC SIGNAL,FAILING TO REDUCE SPEED,IMPROPER LANE USAGE,0,0,0,0,18,1,9,719,CICERO AVE,41.9098,-87.63456,09/08/2024 07:34:00 PM,2024
CR00034468,03/14/2022 02:08:00 AM,25,CLEAR,DAYLIGHT,REAR END,DIVIDED - W/MEDIAN (NOT RAISED),NO CONTROLS,IMPROPER LANE USAGE,UNABLE TO DETERMINE,0,2,0,2,2,2,3,2307,ELSTON AVE,41.721151,-87.557443,03/14/2022 04:08:00 AM,2022
CR00034469,05/01/2017 09:57:00 AM,25,CLEAR,DAYLIGHT,ANGLE,NOT DIVIDED,TRAFFIC SIGNAL,FAILING TO YIELD RIGHT-OF-WAY,NOT APPLICABLE,0,0,0,0,9,2,5,1599,WESTERN AVE,41.94175,-87.757466,05/01/2017 10:47:00 AM,2017
CR00034470,01/29/2023 08:39:00 AM,20,CLEAR,DUSK,PARKED MOTOR VEHICLE,NOT DIVIDED,NO CONTROLS,UNABLE TO DETERMINE,WEATHER,0,0,0,0,8,1,1,2394,CALIFORNIA AVE,41.903987,-87.814305,01/29/2023 09:08:00 AM,2023
CR00034471,05/07/2016 02:49:00 AM,45,CLEAR,DARKNESS,TURNING,NOT DIVIDED,TRAFFIC SIGNAL,FAILING TO YIELD RIGHT-OF-WAY,FOLLOWING TOO CLOSELY,0,0,0,0,2,7,5,1716,DAMEN AVE,41.988649,-87.50428,05/07/2016 03:35:00 AM,2016
CR00034472,08/19/2020 07:29:00 PM,30,CLEAR,DAWN,REAR END,T-INTERSECTION,STOP SIGN/FLASHER,UNABLE TO DETERMINE,DISTRACTION - FROM INSIDE VEHICLE,0,0,0,0,19,4,8,281,KEDZIE AVE,41.851708,-87.630686,08/19/2020 08:08:00 PM,2020
CR00034473,06/06/2015 10:11:00 PM,25,CLEAR,DUSK,TURNING,NOT DIVIDED,NO CONTROLS,FAILING TO YIELD RIGHT-OF-WAY,IMPROPER LANE USAGE,0,0,1,1,22,7,6,1752,MILWAUKEE AVE,41.806877,-87.744566,06/06/2015 10:23:00 PM,2015
CR00034474,11/20/2017 02:04:00 PM,40,CLEAR,DAYLIGHT,TURNING,NOT DIVIDED,NO CONTROLS,IMPROPER OVERTAKING/PASSING,FAILING TO REDUCE SPEED,0,0,1,1,14,2,11,851,ARCHER AVE,41.887391,-87.613986,11/20/2017 02:44:00 PM,2017
CR00034475,07/04/2021 06:44:00 PM,20,RAIN,DUSK,REAR END,NOT DIVIDED,TRAFFIC SIGNAL,WEATHER,FOLLOWING TOO CLOSELY,0,0,2,2,18,1,7,968,IRVING PARK RD,41.983844,-87.755103,07/04/2021 07:00:00 PM,2021
CR00034476,05/05/2023 05:50:00 PM,45,CLEAR,DARKNESS - LIGHTED ROAD,SIDESWIPE SAME DIRECTION,DIVIDED - W/MEDIAN BARRIER,NO CONTROLS,UNABLE TO DETERMINE,IMPROPER LANE USAGE,0,0,0,0,17,6,5,1378,DAMEN AVE,41.806577,-87.78421,05/05/2023 06:55:00 PM,2023
CR00034477,09/12/2015 10:50:00 AM,40,SNOW,DARKNESS - LIGHTED ROAD,SIDESWIPE SAME DIRECTION,DIVIDED - W/MEDIAN (NOT RAISED),TRAFFIC SIGNAL,IMPROPER LANE USAGE,UNABLE TO DETERMINE,0,0,1,1,10,7,9,2094,BROADWAY,41.711679,-87.762579,09/12/2015 11:49:00 AM,2015