CRASH_RECORD_ID,CRASH_DATE,POSTED_SPEED_LIMIT,WEATHER_CONDITION,LIGHTING_CONDITION,FIRST_CRASH_TYPE,TRAFFICWAY_TYPE,TRAFFIC_CONTROL_DEVICE,PRIM_CONTRIBUTORY_CAUSE,SEC_CONTRIBUTORY_CAUSE,INJURIES_FATAL,INJURIES_INCAPACITATING,INJURIES_NON_INCAPACITATING,INJURIES_TOTAL,CRASH_HOUR,CRASH_DAY_OF_WEEK,CRASH_MONTH,BEAT_OF_OCCURRENCE,STREET_NAME,LATITUDE,LONGITUDE,DATE_POLICE_NOTIFIED,year
CR00034478,03/21/2017 06:32:00 PM,30,CLEAR,DARKNESS - LIGHTED ROAD,TURNING,ONE-WAY,TRAFFIC SIGNAL,IMPROPER OVERTAKING/PASSING,NOT APPLICABLE,0,0,0,0,18,3,3,1832,CALIFORNIA AVE,41.735963,-87.826414,03/21/2017 06:36:00 PM,2017
CR00034479,01/05/2018 02:47:00 AM,35,CLEAR,DAYLIGHT,REAR TO FRONT,NOT DIVIDED,NO CONTROLS,FAILING TO YIELD RIGHT-OF-WAY,WEATHER,0,0,0,0,2,6,1,992,HALSTED ST,41.77293,-87.803402,01/05/2018 04:03:00 AM,2018
CR00034480,07/25/2021 03:51:00 PM,30,CLEAR,DAYLIGHT,SIDESWIPE SAME DIRECTION,NOT DIVIDED,TRAFFIC SIGNAL,DISREGARDING TRAFFIC SIGNALS,NOT APPLICABLE,0,0,2,2,15,1,7,1461,WESTERN AVE,41.743101,-87.655295,07/25/2021 05:18:00 PM,2021
CR00034481,04/13/2022 12:19:00 PM,25,CLEAR,DARKNESS - LIGHTED ROAD,PARKED MOTOR VEHICLE,FOUR WAY,TRAFFIC SIGNAL,UNABLE TO DETERMINE,FAILING TO YIELD RIGHT-OF-WAY,0,1,3,4,12,4,4,2145,PULASKI RD,41.996857,-87.517639,04/13/2022 02:13:00 PM,2022
CR00034482,10/11/2020 05:16:00 PM,20,CLEAR,DARKNESS - LIGHTED ROAD,SIDESWIPE SAME DIRECTION,NOT DIVIDED,TRAFFIC SIGNAL,IMPROPER LANE USAGE,IMPROPER OVERTAKING/PASSING,0,0,0,0,17,1,10,809,FULLERTON AVE,41.936866,-87.522616,10/11/2020 05:53:00 PM,2020
CR00034483,11/08/2018 09:07:00 PM,30,RAIN,DAYLIGHT,TURNING,NOT DIVIDED,NO CONTROLS,UNABLE TO DETERMINE,IMPROPER LANE USAGE,0,0,1,1,21,5,11,290,63RD ST,41.880076,-87.780501,11/08/2018 10:58:00 PM,2018
CR00034484,12/30/2021 12:42:00 PM,30,CLOUDY/OVERCAST,DAYLIGHT,REAR END,NOT DIVIDED,TRAFFIC SIGNAL,DRIVING SKILLS/KNOWLEDGE/EXPERIENCE,DISTRACTION - FROM INSIDE VEHICLE,0,0,0,0,12,5,12,2241,ARCHER AVE,41.883306,-87.806529,12/30/2021 12:49:00 PM,2021
CR00034485,05/26/2017 06:43:00 PM,15,CLEAR,DAYLIGHT,SIDESWIPE SAME DIRECTION,DIVIDED - W/MEDIAN (NOT RAISED),NO CONTROLS,UNABLE TO DETERMINE,UNABLE TO DETERMINE,0,0,0,0,18,6,5,952,47TH ST,41.766525,-87.814851,05/26/2017 07:50:00 PM,2017
CR00034486,04/14/2015 08:35:00 AM,15,CLEAR,DAYLIGHT,PARKED MOTOR VEHICLE,NOT DIVIDED,STOP SIGN/FLASHER,DISREGARDING TRAFFIC SIGNALS,IMPROPER LANE USAGE,0,0,1,1,8,3,4,2270,47TH ST,41.751624,-87.805464,04/14/2015 09:45:00 AM,2015
CR00034487,07/30/2022 11:19:00 AM,35,CLEAR,DARKNESS - LIGHTED ROAD,REAR END,NOT DIVIDED,TRAFFIC SIGNAL,UNABLE TO DETERMINE,NOT APPLICABLE,0,0,0,0,11,7,7,353,63RD ST,41.962552,-87.766271,07/30/2022 01:13:00 PM,2022
CR00034488,05/12/2020 12:12:00 PM,30,CLOUDY/OVERCAST,DARKNESS - LIGHTED ROAD,PARKED MOTOR VEHICLE,NOT DIVIDED,NO CONTROLS,FAILING TO YIELD RIGHT-OF-WAY,FAILING TO YIELD RIGHT-OF-WAY,0,0,0,0,12,3,5,2344,LAKE SHORE DR,41.763301,-87.559233,05/12/2020 12:31:00 PM,2020
CR00034489,10/31/2019 07:49:00 PM,40,CLEAR,DAYLIGHT,PEDESTRIAN,DIVIDED - W/MEDIAN BARRIER,NO CONTROLS,FAILING TO YIELD RIGHT-OF-WAY,NOT APPLICABLE,0,0,0,0,19,5,10,233,ASHLAND AVE,41.985081,-87.846041,10/31/2019 09:09:00 PM,2019
CR00034490,04/02/2024 02:03:00 PM,35,CLEAR,DARKNESS,TURNING,NOT DIVIDED,NO CONTROLS,IMPROPER LANE USAGE,UNABLE TO DETERMINE,0,0,0,0,14,3,4,780,STONY ISLAND AVE,41.862688,-87.653298,04/02/2024 03:09:00 PM,2024
CR00034491,10/13/2015 05:54:00 PM,40,CLEAR,DAWN,REAR TO FRONT,DIVIDED - W/MEDIAN (NOT RAISED),NO CONTROLS,IMPROPER LANE USAGE,NOT APPLICABLE,0,0,0,0,17,3,10,840,MICHIGAN AVE,41.823415,-87.64852,10/13/2015 07:51:00 PM,2015
CR00034492,11/10/2019 02:25:00 AM,40,CLEAR,DAYLIGHT,PARKED MOTOR VEHICLE,DIVIDED - W/MEDIAN BARRIER,TRAFFIC SIGNAL,IMPROPER LANE USAGE,UNABLE TO DETERMINE,0,0,0,0,2,1,11,543,79TH ST,41.982402,-87.705714,11/10/2019 03:54:00 AM,2019
CR00034493,07/01/2015 05:05:00 PM,30,SNOW,DARKNESS - LIGHTED ROAD,REAR END,FOUR WAY,STOP SIGN/FLASHER,UNABLE TO DETERMINE,FOLLOWING TOO CLOSELY,0,0,0,0,17,4,7,234,OGDEN AVE,41.934439,-87.817186,07/01/2015 06:26:00 PM,2015
CR00034494,07/15/2023 03:07:00 PM,20,CLEAR,DAYLIGHT,SIDESWIPE SAME DIRECTION,NOT DIVIDED,UNKNOWN,IMPROPER LANE USAGE,DRIVING SKILLS/KNOWLEDGE/EXPERIENCE,0,0,0,0,15,7,7,1131,FULLERTON AVE,41.768942,-87.836098,07/15/2023 03:17:00 PM,2023
CR00034495,10/06/2017 05:10:00 PM,15,CLEAR,DAYLIGHT,REAR END,DIVIDED - W/MEDIAN (NOT RAISED),UNKNOWN,IMPROPER OVERTAKING/PASSING,IMPROPER LANE USAGE,0,0,0,0,17,6,10,486,79TH ST,41.865456,-87.628554,10/06/2017 06:00:00 PM,2017
CR00034496,08/21/2020 07:56:00 PM,40,SNOW,DUSK,TURNING,DIVIDED - W/MEDIAN BARRIER,TRAFFIC SIGNAL,FAILING TO YIELD RIGHT-OF-WAY,FOLLOWING TOO CLOSELY,0,0,0,0,19,6,8,2460,PULASKI RD,41.775059,-87.572755,08/21/2020 09:21:00 PM,2020
CR00034497,12/22/2019 04:58:00 PM,30,SNOW,DAYLIGHT,ANGLE,DIVIDED - W/MEDIAN (NOT RAISED),TRAFFIC SIGNAL,UNABLE TO DETERMINE,UNABLE TO DETERMINE,0,0,1,1,16,1,12,1991,PULASKI RD,41.816767,-87.82685,12/22/2019 05:43:00 PM,2019
CR00034498,10/20/2022 07:50:00 PM,40,CLEAR,DARKNESS,SIDESWIPE SAME DIRECTION,DIVIDED - W/MEDIAN (NOT RAISED),TRAFFIC SIGNAL,FOLLOWING TOO CLOSELY,IMPROPER LANE USAGE,0,0,0,0,19,5,10,1237,KEDZIE AVE,41.96358,-87.804132,10/20/2022 09:49:00 PM,2022
CR00034499,05/03/2015 07:20:00 AM,35,CLEAR,DARKNESS - LIGHTED ROAD,REAR END,DIVIDED - W/MEDIAN BARRIER,YIELD,FAILING TO REDUCE SPEED,NOT APPLICABLE,0,0,0,0,7,1,5,1030,PULASKI RD,41.78976,-87.733348,05/03/2015 07:27:00 AM,2015
CR00034500,08/04/2015 09:39:00 PM,45,CLEAR,DUSK,SIDESWIPE SAME DIRECTION,NOT DIVIDED,NO CONTROLS,UNABLE TO DETERMINE,FOLLOWING TOO CLOSELY,0,0,0,0,21,3,8,1108,OGDEN AVE,41.971866,-87.848606,08/04/2015 10:36:00 PM,2015
CR00034501,03/10/2018 06:01:00 AM,25,CLEAR,DUSK,TURNING,FOUR WAY,STOP SIGN/FLASHER,DRIVING SKILLS/KNOWLEDGE/EXPERIENCE,NOT APPLICABLE,0,0,0,0,6,7,3,2310,79TH ST,41.926049,-87.786429,03/10/2018 06:27:00 AM,2018
CR00034502,09/20/2017 05:05:00 PM,30,CLEAR,DAYLIGHT,TURNING,NOT DIVIDED,NO CONTROLS,IMPROPER LANE USAGE,FAILING TO REDUCE SPEED,0,0,0,0,17,4,9,1054,LAKE SHORE DR,41.93076,-87.566094,09/20/2017 05:33:00 PM,2017
CR00034503,04/03/2019 06:22:00 AM,35,CLEAR,DAYLIGHT,TURNING,NOT DIVIDED,TRAFFIC SIGNAL,DRIVING SKILLS/KNOWLEDGE/EXPERIENCE,DRIVING SKILLS/KNOWLEDGE/EXPERIENCE,0,0,0,0,6,4,4,1421,BROADWAY,41.851523,-87.848166,04/03/2019 06:30:00 AM,2019
CR00034504,10/02/2019 10:50:00 PM,25,RAIN,DUSK,ANGLE,DIVIDED - W/MEDIAN (NOT RAISED),YIELD,IMPROPER LANE USAGE,DRIVING SKILLS/KNOWLEDGE/EXPERIENCE,0,0,0,0,22,4,10,782,ROOSEVELT RD,41.75885,-87.556052,10/02/2019 11:38:00 PM,2019
CR00034505,11/14/2016 04:47:00 AM,30,RAIN,DAYLIGHT,TURNING,DIVIDED - W/MEDIAN BARRIER,NO CONTROLS,UNABLE TO DETERMINE,DISTRACTION - FROM INSIDE VEHICLE,0,0,0,0,4,2,11,885,MICHIGAN AVE,41.804882,-87.592394,11/14/2016 05:37:00 AM,2016
CR00034506,08/19/2016 11:21:00 AM,35,CLEAR,DAYLIGHT,TURNING,NOT DIVIDED,STOP SIGN/FLASHER,DRIVING SKILLS/KNOWLEDGE/EXPERIENCE,DISTRACTION - FROM INSIDE VEHICLE,0,0,0,0,11,6,8,1732,BROADWAY,41.72421,-87.610331,08/19/2016 12:46:00 PM,2016
CR00034507,03/07/2021 03:54:00 PM,25,CLOUDY/OVERCAST,DARKNESS - LIGHTED ROAD,ANGLE,NOT DIVIDED,TRAFFIC SIGNAL,UNABLE TO DETERMINE,FAILING TO YIELD RIGHT-OF-WAY,0,0,0,0,15,1,3,335,PULASKI RD,41.924226,-87.693249,03/07/2021 05:39:00 PM,2021
CR00034508,02/13/2015 06:09:00 PM,40,CLEAR,DARKNESS - LIGHTED ROAD,SIDESWIPE SAME DIRECTION,NOT DIVIDED,NO CONTROLS,IMPROPER OVERTAKING/PASSING,WEATHER,0,0,0,0,18,6,2,1010,ROOSEVELT RD,41.851889,-87.71538,02/13/2015 07:38:00 PM,2015
CR00034509,06/20/2017 09:25:00 AM,35,CLEAR,DAYLIGHT,REAR END,NOT DIVIDED,NO CONTROLS,FOLLOWING TOO CLOSELY,FAILING TO REDUCE SPEED,0,2,1,3,9,3,6,1956,OGDEN AVE,41.965114,-87.787548,06/20/2017 10:14:00 AM,2017
CR00034510,05/27/2015 07:44:00 AM,30,CLEAR,DAYLIGHT,ANGLE,FOUR WAY,NO CONTROLS,DISTRACTION - FROM INSIDE VEHICLE,NOT APPLICABLE,0,0,0,0,7,4,5,501,ELSTON AVE,41.906735,-87.526384,05/27/2015 07:56:00 AM,2015
CR00034511,03/31/2020 03:55:00 PM,45,CLEAR,DAYLIGHT,REAR END,NOT DIVIDED,NO CONTROLS,DRIVING SKILLS/KNOWLEDGE/EXPERIENCE,IMPROPER LANE USAGE,0,0,0,0,15,3,3,1950,CICERO AVE,41.728096,-87.524079,03/31/2020 04:17:00 PM,2020
CR00034512,03/19/2018 08:38:00 AM,25,CLOUDY/OVERCAST,DAYLIGHT,TURNING,FOUR WAY,YIELD,UNABLE TO DETERMINE,NOT APPLICABLE,0,0,0,0,8,2,3,864,LAKE SHORE DR,41.981086,-87.725263,03/19/2018 10:31:00 AM,2018
CR00034513,05/09/2018 07:46:00 AM,30,CLEAR,DAYLIGHT,REAR END,ONE-WAY,NO CONTROLS,DRIVING SKILLS/KNOWLEDGE/EXPERIENCE,DISREGARDING TRAFFIC SIGNALS,0,0,0,0,7,4,5,737,CICERO AVE,41.73422,-87.541789,05/09/2018 08:04:00 AM,2018
CR00034514,08/03/2023 06:02:00 PM,15,SNOW,DAYLIGHT,ANGLE,NOT DIVIDED,NO CONTROLS,FOLLOWING TOO CLOSELY,UNABLE TO DETERMINE,0,0,0,0,18,5,8,1896,DAMEN AVE,41.834996,-87.515305,08/03/2023 07:27:00 PM,2023
CR00034515,01/02/2018 11:50:00 AM,30,CLEAR,DARKNESS - LIGHTED ROAD,REAR END,DIVIDED - W/MEDIAN BARRIER,TRAFFIC SIGNAL,FOLLOWING TOO CLOSELY,WEATHER,0,0,0,0,11,3,1,1124,DIVISION ST,41.758294,-87.654892,01/02/2018 01:09:00 PM,2018
CR00034516,03/30/2023 11:11:00 PM,15,CLEAR,DUSK,REAR END,FOUR WAY,STOP SIGN/FLASHER,UNABLE TO DETERMINE,DISREGARDING TRAFFIC SIGNALS,0,0,3,3,23,5,3,127,LAKE SHORE DR,41.950402,-87.752017,03/30/2023 11:59:00 PM,2023
CR00034517,08/03/2020 05:44:00 AM,30,RAIN,DAYLIGHT,TURNING,DIVIDED - W/MEDIAN BARRIER,STOP SIGN/FLASHER,DISTRACTION - FROM INSIDE VEHICLE,UNABLE TO DETERMINE,0,0,0,0,5,2,8,261,79TH ST,41.7461,-87.61745,08/03/2020 05:53:00 AM,2020
CR00034518,05/21/2021 07:48:00 AM,35,CLEAR,DAYLIGHT,TURNING,FOUR WAY,NO CONTROLS,DISREGARDING TRAFFIC SIGNALS,IMPROPER LANE USAGE,0,0,3,3,7,6,5,669,STONY ISLAND AVE,41.863935,-87.631868,05/21/2021 08:52:00 AM,2021
CR00034519,08/11/2023 07:50:00 PM,15,CLEAR,DARKNESS - LIGHTED ROAD,SIDESWIPE SAME DIRECTION,T-INTERSECTION,TRAFFIC SIGNAL,UNABLE TO DETERMINE,WEATHER,0,0,0,0,19,6,8,2408,ROOSEVELT RD,41.726078,-87.556035,08/11/2023 09:25:00 PM,2023
CR00034520,01/12/2018 07:04:00 AM,20,CLOUDY/OVERCAST,DARKNESS - LIGHTED ROAD,TURNING,DIVIDED - W/MEDIAN (NOT RAISED),NO CONTROLS,DISREGARDING TRAFFIC SIGNALS,FAILING TO YIELD RIGHT-OF-WAY,0,1,1,2,7,6,1,1060,DAMEN AVE,41.836362,-87.627897,01/12/2018 08:16:00 AM,2018
CR00034521,03/11/2020 08:58:00 PM,30,CLEAR,DAYLIGHT,TURNING,DIVIDED - W/MEDIAN BARRIER,TRAFFIC SIGNAL,FOLLOWING TOO CLOSELY,IMPROPER OVERTAKING/PASSING,0,0,3,3,20,4,3,852,47TH ST,41.781584,-87.804437,03/11/2020 10:09:00 PM,2020
CR00034522,09/16/2015 03:01:00 PM,30,CLOUDY/OVERCAST,DAYLIGHT,TURNING,DIVIDED - W/MEDIAN (NOT RAISED),TRAFFIC SIGNAL,FOLLOWING TOO CLOSELY,FAILING TO REDUCE SPEED,0,0,0,0,15,4,9,939,DIVISION ST,41.973709,-87.827382,09/16/2015 04:11:00 PM,2015
CR00034523,10/28/2022 12:14:00 PM,35,CLEAR,DAYLIGHT,SIDESWIPE SAME DIRECTION,NOT DIVIDED,TRAFFIC SIGNAL,DISREGARDING TRAFFIC SIGNALS,WEATHER,0,0,0,0,12,6,10,1231,47TH ST,41.754061,-87.672728,10/28/2022 02:13:00 PM,2022
CR00034524,07/24/2022 05:06:00 PM,30,CLEAR,DAYLIGHT,TURNING,NOT DIVIDED,NO CONTROLS,IMPROPER OVERTAKING/PASSING,IMPROPER LANE USAGE,0,0,2,2,17,1,7,595,63RD ST,41.875745,-87.650877,07/24/2022 06:56:00 PM,2022
CR00034525,06/02/2021 08:45:00 AM,25,CLEAR,DARKNESS - LIGHTED ROAD,SIDESWIPE SAME DIRECTION,NOT DIVIDED,TRAFFIC SIGNAL,IMPROPER LANE USAGE,FAILING TO REDUCE SPEED,0,0,0,0,8,4,6,2451,79TH ST,41.891568,-87.735362,06/02/2021 10:25:00 AM,2021
CR00034526,06/27/2020 03:43:00 PM,15,CLEAR,DAYLIGHT,REAR END,T-INTERSECTION,NO CONTROLS,UNABLE TO DETERMINE,IMPROPER OVERTAKING/PASSING,0,0,0,0,15,7,6,2438,ELSTON AVE,41.953164,-87.806995,06/27/2020 05:41:00 PM,2020
CR00034527,05/31/2024 01:28:00 PM,30,CLEAR,DARKNESS - LIGHTED ROAD,SIDESWIPE SAME DIRECTION,ONE-WAY,NO CONTROLS,UNABLE TO DETERMINE,WEATHER,0,0,0,0,13,6,5,1140,79TH ST,41.805948,-87.548272,05/31/2024 02:44:00 PM,2024
CR00034528,10/14/2022 03:18:00 PM,35,CLEAR,DARKNESS - LIGHTED ROAD,PARKED MOTOR VEHICLE,FOUR WAY,UNKNOWN,DRIVING SKILLS/KNOWLEDGE/EXPERIENCE,UNABLE TO DETERMINE,0,0,0,0,15,6,10,630,IRVING PARK RD,41.894769,-87.737386,10/14/2022 05:02:00 PM,2022
CR00034529,05/21/2021 02:34:00 PM,35,CLEAR,DAYLIGHT,SIDESWIPE SAME DIRECTION,FOUR WAY,TRAFFIC SIGNAL,FAILING TO YIELD RIGHT-OF-WAY,DRIVING SKILLS/KNOWLEDGE/EXPERIENCE,0,0,2,2,14,6,5,1695,BROADWAY,41.761009,-87.8042,05/21/2021 02:47:00 PM,2021
CR00034530,12/04/2022 10:21:00 AM,25,CLEAR,DAYLIGHT,TURNING,ONE-WAY,YIELD,UNABLE TO DETERMINE,FOLLOWING TOO CLOSELY,0,0,0,0,10,1,12,955,KEDZIE AVE,41.730975,-87.591017,12/04/2022 12:21:00 PM,2022
CR00034531,08/29/2016 08:14:00 PM,40,CLOUDY/OVERCAST,DARKNESS - LIGHTED ROAD,TURNING,ONE-WAY,TRAFFIC SIGNAL,FAILING TO YIELD RIGHT-OF-WAY,IMPROPER OVERTAKING/PASSING,0,0,0,0,20,2,8,2400,ASHLAND AVE,41.749484,-87.814061,08/29/2016 08:43:00 PM,2016
CR00034532,05/17/2021 04:14:00 PM,25,RAIN,DAYLIGHT,TURNING,DIVIDED - W/MEDIAN (NOT RAISED),NO CONTROLS,WEATHER,NOT APPLICABLE,0,0,0,0,16,2,5,193,DIVISION ST,41.825936,-87.801564,05/17/2021 05:49:00 PM,2021
CR00034533,10/19/2022 10:55:00 AM,30,CLEAR,DAYLIGHT,REAR END,NOT DIVIDED,NO CONTROLS,FAILING TO REDUCE SPEED,UNABLE TO DETERMINE,0,0,0,0,10,4,10,1879,ROOSEVELT RD,41.928983,-87.674016,10/19/2022 11:20:00 AM,2022
CR00034534,03/12/2024 04:10:00 AM,35,CLEAR,DARKNESS - LIGHTED ROAD,REAR END,T-INTERSECTION,STOP SIGN/FLASHER,UNABLE TO DETERMINE,NOT APPLICABLE,0,0,0,0,4,3,3,1721,STONY ISLAND AVE,41.844619,-87.590879,03/12/2024 04:11:00 AM,2024
CR00034535,06/04/2024 09:30:00 AM,15,CLEAR,DARKNESS,TURNING,DIVIDED - W/MEDIAN BARRIER,NO CONTROLS,FOLLOWING TOO CLOSELY,FOLLOWING TOO CLOSELY,0,0,3,3,9,3,6,2029,KEDZIE AVE,41.858448,-87.604992,06/04/2024 11:25:00 AM,2024
CR00034536,03/08/2023 06:23:00 PM,35,CLEAR,DUSK,REAR END,T-INTERSECTION,UNKNOWN,UNABLE TO DETERMINE,DISTRACTION - FROM INSIDE VEHICLE,0,0,1,1,18,4,3,144,ARCHER AVE,41.737834,-87.500476,03/08/2023 06:56:00 PM,2023
CR00034537,07/18/2015 08:10:00 AM,35,FREEZING RAIN/DRIZZLE,DARKNESS - LIGHTED ROAD,PEDESTRIAN,ONE-WAY,TRAFFIC SIGNAL,DISREGARDING TRAFFIC SIGNALS,FAILING TO REDUCE SPEED,0,0,3,3,8,7,7,258,63RD ST,41.894299,-87.591345,07/18/2015 10:00:00 AM,2015
CR00034538,05/05/2024 03:54:00 AM,15,CLEAR,DAYLIGHT,REAR END,DIVIDED - W/MEDIAN BARRIER,UNKNOWN,FAILING TO REDUCE SPEED,IMPROPER OVERTAKING/PASSING,0,0,0,0,3,1,5,2200,ASHLAND AVE,41.886719,-87.593915,05/05/2024 05:47:00 AM,2024
CR00034539,10/26/2017 07:15:00 PM,35,SNOW,DAYLIGHT,ANGLE,NOT DIVIDED,TRAFFIC SIGNAL,IMPROPER OVERTAKING/PASSING,IMPROPER OVERTAKING/PASSING,0,0,0,0,19,5,10,508,LAKE SHORE DR,41.778226,-87.647485,10/26/2017 07:46:00 PM,2017
CR00034540,09/13/2017 08:38:00 AM,35,CLEAR,DARKNESS - LIGHTED ROAD,TURNING,DIVIDED - W/MEDIAN (NOT RAISED),STOP SIGN/FLASHER,DRIVING SKILLS/KNOWLEDGE/EXPERIENCE,FAILING TO REDUCE SPEED,0,0,0,0,8,4,9,2112,CLARK ST,41.824201,-87.545162,09/13/2017 08:44:00 AM,2017
CR00034541,03/21/2015 07:46:00 PM,25,CLEAR,DAYLIGHT,REAR END,NOT DIVIDED,NO CONTROLS,UNABLE TO DETERMINE,UNABLE TO DETERMINE,0,0,0,0,19,7,3,1820,63RD ST,41.84,-87.771038,03/21/2015 08:08:00 PM,2015
CR00034542,07/19/2023 12:07:00 PM,30,CLEAR,DAYLIGHT,SIDESWIPE SAME DIRECTION,DIVIDED - W/MEDIAN BARRIER,TRAFFIC SIGNAL,UNABLE TO DETERMINE,UNABLE TO DETERMINE,0,0,0,0,12,4,7,1054,ASHLAND AVE,41.737564,-87.53411,07/19/2023 01:29:00 PM,2023
CR00034543,10/11/2021 07:46:00 AM,35,CLEAR,DAYLIGHT,PEDESTRIAN,ONE-WAY,TRAFFIC SIGNAL,FOLLOWING TOO CLOSELY,FAILING TO YIELD RIGHT-OF-WAY,0,0,0,0,7,2,10,298,WESTERN AVE,41.830335,-87.844114,10/11/2021 08:10:00 AM,2021
CR00034544,03/21/2016 02:26:00 AM,20,CLEAR,DAYLIGHT,REAR END,NOT DIVIDED,NO CONTROLS,IMPROPER OVERTAKING/PASSING,UNABLE TO DETERMINE,0,0,0,0,2,2,3,830,CALIFORNIA AVE,41.870016,-87.836013,03/21/2016 03:18:00 AM,2016
CR00034545,01/28/2019 05:31:00 AM,30,CLEAR,DAYLIGHT,REAR END,NOT DIVIDED,STOP SIGN/FLASHER,DISTRACTION - FROM INSIDE VEHICLE,UNABLE TO DETERMINE,0,0,0,0,5,2,1,1423,MILWAUKEE AVE,41.908191,-87.842579,01/28/2019 06:57:00 AM,2019
CR00034546,02/01/2021 05:50:00 PM,45,RAIN,DARKNESS,PEDESTRIAN,NOT DIVIDED,NO CONTROLS,DRIVING SKILLS/KNOWLEDGE/EXPERIENCE,UNABLE TO DETERMINE,0,0,3,3,17,2,2,352,HALSTED ST,41.980351,-87.553693,02/01/2021 07:22:00 PM,2021
CR00034547,03/27/2015 03:10:00 PM,30,CLEAR,DAYLIGHT,SIDESWIPE SAME DIRECTION,NOT DIVIDED,TRAFFIC SIGNAL,DISTRACTION - FROM INSIDE VEHICLE,DRIVING SKILLS/KNOWLEDGE/EXPERIENCE,0,0,0,0,15,6,3,315,ELSTON AVE,41.864756,-87.65397,03/27/2015 04:47:00 PM,2015
CR00034548,02/28/2015 12:19:00 PM,20,CLEAR,DAYLIGHT,TURNING,DIVIDED - W/MEDIAN (NOT RAISED),NO CONTROLS,FAILING TO REDUCE SPEED,IMPROPER LANE USAGE,0,0,0,0,12,7,2,860,ASHLAND AVE,41.738479,-87.785325,02/28/2015 01:14:00 PM,2015
CR00034549,12/12/2016 04:55:00 PM,40,CLEAR,DAWN,FIXED OBJECT,FOUR WAY,STOP SIGN/FLASHER,UNABLE TO DETERMINE,UNABLE TO DETERMINE,0,0,0,0,16,2,12,681,ASHLAND AVE,41.863635,-87.825685,12/12/2016 06:42:00 PM,2016
CR00034550,07/02/2019 05:29:00 PM,30,CLEAR,DAYLIGHT,PARKED MOTOR VEHICLE,DIVIDED - W/MEDIAN (NOT RAISED),NO CONTROLS,DRIVING SKILLS/KNOWLEDGE/EXPERIENCE,UNABLE TO DETERMINE,0,0,0,0,17,3,7,870,STATE ST,41.919256,-87.617846,07/02/2019 06:41:00 PM,2019
CR00034551,03/15/2024 10:42:00 AM,25,RAIN,DAYLIGHT,PARKED MOTOR VEHICLE,DIVIDED - W/MEDIAN (NOT RAISED),TRAFFIC SIGNAL,IMPROPER LANE USAGE,FOLLOWING TOO CLOSELY,0,0,0,0,10,6,3,1521,WESTERN AVE,41.759374,-87.670565,03/15/2024 11:00:00 AM,2024
CR00034552,12/11/2022 01:08:00 PM,30,CLEAR,DAYLIGHT,ANGLE,NOT DIVIDED,NO CONTROLS,DRIVING SKILLS/KNOWLEDGE/EXPERIENCE,NOT APPLICABLE,0,0,0,0,13,1,12,1092,WESTERN AVE,41.932945,-87.562341,12/11/2022 03:02:00 PM,2022
CR00034553,08/20/2024 04:48:00 PM,35,CLEAR,DAYLIGHT,ANGLE,NOT DIVIDED,STOP SIGN/FLASHER,UNABLE TO DETERMINE,FAILING TO YIELD RIGHT-OF-WAY,0,0,0,0,16,3,8,1147,HALSTED ST,41.717019,-87.698437,08/20/2024 05:53:00 PM,2024
CR00034554,11/08/2021 07:51:00 AM,45,RAIN,DARKNESS - LIGHTED ROAD,TURNING,DIVIDED - W/MEDIAN BARRIER,UNKNOWN,FAILING TO YIELD RIGHT-OF-WAY,UNABLE TO DETERMINE,0,0,2,2,7,2,11,650,BROADWAY,41.940127,-87.75454,11/08/2021 08:17:00 AM,2021
CR00034555,05/12/2019 06:32:00 PM,30,CLEAR,DAYLIGHT,PARKED MOTOR VEHICLE,ONE-WAY,TRAFFIC SIGNAL,FAILING TO REDUCE SPEED,UNABLE TO DETERMINE,0,0,0,0,18,1,5,688,KEDZIE AVE,41.980148,-87.56219,05/12/2019 07:37:00 PM,2019
CR00034556,08/22/2019 04:25:00 PM,40,CLEAR,DAYLIGHT,PARKED MOTOR VEHICLE,DIVIDED - W/MEDIAN (NOT RAISED),TRAFFIC SIGNAL,UNABLE TO DETERMINE,FAILING TO YIELD RIGHT-OF-WAY,0,0,0,0,16,5,8,180,BROADWAY,41.918428,-87.567101,08/22/2019 04:50:00 PM,2019
CR00034557,04/20/2024 04:47:00 AM,35,CLOUDY/OVERCAST,DAYLIGHT,ANGLE,DIVIDED - W/MEDIAN BARRIER,TRAFFIC SIGNAL,UNABLE TO DETERMINE,IMPROPER LANE USAGE,0,0,0,0,4,7,4,1804,ARCHER AVE,41.844144,-87.617652,04/20/2024 04:57:00 AM,2024
CR00034558,11/09/2017 06:59:00 PM,35,CLEAR,DAWN,REAR END,DIVIDED - W/MEDIAN (NOT RAISED),NO CONTROLS,FOLLOWING TOO CLOSELY,UNABLE TO DETERMINE,0,0,0,0,18,5,11,217,CICERO AVE,41.829277,-87.697444,11/09/2017 07:51:00 PM,2017
CR00034559,12/13/2017 10:26:00 AM,30,CLEAR,DAYLIGHT,REAR END,NOT DIVIDED,NO CONTROLS,IMPROPER OVERTAKING/PASSING,UNABLE TO DETERMINE,0,0,0,0,10,4,12,1667,79TH ST,41.810017,-87.517355,12/13/2017 11:47:00 AM,2017
CR00034560,12/03/2018 12:48:00 PM,40,FOG/SMOKE/HAZE,DARKNESS,TURNING,DIVIDED - W/MEDIAN (NOT RAISED),NO CONTROLS,UNABLE TO DETERMINE,DISTRACTION - FROM INSIDE VEHICLE,0,0,1,1,12,2,12,1924,DIVISION ST,41.738929,-87.676228,12/03/2018 01:41:00 PM,2018