CRASH_RECORD_ID,CRASH_DATE,POSTED_SPEED_LIMIT,WEATHER_CONDITION,LIGHTING_CONDITION,FIRST_CRASH_TYPE,TRAFFICWAY_TYPE,TRAFFIC_CONTROL_DEVICE,PRIM_CONTRIBUTORY_CAUSE,SEC_CONTRIBUTORY_CAUSE,INJURIES_FATAL,INJURIES_INCAPACITATING,INJURIES_NON_INCAPACITATING,INJURIES_TOTAL,CRASH_HOUR,CRASH_DAY_OF_WEEK,CRASH_MONTH,BEAT_OF_OCCURRENCE,STREET_NAME,LATITUDE,LONGITUDE,DATE_POLICE_NOTIFIED,year
CR00034561,05/25/2019 07:49:00 AM,25,RAIN,DARKNESS - LIGHTED ROAD,TURNING,ONE-WAY,STOP SIGN/FLASHER,FOLLOWING TOO CLOSELY,UNABLE TO DETERMINE,0,0,0,0,7,7,5,1304,KEDZIE AVE,41.895547,-87.588794,05/25/2019 08:41:00 AM,2019
CR00034562,01/24/2015 05:20:00 AM,35,FREEZING RAIN/DRIZZLE,DARKNESS - LIGHTED ROAD,REAR END,ONE-WAY,YIELD,DRIVING SKILLS/KNOWLEDGE/EXPERIENCE,FAILING TO YIELD RIGHT-OF-WAY,0,0,0,0,5,7,1,431,CALIFORNIA AVE,41.773945,-87.756473,01/24/2015 05:25:00 AM,2015
CR00034563,09/25/2021 10:34:00 AM,30,CLEAR,DAYLIGHT,SIDESWIPE SAME DIRECTION,ONE-WAY,NO CONTROLS,IMPROPER LANE USAGE,NOT APPLICABLE,0,0,0,0,10,7,9,2136,MILWAUKEE AVE,41.92555,-87.746948,09/25/2021 11:24:00 AM,2021
CR00034564,11/20/2017 10:42:00 AM,25,CLOUDY/OVERCAST,DAYLIGHT,REAR END,ONE-WAY,STOP SIGN/FLASHER,FOLLOWING TOO CLOSELY,NOT APPLICABLE,0,0,0,0,10,2,11,1224,OGDEN AVE,41.881438,-87.676342,11/20/2017 12:19:00 PM,2017
CR00034565,09/29/2023 04:35:00 PM,45,CLEAR,DAYLIGHT,ANGLE,T-INTERSECTION,YIELD,WEATHER,WEATHER,0,0,2,2,16,6,9,2531,IRVING PARK RD,41.859214,-87.686543,09/29/2023 06:31:00 PM,2023
CR00034566,06/11/2020 08:05:00 PM,40,CLOUDY/OVERCAST,DAYLIGHT,TURNING,DIVIDED - W/MEDIAN (NOT RAISED),NO CONTROLS,UNABLE TO DETERMINE,UNABLE TO DETERMINE,0,0,0,0,20,5,6,2259,DAMEN AVE,41.848262,-87.689673,06/11/2020 08:39:00 PM,2020
CR00034567,05/30/2015 11:14:00 PM,35,SNOW,DAYLIGHT,ANGLE,NOT DIVIDED,NO CONTROLS,DRIVING SKILLS/KNOWLEDGE/EXPERIENCE,DRIVING SKILLS/KNOWLEDGE/EXPERIENCE,0,0,3,3,23,7,5,854,WESTERN AVE,41.72054,-87.552517,05/31/2015 12:40:00 AM,2015
CR00034568,03/27/2021 09:19:00 AM,45,CLEAR,DUSK,SIDESWIPE SAME DIRECTION,DIVIDED - W/MEDIAN (NOT RAISED),NO CONTROLS,UNABLE TO DETERMINE,UNABLE TO DETERMINE,0,0,0,0,9,7,3,545,KEDZIE AVE,41.885762,-87.715694,03/27/2021 10:05:00 AM,2021
CR00034569,06/13/2018 06:18:00 AM,35,CLEAR,DAYLIGHT,REAR TO FRONT,DIVIDED - W/MEDIAN (NOT RAISED),STOP SIGN/FLASHER,FOLLOWING TOO CLOSELY,NOT APPLICABLE,0,0,0,0,6,4,6,1223,MICHIGAN AVE,41.979578,-87.751527,06/13/2018 06:33:00 AM,2018
CR00034570,11/02/2023 10:05:00 AM,35,CLEAR,DAYLIGHT,TURNING,ONE-WAY,TRAFFIC SIGNAL,UNABLE TO DETERMINE,FOLLOWING TOO CLOSELY,0,0,0,0,10,5,11,1636,OGDEN AVE,41.712892,-87.794314,11/02/2023 11:29:00 AM,2023
CR00034571,10/16/2016 05:54:00 AM,35,CLEAR,DAYLIGHT,TURNING,NOT DIVIDED,NO CONTROLS,FAILING TO YIELD RIGHT-OF-WAY,FAILING TO REDUCE SPEED,0,0,0,0,5,1,10,2146,FULLERTON AVE,41.736669,-87.551981,10/16/2016 06:18:00 AM,2016
CR00034572,06/09/2021 01:45:00 AM,30,CLEAR,DAYLIGHT,PARKED MOTOR VEHICLE,DIVIDED - W/MEDIAN BARRIER,STOP SIGN/FLASHER,UNABLE TO DETERMINE,UNABLE TO DETERMINE,0,0,0,0,1,4,6,843,ELSTON AVE,41.838146,-87.761799,06/09/2021 02:57:00 AM,2021
CR00034573,02/11/2020 09:43:00 AM,45,CLEAR,DAYLIGHT,REAR END,FOUR WAY,NO CONTROLS,DISTRACTION - FROM INSIDE VEHICLE,IMPROPER OVERTAKING/PASSING,0,0,0,0,9,3,2,1124,DAMEN AVE,41.980083,-87.575538,02/11/2020 10:31:00 AM,2020
CR00034574,07/20/2019 06:12:00 AM,15,SNOW,DARKNESS - LIGHTED ROAD,SIDESWIPE SAME DIRECTION,FOUR WAY,NO CONTROLS,UNABLE TO DETERMINE,UNABLE TO DETERMINE,0,0,0,0,6,7,7,1205,ROOSEVELT RD,41.737935,-87.549052,07/20/2019 06:21:00 AM,2019
CR00034575,08/01/2023 11:33:00 AM,35,CLEAR,DARKNESS - LIGHTED ROAD,REAR END,DIVIDED - W/MEDIAN (NOT RAISED),NO CONTROLS,UNABLE TO DETERMINE,FOLLOWING TOO CLOSELY,0,0,0,0,11,3,8,217,FULLERTON AVE,41.776432,-87.597497,08/01/2023 01:33:00 PM,2023
CR00034576,11/21/2018 04:20:00 AM,40,CLEAR,DAYLIGHT,SIDESWIPE SAME DIRECTION,ONE-WAY,STOP SIGN/FLASHER,FAILING TO REDUCE SPEED,FOLLOWING TOO CLOSELY,0,0,0,0,4,4,11,161,79TH ST,41.92158,-87.760108,11/21/2018 06:12:00 AM,2018
CR00034577,06/12/2017 05:03:00 AM,30,SNOW,DARKNESS,REAR END,DIVIDED - W/MEDIAN (NOT RAISED),PEDESTRIAN CROSSING SIGN,FAILING TO YIELD RIGHT-OF-WAY,DRIVING SKILLS/KNOWLEDGE/EXPERIENCE,0,0,1,1,5,2,6,1566,KEDZIE AVE,41.968697,-87.768297,06/12/2017 06:31:00 AM,2017
CR00034578,08/30/2020 08:44:00 AM,45,CLEAR,DAYLIGHT,REAR END,NOT DIVIDED,YIELD,FAILING TO REDUCE SPEED,IMPROPER OVERTAKING/PASSING,0,0,0,0,8,1,8,1291,FULLERTON AVE,41.960034,-87.632301,08/30/2020 10:44:00 AM,2020
CR00034579,12/19/2016 05:48:00 PM,15,CLEAR,DAYLIGHT,REAR END,FOUR WAY,STOP SIGN/FLASHER,UNABLE TO DETERMINE,IMPROPER OVERTAKING/PASSING,0,0,0,0,17,2,12,1715,OGDEN AVE,41.833495,-87.647657,12/19/2016 06:30:00 PM,2016
CR00034580,09/25/2023 06:43:00 PM,30,SNOW,DARKNESS,REAR END,ONE-WAY,TRAFFIC SIGNAL,IMPROPER OVERTAKING/PASSING,FAILING TO YIELD RIGHT-OF-WAY,0,0,0,0,18,2,9,691,HALSTED ST,41.924933,-87.719537,09/25/2023 07:14:00 PM,2023
CR00034581,07/23/2018 10:03:00 AM,40,CLEAR,DARKNESS - LIGHTED ROAD,SIDESWIPE SAME DIRECTION,NOT DIVIDED,STOP SIGN/FLASHER,DRIVING SKILLS/KNOWLEDGE/EXPERIENCE,UNABLE TO DETERMINE,0,0,0,0,10,2,7,1764,MILWAUKEE AVE,41.888817,-87.680095,07/23/2018 10:05:00 AM,2018
CR00034582,02/27/2019 07:39:00 AM,30,CLEAR,DARKNESS - LIGHTED ROAD,REAR END,ONE-WAY,STOP SIGN/FLASHER,DISTRACTION - FROM INSIDE VEHICLE,NOT APPLICABLE,0,0,0,0,7,4,2,2329,47TH ST,41.761155,-87.713978,02/27/2019 09:33:00 AM,2019
CR00034583,05/15/2022 03:51:00 PM,35,CLOUDY/OVERCAST,DAYLIGHT,PARKED MOTOR VEHICLE,T-INTERSECTION,TRAFFIC SIGNAL,UNABLE TO DETERMINE,NOT APPLICABLE,0,0,0,0,15,1,5,1155,47TH ST,41.789846,-87.762912,05/15/2022 05:01:00 PM,2022
CR00034584,06/10/2017 08:52:00 PM,30,CLEAR,DARKNESS - LIGHTED ROAD,PARKED MOTOR VEHICLE,T-INTERSECTION,STOP SIGN/FLASHER,FOLLOWING TOO CLOSELY,FAILING TO YIELD RIGHT-OF-WAY,0,0,0,0,20,7,6,1976,63RD ST,41.771904,-87.720957,06/10/2017 10:28:00 PM,2017
CR00034585,08/15/2017 08:48:00 PM,20,CLEAR,DAYLIGHT,REAR END,NOT DIVIDED,NO CONTROLS,FOLLOWING TOO CLOSELY,UNABLE TO DETERMINE,0,0,0,0,20,3,8,994,HALSTED ST,41.702188,-87.815544,08/15/2017 10:44:00 PM,2017
CR00034586,07/24/2016 06:09:00 AM,30,SNOW,DAYLIGHT,REAR TO FRONT,NOT DIVIDED,NO CONTROLS,UNABLE TO DETERMINE,FOLLOWING TOO CLOSELY,0,0,0,0,6,1,7,100,IRVING PARK RD,41.961321,-87.755447,07/24/2016 06:41:00 AM,2016
CR00034587,10/05/2021 07:41:00 PM,20,CLEAR,DARKNESS - LIGHTED ROAD,ANGLE,NOT DIVIDED,UNKNOWN,IMPROPER LANE USAGE,DISTRACTION - FROM INSIDE VEHICLE,0,0,0,0,19,3,10,2302,MILWAUKEE AVE,41.757229,-87.646092,10/05/2021 09:04:00 PM,2021
CR00034588,03/18/2019 06:38:00 AM,30,FOG/SMOKE/HAZE,DAYLIGHT,SIDESWIPE SAME DIRECTION,NOT DIVIDED,TRAFFIC SIGNAL,UNABLE TO DETERMINE,NOT APPLICABLE,0,0,0,0,6,2,3,1841,MILWAUKEE AVE,41.846893,-87.723745,03/18/2019 07:42:00 AM,2019
CR00034589,08/16/2020 12:50:00 PM,35,CLEAR,DUSK,REAR END,NOT DIVIDED,STOP SIGN/FLASHER,FOLLOWING TOO CLOSELY,FAILING TO YIELD RIGHT-OF-WAY,0,0,0,0,12,1,8,559,79TH ST,41.777776,-87.761522,08/16/2020 01:58:00 PM,2020
CR00034590,08/11/2021 02:06:00 AM,15,CLOUDY/OVERCAST,DARKNESS - LIGHTED ROAD,PEDESTRIAN,DIVIDED - W/MEDIAN (NOT RAISED),TRAFFIC SIGNAL,FOLLOWING TOO CLOSELY,DRIVING SKILLS/KNOWLEDGE/EXPERIENCE,0,2,1,3,2,4,8,744,47TH ST,41.881342,-87.709536,08/11/2021 02:34:00 AM,2021
CR00034591,07/07/2015 03:57:00 PM,30,RAIN,DAYLIGHT,SIDESWIPE SAME DIRECTION,NOT DIVIDED,TRAFFIC SIGNAL,FOLLOWING TOO CLOSELY,NOT APPLICABLE,0,0,0,0,15,3,7,184,WESTERN AVE,41.98826,-87.746045,07/07/2015 05:20:00 PM,2015
CR00034592,01/08/2019 04:45:00 PM,45,CLOUDY/OVERCAST,DAYLIGHT,TURNING,NOT DIVIDED,STOP SIGN/FLASHER,IMPROPER OVERTAKING/PASSING,FOLLOWING TOO CLOSELY,0,0,0,0,16,3,1,2242,ROOSEVELT RD,41.920314,-87.628844,01/08/2019 05:07:00 PM,2019
CR00034593,05/07/2019 03:18:00 AM,20,CLEAR,DAYLIGHT,PARKED MOTOR VEHICLE,NOT DIVIDED,TRAFFIC SIGNAL,UNABLE TO DETERMINE,FOLLOWING TOO CLOSELY,0,0,0,0,3,3,5,383,DAMEN AVE,41.915661,-87.76725,05/07/2019 04:44:00 AM,2019
CR00034594,05/16/2021 03:05:00 PM,30,CLEAR,DUSK,TURNING,ONE-WAY,STOP SIGN/FLASHER,UNABLE TO DETERMINE,UNABLE TO DETERMINE,0,0,0,0,15,1,5,1585,STONY ISLAND AVE,41.98177,-87.70858,05/16/2021 04:37:00 PM,2021
CR00034595,01/08/2019 02:17:00 PM,40,CLEAR,DAYLIGHT,REAR END,NOT DIVIDED,NO CONTROLS,DISTRACTION - FROM INSIDE VEHICLE,IMPROPER LANE USAGE,0,0,0,0,14,3,1,1939,STONY ISLAND AVE,41.831199,-87.572146,01/08/2019 03:39:00 PM,2019
CR00034596,06/08/2024 03:46:00 PM,30,CLEAR,DARKNESS - LIGHTED ROAD,REAR END,NOT DIVIDED,TRAFFIC SIGNAL,UNABLE TO DETERMINE,FAILING TO YIELD RIGHT-OF-WAY,0,0,0,0,15,7,6,2095,STATE ST,41.880492,-87.79711,06/08/2024 04:34:00 PM,2024
CR00034597,09/08/2016 07:42:00 AM,30,CLEAR,DAYLIGHT,PARKED MOTOR VEHICLE,T-INTERSECTION,YIELD,UNABLE TO DETERMINE,FOLLOWING TOO CLOSELY,0,0,2,2,7,5,9,147,47TH ST,41.815705,-87.538297,09/08/2016 08:59:00 AM,2016
CR00034598,01/30/2022 09:57:00 AM,45,CLEAR,DAYLIGHT,REAR TO FRONT,NOT DIVIDED,TRAFFIC SIGNAL,FAILING TO YIELD RIGHT-OF-WAY,FAILING TO REDUCE SPEED,0,0,0,0,9,1,1,1409,MILWAUKEE AVE,41.708164,-87.517054,01/30/2022 11:37:00 AM,2022
CR00034599,01/17/2023 04:13:00 PM,40,CLEAR,DUSK,REAR TO FRONT,DIVIDED - W/MEDIAN (NOT RAISED),NO CONTROLS,DISTRACTION - FROM INSIDE VEHICLE,IMPROPER LANE USAGE,0,0,0,0,16,3,1,2456,BROADWAY,41.97781,-87.758077,01/17/2023 05:57:00 PM,2023
CR00034600,10/06/2017 09:56:00 AM,35,CLEAR,DARKNESS,ANGLE,DIVIDED - W/MEDIAN BARRIER,TRAFFIC SIGNAL,FAILING TO YIELD RIGHT-OF-WAY,NOT APPLICABLE,0,0,0,0,9,6,10,1734,HALSTED ST,41.812761,-87.714923,10/06/2017 10:09:00 AM,2017
CR00034601,06/12/2024 10:15:00 AM,45,RAIN,DAYLIGHT,TURNING,NOT DIVIDED,NO CONTROLS,UNABLE TO DETERMINE,WEATHER,0,0,0,0,10,4,6,1581,63RD ST,41.927373,-87.651311,06/12/2024 12:15:00 PM,2024
CR00034602,01/25/2022 05:28:00 PM,15,CLEAR,DAYLIGHT,PARKED MOTOR VEHICLE,ONE-WAY,NO CONTROLS,FOLLOWING TOO CLOSELY,FOLLOWING TOO CLOSELY,0,0,0,0,17,3,1,1269,STATE ST,41.759116,-87.779581,01/25/2022 06:07:00 PM,2022
CR00034603,07/21/2024 06:54:00 PM,35,CLEAR,DAYLIGHT,REAR END,NOT DIVIDED,NO CONTROLS,UNABLE TO DETERMINE,IMPROPER LANE USAGE,0,0,0,0,18,1,7,1693,BROADWAY,41.929842,-87.749556,07/21/2024 07:42:00 PM,2024
CR00034604,12/12/2021 09:44:00 AM,15,CLEAR,DARKNESS,SIDESWIPE SAME DIRECTION,T-INTERSECTION,TRAFFIC SIGNAL,IMPROPER LANE USAGE,FOLLOWING TOO CLOSELY,0,0,0,0,9,1,12,505,ELSTON AVE,41.979626,-87.653747,12/12/2021 11:14:00 AM,2021
CR00034605,11/27/2017 10:21:00 AM,30,CLOUDY/OVERCAST,DAYLIGHT,REAR END,DIVIDED - W/MEDIAN (NOT RAISED),TRAFFIC SIGNAL,UNABLE TO DETERMINE,IMPROPER LANE USAGE,0,0,0,0,10,2,11,1781,STONY ISLAND AVE,41.810893,-87.558412,11/27/2017 11:41:00 AM,2017
CR00034606,03/12/2020 04:25:00 PM,20,CLEAR,DUSK,ANGLE,FOUR WAY,NO CONTROLS,IMPROPER LANE USAGE,FOLLOWING TOO CLOSELY,0,0,0,0,16,5,3,198,63RD ST,41.98277,-87.502718,03/12/2020 05:53:00 PM,2020
CR00034607,08/06/2018 07:28:00 AM,35,RAIN,DARKNESS,REAR END,FOUR WAY,STOP SIGN/FLASHER,FOLLOWING TOO CLOSELY,DISTRACTION - FROM INSIDE VEHICLE,0,0,0,0,7,2,8,1662,ROOSEVELT RD,41.922681,-87.827015,08/06/2018 08:53:00 AM,2018
CR00034608,06/01/2017 06:53:00 PM,30,CLOUDY/OVERCAST,DARKNESS - LIGHTED ROAD,SIDESWIPE SAME DIRECTION,FOUR WAY,UNKNOWN,UNABLE TO DETERMINE,NOT APPLICABLE,0,0,0,0,18,5,6,453,OGDEN AVE,41.833512,-87.637266,06/01/2017 07:23:00 PM,2017
CR00034609,01/31/2019 05:38:00 PM,25,CLEAR,DAYLIGHT,REAR END,DIVIDED - W/MEDIAN BARRIER,TRAFFIC SIGNAL,IMPROPER OVERTAKING/PASSING,NOT APPLICABLE,0,0,0,0,17,5,1,1326,ROOSEVELT RD,41.791266,-87.540453,01/31/2019 06:30:00 PM,2019
CR00034610,04/17/2015 07:58:00 AM,30,RAIN,DAYLIGHT,SIDESWIPE SAME DIRECTION,ONE-WAY,NO CONTROLS,IMPROPER OVERTAKING/PASSING,UNABLE TO DETERMINE,0,0,1,1,7,6,4,1474,47TH ST,41.823277,-87.525287,04/17/2015 09:19:00 AM,2015
CR00034611,07/28/2021 06:16:00 PM,15,CLEAR,DAYLIGHT,PARKED MOTOR VEHICLE,NOT DIVIDED,TRAFFIC SIGNAL,UNABLE TO DETERMINE,UNABLE TO DETERMINE,0,0,0,0,18,4,7,2175,63RD ST,41.82302,-87.847432,07/28/2021 07:38:00 PM,2021
CR00034612,10/21/2017 05:50:00 PM,45,CLEAR,DAYLIGHT,REAR END,FOUR WAY,TRAFFIC SIGNAL,FAILING TO YIELD RIGHT-OF-WAY,FOLLOWING TOO CLOSELY,0,0,0,0,17,7,10,877,IRVING PARK RD,41.738601,-87.758702,10/21/2017 06:13:00 PM,2017
CR00034613,12/08/2022 08:10:00 AM,30,CLEAR,DAYLIGHT,ANGLE,NOT DIVIDED,NO CONTROLS,UNABLE TO DETERMINE,FAILING TO REDUCE SPEED,0,0,0,0,8,5,12,2083,CLARK ST,41.823664,-87.78914,12/08/2022 08:56:00 AM,2022
CR00034614,10/17/2019 08:32:00 PM,35,CLEAR,DAYLIGHT,TURNING,DIVIDED - W/MEDIAN (NOT RAISED),NO CONTROLS,UNABLE TO DETERMINE,FAILING TO YIELD RIGHT-OF-WAY,0,0,0,0,20,5,10,732,LAKE SHORE DR,41.855519,-87.665546,10/17/2019 09:06:00 PM,2019
CR00034615,08/13/2016 07:38:00 PM,15,CLEAR,DAWN,REAR END,DIVIDED - W/MEDIAN (NOT RAISED),STOP SIGN/FLASHER,DISTRACTION - FROM INSIDE VEHICLE,IMPROPER LANE USAGE,0,0,0,0,19,7,8,157,WESTERN AVE,41.884134,-87.609739,08/13/2016 09:10:00 PM,2016
CR00034616,01/24/2020 06:00:00 PM,35,FOG/SMOKE/HAZE,DARKNESS - LIGHTED ROAD,REAR END,NOT DIVIDED,TRAFFIC SIGNAL,IMPROPER LANE USAGE,UNABLE TO DETERMINE,0,0,0,0,18,6,1,1532,CALIFORNIA AVE,41.792758,-87.626683,01/24/2020 06:53:00 PM,2020
CR00034617,04/03/2024 11:20:00 PM,30,CLEAR,DARKNESS - LIGHTED ROAD,REAR END,FOUR WAY,TRAFFIC SIGNAL,FOLLOWING TOO CLOSELY,UNABLE TO DETERMINE,0,0,0,0,23,4,4,1039,ROOSEVELT RD,41.825282,-87.838637,04/04/2024 12:28:00 AM,2024
CR00034618,04/22/2016 02:04:00 PM,30,CLEAR,DAYLIGHT,REAR END,DIVIDED - W/MEDIAN BARRIER,NO CONTROLS,IMPROPER OVERTAKING/PASSING,FAILING TO REDUCE SPEED,0,0,0,0,14,6,4,2236,CALIFORNIA AVE,41.945041,-87.557649,04/22/2016 02:18:00 PM,2016
CR00034619,01/20/2016 07:13:00 PM,30,CLOUDY/OVERCAST,DARKNESS - LIGHTED ROAD,ANGLE,ONE-WAY,TRAFFIC SIGNAL,FAILING TO YIELD RIGHT-OF-WAY,DISTRACTION - FROM INSIDE VEHICLE,0,0,0,0,19,4,1,666,IRVING PARK RD,41.949582,-87.725254,01/20/2016 08:02:00 PM,2016
CR00034620,12/27/2019 03:24:00 AM,30,CLEAR,DAWN,ANGLE,NOT DIVIDED,TRAFFIC SIGNAL,DRIVING SKILLS/KNOWLEDGE/EXPERIENCE,UNABLE TO DETERMINE,0,0,0,0,3,6,12,987,79TH ST,41.803165,-87.538214,12/27/2019 04:23:00 AM,2019
CR00034621,11/13/2015 05:36:00 PM,25,SNOW,DAYLIGHT,PARKED MOTOR VEHICLE,DIVIDED - W/MEDIAN (NOT RAISED),STOP SIGN/FLASHER,UNABLE TO DETERMINE,UNABLE TO DETERMINE,0,0,1,1,17,6,11,191,BROADWAY,41.763326,-87.779688,11/13/2015 07:33:00 PM,2015
CR00034622,03/16/2015 07:48:00 PM,15,CLEAR,DAYLIGHT,TURNING,NOT DIVIDED,NO CONTROLS,IMPROPER LANE USAGE,WEATHER,0,0,0,0,19,2,3,771,79TH ST,41.705372,-87.799347,03/16/2015 09:40:00 PM,2015
CR00034623,09/13/2018 03:15:00 PM,30,CLEAR,DAYLIGHT,PARKED MOTOR VEHICLE,T-INTERSECTION,UNKNOWN,DRIVING SKILLS/KNOWLEDGE/EXPERIENCE,IMPROPER LANE USAGE,0,0,0,0,15,5,9,1655,STATE ST,41.895827,-87.534481,09/13/2018 04:47:00 PM,2018
CR00034624,08/12/2021 04:12:00 PM,30,CLEAR,DAYLIGHT,REAR END,NOT DIVIDED,STOP SIGN/FLASHER,UNABLE TO DETERMINE,FOLLOWING TOO CLOSELY,0,0,0,0,16,5,8,1206,DAMEN AVE,41.821287,-87.616771,08/12/2021 06:11:00 PM,2021
CR00034625,05/24/2018 12:50:00 AM,20,CLEAR,DARKNESS - LIGHTED ROAD,REAR END,T-INTERSECTION,STOP SIGN/FLASHER,FAILING TO YIELD RIGHT-OF-WAY,DISTRACTION - FROM INSIDE VEHICLE,0,0,0,0,0,5,5,1709,PULASKI RD,41.882031,-87.51596,05/24/2018 01:56:00 AM,2018
CR00034626,03/17/2021 03:11:00 PM,20,FREEZING RAIN/DRIZZLE,DUSK,ANGLE,ONE-WAY,NO CONTROLS,FAILING TO YIELD RIGHT-OF-WAY,FAILING TO YIELD RIGHT-OF-WAY,0,2,2,4,15,4,3,1988,STATE ST,41.831116,-87.705947,03/17/2021 03:48:00 PM,2021
CR00034627,09/25/2022 09:12:00 AM,40,CLEAR,DAYLIGHT,REAR END,NOT DIVIDED,TRAFFIC SIGNAL,UNABLE TO DETERMINE,NOT APPLICABLE,0,0,0,0,9,1,9,546,STONY ISLAND AVE,41.828608,-87.682869,09/25/2022 09:32:00 AM,2022
CR00034628,07/20/2019 08:06:00 PM,30,CLEAR,DUSK,REAR TO FRONT,FOUR WAY,NO CONTROLS,FOLLOWING TOO CLOSELY,UNABLE TO DETERMINE,0,0,0,0,20,7,7,1240,ELSTON AVE,41.70856,-87.597077,07/20/2019 09:09:00 PM,2019
CR00034629,12/21/2019 03:54:00 PM,40,CLEAR,DAYLIGHT,REAR TO FRONT,DIVIDED - W/MEDIAN (NOT RAISED),TRAFFIC SIGNAL,FOLLOWING TOO CLOSELY,DISTRACTION - FROM INSIDE VEHICLE,0,0,2,2,15,7,12,1471,OGDEN AVE,41.719543,-87.694697,12/21/2019 05:52:00 PM,2019
CR00034630,02/24/2024 08:33:00 PM,30,RAIN,DAYLIGHT,SIDESWIPE SAME DIRECTION,T-INTERSECTION,NO CONTROLS,DISREGARDING TRAFFIC SIGNALS,FAILING TO YIELD RIGHT-OF-WAY,0,0,0,0,20,7,2,2344,OGDEN AVE,41.73454,-87.729156,02/24/2024 09:19:00 PM,2024
CR00034631,07/19/2019 03:05:00 AM,35,CLEAR,DAYLIGHT,REAR END,NOT DIVIDED,NO CONTROLS,UNABLE TO DETERMINE,UNABLE TO DETERMINE,0,0,0,0,3,6,7,693,CICERO AVE,41.837821,-87.575998,07/19/2019 03:12:00 AM,2019
CR00034632,03/12/2021 06:44:00 AM,35,CLEAR,DAYLIGHT,FIXED OBJECT,DIVIDED - W/MEDIAN BARRIER,NO CONTROLS,FAILING TO YIELD RIGHT-OF-WAY,NOT APPLICABLE,0,0,0,0,6,6,3,1875,CLARK ST,41.98471,-87.782102,03/12/2021 07:39:00 AM,2021
CR00034633,05/03/2017 05:46:00 PM,35,CLEAR,DAYLIGHT,REAR END,ONE-WAY,NO CONTROLS,FAILING TO YIELD RIGHT-OF-WAY,DISREGARDING TRAFFIC SIGNALS,0,0,0,0,17,4,5,730,MICHIGAN AVE,41.920497,-87.783401,05/03/2017 07:21:00 PM,2017
CR00034634,01/20/2018 04:48:00 PM,40,CLEAR,DAYLIGHT,REAR END,DIVIDED - W/MEDIAN BARRIER,TRAFFIC SIGNAL,FAILING TO REDUCE SPEED,DISTRACTION - FROM INSIDE VEHICLE,0,0,0,0,16,7,1,1139,CLARK ST,41.746059,-87.61091,01/20/2018 05:10:00 PM,2018
CR00034635,02/07/2016 10:02:00 PM,25,CLEAR,DARKNESS - LIGHTED ROAD,REAR END,ONE-WAY,NO CONTROLS,IMPROPER LANE USAGE,UNABLE TO DETERMINE,0,0,0,0,22,1,2,348,BROADWAY,41.831769,-87.6529,02/07/2016 10:55:00 PM,2016
CR00034636,08/18/2017 07:08:00 AM,30,CLEAR,DAYLIGHT,REAR END,ONE-WAY,TRAFFIC SIGNAL,FOLLOWING TOO CLOSELY,FOLLOWING TOO CLOSELY,0,0,0,0,7,6,8,1189,63RD ST,41.834567,-87.740456,08/18/2017 08:36:00 AM,2017
CR00034637,11/13/2015 09:01:00 PM,30,CLEAR,DAYLIGHT,ANGLE,NOT DIVIDED,TRAFFIC SIGNAL,DISTRACTION - FROM INSIDE VEHICLE,UNABLE TO DETERMINE,0,1,1,2,21,6,11,1253,DAMEN AVE,41.78623,-87.595036,11/13/2015 10:15:00 PM,2015
CR00034638,04/11/2021 08:57:00 PM,45,CLEAR,DAYLIGHT,PARKED MOTOR VEHICLE,NOT DIVIDED,YIELD,IMPROPER OVERTAKING/PASSING,FOLLOWING TOO CLOSELY,0,0,0,0,20,1,4,205,CALIFORNIA AVE,41.881846,-87.778599,04/11/2021 10:31:00 PM,2021
CR00034639,03/17/2023 04:28:00 AM,35,CLEAR,DAYLIGHT,ANGLE,DIVIDED - W/MEDIAN (NOT RAISED),UNKNOWN,FOLLOWING TOO CLOSELY,UNABLE TO DETERMINE,0,0,0,0,4,6,3,1660,KEDZIE AVE,41.955624,-87.624786,03/17/2023 05:00:00 AM,2023
CR00034640,05/07/2015 06:20:00 AM,45,CLEAR,DAYLIGHT,REAR END,DIVIDED - W/MEDIAN BARRIER,TRAFFIC SIGNAL,FAILING TO REDUCE SPEED,FAILING TO YIELD RIGHT-OF-WAY,0,0,1,1,6,5,5,539,KEDZIE AVE,41.976089,-87.762452,05/07/2015 07:18:00 AM,2015
CR00034641,02/11/2019 08:51:00 PM,35,CLEAR,DAYLIGHT,TURNING,NOT DIVIDED,STOP SIGN/FLASHER,DRIVING SKILLS/KNOWLEDGE/EXPERIENCE,FAILING TO REDUCE SPEED,0,0,0,0,20,2,2,774,47TH ST,41.802001,-87.521656,02/11/2019 10:15:00 PM,2019
CR00034642,09/19/2018 03:46:00 PM,30,CLEAR,DARKNESS - LIGHTED ROAD,REAR TO FRONT,NOT DIVIDED,STOP SIGN/FLASHER,FAILING TO REDUCE SPEED,DRIVING SKILLS/KNOWLEDGE/EXPERIENCE,0,0,0,0,15,4,9,795,47TH ST,41.825855,-87.748134,09/19/2018 05:24:00 PM,2018
CR00034643,11/14/2020 01:05:00 AM,35,CLEAR,DARKNESS,TURNING,NOT DIVIDED,TRAFFIC SIGNAL,UNABLE TO DETERMINE,DRIVING SKILLS/KNOWLEDGE/EXPERIENCE,0,0,0,0,1,7,11,1599,47TH ST,41.981819,-87.826532,11/14/2020 01:51:00 AM,2020