CRASH_RECORD_ID,CRASH_DATE,POSTED_SPEED_LIMIT,WEATHER_CONDITION,LIGHTING_CONDITION,FIRST_CRASH_TYPE,TRAFFICWAY_TYPE,TRAFFIC_CONTROL_DEVICE,PRIM_CONTRIBUTORY_CAUSE,SEC_CONTRIBUTORY_CAUSE,INJURIES_FATAL,INJURIES_INCAPACITATING,INJURIES_NON_INCAPACITATING,INJURIES_TOTAL,CRASH_HOUR,CRASH_DAY_OF_WEEK,CRASH_MONTH,BEAT_OF_OCCURRENCE,STREET_NAME,LATITUDE,LONGITUDE,DATE_POLICE_NOTIFIED,year
CR00034644,04/30/2021 04:03:00 PM,15,CLEAR,DAYLIGHT,REAR END,ONE-WAY,NO CONTROLS,FAILING TO YIELD RIGHT-OF-WAY,NOT APPLICABLE,0,0,0,0,16,6,4,1073,ASHLAND AVE,41.987918,-87.84603,04/30/2021 05:57:00 PM,2021
CR00034645,02/04/2021 09:16:00 AM,15,CLEAR,DUSK,TURNING,ONE-WAY,TRAFFIC SIGNAL,FOLLOWING TOO CLOSELY,IMPROPER OVERTAKING/PASSING,0,0,0,0,9,5,2,2438,ELSTON AVE,41.746944,-87.645217,02/04/2021 10:19:00 AM,2021
CR00034646,12/16/2019 12:54:00 PM,35,CLEAR,DAYLIGHT,TURNING,DIVIDED - W/MEDIAN (NOT RAISED),NO CONTROLS,UNABLE TO DETERMINE,DISTRACTION - FROM INSIDE VEHICLE,0,0,0,0,12,2,12,1002,DIVISION ST,41.836183,-87.534708,12/16/2019 01:27:00 PM,2019
CR00034647,05/03/2022 10:13:00 AM,45,RAIN,DAYLIGHT,REAR END,NOT DIVIDED,PEDESTRIAN CROSSING SIGN,IMPROPER OVERTAKING/PASSING,FOLLOWING TOO CLOSELY,0,0,0,0,10,3,5,969,CICERO AVE,41.98325,-87.666258,05/03/2022 12:01:00 PM,2022
CR00034648,09/24/2017 11:57:00 PM,30,CLEAR,DAYLIGHT,TURNING,DIVIDED - W/MEDIAN BARRIER,TRAFFIC SIGNAL,UNABLE TO DETERMINE,DISREGARDING TRAFFIC SIGNALS,0,0,0,0,23,1,9,1118,79TH ST,41.854499,-87.710607,09/25/2017 12:41:00 AM,2017
CR00034649,11/04/2016 11:31:00 AM,25,CLEAR,DAYLIGHT,TURNING,T-INTERSECTION,NO CONTROLS,DISREGARDING TRAFFIC SIGNALS,NOT APPLICABLE,0,0,0,0,11,6,11,149,FULLERTON AVE,41.788554,-87.791198,11/04/2016 12:33:00 PM,2016
CR00034650,03/08/2018 04:26:00 AM,25,CLEAR,DAYLIGHT,REAR END,DIVIDED - W/MEDIAN BARRIER,TRAFFIC SIGNAL,FOLLOWING TOO CLOSELY,DISREGARDING TRAFFIC SIGNALS,0,0,0,0,4,5,3,1809,PULASKI RD,41.983802,-87.718071,03/08/2018 05:52:00 AM,2018
CR00034651,05/02/2019 07:20:00 PM,30,RAIN,DAYLIGHT,REAR END,NOT DIVIDED,PEDESTRIAN CROSSING SIGN,UNABLE TO DETERMINE,WEATHER,0,0,1,1,19,5,5,377,WESTERN AVE,41.835929,-87.540003,05/02/2019 08:13:00 PM,2019
CR00034652,05/11/2021 01:20:00 PM,40,CLEAR,DAYLIGHT,ANGLE,DIVIDED - W/MEDIAN (NOT RAISED),STOP SIGN/FLASHER,IMPROPER LANE USAGE,FAILING TO YIELD RIGHT-OF-WAY,0,0,0,0,13,3,5,113,STONY ISLAND AVE,41.810071,-87.666937,05/11/2021 02:59:00 PM,2021
CR00034653,10/31/2018 09:21:00 AM,35,CLEAR,DARKNESS - LIGHTED ROAD,REAR END,DIVIDED - W/MEDIAN BARRIER,STOP SIGN/FLASHER,UNABLE TO DETERMINE,NOT APPLICABLE,0,0,0,0,9,4,10,356,KEDZIE AVE,41.759004,-87.614032,10/31/2018 09:37:00 AM,2018
CR00034654,03/22/2022 06:00:00 AM,30,CLEAR,DARKNESS - LIGHTED ROAD,TURNING,FOUR WAY,NO CONTROLS,DISTRACTION - FROM INSIDE VEHICLE,DRIVING SKILLS/KNOWLEDGE/EXPERIENCE,0,0,0,0,6,3,3,1621,CALIFORNIA AVE,41.876517,-87.650681,03/22/2022 07:08:00 AM,2022
CR00034655,01/12/2019 07:51:00 AM,40,CLEAR,DAYLIGHT,TURNING,ONE-WAY,UNKNOWN,UNABLE TO DETERMINE,IMPROPER LANE USAGE,0,0,0,0,7,7,1,1330,63RD ST,41.780708,-87.780409,01/12/2019 09:14:00 AM,2019
CR00034656,03/01/2015 07:41:00 PM,35,FREEZING RAIN/DRIZZLE,DAYLIGHT,SIDESWIPE SAME DIRECTION,T-INTERSECTION,NO CONTROLS,DRIVING SKILLS/KNOWLEDGE/EXPERIENCE,FAILING TO YIELD RIGHT-OF-WAY,0,0,0,0,19,1,3,198,WESTERN AVE,41.714751,-87.766064,03/01/2015 08:21:00 PM,2015
CR00034657,11/15/2017 07:12:00 AM,20,CLEAR,DARKNESS - LIGHTED ROAD,SIDESWIPE SAME DIRECTION,ONE-WAY,NO CONTROLS,DISTRACTION - FROM INSIDE VEHICLE,NOT APPLICABLE,0,0,0,0,7,4,11,2206,BROADWAY,41.88671,-87.649525,11/15/2017 09:04:00 AM,2017
CR00034658,12/30/2016 07:20:00 AM,40,CLEAR,DAYLIGHT,PARKED MOTOR VEHICLE,DIVIDED - W/MEDIAN BARRIER,YIELD,IMPROPER OVERTAKING/PASSING,UNABLE TO DETERMINE,0,0,0,0,7,6,12,474,63RD ST,41.982459,-87.556991,12/30/2016 07:31:00 AM,2016
CR00034659,04/29/2016 07:56:00 AM,30,CLEAR,DAYLIGHT,FIXED OBJECT,ONE-WAY,TRAFFIC SIGNAL,UNABLE TO DETERMINE,DISREGARDING TRAFFIC SIGNALS,0,2,1,3,7,6,4,1858,OGDEN AVE,41.821382,-87.537169,04/29/2016 08:09:00 AM,2016
CR00034660,08/26/2024 01:46:00 AM,40,CLEAR,DAYLIGHT,SIDESWIPE SAME DIRECTION,DIVIDED - W/MEDIAN (NOT RAISED),NO CONTROLS,DRIVING SKILLS/KNOWLEDGE/EXPERIENCE,DRIVING SKILLS/KNOWLEDGE/EXPERIENCE,0,0,0,0,1,2,8,2075,HALSTED ST,41.902127,-87.6617,08/26/2024 02:51:00 AM,2024
CR00034661,02/02/2024 10:17:00 AM,20,RAIN,DUSK,SIDESWIPE SAME DIRECTION,FOUR WAY,TRAFFIC SIGNAL,FOLLOWING TOO CLOSELY,UNABLE TO DETERMINE,0,1,2,3,10,6,2,2451,FULLERTON AVE,41.739082,-87.517981,02/02/2024 11:22:00 AM,2024
CR00034662,08/08/2024 05:39:00 PM,30,CLEAR,DAYLIGHT,FIXED OBJECT,ONE-WAY,NO CONTROLS,UNABLE TO DETERMINE,FOLLOWING TOO CLOSELY,0,0,0,0,17,5,8,2115,HALSTED ST,41.889824,-87.753684,08/08/2024 06:17:00 PM,2024
CR00034663,08/23/2024 11:19:00 AM,35,CLEAR,DARKNESS - LIGHTED ROAD,ANGLE,NOT DIVIDED,PEDESTRIAN CROSSING SIGN,FAILING TO YIELD RIGHT-OF-WAY,NOT APPLICABLE,0,0,3,3,11,6,8,1412,DIVISION ST,41.760228,-87.55733,08/23/2024 11:33:00 AM,2024
CR00034664,11/13/2020 06:53:00 PM,45,CLEAR,DAWN,TURNING,ONE-WAY,NO CONTROLS,DISTRACTION - FROM INSIDE VEHICLE,UNABLE TO DETERMINE,0,0,1,1,18,6,11,1209,WESTERN AVE,41.855212,-87.772398,11/13/2020 06:55:00 PM,2020
CR00034665,11/07/2015 06:01:00 PM,45,FOG/SMOKE/HAZE,DARKNESS - LIGHTED ROAD,TURNING,NOT DIVIDED,NO CONTROLS,FOLLOWING TOO CLOSELY,FAILING TO YIELD RIGHT-OF-WAY,0,0,0,0,18,7,11,316,OGDEN AVE,41.925881,-87.506269,11/07/2015 06:37:00 PM,2015
CR00034666,03/04/2018 03:36:00 PM,30,RAIN,DAYLIGHT,TURNING,T-INTERSECTION,TRAFFIC SIGNAL,FAILING TO YIELD RIGHT-OF-WAY,UNABLE TO DETERMINE,0,1,3,4,15,1,3,1060,MILWAUKEE AVE,41.991175,-87.800763,03/04/2018 05:21:00 PM,2018
CR00034667,06/10/2018 11:48:00 AM,25,CLEAR,DARKNESS - LIGHTED ROAD,ANGLE,FOUR WAY,TRAFFIC SIGNAL,FAILING TO YIELD RIGHT-OF-WAY,IMPROPER LANE USAGE,0,0,0,0,11,1,6,1805,KEDZIE AVE,41.913027,-87.80019,06/10/2018 12:53:00 PM,2018
CR00034668,04/26/2023 05:09:00 PM,30,CLEAR,DARKNESS,REAR END,ONE-WAY,NO CONTROLS,DISTRACTION - FROM INSIDE VEHICLE,NOT APPLICABLE,0,0,0,0,17,4,4,1157,CALIFORNIA AVE,41.723029,-87.621997,04/26/2023 05:23:00 PM,2023
CR00034669,03/21/2023 02:06:00 AM,20,RAIN,DAYLIGHT,REAR TO FRONT,NOT DIVIDED,TRAFFIC SIGNAL,UNABLE TO DETERMINE,NOT APPLICABLE,0,0,0,0,2,3,3,905,ELSTON AVE,41.730835,-87.541967,03/21/2023 02:38:00 AM,2023
CR00034670,06/28/2024 01:34:00 PM,30,FOG/SMOKE/HAZE,DARKNESS - LIGHTED ROAD,REAR END,NOT DIVIDED,TRAFFIC SIGNAL,DRIVING SKILLS/KNOWLEDGE/EXPERIENCE,UNABLE TO DETERMINE,0,0,0,0,13,6,6,2494,HALSTED ST,41.794725,-87.58418,06/28/2024 02:15:00 PM,2024
CR00034671,01/06/2018 01:41:00 AM,30,RAIN,DAYLIGHT,PARKED MOTOR VEHICLE,NOT DIVIDED,TRAFFIC SIGNAL,IMPROPER LANE USAGE,NOT APPLICABLE,0,0,3,3,1,7,1,1621,BROADWAY,41.757614,-87.817869,01/06/2018 03:36:00 AM,2018
CR00034672,10/18/2017 03:35:00 PM,30,RAIN,DARKNESS - LIGHTED ROAD,SIDESWIPE SAME DIRECTION,DIVIDED - W/MEDIAN (NOT RAISED),TRAFFIC SIGNAL,FOLLOWING TOO CLOSELY,UNABLE TO DETERMINE,0,0,0,0,15,4,10,2480,OGDEN AVE,41.871761,-87.733007,10/18/2017 04:09:00 PM,2017
CR00034673,08/30/2015 03:11:00 PM,20,CLEAR,DARKNESS - LIGHTED ROAD,REAR TO FRONT,NOT DIVIDED,NO CONTROLS,FOLLOWING TOO CLOSELY,DISREGARDING TRAFFIC SIGNALS,0,0,0,0,15,1,8,2463,HALSTED ST,41.985159,-87.733736,08/30/2015 03:45:00 PM,2015
CR00034674,04/14/2022 02:44:00 AM,25,FREEZING RAIN/DRIZZLE,DAYLIGHT,PEDESTRIAN,ONE-WAY,UNKNOWN,IMPROPER OVERTAKING/PASSING,IMPROPER OVERTAKING/PASSING,0,0,1,1,2,5,4,2245,FULLERTON AVE,41.8724,-87.698824,04/14/2022 03:12:00 AM,2022
CR00034675,02/01/2018 11:12:00 AM,30,CLEAR,DARKNESS - LIGHTED ROAD,REAR END,NOT DIVIDED,NO CONTROLS,FOLLOWING TOO CLOSELY,FAILING TO YIELD RIGHT-OF-WAY,0,0,3,3,11,5,2,224,MILWAUKEE AVE,41.836608,-87.814303,02/01/2018 12:54:00 PM,2018
CR00034676,04/03/2016 04:11:00 PM,20,CLEAR,DARKNESS - LIGHTED ROAD,SIDESWIPE SAME DIRECTION,NOT DIVIDED,TRAFFIC SIGNAL,IMPROPER OVERTAKING/PASSING,UNABLE TO DETERMINE,0,0,0,0,16,1,4,2139,ASHLAND AVE,41.784563,-87.516109,04/03/2016 04:51:00 PM,2016
CR00034677,06/16/2017 07:07:00 PM,30,RAIN,DARKNESS,TURNING,T-INTERSECTION,STOP SIGN/FLASHER,FAILING TO YIELD RIGHT-OF-WAY,NOT APPLICABLE,0,0,0,0,19,6,6,1853,DAMEN AVE,41.833616,-87.69532,06/16/2017 08:55:00 PM,2017
CR00034678,07/21/2020 06:11:00 AM,40,SNOW,DAYLIGHT,REAR TO FRONT,NOT DIVIDED,TRAFFIC SIGNAL,UNABLE TO DETERMINE,FOLLOWING TOO CLOSELY,0,2,1,3,6,3,7,1836,63RD ST,41.848666,-87.689338,07/21/2020 07:48:00 AM,2020
CR00034679,04/27/2023 02:12:00 PM,20,CLEAR,DARKNESS,TURNING,NOT DIVIDED,TRAFFIC SIGNAL,UNABLE TO DETERMINE,NOT APPLICABLE,0,0,0,0,14,5,4,2180,CICERO AVE,41.894144,-87.644379,04/27/2023 03:23:00 PM,2023
CR00034680,10/02/2020 04:26:00 PM,35,CLEAR,DAYLIGHT,TURNING,DIVIDED - W/MEDIAN (NOT RAISED),NO CONTROLS,IMPROPER OVERTAKING/PASSING,NOT APPLICABLE,0,0,0,0,16,6,10,1520,CALIFORNIA AVE,41.885407,-87.774155,10/02/2020 04:39:00 PM,2020
CR00034681,02/01/2018 01:26:00 PM,20,CLEAR,DAYLIGHT,ANGLE,ONE-WAY,TRAFFIC SIGNAL,UNABLE TO DETERMINE,DRIVING SKILLS/KNOWLEDGE/EXPERIENCE,0,0,0,0,13,5,2,1247,OGDEN AVE,41.988851,-87.542107,02/01/2018 01:33:00 PM,2018
CR00034682,11/11/2021 08:35:00 AM,45,CLEAR,DAYLIGHT,REAR END,FOUR WAY,STOP SIGN/FLASHER,FAILING TO REDUCE SPEED,IMPROPER LANE USAGE,0,0,2,2,8,5,11,370,MICHIGAN AVE,41.945286,-87.734416,11/11/2021 10:19:00 AM,2021
CR00034683,04/17/2015 03:34:00 PM,25,RAIN,DARKNESS - LIGHTED ROAD,FIXED OBJECT,NOT DIVIDED,STOP SIGN/FLASHER,DISTRACTION - FROM INSIDE VEHICLE,NOT APPLICABLE,0,0,0,0,15,6,4,483,IRVING PARK RD,41.815479,-87.629529,04/17/2015 04:08:00 PM,2015
CR00034684,05/31/2023 07:01:00 AM,30,CLEAR,DARKNESS - LIGHTED ROAD,TURNING,DIVIDED - W/MEDIAN (NOT RAISED),NO CONTROLS,UNABLE TO DETERMINE,FAILING TO YIELD RIGHT-OF-WAY,0,0,0,0,7,4,5,559,ASHLAND AVE,41.882043,-87.558534,05/31/2023 08:43:00 AM,2023
CR00034685,08/17/2023 03:47:00 PM,25,CLEAR,DARKNESS - LIGHTED ROAD,REAR END,DIVIDED - W/MEDIAN BARRIER,NO CONTROLS,IMPROPER OVERTAKING/PASSING,DRIVING SKILLS/KNOWLEDGE/EXPERIENCE,0,0,0,0,15,5,8,278,LAKE SHORE DR,41.914879,-87.679341,08/17/2023 03:55:00 PM,2023
CR00034686,06/12/2017 12:28:00 PM,45,CLEAR,DAYLIGHT,TURNING,FOUR WAY,NO CONTROLS,UNABLE TO DETERMINE,FOLLOWING TOO CLOSELY,0,1,2,3,12,2,6,1332,WESTERN AVE,41.795888,-87.815424,06/12/2017 12:41:00 PM,2017
CR00034687,12/05/2020 08:25:00 AM,45,CLEAR,DUSK,TURNING,FOUR WAY,TRAFFIC SIGNAL,DISTRACTION - FROM INSIDE VEHICLE,FOLLOWING TOO CLOSELY,0,0,3,3,8,7,12,881,HALSTED ST,41.709092,-87.781971,12/05/2020 09:53:00 AM,2020
CR00034688,05/29/2024 11:42:00 AM,30,CLOUDY/OVERCAST,DAYLIGHT,SIDESWIPE SAME DIRECTION,DIVIDED - W/MEDIAN (NOT RAISED),NO CONTROLS,DISREGARDING TRAFFIC SIGNALS,IMPROPER LANE USAGE,0,0,0,0,11,4,5,848,BROADWAY,41.999754,-87.546591,05/29/2024 11:49:00 AM,2024
CR00034689,05/24/2021 10:07:00 AM,35,RAIN,DARKNESS - LIGHTED ROAD,FIXED OBJECT,DIVIDED - W/MEDIAN (NOT RAISED),NO CONTROLS,FOLLOWING TOO CLOSELY,UNABLE TO DETERMINE,0,0,0,0,10,2,5,720,MICHIGAN AVE,41.828619,-87.766116,05/24/2021 11:51:00 AM,2021
CR00034690,10/04/2018 05:45:00 AM,45,FREEZING RAIN/DRIZZLE,DARKNESS,TURNING,NOT DIVIDED,NO CONTROLS,FAILING TO REDUCE SPEED,UNABLE TO DETERMINE,0,0,0,0,5,5,10,2291,FULLERTON AVE,41.988685,-87.561337,10/04/2018 06:56:00 AM,2018
CR00034691,03/25/2023 08:07:00 PM,35,SNOW,DAYLIGHT,REAR END,NOT DIVIDED,NO CONTROLS,UNABLE TO DETERMINE,FOLLOWING TOO CLOSELY,0,0,0,0,20,7,3,1055,CALIFORNIA AVE,41.712205,-87.660053,03/25/2023 08:20:00 PM,2023
CR00034692,03/17/2016 07:21:00 PM,35,CLEAR,DAYLIGHT,REAR END,NOT DIVIDED,NO CONTROLS,DRIVING SKILLS/KNOWLEDGE/EXPERIENCE,FOLLOWING TOO CLOSELY,0,2,1,3,19,5,3,827,MILWAUKEE AVE,41.709624,-87.668104,03/17/2016 08:18:00 PM,2016
CR00034693,04/25/2019 05:20:00 PM,45,CLEAR,DARKNESS - LIGHTED ROAD,PEDESTRIAN,NOT DIVIDED,YIELD,DISTRACTION - FROM INSIDE VEHICLE,NOT APPLICABLE,0,0,3,3,17,5,4,1185,FULLERTON AVE,41.947383,-87.797757,04/25/2019 05:52:00 PM,2019
CR00034694,10/22/2020 02:45:00 PM,15,CLEAR,DARKNESS - LIGHTED ROAD,REAR END,ONE-WAY,TRAFFIC SIGNAL,DISTRACTION - FROM INSIDE VEHICLE,IMPROPER OVERTAKING/PASSING,0,0,0,0,14,5,10,1628,FULLERTON AVE,41.799847,-87.766049,10/22/2020 04:22:00 PM,2020
CR00034695,06/13/2015 06:11:00 PM,45,CLEAR,DAYLIGHT,PARKED MOTOR VEHICLE,FOUR WAY,NO CONTROLS,UNABLE TO DETERMINE,UNABLE TO DETERMINE,0,0,0,0,18,7,6,179,CLARK ST,41.821279,-87.796034,06/13/2015 08:08:00 PM,2015
CR00034696,04/25/2020 08:31:00 AM,45,CLEAR,DAYLIGHT,REAR END,NOT DIVIDED,NO CONTROLS,DISTRACTION - FROM INSIDE VEHICLE,NOT APPLICABLE,0,0,0,0,8,7,4,1300,FULLERTON AVE,41.844758,-87.520449,04/25/2020 10:05:00 AM,2020
CR00034697,01/18/2023 08:42:00 AM,40,SNOW,DARKNESS,REAR END,DIVIDED - W/MEDIAN (NOT RAISED),NO CONTROLS,IMPROPER LANE USAGE,DRIVING SKILLS/KNOWLEDGE/EXPERIENCE,0,0,0,0,8,4,1,1348,STONY ISLAND AVE,41.96244,-87.663564,01/18/2023 09:14:00 AM,2023
CR00034698,05/23/2021 01:08:00 PM,30,CLEAR,DAYLIGHT,PARKED MOTOR VEHICLE,DIVIDED - W/MEDIAN BARRIER,TRAFFIC SIGNAL,IMPROPER LANE USAGE,UNABLE TO DETERMINE,0,0,0,0,13,1,5,2354,ARCHER AVE,41.81969,-87.744146,05/23/2021 03:03:00 PM,2021
CR00034699,09/30/2022 05:48:00 AM,30,CLEAR,DARKNESS,REAR END,NOT DIVIDED,TRAFFIC SIGNAL,DISTRACTION - FROM INSIDE VEHICLE,DISTRACTION - FROM INSIDE VEHICLE,0,0,1,1,5,6,9,114,CICERO AVE,41.929045,-87.711512,09/30/2022 06:55:00 AM,2022
CR00034700,12/31/2017 08:09:00 PM,30,CLEAR,DARKNESS - LIGHTED ROAD,SIDESWIPE SAME DIRECTION,NOT DIVIDED,TRAFFIC SIGNAL,FOLLOWING TOO CLOSELY,DRIVING SKILLS/KNOWLEDGE/EXPERIENCE,0,0,0,0,20,1,12,1518,79TH ST,41.944199,-87.818261,12/31/2017 09:48:00 PM,2017
CR00034701,12/08/2020 05:33:00 PM,30,CLEAR,DARKNESS,PEDESTRIAN,DIVIDED - W/MEDIAN (NOT RAISED),UNKNOWN,FOLLOWING TOO CLOSELY,DRIVING SKILLS/KNOWLEDGE/EXPERIENCE,0,0,0,0,17,3,12,2423,CLARK ST,41.88146,-87.841119,12/08/2020 05:35:00 PM,2020
CR00034702,08/04/2016 04:25:00 AM,35,CLEAR,DAYLIGHT,PEDESTRIAN,NOT DIVIDED,TRAFFIC SIGNAL,UNABLE TO DETERMINE,DISREGARDING TRAFFIC SIGNALS,0,2,2,4,4,5,8,869,STONY ISLAND AVE,41.730719,-87.579853,08/04/2016 04:41:00 AM,2016
CR00034703,10/27/2015 03:43:00 PM,40,CLEAR,DAYLIGHT,TURNING,ONE-WAY,TRAFFIC SIGNAL,IMPROPER LANE USAGE,DISTRACTION - FROM INSIDE VEHICLE,0,0,0,0,15,3,10,627,BROADWAY,41.940636,-87.56884,10/27/2015 04:27:00 PM,2015
CR00034704,09/03/2021 06:20:00 AM,30,SNOW,DARKNESS - LIGHTED ROAD,PARKED MOTOR VEHICLE,NOT DIVIDED,NO CONTROLS,FAILING TO YIELD RIGHT-OF-WAY,UNABLE TO DETERMINE,0,0,0,0,6,6,9,1738,ROOSEVELT RD,41.821818,-87.743829,09/03/2021 06:26:00 AM,2021
CR00034705,06/02/2021 04:57:00 PM,35,SNOW,DAWN,REAR TO FRONT,DIVIDED - W/MEDIAN (NOT RAISED),TRAFFIC SIGNAL,DRIVING SKILLS/KNOWLEDGE/EXPERIENCE,NOT APPLICABLE,0,0,0,0,16,4,6,1482,47TH ST,41.891129,-87.696346,06/02/2021 06:07:00 PM,2021
CR00034706,08/20/2020 04:04:00 PM,40,RAIN,DAYLIGHT,TURNING,NOT DIVIDED,NO CONTROLS,FOLLOWING TOO CLOSELY,DRIVING SKILLS/KNOWLEDGE/EXPERIENCE,0,0,0,0,16,5,8,1067,79TH ST,41.979402,-87.685624,08/20/2020 04:25:00 PM,2020
CR00034707,07/19/2018 06:37:00 PM,25,CLEAR,DAYLIGHT,PARKED MOTOR VEHICLE,NOT DIVIDED,TRAFFIC SIGNAL,DRIVING SKILLS/KNOWLEDGE/EXPERIENCE,NOT APPLICABLE,0,0,0,0,18,5,7,1937,47TH ST,41.90791,-87.554633,07/19/2018 07:15:00 PM,2018
CR00034708,12/08/2020 03:17:00 PM,30,CLEAR,DAYLIGHT,REAR END,NOT DIVIDED,STOP SIGN/FLASHER,DISTRACTION - FROM INSIDE VEHICLE,UNABLE TO DETERMINE,0,0,0,0,15,3,12,2173,ELSTON AVE,41.968701,-87.782327,12/08/2020 04:32:00 PM,2020
CR00034709,02/06/2018 03:43:00 PM,35,CLEAR,DARKNESS,ANGLE,NOT DIVIDED,STOP SIGN/FLASHER,UNABLE TO DETERMINE,NOT APPLICABLE,0,0,0,0,15,3,2,113,LAKE SHORE DR,41.924014,-87.758383,02/06/2018 03:54:00 PM,2018
CR00034710,08/05/2015 08:53:00 AM,25,CLEAR,DARKNESS,REAR END,DIVIDED - W/MEDIAN (NOT RAISED),NO CONTROLS,DRIVING SKILLS/KNOWLEDGE/EXPERIENCE,FOLLOWING TOO CLOSELY,0,0,3,3,8,4,8,808,BROADWAY,41.864507,-87.500726,08/05/2015 09:40:00 AM,2015
CR00034711,11/27/2019 07:16:00 AM,40,FREEZING RAIN/DRIZZLE,DAYLIGHT,PARKED MOTOR VEHICLE,ONE-WAY,NO CONTROLS,IMPROPER OVERTAKING/PASSING,IMPROPER OVERTAKING/PASSING,0,0,1,1,7,4,11,311,FULLERTON AVE,41.748591,-87.561754,11/27/2019 08:43:00 AM,2019
CR00034712,11/26/2018 11:58:00 AM,30,CLOUDY/OVERCAST,DARKNESS - LIGHTED ROAD,REAR END,NOT DIVIDED,NO CONTROLS,UNABLE TO DETERMINE,UNABLE TO DETERMINE,0,0,2,2,11,2,11,1723,ELSTON AVE,41.816361,-87.807376,11/26/2018 12:43:00 PM,2018
CR00034713,09/05/2016 06:16:00 PM,40,CLEAR,DAYLIGHT,PARKED MOTOR VEHICLE,ONE-WAY,TRAFFIC SIGNAL,DISTRACTION - FROM INSIDE VEHICLE,UNABLE TO DETERMINE,0,0,0,0,18,2,9,1252,STONY ISLAND AVE,41.799969,-87.524009,09/05/2016 07:55:00 PM,2016
CR00034714,12/11/2023 05:35:00 PM,40,CLEAR,DAYLIGHT,PARKED MOTOR VEHICLE,DIVIDED - W/MEDIAN (NOT RAISED),STOP SIGN/FLASHER,FOLLOWING TOO CLOSELY,FAILING TO YIELD RIGHT-OF-WAY,0,0,1,1,17,2,12,778,IRVING PARK RD,41.838655,-87.644545,12/11/2023 05:53:00 PM,2023
CR00034715,06/19/2018 05:22:00 PM,15,CLOUDY/OVERCAST,DAYLIGHT,REAR END,FOUR WAY,STOP SIGN/FLASHER,DISREGARDING TRAFFIC SIGNALS,NOT APPLICABLE,0,0,0,0,17,3,6,2368,MICHIGAN AVE,41.853808,-87.725281,06/19/2018 05:29:00 PM,2018
CR00034716,03/31/2020 07:06:00 AM,40,CLOUDY/OVERCAST,DAYLIGHT,REAR TO FRONT,NOT DIVIDED,NO CONTROLS,DRIVING SKILLS/KNOWLEDGE/EXPERIENCE,WEATHER,0,0,0,0,7,3,3,2351,79TH ST,41.806665,-87.613358,03/31/2020 07:07:00 AM,2020
CR00034717,07/19/2017 02:53:00 PM,20,CLEAR,DAYLIGHT,REAR END,NOT DIVIDED,NO CONTROLS,FOLLOWING TOO CLOSELY,FAILING TO YIELD RIGHT-OF-WAY,0,0,0,0,14,4,7,1114,DIVISION ST,41.742586,-87.553844,07/19/2017 02:58:00 PM,2017
CR00034718,06/14/2017 08:30:00 AM,25,CLEAR,DAYLIGHT,TURNING,NOT DIVIDED,PEDESTRIAN CROSSING SIGN,FAILING TO REDUCE SPEED,NOT APPLICABLE,0,0,1,1,8,4,6,1955,ASHLAND AVE,41.924012,-87.610548,06/14/2017 09:04:00 AM,2017
CR00034719,11/08/2022 12:47:00 AM,35,CLEAR,DAYLIGHT,PARKED MOTOR VEHICLE,DIVIDED - W/MEDIAN (NOT RAISED),NO CONTROLS,UNABLE TO DETERMINE,NOT APPLICABLE,0,0,0,0,0,3,11,2527,LAKE SHORE DR,41.778082,-87.541023,11/08/2022 01:31:00 AM,2022
CR00034720,03/30/2015 12:55:00 AM,40,CLEAR,DAYLIGHT,TURNING,NOT DIVIDED,STOP SIGN/FLASHER,UNABLE TO DETERMINE,NOT APPLICABLE,0,0,0,0,0,2,3,1953,PULASKI RD,41.711732,-87.61115,03/30/2015 02:05:00 AM,2015
CR00034721,07/03/2015 05:16:00 PM,20,SNOW,DAYLIGHT,PARKED MOTOR VEHICLE,DIVIDED - W/MEDIAN (NOT RAISED),NO CONTROLS,FOLLOWING TOO CLOSELY,NOT APPLICABLE,0,0,0,0,17,6,7,632,DIVISION ST,41.897409,-87.733349,07/03/2015 06:43:00 PM,2015
CR00034722,10/07/2023 11:22:00 PM,35,RAIN,DAWN,SIDESWIPE SAME DIRECTION,DIVIDED - W/MEDIAN (NOT RAISED),UNKNOWN,FAILING TO YIELD RIGHT-OF-WAY,UNABLE TO DETERMINE,0,0,1,1,23,7,10,680,FULLERTON AVE,41.912366,-87.738887,10/07/2023 11:29:00 PM,2023
CR00034723,03/01/2023 09:23:00 AM,30,CLOUDY/OVERCAST,DAYLIGHT,REAR END,DIVIDED - W/MEDIAN (NOT RAISED),NO CONTROLS,FOLLOWING TOO CLOSELY,FAILING TO REDUCE SPEED,0,0,0,0,9,4,3,1952,PULASKI RD,41.826752,-87.697407,03/01/2023 09:45:00 AM,2023
CR00034724,12/16/2015 02:55:00 PM,30,CLEAR,DAYLIGHT,TURNING,FOUR WAY,TRAFFIC SIGNAL,IMPROPER LANE USAGE,UNABLE TO DETERMINE,0,0,0,0,14,4,12,1242,MICHIGAN AVE,41.764363,-87.532216,12/16/2015 04:05:00 PM,2015
CR00034725,07/23/2017 07:35:00 AM,35,CLEAR,DAYLIGHT,REAR END,NOT DIVIDED,TRAFFIC SIGNAL,UNABLE TO DETERMINE,DISTRACTION - FROM INSIDE VEHICLE,0,0,0,0,7,1,7,520,LAKE SHORE DR,41.810088,-87.742771,07/23/2017 07:40:00 AM,2017