CRASH_RECORD_ID,CRASH_DATE,POSTED_SPEED_LIMIT,WEATHER_CONDITION,LIGHTING_CONDITION,FIRST_CRASH_TYPE,TRAFFICWAY_TYPE,TRAFFIC_CONTROL_DEVICE,PRIM_CONTRIBUTORY_CAUSE,SEC_CONTRIBUTORY_CAUSE,INJURIES_FATAL,INJURIES_INCAPACITATING,INJURIES_NON_INCAPACITATING,INJURIES_TOTAL,CRASH_HOUR,CRASH_DAY_OF_WEEK,CRASH_MONTH,BEAT_OF_OCCURRENCE,STREET_NAME,LATITUDE,LONGITUDE,DATE_POLICE_NOTIFIED,year
CR00034726,02/02/2019 02:12:00 PM,40,CLOUDY/OVERCAST,DARKNESS,ANGLE,DIVIDED - W/MEDIAN BARRIER,STOP SIGN/FLASHER,FAILING TO REDUCE SPEED,FAILING TO YIELD RIGHT-OF-WAY,0,0,0,0,14,7,2,963,ROOSEVELT RD,41.844449,-87.733912,02/02/2019 03:24:00 PM,2019
CR00034727,03/24/2016 04:41:00 PM,35,CLEAR,DAYLIGHT,REAR END,ONE-WAY,STOP SIGN/FLASHER,UNABLE TO DETERMINE,FAILING TO YIELD RIGHT-OF-WAY,0,0,0,0,16,5,3,2375,CLARK ST,41.709819,-87.558761,03/24/2016 05:53:00 PM,2016
CR00034728,08/09/2021 08:12:00 AM,25,CLEAR,DARKNESS - LIGHTED ROAD,REAR END,DIVIDED - W/MEDIAN (NOT RAISED),STOP SIGN/FLASHER,DISREGARDING TRAFFIC SIGNALS,FAILING TO YIELD RIGHT-OF-WAY,0,0,0,0,8,2,8,220,CALIFORNIA AVE,41.773776,-87.673227,08/09/2021 09:56:00 AM,2021
CR00034729,04/01/2021 06:31:00 AM,15,CLEAR,DARKNESS,REAR END,DIVIDED - W/MEDIAN (NOT RAISED),TRAFFIC SIGNAL,FAILING TO YIELD RIGHT-OF-WAY,DRIVING SKILLS/KNOWLEDGE/EXPERIENCE,0,0,0,0,6,5,4,2038,CLARK ST,41.843305,-87.824281,04/01/2021 07:26:00 AM,2021
CR00034730,04/29/2017 02:29:00 PM,35,CLEAR,DARKNESS - LIGHTED ROAD,PARKED MOTOR VEHICLE,NOT DIVIDED,YIELD,DRIVING SKILLS/KNOWLEDGE/EXPERIENCE,NOT APPLICABLE,0,0,0,0,14,7,4,2447,ELSTON AVE,41.872928,-87.660358,04/29/2017 03:43:00 PM,2017
CR00034731,12/22/2019 01:17:00 AM,15,CLEAR,DARKNESS - LIGHTED ROAD,ANGLE,NOT DIVIDED,TRAFFIC SIGNAL,FOLLOWING TOO CLOSELY,UNABLE TO DETERMINE,0,1,1,2,1,1,12,2232,79TH ST,41.807618,-87.545186,12/22/2019 01:19:00 AM,2019
CR00034732,02/14/2019 04:21:00 PM,40,CLEAR,DAYLIGHT,REAR END,NOT DIVIDED,NO CONTROLS,DISREGARDING TRAFFIC SIGNALS,FAILING TO YIELD RIGHT-OF-WAY,0,0,0,0,16,5,2,2375,BROADWAY,41.991889,-87.578295,02/14/2019 06:10:00 PM,2019
CR00034733,10/16/2024 12:45:00 AM,35,CLEAR,DAYLIGHT,FIXED OBJECT,NOT DIVIDED,NO CONTROLS,DISTRACTION - FROM INSIDE VEHICLE,DRIVING SKILLS/KNOWLEDGE/EXPERIENCE,0,0,0,0,0,4,10,690,ELSTON AVE,41.910846,-87.712372,10/16/2024 02:41:00 AM,2024
CR00034734,08/10/2017 08:52:00 AM,30,FOG/SMOKE/HAZE,DAYLIGHT,SIDESWIPE SAME DIRECTION,FOUR WAY,NO CONTROLS,FOLLOWING TOO CLOSELY,FAILING TO REDUCE SPEED,0,0,0,0,8,5,8,1713,DIVISION ST,41.79011,-87.768359,08/10/2017 09:15:00 AM,2017
CR00034735,11/28/2021 08:07:00 PM,30,CLEAR,DAYLIGHT,ANGLE,NOT DIVIDED,NO CONTROLS,UNABLE TO DETERMINE,NOT APPLICABLE,0,0,1,1,20,1,11,1495,CALIFORNIA AVE,41.723502,-87.785575,11/28/2021 08:09:00 PM,2021
CR00034736,11/27/2016 06:17:00 AM,25,CLEAR,DARKNESS - LIGHTED ROAD,TURNING,NOT DIVIDED,NO CONTROLS,FAILING TO YIELD RIGHT-OF-WAY,FAILING TO REDUCE SPEED,0,0,0,0,6,1,11,719,KEDZIE AVE,41.766508,-87.683643,11/27/2016 06:50:00 AM,2016
CR00034737,08/12/2018 04:48:00 PM,20,CLEAR,DAYLIGHT,ANGLE,NOT DIVIDED,TRAFFIC SIGNAL,DRIVING SKILLS/KNOWLEDGE/EXPERIENCE,FOLLOWING TOO CLOSELY,0,0,0,0,16,1,8,2432,MICHIGAN AVE,41.739818,-87.602359,08/12/2018 05:34:00 PM,2018
CR00034738,02/18/2020 01:13:00 PM,35,CLEAR,DAYLIGHT,TURNING,NOT DIVIDED,TRAFFIC SIGNAL,FOLLOWING TOO CLOSELY,DISTRACTION - FROM INSIDE VEHICLE,0,0,0,0,13,3,2,883,MICHIGAN AVE,41.975506,-87.726627,02/18/2020 01:45:00 PM,2020
CR00034739,07/27/2022 08:10:00 AM,45,CLEAR,DAYLIGHT,REAR TO FRONT,NOT DIVIDED,TRAFFIC SIGNAL,IMPROPER OVERTAKING/PASSING,WEATHER,0,0,0,0,8,4,7,1082,47TH ST,41.969486,-87.790151,07/27/2022 09:27:00 AM,2022
CR00034740,05/18/2021 09:38:00 AM,40,CLEAR,DAYLIGHT,SIDESWIPE SAME DIRECTION,NOT DIVIDED,NO CONTROLS,UNABLE TO DETERMINE,UNABLE TO DETERMINE,0,0,3,3,9,3,5,417,CALIFORNIA AVE,41.766732,-87.688339,05/18/2021 11:08:00 AM,2021
CR00034741,08/18/2019 12:10:00 AM,30,CLEAR,DAYLIGHT,ANGLE,DIVIDED - W/MEDIAN BARRIER,TRAFFIC SIGNAL,UNABLE TO DETERMINE,UNABLE TO DETERMINE,0,0,0,0,0,1,8,838,CLARK ST,41.905567,-87.659235,08/18/2019 12:24:00 AM,2019
CR00034742,12/26/2016 12:54:00 PM,30,CLEAR,DAYLIGHT,TURNING,NOT DIVIDED,NO CONTROLS,UNABLE TO DETERMINE,IMPROPER OVERTAKING/PASSING,0,0,0,0,12,2,12,637,WESTERN AVE,41.842218,-87.728624,12/26/2016 01:35:00 PM,2016
CR00034743,05/30/2016 01:45:00 AM,30,CLEAR,DAYLIGHT,ANGLE,NOT DIVIDED,TRAFFIC SIGNAL,FOLLOWING TOO CLOSELY,IMPROPER OVERTAKING/PASSING,0,0,0,0,1,2,5,525,ARCHER AVE,41.729392,-87.567898,05/30/2016 03:31:00 AM,2016
CR00034744,10/04/2022 03:53:00 PM,40,CLEAR,DAYLIGHT,PEDESTRIAN,ONE-WAY,NO CONTROLS,DISTRACTION - FROM INSIDE VEHICLE,UNABLE TO DETERMINE,0,0,0,0,15,3,10,620,IRVING PARK RD,41.81866,-87.765073,10/04/2022 05:02:00 PM,2022
CR00034745,05/13/2021 11:24:00 AM,40,CLEAR,DARKNESS - LIGHTED ROAD,ANGLE,DIVIDED - W/MEDIAN BARRIER,STOP SIGN/FLASHER,FOLLOWING TOO CLOSELY,IMPROPER OVERTAKING/PASSING,0,0,0,0,11,5,5,2017,ARCHER AVE,41.876633,-87.799221,05/13/2021 01:18:00 PM,2021
CR00034746,03/21/2024 02:35:00 PM,25,CLEAR,DAYLIGHT,TURNING,NOT DIVIDED,STOP SIGN/FLASHER,UNABLE TO DETERMINE,UNABLE TO DETERMINE,0,0,0,0,14,5,3,1436,STATE ST,41.72208,-87.834221,03/21/2024 03:08:00 PM,2024
CR00034747,09/04/2022 09:46:00 AM,30,CLEAR,DAYLIGHT,REAR END,DIVIDED - W/MEDIAN (NOT RAISED),STOP SIGN/FLASHER,FOLLOWING TOO CLOSELY,NOT APPLICABLE,0,0,1,1,9,1,9,521,MILWAUKEE AVE,41.811587,-87.540584,09/04/2022 11:12:00 AM,2022
CR00034748,02/24/2017 10:54:00 AM,35,CLEAR,DAYLIGHT,PARKED MOTOR VEHICLE,FOUR WAY,NO CONTROLS,IMPROPER OVERTAKING/PASSING,NOT APPLICABLE,0,0,1,1,10,6,2,639,ELSTON AVE,41.889952,-87.755106,02/24/2017 12:36:00 PM,2017
CR00034749,03/05/2017 09:28:00 AM,25,RAIN,DAYLIGHT,PEDESTRIAN,ONE-WAY,STOP SIGN/FLASHER,DRIVING SKILLS/KNOWLEDGE/EXPERIENCE,UNABLE TO DETERMINE,0,0,0,0,9,1,3,2161,LAKE SHORE DR,41.988095,-87.547981,03/05/2017 10:45:00 AM,2017
CR00034750,08/04/2024 09:44:00 AM,35,CLEAR,DAYLIGHT,REAR END,DIVIDED - W/MEDIAN (NOT RAISED),TRAFFIC SIGNAL,WEATHER,WEATHER,0,0,0,0,9,1,8,862,ASHLAND AVE,41.7967,-87.587032,08/04/2024 10:23:00 AM,2024
CR00034751,10/23/2015 08:27:00 PM,30,CLEAR,DAYLIGHT,TURNING,ONE-WAY,TRAFFIC SIGNAL,FAILING TO YIELD RIGHT-OF-WAY,UNABLE TO DETERMINE,0,0,0,0,20,6,10,595,FULLERTON AVE,41.732267,-87.686229,10/23/2015 10:24:00 PM,2015
CR00034752,05/14/2023 05:41:00 PM,35,RAIN,DAYLIGHT,REAR END,ONE-WAY,TRAFFIC SIGNAL,FOLLOWING TOO CLOSELY,FOLLOWING TOO CLOSELY,0,0,0,0,17,1,5,1774,IRVING PARK RD,41.770064,-87.842665,05/14/2023 07:26:00 PM,2023
CR00034753,08/17/2022 06:58:00 PM,25,CLOUDY/OVERCAST,DARKNESS - LIGHTED ROAD,REAR END,DIVIDED - W/MEDIAN (NOT RAISED),TRAFFIC SIGNAL,FAILING TO YIELD RIGHT-OF-WAY,DISREGARDING TRAFFIC SIGNALS,0,0,0,0,18,4,8,1426,BROADWAY,41.739791,-87.578341,08/17/2022 07:20:00 PM,2022
CR00034754,11/25/2017 01:25:00 AM,35,SNOW,DAYLIGHT,SIDESWIPE SAME DIRECTION,DIVIDED - W/MEDIAN (NOT RAISED),NO CONTROLS,FAILING TO YIELD RIGHT-OF-WAY,UNABLE TO DETERMINE,0,0,0,0,1,7,11,1023,ROOSEVELT RD,41.72636,-87.813964,11/25/2017 03:20:00 AM,2017
CR00034755,02/28/2023 03:31:00 PM,40,CLEAR,DAYLIGHT,TURNING,NOT DIVIDED,YIELD,DISTRACTION - FROM INSIDE VEHICLE,FAILING TO YIELD RIGHT-OF-WAY,0,0,0,0,15,3,2,454,63RD ST,41.833507,-87.563769,02/28/2023 05:31:00 PM,2023
CR00034756,08/25/2015 05:57:00 PM,45,CLEAR,DAYLIGHT,REAR END,ONE-WAY,TRAFFIC SIGNAL,FAILING TO REDUCE SPEED,FOLLOWING TOO CLOSELY,0,0,0,0,17,3,8,1257,CLARK ST,41.75772,-87.570639,08/25/2015 07:46:00 PM,2015
CR00034757,02/08/2016 05:37:00 PM,30,RAIN,DAYLIGHT,TURNING,NOT DIVIDED,NO CONTROLS,UNABLE TO DETERMINE,NOT APPLICABLE,0,0,3,3,17,2,2,2242,CICERO AVE,41.751602,-87.751857,02/08/2016 06:46:00 PM,2016
CR00034758,01/04/2021 01:49:00 PM,30,CLEAR,DAYLIGHT,REAR END,NOT DIVIDED,TRAFFIC SIGNAL,UNABLE TO DETERMINE,FAILING TO REDUCE SPEED,0,0,0,0,13,2,1,1398,CLARK ST,41.907319,-87.503954,01/04/2021 03:30:00 PM,2021
CR00034759,07/27/2018 04:36:00 PM,40,CLEAR,DAYLIGHT,TURNING,DIVIDED - W/MEDIAN BARRIER,NO CONTROLS,DISREGARDING TRAFFIC SIGNALS,DISTRACTION - FROM INSIDE VEHICLE,0,0,0,0,16,6,7,1512,IRVING PARK RD,41.720079,-87.759513,07/27/2018 06:29:00 PM,2018
CR00034760,08/19/2016 07:44:00 AM,30,CLEAR,DAYLIGHT,TURNING,DIVIDED - W/MEDIAN (NOT RAISED),TRAFFIC SIGNAL,FOLLOWING TOO CLOSELY,UNABLE TO DETERMINE,0,0,0,0,7,6,8,1043,ARCHER AVE,41.779317,-87.641481,08/19/2016 08:16:00 AM,2016
CR00034761,09/08/2021 03:23:00 AM,30,CLEAR,DAYLIGHT,FIXED OBJECT,T-INTERSECTION,STOP SIGN/FLASHER,UNABLE TO DETERMINE,NOT APPLICABLE,0,0,1,1,3,4,9,343,KEDZIE AVE,41.77017,-87.77342,09/08/2021 04:29:00 AM,2021
CR00034762,11/21/2019 04:19:00 AM,35,CLEAR,DAYLIGHT,TURNING,NOT DIVIDED,NO CONTROLS,DISTRACTION - FROM INSIDE VEHICLE,IMPROPER LANE USAGE,0,0,0,0,4,5,11,466,79TH ST,41.798235,-87.740975,11/21/2019 04:36:00 AM,2019
CR00034763,11/14/2022 11:46:00 AM,45,RAIN,DAYLIGHT,REAR END,NOT DIVIDED,NO CONTROLS,UNABLE TO DETERMINE,DRIVING SKILLS/KNOWLEDGE/EXPERIENCE,0,1,0,1,11,2,11,262,FULLERTON AVE,41.892388,-87.543794,11/14/2022 01:25:00 PM,2022
CR00034764,08/24/2023 08:29:00 AM,35,CLEAR,DARKNESS - LIGHTED ROAD,ANGLE,ONE-WAY,NO CONTROLS,UNABLE TO DETERMINE,FAILING TO YIELD RIGHT-OF-WAY,0,0,1,1,8,5,8,2481,STATE ST,41.75068,-87.517326,08/24/2023 10:06:00 AM,2023
CR00034765,12/20/2018 07:36:00 PM,40,CLEAR,DAYLIGHT,ANGLE,NOT DIVIDED,TRAFFIC SIGNAL,UNABLE TO DETERMINE,DISTRACTION - FROM INSIDE VEHICLE,0,0,0,0,19,5,12,1435,OGDEN AVE,41.758686,-87.550341,12/20/2018 08:47:00 PM,2018
CR00034766,04/06/2021 05:20:00 PM,15,CLEAR,DAWN,TURNING,T-INTERSECTION,STOP SIGN/FLASHER,FAILING TO YIELD RIGHT-OF-WAY,FOLLOWING TOO CLOSELY,0,0,2,2,17,3,4,1116,LAKE SHORE DR,41.958522,-87.802298,04/06/2021 06:29:00 PM,2021
CR00034767,11/27/2021 09:34:00 PM,30,RAIN,DARKNESS - LIGHTED ROAD,REAR END,NOT DIVIDED,UNKNOWN,DISTRACTION - FROM INSIDE VEHICLE,NOT APPLICABLE,0,0,0,0,21,7,11,797,FULLERTON AVE,41.70571,-87.503645,11/27/2021 11:07:00 PM,2021
CR00034768,10/17/2024 08:52:00 AM,35,CLEAR,DUSK,SIDESWIPE SAME DIRECTION,NOT DIVIDED,TRAFFIC SIGNAL,UNABLE TO DETERMINE,UNABLE TO DETERMINE,0,0,0,0,8,5,10,1986,ELSTON AVE,41.987478,-87.546411,10/17/2024 10:28:00 AM,2024
CR00034769,04/11/2019 05:52:00 PM,45,CLEAR,DARKNESS - LIGHTED ROAD,REAR END,NOT DIVIDED,NO CONTROLS,IMPROPER LANE USAGE,FOLLOWING TOO CLOSELY,0,0,0,0,17,5,4,1651,ELSTON AVE,41.827117,-87.646591,04/11/2019 07:14:00 PM,2019
CR00034770,08/23/2022 11:36:00 PM,25,CLEAR,DAYLIGHT,REAR END,NOT DIVIDED,YIELD,UNABLE TO DETERMINE,IMPROPER OVERTAKING/PASSING,0,0,0,0,23,3,8,2508,ROOSEVELT RD,41.805426,-87.650457,08/24/2022 01:03:00 AM,2022
CR00034771,07/04/2021 10:06:00 AM,35,CLEAR,DAYLIGHT,REAR END,NOT DIVIDED,NO CONTROLS,FAILING TO YIELD RIGHT-OF-WAY,IMPROPER OVERTAKING/PASSING,0,0,0,0,10,1,7,1690,47TH ST,41.861677,-87.722351,07/04/2021 11:02:00 AM,2021
CR00034772,01/19/2024 05:08:00 PM,15,CLEAR,DARKNESS,PARKED MOTOR VEHICLE,NOT DIVIDED,NO CONTROLS,DRIVING SKILLS/KNOWLEDGE/EXPERIENCE,UNABLE TO DETERMINE,0,0,0,0,17,6,1,2263,ASHLAND AVE,41.88255,-87.601433,01/19/2024 05:25:00 PM,2024
CR00034773,11/14/2019 07:27:00 PM,30,RAIN,DARKNESS - LIGHTED ROAD,PARKED MOTOR VEHICLE,NOT DIVIDED,NO CONTROLS,UNABLE TO DETERMINE,UNABLE TO DETERMINE,0,0,0,0,19,5,11,659,ROOSEVELT RD,41.743309,-87.649052,11/14/2019 08:30:00 PM,2019
CR00034774,06/26/2024 06:18:00 PM,30,CLEAR,DARKNESS - LIGHTED ROAD,TURNING,NOT DIVIDED,NO CONTROLS,WEATHER,UNABLE TO DETERMINE,0,0,0,0,18,4,6,2439,63RD ST,41.86518,-87.619812,06/26/2024 07:19:00 PM,2024
CR00034775,11/10/2024 01:03:00 PM,35,CLEAR,DARKNESS - LIGHTED ROAD,REAR END,DIVIDED - W/MEDIAN (NOT RAISED),NO CONTROLS,IMPROPER OVERTAKING/PASSING,NOT APPLICABLE,0,0,0,0,13,1,11,2252,MICHIGAN AVE,41.905232,-87.647161,11/10/2024 01:36:00 PM,2024
CR00034776,10/24/2015 04:06:00 PM,45,CLOUDY/OVERCAST,DAYLIGHT,REAR END,FOUR WAY,NO CONTROLS,IMPROPER OVERTAKING/PASSING,FAILING TO YIELD RIGHT-OF-WAY,0,0,0,0,16,7,10,789,PULASKI RD,41.853625,-87.52928,10/24/2015 06:03:00 PM,2015
CR00034777,10/08/2020 07:20:00 AM,30,RAIN,DARKNESS - LIGHTED ROAD,TURNING,ONE-WAY,TRAFFIC SIGNAL,IMPROPER OVERTAKING/PASSING,FAILING TO YIELD RIGHT-OF-WAY,0,0,0,0,7,5,10,2073,ROOSEVELT RD,41.785274,-87.631582,10/08/2020 07:21:00 AM,2020
CR00034778,10/25/2024 02:16:00 PM,45,CLEAR,DAYLIGHT,TURNING,DIVIDED - W/MEDIAN (NOT RAISED),NO CONTROLS,FOLLOWING TOO CLOSELY,DRIVING SKILLS/KNOWLEDGE/EXPERIENCE,0,0,0,0,14,6,10,1098,LAKE SHORE DR,41.766069,-87.586208,10/25/2024 03:01:00 PM,2024
CR00034779,06/18/2022 03:43:00 AM,15,CLEAR,DAYLIGHT,TURNING,FOUR WAY,NO CONTROLS,FOLLOWING TOO CLOSELY,FAILING TO REDUCE SPEED,0,0,0,0,3,7,6,1793,ASHLAND AVE,41.812891,-87.722811,06/18/2022 05:39:00 AM,2022
CR00034780,02/27/2024 04:47:00 PM,35,CLEAR,DARKNESS,SIDESWIPE SAME DIRECTION,DIVIDED - W/MEDIAN (NOT RAISED),YIELD,IMPROPER OVERTAKING/PASSING,IMPROPER OVERTAKING/PASSING,0,0,3,3,16,3,2,1008,PULASKI RD,41.949795,-87.532384,02/27/2024 05:34:00 PM,2024
CR00034781,04/11/2019 02:43:00 PM,35,CLOUDY/OVERCAST,DARKNESS - LIGHTED ROAD,TURNING,DIVIDED - W/MEDIAN (NOT RAISED),STOP SIGN/FLASHER,FOLLOWING TOO CLOSELY,UNABLE TO DETERMINE,0,0,0,0,14,5,4,1441,OGDEN AVE,41.856101,-87.525455,04/11/2019 03:15:00 PM,2019
CR00034782,08/19/2020 01:31:00 PM,30,CLEAR,DARKNESS,SIDESWIPE SAME DIRECTION,NOT DIVIDED,NO CONTROLS,IMPROPER OVERTAKING/PASSING,UNABLE TO DETERMINE,0,0,0,0,13,4,8,2174,LAKE SHORE DR,41.705801,-87.537987,08/19/2020 01:32:00 PM,2020
CR00034783,11/14/2023 07:11:00 AM,30,FREEZING RAIN/DRIZZLE,DARKNESS,FIXED OBJECT,NOT DIVIDED,TRAFFIC SIGNAL,IMPROPER LANE USAGE,NOT APPLICABLE,0,0,0,0,7,3,11,2049,MILWAUKEE AVE,41.910153,-87.619997,11/14/2023 07:59:00 AM,2023
CR00034784,03/21/2021 05:24:00 AM,30,CLEAR,DAYLIGHT,SIDESWIPE SAME DIRECTION,ONE-WAY,NO CONTROLS,IMPROPER OVERTAKING/PASSING,UNABLE TO DETERMINE,0,1,1,2,5,1,3,410,STATE ST,41.871232,-87.593685,03/21/2021 06:30:00 AM,2021
CR00034785,01/03/2023 08:12:00 AM,30,CLEAR,DAYLIGHT,SIDESWIPE SAME DIRECTION,DIVIDED - W/MEDIAN BARRIER,NO CONTROLS,DRIVING SKILLS/KNOWLEDGE/EXPERIENCE,DISREGARDING TRAFFIC SIGNALS,0,0,0,0,8,3,1,1077,KEDZIE AVE,41.844609,-87.637846,01/03/2023 08:18:00 AM,2023
CR00034786,10/06/2019 03:22:00 PM,15,CLEAR,DAYLIGHT,PEDESTRIAN,ONE-WAY,NO CONTROLS,UNABLE TO DETERMINE,NOT APPLICABLE,0,0,0,0,15,1,10,548,STATE ST,41.831802,-87.84012,10/06/2019 05:01:00 PM,2019
CR00034787,08/26/2022 12:29:00 PM,15,CLEAR,DAYLIGHT,REAR END,ONE-WAY,NO CONTROLS,DISREGARDING TRAFFIC SIGNALS,FOLLOWING TOO CLOSELY,0,0,0,0,12,6,8,1693,STATE ST,41.916303,-87.622255,08/26/2022 01:10:00 PM,2022
CR00034788,09/22/2024 09:16:00 PM,30,CLEAR,DAYLIGHT,TURNING,FOUR WAY,STOP SIGN/FLASHER,UNABLE TO DETERMINE,UNABLE TO DETERMINE,0,0,0,0,21,1,9,629,WESTERN AVE,41.957338,-87.551479,09/22/2024 09:34:00 PM,2024
CR00034789,06/03/2019 05:41:00 PM,30,CLEAR,DARKNESS - LIGHTED ROAD,ANGLE,DIVIDED - W/MEDIAN (NOT RAISED),UNKNOWN,FAILING TO YIELD RIGHT-OF-WAY,WEATHER,0,0,0,0,17,2,6,601,DIVISION ST,41.951032,-87.589013,06/03/2019 06:14:00 PM,2019
CR00034790,01/27/2018 02:28:00 PM,35,CLEAR,DAYLIGHT,SIDESWIPE SAME DIRECTION,FOUR WAY,NO CONTROLS,UNABLE TO DETERMINE,FOLLOWING TOO CLOSELY,0,0,0,0,14,7,1,534,CICERO AVE,41.749507,-87.693974,01/27/2018 04:13:00 PM,2018
CR00034791,10/25/2024 10:07:00 PM,30,CLEAR,DAYLIGHT,TURNING,NOT DIVIDED,TRAFFIC SIGNAL,FAILING TO YIELD RIGHT-OF-WAY,FOLLOWING TOO CLOSELY,0,0,0,0,22,6,10,2305,ARCHER AVE,41.833109,-87.569916,10/25/2024 10:10:00 PM,2024
CR00034792,01/10/2022 06:19:00 PM,15,CLEAR,DAYLIGHT,SIDESWIPE SAME DIRECTION,DIVIDED - W/MEDIAN (NOT RAISED),TRAFFIC SIGNAL,FAILING TO REDUCE SPEED,DRIVING SKILLS/KNOWLEDGE/EXPERIENCE,0,1,1,2,18,2,1,621,79TH ST,41.764265,-87.538472,01/10/2022 08:18:00 PM,2022
CR00034793,09/11/2022 08:19:00 AM,30,RAIN,DAYLIGHT,REAR END,ONE-WAY,TRAFFIC SIGNAL,UNABLE TO DETERMINE,UNABLE TO DETERMINE,0,0,0,0,8,1,9,487,MILWAUKEE AVE,41.91057,-87.694766,09/11/2022 10:16:00 AM,2022
CR00034794,03/10/2015 05:35:00 PM,15,CLOUDY/OVERCAST,DAYLIGHT,REAR END,NOT DIVIDED,NO CONTROLS,FAILING TO REDUCE SPEED,NOT APPLICABLE,0,0,0,0,17,3,3,1561,CALIFORNIA AVE,41.848189,-87.692775,03/10/2015 06:48:00 PM,2015
CR00034795,03/26/2015 08:30:00 AM,30,CLEAR,DAYLIGHT,PEDESTRIAN,ONE-WAY,NO CONTROLS,DISTRACTION - FROM INSIDE VEHICLE,DISREGARDING TRAFFIC SIGNALS,0,0,0,0,8,5,3,224,WESTERN AVE,41.806833,-87.666987,03/26/2015 10:21:00 AM,2015
CR00034796,02/07/2018 08:15:00 PM,30,CLEAR,DAYLIGHT,REAR END,ONE-WAY,NO CONTROLS,UNABLE TO DETERMINE,WEATHER,0,0,0,0,20,4,2,1687,FULLERTON AVE,41.814516,-87.840642,02/07/2018 09:03:00 PM,2018
CR00034797,12/08/2023 02:50:00 AM,30,CLEAR,DARKNESS - LIGHTED ROAD,REAR END,FOUR WAY,NO CONTROLS,UNABLE TO DETERMINE,NOT APPLICABLE,0,0,0,0,2,6,12,2240,FULLERTON AVE,41.703424,-87.50827,12/08/2023 04:38:00 AM,2023
CR00034798,09/12/2021 06:12:00 PM,35,CLEAR,DAYLIGHT,SIDESWIPE SAME DIRECTION,NOT DIVIDED,NO CONTROLS,DISTRACTION - FROM INSIDE VEHICLE,FOLLOWING TOO CLOSELY,0,2,2,4,18,1,9,1536,47TH ST,41.864536,-87.760936,09/12/2021 06:31:00 PM,2021
CR00034799,01/19/2024 01:54:00 PM,30,CLEAR,DARKNESS - LIGHTED ROAD,REAR END,FOUR WAY,STOP SIGN/FLASHER,FOLLOWING TOO CLOSELY,DRIVING SKILLS/KNOWLEDGE/EXPERIENCE,0,0,0,0,13,6,1,1055,79TH ST,41.750542,-87.668163,01/19/2024 03:44:00 PM,2024
CR00034800,11/02/2024 05:17:00 PM,25,CLEAR,DAYLIGHT,ANGLE,NOT DIVIDED,PEDESTRIAN CROSSING SIGN,IMPROPER OVERTAKING/PASSING,DRIVING SKILLS/KNOWLEDGE/EXPERIENCE,0,1,1,2,17,7,11,610,STONY ISLAND AVE,41.761334,-87.643452,11/02/2024 06:01:00 PM,2024
CR00034801,07/19/2021 06:29:00 PM,15,SNOW,DUSK,TURNING,DIVIDED - W/MEDIAN BARRIER,NO CONTROLS,UNABLE TO DETERMINE,NOT APPLICABLE,0,0,0,0,18,2,7,1796,ELSTON AVE,41.771636,-87.65228,07/19/2021 06:41:00 PM,2021
CR00034802,04/18/2016 10:28:00 AM,20,RAIN,DAYLIGHT,TURNING,DIVIDED - W/MEDIAN BARRIER,TRAFFIC SIGNAL,UNABLE TO DETERMINE,NOT APPLICABLE,0,0,0,0,10,2,4,1838,ELSTON AVE,41.905684,-87.780452,04/18/2016 10:47:00 AM,2016
CR00034803,09/14/2023 06:31:00 PM,25,CLEAR,DARKNESS - LIGHTED ROAD,REAR END,FOUR WAY,STOP SIGN/FLASHER,UNABLE TO DETERMINE,DISTRACTION - FROM INSIDE VEHICLE,0,0,0,0,18,5,9,813,CALIFORNIA AVE,41.86554,-87.733753,09/14/2023 07:53:00 PM,2023
CR00034804,03/04/2022 11:05:00 AM,30,CLOUDY/OVERCAST,DARKNESS - LIGHTED ROAD,ANGLE,ONE-WAY,TRAFFIC SIGNAL,FOLLOWING TOO CLOSELY,FOLLOWING TOO CLOSELY,0,0,1,1,11,6,3,2138,79TH ST,41.789335,-87.685018,03/04/2022 11:43:00 AM,2022
CR00034805,06/11/2023 10:35:00 AM,35,RAIN,DARKNESS,REAR END,DIVIDED - W/MEDIAN (NOT RAISED),TRAFFIC SIGNAL,FAILING TO YIELD RIGHT-OF-WAY,FOLLOWING TOO CLOSELY,0,0,3,3,10,1,6,1964,ARCHER AVE,41.95044,-87.797355,06/11/2023 11:52:00 AM,2023
CR00034806,07/13/2020 04:16:00 PM,40,CLEAR,DARKNESS - LIGHTED ROAD,REAR TO FRONT,NOT DIVIDED,TRAFFIC SIGNAL,DISTRACTION - FROM INSIDE VEHICLE,UNABLE TO DETERMINE,0,0,0,0,16,2,7,2299,47TH ST,41.765131,-87.67872,07/13/2020 04:46:00 PM,2020
CR00034807,11/05/2022 05:08:00 PM,30,CLEAR,DAYLIGHT,PARKED MOTOR VEHICLE,NOT DIVIDED,TRAFFIC SIGNAL,IMPROPER OVERTAKING/PASSING,UNABLE TO DETERMINE,0,0,0,0,17,7,11,266,HALSTED ST,41.894913,-87.689429,11/05/2022 06:53:00 PM,2022
CR00034808,04/14/2022 11:46:00 AM,45,CLEAR,DARKNESS - LIGHTED ROAD,ANGLE,ONE-WAY,STOP SIGN/FLASHER,FAILING TO REDUCE SPEED,DISTRACTION - FROM INSIDE VEHICLE,0,0,0,0,11,5,4,1435,BROADWAY,41.706125,-87.736028,04/14/2022 01:34:00 PM,2022