CRASH_RECORD_ID,CRASH_DATE,POSTED_SPEED_LIMIT,WEATHER_CONDITION,LIGHTING_CONDITION,FIRST_CRASH_TYPE,TRAFFICWAY_TYPE,TRAFFIC_CONTROL_DEVICE,PRIM_CONTRIBUTORY_CAUSE,SEC_CONTRIBUTORY_CAUSE,INJURIES_FATAL,INJURIES_INCAPACITATING,INJURIES_NON_INCAPACITATING,INJURIES_TOTAL,CRASH_HOUR,CRASH_DAY_OF_WEEK,CRASH_MONTH,BEAT_OF_OCCURRENCE,STREET_NAME,LATITUDE,LONGITUDE,DATE_POLICE_NOTIFIED,year
CR00034809,08/27/2018 06:24:00 PM,20,CLEAR,DAYLIGHT,REAR TO FRONT,DIVIDED - W/MEDIAN (NOT RAISED),TRAFFIC SIGNAL,UNABLE TO DETERMINE,DRIVING SKILLS/KNOWLEDGE/EXPERIENCE,0,0,0,0,18,2,8,279,MICHIGAN AVE,41.736238,-87.630313,08/27/2018 07:00:00 PM,2018
CR00034810,06/26/2018 08:00:00 PM,45,CLEAR,DAWN,SIDESWIPE SAME DIRECTION,NOT DIVIDED,STOP SIGN/FLASHER,UNABLE TO DETERMINE,UNABLE TO DETERMINE,0,0,0,0,20,3,6,2256,CICERO AVE,41.933971,-87.500713,06/26/2018 09:58:00 PM,2018
CR00034811,07/26/2016 08:56:00 AM,30,CLEAR,DAYLIGHT,REAR END,NOT DIVIDED,YIELD,DRIVING SKILLS/KNOWLEDGE/EXPERIENCE,DRIVING SKILLS/KNOWLEDGE/EXPERIENCE,0,0,0,0,8,3,7,1683,47TH ST,41.996087,-87.692014,07/26/2016 10:40:00 AM,2016
CR00034812,10/11/2017 02:04:00 AM,30,RAIN,DUSK,SIDESWIPE SAME DIRECTION,DIVIDED - W/MEDIAN (NOT RAISED),NO CONTROLS,IMPROPER LANE USAGE,DISTRACTION - FROM INSIDE VEHICLE,0,0,0,0,2,4,10,1594,DAMEN AVE,41.938056,-87.668412,10/11/2017 03:12:00 AM,2017
CR00034813,12/24/2016 05:40:00 PM,25,CLEAR,DAYLIGHT,ANGLE,NOT DIVIDED,STOP SIGN/FLASHER,IMPROPER OVERTAKING/PASSING,DISTRACTION - FROM INSIDE VEHICLE,0,0,0,0,17,7,12,929,79TH ST,41.794377,-87.682254,12/24/2016 06:59:00 PM,2016
CR00034814,07/06/2021 10:32:00 AM,40,CLEAR,DARKNESS,REAR TO FRONT,ONE-WAY,NO CONTROLS,UNABLE TO DETERMINE,IMPROPER OVERTAKING/PASSING,0,0,0,0,10,3,7,2432,OGDEN AVE,41.813864,-87.779074,07/06/2021 11:14:00 AM,2021
CR00034815,02/20/2023 05:25:00 AM,35,CLOUDY/OVERCAST,DARKNESS - LIGHTED ROAD,REAR END,FOUR WAY,TRAFFIC SIGNAL,UNABLE TO DETERMINE,UNABLE TO DETERMINE,0,0,0,0,5,2,2,708,STATE ST,41.785224,-87.806129,02/20/2023 05:58:00 AM,2023
CR00034816,12/14/2015 05:45:00 PM,35,CLEAR,DARKNESS - LIGHTED ROAD,SIDESWIPE SAME DIRECTION,NOT DIVIDED,NO CONTROLS,FAILING TO REDUCE SPEED,IMPROPER OVERTAKING/PASSING,0,0,1,1,17,2,12,264,DAMEN AVE,41.907446,-87.585585,12/14/2015 07:32:00 PM,2015
CR00034817,07/03/2020 02:12:00 AM,25,CLEAR,DARKNESS,REAR END,NOT DIVIDED,STOP SIGN/FLASHER,DRIVING SKILLS/KNOWLEDGE/EXPERIENCE,UNABLE TO DETERMINE,0,0,0,0,2,6,7,2381,79TH ST,41.861024,-87.759592,07/03/2020 02:19:00 AM,2020
CR00034818,08/26/2018 10:56:00 AM,35,CLEAR,DARKNESS - LIGHTED ROAD,FIXED OBJECT,NOT DIVIDED,TRAFFIC SIGNAL,FOLLOWING TOO CLOSELY,FAILING TO REDUCE SPEED,0,0,0,0,10,1,8,372,DIVISION ST,41.876886,-87.80474,08/26/2018 12:11:00 PM,2018
CR00034819,02/15/2021 07:30:00 AM,35,CLEAR,DARKNESS - LIGHTED ROAD,ANGLE,FOUR WAY,PEDESTRIAN CROSSING SIGN,FAILING TO YIELD RIGHT-OF-WAY,IMPROPER LANE USAGE,0,0,1,1,7,2,2,2183,DIVISION ST,41.770936,-87.676389,02/15/2021 08:01:00 AM,2021
CR00034820,06/29/2018 03:28:00 AM,45,FOG/SMOKE/HAZE,DAYLIGHT,PARKED MOTOR VEHICLE,T-INTERSECTION,TRAFFIC SIGNAL,IMPROPER OVERTAKING/PASSING,DRIVING SKILLS/KNOWLEDGE/EXPERIENCE,0,0,0,0,3,6,6,756,63RD ST,41.854152,-87.731095,06/29/2018 04:47:00 AM,2018
CR00034821,02/16/2021 11:55:00 PM,30,FREEZING RAIN/DRIZZLE,DAYLIGHT,SIDESWIPE SAME DIRECTION,ONE-WAY,STOP SIGN/FLASHER,FAILING TO YIELD RIGHT-OF-WAY,NOT APPLICABLE,0,0,0,0,23,3,2,1241,MICHIGAN AVE,41.867142,-87.636271,02/17/2021 12:47:00 AM,2021
CR00034822,01/15/2023 10:33:00 AM,35,CLEAR,DAYLIGHT,TURNING,FOUR WAY,TRAFFIC SIGNAL,DISTRACTION - FROM INSIDE VEHICLE,NOT APPLICABLE,0,0,0,0,10,1,1,498,STATE ST,41.965969,-87.754373,01/15/2023 11:21:00 AM,2023
CR00034823,03/08/2020 12:49:00 AM,15,FREEZING RAIN/DRIZZLE,DAYLIGHT,PARKED MOTOR VEHICLE,DIVIDED - W/MEDIAN BARRIER,TRAFFIC SIGNAL,UNABLE TO DETERMINE,UNABLE TO DETERMINE,0,0,0,0,0,1,3,861,ASHLAND AVE,41.925448,-87.515509,03/08/2020 01:05:00 AM,2020
CR00034824,01/21/2020 01:49:00 AM,45,CLEAR,DAYLIGHT,ANGLE,NOT DIVIDED,NO CONTROLS,IMPROPER OVERTAKING/PASSING,IMPROPER LANE USAGE,0,0,0,0,1,3,1,2454,FULLERTON AVE,41.77641,-87.588946,01/21/2020 03:10:00 AM,2020
CR00034825,12/30/2020 07:35:00 AM,30,CLEAR,DAYLIGHT,PARKED MOTOR VEHICLE,FOUR WAY,STOP SIGN/FLASHER,DISTRACTION - FROM INSIDE VEHICLE,DISTRACTION - FROM INSIDE VEHICLE,0,0,0,0,7,4,12,1622,CICERO AVE,41.938635,-87.766203,12/30/2020 08:05:00 AM,2020
CR00034826,02/05/2023 04:36:00 PM,35,CLEAR,DARKNESS,TURNING,ONE-WAY,STOP SIGN/FLASHER,WEATHER,DRIVING SKILLS/KNOWLEDGE/EXPERIENCE,0,0,0,0,16,1,2,2271,CALIFORNIA AVE,41.750384,-87.777755,02/05/2023 05:24:00 PM,2023
CR00034827,07/10/2024 10:30:00 AM,30,CLEAR,DAYLIGHT,REAR END,NOT DIVIDED,TRAFFIC SIGNAL,FAILING TO REDUCE SPEED,UNABLE TO DETERMINE,0,0,0,0,10,4,7,1613,STONY ISLAND AVE,41.707454,-87.519247,07/10/2024 11:47:00 AM,2024
CR00034828,08/13/2021 08:22:00 AM,20,CLEAR,DAWN,TURNING,NOT DIVIDED,TRAFFIC SIGNAL,FOLLOWING TOO CLOSELY,NOT APPLICABLE,0,0,0,0,8,6,8,2303,63RD ST,41.924633,-87.836868,08/13/2021 10:16:00 AM,2021
CR00034829,06/21/2022 05:27:00 AM,40,CLEAR,DAYLIGHT,TURNING,DIVIDED - W/MEDIAN BARRIER,NO CONTROLS,FOLLOWING TOO CLOSELY,IMPROPER LANE USAGE,0,0,1,1,5,3,6,1737,LAKE SHORE DR,41.726082,-87.726409,06/21/2022 06:52:00 AM,2022
CR00034830,04/06/2016 07:59:00 AM,30,CLEAR,DAYLIGHT,REAR END,ONE-WAY,TRAFFIC SIGNAL,WEATHER,UNABLE TO DETERMINE,0,0,0,0,7,4,4,1852,ROOSEVELT RD,41.966925,-87.516816,04/06/2016 08:32:00 AM,2016
CR00034831,12/12/2024 07:54:00 AM,30,CLOUDY/OVERCAST,DAYLIGHT,REAR END,DIVIDED - W/MEDIAN BARRIER,UNKNOWN,DRIVING SKILLS/KNOWLEDGE/EXPERIENCE,FOLLOWING TOO CLOSELY,0,0,1,1,7,5,12,1972,79TH ST,41.774185,-87.582172,12/12/2024 08:38:00 AM,2024
CR00034832,01/19/2024 06:26:00 PM,40,CLEAR,DAYLIGHT,REAR END,DIVIDED - W/MEDIAN BARRIER,TRAFFIC SIGNAL,UNABLE TO DETERMINE,FAILING TO YIELD RIGHT-OF-WAY,0,0,0,0,18,6,1,1659,KEDZIE AVE,41.993362,-87.715224,01/19/2024 06:35:00 PM,2024
CR00034833,07/28/2017 08:03:00 AM,25,CLEAR,DARKNESS - LIGHTED ROAD,REAR END,NOT DIVIDED,STOP SIGN/FLASHER,WEATHER,NOT APPLICABLE,0,0,0,0,8,6,7,1800,STONY ISLAND AVE,41.923931,-87.760998,07/28/2017 09:05:00 AM,2017
CR00034834,04/02/2020 10:20:00 PM,15,RAIN,DAYLIGHT,SIDESWIPE SAME DIRECTION,DIVIDED - W/MEDIAN BARRIER,NO CONTROLS,FOLLOWING TOO CLOSELY,DISTRACTION - FROM INSIDE VEHICLE,0,0,1,1,22,5,4,1242,ASHLAND AVE,41.973741,-87.617397,04/02/2020 10:25:00 PM,2020
CR00034835,02/08/2017 02:48:00 PM,15,CLEAR,DAYLIGHT,TURNING,DIVIDED - W/MEDIAN (NOT RAISED),TRAFFIC SIGNAL,FAILING TO REDUCE SPEED,UNABLE TO DETERMINE,0,0,0,0,14,4,2,1933,DAMEN AVE,41.836532,-87.750751,02/08/2017 03:07:00 PM,2017
CR00034836,04/04/2021 07:04:00 PM,25,CLEAR,DARKNESS - LIGHTED ROAD,REAR END,NOT DIVIDED,STOP SIGN/FLASHER,DISTRACTION - FROM INSIDE VEHICLE,UNABLE TO DETERMINE,0,0,0,0,19,1,4,2444,OGDEN AVE,41.701646,-87.652464,04/04/2021 08:10:00 PM,2021
CR00034837,07/12/2015 08:48:00 PM,30,RAIN,DAYLIGHT,SIDESWIPE SAME DIRECTION,NOT DIVIDED,NO CONTROLS,DISTRACTION - FROM INSIDE VEHICLE,FAILING TO YIELD RIGHT-OF-WAY,0,0,0,0,20,1,7,266,63RD ST,41.951695,-87.697465,07/12/2015 10:06:00 PM,2015
CR00034838,10/22/2023 02:05:00 PM,30,SNOW,DARKNESS - LIGHTED ROAD,SIDESWIPE SAME DIRECTION,NOT DIVIDED,TRAFFIC SIGNAL,FAILING TO REDUCE SPEED,DISTRACTION - FROM INSIDE VEHICLE,0,0,0,0,14,1,10,1219,DAMEN AVE,41.729436,-87.558609,10/22/2023 03:59:00 PM,2023
CR00034839,11/10/2020 04:47:00 PM,35,CLEAR,DARKNESS - LIGHTED ROAD,REAR END,ONE-WAY,STOP SIGN/FLASHER,UNABLE TO DETERMINE,NOT APPLICABLE,0,0,0,0,16,3,11,460,ARCHER AVE,41.806852,-87.768766,11/10/2020 06:18:00 PM,2020
CR00034840,12/11/2020 04:33:00 PM,25,CLEAR,DAYLIGHT,TURNING,NOT DIVIDED,NO CONTROLS,UNABLE TO DETERMINE,NOT APPLICABLE,0,0,0,0,16,6,12,930,WESTERN AVE,41.740133,-87.537017,12/11/2020 06:15:00 PM,2020
CR00034841,12/15/2019 08:26:00 AM,35,CLEAR,DARKNESS - LIGHTED ROAD,TURNING,DIVIDED - W/MEDIAN (NOT RAISED),STOP SIGN/FLASHER,FAILING TO REDUCE SPEED,FAILING TO YIELD RIGHT-OF-WAY,0,0,3,3,8,1,12,942,DAMEN AVE,41.988928,-87.604094,12/15/2019 09:56:00 AM,2019
CR00034842,03/20/2023 12:55:00 PM,35,CLEAR,DARKNESS,ANGLE,NOT DIVIDED,YIELD,UNABLE TO DETERMINE,FAILING TO YIELD RIGHT-OF-WAY,0,0,0,0,12,2,3,1586,ROOSEVELT RD,41.932122,-87.754813,03/20/2023 01:31:00 PM,2023
CR00034843,08/23/2022 06:39:00 AM,35,CLEAR,DAYLIGHT,REAR TO FRONT,FOUR WAY,NO CONTROLS,UNABLE TO DETERMINE,DRIVING SKILLS/KNOWLEDGE/EXPERIENCE,0,0,0,0,6,3,8,106,FULLERTON AVE,41.901767,-87.702458,08/23/2022 07:00:00 AM,2022
CR00034844,08/13/2023 05:03:00 PM,30,CLEAR,DARKNESS,TURNING,FOUR WAY,TRAFFIC SIGNAL,WEATHER,FAILING TO YIELD RIGHT-OF-WAY,0,0,2,2,17,1,8,631,CICERO AVE,41.964765,-87.531549,08/13/2023 05:32:00 PM,2023
CR00034845,07/25/2020 03:34:00 PM,30,CLEAR,DAYLIGHT,SIDESWIPE SAME DIRECTION,NOT DIVIDED,TRAFFIC SIGNAL,FOLLOWING TOO CLOSELY,FOLLOWING TOO CLOSELY,0,0,0,0,15,7,7,1820,63RD ST,41.881673,-87.767234,07/25/2020 05:15:00 PM,2020
CR00034846,03/22/2021 03:07:00 AM,30,CLEAR,DAYLIGHT,REAR END,FOUR WAY,NO CONTROLS,DISTRACTION - FROM INSIDE VEHICLE,FAILING TO YIELD RIGHT-OF-WAY,0,0,1,1,3,2,3,2458,CLARK ST,41.73354,-87.522778,03/22/2021 04:50:00 AM,2021
CR00034847,08/03/2022 08:31:00 AM,30,CLEAR,DAYLIGHT,TURNING,NOT DIVIDED,NO CONTROLS,FOLLOWING TOO CLOSELY,UNABLE TO DETERMINE,0,1,0,1,8,4,8,489,DIVISION ST,41.848741,-87.80354,08/03/2022 09:14:00 AM,2022
CR00034848,01/07/2016 12:31:00 PM,15,CLEAR,DARKNESS,SIDESWIPE SAME DIRECTION,NOT DIVIDED,NO CONTROLS,UNABLE TO DETERMINE,UNABLE TO DETERMINE,0,0,0,0,12,5,1,783,FULLERTON AVE,41.820854,-87.508552,01/07/2016 12:59:00 PM,2016
CR00034849,06/03/2016 04:47:00 AM,40,CLOUDY/OVERCAST,DAYLIGHT,PARKED MOTOR VEHICLE,T-INTERSECTION,STOP SIGN/FLASHER,FAILING TO YIELD RIGHT-OF-WAY,FOLLOWING TOO CLOSELY,0,0,0,0,4,6,6,841,MICHIGAN AVE,41.989879,-87.771599,06/03/2016 06:24:00 AM,2016
CR00034850,02/10/2017 08:44:00 AM,35,SNOW,DARKNESS,REAR END,NOT DIVIDED,NO CONTROLS,FAILING TO YIELD RIGHT-OF-WAY,FAILING TO REDUCE SPEED,0,0,0,0,8,6,2,573,CLARK ST,41.959706,-87.560305,02/10/2017 09:24:00 AM,2017
CR00034851,05/18/2016 07:55:00 AM,25,CLEAR,DAYLIGHT,REAR END,DIVIDED - W/MEDIAN (NOT RAISED),TRAFFIC SIGNAL,FOLLOWING TOO CLOSELY,UNABLE TO DETERMINE,0,0,0,0,7,4,5,1214,47TH ST,41.820759,-87.844901,05/18/2016 09:51:00 AM,2016
CR00034852,11/19/2017 11:14:00 AM,20,CLEAR,DARKNESS - LIGHTED ROAD,FIXED OBJECT,ONE-WAY,NO CONTROLS,FOLLOWING TOO CLOSELY,NOT APPLICABLE,0,0,0,0,11,1,11,2026,PULASKI RD,41.72544,-87.625993,11/19/2017 11:48:00 AM,2017
CR00034853,01/14/2023 04:46:00 PM,20,CLEAR,DAYLIGHT,REAR END,ONE-WAY,TRAFFIC SIGNAL,FAILING TO REDUCE SPEED,NOT APPLICABLE,0,0,0,0,16,7,1,508,IRVING PARK RD,41.813844,-87.784062,01/14/2023 05:54:00 PM,2023
CR00034854,12/01/2023 06:21:00 PM,35,CLEAR,DAYLIGHT,SIDESWIPE SAME DIRECTION,NOT DIVIDED,STOP SIGN/FLASHER,FAILING TO REDUCE SPEED,DRIVING SKILLS/KNOWLEDGE/EXPERIENCE,0,0,0,0,18,6,12,1816,DIVISION ST,41.771821,-87.801458,12/01/2023 08:10:00 PM,2023
CR00034855,02/21/2015 11:53:00 AM,30,CLOUDY/OVERCAST,DARKNESS - LIGHTED ROAD,REAR END,NOT DIVIDED,NO CONTROLS,UNABLE TO DETERMINE,DISREGARDING TRAFFIC SIGNALS,0,0,0,0,11,7,2,1424,DIVISION ST,41.767272,-87.661726,02/21/2015 12:43:00 PM,2015
CR00034856,03/05/2021 11:37:00 AM,25,CLOUDY/OVERCAST,DARKNESS - LIGHTED ROAD,SIDESWIPE SAME DIRECTION,ONE-WAY,NO CONTROLS,DRIVING SKILLS/KNOWLEDGE/EXPERIENCE,NOT APPLICABLE,0,1,2,3,11,6,3,1783,OGDEN AVE,41.771863,-87.742944,03/05/2021 12:15:00 PM,2021
CR00034857,12/21/2024 05:23:00 PM,20,RAIN,DAYLIGHT,REAR END,T-INTERSECTION,TRAFFIC SIGNAL,FOLLOWING TOO CLOSELY,DRIVING SKILLS/KNOWLEDGE/EXPERIENCE,0,0,0,0,17,7,12,1344,CALIFORNIA AVE,41.794319,-87.792238,12/21/2024 05:47:00 PM,2024
CR00034858,07/13/2023 07:18:00 PM,25,CLEAR,DAYLIGHT,REAR END,ONE-WAY,NO CONTROLS,UNABLE TO DETERMINE,NOT APPLICABLE,0,2,3,5,19,5,7,2398,STATE ST,41.723342,-87.632067,07/13/2023 09:02:00 PM,2023
CR00034859,12/28/2024 09:47:00 AM,30,CLEAR,DARKNESS - LIGHTED ROAD,REAR TO FRONT,NOT DIVIDED,STOP SIGN/FLASHER,FOLLOWING TOO CLOSELY,FAILING TO YIELD RIGHT-OF-WAY,0,0,0,0,9,7,12,1195,KEDZIE AVE,41.857551,-87.618721,12/28/2024 09:56:00 AM,2024
CR00034860,08/08/2024 04:16:00 PM,35,CLEAR,DAYLIGHT,SIDESWIPE SAME DIRECTION,NOT DIVIDED,TRAFFIC SIGNAL,DISREGARDING TRAFFIC SIGNALS,UNABLE TO DETERMINE,0,0,0,0,16,5,8,1313,KEDZIE AVE,41.953218,-87.756024,08/08/2024 05:00:00 PM,2024
CR00034861,06/07/2021 08:52:00 AM,20,CLEAR,DUSK,ANGLE,NOT DIVIDED,NO CONTROLS,IMPROPER OVERTAKING/PASSING,FAILING TO REDUCE SPEED,0,0,0,0,8,2,6,1342,ARCHER AVE,41.704355,-87.564004,06/07/2021 10:12:00 AM,2021
CR00034862,05/20/2015 07:03:00 AM,25,CLEAR,DAYLIGHT,SIDESWIPE SAME DIRECTION,DIVIDED - W/MEDIAN (NOT RAISED),TRAFFIC SIGNAL,UNABLE TO DETERMINE,IMPROPER OVERTAKING/PASSING,0,0,3,3,7,4,5,2528,63RD ST,41.835551,-87.621195,05/20/2015 07:16:00 AM,2015
CR00034863,05/04/2020 09:35:00 AM,20,SNOW,DAYLIGHT,TURNING,ONE-WAY,TRAFFIC SIGNAL,FAILING TO REDUCE SPEED,UNABLE TO DETERMINE,0,0,0,0,9,2,5,2450,IRVING PARK RD,41.758167,-87.647288,05/04/2020 11:15:00 AM,2020
CR00034864,01/28/2021 12:07:00 PM,20,CLEAR,DARKNESS - LIGHTED ROAD,TURNING,NOT DIVIDED,TRAFFIC SIGNAL,DRIVING SKILLS/KNOWLEDGE/EXPERIENCE,FAILING TO YIELD RIGHT-OF-WAY,0,0,0,0,12,5,1,2452,ASHLAND AVE,41.735427,-87.763972,01/28/2021 01:36:00 PM,2021
CR00034865,11/11/2015 09:31:00 AM,30,CLEAR,DARKNESS,SIDESWIPE SAME DIRECTION,DIVIDED - W/MEDIAN (NOT RAISED),TRAFFIC SIGNAL,DISTRACTION - FROM INSIDE VEHICLE,DISREGARDING TRAFFIC SIGNALS,0,1,0,1,9,4,11,2068,ELSTON AVE,41.833827,-87.82119,11/11/2015 11:06:00 AM,2015
CR00034866,05/31/2024 08:08:00 AM,30,RAIN,DARKNESS,ANGLE,ONE-WAY,TRAFFIC SIGNAL,UNABLE TO DETERMINE,UNABLE TO DETERMINE,0,0,1,1,8,6,5,1138,ARCHER AVE,41.928583,-87.740731,05/31/2024 09:11:00 AM,2024
CR00034867,09/28/2023 03:09:00 PM,35,CLEAR,DAYLIGHT,FIXED OBJECT,NOT DIVIDED,TRAFFIC SIGNAL,FAILING TO YIELD RIGHT-OF-WAY,NOT APPLICABLE,0,0,0,0,15,5,9,419,DAMEN AVE,41.81507,-87.584871,09/28/2023 03:35:00 PM,2023
CR00034868,01/16/2018 09:43:00 PM,20,CLEAR,DAYLIGHT,TURNING,ONE-WAY,NO CONTROLS,IMPROPER LANE USAGE,UNABLE TO DETERMINE,0,0,0,0,21,3,1,1680,WESTERN AVE,41.776774,-87.592927,01/16/2018 10:15:00 PM,2018
CR00034869,06/09/2015 08:23:00 PM,30,CLEAR,DAYLIGHT,SIDESWIPE SAME DIRECTION,ONE-WAY,NO CONTROLS,UNABLE TO DETERMINE,IMPROPER OVERTAKING/PASSING,0,0,1,1,20,3,6,1073,CICERO AVE,41.915427,-87.590295,06/09/2015 10:18:00 PM,2015
CR00034870,04/10/2016 06:52:00 PM,30,CLEAR,DARKNESS - LIGHTED ROAD,ANGLE,ONE-WAY,NO CONTROLS,UNABLE TO DETERMINE,UNABLE TO DETERMINE,0,0,1,1,18,1,4,1527,HALSTED ST,41.756681,-87.636541,04/10/2016 07:53:00 PM,2016
CR00034871,10/10/2024 04:56:00 AM,40,CLEAR,DARKNESS - LIGHTED ROAD,SIDESWIPE SAME DIRECTION,NOT DIVIDED,TRAFFIC SIGNAL,DRIVING SKILLS/KNOWLEDGE/EXPERIENCE,UNABLE TO DETERMINE,0,0,0,0,4,5,10,1548,KEDZIE AVE,41.867041,-87.623818,10/10/2024 05:07:00 AM,2024
CR00034872,11/10/2017 12:15:00 PM,35,CLEAR,DARKNESS,SIDESWIPE SAME DIRECTION,NOT DIVIDED,YIELD,FOLLOWING TOO CLOSELY,DRIVING SKILLS/KNOWLEDGE/EXPERIENCE,0,0,0,0,12,6,11,189,HALSTED ST,41.752622,-87.670238,11/10/2017 02:06:00 PM,2017
CR00034873,03/03/2022 10:18:00 AM,35,CLEAR,DAYLIGHT,ANGLE,DIVIDED - W/MEDIAN BARRIER,NO CONTROLS,FAILING TO YIELD RIGHT-OF-WAY,IMPROPER LANE USAGE,0,0,0,0,10,5,3,1351,LAKE SHORE DR,41.924684,-87.653664,03/03/2022 12:13:00 PM,2022
CR00034874,04/22/2020 04:38:00 AM,30,CLEAR,DAYLIGHT,SIDESWIPE SAME DIRECTION,DIVIDED - W/MEDIAN (NOT RAISED),TRAFFIC SIGNAL,UNABLE TO DETERMINE,DISTRACTION - FROM INSIDE VEHICLE,0,0,0,0,4,4,4,1126,47TH ST,41.904683,-87.808768,04/22/2020 05:12:00 AM,2020
CR00034875,12/04/2020 01:23:00 AM,30,CLEAR,DARKNESS,TURNING,NOT DIVIDED,TRAFFIC SIGNAL,FOLLOWING TOO CLOSELY,NOT APPLICABLE,0,0,0,0,1,6,12,1593,LAKE SHORE DR,41.902523,-87.606826,12/04/2020 02:06:00 AM,2020
CR00034876,09/05/2021 12:54:00 PM,20,CLOUDY/OVERCAST,DAYLIGHT,PARKED MOTOR VEHICLE,NOT DIVIDED,TRAFFIC SIGNAL,FOLLOWING TOO CLOSELY,NOT APPLICABLE,0,0,0,0,12,1,9,1518,FULLERTON AVE,41.759707,-87.578018,09/05/2021 01:12:00 PM,2021
CR00034877,01/15/2017 04:34:00 PM,30,CLEAR,DAYLIGHT,SIDESWIPE SAME DIRECTION,NOT DIVIDED,NO CONTROLS,WEATHER,DRIVING SKILLS/KNOWLEDGE/EXPERIENCE,0,1,1,2,16,1,1,2441,MILWAUKEE AVE,41.841133,-87.785677,01/15/2017 05:14:00 PM,2017
CR00034878,09/05/2017 04:18:00 PM,30,CLOUDY/OVERCAST,DAYLIGHT,REAR END,FOUR WAY,TRAFFIC SIGNAL,FAILING TO REDUCE SPEED,UNABLE TO DETERMINE,0,0,1,1,16,3,9,988,STONY ISLAND AVE,41.776467,-87.750158,09/05/2017 05:43:00 PM,2017
CR00034879,12/19/2019 06:43:00 AM,30,CLEAR,DAYLIGHT,REAR END,DIVIDED - W/MEDIAN (NOT RAISED),NO CONTROLS,UNABLE TO DETERMINE,UNABLE TO DETERMINE,0,0,0,0,6,5,12,1395,KEDZIE AVE,41.742846,-87.734856,12/19/2019 07:46:00 AM,2019
CR00034880,10/16/2024 06:23:00 PM,40,CLEAR,DAYLIGHT,SIDESWIPE SAME DIRECTION,DIVIDED - W/MEDIAN (NOT RAISED),NO CONTROLS,IMPROPER OVERTAKING/PASSING,DRIVING SKILLS/KNOWLEDGE/EXPERIENCE,0,0,1,1,18,4,10,2338,HALSTED ST,41.800871,-87.618809,10/16/2024 07:55:00 PM,2024
CR00034881,01/18/2023 09:27:00 AM,40,CLEAR,DARKNESS - LIGHTED ROAD,ANGLE,FOUR WAY,NO CONTROLS,UNABLE TO DETERMINE,WEATHER,0,0,0,0,9,4,1,2249,PULASKI RD,41.778084,-87.707507,01/18/2023 10:02:00 AM,2023
CR00034882,03/19/2016 08:04:00 PM,15,CLEAR,DAYLIGHT,REAR END,FOUR WAY,NO CONTROLS,FAILING TO YIELD RIGHT-OF-WAY,FOLLOWING TOO CLOSELY,0,0,0,0,20,7,3,1976,OGDEN AVE,41.885138,-87.682621,03/19/2016 09:23:00 PM,2016
CR00034883,07/31/2018 01:51:00 AM,30,CLEAR,DAYLIGHT,TURNING,NOT DIVIDED,TRAFFIC SIGNAL,UNABLE TO DETERMINE,IMPROPER OVERTAKING/PASSING,0,0,0,0,1,3,7,2012,CLARK ST,41.829554,-87.762894,07/31/2018 03:31:00 AM,2018
CR00034884,10/07/2024 09:11:00 PM,30,CLEAR,DAYLIGHT,TURNING,ONE-WAY,NO CONTROLS,DISREGARDING TRAFFIC SIGNALS,IMPROPER OVERTAKING/PASSING,0,0,0,0,21,2,10,1102,ARCHER AVE,41.74832,-87.778023,10/07/2024 10:00:00 PM,2024
CR00034885,02/14/2021 07:30:00 AM,25,CLEAR,DAYLIGHT,REAR END,NOT DIVIDED,UNKNOWN,WEATHER,FAILING TO YIELD RIGHT-OF-WAY,0,0,0,0,7,1,2,711,STONY ISLAND AVE,41.969291,-87.726654,02/14/2021 08:45:00 AM,2021
CR00034886,09/14/2020 08:12:00 AM,45,CLEAR,DAYLIGHT,TURNING,NOT DIVIDED,STOP SIGN/FLASHER,FAILING TO YIELD RIGHT-OF-WAY,NOT APPLICABLE,0,0,0,0,8,2,9,2141,OGDEN AVE,41.705759,-87.721476,09/14/2020 09:08:00 AM,2020
CR00034887,02/09/2021 08:27:00 AM,30,RAIN,DAYLIGHT,REAR END,NOT DIVIDED,STOP SIGN/FLASHER,FOLLOWING TOO CLOSELY,IMPROPER OVERTAKING/PASSING,0,0,3,3,8,3,2,2289,DAMEN AVE,41.973758,-87.720904,02/09/2021 09:49:00 AM,2021
CR00034888,10/26/2018 12:56:00 PM,40,CLEAR,DARKNESS - LIGHTED ROAD,TURNING,FOUR WAY,TRAFFIC SIGNAL,FAILING TO REDUCE SPEED,UNABLE TO DETERMINE,0,0,0,0,12,6,10,925,IRVING PARK RD,41.715515,-87.699933,10/26/2018 01:23:00 PM,2018
CR00034889,07/31/2024 04:23:00 PM,45,CLOUDY/OVERCAST,DAYLIGHT,REAR END,DIVIDED - W/MEDIAN (NOT RAISED),TRAFFIC SIGNAL,UNABLE TO DETERMINE,UNABLE TO DETERMINE,0,0,0,0,16,4,7,1283,CALIFORNIA AVE,41.959938,-87.744278,07/31/2024 05:41:00 PM,2024
CR00034890,08/21/2015 03:07:00 PM,30,RAIN,DAYLIGHT,REAR END,NOT DIVIDED,TRAFFIC SIGNAL,IMPROPER LANE USAGE,UNABLE TO DETERMINE,0,0,0,0,15,6,8,353,CICERO AVE,41.967655,-87.549779,08/21/2015 03:25:00 PM,2015