CRASH_RECORD_ID,CRASH_DATE,POSTED_SPEED_LIMIT,WEATHER_CONDITION,LIGHTING_CONDITION,FIRST_CRASH_TYPE,TRAFFICWAY_TYPE,TRAFFIC_CONTROL_DEVICE,PRIM_CONTRIBUTORY_CAUSE,SEC_CONTRIBUTORY_CAUSE,INJURIES_FATAL,INJURIES_INCAPACITATING,INJURIES_NON_INCAPACITATING,INJURIES_TOTAL,CRASH_HOUR,CRASH_DAY_OF_WEEK,CRASH_MONTH,BEAT_OF_OCCURRENCE,STREET_NAME,LATITUDE,LONGITUDE,DATE_POLICE_NOTIFIED,year
CR00034891,02/10/2021 06:48:00 AM,20,CLEAR,DAYLIGHT,SIDESWIPE SAME DIRECTION,NOT DIVIDED,NO CONTROLS,IMPROPER LANE USAGE,NOT APPLICABLE,0,0,0,0,6,4,2,2211,CICERO AVE,41.88744,-87.595435,02/10/2021 07:05:00 AM,2021
CR00034892,04/23/2024 07:03:00 AM,35,CLEAR,DARKNESS,ANGLE,NOT DIVIDED,STOP SIGN/FLASHER,FOLLOWING TOO CLOSELY,IMPROPER OVERTAKING/PASSING,0,0,2,2,7,3,4,1288,PULASKI RD,41.909698,-87.663623,04/23/2024 07:44:00 AM,2024
CR00034893,09/02/2020 03:33:00 PM,40,CLEAR,DAYLIGHT,TURNING,T-INTERSECTION,TRAFFIC SIGNAL,FOLLOWING TOO CLOSELY,DRIVING SKILLS/KNOWLEDGE/EXPERIENCE,0,0,2,2,15,4,9,2068,63RD ST,41.787361,-87.72197,09/02/2020 03:57:00 PM,2020
CR00034894,05/30/2018 01:45:00 PM,30,CLEAR,DAYLIGHT,PEDESTRIAN,NOT DIVIDED,STOP SIGN/FLASHER,FAILING TO REDUCE SPEED,IMPROPER OVERTAKING/PASSING,0,0,0,0,13,4,5,2318,STONY ISLAND AVE,41.907254,-87.565108,05/30/2018 01:52:00 PM,2018
CR00034895,08/22/2024 08:28:00 AM,40,RAIN,DAWN,ANGLE,NOT DIVIDED,TRAFFIC SIGNAL,FOLLOWING TOO CLOSELY,IMPROPER OVERTAKING/PASSING,0,0,0,0,8,5,8,289,47TH ST,41.972694,-87.627134,08/22/2024 10:21:00 AM,2024
CR00034896,04/24/2023 09:58:00 AM,35,CLEAR,DAYLIGHT,REAR END,ONE-WAY,NO CONTROLS,FAILING TO YIELD RIGHT-OF-WAY,DISTRACTION - FROM INSIDE VEHICLE,0,0,0,0,9,2,4,550,LAKE SHORE DR,41.787294,-87.630579,04/24/2023 11:10:00 AM,2023
CR00034897,11/06/2015 05:18:00 PM,35,CLEAR,DARKNESS - LIGHTED ROAD,REAR END,NOT DIVIDED,PEDESTRIAN CROSSING SIGN,FAILING TO YIELD RIGHT-OF-WAY,IMPROPER LANE USAGE,0,0,0,0,17,6,11,1810,ARCHER AVE,41.980126,-87.546498,11/06/2015 05:55:00 PM,2015
CR00034898,12/25/2015 08:28:00 PM,30,CLEAR,DAYLIGHT,TURNING,DIVIDED - W/MEDIAN (NOT RAISED),STOP SIGN/FLASHER,FAILING TO REDUCE SPEED,UNABLE TO DETERMINE,0,0,0,0,20,6,12,1686,ASHLAND AVE,41.861223,-87.813915,12/25/2015 09:42:00 PM,2015
CR00034899,02/24/2021 11:31:00 AM,15,CLEAR,DARKNESS - LIGHTED ROAD,TURNING,FOUR WAY,TRAFFIC SIGNAL,UNABLE TO DETERMINE,WEATHER,0,0,0,0,11,4,2,633,47TH ST,41.878029,-87.803481,02/24/2021 11:57:00 AM,2021
CR00034900,08/08/2019 08:06:00 AM,15,CLEAR,DAYLIGHT,PARKED MOTOR VEHICLE,DIVIDED - W/MEDIAN BARRIER,TRAFFIC SIGNAL,FAILING TO YIELD RIGHT-OF-WAY,UNABLE TO DETERMINE,0,0,0,0,8,5,8,1433,STATE ST,41.849769,-87.578967,08/08/2019 08:26:00 AM,2019
CR00034901,04/21/2015 07:24:00 AM,35,CLEAR,DARKNESS - LIGHTED ROAD,FIXED OBJECT,DIVIDED - W/MEDIAN BARRIER,UNKNOWN,FOLLOWING TOO CLOSELY,NOT APPLICABLE,0,0,0,0,7,3,4,1607,ARCHER AVE,41.992628,-87.696974,04/21/2015 08:32:00 AM,2015
CR00034902,04/07/2022 05:35:00 PM,30,CLEAR,DAWN,TURNING,DIVIDED - W/MEDIAN (NOT RAISED),STOP SIGN/FLASHER,UNABLE TO DETERMINE,WEATHER,0,0,0,0,17,5,4,1054,63RD ST,41.75802,-87.699872,04/07/2022 07:29:00 PM,2022
CR00034903,12/19/2015 09:49:00 AM,30,CLEAR,DARKNESS - LIGHTED ROAD,REAR END,FOUR WAY,NO CONTROLS,DISREGARDING TRAFFIC SIGNALS,UNABLE TO DETERMINE,0,0,1,1,9,7,12,1581,FULLERTON AVE,41.767714,-87.653118,12/19/2015 11:41:00 AM,2015
CR00034904,07/24/2016 08:31:00 AM,30,CLEAR,DAYLIGHT,PARKED MOTOR VEHICLE,ONE-WAY,TRAFFIC SIGNAL,DRIVING SKILLS/KNOWLEDGE/EXPERIENCE,IMPROPER OVERTAKING/PASSING,0,0,0,0,8,1,7,804,79TH ST,41.804092,-87.674858,07/24/2016 09:47:00 AM,2016
CR00034905,05/03/2017 09:09:00 PM,25,RAIN,DAYLIGHT,REAR END,FOUR WAY,TRAFFIC SIGNAL,UNABLE TO DETERMINE,FAILING TO YIELD RIGHT-OF-WAY,0,0,0,0,21,4,5,1598,CICERO AVE,41.863576,-87.745823,05/03/2017 10:36:00 PM,2017
CR00034906,03/16/2023 06:39:00 PM,45,CLEAR,DUSK,FIXED OBJECT,ONE-WAY,NO CONTROLS,UNABLE TO DETERMINE,FAILING TO YIELD RIGHT-OF-WAY,0,0,0,0,18,5,3,1736,STONY ISLAND AVE,41.917714,-87.681963,03/16/2023 06:56:00 PM,2023
CR00034907,02/15/2020 01:11:00 AM,30,CLEAR,DAYLIGHT,TURNING,NOT DIVIDED,UNKNOWN,FAILING TO YIELD RIGHT-OF-WAY,FOLLOWING TOO CLOSELY,0,0,0,0,1,7,2,1256,MICHIGAN AVE,41.865103,-87.736731,02/15/2020 02:26:00 AM,2020
CR00034908,01/01/2023 06:09:00 PM,30,CLEAR,DAYLIGHT,SIDESWIPE SAME DIRECTION,DIVIDED - W/MEDIAN (NOT RAISED),UNKNOWN,FOLLOWING TOO CLOSELY,FAILING TO REDUCE SPEED,0,0,0,0,18,1,1,2054,DAMEN AVE,41.930171,-87.820016,01/01/2023 07:10:00 PM,2023
CR00034909,06/24/2015 01:24:00 AM,45,CLEAR,DARKNESS,REAR END,FOUR WAY,NO CONTROLS,UNABLE TO DETERMINE,NOT APPLICABLE,0,0,1,1,1,4,6,597,ARCHER AVE,41.797348,-87.754731,06/24/2015 01:26:00 AM,2015
CR00034910,10/01/2022 08:02:00 PM,35,SNOW,DAYLIGHT,SIDESWIPE SAME DIRECTION,NOT DIVIDED,YIELD,IMPROPER OVERTAKING/PASSING,NOT APPLICABLE,0,0,1,1,20,7,10,1468,OGDEN AVE,41.853395,-87.701692,10/01/2022 09:40:00 PM,2022
CR00034911,11/26/2016 05:06:00 PM,20,RAIN,DAYLIGHT,PEDESTRIAN,DIVIDED - W/MEDIAN BARRIER,NO CONTROLS,DISTRACTION - FROM INSIDE VEHICLE,NOT APPLICABLE,0,0,0,0,17,7,11,2062,OGDEN AVE,41.820263,-87.783504,11/26/2016 06:14:00 PM,2016
CR00034912,09/23/2024 12:45:00 PM,15,SNOW,DAYLIGHT,REAR END,NOT DIVIDED,PEDESTRIAN CROSSING SIGN,DISTRACTION - FROM INSIDE VEHICLE,DISTRACTION - FROM INSIDE VEHICLE,0,0,1,1,12,2,9,2327,ARCHER AVE,41.811549,-87.772327,09/23/2024 01:36:00 PM,2024
CR00034913,11/18/2017 05:35:00 AM,45,CLEAR,DARKNESS,REAR END,NOT DIVIDED,NO CONTROLS,FAILING TO YIELD RIGHT-OF-WAY,NOT APPLICABLE,0,0,3,3,5,7,11,2513,STONY ISLAND AVE,41.733417,-87.531063,11/18/2017 06:59:00 AM,2017
CR00034914,07/31/2015 05:04:00 AM,15,CLEAR,DAYLIGHT,SIDESWIPE SAME DIRECTION,DIVIDED - W/MEDIAN BARRIER,NO CONTROLS,WEATHER,UNABLE TO DETERMINE,0,0,0,0,5,6,7,1732,BROADWAY,41.843034,-87.561982,07/31/2015 05:10:00 AM,2015
CR00034915,02/13/2021 01:44:00 PM,30,CLEAR,DAYLIGHT,REAR END,NOT DIVIDED,TRAFFIC SIGNAL,UNABLE TO DETERMINE,FAILING TO YIELD RIGHT-OF-WAY,0,0,1,1,13,7,2,707,LAKE SHORE DR,41.850319,-87.629864,02/13/2021 03:03:00 PM,2021
CR00034916,02/24/2020 04:45:00 PM,30,SNOW,DARKNESS - LIGHTED ROAD,PARKED MOTOR VEHICLE,NOT DIVIDED,TRAFFIC SIGNAL,UNABLE TO DETERMINE,UNABLE TO DETERMINE,0,0,0,0,16,2,2,1790,IRVING PARK RD,41.811532,-87.7856,02/24/2020 05:57:00 PM,2020
CR00034917,01/06/2022 09:32:00 AM,40,CLEAR,DAYLIGHT,TURNING,NOT DIVIDED,UNKNOWN,DISTRACTION - FROM INSIDE VEHICLE,UNABLE TO DETERMINE,0,0,0,0,9,5,1,1914,79TH ST,41.737532,-87.507047,01/06/2022 11:07:00 AM,2022
CR00034918,05/07/2021 08:17:00 AM,30,CLEAR,DAYLIGHT,TURNING,DIVIDED - W/MEDIAN (NOT RAISED),STOP SIGN/FLASHER,UNABLE TO DETERMINE,DISTRACTION - FROM INSIDE VEHICLE,0,0,0,0,8,6,5,733,LAKE SHORE DR,41.990636,-87.681829,05/07/2021 08:48:00 AM,2021
CR00034919,08/30/2017 09:40:00 AM,30,CLEAR,DARKNESS - LIGHTED ROAD,REAR END,NOT DIVIDED,NO CONTROLS,IMPROPER OVERTAKING/PASSING,DRIVING SKILLS/KNOWLEDGE/EXPERIENCE,0,0,1,1,9,4,8,1514,DIVISION ST,41.989487,-87.821212,08/30/2017 11:25:00 AM,2017
CR00034920,05/05/2020 06:23:00 PM,40,CLEAR,DAYLIGHT,SIDESWIPE SAME DIRECTION,FOUR WAY,STOP SIGN/FLASHER,UNABLE TO DETERMINE,FAILING TO YIELD RIGHT-OF-WAY,0,0,0,0,18,3,5,2438,63RD ST,41.777559,-87.666254,05/05/2020 08:22:00 PM,2020
CR00034921,07/23/2023 08:32:00 AM,30,CLEAR,DARKNESS,SIDESWIPE SAME DIRECTION,DIVIDED - W/MEDIAN (NOT RAISED),STOP SIGN/FLASHER,FOLLOWING TOO CLOSELY,NOT APPLICABLE,0,0,0,0,8,1,7,1317,47TH ST,41.714337,-87.801967,07/23/2023 10:22:00 AM,2023
CR00034922,02/14/2016 07:35:00 AM,30,CLEAR,DAYLIGHT,REAR END,DIVIDED - W/MEDIAN (NOT RAISED),STOP SIGN/FLASHER,IMPROPER LANE USAGE,UNABLE TO DETERMINE,0,2,1,3,7,1,2,1358,CALIFORNIA AVE,41.769826,-87.617984,02/14/2016 09:04:00 AM,2016
CR00034923,01/31/2017 07:06:00 PM,30,CLEAR,DAYLIGHT,ANGLE,NOT DIVIDED,NO CONTROLS,FAILING TO YIELD RIGHT-OF-WAY,FOLLOWING TOO CLOSELY,0,0,1,1,19,3,1,2115,PULASKI RD,41.910563,-87.513525,01/31/2017 07:07:00 PM,2017
CR00034924,10/16/2022 08:19:00 PM,15,CLEAR,DARKNESS,TURNING,ONE-WAY,NO CONTROLS,FAILING TO YIELD RIGHT-OF-WAY,FAILING TO YIELD RIGHT-OF-WAY,0,0,0,0,20,1,10,1026,STONY ISLAND AVE,41.83289,-87.815816,10/16/2022 09:20:00 PM,2022
CR00034925,01/26/2024 12:06:00 PM,30,RAIN,DAYLIGHT,REAR END,NOT DIVIDED,STOP SIGN/FLASHER,UNABLE TO DETERMINE,DISREGARDING TRAFFIC SIGNALS,0,0,0,0,12,6,1,1170,CLARK ST,41.951853,-87.572271,01/26/2024 01:58:00 PM,2024
CR00034926,02/01/2021 10:07:00 AM,35,RAIN,DAYLIGHT,SIDESWIPE SAME DIRECTION,NOT DIVIDED,UNKNOWN,FAILING TO YIELD RIGHT-OF-WAY,DISTRACTION - FROM INSIDE VEHICLE,0,0,0,0,10,2,2,1122,63RD ST,41.994576,-87.614226,02/01/2021 10:28:00 AM,2021
CR00034927,06/25/2019 04:52:00 AM,30,CLEAR,DARKNESS - LIGHTED ROAD,ANGLE,NOT DIVIDED,NO CONTROLS,IMPROPER OVERTAKING/PASSING,UNABLE TO DETERMINE,0,1,3,4,4,3,6,372,WESTERN AVE,41.81387,-87.61964,06/25/2019 06:20:00 AM,2019
CR00034928,10/21/2018 12:01:00 PM,25,CLEAR,DARKNESS - LIGHTED ROAD,REAR END,DIVIDED - W/MEDIAN (NOT RAISED),TRAFFIC SIGNAL,FAILING TO YIELD RIGHT-OF-WAY,IMPROPER LANE USAGE,0,0,0,0,12,1,10,2462,HALSTED ST,41.997913,-87.692555,10/21/2018 01:54:00 PM,2018
CR00034929,01/22/2019 11:37:00 AM,15,CLEAR,DARKNESS - LIGHTED ROAD,REAR END,ONE-WAY,STOP SIGN/FLASHER,FAILING TO REDUCE SPEED,FOLLOWING TOO CLOSELY,0,0,1,1,11,3,1,1732,ROOSEVELT RD,41.815346,-87.815505,01/22/2019 01:05:00 PM,2019
CR00034930,06/11/2017 12:46:00 PM,30,RAIN,DARKNESS,FIXED OBJECT,ONE-WAY,STOP SIGN/FLASHER,UNABLE TO DETERMINE,NOT APPLICABLE,0,0,1,1,12,1,6,2373,ASHLAND AVE,41.753131,-87.685103,06/11/2017 01:56:00 PM,2017
CR00034931,04/02/2019 12:42:00 AM,25,CLOUDY/OVERCAST,DARKNESS - LIGHTED ROAD,PEDESTRIAN,NOT DIVIDED,TRAFFIC SIGNAL,FAILING TO YIELD RIGHT-OF-WAY,FAILING TO YIELD RIGHT-OF-WAY,0,0,0,0,0,3,4,979,CALIFORNIA AVE,41.934872,-87.547805,04/02/2019 01:28:00 AM,2019
CR00034932,05/25/2019 09:55:00 PM,30,CLEAR,DARKNESS - LIGHTED ROAD,SIDESWIPE SAME DIRECTION,FOUR WAY,YIELD,FOLLOWING TOO CLOSELY,DRIVING SKILLS/KNOWLEDGE/EXPERIENCE,0,0,0,0,21,7,5,1406,CLARK ST,41.959526,-87.778466,05/25/2019 10:07:00 PM,2019
CR00034933,10/20/2023 03:52:00 AM,35,CLEAR,DAYLIGHT,ANGLE,DIVIDED - W/MEDIAN (NOT RAISED),NO CONTROLS,FOLLOWING TOO CLOSELY,WEATHER,0,0,0,0,3,6,10,641,ASHLAND AVE,41.881924,-87.506021,10/20/2023 05:10:00 AM,2023
CR00034934,12/16/2022 03:09:00 AM,30,RAIN,DAWN,PARKED MOTOR VEHICLE,FOUR WAY,UNKNOWN,FAILING TO YIELD RIGHT-OF-WAY,DRIVING SKILLS/KNOWLEDGE/EXPERIENCE,0,0,1,1,3,6,12,2383,MILWAUKEE AVE,41.838475,-87.581571,12/16/2022 03:49:00 AM,2022
CR00034935,11/26/2021 09:19:00 AM,30,CLEAR,DAYLIGHT,REAR TO FRONT,DIVIDED - W/MEDIAN BARRIER,TRAFFIC SIGNAL,FOLLOWING TOO CLOSELY,DRIVING SKILLS/KNOWLEDGE/EXPERIENCE,0,0,3,3,9,6,11,1687,ARCHER AVE,41.896561,-87.750872,11/26/2021 10:42:00 AM,2021
CR00034936,07/26/2017 08:47:00 AM,20,CLEAR,DAYLIGHT,REAR END,NOT DIVIDED,STOP SIGN/FLASHER,UNABLE TO DETERMINE,DISTRACTION - FROM INSIDE VEHICLE,0,0,0,0,8,4,7,846,MILWAUKEE AVE,41.851806,-87.604797,07/26/2017 09:01:00 AM,2017
CR00034937,06/30/2016 05:37:00 PM,30,RAIN,DARKNESS - LIGHTED ROAD,SIDESWIPE SAME DIRECTION,NOT DIVIDED,NO CONTROLS,UNABLE TO DETERMINE,FAILING TO REDUCE SPEED,0,0,0,0,17,5,6,1996,KEDZIE AVE,41.803541,-87.715351,06/30/2016 06:16:00 PM,2016
CR00034938,08/30/2020 01:30:00 AM,45,CLEAR,DARKNESS - LIGHTED ROAD,PARKED MOTOR VEHICLE,DIVIDED - W/MEDIAN (NOT RAISED),STOP SIGN/FLASHER,FOLLOWING TOO CLOSELY,NOT APPLICABLE,0,0,1,1,1,1,8,1814,WESTERN AVE,41.834849,-87.507066,08/30/2020 03:00:00 AM,2020
CR00034939,01/03/2016 10:16:00 PM,35,CLOUDY/OVERCAST,DAYLIGHT,PARKED MOTOR VEHICLE,FOUR WAY,NO CONTROLS,FOLLOWING TOO CLOSELY,UNABLE TO DETERMINE,0,0,0,0,22,1,1,2358,MICHIGAN AVE,41.994725,-87.697423,01/03/2016 10:48:00 PM,2016
CR00034940,02/24/2016 10:32:00 AM,20,CLEAR,DARKNESS - LIGHTED ROAD,REAR END,DIVIDED - W/MEDIAN BARRIER,NO CONTROLS,FAILING TO REDUCE SPEED,NOT APPLICABLE,0,0,0,0,10,4,2,438,ROOSEVELT RD,41.822906,-87.688201,02/24/2016 12:01:00 PM,2016
CR00034941,06/12/2018 11:18:00 AM,30,CLEAR,DAYLIGHT,TURNING,DIVIDED - W/MEDIAN BARRIER,NO CONTROLS,IMPROPER OVERTAKING/PASSING,DRIVING SKILLS/KNOWLEDGE/EXPERIENCE,0,0,0,0,11,3,6,157,ELSTON AVE,41.734356,-87.604921,06/12/2018 11:42:00 AM,2018
CR00034942,11/03/2021 03:04:00 PM,25,CLEAR,DAYLIGHT,ANGLE,NOT DIVIDED,NO CONTROLS,FAILING TO YIELD RIGHT-OF-WAY,DISREGARDING TRAFFIC SIGNALS,0,0,0,0,15,4,11,1354,MILWAUKEE AVE,41.956384,-87.503044,11/03/2021 04:18:00 PM,2021
CR00034943,12/19/2018 04:24:00 AM,40,CLEAR,DARKNESS - LIGHTED ROAD,SIDESWIPE SAME DIRECTION,DIVIDED - W/MEDIAN (NOT RAISED),TRAFFIC SIGNAL,UNABLE TO DETERMINE,FAILING TO YIELD RIGHT-OF-WAY,0,0,0,0,4,4,12,278,WESTERN AVE,41.833707,-87.732474,12/19/2018 04:54:00 AM,2018
CR00034944,03/11/2020 05:47:00 PM,25,RAIN,DUSK,PARKED MOTOR VEHICLE,NOT DIVIDED,YIELD,IMPROPER OVERTAKING/PASSING,UNABLE TO DETERMINE,0,0,1,1,17,4,3,1632,ROOSEVELT RD,41.937231,-87.663665,03/11/2020 06:50:00 PM,2020
CR00034945,10/13/2022 10:21:00 AM,25,CLEAR,DARKNESS - LIGHTED ROAD,TURNING,T-INTERSECTION,NO CONTROLS,DISREGARDING TRAFFIC SIGNALS,DISREGARDING TRAFFIC SIGNALS,0,0,0,0,10,5,10,621,HALSTED ST,41.731977,-87.712925,10/13/2022 11:50:00 AM,2022
CR00034946,09/27/2022 07:41:00 PM,15,CLEAR,DARKNESS - LIGHTED ROAD,REAR TO FRONT,DIVIDED - W/MEDIAN (NOT RAISED),NO CONTROLS,DRIVING SKILLS/KNOWLEDGE/EXPERIENCE,UNABLE TO DETERMINE,0,0,0,0,19,3,9,1214,IRVING PARK RD,41.749352,-87.746062,09/27/2022 08:18:00 PM,2022
CR00034947,01/11/2019 05:24:00 PM,30,CLEAR,DAYLIGHT,PARKED MOTOR VEHICLE,DIVIDED - W/MEDIAN (NOT RAISED),TRAFFIC SIGNAL,UNABLE TO DETERMINE,FAILING TO YIELD RIGHT-OF-WAY,0,0,0,0,17,6,1,1114,79TH ST,41.844696,-87.808255,01/11/2019 07:02:00 PM,2019
CR00034948,02/23/2018 04:41:00 PM,30,CLEAR,DAYLIGHT,TURNING,FOUR WAY,TRAFFIC SIGNAL,FAILING TO YIELD RIGHT-OF-WAY,FAILING TO YIELD RIGHT-OF-WAY,0,0,0,0,16,6,2,390,HALSTED ST,41.8013,-87.633595,02/23/2018 05:16:00 PM,2018
CR00034949,07/07/2022 01:32:00 PM,40,RAIN,DARKNESS - LIGHTED ROAD,REAR END,T-INTERSECTION,NO CONTROLS,DISREGARDING TRAFFIC SIGNALS,DISREGARDING TRAFFIC SIGNALS,0,0,1,1,13,5,7,978,STATE ST,41.991061,-87.513396,07/07/2022 01:37:00 PM,2022
CR00034950,04/30/2017 05:39:00 PM,35,CLEAR,DAYLIGHT,PARKED MOTOR VEHICLE,ONE-WAY,NO CONTROLS,WEATHER,FOLLOWING TOO CLOSELY,0,0,2,2,17,1,4,2502,ASHLAND AVE,41.814158,-87.564203,04/30/2017 06:42:00 PM,2017
CR00034951,09/03/2017 11:41:00 PM,25,CLEAR,DAYLIGHT,ANGLE,NOT DIVIDED,STOP SIGN/FLASHER,IMPROPER OVERTAKING/PASSING,DRIVING SKILLS/KNOWLEDGE/EXPERIENCE,0,0,0,0,23,1,9,618,CALIFORNIA AVE,41.96629,-87.501356,09/04/2017 12:27:00 AM,2017
CR00034952,04/12/2023 08:46:00 PM,30,SNOW,DARKNESS - LIGHTED ROAD,SIDESWIPE SAME DIRECTION,ONE-WAY,UNKNOWN,UNABLE TO DETERMINE,FAILING TO YIELD RIGHT-OF-WAY,0,2,1,3,20,4,4,565,47TH ST,41.79152,-87.660938,04/12/2023 08:58:00 PM,2023
CR00034953,12/26/2015 02:10:00 PM,30,CLEAR,DAYLIGHT,PARKED MOTOR VEHICLE,DIVIDED - W/MEDIAN BARRIER,NO CONTROLS,IMPROPER OVERTAKING/PASSING,FAILING TO YIELD RIGHT-OF-WAY,0,0,0,0,14,7,12,1744,MILWAUKEE AVE,41.839936,-87.619939,12/26/2015 04:00:00 PM,2015
CR00034954,10/24/2023 07:40:00 PM,35,CLEAR,DAYLIGHT,ANGLE,NOT DIVIDED,TRAFFIC SIGNAL,UNABLE TO DETERMINE,FOLLOWING TOO CLOSELY,0,0,1,1,19,3,10,646,ASHLAND AVE,41.866822,-87.542819,10/24/2023 08:04:00 PM,2023
CR00034955,07/29/2018 08:52:00 PM,45,CLEAR,DAYLIGHT,TURNING,ONE-WAY,TRAFFIC SIGNAL,FOLLOWING TOO CLOSELY,FAILING TO YIELD RIGHT-OF-WAY,0,0,0,0,20,1,7,2250,STATE ST,41.987372,-87.78796,07/29/2018 09:32:00 PM,2018
CR00034956,01/07/2018 05:07:00 PM,15,CLEAR,DAYLIGHT,ANGLE,DIVIDED - W/MEDIAN BARRIER,STOP SIGN/FLASHER,IMPROPER OVERTAKING/PASSING,FOLLOWING TOO CLOSELY,0,0,1,1,17,1,1,1851,ROOSEVELT RD,41.848155,-87.589353,01/07/2018 05:30:00 PM,2018
CR00034957,09/15/2021 11:49:00 AM,35,CLEAR,DARKNESS - LIGHTED ROAD,FIXED OBJECT,NOT DIVIDED,UNKNOWN,FAILING TO REDUCE SPEED,FAILING TO YIELD RIGHT-OF-WAY,0,0,0,0,11,4,9,1483,47TH ST,41.821503,-87.607211,09/15/2021 12:43:00 PM,2021
CR00034958,10/24/2020 11:40:00 AM,20,CLEAR,DAYLIGHT,SIDESWIPE SAME DIRECTION,NOT DIVIDED,NO CONTROLS,FOLLOWING TOO CLOSELY,FOLLOWING TOO CLOSELY,0,0,0,0,11,7,10,967,79TH ST,41.808378,-87.521452,10/24/2020 01:32:00 PM,2020
CR00034959,03/29/2017 03:26:00 PM,35,CLEAR,DARKNESS - LIGHTED ROAD,TURNING,NOT DIVIDED,UNKNOWN,UNABLE TO DETERMINE,NOT APPLICABLE,0,0,0,0,15,4,3,760,STATE ST,41.819936,-87.778916,03/29/2017 04:45:00 PM,2017
CR00034960,08/05/2020 01:33:00 PM,20,CLOUDY/OVERCAST,DAYLIGHT,TURNING,NOT DIVIDED,STOP SIGN/FLASHER,FAILING TO YIELD RIGHT-OF-WAY,IMPROPER LANE USAGE,0,0,0,0,13,4,8,1071,ASHLAND AVE,41.821287,-87.56234,08/05/2020 02:55:00 PM,2020
CR00034961,02/10/2015 07:10:00 AM,45,CLEAR,DARKNESS - LIGHTED ROAD,REAR END,NOT DIVIDED,NO CONTROLS,FOLLOWING TOO CLOSELY,WEATHER,0,0,0,0,7,3,2,2442,MILWAUKEE AVE,41.726686,-87.679234,02/10/2015 08:18:00 AM,2015
CR00034962,03/25/2015 07:40:00 AM,30,CLEAR,DARKNESS,TURNING,DIVIDED - W/MEDIAN (NOT RAISED),NO CONTROLS,DISTRACTION - FROM INSIDE VEHICLE,IMPROPER LANE USAGE,0,0,0,0,7,4,3,2301,CALIFORNIA AVE,41.932044,-87.576388,03/25/2015 07:41:00 AM,2015
CR00034963,05/18/2023 08:19:00 AM,25,CLOUDY/OVERCAST,DAYLIGHT,PARKED MOTOR VEHICLE,NOT DIVIDED,UNKNOWN,UNABLE TO DETERMINE,UNABLE TO DETERMINE,0,0,0,0,8,5,5,1727,79TH ST,41.950789,-87.671176,05/18/2023 08:47:00 AM,2023
CR00034964,06/27/2020 03:01:00 AM,15,CLEAR,DAYLIGHT,REAR END,NOT DIVIDED,STOP SIGN/FLASHER,UNABLE TO DETERMINE,UNABLE TO DETERMINE,0,0,0,0,3,7,6,944,CICERO AVE,41.767456,-87.762199,06/27/2020 03:26:00 AM,2020
CR00034965,04/14/2023 03:56:00 AM,25,CLEAR,DAYLIGHT,ANGLE,NOT DIVIDED,NO CONTROLS,FAILING TO YIELD RIGHT-OF-WAY,FAILING TO REDUCE SPEED,0,0,0,0,3,6,4,165,DAMEN AVE,41.714167,-87.824386,04/14/2023 04:47:00 AM,2023
CR00034966,05/13/2019 08:02:00 AM,45,CLEAR,DAYLIGHT,REAR END,ONE-WAY,TRAFFIC SIGNAL,FOLLOWING TOO CLOSELY,DISTRACTION - FROM INSIDE VEHICLE,0,0,0,0,8,2,5,1178,DAMEN AVE,41.8829,-87.724237,05/13/2019 09:05:00 AM,2019
CR00034967,04/15/2022 02:43:00 PM,35,CLOUDY/OVERCAST,DAYLIGHT,TURNING,NOT DIVIDED,NO CONTROLS,FOLLOWING TOO CLOSELY,UNABLE TO DETERMINE,0,0,0,0,14,6,4,274,CLARK ST,41.931713,-87.723893,04/15/2022 04:21:00 PM,2022
CR00034968,05/13/2023 11:17:00 AM,35,RAIN,DUSK,FIXED OBJECT,NOT DIVIDED,NO CONTROLS,FAILING TO YIELD RIGHT-OF-WAY,DRIVING SKILLS/KNOWLEDGE/EXPERIENCE,0,0,2,2,11,7,5,545,ROOSEVELT RD,41.763255,-87.731475,05/13/2023 12:48:00 PM,2023
CR00034969,06/03/2019 10:13:00 AM,30,CLEAR,DAYLIGHT,TURNING,FOUR WAY,NO CONTROLS,DISREGARDING TRAFFIC SIGNALS,UNABLE TO DETERMINE,0,0,0,0,10,2,6,1270,47TH ST,41.869193,-87.748608,06/03/2019 10:52:00 AM,2019
CR00034970,08/01/2024 07:44:00 AM,15,RAIN,DAYLIGHT,TURNING,NOT DIVIDED,NO CONTROLS,UNABLE TO DETERMINE,UNABLE TO DETERMINE,0,0,0,0,7,5,8,404,LAKE SHORE DR,41.970309,-87.699067,08/01/2024 08:09:00 AM,2024
CR00034971,03/14/2017 04:22:00 PM,30,CLEAR,DAYLIGHT,SIDESWIPE SAME DIRECTION,NOT DIVIDED,NO CONTROLS,IMPROPER LANE USAGE,NOT APPLICABLE,0,0,0,0,16,3,3,193,CLARK ST,41.989178,-87.597329,03/14/2017 06:07:00 PM,2017
CR00034972,09/03/2023 02:40:00 PM,30,CLEAR,DAYLIGHT,REAR END,DIVIDED - W/MEDIAN (NOT RAISED),NO CONTROLS,FOLLOWING TOO CLOSELY,UNABLE TO DETERMINE,0,0,1,1,14,1,9,213,KEDZIE AVE,41.751249,-87.842695,09/03/2023 02:51:00 PM,2023