CRASH_RECORD_ID,CRASH_DATE,POSTED_SPEED_LIMIT,WEATHER_CONDITION,LIGHTING_CONDITION,FIRST_CRASH_TYPE,TRAFFICWAY_TYPE,TRAFFIC_CONTROL_DEVICE,PRIM_CONTRIBUTORY_CAUSE,SEC_CONTRIBUTORY_CAUSE,INJURIES_FATAL,INJURIES_INCAPACITATING,INJURIES_NON_INCAPACITATING,INJURIES_TOTAL,CRASH_HOUR,CRASH_DAY_OF_WEEK,CRASH_MONTH,BEAT_OF_OCCURRENCE,STREET_NAME,LATITUDE,LONGITUDE,DATE_POLICE_NOTIFIED,year
CR00034973,04/25/2024 10:52:00 PM,45,CLOUDY/OVERCAST,DAYLIGHT,ANGLE,ONE-WAY,NO CONTROLS,FAILING TO REDUCE SPEED,FAILING TO YIELD RIGHT-OF-WAY,0,0,0,0,22,5,4,1445,ROOSEVELT RD,41.846712,-87.824142,04/25/2024 11:05:00 PM,2024
CR00034974,05/01/2017 02:35:00 PM,25,CLEAR,DAWN,PARKED MOTOR VEHICLE,DIVIDED - W/MEDIAN BARRIER,NO CONTROLS,DISTRACTION - FROM INSIDE VEHICLE,NOT APPLICABLE,0,0,0,0,14,2,5,1911,DAMEN AVE,41.889078,-87.776715,05/01/2017 02:53:00 PM,2017
CR00034975,07/23/2017 02:45:00 PM,35,CLEAR,DARKNESS,REAR END,ONE-WAY,TRAFFIC SIGNAL,IMPROPER OVERTAKING/PASSING,NOT APPLICABLE,0,0,0,0,14,1,7,334,STONY ISLAND AVE,41.739547,-87.504533,07/23/2017 03:50:00 PM,2017
CR00034976,01/28/2024 05:41:00 AM,35,CLOUDY/OVERCAST,DAYLIGHT,REAR END,DIVIDED - W/MEDIAN (NOT RAISED),NO CONTROLS,UNABLE TO DETERMINE,FAILING TO YIELD RIGHT-OF-WAY,0,0,0,0,5,1,1,543,ASHLAND AVE,41.945932,-87.568832,01/28/2024 07:40:00 AM,2024
CR00034977,07/20/2022 07:48:00 AM,45,SNOW,DARKNESS,TURNING,NOT DIVIDED,TRAFFIC SIGNAL,FAILING TO YIELD RIGHT-OF-WAY,FAILING TO YIELD RIGHT-OF-WAY,0,0,1,1,7,4,7,1410,DIVISION ST,41.783451,-87.562559,07/20/2022 09:46:00 AM,2022
CR00034978,07/16/2016 08:28:00 AM,35,CLEAR,DAYLIGHT,SIDESWIPE SAME DIRECTION,NOT DIVIDED,STOP SIGN/FLASHER,FAILING TO REDUCE SPEED,FOLLOWING TOO CLOSELY,0,0,0,0,8,7,7,940,ELSTON AVE,41.774236,-87.784086,07/16/2016 09:39:00 AM,2016
CR00034979,05/18/2021 05:48:00 PM,35,FREEZING RAIN/DRIZZLE,DAYLIGHT,REAR END,NOT DIVIDED,TRAFFIC SIGNAL,FOLLOWING TOO CLOSELY,FAILING TO YIELD RIGHT-OF-WAY,0,1,3,4,17,3,5,114,WESTERN AVE,41.909128,-87.789406,05/18/2021 05:50:00 PM,2021
CR00034980,10/06/2017 04:54:00 PM,40,CLEAR,DAYLIGHT,ANGLE,ONE-WAY,TRAFFIC SIGNAL,IMPROPER LANE USAGE,DISTRACTION - FROM INSIDE VEHICLE,0,0,0,0,16,6,10,1774,ROOSEVELT RD,41.979949,-87.819161,10/06/2017 05:56:00 PM,2017
CR00034981,06/24/2020 03:12:00 PM,30,RAIN,DAYLIGHT,REAR END,NOT DIVIDED,UNKNOWN,DRIVING SKILLS/KNOWLEDGE/EXPERIENCE,IMPROPER LANE USAGE,0,0,1,1,15,4,6,359,47TH ST,41.987193,-87.623045,06/24/2020 03:39:00 PM,2020
CR00034982,10/17/2021 04:36:00 PM,30,CLEAR,DARKNESS,REAR END,DIVIDED - W/MEDIAN BARRIER,TRAFFIC SIGNAL,FOLLOWING TOO CLOSELY,IMPROPER OVERTAKING/PASSING,0,0,0,0,16,1,10,1393,63RD ST,41.816164,-87.76162,10/17/2021 06:05:00 PM,2021
CR00034983,08/06/2016 09:48:00 AM,30,CLEAR,DARKNESS - LIGHTED ROAD,PARKED MOTOR VEHICLE,T-INTERSECTION,NO CONTROLS,FOLLOWING TOO CLOSELY,DISREGARDING TRAFFIC SIGNALS,0,0,0,0,9,7,8,2204,IRVING PARK RD,41.980306,-87.746607,08/06/2016 09:52:00 AM,2016
CR00034984,10/16/2020 09:15:00 AM,40,CLOUDY/OVERCAST,DAYLIGHT,REAR END,ONE-WAY,STOP SIGN/FLASHER,UNABLE TO DETERMINE,UNABLE TO DETERMINE,0,0,0,0,9,6,10,582,MICHIGAN AVE,41.898199,-87.696786,10/16/2020 10:59:00 AM,2020
CR00034985,05/23/2020 11:00:00 PM,25,CLEAR,DAYLIGHT,ANGLE,FOUR WAY,STOP SIGN/FLASHER,IMPROPER LANE USAGE,UNABLE TO DETERMINE,0,0,0,0,23,7,5,2032,ELSTON AVE,41.832194,-87.717909,05/24/2020 12:18:00 AM,2020
CR00034986,06/26/2020 04:28:00 AM,15,CLEAR,DARKNESS - LIGHTED ROAD,TURNING,DIVIDED - W/MEDIAN (NOT RAISED),STOP SIGN/FLASHER,DISREGARDING TRAFFIC SIGNALS,FAILING TO REDUCE SPEED,0,0,1,1,4,6,6,561,FULLERTON AVE,41.841929,-87.822181,06/26/2020 05:39:00 AM,2020
CR00034987,08/08/2015 07:50:00 AM,25,RAIN,DARKNESS - LIGHTED ROAD,REAR END,ONE-WAY,NO CONTROLS,DRIVING SKILLS/KNOWLEDGE/EXPERIENCE,DISTRACTION - FROM INSIDE VEHICLE,0,0,1,1,7,7,8,108,STONY ISLAND AVE,41.801281,-87.533962,08/08/2015 08:26:00 AM,2015
CR00034988,03/24/2015 08:55:00 AM,35,CLEAR,DARKNESS,REAR END,NOT DIVIDED,NO CONTROLS,UNABLE TO DETERMINE,IMPROPER OVERTAKING/PASSING,0,0,0,0,8,3,3,977,47TH ST,41.7956,-87.656975,03/24/2015 09:14:00 AM,2015
CR00034989,04/11/2022 11:54:00 AM,35,SNOW,DARKNESS - LIGHTED ROAD,TURNING,NOT DIVIDED,TRAFFIC SIGNAL,UNABLE TO DETERMINE,FAILING TO REDUCE SPEED,0,0,0,0,11,2,4,634,ROOSEVELT RD,41.850659,-87.587183,04/11/2022 01:23:00 PM,2022
CR00034990,04/20/2020 10:11:00 AM,30,SNOW,DAWN,ANGLE,NOT DIVIDED,NO CONTROLS,IMPROPER OVERTAKING/PASSING,NOT APPLICABLE,0,0,1,1,10,2,4,737,ARCHER AVE,41.748372,-87.552261,04/20/2020 10:56:00 AM,2020
CR00034991,08/28/2020 07:08:00 AM,25,CLOUDY/OVERCAST,DAYLIGHT,FIXED OBJECT,NOT DIVIDED,STOP SIGN/FLASHER,FAILING TO REDUCE SPEED,UNABLE TO DETERMINE,0,0,0,0,7,6,8,182,DIVISION ST,41.758254,-87.634922,08/28/2020 08:43:00 AM,2020
CR00034992,04/01/2015 07:07:00 PM,30,CLEAR,DUSK,PEDESTRIAN,DIVIDED - W/MEDIAN BARRIER,NO CONTROLS,IMPROPER OVERTAKING/PASSING,NOT APPLICABLE,0,0,0,0,19,4,4,137,LAKE SHORE DR,41.73936,-87.724961,04/01/2015 08:41:00 PM,2015
CR00034993,08/20/2015 08:02:00 AM,35,CLEAR,DARKNESS - LIGHTED ROAD,SIDESWIPE SAME DIRECTION,FOUR WAY,TRAFFIC SIGNAL,FAILING TO YIELD RIGHT-OF-WAY,UNABLE TO DETERMINE,0,0,1,1,8,5,8,1634,MICHIGAN AVE,41.730249,-87.636593,08/20/2015 09:20:00 AM,2015
CR00034994,12/01/2017 07:38:00 AM,30,CLEAR,DAYLIGHT,SIDESWIPE SAME DIRECTION,NOT DIVIDED,STOP SIGN/FLASHER,IMPROPER OVERTAKING/PASSING,WEATHER,0,0,0,0,7,6,12,960,47TH ST,41.87184,-87.712264,12/01/2017 08:40:00 AM,2017
CR00034995,02/12/2016 04:49:00 PM,25,CLEAR,DAYLIGHT,PARKED MOTOR VEHICLE,NOT DIVIDED,TRAFFIC SIGNAL,DISTRACTION - FROM INSIDE VEHICLE,UNABLE TO DETERMINE,0,0,0,0,16,6,2,1662,STATE ST,41.893388,-87.826398,02/12/2016 04:56:00 PM,2016
CR00034996,08/09/2020 06:16:00 PM,30,CLEAR,DAYLIGHT,SIDESWIPE SAME DIRECTION,NOT DIVIDED,TRAFFIC SIGNAL,FAILING TO YIELD RIGHT-OF-WAY,NOT APPLICABLE,0,0,0,0,18,1,8,544,OGDEN AVE,41.98533,-87.631018,08/09/2020 06:20:00 PM,2020
CR00034997,10/26/2024 04:07:00 PM,45,CLEAR,DARKNESS - LIGHTED ROAD,FIXED OBJECT,FOUR WAY,NO CONTROLS,UNABLE TO DETERMINE,UNABLE TO DETERMINE,0,0,0,0,16,7,10,636,BROADWAY,41.907088,-87.792592,10/26/2024 06:07:00 PM,2024
CR00034998,12/26/2016 04:28:00 PM,30,CLEAR,DARKNESS - LIGHTED ROAD,REAR TO FRONT,FOUR WAY,TRAFFIC SIGNAL,FAILING TO YIELD RIGHT-OF-WAY,IMPROPER OVERTAKING/PASSING,0,0,0,0,16,2,12,225,ROOSEVELT RD,41.835776,-87.604923,12/26/2016 05:03:00 PM,2016
CR00034999,03/11/2016 07:03:00 AM,20,CLEAR,DARKNESS - LIGHTED ROAD,SIDESWIPE SAME DIRECTION,DIVIDED - W/MEDIAN BARRIER,NO CONTROLS,IMPROPER LANE USAGE,FOLLOWING TOO CLOSELY,0,0,0,0,7,6,3,282,STATE ST,41.754354,-87.612641,03/11/2016 07:07:00 AM,2016
CR00035000,05/02/2018 08:04:00 AM,35,CLEAR,DARKNESS,PEDESTRIAN,NOT DIVIDED,PEDESTRIAN CROSSING SIGN,UNABLE TO DETERMINE,NOT APPLICABLE,0,0,1,1,8,4,5,1468,ROOSEVELT RD,41.864131,-87.741514,05/02/2018 09:10:00 AM,2018
CR00035001,10/05/2017 11:12:00 AM,15,CLEAR,DAYLIGHT,REAR TO FRONT,FOUR WAY,STOP SIGN/FLASHER,UNABLE TO DETERMINE,NOT APPLICABLE,0,0,0,0,11,5,10,1087,PULASKI RD,41.974438,-87.596879,10/05/2017 12:57:00 PM,2017
CR00035002,08/27/2022 10:20:00 AM,30,CLEAR,DAYLIGHT,REAR END,NOT DIVIDED,TRAFFIC SIGNAL,DRIVING SKILLS/KNOWLEDGE/EXPERIENCE,FAILING TO REDUCE SPEED,0,2,2,4,10,7,8,1890,STATE ST,41.81617,-87.729314,08/27/2022 11:20:00 AM,2022
CR00035003,09/16/2022 04:21:00 PM,30,RAIN,DAYLIGHT,ANGLE,T-INTERSECTION,STOP SIGN/FLASHER,FOLLOWING TOO CLOSELY,NOT APPLICABLE,0,0,1,1,16,6,9,1219,STONY ISLAND AVE,41.946694,-87.667341,09/16/2022 05:54:00 PM,2022
CR00035004,04/03/2017 08:44:00 AM,30,RAIN,DAYLIGHT,REAR TO FRONT,NOT DIVIDED,STOP SIGN/FLASHER,IMPROPER OVERTAKING/PASSING,UNABLE TO DETERMINE,0,0,0,0,8,2,4,1163,DAMEN AVE,41.802805,-87.565055,04/03/2017 10:22:00 AM,2017
CR00035005,02/10/2019 05:01:00 PM,30,CLEAR,DARKNESS - LIGHTED ROAD,REAR TO FRONT,NOT DIVIDED,TRAFFIC SIGNAL,UNABLE TO DETERMINE,IMPROPER LANE USAGE,0,0,1,1,17,1,2,2429,OGDEN AVE,41.728737,-87.664724,02/10/2019 05:30:00 PM,2019
CR00035006,06/20/2020 05:40:00 PM,35,RAIN,DAYLIGHT,REAR END,NOT DIVIDED,TRAFFIC SIGNAL,IMPROPER OVERTAKING/PASSING,UNABLE TO DETERMINE,0,1,0,1,17,7,6,816,DIVISION ST,41.740628,-87.535963,06/20/2020 06:26:00 PM,2020
CR00035007,11/17/2020 05:14:00 PM,35,CLEAR,DARKNESS - LIGHTED ROAD,FIXED OBJECT,NOT DIVIDED,TRAFFIC SIGNAL,FAILING TO YIELD RIGHT-OF-WAY,NOT APPLICABLE,0,0,0,0,17,3,11,2374,ASHLAND AVE,41.755193,-87.724105,11/17/2020 05:58:00 PM,2020
CR00035008,03/05/2018 09:13:00 AM,30,CLEAR,DAYLIGHT,TURNING,NOT DIVIDED,YIELD,UNABLE TO DETERMINE,DRIVING SKILLS/KNOWLEDGE/EXPERIENCE,0,0,0,0,9,2,3,1239,WESTERN AVE,41.925142,-87.500188,03/05/2018 09:51:00 AM,2018
CR00035009,09/28/2018 10:18:00 PM,35,CLEAR,DARKNESS - LIGHTED ROAD,REAR END,DIVIDED - W/MEDIAN (NOT RAISED),NO CONTROLS,UNABLE TO DETERMINE,DRIVING SKILLS/KNOWLEDGE/EXPERIENCE,0,0,0,0,22,6,9,1748,IRVING PARK RD,41.884974,-87.584654,09/28/2018 11:00:00 PM,2018
CR00035010,12/16/2024 12:51:00 PM,35,CLEAR,DAYLIGHT,PEDESTRIAN,NOT DIVIDED,TRAFFIC SIGNAL,FOLLOWING TOO CLOSELY,NOT APPLICABLE,0,0,3,3,12,2,12,1121,BROADWAY,41.97114,-87.773793,12/16/2024 02:39:00 PM,2024
CR00035011,07/23/2017 10:55:00 AM,25,CLEAR,DAYLIGHT,PEDESTRIAN,NOT DIVIDED,UNKNOWN,UNABLE TO DETERMINE,DISTRACTION - FROM INSIDE VEHICLE,0,0,0,0,10,1,7,383,PULASKI RD,41.851033,-87.509044,07/23/2017 12:29:00 PM,2017
CR00035012,11/18/2016 09:42:00 AM,20,CLEAR,DAYLIGHT,TURNING,NOT DIVIDED,TRAFFIC SIGNAL,IMPROPER LANE USAGE,UNABLE TO DETERMINE,0,0,0,0,9,6,11,2306,79TH ST,41.786359,-87.565712,11/18/2016 11:21:00 AM,2016
CR00035013,05/10/2016 12:16:00 PM,35,CLEAR,DARKNESS - LIGHTED ROAD,ANGLE,ONE-WAY,TRAFFIC SIGNAL,DISTRACTION - FROM INSIDE VEHICLE,UNABLE TO DETERMINE,0,0,2,2,12,3,5,1868,MICHIGAN AVE,41.748654,-87.835741,05/10/2016 01:39:00 PM,2016
CR00035014,11/20/2018 06:17:00 PM,45,CLEAR,DUSK,ANGLE,DIVIDED - W/MEDIAN (NOT RAISED),NO CONTROLS,FAILING TO YIELD RIGHT-OF-WAY,UNABLE TO DETERMINE,0,0,0,0,18,3,11,1086,47TH ST,41.783593,-87.814191,11/20/2018 07:49:00 PM,2018
CR00035015,11/17/2019 05:08:00 PM,45,CLEAR,DAYLIGHT,REAR END,ONE-WAY,TRAFFIC SIGNAL,DRIVING SKILLS/KNOWLEDGE/EXPERIENCE,DRIVING SKILLS/KNOWLEDGE/EXPERIENCE,0,0,0,0,17,1,11,1441,STATE ST,41.87018,-87.846753,11/17/2019 05:18:00 PM,2019
CR00035016,05/05/2018 09:02:00 AM,35,CLEAR,DAYLIGHT,ANGLE,DIVIDED - W/MEDIAN BARRIER,NO CONTROLS,DRIVING SKILLS/KNOWLEDGE/EXPERIENCE,IMPROPER LANE USAGE,0,0,0,0,9,7,5,2426,DAMEN AVE,41.833688,-87.790192,05/05/2018 09:11:00 AM,2018
CR00035017,01/07/2019 05:34:00 AM,45,CLEAR,DARKNESS,PARKED MOTOR VEHICLE,NOT DIVIDED,STOP SIGN/FLASHER,UNABLE TO DETERMINE,NOT APPLICABLE,0,0,0,0,5,2,1,1774,ASHLAND AVE,41.703882,-87.654154,01/07/2019 06:10:00 AM,2019
CR00035018,10/22/2018 01:41:00 AM,35,CLEAR,DAYLIGHT,REAR END,FOUR WAY,TRAFFIC SIGNAL,IMPROPER OVERTAKING/PASSING,UNABLE TO DETERMINE,0,0,0,0,1,2,10,193,PULASKI RD,41.705566,-87.650284,10/22/2018 02:39:00 AM,2018
CR00035019,09/24/2017 08:52:00 AM,20,CLEAR,DAYLIGHT,PEDESTRIAN,DIVIDED - W/MEDIAN (NOT RAISED),NO CONTROLS,DISTRACTION - FROM INSIDE VEHICLE,FAILING TO REDUCE SPEED,0,0,0,0,8,1,9,1910,ASHLAND AVE,41.888134,-87.778836,09/24/2017 10:08:00 AM,2017
CR00035020,05/15/2023 06:45:00 PM,30,CLEAR,DARKNESS,REAR END,NOT DIVIDED,TRAFFIC SIGNAL,DISTRACTION - FROM INSIDE VEHICLE,FAILING TO REDUCE SPEED,0,0,0,0,18,2,5,343,LAKE SHORE DR,41.947678,-87.784717,05/15/2023 07:09:00 PM,2023
CR00035021,07/25/2022 05:15:00 PM,25,CLEAR,DARKNESS - LIGHTED ROAD,FIXED OBJECT,DIVIDED - W/MEDIAN (NOT RAISED),UNKNOWN,FOLLOWING TOO CLOSELY,FAILING TO REDUCE SPEED,0,0,0,0,17,2,7,1904,ASHLAND AVE,41.764246,-87.622537,07/25/2022 06:10:00 PM,2022
CR00035022,01/07/2022 02:16:00 PM,40,CLEAR,DAYLIGHT,SIDESWIPE SAME DIRECTION,DIVIDED - W/MEDIAN (NOT RAISED),NO CONTROLS,DISREGARDING TRAFFIC SIGNALS,FOLLOWING TOO CLOSELY,0,0,0,0,14,6,1,1197,OGDEN AVE,41.906979,-87.58805,01/07/2022 02:38:00 PM,2022
CR00035023,11/12/2019 01:14:00 AM,40,CLEAR,DAYLIGHT,REAR END,ONE-WAY,NO CONTROLS,FAILING TO REDUCE SPEED,NOT APPLICABLE,0,0,0,0,1,3,11,1732,BROADWAY,41.763717,-87.776956,11/12/2019 01:40:00 AM,2019
CR00035024,03/26/2017 03:45:00 AM,40,FREEZING RAIN/DRIZZLE,DARKNESS - LIGHTED ROAD,TURNING,FOUR WAY,YIELD,UNABLE TO DETERMINE,NOT APPLICABLE,0,0,0,0,3,1,3,2156,PULASKI RD,41.786154,-87.659986,03/26/2017 04:58:00 AM,2017
CR00035025,06/11/2022 06:16:00 AM,15,CLEAR,DAYLIGHT,PARKED MOTOR VEHICLE,DIVIDED - W/MEDIAN (NOT RAISED),TRAFFIC SIGNAL,IMPROPER OVERTAKING/PASSING,NOT APPLICABLE,0,0,3,3,6,7,6,1074,KEDZIE AVE,41.853739,-87.821505,06/11/2022 07:24:00 AM,2022
CR00035026,05/29/2023 05:09:00 PM,25,CLEAR,DARKNESS - LIGHTED ROAD,TURNING,ONE-WAY,TRAFFIC SIGNAL,UNABLE TO DETERMINE,IMPROPER LANE USAGE,0,0,0,0,17,2,5,1035,ASHLAND AVE,41.907057,-87.761313,05/29/2023 05:59:00 PM,2023
CR00035027,12/08/2015 05:09:00 PM,35,CLEAR,DARKNESS - LIGHTED ROAD,ANGLE,NOT DIVIDED,TRAFFIC SIGNAL,UNABLE TO DETERMINE,IMPROPER OVERTAKING/PASSING,0,0,0,0,17,3,12,277,DAMEN AVE,41.705398,-87.754452,12/08/2015 06:05:00 PM,2015
CR00035028,07/19/2022 03:04:00 PM,25,CLEAR,DAYLIGHT,REAR END,DIVIDED - W/MEDIAN (NOT RAISED),TRAFFIC SIGNAL,FOLLOWING TOO CLOSELY,FOLLOWING TOO CLOSELY,0,0,0,0,15,3,7,1280,MICHIGAN AVE,41.918999,-87.623345,07/19/2022 03:05:00 PM,2022
CR00035029,05/17/2016 08:45:00 AM,30,CLEAR,DARKNESS - LIGHTED ROAD,PARKED MOTOR VEHICLE,ONE-WAY,TRAFFIC SIGNAL,FOLLOWING TOO CLOSELY,DRIVING SKILLS/KNOWLEDGE/EXPERIENCE,0,0,0,0,8,3,5,1232,KEDZIE AVE,41.936849,-87.673942,05/17/2016 09:12:00 AM,2016
CR00035030,09/11/2015 07:24:00 AM,35,CLOUDY/OVERCAST,DARKNESS - LIGHTED ROAD,ANGLE,DIVIDED - W/MEDIAN (NOT RAISED),TRAFFIC SIGNAL,IMPROPER LANE USAGE,DISREGARDING TRAFFIC SIGNALS,0,0,0,0,7,6,9,2330,CLARK ST,41.79849,-87.759776,09/11/2015 08:19:00 AM,2015
CR00035031,07/16/2016 07:36:00 AM,30,SNOW,DARKNESS - LIGHTED ROAD,PEDESTRIAN,DIVIDED - W/MEDIAN BARRIER,TRAFFIC SIGNAL,UNABLE TO DETERMINE,NOT APPLICABLE,0,0,0,0,7,7,7,2274,63RD ST,41.718758,-87.78583,07/16/2016 09:11:00 AM,2016
CR00035032,03/27/2023 06:49:00 AM,40,CLEAR,DAYLIGHT,REAR END,FOUR WAY,TRAFFIC SIGNAL,DRIVING SKILLS/KNOWLEDGE/EXPERIENCE,UNABLE TO DETERMINE,0,0,3,3,6,2,3,668,STONY ISLAND AVE,41.819617,-87.56775,03/27/2023 07:04:00 AM,2023
CR00035033,09/05/2022 08:53:00 AM,30,RAIN,DAYLIGHT,REAR END,T-INTERSECTION,NO CONTROLS,FAILING TO YIELD RIGHT-OF-WAY,UNABLE TO DETERMINE,0,0,0,0,8,2,9,1410,CALIFORNIA AVE,41.780819,-87.77285,09/05/2022 09:36:00 AM,2022
CR00035034,11/13/2021 08:54:00 AM,30,CLEAR,DARKNESS - LIGHTED ROAD,REAR END,NOT DIVIDED,NO CONTROLS,DISTRACTION - FROM INSIDE VEHICLE,NOT APPLICABLE,1,0,0,1,8,7,11,653,KEDZIE AVE,41.947317,-87.517815,11/13/2021 09:02:00 AM,2021
CR00035035,04/22/2024 11:33:00 AM,25,CLEAR,DARKNESS,REAR END,DIVIDED - W/MEDIAN BARRIER,STOP SIGN/FLASHER,FAILING TO YIELD RIGHT-OF-WAY,FOLLOWING TOO CLOSELY,0,0,0,0,11,2,4,1142,KEDZIE AVE,41.802707,-87.609765,04/22/2024 12:18:00 PM,2024
CR00035036,02/05/2015 12:33:00 PM,30,CLEAR,DAYLIGHT,TURNING,NOT DIVIDED,NO CONTROLS,UNABLE TO DETERMINE,DRIVING SKILLS/KNOWLEDGE/EXPERIENCE,0,0,0,0,12,5,2,1776,LAKE SHORE DR,41.971148,-87.71461,02/05/2015 12:47:00 PM,2015
CR00035037,04/21/2017 07:34:00 AM,45,RAIN,DAYLIGHT,ANGLE,DIVIDED - W/MEDIAN (NOT RAISED),UNKNOWN,FOLLOWING TOO CLOSELY,FAILING TO YIELD RIGHT-OF-WAY,0,0,1,1,7,6,4,908,DAMEN AVE,41.872108,-87.511158,04/21/2017 08:50:00 AM,2017
CR00035038,07/03/2021 05:39:00 PM,30,CLEAR,DAYLIGHT,FIXED OBJECT,ONE-WAY,TRAFFIC SIGNAL,FAILING TO YIELD RIGHT-OF-WAY,UNABLE TO DETERMINE,0,0,0,0,17,7,7,925,MICHIGAN AVE,41.794941,-87.621346,07/03/2021 07:27:00 PM,2021
CR00035039,09/20/2016 05:58:00 PM,25,CLEAR,DARKNESS - LIGHTED ROAD,REAR END,NOT DIVIDED,STOP SIGN/FLASHER,FAILING TO YIELD RIGHT-OF-WAY,UNABLE TO DETERMINE,0,0,0,0,17,3,9,289,MILWAUKEE AVE,41.9663,-87.818554,09/20/2016 06:47:00 PM,2016
CR00035040,06/11/2020 05:29:00 PM,30,CLEAR,DARKNESS - LIGHTED ROAD,FIXED OBJECT,NOT DIVIDED,TRAFFIC SIGNAL,UNABLE TO DETERMINE,UNABLE TO DETERMINE,0,0,2,2,17,5,6,1354,DAMEN AVE,41.968472,-87.581476,06/11/2020 06:18:00 PM,2020
CR00035041,03/13/2021 12:13:00 AM,45,CLEAR,DAYLIGHT,REAR TO FRONT,FOUR WAY,TRAFFIC SIGNAL,FAILING TO YIELD RIGHT-OF-WAY,FAILING TO REDUCE SPEED,0,0,0,0,0,7,3,1437,KEDZIE AVE,41.898178,-87.549212,03/13/2021 01:41:00 AM,2021
CR00035042,03/12/2016 07:00:00 AM,45,CLEAR,DAYLIGHT,REAR END,DIVIDED - W/MEDIAN (NOT RAISED),STOP SIGN/FLASHER,UNABLE TO DETERMINE,UNABLE TO DETERMINE,0,0,0,0,7,7,3,2093,CICERO AVE,41.875991,-87.678666,03/12/2016 08:49:00 AM,2016
CR00035043,11/22/2017 02:13:00 PM,30,RAIN,DAYLIGHT,ANGLE,ONE-WAY,NO CONTROLS,UNABLE TO DETERMINE,DRIVING SKILLS/KNOWLEDGE/EXPERIENCE,0,0,0,0,14,4,11,2149,OGDEN AVE,41.870359,-87.746294,11/22/2017 03:48:00 PM,2017
CR00035044,06/19/2019 04:54:00 AM,35,CLEAR,DAYLIGHT,TURNING,ONE-WAY,TRAFFIC SIGNAL,UNABLE TO DETERMINE,DRIVING SKILLS/KNOWLEDGE/EXPERIENCE,0,0,0,0,4,4,6,960,CICERO AVE,41.931484,-87.756395,06/19/2019 06:40:00 AM,2019
CR00035045,03/25/2018 02:00:00 PM,20,CLEAR,DARKNESS,PARKED MOTOR VEHICLE,NOT DIVIDED,STOP SIGN/FLASHER,UNABLE TO DETERMINE,NOT APPLICABLE,0,0,0,0,14,1,3,409,PULASKI RD,41.831928,-87.717077,03/25/2018 02:18:00 PM,2018
CR00035046,03/17/2022 06:40:00 AM,35,CLEAR,DAYLIGHT,REAR TO FRONT,FOUR WAY,UNKNOWN,UNABLE TO DETERMINE,UNABLE TO DETERMINE,0,0,0,0,6,5,3,2341,47TH ST,41.857091,-87.514032,03/17/2022 08:20:00 AM,2022
CR00035047,08/23/2016 02:05:00 PM,30,CLEAR,DAYLIGHT,TURNING,DIVIDED - W/MEDIAN (NOT RAISED),NO CONTROLS,FAILING TO YIELD RIGHT-OF-WAY,FOLLOWING TOO CLOSELY,0,0,0,0,14,3,8,1122,CALIFORNIA AVE,41.833736,-87.668366,08/23/2016 02:47:00 PM,2016
CR00035048,08/04/2017 11:44:00 PM,30,CLEAR,DAYLIGHT,ANGLE,ONE-WAY,TRAFFIC SIGNAL,FOLLOWING TOO CLOSELY,IMPROPER OVERTAKING/PASSING,0,0,0,0,23,6,8,2408,MILWAUKEE AVE,41.857972,-87.553359,08/04/2017 11:48:00 PM,2017
CR00035049,06/21/2015 06:38:00 PM,15,CLEAR,DAYLIGHT,TURNING,NOT DIVIDED,NO CONTROLS,IMPROPER OVERTAKING/PASSING,WEATHER,0,0,0,0,18,1,6,2105,ROOSEVELT RD,41.883534,-87.533983,06/21/2015 08:04:00 PM,2015
CR00035050,09/26/2015 03:48:00 PM,25,CLEAR,DAYLIGHT,TURNING,T-INTERSECTION,STOP SIGN/FLASHER,UNABLE TO DETERMINE,DISTRACTION - FROM INSIDE VEHICLE,0,1,0,1,15,7,9,2469,63RD ST,41.946348,-87.754927,09/26/2015 05:45:00 PM,2015
CR00035051,12/31/2021 02:38:00 PM,15,CLEAR,DAYLIGHT,REAR TO FRONT,NOT DIVIDED,NO CONTROLS,UNABLE TO DETERMINE,UNABLE TO DETERMINE,0,0,0,0,14,6,12,1604,ARCHER AVE,41.916821,-87.776737,12/31/2021 03:41:00 PM,2021
CR00035052,08/02/2017 04:59:00 PM,40,CLEAR,DAYLIGHT,REAR END,DIVIDED - W/MEDIAN BARRIER,STOP SIGN/FLASHER,FOLLOWING TOO CLOSELY,UNABLE TO DETERMINE,0,0,0,0,16,4,8,1826,ASHLAND AVE,41.920101,-87.518584,08/02/2017 06:38:00 PM,2017
CR00035053,02/09/2020 10:56:00 AM,20,RAIN,DAYLIGHT,REAR END,DIVIDED - W/MEDIAN BARRIER,NO CONTROLS,UNABLE TO DETERMINE,NOT APPLICABLE,0,0,0,0,10,1,2,277,47TH ST,41.742117,-87.567985,02/09/2020 12:12:00 PM,2020
CR00035054,04/06/2018 05:12:00 PM,20,CLEAR,DAYLIGHT,TURNING,NOT DIVIDED,TRAFFIC SIGNAL,DISTRACTION - FROM INSIDE VEHICLE,UNABLE TO DETERMINE,0,0,0,0,17,6,4,1867,BROADWAY,41.82308,-87.536157,04/06/2018 07:01:00 PM,2018
CR00035055,06/03/2021 01:51:00 PM,35,CLEAR,DAYLIGHT,SIDESWIPE SAME DIRECTION,NOT DIVIDED,NO CONTROLS,FAILING TO YIELD RIGHT-OF-WAY,FOLLOWING TOO CLOSELY,0,0,0,0,13,5,6,2068,CALIFORNIA AVE,41.976759,-87.7744,06/03/2021 02:18:00 PM,2021