CRASH_RECORD_ID,CRASH_DATE,POSTED_SPEED_LIMIT,WEATHER_CONDITION,LIGHTING_CONDITION,FIRST_CRASH_TYPE,TRAFFICWAY_TYPE,TRAFFIC_CONTROL_DEVICE,PRIM_CONTRIBUTORY_CAUSE,SEC_CONTRIBUTORY_CAUSE,INJURIES_FATAL,INJURIES_INCAPACITATING,INJURIES_NON_INCAPACITATING,INJURIES_TOTAL,CRASH_HOUR,CRASH_DAY_OF_WEEK,CRASH_MONTH,BEAT_OF_OCCURRENCE,STREET_NAME,LATITUDE,LONGITUDE,DATE_POLICE_NOTIFIED,year
CR00035056,11/15/2019 08:46:00 PM,45,CLEAR,DARKNESS - LIGHTED ROAD,REAR TO FRONT,DIVIDED - W/MEDIAN BARRIER,YIELD,UNABLE TO DETERMINE,FAILING TO YIELD RIGHT-OF-WAY,0,0,0,0,20,6,11,2027,CICERO AVE,41.703957,-87.657263,11/15/2019 09:37:00 PM,2019
CR00035057,11/14/2019 04:26:00 PM,40,CLEAR,DAYLIGHT,TURNING,NOT DIVIDED,NO CONTROLS,DISREGARDING TRAFFIC SIGNALS,DRIVING SKILLS/KNOWLEDGE/EXPERIENCE,0,0,0,0,16,5,11,1933,WESTERN AVE,41.811719,-87.681145,11/14/2019 06:08:00 PM,2019
CR00035058,03/24/2024 04:51:00 PM,40,CLEAR,DARKNESS - LIGHTED ROAD,TURNING,NOT DIVIDED,NO CONTROLS,UNABLE TO DETERMINE,FAILING TO YIELD RIGHT-OF-WAY,0,0,1,1,16,1,3,1751,47TH ST,41.719032,-87.680497,03/24/2024 04:54:00 PM,2024
CR00035059,10/10/2021 12:42:00 AM,15,CLEAR,DARKNESS - LIGHTED ROAD,ANGLE,NOT DIVIDED,STOP SIGN/FLASHER,IMPROPER LANE USAGE,IMPROPER OVERTAKING/PASSING,0,0,0,0,0,1,10,2247,CICERO AVE,41.917193,-87.598067,10/10/2021 12:45:00 AM,2021
CR00035060,07/07/2020 06:35:00 PM,30,CLEAR,DAYLIGHT,REAR END,NOT DIVIDED,TRAFFIC SIGNAL,FAILING TO YIELD RIGHT-OF-WAY,UNABLE TO DETERMINE,0,0,0,0,18,3,7,940,CLARK ST,41.706637,-87.802034,07/07/2020 07:44:00 PM,2020
CR00035061,02/13/2015 01:50:00 AM,35,RAIN,DAYLIGHT,REAR END,DIVIDED - W/MEDIAN (NOT RAISED),TRAFFIC SIGNAL,IMPROPER LANE USAGE,FAILING TO YIELD RIGHT-OF-WAY,0,0,0,0,1,6,2,2413,CLARK ST,41.766404,-87.691074,02/13/2015 02:22:00 AM,2015
CR00035062,12/12/2019 06:18:00 PM,35,CLEAR,DAYLIGHT,REAR END,NOT DIVIDED,NO CONTROLS,DRIVING SKILLS/KNOWLEDGE/EXPERIENCE,DISTRACTION - FROM INSIDE VEHICLE,0,0,0,0,18,5,12,2379,STONY ISLAND AVE,41.920503,-87.555904,12/12/2019 07:01:00 PM,2019
CR00035063,12/10/2022 02:44:00 PM,30,CLEAR,DAYLIGHT,SIDESWIPE SAME DIRECTION,NOT DIVIDED,STOP SIGN/FLASHER,IMPROPER OVERTAKING/PASSING,NOT APPLICABLE,0,0,2,2,14,7,12,381,OGDEN AVE,41.946668,-87.762724,12/10/2022 02:50:00 PM,2022
CR00035064,01/16/2024 11:58:00 AM,35,CLEAR,DAYLIGHT,REAR END,NOT DIVIDED,UNKNOWN,IMPROPER LANE USAGE,UNABLE TO DETERMINE,0,0,0,0,11,3,1,983,79TH ST,41.911373,-87.743299,01/16/2024 01:00:00 PM,2024
CR00035065,08/24/2016 10:23:00 PM,30,CLEAR,DAYLIGHT,ANGLE,NOT DIVIDED,UNKNOWN,FAILING TO REDUCE SPEED,UNABLE TO DETERMINE,0,0,0,0,22,4,8,448,CLARK ST,41.920727,-87.570506,08/24/2016 11:34:00 PM,2016
CR00035066,01/24/2017 03:49:00 PM,30,RAIN,DAYLIGHT,REAR TO FRONT,NOT DIVIDED,NO CONTROLS,FOLLOWING TOO CLOSELY,NOT APPLICABLE,0,0,0,0,15,3,1,961,DAMEN AVE,41.959566,-87.719892,01/24/2017 05:43:00 PM,2017
CR00035067,11/07/2021 05:11:00 PM,40,CLEAR,DAYLIGHT,PARKED MOTOR VEHICLE,DIVIDED - W/MEDIAN (NOT RAISED),STOP SIGN/FLASHER,FAILING TO YIELD RIGHT-OF-WAY,IMPROPER OVERTAKING/PASSING,0,0,0,0,17,1,11,2248,KEDZIE AVE,41.801515,-87.8028,11/07/2021 06:58:00 PM,2021
CR00035068,10/09/2018 06:11:00 PM,25,RAIN,DAYLIGHT,FIXED OBJECT,DIVIDED - W/MEDIAN (NOT RAISED),NO CONTROLS,DISTRACTION - FROM INSIDE VEHICLE,UNABLE TO DETERMINE,0,0,0,0,18,3,10,1994,OGDEN AVE,41.929744,-87.694467,10/09/2018 06:18:00 PM,2018
CR00035069,01/11/2017 10:32:00 PM,30,SNOW,DARKNESS - LIGHTED ROAD,ANGLE,NOT DIVIDED,NO CONTROLS,IMPROPER OVERTAKING/PASSING,FOLLOWING TOO CLOSELY,0,0,0,0,22,4,1,2097,KEDZIE AVE,41.898647,-87.761886,01/11/2017 10:37:00 PM,2017
CR00035070,12/10/2024 04:58:00 PM,15,RAIN,DAYLIGHT,SIDESWIPE SAME DIRECTION,NOT DIVIDED,NO CONTROLS,UNABLE TO DETERMINE,FOLLOWING TOO CLOSELY,0,0,0,0,16,3,12,1674,LAKE SHORE DR,41.71391,-87.75515,12/10/2024 05:44:00 PM,2024
CR00035071,01/01/2022 06:53:00 PM,30,FREEZING RAIN/DRIZZLE,DARKNESS - LIGHTED ROAD,TURNING,NOT DIVIDED,TRAFFIC SIGNAL,WEATHER,UNABLE TO DETERMINE,0,1,3,4,18,7,1,2457,CALIFORNIA AVE,41.944695,-87.560506,01/01/2022 07:58:00 PM,2022
CR00035072,11/12/2023 07:14:00 PM,35,FREEZING RAIN/DRIZZLE,DAWN,TURNING,NOT DIVIDED,STOP SIGN/FLASHER,FOLLOWING TOO CLOSELY,NOT APPLICABLE,0,0,0,0,19,1,11,522,WESTERN AVE,41.702521,-87.719461,11/12/2023 08:23:00 PM,2023
CR00035073,03/27/2023 08:50:00 PM,30,CLEAR,DAYLIGHT,SIDESWIPE SAME DIRECTION,DIVIDED - W/MEDIAN BARRIER,TRAFFIC SIGNAL,UNABLE TO DETERMINE,IMPROPER LANE USAGE,0,0,0,0,20,2,3,1192,79TH ST,41.972156,-87.733315,03/27/2023 09:15:00 PM,2023
CR00035074,12/29/2020 07:26:00 PM,35,CLEAR,DAWN,REAR END,DIVIDED - W/MEDIAN BARRIER,TRAFFIC SIGNAL,FOLLOWING TOO CLOSELY,UNABLE TO DETERMINE,0,0,0,0,19,3,12,788,HALSTED ST,41.918131,-87.73278,12/29/2020 08:56:00 PM,2020
CR00035075,01/12/2021 07:56:00 AM,25,CLEAR,DARKNESS - LIGHTED ROAD,REAR END,DIVIDED - W/MEDIAN (NOT RAISED),TRAFFIC SIGNAL,UNABLE TO DETERMINE,DISTRACTION - FROM INSIDE VEHICLE,0,0,3,3,7,3,1,1216,ASHLAND AVE,41.795769,-87.516037,01/12/2021 08:45:00 AM,2021
CR00035076,01/05/2021 12:56:00 AM,45,CLEAR,DAYLIGHT,REAR END,DIVIDED - W/MEDIAN (NOT RAISED),TRAFFIC SIGNAL,DRIVING SKILLS/KNOWLEDGE/EXPERIENCE,DRIVING SKILLS/KNOWLEDGE/EXPERIENCE,0,0,0,0,0,3,1,1505,STONY ISLAND AVE,41.975861,-87.639719,01/05/2021 02:27:00 AM,2021
CR00035077,04/04/2015 06:27:00 AM,35,RAIN,DAYLIGHT,REAR END,DIVIDED - W/MEDIAN (NOT RAISED),TRAFFIC SIGNAL,FOLLOWING TOO CLOSELY,DRIVING SKILLS/KNOWLEDGE/EXPERIENCE,0,0,0,0,6,7,4,1159,63RD ST,41.886019,-87.841019,04/04/2015 07:03:00 AM,2015
CR00035078,11/17/2021 07:54:00 AM,30,CLEAR,DAYLIGHT,ANGLE,NOT DIVIDED,NO CONTROLS,WEATHER,FOLLOWING TOO CLOSELY,0,0,0,0,7,4,11,1218,ROOSEVELT RD,41.820928,-87.554173,11/17/2021 08:16:00 AM,2021
CR00035079,03/23/2022 05:45:00 PM,30,FREEZING RAIN/DRIZZLE,DAYLIGHT,TURNING,FOUR WAY,STOP SIGN/FLASHER,DISTRACTION - FROM INSIDE VEHICLE,NOT APPLICABLE,0,0,0,0,17,4,3,1365,79TH ST,41.856878,-87.583667,03/23/2022 07:28:00 PM,2022
CR00035080,10/28/2020 05:39:00 PM,40,CLOUDY/OVERCAST,DAYLIGHT,PARKED MOTOR VEHICLE,FOUR WAY,NO CONTROLS,FAILING TO YIELD RIGHT-OF-WAY,WEATHER,0,0,0,0,17,4,10,1076,ELSTON AVE,41.92941,-87.550881,10/28/2020 06:15:00 PM,2020
CR00035081,03/11/2021 01:10:00 AM,25,CLEAR,DAYLIGHT,PEDESTRIAN,DIVIDED - W/MEDIAN (NOT RAISED),TRAFFIC SIGNAL,FAILING TO REDUCE SPEED,DISTRACTION - FROM INSIDE VEHICLE,0,0,0,0,1,5,3,2316,63RD ST,41.915794,-87.77835,03/11/2021 02:27:00 AM,2021
CR00035082,11/10/2015 09:27:00 AM,40,CLEAR,DAWN,TURNING,NOT DIVIDED,UNKNOWN,DISREGARDING TRAFFIC SIGNALS,IMPROPER LANE USAGE,0,0,1,1,9,3,11,1955,CICERO AVE,41.7416,-87.653856,11/10/2015 10:12:00 AM,2015
CR00035083,02/07/2018 06:15:00 PM,35,CLEAR,DAYLIGHT,SIDESWIPE SAME DIRECTION,NOT DIVIDED,UNKNOWN,UNABLE TO DETERMINE,IMPROPER LANE USAGE,0,0,0,0,18,4,2,2001,KEDZIE AVE,41.977438,-87.771493,02/07/2018 07:03:00 PM,2018
CR00035084,04/25/2019 09:53:00 AM,45,SNOW,DAYLIGHT,SIDESWIPE SAME DIRECTION,FOUR WAY,UNKNOWN,FAILING TO YIELD RIGHT-OF-WAY,FOLLOWING TOO CLOSELY,0,0,0,0,9,5,4,229,CLARK ST,41.9098,-87.806953,04/25/2019 11:31:00 AM,2019
CR00035085,07/05/2016 07:01:00 AM,30,CLOUDY/OVERCAST,DAYLIGHT,ANGLE,DIVIDED - W/MEDIAN BARRIER,NO CONTROLS,UNABLE TO DETERMINE,DISTRACTION - FROM INSIDE VEHICLE,0,0,0,0,7,3,7,771,WESTERN AVE,41.958608,-87.774234,07/05/2016 07:50:00 AM,2016
CR00035086,11/01/2018 11:07:00 AM,30,CLEAR,DARKNESS - LIGHTED ROAD,SIDESWIPE SAME DIRECTION,NOT DIVIDED,NO CONTROLS,FOLLOWING TOO CLOSELY,UNABLE TO DETERMINE,0,0,0,0,11,5,11,2347,KEDZIE AVE,41.798635,-87.813415,11/01/2018 01:06:00 PM,2018
CR00035087,12/27/2017 12:39:00 AM,25,CLEAR,DAYLIGHT,PARKED MOTOR VEHICLE,NOT DIVIDED,YIELD,IMPROPER OVERTAKING/PASSING,DRIVING SKILLS/KNOWLEDGE/EXPERIENCE,0,0,1,1,0,4,12,176,DIVISION ST,41.841014,-87.802003,12/27/2017 02:18:00 AM,2017
CR00035088,01/01/2021 11:15:00 PM,30,RAIN,DARKNESS - LIGHTED ROAD,REAR END,ONE-WAY,UNKNOWN,FAILING TO YIELD RIGHT-OF-WAY,UNABLE TO DETERMINE,0,0,0,0,23,6,1,1886,MILWAUKEE AVE,41.810362,-87.838015,01/02/2021 12:38:00 AM,2021
CR00035089,05/11/2018 12:27:00 PM,30,CLEAR,DARKNESS,SIDESWIPE SAME DIRECTION,DIVIDED - W/MEDIAN BARRIER,STOP SIGN/FLASHER,UNABLE TO DETERMINE,FAILING TO YIELD RIGHT-OF-WAY,0,0,0,0,12,6,5,1350,CLARK ST,41.866276,-87.684223,05/11/2018 02:24:00 PM,2018
CR00035090,02/02/2017 01:50:00 PM,30,CLEAR,DAYLIGHT,SIDESWIPE SAME DIRECTION,DIVIDED - W/MEDIAN BARRIER,NO CONTROLS,IMPROPER OVERTAKING/PASSING,NOT APPLICABLE,0,0,1,1,13,5,2,1540,ASHLAND AVE,41.738217,-87.722762,02/02/2017 03:24:00 PM,2017
CR00035091,12/20/2020 04:41:00 PM,35,CLEAR,DARKNESS - LIGHTED ROAD,TURNING,NOT DIVIDED,NO CONTROLS,DRIVING SKILLS/KNOWLEDGE/EXPERIENCE,FOLLOWING TOO CLOSELY,0,1,2,3,16,1,12,1133,OGDEN AVE,41.790178,-87.521149,12/20/2020 05:07:00 PM,2020
CR00035092,01/07/2023 11:47:00 AM,30,CLEAR,DARKNESS - LIGHTED ROAD,FIXED OBJECT,NOT DIVIDED,NO CONTROLS,FOLLOWING TOO CLOSELY,FAILING TO REDUCE SPEED,0,0,0,0,11,7,1,359,BROADWAY,41.900382,-87.506794,01/07/2023 01:18:00 PM,2023
CR00035093,10/24/2022 01:31:00 AM,35,CLEAR,DAYLIGHT,TURNING,ONE-WAY,NO CONTROLS,IMPROPER LANE USAGE,DRIVING SKILLS/KNOWLEDGE/EXPERIENCE,0,0,0,0,1,2,10,1378,PULASKI RD,41.854719,-87.778452,10/24/2022 03:25:00 AM,2022
CR00035094,07/25/2022 12:23:00 PM,45,CLEAR,DAYLIGHT,ANGLE,DIVIDED - W/MEDIAN (NOT RAISED),STOP SIGN/FLASHER,FOLLOWING TOO CLOSELY,NOT APPLICABLE,0,0,0,0,12,2,7,2242,OGDEN AVE,41.865888,-87.84336,07/25/2022 01:33:00 PM,2022
CR00035095,01/14/2018 05:22:00 PM,30,RAIN,DARKNESS - LIGHTED ROAD,SIDESWIPE SAME DIRECTION,T-INTERSECTION,NO CONTROLS,FAILING TO YIELD RIGHT-OF-WAY,UNABLE TO DETERMINE,0,0,2,2,17,1,1,644,LAKE SHORE DR,41.853173,-87.669049,01/14/2018 06:10:00 PM,2018
CR00035096,05/03/2024 11:57:00 PM,30,CLEAR,DARKNESS - LIGHTED ROAD,REAR END,DIVIDED - W/MEDIAN (NOT RAISED),STOP SIGN/FLASHER,UNABLE TO DETERMINE,DRIVING SKILLS/KNOWLEDGE/EXPERIENCE,0,0,0,0,23,6,5,1258,DIVISION ST,41.729747,-87.689011,05/04/2024 01:01:00 AM,2024
CR00035097,02/09/2022 03:38:00 PM,20,RAIN,DUSK,TURNING,ONE-WAY,UNKNOWN,UNABLE TO DETERMINE,DRIVING SKILLS/KNOWLEDGE/EXPERIENCE,0,0,0,0,15,4,2,2213,ELSTON AVE,41.968649,-87.658588,02/09/2022 05:23:00 PM,2022
CR00035098,12/06/2021 04:48:00 PM,25,CLOUDY/OVERCAST,DUSK,ANGLE,T-INTERSECTION,NO CONTROLS,FOLLOWING TOO CLOSELY,NOT APPLICABLE,0,0,0,0,16,2,12,1606,DAMEN AVE,41.911735,-87.52455,12/06/2021 05:47:00 PM,2021
CR00035099,08/30/2016 10:05:00 AM,35,CLEAR,DAYLIGHT,REAR END,ONE-WAY,TRAFFIC SIGNAL,FAILING TO REDUCE SPEED,IMPROPER LANE USAGE,0,0,1,1,10,3,8,601,MILWAUKEE AVE,41.934672,-87.621223,08/30/2016 11:30:00 AM,2016
CR00035100,10/16/2024 10:01:00 AM,15,CLEAR,DUSK,REAR END,DIVIDED - W/MEDIAN (NOT RAISED),TRAFFIC SIGNAL,FAILING TO YIELD RIGHT-OF-WAY,UNABLE TO DETERMINE,0,0,0,0,10,4,10,1762,OGDEN AVE,41.955455,-87.501607,10/16/2024 10:51:00 AM,2024
CR00035101,12/15/2020 04:51:00 PM,25,CLEAR,DAYLIGHT,SIDESWIPE SAME DIRECTION,T-INTERSECTION,TRAFFIC SIGNAL,FAILING TO YIELD RIGHT-OF-WAY,UNABLE TO DETERMINE,0,0,0,0,16,3,12,2129,KEDZIE AVE,41.967997,-87.730283,12/15/2020 05:11:00 PM,2020
CR00035102,03/24/2019 03:16:00 PM,30,CLEAR,DAYLIGHT,SIDESWIPE SAME DIRECTION,ONE-WAY,TRAFFIC SIGNAL,DRIVING SKILLS/KNOWLEDGE/EXPERIENCE,DRIVING SKILLS/KNOWLEDGE/EXPERIENCE,0,0,0,0,15,1,3,669,OGDEN AVE,41.728783,-87.801795,03/24/2019 04:30:00 PM,2019
CR00035103,02/09/2015 04:00:00 AM,30,CLEAR,DAYLIGHT,TURNING,DIVIDED - W/MEDIAN BARRIER,TRAFFIC SIGNAL,DRIVING SKILLS/KNOWLEDGE/EXPERIENCE,UNABLE TO DETERMINE,0,0,1,1,4,2,2,299,PULASKI RD,41.908543,-87.806692,02/09/2015 04:55:00 AM,2015
CR00035104,05/11/2017 08:34:00 AM,30,CLEAR,DAYLIGHT,REAR END,NOT DIVIDED,TRAFFIC SIGNAL,IMPROPER LANE USAGE,DISTRACTION - FROM INSIDE VEHICLE,0,0,1,1,8,5,5,711,79TH ST,41.752389,-87.54068,05/11/2017 08:52:00 AM,2017
CR00035105,05/09/2023 05:10:00 PM,45,CLEAR,DAYLIGHT,REAR END,DIVIDED - W/MEDIAN BARRIER,NO CONTROLS,FAILING TO YIELD RIGHT-OF-WAY,FOLLOWING TOO CLOSELY,0,0,0,0,17,3,5,191,47TH ST,41.861726,-87.598143,05/09/2023 05:20:00 PM,2023
CR00035106,09/04/2021 03:28:00 PM,35,CLOUDY/OVERCAST,DARKNESS - LIGHTED ROAD,REAR END,NOT DIVIDED,NO CONTROLS,WEATHER,NOT APPLICABLE,0,0,0,0,15,7,9,2527,ASHLAND AVE,41.815718,-87.666475,09/04/2021 03:33:00 PM,2021
CR00035107,07/25/2017 05:39:00 PM,15,CLEAR,DAYLIGHT,ANGLE,NOT DIVIDED,NO CONTROLS,UNABLE TO DETERMINE,DISREGARDING TRAFFIC SIGNALS,0,0,1,1,17,3,7,889,ARCHER AVE,41.779797,-87.516222,07/25/2017 06:48:00 PM,2017
CR00035108,05/10/2023 06:30:00 PM,25,CLEAR,DARKNESS,TURNING,NOT DIVIDED,STOP SIGN/FLASHER,DISTRACTION - FROM INSIDE VEHICLE,UNABLE TO DETERMINE,0,1,0,1,18,4,5,1995,IRVING PARK RD,41.834418,-87.63843,05/10/2023 08:15:00 PM,2023
CR00035109,10/07/2024 07:43:00 AM,35,CLOUDY/OVERCAST,DAYLIGHT,TURNING,NOT DIVIDED,NO CONTROLS,DISREGARDING TRAFFIC SIGNALS,FOLLOWING TOO CLOSELY,0,0,3,3,7,2,10,1500,ROOSEVELT RD,41.828734,-87.729686,10/07/2024 09:08:00 AM,2024
CR00035110,12/29/2024 03:20:00 AM,30,SNOW,DARKNESS - LIGHTED ROAD,REAR END,T-INTERSECTION,PEDESTRIAN CROSSING SIGN,DISTRACTION - FROM INSIDE VEHICLE,IMPROPER LANE USAGE,0,0,0,0,3,1,12,1989,DAMEN AVE,41.895769,-87.823977,12/29/2024 04:47:00 AM,2024
CR00035111,10/07/2017 10:38:00 PM,20,CLOUDY/OVERCAST,DUSK,ANGLE,ONE-WAY,STOP SIGN/FLASHER,IMPROPER OVERTAKING/PASSING,UNABLE TO DETERMINE,0,0,3,3,22,7,10,680,PULASKI RD,41.816273,-87.571997,10/08/2017 12:04:00 AM,2017
CR00035112,09/09/2018 01:46:00 AM,45,SNOW,DAYLIGHT,PARKED MOTOR VEHICLE,DIVIDED - W/MEDIAN (NOT RAISED),NO CONTROLS,DISTRACTION - FROM INSIDE VEHICLE,NOT APPLICABLE,0,0,3,3,1,1,9,2205,MICHIGAN AVE,41.786767,-87.775402,09/09/2018 02:07:00 AM,2018
CR00035113,02/25/2017 08:09:00 AM,25,CLEAR,DARKNESS,REAR TO FRONT,NOT DIVIDED,NO CONTROLS,UNABLE TO DETERMINE,UNABLE TO DETERMINE,0,0,0,0,8,7,2,732,PULASKI RD,41.744251,-87.831906,02/25/2017 09:45:00 AM,2017
CR00035114,01/11/2024 05:56:00 AM,30,CLEAR,DAYLIGHT,REAR END,NOT DIVIDED,NO CONTROLS,UNABLE TO DETERMINE,IMPROPER OVERTAKING/PASSING,0,0,0,0,5,5,1,201,ELSTON AVE,41.955525,-87.575729,01/11/2024 06:43:00 AM,2024
CR00035115,07/28/2023 02:40:00 PM,30,SNOW,DAYLIGHT,ANGLE,FOUR WAY,NO CONTROLS,UNABLE TO DETERMINE,NOT APPLICABLE,0,0,0,0,14,6,7,1076,MICHIGAN AVE,41.938966,-87.631261,07/28/2023 03:28:00 PM,2023
CR00035116,05/30/2019 09:28:00 AM,30,CLEAR,DAYLIGHT,PARKED MOTOR VEHICLE,NOT DIVIDED,NO CONTROLS,DRIVING SKILLS/KNOWLEDGE/EXPERIENCE,NOT APPLICABLE,0,0,0,0,9,5,5,2427,STATE ST,41.999243,-87.822088,05/30/2019 09:41:00 AM,2019
CR00035117,07/09/2024 11:38:00 AM,35,CLEAR,DARKNESS,TURNING,DIVIDED - W/MEDIAN BARRIER,NO CONTROLS,DRIVING SKILLS/KNOWLEDGE/EXPERIENCE,FOLLOWING TOO CLOSELY,0,0,0,0,11,3,7,997,DIVISION ST,41.964539,-87.528241,07/09/2024 11:58:00 AM,2024
CR00035118,06/04/2017 07:21:00 AM,45,CLEAR,DAYLIGHT,REAR END,DIVIDED - W/MEDIAN (NOT RAISED),NO CONTROLS,UNABLE TO DETERMINE,DISTRACTION - FROM INSIDE VEHICLE,0,0,0,0,7,1,6,2031,KEDZIE AVE,41.915399,-87.514787,06/04/2017 09:19:00 AM,2017
CR00035119,01/02/2017 02:52:00 PM,25,FOG/SMOKE/HAZE,DAYLIGHT,PEDESTRIAN,NOT DIVIDED,NO CONTROLS,UNABLE TO DETERMINE,FAILING TO YIELD RIGHT-OF-WAY,0,0,0,0,14,2,1,1880,DAMEN AVE,41.786808,-87.610946,01/02/2017 04:07:00 PM,2017
CR00035120,03/26/2023 04:54:00 PM,20,RAIN,DUSK,ANGLE,NOT DIVIDED,STOP SIGN/FLASHER,UNABLE TO DETERMINE,UNABLE TO DETERMINE,0,0,0,0,16,1,3,2123,FULLERTON AVE,41.935173,-87.574661,03/26/2023 05:20:00 PM,2023
CR00035121,12/28/2015 09:01:00 AM,35,CLEAR,DAYLIGHT,REAR END,NOT DIVIDED,NO CONTROLS,FAILING TO REDUCE SPEED,FAILING TO YIELD RIGHT-OF-WAY,0,1,1,2,9,2,12,148,CLARK ST,41.953898,-87.63075,12/28/2015 11:00:00 AM,2015
CR00035122,09/28/2021 06:28:00 PM,30,SNOW,DAYLIGHT,SIDESWIPE SAME DIRECTION,FOUR WAY,TRAFFIC SIGNAL,DRIVING SKILLS/KNOWLEDGE/EXPERIENCE,IMPROPER LANE USAGE,0,0,0,0,18,3,9,1678,STATE ST,41.719642,-87.765332,09/28/2021 06:36:00 PM,2021
CR00035123,06/12/2022 05:48:00 AM,35,FREEZING RAIN/DRIZZLE,DARKNESS - LIGHTED ROAD,ANGLE,NOT DIVIDED,NO CONTROLS,FOLLOWING TOO CLOSELY,UNABLE TO DETERMINE,0,0,0,0,5,1,6,975,CICERO AVE,41.904388,-87.723487,06/12/2022 06:45:00 AM,2022
CR00035124,01/17/2021 12:49:00 PM,30,CLEAR,DAYLIGHT,PARKED MOTOR VEHICLE,DIVIDED - W/MEDIAN (NOT RAISED),TRAFFIC SIGNAL,UNABLE TO DETERMINE,UNABLE TO DETERMINE,0,0,0,0,12,1,1,2376,LAKE SHORE DR,41.790405,-87.580858,01/17/2021 01:05:00 PM,2021
CR00035125,12/12/2020 09:53:00 PM,35,CLEAR,DAYLIGHT,REAR END,NOT DIVIDED,STOP SIGN/FLASHER,UNABLE TO DETERMINE,NOT APPLICABLE,0,0,3,3,21,7,12,881,KEDZIE AVE,41.798824,-87.675141,12/12/2020 10:35:00 PM,2020
CR00035126,12/26/2019 09:31:00 AM,30,CLEAR,DAYLIGHT,TURNING,DIVIDED - W/MEDIAN BARRIER,TRAFFIC SIGNAL,FAILING TO REDUCE SPEED,FOLLOWING TOO CLOSELY,0,0,0,0,9,5,12,2431,ROOSEVELT RD,41.827399,-87.607629,12/26/2019 10:43:00 AM,2019
CR00035127,06/24/2021 02:58:00 PM,35,SNOW,DAYLIGHT,REAR END,NOT DIVIDED,NO CONTROLS,DISTRACTION - FROM INSIDE VEHICLE,IMPROPER OVERTAKING/PASSING,0,0,0,0,14,5,6,2456,79TH ST,41.998666,-87.760898,06/24/2021 03:45:00 PM,2021
CR00035128,03/29/2016 08:15:00 AM,35,CLEAR,DAYLIGHT,REAR TO FRONT,FOUR WAY,NO CONTROLS,IMPROPER OVERTAKING/PASSING,IMPROPER LANE USAGE,0,0,0,0,8,3,3,2109,CLARK ST,41.72757,-87.72233,03/29/2016 08:19:00 AM,2016
CR00035129,05/13/2016 07:44:00 PM,15,CLOUDY/OVERCAST,DAYLIGHT,ANGLE,ONE-WAY,NO CONTROLS,UNABLE TO DETERMINE,NOT APPLICABLE,0,0,0,0,19,6,5,241,ASHLAND AVE,41.812366,-87.750606,05/13/2016 09:41:00 PM,2016
CR00035130,02/20/2016 12:15:00 AM,35,CLEAR,DAYLIGHT,ANGLE,DIVIDED - W/MEDIAN BARRIER,STOP SIGN/FLASHER,FAILING TO REDUCE SPEED,UNABLE TO DETERMINE,0,0,0,0,0,7,2,707,STONY ISLAND AVE,41.744318,-87.805664,02/20/2016 01:48:00 AM,2016
CR00035131,01/20/2024 07:17:00 AM,30,CLEAR,DUSK,REAR END,DIVIDED - W/MEDIAN (NOT RAISED),TRAFFIC SIGNAL,DRIVING SKILLS/KNOWLEDGE/EXPERIENCE,DRIVING SKILLS/KNOWLEDGE/EXPERIENCE,0,0,1,1,7,7,1,2419,LAKE SHORE DR,41.767446,-87.767129,01/20/2024 07:25:00 AM,2024
CR00035132,01/22/2022 05:30:00 AM,30,CLEAR,DAYLIGHT,REAR END,NOT DIVIDED,STOP SIGN/FLASHER,UNABLE TO DETERMINE,FAILING TO REDUCE SPEED,0,0,1,1,5,7,1,159,CICERO AVE,41.821494,-87.683401,01/22/2022 06:37:00 AM,2022
CR00035133,06/26/2022 07:03:00 AM,35,CLEAR,DAYLIGHT,ANGLE,NOT DIVIDED,TRAFFIC SIGNAL,DISREGARDING TRAFFIC SIGNALS,IMPROPER LANE USAGE,0,1,2,3,7,1,6,1825,MICHIGAN AVE,41.77971,-87.76453,06/26/2022 08:59:00 AM,2022
CR00035134,12/04/2015 09:43:00 PM,35,CLEAR,DAYLIGHT,FIXED OBJECT,ONE-WAY,UNKNOWN,FAILING TO YIELD RIGHT-OF-WAY,FAILING TO YIELD RIGHT-OF-WAY,0,0,0,0,21,6,12,1515,HALSTED ST,41.788414,-87.670128,12/04/2015 10:07:00 PM,2015
CR00035135,03/19/2021 01:45:00 PM,45,CLEAR,DAYLIGHT,TURNING,DIVIDED - W/MEDIAN (NOT RAISED),TRAFFIC SIGNAL,FOLLOWING TOO CLOSELY,NOT APPLICABLE,0,0,0,0,13,6,3,2333,FULLERTON AVE,41.955101,-87.539141,03/19/2021 03:24:00 PM,2021
CR00035136,06/01/2015 08:20:00 AM,25,CLEAR,DAYLIGHT,PEDESTRIAN,DIVIDED - W/MEDIAN (NOT RAISED),NO CONTROLS,FAILING TO YIELD RIGHT-OF-WAY,FAILING TO YIELD RIGHT-OF-WAY,0,0,0,0,8,2,6,2464,CICERO AVE,41.81491,-87.632506,06/01/2015 09:20:00 AM,2015
CR00035137,12/08/2024 12:32:00 AM,15,CLEAR,DAYLIGHT,SIDESWIPE SAME DIRECTION,NOT DIVIDED,STOP SIGN/FLASHER,FOLLOWING TOO CLOSELY,UNABLE TO DETERMINE,0,0,3,3,0,1,12,2471,STONY ISLAND AVE,41.723451,-87.657115,12/08/2024 01:01:00 AM,2024