CRASH_RECORD_ID,CRASH_DATE,POSTED_SPEED_LIMIT,WEATHER_CONDITION,LIGHTING_CONDITION,FIRST_CRASH_TYPE,TRAFFICWAY_TYPE,TRAFFIC_CONTROL_DEVICE,PRIM_CONTRIBUTORY_CAUSE,SEC_CONTRIBUTORY_CAUSE,INJURIES_FATAL,INJURIES_INCAPACITATING,INJURIES_NON_INCAPACITATING,INJURIES_TOTAL,CRASH_HOUR,CRASH_DAY_OF_WEEK,CRASH_MONTH,BEAT_OF_OCCURRENCE,STREET_NAME,LATITUDE,LONGITUDE,DATE_POLICE_NOTIFIED,year
CR00035138,12/16/2020 01:30:00 PM,35,CLEAR,DARKNESS - LIGHTED ROAD,TURNING,ONE-WAY,TRAFFIC SIGNAL,DISTRACTION - FROM INSIDE VEHICLE,FOLLOWING TOO CLOSELY,0,0,0,0,13,4,12,1840,CALIFORNIA AVE,41.865693,-87.503967,12/16/2020 02:49:00 PM,2020
CR00035139,06/22/2021 06:31:00 PM,20,CLEAR,DAYLIGHT,REAR END,NOT DIVIDED,TRAFFIC SIGNAL,UNABLE TO DETERMINE,UNABLE TO DETERMINE,0,0,0,0,18,3,6,900,CICERO AVE,41.805654,-87.70261,06/22/2021 06:42:00 PM,2021
CR00035140,02/03/2023 06:29:00 PM,35,CLEAR,DAYLIGHT,SIDESWIPE SAME DIRECTION,FOUR WAY,YIELD,FOLLOWING TOO CLOSELY,UNABLE TO DETERMINE,0,2,2,4,18,6,2,1794,HALSTED ST,41.767139,-87.748251,02/03/2023 06:40:00 PM,2023
CR00035141,09/22/2021 01:55:00 PM,30,CLEAR,DAYLIGHT,REAR END,NOT DIVIDED,NO CONTROLS,UNABLE TO DETERMINE,FAILING TO YIELD RIGHT-OF-WAY,0,0,0,0,13,4,9,1588,MILWAUKEE AVE,41.758421,-87.693069,09/22/2021 02:29:00 PM,2021
CR00035142,02/09/2016 11:26:00 PM,35,CLEAR,DAYLIGHT,REAR END,NOT DIVIDED,STOP SIGN/FLASHER,UNABLE TO DETERMINE,IMPROPER OVERTAKING/PASSING,0,0,0,0,23,3,2,2192,79TH ST,41.810497,-87.633403,02/10/2016 12:56:00 AM,2016
CR00035143,05/16/2019 08:33:00 AM,35,CLEAR,DUSK,REAR END,NOT DIVIDED,STOP SIGN/FLASHER,FOLLOWING TOO CLOSELY,IMPROPER OVERTAKING/PASSING,0,0,0,0,8,5,5,2098,LAKE SHORE DR,41.970116,-87.828425,05/16/2019 09:40:00 AM,2019
CR00035144,07/26/2024 02:48:00 AM,30,CLEAR,DARKNESS,PARKED MOTOR VEHICLE,ONE-WAY,TRAFFIC SIGNAL,DISREGARDING TRAFFIC SIGNALS,IMPROPER OVERTAKING/PASSING,0,0,3,3,2,6,7,2020,MILWAUKEE AVE,41.729076,-87.722261,07/26/2024 02:50:00 AM,2024
CR00035145,06/02/2020 05:56:00 PM,35,CLEAR,DAYLIGHT,REAR END,DIVIDED - W/MEDIAN BARRIER,NO CONTROLS,FAILING TO REDUCE SPEED,NOT APPLICABLE,0,2,1,3,17,3,6,1940,HALSTED ST,41.880497,-87.6362,06/02/2020 06:17:00 PM,2020
CR00035146,06/18/2016 04:27:00 PM,35,CLEAR,DARKNESS - LIGHTED ROAD,TURNING,T-INTERSECTION,STOP SIGN/FLASHER,FOLLOWING TOO CLOSELY,NOT APPLICABLE,0,0,0,0,16,7,6,596,MILWAUKEE AVE,41.850746,-87.601999,06/18/2016 05:13:00 PM,2016
CR00035147,11/19/2024 06:48:00 PM,35,CLEAR,DARKNESS,REAR TO FRONT,DIVIDED - W/MEDIAN (NOT RAISED),TRAFFIC SIGNAL,FAILING TO YIELD RIGHT-OF-WAY,NOT APPLICABLE,0,0,0,0,18,3,11,1115,CICERO AVE,41.785505,-87.603085,11/19/2024 08:08:00 PM,2024
CR00035148,07/21/2019 08:06:00 AM,20,CLEAR,DAYLIGHT,TURNING,FOUR WAY,PEDESTRIAN CROSSING SIGN,UNABLE TO DETERMINE,DISREGARDING TRAFFIC SIGNALS,0,0,0,0,8,1,7,1733,CLARK ST,41.791449,-87.538957,07/21/2019 09:03:00 AM,2019
CR00035149,10/21/2022 03:45:00 PM,30,CLEAR,DARKNESS - LIGHTED ROAD,TURNING,FOUR WAY,NO CONTROLS,FAILING TO YIELD RIGHT-OF-WAY,NOT APPLICABLE,0,0,2,2,15,6,10,2449,ARCHER AVE,41.824529,-87.721186,10/21/2022 05:45:00 PM,2022
CR00035150,11/18/2023 08:04:00 AM,25,CLOUDY/OVERCAST,DARKNESS - LIGHTED ROAD,FIXED OBJECT,NOT DIVIDED,NO CONTROLS,FOLLOWING TOO CLOSELY,NOT APPLICABLE,0,0,0,0,8,7,11,583,LAKE SHORE DR,41.851146,-87.777507,11/18/2023 09:34:00 AM,2023
CR00035151,12/10/2022 01:14:00 PM,40,CLEAR,DAYLIGHT,PARKED MOTOR VEHICLE,NOT DIVIDED,NO CONTROLS,FOLLOWING TOO CLOSELY,FOLLOWING TOO CLOSELY,0,0,0,0,13,7,12,1281,MILWAUKEE AVE,41.882829,-87.619847,12/10/2022 02:53:00 PM,2022
CR00035152,11/04/2016 08:24:00 AM,20,CLEAR,DARKNESS - LIGHTED ROAD,TURNING,ONE-WAY,STOP SIGN/FLASHER,UNABLE TO DETERMINE,FOLLOWING TOO CLOSELY,0,1,0,1,8,6,11,1027,CALIFORNIA AVE,41.937574,-87.652358,11/04/2016 10:22:00 AM,2016
CR00035153,09/27/2016 05:57:00 PM,20,RAIN,DARKNESS - LIGHTED ROAD,PEDESTRIAN,FOUR WAY,NO CONTROLS,FAILING TO YIELD RIGHT-OF-WAY,UNABLE TO DETERMINE,0,0,0,0,17,3,9,587,LAKE SHORE DR,41.92763,-87.670857,09/27/2016 06:05:00 PM,2016
CR00035154,03/01/2016 03:26:00 AM,45,CLEAR,DUSK,TURNING,T-INTERSECTION,TRAFFIC SIGNAL,FAILING TO YIELD RIGHT-OF-WAY,FOLLOWING TOO CLOSELY,0,0,0,0,3,3,3,637,PULASKI RD,41.911101,-87.518071,03/01/2016 04:51:00 AM,2016
CR00035155,10/08/2023 11:45:00 PM,35,CLEAR,DUSK,ANGLE,DIVIDED - W/MEDIAN (NOT RAISED),STOP SIGN/FLASHER,FAILING TO YIELD RIGHT-OF-WAY,UNABLE TO DETERMINE,0,0,0,0,23,1,10,1150,ASHLAND AVE,41.9536,-87.595125,10/09/2023 12:04:00 AM,2023
CR00035156,10/18/2024 06:21:00 PM,15,CLEAR,DAYLIGHT,REAR END,NOT DIVIDED,TRAFFIC SIGNAL,IMPROPER LANE USAGE,UNABLE TO DETERMINE,0,0,0,0,18,6,10,2342,ELSTON AVE,41.733063,-87.528509,10/18/2024 07:32:00 PM,2024
CR00035157,07/18/2019 03:03:00 PM,30,CLOUDY/OVERCAST,DAYLIGHT,TURNING,NOT DIVIDED,NO CONTROLS,FOLLOWING TOO CLOSELY,NOT APPLICABLE,0,0,0,0,15,5,7,2390,MILWAUKEE AVE,41.965742,-87.588033,07/18/2019 03:44:00 PM,2019
CR00035158,03/15/2022 06:39:00 PM,30,CLEAR,DAYLIGHT,REAR END,NOT DIVIDED,TRAFFIC SIGNAL,FOLLOWING TOO CLOSELY,DRIVING SKILLS/KNOWLEDGE/EXPERIENCE,0,0,1,1,18,3,3,645,KEDZIE AVE,41.889625,-87.637148,03/15/2022 06:51:00 PM,2022
CR00035159,12/18/2020 01:20:00 PM,25,CLEAR,DARKNESS,REAR END,NOT DIVIDED,STOP SIGN/FLASHER,UNABLE TO DETERMINE,IMPROPER LANE USAGE,0,0,0,0,13,6,12,1370,DIVISION ST,41.898482,-87.695403,12/18/2020 02:33:00 PM,2020
CR00035160,07/09/2022 07:04:00 PM,30,CLEAR,DAYLIGHT,PARKED MOTOR VEHICLE,ONE-WAY,STOP SIGN/FLASHER,FOLLOWING TOO CLOSELY,NOT APPLICABLE,0,0,0,0,19,7,7,2331,63RD ST,41.774213,-87.504826,07/09/2022 07:52:00 PM,2022
CR00035161,06/25/2015 04:50:00 PM,35,CLEAR,DAYLIGHT,REAR END,NOT DIVIDED,STOP SIGN/FLASHER,FAILING TO REDUCE SPEED,UNABLE TO DETERMINE,0,0,0,0,16,5,6,181,47TH ST,41.819722,-87.744516,06/25/2015 06:10:00 PM,2015
CR00035162,06/17/2015 08:04:00 AM,30,CLEAR,DARKNESS,REAR END,NOT DIVIDED,NO CONTROLS,FAILING TO REDUCE SPEED,UNABLE TO DETERMINE,0,0,0,0,8,4,6,2031,HALSTED ST,41.712395,-87.659794,06/17/2015 08:43:00 AM,2015
CR00035163,04/10/2015 10:07:00 AM,35,RAIN,DARKNESS - LIGHTED ROAD,TURNING,NOT DIVIDED,TRAFFIC SIGNAL,UNABLE TO DETERMINE,UNABLE TO DETERMINE,0,0,0,0,10,6,4,1014,KEDZIE AVE,41.899361,-87.519236,04/10/2015 11:30:00 AM,2015
CR00035164,12/04/2016 02:23:00 PM,20,CLEAR,DAYLIGHT,REAR END,FOUR WAY,YIELD,UNABLE TO DETERMINE,DRIVING SKILLS/KNOWLEDGE/EXPERIENCE,0,0,0,0,14,1,12,798,63RD ST,41.927383,-87.750658,12/04/2016 03:10:00 PM,2016
CR00035165,08/09/2016 11:55:00 AM,40,CLOUDY/OVERCAST,DAYLIGHT,REAR END,DIVIDED - W/MEDIAN (NOT RAISED),TRAFFIC SIGNAL,FAILING TO YIELD RIGHT-OF-WAY,DISREGARDING TRAFFIC SIGNALS,0,0,1,1,11,3,8,2033,ARCHER AVE,41.729489,-87.594009,08/09/2016 12:12:00 PM,2016
CR00035166,12/15/2017 05:24:00 PM,30,CLEAR,DAYLIGHT,SIDESWIPE SAME DIRECTION,ONE-WAY,STOP SIGN/FLASHER,FOLLOWING TOO CLOSELY,FOLLOWING TOO CLOSELY,0,0,0,0,17,6,12,1331,CLARK ST,41.747966,-87.501703,12/15/2017 05:29:00 PM,2017
CR00035167,06/15/2019 04:34:00 PM,20,CLEAR,DUSK,ANGLE,ONE-WAY,NO CONTROLS,IMPROPER OVERTAKING/PASSING,DRIVING SKILLS/KNOWLEDGE/EXPERIENCE,0,0,0,0,16,7,6,489,CALIFORNIA AVE,41.977875,-87.710923,06/15/2019 06:16:00 PM,2019
CR00035168,12/05/2024 12:19:00 AM,35,CLEAR,DAWN,REAR END,NOT DIVIDED,STOP SIGN/FLASHER,UNABLE TO DETERMINE,FOLLOWING TOO CLOSELY,0,0,1,1,0,5,12,2301,BROADWAY,41.769215,-87.826982,12/05/2024 12:48:00 AM,2024
CR00035169,09/25/2017 08:16:00 AM,35,CLEAR,DAYLIGHT,TURNING,ONE-WAY,YIELD,FOLLOWING TOO CLOSELY,IMPROPER LANE USAGE,0,0,0,0,8,2,9,330,FULLERTON AVE,41.914603,-87.80204,09/25/2017 08:20:00 AM,2017
CR00035170,05/24/2018 06:04:00 PM,35,CLEAR,DARKNESS,FIXED OBJECT,NOT DIVIDED,NO CONTROLS,UNABLE TO DETERMINE,UNABLE TO DETERMINE,0,0,0,0,18,5,5,111,ARCHER AVE,41.946227,-87.736875,05/24/2018 06:55:00 PM,2018
CR00035171,04/03/2015 03:20:00 AM,30,RAIN,DAYLIGHT,TURNING,NOT DIVIDED,TRAFFIC SIGNAL,WEATHER,WEATHER,0,0,0,0,3,6,4,1174,ROOSEVELT RD,41.797474,-87.687261,04/03/2015 04:25:00 AM,2015
CR00035172,02/28/2019 08:17:00 AM,35,RAIN,DARKNESS - LIGHTED ROAD,FIXED OBJECT,NOT DIVIDED,TRAFFIC SIGNAL,DISTRACTION - FROM INSIDE VEHICLE,UNABLE TO DETERMINE,0,0,0,0,8,5,2,1455,MICHIGAN AVE,41.889838,-87.524079,02/28/2019 09:56:00 AM,2019
CR00035173,07/06/2021 08:37:00 AM,25,CLEAR,DAYLIGHT,ANGLE,NOT DIVIDED,NO CONTROLS,UNABLE TO DETERMINE,DISREGARDING TRAFFIC SIGNALS,0,0,0,0,8,3,7,345,ROOSEVELT RD,41.887092,-87.794813,07/06/2021 09:42:00 AM,2021
CR00035174,05/05/2018 07:38:00 PM,30,CLEAR,DARKNESS - LIGHTED ROAD,TURNING,FOUR WAY,NO CONTROLS,DRIVING SKILLS/KNOWLEDGE/EXPERIENCE,FAILING TO YIELD RIGHT-OF-WAY,0,0,1,1,19,7,5,1849,LAKE SHORE DR,41.798155,-87.623836,05/05/2018 09:34:00 PM,2018
CR00035175,07/23/2015 02:34:00 PM,35,RAIN,DAYLIGHT,SIDESWIPE SAME DIRECTION,FOUR WAY,STOP SIGN/FLASHER,IMPROPER LANE USAGE,WEATHER,0,0,0,0,14,5,7,192,LAKE SHORE DR,41.772782,-87.548378,07/23/2015 02:45:00 PM,2015
CR00035176,07/22/2015 08:24:00 AM,30,CLOUDY/OVERCAST,DAYLIGHT,REAR END,FOUR WAY,NO CONTROLS,FAILING TO REDUCE SPEED,UNABLE TO DETERMINE,0,2,0,2,8,4,7,824,LAKE SHORE DR,41.978763,-87.730711,07/22/2015 08:54:00 AM,2015
CR00035177,10/08/2016 09:30:00 AM,25,CLEAR,DARKNESS - LIGHTED ROAD,REAR END,T-INTERSECTION,NO CONTROLS,FAILING TO REDUCE SPEED,FOLLOWING TOO CLOSELY,0,0,0,0,9,7,10,744,63RD ST,41.850412,-87.771055,10/08/2016 09:51:00 AM,2016
CR00035178,11/23/2019 05:27:00 PM,40,CLEAR,DAYLIGHT,REAR END,FOUR WAY,TRAFFIC SIGNAL,IMPROPER OVERTAKING/PASSING,WEATHER,0,0,0,0,17,7,11,778,47TH ST,41.960314,-87.7241,11/23/2019 06:03:00 PM,2019
CR00035179,03/11/2024 09:00:00 AM,30,CLEAR,DARKNESS - LIGHTED ROAD,FIXED OBJECT,NOT DIVIDED,NO CONTROLS,UNABLE TO DETERMINE,UNABLE TO DETERMINE,0,0,0,0,9,2,3,1967,DIVISION ST,41.704292,-87.846494,03/11/2024 09:33:00 AM,2024
CR00035180,08/08/2015 01:22:00 PM,35,CLEAR,DARKNESS - LIGHTED ROAD,REAR END,NOT DIVIDED,TRAFFIC SIGNAL,DISTRACTION - FROM INSIDE VEHICLE,FAILING TO YIELD RIGHT-OF-WAY,0,0,0,0,13,7,8,1351,ARCHER AVE,41.890523,-87.795641,08/08/2015 02:59:00 PM,2015
CR00035181,06/09/2017 04:20:00 PM,35,CLEAR,DARKNESS,REAR END,NOT DIVIDED,NO CONTROLS,UNABLE TO DETERMINE,UNABLE TO DETERMINE,0,0,0,0,16,6,6,1088,63RD ST,41.82867,-87.84388,06/09/2017 05:59:00 PM,2017
CR00035182,05/05/2015 01:22:00 AM,25,CLEAR,DARKNESS - LIGHTED ROAD,ANGLE,FOUR WAY,TRAFFIC SIGNAL,IMPROPER LANE USAGE,UNABLE TO DETERMINE,0,0,0,0,1,3,5,2159,OGDEN AVE,41.890893,-87.675646,05/05/2015 02:28:00 AM,2015
CR00035183,05/11/2019 02:21:00 PM,15,CLEAR,DAYLIGHT,ANGLE,NOT DIVIDED,NO CONTROLS,IMPROPER LANE USAGE,FOLLOWING TOO CLOSELY,0,0,0,0,14,7,5,2214,CALIFORNIA AVE,41.836375,-87.716312,05/11/2019 02:58:00 PM,2019
CR00035184,01/05/2021 04:32:00 PM,30,CLEAR,DAYLIGHT,REAR TO FRONT,ONE-WAY,NO CONTROLS,FAILING TO REDUCE SPEED,UNABLE TO DETERMINE,0,0,2,2,16,3,1,1485,FULLERTON AVE,41.857769,-87.575282,01/05/2021 06:16:00 PM,2021
CR00035185,07/29/2017 03:02:00 PM,15,CLEAR,DAYLIGHT,REAR END,ONE-WAY,NO CONTROLS,WEATHER,IMPROPER OVERTAKING/PASSING,0,1,0,1,15,7,7,691,79TH ST,41.908374,-87.71758,07/29/2017 04:48:00 PM,2017
CR00035186,02/02/2015 07:51:00 AM,20,CLEAR,DAYLIGHT,TURNING,DIVIDED - W/MEDIAN (NOT RAISED),TRAFFIC SIGNAL,FAILING TO REDUCE SPEED,FOLLOWING TOO CLOSELY,0,0,0,0,7,2,2,1123,DAMEN AVE,41.748516,-87.637319,02/02/2015 08:15:00 AM,2015
CR00035187,07/03/2017 07:26:00 AM,30,CLEAR,DAYLIGHT,SIDESWIPE SAME DIRECTION,DIVIDED - W/MEDIAN BARRIER,NO CONTROLS,DISREGARDING TRAFFIC SIGNALS,IMPROPER OVERTAKING/PASSING,0,0,0,0,7,2,7,1380,ELSTON AVE,41.938383,-87.69092,07/03/2017 09:05:00 AM,2017
CR00035188,01/18/2024 10:43:00 PM,40,CLEAR,DAYLIGHT,SIDESWIPE SAME DIRECTION,NOT DIVIDED,NO CONTROLS,IMPROPER LANE USAGE,FAILING TO YIELD RIGHT-OF-WAY,0,0,0,0,22,5,1,531,LAKE SHORE DR,41.940906,-87.525965,01/19/2024 12:34:00 AM,2024
CR00035189,03/24/2019 06:39:00 PM,30,CLEAR,DAYLIGHT,TURNING,NOT DIVIDED,STOP SIGN/FLASHER,FAILING TO YIELD RIGHT-OF-WAY,FAILING TO YIELD RIGHT-OF-WAY,0,0,0,0,18,1,3,1239,OGDEN AVE,41.876816,-87.740752,03/24/2019 07:01:00 PM,2019
CR00035190,10/18/2016 04:53:00 PM,45,CLEAR,DAYLIGHT,TURNING,NOT DIVIDED,TRAFFIC SIGNAL,FAILING TO REDUCE SPEED,IMPROPER LANE USAGE,0,0,0,0,16,3,10,1580,FULLERTON AVE,41.911467,-87.796731,10/18/2016 06:06:00 PM,2016
CR00035191,04/04/2024 03:45:00 PM,30,CLEAR,DARKNESS - LIGHTED ROAD,ANGLE,DIVIDED - W/MEDIAN (NOT RAISED),NO CONTROLS,FAILING TO REDUCE SPEED,FOLLOWING TOO CLOSELY,0,0,0,0,15,5,4,519,STONY ISLAND AVE,41.975815,-87.513159,04/04/2024 04:31:00 PM,2024
CR00035192,03/07/2021 04:53:00 PM,45,RAIN,DAYLIGHT,SIDESWIPE SAME DIRECTION,NOT DIVIDED,PEDESTRIAN CROSSING SIGN,DRIVING SKILLS/KNOWLEDGE/EXPERIENCE,IMPROPER OVERTAKING/PASSING,0,0,0,0,16,1,3,1792,STATE ST,41.767183,-87.612112,03/07/2021 05:51:00 PM,2021
CR00035193,08/07/2019 08:32:00 AM,30,CLEAR,DAYLIGHT,ANGLE,NOT DIVIDED,NO CONTROLS,IMPROPER OVERTAKING/PASSING,FOLLOWING TOO CLOSELY,0,0,3,3,8,4,8,1372,47TH ST,41.781082,-87.818105,08/07/2019 08:45:00 AM,2019
CR00035194,06/10/2018 03:23:00 PM,30,CLEAR,DARKNESS - LIGHTED ROAD,SIDESWIPE SAME DIRECTION,NOT DIVIDED,TRAFFIC SIGNAL,IMPROPER LANE USAGE,WEATHER,0,0,0,0,15,1,6,1255,STONY ISLAND AVE,41.888598,-87.729353,06/10/2018 04:42:00 PM,2018
CR00035195,06/09/2018 03:30:00 PM,30,CLEAR,DAYLIGHT,TURNING,DIVIDED - W/MEDIAN (NOT RAISED),NO CONTROLS,DISTRACTION - FROM INSIDE VEHICLE,DISTRACTION - FROM INSIDE VEHICLE,0,0,0,0,15,7,6,880,BROADWAY,41.713345,-87.63205,06/09/2018 04:10:00 PM,2018
CR00035196,04/23/2023 06:26:00 PM,30,CLEAR,DARKNESS - LIGHTED ROAD,PARKED MOTOR VEHICLE,FOUR WAY,UNKNOWN,DISTRACTION - FROM INSIDE VEHICLE,FAILING TO YIELD RIGHT-OF-WAY,0,0,0,0,18,1,4,1722,FULLERTON AVE,41.960947,-87.698017,04/23/2023 06:33:00 PM,2023
CR00035197,01/16/2017 08:36:00 PM,45,RAIN,DAYLIGHT,PARKED MOTOR VEHICLE,NOT DIVIDED,NO CONTROLS,UNABLE TO DETERMINE,NOT APPLICABLE,0,2,1,3,20,2,1,1588,DIVISION ST,41.842077,-87.766554,01/16/2017 08:38:00 PM,2017
CR00035198,05/26/2018 05:32:00 PM,40,CLEAR,DAYLIGHT,FIXED OBJECT,FOUR WAY,NO CONTROLS,DRIVING SKILLS/KNOWLEDGE/EXPERIENCE,IMPROPER OVERTAKING/PASSING,0,0,0,0,17,7,5,853,IRVING PARK RD,41.902296,-87.710788,05/26/2018 06:12:00 PM,2018
CR00035199,04/30/2019 11:41:00 AM,30,CLEAR,DAYLIGHT,TURNING,DIVIDED - W/MEDIAN (NOT RAISED),UNKNOWN,UNABLE TO DETERMINE,FOLLOWING TOO CLOSELY,0,1,1,2,11,3,4,686,HALSTED ST,41.908399,-87.759245,04/30/2019 12:32:00 PM,2019
CR00035200,11/27/2019 04:25:00 AM,40,CLEAR,DAYLIGHT,REAR END,NOT DIVIDED,UNKNOWN,IMPROPER LANE USAGE,UNABLE TO DETERMINE,0,0,0,0,4,4,11,1487,MILWAUKEE AVE,41.720319,-87.717315,11/27/2019 05:07:00 AM,2019
CR00035201,09/29/2020 08:04:00 AM,45,CLEAR,DAYLIGHT,PARKED MOTOR VEHICLE,ONE-WAY,NO CONTROLS,FAILING TO YIELD RIGHT-OF-WAY,NOT APPLICABLE,0,0,0,0,8,3,9,254,HALSTED ST,41.912367,-87.6325,09/29/2020 08:10:00 AM,2020
CR00035202,05/27/2023 09:07:00 AM,30,CLEAR,DAYLIGHT,SIDESWIPE SAME DIRECTION,DIVIDED - W/MEDIAN BARRIER,NO CONTROLS,FAILING TO REDUCE SPEED,DISREGARDING TRAFFIC SIGNALS,0,0,0,0,9,7,5,488,FULLERTON AVE,41.829358,-87.53991,05/27/2023 09:20:00 AM,2023
CR00035203,10/03/2021 05:25:00 PM,30,CLEAR,DAYLIGHT,SIDESWIPE SAME DIRECTION,DIVIDED - W/MEDIAN (NOT RAISED),TRAFFIC SIGNAL,UNABLE TO DETERMINE,NOT APPLICABLE,0,0,1,1,17,1,10,1765,79TH ST,41.91743,-87.572126,10/03/2021 05:44:00 PM,2021
CR00035204,01/18/2019 05:11:00 PM,30,FOG/SMOKE/HAZE,DAYLIGHT,ANGLE,DIVIDED - W/MEDIAN (NOT RAISED),TRAFFIC SIGNAL,IMPROPER LANE USAGE,NOT APPLICABLE,0,0,0,0,17,6,1,2237,ASHLAND AVE,41.748974,-87.740085,01/18/2019 06:49:00 PM,2019
CR00035205,09/01/2015 06:52:00 PM,45,CLEAR,DARKNESS - LIGHTED ROAD,PARKED MOTOR VEHICLE,NOT DIVIDED,TRAFFIC SIGNAL,FOLLOWING TOO CLOSELY,FAILING TO YIELD RIGHT-OF-WAY,0,0,0,0,18,3,9,1287,FULLERTON AVE,41.887515,-87.71611,09/01/2015 07:13:00 PM,2015
CR00035206,09/09/2022 11:13:00 AM,30,CLEAR,DAYLIGHT,SIDESWIPE SAME DIRECTION,NOT DIVIDED,NO CONTROLS,UNABLE TO DETERMINE,UNABLE TO DETERMINE,0,0,0,0,11,6,9,213,ASHLAND AVE,41.900217,-87.823669,09/09/2022 12:45:00 PM,2022
CR00035207,06/06/2022 10:50:00 AM,35,CLEAR,DUSK,ANGLE,NOT DIVIDED,STOP SIGN/FLASHER,IMPROPER LANE USAGE,FOLLOWING TOO CLOSELY,0,0,0,0,10,2,6,419,WESTERN AVE,41.880979,-87.816604,06/06/2022 11:33:00 AM,2022
CR00035208,12/05/2017 07:25:00 AM,15,CLEAR,DARKNESS - LIGHTED ROAD,REAR END,FOUR WAY,NO CONTROLS,FAILING TO YIELD RIGHT-OF-WAY,DRIVING SKILLS/KNOWLEDGE/EXPERIENCE,0,0,0,0,7,3,12,2121,FULLERTON AVE,41.948951,-87.791429,12/05/2017 08:14:00 AM,2017
CR00035209,07/04/2016 06:12:00 PM,45,CLEAR,DARKNESS - LIGHTED ROAD,TURNING,DIVIDED - W/MEDIAN BARRIER,TRAFFIC SIGNAL,FOLLOWING TOO CLOSELY,DRIVING SKILLS/KNOWLEDGE/EXPERIENCE,0,0,0,0,18,2,7,649,STATE ST,41.841004,-87.585757,07/04/2016 07:29:00 PM,2016
CR00035210,12/19/2020 06:27:00 PM,30,CLEAR,DARKNESS - LIGHTED ROAD,ANGLE,T-INTERSECTION,NO CONTROLS,DRIVING SKILLS/KNOWLEDGE/EXPERIENCE,DRIVING SKILLS/KNOWLEDGE/EXPERIENCE,0,0,1,1,18,7,12,1192,WESTERN AVE,41.956616,-87.670567,12/19/2020 06:29:00 PM,2020
CR00035211,12/07/2015 07:22:00 AM,35,RAIN,DAYLIGHT,FIXED OBJECT,NOT DIVIDED,NO CONTROLS,UNABLE TO DETERMINE,NOT APPLICABLE,0,0,0,0,7,2,12,2201,HALSTED ST,41.794589,-87.540265,12/07/2015 09:15:00 AM,2015
CR00035212,01/01/2016 04:28:00 PM,30,CLEAR,DAYLIGHT,SIDESWIPE SAME DIRECTION,DIVIDED - W/MEDIAN (NOT RAISED),TRAFFIC SIGNAL,DRIVING SKILLS/KNOWLEDGE/EXPERIENCE,UNABLE TO DETERMINE,0,0,0,0,16,6,1,1100,FULLERTON AVE,41.877348,-87.775704,01/01/2016 04:59:00 PM,2016
CR00035213,12/04/2022 08:27:00 AM,35,CLEAR,DAYLIGHT,ANGLE,ONE-WAY,STOP SIGN/FLASHER,UNABLE TO DETERMINE,FAILING TO REDUCE SPEED,0,0,0,0,8,1,12,500,DAMEN AVE,41.87651,-87.512616,12/04/2022 08:33:00 AM,2022
CR00035214,04/26/2020 03:00:00 PM,25,CLOUDY/OVERCAST,DARKNESS - LIGHTED ROAD,REAR END,NOT DIVIDED,NO CONTROLS,FAILING TO YIELD RIGHT-OF-WAY,UNABLE TO DETERMINE,0,0,2,2,15,1,4,1176,OGDEN AVE,41.899429,-87.758064,04/26/2020 04:09:00 PM,2020
CR00035215,10/02/2017 02:40:00 PM,30,FREEZING RAIN/DRIZZLE,DAYLIGHT,ANGLE,T-INTERSECTION,NO CONTROLS,FOLLOWING TOO CLOSELY,FAILING TO YIELD RIGHT-OF-WAY,0,0,3,3,14,2,10,2219,MICHIGAN AVE,41.993407,-87.847651,10/02/2017 03:29:00 PM,2017
CR00035216,04/24/2016 08:09:00 AM,25,RAIN,DAYLIGHT,ANGLE,NOT DIVIDED,TRAFFIC SIGNAL,IMPROPER LANE USAGE,UNABLE TO DETERMINE,0,0,0,0,8,1,4,1244,ELSTON AVE,41.962896,-87.548415,04/24/2016 09:42:00 AM,2016
CR00035217,02/17/2023 09:36:00 AM,15,CLEAR,DAYLIGHT,TURNING,FOUR WAY,NO CONTROLS,FOLLOWING TOO CLOSELY,FOLLOWING TOO CLOSELY,0,0,1,1,9,6,2,136,HALSTED ST,41.939113,-87.718041,02/17/2023 10:33:00 AM,2023
CR00035218,04/07/2016 04:44:00 PM,30,CLEAR,DAYLIGHT,FIXED OBJECT,DIVIDED - W/MEDIAN BARRIER,STOP SIGN/FLASHER,DISTRACTION - FROM INSIDE VEHICLE,UNABLE TO DETERMINE,0,0,0,0,16,5,4,1120,CICERO AVE,41.864753,-87.840215,04/07/2016 05:27:00 PM,2016
CR00035219,01/10/2023 06:46:00 AM,25,CLEAR,DAYLIGHT,REAR TO FRONT,NOT DIVIDED,TRAFFIC SIGNAL,IMPROPER LANE USAGE,UNABLE TO DETERMINE,0,0,0,0,6,3,1,2257,ARCHER AVE,41.731016,-87.530534,01/10/2023 07:37:00 AM,2023
CR00035220,04/22/2019 02:17:00 PM,30,CLEAR,DAYLIGHT,SIDESWIPE SAME DIRECTION,T-INTERSECTION,TRAFFIC SIGNAL,IMPROPER OVERTAKING/PASSING,IMPROPER OVERTAKING/PASSING,0,0,0,0,14,2,4,1069,HALSTED ST,41.8782,-87.581775,04/22/2019 03:41:00 PM,2019
CR00035221,12/17/2019 04:18:00 PM,30,CLEAR,DUSK,SIDESWIPE SAME DIRECTION,NOT DIVIDED,TRAFFIC SIGNAL,FOLLOWING TOO CLOSELY,FAILING TO YIELD RIGHT-OF-WAY,0,0,0,0,16,3,12,1239,IRVING PARK RD,41.728824,-87.685302,12/17/2019 04:37:00 PM,2019