CRASH_RECORD_ID,CRASH_DATE,POSTED_SPEED_LIMIT,WEATHER_CONDITION,LIGHTING_CONDITION,FIRST_CRASH_TYPE,TRAFFICWAY_TYPE,TRAFFIC_CONTROL_DEVICE,PRIM_CONTRIBUTORY_CAUSE,SEC_CONTRIBUTORY_CAUSE,INJURIES_FATAL,INJURIES_INCAPACITATING,INJURIES_NON_INCAPACITATING,INJURIES_TOTAL,CRASH_HOUR,CRASH_DAY_OF_WEEK,CRASH_MONTH,BEAT_OF_OCCURRENCE,STREET_NAME,LATITUDE,LONGITUDE,DATE_POLICE_NOTIFIED,year
CR00035222,08/29/2021 08:25:00 AM,40,CLEAR,DAYLIGHT,SIDESWIPE SAME DIRECTION,DIVIDED - W/MEDIAN (NOT RAISED),NO CONTROLS,UNABLE TO DETERMINE,UNABLE TO DETERMINE,0,0,0,0,8,1,8,611,ROOSEVELT RD,41.73348,-87.62922,08/29/2021 10:13:00 AM,2021
CR00035223,08/25/2016 09:21:00 PM,20,CLEAR,DARKNESS,PARKED MOTOR VEHICLE,NOT DIVIDED,PEDESTRIAN CROSSING SIGN,FAILING TO YIELD RIGHT-OF-WAY,NOT APPLICABLE,0,2,3,5,21,5,8,2532,ARCHER AVE,41.944837,-87.552387,08/25/2016 09:31:00 PM,2016
CR00035224,08/22/2016 11:22:00 AM,30,FREEZING RAIN/DRIZZLE,DAYLIGHT,ANGLE,NOT DIVIDED,TRAFFIC SIGNAL,FOLLOWING TOO CLOSELY,NOT APPLICABLE,0,0,0,0,11,2,8,767,MICHIGAN AVE,41.951781,-87.502388,08/22/2016 01:11:00 PM,2016
CR00035225,02/14/2021 02:03:00 PM,20,CLOUDY/OVERCAST,DARKNESS - LIGHTED ROAD,ANGLE,ONE-WAY,TRAFFIC SIGNAL,UNABLE TO DETERMINE,DISTRACTION - FROM INSIDE VEHICLE,0,0,0,0,14,1,2,856,PULASKI RD,41.730355,-87.811176,02/14/2021 02:25:00 PM,2021
CR00035226,05/22/2023 05:54:00 PM,30,CLEAR,DAYLIGHT,PARKED MOTOR VEHICLE,DIVIDED - W/MEDIAN BARRIER,YIELD,UNABLE TO DETERMINE,DRIVING SKILLS/KNOWLEDGE/EXPERIENCE,0,0,0,0,17,2,5,2104,ASHLAND AVE,41.979467,-87.65811,05/22/2023 06:57:00 PM,2023
CR00035227,01/19/2015 10:02:00 AM,30,CLEAR,DUSK,FIXED OBJECT,NOT DIVIDED,TRAFFIC SIGNAL,UNABLE TO DETERMINE,FAILING TO YIELD RIGHT-OF-WAY,0,0,0,0,10,2,1,1853,ELSTON AVE,41.932001,-87.523435,01/19/2015 11:19:00 AM,2015
CR00035228,11/09/2024 07:01:00 PM,30,CLEAR,DAYLIGHT,ANGLE,DIVIDED - W/MEDIAN (NOT RAISED),TRAFFIC SIGNAL,DISTRACTION - FROM INSIDE VEHICLE,UNABLE TO DETERMINE,0,0,0,0,19,7,11,1745,ELSTON AVE,41.827893,-87.806108,11/09/2024 08:32:00 PM,2024
CR00035229,07/03/2018 12:56:00 PM,30,CLEAR,DARKNESS - LIGHTED ROAD,TURNING,DIVIDED - W/MEDIAN (NOT RAISED),TRAFFIC SIGNAL,DRIVING SKILLS/KNOWLEDGE/EXPERIENCE,DRIVING SKILLS/KNOWLEDGE/EXPERIENCE,0,1,0,1,12,3,7,798,LAKE SHORE DR,41.897602,-87.719253,07/03/2018 02:26:00 PM,2018
CR00035230,11/19/2024 09:02:00 AM,35,CLEAR,DAYLIGHT,TURNING,T-INTERSECTION,TRAFFIC SIGNAL,FAILING TO YIELD RIGHT-OF-WAY,UNABLE TO DETERMINE,0,0,0,0,9,3,11,1483,CICERO AVE,41.817281,-87.6978,11/19/2024 10:01:00 AM,2024
CR00035231,11/05/2019 01:30:00 PM,30,RAIN,DAYLIGHT,TURNING,DIVIDED - W/MEDIAN (NOT RAISED),UNKNOWN,UNABLE TO DETERMINE,FOLLOWING TOO CLOSELY,0,0,0,0,13,3,11,2534,CALIFORNIA AVE,41.770274,-87.746723,11/05/2019 01:52:00 PM,2019
CR00035232,06/13/2015 02:11:00 PM,25,CLOUDY/OVERCAST,DAYLIGHT,SIDESWIPE SAME DIRECTION,T-INTERSECTION,STOP SIGN/FLASHER,UNABLE TO DETERMINE,IMPROPER OVERTAKING/PASSING,0,0,0,0,14,7,6,1122,MILWAUKEE AVE,41.78787,-87.662814,06/13/2015 03:12:00 PM,2015
CR00035233,02/21/2021 12:48:00 PM,40,SNOW,DARKNESS - LIGHTED ROAD,ANGLE,NOT DIVIDED,STOP SIGN/FLASHER,UNABLE TO DETERMINE,NOT APPLICABLE,0,0,1,1,12,1,2,127,LAKE SHORE DR,41.855489,-87.581654,02/21/2021 01:26:00 PM,2021
CR00035234,08/31/2022 06:22:00 PM,20,CLEAR,DAYLIGHT,SIDESWIPE SAME DIRECTION,NOT DIVIDED,TRAFFIC SIGNAL,WEATHER,FOLLOWING TOO CLOSELY,0,0,0,0,18,4,8,2443,MICHIGAN AVE,41.831437,-87.594695,08/31/2022 06:27:00 PM,2022
CR00035235,04/10/2020 10:19:00 AM,45,CLEAR,DAYLIGHT,TURNING,FOUR WAY,NO CONTROLS,IMPROPER OVERTAKING/PASSING,FOLLOWING TOO CLOSELY,0,0,0,0,10,6,4,961,47TH ST,41.928688,-87.716331,04/10/2020 10:29:00 AM,2020
CR00035236,11/18/2017 12:33:00 PM,45,CLOUDY/OVERCAST,DAYLIGHT,SIDESWIPE SAME DIRECTION,T-INTERSECTION,TRAFFIC SIGNAL,UNABLE TO DETERMINE,UNABLE TO DETERMINE,0,0,0,0,12,7,11,775,DIVISION ST,41.806643,-87.653544,11/18/2017 12:54:00 PM,2017
CR00035237,08/12/2017 01:07:00 AM,15,RAIN,DAYLIGHT,FIXED OBJECT,ONE-WAY,UNKNOWN,FAILING TO YIELD RIGHT-OF-WAY,NOT APPLICABLE,0,0,0,0,1,7,8,358,CALIFORNIA AVE,41.789683,-87.817536,08/12/2017 01:22:00 AM,2017
CR00035238,05/02/2023 03:17:00 PM,30,RAIN,DAYLIGHT,REAR TO FRONT,DIVIDED - W/MEDIAN (NOT RAISED),STOP SIGN/FLASHER,DRIVING SKILLS/KNOWLEDGE/EXPERIENCE,DISTRACTION - FROM INSIDE VEHICLE,0,0,0,0,15,3,5,683,MICHIGAN AVE,41.985992,-87.8357,05/02/2023 03:52:00 PM,2023
CR00035239,04/16/2024 06:57:00 PM,45,SNOW,DAYLIGHT,REAR END,T-INTERSECTION,NO CONTROLS,UNABLE TO DETERMINE,DISREGARDING TRAFFIC SIGNALS,0,0,0,0,18,3,4,1178,BROADWAY,41.994134,-87.618223,04/16/2024 08:55:00 PM,2024
CR00035240,10/16/2019 10:44:00 AM,20,CLEAR,DAYLIGHT,REAR END,NOT DIVIDED,TRAFFIC SIGNAL,FAILING TO YIELD RIGHT-OF-WAY,FAILING TO REDUCE SPEED,0,0,0,0,10,4,10,1553,STONY ISLAND AVE,41.878273,-87.522608,10/16/2019 11:58:00 AM,2019
CR00035241,04/09/2019 09:48:00 PM,30,CLEAR,DARKNESS,REAR END,ONE-WAY,NO CONTROLS,DRIVING SKILLS/KNOWLEDGE/EXPERIENCE,FOLLOWING TOO CLOSELY,0,0,0,0,21,3,4,792,ROOSEVELT RD,41.739216,-87.816689,04/09/2019 10:40:00 PM,2019
CR00035242,08/25/2015 05:02:00 PM,30,SNOW,DARKNESS,TURNING,DIVIDED - W/MEDIAN (NOT RAISED),UNKNOWN,IMPROPER LANE USAGE,FOLLOWING TOO CLOSELY,0,0,0,0,17,3,8,1526,PULASKI RD,41.839294,-87.530362,08/25/2015 05:44:00 PM,2015
CR00035243,07/25/2015 11:50:00 AM,30,CLEAR,DAYLIGHT,SIDESWIPE SAME DIRECTION,DIVIDED - W/MEDIAN (NOT RAISED),STOP SIGN/FLASHER,FAILING TO REDUCE SPEED,UNABLE TO DETERMINE,0,0,0,0,11,7,7,454,PULASKI RD,41.964586,-87.547691,07/25/2015 12:51:00 PM,2015
CR00035244,09/26/2023 08:36:00 PM,45,CLEAR,DARKNESS - LIGHTED ROAD,REAR END,DIVIDED - W/MEDIAN (NOT RAISED),NO CONTROLS,DISREGARDING TRAFFIC SIGNALS,UNABLE TO DETERMINE,0,0,1,1,20,3,9,2408,MICHIGAN AVE,41.971296,-87.831441,09/26/2023 08:40:00 PM,2023
CR00035245,11/18/2023 02:02:00 PM,30,CLEAR,DUSK,ANGLE,FOUR WAY,UNKNOWN,WEATHER,FAILING TO YIELD RIGHT-OF-WAY,0,0,0,0,14,7,11,2501,79TH ST,41.711479,-87.760644,11/18/2023 03:33:00 PM,2023
CR00035246,02/20/2015 05:45:00 PM,40,RAIN,DAYLIGHT,TURNING,ONE-WAY,NO CONTROLS,UNABLE TO DETERMINE,DRIVING SKILLS/KNOWLEDGE/EXPERIENCE,0,0,0,0,17,6,2,1961,63RD ST,41.777702,-87.780703,02/20/2015 06:32:00 PM,2015
CR00035247,11/16/2016 06:29:00 PM,35,CLEAR,DAYLIGHT,TURNING,DIVIDED - W/MEDIAN (NOT RAISED),TRAFFIC SIGNAL,FAILING TO YIELD RIGHT-OF-WAY,FAILING TO YIELD RIGHT-OF-WAY,0,0,0,0,18,4,11,1846,LAKE SHORE DR,41.870495,-87.715437,11/16/2016 07:28:00 PM,2016
CR00035248,03/24/2015 09:48:00 AM,45,RAIN,DAYLIGHT,TURNING,NOT DIVIDED,TRAFFIC SIGNAL,DISTRACTION - FROM INSIDE VEHICLE,DRIVING SKILLS/KNOWLEDGE/EXPERIENCE,0,0,0,0,9,3,3,2030,DIVISION ST,41.829345,-87.815633,03/24/2015 10:33:00 AM,2015
CR00035249,08/02/2023 01:11:00 PM,30,CLEAR,DUSK,TURNING,NOT DIVIDED,STOP SIGN/FLASHER,DRIVING SKILLS/KNOWLEDGE/EXPERIENCE,NOT APPLICABLE,0,0,0,0,13,4,8,2217,CLARK ST,41.852636,-87.628459,08/02/2023 02:56:00 PM,2023
CR00035250,08/19/2024 07:20:00 AM,25,RAIN,DAYLIGHT,REAR END,NOT DIVIDED,NO CONTROLS,FOLLOWING TOO CLOSELY,UNABLE TO DETERMINE,0,0,0,0,7,2,8,2124,STONY ISLAND AVE,41.727153,-87.616168,08/19/2024 07:22:00 AM,2024
CR00035251,03/11/2022 10:47:00 AM,30,CLEAR,DAYLIGHT,PEDESTRIAN,ONE-WAY,NO CONTROLS,FAILING TO REDUCE SPEED,NOT APPLICABLE,0,0,0,0,10,6,3,297,FULLERTON AVE,41.813267,-87.532198,03/11/2022 12:09:00 PM,2022
CR00035252,07/13/2016 05:07:00 PM,35,CLEAR,DAYLIGHT,REAR TO FRONT,DIVIDED - W/MEDIAN (NOT RAISED),TRAFFIC SIGNAL,DISTRACTION - FROM INSIDE VEHICLE,IMPROPER LANE USAGE,0,0,0,0,17,4,7,2359,HALSTED ST,41.959942,-87.759583,07/13/2016 06:57:00 PM,2016
CR00035253,10/31/2015 07:23:00 AM,30,RAIN,DUSK,PEDESTRIAN,DIVIDED - W/MEDIAN (NOT RAISED),UNKNOWN,WEATHER,DRIVING SKILLS/KNOWLEDGE/EXPERIENCE,0,0,1,1,7,7,10,1486,STATE ST,41.959846,-87.818808,10/31/2015 07:31:00 AM,2015
CR00035254,01/10/2020 02:19:00 PM,35,SNOW,DARKNESS,TURNING,NOT DIVIDED,UNKNOWN,FOLLOWING TOO CLOSELY,NOT APPLICABLE,0,0,0,0,14,6,1,1681,BROADWAY,41.737166,-87.747449,01/10/2020 03:17:00 PM,2020
CR00035255,03/01/2023 05:37:00 PM,35,CLEAR,DAYLIGHT,REAR END,NOT DIVIDED,NO CONTROLS,UNABLE TO DETERMINE,FAILING TO YIELD RIGHT-OF-WAY,0,0,0,0,17,4,3,1046,STATE ST,41.946126,-87.687679,03/01/2023 06:48:00 PM,2023
CR00035256,12/26/2019 03:27:00 PM,30,CLEAR,DAYLIGHT,SIDESWIPE SAME DIRECTION,DIVIDED - W/MEDIAN BARRIER,TRAFFIC SIGNAL,FAILING TO YIELD RIGHT-OF-WAY,NOT APPLICABLE,0,0,2,2,15,5,12,1668,CICERO AVE,41.779438,-87.721132,12/26/2019 05:10:00 PM,2019
CR00035257,05/04/2020 04:58:00 PM,45,CLEAR,DARKNESS - LIGHTED ROAD,PARKED MOTOR VEHICLE,ONE-WAY,NO CONTROLS,DISREGARDING TRAFFIC SIGNALS,NOT APPLICABLE,0,0,0,0,16,2,5,1498,CICERO AVE,41.915659,-87.827218,05/04/2020 05:17:00 PM,2020
CR00035258,02/14/2015 02:33:00 PM,20,CLEAR,DARKNESS - LIGHTED ROAD,REAR END,T-INTERSECTION,TRAFFIC SIGNAL,IMPROPER OVERTAKING/PASSING,UNABLE TO DETERMINE,0,0,1,1,14,7,2,2356,79TH ST,41.947048,-87.8495,02/14/2015 02:48:00 PM,2015
CR00035259,10/27/2022 05:39:00 PM,30,CLEAR,DAYLIGHT,TURNING,T-INTERSECTION,UNKNOWN,FOLLOWING TOO CLOSELY,FAILING TO REDUCE SPEED,0,0,0,0,17,5,10,2009,CALIFORNIA AVE,41.807476,-87.691687,10/27/2022 06:07:00 PM,2022
CR00035260,03/23/2019 12:45:00 PM,25,CLOUDY/OVERCAST,DAWN,REAR END,NOT DIVIDED,NO CONTROLS,UNABLE TO DETERMINE,FAILING TO REDUCE SPEED,0,0,0,0,12,7,3,1144,CICERO AVE,41.847463,-87.689158,03/23/2019 01:36:00 PM,2019
CR00035261,08/26/2023 11:04:00 AM,15,CLEAR,DAWN,REAR END,DIVIDED - W/MEDIAN (NOT RAISED),TRAFFIC SIGNAL,DISREGARDING TRAFFIC SIGNALS,FOLLOWING TOO CLOSELY,0,0,0,0,11,7,8,1059,63RD ST,41.761583,-87.750533,08/26/2023 12:40:00 PM,2023
CR00035262,09/07/2015 07:21:00 AM,35,CLEAR,DARKNESS,REAR TO FRONT,FOUR WAY,STOP SIGN/FLASHER,FAILING TO YIELD RIGHT-OF-WAY,IMPROPER OVERTAKING/PASSING,0,0,1,1,7,2,9,2200,LAKE SHORE DR,41.865541,-87.601681,09/07/2015 08:03:00 AM,2015
CR00035263,01/12/2015 11:14:00 AM,35,CLEAR,DAYLIGHT,ANGLE,FOUR WAY,NO CONTROLS,FOLLOWING TOO CLOSELY,FOLLOWING TOO CLOSELY,0,0,0,0,11,2,1,705,LAKE SHORE DR,41.986759,-87.723459,01/12/2015 12:29:00 PM,2015
CR00035264,01/16/2021 04:12:00 PM,30,CLEAR,DAYLIGHT,PARKED MOTOR VEHICLE,NOT DIVIDED,TRAFFIC SIGNAL,UNABLE TO DETERMINE,FOLLOWING TOO CLOSELY,0,0,0,0,16,7,1,108,HALSTED ST,41.953275,-87.751374,01/16/2021 05:46:00 PM,2021
CR00035265,05/30/2023 08:49:00 PM,30,CLEAR,DARKNESS - LIGHTED ROAD,ANGLE,DIVIDED - W/MEDIAN (NOT RAISED),STOP SIGN/FLASHER,FAILING TO YIELD RIGHT-OF-WAY,NOT APPLICABLE,0,0,0,0,20,3,5,2040,DAMEN AVE,41.764044,-87.582303,05/30/2023 09:32:00 PM,2023
CR00035266,03/28/2021 06:57:00 PM,20,CLEAR,DAYLIGHT,REAR END,DIVIDED - W/MEDIAN BARRIER,NO CONTROLS,UNABLE TO DETERMINE,NOT APPLICABLE,0,0,1,1,18,1,3,1084,DAMEN AVE,41.904466,-87.505023,03/28/2021 07:39:00 PM,2021
CR00035267,02/21/2021 12:43:00 AM,45,RAIN,DARKNESS,SIDESWIPE SAME DIRECTION,T-INTERSECTION,NO CONTROLS,UNABLE TO DETERMINE,FAILING TO YIELD RIGHT-OF-WAY,0,0,0,0,0,1,2,1800,MILWAUKEE AVE,41.929921,-87.826971,02/21/2021 01:54:00 AM,2021
CR00035268,03/04/2016 05:23:00 AM,45,CLEAR,DAYLIGHT,TURNING,NOT DIVIDED,NO CONTROLS,FOLLOWING TOO CLOSELY,UNABLE TO DETERMINE,0,0,1,1,5,6,3,1317,STONY ISLAND AVE,41.982439,-87.701587,03/04/2016 05:38:00 AM,2016
CR00035269,04/25/2024 11:28:00 PM,35,SNOW,DAYLIGHT,PARKED MOTOR VEHICLE,FOUR WAY,NO CONTROLS,IMPROPER OVERTAKING/PASSING,UNABLE TO DETERMINE,0,0,0,0,23,5,4,921,FULLERTON AVE,41.916956,-87.524782,04/26/2024 12:42:00 AM,2024
CR00035270,05/29/2015 07:22:00 PM,45,CLEAR,DARKNESS - LIGHTED ROAD,SIDESWIPE SAME DIRECTION,NOT DIVIDED,TRAFFIC SIGNAL,UNABLE TO DETERMINE,FAILING TO REDUCE SPEED,0,0,0,0,19,6,5,2145,MILWAUKEE AVE,41.805765,-87.781604,05/29/2015 08:53:00 PM,2015
CR00035271,05/03/2023 08:18:00 AM,20,CLEAR,DAWN,TURNING,DIVIDED - W/MEDIAN (NOT RAISED),TRAFFIC SIGNAL,WEATHER,FAILING TO REDUCE SPEED,0,0,0,0,8,4,5,2107,47TH ST,41.957961,-87.570146,05/03/2023 10:18:00 AM,2023
CR00035272,01/29/2020 12:17:00 PM,15,CLEAR,DAYLIGHT,TURNING,NOT DIVIDED,STOP SIGN/FLASHER,UNABLE TO DETERMINE,FAILING TO REDUCE SPEED,0,0,0,0,12,4,1,1259,HALSTED ST,41.872738,-87.76872,01/29/2020 01:50:00 PM,2020
CR00035273,03/04/2017 01:10:00 AM,35,RAIN,DAYLIGHT,SIDESWIPE SAME DIRECTION,NOT DIVIDED,STOP SIGN/FLASHER,DRIVING SKILLS/KNOWLEDGE/EXPERIENCE,NOT APPLICABLE,0,0,0,0,1,7,3,2146,ARCHER AVE,41.979275,-87.543513,03/04/2017 02:08:00 AM,2017
CR00035274,07/03/2015 01:53:00 PM,30,CLEAR,DAYLIGHT,SIDESWIPE SAME DIRECTION,NOT DIVIDED,TRAFFIC SIGNAL,UNABLE TO DETERMINE,FOLLOWING TOO CLOSELY,0,0,1,1,13,6,7,885,47TH ST,41.846911,-87.807903,07/03/2015 03:00:00 PM,2015
CR00035275,06/11/2019 04:21:00 PM,45,CLEAR,DARKNESS,REAR END,NOT DIVIDED,NO CONTROLS,IMPROPER LANE USAGE,UNABLE TO DETERMINE,0,0,0,0,16,3,6,944,79TH ST,41.898457,-87.731103,06/11/2019 04:54:00 PM,2019
CR00035276,06/26/2024 11:52:00 AM,20,FREEZING RAIN/DRIZZLE,DAYLIGHT,REAR END,NOT DIVIDED,NO CONTROLS,IMPROPER OVERTAKING/PASSING,DISTRACTION - FROM INSIDE VEHICLE,0,0,0,0,11,4,6,1324,STONY ISLAND AVE,41.717348,-87.505967,06/26/2024 12:16:00 PM,2024
CR00035277,11/09/2017 01:39:00 PM,35,CLEAR,DAYLIGHT,SIDESWIPE SAME DIRECTION,DIVIDED - W/MEDIAN (NOT RAISED),NO CONTROLS,DRIVING SKILLS/KNOWLEDGE/EXPERIENCE,DRIVING SKILLS/KNOWLEDGE/EXPERIENCE,0,0,0,0,13,5,11,726,STATE ST,41.756154,-87.536884,11/09/2017 03:14:00 PM,2017
CR00035278,08/12/2021 06:58:00 PM,15,CLEAR,DARKNESS,TURNING,ONE-WAY,TRAFFIC SIGNAL,FAILING TO YIELD RIGHT-OF-WAY,NOT APPLICABLE,0,0,1,1,18,5,8,2490,47TH ST,41.954927,-87.846853,08/12/2021 07:01:00 PM,2021
CR00035279,08/07/2023 07:45:00 AM,30,CLEAR,DARKNESS - LIGHTED ROAD,REAR END,NOT DIVIDED,TRAFFIC SIGNAL,IMPROPER LANE USAGE,UNABLE TO DETERMINE,0,0,0,0,7,2,8,1363,ARCHER AVE,41.750432,-87.780296,08/07/2023 08:38:00 AM,2023
CR00035280,05/25/2024 05:22:00 AM,40,CLEAR,DARKNESS - LIGHTED ROAD,FIXED OBJECT,ONE-WAY,TRAFFIC SIGNAL,DISTRACTION - FROM INSIDE VEHICLE,FOLLOWING TOO CLOSELY,0,0,2,2,5,7,5,1368,WESTERN AVE,41.833314,-87.761719,05/25/2024 06:32:00 AM,2024
CR00035281,01/28/2020 03:25:00 PM,45,CLEAR,DAYLIGHT,TURNING,NOT DIVIDED,YIELD,UNABLE TO DETERMINE,DISREGARDING TRAFFIC SIGNALS,0,0,0,0,15,3,1,1757,DIVISION ST,41.743694,-87.562401,01/28/2020 03:36:00 PM,2020
CR00035282,08/30/2021 07:56:00 AM,45,CLEAR,DAYLIGHT,FIXED OBJECT,DIVIDED - W/MEDIAN (NOT RAISED),NO CONTROLS,FOLLOWING TOO CLOSELY,FAILING TO YIELD RIGHT-OF-WAY,0,0,0,0,7,2,8,2365,BROADWAY,41.901531,-87.689261,08/30/2021 08:47:00 AM,2021
CR00035283,06/15/2024 12:51:00 PM,35,CLEAR,DAYLIGHT,REAR END,NOT DIVIDED,NO CONTROLS,UNABLE TO DETERMINE,UNABLE TO DETERMINE,0,0,2,2,12,7,6,517,ASHLAND AVE,41.978763,-87.782546,06/15/2024 01:04:00 PM,2024
CR00035284,07/16/2018 03:19:00 PM,40,RAIN,DAYLIGHT,REAR END,DIVIDED - W/MEDIAN (NOT RAISED),UNKNOWN,UNABLE TO DETERMINE,UNABLE TO DETERMINE,0,0,3,3,15,2,7,2299,LAKE SHORE DR,41.857869,-87.565829,07/16/2018 05:00:00 PM,2018
CR00035285,01/08/2021 10:21:00 PM,25,CLEAR,DAYLIGHT,REAR END,NOT DIVIDED,STOP SIGN/FLASHER,UNABLE TO DETERMINE,FOLLOWING TOO CLOSELY,0,0,0,0,22,6,1,425,STONY ISLAND AVE,41.978068,-87.818275,01/08/2021 11:40:00 PM,2021
CR00035286,11/05/2015 07:41:00 PM,25,CLOUDY/OVERCAST,DAYLIGHT,ANGLE,T-INTERSECTION,TRAFFIC SIGNAL,UNABLE TO DETERMINE,NOT APPLICABLE,0,0,0,0,19,5,11,1576,79TH ST,41.91381,-87.600515,11/05/2015 09:39:00 PM,2015
CR00035287,11/16/2018 10:30:00 AM,20,CLEAR,DAYLIGHT,SIDESWIPE SAME DIRECTION,NOT DIVIDED,NO CONTROLS,FOLLOWING TOO CLOSELY,FAILING TO YIELD RIGHT-OF-WAY,0,0,0,0,10,6,11,2478,ASHLAND AVE,41.76978,-87.538782,11/16/2018 11:30:00 AM,2018
CR00035288,06/01/2019 06:43:00 PM,30,CLEAR,DAYLIGHT,PEDESTRIAN,ONE-WAY,STOP SIGN/FLASHER,UNABLE TO DETERMINE,UNABLE TO DETERMINE,0,0,0,0,18,7,6,2377,CLARK ST,41.965588,-87.796433,06/01/2019 06:46:00 PM,2019
CR00035289,03/29/2017 08:03:00 AM,40,CLEAR,DAWN,TURNING,FOUR WAY,NO CONTROLS,FOLLOWING TOO CLOSELY,NOT APPLICABLE,0,0,1,1,8,4,3,1395,IRVING PARK RD,41.776871,-87.684388,03/29/2017 10:00:00 AM,2017
CR00035290,06/07/2020 10:21:00 AM,40,CLEAR,DARKNESS - LIGHTED ROAD,SIDESWIPE SAME DIRECTION,FOUR WAY,NO CONTROLS,UNABLE TO DETERMINE,UNABLE TO DETERMINE,0,0,0,0,10,1,6,707,CALIFORNIA AVE,41.945121,-87.619185,06/07/2020 11:17:00 AM,2020
CR00035291,03/19/2020 08:39:00 AM,15,RAIN,DAYLIGHT,REAR END,ONE-WAY,STOP SIGN/FLASHER,FOLLOWING TOO CLOSELY,DISREGARDING TRAFFIC SIGNALS,0,0,0,0,8,5,3,681,DAMEN AVE,41.865491,-87.529253,03/19/2020 10:09:00 AM,2020
CR00035292,03/29/2022 11:11:00 AM,30,CLEAR,DAYLIGHT,SIDESWIPE SAME DIRECTION,ONE-WAY,NO CONTROLS,FAILING TO YIELD RIGHT-OF-WAY,DRIVING SKILLS/KNOWLEDGE/EXPERIENCE,0,0,0,0,11,3,3,640,ARCHER AVE,41.764238,-87.832763,03/29/2022 01:02:00 PM,2022
CR00035293,09/05/2022 06:50:00 PM,35,FREEZING RAIN/DRIZZLE,DAYLIGHT,ANGLE,T-INTERSECTION,YIELD,FAILING TO YIELD RIGHT-OF-WAY,FOLLOWING TOO CLOSELY,0,0,0,0,18,2,9,1498,79TH ST,41.821221,-87.731578,09/05/2022 07:38:00 PM,2022
CR00035294,04/20/2015 12:29:00 PM,20,CLEAR,DAYLIGHT,TURNING,NOT DIVIDED,TRAFFIC SIGNAL,UNABLE TO DETERMINE,NOT APPLICABLE,0,0,0,0,12,2,4,971,BROADWAY,41.84458,-87.625583,04/20/2015 12:58:00 PM,2015
CR00035295,09/23/2022 06:59:00 PM,15,CLEAR,DAYLIGHT,REAR TO FRONT,NOT DIVIDED,TRAFFIC SIGNAL,DRIVING SKILLS/KNOWLEDGE/EXPERIENCE,DRIVING SKILLS/KNOWLEDGE/EXPERIENCE,0,0,0,0,18,6,9,2451,79TH ST,41.943922,-87.534618,09/23/2022 08:29:00 PM,2022
CR00035296,03/23/2016 09:08:00 AM,35,SNOW,DARKNESS - LIGHTED ROAD,SIDESWIPE SAME DIRECTION,NOT DIVIDED,TRAFFIC SIGNAL,WEATHER,FOLLOWING TOO CLOSELY,0,0,0,0,9,4,3,1051,PULASKI RD,41.902019,-87.840759,03/23/2016 10:26:00 AM,2016
CR00035297,01/11/2021 02:01:00 PM,25,SNOW,DARKNESS - LIGHTED ROAD,TURNING,NOT DIVIDED,NO CONTROLS,IMPROPER OVERTAKING/PASSING,NOT APPLICABLE,0,0,0,0,14,2,1,872,DAMEN AVE,41.975472,-87.842173,01/11/2021 02:12:00 PM,2021
CR00035298,03/27/2023 04:29:00 PM,30,RAIN,DAYLIGHT,REAR END,NOT DIVIDED,YIELD,FAILING TO YIELD RIGHT-OF-WAY,FAILING TO YIELD RIGHT-OF-WAY,0,0,0,0,16,2,3,1031,79TH ST,41.855533,-87.840973,03/27/2023 06:02:00 PM,2023
CR00035299,03/30/2018 07:51:00 PM,20,CLEAR,DAYLIGHT,PARKED MOTOR VEHICLE,ONE-WAY,NO CONTROLS,IMPROPER OVERTAKING/PASSING,NOT APPLICABLE,0,0,1,1,19,6,3,2267,CLARK ST,41.793103,-87.658198,03/30/2018 09:35:00 PM,2018
CR00035300,06/23/2022 07:18:00 PM,20,CLEAR,DAYLIGHT,ANGLE,ONE-WAY,NO CONTROLS,UNABLE TO DETERMINE,UNABLE TO DETERMINE,0,0,0,0,19,5,6,2499,OGDEN AVE,41.936021,-87.602422,06/23/2022 07:34:00 PM,2022
CR00035301,01/12/2018 03:12:00 AM,35,CLEAR,DARKNESS - LIGHTED ROAD,SIDESWIPE SAME DIRECTION,DIVIDED - W/MEDIAN (NOT RAISED),NO CONTROLS,UNABLE TO DETERMINE,UNABLE TO DETERMINE,0,0,1,1,3,6,1,1725,79TH ST,41.872573,-87.574546,01/12/2018 03:45:00 AM,2018
CR00035302,04/04/2019 03:49:00 PM,35,CLEAR,DARKNESS - LIGHTED ROAD,ANGLE,NOT DIVIDED,UNKNOWN,FOLLOWING TOO CLOSELY,IMPROPER OVERTAKING/PASSING,0,0,0,0,15,5,4,441,ASHLAND AVE,41.707947,-87.729961,04/04/2019 05:34:00 PM,2019
CR00035303,06/13/2024 07:05:00 AM,40,CLEAR,DAYLIGHT,REAR END,DIVIDED - W/MEDIAN (NOT RAISED),TRAFFIC SIGNAL,FAILING TO YIELD RIGHT-OF-WAY,NOT APPLICABLE,0,0,0,0,7,5,6,2460,CICERO AVE,41.850474,-87.626878,06/13/2024 08:24:00 AM,2024
CR00035304,02/13/2021 09:39:00 AM,25,RAIN,DARKNESS - LIGHTED ROAD,SIDESWIPE SAME DIRECTION,NOT DIVIDED,STOP SIGN/FLASHER,IMPROPER OVERTAKING/PASSING,DISTRACTION - FROM INSIDE VEHICLE,0,1,3,4,9,7,2,2444,CICERO AVE,41.95143,-87.55486,02/13/2021 10:17:00 AM,2021