CRASH_RECORD_ID,CRASH_DATE,POSTED_SPEED_LIMIT,WEATHER_CONDITION,LIGHTING_CONDITION,FIRST_CRASH_TYPE,TRAFFICWAY_TYPE,TRAFFIC_CONTROL_DEVICE,PRIM_CONTRIBUTORY_CAUSE,SEC_CONTRIBUTORY_CAUSE,INJURIES_FATAL,INJURIES_INCAPACITATING,INJURIES_NON_INCAPACITATING,INJURIES_TOTAL,CRASH_HOUR,CRASH_DAY_OF_WEEK,CRASH_MONTH,BEAT_OF_OCCURRENCE,STREET_NAME,LATITUDE,LONGITUDE,DATE_POLICE_NOTIFIED,year
CR00035305,11/03/2019 09:50:00 AM,35,CLOUDY/OVERCAST,DAYLIGHT,TURNING,DIVIDED - W/MEDIAN (NOT RAISED),NO CONTROLS,IMPROPER LANE USAGE,DRIVING SKILLS/KNOWLEDGE/EXPERIENCE,0,0,0,0,9,1,11,1766,CICERO AVE,41.736264,-87.826019,11/03/2019 10:57:00 AM,2019
CR00035306,06/27/2021 06:03:00 PM,25,CLEAR,DAYLIGHT,REAR END,FOUR WAY,NO CONTROLS,DISTRACTION - FROM INSIDE VEHICLE,FAILING TO YIELD RIGHT-OF-WAY,0,0,0,0,18,1,6,1437,HALSTED ST,41.92518,-87.689812,06/27/2021 07:35:00 PM,2021
CR00035307,04/30/2021 10:33:00 AM,25,RAIN,DAYLIGHT,ANGLE,T-INTERSECTION,UNKNOWN,WEATHER,DRIVING SKILLS/KNOWLEDGE/EXPERIENCE,0,0,0,0,10,6,4,1807,MICHIGAN AVE,41.91643,-87.846707,04/30/2021 11:40:00 AM,2021
CR00035308,09/13/2023 06:21:00 PM,35,FOG/SMOKE/HAZE,DARKNESS - LIGHTED ROAD,ANGLE,NOT DIVIDED,NO CONTROLS,DISREGARDING TRAFFIC SIGNALS,NOT APPLICABLE,0,0,0,0,18,4,9,261,FULLERTON AVE,41.755805,-87.501107,09/13/2023 07:35:00 PM,2023
CR00035309,04/16/2022 06:34:00 PM,35,CLEAR,DAYLIGHT,TURNING,NOT DIVIDED,UNKNOWN,UNABLE TO DETERMINE,UNABLE TO DETERMINE,0,0,0,0,18,7,4,750,ARCHER AVE,41.909818,-87.681757,04/16/2022 07:29:00 PM,2022
CR00035310,02/22/2023 05:00:00 PM,20,CLEAR,DAYLIGHT,SIDESWIPE SAME DIRECTION,NOT DIVIDED,TRAFFIC SIGNAL,FAILING TO REDUCE SPEED,FOLLOWING TOO CLOSELY,0,0,0,0,17,4,2,1747,CICERO AVE,41.707595,-87.776786,02/22/2023 06:30:00 PM,2023
CR00035311,04/18/2015 06:39:00 AM,30,SNOW,DAYLIGHT,REAR TO FRONT,DIVIDED - W/MEDIAN BARRIER,TRAFFIC SIGNAL,IMPROPER LANE USAGE,UNABLE TO DETERMINE,0,0,0,0,6,7,4,1193,WESTERN AVE,41.707924,-87.713523,04/18/2015 07:36:00 AM,2015
CR00035312,11/26/2020 10:38:00 AM,30,RAIN,DAYLIGHT,TURNING,DIVIDED - W/MEDIAN BARRIER,TRAFFIC SIGNAL,IMPROPER OVERTAKING/PASSING,NOT APPLICABLE,0,0,0,0,10,5,11,1291,HALSTED ST,41.936275,-87.667953,11/26/2020 10:54:00 AM,2020
CR00035313,03/15/2020 07:55:00 AM,20,CLEAR,DAYLIGHT,ANGLE,DIVIDED - W/MEDIAN (NOT RAISED),NO CONTROLS,FAILING TO REDUCE SPEED,UNABLE TO DETERMINE,0,0,2,2,7,1,3,1593,ASHLAND AVE,41.867772,-87.635126,03/15/2020 09:47:00 AM,2020
CR00035314,08/13/2021 06:50:00 PM,35,RAIN,DAYLIGHT,PARKED MOTOR VEHICLE,NOT DIVIDED,TRAFFIC SIGNAL,FOLLOWING TOO CLOSELY,NOT APPLICABLE,0,0,1,1,18,6,8,1653,ELSTON AVE,41.822548,-87.719586,08/13/2021 07:14:00 PM,2021
CR00035315,05/30/2015 06:08:00 PM,30,CLEAR,DARKNESS,TURNING,DIVIDED - W/MEDIAN (NOT RAISED),NO CONTROLS,DISTRACTION - FROM INSIDE VEHICLE,IMPROPER OVERTAKING/PASSING,0,0,0,0,18,7,5,1839,LAKE SHORE DR,41.775818,-87.681222,05/30/2015 06:12:00 PM,2015
CR00035316,01/30/2017 05:51:00 PM,35,CLEAR,DAYLIGHT,PEDESTRIAN,NOT DIVIDED,TRAFFIC SIGNAL,DISTRACTION - FROM INSIDE VEHICLE,FOLLOWING TOO CLOSELY,0,0,0,0,17,2,1,1477,HALSTED ST,41.857526,-87.535865,01/30/2017 06:31:00 PM,2017
CR00035317,10/24/2019 07:12:00 AM,30,FREEZING RAIN/DRIZZLE,DARKNESS - LIGHTED ROAD,ANGLE,NOT DIVIDED,NO CONTROLS,FAILING TO YIELD RIGHT-OF-WAY,FOLLOWING TOO CLOSELY,0,0,1,1,7,5,10,2106,MICHIGAN AVE,41.731841,-87.737542,10/24/2019 08:06:00 AM,2019
CR00035318,08/22/2015 02:13:00 PM,30,CLEAR,DAYLIGHT,REAR END,FOUR WAY,STOP SIGN/FLASHER,FAILING TO REDUCE SPEED,NOT APPLICABLE,0,0,0,0,14,7,8,1969,CICERO AVE,41.889622,-87.675511,08/22/2015 03:06:00 PM,2015
CR00035319,06/09/2022 08:27:00 PM,45,CLEAR,DUSK,REAR END,NOT DIVIDED,PEDESTRIAN CROSSING SIGN,DISREGARDING TRAFFIC SIGNALS,FAILING TO REDUCE SPEED,0,0,0,0,20,5,6,2442,ELSTON AVE,41.995028,-87.506955,06/09/2022 09:49:00 PM,2022
CR00035320,03/10/2020 05:52:00 PM,30,CLEAR,DUSK,ANGLE,DIVIDED - W/MEDIAN (NOT RAISED),TRAFFIC SIGNAL,UNABLE TO DETERMINE,UNABLE TO DETERMINE,0,0,0,0,17,3,3,1566,ELSTON AVE,41.850709,-87.761543,03/10/2020 06:07:00 PM,2020
CR00035321,07/01/2019 02:11:00 AM,30,SNOW,DARKNESS - LIGHTED ROAD,SIDESWIPE SAME DIRECTION,NOT DIVIDED,NO CONTROLS,DRIVING SKILLS/KNOWLEDGE/EXPERIENCE,NOT APPLICABLE,0,0,0,0,2,2,7,1495,CLARK ST,41.863143,-87.668279,07/01/2019 03:17:00 AM,2019
CR00035322,11/15/2019 04:13:00 AM,45,CLEAR,DARKNESS,ANGLE,NOT DIVIDED,YIELD,FAILING TO YIELD RIGHT-OF-WAY,FOLLOWING TOO CLOSELY,0,0,1,1,4,6,11,1745,HALSTED ST,41.90343,-87.648238,11/15/2019 05:54:00 AM,2019
CR00035323,12/16/2017 01:57:00 AM,30,SNOW,DAYLIGHT,SIDESWIPE SAME DIRECTION,NOT DIVIDED,TRAFFIC SIGNAL,DRIVING SKILLS/KNOWLEDGE/EXPERIENCE,DRIVING SKILLS/KNOWLEDGE/EXPERIENCE,0,0,0,0,1,7,12,1527,IRVING PARK RD,41.722299,-87.586656,12/16/2017 03:00:00 AM,2017
CR00035324,06/20/2024 08:23:00 AM,35,CLOUDY/OVERCAST,DUSK,PEDESTRIAN,ONE-WAY,STOP SIGN/FLASHER,FAILING TO REDUCE SPEED,NOT APPLICABLE,0,0,0,0,8,5,6,1792,PULASKI RD,41.82048,-87.622517,06/20/2024 10:03:00 AM,2024
CR00035325,10/27/2015 10:57:00 AM,45,CLEAR,DAYLIGHT,REAR END,DIVIDED - W/MEDIAN (NOT RAISED),TRAFFIC SIGNAL,UNABLE TO DETERMINE,FOLLOWING TOO CLOSELY,0,0,0,0,10,3,10,488,63RD ST,41.70613,-87.568323,10/27/2015 12:07:00 PM,2015
CR00035326,03/21/2017 01:28:00 PM,35,RAIN,DAYLIGHT,PEDESTRIAN,NOT DIVIDED,TRAFFIC SIGNAL,DISREGARDING TRAFFIC SIGNALS,FOLLOWING TOO CLOSELY,0,0,1,1,13,3,3,1234,47TH ST,41.942421,-87.814744,03/21/2017 01:35:00 PM,2017
CR00035327,05/30/2020 06:03:00 PM,30,CLEAR,DARKNESS - LIGHTED ROAD,REAR END,NOT DIVIDED,TRAFFIC SIGNAL,IMPROPER LANE USAGE,UNABLE TO DETERMINE,0,0,1,1,18,7,5,288,HALSTED ST,41.708421,-87.827939,05/30/2020 07:36:00 PM,2020
CR00035328,07/31/2019 07:50:00 AM,30,CLOUDY/OVERCAST,DARKNESS - LIGHTED ROAD,TURNING,ONE-WAY,NO CONTROLS,FOLLOWING TOO CLOSELY,NOT APPLICABLE,0,0,0,0,7,4,7,197,ASHLAND AVE,41.875448,-87.696649,07/31/2019 07:52:00 AM,2019
CR00035329,09/19/2019 09:04:00 AM,35,CLEAR,DARKNESS - LIGHTED ROAD,TURNING,DIVIDED - W/MEDIAN (NOT RAISED),TRAFFIC SIGNAL,UNABLE TO DETERMINE,IMPROPER OVERTAKING/PASSING,0,0,0,0,9,5,9,1064,WESTERN AVE,41.855572,-87.716987,09/19/2019 09:21:00 AM,2019
CR00035330,09/15/2023 10:01:00 AM,20,CLEAR,DARKNESS - LIGHTED ROAD,REAR TO FRONT,ONE-WAY,UNKNOWN,DRIVING SKILLS/KNOWLEDGE/EXPERIENCE,DISTRACTION - FROM INSIDE VEHICLE,0,0,0,0,10,6,9,1548,PULASKI RD,41.735366,-87.722819,09/15/2023 10:48:00 AM,2023
CR00035331,11/25/2019 06:04:00 PM,25,CLEAR,DARKNESS - LIGHTED ROAD,TURNING,NOT DIVIDED,NO CONTROLS,WEATHER,FAILING TO REDUCE SPEED,0,0,0,0,18,2,11,576,ASHLAND AVE,41.824253,-87.650735,11/25/2019 07:55:00 PM,2019
CR00035332,02/04/2023 06:26:00 PM,25,CLEAR,DARKNESS - LIGHTED ROAD,REAR TO FRONT,NOT DIVIDED,TRAFFIC SIGNAL,DRIVING SKILLS/KNOWLEDGE/EXPERIENCE,UNABLE TO DETERMINE,0,0,0,0,18,7,2,551,ARCHER AVE,41.834489,-87.834161,02/04/2023 07:05:00 PM,2023
CR00035333,12/31/2021 01:06:00 PM,40,CLEAR,DAYLIGHT,REAR END,NOT DIVIDED,TRAFFIC SIGNAL,IMPROPER OVERTAKING/PASSING,FAILING TO YIELD RIGHT-OF-WAY,0,0,0,0,13,6,12,2513,MILWAUKEE AVE,41.729077,-87.848261,12/31/2021 02:50:00 PM,2021
CR00035334,05/14/2015 06:20:00 AM,30,CLOUDY/OVERCAST,DARKNESS,REAR TO FRONT,NOT DIVIDED,NO CONTROLS,FAILING TO REDUCE SPEED,DISTRACTION - FROM INSIDE VEHICLE,0,0,1,1,6,5,5,1138,CLARK ST,41.883809,-87.754486,05/14/2015 07:39:00 AM,2015
CR00035335,11/24/2017 03:17:00 AM,30,SNOW,DAYLIGHT,SIDESWIPE SAME DIRECTION,NOT DIVIDED,STOP SIGN/FLASHER,DISTRACTION - FROM INSIDE VEHICLE,FOLLOWING TOO CLOSELY,0,0,0,0,3,6,11,490,FULLERTON AVE,41.981077,-87.61572,11/24/2017 04:46:00 AM,2017
CR00035336,01/01/2020 05:30:00 AM,45,CLEAR,DARKNESS - LIGHTED ROAD,PARKED MOTOR VEHICLE,NOT DIVIDED,NO CONTROLS,UNABLE TO DETERMINE,NOT APPLICABLE,0,0,0,0,5,4,1,189,ROOSEVELT RD,41.767041,-87.666257,01/01/2020 05:32:00 AM,2020
CR00035337,05/25/2017 02:52:00 AM,15,CLEAR,DARKNESS,REAR TO FRONT,NOT DIVIDED,NO CONTROLS,UNABLE TO DETERMINE,UNABLE TO DETERMINE,0,0,0,0,2,5,5,1386,ELSTON AVE,41.887188,-87.818357,05/25/2017 03:26:00 AM,2017
CR00035338,12/29/2023 12:35:00 PM,40,CLEAR,DAYLIGHT,SIDESWIPE SAME DIRECTION,DIVIDED - W/MEDIAN BARRIER,TRAFFIC SIGNAL,DRIVING SKILLS/KNOWLEDGE/EXPERIENCE,NOT APPLICABLE,0,0,0,0,12,6,12,907,FULLERTON AVE,41.753557,-87.531123,12/29/2023 12:51:00 PM,2023
CR00035339,11/01/2018 05:12:00 PM,15,CLOUDY/OVERCAST,DARKNESS - LIGHTED ROAD,REAR END,ONE-WAY,NO CONTROLS,FOLLOWING TOO CLOSELY,FAILING TO YIELD RIGHT-OF-WAY,0,0,0,0,17,5,11,874,ROOSEVELT RD,41.825919,-87.755017,11/01/2018 06:20:00 PM,2018
CR00035340,07/05/2023 06:44:00 PM,20,CLEAR,DAYLIGHT,REAR END,DIVIDED - W/MEDIAN (NOT RAISED),TRAFFIC SIGNAL,FAILING TO YIELD RIGHT-OF-WAY,NOT APPLICABLE,0,0,0,0,18,4,7,1496,IRVING PARK RD,41.773639,-87.82452,07/05/2023 07:20:00 PM,2023
CR00035341,03/21/2023 07:50:00 PM,35,RAIN,DUSK,TURNING,NOT DIVIDED,NO CONTROLS,FAILING TO YIELD RIGHT-OF-WAY,UNABLE TO DETERMINE,0,0,0,0,19,3,3,791,63RD ST,41.90366,-87.767878,03/21/2023 08:50:00 PM,2023
CR00035342,10/12/2022 06:17:00 PM,15,CLEAR,DAYLIGHT,TURNING,NOT DIVIDED,TRAFFIC SIGNAL,IMPROPER LANE USAGE,FOLLOWING TOO CLOSELY,0,0,0,0,18,4,10,1767,FULLERTON AVE,41.965161,-87.765461,10/12/2022 07:34:00 PM,2022
CR00035343,04/20/2020 01:32:00 AM,45,CLEAR,DAYLIGHT,ANGLE,DIVIDED - W/MEDIAN (NOT RAISED),NO CONTROLS,UNABLE TO DETERMINE,DRIVING SKILLS/KNOWLEDGE/EXPERIENCE,0,0,0,0,1,2,4,1026,ROOSEVELT RD,41.931114,-87.686034,04/20/2020 03:29:00 AM,2020
CR00035344,01/02/2021 11:25:00 AM,35,CLEAR,DARKNESS - LIGHTED ROAD,TURNING,DIVIDED - W/MEDIAN (NOT RAISED),NO CONTROLS,DISREGARDING TRAFFIC SIGNALS,UNABLE TO DETERMINE,0,0,0,0,11,7,1,2126,CLARK ST,41.905872,-87.830748,01/02/2021 12:50:00 PM,2021
CR00035345,03/31/2023 05:42:00 AM,25,CLEAR,DARKNESS - LIGHTED ROAD,REAR END,DIVIDED - W/MEDIAN (NOT RAISED),TRAFFIC SIGNAL,DISREGARDING TRAFFIC SIGNALS,IMPROPER OVERTAKING/PASSING,0,1,1,2,5,6,3,1799,OGDEN AVE,41.937888,-87.589088,03/31/2023 07:40:00 AM,2023
CR00035346,11/27/2023 06:32:00 PM,35,CLEAR,DAYLIGHT,ANGLE,ONE-WAY,TRAFFIC SIGNAL,FOLLOWING TOO CLOSELY,UNABLE TO DETERMINE,0,0,0,0,18,2,11,683,WESTERN AVE,41.792216,-87.757814,11/27/2023 07:50:00 PM,2023
CR00035347,08/12/2021 04:19:00 PM,40,CLEAR,DARKNESS,ANGLE,DIVIDED - W/MEDIAN BARRIER,NO CONTROLS,FOLLOWING TOO CLOSELY,UNABLE TO DETERMINE,0,0,0,0,16,5,8,2048,LAKE SHORE DR,41.996876,-87.645724,08/12/2021 05:26:00 PM,2021
CR00035348,05/08/2024 05:08:00 PM,45,CLEAR,DARKNESS - LIGHTED ROAD,PEDESTRIAN,NOT DIVIDED,NO CONTROLS,FAILING TO REDUCE SPEED,FAILING TO YIELD RIGHT-OF-WAY,0,0,0,0,17,4,5,1694,STONY ISLAND AVE,41.710641,-87.688607,05/08/2024 05:27:00 PM,2024
CR00035349,08/15/2019 01:52:00 PM,40,CLOUDY/OVERCAST,DAYLIGHT,REAR END,FOUR WAY,NO CONTROLS,UNABLE TO DETERMINE,IMPROPER OVERTAKING/PASSING,0,0,0,0,13,5,8,2082,FULLERTON AVE,41.90862,-87.575221,08/15/2019 02:13:00 PM,2019
CR00035350,08/17/2018 01:28:00 AM,35,CLEAR,DAYLIGHT,REAR END,FOUR WAY,TRAFFIC SIGNAL,FOLLOWING TOO CLOSELY,FOLLOWING TOO CLOSELY,0,0,0,0,1,6,8,2450,IRVING PARK RD,41.901572,-87.500208,08/17/2018 01:38:00 AM,2018
CR00035351,06/18/2017 08:32:00 AM,15,CLEAR,DAYLIGHT,REAR END,NOT DIVIDED,NO CONTROLS,FAILING TO REDUCE SPEED,FAILING TO YIELD RIGHT-OF-WAY,0,0,0,0,8,1,6,2101,STONY ISLAND AVE,41.969876,-87.539995,06/18/2017 10:31:00 AM,2017
CR00035352,12/11/2020 09:30:00 AM,35,CLEAR,DAYLIGHT,REAR END,DIVIDED - W/MEDIAN (NOT RAISED),UNKNOWN,FAILING TO YIELD RIGHT-OF-WAY,IMPROPER LANE USAGE,0,0,0,0,9,6,12,1817,ROOSEVELT RD,41.781984,-87.749929,12/11/2020 10:47:00 AM,2020
CR00035353,10/27/2016 04:38:00 PM,30,CLEAR,DAYLIGHT,REAR END,ONE-WAY,TRAFFIC SIGNAL,UNABLE TO DETERMINE,UNABLE TO DETERMINE,0,0,0,0,16,5,10,1306,CALIFORNIA AVE,41.704066,-87.540559,10/27/2016 06:34:00 PM,2016
CR00035354,11/14/2015 11:40:00 PM,20,CLOUDY/OVERCAST,DARKNESS - LIGHTED ROAD,TURNING,ONE-WAY,PEDESTRIAN CROSSING SIGN,UNABLE TO DETERMINE,FAILING TO YIELD RIGHT-OF-WAY,0,0,0,0,23,7,11,1283,BROADWAY,41.99544,-87.820387,11/15/2015 12:54:00 AM,2015
CR00035355,06/13/2016 05:42:00 PM,20,RAIN,DAYLIGHT,PEDESTRIAN,DIVIDED - W/MEDIAN (NOT RAISED),TRAFFIC SIGNAL,FOLLOWING TOO CLOSELY,DISTRACTION - FROM INSIDE VEHICLE,0,0,0,0,17,2,6,2152,ARCHER AVE,41.839189,-87.509175,06/13/2016 06:56:00 PM,2016
CR00035356,03/15/2020 06:30:00 PM,30,CLEAR,DAYLIGHT,TURNING,DIVIDED - W/MEDIAN BARRIER,TRAFFIC SIGNAL,UNABLE TO DETERMINE,NOT APPLICABLE,0,0,0,0,18,1,3,1589,OGDEN AVE,41.752753,-87.591477,03/15/2020 08:16:00 PM,2020
CR00035357,05/20/2022 02:41:00 PM,20,CLEAR,DAYLIGHT,SIDESWIPE SAME DIRECTION,DIVIDED - W/MEDIAN (NOT RAISED),NO CONTROLS,UNABLE TO DETERMINE,UNABLE TO DETERMINE,0,0,2,2,14,6,5,1471,MILWAUKEE AVE,41.968806,-87.643794,05/20/2022 03:25:00 PM,2022
CR00035358,10/10/2017 09:05:00 PM,15,CLEAR,DAYLIGHT,REAR END,FOUR WAY,TRAFFIC SIGNAL,UNABLE TO DETERMINE,DISTRACTION - FROM INSIDE VEHICLE,0,0,0,0,21,3,10,1223,IRVING PARK RD,41.756285,-87.711404,10/10/2017 10:24:00 PM,2017
CR00035359,11/27/2023 12:33:00 PM,30,CLEAR,DAYLIGHT,TURNING,ONE-WAY,TRAFFIC SIGNAL,DRIVING SKILLS/KNOWLEDGE/EXPERIENCE,UNABLE TO DETERMINE,0,0,3,3,12,2,11,2469,47TH ST,41.975662,-87.52497,11/27/2023 01:25:00 PM,2023
CR00035360,08/14/2024 04:39:00 PM,30,CLEAR,DARKNESS,ANGLE,ONE-WAY,STOP SIGN/FLASHER,DRIVING SKILLS/KNOWLEDGE/EXPERIENCE,DISTRACTION - FROM INSIDE VEHICLE,0,0,0,0,16,4,8,699,BROADWAY,41.807795,-87.763892,08/14/2024 05:40:00 PM,2024
CR00035361,09/06/2022 05:10:00 AM,25,CLEAR,DARKNESS - LIGHTED ROAD,REAR END,NOT DIVIDED,STOP SIGN/FLASHER,DRIVING SKILLS/KNOWLEDGE/EXPERIENCE,UNABLE TO DETERMINE,0,0,0,0,5,3,9,1085,HALSTED ST,41.751665,-87.748378,09/06/2022 05:46:00 AM,2022
CR00035362,09/16/2016 08:04:00 AM,35,CLEAR,DARKNESS - LIGHTED ROAD,REAR END,NOT DIVIDED,NO CONTROLS,DISREGARDING TRAFFIC SIGNALS,FAILING TO YIELD RIGHT-OF-WAY,0,1,1,2,8,6,9,1848,DAMEN AVE,41.944951,-87.804258,09/16/2016 09:16:00 AM,2016
CR00035363,02/19/2020 03:31:00 PM,15,CLEAR,DARKNESS - LIGHTED ROAD,ANGLE,NOT DIVIDED,TRAFFIC SIGNAL,IMPROPER OVERTAKING/PASSING,FAILING TO REDUCE SPEED,0,0,2,2,15,4,2,2237,CLARK ST,41.738671,-87.557841,02/19/2020 03:37:00 PM,2020
CR00035364,02/15/2023 02:11:00 PM,30,CLEAR,DARKNESS - LIGHTED ROAD,REAR END,T-INTERSECTION,TRAFFIC SIGNAL,FAILING TO YIELD RIGHT-OF-WAY,WEATHER,0,0,0,0,14,4,2,2490,47TH ST,41.973894,-87.630832,02/15/2023 03:13:00 PM,2023
CR00035365,05/24/2018 10:36:00 AM,35,CLEAR,DAYLIGHT,REAR END,ONE-WAY,TRAFFIC SIGNAL,DRIVING SKILLS/KNOWLEDGE/EXPERIENCE,FOLLOWING TOO CLOSELY,0,0,0,0,10,5,5,2374,STONY ISLAND AVE,41.763468,-87.836363,05/24/2018 10:54:00 AM,2018
CR00035366,11/13/2024 09:20:00 AM,30,RAIN,DARKNESS - LIGHTED ROAD,TURNING,DIVIDED - W/MEDIAN (NOT RAISED),NO CONTROLS,UNABLE TO DETERMINE,UNABLE TO DETERMINE,0,0,0,0,9,4,11,1837,63RD ST,41.868048,-87.768524,11/13/2024 10:39:00 AM,2024
CR00035367,04/23/2022 08:28:00 PM,30,CLEAR,DARKNESS - LIGHTED ROAD,ANGLE,NOT DIVIDED,TRAFFIC SIGNAL,IMPROPER LANE USAGE,UNABLE TO DETERMINE,0,0,0,0,20,7,4,1494,IRVING PARK RD,41.916051,-87.608273,04/23/2022 08:58:00 PM,2022
CR00035368,10/01/2016 03:48:00 PM,45,CLEAR,DAYLIGHT,TURNING,NOT DIVIDED,NO CONTROLS,UNABLE TO DETERMINE,FAILING TO REDUCE SPEED,0,0,0,0,15,7,10,327,CLARK ST,41.730688,-87.801192,10/01/2016 04:35:00 PM,2016
CR00035369,10/03/2016 06:46:00 PM,30,CLEAR,DAYLIGHT,SIDESWIPE SAME DIRECTION,ONE-WAY,STOP SIGN/FLASHER,DISTRACTION - FROM INSIDE VEHICLE,UNABLE TO DETERMINE,0,0,0,0,18,2,10,360,CLARK ST,41.858427,-87.523702,10/03/2016 06:52:00 PM,2016
CR00035370,10/12/2015 04:05:00 PM,25,FREEZING RAIN/DRIZZLE,DAYLIGHT,PARKED MOTOR VEHICLE,FOUR WAY,NO CONTROLS,UNABLE TO DETERMINE,FAILING TO REDUCE SPEED,0,0,0,0,16,2,10,2181,PULASKI RD,41.987233,-87.75755,10/12/2015 04:57:00 PM,2015
CR00035371,07/06/2021 02:07:00 PM,40,CLEAR,DAYLIGHT,PARKED MOTOR VEHICLE,FOUR WAY,TRAFFIC SIGNAL,UNABLE TO DETERMINE,FOLLOWING TOO CLOSELY,0,0,0,0,14,3,7,2283,BROADWAY,41.816255,-87.644319,07/06/2021 04:02:00 PM,2021
CR00035372,03/06/2021 07:13:00 PM,30,CLEAR,DARKNESS - LIGHTED ROAD,FIXED OBJECT,DIVIDED - W/MEDIAN BARRIER,TRAFFIC SIGNAL,UNABLE TO DETERMINE,NOT APPLICABLE,0,0,0,0,19,7,3,2443,63RD ST,41.896394,-87.653187,03/06/2021 08:17:00 PM,2021
CR00035373,08/13/2023 06:38:00 PM,15,CLEAR,DARKNESS - LIGHTED ROAD,TURNING,NOT DIVIDED,NO CONTROLS,FOLLOWING TOO CLOSELY,UNABLE TO DETERMINE,0,0,0,0,18,1,8,233,CICERO AVE,41.962373,-87.561729,08/13/2023 07:29:00 PM,2023
CR00035374,11/23/2021 03:11:00 PM,45,CLEAR,DAYLIGHT,SIDESWIPE SAME DIRECTION,NOT DIVIDED,STOP SIGN/FLASHER,FAILING TO YIELD RIGHT-OF-WAY,FOLLOWING TOO CLOSELY,0,0,1,1,15,3,11,2448,DIVISION ST,41.708307,-87.835822,11/23/2021 04:12:00 PM,2021
CR00035375,06/27/2023 07:58:00 PM,40,CLOUDY/OVERCAST,DARKNESS,REAR END,NOT DIVIDED,NO CONTROLS,UNABLE TO DETERMINE,NOT APPLICABLE,0,0,0,0,19,3,6,2516,47TH ST,41.741733,-87.838251,06/27/2023 07:59:00 PM,2023
CR00035376,08/16/2021 04:07:00 PM,35,FREEZING RAIN/DRIZZLE,DAYLIGHT,REAR END,NOT DIVIDED,TRAFFIC SIGNAL,UNABLE TO DETERMINE,UNABLE TO DETERMINE,0,0,0,0,16,2,8,2386,WESTERN AVE,41.786341,-87.824444,08/16/2021 04:11:00 PM,2021
CR00035377,08/06/2020 06:18:00 PM,45,CLEAR,DARKNESS - LIGHTED ROAD,ANGLE,DIVIDED - W/MEDIAN (NOT RAISED),NO CONTROLS,FOLLOWING TOO CLOSELY,UNABLE TO DETERMINE,0,0,0,0,18,5,8,1702,CICERO AVE,41.93918,-87.531949,08/06/2020 07:22:00 PM,2020
CR00035378,06/06/2021 05:57:00 PM,30,CLOUDY/OVERCAST,DARKNESS - LIGHTED ROAD,REAR END,NOT DIVIDED,UNKNOWN,UNABLE TO DETERMINE,UNABLE TO DETERMINE,0,0,0,0,17,1,6,1167,CICERO AVE,41.726536,-87.827655,06/06/2021 07:54:00 PM,2021
CR00035379,08/23/2015 08:33:00 AM,35,CLOUDY/OVERCAST,DARKNESS - LIGHTED ROAD,TURNING,NOT DIVIDED,NO CONTROLS,UNABLE TO DETERMINE,FAILING TO REDUCE SPEED,0,0,0,0,8,1,8,399,DIVISION ST,41.811724,-87.811849,08/23/2015 09:37:00 AM,2015
CR00035380,07/15/2022 12:42:00 PM,20,CLEAR,DAYLIGHT,FIXED OBJECT,DIVIDED - W/MEDIAN (NOT RAISED),STOP SIGN/FLASHER,FOLLOWING TOO CLOSELY,NOT APPLICABLE,0,0,0,0,12,6,7,2470,STONY ISLAND AVE,41.746867,-87.750624,07/15/2022 01:35:00 PM,2022
CR00035381,04/14/2017 04:19:00 PM,25,CLEAR,DARKNESS,REAR END,ONE-WAY,TRAFFIC SIGNAL,IMPROPER LANE USAGE,NOT APPLICABLE,0,1,1,2,16,6,4,883,MILWAUKEE AVE,41.936906,-87.526247,04/14/2017 04:31:00 PM,2017
CR00035382,02/08/2023 11:37:00 AM,20,SNOW,DAYLIGHT,TURNING,NOT DIVIDED,TRAFFIC SIGNAL,IMPROPER OVERTAKING/PASSING,FOLLOWING TOO CLOSELY,0,0,0,0,11,4,2,901,PULASKI RD,41.880627,-87.738933,02/08/2023 12:49:00 PM,2023
CR00035383,03/15/2016 07:42:00 AM,35,CLEAR,DARKNESS - LIGHTED ROAD,REAR TO FRONT,DIVIDED - W/MEDIAN (NOT RAISED),TRAFFIC SIGNAL,FAILING TO REDUCE SPEED,NOT APPLICABLE,0,0,3,3,7,3,3,1353,OGDEN AVE,41.735875,-87.751158,03/15/2016 07:44:00 AM,2016
CR00035384,05/10/2016 05:38:00 AM,45,CLEAR,DAYLIGHT,PARKED MOTOR VEHICLE,DIVIDED - W/MEDIAN (NOT RAISED),STOP SIGN/FLASHER,UNABLE TO DETERMINE,FAILING TO YIELD RIGHT-OF-WAY,0,0,0,0,5,3,5,2434,KEDZIE AVE,41.772745,-87.655123,05/10/2016 05:44:00 AM,2016
CR00035385,07/01/2017 09:18:00 AM,20,CLEAR,DARKNESS - LIGHTED ROAD,TURNING,ONE-WAY,NO CONTROLS,IMPROPER OVERTAKING/PASSING,UNABLE TO DETERMINE,0,0,0,0,9,7,7,2394,79TH ST,41.725907,-87.682683,07/01/2017 10:20:00 AM,2017
CR00035386,04/14/2020 07:38:00 AM,30,CLEAR,DAWN,ANGLE,ONE-WAY,TRAFFIC SIGNAL,DISREGARDING TRAFFIC SIGNALS,FAILING TO YIELD RIGHT-OF-WAY,0,0,0,0,7,3,4,587,OGDEN AVE,41.817092,-87.821309,04/14/2020 09:01:00 AM,2020