CRASH_RECORD_ID,CRASH_DATE,POSTED_SPEED_LIMIT,WEATHER_CONDITION,LIGHTING_CONDITION,FIRST_CRASH_TYPE,TRAFFICWAY_TYPE,TRAFFIC_CONTROL_DEVICE,PRIM_CONTRIBUTORY_CAUSE,SEC_CONTRIBUTORY_CAUSE,INJURIES_FATAL,INJURIES_INCAPACITATING,INJURIES_NON_INCAPACITATING,INJURIES_TOTAL,CRASH_HOUR,CRASH_DAY_OF_WEEK,CRASH_MONTH,BEAT_OF_OCCURRENCE,STREET_NAME,LATITUDE,LONGITUDE,DATE_POLICE_NOTIFIED,year
CR00035387,04/15/2019 03:33:00 PM,25,CLEAR,DAYLIGHT,REAR END,FOUR WAY,TRAFFIC SIGNAL,IMPROPER LANE USAGE,NOT APPLICABLE,0,0,0,0,15,2,4,1817,WESTERN AVE,41.885602,-87.776482,04/15/2019 04:49:00 PM,2019
CR00035388,11/22/2018 08:18:00 AM,15,RAIN,DAYLIGHT,TURNING,NOT DIVIDED,TRAFFIC SIGNAL,FOLLOWING TOO CLOSELY,FAILING TO REDUCE SPEED,0,0,0,0,8,5,11,566,CLARK ST,41.835129,-87.640807,11/22/2018 09:37:00 AM,2018
CR00035389,09/10/2017 04:35:00 PM,45,CLEAR,DAWN,REAR END,DIVIDED - W/MEDIAN BARRIER,NO CONTROLS,DRIVING SKILLS/KNOWLEDGE/EXPERIENCE,NOT APPLICABLE,0,0,0,0,16,1,9,1494,OGDEN AVE,41.899754,-87.588625,09/10/2017 05:42:00 PM,2017
CR00035390,04/01/2024 04:19:00 PM,30,CLEAR,DAYLIGHT,FIXED OBJECT,DIVIDED - W/MEDIAN (NOT RAISED),NO CONTROLS,UNABLE TO DETERMINE,UNABLE TO DETERMINE,0,0,0,0,16,2,4,1808,KEDZIE AVE,41.934435,-87.733336,04/01/2024 04:36:00 PM,2024
CR00035391,06/27/2023 07:10:00 AM,15,CLEAR,DAYLIGHT,REAR TO FRONT,DIVIDED - W/MEDIAN BARRIER,NO CONTROLS,WEATHER,NOT APPLICABLE,0,0,0,0,7,3,6,242,STONY ISLAND AVE,41.955516,-87.576868,06/27/2023 08:08:00 AM,2023
CR00035392,09/10/2016 10:55:00 PM,35,RAIN,DAYLIGHT,TURNING,DIVIDED - W/MEDIAN (NOT RAISED),TRAFFIC SIGNAL,FOLLOWING TOO CLOSELY,DISREGARDING TRAFFIC SIGNALS,0,0,0,0,22,7,9,119,ASHLAND AVE,41.852597,-87.722645,09/11/2016 12:08:00 AM,2016
CR00035393,06/12/2017 01:18:00 PM,35,CLEAR,DAYLIGHT,SIDESWIPE SAME DIRECTION,ONE-WAY,NO CONTROLS,UNABLE TO DETERMINE,UNABLE TO DETERMINE,0,2,0,2,13,2,6,1016,HALSTED ST,41.748821,-87.815778,06/12/2017 01:45:00 PM,2017
CR00035394,09/15/2015 05:39:00 PM,35,CLOUDY/OVERCAST,DARKNESS,REAR END,NOT DIVIDED,NO CONTROLS,IMPROPER LANE USAGE,FAILING TO REDUCE SPEED,0,0,0,0,17,3,9,825,ELSTON AVE,41.743235,-87.758504,09/15/2015 07:32:00 PM,2015
CR00035395,05/27/2019 11:02:00 PM,15,CLEAR,DAYLIGHT,REAR END,NOT DIVIDED,STOP SIGN/FLASHER,DISTRACTION - FROM INSIDE VEHICLE,IMPROPER LANE USAGE,0,0,0,0,23,2,5,336,WESTERN AVE,41.823463,-87.61948,05/28/2019 12:20:00 AM,2019
CR00035396,05/26/2015 12:06:00 PM,35,CLEAR,DUSK,REAR END,NOT DIVIDED,YIELD,DISREGARDING TRAFFIC SIGNALS,NOT APPLICABLE,0,0,0,0,12,3,5,895,ELSTON AVE,41.737372,-87.724482,05/26/2015 01:41:00 PM,2015
CR00035397,11/09/2020 04:03:00 PM,20,CLEAR,DAYLIGHT,REAR END,ONE-WAY,TRAFFIC SIGNAL,IMPROPER OVERTAKING/PASSING,FAILING TO YIELD RIGHT-OF-WAY,0,0,0,0,16,2,11,1015,47TH ST,41.88842,-87.840114,11/09/2020 05:18:00 PM,2020
CR00035398,10/23/2015 11:50:00 AM,20,CLOUDY/OVERCAST,DAYLIGHT,PARKED MOTOR VEHICLE,FOUR WAY,TRAFFIC SIGNAL,IMPROPER LANE USAGE,NOT APPLICABLE,0,0,0,0,11,6,10,1561,DAMEN AVE,41.957013,-87.554171,10/23/2015 01:46:00 PM,2015
CR00035399,01/22/2022 07:38:00 AM,30,CLEAR,DAYLIGHT,ANGLE,DIVIDED - W/MEDIAN (NOT RAISED),UNKNOWN,UNABLE TO DETERMINE,UNABLE TO DETERMINE,0,0,1,1,7,7,1,1843,ELSTON AVE,41.862023,-87.833701,01/22/2022 07:39:00 AM,2022
CR00035400,01/21/2016 10:02:00 AM,20,CLEAR,DARKNESS,TURNING,DIVIDED - W/MEDIAN (NOT RAISED),STOP SIGN/FLASHER,UNABLE TO DETERMINE,UNABLE TO DETERMINE,0,0,0,0,10,5,1,413,DIVISION ST,41.992013,-87.601605,01/21/2016 10:08:00 AM,2016
CR00035401,11/20/2021 05:50:00 AM,35,CLEAR,DAYLIGHT,ANGLE,NOT DIVIDED,TRAFFIC SIGNAL,IMPROPER OVERTAKING/PASSING,UNABLE TO DETERMINE,0,0,0,0,5,7,11,2387,IRVING PARK RD,41.879387,-87.662776,11/20/2021 06:51:00 AM,2021
CR00035402,01/07/2015 07:39:00 PM,20,CLEAR,DARKNESS,TURNING,NOT DIVIDED,TRAFFIC SIGNAL,IMPROPER LANE USAGE,DRIVING SKILLS/KNOWLEDGE/EXPERIENCE,0,0,0,0,19,4,1,706,CICERO AVE,41.743728,-87.752038,01/07/2015 07:52:00 PM,2015
CR00035403,11/28/2015 08:20:00 AM,40,FREEZING RAIN/DRIZZLE,DARKNESS - LIGHTED ROAD,REAR END,NOT DIVIDED,NO CONTROLS,FAILING TO REDUCE SPEED,FOLLOWING TOO CLOSELY,0,0,0,0,8,7,11,564,ARCHER AVE,41.796339,-87.687911,11/28/2015 09:01:00 AM,2015
CR00035404,11/30/2021 01:13:00 AM,25,RAIN,DARKNESS - LIGHTED ROAD,ANGLE,NOT DIVIDED,UNKNOWN,FAILING TO YIELD RIGHT-OF-WAY,FAILING TO YIELD RIGHT-OF-WAY,0,0,3,3,1,3,11,1331,79TH ST,41.778247,-87.500071,11/30/2021 01:35:00 AM,2021
CR00035405,12/31/2017 11:37:00 PM,45,CLEAR,DARKNESS - LIGHTED ROAD,REAR END,DIVIDED - W/MEDIAN (NOT RAISED),TRAFFIC SIGNAL,FOLLOWING TOO CLOSELY,FOLLOWING TOO CLOSELY,0,0,0,0,23,1,12,168,STATE ST,41.993755,-87.541386,01/01/2018 01:12:00 AM,2017
CR00035406,06/25/2018 02:27:00 PM,30,CLEAR,DARKNESS - LIGHTED ROAD,SIDESWIPE SAME DIRECTION,NOT DIVIDED,UNKNOWN,FOLLOWING TOO CLOSELY,WEATHER,0,0,0,0,14,2,6,667,CLARK ST,41.989661,-87.817018,06/25/2018 03:45:00 PM,2018
CR00035407,08/09/2017 08:01:00 PM,20,RAIN,DAYLIGHT,TURNING,DIVIDED - W/MEDIAN BARRIER,NO CONTROLS,UNABLE TO DETERMINE,NOT APPLICABLE,0,0,0,0,20,4,8,631,WESTERN AVE,41.936339,-87.842339,08/09/2017 09:44:00 PM,2017
CR00035408,02/11/2021 04:00:00 AM,35,CLEAR,DAYLIGHT,SIDESWIPE SAME DIRECTION,ONE-WAY,TRAFFIC SIGNAL,FAILING TO YIELD RIGHT-OF-WAY,FAILING TO REDUCE SPEED,0,0,0,0,4,5,2,1473,STATE ST,41.959971,-87.767754,02/11/2021 04:23:00 AM,2021
CR00035409,01/19/2017 11:20:00 AM,30,CLEAR,DARKNESS - LIGHTED ROAD,ANGLE,ONE-WAY,TRAFFIC SIGNAL,UNABLE TO DETERMINE,FOLLOWING TOO CLOSELY,0,0,0,0,11,5,1,210,IRVING PARK RD,41.937009,-87.796938,01/19/2017 11:56:00 AM,2017
CR00035410,12/12/2020 08:10:00 AM,30,FREEZING RAIN/DRIZZLE,DAYLIGHT,REAR END,NOT DIVIDED,NO CONTROLS,UNABLE TO DETERMINE,UNABLE TO DETERMINE,0,0,0,0,8,7,12,1814,CICERO AVE,41.822416,-87.615603,12/12/2020 08:41:00 AM,2020
CR00035411,04/23/2021 06:54:00 PM,30,CLEAR,DAYLIGHT,PEDESTRIAN,DIVIDED - W/MEDIAN BARRIER,TRAFFIC SIGNAL,FAILING TO REDUCE SPEED,IMPROPER LANE USAGE,0,0,0,0,18,6,4,1301,OGDEN AVE,41.796428,-87.706039,04/23/2021 08:45:00 PM,2021
CR00035412,02/25/2017 02:35:00 AM,40,CLEAR,DAYLIGHT,PARKED MOTOR VEHICLE,DIVIDED - W/MEDIAN (NOT RAISED),NO CONTROLS,FOLLOWING TOO CLOSELY,DISREGARDING TRAFFIC SIGNALS,0,0,2,2,2,7,2,1083,ASHLAND AVE,41.78871,-87.812754,02/25/2017 03:14:00 AM,2017
CR00035413,05/02/2021 11:33:00 AM,30,CLEAR,DAYLIGHT,REAR END,NOT DIVIDED,NO CONTROLS,FOLLOWING TOO CLOSELY,FAILING TO REDUCE SPEED,0,0,0,0,11,1,5,2505,ASHLAND AVE,41.861509,-87.542854,05/02/2021 12:55:00 PM,2021
CR00035414,02/01/2015 05:12:00 PM,40,RAIN,DAYLIGHT,TURNING,NOT DIVIDED,TRAFFIC SIGNAL,UNABLE TO DETERMINE,FAILING TO YIELD RIGHT-OF-WAY,0,0,0,0,17,1,2,469,ELSTON AVE,41.870068,-87.502531,02/01/2015 05:13:00 PM,2015
CR00035415,02/24/2018 11:01:00 PM,30,CLEAR,DAYLIGHT,TURNING,ONE-WAY,STOP SIGN/FLASHER,FOLLOWING TOO CLOSELY,UNABLE TO DETERMINE,0,0,0,0,23,7,2,1079,HALSTED ST,41.99067,-87.663337,02/24/2018 11:42:00 PM,2018
CR00035416,05/06/2015 07:07:00 AM,30,CLEAR,DAYLIGHT,PARKED MOTOR VEHICLE,DIVIDED - W/MEDIAN BARRIER,NO CONTROLS,FAILING TO YIELD RIGHT-OF-WAY,UNABLE TO DETERMINE,0,0,0,0,7,4,5,2223,FULLERTON AVE,41.708456,-87.809975,05/06/2015 07:37:00 AM,2015
CR00035417,03/14/2016 06:55:00 PM,35,CLEAR,DAYLIGHT,TURNING,NOT DIVIDED,TRAFFIC SIGNAL,UNABLE TO DETERMINE,IMPROPER LANE USAGE,0,0,0,0,18,2,3,1711,CALIFORNIA AVE,41.782621,-87.667198,03/14/2016 08:07:00 PM,2016
CR00035418,05/31/2019 07:24:00 AM,20,RAIN,DAYLIGHT,ANGLE,FOUR WAY,NO CONTROLS,UNABLE TO DETERMINE,NOT APPLICABLE,0,0,0,0,7,6,5,1952,MILWAUKEE AVE,41.896903,-87.814007,05/31/2019 07:37:00 AM,2019
CR00035419,03/25/2024 11:22:00 PM,35,CLEAR,DAYLIGHT,TURNING,DIVIDED - W/MEDIAN (NOT RAISED),NO CONTROLS,DRIVING SKILLS/KNOWLEDGE/EXPERIENCE,WEATHER,0,0,0,0,23,2,3,1245,KEDZIE AVE,41.811,-87.536112,03/25/2024 11:35:00 PM,2024
CR00035420,07/15/2022 05:21:00 PM,15,CLEAR,DARKNESS,ANGLE,ONE-WAY,NO CONTROLS,IMPROPER LANE USAGE,FOLLOWING TOO CLOSELY,0,0,1,1,17,6,7,346,STATE ST,41.768444,-87.696742,07/15/2022 05:49:00 PM,2022
CR00035421,10/02/2015 03:33:00 PM,40,CLEAR,DAYLIGHT,REAR END,ONE-WAY,STOP SIGN/FLASHER,IMPROPER OVERTAKING/PASSING,FAILING TO YIELD RIGHT-OF-WAY,0,0,0,0,15,6,10,1856,DAMEN AVE,41.728327,-87.667646,10/02/2015 05:09:00 PM,2015
CR00035422,12/30/2024 07:06:00 PM,25,SNOW,DARKNESS,REAR END,DIVIDED - W/MEDIAN (NOT RAISED),NO CONTROLS,IMPROPER OVERTAKING/PASSING,FAILING TO REDUCE SPEED,0,0,0,0,19,2,12,405,KEDZIE AVE,41.960566,-87.554317,12/30/2024 07:08:00 PM,2024
CR00035423,07/11/2022 05:15:00 PM,30,CLEAR,DAYLIGHT,TURNING,DIVIDED - W/MEDIAN (NOT RAISED),TRAFFIC SIGNAL,FOLLOWING TOO CLOSELY,FAILING TO YIELD RIGHT-OF-WAY,0,0,0,0,17,2,7,263,63RD ST,41.9324,-87.689965,07/11/2022 06:30:00 PM,2022
CR00035424,05/27/2017 05:11:00 PM,35,CLEAR,DAYLIGHT,PARKED MOTOR VEHICLE,DIVIDED - W/MEDIAN BARRIER,NO CONTROLS,FOLLOWING TOO CLOSELY,NOT APPLICABLE,0,0,0,0,17,7,5,571,HALSTED ST,41.968809,-87.618797,05/27/2017 05:18:00 PM,2017
CR00035425,01/15/2015 02:23:00 PM,30,CLEAR,DAYLIGHT,REAR END,ONE-WAY,STOP SIGN/FLASHER,UNABLE TO DETERMINE,FAILING TO YIELD RIGHT-OF-WAY,0,0,0,0,14,5,1,442,CALIFORNIA AVE,41.885436,-87.841559,01/15/2015 04:23:00 PM,2015
CR00035426,11/16/2021 05:16:00 PM,35,FOG/SMOKE/HAZE,DAYLIGHT,REAR END,NOT DIVIDED,STOP SIGN/FLASHER,UNABLE TO DETERMINE,UNABLE TO DETERMINE,0,0,0,0,17,3,11,211,FULLERTON AVE,41.802612,-87.768112,11/16/2021 05:58:00 PM,2021
CR00035427,06/06/2019 10:11:00 AM,45,RAIN,DARKNESS - LIGHTED ROAD,SIDESWIPE SAME DIRECTION,ONE-WAY,NO CONTROLS,IMPROPER LANE USAGE,FAILING TO REDUCE SPEED,0,0,0,0,10,5,6,463,63RD ST,41.800453,-87.601763,06/06/2019 11:03:00 AM,2019
CR00035428,09/13/2021 03:28:00 PM,30,RAIN,DARKNESS - LIGHTED ROAD,REAR END,DIVIDED - W/MEDIAN (NOT RAISED),STOP SIGN/FLASHER,WEATHER,NOT APPLICABLE,0,0,0,0,15,2,9,1783,BROADWAY,41.907337,-87.508968,09/13/2021 04:24:00 PM,2021
CR00035429,11/07/2019 07:13:00 AM,20,CLOUDY/OVERCAST,DAYLIGHT,REAR END,NOT DIVIDED,NO CONTROLS,IMPROPER LANE USAGE,DRIVING SKILLS/KNOWLEDGE/EXPERIENCE,0,0,0,0,7,5,11,1989,DAMEN AVE,41.787356,-87.651704,11/07/2019 07:15:00 AM,2019
CR00035430,02/11/2021 02:34:00 PM,30,CLEAR,DAYLIGHT,ANGLE,NOT DIVIDED,NO CONTROLS,DRIVING SKILLS/KNOWLEDGE/EXPERIENCE,UNABLE TO DETERMINE,0,0,0,0,14,5,2,562,HALSTED ST,41.976503,-87.502801,02/11/2021 03:31:00 PM,2021
CR00035431,11/21/2020 04:45:00 PM,30,CLEAR,DAYLIGHT,REAR END,NOT DIVIDED,NO CONTROLS,DRIVING SKILLS/KNOWLEDGE/EXPERIENCE,DISREGARDING TRAFFIC SIGNALS,0,0,0,0,16,7,11,2245,PULASKI RD,41.831107,-87.558587,11/21/2020 06:04:00 PM,2020
CR00035432,01/25/2021 07:47:00 AM,35,CLEAR,DARKNESS - LIGHTED ROAD,FIXED OBJECT,FOUR WAY,STOP SIGN/FLASHER,WEATHER,FAILING TO YIELD RIGHT-OF-WAY,0,0,0,0,7,2,1,905,BROADWAY,41.942057,-87.845459,01/25/2021 08:04:00 AM,2021
CR00035433,11/05/2018 07:48:00 PM,30,CLEAR,DAYLIGHT,TURNING,ONE-WAY,TRAFFIC SIGNAL,UNABLE TO DETERMINE,DISTRACTION - FROM INSIDE VEHICLE,0,0,0,0,19,2,11,609,IRVING PARK RD,41.758702,-87.76361,11/05/2018 09:09:00 PM,2018
CR00035434,08/23/2015 05:32:00 PM,45,CLEAR,DAYLIGHT,REAR END,DIVIDED - W/MEDIAN BARRIER,NO CONTROLS,DISTRACTION - FROM INSIDE VEHICLE,DISTRACTION - FROM INSIDE VEHICLE,0,0,1,1,17,1,8,427,STATE ST,41.938152,-87.565966,08/23/2015 06:33:00 PM,2015
CR00035435,01/16/2016 01:32:00 PM,25,SNOW,DAYLIGHT,ANGLE,ONE-WAY,NO CONTROLS,UNABLE TO DETERMINE,FOLLOWING TOO CLOSELY,0,0,3,3,13,7,1,551,47TH ST,41.704315,-87.706072,01/16/2016 02:31:00 PM,2016
CR00035436,05/14/2024 04:45:00 PM,35,CLEAR,DAWN,REAR END,FOUR WAY,YIELD,FAILING TO REDUCE SPEED,UNABLE TO DETERMINE,0,0,0,0,16,3,5,1479,IRVING PARK RD,41.947221,-87.523726,05/14/2024 05:02:00 PM,2024
CR00035437,06/16/2019 08:46:00 AM,45,CLEAR,DAYLIGHT,REAR END,ONE-WAY,PEDESTRIAN CROSSING SIGN,DISTRACTION - FROM INSIDE VEHICLE,IMPROPER OVERTAKING/PASSING,0,0,0,0,8,1,6,1194,STONY ISLAND AVE,41.990744,-87.510131,06/16/2019 09:23:00 AM,2019
CR00035438,09/16/2024 07:01:00 AM,15,CLEAR,DARKNESS - LIGHTED ROAD,ANGLE,FOUR WAY,TRAFFIC SIGNAL,FOLLOWING TOO CLOSELY,DRIVING SKILLS/KNOWLEDGE/EXPERIENCE,0,0,0,0,7,2,9,1062,ARCHER AVE,41.845219,-87.766214,09/16/2024 07:46:00 AM,2024
CR00035439,10/05/2021 06:41:00 PM,25,CLEAR,DAYLIGHT,ANGLE,DIVIDED - W/MEDIAN (NOT RAISED),NO CONTROLS,FAILING TO YIELD RIGHT-OF-WAY,FAILING TO REDUCE SPEED,0,0,0,0,18,3,10,1985,WESTERN AVE,41.773064,-87.700441,10/05/2021 07:15:00 PM,2021
CR00035440,11/23/2022 05:29:00 PM,15,CLEAR,DAWN,REAR END,FOUR WAY,NO CONTROLS,UNABLE TO DETERMINE,IMPROPER OVERTAKING/PASSING,0,0,0,0,17,4,11,845,OGDEN AVE,41.785774,-87.569663,11/23/2022 07:25:00 PM,2022
CR00035441,01/31/2018 09:51:00 PM,30,CLOUDY/OVERCAST,DAYLIGHT,ANGLE,NOT DIVIDED,NO CONTROLS,WEATHER,FOLLOWING TOO CLOSELY,0,0,1,1,21,4,1,1935,BROADWAY,41.704024,-87.709171,01/31/2018 10:29:00 PM,2018
CR00035442,10/10/2024 02:26:00 PM,35,CLEAR,DAYLIGHT,PEDESTRIAN,ONE-WAY,NO CONTROLS,FAILING TO YIELD RIGHT-OF-WAY,DRIVING SKILLS/KNOWLEDGE/EXPERIENCE,0,0,3,3,14,5,10,1567,DAMEN AVE,41.981184,-87.820666,10/10/2024 02:31:00 PM,2024
CR00035443,04/20/2019 03:13:00 AM,30,CLEAR,DAYLIGHT,TURNING,NOT DIVIDED,TRAFFIC SIGNAL,UNABLE TO DETERMINE,DISTRACTION - FROM INSIDE VEHICLE,0,0,0,0,3,7,4,513,CICERO AVE,41.926197,-87.558269,04/20/2019 04:06:00 AM,2019
CR00035444,02/08/2017 04:25:00 PM,20,RAIN,DAYLIGHT,REAR END,ONE-WAY,NO CONTROLS,FAILING TO REDUCE SPEED,UNABLE TO DETERMINE,0,0,0,0,16,4,2,2093,CALIFORNIA AVE,41.716692,-87.627544,02/08/2017 05:38:00 PM,2017
CR00035445,11/04/2016 11:48:00 PM,25,CLEAR,DAYLIGHT,ANGLE,NOT DIVIDED,NO CONTROLS,UNABLE TO DETERMINE,IMPROPER OVERTAKING/PASSING,0,0,0,0,23,6,11,1694,CALIFORNIA AVE,41.811673,-87.624441,11/05/2016 01:23:00 AM,2016
CR00035446,02/19/2023 05:36:00 PM,20,CLEAR,DAYLIGHT,REAR END,NOT DIVIDED,NO CONTROLS,FAILING TO REDUCE SPEED,UNABLE TO DETERMINE,0,0,0,0,17,1,2,2360,STONY ISLAND AVE,41.905919,-87.769204,02/19/2023 07:24:00 PM,2023
CR00035447,03/07/2016 08:51:00 PM,15,CLEAR,DAYLIGHT,REAR END,DIVIDED - W/MEDIAN (NOT RAISED),TRAFFIC SIGNAL,UNABLE TO DETERMINE,DISTRACTION - FROM INSIDE VEHICLE,0,0,0,0,20,2,3,1421,ELSTON AVE,41.959092,-87.770818,03/07/2016 09:59:00 PM,2016
CR00035448,03/31/2017 03:58:00 AM,35,CLOUDY/OVERCAST,DAYLIGHT,TURNING,DIVIDED - W/MEDIAN (NOT RAISED),PEDESTRIAN CROSSING SIGN,IMPROPER LANE USAGE,UNABLE TO DETERMINE,0,0,0,0,3,6,3,1861,79TH ST,41.915435,-87.812188,03/31/2017 05:25:00 AM,2017
CR00035449,01/14/2017 08:17:00 PM,45,CLEAR,DAYLIGHT,REAR END,NOT DIVIDED,PEDESTRIAN CROSSING SIGN,IMPROPER OVERTAKING/PASSING,IMPROPER OVERTAKING/PASSING,0,0,1,1,20,7,1,1262,LAKE SHORE DR,41.778926,-87.516752,01/14/2017 09:21:00 PM,2017
CR00035450,03/06/2022 02:15:00 PM,35,CLEAR,DARKNESS - LIGHTED ROAD,REAR END,NOT DIVIDED,TRAFFIC SIGNAL,FOLLOWING TOO CLOSELY,UNABLE TO DETERMINE,0,0,0,0,14,1,3,1931,63RD ST,41.832911,-87.580593,03/06/2022 02:36:00 PM,2022
CR00035451,01/25/2018 08:03:00 AM,35,CLOUDY/OVERCAST,DAYLIGHT,REAR END,ONE-WAY,UNKNOWN,UNABLE TO DETERMINE,NOT APPLICABLE,0,0,0,0,8,5,1,2529,WESTERN AVE,41.915648,-87.622459,01/25/2018 09:02:00 AM,2018
CR00035452,08/16/2022 12:55:00 AM,35,CLEAR,DAYLIGHT,PEDESTRIAN,NOT DIVIDED,STOP SIGN/FLASHER,WEATHER,IMPROPER OVERTAKING/PASSING,0,0,0,0,0,3,8,2127,CALIFORNIA AVE,41.73679,-87.570647,08/16/2022 02:39:00 AM,2022
CR00035453,08/26/2022 03:34:00 PM,30,CLEAR,DARKNESS - LIGHTED ROAD,REAR TO FRONT,NOT DIVIDED,STOP SIGN/FLASHER,UNABLE TO DETERMINE,WEATHER,0,0,0,0,15,6,8,450,STATE ST,41.86144,-87.833478,08/26/2022 05:21:00 PM,2022
CR00035454,10/21/2022 01:08:00 AM,30,CLEAR,DUSK,ANGLE,ONE-WAY,NO CONTROLS,UNABLE TO DETERMINE,UNABLE TO DETERMINE,0,0,0,0,1,6,10,2334,DIVISION ST,41.875451,-87.781035,10/21/2022 02:24:00 AM,2022
CR00035455,02/12/2017 04:59:00 AM,35,CLEAR,DAYLIGHT,REAR END,NOT DIVIDED,TRAFFIC SIGNAL,FOLLOWING TOO CLOSELY,NOT APPLICABLE,0,0,0,0,4,1,2,2528,FULLERTON AVE,41.97603,-87.592397,02/12/2017 05:25:00 AM,2017
CR00035456,11/28/2016 11:01:00 AM,45,CLEAR,DARKNESS - LIGHTED ROAD,SIDESWIPE SAME DIRECTION,DIVIDED - W/MEDIAN (NOT RAISED),NO CONTROLS,DRIVING SKILLS/KNOWLEDGE/EXPERIENCE,NOT APPLICABLE,0,0,0,0,11,2,11,1894,HALSTED ST,41.723551,-87.538967,11/28/2016 12:04:00 PM,2016
CR00035457,11/11/2022 03:04:00 PM,35,RAIN,DUSK,PEDESTRIAN,ONE-WAY,NO CONTROLS,UNABLE TO DETERMINE,UNABLE TO DETERMINE,0,0,0,0,15,6,11,2221,ASHLAND AVE,41.723839,-87.710516,11/11/2022 04:00:00 PM,2022
CR00035458,08/11/2024 06:46:00 AM,30,CLOUDY/OVERCAST,DAYLIGHT,REAR TO FRONT,DIVIDED - W/MEDIAN (NOT RAISED),TRAFFIC SIGNAL,DISTRACTION - FROM INSIDE VEHICLE,NOT APPLICABLE,0,0,2,2,6,1,8,1240,STONY ISLAND AVE,41.754769,-87.614087,08/11/2024 08:02:00 AM,2024
CR00035459,07/19/2023 06:06:00 AM,45,CLEAR,DARKNESS - LIGHTED ROAD,TURNING,DIVIDED - W/MEDIAN (NOT RAISED),STOP SIGN/FLASHER,DRIVING SKILLS/KNOWLEDGE/EXPERIENCE,IMPROPER OVERTAKING/PASSING,0,1,1,2,6,4,7,932,CALIFORNIA AVE,41.753767,-87.717432,07/19/2023 06:36:00 AM,2023
CR00035460,11/20/2019 04:07:00 PM,35,CLEAR,DAYLIGHT,REAR END,NOT DIVIDED,TRAFFIC SIGNAL,UNABLE TO DETERMINE,FAILING TO YIELD RIGHT-OF-WAY,0,0,0,0,16,4,11,977,IRVING PARK RD,41.959943,-87.838992,11/20/2019 05:24:00 PM,2019
CR00035461,08/19/2018 11:54:00 AM,30,CLEAR,DARKNESS - LIGHTED ROAD,REAR END,NOT DIVIDED,STOP SIGN/FLASHER,UNABLE TO DETERMINE,WEATHER,0,0,0,0,11,1,8,1238,79TH ST,41.709736,-87.847869,08/19/2018 01:21:00 PM,2018
CR00035462,03/27/2016 05:37:00 AM,35,CLEAR,DAYLIGHT,REAR TO FRONT,DIVIDED - W/MEDIAN BARRIER,TRAFFIC SIGNAL,UNABLE TO DETERMINE,IMPROPER OVERTAKING/PASSING,0,0,0,0,5,1,3,2056,63RD ST,41.731729,-87.648274,03/27/2016 07:26:00 AM,2016
CR00035463,01/12/2024 10:13:00 AM,30,CLEAR,DARKNESS - LIGHTED ROAD,PARKED MOTOR VEHICLE,DIVIDED - W/MEDIAN (NOT RAISED),NO CONTROLS,IMPROPER LANE USAGE,UNABLE TO DETERMINE,0,0,0,0,10,6,1,855,BROADWAY,41.90205,-87.743795,01/12/2024 11:57:00 AM,2024
CR00035464,01/16/2017 06:35:00 PM,30,RAIN,DARKNESS - LIGHTED ROAD,PARKED MOTOR VEHICLE,FOUR WAY,NO CONTROLS,FOLLOWING TOO CLOSELY,IMPROPER LANE USAGE,0,0,0,0,18,2,1,1642,79TH ST,41.785614,-87.797619,01/16/2017 08:08:00 PM,2017
CR00035465,09/07/2021 03:14:00 PM,15,CLEAR,DAYLIGHT,REAR END,ONE-WAY,STOP SIGN/FLASHER,FOLLOWING TOO CLOSELY,UNABLE TO DETERMINE,0,0,0,0,15,3,9,1910,CLARK ST,41.859015,-87.785151,09/07/2021 05:12:00 PM,2021
CR00035466,06/28/2021 01:35:00 PM,30,CLEAR,DAYLIGHT,PARKED MOTOR VEHICLE,NOT DIVIDED,TRAFFIC SIGNAL,DISTRACTION - FROM INSIDE VEHICLE,IMPROPER LANE USAGE,0,0,0,0,13,2,6,1042,FULLERTON AVE,41.800215,-87.828577,06/28/2021 02:38:00 PM,2021
CR00035467,12/17/2022 08:47:00 AM,45,CLEAR,DAYLIGHT,REAR TO FRONT,DIVIDED - W/MEDIAN (NOT RAISED),TRAFFIC SIGNAL,FAILING TO YIELD RIGHT-OF-WAY,IMPROPER LANE USAGE,0,0,0,0,8,7,12,1746,LAKE SHORE DR,41.985097,-87.589495,12/17/2022 08:58:00 AM,2022
CR00035468,08/31/2015 07:11:00 PM,35,CLEAR,DARKNESS - LIGHTED ROAD,SIDESWIPE SAME DIRECTION,DIVIDED - W/MEDIAN (NOT RAISED),STOP SIGN/FLASHER,UNABLE TO DETERMINE,FAILING TO YIELD RIGHT-OF-WAY,0,0,0,0,19,2,8,2163,HALSTED ST,41.861417,-87.760756,08/31/2015 08:49:00 PM,2015
CR00035469,03/28/2019 10:54:00 PM,15,RAIN,DAYLIGHT,ANGLE,T-INTERSECTION,NO CONTROLS,DISREGARDING TRAFFIC SIGNALS,IMPROPER LANE USAGE,0,0,0,0,22,5,3,586,MICHIGAN AVE,41.985073,-87.517557,03/28/2019 11:39:00 PM,2019