CRASH_RECORD_ID,CRASH_DATE,POSTED_SPEED_LIMIT,WEATHER_CONDITION,LIGHTING_CONDITION,FIRST_CRASH_TYPE,TRAFFICWAY_TYPE,TRAFFIC_CONTROL_DEVICE,PRIM_CONTRIBUTORY_CAUSE,SEC_CONTRIBUTORY_CAUSE,INJURIES_FATAL,INJURIES_INCAPACITATING,INJURIES_NON_INCAPACITATING,INJURIES_TOTAL,CRASH_HOUR,CRASH_DAY_OF_WEEK,CRASH_MONTH,BEAT_OF_OCCURRENCE,STREET_NAME,LATITUDE,LONGITUDE,DATE_POLICE_NOTIFIED,year
CR00035470,04/27/2017 08:04:00 AM,15,CLEAR,DARKNESS,ANGLE,ONE-WAY,STOP SIGN/FLASHER,FAILING TO YIELD RIGHT-OF-WAY,UNABLE TO DETERMINE,0,0,0,0,8,5,4,172,DIVISION ST,41.816076,-87.524266,04/27/2017 08:58:00 AM,2017
CR00035471,12/12/2024 01:26:00 AM,30,SNOW,DAYLIGHT,SIDESWIPE SAME DIRECTION,NOT DIVIDED,TRAFFIC SIGNAL,IMPROPER LANE USAGE,DISREGARDING TRAFFIC SIGNALS,0,0,0,0,1,5,12,1056,FULLERTON AVE,41.779448,-87.560223,12/12/2024 03:07:00 AM,2024
CR00035472,05/09/2023 09:00:00 AM,30,CLOUDY/OVERCAST,DAYLIGHT,TURNING,T-INTERSECTION,NO CONTROLS,DISREGARDING TRAFFIC SIGNALS,UNABLE TO DETERMINE,0,0,0,0,9,3,5,924,DIVISION ST,41.71659,-87.59296,05/09/2023 09:22:00 AM,2023
CR00035473,05/13/2024 07:20:00 PM,40,CLEAR,DAYLIGHT,PEDESTRIAN,ONE-WAY,STOP SIGN/FLASHER,UNABLE TO DETERMINE,DISREGARDING TRAFFIC SIGNALS,0,0,0,0,19,2,5,2380,CLARK ST,41.776307,-87.787112,05/13/2024 09:10:00 PM,2024
CR00035474,12/09/2024 06:53:00 PM,35,CLEAR,DAYLIGHT,ANGLE,NOT DIVIDED,NO CONTROLS,UNABLE TO DETERMINE,DISTRACTION - FROM INSIDE VEHICLE,0,0,0,0,18,2,12,1037,DAMEN AVE,41.967267,-87.698776,12/09/2024 07:07:00 PM,2024
CR00035475,09/05/2024 01:16:00 PM,30,CLEAR,DAYLIGHT,REAR END,ONE-WAY,NO CONTROLS,WEATHER,DRIVING SKILLS/KNOWLEDGE/EXPERIENCE,0,0,0,0,13,5,9,1423,STONY ISLAND AVE,41.936699,-87.608228,09/05/2024 01:24:00 PM,2024
CR00035476,07/21/2021 04:03:00 AM,45,CLEAR,DARKNESS - LIGHTED ROAD,PEDESTRIAN,DIVIDED - W/MEDIAN BARRIER,NO CONTROLS,UNABLE TO DETERMINE,FOLLOWING TOO CLOSELY,0,0,0,0,4,4,7,1554,DIVISION ST,41.814303,-87.742381,07/21/2021 05:59:00 AM,2021
CR00035477,12/06/2016 01:10:00 AM,30,CLEAR,DARKNESS - LIGHTED ROAD,PEDESTRIAN,NOT DIVIDED,NO CONTROLS,FAILING TO YIELD RIGHT-OF-WAY,UNABLE TO DETERMINE,0,0,0,0,1,3,12,1873,DIVISION ST,41.824696,-87.707867,12/06/2016 03:03:00 AM,2016
CR00035478,05/24/2024 07:25:00 AM,25,CLEAR,DAWN,ANGLE,ONE-WAY,STOP SIGN/FLASHER,IMPROPER LANE USAGE,NOT APPLICABLE,0,0,0,0,7,6,5,817,FULLERTON AVE,41.780006,-87.686789,05/24/2024 07:41:00 AM,2024
CR00035479,09/22/2021 06:42:00 PM,35,CLEAR,DARKNESS,PEDESTRIAN,NOT DIVIDED,TRAFFIC SIGNAL,UNABLE TO DETERMINE,NOT APPLICABLE,0,0,0,0,18,4,9,423,79TH ST,41.830306,-87.821981,09/22/2021 07:34:00 PM,2021
CR00035480,03/01/2016 10:47:00 AM,45,CLEAR,DUSK,TURNING,DIVIDED - W/MEDIAN (NOT RAISED),TRAFFIC SIGNAL,UNABLE TO DETERMINE,IMPROPER OVERTAKING/PASSING,0,0,0,0,10,3,3,1842,47TH ST,41.76725,-87.809559,03/01/2016 11:14:00 AM,2016
CR00035481,12/19/2022 12:39:00 PM,15,RAIN,DARKNESS - LIGHTED ROAD,PARKED MOTOR VEHICLE,ONE-WAY,NO CONTROLS,DISTRACTION - FROM INSIDE VEHICLE,NOT APPLICABLE,0,0,0,0,12,2,12,428,MILWAUKEE AVE,41.858838,-87.70272,12/19/2022 01:06:00 PM,2022
CR00035482,05/10/2022 11:45:00 AM,25,CLEAR,DAYLIGHT,PARKED MOTOR VEHICLE,FOUR WAY,UNKNOWN,UNABLE TO DETERMINE,FAILING TO YIELD RIGHT-OF-WAY,0,0,0,0,11,3,5,457,HALSTED ST,41.97937,-87.586034,05/10/2022 11:46:00 AM,2022
CR00035483,08/12/2018 08:01:00 PM,15,CLEAR,DARKNESS - LIGHTED ROAD,REAR END,NOT DIVIDED,NO CONTROLS,UNABLE TO DETERMINE,UNABLE TO DETERMINE,0,0,0,0,20,1,8,1483,ARCHER AVE,41.764017,-87.629878,08/12/2018 09:03:00 PM,2018
CR00035484,05/06/2019 06:13:00 PM,30,CLEAR,DAYLIGHT,REAR END,NOT DIVIDED,STOP SIGN/FLASHER,WEATHER,FOLLOWING TOO CLOSELY,0,0,0,0,18,2,5,271,79TH ST,41.86415,-87.742643,05/06/2019 07:02:00 PM,2019
CR00035485,12/31/2017 03:34:00 PM,40,CLEAR,DAYLIGHT,SIDESWIPE SAME DIRECTION,ONE-WAY,NO CONTROLS,UNABLE TO DETERMINE,WEATHER,0,0,0,0,15,1,12,1367,CLARK ST,41.948715,-87.641176,12/31/2017 03:40:00 PM,2017
CR00035486,02/17/2024 03:28:00 PM,15,CLEAR,DAYLIGHT,TURNING,ONE-WAY,NO CONTROLS,UNABLE TO DETERMINE,DISTRACTION - FROM INSIDE VEHICLE,0,0,0,0,15,7,2,780,MICHIGAN AVE,41.747306,-87.671391,02/17/2024 03:30:00 PM,2024
CR00035487,02/05/2021 11:29:00 PM,25,CLEAR,DARKNESS - LIGHTED ROAD,REAR END,NOT DIVIDED,TRAFFIC SIGNAL,FAILING TO REDUCE SPEED,FOLLOWING TOO CLOSELY,0,0,0,0,23,6,2,647,63RD ST,41.9526,-87.750641,02/05/2021 11:36:00 PM,2021
CR00035488,04/05/2017 07:53:00 PM,45,CLEAR,DARKNESS,ANGLE,NOT DIVIDED,NO CONTROLS,UNABLE TO DETERMINE,UNABLE TO DETERMINE,0,0,0,0,19,4,4,236,79TH ST,41.703446,-87.727958,04/05/2017 08:14:00 PM,2017
CR00035489,08/15/2018 04:19:00 PM,25,SNOW,DAYLIGHT,SIDESWIPE SAME DIRECTION,NOT DIVIDED,NO CONTROLS,UNABLE TO DETERMINE,FAILING TO YIELD RIGHT-OF-WAY,0,0,0,0,16,4,8,1633,ELSTON AVE,41.780869,-87.729169,08/15/2018 04:39:00 PM,2018
CR00035490,05/03/2018 08:43:00 AM,35,CLEAR,DAYLIGHT,ANGLE,DIVIDED - W/MEDIAN BARRIER,NO CONTROLS,UNABLE TO DETERMINE,IMPROPER LANE USAGE,0,0,0,0,8,5,5,1861,DAMEN AVE,41.923625,-87.608359,05/03/2018 08:59:00 AM,2018
CR00035491,12/25/2024 08:27:00 AM,30,CLEAR,DAYLIGHT,REAR TO FRONT,DIVIDED - W/MEDIAN (NOT RAISED),TRAFFIC SIGNAL,DRIVING SKILLS/KNOWLEDGE/EXPERIENCE,DRIVING SKILLS/KNOWLEDGE/EXPERIENCE,0,0,0,0,8,4,12,2063,STATE ST,41.973057,-87.77824,12/25/2024 08:28:00 AM,2024
CR00035492,08/06/2016 03:48:00 PM,15,SNOW,DARKNESS - LIGHTED ROAD,REAR END,NOT DIVIDED,YIELD,DISTRACTION - FROM INSIDE VEHICLE,UNABLE TO DETERMINE,0,0,0,0,15,7,8,1661,63RD ST,41.709781,-87.523668,08/06/2016 04:51:00 PM,2016
CR00035493,02/25/2020 09:39:00 PM,40,CLEAR,DAYLIGHT,PEDESTRIAN,T-INTERSECTION,TRAFFIC SIGNAL,DISTRACTION - FROM INSIDE VEHICLE,IMPROPER OVERTAKING/PASSING,0,0,0,0,21,3,2,1982,DIVISION ST,41.803832,-87.744562,02/25/2020 11:30:00 PM,2020
CR00035494,12/17/2018 09:21:00 AM,30,CLEAR,DUSK,PEDESTRIAN,NOT DIVIDED,STOP SIGN/FLASHER,FAILING TO YIELD RIGHT-OF-WAY,FOLLOWING TOO CLOSELY,0,0,1,1,9,2,12,215,ASHLAND AVE,41.761698,-87.525745,12/17/2018 10:21:00 AM,2018
CR00035495,11/01/2015 06:54:00 PM,20,RAIN,DARKNESS - LIGHTED ROAD,PARKED MOTOR VEHICLE,FOUR WAY,YIELD,UNABLE TO DETERMINE,DRIVING SKILLS/KNOWLEDGE/EXPERIENCE,0,0,0,0,18,1,11,2281,LAKE SHORE DR,41.938301,-87.503207,11/01/2015 07:15:00 PM,2015
CR00035496,07/02/2016 05:02:00 PM,25,CLEAR,DAYLIGHT,SIDESWIPE SAME DIRECTION,NOT DIVIDED,NO CONTROLS,UNABLE TO DETERMINE,FAILING TO REDUCE SPEED,0,0,0,0,17,7,7,731,HALSTED ST,41.944204,-87.816527,07/02/2016 07:02:00 PM,2016
CR00035497,04/17/2016 03:22:00 AM,15,CLEAR,DARKNESS - LIGHTED ROAD,PARKED MOTOR VEHICLE,ONE-WAY,NO CONTROLS,IMPROPER LANE USAGE,DRIVING SKILLS/KNOWLEDGE/EXPERIENCE,0,0,0,0,3,1,4,1314,ARCHER AVE,41.85672,-87.548089,04/17/2016 04:03:00 AM,2016
CR00035498,10/26/2024 06:50:00 PM,30,CLEAR,DAYLIGHT,SIDESWIPE SAME DIRECTION,DIVIDED - W/MEDIAN (NOT RAISED),TRAFFIC SIGNAL,FAILING TO REDUCE SPEED,UNABLE TO DETERMINE,0,0,0,0,18,7,10,1280,79TH ST,41.917778,-87.748438,10/26/2024 07:57:00 PM,2024
CR00035499,07/21/2017 08:34:00 PM,35,RAIN,DARKNESS - LIGHTED ROAD,PARKED MOTOR VEHICLE,NOT DIVIDED,TRAFFIC SIGNAL,FAILING TO YIELD RIGHT-OF-WAY,WEATHER,0,0,0,0,20,6,7,1701,STONY ISLAND AVE,41.845041,-87.794704,07/21/2017 10:22:00 PM,2017
CR00035500,02/03/2022 10:58:00 AM,30,CLEAR,DAYLIGHT,SIDESWIPE SAME DIRECTION,DIVIDED - W/MEDIAN (NOT RAISED),PEDESTRIAN CROSSING SIGN,UNABLE TO DETERMINE,FAILING TO YIELD RIGHT-OF-WAY,0,0,0,0,10,5,2,2455,47TH ST,41.895784,-87.695811,02/03/2022 12:22:00 PM,2022
CR00035501,10/29/2023 10:45:00 PM,30,CLEAR,DARKNESS - LIGHTED ROAD,REAR END,FOUR WAY,TRAFFIC SIGNAL,DRIVING SKILLS/KNOWLEDGE/EXPERIENCE,IMPROPER LANE USAGE,0,0,0,0,22,1,10,481,OGDEN AVE,41.764727,-87.597846,10/30/2023 12:22:00 AM,2023
CR00035502,09/04/2015 03:06:00 PM,35,CLEAR,DAYLIGHT,ANGLE,FOUR WAY,NO CONTROLS,FOLLOWING TOO CLOSELY,UNABLE TO DETERMINE,0,0,0,0,15,6,9,548,ASHLAND AVE,41.748339,-87.590959,09/04/2015 03:13:00 PM,2015
CR00035503,02/05/2024 05:38:00 PM,30,SNOW,DARKNESS - LIGHTED ROAD,REAR END,NOT DIVIDED,UNKNOWN,UNABLE TO DETERMINE,UNABLE TO DETERMINE,0,0,0,0,17,2,2,1746,PULASKI RD,41.837362,-87.591204,02/05/2024 07:19:00 PM,2024
CR00035504,10/08/2023 08:16:00 PM,45,SNOW,DAYLIGHT,TURNING,NOT DIVIDED,NO CONTROLS,UNABLE TO DETERMINE,DISREGARDING TRAFFIC SIGNALS,0,0,0,0,20,1,10,2121,STATE ST,41.720968,-87.622057,10/08/2023 09:38:00 PM,2023
CR00035505,04/22/2021 05:57:00 PM,25,SNOW,DAYLIGHT,PEDESTRIAN,NOT DIVIDED,STOP SIGN/FLASHER,IMPROPER LANE USAGE,NOT APPLICABLE,0,0,2,2,17,5,4,1282,47TH ST,41.743655,-87.551347,04/22/2021 06:36:00 PM,2021
CR00035506,05/05/2017 11:59:00 AM,30,CLEAR,DUSK,SIDESWIPE SAME DIRECTION,FOUR WAY,UNKNOWN,UNABLE TO DETERMINE,IMPROPER OVERTAKING/PASSING,0,0,0,0,11,6,5,1324,STONY ISLAND AVE,41.97154,-87.649809,05/05/2017 01:40:00 PM,2017
CR00035507,05/13/2019 03:22:00 PM,30,CLEAR,DAYLIGHT,PARKED MOTOR VEHICLE,ONE-WAY,TRAFFIC SIGNAL,IMPROPER LANE USAGE,IMPROPER LANE USAGE,0,0,0,0,15,2,5,1183,IRVING PARK RD,41.967737,-87.546433,05/13/2019 04:40:00 PM,2019
CR00035508,04/01/2019 01:38:00 AM,45,CLEAR,DARKNESS - LIGHTED ROAD,PARKED MOTOR VEHICLE,NOT DIVIDED,NO CONTROLS,FAILING TO YIELD RIGHT-OF-WAY,UNABLE TO DETERMINE,0,0,0,0,1,2,4,2315,DIVISION ST,41.79581,-87.816638,04/01/2019 01:48:00 AM,2019
CR00035509,08/06/2017 10:04:00 AM,15,CLOUDY/OVERCAST,DAYLIGHT,REAR END,DIVIDED - W/MEDIAN (NOT RAISED),UNKNOWN,UNABLE TO DETERMINE,NOT APPLICABLE,0,0,0,0,10,1,8,2441,STATE ST,41.728572,-87.803389,08/06/2017 12:03:00 PM,2017
CR00035510,11/01/2023 05:30:00 PM,35,RAIN,DARKNESS - LIGHTED ROAD,SIDESWIPE SAME DIRECTION,DIVIDED - W/MEDIAN (NOT RAISED),NO CONTROLS,FAILING TO YIELD RIGHT-OF-WAY,UNABLE TO DETERMINE,0,0,0,0,17,4,11,857,STATE ST,41.70467,-87.534621,11/01/2023 06:10:00 PM,2023
CR00035511,01/02/2021 11:38:00 PM,35,CLEAR,DAWN,TURNING,DIVIDED - W/MEDIAN (NOT RAISED),TRAFFIC SIGNAL,FOLLOWING TOO CLOSELY,UNABLE TO DETERMINE,0,0,0,0,23,7,1,1884,CALIFORNIA AVE,41.818385,-87.708997,01/03/2021 01:13:00 AM,2021
CR00035512,10/13/2021 04:55:00 PM,25,RAIN,DAYLIGHT,REAR END,T-INTERSECTION,STOP SIGN/FLASHER,WEATHER,FAILING TO REDUCE SPEED,0,0,0,0,16,4,10,1061,MILWAUKEE AVE,41.82078,-87.740962,10/13/2021 05:36:00 PM,2021
CR00035513,05/23/2021 05:52:00 PM,35,CLOUDY/OVERCAST,DAYLIGHT,REAR END,DIVIDED - W/MEDIAN BARRIER,TRAFFIC SIGNAL,FAILING TO YIELD RIGHT-OF-WAY,NOT APPLICABLE,0,0,0,0,17,1,5,121,ELSTON AVE,41.997975,-87.71914,05/23/2021 06:29:00 PM,2021
CR00035514,07/15/2020 03:59:00 PM,20,CLEAR,DARKNESS,REAR TO FRONT,DIVIDED - W/MEDIAN (NOT RAISED),NO CONTROLS,DISREGARDING TRAFFIC SIGNALS,FAILING TO REDUCE SPEED,0,0,0,0,15,4,7,1203,ARCHER AVE,41.921594,-87.844619,07/15/2020 04:20:00 PM,2020
CR00035515,10/07/2015 08:16:00 AM,25,CLEAR,DARKNESS - LIGHTED ROAD,REAR END,NOT DIVIDED,NO CONTROLS,FOLLOWING TOO CLOSELY,FOLLOWING TOO CLOSELY,0,0,0,0,8,4,10,901,63RD ST,41.720248,-87.538857,10/07/2015 08:49:00 AM,2015
CR00035516,01/28/2024 09:27:00 PM,20,CLEAR,DARKNESS - LIGHTED ROAD,REAR END,NOT DIVIDED,TRAFFIC SIGNAL,IMPROPER OVERTAKING/PASSING,FAILING TO REDUCE SPEED,0,0,1,1,21,1,1,1475,STONY ISLAND AVE,41.999319,-87.731824,01/28/2024 11:19:00 PM,2024
CR00035517,09/14/2019 05:26:00 PM,35,CLEAR,DAYLIGHT,TURNING,NOT DIVIDED,TRAFFIC SIGNAL,UNABLE TO DETERMINE,FAILING TO YIELD RIGHT-OF-WAY,0,0,0,0,17,7,9,1112,ELSTON AVE,41.824873,-87.796493,09/14/2019 07:14:00 PM,2019
CR00035518,03/18/2015 03:05:00 PM,30,SNOW,DAYLIGHT,SIDESWIPE SAME DIRECTION,T-INTERSECTION,NO CONTROLS,UNABLE TO DETERMINE,UNABLE TO DETERMINE,0,0,0,0,15,4,3,1704,ASHLAND AVE,41.725762,-87.742235,03/18/2015 03:14:00 PM,2015
CR00035519,10/06/2019 10:04:00 AM,30,CLEAR,DARKNESS - LIGHTED ROAD,SIDESWIPE SAME DIRECTION,NOT DIVIDED,TRAFFIC SIGNAL,FAILING TO YIELD RIGHT-OF-WAY,FOLLOWING TOO CLOSELY,0,0,0,0,10,1,10,1511,CICERO AVE,41.97687,-87.61302,10/06/2019 11:11:00 AM,2019
CR00035520,06/19/2023 08:44:00 AM,30,CLEAR,DAYLIGHT,FIXED OBJECT,DIVIDED - W/MEDIAN BARRIER,NO CONTROLS,FAILING TO YIELD RIGHT-OF-WAY,DRIVING SKILLS/KNOWLEDGE/EXPERIENCE,0,0,0,0,8,2,6,216,ROOSEVELT RD,41.997722,-87.555173,06/19/2023 10:34:00 AM,2023
CR00035521,10/29/2023 06:53:00 PM,25,CLEAR,DARKNESS - LIGHTED ROAD,ANGLE,DIVIDED - W/MEDIAN (NOT RAISED),NO CONTROLS,UNABLE TO DETERMINE,DISREGARDING TRAFFIC SIGNALS,0,0,0,0,18,1,10,392,CICERO AVE,41.852606,-87.672453,10/29/2023 07:13:00 PM,2023
CR00035522,12/21/2020 07:26:00 PM,35,SNOW,DAYLIGHT,TURNING,NOT DIVIDED,NO CONTROLS,FAILING TO YIELD RIGHT-OF-WAY,NOT APPLICABLE,0,0,0,0,19,2,12,106,PULASKI RD,41.996785,-87.758007,12/21/2020 08:24:00 PM,2020
CR00035523,05/12/2020 01:38:00 PM,35,CLEAR,DARKNESS - LIGHTED ROAD,SIDESWIPE SAME DIRECTION,NOT DIVIDED,PEDESTRIAN CROSSING SIGN,FOLLOWING TOO CLOSELY,IMPROPER OVERTAKING/PASSING,0,0,0,0,13,3,5,796,HALSTED ST,41.958747,-87.708665,05/12/2020 01:44:00 PM,2020
CR00035524,01/30/2018 02:56:00 PM,45,CLEAR,DAWN,REAR END,DIVIDED - W/MEDIAN (NOT RAISED),TRAFFIC SIGNAL,FOLLOWING TOO CLOSELY,FAILING TO YIELD RIGHT-OF-WAY,0,0,0,0,14,3,1,580,KEDZIE AVE,41.831891,-87.571232,01/30/2018 04:49:00 PM,2018
CR00035525,03/22/2024 02:15:00 AM,35,RAIN,DAYLIGHT,ANGLE,NOT DIVIDED,TRAFFIC SIGNAL,WEATHER,UNABLE TO DETERMINE,0,0,0,0,2,6,3,1545,IRVING PARK RD,41.858854,-87.80924,03/22/2024 02:37:00 AM,2024
CR00035526,04/15/2021 11:07:00 AM,30,CLOUDY/OVERCAST,DARKNESS - LIGHTED ROAD,REAR TO FRONT,DIVIDED - W/MEDIAN BARRIER,STOP SIGN/FLASHER,DISREGARDING TRAFFIC SIGNALS,DISTRACTION - FROM INSIDE VEHICLE,0,0,0,0,11,5,4,1377,DIVISION ST,41.906585,-87.508911,04/15/2021 12:11:00 PM,2021
CR00035527,12/22/2024 05:53:00 AM,35,FREEZING RAIN/DRIZZLE,DARKNESS - LIGHTED ROAD,SIDESWIPE SAME DIRECTION,NOT DIVIDED,TRAFFIC SIGNAL,FAILING TO REDUCE SPEED,UNABLE TO DETERMINE,0,0,1,1,5,1,12,2326,ASHLAND AVE,41.779455,-87.55573,12/22/2024 05:54:00 AM,2024
CR00035528,08/28/2015 07:52:00 PM,15,CLEAR,DUSK,ANGLE,DIVIDED - W/MEDIAN BARRIER,NO CONTROLS,UNABLE TO DETERMINE,NOT APPLICABLE,0,0,0,0,19,6,8,258,MICHIGAN AVE,41.984922,-87.736215,08/28/2015 08:23:00 PM,2015
CR00035529,01/22/2024 08:41:00 AM,20,CLEAR,DAYLIGHT,TURNING,NOT DIVIDED,STOP SIGN/FLASHER,IMPROPER OVERTAKING/PASSING,IMPROPER LANE USAGE,0,0,0,0,8,2,1,1945,63RD ST,41.857031,-87.731834,01/22/2024 10:28:00 AM,2024
CR00035530,09/24/2019 07:44:00 PM,45,CLEAR,DAWN,PEDESTRIAN,ONE-WAY,STOP SIGN/FLASHER,UNABLE TO DETERMINE,DRIVING SKILLS/KNOWLEDGE/EXPERIENCE,0,0,0,0,19,3,9,1802,CLARK ST,41.9494,-87.574604,09/24/2019 08:59:00 PM,2019
CR00035531,06/27/2017 11:17:00 AM,30,CLEAR,DARKNESS - LIGHTED ROAD,TURNING,DIVIDED - W/MEDIAN (NOT RAISED),NO CONTROLS,UNABLE TO DETERMINE,DISREGARDING TRAFFIC SIGNALS,0,0,0,0,11,3,6,331,ROOSEVELT RD,41.877118,-87.50512,06/27/2017 11:20:00 AM,2017
CR00035532,03/06/2018 04:56:00 PM,15,CLEAR,DAYLIGHT,REAR END,DIVIDED - W/MEDIAN (NOT RAISED),NO CONTROLS,UNABLE TO DETERMINE,UNABLE TO DETERMINE,0,0,0,0,16,3,3,1284,FULLERTON AVE,41.808972,-87.700182,03/06/2018 06:41:00 PM,2018
CR00035533,04/18/2020 03:22:00 PM,40,CLOUDY/OVERCAST,DAYLIGHT,FIXED OBJECT,FOUR WAY,STOP SIGN/FLASHER,UNABLE TO DETERMINE,NOT APPLICABLE,0,1,1,2,15,7,4,1981,WESTERN AVE,41.970519,-87.658198,04/18/2020 03:38:00 PM,2020
CR00035534,07/30/2024 01:24:00 PM,20,SNOW,DARKNESS - LIGHTED ROAD,TURNING,NOT DIVIDED,NO CONTROLS,IMPROPER OVERTAKING/PASSING,FOLLOWING TOO CLOSELY,0,0,0,0,13,3,7,1126,IRVING PARK RD,41.822057,-87.849009,07/30/2024 02:34:00 PM,2024
CR00035535,05/14/2019 08:40:00 AM,45,CLOUDY/OVERCAST,DUSK,SIDESWIPE SAME DIRECTION,DIVIDED - W/MEDIAN BARRIER,NO CONTROLS,UNABLE TO DETERMINE,NOT APPLICABLE,0,0,0,0,8,3,5,1076,WESTERN AVE,41.980249,-87.674326,05/14/2019 09:13:00 AM,2019
CR00035536,11/16/2016 03:35:00 PM,25,RAIN,DARKNESS,REAR END,DIVIDED - W/MEDIAN (NOT RAISED),STOP SIGN/FLASHER,IMPROPER OVERTAKING/PASSING,FOLLOWING TOO CLOSELY,0,0,0,0,15,4,11,2121,DIVISION ST,41.886935,-87.764505,11/16/2016 04:05:00 PM,2016
CR00035537,10/27/2017 08:11:00 AM,30,RAIN,DARKNESS - LIGHTED ROAD,TURNING,FOUR WAY,UNKNOWN,UNABLE TO DETERMINE,UNABLE TO DETERMINE,0,0,0,0,8,6,10,2230,WESTERN AVE,41.762746,-87.575955,10/27/2017 08:21:00 AM,2017
CR00035538,10/06/2015 02:07:00 PM,30,CLEAR,DAYLIGHT,REAR TO FRONT,ONE-WAY,NO CONTROLS,UNABLE TO DETERMINE,NOT APPLICABLE,0,0,0,0,14,3,10,1562,IRVING PARK RD,41.938632,-87.744902,10/06/2015 03:59:00 PM,2015
CR00035539,02/20/2017 04:51:00 AM,30,CLOUDY/OVERCAST,DAYLIGHT,TURNING,DIVIDED - W/MEDIAN BARRIER,TRAFFIC SIGNAL,FAILING TO YIELD RIGHT-OF-WAY,UNABLE TO DETERMINE,0,0,0,0,4,2,2,1027,KEDZIE AVE,41.933366,-87.793621,02/20/2017 04:54:00 AM,2017
CR00035540,06/07/2017 05:50:00 PM,15,CLEAR,DARKNESS - LIGHTED ROAD,PARKED MOTOR VEHICLE,NOT DIVIDED,TRAFFIC SIGNAL,IMPROPER LANE USAGE,FAILING TO YIELD RIGHT-OF-WAY,0,0,0,0,17,4,6,2075,ASHLAND AVE,41.896306,-87.500409,06/07/2017 06:57:00 PM,2017
CR00035541,04/25/2017 02:17:00 AM,15,CLEAR,DAYLIGHT,TURNING,NOT DIVIDED,NO CONTROLS,UNABLE TO DETERMINE,UNABLE TO DETERMINE,0,0,0,0,2,3,4,2239,DIVISION ST,41.898308,-87.847712,04/25/2017 04:14:00 AM,2017
CR00035542,04/27/2018 11:08:00 PM,35,CLEAR,DAYLIGHT,FIXED OBJECT,DIVIDED - W/MEDIAN (NOT RAISED),TRAFFIC SIGNAL,WEATHER,IMPROPER LANE USAGE,0,0,0,0,23,6,4,919,CICERO AVE,41.861156,-87.710955,04/27/2018 11:48:00 PM,2018
CR00035543,02/06/2016 07:34:00 PM,45,RAIN,DAYLIGHT,PARKED MOTOR VEHICLE,DIVIDED - W/MEDIAN (NOT RAISED),NO CONTROLS,DISTRACTION - FROM INSIDE VEHICLE,DISREGARDING TRAFFIC SIGNALS,0,0,0,0,19,7,2,291,OGDEN AVE,41.916,-87.831584,02/06/2016 09:34:00 PM,2016
CR00035544,08/14/2015 04:54:00 PM,45,CLEAR,DUSK,ANGLE,NOT DIVIDED,NO CONTROLS,DISREGARDING TRAFFIC SIGNALS,DRIVING SKILLS/KNOWLEDGE/EXPERIENCE,0,0,0,0,16,6,8,1467,OGDEN AVE,41.897019,-87.650699,08/14/2015 05:21:00 PM,2015
CR00035545,07/15/2022 10:09:00 AM,35,CLEAR,DAYLIGHT,REAR END,NOT DIVIDED,TRAFFIC SIGNAL,UNABLE TO DETERMINE,FAILING TO REDUCE SPEED,0,0,0,0,10,6,7,1174,DIVISION ST,41.705378,-87.779518,07/15/2022 10:54:00 AM,2022
CR00035546,02/04/2021 04:00:00 PM,30,CLOUDY/OVERCAST,DAYLIGHT,FIXED OBJECT,NOT DIVIDED,NO CONTROLS,FAILING TO YIELD RIGHT-OF-WAY,WEATHER,0,0,0,0,16,5,2,837,HALSTED ST,41.751623,-87.671959,02/04/2021 05:53:00 PM,2021
CR00035547,10/01/2018 09:14:00 AM,30,CLEAR,DAYLIGHT,ANGLE,NOT DIVIDED,STOP SIGN/FLASHER,UNABLE TO DETERMINE,FOLLOWING TOO CLOSELY,0,0,0,0,9,2,10,2067,ARCHER AVE,41.704184,-87.70518,10/01/2018 10:51:00 AM,2018
CR00035548,07/09/2015 01:23:00 PM,35,CLEAR,DARKNESS - LIGHTED ROAD,REAR END,NOT DIVIDED,NO CONTROLS,UNABLE TO DETERMINE,DRIVING SKILLS/KNOWLEDGE/EXPERIENCE,0,0,0,0,13,5,7,1286,PULASKI RD,41.83347,-87.735412,07/09/2015 02:39:00 PM,2015
CR00035549,12/15/2016 06:33:00 PM,20,FOG/SMOKE/HAZE,DAYLIGHT,PARKED MOTOR VEHICLE,DIVIDED - W/MEDIAN (NOT RAISED),NO CONTROLS,UNABLE TO DETERMINE,IMPROPER OVERTAKING/PASSING,0,0,0,0,18,5,12,1961,MILWAUKEE AVE,41.924276,-87.52057,12/15/2016 07:35:00 PM,2016
CR00035550,04/24/2018 04:48:00 PM,45,RAIN,DAYLIGHT,ANGLE,ONE-WAY,TRAFFIC SIGNAL,FAILING TO YIELD RIGHT-OF-WAY,NOT APPLICABLE,0,0,2,2,16,3,4,1223,ROOSEVELT RD,41.974773,-87.658065,04/24/2018 06:06:00 PM,2018
CR00035551,06/05/2023 04:44:00 PM,40,CLEAR,DARKNESS - LIGHTED ROAD,ANGLE,FOUR WAY,YIELD,FAILING TO YIELD RIGHT-OF-WAY,NOT APPLICABLE,0,0,2,2,16,2,6,494,MILWAUKEE AVE,41.895825,-87.57236,06/05/2023 04:48:00 PM,2023
CR00035552,11/26/2024 12:04:00 PM,15,CLOUDY/OVERCAST,DAYLIGHT,REAR END,DIVIDED - W/MEDIAN (NOT RAISED),STOP SIGN/FLASHER,UNABLE TO DETERMINE,NOT APPLICABLE,0,0,0,0,12,3,11,1634,DIVISION ST,41.84097,-87.675324,11/26/2024 12:56:00 PM,2024