CRASH_RECORD_ID,CRASH_DATE,POSTED_SPEED_LIMIT,WEATHER_CONDITION,LIGHTING_CONDITION,FIRST_CRASH_TYPE,TRAFFICWAY_TYPE,TRAFFIC_CONTROL_DEVICE,PRIM_CONTRIBUTORY_CAUSE,SEC_CONTRIBUTORY_CAUSE,INJURIES_FATAL,INJURIES_INCAPACITATING,INJURIES_NON_INCAPACITATING,INJURIES_TOTAL,CRASH_HOUR,CRASH_DAY_OF_WEEK,CRASH_MONTH,BEAT_OF_OCCURRENCE,STREET_NAME,LATITUDE,LONGITUDE,DATE_POLICE_NOTIFIED,year
CR00035553,10/14/2024 04:02:00 PM,30,CLOUDY/OVERCAST,DAYLIGHT,TURNING,ONE-WAY,PEDESTRIAN CROSSING SIGN,IMPROPER LANE USAGE,IMPROPER OVERTAKING/PASSING,0,0,0,0,16,2,10,2377,63RD ST,41.766469,-87.612763,10/14/2024 04:19:00 PM,2024
CR00035554,11/01/2019 11:53:00 PM,25,CLEAR,DARKNESS - LIGHTED ROAD,TURNING,DIVIDED - W/MEDIAN BARRIER,NO CONTROLS,DRIVING SKILLS/KNOWLEDGE/EXPERIENCE,NOT APPLICABLE,0,0,0,0,23,6,11,340,63RD ST,41.713067,-87.785627,11/02/2019 12:49:00 AM,2019
CR00035555,11/19/2015 10:09:00 AM,40,CLOUDY/OVERCAST,DAWN,REAR END,NOT DIVIDED,STOP SIGN/FLASHER,FAILING TO YIELD RIGHT-OF-WAY,FAILING TO YIELD RIGHT-OF-WAY,0,0,0,0,10,5,11,403,PULASKI RD,41.829723,-87.57983,11/19/2015 11:00:00 AM,2015
CR00035556,09/02/2015 07:55:00 AM,20,CLEAR,DARKNESS - LIGHTED ROAD,REAR TO FRONT,ONE-WAY,STOP SIGN/FLASHER,IMPROPER OVERTAKING/PASSING,UNABLE TO DETERMINE,0,0,0,0,7,4,9,1859,47TH ST,41.73943,-87.846543,09/02/2015 07:58:00 AM,2015
CR00035557,04/03/2018 04:10:00 PM,35,CLEAR,DARKNESS - LIGHTED ROAD,TURNING,NOT DIVIDED,NO CONTROLS,IMPROPER OVERTAKING/PASSING,FAILING TO YIELD RIGHT-OF-WAY,0,0,0,0,16,3,4,1398,DAMEN AVE,41.967517,-87.746577,04/03/2018 05:28:00 PM,2018
CR00035558,01/27/2016 02:49:00 AM,25,CLEAR,DARKNESS,TURNING,DIVIDED - W/MEDIAN BARRIER,STOP SIGN/FLASHER,UNABLE TO DETERMINE,DISTRACTION - FROM INSIDE VEHICLE,0,0,0,0,2,4,1,1566,BROADWAY,41.826654,-87.792013,01/27/2016 02:58:00 AM,2016
CR00035559,11/23/2017 09:28:00 AM,45,CLEAR,DAYLIGHT,TURNING,NOT DIVIDED,NO CONTROLS,UNABLE TO DETERMINE,UNABLE TO DETERMINE,0,0,1,1,9,5,11,1404,MILWAUKEE AVE,41.819014,-87.585962,11/23/2017 09:56:00 AM,2017
CR00035560,12/04/2019 02:06:00 PM,40,CLEAR,DAYLIGHT,PARKED MOTOR VEHICLE,T-INTERSECTION,TRAFFIC SIGNAL,FAILING TO YIELD RIGHT-OF-WAY,FOLLOWING TOO CLOSELY,0,0,1,1,14,4,12,1935,ARCHER AVE,41.94003,-87.772076,12/04/2019 02:53:00 PM,2019
CR00035561,08/18/2022 04:21:00 PM,35,CLEAR,DAYLIGHT,PARKED MOTOR VEHICLE,NOT DIVIDED,NO CONTROLS,FOLLOWING TOO CLOSELY,FOLLOWING TOO CLOSELY,0,0,0,0,16,5,8,1623,ARCHER AVE,41.706149,-87.515127,08/18/2022 04:35:00 PM,2022
CR00035562,06/21/2022 05:05:00 AM,15,CLEAR,DUSK,SIDESWIPE SAME DIRECTION,DIVIDED - W/MEDIAN BARRIER,STOP SIGN/FLASHER,DISTRACTION - FROM INSIDE VEHICLE,DRIVING SKILLS/KNOWLEDGE/EXPERIENCE,0,0,0,0,5,3,6,263,HALSTED ST,41.747333,-87.638167,06/21/2022 05:17:00 AM,2022
CR00035563,07/20/2018 10:46:00 AM,35,CLEAR,DAYLIGHT,ANGLE,NOT DIVIDED,TRAFFIC SIGNAL,UNABLE TO DETERMINE,NOT APPLICABLE,0,0,0,0,10,6,7,487,WESTERN AVE,41.763477,-87.690074,07/20/2018 11:48:00 AM,2018
CR00035564,05/17/2016 07:47:00 AM,30,CLEAR,DAYLIGHT,FIXED OBJECT,ONE-WAY,NO CONTROLS,IMPROPER OVERTAKING/PASSING,UNABLE TO DETERMINE,0,0,0,0,7,3,5,2312,ELSTON AVE,41.787628,-87.777268,05/17/2016 08:03:00 AM,2016
CR00035565,10/31/2017 08:06:00 AM,35,CLOUDY/OVERCAST,DARKNESS - LIGHTED ROAD,REAR END,NOT DIVIDED,STOP SIGN/FLASHER,IMPROPER OVERTAKING/PASSING,UNABLE TO DETERMINE,0,0,0,0,8,3,10,2201,WESTERN AVE,41.708288,-87.506333,10/31/2017 08:31:00 AM,2017
CR00035566,03/18/2024 05:49:00 AM,35,FREEZING RAIN/DRIZZLE,DARKNESS - LIGHTED ROAD,REAR END,NOT DIVIDED,NO CONTROLS,UNABLE TO DETERMINE,UNABLE TO DETERMINE,0,0,0,0,5,2,3,1928,KEDZIE AVE,41.831738,-87.799581,03/18/2024 05:52:00 AM,2024
CR00035567,05/09/2024 11:31:00 PM,15,CLEAR,DAYLIGHT,REAR END,T-INTERSECTION,TRAFFIC SIGNAL,IMPROPER LANE USAGE,FAILING TO YIELD RIGHT-OF-WAY,0,0,3,3,23,5,5,375,ASHLAND AVE,41.728632,-87.528028,05/10/2024 01:22:00 AM,2024
CR00035568,01/16/2018 12:55:00 PM,30,CLEAR,DARKNESS,REAR END,NOT DIVIDED,TRAFFIC SIGNAL,FOLLOWING TOO CLOSELY,IMPROPER LANE USAGE,0,0,0,0,12,3,1,1342,HALSTED ST,41.805693,-87.589319,01/16/2018 01:14:00 PM,2018
CR00035569,01/18/2023 08:31:00 AM,45,CLEAR,DARKNESS - LIGHTED ROAD,ANGLE,DIVIDED - W/MEDIAN (NOT RAISED),NO CONTROLS,UNABLE TO DETERMINE,DISTRACTION - FROM INSIDE VEHICLE,0,1,3,4,8,4,1,319,WESTERN AVE,41.9091,-87.666462,01/18/2023 08:34:00 AM,2023
CR00035570,04/14/2021 10:59:00 AM,30,SNOW,DAYLIGHT,ANGLE,DIVIDED - W/MEDIAN BARRIER,NO CONTROLS,FAILING TO YIELD RIGHT-OF-WAY,IMPROPER OVERTAKING/PASSING,0,0,0,0,10,4,4,1715,STATE ST,41.872553,-87.841098,04/14/2021 11:16:00 AM,2021
CR00035571,05/26/2024 01:02:00 PM,30,CLEAR,DARKNESS,REAR END,NOT DIVIDED,TRAFFIC SIGNAL,IMPROPER OVERTAKING/PASSING,FAILING TO YIELD RIGHT-OF-WAY,0,0,0,0,13,1,5,2450,IRVING PARK RD,41.771086,-87.559417,05/26/2024 01:12:00 PM,2024
CR00035572,02/01/2023 01:08:00 AM,30,CLEAR,DARKNESS - LIGHTED ROAD,SIDESWIPE SAME DIRECTION,DIVIDED - W/MEDIAN (NOT RAISED),PEDESTRIAN CROSSING SIGN,IMPROPER OVERTAKING/PASSING,FAILING TO YIELD RIGHT-OF-WAY,0,0,0,0,1,4,2,1269,CICERO AVE,41.88318,-87.644277,02/01/2023 03:08:00 AM,2023
CR00035573,12/03/2020 06:38:00 PM,30,SNOW,DAYLIGHT,SIDESWIPE SAME DIRECTION,NOT DIVIDED,STOP SIGN/FLASHER,UNABLE TO DETERMINE,NOT APPLICABLE,0,0,0,0,18,5,12,2078,BROADWAY,41.914908,-87.825594,12/03/2020 08:13:00 PM,2020
CR00035574,11/15/2017 01:29:00 PM,30,CLEAR,DARKNESS - LIGHTED ROAD,REAR TO FRONT,NOT DIVIDED,TRAFFIC SIGNAL,IMPROPER OVERTAKING/PASSING,UNABLE TO DETERMINE,0,0,0,0,13,4,11,349,BROADWAY,41.974157,-87.742927,11/15/2017 02:06:00 PM,2017
CR00035575,08/15/2022 12:57:00 AM,35,RAIN,DAYLIGHT,ANGLE,NOT DIVIDED,TRAFFIC SIGNAL,UNABLE TO DETERMINE,UNABLE TO DETERMINE,0,0,1,1,0,2,8,205,STONY ISLAND AVE,41.702683,-87.73497,08/15/2022 02:09:00 AM,2022
CR00035576,09/06/2021 04:53:00 AM,35,CLEAR,DARKNESS - LIGHTED ROAD,TURNING,ONE-WAY,STOP SIGN/FLASHER,DISTRACTION - FROM INSIDE VEHICLE,IMPROPER LANE USAGE,0,0,2,2,4,2,9,387,63RD ST,41.832279,-87.568118,09/06/2021 06:33:00 AM,2021
CR00035577,09/23/2017 01:20:00 AM,30,CLEAR,DAYLIGHT,ANGLE,ONE-WAY,TRAFFIC SIGNAL,DRIVING SKILLS/KNOWLEDGE/EXPERIENCE,UNABLE TO DETERMINE,0,0,0,0,1,7,9,1330,STONY ISLAND AVE,41.86703,-87.643723,09/23/2017 02:04:00 AM,2017
CR00035578,04/23/2015 02:20:00 PM,15,CLEAR,DAYLIGHT,REAR END,DIVIDED - W/MEDIAN (NOT RAISED),TRAFFIC SIGNAL,UNABLE TO DETERMINE,IMPROPER LANE USAGE,0,0,0,0,14,5,4,1030,LAKE SHORE DR,41.705622,-87.748685,04/23/2015 03:25:00 PM,2015
CR00035579,10/16/2022 05:37:00 PM,30,RAIN,DARKNESS - LIGHTED ROAD,ANGLE,T-INTERSECTION,TRAFFIC SIGNAL,UNABLE TO DETERMINE,WEATHER,0,0,1,1,17,1,10,2001,KEDZIE AVE,41.742524,-87.720367,10/16/2022 06:35:00 PM,2022
CR00035580,01/12/2022 03:42:00 PM,30,CLOUDY/OVERCAST,DAYLIGHT,PARKED MOTOR VEHICLE,NOT DIVIDED,YIELD,FAILING TO YIELD RIGHT-OF-WAY,FOLLOWING TOO CLOSELY,0,0,0,0,15,4,1,706,HALSTED ST,41.970559,-87.600808,01/12/2022 05:14:00 PM,2022
CR00035581,05/25/2023 10:00:00 AM,25,RAIN,DAYLIGHT,PARKED MOTOR VEHICLE,NOT DIVIDED,TRAFFIC SIGNAL,FOLLOWING TOO CLOSELY,NOT APPLICABLE,0,0,3,3,10,5,5,379,MILWAUKEE AVE,41.866839,-87.75068,05/25/2023 10:51:00 AM,2023
CR00035582,07/21/2017 09:06:00 AM,15,CLEAR,DAYLIGHT,REAR TO FRONT,ONE-WAY,STOP SIGN/FLASHER,UNABLE TO DETERMINE,UNABLE TO DETERMINE,0,0,0,0,9,6,7,1263,DAMEN AVE,41.934372,-87.602809,07/21/2017 10:56:00 AM,2017
CR00035583,02/17/2021 11:34:00 AM,30,CLEAR,DAYLIGHT,REAR END,FOUR WAY,TRAFFIC SIGNAL,FAILING TO YIELD RIGHT-OF-WAY,UNABLE TO DETERMINE,0,0,0,0,11,4,2,1254,IRVING PARK RD,41.962991,-87.839217,02/17/2021 12:29:00 PM,2021
CR00035584,06/18/2018 12:14:00 PM,30,FOG/SMOKE/HAZE,DAYLIGHT,REAR END,DIVIDED - W/MEDIAN BARRIER,NO CONTROLS,FAILING TO YIELD RIGHT-OF-WAY,NOT APPLICABLE,0,0,0,0,12,2,6,1446,LAKE SHORE DR,41.701323,-87.704665,06/18/2018 01:54:00 PM,2018
CR00035585,09/22/2023 03:10:00 PM,30,CLEAR,DAYLIGHT,TURNING,DIVIDED - W/MEDIAN BARRIER,TRAFFIC SIGNAL,DRIVING SKILLS/KNOWLEDGE/EXPERIENCE,FOLLOWING TOO CLOSELY,0,0,0,0,15,6,9,2138,79TH ST,41.912167,-87.62393,09/22/2023 03:31:00 PM,2023
CR00035586,08/23/2019 01:20:00 PM,25,SNOW,DAYLIGHT,TURNING,DIVIDED - W/MEDIAN BARRIER,NO CONTROLS,DISTRACTION - FROM INSIDE VEHICLE,FAILING TO YIELD RIGHT-OF-WAY,0,0,1,1,13,6,8,1453,IRVING PARK RD,41.810531,-87.512352,08/23/2019 02:43:00 PM,2019
CR00035587,11/21/2022 06:33:00 PM,40,CLEAR,DAYLIGHT,TURNING,NOT DIVIDED,NO CONTROLS,UNABLE TO DETERMINE,UNABLE TO DETERMINE,0,0,0,0,18,2,11,2454,63RD ST,41.707733,-87.517518,11/21/2022 08:17:00 PM,2022
CR00035588,07/31/2017 02:25:00 PM,15,RAIN,DAYLIGHT,FIXED OBJECT,NOT DIVIDED,NO CONTROLS,IMPROPER OVERTAKING/PASSING,DRIVING SKILLS/KNOWLEDGE/EXPERIENCE,0,0,0,0,14,2,7,2422,CICERO AVE,41.898857,-87.76067,07/31/2017 03:46:00 PM,2017
CR00035589,06/27/2023 05:03:00 AM,15,RAIN,DAYLIGHT,REAR END,NOT DIVIDED,UNKNOWN,UNABLE TO DETERMINE,FOLLOWING TOO CLOSELY,0,1,2,3,5,3,6,548,ARCHER AVE,41.753131,-87.604392,06/27/2023 05:38:00 AM,2023
CR00035590,04/04/2016 07:59:00 AM,45,CLEAR,DAYLIGHT,REAR END,DIVIDED - W/MEDIAN (NOT RAISED),PEDESTRIAN CROSSING SIGN,IMPROPER LANE USAGE,FAILING TO REDUCE SPEED,0,0,0,0,7,2,4,153,DAMEN AVE,41.84615,-87.506614,04/04/2016 09:33:00 AM,2016
CR00035591,08/23/2016 07:25:00 AM,20,CLEAR,DARKNESS,REAR TO FRONT,FOUR WAY,STOP SIGN/FLASHER,UNABLE TO DETERMINE,IMPROPER OVERTAKING/PASSING,0,0,0,0,7,3,8,247,ARCHER AVE,41.755319,-87.781544,08/23/2016 08:09:00 AM,2016
CR00035592,08/13/2015 02:47:00 PM,30,CLEAR,DAYLIGHT,SIDESWIPE SAME DIRECTION,NOT DIVIDED,NO CONTROLS,FAILING TO YIELD RIGHT-OF-WAY,WEATHER,0,0,0,0,14,5,8,2503,CICERO AVE,41.808494,-87.625453,08/13/2015 02:51:00 PM,2015
CR00035593,04/12/2020 06:01:00 PM,30,SNOW,DARKNESS - LIGHTED ROAD,SIDESWIPE SAME DIRECTION,DIVIDED - W/MEDIAN BARRIER,TRAFFIC SIGNAL,UNABLE TO DETERMINE,UNABLE TO DETERMINE,0,0,0,0,18,1,4,1921,LAKE SHORE DR,41.935971,-87.72198,04/12/2020 07:09:00 PM,2020
CR00035594,11/12/2015 06:52:00 AM,30,CLEAR,DAYLIGHT,FIXED OBJECT,NOT DIVIDED,NO CONTROLS,UNABLE TO DETERMINE,UNABLE TO DETERMINE,0,0,0,0,6,5,11,1724,DIVISION ST,41.879702,-87.828036,11/12/2015 08:41:00 AM,2015
CR00035595,07/21/2020 06:14:00 PM,15,CLEAR,DARKNESS,ANGLE,NOT DIVIDED,TRAFFIC SIGNAL,FOLLOWING TOO CLOSELY,NOT APPLICABLE,0,0,0,0,18,3,7,2214,MICHIGAN AVE,41.916065,-87.827185,07/21/2020 07:29:00 PM,2020
CR00035596,01/30/2020 09:57:00 AM,15,CLEAR,DAYLIGHT,ANGLE,NOT DIVIDED,TRAFFIC SIGNAL,IMPROPER OVERTAKING/PASSING,UNABLE TO DETERMINE,0,0,0,0,9,5,1,249,ASHLAND AVE,41.816668,-87.580672,01/30/2020 10:12:00 AM,2020
CR00035597,09/28/2019 07:28:00 PM,40,CLEAR,DARKNESS - LIGHTED ROAD,TURNING,NOT DIVIDED,PEDESTRIAN CROSSING SIGN,FOLLOWING TOO CLOSELY,FAILING TO YIELD RIGHT-OF-WAY,0,0,0,0,19,7,9,1615,47TH ST,41.812069,-87.719601,09/28/2019 07:30:00 PM,2019
CR00035598,06/30/2020 05:42:00 PM,30,CLEAR,DARKNESS - LIGHTED ROAD,ANGLE,NOT DIVIDED,NO CONTROLS,UNABLE TO DETERMINE,DISTRACTION - FROM INSIDE VEHICLE,0,0,0,0,17,3,6,804,CICERO AVE,41.824964,-87.574331,06/30/2020 06:35:00 PM,2020
CR00035599,10/23/2021 07:11:00 AM,35,CLEAR,DAYLIGHT,ANGLE,DIVIDED - W/MEDIAN (NOT RAISED),TRAFFIC SIGNAL,UNABLE TO DETERMINE,DRIVING SKILLS/KNOWLEDGE/EXPERIENCE,0,0,0,0,7,7,10,2078,OGDEN AVE,41.989402,-87.59559,10/23/2021 09:11:00 AM,2021
CR00035600,02/21/2022 07:08:00 AM,30,CLOUDY/OVERCAST,DAYLIGHT,TURNING,DIVIDED - W/MEDIAN BARRIER,STOP SIGN/FLASHER,UNABLE TO DETERMINE,FAILING TO REDUCE SPEED,0,0,0,0,7,2,2,867,OGDEN AVE,41.7858,-87.554341,02/21/2022 08:33:00 AM,2022
CR00035601,11/21/2021 10:47:00 PM,35,CLOUDY/OVERCAST,DARKNESS,PEDESTRIAN,NOT DIVIDED,UNKNOWN,FAILING TO REDUCE SPEED,UNABLE TO DETERMINE,0,0,0,0,22,1,11,638,MILWAUKEE AVE,41.72298,-87.557322,11/21/2021 11:19:00 PM,2021
CR00035602,01/01/2020 10:57:00 PM,35,CLEAR,DAYLIGHT,TURNING,FOUR WAY,NO CONTROLS,UNABLE TO DETERMINE,IMPROPER OVERTAKING/PASSING,0,0,0,0,22,4,1,637,63RD ST,41.854212,-87.513367,01/02/2020 12:33:00 AM,2020
CR00035603,04/12/2021 12:08:00 PM,20,CLEAR,DAYLIGHT,ANGLE,NOT DIVIDED,STOP SIGN/FLASHER,DISTRACTION - FROM INSIDE VEHICLE,UNABLE TO DETERMINE,0,0,0,0,12,2,4,166,FULLERTON AVE,41.839877,-87.797387,04/12/2021 12:55:00 PM,2021
CR00035604,06/24/2021 08:06:00 PM,30,RAIN,DAYLIGHT,SIDESWIPE SAME DIRECTION,DIVIDED - W/MEDIAN (NOT RAISED),NO CONTROLS,DISTRACTION - FROM INSIDE VEHICLE,DISREGARDING TRAFFIC SIGNALS,0,0,0,0,20,5,6,1360,LAKE SHORE DR,41.931554,-87.830152,06/24/2021 09:00:00 PM,2021
CR00035605,10/23/2020 08:00:00 PM,45,SNOW,DAYLIGHT,TURNING,ONE-WAY,STOP SIGN/FLASHER,IMPROPER LANE USAGE,IMPROPER OVERTAKING/PASSING,0,0,0,0,20,6,10,572,ELSTON AVE,41.938081,-87.53084,10/23/2020 08:33:00 PM,2020
CR00035606,04/23/2023 07:19:00 PM,25,CLEAR,DAYLIGHT,SIDESWIPE SAME DIRECTION,NOT DIVIDED,TRAFFIC SIGNAL,UNABLE TO DETERMINE,UNABLE TO DETERMINE,0,0,1,1,19,1,4,620,79TH ST,41.790287,-87.753282,04/23/2023 08:50:00 PM,2023
CR00035607,05/04/2024 04:26:00 PM,30,RAIN,DAYLIGHT,REAR END,ONE-WAY,NO CONTROLS,FOLLOWING TOO CLOSELY,DISTRACTION - FROM INSIDE VEHICLE,0,1,0,1,16,7,5,1734,CLARK ST,41.700514,-87.709891,05/04/2024 06:19:00 PM,2024
CR00035608,06/11/2022 03:02:00 PM,35,CLEAR,DARKNESS,TURNING,ONE-WAY,TRAFFIC SIGNAL,IMPROPER LANE USAGE,FOLLOWING TOO CLOSELY,0,0,0,0,15,7,6,2148,ARCHER AVE,41.945608,-87.704525,06/11/2022 04:39:00 PM,2022
CR00035609,06/28/2020 06:46:00 AM,35,CLEAR,DAYLIGHT,REAR END,T-INTERSECTION,NO CONTROLS,UNABLE TO DETERMINE,IMPROPER LANE USAGE,0,0,0,0,6,1,6,1436,PULASKI RD,41.817758,-87.594392,06/28/2020 08:32:00 AM,2020
CR00035610,09/10/2017 07:03:00 AM,35,CLOUDY/OVERCAST,DUSK,SIDESWIPE SAME DIRECTION,DIVIDED - W/MEDIAN (NOT RAISED),NO CONTROLS,FOLLOWING TOO CLOSELY,FAILING TO YIELD RIGHT-OF-WAY,0,0,0,0,7,1,9,1669,MILWAUKEE AVE,41.870843,-87.760023,09/10/2017 07:04:00 AM,2017
CR00035611,07/24/2021 06:09:00 PM,40,CLEAR,DARKNESS - LIGHTED ROAD,SIDESWIPE SAME DIRECTION,NOT DIVIDED,TRAFFIC SIGNAL,FOLLOWING TOO CLOSELY,FOLLOWING TOO CLOSELY,0,0,1,1,18,7,7,1888,WESTERN AVE,41.973044,-87.664507,07/24/2021 07:24:00 PM,2021
CR00035612,11/06/2021 06:10:00 PM,40,CLOUDY/OVERCAST,DARKNESS - LIGHTED ROAD,TURNING,NOT DIVIDED,TRAFFIC SIGNAL,DISTRACTION - FROM INSIDE VEHICLE,FAILING TO YIELD RIGHT-OF-WAY,0,0,0,0,18,7,11,1524,ASHLAND AVE,41.859481,-87.760464,11/06/2021 06:12:00 PM,2021
CR00035613,12/27/2017 08:55:00 PM,35,SNOW,DAYLIGHT,ANGLE,NOT DIVIDED,STOP SIGN/FLASHER,UNABLE TO DETERMINE,FOLLOWING TOO CLOSELY,0,0,0,0,20,4,12,799,MILWAUKEE AVE,41.748566,-87.756507,12/27/2017 10:15:00 PM,2017
CR00035614,08/30/2018 09:47:00 PM,35,CLEAR,DUSK,TURNING,ONE-WAY,NO CONTROLS,UNABLE TO DETERMINE,IMPROPER LANE USAGE,0,0,0,0,21,5,8,402,MICHIGAN AVE,41.718458,-87.712367,08/30/2018 10:16:00 PM,2018
CR00035615,02/03/2022 07:04:00 AM,35,FOG/SMOKE/HAZE,DAYLIGHT,TURNING,NOT DIVIDED,TRAFFIC SIGNAL,IMPROPER LANE USAGE,NOT APPLICABLE,0,1,2,3,7,5,2,1531,PULASKI RD,41.733313,-87.81911,02/03/2022 08:05:00 AM,2022
CR00035616,12/30/2015 07:00:00 PM,40,CLEAR,DAYLIGHT,SIDESWIPE SAME DIRECTION,DIVIDED - W/MEDIAN BARRIER,TRAFFIC SIGNAL,WEATHER,UNABLE TO DETERMINE,0,0,0,0,19,4,12,2268,ARCHER AVE,41.821254,-87.579358,12/30/2015 08:44:00 PM,2015
CR00035617,12/19/2021 05:15:00 AM,30,CLEAR,DAYLIGHT,ANGLE,NOT DIVIDED,UNKNOWN,FOLLOWING TOO CLOSELY,DRIVING SKILLS/KNOWLEDGE/EXPERIENCE,0,0,0,0,5,1,12,2344,CICERO AVE,41.847034,-87.643616,12/19/2021 07:07:00 AM,2021
CR00035618,12/01/2019 08:47:00 PM,35,CLEAR,DARKNESS - LIGHTED ROAD,REAR END,DIVIDED - W/MEDIAN (NOT RAISED),TRAFFIC SIGNAL,IMPROPER OVERTAKING/PASSING,IMPROPER OVERTAKING/PASSING,0,0,0,0,20,1,12,105,STATE ST,41.895807,-87.702863,12/01/2019 08:57:00 PM,2019
CR00035619,01/07/2020 10:06:00 PM,35,CLOUDY/OVERCAST,DARKNESS - LIGHTED ROAD,PARKED MOTOR VEHICLE,NOT DIVIDED,NO CONTROLS,DISTRACTION - FROM INSIDE VEHICLE,FAILING TO REDUCE SPEED,0,0,0,0,22,3,1,1049,PULASKI RD,41.945582,-87.78332,01/07/2020 11:33:00 PM,2020
CR00035620,06/01/2016 07:36:00 PM,45,CLOUDY/OVERCAST,DAYLIGHT,TURNING,DIVIDED - W/MEDIAN (NOT RAISED),TRAFFIC SIGNAL,UNABLE TO DETERMINE,FAILING TO YIELD RIGHT-OF-WAY,0,0,1,1,19,4,6,2452,CLARK ST,41.807356,-87.717402,06/01/2016 09:07:00 PM,2016
CR00035621,10/30/2023 10:08:00 AM,20,RAIN,DAYLIGHT,REAR END,NOT DIVIDED,TRAFFIC SIGNAL,IMPROPER LANE USAGE,FAILING TO YIELD RIGHT-OF-WAY,0,0,1,1,10,2,10,722,STONY ISLAND AVE,41.969335,-87.769074,10/30/2023 11:49:00 AM,2023
CR00035622,10/11/2019 08:20:00 PM,30,RAIN,DARKNESS - LIGHTED ROAD,REAR END,NOT DIVIDED,NO CONTROLS,UNABLE TO DETERMINE,NOT APPLICABLE,0,0,0,0,20,6,10,2041,MILWAUKEE AVE,41.71232,-87.707968,10/11/2019 09:34:00 PM,2019
CR00035623,12/02/2016 04:14:00 PM,25,CLEAR,DARKNESS - LIGHTED ROAD,SIDESWIPE SAME DIRECTION,NOT DIVIDED,UNKNOWN,FOLLOWING TOO CLOSELY,DISTRACTION - FROM INSIDE VEHICLE,0,0,0,0,16,6,12,667,CALIFORNIA AVE,41.953391,-87.703495,12/02/2016 06:01:00 PM,2016
CR00035624,12/06/2019 03:14:00 PM,30,CLEAR,DARKNESS - LIGHTED ROAD,REAR END,DIVIDED - W/MEDIAN (NOT RAISED),NO CONTROLS,FOLLOWING TOO CLOSELY,FAILING TO YIELD RIGHT-OF-WAY,0,0,0,0,15,6,12,2081,OGDEN AVE,41.724723,-87.586849,12/06/2019 04:36:00 PM,2019
CR00035625,11/24/2021 05:01:00 AM,30,CLEAR,DARKNESS - LIGHTED ROAD,SIDESWIPE SAME DIRECTION,NOT DIVIDED,TRAFFIC SIGNAL,UNABLE TO DETERMINE,UNABLE TO DETERMINE,0,0,0,0,5,4,11,429,ROOSEVELT RD,41.883221,-87.553648,11/24/2021 05:09:00 AM,2021
CR00035626,02/07/2015 04:32:00 PM,20,CLOUDY/OVERCAST,DARKNESS,REAR END,NOT DIVIDED,TRAFFIC SIGNAL,FAILING TO REDUCE SPEED,DRIVING SKILLS/KNOWLEDGE/EXPERIENCE,0,1,1,2,16,7,2,539,STONY ISLAND AVE,41.771969,-87.500186,02/07/2015 04:38:00 PM,2015
CR00035627,06/10/2019 03:20:00 PM,30,CLEAR,DAYLIGHT,TURNING,NOT DIVIDED,NO CONTROLS,DRIVING SKILLS/KNOWLEDGE/EXPERIENCE,FAILING TO YIELD RIGHT-OF-WAY,0,0,0,0,15,2,6,117,ELSTON AVE,41.996152,-87.674587,06/10/2019 04:19:00 PM,2019
CR00035628,12/15/2015 04:42:00 AM,30,CLEAR,DARKNESS - LIGHTED ROAD,REAR END,NOT DIVIDED,STOP SIGN/FLASHER,UNABLE TO DETERMINE,DRIVING SKILLS/KNOWLEDGE/EXPERIENCE,0,0,0,0,4,3,12,1951,MICHIGAN AVE,41.859665,-87.773409,12/15/2015 06:22:00 AM,2015
CR00035629,12/11/2015 06:40:00 PM,35,CLEAR,DAYLIGHT,FIXED OBJECT,DIVIDED - W/MEDIAN (NOT RAISED),NO CONTROLS,IMPROPER OVERTAKING/PASSING,NOT APPLICABLE,0,0,0,0,18,6,12,1156,ELSTON AVE,41.902437,-87.57311,12/11/2015 06:41:00 PM,2015
CR00035630,12/08/2020 04:51:00 AM,25,CLEAR,DAYLIGHT,SIDESWIPE SAME DIRECTION,DIVIDED - W/MEDIAN (NOT RAISED),UNKNOWN,UNABLE TO DETERMINE,FAILING TO REDUCE SPEED,0,0,0,0,4,3,12,1205,WESTERN AVE,41.877634,-87.757268,12/08/2020 05:05:00 AM,2020
CR00035631,10/05/2015 04:46:00 PM,25,CLEAR,DARKNESS,ANGLE,NOT DIVIDED,STOP SIGN/FLASHER,DRIVING SKILLS/KNOWLEDGE/EXPERIENCE,FOLLOWING TOO CLOSELY,0,0,3,3,16,2,10,1377,WESTERN AVE,41.956099,-87.609371,10/05/2015 05:32:00 PM,2015
CR00035632,08/09/2022 03:43:00 PM,25,CLEAR,DAYLIGHT,REAR END,NOT DIVIDED,NO CONTROLS,IMPROPER OVERTAKING/PASSING,NOT APPLICABLE,0,0,0,0,15,3,8,1417,ARCHER AVE,41.995296,-87.656485,08/09/2022 05:27:00 PM,2022
CR00035633,05/09/2022 09:18:00 AM,30,CLEAR,DARKNESS - LIGHTED ROAD,TURNING,DIVIDED - W/MEDIAN BARRIER,YIELD,IMPROPER LANE USAGE,FOLLOWING TOO CLOSELY,0,2,3,5,9,2,5,1925,DAMEN AVE,41.874959,-87.734908,05/09/2022 11:05:00 AM,2022
CR00035634,03/31/2023 01:26:00 AM,30,CLEAR,DUSK,PEDESTRIAN,ONE-WAY,TRAFFIC SIGNAL,UNABLE TO DETERMINE,IMPROPER OVERTAKING/PASSING,0,0,0,0,1,6,3,1447,PULASKI RD,41.700462,-87.505389,03/31/2023 01:47:00 AM,2023