CRASH_RECORD_ID,CRASH_DATE,POSTED_SPEED_LIMIT,WEATHER_CONDITION,LIGHTING_CONDITION,FIRST_CRASH_TYPE,TRAFFICWAY_TYPE,TRAFFIC_CONTROL_DEVICE,PRIM_CONTRIBUTORY_CAUSE,SEC_CONTRIBUTORY_CAUSE,INJURIES_FATAL,INJURIES_INCAPACITATING,INJURIES_NON_INCAPACITATING,INJURIES_TOTAL,CRASH_HOUR,CRASH_DAY_OF_WEEK,CRASH_MONTH,BEAT_OF_OCCURRENCE,STREET_NAME,LATITUDE,LONGITUDE,DATE_POLICE_NOTIFIED,year
CR00035635,06/03/2020 10:34:00 PM,40,RAIN,DARKNESS - LIGHTED ROAD,REAR END,DIVIDED - W/MEDIAN (NOT RAISED),NO CONTROLS,FAILING TO YIELD RIGHT-OF-WAY,DISTRACTION - FROM INSIDE VEHICLE,0,0,0,0,22,4,6,450,MICHIGAN AVE,41.900642,-87.524988,06/03/2020 11:26:00 PM,2020
CR00035636,10/05/2022 01:52:00 PM,30,CLEAR,DAYLIGHT,TURNING,ONE-WAY,NO CONTROLS,FOLLOWING TOO CLOSELY,DISREGARDING TRAFFIC SIGNALS,0,0,0,0,13,4,10,661,PULASKI RD,41.795756,-87.515898,10/05/2022 02:41:00 PM,2022
CR00035637,04/26/2021 06:16:00 PM,40,CLEAR,DAYLIGHT,TURNING,NOT DIVIDED,TRAFFIC SIGNAL,UNABLE TO DETERMINE,UNABLE TO DETERMINE,0,0,0,0,18,2,4,2442,79TH ST,41.736483,-87.507862,04/26/2021 06:18:00 PM,2021
CR00035638,05/14/2015 07:55:00 AM,30,CLOUDY/OVERCAST,DAYLIGHT,REAR END,DIVIDED - W/MEDIAN BARRIER,TRAFFIC SIGNAL,UNABLE TO DETERMINE,IMPROPER OVERTAKING/PASSING,0,0,0,0,7,5,5,142,CICERO AVE,41.919726,-87.585435,05/14/2015 08:49:00 AM,2015
CR00035639,05/18/2020 05:39:00 PM,45,CLEAR,DAYLIGHT,REAR END,ONE-WAY,TRAFFIC SIGNAL,UNABLE TO DETERMINE,IMPROPER LANE USAGE,0,0,0,0,17,2,5,424,63RD ST,41.778221,-87.796734,05/18/2020 06:41:00 PM,2020
CR00035640,11/05/2017 06:55:00 PM,30,CLEAR,DARKNESS,PEDESTRIAN,NOT DIVIDED,NO CONTROLS,FAILING TO YIELD RIGHT-OF-WAY,FOLLOWING TOO CLOSELY,0,0,0,0,18,1,11,1164,DIVISION ST,41.951585,-87.547524,11/05/2017 07:57:00 PM,2017
CR00035641,05/15/2021 05:57:00 PM,40,RAIN,DARKNESS - LIGHTED ROAD,SIDESWIPE SAME DIRECTION,ONE-WAY,UNKNOWN,FAILING TO YIELD RIGHT-OF-WAY,UNABLE TO DETERMINE,0,0,0,0,17,7,5,2393,DIVISION ST,41.841632,-87.732634,05/15/2021 07:46:00 PM,2021
CR00035642,08/09/2023 05:36:00 PM,25,CLEAR,DAYLIGHT,SIDESWIPE SAME DIRECTION,NOT DIVIDED,NO CONTROLS,FAILING TO REDUCE SPEED,UNABLE TO DETERMINE,0,2,0,2,17,4,8,2268,CICERO AVE,41.921535,-87.723733,08/09/2023 07:33:00 PM,2023
CR00035643,08/29/2017 12:24:00 AM,35,CLEAR,DAYLIGHT,REAR END,DIVIDED - W/MEDIAN (NOT RAISED),NO CONTROLS,DRIVING SKILLS/KNOWLEDGE/EXPERIENCE,FOLLOWING TOO CLOSELY,0,0,0,0,0,3,8,2301,KEDZIE AVE,41.80634,-87.607619,08/29/2017 01:21:00 AM,2017
CR00035644,07/07/2019 04:24:00 PM,20,CLEAR,DARKNESS - LIGHTED ROAD,PARKED MOTOR VEHICLE,NOT DIVIDED,TRAFFIC SIGNAL,DRIVING SKILLS/KNOWLEDGE/EXPERIENCE,NOT APPLICABLE,0,0,0,0,16,1,7,1428,63RD ST,41.725391,-87.522918,07/07/2019 05:37:00 PM,2019
CR00035645,01/15/2017 11:20:00 PM,35,CLEAR,DAYLIGHT,REAR TO FRONT,NOT DIVIDED,STOP SIGN/FLASHER,UNABLE TO DETERMINE,DRIVING SKILLS/KNOWLEDGE/EXPERIENCE,0,0,0,0,23,1,1,1362,ROOSEVELT RD,41.737682,-87.533133,01/16/2017 12:01:00 AM,2017
CR00035646,12/10/2022 08:09:00 AM,45,CLEAR,DAYLIGHT,PARKED MOTOR VEHICLE,DIVIDED - W/MEDIAN (NOT RAISED),TRAFFIC SIGNAL,DISREGARDING TRAFFIC SIGNALS,FOLLOWING TOO CLOSELY,0,0,0,0,8,7,12,353,LAKE SHORE DR,41.800785,-87.552772,12/10/2022 08:13:00 AM,2022
CR00035647,04/07/2022 11:25:00 AM,30,SNOW,DAYLIGHT,ANGLE,FOUR WAY,UNKNOWN,FOLLOWING TOO CLOSELY,UNABLE TO DETERMINE,0,0,0,0,11,5,4,845,MICHIGAN AVE,41.775082,-87.728333,04/07/2022 12:21:00 PM,2022
CR00035648,01/22/2017 02:28:00 PM,30,CLEAR,DAYLIGHT,REAR END,ONE-WAY,TRAFFIC SIGNAL,FAILING TO REDUCE SPEED,IMPROPER LANE USAGE,0,0,2,2,14,1,1,1912,PULASKI RD,41.871696,-87.703978,01/22/2017 02:41:00 PM,2017
CR00035649,11/13/2019 07:47:00 PM,40,CLEAR,DAYLIGHT,SIDESWIPE SAME DIRECTION,DIVIDED - W/MEDIAN (NOT RAISED),PEDESTRIAN CROSSING SIGN,FAILING TO YIELD RIGHT-OF-WAY,UNABLE TO DETERMINE,0,0,0,0,19,4,11,680,FULLERTON AVE,41.883318,-87.791989,11/13/2019 07:59:00 PM,2019
CR00035650,11/30/2022 06:41:00 PM,35,CLEAR,DAYLIGHT,SIDESWIPE SAME DIRECTION,NOT DIVIDED,NO CONTROLS,IMPROPER LANE USAGE,FOLLOWING TOO CLOSELY,0,0,0,0,18,4,11,1387,PULASKI RD,41.806982,-87.675073,11/30/2022 07:03:00 PM,2022
CR00035651,01/13/2021 07:40:00 PM,45,RAIN,DARKNESS - LIGHTED ROAD,SIDESWIPE SAME DIRECTION,NOT DIVIDED,NO CONTROLS,IMPROPER OVERTAKING/PASSING,FAILING TO YIELD RIGHT-OF-WAY,0,0,0,0,19,4,1,1913,LAKE SHORE DR,41.828217,-87.62643,01/13/2021 08:45:00 PM,2021
CR00035652,01/18/2016 02:25:00 PM,40,CLEAR,DAYLIGHT,REAR END,NOT DIVIDED,NO CONTROLS,IMPROPER OVERTAKING/PASSING,IMPROPER OVERTAKING/PASSING,0,0,0,0,14,2,1,2216,CALIFORNIA AVE,41.992322,-87.644564,01/18/2016 03:09:00 PM,2016
CR00035653,05/12/2022 03:51:00 PM,20,CLEAR,DAYLIGHT,TURNING,NOT DIVIDED,TRAFFIC SIGNAL,FAILING TO REDUCE SPEED,FAILING TO YIELD RIGHT-OF-WAY,0,0,0,0,15,5,5,1643,DAMEN AVE,41.878997,-87.725379,05/12/2022 05:17:00 PM,2022
CR00035654,10/09/2022 06:31:00 PM,40,CLEAR,DAYLIGHT,REAR END,ONE-WAY,STOP SIGN/FLASHER,FAILING TO YIELD RIGHT-OF-WAY,UNABLE TO DETERMINE,0,2,1,3,18,1,10,1694,CALIFORNIA AVE,41.844757,-87.739849,10/09/2022 07:12:00 PM,2022
CR00035655,05/24/2021 04:29:00 PM,35,CLEAR,DAYLIGHT,REAR END,NOT DIVIDED,NO CONTROLS,FAILING TO REDUCE SPEED,UNABLE TO DETERMINE,0,0,0,0,16,2,5,1319,LAKE SHORE DR,41.884814,-87.646907,05/24/2021 05:06:00 PM,2021
CR00035656,02/23/2020 11:54:00 AM,30,CLEAR,DAYLIGHT,ANGLE,DIVIDED - W/MEDIAN BARRIER,STOP SIGN/FLASHER,UNABLE TO DETERMINE,DISTRACTION - FROM INSIDE VEHICLE,0,0,0,0,11,1,2,2330,ASHLAND AVE,41.912497,-87.510759,02/23/2020 01:10:00 PM,2020
CR00035657,12/12/2018 08:37:00 AM,30,CLEAR,DAYLIGHT,FIXED OBJECT,NOT DIVIDED,STOP SIGN/FLASHER,DRIVING SKILLS/KNOWLEDGE/EXPERIENCE,UNABLE TO DETERMINE,0,2,0,2,8,4,12,1782,OGDEN AVE,41.925819,-87.536149,12/12/2018 08:51:00 AM,2018
CR00035658,12/31/2015 02:21:00 PM,25,SNOW,DAWN,TURNING,DIVIDED - W/MEDIAN (NOT RAISED),NO CONTROLS,FOLLOWING TOO CLOSELY,FAILING TO YIELD RIGHT-OF-WAY,0,0,1,1,14,5,12,681,MICHIGAN AVE,41.71799,-87.810446,12/31/2015 03:58:00 PM,2015
CR00035659,11/26/2020 01:02:00 PM,25,FREEZING RAIN/DRIZZLE,DARKNESS,TURNING,NOT DIVIDED,STOP SIGN/FLASHER,FOLLOWING TOO CLOSELY,DISREGARDING TRAFFIC SIGNALS,0,0,3,3,13,5,11,1324,BROADWAY,41.852272,-87.847978,11/26/2020 02:04:00 PM,2020
CR00035660,11/04/2018 01:18:00 PM,30,RAIN,DAYLIGHT,PARKED MOTOR VEHICLE,FOUR WAY,TRAFFIC SIGNAL,UNABLE TO DETERMINE,UNABLE TO DETERMINE,0,0,0,0,13,1,11,1430,OGDEN AVE,41.837952,-87.573219,11/04/2018 01:43:00 PM,2018
CR00035661,08/26/2015 05:58:00 PM,30,RAIN,DAYLIGHT,REAR END,NOT DIVIDED,NO CONTROLS,FOLLOWING TOO CLOSELY,DISTRACTION - FROM INSIDE VEHICLE,0,0,0,0,17,4,8,2020,MICHIGAN AVE,41.888029,-87.74918,08/26/2015 06:33:00 PM,2015
CR00035662,01/29/2022 05:52:00 PM,35,CLEAR,DARKNESS - LIGHTED ROAD,ANGLE,ONE-WAY,TRAFFIC SIGNAL,UNABLE TO DETERMINE,DISTRACTION - FROM INSIDE VEHICLE,0,0,0,0,17,7,1,1370,ROOSEVELT RD,41.849239,-87.721892,01/29/2022 06:21:00 PM,2022
CR00035663,01/12/2021 06:50:00 PM,45,FREEZING RAIN/DRIZZLE,DAYLIGHT,SIDESWIPE SAME DIRECTION,NOT DIVIDED,NO CONTROLS,UNABLE TO DETERMINE,FOLLOWING TOO CLOSELY,0,0,0,0,18,3,1,140,CICERO AVE,41.979167,-87.748662,01/12/2021 07:22:00 PM,2021
CR00035664,02/24/2021 12:06:00 PM,20,CLEAR,DARKNESS - LIGHTED ROAD,REAR END,NOT DIVIDED,STOP SIGN/FLASHER,UNABLE TO DETERMINE,UNABLE TO DETERMINE,0,0,0,0,12,4,2,2261,OGDEN AVE,41.799804,-87.720171,02/24/2021 01:50:00 PM,2021
CR00035665,11/25/2017 08:16:00 AM,30,SNOW,DAYLIGHT,SIDESWIPE SAME DIRECTION,ONE-WAY,STOP SIGN/FLASHER,WEATHER,IMPROPER OVERTAKING/PASSING,0,0,0,0,8,7,11,949,STONY ISLAND AVE,41.806582,-87.515258,11/25/2017 08:48:00 AM,2017
CR00035666,12/14/2015 06:21:00 PM,30,CLEAR,DAYLIGHT,SIDESWIPE SAME DIRECTION,DIVIDED - W/MEDIAN (NOT RAISED),NO CONTROLS,UNABLE TO DETERMINE,IMPROPER OVERTAKING/PASSING,0,0,0,0,18,2,12,1262,ELSTON AVE,41.999478,-87.562811,12/14/2015 07:07:00 PM,2015
CR00035667,10/25/2023 04:30:00 PM,35,CLEAR,DUSK,REAR TO FRONT,NOT DIVIDED,TRAFFIC SIGNAL,UNABLE TO DETERMINE,FAILING TO YIELD RIGHT-OF-WAY,0,0,0,0,16,4,10,1623,ROOSEVELT RD,41.816517,-87.831866,10/25/2023 05:38:00 PM,2023
CR00035668,10/09/2023 11:23:00 AM,40,CLEAR,DARKNESS - LIGHTED ROAD,TURNING,NOT DIVIDED,TRAFFIC SIGNAL,DISTRACTION - FROM INSIDE VEHICLE,IMPROPER OVERTAKING/PASSING,0,0,3,3,11,2,10,1555,47TH ST,41.831599,-87.733349,10/09/2023 11:54:00 AM,2023
CR00035669,04/17/2019 04:09:00 PM,30,CLEAR,DARKNESS - LIGHTED ROAD,TURNING,DIVIDED - W/MEDIAN (NOT RAISED),NO CONTROLS,IMPROPER OVERTAKING/PASSING,IMPROPER LANE USAGE,0,0,1,1,16,4,4,1708,FULLERTON AVE,41.898791,-87.66366,04/17/2019 05:05:00 PM,2019
CR00035670,07/12/2015 07:19:00 AM,15,RAIN,DAYLIGHT,REAR END,NOT DIVIDED,PEDESTRIAN CROSSING SIGN,DISTRACTION - FROM INSIDE VEHICLE,FAILING TO YIELD RIGHT-OF-WAY,0,0,0,0,7,1,7,1915,ELSTON AVE,41.77225,-87.723656,07/12/2015 09:11:00 AM,2015
CR00035671,03/31/2016 08:44:00 AM,45,CLEAR,DARKNESS - LIGHTED ROAD,REAR END,DIVIDED - W/MEDIAN (NOT RAISED),YIELD,UNABLE TO DETERMINE,IMPROPER LANE USAGE,0,0,0,0,8,5,3,1184,ASHLAND AVE,41.780771,-87.711083,03/31/2016 10:26:00 AM,2016
CR00035672,01/25/2015 08:36:00 AM,45,CLEAR,DAYLIGHT,REAR END,DIVIDED - W/MEDIAN (NOT RAISED),NO CONTROLS,DISTRACTION - FROM INSIDE VEHICLE,IMPROPER LANE USAGE,0,0,0,0,8,1,1,1718,KEDZIE AVE,41.891462,-87.768001,01/25/2015 10:01:00 AM,2015
CR00035673,05/19/2018 08:23:00 PM,45,CLEAR,DARKNESS - LIGHTED ROAD,ANGLE,NOT DIVIDED,NO CONTROLS,DRIVING SKILLS/KNOWLEDGE/EXPERIENCE,IMPROPER OVERTAKING/PASSING,0,0,1,1,20,7,5,1210,IRVING PARK RD,41.866458,-87.727672,05/19/2018 09:45:00 PM,2018
CR00035674,05/15/2017 04:42:00 PM,30,CLEAR,DARKNESS - LIGHTED ROAD,SIDESWIPE SAME DIRECTION,NOT DIVIDED,NO CONTROLS,UNABLE TO DETERMINE,IMPROPER OVERTAKING/PASSING,0,0,0,0,16,2,5,525,LAKE SHORE DR,41.771539,-87.840246,05/15/2017 05:41:00 PM,2017
CR00035675,12/15/2023 01:58:00 PM,25,CLEAR,DUSK,REAR TO FRONT,NOT DIVIDED,STOP SIGN/FLASHER,IMPROPER LANE USAGE,UNABLE TO DETERMINE,0,0,1,1,13,6,12,1988,ELSTON AVE,41.865902,-87.525196,12/15/2023 02:48:00 PM,2023
CR00035676,09/02/2022 05:19:00 AM,45,RAIN,DARKNESS - LIGHTED ROAD,REAR END,NOT DIVIDED,TRAFFIC SIGNAL,FOLLOWING TOO CLOSELY,UNABLE TO DETERMINE,0,0,0,0,5,6,9,2294,HALSTED ST,41.860608,-87.561945,09/02/2022 06:01:00 AM,2022
CR00035677,09/22/2018 09:29:00 AM,15,CLEAR,DARKNESS,PEDESTRIAN,DIVIDED - W/MEDIAN BARRIER,TRAFFIC SIGNAL,UNABLE TO DETERMINE,IMPROPER OVERTAKING/PASSING,0,0,0,0,9,7,9,1614,CICERO AVE,41.824258,-87.625018,09/22/2018 09:53:00 AM,2018
CR00035678,08/21/2016 07:56:00 PM,30,CLEAR,DAYLIGHT,TURNING,NOT DIVIDED,TRAFFIC SIGNAL,DRIVING SKILLS/KNOWLEDGE/EXPERIENCE,DISTRACTION - FROM INSIDE VEHICLE,0,0,0,0,19,1,8,1098,ROOSEVELT RD,41.76908,-87.796301,08/21/2016 09:21:00 PM,2016
CR00035679,05/10/2022 10:11:00 AM,45,CLEAR,DARKNESS - LIGHTED ROAD,SIDESWIPE SAME DIRECTION,DIVIDED - W/MEDIAN (NOT RAISED),TRAFFIC SIGNAL,UNABLE TO DETERMINE,DISREGARDING TRAFFIC SIGNALS,0,0,3,3,10,3,5,2159,FULLERTON AVE,41.985349,-87.67635,05/10/2022 11:59:00 AM,2022
CR00035680,09/14/2021 09:52:00 AM,30,CLEAR,DARKNESS - LIGHTED ROAD,TURNING,DIVIDED - W/MEDIAN (NOT RAISED),NO CONTROLS,UNABLE TO DETERMINE,UNABLE TO DETERMINE,0,0,0,0,9,3,9,445,STONY ISLAND AVE,41.881323,-87.837095,09/14/2021 10:53:00 AM,2021
CR00035681,02/11/2020 05:18:00 PM,15,CLEAR,DAYLIGHT,TURNING,ONE-WAY,NO CONTROLS,FAILING TO REDUCE SPEED,WEATHER,0,0,0,0,17,3,2,205,STONY ISLAND AVE,41.74264,-87.56865,02/11/2020 05:55:00 PM,2020
CR00035682,07/16/2022 10:02:00 PM,15,CLEAR,DAYLIGHT,PARKED MOTOR VEHICLE,NOT DIVIDED,STOP SIGN/FLASHER,UNABLE TO DETERMINE,DRIVING SKILLS/KNOWLEDGE/EXPERIENCE,0,0,0,0,22,7,7,1589,STONY ISLAND AVE,41.709859,-87.6795,07/17/2022 12:00:00 AM,2022
CR00035683,07/09/2017 08:16:00 AM,30,RAIN,DARKNESS - LIGHTED ROAD,TURNING,DIVIDED - W/MEDIAN (NOT RAISED),NO CONTROLS,FOLLOWING TOO CLOSELY,NOT APPLICABLE,0,0,0,0,8,1,7,2277,BROADWAY,41.887201,-87.589043,07/09/2017 09:21:00 AM,2017
CR00035684,09/07/2024 05:09:00 PM,35,CLEAR,DARKNESS - LIGHTED ROAD,REAR END,NOT DIVIDED,NO CONTROLS,UNABLE TO DETERMINE,FAILING TO YIELD RIGHT-OF-WAY,0,0,0,0,17,7,9,313,79TH ST,41.729817,-87.627193,09/07/2024 05:39:00 PM,2024
CR00035685,09/26/2016 01:29:00 PM,25,CLEAR,DAYLIGHT,REAR END,FOUR WAY,NO CONTROLS,UNABLE TO DETERMINE,UNABLE TO DETERMINE,0,0,0,0,13,2,9,1341,47TH ST,41.728083,-87.788808,09/26/2016 01:44:00 PM,2016
CR00035686,11/19/2020 09:46:00 PM,35,CLEAR,DAYLIGHT,TURNING,DIVIDED - W/MEDIAN BARRIER,NO CONTROLS,IMPROPER OVERTAKING/PASSING,UNABLE TO DETERMINE,0,0,0,0,21,5,11,1821,KEDZIE AVE,41.831901,-87.598246,11/19/2020 10:19:00 PM,2020
CR00035687,10/24/2022 04:47:00 PM,30,RAIN,DUSK,REAR END,ONE-WAY,NO CONTROLS,IMPROPER LANE USAGE,DISREGARDING TRAFFIC SIGNALS,0,0,0,0,16,2,10,364,WESTERN AVE,41.897818,-87.593736,10/24/2022 06:07:00 PM,2022
CR00035688,06/11/2020 08:39:00 AM,30,RAIN,DAYLIGHT,REAR TO FRONT,DIVIDED - W/MEDIAN BARRIER,NO CONTROLS,IMPROPER OVERTAKING/PASSING,UNABLE TO DETERMINE,0,0,0,0,8,5,6,1566,BROADWAY,41.9403,-87.789889,06/11/2020 08:56:00 AM,2020
CR00035689,07/02/2017 07:44:00 AM,45,FREEZING RAIN/DRIZZLE,DAYLIGHT,PARKED MOTOR VEHICLE,NOT DIVIDED,TRAFFIC SIGNAL,FAILING TO YIELD RIGHT-OF-WAY,UNABLE TO DETERMINE,0,0,0,0,7,1,7,1684,DIVISION ST,41.979136,-87.608982,07/02/2017 08:02:00 AM,2017
CR00035690,08/13/2017 03:00:00 PM,30,RAIN,DARKNESS - LIGHTED ROAD,REAR TO FRONT,T-INTERSECTION,NO CONTROLS,UNABLE TO DETERMINE,UNABLE TO DETERMINE,0,0,0,0,15,1,8,114,IRVING PARK RD,41.847137,-87.629234,08/13/2017 04:51:00 PM,2017
CR00035691,12/26/2024 10:54:00 AM,25,CLEAR,DAYLIGHT,REAR TO FRONT,NOT DIVIDED,STOP SIGN/FLASHER,WEATHER,NOT APPLICABLE,0,0,0,0,10,5,12,2212,OGDEN AVE,41.983756,-87.846302,12/26/2024 12:17:00 PM,2024
CR00035692,01/28/2015 08:32:00 AM,35,CLEAR,DAYLIGHT,REAR END,NOT DIVIDED,NO CONTROLS,IMPROPER OVERTAKING/PASSING,DRIVING SKILLS/KNOWLEDGE/EXPERIENCE,0,0,0,0,8,4,1,1878,DAMEN AVE,41.868658,-87.661279,01/28/2015 09:03:00 AM,2015
CR00035693,11/15/2022 04:16:00 PM,35,CLEAR,DAYLIGHT,PEDESTRIAN,NOT DIVIDED,STOP SIGN/FLASHER,WEATHER,UNABLE TO DETERMINE,0,0,0,0,16,3,11,1130,OGDEN AVE,41.763888,-87.550446,11/15/2022 04:44:00 PM,2022
CR00035694,04/27/2023 04:07:00 AM,35,FOG/SMOKE/HAZE,DAYLIGHT,REAR TO FRONT,FOUR WAY,TRAFFIC SIGNAL,IMPROPER LANE USAGE,FOLLOWING TOO CLOSELY,0,0,0,0,4,5,4,984,CICERO AVE,41.993315,-87.528824,04/27/2023 04:49:00 AM,2023
CR00035695,01/14/2022 04:15:00 PM,35,CLEAR,DARKNESS - LIGHTED ROAD,REAR END,DIVIDED - W/MEDIAN BARRIER,TRAFFIC SIGNAL,UNABLE TO DETERMINE,NOT APPLICABLE,0,0,0,0,16,6,1,824,IRVING PARK RD,41.917308,-87.712847,01/14/2022 05:56:00 PM,2022
CR00035696,01/23/2016 08:49:00 AM,20,CLEAR,DARKNESS - LIGHTED ROAD,ANGLE,DIVIDED - W/MEDIAN (NOT RAISED),STOP SIGN/FLASHER,IMPROPER OVERTAKING/PASSING,IMPROPER LANE USAGE,0,0,0,0,8,7,1,626,STONY ISLAND AVE,41.918355,-87.669262,01/23/2016 09:02:00 AM,2016
CR00035697,01/02/2019 12:13:00 AM,45,RAIN,DAYLIGHT,PARKED MOTOR VEHICLE,NOT DIVIDED,STOP SIGN/FLASHER,IMPROPER OVERTAKING/PASSING,IMPROPER LANE USAGE,0,0,0,0,0,4,1,1248,WESTERN AVE,41.984559,-87.812714,01/02/2019 01:20:00 AM,2019
CR00035698,09/14/2022 06:23:00 PM,45,SNOW,DAYLIGHT,REAR END,DIVIDED - W/MEDIAN (NOT RAISED),NO CONTROLS,DRIVING SKILLS/KNOWLEDGE/EXPERIENCE,NOT APPLICABLE,0,0,1,1,18,4,9,1256,MILWAUKEE AVE,41.961662,-87.782407,09/14/2022 07:15:00 PM,2022
CR00035699,03/14/2022 07:26:00 PM,40,CLEAR,DAYLIGHT,REAR END,NOT DIVIDED,NO CONTROLS,FAILING TO REDUCE SPEED,FAILING TO YIELD RIGHT-OF-WAY,0,0,0,0,19,2,3,104,DIVISION ST,41.981226,-87.74314,03/14/2022 07:30:00 PM,2022
CR00035700,09/02/2019 08:46:00 AM,15,CLEAR,DAYLIGHT,SIDESWIPE SAME DIRECTION,NOT DIVIDED,NO CONTROLS,DISTRACTION - FROM INSIDE VEHICLE,FOLLOWING TOO CLOSELY,0,0,0,0,8,2,9,1765,79TH ST,41.959553,-87.521759,09/02/2019 10:20:00 AM,2019
CR00035701,01/30/2020 03:49:00 AM,35,CLOUDY/OVERCAST,DARKNESS - LIGHTED ROAD,TURNING,DIVIDED - W/MEDIAN BARRIER,TRAFFIC SIGNAL,FAILING TO REDUCE SPEED,NOT APPLICABLE,0,0,0,0,3,5,1,1180,ROOSEVELT RD,41.898972,-87.772136,01/30/2020 04:53:00 AM,2020
CR00035702,03/23/2020 04:02:00 AM,35,CLOUDY/OVERCAST,DAYLIGHT,ANGLE,DIVIDED - W/MEDIAN (NOT RAISED),NO CONTROLS,FAILING TO REDUCE SPEED,FAILING TO YIELD RIGHT-OF-WAY,0,0,0,0,4,2,3,1346,IRVING PARK RD,41.972166,-87.732423,03/23/2020 05:59:00 AM,2020
CR00035703,05/10/2018 07:34:00 AM,45,RAIN,DARKNESS,REAR END,DIVIDED - W/MEDIAN (NOT RAISED),NO CONTROLS,FAILING TO REDUCE SPEED,UNABLE TO DETERMINE,0,0,0,0,7,5,5,2180,STONY ISLAND AVE,41.974537,-87.574135,05/10/2018 08:40:00 AM,2018
CR00035704,04/02/2024 03:41:00 PM,30,CLEAR,DARKNESS - LIGHTED ROAD,REAR TO FRONT,ONE-WAY,NO CONTROLS,UNABLE TO DETERMINE,DRIVING SKILLS/KNOWLEDGE/EXPERIENCE,0,0,0,0,15,3,4,2476,CLARK ST,41.807925,-87.79982,04/02/2024 05:39:00 PM,2024
CR00035705,12/21/2018 02:32:00 AM,40,RAIN,DARKNESS - LIGHTED ROAD,REAR END,FOUR WAY,TRAFFIC SIGNAL,FAILING TO YIELD RIGHT-OF-WAY,NOT APPLICABLE,0,0,1,1,2,6,12,1530,CLARK ST,41.720479,-87.780307,12/21/2018 02:34:00 AM,2018
CR00035706,02/05/2017 07:22:00 PM,30,CLEAR,DARKNESS,REAR END,DIVIDED - W/MEDIAN BARRIER,TRAFFIC SIGNAL,DRIVING SKILLS/KNOWLEDGE/EXPERIENCE,DRIVING SKILLS/KNOWLEDGE/EXPERIENCE,0,0,0,0,19,1,2,1696,LAKE SHORE DR,41.822282,-87.769091,02/05/2017 08:39:00 PM,2017
CR00035707,07/22/2020 11:25:00 AM,15,CLEAR,DUSK,REAR END,DIVIDED - W/MEDIAN (NOT RAISED),NO CONTROLS,DRIVING SKILLS/KNOWLEDGE/EXPERIENCE,UNABLE TO DETERMINE,0,0,0,0,11,4,7,1939,ELSTON AVE,41.855298,-87.795191,07/22/2020 01:23:00 PM,2020
CR00035708,04/12/2019 01:58:00 PM,35,RAIN,DAYLIGHT,ANGLE,ONE-WAY,STOP SIGN/FLASHER,FAILING TO REDUCE SPEED,FOLLOWING TOO CLOSELY,0,0,0,0,13,6,4,882,KEDZIE AVE,41.702494,-87.731137,04/12/2019 02:39:00 PM,2019
CR00035709,01/08/2018 02:25:00 AM,15,FOG/SMOKE/HAZE,DAYLIGHT,REAR END,NOT DIVIDED,TRAFFIC SIGNAL,FOLLOWING TOO CLOSELY,DISTRACTION - FROM INSIDE VEHICLE,0,0,0,0,2,2,1,2083,MICHIGAN AVE,41.868151,-87.581683,01/08/2018 03:14:00 AM,2018
CR00035710,12/20/2015 12:20:00 AM,30,CLEAR,DARKNESS,TURNING,ONE-WAY,TRAFFIC SIGNAL,UNABLE TO DETERMINE,IMPROPER LANE USAGE,0,1,1,2,0,1,12,1284,79TH ST,41.925894,-87.840104,12/20/2015 12:26:00 AM,2015
CR00035711,05/26/2016 12:37:00 PM,30,CLEAR,DAYLIGHT,REAR TO FRONT,NOT DIVIDED,TRAFFIC SIGNAL,DISREGARDING TRAFFIC SIGNALS,FAILING TO YIELD RIGHT-OF-WAY,0,0,3,3,12,5,5,1691,LAKE SHORE DR,41.748453,-87.614145,05/26/2016 02:30:00 PM,2016
CR00035712,04/27/2022 02:45:00 PM,35,CLEAR,DAYLIGHT,REAR END,DIVIDED - W/MEDIAN (NOT RAISED),STOP SIGN/FLASHER,FOLLOWING TOO CLOSELY,FOLLOWING TOO CLOSELY,0,0,0,0,14,4,4,1134,CICERO AVE,41.793488,-87.531114,04/27/2022 04:44:00 PM,2022
CR00035713,10/06/2024 08:54:00 AM,25,CLEAR,DARKNESS - LIGHTED ROAD,ANGLE,NOT DIVIDED,TRAFFIC SIGNAL,UNABLE TO DETERMINE,FAILING TO YIELD RIGHT-OF-WAY,0,0,0,0,8,1,10,1355,FULLERTON AVE,41.834183,-87.640368,10/06/2024 09:14:00 AM,2024
CR00035714,12/30/2019 04:02:00 PM,20,CLEAR,DAYLIGHT,TURNING,ONE-WAY,STOP SIGN/FLASHER,FOLLOWING TOO CLOSELY,FAILING TO REDUCE SPEED,0,0,0,0,16,2,12,2185,DAMEN AVE,41.721791,-87.672336,12/30/2019 04:39:00 PM,2019
CR00035715,06/17/2024 05:20:00 PM,15,RAIN,DAYLIGHT,REAR END,FOUR WAY,STOP SIGN/FLASHER,DRIVING SKILLS/KNOWLEDGE/EXPERIENCE,UNABLE TO DETERMINE,0,0,1,1,17,2,6,308,CICERO AVE,41.805117,-87.785495,06/17/2024 05:56:00 PM,2024