CRASH_RECORD_ID,CRASH_DATE,POSTED_SPEED_LIMIT,WEATHER_CONDITION,LIGHTING_CONDITION,FIRST_CRASH_TYPE,TRAFFICWAY_TYPE,TRAFFIC_CONTROL_DEVICE,PRIM_CONTRIBUTORY_CAUSE,SEC_CONTRIBUTORY_CAUSE,INJURIES_FATAL,INJURIES_INCAPACITATING,INJURIES_NON_INCAPACITATING,INJURIES_TOTAL,CRASH_HOUR,CRASH_DAY_OF_WEEK,CRASH_MONTH,BEAT_OF_OCCURRENCE,STREET_NAME,LATITUDE,LONGITUDE,DATE_POLICE_NOTIFIED,year
CR00035716,02/27/2017 08:59:00 AM,35,CLEAR,DAYLIGHT,REAR END,DIVIDED - W/MEDIAN (NOT RAISED),STOP SIGN/FLASHER,IMPROPER LANE USAGE,UNABLE TO DETERMINE,0,0,0,0,8,2,2,2303,HALSTED ST,41.760018,-87.572717,02/27/2017 09:16:00 AM,2017
CR00035717,03/08/2024 04:54:00 PM,30,CLEAR,DUSK,REAR END,FOUR WAY,TRAFFIC SIGNAL,DISREGARDING TRAFFIC SIGNALS,FOLLOWING TOO CLOSELY,0,0,1,1,16,6,3,152,LAKE SHORE DR,41.877353,-87.746922,03/08/2024 06:49:00 PM,2024
CR00035718,09/07/2016 10:59:00 AM,35,FOG/SMOKE/HAZE,DARKNESS,ANGLE,DIVIDED - W/MEDIAN (NOT RAISED),PEDESTRIAN CROSSING SIGN,UNABLE TO DETERMINE,NOT APPLICABLE,0,0,0,0,10,4,9,1875,63RD ST,41.967071,-87.763503,09/07/2016 12:56:00 PM,2016
CR00035719,04/19/2016 08:32:00 AM,35,CLEAR,DAYLIGHT,PEDESTRIAN,DIVIDED - W/MEDIAN BARRIER,TRAFFIC SIGNAL,UNABLE TO DETERMINE,WEATHER,0,0,0,0,8,3,4,1349,HALSTED ST,41.762132,-87.724487,04/19/2016 08:58:00 AM,2016
CR00035720,12/19/2021 07:36:00 PM,35,RAIN,DAYLIGHT,REAR TO FRONT,NOT DIVIDED,NO CONTROLS,IMPROPER LANE USAGE,DRIVING SKILLS/KNOWLEDGE/EXPERIENCE,0,0,0,0,19,1,12,1049,ROOSEVELT RD,41.761448,-87.702742,12/19/2021 09:18:00 PM,2021
CR00035721,07/30/2019 12:22:00 PM,30,CLEAR,DAYLIGHT,FIXED OBJECT,DIVIDED - W/MEDIAN (NOT RAISED),NO CONTROLS,DISTRACTION - FROM INSIDE VEHICLE,FAILING TO YIELD RIGHT-OF-WAY,0,0,0,0,12,3,7,2345,IRVING PARK RD,41.704399,-87.817852,07/30/2019 12:40:00 PM,2019
CR00035722,12/03/2023 03:35:00 PM,35,CLEAR,DARKNESS - LIGHTED ROAD,REAR END,FOUR WAY,TRAFFIC SIGNAL,IMPROPER LANE USAGE,WEATHER,0,0,0,0,15,1,12,1631,ROOSEVELT RD,41.936976,-87.541999,12/03/2023 03:45:00 PM,2023
CR00035723,03/12/2021 07:48:00 AM,20,CLEAR,DAYLIGHT,SIDESWIPE SAME DIRECTION,NOT DIVIDED,STOP SIGN/FLASHER,FAILING TO YIELD RIGHT-OF-WAY,FOLLOWING TOO CLOSELY,0,0,3,3,7,6,3,731,FULLERTON AVE,41.926623,-87.584699,03/12/2021 08:17:00 AM,2021
CR00035724,02/23/2015 06:10:00 PM,35,CLEAR,DARKNESS - LIGHTED ROAD,REAR TO FRONT,NOT DIVIDED,TRAFFIC SIGNAL,FOLLOWING TOO CLOSELY,IMPROPER OVERTAKING/PASSING,0,0,0,0,18,2,2,1557,PULASKI RD,41.827176,-87.73776,02/23/2015 06:30:00 PM,2015
CR00035725,06/30/2017 04:54:00 PM,30,SNOW,DAYLIGHT,REAR END,NOT DIVIDED,STOP SIGN/FLASHER,FOLLOWING TOO CLOSELY,NOT APPLICABLE,0,0,0,0,16,6,6,2244,CALIFORNIA AVE,41.935666,-87.526011,06/30/2017 05:26:00 PM,2017
CR00035726,05/22/2024 07:24:00 AM,35,CLOUDY/OVERCAST,DAYLIGHT,FIXED OBJECT,FOUR WAY,TRAFFIC SIGNAL,UNABLE TO DETERMINE,DISTRACTION - FROM INSIDE VEHICLE,0,0,0,0,7,4,5,2229,ASHLAND AVE,41.748102,-87.765538,05/22/2024 07:48:00 AM,2024
CR00035727,10/29/2020 10:54:00 AM,30,CLEAR,DAYLIGHT,REAR END,NOT DIVIDED,NO CONTROLS,FOLLOWING TOO CLOSELY,UNABLE TO DETERMINE,0,1,1,2,10,5,10,771,79TH ST,41.773766,-87.653649,10/29/2020 12:51:00 PM,2020
CR00035728,02/17/2016 03:13:00 PM,35,CLEAR,DAYLIGHT,TURNING,FOUR WAY,TRAFFIC SIGNAL,FAILING TO YIELD RIGHT-OF-WAY,FAILING TO YIELD RIGHT-OF-WAY,0,1,2,3,15,4,2,777,KEDZIE AVE,41.751991,-87.681465,02/17/2016 04:43:00 PM,2016
CR00035729,11/13/2021 10:38:00 PM,35,CLEAR,DARKNESS - LIGHTED ROAD,FIXED OBJECT,ONE-WAY,NO CONTROLS,UNABLE TO DETERMINE,DISREGARDING TRAFFIC SIGNALS,0,0,0,0,22,7,11,207,STONY ISLAND AVE,41.724538,-87.697356,11/13/2021 10:48:00 PM,2021
CR00035730,02/22/2016 08:11:00 AM,20,FREEZING RAIN/DRIZZLE,DAYLIGHT,TURNING,T-INTERSECTION,TRAFFIC SIGNAL,UNABLE TO DETERMINE,IMPROPER LANE USAGE,0,0,0,0,8,2,2,234,DIVISION ST,41.96915,-87.688664,02/22/2016 08:53:00 AM,2016
CR00035731,10/18/2015 03:40:00 PM,20,FOG/SMOKE/HAZE,DAYLIGHT,TURNING,NOT DIVIDED,PEDESTRIAN CROSSING SIGN,UNABLE TO DETERMINE,UNABLE TO DETERMINE,0,0,0,0,15,1,10,2529,LAKE SHORE DR,41.914622,-87.767277,10/18/2015 04:47:00 PM,2015
CR00035732,11/16/2016 06:06:00 AM,30,CLEAR,DAYLIGHT,TURNING,ONE-WAY,UNKNOWN,WEATHER,UNABLE TO DETERMINE,0,0,0,0,6,4,11,479,ROOSEVELT RD,41.807524,-87.776429,11/16/2016 07:39:00 AM,2016
CR00035733,12/17/2021 03:55:00 PM,15,CLEAR,DARKNESS,REAR END,DIVIDED - W/MEDIAN BARRIER,STOP SIGN/FLASHER,UNABLE TO DETERMINE,IMPROPER OVERTAKING/PASSING,0,0,0,0,15,6,12,1022,CICERO AVE,41.72242,-87.796535,12/17/2021 04:45:00 PM,2021
CR00035734,03/08/2021 12:31:00 PM,40,CLOUDY/OVERCAST,DARKNESS - LIGHTED ROAD,TURNING,ONE-WAY,NO CONTROLS,FAILING TO REDUCE SPEED,UNABLE TO DETERMINE,0,0,0,0,12,2,3,580,CLARK ST,41.992438,-87.610029,03/08/2021 12:50:00 PM,2021
CR00035735,09/08/2016 06:10:00 PM,35,CLEAR,DUSK,SIDESWIPE SAME DIRECTION,FOUR WAY,STOP SIGN/FLASHER,IMPROPER LANE USAGE,NOT APPLICABLE,0,0,0,0,18,5,9,1422,ELSTON AVE,41.999777,-87.557087,09/08/2016 06:48:00 PM,2016
CR00035736,06/08/2024 09:37:00 PM,20,CLOUDY/OVERCAST,DARKNESS,REAR END,NOT DIVIDED,STOP SIGN/FLASHER,DRIVING SKILLS/KNOWLEDGE/EXPERIENCE,DISREGARDING TRAFFIC SIGNALS,0,0,0,0,21,7,6,233,CICERO AVE,41.965977,-87.609486,06/08/2024 09:53:00 PM,2024
CR00035737,04/05/2024 03:30:00 PM,40,CLOUDY/OVERCAST,DARKNESS - LIGHTED ROAD,ANGLE,ONE-WAY,NO CONTROLS,IMPROPER LANE USAGE,IMPROPER OVERTAKING/PASSING,0,0,0,0,15,6,4,395,FULLERTON AVE,41.740103,-87.715629,04/05/2024 04:07:00 PM,2024
CR00035738,03/26/2022 05:02:00 PM,40,CLEAR,DUSK,REAR END,FOUR WAY,UNKNOWN,IMPROPER OVERTAKING/PASSING,FAILING TO YIELD RIGHT-OF-WAY,0,0,0,0,17,7,3,1742,STONY ISLAND AVE,41.986227,-87.833765,03/26/2022 05:23:00 PM,2022
CR00035739,11/24/2020 02:35:00 PM,35,CLEAR,DAYLIGHT,TURNING,DIVIDED - W/MEDIAN BARRIER,NO CONTROLS,FAILING TO YIELD RIGHT-OF-WAY,UNABLE TO DETERMINE,0,0,1,1,14,3,11,455,MICHIGAN AVE,41.755887,-87.717329,11/24/2020 03:56:00 PM,2020
CR00035740,02/11/2018 10:03:00 AM,30,CLEAR,DAYLIGHT,FIXED OBJECT,DIVIDED - W/MEDIAN (NOT RAISED),YIELD,IMPROPER OVERTAKING/PASSING,DISTRACTION - FROM INSIDE VEHICLE,0,0,0,0,10,1,2,2429,MILWAUKEE AVE,41.87354,-87.64601,02/11/2018 10:42:00 AM,2018
CR00035741,12/01/2024 09:38:00 AM,45,CLEAR,DAYLIGHT,ANGLE,NOT DIVIDED,NO CONTROLS,FAILING TO YIELD RIGHT-OF-WAY,FOLLOWING TOO CLOSELY,0,0,0,0,9,1,12,1381,CLARK ST,41.856695,-87.81171,12/01/2024 09:39:00 AM,2024
CR00035742,08/02/2023 12:15:00 PM,35,CLEAR,DAYLIGHT,REAR END,DIVIDED - W/MEDIAN (NOT RAISED),TRAFFIC SIGNAL,DISTRACTION - FROM INSIDE VEHICLE,UNABLE TO DETERMINE,0,0,0,0,12,4,8,915,MILWAUKEE AVE,41.790905,-87.820369,08/02/2023 12:24:00 PM,2023
CR00035743,02/06/2019 08:17:00 PM,45,CLEAR,DAYLIGHT,ANGLE,DIVIDED - W/MEDIAN (NOT RAISED),STOP SIGN/FLASHER,DISREGARDING TRAFFIC SIGNALS,FAILING TO YIELD RIGHT-OF-WAY,0,0,0,0,20,4,2,2481,MICHIGAN AVE,41.829182,-87.57216,02/06/2019 09:06:00 PM,2019
CR00035744,04/03/2018 03:30:00 AM,15,CLEAR,DAYLIGHT,REAR END,DIVIDED - W/MEDIAN (NOT RAISED),NO CONTROLS,DRIVING SKILLS/KNOWLEDGE/EXPERIENCE,NOT APPLICABLE,0,1,1,2,3,3,4,1450,HALSTED ST,41.784415,-87.57319,04/03/2018 03:47:00 AM,2018
CR00035745,03/01/2022 02:14:00 PM,35,CLEAR,DARKNESS - LIGHTED ROAD,PARKED MOTOR VEHICLE,NOT DIVIDED,NO CONTROLS,FOLLOWING TOO CLOSELY,IMPROPER OVERTAKING/PASSING,0,0,0,0,14,3,3,101,ARCHER AVE,41.740704,-87.636381,03/01/2022 03:45:00 PM,2022
CR00035746,06/14/2024 11:18:00 PM,45,CLEAR,DARKNESS - LIGHTED ROAD,REAR END,NOT DIVIDED,NO CONTROLS,FAILING TO YIELD RIGHT-OF-WAY,DISTRACTION - FROM INSIDE VEHICLE,0,1,2,3,23,6,6,1219,PULASKI RD,41.829476,-87.536971,06/15/2024 01:12:00 AM,2024
CR00035747,10/27/2022 04:57:00 PM,35,CLEAR,DAYLIGHT,SIDESWIPE SAME DIRECTION,FOUR WAY,NO CONTROLS,FAILING TO REDUCE SPEED,NOT APPLICABLE,0,0,1,1,16,5,10,1224,BROADWAY,41.812311,-87.846738,10/27/2022 06:13:00 PM,2022
CR00035748,12/12/2020 09:44:00 AM,25,CLEAR,DAYLIGHT,REAR END,NOT DIVIDED,NO CONTROLS,FAILING TO REDUCE SPEED,UNABLE TO DETERMINE,0,0,1,1,9,7,12,245,HALSTED ST,41.859934,-87.825705,12/12/2020 10:44:00 AM,2020
CR00035749,10/10/2015 08:49:00 AM,30,CLEAR,DAYLIGHT,SIDESWIPE SAME DIRECTION,ONE-WAY,UNKNOWN,UNABLE TO DETERMINE,IMPROPER OVERTAKING/PASSING,0,0,0,0,8,7,10,1841,FULLERTON AVE,41.830907,-87.722335,10/10/2015 09:43:00 AM,2015
CR00035750,05/25/2024 06:12:00 PM,20,CLEAR,DAYLIGHT,FIXED OBJECT,T-INTERSECTION,TRAFFIC SIGNAL,FOLLOWING TOO CLOSELY,FOLLOWING TOO CLOSELY,0,0,0,0,18,7,5,1826,STONY ISLAND AVE,41.823644,-87.778259,05/25/2024 07:06:00 PM,2024
CR00035751,08/18/2017 01:16:00 AM,45,CLEAR,DAYLIGHT,TURNING,DIVIDED - W/MEDIAN (NOT RAISED),TRAFFIC SIGNAL,DISTRACTION - FROM INSIDE VEHICLE,IMPROPER LANE USAGE,0,0,0,0,1,6,8,2338,OGDEN AVE,41.887317,-87.774453,08/18/2017 01:38:00 AM,2017
CR00035752,06/12/2016 06:59:00 PM,20,CLEAR,DARKNESS - LIGHTED ROAD,FIXED OBJECT,NOT DIVIDED,UNKNOWN,UNABLE TO DETERMINE,NOT APPLICABLE,0,0,1,1,18,1,6,572,CICERO AVE,41.802324,-87.802419,06/12/2016 08:39:00 PM,2016
CR00035753,11/05/2021 08:20:00 PM,15,CLEAR,DAYLIGHT,SIDESWIPE SAME DIRECTION,NOT DIVIDED,STOP SIGN/FLASHER,IMPROPER LANE USAGE,UNABLE TO DETERMINE,0,0,0,0,20,6,11,2286,KEDZIE AVE,41.735316,-87.612413,11/05/2021 10:06:00 PM,2021
CR00035754,09/13/2019 08:14:00 AM,20,CLEAR,DARKNESS - LIGHTED ROAD,TURNING,FOUR WAY,YIELD,UNABLE TO DETERMINE,FOLLOWING TOO CLOSELY,0,0,0,0,8,6,9,1321,STATE ST,41.998292,-87.662803,09/13/2019 10:03:00 AM,2019
CR00035755,04/27/2022 08:06:00 PM,45,RAIN,DARKNESS - LIGHTED ROAD,REAR END,NOT DIVIDED,NO CONTROLS,UNABLE TO DETERMINE,FOLLOWING TOO CLOSELY,0,0,0,0,20,4,4,995,IRVING PARK RD,41.794455,-87.753371,04/27/2022 08:33:00 PM,2022
CR00035756,06/26/2021 02:18:00 PM,35,RAIN,DARKNESS,SIDESWIPE SAME DIRECTION,ONE-WAY,STOP SIGN/FLASHER,FOLLOWING TOO CLOSELY,UNABLE TO DETERMINE,0,0,0,0,14,7,6,355,LAKE SHORE DR,41.940621,-87.772055,06/26/2021 02:56:00 PM,2021
CR00035757,01/26/2024 02:44:00 PM,30,RAIN,DAYLIGHT,REAR TO FRONT,ONE-WAY,NO CONTROLS,UNABLE TO DETERMINE,UNABLE TO DETERMINE,0,0,0,0,14,6,1,1484,ARCHER AVE,41.818776,-87.538604,01/26/2024 03:04:00 PM,2024
CR00035758,12/05/2019 06:29:00 PM,30,CLEAR,DAYLIGHT,REAR END,ONE-WAY,NO CONTROLS,DRIVING SKILLS/KNOWLEDGE/EXPERIENCE,IMPROPER OVERTAKING/PASSING,0,0,0,0,18,5,12,1304,DIVISION ST,41.754,-87.735731,12/05/2019 07:12:00 PM,2019
CR00035759,11/02/2024 04:52:00 PM,40,CLEAR,DARKNESS,TURNING,FOUR WAY,TRAFFIC SIGNAL,UNABLE TO DETERMINE,UNABLE TO DETERMINE,0,0,2,2,16,7,11,397,MILWAUKEE AVE,41.937836,-87.837023,11/02/2024 05:41:00 PM,2024
CR00035760,07/21/2020 04:19:00 PM,20,CLEAR,DARKNESS,SIDESWIPE SAME DIRECTION,NOT DIVIDED,TRAFFIC SIGNAL,DRIVING SKILLS/KNOWLEDGE/EXPERIENCE,FAILING TO REDUCE SPEED,0,0,0,0,16,3,7,1019,MILWAUKEE AVE,41.996376,-87.625119,07/21/2020 04:23:00 PM,2020
CR00035761,08/18/2023 08:38:00 PM,20,CLOUDY/OVERCAST,DUSK,ANGLE,NOT DIVIDED,TRAFFIC SIGNAL,UNABLE TO DETERMINE,FOLLOWING TOO CLOSELY,0,0,0,0,20,6,8,2284,KEDZIE AVE,41.948794,-87.730278,08/18/2023 09:49:00 PM,2023
CR00035762,08/04/2020 07:17:00 PM,15,CLEAR,DAYLIGHT,REAR TO FRONT,NOT DIVIDED,TRAFFIC SIGNAL,FAILING TO REDUCE SPEED,FOLLOWING TOO CLOSELY,0,0,0,0,19,3,8,632,BROADWAY,41.788855,-87.638154,08/04/2020 09:09:00 PM,2020
CR00035763,03/07/2019 06:42:00 PM,30,CLEAR,DAYLIGHT,REAR END,FOUR WAY,TRAFFIC SIGNAL,DISREGARDING TRAFFIC SIGNALS,NOT APPLICABLE,0,0,1,1,18,5,3,2458,IRVING PARK RD,41.744637,-87.665067,03/07/2019 08:01:00 PM,2019
CR00035764,07/22/2017 08:14:00 PM,30,CLEAR,DARKNESS - LIGHTED ROAD,SIDESWIPE SAME DIRECTION,NOT DIVIDED,TRAFFIC SIGNAL,DISREGARDING TRAFFIC SIGNALS,NOT APPLICABLE,0,0,3,3,20,7,7,2509,BROADWAY,41.784733,-87.581647,07/22/2017 09:42:00 PM,2017
CR00035765,09/30/2018 05:10:00 PM,30,CLEAR,DAYLIGHT,FIXED OBJECT,NOT DIVIDED,TRAFFIC SIGNAL,FAILING TO REDUCE SPEED,NOT APPLICABLE,0,0,0,0,17,1,9,1731,STONY ISLAND AVE,41.942917,-87.834664,09/30/2018 06:58:00 PM,2018
CR00035766,03/18/2024 05:29:00 AM,35,CLOUDY/OVERCAST,DARKNESS - LIGHTED ROAD,REAR END,NOT DIVIDED,NO CONTROLS,FAILING TO YIELD RIGHT-OF-WAY,FAILING TO YIELD RIGHT-OF-WAY,0,0,0,0,5,2,3,2135,PULASKI RD,41.899061,-87.63791,03/18/2024 06:52:00 AM,2024
CR00035767,04/04/2017 08:26:00 AM,30,SNOW,DAYLIGHT,ANGLE,NOT DIVIDED,TRAFFIC SIGNAL,UNABLE TO DETERMINE,NOT APPLICABLE,0,0,0,0,8,3,4,128,PULASKI RD,41.770889,-87.845143,04/04/2017 08:41:00 AM,2017
CR00035768,06/13/2016 08:37:00 AM,40,CLEAR,DAYLIGHT,SIDESWIPE SAME DIRECTION,NOT DIVIDED,NO CONTROLS,UNABLE TO DETERMINE,UNABLE TO DETERMINE,0,0,1,1,8,2,6,981,DIVISION ST,41.931603,-87.680349,06/13/2016 08:41:00 AM,2016
CR00035769,03/08/2018 02:19:00 PM,15,CLEAR,DAYLIGHT,REAR END,NOT DIVIDED,NO CONTROLS,WEATHER,NOT APPLICABLE,0,0,0,0,14,5,3,1005,HALSTED ST,41.991857,-87.583771,03/08/2018 04:00:00 PM,2018
CR00035770,07/10/2017 06:58:00 PM,20,CLEAR,DAYLIGHT,TURNING,NOT DIVIDED,NO CONTROLS,IMPROPER OVERTAKING/PASSING,IMPROPER OVERTAKING/PASSING,0,0,0,0,18,2,7,969,79TH ST,41.708634,-87.520403,07/10/2017 08:56:00 PM,2017
CR00035771,01/27/2024 08:19:00 PM,40,RAIN,DARKNESS,REAR END,NOT DIVIDED,TRAFFIC SIGNAL,UNABLE TO DETERMINE,IMPROPER OVERTAKING/PASSING,0,0,0,0,20,7,1,1733,LAKE SHORE DR,41.909993,-87.541564,01/27/2024 09:08:00 PM,2024
CR00035772,10/27/2022 03:54:00 PM,35,CLEAR,DAYLIGHT,PARKED MOTOR VEHICLE,ONE-WAY,TRAFFIC SIGNAL,UNABLE TO DETERMINE,DISTRACTION - FROM INSIDE VEHICLE,0,0,0,0,15,5,10,2443,CICERO AVE,41.905373,-87.564885,10/27/2022 05:01:00 PM,2022
CR00035773,12/16/2019 01:09:00 PM,20,CLEAR,DAYLIGHT,REAR END,NOT DIVIDED,TRAFFIC SIGNAL,UNABLE TO DETERMINE,UNABLE TO DETERMINE,0,0,2,2,13,2,12,2389,WESTERN AVE,41.851705,-87.811091,12/16/2019 02:37:00 PM,2019
CR00035774,08/09/2023 02:42:00 PM,40,CLEAR,DAYLIGHT,TURNING,DIVIDED - W/MEDIAN (NOT RAISED),STOP SIGN/FLASHER,DISTRACTION - FROM INSIDE VEHICLE,UNABLE TO DETERMINE,0,0,2,2,14,4,8,1247,CICERO AVE,41.926631,-87.531954,08/09/2023 03:25:00 PM,2023
CR00035775,07/17/2018 04:06:00 PM,35,RAIN,DAYLIGHT,PARKED MOTOR VEHICLE,ONE-WAY,TRAFFIC SIGNAL,FOLLOWING TOO CLOSELY,IMPROPER OVERTAKING/PASSING,0,0,0,0,16,3,7,1300,CICERO AVE,41.743374,-87.54403,07/17/2018 05:08:00 PM,2018
CR00035776,09/20/2022 09:58:00 PM,30,CLEAR,DUSK,PEDESTRIAN,NOT DIVIDED,UNKNOWN,UNABLE TO DETERMINE,DISREGARDING TRAFFIC SIGNALS,0,0,0,0,21,3,9,2397,STATE ST,41.752963,-87.520758,09/20/2022 11:06:00 PM,2022
CR00035777,12/22/2018 08:46:00 AM,20,RAIN,DARKNESS - LIGHTED ROAD,REAR END,DIVIDED - W/MEDIAN (NOT RAISED),TRAFFIC SIGNAL,DRIVING SKILLS/KNOWLEDGE/EXPERIENCE,FAILING TO REDUCE SPEED,0,0,0,0,8,7,12,708,DAMEN AVE,41.834882,-87.842858,12/22/2018 10:28:00 AM,2018
CR00035778,10/18/2017 09:21:00 AM,35,CLEAR,DARKNESS - LIGHTED ROAD,SIDESWIPE SAME DIRECTION,NOT DIVIDED,NO CONTROLS,DISTRACTION - FROM INSIDE VEHICLE,UNABLE TO DETERMINE,0,0,0,0,9,4,10,2059,HALSTED ST,41.977316,-87.754688,10/18/2017 10:49:00 AM,2017
CR00035779,08/28/2015 09:27:00 AM,35,CLEAR,DARKNESS - LIGHTED ROAD,ANGLE,NOT DIVIDED,TRAFFIC SIGNAL,FOLLOWING TOO CLOSELY,FOLLOWING TOO CLOSELY,0,0,0,0,9,6,8,2271,DAMEN AVE,41.710048,-87.810898,08/28/2015 11:15:00 AM,2015
CR00035780,10/19/2020 04:24:00 AM,40,CLEAR,DAYLIGHT,TURNING,ONE-WAY,STOP SIGN/FLASHER,UNABLE TO DETERMINE,FAILING TO YIELD RIGHT-OF-WAY,0,2,3,5,4,2,10,1146,ELSTON AVE,41.93424,-87.714391,10/19/2020 04:47:00 AM,2020
CR00035781,04/14/2016 07:16:00 AM,40,CLEAR,DARKNESS - LIGHTED ROAD,TURNING,NOT DIVIDED,TRAFFIC SIGNAL,DRIVING SKILLS/KNOWLEDGE/EXPERIENCE,UNABLE TO DETERMINE,0,0,0,0,7,5,4,376,IRVING PARK RD,41.83041,-87.724211,04/14/2016 08:21:00 AM,2016
CR00035782,06/28/2019 07:47:00 AM,25,CLEAR,DAYLIGHT,ANGLE,ONE-WAY,YIELD,FOLLOWING TOO CLOSELY,FOLLOWING TOO CLOSELY,0,0,0,0,7,6,6,1494,MICHIGAN AVE,41.807099,-87.844492,06/28/2019 09:42:00 AM,2019
CR00035783,05/08/2015 02:14:00 PM,30,CLOUDY/OVERCAST,DAYLIGHT,REAR END,FOUR WAY,TRAFFIC SIGNAL,DISTRACTION - FROM INSIDE VEHICLE,UNABLE TO DETERMINE,0,0,0,0,14,6,5,1165,ELSTON AVE,41.749488,-87.640752,05/08/2015 02:35:00 PM,2015
CR00035784,12/31/2016 03:48:00 PM,15,CLEAR,DARKNESS - LIGHTED ROAD,TURNING,NOT DIVIDED,TRAFFIC SIGNAL,UNABLE TO DETERMINE,FAILING TO REDUCE SPEED,0,0,0,0,15,7,12,1531,KEDZIE AVE,41.91573,-87.588563,12/31/2016 05:38:00 PM,2016
CR00035785,02/27/2023 09:46:00 AM,20,CLEAR,DARKNESS,REAR END,NOT DIVIDED,NO CONTROLS,FOLLOWING TOO CLOSELY,IMPROPER OVERTAKING/PASSING,0,0,0,0,9,2,2,2059,79TH ST,41.753541,-87.50051,02/27/2023 10:44:00 AM,2023
CR00035786,04/17/2017 10:05:00 AM,30,CLEAR,DUSK,ANGLE,DIVIDED - W/MEDIAN (NOT RAISED),NO CONTROLS,DISTRACTION - FROM INSIDE VEHICLE,UNABLE TO DETERMINE,0,0,0,0,10,2,4,1863,ROOSEVELT RD,41.85916,-87.554593,04/17/2017 11:19:00 AM,2017
CR00035787,06/01/2023 04:31:00 AM,35,CLEAR,DAYLIGHT,TURNING,DIVIDED - W/MEDIAN BARRIER,TRAFFIC SIGNAL,FOLLOWING TOO CLOSELY,UNABLE TO DETERMINE,0,0,0,0,4,5,6,2044,MICHIGAN AVE,41.702672,-87.550323,06/01/2023 04:58:00 AM,2023
CR00035788,10/30/2024 07:27:00 AM,30,CLEAR,DAYLIGHT,REAR END,FOUR WAY,NO CONTROLS,IMPROPER LANE USAGE,UNABLE TO DETERMINE,0,0,1,1,7,4,10,2256,DAMEN AVE,41.701324,-87.731919,10/30/2024 08:37:00 AM,2024
CR00035789,08/22/2022 11:09:00 AM,20,CLEAR,DAYLIGHT,FIXED OBJECT,NOT DIVIDED,NO CONTROLS,FAILING TO REDUCE SPEED,UNABLE TO DETERMINE,0,0,0,0,11,2,8,1453,ARCHER AVE,41.885738,-87.563104,08/22/2022 01:02:00 PM,2022
CR00035790,07/08/2024 09:03:00 AM,30,FOG/SMOKE/HAZE,DAYLIGHT,REAR END,DIVIDED - W/MEDIAN (NOT RAISED),TRAFFIC SIGNAL,UNABLE TO DETERMINE,FOLLOWING TOO CLOSELY,0,0,0,0,9,2,7,192,ELSTON AVE,41.925891,-87.579047,07/08/2024 10:08:00 AM,2024
CR00035791,10/17/2021 03:42:00 PM,20,CLEAR,DAYLIGHT,SIDESWIPE SAME DIRECTION,NOT DIVIDED,STOP SIGN/FLASHER,FOLLOWING TOO CLOSELY,IMPROPER LANE USAGE,0,0,0,0,15,1,10,259,STONY ISLAND AVE,41.721977,-87.701102,10/17/2021 05:02:00 PM,2021
CR00035792,08/16/2015 11:39:00 AM,45,RAIN,DAYLIGHT,FIXED OBJECT,NOT DIVIDED,UNKNOWN,FOLLOWING TOO CLOSELY,FOLLOWING TOO CLOSELY,0,0,0,0,11,1,8,1535,CALIFORNIA AVE,41.717222,-87.800325,08/16/2015 01:01:00 PM,2015
CR00035793,04/11/2017 09:07:00 AM,40,CLEAR,DAYLIGHT,REAR END,NOT DIVIDED,TRAFFIC SIGNAL,DRIVING SKILLS/KNOWLEDGE/EXPERIENCE,FAILING TO YIELD RIGHT-OF-WAY,0,0,2,2,9,3,4,643,63RD ST,41.979136,-87.823653,04/11/2017 10:53:00 AM,2017
CR00035794,08/30/2021 09:56:00 AM,45,CLEAR,DAYLIGHT,TURNING,NOT DIVIDED,UNKNOWN,FAILING TO YIELD RIGHT-OF-WAY,FOLLOWING TOO CLOSELY,0,0,0,0,9,2,8,1976,ELSTON AVE,41.897194,-87.56331,08/30/2021 11:44:00 AM,2021
CR00035795,06/21/2022 04:16:00 PM,40,CLEAR,DAYLIGHT,ANGLE,NOT DIVIDED,NO CONTROLS,FAILING TO REDUCE SPEED,FOLLOWING TOO CLOSELY,0,0,1,1,16,3,6,1917,ROOSEVELT RD,41.768605,-87.578029,06/21/2022 04:44:00 PM,2022
CR00035796,08/22/2017 09:28:00 AM,20,CLEAR,DAYLIGHT,FIXED OBJECT,NOT DIVIDED,STOP SIGN/FLASHER,UNABLE TO DETERMINE,IMPROPER OVERTAKING/PASSING,0,0,0,0,9,3,8,376,STATE ST,41.845924,-87.524366,08/22/2017 11:05:00 AM,2017
CR00035797,06/02/2021 06:10:00 PM,30,CLEAR,DAYLIGHT,TURNING,NOT DIVIDED,NO CONTROLS,FAILING TO YIELD RIGHT-OF-WAY,FAILING TO YIELD RIGHT-OF-WAY,0,0,0,0,18,4,6,1469,DAMEN AVE,41.720537,-87.716861,06/02/2021 07:48:00 PM,2021
CR00035798,03/03/2024 05:13:00 PM,30,FREEZING RAIN/DRIZZLE,DARKNESS - LIGHTED ROAD,REAR END,NOT DIVIDED,TRAFFIC SIGNAL,IMPROPER LANE USAGE,NOT APPLICABLE,0,0,0,0,17,1,3,2008,BROADWAY,41.970638,-87.694193,03/03/2024 07:04:00 PM,2024