CRASH_RECORD_ID,CRASH_DATE,POSTED_SPEED_LIMIT,WEATHER_CONDITION,LIGHTING_CONDITION,FIRST_CRASH_TYPE,TRAFFICWAY_TYPE,TRAFFIC_CONTROL_DEVICE,PRIM_CONTRIBUTORY_CAUSE,SEC_CONTRIBUTORY_CAUSE,INJURIES_FATAL,INJURIES_INCAPACITATING,INJURIES_NON_INCAPACITATING,INJURIES_TOTAL,CRASH_HOUR,CRASH_DAY_OF_WEEK,CRASH_MONTH,BEAT_OF_OCCURRENCE,STREET_NAME,LATITUDE,LONGITUDE,DATE_POLICE_NOTIFIED,year
CR00035799,05/20/2021 04:50:00 PM,30,CLOUDY/OVERCAST,DARKNESS - LIGHTED ROAD,PARKED MOTOR VEHICLE,NOT DIVIDED,STOP SIGN/FLASHER,UNABLE TO DETERMINE,NOT APPLICABLE,0,0,0,0,16,5,5,1218,IRVING PARK RD,41.710811,-87.797414,05/20/2021 04:51:00 PM,2021
CR00035800,07/19/2020 12:09:00 PM,35,CLEAR,DARKNESS,SIDESWIPE SAME DIRECTION,DIVIDED - W/MEDIAN BARRIER,UNKNOWN,DISTRACTION - FROM INSIDE VEHICLE,WEATHER,0,0,0,0,12,1,7,250,HALSTED ST,41.921384,-87.500199,07/19/2020 01:49:00 PM,2020
CR00035801,04/13/2020 09:44:00 AM,20,CLEAR,DAYLIGHT,REAR TO FRONT,NOT DIVIDED,NO CONTROLS,FAILING TO REDUCE SPEED,IMPROPER OVERTAKING/PASSING,0,0,0,0,9,2,4,612,MILWAUKEE AVE,41.780496,-87.726814,04/13/2020 11:00:00 AM,2020
CR00035802,05/05/2024 06:49:00 PM,30,CLOUDY/OVERCAST,DAYLIGHT,ANGLE,ONE-WAY,STOP SIGN/FLASHER,UNABLE TO DETERMINE,FAILING TO YIELD RIGHT-OF-WAY,0,0,0,0,18,1,5,1530,HALSTED ST,41.923864,-87.676476,05/05/2024 06:51:00 PM,2024
CR00035803,06/20/2021 07:37:00 PM,30,FREEZING RAIN/DRIZZLE,DAYLIGHT,REAR END,NOT DIVIDED,NO CONTROLS,DISTRACTION - FROM INSIDE VEHICLE,UNABLE TO DETERMINE,0,0,0,0,19,1,6,2190,CLARK ST,41.733058,-87.597515,06/20/2021 09:00:00 PM,2021
CR00035804,04/03/2017 01:27:00 PM,35,CLEAR,DARKNESS - LIGHTED ROAD,REAR END,FOUR WAY,STOP SIGN/FLASHER,UNABLE TO DETERMINE,NOT APPLICABLE,0,0,0,0,13,2,4,1572,79TH ST,41.808729,-87.653551,04/03/2017 02:59:00 PM,2017
CR00035805,08/22/2022 02:33:00 PM,15,CLEAR,DARKNESS - LIGHTED ROAD,PARKED MOTOR VEHICLE,NOT DIVIDED,UNKNOWN,FOLLOWING TOO CLOSELY,UNABLE TO DETERMINE,0,0,0,0,14,2,8,1509,MILWAUKEE AVE,41.898539,-87.747468,08/22/2022 03:28:00 PM,2022
CR00035806,09/24/2020 11:38:00 AM,30,CLEAR,DARKNESS - LIGHTED ROAD,ANGLE,DIVIDED - W/MEDIAN (NOT RAISED),NO CONTROLS,FOLLOWING TOO CLOSELY,FOLLOWING TOO CLOSELY,0,0,0,0,11,5,9,259,OGDEN AVE,41.87092,-87.715424,09/24/2020 01:19:00 PM,2020
CR00035807,05/01/2022 03:11:00 AM,35,RAIN,DARKNESS - LIGHTED ROAD,ANGLE,NOT DIVIDED,NO CONTROLS,DRIVING SKILLS/KNOWLEDGE/EXPERIENCE,DISTRACTION - FROM INSIDE VEHICLE,0,0,0,0,3,1,5,1229,CLARK ST,41.734004,-87.524589,05/01/2022 05:00:00 AM,2022
CR00035808,04/28/2021 03:46:00 PM,30,CLEAR,DAYLIGHT,REAR END,NOT DIVIDED,YIELD,FOLLOWING TOO CLOSELY,IMPROPER LANE USAGE,0,0,0,0,15,4,4,2061,WESTERN AVE,41.800222,-87.537629,04/28/2021 05:27:00 PM,2021
CR00035809,01/26/2016 09:07:00 AM,35,CLEAR,DARKNESS - LIGHTED ROAD,TURNING,NOT DIVIDED,STOP SIGN/FLASHER,DISREGARDING TRAFFIC SIGNALS,FOLLOWING TOO CLOSELY,0,0,0,0,9,3,1,622,LAKE SHORE DR,41.883571,-87.829642,01/26/2016 09:51:00 AM,2016
CR00035810,09/29/2016 05:14:00 PM,30,CLEAR,DARKNESS,ANGLE,FOUR WAY,TRAFFIC SIGNAL,FAILING TO YIELD RIGHT-OF-WAY,UNABLE TO DETERMINE,0,0,0,0,17,5,9,2417,STONY ISLAND AVE,41.742953,-87.693304,09/29/2016 05:29:00 PM,2016
CR00035811,12/24/2023 01:30:00 AM,20,CLEAR,DAYLIGHT,ANGLE,ONE-WAY,TRAFFIC SIGNAL,IMPROPER LANE USAGE,FOLLOWING TOO CLOSELY,0,0,0,0,1,1,12,1728,CLARK ST,41.773718,-87.607024,12/24/2023 02:33:00 AM,2023
CR00035812,06/06/2020 12:48:00 AM,25,RAIN,DAYLIGHT,REAR END,DIVIDED - W/MEDIAN BARRIER,NO CONTROLS,UNABLE TO DETERMINE,FOLLOWING TOO CLOSELY,0,0,0,0,0,7,6,1125,DIVISION ST,41.869684,-87.642314,06/06/2020 02:08:00 AM,2020
CR00035813,06/09/2024 05:22:00 AM,30,CLEAR,DAYLIGHT,PEDESTRIAN,NOT DIVIDED,NO CONTROLS,FOLLOWING TOO CLOSELY,NOT APPLICABLE,0,0,0,0,5,1,6,2015,KEDZIE AVE,41.83415,-87.684558,06/09/2024 06:06:00 AM,2024
CR00035814,02/26/2020 05:08:00 AM,30,SNOW,DAYLIGHT,REAR END,DIVIDED - W/MEDIAN (NOT RAISED),TRAFFIC SIGNAL,FAILING TO YIELD RIGHT-OF-WAY,DRIVING SKILLS/KNOWLEDGE/EXPERIENCE,0,0,1,1,5,4,2,559,BROADWAY,41.725898,-87.617695,02/26/2020 06:27:00 AM,2020
CR00035815,12/27/2016 02:58:00 PM,35,CLEAR,DAYLIGHT,REAR END,DIVIDED - W/MEDIAN (NOT RAISED),NO CONTROLS,IMPROPER LANE USAGE,DISTRACTION - FROM INSIDE VEHICLE,0,0,0,0,14,3,12,2279,79TH ST,41.757549,-87.837081,12/27/2016 04:36:00 PM,2016
CR00035816,08/28/2017 03:16:00 PM,35,CLEAR,DAYLIGHT,REAR TO FRONT,NOT DIVIDED,NO CONTROLS,FAILING TO YIELD RIGHT-OF-WAY,IMPROPER OVERTAKING/PASSING,0,0,1,1,15,2,8,2146,BROADWAY,41.851687,-87.64095,08/28/2017 03:55:00 PM,2017
CR00035817,07/17/2015 05:41:00 PM,30,CLEAR,DAYLIGHT,SIDESWIPE SAME DIRECTION,ONE-WAY,TRAFFIC SIGNAL,UNABLE TO DETERMINE,IMPROPER LANE USAGE,0,0,1,1,17,6,7,343,PULASKI RD,41.996539,-87.759529,07/17/2015 06:22:00 PM,2015
CR00035818,06/29/2016 09:23:00 AM,30,CLEAR,DAYLIGHT,REAR END,NOT DIVIDED,STOP SIGN/FLASHER,FAILING TO YIELD RIGHT-OF-WAY,DRIVING SKILLS/KNOWLEDGE/EXPERIENCE,0,0,1,1,9,4,6,114,STATE ST,41.962014,-87.728555,06/29/2016 09:58:00 AM,2016
CR00035819,03/18/2018 05:44:00 PM,20,RAIN,DAYLIGHT,ANGLE,DIVIDED - W/MEDIAN BARRIER,TRAFFIC SIGNAL,FAILING TO YIELD RIGHT-OF-WAY,UNABLE TO DETERMINE,0,0,0,0,17,1,3,1379,ELSTON AVE,41.775409,-87.612849,03/18/2018 05:56:00 PM,2018
CR00035820,02/05/2015 08:13:00 PM,40,CLEAR,DAYLIGHT,REAR END,T-INTERSECTION,NO CONTROLS,UNABLE TO DETERMINE,NOT APPLICABLE,0,0,0,0,20,5,2,1313,DIVISION ST,41.855006,-87.693502,02/05/2015 09:07:00 PM,2015
CR00035821,04/06/2024 11:12:00 PM,35,CLEAR,DAYLIGHT,TURNING,NOT DIVIDED,NO CONTROLS,DRIVING SKILLS/KNOWLEDGE/EXPERIENCE,FAILING TO REDUCE SPEED,0,0,0,0,23,7,4,2338,ARCHER AVE,41.994016,-87.566376,04/06/2024 11:29:00 PM,2024
CR00035822,12/22/2018 07:24:00 AM,25,CLEAR,DAYLIGHT,ANGLE,ONE-WAY,UNKNOWN,UNABLE TO DETERMINE,UNABLE TO DETERMINE,0,0,0,0,7,7,12,2215,MILWAUKEE AVE,41.878613,-87.767013,12/22/2018 08:35:00 AM,2018
CR00035823,02/29/2024 12:01:00 AM,40,CLEAR,DARKNESS - LIGHTED ROAD,ANGLE,NOT DIVIDED,UNKNOWN,FOLLOWING TOO CLOSELY,UNABLE TO DETERMINE,0,0,0,0,0,5,2,1847,CALIFORNIA AVE,41.82231,-87.696519,02/29/2024 12:36:00 AM,2024
CR00035824,07/31/2024 08:13:00 AM,35,CLEAR,DARKNESS - LIGHTED ROAD,REAR END,DIVIDED - W/MEDIAN (NOT RAISED),STOP SIGN/FLASHER,DISTRACTION - FROM INSIDE VEHICLE,UNABLE TO DETERMINE,0,0,0,0,8,4,7,257,ROOSEVELT RD,41.984279,-87.621935,07/31/2024 09:12:00 AM,2024
CR00035825,03/06/2015 10:36:00 PM,35,CLEAR,DUSK,FIXED OBJECT,DIVIDED - W/MEDIAN BARRIER,TRAFFIC SIGNAL,FOLLOWING TOO CLOSELY,FOLLOWING TOO CLOSELY,0,0,0,0,22,6,3,1238,BROADWAY,41.830829,-87.605196,03/06/2015 11:24:00 PM,2015
CR00035826,10/08/2021 02:46:00 PM,30,CLEAR,DARKNESS - LIGHTED ROAD,TURNING,ONE-WAY,YIELD,UNABLE TO DETERMINE,IMPROPER LANE USAGE,0,0,0,0,14,6,10,1023,79TH ST,41.839945,-87.557343,10/08/2021 03:44:00 PM,2021
CR00035827,07/11/2022 03:39:00 PM,30,CLEAR,DUSK,ANGLE,DIVIDED - W/MEDIAN BARRIER,STOP SIGN/FLASHER,IMPROPER LANE USAGE,DRIVING SKILLS/KNOWLEDGE/EXPERIENCE,0,0,0,0,15,2,7,1265,CALIFORNIA AVE,41.870681,-87.532582,07/11/2022 04:22:00 PM,2022
CR00035828,10/14/2023 04:28:00 PM,30,CLEAR,DAYLIGHT,REAR END,ONE-WAY,TRAFFIC SIGNAL,FOLLOWING TOO CLOSELY,UNABLE TO DETERMINE,0,0,0,0,16,7,10,575,STATE ST,41.724148,-87.739753,10/14/2023 05:01:00 PM,2023
CR00035829,05/25/2019 11:25:00 PM,35,CLEAR,DARKNESS - LIGHTED ROAD,ANGLE,DIVIDED - W/MEDIAN (NOT RAISED),TRAFFIC SIGNAL,FAILING TO YIELD RIGHT-OF-WAY,UNABLE TO DETERMINE,0,0,0,0,23,7,5,2017,KEDZIE AVE,41.957663,-87.826576,05/25/2019 11:34:00 PM,2019
CR00035830,06/28/2016 04:20:00 PM,20,SNOW,DAWN,ANGLE,DIVIDED - W/MEDIAN (NOT RAISED),NO CONTROLS,UNABLE TO DETERMINE,UNABLE TO DETERMINE,0,2,1,3,16,3,6,2036,STATE ST,41.927064,-87.543908,06/28/2016 06:05:00 PM,2016
CR00035831,04/09/2024 08:05:00 AM,30,RAIN,DAYLIGHT,REAR TO FRONT,DIVIDED - W/MEDIAN (NOT RAISED),TRAFFIC SIGNAL,DISTRACTION - FROM INSIDE VEHICLE,FAILING TO YIELD RIGHT-OF-WAY,0,0,0,0,8,3,4,849,47TH ST,41.786389,-87.756686,04/09/2024 09:57:00 AM,2024
CR00035832,06/09/2019 11:00:00 PM,45,CLEAR,DAYLIGHT,REAR END,DIVIDED - W/MEDIAN (NOT RAISED),TRAFFIC SIGNAL,FAILING TO REDUCE SPEED,DISREGARDING TRAFFIC SIGNALS,0,0,2,2,23,1,6,839,OGDEN AVE,41.761404,-87.749954,06/09/2019 11:56:00 PM,2019
CR00035833,07/28/2017 05:50:00 AM,35,CLEAR,DAYLIGHT,REAR END,DIVIDED - W/MEDIAN (NOT RAISED),NO CONTROLS,UNABLE TO DETERMINE,FOLLOWING TOO CLOSELY,0,0,0,0,5,6,7,403,CLARK ST,41.967844,-87.709846,07/28/2017 05:53:00 AM,2017
CR00035834,05/07/2024 12:20:00 PM,20,CLEAR,DARKNESS - LIGHTED ROAD,SIDESWIPE SAME DIRECTION,NOT DIVIDED,STOP SIGN/FLASHER,FAILING TO REDUCE SPEED,UNABLE TO DETERMINE,0,0,0,0,12,3,5,342,MILWAUKEE AVE,41.920345,-87.590681,05/07/2024 01:20:00 PM,2024
CR00035835,03/11/2016 08:55:00 PM,20,CLEAR,DAYLIGHT,PARKED MOTOR VEHICLE,NOT DIVIDED,PEDESTRIAN CROSSING SIGN,FAILING TO YIELD RIGHT-OF-WAY,FAILING TO REDUCE SPEED,0,0,0,0,20,6,3,209,79TH ST,41.787363,-87.773583,03/11/2016 10:37:00 PM,2016
CR00035836,03/07/2020 10:32:00 AM,30,CLEAR,DUSK,REAR END,NOT DIVIDED,UNKNOWN,UNABLE TO DETERMINE,FOLLOWING TOO CLOSELY,0,0,0,0,10,7,3,264,79TH ST,41.834777,-87.605009,03/07/2020 11:29:00 AM,2020
CR00035837,10/04/2016 03:00:00 PM,30,SNOW,DAYLIGHT,TURNING,T-INTERSECTION,YIELD,UNABLE TO DETERMINE,DRIVING SKILLS/KNOWLEDGE/EXPERIENCE,0,0,0,0,15,3,10,248,ELSTON AVE,41.974713,-87.677916,10/04/2016 03:43:00 PM,2016
CR00035838,06/08/2021 08:21:00 PM,40,RAIN,DAYLIGHT,TURNING,DIVIDED - W/MEDIAN (NOT RAISED),TRAFFIC SIGNAL,FAILING TO YIELD RIGHT-OF-WAY,UNABLE TO DETERMINE,0,0,0,0,20,3,6,1315,KEDZIE AVE,41.827667,-87.67075,06/08/2021 09:13:00 PM,2021
CR00035839,11/18/2022 12:05:00 PM,35,CLEAR,DAYLIGHT,REAR END,DIVIDED - W/MEDIAN BARRIER,STOP SIGN/FLASHER,IMPROPER OVERTAKING/PASSING,IMPROPER OVERTAKING/PASSING,0,0,0,0,12,6,11,2322,MICHIGAN AVE,41.910738,-87.778635,11/18/2022 12:27:00 PM,2022
CR00035840,11/08/2017 02:10:00 PM,40,CLEAR,DAYLIGHT,TURNING,NOT DIVIDED,STOP SIGN/FLASHER,UNABLE TO DETERMINE,UNABLE TO DETERMINE,0,0,0,0,14,4,11,1319,ASHLAND AVE,41.867329,-87.575245,11/08/2017 03:38:00 PM,2017
CR00035841,08/23/2022 07:55:00 AM,20,CLEAR,DARKNESS - LIGHTED ROAD,REAR END,DIVIDED - W/MEDIAN (NOT RAISED),NO CONTROLS,UNABLE TO DETERMINE,DRIVING SKILLS/KNOWLEDGE/EXPERIENCE,0,0,0,0,7,3,8,884,WESTERN AVE,41.948235,-87.822574,08/23/2022 09:39:00 AM,2022
CR00035842,02/18/2021 04:21:00 PM,30,CLEAR,DARKNESS - LIGHTED ROAD,REAR END,ONE-WAY,NO CONTROLS,FAILING TO YIELD RIGHT-OF-WAY,FAILING TO YIELD RIGHT-OF-WAY,0,0,0,0,16,5,2,2163,MICHIGAN AVE,41.993923,-87.534462,02/18/2021 05:50:00 PM,2021
CR00035843,06/28/2023 02:38:00 AM,25,RAIN,DAYLIGHT,REAR TO FRONT,ONE-WAY,NO CONTROLS,FAILING TO YIELD RIGHT-OF-WAY,IMPROPER LANE USAGE,0,0,0,0,2,4,6,1482,DIVISION ST,41.945428,-87.801228,06/28/2023 03:50:00 AM,2023
CR00035844,07/24/2018 02:56:00 PM,30,CLEAR,DAYLIGHT,REAR END,T-INTERSECTION,TRAFFIC SIGNAL,IMPROPER LANE USAGE,UNABLE TO DETERMINE,0,0,0,0,14,3,7,1026,OGDEN AVE,41.808302,-87.654906,07/24/2018 03:19:00 PM,2018
CR00035845,03/31/2022 05:11:00 PM,35,CLEAR,DAYLIGHT,TURNING,ONE-WAY,NO CONTROLS,DISREGARDING TRAFFIC SIGNALS,UNABLE TO DETERMINE,0,0,0,0,17,5,3,1847,ASHLAND AVE,41.830214,-87.569248,03/31/2022 06:27:00 PM,2022
CR00035846,03/08/2024 06:48:00 PM,15,CLEAR,DAYLIGHT,REAR END,ONE-WAY,NO CONTROLS,DISREGARDING TRAFFIC SIGNALS,UNABLE TO DETERMINE,0,0,0,0,18,6,3,1529,ROOSEVELT RD,41.797135,-87.585764,03/08/2024 07:04:00 PM,2024
CR00035847,08/02/2019 06:49:00 PM,20,CLOUDY/OVERCAST,DAYLIGHT,REAR TO FRONT,NOT DIVIDED,NO CONTROLS,FAILING TO REDUCE SPEED,IMPROPER LANE USAGE,0,0,0,0,18,6,8,509,HALSTED ST,41.848136,-87.697204,08/02/2019 07:15:00 PM,2019
CR00035848,04/17/2023 03:37:00 PM,20,CLEAR,DARKNESS - LIGHTED ROAD,ANGLE,NOT DIVIDED,TRAFFIC SIGNAL,IMPROPER LANE USAGE,FOLLOWING TOO CLOSELY,0,0,0,0,15,2,4,739,ASHLAND AVE,41.749346,-87.67071,04/17/2023 04:20:00 PM,2023
CR00035849,02/14/2021 11:39:00 AM,25,CLEAR,DARKNESS,SIDESWIPE SAME DIRECTION,NOT DIVIDED,NO CONTROLS,UNABLE TO DETERMINE,IMPROPER LANE USAGE,0,0,1,1,11,1,2,2068,ELSTON AVE,41.938438,-87.824282,02/14/2021 12:53:00 PM,2021
CR00035850,11/16/2019 10:58:00 AM,25,RAIN,DAYLIGHT,REAR END,FOUR WAY,NO CONTROLS,DISTRACTION - FROM INSIDE VEHICLE,IMPROPER LANE USAGE,0,0,0,0,10,7,11,737,WESTERN AVE,41.823169,-87.692089,11/16/2019 12:00:00 PM,2019
CR00035851,05/07/2015 10:22:00 PM,30,CLEAR,DARKNESS - LIGHTED ROAD,SIDESWIPE SAME DIRECTION,DIVIDED - W/MEDIAN (NOT RAISED),TRAFFIC SIGNAL,UNABLE TO DETERMINE,FAILING TO YIELD RIGHT-OF-WAY,0,0,0,0,22,5,5,995,ROOSEVELT RD,41.740703,-87.581395,05/07/2015 11:49:00 PM,2015
CR00035852,01/27/2017 10:29:00 PM,45,CLEAR,DAYLIGHT,ANGLE,DIVIDED - W/MEDIAN BARRIER,TRAFFIC SIGNAL,DISREGARDING TRAFFIC SIGNALS,DISTRACTION - FROM INSIDE VEHICLE,0,0,0,0,22,6,1,2123,WESTERN AVE,41.701831,-87.794381,01/27/2017 10:42:00 PM,2017
CR00035853,02/24/2016 09:48:00 AM,20,CLEAR,DARKNESS - LIGHTED ROAD,TURNING,NOT DIVIDED,TRAFFIC SIGNAL,DRIVING SKILLS/KNOWLEDGE/EXPERIENCE,DISTRACTION - FROM INSIDE VEHICLE,0,0,0,0,9,4,2,325,DAMEN AVE,41.776724,-87.782725,02/24/2016 11:42:00 AM,2016
CR00035854,05/21/2024 07:50:00 AM,30,CLEAR,DAYLIGHT,REAR END,NOT DIVIDED,NO CONTROLS,UNABLE TO DETERMINE,NOT APPLICABLE,0,0,0,0,7,3,5,465,MICHIGAN AVE,41.892592,-87.758711,05/21/2024 08:08:00 AM,2024
CR00035855,11/23/2021 11:07:00 AM,40,CLEAR,DARKNESS - LIGHTED ROAD,TURNING,FOUR WAY,NO CONTROLS,IMPROPER LANE USAGE,UNABLE TO DETERMINE,0,0,0,0,11,3,11,238,MILWAUKEE AVE,41.979669,-87.606625,11/23/2021 11:37:00 AM,2021
CR00035856,09/18/2022 11:00:00 AM,30,CLEAR,DARKNESS - LIGHTED ROAD,REAR TO FRONT,NOT DIVIDED,TRAFFIC SIGNAL,FAILING TO REDUCE SPEED,IMPROPER LANE USAGE,0,0,0,0,11,1,9,1840,63RD ST,41.910363,-87.734696,09/18/2022 12:21:00 PM,2022
CR00035857,09/11/2024 03:53:00 PM,30,RAIN,DARKNESS - LIGHTED ROAD,REAR END,NOT DIVIDED,NO CONTROLS,UNABLE TO DETERMINE,FAILING TO REDUCE SPEED,0,0,0,0,15,4,9,1180,FULLERTON AVE,41.824185,-87.51904,09/11/2024 05:33:00 PM,2024
CR00035858,12/05/2019 07:07:00 AM,40,CLEAR,DARKNESS - LIGHTED ROAD,REAR TO FRONT,T-INTERSECTION,TRAFFIC SIGNAL,DRIVING SKILLS/KNOWLEDGE/EXPERIENCE,NOT APPLICABLE,0,0,0,0,7,5,12,1875,DAMEN AVE,41.855648,-87.765911,12/05/2019 08:43:00 AM,2019
CR00035859,12/02/2015 09:03:00 AM,30,CLEAR,DAWN,ANGLE,NOT DIVIDED,TRAFFIC SIGNAL,IMPROPER LANE USAGE,NOT APPLICABLE,0,0,0,0,9,4,12,723,IRVING PARK RD,41.84502,-87.599443,12/02/2015 09:23:00 AM,2015
CR00035860,12/04/2018 12:54:00 PM,35,CLEAR,DAYLIGHT,SIDESWIPE SAME DIRECTION,ONE-WAY,NO CONTROLS,FOLLOWING TOO CLOSELY,DRIVING SKILLS/KNOWLEDGE/EXPERIENCE,0,0,0,0,12,3,12,1497,79TH ST,41.74719,-87.715207,12/04/2018 02:40:00 PM,2018
CR00035861,11/10/2017 03:29:00 AM,15,CLEAR,DARKNESS,REAR END,NOT DIVIDED,STOP SIGN/FLASHER,FAILING TO YIELD RIGHT-OF-WAY,UNABLE TO DETERMINE,0,0,0,0,3,6,11,1177,STONY ISLAND AVE,41.741186,-87.651753,11/10/2017 05:13:00 AM,2017
CR00035862,09/12/2020 06:09:00 PM,35,FREEZING RAIN/DRIZZLE,DARKNESS - LIGHTED ROAD,SIDESWIPE SAME DIRECTION,ONE-WAY,UNKNOWN,IMPROPER OVERTAKING/PASSING,NOT APPLICABLE,0,0,0,0,18,7,9,1245,WESTERN AVE,41.935222,-87.561429,09/12/2020 07:36:00 PM,2020
CR00035863,09/05/2023 08:06:00 PM,35,CLEAR,DARKNESS - LIGHTED ROAD,FIXED OBJECT,DIVIDED - W/MEDIAN (NOT RAISED),NO CONTROLS,UNABLE TO DETERMINE,FAILING TO YIELD RIGHT-OF-WAY,0,0,0,0,20,3,9,138,BROADWAY,41.70373,-87.54907,09/05/2023 08:09:00 PM,2023
CR00035864,10/23/2019 08:27:00 PM,20,CLEAR,DAYLIGHT,ANGLE,DIVIDED - W/MEDIAN BARRIER,NO CONTROLS,IMPROPER OVERTAKING/PASSING,IMPROPER OVERTAKING/PASSING,0,0,0,0,20,4,10,124,MILWAUKEE AVE,41.809923,-87.54314,10/23/2019 09:57:00 PM,2019
CR00035865,10/19/2018 04:03:00 PM,30,CLEAR,DAYLIGHT,TURNING,NOT DIVIDED,TRAFFIC SIGNAL,IMPROPER OVERTAKING/PASSING,FAILING TO YIELD RIGHT-OF-WAY,0,0,0,0,16,6,10,1190,STONY ISLAND AVE,41.744422,-87.505043,10/19/2018 04:47:00 PM,2018
CR00035866,08/22/2024 07:05:00 PM,30,CLEAR,DAYLIGHT,REAR END,ONE-WAY,NO CONTROLS,FOLLOWING TOO CLOSELY,FAILING TO REDUCE SPEED,0,0,0,0,19,5,8,1492,63RD ST,41.729933,-87.648619,08/22/2024 07:34:00 PM,2024
CR00035867,11/22/2024 03:58:00 PM,15,CLEAR,DAYLIGHT,REAR END,NOT DIVIDED,NO CONTROLS,DISTRACTION - FROM INSIDE VEHICLE,FAILING TO YIELD RIGHT-OF-WAY,0,0,2,2,15,6,11,816,CLARK ST,41.718756,-87.814424,11/22/2024 04:16:00 PM,2024
CR00035868,08/25/2016 07:36:00 AM,30,CLEAR,DARKNESS,REAR END,NOT DIVIDED,TRAFFIC SIGNAL,UNABLE TO DETERMINE,FAILING TO REDUCE SPEED,0,0,0,0,7,5,8,394,IRVING PARK RD,41.829981,-87.796903,08/25/2016 09:17:00 AM,2016
CR00035869,05/28/2021 03:27:00 AM,30,CLEAR,DARKNESS - LIGHTED ROAD,REAR TO FRONT,NOT DIVIDED,PEDESTRIAN CROSSING SIGN,FOLLOWING TOO CLOSELY,FAILING TO YIELD RIGHT-OF-WAY,0,0,0,0,3,6,5,1636,OGDEN AVE,41.901205,-87.82614,05/28/2021 04:57:00 AM,2021
CR00035870,09/27/2021 10:17:00 PM,20,CLEAR,DAYLIGHT,REAR END,ONE-WAY,TRAFFIC SIGNAL,UNABLE TO DETERMINE,UNABLE TO DETERMINE,0,0,0,0,22,2,9,598,STONY ISLAND AVE,41.747309,-87.615326,09/27/2021 11:40:00 PM,2021
CR00035871,03/27/2015 08:39:00 AM,35,CLEAR,DAYLIGHT,REAR END,DIVIDED - W/MEDIAN BARRIER,TRAFFIC SIGNAL,UNABLE TO DETERMINE,FOLLOWING TOO CLOSELY,0,0,0,0,8,6,3,1269,LAKE SHORE DR,41.82955,-87.643344,03/27/2015 09:24:00 AM,2015
CR00035872,01/11/2024 03:22:00 PM,30,CLEAR,DARKNESS,REAR END,NOT DIVIDED,TRAFFIC SIGNAL,DISREGARDING TRAFFIC SIGNALS,FAILING TO YIELD RIGHT-OF-WAY,0,0,0,0,15,5,1,2256,IRVING PARK RD,41.731183,-87.806031,01/11/2024 04:48:00 PM,2024
CR00035873,05/18/2023 06:57:00 PM,35,FOG/SMOKE/HAZE,DAYLIGHT,PEDESTRIAN,NOT DIVIDED,UNKNOWN,UNABLE TO DETERMINE,NOT APPLICABLE,0,0,0,0,18,5,5,716,IRVING PARK RD,41.981421,-87.743295,05/18/2023 08:38:00 PM,2023
CR00035874,07/15/2022 11:00:00 PM,15,RAIN,DARKNESS - LIGHTED ROAD,PARKED MOTOR VEHICLE,ONE-WAY,STOP SIGN/FLASHER,UNABLE TO DETERMINE,UNABLE TO DETERMINE,0,0,2,2,23,6,7,338,STATE ST,41.789161,-87.525481,07/16/2022 12:36:00 AM,2022
CR00035875,07/15/2015 05:42:00 PM,25,CLEAR,DARKNESS - LIGHTED ROAD,TURNING,ONE-WAY,PEDESTRIAN CROSSING SIGN,FOLLOWING TOO CLOSELY,NOT APPLICABLE,0,0,0,0,17,4,7,1498,STONY ISLAND AVE,41.893079,-87.520252,07/15/2015 05:55:00 PM,2015
CR00035876,03/30/2017 05:47:00 PM,35,FOG/SMOKE/HAZE,DAYLIGHT,PARKED MOTOR VEHICLE,NOT DIVIDED,STOP SIGN/FLASHER,FAILING TO REDUCE SPEED,UNABLE TO DETERMINE,0,0,0,0,17,5,3,684,BROADWAY,41.929748,-87.674743,03/30/2017 07:00:00 PM,2017
CR00035877,05/20/2023 02:47:00 PM,30,CLOUDY/OVERCAST,DAYLIGHT,REAR END,DIVIDED - W/MEDIAN (NOT RAISED),TRAFFIC SIGNAL,FOLLOWING TOO CLOSELY,FOLLOWING TOO CLOSELY,0,2,0,2,14,7,5,720,47TH ST,41.928305,-87.545387,05/20/2023 03:13:00 PM,2023
CR00035878,06/17/2015 06:46:00 AM,20,CLEAR,DAYLIGHT,REAR END,FOUR WAY,NO CONTROLS,DISREGARDING TRAFFIC SIGNALS,UNABLE TO DETERMINE,0,0,0,0,6,4,6,2232,PULASKI RD,41.81484,-87.828245,06/17/2015 07:31:00 AM,2015
CR00035879,11/06/2017 06:50:00 PM,30,CLEAR,DARKNESS - LIGHTED ROAD,TURNING,ONE-WAY,TRAFFIC SIGNAL,FAILING TO YIELD RIGHT-OF-WAY,FAILING TO REDUCE SPEED,0,0,1,1,18,2,11,1586,LAKE SHORE DR,41.939269,-87.683615,11/06/2017 08:47:00 PM,2017
CR00035880,12/17/2015 04:33:00 PM,35,CLEAR,DAYLIGHT,REAR END,DIVIDED - W/MEDIAN BARRIER,STOP SIGN/FLASHER,UNABLE TO DETERMINE,DISREGARDING TRAFFIC SIGNALS,0,0,0,0,16,5,12,2093,HALSTED ST,41.955561,-87.743899,12/17/2015 05:44:00 PM,2015
CR00035881,12/17/2022 06:57:00 AM,20,CLEAR,DAYLIGHT,REAR TO FRONT,ONE-WAY,NO CONTROLS,DISREGARDING TRAFFIC SIGNALS,FOLLOWING TOO CLOSELY,0,0,0,0,6,7,12,1497,WESTERN AVE,41.92851,-87.553105,12/17/2022 07:52:00 AM,2022