CRASH_RECORD_ID,CRASH_DATE,POSTED_SPEED_LIMIT,WEATHER_CONDITION,LIGHTING_CONDITION,FIRST_CRASH_TYPE,TRAFFICWAY_TYPE,TRAFFIC_CONTROL_DEVICE,PRIM_CONTRIBUTORY_CAUSE,SEC_CONTRIBUTORY_CAUSE,INJURIES_FATAL,INJURIES_INCAPACITATING,INJURIES_NON_INCAPACITATING,INJURIES_TOTAL,CRASH_HOUR,CRASH_DAY_OF_WEEK,CRASH_MONTH,BEAT_OF_OCCURRENCE,STREET_NAME,LATITUDE,LONGITUDE,DATE_POLICE_NOTIFIED,year
CR00035882,11/25/2015 07:59:00 AM,45,CLEAR,DARKNESS - LIGHTED ROAD,REAR END,ONE-WAY,TRAFFIC SIGNAL,UNABLE TO DETERMINE,DISREGARDING TRAFFIC SIGNALS,0,0,0,0,7,4,11,1427,OGDEN AVE,41.868235,-87.588262,11/25/2015 09:29:00 AM,2015
CR00035883,07/07/2018 06:42:00 PM,35,CLOUDY/OVERCAST,DARKNESS - LIGHTED ROAD,ANGLE,DIVIDED - W/MEDIAN (NOT RAISED),NO CONTROLS,UNABLE TO DETERMINE,NOT APPLICABLE,0,0,0,0,18,7,7,2509,PULASKI RD,41.834372,-87.787735,07/07/2018 08:34:00 PM,2018
CR00035884,05/31/2024 05:07:00 PM,30,CLEAR,DAYLIGHT,REAR END,ONE-WAY,STOP SIGN/FLASHER,UNABLE TO DETERMINE,UNABLE TO DETERMINE,0,0,2,2,17,6,5,426,ROOSEVELT RD,41.917681,-87.508825,05/31/2024 06:52:00 PM,2024
CR00035885,03/04/2019 10:23:00 AM,30,CLEAR,DAYLIGHT,ANGLE,DIVIDED - W/MEDIAN BARRIER,STOP SIGN/FLASHER,WEATHER,FOLLOWING TOO CLOSELY,0,0,0,0,10,2,3,1115,CALIFORNIA AVE,41.903033,-87.801166,03/04/2019 11:59:00 AM,2019
CR00035886,06/28/2017 08:46:00 AM,45,CLEAR,DAYLIGHT,TURNING,DIVIDED - W/MEDIAN (NOT RAISED),NO CONTROLS,DISTRACTION - FROM INSIDE VEHICLE,IMPROPER OVERTAKING/PASSING,0,0,0,0,8,4,6,2042,BROADWAY,41.960815,-87.679714,06/28/2017 09:15:00 AM,2017
CR00035887,11/08/2022 08:40:00 PM,40,CLEAR,DARKNESS - LIGHTED ROAD,TURNING,NOT DIVIDED,NO CONTROLS,FOLLOWING TOO CLOSELY,DRIVING SKILLS/KNOWLEDGE/EXPERIENCE,0,0,0,0,20,3,11,1386,47TH ST,41.850141,-87.69438,11/08/2022 09:53:00 PM,2022
CR00035888,01/21/2020 02:18:00 PM,30,CLEAR,DARKNESS,TURNING,DIVIDED - W/MEDIAN (NOT RAISED),NO CONTROLS,FAILING TO REDUCE SPEED,FAILING TO YIELD RIGHT-OF-WAY,0,0,1,1,14,3,1,111,MICHIGAN AVE,41.932632,-87.624155,01/21/2020 04:00:00 PM,2020
CR00035889,01/13/2022 03:44:00 PM,35,SNOW,DAYLIGHT,REAR END,ONE-WAY,NO CONTROLS,DISTRACTION - FROM INSIDE VEHICLE,NOT APPLICABLE,0,0,0,0,15,5,1,1490,BROADWAY,41.795897,-87.632599,01/13/2022 05:16:00 PM,2022
CR00035890,10/26/2019 12:07:00 PM,25,CLEAR,DARKNESS,ANGLE,DIVIDED - W/MEDIAN (NOT RAISED),STOP SIGN/FLASHER,UNABLE TO DETERMINE,NOT APPLICABLE,0,0,0,0,12,7,10,792,DAMEN AVE,41.87004,-87.653393,10/26/2019 12:46:00 PM,2019
CR00035891,08/10/2022 04:00:00 PM,20,CLEAR,DAYLIGHT,REAR END,T-INTERSECTION,UNKNOWN,UNABLE TO DETERMINE,FOLLOWING TOO CLOSELY,0,0,3,3,16,4,8,2045,STATE ST,41.829662,-87.699509,08/10/2022 05:33:00 PM,2022
CR00035892,08/08/2018 07:06:00 PM,25,CLEAR,DAYLIGHT,PARKED MOTOR VEHICLE,NOT DIVIDED,TRAFFIC SIGNAL,UNABLE TO DETERMINE,FAILING TO YIELD RIGHT-OF-WAY,0,0,0,0,19,4,8,1003,FULLERTON AVE,41.826947,-87.826579,08/08/2018 09:05:00 PM,2018
CR00035893,05/29/2018 08:56:00 PM,30,CLEAR,DARKNESS - LIGHTED ROAD,REAR END,ONE-WAY,STOP SIGN/FLASHER,DISTRACTION - FROM INSIDE VEHICLE,DRIVING SKILLS/KNOWLEDGE/EXPERIENCE,0,0,0,0,20,3,5,2157,WESTERN AVE,41.880304,-87.752407,05/29/2018 09:30:00 PM,2018
CR00035894,09/23/2020 09:13:00 PM,30,CLEAR,DAYLIGHT,PARKED MOTOR VEHICLE,DIVIDED - W/MEDIAN (NOT RAISED),TRAFFIC SIGNAL,DRIVING SKILLS/KNOWLEDGE/EXPERIENCE,DISTRACTION - FROM INSIDE VEHICLE,0,0,0,0,21,4,9,2249,DAMEN AVE,41.737264,-87.822458,09/23/2020 10:51:00 PM,2020
CR00035895,06/28/2015 10:03:00 AM,30,CLEAR,DAYLIGHT,REAR END,DIVIDED - W/MEDIAN (NOT RAISED),NO CONTROLS,IMPROPER OVERTAKING/PASSING,NOT APPLICABLE,0,0,0,0,10,1,6,2125,WESTERN AVE,41.996998,-87.789251,06/28/2015 10:37:00 AM,2015
CR00035896,11/22/2017 08:04:00 AM,25,CLOUDY/OVERCAST,DARKNESS - LIGHTED ROAD,PARKED MOTOR VEHICLE,NOT DIVIDED,TRAFFIC SIGNAL,DRIVING SKILLS/KNOWLEDGE/EXPERIENCE,IMPROPER LANE USAGE,0,0,0,0,8,4,11,288,STONY ISLAND AVE,41.828438,-87.755378,11/22/2017 09:31:00 AM,2017
CR00035897,12/19/2022 02:18:00 PM,30,CLEAR,DARKNESS - LIGHTED ROAD,SIDESWIPE SAME DIRECTION,FOUR WAY,STOP SIGN/FLASHER,UNABLE TO DETERMINE,FAILING TO REDUCE SPEED,0,0,0,0,14,2,12,838,OGDEN AVE,41.707547,-87.763277,12/19/2022 03:42:00 PM,2022
CR00035898,06/14/2024 03:12:00 PM,35,CLEAR,DAYLIGHT,REAR TO FRONT,DIVIDED - W/MEDIAN (NOT RAISED),NO CONTROLS,UNABLE TO DETERMINE,NOT APPLICABLE,0,0,0,0,15,6,6,552,47TH ST,41.707258,-87.5945,06/14/2024 05:05:00 PM,2024
CR00035899,03/16/2015 04:35:00 PM,35,CLEAR,DARKNESS - LIGHTED ROAD,REAR END,NOT DIVIDED,TRAFFIC SIGNAL,DISTRACTION - FROM INSIDE VEHICLE,UNABLE TO DETERMINE,0,0,0,0,16,2,3,773,KEDZIE AVE,41.730673,-87.808053,03/16/2015 05:03:00 PM,2015
CR00035900,10/16/2023 11:22:00 AM,35,CLEAR,DAYLIGHT,REAR END,DIVIDED - W/MEDIAN BARRIER,NO CONTROLS,FAILING TO YIELD RIGHT-OF-WAY,IMPROPER OVERTAKING/PASSING,0,0,0,0,11,2,10,1160,DIVISION ST,41.794564,-87.584247,10/16/2023 11:45:00 AM,2023
CR00035901,03/03/2024 03:01:00 PM,35,CLEAR,DAYLIGHT,SIDESWIPE SAME DIRECTION,NOT DIVIDED,NO CONTROLS,FAILING TO YIELD RIGHT-OF-WAY,FOLLOWING TOO CLOSELY,0,0,0,0,15,1,3,221,ROOSEVELT RD,41.848274,-87.562029,03/03/2024 04:42:00 PM,2024
CR00035902,02/23/2015 12:17:00 AM,40,CLEAR,DARKNESS - LIGHTED ROAD,REAR END,NOT DIVIDED,NO CONTROLS,UNABLE TO DETERMINE,FOLLOWING TOO CLOSELY,0,0,0,0,0,2,2,2165,STATE ST,41.910057,-87.563069,02/23/2015 12:49:00 AM,2015
CR00035903,02/15/2021 03:40:00 PM,30,CLOUDY/OVERCAST,DARKNESS - LIGHTED ROAD,PEDESTRIAN,NOT DIVIDED,NO CONTROLS,DRIVING SKILLS/KNOWLEDGE/EXPERIENCE,FAILING TO REDUCE SPEED,0,0,0,0,15,2,2,1240,BROADWAY,41.914965,-87.769705,02/15/2021 04:49:00 PM,2021
CR00035904,12/16/2016 08:56:00 PM,40,CLEAR,DARKNESS - LIGHTED ROAD,PARKED MOTOR VEHICLE,ONE-WAY,YIELD,IMPROPER OVERTAKING/PASSING,DISTRACTION - FROM INSIDE VEHICLE,0,0,0,0,20,6,12,1015,79TH ST,41.850699,-87.809152,12/16/2016 09:33:00 PM,2016
CR00035905,04/18/2022 12:10:00 AM,25,CLOUDY/OVERCAST,DAYLIGHT,REAR TO FRONT,NOT DIVIDED,TRAFFIC SIGNAL,FAILING TO REDUCE SPEED,IMPROPER LANE USAGE,0,0,0,0,0,2,4,2427,IRVING PARK RD,41.733085,-87.635035,04/18/2022 12:51:00 AM,2022
CR00035906,06/27/2018 11:12:00 AM,30,CLEAR,DAYLIGHT,PEDESTRIAN,NOT DIVIDED,STOP SIGN/FLASHER,DRIVING SKILLS/KNOWLEDGE/EXPERIENCE,UNABLE TO DETERMINE,0,0,0,0,11,4,6,255,CICERO AVE,41.743568,-87.78163,06/27/2018 12:35:00 PM,2018
CR00035907,02/20/2023 12:49:00 AM,25,RAIN,DAYLIGHT,FIXED OBJECT,NOT DIVIDED,UNKNOWN,DISTRACTION - FROM INSIDE VEHICLE,FAILING TO YIELD RIGHT-OF-WAY,0,0,0,0,0,2,2,1571,IRVING PARK RD,41.906434,-87.791923,02/20/2023 01:52:00 AM,2023
CR00035908,08/23/2017 09:50:00 AM,35,CLEAR,DARKNESS,SIDESWIPE SAME DIRECTION,NOT DIVIDED,TRAFFIC SIGNAL,UNABLE TO DETERMINE,IMPROPER LANE USAGE,0,0,0,0,9,4,8,776,ARCHER AVE,41.803118,-87.701598,08/23/2017 10:27:00 AM,2017
CR00035909,02/12/2019 07:07:00 AM,45,CLEAR,DARKNESS - LIGHTED ROAD,REAR TO FRONT,DIVIDED - W/MEDIAN BARRIER,STOP SIGN/FLASHER,FAILING TO REDUCE SPEED,FAILING TO YIELD RIGHT-OF-WAY,0,0,0,0,7,3,2,1343,ROOSEVELT RD,41.843217,-87.563635,02/12/2019 09:03:00 AM,2019
CR00035910,07/03/2016 06:13:00 PM,30,CLEAR,DAYLIGHT,REAR END,NOT DIVIDED,PEDESTRIAN CROSSING SIGN,DRIVING SKILLS/KNOWLEDGE/EXPERIENCE,DRIVING SKILLS/KNOWLEDGE/EXPERIENCE,0,0,0,0,18,1,7,1708,IRVING PARK RD,41.827337,-87.783901,07/03/2016 07:09:00 PM,2016
CR00035911,11/22/2019 09:52:00 AM,20,CLEAR,DAYLIGHT,REAR TO FRONT,ONE-WAY,YIELD,UNABLE TO DETERMINE,FAILING TO YIELD RIGHT-OF-WAY,0,0,0,0,9,6,11,2358,OGDEN AVE,41.998859,-87.54619,11/22/2019 10:38:00 AM,2019
CR00035912,09/01/2023 11:26:00 PM,30,FREEZING RAIN/DRIZZLE,DAYLIGHT,REAR TO FRONT,ONE-WAY,NO CONTROLS,DISTRACTION - FROM INSIDE VEHICLE,FAILING TO YIELD RIGHT-OF-WAY,0,0,0,0,23,6,9,1722,OGDEN AVE,41.775394,-87.772137,09/02/2023 12:53:00 AM,2023
CR00035913,01/05/2016 03:03:00 PM,30,CLEAR,DARKNESS - LIGHTED ROAD,ANGLE,DIVIDED - W/MEDIAN (NOT RAISED),NO CONTROLS,UNABLE TO DETERMINE,FAILING TO YIELD RIGHT-OF-WAY,0,0,0,0,15,3,1,905,DIVISION ST,41.81065,-87.724472,01/05/2016 04:25:00 PM,2016
CR00035914,06/04/2022 07:59:00 AM,35,CLEAR,DUSK,REAR END,DIVIDED - W/MEDIAN (NOT RAISED),UNKNOWN,FAILING TO REDUCE SPEED,FAILING TO YIELD RIGHT-OF-WAY,0,0,0,0,7,7,6,1604,ROOSEVELT RD,41.723712,-87.634093,06/04/2022 08:08:00 AM,2022
CR00035915,06/28/2018 05:57:00 PM,25,CLEAR,DARKNESS - LIGHTED ROAD,REAR END,NOT DIVIDED,STOP SIGN/FLASHER,UNABLE TO DETERMINE,DISTRACTION - FROM INSIDE VEHICLE,0,0,0,0,17,5,6,2308,CALIFORNIA AVE,41.890846,-87.74395,06/28/2018 06:19:00 PM,2018
CR00035916,04/25/2015 05:23:00 AM,30,CLEAR,DARKNESS - LIGHTED ROAD,REAR END,FOUR WAY,TRAFFIC SIGNAL,UNABLE TO DETERMINE,DRIVING SKILLS/KNOWLEDGE/EXPERIENCE,0,2,2,4,5,7,4,1621,IRVING PARK RD,41.850791,-87.547464,04/25/2015 07:14:00 AM,2015
CR00035917,10/30/2024 10:34:00 AM,30,CLEAR,DAYLIGHT,ANGLE,NOT DIVIDED,STOP SIGN/FLASHER,FAILING TO YIELD RIGHT-OF-WAY,UNABLE TO DETERMINE,0,0,0,0,10,4,10,1974,CICERO AVE,41.802025,-87.776537,10/30/2024 10:58:00 AM,2024
CR00035918,03/09/2018 06:24:00 PM,30,CLEAR,DAYLIGHT,PARKED MOTOR VEHICLE,NOT DIVIDED,TRAFFIC SIGNAL,DISREGARDING TRAFFIC SIGNALS,FAILING TO YIELD RIGHT-OF-WAY,0,0,0,0,18,6,3,1094,MICHIGAN AVE,41.942013,-87.741321,03/09/2018 07:36:00 PM,2018
CR00035919,11/05/2024 07:36:00 AM,30,CLEAR,DAYLIGHT,SIDESWIPE SAME DIRECTION,DIVIDED - W/MEDIAN BARRIER,TRAFFIC SIGNAL,FAILING TO YIELD RIGHT-OF-WAY,WEATHER,0,0,0,0,7,3,11,2092,PULASKI RD,41.748532,-87.829505,11/05/2024 09:09:00 AM,2024
CR00035920,05/05/2022 11:51:00 AM,20,SNOW,DAWN,TURNING,NOT DIVIDED,TRAFFIC SIGNAL,DISREGARDING TRAFFIC SIGNALS,NOT APPLICABLE,0,0,0,0,11,5,5,155,STATE ST,41.809779,-87.746779,05/05/2022 12:06:00 PM,2022
CR00035921,01/08/2018 03:06:00 PM,35,CLEAR,DARKNESS,REAR END,NOT DIVIDED,TRAFFIC SIGNAL,DRIVING SKILLS/KNOWLEDGE/EXPERIENCE,IMPROPER OVERTAKING/PASSING,0,0,0,0,15,2,1,1343,ROOSEVELT RD,41.932042,-87.713559,01/08/2018 03:36:00 PM,2018
CR00035922,08/17/2015 06:08:00 PM,25,CLEAR,DAYLIGHT,REAR END,NOT DIVIDED,YIELD,FAILING TO REDUCE SPEED,IMPROPER LANE USAGE,0,0,0,0,18,2,8,1517,ARCHER AVE,41.850368,-87.691297,08/17/2015 07:56:00 PM,2015
CR00035923,03/09/2017 03:10:00 PM,30,CLEAR,DAYLIGHT,TURNING,NOT DIVIDED,UNKNOWN,FOLLOWING TOO CLOSELY,UNABLE TO DETERMINE,0,0,0,0,15,5,3,1648,DIVISION ST,41.835465,-87.651534,03/09/2017 04:24:00 PM,2017
CR00035924,05/14/2015 04:38:00 PM,35,RAIN,DARKNESS - LIGHTED ROAD,REAR END,NOT DIVIDED,TRAFFIC SIGNAL,DISREGARDING TRAFFIC SIGNALS,DISREGARDING TRAFFIC SIGNALS,0,0,0,0,16,5,5,699,PULASKI RD,41.702358,-87.719037,05/14/2015 05:06:00 PM,2015
CR00035925,12/01/2015 11:25:00 PM,35,CLEAR,DAWN,SIDESWIPE SAME DIRECTION,DIVIDED - W/MEDIAN BARRIER,TRAFFIC SIGNAL,IMPROPER OVERTAKING/PASSING,UNABLE TO DETERMINE,0,0,0,0,23,3,12,2394,ARCHER AVE,41.867673,-87.663219,12/02/2015 12:56:00 AM,2015
CR00035926,09/23/2016 02:22:00 PM,30,CLEAR,DAYLIGHT,PARKED MOTOR VEHICLE,NOT DIVIDED,STOP SIGN/FLASHER,UNABLE TO DETERMINE,DRIVING SKILLS/KNOWLEDGE/EXPERIENCE,0,0,0,0,14,6,9,160,MICHIGAN AVE,41.830996,-87.739324,09/23/2016 02:50:00 PM,2016
CR00035927,05/18/2015 06:44:00 PM,20,CLEAR,DAYLIGHT,REAR TO FRONT,DIVIDED - W/MEDIAN BARRIER,NO CONTROLS,DRIVING SKILLS/KNOWLEDGE/EXPERIENCE,FAILING TO REDUCE SPEED,0,0,0,0,18,2,5,1807,ASHLAND AVE,41.805017,-87.639837,05/18/2015 08:19:00 PM,2015
CR00035928,09/29/2021 04:37:00 PM,40,CLEAR,DAYLIGHT,REAR END,NOT DIVIDED,TRAFFIC SIGNAL,WEATHER,UNABLE TO DETERMINE,0,0,1,1,16,4,9,737,CALIFORNIA AVE,41.923136,-87.725681,09/29/2021 05:52:00 PM,2021
CR00035929,07/13/2020 05:48:00 PM,25,CLOUDY/OVERCAST,DARKNESS,REAR END,DIVIDED - W/MEDIAN BARRIER,TRAFFIC SIGNAL,UNABLE TO DETERMINE,NOT APPLICABLE,0,0,0,0,17,2,7,791,BROADWAY,41.951779,-87.779626,07/13/2020 06:01:00 PM,2020
CR00035930,10/12/2016 07:20:00 PM,40,RAIN,DARKNESS - LIGHTED ROAD,SIDESWIPE SAME DIRECTION,DIVIDED - W/MEDIAN BARRIER,TRAFFIC SIGNAL,UNABLE TO DETERMINE,IMPROPER OVERTAKING/PASSING,0,0,3,3,19,4,10,2483,79TH ST,41.723003,-87.773263,10/12/2016 08:27:00 PM,2016
CR00035931,02/25/2021 11:19:00 AM,20,CLEAR,DAYLIGHT,PEDESTRIAN,NOT DIVIDED,STOP SIGN/FLASHER,DISTRACTION - FROM INSIDE VEHICLE,FAILING TO YIELD RIGHT-OF-WAY,0,0,0,0,11,5,2,500,DIVISION ST,41.708981,-87.773178,02/25/2021 12:25:00 PM,2021
CR00035932,12/11/2015 10:56:00 PM,35,CLEAR,DARKNESS - LIGHTED ROAD,ANGLE,NOT DIVIDED,NO CONTROLS,FAILING TO YIELD RIGHT-OF-WAY,FOLLOWING TOO CLOSELY,0,0,0,0,22,6,12,748,OGDEN AVE,41.706184,-87.839791,12/11/2015 11:25:00 PM,2015
CR00035933,07/26/2023 11:14:00 AM,35,CLEAR,DAYLIGHT,REAR END,NOT DIVIDED,TRAFFIC SIGNAL,IMPROPER LANE USAGE,FOLLOWING TOO CLOSELY,0,0,0,0,11,4,7,750,63RD ST,41.810686,-87.696521,07/26/2023 11:31:00 AM,2023
CR00035934,06/02/2023 01:08:00 PM,45,CLEAR,DAYLIGHT,PARKED MOTOR VEHICLE,NOT DIVIDED,STOP SIGN/FLASHER,UNABLE TO DETERMINE,DISTRACTION - FROM INSIDE VEHICLE,0,0,0,0,13,6,6,777,STONY ISLAND AVE,41.759199,-87.781692,06/02/2023 02:58:00 PM,2023
CR00035935,04/15/2016 06:17:00 PM,40,CLEAR,DAYLIGHT,PARKED MOTOR VEHICLE,NOT DIVIDED,STOP SIGN/FLASHER,IMPROPER LANE USAGE,WEATHER,0,1,2,3,18,6,4,1484,ARCHER AVE,41.878972,-87.818237,04/15/2016 06:43:00 PM,2016
CR00035936,10/23/2020 01:00:00 PM,45,RAIN,DAYLIGHT,FIXED OBJECT,ONE-WAY,TRAFFIC SIGNAL,FAILING TO REDUCE SPEED,UNABLE TO DETERMINE,0,0,0,0,13,6,10,768,ARCHER AVE,41.917156,-87.774408,10/23/2020 02:15:00 PM,2020
CR00035937,12/13/2019 10:00:00 PM,20,CLEAR,DAYLIGHT,TURNING,NOT DIVIDED,TRAFFIC SIGNAL,IMPROPER OVERTAKING/PASSING,IMPROPER OVERTAKING/PASSING,0,0,3,3,22,6,12,1846,MICHIGAN AVE,41.716301,-87.626971,12/13/2019 11:25:00 PM,2019
CR00035938,02/26/2019 07:58:00 AM,15,RAIN,DAYLIGHT,REAR TO FRONT,NOT DIVIDED,NO CONTROLS,DISTRACTION - FROM INSIDE VEHICLE,WEATHER,0,0,0,0,7,3,2,484,ROOSEVELT RD,41.754188,-87.619806,02/26/2019 08:22:00 AM,2019
CR00035939,12/28/2019 01:34:00 PM,45,CLEAR,DUSK,ANGLE,NOT DIVIDED,NO CONTROLS,FAILING TO YIELD RIGHT-OF-WAY,FAILING TO YIELD RIGHT-OF-WAY,0,0,0,0,13,7,12,458,FULLERTON AVE,41.996011,-87.821358,12/28/2019 02:02:00 PM,2019
CR00035940,11/16/2019 05:36:00 PM,15,CLEAR,DAYLIGHT,TURNING,NOT DIVIDED,NO CONTROLS,FAILING TO YIELD RIGHT-OF-WAY,FAILING TO YIELD RIGHT-OF-WAY,0,0,1,1,17,7,11,1646,79TH ST,41.764583,-87.757392,11/16/2019 06:54:00 PM,2019
CR00035941,11/22/2021 03:52:00 PM,35,CLEAR,DAYLIGHT,PEDESTRIAN,ONE-WAY,NO CONTROLS,UNABLE TO DETERMINE,NOT APPLICABLE,0,0,0,0,15,2,11,487,63RD ST,41.761824,-87.81269,11/22/2021 04:32:00 PM,2021
CR00035942,09/19/2022 12:46:00 PM,25,CLEAR,DAYLIGHT,REAR END,NOT DIVIDED,STOP SIGN/FLASHER,DRIVING SKILLS/KNOWLEDGE/EXPERIENCE,NOT APPLICABLE,0,0,0,0,12,2,9,1633,LAKE SHORE DR,41.749179,-87.840545,09/19/2022 01:05:00 PM,2022
CR00035943,11/15/2021 04:47:00 PM,15,CLEAR,DAYLIGHT,REAR END,NOT DIVIDED,NO CONTROLS,UNABLE TO DETERMINE,UNABLE TO DETERMINE,0,0,0,0,16,2,11,1335,63RD ST,41.712406,-87.598954,11/15/2021 05:56:00 PM,2021
CR00035944,08/31/2019 03:02:00 PM,35,CLEAR,DAYLIGHT,PEDESTRIAN,DIVIDED - W/MEDIAN (NOT RAISED),TRAFFIC SIGNAL,UNABLE TO DETERMINE,IMPROPER OVERTAKING/PASSING,0,0,0,0,15,7,8,871,KEDZIE AVE,41.98054,-87.560617,08/31/2019 03:24:00 PM,2019
CR00035945,11/29/2021 03:45:00 PM,20,CLEAR,DAYLIGHT,TURNING,NOT DIVIDED,NO CONTROLS,UNABLE TO DETERMINE,DISTRACTION - FROM INSIDE VEHICLE,0,0,0,0,15,2,11,1185,STONY ISLAND AVE,41.976603,-87.557471,11/29/2021 04:44:00 PM,2021
CR00035946,03/03/2021 04:00:00 PM,30,CLEAR,DAYLIGHT,REAR END,NOT DIVIDED,NO CONTROLS,FAILING TO YIELD RIGHT-OF-WAY,FAILING TO YIELD RIGHT-OF-WAY,0,0,0,0,16,4,3,1850,ARCHER AVE,41.719056,-87.758111,03/03/2021 05:47:00 PM,2021
CR00035947,07/16/2015 05:24:00 PM,15,CLEAR,DARKNESS,SIDESWIPE SAME DIRECTION,NOT DIVIDED,TRAFFIC SIGNAL,FOLLOWING TOO CLOSELY,NOT APPLICABLE,0,0,0,0,17,5,7,1594,47TH ST,41.86306,-87.516645,07/16/2015 06:02:00 PM,2015
CR00035948,11/14/2018 08:06:00 AM,45,CLEAR,DAYLIGHT,REAR END,T-INTERSECTION,NO CONTROLS,FAILING TO REDUCE SPEED,FOLLOWING TOO CLOSELY,0,0,0,0,8,4,11,542,MILWAUKEE AVE,41.723762,-87.707903,11/14/2018 08:38:00 AM,2018
CR00035949,03/16/2018 03:03:00 PM,40,CLEAR,DAYLIGHT,SIDESWIPE SAME DIRECTION,NOT DIVIDED,NO CONTROLS,UNABLE TO DETERMINE,DRIVING SKILLS/KNOWLEDGE/EXPERIENCE,0,0,0,0,15,6,3,1925,DIVISION ST,41.751588,-87.562541,03/16/2018 04:46:00 PM,2018
CR00035950,02/21/2015 09:53:00 AM,20,CLEAR,DAYLIGHT,SIDESWIPE SAME DIRECTION,DIVIDED - W/MEDIAN (NOT RAISED),NO CONTROLS,FAILING TO YIELD RIGHT-OF-WAY,DRIVING SKILLS/KNOWLEDGE/EXPERIENCE,0,0,0,0,9,7,2,1321,STONY ISLAND AVE,41.900023,-87.730167,02/21/2015 10:27:00 AM,2015
CR00035951,01/01/2020 05:05:00 PM,20,CLEAR,DAYLIGHT,FIXED OBJECT,DIVIDED - W/MEDIAN BARRIER,NO CONTROLS,DISREGARDING TRAFFIC SIGNALS,FAILING TO YIELD RIGHT-OF-WAY,0,0,0,0,17,4,1,739,47TH ST,41.789849,-87.744992,01/01/2020 06:23:00 PM,2020
CR00035952,06/03/2015 11:26:00 AM,30,FOG/SMOKE/HAZE,DARKNESS - LIGHTED ROAD,TURNING,ONE-WAY,NO CONTROLS,DRIVING SKILLS/KNOWLEDGE/EXPERIENCE,DISREGARDING TRAFFIC SIGNALS,0,0,0,0,11,4,6,928,CALIFORNIA AVE,41.986106,-87.669115,06/03/2015 11:54:00 AM,2015
CR00035953,06/05/2021 06:01:00 PM,30,RAIN,DARKNESS,TURNING,ONE-WAY,NO CONTROLS,FAILING TO REDUCE SPEED,FAILING TO REDUCE SPEED,0,0,0,0,18,7,6,274,OGDEN AVE,41.808464,-87.56538,06/05/2021 06:47:00 PM,2021
CR00035954,07/27/2024 03:04:00 PM,20,SNOW,DAYLIGHT,SIDESWIPE SAME DIRECTION,NOT DIVIDED,TRAFFIC SIGNAL,FOLLOWING TOO CLOSELY,FOLLOWING TOO CLOSELY,0,0,0,0,15,7,7,1671,CICERO AVE,41.7247,-87.502897,07/27/2024 04:15:00 PM,2024
CR00035955,04/11/2023 04:30:00 PM,30,CLEAR,DARKNESS,REAR END,ONE-WAY,TRAFFIC SIGNAL,DISREGARDING TRAFFIC SIGNALS,FOLLOWING TOO CLOSELY,0,0,0,0,16,3,4,1834,ELSTON AVE,41.865735,-87.751255,04/11/2023 05:56:00 PM,2023
CR00035956,02/24/2015 11:57:00 AM,35,CLEAR,DAYLIGHT,REAR END,NOT DIVIDED,TRAFFIC SIGNAL,UNABLE TO DETERMINE,FAILING TO REDUCE SPEED,0,0,0,0,11,3,2,254,OGDEN AVE,41.926984,-87.581763,02/24/2015 01:07:00 PM,2015
CR00035957,05/18/2018 01:20:00 PM,20,SNOW,DAYLIGHT,SIDESWIPE SAME DIRECTION,NOT DIVIDED,TRAFFIC SIGNAL,FOLLOWING TOO CLOSELY,UNABLE TO DETERMINE,0,0,0,0,13,6,5,796,STONY ISLAND AVE,41.842773,-87.597128,05/18/2018 02:56:00 PM,2018
CR00035958,09/23/2017 02:08:00 PM,30,CLEAR,DAYLIGHT,REAR END,DIVIDED - W/MEDIAN (NOT RAISED),TRAFFIC SIGNAL,UNABLE TO DETERMINE,NOT APPLICABLE,0,2,3,5,14,7,9,1613,IRVING PARK RD,41.772756,-87.848493,09/23/2017 03:03:00 PM,2017
CR00035959,09/09/2022 08:18:00 AM,30,CLEAR,DAYLIGHT,SIDESWIPE SAME DIRECTION,DIVIDED - W/MEDIAN (NOT RAISED),TRAFFIC SIGNAL,FAILING TO YIELD RIGHT-OF-WAY,DISTRACTION - FROM INSIDE VEHICLE,0,0,0,0,8,6,9,249,LAKE SHORE DR,41.870238,-87.505416,09/09/2022 09:10:00 AM,2022
CR00035960,01/01/2023 02:25:00 PM,25,CLEAR,DARKNESS - LIGHTED ROAD,ANGLE,DIVIDED - W/MEDIAN (NOT RAISED),STOP SIGN/FLASHER,DISREGARDING TRAFFIC SIGNALS,DISTRACTION - FROM INSIDE VEHICLE,0,0,1,1,14,1,1,1555,WESTERN AVE,41.986588,-87.733451,01/01/2023 03:38:00 PM,2023
CR00035961,04/22/2018 01:29:00 PM,35,CLEAR,DAYLIGHT,REAR END,NOT DIVIDED,TRAFFIC SIGNAL,FOLLOWING TOO CLOSELY,UNABLE TO DETERMINE,0,0,0,0,13,1,4,2338,MICHIGAN AVE,41.956987,-87.72548,04/22/2018 01:41:00 PM,2018
CR00035962,08/30/2021 11:38:00 PM,35,CLEAR,DARKNESS,REAR END,T-INTERSECTION,STOP SIGN/FLASHER,UNABLE TO DETERMINE,UNABLE TO DETERMINE,0,0,0,0,23,2,8,273,BROADWAY,41.988936,-87.635037,08/30/2021 11:50:00 PM,2021