CRASH_RECORD_ID,CRASH_DATE,POSTED_SPEED_LIMIT,WEATHER_CONDITION,LIGHTING_CONDITION,FIRST_CRASH_TYPE,TRAFFICWAY_TYPE,TRAFFIC_CONTROL_DEVICE,PRIM_CONTRIBUTORY_CAUSE,SEC_CONTRIBUTORY_CAUSE,INJURIES_FATAL,INJURIES_INCAPACITATING,INJURIES_NON_INCAPACITATING,INJURIES_TOTAL,CRASH_HOUR,CRASH_DAY_OF_WEEK,CRASH_MONTH,BEAT_OF_OCCURRENCE,STREET_NAME,LATITUDE,LONGITUDE,DATE_POLICE_NOTIFIED,year
CR00035963,10/06/2017 04:06:00 AM,20,CLEAR,DARKNESS - LIGHTED ROAD,FIXED OBJECT,NOT DIVIDED,UNKNOWN,DISTRACTION - FROM INSIDE VEHICLE,NOT APPLICABLE,0,0,0,0,4,6,10,2296,CLARK ST,41.998476,-87.651543,10/06/2017 05:39:00 AM,2017
CR00035964,03/27/2017 08:52:00 AM,45,CLEAR,DAYLIGHT,SIDESWIPE SAME DIRECTION,FOUR WAY,UNKNOWN,WEATHER,DISREGARDING TRAFFIC SIGNALS,0,0,0,0,8,2,3,2470,BROADWAY,41.944059,-87.501023,03/27/2017 09:31:00 AM,2017
CR00035965,06/19/2023 05:22:00 PM,20,CLEAR,DARKNESS,PARKED MOTOR VEHICLE,NOT DIVIDED,NO CONTROLS,FOLLOWING TOO CLOSELY,UNABLE TO DETERMINE,0,0,0,0,17,2,6,2379,79TH ST,41.869845,-87.79042,06/19/2023 06:40:00 PM,2023
CR00035966,09/12/2015 12:41:00 AM,25,CLEAR,DARKNESS - LIGHTED ROAD,TURNING,ONE-WAY,NO CONTROLS,FAILING TO REDUCE SPEED,UNABLE TO DETERMINE,0,0,0,0,0,7,9,207,STONY ISLAND AVE,41.926035,-87.536132,09/12/2015 02:41:00 AM,2015
CR00035967,09/23/2018 04:06:00 PM,35,CLEAR,DAYLIGHT,ANGLE,NOT DIVIDED,STOP SIGN/FLASHER,FAILING TO YIELD RIGHT-OF-WAY,DISTRACTION - FROM INSIDE VEHICLE,0,0,0,0,16,1,9,919,ARCHER AVE,41.799823,-87.822483,09/23/2018 06:06:00 PM,2018
CR00035968,06/24/2018 07:41:00 PM,30,CLEAR,DAYLIGHT,REAR END,NOT DIVIDED,TRAFFIC SIGNAL,FOLLOWING TOO CLOSELY,DRIVING SKILLS/KNOWLEDGE/EXPERIENCE,0,0,1,1,19,1,6,267,ARCHER AVE,41.723529,-87.675701,06/24/2018 08:20:00 PM,2018
CR00035969,04/13/2019 04:33:00 PM,30,CLEAR,DAYLIGHT,REAR END,NOT DIVIDED,TRAFFIC SIGNAL,IMPROPER OVERTAKING/PASSING,UNABLE TO DETERMINE,0,1,2,3,16,7,4,545,STATE ST,41.772754,-87.608565,04/13/2019 04:57:00 PM,2019
CR00035970,12/21/2021 05:42:00 PM,25,SNOW,DARKNESS,ANGLE,NOT DIVIDED,STOP SIGN/FLASHER,UNABLE TO DETERMINE,UNABLE TO DETERMINE,0,2,3,5,17,3,12,1462,HALSTED ST,41.835069,-87.658824,12/21/2021 06:01:00 PM,2021
CR00035971,10/03/2018 06:16:00 PM,35,CLEAR,DARKNESS - LIGHTED ROAD,TURNING,DIVIDED - W/MEDIAN BARRIER,TRAFFIC SIGNAL,FAILING TO REDUCE SPEED,UNABLE TO DETERMINE,0,0,0,0,18,4,10,2391,FULLERTON AVE,41.726266,-87.758716,10/03/2018 06:55:00 PM,2018
CR00035972,01/25/2017 07:44:00 PM,20,SNOW,DAYLIGHT,SIDESWIPE SAME DIRECTION,ONE-WAY,NO CONTROLS,FAILING TO REDUCE SPEED,FOLLOWING TOO CLOSELY,0,0,0,0,19,4,1,2342,DAMEN AVE,41.835071,-87.668035,01/25/2017 09:01:00 PM,2017
CR00035973,06/25/2021 07:18:00 AM,20,CLEAR,DAYLIGHT,TURNING,DIVIDED - W/MEDIAN (NOT RAISED),STOP SIGN/FLASHER,UNABLE TO DETERMINE,UNABLE TO DETERMINE,0,0,0,0,7,6,6,772,ELSTON AVE,41.755595,-87.837789,06/25/2021 08:20:00 AM,2021
CR00035974,01/29/2021 10:03:00 PM,30,CLEAR,DAYLIGHT,REAR END,ONE-WAY,NO CONTROLS,UNABLE TO DETERMINE,UNABLE TO DETERMINE,0,0,1,1,22,6,1,1648,DAMEN AVE,41.751406,-87.792392,01/29/2021 10:54:00 PM,2021
CR00035975,11/02/2015 05:12:00 PM,45,CLEAR,DAYLIGHT,REAR END,ONE-WAY,STOP SIGN/FLASHER,FAILING TO REDUCE SPEED,WEATHER,0,0,0,0,17,2,11,2258,MICHIGAN AVE,41.810722,-87.750217,11/02/2015 06:50:00 PM,2015
CR00035976,03/10/2020 09:16:00 AM,30,CLEAR,DAYLIGHT,REAR END,NOT DIVIDED,NO CONTROLS,DISTRACTION - FROM INSIDE VEHICLE,IMPROPER OVERTAKING/PASSING,0,0,0,0,9,3,3,1975,63RD ST,41.896737,-87.720594,03/10/2020 11:15:00 AM,2020
CR00035977,04/26/2018 09:41:00 AM,30,CLEAR,DAYLIGHT,PEDESTRIAN,NOT DIVIDED,STOP SIGN/FLASHER,UNABLE TO DETERMINE,UNABLE TO DETERMINE,0,0,0,0,9,5,4,372,47TH ST,41.872075,-87.777301,04/26/2018 11:32:00 AM,2018
CR00035978,03/23/2021 11:58:00 AM,30,CLEAR,DARKNESS - LIGHTED ROAD,FIXED OBJECT,ONE-WAY,STOP SIGN/FLASHER,IMPROPER LANE USAGE,DISTRACTION - FROM INSIDE VEHICLE,0,0,0,0,11,3,3,1892,IRVING PARK RD,41.934922,-87.567486,03/23/2021 01:43:00 PM,2021
CR00035979,08/19/2022 01:00:00 AM,30,CLEAR,DARKNESS - LIGHTED ROAD,PARKED MOTOR VEHICLE,NOT DIVIDED,TRAFFIC SIGNAL,FOLLOWING TOO CLOSELY,UNABLE TO DETERMINE,0,2,1,3,1,6,8,229,BROADWAY,41.813347,-87.621791,08/19/2022 02:01:00 AM,2022
CR00035980,09/11/2023 08:54:00 PM,20,CLEAR,DAYLIGHT,SIDESWIPE SAME DIRECTION,DIVIDED - W/MEDIAN (NOT RAISED),TRAFFIC SIGNAL,UNABLE TO DETERMINE,DISTRACTION - FROM INSIDE VEHICLE,0,0,0,0,20,2,9,1565,ASHLAND AVE,41.859533,-87.676591,09/11/2023 09:48:00 PM,2023
CR00035981,08/27/2021 09:48:00 AM,35,CLEAR,DAYLIGHT,ANGLE,T-INTERSECTION,NO CONTROLS,UNABLE TO DETERMINE,DISREGARDING TRAFFIC SIGNALS,0,0,0,0,9,6,8,1140,ROOSEVELT RD,41.946965,-87.542677,08/27/2021 11:29:00 AM,2021
CR00035982,11/15/2015 11:51:00 PM,40,CLEAR,DARKNESS - LIGHTED ROAD,TURNING,ONE-WAY,TRAFFIC SIGNAL,UNABLE TO DETERMINE,DRIVING SKILLS/KNOWLEDGE/EXPERIENCE,0,0,3,3,23,1,11,2077,IRVING PARK RD,41.872309,-87.746757,11/16/2015 12:00:00 AM,2015
CR00035983,06/04/2016 07:03:00 AM,45,CLEAR,DAYLIGHT,TURNING,FOUR WAY,TRAFFIC SIGNAL,UNABLE TO DETERMINE,DISTRACTION - FROM INSIDE VEHICLE,0,0,0,0,7,7,6,498,KEDZIE AVE,41.812906,-87.53191,06/04/2016 07:28:00 AM,2016
CR00035984,08/25/2022 06:11:00 PM,45,CLEAR,DAYLIGHT,TURNING,ONE-WAY,NO CONTROLS,UNABLE TO DETERMINE,IMPROPER OVERTAKING/PASSING,0,0,0,0,18,5,8,1945,IRVING PARK RD,41.874856,-87.522197,08/25/2022 07:10:00 PM,2022
CR00035985,08/16/2018 04:25:00 PM,35,CLEAR,DARKNESS - LIGHTED ROAD,PEDESTRIAN,NOT DIVIDED,TRAFFIC SIGNAL,UNABLE TO DETERMINE,IMPROPER LANE USAGE,0,0,0,0,16,5,8,1071,CICERO AVE,41.831405,-87.574355,08/16/2018 04:59:00 PM,2018
CR00035986,06/28/2015 06:13:00 PM,30,CLEAR,DAYLIGHT,TURNING,NOT DIVIDED,TRAFFIC SIGNAL,DISTRACTION - FROM INSIDE VEHICLE,UNABLE TO DETERMINE,0,0,0,0,18,1,6,539,DIVISION ST,41.766455,-87.733591,06/28/2015 06:32:00 PM,2015
CR00035987,06/26/2023 10:19:00 AM,35,CLEAR,DAYLIGHT,PEDESTRIAN,ONE-WAY,UNKNOWN,UNABLE TO DETERMINE,UNABLE TO DETERMINE,0,0,0,0,10,2,6,926,DIVISION ST,41.709692,-87.568811,06/26/2023 11:32:00 AM,2023
CR00035988,09/10/2015 06:05:00 AM,20,RAIN,DARKNESS - LIGHTED ROAD,PARKED MOTOR VEHICLE,ONE-WAY,STOP SIGN/FLASHER,FOLLOWING TOO CLOSELY,FAILING TO YIELD RIGHT-OF-WAY,0,0,0,0,6,5,9,747,IRVING PARK RD,41.722755,-87.653075,09/10/2015 06:35:00 AM,2015
CR00035989,08/21/2024 08:06:00 AM,20,CLEAR,DARKNESS - LIGHTED ROAD,TURNING,ONE-WAY,STOP SIGN/FLASHER,WEATHER,IMPROPER OVERTAKING/PASSING,0,0,0,0,8,4,8,2384,STONY ISLAND AVE,41.967479,-87.625203,08/21/2024 10:03:00 AM,2024
CR00035990,03/16/2019 01:25:00 AM,15,CLEAR,DARKNESS - LIGHTED ROAD,FIXED OBJECT,NOT DIVIDED,TRAFFIC SIGNAL,IMPROPER OVERTAKING/PASSING,FOLLOWING TOO CLOSELY,0,0,0,0,1,7,3,2001,CLARK ST,41.740281,-87.807382,03/16/2019 01:51:00 AM,2019
CR00035991,03/03/2019 02:10:00 PM,25,CLEAR,DAYLIGHT,TURNING,FOUR WAY,NO CONTROLS,FOLLOWING TOO CLOSELY,IMPROPER OVERTAKING/PASSING,0,0,1,1,14,1,3,1483,47TH ST,41.744607,-87.600965,03/03/2019 03:05:00 PM,2019
CR00035992,08/15/2024 04:58:00 PM,40,CLEAR,DAYLIGHT,REAR TO FRONT,ONE-WAY,NO CONTROLS,IMPROPER OVERTAKING/PASSING,DISREGARDING TRAFFIC SIGNALS,0,0,0,0,16,5,8,571,STATE ST,41.793867,-87.524459,08/15/2024 05:14:00 PM,2024
CR00035993,10/10/2024 03:44:00 PM,15,SNOW,DARKNESS - LIGHTED ROAD,SIDESWIPE SAME DIRECTION,NOT DIVIDED,STOP SIGN/FLASHER,FAILING TO YIELD RIGHT-OF-WAY,NOT APPLICABLE,0,0,0,0,15,5,10,1429,ELSTON AVE,41.96437,-87.848147,10/10/2024 04:27:00 PM,2024
CR00035994,03/22/2021 06:57:00 PM,40,CLEAR,DAYLIGHT,PARKED MOTOR VEHICLE,T-INTERSECTION,STOP SIGN/FLASHER,FAILING TO REDUCE SPEED,FOLLOWING TOO CLOSELY,0,0,0,0,18,2,3,2100,DIVISION ST,41.921379,-87.617445,03/22/2021 08:30:00 PM,2021
CR00035995,04/10/2021 03:16:00 PM,35,CLEAR,DAYLIGHT,REAR END,ONE-WAY,NO CONTROLS,DISTRACTION - FROM INSIDE VEHICLE,NOT APPLICABLE,0,0,0,0,15,7,4,1630,FULLERTON AVE,41.710511,-87.691594,04/10/2021 03:51:00 PM,2021
CR00035996,04/01/2021 10:02:00 AM,45,CLEAR,DAYLIGHT,REAR END,NOT DIVIDED,STOP SIGN/FLASHER,UNABLE TO DETERMINE,WEATHER,0,0,0,0,10,5,4,312,OGDEN AVE,41.95661,-87.775611,04/01/2021 11:41:00 AM,2021
CR00035997,09/02/2020 05:12:00 PM,40,CLEAR,DAYLIGHT,ANGLE,ONE-WAY,NO CONTROLS,FOLLOWING TOO CLOSELY,FOLLOWING TOO CLOSELY,0,0,0,0,17,4,9,1218,DIVISION ST,41.948759,-87.704235,09/02/2020 05:34:00 PM,2020
CR00035998,04/05/2023 01:53:00 PM,15,RAIN,DAYLIGHT,TURNING,DIVIDED - W/MEDIAN (NOT RAISED),NO CONTROLS,UNABLE TO DETERMINE,FOLLOWING TOO CLOSELY,0,0,0,0,13,4,4,1276,47TH ST,41.954223,-87.716939,04/05/2023 03:18:00 PM,2023
CR00035999,01/11/2015 06:55:00 PM,30,CLEAR,DAYLIGHT,SIDESWIPE SAME DIRECTION,NOT DIVIDED,UNKNOWN,WEATHER,FAILING TO REDUCE SPEED,0,0,0,0,18,1,1,1115,BROADWAY,41.938846,-87.821062,01/11/2015 08:35:00 PM,2015
CR00036000,12/18/2022 05:51:00 PM,30,CLEAR,DAYLIGHT,FIXED OBJECT,DIVIDED - W/MEDIAN BARRIER,NO CONTROLS,IMPROPER OVERTAKING/PASSING,FOLLOWING TOO CLOSELY,0,0,0,0,17,1,12,1052,STONY ISLAND AVE,41.721196,-87.752476,12/18/2022 07:21:00 PM,2022
CR00036001,01/11/2023 02:08:00 AM,30,CLOUDY/OVERCAST,DUSK,TURNING,ONE-WAY,NO CONTROLS,FAILING TO REDUCE SPEED,DISTRACTION - FROM INSIDE VEHICLE,0,0,0,0,2,4,1,1272,DAMEN AVE,41.93314,-87.704243,01/11/2023 03:07:00 AM,2023
CR00036002,08/20/2018 06:41:00 PM,45,RAIN,DAYLIGHT,REAR END,ONE-WAY,NO CONTROLS,UNABLE TO DETERMINE,UNABLE TO DETERMINE,0,1,1,2,18,2,8,1905,47TH ST,41.800822,-87.554964,08/20/2018 06:56:00 PM,2018
CR00036003,02/27/2016 08:33:00 AM,20,RAIN,DARKNESS - LIGHTED ROAD,REAR END,NOT DIVIDED,STOP SIGN/FLASHER,FOLLOWING TOO CLOSELY,FAILING TO YIELD RIGHT-OF-WAY,0,0,0,0,8,7,2,160,HALSTED ST,41.838043,-87.686047,02/27/2016 10:28:00 AM,2016
CR00036004,07/08/2021 11:15:00 PM,40,CLEAR,DARKNESS - LIGHTED ROAD,REAR END,DIVIDED - W/MEDIAN (NOT RAISED),TRAFFIC SIGNAL,UNABLE TO DETERMINE,WEATHER,0,0,0,0,23,5,7,2063,CALIFORNIA AVE,41.863668,-87.72739,07/09/2021 01:06:00 AM,2021
CR00036005,10/31/2016 08:21:00 AM,30,RAIN,DARKNESS,REAR END,DIVIDED - W/MEDIAN BARRIER,NO CONTROLS,FAILING TO REDUCE SPEED,FAILING TO YIELD RIGHT-OF-WAY,0,0,0,0,8,2,10,1679,CLARK ST,41.968029,-87.711953,10/31/2016 09:43:00 AM,2016
CR00036006,07/03/2020 10:40:00 AM,35,SNOW,DAYLIGHT,REAR END,DIVIDED - W/MEDIAN (NOT RAISED),TRAFFIC SIGNAL,IMPROPER LANE USAGE,UNABLE TO DETERMINE,0,0,0,0,10,6,7,1805,WESTERN AVE,41.758207,-87.805219,07/03/2020 12:34:00 PM,2020
CR00036007,08/12/2016 09:31:00 PM,20,CLEAR,DARKNESS - LIGHTED ROAD,TURNING,NOT DIVIDED,TRAFFIC SIGNAL,WEATHER,FOLLOWING TOO CLOSELY,0,0,2,2,21,6,8,1734,PULASKI RD,41.836236,-87.770069,08/12/2016 10:22:00 PM,2016
CR00036008,08/12/2019 05:26:00 PM,30,CLEAR,DAYLIGHT,TURNING,FOUR WAY,STOP SIGN/FLASHER,UNABLE TO DETERMINE,FOLLOWING TOO CLOSELY,0,0,1,1,17,2,8,516,DIVISION ST,41.757354,-87.668093,08/12/2019 06:43:00 PM,2019
CR00036009,09/18/2019 04:18:00 AM,30,CLEAR,DAYLIGHT,TURNING,NOT DIVIDED,NO CONTROLS,FAILING TO REDUCE SPEED,NOT APPLICABLE,0,0,0,0,4,4,9,1653,LAKE SHORE DR,41.826121,-87.62105,09/18/2019 04:48:00 AM,2019
CR00036010,10/22/2022 01:41:00 PM,45,CLEAR,DAYLIGHT,ANGLE,NOT DIVIDED,TRAFFIC SIGNAL,UNABLE TO DETERMINE,NOT APPLICABLE,0,0,0,0,13,7,10,1190,ROOSEVELT RD,41.961557,-87.692836,10/22/2022 03:09:00 PM,2022
CR00036011,04/20/2020 07:39:00 PM,45,CLEAR,DAYLIGHT,REAR TO FRONT,NOT DIVIDED,TRAFFIC SIGNAL,FAILING TO REDUCE SPEED,NOT APPLICABLE,0,0,0,0,19,2,4,240,CICERO AVE,41.836557,-87.678883,04/20/2020 09:28:00 PM,2020
CR00036012,05/11/2019 09:08:00 AM,20,CLEAR,DAWN,TURNING,DIVIDED - W/MEDIAN (NOT RAISED),PEDESTRIAN CROSSING SIGN,IMPROPER OVERTAKING/PASSING,NOT APPLICABLE,0,0,0,0,9,7,5,729,CICERO AVE,41.865406,-87.534316,05/11/2019 10:58:00 AM,2019
CR00036013,03/04/2015 11:05:00 AM,20,CLEAR,DARKNESS - LIGHTED ROAD,REAR END,DIVIDED - W/MEDIAN (NOT RAISED),NO CONTROLS,UNABLE TO DETERMINE,NOT APPLICABLE,0,0,2,2,11,4,3,1384,CLARK ST,41.75036,-87.610876,03/04/2015 11:21:00 AM,2015
CR00036014,01/17/2020 03:58:00 PM,20,CLEAR,DARKNESS - LIGHTED ROAD,REAR END,NOT DIVIDED,TRAFFIC SIGNAL,FOLLOWING TOO CLOSELY,UNABLE TO DETERMINE,0,0,0,0,15,6,1,1407,WESTERN AVE,41.807994,-87.734045,01/17/2020 05:46:00 PM,2020
CR00036015,09/08/2018 06:36:00 PM,20,CLEAR,DAYLIGHT,PEDESTRIAN,DIVIDED - W/MEDIAN (NOT RAISED),NO CONTROLS,IMPROPER OVERTAKING/PASSING,DRIVING SKILLS/KNOWLEDGE/EXPERIENCE,0,0,0,0,18,7,9,1636,PULASKI RD,41.921971,-87.71437,09/08/2018 07:48:00 PM,2018
CR00036016,01/17/2022 02:23:00 PM,45,CLEAR,DAYLIGHT,PARKED MOTOR VEHICLE,FOUR WAY,UNKNOWN,FAILING TO YIELD RIGHT-OF-WAY,IMPROPER LANE USAGE,0,0,0,0,14,2,1,312,47TH ST,41.912862,-87.592046,01/17/2022 02:45:00 PM,2022
CR00036017,07/15/2023 11:08:00 PM,30,FOG/SMOKE/HAZE,DAYLIGHT,REAR END,DIVIDED - W/MEDIAN BARRIER,STOP SIGN/FLASHER,FAILING TO YIELD RIGHT-OF-WAY,FAILING TO YIELD RIGHT-OF-WAY,0,0,0,0,23,7,7,864,47TH ST,41.83908,-87.710732,07/16/2023 12:41:00 AM,2023
CR00036018,08/28/2020 07:04:00 PM,30,CLEAR,DARKNESS - LIGHTED ROAD,SIDESWIPE SAME DIRECTION,NOT DIVIDED,TRAFFIC SIGNAL,DRIVING SKILLS/KNOWLEDGE/EXPERIENCE,DRIVING SKILLS/KNOWLEDGE/EXPERIENCE,0,0,0,0,19,6,8,711,IRVING PARK RD,41.944809,-87.659202,08/28/2020 07:35:00 PM,2020
CR00036019,08/11/2023 03:27:00 PM,20,CLOUDY/OVERCAST,DARKNESS - LIGHTED ROAD,TURNING,NOT DIVIDED,STOP SIGN/FLASHER,FAILING TO YIELD RIGHT-OF-WAY,UNABLE TO DETERMINE,0,0,3,3,15,6,8,2152,LAKE SHORE DR,41.870829,-87.829811,08/11/2023 04:01:00 PM,2023
CR00036020,09/12/2024 12:56:00 PM,30,CLOUDY/OVERCAST,DUSK,FIXED OBJECT,DIVIDED - W/MEDIAN (NOT RAISED),STOP SIGN/FLASHER,IMPROPER OVERTAKING/PASSING,FAILING TO REDUCE SPEED,0,0,1,1,12,5,9,1624,WESTERN AVE,41.920962,-87.673586,09/12/2024 01:07:00 PM,2024
CR00036021,06/16/2017 12:51:00 PM,25,CLEAR,DAYLIGHT,SIDESWIPE SAME DIRECTION,DIVIDED - W/MEDIAN (NOT RAISED),STOP SIGN/FLASHER,IMPROPER OVERTAKING/PASSING,DRIVING SKILLS/KNOWLEDGE/EXPERIENCE,0,0,0,0,12,6,6,1326,CLARK ST,41.751415,-87.629362,06/16/2017 01:59:00 PM,2017
CR00036022,05/25/2018 01:16:00 PM,30,CLEAR,DAYLIGHT,TURNING,NOT DIVIDED,NO CONTROLS,UNABLE TO DETERMINE,FAILING TO YIELD RIGHT-OF-WAY,0,0,0,0,13,6,5,2530,WESTERN AVE,41.792043,-87.688451,05/25/2018 02:38:00 PM,2018
CR00036023,06/30/2017 04:03:00 PM,25,CLEAR,DARKNESS - LIGHTED ROAD,REAR END,DIVIDED - W/MEDIAN (NOT RAISED),TRAFFIC SIGNAL,IMPROPER OVERTAKING/PASSING,FAILING TO REDUCE SPEED,0,0,0,0,16,6,6,195,47TH ST,41.756938,-87.782843,06/30/2017 05:23:00 PM,2017
CR00036024,08/13/2023 07:38:00 AM,30,RAIN,DAYLIGHT,ANGLE,DIVIDED - W/MEDIAN (NOT RAISED),NO CONTROLS,DISREGARDING TRAFFIC SIGNALS,FAILING TO YIELD RIGHT-OF-WAY,0,0,0,0,7,1,8,380,DIVISION ST,41.969072,-87.776792,08/13/2023 08:21:00 AM,2023
CR00036025,10/02/2015 04:07:00 AM,15,CLEAR,DAYLIGHT,REAR END,DIVIDED - W/MEDIAN BARRIER,TRAFFIC SIGNAL,UNABLE TO DETERMINE,FAILING TO YIELD RIGHT-OF-WAY,0,0,0,0,4,6,10,1649,ROOSEVELT RD,41.83426,-87.690908,10/02/2015 04:36:00 AM,2015
CR00036026,12/26/2015 02:05:00 PM,35,RAIN,DAYLIGHT,PARKED MOTOR VEHICLE,NOT DIVIDED,STOP SIGN/FLASHER,DRIVING SKILLS/KNOWLEDGE/EXPERIENCE,UNABLE TO DETERMINE,0,0,0,0,14,7,12,1473,STONY ISLAND AVE,41.896994,-87.601951,12/26/2015 02:37:00 PM,2015
CR00036027,03/29/2016 08:56:00 AM,20,RAIN,DARKNESS - LIGHTED ROAD,REAR END,NOT DIVIDED,NO CONTROLS,DISTRACTION - FROM INSIDE VEHICLE,IMPROPER LANE USAGE,0,1,0,1,8,3,3,456,STATE ST,41.705752,-87.693948,03/29/2016 09:56:00 AM,2016
CR00036028,08/31/2024 01:13:00 PM,30,CLEAR,DARKNESS - LIGHTED ROAD,PARKED MOTOR VEHICLE,NOT DIVIDED,TRAFFIC SIGNAL,FAILING TO REDUCE SPEED,FOLLOWING TOO CLOSELY,0,0,0,0,13,7,8,964,FULLERTON AVE,41.81198,-87.775398,08/31/2024 02:11:00 PM,2024
CR00036029,02/19/2023 04:37:00 PM,30,CLEAR,DAYLIGHT,TURNING,T-INTERSECTION,NO CONTROLS,WEATHER,DISTRACTION - FROM INSIDE VEHICLE,0,0,0,0,16,1,2,2238,STATE ST,41.827045,-87.563793,02/19/2023 05:24:00 PM,2023
CR00036030,06/25/2015 07:33:00 PM,30,CLEAR,DARKNESS - LIGHTED ROAD,ANGLE,DIVIDED - W/MEDIAN (NOT RAISED),NO CONTROLS,IMPROPER LANE USAGE,IMPROPER OVERTAKING/PASSING,0,1,2,3,19,5,6,623,DIVISION ST,41.868188,-87.830401,06/25/2015 08:29:00 PM,2015
CR00036031,06/25/2020 11:36:00 PM,30,RAIN,DAYLIGHT,PEDESTRIAN,DIVIDED - W/MEDIAN (NOT RAISED),NO CONTROLS,FAILING TO YIELD RIGHT-OF-WAY,NOT APPLICABLE,0,0,0,0,23,5,6,1701,ROOSEVELT RD,41.979138,-87.749273,06/26/2020 01:24:00 AM,2020
CR00036032,10/08/2020 09:17:00 AM,30,CLEAR,DAYLIGHT,ANGLE,DIVIDED - W/MEDIAN BARRIER,NO CONTROLS,UNABLE TO DETERMINE,IMPROPER LANE USAGE,0,0,0,0,9,5,10,1060,ASHLAND AVE,41.86699,-87.687395,10/08/2020 10:16:00 AM,2020
CR00036033,11/25/2024 07:14:00 AM,30,CLEAR,DAYLIGHT,TURNING,ONE-WAY,TRAFFIC SIGNAL,DISREGARDING TRAFFIC SIGNALS,UNABLE TO DETERMINE,0,0,0,0,7,2,11,1518,47TH ST,41.783273,-87.836579,11/25/2024 08:05:00 AM,2024
CR00036034,04/08/2018 07:01:00 AM,40,CLEAR,DARKNESS - LIGHTED ROAD,REAR END,NOT DIVIDED,NO CONTROLS,IMPROPER OVERTAKING/PASSING,IMPROPER LANE USAGE,0,0,1,1,7,1,4,2394,CLARK ST,41.757829,-87.66107,04/08/2018 08:57:00 AM,2018
CR00036035,05/05/2016 03:22:00 PM,25,CLEAR,DARKNESS - LIGHTED ROAD,TURNING,ONE-WAY,TRAFFIC SIGNAL,IMPROPER OVERTAKING/PASSING,FOLLOWING TOO CLOSELY,0,0,0,0,15,5,5,1374,MICHIGAN AVE,41.775065,-87.739999,05/05/2016 03:24:00 PM,2016
CR00036036,04/25/2024 10:27:00 AM,45,CLEAR,DAYLIGHT,ANGLE,DIVIDED - W/MEDIAN (NOT RAISED),NO CONTROLS,DRIVING SKILLS/KNOWLEDGE/EXPERIENCE,UNABLE TO DETERMINE,0,0,0,0,10,5,4,400,KEDZIE AVE,41.996548,-87.749009,04/25/2024 11:02:00 AM,2024
CR00036037,05/23/2023 10:46:00 AM,35,CLEAR,DARKNESS - LIGHTED ROAD,ANGLE,T-INTERSECTION,TRAFFIC SIGNAL,UNABLE TO DETERMINE,FOLLOWING TOO CLOSELY,0,0,0,0,10,3,5,2519,HALSTED ST,41.926142,-87.568919,05/23/2023 11:45:00 AM,2023
CR00036038,05/08/2024 11:39:00 AM,30,CLEAR,DAYLIGHT,TURNING,DIVIDED - W/MEDIAN BARRIER,TRAFFIC SIGNAL,DISTRACTION - FROM INSIDE VEHICLE,IMPROPER OVERTAKING/PASSING,0,0,0,0,11,4,5,675,DAMEN AVE,41.873311,-87.521968,05/08/2024 12:33:00 PM,2024
CR00036039,09/02/2018 03:02:00 PM,30,CLOUDY/OVERCAST,DAYLIGHT,PARKED MOTOR VEHICLE,DIVIDED - W/MEDIAN (NOT RAISED),NO CONTROLS,UNABLE TO DETERMINE,UNABLE TO DETERMINE,0,0,0,0,15,1,9,589,STONY ISLAND AVE,41.976429,-87.508533,09/02/2018 04:25:00 PM,2018
CR00036040,11/11/2018 04:06:00 AM,35,RAIN,DARKNESS - LIGHTED ROAD,SIDESWIPE SAME DIRECTION,ONE-WAY,NO CONTROLS,FAILING TO REDUCE SPEED,FOLLOWING TOO CLOSELY,0,1,1,2,4,1,11,1873,CICERO AVE,41.742631,-87.737184,11/11/2018 05:29:00 AM,2018
CR00036041,11/27/2020 04:30:00 PM,35,CLEAR,DAYLIGHT,SIDESWIPE SAME DIRECTION,DIVIDED - W/MEDIAN (NOT RAISED),NO CONTROLS,FOLLOWING TOO CLOSELY,UNABLE TO DETERMINE,0,0,1,1,16,6,11,1235,BROADWAY,41.942298,-87.644603,11/27/2020 05:45:00 PM,2020
CR00036042,10/19/2024 04:53:00 PM,25,SNOW,DARKNESS - LIGHTED ROAD,TURNING,NOT DIVIDED,NO CONTROLS,UNABLE TO DETERMINE,IMPROPER LANE USAGE,0,0,0,0,16,7,10,264,DIVISION ST,41.95369,-87.842912,10/19/2024 06:11:00 PM,2024
CR00036043,01/13/2018 06:26:00 PM,30,FREEZING RAIN/DRIZZLE,DAYLIGHT,REAR END,DIVIDED - W/MEDIAN (NOT RAISED),NO CONTROLS,UNABLE TO DETERMINE,UNABLE TO DETERMINE,0,0,0,0,18,7,1,1264,IRVING PARK RD,41.985642,-87.509121,01/13/2018 07:54:00 PM,2018
CR00036044,01/29/2015 05:06:00 PM,40,CLEAR,DAYLIGHT,PARKED MOTOR VEHICLE,NOT DIVIDED,UNKNOWN,FAILING TO YIELD RIGHT-OF-WAY,NOT APPLICABLE,0,0,0,0,17,5,1,544,ROOSEVELT RD,41.998653,-87.54076,01/29/2015 05:45:00 PM,2015
CR00036045,10/16/2019 03:13:00 PM,30,CLEAR,DUSK,ANGLE,DIVIDED - W/MEDIAN BARRIER,NO CONTROLS,IMPROPER OVERTAKING/PASSING,DRIVING SKILLS/KNOWLEDGE/EXPERIENCE,0,0,0,0,15,4,10,516,STATE ST,41.942791,-87.513969,10/16/2019 04:15:00 PM,2019