CRASH_RECORD_ID,CRASH_DATE,POSTED_SPEED_LIMIT,WEATHER_CONDITION,LIGHTING_CONDITION,FIRST_CRASH_TYPE,TRAFFICWAY_TYPE,TRAFFIC_CONTROL_DEVICE,PRIM_CONTRIBUTORY_CAUSE,SEC_CONTRIBUTORY_CAUSE,INJURIES_FATAL,INJURIES_INCAPACITATING,INJURIES_NON_INCAPACITATING,INJURIES_TOTAL,CRASH_HOUR,CRASH_DAY_OF_WEEK,CRASH_MONTH,BEAT_OF_OCCURRENCE,STREET_NAME,LATITUDE,LONGITUDE,DATE_POLICE_NOTIFIED,year
CR00036046,11/19/2022 08:06:00 AM,40,CLEAR,DUSK,ANGLE,NOT DIVIDED,TRAFFIC SIGNAL,DISTRACTION - FROM INSIDE VEHICLE,UNABLE TO DETERMINE,0,0,0,0,8,7,11,1069,79TH ST,41.803804,-87.681894,11/19/2022 08:53:00 AM,2022
CR00036047,06/03/2019 09:28:00 AM,40,CLEAR,DAYLIGHT,SIDESWIPE SAME DIRECTION,ONE-WAY,UNKNOWN,UNABLE TO DETERMINE,NOT APPLICABLE,0,0,0,0,9,2,6,1392,ELSTON AVE,41.760779,-87.551801,06/03/2019 11:11:00 AM,2019
CR00036048,05/05/2022 08:11:00 AM,35,CLEAR,DAYLIGHT,REAR END,FOUR WAY,STOP SIGN/FLASHER,UNABLE TO DETERMINE,UNABLE TO DETERMINE,0,0,0,0,8,5,5,1120,ASHLAND AVE,41.769478,-87.819855,05/05/2022 09:32:00 AM,2022
CR00036049,02/27/2020 08:18:00 PM,30,RAIN,DAYLIGHT,SIDESWIPE SAME DIRECTION,ONE-WAY,NO CONTROLS,IMPROPER LANE USAGE,DRIVING SKILLS/KNOWLEDGE/EXPERIENCE,0,0,0,0,20,5,2,257,MICHIGAN AVE,41.893103,-87.654342,02/27/2020 09:33:00 PM,2020
CR00036050,10/12/2019 05:25:00 PM,45,CLEAR,DAYLIGHT,TURNING,NOT DIVIDED,NO CONTROLS,FOLLOWING TOO CLOSELY,IMPROPER OVERTAKING/PASSING,0,0,0,0,17,7,10,465,WESTERN AVE,41.836227,-87.593345,10/12/2019 05:27:00 PM,2019
CR00036051,12/19/2020 02:43:00 PM,40,CLEAR,DAYLIGHT,PEDESTRIAN,ONE-WAY,TRAFFIC SIGNAL,UNABLE TO DETERMINE,UNABLE TO DETERMINE,0,0,0,0,14,7,12,412,DAMEN AVE,41.878523,-87.84123,12/19/2020 04:43:00 PM,2020
CR00036052,09/29/2020 07:58:00 AM,30,CLEAR,DAYLIGHT,REAR END,NOT DIVIDED,NO CONTROLS,FOLLOWING TOO CLOSELY,UNABLE TO DETERMINE,0,0,0,0,7,3,9,297,ARCHER AVE,41.861338,-87.714729,09/29/2020 08:42:00 AM,2020
CR00036053,07/05/2015 04:52:00 PM,30,SNOW,DAWN,PARKED MOTOR VEHICLE,DIVIDED - W/MEDIAN BARRIER,YIELD,FAILING TO YIELD RIGHT-OF-WAY,NOT APPLICABLE,0,0,2,2,16,1,7,365,CLARK ST,41.961733,-87.781065,07/05/2015 06:17:00 PM,2015
CR00036054,10/01/2024 10:45:00 PM,35,RAIN,DAYLIGHT,ANGLE,NOT DIVIDED,TRAFFIC SIGNAL,FAILING TO YIELD RIGHT-OF-WAY,DISTRACTION - FROM INSIDE VEHICLE,0,0,0,0,22,3,10,2404,MICHIGAN AVE,41.918339,-87.532483,10/02/2024 12:44:00 AM,2024
CR00036055,08/01/2020 01:59:00 AM,20,CLEAR,DAYLIGHT,PARKED MOTOR VEHICLE,NOT DIVIDED,NO CONTROLS,IMPROPER OVERTAKING/PASSING,UNABLE TO DETERMINE,0,0,0,0,1,7,8,2040,ELSTON AVE,41.70442,-87.707765,08/01/2020 02:49:00 AM,2020
CR00036056,12/05/2021 05:00:00 PM,30,CLEAR,DARKNESS - LIGHTED ROAD,SIDESWIPE SAME DIRECTION,NOT DIVIDED,TRAFFIC SIGNAL,UNABLE TO DETERMINE,FAILING TO REDUCE SPEED,0,1,1,2,17,1,12,292,KEDZIE AVE,41.96053,-87.570473,12/05/2021 05:16:00 PM,2021
CR00036057,03/07/2018 03:12:00 PM,45,CLEAR,DAYLIGHT,REAR END,NOT DIVIDED,NO CONTROLS,UNABLE TO DETERMINE,FOLLOWING TOO CLOSELY,0,0,0,0,15,4,3,444,ASHLAND AVE,41.798995,-87.80035,03/07/2018 04:04:00 PM,2018
CR00036058,02/25/2024 07:15:00 AM,30,CLOUDY/OVERCAST,DARKNESS - LIGHTED ROAD,REAR END,NOT DIVIDED,STOP SIGN/FLASHER,IMPROPER LANE USAGE,FOLLOWING TOO CLOSELY,0,0,0,0,7,1,2,1249,ELSTON AVE,41.805003,-87.531712,02/25/2024 08:27:00 AM,2024
CR00036059,06/09/2023 12:52:00 PM,40,CLEAR,DAYLIGHT,PARKED MOTOR VEHICLE,ONE-WAY,TRAFFIC SIGNAL,IMPROPER OVERTAKING/PASSING,NOT APPLICABLE,0,0,1,1,12,6,6,1497,CICERO AVE,41.88192,-87.773247,06/09/2023 02:46:00 PM,2023
CR00036060,11/29/2022 02:26:00 PM,15,CLEAR,DAYLIGHT,REAR END,ONE-WAY,TRAFFIC SIGNAL,FOLLOWING TOO CLOSELY,IMPROPER OVERTAKING/PASSING,0,0,0,0,14,3,11,1948,MILWAUKEE AVE,41.733898,-87.72614,11/29/2022 04:16:00 PM,2022
CR00036061,04/09/2017 07:34:00 PM,40,CLEAR,DAYLIGHT,REAR END,FOUR WAY,TRAFFIC SIGNAL,FAILING TO YIELD RIGHT-OF-WAY,FOLLOWING TOO CLOSELY,0,0,0,0,19,1,4,1484,MILWAUKEE AVE,41.790922,-87.749816,04/09/2017 08:06:00 PM,2017
CR00036062,04/06/2020 01:22:00 AM,20,RAIN,DARKNESS - LIGHTED ROAD,REAR END,DIVIDED - W/MEDIAN BARRIER,NO CONTROLS,IMPROPER LANE USAGE,DRIVING SKILLS/KNOWLEDGE/EXPERIENCE,0,0,0,0,1,2,4,1724,STATE ST,41.706317,-87.50063,04/06/2020 02:15:00 AM,2020
CR00036063,03/09/2020 08:07:00 PM,35,CLEAR,DARKNESS,REAR END,DIVIDED - W/MEDIAN BARRIER,NO CONTROLS,UNABLE TO DETERMINE,IMPROPER LANE USAGE,0,0,0,0,20,2,3,276,47TH ST,41.770036,-87.532767,03/09/2020 09:13:00 PM,2020
CR00036064,04/27/2021 07:27:00 PM,20,CLEAR,DAYLIGHT,ANGLE,NOT DIVIDED,NO CONTROLS,DRIVING SKILLS/KNOWLEDGE/EXPERIENCE,FAILING TO YIELD RIGHT-OF-WAY,0,0,0,0,19,3,4,177,63RD ST,41.995118,-87.778745,04/27/2021 09:27:00 PM,2021
CR00036065,06/12/2022 06:52:00 PM,30,CLEAR,DARKNESS - LIGHTED ROAD,ANGLE,DIVIDED - W/MEDIAN (NOT RAISED),TRAFFIC SIGNAL,UNABLE TO DETERMINE,FAILING TO YIELD RIGHT-OF-WAY,0,0,0,0,18,1,6,976,ARCHER AVE,41.795999,-87.676504,06/12/2022 06:58:00 PM,2022
CR00036066,03/29/2022 10:05:00 AM,15,CLEAR,DAYLIGHT,REAR END,NOT DIVIDED,STOP SIGN/FLASHER,DRIVING SKILLS/KNOWLEDGE/EXPERIENCE,WEATHER,0,0,0,0,10,3,3,279,BROADWAY,41.940107,-87.661379,03/29/2022 10:32:00 AM,2022
CR00036067,10/23/2020 12:14:00 PM,15,CLEAR,DARKNESS,TURNING,NOT DIVIDED,NO CONTROLS,DISTRACTION - FROM INSIDE VEHICLE,UNABLE TO DETERMINE,0,0,0,0,12,6,10,351,BROADWAY,41.803526,-87.731532,10/23/2020 12:24:00 PM,2020
CR00036068,03/17/2015 11:01:00 PM,15,CLEAR,DAWN,REAR TO FRONT,FOUR WAY,NO CONTROLS,UNABLE TO DETERMINE,NOT APPLICABLE,0,0,0,0,23,3,3,1965,FULLERTON AVE,41.719456,-87.527309,03/17/2015 11:07:00 PM,2015
CR00036069,07/30/2022 06:32:00 PM,15,CLEAR,DAYLIGHT,REAR END,ONE-WAY,NO CONTROLS,DISTRACTION - FROM INSIDE VEHICLE,FAILING TO REDUCE SPEED,0,0,0,0,18,7,7,2329,BROADWAY,41.73259,-87.567714,07/30/2022 06:49:00 PM,2022
CR00036070,01/08/2015 07:28:00 PM,15,CLEAR,DAYLIGHT,REAR END,ONE-WAY,NO CONTROLS,DRIVING SKILLS/KNOWLEDGE/EXPERIENCE,UNABLE TO DETERMINE,0,0,0,0,19,5,1,694,DIVISION ST,41.706879,-87.839517,01/08/2015 08:21:00 PM,2015
CR00036071,11/07/2023 03:23:00 AM,20,CLEAR,DARKNESS - LIGHTED ROAD,TURNING,DIVIDED - W/MEDIAN BARRIER,TRAFFIC SIGNAL,FAILING TO REDUCE SPEED,IMPROPER LANE USAGE,0,0,0,0,3,3,11,2515,CICERO AVE,41.86808,-87.751012,11/07/2023 04:43:00 AM,2023
CR00036072,12/07/2019 04:34:00 AM,30,CLEAR,DAYLIGHT,FIXED OBJECT,FOUR WAY,NO CONTROLS,UNABLE TO DETERMINE,IMPROPER LANE USAGE,0,0,2,2,4,7,12,2196,CICERO AVE,41.915561,-87.833721,12/07/2019 05:01:00 AM,2019
CR00036073,10/27/2015 05:41:00 PM,25,CLEAR,DARKNESS - LIGHTED ROAD,REAR END,ONE-WAY,UNKNOWN,FOLLOWING TOO CLOSELY,UNABLE TO DETERMINE,0,0,0,0,17,3,10,807,79TH ST,41.836982,-87.788949,10/27/2015 07:13:00 PM,2015
CR00036074,02/11/2024 08:08:00 PM,35,CLEAR,DAWN,SIDESWIPE SAME DIRECTION,FOUR WAY,TRAFFIC SIGNAL,UNABLE TO DETERMINE,IMPROPER LANE USAGE,0,0,0,0,20,1,2,501,ROOSEVELT RD,41.732776,-87.767767,02/11/2024 09:32:00 PM,2024
CR00036075,06/25/2015 05:24:00 AM,20,CLEAR,DAYLIGHT,FIXED OBJECT,NOT DIVIDED,UNKNOWN,UNABLE TO DETERMINE,IMPROPER OVERTAKING/PASSING,0,0,0,0,5,5,6,216,STATE ST,41.98918,-87.582887,06/25/2015 06:37:00 AM,2015
CR00036076,09/06/2020 07:44:00 AM,40,CLEAR,DUSK,FIXED OBJECT,ONE-WAY,NO CONTROLS,DISREGARDING TRAFFIC SIGNALS,DRIVING SKILLS/KNOWLEDGE/EXPERIENCE,0,0,0,0,7,1,9,875,DAMEN AVE,41.719746,-87.654593,09/06/2020 09:11:00 AM,2020
CR00036077,03/13/2024 02:08:00 PM,30,RAIN,DUSK,REAR END,NOT DIVIDED,STOP SIGN/FLASHER,DISREGARDING TRAFFIC SIGNALS,FOLLOWING TOO CLOSELY,0,0,0,0,14,4,3,161,KEDZIE AVE,41.958215,-87.806537,03/13/2024 03:41:00 PM,2024
CR00036078,05/22/2019 08:35:00 AM,35,SNOW,DAYLIGHT,REAR END,T-INTERSECTION,NO CONTROLS,FAILING TO REDUCE SPEED,UNABLE TO DETERMINE,0,0,0,0,8,4,5,1427,LAKE SHORE DR,41.97539,-87.611627,05/22/2019 08:36:00 AM,2019
CR00036079,01/04/2024 05:40:00 PM,15,CLEAR,DUSK,ANGLE,ONE-WAY,NO CONTROLS,FOLLOWING TOO CLOSELY,FOLLOWING TOO CLOSELY,0,0,0,0,17,5,1,160,ELSTON AVE,41.712319,-87.550239,01/04/2024 06:37:00 PM,2024
CR00036080,05/17/2020 09:39:00 AM,35,CLOUDY/OVERCAST,DAYLIGHT,TURNING,DIVIDED - W/MEDIAN (NOT RAISED),NO CONTROLS,IMPROPER LANE USAGE,WEATHER,0,0,0,0,9,1,5,2366,CALIFORNIA AVE,41.958142,-87.72918,05/17/2020 11:13:00 AM,2020
CR00036081,06/07/2017 05:51:00 PM,25,CLEAR,DAYLIGHT,REAR END,DIVIDED - W/MEDIAN BARRIER,STOP SIGN/FLASHER,DISTRACTION - FROM INSIDE VEHICLE,DRIVING SKILLS/KNOWLEDGE/EXPERIENCE,0,0,0,0,17,4,6,895,FULLERTON AVE,41.741683,-87.798004,06/07/2017 07:03:00 PM,2017
CR00036082,08/12/2015 02:15:00 PM,20,CLEAR,DAYLIGHT,REAR TO FRONT,NOT DIVIDED,TRAFFIC SIGNAL,UNABLE TO DETERMINE,UNABLE TO DETERMINE,0,0,0,0,14,4,8,304,CICERO AVE,41.924627,-87.596339,08/12/2015 03:25:00 PM,2015
CR00036083,04/17/2023 02:33:00 PM,35,CLEAR,DAYLIGHT,FIXED OBJECT,NOT DIVIDED,STOP SIGN/FLASHER,FAILING TO YIELD RIGHT-OF-WAY,IMPROPER LANE USAGE,0,0,0,0,14,2,4,1242,PULASKI RD,41.959481,-87.685379,04/17/2023 03:42:00 PM,2023
CR00036084,08/13/2020 08:58:00 PM,30,SNOW,DARKNESS - LIGHTED ROAD,TURNING,T-INTERSECTION,STOP SIGN/FLASHER,DRIVING SKILLS/KNOWLEDGE/EXPERIENCE,NOT APPLICABLE,0,0,0,0,20,5,8,1452,CLARK ST,41.956446,-87.543368,08/13/2020 10:57:00 PM,2020
CR00036085,11/18/2022 08:09:00 AM,40,CLEAR,DUSK,SIDESWIPE SAME DIRECTION,NOT DIVIDED,NO CONTROLS,IMPROPER OVERTAKING/PASSING,DISREGARDING TRAFFIC SIGNALS,0,0,0,0,8,6,11,517,CLARK ST,41.939614,-87.723559,11/18/2022 09:18:00 AM,2022
CR00036086,09/01/2020 11:04:00 PM,30,CLEAR,DAYLIGHT,PARKED MOTOR VEHICLE,NOT DIVIDED,NO CONTROLS,IMPROPER OVERTAKING/PASSING,NOT APPLICABLE,0,0,0,0,23,3,9,1897,WESTERN AVE,41.766529,-87.838983,09/02/2020 12:01:00 AM,2020
CR00036087,04/28/2017 05:32:00 PM,40,CLEAR,DUSK,REAR END,FOUR WAY,STOP SIGN/FLASHER,DISTRACTION - FROM INSIDE VEHICLE,FOLLOWING TOO CLOSELY,0,0,0,0,17,6,4,544,DIVISION ST,41.733761,-87.746759,04/28/2017 06:56:00 PM,2017
CR00036088,08/19/2017 08:28:00 PM,20,CLEAR,DAWN,PARKED MOTOR VEHICLE,DIVIDED - W/MEDIAN BARRIER,STOP SIGN/FLASHER,IMPROPER OVERTAKING/PASSING,NOT APPLICABLE,0,0,0,0,20,7,8,1813,ARCHER AVE,41.787609,-87.677819,08/19/2017 09:49:00 PM,2017
CR00036089,09/24/2018 01:22:00 PM,20,CLEAR,DAYLIGHT,TURNING,T-INTERSECTION,NO CONTROLS,UNABLE TO DETERMINE,NOT APPLICABLE,0,0,0,0,13,2,9,587,DAMEN AVE,41.945557,-87.657351,09/24/2018 02:53:00 PM,2018
CR00036090,06/22/2015 12:44:00 AM,30,CLOUDY/OVERCAST,DAYLIGHT,TURNING,DIVIDED - W/MEDIAN (NOT RAISED),STOP SIGN/FLASHER,DISREGARDING TRAFFIC SIGNALS,FAILING TO REDUCE SPEED,0,0,2,2,0,2,6,446,KEDZIE AVE,41.995344,-87.662646,06/22/2015 12:45:00 AM,2015
CR00036091,06/05/2020 02:16:00 PM,40,CLEAR,DAYLIGHT,PEDESTRIAN,DIVIDED - W/MEDIAN BARRIER,UNKNOWN,FOLLOWING TOO CLOSELY,NOT APPLICABLE,0,0,0,0,14,6,6,1832,LAKE SHORE DR,41.92043,-87.807525,06/05/2020 03:13:00 PM,2020
CR00036092,10/20/2020 04:38:00 PM,25,CLEAR,DARKNESS - LIGHTED ROAD,SIDESWIPE SAME DIRECTION,NOT DIVIDED,NO CONTROLS,UNABLE TO DETERMINE,UNABLE TO DETERMINE,0,0,0,0,16,3,10,2150,ELSTON AVE,41.707739,-87.656689,10/20/2020 04:54:00 PM,2020
CR00036093,01/04/2016 06:38:00 PM,30,CLEAR,DARKNESS,ANGLE,NOT DIVIDED,NO CONTROLS,UNABLE TO DETERMINE,DISREGARDING TRAFFIC SIGNALS,0,0,0,0,18,2,1,228,CALIFORNIA AVE,41.711281,-87.518824,01/04/2016 07:46:00 PM,2016
CR00036094,11/23/2024 08:02:00 AM,35,CLEAR,DARKNESS,SIDESWIPE SAME DIRECTION,NOT DIVIDED,NO CONTROLS,FOLLOWING TOO CLOSELY,FOLLOWING TOO CLOSELY,0,0,0,0,8,7,11,2025,WESTERN AVE,41.976585,-87.630545,11/23/2024 08:28:00 AM,2024
CR00036095,08/19/2020 06:18:00 PM,40,CLEAR,DARKNESS,TURNING,DIVIDED - W/MEDIAN (NOT RAISED),STOP SIGN/FLASHER,UNABLE TO DETERMINE,IMPROPER OVERTAKING/PASSING,0,0,0,0,18,4,8,483,BROADWAY,41.78583,-87.631039,08/19/2020 07:12:00 PM,2020
CR00036096,05/11/2017 09:42:00 AM,45,CLOUDY/OVERCAST,DAYLIGHT,REAR END,NOT DIVIDED,NO CONTROLS,IMPROPER LANE USAGE,NOT APPLICABLE,0,0,0,0,9,5,5,1667,HALSTED ST,41.769632,-87.728106,05/11/2017 10:11:00 AM,2017
CR00036097,12/13/2023 12:52:00 PM,30,CLEAR,DAYLIGHT,REAR END,DIVIDED - W/MEDIAN (NOT RAISED),NO CONTROLS,UNABLE TO DETERMINE,UNABLE TO DETERMINE,0,0,0,0,12,4,12,2401,STATE ST,41.862506,-87.536364,12/13/2023 02:01:00 PM,2023
CR00036098,10/04/2024 09:11:00 AM,30,CLEAR,DAYLIGHT,TURNING,ONE-WAY,NO CONTROLS,UNABLE TO DETERMINE,FOLLOWING TOO CLOSELY,0,0,0,0,9,6,10,1367,PULASKI RD,41.79541,-87.644054,10/04/2024 11:05:00 AM,2024
CR00036099,07/03/2024 08:05:00 AM,25,FREEZING RAIN/DRIZZLE,DAYLIGHT,ANGLE,NOT DIVIDED,NO CONTROLS,FAILING TO REDUCE SPEED,IMPROPER LANE USAGE,0,0,0,0,8,4,7,258,CICERO AVE,41.743521,-87.81477,07/03/2024 10:01:00 AM,2024
CR00036100,04/06/2017 08:38:00 PM,35,CLEAR,DAYLIGHT,REAR END,NOT DIVIDED,TRAFFIC SIGNAL,UNABLE TO DETERMINE,NOT APPLICABLE,0,0,0,0,20,5,4,732,PULASKI RD,41.998655,-87.838622,04/06/2017 08:48:00 PM,2017
CR00036101,11/27/2024 08:13:00 PM,30,CLEAR,DAYLIGHT,TURNING,DIVIDED - W/MEDIAN (NOT RAISED),TRAFFIC SIGNAL,FAILING TO YIELD RIGHT-OF-WAY,IMPROPER LANE USAGE,0,0,0,0,20,4,11,1637,LAKE SHORE DR,41.965565,-87.691095,11/27/2024 08:49:00 PM,2024
CR00036102,08/26/2015 03:36:00 PM,45,CLEAR,DARKNESS - LIGHTED ROAD,REAR END,NOT DIVIDED,NO CONTROLS,FOLLOWING TOO CLOSELY,FOLLOWING TOO CLOSELY,0,0,0,0,15,4,8,1632,ELSTON AVE,41.827714,-87.693465,08/26/2015 05:28:00 PM,2015
CR00036103,09/16/2016 04:06:00 PM,45,CLEAR,DAYLIGHT,TURNING,NOT DIVIDED,UNKNOWN,DISREGARDING TRAFFIC SIGNALS,IMPROPER OVERTAKING/PASSING,0,0,1,1,16,6,9,2265,OGDEN AVE,41.768226,-87.725173,09/16/2016 05:36:00 PM,2016
CR00036104,06/23/2019 11:56:00 AM,25,CLEAR,DAYLIGHT,REAR END,DIVIDED - W/MEDIAN BARRIER,NO CONTROLS,FAILING TO REDUCE SPEED,NOT APPLICABLE,0,1,1,2,11,1,6,2293,CALIFORNIA AVE,41.737971,-87.561178,06/23/2019 12:29:00 PM,2019
CR00036105,09/04/2021 02:52:00 PM,35,CLEAR,DAYLIGHT,ANGLE,DIVIDED - W/MEDIAN BARRIER,TRAFFIC SIGNAL,FAILING TO YIELD RIGHT-OF-WAY,IMPROPER OVERTAKING/PASSING,0,0,0,0,14,7,9,385,STONY ISLAND AVE,41.832216,-87.683039,09/04/2021 03:05:00 PM,2021
CR00036106,12/30/2019 03:58:00 AM,40,SNOW,DAYLIGHT,SIDESWIPE SAME DIRECTION,NOT DIVIDED,TRAFFIC SIGNAL,UNABLE TO DETERMINE,UNABLE TO DETERMINE,0,0,1,1,3,2,12,2457,ELSTON AVE,41.840415,-87.696433,12/30/2019 04:35:00 AM,2019
CR00036107,06/27/2015 04:59:00 AM,40,CLEAR,DAWN,REAR END,NOT DIVIDED,UNKNOWN,FAILING TO YIELD RIGHT-OF-WAY,UNABLE TO DETERMINE,0,0,0,0,4,7,6,890,DIVISION ST,41.828458,-87.801151,06/27/2015 05:40:00 AM,2015
CR00036108,09/26/2019 11:23:00 AM,30,CLEAR,DARKNESS - LIGHTED ROAD,TURNING,DIVIDED - W/MEDIAN (NOT RAISED),PEDESTRIAN CROSSING SIGN,FAILING TO YIELD RIGHT-OF-WAY,NOT APPLICABLE,0,0,0,0,11,5,9,1215,WESTERN AVE,41.971269,-87.694257,09/26/2019 11:37:00 AM,2019
CR00036109,02/19/2020 10:48:00 PM,15,RAIN,DARKNESS,REAR END,DIVIDED - W/MEDIAN (NOT RAISED),TRAFFIC SIGNAL,IMPROPER LANE USAGE,UNABLE TO DETERMINE,0,1,1,2,22,4,2,1585,ARCHER AVE,41.858764,-87.58743,02/20/2020 12:05:00 AM,2020
CR00036110,05/02/2020 06:49:00 PM,15,CLEAR,DAYLIGHT,TURNING,ONE-WAY,TRAFFIC SIGNAL,DISREGARDING TRAFFIC SIGNALS,UNABLE TO DETERMINE,0,0,1,1,18,7,5,863,DIVISION ST,41.890749,-87.56867,05/02/2020 08:19:00 PM,2020
CR00036111,06/29/2021 03:07:00 PM,30,SNOW,DAYLIGHT,FIXED OBJECT,ONE-WAY,STOP SIGN/FLASHER,DISTRACTION - FROM INSIDE VEHICLE,IMPROPER OVERTAKING/PASSING,0,0,0,0,15,3,6,1990,STATE ST,41.720943,-87.767481,06/29/2021 04:43:00 PM,2021
CR00036112,10/05/2019 03:42:00 PM,15,RAIN,DAYLIGHT,SIDESWIPE SAME DIRECTION,FOUR WAY,NO CONTROLS,IMPROPER OVERTAKING/PASSING,UNABLE TO DETERMINE,0,0,0,0,15,7,10,1548,STONY ISLAND AVE,41.795399,-87.512377,10/05/2019 04:29:00 PM,2019
CR00036113,10/30/2016 09:11:00 AM,25,CLEAR,DAYLIGHT,SIDESWIPE SAME DIRECTION,NOT DIVIDED,NO CONTROLS,IMPROPER LANE USAGE,UNABLE TO DETERMINE,0,1,3,4,9,1,10,469,WESTERN AVE,41.904323,-87.520323,10/30/2016 09:41:00 AM,2016
CR00036114,04/24/2017 05:25:00 PM,25,CLEAR,DAYLIGHT,REAR END,ONE-WAY,NO CONTROLS,FAILING TO YIELD RIGHT-OF-WAY,FOLLOWING TOO CLOSELY,0,0,0,0,17,2,4,2205,79TH ST,41.877809,-87.789578,04/24/2017 05:45:00 PM,2017
CR00036115,07/22/2022 07:13:00 PM,25,CLEAR,DARKNESS - LIGHTED ROAD,PARKED MOTOR VEHICLE,NOT DIVIDED,NO CONTROLS,IMPROPER LANE USAGE,FAILING TO REDUCE SPEED,0,0,0,0,19,6,7,1460,47TH ST,41.740311,-87.629763,07/22/2022 08:39:00 PM,2022
CR00036116,09/29/2022 03:43:00 PM,30,CLEAR,DAYLIGHT,PEDESTRIAN,ONE-WAY,NO CONTROLS,UNABLE TO DETERMINE,UNABLE TO DETERMINE,0,0,0,0,15,5,9,877,FULLERTON AVE,41.850969,-87.849974,09/29/2022 04:58:00 PM,2022
CR00036117,01/02/2021 03:22:00 PM,20,CLEAR,DAYLIGHT,REAR TO FRONT,ONE-WAY,TRAFFIC SIGNAL,UNABLE TO DETERMINE,UNABLE TO DETERMINE,0,0,3,3,15,7,1,1365,ASHLAND AVE,41.880869,-87.590337,01/02/2021 04:33:00 PM,2021
CR00036118,12/17/2022 06:52:00 PM,35,CLEAR,DAYLIGHT,REAR END,DIVIDED - W/MEDIAN (NOT RAISED),STOP SIGN/FLASHER,FAILING TO REDUCE SPEED,NOT APPLICABLE,0,0,0,0,18,7,12,1971,LAKE SHORE DR,41.72886,-87.522675,12/17/2022 06:54:00 PM,2022
CR00036119,12/23/2019 05:32:00 PM,45,RAIN,DAYLIGHT,REAR TO FRONT,NOT DIVIDED,NO CONTROLS,UNABLE TO DETERMINE,DRIVING SKILLS/KNOWLEDGE/EXPERIENCE,0,0,0,0,17,2,12,2392,MILWAUKEE AVE,41.780698,-87.69407,12/23/2019 06:52:00 PM,2019
CR00036120,02/21/2015 04:14:00 PM,20,RAIN,DARKNESS - LIGHTED ROAD,TURNING,DIVIDED - W/MEDIAN BARRIER,PEDESTRIAN CROSSING SIGN,FAILING TO REDUCE SPEED,FAILING TO YIELD RIGHT-OF-WAY,0,0,0,0,16,7,2,1831,ASHLAND AVE,41.788807,-87.832769,02/21/2015 05:20:00 PM,2015
CR00036121,06/22/2020 08:53:00 PM,30,CLEAR,DAYLIGHT,TURNING,ONE-WAY,TRAFFIC SIGNAL,IMPROPER LANE USAGE,DISREGARDING TRAFFIC SIGNALS,0,0,0,0,20,2,6,908,ROOSEVELT RD,41.935977,-87.527475,06/22/2020 10:51:00 PM,2020
CR00036122,08/04/2016 07:23:00 AM,25,CLEAR,DARKNESS - LIGHTED ROAD,REAR END,NOT DIVIDED,YIELD,UNABLE TO DETERMINE,NOT APPLICABLE,0,0,0,0,7,5,8,2397,79TH ST,41.924339,-87.763301,08/04/2016 08:43:00 AM,2016
CR00036123,07/17/2017 12:12:00 PM,25,RAIN,DAYLIGHT,PARKED MOTOR VEHICLE,NOT DIVIDED,NO CONTROLS,DRIVING SKILLS/KNOWLEDGE/EXPERIENCE,NOT APPLICABLE,0,0,2,2,12,2,7,259,ARCHER AVE,41.921541,-87.76552,07/17/2017 02:01:00 PM,2017
CR00036124,04/10/2024 04:34:00 PM,30,CLEAR,DARKNESS - LIGHTED ROAD,REAR END,ONE-WAY,NO CONTROLS,IMPROPER OVERTAKING/PASSING,FOLLOWING TOO CLOSELY,0,0,1,1,16,4,4,571,DIVISION ST,41.934634,-87.622787,04/10/2024 05:45:00 PM,2024
CR00036125,07/23/2018 10:12:00 AM,30,CLEAR,DAYLIGHT,PARKED MOTOR VEHICLE,DIVIDED - W/MEDIAN BARRIER,NO CONTROLS,FOLLOWING TOO CLOSELY,FOLLOWING TOO CLOSELY,0,0,2,2,10,2,7,1678,STONY ISLAND AVE,41.749808,-87.729716,07/23/2018 11:26:00 AM,2018
CR00036126,08/13/2017 08:27:00 PM,30,CLEAR,DAYLIGHT,ANGLE,ONE-WAY,NO CONTROLS,UNABLE TO DETERMINE,FOLLOWING TOO CLOSELY,0,0,0,0,20,1,8,2069,MILWAUKEE AVE,41.93096,-87.631851,08/13/2017 09:00:00 PM,2017
CR00036127,05/12/2019 11:43:00 PM,15,RAIN,DARKNESS - LIGHTED ROAD,REAR END,FOUR WAY,TRAFFIC SIGNAL,FOLLOWING TOO CLOSELY,DRIVING SKILLS/KNOWLEDGE/EXPERIENCE,0,0,0,0,23,1,5,1549,CLARK ST,41.820811,-87.554075,05/13/2019 01:11:00 AM,2019
CR00036128,07/27/2018 09:56:00 PM,20,RAIN,DAYLIGHT,SIDESWIPE SAME DIRECTION,NOT DIVIDED,NO CONTROLS,UNABLE TO DETERMINE,UNABLE TO DETERMINE,0,0,0,0,21,6,7,806,BROADWAY,41.828247,-87.504849,07/27/2018 10:52:00 PM,2018
CR00036129,03/03/2021 04:14:00 PM,30,CLEAR,DAYLIGHT,SIDESWIPE SAME DIRECTION,NOT DIVIDED,STOP SIGN/FLASHER,WEATHER,NOT APPLICABLE,0,0,0,0,16,4,3,968,47TH ST,41.960394,-87.5835,03/03/2021 04:45:00 PM,2021