CRASH_RECORD_ID,CRASH_DATE,POSTED_SPEED_LIMIT,WEATHER_CONDITION,LIGHTING_CONDITION,FIRST_CRASH_TYPE,TRAFFICWAY_TYPE,TRAFFIC_CONTROL_DEVICE,PRIM_CONTRIBUTORY_CAUSE,SEC_CONTRIBUTORY_CAUSE,INJURIES_FATAL,INJURIES_INCAPACITATING,INJURIES_NON_INCAPACITATING,INJURIES_TOTAL,CRASH_HOUR,CRASH_DAY_OF_WEEK,CRASH_MONTH,BEAT_OF_OCCURRENCE,STREET_NAME,LATITUDE,LONGITUDE,DATE_POLICE_NOTIFIED,year
CR00036130,06/02/2022 04:31:00 PM,25,SNOW,DAYLIGHT,TURNING,NOT DIVIDED,TRAFFIC SIGNAL,FOLLOWING TOO CLOSELY,WEATHER,0,0,0,0,16,5,6,2460,ASHLAND AVE,41.707493,-87.747966,06/02/2022 05:13:00 PM,2022
CR00036131,02/05/2016 06:19:00 PM,30,CLEAR,DAYLIGHT,FIXED OBJECT,ONE-WAY,TRAFFIC SIGNAL,UNABLE TO DETERMINE,FOLLOWING TOO CLOSELY,0,0,2,2,18,6,2,569,47TH ST,41.95859,-87.592808,02/05/2016 07:41:00 PM,2016
CR00036132,03/16/2015 05:05:00 PM,15,FOG/SMOKE/HAZE,DAYLIGHT,REAR END,NOT DIVIDED,NO CONTROLS,DRIVING SKILLS/KNOWLEDGE/EXPERIENCE,FOLLOWING TOO CLOSELY,0,0,0,0,17,2,3,1705,KEDZIE AVE,41.765265,-87.66644,03/16/2015 06:49:00 PM,2015
CR00036133,02/22/2019 10:00:00 AM,15,CLEAR,DUSK,REAR END,NOT DIVIDED,TRAFFIC SIGNAL,DRIVING SKILLS/KNOWLEDGE/EXPERIENCE,UNABLE TO DETERMINE,0,0,0,0,10,6,2,690,BROADWAY,41.951327,-87.517729,02/22/2019 11:57:00 AM,2019
CR00036134,11/11/2019 04:10:00 PM,35,CLEAR,DARKNESS - LIGHTED ROAD,REAR END,NOT DIVIDED,NO CONTROLS,FOLLOWING TOO CLOSELY,DISTRACTION - FROM INSIDE VEHICLE,0,0,0,0,16,2,11,2436,PULASKI RD,41.90428,-87.530485,11/11/2019 05:04:00 PM,2019
CR00036135,09/08/2019 10:18:00 AM,35,CLEAR,DAYLIGHT,REAR TO FRONT,DIVIDED - W/MEDIAN (NOT RAISED),NO CONTROLS,FAILING TO YIELD RIGHT-OF-WAY,FAILING TO YIELD RIGHT-OF-WAY,0,0,0,0,10,1,9,1416,KEDZIE AVE,41.88783,-87.746169,09/08/2019 10:52:00 AM,2019
CR00036136,11/29/2017 03:38:00 PM,30,CLEAR,DARKNESS - LIGHTED ROAD,ANGLE,FOUR WAY,UNKNOWN,FAILING TO REDUCE SPEED,DRIVING SKILLS/KNOWLEDGE/EXPERIENCE,0,0,0,0,15,4,11,1661,IRVING PARK RD,41.805179,-87.595157,11/29/2017 05:04:00 PM,2017
CR00036137,09/20/2015 06:58:00 PM,30,RAIN,DAYLIGHT,TURNING,NOT DIVIDED,STOP SIGN/FLASHER,DRIVING SKILLS/KNOWLEDGE/EXPERIENCE,NOT APPLICABLE,0,1,1,2,18,1,9,987,63RD ST,41.989346,-87.591948,09/20/2015 08:22:00 PM,2015
CR00036138,06/19/2018 02:58:00 AM,25,CLEAR,DAYLIGHT,REAR END,DIVIDED - W/MEDIAN (NOT RAISED),TRAFFIC SIGNAL,UNABLE TO DETERMINE,UNABLE TO DETERMINE,0,0,0,0,2,3,6,1912,79TH ST,41.783279,-87.633206,06/19/2018 03:35:00 AM,2018
CR00036139,02/04/2021 03:45:00 PM,30,CLEAR,DARKNESS - LIGHTED ROAD,ANGLE,NOT DIVIDED,TRAFFIC SIGNAL,UNABLE TO DETERMINE,NOT APPLICABLE,0,0,0,0,15,5,2,1373,FULLERTON AVE,41.711344,-87.842932,02/04/2021 04:54:00 PM,2021
CR00036140,06/25/2022 03:23:00 PM,35,CLEAR,DAYLIGHT,TURNING,ONE-WAY,NO CONTROLS,WEATHER,NOT APPLICABLE,0,0,0,0,15,7,6,1535,PULASKI RD,41.716972,-87.638523,06/25/2022 05:17:00 PM,2022
CR00036141,05/30/2017 09:03:00 AM,15,CLEAR,DAYLIGHT,REAR END,NOT DIVIDED,NO CONTROLS,UNABLE TO DETERMINE,NOT APPLICABLE,0,0,0,0,9,3,5,431,DIVISION ST,41.849554,-87.591662,05/30/2017 09:20:00 AM,2017
CR00036142,04/06/2018 02:36:00 PM,25,CLEAR,DAYLIGHT,REAR TO FRONT,ONE-WAY,TRAFFIC SIGNAL,DISREGARDING TRAFFIC SIGNALS,DRIVING SKILLS/KNOWLEDGE/EXPERIENCE,0,0,1,1,14,6,4,1260,CICERO AVE,41.816007,-87.738076,04/06/2018 03:09:00 PM,2018
CR00036143,01/01/2024 05:00:00 AM,40,CLEAR,DAYLIGHT,SIDESWIPE SAME DIRECTION,DIVIDED - W/MEDIAN (NOT RAISED),TRAFFIC SIGNAL,FOLLOWING TOO CLOSELY,UNABLE TO DETERMINE,0,0,0,0,5,2,1,2390,ROOSEVELT RD,41.9505,-87.761974,01/01/2024 05:13:00 AM,2024
CR00036144,04/05/2018 03:45:00 AM,35,CLEAR,DARKNESS,TURNING,NOT DIVIDED,STOP SIGN/FLASHER,DISTRACTION - FROM INSIDE VEHICLE,UNABLE TO DETERMINE,0,0,0,0,3,5,4,1813,79TH ST,41.978961,-87.533328,04/05/2018 04:21:00 AM,2018
CR00036145,08/01/2015 02:05:00 AM,25,FOG/SMOKE/HAZE,DAYLIGHT,PARKED MOTOR VEHICLE,DIVIDED - W/MEDIAN (NOT RAISED),UNKNOWN,FAILING TO YIELD RIGHT-OF-WAY,FAILING TO YIELD RIGHT-OF-WAY,0,0,0,0,2,7,8,1356,DIVISION ST,41.73878,-87.681276,08/01/2015 03:23:00 AM,2015
CR00036146,06/18/2018 01:05:00 AM,45,CLEAR,DAYLIGHT,SIDESWIPE SAME DIRECTION,DIVIDED - W/MEDIAN (NOT RAISED),NO CONTROLS,DISTRACTION - FROM INSIDE VEHICLE,IMPROPER LANE USAGE,0,0,3,3,1,2,6,422,STONY ISLAND AVE,41.887618,-87.796019,06/18/2018 02:06:00 AM,2018
CR00036147,05/02/2024 01:56:00 PM,45,RAIN,DAWN,REAR END,NOT DIVIDED,TRAFFIC SIGNAL,IMPROPER OVERTAKING/PASSING,DISREGARDING TRAFFIC SIGNALS,0,0,0,0,13,5,5,2445,47TH ST,41.865639,-87.755138,05/02/2024 02:45:00 PM,2024
CR00036148,01/31/2015 02:52:00 PM,30,RAIN,DAYLIGHT,REAR END,ONE-WAY,TRAFFIC SIGNAL,UNABLE TO DETERMINE,UNABLE TO DETERMINE,0,0,0,0,14,7,1,785,MICHIGAN AVE,41.710227,-87.811957,01/31/2015 03:49:00 PM,2015
CR00036149,06/04/2024 05:10:00 PM,45,CLEAR,DARKNESS,TURNING,NOT DIVIDED,PEDESTRIAN CROSSING SIGN,FAILING TO REDUCE SPEED,FOLLOWING TOO CLOSELY,0,0,0,0,17,3,6,127,IRVING PARK RD,41.782352,-87.624159,06/04/2024 06:18:00 PM,2024
CR00036150,06/13/2017 09:29:00 AM,20,CLEAR,DARKNESS - LIGHTED ROAD,PEDESTRIAN,DIVIDED - W/MEDIAN (NOT RAISED),TRAFFIC SIGNAL,DRIVING SKILLS/KNOWLEDGE/EXPERIENCE,IMPROPER LANE USAGE,0,0,3,3,9,3,6,1299,ELSTON AVE,41.934545,-87.557128,06/13/2017 09:42:00 AM,2017
CR00036151,10/06/2023 11:53:00 AM,30,CLEAR,DAYLIGHT,TURNING,NOT DIVIDED,STOP SIGN/FLASHER,DRIVING SKILLS/KNOWLEDGE/EXPERIENCE,DRIVING SKILLS/KNOWLEDGE/EXPERIENCE,0,0,0,0,11,6,10,138,IRVING PARK RD,41.783759,-87.802195,10/06/2023 01:12:00 PM,2023
CR00036152,04/24/2017 05:28:00 PM,30,CLEAR,DARKNESS - LIGHTED ROAD,PARKED MOTOR VEHICLE,DIVIDED - W/MEDIAN BARRIER,TRAFFIC SIGNAL,UNABLE TO DETERMINE,UNABLE TO DETERMINE,0,0,0,0,17,2,4,1825,KEDZIE AVE,41.956493,-87.571506,04/24/2017 05:42:00 PM,2017
CR00036153,03/25/2021 01:21:00 PM,30,CLEAR,DAYLIGHT,SIDESWIPE SAME DIRECTION,NOT DIVIDED,TRAFFIC SIGNAL,IMPROPER OVERTAKING/PASSING,IMPROPER OVERTAKING/PASSING,0,0,0,0,13,5,3,2041,PULASKI RD,41.824684,-87.530535,03/25/2021 03:11:00 PM,2021
CR00036154,09/16/2020 09:33:00 AM,45,RAIN,DAYLIGHT,REAR TO FRONT,DIVIDED - W/MEDIAN (NOT RAISED),TRAFFIC SIGNAL,IMPROPER OVERTAKING/PASSING,UNABLE TO DETERMINE,0,0,0,0,9,4,9,641,DAMEN AVE,41.996359,-87.744279,09/16/2020 10:41:00 AM,2020
CR00036155,02/12/2016 05:08:00 PM,35,CLEAR,DAYLIGHT,TURNING,NOT DIVIDED,NO CONTROLS,UNABLE TO DETERMINE,IMPROPER OVERTAKING/PASSING,0,0,1,1,17,6,2,2275,ROOSEVELT RD,41.717835,-87.758848,02/12/2016 05:50:00 PM,2016
CR00036156,03/26/2020 04:43:00 AM,45,CLEAR,DAYLIGHT,FIXED OBJECT,DIVIDED - W/MEDIAN (NOT RAISED),UNKNOWN,UNABLE TO DETERMINE,UNABLE TO DETERMINE,0,0,1,1,4,5,3,2159,MICHIGAN AVE,41.95548,-87.779676,03/26/2020 05:45:00 AM,2020
CR00036157,07/05/2022 05:51:00 PM,25,CLEAR,DAYLIGHT,PARKED MOTOR VEHICLE,NOT DIVIDED,TRAFFIC SIGNAL,DISREGARDING TRAFFIC SIGNALS,NOT APPLICABLE,0,0,0,0,17,3,7,1415,ARCHER AVE,41.870074,-87.605465,07/05/2022 07:38:00 PM,2022
CR00036158,12/29/2022 03:13:00 PM,20,FREEZING RAIN/DRIZZLE,DAYLIGHT,SIDESWIPE SAME DIRECTION,NOT DIVIDED,STOP SIGN/FLASHER,FOLLOWING TOO CLOSELY,IMPROPER OVERTAKING/PASSING,0,0,0,0,15,5,12,388,MILWAUKEE AVE,41.850151,-87.531348,12/29/2022 04:34:00 PM,2022
CR00036159,06/18/2021 08:46:00 PM,30,CLEAR,DAYLIGHT,ANGLE,DIVIDED - W/MEDIAN BARRIER,NO CONTROLS,IMPROPER LANE USAGE,UNABLE TO DETERMINE,0,0,0,0,20,6,6,1652,47TH ST,41.857389,-87.704819,06/18/2021 09:46:00 PM,2021
CR00036160,05/19/2016 01:29:00 PM,35,CLEAR,DARKNESS - LIGHTED ROAD,PARKED MOTOR VEHICLE,NOT DIVIDED,NO CONTROLS,DISREGARDING TRAFFIC SIGNALS,FOLLOWING TOO CLOSELY,0,0,0,0,13,5,5,1896,47TH ST,41.933486,-87.731746,05/19/2016 03:21:00 PM,2016
CR00036161,03/22/2022 10:20:00 AM,20,CLEAR,DAWN,ANGLE,DIVIDED - W/MEDIAN BARRIER,NO CONTROLS,FAILING TO YIELD RIGHT-OF-WAY,UNABLE TO DETERMINE,0,0,0,0,10,3,3,2002,WESTERN AVE,41.962199,-87.740061,03/22/2022 11:35:00 AM,2022
CR00036162,02/16/2021 11:33:00 AM,45,CLEAR,DAYLIGHT,SIDESWIPE SAME DIRECTION,NOT DIVIDED,TRAFFIC SIGNAL,FAILING TO REDUCE SPEED,WEATHER,0,0,0,0,11,3,2,918,OGDEN AVE,41.758146,-87.814368,02/16/2021 12:07:00 PM,2021
CR00036163,11/05/2015 05:18:00 PM,35,CLEAR,DARKNESS,TURNING,ONE-WAY,NO CONTROLS,DISTRACTION - FROM INSIDE VEHICLE,UNABLE TO DETERMINE,0,0,0,0,17,5,11,586,HALSTED ST,41.777238,-87.702392,11/05/2015 05:46:00 PM,2015
CR00036164,09/19/2020 11:37:00 AM,20,CLOUDY/OVERCAST,DAYLIGHT,REAR END,NOT DIVIDED,STOP SIGN/FLASHER,UNABLE TO DETERMINE,UNABLE TO DETERMINE,0,0,0,0,11,7,9,979,HALSTED ST,41.890504,-87.640653,09/19/2020 01:14:00 PM,2020
CR00036165,12/18/2016 08:51:00 AM,20,CLEAR,DAYLIGHT,SIDESWIPE SAME DIRECTION,T-INTERSECTION,TRAFFIC SIGNAL,UNABLE TO DETERMINE,DISTRACTION - FROM INSIDE VEHICLE,0,0,1,1,8,1,12,320,IRVING PARK RD,41.796673,-87.798085,12/18/2016 10:41:00 AM,2016
CR00036166,05/17/2024 09:38:00 AM,20,CLEAR,DARKNESS,ANGLE,DIVIDED - W/MEDIAN (NOT RAISED),NO CONTROLS,DISREGARDING TRAFFIC SIGNALS,NOT APPLICABLE,0,1,1,2,9,6,5,485,ROOSEVELT RD,41.907326,-87.720728,05/17/2024 11:18:00 AM,2024
CR00036167,07/31/2020 01:08:00 PM,20,CLEAR,DARKNESS - LIGHTED ROAD,REAR TO FRONT,NOT DIVIDED,NO CONTROLS,UNABLE TO DETERMINE,NOT APPLICABLE,0,0,0,0,13,6,7,2171,DAMEN AVE,41.97304,-87.555939,07/31/2020 02:05:00 PM,2020
CR00036168,06/09/2019 04:58:00 AM,25,CLEAR,DARKNESS - LIGHTED ROAD,REAR END,DIVIDED - W/MEDIAN (NOT RAISED),STOP SIGN/FLASHER,FOLLOWING TOO CLOSELY,UNABLE TO DETERMINE,0,0,0,0,4,1,6,2287,DAMEN AVE,41.927038,-87.786368,06/09/2019 05:51:00 AM,2019
CR00036169,04/26/2022 02:20:00 PM,40,FREEZING RAIN/DRIZZLE,DAYLIGHT,REAR END,NOT DIVIDED,STOP SIGN/FLASHER,FAILING TO YIELD RIGHT-OF-WAY,WEATHER,0,1,1,2,14,3,4,167,47TH ST,41.960775,-87.746203,04/26/2022 02:53:00 PM,2022
CR00036170,04/15/2016 06:55:00 AM,25,CLEAR,DARKNESS,REAR END,NOT DIVIDED,TRAFFIC SIGNAL,DISTRACTION - FROM INSIDE VEHICLE,FAILING TO REDUCE SPEED,0,0,0,0,6,6,4,1373,63RD ST,41.916883,-87.70222,04/15/2016 08:18:00 AM,2016
CR00036171,12/17/2020 03:15:00 AM,25,CLEAR,DAYLIGHT,TURNING,DIVIDED - W/MEDIAN BARRIER,STOP SIGN/FLASHER,FAILING TO YIELD RIGHT-OF-WAY,NOT APPLICABLE,0,0,0,0,3,5,12,743,IRVING PARK RD,41.864736,-87.774072,12/17/2020 03:29:00 AM,2020
CR00036172,02/17/2019 01:05:00 PM,15,CLEAR,DUSK,REAR END,NOT DIVIDED,PEDESTRIAN CROSSING SIGN,DISREGARDING TRAFFIC SIGNALS,NOT APPLICABLE,0,0,0,0,13,1,2,1115,IRVING PARK RD,41.786688,-87.831805,02/17/2019 01:16:00 PM,2019
CR00036173,12/26/2024 07:30:00 AM,45,CLEAR,DARKNESS - LIGHTED ROAD,ANGLE,NOT DIVIDED,STOP SIGN/FLASHER,UNABLE TO DETERMINE,NOT APPLICABLE,0,0,0,0,7,5,12,2266,63RD ST,41.743625,-87.841764,12/26/2024 08:36:00 AM,2024
CR00036174,12/12/2015 12:22:00 PM,40,CLEAR,DAYLIGHT,PARKED MOTOR VEHICLE,NOT DIVIDED,PEDESTRIAN CROSSING SIGN,IMPROPER OVERTAKING/PASSING,UNABLE TO DETERMINE,0,0,0,0,12,7,12,989,FULLERTON AVE,41.94152,-87.82957,12/12/2015 01:30:00 PM,2015
CR00036175,07/14/2022 04:06:00 PM,35,RAIN,DAYLIGHT,TURNING,DIVIDED - W/MEDIAN BARRIER,NO CONTROLS,UNABLE TO DETERMINE,UNABLE TO DETERMINE,0,0,1,1,16,5,7,1819,ROOSEVELT RD,41.705707,-87.643017,07/14/2022 04:49:00 PM,2022
CR00036176,10/11/2020 03:25:00 PM,25,CLEAR,DAYLIGHT,TURNING,FOUR WAY,NO CONTROLS,UNABLE TO DETERMINE,WEATHER,0,0,0,0,15,1,10,2341,DIVISION ST,41.797929,-87.53041,10/11/2020 03:26:00 PM,2020
CR00036177,10/29/2021 10:28:00 AM,30,CLEAR,DUSK,ANGLE,FOUR WAY,TRAFFIC SIGNAL,FOLLOWING TOO CLOSELY,FOLLOWING TOO CLOSELY,0,0,0,0,10,6,10,784,PULASKI RD,41.945177,-87.687045,10/29/2021 11:11:00 AM,2021
CR00036178,02/14/2023 08:23:00 AM,30,CLOUDY/OVERCAST,DAYLIGHT,TURNING,DIVIDED - W/MEDIAN (NOT RAISED),TRAFFIC SIGNAL,DISREGARDING TRAFFIC SIGNALS,FOLLOWING TOO CLOSELY,0,0,0,0,8,3,2,1229,STATE ST,41.924893,-87.64723,02/14/2023 08:54:00 AM,2023
CR00036179,12/24/2019 12:37:00 PM,40,SNOW,DAYLIGHT,SIDESWIPE SAME DIRECTION,DIVIDED - W/MEDIAN (NOT RAISED),STOP SIGN/FLASHER,DRIVING SKILLS/KNOWLEDGE/EXPERIENCE,UNABLE TO DETERMINE,0,0,1,1,12,3,12,385,OGDEN AVE,41.933198,-87.777856,12/24/2019 02:27:00 PM,2019
CR00036180,10/22/2017 06:06:00 PM,25,CLEAR,DAYLIGHT,REAR END,NOT DIVIDED,NO CONTROLS,FOLLOWING TOO CLOSELY,NOT APPLICABLE,0,0,0,0,18,1,10,1423,ASHLAND AVE,41.989598,-87.839745,10/22/2017 07:09:00 PM,2017
CR00036181,05/05/2022 08:16:00 AM,35,CLEAR,DARKNESS - LIGHTED ROAD,ANGLE,NOT DIVIDED,TRAFFIC SIGNAL,FAILING TO YIELD RIGHT-OF-WAY,WEATHER,0,1,0,1,8,5,5,1581,CICERO AVE,41.839263,-87.716598,05/05/2022 08:48:00 AM,2022
CR00036182,05/03/2020 05:14:00 AM,30,CLEAR,DAWN,TURNING,T-INTERSECTION,NO CONTROLS,UNABLE TO DETERMINE,FOLLOWING TOO CLOSELY,0,0,0,0,5,1,5,1505,79TH ST,41.702966,-87.513911,05/03/2020 06:34:00 AM,2020
CR00036183,10/08/2020 11:00:00 AM,20,CLEAR,DARKNESS - LIGHTED ROAD,REAR TO FRONT,ONE-WAY,NO CONTROLS,IMPROPER OVERTAKING/PASSING,IMPROPER OVERTAKING/PASSING,0,0,0,0,11,5,10,903,63RD ST,41.884805,-87.50892,10/08/2020 11:24:00 AM,2020
CR00036184,11/24/2015 06:29:00 PM,25,CLEAR,DUSK,SIDESWIPE SAME DIRECTION,NOT DIVIDED,TRAFFIC SIGNAL,FAILING TO YIELD RIGHT-OF-WAY,DISREGARDING TRAFFIC SIGNALS,0,1,2,3,18,3,11,1023,DAMEN AVE,41.810196,-87.726434,11/24/2015 07:05:00 PM,2015
CR00036185,06/24/2016 09:20:00 AM,40,CLEAR,DAYLIGHT,FIXED OBJECT,ONE-WAY,NO CONTROLS,UNABLE TO DETERMINE,FAILING TO YIELD RIGHT-OF-WAY,0,1,1,2,9,6,6,2262,FULLERTON AVE,41.918649,-87.781785,06/24/2016 10:21:00 AM,2016
CR00036186,09/11/2021 09:51:00 PM,30,CLEAR,DUSK,TURNING,T-INTERSECTION,TRAFFIC SIGNAL,FOLLOWING TOO CLOSELY,UNABLE TO DETERMINE,0,0,0,0,21,7,9,1472,CICERO AVE,41.724708,-87.622122,09/11/2021 11:08:00 PM,2021
CR00036187,01/28/2023 05:13:00 PM,45,CLEAR,DAYLIGHT,ANGLE,NOT DIVIDED,NO CONTROLS,FOLLOWING TOO CLOSELY,IMPROPER OVERTAKING/PASSING,0,0,0,0,17,7,1,1185,IRVING PARK RD,41.959511,-87.78538,01/28/2023 05:44:00 PM,2023
CR00036188,07/26/2016 10:01:00 AM,40,CLEAR,DARKNESS - LIGHTED ROAD,REAR END,FOUR WAY,PEDESTRIAN CROSSING SIGN,IMPROPER OVERTAKING/PASSING,FOLLOWING TOO CLOSELY,0,0,1,1,10,3,7,691,MICHIGAN AVE,41.977359,-87.776026,07/26/2016 10:13:00 AM,2016
CR00036189,07/10/2015 11:24:00 PM,20,CLEAR,DAYLIGHT,ANGLE,ONE-WAY,NO CONTROLS,DISTRACTION - FROM INSIDE VEHICLE,FAILING TO YIELD RIGHT-OF-WAY,0,0,2,2,23,6,7,2448,DIVISION ST,41.966173,-87.629503,07/11/2015 12:35:00 AM,2015
CR00036190,11/27/2023 09:16:00 AM,30,CLEAR,DAYLIGHT,REAR END,FOUR WAY,NO CONTROLS,UNABLE TO DETERMINE,UNABLE TO DETERMINE,0,0,0,0,9,2,11,2096,STONY ISLAND AVE,41.85234,-87.569916,11/27/2023 10:51:00 AM,2023
CR00036191,03/11/2022 07:56:00 AM,30,CLEAR,DAYLIGHT,TURNING,NOT DIVIDED,STOP SIGN/FLASHER,FOLLOWING TOO CLOSELY,WEATHER,0,0,0,0,7,6,3,1259,DAMEN AVE,41.702565,-87.551661,03/11/2022 09:37:00 AM,2022
CR00036192,03/15/2020 04:48:00 PM,35,CLEAR,DAYLIGHT,PARKED MOTOR VEHICLE,ONE-WAY,TRAFFIC SIGNAL,IMPROPER OVERTAKING/PASSING,FAILING TO REDUCE SPEED,0,0,0,0,16,1,3,2019,CALIFORNIA AVE,41.772353,-87.684691,03/15/2020 05:41:00 PM,2020
CR00036193,08/30/2023 12:27:00 AM,30,RAIN,DAYLIGHT,REAR END,NOT DIVIDED,TRAFFIC SIGNAL,FOLLOWING TOO CLOSELY,NOT APPLICABLE,0,0,0,0,0,4,8,1883,STATE ST,41.911733,-87.764477,08/30/2023 01:08:00 AM,2023
CR00036194,12/03/2024 10:59:00 AM,40,RAIN,DAYLIGHT,TURNING,DIVIDED - W/MEDIAN (NOT RAISED),STOP SIGN/FLASHER,FAILING TO REDUCE SPEED,FOLLOWING TOO CLOSELY,0,0,0,0,10,3,12,1308,KEDZIE AVE,41.743995,-87.513545,12/03/2024 12:42:00 PM,2024
CR00036195,11/29/2023 10:06:00 AM,35,CLEAR,DAYLIGHT,SIDESWIPE SAME DIRECTION,NOT DIVIDED,TRAFFIC SIGNAL,FAILING TO YIELD RIGHT-OF-WAY,DRIVING SKILLS/KNOWLEDGE/EXPERIENCE,0,0,0,0,10,4,11,2318,WESTERN AVE,41.797542,-87.526778,11/29/2023 10:42:00 AM,2023
CR00036196,03/07/2023 10:53:00 AM,30,CLEAR,DAYLIGHT,REAR END,T-INTERSECTION,NO CONTROLS,DISREGARDING TRAFFIC SIGNALS,FOLLOWING TOO CLOSELY,0,0,0,0,10,3,3,1886,BROADWAY,41.788677,-87.606587,03/07/2023 11:37:00 AM,2023
CR00036197,08/29/2023 09:30:00 AM,25,CLEAR,DAYLIGHT,REAR TO FRONT,DIVIDED - W/MEDIAN BARRIER,TRAFFIC SIGNAL,DISREGARDING TRAFFIC SIGNALS,NOT APPLICABLE,0,0,0,0,9,3,8,1238,47TH ST,41.948439,-87.725871,08/29/2023 10:22:00 AM,2023
CR00036198,05/28/2016 03:49:00 PM,35,CLEAR,DUSK,REAR END,FOUR WAY,TRAFFIC SIGNAL,FOLLOWING TOO CLOSELY,UNABLE TO DETERMINE,0,0,0,0,15,7,5,2204,IRVING PARK RD,41.943082,-87.780745,05/28/2016 05:36:00 PM,2016
CR00036199,09/28/2021 05:11:00 PM,45,CLEAR,DAYLIGHT,REAR END,DIVIDED - W/MEDIAN BARRIER,NO CONTROLS,DISREGARDING TRAFFIC SIGNALS,IMPROPER LANE USAGE,0,0,0,0,17,3,9,646,CICERO AVE,41.732703,-87.62378,09/28/2021 07:04:00 PM,2021
CR00036200,06/11/2017 08:41:00 PM,30,RAIN,DAYLIGHT,SIDESWIPE SAME DIRECTION,NOT DIVIDED,NO CONTROLS,FOLLOWING TOO CLOSELY,FAILING TO REDUCE SPEED,0,0,0,0,20,1,6,2309,STONY ISLAND AVE,41.748521,-87.827898,06/11/2017 09:39:00 PM,2017
CR00036201,12/15/2018 05:41:00 PM,45,CLEAR,DAYLIGHT,ANGLE,DIVIDED - W/MEDIAN (NOT RAISED),NO CONTROLS,UNABLE TO DETERMINE,NOT APPLICABLE,0,0,0,0,17,7,12,796,LAKE SHORE DR,41.79779,-87.615059,12/15/2018 05:49:00 PM,2018
CR00036202,01/03/2022 08:54:00 AM,45,CLEAR,DARKNESS - LIGHTED ROAD,REAR END,ONE-WAY,TRAFFIC SIGNAL,FAILING TO YIELD RIGHT-OF-WAY,NOT APPLICABLE,0,0,0,0,8,2,1,2467,MILWAUKEE AVE,41.98553,-87.594722,01/03/2022 09:25:00 AM,2022
CR00036203,06/29/2020 08:52:00 AM,45,CLEAR,DAYLIGHT,FIXED OBJECT,DIVIDED - W/MEDIAN (NOT RAISED),NO CONTROLS,UNABLE TO DETERMINE,FAILING TO REDUCE SPEED,0,0,2,2,8,2,6,1185,MICHIGAN AVE,41.908699,-87.607628,06/29/2020 09:14:00 AM,2020
CR00036204,09/28/2021 11:19:00 AM,40,CLEAR,DAWN,REAR END,DIVIDED - W/MEDIAN (NOT RAISED),STOP SIGN/FLASHER,WEATHER,FAILING TO YIELD RIGHT-OF-WAY,0,0,0,0,11,3,9,1001,47TH ST,41.779728,-87.679966,09/28/2021 12:52:00 PM,2021
CR00036205,06/25/2023 04:56:00 PM,35,CLOUDY/OVERCAST,DARKNESS - LIGHTED ROAD,SIDESWIPE SAME DIRECTION,NOT DIVIDED,TRAFFIC SIGNAL,DISREGARDING TRAFFIC SIGNALS,UNABLE TO DETERMINE,0,0,0,0,16,1,6,2466,ROOSEVELT RD,41.807151,-87.644538,06/25/2023 05:36:00 PM,2023
CR00036206,10/06/2018 07:34:00 PM,25,RAIN,DAYLIGHT,REAR END,NOT DIVIDED,NO CONTROLS,UNABLE TO DETERMINE,NOT APPLICABLE,0,0,0,0,19,7,10,1382,STATE ST,41.954059,-87.757989,10/06/2018 07:55:00 PM,2018
CR00036207,06/15/2015 03:20:00 PM,30,CLEAR,DAWN,REAR END,FOUR WAY,TRAFFIC SIGNAL,UNABLE TO DETERMINE,DISTRACTION - FROM INSIDE VEHICLE,0,0,0,0,15,2,6,194,CLARK ST,41.787231,-87.625194,06/15/2015 03:24:00 PM,2015
CR00036208,12/05/2020 06:03:00 AM,20,CLEAR,DAYLIGHT,ANGLE,NOT DIVIDED,TRAFFIC SIGNAL,FAILING TO YIELD RIGHT-OF-WAY,DISTRACTION - FROM INSIDE VEHICLE,0,0,0,0,6,7,12,1791,OGDEN AVE,41.983714,-87.783706,12/05/2020 06:30:00 AM,2020
CR00036209,12/23/2020 07:05:00 AM,35,CLEAR,DARKNESS - LIGHTED ROAD,REAR TO FRONT,NOT DIVIDED,TRAFFIC SIGNAL,UNABLE TO DETERMINE,FOLLOWING TOO CLOSELY,0,0,0,0,7,4,12,2242,ASHLAND AVE,41.761557,-87.72466,12/23/2020 07:58:00 AM,2020
CR00036210,03/05/2018 11:00:00 AM,30,CLEAR,DAYLIGHT,REAR END,DIVIDED - W/MEDIAN BARRIER,STOP SIGN/FLASHER,FOLLOWING TOO CLOSELY,IMPROPER LANE USAGE,0,0,0,0,11,2,3,1352,ASHLAND AVE,41.86066,-87.638494,03/05/2018 11:22:00 AM,2018
CR00036211,07/15/2015 06:54:00 PM,20,SNOW,DAYLIGHT,TURNING,NOT DIVIDED,NO CONTROLS,DRIVING SKILLS/KNOWLEDGE/EXPERIENCE,DISREGARDING TRAFFIC SIGNALS,0,0,0,0,18,4,7,424,LAKE SHORE DR,41.746059,-87.710261,07/15/2015 07:02:00 PM,2015
CR00036212,10/06/2023 07:33:00 PM,20,CLEAR,DAYLIGHT,ANGLE,DIVIDED - W/MEDIAN BARRIER,STOP SIGN/FLASHER,UNABLE TO DETERMINE,DRIVING SKILLS/KNOWLEDGE/EXPERIENCE,0,0,3,3,19,6,10,1738,ELSTON AVE,41.92978,-87.579146,10/06/2023 09:13:00 PM,2023