CRASH_RECORD_ID,CRASH_DATE,POSTED_SPEED_LIMIT,WEATHER_CONDITION,LIGHTING_CONDITION,FIRST_CRASH_TYPE,TRAFFICWAY_TYPE,TRAFFIC_CONTROL_DEVICE,PRIM_CONTRIBUTORY_CAUSE,SEC_CONTRIBUTORY_CAUSE,INJURIES_FATAL,INJURIES_INCAPACITATING,INJURIES_NON_INCAPACITATING,INJURIES_TOTAL,CRASH_HOUR,CRASH_DAY_OF_WEEK,CRASH_MONTH,BEAT_OF_OCCURRENCE,STREET_NAME,LATITUDE,LONGITUDE,DATE_POLICE_NOTIFIED,year
CR00036213,06/15/2024 04:01:00 PM,30,CLEAR,DAYLIGHT,REAR END,FOUR WAY,NO CONTROLS,FAILING TO YIELD RIGHT-OF-WAY,UNABLE TO DETERMINE,0,1,2,3,16,7,6,1913,IRVING PARK RD,41.941939,-87.6708,06/15/2024 04:49:00 PM,2024
CR00036214,10/14/2018 10:46:00 AM,15,CLEAR,DAYLIGHT,REAR TO FRONT,NOT DIVIDED,TRAFFIC SIGNAL,IMPROPER LANE USAGE,FOLLOWING TOO CLOSELY,0,0,0,0,10,1,10,1323,MILWAUKEE AVE,41.729969,-87.785061,10/14/2018 11:19:00 AM,2018
CR00036215,01/18/2015 04:36:00 PM,35,CLEAR,DAYLIGHT,REAR END,NOT DIVIDED,TRAFFIC SIGNAL,UNABLE TO DETERMINE,WEATHER,0,0,0,0,16,1,1,1083,ARCHER AVE,41.958254,-87.59122,01/18/2015 05:59:00 PM,2015
CR00036216,09/04/2024 12:53:00 PM,30,CLEAR,DAYLIGHT,PARKED MOTOR VEHICLE,ONE-WAY,TRAFFIC SIGNAL,IMPROPER OVERTAKING/PASSING,IMPROPER OVERTAKING/PASSING,0,2,3,5,12,4,9,1274,CLARK ST,41.746363,-87.511245,09/04/2024 12:56:00 PM,2024
CR00036217,01/06/2015 08:40:00 AM,25,CLEAR,DAYLIGHT,ANGLE,NOT DIVIDED,TRAFFIC SIGNAL,UNABLE TO DETERMINE,UNABLE TO DETERMINE,0,0,0,0,8,3,1,2250,DAMEN AVE,41.812637,-87.675632,01/06/2015 09:53:00 AM,2015
CR00036218,07/09/2017 01:07:00 PM,25,CLEAR,DARKNESS - LIGHTED ROAD,REAR END,NOT DIVIDED,STOP SIGN/FLASHER,UNABLE TO DETERMINE,FAILING TO YIELD RIGHT-OF-WAY,0,0,0,0,13,1,7,1053,MILWAUKEE AVE,41.722923,-87.830231,07/09/2017 02:59:00 PM,2017
CR00036219,06/06/2019 01:57:00 PM,40,CLEAR,DARKNESS,REAR END,NOT DIVIDED,NO CONTROLS,IMPROPER OVERTAKING/PASSING,FOLLOWING TOO CLOSELY,0,0,0,0,13,5,6,2018,MILWAUKEE AVE,41.920939,-87.630645,06/06/2019 02:58:00 PM,2019
CR00036220,04/07/2018 06:31:00 PM,30,CLEAR,DUSK,REAR END,NOT DIVIDED,STOP SIGN/FLASHER,FOLLOWING TOO CLOSELY,IMPROPER LANE USAGE,0,0,0,0,18,7,4,1249,WESTERN AVE,41.716843,-87.529967,04/07/2018 07:01:00 PM,2018
CR00036221,06/05/2020 03:35:00 AM,25,CLEAR,DAYLIGHT,PEDESTRIAN,DIVIDED - W/MEDIAN BARRIER,TRAFFIC SIGNAL,IMPROPER LANE USAGE,DRIVING SKILLS/KNOWLEDGE/EXPERIENCE,0,0,1,1,3,6,6,1310,CALIFORNIA AVE,41.919432,-87.550184,06/05/2020 05:33:00 AM,2020
CR00036222,08/05/2021 05:58:00 PM,30,RAIN,DAYLIGHT,REAR END,NOT DIVIDED,PEDESTRIAN CROSSING SIGN,DISTRACTION - FROM INSIDE VEHICLE,UNABLE TO DETERMINE,0,0,0,0,17,5,8,1771,DIVISION ST,41.751994,-87.605629,08/05/2021 07:10:00 PM,2021
CR00036223,10/20/2018 04:53:00 AM,15,CLEAR,DAYLIGHT,REAR END,ONE-WAY,TRAFFIC SIGNAL,FAILING TO REDUCE SPEED,NOT APPLICABLE,0,0,0,0,4,7,10,474,ELSTON AVE,41.740243,-87.727183,10/20/2018 06:12:00 AM,2018
CR00036224,08/30/2020 04:24:00 PM,15,CLOUDY/OVERCAST,DAYLIGHT,REAR END,NOT DIVIDED,NO CONTROLS,FOLLOWING TOO CLOSELY,UNABLE TO DETERMINE,0,0,0,0,16,1,8,2352,STONY ISLAND AVE,41.774427,-87.689763,08/30/2020 05:51:00 PM,2020
CR00036225,04/16/2022 10:03:00 PM,35,CLEAR,DAYLIGHT,SIDESWIPE SAME DIRECTION,NOT DIVIDED,NO CONTROLS,IMPROPER OVERTAKING/PASSING,UNABLE TO DETERMINE,0,0,0,0,22,7,4,1858,CALIFORNIA AVE,41.909617,-87.740374,04/16/2022 10:29:00 PM,2022
CR00036226,09/02/2023 08:48:00 PM,20,CLEAR,DAYLIGHT,ANGLE,NOT DIVIDED,STOP SIGN/FLASHER,UNABLE TO DETERMINE,NOT APPLICABLE,0,0,3,3,20,7,9,988,ROOSEVELT RD,41.741815,-87.504055,09/02/2023 10:18:00 PM,2023
CR00036227,09/26/2016 08:11:00 AM,30,SNOW,DAYLIGHT,PEDESTRIAN,DIVIDED - W/MEDIAN BARRIER,NO CONTROLS,UNABLE TO DETERMINE,NOT APPLICABLE,0,0,0,0,8,2,9,2060,ROOSEVELT RD,41.943351,-87.700937,09/26/2016 08:57:00 AM,2016
CR00036228,02/28/2015 05:57:00 PM,30,RAIN,DAYLIGHT,PEDESTRIAN,NOT DIVIDED,STOP SIGN/FLASHER,UNABLE TO DETERMINE,NOT APPLICABLE,0,0,0,0,17,7,2,2110,ELSTON AVE,41.798111,-87.766375,02/28/2015 07:54:00 PM,2015
CR00036229,04/12/2019 06:23:00 PM,45,RAIN,DARKNESS,REAR END,FOUR WAY,NO CONTROLS,FOLLOWING TOO CLOSELY,DRIVING SKILLS/KNOWLEDGE/EXPERIENCE,0,0,0,0,18,6,4,202,ARCHER AVE,41.909593,-87.8193,04/12/2019 06:35:00 PM,2019
CR00036230,11/23/2023 11:59:00 AM,45,CLEAR,DAYLIGHT,TURNING,NOT DIVIDED,NO CONTROLS,UNABLE TO DETERMINE,NOT APPLICABLE,0,2,0,2,11,5,11,500,ARCHER AVE,41.795663,-87.736721,11/23/2023 01:43:00 PM,2023
CR00036231,05/22/2023 09:41:00 PM,40,CLEAR,DAYLIGHT,ANGLE,T-INTERSECTION,NO CONTROLS,IMPROPER OVERTAKING/PASSING,UNABLE TO DETERMINE,0,0,0,0,21,2,5,1808,OGDEN AVE,41.876947,-87.723099,05/22/2023 09:59:00 PM,2023
CR00036232,04/09/2017 01:20:00 PM,35,CLEAR,DAYLIGHT,REAR END,DIVIDED - W/MEDIAN BARRIER,STOP SIGN/FLASHER,FOLLOWING TOO CLOSELY,IMPROPER LANE USAGE,0,0,0,0,13,1,4,320,ELSTON AVE,41.805533,-87.711154,04/09/2017 02:14:00 PM,2017
CR00036233,06/03/2023 10:20:00 PM,30,CLEAR,DARKNESS - LIGHTED ROAD,REAR END,NOT DIVIDED,TRAFFIC SIGNAL,FOLLOWING TOO CLOSELY,IMPROPER OVERTAKING/PASSING,0,0,0,0,22,7,6,2303,BROADWAY,41.80168,-87.597554,06/04/2023 12:08:00 AM,2023
CR00036234,11/20/2022 03:56:00 PM,25,CLEAR,DAYLIGHT,SIDESWIPE SAME DIRECTION,T-INTERSECTION,TRAFFIC SIGNAL,DISTRACTION - FROM INSIDE VEHICLE,DRIVING SKILLS/KNOWLEDGE/EXPERIENCE,0,0,3,3,15,1,11,1816,STATE ST,41.714806,-87.814869,11/20/2022 04:15:00 PM,2022
CR00036235,04/29/2016 09:53:00 AM,30,CLEAR,DAYLIGHT,REAR END,DIVIDED - W/MEDIAN (NOT RAISED),TRAFFIC SIGNAL,FAILING TO YIELD RIGHT-OF-WAY,FOLLOWING TOO CLOSELY,0,0,0,0,9,6,4,109,MILWAUKEE AVE,41.867221,-87.653043,04/29/2016 10:20:00 AM,2016
CR00036236,12/21/2015 12:56:00 AM,15,CLEAR,DARKNESS - LIGHTED ROAD,ANGLE,DIVIDED - W/MEDIAN (NOT RAISED),TRAFFIC SIGNAL,UNABLE TO DETERMINE,DISTRACTION - FROM INSIDE VEHICLE,0,0,0,0,0,2,12,2316,DAMEN AVE,41.846042,-87.705854,12/21/2015 02:51:00 AM,2015
CR00036237,06/29/2022 03:42:00 PM,20,CLEAR,DARKNESS - LIGHTED ROAD,REAR END,DIVIDED - W/MEDIAN (NOT RAISED),TRAFFIC SIGNAL,IMPROPER OVERTAKING/PASSING,FOLLOWING TOO CLOSELY,0,0,0,0,15,4,6,687,ROOSEVELT RD,41.887248,-87.523671,06/29/2022 03:44:00 PM,2022
CR00036238,07/05/2018 01:59:00 AM,30,CLOUDY/OVERCAST,DAYLIGHT,REAR TO FRONT,FOUR WAY,STOP SIGN/FLASHER,WEATHER,UNABLE TO DETERMINE,0,0,0,0,1,5,7,1333,PULASKI RD,41.855112,-87.646719,07/05/2018 03:33:00 AM,2018
CR00036239,06/19/2015 03:54:00 PM,35,RAIN,DARKNESS,TURNING,NOT DIVIDED,TRAFFIC SIGNAL,UNABLE TO DETERMINE,FAILING TO YIELD RIGHT-OF-WAY,0,0,0,0,15,6,6,2162,IRVING PARK RD,41.959249,-87.715447,06/19/2015 05:24:00 PM,2015
CR00036240,10/05/2023 12:56:00 PM,40,CLEAR,DAYLIGHT,REAR END,NOT DIVIDED,PEDESTRIAN CROSSING SIGN,FAILING TO REDUCE SPEED,IMPROPER LANE USAGE,0,0,2,2,12,5,10,1032,MILWAUKEE AVE,41.960101,-87.665951,10/05/2023 01:19:00 PM,2023
CR00036241,06/23/2018 05:42:00 AM,25,RAIN,DARKNESS - LIGHTED ROAD,SIDESWIPE SAME DIRECTION,ONE-WAY,NO CONTROLS,WEATHER,DISREGARDING TRAFFIC SIGNALS,0,0,1,1,5,7,6,463,MICHIGAN AVE,41.746309,-87.684781,06/23/2018 06:59:00 AM,2018
CR00036242,11/17/2020 03:56:00 PM,40,CLEAR,DAYLIGHT,TURNING,NOT DIVIDED,STOP SIGN/FLASHER,FOLLOWING TOO CLOSELY,FAILING TO YIELD RIGHT-OF-WAY,0,0,0,0,15,3,11,325,HALSTED ST,41.798763,-87.664037,11/17/2020 04:03:00 PM,2020
CR00036243,12/10/2015 07:18:00 PM,35,CLEAR,DAYLIGHT,REAR TO FRONT,DIVIDED - W/MEDIAN BARRIER,NO CONTROLS,FOLLOWING TOO CLOSELY,NOT APPLICABLE,0,0,0,0,19,5,12,1372,FULLERTON AVE,41.795431,-87.659228,12/10/2015 09:05:00 PM,2015
CR00036244,10/15/2015 09:37:00 AM,40,CLEAR,DAYLIGHT,TURNING,NOT DIVIDED,NO CONTROLS,FAILING TO REDUCE SPEED,IMPROPER LANE USAGE,0,0,0,0,9,5,10,202,ROOSEVELT RD,41.882161,-87.544562,10/15/2015 11:31:00 AM,2015
CR00036245,01/09/2017 08:26:00 PM,40,CLOUDY/OVERCAST,DARKNESS - LIGHTED ROAD,ANGLE,NOT DIVIDED,NO CONTROLS,FAILING TO YIELD RIGHT-OF-WAY,FAILING TO YIELD RIGHT-OF-WAY,0,0,2,2,20,2,1,1214,STONY ISLAND AVE,41.70866,-87.622924,01/09/2017 08:48:00 PM,2017
CR00036246,07/14/2020 04:52:00 AM,40,CLOUDY/OVERCAST,DAYLIGHT,TURNING,NOT DIVIDED,NO CONTROLS,IMPROPER LANE USAGE,NOT APPLICABLE,0,0,0,0,4,3,7,131,47TH ST,41.927161,-87.541747,07/14/2020 06:24:00 AM,2020
CR00036247,07/14/2016 08:26:00 PM,30,CLEAR,DARKNESS - LIGHTED ROAD,REAR END,FOUR WAY,NO CONTROLS,FAILING TO YIELD RIGHT-OF-WAY,FAILING TO YIELD RIGHT-OF-WAY,0,0,0,0,20,5,7,1704,CLARK ST,41.818081,-87.735611,07/14/2016 10:16:00 PM,2016
CR00036248,08/09/2021 07:39:00 PM,30,SNOW,DARKNESS - LIGHTED ROAD,ANGLE,ONE-WAY,TRAFFIC SIGNAL,WEATHER,FOLLOWING TOO CLOSELY,0,0,0,0,19,2,8,540,PULASKI RD,41.798626,-87.504205,08/09/2021 08:18:00 PM,2021
CR00036249,03/04/2019 12:28:00 PM,30,CLEAR,DAYLIGHT,REAR END,DIVIDED - W/MEDIAN (NOT RAISED),TRAFFIC SIGNAL,UNABLE TO DETERMINE,UNABLE TO DETERMINE,0,0,0,0,12,2,3,2494,47TH ST,41.767048,-87.646741,03/04/2019 01:23:00 PM,2019
CR00036250,08/12/2015 06:06:00 AM,35,CLEAR,DARKNESS,PARKED MOTOR VEHICLE,FOUR WAY,NO CONTROLS,UNABLE TO DETERMINE,NOT APPLICABLE,0,0,0,0,6,4,8,607,HALSTED ST,41.993495,-87.561207,08/12/2015 07:44:00 AM,2015
CR00036251,03/28/2024 01:11:00 PM,25,SNOW,DARKNESS,REAR END,NOT DIVIDED,NO CONTROLS,FAILING TO YIELD RIGHT-OF-WAY,UNABLE TO DETERMINE,0,0,3,3,13,5,3,1697,BROADWAY,41.857241,-87.58304,03/28/2024 01:38:00 PM,2024
CR00036252,12/11/2016 06:24:00 PM,20,CLEAR,DARKNESS - LIGHTED ROAD,ANGLE,NOT DIVIDED,STOP SIGN/FLASHER,FOLLOWING TOO CLOSELY,NOT APPLICABLE,0,0,1,1,18,1,12,1680,BROADWAY,41.879074,-87.547451,12/11/2016 07:10:00 PM,2016
CR00036253,09/27/2015 11:28:00 AM,40,RAIN,DAYLIGHT,ANGLE,DIVIDED - W/MEDIAN (NOT RAISED),STOP SIGN/FLASHER,FOLLOWING TOO CLOSELY,UNABLE TO DETERMINE,0,0,0,0,11,1,9,419,ARCHER AVE,41.756647,-87.772502,09/27/2015 12:27:00 PM,2015
CR00036254,09/25/2017 08:17:00 AM,40,RAIN,DARKNESS,TURNING,NOT DIVIDED,TRAFFIC SIGNAL,DRIVING SKILLS/KNOWLEDGE/EXPERIENCE,DRIVING SKILLS/KNOWLEDGE/EXPERIENCE,0,0,0,0,8,2,9,672,LAKE SHORE DR,41.968284,-87.755924,09/25/2017 09:31:00 AM,2017
CR00036255,11/15/2015 07:22:00 AM,35,CLEAR,DARKNESS - LIGHTED ROAD,REAR END,NOT DIVIDED,TRAFFIC SIGNAL,DISREGARDING TRAFFIC SIGNALS,FOLLOWING TOO CLOSELY,0,0,0,0,7,1,11,2450,CLARK ST,41.81988,-87.708161,11/15/2015 08:57:00 AM,2015
CR00036256,07/23/2020 10:50:00 PM,40,SNOW,DAYLIGHT,SIDESWIPE SAME DIRECTION,DIVIDED - W/MEDIAN (NOT RAISED),NO CONTROLS,FOLLOWING TOO CLOSELY,UNABLE TO DETERMINE,0,0,0,0,22,5,7,2300,OGDEN AVE,41.710994,-87.708998,07/24/2020 12:19:00 AM,2020
CR00036257,05/21/2024 12:08:00 PM,25,CLEAR,DARKNESS - LIGHTED ROAD,ANGLE,NOT DIVIDED,NO CONTROLS,DRIVING SKILLS/KNOWLEDGE/EXPERIENCE,DISTRACTION - FROM INSIDE VEHICLE,0,0,1,1,12,3,5,987,CLARK ST,41.702575,-87.661702,05/21/2024 01:11:00 PM,2024
CR00036258,02/26/2019 08:52:00 AM,15,RAIN,DAYLIGHT,PARKED MOTOR VEHICLE,FOUR WAY,STOP SIGN/FLASHER,FAILING TO YIELD RIGHT-OF-WAY,UNABLE TO DETERMINE,0,0,0,0,8,3,2,763,IRVING PARK RD,41.86873,-87.686525,02/26/2019 09:13:00 AM,2019
CR00036259,03/14/2018 04:53:00 PM,15,CLEAR,DUSK,TURNING,FOUR WAY,TRAFFIC SIGNAL,DISTRACTION - FROM INSIDE VEHICLE,FAILING TO YIELD RIGHT-OF-WAY,0,0,0,0,16,4,3,1966,DIVISION ST,41.9944,-87.778466,03/14/2018 04:59:00 PM,2018
CR00036260,01/14/2017 05:19:00 AM,35,CLEAR,DARKNESS,SIDESWIPE SAME DIRECTION,DIVIDED - W/MEDIAN (NOT RAISED),NO CONTROLS,UNABLE TO DETERMINE,FAILING TO YIELD RIGHT-OF-WAY,0,0,0,0,5,7,1,1405,HALSTED ST,41.87817,-87.749202,01/14/2017 06:15:00 AM,2017
CR00036261,10/11/2015 12:11:00 AM,25,CLOUDY/OVERCAST,DAYLIGHT,ANGLE,NOT DIVIDED,TRAFFIC SIGNAL,DRIVING SKILLS/KNOWLEDGE/EXPERIENCE,FOLLOWING TOO CLOSELY,0,0,0,0,0,1,10,1763,CALIFORNIA AVE,41.873815,-87.809216,10/11/2015 01:59:00 AM,2015
CR00036262,06/24/2015 01:02:00 PM,25,RAIN,DAYLIGHT,REAR END,NOT DIVIDED,TRAFFIC SIGNAL,FAILING TO YIELD RIGHT-OF-WAY,FOLLOWING TOO CLOSELY,0,0,0,0,13,4,6,1813,STATE ST,41.797296,-87.831606,06/24/2015 01:52:00 PM,2015
CR00036263,01/29/2017 01:04:00 PM,15,SNOW,DARKNESS - LIGHTED ROAD,TURNING,DIVIDED - W/MEDIAN (NOT RAISED),NO CONTROLS,UNABLE TO DETERMINE,UNABLE TO DETERMINE,0,0,0,0,13,1,1,213,ASHLAND AVE,41.927909,-87.713015,01/29/2017 02:01:00 PM,2017
CR00036264,06/04/2020 06:34:00 PM,30,CLEAR,DARKNESS - LIGHTED ROAD,REAR END,NOT DIVIDED,NO CONTROLS,UNABLE TO DETERMINE,FAILING TO YIELD RIGHT-OF-WAY,0,0,0,0,18,5,6,2166,DIVISION ST,41.874658,-87.817703,06/04/2020 07:37:00 PM,2020
CR00036265,01/16/2016 06:47:00 PM,20,CLEAR,DAYLIGHT,TURNING,NOT DIVIDED,NO CONTROLS,FAILING TO YIELD RIGHT-OF-WAY,UNABLE TO DETERMINE,0,0,0,0,18,7,1,2193,CALIFORNIA AVE,41.887611,-87.521566,01/16/2016 07:40:00 PM,2016
CR00036266,07/04/2018 07:51:00 AM,30,CLEAR,DAYLIGHT,REAR END,DIVIDED - W/MEDIAN (NOT RAISED),STOP SIGN/FLASHER,FAILING TO YIELD RIGHT-OF-WAY,IMPROPER OVERTAKING/PASSING,0,0,0,0,7,4,7,1734,WESTERN AVE,41.879709,-87.62042,07/04/2018 08:45:00 AM,2018
CR00036267,05/20/2022 01:49:00 PM,30,CLEAR,DARKNESS - LIGHTED ROAD,TURNING,ONE-WAY,NO CONTROLS,FAILING TO YIELD RIGHT-OF-WAY,NOT APPLICABLE,0,0,0,0,13,6,5,756,HALSTED ST,41.859024,-87.820809,05/20/2022 03:29:00 PM,2022
CR00036268,02/14/2015 03:30:00 PM,30,CLEAR,DARKNESS - LIGHTED ROAD,PARKED MOTOR VEHICLE,ONE-WAY,TRAFFIC SIGNAL,FAILING TO REDUCE SPEED,NOT APPLICABLE,0,0,1,1,15,7,2,1194,OGDEN AVE,41.852412,-87.75325,02/14/2015 03:41:00 PM,2015
CR00036269,02/18/2015 04:39:00 PM,15,CLOUDY/OVERCAST,DARKNESS,ANGLE,NOT DIVIDED,TRAFFIC SIGNAL,DISTRACTION - FROM INSIDE VEHICLE,NOT APPLICABLE,0,0,0,0,16,4,2,2525,HALSTED ST,41.956148,-87.672302,02/18/2015 05:35:00 PM,2015
CR00036270,06/16/2016 02:16:00 AM,25,CLEAR,DAYLIGHT,REAR TO FRONT,NOT DIVIDED,NO CONTROLS,DRIVING SKILLS/KNOWLEDGE/EXPERIENCE,UNABLE TO DETERMINE,0,0,0,0,2,5,6,2309,79TH ST,41.972468,-87.600785,06/16/2016 02:24:00 AM,2016
CR00036271,01/04/2024 09:20:00 AM,30,CLEAR,DARKNESS - LIGHTED ROAD,SIDESWIPE SAME DIRECTION,FOUR WAY,NO CONTROLS,IMPROPER OVERTAKING/PASSING,IMPROPER OVERTAKING/PASSING,0,0,3,3,9,5,1,2005,STONY ISLAND AVE,41.835626,-87.652518,01/04/2024 09:25:00 AM,2024
CR00036272,06/11/2016 05:26:00 PM,30,CLEAR,DARKNESS - LIGHTED ROAD,REAR END,NOT DIVIDED,TRAFFIC SIGNAL,UNABLE TO DETERMINE,UNABLE TO DETERMINE,0,0,0,0,17,7,6,1903,IRVING PARK RD,41.759448,-87.517589,06/11/2016 07:16:00 PM,2016
CR00036273,10/07/2016 08:29:00 AM,35,CLEAR,DAYLIGHT,TURNING,NOT DIVIDED,NO CONTROLS,DRIVING SKILLS/KNOWLEDGE/EXPERIENCE,UNABLE TO DETERMINE,0,2,2,4,8,6,10,1950,FULLERTON AVE,41.976866,-87.685167,10/07/2016 09:09:00 AM,2016
CR00036274,10/26/2022 10:48:00 PM,25,CLEAR,DARKNESS - LIGHTED ROAD,SIDESWIPE SAME DIRECTION,DIVIDED - W/MEDIAN (NOT RAISED),UNKNOWN,FAILING TO YIELD RIGHT-OF-WAY,DRIVING SKILLS/KNOWLEDGE/EXPERIENCE,0,0,0,0,22,4,10,1645,79TH ST,41.849278,-87.576553,10/26/2022 11:50:00 PM,2022
CR00036275,10/21/2019 01:23:00 PM,40,CLOUDY/OVERCAST,DARKNESS,PEDESTRIAN,NOT DIVIDED,TRAFFIC SIGNAL,IMPROPER LANE USAGE,DISTRACTION - FROM INSIDE VEHICLE,0,0,0,0,13,2,10,2519,CICERO AVE,41.93013,-87.522657,10/21/2019 02:08:00 PM,2019
CR00036276,05/11/2019 10:55:00 AM,45,CLOUDY/OVERCAST,DARKNESS - LIGHTED ROAD,REAR END,NOT DIVIDED,NO CONTROLS,FOLLOWING TOO CLOSELY,IMPROPER OVERTAKING/PASSING,0,0,1,1,10,7,5,1514,OGDEN AVE,41.914202,-87.798933,05/11/2019 12:42:00 PM,2019
CR00036277,09/01/2023 12:17:00 PM,40,CLOUDY/OVERCAST,DAYLIGHT,ANGLE,NOT DIVIDED,NO CONTROLS,FOLLOWING TOO CLOSELY,NOT APPLICABLE,0,0,0,0,12,6,9,2384,ARCHER AVE,41.97139,-87.847509,09/01/2023 01:49:00 PM,2023
CR00036278,05/04/2015 11:33:00 AM,30,RAIN,DAYLIGHT,ANGLE,NOT DIVIDED,UNKNOWN,FAILING TO YIELD RIGHT-OF-WAY,FAILING TO YIELD RIGHT-OF-WAY,0,0,0,0,11,2,5,2073,IRVING PARK RD,41.969962,-87.652918,05/04/2015 12:45:00 PM,2015
CR00036279,03/19/2023 05:24:00 PM,35,CLEAR,DAYLIGHT,ANGLE,NOT DIVIDED,TRAFFIC SIGNAL,DISREGARDING TRAFFIC SIGNALS,DRIVING SKILLS/KNOWLEDGE/EXPERIENCE,0,0,0,0,17,1,3,1189,CICERO AVE,41.798233,-87.660282,03/19/2023 06:43:00 PM,2023
CR00036280,01/26/2024 04:46:00 PM,20,CLOUDY/OVERCAST,DARKNESS - LIGHTED ROAD,PARKED MOTOR VEHICLE,FOUR WAY,STOP SIGN/FLASHER,DRIVING SKILLS/KNOWLEDGE/EXPERIENCE,FOLLOWING TOO CLOSELY,0,1,3,4,16,6,1,605,DIVISION ST,41.7877,-87.662717,01/26/2024 06:26:00 PM,2024
CR00036281,09/08/2023 07:33:00 AM,30,CLEAR,DAYLIGHT,TURNING,NOT DIVIDED,NO CONTROLS,UNABLE TO DETERMINE,DISREGARDING TRAFFIC SIGNALS,0,0,1,1,7,6,9,1220,OGDEN AVE,41.713143,-87.806073,09/08/2023 09:27:00 AM,2023
CR00036282,11/21/2016 05:38:00 PM,35,CLEAR,DAYLIGHT,REAR END,DIVIDED - W/MEDIAN (NOT RAISED),TRAFFIC SIGNAL,FOLLOWING TOO CLOSELY,IMPROPER OVERTAKING/PASSING,0,0,0,0,17,2,11,1919,STATE ST,41.845521,-87.543413,11/21/2016 06:53:00 PM,2016
CR00036283,08/27/2023 06:12:00 AM,15,CLEAR,DARKNESS - LIGHTED ROAD,ANGLE,NOT DIVIDED,NO CONTROLS,WEATHER,NOT APPLICABLE,0,0,0,0,6,1,8,2223,STONY ISLAND AVE,41.77805,-87.787762,08/27/2023 06:13:00 AM,2023
CR00036284,12/26/2022 02:49:00 AM,15,CLEAR,DAYLIGHT,REAR END,DIVIDED - W/MEDIAN (NOT RAISED),NO CONTROLS,IMPROPER OVERTAKING/PASSING,IMPROPER LANE USAGE,0,0,0,0,2,2,12,1033,HALSTED ST,41.877702,-87.813524,12/26/2022 04:21:00 AM,2022
CR00036285,10/12/2022 02:47:00 PM,30,RAIN,DAYLIGHT,REAR END,NOT DIVIDED,NO CONTROLS,UNABLE TO DETERMINE,FAILING TO YIELD RIGHT-OF-WAY,0,0,0,0,14,4,10,2348,STATE ST,41.985595,-87.766961,10/12/2022 04:24:00 PM,2022
CR00036286,01/03/2017 06:09:00 PM,35,CLEAR,DAYLIGHT,SIDESWIPE SAME DIRECTION,DIVIDED - W/MEDIAN (NOT RAISED),NO CONTROLS,DRIVING SKILLS/KNOWLEDGE/EXPERIENCE,WEATHER,0,0,0,0,18,3,1,1697,WESTERN AVE,41.795832,-87.62177,01/03/2017 08:07:00 PM,2017
CR00036287,07/11/2022 09:37:00 AM,15,CLEAR,DAWN,ANGLE,ONE-WAY,TRAFFIC SIGNAL,UNABLE TO DETERMINE,UNABLE TO DETERMINE,0,0,0,0,9,2,7,157,FULLERTON AVE,41.830159,-87.84726,07/11/2022 11:13:00 AM,2022
CR00036288,09/29/2019 11:20:00 AM,25,CLEAR,DAYLIGHT,REAR END,NOT DIVIDED,STOP SIGN/FLASHER,WEATHER,DISTRACTION - FROM INSIDE VEHICLE,0,0,2,2,11,1,9,1404,DIVISION ST,41.761215,-87.561342,09/29/2019 12:17:00 PM,2019
CR00036289,09/28/2023 06:38:00 PM,25,CLEAR,DAYLIGHT,REAR END,DIVIDED - W/MEDIAN (NOT RAISED),NO CONTROLS,UNABLE TO DETERMINE,DISTRACTION - FROM INSIDE VEHICLE,0,0,0,0,18,5,9,1385,IRVING PARK RD,41.819682,-87.799638,09/28/2023 07:42:00 PM,2023
CR00036290,04/16/2017 03:48:00 PM,30,CLEAR,DAYLIGHT,SIDESWIPE SAME DIRECTION,NOT DIVIDED,STOP SIGN/FLASHER,UNABLE TO DETERMINE,FOLLOWING TOO CLOSELY,0,0,0,0,15,1,4,351,IRVING PARK RD,41.935014,-87.738532,04/16/2017 04:50:00 PM,2017
CR00036291,07/21/2017 05:20:00 PM,15,CLEAR,DAYLIGHT,PARKED MOTOR VEHICLE,NOT DIVIDED,STOP SIGN/FLASHER,IMPROPER LANE USAGE,NOT APPLICABLE,0,0,0,0,17,6,7,1786,79TH ST,41.788219,-87.588725,07/21/2017 07:11:00 PM,2017
CR00036292,08/03/2018 09:25:00 PM,45,CLEAR,DAYLIGHT,REAR TO FRONT,NOT DIVIDED,NO CONTROLS,WEATHER,UNABLE TO DETERMINE,0,0,0,0,21,6,8,2197,ELSTON AVE,41.961681,-87.730939,08/03/2018 11:17:00 PM,2018
CR00036293,02/25/2019 07:47:00 AM,25,CLEAR,DAWN,SIDESWIPE SAME DIRECTION,FOUR WAY,STOP SIGN/FLASHER,FOLLOWING TOO CLOSELY,UNABLE TO DETERMINE,0,0,0,0,7,2,2,2082,HALSTED ST,41.946243,-87.670143,02/25/2019 08:08:00 AM,2019
CR00036294,08/29/2017 04:37:00 PM,40,CLEAR,DARKNESS,SIDESWIPE SAME DIRECTION,NOT DIVIDED,TRAFFIC SIGNAL,DISREGARDING TRAFFIC SIGNALS,NOT APPLICABLE,0,0,0,0,16,3,8,250,DIVISION ST,41.759334,-87.643335,08/29/2017 06:29:00 PM,2017
CR00036295,03/24/2024 09:17:00 AM,30,SNOW,DARKNESS,ANGLE,NOT DIVIDED,TRAFFIC SIGNAL,FOLLOWING TOO CLOSELY,UNABLE TO DETERMINE,0,0,0,0,9,1,3,1213,DAMEN AVE,41.775446,-87.588144,03/24/2024 11:04:00 AM,2024