CRASH_RECORD_ID,CRASH_DATE,POSTED_SPEED_LIMIT,WEATHER_CONDITION,LIGHTING_CONDITION,FIRST_CRASH_TYPE,TRAFFICWAY_TYPE,TRAFFIC_CONTROL_DEVICE,PRIM_CONTRIBUTORY_CAUSE,SEC_CONTRIBUTORY_CAUSE,INJURIES_FATAL,INJURIES_INCAPACITATING,INJURIES_NON_INCAPACITATING,INJURIES_TOTAL,CRASH_HOUR,CRASH_DAY_OF_WEEK,CRASH_MONTH,BEAT_OF_OCCURRENCE,STREET_NAME,LATITUDE,LONGITUDE,DATE_POLICE_NOTIFIED,year
CR00036296,01/20/2022 07:43:00 AM,35,CLOUDY/OVERCAST,DAYLIGHT,PEDESTRIAN,DIVIDED - W/MEDIAN BARRIER,NO CONTROLS,FOLLOWING TOO CLOSELY,IMPROPER OVERTAKING/PASSING,0,0,0,0,7,5,1,404,STONY ISLAND AVE,41.956508,-87.788604,01/20/2022 08:16:00 AM,2022
CR00036297,05/16/2024 07:41:00 AM,15,CLEAR,DAYLIGHT,SIDESWIPE SAME DIRECTION,NOT DIVIDED,NO CONTROLS,DISTRACTION - FROM INSIDE VEHICLE,NOT APPLICABLE,0,0,1,1,7,5,5,1652,47TH ST,41.945533,-87.668991,05/16/2024 09:12:00 AM,2024
CR00036298,12/25/2021 06:13:00 PM,20,CLEAR,DARKNESS - LIGHTED ROAD,ANGLE,NOT DIVIDED,UNKNOWN,FOLLOWING TOO CLOSELY,FAILING TO YIELD RIGHT-OF-WAY,0,0,0,0,18,7,12,445,CLARK ST,41.737057,-87.532587,12/25/2021 06:15:00 PM,2021
CR00036299,06/19/2023 02:47:00 PM,45,CLEAR,DARKNESS,TURNING,DIVIDED - W/MEDIAN (NOT RAISED),NO CONTROLS,DISREGARDING TRAFFIC SIGNALS,NOT APPLICABLE,0,0,0,0,14,2,6,309,HALSTED ST,41.994376,-87.685801,06/19/2023 04:00:00 PM,2023
CR00036300,01/28/2021 09:59:00 AM,30,CLEAR,DARKNESS - LIGHTED ROAD,REAR END,NOT DIVIDED,TRAFFIC SIGNAL,DISTRACTION - FROM INSIDE VEHICLE,DRIVING SKILLS/KNOWLEDGE/EXPERIENCE,0,0,0,0,9,5,1,459,MICHIGAN AVE,41.814248,-87.822418,01/28/2021 10:38:00 AM,2021
CR00036301,07/13/2015 09:31:00 AM,40,CLEAR,DARKNESS - LIGHTED ROAD,FIXED OBJECT,T-INTERSECTION,TRAFFIC SIGNAL,FOLLOWING TOO CLOSELY,UNABLE TO DETERMINE,0,0,0,0,9,2,7,1649,IRVING PARK RD,41.986414,-87.615411,07/13/2015 09:57:00 AM,2015
CR00036302,03/01/2024 03:59:00 PM,30,CLEAR,DARKNESS - LIGHTED ROAD,REAR END,NOT DIVIDED,TRAFFIC SIGNAL,DISREGARDING TRAFFIC SIGNALS,UNABLE TO DETERMINE,0,0,0,0,15,6,3,1937,KEDZIE AVE,41.717003,-87.5842,03/01/2024 05:09:00 PM,2024
CR00036303,12/25/2023 04:35:00 PM,15,CLEAR,DAYLIGHT,PARKED MOTOR VEHICLE,DIVIDED - W/MEDIAN (NOT RAISED),NO CONTROLS,FAILING TO REDUCE SPEED,UNABLE TO DETERMINE,0,0,0,0,16,2,12,1150,STONY ISLAND AVE,41.789515,-87.757553,12/25/2023 05:58:00 PM,2023
CR00036304,09/02/2024 11:16:00 AM,35,CLEAR,DAYLIGHT,SIDESWIPE SAME DIRECTION,DIVIDED - W/MEDIAN BARRIER,NO CONTROLS,DRIVING SKILLS/KNOWLEDGE/EXPERIENCE,UNABLE TO DETERMINE,0,0,0,0,11,2,9,779,STONY ISLAND AVE,41.761279,-87.57619,09/02/2024 01:04:00 PM,2024
CR00036305,06/20/2021 08:55:00 PM,40,CLEAR,DARKNESS - LIGHTED ROAD,REAR END,NOT DIVIDED,STOP SIGN/FLASHER,UNABLE TO DETERMINE,UNABLE TO DETERMINE,0,0,0,0,20,1,6,2047,IRVING PARK RD,41.771493,-87.737183,06/20/2021 09:57:00 PM,2021
CR00036306,09/17/2017 06:29:00 PM,25,CLEAR,DARKNESS - LIGHTED ROAD,SIDESWIPE SAME DIRECTION,NOT DIVIDED,NO CONTROLS,DRIVING SKILLS/KNOWLEDGE/EXPERIENCE,NOT APPLICABLE,0,0,0,0,18,1,9,2058,HALSTED ST,41.977222,-87.634592,09/17/2017 06:30:00 PM,2017
CR00036307,12/20/2018 06:21:00 PM,30,CLEAR,DAYLIGHT,REAR END,NOT DIVIDED,YIELD,UNABLE TO DETERMINE,NOT APPLICABLE,0,0,0,0,18,5,12,800,CICERO AVE,41.956227,-87.636637,12/20/2018 06:45:00 PM,2018
CR00036308,10/13/2019 01:26:00 PM,35,CLEAR,DAYLIGHT,PARKED MOTOR VEHICLE,ONE-WAY,TRAFFIC SIGNAL,IMPROPER LANE USAGE,FAILING TO YIELD RIGHT-OF-WAY,0,0,0,0,13,1,10,416,MICHIGAN AVE,41.929153,-87.810832,10/13/2019 02:09:00 PM,2019
CR00036309,05/06/2020 05:48:00 PM,15,CLEAR,DAYLIGHT,TURNING,NOT DIVIDED,TRAFFIC SIGNAL,UNABLE TO DETERMINE,UNABLE TO DETERMINE,0,0,0,0,17,4,5,269,OGDEN AVE,41.891877,-87.588267,05/06/2020 06:58:00 PM,2020
CR00036310,04/04/2015 02:46:00 PM,35,RAIN,DARKNESS - LIGHTED ROAD,ANGLE,DIVIDED - W/MEDIAN (NOT RAISED),UNKNOWN,FAILING TO YIELD RIGHT-OF-WAY,NOT APPLICABLE,0,0,2,2,14,7,4,2191,CICERO AVE,41.759407,-87.846352,04/04/2015 03:34:00 PM,2015
CR00036311,04/06/2017 05:34:00 PM,30,CLEAR,DAYLIGHT,REAR END,T-INTERSECTION,STOP SIGN/FLASHER,FOLLOWING TOO CLOSELY,DRIVING SKILLS/KNOWLEDGE/EXPERIENCE,0,0,0,0,17,5,4,1770,ROOSEVELT RD,41.85359,-87.704953,04/06/2017 07:03:00 PM,2017
CR00036312,03/11/2020 11:16:00 AM,35,CLEAR,DAYLIGHT,REAR END,ONE-WAY,NO CONTROLS,UNABLE TO DETERMINE,NOT APPLICABLE,0,0,1,1,11,4,3,357,DAMEN AVE,41.781502,-87.540836,03/11/2020 11:58:00 AM,2020
CR00036313,06/26/2024 05:18:00 PM,45,RAIN,DAYLIGHT,PARKED MOTOR VEHICLE,FOUR WAY,NO CONTROLS,IMPROPER LANE USAGE,DISTRACTION - FROM INSIDE VEHICLE,0,0,0,0,17,4,6,828,IRVING PARK RD,41.909897,-87.542894,06/26/2024 07:11:00 PM,2024
CR00036314,04/18/2022 12:58:00 AM,15,CLOUDY/OVERCAST,DAYLIGHT,SIDESWIPE SAME DIRECTION,DIVIDED - W/MEDIAN BARRIER,NO CONTROLS,DISTRACTION - FROM INSIDE VEHICLE,DISTRACTION - FROM INSIDE VEHICLE,0,0,0,0,0,2,4,1059,CLARK ST,41.977547,-87.687836,04/18/2022 01:31:00 AM,2022
CR00036315,03/08/2017 06:41:00 AM,40,CLEAR,DAYLIGHT,REAR END,DIVIDED - W/MEDIAN (NOT RAISED),UNKNOWN,IMPROPER OVERTAKING/PASSING,DRIVING SKILLS/KNOWLEDGE/EXPERIENCE,0,0,0,0,6,4,3,1555,47TH ST,41.917124,-87.58644,03/08/2017 07:57:00 AM,2017
CR00036316,12/17/2017 09:29:00 AM,25,CLEAR,DAYLIGHT,FIXED OBJECT,NOT DIVIDED,TRAFFIC SIGNAL,FAILING TO YIELD RIGHT-OF-WAY,IMPROPER LANE USAGE,0,0,1,1,9,1,12,1178,ARCHER AVE,41.815638,-87.755716,12/17/2017 09:55:00 AM,2017
CR00036317,02/21/2018 11:22:00 AM,15,CLEAR,DAYLIGHT,SIDESWIPE SAME DIRECTION,NOT DIVIDED,YIELD,WEATHER,UNABLE TO DETERMINE,0,0,0,0,11,4,2,1979,BROADWAY,41.98368,-87.738313,02/21/2018 11:38:00 AM,2018
CR00036318,06/24/2019 01:37:00 AM,30,CLEAR,DARKNESS - LIGHTED ROAD,TURNING,DIVIDED - W/MEDIAN BARRIER,UNKNOWN,FAILING TO YIELD RIGHT-OF-WAY,FAILING TO REDUCE SPEED,0,0,0,0,1,2,6,2416,DIVISION ST,41.849259,-87.652106,06/24/2019 02:46:00 AM,2019
CR00036319,10/04/2024 02:02:00 PM,15,CLEAR,DAYLIGHT,PARKED MOTOR VEHICLE,ONE-WAY,TRAFFIC SIGNAL,IMPROPER OVERTAKING/PASSING,DISTRACTION - FROM INSIDE VEHICLE,0,0,0,0,14,6,10,2242,ARCHER AVE,41.990733,-87.643303,10/04/2024 02:34:00 PM,2024
CR00036320,03/22/2020 08:08:00 AM,35,CLEAR,DARKNESS,REAR END,NOT DIVIDED,TRAFFIC SIGNAL,FAILING TO REDUCE SPEED,FOLLOWING TOO CLOSELY,0,0,0,0,8,1,3,579,CALIFORNIA AVE,41.877698,-87.530743,03/22/2020 08:53:00 AM,2020
CR00036321,07/23/2021 03:00:00 PM,30,CLEAR,DARKNESS - LIGHTED ROAD,REAR END,T-INTERSECTION,NO CONTROLS,UNABLE TO DETERMINE,DRIVING SKILLS/KNOWLEDGE/EXPERIENCE,0,0,1,1,15,6,7,2471,MILWAUKEE AVE,41.986851,-87.771877,07/23/2021 03:57:00 PM,2021
CR00036322,05/21/2020 05:12:00 PM,20,CLOUDY/OVERCAST,DUSK,REAR END,NOT DIVIDED,NO CONTROLS,UNABLE TO DETERMINE,FOLLOWING TOO CLOSELY,0,0,2,2,17,5,5,716,ROOSEVELT RD,41.722909,-87.828464,05/21/2020 06:13:00 PM,2020
CR00036323,08/26/2017 04:22:00 PM,40,CLEAR,DAWN,TURNING,NOT DIVIDED,NO CONTROLS,WEATHER,DRIVING SKILLS/KNOWLEDGE/EXPERIENCE,0,0,0,0,16,7,8,1213,LAKE SHORE DR,41.90098,-87.745661,08/26/2017 06:18:00 PM,2017
CR00036324,12/22/2020 12:12:00 PM,20,SNOW,DARKNESS - LIGHTED ROAD,TURNING,NOT DIVIDED,TRAFFIC SIGNAL,WEATHER,UNABLE TO DETERMINE,0,0,1,1,12,3,12,1614,47TH ST,41.85344,-87.814161,12/22/2020 02:06:00 PM,2020
CR00036325,08/23/2021 04:51:00 PM,35,RAIN,DARKNESS,REAR END,NOT DIVIDED,NO CONTROLS,FAILING TO YIELD RIGHT-OF-WAY,FOLLOWING TOO CLOSELY,0,0,0,0,16,2,8,555,63RD ST,41.736805,-87.632004,08/23/2021 05:37:00 PM,2021
CR00036326,06/28/2023 12:55:00 PM,30,SNOW,DARKNESS - LIGHTED ROAD,TURNING,FOUR WAY,NO CONTROLS,FAILING TO YIELD RIGHT-OF-WAY,UNABLE TO DETERMINE,0,0,0,0,12,4,6,2051,ASHLAND AVE,41.717429,-87.637428,06/28/2023 01:46:00 PM,2023
CR00036327,05/12/2018 08:01:00 PM,35,CLEAR,DARKNESS,SIDESWIPE SAME DIRECTION,ONE-WAY,NO CONTROLS,FOLLOWING TOO CLOSELY,IMPROPER OVERTAKING/PASSING,0,0,0,0,20,7,5,798,ELSTON AVE,41.85344,-87.72975,05/12/2018 08:41:00 PM,2018
CR00036328,08/10/2022 07:10:00 AM,30,CLEAR,DARKNESS - LIGHTED ROAD,REAR END,ONE-WAY,PEDESTRIAN CROSSING SIGN,UNABLE TO DETERMINE,NOT APPLICABLE,0,0,1,1,7,4,8,1384,HALSTED ST,41.784921,-87.634695,08/10/2022 08:44:00 AM,2022
CR00036329,05/04/2024 07:38:00 PM,40,CLEAR,DAYLIGHT,REAR END,NOT DIVIDED,NO CONTROLS,UNABLE TO DETERMINE,FOLLOWING TOO CLOSELY,0,0,0,0,19,7,5,1479,ASHLAND AVE,41.891709,-87.500141,05/04/2024 07:53:00 PM,2024
CR00036330,12/27/2015 03:21:00 PM,15,CLEAR,DAYLIGHT,SIDESWIPE SAME DIRECTION,NOT DIVIDED,TRAFFIC SIGNAL,UNABLE TO DETERMINE,FOLLOWING TOO CLOSELY,0,0,0,0,15,1,12,1288,ROOSEVELT RD,41.827702,-87.703809,12/27/2015 03:52:00 PM,2015
CR00036331,03/25/2019 03:27:00 PM,30,CLEAR,DAYLIGHT,REAR END,NOT DIVIDED,STOP SIGN/FLASHER,WEATHER,UNABLE TO DETERMINE,0,0,3,3,15,2,3,1116,STATE ST,41.921854,-87.536659,03/25/2019 04:13:00 PM,2019
CR00036332,01/10/2023 06:18:00 PM,40,CLEAR,DAYLIGHT,REAR END,DIVIDED - W/MEDIAN BARRIER,PEDESTRIAN CROSSING SIGN,FAILING TO YIELD RIGHT-OF-WAY,WEATHER,0,0,0,0,18,3,1,918,CLARK ST,41.829072,-87.762948,01/10/2023 08:00:00 PM,2023
CR00036333,08/27/2019 06:20:00 PM,25,CLEAR,DARKNESS - LIGHTED ROAD,TURNING,ONE-WAY,NO CONTROLS,DISREGARDING TRAFFIC SIGNALS,NOT APPLICABLE,0,0,0,0,18,3,8,779,CICERO AVE,41.776641,-87.73517,08/27/2019 07:18:00 PM,2019
CR00036334,04/20/2024 06:26:00 PM,20,CLEAR,DAYLIGHT,PARKED MOTOR VEHICLE,ONE-WAY,NO CONTROLS,FOLLOWING TOO CLOSELY,FAILING TO YIELD RIGHT-OF-WAY,0,0,1,1,18,7,4,1453,STATE ST,41.830564,-87.623183,04/20/2024 06:43:00 PM,2024
CR00036335,02/19/2017 07:53:00 AM,30,CLEAR,DAYLIGHT,FIXED OBJECT,NOT DIVIDED,NO CONTROLS,FAILING TO YIELD RIGHT-OF-WAY,IMPROPER LANE USAGE,0,0,1,1,7,1,2,2480,OGDEN AVE,41.72746,-87.582448,02/19/2017 08:15:00 AM,2017
CR00036336,09/01/2018 02:29:00 PM,25,FOG/SMOKE/HAZE,DAYLIGHT,REAR END,NOT DIVIDED,TRAFFIC SIGNAL,FAILING TO REDUCE SPEED,UNABLE TO DETERMINE,0,0,0,0,14,7,9,2393,ARCHER AVE,41.755848,-87.820426,09/01/2018 03:45:00 PM,2018
CR00036337,08/26/2021 08:20:00 AM,30,CLEAR,DAYLIGHT,ANGLE,NOT DIVIDED,TRAFFIC SIGNAL,WEATHER,FOLLOWING TOO CLOSELY,0,0,0,0,8,5,8,1263,BROADWAY,41.879998,-87.619864,08/26/2021 08:30:00 AM,2021
CR00036338,05/20/2022 02:26:00 PM,30,CLEAR,DUSK,TURNING,DIVIDED - W/MEDIAN BARRIER,NO CONTROLS,UNABLE TO DETERMINE,UNABLE TO DETERMINE,0,0,1,1,14,6,5,831,DAMEN AVE,41.874179,-87.596993,05/20/2022 03:00:00 PM,2022
CR00036339,11/15/2024 10:12:00 AM,45,SNOW,DAYLIGHT,REAR END,DIVIDED - W/MEDIAN (NOT RAISED),NO CONTROLS,FOLLOWING TOO CLOSELY,FOLLOWING TOO CLOSELY,0,0,0,0,10,6,11,951,MICHIGAN AVE,41.725988,-87.740469,11/15/2024 11:56:00 AM,2024
CR00036340,06/23/2021 12:03:00 PM,45,CLEAR,DARKNESS - LIGHTED ROAD,SIDESWIPE SAME DIRECTION,ONE-WAY,NO CONTROLS,FAILING TO YIELD RIGHT-OF-WAY,FAILING TO REDUCE SPEED,0,0,0,0,12,4,6,156,LAKE SHORE DR,41.959096,-87.54283,06/23/2021 01:27:00 PM,2021
CR00036341,05/10/2020 07:12:00 AM,35,CLOUDY/OVERCAST,DAYLIGHT,ANGLE,NOT DIVIDED,NO CONTROLS,UNABLE TO DETERMINE,UNABLE TO DETERMINE,0,0,0,0,7,1,5,1941,CALIFORNIA AVE,41.896807,-87.773661,05/10/2020 08:58:00 AM,2020
CR00036342,08/04/2022 08:54:00 AM,35,CLEAR,DAYLIGHT,ANGLE,ONE-WAY,YIELD,UNABLE TO DETERMINE,FOLLOWING TOO CLOSELY,0,0,0,0,8,5,8,2213,ASHLAND AVE,41.765423,-87.554298,08/04/2022 10:31:00 AM,2022
CR00036343,03/15/2020 01:11:00 PM,35,CLEAR,DAYLIGHT,REAR END,DIVIDED - W/MEDIAN BARRIER,TRAFFIC SIGNAL,UNABLE TO DETERMINE,UNABLE TO DETERMINE,0,0,0,0,13,1,3,1397,IRVING PARK RD,41.904196,-87.791879,03/15/2020 01:53:00 PM,2020
CR00036344,07/13/2016 11:02:00 AM,35,CLEAR,DAWN,PARKED MOTOR VEHICLE,ONE-WAY,STOP SIGN/FLASHER,FAILING TO REDUCE SPEED,UNABLE TO DETERMINE,0,0,0,0,11,4,7,580,CLARK ST,41.753112,-87.533108,07/13/2016 11:42:00 AM,2016
CR00036345,05/27/2018 07:00:00 AM,25,RAIN,DAYLIGHT,REAR END,FOUR WAY,NO CONTROLS,FOLLOWING TOO CLOSELY,NOT APPLICABLE,0,0,0,0,7,1,5,359,STONY ISLAND AVE,41.859708,-87.817268,05/27/2018 08:15:00 AM,2018
CR00036346,11/17/2015 04:01:00 PM,35,CLEAR,DARKNESS - LIGHTED ROAD,PARKED MOTOR VEHICLE,NOT DIVIDED,NO CONTROLS,UNABLE TO DETERMINE,IMPROPER LANE USAGE,0,2,3,5,16,3,11,2086,WESTERN AVE,41.933448,-87.548913,11/17/2015 05:47:00 PM,2015
CR00036347,09/13/2022 08:11:00 AM,35,SNOW,DAYLIGHT,SIDESWIPE SAME DIRECTION,ONE-WAY,TRAFFIC SIGNAL,UNABLE TO DETERMINE,FAILING TO YIELD RIGHT-OF-WAY,0,0,0,0,8,3,9,1696,BROADWAY,41.826219,-87.796981,09/13/2022 09:25:00 AM,2022
CR00036348,08/01/2022 08:12:00 AM,20,CLEAR,DAYLIGHT,TURNING,DIVIDED - W/MEDIAN BARRIER,NO CONTROLS,FAILING TO YIELD RIGHT-OF-WAY,UNABLE TO DETERMINE,0,0,0,0,8,2,8,970,STONY ISLAND AVE,41.988229,-87.597424,08/01/2022 09:05:00 AM,2022
CR00036349,05/25/2018 04:03:00 PM,30,RAIN,DARKNESS - LIGHTED ROAD,SIDESWIPE SAME DIRECTION,NOT DIVIDED,STOP SIGN/FLASHER,FOLLOWING TOO CLOSELY,NOT APPLICABLE,0,0,0,0,16,6,5,1865,IRVING PARK RD,41.779714,-87.767684,05/25/2018 05:10:00 PM,2018
CR00036350,08/05/2023 02:18:00 PM,35,CLEAR,DAYLIGHT,TURNING,DIVIDED - W/MEDIAN BARRIER,NO CONTROLS,FAILING TO REDUCE SPEED,DISTRACTION - FROM INSIDE VEHICLE,0,0,0,0,14,7,8,2414,LAKE SHORE DR,41.964919,-87.528939,08/05/2023 02:47:00 PM,2023
CR00036351,04/10/2015 08:26:00 PM,35,CLEAR,DAYLIGHT,REAR END,ONE-WAY,NO CONTROLS,FAILING TO REDUCE SPEED,NOT APPLICABLE,0,0,0,0,20,6,4,1517,ROOSEVELT RD,41.87056,-87.601948,04/10/2015 09:15:00 PM,2015
CR00036352,11/26/2017 09:56:00 PM,30,RAIN,DAYLIGHT,TURNING,ONE-WAY,YIELD,UNABLE TO DETERMINE,NOT APPLICABLE,0,0,0,0,21,1,11,340,DAMEN AVE,41.897947,-87.611116,11/26/2017 10:56:00 PM,2017
CR00036353,06/26/2017 04:47:00 PM,35,SNOW,DARKNESS - LIGHTED ROAD,REAR END,ONE-WAY,NO CONTROLS,FOLLOWING TOO CLOSELY,UNABLE TO DETERMINE,0,0,0,0,16,2,6,2464,WESTERN AVE,41.970598,-87.598657,06/26/2017 06:24:00 PM,2017
CR00036354,07/31/2021 10:32:00 PM,20,CLEAR,DAYLIGHT,PARKED MOTOR VEHICLE,DIVIDED - W/MEDIAN BARRIER,NO CONTROLS,DISREGARDING TRAFFIC SIGNALS,DISTRACTION - FROM INSIDE VEHICLE,0,0,0,0,22,7,7,851,WESTERN AVE,41.871269,-87.788286,08/01/2021 12:23:00 AM,2021
CR00036355,05/03/2018 03:44:00 AM,30,FREEZING RAIN/DRIZZLE,DAYLIGHT,PEDESTRIAN,T-INTERSECTION,NO CONTROLS,UNABLE TO DETERMINE,WEATHER,0,0,0,0,3,5,5,876,ASHLAND AVE,41.730729,-87.673488,05/03/2018 04:55:00 AM,2018
CR00036356,03/28/2015 03:18:00 PM,15,CLOUDY/OVERCAST,DAYLIGHT,PARKED MOTOR VEHICLE,FOUR WAY,NO CONTROLS,DISREGARDING TRAFFIC SIGNALS,UNABLE TO DETERMINE,0,0,1,1,15,7,3,1999,CICERO AVE,41.930098,-87.680835,03/28/2015 04:54:00 PM,2015
CR00036357,10/17/2023 04:02:00 AM,35,CLEAR,DAWN,FIXED OBJECT,DIVIDED - W/MEDIAN BARRIER,NO CONTROLS,DISTRACTION - FROM INSIDE VEHICLE,UNABLE TO DETERMINE,0,0,2,2,4,3,10,104,HALSTED ST,41.812855,-87.725557,10/17/2023 05:06:00 AM,2023
CR00036358,12/02/2017 01:52:00 PM,30,RAIN,DAYLIGHT,REAR END,DIVIDED - W/MEDIAN (NOT RAISED),NO CONTROLS,UNABLE TO DETERMINE,NOT APPLICABLE,0,0,0,0,13,7,12,1805,MILWAUKEE AVE,41.87548,-87.761475,12/02/2017 03:50:00 PM,2017
CR00036359,05/12/2021 09:44:00 AM,45,CLEAR,DAYLIGHT,PARKED MOTOR VEHICLE,DIVIDED - W/MEDIAN (NOT RAISED),YIELD,DRIVING SKILLS/KNOWLEDGE/EXPERIENCE,NOT APPLICABLE,0,0,0,0,9,4,5,278,CALIFORNIA AVE,41.850299,-87.575894,05/12/2021 09:58:00 AM,2021
CR00036360,01/13/2023 08:46:00 AM,35,CLEAR,DAYLIGHT,TURNING,NOT DIVIDED,UNKNOWN,IMPROPER OVERTAKING/PASSING,FAILING TO REDUCE SPEED,0,1,1,2,8,6,1,257,KEDZIE AVE,41.757179,-87.552117,01/13/2023 09:23:00 AM,2023
CR00036361,08/23/2018 07:44:00 PM,45,CLEAR,DARKNESS - LIGHTED ROAD,SIDESWIPE SAME DIRECTION,DIVIDED - W/MEDIAN BARRIER,NO CONTROLS,UNABLE TO DETERMINE,UNABLE TO DETERMINE,0,0,1,1,19,5,8,2084,DAMEN AVE,41.924284,-87.849438,08/23/2018 08:52:00 PM,2018
CR00036362,05/16/2020 04:30:00 PM,35,FOG/SMOKE/HAZE,DARKNESS - LIGHTED ROAD,SIDESWIPE SAME DIRECTION,DIVIDED - W/MEDIAN BARRIER,TRAFFIC SIGNAL,DISTRACTION - FROM INSIDE VEHICLE,DISTRACTION - FROM INSIDE VEHICLE,0,1,3,4,16,7,5,1336,OGDEN AVE,41.969231,-87.514135,05/16/2020 05:52:00 PM,2020
CR00036363,07/07/2015 05:00:00 PM,40,RAIN,DUSK,TURNING,DIVIDED - W/MEDIAN BARRIER,TRAFFIC SIGNAL,UNABLE TO DETERMINE,DISTRACTION - FROM INSIDE VEHICLE,0,0,0,0,17,3,7,1874,CICERO AVE,41.868343,-87.565964,07/07/2015 05:56:00 PM,2015
CR00036364,03/20/2022 04:47:00 PM,45,CLEAR,DAYLIGHT,SIDESWIPE SAME DIRECTION,NOT DIVIDED,STOP SIGN/FLASHER,FAILING TO REDUCE SPEED,DISREGARDING TRAFFIC SIGNALS,0,0,1,1,16,1,3,493,CICERO AVE,41.896668,-87.604438,03/20/2022 06:41:00 PM,2022
CR00036365,09/05/2018 06:42:00 PM,35,CLEAR,DARKNESS - LIGHTED ROAD,REAR END,T-INTERSECTION,TRAFFIC SIGNAL,FOLLOWING TOO CLOSELY,UNABLE TO DETERMINE,0,0,0,0,18,4,9,2020,CLARK ST,41.955534,-87.699958,09/05/2018 07:48:00 PM,2018
CR00036366,05/09/2016 07:20:00 PM,30,CLEAR,DAYLIGHT,SIDESWIPE SAME DIRECTION,FOUR WAY,NO CONTROLS,IMPROPER LANE USAGE,NOT APPLICABLE,0,0,0,0,19,2,5,2422,OGDEN AVE,41.915132,-87.647129,05/09/2016 08:22:00 PM,2016
CR00036367,03/20/2020 04:56:00 AM,15,CLEAR,DAYLIGHT,SIDESWIPE SAME DIRECTION,DIVIDED - W/MEDIAN (NOT RAISED),STOP SIGN/FLASHER,UNABLE TO DETERMINE,DRIVING SKILLS/KNOWLEDGE/EXPERIENCE,0,0,0,0,4,6,3,1679,CICERO AVE,41.94014,-87.65631,03/20/2020 06:09:00 AM,2020
CR00036368,07/22/2021 07:36:00 AM,20,CLEAR,DAYLIGHT,REAR END,FOUR WAY,TRAFFIC SIGNAL,UNABLE TO DETERMINE,FAILING TO YIELD RIGHT-OF-WAY,0,0,0,0,7,5,7,534,ARCHER AVE,41.804063,-87.64277,07/22/2021 08:02:00 AM,2021
CR00036369,07/28/2019 07:07:00 PM,30,SNOW,DAYLIGHT,ANGLE,NOT DIVIDED,NO CONTROLS,IMPROPER OVERTAKING/PASSING,FOLLOWING TOO CLOSELY,0,0,0,0,19,1,7,840,79TH ST,41.833424,-87.588289,07/28/2019 07:14:00 PM,2019
CR00036370,06/02/2021 01:19:00 PM,30,CLEAR,DARKNESS - LIGHTED ROAD,REAR END,FOUR WAY,NO CONTROLS,DISREGARDING TRAFFIC SIGNALS,DISTRACTION - FROM INSIDE VEHICLE,0,0,0,0,13,4,6,1871,MICHIGAN AVE,41.798511,-87.519826,06/02/2021 02:08:00 PM,2021
CR00036371,09/16/2020 04:32:00 AM,35,CLEAR,DAWN,PARKED MOTOR VEHICLE,NOT DIVIDED,NO CONTROLS,FOLLOWING TOO CLOSELY,UNABLE TO DETERMINE,0,0,0,0,4,4,9,1064,ASHLAND AVE,41.775124,-87.739249,09/16/2020 05:04:00 AM,2020
CR00036372,09/27/2017 10:47:00 PM,40,FOG/SMOKE/HAZE,DARKNESS - LIGHTED ROAD,REAR END,DIVIDED - W/MEDIAN BARRIER,TRAFFIC SIGNAL,FOLLOWING TOO CLOSELY,FOLLOWING TOO CLOSELY,0,1,1,2,22,4,9,576,DAMEN AVE,41.911309,-87.5589,09/28/2017 12:37:00 AM,2017
CR00036373,10/02/2023 09:49:00 AM,45,FOG/SMOKE/HAZE,DAYLIGHT,PEDESTRIAN,DIVIDED - W/MEDIAN BARRIER,TRAFFIC SIGNAL,UNABLE TO DETERMINE,IMPROPER LANE USAGE,0,0,0,0,9,2,10,1554,IRVING PARK RD,41.841314,-87.696453,10/02/2023 10:19:00 AM,2023
CR00036374,11/05/2016 08:52:00 AM,35,CLOUDY/OVERCAST,DARKNESS - LIGHTED ROAD,REAR END,NOT DIVIDED,TRAFFIC SIGNAL,DISREGARDING TRAFFIC SIGNALS,UNABLE TO DETERMINE,0,0,0,0,8,7,11,1563,79TH ST,41.744699,-87.502965,11/05/2016 09:35:00 AM,2016
CR00036375,03/30/2017 08:22:00 PM,40,CLEAR,DAYLIGHT,PARKED MOTOR VEHICLE,ONE-WAY,PEDESTRIAN CROSSING SIGN,DRIVING SKILLS/KNOWLEDGE/EXPERIENCE,UNABLE TO DETERMINE,0,0,0,0,20,5,3,359,CLARK ST,41.749674,-87.532306,03/30/2017 08:46:00 PM,2017
CR00036376,02/21/2023 10:06:00 PM,30,CLEAR,DUSK,SIDESWIPE SAME DIRECTION,ONE-WAY,NO CONTROLS,WEATHER,DRIVING SKILLS/KNOWLEDGE/EXPERIENCE,0,0,0,0,22,3,2,1193,STONY ISLAND AVE,41.714716,-87.657148,02/21/2023 10:38:00 PM,2023
CR00036377,04/07/2020 08:25:00 AM,35,CLEAR,DARKNESS - LIGHTED ROAD,ANGLE,NOT DIVIDED,TRAFFIC SIGNAL,DISREGARDING TRAFFIC SIGNALS,IMPROPER OVERTAKING/PASSING,0,0,0,0,8,3,4,2008,STATE ST,41.722475,-87.518275,04/07/2020 09:44:00 AM,2020