CRASH_RECORD_ID,CRASH_DATE,POSTED_SPEED_LIMIT,WEATHER_CONDITION,LIGHTING_CONDITION,FIRST_CRASH_TYPE,TRAFFICWAY_TYPE,TRAFFIC_CONTROL_DEVICE,PRIM_CONTRIBUTORY_CAUSE,SEC_CONTRIBUTORY_CAUSE,INJURIES_FATAL,INJURIES_INCAPACITATING,INJURIES_NON_INCAPACITATING,INJURIES_TOTAL,CRASH_HOUR,CRASH_DAY_OF_WEEK,CRASH_MONTH,BEAT_OF_OCCURRENCE,STREET_NAME,LATITUDE,LONGITUDE,DATE_POLICE_NOTIFIED,year
CR00036378,02/14/2020 08:35:00 PM,45,CLEAR,DARKNESS - LIGHTED ROAD,SIDESWIPE SAME DIRECTION,FOUR WAY,STOP SIGN/FLASHER,IMPROPER LANE USAGE,UNABLE TO DETERMINE,0,0,1,1,20,6,2,2432,CLARK ST,41.793177,-87.503907,02/14/2020 10:34:00 PM,2020
CR00036379,06/20/2023 05:17:00 PM,30,CLEAR,DARKNESS,ANGLE,DIVIDED - W/MEDIAN (NOT RAISED),NO CONTROLS,WEATHER,DRIVING SKILLS/KNOWLEDGE/EXPERIENCE,0,0,0,0,17,3,6,1071,DIVISION ST,41.775286,-87.530615,06/20/2023 05:29:00 PM,2023
CR00036380,01/02/2019 04:43:00 AM,35,CLEAR,DARKNESS - LIGHTED ROAD,TURNING,NOT DIVIDED,NO CONTROLS,FAILING TO REDUCE SPEED,UNABLE TO DETERMINE,0,0,0,0,4,4,1,2288,ARCHER AVE,41.971062,-87.630689,01/02/2019 04:46:00 AM,2019
CR00036381,02/23/2016 08:35:00 AM,35,SNOW,DAYLIGHT,SIDESWIPE SAME DIRECTION,NOT DIVIDED,NO CONTROLS,UNABLE TO DETERMINE,FAILING TO REDUCE SPEED,0,0,1,1,8,3,2,688,STATE ST,41.946575,-87.746045,02/23/2016 09:51:00 AM,2016
CR00036382,06/22/2018 08:01:00 AM,20,CLEAR,DARKNESS - LIGHTED ROAD,TURNING,DIVIDED - W/MEDIAN (NOT RAISED),STOP SIGN/FLASHER,FOLLOWING TOO CLOSELY,FAILING TO YIELD RIGHT-OF-WAY,0,0,0,0,8,6,6,817,CALIFORNIA AVE,41.97738,-87.712673,06/22/2018 09:26:00 AM,2018
CR00036383,09/15/2015 09:05:00 AM,30,CLEAR,DARKNESS - LIGHTED ROAD,ANGLE,ONE-WAY,STOP SIGN/FLASHER,FOLLOWING TOO CLOSELY,UNABLE TO DETERMINE,0,0,0,0,9,3,9,1834,STATE ST,41.751555,-87.67691,09/15/2015 11:05:00 AM,2015
CR00036384,02/28/2018 03:48:00 PM,30,CLEAR,DARKNESS - LIGHTED ROAD,ANGLE,ONE-WAY,NO CONTROLS,WEATHER,FAILING TO REDUCE SPEED,0,0,1,1,15,4,2,2057,DIVISION ST,41.884298,-87.525104,02/28/2018 04:40:00 PM,2018
CR00036385,03/25/2024 03:30:00 PM,45,CLEAR,DAYLIGHT,REAR END,FOUR WAY,TRAFFIC SIGNAL,FOLLOWING TOO CLOSELY,NOT APPLICABLE,0,0,0,0,15,2,3,989,ROOSEVELT RD,41.950869,-87.741394,03/25/2024 03:58:00 PM,2024
CR00036386,02/02/2020 07:12:00 PM,30,CLEAR,DAYLIGHT,REAR END,NOT DIVIDED,YIELD,IMPROPER LANE USAGE,FAILING TO YIELD RIGHT-OF-WAY,0,0,0,0,19,1,2,1914,CALIFORNIA AVE,41.739248,-87.815179,02/02/2020 08:57:00 PM,2020
CR00036387,08/18/2018 07:06:00 PM,15,CLEAR,DAYLIGHT,SIDESWIPE SAME DIRECTION,DIVIDED - W/MEDIAN (NOT RAISED),TRAFFIC SIGNAL,IMPROPER OVERTAKING/PASSING,UNABLE TO DETERMINE,0,0,0,0,19,7,8,785,WESTERN AVE,41.788043,-87.837018,08/18/2018 08:45:00 PM,2018
CR00036388,03/08/2019 01:04:00 PM,25,CLEAR,DARKNESS,PEDESTRIAN,ONE-WAY,NO CONTROLS,UNABLE TO DETERMINE,FAILING TO YIELD RIGHT-OF-WAY,0,0,0,0,13,6,3,1867,DAMEN AVE,41.961588,-87.6089,03/08/2019 01:57:00 PM,2019
CR00036389,07/11/2020 11:21:00 AM,15,RAIN,DARKNESS - LIGHTED ROAD,REAR END,DIVIDED - W/MEDIAN (NOT RAISED),STOP SIGN/FLASHER,FAILING TO YIELD RIGHT-OF-WAY,UNABLE TO DETERMINE,0,0,0,0,11,7,7,816,DAMEN AVE,41.996105,-87.558974,07/11/2020 12:10:00 PM,2020
CR00036390,06/01/2019 08:27:00 PM,25,CLEAR,DAYLIGHT,ANGLE,ONE-WAY,STOP SIGN/FLASHER,IMPROPER OVERTAKING/PASSING,NOT APPLICABLE,0,0,0,0,20,7,6,2383,KEDZIE AVE,41.839845,-87.747487,06/01/2019 08:31:00 PM,2019
CR00036391,03/23/2019 07:54:00 AM,30,CLEAR,DAYLIGHT,TURNING,NOT DIVIDED,TRAFFIC SIGNAL,IMPROPER LANE USAGE,IMPROPER LANE USAGE,0,0,0,0,7,7,3,1091,PULASKI RD,41.825059,-87.737851,03/23/2019 09:39:00 AM,2019
CR00036392,12/24/2015 05:44:00 PM,45,RAIN,DAYLIGHT,PARKED MOTOR VEHICLE,ONE-WAY,TRAFFIC SIGNAL,UNABLE TO DETERMINE,NOT APPLICABLE,0,0,3,3,17,5,12,2090,79TH ST,41.883124,-87.633911,12/24/2015 07:36:00 PM,2015
CR00036393,10/30/2016 05:23:00 PM,30,CLEAR,DARKNESS - LIGHTED ROAD,PARKED MOTOR VEHICLE,DIVIDED - W/MEDIAN (NOT RAISED),NO CONTROLS,DISREGARDING TRAFFIC SIGNALS,UNABLE TO DETERMINE,0,0,0,0,17,1,10,1898,STATE ST,41.91248,-87.691752,10/30/2016 05:30:00 PM,2016
CR00036394,08/15/2016 08:37:00 PM,25,CLEAR,DAYLIGHT,REAR END,DIVIDED - W/MEDIAN (NOT RAISED),STOP SIGN/FLASHER,FAILING TO YIELD RIGHT-OF-WAY,FOLLOWING TOO CLOSELY,0,0,0,0,20,2,8,1003,CLARK ST,41.928652,-87.717801,08/15/2016 08:57:00 PM,2016
CR00036395,09/09/2015 05:30:00 AM,30,RAIN,DAYLIGHT,TURNING,ONE-WAY,NO CONTROLS,IMPROPER LANE USAGE,UNABLE TO DETERMINE,1,0,1,2,5,4,9,1288,LAKE SHORE DR,41.9649,-87.810459,09/09/2015 07:26:00 AM,2015
CR00036396,03/16/2024 11:02:00 PM,25,FREEZING RAIN/DRIZZLE,DARKNESS,REAR END,NOT DIVIDED,NO CONTROLS,IMPROPER LANE USAGE,FOLLOWING TOO CLOSELY,0,0,0,0,23,7,3,1735,CALIFORNIA AVE,41.923651,-87.632333,03/16/2024 11:26:00 PM,2024
CR00036397,09/15/2017 04:43:00 PM,30,FOG/SMOKE/HAZE,DARKNESS - LIGHTED ROAD,PARKED MOTOR VEHICLE,NOT DIVIDED,TRAFFIC SIGNAL,DISTRACTION - FROM INSIDE VEHICLE,NOT APPLICABLE,0,0,0,0,16,6,9,284,DAMEN AVE,41.891115,-87.821825,09/15/2017 06:10:00 PM,2017
CR00036398,07/20/2024 11:25:00 AM,20,CLEAR,DARKNESS - LIGHTED ROAD,SIDESWIPE SAME DIRECTION,DIVIDED - W/MEDIAN (NOT RAISED),PEDESTRIAN CROSSING SIGN,FAILING TO YIELD RIGHT-OF-WAY,DISTRACTION - FROM INSIDE VEHICLE,0,0,1,1,11,7,7,1367,MICHIGAN AVE,41.811047,-87.743532,07/20/2024 12:59:00 PM,2024
CR00036399,08/13/2017 11:27:00 PM,20,CLEAR,DAYLIGHT,PARKED MOTOR VEHICLE,FOUR WAY,TRAFFIC SIGNAL,UNABLE TO DETERMINE,UNABLE TO DETERMINE,0,0,0,0,23,1,8,174,MICHIGAN AVE,41.946218,-87.531287,08/14/2017 12:46:00 AM,2017
CR00036400,09/21/2024 01:43:00 PM,30,CLEAR,DAYLIGHT,PARKED MOTOR VEHICLE,DIVIDED - W/MEDIAN BARRIER,YIELD,FAILING TO YIELD RIGHT-OF-WAY,DISTRACTION - FROM INSIDE VEHICLE,0,0,0,0,13,7,9,284,MILWAUKEE AVE,41.92465,-87.809598,09/21/2024 02:26:00 PM,2024
CR00036401,11/06/2021 03:32:00 PM,45,CLEAR,DAYLIGHT,SIDESWIPE SAME DIRECTION,NOT DIVIDED,NO CONTROLS,DISREGARDING TRAFFIC SIGNALS,UNABLE TO DETERMINE,0,0,0,0,15,7,11,1158,FULLERTON AVE,41.91057,-87.829643,11/06/2021 04:20:00 PM,2021
CR00036402,01/27/2017 05:27:00 PM,30,CLEAR,DAYLIGHT,SIDESWIPE SAME DIRECTION,T-INTERSECTION,UNKNOWN,FAILING TO YIELD RIGHT-OF-WAY,IMPROPER OVERTAKING/PASSING,0,0,0,0,17,6,1,163,IRVING PARK RD,41.701354,-87.813839,01/27/2017 05:43:00 PM,2017
CR00036403,03/07/2019 02:53:00 PM,20,CLEAR,DAYLIGHT,REAR TO FRONT,NOT DIVIDED,NO CONTROLS,DISTRACTION - FROM INSIDE VEHICLE,FAILING TO YIELD RIGHT-OF-WAY,0,0,0,0,14,5,3,2266,ASHLAND AVE,41.793081,-87.541334,03/07/2019 03:59:00 PM,2019
CR00036404,02/20/2017 01:13:00 PM,30,CLEAR,DAYLIGHT,REAR TO FRONT,NOT DIVIDED,TRAFFIC SIGNAL,FAILING TO YIELD RIGHT-OF-WAY,IMPROPER OVERTAKING/PASSING,0,1,2,3,13,2,2,2282,MICHIGAN AVE,41.782465,-87.577009,02/20/2017 02:15:00 PM,2017
CR00036405,10/21/2018 05:33:00 AM,35,CLEAR,DAYLIGHT,REAR END,NOT DIVIDED,PEDESTRIAN CROSSING SIGN,DRIVING SKILLS/KNOWLEDGE/EXPERIENCE,UNABLE TO DETERMINE,0,0,0,0,5,1,10,1969,CLARK ST,41.892174,-87.709109,10/21/2018 06:51:00 AM,2018
CR00036406,09/15/2018 05:49:00 PM,35,CLEAR,DAYLIGHT,ANGLE,NOT DIVIDED,STOP SIGN/FLASHER,FOLLOWING TOO CLOSELY,NOT APPLICABLE,0,0,3,3,17,7,9,148,STATE ST,41.799045,-87.632799,09/15/2018 07:14:00 PM,2018
CR00036407,10/08/2019 06:23:00 PM,30,RAIN,DAYLIGHT,REAR END,ONE-WAY,NO CONTROLS,FOLLOWING TOO CLOSELY,IMPROPER OVERTAKING/PASSING,0,0,0,0,18,3,10,2180,47TH ST,41.803455,-87.69773,10/08/2019 06:41:00 PM,2019
CR00036408,11/02/2020 05:22:00 PM,15,CLEAR,DARKNESS - LIGHTED ROAD,TURNING,NOT DIVIDED,STOP SIGN/FLASHER,IMPROPER OVERTAKING/PASSING,IMPROPER OVERTAKING/PASSING,0,0,0,0,17,2,11,1048,ASHLAND AVE,41.884257,-87.788267,11/02/2020 05:57:00 PM,2020
CR00036409,04/03/2019 01:45:00 PM,15,SNOW,DAYLIGHT,REAR TO FRONT,ONE-WAY,STOP SIGN/FLASHER,DISTRACTION - FROM INSIDE VEHICLE,FAILING TO REDUCE SPEED,0,0,0,0,13,4,4,1899,ARCHER AVE,41.755087,-87.559885,04/03/2019 02:17:00 PM,2019
CR00036410,02/23/2022 07:37:00 AM,30,RAIN,DAYLIGHT,FIXED OBJECT,DIVIDED - W/MEDIAN BARRIER,TRAFFIC SIGNAL,IMPROPER OVERTAKING/PASSING,FAILING TO REDUCE SPEED,0,0,0,0,7,4,2,1644,KEDZIE AVE,41.705535,-87.71249,02/23/2022 07:43:00 AM,2022
CR00036411,07/21/2020 04:33:00 PM,45,CLEAR,DAYLIGHT,TURNING,DIVIDED - W/MEDIAN BARRIER,STOP SIGN/FLASHER,IMPROPER OVERTAKING/PASSING,UNABLE TO DETERMINE,0,0,0,0,16,3,7,1795,ASHLAND AVE,41.980101,-87.580925,07/21/2020 05:50:00 PM,2020
CR00036412,12/05/2023 08:15:00 AM,25,CLEAR,DARKNESS,ANGLE,NOT DIVIDED,NO CONTROLS,DRIVING SKILLS/KNOWLEDGE/EXPERIENCE,DRIVING SKILLS/KNOWLEDGE/EXPERIENCE,0,0,0,0,8,3,12,1393,CLARK ST,41.916999,-87.712163,12/05/2023 09:14:00 AM,2023
CR00036413,03/26/2017 08:27:00 AM,30,SNOW,DAYLIGHT,TURNING,DIVIDED - W/MEDIAN BARRIER,NO CONTROLS,IMPROPER LANE USAGE,FAILING TO YIELD RIGHT-OF-WAY,0,0,2,2,8,1,3,172,IRVING PARK RD,41.871849,-87.764668,03/26/2017 08:36:00 AM,2017
CR00036414,07/10/2015 08:13:00 PM,45,CLOUDY/OVERCAST,DAYLIGHT,FIXED OBJECT,T-INTERSECTION,NO CONTROLS,UNABLE TO DETERMINE,WEATHER,0,0,2,2,20,6,7,873,MICHIGAN AVE,41.738068,-87.822725,07/10/2015 10:05:00 PM,2015
CR00036415,02/15/2022 03:15:00 AM,45,CLEAR,DAYLIGHT,ANGLE,ONE-WAY,STOP SIGN/FLASHER,FAILING TO REDUCE SPEED,NOT APPLICABLE,0,0,2,2,3,3,2,1723,LAKE SHORE DR,41.826327,-87.838938,02/15/2022 04:00:00 AM,2022
CR00036416,07/27/2016 05:08:00 PM,35,CLEAR,DAYLIGHT,ANGLE,ONE-WAY,STOP SIGN/FLASHER,FOLLOWING TOO CLOSELY,DISTRACTION - FROM INSIDE VEHICLE,0,0,0,0,17,4,7,2207,KEDZIE AVE,41.846321,-87.531977,07/27/2016 06:47:00 PM,2016
CR00036417,05/06/2020 09:21:00 AM,20,CLEAR,DAYLIGHT,TURNING,DIVIDED - W/MEDIAN (NOT RAISED),TRAFFIC SIGNAL,IMPROPER OVERTAKING/PASSING,NOT APPLICABLE,0,0,0,0,9,4,5,1379,KEDZIE AVE,41.794871,-87.843635,05/06/2020 10:03:00 AM,2020
CR00036418,07/16/2017 08:50:00 AM,30,CLEAR,DAYLIGHT,ANGLE,DIVIDED - W/MEDIAN (NOT RAISED),NO CONTROLS,DRIVING SKILLS/KNOWLEDGE/EXPERIENCE,NOT APPLICABLE,0,0,0,0,8,1,7,819,FULLERTON AVE,41.934933,-87.805655,07/16/2017 09:51:00 AM,2017
CR00036419,07/11/2015 12:36:00 PM,25,CLEAR,DAYLIGHT,REAR END,NOT DIVIDED,NO CONTROLS,UNABLE TO DETERMINE,FOLLOWING TOO CLOSELY,0,0,0,0,12,7,7,1509,ELSTON AVE,41.739784,-87.824248,07/11/2015 02:29:00 PM,2015
CR00036420,06/15/2016 07:11:00 PM,30,CLEAR,DAYLIGHT,ANGLE,NOT DIVIDED,NO CONTROLS,FAILING TO YIELD RIGHT-OF-WAY,IMPROPER LANE USAGE,0,0,0,0,19,4,6,1317,FULLERTON AVE,41.852073,-87.749977,06/15/2016 09:05:00 PM,2016
CR00036421,09/28/2019 02:03:00 PM,15,CLEAR,DARKNESS,REAR END,T-INTERSECTION,NO CONTROLS,FOLLOWING TOO CLOSELY,DISTRACTION - FROM INSIDE VEHICLE,0,0,1,1,14,7,9,2192,WESTERN AVE,41.733468,-87.791587,09/28/2019 03:21:00 PM,2019
CR00036422,03/11/2024 08:55:00 PM,15,CLEAR,DARKNESS - LIGHTED ROAD,PARKED MOTOR VEHICLE,DIVIDED - W/MEDIAN (NOT RAISED),NO CONTROLS,FAILING TO YIELD RIGHT-OF-WAY,UNABLE TO DETERMINE,0,0,0,0,20,2,3,2126,ROOSEVELT RD,41.968223,-87.65855,03/11/2024 10:32:00 PM,2024
CR00036423,02/24/2024 02:44:00 AM,30,CLEAR,DAYLIGHT,SIDESWIPE SAME DIRECTION,NOT DIVIDED,TRAFFIC SIGNAL,UNABLE TO DETERMINE,FAILING TO YIELD RIGHT-OF-WAY,0,0,0,0,2,7,2,1441,MILWAUKEE AVE,41.801071,-87.762542,02/24/2024 04:20:00 AM,2024
CR00036424,06/12/2022 10:09:00 AM,25,CLEAR,DAYLIGHT,REAR END,DIVIDED - W/MEDIAN (NOT RAISED),YIELD,IMPROPER LANE USAGE,UNABLE TO DETERMINE,0,0,0,0,10,1,6,1909,WESTERN AVE,41.851051,-87.831001,06/12/2022 11:26:00 AM,2022
CR00036425,12/25/2021 12:59:00 AM,30,SNOW,DAYLIGHT,ANGLE,FOUR WAY,TRAFFIC SIGNAL,IMPROPER OVERTAKING/PASSING,IMPROPER OVERTAKING/PASSING,0,0,0,0,0,7,12,1757,CALIFORNIA AVE,41.723103,-87.579007,12/25/2021 02:03:00 AM,2021
CR00036426,06/25/2021 10:28:00 PM,20,RAIN,DAYLIGHT,SIDESWIPE SAME DIRECTION,DIVIDED - W/MEDIAN (NOT RAISED),STOP SIGN/FLASHER,FAILING TO REDUCE SPEED,NOT APPLICABLE,0,0,0,0,22,6,6,2505,WESTERN AVE,41.712251,-87.78907,06/25/2021 10:39:00 PM,2021
CR00036427,05/20/2018 08:54:00 PM,35,RAIN,DARKNESS - LIGHTED ROAD,REAR TO FRONT,ONE-WAY,NO CONTROLS,UNABLE TO DETERMINE,UNABLE TO DETERMINE,0,0,0,0,20,1,5,421,CICERO AVE,41.902568,-87.660237,05/20/2018 10:16:00 PM,2018
CR00036428,09/12/2018 07:54:00 AM,30,CLEAR,DUSK,SIDESWIPE SAME DIRECTION,NOT DIVIDED,NO CONTROLS,FOLLOWING TOO CLOSELY,FOLLOWING TOO CLOSELY,0,0,2,2,7,4,9,2325,LAKE SHORE DR,41.957221,-87.785408,09/12/2018 08:24:00 AM,2018
CR00036429,08/30/2019 08:28:00 PM,20,RAIN,DARKNESS - LIGHTED ROAD,REAR TO FRONT,FOUR WAY,TRAFFIC SIGNAL,UNABLE TO DETERMINE,DRIVING SKILLS/KNOWLEDGE/EXPERIENCE,0,0,0,0,20,6,8,654,STATE ST,41.908693,-87.783219,08/30/2019 09:28:00 PM,2019
CR00036430,08/10/2023 04:00:00 PM,20,SNOW,DAYLIGHT,ANGLE,NOT DIVIDED,TRAFFIC SIGNAL,FAILING TO REDUCE SPEED,FAILING TO YIELD RIGHT-OF-WAY,0,0,0,0,16,5,8,1049,47TH ST,41.957581,-87.764708,08/10/2023 04:54:00 PM,2023
CR00036431,06/30/2015 12:02:00 PM,35,CLEAR,DAYLIGHT,SIDESWIPE SAME DIRECTION,ONE-WAY,STOP SIGN/FLASHER,UNABLE TO DETERMINE,FOLLOWING TOO CLOSELY,0,0,0,0,12,3,6,1208,ROOSEVELT RD,41.931083,-87.688078,06/30/2015 01:04:00 PM,2015
CR00036432,03/18/2019 01:40:00 AM,20,CLEAR,DUSK,TURNING,DIVIDED - W/MEDIAN BARRIER,NO CONTROLS,FAILING TO REDUCE SPEED,DRIVING SKILLS/KNOWLEDGE/EXPERIENCE,0,0,0,0,1,2,3,2083,MILWAUKEE AVE,41.84066,-87.602939,03/18/2019 03:26:00 AM,2019
CR00036433,02/14/2015 06:16:00 PM,35,CLEAR,DAYLIGHT,REAR END,T-INTERSECTION,TRAFFIC SIGNAL,UNABLE TO DETERMINE,FAILING TO REDUCE SPEED,0,0,0,0,18,7,2,412,HALSTED ST,41.980308,-87.804183,02/14/2015 08:02:00 PM,2015
CR00036434,08/30/2018 11:51:00 AM,30,CLEAR,DARKNESS - LIGHTED ROAD,REAR END,NOT DIVIDED,NO CONTROLS,UNABLE TO DETERMINE,DISREGARDING TRAFFIC SIGNALS,0,1,2,3,11,5,8,2033,DAMEN AVE,41.825618,-87.577549,08/30/2018 12:57:00 PM,2018
CR00036435,03/26/2018 08:35:00 PM,40,CLEAR,DAYLIGHT,REAR END,FOUR WAY,TRAFFIC SIGNAL,IMPROPER LANE USAGE,UNABLE TO DETERMINE,0,2,0,2,20,2,3,1035,DIVISION ST,41.986104,-87.539471,03/26/2018 09:46:00 PM,2018
CR00036436,01/12/2021 06:55:00 PM,40,CLEAR,DAYLIGHT,TURNING,T-INTERSECTION,TRAFFIC SIGNAL,UNABLE TO DETERMINE,IMPROPER LANE USAGE,0,0,0,0,18,3,1,332,MICHIGAN AVE,41.712374,-87.573199,01/12/2021 08:19:00 PM,2021
CR00036437,06/10/2019 03:39:00 PM,20,CLEAR,DAYLIGHT,REAR END,ONE-WAY,NO CONTROLS,WEATHER,UNABLE TO DETERMINE,0,0,0,0,15,2,6,1900,HALSTED ST,41.747608,-87.619413,06/10/2019 04:26:00 PM,2019
CR00036438,01/12/2020 06:35:00 AM,35,CLEAR,DAYLIGHT,REAR END,T-INTERSECTION,TRAFFIC SIGNAL,DISTRACTION - FROM INSIDE VEHICLE,UNABLE TO DETERMINE,0,0,0,0,6,1,1,1988,LAKE SHORE DR,41.846402,-87.746753,01/12/2020 06:36:00 AM,2020
CR00036439,12/26/2024 01:31:00 PM,35,CLEAR,DARKNESS,FIXED OBJECT,FOUR WAY,YIELD,IMPROPER LANE USAGE,UNABLE TO DETERMINE,0,0,0,0,13,5,12,2061,MICHIGAN AVE,41.719107,-87.565885,12/26/2024 01:46:00 PM,2024
CR00036440,07/29/2015 05:50:00 PM,35,CLEAR,DAYLIGHT,REAR END,NOT DIVIDED,TRAFFIC SIGNAL,DISREGARDING TRAFFIC SIGNALS,NOT APPLICABLE,0,2,2,4,17,4,7,472,FULLERTON AVE,41.783248,-87.577272,07/29/2015 06:17:00 PM,2015
CR00036441,12/19/2015 12:09:00 AM,35,FOG/SMOKE/HAZE,DAYLIGHT,FIXED OBJECT,DIVIDED - W/MEDIAN BARRIER,TRAFFIC SIGNAL,FAILING TO REDUCE SPEED,DRIVING SKILLS/KNOWLEDGE/EXPERIENCE,0,0,0,0,0,7,12,2128,LAKE SHORE DR,41.886734,-87.754885,12/19/2015 12:51:00 AM,2015
CR00036442,04/06/2018 11:28:00 AM,30,CLEAR,DAYLIGHT,REAR END,NOT DIVIDED,NO CONTROLS,DISREGARDING TRAFFIC SIGNALS,IMPROPER OVERTAKING/PASSING,0,0,0,0,11,6,4,568,CICERO AVE,41.906475,-87.66771,04/06/2018 12:28:00 PM,2018
CR00036443,07/02/2019 02:56:00 PM,35,CLOUDY/OVERCAST,DUSK,TURNING,NOT DIVIDED,YIELD,IMPROPER LANE USAGE,FAILING TO REDUCE SPEED,0,0,0,0,14,3,7,461,DAMEN AVE,41.704313,-87.738063,07/02/2019 03:06:00 PM,2019
CR00036444,07/19/2022 05:29:00 PM,35,CLEAR,DARKNESS - LIGHTED ROAD,REAR END,NOT DIVIDED,NO CONTROLS,DISREGARDING TRAFFIC SIGNALS,DRIVING SKILLS/KNOWLEDGE/EXPERIENCE,0,0,0,0,17,3,7,1355,ELSTON AVE,41.813207,-87.762851,07/19/2022 05:43:00 PM,2022
CR00036445,08/05/2019 01:56:00 PM,25,CLEAR,DAYLIGHT,REAR TO FRONT,ONE-WAY,UNKNOWN,DRIVING SKILLS/KNOWLEDGE/EXPERIENCE,UNABLE TO DETERMINE,0,0,0,0,13,2,8,694,DAMEN AVE,41.961544,-87.558736,08/05/2019 01:59:00 PM,2019
CR00036446,08/03/2022 07:01:00 AM,15,RAIN,DAYLIGHT,ANGLE,NOT DIVIDED,STOP SIGN/FLASHER,UNABLE TO DETERMINE,DISREGARDING TRAFFIC SIGNALS,0,0,1,1,7,4,8,1652,STATE ST,41.726431,-87.618648,08/03/2022 08:32:00 AM,2022
CR00036447,11/30/2020 07:19:00 AM,20,SNOW,DAYLIGHT,PEDESTRIAN,ONE-WAY,NO CONTROLS,UNABLE TO DETERMINE,UNABLE TO DETERMINE,0,0,0,0,7,2,11,325,PULASKI RD,41.958146,-87.782747,11/30/2020 07:31:00 AM,2020
CR00036448,02/19/2023 09:39:00 AM,35,FOG/SMOKE/HAZE,DAYLIGHT,PEDESTRIAN,DIVIDED - W/MEDIAN (NOT RAISED),STOP SIGN/FLASHER,FAILING TO REDUCE SPEED,DISTRACTION - FROM INSIDE VEHICLE,0,0,1,1,9,1,2,1635,ROOSEVELT RD,41.816903,-87.58318,02/19/2023 11:10:00 AM,2023
CR00036449,04/17/2018 04:51:00 PM,30,CLEAR,DAYLIGHT,REAR END,NOT DIVIDED,TRAFFIC SIGNAL,FAILING TO REDUCE SPEED,WEATHER,0,0,0,0,16,3,4,1186,PULASKI RD,41.806587,-87.83183,04/17/2018 06:42:00 PM,2018
CR00036450,03/08/2019 01:15:00 PM,30,CLEAR,DAYLIGHT,FIXED OBJECT,FOUR WAY,STOP SIGN/FLASHER,FAILING TO YIELD RIGHT-OF-WAY,NOT APPLICABLE,0,0,0,0,13,6,3,2225,HALSTED ST,41.852896,-87.754491,03/08/2019 01:38:00 PM,2019
CR00036451,02/28/2015 02:10:00 AM,40,CLOUDY/OVERCAST,DAYLIGHT,TURNING,DIVIDED - W/MEDIAN (NOT RAISED),STOP SIGN/FLASHER,UNABLE TO DETERMINE,FOLLOWING TOO CLOSELY,0,0,0,0,2,7,2,602,FULLERTON AVE,41.895477,-87.563651,02/28/2015 02:23:00 AM,2015
CR00036452,06/06/2015 06:37:00 PM,25,CLEAR,DAYLIGHT,TURNING,NOT DIVIDED,TRAFFIC SIGNAL,DISREGARDING TRAFFIC SIGNALS,FAILING TO YIELD RIGHT-OF-WAY,0,0,1,1,18,7,6,323,47TH ST,41.809418,-87.678312,06/06/2015 07:11:00 PM,2015
CR00036453,03/06/2017 07:28:00 AM,30,CLEAR,DAYLIGHT,REAR END,NOT DIVIDED,TRAFFIC SIGNAL,DISTRACTION - FROM INSIDE VEHICLE,IMPROPER OVERTAKING/PASSING,0,0,0,0,7,2,3,2263,MILWAUKEE AVE,41.756715,-87.549808,03/06/2017 09:04:00 AM,2017
CR00036454,12/02/2021 07:41:00 PM,30,CLEAR,DAYLIGHT,SIDESWIPE SAME DIRECTION,NOT DIVIDED,TRAFFIC SIGNAL,FOLLOWING TOO CLOSELY,NOT APPLICABLE,0,0,0,0,19,5,12,2156,LAKE SHORE DR,41.941587,-87.744979,12/02/2021 09:24:00 PM,2021
CR00036455,06/08/2017 01:14:00 PM,35,CLEAR,DAYLIGHT,REAR END,NOT DIVIDED,STOP SIGN/FLASHER,UNABLE TO DETERMINE,FAILING TO YIELD RIGHT-OF-WAY,0,0,0,0,13,5,6,382,CALIFORNIA AVE,41.890126,-87.600891,06/08/2017 02:13:00 PM,2017
CR00036456,08/12/2019 09:41:00 AM,40,CLEAR,DAYLIGHT,SIDESWIPE SAME DIRECTION,NOT DIVIDED,NO CONTROLS,WEATHER,DISTRACTION - FROM INSIDE VEHICLE,0,0,0,0,9,2,8,670,OGDEN AVE,41.951746,-87.783298,08/12/2019 10:13:00 AM,2019
CR00036457,06/15/2017 07:21:00 AM,35,FOG/SMOKE/HAZE,DAYLIGHT,ANGLE,NOT DIVIDED,NO CONTROLS,FAILING TO YIELD RIGHT-OF-WAY,UNABLE TO DETERMINE,0,0,0,0,7,5,6,1858,LAKE SHORE DR,41.941023,-87.775662,06/15/2017 07:43:00 AM,2017
CR00036458,06/28/2021 08:13:00 PM,45,CLEAR,DARKNESS,TURNING,ONE-WAY,NO CONTROLS,DISTRACTION - FROM INSIDE VEHICLE,UNABLE TO DETERMINE,0,0,0,0,20,2,6,1223,HALSTED ST,41.77468,-87.830783,06/28/2021 08:37:00 PM,2021
CR00036459,10/06/2023 07:53:00 AM,20,CLEAR,DARKNESS - LIGHTED ROAD,SIDESWIPE SAME DIRECTION,DIVIDED - W/MEDIAN (NOT RAISED),TRAFFIC SIGNAL,UNABLE TO DETERMINE,UNABLE TO DETERMINE,0,0,0,0,7,6,10,1921,DIVISION ST,41.798044,-87.814673,10/06/2023 09:15:00 AM,2023
CR00036460,06/19/2024 08:53:00 AM,30,CLEAR,DAYLIGHT,TURNING,NOT DIVIDED,NO CONTROLS,IMPROPER OVERTAKING/PASSING,DISTRACTION - FROM INSIDE VEHICLE,0,0,0,0,8,4,6,664,MICHIGAN AVE,41.889902,-87.752404,06/19/2024 10:01:00 AM,2024