CRASH_RECORD_ID,CRASH_DATE,POSTED_SPEED_LIMIT,WEATHER_CONDITION,LIGHTING_CONDITION,FIRST_CRASH_TYPE,TRAFFICWAY_TYPE,TRAFFIC_CONTROL_DEVICE,PRIM_CONTRIBUTORY_CAUSE,SEC_CONTRIBUTORY_CAUSE,INJURIES_FATAL,INJURIES_INCAPACITATING,INJURIES_NON_INCAPACITATING,INJURIES_TOTAL,CRASH_HOUR,CRASH_DAY_OF_WEEK,CRASH_MONTH,BEAT_OF_OCCURRENCE,STREET_NAME,LATITUDE,LONGITUDE,DATE_POLICE_NOTIFIED,year
CR00036461,06/16/2018 05:42:00 PM,35,CLEAR,DAYLIGHT,REAR END,NOT DIVIDED,NO CONTROLS,FAILING TO YIELD RIGHT-OF-WAY,WEATHER,0,1,0,1,17,7,6,533,IRVING PARK RD,41.706262,-87.764371,06/16/2018 05:54:00 PM,2018
CR00036462,04/04/2019 08:04:00 AM,30,CLEAR,DAYLIGHT,ANGLE,NOT DIVIDED,TRAFFIC SIGNAL,IMPROPER OVERTAKING/PASSING,FOLLOWING TOO CLOSELY,0,0,0,0,8,5,4,1411,HALSTED ST,41.87819,-87.676067,04/04/2019 09:45:00 AM,2019
CR00036463,11/03/2020 06:46:00 PM,35,RAIN,DAYLIGHT,PEDESTRIAN,T-INTERSECTION,NO CONTROLS,DISTRACTION - FROM INSIDE VEHICLE,DRIVING SKILLS/KNOWLEDGE/EXPERIENCE,0,2,0,2,18,3,11,1855,ARCHER AVE,41.99102,-87.534185,11/03/2020 08:30:00 PM,2020
CR00036464,09/09/2024 10:15:00 PM,25,CLEAR,DARKNESS - LIGHTED ROAD,SIDESWIPE SAME DIRECTION,DIVIDED - W/MEDIAN BARRIER,NO CONTROLS,FOLLOWING TOO CLOSELY,FOLLOWING TOO CLOSELY,0,0,0,0,22,2,9,1673,HALSTED ST,41.741889,-87.676805,09/09/2024 10:55:00 PM,2024
CR00036465,06/17/2023 07:03:00 AM,20,CLEAR,DAYLIGHT,REAR TO FRONT,FOUR WAY,NO CONTROLS,UNABLE TO DETERMINE,NOT APPLICABLE,0,0,2,2,7,7,6,1148,ELSTON AVE,41.705702,-87.601046,06/17/2023 08:11:00 AM,2023
CR00036466,10/04/2023 01:46:00 PM,35,RAIN,DAYLIGHT,TURNING,DIVIDED - W/MEDIAN (NOT RAISED),NO CONTROLS,UNABLE TO DETERMINE,UNABLE TO DETERMINE,0,0,0,0,13,4,10,266,CICERO AVE,41.841152,-87.532699,10/04/2023 02:25:00 PM,2023
CR00036467,01/20/2017 05:09:00 PM,40,CLEAR,DAYLIGHT,REAR END,NOT DIVIDED,NO CONTROLS,DISTRACTION - FROM INSIDE VEHICLE,NOT APPLICABLE,0,0,1,1,17,6,1,2352,CICERO AVE,41.856843,-87.631074,01/20/2017 06:04:00 PM,2017
CR00036468,07/10/2016 07:56:00 AM,35,CLEAR,DARKNESS - LIGHTED ROAD,REAR END,NOT DIVIDED,NO CONTROLS,FAILING TO REDUCE SPEED,DISTRACTION - FROM INSIDE VEHICLE,0,0,0,0,7,1,7,1541,ELSTON AVE,41.925622,-87.602241,07/10/2016 08:06:00 AM,2016
CR00036469,11/25/2020 07:28:00 AM,20,CLEAR,DAYLIGHT,REAR END,DIVIDED - W/MEDIAN (NOT RAISED),STOP SIGN/FLASHER,IMPROPER LANE USAGE,UNABLE TO DETERMINE,0,0,0,0,7,4,11,358,IRVING PARK RD,41.789126,-87.675995,11/25/2020 09:00:00 AM,2020
CR00036470,06/06/2024 06:56:00 PM,30,CLEAR,DAYLIGHT,ANGLE,ONE-WAY,TRAFFIC SIGNAL,DISTRACTION - FROM INSIDE VEHICLE,FOLLOWING TOO CLOSELY,0,0,2,2,18,5,6,1834,MILWAUKEE AVE,41.910617,-87.724781,06/06/2024 07:49:00 PM,2024
CR00036471,11/18/2018 05:13:00 PM,30,CLEAR,DAYLIGHT,FIXED OBJECT,DIVIDED - W/MEDIAN (NOT RAISED),NO CONTROLS,FAILING TO YIELD RIGHT-OF-WAY,UNABLE TO DETERMINE,0,0,0,0,17,1,11,2457,LAKE SHORE DR,41.739971,-87.827683,11/18/2018 05:17:00 PM,2018
CR00036472,10/23/2015 07:10:00 AM,30,CLEAR,DAYLIGHT,FIXED OBJECT,NOT DIVIDED,STOP SIGN/FLASHER,UNABLE TO DETERMINE,FAILING TO YIELD RIGHT-OF-WAY,0,0,0,0,7,6,10,2246,63RD ST,41.986626,-87.774271,10/23/2015 09:09:00 AM,2015
CR00036473,07/07/2015 06:42:00 AM,30,CLEAR,DAYLIGHT,PARKED MOTOR VEHICLE,DIVIDED - W/MEDIAN (NOT RAISED),UNKNOWN,FAILING TO YIELD RIGHT-OF-WAY,FOLLOWING TOO CLOSELY,0,0,0,0,6,3,7,186,FULLERTON AVE,41.855334,-87.770123,07/07/2015 08:22:00 AM,2015
CR00036474,04/06/2019 06:48:00 AM,15,CLEAR,DUSK,TURNING,NOT DIVIDED,NO CONTROLS,IMPROPER OVERTAKING/PASSING,NOT APPLICABLE,0,0,0,0,6,7,4,478,LAKE SHORE DR,41.983903,-87.79301,04/06/2019 08:13:00 AM,2019
CR00036475,11/09/2016 08:33:00 PM,20,CLEAR,DAYLIGHT,REAR END,NOT DIVIDED,TRAFFIC SIGNAL,UNABLE TO DETERMINE,IMPROPER LANE USAGE,0,0,0,0,20,4,11,1558,WESTERN AVE,41.851007,-87.542979,11/09/2016 09:21:00 PM,2016
CR00036476,12/27/2018 04:22:00 AM,20,RAIN,DARKNESS - LIGHTED ROAD,REAR END,NOT DIVIDED,TRAFFIC SIGNAL,UNABLE TO DETERMINE,UNABLE TO DETERMINE,0,0,0,0,4,5,12,560,IRVING PARK RD,41.717894,-87.50309,12/27/2018 05:56:00 AM,2018
CR00036477,05/04/2018 08:16:00 AM,35,CLEAR,DAYLIGHT,ANGLE,DIVIDED - W/MEDIAN (NOT RAISED),NO CONTROLS,UNABLE TO DETERMINE,FAILING TO YIELD RIGHT-OF-WAY,0,0,0,0,8,6,5,2141,63RD ST,41.78206,-87.607458,05/04/2018 08:43:00 AM,2018
CR00036478,06/22/2018 09:58:00 PM,20,CLEAR,DARKNESS,FIXED OBJECT,NOT DIVIDED,NO CONTROLS,IMPROPER OVERTAKING/PASSING,FOLLOWING TOO CLOSELY,0,0,0,0,21,6,6,856,CLARK ST,41.913861,-87.642895,06/22/2018 11:09:00 PM,2018
CR00036479,02/10/2021 08:36:00 AM,30,CLOUDY/OVERCAST,DAYLIGHT,PARKED MOTOR VEHICLE,NOT DIVIDED,STOP SIGN/FLASHER,UNABLE TO DETERMINE,FOLLOWING TOO CLOSELY,0,0,0,0,8,4,2,220,CLARK ST,41.760613,-87.820031,02/10/2021 10:20:00 AM,2021
CR00036480,11/18/2018 06:28:00 PM,15,CLEAR,DARKNESS - LIGHTED ROAD,REAR TO FRONT,NOT DIVIDED,TRAFFIC SIGNAL,DISREGARDING TRAFFIC SIGNALS,FAILING TO REDUCE SPEED,0,0,0,0,18,1,11,1482,STATE ST,41.790601,-87.593863,11/18/2018 07:26:00 PM,2018
CR00036481,11/24/2021 07:30:00 PM,45,CLOUDY/OVERCAST,DAYLIGHT,REAR END,FOUR WAY,UNKNOWN,IMPROPER OVERTAKING/PASSING,UNABLE TO DETERMINE,0,0,2,2,19,4,11,691,STATE ST,41.707606,-87.758121,11/24/2021 09:00:00 PM,2021
CR00036482,01/04/2015 08:38:00 PM,40,RAIN,DAYLIGHT,PARKED MOTOR VEHICLE,NOT DIVIDED,NO CONTROLS,DISTRACTION - FROM INSIDE VEHICLE,DISREGARDING TRAFFIC SIGNALS,0,0,0,0,20,1,1,1373,WESTERN AVE,41.880482,-87.66604,01/04/2015 10:29:00 PM,2015
CR00036483,09/22/2015 02:43:00 PM,35,CLEAR,DAYLIGHT,REAR END,NOT DIVIDED,NO CONTROLS,FOLLOWING TOO CLOSELY,UNABLE TO DETERMINE,0,0,0,0,14,3,9,2088,BROADWAY,41.902099,-87.828356,09/22/2015 02:55:00 PM,2015
CR00036484,02/21/2020 01:06:00 AM,40,CLEAR,DAYLIGHT,ANGLE,DIVIDED - W/MEDIAN BARRIER,NO CONTROLS,WEATHER,DISTRACTION - FROM INSIDE VEHICLE,0,0,1,1,1,6,2,1046,OGDEN AVE,41.896244,-87.517085,02/21/2020 01:33:00 AM,2020
CR00036485,04/09/2021 08:00:00 AM,20,CLOUDY/OVERCAST,DAYLIGHT,REAR END,NOT DIVIDED,STOP SIGN/FLASHER,UNABLE TO DETERMINE,NOT APPLICABLE,0,0,0,0,8,6,4,1086,LAKE SHORE DR,41.792194,-87.758414,04/09/2021 08:33:00 AM,2021
CR00036486,06/29/2019 10:51:00 PM,30,CLEAR,DAYLIGHT,ANGLE,NOT DIVIDED,UNKNOWN,UNABLE TO DETERMINE,DISTRACTION - FROM INSIDE VEHICLE,0,0,0,0,22,7,6,2008,63RD ST,41.787123,-87.663621,06/30/2019 12:30:00 AM,2019
CR00036487,01/10/2017 02:44:00 AM,35,CLEAR,DARKNESS - LIGHTED ROAD,REAR END,T-INTERSECTION,TRAFFIC SIGNAL,DISREGARDING TRAFFIC SIGNALS,NOT APPLICABLE,0,0,0,0,2,3,1,1970,ARCHER AVE,41.881005,-87.553223,01/10/2017 03:46:00 AM,2017
CR00036488,02/28/2018 08:55:00 AM,20,CLEAR,DAYLIGHT,TURNING,NOT DIVIDED,UNKNOWN,DRIVING SKILLS/KNOWLEDGE/EXPERIENCE,FOLLOWING TOO CLOSELY,0,0,1,1,8,4,2,1384,FULLERTON AVE,41.751778,-87.640168,02/28/2018 10:08:00 AM,2018
CR00036489,02/28/2022 03:57:00 PM,40,CLEAR,DARKNESS - LIGHTED ROAD,REAR END,FOUR WAY,YIELD,FOLLOWING TOO CLOSELY,NOT APPLICABLE,0,0,3,3,15,2,2,2220,CICERO AVE,41.96275,-87.79273,02/28/2022 04:57:00 PM,2022
CR00036490,08/16/2017 05:55:00 PM,25,CLEAR,DARKNESS - LIGHTED ROAD,TURNING,NOT DIVIDED,TRAFFIC SIGNAL,FAILING TO YIELD RIGHT-OF-WAY,FAILING TO REDUCE SPEED,0,2,1,3,17,4,8,2161,MICHIGAN AVE,41.957855,-87.542246,08/16/2017 07:14:00 PM,2017
CR00036491,07/17/2019 03:10:00 PM,35,CLEAR,DAYLIGHT,FIXED OBJECT,DIVIDED - W/MEDIAN (NOT RAISED),NO CONTROLS,FAILING TO YIELD RIGHT-OF-WAY,IMPROPER OVERTAKING/PASSING,0,0,2,2,15,4,7,648,HALSTED ST,41.967033,-87.821857,07/17/2019 04:16:00 PM,2019
CR00036492,10/12/2015 02:18:00 PM,35,CLEAR,DAYLIGHT,REAR TO FRONT,ONE-WAY,TRAFFIC SIGNAL,UNABLE TO DETERMINE,NOT APPLICABLE,0,0,3,3,14,2,10,2384,KEDZIE AVE,41.904394,-87.770173,10/12/2015 03:45:00 PM,2015
CR00036493,11/12/2017 04:22:00 PM,20,CLEAR,DAYLIGHT,REAR END,NOT DIVIDED,UNKNOWN,IMPROPER OVERTAKING/PASSING,DISTRACTION - FROM INSIDE VEHICLE,0,0,0,0,16,1,11,857,WESTERN AVE,41.962334,-87.663679,11/12/2017 05:12:00 PM,2017
CR00036494,07/14/2018 05:13:00 PM,40,CLEAR,DAYLIGHT,REAR END,T-INTERSECTION,NO CONTROLS,DISREGARDING TRAFFIC SIGNALS,NOT APPLICABLE,0,0,0,0,17,7,7,640,ELSTON AVE,41.736059,-87.752375,07/14/2018 05:54:00 PM,2018
CR00036495,08/11/2019 11:48:00 PM,35,RAIN,DAYLIGHT,ANGLE,FOUR WAY,STOP SIGN/FLASHER,FOLLOWING TOO CLOSELY,FAILING TO YIELD RIGHT-OF-WAY,0,0,0,0,23,1,8,345,STATE ST,41.922575,-87.831038,08/12/2019 01:12:00 AM,2019
CR00036496,07/19/2015 09:56:00 AM,45,CLEAR,DAYLIGHT,REAR END,DIVIDED - W/MEDIAN (NOT RAISED),NO CONTROLS,DISREGARDING TRAFFIC SIGNALS,DRIVING SKILLS/KNOWLEDGE/EXPERIENCE,0,0,0,0,9,1,7,752,WESTERN AVE,41.824207,-87.547934,07/19/2015 10:14:00 AM,2015
CR00036497,01/19/2015 01:57:00 PM,25,FOG/SMOKE/HAZE,DARKNESS - LIGHTED ROAD,TURNING,T-INTERSECTION,TRAFFIC SIGNAL,IMPROPER OVERTAKING/PASSING,FOLLOWING TOO CLOSELY,0,0,0,0,13,2,1,354,PULASKI RD,41.89418,-87.612991,01/19/2015 03:47:00 PM,2015
CR00036498,06/28/2024 07:23:00 AM,20,CLEAR,DAYLIGHT,PARKED MOTOR VEHICLE,FOUR WAY,TRAFFIC SIGNAL,FAILING TO YIELD RIGHT-OF-WAY,DRIVING SKILLS/KNOWLEDGE/EXPERIENCE,0,0,1,1,7,6,6,2393,PULASKI RD,41.7209,-87.815849,06/28/2024 09:20:00 AM,2024
CR00036499,08/08/2021 12:31:00 PM,35,CLEAR,DAYLIGHT,REAR END,NOT DIVIDED,UNKNOWN,IMPROPER OVERTAKING/PASSING,FOLLOWING TOO CLOSELY,0,0,0,0,12,1,8,2444,MICHIGAN AVE,41.981739,-87.739604,08/08/2021 01:08:00 PM,2021
CR00036500,05/21/2015 10:07:00 PM,35,RAIN,DAYLIGHT,ANGLE,NOT DIVIDED,UNKNOWN,FAILING TO YIELD RIGHT-OF-WAY,WEATHER,0,0,1,1,22,5,5,872,STATE ST,41.9144,-87.687461,05/21/2015 10:36:00 PM,2015
CR00036501,02/17/2018 06:12:00 PM,20,CLEAR,DAYLIGHT,FIXED OBJECT,NOT DIVIDED,STOP SIGN/FLASHER,IMPROPER LANE USAGE,FOLLOWING TOO CLOSELY,0,0,0,0,18,7,2,1630,HALSTED ST,41.89604,-87.66662,02/17/2018 07:14:00 PM,2018
CR00036502,03/14/2019 10:05:00 AM,15,CLEAR,DARKNESS - LIGHTED ROAD,REAR END,DIVIDED - W/MEDIAN BARRIER,TRAFFIC SIGNAL,FOLLOWING TOO CLOSELY,UNABLE TO DETERMINE,0,0,0,0,10,5,3,212,MICHIGAN AVE,41.91215,-87.584673,03/14/2019 10:45:00 AM,2019
CR00036503,05/10/2020 11:12:00 AM,40,FOG/SMOKE/HAZE,DAYLIGHT,PARKED MOTOR VEHICLE,NOT DIVIDED,PEDESTRIAN CROSSING SIGN,UNABLE TO DETERMINE,FOLLOWING TOO CLOSELY,0,0,1,1,11,1,5,1797,FULLERTON AVE,41.906387,-87.547147,05/10/2020 11:37:00 AM,2020
CR00036504,07/30/2022 11:34:00 PM,30,CLOUDY/OVERCAST,DARKNESS - LIGHTED ROAD,PARKED MOTOR VEHICLE,ONE-WAY,TRAFFIC SIGNAL,DISREGARDING TRAFFIC SIGNALS,IMPROPER LANE USAGE,0,0,0,0,23,7,7,1768,CICERO AVE,41.832134,-87.757883,07/31/2022 12:19:00 AM,2022
CR00036505,08/23/2021 02:28:00 AM,45,CLEAR,DAYLIGHT,TURNING,NOT DIVIDED,NO CONTROLS,UNABLE TO DETERMINE,FOLLOWING TOO CLOSELY,0,0,2,2,2,2,8,2171,CICERO AVE,41.791454,-87.795387,08/23/2021 03:28:00 AM,2021
CR00036506,11/30/2018 04:47:00 PM,20,CLEAR,DUSK,TURNING,DIVIDED - W/MEDIAN (NOT RAISED),NO CONTROLS,DISTRACTION - FROM INSIDE VEHICLE,IMPROPER OVERTAKING/PASSING,0,2,0,2,16,6,11,162,LAKE SHORE DR,41.965383,-87.549486,11/30/2018 06:45:00 PM,2018
CR00036507,05/25/2021 09:58:00 PM,30,CLEAR,DAYLIGHT,REAR END,FOUR WAY,STOP SIGN/FLASHER,FOLLOWING TOO CLOSELY,NOT APPLICABLE,0,0,0,0,21,3,5,1879,CALIFORNIA AVE,41.772531,-87.544497,05/25/2021 11:05:00 PM,2021
CR00036508,01/18/2018 02:13:00 PM,30,CLEAR,DARKNESS,PARKED MOTOR VEHICLE,FOUR WAY,STOP SIGN/FLASHER,DISTRACTION - FROM INSIDE VEHICLE,FOLLOWING TOO CLOSELY,0,0,0,0,14,5,1,1612,HALSTED ST,41.860797,-87.665906,01/18/2018 02:42:00 PM,2018
CR00036509,06/14/2018 08:09:00 AM,35,CLEAR,DAYLIGHT,TURNING,DIVIDED - W/MEDIAN (NOT RAISED),TRAFFIC SIGNAL,FOLLOWING TOO CLOSELY,DISREGARDING TRAFFIC SIGNALS,0,0,0,0,8,5,6,1502,CALIFORNIA AVE,41.965507,-87.701448,06/14/2018 08:41:00 AM,2018
CR00036510,07/14/2017 03:43:00 PM,15,CLEAR,DAYLIGHT,REAR END,NOT DIVIDED,UNKNOWN,FAILING TO REDUCE SPEED,DRIVING SKILLS/KNOWLEDGE/EXPERIENCE,0,0,0,0,15,6,7,2453,63RD ST,41.869971,-87.697884,07/14/2017 03:59:00 PM,2017
CR00036511,01/09/2015 12:50:00 PM,35,CLEAR,DARKNESS - LIGHTED ROAD,SIDESWIPE SAME DIRECTION,ONE-WAY,NO CONTROLS,DRIVING SKILLS/KNOWLEDGE/EXPERIENCE,UNABLE TO DETERMINE,0,0,0,0,12,6,1,1515,DAMEN AVE,41.739637,-87.818642,01/09/2015 01:23:00 PM,2015
CR00036512,11/09/2018 07:51:00 PM,20,SNOW,DARKNESS - LIGHTED ROAD,ANGLE,DIVIDED - W/MEDIAN (NOT RAISED),NO CONTROLS,DISTRACTION - FROM INSIDE VEHICLE,IMPROPER OVERTAKING/PASSING,0,0,0,0,19,6,11,1591,79TH ST,41.711473,-87.610255,11/09/2018 08:16:00 PM,2018
CR00036513,02/03/2024 08:45:00 AM,30,CLEAR,DAYLIGHT,REAR END,FOUR WAY,NO CONTROLS,UNABLE TO DETERMINE,FOLLOWING TOO CLOSELY,0,0,2,2,8,7,2,199,OGDEN AVE,41.712886,-87.800525,02/03/2024 08:46:00 AM,2024
CR00036514,04/25/2015 08:05:00 PM,35,CLEAR,DAYLIGHT,FIXED OBJECT,DIVIDED - W/MEDIAN (NOT RAISED),STOP SIGN/FLASHER,FOLLOWING TOO CLOSELY,FOLLOWING TOO CLOSELY,0,0,0,0,20,7,4,1193,IRVING PARK RD,41.864421,-87.769452,04/25/2015 09:58:00 PM,2015
CR00036515,02/16/2018 11:42:00 AM,15,CLEAR,DAYLIGHT,PEDESTRIAN,NOT DIVIDED,NO CONTROLS,DRIVING SKILLS/KNOWLEDGE/EXPERIENCE,DRIVING SKILLS/KNOWLEDGE/EXPERIENCE,0,0,0,0,11,6,2,1300,DAMEN AVE,41.806655,-87.574551,02/16/2018 12:57:00 PM,2018
CR00036516,10/09/2015 07:48:00 PM,20,CLEAR,DAYLIGHT,REAR TO FRONT,ONE-WAY,TRAFFIC SIGNAL,IMPROPER OVERTAKING/PASSING,NOT APPLICABLE,0,0,0,0,19,6,10,1534,DAMEN AVE,41.708942,-87.649857,10/09/2015 09:24:00 PM,2015
CR00036517,06/28/2022 04:34:00 PM,40,CLEAR,DARKNESS - LIGHTED ROAD,TURNING,T-INTERSECTION,TRAFFIC SIGNAL,IMPROPER OVERTAKING/PASSING,FOLLOWING TOO CLOSELY,0,0,0,0,16,3,6,629,KEDZIE AVE,41.936254,-87.743605,06/28/2022 05:41:00 PM,2022
CR00036518,12/22/2017 04:09:00 PM,45,SNOW,DAYLIGHT,REAR END,DIVIDED - W/MEDIAN (NOT RAISED),STOP SIGN/FLASHER,DISTRACTION - FROM INSIDE VEHICLE,FAILING TO REDUCE SPEED,0,0,0,0,16,6,12,1567,DIVISION ST,41.94132,-87.668447,12/22/2017 04:49:00 PM,2017
CR00036519,09/22/2015 06:27:00 PM,15,CLEAR,DARKNESS - LIGHTED ROAD,TURNING,NOT DIVIDED,TRAFFIC SIGNAL,FOLLOWING TOO CLOSELY,UNABLE TO DETERMINE,0,0,3,3,18,3,9,103,63RD ST,41.727327,-87.583873,09/22/2015 06:47:00 PM,2015
CR00036520,03/19/2023 06:23:00 AM,30,CLEAR,DARKNESS - LIGHTED ROAD,REAR END,DIVIDED - W/MEDIAN BARRIER,NO CONTROLS,DISTRACTION - FROM INSIDE VEHICLE,NOT APPLICABLE,0,0,0,0,6,1,3,1818,BROADWAY,41.760362,-87.555153,03/19/2023 06:50:00 AM,2023
CR00036521,08/21/2024 01:37:00 PM,20,CLOUDY/OVERCAST,DARKNESS - LIGHTED ROAD,SIDESWIPE SAME DIRECTION,DIVIDED - W/MEDIAN BARRIER,NO CONTROLS,UNABLE TO DETERMINE,NOT APPLICABLE,0,0,1,1,13,4,8,575,ROOSEVELT RD,41.852032,-87.567836,08/21/2024 03:26:00 PM,2024
CR00036522,12/29/2020 09:11:00 PM,15,RAIN,DAYLIGHT,TURNING,DIVIDED - W/MEDIAN (NOT RAISED),STOP SIGN/FLASHER,UNABLE TO DETERMINE,FAILING TO REDUCE SPEED,0,0,0,0,21,3,12,605,CICERO AVE,41.919349,-87.667453,12/29/2020 10:20:00 PM,2020
CR00036523,05/13/2022 03:00:00 PM,45,CLEAR,DAWN,SIDESWIPE SAME DIRECTION,NOT DIVIDED,TRAFFIC SIGNAL,DISTRACTION - FROM INSIDE VEHICLE,IMPROPER OVERTAKING/PASSING,0,1,0,1,15,6,5,1790,MILWAUKEE AVE,41.818461,-87.568267,05/13/2022 03:50:00 PM,2022
CR00036524,06/04/2020 12:42:00 PM,35,CLOUDY/OVERCAST,DAYLIGHT,SIDESWIPE SAME DIRECTION,NOT DIVIDED,STOP SIGN/FLASHER,UNABLE TO DETERMINE,UNABLE TO DETERMINE,0,0,2,2,12,5,6,2166,IRVING PARK RD,41.731782,-87.736741,06/04/2020 01:08:00 PM,2020
CR00036525,06/07/2017 11:10:00 AM,30,CLEAR,DAYLIGHT,SIDESWIPE SAME DIRECTION,NOT DIVIDED,TRAFFIC SIGNAL,UNABLE TO DETERMINE,IMPROPER OVERTAKING/PASSING,0,0,0,0,11,4,6,1276,PULASKI RD,41.885055,-87.531131,06/07/2017 11:51:00 AM,2017
CR00036526,06/09/2022 03:56:00 PM,40,CLEAR,DAYLIGHT,ANGLE,DIVIDED - W/MEDIAN (NOT RAISED),NO CONTROLS,DRIVING SKILLS/KNOWLEDGE/EXPERIENCE,FOLLOWING TOO CLOSELY,0,0,1,1,15,5,6,912,MICHIGAN AVE,41.763448,-87.593205,06/09/2022 04:01:00 PM,2022
CR00036527,05/25/2021 07:39:00 AM,40,CLEAR,DUSK,TURNING,DIVIDED - W/MEDIAN BARRIER,STOP SIGN/FLASHER,FAILING TO YIELD RIGHT-OF-WAY,FOLLOWING TOO CLOSELY,0,0,0,0,7,3,5,1688,CALIFORNIA AVE,41.84249,-87.563279,05/25/2021 08:16:00 AM,2021
CR00036528,02/21/2015 03:06:00 AM,25,CLEAR,DARKNESS - LIGHTED ROAD,REAR END,FOUR WAY,TRAFFIC SIGNAL,IMPROPER LANE USAGE,UNABLE TO DETERMINE,0,0,0,0,3,7,2,2064,CICERO AVE,41.707787,-87.813408,02/21/2015 04:28:00 AM,2015
CR00036529,09/05/2021 05:09:00 AM,40,CLEAR,DAYLIGHT,TURNING,ONE-WAY,TRAFFIC SIGNAL,DRIVING SKILLS/KNOWLEDGE/EXPERIENCE,UNABLE TO DETERMINE,0,0,0,0,5,1,9,2262,ROOSEVELT RD,41.798158,-87.529017,09/05/2021 05:23:00 AM,2021
CR00036530,12/26/2018 03:09:00 PM,35,CLEAR,DAYLIGHT,PEDESTRIAN,DIVIDED - W/MEDIAN (NOT RAISED),NO CONTROLS,FOLLOWING TOO CLOSELY,IMPROPER OVERTAKING/PASSING,0,0,0,0,15,4,12,2246,CLARK ST,41.982652,-87.613081,12/26/2018 03:14:00 PM,2018
CR00036531,04/08/2018 04:29:00 PM,30,CLOUDY/OVERCAST,DAYLIGHT,SIDESWIPE SAME DIRECTION,NOT DIVIDED,TRAFFIC SIGNAL,UNABLE TO DETERMINE,FOLLOWING TOO CLOSELY,0,0,2,2,16,1,4,1686,ARCHER AVE,41.899687,-87.555541,04/08/2018 04:42:00 PM,2018
CR00036532,05/02/2018 10:06:00 AM,15,CLEAR,DARKNESS - LIGHTED ROAD,REAR END,NOT DIVIDED,STOP SIGN/FLASHER,UNABLE TO DETERMINE,UNABLE TO DETERMINE,0,0,0,0,10,4,5,1288,FULLERTON AVE,41.805168,-87.679319,05/02/2018 11:43:00 AM,2018
CR00036533,09/01/2017 06:33:00 PM,35,CLEAR,DAYLIGHT,ANGLE,NOT DIVIDED,TRAFFIC SIGNAL,UNABLE TO DETERMINE,DISTRACTION - FROM INSIDE VEHICLE,0,0,0,0,18,6,9,681,IRVING PARK RD,41.789101,-87.785926,09/01/2017 08:03:00 PM,2017
CR00036534,05/25/2020 09:02:00 AM,30,RAIN,DAYLIGHT,ANGLE,ONE-WAY,TRAFFIC SIGNAL,IMPROPER OVERTAKING/PASSING,IMPROPER OVERTAKING/PASSING,0,0,0,0,9,2,5,1737,MICHIGAN AVE,41.949366,-87.523389,05/25/2020 09:53:00 AM,2020
CR00036535,06/01/2016 03:11:00 PM,30,CLEAR,DUSK,REAR END,NOT DIVIDED,NO CONTROLS,UNABLE TO DETERMINE,UNABLE TO DETERMINE,0,0,2,2,15,4,6,440,CALIFORNIA AVE,41.844515,-87.811159,06/01/2016 03:30:00 PM,2016
CR00036536,05/09/2018 02:55:00 PM,40,CLEAR,DARKNESS - LIGHTED ROAD,PARKED MOTOR VEHICLE,FOUR WAY,TRAFFIC SIGNAL,IMPROPER OVERTAKING/PASSING,UNABLE TO DETERMINE,0,0,2,2,14,4,5,855,CICERO AVE,41.961526,-87.698339,05/09/2018 03:10:00 PM,2018
CR00036537,05/24/2016 07:49:00 AM,20,CLEAR,DARKNESS - LIGHTED ROAD,ANGLE,ONE-WAY,TRAFFIC SIGNAL,IMPROPER LANE USAGE,FAILING TO YIELD RIGHT-OF-WAY,0,0,0,0,7,3,5,2451,ROOSEVELT RD,41.853885,-87.823315,05/24/2016 08:48:00 AM,2016
CR00036538,11/07/2020 08:29:00 PM,30,RAIN,DAYLIGHT,PARKED MOTOR VEHICLE,ONE-WAY,UNKNOWN,UNABLE TO DETERMINE,NOT APPLICABLE,0,0,2,2,20,7,11,2073,CICERO AVE,41.890987,-87.579139,11/07/2020 10:25:00 PM,2020
CR00036539,02/21/2015 05:34:00 PM,20,CLEAR,DAYLIGHT,REAR END,NOT DIVIDED,NO CONTROLS,UNABLE TO DETERMINE,DRIVING SKILLS/KNOWLEDGE/EXPERIENCE,0,0,0,0,17,7,2,1680,ROOSEVELT RD,41.844933,-87.756187,02/21/2015 06:44:00 PM,2015
CR00036540,02/08/2015 02:59:00 AM,25,CLEAR,DARKNESS - LIGHTED ROAD,REAR END,NOT DIVIDED,NO CONTROLS,FOLLOWING TOO CLOSELY,DISREGARDING TRAFFIC SIGNALS,0,0,1,1,2,1,2,2155,ARCHER AVE,41.796336,-87.716705,02/08/2015 04:15:00 AM,2015
CR00036541,01/11/2021 09:51:00 AM,30,CLOUDY/OVERCAST,DAYLIGHT,TURNING,DIVIDED - W/MEDIAN (NOT RAISED),STOP SIGN/FLASHER,WEATHER,IMPROPER LANE USAGE,0,0,0,0,9,2,1,1141,LAKE SHORE DR,41.871915,-87.781699,01/11/2021 10:07:00 AM,2021
CR00036542,03/23/2018 06:34:00 PM,45,CLOUDY/OVERCAST,DAYLIGHT,TURNING,DIVIDED - W/MEDIAN (NOT RAISED),NO CONTROLS,UNABLE TO DETERMINE,NOT APPLICABLE,0,0,0,0,18,6,3,2405,DAMEN AVE,41.778768,-87.640879,03/23/2018 06:41:00 PM,2018
CR00036543,09/18/2023 07:46:00 AM,40,CLEAR,DARKNESS,TURNING,ONE-WAY,NO CONTROLS,UNABLE TO DETERMINE,UNABLE TO DETERMINE,0,0,0,0,7,2,9,1362,BROADWAY,41.879961,-87.762883,09/18/2023 09:02:00 AM,2023