CRASH_RECORD_ID,CRASH_DATE,POSTED_SPEED_LIMIT,WEATHER_CONDITION,LIGHTING_CONDITION,FIRST_CRASH_TYPE,TRAFFICWAY_TYPE,TRAFFIC_CONTROL_DEVICE,PRIM_CONTRIBUTORY_CAUSE,SEC_CONTRIBUTORY_CAUSE,INJURIES_FATAL,INJURIES_INCAPACITATING,INJURIES_NON_INCAPACITATING,INJURIES_TOTAL,CRASH_HOUR,CRASH_DAY_OF_WEEK,CRASH_MONTH,BEAT_OF_OCCURRENCE,STREET_NAME,LATITUDE,LONGITUDE,DATE_POLICE_NOTIFIED,year
CR00036544,02/24/2023 06:12:00 AM,30,CLEAR,DARKNESS,ANGLE,NOT DIVIDED,TRAFFIC SIGNAL,UNABLE TO DETERMINE,UNABLE TO DETERMINE,0,0,0,0,6,6,2,1956,47TH ST,41.993051,-87.616439,02/24/2023 06:47:00 AM,2023
CR00036545,02/06/2022 01:25:00 PM,20,CLEAR,DARKNESS,PEDESTRIAN,NOT DIVIDED,NO CONTROLS,FOLLOWING TOO CLOSELY,FOLLOWING TOO CLOSELY,0,0,0,0,13,1,2,409,CALIFORNIA AVE,41.778767,-87.739203,02/06/2022 01:28:00 PM,2022
CR00036546,08/28/2015 08:16:00 AM,30,CLEAR,DAYLIGHT,REAR END,ONE-WAY,TRAFFIC SIGNAL,DISTRACTION - FROM INSIDE VEHICLE,IMPROPER OVERTAKING/PASSING,0,0,0,0,8,6,8,2244,ELSTON AVE,41.825213,-87.513628,08/28/2015 09:46:00 AM,2015
CR00036547,11/19/2018 06:59:00 PM,30,CLEAR,DAYLIGHT,PARKED MOTOR VEHICLE,NOT DIVIDED,STOP SIGN/FLASHER,FOLLOWING TOO CLOSELY,FOLLOWING TOO CLOSELY,0,0,0,0,18,2,11,1836,63RD ST,41.843691,-87.827426,11/19/2018 07:02:00 PM,2018
CR00036548,09/09/2019 09:23:00 AM,30,CLEAR,DAYLIGHT,ANGLE,FOUR WAY,STOP SIGN/FLASHER,FOLLOWING TOO CLOSELY,NOT APPLICABLE,0,0,0,0,9,2,9,2125,ROOSEVELT RD,41.994585,-87.644633,09/09/2019 10:39:00 AM,2019
CR00036549,06/04/2015 11:34:00 PM,30,RAIN,DARKNESS - LIGHTED ROAD,PARKED MOTOR VEHICLE,ONE-WAY,UNKNOWN,DISTRACTION - FROM INSIDE VEHICLE,FAILING TO YIELD RIGHT-OF-WAY,0,0,0,0,23,5,6,1055,DAMEN AVE,41.891534,-87.762134,06/05/2015 12:30:00 AM,2015
CR00036550,05/04/2016 03:37:00 PM,20,CLEAR,DARKNESS - LIGHTED ROAD,TURNING,DIVIDED - W/MEDIAN (NOT RAISED),UNKNOWN,IMPROPER LANE USAGE,IMPROPER OVERTAKING/PASSING,0,0,1,1,15,4,5,2502,MILWAUKEE AVE,41.752625,-87.849045,05/04/2016 04:25:00 PM,2016
CR00036551,01/28/2022 10:58:00 AM,15,CLEAR,DARKNESS - LIGHTED ROAD,PARKED MOTOR VEHICLE,NOT DIVIDED,NO CONTROLS,WEATHER,FAILING TO YIELD RIGHT-OF-WAY,0,0,0,0,10,6,1,362,63RD ST,41.846162,-87.807934,01/28/2022 12:04:00 PM,2022
CR00036552,03/09/2023 11:16:00 PM,35,CLEAR,DAYLIGHT,REAR END,FOUR WAY,NO CONTROLS,DRIVING SKILLS/KNOWLEDGE/EXPERIENCE,WEATHER,0,0,1,1,23,5,3,1219,PULASKI RD,41.760314,-87.83358,03/09/2023 11:18:00 PM,2023
CR00036553,08/19/2023 10:17:00 AM,30,SNOW,DARKNESS,REAR END,FOUR WAY,PEDESTRIAN CROSSING SIGN,FAILING TO YIELD RIGHT-OF-WAY,DISTRACTION - FROM INSIDE VEHICLE,0,0,0,0,10,7,8,1803,IRVING PARK RD,41.796301,-87.539207,08/19/2023 10:49:00 AM,2023
CR00036554,07/25/2021 06:01:00 PM,35,RAIN,DAYLIGHT,REAR TO FRONT,FOUR WAY,NO CONTROLS,FOLLOWING TOO CLOSELY,FOLLOWING TOO CLOSELY,0,0,1,1,18,1,7,190,WESTERN AVE,41.761077,-87.721209,07/25/2021 07:36:00 PM,2021
CR00036555,07/18/2024 02:08:00 AM,35,CLEAR,DAYLIGHT,PEDESTRIAN,ONE-WAY,YIELD,FOLLOWING TOO CLOSELY,FOLLOWING TOO CLOSELY,0,0,0,0,2,5,7,1966,ELSTON AVE,41.947574,-87.837969,07/18/2024 02:54:00 AM,2024
CR00036556,01/16/2021 03:32:00 PM,25,CLEAR,DAYLIGHT,TURNING,FOUR WAY,TRAFFIC SIGNAL,IMPROPER OVERTAKING/PASSING,DISTRACTION - FROM INSIDE VEHICLE,0,2,0,2,15,7,1,1574,47TH ST,41.913544,-87.730278,01/16/2021 03:38:00 PM,2021
CR00036557,09/04/2022 11:36:00 AM,35,CLEAR,DAYLIGHT,REAR END,DIVIDED - W/MEDIAN BARRIER,UNKNOWN,FAILING TO REDUCE SPEED,NOT APPLICABLE,0,0,0,0,11,1,9,424,79TH ST,41.796568,-87.711255,09/04/2022 11:44:00 AM,2022
CR00036558,09/12/2018 01:39:00 PM,30,CLEAR,DARKNESS - LIGHTED ROAD,REAR END,DIVIDED - W/MEDIAN (NOT RAISED),NO CONTROLS,UNABLE TO DETERMINE,NOT APPLICABLE,0,0,0,0,13,4,9,1950,ARCHER AVE,41.81618,-87.675121,09/12/2018 01:53:00 PM,2018
CR00036559,12/23/2020 09:07:00 AM,40,CLEAR,DAYLIGHT,SIDESWIPE SAME DIRECTION,DIVIDED - W/MEDIAN BARRIER,NO CONTROLS,FOLLOWING TOO CLOSELY,IMPROPER LANE USAGE,0,0,0,0,9,4,12,299,STATE ST,41.791475,-87.577495,12/23/2020 09:12:00 AM,2020
CR00036560,06/01/2016 10:33:00 AM,35,CLEAR,DAYLIGHT,REAR END,NOT DIVIDED,YIELD,UNABLE TO DETERMINE,UNABLE TO DETERMINE,0,0,0,0,10,4,6,1368,WESTERN AVE,41.837172,-87.848951,06/01/2016 10:40:00 AM,2016
CR00036561,07/17/2020 06:47:00 PM,30,RAIN,DAYLIGHT,REAR END,DIVIDED - W/MEDIAN (NOT RAISED),TRAFFIC SIGNAL,UNABLE TO DETERMINE,IMPROPER OVERTAKING/PASSING,0,0,0,0,18,6,7,1555,PULASKI RD,41.965459,-87.71658,07/17/2020 06:55:00 PM,2020
CR00036562,06/05/2019 04:15:00 PM,35,CLEAR,DAYLIGHT,REAR END,T-INTERSECTION,TRAFFIC SIGNAL,FAILING TO REDUCE SPEED,IMPROPER OVERTAKING/PASSING,0,0,1,1,16,4,6,144,HALSTED ST,41.944329,-87.804435,06/05/2019 05:33:00 PM,2019
CR00036563,05/22/2019 06:03:00 AM,15,CLEAR,DAYLIGHT,PARKED MOTOR VEHICLE,DIVIDED - W/MEDIAN BARRIER,PEDESTRIAN CROSSING SIGN,UNABLE TO DETERMINE,FOLLOWING TOO CLOSELY,0,0,0,0,6,4,5,669,HALSTED ST,41.838594,-87.667957,05/22/2019 06:04:00 AM,2019
CR00036564,04/11/2015 01:55:00 PM,40,CLEAR,DAYLIGHT,TURNING,DIVIDED - W/MEDIAN (NOT RAISED),TRAFFIC SIGNAL,FAILING TO YIELD RIGHT-OF-WAY,NOT APPLICABLE,0,0,0,0,13,7,4,300,ROOSEVELT RD,41.784451,-87.731775,04/11/2015 03:07:00 PM,2015
CR00036565,03/16/2018 05:57:00 PM,25,RAIN,DARKNESS - LIGHTED ROAD,REAR END,FOUR WAY,YIELD,UNABLE TO DETERMINE,NOT APPLICABLE,0,0,0,0,17,6,3,2387,ARCHER AVE,41.922951,-87.657814,03/16/2018 07:21:00 PM,2018
CR00036566,02/08/2017 11:20:00 AM,35,RAIN,DAYLIGHT,REAR END,NOT DIVIDED,NO CONTROLS,UNABLE TO DETERMINE,UNABLE TO DETERMINE,0,0,1,1,11,4,2,491,CLARK ST,41.958798,-87.61741,02/08/2017 12:18:00 PM,2017
CR00036567,12/06/2019 11:50:00 AM,30,FOG/SMOKE/HAZE,DAYLIGHT,TURNING,DIVIDED - W/MEDIAN BARRIER,NO CONTROLS,IMPROPER OVERTAKING/PASSING,UNABLE TO DETERMINE,0,0,0,0,11,6,12,771,CICERO AVE,41.762644,-87.688035,12/06/2019 01:28:00 PM,2019
CR00036568,12/27/2015 04:18:00 PM,25,CLOUDY/OVERCAST,DARKNESS - LIGHTED ROAD,TURNING,ONE-WAY,NO CONTROLS,DISREGARDING TRAFFIC SIGNALS,FAILING TO REDUCE SPEED,0,0,0,0,16,1,12,682,DIVISION ST,41.79312,-87.65891,12/27/2015 05:34:00 PM,2015
CR00036569,02/23/2023 01:54:00 PM,30,CLEAR,DAYLIGHT,ANGLE,NOT DIVIDED,STOP SIGN/FLASHER,DRIVING SKILLS/KNOWLEDGE/EXPERIENCE,IMPROPER OVERTAKING/PASSING,0,0,0,0,13,5,2,501,ROOSEVELT RD,41.978721,-87.75377,02/23/2023 03:28:00 PM,2023
CR00036570,12/03/2020 09:14:00 PM,15,CLEAR,DARKNESS - LIGHTED ROAD,REAR END,NOT DIVIDED,NO CONTROLS,DISTRACTION - FROM INSIDE VEHICLE,UNABLE TO DETERMINE,0,0,0,0,21,5,12,1759,ROOSEVELT RD,41.718533,-87.643818,12/03/2020 10:40:00 PM,2020
CR00036571,06/14/2020 05:04:00 PM,30,RAIN,DAYLIGHT,REAR END,DIVIDED - W/MEDIAN (NOT RAISED),NO CONTROLS,UNABLE TO DETERMINE,FAILING TO YIELD RIGHT-OF-WAY,0,0,0,0,17,1,6,1837,LAKE SHORE DR,41.717562,-87.589342,06/14/2020 06:27:00 PM,2020
CR00036572,09/25/2024 04:19:00 PM,20,RAIN,DAYLIGHT,ANGLE,NOT DIVIDED,NO CONTROLS,IMPROPER OVERTAKING/PASSING,UNABLE TO DETERMINE,0,0,0,0,16,4,9,1570,OGDEN AVE,41.965301,-87.773918,09/25/2024 06:06:00 PM,2024
CR00036573,06/10/2019 04:20:00 PM,20,CLEAR,DAYLIGHT,REAR END,NOT DIVIDED,YIELD,UNABLE TO DETERMINE,IMPROPER OVERTAKING/PASSING,0,0,0,0,16,2,6,2092,DAMEN AVE,41.818523,-87.769839,06/10/2019 05:50:00 PM,2019
CR00036574,08/01/2018 07:09:00 PM,30,SNOW,DAYLIGHT,REAR TO FRONT,NOT DIVIDED,STOP SIGN/FLASHER,DRIVING SKILLS/KNOWLEDGE/EXPERIENCE,DISTRACTION - FROM INSIDE VEHICLE,0,0,0,0,19,4,8,855,79TH ST,41.775578,-87.758722,08/01/2018 07:17:00 PM,2018
CR00036575,05/16/2016 06:19:00 PM,35,CLEAR,DAYLIGHT,TURNING,ONE-WAY,TRAFFIC SIGNAL,UNABLE TO DETERMINE,IMPROPER LANE USAGE,0,0,1,1,18,2,5,932,MILWAUKEE AVE,41.842007,-87.832328,05/16/2016 08:13:00 PM,2016
CR00036576,08/04/2017 07:25:00 AM,30,RAIN,DAWN,PARKED MOTOR VEHICLE,NOT DIVIDED,STOP SIGN/FLASHER,IMPROPER OVERTAKING/PASSING,FAILING TO YIELD RIGHT-OF-WAY,0,0,0,0,7,6,8,858,ASHLAND AVE,41.947225,-87.696317,08/04/2017 08:30:00 AM,2017
CR00036577,04/02/2024 10:16:00 AM,35,CLEAR,DAYLIGHT,PARKED MOTOR VEHICLE,ONE-WAY,NO CONTROLS,DRIVING SKILLS/KNOWLEDGE/EXPERIENCE,UNABLE TO DETERMINE,0,0,0,0,10,3,4,1689,WESTERN AVE,41.87391,-87.646073,04/02/2024 11:42:00 AM,2024
CR00036578,05/03/2023 07:09:00 PM,45,CLEAR,DARKNESS - LIGHTED ROAD,PARKED MOTOR VEHICLE,NOT DIVIDED,NO CONTROLS,WEATHER,UNABLE TO DETERMINE,0,0,0,0,19,4,5,1409,ELSTON AVE,41.942958,-87.540946,05/03/2023 08:45:00 PM,2023
CR00036579,09/05/2018 09:08:00 AM,45,CLEAR,DAYLIGHT,REAR TO FRONT,DIVIDED - W/MEDIAN (NOT RAISED),TRAFFIC SIGNAL,UNABLE TO DETERMINE,WEATHER,0,0,0,0,9,4,9,1995,OGDEN AVE,41.977586,-87.840688,09/05/2018 10:08:00 AM,2018
CR00036580,09/29/2018 06:30:00 PM,25,CLOUDY/OVERCAST,DUSK,ANGLE,FOUR WAY,UNKNOWN,UNABLE TO DETERMINE,DISREGARDING TRAFFIC SIGNALS,0,0,1,1,18,7,9,578,ELSTON AVE,41.826518,-87.821248,09/29/2018 07:50:00 PM,2018
CR00036581,05/22/2023 07:03:00 PM,30,RAIN,DAYLIGHT,REAR END,NOT DIVIDED,STOP SIGN/FLASHER,IMPROPER LANE USAGE,NOT APPLICABLE,0,0,0,0,19,2,5,1834,DAMEN AVE,41.772915,-87.820028,05/22/2023 07:22:00 PM,2023
CR00036582,07/19/2024 05:02:00 PM,45,CLEAR,DAYLIGHT,SIDESWIPE SAME DIRECTION,NOT DIVIDED,TRAFFIC SIGNAL,DISREGARDING TRAFFIC SIGNALS,DRIVING SKILLS/KNOWLEDGE/EXPERIENCE,0,0,0,0,17,6,7,336,MICHIGAN AVE,41.859817,-87.795602,07/19/2024 05:04:00 PM,2024
CR00036583,01/23/2016 09:25:00 AM,25,CLEAR,DAYLIGHT,ANGLE,FOUR WAY,NO CONTROLS,DRIVING SKILLS/KNOWLEDGE/EXPERIENCE,IMPROPER OVERTAKING/PASSING,0,0,0,0,9,7,1,2454,WESTERN AVE,41.964766,-87.566784,01/23/2016 10:40:00 AM,2016
CR00036584,05/15/2022 09:55:00 PM,35,FREEZING RAIN/DRIZZLE,DAYLIGHT,ANGLE,NOT DIVIDED,NO CONTROLS,IMPROPER LANE USAGE,NOT APPLICABLE,0,0,0,0,21,1,5,233,LAKE SHORE DR,41.854679,-87.762277,05/15/2022 11:15:00 PM,2022
CR00036585,03/22/2021 05:55:00 AM,25,CLEAR,DAYLIGHT,PEDESTRIAN,NOT DIVIDED,NO CONTROLS,UNABLE TO DETERMINE,UNABLE TO DETERMINE,0,1,0,1,5,2,3,1308,IRVING PARK RD,41.842073,-87.72115,03/22/2021 07:47:00 AM,2021
CR00036586,09/13/2015 02:45:00 PM,45,RAIN,DARKNESS - LIGHTED ROAD,ANGLE,DIVIDED - W/MEDIAN (NOT RAISED),NO CONTROLS,IMPROPER LANE USAGE,UNABLE TO DETERMINE,0,0,3,3,14,1,9,348,MICHIGAN AVE,41.806114,-87.535295,09/13/2015 03:48:00 PM,2015
CR00036587,01/26/2022 11:59:00 AM,35,RAIN,DAYLIGHT,SIDESWIPE SAME DIRECTION,NOT DIVIDED,TRAFFIC SIGNAL,FOLLOWING TOO CLOSELY,DISREGARDING TRAFFIC SIGNALS,0,0,0,0,11,4,1,2219,WESTERN AVE,41.999752,-87.751504,01/26/2022 01:03:00 PM,2022
CR00036588,04/16/2023 05:53:00 PM,45,CLOUDY/OVERCAST,DARKNESS - LIGHTED ROAD,SIDESWIPE SAME DIRECTION,DIVIDED - W/MEDIAN BARRIER,TRAFFIC SIGNAL,UNABLE TO DETERMINE,NOT APPLICABLE,0,0,0,0,17,1,4,1737,IRVING PARK RD,41.827887,-87.810375,04/16/2023 07:45:00 PM,2023
CR00036589,06/14/2021 12:10:00 PM,30,SNOW,DARKNESS - LIGHTED ROAD,REAR END,DIVIDED - W/MEDIAN (NOT RAISED),NO CONTROLS,DISTRACTION - FROM INSIDE VEHICLE,FAILING TO YIELD RIGHT-OF-WAY,0,0,0,0,12,2,6,2124,HALSTED ST,41.945661,-87.646838,06/14/2021 01:55:00 PM,2021
CR00036590,11/14/2024 02:39:00 PM,30,RAIN,DARKNESS - LIGHTED ROAD,REAR TO FRONT,NOT DIVIDED,STOP SIGN/FLASHER,FAILING TO REDUCE SPEED,UNABLE TO DETERMINE,0,0,0,0,14,5,11,800,DIVISION ST,41.724895,-87.604772,11/14/2024 02:40:00 PM,2024
CR00036591,12/28/2017 08:59:00 AM,30,CLEAR,DUSK,TURNING,NOT DIVIDED,NO CONTROLS,DISREGARDING TRAFFIC SIGNALS,WEATHER,0,0,0,0,8,5,12,658,STATE ST,41.913123,-87.656593,12/28/2017 09:37:00 AM,2017
CR00036592,08/25/2022 04:04:00 PM,40,CLEAR,DAYLIGHT,REAR END,NOT DIVIDED,NO CONTROLS,DISREGARDING TRAFFIC SIGNALS,FAILING TO YIELD RIGHT-OF-WAY,0,0,0,0,16,5,8,806,CLARK ST,41.890067,-87.783636,08/25/2022 04:23:00 PM,2022
CR00036593,03/01/2016 02:08:00 PM,30,CLEAR,DAWN,SIDESWIPE SAME DIRECTION,NOT DIVIDED,TRAFFIC SIGNAL,UNABLE TO DETERMINE,NOT APPLICABLE,0,0,0,0,14,3,3,1062,KEDZIE AVE,41.712235,-87.799722,03/01/2016 03:40:00 PM,2016
CR00036594,03/20/2023 08:35:00 AM,45,RAIN,DAWN,REAR END,DIVIDED - W/MEDIAN (NOT RAISED),NO CONTROLS,FAILING TO REDUCE SPEED,UNABLE TO DETERMINE,0,0,1,1,8,2,3,2327,STATE ST,41.757165,-87.78345,03/20/2023 10:01:00 AM,2023
CR00036595,08/16/2015 08:17:00 AM,30,CLEAR,DARKNESS - LIGHTED ROAD,SIDESWIPE SAME DIRECTION,NOT DIVIDED,STOP SIGN/FLASHER,UNABLE TO DETERMINE,FOLLOWING TOO CLOSELY,0,0,0,0,8,1,8,1092,STATE ST,41.79376,-87.810882,08/16/2015 09:15:00 AM,2015
CR00036596,10/07/2017 07:02:00 PM,30,CLEAR,DAYLIGHT,REAR END,FOUR WAY,TRAFFIC SIGNAL,IMPROPER OVERTAKING/PASSING,FOLLOWING TOO CLOSELY,0,0,0,0,19,7,10,1752,STONY ISLAND AVE,41.878458,-87.532123,10/07/2017 08:33:00 PM,2017
CR00036597,10/03/2016 04:38:00 PM,30,CLEAR,DARKNESS - LIGHTED ROAD,REAR TO FRONT,FOUR WAY,NO CONTROLS,UNABLE TO DETERMINE,FAILING TO REDUCE SPEED,0,0,0,0,16,2,10,1962,WESTERN AVE,41.814014,-87.737479,10/03/2016 06:29:00 PM,2016
CR00036598,12/19/2021 06:44:00 AM,25,CLEAR,DARKNESS - LIGHTED ROAD,REAR END,NOT DIVIDED,TRAFFIC SIGNAL,FAILING TO REDUCE SPEED,FAILING TO REDUCE SPEED,0,0,0,0,6,1,12,682,63RD ST,41.777183,-87.538352,12/19/2021 07:20:00 AM,2021
CR00036599,10/22/2018 07:06:00 AM,20,CLEAR,DARKNESS,PARKED MOTOR VEHICLE,NOT DIVIDED,NO CONTROLS,DRIVING SKILLS/KNOWLEDGE/EXPERIENCE,UNABLE TO DETERMINE,0,0,0,0,7,2,10,291,ROOSEVELT RD,41.952636,-87.689412,10/22/2018 08:12:00 AM,2018
CR00036600,03/09/2024 09:12:00 PM,25,CLEAR,DUSK,ANGLE,FOUR WAY,TRAFFIC SIGNAL,FAILING TO YIELD RIGHT-OF-WAY,UNABLE TO DETERMINE,0,0,0,0,21,7,3,443,DAMEN AVE,41.857659,-87.799374,03/09/2024 09:55:00 PM,2024
CR00036601,10/27/2020 07:33:00 AM,40,CLEAR,DAYLIGHT,ANGLE,FOUR WAY,TRAFFIC SIGNAL,UNABLE TO DETERMINE,IMPROPER LANE USAGE,0,0,0,0,7,3,10,1883,OGDEN AVE,41.740947,-87.513405,10/27/2020 08:16:00 AM,2020
CR00036602,09/30/2023 06:43:00 PM,45,CLEAR,DAYLIGHT,TURNING,NOT DIVIDED,UNKNOWN,UNABLE TO DETERMINE,IMPROPER OVERTAKING/PASSING,0,0,0,0,18,7,9,1601,47TH ST,41.925235,-87.635929,09/30/2023 08:08:00 PM,2023
CR00036603,05/17/2020 05:08:00 AM,30,FREEZING RAIN/DRIZZLE,DAYLIGHT,TURNING,NOT DIVIDED,NO CONTROLS,FAILING TO YIELD RIGHT-OF-WAY,DISTRACTION - FROM INSIDE VEHICLE,0,0,1,1,5,1,5,2238,CICERO AVE,41.870188,-87.588355,05/17/2020 05:42:00 AM,2020
CR00036604,06/07/2022 04:31:00 PM,35,CLEAR,DAYLIGHT,SIDESWIPE SAME DIRECTION,T-INTERSECTION,UNKNOWN,UNABLE TO DETERMINE,NOT APPLICABLE,0,0,2,2,16,3,6,101,PULASKI RD,41.89328,-87.669327,06/07/2022 04:48:00 PM,2022
CR00036605,02/27/2023 06:39:00 PM,15,CLEAR,DAYLIGHT,REAR END,DIVIDED - W/MEDIAN (NOT RAISED),TRAFFIC SIGNAL,UNABLE TO DETERMINE,UNABLE TO DETERMINE,0,0,0,0,18,2,2,417,STATE ST,41.92653,-87.583126,02/27/2023 06:52:00 PM,2023
CR00036606,08/24/2016 02:46:00 AM,15,CLEAR,DAYLIGHT,REAR END,NOT DIVIDED,NO CONTROLS,FAILING TO YIELD RIGHT-OF-WAY,FOLLOWING TOO CLOSELY,0,0,0,0,2,4,8,391,IRVING PARK RD,41.98802,-87.826132,08/24/2016 03:23:00 AM,2016
CR00036607,01/02/2024 03:51:00 AM,25,CLEAR,DAYLIGHT,REAR END,NOT DIVIDED,NO CONTROLS,FOLLOWING TOO CLOSELY,IMPROPER LANE USAGE,0,0,0,0,3,3,1,2093,DIVISION ST,41.781652,-87.726522,01/02/2024 05:23:00 AM,2024
CR00036608,01/01/2019 09:08:00 AM,30,CLEAR,DAYLIGHT,SIDESWIPE SAME DIRECTION,NOT DIVIDED,NO CONTROLS,DISTRACTION - FROM INSIDE VEHICLE,UNABLE TO DETERMINE,0,0,0,0,9,3,1,1989,CLARK ST,41.792225,-87.78619,01/01/2019 10:36:00 AM,2019
CR00036609,08/29/2016 05:59:00 PM,20,CLEAR,DUSK,PARKED MOTOR VEHICLE,DIVIDED - W/MEDIAN (NOT RAISED),NO CONTROLS,FAILING TO REDUCE SPEED,WEATHER,0,0,1,1,17,2,8,1149,WESTERN AVE,41.861435,-87.503426,08/29/2016 06:28:00 PM,2016
CR00036610,04/28/2022 07:45:00 PM,30,FOG/SMOKE/HAZE,DAYLIGHT,REAR END,NOT DIVIDED,STOP SIGN/FLASHER,FAILING TO REDUCE SPEED,FOLLOWING TOO CLOSELY,0,0,0,0,19,5,4,1265,MICHIGAN AVE,41.970369,-87.568446,04/28/2022 09:02:00 PM,2022
CR00036611,01/19/2019 04:33:00 PM,45,CLEAR,DARKNESS - LIGHTED ROAD,REAR END,NOT DIVIDED,TRAFFIC SIGNAL,DISREGARDING TRAFFIC SIGNALS,UNABLE TO DETERMINE,0,0,0,0,16,7,1,1889,MICHIGAN AVE,41.76023,-87.800799,01/19/2019 05:19:00 PM,2019
CR00036612,10/01/2015 12:27:00 PM,20,RAIN,DAYLIGHT,PEDESTRIAN,ONE-WAY,TRAFFIC SIGNAL,FOLLOWING TOO CLOSELY,NOT APPLICABLE,0,0,0,0,12,5,10,1439,63RD ST,41.818894,-87.579357,10/01/2015 01:23:00 PM,2015
CR00036613,07/29/2022 05:13:00 PM,45,CLEAR,DARKNESS - LIGHTED ROAD,ANGLE,NOT DIVIDED,TRAFFIC SIGNAL,UNABLE TO DETERMINE,IMPROPER LANE USAGE,0,0,0,0,17,6,7,1845,STONY ISLAND AVE,41.952596,-87.563575,07/29/2022 06:40:00 PM,2022
CR00036614,12/28/2016 07:26:00 AM,30,RAIN,DAYLIGHT,TURNING,FOUR WAY,TRAFFIC SIGNAL,IMPROPER LANE USAGE,NOT APPLICABLE,0,0,0,0,7,4,12,1910,ROOSEVELT RD,41.986772,-87.725144,12/28/2016 09:22:00 AM,2016
CR00036615,02/11/2021 12:23:00 PM,35,CLEAR,DUSK,SIDESWIPE SAME DIRECTION,DIVIDED - W/MEDIAN BARRIER,NO CONTROLS,DISREGARDING TRAFFIC SIGNALS,FAILING TO REDUCE SPEED,0,0,1,1,12,5,2,1158,BROADWAY,41.756557,-87.603699,02/11/2021 01:18:00 PM,2021
CR00036616,12/16/2024 08:15:00 AM,15,CLEAR,DARKNESS,REAR TO FRONT,NOT DIVIDED,UNKNOWN,FOLLOWING TOO CLOSELY,FAILING TO YIELD RIGHT-OF-WAY,0,0,2,2,8,2,12,2062,OGDEN AVE,41.840121,-87.781988,12/16/2024 09:07:00 AM,2024
CR00036617,01/03/2020 05:57:00 PM,20,CLEAR,DAYLIGHT,REAR TO FRONT,NOT DIVIDED,NO CONTROLS,IMPROPER LANE USAGE,FOLLOWING TOO CLOSELY,0,0,3,3,17,6,1,578,ELSTON AVE,41.979081,-87.827771,01/03/2020 06:24:00 PM,2020
CR00036618,08/08/2015 01:10:00 PM,25,RAIN,DARKNESS,PEDESTRIAN,DIVIDED - W/MEDIAN BARRIER,TRAFFIC SIGNAL,FOLLOWING TOO CLOSELY,UNABLE TO DETERMINE,0,0,0,0,13,7,8,657,BROADWAY,41.97697,-87.660588,08/08/2015 02:18:00 PM,2015
CR00036619,10/17/2015 10:14:00 AM,35,CLEAR,DAYLIGHT,FIXED OBJECT,ONE-WAY,UNKNOWN,FAILING TO YIELD RIGHT-OF-WAY,NOT APPLICABLE,0,0,0,0,10,7,10,2372,HALSTED ST,41.833016,-87.835348,10/17/2015 10:29:00 AM,2015
CR00036620,04/29/2015 09:45:00 AM,45,CLEAR,DAYLIGHT,TURNING,NOT DIVIDED,NO CONTROLS,DISREGARDING TRAFFIC SIGNALS,IMPROPER LANE USAGE,0,0,0,0,9,4,4,2037,ROOSEVELT RD,41.977006,-87.654617,04/29/2015 11:18:00 AM,2015
CR00036621,05/27/2023 08:24:00 PM,20,CLEAR,DAYLIGHT,REAR END,DIVIDED - W/MEDIAN BARRIER,NO CONTROLS,FAILING TO YIELD RIGHT-OF-WAY,DRIVING SKILLS/KNOWLEDGE/EXPERIENCE,0,0,0,0,20,7,5,2326,BROADWAY,41.933441,-87.750106,05/27/2023 09:23:00 PM,2023
CR00036622,01/04/2022 06:38:00 PM,40,CLEAR,DAYLIGHT,TURNING,FOUR WAY,STOP SIGN/FLASHER,FAILING TO YIELD RIGHT-OF-WAY,DRIVING SKILLS/KNOWLEDGE/EXPERIENCE,0,0,0,0,18,3,1,1743,LAKE SHORE DR,41.879422,-87.673173,01/04/2022 08:36:00 PM,2022
CR00036623,04/04/2022 11:08:00 AM,30,CLEAR,DAYLIGHT,REAR TO FRONT,DIVIDED - W/MEDIAN BARRIER,YIELD,UNABLE TO DETERMINE,FOLLOWING TOO CLOSELY,0,0,0,0,11,2,4,712,IRVING PARK RD,41.924047,-87.57026,04/04/2022 12:35:00 PM,2022
CR00036624,11/16/2023 08:01:00 PM,30,CLEAR,DAWN,FIXED OBJECT,DIVIDED - W/MEDIAN (NOT RAISED),STOP SIGN/FLASHER,IMPROPER LANE USAGE,NOT APPLICABLE,0,0,0,0,20,5,11,532,WESTERN AVE,41.863181,-87.79838,11/16/2023 08:22:00 PM,2023
CR00036625,07/26/2015 10:45:00 AM,35,CLEAR,DAYLIGHT,REAR END,DIVIDED - W/MEDIAN (NOT RAISED),YIELD,FOLLOWING TOO CLOSELY,UNABLE TO DETERMINE,0,0,0,0,10,1,7,2048,STONY ISLAND AVE,41.779189,-87.713411,07/26/2015 11:30:00 AM,2015
CR00036626,06/28/2023 12:10:00 PM,45,CLEAR,DAYLIGHT,SIDESWIPE SAME DIRECTION,NOT DIVIDED,TRAFFIC SIGNAL,FOLLOWING TOO CLOSELY,NOT APPLICABLE,0,0,0,0,12,4,6,737,HALSTED ST,41.828284,-87.549238,06/28/2023 12:11:00 PM,2023