CRASH_RECORD_ID,CRASH_DATE,POSTED_SPEED_LIMIT,WEATHER_CONDITION,LIGHTING_CONDITION,FIRST_CRASH_TYPE,TRAFFICWAY_TYPE,TRAFFIC_CONTROL_DEVICE,PRIM_CONTRIBUTORY_CAUSE,SEC_CONTRIBUTORY_CAUSE,INJURIES_FATAL,INJURIES_INCAPACITATING,INJURIES_NON_INCAPACITATING,INJURIES_TOTAL,CRASH_HOUR,CRASH_DAY_OF_WEEK,CRASH_MONTH,BEAT_OF_OCCURRENCE,STREET_NAME,LATITUDE,LONGITUDE,DATE_POLICE_NOTIFIED,year
CR00036627,11/23/2019 05:54:00 PM,45,CLEAR,DAYLIGHT,REAR END,ONE-WAY,STOP SIGN/FLASHER,DISTRACTION - FROM INSIDE VEHICLE,FAILING TO YIELD RIGHT-OF-WAY,0,0,0,0,17,7,11,2350,PULASKI RD,41.901944,-87.606812,11/23/2019 06:59:00 PM,2019
CR00036628,07/14/2024 07:13:00 AM,35,CLEAR,DAYLIGHT,PEDESTRIAN,NOT DIVIDED,YIELD,DISTRACTION - FROM INSIDE VEHICLE,FAILING TO YIELD RIGHT-OF-WAY,0,0,0,0,7,1,7,278,MILWAUKEE AVE,41.902493,-87.573153,07/14/2024 07:15:00 AM,2024
CR00036629,02/08/2023 01:02:00 PM,30,CLEAR,DAYLIGHT,REAR END,ONE-WAY,NO CONTROLS,UNABLE TO DETERMINE,IMPROPER OVERTAKING/PASSING,0,0,0,0,13,4,2,2517,PULASKI RD,41.984218,-87.791453,02/08/2023 02:55:00 PM,2023
CR00036630,05/02/2016 01:51:00 PM,30,CLEAR,DARKNESS - LIGHTED ROAD,REAR TO FRONT,NOT DIVIDED,UNKNOWN,FOLLOWING TOO CLOSELY,IMPROPER LANE USAGE,0,0,0,0,13,2,5,256,79TH ST,41.943093,-87.55539,05/02/2016 03:30:00 PM,2016
CR00036631,11/08/2021 06:31:00 PM,30,CLEAR,DAYLIGHT,PARKED MOTOR VEHICLE,NOT DIVIDED,TRAFFIC SIGNAL,FAILING TO YIELD RIGHT-OF-WAY,IMPROPER LANE USAGE,0,0,2,2,18,2,11,529,63RD ST,41.890528,-87.843114,11/08/2021 08:04:00 PM,2021
CR00036632,07/10/2020 01:21:00 AM,35,CLEAR,DAYLIGHT,PEDESTRIAN,NOT DIVIDED,STOP SIGN/FLASHER,DISTRACTION - FROM INSIDE VEHICLE,DISTRACTION - FROM INSIDE VEHICLE,0,0,0,0,1,6,7,2472,CLARK ST,41.820357,-87.641779,07/10/2020 02:35:00 AM,2020
CR00036633,06/07/2018 09:20:00 PM,25,SNOW,DARKNESS - LIGHTED ROAD,REAR END,NOT DIVIDED,NO CONTROLS,FAILING TO YIELD RIGHT-OF-WAY,UNABLE TO DETERMINE,0,0,0,0,21,5,6,983,ROOSEVELT RD,41.865001,-87.541286,06/07/2018 09:38:00 PM,2018
CR00036634,07/25/2015 07:25:00 PM,45,RAIN,DAYLIGHT,SIDESWIPE SAME DIRECTION,NOT DIVIDED,TRAFFIC SIGNAL,WEATHER,DISTRACTION - FROM INSIDE VEHICLE,0,0,0,0,19,7,7,319,ELSTON AVE,41.93191,-87.571589,07/25/2015 08:01:00 PM,2015
CR00036635,04/17/2020 10:36:00 AM,15,CLEAR,DAYLIGHT,REAR END,NOT DIVIDED,TRAFFIC SIGNAL,DISREGARDING TRAFFIC SIGNALS,FAILING TO REDUCE SPEED,0,0,0,0,10,6,4,2411,MICHIGAN AVE,41.784225,-87.802831,04/17/2020 12:06:00 PM,2020
CR00036636,01/05/2017 07:36:00 PM,30,CLEAR,DARKNESS,SIDESWIPE SAME DIRECTION,FOUR WAY,NO CONTROLS,DRIVING SKILLS/KNOWLEDGE/EXPERIENCE,DISREGARDING TRAFFIC SIGNALS,0,0,0,0,19,5,1,1670,IRVING PARK RD,41.925155,-87.708373,01/05/2017 08:09:00 PM,2017
CR00036637,12/04/2019 11:36:00 AM,25,CLEAR,DARKNESS - LIGHTED ROAD,REAR TO FRONT,DIVIDED - W/MEDIAN BARRIER,NO CONTROLS,FOLLOWING TOO CLOSELY,IMPROPER LANE USAGE,0,0,0,0,11,4,12,1492,MILWAUKEE AVE,41.876929,-87.671871,12/04/2019 12:02:00 PM,2019
CR00036638,01/11/2018 11:38:00 PM,40,FREEZING RAIN/DRIZZLE,DAYLIGHT,REAR END,NOT DIVIDED,STOP SIGN/FLASHER,IMPROPER LANE USAGE,FOLLOWING TOO CLOSELY,0,0,0,0,23,5,1,2070,STATE ST,41.888953,-87.563056,01/12/2018 12:31:00 AM,2018
CR00036639,10/17/2017 05:23:00 PM,30,CLEAR,DAYLIGHT,REAR END,ONE-WAY,NO CONTROLS,UNABLE TO DETERMINE,NOT APPLICABLE,0,0,0,0,17,3,10,1539,LAKE SHORE DR,41.725478,-87.518261,10/17/2017 06:42:00 PM,2017
CR00036640,05/30/2024 05:56:00 PM,30,CLEAR,DAYLIGHT,REAR END,FOUR WAY,TRAFFIC SIGNAL,DRIVING SKILLS/KNOWLEDGE/EXPERIENCE,FAILING TO REDUCE SPEED,0,0,0,0,17,5,5,405,ELSTON AVE,41.843743,-87.633748,05/30/2024 07:25:00 PM,2024
CR00036641,01/27/2018 04:44:00 PM,35,CLEAR,DARKNESS - LIGHTED ROAD,REAR END,FOUR WAY,UNKNOWN,FAILING TO REDUCE SPEED,UNABLE TO DETERMINE,0,0,0,0,16,7,1,296,CICERO AVE,41.845138,-87.575204,01/27/2018 05:57:00 PM,2018
CR00036642,08/28/2020 06:50:00 PM,30,CLEAR,DARKNESS - LIGHTED ROAD,TURNING,NOT DIVIDED,UNKNOWN,UNABLE TO DETERMINE,DISREGARDING TRAFFIC SIGNALS,0,0,0,0,18,6,8,700,BROADWAY,41.784842,-87.636864,08/28/2020 07:03:00 PM,2020
CR00036643,07/05/2023 02:16:00 PM,25,CLOUDY/OVERCAST,DAWN,REAR END,NOT DIVIDED,NO CONTROLS,DISTRACTION - FROM INSIDE VEHICLE,IMPROPER LANE USAGE,0,0,0,0,14,4,7,956,DAMEN AVE,41.753333,-87.704751,07/05/2023 03:37:00 PM,2023
CR00036644,08/15/2023 11:52:00 PM,30,CLOUDY/OVERCAST,DAYLIGHT,TURNING,NOT DIVIDED,STOP SIGN/FLASHER,IMPROPER LANE USAGE,IMPROPER OVERTAKING/PASSING,0,0,2,2,23,3,8,549,CALIFORNIA AVE,41.884407,-87.642299,08/16/2023 12:19:00 AM,2023
CR00036645,01/21/2022 01:33:00 PM,15,CLEAR,DAYLIGHT,REAR END,DIVIDED - W/MEDIAN (NOT RAISED),STOP SIGN/FLASHER,UNABLE TO DETERMINE,IMPROPER OVERTAKING/PASSING,0,0,0,0,13,6,1,2083,LAKE SHORE DR,41.877413,-87.649363,01/21/2022 01:35:00 PM,2022
CR00036646,01/31/2022 03:36:00 PM,30,CLEAR,DAYLIGHT,SIDESWIPE SAME DIRECTION,NOT DIVIDED,TRAFFIC SIGNAL,UNABLE TO DETERMINE,UNABLE TO DETERMINE,0,0,0,0,15,2,1,608,MILWAUKEE AVE,41.853913,-87.608516,01/31/2022 05:19:00 PM,2022
CR00036647,06/04/2017 10:57:00 PM,35,RAIN,DAYLIGHT,TURNING,ONE-WAY,STOP SIGN/FLASHER,IMPROPER OVERTAKING/PASSING,FAILING TO REDUCE SPEED,0,0,0,0,22,1,6,659,47TH ST,41.758338,-87.773501,06/04/2017 11:38:00 PM,2017
CR00036648,09/01/2017 04:29:00 PM,25,RAIN,DAYLIGHT,ANGLE,DIVIDED - W/MEDIAN BARRIER,UNKNOWN,WEATHER,DISTRACTION - FROM INSIDE VEHICLE,0,0,0,0,16,6,9,356,HALSTED ST,41.826379,-87.815625,09/01/2017 05:47:00 PM,2017
CR00036649,12/06/2022 09:23:00 AM,25,CLEAR,DARKNESS,REAR END,DIVIDED - W/MEDIAN (NOT RAISED),NO CONTROLS,DISREGARDING TRAFFIC SIGNALS,FAILING TO YIELD RIGHT-OF-WAY,0,1,1,2,9,3,12,1013,MILWAUKEE AVE,41.98649,-87.65128,12/06/2022 10:56:00 AM,2022
CR00036650,10/28/2018 09:00:00 PM,30,CLEAR,DAYLIGHT,REAR END,NOT DIVIDED,NO CONTROLS,DRIVING SKILLS/KNOWLEDGE/EXPERIENCE,DISTRACTION - FROM INSIDE VEHICLE,0,0,0,0,21,1,10,2472,ARCHER AVE,41.968341,-87.633427,10/28/2018 09:57:00 PM,2018
CR00036651,05/08/2019 09:55:00 AM,40,CLEAR,DAYLIGHT,TURNING,NOT DIVIDED,STOP SIGN/FLASHER,FOLLOWING TOO CLOSELY,IMPROPER LANE USAGE,0,0,0,0,9,4,5,597,79TH ST,41.971632,-87.789683,05/08/2019 09:58:00 AM,2019
CR00036652,05/09/2016 04:41:00 PM,25,CLEAR,DUSK,PEDESTRIAN,DIVIDED - W/MEDIAN (NOT RAISED),STOP SIGN/FLASHER,FAILING TO YIELD RIGHT-OF-WAY,FOLLOWING TOO CLOSELY,0,0,3,3,16,2,5,1699,FULLERTON AVE,41.855321,-87.528113,05/09/2016 05:04:00 PM,2016
CR00036653,12/23/2015 05:32:00 PM,30,CLEAR,DARKNESS,TURNING,DIVIDED - W/MEDIAN (NOT RAISED),STOP SIGN/FLASHER,IMPROPER OVERTAKING/PASSING,FOLLOWING TOO CLOSELY,0,0,0,0,17,4,12,1784,MICHIGAN AVE,41.998097,-87.785964,12/23/2015 07:18:00 PM,2015
CR00036654,08/02/2022 01:42:00 PM,40,FOG/SMOKE/HAZE,DARKNESS - LIGHTED ROAD,TURNING,ONE-WAY,TRAFFIC SIGNAL,WEATHER,FOLLOWING TOO CLOSELY,0,0,0,0,13,3,8,1741,STATE ST,41.907016,-87.831487,08/02/2022 03:10:00 PM,2022
CR00036655,03/14/2015 07:39:00 AM,40,CLEAR,DAYLIGHT,REAR END,DIVIDED - W/MEDIAN (NOT RAISED),PEDESTRIAN CROSSING SIGN,UNABLE TO DETERMINE,FOLLOWING TOO CLOSELY,0,0,0,0,7,7,3,1403,FULLERTON AVE,41.786955,-87.690167,03/14/2015 09:01:00 AM,2015
CR00036656,02/24/2021 07:24:00 AM,30,CLEAR,DARKNESS - LIGHTED ROAD,PARKED MOTOR VEHICLE,NOT DIVIDED,TRAFFIC SIGNAL,WEATHER,IMPROPER LANE USAGE,0,0,0,0,7,4,2,423,CICERO AVE,41.795409,-87.67681,02/24/2021 07:39:00 AM,2021
CR00036657,10/30/2018 06:51:00 PM,30,CLEAR,DAYLIGHT,TURNING,FOUR WAY,NO CONTROLS,UNABLE TO DETERMINE,NOT APPLICABLE,0,0,0,0,18,3,10,935,FULLERTON AVE,41.873926,-87.627583,10/30/2018 07:24:00 PM,2018
CR00036658,04/29/2022 05:49:00 PM,35,CLEAR,DAYLIGHT,REAR END,NOT DIVIDED,NO CONTROLS,IMPROPER OVERTAKING/PASSING,IMPROPER LANE USAGE,0,0,0,0,17,6,4,2188,DAMEN AVE,41.896212,-87.636877,04/29/2022 07:02:00 PM,2022
CR00036659,10/04/2015 05:39:00 PM,30,CLEAR,DAYLIGHT,REAR END,DIVIDED - W/MEDIAN (NOT RAISED),STOP SIGN/FLASHER,FAILING TO YIELD RIGHT-OF-WAY,DISREGARDING TRAFFIC SIGNALS,0,0,0,0,17,1,10,1155,CLARK ST,41.910686,-87.84394,10/04/2015 07:38:00 PM,2015
CR00036660,08/24/2020 08:01:00 AM,30,CLEAR,DUSK,REAR END,DIVIDED - W/MEDIAN BARRIER,TRAFFIC SIGNAL,FOLLOWING TOO CLOSELY,IMPROPER OVERTAKING/PASSING,0,0,1,1,8,2,8,2015,WESTERN AVE,41.751988,-87.799436,08/24/2020 09:35:00 AM,2020
CR00036661,04/26/2024 12:35:00 PM,15,CLEAR,DAYLIGHT,TURNING,NOT DIVIDED,NO CONTROLS,FAILING TO YIELD RIGHT-OF-WAY,UNABLE TO DETERMINE,0,0,0,0,12,6,4,1336,KEDZIE AVE,41.820351,-87.809116,04/26/2024 12:55:00 PM,2024
CR00036662,02/09/2023 01:10:00 AM,30,CLEAR,DUSK,TURNING,ONE-WAY,NO CONTROLS,UNABLE TO DETERMINE,UNABLE TO DETERMINE,0,0,0,0,1,5,2,1404,DAMEN AVE,41.725346,-87.535495,02/09/2023 01:23:00 AM,2023
CR00036663,05/06/2020 10:59:00 AM,35,CLEAR,DARKNESS - LIGHTED ROAD,TURNING,NOT DIVIDED,NO CONTROLS,WEATHER,IMPROPER OVERTAKING/PASSING,0,0,0,0,10,4,5,1335,STATE ST,41.834601,-87.776132,05/06/2020 12:53:00 PM,2020
CR00036664,03/07/2023 08:19:00 AM,35,RAIN,DARKNESS - LIGHTED ROAD,TURNING,DIVIDED - W/MEDIAN (NOT RAISED),TRAFFIC SIGNAL,FOLLOWING TOO CLOSELY,DRIVING SKILLS/KNOWLEDGE/EXPERIENCE,0,0,0,0,8,3,3,2295,79TH ST,41.896904,-87.71192,03/07/2023 09:22:00 AM,2023
CR00036665,04/24/2023 08:16:00 AM,30,CLEAR,DARKNESS - LIGHTED ROAD,FIXED OBJECT,NOT DIVIDED,NO CONTROLS,FAILING TO YIELD RIGHT-OF-WAY,FOLLOWING TOO CLOSELY,0,0,0,0,8,2,4,2415,CICERO AVE,41.748445,-87.616164,04/24/2023 09:24:00 AM,2023
CR00036666,05/05/2018 07:19:00 AM,30,CLEAR,DARKNESS,REAR TO FRONT,NOT DIVIDED,NO CONTROLS,UNABLE TO DETERMINE,UNABLE TO DETERMINE,0,0,1,1,7,7,5,1191,HALSTED ST,41.940899,-87.50351,05/05/2018 08:12:00 AM,2018
CR00036667,09/22/2022 08:01:00 AM,45,CLEAR,DAYLIGHT,PARKED MOTOR VEHICLE,NOT DIVIDED,NO CONTROLS,DISTRACTION - FROM INSIDE VEHICLE,WEATHER,0,0,0,0,8,5,9,344,ELSTON AVE,41.878971,-87.671318,09/22/2022 08:29:00 AM,2022
CR00036668,12/30/2015 08:33:00 PM,30,CLEAR,DAYLIGHT,TURNING,NOT DIVIDED,YIELD,UNABLE TO DETERMINE,DRIVING SKILLS/KNOWLEDGE/EXPERIENCE,0,0,0,0,20,4,12,687,63RD ST,41.795829,-87.809732,12/30/2015 10:23:00 PM,2015
CR00036669,02/14/2023 09:58:00 PM,20,CLEAR,DAYLIGHT,REAR TO FRONT,NOT DIVIDED,UNKNOWN,FAILING TO YIELD RIGHT-OF-WAY,UNABLE TO DETERMINE,0,0,0,0,21,3,2,1652,STONY ISLAND AVE,41.842078,-87.566387,02/14/2023 11:11:00 PM,2023
CR00036670,03/26/2019 11:51:00 AM,30,CLEAR,DARKNESS,PEDESTRIAN,NOT DIVIDED,TRAFFIC SIGNAL,UNABLE TO DETERMINE,NOT APPLICABLE,0,0,0,0,11,3,3,2122,HALSTED ST,41.900801,-87.844747,03/26/2019 01:06:00 PM,2019
CR00036671,03/21/2021 06:47:00 AM,30,CLEAR,DAWN,REAR END,NOT DIVIDED,NO CONTROLS,UNABLE TO DETERMINE,FAILING TO YIELD RIGHT-OF-WAY,0,0,0,0,6,1,3,328,KEDZIE AVE,41.765396,-87.696217,03/21/2021 08:19:00 AM,2021
CR00036672,09/25/2024 04:19:00 AM,35,SNOW,DAYLIGHT,PARKED MOTOR VEHICLE,NOT DIVIDED,TRAFFIC SIGNAL,UNABLE TO DETERMINE,NOT APPLICABLE,0,0,0,0,4,4,9,1762,CALIFORNIA AVE,41.762012,-87.63286,09/25/2024 04:42:00 AM,2024
CR00036673,01/01/2018 12:34:00 PM,30,CLEAR,DARKNESS,FIXED OBJECT,DIVIDED - W/MEDIAN (NOT RAISED),NO CONTROLS,FAILING TO YIELD RIGHT-OF-WAY,DRIVING SKILLS/KNOWLEDGE/EXPERIENCE,0,0,0,0,12,2,1,1306,OGDEN AVE,41.74148,-87.588571,01/01/2018 02:25:00 PM,2018
CR00036674,05/18/2016 02:37:00 PM,20,RAIN,DAYLIGHT,REAR END,T-INTERSECTION,UNKNOWN,FAILING TO YIELD RIGHT-OF-WAY,DISREGARDING TRAFFIC SIGNALS,0,0,0,0,14,4,5,2248,IRVING PARK RD,41.965467,-87.572698,05/18/2016 03:13:00 PM,2016
CR00036675,08/14/2024 07:26:00 PM,15,CLEAR,DAYLIGHT,FIXED OBJECT,NOT DIVIDED,PEDESTRIAN CROSSING SIGN,FOLLOWING TOO CLOSELY,IMPROPER LANE USAGE,0,0,0,0,19,4,8,2069,63RD ST,41.96623,-87.576041,08/14/2024 08:35:00 PM,2024
CR00036676,01/14/2019 06:10:00 PM,35,CLEAR,DAWN,REAR TO FRONT,NOT DIVIDED,STOP SIGN/FLASHER,DISREGARDING TRAFFIC SIGNALS,UNABLE TO DETERMINE,0,0,0,0,18,2,1,1188,DIVISION ST,41.837197,-87.834679,01/14/2019 07:54:00 PM,2019
CR00036677,01/28/2023 07:12:00 PM,40,CLEAR,DAYLIGHT,REAR END,NOT DIVIDED,NO CONTROLS,UNABLE TO DETERMINE,IMPROPER OVERTAKING/PASSING,0,0,0,0,19,7,1,1787,HALSTED ST,41.907729,-87.794526,01/28/2023 07:21:00 PM,2023
CR00036678,06/16/2017 03:24:00 PM,30,CLEAR,DUSK,TURNING,NOT DIVIDED,UNKNOWN,IMPROPER OVERTAKING/PASSING,FAILING TO YIELD RIGHT-OF-WAY,0,0,3,3,15,6,6,758,MILWAUKEE AVE,41.878693,-87.769456,06/16/2017 05:18:00 PM,2017
CR00036679,03/05/2018 06:02:00 AM,45,CLEAR,DARKNESS - LIGHTED ROAD,TURNING,DIVIDED - W/MEDIAN BARRIER,NO CONTROLS,UNABLE TO DETERMINE,DISTRACTION - FROM INSIDE VEHICLE,0,0,0,0,6,2,3,684,WESTERN AVE,41.827832,-87.589078,03/05/2018 07:41:00 AM,2018
CR00036680,06/23/2017 04:30:00 PM,35,RAIN,DARKNESS - LIGHTED ROAD,REAR END,ONE-WAY,TRAFFIC SIGNAL,FAILING TO REDUCE SPEED,FAILING TO REDUCE SPEED,0,0,0,0,16,6,6,2075,OGDEN AVE,41.844161,-87.622083,06/23/2017 04:41:00 PM,2017
CR00036681,10/04/2020 01:32:00 PM,45,RAIN,DARKNESS - LIGHTED ROAD,SIDESWIPE SAME DIRECTION,NOT DIVIDED,NO CONTROLS,IMPROPER OVERTAKING/PASSING,FOLLOWING TOO CLOSELY,0,0,0,0,13,1,10,1680,STATE ST,41.742152,-87.578628,10/04/2020 02:03:00 PM,2020
CR00036682,04/11/2016 07:22:00 PM,30,CLEAR,DAYLIGHT,PARKED MOTOR VEHICLE,ONE-WAY,UNKNOWN,DISTRACTION - FROM INSIDE VEHICLE,FAILING TO YIELD RIGHT-OF-WAY,0,0,1,1,19,2,4,371,PULASKI RD,41.760175,-87.817014,04/11/2016 07:54:00 PM,2016
CR00036683,11/26/2015 11:36:00 PM,35,CLEAR,DAYLIGHT,REAR END,DIVIDED - W/MEDIAN BARRIER,NO CONTROLS,WEATHER,UNABLE TO DETERMINE,0,0,3,3,23,5,11,2327,ROOSEVELT RD,41.846291,-87.619187,11/27/2015 12:46:00 AM,2015
CR00036684,08/25/2018 12:46:00 PM,20,CLEAR,DARKNESS,REAR END,NOT DIVIDED,NO CONTROLS,FOLLOWING TOO CLOSELY,DRIVING SKILLS/KNOWLEDGE/EXPERIENCE,0,0,0,0,12,7,8,2335,63RD ST,41.731052,-87.715391,08/25/2018 01:22:00 PM,2018
CR00036685,02/07/2017 06:39:00 AM,25,CLEAR,DAYLIGHT,PARKED MOTOR VEHICLE,NOT DIVIDED,NO CONTROLS,UNABLE TO DETERMINE,UNABLE TO DETERMINE,0,0,0,0,6,3,2,696,CLARK ST,41.828211,-87.64645,02/07/2017 08:29:00 AM,2017
CR00036686,07/10/2022 07:32:00 AM,15,CLEAR,DAYLIGHT,REAR TO FRONT,NOT DIVIDED,TRAFFIC SIGNAL,UNABLE TO DETERMINE,FOLLOWING TOO CLOSELY,0,0,0,0,7,1,7,1268,PULASKI RD,41.804558,-87.576275,07/10/2022 09:03:00 AM,2022
CR00036687,05/30/2021 04:26:00 AM,35,FOG/SMOKE/HAZE,DARKNESS,PEDESTRIAN,DIVIDED - W/MEDIAN BARRIER,NO CONTROLS,IMPROPER LANE USAGE,NOT APPLICABLE,0,0,0,0,4,1,5,1889,79TH ST,41.915406,-87.605223,05/30/2021 06:26:00 AM,2021
CR00036688,12/23/2022 01:21:00 PM,15,CLEAR,DAYLIGHT,SIDESWIPE SAME DIRECTION,DIVIDED - W/MEDIAN (NOT RAISED),TRAFFIC SIGNAL,UNABLE TO DETERMINE,UNABLE TO DETERMINE,0,0,0,0,13,6,12,1594,79TH ST,41.913955,-87.600062,12/23/2022 02:45:00 PM,2022
CR00036689,02/24/2024 08:35:00 PM,30,CLEAR,DARKNESS - LIGHTED ROAD,REAR END,DIVIDED - W/MEDIAN BARRIER,STOP SIGN/FLASHER,DISREGARDING TRAFFIC SIGNALS,UNABLE TO DETERMINE,0,0,0,0,20,7,2,1151,79TH ST,41.896966,-87.564114,02/24/2024 08:38:00 PM,2024
CR00036690,08/20/2023 06:48:00 PM,45,CLOUDY/OVERCAST,DARKNESS - LIGHTED ROAD,ANGLE,ONE-WAY,NO CONTROLS,UNABLE TO DETERMINE,NOT APPLICABLE,0,0,3,3,18,1,8,1639,47TH ST,41.921034,-87.8309,08/20/2023 08:07:00 PM,2023
CR00036691,01/25/2022 08:29:00 PM,20,CLEAR,DAYLIGHT,SIDESWIPE SAME DIRECTION,DIVIDED - W/MEDIAN (NOT RAISED),NO CONTROLS,DISREGARDING TRAFFIC SIGNALS,FOLLOWING TOO CLOSELY,0,0,1,1,20,3,1,1740,DIVISION ST,41.75115,-87.651,01/25/2022 09:43:00 PM,2022
CR00036692,07/07/2024 07:32:00 AM,30,RAIN,DAWN,TURNING,DIVIDED - W/MEDIAN (NOT RAISED),NO CONTROLS,FAILING TO YIELD RIGHT-OF-WAY,DISTRACTION - FROM INSIDE VEHICLE,1,1,1,3,7,1,7,403,LAKE SHORE DR,41.809531,-87.64963,07/07/2024 07:57:00 AM,2024
CR00036693,01/29/2024 06:52:00 PM,20,CLOUDY/OVERCAST,DAYLIGHT,FIXED OBJECT,ONE-WAY,STOP SIGN/FLASHER,FAILING TO REDUCE SPEED,NOT APPLICABLE,0,0,0,0,18,2,1,615,WESTERN AVE,41.791168,-87.739064,01/29/2024 07:38:00 PM,2024
CR00036694,12/06/2018 06:09:00 PM,40,CLOUDY/OVERCAST,DAYLIGHT,REAR END,NOT DIVIDED,STOP SIGN/FLASHER,UNABLE TO DETERMINE,FAILING TO REDUCE SPEED,0,1,2,3,18,5,12,758,PULASKI RD,41.980654,-87.718086,12/06/2018 06:40:00 PM,2018
CR00036695,06/09/2017 06:35:00 PM,35,CLEAR,DAWN,REAR END,ONE-WAY,TRAFFIC SIGNAL,UNABLE TO DETERMINE,UNABLE TO DETERMINE,0,0,0,0,18,6,6,2413,47TH ST,41.706502,-87.507794,06/09/2017 06:48:00 PM,2017
CR00036696,12/12/2023 05:57:00 PM,15,RAIN,DAYLIGHT,REAR END,DIVIDED - W/MEDIAN BARRIER,NO CONTROLS,FAILING TO YIELD RIGHT-OF-WAY,IMPROPER LANE USAGE,0,0,0,0,17,3,12,1744,CICERO AVE,41.725832,-87.661319,12/12/2023 05:58:00 PM,2023
CR00036697,07/08/2023 08:49:00 PM,30,CLEAR,DAYLIGHT,FIXED OBJECT,DIVIDED - W/MEDIAN (NOT RAISED),YIELD,UNABLE TO DETERMINE,IMPROPER OVERTAKING/PASSING,0,0,0,0,20,7,7,721,LAKE SHORE DR,41.937037,-87.6523,07/08/2023 10:00:00 PM,2023
CR00036698,11/02/2022 11:55:00 PM,15,CLEAR,DAYLIGHT,SIDESWIPE SAME DIRECTION,FOUR WAY,UNKNOWN,UNABLE TO DETERMINE,FOLLOWING TOO CLOSELY,0,0,0,0,23,4,11,272,LAKE SHORE DR,41.825328,-87.84234,11/02/2022 11:58:00 PM,2022
CR00036699,12/15/2023 03:17:00 PM,30,CLEAR,DAYLIGHT,SIDESWIPE SAME DIRECTION,NOT DIVIDED,STOP SIGN/FLASHER,FAILING TO REDUCE SPEED,DISREGARDING TRAFFIC SIGNALS,0,0,0,0,15,6,12,1926,ARCHER AVE,41.935301,-87.755254,12/15/2023 03:41:00 PM,2023
CR00036700,12/13/2020 12:21:00 PM,30,SNOW,DARKNESS - LIGHTED ROAD,REAR TO FRONT,ONE-WAY,TRAFFIC SIGNAL,DRIVING SKILLS/KNOWLEDGE/EXPERIENCE,DRIVING SKILLS/KNOWLEDGE/EXPERIENCE,0,0,0,0,12,1,12,2274,79TH ST,41.951129,-87.552969,12/13/2020 01:52:00 PM,2020
CR00036701,02/15/2019 06:58:00 PM,20,CLEAR,DAYLIGHT,ANGLE,NOT DIVIDED,STOP SIGN/FLASHER,DRIVING SKILLS/KNOWLEDGE/EXPERIENCE,FAILING TO YIELD RIGHT-OF-WAY,0,0,0,0,18,6,2,1534,DAMEN AVE,41.822,-87.50712,02/15/2019 07:50:00 PM,2019
CR00036702,05/01/2023 06:40:00 AM,30,CLEAR,DARKNESS - LIGHTED ROAD,ANGLE,DIVIDED - W/MEDIAN (NOT RAISED),NO CONTROLS,FAILING TO YIELD RIGHT-OF-WAY,DRIVING SKILLS/KNOWLEDGE/EXPERIENCE,0,0,0,0,6,2,5,1418,LAKE SHORE DR,41.998282,-87.733238,05/01/2023 07:29:00 AM,2023
CR00036703,02/15/2019 04:35:00 PM,45,CLEAR,DAYLIGHT,SIDESWIPE SAME DIRECTION,NOT DIVIDED,NO CONTROLS,DISTRACTION - FROM INSIDE VEHICLE,IMPROPER LANE USAGE,0,0,0,0,16,6,2,1804,DIVISION ST,41.721616,-87.764583,02/15/2019 04:55:00 PM,2019
CR00036704,11/14/2020 09:05:00 AM,30,SNOW,DAYLIGHT,ANGLE,NOT DIVIDED,NO CONTROLS,IMPROPER LANE USAGE,UNABLE TO DETERMINE,0,1,0,1,9,7,11,545,ASHLAND AVE,41.855704,-87.609322,11/14/2020 09:39:00 AM,2020
CR00036705,08/19/2017 01:32:00 PM,25,FREEZING RAIN/DRIZZLE,DUSK,SIDESWIPE SAME DIRECTION,FOUR WAY,TRAFFIC SIGNAL,WEATHER,FOLLOWING TOO CLOSELY,0,0,0,0,13,7,8,1494,ASHLAND AVE,41.849378,-87.50912,08/19/2017 01:34:00 PM,2017
CR00036706,04/16/2019 04:42:00 PM,30,CLEAR,DARKNESS,SIDESWIPE SAME DIRECTION,NOT DIVIDED,TRAFFIC SIGNAL,IMPROPER LANE USAGE,IMPROPER LANE USAGE,0,0,0,0,16,3,4,104,47TH ST,41.838656,-87.676227,04/16/2019 05:06:00 PM,2019
CR00036707,01/11/2016 09:38:00 PM,30,CLEAR,DAYLIGHT,ANGLE,DIVIDED - W/MEDIAN (NOT RAISED),TRAFFIC SIGNAL,UNABLE TO DETERMINE,DRIVING SKILLS/KNOWLEDGE/EXPERIENCE,0,0,0,0,21,2,1,239,ASHLAND AVE,41.792413,-87.641446,01/11/2016 10:54:00 PM,2016
CR00036708,12/21/2021 03:17:00 PM,30,CLEAR,DAYLIGHT,ANGLE,DIVIDED - W/MEDIAN (NOT RAISED),NO CONTROLS,DRIVING SKILLS/KNOWLEDGE/EXPERIENCE,DISTRACTION - FROM INSIDE VEHICLE,0,0,0,0,15,3,12,511,ARCHER AVE,41.705989,-87.841208,12/21/2021 04:19:00 PM,2021
CR00036709,05/27/2015 06:31:00 AM,25,CLEAR,DAYLIGHT,SIDESWIPE SAME DIRECTION,FOUR WAY,STOP SIGN/FLASHER,DISREGARDING TRAFFIC SIGNALS,FOLLOWING TOO CLOSELY,0,2,0,2,6,4,5,385,WESTERN AVE,41.893495,-87.545695,05/27/2015 07:04:00 AM,2015