CRASH_RECORD_ID,CRASH_DATE,POSTED_SPEED_LIMIT,WEATHER_CONDITION,LIGHTING_CONDITION,FIRST_CRASH_TYPE,TRAFFICWAY_TYPE,TRAFFIC_CONTROL_DEVICE,PRIM_CONTRIBUTORY_CAUSE,SEC_CONTRIBUTORY_CAUSE,INJURIES_FATAL,INJURIES_INCAPACITATING,INJURIES_NON_INCAPACITATING,INJURIES_TOTAL,CRASH_HOUR,CRASH_DAY_OF_WEEK,CRASH_MONTH,BEAT_OF_OCCURRENCE,STREET_NAME,LATITUDE,LONGITUDE,DATE_POLICE_NOTIFIED,year
CR00036710,12/14/2017 04:46:00 PM,25,FREEZING RAIN/DRIZZLE,DUSK,SIDESWIPE SAME DIRECTION,NOT DIVIDED,NO CONTROLS,UNABLE TO DETERMINE,NOT APPLICABLE,0,0,1,1,16,5,12,1939,63RD ST,41.753682,-87.819681,12/14/2017 06:32:00 PM,2017
CR00036711,01/28/2017 09:31:00 AM,30,CLEAR,DAYLIGHT,PARKED MOTOR VEHICLE,NOT DIVIDED,NO CONTROLS,FOLLOWING TOO CLOSELY,DISTRACTION - FROM INSIDE VEHICLE,0,0,0,0,9,7,1,1073,MICHIGAN AVE,41.951123,-87.514515,01/28/2017 11:28:00 AM,2017
CR00036712,04/18/2015 12:44:00 AM,45,CLEAR,DAYLIGHT,REAR END,NOT DIVIDED,STOP SIGN/FLASHER,FOLLOWING TOO CLOSELY,IMPROPER LANE USAGE,0,1,1,2,0,7,4,1186,MILWAUKEE AVE,41.915114,-87.816882,04/18/2015 01:55:00 AM,2015
CR00036713,04/22/2024 05:49:00 PM,30,CLEAR,DAYLIGHT,TURNING,T-INTERSECTION,STOP SIGN/FLASHER,FAILING TO REDUCE SPEED,NOT APPLICABLE,0,0,0,0,17,2,4,335,CICERO AVE,41.946193,-87.830453,04/22/2024 06:25:00 PM,2024
CR00036714,01/24/2016 07:33:00 AM,25,CLOUDY/OVERCAST,DAYLIGHT,ANGLE,NOT DIVIDED,NO CONTROLS,UNABLE TO DETERMINE,UNABLE TO DETERMINE,0,0,0,0,7,1,1,1684,ROOSEVELT RD,41.866889,-87.699438,01/24/2016 08:13:00 AM,2016
CR00036715,10/28/2023 04:41:00 AM,40,CLEAR,DARKNESS - LIGHTED ROAD,ANGLE,NOT DIVIDED,NO CONTROLS,IMPROPER LANE USAGE,UNABLE TO DETERMINE,0,0,2,2,4,7,10,1842,LAKE SHORE DR,41.754193,-87.740542,10/28/2023 06:25:00 AM,2023
CR00036716,08/02/2024 08:17:00 AM,15,CLEAR,DAYLIGHT,REAR END,DIVIDED - W/MEDIAN (NOT RAISED),UNKNOWN,FAILING TO YIELD RIGHT-OF-WAY,IMPROPER OVERTAKING/PASSING,0,0,0,0,8,6,8,734,STATE ST,41.77908,-87.700941,08/02/2024 08:20:00 AM,2024
CR00036717,01/22/2022 05:01:00 PM,35,CLEAR,DAYLIGHT,ANGLE,ONE-WAY,TRAFFIC SIGNAL,UNABLE TO DETERMINE,UNABLE TO DETERMINE,0,0,0,0,17,7,1,1018,47TH ST,41.816182,-87.79034,01/22/2022 05:46:00 PM,2022
CR00036718,10/16/2021 09:23:00 AM,35,CLOUDY/OVERCAST,DAYLIGHT,TURNING,DIVIDED - W/MEDIAN (NOT RAISED),UNKNOWN,FAILING TO YIELD RIGHT-OF-WAY,DISTRACTION - FROM INSIDE VEHICLE,0,0,0,0,9,7,10,1079,LAKE SHORE DR,41.726028,-87.715809,10/16/2021 10:17:00 AM,2021
CR00036719,02/08/2016 08:01:00 AM,25,CLEAR,DARKNESS - LIGHTED ROAD,ANGLE,DIVIDED - W/MEDIAN (NOT RAISED),NO CONTROLS,DRIVING SKILLS/KNOWLEDGE/EXPERIENCE,DISTRACTION - FROM INSIDE VEHICLE,0,0,0,0,8,2,2,952,PULASKI RD,41.787065,-87.602725,02/08/2016 09:10:00 AM,2016
CR00036720,06/10/2023 07:37:00 AM,30,CLEAR,DAYLIGHT,REAR END,ONE-WAY,TRAFFIC SIGNAL,DRIVING SKILLS/KNOWLEDGE/EXPERIENCE,IMPROPER LANE USAGE,0,0,0,0,7,7,6,1792,ARCHER AVE,41.994102,-87.710004,06/10/2023 08:18:00 AM,2023
CR00036721,10/05/2023 07:41:00 AM,30,CLEAR,DAYLIGHT,PARKED MOTOR VEHICLE,FOUR WAY,NO CONTROLS,UNABLE TO DETERMINE,UNABLE TO DETERMINE,0,0,0,0,7,5,10,384,OGDEN AVE,41.832436,-87.725527,10/05/2023 08:39:00 AM,2023
CR00036722,05/27/2021 11:59:00 AM,30,CLEAR,DAYLIGHT,PARKED MOTOR VEHICLE,ONE-WAY,TRAFFIC SIGNAL,FAILING TO YIELD RIGHT-OF-WAY,DRIVING SKILLS/KNOWLEDGE/EXPERIENCE,0,0,0,0,11,5,5,1230,79TH ST,41.746131,-87.575175,05/27/2021 01:16:00 PM,2021
CR00036723,01/25/2024 04:49:00 PM,35,CLEAR,DAYLIGHT,PARKED MOTOR VEHICLE,DIVIDED - W/MEDIAN (NOT RAISED),NO CONTROLS,IMPROPER LANE USAGE,UNABLE TO DETERMINE,0,0,3,3,16,5,1,439,STATE ST,41.926059,-87.51748,01/25/2024 06:21:00 PM,2024
CR00036724,05/24/2015 08:11:00 AM,45,SNOW,DAYLIGHT,PARKED MOTOR VEHICLE,FOUR WAY,STOP SIGN/FLASHER,DISTRACTION - FROM INSIDE VEHICLE,FOLLOWING TOO CLOSELY,0,1,3,4,8,1,5,2105,ROOSEVELT RD,41.788151,-87.594721,05/24/2015 08:32:00 AM,2015
CR00036725,10/29/2015 09:36:00 AM,30,RAIN,DAYLIGHT,SIDESWIPE SAME DIRECTION,NOT DIVIDED,NO CONTROLS,FAILING TO YIELD RIGHT-OF-WAY,UNABLE TO DETERMINE,0,0,0,0,9,5,10,520,STONY ISLAND AVE,41.736429,-87.801329,10/29/2015 10:11:00 AM,2015
CR00036726,11/06/2023 11:30:00 AM,20,SNOW,DAWN,ANGLE,DIVIDED - W/MEDIAN (NOT RAISED),STOP SIGN/FLASHER,UNABLE TO DETERMINE,IMPROPER LANE USAGE,0,0,1,1,11,2,11,1048,ELSTON AVE,41.955344,-87.687307,11/06/2023 01:01:00 PM,2023
CR00036727,06/12/2023 09:10:00 PM,20,CLEAR,DARKNESS - LIGHTED ROAD,FIXED OBJECT,DIVIDED - W/MEDIAN BARRIER,TRAFFIC SIGNAL,IMPROPER OVERTAKING/PASSING,NOT APPLICABLE,0,0,0,0,21,2,6,558,LAKE SHORE DR,41.845223,-87.579451,06/12/2023 09:50:00 PM,2023
CR00036728,03/16/2019 10:27:00 AM,15,CLEAR,DAYLIGHT,PARKED MOTOR VEHICLE,NOT DIVIDED,NO CONTROLS,DISREGARDING TRAFFIC SIGNALS,DISTRACTION - FROM INSIDE VEHICLE,0,0,0,0,10,7,3,429,63RD ST,41.812549,-87.818658,03/16/2019 11:58:00 AM,2019
CR00036729,01/09/2017 06:52:00 PM,20,CLOUDY/OVERCAST,DAWN,REAR END,DIVIDED - W/MEDIAN BARRIER,UNKNOWN,IMPROPER OVERTAKING/PASSING,DRIVING SKILLS/KNOWLEDGE/EXPERIENCE,0,0,0,0,18,2,1,842,FULLERTON AVE,41.878989,-87.794952,01/09/2017 08:19:00 PM,2017
CR00036730,11/08/2019 12:14:00 PM,30,CLEAR,DARKNESS,SIDESWIPE SAME DIRECTION,NOT DIVIDED,TRAFFIC SIGNAL,FOLLOWING TOO CLOSELY,DISTRACTION - FROM INSIDE VEHICLE,0,0,0,0,12,6,11,1785,CALIFORNIA AVE,41.711325,-87.687815,11/08/2019 01:49:00 PM,2019
CR00036731,09/30/2020 12:47:00 PM,35,RAIN,DARKNESS - LIGHTED ROAD,REAR END,DIVIDED - W/MEDIAN (NOT RAISED),TRAFFIC SIGNAL,DRIVING SKILLS/KNOWLEDGE/EXPERIENCE,DISREGARDING TRAFFIC SIGNALS,0,0,0,0,12,4,9,1090,ELSTON AVE,41.977863,-87.689728,09/30/2020 12:50:00 PM,2020
CR00036732,07/08/2022 12:19:00 PM,30,CLEAR,DAYLIGHT,REAR END,FOUR WAY,TRAFFIC SIGNAL,IMPROPER LANE USAGE,UNABLE TO DETERMINE,0,0,0,0,12,6,7,842,WESTERN AVE,41.722285,-87.760955,07/08/2022 02:03:00 PM,2022
CR00036733,07/01/2017 12:13:00 PM,30,RAIN,DAYLIGHT,REAR END,NOT DIVIDED,TRAFFIC SIGNAL,WEATHER,FAILING TO YIELD RIGHT-OF-WAY,0,0,0,0,12,7,7,629,KEDZIE AVE,41.778112,-87.505186,07/01/2017 01:27:00 PM,2017
CR00036734,05/13/2021 05:57:00 AM,35,CLEAR,DUSK,PARKED MOTOR VEHICLE,NOT DIVIDED,TRAFFIC SIGNAL,FOLLOWING TOO CLOSELY,NOT APPLICABLE,0,0,0,0,5,5,5,1503,ELSTON AVE,41.909965,-87.5498,05/13/2021 06:32:00 AM,2021
CR00036735,08/21/2021 08:21:00 PM,35,CLEAR,DARKNESS,REAR END,DIVIDED - W/MEDIAN (NOT RAISED),NO CONTROLS,UNABLE TO DETERMINE,NOT APPLICABLE,0,0,0,0,20,7,8,1960,47TH ST,41.865192,-87.807114,08/21/2021 10:00:00 PM,2021
CR00036736,03/06/2015 04:35:00 AM,20,CLEAR,DARKNESS - LIGHTED ROAD,REAR END,FOUR WAY,TRAFFIC SIGNAL,IMPROPER LANE USAGE,FAILING TO REDUCE SPEED,0,0,0,0,4,6,3,312,CLARK ST,41.755267,-87.724969,03/06/2015 05:40:00 AM,2015
CR00036737,06/02/2018 03:49:00 PM,45,CLEAR,DARKNESS - LIGHTED ROAD,FIXED OBJECT,DIVIDED - W/MEDIAN BARRIER,NO CONTROLS,DRIVING SKILLS/KNOWLEDGE/EXPERIENCE,DISREGARDING TRAFFIC SIGNALS,0,0,3,3,15,7,6,1177,ASHLAND AVE,41.909235,-87.715515,06/02/2018 04:28:00 PM,2018
CR00036738,10/01/2021 09:04:00 PM,35,CLEAR,DAYLIGHT,REAR END,NOT DIVIDED,NO CONTROLS,FOLLOWING TOO CLOSELY,FAILING TO YIELD RIGHT-OF-WAY,0,0,1,1,21,6,10,1953,HALSTED ST,41.940081,-87.812901,10/01/2021 10:40:00 PM,2021
CR00036739,10/16/2019 06:16:00 PM,30,CLEAR,DAYLIGHT,TURNING,NOT DIVIDED,TRAFFIC SIGNAL,WEATHER,UNABLE TO DETERMINE,0,0,3,3,18,4,10,404,FULLERTON AVE,41.843507,-87.657626,10/16/2019 08:03:00 PM,2019
CR00036740,02/05/2022 11:34:00 AM,45,CLEAR,DAYLIGHT,TURNING,NOT DIVIDED,NO CONTROLS,UNABLE TO DETERMINE,NOT APPLICABLE,0,0,0,0,11,7,2,678,63RD ST,41.893947,-87.832274,02/05/2022 11:54:00 AM,2022
CR00036741,04/14/2021 07:51:00 AM,30,CLEAR,DAYLIGHT,ANGLE,ONE-WAY,PEDESTRIAN CROSSING SIGN,UNABLE TO DETERMINE,NOT APPLICABLE,0,0,0,0,7,4,4,1434,ROOSEVELT RD,41.972708,-87.656031,04/14/2021 08:46:00 AM,2021
CR00036742,09/29/2016 02:35:00 PM,35,CLEAR,DUSK,REAR TO FRONT,NOT DIVIDED,STOP SIGN/FLASHER,FOLLOWING TOO CLOSELY,FAILING TO YIELD RIGHT-OF-WAY,0,0,0,0,14,5,9,543,KEDZIE AVE,41.951374,-87.74814,09/29/2016 03:35:00 PM,2016
CR00036743,09/30/2015 09:45:00 AM,30,CLEAR,DAYLIGHT,REAR END,NOT DIVIDED,NO CONTROLS,UNABLE TO DETERMINE,FOLLOWING TOO CLOSELY,0,0,0,0,9,4,9,125,ELSTON AVE,41.752367,-87.825741,09/30/2015 09:46:00 AM,2015
CR00036744,02/10/2015 02:41:00 PM,35,CLOUDY/OVERCAST,DARKNESS,REAR END,FOUR WAY,TRAFFIC SIGNAL,FOLLOWING TOO CLOSELY,UNABLE TO DETERMINE,0,0,0,0,14,3,2,145,WESTERN AVE,41.739623,-87.576252,02/10/2015 04:12:00 PM,2015
CR00036745,04/22/2016 12:30:00 AM,30,CLEAR,DAYLIGHT,ANGLE,NOT DIVIDED,NO CONTROLS,FAILING TO REDUCE SPEED,NOT APPLICABLE,0,0,0,0,0,6,4,830,CLARK ST,41.747303,-87.55153,04/22/2016 02:19:00 AM,2016
CR00036746,06/04/2022 09:55:00 AM,30,CLEAR,DARKNESS - LIGHTED ROAD,TURNING,DIVIDED - W/MEDIAN BARRIER,TRAFFIC SIGNAL,DRIVING SKILLS/KNOWLEDGE/EXPERIENCE,NOT APPLICABLE,0,0,0,0,9,7,6,829,DIVISION ST,41.745363,-87.66853,06/04/2022 11:17:00 AM,2022
CR00036747,09/08/2024 10:14:00 PM,15,CLEAR,DAYLIGHT,SIDESWIPE SAME DIRECTION,NOT DIVIDED,PEDESTRIAN CROSSING SIGN,FAILING TO REDUCE SPEED,IMPROPER OVERTAKING/PASSING,0,0,0,0,22,1,9,1532,STATE ST,41.937075,-87.698461,09/08/2024 11:02:00 PM,2024
CR00036748,07/19/2022 09:54:00 AM,40,RAIN,DAYLIGHT,TURNING,NOT DIVIDED,TRAFFIC SIGNAL,FAILING TO REDUCE SPEED,FOLLOWING TOO CLOSELY,0,0,0,0,9,3,7,285,LAKE SHORE DR,41.771877,-87.649125,07/19/2022 11:31:00 AM,2022
CR00036749,10/04/2015 06:28:00 AM,30,CLEAR,DAYLIGHT,REAR END,DIVIDED - W/MEDIAN (NOT RAISED),NO CONTROLS,FAILING TO YIELD RIGHT-OF-WAY,DRIVING SKILLS/KNOWLEDGE/EXPERIENCE,0,0,0,0,6,1,10,627,DAMEN AVE,41.7463,-87.617456,10/04/2015 08:22:00 AM,2015
CR00036750,11/06/2020 12:05:00 AM,30,CLEAR,DAYLIGHT,REAR TO FRONT,DIVIDED - W/MEDIAN (NOT RAISED),TRAFFIC SIGNAL,UNABLE TO DETERMINE,UNABLE TO DETERMINE,0,0,0,0,0,6,11,1806,WESTERN AVE,41.875502,-87.828876,11/06/2020 01:56:00 AM,2020
CR00036751,12/10/2017 10:27:00 AM,40,CLEAR,DAYLIGHT,TURNING,ONE-WAY,NO CONTROLS,WEATHER,UNABLE TO DETERMINE,0,0,0,0,10,1,12,1638,CICERO AVE,41.877112,-87.814653,12/10/2017 10:47:00 AM,2017
CR00036752,04/04/2019 08:28:00 AM,30,CLEAR,DUSK,TURNING,DIVIDED - W/MEDIAN (NOT RAISED),STOP SIGN/FLASHER,DISTRACTION - FROM INSIDE VEHICLE,FAILING TO YIELD RIGHT-OF-WAY,0,0,0,0,8,5,4,1465,BROADWAY,41.844265,-87.646527,04/04/2019 09:05:00 AM,2019
CR00036753,02/25/2018 01:43:00 PM,25,CLEAR,DAYLIGHT,SIDESWIPE SAME DIRECTION,DIVIDED - W/MEDIAN BARRIER,NO CONTROLS,FOLLOWING TOO CLOSELY,FOLLOWING TOO CLOSELY,0,0,0,0,13,1,2,1654,CICERO AVE,41.908076,-87.583491,02/25/2018 01:49:00 PM,2018
CR00036754,10/05/2022 07:48:00 PM,40,CLOUDY/OVERCAST,DAYLIGHT,PARKED MOTOR VEHICLE,ONE-WAY,TRAFFIC SIGNAL,FAILING TO REDUCE SPEED,FAILING TO YIELD RIGHT-OF-WAY,0,0,0,0,19,4,10,2460,ASHLAND AVE,41.721761,-87.746773,10/05/2022 08:09:00 PM,2022
CR00036755,11/14/2021 11:29:00 AM,40,FREEZING RAIN/DRIZZLE,DAYLIGHT,TURNING,DIVIDED - W/MEDIAN (NOT RAISED),UNKNOWN,UNABLE TO DETERMINE,NOT APPLICABLE,0,0,0,0,11,1,11,1483,ARCHER AVE,41.99209,-87.6157,11/14/2021 12:13:00 PM,2021
CR00036756,07/29/2022 11:20:00 PM,30,CLEAR,DAYLIGHT,PARKED MOTOR VEHICLE,FOUR WAY,NO CONTROLS,FOLLOWING TOO CLOSELY,UNABLE TO DETERMINE,0,0,0,0,23,6,7,2271,MICHIGAN AVE,41.958438,-87.790396,07/30/2022 12:01:00 AM,2022
CR00036757,08/09/2019 08:03:00 PM,30,CLEAR,DAYLIGHT,SIDESWIPE SAME DIRECTION,DIVIDED - W/MEDIAN (NOT RAISED),NO CONTROLS,DRIVING SKILLS/KNOWLEDGE/EXPERIENCE,FOLLOWING TOO CLOSELY,0,0,0,0,20,6,8,2495,DAMEN AVE,41.746251,-87.627726,08/09/2019 08:08:00 PM,2019
CR00036758,02/26/2018 03:53:00 PM,30,FREEZING RAIN/DRIZZLE,DUSK,SIDESWIPE SAME DIRECTION,DIVIDED - W/MEDIAN (NOT RAISED),TRAFFIC SIGNAL,FOLLOWING TOO CLOSELY,NOT APPLICABLE,0,0,0,0,15,2,2,1061,IRVING PARK RD,41.781143,-87.618937,02/26/2018 04:19:00 PM,2018
CR00036759,05/26/2023 05:21:00 AM,30,RAIN,DAYLIGHT,TURNING,NOT DIVIDED,TRAFFIC SIGNAL,UNABLE TO DETERMINE,NOT APPLICABLE,0,0,3,3,5,6,5,874,WESTERN AVE,41.847544,-87.696963,05/26/2023 06:34:00 AM,2023
CR00036760,09/21/2020 07:48:00 AM,35,CLEAR,DAYLIGHT,PARKED MOTOR VEHICLE,ONE-WAY,NO CONTROLS,FAILING TO YIELD RIGHT-OF-WAY,IMPROPER LANE USAGE,0,0,1,1,7,2,9,796,ELSTON AVE,41.795712,-87.671186,09/21/2020 08:45:00 AM,2020
CR00036761,12/09/2018 08:12:00 AM,35,RAIN,DAYLIGHT,ANGLE,NOT DIVIDED,UNKNOWN,UNABLE TO DETERMINE,DISTRACTION - FROM INSIDE VEHICLE,0,0,0,0,8,1,12,2169,KEDZIE AVE,41.818816,-87.815514,12/09/2018 09:01:00 AM,2018
CR00036762,02/08/2015 10:43:00 AM,20,CLOUDY/OVERCAST,DARKNESS - LIGHTED ROAD,PARKED MOTOR VEHICLE,T-INTERSECTION,TRAFFIC SIGNAL,FAILING TO YIELD RIGHT-OF-WAY,DRIVING SKILLS/KNOWLEDGE/EXPERIENCE,0,0,0,0,10,1,2,1909,CICERO AVE,41.944089,-87.647578,02/08/2015 10:57:00 AM,2015
CR00036763,01/04/2020 07:56:00 PM,45,RAIN,DAYLIGHT,SIDESWIPE SAME DIRECTION,FOUR WAY,TRAFFIC SIGNAL,DISREGARDING TRAFFIC SIGNALS,UNABLE TO DETERMINE,0,0,0,0,19,7,1,582,FULLERTON AVE,41.928273,-87.804659,01/04/2020 09:16:00 PM,2020
CR00036764,01/07/2020 12:41:00 PM,45,RAIN,DAYLIGHT,PARKED MOTOR VEHICLE,ONE-WAY,UNKNOWN,DISREGARDING TRAFFIC SIGNALS,UNABLE TO DETERMINE,0,0,0,0,12,3,1,2234,MICHIGAN AVE,41.898156,-87.682155,01/07/2020 01:30:00 PM,2020
CR00036765,04/15/2022 03:22:00 PM,40,CLEAR,DAYLIGHT,PARKED MOTOR VEHICLE,NOT DIVIDED,NO CONTROLS,UNABLE TO DETERMINE,DISREGARDING TRAFFIC SIGNALS,0,0,0,0,15,6,4,144,HALSTED ST,41.996407,-87.743774,04/15/2022 04:51:00 PM,2022
CR00036766,02/10/2017 02:15:00 PM,35,CLEAR,DAYLIGHT,REAR END,T-INTERSECTION,NO CONTROLS,UNABLE TO DETERMINE,UNABLE TO DETERMINE,0,0,0,0,14,6,2,668,ROOSEVELT RD,41.751005,-87.68474,02/10/2017 04:06:00 PM,2017
CR00036767,05/17/2022 04:12:00 PM,30,CLEAR,DAYLIGHT,PARKED MOTOR VEHICLE,NOT DIVIDED,TRAFFIC SIGNAL,FAILING TO YIELD RIGHT-OF-WAY,DISTRACTION - FROM INSIDE VEHICLE,0,0,0,0,16,3,5,1777,WESTERN AVE,41.770117,-87.778956,05/17/2022 04:19:00 PM,2022
CR00036768,03/25/2016 02:31:00 AM,40,CLEAR,DAYLIGHT,SIDESWIPE SAME DIRECTION,NOT DIVIDED,NO CONTROLS,DRIVING SKILLS/KNOWLEDGE/EXPERIENCE,UNABLE TO DETERMINE,0,0,0,0,2,6,3,995,ASHLAND AVE,41.70871,-87.661631,03/25/2016 02:34:00 AM,2016
CR00036769,12/26/2017 09:42:00 AM,40,RAIN,DARKNESS - LIGHTED ROAD,REAR END,DIVIDED - W/MEDIAN (NOT RAISED),NO CONTROLS,IMPROPER OVERTAKING/PASSING,NOT APPLICABLE,0,0,0,0,9,3,12,1634,ELSTON AVE,41.793874,-87.593305,12/26/2017 10:14:00 AM,2017
CR00036770,09/17/2024 08:17:00 PM,45,CLEAR,DAYLIGHT,ANGLE,DIVIDED - W/MEDIAN (NOT RAISED),NO CONTROLS,FOLLOWING TOO CLOSELY,DRIVING SKILLS/KNOWLEDGE/EXPERIENCE,0,0,0,0,20,3,9,2505,ROOSEVELT RD,41.806281,-87.659364,09/17/2024 10:11:00 PM,2024
CR00036771,09/08/2017 01:56:00 AM,25,CLEAR,DARKNESS - LIGHTED ROAD,REAR END,NOT DIVIDED,NO CONTROLS,UNABLE TO DETERMINE,FOLLOWING TOO CLOSELY,0,0,1,1,1,6,9,200,ASHLAND AVE,41.988013,-87.789774,09/08/2017 02:38:00 AM,2017
CR00036772,02/04/2017 09:17:00 AM,25,CLEAR,DARKNESS - LIGHTED ROAD,TURNING,FOUR WAY,TRAFFIC SIGNAL,FOLLOWING TOO CLOSELY,DISREGARDING TRAFFIC SIGNALS,0,0,0,0,9,7,2,529,CLARK ST,41.756189,-87.741348,02/04/2017 09:27:00 AM,2017
CR00036773,05/30/2024 07:49:00 PM,25,CLEAR,DARKNESS,ANGLE,DIVIDED - W/MEDIAN (NOT RAISED),TRAFFIC SIGNAL,DRIVING SKILLS/KNOWLEDGE/EXPERIENCE,FAILING TO YIELD RIGHT-OF-WAY,0,0,0,0,19,5,5,191,STONY ISLAND AVE,41.928885,-87.659655,05/30/2024 07:54:00 PM,2024
CR00036774,12/03/2018 06:09:00 PM,35,CLEAR,DAYLIGHT,ANGLE,ONE-WAY,STOP SIGN/FLASHER,UNABLE TO DETERMINE,IMPROPER LANE USAGE,0,0,0,0,18,2,12,825,DAMEN AVE,41.970768,-87.647505,12/03/2018 06:53:00 PM,2018
CR00036775,01/08/2023 04:46:00 PM,25,CLEAR,DARKNESS - LIGHTED ROAD,REAR END,DIVIDED - W/MEDIAN (NOT RAISED),UNKNOWN,UNABLE TO DETERMINE,WEATHER,0,0,0,0,16,1,1,319,DIVISION ST,41.860848,-87.518037,01/08/2023 05:13:00 PM,2023
CR00036776,07/08/2019 05:54:00 PM,30,CLEAR,DAYLIGHT,FIXED OBJECT,FOUR WAY,TRAFFIC SIGNAL,FOLLOWING TOO CLOSELY,DISTRACTION - FROM INSIDE VEHICLE,0,0,0,0,17,2,7,2523,STONY ISLAND AVE,41.902508,-87.602064,07/08/2019 07:39:00 PM,2019
CR00036777,12/04/2021 08:46:00 PM,40,CLEAR,DAYLIGHT,PARKED MOTOR VEHICLE,ONE-WAY,TRAFFIC SIGNAL,UNABLE TO DETERMINE,NOT APPLICABLE,0,0,3,3,20,7,12,785,MICHIGAN AVE,41.845503,-87.56583,12/04/2021 09:54:00 PM,2021
CR00036778,06/13/2024 12:32:00 AM,30,CLOUDY/OVERCAST,DARKNESS - LIGHTED ROAD,SIDESWIPE SAME DIRECTION,DIVIDED - W/MEDIAN (NOT RAISED),NO CONTROLS,FAILING TO REDUCE SPEED,DISTRACTION - FROM INSIDE VEHICLE,0,0,0,0,0,5,6,975,HALSTED ST,41.832911,-87.547791,06/13/2024 01:31:00 AM,2024
CR00036779,01/04/2019 09:15:00 AM,25,CLEAR,DAYLIGHT,ANGLE,DIVIDED - W/MEDIAN (NOT RAISED),STOP SIGN/FLASHER,UNABLE TO DETERMINE,FOLLOWING TOO CLOSELY,0,0,0,0,9,6,1,1874,ROOSEVELT RD,41.831747,-87.796477,01/04/2019 10:46:00 AM,2019
CR00036780,07/13/2017 07:03:00 AM,30,SNOW,DAYLIGHT,REAR END,DIVIDED - W/MEDIAN (NOT RAISED),NO CONTROLS,FOLLOWING TOO CLOSELY,UNABLE TO DETERMINE,0,0,0,0,7,5,7,2000,CLARK ST,41.757707,-87.695964,07/13/2017 08:31:00 AM,2017
CR00036781,04/25/2024 12:59:00 AM,40,CLEAR,DAYLIGHT,PARKED MOTOR VEHICLE,DIVIDED - W/MEDIAN (NOT RAISED),STOP SIGN/FLASHER,IMPROPER OVERTAKING/PASSING,FOLLOWING TOO CLOSELY,0,0,1,1,0,5,4,2201,BROADWAY,41.772758,-87.776027,04/25/2024 02:30:00 AM,2024
CR00036782,10/08/2019 06:41:00 PM,35,CLEAR,DAYLIGHT,REAR END,NOT DIVIDED,NO CONTROLS,UNABLE TO DETERMINE,DRIVING SKILLS/KNOWLEDGE/EXPERIENCE,0,0,0,0,18,3,10,962,MILWAUKEE AVE,41.899653,-87.781734,10/08/2019 06:56:00 PM,2019
CR00036783,08/03/2019 09:05:00 AM,15,CLEAR,DARKNESS - LIGHTED ROAD,ANGLE,DIVIDED - W/MEDIAN (NOT RAISED),STOP SIGN/FLASHER,WEATHER,DRIVING SKILLS/KNOWLEDGE/EXPERIENCE,0,0,0,0,9,7,8,2056,ARCHER AVE,41.844484,-87.672998,08/03/2019 09:11:00 AM,2019
CR00036784,03/20/2019 04:44:00 PM,45,CLEAR,DUSK,FIXED OBJECT,DIVIDED - W/MEDIAN (NOT RAISED),NO CONTROLS,FAILING TO REDUCE SPEED,IMPROPER OVERTAKING/PASSING,0,0,0,0,16,4,3,2386,PULASKI RD,41.769213,-87.788514,03/20/2019 05:52:00 PM,2019
CR00036785,09/03/2022 05:40:00 AM,45,CLEAR,DUSK,PARKED MOTOR VEHICLE,NOT DIVIDED,NO CONTROLS,IMPROPER OVERTAKING/PASSING,UNABLE TO DETERMINE,0,0,0,0,5,7,9,2326,MICHIGAN AVE,41.930781,-87.84304,09/03/2022 06:58:00 AM,2022
CR00036786,09/20/2023 09:27:00 AM,25,CLEAR,DARKNESS,REAR END,NOT DIVIDED,NO CONTROLS,DRIVING SKILLS/KNOWLEDGE/EXPERIENCE,FAILING TO YIELD RIGHT-OF-WAY,0,0,0,0,9,4,9,351,63RD ST,41.747214,-87.833077,09/20/2023 10:17:00 AM,2023
CR00036787,02/06/2024 06:36:00 PM,45,CLEAR,DAYLIGHT,FIXED OBJECT,DIVIDED - W/MEDIAN BARRIER,TRAFFIC SIGNAL,UNABLE TO DETERMINE,IMPROPER OVERTAKING/PASSING,0,0,2,2,18,3,2,2283,KEDZIE AVE,41.871051,-87.631691,02/06/2024 07:53:00 PM,2024
CR00036788,10/25/2016 02:37:00 AM,20,CLEAR,DUSK,TURNING,NOT DIVIDED,NO CONTROLS,FOLLOWING TOO CLOSELY,FAILING TO YIELD RIGHT-OF-WAY,0,0,0,0,2,3,10,1324,WESTERN AVE,41.799589,-87.594217,10/25/2016 02:59:00 AM,2016
CR00036789,01/08/2019 08:02:00 AM,25,CLEAR,DAYLIGHT,TURNING,ONE-WAY,NO CONTROLS,FAILING TO REDUCE SPEED,UNABLE TO DETERMINE,0,0,1,1,8,3,1,1113,DAMEN AVE,41.831676,-87.673713,01/08/2019 09:55:00 AM,2019
CR00036790,08/22/2024 05:45:00 PM,30,CLEAR,DUSK,REAR END,T-INTERSECTION,NO CONTROLS,IMPROPER LANE USAGE,UNABLE TO DETERMINE,0,0,0,0,17,5,8,1440,CICERO AVE,41.91808,-87.513422,08/22/2024 06:42:00 PM,2024
CR00036791,04/19/2021 11:12:00 AM,35,CLEAR,DARKNESS - LIGHTED ROAD,PARKED MOTOR VEHICLE,FOUR WAY,STOP SIGN/FLASHER,UNABLE TO DETERMINE,DRIVING SKILLS/KNOWLEDGE/EXPERIENCE,0,0,0,0,11,2,4,2322,HALSTED ST,41.900734,-87.530165,04/19/2021 11:41:00 AM,2021