CRASH_RECORD_ID,CRASH_DATE,POSTED_SPEED_LIMIT,WEATHER_CONDITION,LIGHTING_CONDITION,FIRST_CRASH_TYPE,TRAFFICWAY_TYPE,TRAFFIC_CONTROL_DEVICE,PRIM_CONTRIBUTORY_CAUSE,SEC_CONTRIBUTORY_CAUSE,INJURIES_FATAL,INJURIES_INCAPACITATING,INJURIES_NON_INCAPACITATING,INJURIES_TOTAL,CRASH_HOUR,CRASH_DAY_OF_WEEK,CRASH_MONTH,BEAT_OF_OCCURRENCE,STREET_NAME,LATITUDE,LONGITUDE,DATE_POLICE_NOTIFIED,year
CR00036792,10/30/2017 09:05:00 PM,15,RAIN,DARKNESS - LIGHTED ROAD,PEDESTRIAN,DIVIDED - W/MEDIAN (NOT RAISED),STOP SIGN/FLASHER,DISREGARDING TRAFFIC SIGNALS,UNABLE TO DETERMINE,0,0,0,0,21,2,10,812,DIVISION ST,41.892914,-87.681558,10/30/2017 10:53:00 PM,2017
CR00036793,10/31/2020 08:28:00 PM,20,RAIN,DARKNESS - LIGHTED ROAD,REAR END,DIVIDED - W/MEDIAN (NOT RAISED),TRAFFIC SIGNAL,IMPROPER OVERTAKING/PASSING,FAILING TO YIELD RIGHT-OF-WAY,0,0,0,0,20,7,10,2501,MILWAUKEE AVE,41.962363,-87.809645,10/31/2020 09:20:00 PM,2020
CR00036794,03/13/2018 08:56:00 AM,35,CLEAR,DARKNESS - LIGHTED ROAD,REAR TO FRONT,NOT DIVIDED,NO CONTROLS,UNABLE TO DETERMINE,FAILING TO YIELD RIGHT-OF-WAY,0,0,0,0,8,3,3,1807,CLARK ST,41.917816,-87.848766,03/13/2018 09:00:00 AM,2018
CR00036795,01/08/2018 12:06:00 AM,40,CLEAR,DAYLIGHT,REAR TO FRONT,FOUR WAY,TRAFFIC SIGNAL,IMPROPER OVERTAKING/PASSING,NOT APPLICABLE,0,0,1,1,0,2,1,1764,WESTERN AVE,41.763885,-87.610155,01/08/2018 01:43:00 AM,2018
CR00036796,09/07/2021 03:24:00 PM,30,FOG/SMOKE/HAZE,DARKNESS,ANGLE,DIVIDED - W/MEDIAN (NOT RAISED),NO CONTROLS,FAILING TO REDUCE SPEED,IMPROPER OVERTAKING/PASSING,0,0,0,0,15,3,9,1203,CICERO AVE,41.726841,-87.64898,09/07/2021 03:51:00 PM,2021
CR00036797,10/15/2024 08:23:00 AM,35,CLEAR,DARKNESS - LIGHTED ROAD,PEDESTRIAN,DIVIDED - W/MEDIAN BARRIER,NO CONTROLS,UNABLE TO DETERMINE,FOLLOWING TOO CLOSELY,0,0,0,0,8,3,10,2357,63RD ST,41.76833,-87.502423,10/15/2024 09:33:00 AM,2024
CR00036798,10/23/2018 09:50:00 PM,20,CLEAR,DARKNESS - LIGHTED ROAD,REAR END,DIVIDED - W/MEDIAN (NOT RAISED),NO CONTROLS,FAILING TO YIELD RIGHT-OF-WAY,FOLLOWING TOO CLOSELY,0,0,0,0,21,3,10,2055,HALSTED ST,41.939546,-87.584127,10/23/2018 10:13:00 PM,2018
CR00036799,03/16/2018 08:24:00 AM,45,CLEAR,DARKNESS - LIGHTED ROAD,REAR END,NOT DIVIDED,NO CONTROLS,IMPROPER OVERTAKING/PASSING,UNABLE TO DETERMINE,0,0,0,0,8,6,3,1781,DAMEN AVE,41.771887,-87.799301,03/16/2018 09:31:00 AM,2018
CR00036800,08/07/2018 03:55:00 PM,15,RAIN,DAYLIGHT,ANGLE,FOUR WAY,TRAFFIC SIGNAL,UNABLE TO DETERMINE,NOT APPLICABLE,0,0,0,0,15,3,8,345,LAKE SHORE DR,41.972961,-87.645482,08/07/2018 05:37:00 PM,2018
CR00036801,04/20/2019 08:58:00 PM,45,CLEAR,DAYLIGHT,FIXED OBJECT,DIVIDED - W/MEDIAN (NOT RAISED),UNKNOWN,FOLLOWING TOO CLOSELY,FOLLOWING TOO CLOSELY,0,0,0,0,20,7,4,1883,HALSTED ST,41.979954,-87.576821,04/20/2019 10:58:00 PM,2019
CR00036802,01/28/2022 10:29:00 AM,30,CLEAR,DAYLIGHT,PARKED MOTOR VEHICLE,DIVIDED - W/MEDIAN BARRIER,NO CONTROLS,UNABLE TO DETERMINE,NOT APPLICABLE,0,0,1,1,10,6,1,905,IRVING PARK RD,41.789311,-87.737072,01/28/2022 12:26:00 PM,2022
CR00036803,08/17/2019 04:56:00 PM,30,CLEAR,DAYLIGHT,FIXED OBJECT,DIVIDED - W/MEDIAN (NOT RAISED),NO CONTROLS,FAILING TO REDUCE SPEED,NOT APPLICABLE,0,0,0,0,16,7,8,1095,CICERO AVE,41.799198,-87.525991,08/17/2019 05:28:00 PM,2019
CR00036804,06/10/2021 03:11:00 AM,35,CLEAR,DAYLIGHT,REAR END,NOT DIVIDED,YIELD,DRIVING SKILLS/KNOWLEDGE/EXPERIENCE,IMPROPER LANE USAGE,0,0,0,0,3,5,6,2159,MICHIGAN AVE,41.785991,-87.800855,06/10/2021 05:05:00 AM,2021
CR00036805,12/18/2018 04:22:00 PM,35,CLEAR,DAYLIGHT,SIDESWIPE SAME DIRECTION,ONE-WAY,TRAFFIC SIGNAL,IMPROPER LANE USAGE,IMPROPER OVERTAKING/PASSING,0,0,0,0,16,3,12,1668,OGDEN AVE,41.751167,-87.74957,12/18/2018 06:10:00 PM,2018
CR00036806,02/21/2022 01:30:00 PM,30,CLEAR,DAYLIGHT,SIDESWIPE SAME DIRECTION,T-INTERSECTION,TRAFFIC SIGNAL,DISTRACTION - FROM INSIDE VEHICLE,FAILING TO REDUCE SPEED,0,0,0,0,13,2,2,1390,CLARK ST,41.816842,-87.6089,02/21/2022 02:50:00 PM,2022
CR00036807,07/15/2019 09:12:00 PM,30,FREEZING RAIN/DRIZZLE,DAYLIGHT,ANGLE,NOT DIVIDED,TRAFFIC SIGNAL,FAILING TO REDUCE SPEED,IMPROPER LANE USAGE,0,0,0,0,21,2,7,2427,CICERO AVE,41.728134,-87.503817,07/15/2019 10:49:00 PM,2019
CR00036808,02/17/2017 05:14:00 PM,30,CLOUDY/OVERCAST,DARKNESS - LIGHTED ROAD,PARKED MOTOR VEHICLE,FOUR WAY,NO CONTROLS,UNABLE TO DETERMINE,NOT APPLICABLE,0,0,0,0,17,6,2,488,ELSTON AVE,41.75862,-87.775317,02/17/2017 06:46:00 PM,2017
CR00036809,05/13/2021 02:18:00 PM,40,CLEAR,DAYLIGHT,REAR END,FOUR WAY,TRAFFIC SIGNAL,UNABLE TO DETERMINE,DRIVING SKILLS/KNOWLEDGE/EXPERIENCE,0,0,0,0,14,5,5,1421,DIVISION ST,41.98638,-87.787212,05/13/2021 04:14:00 PM,2021
CR00036810,11/28/2019 07:28:00 PM,40,CLEAR,DARKNESS - LIGHTED ROAD,REAR END,DIVIDED - W/MEDIAN BARRIER,NO CONTROLS,DISTRACTION - FROM INSIDE VEHICLE,UNABLE TO DETERMINE,0,0,0,0,19,5,11,1334,MICHIGAN AVE,41.894829,-87.818733,11/28/2019 09:23:00 PM,2019
CR00036811,01/28/2021 08:12:00 AM,35,SNOW,DARKNESS - LIGHTED ROAD,ANGLE,NOT DIVIDED,NO CONTROLS,DISTRACTION - FROM INSIDE VEHICLE,UNABLE TO DETERMINE,0,0,0,0,8,5,1,825,BROADWAY,41.744334,-87.639927,01/28/2021 09:39:00 AM,2021
CR00036812,04/06/2024 06:11:00 PM,15,RAIN,DAYLIGHT,ANGLE,FOUR WAY,STOP SIGN/FLASHER,DISREGARDING TRAFFIC SIGNALS,NOT APPLICABLE,0,0,0,0,18,7,4,1272,BROADWAY,41.86108,-87.658764,04/06/2024 08:09:00 PM,2024
CR00036813,11/15/2018 03:55:00 PM,30,CLEAR,DAYLIGHT,REAR END,ONE-WAY,NO CONTROLS,FAILING TO YIELD RIGHT-OF-WAY,IMPROPER LANE USAGE,0,0,0,0,15,5,11,1900,FULLERTON AVE,41.732023,-87.718845,11/15/2018 04:08:00 PM,2018
CR00036814,08/25/2018 01:21:00 AM,20,CLEAR,DAYLIGHT,ANGLE,DIVIDED - W/MEDIAN (NOT RAISED),NO CONTROLS,DISREGARDING TRAFFIC SIGNALS,DISTRACTION - FROM INSIDE VEHICLE,0,0,1,1,1,7,8,293,OGDEN AVE,41.833442,-87.710918,08/25/2018 02:06:00 AM,2018
CR00036815,05/25/2019 08:49:00 PM,20,RAIN,DUSK,REAR END,NOT DIVIDED,NO CONTROLS,UNABLE TO DETERMINE,IMPROPER OVERTAKING/PASSING,0,0,0,0,20,7,5,1809,BROADWAY,41.909893,-87.512297,05/25/2019 09:21:00 PM,2019
CR00036816,02/16/2024 08:36:00 AM,45,CLEAR,DAYLIGHT,TURNING,NOT DIVIDED,NO CONTROLS,DISTRACTION - FROM INSIDE VEHICLE,FAILING TO YIELD RIGHT-OF-WAY,0,0,0,0,8,6,2,876,ELSTON AVE,41.776286,-87.797682,02/16/2024 10:33:00 AM,2024
CR00036817,08/13/2021 01:28:00 AM,15,CLEAR,DAYLIGHT,REAR END,NOT DIVIDED,NO CONTROLS,FOLLOWING TOO CLOSELY,FAILING TO YIELD RIGHT-OF-WAY,0,0,0,0,1,6,8,1495,MICHIGAN AVE,41.798794,-87.539365,08/13/2021 03:27:00 AM,2021
CR00036818,06/26/2017 04:42:00 PM,45,CLEAR,DAYLIGHT,FIXED OBJECT,NOT DIVIDED,NO CONTROLS,UNABLE TO DETERMINE,UNABLE TO DETERMINE,0,0,0,0,16,2,6,1100,HALSTED ST,41.735701,-87.630089,06/26/2017 05:56:00 PM,2017
CR00036819,06/12/2020 11:00:00 AM,35,CLEAR,DAWN,TURNING,NOT DIVIDED,STOP SIGN/FLASHER,UNABLE TO DETERMINE,DISREGARDING TRAFFIC SIGNALS,0,0,0,0,11,6,6,2258,DIVISION ST,41.940854,-87.599446,06/12/2020 12:00:00 PM,2020
CR00036820,10/01/2024 07:01:00 AM,40,CLEAR,DARKNESS - LIGHTED ROAD,REAR END,NOT DIVIDED,NO CONTROLS,DISTRACTION - FROM INSIDE VEHICLE,IMPROPER OVERTAKING/PASSING,0,0,0,0,7,3,10,309,DIVISION ST,41.786726,-87.701023,10/01/2024 08:56:00 AM,2024
CR00036821,07/30/2016 10:15:00 PM,15,CLOUDY/OVERCAST,DAYLIGHT,REAR END,NOT DIVIDED,NO CONTROLS,UNABLE TO DETERMINE,FOLLOWING TOO CLOSELY,0,0,3,3,22,7,7,885,MICHIGAN AVE,41.810535,-87.540186,07/30/2016 11:04:00 PM,2016
CR00036822,10/26/2016 05:59:00 PM,30,RAIN,DARKNESS - LIGHTED ROAD,REAR END,NOT DIVIDED,NO CONTROLS,UNABLE TO DETERMINE,NOT APPLICABLE,0,0,0,0,17,4,10,1821,HALSTED ST,41.799794,-87.513334,10/26/2016 07:23:00 PM,2016
CR00036823,09/19/2019 04:19:00 AM,35,CLEAR,DAYLIGHT,REAR END,NOT DIVIDED,TRAFFIC SIGNAL,IMPROPER OVERTAKING/PASSING,UNABLE TO DETERMINE,0,0,0,0,4,5,9,962,47TH ST,41.856103,-87.532709,09/19/2019 06:11:00 AM,2019
CR00036824,03/23/2019 07:34:00 AM,35,CLEAR,DUSK,SIDESWIPE SAME DIRECTION,DIVIDED - W/MEDIAN (NOT RAISED),NO CONTROLS,DRIVING SKILLS/KNOWLEDGE/EXPERIENCE,UNABLE TO DETERMINE,0,0,0,0,7,7,3,1004,63RD ST,41.880487,-87.81662,03/23/2019 07:41:00 AM,2019
CR00036825,10/25/2017 03:46:00 PM,20,RAIN,DAYLIGHT,TURNING,DIVIDED - W/MEDIAN (NOT RAISED),NO CONTROLS,UNABLE TO DETERMINE,UNABLE TO DETERMINE,0,0,3,3,15,4,10,647,DAMEN AVE,41.964713,-87.685405,10/25/2017 04:23:00 PM,2017
CR00036826,09/16/2023 01:23:00 PM,40,CLEAR,DARKNESS,PARKED MOTOR VEHICLE,NOT DIVIDED,NO CONTROLS,IMPROPER OVERTAKING/PASSING,IMPROPER OVERTAKING/PASSING,0,0,0,0,13,7,9,2355,ARCHER AVE,41.878306,-87.697226,09/16/2023 02:32:00 PM,2023
CR00036827,02/21/2023 10:15:00 PM,40,CLEAR,DAYLIGHT,FIXED OBJECT,NOT DIVIDED,TRAFFIC SIGNAL,IMPROPER OVERTAKING/PASSING,UNABLE TO DETERMINE,0,0,0,0,22,3,2,2076,PULASKI RD,41.834163,-87.690109,02/21/2023 10:54:00 PM,2023
CR00036828,10/22/2016 08:28:00 AM,30,RAIN,DARKNESS - LIGHTED ROAD,TURNING,NOT DIVIDED,PEDESTRIAN CROSSING SIGN,FOLLOWING TOO CLOSELY,WEATHER,0,0,1,1,8,7,10,596,ARCHER AVE,41.770312,-87.520382,10/22/2016 09:49:00 AM,2016
CR00036829,03/17/2018 01:06:00 PM,30,CLOUDY/OVERCAST,DAYLIGHT,REAR END,ONE-WAY,NO CONTROLS,UNABLE TO DETERMINE,DRIVING SKILLS/KNOWLEDGE/EXPERIENCE,0,0,0,0,13,7,3,2222,CLARK ST,41.854282,-87.772795,03/17/2018 02:20:00 PM,2018
CR00036830,10/07/2017 06:23:00 PM,25,FOG/SMOKE/HAZE,DAYLIGHT,SIDESWIPE SAME DIRECTION,FOUR WAY,STOP SIGN/FLASHER,IMPROPER OVERTAKING/PASSING,NOT APPLICABLE,0,0,0,0,18,7,10,262,LAKE SHORE DR,41.749102,-87.510544,10/07/2017 07:59:00 PM,2017
CR00036831,09/01/2017 01:34:00 PM,30,CLEAR,DARKNESS - LIGHTED ROAD,REAR END,NOT DIVIDED,TRAFFIC SIGNAL,IMPROPER OVERTAKING/PASSING,UNABLE TO DETERMINE,0,0,0,0,13,6,9,368,STONY ISLAND AVE,41.965323,-87.583321,09/01/2017 03:15:00 PM,2017
CR00036832,12/25/2023 06:41:00 PM,35,RAIN,DAYLIGHT,REAR END,NOT DIVIDED,NO CONTROLS,UNABLE TO DETERMINE,FOLLOWING TOO CLOSELY,0,0,0,0,18,2,12,2443,ELSTON AVE,41.905127,-87.527077,12/25/2023 08:19:00 PM,2023
CR00036833,04/29/2022 01:04:00 PM,30,CLEAR,DARKNESS - LIGHTED ROAD,SIDESWIPE SAME DIRECTION,DIVIDED - W/MEDIAN (NOT RAISED),YIELD,DISREGARDING TRAFFIC SIGNALS,FOLLOWING TOO CLOSELY,0,0,0,0,13,6,4,2457,CLARK ST,41.755805,-87.792442,04/29/2022 01:47:00 PM,2022
CR00036834,02/11/2024 07:19:00 PM,35,CLEAR,DAYLIGHT,ANGLE,NOT DIVIDED,NO CONTROLS,UNABLE TO DETERMINE,NOT APPLICABLE,0,0,0,0,19,1,2,1186,ARCHER AVE,41.789377,-87.843924,02/11/2024 07:40:00 PM,2024
CR00036835,05/25/2023 07:55:00 AM,30,CLEAR,DARKNESS,PARKED MOTOR VEHICLE,DIVIDED - W/MEDIAN (NOT RAISED),YIELD,IMPROPER LANE USAGE,UNABLE TO DETERMINE,0,0,3,3,7,5,5,570,IRVING PARK RD,41.909038,-87.808178,05/25/2023 09:17:00 AM,2023
CR00036836,12/26/2020 08:00:00 AM,25,CLEAR,DAYLIGHT,TURNING,T-INTERSECTION,TRAFFIC SIGNAL,FAILING TO YIELD RIGHT-OF-WAY,DISTRACTION - FROM INSIDE VEHICLE,0,0,0,0,8,7,12,174,CICERO AVE,41.70774,-87.666351,12/26/2020 09:40:00 AM,2020
CR00036837,11/10/2021 08:13:00 PM,25,CLEAR,DAYLIGHT,FIXED OBJECT,NOT DIVIDED,STOP SIGN/FLASHER,UNABLE TO DETERMINE,IMPROPER OVERTAKING/PASSING,0,0,0,0,20,4,11,2340,DIVISION ST,41.958266,-87.707526,11/10/2021 08:19:00 PM,2021
CR00036838,09/24/2023 11:02:00 PM,30,CLEAR,DAYLIGHT,ANGLE,NOT DIVIDED,NO CONTROLS,FOLLOWING TOO CLOSELY,FAILING TO YIELD RIGHT-OF-WAY,0,0,0,0,23,1,9,1008,CICERO AVE,41.734654,-87.836996,09/25/2023 12:59:00 AM,2023
CR00036839,01/02/2023 02:23:00 PM,40,RAIN,DARKNESS,TURNING,NOT DIVIDED,PEDESTRIAN CROSSING SIGN,FAILING TO REDUCE SPEED,FOLLOWING TOO CLOSELY,0,0,0,0,14,2,1,2361,HALSTED ST,41.913041,-87.562453,01/02/2023 04:00:00 PM,2023
CR00036840,05/31/2021 09:44:00 AM,35,CLEAR,DARKNESS - LIGHTED ROAD,REAR END,ONE-WAY,TRAFFIC SIGNAL,IMPROPER OVERTAKING/PASSING,UNABLE TO DETERMINE,0,0,0,0,9,2,5,1943,LAKE SHORE DR,41.992614,-87.798905,05/31/2021 11:41:00 AM,2021
CR00036841,01/20/2022 07:18:00 PM,40,CLEAR,DARKNESS - LIGHTED ROAD,SIDESWIPE SAME DIRECTION,NOT DIVIDED,NO CONTROLS,UNABLE TO DETERMINE,UNABLE TO DETERMINE,0,0,0,0,19,5,1,1003,OGDEN AVE,41.763321,-87.832062,01/20/2022 09:08:00 PM,2022
CR00036842,08/08/2017 08:33:00 AM,45,CLEAR,DAYLIGHT,ANGLE,NOT DIVIDED,NO CONTROLS,FAILING TO YIELD RIGHT-OF-WAY,UNABLE TO DETERMINE,0,0,0,0,8,3,8,1668,63RD ST,41.919231,-87.693819,08/08/2017 10:05:00 AM,2017
CR00036843,02/14/2016 08:34:00 PM,30,CLEAR,DARKNESS - LIGHTED ROAD,REAR END,ONE-WAY,TRAFFIC SIGNAL,FAILING TO YIELD RIGHT-OF-WAY,DISREGARDING TRAFFIC SIGNALS,0,0,0,0,20,1,2,184,STATE ST,41.966007,-87.599166,02/14/2016 08:53:00 PM,2016
CR00036844,05/01/2015 06:23:00 PM,30,CLEAR,DAYLIGHT,REAR END,DIVIDED - W/MEDIAN BARRIER,NO CONTROLS,DISTRACTION - FROM INSIDE VEHICLE,DISREGARDING TRAFFIC SIGNALS,0,0,3,3,18,6,5,2164,FULLERTON AVE,41.789575,-87.666114,05/01/2015 06:48:00 PM,2015
CR00036845,06/11/2016 07:40:00 AM,15,CLEAR,DAYLIGHT,REAR END,NOT DIVIDED,NO CONTROLS,FAILING TO YIELD RIGHT-OF-WAY,UNABLE TO DETERMINE,0,1,1,2,7,7,6,1542,FULLERTON AVE,41.828715,-87.557222,06/11/2016 07:46:00 AM,2016
CR00036846,06/04/2019 08:35:00 PM,35,RAIN,DAYLIGHT,SIDESWIPE SAME DIRECTION,DIVIDED - W/MEDIAN (NOT RAISED),STOP SIGN/FLASHER,FAILING TO REDUCE SPEED,UNABLE TO DETERMINE,0,0,3,3,20,3,6,1599,FULLERTON AVE,41.712698,-87.818866,06/04/2019 10:04:00 PM,2019
CR00036847,12/10/2022 06:01:00 PM,30,CLEAR,DAYLIGHT,REAR END,FOUR WAY,NO CONTROLS,DISREGARDING TRAFFIC SIGNALS,FAILING TO YIELD RIGHT-OF-WAY,0,0,1,1,18,7,12,1770,CICERO AVE,41.787089,-87.655956,12/10/2022 06:50:00 PM,2022
CR00036848,05/05/2016 04:03:00 PM,15,CLEAR,DUSK,REAR END,ONE-WAY,NO CONTROLS,FOLLOWING TOO CLOSELY,FOLLOWING TOO CLOSELY,0,0,0,0,16,5,5,2040,FULLERTON AVE,41.751908,-87.628494,05/05/2016 04:20:00 PM,2016
CR00036849,06/14/2021 05:09:00 PM,30,FOG/SMOKE/HAZE,DAYLIGHT,SIDESWIPE SAME DIRECTION,DIVIDED - W/MEDIAN (NOT RAISED),TRAFFIC SIGNAL,UNABLE TO DETERMINE,DISTRACTION - FROM INSIDE VEHICLE,0,0,0,0,17,2,6,1105,CALIFORNIA AVE,41.9773,-87.674812,06/14/2021 06:38:00 PM,2021
CR00036850,08/02/2017 08:01:00 PM,35,CLEAR,DAYLIGHT,SIDESWIPE SAME DIRECTION,DIVIDED - W/MEDIAN (NOT RAISED),STOP SIGN/FLASHER,UNABLE TO DETERMINE,FOLLOWING TOO CLOSELY,0,1,1,2,20,4,8,883,CICERO AVE,41.876834,-87.801675,08/02/2017 08:22:00 PM,2017
CR00036851,01/18/2018 04:19:00 PM,40,CLEAR,DAYLIGHT,PARKED MOTOR VEHICLE,DIVIDED - W/MEDIAN BARRIER,NO CONTROLS,FOLLOWING TOO CLOSELY,NOT APPLICABLE,0,0,0,0,16,5,1,426,IRVING PARK RD,41.869085,-87.720782,01/18/2018 05:01:00 PM,2018
CR00036852,09/21/2020 03:21:00 AM,30,CLEAR,DAYLIGHT,TURNING,DIVIDED - W/MEDIAN (NOT RAISED),NO CONTROLS,FAILING TO REDUCE SPEED,FAILING TO YIELD RIGHT-OF-WAY,0,0,3,3,3,2,9,1654,63RD ST,41.807833,-87.849262,09/21/2020 05:08:00 AM,2020
CR00036853,09/29/2017 08:02:00 PM,45,CLEAR,DAYLIGHT,REAR TO FRONT,NOT DIVIDED,YIELD,FOLLOWING TOO CLOSELY,UNABLE TO DETERMINE,0,0,0,0,20,6,9,1832,47TH ST,41.96157,-87.635511,09/29/2017 09:24:00 PM,2017
CR00036854,10/09/2021 03:14:00 PM,30,CLEAR,DAYLIGHT,PARKED MOTOR VEHICLE,ONE-WAY,STOP SIGN/FLASHER,FAILING TO REDUCE SPEED,FAILING TO REDUCE SPEED,0,0,0,0,15,7,10,2233,CALIFORNIA AVE,41.873175,-87.588119,10/09/2021 05:01:00 PM,2021
CR00036855,06/04/2023 03:05:00 PM,30,SNOW,DARKNESS - LIGHTED ROAD,SIDESWIPE SAME DIRECTION,NOT DIVIDED,STOP SIGN/FLASHER,FAILING TO REDUCE SPEED,DISTRACTION - FROM INSIDE VEHICLE,0,0,0,0,15,1,6,224,WESTERN AVE,41.902656,-87.790019,06/04/2023 03:31:00 PM,2023
CR00036856,04/11/2020 05:27:00 PM,30,CLOUDY/OVERCAST,DAYLIGHT,REAR END,ONE-WAY,NO CONTROLS,IMPROPER OVERTAKING/PASSING,FAILING TO REDUCE SPEED,0,0,0,0,17,7,4,1558,63RD ST,41.877131,-87.678747,04/11/2020 06:57:00 PM,2020
CR00036857,06/03/2023 08:33:00 AM,15,CLEAR,DUSK,TURNING,DIVIDED - W/MEDIAN (NOT RAISED),NO CONTROLS,FAILING TO REDUCE SPEED,DISREGARDING TRAFFIC SIGNALS,0,0,0,0,8,7,6,1620,DAMEN AVE,41.968479,-87.619151,06/03/2023 10:29:00 AM,2023
CR00036858,10/15/2017 12:43:00 PM,45,CLEAR,DAYLIGHT,TURNING,DIVIDED - W/MEDIAN (NOT RAISED),TRAFFIC SIGNAL,UNABLE TO DETERMINE,UNABLE TO DETERMINE,0,0,1,1,12,1,10,2304,CALIFORNIA AVE,41.997359,-87.787752,10/15/2017 12:57:00 PM,2017
CR00036859,05/07/2017 04:33:00 PM,30,SNOW,DAYLIGHT,FIXED OBJECT,DIVIDED - W/MEDIAN BARRIER,NO CONTROLS,FAILING TO REDUCE SPEED,IMPROPER OVERTAKING/PASSING,0,0,0,0,16,1,5,1223,BROADWAY,41.957541,-87.618064,05/07/2017 05:06:00 PM,2017
CR00036860,07/27/2020 04:58:00 PM,40,CLEAR,DARKNESS - LIGHTED ROAD,SIDESWIPE SAME DIRECTION,ONE-WAY,NO CONTROLS,IMPROPER LANE USAGE,DRIVING SKILLS/KNOWLEDGE/EXPERIENCE,0,0,0,0,16,2,7,1646,IRVING PARK RD,41.725613,-87.539411,07/27/2020 05:13:00 PM,2020
CR00036861,08/10/2017 08:42:00 PM,30,RAIN,DAYLIGHT,ANGLE,ONE-WAY,NO CONTROLS,IMPROPER LANE USAGE,FAILING TO YIELD RIGHT-OF-WAY,0,1,2,3,20,5,8,2166,47TH ST,41.926764,-87.553238,08/10/2017 10:39:00 PM,2017
CR00036862,11/21/2018 08:39:00 PM,15,CLEAR,DAYLIGHT,PARKED MOTOR VEHICLE,NOT DIVIDED,NO CONTROLS,UNABLE TO DETERMINE,DISTRACTION - FROM INSIDE VEHICLE,0,0,2,2,20,4,11,1242,IRVING PARK RD,41.762841,-87.774489,11/21/2018 10:16:00 PM,2018
CR00036863,01/31/2019 11:33:00 AM,30,RAIN,DAYLIGHT,TURNING,DIVIDED - W/MEDIAN (NOT RAISED),STOP SIGN/FLASHER,FOLLOWING TOO CLOSELY,NOT APPLICABLE,0,0,0,0,11,5,1,1600,CICERO AVE,41.84538,-87.836715,01/31/2019 11:38:00 AM,2019
CR00036864,11/15/2019 10:57:00 PM,20,CLEAR,DAYLIGHT,REAR END,ONE-WAY,NO CONTROLS,FOLLOWING TOO CLOSELY,FOLLOWING TOO CLOSELY,0,0,0,0,22,6,11,1318,MICHIGAN AVE,41.84495,-87.827993,11/15/2019 11:27:00 PM,2019
CR00036865,05/15/2016 03:42:00 PM,30,RAIN,DAYLIGHT,ANGLE,NOT DIVIDED,TRAFFIC SIGNAL,FOLLOWING TOO CLOSELY,NOT APPLICABLE,0,0,0,0,15,1,5,2153,ASHLAND AVE,41.974414,-87.808727,05/15/2016 04:43:00 PM,2016
CR00036866,01/21/2017 01:56:00 PM,30,CLEAR,DARKNESS - LIGHTED ROAD,FIXED OBJECT,NOT DIVIDED,TRAFFIC SIGNAL,FOLLOWING TOO CLOSELY,IMPROPER OVERTAKING/PASSING,0,0,0,0,13,7,1,504,FULLERTON AVE,41.925136,-87.801962,01/21/2017 02:17:00 PM,2017
CR00036867,08/19/2018 06:09:00 PM,20,CLEAR,DAYLIGHT,REAR END,ONE-WAY,TRAFFIC SIGNAL,UNABLE TO DETERMINE,NOT APPLICABLE,0,0,0,0,18,1,8,1642,WESTERN AVE,41.873194,-87.770233,08/19/2018 07:01:00 PM,2018
CR00036868,04/25/2024 04:43:00 PM,30,CLEAR,DAYLIGHT,REAR TO FRONT,NOT DIVIDED,STOP SIGN/FLASHER,UNABLE TO DETERMINE,UNABLE TO DETERMINE,0,0,0,0,16,5,4,2004,DAMEN AVE,41.816711,-87.705535,04/25/2024 05:44:00 PM,2024
CR00036869,03/23/2018 08:45:00 AM,30,CLEAR,DAYLIGHT,PARKED MOTOR VEHICLE,DIVIDED - W/MEDIAN BARRIER,NO CONTROLS,DISTRACTION - FROM INSIDE VEHICLE,UNABLE TO DETERMINE,0,0,0,0,8,6,3,1453,FULLERTON AVE,41.987055,-87.524927,03/23/2018 09:31:00 AM,2018
CR00036870,06/18/2015 03:54:00 PM,35,RAIN,DAYLIGHT,REAR END,NOT DIVIDED,STOP SIGN/FLASHER,UNABLE TO DETERMINE,UNABLE TO DETERMINE,0,0,0,0,15,5,6,1101,47TH ST,41.779981,-87.608729,06/18/2015 05:17:00 PM,2015
CR00036871,04/01/2021 07:23:00 AM,40,CLEAR,DAYLIGHT,SIDESWIPE SAME DIRECTION,DIVIDED - W/MEDIAN (NOT RAISED),STOP SIGN/FLASHER,IMPROPER LANE USAGE,FAILING TO REDUCE SPEED,0,0,0,0,7,5,4,101,DAMEN AVE,41.952373,-87.7366,04/01/2021 08:25:00 AM,2021
CR00036872,12/23/2024 07:59:00 AM,35,CLEAR,DARKNESS - LIGHTED ROAD,REAR END,NOT DIVIDED,NO CONTROLS,FAILING TO YIELD RIGHT-OF-WAY,UNABLE TO DETERMINE,0,0,0,0,7,2,12,365,ROOSEVELT RD,41.885606,-87.666034,12/23/2024 08:46:00 AM,2024
CR00036873,10/15/2018 08:02:00 AM,30,CLEAR,DAYLIGHT,PEDESTRIAN,NOT DIVIDED,NO CONTROLS,FAILING TO YIELD RIGHT-OF-WAY,NOT APPLICABLE,0,0,0,0,8,2,10,183,63RD ST,41.877507,-87.548779,10/15/2018 09:34:00 AM,2018