CRASH_RECORD_ID,CRASH_DATE,POSTED_SPEED_LIMIT,WEATHER_CONDITION,LIGHTING_CONDITION,FIRST_CRASH_TYPE,TRAFFICWAY_TYPE,TRAFFIC_CONTROL_DEVICE,PRIM_CONTRIBUTORY_CAUSE,SEC_CONTRIBUTORY_CAUSE,INJURIES_FATAL,INJURIES_INCAPACITATING,INJURIES_NON_INCAPACITATING,INJURIES_TOTAL,CRASH_HOUR,CRASH_DAY_OF_WEEK,CRASH_MONTH,BEAT_OF_OCCURRENCE,STREET_NAME,LATITUDE,LONGITUDE,DATE_POLICE_NOTIFIED,year
CR00036874,07/17/2022 05:04:00 PM,20,CLOUDY/OVERCAST,DARKNESS - LIGHTED ROAD,ANGLE,NOT DIVIDED,NO CONTROLS,UNABLE TO DETERMINE,DISREGARDING TRAFFIC SIGNALS,0,0,0,0,17,1,7,2284,DAMEN AVE,41.877898,-87.526279,07/17/2022 06:25:00 PM,2022
CR00036875,05/17/2016 08:06:00 AM,30,CLEAR,DAYLIGHT,REAR END,DIVIDED - W/MEDIAN (NOT RAISED),UNKNOWN,FAILING TO YIELD RIGHT-OF-WAY,UNABLE TO DETERMINE,0,0,0,0,8,3,5,2055,PULASKI RD,41.866905,-87.836858,05/17/2016 08:49:00 AM,2016
CR00036876,01/20/2015 07:02:00 AM,35,CLEAR,DARKNESS - LIGHTED ROAD,FIXED OBJECT,FOUR WAY,TRAFFIC SIGNAL,FAILING TO YIELD RIGHT-OF-WAY,IMPROPER LANE USAGE,0,0,3,3,7,3,1,1165,CLARK ST,41.780347,-87.585201,01/20/2015 08:10:00 AM,2015
CR00036877,09/07/2022 04:32:00 PM,25,CLEAR,DAYLIGHT,PEDESTRIAN,NOT DIVIDED,NO CONTROLS,DISREGARDING TRAFFIC SIGNALS,IMPROPER OVERTAKING/PASSING,0,0,0,0,16,4,9,788,ARCHER AVE,41.799027,-87.759101,09/07/2022 05:05:00 PM,2022
CR00036878,09/24/2020 07:14:00 AM,40,CLEAR,DAYLIGHT,FIXED OBJECT,NOT DIVIDED,NO CONTROLS,FAILING TO YIELD RIGHT-OF-WAY,UNABLE TO DETERMINE,0,0,0,0,7,5,9,742,CLARK ST,41.929884,-87.565992,09/24/2020 09:14:00 AM,2020
CR00036879,08/15/2023 07:44:00 AM,35,CLEAR,DAYLIGHT,FIXED OBJECT,ONE-WAY,UNKNOWN,FAILING TO YIELD RIGHT-OF-WAY,FAILING TO REDUCE SPEED,0,0,0,0,7,3,8,1336,PULASKI RD,41.825117,-87.543118,08/15/2023 09:01:00 AM,2023
CR00036880,08/31/2023 03:29:00 PM,35,CLEAR,DAYLIGHT,REAR END,ONE-WAY,NO CONTROLS,FAILING TO YIELD RIGHT-OF-WAY,FOLLOWING TOO CLOSELY,0,0,0,0,15,5,8,1018,MICHIGAN AVE,41.896657,-87.616676,08/31/2023 03:45:00 PM,2023
CR00036881,07/07/2023 02:49:00 AM,30,RAIN,DUSK,REAR END,ONE-WAY,STOP SIGN/FLASHER,DRIVING SKILLS/KNOWLEDGE/EXPERIENCE,UNABLE TO DETERMINE,0,0,0,0,2,6,7,2316,BROADWAY,41.806631,-87.685508,07/07/2023 03:27:00 AM,2023
CR00036882,06/21/2018 03:08:00 PM,45,CLEAR,DARKNESS - LIGHTED ROAD,PEDESTRIAN,NOT DIVIDED,NO CONTROLS,UNABLE TO DETERMINE,FAILING TO YIELD RIGHT-OF-WAY,0,0,0,0,15,5,6,1824,DIVISION ST,41.707001,-87.748884,06/21/2018 03:34:00 PM,2018
CR00036883,07/30/2021 08:41:00 PM,25,CLOUDY/OVERCAST,DAYLIGHT,FIXED OBJECT,DIVIDED - W/MEDIAN (NOT RAISED),STOP SIGN/FLASHER,DRIVING SKILLS/KNOWLEDGE/EXPERIENCE,IMPROPER OVERTAKING/PASSING,0,0,0,0,20,6,7,2199,STONY ISLAND AVE,41.89606,-87.722973,07/30/2021 10:30:00 PM,2021
CR00036884,02/22/2021 08:46:00 AM,40,SNOW,DUSK,REAR END,DIVIDED - W/MEDIAN BARRIER,STOP SIGN/FLASHER,FAILING TO YIELD RIGHT-OF-WAY,DISREGARDING TRAFFIC SIGNALS,0,0,0,0,8,2,2,1756,HALSTED ST,41.845048,-87.610536,02/22/2021 10:04:00 AM,2021
CR00036885,07/16/2022 01:41:00 AM,30,CLEAR,DUSK,SIDESWIPE SAME DIRECTION,FOUR WAY,NO CONTROLS,IMPROPER LANE USAGE,NOT APPLICABLE,0,0,0,0,1,7,7,345,LAKE SHORE DR,41.959444,-87.838882,07/16/2022 02:28:00 AM,2022
CR00036886,05/05/2016 06:34:00 PM,15,CLEAR,DAYLIGHT,FIXED OBJECT,NOT DIVIDED,NO CONTROLS,DRIVING SKILLS/KNOWLEDGE/EXPERIENCE,UNABLE TO DETERMINE,0,0,1,1,18,5,5,2198,FULLERTON AVE,41.946821,-87.657124,05/05/2016 08:34:00 PM,2016
CR00036887,10/12/2017 09:14:00 AM,30,CLEAR,DAYLIGHT,TURNING,NOT DIVIDED,TRAFFIC SIGNAL,DISTRACTION - FROM INSIDE VEHICLE,IMPROPER OVERTAKING/PASSING,0,0,0,0,9,5,10,1340,ARCHER AVE,41.842229,-87.742661,10/12/2017 09:30:00 AM,2017
CR00036888,03/23/2021 02:58:00 PM,25,CLEAR,DAYLIGHT,PEDESTRIAN,NOT DIVIDED,STOP SIGN/FLASHER,UNABLE TO DETERMINE,UNABLE TO DETERMINE,0,0,0,0,14,3,3,1880,DAMEN AVE,41.870977,-87.644834,03/23/2021 03:56:00 PM,2021
CR00036889,05/11/2015 04:15:00 PM,45,CLEAR,DAYLIGHT,PARKED MOTOR VEHICLE,DIVIDED - W/MEDIAN BARRIER,STOP SIGN/FLASHER,FOLLOWING TOO CLOSELY,UNABLE TO DETERMINE,0,0,0,0,16,2,5,386,PULASKI RD,41.812805,-87.584203,05/11/2015 06:10:00 PM,2015
CR00036890,11/21/2016 03:18:00 PM,35,CLEAR,DAYLIGHT,SIDESWIPE SAME DIRECTION,NOT DIVIDED,NO CONTROLS,IMPROPER OVERTAKING/PASSING,UNABLE TO DETERMINE,0,0,1,1,15,2,11,1230,MICHIGAN AVE,41.895427,-87.524055,11/21/2016 04:09:00 PM,2016
CR00036891,01/02/2016 07:54:00 AM,20,RAIN,DAYLIGHT,ANGLE,NOT DIVIDED,TRAFFIC SIGNAL,UNABLE TO DETERMINE,UNABLE TO DETERMINE,0,0,0,0,7,7,1,1357,DIVISION ST,41.865176,-87.566069,01/02/2016 08:09:00 AM,2016
CR00036892,03/11/2021 03:50:00 PM,20,CLEAR,DAYLIGHT,REAR TO FRONT,DIVIDED - W/MEDIAN BARRIER,NO CONTROLS,DISTRACTION - FROM INSIDE VEHICLE,IMPROPER OVERTAKING/PASSING,0,0,0,0,15,5,3,1494,CALIFORNIA AVE,41.810651,-87.521608,03/11/2021 04:54:00 PM,2021
CR00036893,01/14/2015 09:50:00 AM,35,CLOUDY/OVERCAST,DAYLIGHT,SIDESWIPE SAME DIRECTION,FOUR WAY,NO CONTROLS,DISTRACTION - FROM INSIDE VEHICLE,FAILING TO YIELD RIGHT-OF-WAY,0,0,0,0,9,4,1,933,ASHLAND AVE,41.86791,-87.597841,01/14/2015 11:34:00 AM,2015
CR00036894,05/01/2015 04:50:00 PM,15,CLEAR,DAYLIGHT,PARKED MOTOR VEHICLE,NOT DIVIDED,TRAFFIC SIGNAL,UNABLE TO DETERMINE,UNABLE TO DETERMINE,0,0,0,0,16,6,5,1291,DIVISION ST,41.8386,-87.757135,05/01/2015 05:47:00 PM,2015
CR00036895,01/20/2017 06:37:00 PM,45,CLEAR,DAYLIGHT,PEDESTRIAN,NOT DIVIDED,UNKNOWN,FAILING TO YIELD RIGHT-OF-WAY,DRIVING SKILLS/KNOWLEDGE/EXPERIENCE,0,0,0,0,18,6,1,2080,HALSTED ST,41.86938,-87.844153,01/20/2017 07:36:00 PM,2017
CR00036896,03/28/2015 04:46:00 PM,30,CLEAR,DAYLIGHT,ANGLE,NOT DIVIDED,NO CONTROLS,IMPROPER OVERTAKING/PASSING,FOLLOWING TOO CLOSELY,0,0,0,0,16,7,3,344,63RD ST,41.874107,-87.832727,03/28/2015 06:30:00 PM,2015
CR00036897,06/26/2015 07:40:00 AM,35,CLOUDY/OVERCAST,DAYLIGHT,TURNING,ONE-WAY,NO CONTROLS,FAILING TO YIELD RIGHT-OF-WAY,NOT APPLICABLE,0,0,0,0,7,6,6,189,KEDZIE AVE,41.991876,-87.589124,06/26/2015 09:05:00 AM,2015
CR00036898,02/02/2024 08:16:00 AM,35,CLOUDY/OVERCAST,DAYLIGHT,REAR END,ONE-WAY,NO CONTROLS,IMPROPER LANE USAGE,DRIVING SKILLS/KNOWLEDGE/EXPERIENCE,0,2,2,4,8,6,2,1061,STONY ISLAND AVE,41.761656,-87.749761,02/02/2024 10:05:00 AM,2024
CR00036899,03/19/2019 05:20:00 PM,20,CLEAR,DARKNESS - LIGHTED ROAD,ANGLE,NOT DIVIDED,NO CONTROLS,IMPROPER OVERTAKING/PASSING,NOT APPLICABLE,0,0,0,0,17,3,3,1474,MILWAUKEE AVE,41.898693,-87.803503,03/19/2019 05:59:00 PM,2019
CR00036900,01/12/2022 08:56:00 AM,30,RAIN,DAYLIGHT,PARKED MOTOR VEHICLE,NOT DIVIDED,TRAFFIC SIGNAL,IMPROPER OVERTAKING/PASSING,IMPROPER LANE USAGE,0,0,0,0,8,4,1,1952,CLARK ST,41.7731,-87.637442,01/12/2022 09:54:00 AM,2022
CR00036901,09/07/2020 01:12:00 PM,30,CLEAR,DAYLIGHT,PEDESTRIAN,DIVIDED - W/MEDIAN (NOT RAISED),NO CONTROLS,UNABLE TO DETERMINE,IMPROPER LANE USAGE,0,0,0,0,13,2,9,1403,MILWAUKEE AVE,41.717828,-87.657926,09/07/2020 02:54:00 PM,2020
CR00036902,05/11/2022 04:17:00 PM,15,RAIN,DARKNESS,TURNING,NOT DIVIDED,NO CONTROLS,IMPROPER LANE USAGE,UNABLE TO DETERMINE,0,0,3,3,16,4,5,2289,STATE ST,41.870379,-87.65804,05/11/2022 05:00:00 PM,2022
CR00036903,04/17/2016 04:42:00 PM,35,CLEAR,DAYLIGHT,TURNING,DIVIDED - W/MEDIAN BARRIER,TRAFFIC SIGNAL,DISTRACTION - FROM INSIDE VEHICLE,UNABLE TO DETERMINE,0,0,0,0,16,1,4,978,ROOSEVELT RD,41.917714,-87.633765,04/17/2016 05:21:00 PM,2016
CR00036904,12/27/2015 08:35:00 AM,35,CLEAR,DUSK,REAR END,NOT DIVIDED,NO CONTROLS,UNABLE TO DETERMINE,UNABLE TO DETERMINE,0,0,0,0,8,1,12,2368,IRVING PARK RD,41.820493,-87.84275,12/27/2015 09:04:00 AM,2015
CR00036905,05/11/2023 11:53:00 PM,40,SNOW,DAWN,TURNING,FOUR WAY,STOP SIGN/FLASHER,UNABLE TO DETERMINE,UNABLE TO DETERMINE,0,0,0,0,23,5,5,643,ROOSEVELT RD,41.715377,-87.505694,05/12/2023 12:00:00 AM,2023
CR00036906,01/24/2020 03:33:00 AM,25,CLEAR,DARKNESS - LIGHTED ROAD,PEDESTRIAN,DIVIDED - W/MEDIAN (NOT RAISED),TRAFFIC SIGNAL,WEATHER,FAILING TO YIELD RIGHT-OF-WAY,0,0,0,0,3,6,1,1413,ASHLAND AVE,41.890561,-87.684995,01/24/2020 05:24:00 AM,2020
CR00036907,04/24/2016 06:04:00 PM,35,CLEAR,DARKNESS - LIGHTED ROAD,PEDESTRIAN,NOT DIVIDED,TRAFFIC SIGNAL,IMPROPER OVERTAKING/PASSING,FAILING TO REDUCE SPEED,0,0,0,0,18,1,4,441,OGDEN AVE,41.777232,-87.83194,04/24/2016 06:27:00 PM,2016
CR00036908,09/16/2019 07:21:00 PM,35,CLEAR,DAYLIGHT,REAR END,DIVIDED - W/MEDIAN (NOT RAISED),TRAFFIC SIGNAL,IMPROPER LANE USAGE,FAILING TO YIELD RIGHT-OF-WAY,0,0,0,0,19,2,9,996,DIVISION ST,41.735707,-87.752678,09/16/2019 09:16:00 PM,2019
CR00036909,02/14/2022 10:26:00 PM,15,CLEAR,DARKNESS - LIGHTED ROAD,REAR END,NOT DIVIDED,TRAFFIC SIGNAL,FAILING TO YIELD RIGHT-OF-WAY,DISREGARDING TRAFFIC SIGNALS,0,0,1,1,22,2,2,456,CLARK ST,41.885431,-87.674823,02/14/2022 10:31:00 PM,2022
CR00036910,09/03/2021 02:54:00 PM,30,SNOW,DARKNESS - LIGHTED ROAD,SIDESWIPE SAME DIRECTION,NOT DIVIDED,NO CONTROLS,DRIVING SKILLS/KNOWLEDGE/EXPERIENCE,DRIVING SKILLS/KNOWLEDGE/EXPERIENCE,0,0,0,0,14,6,9,2177,LAKE SHORE DR,41.94968,-87.723097,09/03/2021 03:27:00 PM,2021
CR00036911,03/21/2017 10:47:00 AM,15,CLEAR,DAYLIGHT,PARKED MOTOR VEHICLE,ONE-WAY,NO CONTROLS,DRIVING SKILLS/KNOWLEDGE/EXPERIENCE,DISREGARDING TRAFFIC SIGNALS,0,2,3,5,10,3,3,1012,63RD ST,41.730646,-87.730168,03/21/2017 12:19:00 PM,2017
CR00036912,01/21/2024 06:25:00 PM,30,CLEAR,DAYLIGHT,ANGLE,NOT DIVIDED,NO CONTROLS,UNABLE TO DETERMINE,DRIVING SKILLS/KNOWLEDGE/EXPERIENCE,0,0,0,0,18,1,1,569,ASHLAND AVE,41.719879,-87.517657,01/21/2024 07:10:00 PM,2024
CR00036913,12/22/2019 12:50:00 PM,30,CLEAR,DARKNESS - LIGHTED ROAD,REAR END,DIVIDED - W/MEDIAN (NOT RAISED),STOP SIGN/FLASHER,FAILING TO YIELD RIGHT-OF-WAY,DRIVING SKILLS/KNOWLEDGE/EXPERIENCE,0,0,0,0,12,1,12,1694,DIVISION ST,41.769349,-87.739912,12/22/2019 02:10:00 PM,2019
CR00036914,02/24/2023 07:54:00 AM,30,RAIN,DAYLIGHT,REAR TO FRONT,ONE-WAY,NO CONTROLS,FAILING TO REDUCE SPEED,NOT APPLICABLE,0,0,0,0,7,6,2,2063,ARCHER AVE,41.968832,-87.554212,02/24/2023 07:57:00 AM,2023
CR00036915,09/10/2018 05:44:00 PM,30,CLEAR,DAYLIGHT,TURNING,NOT DIVIDED,TRAFFIC SIGNAL,FOLLOWING TOO CLOSELY,DRIVING SKILLS/KNOWLEDGE/EXPERIENCE,0,0,0,0,17,2,9,2332,IRVING PARK RD,41.799027,-87.699934,09/10/2018 07:34:00 PM,2018
CR00036916,11/21/2018 06:32:00 PM,20,CLEAR,DARKNESS - LIGHTED ROAD,PARKED MOTOR VEHICLE,ONE-WAY,STOP SIGN/FLASHER,UNABLE TO DETERMINE,IMPROPER LANE USAGE,0,0,0,0,18,4,11,758,OGDEN AVE,41.928569,-87.787336,11/21/2018 08:06:00 PM,2018
CR00036917,06/13/2016 01:43:00 PM,30,RAIN,DAYLIGHT,TURNING,NOT DIVIDED,NO CONTROLS,WEATHER,UNABLE TO DETERMINE,0,0,0,0,13,2,6,851,ARCHER AVE,41.891065,-87.727058,06/13/2016 03:39:00 PM,2016
CR00036918,08/13/2020 02:06:00 PM,30,CLEAR,DAYLIGHT,ANGLE,FOUR WAY,NO CONTROLS,UNABLE TO DETERMINE,FOLLOWING TOO CLOSELY,0,0,1,1,14,5,8,1678,BROADWAY,41.86254,-87.807509,08/13/2020 03:08:00 PM,2020
CR00036919,10/10/2024 02:05:00 PM,35,CLEAR,DAYLIGHT,TURNING,ONE-WAY,TRAFFIC SIGNAL,UNABLE TO DETERMINE,FAILING TO REDUCE SPEED,0,0,2,2,14,5,10,654,HALSTED ST,41.96113,-87.518527,10/10/2024 02:20:00 PM,2024
CR00036920,12/15/2023 01:53:00 PM,35,CLEAR,DARKNESS - LIGHTED ROAD,PARKED MOTOR VEHICLE,NOT DIVIDED,YIELD,IMPROPER OVERTAKING/PASSING,FOLLOWING TOO CLOSELY,0,0,1,1,13,6,12,1349,PULASKI RD,41.81241,-87.732118,12/15/2023 03:33:00 PM,2023
CR00036921,09/11/2015 10:44:00 PM,30,CLEAR,DARKNESS - LIGHTED ROAD,REAR TO FRONT,NOT DIVIDED,STOP SIGN/FLASHER,UNABLE TO DETERMINE,FOLLOWING TOO CLOSELY,0,0,0,0,22,6,9,2338,BROADWAY,41.976124,-87.677698,09/12/2015 12:34:00 AM,2015
CR00036922,03/22/2018 11:10:00 AM,15,CLEAR,DARKNESS,PEDESTRIAN,NOT DIVIDED,NO CONTROLS,UNABLE TO DETERMINE,UNABLE TO DETERMINE,0,0,0,0,11,5,3,953,FULLERTON AVE,41.984285,-87.840372,03/22/2018 12:38:00 PM,2018
CR00036923,07/28/2017 07:00:00 PM,15,RAIN,DAYLIGHT,ANGLE,NOT DIVIDED,UNKNOWN,DRIVING SKILLS/KNOWLEDGE/EXPERIENCE,IMPROPER LANE USAGE,0,0,0,0,19,6,7,499,47TH ST,41.937087,-87.722014,07/28/2017 08:58:00 PM,2017
CR00036924,11/07/2015 02:37:00 PM,30,CLEAR,DAYLIGHT,FIXED OBJECT,NOT DIVIDED,NO CONTROLS,FAILING TO REDUCE SPEED,UNABLE TO DETERMINE,0,0,2,2,14,7,11,2391,PULASKI RD,41.719018,-87.713559,11/07/2015 03:33:00 PM,2015
CR00036925,10/22/2020 04:48:00 PM,15,CLEAR,DAYLIGHT,SIDESWIPE SAME DIRECTION,NOT DIVIDED,NO CONTROLS,DISREGARDING TRAFFIC SIGNALS,UNABLE TO DETERMINE,0,0,0,0,16,5,10,1908,WESTERN AVE,41.744706,-87.766722,10/22/2020 05:43:00 PM,2020
CR00036926,03/31/2015 03:48:00 AM,30,CLEAR,DAYLIGHT,SIDESWIPE SAME DIRECTION,NOT DIVIDED,NO CONTROLS,UNABLE TO DETERMINE,FAILING TO YIELD RIGHT-OF-WAY,0,0,0,0,3,3,3,280,PULASKI RD,41.955919,-87.787801,03/31/2015 04:06:00 AM,2015
CR00036927,12/12/2018 07:52:00 AM,30,CLEAR,DAYLIGHT,REAR END,NOT DIVIDED,TRAFFIC SIGNAL,DISREGARDING TRAFFIC SIGNALS,FAILING TO YIELD RIGHT-OF-WAY,0,0,0,0,7,4,12,736,PULASKI RD,41.961236,-87.788652,12/12/2018 09:16:00 AM,2018
CR00036928,03/04/2023 05:25:00 PM,35,CLEAR,DAYLIGHT,TURNING,FOUR WAY,NO CONTROLS,UNABLE TO DETERMINE,NOT APPLICABLE,0,2,1,3,17,7,3,2311,HALSTED ST,41.946107,-87.725483,03/04/2023 05:29:00 PM,2023
CR00036929,05/14/2023 03:45:00 PM,40,CLEAR,DAYLIGHT,REAR END,NOT DIVIDED,TRAFFIC SIGNAL,IMPROPER LANE USAGE,FOLLOWING TOO CLOSELY,0,0,0,0,15,1,5,1880,FULLERTON AVE,41.856244,-87.840165,05/14/2023 05:40:00 PM,2023
CR00036930,04/03/2019 05:30:00 AM,35,CLEAR,DAYLIGHT,SIDESWIPE SAME DIRECTION,NOT DIVIDED,TRAFFIC SIGNAL,FAILING TO YIELD RIGHT-OF-WAY,NOT APPLICABLE,0,0,0,0,5,4,4,2174,CALIFORNIA AVE,41.901218,-87.638377,04/03/2019 06:30:00 AM,2019
CR00036931,05/19/2022 04:12:00 PM,30,CLEAR,DAYLIGHT,ANGLE,T-INTERSECTION,STOP SIGN/FLASHER,FOLLOWING TOO CLOSELY,DISTRACTION - FROM INSIDE VEHICLE,0,0,0,0,16,5,5,602,HALSTED ST,41.842948,-87.72501,05/19/2022 05:33:00 PM,2022
CR00036932,06/06/2015 12:20:00 PM,40,CLEAR,DAYLIGHT,SIDESWIPE SAME DIRECTION,FOUR WAY,TRAFFIC SIGNAL,IMPROPER LANE USAGE,UNABLE TO DETERMINE,0,0,0,0,12,7,6,1172,ROOSEVELT RD,41.724105,-87.659717,06/06/2015 01:05:00 PM,2015
CR00036933,11/21/2020 06:34:00 AM,45,CLEAR,DAYLIGHT,SIDESWIPE SAME DIRECTION,DIVIDED - W/MEDIAN (NOT RAISED),NO CONTROLS,UNABLE TO DETERMINE,DISREGARDING TRAFFIC SIGNALS,0,0,0,0,6,7,11,674,CICERO AVE,41.971182,-87.819217,11/21/2020 08:30:00 AM,2020
CR00036934,10/08/2023 04:20:00 PM,15,CLEAR,DAYLIGHT,SIDESWIPE SAME DIRECTION,DIVIDED - W/MEDIAN (NOT RAISED),TRAFFIC SIGNAL,DISTRACTION - FROM INSIDE VEHICLE,FOLLOWING TOO CLOSELY,0,0,0,0,16,1,10,1465,OGDEN AVE,41.944624,-87.760549,10/08/2023 04:26:00 PM,2023
CR00036935,11/17/2018 12:51:00 AM,25,CLEAR,DAYLIGHT,REAR END,NOT DIVIDED,TRAFFIC SIGNAL,FAILING TO YIELD RIGHT-OF-WAY,FAILING TO YIELD RIGHT-OF-WAY,0,0,1,1,0,7,11,657,HALSTED ST,41.834807,-87.535516,11/17/2018 01:30:00 AM,2018
CR00036936,07/09/2023 05:31:00 PM,25,RAIN,DAYLIGHT,REAR END,T-INTERSECTION,TRAFFIC SIGNAL,FAILING TO YIELD RIGHT-OF-WAY,NOT APPLICABLE,0,0,1,1,17,1,7,2275,CALIFORNIA AVE,41.705348,-87.675217,07/09/2023 06:50:00 PM,2023
CR00036937,12/18/2024 04:51:00 PM,30,CLEAR,DARKNESS - LIGHTED ROAD,SIDESWIPE SAME DIRECTION,NOT DIVIDED,YIELD,FOLLOWING TOO CLOSELY,FAILING TO REDUCE SPEED,0,0,2,2,16,4,12,666,ELSTON AVE,41.741671,-87.522066,12/18/2024 05:08:00 PM,2024
CR00036938,10/31/2023 01:52:00 PM,30,CLEAR,DARKNESS - LIGHTED ROAD,ANGLE,NOT DIVIDED,NO CONTROLS,FAILING TO REDUCE SPEED,NOT APPLICABLE,0,0,0,0,13,3,10,802,ROOSEVELT RD,41.979758,-87.63619,10/31/2023 02:41:00 PM,2023
CR00036939,04/04/2024 01:51:00 PM,35,CLEAR,DARKNESS,SIDESWIPE SAME DIRECTION,ONE-WAY,NO CONTROLS,UNABLE TO DETERMINE,IMPROPER OVERTAKING/PASSING,0,0,0,0,13,5,4,2289,FULLERTON AVE,41.878167,-87.779936,04/04/2024 02:48:00 PM,2024
CR00036940,06/14/2019 05:18:00 PM,20,RAIN,DARKNESS - LIGHTED ROAD,REAR END,DIVIDED - W/MEDIAN (NOT RAISED),STOP SIGN/FLASHER,FAILING TO YIELD RIGHT-OF-WAY,UNABLE TO DETERMINE,0,0,0,0,17,6,6,194,ASHLAND AVE,41.737778,-87.72703,06/14/2019 06:27:00 PM,2019
CR00036941,12/25/2022 05:15:00 PM,20,FREEZING RAIN/DRIZZLE,DARKNESS - LIGHTED ROAD,SIDESWIPE SAME DIRECTION,FOUR WAY,NO CONTROLS,UNABLE TO DETERMINE,UNABLE TO DETERMINE,0,0,2,2,17,1,12,1482,ASHLAND AVE,41.748459,-87.836898,12/25/2022 05:24:00 PM,2022
CR00036942,05/08/2023 07:44:00 AM,30,FREEZING RAIN/DRIZZLE,DAYLIGHT,SIDESWIPE SAME DIRECTION,NOT DIVIDED,TRAFFIC SIGNAL,UNABLE TO DETERMINE,FOLLOWING TOO CLOSELY,0,0,1,1,7,2,5,423,CICERO AVE,41.87312,-87.685015,05/08/2023 08:26:00 AM,2023
CR00036943,03/16/2023 05:15:00 PM,30,CLEAR,DARKNESS - LIGHTED ROAD,TURNING,NOT DIVIDED,STOP SIGN/FLASHER,DISREGARDING TRAFFIC SIGNALS,IMPROPER LANE USAGE,0,0,0,0,17,5,3,324,DIVISION ST,41.776691,-87.617594,03/16/2023 05:38:00 PM,2023
CR00036944,09/01/2016 04:06:00 PM,30,CLOUDY/OVERCAST,DAYLIGHT,REAR TO FRONT,DIVIDED - W/MEDIAN BARRIER,NO CONTROLS,FOLLOWING TOO CLOSELY,UNABLE TO DETERMINE,0,0,0,0,16,5,9,1370,MILWAUKEE AVE,41.724142,-87.638853,09/01/2016 05:16:00 PM,2016
CR00036945,08/17/2022 08:15:00 AM,25,RAIN,DARKNESS - LIGHTED ROAD,REAR END,DIVIDED - W/MEDIAN (NOT RAISED),YIELD,DRIVING SKILLS/KNOWLEDGE/EXPERIENCE,NOT APPLICABLE,0,0,3,3,8,4,8,428,CLARK ST,41.846901,-87.622776,08/17/2022 10:01:00 AM,2022
CR00036946,05/18/2017 08:01:00 PM,25,CLEAR,DAYLIGHT,PARKED MOTOR VEHICLE,ONE-WAY,NO CONTROLS,FAILING TO YIELD RIGHT-OF-WAY,NOT APPLICABLE,0,0,0,0,20,5,5,2511,OGDEN AVE,41.771606,-87.846404,05/18/2017 09:34:00 PM,2017
CR00036947,12/04/2015 12:46:00 AM,45,CLEAR,DARKNESS - LIGHTED ROAD,SIDESWIPE SAME DIRECTION,FOUR WAY,TRAFFIC SIGNAL,DRIVING SKILLS/KNOWLEDGE/EXPERIENCE,DISTRACTION - FROM INSIDE VEHICLE,0,1,2,3,0,6,12,157,STONY ISLAND AVE,41.90671,-87.832699,12/04/2015 01:57:00 AM,2015
CR00036948,05/27/2024 04:42:00 PM,35,SNOW,DAYLIGHT,PARKED MOTOR VEHICLE,NOT DIVIDED,TRAFFIC SIGNAL,UNABLE TO DETERMINE,FAILING TO YIELD RIGHT-OF-WAY,0,0,0,0,16,2,5,889,KEDZIE AVE,41.854193,-87.650839,05/27/2024 06:40:00 PM,2024
CR00036949,12/16/2021 01:27:00 PM,45,CLEAR,DAYLIGHT,SIDESWIPE SAME DIRECTION,FOUR WAY,TRAFFIC SIGNAL,IMPROPER LANE USAGE,UNABLE TO DETERMINE,0,0,0,0,13,5,12,325,ARCHER AVE,41.794379,-87.769098,12/16/2021 02:51:00 PM,2021
CR00036950,04/15/2023 05:10:00 PM,15,CLEAR,DARKNESS,REAR END,ONE-WAY,STOP SIGN/FLASHER,UNABLE TO DETERMINE,FAILING TO REDUCE SPEED,0,0,0,0,17,7,4,1064,MILWAUKEE AVE,41.955885,-87.642819,04/15/2023 05:56:00 PM,2023
CR00036951,12/02/2019 09:40:00 AM,35,CLEAR,DAYLIGHT,PARKED MOTOR VEHICLE,NOT DIVIDED,STOP SIGN/FLASHER,WEATHER,FOLLOWING TOO CLOSELY,0,2,2,4,9,2,12,2396,STONY ISLAND AVE,41.858572,-87.843573,12/02/2019 11:32:00 AM,2019
CR00036952,01/13/2023 08:32:00 AM,35,CLEAR,DAYLIGHT,REAR TO FRONT,ONE-WAY,NO CONTROLS,FAILING TO YIELD RIGHT-OF-WAY,FAILING TO REDUCE SPEED,0,0,0,0,8,6,1,1190,OGDEN AVE,41.843489,-87.590829,01/13/2023 09:00:00 AM,2023
CR00036953,08/02/2022 07:33:00 AM,25,CLEAR,DUSK,REAR END,NOT DIVIDED,YIELD,UNABLE TO DETERMINE,UNABLE TO DETERMINE,0,0,0,0,7,3,8,122,63RD ST,41.750482,-87.755765,08/02/2022 08:31:00 AM,2022
CR00036954,02/29/2024 05:41:00 PM,30,RAIN,DAYLIGHT,TURNING,NOT DIVIDED,NO CONTROLS,UNABLE TO DETERMINE,FAILING TO YIELD RIGHT-OF-WAY,0,0,0,0,17,5,2,1740,63RD ST,41.767705,-87.590973,02/29/2024 06:08:00 PM,2024
CR00036955,05/20/2021 08:40:00 AM,45,CLEAR,DAYLIGHT,REAR END,T-INTERSECTION,TRAFFIC SIGNAL,FAILING TO YIELD RIGHT-OF-WAY,IMPROPER OVERTAKING/PASSING,0,0,3,3,8,5,5,2087,CALIFORNIA AVE,41.82857,-87.751356,05/20/2021 10:08:00 AM,2021
CR00036956,04/27/2020 11:20:00 PM,35,CLEAR,DAYLIGHT,SIDESWIPE SAME DIRECTION,DIVIDED - W/MEDIAN (NOT RAISED),NO CONTROLS,FOLLOWING TOO CLOSELY,UNABLE TO DETERMINE,0,0,0,0,23,2,4,579,STATE ST,41.829826,-87.602608,04/27/2020 11:47:00 PM,2020