CRASH_RECORD_ID,CRASH_DATE,POSTED_SPEED_LIMIT,WEATHER_CONDITION,LIGHTING_CONDITION,FIRST_CRASH_TYPE,TRAFFICWAY_TYPE,TRAFFIC_CONTROL_DEVICE,PRIM_CONTRIBUTORY_CAUSE,SEC_CONTRIBUTORY_CAUSE,INJURIES_FATAL,INJURIES_INCAPACITATING,INJURIES_NON_INCAPACITATING,INJURIES_TOTAL,CRASH_HOUR,CRASH_DAY_OF_WEEK,CRASH_MONTH,BEAT_OF_OCCURRENCE,STREET_NAME,LATITUDE,LONGITUDE,DATE_POLICE_NOTIFIED,year
CR00036957,10/26/2021 04:09:00 PM,30,CLEAR,DAYLIGHT,ANGLE,NOT DIVIDED,NO CONTROLS,DRIVING SKILLS/KNOWLEDGE/EXPERIENCE,UNABLE TO DETERMINE,0,0,0,0,16,3,10,1886,ELSTON AVE,41.762231,-87.711667,10/26/2021 04:45:00 PM,2021
CR00036958,08/10/2022 08:11:00 PM,35,CLEAR,DAYLIGHT,SIDESWIPE SAME DIRECTION,ONE-WAY,TRAFFIC SIGNAL,IMPROPER OVERTAKING/PASSING,UNABLE TO DETERMINE,0,0,0,0,20,4,8,592,CLARK ST,41.859815,-87.696122,08/10/2022 09:56:00 PM,2022
CR00036959,11/05/2017 07:32:00 AM,40,SNOW,DAYLIGHT,TURNING,DIVIDED - W/MEDIAN (NOT RAISED),STOP SIGN/FLASHER,UNABLE TO DETERMINE,UNABLE TO DETERMINE,0,0,3,3,7,1,11,1374,CICERO AVE,41.935428,-87.581034,11/05/2017 07:35:00 AM,2017
CR00036960,07/25/2023 11:45:00 PM,35,RAIN,DAYLIGHT,SIDESWIPE SAME DIRECTION,DIVIDED - W/MEDIAN (NOT RAISED),TRAFFIC SIGNAL,UNABLE TO DETERMINE,DRIVING SKILLS/KNOWLEDGE/EXPERIENCE,0,0,0,0,23,3,7,1830,MILWAUKEE AVE,41.899513,-87.845646,07/26/2023 12:18:00 AM,2023
CR00036961,03/22/2022 08:34:00 AM,35,CLEAR,DARKNESS - LIGHTED ROAD,PEDESTRIAN,NOT DIVIDED,UNKNOWN,UNABLE TO DETERMINE,FAILING TO YIELD RIGHT-OF-WAY,0,1,1,2,8,3,3,1728,BROADWAY,41.760915,-87.546085,03/22/2022 09:44:00 AM,2022
CR00036962,01/17/2015 07:03:00 AM,45,CLEAR,DAYLIGHT,REAR END,ONE-WAY,NO CONTROLS,UNABLE TO DETERMINE,NOT APPLICABLE,0,1,3,4,7,7,1,1944,IRVING PARK RD,41.77176,-87.573956,01/17/2015 09:02:00 AM,2015
CR00036963,01/30/2015 07:14:00 AM,35,CLEAR,DAYLIGHT,SIDESWIPE SAME DIRECTION,DIVIDED - W/MEDIAN (NOT RAISED),NO CONTROLS,UNABLE TO DETERMINE,FAILING TO YIELD RIGHT-OF-WAY,0,0,0,0,7,6,1,1672,MICHIGAN AVE,41.849081,-87.555074,01/30/2015 08:24:00 AM,2015
CR00036964,01/10/2021 03:23:00 AM,40,CLEAR,DAYLIGHT,TURNING,NOT DIVIDED,NO CONTROLS,WEATHER,FOLLOWING TOO CLOSELY,0,0,2,2,3,1,1,641,ELSTON AVE,41.713748,-87.584302,01/10/2021 03:34:00 AM,2021
CR00036965,02/26/2018 07:45:00 AM,15,CLEAR,DAYLIGHT,REAR TO FRONT,NOT DIVIDED,UNKNOWN,FAILING TO YIELD RIGHT-OF-WAY,FAILING TO YIELD RIGHT-OF-WAY,0,1,1,2,7,2,2,759,CICERO AVE,41.967291,-87.687864,02/26/2018 08:02:00 AM,2018
CR00036966,06/25/2019 03:13:00 PM,35,CLEAR,DAYLIGHT,REAR END,ONE-WAY,STOP SIGN/FLASHER,FOLLOWING TOO CLOSELY,DISTRACTION - FROM INSIDE VEHICLE,0,0,1,1,15,3,6,1541,CICERO AVE,41.919857,-87.763763,06/25/2019 03:46:00 PM,2019
CR00036967,06/17/2024 09:32:00 AM,25,CLEAR,DAYLIGHT,SIDESWIPE SAME DIRECTION,DIVIDED - W/MEDIAN (NOT RAISED),TRAFFIC SIGNAL,DISTRACTION - FROM INSIDE VEHICLE,IMPROPER LANE USAGE,0,0,1,1,9,2,6,2016,HALSTED ST,41.865223,-87.838894,06/17/2024 10:09:00 AM,2024
CR00036968,07/19/2018 04:00:00 PM,40,CLEAR,DAYLIGHT,TURNING,DIVIDED - W/MEDIAN (NOT RAISED),TRAFFIC SIGNAL,FOLLOWING TOO CLOSELY,DRIVING SKILLS/KNOWLEDGE/EXPERIENCE,0,0,0,0,16,5,7,594,STONY ISLAND AVE,41.852528,-87.553577,07/19/2018 04:53:00 PM,2018
CR00036969,09/22/2018 06:26:00 PM,30,CLEAR,DAYLIGHT,SIDESWIPE SAME DIRECTION,NOT DIVIDED,TRAFFIC SIGNAL,DISREGARDING TRAFFIC SIGNALS,FOLLOWING TOO CLOSELY,0,0,0,0,18,7,9,505,DIVISION ST,41.900888,-87.733456,09/22/2018 06:40:00 PM,2018
CR00036970,07/15/2020 09:32:00 AM,45,CLEAR,DARKNESS - LIGHTED ROAD,FIXED OBJECT,ONE-WAY,TRAFFIC SIGNAL,FOLLOWING TOO CLOSELY,FAILING TO YIELD RIGHT-OF-WAY,0,0,0,0,9,4,7,1933,79TH ST,41.723826,-87.638676,07/15/2020 11:00:00 AM,2020
CR00036971,01/20/2016 04:23:00 PM,25,CLEAR,DARKNESS - LIGHTED ROAD,PARKED MOTOR VEHICLE,ONE-WAY,STOP SIGN/FLASHER,FAILING TO YIELD RIGHT-OF-WAY,IMPROPER LANE USAGE,0,0,0,0,16,4,1,493,WESTERN AVE,41.835241,-87.556428,01/20/2016 05:22:00 PM,2016
CR00036972,07/15/2016 09:12:00 PM,35,CLEAR,DARKNESS - LIGHTED ROAD,TURNING,FOUR WAY,NO CONTROLS,UNABLE TO DETERMINE,UNABLE TO DETERMINE,0,0,0,0,21,6,7,2436,47TH ST,41.84847,-87.518547,07/15/2016 10:02:00 PM,2016
CR00036973,02/17/2023 07:58:00 AM,30,CLEAR,DARKNESS - LIGHTED ROAD,REAR END,FOUR WAY,NO CONTROLS,FAILING TO YIELD RIGHT-OF-WAY,FOLLOWING TOO CLOSELY,0,0,0,0,7,6,2,2145,IRVING PARK RD,41.895741,-87.806381,02/17/2023 09:49:00 AM,2023
CR00036974,03/20/2023 08:38:00 PM,25,CLEAR,DARKNESS - LIGHTED ROAD,TURNING,NOT DIVIDED,STOP SIGN/FLASHER,DRIVING SKILLS/KNOWLEDGE/EXPERIENCE,FOLLOWING TOO CLOSELY,0,1,0,1,20,2,3,1902,ASHLAND AVE,41.755916,-87.762338,03/20/2023 10:29:00 PM,2023
CR00036975,12/23/2022 09:50:00 AM,15,CLEAR,DARKNESS,REAR TO FRONT,NOT DIVIDED,NO CONTROLS,FAILING TO YIELD RIGHT-OF-WAY,UNABLE TO DETERMINE,0,0,0,0,9,6,12,410,HALSTED ST,41.831928,-87.796405,12/23/2022 11:10:00 AM,2022
CR00036976,02/01/2020 04:03:00 PM,35,CLEAR,DAYLIGHT,FIXED OBJECT,ONE-WAY,NO CONTROLS,UNABLE TO DETERMINE,FAILING TO YIELD RIGHT-OF-WAY,0,0,0,0,16,7,2,1274,DAMEN AVE,41.719429,-87.714807,02/01/2020 05:31:00 PM,2020
CR00036977,06/21/2023 10:36:00 PM,35,CLEAR,DAYLIGHT,REAR TO FRONT,DIVIDED - W/MEDIAN BARRIER,NO CONTROLS,UNABLE TO DETERMINE,UNABLE TO DETERMINE,0,0,2,2,22,4,6,1363,DIVISION ST,41.808098,-87.588229,06/21/2023 11:24:00 PM,2023
CR00036978,03/31/2024 11:54:00 PM,45,CLEAR,DARKNESS - LIGHTED ROAD,TURNING,DIVIDED - W/MEDIAN (NOT RAISED),NO CONTROLS,UNABLE TO DETERMINE,IMPROPER OVERTAKING/PASSING,0,0,0,0,23,1,3,1044,IRVING PARK RD,41.812749,-87.653902,04/01/2024 01:52:00 AM,2024
CR00036979,06/11/2015 02:09:00 PM,35,CLEAR,DARKNESS - LIGHTED ROAD,TURNING,ONE-WAY,YIELD,UNABLE TO DETERMINE,NOT APPLICABLE,0,0,0,0,14,5,6,1168,MICHIGAN AVE,41.744378,-87.748445,06/11/2015 03:18:00 PM,2015
CR00036980,03/21/2018 12:48:00 AM,20,CLEAR,DAYLIGHT,ANGLE,ONE-WAY,NO CONTROLS,DISTRACTION - FROM INSIDE VEHICLE,DISTRACTION - FROM INSIDE VEHICLE,0,0,0,0,0,4,3,1250,IRVING PARK RD,41.816556,-87.576448,03/21/2018 02:10:00 AM,2018
CR00036981,09/26/2021 06:19:00 PM,20,CLEAR,DAYLIGHT,TURNING,DIVIDED - W/MEDIAN (NOT RAISED),TRAFFIC SIGNAL,UNABLE TO DETERMINE,IMPROPER LANE USAGE,0,0,0,0,18,1,9,1170,LAKE SHORE DR,41.755776,-87.548231,09/26/2021 06:39:00 PM,2021
CR00036982,02/20/2021 04:41:00 PM,25,CLEAR,DAYLIGHT,REAR END,ONE-WAY,TRAFFIC SIGNAL,DRIVING SKILLS/KNOWLEDGE/EXPERIENCE,IMPROPER OVERTAKING/PASSING,0,0,0,0,16,7,2,327,OGDEN AVE,41.826577,-87.561499,02/20/2021 05:23:00 PM,2021
CR00036983,11/11/2024 09:18:00 AM,30,CLEAR,DARKNESS - LIGHTED ROAD,REAR END,DIVIDED - W/MEDIAN BARRIER,NO CONTROLS,FOLLOWING TOO CLOSELY,NOT APPLICABLE,0,0,0,0,9,2,11,1461,ELSTON AVE,41.767213,-87.677138,11/11/2024 10:01:00 AM,2024
CR00036984,07/01/2015 06:26:00 PM,30,SNOW,DAYLIGHT,REAR END,NOT DIVIDED,NO CONTROLS,IMPROPER LANE USAGE,FOLLOWING TOO CLOSELY,0,0,0,0,18,4,7,526,ASHLAND AVE,41.937294,-87.566828,07/01/2015 07:39:00 PM,2015
CR00036985,11/03/2020 09:05:00 AM,35,RAIN,DAYLIGHT,REAR END,DIVIDED - W/MEDIAN BARRIER,TRAFFIC SIGNAL,DISREGARDING TRAFFIC SIGNALS,FOLLOWING TOO CLOSELY,0,0,0,0,9,3,11,199,ELSTON AVE,41.728977,-87.608826,11/03/2020 11:04:00 AM,2020
CR00036986,03/29/2024 07:23:00 AM,30,CLEAR,DAYLIGHT,PARKED MOTOR VEHICLE,FOUR WAY,NO CONTROLS,IMPROPER OVERTAKING/PASSING,FOLLOWING TOO CLOSELY,0,0,0,0,7,6,3,627,ROOSEVELT RD,41.982947,-87.665452,03/29/2024 07:59:00 AM,2024
CR00036987,06/08/2016 03:56:00 PM,30,FOG/SMOKE/HAZE,DARKNESS - LIGHTED ROAD,ANGLE,NOT DIVIDED,TRAFFIC SIGNAL,UNABLE TO DETERMINE,FAILING TO YIELD RIGHT-OF-WAY,0,0,0,0,15,4,6,2119,CALIFORNIA AVE,41.905123,-87.739377,06/08/2016 04:47:00 PM,2016
CR00036988,05/16/2017 07:21:00 PM,15,CLEAR,DAWN,REAR END,ONE-WAY,NO CONTROLS,UNABLE TO DETERMINE,FAILING TO YIELD RIGHT-OF-WAY,0,0,0,0,19,3,5,311,ASHLAND AVE,41.807252,-87.55623,05/16/2017 07:24:00 PM,2017
CR00036989,09/30/2018 10:30:00 AM,30,CLEAR,DAYLIGHT,TURNING,NOT DIVIDED,UNKNOWN,FAILING TO YIELD RIGHT-OF-WAY,UNABLE TO DETERMINE,0,0,0,0,10,1,9,2129,LAKE SHORE DR,41.776596,-87.672824,09/30/2018 11:22:00 AM,2018
CR00036990,06/02/2024 11:11:00 AM,25,CLEAR,DARKNESS - LIGHTED ROAD,REAR END,FOUR WAY,TRAFFIC SIGNAL,DISTRACTION - FROM INSIDE VEHICLE,IMPROPER OVERTAKING/PASSING,0,0,0,0,11,1,6,1965,47TH ST,41.837657,-87.645204,06/02/2024 01:11:00 PM,2024
CR00036991,01/09/2020 04:59:00 PM,30,SNOW,DAYLIGHT,FIXED OBJECT,DIVIDED - W/MEDIAN BARRIER,NO CONTROLS,FOLLOWING TOO CLOSELY,NOT APPLICABLE,0,0,0,0,16,5,1,2481,CLARK ST,41.82989,-87.593497,01/09/2020 06:40:00 PM,2020
CR00036992,09/07/2019 07:01:00 PM,30,SNOW,DAYLIGHT,REAR END,NOT DIVIDED,NO CONTROLS,UNABLE TO DETERMINE,FAILING TO REDUCE SPEED,0,0,0,0,19,7,9,1119,ROOSEVELT RD,41.912178,-87.712483,09/07/2019 08:38:00 PM,2019
CR00036993,04/06/2023 10:18:00 AM,15,CLEAR,DARKNESS - LIGHTED ROAD,TURNING,ONE-WAY,NO CONTROLS,DISTRACTION - FROM INSIDE VEHICLE,FOLLOWING TOO CLOSELY,0,0,0,0,10,5,4,902,MICHIGAN AVE,41.989769,-87.606301,04/06/2023 11:14:00 AM,2023
CR00036994,02/06/2018 07:35:00 AM,45,RAIN,DAYLIGHT,REAR END,NOT DIVIDED,STOP SIGN/FLASHER,UNABLE TO DETERMINE,FAILING TO REDUCE SPEED,0,0,0,0,7,3,2,174,DAMEN AVE,41.825947,-87.767211,02/06/2018 09:29:00 AM,2018
CR00036995,10/19/2015 02:57:00 AM,30,SNOW,DAYLIGHT,REAR END,FOUR WAY,NO CONTROLS,DISREGARDING TRAFFIC SIGNALS,UNABLE TO DETERMINE,0,0,0,0,2,2,10,1840,FULLERTON AVE,41.827586,-87.59277,10/19/2015 03:02:00 AM,2015
CR00036996,03/15/2024 03:16:00 PM,30,CLEAR,DAYLIGHT,REAR TO FRONT,ONE-WAY,NO CONTROLS,FOLLOWING TOO CLOSELY,UNABLE TO DETERMINE,0,0,0,0,15,6,3,1552,WESTERN AVE,41.835687,-87.798963,03/15/2024 04:06:00 PM,2024
CR00036997,01/23/2023 08:42:00 PM,35,CLOUDY/OVERCAST,DAYLIGHT,TURNING,DIVIDED - W/MEDIAN BARRIER,UNKNOWN,FOLLOWING TOO CLOSELY,UNABLE TO DETERMINE,0,0,0,0,20,2,1,2389,CLARK ST,41.796961,-87.529222,01/23/2023 09:23:00 PM,2023
CR00036998,03/02/2015 05:52:00 PM,25,CLEAR,DAYLIGHT,REAR TO FRONT,NOT DIVIDED,NO CONTROLS,FAILING TO YIELD RIGHT-OF-WAY,DISREGARDING TRAFFIC SIGNALS,0,0,0,0,17,2,3,2286,DIVISION ST,41.836373,-87.594816,03/02/2015 06:39:00 PM,2015
CR00036999,09/19/2018 04:34:00 PM,25,CLEAR,DAYLIGHT,REAR END,ONE-WAY,TRAFFIC SIGNAL,DISREGARDING TRAFFIC SIGNALS,DISTRACTION - FROM INSIDE VEHICLE,0,1,1,2,16,4,9,1210,MICHIGAN AVE,41.813384,-87.781208,09/19/2018 06:25:00 PM,2018
CR00037000,01/20/2019 02:46:00 PM,35,CLEAR,DAYLIGHT,ANGLE,NOT DIVIDED,TRAFFIC SIGNAL,DISTRACTION - FROM INSIDE VEHICLE,NOT APPLICABLE,0,0,1,1,14,1,1,792,ELSTON AVE,41.741877,-87.669018,01/20/2019 02:55:00 PM,2019
CR00037001,01/23/2015 08:00:00 AM,30,CLEAR,DAYLIGHT,REAR END,NOT DIVIDED,NO CONTROLS,FAILING TO REDUCE SPEED,DISTRACTION - FROM INSIDE VEHICLE,0,0,0,0,8,6,1,255,BROADWAY,41.93157,-87.769733,01/23/2015 09:48:00 AM,2015
CR00037002,02/27/2020 12:51:00 PM,35,CLEAR,DAYLIGHT,ANGLE,NOT DIVIDED,TRAFFIC SIGNAL,UNABLE TO DETERMINE,FAILING TO YIELD RIGHT-OF-WAY,0,0,1,1,12,5,2,310,WESTERN AVE,41.757416,-87.809195,02/27/2020 02:40:00 PM,2020
CR00037003,04/15/2019 06:16:00 PM,25,CLEAR,DARKNESS,PEDESTRIAN,NOT DIVIDED,TRAFFIC SIGNAL,UNABLE TO DETERMINE,UNABLE TO DETERMINE,0,0,0,0,18,2,4,1158,CLARK ST,41.945599,-87.539101,04/15/2019 07:44:00 PM,2019
CR00037004,03/16/2021 08:17:00 AM,30,CLEAR,DAYLIGHT,FIXED OBJECT,DIVIDED - W/MEDIAN (NOT RAISED),STOP SIGN/FLASHER,FOLLOWING TOO CLOSELY,UNABLE TO DETERMINE,0,0,1,1,8,3,3,1235,MILWAUKEE AVE,41.921272,-87.828205,03/16/2021 08:58:00 AM,2021
CR00037005,05/10/2021 06:59:00 PM,15,CLEAR,DAYLIGHT,ANGLE,DIVIDED - W/MEDIAN BARRIER,STOP SIGN/FLASHER,IMPROPER LANE USAGE,IMPROPER LANE USAGE,0,0,0,0,18,2,5,656,CALIFORNIA AVE,41.731246,-87.595492,05/10/2021 07:42:00 PM,2021
CR00037006,11/18/2024 12:00:00 PM,40,CLEAR,DAYLIGHT,ANGLE,DIVIDED - W/MEDIAN (NOT RAISED),NO CONTROLS,IMPROPER OVERTAKING/PASSING,NOT APPLICABLE,0,0,1,1,12,2,11,1673,ARCHER AVE,41.944541,-87.701647,11/18/2024 01:03:00 PM,2024
CR00037007,02/20/2023 01:54:00 PM,20,RAIN,DAYLIGHT,REAR END,DIVIDED - W/MEDIAN BARRIER,STOP SIGN/FLASHER,UNABLE TO DETERMINE,FOLLOWING TOO CLOSELY,0,0,0,0,13,2,2,1538,47TH ST,41.932476,-87.575247,02/20/2023 01:56:00 PM,2023
CR00037008,02/16/2021 04:11:00 PM,30,CLOUDY/OVERCAST,DAYLIGHT,TURNING,DIVIDED - W/MEDIAN (NOT RAISED),NO CONTROLS,FOLLOWING TOO CLOSELY,DISTRACTION - FROM INSIDE VEHICLE,0,0,0,0,16,3,2,1008,63RD ST,41.827237,-87.817765,02/16/2021 05:01:00 PM,2021
CR00037009,03/17/2017 12:49:00 PM,40,CLEAR,DAYLIGHT,SIDESWIPE SAME DIRECTION,DIVIDED - W/MEDIAN (NOT RAISED),TRAFFIC SIGNAL,IMPROPER LANE USAGE,UNABLE TO DETERMINE,0,0,0,0,12,6,3,2411,STATE ST,41.998088,-87.764072,03/17/2017 02:33:00 PM,2017
CR00037010,10/12/2020 03:34:00 PM,25,CLEAR,DAYLIGHT,TURNING,ONE-WAY,TRAFFIC SIGNAL,DISTRACTION - FROM INSIDE VEHICLE,DISREGARDING TRAFFIC SIGNALS,0,0,0,0,15,2,10,213,ELSTON AVE,41.770479,-87.717619,10/12/2020 04:53:00 PM,2020
CR00037011,02/27/2018 08:33:00 AM,35,CLEAR,DARKNESS - LIGHTED ROAD,REAR TO FRONT,NOT DIVIDED,NO CONTROLS,DISREGARDING TRAFFIC SIGNALS,FAILING TO REDUCE SPEED,0,0,2,2,8,3,2,1377,PULASKI RD,41.839726,-87.625637,02/27/2018 08:45:00 AM,2018
CR00037012,04/26/2017 06:24:00 PM,15,CLEAR,DARKNESS - LIGHTED ROAD,REAR END,DIVIDED - W/MEDIAN (NOT RAISED),STOP SIGN/FLASHER,UNABLE TO DETERMINE,DISTRACTION - FROM INSIDE VEHICLE,0,0,0,0,18,4,4,1913,CICERO AVE,41.756657,-87.543531,04/26/2017 07:53:00 PM,2017
CR00037013,04/09/2017 01:09:00 PM,35,RAIN,DAYLIGHT,TURNING,ONE-WAY,NO CONTROLS,DISREGARDING TRAFFIC SIGNALS,FAILING TO YIELD RIGHT-OF-WAY,0,2,1,3,13,1,4,1464,ELSTON AVE,41.976886,-87.512747,04/09/2017 01:54:00 PM,2017
CR00037014,03/13/2023 03:59:00 PM,30,CLEAR,DARKNESS - LIGHTED ROAD,TURNING,T-INTERSECTION,NO CONTROLS,FAILING TO REDUCE SPEED,UNABLE TO DETERMINE,0,0,0,0,15,2,3,654,HALSTED ST,41.905536,-87.841296,03/13/2023 05:33:00 PM,2023
CR00037015,08/09/2015 07:49:00 PM,25,CLEAR,DARKNESS - LIGHTED ROAD,ANGLE,NOT DIVIDED,STOP SIGN/FLASHER,DRIVING SKILLS/KNOWLEDGE/EXPERIENCE,UNABLE TO DETERMINE,0,0,0,0,19,1,8,1380,ARCHER AVE,41.862579,-87.736645,08/09/2015 07:53:00 PM,2015
CR00037016,07/10/2022 07:31:00 PM,30,CLEAR,DARKNESS - LIGHTED ROAD,FIXED OBJECT,NOT DIVIDED,NO CONTROLS,UNABLE TO DETERMINE,FAILING TO YIELD RIGHT-OF-WAY,0,0,0,0,19,1,7,144,HALSTED ST,41.986228,-87.613031,07/10/2022 07:39:00 PM,2022
CR00037017,07/23/2021 08:22:00 PM,30,RAIN,DARKNESS - LIGHTED ROAD,ANGLE,DIVIDED - W/MEDIAN (NOT RAISED),NO CONTROLS,UNABLE TO DETERMINE,DISREGARDING TRAFFIC SIGNALS,0,0,0,0,20,6,7,210,MICHIGAN AVE,41.905912,-87.790559,07/23/2021 08:26:00 PM,2021
CR00037018,02/14/2023 09:44:00 AM,30,CLOUDY/OVERCAST,DAYLIGHT,TURNING,DIVIDED - W/MEDIAN (NOT RAISED),TRAFFIC SIGNAL,FAILING TO YIELD RIGHT-OF-WAY,IMPROPER LANE USAGE,0,0,3,3,9,3,2,1253,IRVING PARK RD,41.979743,-87.752383,02/14/2023 09:51:00 AM,2023
CR00037019,01/11/2021 01:16:00 AM,35,CLEAR,DAYLIGHT,REAR END,ONE-WAY,NO CONTROLS,UNABLE TO DETERMINE,IMPROPER LANE USAGE,0,0,0,0,1,2,1,2342,MILWAUKEE AVE,41.796899,-87.693335,01/11/2021 02:16:00 AM,2021
CR00037020,12/01/2016 01:03:00 PM,30,CLOUDY/OVERCAST,DARKNESS - LIGHTED ROAD,SIDESWIPE SAME DIRECTION,NOT DIVIDED,TRAFFIC SIGNAL,UNABLE TO DETERMINE,UNABLE TO DETERMINE,0,0,0,0,13,5,12,1416,DAMEN AVE,41.966895,-87.806233,12/01/2016 02:13:00 PM,2016
CR00037021,06/25/2019 08:10:00 AM,30,CLEAR,DAYLIGHT,REAR TO FRONT,NOT DIVIDED,NO CONTROLS,UNABLE TO DETERMINE,FOLLOWING TOO CLOSELY,0,0,1,1,8,3,6,1922,STATE ST,41.871651,-87.705946,06/25/2019 08:58:00 AM,2019
CR00037022,12/14/2018 09:54:00 AM,30,CLEAR,DARKNESS - LIGHTED ROAD,PARKED MOTOR VEHICLE,FOUR WAY,STOP SIGN/FLASHER,FAILING TO YIELD RIGHT-OF-WAY,FAILING TO REDUCE SPEED,0,0,0,0,9,6,12,1641,BROADWAY,41.727739,-87.711901,12/14/2018 11:44:00 AM,2018
CR00037023,12/08/2023 12:31:00 AM,40,RAIN,DAWN,FIXED OBJECT,DIVIDED - W/MEDIAN (NOT RAISED),NO CONTROLS,IMPROPER OVERTAKING/PASSING,FOLLOWING TOO CLOSELY,0,0,0,0,0,6,12,1477,MILWAUKEE AVE,41.972859,-87.749548,12/08/2023 02:10:00 AM,2023
CR00037024,08/01/2022 01:35:00 PM,15,RAIN,DARKNESS,REAR END,T-INTERSECTION,NO CONTROLS,DRIVING SKILLS/KNOWLEDGE/EXPERIENCE,FOLLOWING TOO CLOSELY,0,0,0,0,13,2,8,1158,ASHLAND AVE,41.771384,-87.635079,08/01/2022 03:16:00 PM,2022
CR00037025,11/30/2016 11:42:00 PM,30,RAIN,DAYLIGHT,TURNING,T-INTERSECTION,NO CONTROLS,WEATHER,NOT APPLICABLE,0,0,0,0,23,4,11,151,IRVING PARK RD,41.731911,-87.59619,12/01/2016 01:22:00 AM,2016
CR00037026,10/05/2016 05:13:00 PM,30,CLEAR,DARKNESS - LIGHTED ROAD,ANGLE,NOT DIVIDED,TRAFFIC SIGNAL,IMPROPER LANE USAGE,DRIVING SKILLS/KNOWLEDGE/EXPERIENCE,0,0,2,2,17,4,10,1371,47TH ST,41.715724,-87.504141,10/05/2016 06:26:00 PM,2016
CR00037027,11/15/2015 11:54:00 PM,45,CLEAR,DAYLIGHT,ANGLE,NOT DIVIDED,NO CONTROLS,IMPROPER OVERTAKING/PASSING,UNABLE TO DETERMINE,0,0,0,0,23,1,11,331,KEDZIE AVE,41.927225,-87.846344,11/16/2015 12:43:00 AM,2015
CR00037028,09/12/2024 09:49:00 AM,20,CLEAR,DAYLIGHT,PEDESTRIAN,T-INTERSECTION,TRAFFIC SIGNAL,DISTRACTION - FROM INSIDE VEHICLE,NOT APPLICABLE,0,0,2,2,9,5,9,1037,FULLERTON AVE,41.998366,-87.617855,09/12/2024 10:52:00 AM,2024
CR00037029,07/26/2024 01:55:00 AM,30,CLEAR,DAYLIGHT,PARKED MOTOR VEHICLE,DIVIDED - W/MEDIAN BARRIER,TRAFFIC SIGNAL,FOLLOWING TOO CLOSELY,UNABLE TO DETERMINE,0,0,0,0,1,6,7,1814,MICHIGAN AVE,41.860083,-87.815989,07/26/2024 02:55:00 AM,2024
CR00037030,09/07/2015 12:02:00 AM,45,CLEAR,DAYLIGHT,PARKED MOTOR VEHICLE,NOT DIVIDED,TRAFFIC SIGNAL,DISTRACTION - FROM INSIDE VEHICLE,UNABLE TO DETERMINE,0,1,2,3,0,2,9,2181,ARCHER AVE,41.944033,-87.574715,09/07/2015 01:14:00 AM,2015
CR00037031,05/04/2022 04:06:00 PM,15,CLEAR,DUSK,TURNING,DIVIDED - W/MEDIAN (NOT RAISED),NO CONTROLS,UNABLE TO DETERMINE,UNABLE TO DETERMINE,0,0,0,0,16,4,5,1260,ARCHER AVE,41.972899,-87.520791,05/04/2022 04:34:00 PM,2022
CR00037032,01/21/2024 09:50:00 AM,25,CLEAR,DAYLIGHT,REAR END,NOT DIVIDED,TRAFFIC SIGNAL,DRIVING SKILLS/KNOWLEDGE/EXPERIENCE,IMPROPER LANE USAGE,0,0,0,0,9,1,1,304,47TH ST,41.907031,-87.596741,01/21/2024 11:25:00 AM,2024
CR00037033,11/21/2020 08:51:00 AM,15,CLEAR,DAYLIGHT,PARKED MOTOR VEHICLE,NOT DIVIDED,STOP SIGN/FLASHER,DRIVING SKILLS/KNOWLEDGE/EXPERIENCE,FAILING TO YIELD RIGHT-OF-WAY,0,0,0,0,8,7,11,160,CICERO AVE,41.924758,-87.839039,11/21/2020 09:10:00 AM,2020
CR00037034,07/04/2023 01:15:00 PM,15,RAIN,DAYLIGHT,SIDESWIPE SAME DIRECTION,NOT DIVIDED,NO CONTROLS,DISREGARDING TRAFFIC SIGNALS,FAILING TO YIELD RIGHT-OF-WAY,0,0,0,0,13,3,7,763,FULLERTON AVE,41.722053,-87.566404,07/04/2023 03:09:00 PM,2023
CR00037035,08/10/2020 03:19:00 PM,25,CLEAR,DAYLIGHT,REAR END,DIVIDED - W/MEDIAN (NOT RAISED),TRAFFIC SIGNAL,DRIVING SKILLS/KNOWLEDGE/EXPERIENCE,FOLLOWING TOO CLOSELY,0,0,0,0,15,2,8,559,BROADWAY,41.806575,-87.842496,08/10/2020 03:36:00 PM,2020
CR00037036,08/15/2019 03:54:00 PM,15,CLEAR,DAYLIGHT,REAR END,ONE-WAY,TRAFFIC SIGNAL,UNABLE TO DETERMINE,UNABLE TO DETERMINE,0,0,1,1,15,5,8,1493,IRVING PARK RD,41.982073,-87.661756,08/15/2019 05:20:00 PM,2019
CR00037037,10/19/2015 08:44:00 PM,30,CLEAR,DARKNESS - LIGHTED ROAD,TURNING,FOUR WAY,TRAFFIC SIGNAL,WEATHER,IMPROPER LANE USAGE,0,0,1,1,20,2,10,1310,ROOSEVELT RD,41.798427,-87.804448,10/19/2015 09:19:00 PM,2015
CR00037038,12/23/2016 12:13:00 AM,15,CLEAR,DAYLIGHT,REAR END,NOT DIVIDED,TRAFFIC SIGNAL,UNABLE TO DETERMINE,UNABLE TO DETERMINE,0,0,0,0,0,6,12,1546,FULLERTON AVE,41.792492,-87.768505,12/23/2016 12:54:00 AM,2016