CRASH_RECORD_ID,CRASH_DATE,POSTED_SPEED_LIMIT,WEATHER_CONDITION,LIGHTING_CONDITION,FIRST_CRASH_TYPE,TRAFFICWAY_TYPE,TRAFFIC_CONTROL_DEVICE,PRIM_CONTRIBUTORY_CAUSE,SEC_CONTRIBUTORY_CAUSE,INJURIES_FATAL,INJURIES_INCAPACITATING,INJURIES_NON_INCAPACITATING,INJURIES_TOTAL,CRASH_HOUR,CRASH_DAY_OF_WEEK,CRASH_MONTH,BEAT_OF_OCCURRENCE,STREET_NAME,LATITUDE,LONGITUDE,DATE_POLICE_NOTIFIED,year
CR00037039,09/07/2023 05:06:00 PM,25,CLOUDY/OVERCAST,DAYLIGHT,REAR TO FRONT,FOUR WAY,STOP SIGN/FLASHER,DISTRACTION - FROM INSIDE VEHICLE,UNABLE TO DETERMINE,0,0,1,1,17,5,9,474,ARCHER AVE,41.821102,-87.77808,09/07/2023 06:59:00 PM,2023
CR00037040,07/23/2018 08:12:00 PM,15,CLEAR,DUSK,SIDESWIPE SAME DIRECTION,FOUR WAY,TRAFFIC SIGNAL,UNABLE TO DETERMINE,DISREGARDING TRAFFIC SIGNALS,0,0,0,0,20,2,7,588,IRVING PARK RD,41.878704,-87.622068,07/23/2018 09:02:00 PM,2018
CR00037041,07/12/2015 06:15:00 PM,35,CLEAR,DARKNESS,SIDESWIPE SAME DIRECTION,DIVIDED - W/MEDIAN BARRIER,TRAFFIC SIGNAL,DISTRACTION - FROM INSIDE VEHICLE,FOLLOWING TOO CLOSELY,0,0,0,0,18,1,7,1555,47TH ST,41.746043,-87.833419,07/12/2015 07:40:00 PM,2015
CR00037042,05/22/2020 07:46:00 AM,30,CLEAR,DAYLIGHT,TURNING,DIVIDED - W/MEDIAN BARRIER,NO CONTROLS,DRIVING SKILLS/KNOWLEDGE/EXPERIENCE,UNABLE TO DETERMINE,0,0,0,0,7,6,5,803,PULASKI RD,41.890391,-87.723232,05/22/2020 09:22:00 AM,2020
CR00037043,04/16/2023 05:36:00 PM,35,CLEAR,DAYLIGHT,TURNING,NOT DIVIDED,NO CONTROLS,DISREGARDING TRAFFIC SIGNALS,UNABLE TO DETERMINE,0,0,1,1,17,1,4,175,MILWAUKEE AVE,41.71551,-87.597945,04/16/2023 07:27:00 PM,2023
CR00037044,07/19/2019 03:45:00 PM,35,CLOUDY/OVERCAST,DARKNESS - LIGHTED ROAD,TURNING,DIVIDED - W/MEDIAN (NOT RAISED),STOP SIGN/FLASHER,FAILING TO YIELD RIGHT-OF-WAY,UNABLE TO DETERMINE,0,0,0,0,15,6,7,657,LAKE SHORE DR,41.916934,-87.625438,07/19/2019 03:47:00 PM,2019
CR00037045,02/15/2019 07:10:00 AM,15,CLEAR,DAYLIGHT,REAR TO FRONT,DIVIDED - W/MEDIAN (NOT RAISED),TRAFFIC SIGNAL,FOLLOWING TOO CLOSELY,NOT APPLICABLE,0,0,0,0,7,6,2,216,CLARK ST,41.80458,-87.583495,02/15/2019 08:12:00 AM,2019
CR00037046,12/10/2018 05:37:00 PM,30,RAIN,DAYLIGHT,PEDESTRIAN,NOT DIVIDED,NO CONTROLS,IMPROPER OVERTAKING/PASSING,FAILING TO REDUCE SPEED,0,0,0,0,17,2,12,1034,ARCHER AVE,41.770918,-87.605758,12/10/2018 06:50:00 PM,2018
CR00037047,03/11/2016 09:11:00 AM,20,CLOUDY/OVERCAST,DUSK,REAR END,DIVIDED - W/MEDIAN (NOT RAISED),TRAFFIC SIGNAL,FOLLOWING TOO CLOSELY,UNABLE TO DETERMINE,0,0,0,0,9,6,3,1687,ELSTON AVE,41.808292,-87.633668,03/11/2016 09:36:00 AM,2016
CR00037048,06/02/2022 07:18:00 AM,45,CLEAR,DARKNESS - LIGHTED ROAD,PARKED MOTOR VEHICLE,T-INTERSECTION,TRAFFIC SIGNAL,UNABLE TO DETERMINE,UNABLE TO DETERMINE,0,1,1,2,7,5,6,1986,STONY ISLAND AVE,41.742773,-87.612691,06/02/2022 09:08:00 AM,2022
CR00037049,06/29/2016 02:50:00 AM,30,CLEAR,DAYLIGHT,ANGLE,DIVIDED - W/MEDIAN (NOT RAISED),NO CONTROLS,UNABLE TO DETERMINE,NOT APPLICABLE,0,0,0,0,2,4,6,453,FULLERTON AVE,41.894584,-87.811107,06/29/2016 03:18:00 AM,2016
CR00037050,05/10/2023 09:47:00 AM,25,RAIN,DAYLIGHT,REAR END,NOT DIVIDED,NO CONTROLS,UNABLE TO DETERMINE,UNABLE TO DETERMINE,0,0,0,0,9,4,5,2297,79TH ST,41.818685,-87.744027,05/10/2023 11:05:00 AM,2023
CR00037051,01/18/2024 11:57:00 AM,15,CLEAR,DAYLIGHT,PARKED MOTOR VEHICLE,ONE-WAY,NO CONTROLS,FAILING TO YIELD RIGHT-OF-WAY,DISTRACTION - FROM INSIDE VEHICLE,0,0,1,1,11,5,1,1284,ELSTON AVE,41.836973,-87.546951,01/18/2024 12:37:00 PM,2024
CR00037052,12/06/2015 12:22:00 PM,45,CLEAR,DAYLIGHT,REAR END,NOT DIVIDED,TRAFFIC SIGNAL,UNABLE TO DETERMINE,DRIVING SKILLS/KNOWLEDGE/EXPERIENCE,0,0,0,0,12,1,12,685,MILWAUKEE AVE,41.823586,-87.833168,12/06/2015 12:46:00 PM,2015
CR00037053,03/27/2018 01:06:00 PM,45,CLEAR,DAYLIGHT,ANGLE,ONE-WAY,UNKNOWN,DISTRACTION - FROM INSIDE VEHICLE,UNABLE TO DETERMINE,0,0,1,1,13,3,3,1235,CICERO AVE,41.739145,-87.706496,03/27/2018 02:25:00 PM,2018
CR00037054,10/28/2017 10:49:00 AM,30,SNOW,DAYLIGHT,REAR END,FOUR WAY,TRAFFIC SIGNAL,FOLLOWING TOO CLOSELY,WEATHER,0,0,0,0,10,7,10,1702,KEDZIE AVE,41.738454,-87.815015,10/28/2017 11:47:00 AM,2017
CR00037055,09/11/2020 03:53:00 AM,30,CLEAR,DAYLIGHT,PARKED MOTOR VEHICLE,NOT DIVIDED,TRAFFIC SIGNAL,DISREGARDING TRAFFIC SIGNALS,IMPROPER OVERTAKING/PASSING,0,0,0,0,3,6,9,458,BROADWAY,41.816037,-87.550707,09/11/2020 05:21:00 AM,2020
CR00037056,04/19/2018 10:49:00 PM,20,CLEAR,DUSK,REAR END,DIVIDED - W/MEDIAN (NOT RAISED),STOP SIGN/FLASHER,IMPROPER LANE USAGE,FAILING TO YIELD RIGHT-OF-WAY,0,0,0,0,22,5,4,617,ROOSEVELT RD,41.713538,-87.76341,04/19/2018 11:35:00 PM,2018
CR00037057,09/19/2020 09:13:00 PM,35,CLOUDY/OVERCAST,DAYLIGHT,REAR TO FRONT,ONE-WAY,NO CONTROLS,FOLLOWING TOO CLOSELY,DRIVING SKILLS/KNOWLEDGE/EXPERIENCE,0,0,0,0,21,7,9,642,MICHIGAN AVE,41.955518,-87.623435,09/19/2020 09:59:00 PM,2020
CR00037058,12/17/2017 03:35:00 PM,15,CLEAR,DARKNESS - LIGHTED ROAD,PARKED MOTOR VEHICLE,FOUR WAY,NO CONTROLS,DISREGARDING TRAFFIC SIGNALS,UNABLE TO DETERMINE,0,0,2,2,15,1,12,715,OGDEN AVE,41.985896,-87.693994,12/17/2017 04:05:00 PM,2017
CR00037059,06/30/2022 08:30:00 PM,40,CLOUDY/OVERCAST,DARKNESS - LIGHTED ROAD,ANGLE,DIVIDED - W/MEDIAN BARRIER,TRAFFIC SIGNAL,UNABLE TO DETERMINE,FAILING TO YIELD RIGHT-OF-WAY,0,0,0,0,20,5,6,1747,ROOSEVELT RD,41.874011,-87.589714,06/30/2022 10:09:00 PM,2022
CR00037060,08/25/2016 10:51:00 AM,35,CLEAR,DUSK,TURNING,DIVIDED - W/MEDIAN (NOT RAISED),NO CONTROLS,UNABLE TO DETERMINE,FOLLOWING TOO CLOSELY,0,0,0,0,10,5,8,2209,PULASKI RD,41.742548,-87.651701,08/25/2016 12:22:00 PM,2016
CR00037061,06/22/2015 12:10:00 PM,30,CLEAR,DUSK,TURNING,DIVIDED - W/MEDIAN (NOT RAISED),NO CONTROLS,FOLLOWING TOO CLOSELY,NOT APPLICABLE,0,0,0,0,12,2,6,1378,MICHIGAN AVE,41.786606,-87.615652,06/22/2015 02:00:00 PM,2015
CR00037062,03/14/2019 03:13:00 PM,35,CLEAR,DAYLIGHT,REAR END,DIVIDED - W/MEDIAN BARRIER,UNKNOWN,UNABLE TO DETERMINE,FOLLOWING TOO CLOSELY,0,0,1,1,15,5,3,664,47TH ST,41.806776,-87.650772,03/14/2019 04:01:00 PM,2019
CR00037063,12/10/2018 04:36:00 AM,15,CLEAR,DAWN,SIDESWIPE SAME DIRECTION,DIVIDED - W/MEDIAN BARRIER,STOP SIGN/FLASHER,FOLLOWING TOO CLOSELY,UNABLE TO DETERMINE,0,0,2,2,4,2,12,261,STONY ISLAND AVE,41.729766,-87.629781,12/10/2018 05:59:00 AM,2018
CR00037064,05/11/2016 08:02:00 AM,30,CLEAR,DARKNESS - LIGHTED ROAD,REAR END,NOT DIVIDED,YIELD,IMPROPER LANE USAGE,NOT APPLICABLE,0,0,0,0,8,4,5,1035,FULLERTON AVE,41.777008,-87.59844,05/11/2016 09:42:00 AM,2016
CR00037065,01/04/2017 02:03:00 PM,30,CLEAR,DARKNESS - LIGHTED ROAD,PARKED MOTOR VEHICLE,DIVIDED - W/MEDIAN BARRIER,PEDESTRIAN CROSSING SIGN,IMPROPER LANE USAGE,UNABLE TO DETERMINE,0,0,0,0,14,4,1,716,ELSTON AVE,41.834813,-87.812063,01/04/2017 03:51:00 PM,2017
CR00037066,07/13/2022 03:48:00 PM,40,CLEAR,DAWN,REAR END,NOT DIVIDED,NO CONTROLS,UNABLE TO DETERMINE,UNABLE TO DETERMINE,0,0,0,0,15,4,7,1308,FULLERTON AVE,41.764815,-87.631389,07/13/2022 04:59:00 PM,2022
CR00037067,09/03/2016 06:27:00 PM,35,CLEAR,DAYLIGHT,REAR TO FRONT,DIVIDED - W/MEDIAN BARRIER,NO CONTROLS,FAILING TO YIELD RIGHT-OF-WAY,DISREGARDING TRAFFIC SIGNALS,0,0,0,0,18,7,9,1052,CICERO AVE,41.834609,-87.625852,09/03/2016 06:38:00 PM,2016
CR00037068,12/16/2023 04:41:00 AM,40,CLOUDY/OVERCAST,DAYLIGHT,SIDESWIPE SAME DIRECTION,NOT DIVIDED,STOP SIGN/FLASHER,UNABLE TO DETERMINE,FOLLOWING TOO CLOSELY,0,0,0,0,4,7,12,526,63RD ST,41.955754,-87.825518,12/16/2023 05:26:00 AM,2023
CR00037069,07/01/2022 06:12:00 AM,30,RAIN,DAYLIGHT,SIDESWIPE SAME DIRECTION,ONE-WAY,NO CONTROLS,DISREGARDING TRAFFIC SIGNALS,UNABLE TO DETERMINE,0,0,0,0,6,6,7,1379,MILWAUKEE AVE,41.857279,-87.638762,07/01/2022 07:01:00 AM,2022
CR00037070,02/07/2023 02:25:00 PM,30,CLEAR,DAYLIGHT,TURNING,FOUR WAY,TRAFFIC SIGNAL,UNABLE TO DETERMINE,DRIVING SKILLS/KNOWLEDGE/EXPERIENCE,0,0,0,0,14,3,2,1352,LAKE SHORE DR,41.786755,-87.816096,02/07/2023 04:14:00 PM,2023
CR00037071,03/21/2015 05:13:00 PM,40,RAIN,DARKNESS - LIGHTED ROAD,REAR END,DIVIDED - W/MEDIAN (NOT RAISED),TRAFFIC SIGNAL,UNABLE TO DETERMINE,FOLLOWING TOO CLOSELY,0,0,0,0,17,7,3,2081,DIVISION ST,41.740529,-87.592171,03/21/2015 05:22:00 PM,2015
CR00037072,11/08/2017 03:16:00 PM,25,CLEAR,DARKNESS,REAR END,NOT DIVIDED,STOP SIGN/FLASHER,FAILING TO YIELD RIGHT-OF-WAY,NOT APPLICABLE,0,0,1,1,15,4,11,1772,ELSTON AVE,41.836748,-87.614199,11/08/2017 05:10:00 PM,2017
CR00037073,03/26/2021 11:09:00 PM,25,CLEAR,DARKNESS - LIGHTED ROAD,TURNING,NOT DIVIDED,TRAFFIC SIGNAL,FOLLOWING TOO CLOSELY,DISTRACTION - FROM INSIDE VEHICLE,0,0,0,0,23,6,3,2209,LAKE SHORE DR,41.739825,-87.78391,03/27/2021 12:11:00 AM,2021
CR00037074,02/07/2021 09:18:00 PM,35,RAIN,DAYLIGHT,PEDESTRIAN,NOT DIVIDED,NO CONTROLS,DISTRACTION - FROM INSIDE VEHICLE,FAILING TO YIELD RIGHT-OF-WAY,0,0,0,0,21,1,2,685,63RD ST,41.923999,-87.629702,02/07/2021 10:01:00 PM,2021
CR00037075,03/19/2015 06:12:00 PM,35,CLEAR,DAYLIGHT,FIXED OBJECT,FOUR WAY,UNKNOWN,UNABLE TO DETERMINE,NOT APPLICABLE,0,0,3,3,18,5,3,2026,STONY ISLAND AVE,41.723838,-87.840998,03/19/2015 07:53:00 PM,2015
CR00037076,09/20/2023 02:47:00 PM,35,CLEAR,DARKNESS - LIGHTED ROAD,REAR END,NOT DIVIDED,NO CONTROLS,DISREGARDING TRAFFIC SIGNALS,UNABLE TO DETERMINE,0,0,0,0,14,4,9,1739,ELSTON AVE,41.746781,-87.539902,09/20/2023 04:23:00 PM,2023
CR00037077,10/09/2022 01:47:00 PM,30,RAIN,DAYLIGHT,REAR END,NOT DIVIDED,NO CONTROLS,FAILING TO REDUCE SPEED,FAILING TO YIELD RIGHT-OF-WAY,0,0,0,0,13,1,10,146,STATE ST,41.839196,-87.810354,10/09/2022 03:06:00 PM,2022
CR00037078,12/20/2020 08:43:00 PM,15,CLEAR,DARKNESS - LIGHTED ROAD,REAR END,NOT DIVIDED,TRAFFIC SIGNAL,FOLLOWING TOO CLOSELY,IMPROPER OVERTAKING/PASSING,0,0,0,0,20,1,12,373,79TH ST,41.832616,-87.669396,12/20/2020 08:54:00 PM,2020
CR00037079,04/23/2020 04:14:00 AM,20,CLOUDY/OVERCAST,DARKNESS - LIGHTED ROAD,TURNING,DIVIDED - W/MEDIAN BARRIER,STOP SIGN/FLASHER,IMPROPER LANE USAGE,DISTRACTION - FROM INSIDE VEHICLE,0,0,0,0,4,5,4,875,DIVISION ST,41.813766,-87.749582,04/23/2020 06:13:00 AM,2020
CR00037080,01/14/2023 05:26:00 PM,35,RAIN,DAYLIGHT,TURNING,DIVIDED - W/MEDIAN (NOT RAISED),STOP SIGN/FLASHER,DISTRACTION - FROM INSIDE VEHICLE,UNABLE TO DETERMINE,0,0,0,0,17,7,1,1849,STATE ST,41.770206,-87.773273,01/14/2023 07:02:00 PM,2023
CR00037081,10/25/2016 07:32:00 AM,45,RAIN,DARKNESS - LIGHTED ROAD,PARKED MOTOR VEHICLE,DIVIDED - W/MEDIAN BARRIER,TRAFFIC SIGNAL,UNABLE TO DETERMINE,IMPROPER LANE USAGE,0,0,0,0,7,3,10,2527,FULLERTON AVE,41.809756,-87.729953,10/25/2016 07:47:00 AM,2016
CR00037082,03/07/2017 12:55:00 PM,15,CLEAR,DAYLIGHT,REAR END,ONE-WAY,NO CONTROLS,FOLLOWING TOO CLOSELY,IMPROPER OVERTAKING/PASSING,0,0,0,0,12,3,3,2473,47TH ST,41.705073,-87.563382,03/07/2017 01:07:00 PM,2017
CR00037083,10/31/2021 07:26:00 AM,40,CLEAR,DARKNESS - LIGHTED ROAD,TURNING,NOT DIVIDED,NO CONTROLS,UNABLE TO DETERMINE,FOLLOWING TOO CLOSELY,0,0,0,0,7,1,10,573,ELSTON AVE,41.868785,-87.643772,10/31/2021 08:05:00 AM,2021
CR00037084,08/06/2020 05:17:00 PM,35,RAIN,DAYLIGHT,TURNING,NOT DIVIDED,NO CONTROLS,FAILING TO YIELD RIGHT-OF-WAY,NOT APPLICABLE,0,0,0,0,17,5,8,2099,DAMEN AVE,41.824411,-87.600622,08/06/2020 07:13:00 PM,2020
CR00037085,09/16/2015 03:10:00 PM,30,CLEAR,DAYLIGHT,ANGLE,DIVIDED - W/MEDIAN (NOT RAISED),NO CONTROLS,DISTRACTION - FROM INSIDE VEHICLE,UNABLE TO DETERMINE,0,0,3,3,15,4,9,2361,MILWAUKEE AVE,41.706103,-87.573422,09/16/2015 04:31:00 PM,2015
CR00037086,06/08/2016 06:31:00 PM,15,CLEAR,DAYLIGHT,SIDESWIPE SAME DIRECTION,ONE-WAY,TRAFFIC SIGNAL,UNABLE TO DETERMINE,IMPROPER LANE USAGE,0,0,0,0,18,4,6,1156,ASHLAND AVE,41.835229,-87.602828,06/08/2016 07:07:00 PM,2016
CR00037087,09/24/2021 06:26:00 PM,45,CLEAR,DARKNESS - LIGHTED ROAD,TURNING,DIVIDED - W/MEDIAN BARRIER,NO CONTROLS,FOLLOWING TOO CLOSELY,UNABLE TO DETERMINE,0,0,0,0,18,6,9,780,ASHLAND AVE,41.718528,-87.705133,09/24/2021 06:51:00 PM,2021
CR00037088,01/16/2017 03:47:00 PM,30,FREEZING RAIN/DRIZZLE,DARKNESS - LIGHTED ROAD,REAR END,NOT DIVIDED,TRAFFIC SIGNAL,FAILING TO REDUCE SPEED,IMPROPER OVERTAKING/PASSING,0,0,0,0,15,2,1,1038,STONY ISLAND AVE,41.738203,-87.727147,01/16/2017 04:50:00 PM,2017
CR00037089,07/21/2021 07:39:00 AM,15,CLEAR,DAYLIGHT,SIDESWIPE SAME DIRECTION,NOT DIVIDED,STOP SIGN/FLASHER,FAILING TO YIELD RIGHT-OF-WAY,DRIVING SKILLS/KNOWLEDGE/EXPERIENCE,0,0,0,0,7,4,7,1250,OGDEN AVE,41.704715,-87.813172,07/21/2021 08:52:00 AM,2021
CR00037090,12/20/2022 02:49:00 PM,20,RAIN,DAYLIGHT,SIDESWIPE SAME DIRECTION,DIVIDED - W/MEDIAN (NOT RAISED),TRAFFIC SIGNAL,IMPROPER LANE USAGE,IMPROPER OVERTAKING/PASSING,0,0,0,0,14,3,12,2317,PULASKI RD,41.888919,-87.528657,12/20/2022 03:18:00 PM,2022
CR00037091,09/19/2016 08:27:00 PM,30,SNOW,DARKNESS - LIGHTED ROAD,REAR END,DIVIDED - W/MEDIAN (NOT RAISED),STOP SIGN/FLASHER,FAILING TO REDUCE SPEED,UNABLE TO DETERMINE,0,0,0,0,20,2,9,919,BROADWAY,41.742945,-87.728549,09/19/2016 08:29:00 PM,2016
CR00037092,12/08/2015 06:47:00 PM,15,CLEAR,DUSK,PEDESTRIAN,ONE-WAY,TRAFFIC SIGNAL,UNABLE TO DETERMINE,UNABLE TO DETERMINE,0,0,0,0,18,3,12,726,DIVISION ST,41.807846,-87.683356,12/08/2015 08:34:00 PM,2015
CR00037093,03/22/2018 07:24:00 PM,30,CLEAR,DAYLIGHT,REAR END,NOT DIVIDED,TRAFFIC SIGNAL,FOLLOWING TOO CLOSELY,NOT APPLICABLE,0,0,0,0,19,5,3,2458,HALSTED ST,41.826022,-87.646909,03/22/2018 08:46:00 PM,2018
CR00037094,10/29/2024 07:11:00 AM,30,SNOW,DAYLIGHT,TURNING,NOT DIVIDED,NO CONTROLS,FOLLOWING TOO CLOSELY,IMPROPER OVERTAKING/PASSING,0,0,0,0,7,3,10,1840,79TH ST,41.780807,-87.768417,10/29/2024 08:34:00 AM,2024
CR00037095,05/21/2022 07:15:00 AM,25,CLEAR,DAYLIGHT,REAR END,DIVIDED - W/MEDIAN (NOT RAISED),TRAFFIC SIGNAL,FAILING TO YIELD RIGHT-OF-WAY,FAILING TO REDUCE SPEED,0,0,0,0,7,7,5,247,LAKE SHORE DR,41.97658,-87.523235,05/21/2022 08:46:00 AM,2022
CR00037096,10/30/2021 08:37:00 AM,35,CLEAR,DAYLIGHT,FIXED OBJECT,ONE-WAY,TRAFFIC SIGNAL,UNABLE TO DETERMINE,FOLLOWING TOO CLOSELY,0,0,0,0,8,7,10,1158,IRVING PARK RD,41.867609,-87.79055,10/30/2021 09:22:00 AM,2021
CR00037097,06/28/2016 02:05:00 AM,35,CLEAR,DAYLIGHT,REAR END,DIVIDED - W/MEDIAN (NOT RAISED),TRAFFIC SIGNAL,UNABLE TO DETERMINE,FOLLOWING TOO CLOSELY,0,1,0,1,2,3,6,1873,79TH ST,41.977851,-87.530839,06/28/2016 03:50:00 AM,2016
CR00037098,04/26/2016 08:22:00 AM,30,CLEAR,DARKNESS - LIGHTED ROAD,TURNING,DIVIDED - W/MEDIAN (NOT RAISED),STOP SIGN/FLASHER,FOLLOWING TOO CLOSELY,FAILING TO YIELD RIGHT-OF-WAY,0,0,0,0,8,3,4,827,ROOSEVELT RD,41.724314,-87.694259,04/26/2016 09:16:00 AM,2016
CR00037099,08/21/2018 06:57:00 PM,30,CLEAR,DAYLIGHT,PARKED MOTOR VEHICLE,FOUR WAY,STOP SIGN/FLASHER,IMPROPER OVERTAKING/PASSING,UNABLE TO DETERMINE,0,0,0,0,18,3,8,1072,PULASKI RD,41.82248,-87.739067,08/21/2018 07:16:00 PM,2018
CR00037100,07/24/2022 01:44:00 PM,20,CLEAR,DARKNESS - LIGHTED ROAD,REAR END,DIVIDED - W/MEDIAN (NOT RAISED),TRAFFIC SIGNAL,IMPROPER OVERTAKING/PASSING,NOT APPLICABLE,0,0,0,0,13,1,7,1633,47TH ST,41.883675,-87.671518,07/24/2022 01:58:00 PM,2022
CR00037101,06/16/2019 07:58:00 PM,25,CLEAR,DAYLIGHT,SIDESWIPE SAME DIRECTION,DIVIDED - W/MEDIAN (NOT RAISED),TRAFFIC SIGNAL,UNABLE TO DETERMINE,DRIVING SKILLS/KNOWLEDGE/EXPERIENCE,0,0,0,0,19,1,6,1311,STATE ST,41.931566,-87.638006,06/16/2019 09:08:00 PM,2019
CR00037102,12/05/2017 05:38:00 PM,45,CLEAR,DAYLIGHT,ANGLE,NOT DIVIDED,TRAFFIC SIGNAL,IMPROPER LANE USAGE,FOLLOWING TOO CLOSELY,0,0,0,0,17,3,12,147,STATE ST,41.771703,-87.712784,12/05/2017 06:26:00 PM,2017
CR00037103,09/06/2017 02:21:00 PM,30,CLEAR,DAYLIGHT,REAR END,ONE-WAY,TRAFFIC SIGNAL,FOLLOWING TOO CLOSELY,DRIVING SKILLS/KNOWLEDGE/EXPERIENCE,0,0,0,0,14,4,9,1844,PULASKI RD,41.708637,-87.614959,09/06/2017 02:42:00 PM,2017
CR00037104,06/30/2021 12:41:00 PM,45,CLEAR,DARKNESS,SIDESWIPE SAME DIRECTION,DIVIDED - W/MEDIAN (NOT RAISED),TRAFFIC SIGNAL,IMPROPER LANE USAGE,FAILING TO REDUCE SPEED,0,0,0,0,12,4,6,1825,PULASKI RD,41.932235,-87.656572,06/30/2021 01:38:00 PM,2021
CR00037105,06/17/2020 09:22:00 AM,15,RAIN,DAYLIGHT,REAR END,NOT DIVIDED,NO CONTROLS,DISREGARDING TRAFFIC SIGNALS,IMPROPER LANE USAGE,0,0,0,0,9,4,6,873,BROADWAY,41.890136,-87.635749,06/17/2020 10:33:00 AM,2020
CR00037106,01/04/2020 07:24:00 AM,35,CLEAR,DAWN,PEDESTRIAN,FOUR WAY,NO CONTROLS,FOLLOWING TOO CLOSELY,IMPROPER OVERTAKING/PASSING,0,0,0,0,7,7,1,371,HALSTED ST,41.862999,-87.811143,01/04/2020 08:58:00 AM,2020
CR00037107,02/15/2019 08:54:00 PM,45,CLEAR,DAYLIGHT,TURNING,DIVIDED - W/MEDIAN (NOT RAISED),UNKNOWN,FAILING TO YIELD RIGHT-OF-WAY,IMPROPER LANE USAGE,0,0,0,0,20,6,2,1913,79TH ST,41.713464,-87.717281,02/15/2019 09:53:00 PM,2019
CR00037108,07/14/2023 09:32:00 AM,20,CLEAR,DAYLIGHT,ANGLE,ONE-WAY,STOP SIGN/FLASHER,IMPROPER LANE USAGE,DISTRACTION - FROM INSIDE VEHICLE,0,0,0,0,9,6,7,2002,HALSTED ST,41.761429,-87.668558,07/14/2023 10:22:00 AM,2023
CR00037109,10/22/2017 03:16:00 PM,15,SNOW,DAWN,REAR TO FRONT,DIVIDED - W/MEDIAN BARRIER,PEDESTRIAN CROSSING SIGN,FOLLOWING TOO CLOSELY,NOT APPLICABLE,0,0,1,1,15,1,10,1176,ASHLAND AVE,41.984212,-87.773737,10/22/2017 04:36:00 PM,2017
CR00037110,04/28/2015 08:23:00 AM,15,CLEAR,DAYLIGHT,REAR TO FRONT,T-INTERSECTION,PEDESTRIAN CROSSING SIGN,IMPROPER LANE USAGE,NOT APPLICABLE,0,0,0,0,8,3,4,1634,ELSTON AVE,41.791894,-87.581771,04/28/2015 10:08:00 AM,2015
CR00037111,10/21/2024 10:42:00 PM,15,RAIN,DAYLIGHT,TURNING,NOT DIVIDED,TRAFFIC SIGNAL,DISTRACTION - FROM INSIDE VEHICLE,WEATHER,0,0,0,0,22,2,10,240,STONY ISLAND AVE,41.98786,-87.664072,10/21/2024 11:07:00 PM,2024
CR00037112,09/05/2024 11:48:00 AM,25,CLEAR,DAYLIGHT,ANGLE,NOT DIVIDED,NO CONTROLS,UNABLE TO DETERMINE,NOT APPLICABLE,0,0,0,0,11,5,9,1196,47TH ST,41.754307,-87.598247,09/05/2024 11:59:00 AM,2024
CR00037113,01/17/2019 08:42:00 PM,40,CLEAR,DARKNESS - LIGHTED ROAD,TURNING,DIVIDED - W/MEDIAN (NOT RAISED),TRAFFIC SIGNAL,FAILING TO REDUCE SPEED,UNABLE TO DETERMINE,0,0,0,0,20,5,1,1259,DIVISION ST,41.992236,-87.713374,01/17/2019 08:56:00 PM,2019
CR00037114,02/02/2023 09:25:00 AM,30,FREEZING RAIN/DRIZZLE,DAYLIGHT,REAR END,NOT DIVIDED,UNKNOWN,UNABLE TO DETERMINE,UNABLE TO DETERMINE,0,0,0,0,9,5,2,2504,47TH ST,41.73763,-87.605841,02/02/2023 11:17:00 AM,2023
CR00037115,01/14/2018 04:09:00 PM,30,CLEAR,DAYLIGHT,SIDESWIPE SAME DIRECTION,DIVIDED - W/MEDIAN (NOT RAISED),NO CONTROLS,UNABLE TO DETERMINE,UNABLE TO DETERMINE,0,0,0,0,16,1,1,2456,IRVING PARK RD,41.720246,-87.782933,01/14/2018 05:54:00 PM,2018
CR00037116,05/11/2015 08:20:00 AM,40,CLEAR,DARKNESS - LIGHTED ROAD,TURNING,FOUR WAY,TRAFFIC SIGNAL,IMPROPER OVERTAKING/PASSING,IMPROPER OVERTAKING/PASSING,0,2,1,3,8,2,5,1162,BROADWAY,41.833942,-87.810347,05/11/2015 09:06:00 AM,2015
CR00037117,05/25/2017 07:30:00 AM,35,CLEAR,DARKNESS - LIGHTED ROAD,REAR END,DIVIDED - W/MEDIAN (NOT RAISED),STOP SIGN/FLASHER,UNABLE TO DETERMINE,IMPROPER OVERTAKING/PASSING,0,0,0,0,7,5,5,2467,MILWAUKEE AVE,41.858035,-87.620432,05/25/2017 09:25:00 AM,2017
CR00037118,11/13/2023 04:15:00 PM,15,CLOUDY/OVERCAST,DAYLIGHT,ANGLE,ONE-WAY,NO CONTROLS,FOLLOWING TOO CLOSELY,UNABLE TO DETERMINE,0,0,0,0,16,2,11,1415,CALIFORNIA AVE,41.70997,-87.747299,11/13/2023 04:36:00 PM,2023
CR00037119,02/20/2022 11:23:00 AM,25,RAIN,DAYLIGHT,PARKED MOTOR VEHICLE,ONE-WAY,NO CONTROLS,IMPROPER LANE USAGE,FOLLOWING TOO CLOSELY,0,0,0,0,11,1,2,2452,CLARK ST,41.935642,-87.618642,02/20/2022 11:46:00 AM,2022
CR00037120,02/08/2018 06:24:00 AM,20,CLEAR,DAYLIGHT,FIXED OBJECT,NOT DIVIDED,NO CONTROLS,IMPROPER OVERTAKING/PASSING,UNABLE TO DETERMINE,0,0,0,0,6,5,2,1570,PULASKI RD,41.77072,-87.810308,02/08/2018 06:27:00 AM,2018