CRASH_RECORD_ID,CRASH_DATE,POSTED_SPEED_LIMIT,WEATHER_CONDITION,LIGHTING_CONDITION,FIRST_CRASH_TYPE,TRAFFICWAY_TYPE,TRAFFIC_CONTROL_DEVICE,PRIM_CONTRIBUTORY_CAUSE,SEC_CONTRIBUTORY_CAUSE,INJURIES_FATAL,INJURIES_INCAPACITATING,INJURIES_NON_INCAPACITATING,INJURIES_TOTAL,CRASH_HOUR,CRASH_DAY_OF_WEEK,CRASH_MONTH,BEAT_OF_OCCURRENCE,STREET_NAME,LATITUDE,LONGITUDE,DATE_POLICE_NOTIFIED,year
CR00037121,07/13/2016 05:20:00 PM,35,CLEAR,DAYLIGHT,REAR END,ONE-WAY,STOP SIGN/FLASHER,IMPROPER OVERTAKING/PASSING,UNABLE TO DETERMINE,0,0,0,0,17,4,7,1962,CLARK ST,41.79223,-87.752545,07/13/2016 05:55:00 PM,2016
CR00037122,05/19/2023 01:09:00 PM,15,CLEAR,DARKNESS - LIGHTED ROAD,REAR END,NOT DIVIDED,PEDESTRIAN CROSSING SIGN,UNABLE TO DETERMINE,DISTRACTION - FROM INSIDE VEHICLE,0,0,3,3,13,6,5,271,ELSTON AVE,41.768327,-87.588715,05/19/2023 02:34:00 PM,2023
CR00037123,03/25/2024 06:04:00 PM,35,CLEAR,DUSK,REAR TO FRONT,FOUR WAY,TRAFFIC SIGNAL,DISTRACTION - FROM INSIDE VEHICLE,DISREGARDING TRAFFIC SIGNALS,0,0,1,1,18,2,3,1354,FULLERTON AVE,41.720621,-87.718868,03/25/2024 06:46:00 PM,2024
CR00037124,06/19/2016 02:32:00 AM,35,CLEAR,DAYLIGHT,REAR TO FRONT,DIVIDED - W/MEDIAN (NOT RAISED),UNKNOWN,IMPROPER OVERTAKING/PASSING,UNABLE TO DETERMINE,0,0,0,0,2,1,6,2045,FULLERTON AVE,41.961623,-87.513652,06/19/2016 03:27:00 AM,2016
CR00037125,07/10/2017 11:15:00 PM,30,CLEAR,DARKNESS - LIGHTED ROAD,REAR TO FRONT,ONE-WAY,NO CONTROLS,DISTRACTION - FROM INSIDE VEHICLE,NOT APPLICABLE,0,0,0,0,23,2,7,1819,CLARK ST,41.839682,-87.532966,07/10/2017 11:36:00 PM,2017
CR00037126,04/01/2021 07:56:00 PM,25,CLEAR,DAYLIGHT,TURNING,T-INTERSECTION,TRAFFIC SIGNAL,WEATHER,WEATHER,0,0,0,0,19,5,4,685,ARCHER AVE,41.997154,-87.779629,04/01/2021 08:51:00 PM,2021
CR00037127,08/25/2015 01:16:00 PM,40,CLEAR,DARKNESS,ANGLE,NOT DIVIDED,STOP SIGN/FLASHER,DISREGARDING TRAFFIC SIGNALS,UNABLE TO DETERMINE,0,0,1,1,13,3,8,2441,47TH ST,41.993898,-87.503884,08/25/2015 03:02:00 PM,2015
CR00037128,05/29/2023 07:03:00 PM,30,CLEAR,DARKNESS - LIGHTED ROAD,FIXED OBJECT,NOT DIVIDED,NO CONTROLS,UNABLE TO DETERMINE,FAILING TO YIELD RIGHT-OF-WAY,0,0,0,0,19,2,5,1433,DIVISION ST,41.746687,-87.706292,05/29/2023 07:04:00 PM,2023
CR00037129,08/05/2015 01:25:00 PM,20,CLEAR,DAYLIGHT,TURNING,DIVIDED - W/MEDIAN BARRIER,UNKNOWN,DISTRACTION - FROM INSIDE VEHICLE,UNABLE TO DETERMINE,0,0,0,0,13,4,8,580,ARCHER AVE,41.785053,-87.591187,08/05/2015 02:59:00 PM,2015
CR00037130,10/22/2019 05:43:00 PM,15,CLOUDY/OVERCAST,DAYLIGHT,REAR END,NOT DIVIDED,NO CONTROLS,IMPROPER OVERTAKING/PASSING,DRIVING SKILLS/KNOWLEDGE/EXPERIENCE,0,0,0,0,17,3,10,1631,ASHLAND AVE,41.810258,-87.78321,10/22/2019 06:20:00 PM,2019
CR00037131,09/15/2015 07:32:00 PM,25,FOG/SMOKE/HAZE,DARKNESS - LIGHTED ROAD,SIDESWIPE SAME DIRECTION,DIVIDED - W/MEDIAN (NOT RAISED),NO CONTROLS,FAILING TO YIELD RIGHT-OF-WAY,IMPROPER LANE USAGE,0,0,0,0,19,3,9,1661,BROADWAY,41.83072,-87.790865,09/15/2015 08:35:00 PM,2015
CR00037132,09/27/2021 08:59:00 PM,30,CLEAR,DAYLIGHT,REAR END,ONE-WAY,TRAFFIC SIGNAL,FAILING TO YIELD RIGHT-OF-WAY,NOT APPLICABLE,0,0,0,0,20,2,9,719,ELSTON AVE,41.820044,-87.748549,09/27/2021 09:53:00 PM,2021
CR00037133,04/23/2023 04:08:00 PM,45,CLOUDY/OVERCAST,DUSK,ANGLE,DIVIDED - W/MEDIAN BARRIER,TRAFFIC SIGNAL,UNABLE TO DETERMINE,IMPROPER LANE USAGE,0,0,0,0,16,1,4,1269,ARCHER AVE,41.768746,-87.7574,04/23/2023 05:22:00 PM,2023
CR00037134,11/11/2020 12:34:00 AM,25,FREEZING RAIN/DRIZZLE,DAYLIGHT,TURNING,NOT DIVIDED,STOP SIGN/FLASHER,UNABLE TO DETERMINE,DISTRACTION - FROM INSIDE VEHICLE,0,0,0,0,0,4,11,937,63RD ST,41.757335,-87.59802,11/11/2020 02:33:00 AM,2020
CR00037135,08/13/2018 05:49:00 PM,40,CLEAR,DAYLIGHT,PARKED MOTOR VEHICLE,ONE-WAY,STOP SIGN/FLASHER,DRIVING SKILLS/KNOWLEDGE/EXPERIENCE,DISREGARDING TRAFFIC SIGNALS,0,0,0,0,17,2,8,2401,ROOSEVELT RD,41.917509,-87.526105,08/13/2018 05:56:00 PM,2018
CR00037136,10/05/2015 06:47:00 PM,30,CLEAR,DAYLIGHT,SIDESWIPE SAME DIRECTION,FOUR WAY,TRAFFIC SIGNAL,DISREGARDING TRAFFIC SIGNALS,NOT APPLICABLE,0,0,0,0,18,2,10,476,HALSTED ST,41.976909,-87.819447,10/05/2015 06:51:00 PM,2015
CR00037137,03/22/2021 10:48:00 AM,30,CLEAR,DARKNESS - LIGHTED ROAD,SIDESWIPE SAME DIRECTION,ONE-WAY,STOP SIGN/FLASHER,DISTRACTION - FROM INSIDE VEHICLE,UNABLE TO DETERMINE,0,0,0,0,10,2,3,2392,KEDZIE AVE,41.842285,-87.658821,03/22/2021 11:46:00 AM,2021
CR00037138,12/26/2019 09:50:00 AM,15,CLOUDY/OVERCAST,DAYLIGHT,REAR END,DIVIDED - W/MEDIAN BARRIER,NO CONTROLS,UNABLE TO DETERMINE,DISTRACTION - FROM INSIDE VEHICLE,0,0,0,0,9,5,12,102,CICERO AVE,41.780721,-87.829679,12/26/2019 10:22:00 AM,2019
CR00037139,11/14/2015 06:54:00 PM,45,CLEAR,DARKNESS - LIGHTED ROAD,ANGLE,DIVIDED - W/MEDIAN (NOT RAISED),PEDESTRIAN CROSSING SIGN,FAILING TO YIELD RIGHT-OF-WAY,IMPROPER LANE USAGE,0,0,0,0,18,7,11,1470,DIVISION ST,41.796383,-87.50852,11/14/2015 08:27:00 PM,2015
CR00037140,10/27/2021 10:15:00 AM,45,CLEAR,DAYLIGHT,REAR END,DIVIDED - W/MEDIAN (NOT RAISED),STOP SIGN/FLASHER,WEATHER,FAILING TO YIELD RIGHT-OF-WAY,0,0,0,0,10,4,10,518,ROOSEVELT RD,41.885262,-87.507442,10/27/2021 12:11:00 PM,2021
CR00037141,11/24/2021 04:31:00 PM,30,CLEAR,DAYLIGHT,SIDESWIPE SAME DIRECTION,NOT DIVIDED,TRAFFIC SIGNAL,FOLLOWING TOO CLOSELY,NOT APPLICABLE,0,0,3,3,16,4,11,1370,PULASKI RD,41.74086,-87.549921,11/24/2021 06:14:00 PM,2021
CR00037142,10/06/2020 10:46:00 AM,15,CLEAR,DARKNESS - LIGHTED ROAD,REAR END,DIVIDED - W/MEDIAN BARRIER,UNKNOWN,UNABLE TO DETERMINE,DISTRACTION - FROM INSIDE VEHICLE,0,0,0,0,10,3,10,605,CICERO AVE,41.734592,-87.777949,10/06/2020 11:07:00 AM,2020
CR00037143,08/17/2023 03:43:00 AM,30,CLOUDY/OVERCAST,DARKNESS,SIDESWIPE SAME DIRECTION,ONE-WAY,TRAFFIC SIGNAL,WEATHER,UNABLE TO DETERMINE,0,0,0,0,3,5,8,1009,MILWAUKEE AVE,41.944225,-87.695489,08/17/2023 05:15:00 AM,2023
CR00037144,06/30/2023 07:05:00 AM,15,CLEAR,DARKNESS - LIGHTED ROAD,ANGLE,NOT DIVIDED,NO CONTROLS,IMPROPER OVERTAKING/PASSING,UNABLE TO DETERMINE,0,1,2,3,7,6,6,2153,DIVISION ST,41.946127,-87.612614,06/30/2023 07:51:00 AM,2023
CR00037145,09/02/2020 12:26:00 PM,30,CLEAR,DARKNESS - LIGHTED ROAD,REAR END,NOT DIVIDED,UNKNOWN,UNABLE TO DETERMINE,WEATHER,0,0,1,1,12,4,9,1568,ROOSEVELT RD,41.819217,-87.610925,09/02/2020 01:00:00 PM,2020
CR00037146,08/16/2015 07:50:00 AM,35,RAIN,DARKNESS - LIGHTED ROAD,PARKED MOTOR VEHICLE,NOT DIVIDED,UNKNOWN,UNABLE TO DETERMINE,FOLLOWING TOO CLOSELY,0,0,0,0,7,1,8,472,OGDEN AVE,41.758611,-87.794757,08/16/2015 08:44:00 AM,2015
CR00037147,07/03/2023 07:41:00 PM,40,RAIN,DARKNESS,FIXED OBJECT,DIVIDED - W/MEDIAN (NOT RAISED),TRAFFIC SIGNAL,DISREGARDING TRAFFIC SIGNALS,IMPROPER OVERTAKING/PASSING,0,0,0,0,19,2,7,1537,FULLERTON AVE,41.995976,-87.709475,07/03/2023 08:13:00 PM,2023
CR00037148,02/18/2015 03:12:00 AM,35,CLEAR,DARKNESS - LIGHTED ROAD,REAR END,NOT DIVIDED,NO CONTROLS,UNABLE TO DETERMINE,FAILING TO YIELD RIGHT-OF-WAY,0,0,0,0,3,4,2,739,STONY ISLAND AVE,41.735162,-87.714136,02/18/2015 03:54:00 AM,2015
CR00037149,07/08/2019 04:01:00 PM,15,CLEAR,DARKNESS - LIGHTED ROAD,REAR END,DIVIDED - W/MEDIAN (NOT RAISED),UNKNOWN,FOLLOWING TOO CLOSELY,DISTRACTION - FROM INSIDE VEHICLE,0,0,0,0,16,2,7,377,IRVING PARK RD,41.960459,-87.805766,07/08/2019 04:57:00 PM,2019
CR00037150,07/01/2016 03:52:00 PM,25,CLEAR,DUSK,PARKED MOTOR VEHICLE,NOT DIVIDED,TRAFFIC SIGNAL,FAILING TO YIELD RIGHT-OF-WAY,DRIVING SKILLS/KNOWLEDGE/EXPERIENCE,0,0,0,0,15,6,7,1254,ARCHER AVE,41.882298,-87.819053,07/01/2016 04:34:00 PM,2016
CR00037151,08/01/2017 03:26:00 PM,30,CLEAR,DAYLIGHT,REAR END,DIVIDED - W/MEDIAN (NOT RAISED),YIELD,WEATHER,DISREGARDING TRAFFIC SIGNALS,0,0,0,0,15,3,8,450,MILWAUKEE AVE,41.795147,-87.630916,08/01/2017 04:33:00 PM,2017
CR00037152,06/02/2020 09:13:00 PM,35,CLEAR,DARKNESS - LIGHTED ROAD,TURNING,NOT DIVIDED,NO CONTROLS,UNABLE TO DETERMINE,UNABLE TO DETERMINE,0,0,0,0,21,3,6,733,WESTERN AVE,41.860716,-87.845538,06/02/2020 10:49:00 PM,2020
CR00037153,01/22/2020 08:24:00 PM,35,CLEAR,DAYLIGHT,REAR END,DIVIDED - W/MEDIAN (NOT RAISED),TRAFFIC SIGNAL,FAILING TO YIELD RIGHT-OF-WAY,FAILING TO REDUCE SPEED,0,0,0,0,20,4,1,907,ELSTON AVE,41.865198,-87.679157,01/22/2020 09:41:00 PM,2020
CR00037154,06/22/2020 03:02:00 PM,25,CLEAR,DAYLIGHT,ANGLE,NOT DIVIDED,TRAFFIC SIGNAL,UNABLE TO DETERMINE,NOT APPLICABLE,0,0,0,0,15,2,6,551,MICHIGAN AVE,41.939616,-87.736389,06/22/2020 03:07:00 PM,2020
CR00037155,09/20/2016 11:06:00 AM,15,FREEZING RAIN/DRIZZLE,DAYLIGHT,TURNING,NOT DIVIDED,NO CONTROLS,FAILING TO YIELD RIGHT-OF-WAY,WEATHER,0,0,0,0,11,3,9,1198,47TH ST,41.906505,-87.685741,09/20/2016 11:18:00 AM,2016
CR00037156,03/21/2022 12:51:00 AM,20,CLEAR,DAYLIGHT,PARKED MOTOR VEHICLE,NOT DIVIDED,STOP SIGN/FLASHER,DRIVING SKILLS/KNOWLEDGE/EXPERIENCE,FAILING TO REDUCE SPEED,0,0,0,0,0,2,3,1544,47TH ST,41.838258,-87.823497,03/21/2022 01:39:00 AM,2022
CR00037157,06/28/2017 10:04:00 PM,30,RAIN,DARKNESS - LIGHTED ROAD,SIDESWIPE SAME DIRECTION,NOT DIVIDED,TRAFFIC SIGNAL,UNABLE TO DETERMINE,FAILING TO YIELD RIGHT-OF-WAY,0,0,0,0,22,4,6,2293,STONY ISLAND AVE,41.75284,-87.77916,06/28/2017 11:32:00 PM,2017
CR00037158,12/27/2017 03:32:00 PM,35,CLEAR,DAYLIGHT,REAR END,NOT DIVIDED,TRAFFIC SIGNAL,FAILING TO YIELD RIGHT-OF-WAY,FOLLOWING TOO CLOSELY,0,0,0,0,15,4,12,1446,79TH ST,41.793955,-87.556309,12/27/2017 04:57:00 PM,2017
CR00037159,05/26/2020 11:29:00 AM,25,CLEAR,DAYLIGHT,ANGLE,DIVIDED - W/MEDIAN (NOT RAISED),STOP SIGN/FLASHER,DRIVING SKILLS/KNOWLEDGE/EXPERIENCE,DISREGARDING TRAFFIC SIGNALS,0,0,2,2,11,3,5,2506,FULLERTON AVE,41.841037,-87.524944,05/26/2020 01:29:00 PM,2020
CR00037160,11/15/2020 09:50:00 AM,25,CLEAR,DAYLIGHT,PARKED MOTOR VEHICLE,DIVIDED - W/MEDIAN (NOT RAISED),TRAFFIC SIGNAL,DISREGARDING TRAFFIC SIGNALS,UNABLE TO DETERMINE,0,0,0,0,9,1,11,967,FULLERTON AVE,41.877837,-87.756494,11/15/2020 11:26:00 AM,2020
CR00037161,11/15/2016 08:02:00 PM,35,CLEAR,DAYLIGHT,REAR END,NOT DIVIDED,STOP SIGN/FLASHER,IMPROPER OVERTAKING/PASSING,UNABLE TO DETERMINE,0,0,0,0,20,3,11,338,IRVING PARK RD,41.98464,-87.816787,11/15/2016 09:26:00 PM,2016
CR00037162,08/26/2018 06:18:00 AM,30,CLEAR,DAYLIGHT,TURNING,NOT DIVIDED,STOP SIGN/FLASHER,IMPROPER LANE USAGE,DRIVING SKILLS/KNOWLEDGE/EXPERIENCE,0,1,2,3,6,1,8,273,OGDEN AVE,41.846407,-87.828894,08/26/2018 07:48:00 AM,2018
CR00037163,10/13/2019 08:11:00 AM,35,CLOUDY/OVERCAST,DARKNESS - LIGHTED ROAD,FIXED OBJECT,FOUR WAY,UNKNOWN,DISREGARDING TRAFFIC SIGNALS,NOT APPLICABLE,0,0,3,3,8,1,10,290,HALSTED ST,41.79124,-87.688467,10/13/2019 08:41:00 AM,2019
CR00037164,07/13/2023 11:50:00 PM,35,CLEAR,DAYLIGHT,REAR END,ONE-WAY,TRAFFIC SIGNAL,UNABLE TO DETERMINE,FAILING TO YIELD RIGHT-OF-WAY,0,1,3,4,23,5,7,396,OGDEN AVE,41.967661,-87.660849,07/14/2023 12:37:00 AM,2023
CR00037165,07/10/2023 07:36:00 AM,30,RAIN,DARKNESS,REAR END,T-INTERSECTION,STOP SIGN/FLASHER,FAILING TO YIELD RIGHT-OF-WAY,FAILING TO YIELD RIGHT-OF-WAY,0,0,1,1,7,2,7,501,STATE ST,41.790127,-87.630184,07/10/2023 07:44:00 AM,2023
CR00037166,03/21/2015 05:37:00 PM,25,CLEAR,DAYLIGHT,REAR END,FOUR WAY,STOP SIGN/FLASHER,DRIVING SKILLS/KNOWLEDGE/EXPERIENCE,NOT APPLICABLE,0,0,3,3,17,7,3,1481,CICERO AVE,41.922742,-87.60927,03/21/2015 06:20:00 PM,2015
CR00037167,01/11/2021 12:24:00 PM,30,CLEAR,DAYLIGHT,REAR END,DIVIDED - W/MEDIAN (NOT RAISED),NO CONTROLS,FAILING TO YIELD RIGHT-OF-WAY,UNABLE TO DETERMINE,0,0,0,0,12,2,1,1614,ELSTON AVE,41.90799,-87.59928,01/11/2021 12:36:00 PM,2021
CR00037168,12/26/2021 11:32:00 PM,30,CLOUDY/OVERCAST,DAYLIGHT,PEDESTRIAN,NOT DIVIDED,STOP SIGN/FLASHER,IMPROPER LANE USAGE,IMPROPER LANE USAGE,0,0,2,2,23,1,12,1086,OGDEN AVE,41.77804,-87.582789,12/27/2021 12:58:00 AM,2021
CR00037169,08/25/2018 01:38:00 PM,45,CLEAR,DARKNESS,REAR END,DIVIDED - W/MEDIAN BARRIER,NO CONTROLS,DRIVING SKILLS/KNOWLEDGE/EXPERIENCE,NOT APPLICABLE,0,0,0,0,13,7,8,2428,ELSTON AVE,41.881387,-87.83802,08/25/2018 02:12:00 PM,2018
CR00037170,07/17/2018 01:27:00 PM,15,FOG/SMOKE/HAZE,DARKNESS - LIGHTED ROAD,REAR END,DIVIDED - W/MEDIAN BARRIER,NO CONTROLS,UNABLE TO DETERMINE,NOT APPLICABLE,0,0,0,0,13,3,7,1109,79TH ST,41.871029,-87.731814,07/17/2018 02:30:00 PM,2018
CR00037171,06/02/2018 04:40:00 PM,35,CLEAR,DAYLIGHT,REAR END,T-INTERSECTION,STOP SIGN/FLASHER,UNABLE TO DETERMINE,FAILING TO YIELD RIGHT-OF-WAY,0,0,0,0,16,7,6,1576,MICHIGAN AVE,41.88572,-87.662925,06/02/2018 06:40:00 PM,2018
CR00037172,11/10/2016 04:46:00 PM,35,CLEAR,DARKNESS,ANGLE,NOT DIVIDED,NO CONTROLS,DISTRACTION - FROM INSIDE VEHICLE,UNABLE TO DETERMINE,0,0,0,0,16,5,11,1586,BROADWAY,41.965702,-87.845643,11/10/2016 06:04:00 PM,2016
CR00037173,08/02/2018 05:29:00 PM,15,CLEAR,DAYLIGHT,REAR END,ONE-WAY,STOP SIGN/FLASHER,WEATHER,FAILING TO YIELD RIGHT-OF-WAY,0,0,0,0,17,5,8,2452,OGDEN AVE,41.806425,-87.717122,08/02/2018 06:05:00 PM,2018
CR00037174,12/07/2024 04:26:00 PM,45,CLEAR,DAYLIGHT,REAR END,NOT DIVIDED,TRAFFIC SIGNAL,UNABLE TO DETERMINE,FOLLOWING TOO CLOSELY,0,0,0,0,16,7,12,994,KEDZIE AVE,41.908534,-87.788204,12/07/2024 05:31:00 PM,2024
CR00037175,05/13/2019 11:03:00 AM,15,CLEAR,DAYLIGHT,REAR END,DIVIDED - W/MEDIAN BARRIER,NO CONTROLS,FAILING TO YIELD RIGHT-OF-WAY,UNABLE TO DETERMINE,0,0,0,0,11,2,5,2238,ROOSEVELT RD,41.829616,-87.730497,05/13/2019 12:09:00 PM,2019
CR00037176,04/04/2016 10:45:00 AM,45,CLEAR,DAYLIGHT,PARKED MOTOR VEHICLE,NOT DIVIDED,TRAFFIC SIGNAL,UNABLE TO DETERMINE,FAILING TO YIELD RIGHT-OF-WAY,0,0,0,0,10,2,4,1593,STONY ISLAND AVE,41.996939,-87.541378,04/04/2016 11:37:00 AM,2016
CR00037177,06/05/2019 03:12:00 PM,15,RAIN,DAYLIGHT,PARKED MOTOR VEHICLE,DIVIDED - W/MEDIAN BARRIER,NO CONTROLS,UNABLE TO DETERMINE,FOLLOWING TOO CLOSELY,0,0,0,0,15,4,6,1696,STATE ST,41.722792,-87.790587,06/05/2019 04:44:00 PM,2019
CR00037178,09/02/2020 06:48:00 PM,25,CLEAR,DAYLIGHT,PARKED MOTOR VEHICLE,ONE-WAY,TRAFFIC SIGNAL,IMPROPER OVERTAKING/PASSING,DISTRACTION - FROM INSIDE VEHICLE,0,0,0,0,18,4,9,908,PULASKI RD,41.753758,-87.558126,09/02/2020 07:12:00 PM,2020
CR00037179,09/02/2016 06:57:00 PM,25,CLEAR,DARKNESS - LIGHTED ROAD,REAR END,NOT DIVIDED,STOP SIGN/FLASHER,FOLLOWING TOO CLOSELY,FOLLOWING TOO CLOSELY,0,0,0,0,18,6,9,931,BROADWAY,41.879184,-87.619578,09/02/2016 07:39:00 PM,2016
CR00037180,07/03/2021 09:08:00 PM,45,CLEAR,DARKNESS - LIGHTED ROAD,PEDESTRIAN,T-INTERSECTION,NO CONTROLS,IMPROPER LANE USAGE,IMPROPER LANE USAGE,0,0,0,0,21,7,7,1391,BROADWAY,41.773366,-87.846323,07/03/2021 09:11:00 PM,2021
CR00037181,08/13/2019 06:35:00 PM,30,CLOUDY/OVERCAST,DAWN,REAR END,NOT DIVIDED,NO CONTROLS,DRIVING SKILLS/KNOWLEDGE/EXPERIENCE,IMPROPER OVERTAKING/PASSING,0,0,0,0,18,3,8,576,63RD ST,41.969349,-87.794928,08/13/2019 07:32:00 PM,2019
CR00037182,05/05/2017 04:10:00 AM,20,CLEAR,DAYLIGHT,TURNING,NOT DIVIDED,TRAFFIC SIGNAL,FOLLOWING TOO CLOSELY,DISREGARDING TRAFFIC SIGNALS,0,0,0,0,4,6,5,1483,WESTERN AVE,41.724499,-87.611503,05/05/2017 05:01:00 AM,2017
CR00037183,03/12/2019 08:16:00 AM,30,CLOUDY/OVERCAST,DAYLIGHT,REAR END,DIVIDED - W/MEDIAN (NOT RAISED),STOP SIGN/FLASHER,UNABLE TO DETERMINE,UNABLE TO DETERMINE,0,0,0,0,8,3,3,1998,FULLERTON AVE,41.852786,-87.816006,03/12/2019 09:30:00 AM,2019
CR00037184,03/23/2016 12:44:00 AM,35,CLEAR,DAYLIGHT,TURNING,DIVIDED - W/MEDIAN (NOT RAISED),NO CONTROLS,UNABLE TO DETERMINE,IMPROPER LANE USAGE,0,0,3,3,0,4,3,2347,CALIFORNIA AVE,41.711088,-87.54614,03/23/2016 01:51:00 AM,2016
CR00037185,07/21/2018 10:39:00 PM,20,CLEAR,DARKNESS - LIGHTED ROAD,PEDESTRIAN,NOT DIVIDED,TRAFFIC SIGNAL,UNABLE TO DETERMINE,NOT APPLICABLE,0,0,0,0,22,7,7,1401,63RD ST,41.904875,-87.821277,07/22/2018 12:13:00 AM,2018
CR00037186,10/08/2022 09:57:00 AM,20,CLEAR,DARKNESS - LIGHTED ROAD,PARKED MOTOR VEHICLE,T-INTERSECTION,TRAFFIC SIGNAL,UNABLE TO DETERMINE,NOT APPLICABLE,0,0,0,0,9,7,10,1511,BROADWAY,41.919402,-87.802139,10/08/2022 11:56:00 AM,2022
CR00037187,09/06/2023 08:12:00 PM,20,RAIN,DAYLIGHT,PEDESTRIAN,ONE-WAY,NO CONTROLS,FAILING TO YIELD RIGHT-OF-WAY,DISTRACTION - FROM INSIDE VEHICLE,0,0,0,0,20,4,9,673,BROADWAY,41.718844,-87.662513,09/06/2023 08:21:00 PM,2023
CR00037188,02/03/2018 08:46:00 AM,25,CLEAR,DAYLIGHT,TURNING,ONE-WAY,TRAFFIC SIGNAL,DRIVING SKILLS/KNOWLEDGE/EXPERIENCE,FAILING TO REDUCE SPEED,0,0,0,0,8,7,2,1896,STONY ISLAND AVE,41.700309,-87.819873,02/03/2018 09:42:00 AM,2018
CR00037189,01/08/2022 05:57:00 PM,15,CLEAR,DAYLIGHT,REAR END,NOT DIVIDED,STOP SIGN/FLASHER,IMPROPER LANE USAGE,IMPROPER OVERTAKING/PASSING,0,0,0,0,17,7,1,1995,MICHIGAN AVE,41.786071,-87.500433,01/08/2022 07:47:00 PM,2022
CR00037190,10/15/2019 07:47:00 AM,40,FOG/SMOKE/HAZE,DAYLIGHT,ANGLE,DIVIDED - W/MEDIAN (NOT RAISED),UNKNOWN,UNABLE TO DETERMINE,NOT APPLICABLE,0,0,0,0,7,3,10,318,WESTERN AVE,41.998797,-87.516966,10/15/2019 08:40:00 AM,2019
CR00037191,09/25/2019 03:51:00 PM,30,SNOW,DARKNESS - LIGHTED ROAD,REAR END,DIVIDED - W/MEDIAN (NOT RAISED),UNKNOWN,UNABLE TO DETERMINE,IMPROPER OVERTAKING/PASSING,0,0,3,3,15,4,9,239,HALSTED ST,41.918174,-87.513294,09/25/2019 04:37:00 PM,2019
CR00037192,12/23/2018 02:53:00 PM,35,CLEAR,DAYLIGHT,ANGLE,NOT DIVIDED,STOP SIGN/FLASHER,DISTRACTION - FROM INSIDE VEHICLE,FAILING TO REDUCE SPEED,0,0,0,0,14,1,12,1645,63RD ST,41.927308,-87.717504,12/23/2018 04:31:00 PM,2018
CR00037193,09/18/2015 04:14:00 PM,45,RAIN,DARKNESS - LIGHTED ROAD,PARKED MOTOR VEHICLE,NOT DIVIDED,NO CONTROLS,UNABLE TO DETERMINE,DISTRACTION - FROM INSIDE VEHICLE,0,0,0,0,16,6,9,1317,OGDEN AVE,41.925083,-87.833472,09/18/2015 05:03:00 PM,2015
CR00037194,09/04/2019 11:10:00 AM,15,SNOW,DARKNESS - LIGHTED ROAD,ANGLE,FOUR WAY,TRAFFIC SIGNAL,UNABLE TO DETERMINE,FAILING TO YIELD RIGHT-OF-WAY,0,0,0,0,11,4,9,2193,ELSTON AVE,41.765541,-87.803904,09/04/2019 12:45:00 PM,2019
CR00037195,10/16/2020 03:47:00 PM,25,CLOUDY/OVERCAST,DAYLIGHT,ANGLE,NOT DIVIDED,STOP SIGN/FLASHER,FOLLOWING TOO CLOSELY,FAILING TO YIELD RIGHT-OF-WAY,0,0,0,0,15,6,10,1642,MICHIGAN AVE,41.986114,-87.554768,10/16/2020 04:28:00 PM,2020
CR00037196,12/01/2015 03:57:00 PM,20,SNOW,DARKNESS - LIGHTED ROAD,PARKED MOTOR VEHICLE,T-INTERSECTION,NO CONTROLS,FAILING TO YIELD RIGHT-OF-WAY,DRIVING SKILLS/KNOWLEDGE/EXPERIENCE,0,0,0,0,15,3,12,1711,PULASKI RD,41.986926,-87.803227,12/01/2015 04:39:00 PM,2015
CR00037197,02/08/2023 04:37:00 PM,35,CLEAR,DAWN,REAR END,NOT DIVIDED,TRAFFIC SIGNAL,IMPROPER OVERTAKING/PASSING,IMPROPER LANE USAGE,0,0,0,0,16,4,2,896,DIVISION ST,41.891309,-87.639259,02/08/2023 05:55:00 PM,2023
CR00037198,01/27/2020 05:25:00 AM,25,CLEAR,DAYLIGHT,SIDESWIPE SAME DIRECTION,ONE-WAY,NO CONTROLS,UNABLE TO DETERMINE,UNABLE TO DETERMINE,0,0,0,0,5,2,1,2435,ASHLAND AVE,41.887611,-87.763255,01/27/2020 06:12:00 AM,2020
CR00037199,10/13/2024 12:24:00 PM,20,RAIN,DAYLIGHT,REAR END,FOUR WAY,NO CONTROLS,UNABLE TO DETERMINE,FOLLOWING TOO CLOSELY,0,0,1,1,12,1,10,1659,ARCHER AVE,41.79503,-87.531485,10/13/2024 01:32:00 PM,2024
CR00037200,06/28/2023 05:48:00 PM,45,CLEAR,DAYLIGHT,SIDESWIPE SAME DIRECTION,DIVIDED - W/MEDIAN (NOT RAISED),STOP SIGN/FLASHER,UNABLE TO DETERMINE,NOT APPLICABLE,0,0,0,0,17,4,6,682,MICHIGAN AVE,41.708251,-87.761162,06/28/2023 06:13:00 PM,2023
CR00037201,02/22/2018 02:00:00 PM,25,RAIN,DARKNESS - LIGHTED ROAD,PARKED MOTOR VEHICLE,DIVIDED - W/MEDIAN (NOT RAISED),STOP SIGN/FLASHER,FAILING TO YIELD RIGHT-OF-WAY,UNABLE TO DETERMINE,0,0,0,0,14,5,2,1042,DIVISION ST,41.715605,-87.608892,02/22/2018 03:19:00 PM,2018