CRASH_RECORD_ID,CRASH_DATE,POSTED_SPEED_LIMIT,WEATHER_CONDITION,LIGHTING_CONDITION,FIRST_CRASH_TYPE,TRAFFICWAY_TYPE,TRAFFIC_CONTROL_DEVICE,PRIM_CONTRIBUTORY_CAUSE,SEC_CONTRIBUTORY_CAUSE,INJURIES_FATAL,INJURIES_INCAPACITATING,INJURIES_NON_INCAPACITATING,INJURIES_TOTAL,CRASH_HOUR,CRASH_DAY_OF_WEEK,CRASH_MONTH,BEAT_OF_OCCURRENCE,STREET_NAME,LATITUDE,LONGITUDE,DATE_POLICE_NOTIFIED,year
CR00037202,11/29/2024 08:54:00 AM,20,CLEAR,DARKNESS - LIGHTED ROAD,ANGLE,NOT DIVIDED,TRAFFIC SIGNAL,DRIVING SKILLS/KNOWLEDGE/EXPERIENCE,UNABLE TO DETERMINE,0,0,0,0,8,6,11,837,OGDEN AVE,41.865126,-87.836329,11/29/2024 10:17:00 AM,2024
CR00037203,09/30/2024 03:12:00 AM,30,CLEAR,DARKNESS,REAR END,DIVIDED - W/MEDIAN BARRIER,TRAFFIC SIGNAL,UNABLE TO DETERMINE,UNABLE TO DETERMINE,0,0,1,1,3,2,9,703,WESTERN AVE,41.824319,-87.843192,09/30/2024 05:02:00 AM,2024
CR00037204,06/07/2022 08:55:00 AM,35,CLEAR,DAYLIGHT,REAR END,NOT DIVIDED,STOP SIGN/FLASHER,DISREGARDING TRAFFIC SIGNALS,DRIVING SKILLS/KNOWLEDGE/EXPERIENCE,0,0,0,0,8,3,6,965,BROADWAY,41.918046,-87.843922,06/07/2022 09:34:00 AM,2022
CR00037205,06/28/2019 01:35:00 PM,45,CLEAR,DARKNESS,SIDESWIPE SAME DIRECTION,NOT DIVIDED,NO CONTROLS,FOLLOWING TOO CLOSELY,FAILING TO YIELD RIGHT-OF-WAY,0,0,0,0,13,6,6,1168,IRVING PARK RD,41.89615,-87.584613,06/28/2019 01:42:00 PM,2019
CR00037206,12/11/2020 03:29:00 PM,40,CLEAR,DAYLIGHT,PARKED MOTOR VEHICLE,DIVIDED - W/MEDIAN (NOT RAISED),NO CONTROLS,DISTRACTION - FROM INSIDE VEHICLE,NOT APPLICABLE,0,0,1,1,15,6,12,307,MICHIGAN AVE,41.92693,-87.774293,12/11/2020 04:35:00 PM,2020
CR00037207,06/11/2019 01:03:00 PM,30,CLEAR,DAYLIGHT,TURNING,ONE-WAY,NO CONTROLS,IMPROPER LANE USAGE,UNABLE TO DETERMINE,0,0,0,0,13,3,6,2459,BROADWAY,41.968274,-87.716618,06/11/2019 02:32:00 PM,2019
CR00037208,10/12/2020 04:54:00 PM,30,CLEAR,DAYLIGHT,ANGLE,ONE-WAY,TRAFFIC SIGNAL,UNABLE TO DETERMINE,DRIVING SKILLS/KNOWLEDGE/EXPERIENCE,0,0,0,0,16,2,10,1425,MILWAUKEE AVE,41.790433,-87.510166,10/12/2020 06:54:00 PM,2020
CR00037209,05/28/2018 08:39:00 PM,15,SNOW,DARKNESS - LIGHTED ROAD,TURNING,FOUR WAY,NO CONTROLS,DISTRACTION - FROM INSIDE VEHICLE,UNABLE TO DETERMINE,0,0,0,0,20,2,5,1899,BROADWAY,41.9563,-87.55204,05/28/2018 10:39:00 PM,2018
CR00037210,09/10/2015 10:31:00 AM,30,CLEAR,DAYLIGHT,REAR TO FRONT,NOT DIVIDED,TRAFFIC SIGNAL,DISTRACTION - FROM INSIDE VEHICLE,UNABLE TO DETERMINE,0,0,0,0,10,5,9,1354,DAMEN AVE,41.833348,-87.703158,09/10/2015 11:04:00 AM,2015
CR00037211,04/05/2024 07:45:00 AM,15,CLEAR,DARKNESS - LIGHTED ROAD,REAR END,T-INTERSECTION,NO CONTROLS,FOLLOWING TOO CLOSELY,NOT APPLICABLE,0,0,0,0,7,6,4,2282,47TH ST,41.885782,-87.715553,04/05/2024 08:45:00 AM,2024
CR00037212,06/07/2021 03:46:00 PM,40,CLEAR,DARKNESS - LIGHTED ROAD,PARKED MOTOR VEHICLE,DIVIDED - W/MEDIAN (NOT RAISED),NO CONTROLS,FAILING TO YIELD RIGHT-OF-WAY,UNABLE TO DETERMINE,0,0,0,0,15,2,6,1356,STATE ST,41.780259,-87.666519,06/07/2021 04:07:00 PM,2021
CR00037213,04/27/2021 08:08:00 AM,45,CLEAR,DAYLIGHT,PARKED MOTOR VEHICLE,NOT DIVIDED,NO CONTROLS,FAILING TO YIELD RIGHT-OF-WAY,DRIVING SKILLS/KNOWLEDGE/EXPERIENCE,0,0,0,0,8,3,4,321,MILWAUKEE AVE,41.869132,-87.623403,04/27/2021 10:06:00 AM,2021
CR00037214,02/11/2017 11:01:00 AM,20,CLEAR,DAYLIGHT,TURNING,DIVIDED - W/MEDIAN (NOT RAISED),NO CONTROLS,UNABLE TO DETERMINE,NOT APPLICABLE,0,1,1,2,11,7,2,1494,BROADWAY,41.726523,-87.548336,02/11/2017 12:50:00 PM,2017
CR00037215,04/02/2015 02:37:00 PM,20,CLEAR,DAYLIGHT,REAR END,ONE-WAY,UNKNOWN,FAILING TO YIELD RIGHT-OF-WAY,FOLLOWING TOO CLOSELY,0,0,0,0,14,5,4,613,LAKE SHORE DR,41.799744,-87.745338,04/02/2015 03:15:00 PM,2015
CR00037216,04/15/2018 01:09:00 PM,30,CLEAR,DARKNESS - LIGHTED ROAD,TURNING,ONE-WAY,NO CONTROLS,UNABLE TO DETERMINE,FAILING TO REDUCE SPEED,0,0,0,0,13,1,4,2248,STONY ISLAND AVE,41.897437,-87.56029,04/15/2018 01:25:00 PM,2018
CR00037217,08/09/2017 07:46:00 AM,35,CLEAR,DAYLIGHT,REAR END,ONE-WAY,NO CONTROLS,DRIVING SKILLS/KNOWLEDGE/EXPERIENCE,UNABLE TO DETERMINE,0,0,0,0,7,4,8,1878,MILWAUKEE AVE,41.799402,-87.638166,08/09/2017 08:09:00 AM,2017
CR00037218,10/17/2020 02:42:00 PM,35,RAIN,DAYLIGHT,TURNING,FOUR WAY,NO CONTROLS,IMPROPER LANE USAGE,FAILING TO REDUCE SPEED,0,0,2,2,14,7,10,2531,ASHLAND AVE,41.727139,-87.649452,10/17/2020 03:38:00 PM,2020
CR00037219,05/07/2023 08:39:00 AM,30,CLEAR,DAYLIGHT,TURNING,NOT DIVIDED,YIELD,UNABLE TO DETERMINE,FAILING TO YIELD RIGHT-OF-WAY,0,0,0,0,8,1,5,2502,MILWAUKEE AVE,41.986805,-87.744607,05/07/2023 10:05:00 AM,2023
CR00037220,02/16/2018 06:00:00 PM,25,FREEZING RAIN/DRIZZLE,DAYLIGHT,REAR END,NOT DIVIDED,TRAFFIC SIGNAL,UNABLE TO DETERMINE,FAILING TO REDUCE SPEED,0,0,0,0,18,6,2,1734,WESTERN AVE,41.91948,-87.847067,02/16/2018 06:02:00 PM,2018
CR00037221,07/12/2022 09:23:00 PM,35,CLEAR,DARKNESS - LIGHTED ROAD,REAR END,NOT DIVIDED,NO CONTROLS,FAILING TO YIELD RIGHT-OF-WAY,FOLLOWING TOO CLOSELY,0,0,0,0,21,3,7,184,ASHLAND AVE,41.956811,-87.645295,07/12/2022 10:07:00 PM,2022
CR00037222,12/04/2023 08:15:00 PM,30,CLEAR,DAYLIGHT,REAR END,DIVIDED - W/MEDIAN (NOT RAISED),TRAFFIC SIGNAL,DISTRACTION - FROM INSIDE VEHICLE,FOLLOWING TOO CLOSELY,0,0,0,0,20,2,12,422,DAMEN AVE,41.870008,-87.757791,12/04/2023 10:03:00 PM,2023
CR00037223,10/15/2016 02:21:00 AM,20,CLEAR,DARKNESS - LIGHTED ROAD,SIDESWIPE SAME DIRECTION,FOUR WAY,NO CONTROLS,UNABLE TO DETERMINE,UNABLE TO DETERMINE,0,0,0,0,2,7,10,2108,63RD ST,41.702944,-87.721841,10/15/2016 03:17:00 AM,2016
CR00037224,08/17/2018 10:00:00 AM,35,CLEAR,DAYLIGHT,PARKED MOTOR VEHICLE,NOT DIVIDED,STOP SIGN/FLASHER,UNABLE TO DETERMINE,UNABLE TO DETERMINE,0,0,0,0,10,6,8,1482,DIVISION ST,41.889603,-87.841492,08/17/2018 11:48:00 AM,2018
CR00037225,03/07/2022 08:35:00 AM,35,CLEAR,DARKNESS - LIGHTED ROAD,REAR END,NOT DIVIDED,NO CONTROLS,IMPROPER OVERTAKING/PASSING,FAILING TO YIELD RIGHT-OF-WAY,0,0,3,3,8,2,3,2128,BROADWAY,41.795317,-87.605901,03/07/2022 09:59:00 AM,2022
CR00037226,11/07/2017 04:49:00 PM,20,CLEAR,DAYLIGHT,REAR END,T-INTERSECTION,NO CONTROLS,FAILING TO YIELD RIGHT-OF-WAY,NOT APPLICABLE,0,0,0,0,16,3,11,2382,ASHLAND AVE,41.883703,-87.682381,11/07/2017 06:38:00 PM,2017
CR00037227,10/03/2020 12:51:00 PM,25,CLEAR,DARKNESS,REAR END,DIVIDED - W/MEDIAN BARRIER,STOP SIGN/FLASHER,FOLLOWING TOO CLOSELY,FOLLOWING TOO CLOSELY,0,0,0,0,12,7,10,600,WESTERN AVE,41.986873,-87.771521,10/03/2020 01:24:00 PM,2020
CR00037228,03/11/2024 03:19:00 PM,25,CLEAR,DAYLIGHT,SIDESWIPE SAME DIRECTION,FOUR WAY,NO CONTROLS,UNABLE TO DETERMINE,UNABLE TO DETERMINE,0,0,1,1,15,2,3,204,79TH ST,41.965187,-87.786832,03/11/2024 04:20:00 PM,2024
CR00037229,11/27/2020 11:39:00 AM,45,CLEAR,DAYLIGHT,FIXED OBJECT,FOUR WAY,TRAFFIC SIGNAL,DISTRACTION - FROM INSIDE VEHICLE,IMPROPER OVERTAKING/PASSING,0,0,0,0,11,6,11,1064,ARCHER AVE,41.738408,-87.536655,11/27/2020 01:11:00 PM,2020
CR00037230,06/03/2020 11:36:00 AM,30,CLEAR,DAYLIGHT,REAR END,FOUR WAY,TRAFFIC SIGNAL,UNABLE TO DETERMINE,DRIVING SKILLS/KNOWLEDGE/EXPERIENCE,0,0,0,0,11,4,6,2184,47TH ST,41.751976,-87.560742,06/03/2020 11:37:00 AM,2020
CR00037231,06/02/2021 05:11:00 PM,45,CLEAR,DARKNESS - LIGHTED ROAD,PEDESTRIAN,NOT DIVIDED,NO CONTROLS,IMPROPER OVERTAKING/PASSING,DRIVING SKILLS/KNOWLEDGE/EXPERIENCE,0,0,1,1,17,4,6,1161,ARCHER AVE,41.77676,-87.689062,06/02/2021 05:22:00 PM,2021
CR00037232,08/22/2022 09:49:00 AM,20,CLEAR,DARKNESS - LIGHTED ROAD,TURNING,T-INTERSECTION,TRAFFIC SIGNAL,UNABLE TO DETERMINE,DISTRACTION - FROM INSIDE VEHICLE,0,0,0,0,9,2,8,1518,ELSTON AVE,41.921438,-87.821242,08/22/2022 11:22:00 AM,2022
CR00037233,03/20/2021 10:36:00 PM,35,CLEAR,DARKNESS,TURNING,DIVIDED - W/MEDIAN (NOT RAISED),NO CONTROLS,WEATHER,UNABLE TO DETERMINE,0,0,0,0,22,7,3,231,DIVISION ST,41.835312,-87.500452,03/21/2021 12:06:00 AM,2021
CR00037234,12/07/2016 03:16:00 PM,30,RAIN,DARKNESS - LIGHTED ROAD,REAR END,ONE-WAY,UNKNOWN,DISREGARDING TRAFFIC SIGNALS,FAILING TO YIELD RIGHT-OF-WAY,0,0,1,1,15,4,12,2420,CALIFORNIA AVE,41.835258,-87.503143,12/07/2016 04:07:00 PM,2016
CR00037235,06/07/2018 10:04:00 AM,15,FOG/SMOKE/HAZE,DAYLIGHT,PARKED MOTOR VEHICLE,NOT DIVIDED,STOP SIGN/FLASHER,DISREGARDING TRAFFIC SIGNALS,DRIVING SKILLS/KNOWLEDGE/EXPERIENCE,0,0,0,0,10,5,6,1651,KEDZIE AVE,41.914849,-87.614563,06/07/2018 11:08:00 AM,2018
CR00037236,03/10/2017 07:39:00 AM,30,RAIN,DAYLIGHT,REAR END,ONE-WAY,PEDESTRIAN CROSSING SIGN,FOLLOWING TOO CLOSELY,FOLLOWING TOO CLOSELY,0,0,1,1,7,6,3,1329,ELSTON AVE,41.831214,-87.619123,03/10/2017 08:08:00 AM,2017
CR00037237,04/18/2015 10:36:00 AM,30,CLEAR,DARKNESS - LIGHTED ROAD,SIDESWIPE SAME DIRECTION,DIVIDED - W/MEDIAN (NOT RAISED),NO CONTROLS,FAILING TO YIELD RIGHT-OF-WAY,UNABLE TO DETERMINE,0,0,0,0,10,7,4,2037,ELSTON AVE,41.764498,-87.558519,04/18/2015 11:38:00 AM,2015
CR00037238,11/15/2017 03:22:00 PM,30,CLEAR,DAYLIGHT,REAR END,NOT DIVIDED,NO CONTROLS,IMPROPER LANE USAGE,FOLLOWING TOO CLOSELY,0,0,0,0,15,4,11,1577,PULASKI RD,41.776799,-87.796778,11/15/2017 03:42:00 PM,2017
CR00037239,10/29/2019 05:34:00 PM,45,CLEAR,DUSK,REAR END,NOT DIVIDED,TRAFFIC SIGNAL,UNABLE TO DETERMINE,FOLLOWING TOO CLOSELY,0,0,0,0,17,3,10,556,ELSTON AVE,41.832865,-87.827527,10/29/2019 06:03:00 PM,2019
CR00037240,06/09/2024 05:46:00 AM,45,CLEAR,DARKNESS,ANGLE,T-INTERSECTION,NO CONTROLS,UNABLE TO DETERMINE,IMPROPER OVERTAKING/PASSING,0,0,0,0,5,1,6,336,MICHIGAN AVE,41.775585,-87.650713,06/09/2024 06:49:00 AM,2024
CR00037241,01/02/2022 07:17:00 AM,20,CLOUDY/OVERCAST,DAWN,TURNING,NOT DIVIDED,YIELD,DISREGARDING TRAFFIC SIGNALS,DISTRACTION - FROM INSIDE VEHICLE,0,0,1,1,7,1,1,1585,PULASKI RD,41.896606,-87.634665,01/02/2022 08:16:00 AM,2022
CR00037242,08/12/2015 02:38:00 PM,35,CLEAR,DAYLIGHT,REAR TO FRONT,ONE-WAY,TRAFFIC SIGNAL,DRIVING SKILLS/KNOWLEDGE/EXPERIENCE,DRIVING SKILLS/KNOWLEDGE/EXPERIENCE,0,1,1,2,14,4,8,1934,CALIFORNIA AVE,41.749066,-87.813545,08/12/2015 04:13:00 PM,2015
CR00037243,06/05/2021 03:09:00 AM,30,CLEAR,DARKNESS - LIGHTED ROAD,FIXED OBJECT,NOT DIVIDED,NO CONTROLS,FAILING TO YIELD RIGHT-OF-WAY,FAILING TO YIELD RIGHT-OF-WAY,0,0,0,0,3,7,6,2489,DIVISION ST,41.937177,-87.655165,06/05/2021 04:17:00 AM,2021
CR00037244,10/02/2015 04:11:00 PM,35,CLOUDY/OVERCAST,DARKNESS - LIGHTED ROAD,REAR END,T-INTERSECTION,NO CONTROLS,DISTRACTION - FROM INSIDE VEHICLE,UNABLE TO DETERMINE,0,0,1,1,16,6,10,2310,STATE ST,41.733224,-87.703868,10/02/2015 04:58:00 PM,2015
CR00037245,04/03/2024 06:14:00 PM,35,CLEAR,DUSK,ANGLE,NOT DIVIDED,NO CONTROLS,DRIVING SKILLS/KNOWLEDGE/EXPERIENCE,NOT APPLICABLE,0,0,0,0,18,4,4,584,STATE ST,41.914203,-87.799439,04/03/2024 08:05:00 PM,2024
CR00037246,08/03/2024 12:22:00 PM,30,RAIN,DAYLIGHT,REAR END,DIVIDED - W/MEDIAN (NOT RAISED),STOP SIGN/FLASHER,FAILING TO YIELD RIGHT-OF-WAY,FAILING TO REDUCE SPEED,0,0,0,0,12,7,8,1135,STATE ST,41.728713,-87.642572,08/03/2024 12:53:00 PM,2024
CR00037247,04/02/2017 05:26:00 PM,20,RAIN,DUSK,REAR END,DIVIDED - W/MEDIAN (NOT RAISED),TRAFFIC SIGNAL,DISREGARDING TRAFFIC SIGNALS,FAILING TO YIELD RIGHT-OF-WAY,0,0,0,0,17,1,4,802,STATE ST,41.719804,-87.58099,04/02/2017 05:56:00 PM,2017
CR00037248,11/15/2022 06:21:00 PM,40,RAIN,DUSK,SIDESWIPE SAME DIRECTION,NOT DIVIDED,TRAFFIC SIGNAL,FOLLOWING TOO CLOSELY,UNABLE TO DETERMINE,0,0,0,0,18,3,11,1207,CALIFORNIA AVE,41.994542,-87.792069,11/15/2022 06:59:00 PM,2022
CR00037249,12/15/2023 12:13:00 AM,30,CLEAR,DAYLIGHT,REAR END,NOT DIVIDED,NO CONTROLS,IMPROPER LANE USAGE,IMPROPER OVERTAKING/PASSING,0,0,0,0,0,6,12,2295,PULASKI RD,41.729031,-87.573347,12/15/2023 12:39:00 AM,2023
CR00037250,10/23/2021 03:00:00 AM,35,CLEAR,DARKNESS - LIGHTED ROAD,REAR END,DIVIDED - W/MEDIAN BARRIER,TRAFFIC SIGNAL,FOLLOWING TOO CLOSELY,NOT APPLICABLE,0,0,0,0,3,7,10,367,47TH ST,41.832091,-87.598357,10/23/2021 04:59:00 AM,2021
CR00037251,07/11/2021 05:21:00 AM,35,CLEAR,DAYLIGHT,REAR END,FOUR WAY,STOP SIGN/FLASHER,DISREGARDING TRAFFIC SIGNALS,IMPROPER OVERTAKING/PASSING,0,0,0,0,5,1,7,369,HALSTED ST,41.935822,-87.772927,07/11/2021 06:21:00 AM,2021
CR00037252,01/23/2015 09:55:00 PM,35,CLEAR,DAYLIGHT,TURNING,NOT DIVIDED,STOP SIGN/FLASHER,UNABLE TO DETERMINE,FAILING TO YIELD RIGHT-OF-WAY,0,1,3,4,21,6,1,1003,STATE ST,41.966504,-87.759729,01/23/2015 11:22:00 PM,2015
CR00037253,12/22/2015 11:38:00 AM,30,RAIN,DARKNESS - LIGHTED ROAD,PEDESTRIAN,ONE-WAY,UNKNOWN,FAILING TO YIELD RIGHT-OF-WAY,IMPROPER OVERTAKING/PASSING,0,2,2,4,11,3,12,2213,DAMEN AVE,41.926273,-87.701938,12/22/2015 01:13:00 PM,2015
CR00037254,09/30/2015 06:00:00 PM,25,SNOW,DAYLIGHT,PARKED MOTOR VEHICLE,NOT DIVIDED,STOP SIGN/FLASHER,UNABLE TO DETERMINE,NOT APPLICABLE,0,0,0,0,18,4,9,458,ELSTON AVE,41.927418,-87.523268,09/30/2015 07:29:00 PM,2015
CR00037255,03/24/2020 10:52:00 AM,20,CLEAR,DAYLIGHT,SIDESWIPE SAME DIRECTION,NOT DIVIDED,NO CONTROLS,UNABLE TO DETERMINE,DISREGARDING TRAFFIC SIGNALS,0,0,0,0,10,3,3,1790,CICERO AVE,41.819802,-87.804819,03/24/2020 11:58:00 AM,2020
CR00037256,01/23/2023 01:11:00 AM,35,RAIN,DAYLIGHT,REAR END,DIVIDED - W/MEDIAN BARRIER,NO CONTROLS,FAILING TO YIELD RIGHT-OF-WAY,IMPROPER OVERTAKING/PASSING,0,0,2,2,1,2,1,168,CICERO AVE,41.861452,-87.575668,01/23/2023 03:07:00 AM,2023
CR00037257,12/02/2019 08:14:00 AM,40,CLOUDY/OVERCAST,DAYLIGHT,FIXED OBJECT,T-INTERSECTION,NO CONTROLS,IMPROPER LANE USAGE,FOLLOWING TOO CLOSELY,0,0,0,0,8,2,12,1906,PULASKI RD,41.933377,-87.644575,12/02/2019 08:37:00 AM,2019
CR00037258,01/29/2016 11:34:00 AM,40,CLEAR,DARKNESS - LIGHTED ROAD,ANGLE,DIVIDED - W/MEDIAN BARRIER,STOP SIGN/FLASHER,FOLLOWING TOO CLOSELY,IMPROPER OVERTAKING/PASSING,0,0,0,0,11,6,1,1471,DIVISION ST,41.960621,-87.621603,01/29/2016 12:02:00 PM,2016
CR00037259,05/14/2017 04:01:00 PM,30,CLOUDY/OVERCAST,DAYLIGHT,SIDESWIPE SAME DIRECTION,DIVIDED - W/MEDIAN BARRIER,TRAFFIC SIGNAL,FOLLOWING TOO CLOSELY,FOLLOWING TOO CLOSELY,0,0,0,0,16,1,5,509,79TH ST,41.777574,-87.572222,05/14/2017 04:42:00 PM,2017
CR00037260,12/06/2019 02:53:00 AM,30,CLEAR,DAYLIGHT,PARKED MOTOR VEHICLE,NOT DIVIDED,NO CONTROLS,WEATHER,NOT APPLICABLE,0,0,0,0,2,6,12,564,MICHIGAN AVE,41.724912,-87.817337,12/06/2019 04:30:00 AM,2019
CR00037261,04/17/2019 04:58:00 PM,35,CLEAR,DAYLIGHT,REAR END,NOT DIVIDED,TRAFFIC SIGNAL,FOLLOWING TOO CLOSELY,FAILING TO YIELD RIGHT-OF-WAY,0,0,0,0,16,4,4,1225,CALIFORNIA AVE,41.962432,-87.748858,04/17/2019 06:34:00 PM,2019
CR00037262,02/03/2024 12:10:00 PM,35,RAIN,DAYLIGHT,REAR END,NOT DIVIDED,NO CONTROLS,IMPROPER OVERTAKING/PASSING,NOT APPLICABLE,0,0,2,2,12,7,2,598,HALSTED ST,41.810578,-87.540526,02/03/2024 12:55:00 PM,2024
CR00037263,10/30/2023 08:11:00 PM,30,RAIN,DAYLIGHT,PARKED MOTOR VEHICLE,ONE-WAY,PEDESTRIAN CROSSING SIGN,DISTRACTION - FROM INSIDE VEHICLE,DRIVING SKILLS/KNOWLEDGE/EXPERIENCE,0,0,0,0,20,2,10,148,CICERO AVE,41.705688,-87.580459,10/30/2023 09:40:00 PM,2023
CR00037264,06/26/2019 11:01:00 AM,35,SNOW,DAYLIGHT,REAR END,DIVIDED - W/MEDIAN BARRIER,NO CONTROLS,FOLLOWING TOO CLOSELY,NOT APPLICABLE,0,0,3,3,11,4,6,410,63RD ST,41.893844,-87.728651,06/26/2019 12:42:00 PM,2019
CR00037265,10/15/2022 08:58:00 AM,35,CLEAR,DARKNESS,ANGLE,NOT DIVIDED,NO CONTROLS,WEATHER,FAILING TO REDUCE SPEED,0,0,0,0,8,7,10,2446,79TH ST,41.973091,-87.804203,10/15/2022 08:59:00 AM,2022
CR00037266,08/01/2019 06:43:00 PM,30,CLEAR,DARKNESS - LIGHTED ROAD,FIXED OBJECT,DIVIDED - W/MEDIAN (NOT RAISED),NO CONTROLS,UNABLE TO DETERMINE,NOT APPLICABLE,0,0,0,0,18,5,8,532,63RD ST,41.772662,-87.842787,08/01/2019 07:27:00 PM,2019
CR00037267,11/04/2020 04:40:00 PM,20,SNOW,DARKNESS - LIGHTED ROAD,TURNING,T-INTERSECTION,TRAFFIC SIGNAL,UNABLE TO DETERMINE,DRIVING SKILLS/KNOWLEDGE/EXPERIENCE,0,0,2,2,16,4,11,448,IRVING PARK RD,41.723127,-87.698523,11/04/2020 05:27:00 PM,2020
CR00037268,07/19/2016 10:54:00 AM,40,CLEAR,DAWN,SIDESWIPE SAME DIRECTION,ONE-WAY,NO CONTROLS,FOLLOWING TOO CLOSELY,DRIVING SKILLS/KNOWLEDGE/EXPERIENCE,0,0,0,0,10,3,7,964,79TH ST,41.841452,-87.558375,07/19/2016 12:39:00 PM,2016
CR00037269,10/07/2016 08:39:00 AM,15,FOG/SMOKE/HAZE,DARKNESS - LIGHTED ROAD,TURNING,DIVIDED - W/MEDIAN BARRIER,NO CONTROLS,FAILING TO YIELD RIGHT-OF-WAY,UNABLE TO DETERMINE,0,0,0,0,8,6,10,1033,CICERO AVE,41.816482,-87.794611,10/07/2016 10:28:00 AM,2016
CR00037270,02/09/2024 11:48:00 AM,35,CLEAR,DUSK,REAR END,ONE-WAY,NO CONTROLS,DISREGARDING TRAFFIC SIGNALS,FOLLOWING TOO CLOSELY,0,0,0,0,11,6,2,232,ELSTON AVE,41.921261,-87.519802,02/09/2024 01:12:00 PM,2024
CR00037271,08/09/2022 02:38:00 PM,35,CLEAR,DAYLIGHT,REAR TO FRONT,ONE-WAY,NO CONTROLS,FAILING TO REDUCE SPEED,IMPROPER LANE USAGE,0,0,0,0,14,3,8,2299,47TH ST,41.974314,-87.731057,08/09/2022 03:51:00 PM,2022
CR00037272,10/02/2015 08:57:00 AM,20,CLEAR,DARKNESS - LIGHTED ROAD,REAR END,NOT DIVIDED,TRAFFIC SIGNAL,DISTRACTION - FROM INSIDE VEHICLE,NOT APPLICABLE,0,0,0,0,8,6,10,733,ASHLAND AVE,41.842633,-87.651518,10/02/2015 09:40:00 AM,2015
CR00037273,06/12/2021 06:51:00 PM,35,CLOUDY/OVERCAST,DAYLIGHT,FIXED OBJECT,FOUR WAY,NO CONTROLS,FAILING TO REDUCE SPEED,FAILING TO YIELD RIGHT-OF-WAY,0,0,0,0,18,7,6,2434,63RD ST,41.901396,-87.755045,06/12/2021 07:14:00 PM,2021
CR00037274,01/08/2023 05:00:00 PM,35,CLEAR,DAYLIGHT,TURNING,NOT DIVIDED,NO CONTROLS,FOLLOWING TOO CLOSELY,UNABLE TO DETERMINE,0,0,0,0,17,1,1,1427,PULASKI RD,41.909839,-87.536206,01/08/2023 06:32:00 PM,2023
CR00037275,05/02/2023 07:34:00 PM,20,SNOW,DAYLIGHT,REAR END,NOT DIVIDED,TRAFFIC SIGNAL,FAILING TO YIELD RIGHT-OF-WAY,UNABLE TO DETERMINE,0,0,0,0,19,3,5,694,47TH ST,41.878132,-87.681659,05/02/2023 07:49:00 PM,2023
CR00037276,08/04/2022 02:47:00 PM,15,RAIN,DAYLIGHT,ANGLE,NOT DIVIDED,UNKNOWN,FAILING TO YIELD RIGHT-OF-WAY,NOT APPLICABLE,0,0,0,0,14,5,8,754,HALSTED ST,41.733112,-87.624759,08/04/2022 03:04:00 PM,2022
CR00037277,01/14/2019 06:49:00 PM,30,CLEAR,DUSK,PARKED MOTOR VEHICLE,NOT DIVIDED,NO CONTROLS,FAILING TO YIELD RIGHT-OF-WAY,FAILING TO REDUCE SPEED,0,0,0,0,18,2,1,2217,FULLERTON AVE,41.988888,-87.502881,01/14/2019 07:22:00 PM,2019
CR00037278,06/14/2015 05:05:00 PM,20,CLEAR,DARKNESS - LIGHTED ROAD,REAR TO FRONT,DIVIDED - W/MEDIAN (NOT RAISED),PEDESTRIAN CROSSING SIGN,FOLLOWING TOO CLOSELY,IMPROPER LANE USAGE,0,0,0,0,17,1,6,1146,STATE ST,41.900996,-87.794057,06/14/2015 06:52:00 PM,2015
CR00037279,03/02/2023 09:23:00 AM,30,CLEAR,DUSK,PARKED MOTOR VEHICLE,DIVIDED - W/MEDIAN (NOT RAISED),NO CONTROLS,UNABLE TO DETERMINE,FAILING TO YIELD RIGHT-OF-WAY,0,0,0,0,9,5,3,1947,WESTERN AVE,41.789658,-87.758974,03/02/2023 10:24:00 AM,2023
CR00037280,06/22/2023 11:51:00 AM,30,CLEAR,DARKNESS,SIDESWIPE SAME DIRECTION,T-INTERSECTION,NO CONTROLS,FAILING TO REDUCE SPEED,FOLLOWING TOO CLOSELY,0,0,1,1,11,5,6,1168,ELSTON AVE,41.959473,-87.802544,06/22/2023 11:55:00 AM,2023
CR00037281,04/26/2021 01:07:00 PM,45,CLEAR,DAYLIGHT,REAR END,ONE-WAY,STOP SIGN/FLASHER,FOLLOWING TOO CLOSELY,UNABLE TO DETERMINE,0,0,0,0,13,2,4,314,MILWAUKEE AVE,41.750091,-87.604272,04/26/2021 03:07:00 PM,2021
CR00037282,09/21/2023 01:35:00 PM,20,CLEAR,DAYLIGHT,ANGLE,T-INTERSECTION,TRAFFIC SIGNAL,IMPROPER LANE USAGE,UNABLE TO DETERMINE,0,0,0,0,13,5,9,1120,WESTERN AVE,41.786446,-87.665598,09/21/2023 02:02:00 PM,2023
CR00037283,01/11/2018 07:34:00 PM,40,CLEAR,DUSK,REAR TO FRONT,DIVIDED - W/MEDIAN BARRIER,UNKNOWN,DRIVING SKILLS/KNOWLEDGE/EXPERIENCE,NOT APPLICABLE,0,0,0,0,19,5,1,1900,CALIFORNIA AVE,41.84758,-87.723968,01/11/2018 08:11:00 PM,2018
CR00037284,09/23/2020 04:57:00 PM,30,CLEAR,DAYLIGHT,FIXED OBJECT,FOUR WAY,NO CONTROLS,FOLLOWING TOO CLOSELY,FOLLOWING TOO CLOSELY,0,0,3,3,16,4,9,223,MICHIGAN AVE,41.849622,-87.634115,09/23/2020 06:45:00 PM,2020