CRASH_RECORD_ID,CRASH_DATE,POSTED_SPEED_LIMIT,WEATHER_CONDITION,LIGHTING_CONDITION,FIRST_CRASH_TYPE,TRAFFICWAY_TYPE,TRAFFIC_CONTROL_DEVICE,PRIM_CONTRIBUTORY_CAUSE,SEC_CONTRIBUTORY_CAUSE,INJURIES_FATAL,INJURIES_INCAPACITATING,INJURIES_NON_INCAPACITATING,INJURIES_TOTAL,CRASH_HOUR,CRASH_DAY_OF_WEEK,CRASH_MONTH,BEAT_OF_OCCURRENCE,STREET_NAME,LATITUDE,LONGITUDE,DATE_POLICE_NOTIFIED,year
CR00037285,09/30/2015 04:58:00 PM,30,CLEAR,DAYLIGHT,REAR END,NOT DIVIDED,STOP SIGN/FLASHER,WEATHER,DRIVING SKILLS/KNOWLEDGE/EXPERIENCE,0,0,0,0,16,4,9,1629,STATE ST,41.825377,-87.839356,09/30/2015 06:35:00 PM,2015
CR00037286,12/15/2019 05:36:00 PM,15,CLEAR,DARKNESS - LIGHTED ROAD,REAR TO FRONT,FOUR WAY,NO CONTROLS,IMPROPER LANE USAGE,DISTRACTION - FROM INSIDE VEHICLE,0,2,0,2,17,1,12,2531,DAMEN AVE,41.985316,-87.574295,12/15/2019 07:07:00 PM,2019
CR00037287,03/21/2019 12:43:00 PM,40,CLEAR,DAYLIGHT,SIDESWIPE SAME DIRECTION,DIVIDED - W/MEDIAN (NOT RAISED),TRAFFIC SIGNAL,UNABLE TO DETERMINE,UNABLE TO DETERMINE,0,0,0,0,12,5,3,1257,KEDZIE AVE,41.779603,-87.585618,03/21/2019 02:42:00 PM,2019
CR00037288,03/14/2015 10:19:00 PM,15,CLEAR,DAYLIGHT,REAR END,FOUR WAY,UNKNOWN,FAILING TO YIELD RIGHT-OF-WAY,FAILING TO REDUCE SPEED,0,0,0,0,22,7,3,1468,DIVISION ST,41.948615,-87.83494,03/14/2015 11:21:00 PM,2015
CR00037289,11/04/2020 08:36:00 AM,40,CLEAR,DUSK,TURNING,FOUR WAY,NO CONTROLS,WEATHER,FOLLOWING TOO CLOSELY,0,0,0,0,8,4,11,1248,CLARK ST,41.955207,-87.76898,11/04/2020 10:30:00 AM,2020
CR00037290,08/02/2015 02:25:00 AM,35,RAIN,DAYLIGHT,FIXED OBJECT,DIVIDED - W/MEDIAN (NOT RAISED),NO CONTROLS,DRIVING SKILLS/KNOWLEDGE/EXPERIENCE,IMPROPER OVERTAKING/PASSING,0,0,0,0,2,1,8,1041,DIVISION ST,41.993584,-87.52992,08/02/2015 03:22:00 AM,2015
CR00037291,06/20/2017 09:26:00 AM,45,CLEAR,DARKNESS,REAR END,T-INTERSECTION,UNKNOWN,WEATHER,NOT APPLICABLE,0,0,0,0,9,3,6,877,BROADWAY,41.903124,-87.803573,06/20/2017 10:28:00 AM,2017
CR00037292,11/08/2017 09:46:00 PM,15,CLEAR,DAYLIGHT,PARKED MOTOR VEHICLE,ONE-WAY,NO CONTROLS,DRIVING SKILLS/KNOWLEDGE/EXPERIENCE,IMPROPER OVERTAKING/PASSING,0,0,0,0,21,4,11,136,OGDEN AVE,41.87032,-87.56666,11/08/2017 11:10:00 PM,2017
CR00037293,10/30/2019 11:21:00 AM,25,CLEAR,DARKNESS - LIGHTED ROAD,TURNING,ONE-WAY,STOP SIGN/FLASHER,DISTRACTION - FROM INSIDE VEHICLE,UNABLE TO DETERMINE,0,0,0,0,11,4,10,685,47TH ST,41.966002,-87.570465,10/30/2019 11:38:00 AM,2019
CR00037294,08/22/2023 02:11:00 PM,15,FOG/SMOKE/HAZE,DARKNESS - LIGHTED ROAD,REAR TO FRONT,ONE-WAY,TRAFFIC SIGNAL,FOLLOWING TOO CLOSELY,UNABLE TO DETERMINE,0,1,2,3,14,3,8,1075,ASHLAND AVE,41.86753,-87.74502,08/22/2023 04:00:00 PM,2023
CR00037295,12/19/2023 10:50:00 PM,35,RAIN,DAYLIGHT,SIDESWIPE SAME DIRECTION,ONE-WAY,UNKNOWN,UNABLE TO DETERMINE,WEATHER,0,0,0,0,22,3,12,2444,IRVING PARK RD,41.987985,-87.503086,12/20/2023 12:09:00 AM,2023
CR00037296,11/03/2016 01:54:00 PM,45,CLEAR,DAYLIGHT,REAR END,FOUR WAY,TRAFFIC SIGNAL,FAILING TO REDUCE SPEED,NOT APPLICABLE,0,0,1,1,13,5,11,2507,ROOSEVELT RD,41.983108,-87.704236,11/03/2016 02:01:00 PM,2016
CR00037297,11/19/2017 04:45:00 AM,45,CLEAR,DARKNESS - LIGHTED ROAD,REAR END,NOT DIVIDED,NO CONTROLS,FAILING TO YIELD RIGHT-OF-WAY,DISREGARDING TRAFFIC SIGNALS,0,0,0,0,4,1,11,2146,47TH ST,41.923464,-87.517697,11/19/2017 05:03:00 AM,2017
CR00037298,02/08/2018 05:04:00 PM,25,CLEAR,DAYLIGHT,REAR END,NOT DIVIDED,NO CONTROLS,FAILING TO REDUCE SPEED,UNABLE TO DETERMINE,0,0,0,0,17,5,2,439,DAMEN AVE,41.788224,-87.797291,02/08/2018 06:43:00 PM,2018
CR00037299,11/04/2023 08:12:00 PM,35,CLEAR,DAYLIGHT,SIDESWIPE SAME DIRECTION,NOT DIVIDED,NO CONTROLS,IMPROPER LANE USAGE,FAILING TO YIELD RIGHT-OF-WAY,0,0,3,3,20,7,11,1764,MICHIGAN AVE,41.851465,-87.596938,11/04/2023 10:01:00 PM,2023
CR00037300,07/03/2019 10:21:00 AM,40,CLEAR,DAYLIGHT,REAR END,FOUR WAY,STOP SIGN/FLASHER,UNABLE TO DETERMINE,FOLLOWING TOO CLOSELY,0,0,0,0,10,4,7,1867,79TH ST,41.936472,-87.674998,07/03/2019 12:09:00 PM,2019
CR00037301,10/29/2017 02:16:00 AM,30,CLEAR,DARKNESS - LIGHTED ROAD,PARKED MOTOR VEHICLE,DIVIDED - W/MEDIAN BARRIER,TRAFFIC SIGNAL,UNABLE TO DETERMINE,UNABLE TO DETERMINE,0,0,1,1,2,1,10,1111,ELSTON AVE,41.74339,-87.674666,10/29/2017 03:27:00 AM,2017
CR00037302,12/19/2019 10:08:00 PM,35,CLEAR,DAYLIGHT,TURNING,DIVIDED - W/MEDIAN (NOT RAISED),NO CONTROLS,FOLLOWING TOO CLOSELY,IMPROPER LANE USAGE,0,0,0,0,22,5,12,732,LAKE SHORE DR,41.793671,-87.622287,12/19/2019 11:06:00 PM,2019
CR00037303,08/15/2022 08:29:00 AM,30,CLEAR,DAWN,TURNING,DIVIDED - W/MEDIAN (NOT RAISED),TRAFFIC SIGNAL,FAILING TO REDUCE SPEED,FAILING TO YIELD RIGHT-OF-WAY,0,0,0,0,8,2,8,721,CLARK ST,41.940947,-87.70859,08/15/2022 08:46:00 AM,2022
CR00037304,12/18/2024 01:42:00 PM,30,RAIN,DAYLIGHT,REAR END,ONE-WAY,STOP SIGN/FLASHER,UNABLE TO DETERMINE,IMPROPER LANE USAGE,0,0,0,0,13,4,12,341,STONY ISLAND AVE,41.884175,-87.657404,12/18/2024 03:34:00 PM,2024
CR00037305,11/01/2018 07:20:00 PM,45,CLEAR,DAYLIGHT,REAR END,NOT DIVIDED,TRAFFIC SIGNAL,UNABLE TO DETERMINE,NOT APPLICABLE,0,0,0,0,19,5,11,1206,ELSTON AVE,41.878053,-87.637515,11/01/2018 08:18:00 PM,2018
CR00037306,12/22/2020 04:59:00 PM,45,CLEAR,DARKNESS - LIGHTED ROAD,REAR END,T-INTERSECTION,STOP SIGN/FLASHER,FOLLOWING TOO CLOSELY,FOLLOWING TOO CLOSELY,0,2,2,4,16,3,12,434,ASHLAND AVE,41.796816,-87.810682,12/22/2020 05:48:00 PM,2020
CR00037307,12/18/2023 08:39:00 PM,40,CLEAR,DAYLIGHT,TURNING,NOT DIVIDED,TRAFFIC SIGNAL,UNABLE TO DETERMINE,DISREGARDING TRAFFIC SIGNALS,0,0,0,0,20,2,12,579,ELSTON AVE,41.931488,-87.699184,12/18/2023 09:20:00 PM,2023
CR00037308,09/29/2018 02:50:00 PM,35,CLEAR,DUSK,REAR END,NOT DIVIDED,NO CONTROLS,FOLLOWING TOO CLOSELY,NOT APPLICABLE,0,0,0,0,14,7,9,908,47TH ST,41.964846,-87.680142,09/29/2018 03:59:00 PM,2018
CR00037309,07/31/2017 06:55:00 AM,35,CLEAR,DAYLIGHT,ANGLE,T-INTERSECTION,TRAFFIC SIGNAL,WEATHER,UNABLE TO DETERMINE,0,0,0,0,6,2,7,580,KEDZIE AVE,41.744603,-87.609494,07/31/2017 07:47:00 AM,2017
CR00037310,01/23/2024 12:04:00 PM,30,CLEAR,DARKNESS - LIGHTED ROAD,PARKED MOTOR VEHICLE,DIVIDED - W/MEDIAN BARRIER,NO CONTROLS,IMPROPER LANE USAGE,FAILING TO YIELD RIGHT-OF-WAY,0,0,0,0,12,3,1,2164,DAMEN AVE,41.89636,-87.509945,01/23/2024 01:50:00 PM,2024
CR00037311,09/27/2020 05:29:00 AM,35,CLEAR,DAYLIGHT,PARKED MOTOR VEHICLE,ONE-WAY,NO CONTROLS,FOLLOWING TOO CLOSELY,UNABLE TO DETERMINE,0,0,0,0,5,1,9,1414,47TH ST,41.841717,-87.689862,09/27/2020 07:12:00 AM,2020
CR00037312,07/19/2024 08:35:00 AM,35,RAIN,DAYLIGHT,SIDESWIPE SAME DIRECTION,ONE-WAY,UNKNOWN,DRIVING SKILLS/KNOWLEDGE/EXPERIENCE,DISREGARDING TRAFFIC SIGNALS,0,0,0,0,8,6,7,1599,DIVISION ST,41.932793,-87.69114,07/19/2024 09:08:00 AM,2024
CR00037313,08/07/2024 04:52:00 PM,25,CLEAR,DAYLIGHT,REAR END,DIVIDED - W/MEDIAN (NOT RAISED),NO CONTROLS,WEATHER,UNABLE TO DETERMINE,0,0,0,0,16,4,8,436,ASHLAND AVE,41.879296,-87.694268,08/07/2024 05:25:00 PM,2024
CR00037314,07/30/2023 05:55:00 PM,25,CLEAR,DAYLIGHT,REAR END,FOUR WAY,TRAFFIC SIGNAL,UNABLE TO DETERMINE,IMPROPER LANE USAGE,0,0,0,0,17,1,7,910,47TH ST,41.782457,-87.798457,07/30/2023 06:52:00 PM,2023
CR00037315,03/05/2017 05:02:00 PM,40,CLEAR,DAYLIGHT,TURNING,NOT DIVIDED,STOP SIGN/FLASHER,IMPROPER OVERTAKING/PASSING,NOT APPLICABLE,0,0,0,0,17,1,3,1156,63RD ST,41.800868,-87.696012,03/05/2017 05:32:00 PM,2017
CR00037316,03/04/2017 06:30:00 PM,45,CLOUDY/OVERCAST,DAYLIGHT,TURNING,FOUR WAY,STOP SIGN/FLASHER,DRIVING SKILLS/KNOWLEDGE/EXPERIENCE,FAILING TO REDUCE SPEED,0,0,0,0,18,7,3,2256,ROOSEVELT RD,41.713416,-87.504026,03/04/2017 08:02:00 PM,2017
CR00037317,04/11/2021 07:12:00 AM,45,FREEZING RAIN/DRIZZLE,DARKNESS - LIGHTED ROAD,PEDESTRIAN,FOUR WAY,TRAFFIC SIGNAL,FOLLOWING TOO CLOSELY,NOT APPLICABLE,0,0,0,0,7,1,4,1781,ARCHER AVE,41.881351,-87.701378,04/11/2021 07:42:00 AM,2021
CR00037318,07/12/2022 07:06:00 AM,25,CLEAR,DAYLIGHT,REAR END,NOT DIVIDED,NO CONTROLS,DISTRACTION - FROM INSIDE VEHICLE,UNABLE TO DETERMINE,0,0,0,0,7,3,7,353,PULASKI RD,41.757316,-87.605506,07/12/2022 08:52:00 AM,2022
CR00037319,03/23/2023 04:48:00 PM,30,RAIN,DAYLIGHT,TURNING,NOT DIVIDED,UNKNOWN,DISTRACTION - FROM INSIDE VEHICLE,FAILING TO YIELD RIGHT-OF-WAY,0,0,0,0,16,5,3,1443,ROOSEVELT RD,41.892489,-87.839211,03/23/2023 06:47:00 PM,2023
CR00037320,02/12/2019 06:59:00 AM,20,CLEAR,DAYLIGHT,TURNING,DIVIDED - W/MEDIAN BARRIER,STOP SIGN/FLASHER,DISTRACTION - FROM INSIDE VEHICLE,FOLLOWING TOO CLOSELY,0,0,0,0,6,3,2,2328,LAKE SHORE DR,41.888915,-87.623006,02/12/2019 07:02:00 AM,2019
CR00037321,06/16/2017 04:39:00 PM,35,CLEAR,DAYLIGHT,PARKED MOTOR VEHICLE,ONE-WAY,TRAFFIC SIGNAL,UNABLE TO DETERMINE,FOLLOWING TOO CLOSELY,0,0,1,1,16,6,6,350,STATE ST,41.719617,-87.51797,06/16/2017 05:15:00 PM,2017
CR00037322,10/01/2017 12:38:00 AM,30,CLEAR,DARKNESS,TURNING,NOT DIVIDED,TRAFFIC SIGNAL,UNABLE TO DETERMINE,FAILING TO YIELD RIGHT-OF-WAY,0,0,0,0,0,1,10,104,LAKE SHORE DR,41.723703,-87.630933,10/01/2017 01:45:00 AM,2017
CR00037323,01/12/2015 04:13:00 AM,25,CLEAR,DAYLIGHT,REAR END,NOT DIVIDED,NO CONTROLS,IMPROPER OVERTAKING/PASSING,DRIVING SKILLS/KNOWLEDGE/EXPERIENCE,0,0,3,3,4,2,1,2020,MICHIGAN AVE,41.966879,-87.718944,01/12/2015 04:53:00 AM,2015
CR00037324,02/04/2016 03:17:00 PM,40,CLEAR,DAYLIGHT,FIXED OBJECT,NOT DIVIDED,UNKNOWN,IMPROPER OVERTAKING/PASSING,FAILING TO REDUCE SPEED,0,0,2,2,15,5,2,357,ASHLAND AVE,41.720249,-87.660234,02/04/2016 05:00:00 PM,2016
CR00037325,04/01/2023 10:22:00 AM,30,CLEAR,DAWN,TURNING,DIVIDED - W/MEDIAN BARRIER,STOP SIGN/FLASHER,FOLLOWING TOO CLOSELY,DRIVING SKILLS/KNOWLEDGE/EXPERIENCE,0,0,0,0,10,7,4,1976,CICERO AVE,41.880066,-87.599899,04/01/2023 11:51:00 AM,2023
CR00037326,07/16/2019 10:53:00 PM,25,CLEAR,DAYLIGHT,PARKED MOTOR VEHICLE,NOT DIVIDED,NO CONTROLS,FAILING TO YIELD RIGHT-OF-WAY,IMPROPER OVERTAKING/PASSING,0,0,0,0,22,3,7,1295,DAMEN AVE,41.895307,-87.543336,07/16/2019 10:54:00 PM,2019
CR00037327,01/21/2024 08:18:00 AM,30,CLEAR,DARKNESS - LIGHTED ROAD,REAR END,ONE-WAY,TRAFFIC SIGNAL,UNABLE TO DETERMINE,IMPROPER OVERTAKING/PASSING,0,0,0,0,8,1,1,493,CALIFORNIA AVE,41.718635,-87.628994,01/21/2024 08:28:00 AM,2024
CR00037328,02/14/2024 01:39:00 PM,45,CLEAR,DARKNESS,SIDESWIPE SAME DIRECTION,DIVIDED - W/MEDIAN (NOT RAISED),NO CONTROLS,FAILING TO REDUCE SPEED,IMPROPER LANE USAGE,0,0,0,0,13,4,2,1260,HALSTED ST,41.89315,-87.591374,02/14/2024 01:40:00 PM,2024
CR00037329,09/24/2022 03:24:00 PM,35,CLEAR,DAYLIGHT,TURNING,NOT DIVIDED,STOP SIGN/FLASHER,UNABLE TO DETERMINE,NOT APPLICABLE,0,0,0,0,15,7,9,1712,BROADWAY,41.978341,-87.807479,09/24/2022 04:09:00 PM,2022
CR00037330,01/24/2015 03:50:00 PM,30,CLEAR,DAYLIGHT,REAR END,NOT DIVIDED,NO CONTROLS,IMPROPER LANE USAGE,DRIVING SKILLS/KNOWLEDGE/EXPERIENCE,0,0,0,0,15,7,1,1821,IRVING PARK RD,41.920326,-87.756646,01/24/2015 04:23:00 PM,2015
CR00037331,07/11/2020 12:49:00 PM,25,RAIN,DARKNESS - LIGHTED ROAD,FIXED OBJECT,ONE-WAY,NO CONTROLS,FOLLOWING TOO CLOSELY,FAILING TO YIELD RIGHT-OF-WAY,0,0,2,2,12,7,7,1564,ARCHER AVE,41.936015,-87.643722,07/11/2020 01:16:00 PM,2020
CR00037332,06/16/2021 05:00:00 AM,30,CLEAR,DAYLIGHT,ANGLE,DIVIDED - W/MEDIAN (NOT RAISED),NO CONTROLS,FOLLOWING TOO CLOSELY,UNABLE TO DETERMINE,0,0,0,0,5,4,6,489,63RD ST,41.948463,-87.751961,06/16/2021 05:36:00 AM,2021
CR00037333,06/15/2016 03:25:00 AM,20,CLEAR,DUSK,ANGLE,DIVIDED - W/MEDIAN (NOT RAISED),TRAFFIC SIGNAL,IMPROPER LANE USAGE,FAILING TO REDUCE SPEED,0,0,0,0,3,4,6,786,ARCHER AVE,41.749585,-87.534639,06/15/2016 04:38:00 AM,2016
CR00037334,07/23/2020 03:56:00 PM,35,CLEAR,DAYLIGHT,PEDESTRIAN,FOUR WAY,NO CONTROLS,DRIVING SKILLS/KNOWLEDGE/EXPERIENCE,IMPROPER OVERTAKING/PASSING,0,0,0,0,15,5,7,525,FULLERTON AVE,41.873995,-87.772362,07/23/2020 05:51:00 PM,2020
CR00037335,05/23/2015 10:46:00 AM,35,CLEAR,DAYLIGHT,TURNING,ONE-WAY,YIELD,FOLLOWING TOO CLOSELY,UNABLE TO DETERMINE,0,0,0,0,10,7,5,2221,ARCHER AVE,41.745677,-87.508926,05/23/2015 12:20:00 PM,2015
CR00037336,05/13/2022 06:31:00 PM,20,CLEAR,DAYLIGHT,ANGLE,DIVIDED - W/MEDIAN (NOT RAISED),STOP SIGN/FLASHER,DISTRACTION - FROM INSIDE VEHICLE,FOLLOWING TOO CLOSELY,0,0,0,0,18,6,5,2209,STONY ISLAND AVE,41.999832,-87.595961,05/13/2022 06:40:00 PM,2022
CR00037337,06/18/2021 01:09:00 PM,45,CLEAR,DARKNESS - LIGHTED ROAD,ANGLE,NOT DIVIDED,NO CONTROLS,FAILING TO YIELD RIGHT-OF-WAY,UNABLE TO DETERMINE,0,0,0,0,13,6,6,903,63RD ST,41.990296,-87.718854,06/18/2021 02:11:00 PM,2021
CR00037338,02/07/2016 07:06:00 AM,15,CLEAR,DAYLIGHT,REAR END,DIVIDED - W/MEDIAN BARRIER,TRAFFIC SIGNAL,FAILING TO REDUCE SPEED,UNABLE TO DETERMINE,0,0,0,0,7,1,2,1140,STATE ST,41.860556,-87.764473,02/07/2016 08:44:00 AM,2016
CR00037339,10/02/2020 06:21:00 PM,30,CLEAR,DAYLIGHT,ANGLE,NOT DIVIDED,NO CONTROLS,DISTRACTION - FROM INSIDE VEHICLE,FAILING TO REDUCE SPEED,0,0,0,0,18,6,10,1425,BROADWAY,41.886672,-87.742087,10/02/2020 06:30:00 PM,2020
CR00037340,02/04/2018 01:49:00 PM,20,RAIN,DAYLIGHT,ANGLE,NOT DIVIDED,UNKNOWN,FOLLOWING TOO CLOSELY,FOLLOWING TOO CLOSELY,0,0,0,0,13,1,2,2012,MILWAUKEE AVE,41.918722,-87.529652,02/04/2018 01:58:00 PM,2018
CR00037341,09/07/2016 01:03:00 AM,45,CLEAR,DARKNESS - LIGHTED ROAD,PARKED MOTOR VEHICLE,FOUR WAY,TRAFFIC SIGNAL,FOLLOWING TOO CLOSELY,UNABLE TO DETERMINE,0,0,0,0,1,4,9,1881,ARCHER AVE,41.874668,-87.501408,09/07/2016 01:46:00 AM,2016
CR00037342,09/04/2023 05:48:00 PM,30,RAIN,DAYLIGHT,REAR END,FOUR WAY,NO CONTROLS,UNABLE TO DETERMINE,FAILING TO YIELD RIGHT-OF-WAY,0,0,0,0,17,2,9,372,ARCHER AVE,41.804169,-87.780385,09/04/2023 07:28:00 PM,2023
CR00037343,12/02/2024 03:37:00 AM,25,CLEAR,DAYLIGHT,PARKED MOTOR VEHICLE,DIVIDED - W/MEDIAN BARRIER,NO CONTROLS,DISTRACTION - FROM INSIDE VEHICLE,DISREGARDING TRAFFIC SIGNALS,0,0,0,0,3,2,12,625,ROOSEVELT RD,41.848247,-87.699347,12/02/2024 04:04:00 AM,2024
CR00037344,12/30/2016 04:30:00 PM,35,CLEAR,DAYLIGHT,TURNING,DIVIDED - W/MEDIAN BARRIER,STOP SIGN/FLASHER,FAILING TO REDUCE SPEED,DRIVING SKILLS/KNOWLEDGE/EXPERIENCE,0,0,3,3,16,6,12,1442,63RD ST,41.842459,-87.561392,12/30/2016 05:38:00 PM,2016
CR00037345,12/23/2021 09:59:00 AM,15,CLEAR,DARKNESS - LIGHTED ROAD,REAR END,NOT DIVIDED,STOP SIGN/FLASHER,IMPROPER OVERTAKING/PASSING,FOLLOWING TOO CLOSELY,0,0,0,0,9,5,12,504,DAMEN AVE,41.979001,-87.568256,12/23/2021 11:34:00 AM,2021
CR00037346,05/14/2023 06:54:00 PM,25,RAIN,DAYLIGHT,REAR TO FRONT,DIVIDED - W/MEDIAN (NOT RAISED),TRAFFIC SIGNAL,DISTRACTION - FROM INSIDE VEHICLE,DISTRACTION - FROM INSIDE VEHICLE,0,0,0,0,18,1,5,593,CICERO AVE,41.944489,-87.719196,05/14/2023 08:06:00 PM,2023
CR00037347,12/03/2019 09:36:00 AM,20,CLOUDY/OVERCAST,DARKNESS - LIGHTED ROAD,TURNING,NOT DIVIDED,NO CONTROLS,FOLLOWING TOO CLOSELY,IMPROPER LANE USAGE,0,2,1,3,9,3,12,1570,CALIFORNIA AVE,41.981801,-87.794055,12/03/2019 10:45:00 AM,2019
CR00037348,05/04/2023 07:14:00 PM,45,CLEAR,DAYLIGHT,SIDESWIPE SAME DIRECTION,NOT DIVIDED,TRAFFIC SIGNAL,UNABLE TO DETERMINE,NOT APPLICABLE,0,0,0,0,19,5,5,229,ASHLAND AVE,41.879638,-87.834283,05/04/2023 08:53:00 PM,2023
CR00037349,03/29/2023 12:20:00 PM,30,CLEAR,DAYLIGHT,ANGLE,DIVIDED - W/MEDIAN (NOT RAISED),TRAFFIC SIGNAL,UNABLE TO DETERMINE,IMPROPER OVERTAKING/PASSING,0,2,0,2,12,4,3,2190,WESTERN AVE,41.765431,-87.52347,03/29/2023 12:22:00 PM,2023
CR00037350,01/30/2018 06:33:00 AM,30,CLOUDY/OVERCAST,DARKNESS - LIGHTED ROAD,REAR END,DIVIDED - W/MEDIAN (NOT RAISED),PEDESTRIAN CROSSING SIGN,FOLLOWING TOO CLOSELY,FOLLOWING TOO CLOSELY,0,0,1,1,6,3,1,491,63RD ST,41.865693,-87.682753,01/30/2018 08:30:00 AM,2018
CR00037351,10/09/2017 06:14:00 PM,20,CLEAR,DAYLIGHT,ANGLE,DIVIDED - W/MEDIAN (NOT RAISED),NO CONTROLS,DISTRACTION - FROM INSIDE VEHICLE,IMPROPER OVERTAKING/PASSING,0,0,0,0,18,2,10,397,LAKE SHORE DR,41.843887,-87.828972,10/09/2017 06:49:00 PM,2017
CR00037352,08/30/2023 04:21:00 PM,25,CLEAR,DAWN,PARKED MOTOR VEHICLE,ONE-WAY,NO CONTROLS,UNABLE TO DETERMINE,FAILING TO REDUCE SPEED,0,0,0,0,16,4,8,2154,PULASKI RD,41.74181,-87.608622,08/30/2023 04:45:00 PM,2023
CR00037353,10/26/2015 04:55:00 PM,30,RAIN,DAYLIGHT,REAR END,DIVIDED - W/MEDIAN (NOT RAISED),TRAFFIC SIGNAL,FAILING TO YIELD RIGHT-OF-WAY,IMPROPER OVERTAKING/PASSING,0,0,1,1,16,2,10,1335,STONY ISLAND AVE,41.734939,-87.67787,10/26/2015 06:24:00 PM,2015
CR00037354,05/05/2023 05:21:00 PM,40,CLEAR,DAYLIGHT,REAR END,DIVIDED - W/MEDIAN BARRIER,NO CONTROLS,DRIVING SKILLS/KNOWLEDGE/EXPERIENCE,NOT APPLICABLE,0,0,0,0,17,6,5,2316,LAKE SHORE DR,41.966833,-87.647098,05/05/2023 06:14:00 PM,2023
CR00037355,08/02/2023 03:43:00 PM,15,RAIN,DAYLIGHT,REAR END,ONE-WAY,TRAFFIC SIGNAL,FOLLOWING TOO CLOSELY,DISREGARDING TRAFFIC SIGNALS,0,0,0,0,15,4,8,1853,MICHIGAN AVE,41.803927,-87.541281,08/02/2023 03:56:00 PM,2023
CR00037356,10/23/2017 12:58:00 PM,30,CLEAR,DAWN,REAR END,FOUR WAY,TRAFFIC SIGNAL,FAILING TO YIELD RIGHT-OF-WAY,UNABLE TO DETERMINE,0,0,0,0,12,2,10,1827,WESTERN AVE,41.88903,-87.761266,10/23/2017 01:16:00 PM,2017
CR00037357,08/27/2022 05:30:00 PM,45,CLOUDY/OVERCAST,DARKNESS - LIGHTED ROAD,REAR TO FRONT,DIVIDED - W/MEDIAN BARRIER,TRAFFIC SIGNAL,WEATHER,IMPROPER OVERTAKING/PASSING,0,2,0,2,17,7,8,870,63RD ST,41.889376,-87.642458,08/27/2022 07:09:00 PM,2022
CR00037358,07/29/2024 06:23:00 PM,15,CLEAR,DAYLIGHT,TURNING,FOUR WAY,NO CONTROLS,DISTRACTION - FROM INSIDE VEHICLE,UNABLE TO DETERMINE,0,0,0,0,18,2,7,2293,CLARK ST,41.904923,-87.640499,07/29/2024 07:51:00 PM,2024
CR00037359,08/26/2021 02:52:00 AM,35,CLEAR,DAYLIGHT,REAR END,FOUR WAY,NO CONTROLS,FAILING TO REDUCE SPEED,UNABLE TO DETERMINE,0,0,0,0,2,5,8,146,FULLERTON AVE,41.988729,-87.740656,08/26/2021 03:48:00 AM,2021
CR00037360,09/29/2023 09:51:00 AM,30,CLEAR,DAYLIGHT,SIDESWIPE SAME DIRECTION,DIVIDED - W/MEDIAN (NOT RAISED),UNKNOWN,FOLLOWING TOO CLOSELY,UNABLE TO DETERMINE,0,0,0,0,9,6,9,1794,OGDEN AVE,41.8172,-87.645836,09/29/2023 09:56:00 AM,2023
CR00037361,03/02/2024 09:58:00 AM,35,CLOUDY/OVERCAST,DAYLIGHT,ANGLE,NOT DIVIDED,NO CONTROLS,UNABLE TO DETERMINE,NOT APPLICABLE,0,0,0,0,9,7,3,1028,LAKE SHORE DR,41.893792,-87.57992,03/02/2024 10:15:00 AM,2024
CR00037362,02/28/2016 10:23:00 AM,45,RAIN,DAYLIGHT,REAR END,NOT DIVIDED,NO CONTROLS,UNABLE TO DETERMINE,NOT APPLICABLE,0,0,1,1,10,1,2,263,WESTERN AVE,41.783449,-87.618425,02/28/2016 12:08:00 PM,2016
CR00037363,07/27/2021 09:43:00 PM,30,RAIN,DAYLIGHT,FIXED OBJECT,ONE-WAY,YIELD,UNABLE TO DETERMINE,FOLLOWING TOO CLOSELY,0,0,0,0,21,3,7,524,KEDZIE AVE,41.752923,-87.666979,07/27/2021 09:57:00 PM,2021
CR00037364,01/11/2018 06:25:00 PM,40,SNOW,DAYLIGHT,ANGLE,DIVIDED - W/MEDIAN (NOT RAISED),TRAFFIC SIGNAL,DISREGARDING TRAFFIC SIGNALS,FAILING TO YIELD RIGHT-OF-WAY,0,0,0,0,18,5,1,1120,79TH ST,41.760332,-87.505106,01/11/2018 06:32:00 PM,2018
CR00037365,12/27/2015 03:53:00 PM,35,CLOUDY/OVERCAST,DAYLIGHT,REAR END,NOT DIVIDED,STOP SIGN/FLASHER,UNABLE TO DETERMINE,DISREGARDING TRAFFIC SIGNALS,0,0,3,3,15,1,12,541,MILWAUKEE AVE,41.84118,-87.510178,12/27/2015 04:23:00 PM,2015
CR00037366,07/10/2023 08:24:00 AM,30,CLEAR,DAYLIGHT,TURNING,DIVIDED - W/MEDIAN BARRIER,NO CONTROLS,WEATHER,NOT APPLICABLE,0,0,0,0,8,2,7,1034,ROOSEVELT RD,41.790463,-87.808371,07/10/2023 08:28:00 AM,2023
CR00037367,11/11/2021 05:25:00 PM,30,RAIN,DARKNESS - LIGHTED ROAD,REAR END,ONE-WAY,TRAFFIC SIGNAL,IMPROPER OVERTAKING/PASSING,UNABLE TO DETERMINE,0,0,0,0,17,5,11,2392,FULLERTON AVE,41.748099,-87.816047,11/11/2021 06:16:00 PM,2021