CRASH_RECORD_ID,CRASH_DATE,POSTED_SPEED_LIMIT,WEATHER_CONDITION,LIGHTING_CONDITION,FIRST_CRASH_TYPE,TRAFFICWAY_TYPE,TRAFFIC_CONTROL_DEVICE,PRIM_CONTRIBUTORY_CAUSE,SEC_CONTRIBUTORY_CAUSE,INJURIES_FATAL,INJURIES_INCAPACITATING,INJURIES_NON_INCAPACITATING,INJURIES_TOTAL,CRASH_HOUR,CRASH_DAY_OF_WEEK,CRASH_MONTH,BEAT_OF_OCCURRENCE,STREET_NAME,LATITUDE,LONGITUDE,DATE_POLICE_NOTIFIED,year
CR00037368,12/18/2024 01:24:00 PM,30,CLEAR,DARKNESS,PARKED MOTOR VEHICLE,DIVIDED - W/MEDIAN (NOT RAISED),STOP SIGN/FLASHER,IMPROPER LANE USAGE,FOLLOWING TOO CLOSELY,0,0,3,3,13,4,12,337,IRVING PARK RD,41.801111,-87.608011,12/18/2024 03:04:00 PM,2024
CR00037369,10/26/2022 07:12:00 PM,35,CLEAR,DAYLIGHT,ANGLE,NOT DIVIDED,STOP SIGN/FLASHER,FOLLOWING TOO CLOSELY,IMPROPER LANE USAGE,0,0,0,0,19,4,10,860,DAMEN AVE,41.765506,-87.637306,10/26/2022 07:47:00 PM,2022
CR00037370,02/26/2019 05:18:00 AM,25,CLEAR,DAYLIGHT,FIXED OBJECT,NOT DIVIDED,STOP SIGN/FLASHER,UNABLE TO DETERMINE,UNABLE TO DETERMINE,0,0,1,1,5,3,2,1785,CALIFORNIA AVE,41.852551,-87.763007,02/26/2019 05:42:00 AM,2019
CR00037371,10/01/2021 04:50:00 PM,40,RAIN,DAYLIGHT,REAR END,NOT DIVIDED,STOP SIGN/FLASHER,DRIVING SKILLS/KNOWLEDGE/EXPERIENCE,NOT APPLICABLE,0,0,0,0,16,6,10,494,ELSTON AVE,41.919591,-87.522157,10/01/2021 04:51:00 PM,2021
CR00037372,03/29/2020 04:24:00 PM,30,FOG/SMOKE/HAZE,DAYLIGHT,REAR END,NOT DIVIDED,PEDESTRIAN CROSSING SIGN,IMPROPER OVERTAKING/PASSING,FAILING TO REDUCE SPEED,0,0,0,0,16,1,3,2313,BROADWAY,41.786136,-87.534587,03/29/2020 05:17:00 PM,2020
CR00037373,05/18/2017 05:30:00 PM,30,CLEAR,DAYLIGHT,PARKED MOTOR VEHICLE,DIVIDED - W/MEDIAN (NOT RAISED),TRAFFIC SIGNAL,DISTRACTION - FROM INSIDE VEHICLE,FAILING TO YIELD RIGHT-OF-WAY,0,0,1,1,17,5,5,1605,47TH ST,41.977769,-87.700137,05/18/2017 05:37:00 PM,2017
CR00037374,05/30/2015 11:49:00 AM,30,CLEAR,DAYLIGHT,REAR TO FRONT,NOT DIVIDED,NO CONTROLS,FOLLOWING TOO CLOSELY,UNABLE TO DETERMINE,0,0,0,0,11,7,5,1340,63RD ST,41.817717,-87.715775,05/30/2015 01:39:00 PM,2015
CR00037375,08/17/2024 06:57:00 PM,25,RAIN,DAYLIGHT,REAR END,NOT DIVIDED,TRAFFIC SIGNAL,UNABLE TO DETERMINE,FOLLOWING TOO CLOSELY,0,0,0,0,18,7,8,2298,DIVISION ST,41.752438,-87.741021,08/17/2024 08:30:00 PM,2024
CR00037376,01/16/2022 02:11:00 PM,35,RAIN,DAYLIGHT,REAR END,NOT DIVIDED,TRAFFIC SIGNAL,FAILING TO YIELD RIGHT-OF-WAY,FAILING TO YIELD RIGHT-OF-WAY,0,0,3,3,14,1,1,273,FULLERTON AVE,41.709072,-87.637725,01/16/2022 02:20:00 PM,2022
CR00037377,12/09/2018 03:27:00 AM,40,CLEAR,DAYLIGHT,SIDESWIPE SAME DIRECTION,NOT DIVIDED,NO CONTROLS,FAILING TO YIELD RIGHT-OF-WAY,IMPROPER OVERTAKING/PASSING,0,0,0,0,3,1,12,1878,ROOSEVELT RD,41.918396,-87.601086,12/09/2018 03:31:00 AM,2018
CR00037378,12/21/2024 07:07:00 PM,25,CLEAR,DARKNESS - LIGHTED ROAD,TURNING,NOT DIVIDED,TRAFFIC SIGNAL,IMPROPER LANE USAGE,UNABLE TO DETERMINE,0,0,0,0,19,7,12,758,79TH ST,41.936651,-87.608758,12/21/2024 08:44:00 PM,2024
CR00037379,09/23/2016 03:52:00 PM,45,CLOUDY/OVERCAST,DAYLIGHT,TURNING,NOT DIVIDED,YIELD,FAILING TO REDUCE SPEED,IMPROPER OVERTAKING/PASSING,0,0,0,0,15,6,9,1695,DIVISION ST,41.953589,-87.620121,09/23/2016 04:04:00 PM,2016
CR00037380,04/10/2019 07:54:00 PM,45,CLEAR,DARKNESS - LIGHTED ROAD,SIDESWIPE SAME DIRECTION,DIVIDED - W/MEDIAN BARRIER,TRAFFIC SIGNAL,WEATHER,FAILING TO YIELD RIGHT-OF-WAY,0,0,1,1,19,4,4,2306,FULLERTON AVE,41.810579,-87.813366,04/10/2019 08:59:00 PM,2019
CR00037381,01/27/2022 12:46:00 AM,30,CLEAR,DAYLIGHT,PEDESTRIAN,DIVIDED - W/MEDIAN (NOT RAISED),NO CONTROLS,UNABLE TO DETERMINE,NOT APPLICABLE,0,0,1,1,0,5,1,2227,DIVISION ST,41.742809,-87.672188,01/27/2022 12:57:00 AM,2022
CR00037382,06/25/2019 01:39:00 PM,30,CLEAR,DAYLIGHT,TURNING,DIVIDED - W/MEDIAN (NOT RAISED),YIELD,DISREGARDING TRAFFIC SIGNALS,IMPROPER LANE USAGE,0,0,0,0,13,3,6,630,ASHLAND AVE,41.959228,-87.549639,06/25/2019 02:03:00 PM,2019
CR00037383,01/18/2023 08:43:00 AM,40,CLEAR,DARKNESS,ANGLE,FOUR WAY,TRAFFIC SIGNAL,IMPROPER OVERTAKING/PASSING,IMPROPER LANE USAGE,0,0,0,0,8,4,1,1523,MICHIGAN AVE,41.727826,-87.592434,01/18/2023 09:54:00 AM,2023
CR00037384,07/14/2018 04:29:00 PM,45,CLEAR,DAYLIGHT,PARKED MOTOR VEHICLE,DIVIDED - W/MEDIAN BARRIER,NO CONTROLS,FOLLOWING TOO CLOSELY,FOLLOWING TOO CLOSELY,0,0,0,0,16,7,7,1676,DIVISION ST,41.984956,-87.586892,07/14/2018 05:24:00 PM,2018
CR00037385,02/13/2015 03:17:00 PM,35,CLEAR,DAYLIGHT,REAR END,DIVIDED - W/MEDIAN BARRIER,TRAFFIC SIGNAL,UNABLE TO DETERMINE,NOT APPLICABLE,0,0,0,0,15,6,2,1119,ELSTON AVE,41.741519,-87.568215,02/13/2015 04:31:00 PM,2015
CR00037386,01/21/2021 05:32:00 PM,45,CLEAR,DAYLIGHT,ANGLE,DIVIDED - W/MEDIAN (NOT RAISED),NO CONTROLS,FAILING TO YIELD RIGHT-OF-WAY,DISTRACTION - FROM INSIDE VEHICLE,0,0,2,2,17,5,1,2221,BROADWAY,41.810057,-87.803207,01/21/2021 07:11:00 PM,2021
CR00037387,10/15/2015 11:43:00 AM,30,CLEAR,DAYLIGHT,REAR END,NOT DIVIDED,STOP SIGN/FLASHER,FAILING TO YIELD RIGHT-OF-WAY,IMPROPER OVERTAKING/PASSING,0,0,2,2,11,5,10,142,STATE ST,41.911467,-87.829481,10/15/2015 12:15:00 PM,2015
CR00037388,05/03/2017 08:08:00 PM,35,CLEAR,DARKNESS,PEDESTRIAN,DIVIDED - W/MEDIAN (NOT RAISED),STOP SIGN/FLASHER,UNABLE TO DETERMINE,UNABLE TO DETERMINE,0,0,0,0,20,4,5,1083,MICHIGAN AVE,41.753144,-87.677546,05/03/2017 08:27:00 PM,2017
CR00037389,08/27/2023 09:03:00 AM,35,SNOW,DAYLIGHT,REAR END,DIVIDED - W/MEDIAN (NOT RAISED),TRAFFIC SIGNAL,UNABLE TO DETERMINE,NOT APPLICABLE,0,2,2,4,9,1,8,1087,MICHIGAN AVE,41.951688,-87.627003,08/27/2023 10:33:00 AM,2023
CR00037390,06/07/2021 05:28:00 PM,45,CLOUDY/OVERCAST,DAYLIGHT,REAR TO FRONT,NOT DIVIDED,STOP SIGN/FLASHER,DRIVING SKILLS/KNOWLEDGE/EXPERIENCE,IMPROPER OVERTAKING/PASSING,0,0,2,2,17,2,6,803,OGDEN AVE,41.906962,-87.763778,06/07/2021 07:06:00 PM,2021
CR00037391,10/29/2018 02:39:00 PM,40,CLEAR,DARKNESS - LIGHTED ROAD,ANGLE,NOT DIVIDED,UNKNOWN,FAILING TO YIELD RIGHT-OF-WAY,FOLLOWING TOO CLOSELY,0,0,0,0,14,2,10,986,HALSTED ST,41.740248,-87.670603,10/29/2018 04:33:00 PM,2018
CR00037392,06/03/2022 11:47:00 PM,30,CLEAR,DARKNESS - LIGHTED ROAD,REAR END,NOT DIVIDED,NO CONTROLS,IMPROPER OVERTAKING/PASSING,IMPROPER OVERTAKING/PASSING,0,0,0,0,23,6,6,179,PULASKI RD,41.993593,-87.818776,06/04/2022 12:17:00 AM,2022
CR00037393,01/22/2023 07:02:00 AM,45,CLEAR,DAYLIGHT,REAR TO FRONT,FOUR WAY,NO CONTROLS,FOLLOWING TOO CLOSELY,UNABLE TO DETERMINE,0,0,1,1,7,1,1,983,IRVING PARK RD,41.800931,-87.725482,01/22/2023 08:19:00 AM,2023
CR00037394,09/07/2019 04:14:00 PM,30,CLEAR,DAYLIGHT,PARKED MOTOR VEHICLE,DIVIDED - W/MEDIAN (NOT RAISED),TRAFFIC SIGNAL,UNABLE TO DETERMINE,WEATHER,0,0,0,0,16,7,9,759,ASHLAND AVE,41.777569,-87.787103,09/07/2019 05:03:00 PM,2019
CR00037395,09/10/2021 08:46:00 PM,15,RAIN,DAYLIGHT,REAR END,DIVIDED - W/MEDIAN (NOT RAISED),STOP SIGN/FLASHER,FAILING TO YIELD RIGHT-OF-WAY,FAILING TO YIELD RIGHT-OF-WAY,0,0,0,0,20,6,9,947,STATE ST,41.843423,-87.632612,09/10/2021 09:52:00 PM,2021
CR00037396,05/26/2017 08:24:00 AM,20,RAIN,DAYLIGHT,ANGLE,DIVIDED - W/MEDIAN (NOT RAISED),NO CONTROLS,DISTRACTION - FROM INSIDE VEHICLE,NOT APPLICABLE,0,0,1,1,8,6,5,950,ARCHER AVE,41.895647,-87.734847,05/26/2017 09:02:00 AM,2017
CR00037397,08/27/2018 08:46:00 AM,45,CLEAR,DARKNESS - LIGHTED ROAD,TURNING,ONE-WAY,NO CONTROLS,UNABLE TO DETERMINE,IMPROPER OVERTAKING/PASSING,0,0,0,0,8,2,8,2500,DIVISION ST,41.979376,-87.833684,08/27/2018 09:05:00 AM,2018
CR00037398,03/17/2020 08:21:00 PM,30,CLEAR,DAYLIGHT,REAR END,FOUR WAY,NO CONTROLS,DISTRACTION - FROM INSIDE VEHICLE,FAILING TO REDUCE SPEED,0,0,0,0,20,3,3,186,BROADWAY,41.802663,-87.633226,03/17/2020 10:07:00 PM,2020
CR00037399,01/20/2020 08:11:00 AM,30,CLEAR,DAYLIGHT,REAR TO FRONT,NOT DIVIDED,NO CONTROLS,FAILING TO YIELD RIGHT-OF-WAY,DISTRACTION - FROM INSIDE VEHICLE,0,0,1,1,8,2,1,229,STONY ISLAND AVE,41.752695,-87.50187,01/20/2020 08:55:00 AM,2020
CR00037400,08/16/2017 05:34:00 AM,35,RAIN,DARKNESS - LIGHTED ROAD,ANGLE,DIVIDED - W/MEDIAN (NOT RAISED),NO CONTROLS,UNABLE TO DETERMINE,NOT APPLICABLE,0,0,2,2,5,4,8,2509,CLARK ST,41.786926,-87.645601,08/16/2017 06:53:00 AM,2017
CR00037401,07/17/2021 03:38:00 PM,15,SNOW,DAYLIGHT,SIDESWIPE SAME DIRECTION,FOUR WAY,STOP SIGN/FLASHER,FAILING TO YIELD RIGHT-OF-WAY,IMPROPER OVERTAKING/PASSING,0,0,0,0,15,7,7,1992,DAMEN AVE,41.997205,-87.645031,07/17/2021 04:51:00 PM,2021
CR00037402,04/15/2019 09:17:00 AM,30,CLOUDY/OVERCAST,DAYLIGHT,PARKED MOTOR VEHICLE,NOT DIVIDED,STOP SIGN/FLASHER,UNABLE TO DETERMINE,DISTRACTION - FROM INSIDE VEHICLE,0,0,0,0,9,2,4,2259,KEDZIE AVE,41.817134,-87.827126,04/15/2019 10:57:00 AM,2019
CR00037403,04/09/2018 11:43:00 PM,20,CLEAR,DARKNESS,TURNING,NOT DIVIDED,TRAFFIC SIGNAL,UNABLE TO DETERMINE,UNABLE TO DETERMINE,0,0,0,0,23,2,4,1629,OGDEN AVE,41.896788,-87.72623,04/09/2018 11:56:00 PM,2018
CR00037404,07/09/2022 06:57:00 PM,20,CLEAR,DARKNESS,FIXED OBJECT,NOT DIVIDED,NO CONTROLS,FOLLOWING TOO CLOSELY,DISTRACTION - FROM INSIDE VEHICLE,0,0,0,0,18,7,7,272,CLARK ST,41.949161,-87.647718,07/09/2022 07:10:00 PM,2022
CR00037405,04/03/2018 04:05:00 AM,35,CLEAR,DAYLIGHT,PARKED MOTOR VEHICLE,NOT DIVIDED,NO CONTROLS,FAILING TO YIELD RIGHT-OF-WAY,FAILING TO YIELD RIGHT-OF-WAY,0,0,0,0,4,3,4,1182,ASHLAND AVE,41.832684,-87.587443,04/03/2018 04:48:00 AM,2018
CR00037406,05/07/2016 07:02:00 AM,30,SNOW,DAYLIGHT,TURNING,NOT DIVIDED,STOP SIGN/FLASHER,FAILING TO REDUCE SPEED,UNABLE TO DETERMINE,0,0,1,1,7,7,5,2421,IRVING PARK RD,41.869572,-87.661794,05/07/2016 08:33:00 AM,2016
CR00037407,12/13/2017 04:37:00 PM,30,CLOUDY/OVERCAST,DAYLIGHT,ANGLE,NOT DIVIDED,UNKNOWN,IMPROPER OVERTAKING/PASSING,FAILING TO YIELD RIGHT-OF-WAY,0,0,0,0,16,4,12,1565,DAMEN AVE,41.707266,-87.672706,12/13/2017 05:08:00 PM,2017
CR00037408,10/05/2019 09:40:00 AM,30,CLEAR,DAYLIGHT,REAR END,DIVIDED - W/MEDIAN (NOT RAISED),STOP SIGN/FLASHER,UNABLE TO DETERMINE,UNABLE TO DETERMINE,0,0,0,0,9,7,10,716,MILWAUKEE AVE,41.74573,-87.50304,10/05/2019 11:15:00 AM,2019
CR00037409,02/24/2023 10:02:00 PM,40,CLEAR,DARKNESS - LIGHTED ROAD,PARKED MOTOR VEHICLE,NOT DIVIDED,NO CONTROLS,FAILING TO REDUCE SPEED,IMPROPER OVERTAKING/PASSING,0,0,0,0,22,6,2,2148,DIVISION ST,41.737612,-87.524703,02/24/2023 11:42:00 PM,2023
CR00037410,03/09/2017 06:51:00 PM,35,RAIN,DUSK,REAR END,NOT DIVIDED,NO CONTROLS,FAILING TO YIELD RIGHT-OF-WAY,FAILING TO REDUCE SPEED,0,0,0,0,18,5,3,2230,DAMEN AVE,41.744881,-87.545476,03/09/2017 07:48:00 PM,2017
CR00037411,11/03/2023 06:07:00 PM,35,SNOW,DARKNESS - LIGHTED ROAD,PARKED MOTOR VEHICLE,NOT DIVIDED,TRAFFIC SIGNAL,UNABLE TO DETERMINE,UNABLE TO DETERMINE,0,0,0,0,18,6,11,2100,47TH ST,41.9699,-87.590002,11/03/2023 06:55:00 PM,2023
CR00037412,03/09/2024 10:26:00 AM,35,CLEAR,DAYLIGHT,TURNING,ONE-WAY,NO CONTROLS,FAILING TO YIELD RIGHT-OF-WAY,DISTRACTION - FROM INSIDE VEHICLE,0,0,0,0,10,7,3,1088,ASHLAND AVE,41.730802,-87.630988,03/09/2024 11:47:00 AM,2024
CR00037413,09/06/2019 08:47:00 PM,35,RAIN,DAYLIGHT,REAR TO FRONT,NOT DIVIDED,NO CONTROLS,DISTRACTION - FROM INSIDE VEHICLE,IMPROPER OVERTAKING/PASSING,0,0,0,0,20,6,9,769,ARCHER AVE,41.739605,-87.733962,09/06/2019 09:48:00 PM,2019
CR00037414,03/10/2017 12:02:00 AM,35,RAIN,DAYLIGHT,TURNING,NOT DIVIDED,TRAFFIC SIGNAL,DRIVING SKILLS/KNOWLEDGE/EXPERIENCE,UNABLE TO DETERMINE,0,0,0,0,0,6,3,2348,ASHLAND AVE,41.716963,-87.500737,03/10/2017 01:32:00 AM,2017
CR00037415,07/26/2017 08:47:00 AM,30,CLOUDY/OVERCAST,DAYLIGHT,REAR END,NOT DIVIDED,NO CONTROLS,FOLLOWING TOO CLOSELY,DISTRACTION - FROM INSIDE VEHICLE,0,0,0,0,8,4,7,2414,CICERO AVE,41.77902,-87.572587,07/26/2017 10:13:00 AM,2017
CR00037416,12/13/2023 06:10:00 PM,35,CLOUDY/OVERCAST,DARKNESS,TURNING,T-INTERSECTION,TRAFFIC SIGNAL,DISREGARDING TRAFFIC SIGNALS,FOLLOWING TOO CLOSELY,0,0,0,0,18,4,12,1896,IRVING PARK RD,41.886254,-87.696429,12/13/2023 06:15:00 PM,2023
CR00037417,03/15/2018 09:25:00 AM,35,CLEAR,DUSK,PARKED MOTOR VEHICLE,ONE-WAY,TRAFFIC SIGNAL,IMPROPER LANE USAGE,FAILING TO YIELD RIGHT-OF-WAY,0,0,0,0,9,5,3,2244,HALSTED ST,41.983771,-87.585253,03/15/2018 10:40:00 AM,2018
CR00037418,07/02/2017 06:25:00 PM,30,CLEAR,DAYLIGHT,ANGLE,DIVIDED - W/MEDIAN BARRIER,UNKNOWN,UNABLE TO DETERMINE,FAILING TO REDUCE SPEED,0,0,0,0,18,1,7,913,DIVISION ST,41.705826,-87.573335,07/02/2017 08:09:00 PM,2017
CR00037419,10/10/2024 02:03:00 AM,30,RAIN,DAYLIGHT,TURNING,DIVIDED - W/MEDIAN (NOT RAISED),STOP SIGN/FLASHER,FOLLOWING TOO CLOSELY,FOLLOWING TOO CLOSELY,0,0,2,2,2,5,10,1208,MILWAUKEE AVE,41.780931,-87.84346,10/10/2024 03:40:00 AM,2024
CR00037420,03/28/2018 08:56:00 AM,35,CLEAR,DARKNESS - LIGHTED ROAD,ANGLE,DIVIDED - W/MEDIAN (NOT RAISED),TRAFFIC SIGNAL,IMPROPER OVERTAKING/PASSING,UNABLE TO DETERMINE,0,0,0,0,8,4,3,2276,MILWAUKEE AVE,41.919995,-87.542654,03/28/2018 10:15:00 AM,2018
CR00037421,04/03/2021 03:53:00 AM,35,CLEAR,DAYLIGHT,REAR END,NOT DIVIDED,STOP SIGN/FLASHER,FOLLOWING TOO CLOSELY,FOLLOWING TOO CLOSELY,0,0,0,0,3,7,4,2374,DAMEN AVE,41.806632,-87.823393,04/03/2021 04:33:00 AM,2021
CR00037422,12/29/2024 07:56:00 PM,25,CLEAR,DAWN,REAR END,FOUR WAY,TRAFFIC SIGNAL,IMPROPER LANE USAGE,UNABLE TO DETERMINE,0,0,0,0,19,1,12,1408,DAMEN AVE,41.938958,-87.800647,12/29/2024 09:20:00 PM,2024
CR00037423,09/04/2018 02:22:00 PM,25,RAIN,DAYLIGHT,REAR TO FRONT,DIVIDED - W/MEDIAN BARRIER,TRAFFIC SIGNAL,UNABLE TO DETERMINE,NOT APPLICABLE,0,0,0,0,14,3,9,2458,WESTERN AVE,41.923095,-87.581393,09/04/2018 03:57:00 PM,2018
CR00037424,03/10/2015 04:30:00 PM,45,CLOUDY/OVERCAST,DAYLIGHT,REAR END,DIVIDED - W/MEDIAN (NOT RAISED),STOP SIGN/FLASHER,DRIVING SKILLS/KNOWLEDGE/EXPERIENCE,UNABLE TO DETERMINE,0,0,0,0,16,3,3,917,WESTERN AVE,41.931297,-87.807901,03/10/2015 05:05:00 PM,2015
CR00037425,03/22/2023 09:42:00 AM,20,SNOW,DARKNESS - LIGHTED ROAD,TURNING,NOT DIVIDED,NO CONTROLS,UNABLE TO DETERMINE,DISTRACTION - FROM INSIDE VEHICLE,0,0,0,0,9,4,3,174,MICHIGAN AVE,41.782972,-87.631894,03/22/2023 10:51:00 AM,2023
CR00037426,02/19/2024 11:30:00 PM,15,CLEAR,DAYLIGHT,SIDESWIPE SAME DIRECTION,NOT DIVIDED,NO CONTROLS,DISTRACTION - FROM INSIDE VEHICLE,FAILING TO REDUCE SPEED,0,0,0,0,23,2,2,893,ARCHER AVE,41.748543,-87.678229,02/20/2024 12:31:00 AM,2024
CR00037427,12/05/2018 05:48:00 AM,35,RAIN,DAYLIGHT,SIDESWIPE SAME DIRECTION,DIVIDED - W/MEDIAN (NOT RAISED),STOP SIGN/FLASHER,DISREGARDING TRAFFIC SIGNALS,UNABLE TO DETERMINE,0,0,0,0,5,4,12,1249,ELSTON AVE,41.74426,-87.598804,12/05/2018 06:38:00 AM,2018
CR00037428,11/14/2018 08:32:00 AM,40,CLOUDY/OVERCAST,DAYLIGHT,TURNING,T-INTERSECTION,STOP SIGN/FLASHER,FOLLOWING TOO CLOSELY,NOT APPLICABLE,0,0,0,0,8,4,11,2147,BROADWAY,41.775931,-87.64539,11/14/2018 09:44:00 AM,2018
CR00037429,08/07/2016 04:08:00 PM,35,RAIN,DARKNESS - LIGHTED ROAD,TURNING,DIVIDED - W/MEDIAN (NOT RAISED),NO CONTROLS,UNABLE TO DETERMINE,UNABLE TO DETERMINE,0,0,1,1,16,1,8,106,STONY ISLAND AVE,41.789259,-87.62485,08/07/2016 05:47:00 PM,2016
CR00037430,08/03/2020 07:34:00 PM,20,CLEAR,DAYLIGHT,FIXED OBJECT,NOT DIVIDED,TRAFFIC SIGNAL,UNABLE TO DETERMINE,FAILING TO YIELD RIGHT-OF-WAY,0,0,0,0,19,2,8,1946,OGDEN AVE,41.899739,-87.690547,08/03/2020 07:37:00 PM,2020
CR00037431,11/24/2019 08:44:00 AM,25,CLEAR,DAYLIGHT,REAR TO FRONT,FOUR WAY,NO CONTROLS,IMPROPER OVERTAKING/PASSING,UNABLE TO DETERMINE,0,0,0,0,8,1,11,1862,KEDZIE AVE,41.739357,-87.817757,11/24/2019 10:29:00 AM,2019
CR00037432,05/18/2022 05:43:00 PM,40,RAIN,DARKNESS - LIGHTED ROAD,TURNING,ONE-WAY,NO CONTROLS,FOLLOWING TOO CLOSELY,FAILING TO REDUCE SPEED,0,0,1,1,17,4,5,2405,79TH ST,41.938088,-87.716198,05/18/2022 05:45:00 PM,2022
CR00037433,04/17/2018 02:27:00 PM,15,RAIN,DUSK,TURNING,NOT DIVIDED,UNKNOWN,FOLLOWING TOO CLOSELY,FAILING TO REDUCE SPEED,0,0,0,0,14,3,4,337,PULASKI RD,41.722765,-87.524058,04/17/2018 04:13:00 PM,2018
CR00037434,11/06/2017 05:22:00 PM,40,CLEAR,DAYLIGHT,REAR END,NOT DIVIDED,TRAFFIC SIGNAL,FAILING TO REDUCE SPEED,FAILING TO REDUCE SPEED,0,0,1,1,17,2,11,579,63RD ST,41.806267,-87.790555,11/06/2017 06:43:00 PM,2017
CR00037435,03/24/2018 04:46:00 PM,30,SNOW,DAYLIGHT,REAR END,FOUR WAY,TRAFFIC SIGNAL,FAILING TO YIELD RIGHT-OF-WAY,IMPROPER LANE USAGE,0,0,3,3,16,7,3,405,MICHIGAN AVE,41.725613,-87.663128,03/24/2018 05:29:00 PM,2018
CR00037436,05/26/2020 08:22:00 AM,30,CLEAR,DAYLIGHT,SIDESWIPE SAME DIRECTION,NOT DIVIDED,TRAFFIC SIGNAL,FOLLOWING TOO CLOSELY,UNABLE TO DETERMINE,0,2,2,4,8,3,5,792,DIVISION ST,41.798728,-87.791279,05/26/2020 08:52:00 AM,2020
CR00037437,02/15/2019 11:55:00 AM,25,CLEAR,DARKNESS,SIDESWIPE SAME DIRECTION,ONE-WAY,NO CONTROLS,DISTRACTION - FROM INSIDE VEHICLE,UNABLE TO DETERMINE,0,0,3,3,11,6,2,1417,BROADWAY,41.965314,-87.601207,02/15/2019 01:16:00 PM,2019
CR00037438,05/28/2017 02:26:00 AM,30,CLEAR,DARKNESS - LIGHTED ROAD,REAR END,NOT DIVIDED,STOP SIGN/FLASHER,DRIVING SKILLS/KNOWLEDGE/EXPERIENCE,IMPROPER LANE USAGE,0,1,1,2,2,1,5,870,BROADWAY,41.921288,-87.514115,05/28/2017 04:07:00 AM,2017
CR00037439,11/15/2022 09:38:00 AM,30,CLEAR,DAYLIGHT,TURNING,NOT DIVIDED,STOP SIGN/FLASHER,DISTRACTION - FROM INSIDE VEHICLE,DRIVING SKILLS/KNOWLEDGE/EXPERIENCE,0,0,0,0,9,3,11,238,LAKE SHORE DR,41.875749,-87.588806,11/15/2022 10:43:00 AM,2022
CR00037440,07/21/2022 12:42:00 AM,45,CLEAR,DAYLIGHT,REAR END,NOT DIVIDED,STOP SIGN/FLASHER,DRIVING SKILLS/KNOWLEDGE/EXPERIENCE,FOLLOWING TOO CLOSELY,0,0,0,0,0,5,7,1332,ROOSEVELT RD,41.791333,-87.70049,07/21/2022 02:22:00 AM,2022
CR00037441,10/26/2024 02:24:00 AM,35,CLEAR,DAYLIGHT,ANGLE,FOUR WAY,NO CONTROLS,UNABLE TO DETERMINE,DISTRACTION - FROM INSIDE VEHICLE,0,0,0,0,2,7,10,521,STATE ST,41.889398,-87.69137,10/26/2024 03:07:00 AM,2024
CR00037442,01/02/2020 02:12:00 PM,30,CLEAR,DAYLIGHT,REAR END,NOT DIVIDED,TRAFFIC SIGNAL,UNABLE TO DETERMINE,DRIVING SKILLS/KNOWLEDGE/EXPERIENCE,0,1,0,1,14,5,1,2284,PULASKI RD,41.83293,-87.591943,01/02/2020 02:28:00 PM,2020
CR00037443,04/27/2019 10:08:00 PM,30,CLEAR,DARKNESS,TURNING,DIVIDED - W/MEDIAN BARRIER,NO CONTROLS,DISREGARDING TRAFFIC SIGNALS,UNABLE TO DETERMINE,0,0,0,0,22,7,4,970,ASHLAND AVE,41.712481,-87.55951,04/27/2019 10:56:00 PM,2019
CR00037444,08/20/2020 06:13:00 PM,30,RAIN,DARKNESS,REAR END,FOUR WAY,TRAFFIC SIGNAL,WEATHER,FOLLOWING TOO CLOSELY,0,1,3,4,18,5,8,2279,79TH ST,41.848561,-87.731285,08/20/2020 06:34:00 PM,2020
CR00037445,08/07/2017 02:10:00 PM,40,CLEAR,DAYLIGHT,PARKED MOTOR VEHICLE,ONE-WAY,TRAFFIC SIGNAL,UNABLE TO DETERMINE,FOLLOWING TOO CLOSELY,0,0,0,0,14,2,8,1648,79TH ST,41.959637,-87.845005,08/07/2017 04:02:00 PM,2017
CR00037446,01/14/2019 03:12:00 PM,15,CLEAR,DAYLIGHT,ANGLE,ONE-WAY,TRAFFIC SIGNAL,FAILING TO YIELD RIGHT-OF-WAY,FOLLOWING TOO CLOSELY,0,0,0,0,15,2,1,636,ASHLAND AVE,41.834866,-87.72877,01/14/2019 05:05:00 PM,2019
CR00037447,07/29/2015 06:01:00 PM,30,CLEAR,DARKNESS - LIGHTED ROAD,REAR END,NOT DIVIDED,TRAFFIC SIGNAL,DISTRACTION - FROM INSIDE VEHICLE,NOT APPLICABLE,0,0,0,0,18,4,7,989,PULASKI RD,41.978424,-87.753504,07/29/2015 07:28:00 PM,2015
CR00037448,04/09/2020 07:18:00 AM,45,SNOW,DAYLIGHT,SIDESWIPE SAME DIRECTION,NOT DIVIDED,TRAFFIC SIGNAL,IMPROPER OVERTAKING/PASSING,NOT APPLICABLE,0,0,0,0,7,5,4,173,BROADWAY,41.807371,-87.61608,04/09/2020 07:34:00 AM,2020
CR00037449,09/06/2021 06:37:00 PM,35,CLEAR,DAYLIGHT,TURNING,T-INTERSECTION,STOP SIGN/FLASHER,UNABLE TO DETERMINE,FAILING TO YIELD RIGHT-OF-WAY,0,0,0,0,18,2,9,204,63RD ST,41.833056,-87.840931,09/06/2021 07:07:00 PM,2021
CR00037450,02/09/2021 11:01:00 AM,40,CLEAR,DARKNESS,SIDESWIPE SAME DIRECTION,DIVIDED - W/MEDIAN (NOT RAISED),NO CONTROLS,UNABLE TO DETERMINE,UNABLE TO DETERMINE,0,0,0,0,11,3,2,1822,LAKE SHORE DR,41.869607,-87.766766,02/09/2021 11:29:00 AM,2021