CRASH_RECORD_ID,CRASH_DATE,POSTED_SPEED_LIMIT,WEATHER_CONDITION,LIGHTING_CONDITION,FIRST_CRASH_TYPE,TRAFFICWAY_TYPE,TRAFFIC_CONTROL_DEVICE,PRIM_CONTRIBUTORY_CAUSE,SEC_CONTRIBUTORY_CAUSE,INJURIES_FATAL,INJURIES_INCAPACITATING,INJURIES_NON_INCAPACITATING,INJURIES_TOTAL,CRASH_HOUR,CRASH_DAY_OF_WEEK,CRASH_MONTH,BEAT_OF_OCCURRENCE,STREET_NAME,LATITUDE,LONGITUDE,DATE_POLICE_NOTIFIED,year
CR00037451,05/12/2016 12:54:00 AM,25,CLEAR,DARKNESS - LIGHTED ROAD,ANGLE,FOUR WAY,TRAFFIC SIGNAL,UNABLE TO DETERMINE,UNABLE TO DETERMINE,0,0,0,0,0,5,5,1129,ELSTON AVE,41.817657,-87.754778,05/12/2016 01:58:00 AM,2016
CR00037452,03/28/2022 09:56:00 PM,35,CLEAR,DARKNESS - LIGHTED ROAD,PEDESTRIAN,FOUR WAY,STOP SIGN/FLASHER,FAILING TO YIELD RIGHT-OF-WAY,UNABLE TO DETERMINE,0,0,0,0,21,2,3,1054,ROOSEVELT RD,41.995759,-87.772275,03/28/2022 10:57:00 PM,2022
CR00037453,08/04/2018 07:00:00 PM,35,CLEAR,DUSK,TURNING,NOT DIVIDED,STOP SIGN/FLASHER,UNABLE TO DETERMINE,DISTRACTION - FROM INSIDE VEHICLE,0,0,0,0,19,7,8,160,DAMEN AVE,41.884609,-87.832887,08/04/2018 07:33:00 PM,2018
CR00037454,04/07/2016 01:56:00 AM,25,CLEAR,DARKNESS,REAR END,ONE-WAY,TRAFFIC SIGNAL,FAILING TO REDUCE SPEED,DRIVING SKILLS/KNOWLEDGE/EXPERIENCE,0,0,0,0,1,5,4,1885,ARCHER AVE,41.767826,-87.56631,04/07/2016 03:18:00 AM,2016
CR00037455,04/12/2016 03:33:00 PM,45,CLEAR,DARKNESS,PEDESTRIAN,DIVIDED - W/MEDIAN (NOT RAISED),TRAFFIC SIGNAL,FAILING TO YIELD RIGHT-OF-WAY,DISTRACTION - FROM INSIDE VEHICLE,0,0,0,0,15,3,4,1631,BROADWAY,41.865205,-87.74775,04/12/2016 05:02:00 PM,2016
CR00037456,06/24/2015 05:20:00 PM,30,CLEAR,DAYLIGHT,SIDESWIPE SAME DIRECTION,ONE-WAY,TRAFFIC SIGNAL,IMPROPER LANE USAGE,NOT APPLICABLE,0,0,0,0,17,4,6,1567,LAKE SHORE DR,41.708352,-87.594805,06/24/2015 05:32:00 PM,2015
CR00037457,09/30/2019 08:51:00 AM,30,CLEAR,DAYLIGHT,TURNING,NOT DIVIDED,NO CONTROLS,UNABLE TO DETERMINE,IMPROPER LANE USAGE,0,0,0,0,8,2,9,372,LAKE SHORE DR,41.78968,-87.779702,09/30/2019 10:33:00 AM,2019
CR00037458,11/14/2017 06:34:00 AM,30,CLEAR,DAYLIGHT,PARKED MOTOR VEHICLE,DIVIDED - W/MEDIAN (NOT RAISED),NO CONTROLS,UNABLE TO DETERMINE,IMPROPER LANE USAGE,0,0,2,2,6,3,11,971,ROOSEVELT RD,41.790137,-87.815781,11/14/2017 07:40:00 AM,2017
CR00037459,02/21/2024 12:02:00 PM,25,RAIN,DAYLIGHT,PEDESTRIAN,FOUR WAY,TRAFFIC SIGNAL,FOLLOWING TOO CLOSELY,UNABLE TO DETERMINE,0,0,0,0,12,4,2,242,KEDZIE AVE,41.739627,-87.637373,02/21/2024 12:27:00 PM,2024
CR00037460,05/16/2018 05:27:00 PM,45,RAIN,DAYLIGHT,TURNING,NOT DIVIDED,TRAFFIC SIGNAL,DRIVING SKILLS/KNOWLEDGE/EXPERIENCE,FOLLOWING TOO CLOSELY,0,0,0,0,17,4,5,2095,FULLERTON AVE,41.825608,-87.637907,05/16/2018 05:55:00 PM,2018
CR00037461,10/23/2019 02:56:00 PM,30,CLEAR,DAYLIGHT,PARKED MOTOR VEHICLE,DIVIDED - W/MEDIAN (NOT RAISED),NO CONTROLS,UNABLE TO DETERMINE,DISTRACTION - FROM INSIDE VEHICLE,0,0,0,0,14,4,10,1795,WESTERN AVE,41.766599,-87.730627,10/23/2019 04:42:00 PM,2019
CR00037462,12/21/2019 04:14:00 PM,30,CLEAR,DAYLIGHT,SIDESWIPE SAME DIRECTION,DIVIDED - W/MEDIAN (NOT RAISED),STOP SIGN/FLASHER,DISTRACTION - FROM INSIDE VEHICLE,UNABLE TO DETERMINE,0,0,0,0,16,7,12,1602,HALSTED ST,41.998716,-87.84162,12/21/2019 05:32:00 PM,2019
CR00037463,11/12/2024 05:27:00 AM,30,SNOW,DAYLIGHT,PEDESTRIAN,DIVIDED - W/MEDIAN (NOT RAISED),STOP SIGN/FLASHER,DRIVING SKILLS/KNOWLEDGE/EXPERIENCE,UNABLE TO DETERMINE,0,0,0,0,5,3,11,1991,WESTERN AVE,41.949627,-87.724923,11/12/2024 07:13:00 AM,2024
CR00037464,11/09/2022 09:24:00 PM,20,CLOUDY/OVERCAST,DARKNESS - LIGHTED ROAD,SIDESWIPE SAME DIRECTION,DIVIDED - W/MEDIAN (NOT RAISED),TRAFFIC SIGNAL,FOLLOWING TOO CLOSELY,DRIVING SKILLS/KNOWLEDGE/EXPERIENCE,0,0,0,0,21,4,11,318,47TH ST,41.989269,-87.847316,11/09/2022 11:23:00 PM,2022
CR00037465,03/13/2022 06:31:00 PM,35,RAIN,DAYLIGHT,REAR END,DIVIDED - W/MEDIAN BARRIER,YIELD,FOLLOWING TOO CLOSELY,DRIVING SKILLS/KNOWLEDGE/EXPERIENCE,0,0,1,1,18,1,3,1648,PULASKI RD,41.996074,-87.752821,03/13/2022 07:07:00 PM,2022
CR00037466,11/18/2016 08:01:00 PM,25,CLEAR,DARKNESS - LIGHTED ROAD,TURNING,DIVIDED - W/MEDIAN (NOT RAISED),TRAFFIC SIGNAL,UNABLE TO DETERMINE,NOT APPLICABLE,0,0,0,0,20,6,11,612,CLARK ST,41.71545,-87.815546,11/18/2016 08:08:00 PM,2016
CR00037467,01/01/2022 04:30:00 PM,25,CLEAR,DAYLIGHT,REAR TO FRONT,DIVIDED - W/MEDIAN (NOT RAISED),TRAFFIC SIGNAL,UNABLE TO DETERMINE,FAILING TO YIELD RIGHT-OF-WAY,0,0,0,0,16,7,1,885,FULLERTON AVE,41.93865,-87.668053,01/01/2022 05:20:00 PM,2022
CR00037468,04/08/2017 11:35:00 PM,25,CLEAR,DAYLIGHT,ANGLE,NOT DIVIDED,NO CONTROLS,IMPROPER LANE USAGE,NOT APPLICABLE,0,0,2,2,23,7,4,727,WESTERN AVE,41.984153,-87.602195,04/09/2017 12:40:00 AM,2017
CR00037469,05/16/2017 03:54:00 AM,30,CLEAR,DAYLIGHT,SIDESWIPE SAME DIRECTION,DIVIDED - W/MEDIAN BARRIER,NO CONTROLS,DISREGARDING TRAFFIC SIGNALS,UNABLE TO DETERMINE,0,0,1,1,3,3,5,2209,ELSTON AVE,41.720116,-87.585263,05/16/2017 04:16:00 AM,2017
CR00037470,02/21/2018 10:09:00 AM,30,CLEAR,DAYLIGHT,SIDESWIPE SAME DIRECTION,NOT DIVIDED,NO CONTROLS,UNABLE TO DETERMINE,DRIVING SKILLS/KNOWLEDGE/EXPERIENCE,0,0,0,0,10,4,2,2494,MICHIGAN AVE,41.744709,-87.744913,02/21/2018 11:46:00 AM,2018
CR00037471,03/12/2023 10:15:00 AM,40,RAIN,DARKNESS,ANGLE,ONE-WAY,STOP SIGN/FLASHER,UNABLE TO DETERMINE,UNABLE TO DETERMINE,0,0,1,1,10,1,3,1197,CICERO AVE,41.807952,-87.791939,03/12/2023 11:12:00 AM,2023
CR00037472,03/13/2016 08:41:00 AM,30,CLEAR,DUSK,FIXED OBJECT,FOUR WAY,NO CONTROLS,IMPROPER LANE USAGE,NOT APPLICABLE,0,0,0,0,8,1,3,519,DIVISION ST,41.899431,-87.632717,03/13/2016 09:40:00 AM,2016
CR00037473,01/21/2020 05:47:00 PM,40,CLEAR,DAYLIGHT,REAR END,DIVIDED - W/MEDIAN (NOT RAISED),NO CONTROLS,UNABLE TO DETERMINE,UNABLE TO DETERMINE,0,0,0,0,17,3,1,2357,ELSTON AVE,41.898975,-87.749836,01/21/2020 06:04:00 PM,2020
CR00037474,07/11/2017 09:05:00 AM,45,RAIN,DAYLIGHT,ANGLE,T-INTERSECTION,TRAFFIC SIGNAL,FAILING TO YIELD RIGHT-OF-WAY,NOT APPLICABLE,0,0,0,0,9,3,7,1798,ASHLAND AVE,41.976434,-87.511464,07/11/2017 11:03:00 AM,2017
CR00037475,11/04/2020 12:11:00 PM,30,CLEAR,DAYLIGHT,REAR END,NOT DIVIDED,UNKNOWN,IMPROPER LANE USAGE,WEATHER,0,0,0,0,12,4,11,1169,DIVISION ST,41.76565,-87.509798,11/04/2020 01:11:00 PM,2020
CR00037476,05/05/2022 10:53:00 AM,30,CLEAR,DAYLIGHT,REAR END,NOT DIVIDED,STOP SIGN/FLASHER,FAILING TO REDUCE SPEED,DISTRACTION - FROM INSIDE VEHICLE,0,0,2,2,10,5,5,2462,IRVING PARK RD,41.743844,-87.552167,05/05/2022 12:36:00 PM,2022
CR00037477,08/03/2020 09:17:00 AM,20,CLEAR,DAYLIGHT,SIDESWIPE SAME DIRECTION,ONE-WAY,NO CONTROLS,UNABLE TO DETERMINE,UNABLE TO DETERMINE,0,0,0,0,9,2,8,2305,63RD ST,41.930631,-87.600642,08/03/2020 11:12:00 AM,2020
CR00037478,07/31/2015 02:40:00 AM,20,CLEAR,DARKNESS - LIGHTED ROAD,TURNING,NOT DIVIDED,UNKNOWN,IMPROPER OVERTAKING/PASSING,FAILING TO YIELD RIGHT-OF-WAY,0,0,0,0,2,6,7,1071,HALSTED ST,41.982928,-87.520297,07/31/2015 03:21:00 AM,2015
CR00037479,04/20/2018 07:56:00 PM,20,CLEAR,DARKNESS - LIGHTED ROAD,REAR TO FRONT,DIVIDED - W/MEDIAN (NOT RAISED),TRAFFIC SIGNAL,WEATHER,UNABLE TO DETERMINE,0,0,0,0,19,6,4,2354,IRVING PARK RD,41.87702,-87.768955,04/20/2018 09:11:00 PM,2018
CR00037480,11/30/2016 11:20:00 AM,20,RAIN,DAYLIGHT,REAR END,ONE-WAY,NO CONTROLS,FAILING TO REDUCE SPEED,DISTRACTION - FROM INSIDE VEHICLE,1,1,3,5,11,4,11,1152,DIVISION ST,41.997283,-87.53905,11/30/2016 12:29:00 PM,2016
CR00037481,12/26/2022 05:09:00 AM,25,CLEAR,DARKNESS,REAR END,T-INTERSECTION,UNKNOWN,UNABLE TO DETERMINE,IMPROPER LANE USAGE,0,0,1,1,5,2,12,1811,ELSTON AVE,41.767606,-87.651887,12/26/2022 06:29:00 AM,2022
CR00037482,12/11/2019 11:46:00 AM,15,FOG/SMOKE/HAZE,DAYLIGHT,ANGLE,NOT DIVIDED,TRAFFIC SIGNAL,DISREGARDING TRAFFIC SIGNALS,UNABLE TO DETERMINE,0,0,0,0,11,4,12,579,MICHIGAN AVE,41.74525,-87.530781,12/11/2019 01:07:00 PM,2019
CR00037483,05/26/2024 05:58:00 PM,30,CLEAR,DARKNESS - LIGHTED ROAD,TURNING,DIVIDED - W/MEDIAN (NOT RAISED),STOP SIGN/FLASHER,FAILING TO YIELD RIGHT-OF-WAY,FOLLOWING TOO CLOSELY,0,0,0,0,17,1,5,483,63RD ST,41.945071,-87.5337,05/26/2024 06:40:00 PM,2024
CR00037484,08/27/2016 05:13:00 PM,25,CLEAR,DARKNESS - LIGHTED ROAD,REAR END,NOT DIVIDED,NO CONTROLS,UNABLE TO DETERMINE,FOLLOWING TOO CLOSELY,0,0,0,0,17,7,8,2504,DAMEN AVE,41.972974,-87.590933,08/27/2016 06:09:00 PM,2016
CR00037485,06/05/2022 07:23:00 AM,25,CLEAR,DAYLIGHT,REAR TO FRONT,NOT DIVIDED,STOP SIGN/FLASHER,UNABLE TO DETERMINE,FAILING TO YIELD RIGHT-OF-WAY,0,0,0,0,7,1,6,313,79TH ST,41.701336,-87.668891,06/05/2022 08:49:00 AM,2022
CR00037486,02/08/2022 08:46:00 AM,30,CLEAR,DAYLIGHT,REAR END,ONE-WAY,TRAFFIC SIGNAL,FAILING TO YIELD RIGHT-OF-WAY,NOT APPLICABLE,0,0,0,0,8,3,2,1733,CICERO AVE,41.893182,-87.61191,02/08/2022 10:26:00 AM,2022
CR00037487,04/29/2017 03:30:00 AM,15,CLEAR,DAYLIGHT,REAR END,ONE-WAY,TRAFFIC SIGNAL,UNABLE TO DETERMINE,IMPROPER OVERTAKING/PASSING,0,0,0,0,3,7,4,738,OGDEN AVE,41.70464,-87.787155,04/29/2017 04:17:00 AM,2017
CR00037488,04/13/2020 02:08:00 AM,15,CLEAR,DARKNESS,REAR END,ONE-WAY,TRAFFIC SIGNAL,DRIVING SKILLS/KNOWLEDGE/EXPERIENCE,UNABLE TO DETERMINE,0,0,0,0,2,2,4,1199,ROOSEVELT RD,41.854788,-87.701413,04/13/2020 02:23:00 AM,2020
CR00037489,06/28/2024 10:39:00 AM,15,CLEAR,DAYLIGHT,REAR END,FOUR WAY,NO CONTROLS,DISTRACTION - FROM INSIDE VEHICLE,FAILING TO YIELD RIGHT-OF-WAY,0,0,0,0,10,6,6,425,STONY ISLAND AVE,41.703266,-87.784676,06/28/2024 11:25:00 AM,2024
CR00037490,12/24/2019 02:54:00 PM,25,CLEAR,DAYLIGHT,PARKED MOTOR VEHICLE,DIVIDED - W/MEDIAN (NOT RAISED),STOP SIGN/FLASHER,DISREGARDING TRAFFIC SIGNALS,DISTRACTION - FROM INSIDE VEHICLE,0,0,0,0,14,3,12,649,DIVISION ST,41.761558,-87.516909,12/24/2019 04:46:00 PM,2019
CR00037491,06/16/2016 05:19:00 PM,45,CLEAR,DAYLIGHT,PEDESTRIAN,FOUR WAY,STOP SIGN/FLASHER,DRIVING SKILLS/KNOWLEDGE/EXPERIENCE,DRIVING SKILLS/KNOWLEDGE/EXPERIENCE,0,0,0,0,17,5,6,2115,PULASKI RD,41.875273,-87.620461,06/16/2016 06:46:00 PM,2016
CR00037492,09/15/2018 07:02:00 PM,45,CLEAR,DAYLIGHT,PARKED MOTOR VEHICLE,T-INTERSECTION,STOP SIGN/FLASHER,UNABLE TO DETERMINE,DRIVING SKILLS/KNOWLEDGE/EXPERIENCE,0,0,2,2,19,7,9,991,FULLERTON AVE,41.967121,-87.816347,09/15/2018 08:47:00 PM,2018
CR00037493,08/24/2022 12:32:00 PM,25,CLEAR,DAWN,ANGLE,FOUR WAY,STOP SIGN/FLASHER,FAILING TO YIELD RIGHT-OF-WAY,UNABLE TO DETERMINE,0,0,0,0,12,4,8,1460,STONY ISLAND AVE,41.864804,-87.511461,08/24/2022 12:34:00 PM,2022
CR00037494,11/24/2015 08:51:00 AM,25,SNOW,DAYLIGHT,SIDESWIPE SAME DIRECTION,ONE-WAY,YIELD,UNABLE TO DETERMINE,DISREGARDING TRAFFIC SIGNALS,0,0,0,0,8,3,11,1479,ARCHER AVE,41.902725,-87.818314,11/24/2015 08:55:00 AM,2015
CR00037495,08/03/2022 08:33:00 AM,30,CLEAR,DAYLIGHT,REAR END,DIVIDED - W/MEDIAN (NOT RAISED),NO CONTROLS,FAILING TO REDUCE SPEED,IMPROPER LANE USAGE,0,0,2,2,8,4,8,1219,CALIFORNIA AVE,41.94224,-87.662271,08/03/2022 08:51:00 AM,2022
CR00037496,04/02/2016 07:19:00 AM,30,RAIN,DAYLIGHT,REAR END,NOT DIVIDED,STOP SIGN/FLASHER,IMPROPER LANE USAGE,FOLLOWING TOO CLOSELY,0,0,0,0,7,7,4,1971,79TH ST,41.813956,-87.732397,04/02/2016 08:00:00 AM,2016
CR00037497,03/08/2018 07:31:00 AM,20,CLEAR,DAYLIGHT,TURNING,NOT DIVIDED,TRAFFIC SIGNAL,DISTRACTION - FROM INSIDE VEHICLE,DISREGARDING TRAFFIC SIGNALS,0,0,0,0,7,5,3,858,CALIFORNIA AVE,41.977039,-87.588188,03/08/2018 07:36:00 AM,2018
CR00037498,09/18/2020 08:00:00 PM,30,CLEAR,DAYLIGHT,REAR TO FRONT,DIVIDED - W/MEDIAN (NOT RAISED),STOP SIGN/FLASHER,FOLLOWING TOO CLOSELY,NOT APPLICABLE,0,0,1,1,20,6,9,1709,BROADWAY,41.825602,-87.635145,09/18/2020 09:03:00 PM,2020
CR00037499,10/10/2022 03:02:00 PM,15,CLEAR,DARKNESS - LIGHTED ROAD,PARKED MOTOR VEHICLE,DIVIDED - W/MEDIAN (NOT RAISED),TRAFFIC SIGNAL,UNABLE TO DETERMINE,DISREGARDING TRAFFIC SIGNALS,0,0,0,0,15,2,10,1680,OGDEN AVE,41.923613,-87.631077,10/10/2022 03:10:00 PM,2022
CR00037500,01/02/2015 03:04:00 PM,30,CLEAR,DAYLIGHT,PARKED MOTOR VEHICLE,T-INTERSECTION,UNKNOWN,FOLLOWING TOO CLOSELY,IMPROPER OVERTAKING/PASSING,0,0,0,0,15,6,1,1262,MILWAUKEE AVE,41.834531,-87.749741,01/02/2015 03:51:00 PM,2015
CR00037501,06/24/2023 04:20:00 AM,20,RAIN,DARKNESS - LIGHTED ROAD,FIXED OBJECT,DIVIDED - W/MEDIAN BARRIER,TRAFFIC SIGNAL,UNABLE TO DETERMINE,DRIVING SKILLS/KNOWLEDGE/EXPERIENCE,0,0,1,1,4,7,6,255,63RD ST,41.91367,-87.728571,06/24/2023 04:39:00 AM,2023
CR00037502,12/29/2019 05:04:00 PM,25,CLOUDY/OVERCAST,DAYLIGHT,PARKED MOTOR VEHICLE,FOUR WAY,NO CONTROLS,UNABLE TO DETERMINE,DRIVING SKILLS/KNOWLEDGE/EXPERIENCE,0,0,1,1,17,1,12,116,HALSTED ST,41.864417,-87.652533,12/29/2019 06:21:00 PM,2019
CR00037503,09/05/2022 12:57:00 PM,20,FREEZING RAIN/DRIZZLE,DAYLIGHT,TURNING,DIVIDED - W/MEDIAN BARRIER,NO CONTROLS,UNABLE TO DETERMINE,UNABLE TO DETERMINE,0,0,0,0,12,2,9,2393,ELSTON AVE,41.880346,-87.805985,09/05/2022 01:25:00 PM,2022
CR00037504,12/26/2017 12:22:00 PM,40,CLEAR,DAYLIGHT,PARKED MOTOR VEHICLE,ONE-WAY,NO CONTROLS,DRIVING SKILLS/KNOWLEDGE/EXPERIENCE,IMPROPER LANE USAGE,0,0,0,0,12,3,12,2007,ELSTON AVE,41.93175,-87.76091,12/26/2017 01:02:00 PM,2017
CR00037505,05/25/2020 09:54:00 AM,25,RAIN,DAYLIGHT,REAR TO FRONT,NOT DIVIDED,NO CONTROLS,DISTRACTION - FROM INSIDE VEHICLE,DISTRACTION - FROM INSIDE VEHICLE,0,0,0,0,9,2,5,412,MICHIGAN AVE,41.700912,-87.778384,05/25/2020 11:26:00 AM,2020
CR00037506,08/03/2016 02:30:00 PM,20,CLEAR,DAYLIGHT,REAR END,T-INTERSECTION,NO CONTROLS,FOLLOWING TOO CLOSELY,FAILING TO REDUCE SPEED,0,0,0,0,14,4,8,774,KEDZIE AVE,41.988555,-87.513726,08/03/2016 04:16:00 PM,2016
CR00037507,08/11/2018 04:33:00 PM,35,CLOUDY/OVERCAST,DAYLIGHT,REAR END,NOT DIVIDED,TRAFFIC SIGNAL,DRIVING SKILLS/KNOWLEDGE/EXPERIENCE,FAILING TO REDUCE SPEED,0,0,1,1,16,7,8,135,63RD ST,41.96737,-87.519335,08/11/2018 05:24:00 PM,2018
CR00037508,01/13/2024 12:15:00 PM,15,RAIN,DARKNESS - LIGHTED ROAD,REAR END,DIVIDED - W/MEDIAN (NOT RAISED),STOP SIGN/FLASHER,UNABLE TO DETERMINE,DISTRACTION - FROM INSIDE VEHICLE,0,0,0,0,12,7,1,1536,STONY ISLAND AVE,41.881406,-87.838468,01/13/2024 12:39:00 PM,2024
CR00037509,07/12/2017 03:46:00 PM,35,CLOUDY/OVERCAST,DAWN,REAR END,DIVIDED - W/MEDIAN BARRIER,UNKNOWN,IMPROPER LANE USAGE,NOT APPLICABLE,0,0,3,3,15,4,7,1600,CICERO AVE,41.957293,-87.500013,07/12/2017 04:24:00 PM,2017
CR00037510,05/13/2019 02:44:00 AM,35,CLEAR,DAYLIGHT,PARKED MOTOR VEHICLE,DIVIDED - W/MEDIAN (NOT RAISED),TRAFFIC SIGNAL,UNABLE TO DETERMINE,FOLLOWING TOO CLOSELY,0,0,0,0,2,2,5,2267,DIVISION ST,41.956627,-87.68219,05/13/2019 04:41:00 AM,2019
CR00037511,09/11/2024 12:45:00 PM,20,RAIN,DAYLIGHT,ANGLE,DIVIDED - W/MEDIAN (NOT RAISED),TRAFFIC SIGNAL,FAILING TO YIELD RIGHT-OF-WAY,FOLLOWING TOO CLOSELY,0,0,0,0,12,4,9,1452,IRVING PARK RD,41.992958,-87.67142,09/11/2024 01:22:00 PM,2024
CR00037512,12/03/2017 09:21:00 AM,35,CLEAR,DARKNESS - LIGHTED ROAD,SIDESWIPE SAME DIRECTION,T-INTERSECTION,NO CONTROLS,FAILING TO YIELD RIGHT-OF-WAY,UNABLE TO DETERMINE,0,0,0,0,9,1,12,1178,ROOSEVELT RD,41.803001,-87.66762,12/03/2017 09:26:00 AM,2017
CR00037513,09/07/2023 10:26:00 PM,30,CLEAR,DAYLIGHT,REAR END,NOT DIVIDED,UNKNOWN,UNABLE TO DETERMINE,WEATHER,0,0,0,0,22,5,9,600,CLARK ST,41.893865,-87.746382,09/07/2023 10:48:00 PM,2023
CR00037514,07/17/2018 04:05:00 PM,30,CLEAR,DAYLIGHT,PARKED MOTOR VEHICLE,NOT DIVIDED,STOP SIGN/FLASHER,UNABLE TO DETERMINE,FOLLOWING TOO CLOSELY,0,0,0,0,16,3,7,688,DAMEN AVE,41.907452,-87.767437,07/17/2018 04:49:00 PM,2018
CR00037515,07/02/2020 01:52:00 PM,25,CLEAR,DAYLIGHT,FIXED OBJECT,ONE-WAY,NO CONTROLS,IMPROPER LANE USAGE,FAILING TO YIELD RIGHT-OF-WAY,0,0,0,0,13,5,7,744,BROADWAY,41.740498,-87.780813,07/02/2020 03:30:00 PM,2020
CR00037516,02/01/2022 09:51:00 AM,20,RAIN,DARKNESS,SIDESWIPE SAME DIRECTION,NOT DIVIDED,NO CONTROLS,FOLLOWING TOO CLOSELY,FOLLOWING TOO CLOSELY,0,0,1,1,9,3,2,141,PULASKI RD,41.750837,-87.798778,02/01/2022 10:31:00 AM,2022
CR00037517,06/18/2024 09:11:00 AM,20,RAIN,DARKNESS - LIGHTED ROAD,SIDESWIPE SAME DIRECTION,NOT DIVIDED,NO CONTROLS,FAILING TO REDUCE SPEED,NOT APPLICABLE,0,0,0,0,9,3,6,349,79TH ST,41.939478,-87.699949,06/18/2024 09:13:00 AM,2024
CR00037518,05/21/2020 07:11:00 PM,30,SNOW,DAYLIGHT,TURNING,NOT DIVIDED,NO CONTROLS,FOLLOWING TOO CLOSELY,UNABLE TO DETERMINE,0,0,0,0,19,5,5,266,HALSTED ST,41.94364,-87.668935,05/21/2020 08:02:00 PM,2020
CR00037519,12/17/2024 11:10:00 AM,30,CLEAR,DUSK,SIDESWIPE SAME DIRECTION,DIVIDED - W/MEDIAN (NOT RAISED),NO CONTROLS,IMPROPER OVERTAKING/PASSING,UNABLE TO DETERMINE,0,0,1,1,11,3,12,847,CLARK ST,41.893318,-87.763862,12/17/2024 11:13:00 AM,2024
CR00037520,10/09/2024 05:49:00 PM,30,CLEAR,DAYLIGHT,REAR END,NOT DIVIDED,TRAFFIC SIGNAL,DRIVING SKILLS/KNOWLEDGE/EXPERIENCE,FAILING TO REDUCE SPEED,0,0,0,0,17,4,10,1976,CLARK ST,41.896985,-87.776642,10/09/2024 07:05:00 PM,2024
CR00037521,01/25/2023 05:44:00 AM,35,CLEAR,DARKNESS - LIGHTED ROAD,REAR END,NOT DIVIDED,STOP SIGN/FLASHER,UNABLE TO DETERMINE,FAILING TO YIELD RIGHT-OF-WAY,0,0,0,0,5,4,1,2144,BROADWAY,41.995097,-87.765072,01/25/2023 07:21:00 AM,2023
CR00037522,01/15/2016 04:06:00 PM,45,CLEAR,DAYLIGHT,REAR END,DIVIDED - W/MEDIAN (NOT RAISED),NO CONTROLS,UNABLE TO DETERMINE,IMPROPER LANE USAGE,0,0,0,0,16,6,1,2127,BROADWAY,41.946455,-87.659568,01/15/2016 04:50:00 PM,2016
CR00037523,07/30/2020 09:36:00 AM,15,CLEAR,DUSK,PEDESTRIAN,DIVIDED - W/MEDIAN BARRIER,NO CONTROLS,UNABLE TO DETERMINE,UNABLE TO DETERMINE,0,0,0,0,9,5,7,2152,ARCHER AVE,41.764891,-87.598644,07/30/2020 10:18:00 AM,2020
CR00037524,04/19/2023 08:39:00 AM,35,RAIN,DAYLIGHT,PARKED MOTOR VEHICLE,ONE-WAY,STOP SIGN/FLASHER,UNABLE TO DETERMINE,IMPROPER OVERTAKING/PASSING,0,0,0,0,8,4,4,1605,47TH ST,41.835812,-87.550214,04/19/2023 10:33:00 AM,2023
CR00037525,10/17/2018 07:43:00 AM,35,CLOUDY/OVERCAST,DARKNESS,REAR END,NOT DIVIDED,NO CONTROLS,DISREGARDING TRAFFIC SIGNALS,FAILING TO REDUCE SPEED,0,0,0,0,7,4,10,413,WESTERN AVE,41.775294,-87.698517,10/17/2018 07:46:00 AM,2018
CR00037526,01/03/2016 04:03:00 PM,15,CLEAR,DAWN,SIDESWIPE SAME DIRECTION,T-INTERSECTION,STOP SIGN/FLASHER,UNABLE TO DETERMINE,UNABLE TO DETERMINE,0,0,0,0,16,1,1,242,79TH ST,41.975017,-87.555004,01/03/2016 04:50:00 PM,2016
CR00037527,05/01/2016 08:30:00 PM,40,CLEAR,DUSK,REAR END,NOT DIVIDED,NO CONTROLS,UNABLE TO DETERMINE,DRIVING SKILLS/KNOWLEDGE/EXPERIENCE,0,0,0,0,20,1,5,1680,STONY ISLAND AVE,41.978753,-87.828044,05/01/2016 10:20:00 PM,2016
CR00037528,01/24/2015 07:06:00 PM,35,CLEAR,DARKNESS - LIGHTED ROAD,ANGLE,DIVIDED - W/MEDIAN (NOT RAISED),STOP SIGN/FLASHER,DRIVING SKILLS/KNOWLEDGE/EXPERIENCE,UNABLE TO DETERMINE,0,0,0,0,19,7,1,1261,79TH ST,41.905164,-87.826711,01/24/2015 08:57:00 PM,2015
CR00037529,02/08/2015 06:13:00 PM,30,RAIN,DARKNESS - LIGHTED ROAD,TURNING,DIVIDED - W/MEDIAN (NOT RAISED),STOP SIGN/FLASHER,FAILING TO REDUCE SPEED,FAILING TO REDUCE SPEED,0,0,0,0,18,1,2,690,OGDEN AVE,41.810727,-87.655597,02/08/2015 07:00:00 PM,2015
CR00037530,10/28/2015 12:10:00 PM,30,CLEAR,DARKNESS - LIGHTED ROAD,ANGLE,NOT DIVIDED,NO CONTROLS,DRIVING SKILLS/KNOWLEDGE/EXPERIENCE,DRIVING SKILLS/KNOWLEDGE/EXPERIENCE,0,0,1,1,12,4,10,831,KEDZIE AVE,41.774594,-87.723316,10/28/2015 01:05:00 PM,2015
CR00037531,02/23/2022 01:59:00 AM,20,CLOUDY/OVERCAST,DUSK,REAR END,DIVIDED - W/MEDIAN BARRIER,TRAFFIC SIGNAL,WEATHER,IMPROPER LANE USAGE,0,0,0,0,1,4,2,1635,ARCHER AVE,41.849418,-87.611002,02/23/2022 02:09:00 AM,2022