CRASH_RECORD_ID,CRASH_DATE,POSTED_SPEED_LIMIT,WEATHER_CONDITION,LIGHTING_CONDITION,FIRST_CRASH_TYPE,TRAFFICWAY_TYPE,TRAFFIC_CONTROL_DEVICE,PRIM_CONTRIBUTORY_CAUSE,SEC_CONTRIBUTORY_CAUSE,INJURIES_FATAL,INJURIES_INCAPACITATING,INJURIES_NON_INCAPACITATING,INJURIES_TOTAL,CRASH_HOUR,CRASH_DAY_OF_WEEK,CRASH_MONTH,BEAT_OF_OCCURRENCE,STREET_NAME,LATITUDE,LONGITUDE,DATE_POLICE_NOTIFIED,year
CR00037532,12/13/2015 03:48:00 PM,35,RAIN,DAYLIGHT,SIDESWIPE SAME DIRECTION,ONE-WAY,NO CONTROLS,IMPROPER OVERTAKING/PASSING,DISREGARDING TRAFFIC SIGNALS,0,0,3,3,15,1,12,584,WESTERN AVE,41.81849,-87.739718,12/13/2015 04:15:00 PM,2015
CR00037533,08/30/2021 04:18:00 PM,35,CLOUDY/OVERCAST,DAYLIGHT,PEDESTRIAN,DIVIDED - W/MEDIAN (NOT RAISED),NO CONTROLS,IMPROPER OVERTAKING/PASSING,FAILING TO YIELD RIGHT-OF-WAY,0,0,0,0,16,2,8,1171,47TH ST,41.984334,-87.763532,08/30/2021 05:10:00 PM,2021
CR00037534,10/22/2022 08:35:00 AM,40,RAIN,DAYLIGHT,PARKED MOTOR VEHICLE,DIVIDED - W/MEDIAN (NOT RAISED),PEDESTRIAN CROSSING SIGN,IMPROPER LANE USAGE,FOLLOWING TOO CLOSELY,0,0,1,1,8,7,10,1101,OGDEN AVE,41.864014,-87.684421,10/22/2022 08:53:00 AM,2022
CR00037535,07/03/2020 07:45:00 PM,40,CLEAR,DARKNESS - LIGHTED ROAD,PARKED MOTOR VEHICLE,NOT DIVIDED,NO CONTROLS,WEATHER,FOLLOWING TOO CLOSELY,0,1,1,2,19,6,7,1226,FULLERTON AVE,41.780048,-87.640976,07/03/2020 09:31:00 PM,2020
CR00037536,07/08/2017 06:39:00 PM,30,CLEAR,DAYLIGHT,REAR END,NOT DIVIDED,NO CONTROLS,IMPROPER LANE USAGE,FOLLOWING TOO CLOSELY,0,0,3,3,18,7,7,202,BROADWAY,41.876858,-87.83717,07/08/2017 07:25:00 PM,2017
CR00037537,12/06/2018 09:22:00 AM,30,RAIN,DARKNESS - LIGHTED ROAD,PEDESTRIAN,ONE-WAY,TRAFFIC SIGNAL,WEATHER,UNABLE TO DETERMINE,0,0,0,0,9,5,12,1621,HALSTED ST,41.768746,-87.524685,12/06/2018 09:37:00 AM,2018
CR00037538,07/07/2022 07:27:00 PM,25,CLEAR,DARKNESS - LIGHTED ROAD,TURNING,NOT DIVIDED,STOP SIGN/FLASHER,DRIVING SKILLS/KNOWLEDGE/EXPERIENCE,DISREGARDING TRAFFIC SIGNALS,0,0,0,0,19,5,7,854,FULLERTON AVE,41.92763,-87.604429,07/07/2022 08:51:00 PM,2022
CR00037539,08/13/2015 08:43:00 AM,25,CLEAR,DARKNESS - LIGHTED ROAD,ANGLE,NOT DIVIDED,STOP SIGN/FLASHER,DISREGARDING TRAFFIC SIGNALS,UNABLE TO DETERMINE,0,0,0,0,8,5,8,1799,BROADWAY,41.89135,-87.849644,08/13/2015 10:23:00 AM,2015
CR00037540,09/22/2016 11:06:00 AM,30,RAIN,DAYLIGHT,FIXED OBJECT,DIVIDED - W/MEDIAN (NOT RAISED),YIELD,IMPROPER OVERTAKING/PASSING,NOT APPLICABLE,0,0,0,0,11,5,9,1044,DIVISION ST,41.988565,-87.807894,09/22/2016 11:47:00 AM,2016
CR00037541,03/12/2022 12:27:00 PM,35,CLEAR,DARKNESS - LIGHTED ROAD,REAR END,ONE-WAY,STOP SIGN/FLASHER,IMPROPER LANE USAGE,IMPROPER LANE USAGE,0,0,0,0,12,7,3,1922,MILWAUKEE AVE,41.826123,-87.629589,03/12/2022 01:26:00 PM,2022
CR00037542,08/15/2016 05:26:00 PM,45,SNOW,DAYLIGHT,TURNING,ONE-WAY,NO CONTROLS,FAILING TO YIELD RIGHT-OF-WAY,UNABLE TO DETERMINE,0,0,0,0,17,2,8,539,LAKE SHORE DR,41.736279,-87.720482,08/15/2016 06:40:00 PM,2016
CR00037543,05/09/2023 11:33:00 AM,35,RAIN,DAYLIGHT,TURNING,DIVIDED - W/MEDIAN (NOT RAISED),PEDESTRIAN CROSSING SIGN,WEATHER,DISTRACTION - FROM INSIDE VEHICLE,0,0,0,0,11,3,5,565,ARCHER AVE,41.78045,-87.522414,05/09/2023 12:52:00 PM,2023
CR00037544,04/24/2021 11:10:00 AM,30,SNOW,DAYLIGHT,REAR END,NOT DIVIDED,STOP SIGN/FLASHER,FOLLOWING TOO CLOSELY,NOT APPLICABLE,0,0,0,0,11,7,4,2299,MILWAUKEE AVE,41.972358,-87.668145,04/24/2021 12:15:00 PM,2021
CR00037545,08/28/2022 01:25:00 AM,20,CLEAR,DAYLIGHT,FIXED OBJECT,NOT DIVIDED,NO CONTROLS,FAILING TO YIELD RIGHT-OF-WAY,DISREGARDING TRAFFIC SIGNALS,0,0,0,0,1,1,8,463,ASHLAND AVE,41.721221,-87.794696,08/28/2022 03:05:00 AM,2022
CR00037546,07/31/2015 05:59:00 PM,30,CLEAR,DARKNESS - LIGHTED ROAD,REAR END,DIVIDED - W/MEDIAN (NOT RAISED),STOP SIGN/FLASHER,IMPROPER OVERTAKING/PASSING,UNABLE TO DETERMINE,0,0,0,0,17,6,7,529,IRVING PARK RD,41.864765,-87.622588,07/31/2015 07:58:00 PM,2015
CR00037547,02/09/2024 08:41:00 PM,30,CLEAR,DARKNESS - LIGHTED ROAD,ANGLE,T-INTERSECTION,YIELD,FAILING TO YIELD RIGHT-OF-WAY,DISTRACTION - FROM INSIDE VEHICLE,0,0,0,0,20,6,2,2245,OGDEN AVE,41.783192,-87.710556,02/09/2024 10:13:00 PM,2024
CR00037548,12/12/2022 04:13:00 PM,25,CLOUDY/OVERCAST,DAYLIGHT,FIXED OBJECT,ONE-WAY,NO CONTROLS,FAILING TO YIELD RIGHT-OF-WAY,DRIVING SKILLS/KNOWLEDGE/EXPERIENCE,0,0,0,0,16,2,12,1623,CLARK ST,41.967701,-87.750106,12/12/2022 06:06:00 PM,2022
CR00037549,02/26/2024 11:12:00 PM,45,CLEAR,DAYLIGHT,FIXED OBJECT,NOT DIVIDED,NO CONTROLS,FAILING TO YIELD RIGHT-OF-WAY,UNABLE TO DETERMINE,0,0,0,0,23,2,2,1454,CLARK ST,41.978821,-87.780577,02/27/2024 12:00:00 AM,2024
CR00037550,09/14/2018 09:31:00 PM,35,CLEAR,DAYLIGHT,REAR END,DIVIDED - W/MEDIAN (NOT RAISED),TRAFFIC SIGNAL,DRIVING SKILLS/KNOWLEDGE/EXPERIENCE,UNABLE TO DETERMINE,0,0,0,0,21,6,9,236,STONY ISLAND AVE,41.880684,-87.83945,09/14/2018 11:30:00 PM,2018
CR00037551,12/11/2020 08:52:00 AM,15,CLOUDY/OVERCAST,DARKNESS - LIGHTED ROAD,FIXED OBJECT,DIVIDED - W/MEDIAN BARRIER,NO CONTROLS,FAILING TO YIELD RIGHT-OF-WAY,NOT APPLICABLE,0,0,1,1,8,6,12,2111,PULASKI RD,41.940144,-87.51314,12/11/2020 09:16:00 AM,2020
CR00037552,11/22/2015 06:02:00 PM,30,CLEAR,DAYLIGHT,PARKED MOTOR VEHICLE,DIVIDED - W/MEDIAN BARRIER,TRAFFIC SIGNAL,FAILING TO REDUCE SPEED,UNABLE TO DETERMINE,0,0,0,0,18,1,11,1233,BROADWAY,41.737452,-87.661438,11/22/2015 06:42:00 PM,2015
CR00037553,07/07/2015 08:07:00 PM,40,CLOUDY/OVERCAST,DARKNESS - LIGHTED ROAD,TURNING,DIVIDED - W/MEDIAN BARRIER,STOP SIGN/FLASHER,DISREGARDING TRAFFIC SIGNALS,FOLLOWING TOO CLOSELY,0,0,2,2,20,3,7,592,47TH ST,41.843498,-87.505039,07/07/2015 09:36:00 PM,2015
CR00037554,01/06/2020 12:41:00 AM,30,CLOUDY/OVERCAST,DAYLIGHT,ANGLE,DIVIDED - W/MEDIAN (NOT RAISED),TRAFFIC SIGNAL,DISTRACTION - FROM INSIDE VEHICLE,FOLLOWING TOO CLOSELY,0,0,0,0,0,2,1,962,IRVING PARK RD,41.994007,-87.51181,01/06/2020 01:12:00 AM,2020
CR00037555,02/23/2019 05:16:00 PM,40,RAIN,DARKNESS - LIGHTED ROAD,SIDESWIPE SAME DIRECTION,DIVIDED - W/MEDIAN (NOT RAISED),NO CONTROLS,IMPROPER LANE USAGE,UNABLE TO DETERMINE,0,0,3,3,17,7,2,1395,STATE ST,41.744172,-87.71409,02/23/2019 07:11:00 PM,2019
CR00037556,12/29/2019 01:56:00 PM,25,CLEAR,DAYLIGHT,REAR END,DIVIDED - W/MEDIAN (NOT RAISED),NO CONTROLS,IMPROPER LANE USAGE,DISREGARDING TRAFFIC SIGNALS,0,0,1,1,13,1,12,2150,HALSTED ST,41.926828,-87.688002,12/29/2019 02:55:00 PM,2019
CR00037557,03/28/2022 08:23:00 AM,35,CLOUDY/OVERCAST,DARKNESS,PARKED MOTOR VEHICLE,DIVIDED - W/MEDIAN (NOT RAISED),STOP SIGN/FLASHER,DISREGARDING TRAFFIC SIGNALS,UNABLE TO DETERMINE,0,0,0,0,8,2,3,1885,PULASKI RD,41.8107,-87.767261,03/28/2022 09:46:00 AM,2022
CR00037558,09/18/2017 06:47:00 PM,30,CLEAR,DARKNESS - LIGHTED ROAD,REAR END,NOT DIVIDED,NO CONTROLS,FOLLOWING TOO CLOSELY,DISREGARDING TRAFFIC SIGNALS,0,0,0,0,18,2,9,2293,ROOSEVELT RD,41.945865,-87.637336,09/18/2017 07:09:00 PM,2017
CR00037559,10/04/2022 05:20:00 PM,20,SNOW,DAYLIGHT,PARKED MOTOR VEHICLE,NOT DIVIDED,NO CONTROLS,DISREGARDING TRAFFIC SIGNALS,FOLLOWING TOO CLOSELY,0,1,0,1,17,3,10,536,63RD ST,41.933558,-87.776902,10/04/2022 05:41:00 PM,2022
CR00037560,01/23/2020 11:24:00 AM,45,SNOW,DAYLIGHT,TURNING,NOT DIVIDED,STOP SIGN/FLASHER,FOLLOWING TOO CLOSELY,DISTRACTION - FROM INSIDE VEHICLE,0,0,0,0,11,5,1,779,WESTERN AVE,41.756609,-87.604945,01/23/2020 11:59:00 AM,2020
CR00037561,06/02/2017 07:42:00 AM,35,CLEAR,DAYLIGHT,FIXED OBJECT,NOT DIVIDED,NO CONTROLS,DRIVING SKILLS/KNOWLEDGE/EXPERIENCE,UNABLE TO DETERMINE,0,0,0,0,7,6,6,2290,CICERO AVE,41.740731,-87.776237,06/02/2017 09:40:00 AM,2017
CR00037562,06/02/2023 09:28:00 PM,30,CLEAR,DARKNESS - LIGHTED ROAD,REAR END,NOT DIVIDED,TRAFFIC SIGNAL,FAILING TO YIELD RIGHT-OF-WAY,FAILING TO YIELD RIGHT-OF-WAY,0,0,1,1,21,6,6,474,CICERO AVE,41.963027,-87.807351,06/02/2023 09:43:00 PM,2023
CR00037563,11/27/2021 06:00:00 PM,25,CLEAR,DAYLIGHT,ANGLE,T-INTERSECTION,STOP SIGN/FLASHER,IMPROPER LANE USAGE,IMPROPER OVERTAKING/PASSING,0,0,3,3,18,7,11,1211,FULLERTON AVE,41.713405,-87.60548,11/27/2021 06:52:00 PM,2021
CR00037564,11/28/2016 06:39:00 PM,20,CLEAR,DARKNESS - LIGHTED ROAD,ANGLE,FOUR WAY,TRAFFIC SIGNAL,DISREGARDING TRAFFIC SIGNALS,UNABLE TO DETERMINE,0,0,0,0,18,2,11,2331,ROOSEVELT RD,41.910116,-87.727769,11/28/2016 07:52:00 PM,2016
CR00037565,01/16/2020 06:25:00 PM,20,SNOW,DARKNESS - LIGHTED ROAD,FIXED OBJECT,NOT DIVIDED,NO CONTROLS,WEATHER,FOLLOWING TOO CLOSELY,0,0,2,2,18,5,1,839,STONY ISLAND AVE,41.870283,-87.511545,01/16/2020 06:57:00 PM,2020
CR00037566,05/25/2016 08:58:00 AM,35,CLEAR,DAYLIGHT,REAR TO FRONT,DIVIDED - W/MEDIAN BARRIER,NO CONTROLS,IMPROPER LANE USAGE,FOLLOWING TOO CLOSELY,0,0,0,0,8,4,5,2415,OGDEN AVE,41.998886,-87.617901,05/25/2016 09:51:00 AM,2016
CR00037567,10/04/2021 05:46:00 PM,35,CLEAR,DARKNESS,PEDESTRIAN,ONE-WAY,TRAFFIC SIGNAL,UNABLE TO DETERMINE,UNABLE TO DETERMINE,0,0,0,0,17,2,10,684,ASHLAND AVE,41.980246,-87.647638,10/04/2021 07:00:00 PM,2021
CR00037568,08/25/2022 01:28:00 AM,30,CLEAR,DUSK,SIDESWIPE SAME DIRECTION,DIVIDED - W/MEDIAN (NOT RAISED),STOP SIGN/FLASHER,FOLLOWING TOO CLOSELY,IMPROPER LANE USAGE,0,0,0,0,1,5,8,2081,FULLERTON AVE,41.714611,-87.806657,08/25/2022 02:53:00 AM,2022
CR00037569,09/28/2021 09:26:00 PM,45,CLEAR,DARKNESS - LIGHTED ROAD,ANGLE,ONE-WAY,STOP SIGN/FLASHER,UNABLE TO DETERMINE,IMPROPER OVERTAKING/PASSING,0,0,0,0,21,3,9,2363,IRVING PARK RD,41.946381,-87.819011,09/28/2021 09:46:00 PM,2021
CR00037570,12/24/2015 10:27:00 AM,15,CLEAR,DUSK,TURNING,NOT DIVIDED,UNKNOWN,DRIVING SKILLS/KNOWLEDGE/EXPERIENCE,FOLLOWING TOO CLOSELY,0,0,0,0,10,5,12,1237,63RD ST,41.889303,-87.841091,12/24/2015 10:39:00 AM,2015
CR00037571,08/24/2024 09:59:00 PM,30,CLEAR,DAYLIGHT,REAR END,NOT DIVIDED,STOP SIGN/FLASHER,WEATHER,WEATHER,0,0,0,0,21,7,8,874,DAMEN AVE,41.899093,-87.750447,08/24/2024 10:20:00 PM,2024
CR00037572,10/26/2023 06:35:00 PM,20,CLEAR,DARKNESS - LIGHTED ROAD,PEDESTRIAN,FOUR WAY,NO CONTROLS,UNABLE TO DETERMINE,IMPROPER LANE USAGE,0,0,0,0,18,5,10,2463,FULLERTON AVE,41.779912,-87.818135,10/26/2023 07:40:00 PM,2023
CR00037573,11/01/2018 10:34:00 PM,30,CLEAR,DARKNESS,PEDESTRIAN,NOT DIVIDED,TRAFFIC SIGNAL,UNABLE TO DETERMINE,FOLLOWING TOO CLOSELY,0,0,0,0,22,5,11,2065,MICHIGAN AVE,41.739603,-87.697916,11/01/2018 11:20:00 PM,2018
CR00037574,05/20/2017 03:04:00 PM,45,CLEAR,DAWN,REAR END,ONE-WAY,NO CONTROLS,UNABLE TO DETERMINE,UNABLE TO DETERMINE,0,0,0,0,15,7,5,2444,KEDZIE AVE,41.893569,-87.603673,05/20/2017 04:35:00 PM,2017
CR00037575,03/07/2021 09:31:00 AM,30,CLEAR,DAYLIGHT,REAR END,FOUR WAY,STOP SIGN/FLASHER,IMPROPER OVERTAKING/PASSING,NOT APPLICABLE,0,0,0,0,9,1,3,474,79TH ST,41.768322,-87.665832,03/07/2021 09:32:00 AM,2021
CR00037576,10/12/2023 04:21:00 PM,30,CLEAR,DARKNESS - LIGHTED ROAD,SIDESWIPE SAME DIRECTION,DIVIDED - W/MEDIAN (NOT RAISED),NO CONTROLS,FAILING TO YIELD RIGHT-OF-WAY,IMPROPER LANE USAGE,0,2,2,4,16,5,10,1054,63RD ST,41.971558,-87.647304,10/12/2023 05:21:00 PM,2023
CR00037577,11/17/2024 09:01:00 AM,45,CLEAR,DAYLIGHT,PARKED MOTOR VEHICLE,DIVIDED - W/MEDIAN (NOT RAISED),STOP SIGN/FLASHER,FOLLOWING TOO CLOSELY,UNABLE TO DETERMINE,0,0,0,0,9,1,11,914,CICERO AVE,41.740289,-87.539004,11/17/2024 10:25:00 AM,2024
CR00037578,10/11/2023 04:43:00 PM,35,CLEAR,DAYLIGHT,SIDESWIPE SAME DIRECTION,DIVIDED - W/MEDIAN (NOT RAISED),TRAFFIC SIGNAL,UNABLE TO DETERMINE,DISTRACTION - FROM INSIDE VEHICLE,0,0,0,0,16,4,10,1339,MICHIGAN AVE,41.866166,-87.543355,10/11/2023 06:17:00 PM,2023
CR00037579,04/22/2017 01:55:00 PM,20,CLEAR,DAYLIGHT,PEDESTRIAN,DIVIDED - W/MEDIAN (NOT RAISED),NO CONTROLS,IMPROPER LANE USAGE,NOT APPLICABLE,0,0,0,0,13,7,4,504,ROOSEVELT RD,41.783509,-87.521643,04/22/2017 03:46:00 PM,2017
CR00037580,10/16/2023 07:29:00 AM,20,CLEAR,DARKNESS - LIGHTED ROAD,PARKED MOTOR VEHICLE,NOT DIVIDED,NO CONTROLS,DRIVING SKILLS/KNOWLEDGE/EXPERIENCE,UNABLE TO DETERMINE,0,0,2,2,7,2,10,2273,ELSTON AVE,41.913263,-87.559904,10/16/2023 08:36:00 AM,2023
CR00037581,12/15/2015 04:16:00 PM,30,CLEAR,DAYLIGHT,TURNING,ONE-WAY,TRAFFIC SIGNAL,UNABLE TO DETERMINE,DISTRACTION - FROM INSIDE VEHICLE,0,0,0,0,16,3,12,1065,47TH ST,41.798106,-87.547858,12/15/2015 05:05:00 PM,2015
CR00037582,07/05/2019 02:00:00 PM,35,CLEAR,DAYLIGHT,PARKED MOTOR VEHICLE,DIVIDED - W/MEDIAN (NOT RAISED),NO CONTROLS,FAILING TO REDUCE SPEED,DISTRACTION - FROM INSIDE VEHICLE,0,0,0,0,14,6,7,1376,CICERO AVE,41.912414,-87.685868,07/05/2019 02:35:00 PM,2019
CR00037583,09/28/2020 03:48:00 PM,15,CLEAR,DAYLIGHT,REAR END,DIVIDED - W/MEDIAN (NOT RAISED),STOP SIGN/FLASHER,FOLLOWING TOO CLOSELY,FOLLOWING TOO CLOSELY,0,0,0,0,15,2,9,2318,47TH ST,41.808777,-87.607855,09/28/2020 04:25:00 PM,2020
CR00037584,03/02/2018 07:11:00 PM,40,CLEAR,DAYLIGHT,PARKED MOTOR VEHICLE,DIVIDED - W/MEDIAN BARRIER,NO CONTROLS,UNABLE TO DETERMINE,UNABLE TO DETERMINE,0,0,0,0,19,6,3,165,ROOSEVELT RD,41.710285,-87.7089,03/02/2018 08:45:00 PM,2018
CR00037585,06/05/2021 12:27:00 PM,45,SNOW,DAWN,REAR END,FOUR WAY,YIELD,FAILING TO YIELD RIGHT-OF-WAY,FAILING TO YIELD RIGHT-OF-WAY,0,0,0,0,12,7,6,1303,CICERO AVE,41.733355,-87.657945,06/05/2021 02:27:00 PM,2021
CR00037586,08/18/2017 05:43:00 PM,30,CLOUDY/OVERCAST,DAYLIGHT,TURNING,DIVIDED - W/MEDIAN BARRIER,TRAFFIC SIGNAL,DRIVING SKILLS/KNOWLEDGE/EXPERIENCE,UNABLE TO DETERMINE,0,0,0,0,17,6,8,1428,ASHLAND AVE,41.925859,-87.545517,08/18/2017 07:15:00 PM,2017
CR00037587,08/10/2018 07:02:00 AM,20,CLEAR,DAYLIGHT,REAR END,DIVIDED - W/MEDIAN BARRIER,NO CONTROLS,FAILING TO YIELD RIGHT-OF-WAY,DISTRACTION - FROM INSIDE VEHICLE,0,0,0,0,7,6,8,1777,DIVISION ST,41.828806,-87.81039,08/10/2018 07:16:00 AM,2018
CR00037588,06/01/2018 08:13:00 PM,15,CLEAR,DAYLIGHT,SIDESWIPE SAME DIRECTION,DIVIDED - W/MEDIAN BARRIER,TRAFFIC SIGNAL,UNABLE TO DETERMINE,FOLLOWING TOO CLOSELY,0,0,0,0,20,6,6,2083,79TH ST,41.771722,-87.561159,06/01/2018 09:08:00 PM,2018
CR00037589,07/21/2023 08:58:00 PM,30,CLEAR,DARKNESS,ANGLE,DIVIDED - W/MEDIAN BARRIER,NO CONTROLS,UNABLE TO DETERMINE,FAILING TO YIELD RIGHT-OF-WAY,0,0,2,2,20,6,7,1727,ASHLAND AVE,41.701323,-87.631018,07/21/2023 10:56:00 PM,2023
CR00037590,08/19/2017 10:02:00 AM,30,CLEAR,DAYLIGHT,PEDESTRIAN,DIVIDED - W/MEDIAN BARRIER,NO CONTROLS,UNABLE TO DETERMINE,DISTRACTION - FROM INSIDE VEHICLE,0,0,0,0,10,7,8,686,ASHLAND AVE,41.759892,-87.538899,08/19/2017 10:09:00 AM,2017
CR00037591,04/21/2019 07:05:00 PM,25,RAIN,DAYLIGHT,TURNING,ONE-WAY,STOP SIGN/FLASHER,FAILING TO YIELD RIGHT-OF-WAY,FAILING TO YIELD RIGHT-OF-WAY,0,0,0,0,19,1,4,1092,79TH ST,41.983282,-87.594888,04/21/2019 07:17:00 PM,2019
CR00037592,12/16/2020 03:42:00 PM,35,CLEAR,DARKNESS,REAR END,ONE-WAY,NO CONTROLS,DISTRACTION - FROM INSIDE VEHICLE,FAILING TO YIELD RIGHT-OF-WAY,0,0,3,3,15,4,12,1104,ARCHER AVE,41.718908,-87.841528,12/16/2020 05:12:00 PM,2020
CR00037593,03/11/2024 01:41:00 AM,30,CLEAR,DARKNESS - LIGHTED ROAD,PARKED MOTOR VEHICLE,FOUR WAY,NO CONTROLS,FOLLOWING TOO CLOSELY,FOLLOWING TOO CLOSELY,0,0,0,0,1,2,3,1377,KEDZIE AVE,41.823128,-87.790856,03/11/2024 01:48:00 AM,2024
CR00037594,10/19/2015 05:06:00 PM,30,CLEAR,DARKNESS,REAR END,DIVIDED - W/MEDIAN (NOT RAISED),TRAFFIC SIGNAL,FOLLOWING TOO CLOSELY,NOT APPLICABLE,0,0,0,0,17,2,10,288,ELSTON AVE,41.880899,-87.577962,10/19/2015 06:32:00 PM,2015
CR00037595,02/13/2020 12:56:00 AM,15,CLEAR,DAYLIGHT,SIDESWIPE SAME DIRECTION,ONE-WAY,TRAFFIC SIGNAL,FAILING TO REDUCE SPEED,FAILING TO REDUCE SPEED,0,0,1,1,0,5,2,599,79TH ST,41.828951,-87.623138,02/13/2020 01:22:00 AM,2020
CR00037596,11/09/2021 05:15:00 PM,30,CLEAR,DARKNESS - LIGHTED ROAD,PARKED MOTOR VEHICLE,DIVIDED - W/MEDIAN (NOT RAISED),NO CONTROLS,UNABLE TO DETERMINE,IMPROPER LANE USAGE,0,0,0,0,17,3,11,1021,ARCHER AVE,41.75752,-87.725233,11/09/2021 06:57:00 PM,2021
CR00037597,03/28/2019 02:56:00 PM,45,FOG/SMOKE/HAZE,DARKNESS - LIGHTED ROAD,PARKED MOTOR VEHICLE,ONE-WAY,NO CONTROLS,UNABLE TO DETERMINE,UNABLE TO DETERMINE,0,0,0,0,14,5,3,359,HALSTED ST,41.759516,-87.776353,03/28/2019 03:57:00 PM,2019
CR00037598,01/27/2020 03:25:00 AM,35,CLEAR,DAYLIGHT,ANGLE,DIVIDED - W/MEDIAN BARRIER,UNKNOWN,UNABLE TO DETERMINE,DRIVING SKILLS/KNOWLEDGE/EXPERIENCE,0,0,0,0,3,2,1,2005,KEDZIE AVE,41.713899,-87.770203,01/27/2020 04:10:00 AM,2020
CR00037599,05/13/2017 09:32:00 AM,40,RAIN,DAWN,SIDESWIPE SAME DIRECTION,ONE-WAY,STOP SIGN/FLASHER,FAILING TO REDUCE SPEED,FAILING TO YIELD RIGHT-OF-WAY,0,0,0,0,9,7,5,505,STATE ST,41.783959,-87.840549,05/13/2017 11:15:00 AM,2017
CR00037600,11/06/2022 09:43:00 AM,30,CLEAR,DARKNESS - LIGHTED ROAD,TURNING,DIVIDED - W/MEDIAN (NOT RAISED),STOP SIGN/FLASHER,FAILING TO YIELD RIGHT-OF-WAY,NOT APPLICABLE,0,0,0,0,9,1,11,104,ELSTON AVE,41.724769,-87.671663,11/06/2022 11:19:00 AM,2022
CR00037601,07/19/2023 07:49:00 PM,30,RAIN,DAYLIGHT,TURNING,DIVIDED - W/MEDIAN BARRIER,NO CONTROLS,IMPROPER OVERTAKING/PASSING,NOT APPLICABLE,0,0,0,0,19,4,7,1153,IRVING PARK RD,41.882145,-87.718409,07/19/2023 08:33:00 PM,2023
CR00037602,05/16/2020 07:13:00 PM,35,CLEAR,DARKNESS,ANGLE,ONE-WAY,NO CONTROLS,UNABLE TO DETERMINE,NOT APPLICABLE,0,0,0,0,19,7,5,1922,79TH ST,41.854358,-87.74352,05/16/2020 07:30:00 PM,2020
CR00037603,03/03/2018 10:14:00 PM,30,RAIN,DARKNESS - LIGHTED ROAD,REAR TO FRONT,NOT DIVIDED,TRAFFIC SIGNAL,IMPROPER LANE USAGE,UNABLE TO DETERMINE,0,0,0,0,22,7,3,1206,63RD ST,41.752296,-87.681417,03/03/2018 11:31:00 PM,2018
CR00037604,05/14/2017 12:59:00 PM,15,SNOW,DAYLIGHT,REAR TO FRONT,ONE-WAY,NO CONTROLS,UNABLE TO DETERMINE,UNABLE TO DETERMINE,0,0,0,0,12,1,5,1467,63RD ST,41.779976,-87.562176,05/14/2017 01:08:00 PM,2017
CR00037605,08/23/2016 08:35:00 PM,45,CLEAR,DAYLIGHT,FIXED OBJECT,DIVIDED - W/MEDIAN (NOT RAISED),STOP SIGN/FLASHER,FOLLOWING TOO CLOSELY,IMPROPER OVERTAKING/PASSING,0,0,0,0,20,3,8,118,HALSTED ST,41.848566,-87.664539,08/23/2016 09:23:00 PM,2016
CR00037606,10/20/2023 03:11:00 AM,45,RAIN,DAYLIGHT,TURNING,FOUR WAY,NO CONTROLS,DRIVING SKILLS/KNOWLEDGE/EXPERIENCE,UNABLE TO DETERMINE,0,0,0,0,3,6,10,699,HALSTED ST,41.780409,-87.529215,10/20/2023 03:24:00 AM,2023
CR00037607,03/04/2018 12:33:00 AM,40,CLOUDY/OVERCAST,DAYLIGHT,ANGLE,NOT DIVIDED,STOP SIGN/FLASHER,DISTRACTION - FROM INSIDE VEHICLE,UNABLE TO DETERMINE,0,0,0,0,0,1,3,1796,DIVISION ST,41.89129,-87.792793,03/04/2018 01:20:00 AM,2018
CR00037608,04/29/2022 08:42:00 AM,35,CLEAR,DAYLIGHT,SIDESWIPE SAME DIRECTION,ONE-WAY,NO CONTROLS,UNABLE TO DETERMINE,UNABLE TO DETERMINE,0,0,1,1,8,6,4,1040,CICERO AVE,41.9452,-87.62872,04/29/2022 10:31:00 AM,2022
CR00037609,01/06/2022 10:58:00 AM,15,CLEAR,DAYLIGHT,ANGLE,NOT DIVIDED,TRAFFIC SIGNAL,DISREGARDING TRAFFIC SIGNALS,IMPROPER LANE USAGE,0,0,0,0,10,5,1,2168,OGDEN AVE,41.898435,-87.549627,01/06/2022 12:38:00 PM,2022
CR00037610,04/30/2024 05:29:00 PM,30,CLOUDY/OVERCAST,DAYLIGHT,REAR END,NOT DIVIDED,TRAFFIC SIGNAL,UNABLE TO DETERMINE,UNABLE TO DETERMINE,0,0,0,0,17,3,4,1660,DIVISION ST,41.804795,-87.652294,04/30/2024 06:59:00 PM,2024
CR00037611,10/15/2020 09:06:00 AM,15,CLEAR,DAWN,TURNING,FOUR WAY,TRAFFIC SIGNAL,FOLLOWING TOO CLOSELY,UNABLE TO DETERMINE,0,0,0,0,9,5,10,868,LAKE SHORE DR,41.768718,-87.684526,10/15/2020 09:14:00 AM,2020
CR00037612,02/22/2024 01:13:00 PM,30,CLEAR,DARKNESS - LIGHTED ROAD,ANGLE,DIVIDED - W/MEDIAN (NOT RAISED),TRAFFIC SIGNAL,UNABLE TO DETERMINE,NOT APPLICABLE,0,0,2,2,13,5,2,586,ARCHER AVE,41.952128,-87.72646,02/22/2024 02:13:00 PM,2024
CR00037613,05/21/2018 06:03:00 PM,15,CLEAR,DARKNESS - LIGHTED ROAD,REAR END,NOT DIVIDED,STOP SIGN/FLASHER,UNABLE TO DETERMINE,NOT APPLICABLE,0,0,0,0,18,2,5,738,OGDEN AVE,41.799546,-87.745661,05/21/2018 07:24:00 PM,2018