CRASH_RECORD_ID,CRASH_DATE,POSTED_SPEED_LIMIT,WEATHER_CONDITION,LIGHTING_CONDITION,FIRST_CRASH_TYPE,TRAFFICWAY_TYPE,TRAFFIC_CONTROL_DEVICE,PRIM_CONTRIBUTORY_CAUSE,SEC_CONTRIBUTORY_CAUSE,INJURIES_FATAL,INJURIES_INCAPACITATING,INJURIES_NON_INCAPACITATING,INJURIES_TOTAL,CRASH_HOUR,CRASH_DAY_OF_WEEK,CRASH_MONTH,BEAT_OF_OCCURRENCE,STREET_NAME,LATITUDE,LONGITUDE,DATE_POLICE_NOTIFIED,year
CR00037614,11/02/2023 06:25:00 PM,40,CLEAR,DAYLIGHT,REAR TO FRONT,DIVIDED - W/MEDIAN BARRIER,STOP SIGN/FLASHER,UNABLE TO DETERMINE,IMPROPER OVERTAKING/PASSING,0,0,0,0,18,5,11,235,79TH ST,41.963311,-87.723964,11/02/2023 06:55:00 PM,2023
CR00037615,10/31/2022 01:07:00 AM,30,CLOUDY/OVERCAST,DARKNESS,SIDESWIPE SAME DIRECTION,ONE-WAY,UNKNOWN,FAILING TO YIELD RIGHT-OF-WAY,UNABLE TO DETERMINE,0,0,2,2,1,2,10,2051,STATE ST,41.860372,-87.55337,10/31/2022 01:51:00 AM,2022
CR00037616,12/01/2019 04:40:00 AM,30,CLEAR,DAYLIGHT,TURNING,NOT DIVIDED,PEDESTRIAN CROSSING SIGN,UNABLE TO DETERMINE,IMPROPER OVERTAKING/PASSING,0,0,0,0,4,1,12,716,ASHLAND AVE,41.725343,-87.669763,12/01/2019 05:40:00 AM,2019
CR00037617,08/15/2020 04:17:00 PM,20,CLOUDY/OVERCAST,DAYLIGHT,TURNING,NOT DIVIDED,NO CONTROLS,UNABLE TO DETERMINE,DISTRACTION - FROM INSIDE VEHICLE,0,0,1,1,16,7,8,2503,STONY ISLAND AVE,41.765397,-87.566263,08/15/2020 06:07:00 PM,2020
CR00037618,05/01/2024 09:07:00 AM,25,CLEAR,DARKNESS,PARKED MOTOR VEHICLE,DIVIDED - W/MEDIAN BARRIER,NO CONTROLS,DISTRACTION - FROM INSIDE VEHICLE,IMPROPER OVERTAKING/PASSING,0,0,0,0,9,4,5,338,LAKE SHORE DR,41.800397,-87.661262,05/01/2024 10:50:00 AM,2024
CR00037619,04/30/2021 07:01:00 AM,30,CLEAR,DAYLIGHT,TURNING,FOUR WAY,TRAFFIC SIGNAL,UNABLE TO DETERMINE,NOT APPLICABLE,0,0,0,0,7,6,4,1028,PULASKI RD,41.810511,-87.651133,04/30/2021 08:44:00 AM,2021
CR00037620,01/04/2024 07:26:00 PM,45,CLEAR,DARKNESS,ANGLE,ONE-WAY,NO CONTROLS,DISREGARDING TRAFFIC SIGNALS,FAILING TO REDUCE SPEED,0,0,0,0,19,5,1,2064,WESTERN AVE,41.748058,-87.535424,01/04/2024 08:52:00 PM,2024
CR00037621,09/02/2015 05:14:00 AM,40,CLEAR,DARKNESS - LIGHTED ROAD,PARKED MOTOR VEHICLE,DIVIDED - W/MEDIAN (NOT RAISED),NO CONTROLS,UNABLE TO DETERMINE,IMPROPER LANE USAGE,0,0,0,0,5,4,9,2219,LAKE SHORE DR,41.988269,-87.579841,09/02/2015 06:15:00 AM,2015
CR00037622,08/27/2020 01:47:00 PM,45,SNOW,DARKNESS - LIGHTED ROAD,TURNING,FOUR WAY,STOP SIGN/FLASHER,FAILING TO YIELD RIGHT-OF-WAY,NOT APPLICABLE,0,0,1,1,13,5,8,2364,ELSTON AVE,41.788041,-87.77511,08/27/2020 02:15:00 PM,2020
CR00037623,03/20/2021 11:52:00 AM,35,RAIN,DAYLIGHT,ANGLE,ONE-WAY,NO CONTROLS,UNABLE TO DETERMINE,FAILING TO YIELD RIGHT-OF-WAY,0,0,0,0,11,7,3,2209,79TH ST,41.765581,-87.79019,03/20/2021 01:04:00 PM,2021
CR00037624,08/23/2015 06:59:00 PM,20,SNOW,DAYLIGHT,TURNING,NOT DIVIDED,NO CONTROLS,UNABLE TO DETERMINE,IMPROPER OVERTAKING/PASSING,0,0,0,0,18,1,8,1817,HALSTED ST,41.852286,-87.565654,08/23/2015 08:39:00 PM,2015
CR00037625,04/28/2018 04:36:00 PM,30,CLEAR,DUSK,SIDESWIPE SAME DIRECTION,DIVIDED - W/MEDIAN (NOT RAISED),TRAFFIC SIGNAL,WEATHER,IMPROPER OVERTAKING/PASSING,0,0,1,1,16,7,4,1765,CICERO AVE,41.923338,-87.625121,04/28/2018 05:21:00 PM,2018
CR00037626,09/15/2018 10:38:00 AM,30,RAIN,DARKNESS,ANGLE,DIVIDED - W/MEDIAN BARRIER,TRAFFIC SIGNAL,WEATHER,IMPROPER OVERTAKING/PASSING,0,0,0,0,10,7,9,2289,STONY ISLAND AVE,41.784025,-87.612379,09/15/2018 10:46:00 AM,2018
CR00037627,12/03/2015 09:14:00 AM,30,CLEAR,DARKNESS,SIDESWIPE SAME DIRECTION,NOT DIVIDED,TRAFFIC SIGNAL,UNABLE TO DETERMINE,FOLLOWING TOO CLOSELY,0,0,0,0,9,5,12,193,MICHIGAN AVE,41.730201,-87.786473,12/03/2015 09:48:00 AM,2015
CR00037628,01/06/2020 09:18:00 PM,40,CLEAR,DAYLIGHT,TURNING,NOT DIVIDED,YIELD,FAILING TO YIELD RIGHT-OF-WAY,UNABLE TO DETERMINE,0,0,0,0,21,2,1,1035,79TH ST,41.772961,-87.842903,01/06/2020 09:39:00 PM,2020
CR00037629,07/02/2019 11:41:00 AM,45,CLEAR,DAYLIGHT,REAR END,NOT DIVIDED,NO CONTROLS,DISTRACTION - FROM INSIDE VEHICLE,DRIVING SKILLS/KNOWLEDGE/EXPERIENCE,0,0,0,0,11,3,7,1821,CICERO AVE,41.780608,-87.636924,07/02/2019 12:40:00 PM,2019
CR00037630,08/11/2024 05:28:00 PM,35,CLOUDY/OVERCAST,DAYLIGHT,TURNING,ONE-WAY,NO CONTROLS,DISTRACTION - FROM INSIDE VEHICLE,FOLLOWING TOO CLOSELY,0,0,0,0,17,1,8,1824,BROADWAY,41.999458,-87.634633,08/11/2024 06:15:00 PM,2024
CR00037631,11/08/2019 10:13:00 AM,45,CLEAR,DUSK,REAR END,NOT DIVIDED,STOP SIGN/FLASHER,DRIVING SKILLS/KNOWLEDGE/EXPERIENCE,UNABLE TO DETERMINE,0,0,0,0,10,6,11,1083,STONY ISLAND AVE,41.953496,-87.615987,11/08/2019 11:28:00 AM,2019
CR00037632,04/26/2017 08:05:00 PM,30,CLEAR,DAYLIGHT,REAR END,NOT DIVIDED,UNKNOWN,WEATHER,NOT APPLICABLE,0,0,0,0,20,4,4,1771,KEDZIE AVE,41.80895,-87.593884,04/26/2017 08:48:00 PM,2017
CR00037633,12/31/2021 08:41:00 AM,35,CLEAR,DAYLIGHT,PARKED MOTOR VEHICLE,DIVIDED - W/MEDIAN (NOT RAISED),NO CONTROLS,DISREGARDING TRAFFIC SIGNALS,UNABLE TO DETERMINE,0,0,0,0,8,6,12,2411,63RD ST,41.929342,-87.624741,12/31/2021 08:55:00 AM,2021
CR00037634,04/28/2019 09:05:00 AM,15,CLEAR,DAYLIGHT,ANGLE,DIVIDED - W/MEDIAN (NOT RAISED),NO CONTROLS,WEATHER,DISTRACTION - FROM INSIDE VEHICLE,0,0,0,0,9,1,4,481,47TH ST,41.865694,-87.622994,04/28/2019 10:44:00 AM,2019
CR00037635,10/09/2016 03:43:00 PM,35,CLEAR,DARKNESS,FIXED OBJECT,T-INTERSECTION,STOP SIGN/FLASHER,DISTRACTION - FROM INSIDE VEHICLE,IMPROPER LANE USAGE,0,0,0,0,15,1,10,1690,WESTERN AVE,41.772902,-87.763545,10/09/2016 04:36:00 PM,2016
CR00037636,04/05/2021 12:32:00 AM,40,CLEAR,DAYLIGHT,REAR END,DIVIDED - W/MEDIAN BARRIER,NO CONTROLS,UNABLE TO DETERMINE,FAILING TO YIELD RIGHT-OF-WAY,0,0,0,0,0,2,4,1731,PULASKI RD,41.819509,-87.673284,04/05/2021 01:04:00 AM,2021
CR00037637,03/23/2016 07:13:00 PM,30,CLEAR,DAYLIGHT,SIDESWIPE SAME DIRECTION,T-INTERSECTION,NO CONTROLS,DISTRACTION - FROM INSIDE VEHICLE,FAILING TO YIELD RIGHT-OF-WAY,0,0,0,0,19,4,3,2032,BROADWAY,41.744485,-87.737979,03/23/2016 08:43:00 PM,2016
CR00037638,04/01/2018 11:04:00 AM,30,CLEAR,DARKNESS,REAR END,FOUR WAY,TRAFFIC SIGNAL,FOLLOWING TOO CLOSELY,IMPROPER OVERTAKING/PASSING,0,0,1,1,11,1,4,1150,ROOSEVELT RD,41.848956,-87.645067,04/01/2018 12:28:00 PM,2018
CR00037639,11/28/2020 07:00:00 AM,40,CLEAR,DAYLIGHT,ANGLE,NOT DIVIDED,NO CONTROLS,FAILING TO YIELD RIGHT-OF-WAY,FOLLOWING TOO CLOSELY,0,0,0,0,7,7,11,226,CICERO AVE,41.915586,-87.559596,11/28/2020 08:20:00 AM,2020
CR00037640,07/17/2019 05:31:00 PM,20,FREEZING RAIN/DRIZZLE,DAYLIGHT,TURNING,DIVIDED - W/MEDIAN (NOT RAISED),NO CONTROLS,DISTRACTION - FROM INSIDE VEHICLE,DRIVING SKILLS/KNOWLEDGE/EXPERIENCE,0,0,0,0,17,4,7,804,IRVING PARK RD,41.96733,-87.590767,07/17/2019 07:10:00 PM,2019
CR00037641,05/03/2024 10:58:00 PM,25,RAIN,DAYLIGHT,FIXED OBJECT,DIVIDED - W/MEDIAN (NOT RAISED),NO CONTROLS,DISTRACTION - FROM INSIDE VEHICLE,UNABLE TO DETERMINE,0,0,0,0,22,6,5,807,ASHLAND AVE,41.846379,-87.64194,05/04/2024 12:37:00 AM,2024
CR00037642,03/02/2015 04:26:00 PM,40,CLEAR,DAYLIGHT,REAR END,T-INTERSECTION,NO CONTROLS,UNABLE TO DETERMINE,FAILING TO YIELD RIGHT-OF-WAY,0,0,0,0,16,2,3,1227,LAKE SHORE DR,41.840335,-87.803862,03/02/2015 05:13:00 PM,2015
CR00037643,03/18/2017 03:17:00 PM,35,CLEAR,DAYLIGHT,SIDESWIPE SAME DIRECTION,NOT DIVIDED,NO CONTROLS,FOLLOWING TOO CLOSELY,UNABLE TO DETERMINE,0,0,1,1,15,7,3,363,ASHLAND AVE,41.800417,-87.557125,03/18/2017 04:36:00 PM,2017
CR00037644,11/24/2020 09:06:00 PM,35,CLEAR,DAYLIGHT,REAR END,DIVIDED - W/MEDIAN BARRIER,NO CONTROLS,FOLLOWING TOO CLOSELY,NOT APPLICABLE,0,0,1,1,21,3,11,1195,ASHLAND AVE,41.701113,-87.763993,11/24/2020 10:09:00 PM,2020
CR00037645,10/19/2023 04:21:00 PM,30,CLOUDY/OVERCAST,DARKNESS - LIGHTED ROAD,REAR END,FOUR WAY,TRAFFIC SIGNAL,FOLLOWING TOO CLOSELY,FAILING TO YIELD RIGHT-OF-WAY,0,0,0,0,16,5,10,1346,ROOSEVELT RD,41.958747,-87.704179,10/19/2023 05:52:00 PM,2023
CR00037646,10/30/2020 01:09:00 AM,20,CLEAR,DAYLIGHT,REAR END,DIVIDED - W/MEDIAN BARRIER,STOP SIGN/FLASHER,IMPROPER OVERTAKING/PASSING,FAILING TO YIELD RIGHT-OF-WAY,0,0,0,0,1,6,10,2112,MILWAUKEE AVE,41.77235,-87.654676,10/30/2020 03:06:00 AM,2020
CR00037647,07/30/2015 03:14:00 PM,20,RAIN,DARKNESS - LIGHTED ROAD,TURNING,DIVIDED - W/MEDIAN (NOT RAISED),STOP SIGN/FLASHER,IMPROPER OVERTAKING/PASSING,UNABLE TO DETERMINE,0,0,1,1,15,5,7,162,BROADWAY,41.736085,-87.509548,07/30/2015 05:13:00 PM,2015
CR00037648,08/28/2023 07:34:00 PM,25,CLEAR,DAYLIGHT,PARKED MOTOR VEHICLE,T-INTERSECTION,TRAFFIC SIGNAL,DISREGARDING TRAFFIC SIGNALS,IMPROPER LANE USAGE,0,0,1,1,19,2,8,1517,63RD ST,41.750797,-87.652364,08/28/2023 09:15:00 PM,2023
CR00037649,03/17/2016 08:37:00 AM,25,CLEAR,DAYLIGHT,PARKED MOTOR VEHICLE,DIVIDED - W/MEDIAN (NOT RAISED),TRAFFIC SIGNAL,IMPROPER LANE USAGE,UNABLE TO DETERMINE,0,0,1,1,8,5,3,1547,CICERO AVE,41.767005,-87.614672,03/17/2016 09:19:00 AM,2016
CR00037650,04/13/2020 06:01:00 PM,25,CLEAR,DAYLIGHT,ANGLE,NOT DIVIDED,NO CONTROLS,UNABLE TO DETERMINE,IMPROPER OVERTAKING/PASSING,0,0,0,0,18,2,4,1811,KEDZIE AVE,41.851658,-87.695994,04/13/2020 07:17:00 PM,2020
CR00037651,11/18/2023 11:03:00 AM,45,RAIN,DAYLIGHT,TURNING,NOT DIVIDED,TRAFFIC SIGNAL,DISTRACTION - FROM INSIDE VEHICLE,UNABLE TO DETERMINE,0,0,0,0,11,7,11,2361,OGDEN AVE,41.710127,-87.674386,11/18/2023 11:50:00 AM,2023
CR00037652,03/30/2019 07:20:00 AM,35,CLEAR,DUSK,REAR END,T-INTERSECTION,NO CONTROLS,DRIVING SKILLS/KNOWLEDGE/EXPERIENCE,IMPROPER OVERTAKING/PASSING,0,0,0,0,7,7,3,2439,CALIFORNIA AVE,41.932614,-87.615369,03/30/2019 07:28:00 AM,2019
CR00037653,02/22/2019 04:37:00 PM,30,CLEAR,DAYLIGHT,REAR TO FRONT,NOT DIVIDED,NO CONTROLS,FAILING TO YIELD RIGHT-OF-WAY,NOT APPLICABLE,0,0,0,0,16,6,2,1157,PULASKI RD,41.72786,-87.713314,02/22/2019 05:55:00 PM,2019
CR00037654,08/01/2015 02:46:00 PM,40,CLEAR,DAYLIGHT,PEDESTRIAN,DIVIDED - W/MEDIAN (NOT RAISED),NO CONTROLS,UNABLE TO DETERMINE,NOT APPLICABLE,0,0,0,0,14,7,8,582,MILWAUKEE AVE,41.901178,-87.692709,08/01/2015 04:32:00 PM,2015
CR00037655,04/24/2017 07:45:00 AM,30,SNOW,DARKNESS - LIGHTED ROAD,PARKED MOTOR VEHICLE,NOT DIVIDED,STOP SIGN/FLASHER,IMPROPER OVERTAKING/PASSING,DRIVING SKILLS/KNOWLEDGE/EXPERIENCE,0,0,0,0,7,2,4,152,FULLERTON AVE,41.879692,-87.575154,04/24/2017 07:56:00 AM,2017
CR00037656,07/05/2019 04:00:00 PM,35,CLEAR,DAYLIGHT,TURNING,NOT DIVIDED,NO CONTROLS,UNABLE TO DETERMINE,UNABLE TO DETERMINE,0,0,1,1,16,6,7,867,DAMEN AVE,41.759592,-87.801636,07/05/2019 05:42:00 PM,2019
CR00037657,10/28/2024 02:05:00 PM,45,CLEAR,DAYLIGHT,PEDESTRIAN,NOT DIVIDED,UNKNOWN,FAILING TO REDUCE SPEED,UNABLE TO DETERMINE,0,0,0,0,14,2,10,926,MILWAUKEE AVE,41.881807,-87.614091,10/28/2024 02:34:00 PM,2024
CR00037658,10/10/2022 07:16:00 AM,15,CLEAR,DAYLIGHT,SIDESWIPE SAME DIRECTION,DIVIDED - W/MEDIAN (NOT RAISED),TRAFFIC SIGNAL,FAILING TO REDUCE SPEED,FAILING TO REDUCE SPEED,0,0,1,1,7,2,10,1859,47TH ST,41.93343,-87.776208,10/10/2022 07:18:00 AM,2022
CR00037659,02/08/2021 09:57:00 AM,25,RAIN,DAYLIGHT,REAR END,NOT DIVIDED,UNKNOWN,DISTRACTION - FROM INSIDE VEHICLE,UNABLE TO DETERMINE,0,0,3,3,9,2,2,1258,47TH ST,41.82324,-87.577137,02/08/2021 10:56:00 AM,2021
CR00037660,12/02/2017 04:39:00 PM,30,CLEAR,DAYLIGHT,TURNING,NOT DIVIDED,NO CONTROLS,WEATHER,NOT APPLICABLE,0,0,0,0,16,7,12,891,ROOSEVELT RD,41.941321,-87.825964,12/02/2017 04:45:00 PM,2017
CR00037661,05/15/2021 12:11:00 PM,35,CLEAR,DAYLIGHT,SIDESWIPE SAME DIRECTION,NOT DIVIDED,NO CONTROLS,FAILING TO YIELD RIGHT-OF-WAY,NOT APPLICABLE,0,0,1,1,12,7,5,559,HALSTED ST,41.853452,-87.699055,05/15/2021 01:49:00 PM,2021
CR00037662,12/24/2017 08:56:00 AM,35,CLOUDY/OVERCAST,DAYLIGHT,TURNING,ONE-WAY,STOP SIGN/FLASHER,DRIVING SKILLS/KNOWLEDGE/EXPERIENCE,NOT APPLICABLE,0,0,0,0,8,1,12,2265,CLARK ST,41.936851,-87.761114,12/24/2017 09:39:00 AM,2017
CR00037663,02/19/2024 06:46:00 PM,20,FOG/SMOKE/HAZE,DUSK,REAR TO FRONT,NOT DIVIDED,NO CONTROLS,FOLLOWING TOO CLOSELY,FAILING TO YIELD RIGHT-OF-WAY,0,0,0,0,18,2,2,1036,MILWAUKEE AVE,41.879136,-87.819228,02/19/2024 08:39:00 PM,2024
CR00037664,04/22/2019 08:02:00 PM,20,CLEAR,DAYLIGHT,PARKED MOTOR VEHICLE,ONE-WAY,NO CONTROLS,FOLLOWING TOO CLOSELY,DISTRACTION - FROM INSIDE VEHICLE,0,0,0,0,20,2,4,2395,STATE ST,41.773549,-87.537737,04/22/2019 09:43:00 PM,2019
CR00037665,05/24/2024 05:24:00 AM,30,CLEAR,DAYLIGHT,SIDESWIPE SAME DIRECTION,ONE-WAY,NO CONTROLS,FAILING TO YIELD RIGHT-OF-WAY,WEATHER,0,0,0,0,5,6,5,790,IRVING PARK RD,41.805912,-87.649682,05/24/2024 07:22:00 AM,2024
CR00037666,06/20/2015 09:44:00 PM,40,CLEAR,DAYLIGHT,ANGLE,NOT DIVIDED,TRAFFIC SIGNAL,IMPROPER LANE USAGE,UNABLE TO DETERMINE,0,0,0,0,21,7,6,1113,ROOSEVELT RD,41.873064,-87.732317,06/20/2015 10:43:00 PM,2015
CR00037667,05/14/2020 08:06:00 AM,45,SNOW,DARKNESS,REAR END,NOT DIVIDED,TRAFFIC SIGNAL,FOLLOWING TOO CLOSELY,NOT APPLICABLE,0,0,0,0,8,5,5,753,PULASKI RD,41.967188,-87.739238,05/14/2020 09:30:00 AM,2020
CR00037668,01/19/2021 04:21:00 PM,35,CLEAR,DAYLIGHT,REAR END,DIVIDED - W/MEDIAN BARRIER,NO CONTROLS,IMPROPER LANE USAGE,NOT APPLICABLE,0,0,0,0,16,3,1,1096,OGDEN AVE,41.958482,-87.539074,01/19/2021 05:49:00 PM,2021
CR00037669,05/23/2017 11:03:00 PM,20,CLEAR,DAYLIGHT,PARKED MOTOR VEHICLE,ONE-WAY,STOP SIGN/FLASHER,UNABLE TO DETERMINE,FAILING TO YIELD RIGHT-OF-WAY,0,0,0,0,23,3,5,2379,ROOSEVELT RD,41.816602,-87.806834,05/24/2017 12:22:00 AM,2017
CR00037670,04/16/2020 05:23:00 AM,30,CLOUDY/OVERCAST,DAYLIGHT,REAR END,DIVIDED - W/MEDIAN (NOT RAISED),YIELD,FAILING TO REDUCE SPEED,IMPROPER OVERTAKING/PASSING,0,0,0,0,5,5,4,1949,63RD ST,41.794108,-87.686134,04/16/2020 06:10:00 AM,2020
CR00037671,06/07/2019 05:38:00 PM,30,SNOW,DARKNESS,TURNING,DIVIDED - W/MEDIAN (NOT RAISED),TRAFFIC SIGNAL,DRIVING SKILLS/KNOWLEDGE/EXPERIENCE,FAILING TO REDUCE SPEED,0,0,0,0,17,6,6,1347,79TH ST,41.736133,-87.845744,06/07/2019 07:08:00 PM,2019
CR00037672,10/29/2023 04:45:00 PM,20,CLEAR,DARKNESS - LIGHTED ROAD,PEDESTRIAN,FOUR WAY,PEDESTRIAN CROSSING SIGN,FAILING TO YIELD RIGHT-OF-WAY,UNABLE TO DETERMINE,0,2,2,4,16,1,10,812,63RD ST,41.926043,-87.59028,10/29/2023 04:47:00 PM,2023
CR00037673,03/31/2017 06:46:00 PM,35,CLEAR,DAYLIGHT,SIDESWIPE SAME DIRECTION,NOT DIVIDED,NO CONTROLS,UNABLE TO DETERMINE,WEATHER,0,0,0,0,18,6,3,2368,ASHLAND AVE,41.703573,-87.743242,03/31/2017 06:50:00 PM,2017
CR00037674,09/11/2022 12:22:00 PM,15,CLEAR,DAYLIGHT,REAR END,NOT DIVIDED,UNKNOWN,FOLLOWING TOO CLOSELY,IMPROPER LANE USAGE,0,0,0,0,12,1,9,1530,MICHIGAN AVE,41.824318,-87.848841,09/11/2022 01:36:00 PM,2022
CR00037675,10/07/2019 10:16:00 AM,30,FREEZING RAIN/DRIZZLE,DAYLIGHT,REAR TO FRONT,NOT DIVIDED,NO CONTROLS,UNABLE TO DETERMINE,NOT APPLICABLE,0,0,0,0,10,2,10,1460,LAKE SHORE DR,41.873464,-87.829511,10/07/2019 11:36:00 AM,2019
CR00037676,01/01/2023 03:31:00 PM,30,CLEAR,DAYLIGHT,PEDESTRIAN,DIVIDED - W/MEDIAN (NOT RAISED),YIELD,FAILING TO YIELD RIGHT-OF-WAY,NOT APPLICABLE,0,1,0,1,15,1,1,1617,WESTERN AVE,41.903181,-87.748897,01/01/2023 03:39:00 PM,2023
CR00037677,09/18/2018 10:28:00 AM,30,CLEAR,DAYLIGHT,TURNING,ONE-WAY,TRAFFIC SIGNAL,UNABLE TO DETERMINE,DISREGARDING TRAFFIC SIGNALS,0,0,1,1,10,3,9,1417,MICHIGAN AVE,41.917543,-87.658644,09/18/2018 11:30:00 AM,2018
CR00037678,04/17/2017 12:51:00 PM,35,CLEAR,DARKNESS - LIGHTED ROAD,FIXED OBJECT,T-INTERSECTION,STOP SIGN/FLASHER,UNABLE TO DETERMINE,FOLLOWING TOO CLOSELY,0,0,0,0,12,2,4,142,KEDZIE AVE,41.703683,-87.783329,04/17/2017 01:36:00 PM,2017
CR00037679,02/15/2020 09:39:00 AM,30,CLEAR,DUSK,ANGLE,NOT DIVIDED,PEDESTRIAN CROSSING SIGN,FAILING TO YIELD RIGHT-OF-WAY,NOT APPLICABLE,0,0,0,0,9,7,2,1492,MILWAUKEE AVE,41.81878,-87.734447,02/15/2020 10:22:00 AM,2020
CR00037680,01/05/2018 04:40:00 AM,45,CLOUDY/OVERCAST,DAYLIGHT,ANGLE,DIVIDED - W/MEDIAN BARRIER,NO CONTROLS,FAILING TO REDUCE SPEED,UNABLE TO DETERMINE,0,0,0,0,4,6,1,1245,47TH ST,41.709104,-87.502789,01/05/2018 05:35:00 AM,2018
CR00037681,10/05/2017 03:11:00 AM,15,CLEAR,DARKNESS - LIGHTED ROAD,TURNING,T-INTERSECTION,NO CONTROLS,DISTRACTION - FROM INSIDE VEHICLE,DISTRACTION - FROM INSIDE VEHICLE,0,0,0,0,3,5,10,1352,47TH ST,41.75476,-87.643712,10/05/2017 03:13:00 AM,2017
CR00037682,11/23/2024 04:14:00 PM,45,CLEAR,DAYLIGHT,ANGLE,NOT DIVIDED,STOP SIGN/FLASHER,IMPROPER OVERTAKING/PASSING,UNABLE TO DETERMINE,0,0,0,0,16,7,11,2013,HALSTED ST,41.743695,-87.744396,11/23/2024 04:25:00 PM,2024
CR00037683,09/07/2018 05:45:00 PM,30,CLOUDY/OVERCAST,DARKNESS - LIGHTED ROAD,FIXED OBJECT,DIVIDED - W/MEDIAN (NOT RAISED),NO CONTROLS,UNABLE TO DETERMINE,FAILING TO YIELD RIGHT-OF-WAY,0,0,0,0,17,6,9,2489,STONY ISLAND AVE,41.716921,-87.708299,09/07/2018 06:59:00 PM,2018
CR00037684,03/21/2023 08:54:00 PM,30,CLEAR,DARKNESS - LIGHTED ROAD,PARKED MOTOR VEHICLE,NOT DIVIDED,PEDESTRIAN CROSSING SIGN,UNABLE TO DETERMINE,FOLLOWING TOO CLOSELY,0,0,0,0,20,3,3,597,FULLERTON AVE,41.971088,-87.609273,03/21/2023 09:39:00 PM,2023
CR00037685,10/20/2019 08:20:00 PM,35,FOG/SMOKE/HAZE,DAYLIGHT,ANGLE,NOT DIVIDED,NO CONTROLS,IMPROPER OVERTAKING/PASSING,IMPROPER OVERTAKING/PASSING,0,0,0,0,20,1,10,1043,HALSTED ST,41.981141,-87.743004,10/20/2019 09:03:00 PM,2019
CR00037686,08/20/2015 03:52:00 AM,45,CLEAR,DAYLIGHT,REAR END,NOT DIVIDED,STOP SIGN/FLASHER,DISTRACTION - FROM INSIDE VEHICLE,DISTRACTION - FROM INSIDE VEHICLE,0,0,0,0,3,5,8,1535,ROOSEVELT RD,41.770997,-87.657239,08/20/2015 04:57:00 AM,2015
CR00037687,03/26/2015 06:41:00 PM,25,CLEAR,DAYLIGHT,SIDESWIPE SAME DIRECTION,DIVIDED - W/MEDIAN (NOT RAISED),UNKNOWN,UNABLE TO DETERMINE,NOT APPLICABLE,0,0,0,0,18,5,3,1487,79TH ST,41.701368,-87.846901,03/26/2015 06:55:00 PM,2015
CR00037688,12/05/2018 05:46:00 PM,20,CLEAR,DARKNESS - LIGHTED ROAD,ANGLE,ONE-WAY,NO CONTROLS,IMPROPER OVERTAKING/PASSING,WEATHER,0,0,0,0,17,4,12,1598,79TH ST,41.936655,-87.553263,12/05/2018 07:16:00 PM,2018
CR00037689,11/03/2021 11:46:00 AM,35,SNOW,DAYLIGHT,ANGLE,ONE-WAY,STOP SIGN/FLASHER,IMPROPER LANE USAGE,IMPROPER OVERTAKING/PASSING,0,0,0,0,11,4,11,198,ELSTON AVE,41.959394,-87.819098,11/03/2021 12:32:00 PM,2021
CR00037690,11/12/2018 07:38:00 PM,15,CLEAR,DUSK,REAR TO FRONT,ONE-WAY,UNKNOWN,DISREGARDING TRAFFIC SIGNALS,DISTRACTION - FROM INSIDE VEHICLE,0,0,0,0,19,2,11,298,ROOSEVELT RD,41.859396,-87.522646,11/12/2018 09:14:00 PM,2018
CR00037691,06/11/2018 01:36:00 AM,30,CLEAR,DARKNESS - LIGHTED ROAD,SIDESWIPE SAME DIRECTION,DIVIDED - W/MEDIAN (NOT RAISED),TRAFFIC SIGNAL,WEATHER,NOT APPLICABLE,0,0,0,0,1,2,6,1164,DIVISION ST,41.835014,-87.653546,06/11/2018 03:34:00 AM,2018
CR00037692,11/12/2017 05:20:00 PM,40,CLEAR,DARKNESS - LIGHTED ROAD,REAR END,FOUR WAY,TRAFFIC SIGNAL,UNABLE TO DETERMINE,DISREGARDING TRAFFIC SIGNALS,0,0,0,0,17,1,11,527,DIVISION ST,41.836826,-87.750202,11/12/2017 06:37:00 PM,2017
CR00037693,12/27/2021 06:50:00 AM,20,RAIN,DARKNESS,REAR END,DIVIDED - W/MEDIAN BARRIER,TRAFFIC SIGNAL,DISREGARDING TRAFFIC SIGNALS,FOLLOWING TOO CLOSELY,0,0,0,0,6,2,12,1272,MILWAUKEE AVE,41.988877,-87.61002,12/27/2021 08:09:00 AM,2021
CR00037694,04/15/2015 11:31:00 PM,35,CLEAR,DUSK,REAR TO FRONT,DIVIDED - W/MEDIAN (NOT RAISED),NO CONTROLS,FAILING TO REDUCE SPEED,NOT APPLICABLE,0,0,0,0,23,4,4,1142,KEDZIE AVE,41.853686,-87.575574,04/15/2015 11:43:00 PM,2015
CR00037695,11/20/2015 08:28:00 PM,45,SNOW,DAYLIGHT,REAR END,NOT DIVIDED,NO CONTROLS,DISREGARDING TRAFFIC SIGNALS,DISTRACTION - FROM INSIDE VEHICLE,0,0,3,3,20,6,11,973,CLARK ST,41.83533,-87.658905,11/20/2015 08:36:00 PM,2015