CRASH_RECORD_ID,CRASH_DATE,POSTED_SPEED_LIMIT,WEATHER_CONDITION,LIGHTING_CONDITION,FIRST_CRASH_TYPE,TRAFFICWAY_TYPE,TRAFFIC_CONTROL_DEVICE,PRIM_CONTRIBUTORY_CAUSE,SEC_CONTRIBUTORY_CAUSE,INJURIES_FATAL,INJURIES_INCAPACITATING,INJURIES_NON_INCAPACITATING,INJURIES_TOTAL,CRASH_HOUR,CRASH_DAY_OF_WEEK,CRASH_MONTH,BEAT_OF_OCCURRENCE,STREET_NAME,LATITUDE,LONGITUDE,DATE_POLICE_NOTIFIED,year
CR00037696,11/07/2023 08:37:00 PM,30,CLEAR,DAYLIGHT,FIXED OBJECT,DIVIDED - W/MEDIAN (NOT RAISED),NO CONTROLS,FAILING TO YIELD RIGHT-OF-WAY,NOT APPLICABLE,0,2,1,3,20,3,11,432,WESTERN AVE,41.847168,-87.845451,11/07/2023 08:58:00 PM,2023
CR00037697,05/03/2015 10:25:00 PM,35,SNOW,DAYLIGHT,REAR END,NOT DIVIDED,YIELD,UNABLE TO DETERMINE,NOT APPLICABLE,0,0,1,1,22,1,5,529,63RD ST,41.892671,-87.501074,05/03/2015 10:50:00 PM,2015
CR00037698,07/23/2024 10:52:00 AM,35,CLEAR,DARKNESS,REAR END,DIVIDED - W/MEDIAN (NOT RAISED),PEDESTRIAN CROSSING SIGN,IMPROPER OVERTAKING/PASSING,DRIVING SKILLS/KNOWLEDGE/EXPERIENCE,0,0,0,0,10,3,7,677,CICERO AVE,41.870982,-87.547567,07/23/2024 12:03:00 PM,2024
CR00037699,01/02/2018 06:44:00 PM,30,CLEAR,DARKNESS - LIGHTED ROAD,PARKED MOTOR VEHICLE,NOT DIVIDED,NO CONTROLS,DRIVING SKILLS/KNOWLEDGE/EXPERIENCE,NOT APPLICABLE,0,0,3,3,18,3,1,2232,IRVING PARK RD,41.856175,-87.699802,01/02/2018 08:21:00 PM,2018
CR00037700,10/08/2018 03:34:00 AM,30,CLEAR,DAYLIGHT,REAR END,NOT DIVIDED,NO CONTROLS,DISTRACTION - FROM INSIDE VEHICLE,IMPROPER LANE USAGE,0,0,0,0,3,2,10,1708,MICHIGAN AVE,41.871237,-87.749243,10/08/2018 03:50:00 AM,2018
CR00037701,01/10/2019 06:51:00 AM,30,CLEAR,DARKNESS - LIGHTED ROAD,REAR END,DIVIDED - W/MEDIAN (NOT RAISED),STOP SIGN/FLASHER,UNABLE TO DETERMINE,IMPROPER OVERTAKING/PASSING,0,0,0,0,6,5,1,344,OGDEN AVE,41.700606,-87.723888,01/10/2019 08:43:00 AM,2019
CR00037702,04/14/2020 05:46:00 PM,35,FOG/SMOKE/HAZE,DAYLIGHT,PARKED MOTOR VEHICLE,T-INTERSECTION,NO CONTROLS,IMPROPER LANE USAGE,UNABLE TO DETERMINE,0,0,0,0,17,3,4,548,MICHIGAN AVE,41.934117,-87.838905,04/14/2020 06:27:00 PM,2020
CR00037703,08/17/2020 03:39:00 PM,35,CLEAR,DAYLIGHT,ANGLE,FOUR WAY,UNKNOWN,DISTRACTION - FROM INSIDE VEHICLE,FOLLOWING TOO CLOSELY,0,0,2,2,15,2,8,397,47TH ST,41.83729,-87.674363,08/17/2020 05:25:00 PM,2020
CR00037704,09/17/2015 09:25:00 PM,25,CLOUDY/OVERCAST,DAYLIGHT,REAR END,DIVIDED - W/MEDIAN BARRIER,NO CONTROLS,UNABLE TO DETERMINE,IMPROPER OVERTAKING/PASSING,0,0,0,0,21,5,9,938,63RD ST,41.784198,-87.743821,09/17/2015 10:07:00 PM,2015
CR00037705,01/07/2023 03:06:00 PM,15,CLEAR,DARKNESS - LIGHTED ROAD,TURNING,NOT DIVIDED,TRAFFIC SIGNAL,IMPROPER OVERTAKING/PASSING,FAILING TO YIELD RIGHT-OF-WAY,0,0,0,0,15,7,1,871,CICERO AVE,41.763483,-87.634663,01/07/2023 03:12:00 PM,2023
CR00037706,02/10/2023 10:09:00 PM,30,CLEAR,DAYLIGHT,REAR TO FRONT,DIVIDED - W/MEDIAN (NOT RAISED),STOP SIGN/FLASHER,DISREGARDING TRAFFIC SIGNALS,FAILING TO REDUCE SPEED,0,0,0,0,22,6,2,273,STATE ST,41.947633,-87.50178,02/10/2023 10:47:00 PM,2023
CR00037707,04/12/2022 06:21:00 PM,30,CLOUDY/OVERCAST,DAYLIGHT,PARKED MOTOR VEHICLE,T-INTERSECTION,PEDESTRIAN CROSSING SIGN,UNABLE TO DETERMINE,IMPROPER LANE USAGE,0,0,0,0,18,3,4,377,OGDEN AVE,41.943437,-87.530782,04/12/2022 08:13:00 PM,2022
CR00037708,07/13/2021 03:29:00 PM,40,CLEAR,DAYLIGHT,SIDESWIPE SAME DIRECTION,NOT DIVIDED,NO CONTROLS,IMPROPER LANE USAGE,UNABLE TO DETERMINE,0,2,1,3,15,3,7,1843,ASHLAND AVE,41.846623,-87.779233,07/13/2021 04:25:00 PM,2021
CR00037709,05/25/2023 08:05:00 AM,35,RAIN,DARKNESS - LIGHTED ROAD,REAR END,NOT DIVIDED,NO CONTROLS,UNABLE TO DETERMINE,NOT APPLICABLE,0,0,0,0,8,5,5,2120,KEDZIE AVE,41.944521,-87.743895,05/25/2023 08:06:00 AM,2023
CR00037710,05/27/2016 07:44:00 PM,35,CLEAR,DAYLIGHT,FIXED OBJECT,DIVIDED - W/MEDIAN BARRIER,NO CONTROLS,UNABLE TO DETERMINE,NOT APPLICABLE,0,0,0,0,19,6,5,1652,MICHIGAN AVE,41.891717,-87.57609,05/27/2016 08:53:00 PM,2016
CR00037711,04/10/2017 09:28:00 AM,30,CLEAR,DARKNESS,ANGLE,DIVIDED - W/MEDIAN (NOT RAISED),UNKNOWN,FOLLOWING TOO CLOSELY,UNABLE TO DETERMINE,0,0,1,1,9,2,4,1849,MICHIGAN AVE,41.885164,-87.573482,04/10/2017 09:54:00 AM,2017
CR00037712,11/10/2018 07:36:00 AM,25,CLEAR,DAYLIGHT,PEDESTRIAN,DIVIDED - W/MEDIAN BARRIER,STOP SIGN/FLASHER,FAILING TO YIELD RIGHT-OF-WAY,UNABLE TO DETERMINE,0,0,0,0,7,7,11,1340,FULLERTON AVE,41.732484,-87.709788,11/10/2018 07:37:00 AM,2018
CR00037713,11/30/2018 03:55:00 PM,30,CLEAR,DAYLIGHT,SIDESWIPE SAME DIRECTION,NOT DIVIDED,UNKNOWN,DRIVING SKILLS/KNOWLEDGE/EXPERIENCE,DISREGARDING TRAFFIC SIGNALS,0,0,0,0,15,6,11,1118,ROOSEVELT RD,41.882002,-87.798408,11/30/2018 04:08:00 PM,2018
CR00037714,04/26/2023 04:23:00 PM,30,CLEAR,DARKNESS,FIXED OBJECT,NOT DIVIDED,NO CONTROLS,UNABLE TO DETERMINE,IMPROPER LANE USAGE,0,0,1,1,16,4,4,371,ELSTON AVE,41.787323,-87.645673,04/26/2023 05:19:00 PM,2023
CR00037715,05/31/2022 08:40:00 AM,30,CLEAR,DARKNESS - LIGHTED ROAD,ANGLE,FOUR WAY,NO CONTROLS,UNABLE TO DETERMINE,UNABLE TO DETERMINE,0,0,0,0,8,3,5,1733,CALIFORNIA AVE,41.933906,-87.683561,05/31/2022 09:22:00 AM,2022
CR00037716,04/22/2019 05:49:00 PM,30,CLEAR,DAYLIGHT,REAR END,ONE-WAY,TRAFFIC SIGNAL,FOLLOWING TOO CLOSELY,NOT APPLICABLE,0,0,0,0,17,2,4,1504,CALIFORNIA AVE,41.847679,-87.839214,04/22/2019 07:45:00 PM,2019
CR00037717,02/03/2018 04:09:00 AM,40,CLEAR,DAYLIGHT,REAR END,NOT DIVIDED,TRAFFIC SIGNAL,FAILING TO REDUCE SPEED,UNABLE TO DETERMINE,0,0,0,0,4,7,2,509,63RD ST,41.948878,-87.811592,02/03/2018 04:36:00 AM,2018
CR00037718,08/03/2015 06:49:00 PM,30,CLEAR,DAYLIGHT,ANGLE,T-INTERSECTION,NO CONTROLS,UNABLE TO DETERMINE,NOT APPLICABLE,0,0,1,1,18,2,8,1976,IRVING PARK RD,41.751233,-87.592945,08/03/2015 07:10:00 PM,2015
CR00037719,07/07/2018 05:18:00 PM,25,CLEAR,DAYLIGHT,REAR END,NOT DIVIDED,NO CONTROLS,FAILING TO REDUCE SPEED,FOLLOWING TOO CLOSELY,0,0,0,0,17,7,7,2031,HALSTED ST,41.810573,-87.581936,07/07/2018 06:56:00 PM,2018
CR00037720,01/28/2017 08:18:00 PM,30,SNOW,DARKNESS,PARKED MOTOR VEHICLE,FOUR WAY,NO CONTROLS,FAILING TO YIELD RIGHT-OF-WAY,NOT APPLICABLE,0,0,0,0,20,7,1,2290,63RD ST,41.805326,-87.538542,01/28/2017 09:54:00 PM,2017
CR00037721,02/08/2018 04:27:00 PM,30,CLEAR,DARKNESS - LIGHTED ROAD,PARKED MOTOR VEHICLE,DIVIDED - W/MEDIAN (NOT RAISED),TRAFFIC SIGNAL,IMPROPER OVERTAKING/PASSING,IMPROPER OVERTAKING/PASSING,0,0,0,0,16,5,2,1965,CALIFORNIA AVE,41.754868,-87.693192,02/08/2018 04:59:00 PM,2018
CR00037722,01/24/2018 05:33:00 PM,35,CLEAR,DAYLIGHT,PEDESTRIAN,NOT DIVIDED,NO CONTROLS,UNABLE TO DETERMINE,UNABLE TO DETERMINE,0,0,0,0,17,4,1,964,ARCHER AVE,41.918093,-87.659266,01/24/2018 06:09:00 PM,2018
CR00037723,02/02/2023 04:23:00 PM,30,CLEAR,DARKNESS - LIGHTED ROAD,REAR END,NOT DIVIDED,STOP SIGN/FLASHER,UNABLE TO DETERMINE,FAILING TO YIELD RIGHT-OF-WAY,0,0,0,0,16,5,2,443,OGDEN AVE,41.80927,-87.510269,02/02/2023 05:03:00 PM,2023
CR00037724,12/19/2017 08:21:00 AM,15,CLEAR,DAYLIGHT,TURNING,NOT DIVIDED,NO CONTROLS,WEATHER,NOT APPLICABLE,0,0,1,1,8,3,12,2352,OGDEN AVE,41.986627,-87.796998,12/19/2017 09:47:00 AM,2017
CR00037725,07/12/2021 07:12:00 PM,35,CLEAR,DAYLIGHT,SIDESWIPE SAME DIRECTION,DIVIDED - W/MEDIAN (NOT RAISED),NO CONTROLS,UNABLE TO DETERMINE,FAILING TO REDUCE SPEED,0,0,0,0,19,2,7,1413,IRVING PARK RD,41.778704,-87.5775,07/12/2021 07:13:00 PM,2021
CR00037726,05/07/2019 03:17:00 AM,30,CLEAR,DAYLIGHT,REAR END,ONE-WAY,TRAFFIC SIGNAL,UNABLE TO DETERMINE,FAILING TO REDUCE SPEED,0,0,0,0,3,3,5,971,KEDZIE AVE,41.999992,-87.781858,05/07/2019 04:49:00 AM,2019
CR00037727,03/14/2018 07:27:00 AM,20,CLEAR,DARKNESS - LIGHTED ROAD,REAR TO FRONT,ONE-WAY,NO CONTROLS,UNABLE TO DETERMINE,NOT APPLICABLE,0,0,0,0,7,4,3,1359,STATE ST,41.803005,-87.79245,03/14/2018 08:55:00 AM,2018
CR00037728,10/20/2023 08:11:00 AM,25,SNOW,DARKNESS - LIGHTED ROAD,REAR END,FOUR WAY,STOP SIGN/FLASHER,DRIVING SKILLS/KNOWLEDGE/EXPERIENCE,IMPROPER LANE USAGE,0,0,1,1,8,6,10,1739,IRVING PARK RD,41.723583,-87.699084,10/20/2023 10:02:00 AM,2023
CR00037729,08/11/2016 07:05:00 AM,20,CLEAR,DAYLIGHT,REAR TO FRONT,DIVIDED - W/MEDIAN (NOT RAISED),STOP SIGN/FLASHER,UNABLE TO DETERMINE,IMPROPER LANE USAGE,0,0,0,0,7,5,8,2130,STATE ST,41.911405,-87.655409,08/11/2016 08:05:00 AM,2016
CR00037730,03/31/2015 11:17:00 PM,20,CLEAR,DARKNESS - LIGHTED ROAD,PARKED MOTOR VEHICLE,FOUR WAY,STOP SIGN/FLASHER,UNABLE TO DETERMINE,UNABLE TO DETERMINE,0,0,0,0,23,3,3,398,79TH ST,41.77086,-87.666887,04/01/2015 01:16:00 AM,2015
CR00037731,12/02/2023 12:00:00 PM,45,CLOUDY/OVERCAST,DAYLIGHT,REAR END,ONE-WAY,NO CONTROLS,UNABLE TO DETERMINE,UNABLE TO DETERMINE,0,0,0,0,12,7,12,232,79TH ST,41.737159,-87.833475,12/02/2023 01:57:00 PM,2023
CR00037732,10/22/2022 06:05:00 PM,35,RAIN,DAYLIGHT,REAR END,DIVIDED - W/MEDIAN BARRIER,PEDESTRIAN CROSSING SIGN,DISTRACTION - FROM INSIDE VEHICLE,UNABLE TO DETERMINE,0,0,1,1,18,7,10,746,CLARK ST,41.885608,-87.760601,10/22/2022 06:34:00 PM,2022
CR00037733,11/02/2024 05:17:00 PM,20,CLOUDY/OVERCAST,DARKNESS - LIGHTED ROAD,ANGLE,ONE-WAY,TRAFFIC SIGNAL,DISTRACTION - FROM INSIDE VEHICLE,FOLLOWING TOO CLOSELY,0,0,0,0,17,7,11,1085,HALSTED ST,41.758793,-87.610566,11/02/2024 06:25:00 PM,2024
CR00037734,01/31/2018 06:39:00 PM,30,CLOUDY/OVERCAST,DAWN,TURNING,FOUR WAY,TRAFFIC SIGNAL,FAILING TO YIELD RIGHT-OF-WAY,IMPROPER LANE USAGE,0,0,1,1,18,4,1,425,STATE ST,41.944607,-87.590263,01/31/2018 07:55:00 PM,2018
CR00037735,10/10/2022 07:52:00 PM,25,CLEAR,DAYLIGHT,ANGLE,NOT DIVIDED,NO CONTROLS,UNABLE TO DETERMINE,DRIVING SKILLS/KNOWLEDGE/EXPERIENCE,0,0,0,0,19,2,10,223,DAMEN AVE,41.968874,-87.825811,10/10/2022 09:50:00 PM,2022
CR00037736,12/07/2017 08:32:00 AM,25,CLEAR,DAYLIGHT,ANGLE,DIVIDED - W/MEDIAN (NOT RAISED),NO CONTROLS,IMPROPER LANE USAGE,FOLLOWING TOO CLOSELY,0,0,1,1,8,5,12,1543,ELSTON AVE,41.732388,-87.527981,12/07/2017 09:15:00 AM,2017
CR00037737,10/30/2016 12:19:00 PM,30,CLEAR,DARKNESS - LIGHTED ROAD,PEDESTRIAN,DIVIDED - W/MEDIAN (NOT RAISED),NO CONTROLS,DISREGARDING TRAFFIC SIGNALS,NOT APPLICABLE,0,0,0,0,12,1,10,1142,MILWAUKEE AVE,41.832201,-87.834568,10/30/2016 01:56:00 PM,2016
CR00037738,02/28/2016 02:07:00 PM,45,CLEAR,DAYLIGHT,TURNING,NOT DIVIDED,NO CONTROLS,UNABLE TO DETERMINE,IMPROPER LANE USAGE,0,0,0,0,14,1,2,2219,WESTERN AVE,41.796459,-87.723871,02/28/2016 02:15:00 PM,2016
CR00037739,01/07/2016 06:57:00 PM,20,CLEAR,DAYLIGHT,SIDESWIPE SAME DIRECTION,NOT DIVIDED,NO CONTROLS,IMPROPER LANE USAGE,UNABLE TO DETERMINE,0,0,0,0,18,5,1,238,LAKE SHORE DR,41.750472,-87.737557,01/07/2016 08:35:00 PM,2016
CR00037740,08/09/2023 02:12:00 PM,35,CLEAR,DARKNESS,REAR END,DIVIDED - W/MEDIAN (NOT RAISED),STOP SIGN/FLASHER,UNABLE TO DETERMINE,DRIVING SKILLS/KNOWLEDGE/EXPERIENCE,0,0,2,2,14,4,8,2378,STONY ISLAND AVE,41.970911,-87.624908,08/09/2023 02:25:00 PM,2023
CR00037741,11/15/2017 01:40:00 AM,35,CLEAR,DAYLIGHT,ANGLE,DIVIDED - W/MEDIAN (NOT RAISED),TRAFFIC SIGNAL,FAILING TO YIELD RIGHT-OF-WAY,UNABLE TO DETERMINE,0,0,0,0,1,4,11,142,MILWAUKEE AVE,41.778939,-87.822634,11/15/2017 02:14:00 AM,2017
CR00037742,04/08/2024 04:47:00 PM,15,CLEAR,DAYLIGHT,REAR END,NOT DIVIDED,NO CONTROLS,FOLLOWING TOO CLOSELY,NOT APPLICABLE,0,0,1,1,16,2,4,1661,MILWAUKEE AVE,41.919489,-87.571819,04/08/2024 05:06:00 PM,2024
CR00037743,05/02/2020 05:53:00 AM,15,CLEAR,DARKNESS - LIGHTED ROAD,SIDESWIPE SAME DIRECTION,DIVIDED - W/MEDIAN BARRIER,STOP SIGN/FLASHER,FAILING TO YIELD RIGHT-OF-WAY,IMPROPER LANE USAGE,0,0,0,0,5,7,5,1067,HALSTED ST,41.968527,-87.66688,05/02/2020 07:08:00 AM,2020
CR00037744,11/06/2015 05:23:00 AM,45,CLEAR,DAYLIGHT,TURNING,NOT DIVIDED,NO CONTROLS,UNABLE TO DETERMINE,UNABLE TO DETERMINE,0,0,0,0,5,6,11,1889,BROADWAY,41.706099,-87.722012,11/06/2015 07:00:00 AM,2015
CR00037745,06/27/2024 08:40:00 PM,35,CLOUDY/OVERCAST,DUSK,FIXED OBJECT,NOT DIVIDED,NO CONTROLS,FAILING TO YIELD RIGHT-OF-WAY,DISTRACTION - FROM INSIDE VEHICLE,0,0,0,0,20,5,6,1104,79TH ST,41.93987,-87.728048,06/27/2024 10:17:00 PM,2024
CR00037746,11/29/2020 11:09:00 PM,40,CLEAR,DAWN,FIXED OBJECT,FOUR WAY,NO CONTROLS,UNABLE TO DETERMINE,UNABLE TO DETERMINE,0,0,0,0,23,1,11,858,79TH ST,41.837152,-87.538823,11/29/2020 11:17:00 PM,2020
CR00037747,09/10/2019 09:06:00 PM,25,RAIN,DAYLIGHT,TURNING,NOT DIVIDED,NO CONTROLS,UNABLE TO DETERMINE,UNABLE TO DETERMINE,0,0,3,3,21,3,9,782,DAMEN AVE,41.962461,-87.779332,09/10/2019 09:28:00 PM,2019
CR00037748,10/07/2016 03:48:00 PM,40,CLEAR,DARKNESS - LIGHTED ROAD,REAR END,NOT DIVIDED,NO CONTROLS,FAILING TO YIELD RIGHT-OF-WAY,IMPROPER OVERTAKING/PASSING,0,0,0,0,15,6,10,1781,79TH ST,41.915287,-87.774367,10/07/2016 05:05:00 PM,2016
CR00037749,11/21/2015 09:36:00 AM,15,FREEZING RAIN/DRIZZLE,DAYLIGHT,REAR END,ONE-WAY,NO CONTROLS,UNABLE TO DETERMINE,FAILING TO YIELD RIGHT-OF-WAY,0,0,0,0,9,7,11,448,KEDZIE AVE,41.905731,-87.511128,11/21/2015 11:23:00 AM,2015
CR00037750,05/30/2017 06:32:00 PM,25,RAIN,DARKNESS,SIDESWIPE SAME DIRECTION,NOT DIVIDED,NO CONTROLS,UNABLE TO DETERMINE,UNABLE TO DETERMINE,0,0,0,0,18,3,5,824,WESTERN AVE,41.901675,-87.775358,05/30/2017 07:38:00 PM,2017
CR00037751,07/01/2016 05:42:00 PM,40,CLEAR,DAYLIGHT,SIDESWIPE SAME DIRECTION,FOUR WAY,NO CONTROLS,FAILING TO YIELD RIGHT-OF-WAY,FOLLOWING TOO CLOSELY,0,0,0,0,17,6,7,977,WESTERN AVE,41.846173,-87.80354,07/01/2016 07:08:00 PM,2016
CR00037752,07/24/2016 05:13:00 PM,30,CLEAR,DAYLIGHT,TURNING,ONE-WAY,NO CONTROLS,DRIVING SKILLS/KNOWLEDGE/EXPERIENCE,IMPROPER LANE USAGE,0,0,0,0,17,1,7,2493,CLARK ST,41.907957,-87.62329,07/24/2016 06:56:00 PM,2016
CR00037753,01/25/2024 10:53:00 PM,15,CLEAR,DAYLIGHT,REAR END,DIVIDED - W/MEDIAN (NOT RAISED),TRAFFIC SIGNAL,DISTRACTION - FROM INSIDE VEHICLE,DRIVING SKILLS/KNOWLEDGE/EXPERIENCE,0,0,0,0,22,5,1,2040,63RD ST,41.711421,-87.682952,01/25/2024 11:30:00 PM,2024
CR00037754,02/14/2020 10:46:00 AM,30,CLEAR,DARKNESS - LIGHTED ROAD,TURNING,DIVIDED - W/MEDIAN BARRIER,TRAFFIC SIGNAL,UNABLE TO DETERMINE,DISREGARDING TRAFFIC SIGNALS,0,0,1,1,10,6,2,1531,DAMEN AVE,41.933076,-87.823574,02/14/2020 12:35:00 PM,2020
CR00037755,12/15/2020 07:01:00 AM,30,CLOUDY/OVERCAST,DARKNESS,ANGLE,DIVIDED - W/MEDIAN (NOT RAISED),STOP SIGN/FLASHER,FAILING TO YIELD RIGHT-OF-WAY,NOT APPLICABLE,0,0,0,0,7,3,12,2511,LAKE SHORE DR,41.812774,-87.546414,12/15/2020 07:59:00 AM,2020
CR00037756,10/22/2024 01:59:00 AM,45,CLEAR,DAYLIGHT,PARKED MOTOR VEHICLE,ONE-WAY,STOP SIGN/FLASHER,IMPROPER OVERTAKING/PASSING,FOLLOWING TOO CLOSELY,0,0,0,0,1,3,10,226,ARCHER AVE,41.927311,-87.808782,10/22/2024 02:22:00 AM,2024
CR00037757,01/15/2020 01:44:00 PM,30,CLEAR,DAYLIGHT,TURNING,NOT DIVIDED,TRAFFIC SIGNAL,UNABLE TO DETERMINE,NOT APPLICABLE,0,0,0,0,13,4,1,568,IRVING PARK RD,41.825341,-87.830801,01/15/2020 01:58:00 PM,2020
CR00037758,01/26/2017 05:26:00 PM,45,CLEAR,DAYLIGHT,PARKED MOTOR VEHICLE,DIVIDED - W/MEDIAN (NOT RAISED),NO CONTROLS,DRIVING SKILLS/KNOWLEDGE/EXPERIENCE,UNABLE TO DETERMINE,0,0,0,0,17,5,1,1290,ELSTON AVE,41.809947,-87.552346,01/26/2017 06:11:00 PM,2017
CR00037759,10/25/2018 08:12:00 PM,20,CLEAR,DAYLIGHT,REAR END,T-INTERSECTION,TRAFFIC SIGNAL,DISTRACTION - FROM INSIDE VEHICLE,FAILING TO YIELD RIGHT-OF-WAY,0,0,1,1,20,5,10,1380,ROOSEVELT RD,41.751751,-87.587166,10/25/2018 09:31:00 PM,2018
CR00037760,03/17/2023 11:27:00 AM,45,SNOW,DARKNESS - LIGHTED ROAD,PARKED MOTOR VEHICLE,NOT DIVIDED,NO CONTROLS,UNABLE TO DETERMINE,NOT APPLICABLE,0,0,0,0,11,6,3,1341,OGDEN AVE,41.756895,-87.631125,03/17/2023 12:17:00 PM,2023
CR00037761,04/16/2020 05:25:00 PM,40,CLEAR,DUSK,SIDESWIPE SAME DIRECTION,NOT DIVIDED,NO CONTROLS,FAILING TO REDUCE SPEED,FAILING TO YIELD RIGHT-OF-WAY,0,0,0,0,17,5,4,232,MICHIGAN AVE,41.794708,-87.581863,04/16/2020 06:44:00 PM,2020
CR00037762,11/18/2023 11:33:00 AM,30,CLEAR,DAYLIGHT,TURNING,ONE-WAY,STOP SIGN/FLASHER,UNABLE TO DETERMINE,FOLLOWING TOO CLOSELY,0,0,0,0,11,7,11,1618,DAMEN AVE,41.993532,-87.656119,11/18/2023 12:56:00 PM,2023
CR00037763,08/14/2017 01:01:00 PM,30,CLEAR,DAYLIGHT,PARKED MOTOR VEHICLE,DIVIDED - W/MEDIAN (NOT RAISED),STOP SIGN/FLASHER,UNABLE TO DETERMINE,FOLLOWING TOO CLOSELY,0,0,0,0,13,2,8,135,OGDEN AVE,41.711659,-87.549647,08/14/2017 01:33:00 PM,2017
CR00037764,09/18/2015 12:41:00 PM,30,CLEAR,DAYLIGHT,FIXED OBJECT,NOT DIVIDED,NO CONTROLS,DISREGARDING TRAFFIC SIGNALS,DISREGARDING TRAFFIC SIGNALS,0,0,0,0,12,6,9,609,PULASKI RD,41.776539,-87.612086,09/18/2015 12:59:00 PM,2015
CR00037765,05/30/2021 03:48:00 PM,25,CLEAR,DAYLIGHT,REAR TO FRONT,ONE-WAY,NO CONTROLS,FAILING TO YIELD RIGHT-OF-WAY,FAILING TO YIELD RIGHT-OF-WAY,0,0,0,0,15,1,5,126,STONY ISLAND AVE,41.909795,-87.811124,05/30/2021 04:02:00 PM,2021
CR00037766,03/29/2018 08:27:00 PM,45,CLOUDY/OVERCAST,DAYLIGHT,SIDESWIPE SAME DIRECTION,NOT DIVIDED,TRAFFIC SIGNAL,FAILING TO REDUCE SPEED,FAILING TO YIELD RIGHT-OF-WAY,0,0,0,0,20,5,3,757,WESTERN AVE,41.734345,-87.545087,03/29/2018 09:12:00 PM,2018
CR00037767,07/09/2019 08:17:00 AM,25,CLEAR,DARKNESS - LIGHTED ROAD,PARKED MOTOR VEHICLE,DIVIDED - W/MEDIAN (NOT RAISED),STOP SIGN/FLASHER,DISTRACTION - FROM INSIDE VEHICLE,UNABLE TO DETERMINE,0,0,0,0,8,3,7,1037,PULASKI RD,41.863251,-87.753042,07/09/2019 09:13:00 AM,2019
CR00037768,08/06/2017 12:00:00 PM,30,CLEAR,DAYLIGHT,TURNING,ONE-WAY,STOP SIGN/FLASHER,FAILING TO REDUCE SPEED,NOT APPLICABLE,0,0,2,2,12,1,8,1598,CLARK ST,41.88949,-87.618682,08/06/2017 12:45:00 PM,2017
CR00037769,11/30/2020 07:14:00 AM,25,CLEAR,DAYLIGHT,REAR END,DIVIDED - W/MEDIAN (NOT RAISED),NO CONTROLS,UNABLE TO DETERMINE,UNABLE TO DETERMINE,0,0,0,0,7,2,11,1195,HALSTED ST,41.70285,-87.792162,11/30/2020 08:46:00 AM,2020
CR00037770,02/23/2019 11:34:00 AM,35,FREEZING RAIN/DRIZZLE,DARKNESS - LIGHTED ROAD,REAR END,NOT DIVIDED,STOP SIGN/FLASHER,UNABLE TO DETERMINE,NOT APPLICABLE,0,0,0,0,11,7,2,1683,OGDEN AVE,41.713942,-87.620188,02/23/2019 12:00:00 PM,2019
CR00037771,03/05/2023 07:18:00 PM,25,CLEAR,DARKNESS - LIGHTED ROAD,REAR END,DIVIDED - W/MEDIAN BARRIER,UNKNOWN,UNABLE TO DETERMINE,DISTRACTION - FROM INSIDE VEHICLE,0,0,0,0,19,1,3,1943,IRVING PARK RD,41.737264,-87.625888,03/05/2023 08:08:00 PM,2023
CR00037772,02/11/2020 12:33:00 PM,15,FOG/SMOKE/HAZE,DAYLIGHT,TURNING,DIVIDED - W/MEDIAN BARRIER,NO CONTROLS,FAILING TO REDUCE SPEED,NOT APPLICABLE,0,0,0,0,12,3,2,975,WESTERN AVE,41.782993,-87.808185,02/11/2020 01:44:00 PM,2020
CR00037773,08/01/2021 10:03:00 AM,35,CLEAR,DARKNESS - LIGHTED ROAD,REAR END,NOT DIVIDED,YIELD,FAILING TO YIELD RIGHT-OF-WAY,NOT APPLICABLE,0,0,0,0,10,1,8,465,BROADWAY,41.801625,-87.755598,08/01/2021 10:05:00 AM,2021
CR00037774,09/01/2016 08:20:00 AM,15,CLEAR,DAYLIGHT,ANGLE,DIVIDED - W/MEDIAN BARRIER,NO CONTROLS,IMPROPER LANE USAGE,NOT APPLICABLE,0,0,0,0,8,5,9,1682,LAKE SHORE DR,41.778187,-87.779904,09/01/2016 09:36:00 AM,2016
CR00037775,05/06/2018 05:09:00 PM,25,CLEAR,DARKNESS,ANGLE,NOT DIVIDED,TRAFFIC SIGNAL,FOLLOWING TOO CLOSELY,FAILING TO YIELD RIGHT-OF-WAY,0,0,0,0,17,1,5,1910,63RD ST,41.91342,-87.699959,05/06/2018 06:02:00 PM,2018
CR00037776,05/12/2018 03:29:00 PM,45,CLEAR,DARKNESS - LIGHTED ROAD,REAR END,DIVIDED - W/MEDIAN BARRIER,NO CONTROLS,UNABLE TO DETERMINE,FAILING TO YIELD RIGHT-OF-WAY,0,0,0,0,15,7,5,2463,MILWAUKEE AVE,41.863296,-87.571487,05/12/2018 04:22:00 PM,2018
CR00037777,09/12/2023 09:51:00 AM,35,CLEAR,DAYLIGHT,ANGLE,NOT DIVIDED,YIELD,DISTRACTION - FROM INSIDE VEHICLE,UNABLE TO DETERMINE,0,0,0,0,9,3,9,2259,CICERO AVE,41.998383,-87.523212,09/12/2023 11:26:00 AM,2023
CR00037778,03/09/2024 07:47:00 PM,25,CLEAR,DAYLIGHT,SIDESWIPE SAME DIRECTION,ONE-WAY,TRAFFIC SIGNAL,UNABLE TO DETERMINE,UNABLE TO DETERMINE,0,0,0,0,19,7,3,642,WESTERN AVE,41.735566,-87.619541,03/09/2024 09:36:00 PM,2024