CRASH_RECORD_ID,CRASH_DATE,POSTED_SPEED_LIMIT,WEATHER_CONDITION,LIGHTING_CONDITION,FIRST_CRASH_TYPE,TRAFFICWAY_TYPE,TRAFFIC_CONTROL_DEVICE,PRIM_CONTRIBUTORY_CAUSE,SEC_CONTRIBUTORY_CAUSE,INJURIES_FATAL,INJURIES_INCAPACITATING,INJURIES_NON_INCAPACITATING,INJURIES_TOTAL,CRASH_HOUR,CRASH_DAY_OF_WEEK,CRASH_MONTH,BEAT_OF_OCCURRENCE,STREET_NAME,LATITUDE,LONGITUDE,DATE_POLICE_NOTIFIED,year
CR00037779,07/08/2017 06:46:00 PM,15,CLEAR,DAYLIGHT,TURNING,DIVIDED - W/MEDIAN (NOT RAISED),STOP SIGN/FLASHER,FOLLOWING TOO CLOSELY,IMPROPER OVERTAKING/PASSING,0,0,0,0,18,7,7,173,79TH ST,41.875608,-87.733973,07/08/2017 08:08:00 PM,2017
CR00037780,12/06/2016 01:42:00 PM,20,CLEAR,DARKNESS - LIGHTED ROAD,TURNING,NOT DIVIDED,NO CONTROLS,UNABLE TO DETERMINE,FOLLOWING TOO CLOSELY,0,0,0,0,13,3,12,224,63RD ST,41.918397,-87.614823,12/06/2016 02:42:00 PM,2016
CR00037781,03/05/2021 04:42:00 AM,35,CLEAR,DAYLIGHT,TURNING,NOT DIVIDED,NO CONTROLS,UNABLE TO DETERMINE,DISREGARDING TRAFFIC SIGNALS,0,0,0,0,4,6,3,1516,STATE ST,41.849569,-87.806899,03/05/2021 05:02:00 AM,2021
CR00037782,08/14/2018 10:14:00 AM,45,CLEAR,DAYLIGHT,REAR END,ONE-WAY,NO CONTROLS,UNABLE TO DETERMINE,UNABLE TO DETERMINE,1,0,3,4,10,3,8,1016,OGDEN AVE,41.847247,-87.848582,08/14/2018 11:15:00 AM,2018
CR00037783,02/03/2018 12:13:00 PM,35,CLEAR,DAYLIGHT,SIDESWIPE SAME DIRECTION,NOT DIVIDED,NO CONTROLS,DRIVING SKILLS/KNOWLEDGE/EXPERIENCE,FOLLOWING TOO CLOSELY,0,0,0,0,12,7,2,2526,OGDEN AVE,41.83313,-87.52085,02/03/2018 01:07:00 PM,2018
CR00037784,07/16/2018 07:31:00 AM,40,SNOW,DARKNESS - LIGHTED ROAD,PARKED MOTOR VEHICLE,ONE-WAY,TRAFFIC SIGNAL,UNABLE TO DETERMINE,IMPROPER OVERTAKING/PASSING,0,0,1,1,7,2,7,2391,STATE ST,41.950783,-87.714711,07/16/2018 07:43:00 AM,2018
CR00037785,12/30/2015 08:48:00 AM,35,SNOW,DARKNESS - LIGHTED ROAD,PEDESTRIAN,NOT DIVIDED,STOP SIGN/FLASHER,IMPROPER LANE USAGE,FOLLOWING TOO CLOSELY,0,0,0,0,8,4,12,2457,WESTERN AVE,41.923981,-87.821333,12/30/2015 09:46:00 AM,2015
CR00037786,04/24/2022 04:11:00 PM,20,CLEAR,DAYLIGHT,TURNING,T-INTERSECTION,TRAFFIC SIGNAL,DISTRACTION - FROM INSIDE VEHICLE,FAILING TO REDUCE SPEED,0,0,0,0,16,1,4,2223,PULASKI RD,41.960562,-87.708824,04/24/2022 05:12:00 PM,2022
CR00037787,04/09/2024 06:33:00 AM,40,RAIN,DAYLIGHT,PARKED MOTOR VEHICLE,FOUR WAY,NO CONTROLS,UNABLE TO DETERMINE,FOLLOWING TOO CLOSELY,0,0,1,1,6,3,4,177,OGDEN AVE,41.709298,-87.766239,04/09/2024 06:48:00 AM,2024
CR00037788,04/22/2022 06:00:00 PM,45,CLEAR,DAYLIGHT,REAR TO FRONT,DIVIDED - W/MEDIAN (NOT RAISED),STOP SIGN/FLASHER,FAILING TO REDUCE SPEED,UNABLE TO DETERMINE,0,0,0,0,18,6,4,594,ROOSEVELT RD,41.758704,-87.570849,04/22/2022 06:44:00 PM,2022
CR00037789,05/22/2024 09:05:00 AM,30,CLOUDY/OVERCAST,DAYLIGHT,REAR TO FRONT,NOT DIVIDED,STOP SIGN/FLASHER,FAILING TO YIELD RIGHT-OF-WAY,IMPROPER OVERTAKING/PASSING,0,0,2,2,9,4,5,508,CALIFORNIA AVE,41.862483,-87.521009,05/22/2024 10:01:00 AM,2024
CR00037790,01/18/2020 11:43:00 PM,35,CLOUDY/OVERCAST,DARKNESS - LIGHTED ROAD,TURNING,ONE-WAY,NO CONTROLS,FOLLOWING TOO CLOSELY,UNABLE TO DETERMINE,0,0,0,0,23,7,1,2139,CLARK ST,41.726914,-87.650473,01/19/2020 12:02:00 AM,2020
CR00037791,04/17/2021 08:09:00 AM,40,RAIN,DAYLIGHT,REAR TO FRONT,DIVIDED - W/MEDIAN (NOT RAISED),TRAFFIC SIGNAL,DISTRACTION - FROM INSIDE VEHICLE,NOT APPLICABLE,0,0,0,0,8,7,4,1723,63RD ST,41.79201,-87.538546,04/17/2021 09:23:00 AM,2021
CR00037792,11/22/2016 03:22:00 PM,30,CLEAR,DARKNESS - LIGHTED ROAD,REAR END,NOT DIVIDED,STOP SIGN/FLASHER,DISTRACTION - FROM INSIDE VEHICLE,NOT APPLICABLE,0,0,0,0,15,3,11,2340,PULASKI RD,41.723518,-87.583426,11/22/2016 04:55:00 PM,2016
CR00037793,06/10/2017 05:14:00 PM,20,CLEAR,DAYLIGHT,REAR TO FRONT,NOT DIVIDED,NO CONTROLS,FOLLOWING TOO CLOSELY,IMPROPER OVERTAKING/PASSING,0,0,0,0,17,7,6,2490,63RD ST,41.855898,-87.571567,06/10/2017 06:42:00 PM,2017
CR00037794,02/15/2021 03:15:00 PM,30,CLEAR,DAYLIGHT,ANGLE,DIVIDED - W/MEDIAN (NOT RAISED),YIELD,FAILING TO YIELD RIGHT-OF-WAY,UNABLE TO DETERMINE,0,0,0,0,15,2,2,1646,79TH ST,41.780638,-87.614121,02/15/2021 04:27:00 PM,2021
CR00037795,04/12/2016 09:40:00 PM,45,CLOUDY/OVERCAST,DAYLIGHT,SIDESWIPE SAME DIRECTION,FOUR WAY,NO CONTROLS,FAILING TO YIELD RIGHT-OF-WAY,FOLLOWING TOO CLOSELY,0,0,0,0,21,3,4,1040,WESTERN AVE,41.82526,-87.695619,04/12/2016 10:57:00 PM,2016
CR00037796,08/01/2021 09:01:00 AM,35,SNOW,DARKNESS - LIGHTED ROAD,FIXED OBJECT,DIVIDED - W/MEDIAN (NOT RAISED),NO CONTROLS,DISTRACTION - FROM INSIDE VEHICLE,UNABLE TO DETERMINE,0,0,1,1,9,1,8,1335,ARCHER AVE,41.881595,-87.556795,08/01/2021 10:46:00 AM,2021
CR00037797,09/22/2024 08:59:00 PM,30,CLEAR,DARKNESS - LIGHTED ROAD,SIDESWIPE SAME DIRECTION,NOT DIVIDED,NO CONTROLS,UNABLE TO DETERMINE,IMPROPER LANE USAGE,0,0,0,0,20,1,9,1606,47TH ST,41.978626,-87.649109,09/22/2024 09:18:00 PM,2024
CR00037798,07/12/2024 01:45:00 AM,30,CLEAR,DARKNESS - LIGHTED ROAD,SIDESWIPE SAME DIRECTION,FOUR WAY,TRAFFIC SIGNAL,UNABLE TO DETERMINE,WEATHER,0,0,0,0,1,6,7,1612,47TH ST,41.972044,-87.59091,07/12/2024 01:55:00 AM,2024
CR00037799,02/01/2023 10:11:00 PM,20,RAIN,DARKNESS - LIGHTED ROAD,ANGLE,DIVIDED - W/MEDIAN (NOT RAISED),TRAFFIC SIGNAL,DISREGARDING TRAFFIC SIGNALS,FOLLOWING TOO CLOSELY,0,0,1,1,22,4,2,401,WESTERN AVE,41.867789,-87.819475,02/01/2023 11:48:00 PM,2023
CR00037800,11/29/2019 04:38:00 PM,45,CLEAR,DARKNESS - LIGHTED ROAD,REAR END,NOT DIVIDED,TRAFFIC SIGNAL,UNABLE TO DETERMINE,UNABLE TO DETERMINE,0,0,0,0,16,6,11,1004,LAKE SHORE DR,41.84121,-87.767768,11/29/2019 06:13:00 PM,2019
CR00037801,09/16/2024 07:34:00 AM,40,CLEAR,DARKNESS - LIGHTED ROAD,REAR END,DIVIDED - W/MEDIAN BARRIER,NO CONTROLS,IMPROPER OVERTAKING/PASSING,UNABLE TO DETERMINE,0,0,1,1,7,2,9,1453,ROOSEVELT RD,41.701467,-87.751114,09/16/2024 08:07:00 AM,2024
CR00037802,06/12/2018 03:22:00 PM,35,CLOUDY/OVERCAST,DARKNESS,ANGLE,DIVIDED - W/MEDIAN BARRIER,NO CONTROLS,DISTRACTION - FROM INSIDE VEHICLE,NOT APPLICABLE,0,0,0,0,15,3,6,646,DAMEN AVE,41.774044,-87.651437,06/12/2018 05:06:00 PM,2018
CR00037803,11/09/2022 04:06:00 PM,30,CLEAR,DARKNESS,ANGLE,DIVIDED - W/MEDIAN (NOT RAISED),STOP SIGN/FLASHER,UNABLE TO DETERMINE,FAILING TO YIELD RIGHT-OF-WAY,0,0,0,0,16,4,11,583,DIVISION ST,41.747459,-87.68804,11/09/2022 05:57:00 PM,2022
CR00037804,12/16/2023 08:37:00 PM,30,CLEAR,DAYLIGHT,TURNING,DIVIDED - W/MEDIAN (NOT RAISED),NO CONTROLS,DISTRACTION - FROM INSIDE VEHICLE,NOT APPLICABLE,0,0,0,0,20,7,12,1637,DAMEN AVE,41.987696,-87.623665,12/16/2023 08:38:00 PM,2023
CR00037805,04/18/2021 07:21:00 AM,35,SNOW,DAYLIGHT,SIDESWIPE SAME DIRECTION,NOT DIVIDED,NO CONTROLS,FOLLOWING TOO CLOSELY,UNABLE TO DETERMINE,0,0,0,0,7,1,4,1636,47TH ST,41.756891,-87.706448,04/18/2021 08:23:00 AM,2021
CR00037806,04/12/2015 07:52:00 PM,20,CLEAR,DAYLIGHT,REAR END,ONE-WAY,NO CONTROLS,UNABLE TO DETERMINE,FAILING TO YIELD RIGHT-OF-WAY,0,0,0,0,19,1,4,1594,IRVING PARK RD,41.888333,-87.736981,04/12/2015 09:40:00 PM,2015
CR00037807,10/24/2023 08:55:00 AM,25,CLOUDY/OVERCAST,DAYLIGHT,REAR TO FRONT,DIVIDED - W/MEDIAN BARRIER,TRAFFIC SIGNAL,FOLLOWING TOO CLOSELY,DISTRACTION - FROM INSIDE VEHICLE,0,0,0,0,8,3,10,148,ROOSEVELT RD,41.909934,-87.586711,10/24/2023 10:25:00 AM,2023
CR00037808,03/31/2020 09:03:00 PM,30,CLOUDY/OVERCAST,DAYLIGHT,TURNING,NOT DIVIDED,TRAFFIC SIGNAL,FOLLOWING TOO CLOSELY,FAILING TO YIELD RIGHT-OF-WAY,0,0,1,1,21,3,3,1824,STONY ISLAND AVE,41.746944,-87.514528,03/31/2020 10:39:00 PM,2020
CR00037809,02/22/2024 05:57:00 PM,35,CLEAR,DARKNESS - LIGHTED ROAD,REAR TO FRONT,T-INTERSECTION,YIELD,UNABLE TO DETERMINE,WEATHER,0,0,0,0,17,5,2,2133,STONY ISLAND AVE,41.900881,-87.575052,02/22/2024 06:15:00 PM,2024
CR00037810,07/27/2018 08:44:00 PM,15,RAIN,DAYLIGHT,REAR END,NOT DIVIDED,TRAFFIC SIGNAL,FOLLOWING TOO CLOSELY,NOT APPLICABLE,0,0,0,0,20,6,7,2485,WESTERN AVE,41.92051,-87.569738,07/27/2018 08:47:00 PM,2018
CR00037811,02/09/2018 05:06:00 PM,35,CLEAR,DAYLIGHT,REAR END,DIVIDED - W/MEDIAN (NOT RAISED),TRAFFIC SIGNAL,UNABLE TO DETERMINE,FOLLOWING TOO CLOSELY,0,0,0,0,17,6,2,1356,WESTERN AVE,41.955669,-87.799256,02/09/2018 05:33:00 PM,2018
CR00037812,06/13/2024 08:22:00 PM,30,CLEAR,DAYLIGHT,REAR END,NOT DIVIDED,NO CONTROLS,UNABLE TO DETERMINE,UNABLE TO DETERMINE,0,0,0,0,20,5,6,1548,79TH ST,41.869033,-87.624948,06/13/2024 08:59:00 PM,2024
CR00037813,04/23/2015 08:28:00 AM,35,CLEAR,DARKNESS - LIGHTED ROAD,TURNING,NOT DIVIDED,UNKNOWN,UNABLE TO DETERMINE,NOT APPLICABLE,0,0,0,0,8,5,4,1493,79TH ST,41.77928,-87.53774,04/23/2015 09:09:00 AM,2015
CR00037814,04/28/2019 10:44:00 AM,45,CLEAR,DARKNESS - LIGHTED ROAD,ANGLE,DIVIDED - W/MEDIAN BARRIER,UNKNOWN,UNABLE TO DETERMINE,NOT APPLICABLE,0,0,0,0,10,1,4,2025,63RD ST,41.936242,-87.670542,04/28/2019 12:21:00 PM,2019
CR00037815,12/30/2018 05:05:00 PM,35,CLEAR,DAYLIGHT,REAR END,T-INTERSECTION,NO CONTROLS,FOLLOWING TOO CLOSELY,UNABLE TO DETERMINE,0,0,1,1,17,1,12,501,OGDEN AVE,41.922314,-87.519191,12/30/2018 06:55:00 PM,2018
CR00037816,04/12/2019 01:13:00 AM,30,FREEZING RAIN/DRIZZLE,DARKNESS - LIGHTED ROAD,PEDESTRIAN,NOT DIVIDED,TRAFFIC SIGNAL,FAILING TO REDUCE SPEED,FOLLOWING TOO CLOSELY,0,0,0,0,1,6,4,2048,WESTERN AVE,41.754434,-87.802216,04/12/2019 03:00:00 AM,2019
CR00037817,11/28/2017 11:31:00 PM,30,CLEAR,DARKNESS - LIGHTED ROAD,REAR END,NOT DIVIDED,TRAFFIC SIGNAL,UNABLE TO DETERMINE,NOT APPLICABLE,0,0,0,0,23,3,11,2206,MICHIGAN AVE,41.965418,-87.528422,11/29/2017 12:22:00 AM,2017
CR00037818,02/11/2024 01:09:00 PM,15,CLEAR,DAYLIGHT,FIXED OBJECT,NOT DIVIDED,TRAFFIC SIGNAL,FOLLOWING TOO CLOSELY,WEATHER,0,0,0,0,13,1,2,422,BROADWAY,41.905439,-87.824847,02/11/2024 01:22:00 PM,2024
CR00037819,05/20/2022 04:08:00 AM,25,RAIN,DARKNESS - LIGHTED ROAD,REAR END,DIVIDED - W/MEDIAN (NOT RAISED),NO CONTROLS,DISTRACTION - FROM INSIDE VEHICLE,FAILING TO YIELD RIGHT-OF-WAY,0,0,1,1,4,6,5,1893,63RD ST,41.764172,-87.783085,05/20/2022 04:42:00 AM,2022
CR00037820,02/14/2015 03:33:00 PM,35,CLEAR,DAYLIGHT,TURNING,FOUR WAY,STOP SIGN/FLASHER,DISREGARDING TRAFFIC SIGNALS,UNABLE TO DETERMINE,0,0,1,1,15,7,2,1352,CALIFORNIA AVE,41.872352,-87.832351,02/14/2015 04:17:00 PM,2015
CR00037821,05/15/2017 10:43:00 AM,30,CLEAR,DARKNESS - LIGHTED ROAD,REAR END,NOT DIVIDED,TRAFFIC SIGNAL,UNABLE TO DETERMINE,NOT APPLICABLE,0,0,0,0,10,2,5,464,ASHLAND AVE,41.874124,-87.767775,05/15/2017 12:31:00 PM,2017
CR00037822,01/14/2023 05:23:00 AM,45,CLEAR,DAYLIGHT,REAR END,FOUR WAY,UNKNOWN,IMPROPER OVERTAKING/PASSING,WEATHER,0,0,2,2,5,7,1,1687,CLARK ST,41.764737,-87.796694,01/14/2023 05:33:00 AM,2023
CR00037823,12/14/2021 06:13:00 PM,40,CLEAR,DAYLIGHT,ANGLE,DIVIDED - W/MEDIAN (NOT RAISED),NO CONTROLS,UNABLE TO DETERMINE,FAILING TO YIELD RIGHT-OF-WAY,0,0,0,0,18,3,12,2509,DAMEN AVE,41.750203,-87.532609,12/14/2021 08:01:00 PM,2021
CR00037824,02/21/2021 07:00:00 AM,30,RAIN,DAYLIGHT,REAR END,DIVIDED - W/MEDIAN BARRIER,TRAFFIC SIGNAL,UNABLE TO DETERMINE,UNABLE TO DETERMINE,0,0,0,0,7,1,2,826,CICERO AVE,41.989209,-87.764361,02/21/2021 08:15:00 AM,2021
CR00037825,09/20/2017 09:06:00 AM,40,CLEAR,DARKNESS,TURNING,NOT DIVIDED,TRAFFIC SIGNAL,DISREGARDING TRAFFIC SIGNALS,IMPROPER OVERTAKING/PASSING,0,0,0,0,9,4,9,1527,ARCHER AVE,41.788919,-87.677972,09/20/2017 10:18:00 AM,2017
CR00037826,04/14/2016 05:03:00 AM,20,FREEZING RAIN/DRIZZLE,DAYLIGHT,REAR TO FRONT,DIVIDED - W/MEDIAN BARRIER,NO CONTROLS,FOLLOWING TOO CLOSELY,FAILING TO YIELD RIGHT-OF-WAY,0,0,2,2,5,5,4,1713,KEDZIE AVE,41.833285,-87.639715,04/14/2016 06:22:00 AM,2016
CR00037827,04/01/2021 06:55:00 PM,30,CLEAR,DARKNESS,TURNING,NOT DIVIDED,STOP SIGN/FLASHER,IMPROPER LANE USAGE,IMPROPER LANE USAGE,0,0,0,0,18,5,4,1102,ELSTON AVE,41.893092,-87.605955,04/01/2021 08:26:00 PM,2021
CR00037828,08/10/2023 01:53:00 PM,15,CLEAR,DARKNESS - LIGHTED ROAD,TURNING,T-INTERSECTION,STOP SIGN/FLASHER,DRIVING SKILLS/KNOWLEDGE/EXPERIENCE,UNABLE TO DETERMINE,0,0,1,1,13,5,8,2468,CLARK ST,41.944972,-87.577085,08/10/2023 03:24:00 PM,2023
CR00037829,03/19/2016 03:31:00 PM,45,CLEAR,DAYLIGHT,SIDESWIPE SAME DIRECTION,NOT DIVIDED,NO CONTROLS,UNABLE TO DETERMINE,FAILING TO REDUCE SPEED,0,0,0,0,15,7,3,431,MICHIGAN AVE,41.809928,-87.682592,03/19/2016 05:24:00 PM,2016
CR00037830,12/25/2019 10:11:00 PM,30,CLEAR,DARKNESS,ANGLE,NOT DIVIDED,NO CONTROLS,FOLLOWING TOO CLOSELY,FAILING TO REDUCE SPEED,0,2,1,3,22,4,12,1645,BROADWAY,41.965914,-87.694301,12/25/2019 10:25:00 PM,2019
CR00037831,01/27/2017 05:07:00 PM,25,CLEAR,DAYLIGHT,TURNING,NOT DIVIDED,STOP SIGN/FLASHER,FAILING TO REDUCE SPEED,NOT APPLICABLE,0,0,0,0,17,6,1,1065,STONY ISLAND AVE,41.848559,-87.532062,01/27/2017 05:32:00 PM,2017
CR00037832,09/19/2015 11:51:00 PM,40,CLEAR,DAYLIGHT,SIDESWIPE SAME DIRECTION,ONE-WAY,TRAFFIC SIGNAL,UNABLE TO DETERMINE,DISTRACTION - FROM INSIDE VEHICLE,0,0,0,0,23,7,9,999,BROADWAY,41.79878,-87.639884,09/20/2015 12:30:00 AM,2015
CR00037833,07/12/2022 05:04:00 PM,35,CLEAR,DAYLIGHT,SIDESWIPE SAME DIRECTION,DIVIDED - W/MEDIAN BARRIER,TRAFFIC SIGNAL,DRIVING SKILLS/KNOWLEDGE/EXPERIENCE,DISTRACTION - FROM INSIDE VEHICLE,0,0,0,0,17,3,7,1076,WESTERN AVE,41.713798,-87.610979,07/12/2022 06:47:00 PM,2022
CR00037834,03/06/2018 08:02:00 AM,45,CLEAR,DAYLIGHT,TURNING,DIVIDED - W/MEDIAN BARRIER,TRAFFIC SIGNAL,FOLLOWING TOO CLOSELY,DISTRACTION - FROM INSIDE VEHICLE,0,0,0,0,8,3,3,1490,STONY ISLAND AVE,41.984194,-87.574953,03/06/2018 09:17:00 AM,2018
CR00037835,12/04/2022 07:32:00 PM,30,CLEAR,DARKNESS,SIDESWIPE SAME DIRECTION,FOUR WAY,NO CONTROLS,IMPROPER LANE USAGE,WEATHER,0,0,3,3,19,1,12,795,ASHLAND AVE,41.769839,-87.831079,12/04/2022 07:41:00 PM,2022
CR00037836,12/19/2023 11:52:00 AM,35,CLOUDY/OVERCAST,DAYLIGHT,TURNING,NOT DIVIDED,STOP SIGN/FLASHER,UNABLE TO DETERMINE,FAILING TO YIELD RIGHT-OF-WAY,0,0,0,0,11,3,12,741,WESTERN AVE,41.731046,-87.76592,12/19/2023 11:55:00 AM,2023
CR00037837,06/18/2024 07:53:00 AM,30,CLEAR,DAYLIGHT,TURNING,DIVIDED - W/MEDIAN BARRIER,STOP SIGN/FLASHER,UNABLE TO DETERMINE,DRIVING SKILLS/KNOWLEDGE/EXPERIENCE,0,0,2,2,7,3,6,1244,IRVING PARK RD,41.725319,-87.514346,06/18/2024 09:10:00 AM,2024
CR00037838,11/23/2022 07:08:00 AM,40,CLEAR,DUSK,TURNING,DIVIDED - W/MEDIAN BARRIER,STOP SIGN/FLASHER,FAILING TO YIELD RIGHT-OF-WAY,FOLLOWING TOO CLOSELY,0,0,0,0,7,4,11,449,STATE ST,41.759338,-87.664723,11/23/2022 08:25:00 AM,2022
CR00037839,05/23/2021 01:22:00 PM,40,CLEAR,DARKNESS - LIGHTED ROAD,REAR END,NOT DIVIDED,NO CONTROLS,DISREGARDING TRAFFIC SIGNALS,UNABLE TO DETERMINE,0,0,0,0,13,1,5,1106,HALSTED ST,41.721324,-87.734946,05/23/2021 01:23:00 PM,2021
CR00037840,11/12/2024 10:34:00 AM,20,CLOUDY/OVERCAST,DAYLIGHT,TURNING,DIVIDED - W/MEDIAN (NOT RAISED),NO CONTROLS,FOLLOWING TOO CLOSELY,NOT APPLICABLE,0,0,0,0,10,3,11,947,ELSTON AVE,41.911145,-87.748335,11/12/2024 10:35:00 AM,2024
CR00037841,02/17/2023 01:24:00 PM,20,CLEAR,DARKNESS - LIGHTED ROAD,REAR END,FOUR WAY,TRAFFIC SIGNAL,UNABLE TO DETERMINE,FAILING TO YIELD RIGHT-OF-WAY,0,0,0,0,13,6,2,247,ELSTON AVE,41.716996,-87.761222,02/17/2023 03:15:00 PM,2023
CR00037842,06/19/2023 03:34:00 AM,35,RAIN,DAYLIGHT,TURNING,NOT DIVIDED,TRAFFIC SIGNAL,UNABLE TO DETERMINE,DISTRACTION - FROM INSIDE VEHICLE,0,0,3,3,3,2,6,2210,STONY ISLAND AVE,41.92467,-87.634065,06/19/2023 04:57:00 AM,2023
CR00037843,07/14/2021 09:25:00 AM,40,CLEAR,DAYLIGHT,REAR END,T-INTERSECTION,STOP SIGN/FLASHER,FAILING TO YIELD RIGHT-OF-WAY,DISREGARDING TRAFFIC SIGNALS,0,0,0,0,9,4,7,493,STATE ST,41.794993,-87.829331,07/14/2021 10:57:00 AM,2021
CR00037844,05/21/2019 08:01:00 AM,20,CLEAR,DARKNESS - LIGHTED ROAD,REAR TO FRONT,DIVIDED - W/MEDIAN BARRIER,YIELD,FOLLOWING TOO CLOSELY,FAILING TO YIELD RIGHT-OF-WAY,0,0,2,2,8,3,5,706,ARCHER AVE,41.793641,-87.835482,05/21/2019 09:28:00 AM,2019
CR00037845,12/26/2019 09:04:00 AM,20,FOG/SMOKE/HAZE,DUSK,REAR END,DIVIDED - W/MEDIAN (NOT RAISED),NO CONTROLS,DISREGARDING TRAFFIC SIGNALS,UNABLE TO DETERMINE,0,0,0,0,9,5,12,744,IRVING PARK RD,41.907096,-87.824382,12/26/2019 09:14:00 AM,2019
CR00037846,08/12/2024 09:58:00 AM,30,CLEAR,DARKNESS - LIGHTED ROAD,TURNING,DIVIDED - W/MEDIAN BARRIER,STOP SIGN/FLASHER,DISTRACTION - FROM INSIDE VEHICLE,NOT APPLICABLE,0,0,0,0,9,2,8,107,63RD ST,41.711224,-87.560747,08/12/2024 10:18:00 AM,2024
CR00037847,12/06/2018 04:55:00 PM,30,CLEAR,DAYLIGHT,TURNING,NOT DIVIDED,STOP SIGN/FLASHER,FAILING TO YIELD RIGHT-OF-WAY,IMPROPER LANE USAGE,0,0,1,1,16,5,12,658,KEDZIE AVE,41.816166,-87.631984,12/06/2018 06:50:00 PM,2018
CR00037848,02/05/2023 07:43:00 AM,35,CLEAR,DARKNESS - LIGHTED ROAD,REAR END,NOT DIVIDED,NO CONTROLS,FAILING TO YIELD RIGHT-OF-WAY,FOLLOWING TOO CLOSELY,0,0,0,0,7,1,2,504,DAMEN AVE,41.923861,-87.830915,02/05/2023 08:28:00 AM,2023
CR00037849,01/11/2016 07:05:00 AM,20,CLEAR,DAYLIGHT,REAR END,NOT DIVIDED,NO CONTROLS,DISTRACTION - FROM INSIDE VEHICLE,FOLLOWING TOO CLOSELY,0,0,0,0,7,2,1,1149,79TH ST,41.952451,-87.757885,01/11/2016 08:15:00 AM,2016
CR00037850,06/13/2017 08:10:00 AM,45,RAIN,DAYLIGHT,REAR END,NOT DIVIDED,STOP SIGN/FLASHER,FAILING TO YIELD RIGHT-OF-WAY,DRIVING SKILLS/KNOWLEDGE/EXPERIENCE,0,0,0,0,8,3,6,177,63RD ST,41.738443,-87.648782,06/13/2017 09:43:00 AM,2017
CR00037851,07/24/2018 04:24:00 PM,45,CLEAR,DARKNESS,REAR END,DIVIDED - W/MEDIAN (NOT RAISED),YIELD,UNABLE TO DETERMINE,FOLLOWING TOO CLOSELY,0,0,0,0,16,3,7,2418,63RD ST,41.950857,-87.829016,07/24/2018 05:48:00 PM,2018
CR00037852,05/02/2017 02:04:00 PM,15,CLEAR,DARKNESS - LIGHTED ROAD,REAR END,DIVIDED - W/MEDIAN (NOT RAISED),TRAFFIC SIGNAL,DISTRACTION - FROM INSIDE VEHICLE,NOT APPLICABLE,0,0,0,0,14,3,5,783,ELSTON AVE,41.868072,-87.6552,05/02/2017 02:43:00 PM,2017
CR00037853,12/19/2022 03:40:00 PM,30,SNOW,DARKNESS - LIGHTED ROAD,FIXED OBJECT,NOT DIVIDED,NO CONTROLS,DISREGARDING TRAFFIC SIGNALS,NOT APPLICABLE,0,0,2,2,15,2,12,1267,ROOSEVELT RD,41.813415,-87.787795,12/19/2022 04:03:00 PM,2022
CR00037854,07/21/2022 01:28:00 PM,15,CLEAR,DARKNESS - LIGHTED ROAD,FIXED OBJECT,DIVIDED - W/MEDIAN (NOT RAISED),TRAFFIC SIGNAL,DRIVING SKILLS/KNOWLEDGE/EXPERIENCE,NOT APPLICABLE,0,0,0,0,13,5,7,838,LAKE SHORE DR,41.890063,-87.775881,07/21/2022 02:51:00 PM,2022
CR00037855,08/03/2015 05:07:00 PM,45,CLEAR,DAYLIGHT,PEDESTRIAN,FOUR WAY,TRAFFIC SIGNAL,FAILING TO YIELD RIGHT-OF-WAY,DISREGARDING TRAFFIC SIGNALS,0,0,0,0,17,2,8,2236,ELSTON AVE,41.712858,-87.808382,08/03/2015 06:58:00 PM,2015
CR00037856,11/02/2015 03:06:00 PM,30,CLEAR,DARKNESS,TURNING,DIVIDED - W/MEDIAN (NOT RAISED),NO CONTROLS,UNABLE TO DETERMINE,FAILING TO REDUCE SPEED,0,0,1,1,15,2,11,2012,FULLERTON AVE,41.984989,-87.709966,11/02/2015 04:48:00 PM,2015
CR00037857,09/08/2016 01:27:00 AM,45,CLEAR,DAYLIGHT,TURNING,ONE-WAY,TRAFFIC SIGNAL,DISTRACTION - FROM INSIDE VEHICLE,UNABLE TO DETERMINE,0,0,0,0,1,5,9,264,WESTERN AVE,41.703125,-87.82849,09/08/2016 02:35:00 AM,2016
CR00037858,11/12/2020 07:33:00 AM,20,CLOUDY/OVERCAST,DAYLIGHT,REAR END,DIVIDED - W/MEDIAN BARRIER,NO CONTROLS,IMPROPER OVERTAKING/PASSING,UNABLE TO DETERMINE,0,0,2,2,7,5,11,1024,LAKE SHORE DR,41.970947,-87.610921,11/12/2020 09:24:00 AM,2020
CR00037859,07/15/2023 06:18:00 PM,15,CLEAR,DAYLIGHT,REAR END,NOT DIVIDED,TRAFFIC SIGNAL,IMPROPER OVERTAKING/PASSING,UNABLE TO DETERMINE,0,0,0,0,18,7,7,890,63RD ST,41.877781,-87.72128,07/15/2023 07:38:00 PM,2023
CR00037860,05/29/2015 06:29:00 PM,40,CLEAR,DARKNESS - LIGHTED ROAD,SIDESWIPE SAME DIRECTION,DIVIDED - W/MEDIAN (NOT RAISED),STOP SIGN/FLASHER,FOLLOWING TOO CLOSELY,FOLLOWING TOO CLOSELY,0,0,0,0,18,6,5,905,OGDEN AVE,41.97714,-87.591062,05/29/2015 08:07:00 PM,2015