CRASH_RECORD_ID,CRASH_DATE,POSTED_SPEED_LIMIT,WEATHER_CONDITION,LIGHTING_CONDITION,FIRST_CRASH_TYPE,TRAFFICWAY_TYPE,TRAFFIC_CONTROL_DEVICE,PRIM_CONTRIBUTORY_CAUSE,SEC_CONTRIBUTORY_CAUSE,INJURIES_FATAL,INJURIES_INCAPACITATING,INJURIES_NON_INCAPACITATING,INJURIES_TOTAL,CRASH_HOUR,CRASH_DAY_OF_WEEK,CRASH_MONTH,BEAT_OF_OCCURRENCE,STREET_NAME,LATITUDE,LONGITUDE,DATE_POLICE_NOTIFIED,year
CR00037861,04/23/2020 10:16:00 AM,30,CLEAR,DAYLIGHT,SIDESWIPE SAME DIRECTION,ONE-WAY,TRAFFIC SIGNAL,DISTRACTION - FROM INSIDE VEHICLE,FOLLOWING TOO CLOSELY,0,0,0,0,10,5,4,1944,ROOSEVELT RD,41.870993,-87.758792,04/23/2020 12:14:00 PM,2020
CR00037862,05/24/2021 02:41:00 PM,25,CLEAR,DAYLIGHT,SIDESWIPE SAME DIRECTION,NOT DIVIDED,NO CONTROLS,UNABLE TO DETERMINE,NOT APPLICABLE,0,0,0,0,14,2,5,1830,CICERO AVE,41.747771,-87.819926,05/24/2021 04:01:00 PM,2021
CR00037863,03/26/2016 03:52:00 PM,30,CLEAR,DAYLIGHT,REAR END,ONE-WAY,TRAFFIC SIGNAL,FOLLOWING TOO CLOSELY,NOT APPLICABLE,0,0,2,2,15,7,3,349,MILWAUKEE AVE,41.814869,-87.639678,03/26/2016 05:34:00 PM,2016
CR00037864,09/12/2015 02:49:00 PM,30,CLEAR,DAYLIGHT,FIXED OBJECT,T-INTERSECTION,STOP SIGN/FLASHER,UNABLE TO DETERMINE,UNABLE TO DETERMINE,0,0,3,3,14,7,9,1297,ELSTON AVE,41.74436,-87.791139,09/12/2015 04:12:00 PM,2015
CR00037865,10/05/2020 04:32:00 PM,30,CLEAR,DUSK,SIDESWIPE SAME DIRECTION,ONE-WAY,STOP SIGN/FLASHER,UNABLE TO DETERMINE,UNABLE TO DETERMINE,0,0,0,0,16,2,10,1541,47TH ST,41.770427,-87.732454,10/05/2020 05:12:00 PM,2020
CR00037866,03/17/2016 12:52:00 PM,25,CLEAR,DARKNESS - LIGHTED ROAD,REAR END,DIVIDED - W/MEDIAN (NOT RAISED),NO CONTROLS,FAILING TO YIELD RIGHT-OF-WAY,NOT APPLICABLE,0,0,0,0,12,5,3,1000,KEDZIE AVE,41.766717,-87.796084,03/17/2016 02:37:00 PM,2016
CR00037867,12/22/2022 01:33:00 PM,35,CLEAR,DAYLIGHT,REAR END,DIVIDED - W/MEDIAN (NOT RAISED),NO CONTROLS,UNABLE TO DETERMINE,NOT APPLICABLE,0,0,0,0,13,5,12,1753,BROADWAY,41.793198,-87.734853,12/22/2022 02:42:00 PM,2022
CR00037868,06/07/2024 03:54:00 AM,25,CLEAR,DARKNESS - LIGHTED ROAD,ANGLE,FOUR WAY,TRAFFIC SIGNAL,FOLLOWING TOO CLOSELY,UNABLE TO DETERMINE,0,2,1,3,3,6,6,2446,STATE ST,41.815135,-87.793388,06/07/2024 05:13:00 AM,2024
CR00037869,07/17/2017 10:53:00 AM,45,CLOUDY/OVERCAST,DAYLIGHT,REAR END,FOUR WAY,NO CONTROLS,IMPROPER LANE USAGE,UNABLE TO DETERMINE,0,0,0,0,10,2,7,2413,CLARK ST,41.967338,-87.821207,07/17/2017 11:00:00 AM,2017
CR00037870,11/06/2017 03:35:00 AM,30,CLEAR,DARKNESS - LIGHTED ROAD,REAR TO FRONT,NOT DIVIDED,UNKNOWN,UNABLE TO DETERMINE,IMPROPER LANE USAGE,0,0,2,2,3,2,11,582,OGDEN AVE,41.714374,-87.56949,11/06/2017 04:50:00 AM,2017
CR00037871,10/23/2024 02:31:00 PM,30,CLEAR,DAYLIGHT,TURNING,FOUR WAY,NO CONTROLS,DISTRACTION - FROM INSIDE VEHICLE,UNABLE TO DETERMINE,0,0,0,0,14,4,10,587,OGDEN AVE,41.755852,-87.642954,10/23/2024 03:50:00 PM,2024
CR00037872,02/03/2024 05:28:00 PM,25,SNOW,DAYLIGHT,REAR END,NOT DIVIDED,PEDESTRIAN CROSSING SIGN,UNABLE TO DETERMINE,IMPROPER LANE USAGE,0,0,0,0,17,7,2,627,DIVISION ST,41.984788,-87.634544,02/03/2024 05:48:00 PM,2024
CR00037873,05/07/2015 05:35:00 AM,30,RAIN,DARKNESS - LIGHTED ROAD,ANGLE,DIVIDED - W/MEDIAN BARRIER,NO CONTROLS,FAILING TO REDUCE SPEED,NOT APPLICABLE,0,0,0,0,5,5,5,1380,79TH ST,41.980687,-87.769657,05/07/2015 05:36:00 AM,2015
CR00037874,08/18/2015 10:22:00 PM,40,CLEAR,DARKNESS - LIGHTED ROAD,SIDESWIPE SAME DIRECTION,FOUR WAY,STOP SIGN/FLASHER,UNABLE TO DETERMINE,FAILING TO YIELD RIGHT-OF-WAY,0,0,1,1,22,3,8,1271,CLARK ST,41.74887,-87.825094,08/18/2015 10:55:00 PM,2015
CR00037875,06/13/2016 11:12:00 AM,40,CLEAR,DARKNESS - LIGHTED ROAD,ANGLE,ONE-WAY,TRAFFIC SIGNAL,IMPROPER OVERTAKING/PASSING,FAILING TO REDUCE SPEED,0,0,0,0,11,2,6,1412,WESTERN AVE,41.734989,-87.690647,06/13/2016 12:38:00 PM,2016
CR00037876,11/17/2020 03:36:00 PM,35,CLEAR,DAYLIGHT,PEDESTRIAN,NOT DIVIDED,UNKNOWN,DRIVING SKILLS/KNOWLEDGE/EXPERIENCE,UNABLE TO DETERMINE,0,0,0,0,15,3,11,1626,FULLERTON AVE,41.884744,-87.624936,11/17/2020 05:17:00 PM,2020
CR00037877,11/05/2019 07:51:00 AM,30,CLEAR,DAYLIGHT,REAR TO FRONT,DIVIDED - W/MEDIAN (NOT RAISED),TRAFFIC SIGNAL,DRIVING SKILLS/KNOWLEDGE/EXPERIENCE,WEATHER,0,0,0,0,7,3,11,353,STONY ISLAND AVE,41.835839,-87.696639,11/05/2019 08:11:00 AM,2019
CR00037878,06/24/2018 10:39:00 AM,30,RAIN,DAYLIGHT,REAR TO FRONT,NOT DIVIDED,NO CONTROLS,UNABLE TO DETERMINE,IMPROPER LANE USAGE,0,0,3,3,10,1,6,1617,LAKE SHORE DR,41.865681,-87.814047,06/24/2018 12:01:00 PM,2018
CR00037879,04/08/2017 03:58:00 AM,15,CLEAR,DARKNESS,TURNING,NOT DIVIDED,TRAFFIC SIGNAL,WEATHER,DISREGARDING TRAFFIC SIGNALS,0,0,0,0,3,7,4,1933,ARCHER AVE,41.93295,-87.831473,04/08/2017 05:03:00 AM,2017
CR00037880,10/16/2019 08:00:00 AM,30,FREEZING RAIN/DRIZZLE,DAYLIGHT,FIXED OBJECT,FOUR WAY,UNKNOWN,UNABLE TO DETERMINE,DISTRACTION - FROM INSIDE VEHICLE,0,0,0,0,8,4,10,2138,WESTERN AVE,41.769515,-87.661194,10/16/2019 09:17:00 AM,2019
CR00037881,03/23/2021 06:39:00 PM,30,CLEAR,DARKNESS,ANGLE,FOUR WAY,NO CONTROLS,UNABLE TO DETERMINE,UNABLE TO DETERMINE,0,1,2,3,18,3,3,1807,WESTERN AVE,41.859646,-87.692537,03/23/2021 07:23:00 PM,2021
CR00037882,08/08/2023 07:06:00 AM,35,CLEAR,DAYLIGHT,TURNING,DIVIDED - W/MEDIAN (NOT RAISED),STOP SIGN/FLASHER,IMPROPER LANE USAGE,UNABLE TO DETERMINE,0,0,0,0,7,3,8,1568,PULASKI RD,41.792205,-87.835807,08/08/2023 08:38:00 AM,2023
CR00037883,12/07/2018 07:14:00 PM,25,CLEAR,DARKNESS - LIGHTED ROAD,REAR TO FRONT,NOT DIVIDED,TRAFFIC SIGNAL,UNABLE TO DETERMINE,IMPROPER OVERTAKING/PASSING,0,0,0,0,19,6,12,1058,47TH ST,41.796248,-87.777198,12/07/2018 07:43:00 PM,2018
CR00037884,04/25/2022 09:55:00 AM,30,CLEAR,DARKNESS - LIGHTED ROAD,REAR TO FRONT,ONE-WAY,STOP SIGN/FLASHER,FAILING TO YIELD RIGHT-OF-WAY,FOLLOWING TOO CLOSELY,0,0,1,1,9,2,4,1619,MICHIGAN AVE,41.819864,-87.577019,04/25/2022 10:48:00 AM,2022
CR00037885,09/30/2022 01:20:00 AM,15,CLEAR,DAYLIGHT,SIDESWIPE SAME DIRECTION,NOT DIVIDED,NO CONTROLS,IMPROPER OVERTAKING/PASSING,DISTRACTION - FROM INSIDE VEHICLE,0,1,1,2,1,6,9,2374,ARCHER AVE,41.783323,-87.522462,09/30/2022 01:30:00 AM,2022
CR00037886,09/19/2016 12:10:00 AM,30,CLEAR,DAYLIGHT,REAR END,ONE-WAY,NO CONTROLS,FOLLOWING TOO CLOSELY,FAILING TO REDUCE SPEED,0,0,0,0,0,2,9,1375,MILWAUKEE AVE,41.834982,-87.713947,09/19/2016 02:03:00 AM,2016
CR00037887,08/14/2015 05:24:00 PM,25,CLOUDY/OVERCAST,DUSK,TURNING,DIVIDED - W/MEDIAN (NOT RAISED),NO CONTROLS,FOLLOWING TOO CLOSELY,FOLLOWING TOO CLOSELY,0,0,0,0,17,6,8,2106,79TH ST,41.980035,-87.610764,08/14/2015 05:28:00 PM,2015
CR00037888,08/28/2024 12:53:00 PM,45,CLEAR,DAYLIGHT,FIXED OBJECT,T-INTERSECTION,UNKNOWN,DISTRACTION - FROM INSIDE VEHICLE,DISREGARDING TRAFFIC SIGNALS,0,0,0,0,12,4,8,1295,PULASKI RD,41.829609,-87.58697,08/28/2024 01:19:00 PM,2024
CR00037889,03/23/2016 12:36:00 AM,35,CLEAR,DAYLIGHT,REAR END,FOUR WAY,NO CONTROLS,FOLLOWING TOO CLOSELY,NOT APPLICABLE,0,0,0,0,0,4,3,241,OGDEN AVE,41.895493,-87.614384,03/23/2016 02:30:00 AM,2016
CR00037890,10/20/2023 08:35:00 AM,35,CLEAR,DAYLIGHT,SIDESWIPE SAME DIRECTION,NOT DIVIDED,STOP SIGN/FLASHER,DRIVING SKILLS/KNOWLEDGE/EXPERIENCE,FAILING TO REDUCE SPEED,0,0,0,0,8,6,10,1666,FULLERTON AVE,41.902725,-87.512479,10/20/2023 10:29:00 AM,2023
CR00037891,09/07/2021 07:45:00 PM,20,CLEAR,DAYLIGHT,REAR END,NOT DIVIDED,UNKNOWN,FAILING TO YIELD RIGHT-OF-WAY,NOT APPLICABLE,0,0,0,0,19,3,9,2121,MICHIGAN AVE,41.907963,-87.662699,09/07/2021 08:34:00 PM,2021
CR00037892,08/15/2016 07:10:00 PM,35,CLEAR,DAYLIGHT,SIDESWIPE SAME DIRECTION,DIVIDED - W/MEDIAN (NOT RAISED),STOP SIGN/FLASHER,DRIVING SKILLS/KNOWLEDGE/EXPERIENCE,IMPROPER LANE USAGE,0,0,0,0,19,2,8,2533,STONY ISLAND AVE,41.832888,-87.67511,08/15/2016 07:35:00 PM,2016
CR00037893,12/19/2018 01:22:00 PM,35,CLEAR,DAYLIGHT,SIDESWIPE SAME DIRECTION,ONE-WAY,TRAFFIC SIGNAL,DISTRACTION - FROM INSIDE VEHICLE,FOLLOWING TOO CLOSELY,0,0,0,0,13,4,12,2000,MILWAUKEE AVE,41.853581,-87.724453,12/19/2018 03:09:00 PM,2018
CR00037894,11/14/2021 09:54:00 AM,15,CLEAR,DAYLIGHT,REAR END,DIVIDED - W/MEDIAN (NOT RAISED),TRAFFIC SIGNAL,WEATHER,DRIVING SKILLS/KNOWLEDGE/EXPERIENCE,0,0,0,0,9,1,11,426,HALSTED ST,41.919089,-87.533822,11/14/2021 11:22:00 AM,2021
CR00037895,05/01/2018 04:02:00 PM,45,CLEAR,DARKNESS,REAR TO FRONT,NOT DIVIDED,TRAFFIC SIGNAL,UNABLE TO DETERMINE,DISREGARDING TRAFFIC SIGNALS,0,0,0,0,16,3,5,1208,DAMEN AVE,41.828189,-87.629131,05/01/2018 04:40:00 PM,2018
CR00037896,03/08/2018 01:49:00 AM,25,CLEAR,DAYLIGHT,TURNING,NOT DIVIDED,UNKNOWN,FOLLOWING TOO CLOSELY,IMPROPER LANE USAGE,0,0,0,0,1,5,3,1042,47TH ST,41.9084,-87.621472,03/08/2018 02:35:00 AM,2018
CR00037897,03/26/2022 08:56:00 AM,15,CLOUDY/OVERCAST,DAYLIGHT,TURNING,FOUR WAY,STOP SIGN/FLASHER,FOLLOWING TOO CLOSELY,DISTRACTION - FROM INSIDE VEHICLE,0,0,0,0,8,7,3,1196,ARCHER AVE,41.827263,-87.600124,03/26/2022 09:13:00 AM,2022
CR00037898,09/14/2015 01:25:00 PM,45,CLEAR,DARKNESS - LIGHTED ROAD,REAR END,DIVIDED - W/MEDIAN BARRIER,TRAFFIC SIGNAL,FAILING TO REDUCE SPEED,FAILING TO REDUCE SPEED,0,0,0,0,13,2,9,1966,CICERO AVE,41.803681,-87.752813,09/14/2015 03:03:00 PM,2015
CR00037899,09/24/2024 03:17:00 PM,30,CLEAR,DAYLIGHT,FIXED OBJECT,DIVIDED - W/MEDIAN (NOT RAISED),NO CONTROLS,UNABLE TO DETERMINE,FAILING TO YIELD RIGHT-OF-WAY,0,0,0,0,15,3,9,1320,PULASKI RD,41.878555,-87.72183,09/24/2024 05:08:00 PM,2024
CR00037900,11/02/2015 07:09:00 AM,15,CLOUDY/OVERCAST,DAYLIGHT,FIXED OBJECT,FOUR WAY,TRAFFIC SIGNAL,DISTRACTION - FROM INSIDE VEHICLE,UNABLE TO DETERMINE,0,0,0,0,7,2,11,2011,CICERO AVE,41.865544,-87.72202,11/02/2015 07:48:00 AM,2015
CR00037901,01/20/2019 08:20:00 PM,30,RAIN,DAYLIGHT,TURNING,NOT DIVIDED,STOP SIGN/FLASHER,FAILING TO YIELD RIGHT-OF-WAY,FAILING TO YIELD RIGHT-OF-WAY,0,0,0,0,20,1,1,1538,ASHLAND AVE,41.714586,-87.52875,01/20/2019 09:24:00 PM,2019
CR00037902,04/25/2022 07:12:00 AM,45,CLEAR,DARKNESS - LIGHTED ROAD,TURNING,DIVIDED - W/MEDIAN BARRIER,STOP SIGN/FLASHER,IMPROPER OVERTAKING/PASSING,UNABLE TO DETERMINE,0,0,0,0,7,2,4,130,OGDEN AVE,41.9827,-87.646643,04/25/2022 08:11:00 AM,2022
CR00037903,10/03/2015 03:07:00 PM,30,CLEAR,DAYLIGHT,ANGLE,NOT DIVIDED,TRAFFIC SIGNAL,UNABLE TO DETERMINE,DRIVING SKILLS/KNOWLEDGE/EXPERIENCE,0,0,0,0,15,7,10,702,STATE ST,41.913892,-87.672443,10/03/2015 04:42:00 PM,2015
CR00037904,06/06/2017 09:58:00 AM,35,FOG/SMOKE/HAZE,DARKNESS,FIXED OBJECT,FOUR WAY,NO CONTROLS,IMPROPER LANE USAGE,IMPROPER OVERTAKING/PASSING,0,0,0,0,9,3,6,395,CALIFORNIA AVE,41.962271,-87.623974,06/06/2017 10:09:00 AM,2017
CR00037905,05/19/2016 02:07:00 PM,45,CLEAR,DARKNESS,REAR END,DIVIDED - W/MEDIAN BARRIER,TRAFFIC SIGNAL,DISTRACTION - FROM INSIDE VEHICLE,DRIVING SKILLS/KNOWLEDGE/EXPERIENCE,0,0,0,0,14,5,5,1113,MICHIGAN AVE,41.711509,-87.538601,05/19/2016 02:15:00 PM,2016
CR00037906,06/14/2023 05:53:00 PM,35,SNOW,DARKNESS - LIGHTED ROAD,REAR END,ONE-WAY,TRAFFIC SIGNAL,FAILING TO YIELD RIGHT-OF-WAY,UNABLE TO DETERMINE,0,0,0,0,17,4,6,861,KEDZIE AVE,41.873061,-87.75307,06/14/2023 06:33:00 PM,2023
CR00037907,09/26/2021 12:45:00 PM,25,CLEAR,DAYLIGHT,PARKED MOTOR VEHICLE,FOUR WAY,TRAFFIC SIGNAL,DISREGARDING TRAFFIC SIGNALS,NOT APPLICABLE,0,1,0,1,12,1,9,1850,ROOSEVELT RD,41.816094,-87.736862,09/26/2021 12:46:00 PM,2021
CR00037908,08/15/2016 09:14:00 PM,25,CLEAR,DAYLIGHT,TURNING,T-INTERSECTION,NO CONTROLS,UNABLE TO DETERMINE,FAILING TO REDUCE SPEED,0,0,0,0,21,2,8,1865,CALIFORNIA AVE,41.985443,-87.770153,08/15/2016 09:48:00 PM,2016
CR00037909,01/19/2017 11:05:00 AM,30,RAIN,DAYLIGHT,REAR END,FOUR WAY,STOP SIGN/FLASHER,FOLLOWING TOO CLOSELY,IMPROPER OVERTAKING/PASSING,0,0,0,0,11,5,1,1865,FULLERTON AVE,41.855473,-87.689209,01/19/2017 11:07:00 AM,2017
CR00037910,08/19/2022 12:04:00 AM,30,CLEAR,DAYLIGHT,TURNING,DIVIDED - W/MEDIAN BARRIER,NO CONTROLS,DISTRACTION - FROM INSIDE VEHICLE,WEATHER,0,0,0,0,0,6,8,872,ROOSEVELT RD,41.731056,-87.515267,08/19/2022 12:12:00 AM,2022
CR00037911,10/01/2017 02:56:00 PM,30,CLEAR,DAYLIGHT,REAR END,DIVIDED - W/MEDIAN (NOT RAISED),STOP SIGN/FLASHER,IMPROPER LANE USAGE,UNABLE TO DETERMINE,0,0,0,0,14,1,10,1568,IRVING PARK RD,41.821518,-87.683502,10/01/2017 03:49:00 PM,2017
CR00037912,08/25/2017 10:38:00 AM,25,CLEAR,DAYLIGHT,SIDESWIPE SAME DIRECTION,ONE-WAY,STOP SIGN/FLASHER,DISTRACTION - FROM INSIDE VEHICLE,FAILING TO YIELD RIGHT-OF-WAY,0,0,0,0,10,6,8,488,BROADWAY,41.765409,-87.543449,08/25/2017 12:30:00 PM,2017
CR00037913,01/05/2023 05:40:00 PM,35,CLEAR,DAYLIGHT,REAR TO FRONT,NOT DIVIDED,TRAFFIC SIGNAL,UNABLE TO DETERMINE,FOLLOWING TOO CLOSELY,0,0,1,1,17,5,1,2387,HALSTED ST,41.891801,-87.650818,01/05/2023 06:14:00 PM,2023
CR00037914,08/18/2023 03:27:00 PM,35,CLEAR,DUSK,REAR END,NOT DIVIDED,UNKNOWN,IMPROPER OVERTAKING/PASSING,DISTRACTION - FROM INSIDE VEHICLE,0,0,0,0,15,6,8,1177,HALSTED ST,41.826984,-87.652015,08/18/2023 04:10:00 PM,2023
CR00037915,11/05/2019 11:06:00 AM,40,CLEAR,DAYLIGHT,REAR END,DIVIDED - W/MEDIAN BARRIER,UNKNOWN,WEATHER,FAILING TO YIELD RIGHT-OF-WAY,0,0,0,0,11,3,11,2035,79TH ST,41.871249,-87.667087,11/05/2019 11:13:00 AM,2019
CR00037916,12/07/2016 06:58:00 PM,15,RAIN,DAYLIGHT,TURNING,NOT DIVIDED,NO CONTROLS,FOLLOWING TOO CLOSELY,IMPROPER OVERTAKING/PASSING,0,0,0,0,18,4,12,1294,BROADWAY,41.775022,-87.734458,12/07/2016 08:45:00 PM,2016
CR00037917,03/14/2021 05:21:00 PM,30,CLEAR,DAYLIGHT,TURNING,ONE-WAY,NO CONTROLS,FAILING TO REDUCE SPEED,DISTRACTION - FROM INSIDE VEHICLE,0,0,1,1,17,1,3,534,IRVING PARK RD,41.830699,-87.802749,03/14/2021 05:53:00 PM,2021
CR00037918,03/23/2015 02:39:00 PM,35,CLEAR,DAYLIGHT,REAR END,ONE-WAY,PEDESTRIAN CROSSING SIGN,UNABLE TO DETERMINE,UNABLE TO DETERMINE,0,0,0,0,14,2,3,1625,STONY ISLAND AVE,41.994627,-87.820047,03/23/2015 03:03:00 PM,2015
CR00037919,05/04/2020 04:26:00 PM,15,RAIN,DARKNESS - LIGHTED ROAD,TURNING,NOT DIVIDED,STOP SIGN/FLASHER,FAILING TO YIELD RIGHT-OF-WAY,UNABLE TO DETERMINE,0,0,0,0,16,2,5,1101,FULLERTON AVE,41.772332,-87.780638,05/04/2020 04:56:00 PM,2020
CR00037920,11/16/2018 08:26:00 AM,30,CLEAR,DARKNESS - LIGHTED ROAD,ANGLE,NOT DIVIDED,TRAFFIC SIGNAL,DISREGARDING TRAFFIC SIGNALS,WEATHER,0,0,0,0,8,6,11,2317,79TH ST,41.755675,-87.690864,11/16/2018 08:43:00 AM,2018
CR00037921,04/26/2023 02:33:00 AM,30,CLEAR,DAYLIGHT,REAR END,NOT DIVIDED,TRAFFIC SIGNAL,DRIVING SKILLS/KNOWLEDGE/EXPERIENCE,UNABLE TO DETERMINE,0,0,0,0,2,4,4,1842,MICHIGAN AVE,41.794732,-87.599854,04/26/2023 04:28:00 AM,2023
CR00037922,05/14/2023 08:17:00 AM,30,RAIN,DAYLIGHT,TURNING,DIVIDED - W/MEDIAN BARRIER,TRAFFIC SIGNAL,DRIVING SKILLS/KNOWLEDGE/EXPERIENCE,DRIVING SKILLS/KNOWLEDGE/EXPERIENCE,0,0,0,0,8,1,5,2260,79TH ST,41.886982,-87.504688,05/14/2023 08:18:00 AM,2023
CR00037923,12/14/2022 07:11:00 AM,30,CLEAR,DAYLIGHT,FIXED OBJECT,NOT DIVIDED,STOP SIGN/FLASHER,UNABLE TO DETERMINE,UNABLE TO DETERMINE,0,2,3,5,7,4,12,265,WESTERN AVE,41.715138,-87.834197,12/14/2022 07:57:00 AM,2022
CR00037924,10/20/2020 04:13:00 PM,20,CLEAR,DAYLIGHT,REAR TO FRONT,FOUR WAY,NO CONTROLS,DISTRACTION - FROM INSIDE VEHICLE,FAILING TO YIELD RIGHT-OF-WAY,0,0,3,3,16,3,10,910,MILWAUKEE AVE,41.700931,-87.707929,10/20/2020 06:12:00 PM,2020
CR00037925,04/13/2023 12:32:00 AM,30,CLEAR,DAYLIGHT,FIXED OBJECT,DIVIDED - W/MEDIAN (NOT RAISED),TRAFFIC SIGNAL,UNABLE TO DETERMINE,FOLLOWING TOO CLOSELY,0,0,0,0,0,5,4,1323,OGDEN AVE,41.840413,-87.598797,04/13/2023 12:33:00 AM,2023
CR00037926,09/27/2016 08:47:00 AM,30,CLEAR,DAYLIGHT,REAR END,DIVIDED - W/MEDIAN (NOT RAISED),TRAFFIC SIGNAL,UNABLE TO DETERMINE,UNABLE TO DETERMINE,0,0,0,0,8,3,9,1819,FULLERTON AVE,41.784909,-87.776397,09/27/2016 08:55:00 AM,2016
CR00037927,08/03/2022 10:50:00 AM,35,CLEAR,DAYLIGHT,SIDESWIPE SAME DIRECTION,DIVIDED - W/MEDIAN (NOT RAISED),STOP SIGN/FLASHER,FAILING TO REDUCE SPEED,UNABLE TO DETERMINE,0,0,0,0,10,4,8,686,CLARK ST,41.88853,-87.599893,08/03/2022 12:27:00 PM,2022
CR00037928,10/19/2018 06:16:00 PM,15,CLEAR,DAYLIGHT,PEDESTRIAN,DIVIDED - W/MEDIAN (NOT RAISED),NO CONTROLS,UNABLE TO DETERMINE,DRIVING SKILLS/KNOWLEDGE/EXPERIENCE,0,1,0,1,18,6,10,1595,STATE ST,41.890626,-87.585447,10/19/2018 07:01:00 PM,2018
CR00037929,07/08/2019 08:43:00 PM,40,CLEAR,DARKNESS - LIGHTED ROAD,REAR END,NOT DIVIDED,NO CONTROLS,UNABLE TO DETERMINE,IMPROPER OVERTAKING/PASSING,0,0,0,0,20,2,7,1315,79TH ST,41.710344,-87.723172,07/08/2019 09:45:00 PM,2019
CR00037930,05/23/2022 08:24:00 PM,45,CLEAR,DARKNESS - LIGHTED ROAD,PEDESTRIAN,NOT DIVIDED,STOP SIGN/FLASHER,WEATHER,FAILING TO YIELD RIGHT-OF-WAY,0,0,0,0,20,2,5,1331,IRVING PARK RD,41.843467,-87.652371,05/23/2022 10:05:00 PM,2022
CR00037931,03/18/2020 02:41:00 PM,25,RAIN,DAYLIGHT,REAR END,ONE-WAY,NO CONTROLS,DRIVING SKILLS/KNOWLEDGE/EXPERIENCE,WEATHER,0,0,0,0,14,4,3,1037,IRVING PARK RD,41.701313,-87.564579,03/18/2020 03:10:00 PM,2020
CR00037932,05/13/2019 08:40:00 AM,35,CLEAR,DAYLIGHT,REAR TO FRONT,DIVIDED - W/MEDIAN (NOT RAISED),TRAFFIC SIGNAL,DISREGARDING TRAFFIC SIGNALS,FOLLOWING TOO CLOSELY,0,0,0,0,8,2,5,1785,MICHIGAN AVE,41.737908,-87.69691,05/13/2019 10:11:00 AM,2019
CR00037933,12/11/2016 06:11:00 PM,30,CLEAR,DARKNESS - LIGHTED ROAD,REAR TO FRONT,DIVIDED - W/MEDIAN (NOT RAISED),NO CONTROLS,IMPROPER LANE USAGE,FOLLOWING TOO CLOSELY,0,0,0,0,18,1,12,242,STONY ISLAND AVE,41.901452,-87.725891,12/11/2016 07:11:00 PM,2016
CR00037934,03/03/2023 08:28:00 PM,40,CLEAR,DARKNESS - LIGHTED ROAD,PARKED MOTOR VEHICLE,FOUR WAY,TRAFFIC SIGNAL,IMPROPER LANE USAGE,WEATHER,0,0,0,0,20,6,3,205,DIVISION ST,41.7318,-87.707175,03/03/2023 08:55:00 PM,2023
CR00037935,10/14/2016 04:30:00 AM,35,CLEAR,DARKNESS - LIGHTED ROAD,TURNING,NOT DIVIDED,TRAFFIC SIGNAL,IMPROPER OVERTAKING/PASSING,DISTRACTION - FROM INSIDE VEHICLE,0,0,0,0,4,6,10,1299,CLARK ST,41.930778,-87.525266,10/14/2016 05:31:00 AM,2016
CR00037936,04/17/2017 06:30:00 PM,30,SNOW,DAYLIGHT,REAR END,DIVIDED - W/MEDIAN (NOT RAISED),NO CONTROLS,DISTRACTION - FROM INSIDE VEHICLE,NOT APPLICABLE,0,0,0,0,18,2,4,2212,ASHLAND AVE,41.876292,-87.747623,04/17/2017 08:30:00 PM,2017
CR00037937,02/22/2018 04:49:00 PM,40,CLOUDY/OVERCAST,DARKNESS - LIGHTED ROAD,TURNING,NOT DIVIDED,TRAFFIC SIGNAL,UNABLE TO DETERMINE,IMPROPER OVERTAKING/PASSING,0,0,0,0,16,5,2,1303,FULLERTON AVE,41.763341,-87.603928,02/22/2018 05:10:00 PM,2018
CR00037938,11/12/2020 10:06:00 AM,45,RAIN,DAYLIGHT,TURNING,DIVIDED - W/MEDIAN (NOT RAISED),STOP SIGN/FLASHER,WEATHER,UNABLE TO DETERMINE,0,0,0,0,10,5,11,2056,DIVISION ST,41.740743,-87.636905,11/12/2020 12:01:00 PM,2020
CR00037939,12/10/2016 07:14:00 AM,30,RAIN,DARKNESS - LIGHTED ROAD,REAR END,NOT DIVIDED,NO CONTROLS,UNABLE TO DETERMINE,UNABLE TO DETERMINE,0,0,0,0,7,7,12,794,ARCHER AVE,41.80273,-87.841127,12/10/2016 07:56:00 AM,2016
CR00037940,02/27/2020 06:57:00 PM,30,CLEAR,DARKNESS - LIGHTED ROAD,SIDESWIPE SAME DIRECTION,DIVIDED - W/MEDIAN BARRIER,NO CONTROLS,FOLLOWING TOO CLOSELY,UNABLE TO DETERMINE,0,0,0,0,18,5,2,1694,STONY ISLAND AVE,41.775667,-87.750747,02/27/2020 08:06:00 PM,2020
CR00037941,06/26/2024 12:04:00 PM,25,CLEAR,DARKNESS - LIGHTED ROAD,PARKED MOTOR VEHICLE,DIVIDED - W/MEDIAN (NOT RAISED),TRAFFIC SIGNAL,IMPROPER OVERTAKING/PASSING,UNABLE TO DETERMINE,0,0,0,0,12,4,6,1402,ROOSEVELT RD,41.748282,-87.589822,06/26/2024 12:47:00 PM,2024
CR00037942,06/27/2016 12:36:00 PM,25,CLEAR,DARKNESS,REAR END,DIVIDED - W/MEDIAN BARRIER,NO CONTROLS,FAILING TO YIELD RIGHT-OF-WAY,DRIVING SKILLS/KNOWLEDGE/EXPERIENCE,0,0,0,0,12,2,6,1892,LAKE SHORE DR,41.857605,-87.802785,06/27/2016 02:08:00 PM,2016