CRASH_RECORD_ID,CRASH_DATE,POSTED_SPEED_LIMIT,WEATHER_CONDITION,LIGHTING_CONDITION,FIRST_CRASH_TYPE,TRAFFICWAY_TYPE,TRAFFIC_CONTROL_DEVICE,PRIM_CONTRIBUTORY_CAUSE,SEC_CONTRIBUTORY_CAUSE,INJURIES_FATAL,INJURIES_INCAPACITATING,INJURIES_NON_INCAPACITATING,INJURIES_TOTAL,CRASH_HOUR,CRASH_DAY_OF_WEEK,CRASH_MONTH,BEAT_OF_OCCURRENCE,STREET_NAME,LATITUDE,LONGITUDE,DATE_POLICE_NOTIFIED,year
CR00037943,06/03/2015 08:28:00 AM,40,CLEAR,DARKNESS - LIGHTED ROAD,ANGLE,NOT DIVIDED,TRAFFIC SIGNAL,IMPROPER LANE USAGE,FAILING TO YIELD RIGHT-OF-WAY,0,0,0,0,8,4,6,2311,DIVISION ST,41.953326,-87.635183,06/03/2015 09:20:00 AM,2015
CR00037944,01/21/2023 01:35:00 AM,35,RAIN,DARKNESS - LIGHTED ROAD,REAR END,NOT DIVIDED,NO CONTROLS,UNABLE TO DETERMINE,DRIVING SKILLS/KNOWLEDGE/EXPERIENCE,0,0,1,1,1,7,1,572,ELSTON AVE,41.98717,-87.698231,01/21/2023 03:29:00 AM,2023
CR00037945,11/08/2023 04:43:00 PM,15,CLEAR,DAYLIGHT,PARKED MOTOR VEHICLE,NOT DIVIDED,NO CONTROLS,FOLLOWING TOO CLOSELY,WEATHER,0,0,0,0,16,4,11,1605,HALSTED ST,41.921204,-87.629011,11/08/2023 06:02:00 PM,2023
CR00037946,08/12/2015 07:06:00 PM,30,CLEAR,DAYLIGHT,PEDESTRIAN,DIVIDED - W/MEDIAN (NOT RAISED),STOP SIGN/FLASHER,UNABLE TO DETERMINE,FAILING TO YIELD RIGHT-OF-WAY,0,2,3,5,19,4,8,1376,ROOSEVELT RD,41.708296,-87.631302,08/12/2015 08:58:00 PM,2015
CR00037947,02/17/2021 08:45:00 AM,25,RAIN,DAYLIGHT,SIDESWIPE SAME DIRECTION,ONE-WAY,TRAFFIC SIGNAL,UNABLE TO DETERMINE,IMPROPER LANE USAGE,0,0,0,0,8,4,2,1359,LAKE SHORE DR,41.709028,-87.687663,02/17/2021 10:04:00 AM,2021
CR00037948,07/21/2019 08:44:00 AM,30,RAIN,DAYLIGHT,ANGLE,ONE-WAY,TRAFFIC SIGNAL,UNABLE TO DETERMINE,NOT APPLICABLE,0,0,0,0,8,1,7,2366,63RD ST,41.839901,-87.500763,07/21/2019 09:44:00 AM,2019
CR00037949,03/19/2022 03:52:00 PM,45,CLOUDY/OVERCAST,DAWN,ANGLE,ONE-WAY,TRAFFIC SIGNAL,FAILING TO YIELD RIGHT-OF-WAY,IMPROPER OVERTAKING/PASSING,0,2,0,2,15,7,3,1348,WESTERN AVE,41.738457,-87.557673,03/19/2022 05:15:00 PM,2022
CR00037950,11/16/2015 01:47:00 PM,40,CLEAR,DARKNESS - LIGHTED ROAD,TURNING,FOUR WAY,NO CONTROLS,FOLLOWING TOO CLOSELY,IMPROPER OVERTAKING/PASSING,0,0,0,0,13,2,11,437,IRVING PARK RD,41.996791,-87.750482,11/16/2015 02:35:00 PM,2015
CR00037951,05/15/2016 02:34:00 PM,45,CLEAR,DAYLIGHT,PARKED MOTOR VEHICLE,ONE-WAY,TRAFFIC SIGNAL,IMPROPER LANE USAGE,FAILING TO YIELD RIGHT-OF-WAY,0,0,0,0,14,1,5,2109,STONY ISLAND AVE,41.797439,-87.751488,05/15/2016 02:50:00 PM,2016
CR00037952,03/29/2016 08:52:00 AM,35,CLEAR,DAYLIGHT,SIDESWIPE SAME DIRECTION,DIVIDED - W/MEDIAN (NOT RAISED),TRAFFIC SIGNAL,WEATHER,DRIVING SKILLS/KNOWLEDGE/EXPERIENCE,0,0,0,0,8,3,3,1627,79TH ST,41.871572,-87.625407,03/29/2016 10:35:00 AM,2016
CR00037953,01/14/2024 04:05:00 PM,30,CLEAR,DARKNESS - LIGHTED ROAD,ANGLE,NOT DIVIDED,STOP SIGN/FLASHER,FAILING TO YIELD RIGHT-OF-WAY,DISTRACTION - FROM INSIDE VEHICLE,0,0,0,0,16,1,1,363,OGDEN AVE,41.86004,-87.739065,01/14/2024 05:18:00 PM,2024
CR00037954,04/16/2024 06:29:00 PM,25,RAIN,DAYLIGHT,REAR END,NOT DIVIDED,NO CONTROLS,DISREGARDING TRAFFIC SIGNALS,NOT APPLICABLE,0,0,0,0,18,3,4,497,ROOSEVELT RD,41.817844,-87.787128,04/16/2024 06:42:00 PM,2024
CR00037955,08/27/2020 07:13:00 AM,30,RAIN,DAYLIGHT,PEDESTRIAN,DIVIDED - W/MEDIAN (NOT RAISED),NO CONTROLS,FAILING TO REDUCE SPEED,FOLLOWING TOO CLOSELY,0,0,0,0,7,5,8,833,PULASKI RD,41.743779,-87.622774,08/27/2020 09:01:00 AM,2020
CR00037956,10/28/2015 04:28:00 PM,30,CLEAR,DARKNESS - LIGHTED ROAD,REAR END,DIVIDED - W/MEDIAN (NOT RAISED),NO CONTROLS,IMPROPER LANE USAGE,NOT APPLICABLE,0,0,0,0,16,4,10,118,STONY ISLAND AVE,41.835266,-87.841014,10/28/2015 05:46:00 PM,2015
CR00037957,05/15/2020 03:18:00 PM,35,RAIN,DAYLIGHT,PARKED MOTOR VEHICLE,T-INTERSECTION,NO CONTROLS,UNABLE TO DETERMINE,DISREGARDING TRAFFIC SIGNALS,0,0,0,0,15,6,5,104,CICERO AVE,41.832767,-87.686089,05/15/2020 04:42:00 PM,2020
CR00037958,12/23/2020 12:30:00 AM,35,CLEAR,DAYLIGHT,ANGLE,ONE-WAY,NO CONTROLS,FAILING TO REDUCE SPEED,FAILING TO YIELD RIGHT-OF-WAY,0,0,0,0,0,4,12,238,OGDEN AVE,41.781997,-87.551462,12/23/2020 01:07:00 AM,2020
CR00037959,06/20/2020 05:12:00 PM,30,CLEAR,DAYLIGHT,REAR TO FRONT,DIVIDED - W/MEDIAN (NOT RAISED),TRAFFIC SIGNAL,IMPROPER OVERTAKING/PASSING,UNABLE TO DETERMINE,0,0,2,2,17,7,6,771,79TH ST,41.784961,-87.777922,06/20/2020 06:19:00 PM,2020
CR00037960,08/24/2022 01:16:00 PM,40,RAIN,DAYLIGHT,PARKED MOTOR VEHICLE,NOT DIVIDED,NO CONTROLS,DRIVING SKILLS/KNOWLEDGE/EXPERIENCE,IMPROPER OVERTAKING/PASSING,0,0,0,0,13,4,8,2409,BROADWAY,41.875394,-87.504267,08/24/2022 02:36:00 PM,2022
CR00037961,04/21/2018 06:37:00 PM,45,SNOW,DAYLIGHT,ANGLE,FOUR WAY,STOP SIGN/FLASHER,UNABLE TO DETERMINE,DISTRACTION - FROM INSIDE VEHICLE,0,0,1,1,18,7,4,1073,FULLERTON AVE,41.816808,-87.779357,04/21/2018 06:56:00 PM,2018
CR00037962,11/02/2022 06:38:00 PM,35,CLEAR,DAYLIGHT,ANGLE,DIVIDED - W/MEDIAN (NOT RAISED),TRAFFIC SIGNAL,FAILING TO YIELD RIGHT-OF-WAY,IMPROPER LANE USAGE,0,0,1,1,18,4,11,2088,BROADWAY,41.848364,-87.742743,11/02/2022 07:35:00 PM,2022
CR00037963,06/11/2015 12:53:00 PM,20,CLEAR,DAYLIGHT,ANGLE,NOT DIVIDED,NO CONTROLS,UNABLE TO DETERMINE,FAILING TO REDUCE SPEED,0,1,2,3,12,5,6,726,LAKE SHORE DR,41.792384,-87.680157,06/11/2015 02:48:00 PM,2015
CR00037964,02/17/2023 04:47:00 PM,30,CLEAR,DARKNESS - LIGHTED ROAD,SIDESWIPE SAME DIRECTION,NOT DIVIDED,TRAFFIC SIGNAL,DRIVING SKILLS/KNOWLEDGE/EXPERIENCE,IMPROPER OVERTAKING/PASSING,0,0,1,1,16,6,2,623,DAMEN AVE,41.730021,-87.61909,02/17/2023 06:06:00 PM,2023
CR00037965,07/26/2023 01:21:00 AM,20,CLEAR,DAYLIGHT,ANGLE,DIVIDED - W/MEDIAN (NOT RAISED),TRAFFIC SIGNAL,DISTRACTION - FROM INSIDE VEHICLE,IMPROPER OVERTAKING/PASSING,0,0,0,0,1,4,7,1127,KEDZIE AVE,41.778131,-87.791509,07/26/2023 01:30:00 AM,2023
CR00037966,06/27/2023 07:49:00 PM,30,SNOW,DARKNESS - LIGHTED ROAD,PARKED MOTOR VEHICLE,ONE-WAY,TRAFFIC SIGNAL,UNABLE TO DETERMINE,UNABLE TO DETERMINE,0,0,0,0,19,3,6,2365,WESTERN AVE,41.903433,-87.724664,06/27/2023 08:03:00 PM,2023
CR00037967,06/20/2017 05:00:00 PM,45,CLEAR,DAWN,TURNING,NOT DIVIDED,TRAFFIC SIGNAL,IMPROPER OVERTAKING/PASSING,UNABLE TO DETERMINE,0,0,0,0,17,3,6,1723,79TH ST,41.716182,-87.717975,06/20/2017 06:43:00 PM,2017
CR00037968,05/05/2016 11:52:00 AM,40,CLEAR,DAYLIGHT,SIDESWIPE SAME DIRECTION,NOT DIVIDED,NO CONTROLS,FAILING TO REDUCE SPEED,UNABLE TO DETERMINE,0,0,2,2,11,5,5,221,CALIFORNIA AVE,41.702033,-87.585602,05/05/2016 01:38:00 PM,2016
CR00037969,09/12/2024 09:57:00 AM,35,CLEAR,DAYLIGHT,FIXED OBJECT,DIVIDED - W/MEDIAN BARRIER,NO CONTROLS,FAILING TO REDUCE SPEED,UNABLE TO DETERMINE,0,0,0,0,9,5,9,1953,MICHIGAN AVE,41.848806,-87.805449,09/12/2024 11:24:00 AM,2024
CR00037970,06/04/2024 05:56:00 AM,35,CLEAR,DAWN,REAR TO FRONT,DIVIDED - W/MEDIAN (NOT RAISED),NO CONTROLS,IMPROPER OVERTAKING/PASSING,FAILING TO YIELD RIGHT-OF-WAY,0,0,0,0,5,3,6,1708,ARCHER AVE,41.935911,-87.56909,06/04/2024 06:19:00 AM,2024
CR00037971,02/17/2023 03:41:00 AM,15,CLEAR,DARKNESS - LIGHTED ROAD,TURNING,NOT DIVIDED,TRAFFIC SIGNAL,IMPROPER LANE USAGE,UNABLE TO DETERMINE,0,0,1,1,3,6,2,2458,WESTERN AVE,41.785125,-87.506576,02/17/2023 05:36:00 AM,2023
CR00037972,09/05/2017 11:21:00 AM,30,CLEAR,DAYLIGHT,PARKED MOTOR VEHICLE,NOT DIVIDED,TRAFFIC SIGNAL,UNABLE TO DETERMINE,DISREGARDING TRAFFIC SIGNALS,0,0,0,0,11,3,9,1959,IRVING PARK RD,41.881164,-87.600954,09/05/2017 11:22:00 AM,2017
CR00037973,04/22/2022 01:11:00 PM,30,CLOUDY/OVERCAST,DAYLIGHT,REAR END,ONE-WAY,TRAFFIC SIGNAL,UNABLE TO DETERMINE,UNABLE TO DETERMINE,0,0,0,0,13,6,4,1135,BROADWAY,41.828423,-87.811542,04/22/2022 01:19:00 PM,2022
CR00037974,12/01/2024 08:50:00 AM,40,RAIN,DAYLIGHT,ANGLE,FOUR WAY,NO CONTROLS,FAILING TO YIELD RIGHT-OF-WAY,FOLLOWING TOO CLOSELY,0,0,0,0,8,1,12,1133,79TH ST,41.857719,-87.552469,12/01/2024 09:58:00 AM,2024
CR00037975,08/18/2017 06:21:00 PM,25,CLEAR,DAYLIGHT,SIDESWIPE SAME DIRECTION,ONE-WAY,UNKNOWN,FAILING TO YIELD RIGHT-OF-WAY,IMPROPER LANE USAGE,0,0,0,0,18,6,8,574,47TH ST,41.813115,-87.506714,08/18/2017 06:56:00 PM,2017
CR00037976,12/10/2021 08:56:00 AM,30,CLEAR,DUSK,ANGLE,DIVIDED - W/MEDIAN (NOT RAISED),NO CONTROLS,UNABLE TO DETERMINE,NOT APPLICABLE,0,0,0,0,8,6,12,1184,ELSTON AVE,41.814765,-87.702198,12/10/2021 10:08:00 AM,2021
CR00037977,12/09/2021 05:31:00 PM,35,SNOW,DAYLIGHT,TURNING,ONE-WAY,TRAFFIC SIGNAL,IMPROPER OVERTAKING/PASSING,FOLLOWING TOO CLOSELY,0,0,0,0,17,5,12,2448,ARCHER AVE,41.944426,-87.529747,12/09/2021 06:29:00 PM,2021
CR00037978,11/14/2024 09:59:00 AM,25,CLEAR,DAYLIGHT,TURNING,NOT DIVIDED,TRAFFIC SIGNAL,UNABLE TO DETERMINE,NOT APPLICABLE,0,0,0,0,9,5,11,1280,CLARK ST,41.847549,-87.702363,11/14/2024 10:11:00 AM,2024
CR00037979,10/04/2020 08:02:00 AM,30,CLEAR,DAYLIGHT,ANGLE,ONE-WAY,NO CONTROLS,DRIVING SKILLS/KNOWLEDGE/EXPERIENCE,FOLLOWING TOO CLOSELY,0,0,0,0,8,1,10,1165,DIVISION ST,41.957321,-87.822869,10/04/2020 08:56:00 AM,2020
CR00037980,03/29/2016 11:34:00 AM,20,CLOUDY/OVERCAST,DUSK,PARKED MOTOR VEHICLE,DIVIDED - W/MEDIAN BARRIER,NO CONTROLS,DISREGARDING TRAFFIC SIGNALS,NOT APPLICABLE,0,0,1,1,11,3,3,719,ELSTON AVE,41.86574,-87.846522,03/29/2016 12:35:00 PM,2016
CR00037981,11/28/2019 08:50:00 AM,45,CLEAR,DUSK,REAR END,NOT DIVIDED,STOP SIGN/FLASHER,UNABLE TO DETERMINE,NOT APPLICABLE,0,0,0,0,8,5,11,920,ASHLAND AVE,41.775943,-87.538485,11/28/2019 10:33:00 AM,2019
CR00037982,10/27/2019 10:11:00 AM,35,CLEAR,DAYLIGHT,REAR END,ONE-WAY,NO CONTROLS,DRIVING SKILLS/KNOWLEDGE/EXPERIENCE,IMPROPER OVERTAKING/PASSING,0,0,0,0,10,1,10,1832,STONY ISLAND AVE,41.785025,-87.807994,10/27/2019 10:47:00 AM,2019
CR00037983,09/09/2023 08:42:00 AM,45,CLEAR,DAYLIGHT,ANGLE,DIVIDED - W/MEDIAN BARRIER,TRAFFIC SIGNAL,DRIVING SKILLS/KNOWLEDGE/EXPERIENCE,UNABLE TO DETERMINE,0,0,1,1,8,7,9,474,LAKE SHORE DR,41.82772,-87.729299,09/09/2023 09:14:00 AM,2023
CR00037984,07/19/2020 06:27:00 AM,35,RAIN,DAYLIGHT,SIDESWIPE SAME DIRECTION,T-INTERSECTION,UNKNOWN,UNABLE TO DETERMINE,UNABLE TO DETERMINE,0,0,0,0,6,1,7,907,CICERO AVE,41.997058,-87.573332,07/19/2020 07:58:00 AM,2020
CR00037985,09/08/2023 10:59:00 PM,40,RAIN,DAYLIGHT,SIDESWIPE SAME DIRECTION,ONE-WAY,TRAFFIC SIGNAL,FAILING TO YIELD RIGHT-OF-WAY,DISREGARDING TRAFFIC SIGNALS,0,2,1,3,22,6,9,1275,ELSTON AVE,41.838208,-87.746684,09/09/2023 12:41:00 AM,2023
CR00037986,11/16/2020 09:18:00 AM,30,CLEAR,DAYLIGHT,SIDESWIPE SAME DIRECTION,ONE-WAY,STOP SIGN/FLASHER,DISREGARDING TRAFFIC SIGNALS,NOT APPLICABLE,0,0,0,0,9,2,11,2222,OGDEN AVE,41.729939,-87.601986,11/16/2020 10:16:00 AM,2020
CR00037987,08/13/2023 07:50:00 AM,30,CLEAR,DARKNESS - LIGHTED ROAD,REAR END,FOUR WAY,TRAFFIC SIGNAL,DRIVING SKILLS/KNOWLEDGE/EXPERIENCE,NOT APPLICABLE,0,0,0,0,7,1,8,1534,DIVISION ST,41.932667,-87.582742,08/13/2023 07:54:00 AM,2023
CR00037988,07/13/2023 06:37:00 PM,30,CLEAR,DARKNESS - LIGHTED ROAD,SIDESWIPE SAME DIRECTION,NOT DIVIDED,TRAFFIC SIGNAL,DISREGARDING TRAFFIC SIGNALS,DISREGARDING TRAFFIC SIGNALS,0,0,0,0,18,5,7,265,ASHLAND AVE,41.744909,-87.610473,07/13/2023 08:31:00 PM,2023
CR00037989,05/18/2022 09:00:00 AM,20,CLOUDY/OVERCAST,DAYLIGHT,FIXED OBJECT,NOT DIVIDED,NO CONTROLS,FAILING TO YIELD RIGHT-OF-WAY,DISTRACTION - FROM INSIDE VEHICLE,0,0,1,1,9,4,5,617,ASHLAND AVE,41.889354,-87.584868,05/18/2022 09:49:00 AM,2022
CR00037990,04/11/2019 05:44:00 PM,15,SNOW,DAYLIGHT,REAR TO FRONT,NOT DIVIDED,TRAFFIC SIGNAL,UNABLE TO DETERMINE,FOLLOWING TOO CLOSELY,0,0,0,0,17,5,4,1275,CLARK ST,41.938411,-87.59697,04/11/2019 06:07:00 PM,2019
CR00037991,11/27/2021 08:41:00 AM,15,CLEAR,DARKNESS - LIGHTED ROAD,SIDESWIPE SAME DIRECTION,FOUR WAY,NO CONTROLS,FOLLOWING TOO CLOSELY,FAILING TO YIELD RIGHT-OF-WAY,0,0,0,0,8,7,11,643,DAMEN AVE,41.902094,-87.639536,11/27/2021 08:55:00 AM,2021
CR00037992,10/28/2021 12:39:00 PM,20,CLEAR,DARKNESS,FIXED OBJECT,ONE-WAY,TRAFFIC SIGNAL,DRIVING SKILLS/KNOWLEDGE/EXPERIENCE,FAILING TO YIELD RIGHT-OF-WAY,0,0,0,0,12,5,10,276,DIVISION ST,41.749284,-87.672513,10/28/2021 01:37:00 PM,2021
CR00037993,03/16/2020 08:31:00 PM,25,SNOW,DAWN,REAR END,DIVIDED - W/MEDIAN (NOT RAISED),TRAFFIC SIGNAL,UNABLE TO DETERMINE,NOT APPLICABLE,0,0,0,0,20,2,3,831,LAKE SHORE DR,41.959449,-87.503556,03/16/2020 08:47:00 PM,2020
CR00037994,06/21/2016 07:10:00 AM,40,CLOUDY/OVERCAST,DAYLIGHT,SIDESWIPE SAME DIRECTION,DIVIDED - W/MEDIAN (NOT RAISED),STOP SIGN/FLASHER,UNABLE TO DETERMINE,DISREGARDING TRAFFIC SIGNALS,0,0,0,0,7,3,6,1449,IRVING PARK RD,41.719691,-87.846547,06/21/2016 08:34:00 AM,2016
CR00037995,12/15/2017 07:52:00 AM,45,CLEAR,DAYLIGHT,REAR TO FRONT,NOT DIVIDED,NO CONTROLS,DISREGARDING TRAFFIC SIGNALS,UNABLE TO DETERMINE,0,0,0,0,7,6,12,847,HALSTED ST,41.802351,-87.582521,12/15/2017 09:37:00 AM,2017
CR00037996,08/26/2017 10:39:00 AM,40,CLOUDY/OVERCAST,DAYLIGHT,TURNING,NOT DIVIDED,TRAFFIC SIGNAL,UNABLE TO DETERMINE,UNABLE TO DETERMINE,0,0,0,0,10,7,8,1495,STATE ST,41.8187,-87.679193,08/26/2017 10:56:00 AM,2017
CR00037997,02/01/2015 11:15:00 PM,40,CLOUDY/OVERCAST,DARKNESS - LIGHTED ROAD,ANGLE,DIVIDED - W/MEDIAN (NOT RAISED),NO CONTROLS,DRIVING SKILLS/KNOWLEDGE/EXPERIENCE,NOT APPLICABLE,0,0,0,0,23,1,2,1820,STATE ST,41.8691,-87.578138,02/01/2015 11:33:00 PM,2015
CR00037998,11/23/2016 08:31:00 AM,35,CLOUDY/OVERCAST,DAYLIGHT,ANGLE,ONE-WAY,NO CONTROLS,UNABLE TO DETERMINE,UNABLE TO DETERMINE,0,0,0,0,8,4,11,1097,ELSTON AVE,41.970195,-87.73374,11/23/2016 09:04:00 AM,2016
CR00037999,02/12/2023 10:11:00 PM,20,RAIN,DAYLIGHT,ANGLE,DIVIDED - W/MEDIAN (NOT RAISED),NO CONTROLS,UNABLE TO DETERMINE,DISTRACTION - FROM INSIDE VEHICLE,0,0,0,0,22,1,2,1741,OGDEN AVE,41.83005,-87.637793,02/12/2023 11:00:00 PM,2023
CR00038000,06/29/2015 04:36:00 PM,40,CLOUDY/OVERCAST,DAYLIGHT,ANGLE,DIVIDED - W/MEDIAN (NOT RAISED),STOP SIGN/FLASHER,DISREGARDING TRAFFIC SIGNALS,UNABLE TO DETERMINE,0,0,0,0,16,2,6,2344,DAMEN AVE,41.962502,-87.603265,06/29/2015 05:41:00 PM,2015
CR00038001,05/10/2016 03:55:00 PM,25,CLEAR,DAYLIGHT,REAR TO FRONT,NOT DIVIDED,STOP SIGN/FLASHER,IMPROPER LANE USAGE,NOT APPLICABLE,0,0,0,0,15,3,5,1583,ASHLAND AVE,41.715429,-87.649724,05/10/2016 04:20:00 PM,2016
CR00038002,11/30/2016 06:25:00 AM,15,CLOUDY/OVERCAST,DARKNESS - LIGHTED ROAD,REAR END,NOT DIVIDED,TRAFFIC SIGNAL,FOLLOWING TOO CLOSELY,UNABLE TO DETERMINE,0,0,0,0,6,4,11,2266,79TH ST,41.839018,-87.835759,11/30/2016 07:52:00 AM,2016
CR00038003,08/01/2018 01:21:00 AM,30,CLEAR,DARKNESS - LIGHTED ROAD,ANGLE,DIVIDED - W/MEDIAN (NOT RAISED),NO CONTROLS,FAILING TO YIELD RIGHT-OF-WAY,FAILING TO YIELD RIGHT-OF-WAY,0,0,0,0,1,4,8,537,STATE ST,41.983106,-87.640182,08/01/2018 01:52:00 AM,2018
CR00038004,08/31/2022 01:07:00 PM,35,SNOW,DAYLIGHT,TURNING,FOUR WAY,STOP SIGN/FLASHER,FAILING TO REDUCE SPEED,NOT APPLICABLE,0,0,0,0,13,4,8,1345,LAKE SHORE DR,41.944106,-87.790222,08/31/2022 02:03:00 PM,2022
CR00038005,03/16/2016 06:55:00 PM,25,CLEAR,DAYLIGHT,SIDESWIPE SAME DIRECTION,FOUR WAY,NO CONTROLS,UNABLE TO DETERMINE,DISREGARDING TRAFFIC SIGNALS,0,0,0,0,18,4,3,125,BROADWAY,41.944558,-87.59089,03/16/2016 08:05:00 PM,2016
CR00038006,07/17/2015 01:58:00 PM,35,CLEAR,DARKNESS - LIGHTED ROAD,SIDESWIPE SAME DIRECTION,DIVIDED - W/MEDIAN (NOT RAISED),STOP SIGN/FLASHER,FAILING TO YIELD RIGHT-OF-WAY,IMPROPER OVERTAKING/PASSING,0,0,0,0,13,6,7,2031,MILWAUKEE AVE,41.976488,-87.616405,07/17/2015 02:26:00 PM,2015
CR00038007,09/15/2020 01:56:00 PM,40,CLEAR,DAYLIGHT,REAR END,ONE-WAY,NO CONTROLS,IMPROPER OVERTAKING/PASSING,UNABLE TO DETERMINE,0,0,0,0,13,3,9,2407,CICERO AVE,41.787994,-87.50179,09/15/2020 03:29:00 PM,2020
CR00038008,04/09/2023 12:36:00 AM,15,CLEAR,DAYLIGHT,REAR END,DIVIDED - W/MEDIAN (NOT RAISED),NO CONTROLS,DISTRACTION - FROM INSIDE VEHICLE,DRIVING SKILLS/KNOWLEDGE/EXPERIENCE,0,0,0,0,0,1,4,1996,WESTERN AVE,41.81536,-87.662772,04/09/2023 01:08:00 AM,2023
CR00038009,06/19/2016 07:08:00 PM,35,CLEAR,DAYLIGHT,REAR END,NOT DIVIDED,STOP SIGN/FLASHER,UNABLE TO DETERMINE,FAILING TO YIELD RIGHT-OF-WAY,0,0,0,0,19,1,6,929,MICHIGAN AVE,41.954508,-87.841583,06/19/2016 07:31:00 PM,2016
CR00038010,12/04/2016 02:03:00 PM,30,CLEAR,DARKNESS - LIGHTED ROAD,ANGLE,ONE-WAY,STOP SIGN/FLASHER,UNABLE TO DETERMINE,FAILING TO YIELD RIGHT-OF-WAY,0,0,0,0,14,1,12,2172,ROOSEVELT RD,41.726694,-87.791378,12/04/2016 03:28:00 PM,2016
CR00038011,09/05/2016 07:53:00 AM,30,CLEAR,DAYLIGHT,REAR END,DIVIDED - W/MEDIAN (NOT RAISED),TRAFFIC SIGNAL,DISTRACTION - FROM INSIDE VEHICLE,UNABLE TO DETERMINE,0,0,0,0,7,2,9,1252,79TH ST,41.99903,-87.59545,09/05/2016 09:53:00 AM,2016
CR00038012,03/10/2015 07:47:00 AM,35,CLEAR,DARKNESS - LIGHTED ROAD,TURNING,NOT DIVIDED,STOP SIGN/FLASHER,UNABLE TO DETERMINE,UNABLE TO DETERMINE,0,0,0,0,7,3,3,439,ROOSEVELT RD,41.896808,-87.549494,03/10/2015 08:39:00 AM,2015
CR00038013,04/24/2024 09:25:00 AM,15,RAIN,DAYLIGHT,REAR END,NOT DIVIDED,UNKNOWN,DISTRACTION - FROM INSIDE VEHICLE,FAILING TO YIELD RIGHT-OF-WAY,0,0,0,0,9,4,4,255,OGDEN AVE,41.983302,-87.693142,04/24/2024 10:16:00 AM,2024
CR00038014,03/17/2017 09:49:00 AM,30,CLEAR,DARKNESS - LIGHTED ROAD,FIXED OBJECT,DIVIDED - W/MEDIAN (NOT RAISED),UNKNOWN,FOLLOWING TOO CLOSELY,DISTRACTION - FROM INSIDE VEHICLE,0,0,1,1,9,6,3,685,OGDEN AVE,41.718474,-87.7994,03/17/2017 11:19:00 AM,2017
CR00038015,07/21/2024 12:16:00 PM,30,CLEAR,DAYLIGHT,REAR TO FRONT,NOT DIVIDED,NO CONTROLS,FOLLOWING TOO CLOSELY,NOT APPLICABLE,0,0,2,2,12,1,7,1850,CICERO AVE,41.70018,-87.626587,07/21/2024 01:07:00 PM,2024
CR00038016,11/22/2020 06:48:00 PM,30,RAIN,DAYLIGHT,ANGLE,DIVIDED - W/MEDIAN (NOT RAISED),UNKNOWN,UNABLE TO DETERMINE,NOT APPLICABLE,0,0,0,0,18,1,11,1014,DIVISION ST,41.762569,-87.834555,11/22/2020 07:01:00 PM,2020
CR00038017,02/11/2015 08:57:00 AM,35,RAIN,DAYLIGHT,REAR END,ONE-WAY,NO CONTROLS,UNABLE TO DETERMINE,FAILING TO YIELD RIGHT-OF-WAY,0,0,0,0,8,4,2,1632,DAMEN AVE,41.890399,-87.755193,02/11/2015 09:44:00 AM,2015
CR00038018,07/20/2021 08:56:00 AM,25,CLEAR,DARKNESS - LIGHTED ROAD,PEDESTRIAN,NOT DIVIDED,TRAFFIC SIGNAL,DISREGARDING TRAFFIC SIGNALS,DISTRACTION - FROM INSIDE VEHICLE,0,0,0,0,8,3,7,358,79TH ST,41.780346,-87.84797,07/20/2021 10:21:00 AM,2021
CR00038019,06/04/2020 08:28:00 AM,45,CLEAR,DAYLIGHT,FIXED OBJECT,NOT DIVIDED,TRAFFIC SIGNAL,UNABLE TO DETERMINE,FOLLOWING TOO CLOSELY,0,0,0,0,8,5,6,1969,DAMEN AVE,41.786488,-87.60597,06/04/2020 09:48:00 AM,2020
CR00038020,06/12/2019 06:27:00 PM,30,FREEZING RAIN/DRIZZLE,DAYLIGHT,REAR END,DIVIDED - W/MEDIAN BARRIER,TRAFFIC SIGNAL,UNABLE TO DETERMINE,FOLLOWING TOO CLOSELY,0,0,0,0,18,4,6,2082,IRVING PARK RD,41.877185,-87.542059,06/12/2019 08:09:00 PM,2019
CR00038021,01/17/2022 04:18:00 PM,30,CLEAR,DAYLIGHT,TURNING,FOUR WAY,TRAFFIC SIGNAL,DISREGARDING TRAFFIC SIGNALS,DISTRACTION - FROM INSIDE VEHICLE,0,0,0,0,16,2,1,663,STONY ISLAND AVE,41.955197,-87.594031,01/17/2022 04:50:00 PM,2022
CR00038022,05/21/2024 11:05:00 AM,40,CLEAR,DARKNESS - LIGHTED ROAD,PARKED MOTOR VEHICLE,NOT DIVIDED,TRAFFIC SIGNAL,FOLLOWING TOO CLOSELY,DRIVING SKILLS/KNOWLEDGE/EXPERIENCE,0,0,0,0,11,3,5,1092,MILWAUKEE AVE,41.960417,-87.632207,05/21/2024 11:54:00 AM,2024
CR00038023,05/13/2018 05:08:00 PM,25,RAIN,DAYLIGHT,SIDESWIPE SAME DIRECTION,DIVIDED - W/MEDIAN (NOT RAISED),UNKNOWN,UNABLE TO DETERMINE,IMPROPER LANE USAGE,0,0,2,2,17,1,5,1218,HALSTED ST,41.819676,-87.72417,05/13/2018 06:42:00 PM,2018