CRASH_RECORD_ID,CRASH_DATE,POSTED_SPEED_LIMIT,WEATHER_CONDITION,LIGHTING_CONDITION,FIRST_CRASH_TYPE,TRAFFICWAY_TYPE,TRAFFIC_CONTROL_DEVICE,PRIM_CONTRIBUTORY_CAUSE,SEC_CONTRIBUTORY_CAUSE,INJURIES_FATAL,INJURIES_INCAPACITATING,INJURIES_NON_INCAPACITATING,INJURIES_TOTAL,CRASH_HOUR,CRASH_DAY_OF_WEEK,CRASH_MONTH,BEAT_OF_OCCURRENCE,STREET_NAME,LATITUDE,LONGITUDE,DATE_POLICE_NOTIFIED,year
CR00038024,03/23/2015 03:03:00 PM,35,CLEAR,DARKNESS,TURNING,DIVIDED - W/MEDIAN (NOT RAISED),NO CONTROLS,WEATHER,FOLLOWING TOO CLOSELY,0,0,0,0,15,2,3,2298,HALSTED ST,41.773127,-87.631679,03/23/2015 04:29:00 PM,2015
CR00038025,04/05/2023 05:11:00 PM,30,CLEAR,DARKNESS - LIGHTED ROAD,SIDESWIPE SAME DIRECTION,DIVIDED - W/MEDIAN (NOT RAISED),TRAFFIC SIGNAL,IMPROPER LANE USAGE,DISTRACTION - FROM INSIDE VEHICLE,0,0,0,0,17,4,4,497,ELSTON AVE,41.916663,-87.801428,04/05/2023 06:59:00 PM,2023
CR00038026,04/07/2024 03:04:00 PM,30,CLEAR,DAYLIGHT,REAR END,T-INTERSECTION,STOP SIGN/FLASHER,UNABLE TO DETERMINE,NOT APPLICABLE,0,0,0,0,15,1,4,2278,CLARK ST,41.982729,-87.502382,04/07/2024 04:18:00 PM,2024
CR00038027,11/26/2024 04:00:00 PM,40,CLEAR,DARKNESS - LIGHTED ROAD,PARKED MOTOR VEHICLE,NOT DIVIDED,TRAFFIC SIGNAL,DISREGARDING TRAFFIC SIGNALS,UNABLE TO DETERMINE,0,0,0,0,16,3,11,816,OGDEN AVE,41.869461,-87.822778,11/26/2024 04:41:00 PM,2024
CR00038028,08/12/2015 04:46:00 AM,30,CLEAR,DAYLIGHT,FIXED OBJECT,NOT DIVIDED,PEDESTRIAN CROSSING SIGN,FAILING TO YIELD RIGHT-OF-WAY,IMPROPER LANE USAGE,0,0,0,0,4,4,8,858,ROOSEVELT RD,41.849423,-87.5767,08/12/2015 05:17:00 AM,2015
CR00038029,04/23/2024 09:40:00 AM,35,CLEAR,DAYLIGHT,PARKED MOTOR VEHICLE,FOUR WAY,NO CONTROLS,FOLLOWING TOO CLOSELY,FOLLOWING TOO CLOSELY,0,0,0,0,9,3,4,1268,47TH ST,41.987446,-87.638679,04/23/2024 10:05:00 AM,2024
CR00038030,08/07/2024 11:28:00 AM,45,RAIN,DARKNESS - LIGHTED ROAD,REAR END,ONE-WAY,STOP SIGN/FLASHER,FAILING TO YIELD RIGHT-OF-WAY,FAILING TO REDUCE SPEED,0,0,0,0,11,4,8,1896,STATE ST,41.870438,-87.837105,08/07/2024 11:50:00 AM,2024
CR00038031,01/19/2023 07:19:00 AM,25,CLEAR,DAYLIGHT,PEDESTRIAN,NOT DIVIDED,UNKNOWN,DISREGARDING TRAFFIC SIGNALS,FAILING TO YIELD RIGHT-OF-WAY,0,1,0,1,7,5,1,700,WESTERN AVE,41.773167,-87.539645,01/19/2023 08:41:00 AM,2023
CR00038032,04/30/2024 11:30:00 AM,35,RAIN,DAYLIGHT,ANGLE,NOT DIVIDED,TRAFFIC SIGNAL,FAILING TO YIELD RIGHT-OF-WAY,UNABLE TO DETERMINE,0,0,0,0,11,3,4,844,WESTERN AVE,41.813324,-87.68985,04/30/2024 12:01:00 PM,2024
CR00038033,06/24/2019 03:01:00 PM,20,CLOUDY/OVERCAST,DAYLIGHT,PEDESTRIAN,DIVIDED - W/MEDIAN (NOT RAISED),NO CONTROLS,FAILING TO REDUCE SPEED,UNABLE TO DETERMINE,0,0,0,0,15,2,6,1712,PULASKI RD,41.971806,-87.728272,06/24/2019 04:40:00 PM,2019
CR00038034,05/13/2017 06:50:00 PM,15,CLEAR,DARKNESS - LIGHTED ROAD,FIXED OBJECT,NOT DIVIDED,NO CONTROLS,FAILING TO YIELD RIGHT-OF-WAY,DISREGARDING TRAFFIC SIGNALS,0,0,0,0,18,7,5,1516,STATE ST,41.83375,-87.58982,05/13/2017 08:18:00 PM,2017
CR00038035,07/26/2017 02:16:00 PM,25,RAIN,DAYLIGHT,TURNING,NOT DIVIDED,NO CONTROLS,UNABLE TO DETERMINE,IMPROPER OVERTAKING/PASSING,0,0,0,0,14,4,7,1863,ASHLAND AVE,41.704678,-87.727345,07/26/2017 03:30:00 PM,2017
CR00038036,11/16/2015 04:23:00 PM,35,SNOW,DUSK,PEDESTRIAN,DIVIDED - W/MEDIAN BARRIER,NO CONTROLS,UNABLE TO DETERMINE,WEATHER,0,0,0,0,16,2,11,2137,WESTERN AVE,41.756868,-87.707925,11/16/2015 04:34:00 PM,2015
CR00038037,09/17/2021 09:42:00 AM,40,CLEAR,DAYLIGHT,FIXED OBJECT,FOUR WAY,NO CONTROLS,DISREGARDING TRAFFIC SIGNALS,DISTRACTION - FROM INSIDE VEHICLE,0,0,0,0,9,6,9,2534,LAKE SHORE DR,41.971594,-87.515469,09/17/2021 10:45:00 AM,2021
CR00038038,02/09/2020 08:11:00 PM,25,CLEAR,DAYLIGHT,REAR END,DIVIDED - W/MEDIAN (NOT RAISED),NO CONTROLS,DISTRACTION - FROM INSIDE VEHICLE,FAILING TO REDUCE SPEED,0,0,1,1,20,1,2,150,ROOSEVELT RD,41.833394,-87.552608,02/09/2020 08:43:00 PM,2020
CR00038039,03/04/2018 08:28:00 AM,45,CLEAR,DAYLIGHT,FIXED OBJECT,NOT DIVIDED,STOP SIGN/FLASHER,FOLLOWING TOO CLOSELY,IMPROPER OVERTAKING/PASSING,0,0,0,0,8,1,3,952,PULASKI RD,41.90936,-87.830883,03/04/2018 10:13:00 AM,2018
CR00038040,09/15/2021 08:42:00 AM,30,RAIN,DAYLIGHT,REAR END,DIVIDED - W/MEDIAN BARRIER,NO CONTROLS,DISTRACTION - FROM INSIDE VEHICLE,IMPROPER OVERTAKING/PASSING,0,0,0,0,8,4,9,332,MILWAUKEE AVE,41.971906,-87.568773,09/15/2021 10:42:00 AM,2021
CR00038041,06/21/2024 04:13:00 AM,15,CLEAR,DAYLIGHT,REAR END,DIVIDED - W/MEDIAN (NOT RAISED),NO CONTROLS,IMPROPER OVERTAKING/PASSING,UNABLE TO DETERMINE,0,0,3,3,4,6,6,1238,ROOSEVELT RD,41.921129,-87.617432,06/21/2024 06:09:00 AM,2024
CR00038042,06/21/2017 02:22:00 AM,45,CLEAR,DUSK,ANGLE,ONE-WAY,TRAFFIC SIGNAL,UNABLE TO DETERMINE,NOT APPLICABLE,0,0,3,3,2,4,6,1008,63RD ST,41.865443,-87.556552,06/21/2017 03:05:00 AM,2017
CR00038043,11/18/2021 04:09:00 PM,40,CLEAR,DAYLIGHT,TURNING,DIVIDED - W/MEDIAN BARRIER,STOP SIGN/FLASHER,FAILING TO REDUCE SPEED,FOLLOWING TOO CLOSELY,0,0,0,0,16,5,11,2068,IRVING PARK RD,41.772526,-87.576232,11/18/2021 04:23:00 PM,2021
CR00038044,07/10/2024 10:39:00 AM,30,CLEAR,DARKNESS - LIGHTED ROAD,ANGLE,DIVIDED - W/MEDIAN BARRIER,TRAFFIC SIGNAL,FAILING TO YIELD RIGHT-OF-WAY,NOT APPLICABLE,0,0,1,1,10,4,7,1193,KEDZIE AVE,41.887803,-87.844854,07/10/2024 10:47:00 AM,2024
CR00038045,03/03/2019 04:53:00 PM,20,CLEAR,DARKNESS - LIGHTED ROAD,SIDESWIPE SAME DIRECTION,NOT DIVIDED,TRAFFIC SIGNAL,UNABLE TO DETERMINE,DISTRACTION - FROM INSIDE VEHICLE,0,0,0,0,16,1,3,119,DAMEN AVE,41.952416,-87.827864,03/03/2019 05:22:00 PM,2019
CR00038046,07/20/2022 11:12:00 AM,35,CLEAR,DARKNESS - LIGHTED ROAD,SIDESWIPE SAME DIRECTION,DIVIDED - W/MEDIAN (NOT RAISED),TRAFFIC SIGNAL,FAILING TO REDUCE SPEED,FOLLOWING TOO CLOSELY,0,0,0,0,11,4,7,2119,OGDEN AVE,41.789814,-87.598529,07/20/2022 11:27:00 AM,2022
CR00038047,10/30/2018 07:39:00 AM,20,CLEAR,DAYLIGHT,PARKED MOTOR VEHICLE,NOT DIVIDED,STOP SIGN/FLASHER,WEATHER,IMPROPER OVERTAKING/PASSING,0,0,3,3,7,3,10,1305,IRVING PARK RD,41.739951,-87.613006,10/30/2018 08:45:00 AM,2018
CR00038048,04/21/2024 01:31:00 AM,35,FREEZING RAIN/DRIZZLE,DAYLIGHT,REAR END,FOUR WAY,NO CONTROLS,UNABLE TO DETERMINE,UNABLE TO DETERMINE,0,0,0,0,1,1,4,2015,ARCHER AVE,41.890191,-87.588672,04/21/2024 01:40:00 AM,2024
CR00038049,04/30/2018 11:22:00 PM,30,RAIN,DAYLIGHT,ANGLE,NOT DIVIDED,NO CONTROLS,UNABLE TO DETERMINE,DISREGARDING TRAFFIC SIGNALS,0,0,1,1,23,2,4,1641,63RD ST,41.773106,-87.698729,05/01/2018 12:23:00 AM,2018
CR00038050,03/20/2021 11:04:00 AM,20,FOG/SMOKE/HAZE,DAYLIGHT,REAR END,NOT DIVIDED,PEDESTRIAN CROSSING SIGN,WEATHER,NOT APPLICABLE,0,0,0,0,11,7,3,1013,HALSTED ST,41.934303,-87.596002,03/20/2021 12:19:00 PM,2021
CR00038051,01/25/2017 01:39:00 AM,35,RAIN,DARKNESS - LIGHTED ROAD,REAR END,DIVIDED - W/MEDIAN (NOT RAISED),STOP SIGN/FLASHER,FOLLOWING TOO CLOSELY,FAILING TO REDUCE SPEED,0,0,0,0,1,4,1,211,MICHIGAN AVE,41.901143,-87.542744,01/25/2017 03:04:00 AM,2017
CR00038052,01/22/2016 06:11:00 PM,30,CLEAR,DARKNESS,TURNING,NOT DIVIDED,NO CONTROLS,DISTRACTION - FROM INSIDE VEHICLE,DISREGARDING TRAFFIC SIGNALS,0,0,2,2,18,6,1,2127,OGDEN AVE,41.846596,-87.845881,01/22/2016 08:07:00 PM,2016
CR00038053,08/02/2016 05:11:00 PM,45,CLEAR,DARKNESS,PARKED MOTOR VEHICLE,ONE-WAY,STOP SIGN/FLASHER,FAILING TO YIELD RIGHT-OF-WAY,NOT APPLICABLE,0,0,0,0,17,3,8,2264,BROADWAY,41.821993,-87.542489,08/02/2016 06:36:00 PM,2016
CR00038054,01/11/2022 04:13:00 PM,25,CLEAR,DARKNESS - LIGHTED ROAD,REAR END,NOT DIVIDED,TRAFFIC SIGNAL,UNABLE TO DETERMINE,UNABLE TO DETERMINE,0,0,0,0,16,3,1,569,HALSTED ST,41.873997,-87.534942,01/11/2022 05:36:00 PM,2022
CR00038055,11/04/2024 07:08:00 AM,30,CLEAR,DAYLIGHT,PARKED MOTOR VEHICLE,NOT DIVIDED,NO CONTROLS,IMPROPER OVERTAKING/PASSING,IMPROPER LANE USAGE,0,0,0,0,7,2,11,2068,47TH ST,41.963642,-87.761291,11/04/2024 08:12:00 AM,2024
CR00038056,11/11/2017 08:04:00 AM,45,RAIN,DARKNESS - LIGHTED ROAD,TURNING,ONE-WAY,TRAFFIC SIGNAL,DRIVING SKILLS/KNOWLEDGE/EXPERIENCE,FAILING TO REDUCE SPEED,0,0,0,0,8,7,11,507,WESTERN AVE,41.844741,-87.719326,11/11/2017 09:18:00 AM,2017
CR00038057,07/10/2022 06:39:00 PM,35,CLEAR,DAYLIGHT,TURNING,NOT DIVIDED,NO CONTROLS,FAILING TO YIELD RIGHT-OF-WAY,UNABLE TO DETERMINE,0,0,0,0,18,1,7,2206,OGDEN AVE,41.715162,-87.776606,07/10/2022 08:34:00 PM,2022
CR00038058,11/14/2017 07:11:00 PM,35,CLEAR,DUSK,PEDESTRIAN,NOT DIVIDED,TRAFFIC SIGNAL,IMPROPER LANE USAGE,NOT APPLICABLE,0,0,1,1,19,3,11,1070,47TH ST,41.946854,-87.633385,11/14/2017 07:32:00 PM,2017
CR00038059,08/31/2023 08:16:00 AM,35,CLEAR,DAYLIGHT,ANGLE,ONE-WAY,NO CONTROLS,DISTRACTION - FROM INSIDE VEHICLE,UNABLE TO DETERMINE,0,0,0,0,8,5,8,423,47TH ST,41.878001,-87.7028,08/31/2023 09:44:00 AM,2023
CR00038060,05/24/2017 09:48:00 AM,35,CLEAR,DAYLIGHT,REAR END,NOT DIVIDED,PEDESTRIAN CROSSING SIGN,FOLLOWING TOO CLOSELY,NOT APPLICABLE,0,0,0,0,9,4,5,1402,79TH ST,41.962663,-87.844231,05/24/2017 10:19:00 AM,2017
CR00038061,06/11/2021 06:56:00 PM,35,CLEAR,DAYLIGHT,REAR END,DIVIDED - W/MEDIAN BARRIER,STOP SIGN/FLASHER,DRIVING SKILLS/KNOWLEDGE/EXPERIENCE,DISREGARDING TRAFFIC SIGNALS,0,0,0,0,18,6,6,891,STONY ISLAND AVE,41.727782,-87.789446,06/11/2021 07:23:00 PM,2021
CR00038062,06/07/2022 07:34:00 AM,35,CLEAR,DAYLIGHT,REAR END,ONE-WAY,NO CONTROLS,UNABLE TO DETERMINE,IMPROPER OVERTAKING/PASSING,0,0,0,0,7,3,6,2022,ARCHER AVE,41.979983,-87.652934,06/07/2022 09:18:00 AM,2022
CR00038063,02/07/2020 03:35:00 PM,25,CLEAR,DAYLIGHT,REAR TO FRONT,DIVIDED - W/MEDIAN BARRIER,TRAFFIC SIGNAL,FAILING TO YIELD RIGHT-OF-WAY,DISREGARDING TRAFFIC SIGNALS,0,0,0,0,15,6,2,1941,ARCHER AVE,41.907894,-87.578726,02/07/2020 05:33:00 PM,2020
CR00038064,12/06/2023 08:25:00 PM,15,RAIN,DAYLIGHT,ANGLE,DIVIDED - W/MEDIAN (NOT RAISED),YIELD,UNABLE TO DETERMINE,UNABLE TO DETERMINE,0,0,0,0,20,4,12,2314,ROOSEVELT RD,41.764161,-87.670576,12/06/2023 08:59:00 PM,2023
CR00038065,01/14/2017 04:59:00 PM,30,FREEZING RAIN/DRIZZLE,DARKNESS - LIGHTED ROAD,ANGLE,NOT DIVIDED,TRAFFIC SIGNAL,DISREGARDING TRAFFIC SIGNALS,DRIVING SKILLS/KNOWLEDGE/EXPERIENCE,0,0,0,0,16,7,1,2451,CALIFORNIA AVE,41.971538,-87.503419,01/14/2017 05:09:00 PM,2017
CR00038066,05/18/2015 03:15:00 PM,25,CLEAR,DAYLIGHT,ANGLE,DIVIDED - W/MEDIAN BARRIER,NO CONTROLS,DISTRACTION - FROM INSIDE VEHICLE,UNABLE TO DETERMINE,0,0,0,0,15,2,5,1009,ELSTON AVE,41.960415,-87.598665,05/18/2015 04:05:00 PM,2015
CR00038067,07/17/2016 01:17:00 PM,45,CLEAR,DAYLIGHT,REAR END,NOT DIVIDED,NO CONTROLS,IMPROPER OVERTAKING/PASSING,UNABLE TO DETERMINE,0,0,0,0,13,1,7,2194,ELSTON AVE,41.776489,-87.811339,07/17/2016 02:37:00 PM,2016
CR00038068,12/14/2018 03:23:00 PM,25,CLEAR,DAYLIGHT,TURNING,DIVIDED - W/MEDIAN (NOT RAISED),UNKNOWN,FOLLOWING TOO CLOSELY,UNABLE TO DETERMINE,0,0,0,0,15,6,12,1152,MILWAUKEE AVE,41.912447,-87.566862,12/14/2018 03:45:00 PM,2018
CR00038069,05/22/2023 07:36:00 PM,40,CLEAR,DAYLIGHT,REAR TO FRONT,ONE-WAY,UNKNOWN,DISREGARDING TRAFFIC SIGNALS,FOLLOWING TOO CLOSELY,0,0,0,0,19,2,5,417,OGDEN AVE,41.704219,-87.815959,05/22/2023 09:26:00 PM,2023
CR00038070,09/04/2016 07:26:00 AM,30,CLEAR,DARKNESS - LIGHTED ROAD,TURNING,NOT DIVIDED,TRAFFIC SIGNAL,FAILING TO YIELD RIGHT-OF-WAY,UNABLE TO DETERMINE,0,0,0,0,7,1,9,170,CALIFORNIA AVE,41.862108,-87.79244,09/04/2016 08:44:00 AM,2016
CR00038071,01/20/2018 11:31:00 AM,15,CLEAR,DAYLIGHT,TURNING,DIVIDED - W/MEDIAN BARRIER,STOP SIGN/FLASHER,FAILING TO YIELD RIGHT-OF-WAY,FAILING TO YIELD RIGHT-OF-WAY,0,0,0,0,11,7,1,1577,LAKE SHORE DR,41.72822,-87.707969,01/20/2018 12:19:00 PM,2018
CR00038072,05/18/2016 07:07:00 AM,15,CLEAR,DAYLIGHT,REAR END,ONE-WAY,STOP SIGN/FLASHER,IMPROPER LANE USAGE,NOT APPLICABLE,0,0,0,0,7,4,5,1055,CLARK ST,41.964896,-87.627453,05/18/2016 08:03:00 AM,2016
CR00038073,11/12/2017 12:07:00 AM,40,CLEAR,DAYLIGHT,PEDESTRIAN,DIVIDED - W/MEDIAN (NOT RAISED),STOP SIGN/FLASHER,DISTRACTION - FROM INSIDE VEHICLE,UNABLE TO DETERMINE,0,0,0,0,0,1,11,356,STONY ISLAND AVE,41.932787,-87.652521,11/12/2017 01:45:00 AM,2017
CR00038074,11/02/2022 02:59:00 PM,35,CLEAR,DAYLIGHT,REAR END,NOT DIVIDED,NO CONTROLS,UNABLE TO DETERMINE,UNABLE TO DETERMINE,0,0,0,0,14,4,11,963,OGDEN AVE,41.8895,-87.68393,11/02/2022 03:47:00 PM,2022
CR00038075,04/02/2022 12:44:00 PM,35,CLEAR,DARKNESS - LIGHTED ROAD,FIXED OBJECT,DIVIDED - W/MEDIAN (NOT RAISED),NO CONTROLS,DISREGARDING TRAFFIC SIGNALS,FAILING TO REDUCE SPEED,0,0,1,1,12,7,4,226,CALIFORNIA AVE,41.879459,-87.534848,04/02/2022 01:44:00 PM,2022
CR00038076,11/24/2020 05:40:00 PM,30,FOG/SMOKE/HAZE,DARKNESS - LIGHTED ROAD,PARKED MOTOR VEHICLE,NOT DIVIDED,NO CONTROLS,FAILING TO YIELD RIGHT-OF-WAY,UNABLE TO DETERMINE,0,0,0,0,17,3,11,868,KEDZIE AVE,41.716643,-87.82002,11/24/2020 06:50:00 PM,2020
CR00038077,07/11/2020 06:26:00 AM,30,CLEAR,DAYLIGHT,ANGLE,DIVIDED - W/MEDIAN (NOT RAISED),STOP SIGN/FLASHER,DRIVING SKILLS/KNOWLEDGE/EXPERIENCE,UNABLE TO DETERMINE,0,0,0,0,6,7,7,1764,47TH ST,41.761186,-87.57911,07/11/2020 07:34:00 AM,2020
CR00038078,08/21/2020 04:10:00 PM,30,CLEAR,DAYLIGHT,TURNING,NOT DIVIDED,TRAFFIC SIGNAL,FAILING TO REDUCE SPEED,FOLLOWING TOO CLOSELY,0,0,0,0,16,6,8,1390,47TH ST,41.840202,-87.692643,08/21/2020 05:45:00 PM,2020
CR00038079,05/29/2018 07:07:00 PM,15,CLEAR,DARKNESS,PEDESTRIAN,NOT DIVIDED,NO CONTROLS,DISREGARDING TRAFFIC SIGNALS,FAILING TO REDUCE SPEED,0,0,0,0,19,3,5,1836,PULASKI RD,41.937243,-87.657489,05/29/2018 08:18:00 PM,2018
CR00038080,07/20/2022 08:15:00 AM,30,CLEAR,DARKNESS - LIGHTED ROAD,ANGLE,FOUR WAY,NO CONTROLS,UNABLE TO DETERMINE,FOLLOWING TOO CLOSELY,0,0,0,0,8,4,7,1096,FULLERTON AVE,41.75897,-87.764686,07/20/2022 10:15:00 AM,2022
CR00038081,06/27/2020 05:42:00 PM,40,FREEZING RAIN/DRIZZLE,DARKNESS - LIGHTED ROAD,REAR END,NOT DIVIDED,NO CONTROLS,FOLLOWING TOO CLOSELY,IMPROPER LANE USAGE,0,0,0,0,17,7,6,1283,FULLERTON AVE,41.873811,-87.663744,06/27/2020 07:36:00 PM,2020
CR00038082,07/17/2024 07:24:00 PM,35,CLEAR,DARKNESS - LIGHTED ROAD,PARKED MOTOR VEHICLE,NOT DIVIDED,UNKNOWN,UNABLE TO DETERMINE,NOT APPLICABLE,0,0,0,0,19,4,7,1684,BROADWAY,41.912778,-87.641485,07/17/2024 07:44:00 PM,2024
CR00038083,08/12/2017 08:20:00 PM,35,CLEAR,DARKNESS - LIGHTED ROAD,SIDESWIPE SAME DIRECTION,DIVIDED - W/MEDIAN (NOT RAISED),UNKNOWN,FOLLOWING TOO CLOSELY,IMPROPER LANE USAGE,0,0,1,1,20,7,8,382,CLARK ST,41.931453,-87.623674,08/12/2017 08:47:00 PM,2017
CR00038084,12/12/2019 02:12:00 PM,20,CLEAR,DAYLIGHT,REAR TO FRONT,ONE-WAY,NO CONTROLS,UNABLE TO DETERMINE,DRIVING SKILLS/KNOWLEDGE/EXPERIENCE,0,0,0,0,14,5,12,1594,CALIFORNIA AVE,41.785316,-87.620855,12/12/2019 02:43:00 PM,2019
CR00038085,10/10/2021 09:52:00 AM,30,CLEAR,DARKNESS,SIDESWIPE SAME DIRECTION,NOT DIVIDED,TRAFFIC SIGNAL,DISTRACTION - FROM INSIDE VEHICLE,NOT APPLICABLE,0,0,0,0,9,1,10,1957,IRVING PARK RD,41.994417,-87.777239,10/10/2021 10:36:00 AM,2021
CR00038086,09/01/2023 03:21:00 PM,30,CLEAR,DAYLIGHT,ANGLE,DIVIDED - W/MEDIAN (NOT RAISED),TRAFFIC SIGNAL,UNABLE TO DETERMINE,NOT APPLICABLE,0,0,0,0,15,6,9,1326,CLARK ST,41.945879,-87.708045,09/01/2023 04:41:00 PM,2023
CR00038087,04/04/2024 06:19:00 AM,35,CLEAR,DAYLIGHT,PARKED MOTOR VEHICLE,ONE-WAY,STOP SIGN/FLASHER,IMPROPER OVERTAKING/PASSING,FAILING TO YIELD RIGHT-OF-WAY,0,0,3,3,6,5,4,1395,FULLERTON AVE,41.900518,-87.681168,04/04/2024 06:35:00 AM,2024
CR00038088,09/21/2017 12:53:00 AM,30,RAIN,DARKNESS - LIGHTED ROAD,FIXED OBJECT,DIVIDED - W/MEDIAN BARRIER,TRAFFIC SIGNAL,UNABLE TO DETERMINE,UNABLE TO DETERMINE,0,0,0,0,0,5,9,2456,STONY ISLAND AVE,41.806656,-87.505697,09/21/2017 02:44:00 AM,2017
CR00038089,04/15/2016 02:05:00 PM,45,RAIN,DAYLIGHT,REAR END,DIVIDED - W/MEDIAN (NOT RAISED),STOP SIGN/FLASHER,UNABLE TO DETERMINE,FOLLOWING TOO CLOSELY,0,0,0,0,14,6,4,464,MILWAUKEE AVE,41.831135,-87.76561,04/15/2016 02:40:00 PM,2016
CR00038090,07/23/2017 12:04:00 PM,35,FREEZING RAIN/DRIZZLE,DARKNESS - LIGHTED ROAD,SIDESWIPE SAME DIRECTION,FOUR WAY,STOP SIGN/FLASHER,UNABLE TO DETERMINE,IMPROPER OVERTAKING/PASSING,0,0,0,0,12,1,7,2265,CALIFORNIA AVE,41.791383,-87.644134,07/23/2017 01:27:00 PM,2017
CR00038091,12/06/2017 12:25:00 PM,40,CLEAR,DAWN,REAR TO FRONT,NOT DIVIDED,STOP SIGN/FLASHER,UNABLE TO DETERMINE,DISTRACTION - FROM INSIDE VEHICLE,0,0,1,1,12,4,12,2404,PULASKI RD,41.771407,-87.784507,12/06/2017 12:29:00 PM,2017
CR00038092,05/18/2016 08:14:00 AM,35,CLEAR,DARKNESS,TURNING,NOT DIVIDED,TRAFFIC SIGNAL,FAILING TO YIELD RIGHT-OF-WAY,DRIVING SKILLS/KNOWLEDGE/EXPERIENCE,0,0,0,0,8,4,5,2279,MILWAUKEE AVE,41.934328,-87.820275,05/18/2016 09:54:00 AM,2016
CR00038093,03/20/2016 04:25:00 PM,25,CLEAR,DAYLIGHT,REAR END,DIVIDED - W/MEDIAN BARRIER,NO CONTROLS,UNABLE TO DETERMINE,WEATHER,0,0,0,0,16,1,3,2007,ROOSEVELT RD,41.775867,-87.610872,03/20/2016 04:43:00 PM,2016
CR00038094,08/30/2023 05:47:00 PM,35,CLEAR,DAYLIGHT,REAR END,ONE-WAY,NO CONTROLS,UNABLE TO DETERMINE,NOT APPLICABLE,0,0,0,0,17,4,8,2038,63RD ST,41.887954,-87.741678,08/30/2023 07:42:00 PM,2023
CR00038095,03/16/2017 02:26:00 AM,30,CLEAR,DARKNESS,SIDESWIPE SAME DIRECTION,ONE-WAY,UNKNOWN,IMPROPER OVERTAKING/PASSING,NOT APPLICABLE,0,0,0,0,2,5,3,886,CLARK ST,41.856422,-87.620142,03/16/2017 04:09:00 AM,2017
CR00038096,12/10/2019 11:18:00 AM,20,CLEAR,DARKNESS - LIGHTED ROAD,PARKED MOTOR VEHICLE,DIVIDED - W/MEDIAN (NOT RAISED),NO CONTROLS,UNABLE TO DETERMINE,NOT APPLICABLE,0,0,0,0,11,3,12,889,ELSTON AVE,41.700069,-87.570528,12/10/2019 12:47:00 PM,2019
CR00038097,09/29/2018 07:03:00 AM,15,CLEAR,DUSK,REAR TO FRONT,NOT DIVIDED,NO CONTROLS,FAILING TO YIELD RIGHT-OF-WAY,FAILING TO YIELD RIGHT-OF-WAY,0,0,0,0,7,7,9,176,HALSTED ST,41.84258,-87.762161,09/29/2018 07:10:00 AM,2018
CR00038098,03/29/2024 03:55:00 PM,15,CLEAR,DAYLIGHT,REAR END,NOT DIVIDED,YIELD,FAILING TO YIELD RIGHT-OF-WAY,NOT APPLICABLE,0,0,0,0,15,6,3,343,FULLERTON AVE,41.700003,-87.632804,03/29/2024 04:44:00 PM,2024
CR00038099,07/10/2015 10:35:00 PM,25,CLEAR,DARKNESS,ANGLE,DIVIDED - W/MEDIAN (NOT RAISED),TRAFFIC SIGNAL,UNABLE TO DETERMINE,DRIVING SKILLS/KNOWLEDGE/EXPERIENCE,0,0,1,1,22,6,7,416,STATE ST,41.934191,-87.763856,07/11/2015 12:04:00 AM,2015
CR00038100,08/25/2017 04:48:00 AM,40,CLEAR,DARKNESS - LIGHTED ROAD,PARKED MOTOR VEHICLE,NOT DIVIDED,NO CONTROLS,DRIVING SKILLS/KNOWLEDGE/EXPERIENCE,UNABLE TO DETERMINE,0,0,0,0,4,6,8,740,CALIFORNIA AVE,41.845778,-87.722299,08/25/2017 04:59:00 AM,2017
CR00038101,01/17/2017 05:29:00 AM,30,CLEAR,DAYLIGHT,SIDESWIPE SAME DIRECTION,DIVIDED - W/MEDIAN (NOT RAISED),NO CONTROLS,UNABLE TO DETERMINE,FOLLOWING TOO CLOSELY,0,0,0,0,5,3,1,620,ROOSEVELT RD,41.841419,-87.615529,01/17/2017 06:37:00 AM,2017
CR00038102,08/23/2018 07:19:00 PM,25,CLEAR,DARKNESS - LIGHTED ROAD,TURNING,DIVIDED - W/MEDIAN (NOT RAISED),TRAFFIC SIGNAL,FOLLOWING TOO CLOSELY,UNABLE TO DETERMINE,0,0,2,2,19,5,8,101,DAMEN AVE,41.80176,-87.616383,08/23/2018 07:26:00 PM,2018
CR00038103,09/26/2020 07:38:00 PM,30,CLEAR,DAWN,REAR END,T-INTERSECTION,NO CONTROLS,FOLLOWING TOO CLOSELY,FAILING TO YIELD RIGHT-OF-WAY,0,0,0,0,19,7,9,563,WESTERN AVE,41.900333,-87.671671,09/26/2020 09:27:00 PM,2020
CR00038104,11/16/2019 03:48:00 PM,25,SNOW,DAYLIGHT,SIDESWIPE SAME DIRECTION,DIVIDED - W/MEDIAN (NOT RAISED),NO CONTROLS,IMPROPER OVERTAKING/PASSING,IMPROPER LANE USAGE,0,0,0,0,15,7,11,1240,79TH ST,41.785558,-87.73096,11/16/2019 05:40:00 PM,2019
CR00038105,09/10/2016 12:19:00 PM,30,RAIN,DAYLIGHT,REAR END,DIVIDED - W/MEDIAN (NOT RAISED),NO CONTROLS,FAILING TO REDUCE SPEED,IMPROPER LANE USAGE,0,0,0,0,12,7,9,1012,BROADWAY,41.885175,-87.675424,09/10/2016 01:34:00 PM,2016