CRASH_RECORD_ID,CRASH_DATE,POSTED_SPEED_LIMIT,WEATHER_CONDITION,LIGHTING_CONDITION,FIRST_CRASH_TYPE,TRAFFICWAY_TYPE,TRAFFIC_CONTROL_DEVICE,PRIM_CONTRIBUTORY_CAUSE,SEC_CONTRIBUTORY_CAUSE,INJURIES_FATAL,INJURIES_INCAPACITATING,INJURIES_NON_INCAPACITATING,INJURIES_TOTAL,CRASH_HOUR,CRASH_DAY_OF_WEEK,CRASH_MONTH,BEAT_OF_OCCURRENCE,STREET_NAME,LATITUDE,LONGITUDE,DATE_POLICE_NOTIFIED,year
CR00038106,05/27/2022 05:07:00 PM,45,CLEAR,DAYLIGHT,TURNING,FOUR WAY,NO CONTROLS,FOLLOWING TOO CLOSELY,FOLLOWING TOO CLOSELY,0,0,0,0,17,6,5,512,DAMEN AVE,41.766692,-87.766748,05/27/2022 05:58:00 PM,2022
CR00038107,04/21/2024 08:10:00 PM,45,CLEAR,DAYLIGHT,SIDESWIPE SAME DIRECTION,T-INTERSECTION,NO CONTROLS,FAILING TO YIELD RIGHT-OF-WAY,DRIVING SKILLS/KNOWLEDGE/EXPERIENCE,0,2,1,3,20,1,4,1601,STATE ST,41.978808,-87.508929,04/21/2024 08:51:00 PM,2024
CR00038108,08/11/2019 07:14:00 AM,20,CLEAR,DARKNESS - LIGHTED ROAD,SIDESWIPE SAME DIRECTION,NOT DIVIDED,STOP SIGN/FLASHER,FOLLOWING TOO CLOSELY,FAILING TO YIELD RIGHT-OF-WAY,0,0,0,0,7,1,8,875,STONY ISLAND AVE,41.741141,-87.805241,08/11/2019 07:17:00 AM,2019
CR00038109,12/30/2022 07:39:00 PM,40,CLEAR,DARKNESS - LIGHTED ROAD,REAR END,ONE-WAY,UNKNOWN,IMPROPER LANE USAGE,FAILING TO YIELD RIGHT-OF-WAY,0,0,0,0,19,6,12,697,STONY ISLAND AVE,41.765839,-87.710706,12/30/2022 08:28:00 PM,2022
CR00038110,06/12/2024 12:46:00 PM,25,CLEAR,DARKNESS - LIGHTED ROAD,PARKED MOTOR VEHICLE,ONE-WAY,STOP SIGN/FLASHER,IMPROPER OVERTAKING/PASSING,UNABLE TO DETERMINE,0,0,0,0,12,4,6,336,47TH ST,41.74985,-87.685352,06/12/2024 02:18:00 PM,2024
CR00038111,01/20/2022 06:25:00 PM,20,CLEAR,DAYLIGHT,PEDESTRIAN,NOT DIVIDED,NO CONTROLS,IMPROPER LANE USAGE,FOLLOWING TOO CLOSELY,0,0,0,0,18,5,1,711,STONY ISLAND AVE,41.743298,-87.597348,01/20/2022 06:46:00 PM,2022
CR00038112,07/01/2016 07:27:00 AM,25,CLOUDY/OVERCAST,DAYLIGHT,REAR END,DIVIDED - W/MEDIAN (NOT RAISED),TRAFFIC SIGNAL,FAILING TO YIELD RIGHT-OF-WAY,NOT APPLICABLE,0,0,1,1,7,6,7,1196,ASHLAND AVE,41.796008,-87.822984,07/01/2016 08:54:00 AM,2016
CR00038113,09/06/2018 01:19:00 PM,40,CLEAR,DAYLIGHT,SIDESWIPE SAME DIRECTION,NOT DIVIDED,STOP SIGN/FLASHER,FOLLOWING TOO CLOSELY,FOLLOWING TOO CLOSELY,0,0,0,0,13,5,9,307,ELSTON AVE,41.969241,-87.808194,09/06/2018 02:19:00 PM,2018
CR00038114,05/14/2016 09:42:00 AM,30,CLEAR,DAYLIGHT,SIDESWIPE SAME DIRECTION,DIVIDED - W/MEDIAN (NOT RAISED),UNKNOWN,FAILING TO YIELD RIGHT-OF-WAY,UNABLE TO DETERMINE,0,0,0,0,9,7,5,759,MICHIGAN AVE,41.910169,-87.644837,05/14/2016 11:07:00 AM,2016
CR00038115,12/11/2023 07:07:00 PM,30,CLEAR,DARKNESS,TURNING,DIVIDED - W/MEDIAN (NOT RAISED),STOP SIGN/FLASHER,WEATHER,UNABLE TO DETERMINE,0,0,0,0,19,2,12,1866,CICERO AVE,41.801302,-87.848473,12/11/2023 08:12:00 PM,2023
CR00038116,11/11/2023 01:50:00 PM,45,SNOW,DUSK,REAR END,DIVIDED - W/MEDIAN (NOT RAISED),STOP SIGN/FLASHER,DISTRACTION - FROM INSIDE VEHICLE,FAILING TO YIELD RIGHT-OF-WAY,0,0,0,0,13,7,11,1040,79TH ST,41.81901,-87.546299,11/11/2023 02:56:00 PM,2023
CR00038117,03/17/2015 10:52:00 PM,35,CLEAR,DAYLIGHT,SIDESWIPE SAME DIRECTION,FOUR WAY,TRAFFIC SIGNAL,UNABLE TO DETERMINE,NOT APPLICABLE,0,0,0,0,22,3,3,1363,WESTERN AVE,41.871701,-87.785045,03/18/2015 12:20:00 AM,2015
CR00038118,01/21/2018 06:08:00 PM,30,FREEZING RAIN/DRIZZLE,DAYLIGHT,FIXED OBJECT,ONE-WAY,NO CONTROLS,IMPROPER OVERTAKING/PASSING,NOT APPLICABLE,0,0,0,0,18,1,1,1107,MILWAUKEE AVE,41.75245,-87.554692,01/21/2018 06:24:00 PM,2018
CR00038119,04/13/2021 03:03:00 PM,25,FOG/SMOKE/HAZE,DAYLIGHT,TURNING,ONE-WAY,STOP SIGN/FLASHER,FAILING TO YIELD RIGHT-OF-WAY,FAILING TO REDUCE SPEED,0,0,0,0,15,3,4,843,WESTERN AVE,41.713261,-87.767786,04/13/2021 04:01:00 PM,2021
CR00038120,06/12/2020 06:06:00 PM,45,CLEAR,DAYLIGHT,ANGLE,ONE-WAY,TRAFFIC SIGNAL,FAILING TO YIELD RIGHT-OF-WAY,FAILING TO YIELD RIGHT-OF-WAY,0,0,3,3,18,6,6,565,OGDEN AVE,41.981439,-87.634281,06/12/2020 07:17:00 PM,2020
CR00038121,08/27/2022 11:56:00 AM,20,CLEAR,DAYLIGHT,SIDESWIPE SAME DIRECTION,ONE-WAY,STOP SIGN/FLASHER,DRIVING SKILLS/KNOWLEDGE/EXPERIENCE,FOLLOWING TOO CLOSELY,0,0,0,0,11,7,8,178,79TH ST,41.703756,-87.635982,08/27/2022 01:20:00 PM,2022
CR00038122,09/06/2017 05:07:00 PM,40,RAIN,DARKNESS,TURNING,NOT DIVIDED,STOP SIGN/FLASHER,FAILING TO REDUCE SPEED,IMPROPER LANE USAGE,0,0,0,0,17,4,9,2329,FULLERTON AVE,41.878078,-87.53266,09/06/2017 06:25:00 PM,2017
CR00038123,01/13/2020 01:48:00 PM,35,CLOUDY/OVERCAST,DAYLIGHT,ANGLE,NOT DIVIDED,STOP SIGN/FLASHER,UNABLE TO DETERMINE,NOT APPLICABLE,0,0,0,0,13,2,1,1632,MILWAUKEE AVE,41.703748,-87.565199,01/13/2020 02:48:00 PM,2020
CR00038124,07/15/2023 10:00:00 AM,45,CLEAR,DAYLIGHT,TURNING,DIVIDED - W/MEDIAN (NOT RAISED),STOP SIGN/FLASHER,DISTRACTION - FROM INSIDE VEHICLE,DISREGARDING TRAFFIC SIGNALS,0,1,3,4,10,7,7,951,KEDZIE AVE,41.759064,-87.738465,07/15/2023 11:55:00 AM,2023
CR00038125,11/22/2024 11:11:00 PM,25,CLEAR,DAYLIGHT,PEDESTRIAN,ONE-WAY,TRAFFIC SIGNAL,FAILING TO YIELD RIGHT-OF-WAY,UNABLE TO DETERMINE,0,0,0,0,23,6,11,803,PULASKI RD,41.965953,-87.584787,11/23/2024 12:57:00 AM,2024
CR00038126,07/28/2022 04:56:00 AM,40,CLEAR,DAYLIGHT,ANGLE,NOT DIVIDED,NO CONTROLS,FAILING TO YIELD RIGHT-OF-WAY,UNABLE TO DETERMINE,0,0,0,0,4,5,7,413,STONY ISLAND AVE,41.849506,-87.698823,07/28/2022 05:32:00 AM,2022
CR00038127,07/01/2020 04:17:00 AM,45,CLEAR,DAYLIGHT,SIDESWIPE SAME DIRECTION,FOUR WAY,NO CONTROLS,UNABLE TO DETERMINE,UNABLE TO DETERMINE,0,1,2,3,4,4,7,228,PULASKI RD,41.94242,-87.544399,07/01/2020 06:09:00 AM,2020
CR00038128,09/12/2021 03:39:00 PM,45,CLEAR,DAYLIGHT,REAR END,FOUR WAY,NO CONTROLS,FOLLOWING TOO CLOSELY,DRIVING SKILLS/KNOWLEDGE/EXPERIENCE,0,0,1,1,15,1,9,1414,MILWAUKEE AVE,41.82538,-87.514308,09/12/2021 03:41:00 PM,2021
CR00038129,09/20/2020 03:05:00 PM,30,CLEAR,DAYLIGHT,REAR END,DIVIDED - W/MEDIAN (NOT RAISED),TRAFFIC SIGNAL,FAILING TO REDUCE SPEED,WEATHER,0,0,0,0,15,1,9,1474,ELSTON AVE,41.737232,-87.728698,09/20/2020 03:46:00 PM,2020
CR00038130,04/16/2017 04:02:00 PM,20,CLOUDY/OVERCAST,DARKNESS - LIGHTED ROAD,TURNING,NOT DIVIDED,NO CONTROLS,DISREGARDING TRAFFIC SIGNALS,NOT APPLICABLE,0,0,0,0,16,1,4,1312,STATE ST,41.771445,-87.507595,04/16/2017 05:11:00 PM,2017
CR00038131,08/17/2023 05:42:00 PM,30,CLEAR,DAYLIGHT,REAR END,FOUR WAY,NO CONTROLS,DISREGARDING TRAFFIC SIGNALS,FOLLOWING TOO CLOSELY,0,0,0,0,17,5,8,2053,WESTERN AVE,41.816856,-87.625817,08/17/2023 07:35:00 PM,2023
CR00038132,04/25/2018 05:47:00 PM,20,CLOUDY/OVERCAST,DAYLIGHT,ANGLE,DIVIDED - W/MEDIAN (NOT RAISED),NO CONTROLS,FOLLOWING TOO CLOSELY,NOT APPLICABLE,0,0,0,0,17,4,4,2111,STONY ISLAND AVE,41.726999,-87.749231,04/25/2018 05:55:00 PM,2018
CR00038133,01/02/2021 11:30:00 AM,25,CLEAR,DAYLIGHT,SIDESWIPE SAME DIRECTION,ONE-WAY,TRAFFIC SIGNAL,DISTRACTION - FROM INSIDE VEHICLE,IMPROPER OVERTAKING/PASSING,0,0,1,1,11,7,1,566,ARCHER AVE,41.894454,-87.524796,01/02/2021 12:02:00 PM,2021
CR00038134,01/18/2024 05:23:00 PM,35,CLEAR,DARKNESS,REAR END,DIVIDED - W/MEDIAN (NOT RAISED),NO CONTROLS,DISREGARDING TRAFFIC SIGNALS,DRIVING SKILLS/KNOWLEDGE/EXPERIENCE,0,0,0,0,17,5,1,2352,PULASKI RD,41.802813,-87.807391,01/18/2024 05:44:00 PM,2024
CR00038135,01/19/2017 07:23:00 PM,35,CLEAR,DARKNESS - LIGHTED ROAD,REAR END,DIVIDED - W/MEDIAN (NOT RAISED),NO CONTROLS,DISTRACTION - FROM INSIDE VEHICLE,UNABLE TO DETERMINE,0,0,0,0,19,5,1,2506,OGDEN AVE,41.846116,-87.714818,01/19/2017 08:54:00 PM,2017
CR00038136,01/07/2021 05:19:00 PM,35,CLEAR,DAYLIGHT,REAR END,FOUR WAY,STOP SIGN/FLASHER,IMPROPER LANE USAGE,IMPROPER OVERTAKING/PASSING,0,0,1,1,17,5,1,1261,STATE ST,41.87677,-87.671276,01/07/2021 05:35:00 PM,2021
CR00038137,07/02/2024 11:46:00 AM,35,SNOW,DAYLIGHT,ANGLE,DIVIDED - W/MEDIAN (NOT RAISED),TRAFFIC SIGNAL,FOLLOWING TOO CLOSELY,FOLLOWING TOO CLOSELY,0,0,0,0,11,3,7,524,47TH ST,41.853403,-87.722056,07/02/2024 12:18:00 PM,2024
CR00038138,03/16/2017 07:37:00 PM,30,CLEAR,DAYLIGHT,ANGLE,DIVIDED - W/MEDIAN (NOT RAISED),STOP SIGN/FLASHER,DISTRACTION - FROM INSIDE VEHICLE,UNABLE TO DETERMINE,0,0,0,0,19,5,3,277,OGDEN AVE,41.80018,-87.8327,03/16/2017 08:17:00 PM,2017
CR00038139,07/28/2015 08:12:00 AM,40,CLEAR,DAYLIGHT,REAR END,DIVIDED - W/MEDIAN BARRIER,NO CONTROLS,FOLLOWING TOO CLOSELY,DISREGARDING TRAFFIC SIGNALS,0,0,0,0,8,3,7,1785,ROOSEVELT RD,41.97529,-87.643631,07/28/2015 09:18:00 AM,2015
CR00038140,05/26/2024 04:22:00 PM,35,CLEAR,DAYLIGHT,TURNING,NOT DIVIDED,NO CONTROLS,UNABLE TO DETERMINE,UNABLE TO DETERMINE,0,0,0,0,16,1,5,988,KEDZIE AVE,41.961299,-87.556898,05/26/2024 04:25:00 PM,2024
CR00038141,01/28/2015 07:27:00 AM,30,CLEAR,DARKNESS - LIGHTED ROAD,TURNING,DIVIDED - W/MEDIAN BARRIER,UNKNOWN,DISTRACTION - FROM INSIDE VEHICLE,UNABLE TO DETERMINE,0,0,1,1,7,4,1,1591,ROOSEVELT RD,41.728984,-87.516,01/28/2015 09:18:00 AM,2015
CR00038142,06/25/2020 05:27:00 PM,20,CLEAR,DARKNESS - LIGHTED ROAD,REAR TO FRONT,NOT DIVIDED,NO CONTROLS,UNABLE TO DETERMINE,IMPROPER LANE USAGE,0,0,0,0,17,5,6,1630,ASHLAND AVE,41.770444,-87.544664,06/25/2020 06:26:00 PM,2020
CR00038143,12/25/2021 03:58:00 AM,30,CLEAR,DAYLIGHT,REAR END,DIVIDED - W/MEDIAN BARRIER,NO CONTROLS,UNABLE TO DETERMINE,UNABLE TO DETERMINE,0,0,0,0,3,7,12,1484,MICHIGAN AVE,41.946414,-87.569504,12/25/2021 04:05:00 AM,2021
CR00038144,05/21/2020 12:15:00 PM,35,CLEAR,DAYLIGHT,ANGLE,NOT DIVIDED,TRAFFIC SIGNAL,DISTRACTION - FROM INSIDE VEHICLE,NOT APPLICABLE,0,0,0,0,12,5,5,1642,CICERO AVE,41.757609,-87.849254,05/21/2020 01:02:00 PM,2020
CR00038145,07/27/2019 03:02:00 PM,30,RAIN,DARKNESS,FIXED OBJECT,NOT DIVIDED,STOP SIGN/FLASHER,DRIVING SKILLS/KNOWLEDGE/EXPERIENCE,NOT APPLICABLE,0,0,1,1,15,7,7,566,ROOSEVELT RD,41.969703,-87.679202,07/27/2019 04:31:00 PM,2019
CR00038146,12/11/2024 02:35:00 PM,40,CLEAR,DAYLIGHT,TURNING,DIVIDED - W/MEDIAN BARRIER,NO CONTROLS,FAILING TO YIELD RIGHT-OF-WAY,FOLLOWING TOO CLOSELY,0,0,0,0,14,4,12,1434,WESTERN AVE,41.864346,-87.601809,12/11/2024 04:19:00 PM,2024
CR00038147,06/14/2024 05:18:00 PM,30,CLEAR,DARKNESS,PEDESTRIAN,NOT DIVIDED,NO CONTROLS,FOLLOWING TOO CLOSELY,DISTRACTION - FROM INSIDE VEHICLE,0,0,0,0,17,6,6,1697,PULASKI RD,41.746573,-87.80469,06/14/2024 05:48:00 PM,2024
CR00038148,06/17/2022 05:04:00 AM,30,SNOW,DAYLIGHT,TURNING,ONE-WAY,STOP SIGN/FLASHER,DRIVING SKILLS/KNOWLEDGE/EXPERIENCE,UNABLE TO DETERMINE,0,0,1,1,5,6,6,605,CLARK ST,41.963425,-87.569918,06/17/2022 06:45:00 AM,2022
CR00038149,03/21/2021 04:50:00 PM,25,FOG/SMOKE/HAZE,DAYLIGHT,REAR END,DIVIDED - W/MEDIAN (NOT RAISED),STOP SIGN/FLASHER,IMPROPER OVERTAKING/PASSING,DISTRACTION - FROM INSIDE VEHICLE,0,0,0,0,16,1,3,697,OGDEN AVE,41.926969,-87.535584,03/21/2021 05:10:00 PM,2021
CR00038150,12/31/2023 03:48:00 AM,15,CLEAR,DAYLIGHT,REAR END,NOT DIVIDED,STOP SIGN/FLASHER,FAILING TO YIELD RIGHT-OF-WAY,DISREGARDING TRAFFIC SIGNALS,0,0,2,2,3,1,12,1573,BROADWAY,41.713535,-87.510072,12/31/2023 05:19:00 AM,2023
CR00038151,05/27/2023 10:59:00 AM,30,FREEZING RAIN/DRIZZLE,DAYLIGHT,PEDESTRIAN,NOT DIVIDED,TRAFFIC SIGNAL,DRIVING SKILLS/KNOWLEDGE/EXPERIENCE,IMPROPER OVERTAKING/PASSING,0,0,3,3,10,7,5,456,MICHIGAN AVE,41.704647,-87.849472,05/27/2023 11:44:00 AM,2023
CR00038152,11/10/2022 07:25:00 AM,40,CLOUDY/OVERCAST,DARKNESS,REAR TO FRONT,NOT DIVIDED,NO CONTROLS,UNABLE TO DETERMINE,UNABLE TO DETERMINE,0,0,0,0,7,5,11,1750,BROADWAY,41.724251,-87.723227,11/10/2022 08:09:00 AM,2022
CR00038153,12/08/2018 08:49:00 PM,35,CLEAR,DARKNESS,PEDESTRIAN,ONE-WAY,STOP SIGN/FLASHER,UNABLE TO DETERMINE,IMPROPER OVERTAKING/PASSING,0,0,0,0,20,7,12,1743,CLARK ST,41.863868,-87.643239,12/08/2018 09:36:00 PM,2018
CR00038154,02/03/2019 05:11:00 PM,45,CLEAR,DAYLIGHT,TURNING,ONE-WAY,NO CONTROLS,DISREGARDING TRAFFIC SIGNALS,FAILING TO REDUCE SPEED,0,0,0,0,17,1,2,1710,IRVING PARK RD,41.755567,-87.545427,02/03/2019 05:19:00 PM,2019
CR00038155,08/21/2016 02:31:00 PM,40,CLEAR,DARKNESS,PARKED MOTOR VEHICLE,NOT DIVIDED,STOP SIGN/FLASHER,IMPROPER OVERTAKING/PASSING,NOT APPLICABLE,0,0,0,0,14,1,8,1056,47TH ST,41.935199,-87.691417,08/21/2016 03:30:00 PM,2016
CR00038156,03/11/2017 04:46:00 PM,25,CLEAR,DARKNESS - LIGHTED ROAD,REAR END,ONE-WAY,TRAFFIC SIGNAL,DRIVING SKILLS/KNOWLEDGE/EXPERIENCE,UNABLE TO DETERMINE,0,0,0,0,16,7,3,965,BROADWAY,41.970434,-87.604851,03/11/2017 05:41:00 PM,2017
CR00038157,04/08/2020 10:28:00 AM,30,CLEAR,DAYLIGHT,REAR END,DIVIDED - W/MEDIAN (NOT RAISED),TRAFFIC SIGNAL,FAILING TO YIELD RIGHT-OF-WAY,IMPROPER OVERTAKING/PASSING,0,0,0,0,10,4,4,2291,CLARK ST,41.764394,-87.580556,04/08/2020 10:36:00 AM,2020
CR00038158,06/12/2024 06:32:00 PM,30,RAIN,DAYLIGHT,REAR END,DIVIDED - W/MEDIAN (NOT RAISED),UNKNOWN,UNABLE TO DETERMINE,UNABLE TO DETERMINE,0,0,0,0,18,4,6,1089,CICERO AVE,41.836178,-87.507105,06/12/2024 07:57:00 PM,2024
CR00038159,09/13/2020 09:49:00 AM,20,RAIN,DAYLIGHT,FIXED OBJECT,NOT DIVIDED,TRAFFIC SIGNAL,DISREGARDING TRAFFIC SIGNALS,DRIVING SKILLS/KNOWLEDGE/EXPERIENCE,0,0,0,0,9,1,9,138,IRVING PARK RD,41.735395,-87.820968,09/13/2020 11:41:00 AM,2020
CR00038160,07/01/2016 02:43:00 PM,35,CLEAR,DARKNESS - LIGHTED ROAD,REAR END,NOT DIVIDED,TRAFFIC SIGNAL,IMPROPER OVERTAKING/PASSING,UNABLE TO DETERMINE,0,0,0,0,14,6,7,1863,LAKE SHORE DR,41.830568,-87.54876,07/01/2016 03:17:00 PM,2016
CR00038161,12/01/2017 11:44:00 AM,40,RAIN,DAYLIGHT,REAR END,NOT DIVIDED,NO CONTROLS,DISTRACTION - FROM INSIDE VEHICLE,NOT APPLICABLE,0,1,2,3,11,6,12,2134,KEDZIE AVE,41.705818,-87.778242,12/01/2017 12:56:00 PM,2017
CR00038162,09/29/2015 03:01:00 AM,15,CLEAR,DARKNESS,ANGLE,NOT DIVIDED,NO CONTROLS,FAILING TO YIELD RIGHT-OF-WAY,NOT APPLICABLE,0,0,0,0,3,3,9,212,FULLERTON AVE,41.761424,-87.667413,09/29/2015 04:46:00 AM,2015
CR00038163,07/13/2018 02:14:00 AM,25,CLEAR,DARKNESS,REAR END,T-INTERSECTION,TRAFFIC SIGNAL,FAILING TO REDUCE SPEED,NOT APPLICABLE,0,0,0,0,2,6,7,874,MILWAUKEE AVE,41.764526,-87.838625,07/13/2018 03:08:00 AM,2018
CR00038164,07/18/2020 01:12:00 PM,15,CLEAR,DARKNESS,ANGLE,NOT DIVIDED,NO CONTROLS,UNABLE TO DETERMINE,FOLLOWING TOO CLOSELY,0,0,0,0,13,7,7,1926,ASHLAND AVE,41.792926,-87.693684,07/18/2020 02:53:00 PM,2020
CR00038165,01/24/2022 07:48:00 PM,35,CLEAR,DARKNESS - LIGHTED ROAD,ANGLE,NOT DIVIDED,NO CONTROLS,FOLLOWING TOO CLOSELY,FAILING TO YIELD RIGHT-OF-WAY,0,0,3,3,19,2,1,1167,OGDEN AVE,41.759598,-87.501331,01/24/2022 08:47:00 PM,2022
CR00038166,07/31/2019 10:39:00 PM,35,CLOUDY/OVERCAST,DAYLIGHT,REAR END,NOT DIVIDED,TRAFFIC SIGNAL,UNABLE TO DETERMINE,NOT APPLICABLE,0,2,1,3,22,4,7,198,FULLERTON AVE,41.757597,-87.635534,07/31/2019 10:40:00 PM,2019
CR00038167,10/22/2019 08:11:00 AM,15,CLEAR,DARKNESS - LIGHTED ROAD,PARKED MOTOR VEHICLE,T-INTERSECTION,NO CONTROLS,IMPROPER OVERTAKING/PASSING,FOLLOWING TOO CLOSELY,0,0,0,0,8,3,10,986,OGDEN AVE,41.865286,-87.529293,10/22/2019 08:50:00 AM,2019
CR00038168,01/28/2015 07:28:00 PM,35,CLEAR,DAYLIGHT,TURNING,DIVIDED - W/MEDIAN (NOT RAISED),TRAFFIC SIGNAL,WEATHER,UNABLE TO DETERMINE,0,0,0,0,19,4,1,1058,ASHLAND AVE,41.726654,-87.511697,01/28/2015 08:32:00 PM,2015
CR00038169,09/23/2018 11:49:00 AM,35,CLEAR,DARKNESS - LIGHTED ROAD,ANGLE,NOT DIVIDED,NO CONTROLS,FAILING TO YIELD RIGHT-OF-WAY,NOT APPLICABLE,0,0,0,0,11,1,9,862,HALSTED ST,41.791434,-87.7142,09/23/2018 11:51:00 AM,2018
CR00038170,09/12/2016 11:43:00 PM,45,CLEAR,DAWN,PEDESTRIAN,NOT DIVIDED,STOP SIGN/FLASHER,FAILING TO YIELD RIGHT-OF-WAY,FAILING TO YIELD RIGHT-OF-WAY,0,0,0,0,23,2,9,919,STONY ISLAND AVE,41.998038,-87.536811,09/13/2016 12:19:00 AM,2016
CR00038171,01/01/2023 11:50:00 AM,30,CLEAR,DAYLIGHT,TURNING,T-INTERSECTION,TRAFFIC SIGNAL,DISTRACTION - FROM INSIDE VEHICLE,UNABLE TO DETERMINE,0,0,0,0,11,1,1,1350,LAKE SHORE DR,41.777077,-87.825882,01/01/2023 01:48:00 PM,2023
CR00038172,12/20/2015 05:39:00 PM,20,CLEAR,DAYLIGHT,SIDESWIPE SAME DIRECTION,ONE-WAY,NO CONTROLS,UNABLE TO DETERMINE,UNABLE TO DETERMINE,0,0,0,0,17,1,12,1886,DIVISION ST,41.936918,-87.576426,12/20/2015 05:46:00 PM,2015
CR00038173,03/10/2022 05:21:00 PM,20,CLEAR,DAYLIGHT,PARKED MOTOR VEHICLE,ONE-WAY,NO CONTROLS,DRIVING SKILLS/KNOWLEDGE/EXPERIENCE,IMPROPER LANE USAGE,0,0,0,0,17,5,3,2509,CALIFORNIA AVE,41.888353,-87.60079,03/10/2022 06:06:00 PM,2022
CR00038174,10/17/2023 04:32:00 PM,15,CLEAR,DARKNESS - LIGHTED ROAD,REAR END,ONE-WAY,STOP SIGN/FLASHER,IMPROPER LANE USAGE,IMPROPER LANE USAGE,0,0,0,0,16,3,10,704,CICERO AVE,41.897375,-87.840192,10/17/2023 04:38:00 PM,2023
CR00038175,11/23/2023 08:48:00 PM,35,CLEAR,DUSK,PEDESTRIAN,NOT DIVIDED,TRAFFIC SIGNAL,UNABLE TO DETERMINE,FOLLOWING TOO CLOSELY,0,0,0,0,20,5,11,863,ROOSEVELT RD,41.939112,-87.82943,11/23/2023 10:23:00 PM,2023
CR00038176,04/03/2017 04:47:00 AM,35,CLEAR,DAYLIGHT,SIDESWIPE SAME DIRECTION,DIVIDED - W/MEDIAN BARRIER,NO CONTROLS,UNABLE TO DETERMINE,DISREGARDING TRAFFIC SIGNALS,0,0,0,0,4,2,4,2249,KEDZIE AVE,41.97173,-87.792316,04/03/2017 06:43:00 AM,2017
CR00038177,05/01/2024 12:35:00 AM,35,CLEAR,DARKNESS - LIGHTED ROAD,REAR END,ONE-WAY,NO CONTROLS,DISTRACTION - FROM INSIDE VEHICLE,DISREGARDING TRAFFIC SIGNALS,0,0,0,0,0,4,5,1642,ASHLAND AVE,41.911363,-87.779941,05/01/2024 12:58:00 AM,2024
CR00038178,12/23/2016 01:04:00 PM,35,RAIN,DARKNESS,REAR END,ONE-WAY,STOP SIGN/FLASHER,DISREGARDING TRAFFIC SIGNALS,UNABLE TO DETERMINE,0,0,1,1,13,6,12,2127,OGDEN AVE,41.819377,-87.50393,12/23/2016 01:42:00 PM,2016
CR00038179,10/12/2022 08:16:00 PM,35,CLEAR,DAYLIGHT,FIXED OBJECT,NOT DIVIDED,NO CONTROLS,UNABLE TO DETERMINE,DISTRACTION - FROM INSIDE VEHICLE,0,0,0,0,20,4,10,1769,ELSTON AVE,41.999714,-87.736448,10/12/2022 08:53:00 PM,2022
CR00038180,09/21/2023 02:14:00 PM,45,CLEAR,DARKNESS - LIGHTED ROAD,PARKED MOTOR VEHICLE,NOT DIVIDED,NO CONTROLS,UNABLE TO DETERMINE,NOT APPLICABLE,0,0,0,0,14,5,9,1702,CICERO AVE,41.739552,-87.755717,09/21/2023 02:17:00 PM,2023
CR00038181,07/06/2023 05:37:00 PM,15,CLEAR,DAYLIGHT,TURNING,ONE-WAY,TRAFFIC SIGNAL,FOLLOWING TOO CLOSELY,FOLLOWING TOO CLOSELY,0,0,0,0,17,5,7,1799,79TH ST,41.889764,-87.597003,07/06/2023 05:43:00 PM,2023
CR00038182,03/05/2022 07:50:00 PM,30,FREEZING RAIN/DRIZZLE,DAYLIGHT,TURNING,ONE-WAY,STOP SIGN/FLASHER,IMPROPER LANE USAGE,DRIVING SKILLS/KNOWLEDGE/EXPERIENCE,0,0,0,0,19,7,3,287,DAMEN AVE,41.961961,-87.531476,03/05/2022 08:07:00 PM,2022
CR00038183,12/14/2017 02:02:00 PM,35,CLEAR,DAYLIGHT,ANGLE,DIVIDED - W/MEDIAN (NOT RAISED),TRAFFIC SIGNAL,FOLLOWING TOO CLOSELY,NOT APPLICABLE,0,0,0,0,14,5,12,1000,DAMEN AVE,41.903118,-87.666305,12/14/2017 03:21:00 PM,2017
CR00038184,09/28/2019 11:45:00 PM,45,RAIN,DAYLIGHT,REAR TO FRONT,FOUR WAY,STOP SIGN/FLASHER,FAILING TO YIELD RIGHT-OF-WAY,UNABLE TO DETERMINE,0,0,0,0,23,7,9,1453,79TH ST,41.760658,-87.582005,09/29/2019 12:15:00 AM,2019
CR00038185,04/12/2017 08:13:00 AM,30,CLEAR,DARKNESS - LIGHTED ROAD,REAR END,ONE-WAY,TRAFFIC SIGNAL,UNABLE TO DETERMINE,NOT APPLICABLE,0,0,0,0,8,4,4,2240,63RD ST,41.866761,-87.598646,04/12/2017 08:50:00 AM,2017
CR00038186,04/21/2019 02:54:00 AM,35,RAIN,DAYLIGHT,PARKED MOTOR VEHICLE,FOUR WAY,UNKNOWN,UNABLE TO DETERMINE,DISREGARDING TRAFFIC SIGNALS,0,0,0,0,2,1,4,739,ELSTON AVE,41.736647,-87.832309,04/21/2019 04:31:00 AM,2019
CR00038187,01/26/2020 08:01:00 AM,30,CLOUDY/OVERCAST,DAYLIGHT,TURNING,DIVIDED - W/MEDIAN BARRIER,NO CONTROLS,IMPROPER OVERTAKING/PASSING,FAILING TO REDUCE SPEED,0,0,0,0,8,1,1,353,CICERO AVE,41.997025,-87.597432,01/26/2020 08:31:00 AM,2020
CR00038188,04/02/2017 11:40:00 PM,30,RAIN,DARKNESS - LIGHTED ROAD,REAR TO FRONT,NOT DIVIDED,STOP SIGN/FLASHER,FOLLOWING TOO CLOSELY,FOLLOWING TOO CLOSELY,0,0,0,0,23,1,4,2535,KEDZIE AVE,41.736912,-87.687847,04/03/2017 12:19:00 AM,2017