CRASH_RECORD_ID,CRASH_DATE,POSTED_SPEED_LIMIT,WEATHER_CONDITION,LIGHTING_CONDITION,FIRST_CRASH_TYPE,TRAFFICWAY_TYPE,TRAFFIC_CONTROL_DEVICE,PRIM_CONTRIBUTORY_CAUSE,SEC_CONTRIBUTORY_CAUSE,INJURIES_FATAL,INJURIES_INCAPACITATING,INJURIES_NON_INCAPACITATING,INJURIES_TOTAL,CRASH_HOUR,CRASH_DAY_OF_WEEK,CRASH_MONTH,BEAT_OF_OCCURRENCE,STREET_NAME,LATITUDE,LONGITUDE,DATE_POLICE_NOTIFIED,year
CR00038189,05/24/2024 07:50:00 AM,30,CLEAR,DARKNESS - LIGHTED ROAD,TURNING,DIVIDED - W/MEDIAN BARRIER,STOP SIGN/FLASHER,IMPROPER OVERTAKING/PASSING,IMPROPER LANE USAGE,0,0,0,0,7,6,5,379,STATE ST,41.910536,-87.73517,05/24/2024 09:43:00 AM,2024
CR00038190,08/31/2018 10:47:00 AM,25,RAIN,DAYLIGHT,REAR END,DIVIDED - W/MEDIAN (NOT RAISED),NO CONTROLS,UNABLE TO DETERMINE,UNABLE TO DETERMINE,0,0,0,0,10,6,8,263,WESTERN AVE,41.762614,-87.807105,08/31/2018 11:40:00 AM,2018
CR00038191,01/21/2024 04:06:00 PM,40,CLEAR,DARKNESS,TURNING,FOUR WAY,NO CONTROLS,IMPROPER LANE USAGE,FAILING TO REDUCE SPEED,0,0,0,0,16,1,1,552,ROOSEVELT RD,41.95214,-87.708373,01/21/2024 06:00:00 PM,2024
CR00038192,08/05/2022 10:41:00 AM,30,CLEAR,DAYLIGHT,REAR END,DIVIDED - W/MEDIAN (NOT RAISED),NO CONTROLS,FAILING TO YIELD RIGHT-OF-WAY,FOLLOWING TOO CLOSELY,0,0,0,0,10,6,8,737,OGDEN AVE,41.868318,-87.786613,08/05/2022 11:17:00 AM,2022
CR00038193,09/30/2021 08:17:00 AM,30,FREEZING RAIN/DRIZZLE,DARKNESS,REAR END,DIVIDED - W/MEDIAN (NOT RAISED),TRAFFIC SIGNAL,IMPROPER OVERTAKING/PASSING,UNABLE TO DETERMINE,0,0,0,0,8,5,9,576,STATE ST,41.809288,-87.690495,09/30/2021 08:27:00 AM,2021
CR00038194,11/15/2018 06:41:00 AM,30,RAIN,DARKNESS - LIGHTED ROAD,ANGLE,NOT DIVIDED,NO CONTROLS,FAILING TO REDUCE SPEED,FAILING TO REDUCE SPEED,0,0,0,0,6,5,11,1327,DIVISION ST,41.822877,-87.783616,11/15/2018 08:20:00 AM,2018
CR00038195,06/09/2016 06:52:00 PM,30,CLEAR,DARKNESS - LIGHTED ROAD,TURNING,NOT DIVIDED,NO CONTROLS,UNABLE TO DETERMINE,FOLLOWING TOO CLOSELY,0,0,0,0,18,5,6,444,IRVING PARK RD,41.860015,-87.654881,06/09/2016 08:32:00 PM,2016
CR00038196,04/22/2021 12:30:00 AM,40,CLEAR,DAYLIGHT,REAR END,NOT DIVIDED,NO CONTROLS,IMPROPER OVERTAKING/PASSING,DISREGARDING TRAFFIC SIGNALS,0,0,0,0,0,5,4,2292,KEDZIE AVE,41.913364,-87.794162,04/22/2021 01:17:00 AM,2021
CR00038197,09/02/2016 02:56:00 PM,15,CLEAR,DAYLIGHT,ANGLE,NOT DIVIDED,STOP SIGN/FLASHER,FAILING TO REDUCE SPEED,IMPROPER OVERTAKING/PASSING,0,0,1,1,14,6,9,1238,BROADWAY,41.724548,-87.566817,09/02/2016 03:01:00 PM,2016
CR00038198,08/08/2024 03:41:00 AM,30,CLEAR,DAYLIGHT,SIDESWIPE SAME DIRECTION,DIVIDED - W/MEDIAN (NOT RAISED),TRAFFIC SIGNAL,FOLLOWING TOO CLOSELY,UNABLE TO DETERMINE,0,0,0,0,3,5,8,2535,CICERO AVE,41.729665,-87.610696,08/08/2024 04:47:00 AM,2024
CR00038199,03/01/2023 04:24:00 PM,15,FREEZING RAIN/DRIZZLE,DAYLIGHT,FIXED OBJECT,DIVIDED - W/MEDIAN BARRIER,STOP SIGN/FLASHER,FOLLOWING TOO CLOSELY,UNABLE TO DETERMINE,0,0,0,0,16,4,3,2179,WESTERN AVE,41.990413,-87.796637,03/01/2023 04:39:00 PM,2023
CR00038200,03/29/2022 03:34:00 PM,45,CLEAR,DAYLIGHT,PARKED MOTOR VEHICLE,DIVIDED - W/MEDIAN (NOT RAISED),YIELD,UNABLE TO DETERMINE,FOLLOWING TOO CLOSELY,0,0,1,1,15,3,3,2459,DAMEN AVE,41.990563,-87.822432,03/29/2022 04:05:00 PM,2022
CR00038201,04/09/2021 05:18:00 PM,30,CLOUDY/OVERCAST,DAYLIGHT,PARKED MOTOR VEHICLE,NOT DIVIDED,STOP SIGN/FLASHER,UNABLE TO DETERMINE,NOT APPLICABLE,0,0,1,1,17,6,4,2134,CLARK ST,41.952018,-87.717454,04/09/2021 06:32:00 PM,2021
CR00038202,09/27/2022 06:25:00 PM,30,CLEAR,DAYLIGHT,ANGLE,FOUR WAY,YIELD,UNABLE TO DETERMINE,UNABLE TO DETERMINE,0,0,0,0,18,3,9,980,WESTERN AVE,41.72486,-87.73559,09/27/2022 06:33:00 PM,2022
CR00038203,12/30/2018 09:47:00 AM,30,CLEAR,DAYLIGHT,FIXED OBJECT,ONE-WAY,NO CONTROLS,UNABLE TO DETERMINE,NOT APPLICABLE,0,0,0,0,9,1,12,404,FULLERTON AVE,41.745121,-87.726409,12/30/2018 10:06:00 AM,2018
CR00038204,12/09/2020 07:03:00 PM,30,RAIN,DAYLIGHT,TURNING,FOUR WAY,NO CONTROLS,DRIVING SKILLS/KNOWLEDGE/EXPERIENCE,FOLLOWING TOO CLOSELY,0,0,0,0,19,4,12,986,WESTERN AVE,41.75704,-87.598236,12/09/2020 07:22:00 PM,2020
CR00038205,02/24/2018 09:23:00 PM,40,CLEAR,DAYLIGHT,SIDESWIPE SAME DIRECTION,NOT DIVIDED,NO CONTROLS,DISREGARDING TRAFFIC SIGNALS,NOT APPLICABLE,0,0,0,0,21,7,2,1870,MILWAUKEE AVE,41.83365,-87.535021,02/24/2018 10:24:00 PM,2018
CR00038206,10/18/2020 03:50:00 PM,30,CLEAR,DARKNESS - LIGHTED ROAD,SIDESWIPE SAME DIRECTION,DIVIDED - W/MEDIAN (NOT RAISED),NO CONTROLS,UNABLE TO DETERMINE,WEATHER,0,0,0,0,15,1,10,964,HALSTED ST,41.930849,-87.508845,10/18/2020 05:23:00 PM,2020
CR00038207,09/15/2016 06:17:00 PM,15,SNOW,DAYLIGHT,FIXED OBJECT,NOT DIVIDED,TRAFFIC SIGNAL,IMPROPER OVERTAKING/PASSING,UNABLE TO DETERMINE,0,0,0,0,18,5,9,2379,KEDZIE AVE,41.757359,-87.694879,09/15/2016 06:34:00 PM,2016
CR00038208,05/11/2016 11:22:00 AM,45,CLEAR,DAYLIGHT,ANGLE,NOT DIVIDED,NO CONTROLS,UNABLE TO DETERMINE,NOT APPLICABLE,0,0,0,0,11,4,5,110,LAKE SHORE DR,41.916799,-87.649573,05/11/2016 12:40:00 PM,2016
CR00038209,08/17/2021 07:35:00 AM,20,CLEAR,DARKNESS,FIXED OBJECT,NOT DIVIDED,UNKNOWN,FAILING TO REDUCE SPEED,IMPROPER LANE USAGE,0,0,0,0,7,3,8,385,WESTERN AVE,41.94447,-87.519747,08/17/2021 09:16:00 AM,2021
CR00038210,08/06/2017 08:11:00 PM,30,CLEAR,DAYLIGHT,SIDESWIPE SAME DIRECTION,ONE-WAY,UNKNOWN,FAILING TO YIELD RIGHT-OF-WAY,IMPROPER LANE USAGE,0,0,3,3,20,1,8,834,DAMEN AVE,41.727067,-87.662056,08/06/2017 09:30:00 PM,2017
CR00038211,09/16/2019 07:24:00 AM,40,CLEAR,DAYLIGHT,ANGLE,T-INTERSECTION,TRAFFIC SIGNAL,UNABLE TO DETERMINE,FAILING TO REDUCE SPEED,0,0,0,0,7,2,9,1669,KEDZIE AVE,41.955861,-87.727696,09/16/2019 09:22:00 AM,2019
CR00038212,11/12/2016 03:44:00 PM,45,CLEAR,DARKNESS,PARKED MOTOR VEHICLE,NOT DIVIDED,UNKNOWN,UNABLE TO DETERMINE,FOLLOWING TOO CLOSELY,0,0,0,0,15,7,11,338,WESTERN AVE,41.937564,-87.573313,11/12/2016 05:29:00 PM,2016
CR00038213,05/24/2015 01:22:00 AM,25,CLOUDY/OVERCAST,DARKNESS,ANGLE,DIVIDED - W/MEDIAN (NOT RAISED),STOP SIGN/FLASHER,FOLLOWING TOO CLOSELY,IMPROPER LANE USAGE,0,0,0,0,1,1,5,1818,47TH ST,41.908692,-87.619676,05/24/2015 02:49:00 AM,2015
CR00038214,05/15/2024 10:54:00 AM,25,CLEAR,DAYLIGHT,TURNING,DIVIDED - W/MEDIAN BARRIER,TRAFFIC SIGNAL,UNABLE TO DETERMINE,FOLLOWING TOO CLOSELY,0,0,0,0,10,4,5,1340,ASHLAND AVE,41.851288,-87.793898,05/15/2024 12:08:00 PM,2024
CR00038215,01/29/2018 05:09:00 PM,35,CLEAR,DARKNESS - LIGHTED ROAD,ANGLE,DIVIDED - W/MEDIAN (NOT RAISED),STOP SIGN/FLASHER,DISTRACTION - FROM INSIDE VEHICLE,DRIVING SKILLS/KNOWLEDGE/EXPERIENCE,0,0,0,0,17,2,1,668,HALSTED ST,41.83749,-87.762267,01/29/2018 06:00:00 PM,2018
CR00038216,08/29/2015 11:41:00 PM,25,RAIN,DAYLIGHT,REAR TO FRONT,DIVIDED - W/MEDIAN (NOT RAISED),NO CONTROLS,FAILING TO REDUCE SPEED,UNABLE TO DETERMINE,0,0,0,0,23,7,8,2377,79TH ST,41.94496,-87.845625,08/29/2015 11:56:00 PM,2015
CR00038217,06/11/2016 08:18:00 AM,25,CLEAR,DARKNESS - LIGHTED ROAD,TURNING,DIVIDED - W/MEDIAN (NOT RAISED),TRAFFIC SIGNAL,IMPROPER LANE USAGE,FAILING TO YIELD RIGHT-OF-WAY,0,0,0,0,8,7,6,1594,HALSTED ST,41.765716,-87.548409,06/11/2016 09:19:00 AM,2016
CR00038218,05/01/2015 11:51:00 PM,30,CLEAR,DAYLIGHT,REAR END,DIVIDED - W/MEDIAN (NOT RAISED),NO CONTROLS,DRIVING SKILLS/KNOWLEDGE/EXPERIENCE,FAILING TO YIELD RIGHT-OF-WAY,0,0,0,0,23,6,5,1546,ASHLAND AVE,41.968092,-87.72504,05/02/2015 01:29:00 AM,2015
CR00038219,04/26/2022 05:12:00 PM,45,CLEAR,DAYLIGHT,PARKED MOTOR VEHICLE,NOT DIVIDED,STOP SIGN/FLASHER,IMPROPER LANE USAGE,UNABLE TO DETERMINE,0,0,0,0,17,3,4,271,FULLERTON AVE,41.717539,-87.824857,04/26/2022 05:34:00 PM,2022
CR00038220,11/18/2019 07:01:00 AM,15,CLEAR,DARKNESS - LIGHTED ROAD,SIDESWIPE SAME DIRECTION,DIVIDED - W/MEDIAN (NOT RAISED),PEDESTRIAN CROSSING SIGN,UNABLE TO DETERMINE,FAILING TO YIELD RIGHT-OF-WAY,0,0,0,0,7,2,11,2393,PULASKI RD,41.820236,-87.527043,11/18/2019 08:22:00 AM,2019
CR00038221,10/13/2020 01:10:00 PM,25,CLEAR,DAYLIGHT,REAR TO FRONT,NOT DIVIDED,STOP SIGN/FLASHER,FAILING TO YIELD RIGHT-OF-WAY,DISREGARDING TRAFFIC SIGNALS,0,0,0,0,13,3,10,2097,47TH ST,41.976719,-87.63802,10/13/2020 02:56:00 PM,2020
CR00038222,06/28/2020 04:30:00 PM,15,RAIN,DAYLIGHT,REAR TO FRONT,NOT DIVIDED,NO CONTROLS,IMPROPER OVERTAKING/PASSING,NOT APPLICABLE,0,0,0,0,16,1,6,1849,PULASKI RD,41.92097,-87.686704,06/28/2020 04:44:00 PM,2020
CR00038223,01/12/2018 11:22:00 PM,20,CLEAR,DAYLIGHT,REAR END,DIVIDED - W/MEDIAN BARRIER,TRAFFIC SIGNAL,UNABLE TO DETERMINE,DISTRACTION - FROM INSIDE VEHICLE,0,0,0,0,23,6,1,1406,CLARK ST,41.983952,-87.842573,01/13/2018 01:00:00 AM,2018
CR00038224,03/17/2015 03:51:00 PM,30,CLOUDY/OVERCAST,DAYLIGHT,REAR END,NOT DIVIDED,NO CONTROLS,IMPROPER LANE USAGE,UNABLE TO DETERMINE,0,0,0,0,15,3,3,1927,DAMEN AVE,41.956922,-87.50847,03/17/2015 05:37:00 PM,2015
CR00038225,09/14/2020 05:24:00 PM,40,CLEAR,DAYLIGHT,TURNING,NOT DIVIDED,NO CONTROLS,UNABLE TO DETERMINE,UNABLE TO DETERMINE,0,0,0,0,17,2,9,2410,DIVISION ST,41.713204,-87.514812,09/14/2020 06:25:00 PM,2020
CR00038226,11/29/2018 08:50:00 AM,35,CLEAR,DARKNESS - LIGHTED ROAD,REAR TO FRONT,T-INTERSECTION,UNKNOWN,UNABLE TO DETERMINE,DRIVING SKILLS/KNOWLEDGE/EXPERIENCE,0,0,0,0,8,5,11,759,OGDEN AVE,41.758531,-87.574686,11/29/2018 09:48:00 AM,2018
CR00038227,04/06/2016 06:07:00 AM,45,CLEAR,DAYLIGHT,SIDESWIPE SAME DIRECTION,ONE-WAY,STOP SIGN/FLASHER,UNABLE TO DETERMINE,DRIVING SKILLS/KNOWLEDGE/EXPERIENCE,0,0,0,0,6,4,4,2105,IRVING PARK RD,41.703598,-87.666682,04/06/2016 07:51:00 AM,2016
CR00038228,08/02/2021 02:58:00 AM,15,CLEAR,DAWN,PARKED MOTOR VEHICLE,NOT DIVIDED,TRAFFIC SIGNAL,UNABLE TO DETERMINE,IMPROPER LANE USAGE,0,0,0,0,2,2,8,1738,63RD ST,41.884602,-87.651258,08/02/2021 04:51:00 AM,2021
CR00038229,09/25/2023 12:02:00 AM,30,CLEAR,DAYLIGHT,REAR END,ONE-WAY,STOP SIGN/FLASHER,FAILING TO YIELD RIGHT-OF-WAY,FOLLOWING TOO CLOSELY,0,0,0,0,0,2,9,267,ARCHER AVE,41.996368,-87.800545,09/25/2023 12:37:00 AM,2023
CR00038230,05/27/2023 04:02:00 AM,30,CLEAR,DAYLIGHT,ANGLE,NOT DIVIDED,NO CONTROLS,FAILING TO YIELD RIGHT-OF-WAY,FOLLOWING TOO CLOSELY,0,0,0,0,4,7,5,1978,ELSTON AVE,41.702485,-87.591085,05/27/2023 05:16:00 AM,2023
CR00038231,08/13/2024 08:17:00 AM,45,CLOUDY/OVERCAST,DAYLIGHT,ANGLE,FOUR WAY,STOP SIGN/FLASHER,FOLLOWING TOO CLOSELY,FAILING TO REDUCE SPEED,0,0,0,0,8,3,8,1181,ASHLAND AVE,41.745821,-87.83349,08/13/2024 09:15:00 AM,2024
CR00038232,10/29/2023 08:24:00 PM,40,CLEAR,DAYLIGHT,ANGLE,DIVIDED - W/MEDIAN (NOT RAISED),TRAFFIC SIGNAL,UNABLE TO DETERMINE,DISREGARDING TRAFFIC SIGNALS,0,0,0,0,20,1,10,602,CLARK ST,41.819735,-87.791774,10/29/2023 10:00:00 PM,2023
CR00038233,10/14/2023 11:24:00 PM,30,CLEAR,DAYLIGHT,ANGLE,NOT DIVIDED,NO CONTROLS,UNABLE TO DETERMINE,FAILING TO YIELD RIGHT-OF-WAY,0,0,3,3,23,7,10,1845,PULASKI RD,41.938732,-87.719809,10/15/2023 01:23:00 AM,2023
CR00038234,11/18/2023 01:18:00 PM,35,CLEAR,DARKNESS - LIGHTED ROAD,TURNING,FOUR WAY,STOP SIGN/FLASHER,UNABLE TO DETERMINE,UNABLE TO DETERMINE,0,1,3,4,13,7,11,1041,STONY ISLAND AVE,41.749498,-87.511187,11/18/2023 02:51:00 PM,2023
CR00038235,12/31/2023 07:33:00 AM,35,RAIN,DARKNESS - LIGHTED ROAD,REAR TO FRONT,DIVIDED - W/MEDIAN (NOT RAISED),YIELD,IMPROPER LANE USAGE,DRIVING SKILLS/KNOWLEDGE/EXPERIENCE,0,0,0,0,7,1,12,501,CICERO AVE,41.750279,-87.732458,12/31/2023 09:26:00 AM,2023
CR00038236,07/08/2017 12:04:00 PM,35,CLEAR,DAYLIGHT,SIDESWIPE SAME DIRECTION,ONE-WAY,TRAFFIC SIGNAL,UNABLE TO DETERMINE,NOT APPLICABLE,0,1,1,2,12,7,7,295,DIVISION ST,41.794733,-87.724506,07/08/2017 12:24:00 PM,2017
CR00038237,11/15/2019 07:06:00 AM,35,CLEAR,DUSK,ANGLE,NOT DIVIDED,NO CONTROLS,FAILING TO YIELD RIGHT-OF-WAY,FOLLOWING TOO CLOSELY,0,0,0,0,7,6,11,2519,ARCHER AVE,41.807446,-87.606554,11/15/2019 09:04:00 AM,2019
CR00038238,03/15/2016 07:49:00 PM,30,CLEAR,DARKNESS,REAR END,DIVIDED - W/MEDIAN (NOT RAISED),NO CONTROLS,FAILING TO YIELD RIGHT-OF-WAY,UNABLE TO DETERMINE,0,1,2,3,19,3,3,476,STATE ST,41.831621,-87.691233,03/15/2016 08:00:00 PM,2016
CR00038239,03/20/2023 05:39:00 PM,15,CLEAR,DUSK,TURNING,FOUR WAY,UNKNOWN,UNABLE TO DETERMINE,FAILING TO YIELD RIGHT-OF-WAY,0,0,0,0,17,2,3,1531,FULLERTON AVE,41.931967,-87.600604,03/20/2023 06:46:00 PM,2023
CR00038240,08/16/2023 06:23:00 PM,20,CLEAR,DARKNESS - LIGHTED ROAD,TURNING,NOT DIVIDED,TRAFFIC SIGNAL,UNABLE TO DETERMINE,FAILING TO YIELD RIGHT-OF-WAY,0,0,0,0,18,4,8,2296,47TH ST,41.812159,-87.807326,08/16/2023 06:33:00 PM,2023
CR00038241,04/20/2022 09:41:00 AM,35,SNOW,DARKNESS - LIGHTED ROAD,TURNING,T-INTERSECTION,TRAFFIC SIGNAL,FAILING TO YIELD RIGHT-OF-WAY,FOLLOWING TOO CLOSELY,0,0,1,1,9,4,4,1990,LAKE SHORE DR,41.807106,-87.762993,04/20/2022 10:02:00 AM,2022
CR00038242,03/22/2023 04:55:00 PM,40,CLEAR,DAYLIGHT,TURNING,DIVIDED - W/MEDIAN (NOT RAISED),NO CONTROLS,FOLLOWING TOO CLOSELY,FOLLOWING TOO CLOSELY,0,0,0,0,16,4,3,2155,MILWAUKEE AVE,41.871881,-87.598153,03/22/2023 05:54:00 PM,2023
CR00038243,04/08/2020 05:37:00 PM,35,CLEAR,DARKNESS - LIGHTED ROAD,TURNING,NOT DIVIDED,NO CONTROLS,FOLLOWING TOO CLOSELY,DRIVING SKILLS/KNOWLEDGE/EXPERIENCE,0,0,0,0,17,4,4,2110,MICHIGAN AVE,41.913435,-87.790397,04/08/2020 07:30:00 PM,2020
CR00038244,11/21/2018 02:46:00 AM,45,CLOUDY/OVERCAST,DAYLIGHT,TURNING,NOT DIVIDED,YIELD,FAILING TO REDUCE SPEED,NOT APPLICABLE,0,0,0,0,2,4,11,595,DIVISION ST,41.914531,-87.627632,11/21/2018 03:18:00 AM,2018
CR00038245,08/15/2021 11:56:00 AM,30,CLEAR,DAYLIGHT,TURNING,NOT DIVIDED,STOP SIGN/FLASHER,UNABLE TO DETERMINE,FAILING TO YIELD RIGHT-OF-WAY,0,0,0,0,11,1,8,206,ASHLAND AVE,41.803007,-87.666506,08/15/2021 01:54:00 PM,2021
CR00038246,06/29/2016 12:38:00 PM,20,CLEAR,DAYLIGHT,REAR END,ONE-WAY,YIELD,UNABLE TO DETERMINE,FOLLOWING TOO CLOSELY,0,0,0,0,12,4,6,1223,OGDEN AVE,41.803176,-87.732172,06/29/2016 01:59:00 PM,2016
CR00038247,11/14/2023 09:07:00 PM,45,FOG/SMOKE/HAZE,DARKNESS,REAR TO FRONT,NOT DIVIDED,NO CONTROLS,UNABLE TO DETERMINE,IMPROPER LANE USAGE,0,0,0,0,21,3,11,1215,CALIFORNIA AVE,41.746552,-87.502288,11/14/2023 10:04:00 PM,2023
CR00038248,02/19/2024 08:07:00 PM,25,CLEAR,DARKNESS - LIGHTED ROAD,REAR END,FOUR WAY,STOP SIGN/FLASHER,UNABLE TO DETERMINE,DRIVING SKILLS/KNOWLEDGE/EXPERIENCE,0,0,0,0,20,2,2,872,BROADWAY,41.960528,-87.664088,02/19/2024 08:55:00 PM,2024
CR00038249,01/12/2024 06:44:00 PM,45,CLEAR,DAYLIGHT,ANGLE,NOT DIVIDED,NO CONTROLS,IMPROPER OVERTAKING/PASSING,NOT APPLICABLE,0,0,0,0,18,6,1,116,ARCHER AVE,41.935132,-87.657508,01/12/2024 06:53:00 PM,2024
CR00038250,04/09/2019 10:17:00 AM,30,CLEAR,DAYLIGHT,REAR END,ONE-WAY,NO CONTROLS,UNABLE TO DETERMINE,FOLLOWING TOO CLOSELY,0,0,0,0,10,3,4,1878,STONY ISLAND AVE,41.811671,-87.735143,04/09/2019 11:18:00 AM,2019
CR00038251,01/16/2024 09:28:00 AM,20,CLEAR,DUSK,PEDESTRIAN,ONE-WAY,NO CONTROLS,UNABLE TO DETERMINE,DRIVING SKILLS/KNOWLEDGE/EXPERIENCE,0,0,0,0,9,3,1,508,47TH ST,41.898208,-87.782028,01/16/2024 10:21:00 AM,2024
CR00038252,09/17/2020 06:20:00 PM,30,CLEAR,DARKNESS - LIGHTED ROAD,REAR TO FRONT,ONE-WAY,PEDESTRIAN CROSSING SIGN,IMPROPER LANE USAGE,NOT APPLICABLE,0,0,0,0,18,5,9,800,WESTERN AVE,41.853147,-87.515323,09/17/2020 07:42:00 PM,2020
CR00038253,12/25/2023 05:26:00 AM,35,CLEAR,DARKNESS - LIGHTED ROAD,TURNING,FOUR WAY,NO CONTROLS,UNABLE TO DETERMINE,NOT APPLICABLE,0,0,0,0,5,2,12,2357,ASHLAND AVE,41.860776,-87.846942,12/25/2023 06:37:00 AM,2023
CR00038254,05/08/2019 01:01:00 PM,25,CLOUDY/OVERCAST,DAYLIGHT,TURNING,NOT DIVIDED,YIELD,IMPROPER OVERTAKING/PASSING,NOT APPLICABLE,0,0,0,0,13,4,5,2509,BROADWAY,41.782524,-87.676301,05/08/2019 02:34:00 PM,2019
CR00038255,06/25/2020 10:55:00 AM,30,FOG/SMOKE/HAZE,DARKNESS - LIGHTED ROAD,REAR TO FRONT,ONE-WAY,STOP SIGN/FLASHER,FOLLOWING TOO CLOSELY,DISREGARDING TRAFFIC SIGNALS,0,0,0,0,10,5,6,1412,DIVISION ST,41.774126,-87.834545,06/25/2020 11:05:00 AM,2020
CR00038256,06/28/2024 03:20:00 PM,30,CLEAR,DARKNESS - LIGHTED ROAD,REAR END,T-INTERSECTION,TRAFFIC SIGNAL,UNABLE TO DETERMINE,NOT APPLICABLE,0,0,0,0,15,6,6,1226,CICERO AVE,41.742551,-87.655891,06/28/2024 05:01:00 PM,2024
CR00038257,11/04/2015 07:12:00 AM,30,FOG/SMOKE/HAZE,DARKNESS,PARKED MOTOR VEHICLE,NOT DIVIDED,NO CONTROLS,IMPROPER OVERTAKING/PASSING,UNABLE TO DETERMINE,0,0,0,0,7,4,11,1204,DIVISION ST,41.943783,-87.841617,11/04/2015 08:55:00 AM,2015
CR00038258,04/13/2021 04:22:00 PM,35,CLEAR,DAYLIGHT,REAR TO FRONT,ONE-WAY,UNKNOWN,DRIVING SKILLS/KNOWLEDGE/EXPERIENCE,UNABLE TO DETERMINE,0,0,0,0,16,3,4,854,CICERO AVE,41.802314,-87.774517,04/13/2021 04:50:00 PM,2021
CR00038259,05/14/2017 10:19:00 AM,35,CLEAR,DARKNESS - LIGHTED ROAD,REAR END,DIVIDED - W/MEDIAN (NOT RAISED),STOP SIGN/FLASHER,IMPROPER OVERTAKING/PASSING,FOLLOWING TOO CLOSELY,0,0,0,0,10,1,5,478,MILWAUKEE AVE,41.867407,-87.696908,05/14/2017 12:16:00 PM,2017
CR00038260,06/21/2015 08:51:00 AM,20,CLEAR,DARKNESS,SIDESWIPE SAME DIRECTION,DIVIDED - W/MEDIAN (NOT RAISED),NO CONTROLS,FAILING TO YIELD RIGHT-OF-WAY,FOLLOWING TOO CLOSELY,0,0,0,0,8,1,6,646,79TH ST,41.968356,-87.51315,06/21/2015 09:11:00 AM,2015
CR00038261,03/24/2015 05:27:00 PM,45,RAIN,DAYLIGHT,PARKED MOTOR VEHICLE,DIVIDED - W/MEDIAN (NOT RAISED),YIELD,UNABLE TO DETERMINE,UNABLE TO DETERMINE,0,0,1,1,17,3,3,583,CICERO AVE,41.936657,-87.833662,03/24/2015 06:43:00 PM,2015
CR00038262,12/11/2022 01:56:00 PM,20,CLEAR,DAYLIGHT,TURNING,FOUR WAY,NO CONTROLS,FAILING TO YIELD RIGHT-OF-WAY,UNABLE TO DETERMINE,0,0,0,0,13,1,12,553,ARCHER AVE,41.972209,-87.6934,12/11/2022 03:07:00 PM,2022
CR00038263,10/29/2015 06:56:00 PM,30,SNOW,DARKNESS,REAR END,NOT DIVIDED,TRAFFIC SIGNAL,IMPROPER OVERTAKING/PASSING,UNABLE TO DETERMINE,0,0,1,1,18,5,10,1740,HALSTED ST,41.778626,-87.649816,10/29/2015 07:01:00 PM,2015
CR00038264,04/11/2024 04:43:00 AM,25,CLEAR,DARKNESS - LIGHTED ROAD,REAR END,DIVIDED - W/MEDIAN (NOT RAISED),TRAFFIC SIGNAL,DISTRACTION - FROM INSIDE VEHICLE,IMPROPER LANE USAGE,0,0,1,1,4,5,4,1563,KEDZIE AVE,41.922422,-87.800518,04/11/2024 05:40:00 AM,2024
CR00038265,10/28/2019 03:03:00 PM,30,RAIN,DAYLIGHT,SIDESWIPE SAME DIRECTION,NOT DIVIDED,UNKNOWN,FOLLOWING TOO CLOSELY,FOLLOWING TOO CLOSELY,0,0,0,0,15,2,10,408,CICERO AVE,41.982953,-87.593547,10/28/2019 04:05:00 PM,2019
CR00038266,01/02/2015 09:50:00 PM,40,CLOUDY/OVERCAST,DARKNESS - LIGHTED ROAD,TURNING,NOT DIVIDED,NO CONTROLS,UNABLE TO DETERMINE,NOT APPLICABLE,0,0,0,0,21,6,1,656,FULLERTON AVE,41.98009,-87.77947,01/02/2015 09:52:00 PM,2015
CR00038267,08/20/2023 11:50:00 AM,30,FREEZING RAIN/DRIZZLE,DARKNESS - LIGHTED ROAD,REAR END,ONE-WAY,YIELD,DRIVING SKILLS/KNOWLEDGE/EXPERIENCE,FOLLOWING TOO CLOSELY,0,0,0,0,11,1,8,635,MICHIGAN AVE,41.961203,-87.702388,08/20/2023 12:22:00 PM,2023
CR00038268,05/13/2022 07:05:00 PM,25,SNOW,DAYLIGHT,PARKED MOTOR VEHICLE,DIVIDED - W/MEDIAN (NOT RAISED),TRAFFIC SIGNAL,DISREGARDING TRAFFIC SIGNALS,IMPROPER OVERTAKING/PASSING,0,0,0,0,19,6,5,895,CALIFORNIA AVE,41.879215,-87.79503,05/13/2022 08:05:00 PM,2022
CR00038269,11/23/2021 06:20:00 PM,35,CLOUDY/OVERCAST,DAWN,FIXED OBJECT,DIVIDED - W/MEDIAN BARRIER,NO CONTROLS,DRIVING SKILLS/KNOWLEDGE/EXPERIENCE,WEATHER,0,0,0,0,18,3,11,2004,STATE ST,41.891738,-87.787515,11/23/2021 06:25:00 PM,2021
CR00038270,05/14/2022 05:54:00 AM,25,RAIN,DARKNESS,ANGLE,NOT DIVIDED,TRAFFIC SIGNAL,FAILING TO YIELD RIGHT-OF-WAY,DISTRACTION - FROM INSIDE VEHICLE,0,0,1,1,5,7,5,1781,63RD ST,41.922221,-87.842138,05/14/2022 07:52:00 AM,2022