CRASH_RECORD_ID,CRASH_DATE,POSTED_SPEED_LIMIT,WEATHER_CONDITION,LIGHTING_CONDITION,FIRST_CRASH_TYPE,TRAFFICWAY_TYPE,TRAFFIC_CONTROL_DEVICE,PRIM_CONTRIBUTORY_CAUSE,SEC_CONTRIBUTORY_CAUSE,INJURIES_FATAL,INJURIES_INCAPACITATING,INJURIES_NON_INCAPACITATING,INJURIES_TOTAL,CRASH_HOUR,CRASH_DAY_OF_WEEK,CRASH_MONTH,BEAT_OF_OCCURRENCE,STREET_NAME,LATITUDE,LONGITUDE,DATE_POLICE_NOTIFIED,year
CR00038271,05/05/2022 07:55:00 PM,35,CLEAR,DARKNESS - LIGHTED ROAD,ANGLE,ONE-WAY,TRAFFIC SIGNAL,FAILING TO YIELD RIGHT-OF-WAY,NOT APPLICABLE,0,0,0,0,19,5,5,324,IRVING PARK RD,41.718715,-87.791682,05/05/2022 08:44:00 PM,2022
CR00038272,12/04/2015 01:16:00 PM,25,CLEAR,DAYLIGHT,TURNING,NOT DIVIDED,TRAFFIC SIGNAL,IMPROPER OVERTAKING/PASSING,IMPROPER LANE USAGE,0,0,1,1,13,6,12,263,IRVING PARK RD,41.912912,-87.798246,12/04/2015 03:14:00 PM,2015
CR00038273,01/04/2022 10:38:00 AM,20,RAIN,DARKNESS - LIGHTED ROAD,PEDESTRIAN,NOT DIVIDED,TRAFFIC SIGNAL,DISTRACTION - FROM INSIDE VEHICLE,UNABLE TO DETERMINE,0,0,1,1,10,3,1,2417,CALIFORNIA AVE,41.886954,-87.69399,01/04/2022 11:30:00 AM,2022
CR00038274,08/19/2018 02:12:00 AM,35,RAIN,DARKNESS - LIGHTED ROAD,REAR TO FRONT,DIVIDED - W/MEDIAN (NOT RAISED),STOP SIGN/FLASHER,IMPROPER LANE USAGE,DISTRACTION - FROM INSIDE VEHICLE,0,0,0,0,2,1,8,954,MILWAUKEE AVE,41.924809,-87.530836,08/19/2018 03:14:00 AM,2018
CR00038275,08/11/2023 03:48:00 PM,35,CLEAR,DARKNESS - LIGHTED ROAD,TURNING,NOT DIVIDED,NO CONTROLS,DRIVING SKILLS/KNOWLEDGE/EXPERIENCE,DISTRACTION - FROM INSIDE VEHICLE,0,2,0,2,15,6,8,2071,WESTERN AVE,41.91496,-87.745096,08/11/2023 05:47:00 PM,2023
CR00038276,07/07/2024 04:08:00 PM,35,CLEAR,DAYLIGHT,REAR END,FOUR WAY,NO CONTROLS,FOLLOWING TOO CLOSELY,IMPROPER OVERTAKING/PASSING,0,0,0,0,16,1,7,583,CALIFORNIA AVE,41.989845,-87.501129,07/07/2024 05:40:00 PM,2024
CR00038277,09/30/2020 07:34:00 PM,30,CLEAR,DAYLIGHT,ANGLE,NOT DIVIDED,TRAFFIC SIGNAL,FAILING TO REDUCE SPEED,IMPROPER OVERTAKING/PASSING,0,0,0,0,19,4,9,1579,PULASKI RD,41.73125,-87.501075,09/30/2020 09:32:00 PM,2020
CR00038278,08/09/2019 10:30:00 AM,40,CLEAR,DAYLIGHT,PEDESTRIAN,DIVIDED - W/MEDIAN (NOT RAISED),NO CONTROLS,UNABLE TO DETERMINE,DRIVING SKILLS/KNOWLEDGE/EXPERIENCE,0,0,0,0,10,6,8,385,KEDZIE AVE,41.804915,-87.633032,08/09/2019 11:30:00 AM,2019
CR00038279,09/28/2023 09:22:00 AM,40,CLOUDY/OVERCAST,DAYLIGHT,REAR END,FOUR WAY,STOP SIGN/FLASHER,UNABLE TO DETERMINE,WEATHER,0,1,2,3,9,5,9,2017,LAKE SHORE DR,41.943121,-87.693904,09/28/2023 09:26:00 AM,2023
CR00038280,04/04/2015 12:20:00 AM,25,CLEAR,DAYLIGHT,REAR END,NOT DIVIDED,TRAFFIC SIGNAL,UNABLE TO DETERMINE,FAILING TO REDUCE SPEED,0,0,1,1,0,7,4,250,ELSTON AVE,41.84912,-87.62198,04/04/2015 01:40:00 AM,2015
CR00038281,06/08/2018 08:42:00 AM,40,CLEAR,DAYLIGHT,ANGLE,ONE-WAY,NO CONTROLS,UNABLE TO DETERMINE,FOLLOWING TOO CLOSELY,0,0,0,0,8,6,6,688,MICHIGAN AVE,41.866537,-87.630299,06/08/2018 10:02:00 AM,2018
CR00038282,09/18/2024 12:46:00 AM,30,CLEAR,DARKNESS - LIGHTED ROAD,REAR END,NOT DIVIDED,TRAFFIC SIGNAL,FAILING TO REDUCE SPEED,UNABLE TO DETERMINE,0,0,0,0,0,4,9,1258,OGDEN AVE,41.721881,-87.753243,09/18/2024 01:20:00 AM,2024
CR00038283,02/17/2022 05:51:00 PM,25,CLOUDY/OVERCAST,DAYLIGHT,REAR END,ONE-WAY,TRAFFIC SIGNAL,UNABLE TO DETERMINE,IMPROPER OVERTAKING/PASSING,0,0,0,0,17,5,2,2126,STONY ISLAND AVE,41.887338,-87.63501,02/17/2022 06:27:00 PM,2022
CR00038284,02/01/2020 12:52:00 PM,40,CLEAR,DARKNESS - LIGHTED ROAD,TURNING,ONE-WAY,NO CONTROLS,FAILING TO YIELD RIGHT-OF-WAY,NOT APPLICABLE,0,0,0,0,12,7,2,847,STONY ISLAND AVE,41.833049,-87.748306,02/01/2020 01:08:00 PM,2020
CR00038285,03/10/2019 06:12:00 PM,30,CLEAR,DAYLIGHT,REAR END,DIVIDED - W/MEDIAN (NOT RAISED),STOP SIGN/FLASHER,UNABLE TO DETERMINE,DRIVING SKILLS/KNOWLEDGE/EXPERIENCE,0,0,2,2,18,1,3,231,MILWAUKEE AVE,41.738153,-87.574926,03/10/2019 07:26:00 PM,2019
CR00038286,06/08/2015 06:37:00 PM,15,CLEAR,DAYLIGHT,REAR END,DIVIDED - W/MEDIAN BARRIER,STOP SIGN/FLASHER,FAILING TO YIELD RIGHT-OF-WAY,FAILING TO YIELD RIGHT-OF-WAY,0,0,0,0,18,2,6,604,CICERO AVE,41.973826,-87.7725,06/08/2015 07:16:00 PM,2015
CR00038287,03/29/2019 03:20:00 PM,30,CLOUDY/OVERCAST,DAYLIGHT,REAR TO FRONT,NOT DIVIDED,NO CONTROLS,IMPROPER OVERTAKING/PASSING,UNABLE TO DETERMINE,0,0,0,0,15,6,3,885,PULASKI RD,41.737611,-87.517996,03/29/2019 03:32:00 PM,2019
CR00038288,03/27/2016 04:37:00 PM,35,CLEAR,DAYLIGHT,TURNING,DIVIDED - W/MEDIAN BARRIER,STOP SIGN/FLASHER,DISTRACTION - FROM INSIDE VEHICLE,NOT APPLICABLE,0,0,0,0,16,1,3,1237,LAKE SHORE DR,41.732421,-87.623534,03/27/2016 06:36:00 PM,2016
CR00038289,05/13/2019 08:09:00 AM,35,SNOW,DARKNESS - LIGHTED ROAD,ANGLE,NOT DIVIDED,TRAFFIC SIGNAL,UNABLE TO DETERMINE,UNABLE TO DETERMINE,0,0,0,0,8,2,5,865,STONY ISLAND AVE,41.903261,-87.548104,05/13/2019 08:33:00 AM,2019
CR00038290,08/31/2016 01:41:00 PM,40,CLEAR,DAYLIGHT,REAR END,DIVIDED - W/MEDIAN (NOT RAISED),NO CONTROLS,IMPROPER OVERTAKING/PASSING,DISREGARDING TRAFFIC SIGNALS,0,0,0,0,13,4,8,2189,ROOSEVELT RD,41.85325,-87.510608,08/31/2016 02:03:00 PM,2016
CR00038291,10/12/2016 11:36:00 AM,20,CLEAR,DAYLIGHT,FIXED OBJECT,ONE-WAY,NO CONTROLS,UNABLE TO DETERMINE,UNABLE TO DETERMINE,0,0,0,0,11,4,10,1089,CICERO AVE,41.961171,-87.61974,10/12/2016 01:15:00 PM,2016
CR00038292,08/17/2020 02:30:00 PM,30,CLEAR,DAYLIGHT,TURNING,NOT DIVIDED,NO CONTROLS,DISTRACTION - FROM INSIDE VEHICLE,FOLLOWING TOO CLOSELY,0,0,0,0,14,2,8,1197,PULASKI RD,41.86597,-87.511457,08/17/2020 03:15:00 PM,2020
CR00038293,10/26/2022 08:43:00 AM,30,FREEZING RAIN/DRIZZLE,DARKNESS,FIXED OBJECT,DIVIDED - W/MEDIAN (NOT RAISED),TRAFFIC SIGNAL,IMPROPER LANE USAGE,FOLLOWING TOO CLOSELY,0,0,0,0,8,4,10,563,MICHIGAN AVE,41.957529,-87.636022,10/26/2022 09:56:00 AM,2022
CR00038294,04/06/2024 10:42:00 AM,35,RAIN,DAYLIGHT,PARKED MOTOR VEHICLE,DIVIDED - W/MEDIAN (NOT RAISED),NO CONTROLS,FOLLOWING TOO CLOSELY,DISTRACTION - FROM INSIDE VEHICLE,0,0,1,1,10,7,4,704,CLARK ST,41.966786,-87.608699,04/06/2024 10:55:00 AM,2024
CR00038295,01/20/2019 03:00:00 PM,25,RAIN,DARKNESS - LIGHTED ROAD,FIXED OBJECT,NOT DIVIDED,TRAFFIC SIGNAL,UNABLE TO DETERMINE,NOT APPLICABLE,0,0,0,0,15,1,1,1179,LAKE SHORE DR,41.77637,-87.549777,01/20/2019 04:49:00 PM,2019
CR00038296,11/16/2018 01:25:00 PM,30,RAIN,DAWN,REAR END,DIVIDED - W/MEDIAN BARRIER,STOP SIGN/FLASHER,FAILING TO REDUCE SPEED,UNABLE TO DETERMINE,0,0,0,0,13,6,11,1962,ELSTON AVE,41.994049,-87.780964,11/16/2018 03:08:00 PM,2018
CR00038297,02/24/2015 09:36:00 AM,30,CLEAR,DARKNESS - LIGHTED ROAD,TURNING,NOT DIVIDED,STOP SIGN/FLASHER,FAILING TO YIELD RIGHT-OF-WAY,FAILING TO YIELD RIGHT-OF-WAY,0,0,0,0,9,3,2,956,STONY ISLAND AVE,41.927905,-87.654372,02/24/2015 10:18:00 AM,2015
CR00038298,03/10/2018 07:40:00 AM,25,CLEAR,DAYLIGHT,REAR END,NOT DIVIDED,TRAFFIC SIGNAL,UNABLE TO DETERMINE,UNABLE TO DETERMINE,0,0,0,0,7,7,3,2527,HALSTED ST,41.845859,-87.817989,03/10/2018 07:54:00 AM,2018
CR00038299,03/25/2021 07:25:00 AM,30,CLEAR,DAYLIGHT,PARKED MOTOR VEHICLE,DIVIDED - W/MEDIAN (NOT RAISED),NO CONTROLS,WEATHER,UNABLE TO DETERMINE,0,0,0,0,7,5,3,1717,CLARK ST,41.923116,-87.74995,03/25/2021 08:16:00 AM,2021
CR00038300,10/29/2015 02:51:00 AM,45,CLEAR,DUSK,REAR END,DIVIDED - W/MEDIAN (NOT RAISED),NO CONTROLS,IMPROPER OVERTAKING/PASSING,UNABLE TO DETERMINE,0,0,0,0,2,5,10,1851,DIVISION ST,41.894478,-87.606719,10/29/2015 03:17:00 AM,2015
CR00038301,09/15/2023 11:16:00 PM,40,CLEAR,DAYLIGHT,REAR END,NOT DIVIDED,TRAFFIC SIGNAL,UNABLE TO DETERMINE,UNABLE TO DETERMINE,0,0,0,0,23,6,9,2037,OGDEN AVE,41.787339,-87.592356,09/16/2023 12:20:00 AM,2023
CR00038302,12/05/2022 05:17:00 AM,30,RAIN,DAYLIGHT,SIDESWIPE SAME DIRECTION,NOT DIVIDED,UNKNOWN,FOLLOWING TOO CLOSELY,UNABLE TO DETERMINE,0,0,0,0,5,2,12,304,FULLERTON AVE,41.716055,-87.745205,12/05/2022 06:39:00 AM,2022
CR00038303,12/21/2019 08:57:00 AM,30,CLEAR,DAYLIGHT,TURNING,DIVIDED - W/MEDIAN BARRIER,TRAFFIC SIGNAL,FOLLOWING TOO CLOSELY,NOT APPLICABLE,0,0,0,0,8,7,12,1504,DAMEN AVE,41.793782,-87.736747,12/21/2019 10:57:00 AM,2019
CR00038304,03/14/2016 03:26:00 PM,15,CLOUDY/OVERCAST,DAYLIGHT,ANGLE,NOT DIVIDED,UNKNOWN,FOLLOWING TOO CLOSELY,NOT APPLICABLE,0,0,0,0,15,2,3,2432,CALIFORNIA AVE,41.742952,-87.847982,03/14/2016 05:20:00 PM,2016
CR00038305,08/21/2020 12:57:00 PM,35,CLEAR,DAYLIGHT,REAR END,FOUR WAY,PEDESTRIAN CROSSING SIGN,IMPROPER OVERTAKING/PASSING,DRIVING SKILLS/KNOWLEDGE/EXPERIENCE,0,0,0,0,12,6,8,759,ASHLAND AVE,41.968828,-87.714907,08/21/2020 02:43:00 PM,2020
CR00038306,04/12/2017 03:16:00 PM,30,CLEAR,DARKNESS - LIGHTED ROAD,SIDESWIPE SAME DIRECTION,NOT DIVIDED,TRAFFIC SIGNAL,DISREGARDING TRAFFIC SIGNALS,UNABLE TO DETERMINE,0,0,0,0,15,4,4,2527,MILWAUKEE AVE,41.865069,-87.683054,04/12/2017 03:46:00 PM,2017
CR00038307,08/16/2022 11:05:00 AM,45,RAIN,DARKNESS,ANGLE,DIVIDED - W/MEDIAN (NOT RAISED),STOP SIGN/FLASHER,UNABLE TO DETERMINE,UNABLE TO DETERMINE,0,0,0,0,11,3,8,2229,OGDEN AVE,41.837428,-87.716245,08/16/2022 01:05:00 PM,2022
CR00038308,11/06/2015 01:59:00 PM,30,CLEAR,DARKNESS - LIGHTED ROAD,SIDESWIPE SAME DIRECTION,NOT DIVIDED,NO CONTROLS,FAILING TO YIELD RIGHT-OF-WAY,DISTRACTION - FROM INSIDE VEHICLE,0,0,1,1,13,6,11,1491,47TH ST,41.751715,-87.636796,11/06/2015 02:34:00 PM,2015
CR00038309,07/04/2018 10:40:00 PM,35,CLEAR,DARKNESS - LIGHTED ROAD,REAR TO FRONT,DIVIDED - W/MEDIAN (NOT RAISED),TRAFFIC SIGNAL,UNABLE TO DETERMINE,DISREGARDING TRAFFIC SIGNALS,0,0,1,1,22,4,7,1686,CALIFORNIA AVE,41.935148,-87.663203,07/05/2018 12:17:00 AM,2018
CR00038310,09/29/2015 08:53:00 PM,20,CLEAR,DAYLIGHT,REAR END,ONE-WAY,NO CONTROLS,UNABLE TO DETERMINE,DISTRACTION - FROM INSIDE VEHICLE,0,0,0,0,20,3,9,296,MILWAUKEE AVE,41.860743,-87.773892,09/29/2015 10:42:00 PM,2015
CR00038311,09/17/2020 10:41:00 AM,30,CLEAR,DAYLIGHT,TURNING,NOT DIVIDED,TRAFFIC SIGNAL,UNABLE TO DETERMINE,UNABLE TO DETERMINE,0,0,0,0,10,5,9,1111,ROOSEVELT RD,41.707769,-87.636967,09/17/2020 11:03:00 AM,2020
CR00038312,08/31/2024 02:15:00 PM,30,CLEAR,DARKNESS - LIGHTED ROAD,REAR END,DIVIDED - W/MEDIAN (NOT RAISED),STOP SIGN/FLASHER,UNABLE TO DETERMINE,NOT APPLICABLE,0,0,0,0,14,7,8,2534,STONY ISLAND AVE,41.783907,-87.766418,08/31/2024 04:02:00 PM,2024
CR00038313,02/25/2021 11:41:00 AM,25,FREEZING RAIN/DRIZZLE,DAWN,SIDESWIPE SAME DIRECTION,NOT DIVIDED,TRAFFIC SIGNAL,FAILING TO YIELD RIGHT-OF-WAY,DISTRACTION - FROM INSIDE VEHICLE,0,0,1,1,11,5,2,687,WESTERN AVE,41.722604,-87.530256,02/25/2021 12:13:00 PM,2021
CR00038314,06/01/2018 06:26:00 PM,15,FREEZING RAIN/DRIZZLE,DAYLIGHT,PARKED MOTOR VEHICLE,NOT DIVIDED,NO CONTROLS,UNABLE TO DETERMINE,IMPROPER LANE USAGE,0,0,1,1,18,6,6,1060,CLARK ST,41.95373,-87.672666,06/01/2018 07:25:00 PM,2018
CR00038315,12/08/2018 07:48:00 PM,35,CLEAR,DARKNESS - LIGHTED ROAD,REAR END,NOT DIVIDED,NO CONTROLS,WEATHER,FOLLOWING TOO CLOSELY,0,0,3,3,19,7,12,1680,MICHIGAN AVE,41.714232,-87.814278,12/08/2018 09:32:00 PM,2018
CR00038316,09/03/2024 07:33:00 PM,30,SNOW,DAYLIGHT,REAR END,DIVIDED - W/MEDIAN BARRIER,TRAFFIC SIGNAL,IMPROPER OVERTAKING/PASSING,FOLLOWING TOO CLOSELY,0,0,0,0,19,3,9,1057,MILWAUKEE AVE,41.901028,-87.788584,09/03/2024 08:06:00 PM,2024
CR00038317,07/01/2022 04:53:00 PM,20,FOG/SMOKE/HAZE,DAYLIGHT,PEDESTRIAN,NOT DIVIDED,TRAFFIC SIGNAL,DISREGARDING TRAFFIC SIGNALS,DISTRACTION - FROM INSIDE VEHICLE,0,0,1,1,16,6,7,2271,MILWAUKEE AVE,41.952091,-87.671124,07/01/2022 06:07:00 PM,2022
CR00038318,07/24/2022 04:36:00 PM,15,CLOUDY/OVERCAST,DAYLIGHT,SIDESWIPE SAME DIRECTION,DIVIDED - W/MEDIAN (NOT RAISED),UNKNOWN,FOLLOWING TOO CLOSELY,DISREGARDING TRAFFIC SIGNALS,0,0,0,0,16,1,7,565,63RD ST,41.882078,-87.543268,07/24/2022 05:46:00 PM,2022
CR00038319,03/20/2021 09:55:00 AM,15,CLEAR,DARKNESS - LIGHTED ROAD,TURNING,NOT DIVIDED,NO CONTROLS,UNABLE TO DETERMINE,IMPROPER LANE USAGE,0,0,0,0,9,7,3,1080,DAMEN AVE,41.803158,-87.701915,03/20/2021 10:02:00 AM,2021
CR00038320,01/25/2016 07:16:00 PM,20,CLEAR,DARKNESS - LIGHTED ROAD,REAR END,DIVIDED - W/MEDIAN BARRIER,STOP SIGN/FLASHER,DISTRACTION - FROM INSIDE VEHICLE,DISTRACTION - FROM INSIDE VEHICLE,0,0,0,0,19,2,1,1528,KEDZIE AVE,41.997633,-87.843951,01/25/2016 07:51:00 PM,2016
CR00038321,11/04/2024 11:45:00 AM,35,CLEAR,DARKNESS - LIGHTED ROAD,TURNING,NOT DIVIDED,STOP SIGN/FLASHER,DRIVING SKILLS/KNOWLEDGE/EXPERIENCE,DISTRACTION - FROM INSIDE VEHICLE,0,0,3,3,11,2,11,460,CALIFORNIA AVE,41.836804,-87.821379,11/04/2024 01:10:00 PM,2024
CR00038322,05/03/2016 03:35:00 PM,15,CLEAR,DAYLIGHT,TURNING,ONE-WAY,NO CONTROLS,FOLLOWING TOO CLOSELY,FAILING TO YIELD RIGHT-OF-WAY,0,0,0,0,15,3,5,1345,79TH ST,41.818673,-87.653657,05/03/2016 04:44:00 PM,2016
CR00038323,07/01/2023 05:18:00 PM,30,CLEAR,DAYLIGHT,PEDESTRIAN,FOUR WAY,STOP SIGN/FLASHER,WEATHER,FOLLOWING TOO CLOSELY,0,0,0,0,17,7,7,1180,ARCHER AVE,41.734147,-87.698132,07/01/2023 06:43:00 PM,2023
CR00038324,05/22/2021 08:06:00 AM,25,CLEAR,DAYLIGHT,PEDESTRIAN,ONE-WAY,NO CONTROLS,UNABLE TO DETERMINE,UNABLE TO DETERMINE,0,0,0,0,8,7,5,2324,ARCHER AVE,41.98014,-87.78639,05/22/2021 09:14:00 AM,2021
CR00038325,12/24/2021 04:57:00 PM,20,CLEAR,DAYLIGHT,ANGLE,FOUR WAY,STOP SIGN/FLASHER,UNABLE TO DETERMINE,IMPROPER LANE USAGE,0,0,0,0,16,6,12,799,FULLERTON AVE,41.938179,-87.650694,12/24/2021 05:23:00 PM,2021
CR00038326,12/28/2017 07:46:00 PM,45,SNOW,DAYLIGHT,ANGLE,FOUR WAY,STOP SIGN/FLASHER,FAILING TO YIELD RIGHT-OF-WAY,UNABLE TO DETERMINE,0,0,0,0,19,5,12,2407,MICHIGAN AVE,41.965588,-87.652854,12/28/2017 08:56:00 PM,2017
CR00038327,03/12/2016 08:10:00 PM,30,CLEAR,DAYLIGHT,SIDESWIPE SAME DIRECTION,NOT DIVIDED,STOP SIGN/FLASHER,FOLLOWING TOO CLOSELY,FAILING TO REDUCE SPEED,0,0,0,0,20,7,3,2512,DIVISION ST,41.825949,-87.618886,03/12/2016 08:56:00 PM,2016
CR00038328,04/20/2017 04:26:00 AM,45,CLEAR,DAYLIGHT,TURNING,NOT DIVIDED,NO CONTROLS,UNABLE TO DETERMINE,NOT APPLICABLE,0,1,0,1,4,5,4,561,STATE ST,41.711013,-87.5721,04/20/2017 06:14:00 AM,2017
CR00038329,09/18/2023 09:11:00 AM,30,CLEAR,DAYLIGHT,ANGLE,ONE-WAY,TRAFFIC SIGNAL,UNABLE TO DETERMINE,FAILING TO YIELD RIGHT-OF-WAY,0,0,1,1,9,2,9,2190,OGDEN AVE,41.997294,-87.751347,09/18/2023 09:23:00 AM,2023
CR00038330,11/06/2024 04:24:00 PM,30,CLEAR,DAWN,REAR TO FRONT,FOUR WAY,NO CONTROLS,FAILING TO YIELD RIGHT-OF-WAY,FAILING TO REDUCE SPEED,0,0,0,0,16,4,11,121,ARCHER AVE,41.76481,-87.636263,11/06/2024 04:44:00 PM,2024
CR00038331,02/20/2022 04:49:00 PM,45,SNOW,DAYLIGHT,PEDESTRIAN,DIVIDED - W/MEDIAN (NOT RAISED),STOP SIGN/FLASHER,FAILING TO YIELD RIGHT-OF-WAY,NOT APPLICABLE,0,0,0,0,16,1,2,1062,MILWAUKEE AVE,41.868567,-87.81996,02/20/2022 04:50:00 PM,2022
CR00038332,01/07/2017 11:49:00 AM,20,CLEAR,DARKNESS - LIGHTED ROAD,REAR END,NOT DIVIDED,STOP SIGN/FLASHER,IMPROPER LANE USAGE,FOLLOWING TOO CLOSELY,0,0,0,0,11,7,1,2264,KEDZIE AVE,41.704822,-87.683065,01/07/2017 12:05:00 PM,2017
CR00038333,02/14/2022 03:36:00 PM,40,CLEAR,DAYLIGHT,REAR END,NOT DIVIDED,UNKNOWN,FOLLOWING TOO CLOSELY,FOLLOWING TOO CLOSELY,0,0,3,3,15,2,2,1476,ASHLAND AVE,41.910939,-87.711629,02/14/2022 04:22:00 PM,2022
CR00038334,05/22/2017 10:56:00 AM,45,CLOUDY/OVERCAST,DARKNESS - LIGHTED ROAD,TURNING,NOT DIVIDED,TRAFFIC SIGNAL,UNABLE TO DETERMINE,NOT APPLICABLE,0,0,0,0,10,2,5,1544,ARCHER AVE,41.989104,-87.529441,05/22/2017 11:26:00 AM,2017
CR00038335,12/08/2023 04:29:00 PM,30,CLEAR,DAYLIGHT,TURNING,NOT DIVIDED,TRAFFIC SIGNAL,FOLLOWING TOO CLOSELY,IMPROPER LANE USAGE,0,0,0,0,16,6,12,422,DAMEN AVE,41.764068,-87.578661,12/08/2023 04:50:00 PM,2023
CR00038336,01/14/2022 05:46:00 AM,25,CLEAR,DAYLIGHT,ANGLE,ONE-WAY,UNKNOWN,UNABLE TO DETERMINE,UNABLE TO DETERMINE,0,0,0,0,5,6,1,114,DIVISION ST,41.809008,-87.549119,01/14/2022 07:38:00 AM,2022
CR00038337,03/23/2020 12:56:00 PM,35,CLEAR,DAWN,PARKED MOTOR VEHICLE,FOUR WAY,TRAFFIC SIGNAL,UNABLE TO DETERMINE,NOT APPLICABLE,0,0,0,0,12,2,3,2175,DIVISION ST,41.720026,-87.599448,03/23/2020 02:52:00 PM,2020
CR00038338,06/07/2015 09:41:00 AM,15,FOG/SMOKE/HAZE,DAYLIGHT,REAR END,FOUR WAY,NO CONTROLS,UNABLE TO DETERMINE,UNABLE TO DETERMINE,0,0,0,0,9,1,6,2405,47TH ST,41.736368,-87.667108,06/07/2015 11:15:00 AM,2015
CR00038339,04/21/2016 10:33:00 AM,35,CLOUDY/OVERCAST,DARKNESS - LIGHTED ROAD,REAR TO FRONT,ONE-WAY,NO CONTROLS,UNABLE TO DETERMINE,DISTRACTION - FROM INSIDE VEHICLE,0,0,0,0,10,5,4,2309,HALSTED ST,41.7466,-87.806493,04/21/2016 12:18:00 PM,2016
CR00038340,10/28/2017 09:46:00 PM,30,CLEAR,DAYLIGHT,PARKED MOTOR VEHICLE,DIVIDED - W/MEDIAN BARRIER,NO CONTROLS,DISREGARDING TRAFFIC SIGNALS,UNABLE TO DETERMINE,0,0,0,0,21,7,10,2046,CLARK ST,41.922865,-87.510727,10/28/2017 10:16:00 PM,2017
CR00038341,01/31/2022 10:45:00 AM,20,CLEAR,DAYLIGHT,TURNING,DIVIDED - W/MEDIAN (NOT RAISED),YIELD,UNABLE TO DETERMINE,UNABLE TO DETERMINE,0,0,0,0,10,2,1,391,DAMEN AVE,41.744531,-87.849855,01/31/2022 11:59:00 AM,2022
CR00038342,01/12/2015 10:41:00 AM,35,RAIN,DAYLIGHT,TURNING,FOUR WAY,STOP SIGN/FLASHER,UNABLE TO DETERMINE,FOLLOWING TOO CLOSELY,0,0,0,0,10,2,1,1362,IRVING PARK RD,41.947163,-87.634369,01/12/2015 12:09:00 PM,2015
CR00038343,09/12/2017 05:35:00 PM,30,CLOUDY/OVERCAST,DAYLIGHT,SIDESWIPE SAME DIRECTION,DIVIDED - W/MEDIAN (NOT RAISED),TRAFFIC SIGNAL,FOLLOWING TOO CLOSELY,UNABLE TO DETERMINE,0,0,1,1,17,3,9,1086,STONY ISLAND AVE,41.784999,-87.649486,09/12/2017 06:00:00 PM,2017
CR00038344,02/20/2015 06:41:00 AM,45,CLEAR,DAYLIGHT,REAR END,NOT DIVIDED,TRAFFIC SIGNAL,IMPROPER LANE USAGE,FAILING TO YIELD RIGHT-OF-WAY,0,0,0,0,6,6,2,1780,ARCHER AVE,41.97518,-87.827015,02/20/2015 06:56:00 AM,2015
CR00038345,07/26/2018 03:39:00 PM,35,CLOUDY/OVERCAST,DAYLIGHT,REAR TO FRONT,DIVIDED - W/MEDIAN (NOT RAISED),YIELD,UNABLE TO DETERMINE,UNABLE TO DETERMINE,0,0,1,1,15,5,7,554,ARCHER AVE,41.828443,-87.540629,07/26/2018 05:23:00 PM,2018
CR00038346,06/12/2017 03:05:00 PM,25,CLEAR,DAYLIGHT,REAR END,ONE-WAY,STOP SIGN/FLASHER,FOLLOWING TOO CLOSELY,NOT APPLICABLE,0,0,0,0,15,2,6,1440,PULASKI RD,41.969401,-87.657993,06/12/2017 03:50:00 PM,2017
CR00038347,05/27/2022 12:41:00 PM,20,CLEAR,DAYLIGHT,REAR END,NOT DIVIDED,UNKNOWN,UNABLE TO DETERMINE,UNABLE TO DETERMINE,0,0,0,0,12,6,5,2005,DAMEN AVE,41.73407,-87.562845,05/27/2022 01:29:00 PM,2022
CR00038348,03/17/2021 06:41:00 PM,15,CLEAR,DARKNESS - LIGHTED ROAD,REAR END,NOT DIVIDED,NO CONTROLS,DRIVING SKILLS/KNOWLEDGE/EXPERIENCE,FAILING TO REDUCE SPEED,0,0,0,0,18,4,3,1937,CICERO AVE,41.86012,-87.593772,03/17/2021 08:23:00 PM,2021
CR00038349,02/07/2023 06:09:00 AM,30,CLEAR,DARKNESS - LIGHTED ROAD,SIDESWIPE SAME DIRECTION,DIVIDED - W/MEDIAN (NOT RAISED),NO CONTROLS,IMPROPER LANE USAGE,IMPROPER OVERTAKING/PASSING,0,0,0,0,6,3,2,2365,LAKE SHORE DR,41.831543,-87.845819,02/07/2023 06:17:00 AM,2023
CR00038350,01/20/2024 08:15:00 AM,30,CLEAR,DARKNESS - LIGHTED ROAD,TURNING,ONE-WAY,TRAFFIC SIGNAL,FAILING TO REDUCE SPEED,IMPROPER LANE USAGE,0,0,0,0,8,7,1,802,MICHIGAN AVE,41.701037,-87.579531,01/20/2024 09:14:00 AM,2024
CR00038351,09/11/2015 07:19:00 AM,30,CLOUDY/OVERCAST,DAYLIGHT,REAR END,NOT DIVIDED,TRAFFIC SIGNAL,WEATHER,DISREGARDING TRAFFIC SIGNALS,0,0,2,2,7,6,9,2419,ARCHER AVE,41.767779,-87.637891,09/11/2015 07:52:00 AM,2015
CR00038352,02/15/2015 01:05:00 PM,30,CLEAR,DAYLIGHT,REAR END,NOT DIVIDED,TRAFFIC SIGNAL,DRIVING SKILLS/KNOWLEDGE/EXPERIENCE,DISREGARDING TRAFFIC SIGNALS,0,0,1,1,13,1,2,1189,63RD ST,41.775571,-87.823781,02/15/2015 03:01:00 PM,2015
CR00038353,08/24/2015 04:22:00 AM,20,CLEAR,DAYLIGHT,REAR END,FOUR WAY,TRAFFIC SIGNAL,FAILING TO YIELD RIGHT-OF-WAY,IMPROPER LANE USAGE,0,0,0,0,4,2,8,810,CLARK ST,41.993606,-87.630524,08/24/2015 05:46:00 AM,2015