CRASH_RECORD_ID,CRASH_DATE,POSTED_SPEED_LIMIT,WEATHER_CONDITION,LIGHTING_CONDITION,FIRST_CRASH_TYPE,TRAFFICWAY_TYPE,TRAFFIC_CONTROL_DEVICE,PRIM_CONTRIBUTORY_CAUSE,SEC_CONTRIBUTORY_CAUSE,INJURIES_FATAL,INJURIES_INCAPACITATING,INJURIES_NON_INCAPACITATING,INJURIES_TOTAL,CRASH_HOUR,CRASH_DAY_OF_WEEK,CRASH_MONTH,BEAT_OF_OCCURRENCE,STREET_NAME,LATITUDE,LONGITUDE,DATE_POLICE_NOTIFIED,year
CR00038354,07/06/2017 05:43:00 PM,15,CLEAR,DARKNESS - LIGHTED ROAD,ANGLE,NOT DIVIDED,TRAFFIC SIGNAL,FAILING TO YIELD RIGHT-OF-WAY,FAILING TO YIELD RIGHT-OF-WAY,0,0,0,0,17,5,7,1108,WESTERN AVE,41.851124,-87.756042,07/06/2017 06:22:00 PM,2017
CR00038355,04/28/2021 08:34:00 AM,35,CLOUDY/OVERCAST,DARKNESS - LIGHTED ROAD,REAR TO FRONT,DIVIDED - W/MEDIAN BARRIER,UNKNOWN,IMPROPER OVERTAKING/PASSING,NOT APPLICABLE,0,0,0,0,8,4,4,367,CALIFORNIA AVE,41.951533,-87.613237,04/28/2021 10:13:00 AM,2021
CR00038356,02/16/2024 06:07:00 PM,40,CLEAR,DARKNESS - LIGHTED ROAD,TURNING,NOT DIVIDED,TRAFFIC SIGNAL,UNABLE TO DETERMINE,UNABLE TO DETERMINE,0,0,0,0,18,6,2,748,FULLERTON AVE,41.794129,-87.711839,02/16/2024 07:25:00 PM,2024
CR00038357,04/13/2024 09:42:00 AM,20,RAIN,DAYLIGHT,TURNING,NOT DIVIDED,TRAFFIC SIGNAL,FOLLOWING TOO CLOSELY,FAILING TO YIELD RIGHT-OF-WAY,0,0,0,0,9,7,4,2086,79TH ST,41.746845,-87.711075,04/13/2024 11:17:00 AM,2024
CR00038358,03/31/2019 08:46:00 AM,15,SNOW,DAYLIGHT,REAR END,ONE-WAY,NO CONTROLS,DRIVING SKILLS/KNOWLEDGE/EXPERIENCE,NOT APPLICABLE,0,1,1,2,8,1,3,855,ASHLAND AVE,41.781764,-87.795904,03/31/2019 09:58:00 AM,2019
CR00038359,01/31/2018 07:18:00 AM,35,CLEAR,DARKNESS - LIGHTED ROAD,SIDESWIPE SAME DIRECTION,DIVIDED - W/MEDIAN BARRIER,TRAFFIC SIGNAL,FAILING TO REDUCE SPEED,FOLLOWING TOO CLOSELY,0,0,0,0,7,4,1,1855,79TH ST,41.934557,-87.628586,01/31/2018 08:56:00 AM,2018
CR00038360,09/23/2024 08:06:00 AM,45,CLEAR,DARKNESS,PARKED MOTOR VEHICLE,NOT DIVIDED,TRAFFIC SIGNAL,IMPROPER LANE USAGE,IMPROPER LANE USAGE,0,0,0,0,8,2,9,1916,79TH ST,41.718384,-87.546765,09/23/2024 08:58:00 AM,2024
CR00038361,11/01/2016 05:03:00 PM,35,CLEAR,DAYLIGHT,REAR END,T-INTERSECTION,NO CONTROLS,DISREGARDING TRAFFIC SIGNALS,FAILING TO YIELD RIGHT-OF-WAY,0,0,1,1,17,3,11,862,MILWAUKEE AVE,41.791637,-87.583359,11/01/2016 05:39:00 PM,2016
CR00038362,09/11/2020 05:33:00 PM,25,CLEAR,DAYLIGHT,REAR END,DIVIDED - W/MEDIAN (NOT RAISED),STOP SIGN/FLASHER,UNABLE TO DETERMINE,UNABLE TO DETERMINE,0,0,0,0,17,6,9,1072,ROOSEVELT RD,41.980557,-87.565152,09/11/2020 06:48:00 PM,2020
CR00038363,02/14/2019 03:04:00 AM,30,CLEAR,DARKNESS - LIGHTED ROAD,ANGLE,ONE-WAY,NO CONTROLS,DRIVING SKILLS/KNOWLEDGE/EXPERIENCE,FOLLOWING TOO CLOSELY,0,0,0,0,3,5,2,2319,OGDEN AVE,41.873771,-87.528642,02/14/2019 03:32:00 AM,2019
CR00038364,01/15/2017 01:59:00 AM,35,RAIN,DAWN,REAR END,ONE-WAY,NO CONTROLS,DRIVING SKILLS/KNOWLEDGE/EXPERIENCE,FOLLOWING TOO CLOSELY,0,0,3,3,1,1,1,1656,ASHLAND AVE,41.833602,-87.82943,01/15/2017 02:32:00 AM,2017
CR00038365,08/31/2021 06:10:00 PM,35,CLEAR,DARKNESS,ANGLE,NOT DIVIDED,STOP SIGN/FLASHER,UNABLE TO DETERMINE,FAILING TO YIELD RIGHT-OF-WAY,0,0,0,0,18,3,8,1878,LAKE SHORE DR,41.739881,-87.539038,08/31/2021 06:49:00 PM,2021
CR00038366,08/08/2021 06:19:00 PM,45,CLEAR,DAYLIGHT,REAR END,NOT DIVIDED,STOP SIGN/FLASHER,IMPROPER OVERTAKING/PASSING,IMPROPER OVERTAKING/PASSING,0,0,0,0,18,1,8,546,PULASKI RD,41.803572,-87.698616,08/08/2021 07:04:00 PM,2021
CR00038367,09/12/2018 06:20:00 PM,35,CLEAR,DARKNESS - LIGHTED ROAD,SIDESWIPE SAME DIRECTION,NOT DIVIDED,STOP SIGN/FLASHER,UNABLE TO DETERMINE,NOT APPLICABLE,0,0,0,0,18,4,9,154,IRVING PARK RD,41.792424,-87.592269,09/12/2018 07:56:00 PM,2018
CR00038368,12/25/2015 06:23:00 PM,30,CLEAR,DAYLIGHT,REAR END,DIVIDED - W/MEDIAN (NOT RAISED),TRAFFIC SIGNAL,FOLLOWING TOO CLOSELY,FAILING TO REDUCE SPEED,0,0,0,0,18,6,12,2344,WESTERN AVE,41.980182,-87.629519,12/25/2015 08:21:00 PM,2015
CR00038369,07/21/2019 01:53:00 PM,30,CLEAR,DAYLIGHT,PARKED MOTOR VEHICLE,DIVIDED - W/MEDIAN (NOT RAISED),NO CONTROLS,IMPROPER LANE USAGE,FOLLOWING TOO CLOSELY,0,0,0,0,13,1,7,1911,DAMEN AVE,41.984707,-87.718493,07/21/2019 02:43:00 PM,2019
CR00038370,09/05/2018 04:21:00 PM,35,CLEAR,DARKNESS - LIGHTED ROAD,SIDESWIPE SAME DIRECTION,DIVIDED - W/MEDIAN BARRIER,STOP SIGN/FLASHER,FOLLOWING TOO CLOSELY,UNABLE TO DETERMINE,0,0,0,0,16,4,9,2062,MILWAUKEE AVE,41.880128,-87.625438,09/05/2018 05:19:00 PM,2018
CR00038371,03/28/2015 05:23:00 AM,35,CLEAR,DAYLIGHT,REAR END,NOT DIVIDED,STOP SIGN/FLASHER,UNABLE TO DETERMINE,DISTRACTION - FROM INSIDE VEHICLE,0,0,0,0,5,7,3,1947,DAMEN AVE,41.913993,-87.505763,03/28/2015 05:48:00 AM,2015
CR00038372,09/13/2024 04:04:00 AM,20,CLEAR,DAYLIGHT,REAR END,DIVIDED - W/MEDIAN (NOT RAISED),NO CONTROLS,UNABLE TO DETERMINE,NOT APPLICABLE,0,0,0,0,4,6,9,2069,IRVING PARK RD,41.958836,-87.820767,09/13/2024 05:41:00 AM,2024
CR00038373,08/07/2018 06:07:00 PM,35,RAIN,DAYLIGHT,PARKED MOTOR VEHICLE,DIVIDED - W/MEDIAN (NOT RAISED),STOP SIGN/FLASHER,FOLLOWING TOO CLOSELY,WEATHER,0,0,0,0,18,3,8,175,ARCHER AVE,41.707663,-87.761108,08/07/2018 07:07:00 PM,2018
CR00038374,11/06/2024 09:39:00 PM,30,CLEAR,DAYLIGHT,ANGLE,DIVIDED - W/MEDIAN (NOT RAISED),NO CONTROLS,IMPROPER OVERTAKING/PASSING,FOLLOWING TOO CLOSELY,0,0,0,0,21,4,11,844,STATE ST,41.928666,-87.802868,11/06/2024 09:53:00 PM,2024
CR00038375,03/18/2017 09:46:00 AM,20,CLEAR,DAYLIGHT,REAR END,ONE-WAY,TRAFFIC SIGNAL,IMPROPER LANE USAGE,FAILING TO REDUCE SPEED,0,0,0,0,9,7,3,1930,LAKE SHORE DR,41.886727,-87.52821,03/18/2017 10:58:00 AM,2017
CR00038376,07/10/2018 11:00:00 AM,20,CLEAR,DARKNESS - LIGHTED ROAD,SIDESWIPE SAME DIRECTION,NOT DIVIDED,TRAFFIC SIGNAL,UNABLE TO DETERMINE,DRIVING SKILLS/KNOWLEDGE/EXPERIENCE,0,0,0,0,11,3,7,1793,IRVING PARK RD,41.923122,-87.67631,07/10/2018 12:10:00 PM,2018
CR00038377,05/02/2023 08:37:00 PM,30,CLEAR,DAYLIGHT,REAR END,DIVIDED - W/MEDIAN BARRIER,NO CONTROLS,FAILING TO YIELD RIGHT-OF-WAY,FOLLOWING TOO CLOSELY,0,0,0,0,20,3,5,410,OGDEN AVE,41.766656,-87.543095,05/02/2023 08:59:00 PM,2023
CR00038378,12/18/2022 01:01:00 PM,40,CLEAR,DARKNESS - LIGHTED ROAD,SIDESWIPE SAME DIRECTION,ONE-WAY,NO CONTROLS,DISREGARDING TRAFFIC SIGNALS,FOLLOWING TOO CLOSELY,0,0,0,0,13,1,12,1939,ASHLAND AVE,41.722855,-87.597161,12/18/2022 01:57:00 PM,2022
CR00038379,02/04/2022 10:30:00 PM,40,FOG/SMOKE/HAZE,DAYLIGHT,TURNING,ONE-WAY,NO CONTROLS,FAILING TO YIELD RIGHT-OF-WAY,UNABLE TO DETERMINE,0,0,0,0,22,6,2,1862,ROOSEVELT RD,41.924871,-87.574049,02/04/2022 11:33:00 PM,2022
CR00038380,04/22/2023 02:40:00 PM,40,CLOUDY/OVERCAST,DARKNESS - LIGHTED ROAD,SIDESWIPE SAME DIRECTION,NOT DIVIDED,TRAFFIC SIGNAL,UNABLE TO DETERMINE,DISREGARDING TRAFFIC SIGNALS,0,0,0,0,14,7,4,2166,FULLERTON AVE,41.728758,-87.619594,04/22/2023 03:51:00 PM,2023
CR00038381,07/23/2021 04:31:00 AM,20,CLEAR,DAYLIGHT,REAR TO FRONT,DIVIDED - W/MEDIAN BARRIER,STOP SIGN/FLASHER,IMPROPER OVERTAKING/PASSING,NOT APPLICABLE,0,0,2,2,4,6,7,218,OGDEN AVE,41.872809,-87.688065,07/23/2021 06:20:00 AM,2021
CR00038382,05/18/2017 03:18:00 PM,45,CLEAR,DARKNESS - LIGHTED ROAD,TURNING,DIVIDED - W/MEDIAN (NOT RAISED),PEDESTRIAN CROSSING SIGN,FOLLOWING TOO CLOSELY,NOT APPLICABLE,0,0,0,0,15,5,5,1444,79TH ST,41.760173,-87.552514,05/18/2017 04:53:00 PM,2017
CR00038383,12/04/2019 09:11:00 AM,35,RAIN,DAYLIGHT,TURNING,NOT DIVIDED,NO CONTROLS,FAILING TO REDUCE SPEED,FAILING TO YIELD RIGHT-OF-WAY,0,0,1,1,9,4,12,647,79TH ST,41.898509,-87.544489,12/04/2019 10:03:00 AM,2019
CR00038384,03/08/2020 03:19:00 PM,25,CLEAR,DAYLIGHT,REAR END,DIVIDED - W/MEDIAN (NOT RAISED),TRAFFIC SIGNAL,UNABLE TO DETERMINE,NOT APPLICABLE,0,0,0,0,15,1,3,823,ELSTON AVE,41.808062,-87.764951,03/08/2020 03:26:00 PM,2020
CR00038385,08/30/2018 04:46:00 PM,15,CLEAR,DARKNESS - LIGHTED ROAD,PEDESTRIAN,ONE-WAY,NO CONTROLS,FAILING TO YIELD RIGHT-OF-WAY,FOLLOWING TOO CLOSELY,0,0,0,0,16,5,8,2217,ASHLAND AVE,41.874146,-87.685549,08/30/2018 05:06:00 PM,2018
CR00038386,07/19/2023 09:54:00 PM,45,CLOUDY/OVERCAST,DARKNESS - LIGHTED ROAD,SIDESWIPE SAME DIRECTION,FOUR WAY,UNKNOWN,UNABLE TO DETERMINE,IMPROPER OVERTAKING/PASSING,0,0,0,0,21,4,7,623,MILWAUKEE AVE,41.831164,-87.790772,07/19/2023 10:05:00 PM,2023
CR00038387,11/03/2022 05:15:00 PM,30,CLEAR,DARKNESS,PARKED MOTOR VEHICLE,NOT DIVIDED,NO CONTROLS,FOLLOWING TOO CLOSELY,NOT APPLICABLE,0,0,0,0,17,5,11,518,47TH ST,41.928027,-87.624128,11/03/2022 05:17:00 PM,2022
CR00038388,12/25/2016 06:46:00 AM,35,FREEZING RAIN/DRIZZLE,DAYLIGHT,TURNING,NOT DIVIDED,NO CONTROLS,FAILING TO REDUCE SPEED,UNABLE TO DETERMINE,0,0,0,0,6,1,12,2245,KEDZIE AVE,41.859304,-87.728014,12/25/2016 08:24:00 AM,2016
CR00038389,03/28/2020 07:27:00 AM,30,FOG/SMOKE/HAZE,DAYLIGHT,PEDESTRIAN,DIVIDED - W/MEDIAN BARRIER,STOP SIGN/FLASHER,IMPROPER OVERTAKING/PASSING,IMPROPER LANE USAGE,0,0,0,0,7,7,3,1305,DAMEN AVE,41.927014,-87.650025,03/28/2020 08:42:00 AM,2020
CR00038390,09/27/2022 04:04:00 AM,15,CLEAR,DUSK,PARKED MOTOR VEHICLE,DIVIDED - W/MEDIAN (NOT RAISED),UNKNOWN,UNABLE TO DETERMINE,DRIVING SKILLS/KNOWLEDGE/EXPERIENCE,0,0,0,0,4,3,9,1533,ROOSEVELT RD,41.99786,-87.507303,09/27/2022 04:29:00 AM,2022
CR00038391,03/01/2016 11:48:00 AM,45,CLEAR,DAYLIGHT,SIDESWIPE SAME DIRECTION,NOT DIVIDED,TRAFFIC SIGNAL,UNABLE TO DETERMINE,NOT APPLICABLE,0,0,0,0,11,3,3,2529,IRVING PARK RD,41.846421,-87.725173,03/01/2016 11:58:00 AM,2016
CR00038392,11/24/2016 07:25:00 AM,30,CLEAR,DUSK,REAR END,NOT DIVIDED,NO CONTROLS,WEATHER,UNABLE TO DETERMINE,0,0,0,0,7,5,11,447,HALSTED ST,41.803206,-87.524351,11/24/2016 09:02:00 AM,2016
CR00038393,12/10/2017 06:35:00 PM,45,CLEAR,DAYLIGHT,REAR END,FOUR WAY,UNKNOWN,DISREGARDING TRAFFIC SIGNALS,FOLLOWING TOO CLOSELY,0,0,0,0,18,1,12,1439,CICERO AVE,41.929564,-87.681036,12/10/2017 08:29:00 PM,2017
CR00038394,10/01/2023 04:26:00 PM,35,CLEAR,DAYLIGHT,SIDESWIPE SAME DIRECTION,NOT DIVIDED,NO CONTROLS,UNABLE TO DETERMINE,UNABLE TO DETERMINE,0,0,0,0,16,1,10,1241,PULASKI RD,41.962729,-87.679574,10/01/2023 05:17:00 PM,2023
CR00038395,10/30/2018 07:21:00 AM,20,CLEAR,DAYLIGHT,TURNING,NOT DIVIDED,TRAFFIC SIGNAL,UNABLE TO DETERMINE,UNABLE TO DETERMINE,0,0,0,0,7,3,10,1032,LAKE SHORE DR,41.881716,-87.616242,10/30/2018 07:23:00 AM,2018
CR00038396,09/08/2022 03:05:00 PM,30,CLOUDY/OVERCAST,DAYLIGHT,SIDESWIPE SAME DIRECTION,ONE-WAY,NO CONTROLS,DRIVING SKILLS/KNOWLEDGE/EXPERIENCE,UNABLE TO DETERMINE,0,0,0,0,15,5,9,1061,DIVISION ST,41.879161,-87.693019,09/08/2022 04:40:00 PM,2022
CR00038397,05/25/2022 04:42:00 PM,25,CLEAR,DAYLIGHT,REAR END,FOUR WAY,TRAFFIC SIGNAL,WEATHER,FAILING TO REDUCE SPEED,0,0,0,0,16,4,5,1815,MICHIGAN AVE,41.703281,-87.638157,05/25/2022 05:53:00 PM,2022
CR00038398,03/08/2017 08:04:00 PM,15,CLEAR,DAYLIGHT,REAR TO FRONT,NOT DIVIDED,NO CONTROLS,IMPROPER OVERTAKING/PASSING,UNABLE TO DETERMINE,0,0,0,0,20,4,3,1823,IRVING PARK RD,41.929402,-87.692562,03/08/2017 08:09:00 PM,2017
CR00038399,11/03/2016 08:24:00 AM,35,SNOW,DAYLIGHT,REAR END,ONE-WAY,STOP SIGN/FLASHER,IMPROPER LANE USAGE,DISREGARDING TRAFFIC SIGNALS,0,0,0,0,8,5,11,904,STATE ST,41.758883,-87.842744,11/03/2016 09:42:00 AM,2016
CR00038400,08/08/2021 04:08:00 PM,30,RAIN,DAYLIGHT,REAR END,DIVIDED - W/MEDIAN (NOT RAISED),TRAFFIC SIGNAL,IMPROPER LANE USAGE,DRIVING SKILLS/KNOWLEDGE/EXPERIENCE,0,0,0,0,16,1,8,1815,MILWAUKEE AVE,41.761048,-87.511816,08/08/2021 04:24:00 PM,2021
CR00038401,01/16/2018 04:50:00 AM,30,CLEAR,DAYLIGHT,TURNING,DIVIDED - W/MEDIAN BARRIER,YIELD,DRIVING SKILLS/KNOWLEDGE/EXPERIENCE,UNABLE TO DETERMINE,0,0,0,0,4,3,1,454,MILWAUKEE AVE,41.900321,-87.73185,01/16/2018 06:12:00 AM,2018
CR00038402,09/18/2022 02:31:00 AM,45,CLEAR,DARKNESS - LIGHTED ROAD,REAR END,DIVIDED - W/MEDIAN (NOT RAISED),STOP SIGN/FLASHER,UNABLE TO DETERMINE,FOLLOWING TOO CLOSELY,0,0,0,0,2,1,9,1745,ELSTON AVE,41.899081,-87.56502,09/18/2022 03:16:00 AM,2022
CR00038403,11/10/2024 06:52:00 PM,15,RAIN,DAWN,REAR END,NOT DIVIDED,STOP SIGN/FLASHER,FAILING TO YIELD RIGHT-OF-WAY,UNABLE TO DETERMINE,0,0,0,0,18,1,11,1947,CALIFORNIA AVE,41.858405,-87.834815,11/10/2024 08:24:00 PM,2024
CR00038404,02/06/2023 03:25:00 PM,25,CLEAR,DARKNESS,FIXED OBJECT,FOUR WAY,NO CONTROLS,DISTRACTION - FROM INSIDE VEHICLE,DISREGARDING TRAFFIC SIGNALS,0,0,1,1,15,2,2,878,BROADWAY,41.997376,-87.826213,02/06/2023 05:14:00 PM,2023
CR00038405,05/02/2022 03:52:00 PM,35,CLEAR,DAWN,TURNING,FOUR WAY,STOP SIGN/FLASHER,IMPROPER LANE USAGE,NOT APPLICABLE,0,0,0,0,15,2,5,2094,KEDZIE AVE,41.977121,-87.756244,05/02/2022 04:58:00 PM,2022
CR00038406,05/26/2022 04:12:00 AM,30,CLEAR,DAYLIGHT,ANGLE,NOT DIVIDED,NO CONTROLS,FAILING TO YIELD RIGHT-OF-WAY,NOT APPLICABLE,0,0,0,0,4,5,5,2353,OGDEN AVE,41.86687,-87.798885,05/26/2022 05:42:00 AM,2022
CR00038407,07/22/2017 04:50:00 PM,30,CLEAR,DAYLIGHT,SIDESWIPE SAME DIRECTION,ONE-WAY,STOP SIGN/FLASHER,UNABLE TO DETERMINE,NOT APPLICABLE,0,0,0,0,16,7,7,2163,79TH ST,41.985789,-87.601627,07/22/2017 05:41:00 PM,2017
CR00038408,12/12/2021 07:11:00 AM,30,CLOUDY/OVERCAST,DARKNESS - LIGHTED ROAD,PARKED MOTOR VEHICLE,NOT DIVIDED,STOP SIGN/FLASHER,FOLLOWING TOO CLOSELY,IMPROPER OVERTAKING/PASSING,0,0,0,0,7,1,12,2505,PULASKI RD,41.873023,-87.711691,12/12/2021 07:32:00 AM,2021
CR00038409,12/06/2016 11:49:00 AM,35,CLEAR,DAYLIGHT,ANGLE,DIVIDED - W/MEDIAN BARRIER,NO CONTROLS,IMPROPER LANE USAGE,FAILING TO REDUCE SPEED,0,0,0,0,11,3,12,379,HALSTED ST,41.963436,-87.831319,12/06/2016 12:10:00 PM,2016
CR00038410,09/12/2019 11:58:00 PM,15,CLEAR,DARKNESS,PEDESTRIAN,DIVIDED - W/MEDIAN BARRIER,NO CONTROLS,UNABLE TO DETERMINE,UNABLE TO DETERMINE,0,0,0,0,23,5,9,1925,ARCHER AVE,41.702447,-87.587057,09/13/2019 12:50:00 AM,2019
CR00038411,02/22/2022 03:26:00 PM,35,CLOUDY/OVERCAST,DAYLIGHT,PARKED MOTOR VEHICLE,ONE-WAY,STOP SIGN/FLASHER,FOLLOWING TOO CLOSELY,NOT APPLICABLE,0,0,1,1,15,3,2,895,STATE ST,41.755114,-87.840252,02/22/2022 04:34:00 PM,2022
CR00038412,06/27/2024 06:11:00 PM,20,RAIN,DAYLIGHT,SIDESWIPE SAME DIRECTION,NOT DIVIDED,NO CONTROLS,UNABLE TO DETERMINE,FAILING TO REDUCE SPEED,0,0,0,0,18,5,6,2316,MILWAUKEE AVE,41.718347,-87.546435,06/27/2024 07:16:00 PM,2024
CR00038413,11/07/2015 02:16:00 AM,30,CLEAR,DAYLIGHT,SIDESWIPE SAME DIRECTION,DIVIDED - W/MEDIAN (NOT RAISED),TRAFFIC SIGNAL,UNABLE TO DETERMINE,NOT APPLICABLE,0,0,0,0,2,7,11,1890,CALIFORNIA AVE,41.985617,-87.519263,11/07/2015 02:44:00 AM,2015
CR00038414,01/12/2024 10:52:00 PM,30,CLEAR,DAYLIGHT,REAR TO FRONT,NOT DIVIDED,TRAFFIC SIGNAL,UNABLE TO DETERMINE,IMPROPER LANE USAGE,0,0,0,0,22,6,1,976,FULLERTON AVE,41.731049,-87.843334,01/13/2024 12:45:00 AM,2024
CR00038415,06/08/2017 07:16:00 AM,40,CLOUDY/OVERCAST,DARKNESS - LIGHTED ROAD,REAR END,NOT DIVIDED,STOP SIGN/FLASHER,UNABLE TO DETERMINE,FAILING TO YIELD RIGHT-OF-WAY,0,0,0,0,7,5,6,2232,CICERO AVE,41.72676,-87.579023,06/08/2017 07:45:00 AM,2017
CR00038416,07/17/2020 09:08:00 AM,25,SNOW,DARKNESS - LIGHTED ROAD,PARKED MOTOR VEHICLE,DIVIDED - W/MEDIAN (NOT RAISED),PEDESTRIAN CROSSING SIGN,UNABLE TO DETERMINE,UNABLE TO DETERMINE,0,0,0,0,9,6,7,937,HALSTED ST,41.884555,-87.616506,07/17/2020 10:46:00 AM,2020
CR00038417,10/20/2017 01:18:00 AM,40,CLEAR,DUSK,REAR TO FRONT,NOT DIVIDED,NO CONTROLS,FAILING TO YIELD RIGHT-OF-WAY,NOT APPLICABLE,0,0,0,0,1,6,10,120,CLARK ST,41.764214,-87.640865,10/20/2017 01:30:00 AM,2017
CR00038418,11/19/2017 04:57:00 PM,30,CLEAR,DAWN,TURNING,NOT DIVIDED,UNKNOWN,FAILING TO REDUCE SPEED,UNABLE TO DETERMINE,0,0,0,0,16,1,11,479,LAKE SHORE DR,41.93134,-87.848452,11/19/2017 06:39:00 PM,2017
CR00038419,03/08/2024 07:44:00 AM,30,CLEAR,DAYLIGHT,REAR END,DIVIDED - W/MEDIAN (NOT RAISED),PEDESTRIAN CROSSING SIGN,UNABLE TO DETERMINE,NOT APPLICABLE,0,0,3,3,7,6,3,1786,DAMEN AVE,41.806405,-87.826325,03/08/2024 08:06:00 AM,2024
CR00038420,04/24/2015 07:16:00 AM,20,CLEAR,DAYLIGHT,REAR END,ONE-WAY,UNKNOWN,DISREGARDING TRAFFIC SIGNALS,NOT APPLICABLE,0,0,1,1,7,6,4,1084,CLARK ST,41.803179,-87.513719,04/24/2015 08:31:00 AM,2015
CR00038421,09/09/2016 08:18:00 PM,25,CLEAR,DAYLIGHT,PARKED MOTOR VEHICLE,DIVIDED - W/MEDIAN BARRIER,NO CONTROLS,UNABLE TO DETERMINE,UNABLE TO DETERMINE,0,0,1,1,20,6,9,1710,ASHLAND AVE,41.931189,-87.781333,09/09/2016 09:45:00 PM,2016
CR00038422,11/26/2022 05:09:00 PM,30,CLEAR,DAYLIGHT,ANGLE,NOT DIVIDED,NO CONTROLS,UNABLE TO DETERMINE,NOT APPLICABLE,0,0,2,2,17,7,11,1725,CLARK ST,41.854288,-87.600273,11/26/2022 06:19:00 PM,2022
CR00038423,11/30/2018 12:44:00 PM,20,CLEAR,DAYLIGHT,TURNING,NOT DIVIDED,NO CONTROLS,FOLLOWING TOO CLOSELY,FAILING TO YIELD RIGHT-OF-WAY,0,0,0,0,12,6,11,483,FULLERTON AVE,41.875137,-87.686349,11/30/2018 01:59:00 PM,2018
CR00038424,01/24/2018 06:43:00 AM,30,RAIN,DARKNESS - LIGHTED ROAD,PARKED MOTOR VEHICLE,NOT DIVIDED,STOP SIGN/FLASHER,FAILING TO YIELD RIGHT-OF-WAY,FOLLOWING TOO CLOSELY,0,0,0,0,6,4,1,1949,DAMEN AVE,41.765809,-87.68396,01/24/2018 08:23:00 AM,2018
CR00038425,02/07/2024 01:04:00 AM,25,CLEAR,DAYLIGHT,REAR TO FRONT,DIVIDED - W/MEDIAN BARRIER,TRAFFIC SIGNAL,FAILING TO REDUCE SPEED,UNABLE TO DETERMINE,0,0,0,0,1,4,2,1029,DAMEN AVE,41.974042,-87.818958,02/07/2024 02:13:00 AM,2024
CR00038426,12/08/2023 08:41:00 AM,25,CLEAR,DAYLIGHT,TURNING,ONE-WAY,STOP SIGN/FLASHER,IMPROPER LANE USAGE,UNABLE TO DETERMINE,0,0,2,2,8,6,12,1660,79TH ST,41.748984,-87.516813,12/08/2023 08:55:00 AM,2023
CR00038427,07/29/2017 05:08:00 PM,40,FOG/SMOKE/HAZE,DAYLIGHT,ANGLE,T-INTERSECTION,NO CONTROLS,DISTRACTION - FROM INSIDE VEHICLE,FAILING TO YIELD RIGHT-OF-WAY,0,0,0,0,17,7,7,2523,ELSTON AVE,41.851629,-87.698237,07/29/2017 06:19:00 PM,2017
CR00038428,09/08/2018 11:04:00 AM,45,RAIN,DARKNESS - LIGHTED ROAD,SIDESWIPE SAME DIRECTION,ONE-WAY,TRAFFIC SIGNAL,FAILING TO REDUCE SPEED,UNABLE TO DETERMINE,0,2,2,4,11,7,9,2243,HALSTED ST,41.706069,-87.500441,09/08/2018 11:25:00 AM,2018
CR00038429,01/13/2021 04:46:00 PM,35,RAIN,DAYLIGHT,REAR END,ONE-WAY,STOP SIGN/FLASHER,IMPROPER LANE USAGE,IMPROPER OVERTAKING/PASSING,0,0,0,0,16,4,1,747,LAKE SHORE DR,41.739283,-87.705361,01/13/2021 04:54:00 PM,2021
CR00038430,10/27/2016 08:35:00 AM,15,FOG/SMOKE/HAZE,DAYLIGHT,REAR END,DIVIDED - W/MEDIAN (NOT RAISED),UNKNOWN,UNABLE TO DETERMINE,DRIVING SKILLS/KNOWLEDGE/EXPERIENCE,0,2,0,2,8,5,10,1966,ASHLAND AVE,41.865602,-87.65033,10/27/2016 09:52:00 AM,2016
CR00038431,06/13/2020 11:33:00 PM,30,CLEAR,DARKNESS - LIGHTED ROAD,REAR END,NOT DIVIDED,NO CONTROLS,UNABLE TO DETERMINE,UNABLE TO DETERMINE,0,0,0,0,23,7,6,823,STONY ISLAND AVE,41.73229,-87.610126,06/14/2020 12:28:00 AM,2020
CR00038432,08/11/2016 05:31:00 PM,35,CLEAR,DAYLIGHT,SIDESWIPE SAME DIRECTION,NOT DIVIDED,TRAFFIC SIGNAL,IMPROPER OVERTAKING/PASSING,DISTRACTION - FROM INSIDE VEHICLE,0,0,2,2,17,5,8,2019,STONY ISLAND AVE,41.792665,-87.683803,08/11/2016 07:31:00 PM,2016
CR00038433,08/27/2020 06:43:00 PM,15,CLEAR,DAYLIGHT,PARKED MOTOR VEHICLE,T-INTERSECTION,NO CONTROLS,UNABLE TO DETERMINE,UNABLE TO DETERMINE,0,0,0,0,18,5,8,1626,CLARK ST,41.928353,-87.770267,08/27/2020 07:21:00 PM,2020
CR00038434,07/04/2023 05:32:00 PM,30,CLEAR,DAYLIGHT,REAR END,ONE-WAY,TRAFFIC SIGNAL,DRIVING SKILLS/KNOWLEDGE/EXPERIENCE,NOT APPLICABLE,0,0,0,0,17,3,7,1375,ARCHER AVE,41.763858,-87.658,07/04/2023 05:46:00 PM,2023
CR00038435,04/22/2019 03:56:00 PM,25,RAIN,DAYLIGHT,REAR TO FRONT,ONE-WAY,NO CONTROLS,FOLLOWING TOO CLOSELY,IMPROPER LANE USAGE,0,0,0,0,15,2,4,1975,WESTERN AVE,41.728888,-87.586351,04/22/2019 04:13:00 PM,2019