CRASH_RECORD_ID,CRASH_DATE,POSTED_SPEED_LIMIT,WEATHER_CONDITION,LIGHTING_CONDITION,FIRST_CRASH_TYPE,TRAFFICWAY_TYPE,TRAFFIC_CONTROL_DEVICE,PRIM_CONTRIBUTORY_CAUSE,SEC_CONTRIBUTORY_CAUSE,INJURIES_FATAL,INJURIES_INCAPACITATING,INJURIES_NON_INCAPACITATING,INJURIES_TOTAL,CRASH_HOUR,CRASH_DAY_OF_WEEK,CRASH_MONTH,BEAT_OF_OCCURRENCE,STREET_NAME,LATITUDE,LONGITUDE,DATE_POLICE_NOTIFIED,year
CR00038436,03/19/2020 05:35:00 PM,35,RAIN,DARKNESS - LIGHTED ROAD,PEDESTRIAN,ONE-WAY,TRAFFIC SIGNAL,DRIVING SKILLS/KNOWLEDGE/EXPERIENCE,UNABLE TO DETERMINE,0,0,0,0,17,5,3,383,KEDZIE AVE,41.868997,-87.688104,03/19/2020 07:10:00 PM,2020
CR00038437,08/15/2016 08:25:00 AM,35,CLEAR,DAYLIGHT,SIDESWIPE SAME DIRECTION,NOT DIVIDED,TRAFFIC SIGNAL,FOLLOWING TOO CLOSELY,FAILING TO YIELD RIGHT-OF-WAY,0,0,0,0,8,2,8,1863,IRVING PARK RD,41.8173,-87.784608,08/15/2016 10:20:00 AM,2016
CR00038438,04/22/2018 01:24:00 PM,35,SNOW,DAWN,SIDESWIPE SAME DIRECTION,FOUR WAY,TRAFFIC SIGNAL,UNABLE TO DETERMINE,FAILING TO YIELD RIGHT-OF-WAY,0,0,0,0,13,1,4,415,MICHIGAN AVE,41.746681,-87.537346,04/22/2018 01:54:00 PM,2018
CR00038439,07/10/2021 08:23:00 PM,45,SNOW,DAYLIGHT,REAR END,NOT DIVIDED,NO CONTROLS,DISREGARDING TRAFFIC SIGNALS,NOT APPLICABLE,0,0,0,0,20,7,7,702,HALSTED ST,41.815062,-87.686302,07/10/2021 08:41:00 PM,2021
CR00038440,03/03/2015 11:42:00 PM,35,CLEAR,DARKNESS - LIGHTED ROAD,TURNING,DIVIDED - W/MEDIAN (NOT RAISED),TRAFFIC SIGNAL,IMPROPER LANE USAGE,DISREGARDING TRAFFIC SIGNALS,0,0,0,0,23,3,3,1874,STONY ISLAND AVE,41.853421,-87.5541,03/04/2015 01:37:00 AM,2015
CR00038441,01/25/2016 08:46:00 AM,30,FOG/SMOKE/HAZE,DARKNESS - LIGHTED ROAD,FIXED OBJECT,NOT DIVIDED,STOP SIGN/FLASHER,UNABLE TO DETERMINE,NOT APPLICABLE,0,0,0,0,8,2,1,535,CALIFORNIA AVE,41.979125,-87.562374,01/25/2016 10:15:00 AM,2016
CR00038442,01/30/2018 05:36:00 PM,35,CLEAR,DAYLIGHT,PARKED MOTOR VEHICLE,NOT DIVIDED,NO CONTROLS,DISTRACTION - FROM INSIDE VEHICLE,DISTRACTION - FROM INSIDE VEHICLE,0,0,0,0,17,3,1,1387,BROADWAY,41.796615,-87.553347,01/30/2018 06:52:00 PM,2018
CR00038443,07/05/2020 02:49:00 PM,40,RAIN,DAYLIGHT,TURNING,DIVIDED - W/MEDIAN (NOT RAISED),NO CONTROLS,FOLLOWING TOO CLOSELY,IMPROPER LANE USAGE,0,0,0,0,14,1,7,1788,FULLERTON AVE,41.804989,-87.624656,07/05/2020 04:35:00 PM,2020
CR00038444,02/18/2016 07:44:00 AM,30,FREEZING RAIN/DRIZZLE,DARKNESS - LIGHTED ROAD,REAR END,NOT DIVIDED,STOP SIGN/FLASHER,FAILING TO REDUCE SPEED,FAILING TO YIELD RIGHT-OF-WAY,0,0,0,0,7,5,2,2115,LAKE SHORE DR,41.782539,-87.762392,02/18/2016 08:42:00 AM,2016
CR00038445,11/12/2021 02:11:00 AM,15,CLEAR,DAYLIGHT,TURNING,DIVIDED - W/MEDIAN (NOT RAISED),TRAFFIC SIGNAL,DRIVING SKILLS/KNOWLEDGE/EXPERIENCE,DRIVING SKILLS/KNOWLEDGE/EXPERIENCE,0,0,0,0,2,6,11,599,CALIFORNIA AVE,41.739332,-87.624605,11/12/2021 03:26:00 AM,2021
CR00038446,07/10/2022 11:08:00 AM,35,RAIN,DAYLIGHT,TURNING,FOUR WAY,TRAFFIC SIGNAL,IMPROPER OVERTAKING/PASSING,FOLLOWING TOO CLOSELY,0,0,0,0,11,1,7,2389,ASHLAND AVE,41.811909,-87.845388,07/10/2022 11:38:00 AM,2022
CR00038447,06/17/2020 02:33:00 PM,25,CLEAR,DAYLIGHT,SIDESWIPE SAME DIRECTION,NOT DIVIDED,STOP SIGN/FLASHER,UNABLE TO DETERMINE,NOT APPLICABLE,0,0,0,0,14,4,6,1476,LAKE SHORE DR,41.726341,-87.774062,06/17/2020 03:37:00 PM,2020
CR00038448,12/08/2021 11:46:00 AM,35,RAIN,DARKNESS - LIGHTED ROAD,PARKED MOTOR VEHICLE,NOT DIVIDED,STOP SIGN/FLASHER,UNABLE TO DETERMINE,UNABLE TO DETERMINE,0,0,0,0,11,4,12,197,STATE ST,41.717393,-87.512421,12/08/2021 11:49:00 AM,2021
CR00038449,01/12/2024 09:12:00 PM,30,CLEAR,DAYLIGHT,REAR TO FRONT,DIVIDED - W/MEDIAN (NOT RAISED),NO CONTROLS,UNABLE TO DETERMINE,FAILING TO YIELD RIGHT-OF-WAY,0,0,1,1,21,6,1,1422,BROADWAY,41.85319,-87.516057,01/12/2024 09:53:00 PM,2024
CR00038450,07/05/2015 04:18:00 PM,20,CLOUDY/OVERCAST,DAYLIGHT,SIDESWIPE SAME DIRECTION,T-INTERSECTION,TRAFFIC SIGNAL,UNABLE TO DETERMINE,UNABLE TO DETERMINE,0,0,1,1,16,1,7,1229,CALIFORNIA AVE,41.716091,-87.66711,07/05/2015 05:05:00 PM,2015
CR00038451,06/06/2015 12:31:00 AM,30,CLEAR,DARKNESS - LIGHTED ROAD,PARKED MOTOR VEHICLE,DIVIDED - W/MEDIAN (NOT RAISED),NO CONTROLS,DRIVING SKILLS/KNOWLEDGE/EXPERIENCE,DRIVING SKILLS/KNOWLEDGE/EXPERIENCE,0,0,0,0,0,7,6,1583,PULASKI RD,41.860274,-87.586174,06/06/2015 01:12:00 AM,2015
CR00038452,03/08/2020 04:02:00 PM,40,FOG/SMOKE/HAZE,DARKNESS - LIGHTED ROAD,REAR END,DIVIDED - W/MEDIAN BARRIER,TRAFFIC SIGNAL,IMPROPER OVERTAKING/PASSING,UNABLE TO DETERMINE,0,0,0,0,16,1,3,770,ARCHER AVE,41.914553,-87.788897,03/08/2020 04:59:00 PM,2020
CR00038453,01/08/2024 10:14:00 AM,30,CLEAR,DAYLIGHT,PARKED MOTOR VEHICLE,NOT DIVIDED,UNKNOWN,FAILING TO YIELD RIGHT-OF-WAY,UNABLE TO DETERMINE,0,0,0,0,10,2,1,1971,ELSTON AVE,41.881703,-87.827515,01/08/2024 11:26:00 AM,2024
CR00038454,11/21/2016 11:04:00 AM,30,CLEAR,DUSK,SIDESWIPE SAME DIRECTION,NOT DIVIDED,STOP SIGN/FLASHER,FAILING TO REDUCE SPEED,FOLLOWING TOO CLOSELY,0,0,0,0,11,2,11,2465,LAKE SHORE DR,41.988142,-87.652832,11/21/2016 12:18:00 PM,2016
CR00038455,11/26/2019 01:00:00 PM,30,CLEAR,DAWN,TURNING,FOUR WAY,PEDESTRIAN CROSSING SIGN,UNABLE TO DETERMINE,UNABLE TO DETERMINE,0,0,0,0,13,3,11,1170,OGDEN AVE,41.887302,-87.57258,11/26/2019 02:57:00 PM,2019
CR00038456,09/12/2017 07:57:00 AM,25,RAIN,DAYLIGHT,TURNING,NOT DIVIDED,TRAFFIC SIGNAL,UNABLE TO DETERMINE,UNABLE TO DETERMINE,0,0,0,0,7,3,9,1405,CALIFORNIA AVE,41.916961,-87.669978,09/12/2017 08:33:00 AM,2017
CR00038457,01/26/2024 08:11:00 AM,35,SNOW,DAYLIGHT,SIDESWIPE SAME DIRECTION,ONE-WAY,TRAFFIC SIGNAL,DRIVING SKILLS/KNOWLEDGE/EXPERIENCE,NOT APPLICABLE,0,0,0,0,8,6,1,259,STONY ISLAND AVE,41.829409,-87.80404,01/26/2024 08:25:00 AM,2024
CR00038458,10/13/2021 12:16:00 AM,35,CLEAR,DAYLIGHT,REAR END,DIVIDED - W/MEDIAN (NOT RAISED),STOP SIGN/FLASHER,UNABLE TO DETERMINE,NOT APPLICABLE,0,0,0,0,0,4,10,442,STATE ST,41.894666,-87.523738,10/13/2021 12:48:00 AM,2021
CR00038459,04/23/2023 01:51:00 AM,30,CLEAR,DARKNESS - LIGHTED ROAD,PARKED MOTOR VEHICLE,FOUR WAY,TRAFFIC SIGNAL,UNABLE TO DETERMINE,NOT APPLICABLE,0,0,0,0,1,1,4,1805,OGDEN AVE,41.734915,-87.596152,04/23/2023 02:32:00 AM,2023
CR00038460,08/20/2017 05:40:00 PM,15,CLEAR,DAYLIGHT,PEDESTRIAN,NOT DIVIDED,TRAFFIC SIGNAL,FOLLOWING TOO CLOSELY,FAILING TO REDUCE SPEED,0,0,1,1,17,1,8,292,79TH ST,41.705487,-87.565541,08/20/2017 06:31:00 PM,2017
CR00038461,03/06/2023 06:38:00 PM,35,FOG/SMOKE/HAZE,DARKNESS,TURNING,ONE-WAY,NO CONTROLS,DISTRACTION - FROM INSIDE VEHICLE,DRIVING SKILLS/KNOWLEDGE/EXPERIENCE,0,0,0,0,18,2,3,864,FULLERTON AVE,41.838186,-87.576762,03/06/2023 06:40:00 PM,2023
CR00038462,02/14/2017 08:38:00 AM,30,RAIN,DAYLIGHT,TURNING,NOT DIVIDED,NO CONTROLS,FOLLOWING TOO CLOSELY,UNABLE TO DETERMINE,0,0,0,0,8,3,2,1640,KEDZIE AVE,41.807769,-87.532989,02/14/2017 09:02:00 AM,2017
CR00038463,12/09/2017 06:21:00 PM,30,CLEAR,DARKNESS,PARKED MOTOR VEHICLE,FOUR WAY,NO CONTROLS,FAILING TO REDUCE SPEED,IMPROPER OVERTAKING/PASSING,0,0,2,2,18,7,12,1832,MICHIGAN AVE,41.952894,-87.74943,12/09/2017 07:53:00 PM,2017
CR00038464,08/21/2018 04:39:00 PM,15,RAIN,DAYLIGHT,TURNING,ONE-WAY,NO CONTROLS,FOLLOWING TOO CLOSELY,DISTRACTION - FROM INSIDE VEHICLE,0,0,0,0,16,3,8,1945,ARCHER AVE,41.98582,-87.677277,08/21/2018 05:45:00 PM,2018
CR00038465,08/03/2021 04:22:00 PM,35,CLOUDY/OVERCAST,DARKNESS,REAR END,DIVIDED - W/MEDIAN (NOT RAISED),STOP SIGN/FLASHER,FAILING TO YIELD RIGHT-OF-WAY,NOT APPLICABLE,0,0,0,0,16,3,8,1444,47TH ST,41.859324,-87.503152,08/03/2021 06:19:00 PM,2021
CR00038466,06/01/2017 05:12:00 PM,30,CLEAR,DAYLIGHT,REAR END,FOUR WAY,YIELD,IMPROPER LANE USAGE,DISREGARDING TRAFFIC SIGNALS,0,0,0,0,17,5,6,1369,CICERO AVE,41.786207,-87.720947,06/01/2017 05:20:00 PM,2017
CR00038467,10/07/2017 07:36:00 AM,35,FOG/SMOKE/HAZE,DAYLIGHT,TURNING,FOUR WAY,TRAFFIC SIGNAL,FAILING TO YIELD RIGHT-OF-WAY,WEATHER,0,0,0,0,7,7,10,958,ARCHER AVE,41.985099,-87.715089,10/07/2017 09:14:00 AM,2017
CR00038468,01/30/2019 03:50:00 PM,15,RAIN,DARKNESS,TURNING,DIVIDED - W/MEDIAN BARRIER,STOP SIGN/FLASHER,IMPROPER LANE USAGE,FOLLOWING TOO CLOSELY,0,0,0,0,15,4,1,1725,47TH ST,41.806458,-87.653885,01/30/2019 05:25:00 PM,2019
CR00038469,06/17/2018 12:58:00 PM,15,CLOUDY/OVERCAST,DAYLIGHT,ANGLE,DIVIDED - W/MEDIAN (NOT RAISED),TRAFFIC SIGNAL,DISREGARDING TRAFFIC SIGNALS,IMPROPER OVERTAKING/PASSING,0,0,1,1,12,1,6,1312,CLARK ST,41.842443,-87.630234,06/17/2018 01:32:00 PM,2018
CR00038470,02/01/2017 06:41:00 PM,35,CLEAR,DARKNESS,TURNING,DIVIDED - W/MEDIAN BARRIER,NO CONTROLS,IMPROPER OVERTAKING/PASSING,FAILING TO YIELD RIGHT-OF-WAY,0,0,0,0,18,4,2,2040,HALSTED ST,41.714159,-87.821989,02/01/2017 07:46:00 PM,2017
CR00038471,09/20/2015 12:57:00 PM,35,CLEAR,DAYLIGHT,PARKED MOTOR VEHICLE,DIVIDED - W/MEDIAN (NOT RAISED),TRAFFIC SIGNAL,UNABLE TO DETERMINE,FOLLOWING TOO CLOSELY,0,0,0,0,12,1,9,2284,CICERO AVE,41.748374,-87.821856,09/20/2015 02:55:00 PM,2015
CR00038472,09/16/2020 03:05:00 PM,30,CLEAR,DAYLIGHT,REAR END,DIVIDED - W/MEDIAN BARRIER,STOP SIGN/FLASHER,UNABLE TO DETERMINE,FOLLOWING TOO CLOSELY,0,0,0,0,15,4,9,476,OGDEN AVE,41.764126,-87.838413,09/16/2020 03:53:00 PM,2020
CR00038473,09/15/2021 08:18:00 AM,30,CLEAR,DAYLIGHT,REAR TO FRONT,FOUR WAY,TRAFFIC SIGNAL,IMPROPER LANE USAGE,UNABLE TO DETERMINE,0,0,0,0,8,4,9,2337,47TH ST,41.864997,-87.623582,09/15/2021 10:10:00 AM,2021
CR00038474,03/18/2015 10:05:00 AM,25,CLEAR,DAYLIGHT,REAR END,NOT DIVIDED,NO CONTROLS,UNABLE TO DETERMINE,UNABLE TO DETERMINE,0,0,0,0,10,4,3,178,63RD ST,41.919762,-87.743135,03/18/2015 10:45:00 AM,2015
CR00038475,03/13/2018 01:47:00 AM,25,CLEAR,DARKNESS - LIGHTED ROAD,SIDESWIPE SAME DIRECTION,DIVIDED - W/MEDIAN (NOT RAISED),STOP SIGN/FLASHER,DRIVING SKILLS/KNOWLEDGE/EXPERIENCE,FOLLOWING TOO CLOSELY,0,0,3,3,1,3,3,368,BROADWAY,41.966591,-87.755677,03/13/2018 02:35:00 AM,2018
CR00038476,06/07/2017 10:41:00 AM,15,CLEAR,DAYLIGHT,SIDESWIPE SAME DIRECTION,NOT DIVIDED,TRAFFIC SIGNAL,FAILING TO REDUCE SPEED,FAILING TO REDUCE SPEED,0,0,0,0,10,4,6,1418,ARCHER AVE,41.757202,-87.682462,06/07/2017 10:57:00 AM,2017
CR00038477,03/02/2020 07:02:00 PM,40,CLEAR,DAYLIGHT,ANGLE,DIVIDED - W/MEDIAN (NOT RAISED),YIELD,UNABLE TO DETERMINE,IMPROPER LANE USAGE,0,0,1,1,19,2,3,1660,FULLERTON AVE,41.76484,-87.732603,03/02/2020 09:00:00 PM,2020
CR00038478,08/27/2023 11:30:00 AM,25,FOG/SMOKE/HAZE,DARKNESS - LIGHTED ROAD,PARKED MOTOR VEHICLE,NOT DIVIDED,NO CONTROLS,IMPROPER OVERTAKING/PASSING,UNABLE TO DETERMINE,0,0,0,0,11,1,8,705,ARCHER AVE,41.889551,-87.625804,08/27/2023 12:57:00 PM,2023
CR00038479,11/23/2022 04:33:00 PM,45,CLEAR,DAYLIGHT,TURNING,NOT DIVIDED,NO CONTROLS,WEATHER,FOLLOWING TOO CLOSELY,0,0,0,0,16,4,11,1959,CICERO AVE,41.87298,-87.720716,11/23/2022 05:20:00 PM,2022
CR00038480,04/26/2019 02:35:00 PM,20,SNOW,DAYLIGHT,TURNING,FOUR WAY,STOP SIGN/FLASHER,DISTRACTION - FROM INSIDE VEHICLE,NOT APPLICABLE,0,0,1,1,14,6,4,2243,47TH ST,41.945455,-87.604331,04/26/2019 04:25:00 PM,2019
CR00038481,05/21/2015 04:58:00 PM,35,CLEAR,DARKNESS,REAR END,DIVIDED - W/MEDIAN BARRIER,PEDESTRIAN CROSSING SIGN,FAILING TO YIELD RIGHT-OF-WAY,DRIVING SKILLS/KNOWLEDGE/EXPERIENCE,0,0,0,0,16,5,5,1309,47TH ST,41.741109,-87.611674,05/21/2015 06:48:00 PM,2015
CR00038482,07/26/2024 07:59:00 PM,15,CLEAR,DAYLIGHT,PARKED MOTOR VEHICLE,FOUR WAY,STOP SIGN/FLASHER,FAILING TO REDUCE SPEED,UNABLE TO DETERMINE,0,0,1,1,19,6,7,798,HALSTED ST,41.724108,-87.816967,07/26/2024 08:12:00 PM,2024
CR00038483,06/13/2016 08:26:00 PM,30,CLEAR,DARKNESS - LIGHTED ROAD,TURNING,FOUR WAY,UNKNOWN,FOLLOWING TOO CLOSELY,DISTRACTION - FROM INSIDE VEHICLE,0,0,0,0,20,2,6,2152,ROOSEVELT RD,41.834318,-87.563945,06/13/2016 09:02:00 PM,2016
CR00038484,03/29/2024 10:21:00 AM,45,CLEAR,DAYLIGHT,FIXED OBJECT,DIVIDED - W/MEDIAN (NOT RAISED),STOP SIGN/FLASHER,IMPROPER LANE USAGE,NOT APPLICABLE,0,0,0,0,10,6,3,1789,ASHLAND AVE,41.872934,-87.599498,03/29/2024 12:21:00 PM,2024
CR00038485,06/25/2022 08:20:00 AM,30,CLEAR,DAYLIGHT,TURNING,DIVIDED - W/MEDIAN (NOT RAISED),TRAFFIC SIGNAL,FOLLOWING TOO CLOSELY,FAILING TO YIELD RIGHT-OF-WAY,0,0,0,0,8,7,6,114,CALIFORNIA AVE,41.90511,-87.703251,06/25/2022 08:53:00 AM,2022
CR00038486,07/20/2022 08:51:00 PM,30,CLEAR,DAWN,FIXED OBJECT,DIVIDED - W/MEDIAN (NOT RAISED),STOP SIGN/FLASHER,IMPROPER OVERTAKING/PASSING,NOT APPLICABLE,0,0,0,0,20,4,7,620,MILWAUKEE AVE,41.824359,-87.790096,07/20/2022 08:55:00 PM,2022
CR00038487,10/01/2022 09:18:00 AM,30,RAIN,DAYLIGHT,PARKED MOTOR VEHICLE,DIVIDED - W/MEDIAN (NOT RAISED),STOP SIGN/FLASHER,IMPROPER OVERTAKING/PASSING,FAILING TO REDUCE SPEED,0,0,1,1,9,7,10,2068,79TH ST,41.91916,-87.526281,10/01/2022 10:47:00 AM,2022
CR00038488,04/06/2020 06:40:00 PM,30,CLEAR,DAYLIGHT,REAR END,DIVIDED - W/MEDIAN (NOT RAISED),STOP SIGN/FLASHER,FAILING TO YIELD RIGHT-OF-WAY,FAILING TO REDUCE SPEED,0,0,0,0,18,2,4,2176,PULASKI RD,41.758398,-87.520779,04/06/2020 07:49:00 PM,2020
CR00038489,01/28/2022 09:03:00 PM,15,CLEAR,DAYLIGHT,REAR TO FRONT,ONE-WAY,TRAFFIC SIGNAL,UNABLE TO DETERMINE,FAILING TO YIELD RIGHT-OF-WAY,0,0,0,0,21,6,1,333,79TH ST,41.890187,-87.659134,01/28/2022 10:50:00 PM,2022
CR00038490,06/15/2020 06:24:00 PM,15,CLOUDY/OVERCAST,DAYLIGHT,FIXED OBJECT,ONE-WAY,TRAFFIC SIGNAL,FAILING TO YIELD RIGHT-OF-WAY,FOLLOWING TOO CLOSELY,0,0,0,0,18,2,6,297,WESTERN AVE,41.805069,-87.6892,06/15/2020 07:42:00 PM,2020
CR00038491,06/26/2021 02:11:00 PM,35,CLEAR,DAYLIGHT,TURNING,ONE-WAY,NO CONTROLS,DISTRACTION - FROM INSIDE VEHICLE,NOT APPLICABLE,0,0,0,0,14,7,6,997,79TH ST,41.750531,-87.687012,06/26/2021 03:29:00 PM,2021
CR00038492,09/02/2018 04:41:00 AM,35,CLEAR,DAYLIGHT,SIDESWIPE SAME DIRECTION,FOUR WAY,NO CONTROLS,FOLLOWING TOO CLOSELY,IMPROPER LANE USAGE,0,0,0,0,4,1,9,1922,PULASKI RD,41.738613,-87.590279,09/02/2018 05:04:00 AM,2018
CR00038493,03/30/2016 07:50:00 AM,40,CLEAR,DAYLIGHT,ANGLE,NOT DIVIDED,TRAFFIC SIGNAL,FAILING TO YIELD RIGHT-OF-WAY,UNABLE TO DETERMINE,0,0,0,0,7,4,3,1163,BROADWAY,41.904475,-87.838267,03/30/2016 09:20:00 AM,2016
CR00038494,01/18/2020 09:58:00 AM,30,RAIN,DAYLIGHT,PARKED MOTOR VEHICLE,NOT DIVIDED,TRAFFIC SIGNAL,DISTRACTION - FROM INSIDE VEHICLE,IMPROPER LANE USAGE,0,2,1,3,9,7,1,300,FULLERTON AVE,41.888539,-87.800324,01/18/2020 11:06:00 AM,2020
CR00038495,12/29/2018 06:16:00 AM,35,CLEAR,DUSK,TURNING,ONE-WAY,STOP SIGN/FLASHER,DRIVING SKILLS/KNOWLEDGE/EXPERIENCE,IMPROPER OVERTAKING/PASSING,0,0,0,0,6,7,12,2445,FULLERTON AVE,41.730153,-87.671894,12/29/2018 07:42:00 AM,2018
CR00038496,01/08/2021 08:10:00 AM,30,CLEAR,DAYLIGHT,REAR END,DIVIDED - W/MEDIAN (NOT RAISED),TRAFFIC SIGNAL,FOLLOWING TOO CLOSELY,DISTRACTION - FROM INSIDE VEHICLE,0,0,0,0,8,6,1,1402,WESTERN AVE,41.8264,-87.819609,01/08/2021 09:30:00 AM,2021
CR00038497,07/10/2017 06:46:00 PM,30,CLEAR,DAYLIGHT,ANGLE,FOUR WAY,TRAFFIC SIGNAL,FAILING TO REDUCE SPEED,UNABLE TO DETERMINE,0,1,2,3,18,2,7,1024,ARCHER AVE,41.761974,-87.6503,07/10/2017 08:39:00 PM,2017
CR00038498,07/20/2015 04:30:00 PM,30,RAIN,DAYLIGHT,REAR END,NOT DIVIDED,TRAFFIC SIGNAL,FOLLOWING TOO CLOSELY,DISTRACTION - FROM INSIDE VEHICLE,0,0,3,3,16,2,7,2298,79TH ST,41.824604,-87.734591,07/20/2015 06:17:00 PM,2015
CR00038499,12/06/2016 05:13:00 PM,25,CLEAR,DARKNESS - LIGHTED ROAD,SIDESWIPE SAME DIRECTION,DIVIDED - W/MEDIAN (NOT RAISED),UNKNOWN,DISREGARDING TRAFFIC SIGNALS,DISTRACTION - FROM INSIDE VEHICLE,0,0,0,0,17,3,12,202,CLARK ST,41.796122,-87.719757,12/06/2016 06:42:00 PM,2016
CR00038500,10/24/2024 10:46:00 AM,30,CLEAR,DARKNESS - LIGHTED ROAD,ANGLE,DIVIDED - W/MEDIAN (NOT RAISED),TRAFFIC SIGNAL,UNABLE TO DETERMINE,NOT APPLICABLE,0,0,0,0,10,5,10,326,79TH ST,41.83393,-87.804927,10/24/2024 11:54:00 AM,2024
CR00038501,08/28/2024 05:43:00 PM,25,CLEAR,DAYLIGHT,SIDESWIPE SAME DIRECTION,ONE-WAY,NO CONTROLS,UNABLE TO DETERMINE,UNABLE TO DETERMINE,0,0,0,0,17,4,8,212,ROOSEVELT RD,41.933524,-87.56838,08/28/2024 06:50:00 PM,2024
CR00038502,02/08/2016 04:27:00 AM,25,CLEAR,DAYLIGHT,FIXED OBJECT,T-INTERSECTION,TRAFFIC SIGNAL,FOLLOWING TOO CLOSELY,NOT APPLICABLE,0,0,0,0,4,2,2,1076,63RD ST,41.738257,-87.51544,02/08/2016 05:17:00 AM,2016
CR00038503,12/01/2023 05:45:00 PM,30,CLEAR,DUSK,TURNING,ONE-WAY,NO CONTROLS,FOLLOWING TOO CLOSELY,NOT APPLICABLE,0,0,0,0,17,6,12,1042,IRVING PARK RD,41.778144,-87.509724,12/01/2023 06:09:00 PM,2023
CR00038504,02/12/2024 01:22:00 AM,45,CLEAR,DARKNESS - LIGHTED ROAD,REAR END,ONE-WAY,NO CONTROLS,DISTRACTION - FROM INSIDE VEHICLE,NOT APPLICABLE,0,0,0,0,1,2,2,1623,STATE ST,41.757009,-87.53825,02/12/2024 02:41:00 AM,2024
CR00038505,11/13/2018 05:36:00 PM,45,CLEAR,DARKNESS - LIGHTED ROAD,REAR END,T-INTERSECTION,NO CONTROLS,IMPROPER OVERTAKING/PASSING,FOLLOWING TOO CLOSELY,0,0,0,0,17,3,11,1308,CLARK ST,41.9409,-87.505069,11/13/2018 06:38:00 PM,2018
CR00038506,10/02/2021 06:57:00 PM,20,SNOW,DAYLIGHT,REAR END,DIVIDED - W/MEDIAN BARRIER,TRAFFIC SIGNAL,UNABLE TO DETERMINE,NOT APPLICABLE,0,0,1,1,18,7,10,2386,DAMEN AVE,41.874043,-87.531764,10/02/2021 07:39:00 PM,2021
CR00038507,08/24/2015 01:38:00 PM,35,CLEAR,DAYLIGHT,PARKED MOTOR VEHICLE,ONE-WAY,STOP SIGN/FLASHER,IMPROPER LANE USAGE,DISREGARDING TRAFFIC SIGNALS,0,0,0,0,13,2,8,1806,PULASKI RD,41.970027,-87.794034,08/24/2015 03:33:00 PM,2015
CR00038508,03/21/2020 08:16:00 AM,15,CLEAR,DAYLIGHT,SIDESWIPE SAME DIRECTION,ONE-WAY,NO CONTROLS,DISTRACTION - FROM INSIDE VEHICLE,NOT APPLICABLE,0,0,0,0,8,7,3,1451,OGDEN AVE,41.800655,-87.507359,03/21/2020 09:30:00 AM,2020
CR00038509,03/10/2023 08:39:00 AM,30,RAIN,DARKNESS - LIGHTED ROAD,REAR END,T-INTERSECTION,TRAFFIC SIGNAL,FAILING TO REDUCE SPEED,NOT APPLICABLE,0,2,2,4,8,6,3,2354,FULLERTON AVE,41.801878,-87.510782,03/10/2023 09:58:00 AM,2023
CR00038510,03/14/2018 06:48:00 PM,15,CLEAR,DUSK,REAR END,T-INTERSECTION,NO CONTROLS,IMPROPER LANE USAGE,DISTRACTION - FROM INSIDE VEHICLE,0,0,0,0,18,4,3,367,STONY ISLAND AVE,41.880544,-87.819033,03/14/2018 07:21:00 PM,2018
CR00038511,10/14/2021 02:59:00 PM,35,CLEAR,DAYLIGHT,SIDESWIPE SAME DIRECTION,NOT DIVIDED,NO CONTROLS,IMPROPER OVERTAKING/PASSING,DISREGARDING TRAFFIC SIGNALS,0,0,0,0,14,5,10,2274,MICHIGAN AVE,41.901943,-87.643023,10/14/2021 03:07:00 PM,2021
CR00038512,11/11/2020 08:19:00 PM,15,CLEAR,DARKNESS - LIGHTED ROAD,REAR END,NOT DIVIDED,YIELD,UNABLE TO DETERMINE,WEATHER,0,0,0,0,20,4,11,1282,STONY ISLAND AVE,41.757344,-87.648481,11/11/2020 08:35:00 PM,2020
CR00038513,06/14/2021 04:00:00 PM,35,RAIN,DARKNESS,SIDESWIPE SAME DIRECTION,NOT DIVIDED,STOP SIGN/FLASHER,UNABLE TO DETERMINE,UNABLE TO DETERMINE,0,0,0,0,16,2,6,2329,CALIFORNIA AVE,41.837299,-87.528304,06/14/2021 04:20:00 PM,2021
CR00038514,08/13/2019 05:41:00 PM,45,CLEAR,DAYLIGHT,REAR END,DIVIDED - W/MEDIAN BARRIER,NO CONTROLS,IMPROPER OVERTAKING/PASSING,FAILING TO YIELD RIGHT-OF-WAY,0,0,0,0,17,3,8,2060,FULLERTON AVE,41.709964,-87.670739,08/13/2019 06:45:00 PM,2019
CR00038515,08/13/2018 07:09:00 AM,25,CLEAR,DAYLIGHT,TURNING,NOT DIVIDED,TRAFFIC SIGNAL,IMPROPER OVERTAKING/PASSING,NOT APPLICABLE,0,0,0,0,7,2,8,613,KEDZIE AVE,41.915724,-87.516463,08/13/2018 07:12:00 AM,2018
CR00038516,07/07/2019 12:57:00 PM,45,CLOUDY/OVERCAST,DAYLIGHT,ANGLE,ONE-WAY,STOP SIGN/FLASHER,UNABLE TO DETERMINE,IMPROPER LANE USAGE,0,0,0,0,12,1,7,2416,CICERO AVE,41.947592,-87.64006,07/07/2019 01:45:00 PM,2019
CR00038517,05/18/2021 08:20:00 PM,40,CLEAR,DAYLIGHT,TURNING,DIVIDED - W/MEDIAN BARRIER,STOP SIGN/FLASHER,UNABLE TO DETERMINE,UNABLE TO DETERMINE,0,0,0,0,20,3,5,272,KEDZIE AVE,41.839822,-87.514329,05/18/2021 10:12:00 PM,2021