CRASH_RECORD_ID,CRASH_DATE,POSTED_SPEED_LIMIT,WEATHER_CONDITION,LIGHTING_CONDITION,FIRST_CRASH_TYPE,TRAFFICWAY_TYPE,TRAFFIC_CONTROL_DEVICE,PRIM_CONTRIBUTORY_CAUSE,SEC_CONTRIBUTORY_CAUSE,INJURIES_FATAL,INJURIES_INCAPACITATING,INJURIES_NON_INCAPACITATING,INJURIES_TOTAL,CRASH_HOUR,CRASH_DAY_OF_WEEK,CRASH_MONTH,BEAT_OF_OCCURRENCE,STREET_NAME,LATITUDE,LONGITUDE,DATE_POLICE_NOTIFIED,year
CR00038518,09/08/2020 11:42:00 PM,35,CLEAR,DAYLIGHT,REAR END,DIVIDED - W/MEDIAN BARRIER,NO CONTROLS,FOLLOWING TOO CLOSELY,NOT APPLICABLE,0,0,0,0,23,3,9,100,ROOSEVELT RD,41.935089,-87.616527,09/09/2020 01:05:00 AM,2020
CR00038519,12/27/2024 12:28:00 PM,25,CLEAR,DAWN,SIDESWIPE SAME DIRECTION,NOT DIVIDED,NO CONTROLS,DRIVING SKILLS/KNOWLEDGE/EXPERIENCE,FAILING TO YIELD RIGHT-OF-WAY,0,0,2,2,12,6,12,919,PULASKI RD,41.779281,-87.762062,12/27/2024 01:25:00 PM,2024
CR00038520,08/05/2017 10:32:00 AM,15,CLEAR,DAYLIGHT,ANGLE,FOUR WAY,NO CONTROLS,IMPROPER LANE USAGE,DISREGARDING TRAFFIC SIGNALS,0,0,0,0,10,7,8,931,ROOSEVELT RD,41.705584,-87.679725,08/05/2017 12:15:00 PM,2017
CR00038521,10/26/2019 09:39:00 PM,30,FOG/SMOKE/HAZE,DAYLIGHT,SIDESWIPE SAME DIRECTION,DIVIDED - W/MEDIAN BARRIER,TRAFFIC SIGNAL,FOLLOWING TOO CLOSELY,DISTRACTION - FROM INSIDE VEHICLE,0,0,0,0,21,7,10,1180,DAMEN AVE,41.816222,-87.81561,10/26/2019 11:26:00 PM,2019
CR00038522,04/27/2018 06:17:00 PM,20,CLEAR,DAYLIGHT,TURNING,NOT DIVIDED,UNKNOWN,UNABLE TO DETERMINE,IMPROPER OVERTAKING/PASSING,0,0,0,0,18,6,4,1821,47TH ST,41.971152,-87.559277,04/27/2018 07:59:00 PM,2018
CR00038523,01/02/2016 04:43:00 AM,35,CLEAR,DAYLIGHT,TURNING,NOT DIVIDED,NO CONTROLS,IMPROPER LANE USAGE,UNABLE TO DETERMINE,0,0,0,0,4,7,1,439,CICERO AVE,41.749507,-87.803275,01/02/2016 06:18:00 AM,2016
CR00038524,03/30/2015 04:24:00 PM,35,FOG/SMOKE/HAZE,DAYLIGHT,TURNING,FOUR WAY,NO CONTROLS,DRIVING SKILLS/KNOWLEDGE/EXPERIENCE,NOT APPLICABLE,0,0,0,0,16,2,3,1936,PULASKI RD,41.902767,-87.563009,03/30/2015 05:12:00 PM,2015
CR00038525,03/12/2015 03:49:00 PM,20,CLEAR,DAYLIGHT,REAR END,DIVIDED - W/MEDIAN (NOT RAISED),STOP SIGN/FLASHER,IMPROPER OVERTAKING/PASSING,FOLLOWING TOO CLOSELY,0,0,0,0,15,5,3,2253,STONY ISLAND AVE,41.812033,-87.816385,03/12/2015 05:10:00 PM,2015
CR00038526,01/12/2018 04:34:00 PM,30,CLEAR,DAYLIGHT,REAR END,NOT DIVIDED,NO CONTROLS,FOLLOWING TOO CLOSELY,WEATHER,0,0,0,0,16,6,1,723,IRVING PARK RD,41.950209,-87.578194,01/12/2018 05:57:00 PM,2018
CR00038527,01/25/2021 05:58:00 PM,25,FOG/SMOKE/HAZE,DUSK,REAR END,DIVIDED - W/MEDIAN (NOT RAISED),TRAFFIC SIGNAL,IMPROPER LANE USAGE,NOT APPLICABLE,0,0,0,0,17,2,1,349,DIVISION ST,41.938514,-87.60558,01/25/2021 07:32:00 PM,2021
CR00038528,10/17/2022 04:20:00 PM,35,RAIN,DARKNESS - LIGHTED ROAD,PARKED MOTOR VEHICLE,NOT DIVIDED,TRAFFIC SIGNAL,FAILING TO YIELD RIGHT-OF-WAY,DISTRACTION - FROM INSIDE VEHICLE,0,2,3,5,16,2,10,661,CLARK ST,41.888189,-87.523072,10/17/2022 04:26:00 PM,2022
CR00038529,10/18/2016 03:20:00 PM,30,CLEAR,DUSK,REAR END,NOT DIVIDED,NO CONTROLS,IMPROPER LANE USAGE,FAILING TO YIELD RIGHT-OF-WAY,0,0,0,0,15,3,10,2207,ARCHER AVE,41.73881,-87.675179,10/18/2016 05:03:00 PM,2016
CR00038530,12/14/2020 08:56:00 AM,30,CLEAR,DARKNESS - LIGHTED ROAD,REAR END,FOUR WAY,YIELD,DRIVING SKILLS/KNOWLEDGE/EXPERIENCE,IMPROPER LANE USAGE,0,0,3,3,8,2,12,2343,FULLERTON AVE,41.982793,-87.665952,12/14/2020 08:57:00 AM,2020
CR00038531,07/04/2015 11:01:00 AM,45,RAIN,DAYLIGHT,SIDESWIPE SAME DIRECTION,T-INTERSECTION,NO CONTROLS,FAILING TO REDUCE SPEED,DRIVING SKILLS/KNOWLEDGE/EXPERIENCE,0,0,0,0,11,7,7,1976,OGDEN AVE,41.993812,-87.531975,07/04/2015 11:27:00 AM,2015
CR00038532,02/21/2017 08:12:00 AM,35,CLEAR,DAYLIGHT,FIXED OBJECT,DIVIDED - W/MEDIAN (NOT RAISED),STOP SIGN/FLASHER,DISTRACTION - FROM INSIDE VEHICLE,DISREGARDING TRAFFIC SIGNALS,0,0,0,0,8,3,2,971,BROADWAY,41.713034,-87.727174,02/21/2017 08:25:00 AM,2017
CR00038533,12/11/2017 08:23:00 PM,35,CLEAR,DAYLIGHT,TURNING,DIVIDED - W/MEDIAN (NOT RAISED),NO CONTROLS,FAILING TO REDUCE SPEED,FAILING TO REDUCE SPEED,0,0,0,0,20,2,12,558,PULASKI RD,41.938657,-87.5149,12/11/2017 08:56:00 PM,2017
CR00038534,01/03/2017 07:56:00 AM,15,CLEAR,DAYLIGHT,ANGLE,ONE-WAY,STOP SIGN/FLASHER,UNABLE TO DETERMINE,IMPROPER OVERTAKING/PASSING,0,0,0,0,7,3,1,2420,47TH ST,41.770144,-87.726757,01/03/2017 09:35:00 AM,2017
CR00038535,12/26/2018 08:51:00 AM,20,CLEAR,DAYLIGHT,REAR END,DIVIDED - W/MEDIAN (NOT RAISED),TRAFFIC SIGNAL,FAILING TO REDUCE SPEED,NOT APPLICABLE,0,0,0,0,8,4,12,760,WESTERN AVE,41.92255,-87.736888,12/26/2018 09:20:00 AM,2018
CR00038536,09/28/2021 07:52:00 PM,30,CLEAR,DAYLIGHT,ANGLE,DIVIDED - W/MEDIAN BARRIER,TRAFFIC SIGNAL,UNABLE TO DETERMINE,DISTRACTION - FROM INSIDE VEHICLE,0,0,0,0,19,3,9,279,BROADWAY,41.732348,-87.598373,09/28/2021 09:22:00 PM,2021
CR00038537,07/26/2023 11:22:00 AM,30,FREEZING RAIN/DRIZZLE,DAYLIGHT,PEDESTRIAN,ONE-WAY,NO CONTROLS,UNABLE TO DETERMINE,FAILING TO YIELD RIGHT-OF-WAY,0,0,0,0,11,4,7,1982,CLARK ST,41.950363,-87.608507,07/26/2023 12:25:00 PM,2023
CR00038538,12/04/2021 10:36:00 AM,35,FREEZING RAIN/DRIZZLE,DAYLIGHT,TURNING,NOT DIVIDED,YIELD,FAILING TO YIELD RIGHT-OF-WAY,UNABLE TO DETERMINE,0,0,0,0,10,7,12,1679,IRVING PARK RD,41.71267,-87.570727,12/04/2021 12:12:00 PM,2021
CR00038539,09/11/2023 02:01:00 PM,20,CLEAR,DAYLIGHT,REAR END,FOUR WAY,STOP SIGN/FLASHER,UNABLE TO DETERMINE,FAILING TO REDUCE SPEED,0,1,2,3,14,2,9,2069,HALSTED ST,41.9109,-87.802841,09/11/2023 02:48:00 PM,2023
CR00038540,10/17/2021 08:47:00 PM,25,CLEAR,DARKNESS - LIGHTED ROAD,PARKED MOTOR VEHICLE,DIVIDED - W/MEDIAN BARRIER,UNKNOWN,FAILING TO YIELD RIGHT-OF-WAY,UNABLE TO DETERMINE,0,0,0,0,20,1,10,2355,WESTERN AVE,41.930331,-87.531704,10/17/2021 09:34:00 PM,2021
CR00038541,08/26/2018 07:25:00 PM,30,CLEAR,DAYLIGHT,REAR END,ONE-WAY,STOP SIGN/FLASHER,UNABLE TO DETERMINE,UNABLE TO DETERMINE,0,0,0,0,19,1,8,1010,WESTERN AVE,41.845886,-87.779284,08/26/2018 07:46:00 PM,2018
CR00038542,11/30/2021 07:01:00 PM,20,CLEAR,DAYLIGHT,TURNING,ONE-WAY,YIELD,UNABLE TO DETERMINE,IMPROPER LANE USAGE,0,0,1,1,19,3,11,1923,ARCHER AVE,41.97418,-87.805088,11/30/2021 08:12:00 PM,2021
CR00038543,12/07/2017 10:20:00 AM,40,CLEAR,DARKNESS,PARKED MOTOR VEHICLE,T-INTERSECTION,NO CONTROLS,UNABLE TO DETERMINE,UNABLE TO DETERMINE,0,0,0,0,10,5,12,186,DIVISION ST,41.873632,-87.751446,12/07/2017 10:21:00 AM,2017
CR00038544,07/23/2021 03:22:00 PM,20,RAIN,DARKNESS - LIGHTED ROAD,REAR END,DIVIDED - W/MEDIAN (NOT RAISED),TRAFFIC SIGNAL,DRIVING SKILLS/KNOWLEDGE/EXPERIENCE,NOT APPLICABLE,0,0,0,0,15,6,7,658,ELSTON AVE,41.833725,-87.559785,07/23/2021 04:49:00 PM,2021
CR00038545,07/10/2015 07:17:00 AM,15,CLEAR,DAYLIGHT,REAR END,ONE-WAY,YIELD,FAILING TO YIELD RIGHT-OF-WAY,DISREGARDING TRAFFIC SIGNALS,0,0,0,0,7,6,7,1090,BROADWAY,41.962077,-87.784423,07/10/2015 08:54:00 AM,2015
CR00038546,08/15/2016 06:51:00 PM,20,CLOUDY/OVERCAST,DAYLIGHT,ANGLE,T-INTERSECTION,UNKNOWN,IMPROPER OVERTAKING/PASSING,NOT APPLICABLE,0,0,1,1,18,2,8,1497,CLARK ST,41.853245,-87.59587,08/15/2016 08:11:00 PM,2016
CR00038547,03/26/2019 09:55:00 AM,30,CLEAR,DARKNESS - LIGHTED ROAD,REAR END,NOT DIVIDED,STOP SIGN/FLASHER,FOLLOWING TOO CLOSELY,IMPROPER OVERTAKING/PASSING,0,0,0,0,9,3,3,917,MICHIGAN AVE,41.968568,-87.508769,03/26/2019 09:58:00 AM,2019
CR00038548,05/15/2015 09:14:00 PM,45,CLEAR,DUSK,SIDESWIPE SAME DIRECTION,ONE-WAY,NO CONTROLS,FAILING TO YIELD RIGHT-OF-WAY,UNABLE TO DETERMINE,0,0,0,0,21,6,5,1753,FULLERTON AVE,41.9619,-87.547969,05/15/2015 11:12:00 PM,2015
CR00038549,02/19/2023 09:20:00 PM,35,CLEAR,DAYLIGHT,REAR END,DIVIDED - W/MEDIAN BARRIER,STOP SIGN/FLASHER,IMPROPER LANE USAGE,IMPROPER LANE USAGE,0,0,0,0,21,1,2,1952,ARCHER AVE,41.778922,-87.66013,02/19/2023 10:28:00 PM,2023
CR00038550,06/06/2016 07:12:00 PM,20,CLOUDY/OVERCAST,DAYLIGHT,SIDESWIPE SAME DIRECTION,ONE-WAY,TRAFFIC SIGNAL,FAILING TO YIELD RIGHT-OF-WAY,DISREGARDING TRAFFIC SIGNALS,0,0,2,2,19,2,6,1390,ROOSEVELT RD,41.804233,-87.849015,06/06/2016 08:48:00 PM,2016
CR00038551,06/13/2015 03:50:00 PM,20,CLEAR,DAYLIGHT,TURNING,DIVIDED - W/MEDIAN (NOT RAISED),TRAFFIC SIGNAL,DRIVING SKILLS/KNOWLEDGE/EXPERIENCE,NOT APPLICABLE,0,0,0,0,15,7,6,1133,KEDZIE AVE,41.965705,-87.691337,06/13/2015 04:51:00 PM,2015
CR00038552,04/12/2020 04:18:00 PM,15,RAIN,DARKNESS - LIGHTED ROAD,PEDESTRIAN,DIVIDED - W/MEDIAN (NOT RAISED),TRAFFIC SIGNAL,UNABLE TO DETERMINE,NOT APPLICABLE,0,0,1,1,16,1,4,2296,ASHLAND AVE,41.974144,-87.536227,04/12/2020 04:52:00 PM,2020
CR00038553,04/20/2019 07:02:00 PM,45,CLEAR,DAYLIGHT,REAR END,NOT DIVIDED,TRAFFIC SIGNAL,FAILING TO YIELD RIGHT-OF-WAY,IMPROPER OVERTAKING/PASSING,0,0,0,0,19,7,4,614,CALIFORNIA AVE,41.793584,-87.509939,04/20/2019 07:09:00 PM,2019
CR00038554,11/05/2019 07:48:00 PM,25,CLEAR,DAYLIGHT,ANGLE,NOT DIVIDED,TRAFFIC SIGNAL,FAILING TO YIELD RIGHT-OF-WAY,UNABLE TO DETERMINE,0,0,0,0,19,3,11,1940,MILWAUKEE AVE,41.890055,-87.790272,11/05/2019 07:52:00 PM,2019
CR00038555,06/06/2017 10:08:00 PM,40,CLEAR,DAYLIGHT,REAR END,ONE-WAY,TRAFFIC SIGNAL,FOLLOWING TOO CLOSELY,IMPROPER OVERTAKING/PASSING,0,0,0,0,22,3,6,639,FULLERTON AVE,41.799327,-87.831434,06/06/2017 10:20:00 PM,2017
CR00038556,05/23/2021 11:57:00 AM,35,CLOUDY/OVERCAST,DARKNESS - LIGHTED ROAD,TURNING,NOT DIVIDED,TRAFFIC SIGNAL,FOLLOWING TOO CLOSELY,UNABLE TO DETERMINE,0,0,0,0,11,1,5,169,47TH ST,41.936713,-87.695879,05/23/2021 12:01:00 PM,2021
CR00038557,08/02/2017 06:39:00 AM,35,CLOUDY/OVERCAST,DAYLIGHT,REAR END,DIVIDED - W/MEDIAN (NOT RAISED),STOP SIGN/FLASHER,IMPROPER LANE USAGE,FAILING TO YIELD RIGHT-OF-WAY,0,1,1,2,6,4,8,2245,79TH ST,41.740471,-87.766661,08/02/2017 08:28:00 AM,2017
CR00038558,08/20/2023 11:02:00 PM,30,CLEAR,DUSK,TURNING,DIVIDED - W/MEDIAN (NOT RAISED),NO CONTROLS,DISTRACTION - FROM INSIDE VEHICLE,FAILING TO REDUCE SPEED,0,1,1,2,23,1,8,1428,LAKE SHORE DR,41.78501,-87.571098,08/20/2023 11:35:00 PM,2023
CR00038559,03/08/2019 05:21:00 AM,25,CLOUDY/OVERCAST,DAYLIGHT,REAR END,T-INTERSECTION,NO CONTROLS,FAILING TO REDUCE SPEED,UNABLE TO DETERMINE,0,0,0,0,5,6,3,2245,ELSTON AVE,41.927724,-87.506332,03/08/2019 05:51:00 AM,2019
CR00038560,10/02/2017 04:48:00 PM,35,CLEAR,DARKNESS - LIGHTED ROAD,REAR END,DIVIDED - W/MEDIAN (NOT RAISED),TRAFFIC SIGNAL,UNABLE TO DETERMINE,DRIVING SKILLS/KNOWLEDGE/EXPERIENCE,0,0,0,0,16,2,10,1719,DAMEN AVE,41.836673,-87.546762,10/02/2017 06:34:00 PM,2017
CR00038561,01/04/2017 04:03:00 AM,30,CLEAR,DUSK,SIDESWIPE SAME DIRECTION,NOT DIVIDED,TRAFFIC SIGNAL,IMPROPER LANE USAGE,NOT APPLICABLE,0,0,0,0,4,4,1,250,63RD ST,41.937414,-87.778377,01/04/2017 04:18:00 AM,2017
CR00038562,07/29/2016 07:03:00 AM,30,CLOUDY/OVERCAST,DARKNESS - LIGHTED ROAD,REAR END,DIVIDED - W/MEDIAN (NOT RAISED),NO CONTROLS,DISTRACTION - FROM INSIDE VEHICLE,NOT APPLICABLE,0,0,0,0,7,6,7,1676,KEDZIE AVE,41.802757,-87.635203,07/29/2016 08:10:00 AM,2016
CR00038563,06/12/2021 12:54:00 PM,20,CLEAR,DUSK,TURNING,ONE-WAY,STOP SIGN/FLASHER,FAILING TO YIELD RIGHT-OF-WAY,NOT APPLICABLE,1,0,3,4,12,7,6,1550,STONY ISLAND AVE,41.785486,-87.562822,06/12/2021 02:07:00 PM,2021
CR00038564,07/21/2018 01:34:00 PM,30,CLEAR,DAYLIGHT,PARKED MOTOR VEHICLE,DIVIDED - W/MEDIAN BARRIER,NO CONTROLS,FOLLOWING TOO CLOSELY,UNABLE TO DETERMINE,0,0,0,0,13,7,7,2336,CLARK ST,41.807538,-87.795362,07/21/2018 02:07:00 PM,2018
CR00038565,01/12/2018 08:12:00 PM,35,CLOUDY/OVERCAST,DAYLIGHT,SIDESWIPE SAME DIRECTION,ONE-WAY,NO CONTROLS,FOLLOWING TOO CLOSELY,UNABLE TO DETERMINE,0,0,0,0,20,6,1,2500,ARCHER AVE,41.840265,-87.842889,01/12/2018 09:12:00 PM,2018
CR00038566,10/20/2018 12:23:00 PM,25,CLEAR,DAYLIGHT,REAR END,DIVIDED - W/MEDIAN BARRIER,TRAFFIC SIGNAL,UNABLE TO DETERMINE,UNABLE TO DETERMINE,0,0,0,0,12,7,10,551,ROOSEVELT RD,41.754993,-87.637086,10/20/2018 01:01:00 PM,2018
CR00038567,11/28/2024 08:48:00 PM,20,CLEAR,DAYLIGHT,REAR END,DIVIDED - W/MEDIAN (NOT RAISED),PEDESTRIAN CROSSING SIGN,IMPROPER OVERTAKING/PASSING,FOLLOWING TOO CLOSELY,0,0,1,1,20,5,11,1388,BROADWAY,41.974029,-87.535801,11/28/2024 09:45:00 PM,2024
CR00038568,11/18/2018 01:52:00 PM,30,RAIN,DUSK,REAR END,NOT DIVIDED,TRAFFIC SIGNAL,UNABLE TO DETERMINE,NOT APPLICABLE,0,0,0,0,13,1,11,473,BROADWAY,41.966769,-87.518637,11/18/2018 02:54:00 PM,2018
CR00038569,04/20/2018 11:25:00 AM,35,CLEAR,DARKNESS - LIGHTED ROAD,TURNING,NOT DIVIDED,NO CONTROLS,UNABLE TO DETERMINE,WEATHER,0,0,1,1,11,6,4,2183,ARCHER AVE,41.965069,-87.800492,04/20/2018 12:41:00 PM,2018
CR00038570,07/12/2023 11:47:00 PM,15,CLOUDY/OVERCAST,DAYLIGHT,REAR TO FRONT,DIVIDED - W/MEDIAN (NOT RAISED),TRAFFIC SIGNAL,UNABLE TO DETERMINE,DISTRACTION - FROM INSIDE VEHICLE,0,0,1,1,23,4,7,1968,WESTERN AVE,41.89382,-87.691204,07/13/2023 01:11:00 AM,2023
CR00038571,10/23/2024 08:24:00 AM,20,CLEAR,DARKNESS - LIGHTED ROAD,REAR TO FRONT,NOT DIVIDED,NO CONTROLS,FOLLOWING TOO CLOSELY,FAILING TO REDUCE SPEED,0,0,0,0,8,4,10,2387,63RD ST,41.821475,-87.537911,10/23/2024 09:18:00 AM,2024
CR00038572,07/09/2016 08:12:00 PM,30,CLEAR,DAYLIGHT,TURNING,FOUR WAY,TRAFFIC SIGNAL,FAILING TO REDUCE SPEED,FAILING TO YIELD RIGHT-OF-WAY,0,1,3,4,20,7,7,1123,LAKE SHORE DR,41.972183,-87.737761,07/09/2016 09:23:00 PM,2016
CR00038573,02/04/2021 06:31:00 PM,25,CLEAR,DAYLIGHT,ANGLE,DIVIDED - W/MEDIAN BARRIER,STOP SIGN/FLASHER,IMPROPER LANE USAGE,FAILING TO REDUCE SPEED,0,0,0,0,18,5,2,2373,FULLERTON AVE,41.716154,-87.552091,02/04/2021 07:36:00 PM,2021
CR00038574,01/04/2017 05:20:00 AM,20,CLEAR,DAYLIGHT,PARKED MOTOR VEHICLE,ONE-WAY,NO CONTROLS,FOLLOWING TOO CLOSELY,UNABLE TO DETERMINE,0,0,0,0,5,4,1,2200,PULASKI RD,41.888302,-87.83859,01/04/2017 06:12:00 AM,2017
CR00038575,09/15/2022 12:21:00 PM,25,CLEAR,DARKNESS - LIGHTED ROAD,REAR END,ONE-WAY,STOP SIGN/FLASHER,FOLLOWING TOO CLOSELY,FAILING TO YIELD RIGHT-OF-WAY,0,1,3,4,12,5,9,1700,DAMEN AVE,41.869791,-87.539084,09/15/2022 01:15:00 PM,2022
CR00038576,04/12/2015 03:58:00 PM,40,CLEAR,DARKNESS - LIGHTED ROAD,REAR END,NOT DIVIDED,NO CONTROLS,UNABLE TO DETERMINE,IMPROPER OVERTAKING/PASSING,0,0,0,0,15,1,4,750,FULLERTON AVE,41.885441,-87.515046,04/12/2015 04:05:00 PM,2015
CR00038577,03/29/2024 08:05:00 AM,25,CLEAR,DAYLIGHT,FIXED OBJECT,DIVIDED - W/MEDIAN BARRIER,TRAFFIC SIGNAL,FAILING TO REDUCE SPEED,IMPROPER LANE USAGE,0,0,0,0,8,6,3,1851,FULLERTON AVE,41.936911,-87.828628,03/29/2024 09:12:00 AM,2024
CR00038578,06/27/2016 06:12:00 PM,45,CLEAR,DAYLIGHT,REAR END,FOUR WAY,NO CONTROLS,UNABLE TO DETERMINE,IMPROPER OVERTAKING/PASSING,0,0,0,0,18,2,6,1188,DAMEN AVE,41.801846,-87.600426,06/27/2016 06:47:00 PM,2016
CR00038579,06/21/2023 11:02:00 AM,15,CLEAR,DAYLIGHT,REAR END,NOT DIVIDED,TRAFFIC SIGNAL,FOLLOWING TOO CLOSELY,WEATHER,0,0,0,0,11,4,6,2514,CLARK ST,41.748382,-87.641533,06/21/2023 12:18:00 PM,2023
CR00038580,06/10/2019 06:47:00 PM,30,CLEAR,DAYLIGHT,ANGLE,ONE-WAY,TRAFFIC SIGNAL,IMPROPER LANE USAGE,UNABLE TO DETERMINE,0,0,0,0,18,2,6,284,CLARK ST,41.950113,-87.816855,06/10/2019 07:36:00 PM,2019
CR00038581,01/07/2022 12:35:00 AM,30,CLEAR,DAYLIGHT,SIDESWIPE SAME DIRECTION,ONE-WAY,TRAFFIC SIGNAL,UNABLE TO DETERMINE,FAILING TO REDUCE SPEED,0,0,0,0,0,6,1,1025,MILWAUKEE AVE,41.726007,-87.787066,01/07/2022 01:09:00 AM,2022
CR00038582,02/01/2019 04:15:00 PM,40,CLEAR,DAYLIGHT,REAR END,DIVIDED - W/MEDIAN (NOT RAISED),STOP SIGN/FLASHER,FOLLOWING TOO CLOSELY,DISREGARDING TRAFFIC SIGNALS,0,0,2,2,16,6,2,1312,OGDEN AVE,41.999242,-87.68369,02/01/2019 04:36:00 PM,2019
CR00038583,12/26/2015 05:02:00 PM,15,RAIN,DAYLIGHT,REAR TO FRONT,DIVIDED - W/MEDIAN (NOT RAISED),TRAFFIC SIGNAL,DRIVING SKILLS/KNOWLEDGE/EXPERIENCE,FOLLOWING TOO CLOSELY,0,0,1,1,17,7,12,2534,IRVING PARK RD,41.838274,-87.793517,12/26/2015 05:38:00 PM,2015
CR00038584,02/19/2022 04:35:00 PM,35,CLEAR,DAYLIGHT,SIDESWIPE SAME DIRECTION,NOT DIVIDED,NO CONTROLS,DISREGARDING TRAFFIC SIGNALS,FOLLOWING TOO CLOSELY,0,2,0,2,16,7,2,2209,ASHLAND AVE,41.990949,-87.673259,02/19/2022 04:58:00 PM,2022
CR00038585,07/19/2015 11:07:00 PM,15,CLEAR,DUSK,REAR TO FRONT,NOT DIVIDED,TRAFFIC SIGNAL,DRIVING SKILLS/KNOWLEDGE/EXPERIENCE,WEATHER,0,0,0,0,23,1,7,2309,DAMEN AVE,41.996594,-87.713437,07/20/2015 01:02:00 AM,2015
CR00038586,07/22/2024 06:03:00 AM,30,CLOUDY/OVERCAST,DAYLIGHT,PARKED MOTOR VEHICLE,NOT DIVIDED,TRAFFIC SIGNAL,IMPROPER OVERTAKING/PASSING,UNABLE TO DETERMINE,0,0,0,0,6,2,7,363,WESTERN AVE,41.848971,-87.810226,07/22/2024 06:27:00 AM,2024
CR00038587,10/09/2018 01:05:00 PM,30,RAIN,DAYLIGHT,PEDESTRIAN,T-INTERSECTION,UNKNOWN,UNABLE TO DETERMINE,NOT APPLICABLE,0,0,2,2,13,3,10,2370,DAMEN AVE,41.931276,-87.611841,10/09/2018 02:51:00 PM,2018
CR00038588,09/17/2022 03:55:00 AM,30,CLEAR,DAYLIGHT,PARKED MOTOR VEHICLE,DIVIDED - W/MEDIAN BARRIER,NO CONTROLS,WEATHER,FAILING TO YIELD RIGHT-OF-WAY,0,0,0,0,3,7,9,2008,IRVING PARK RD,41.814642,-87.597424,09/17/2022 05:04:00 AM,2022
CR00038589,04/14/2018 08:58:00 AM,30,CLOUDY/OVERCAST,DAYLIGHT,FIXED OBJECT,DIVIDED - W/MEDIAN BARRIER,TRAFFIC SIGNAL,IMPROPER OVERTAKING/PASSING,UNABLE TO DETERMINE,0,0,0,0,8,7,4,1814,LAKE SHORE DR,41.747613,-87.511658,04/14/2018 09:25:00 AM,2018
CR00038590,09/02/2020 09:28:00 AM,30,CLEAR,DARKNESS - LIGHTED ROAD,ANGLE,ONE-WAY,TRAFFIC SIGNAL,UNABLE TO DETERMINE,FOLLOWING TOO CLOSELY,0,0,0,0,9,4,9,1443,79TH ST,41.76762,-87.529316,09/02/2020 11:27:00 AM,2020
CR00038591,01/07/2020 11:50:00 PM,35,CLEAR,DAYLIGHT,PARKED MOTOR VEHICLE,FOUR WAY,NO CONTROLS,FOLLOWING TOO CLOSELY,DRIVING SKILLS/KNOWLEDGE/EXPERIENCE,0,0,0,0,23,3,1,1805,KEDZIE AVE,41.929507,-87.70339,01/08/2020 12:23:00 AM,2020
CR00038592,04/12/2017 02:01:00 AM,45,CLEAR,DUSK,ANGLE,FOUR WAY,NO CONTROLS,IMPROPER LANE USAGE,NOT APPLICABLE,0,0,0,0,2,4,4,892,IRVING PARK RD,41.931082,-87.802354,04/12/2017 02:35:00 AM,2017
CR00038593,10/30/2023 02:02:00 PM,40,CLEAR,DAYLIGHT,REAR TO FRONT,ONE-WAY,STOP SIGN/FLASHER,FAILING TO REDUCE SPEED,FAILING TO REDUCE SPEED,0,0,0,0,14,2,10,1544,63RD ST,41.936509,-87.657278,10/30/2023 02:30:00 PM,2023
CR00038594,02/13/2018 08:25:00 PM,20,CLEAR,DAYLIGHT,TURNING,DIVIDED - W/MEDIAN (NOT RAISED),NO CONTROLS,FAILING TO REDUCE SPEED,DRIVING SKILLS/KNOWLEDGE/EXPERIENCE,0,0,2,2,20,3,2,1099,CICERO AVE,41.961903,-87.783428,02/13/2018 09:51:00 PM,2018
CR00038595,12/07/2019 11:22:00 AM,30,CLEAR,DAYLIGHT,REAR TO FRONT,FOUR WAY,NO CONTROLS,DRIVING SKILLS/KNOWLEDGE/EXPERIENCE,DISREGARDING TRAFFIC SIGNALS,0,0,0,0,11,7,12,1288,47TH ST,41.882943,-87.686435,12/07/2019 12:22:00 PM,2019
CR00038596,09/07/2024 08:31:00 AM,20,RAIN,DAYLIGHT,TURNING,T-INTERSECTION,NO CONTROLS,FAILING TO YIELD RIGHT-OF-WAY,UNABLE TO DETERMINE,0,0,0,0,8,7,9,675,63RD ST,41.943227,-87.650983,09/07/2024 09:16:00 AM,2024
CR00038597,04/04/2015 12:46:00 PM,25,CLEAR,DARKNESS - LIGHTED ROAD,TURNING,DIVIDED - W/MEDIAN (NOT RAISED),UNKNOWN,UNABLE TO DETERMINE,UNABLE TO DETERMINE,0,0,0,0,12,7,4,1333,BROADWAY,41.820032,-87.701904,04/04/2015 01:45:00 PM,2015
CR00038598,10/23/2020 09:20:00 PM,35,CLEAR,DAYLIGHT,REAR END,ONE-WAY,TRAFFIC SIGNAL,UNABLE TO DETERMINE,FAILING TO YIELD RIGHT-OF-WAY,0,0,0,0,21,6,10,1506,DAMEN AVE,41.785968,-87.782444,10/23/2020 09:50:00 PM,2020
CR00038599,01/26/2024 04:03:00 AM,15,SNOW,DAYLIGHT,REAR END,DIVIDED - W/MEDIAN (NOT RAISED),NO CONTROLS,FAILING TO REDUCE SPEED,IMPROPER LANE USAGE,0,0,0,0,4,6,1,909,BROADWAY,41.819979,-87.528875,01/26/2024 04:28:00 AM,2024
CR00038600,09/16/2015 05:34:00 PM,30,CLEAR,DAYLIGHT,SIDESWIPE SAME DIRECTION,DIVIDED - W/MEDIAN (NOT RAISED),NO CONTROLS,UNABLE TO DETERMINE,DISREGARDING TRAFFIC SIGNALS,0,0,0,0,17,4,9,2305,LAKE SHORE DR,41.740748,-87.629344,09/16/2015 07:29:00 PM,2015