CRASH_RECORD_ID,CRASH_DATE,POSTED_SPEED_LIMIT,WEATHER_CONDITION,LIGHTING_CONDITION,FIRST_CRASH_TYPE,TRAFFICWAY_TYPE,TRAFFIC_CONTROL_DEVICE,PRIM_CONTRIBUTORY_CAUSE,SEC_CONTRIBUTORY_CAUSE,INJURIES_FATAL,INJURIES_INCAPACITATING,INJURIES_NON_INCAPACITATING,INJURIES_TOTAL,CRASH_HOUR,CRASH_DAY_OF_WEEK,CRASH_MONTH,BEAT_OF_OCCURRENCE,STREET_NAME,LATITUDE,LONGITUDE,DATE_POLICE_NOTIFIED,year
CR00038601,07/09/2016 09:15:00 AM,15,CLEAR,DAYLIGHT,SIDESWIPE SAME DIRECTION,DIVIDED - W/MEDIAN BARRIER,NO CONTROLS,IMPROPER LANE USAGE,NOT APPLICABLE,0,0,0,0,9,7,7,1265,LAKE SHORE DR,41.853841,-87.697194,07/09/2016 10:04:00 AM,2016
CR00038602,10/12/2016 06:33:00 PM,30,CLEAR,DAYLIGHT,ANGLE,NOT DIVIDED,TRAFFIC SIGNAL,IMPROPER LANE USAGE,NOT APPLICABLE,0,0,0,0,18,4,10,1648,OGDEN AVE,41.715257,-87.543764,10/12/2016 07:08:00 PM,2016
CR00038603,02/17/2019 08:55:00 AM,35,CLOUDY/OVERCAST,DARKNESS - LIGHTED ROAD,REAR END,DIVIDED - W/MEDIAN (NOT RAISED),NO CONTROLS,FAILING TO YIELD RIGHT-OF-WAY,DISREGARDING TRAFFIC SIGNALS,0,0,0,0,8,1,2,709,LAKE SHORE DR,41.814056,-87.637086,02/17/2019 09:34:00 AM,2019
CR00038604,04/20/2019 07:18:00 AM,35,CLEAR,DARKNESS - LIGHTED ROAD,REAR END,NOT DIVIDED,STOP SIGN/FLASHER,UNABLE TO DETERMINE,WEATHER,0,0,0,0,7,7,4,228,63RD ST,41.769611,-87.556426,04/20/2019 08:56:00 AM,2019
CR00038605,05/21/2023 12:28:00 PM,40,CLEAR,DAYLIGHT,FIXED OBJECT,NOT DIVIDED,TRAFFIC SIGNAL,UNABLE TO DETERMINE,DISTRACTION - FROM INSIDE VEHICLE,0,0,0,0,12,1,5,2008,MICHIGAN AVE,41.799831,-87.611619,05/21/2023 12:52:00 PM,2023
CR00038606,10/04/2024 06:21:00 PM,45,CLEAR,DARKNESS - LIGHTED ROAD,FIXED OBJECT,ONE-WAY,STOP SIGN/FLASHER,FAILING TO YIELD RIGHT-OF-WAY,NOT APPLICABLE,0,0,0,0,18,6,10,116,PULASKI RD,41.966511,-87.596392,10/04/2024 07:46:00 PM,2024
CR00038607,04/19/2021 01:01:00 AM,45,CLEAR,DAYLIGHT,REAR END,NOT DIVIDED,STOP SIGN/FLASHER,UNABLE TO DETERMINE,DRIVING SKILLS/KNOWLEDGE/EXPERIENCE,0,0,0,0,1,2,4,1726,DAMEN AVE,41.754451,-87.64904,04/19/2021 02:35:00 AM,2021
CR00038608,01/15/2016 02:23:00 AM,30,CLEAR,DARKNESS - LIGHTED ROAD,PEDESTRIAN,T-INTERSECTION,UNKNOWN,FAILING TO REDUCE SPEED,FAILING TO YIELD RIGHT-OF-WAY,0,0,1,1,2,6,1,1729,ROOSEVELT RD,41.733432,-87.840472,01/15/2016 02:40:00 AM,2016
CR00038609,05/10/2018 05:59:00 PM,35,RAIN,DAYLIGHT,PEDESTRIAN,DIVIDED - W/MEDIAN (NOT RAISED),UNKNOWN,UNABLE TO DETERMINE,FAILING TO YIELD RIGHT-OF-WAY,0,0,3,3,17,5,5,1614,KEDZIE AVE,41.951426,-87.588102,05/10/2018 07:59:00 PM,2018
CR00038610,01/04/2022 04:09:00 PM,30,CLEAR,DAYLIGHT,TURNING,NOT DIVIDED,PEDESTRIAN CROSSING SIGN,IMPROPER OVERTAKING/PASSING,UNABLE TO DETERMINE,0,0,2,2,16,3,1,1366,HALSTED ST,41.809312,-87.843612,01/04/2022 04:56:00 PM,2022
CR00038611,04/26/2020 03:37:00 PM,15,CLEAR,DAYLIGHT,TURNING,NOT DIVIDED,STOP SIGN/FLASHER,IMPROPER LANE USAGE,UNABLE TO DETERMINE,0,0,0,0,15,1,4,1306,ASHLAND AVE,41.779321,-87.609805,04/26/2020 05:29:00 PM,2020
CR00038612,05/18/2022 10:04:00 PM,20,FOG/SMOKE/HAZE,DAYLIGHT,FIXED OBJECT,DIVIDED - W/MEDIAN BARRIER,NO CONTROLS,FOLLOWING TOO CLOSELY,UNABLE TO DETERMINE,0,0,0,0,22,4,5,1332,CLARK ST,41.761183,-87.782608,05/18/2022 11:31:00 PM,2022
CR00038613,02/04/2021 02:33:00 PM,20,CLEAR,DAYLIGHT,REAR END,T-INTERSECTION,STOP SIGN/FLASHER,IMPROPER LANE USAGE,FAILING TO YIELD RIGHT-OF-WAY,0,0,0,0,14,5,2,1962,MILWAUKEE AVE,41.905232,-87.627947,02/04/2021 04:32:00 PM,2021
CR00038614,06/29/2021 03:12:00 PM,30,CLEAR,DUSK,TURNING,NOT DIVIDED,NO CONTROLS,UNABLE TO DETERMINE,FOLLOWING TOO CLOSELY,0,0,2,2,15,3,6,1515,HALSTED ST,41.813807,-87.777684,06/29/2021 03:34:00 PM,2021
CR00038615,03/13/2016 09:58:00 AM,20,CLEAR,DAYLIGHT,REAR TO FRONT,NOT DIVIDED,UNKNOWN,DRIVING SKILLS/KNOWLEDGE/EXPERIENCE,IMPROPER LANE USAGE,0,0,1,1,9,1,3,2128,47TH ST,41.864514,-87.502092,03/13/2016 11:18:00 AM,2016
CR00038616,07/06/2018 03:41:00 AM,30,CLOUDY/OVERCAST,DAYLIGHT,PARKED MOTOR VEHICLE,NOT DIVIDED,NO CONTROLS,FAILING TO YIELD RIGHT-OF-WAY,NOT APPLICABLE,0,0,0,0,3,6,7,1813,MILWAUKEE AVE,41.724318,-87.815725,07/06/2018 04:26:00 AM,2018
CR00038617,08/15/2018 01:42:00 PM,20,CLEAR,DAYLIGHT,FIXED OBJECT,ONE-WAY,NO CONTROLS,FOLLOWING TOO CLOSELY,UNABLE TO DETERMINE,0,0,1,1,13,4,8,524,63RD ST,41.757118,-87.563265,08/15/2018 01:50:00 PM,2018
CR00038618,07/01/2023 05:41:00 PM,40,CLEAR,DAYLIGHT,REAR END,NOT DIVIDED,NO CONTROLS,FAILING TO YIELD RIGHT-OF-WAY,FOLLOWING TOO CLOSELY,0,0,0,0,17,7,7,2210,CICERO AVE,41.716288,-87.568115,07/01/2023 06:50:00 PM,2023
CR00038619,02/23/2022 09:38:00 AM,20,CLEAR,DAYLIGHT,SIDESWIPE SAME DIRECTION,NOT DIVIDED,NO CONTROLS,DISTRACTION - FROM INSIDE VEHICLE,FOLLOWING TOO CLOSELY,0,0,0,0,9,4,2,622,47TH ST,41.836683,-87.698122,02/23/2022 09:53:00 AM,2022
CR00038620,09/24/2023 01:22:00 PM,15,CLEAR,DARKNESS - LIGHTED ROAD,PEDESTRIAN,NOT DIVIDED,UNKNOWN,IMPROPER OVERTAKING/PASSING,IMPROPER LANE USAGE,0,0,0,0,13,1,9,1487,ROOSEVELT RD,41.795864,-87.733016,09/24/2023 02:14:00 PM,2023
CR00038621,05/04/2016 08:30:00 PM,30,CLEAR,DAWN,TURNING,ONE-WAY,NO CONTROLS,IMPROPER OVERTAKING/PASSING,UNABLE TO DETERMINE,0,0,0,0,20,4,5,2360,ASHLAND AVE,41.966757,-87.670438,05/04/2016 09:05:00 PM,2016
CR00038622,06/09/2019 06:15:00 PM,45,CLEAR,DAYLIGHT,ANGLE,NOT DIVIDED,NO CONTROLS,IMPROPER OVERTAKING/PASSING,FOLLOWING TOO CLOSELY,0,0,1,1,18,1,6,933,ARCHER AVE,41.907669,-87.826295,06/09/2019 06:42:00 PM,2019
CR00038623,12/28/2016 01:59:00 AM,20,CLEAR,DARKNESS - LIGHTED ROAD,TURNING,ONE-WAY,TRAFFIC SIGNAL,FOLLOWING TOO CLOSELY,DISREGARDING TRAFFIC SIGNALS,0,0,0,0,1,4,12,1379,HALSTED ST,41.783909,-87.505118,12/28/2016 02:45:00 AM,2016
CR00038624,03/10/2020 05:22:00 PM,20,CLEAR,DAYLIGHT,TURNING,ONE-WAY,STOP SIGN/FLASHER,FAILING TO REDUCE SPEED,FAILING TO YIELD RIGHT-OF-WAY,0,0,0,0,17,3,3,1517,CALIFORNIA AVE,41.866027,-87.66625,03/10/2020 07:15:00 PM,2020
CR00038625,08/20/2021 03:40:00 PM,30,CLOUDY/OVERCAST,DAYLIGHT,REAR END,NOT DIVIDED,UNKNOWN,IMPROPER LANE USAGE,DRIVING SKILLS/KNOWLEDGE/EXPERIENCE,0,0,0,0,15,6,8,1738,ARCHER AVE,41.852767,-87.76407,08/20/2021 04:33:00 PM,2021
CR00038626,07/31/2015 11:57:00 AM,45,CLEAR,DAYLIGHT,REAR END,DIVIDED - W/MEDIAN (NOT RAISED),TRAFFIC SIGNAL,IMPROPER LANE USAGE,FOLLOWING TOO CLOSELY,0,0,0,0,11,6,7,1018,CALIFORNIA AVE,41.835904,-87.530536,07/31/2015 01:19:00 PM,2015
CR00038627,08/03/2016 06:01:00 AM,30,CLEAR,DARKNESS,TURNING,DIVIDED - W/MEDIAN (NOT RAISED),STOP SIGN/FLASHER,UNABLE TO DETERMINE,UNABLE TO DETERMINE,0,0,2,2,6,4,8,331,PULASKI RD,41.736376,-87.581783,08/03/2016 07:20:00 AM,2016
CR00038628,11/23/2020 01:43:00 AM,35,CLEAR,DARKNESS,REAR END,ONE-WAY,NO CONTROLS,DRIVING SKILLS/KNOWLEDGE/EXPERIENCE,FAILING TO REDUCE SPEED,0,0,1,1,1,2,11,1493,79TH ST,41.851777,-87.629983,11/23/2020 03:09:00 AM,2020
CR00038629,08/11/2016 07:21:00 AM,20,CLEAR,DAYLIGHT,REAR END,DIVIDED - W/MEDIAN (NOT RAISED),NO CONTROLS,UNABLE TO DETERMINE,UNABLE TO DETERMINE,0,0,0,0,7,5,8,2036,ARCHER AVE,41.748711,-87.547433,08/11/2016 08:51:00 AM,2016
CR00038630,03/30/2020 02:06:00 PM,40,CLEAR,DAYLIGHT,ANGLE,DIVIDED - W/MEDIAN (NOT RAISED),NO CONTROLS,UNABLE TO DETERMINE,FAILING TO YIELD RIGHT-OF-WAY,0,0,0,0,14,2,3,802,DAMEN AVE,41.98361,-87.814126,03/30/2020 03:01:00 PM,2020
CR00038631,03/14/2022 03:56:00 PM,15,CLEAR,DAYLIGHT,PEDESTRIAN,T-INTERSECTION,STOP SIGN/FLASHER,DISTRACTION - FROM INSIDE VEHICLE,IMPROPER OVERTAKING/PASSING,0,0,0,0,15,2,3,1821,ROOSEVELT RD,41.720524,-87.687882,03/14/2022 05:43:00 PM,2022
CR00038632,12/23/2024 07:20:00 AM,20,CLEAR,DARKNESS - LIGHTED ROAD,ANGLE,ONE-WAY,TRAFFIC SIGNAL,IMPROPER LANE USAGE,FOLLOWING TOO CLOSELY,0,0,0,0,7,2,12,2340,47TH ST,41.927827,-87.522204,12/23/2024 09:13:00 AM,2024
CR00038633,07/28/2019 01:02:00 PM,15,CLEAR,DARKNESS,SIDESWIPE SAME DIRECTION,ONE-WAY,NO CONTROLS,IMPROPER OVERTAKING/PASSING,UNABLE TO DETERMINE,0,0,0,0,13,1,7,1624,ELSTON AVE,41.898417,-87.645997,07/28/2019 02:11:00 PM,2019
CR00038634,11/04/2020 04:22:00 PM,40,CLEAR,DAYLIGHT,ANGLE,DIVIDED - W/MEDIAN BARRIER,NO CONTROLS,UNABLE TO DETERMINE,FOLLOWING TOO CLOSELY,0,0,0,0,16,4,11,1737,OGDEN AVE,41.750304,-87.625297,11/04/2020 05:51:00 PM,2020
CR00038635,05/15/2016 03:39:00 PM,30,CLEAR,DAYLIGHT,ANGLE,FOUR WAY,TRAFFIC SIGNAL,UNABLE TO DETERMINE,DISTRACTION - FROM INSIDE VEHICLE,0,0,0,0,15,1,5,1953,LAKE SHORE DR,41.728661,-87.692091,05/15/2016 04:23:00 PM,2016
CR00038636,12/16/2016 03:31:00 PM,15,CLEAR,DAYLIGHT,REAR END,FOUR WAY,TRAFFIC SIGNAL,IMPROPER OVERTAKING/PASSING,DISTRACTION - FROM INSIDE VEHICLE,0,0,1,1,15,6,12,324,OGDEN AVE,41.846074,-87.538731,12/16/2016 04:14:00 PM,2016
CR00038637,05/22/2023 07:09:00 PM,20,CLEAR,DAYLIGHT,ANGLE,NOT DIVIDED,STOP SIGN/FLASHER,IMPROPER LANE USAGE,DISTRACTION - FROM INSIDE VEHICLE,0,0,0,0,19,2,5,1496,STATE ST,41.898548,-87.829332,05/22/2023 08:11:00 PM,2023
CR00038638,08/24/2017 03:30:00 PM,35,CLEAR,DARKNESS - LIGHTED ROAD,ANGLE,DIVIDED - W/MEDIAN (NOT RAISED),NO CONTROLS,FAILING TO REDUCE SPEED,NOT APPLICABLE,0,0,0,0,15,5,8,825,63RD ST,41.710841,-87.502081,08/24/2017 04:31:00 PM,2017
CR00038639,06/08/2018 08:44:00 AM,30,RAIN,DAYLIGHT,ANGLE,FOUR WAY,NO CONTROLS,FAILING TO YIELD RIGHT-OF-WAY,FAILING TO REDUCE SPEED,0,0,0,0,8,6,6,1072,47TH ST,41.957411,-87.65926,06/08/2018 09:13:00 AM,2018
CR00038640,05/10/2021 08:53:00 AM,35,CLEAR,DARKNESS - LIGHTED ROAD,ANGLE,DIVIDED - W/MEDIAN BARRIER,TRAFFIC SIGNAL,UNABLE TO DETERMINE,NOT APPLICABLE,0,0,0,0,8,2,5,1418,CALIFORNIA AVE,41.771062,-87.544571,05/10/2021 09:54:00 AM,2021
CR00038641,11/27/2024 06:07:00 PM,35,CLEAR,DARKNESS - LIGHTED ROAD,PARKED MOTOR VEHICLE,DIVIDED - W/MEDIAN (NOT RAISED),STOP SIGN/FLASHER,IMPROPER OVERTAKING/PASSING,FOLLOWING TOO CLOSELY,0,0,1,1,18,4,11,260,79TH ST,41.759726,-87.807815,11/27/2024 06:24:00 PM,2024
CR00038642,10/27/2018 05:54:00 PM,30,RAIN,DARKNESS - LIGHTED ROAD,SIDESWIPE SAME DIRECTION,NOT DIVIDED,NO CONTROLS,UNABLE TO DETERMINE,FAILING TO YIELD RIGHT-OF-WAY,0,0,2,2,17,7,10,925,OGDEN AVE,41.878088,-87.515671,10/27/2018 06:46:00 PM,2018
CR00038643,02/21/2024 06:58:00 AM,35,CLEAR,DAYLIGHT,REAR END,NOT DIVIDED,NO CONTROLS,IMPROPER OVERTAKING/PASSING,FOLLOWING TOO CLOSELY,0,0,1,1,6,4,2,2361,47TH ST,41.922568,-87.57509,02/21/2024 07:58:00 AM,2024
CR00038644,09/29/2020 05:35:00 PM,30,CLEAR,DAYLIGHT,TURNING,DIVIDED - W/MEDIAN BARRIER,TRAFFIC SIGNAL,FAILING TO YIELD RIGHT-OF-WAY,FOLLOWING TOO CLOSELY,0,0,0,0,17,3,9,2264,WESTERN AVE,41.983499,-87.756041,09/29/2020 06:28:00 PM,2020
CR00038645,03/26/2016 09:28:00 AM,40,FREEZING RAIN/DRIZZLE,DARKNESS,SIDESWIPE SAME DIRECTION,DIVIDED - W/MEDIAN (NOT RAISED),NO CONTROLS,DISTRACTION - FROM INSIDE VEHICLE,FOLLOWING TOO CLOSELY,0,0,0,0,9,7,3,672,STATE ST,41.964065,-87.606005,03/26/2016 11:11:00 AM,2016
CR00038646,04/11/2022 07:42:00 PM,30,CLEAR,DAYLIGHT,TURNING,NOT DIVIDED,NO CONTROLS,UNABLE TO DETERMINE,UNABLE TO DETERMINE,0,0,0,0,19,2,4,1998,OGDEN AVE,41.847438,-87.606531,04/11/2022 09:28:00 PM,2022
CR00038647,10/10/2021 05:10:00 PM,30,CLEAR,DARKNESS - LIGHTED ROAD,REAR END,NOT DIVIDED,TRAFFIC SIGNAL,FAILING TO YIELD RIGHT-OF-WAY,FAILING TO REDUCE SPEED,0,0,0,0,17,1,10,141,HALSTED ST,41.763723,-87.658561,10/10/2021 06:48:00 PM,2021
CR00038648,09/22/2018 11:54:00 PM,20,CLEAR,DAYLIGHT,REAR TO FRONT,NOT DIVIDED,NO CONTROLS,UNABLE TO DETERMINE,UNABLE TO DETERMINE,0,0,0,0,23,7,9,2081,STATE ST,41.945824,-87.566921,09/23/2018 01:48:00 AM,2018
CR00038649,12/23/2021 11:59:00 PM,30,CLEAR,DAYLIGHT,FIXED OBJECT,ONE-WAY,NO CONTROLS,FAILING TO YIELD RIGHT-OF-WAY,WEATHER,0,0,0,0,23,5,12,1043,ROOSEVELT RD,41.812896,-87.801372,12/24/2021 12:27:00 AM,2021
CR00038650,06/08/2021 10:01:00 PM,25,CLOUDY/OVERCAST,DAWN,REAR END,NOT DIVIDED,UNKNOWN,DRIVING SKILLS/KNOWLEDGE/EXPERIENCE,UNABLE TO DETERMINE,0,0,0,0,22,3,6,1210,KEDZIE AVE,41.900477,-87.521376,06/08/2021 10:40:00 PM,2021
CR00038651,12/20/2022 06:43:00 PM,20,CLEAR,DAYLIGHT,TURNING,NOT DIVIDED,NO CONTROLS,FAILING TO YIELD RIGHT-OF-WAY,UNABLE TO DETERMINE,0,0,0,0,18,3,12,1757,79TH ST,41.924558,-87.519009,12/20/2022 08:03:00 PM,2022
CR00038652,05/01/2020 07:22:00 PM,40,CLEAR,DAYLIGHT,REAR END,DIVIDED - W/MEDIAN (NOT RAISED),TRAFFIC SIGNAL,IMPROPER OVERTAKING/PASSING,DISREGARDING TRAFFIC SIGNALS,0,0,0,0,19,6,5,721,LAKE SHORE DR,41.761471,-87.828235,05/01/2020 08:15:00 PM,2020
CR00038653,01/02/2019 12:48:00 PM,25,CLEAR,DAYLIGHT,ANGLE,ONE-WAY,TRAFFIC SIGNAL,FAILING TO YIELD RIGHT-OF-WAY,NOT APPLICABLE,0,0,0,0,12,4,1,1570,CALIFORNIA AVE,41.865675,-87.71476,01/02/2019 02:28:00 PM,2019
CR00038654,04/27/2022 08:37:00 AM,25,CLEAR,DARKNESS - LIGHTED ROAD,ANGLE,DIVIDED - W/MEDIAN (NOT RAISED),TRAFFIC SIGNAL,IMPROPER LANE USAGE,DRIVING SKILLS/KNOWLEDGE/EXPERIENCE,0,0,0,0,8,4,4,622,ELSTON AVE,41.765267,-87.652438,04/27/2022 09:52:00 AM,2022
CR00038655,11/24/2019 10:58:00 PM,15,CLEAR,DARKNESS,ANGLE,DIVIDED - W/MEDIAN (NOT RAISED),STOP SIGN/FLASHER,FAILING TO YIELD RIGHT-OF-WAY,FAILING TO YIELD RIGHT-OF-WAY,0,0,0,0,22,1,11,2322,DIVISION ST,41.934214,-87.720566,11/25/2019 12:49:00 AM,2019
CR00038656,02/01/2021 05:48:00 PM,30,CLEAR,DAYLIGHT,SIDESWIPE SAME DIRECTION,DIVIDED - W/MEDIAN BARRIER,TRAFFIC SIGNAL,IMPROPER LANE USAGE,FAILING TO YIELD RIGHT-OF-WAY,0,0,0,0,17,2,2,2370,79TH ST,41.933768,-87.815769,02/01/2021 07:30:00 PM,2021
CR00038657,03/24/2023 06:52:00 PM,30,RAIN,DAYLIGHT,REAR END,ONE-WAY,TRAFFIC SIGNAL,DISREGARDING TRAFFIC SIGNALS,FOLLOWING TOO CLOSELY,0,0,1,1,18,6,3,116,IRVING PARK RD,41.705797,-87.830832,03/24/2023 08:37:00 PM,2023
CR00038658,03/23/2023 07:20:00 PM,35,CLEAR,DAYLIGHT,REAR END,DIVIDED - W/MEDIAN (NOT RAISED),TRAFFIC SIGNAL,DISREGARDING TRAFFIC SIGNALS,FAILING TO YIELD RIGHT-OF-WAY,0,0,1,1,19,5,3,139,OGDEN AVE,41.854908,-87.848009,03/23/2023 08:31:00 PM,2023
CR00038659,06/29/2018 07:15:00 AM,15,SNOW,DAYLIGHT,ANGLE,NOT DIVIDED,TRAFFIC SIGNAL,DISREGARDING TRAFFIC SIGNALS,UNABLE TO DETERMINE,0,0,0,0,7,6,6,1681,LAKE SHORE DR,41.700915,-87.835982,06/29/2018 08:37:00 AM,2018
CR00038660,04/02/2015 02:34:00 PM,40,RAIN,DAYLIGHT,REAR END,NOT DIVIDED,NO CONTROLS,IMPROPER OVERTAKING/PASSING,UNABLE TO DETERMINE,0,0,0,0,14,5,4,1633,OGDEN AVE,41.738675,-87.81441,04/02/2015 03:26:00 PM,2015
CR00038661,12/07/2022 03:00:00 PM,20,CLEAR,DAYLIGHT,REAR TO FRONT,NOT DIVIDED,NO CONTROLS,FAILING TO REDUCE SPEED,IMPROPER LANE USAGE,0,0,0,0,15,4,12,1042,PULASKI RD,41.99755,-87.683765,12/07/2022 03:01:00 PM,2022
CR00038662,09/07/2024 01:42:00 AM,35,CLEAR,DAYLIGHT,SIDESWIPE SAME DIRECTION,FOUR WAY,STOP SIGN/FLASHER,DRIVING SKILLS/KNOWLEDGE/EXPERIENCE,UNABLE TO DETERMINE,0,0,0,0,1,7,9,1423,ARCHER AVE,41.726342,-87.814469,09/07/2024 02:22:00 AM,2024
CR00038663,12/14/2021 09:01:00 PM,35,RAIN,DARKNESS - LIGHTED ROAD,PARKED MOTOR VEHICLE,DIVIDED - W/MEDIAN (NOT RAISED),STOP SIGN/FLASHER,DISTRACTION - FROM INSIDE VEHICLE,UNABLE TO DETERMINE,0,0,0,0,21,3,12,1596,CICERO AVE,41.851834,-87.734315,12/14/2021 10:19:00 PM,2021
CR00038664,02/25/2020 03:13:00 PM,45,RAIN,DAYLIGHT,REAR END,NOT DIVIDED,TRAFFIC SIGNAL,IMPROPER LANE USAGE,UNABLE TO DETERMINE,0,0,0,0,15,3,2,478,FULLERTON AVE,41.703418,-87.661824,02/25/2020 04:14:00 PM,2020
CR00038665,05/17/2017 05:01:00 AM,15,CLEAR,DAYLIGHT,REAR END,ONE-WAY,TRAFFIC SIGNAL,UNABLE TO DETERMINE,DRIVING SKILLS/KNOWLEDGE/EXPERIENCE,0,0,0,0,5,4,5,2092,STATE ST,41.809607,-87.684476,05/17/2017 06:29:00 AM,2017
CR00038666,10/09/2021 07:33:00 PM,25,RAIN,DAYLIGHT,FIXED OBJECT,ONE-WAY,STOP SIGN/FLASHER,FOLLOWING TOO CLOSELY,UNABLE TO DETERMINE,0,0,0,0,19,7,10,2223,DAMEN AVE,41.934861,-87.847808,10/09/2021 08:55:00 PM,2021
CR00038667,09/03/2021 07:26:00 AM,30,CLEAR,DAYLIGHT,REAR END,DIVIDED - W/MEDIAN (NOT RAISED),TRAFFIC SIGNAL,UNABLE TO DETERMINE,FAILING TO YIELD RIGHT-OF-WAY,0,0,0,0,7,6,9,1544,ROOSEVELT RD,41.730213,-87.629561,09/03/2021 08:56:00 AM,2021
CR00038668,04/16/2015 06:17:00 PM,35,CLOUDY/OVERCAST,DAYLIGHT,REAR TO FRONT,DIVIDED - W/MEDIAN BARRIER,STOP SIGN/FLASHER,FAILING TO YIELD RIGHT-OF-WAY,UNABLE TO DETERMINE,0,0,0,0,18,5,4,1657,MICHIGAN AVE,41.741745,-87.566448,04/16/2015 07:30:00 PM,2015
CR00038669,02/28/2017 06:09:00 PM,35,CLEAR,DAYLIGHT,REAR END,FOUR WAY,NO CONTROLS,FAILING TO YIELD RIGHT-OF-WAY,FAILING TO YIELD RIGHT-OF-WAY,0,0,0,0,18,3,2,163,ARCHER AVE,41.907386,-87.699066,02/28/2017 06:31:00 PM,2017
CR00038670,06/07/2023 07:21:00 PM,45,CLEAR,DAYLIGHT,SIDESWIPE SAME DIRECTION,NOT DIVIDED,TRAFFIC SIGNAL,IMPROPER OVERTAKING/PASSING,DRIVING SKILLS/KNOWLEDGE/EXPERIENCE,0,0,0,0,19,4,6,291,ARCHER AVE,41.935162,-87.703893,06/07/2023 08:56:00 PM,2023
CR00038671,11/28/2021 02:52:00 PM,30,RAIN,DAYLIGHT,REAR END,ONE-WAY,NO CONTROLS,UNABLE TO DETERMINE,IMPROPER OVERTAKING/PASSING,0,0,0,0,14,1,11,1245,ASHLAND AVE,41.726523,-87.650032,11/28/2021 04:52:00 PM,2021
CR00038672,12/22/2023 10:59:00 PM,25,CLEAR,DAYLIGHT,REAR END,NOT DIVIDED,TRAFFIC SIGNAL,IMPROPER OVERTAKING/PASSING,DISTRACTION - FROM INSIDE VEHICLE,0,0,0,0,22,6,12,405,BROADWAY,41.864506,-87.622901,12/23/2023 12:10:00 AM,2023
CR00038673,11/18/2022 11:47:00 AM,30,RAIN,DARKNESS - LIGHTED ROAD,FIXED OBJECT,DIVIDED - W/MEDIAN (NOT RAISED),NO CONTROLS,FAILING TO YIELD RIGHT-OF-WAY,UNABLE TO DETERMINE,0,0,0,0,11,6,11,359,KEDZIE AVE,41.964966,-87.589492,11/18/2022 01:47:00 PM,2022
CR00038674,01/13/2021 06:52:00 PM,20,CLEAR,DAYLIGHT,TURNING,DIVIDED - W/MEDIAN BARRIER,STOP SIGN/FLASHER,DRIVING SKILLS/KNOWLEDGE/EXPERIENCE,NOT APPLICABLE,0,0,0,0,18,4,1,1027,DIVISION ST,41.854401,-87.512497,01/13/2021 08:39:00 PM,2021
CR00038675,10/31/2018 02:09:00 PM,40,FREEZING RAIN/DRIZZLE,DAYLIGHT,TURNING,DIVIDED - W/MEDIAN (NOT RAISED),NO CONTROLS,FOLLOWING TOO CLOSELY,FOLLOWING TOO CLOSELY,0,0,0,0,14,4,10,901,79TH ST,41.704539,-87.534506,10/31/2018 03:14:00 PM,2018
CR00038676,08/02/2024 04:10:00 PM,25,CLOUDY/OVERCAST,DAYLIGHT,SIDESWIPE SAME DIRECTION,DIVIDED - W/MEDIAN BARRIER,STOP SIGN/FLASHER,DRIVING SKILLS/KNOWLEDGE/EXPERIENCE,FAILING TO REDUCE SPEED,0,1,1,2,16,6,8,1131,CLARK ST,41.961414,-87.726659,08/02/2024 05:49:00 PM,2024
CR00038677,02/14/2018 01:56:00 PM,30,CLEAR,DARKNESS - LIGHTED ROAD,REAR TO FRONT,NOT DIVIDED,TRAFFIC SIGNAL,FOLLOWING TOO CLOSELY,WEATHER,0,0,0,0,13,4,2,1018,OGDEN AVE,41.802509,-87.627451,02/14/2018 01:57:00 PM,2018
CR00038678,04/20/2015 03:13:00 PM,30,CLEAR,DAYLIGHT,FIXED OBJECT,NOT DIVIDED,UNKNOWN,UNABLE TO DETERMINE,UNABLE TO DETERMINE,0,0,0,0,15,2,4,2457,BROADWAY,41.831995,-87.520112,04/20/2015 03:32:00 PM,2015
CR00038679,10/16/2019 07:28:00 PM,35,CLEAR,DAYLIGHT,SIDESWIPE SAME DIRECTION,DIVIDED - W/MEDIAN (NOT RAISED),NO CONTROLS,IMPROPER OVERTAKING/PASSING,DISTRACTION - FROM INSIDE VEHICLE,0,0,3,3,19,4,10,2407,BROADWAY,41.832,-87.722338,10/16/2019 07:29:00 PM,2019
CR00038680,07/21/2015 02:10:00 PM,15,CLOUDY/OVERCAST,DAYLIGHT,REAR TO FRONT,DIVIDED - W/MEDIAN (NOT RAISED),TRAFFIC SIGNAL,DISTRACTION - FROM INSIDE VEHICLE,DISTRACTION - FROM INSIDE VEHICLE,0,0,0,0,14,3,7,1097,79TH ST,41.956751,-87.573553,07/21/2015 04:09:00 PM,2015
CR00038681,09/08/2024 04:39:00 AM,35,CLEAR,DAYLIGHT,REAR END,DIVIDED - W/MEDIAN (NOT RAISED),NO CONTROLS,UNABLE TO DETERMINE,UNABLE TO DETERMINE,0,0,0,0,4,1,9,2131,MILWAUKEE AVE,41.805278,-87.611619,09/08/2024 06:39:00 AM,2024