CRASH_RECORD_ID,CRASH_DATE,POSTED_SPEED_LIMIT,WEATHER_CONDITION,LIGHTING_CONDITION,FIRST_CRASH_TYPE,TRAFFICWAY_TYPE,TRAFFIC_CONTROL_DEVICE,PRIM_CONTRIBUTORY_CAUSE,SEC_CONTRIBUTORY_CAUSE,INJURIES_FATAL,INJURIES_INCAPACITATING,INJURIES_NON_INCAPACITATING,INJURIES_TOTAL,CRASH_HOUR,CRASH_DAY_OF_WEEK,CRASH_MONTH,BEAT_OF_OCCURRENCE,STREET_NAME,LATITUDE,LONGITUDE,DATE_POLICE_NOTIFIED,year
CR00038682,02/23/2022 10:36:00 AM,40,CLEAR,DAWN,REAR END,NOT DIVIDED,NO CONTROLS,DRIVING SKILLS/KNOWLEDGE/EXPERIENCE,UNABLE TO DETERMINE,0,0,0,0,10,4,2,299,ROOSEVELT RD,41.866121,-87.604122,02/23/2022 11:14:00 AM,2022
CR00038683,01/28/2019 01:05:00 PM,25,SNOW,DAYLIGHT,PEDESTRIAN,DIVIDED - W/MEDIAN (NOT RAISED),NO CONTROLS,FAILING TO YIELD RIGHT-OF-WAY,FOLLOWING TOO CLOSELY,0,0,0,0,13,2,1,2314,CALIFORNIA AVE,41.773752,-87.834997,01/28/2019 01:33:00 PM,2019
CR00038684,05/31/2020 05:38:00 PM,30,CLEAR,DAYLIGHT,PARKED MOTOR VEHICLE,NOT DIVIDED,NO CONTROLS,FOLLOWING TOO CLOSELY,UNABLE TO DETERMINE,0,0,0,0,17,1,5,218,47TH ST,41.787425,-87.672835,05/31/2020 07:02:00 PM,2020
CR00038685,12/15/2015 05:18:00 PM,25,CLEAR,DAYLIGHT,ANGLE,DIVIDED - W/MEDIAN BARRIER,NO CONTROLS,UNABLE TO DETERMINE,DISTRACTION - FROM INSIDE VEHICLE,0,0,0,0,17,3,12,2122,OGDEN AVE,41.991738,-87.602014,12/15/2015 05:42:00 PM,2015
CR00038686,02/06/2016 04:05:00 PM,45,RAIN,DAYLIGHT,TURNING,NOT DIVIDED,NO CONTROLS,FAILING TO REDUCE SPEED,FAILING TO YIELD RIGHT-OF-WAY,0,0,0,0,16,7,2,1216,ASHLAND AVE,41.973114,-87.835025,02/06/2016 05:41:00 PM,2016
CR00038687,04/27/2021 06:32:00 PM,40,CLEAR,DARKNESS - LIGHTED ROAD,REAR END,ONE-WAY,NO CONTROLS,FAILING TO YIELD RIGHT-OF-WAY,DRIVING SKILLS/KNOWLEDGE/EXPERIENCE,0,0,0,0,18,3,4,154,MICHIGAN AVE,41.913755,-87.504275,04/27/2021 07:29:00 PM,2021
CR00038688,02/23/2017 10:32:00 AM,30,CLEAR,DARKNESS,TURNING,NOT DIVIDED,NO CONTROLS,DRIVING SKILLS/KNOWLEDGE/EXPERIENCE,IMPROPER LANE USAGE,0,0,0,0,10,5,2,2338,63RD ST,41.870958,-87.611641,02/23/2017 12:02:00 PM,2017
CR00038689,04/13/2020 04:21:00 PM,35,CLOUDY/OVERCAST,DARKNESS - LIGHTED ROAD,SIDESWIPE SAME DIRECTION,NOT DIVIDED,TRAFFIC SIGNAL,UNABLE TO DETERMINE,NOT APPLICABLE,0,0,0,0,16,2,4,1310,CALIFORNIA AVE,41.970586,-87.603072,04/13/2020 06:21:00 PM,2020
CR00038690,02/23/2021 03:41:00 AM,40,CLEAR,DARKNESS - LIGHTED ROAD,REAR END,FOUR WAY,NO CONTROLS,FAILING TO REDUCE SPEED,UNABLE TO DETERMINE,0,0,0,0,3,3,2,1788,DIVISION ST,41.890154,-87.596996,02/23/2021 05:24:00 AM,2021
CR00038691,12/17/2017 07:12:00 AM,25,CLEAR,DARKNESS - LIGHTED ROAD,SIDESWIPE SAME DIRECTION,DIVIDED - W/MEDIAN (NOT RAISED),TRAFFIC SIGNAL,IMPROPER LANE USAGE,FAILING TO YIELD RIGHT-OF-WAY,0,1,2,3,7,1,12,568,63RD ST,41.817126,-87.62574,12/17/2017 09:08:00 AM,2017
CR00038692,03/04/2018 04:07:00 PM,30,CLOUDY/OVERCAST,DAYLIGHT,ANGLE,DIVIDED - W/MEDIAN (NOT RAISED),TRAFFIC SIGNAL,FOLLOWING TOO CLOSELY,NOT APPLICABLE,0,0,0,0,16,1,3,454,CALIFORNIA AVE,41.840022,-87.798635,03/04/2018 05:16:00 PM,2018
CR00038693,02/22/2015 06:55:00 AM,15,CLEAR,DAYLIGHT,REAR END,FOUR WAY,NO CONTROLS,UNABLE TO DETERMINE,FAILING TO YIELD RIGHT-OF-WAY,0,0,0,0,6,1,2,2213,ARCHER AVE,41.812462,-87.569125,02/22/2015 08:11:00 AM,2015
CR00038694,03/27/2024 03:25:00 PM,30,RAIN,DAYLIGHT,TURNING,NOT DIVIDED,STOP SIGN/FLASHER,DRIVING SKILLS/KNOWLEDGE/EXPERIENCE,UNABLE TO DETERMINE,0,0,0,0,15,4,3,886,LAKE SHORE DR,41.970558,-87.804266,03/27/2024 03:59:00 PM,2024
CR00038695,04/26/2015 10:17:00 AM,20,CLEAR,DUSK,ANGLE,DIVIDED - W/MEDIAN (NOT RAISED),STOP SIGN/FLASHER,UNABLE TO DETERMINE,DISTRACTION - FROM INSIDE VEHICLE,0,0,2,2,10,1,4,376,63RD ST,41.919818,-87.629409,04/26/2015 11:49:00 AM,2015
CR00038696,11/16/2022 09:59:00 AM,25,CLEAR,DAYLIGHT,REAR END,DIVIDED - W/MEDIAN BARRIER,NO CONTROLS,UNABLE TO DETERMINE,NOT APPLICABLE,0,1,1,2,9,4,11,1475,MILWAUKEE AVE,41.87982,-87.711535,11/16/2022 11:52:00 AM,2022
CR00038697,04/26/2018 05:41:00 AM,45,FREEZING RAIN/DRIZZLE,DARKNESS,PARKED MOTOR VEHICLE,DIVIDED - W/MEDIAN (NOT RAISED),NO CONTROLS,DISTRACTION - FROM INSIDE VEHICLE,FOLLOWING TOO CLOSELY,0,0,1,1,5,5,4,797,79TH ST,41.862912,-87.584093,04/26/2018 05:49:00 AM,2018
CR00038698,03/02/2024 03:12:00 PM,15,CLEAR,DARKNESS,TURNING,ONE-WAY,STOP SIGN/FLASHER,DISREGARDING TRAFFIC SIGNALS,WEATHER,0,0,0,0,15,7,3,198,ROOSEVELT RD,41.804667,-87.84209,03/02/2024 04:37:00 PM,2024
CR00038699,02/04/2023 11:31:00 AM,15,CLEAR,DAYLIGHT,PARKED MOTOR VEHICLE,DIVIDED - W/MEDIAN BARRIER,STOP SIGN/FLASHER,IMPROPER OVERTAKING/PASSING,IMPROPER LANE USAGE,0,0,3,3,11,7,2,1924,STATE ST,41.815315,-87.552632,02/04/2023 12:55:00 PM,2023
CR00038700,06/17/2015 04:40:00 AM,15,CLOUDY/OVERCAST,DAYLIGHT,TURNING,DIVIDED - W/MEDIAN (NOT RAISED),NO CONTROLS,FOLLOWING TOO CLOSELY,FAILING TO YIELD RIGHT-OF-WAY,0,0,2,2,4,4,6,944,63RD ST,41.913867,-87.51583,06/17/2015 05:19:00 AM,2015
CR00038701,05/29/2016 05:30:00 PM,45,CLEAR,DAYLIGHT,SIDESWIPE SAME DIRECTION,T-INTERSECTION,STOP SIGN/FLASHER,IMPROPER LANE USAGE,FOLLOWING TOO CLOSELY,0,0,0,0,17,1,5,1884,STATE ST,41.807862,-87.558565,05/29/2016 05:49:00 PM,2016
CR00038702,09/15/2022 10:59:00 AM,30,CLEAR,DARKNESS - LIGHTED ROAD,REAR END,NOT DIVIDED,STOP SIGN/FLASHER,UNABLE TO DETERMINE,IMPROPER LANE USAGE,0,0,1,1,10,5,9,2182,DAMEN AVE,41.740634,-87.506457,09/15/2022 12:48:00 PM,2022
CR00038703,08/24/2020 08:19:00 AM,40,CLEAR,DAYLIGHT,REAR END,ONE-WAY,NO CONTROLS,DRIVING SKILLS/KNOWLEDGE/EXPERIENCE,FAILING TO YIELD RIGHT-OF-WAY,0,0,0,0,8,2,8,1639,OGDEN AVE,41.749166,-87.592244,08/24/2020 09:16:00 AM,2020
CR00038704,04/20/2016 07:09:00 AM,40,SNOW,DAYLIGHT,REAR END,NOT DIVIDED,TRAFFIC SIGNAL,UNABLE TO DETERMINE,FAILING TO YIELD RIGHT-OF-WAY,0,0,0,0,7,4,4,1932,BROADWAY,41.979387,-87.7983,04/20/2016 07:55:00 AM,2016
CR00038705,06/15/2020 04:50:00 PM,35,RAIN,DAYLIGHT,REAR TO FRONT,DIVIDED - W/MEDIAN BARRIER,TRAFFIC SIGNAL,FAILING TO REDUCE SPEED,UNABLE TO DETERMINE,0,0,1,1,16,2,6,1145,MILWAUKEE AVE,41.765214,-87.564069,06/15/2020 06:21:00 PM,2020
CR00038706,06/01/2018 12:30:00 PM,30,CLEAR,DAYLIGHT,ANGLE,FOUR WAY,NO CONTROLS,UNABLE TO DETERMINE,UNABLE TO DETERMINE,0,0,0,0,12,6,6,158,CICERO AVE,41.885728,-87.709576,06/01/2018 01:05:00 PM,2018
CR00038707,11/27/2021 02:18:00 PM,30,CLEAR,DUSK,TURNING,NOT DIVIDED,NO CONTROLS,FOLLOWING TOO CLOSELY,IMPROPER OVERTAKING/PASSING,0,0,0,0,14,7,11,511,ELSTON AVE,41.850436,-87.74007,11/27/2021 02:44:00 PM,2021
CR00038708,06/27/2015 09:33:00 AM,45,CLEAR,DAYLIGHT,REAR END,T-INTERSECTION,TRAFFIC SIGNAL,FOLLOWING TOO CLOSELY,DRIVING SKILLS/KNOWLEDGE/EXPERIENCE,0,0,0,0,9,7,6,281,FULLERTON AVE,41.800451,-87.536997,06/27/2015 10:52:00 AM,2015
CR00038709,08/24/2016 04:37:00 PM,30,FREEZING RAIN/DRIZZLE,DAYLIGHT,PARKED MOTOR VEHICLE,NOT DIVIDED,NO CONTROLS,WEATHER,NOT APPLICABLE,0,0,0,0,16,4,8,1284,47TH ST,41.893835,-87.588624,08/24/2016 06:15:00 PM,2016
CR00038710,07/28/2018 07:59:00 PM,45,CLEAR,DAYLIGHT,TURNING,FOUR WAY,NO CONTROLS,FOLLOWING TOO CLOSELY,WEATHER,0,0,0,0,19,7,7,2205,OGDEN AVE,41.973814,-87.705798,07/28/2018 08:07:00 PM,2018
CR00038711,06/17/2020 06:10:00 PM,30,CLEAR,DAYLIGHT,SIDESWIPE SAME DIRECTION,NOT DIVIDED,NO CONTROLS,IMPROPER LANE USAGE,DRIVING SKILLS/KNOWLEDGE/EXPERIENCE,0,0,0,0,18,4,6,1820,LAKE SHORE DR,41.888493,-87.520243,06/17/2020 07:07:00 PM,2020
CR00038712,10/13/2022 06:26:00 PM,20,CLEAR,DARKNESS - LIGHTED ROAD,TURNING,DIVIDED - W/MEDIAN (NOT RAISED),NO CONTROLS,DRIVING SKILLS/KNOWLEDGE/EXPERIENCE,NOT APPLICABLE,0,0,0,0,18,5,10,1188,ROOSEVELT RD,41.889692,-87.79941,10/13/2022 07:23:00 PM,2022
CR00038713,02/24/2017 05:52:00 PM,35,CLEAR,DUSK,TURNING,DIVIDED - W/MEDIAN (NOT RAISED),NO CONTROLS,FOLLOWING TOO CLOSELY,FAILING TO REDUCE SPEED,0,0,0,0,17,6,2,1164,PULASKI RD,41.99749,-87.697975,02/24/2017 07:47:00 PM,2017
CR00038714,12/27/2016 01:51:00 AM,20,CLEAR,DAYLIGHT,REAR TO FRONT,DIVIDED - W/MEDIAN (NOT RAISED),STOP SIGN/FLASHER,DISTRACTION - FROM INSIDE VEHICLE,IMPROPER OVERTAKING/PASSING,0,0,0,0,1,3,12,1467,MILWAUKEE AVE,41.750474,-87.798871,12/27/2016 02:50:00 AM,2016
CR00038715,07/08/2017 02:42:00 PM,35,CLEAR,DARKNESS,PARKED MOTOR VEHICLE,NOT DIVIDED,TRAFFIC SIGNAL,UNABLE TO DETERMINE,NOT APPLICABLE,0,0,0,0,14,7,7,2491,PULASKI RD,41.99895,-87.633797,07/08/2017 03:39:00 PM,2017
CR00038716,02/16/2021 05:33:00 PM,30,CLEAR,DAYLIGHT,SIDESWIPE SAME DIRECTION,DIVIDED - W/MEDIAN BARRIER,TRAFFIC SIGNAL,UNABLE TO DETERMINE,DISTRACTION - FROM INSIDE VEHICLE,0,0,0,0,17,3,2,2479,DAMEN AVE,41.969562,-87.629615,02/16/2021 06:39:00 PM,2021
CR00038717,03/16/2022 04:20:00 AM,35,CLEAR,DAYLIGHT,FIXED OBJECT,NOT DIVIDED,TRAFFIC SIGNAL,UNABLE TO DETERMINE,UNABLE TO DETERMINE,0,0,0,0,4,4,3,778,ELSTON AVE,41.750842,-87.774835,03/16/2022 06:16:00 AM,2022
CR00038718,01/25/2022 01:56:00 PM,30,CLEAR,DARKNESS - LIGHTED ROAD,ANGLE,DIVIDED - W/MEDIAN (NOT RAISED),YIELD,IMPROPER LANE USAGE,FAILING TO YIELD RIGHT-OF-WAY,0,0,0,0,13,3,1,959,OGDEN AVE,41.992261,-87.554807,01/25/2022 02:05:00 PM,2022
CR00038719,02/01/2023 07:23:00 AM,25,CLEAR,DAYLIGHT,REAR END,DIVIDED - W/MEDIAN (NOT RAISED),NO CONTROLS,FOLLOWING TOO CLOSELY,IMPROPER OVERTAKING/PASSING,0,0,0,0,7,4,2,1290,STATE ST,41.78062,-87.609933,02/01/2023 08:55:00 AM,2023
CR00038720,05/27/2016 06:39:00 PM,40,CLEAR,DAYLIGHT,REAR END,DIVIDED - W/MEDIAN (NOT RAISED),NO CONTROLS,IMPROPER OVERTAKING/PASSING,UNABLE TO DETERMINE,0,0,1,1,18,6,5,1335,HALSTED ST,41.745788,-87.733687,05/27/2016 06:42:00 PM,2016
CR00038721,03/03/2017 01:06:00 AM,45,CLEAR,DUSK,PARKED MOTOR VEHICLE,NOT DIVIDED,NO CONTROLS,FOLLOWING TOO CLOSELY,UNABLE TO DETERMINE,0,0,0,0,1,6,3,1876,ELSTON AVE,41.896567,-87.84653,03/03/2017 01:07:00 AM,2017
CR00038722,12/20/2023 10:12:00 PM,20,CLEAR,DARKNESS - LIGHTED ROAD,REAR END,DIVIDED - W/MEDIAN (NOT RAISED),UNKNOWN,IMPROPER LANE USAGE,UNABLE TO DETERMINE,0,0,0,0,22,4,12,835,FULLERTON AVE,41.708179,-87.575285,12/20/2023 11:58:00 PM,2023
CR00038723,06/16/2015 03:05:00 PM,35,RAIN,DAYLIGHT,REAR END,ONE-WAY,TRAFFIC SIGNAL,UNABLE TO DETERMINE,IMPROPER LANE USAGE,0,0,0,0,15,3,6,965,WESTERN AVE,41.73837,-87.846885,06/16/2015 03:12:00 PM,2015
CR00038724,06/22/2016 07:37:00 AM,30,CLEAR,DARKNESS - LIGHTED ROAD,ANGLE,NOT DIVIDED,NO CONTROLS,UNABLE TO DETERMINE,DISTRACTION - FROM INSIDE VEHICLE,0,0,2,2,7,4,6,2509,HALSTED ST,41.801226,-87.601066,06/22/2016 08:55:00 AM,2016
CR00038725,07/09/2019 07:36:00 AM,30,CLEAR,DAYLIGHT,TURNING,ONE-WAY,NO CONTROLS,UNABLE TO DETERMINE,NOT APPLICABLE,0,0,0,0,7,3,7,340,LAKE SHORE DR,41.992814,-87.541529,07/09/2019 07:53:00 AM,2019
CR00038726,03/25/2016 12:44:00 PM,35,CLEAR,DARKNESS - LIGHTED ROAD,FIXED OBJECT,NOT DIVIDED,NO CONTROLS,UNABLE TO DETERMINE,NOT APPLICABLE,0,0,0,0,12,6,3,2493,DAMEN AVE,41.871035,-87.735283,03/25/2016 02:15:00 PM,2016
CR00038727,10/17/2018 10:30:00 AM,15,CLEAR,DAYLIGHT,ANGLE,DIVIDED - W/MEDIAN (NOT RAISED),NO CONTROLS,IMPROPER OVERTAKING/PASSING,DRIVING SKILLS/KNOWLEDGE/EXPERIENCE,0,0,0,0,10,4,10,2042,PULASKI RD,41.82696,-87.556118,10/17/2018 11:58:00 AM,2018
CR00038728,11/21/2015 02:07:00 PM,30,RAIN,DARKNESS - LIGHTED ROAD,SIDESWIPE SAME DIRECTION,NOT DIVIDED,YIELD,UNABLE TO DETERMINE,NOT APPLICABLE,0,0,0,0,14,7,11,165,ARCHER AVE,41.856079,-87.685163,11/21/2015 03:30:00 PM,2015
CR00038729,06/10/2019 12:16:00 PM,15,FREEZING RAIN/DRIZZLE,DAYLIGHT,PARKED MOTOR VEHICLE,FOUR WAY,STOP SIGN/FLASHER,DRIVING SKILLS/KNOWLEDGE/EXPERIENCE,FAILING TO YIELD RIGHT-OF-WAY,0,0,0,0,12,2,6,1688,WESTERN AVE,41.802147,-87.727341,06/10/2019 12:52:00 PM,2019
CR00038730,10/20/2020 03:27:00 PM,30,CLEAR,DAYLIGHT,REAR END,ONE-WAY,TRAFFIC SIGNAL,FOLLOWING TOO CLOSELY,FAILING TO REDUCE SPEED,0,0,1,1,15,3,10,1542,DAMEN AVE,41.925668,-87.706142,10/20/2020 03:55:00 PM,2020
CR00038731,11/29/2024 10:36:00 PM,30,CLEAR,DARKNESS,SIDESWIPE SAME DIRECTION,T-INTERSECTION,PEDESTRIAN CROSSING SIGN,FAILING TO YIELD RIGHT-OF-WAY,UNABLE TO DETERMINE,0,0,0,0,22,6,11,886,CALIFORNIA AVE,41.728924,-87.758769,11/30/2024 12:02:00 AM,2024
CR00038732,10/31/2023 10:12:00 AM,25,RAIN,DARKNESS - LIGHTED ROAD,REAR END,DIVIDED - W/MEDIAN (NOT RAISED),NO CONTROLS,FAILING TO YIELD RIGHT-OF-WAY,FOLLOWING TOO CLOSELY,0,1,1,2,10,3,10,1536,IRVING PARK RD,41.88107,-87.517803,10/31/2023 11:03:00 AM,2023
CR00038733,03/25/2017 09:10:00 AM,15,CLEAR,DAYLIGHT,REAR END,FOUR WAY,TRAFFIC SIGNAL,IMPROPER LANE USAGE,NOT APPLICABLE,0,0,0,0,9,7,3,517,63RD ST,41.869554,-87.503053,03/25/2017 10:23:00 AM,2017
CR00038734,10/08/2023 08:19:00 PM,30,CLEAR,DARKNESS - LIGHTED ROAD,PEDESTRIAN,DIVIDED - W/MEDIAN (NOT RAISED),NO CONTROLS,DISREGARDING TRAFFIC SIGNALS,NOT APPLICABLE,0,0,0,0,20,1,10,823,BROADWAY,41.916079,-87.658646,10/08/2023 08:46:00 PM,2023
CR00038735,03/20/2015 09:22:00 AM,20,CLEAR,DARKNESS - LIGHTED ROAD,PARKED MOTOR VEHICLE,NOT DIVIDED,TRAFFIC SIGNAL,IMPROPER LANE USAGE,FOLLOWING TOO CLOSELY,0,0,1,1,9,6,3,1444,IRVING PARK RD,41.85761,-87.803402,03/20/2015 11:17:00 AM,2015
CR00038736,06/26/2018 05:31:00 AM,20,CLEAR,DUSK,ANGLE,DIVIDED - W/MEDIAN BARRIER,NO CONTROLS,UNABLE TO DETERMINE,FAILING TO YIELD RIGHT-OF-WAY,0,0,0,0,5,3,6,171,STATE ST,41.929169,-87.618568,06/26/2018 06:47:00 AM,2018
CR00038737,08/20/2022 05:18:00 PM,15,CLEAR,DAYLIGHT,PEDESTRIAN,DIVIDED - W/MEDIAN (NOT RAISED),NO CONTROLS,UNABLE TO DETERMINE,IMPROPER LANE USAGE,0,0,0,0,17,7,8,1540,PULASKI RD,41.822405,-87.814038,08/20/2022 06:17:00 PM,2022
CR00038738,03/15/2015 01:18:00 PM,30,CLOUDY/OVERCAST,DAYLIGHT,TURNING,FOUR WAY,TRAFFIC SIGNAL,FAILING TO YIELD RIGHT-OF-WAY,FOLLOWING TOO CLOSELY,0,0,0,0,13,1,3,2122,CALIFORNIA AVE,41.770894,-87.599006,03/15/2015 02:50:00 PM,2015
CR00038739,08/31/2023 10:54:00 AM,15,FREEZING RAIN/DRIZZLE,DAYLIGHT,REAR END,T-INTERSECTION,NO CONTROLS,IMPROPER LANE USAGE,UNABLE TO DETERMINE,0,0,0,0,10,5,8,2061,47TH ST,41.82026,-87.700158,08/31/2023 11:52:00 AM,2023
CR00038740,09/23/2023 03:10:00 PM,30,CLOUDY/OVERCAST,DAYLIGHT,PARKED MOTOR VEHICLE,NOT DIVIDED,TRAFFIC SIGNAL,UNABLE TO DETERMINE,WEATHER,0,0,0,0,15,7,9,1742,DIVISION ST,41.854817,-87.556515,09/23/2023 04:17:00 PM,2023
CR00038741,03/23/2020 06:09:00 PM,35,FREEZING RAIN/DRIZZLE,DAYLIGHT,REAR END,NOT DIVIDED,STOP SIGN/FLASHER,UNABLE TO DETERMINE,UNABLE TO DETERMINE,0,0,0,0,18,2,3,727,STONY ISLAND AVE,41.988035,-87.670563,03/23/2020 07:55:00 PM,2020
CR00038742,07/06/2019 09:17:00 AM,30,CLOUDY/OVERCAST,DAYLIGHT,PARKED MOTOR VEHICLE,FOUR WAY,UNKNOWN,FOLLOWING TOO CLOSELY,DRIVING SKILLS/KNOWLEDGE/EXPERIENCE,0,1,1,2,9,7,7,544,CALIFORNIA AVE,41.968709,-87.640616,07/06/2019 09:34:00 AM,2019
CR00038743,10/02/2015 01:54:00 PM,35,CLEAR,DAYLIGHT,ANGLE,DIVIDED - W/MEDIAN (NOT RAISED),YIELD,FAILING TO REDUCE SPEED,IMPROPER OVERTAKING/PASSING,0,0,1,1,13,6,10,1072,IRVING PARK RD,41.864486,-87.521179,10/02/2015 03:02:00 PM,2015
CR00038744,05/12/2015 08:51:00 AM,35,RAIN,DAYLIGHT,ANGLE,DIVIDED - W/MEDIAN BARRIER,NO CONTROLS,DRIVING SKILLS/KNOWLEDGE/EXPERIENCE,FOLLOWING TOO CLOSELY,0,0,0,0,8,3,5,857,MICHIGAN AVE,41.919848,-87.522104,05/12/2015 10:08:00 AM,2015
CR00038745,12/01/2018 01:53:00 PM,20,RAIN,DAYLIGHT,PEDESTRIAN,NOT DIVIDED,NO CONTROLS,UNABLE TO DETERMINE,UNABLE TO DETERMINE,0,0,1,1,13,7,12,999,ROOSEVELT RD,41.888818,-87.592322,12/01/2018 02:31:00 PM,2018
CR00038746,05/09/2018 08:02:00 AM,30,CLEAR,DARKNESS - LIGHTED ROAD,PARKED MOTOR VEHICLE,NOT DIVIDED,NO CONTROLS,FAILING TO YIELD RIGHT-OF-WAY,IMPROPER OVERTAKING/PASSING,0,0,1,1,8,4,5,1179,DAMEN AVE,41.849105,-87.505393,05/09/2018 09:59:00 AM,2018
CR00038747,02/05/2022 08:40:00 AM,15,CLEAR,DARKNESS - LIGHTED ROAD,FIXED OBJECT,FOUR WAY,NO CONTROLS,UNABLE TO DETERMINE,DISTRACTION - FROM INSIDE VEHICLE,0,0,0,0,8,7,2,2269,STATE ST,41.98309,-87.535151,02/05/2022 09:58:00 AM,2022
CR00038748,09/10/2018 05:44:00 PM,30,CLEAR,DARKNESS - LIGHTED ROAD,REAR END,DIVIDED - W/MEDIAN BARRIER,TRAFFIC SIGNAL,FOLLOWING TOO CLOSELY,IMPROPER OVERTAKING/PASSING,0,0,0,0,17,2,9,1482,ASHLAND AVE,41.710429,-87.777672,09/10/2018 05:45:00 PM,2018
CR00038749,08/05/2022 12:09:00 AM,45,CLOUDY/OVERCAST,DAYLIGHT,TURNING,ONE-WAY,TRAFFIC SIGNAL,DISREGARDING TRAFFIC SIGNALS,UNABLE TO DETERMINE,0,0,0,0,0,6,8,1093,HALSTED ST,41.750547,-87.68984,08/05/2022 01:15:00 AM,2022
CR00038750,06/23/2021 12:06:00 AM,35,CLEAR,DARKNESS,TURNING,DIVIDED - W/MEDIAN BARRIER,UNKNOWN,UNABLE TO DETERMINE,DRIVING SKILLS/KNOWLEDGE/EXPERIENCE,0,1,1,2,0,4,6,2010,IRVING PARK RD,41.923546,-87.576782,06/23/2021 01:17:00 AM,2021
CR00038751,01/05/2019 10:43:00 AM,35,CLEAR,DAYLIGHT,REAR END,DIVIDED - W/MEDIAN BARRIER,TRAFFIC SIGNAL,UNABLE TO DETERMINE,FOLLOWING TOO CLOSELY,0,0,0,0,10,7,1,2312,STATE ST,41.781511,-87.569712,01/05/2019 11:06:00 AM,2019
CR00038752,01/01/2023 08:10:00 AM,45,CLEAR,DAWN,TURNING,DIVIDED - W/MEDIAN (NOT RAISED),TRAFFIC SIGNAL,UNABLE TO DETERMINE,NOT APPLICABLE,0,0,2,2,8,1,1,2200,DIVISION ST,41.809665,-87.825699,01/01/2023 08:25:00 AM,2023
CR00038753,05/16/2019 12:59:00 AM,35,CLEAR,DAYLIGHT,SIDESWIPE SAME DIRECTION,DIVIDED - W/MEDIAN BARRIER,NO CONTROLS,UNABLE TO DETERMINE,NOT APPLICABLE,0,0,0,0,0,5,5,1814,BROADWAY,41.953349,-87.605127,05/16/2019 01:00:00 AM,2019
CR00038754,05/07/2018 09:08:00 AM,35,CLEAR,DARKNESS - LIGHTED ROAD,REAR END,DIVIDED - W/MEDIAN (NOT RAISED),STOP SIGN/FLASHER,WEATHER,UNABLE TO DETERMINE,0,0,0,0,9,2,5,1100,CICERO AVE,41.984227,-87.746854,05/07/2018 10:07:00 AM,2018
CR00038755,09/09/2019 06:17:00 PM,35,CLEAR,DARKNESS - LIGHTED ROAD,PARKED MOTOR VEHICLE,FOUR WAY,NO CONTROLS,DISTRACTION - FROM INSIDE VEHICLE,UNABLE TO DETERMINE,0,0,0,0,18,2,9,2322,DAMEN AVE,41.937687,-87.795437,09/09/2019 08:12:00 PM,2019
CR00038756,09/15/2020 03:51:00 PM,20,CLEAR,DAYLIGHT,SIDESWIPE SAME DIRECTION,FOUR WAY,TRAFFIC SIGNAL,FAILING TO YIELD RIGHT-OF-WAY,FAILING TO YIELD RIGHT-OF-WAY,0,0,0,0,15,3,9,381,PULASKI RD,41.815462,-87.522562,09/15/2020 05:21:00 PM,2020
CR00038757,08/22/2015 06:25:00 PM,35,CLEAR,DAYLIGHT,TURNING,NOT DIVIDED,UNKNOWN,FAILING TO YIELD RIGHT-OF-WAY,IMPROPER OVERTAKING/PASSING,0,0,0,0,18,7,8,229,IRVING PARK RD,41.742999,-87.50758,08/22/2015 07:42:00 PM,2015
CR00038758,11/01/2016 03:18:00 PM,35,CLEAR,DAYLIGHT,SIDESWIPE SAME DIRECTION,NOT DIVIDED,TRAFFIC SIGNAL,DRIVING SKILLS/KNOWLEDGE/EXPERIENCE,IMPROPER LANE USAGE,0,0,0,0,15,3,11,735,HALSTED ST,41.774795,-87.81241,11/01/2016 04:55:00 PM,2016
CR00038759,11/01/2024 02:00:00 PM,15,SNOW,DAYLIGHT,TURNING,FOUR WAY,NO CONTROLS,UNABLE TO DETERMINE,UNABLE TO DETERMINE,0,0,0,0,14,6,11,322,ARCHER AVE,41.872529,-87.709345,11/01/2024 02:41:00 PM,2024
CR00038760,02/22/2022 06:21:00 PM,35,CLEAR,DAYLIGHT,REAR END,NOT DIVIDED,TRAFFIC SIGNAL,UNABLE TO DETERMINE,IMPROPER OVERTAKING/PASSING,0,0,1,1,18,3,2,103,ELSTON AVE,41.842782,-87.753969,02/22/2022 06:24:00 PM,2022
CR00038761,09/20/2022 12:39:00 PM,30,CLEAR,DUSK,REAR END,ONE-WAY,TRAFFIC SIGNAL,UNABLE TO DETERMINE,UNABLE TO DETERMINE,0,0,0,0,12,3,9,579,ASHLAND AVE,41.988454,-87.574402,09/20/2022 12:55:00 PM,2022
CR00038762,02/13/2022 07:43:00 AM,30,CLEAR,DAYLIGHT,PEDESTRIAN,NOT DIVIDED,NO CONTROLS,DISREGARDING TRAFFIC SIGNALS,FOLLOWING TOO CLOSELY,0,0,0,0,7,1,2,1201,79TH ST,41.754149,-87.503493,02/13/2022 09:42:00 AM,2022
CR00038763,04/28/2016 07:32:00 AM,30,CLEAR,DAYLIGHT,ANGLE,NOT DIVIDED,TRAFFIC SIGNAL,UNABLE TO DETERMINE,FOLLOWING TOO CLOSELY,0,0,1,1,7,5,4,1533,79TH ST,41.783525,-87.785898,04/28/2016 09:05:00 AM,2016
CR00038764,12/01/2016 05:18:00 PM,40,RAIN,DARKNESS,ANGLE,NOT DIVIDED,NO CONTROLS,FOLLOWING TOO CLOSELY,FAILING TO YIELD RIGHT-OF-WAY,0,0,0,0,17,5,12,768,DIVISION ST,41.979405,-87.643871,12/01/2016 05:30:00 PM,2016