CRASH_RECORD_ID,CRASH_DATE,POSTED_SPEED_LIMIT,WEATHER_CONDITION,LIGHTING_CONDITION,FIRST_CRASH_TYPE,TRAFFICWAY_TYPE,TRAFFIC_CONTROL_DEVICE,PRIM_CONTRIBUTORY_CAUSE,SEC_CONTRIBUTORY_CAUSE,INJURIES_FATAL,INJURIES_INCAPACITATING,INJURIES_NON_INCAPACITATING,INJURIES_TOTAL,CRASH_HOUR,CRASH_DAY_OF_WEEK,CRASH_MONTH,BEAT_OF_OCCURRENCE,STREET_NAME,LATITUDE,LONGITUDE,DATE_POLICE_NOTIFIED,year
CR00038765,06/20/2020 03:28:00 AM,30,RAIN,DAYLIGHT,SIDESWIPE SAME DIRECTION,DIVIDED - W/MEDIAN (NOT RAISED),NO CONTROLS,IMPROPER OVERTAKING/PASSING,FAILING TO YIELD RIGHT-OF-WAY,0,0,0,0,3,7,6,891,LAKE SHORE DR,41.950054,-87.737317,06/20/2020 04:39:00 AM,2020
CR00038766,11/11/2022 06:35:00 PM,45,CLEAR,DAYLIGHT,REAR END,ONE-WAY,TRAFFIC SIGNAL,IMPROPER OVERTAKING/PASSING,IMPROPER LANE USAGE,0,0,0,0,18,6,11,1364,ROOSEVELT RD,41.870787,-87.514566,11/11/2022 06:44:00 PM,2022
CR00038767,01/19/2022 05:14:00 PM,20,CLEAR,DARKNESS,REAR END,NOT DIVIDED,STOP SIGN/FLASHER,FAILING TO YIELD RIGHT-OF-WAY,FOLLOWING TOO CLOSELY,0,0,0,0,17,4,1,1937,BROADWAY,41.904745,-87.660118,01/19/2022 05:48:00 PM,2022
CR00038768,12/10/2018 06:13:00 PM,35,CLEAR,DAYLIGHT,REAR TO FRONT,NOT DIVIDED,STOP SIGN/FLASHER,IMPROPER LANE USAGE,FAILING TO YIELD RIGHT-OF-WAY,0,0,0,0,18,2,12,225,ROOSEVELT RD,41.804484,-87.539035,12/10/2018 06:47:00 PM,2018
CR00038769,05/03/2024 04:21:00 PM,35,CLEAR,DAYLIGHT,SIDESWIPE SAME DIRECTION,DIVIDED - W/MEDIAN (NOT RAISED),UNKNOWN,DISREGARDING TRAFFIC SIGNALS,UNABLE TO DETERMINE,0,0,0,0,16,6,5,1199,MICHIGAN AVE,41.965907,-87.710319,05/03/2024 05:49:00 PM,2024
CR00038770,04/16/2016 08:05:00 PM,25,CLOUDY/OVERCAST,DARKNESS - LIGHTED ROAD,TURNING,NOT DIVIDED,TRAFFIC SIGNAL,IMPROPER LANE USAGE,DISREGARDING TRAFFIC SIGNALS,0,0,0,0,20,7,4,301,DAMEN AVE,41.726284,-87.665587,04/16/2016 08:41:00 PM,2016
CR00038771,08/25/2017 06:07:00 PM,30,RAIN,DAYLIGHT,PARKED MOTOR VEHICLE,ONE-WAY,TRAFFIC SIGNAL,DRIVING SKILLS/KNOWLEDGE/EXPERIENCE,FOLLOWING TOO CLOSELY,0,0,0,0,18,6,8,2128,MICHIGAN AVE,41.976931,-87.513622,08/25/2017 07:50:00 PM,2017
CR00038772,01/21/2016 08:50:00 PM,25,CLOUDY/OVERCAST,DAWN,PARKED MOTOR VEHICLE,NOT DIVIDED,STOP SIGN/FLASHER,DISREGARDING TRAFFIC SIGNALS,NOT APPLICABLE,0,0,0,0,20,5,1,2222,STATE ST,41.940202,-87.847491,01/21/2016 09:23:00 PM,2016
CR00038773,10/14/2020 07:14:00 AM,30,CLEAR,DARKNESS - LIGHTED ROAD,TURNING,DIVIDED - W/MEDIAN (NOT RAISED),NO CONTROLS,UNABLE TO DETERMINE,FAILING TO REDUCE SPEED,0,0,0,0,7,4,10,1846,MICHIGAN AVE,41.773569,-87.704245,10/14/2020 08:35:00 AM,2020
CR00038774,03/09/2023 05:39:00 AM,30,CLEAR,DAYLIGHT,SIDESWIPE SAME DIRECTION,DIVIDED - W/MEDIAN (NOT RAISED),STOP SIGN/FLASHER,UNABLE TO DETERMINE,FAILING TO YIELD RIGHT-OF-WAY,0,0,0,0,5,5,3,386,MILWAUKEE AVE,41.948307,-87.738445,03/09/2023 05:55:00 AM,2023
CR00038775,04/02/2023 06:08:00 PM,30,CLOUDY/OVERCAST,DARKNESS - LIGHTED ROAD,SIDESWIPE SAME DIRECTION,DIVIDED - W/MEDIAN (NOT RAISED),TRAFFIC SIGNAL,DRIVING SKILLS/KNOWLEDGE/EXPERIENCE,UNABLE TO DETERMINE,0,0,0,0,18,1,4,2365,LAKE SHORE DR,41.731082,-87.505269,04/02/2023 06:27:00 PM,2023
CR00038776,03/06/2020 02:17:00 PM,20,CLEAR,DARKNESS - LIGHTED ROAD,SIDESWIPE SAME DIRECTION,NOT DIVIDED,TRAFFIC SIGNAL,IMPROPER OVERTAKING/PASSING,FOLLOWING TOO CLOSELY,0,0,0,0,14,6,3,1879,BROADWAY,41.812298,-87.836628,03/06/2020 02:18:00 PM,2020
CR00038777,06/16/2017 08:26:00 AM,45,CLEAR,DAYLIGHT,REAR END,NOT DIVIDED,STOP SIGN/FLASHER,FOLLOWING TOO CLOSELY,DISTRACTION - FROM INSIDE VEHICLE,0,0,0,0,8,6,6,1615,MICHIGAN AVE,41.94212,-87.681872,06/16/2017 10:23:00 AM,2017
CR00038778,02/13/2018 08:42:00 PM,30,CLEAR,DAYLIGHT,FIXED OBJECT,ONE-WAY,YIELD,UNABLE TO DETERMINE,UNABLE TO DETERMINE,0,0,0,0,20,3,2,1070,HALSTED ST,41.790204,-87.714781,02/13/2018 08:59:00 PM,2018
CR00038779,12/11/2020 12:48:00 PM,45,CLEAR,DAYLIGHT,TURNING,NOT DIVIDED,NO CONTROLS,IMPROPER LANE USAGE,FAILING TO YIELD RIGHT-OF-WAY,0,0,1,1,12,6,12,120,WESTERN AVE,41.802973,-87.840488,12/11/2020 12:56:00 PM,2020
CR00038780,04/27/2020 02:36:00 AM,20,CLEAR,DAYLIGHT,REAR END,NOT DIVIDED,TRAFFIC SIGNAL,FOLLOWING TOO CLOSELY,IMPROPER LANE USAGE,0,0,0,0,2,2,4,2327,OGDEN AVE,41.91745,-87.559124,04/27/2020 03:19:00 AM,2020
CR00038781,07/15/2015 02:10:00 AM,35,CLEAR,DUSK,TURNING,NOT DIVIDED,UNKNOWN,DRIVING SKILLS/KNOWLEDGE/EXPERIENCE,DISREGARDING TRAFFIC SIGNALS,0,1,0,1,2,4,7,1472,BROADWAY,41.862991,-87.731304,07/15/2015 03:54:00 AM,2015
CR00038782,12/12/2020 10:18:00 PM,45,CLEAR,DAYLIGHT,ANGLE,DIVIDED - W/MEDIAN BARRIER,STOP SIGN/FLASHER,IMPROPER OVERTAKING/PASSING,FOLLOWING TOO CLOSELY,0,0,3,3,22,7,12,1094,BROADWAY,41.83788,-87.750373,12/12/2020 11:42:00 PM,2020
CR00038783,05/27/2024 04:17:00 PM,40,FOG/SMOKE/HAZE,DAWN,REAR END,NOT DIVIDED,NO CONTROLS,IMPROPER LANE USAGE,DISREGARDING TRAFFIC SIGNALS,0,0,0,0,16,2,5,2243,STATE ST,41.75286,-87.780922,05/27/2024 05:51:00 PM,2024
CR00038784,02/26/2015 08:29:00 AM,30,CLEAR,DUSK,REAR END,DIVIDED - W/MEDIAN (NOT RAISED),STOP SIGN/FLASHER,DISTRACTION - FROM INSIDE VEHICLE,IMPROPER LANE USAGE,0,0,0,0,8,5,2,1167,79TH ST,41.950724,-87.5356,02/26/2015 09:52:00 AM,2015
CR00038785,08/16/2019 11:06:00 AM,15,CLEAR,DAYLIGHT,TURNING,DIVIDED - W/MEDIAN (NOT RAISED),NO CONTROLS,FOLLOWING TOO CLOSELY,NOT APPLICABLE,0,0,0,0,11,6,8,301,63RD ST,41.987775,-87.723465,08/16/2019 12:32:00 PM,2019
CR00038786,07/13/2021 10:27:00 AM,20,FOG/SMOKE/HAZE,DAYLIGHT,ANGLE,ONE-WAY,NO CONTROLS,UNABLE TO DETERMINE,UNABLE TO DETERMINE,0,0,0,0,10,3,7,1872,MICHIGAN AVE,41.736592,-87.621018,07/13/2021 12:05:00 PM,2021
CR00038787,11/16/2023 01:45:00 PM,20,CLEAR,DARKNESS - LIGHTED ROAD,ANGLE,NOT DIVIDED,NO CONTROLS,FAILING TO YIELD RIGHT-OF-WAY,IMPROPER LANE USAGE,0,0,0,0,13,5,11,1092,LAKE SHORE DR,41.798348,-87.734034,11/16/2023 03:05:00 PM,2023
CR00038788,03/26/2021 04:28:00 PM,30,SNOW,DARKNESS - LIGHTED ROAD,REAR END,NOT DIVIDED,UNKNOWN,FOLLOWING TOO CLOSELY,UNABLE TO DETERMINE,0,0,0,0,16,6,3,865,BROADWAY,41.976467,-87.705384,03/26/2021 06:05:00 PM,2021
CR00038789,09/26/2017 07:51:00 AM,40,CLEAR,DARKNESS - LIGHTED ROAD,PARKED MOTOR VEHICLE,FOUR WAY,TRAFFIC SIGNAL,UNABLE TO DETERMINE,DRIVING SKILLS/KNOWLEDGE/EXPERIENCE,0,0,0,0,7,3,9,885,DIVISION ST,41.927347,-87.848414,09/26/2017 08:15:00 AM,2017
CR00038790,01/28/2022 02:42:00 AM,30,CLEAR,DARKNESS - LIGHTED ROAD,PARKED MOTOR VEHICLE,DIVIDED - W/MEDIAN (NOT RAISED),STOP SIGN/FLASHER,FOLLOWING TOO CLOSELY,UNABLE TO DETERMINE,0,0,0,0,2,6,1,1751,KEDZIE AVE,41.724213,-87.554396,01/28/2022 02:48:00 AM,2022
CR00038791,09/16/2016 05:25:00 PM,40,CLEAR,DARKNESS - LIGHTED ROAD,REAR END,DIVIDED - W/MEDIAN (NOT RAISED),NO CONTROLS,UNABLE TO DETERMINE,FOLLOWING TOO CLOSELY,0,0,0,0,17,6,9,495,47TH ST,41.850499,-87.592582,09/16/2016 06:39:00 PM,2016
CR00038792,01/12/2022 08:26:00 PM,35,CLEAR,DARKNESS - LIGHTED ROAD,SIDESWIPE SAME DIRECTION,NOT DIVIDED,TRAFFIC SIGNAL,DISTRACTION - FROM INSIDE VEHICLE,FAILING TO YIELD RIGHT-OF-WAY,0,0,0,0,20,4,1,1599,PULASKI RD,41.953677,-87.786929,01/12/2022 09:21:00 PM,2022
CR00038793,02/15/2019 01:27:00 AM,45,CLEAR,DAYLIGHT,REAR END,ONE-WAY,NO CONTROLS,FAILING TO YIELD RIGHT-OF-WAY,WEATHER,0,0,0,0,1,6,2,1118,FULLERTON AVE,41.831775,-87.805009,02/15/2019 01:35:00 AM,2019
CR00038794,05/20/2022 03:51:00 PM,30,CLEAR,DAYLIGHT,ANGLE,T-INTERSECTION,NO CONTROLS,DISTRACTION - FROM INSIDE VEHICLE,IMPROPER LANE USAGE,0,0,0,0,15,6,5,787,PULASKI RD,41.842267,-87.710726,05/20/2022 04:31:00 PM,2022
CR00038795,05/21/2020 12:09:00 PM,35,SNOW,DAYLIGHT,TURNING,FOUR WAY,UNKNOWN,DISTRACTION - FROM INSIDE VEHICLE,UNABLE TO DETERMINE,0,0,0,0,12,5,5,1120,LAKE SHORE DR,41.711554,-87.585424,05/21/2020 02:02:00 PM,2020
CR00038796,11/25/2022 07:49:00 AM,35,SNOW,DAYLIGHT,FIXED OBJECT,DIVIDED - W/MEDIAN (NOT RAISED),TRAFFIC SIGNAL,FAILING TO YIELD RIGHT-OF-WAY,UNABLE TO DETERMINE,0,1,0,1,7,6,11,2527,ARCHER AVE,41.943935,-87.589635,11/25/2022 09:04:00 AM,2022
CR00038797,02/27/2024 12:55:00 PM,15,CLEAR,DAYLIGHT,SIDESWIPE SAME DIRECTION,DIVIDED - W/MEDIAN (NOT RAISED),NO CONTROLS,UNABLE TO DETERMINE,FAILING TO YIELD RIGHT-OF-WAY,0,0,1,1,12,3,2,129,ROOSEVELT RD,41.89785,-87.522984,02/27/2024 02:46:00 PM,2024
CR00038798,01/07/2024 04:51:00 PM,15,CLEAR,DARKNESS - LIGHTED ROAD,ANGLE,NOT DIVIDED,STOP SIGN/FLASHER,IMPROPER LANE USAGE,UNABLE TO DETERMINE,0,0,0,0,16,1,1,2416,47TH ST,41.92421,-87.658977,01/07/2024 05:15:00 PM,2024
CR00038799,03/15/2020 04:39:00 PM,30,CLEAR,DAYLIGHT,ANGLE,NOT DIVIDED,TRAFFIC SIGNAL,UNABLE TO DETERMINE,UNABLE TO DETERMINE,0,0,0,0,16,1,3,289,STONY ISLAND AVE,41.967083,-87.508263,03/15/2020 05:29:00 PM,2020
CR00038800,05/18/2019 03:05:00 PM,45,CLEAR,DAYLIGHT,REAR END,ONE-WAY,NO CONTROLS,FAILING TO REDUCE SPEED,DRIVING SKILLS/KNOWLEDGE/EXPERIENCE,0,0,1,1,15,7,5,1218,MICHIGAN AVE,41.827324,-87.605243,05/18/2019 03:58:00 PM,2019
CR00038801,03/07/2023 08:20:00 AM,30,CLEAR,DAYLIGHT,REAR END,NOT DIVIDED,STOP SIGN/FLASHER,FOLLOWING TOO CLOSELY,DRIVING SKILLS/KNOWLEDGE/EXPERIENCE,0,0,1,1,8,3,3,723,CICERO AVE,41.842708,-87.795618,03/07/2023 08:25:00 AM,2023
CR00038802,10/24/2015 08:12:00 PM,45,CLEAR,DAYLIGHT,TURNING,NOT DIVIDED,STOP SIGN/FLASHER,UNABLE TO DETERMINE,FOLLOWING TOO CLOSELY,0,0,0,0,20,7,10,420,MILWAUKEE AVE,41.846325,-87.720035,10/24/2015 08:13:00 PM,2015
CR00038803,10/14/2022 12:46:00 PM,25,CLOUDY/OVERCAST,DARKNESS - LIGHTED ROAD,REAR TO FRONT,DIVIDED - W/MEDIAN (NOT RAISED),NO CONTROLS,DISREGARDING TRAFFIC SIGNALS,DISREGARDING TRAFFIC SIGNALS,0,0,0,0,12,6,10,294,CICERO AVE,41.978324,-87.771151,10/14/2022 01:51:00 PM,2022
CR00038804,03/28/2022 03:55:00 AM,35,CLEAR,DARKNESS - LIGHTED ROAD,FIXED OBJECT,DIVIDED - W/MEDIAN BARRIER,PEDESTRIAN CROSSING SIGN,IMPROPER OVERTAKING/PASSING,NOT APPLICABLE,0,0,0,0,3,2,3,1625,DIVISION ST,41.740301,-87.82608,03/28/2022 04:19:00 AM,2022
CR00038805,08/29/2019 05:25:00 PM,45,CLEAR,DAYLIGHT,REAR END,NOT DIVIDED,NO CONTROLS,FAILING TO YIELD RIGHT-OF-WAY,IMPROPER LANE USAGE,0,0,0,0,17,5,8,1719,CICERO AVE,41.940648,-87.654354,08/29/2019 06:31:00 PM,2019
CR00038806,05/28/2023 06:04:00 AM,15,SNOW,DAYLIGHT,PARKED MOTOR VEHICLE,NOT DIVIDED,TRAFFIC SIGNAL,UNABLE TO DETERMINE,NOT APPLICABLE,0,0,0,0,6,1,5,782,ROOSEVELT RD,41.997366,-87.534547,05/28/2023 07:10:00 AM,2023
CR00038807,04/24/2020 07:15:00 PM,20,CLEAR,DUSK,ANGLE,DIVIDED - W/MEDIAN (NOT RAISED),STOP SIGN/FLASHER,UNABLE TO DETERMINE,DISREGARDING TRAFFIC SIGNALS,0,0,0,0,19,6,4,1240,ARCHER AVE,41.842838,-87.615096,04/24/2020 07:24:00 PM,2020
CR00038808,05/22/2022 05:05:00 PM,15,CLEAR,DAYLIGHT,REAR END,ONE-WAY,NO CONTROLS,UNABLE TO DETERMINE,UNABLE TO DETERMINE,0,0,0,0,17,1,5,1751,ARCHER AVE,41.742441,-87.580355,05/22/2022 06:49:00 PM,2022
CR00038809,07/07/2016 03:12:00 PM,25,CLEAR,DARKNESS - LIGHTED ROAD,PARKED MOTOR VEHICLE,NOT DIVIDED,STOP SIGN/FLASHER,UNABLE TO DETERMINE,DISTRACTION - FROM INSIDE VEHICLE,0,2,0,2,15,5,7,1058,STONY ISLAND AVE,41.981224,-87.620943,07/07/2016 04:41:00 PM,2016
CR00038810,01/16/2015 08:24:00 PM,40,CLEAR,DAYLIGHT,ANGLE,DIVIDED - W/MEDIAN BARRIER,NO CONTROLS,FOLLOWING TOO CLOSELY,FOLLOWING TOO CLOSELY,0,0,0,0,20,6,1,122,FULLERTON AVE,41.874938,-87.733148,01/16/2015 09:31:00 PM,2015
CR00038811,05/31/2024 03:53:00 PM,25,CLEAR,DAYLIGHT,SIDESWIPE SAME DIRECTION,T-INTERSECTION,STOP SIGN/FLASHER,IMPROPER OVERTAKING/PASSING,NOT APPLICABLE,0,0,0,0,15,6,5,516,DAMEN AVE,41.863088,-87.691487,05/31/2024 05:03:00 PM,2024
CR00038812,06/18/2018 08:26:00 AM,35,CLEAR,DAYLIGHT,TURNING,DIVIDED - W/MEDIAN (NOT RAISED),YIELD,FAILING TO YIELD RIGHT-OF-WAY,UNABLE TO DETERMINE,0,0,0,0,8,2,6,1311,CLARK ST,41.979511,-87.526712,06/18/2018 08:45:00 AM,2018
CR00038813,09/22/2024 07:32:00 PM,20,RAIN,DARKNESS - LIGHTED ROAD,REAR END,FOUR WAY,NO CONTROLS,UNABLE TO DETERMINE,NOT APPLICABLE,0,0,0,0,19,1,9,469,BROADWAY,41.851077,-87.838354,09/22/2024 07:55:00 PM,2024
CR00038814,07/25/2018 09:43:00 AM,40,CLEAR,DARKNESS - LIGHTED ROAD,REAR END,DIVIDED - W/MEDIAN BARRIER,STOP SIGN/FLASHER,FAILING TO YIELD RIGHT-OF-WAY,IMPROPER OVERTAKING/PASSING,0,0,0,0,9,4,7,733,LAKE SHORE DR,41.789339,-87.763405,07/25/2018 10:07:00 AM,2018
CR00038815,06/30/2018 08:43:00 PM,30,CLEAR,DAYLIGHT,SIDESWIPE SAME DIRECTION,ONE-WAY,UNKNOWN,FOLLOWING TOO CLOSELY,UNABLE TO DETERMINE,0,0,0,0,20,7,6,801,IRVING PARK RD,41.744042,-87.560839,06/30/2018 09:10:00 PM,2018
CR00038816,04/23/2024 04:31:00 PM,20,RAIN,DARKNESS,SIDESWIPE SAME DIRECTION,NOT DIVIDED,TRAFFIC SIGNAL,DRIVING SKILLS/KNOWLEDGE/EXPERIENCE,FOLLOWING TOO CLOSELY,0,0,0,0,16,3,4,552,KEDZIE AVE,41.967873,-87.58463,04/23/2024 05:57:00 PM,2024
CR00038817,07/13/2015 09:15:00 AM,30,CLEAR,DAYLIGHT,ANGLE,DIVIDED - W/MEDIAN BARRIER,TRAFFIC SIGNAL,DRIVING SKILLS/KNOWLEDGE/EXPERIENCE,UNABLE TO DETERMINE,0,0,0,0,9,2,7,1019,BROADWAY,41.910584,-87.752381,07/13/2015 11:07:00 AM,2015
CR00038818,02/28/2016 05:33:00 PM,30,CLEAR,DAYLIGHT,REAR END,NOT DIVIDED,NO CONTROLS,UNABLE TO DETERMINE,NOT APPLICABLE,0,0,0,0,17,1,2,1076,79TH ST,41.804903,-87.704602,02/28/2016 06:51:00 PM,2016
CR00038819,08/27/2021 07:32:00 AM,35,CLEAR,DARKNESS - LIGHTED ROAD,REAR END,DIVIDED - W/MEDIAN BARRIER,NO CONTROLS,UNABLE TO DETERMINE,FAILING TO REDUCE SPEED,0,0,0,0,7,6,8,1578,WESTERN AVE,41.71368,-87.648399,08/27/2021 08:04:00 AM,2021
CR00038820,10/12/2023 04:52:00 PM,30,CLEAR,DAYLIGHT,REAR END,ONE-WAY,TRAFFIC SIGNAL,UNABLE TO DETERMINE,UNABLE TO DETERMINE,0,0,3,3,16,5,10,420,MILWAUKEE AVE,41.883908,-87.837024,10/12/2023 05:45:00 PM,2023
CR00038821,04/06/2016 02:47:00 PM,20,FREEZING RAIN/DRIZZLE,DAYLIGHT,PARKED MOTOR VEHICLE,DIVIDED - W/MEDIAN BARRIER,NO CONTROLS,FAILING TO YIELD RIGHT-OF-WAY,UNABLE TO DETERMINE,0,0,1,1,14,4,4,1063,79TH ST,41.713064,-87.586688,04/06/2016 03:21:00 PM,2016
CR00038822,02/24/2022 08:44:00 AM,35,CLOUDY/OVERCAST,DARKNESS,REAR END,NOT DIVIDED,TRAFFIC SIGNAL,UNABLE TO DETERMINE,IMPROPER OVERTAKING/PASSING,0,0,0,0,8,5,2,2482,ELSTON AVE,41.950512,-87.685219,02/24/2022 09:44:00 AM,2022
CR00038823,09/06/2017 09:59:00 PM,45,CLEAR,DAYLIGHT,REAR END,NOT DIVIDED,UNKNOWN,UNABLE TO DETERMINE,UNABLE TO DETERMINE,0,0,0,0,21,4,9,1595,LAKE SHORE DR,41.822475,-87.81007,09/06/2017 10:54:00 PM,2017
CR00038824,10/13/2021 05:27:00 PM,30,SNOW,DARKNESS - LIGHTED ROAD,PARKED MOTOR VEHICLE,DIVIDED - W/MEDIAN (NOT RAISED),TRAFFIC SIGNAL,UNABLE TO DETERMINE,FAILING TO REDUCE SPEED,0,0,1,1,17,4,10,493,CALIFORNIA AVE,41.996986,-87.655923,10/13/2021 05:52:00 PM,2021
CR00038825,01/09/2020 03:40:00 PM,20,CLEAR,DAYLIGHT,SIDESWIPE SAME DIRECTION,NOT DIVIDED,STOP SIGN/FLASHER,FAILING TO YIELD RIGHT-OF-WAY,NOT APPLICABLE,0,0,0,0,15,5,1,2379,STONY ISLAND AVE,41.729161,-87.724896,01/09/2020 04:08:00 PM,2020
CR00038826,06/19/2015 11:43:00 AM,30,SNOW,DAYLIGHT,TURNING,NOT DIVIDED,NO CONTROLS,DRIVING SKILLS/KNOWLEDGE/EXPERIENCE,FAILING TO REDUCE SPEED,0,0,0,0,11,6,6,1421,WESTERN AVE,41.730536,-87.660192,06/19/2015 01:06:00 PM,2015
CR00038827,03/21/2018 08:08:00 AM,35,CLEAR,DAYLIGHT,PEDESTRIAN,DIVIDED - W/MEDIAN BARRIER,UNKNOWN,UNABLE TO DETERMINE,FOLLOWING TOO CLOSELY,0,0,1,1,8,4,3,1200,WESTERN AVE,41.737416,-87.526066,03/21/2018 09:00:00 AM,2018
CR00038828,03/16/2020 10:22:00 AM,30,CLEAR,DAYLIGHT,REAR END,DIVIDED - W/MEDIAN (NOT RAISED),TRAFFIC SIGNAL,UNABLE TO DETERMINE,UNABLE TO DETERMINE,0,0,0,0,10,2,3,2211,KEDZIE AVE,41.913322,-87.68313,03/16/2020 10:57:00 AM,2020
CR00038829,10/23/2016 07:05:00 PM,35,FREEZING RAIN/DRIZZLE,DAYLIGHT,PARKED MOTOR VEHICLE,NOT DIVIDED,STOP SIGN/FLASHER,UNABLE TO DETERMINE,FAILING TO REDUCE SPEED,0,0,0,0,19,1,10,2077,MILWAUKEE AVE,41.825693,-87.84163,10/23/2016 08:30:00 PM,2016
CR00038830,10/13/2021 08:21:00 AM,30,RAIN,DARKNESS - LIGHTED ROAD,REAR END,NOT DIVIDED,NO CONTROLS,UNABLE TO DETERMINE,NOT APPLICABLE,0,0,0,0,8,4,10,1799,CLARK ST,41.735677,-87.69795,10/13/2021 09:05:00 AM,2021
CR00038831,04/06/2018 01:59:00 PM,20,CLEAR,DAYLIGHT,ANGLE,DIVIDED - W/MEDIAN (NOT RAISED),TRAFFIC SIGNAL,IMPROPER OVERTAKING/PASSING,WEATHER,0,0,0,0,13,6,4,1663,IRVING PARK RD,41.993823,-87.827005,04/06/2018 02:27:00 PM,2018
CR00038832,04/15/2015 08:47:00 AM,20,CLEAR,DAYLIGHT,TURNING,T-INTERSECTION,NO CONTROLS,DRIVING SKILLS/KNOWLEDGE/EXPERIENCE,UNABLE TO DETERMINE,0,0,0,0,8,4,4,2252,DAMEN AVE,41.892258,-87.524716,04/15/2015 09:05:00 AM,2015
CR00038833,11/20/2023 02:13:00 PM,45,CLEAR,DARKNESS,REAR END,NOT DIVIDED,TRAFFIC SIGNAL,UNABLE TO DETERMINE,FAILING TO REDUCE SPEED,0,0,1,1,14,2,11,2085,DIVISION ST,41.756376,-87.543192,11/20/2023 04:10:00 PM,2023
CR00038834,02/12/2017 06:03:00 PM,30,CLEAR,DAYLIGHT,PARKED MOTOR VEHICLE,NOT DIVIDED,UNKNOWN,IMPROPER LANE USAGE,FAILING TO YIELD RIGHT-OF-WAY,0,0,2,2,18,1,2,2022,STATE ST,41.854234,-87.811513,02/12/2017 06:16:00 PM,2017
CR00038835,04/28/2024 07:02:00 AM,30,SNOW,DARKNESS - LIGHTED ROAD,TURNING,NOT DIVIDED,STOP SIGN/FLASHER,UNABLE TO DETERMINE,NOT APPLICABLE,0,0,0,0,7,1,4,572,CALIFORNIA AVE,41.807347,-87.824911,04/28/2024 08:01:00 AM,2024
CR00038836,03/14/2018 10:46:00 PM,15,SNOW,DAYLIGHT,TURNING,DIVIDED - W/MEDIAN BARRIER,STOP SIGN/FLASHER,DRIVING SKILLS/KNOWLEDGE/EXPERIENCE,FOLLOWING TOO CLOSELY,0,0,0,0,22,4,3,1797,ASHLAND AVE,41.806462,-87.74159,03/15/2018 12:32:00 AM,2018
CR00038837,03/24/2018 05:15:00 AM,20,CLEAR,DARKNESS - LIGHTED ROAD,REAR END,NOT DIVIDED,STOP SIGN/FLASHER,DISTRACTION - FROM INSIDE VEHICLE,DRIVING SKILLS/KNOWLEDGE/EXPERIENCE,0,0,0,0,5,7,3,553,ELSTON AVE,41.798003,-87.543617,03/24/2018 06:25:00 AM,2018
CR00038838,06/06/2016 12:38:00 PM,25,CLEAR,DARKNESS - LIGHTED ROAD,SIDESWIPE SAME DIRECTION,DIVIDED - W/MEDIAN (NOT RAISED),TRAFFIC SIGNAL,FOLLOWING TOO CLOSELY,DRIVING SKILLS/KNOWLEDGE/EXPERIENCE,0,2,0,2,12,2,6,1212,ELSTON AVE,41.856325,-87.55254,06/06/2016 01:55:00 PM,2016
CR00038839,06/03/2016 07:25:00 AM,30,CLEAR,DAYLIGHT,REAR END,DIVIDED - W/MEDIAN (NOT RAISED),TRAFFIC SIGNAL,IMPROPER LANE USAGE,DRIVING SKILLS/KNOWLEDGE/EXPERIENCE,0,0,0,0,7,6,6,2380,LAKE SHORE DR,41.944134,-87.714882,06/03/2016 08:26:00 AM,2016
CR00038840,08/13/2018 10:33:00 AM,35,CLEAR,DAYLIGHT,ANGLE,ONE-WAY,STOP SIGN/FLASHER,UNABLE TO DETERMINE,FAILING TO REDUCE SPEED,0,0,0,0,10,2,8,2217,ROOSEVELT RD,41.73212,-87.752581,08/13/2018 10:35:00 AM,2018
CR00038841,03/06/2015 10:43:00 AM,45,CLEAR,DAYLIGHT,PEDESTRIAN,NOT DIVIDED,TRAFFIC SIGNAL,UNABLE TO DETERMINE,FAILING TO REDUCE SPEED,0,0,2,2,10,6,3,1369,79TH ST,41.764398,-87.549464,03/06/2015 12:16:00 PM,2015
CR00038842,05/07/2016 08:29:00 PM,25,CLEAR,DARKNESS - LIGHTED ROAD,PARKED MOTOR VEHICLE,FOUR WAY,TRAFFIC SIGNAL,UNABLE TO DETERMINE,UNABLE TO DETERMINE,0,0,0,0,20,7,5,1616,IRVING PARK RD,41.722089,-87.523347,05/07/2016 08:53:00 PM,2016
CR00038843,10/31/2016 06:49:00 AM,35,CLEAR,DUSK,TURNING,DIVIDED - W/MEDIAN (NOT RAISED),YIELD,UNABLE TO DETERMINE,UNABLE TO DETERMINE,0,0,0,0,6,2,10,1102,DAMEN AVE,41.8772,-87.541206,10/31/2016 08:06:00 AM,2016
CR00038844,11/24/2021 02:20:00 PM,35,CLEAR,DARKNESS - LIGHTED ROAD,FIXED OBJECT,FOUR WAY,NO CONTROLS,UNABLE TO DETERMINE,NOT APPLICABLE,0,0,0,0,14,4,11,1183,IRVING PARK RD,41.982067,-87.690225,11/24/2021 03:11:00 PM,2021
CR00038845,08/04/2015 09:47:00 AM,20,CLEAR,DAYLIGHT,SIDESWIPE SAME DIRECTION,NOT DIVIDED,NO CONTROLS,FOLLOWING TOO CLOSELY,FAILING TO YIELD RIGHT-OF-WAY,0,0,0,0,9,3,8,627,MILWAUKEE AVE,41.814926,-87.782817,08/04/2015 11:16:00 AM,2015