CRASH_RECORD_ID,CRASH_DATE,POSTED_SPEED_LIMIT,WEATHER_CONDITION,LIGHTING_CONDITION,FIRST_CRASH_TYPE,TRAFFICWAY_TYPE,TRAFFIC_CONTROL_DEVICE,PRIM_CONTRIBUTORY_CAUSE,SEC_CONTRIBUTORY_CAUSE,INJURIES_FATAL,INJURIES_INCAPACITATING,INJURIES_NON_INCAPACITATING,INJURIES_TOTAL,CRASH_HOUR,CRASH_DAY_OF_WEEK,CRASH_MONTH,BEAT_OF_OCCURRENCE,STREET_NAME,LATITUDE,LONGITUDE,DATE_POLICE_NOTIFIED,year
CR00038846,08/02/2022 06:37:00 PM,35,RAIN,DARKNESS - LIGHTED ROAD,REAR END,NOT DIVIDED,TRAFFIC SIGNAL,DISTRACTION - FROM INSIDE VEHICLE,FOLLOWING TOO CLOSELY,0,0,0,0,18,3,8,986,ELSTON AVE,41.814471,-87.609442,08/02/2022 07:14:00 PM,2022
CR00038847,01/16/2019 03:29:00 PM,25,CLEAR,DAYLIGHT,REAR TO FRONT,FOUR WAY,UNKNOWN,FOLLOWING TOO CLOSELY,FOLLOWING TOO CLOSELY,0,0,1,1,15,4,1,763,63RD ST,41.95217,-87.80383,01/16/2019 04:48:00 PM,2019
CR00038848,11/07/2022 02:17:00 PM,35,CLEAR,DARKNESS - LIGHTED ROAD,PARKED MOTOR VEHICLE,DIVIDED - W/MEDIAN (NOT RAISED),STOP SIGN/FLASHER,FAILING TO YIELD RIGHT-OF-WAY,DRIVING SKILLS/KNOWLEDGE/EXPERIENCE,0,0,0,0,14,2,11,169,LAKE SHORE DR,41.918862,-87.560532,11/07/2022 02:38:00 PM,2022
CR00038849,09/13/2017 05:36:00 PM,30,CLEAR,DAYLIGHT,ANGLE,NOT DIVIDED,TRAFFIC SIGNAL,UNABLE TO DETERMINE,WEATHER,0,0,1,1,17,4,9,234,OGDEN AVE,41.710752,-87.514662,09/13/2017 06:15:00 PM,2017
CR00038850,02/16/2015 03:13:00 PM,30,CLEAR,DAYLIGHT,TURNING,NOT DIVIDED,TRAFFIC SIGNAL,DRIVING SKILLS/KNOWLEDGE/EXPERIENCE,DRIVING SKILLS/KNOWLEDGE/EXPERIENCE,0,0,0,0,15,2,2,2046,63RD ST,41.74247,-87.670863,02/16/2015 04:17:00 PM,2015
CR00038851,08/18/2016 04:58:00 PM,40,SNOW,DAYLIGHT,REAR END,NOT DIVIDED,STOP SIGN/FLASHER,UNABLE TO DETERMINE,IMPROPER OVERTAKING/PASSING,0,0,0,0,16,5,8,1754,79TH ST,41.804948,-87.833034,08/18/2016 06:07:00 PM,2016
CR00038852,04/15/2017 05:42:00 PM,20,CLEAR,DAYLIGHT,FIXED OBJECT,DIVIDED - W/MEDIAN (NOT RAISED),YIELD,FOLLOWING TOO CLOSELY,UNABLE TO DETERMINE,0,0,0,0,17,7,4,1145,ROOSEVELT RD,41.824992,-87.701497,04/15/2017 07:06:00 PM,2017
CR00038853,04/26/2020 09:58:00 AM,40,CLEAR,DAYLIGHT,PEDESTRIAN,DIVIDED - W/MEDIAN BARRIER,TRAFFIC SIGNAL,UNABLE TO DETERMINE,DISTRACTION - FROM INSIDE VEHICLE,0,0,1,1,9,1,4,2013,CICERO AVE,41.818425,-87.808539,04/26/2020 11:16:00 AM,2020
CR00038854,01/26/2023 12:09:00 AM,35,RAIN,DARKNESS - LIGHTED ROAD,ANGLE,NOT DIVIDED,STOP SIGN/FLASHER,UNABLE TO DETERMINE,UNABLE TO DETERMINE,0,0,0,0,0,5,1,1983,CLARK ST,41.706817,-87.679149,01/26/2023 12:54:00 AM,2023
CR00038855,02/14/2022 03:07:00 PM,25,RAIN,DARKNESS - LIGHTED ROAD,TURNING,DIVIDED - W/MEDIAN (NOT RAISED),NO CONTROLS,UNABLE TO DETERMINE,UNABLE TO DETERMINE,0,0,1,1,15,2,2,1692,WESTERN AVE,41.726218,-87.634578,02/14/2022 05:04:00 PM,2022
CR00038856,09/08/2020 03:08:00 PM,30,CLEAR,DAYLIGHT,REAR TO FRONT,ONE-WAY,NO CONTROLS,DRIVING SKILLS/KNOWLEDGE/EXPERIENCE,DISREGARDING TRAFFIC SIGNALS,0,0,0,0,15,3,9,2190,PULASKI RD,41.756833,-87.686394,09/08/2020 03:15:00 PM,2020
CR00038857,02/12/2024 09:15:00 PM,15,CLEAR,DARKNESS - LIGHTED ROAD,PARKED MOTOR VEHICLE,DIVIDED - W/MEDIAN BARRIER,TRAFFIC SIGNAL,FAILING TO YIELD RIGHT-OF-WAY,DISREGARDING TRAFFIC SIGNALS,0,0,0,0,21,2,2,526,DAMEN AVE,41.849329,-87.841804,02/12/2024 09:19:00 PM,2024
CR00038858,11/18/2020 12:50:00 PM,35,CLEAR,DAYLIGHT,ANGLE,FOUR WAY,TRAFFIC SIGNAL,UNABLE TO DETERMINE,UNABLE TO DETERMINE,0,0,0,0,12,4,11,1186,79TH ST,41.760305,-87.632502,11/18/2020 02:08:00 PM,2020
CR00038859,11/14/2024 05:49:00 PM,30,CLEAR,DAYLIGHT,REAR END,ONE-WAY,TRAFFIC SIGNAL,FAILING TO REDUCE SPEED,NOT APPLICABLE,0,0,0,0,17,5,11,1484,PULASKI RD,41.954775,-87.745144,11/14/2024 05:51:00 PM,2024
CR00038860,05/11/2023 05:50:00 AM,25,CLEAR,DAYLIGHT,TURNING,ONE-WAY,PEDESTRIAN CROSSING SIGN,IMPROPER OVERTAKING/PASSING,DRIVING SKILLS/KNOWLEDGE/EXPERIENCE,0,1,2,3,5,5,5,2423,ELSTON AVE,41.747921,-87.579131,05/11/2023 06:12:00 AM,2023
CR00038861,05/15/2019 08:00:00 AM,30,SNOW,DARKNESS - LIGHTED ROAD,REAR END,NOT DIVIDED,YIELD,IMPROPER OVERTAKING/PASSING,NOT APPLICABLE,0,0,2,2,8,4,5,2090,47TH ST,41.965108,-87.529897,05/15/2019 08:26:00 AM,2019
CR00038862,12/18/2024 09:49:00 AM,20,CLEAR,DAYLIGHT,PARKED MOTOR VEHICLE,NOT DIVIDED,TRAFFIC SIGNAL,FAILING TO REDUCE SPEED,DISTRACTION - FROM INSIDE VEHICLE,0,0,0,0,9,4,12,2128,HALSTED ST,41.707971,-87.527671,12/18/2024 11:00:00 AM,2024
CR00038863,08/09/2017 03:01:00 PM,30,CLEAR,DAYLIGHT,SIDESWIPE SAME DIRECTION,DIVIDED - W/MEDIAN BARRIER,TRAFFIC SIGNAL,DISREGARDING TRAFFIC SIGNALS,IMPROPER OVERTAKING/PASSING,0,0,0,0,15,4,8,412,DIVISION ST,41.916438,-87.794604,08/09/2017 03:06:00 PM,2017
CR00038864,01/15/2024 08:48:00 AM,25,RAIN,DAYLIGHT,REAR END,DIVIDED - W/MEDIAN (NOT RAISED),STOP SIGN/FLASHER,DRIVING SKILLS/KNOWLEDGE/EXPERIENCE,NOT APPLICABLE,0,0,0,0,8,2,1,1394,LAKE SHORE DR,41.816299,-87.598224,01/15/2024 10:36:00 AM,2024
CR00038865,11/20/2018 03:04:00 PM,45,CLEAR,DAYLIGHT,SIDESWIPE SAME DIRECTION,NOT DIVIDED,STOP SIGN/FLASHER,IMPROPER OVERTAKING/PASSING,IMPROPER LANE USAGE,0,0,0,0,15,3,11,736,STONY ISLAND AVE,41.761651,-87.504599,11/20/2018 03:17:00 PM,2018
CR00038866,07/10/2020 03:01:00 AM,30,CLEAR,DAYLIGHT,SIDESWIPE SAME DIRECTION,T-INTERSECTION,TRAFFIC SIGNAL,FAILING TO YIELD RIGHT-OF-WAY,FOLLOWING TOO CLOSELY,0,0,0,0,3,6,7,2258,DAMEN AVE,41.812114,-87.51764,07/10/2020 04:40:00 AM,2020
CR00038867,04/10/2020 07:18:00 AM,40,CLEAR,DAYLIGHT,PARKED MOTOR VEHICLE,FOUR WAY,NO CONTROLS,UNABLE TO DETERMINE,FAILING TO REDUCE SPEED,0,0,0,0,7,6,4,499,ROOSEVELT RD,41.904631,-87.799529,04/10/2020 07:51:00 AM,2020
CR00038868,05/30/2016 08:32:00 PM,30,CLEAR,DAYLIGHT,REAR END,DIVIDED - W/MEDIAN BARRIER,STOP SIGN/FLASHER,UNABLE TO DETERMINE,NOT APPLICABLE,0,0,0,0,20,2,5,198,MILWAUKEE AVE,41.802339,-87.722566,05/30/2016 09:04:00 PM,2016
CR00038869,10/26/2018 06:05:00 PM,40,RAIN,DAYLIGHT,REAR END,DIVIDED - W/MEDIAN BARRIER,NO CONTROLS,IMPROPER LANE USAGE,DRIVING SKILLS/KNOWLEDGE/EXPERIENCE,0,0,0,0,18,6,10,457,FULLERTON AVE,41.798386,-87.711706,10/26/2018 07:58:00 PM,2018
CR00038870,03/30/2024 06:20:00 PM,40,CLOUDY/OVERCAST,DAYLIGHT,PARKED MOTOR VEHICLE,FOUR WAY,STOP SIGN/FLASHER,FAILING TO REDUCE SPEED,UNABLE TO DETERMINE,0,0,0,0,18,7,3,1897,PULASKI RD,41.911295,-87.701226,03/30/2024 06:31:00 PM,2024
CR00038871,06/15/2021 08:03:00 AM,20,CLEAR,DAYLIGHT,SIDESWIPE SAME DIRECTION,DIVIDED - W/MEDIAN BARRIER,TRAFFIC SIGNAL,DISTRACTION - FROM INSIDE VEHICLE,UNABLE TO DETERMINE,0,0,0,0,8,3,6,582,DAMEN AVE,41.987019,-87.672413,06/15/2021 09:39:00 AM,2021
CR00038872,07/15/2023 02:38:00 PM,20,CLEAR,DAYLIGHT,TURNING,NOT DIVIDED,TRAFFIC SIGNAL,FAILING TO YIELD RIGHT-OF-WAY,FOLLOWING TOO CLOSELY,0,0,3,3,14,7,7,1080,ELSTON AVE,41.919518,-87.78067,07/15/2023 03:52:00 PM,2023
CR00038873,07/14/2016 07:22:00 AM,35,CLEAR,DAYLIGHT,PARKED MOTOR VEHICLE,NOT DIVIDED,NO CONTROLS,DRIVING SKILLS/KNOWLEDGE/EXPERIENCE,DISTRACTION - FROM INSIDE VEHICLE,0,1,1,2,7,5,7,228,DAMEN AVE,41.844271,-87.743787,07/14/2016 07:49:00 AM,2016
CR00038874,11/15/2020 01:16:00 PM,30,CLEAR,DAYLIGHT,REAR END,DIVIDED - W/MEDIAN (NOT RAISED),NO CONTROLS,DISREGARDING TRAFFIC SIGNALS,UNABLE TO DETERMINE,0,0,0,0,13,1,11,236,DAMEN AVE,41.711852,-87.69813,11/15/2020 02:00:00 PM,2020
CR00038875,06/23/2018 05:01:00 PM,15,CLEAR,DAYLIGHT,ANGLE,DIVIDED - W/MEDIAN (NOT RAISED),TRAFFIC SIGNAL,UNABLE TO DETERMINE,DISREGARDING TRAFFIC SIGNALS,0,0,0,0,17,7,6,178,MICHIGAN AVE,41.825452,-87.589229,06/23/2018 06:46:00 PM,2018
CR00038876,06/29/2024 01:34:00 PM,30,CLEAR,DAYLIGHT,TURNING,NOT DIVIDED,NO CONTROLS,WEATHER,FAILING TO YIELD RIGHT-OF-WAY,0,1,3,4,13,7,6,1599,47TH ST,41.884841,-87.597261,06/29/2024 02:27:00 PM,2024
CR00038877,10/30/2023 06:33:00 PM,25,CLEAR,DAYLIGHT,ANGLE,DIVIDED - W/MEDIAN (NOT RAISED),NO CONTROLS,UNABLE TO DETERMINE,WEATHER,0,0,0,0,18,2,10,236,DIVISION ST,41.860623,-87.717131,10/30/2023 08:14:00 PM,2023
CR00038878,08/14/2021 12:21:00 PM,35,FREEZING RAIN/DRIZZLE,DARKNESS - LIGHTED ROAD,TURNING,DIVIDED - W/MEDIAN BARRIER,NO CONTROLS,IMPROPER OVERTAKING/PASSING,UNABLE TO DETERMINE,0,0,0,0,12,7,8,727,BROADWAY,41.816448,-87.810061,08/14/2021 12:59:00 PM,2021
CR00038879,08/26/2023 06:51:00 PM,40,CLEAR,DARKNESS,TURNING,NOT DIVIDED,NO CONTROLS,FOLLOWING TOO CLOSELY,DRIVING SKILLS/KNOWLEDGE/EXPERIENCE,0,0,0,0,18,7,8,2179,WESTERN AVE,41.898313,-87.751462,08/26/2023 08:17:00 PM,2023
CR00038880,06/08/2022 12:26:00 AM,30,CLEAR,DAYLIGHT,TURNING,DIVIDED - W/MEDIAN (NOT RAISED),TRAFFIC SIGNAL,DISTRACTION - FROM INSIDE VEHICLE,NOT APPLICABLE,0,0,0,0,0,4,6,1018,CICERO AVE,41.994759,-87.523312,06/08/2022 01:10:00 AM,2022
CR00038881,05/31/2023 12:18:00 PM,30,CLOUDY/OVERCAST,DAYLIGHT,SIDESWIPE SAME DIRECTION,FOUR WAY,NO CONTROLS,FAILING TO REDUCE SPEED,DRIVING SKILLS/KNOWLEDGE/EXPERIENCE,0,0,0,0,12,4,5,1309,CICERO AVE,41.755611,-87.844773,05/31/2023 12:28:00 PM,2023
CR00038882,09/27/2019 06:53:00 PM,15,CLEAR,DARKNESS,TURNING,ONE-WAY,TRAFFIC SIGNAL,UNABLE TO DETERMINE,FOLLOWING TOO CLOSELY,0,0,0,0,18,6,9,102,KEDZIE AVE,41.760209,-87.811393,09/27/2019 07:49:00 PM,2019
CR00038883,02/06/2017 06:05:00 AM,35,SNOW,DAYLIGHT,REAR END,DIVIDED - W/MEDIAN (NOT RAISED),STOP SIGN/FLASHER,FOLLOWING TOO CLOSELY,UNABLE TO DETERMINE,0,0,0,0,6,2,2,968,BROADWAY,41.932048,-87.589578,02/06/2017 06:51:00 AM,2017
CR00038884,09/09/2023 06:32:00 PM,15,CLEAR,DARKNESS,ANGLE,FOUR WAY,NO CONTROLS,DISTRACTION - FROM INSIDE VEHICLE,WEATHER,0,0,0,0,18,7,9,761,ROOSEVELT RD,41.779868,-87.566138,09/09/2023 07:13:00 PM,2023
CR00038885,02/07/2017 02:37:00 PM,45,CLEAR,DARKNESS,PEDESTRIAN,NOT DIVIDED,TRAFFIC SIGNAL,UNABLE TO DETERMINE,NOT APPLICABLE,0,0,0,0,14,3,2,1766,HALSTED ST,41.871018,-87.689407,02/07/2017 04:21:00 PM,2017
CR00038886,11/05/2024 04:52:00 PM,35,CLEAR,DAYLIGHT,ANGLE,NOT DIVIDED,TRAFFIC SIGNAL,DISTRACTION - FROM INSIDE VEHICLE,UNABLE TO DETERMINE,0,0,0,0,16,3,11,1784,STATE ST,41.92357,-87.771239,11/05/2024 05:24:00 PM,2024
CR00038887,09/09/2018 05:44:00 AM,35,RAIN,DARKNESS - LIGHTED ROAD,ANGLE,NOT DIVIDED,STOP SIGN/FLASHER,UNABLE TO DETERMINE,DISTRACTION - FROM INSIDE VEHICLE,0,0,3,3,5,1,9,369,CALIFORNIA AVE,41.824774,-87.798073,09/09/2018 07:10:00 AM,2018
CR00038888,02/04/2023 10:49:00 AM,25,CLEAR,DAYLIGHT,TURNING,T-INTERSECTION,TRAFFIC SIGNAL,FAILING TO REDUCE SPEED,FAILING TO YIELD RIGHT-OF-WAY,0,0,0,0,10,7,2,612,79TH ST,41.72874,-87.663092,02/04/2023 11:51:00 AM,2023
CR00038889,04/10/2019 01:02:00 PM,30,CLEAR,DAYLIGHT,TURNING,NOT DIVIDED,TRAFFIC SIGNAL,DRIVING SKILLS/KNOWLEDGE/EXPERIENCE,UNABLE TO DETERMINE,0,0,0,0,13,4,4,1351,STATE ST,41.950686,-87.543062,04/10/2019 02:59:00 PM,2019
CR00038890,08/15/2020 11:13:00 AM,30,RAIN,DUSK,REAR END,NOT DIVIDED,TRAFFIC SIGNAL,DISTRACTION - FROM INSIDE VEHICLE,IMPROPER LANE USAGE,0,0,0,0,11,7,8,286,CLARK ST,41.825636,-87.680552,08/15/2020 11:30:00 AM,2020
CR00038891,06/11/2019 07:17:00 AM,35,CLEAR,DAYLIGHT,SIDESWIPE SAME DIRECTION,T-INTERSECTION,NO CONTROLS,IMPROPER OVERTAKING/PASSING,DISTRACTION - FROM INSIDE VEHICLE,0,0,0,0,7,3,6,1284,ASHLAND AVE,41.895335,-87.74977,06/11/2019 08:18:00 AM,2019
CR00038892,01/03/2024 05:34:00 PM,15,FOG/SMOKE/HAZE,DAYLIGHT,SIDESWIPE SAME DIRECTION,DIVIDED - W/MEDIAN (NOT RAISED),STOP SIGN/FLASHER,UNABLE TO DETERMINE,NOT APPLICABLE,0,0,0,0,17,4,1,1567,HALSTED ST,41.718,-87.522238,01/03/2024 06:44:00 PM,2024
CR00038893,05/15/2019 02:25:00 PM,30,CLEAR,DUSK,REAR END,NOT DIVIDED,NO CONTROLS,IMPROPER OVERTAKING/PASSING,FAILING TO REDUCE SPEED,0,0,0,0,14,4,5,108,IRVING PARK RD,41.750944,-87.607994,05/15/2019 04:23:00 PM,2019
CR00038894,04/12/2019 08:55:00 AM,45,CLEAR,DARKNESS,REAR END,FOUR WAY,PEDESTRIAN CROSSING SIGN,FOLLOWING TOO CLOSELY,FAILING TO YIELD RIGHT-OF-WAY,0,2,1,3,8,6,4,848,STATE ST,41.885857,-87.599686,04/12/2019 09:51:00 AM,2019
CR00038895,02/01/2016 05:47:00 PM,30,CLEAR,DARKNESS - LIGHTED ROAD,REAR END,NOT DIVIDED,NO CONTROLS,UNABLE TO DETERMINE,NOT APPLICABLE,0,0,0,0,17,2,2,1997,ARCHER AVE,41.815862,-87.604861,02/01/2016 05:55:00 PM,2016
CR00038896,03/14/2023 03:31:00 PM,25,CLEAR,DAYLIGHT,TURNING,DIVIDED - W/MEDIAN BARRIER,NO CONTROLS,FAILING TO REDUCE SPEED,NOT APPLICABLE,0,0,0,0,15,3,3,1186,KEDZIE AVE,41.91997,-87.522596,03/14/2023 03:32:00 PM,2023
CR00038897,04/10/2016 08:58:00 AM,20,RAIN,DAYLIGHT,TURNING,NOT DIVIDED,NO CONTROLS,WEATHER,DISTRACTION - FROM INSIDE VEHICLE,0,0,0,0,8,1,4,1079,ARCHER AVE,41.877927,-87.581776,04/10/2016 09:56:00 AM,2016
CR00038898,05/13/2016 09:04:00 AM,20,CLOUDY/OVERCAST,DAYLIGHT,PARKED MOTOR VEHICLE,NOT DIVIDED,STOP SIGN/FLASHER,FOLLOWING TOO CLOSELY,NOT APPLICABLE,0,0,0,0,9,6,5,673,CALIFORNIA AVE,41.827746,-87.775374,05/13/2016 09:25:00 AM,2016
CR00038899,01/24/2016 04:14:00 PM,15,CLEAR,DARKNESS,REAR END,FOUR WAY,NO CONTROLS,FOLLOWING TOO CLOSELY,FAILING TO REDUCE SPEED,0,0,0,0,16,1,1,2251,STATE ST,41.702356,-87.610704,01/24/2016 04:33:00 PM,2016
CR00038900,01/03/2015 10:52:00 AM,40,CLEAR,DAYLIGHT,REAR TO FRONT,NOT DIVIDED,STOP SIGN/FLASHER,UNABLE TO DETERMINE,UNABLE TO DETERMINE,0,0,0,0,10,7,1,1866,IRVING PARK RD,41.935201,-87.557046,01/03/2015 11:19:00 AM,2015
CR00038901,02/13/2022 04:13:00 PM,40,CLEAR,DARKNESS - LIGHTED ROAD,REAR END,NOT DIVIDED,NO CONTROLS,UNABLE TO DETERMINE,FOLLOWING TOO CLOSELY,0,0,2,2,16,1,2,762,IRVING PARK RD,41.751742,-87.841986,02/13/2022 04:28:00 PM,2022
CR00038902,01/15/2022 06:27:00 PM,15,CLOUDY/OVERCAST,DAYLIGHT,TURNING,DIVIDED - W/MEDIAN BARRIER,NO CONTROLS,FAILING TO REDUCE SPEED,UNABLE TO DETERMINE,0,0,0,0,18,7,1,2070,STONY ISLAND AVE,41.932302,-87.740579,01/15/2022 07:29:00 PM,2022
CR00038903,05/17/2021 07:40:00 AM,15,CLEAR,DUSK,ANGLE,ONE-WAY,NO CONTROLS,IMPROPER LANE USAGE,UNABLE TO DETERMINE,0,0,2,2,7,2,5,815,DAMEN AVE,41.908433,-87.549273,05/17/2021 08:20:00 AM,2021
CR00038904,05/31/2016 06:03:00 PM,30,CLEAR,DAYLIGHT,PARKED MOTOR VEHICLE,T-INTERSECTION,UNKNOWN,FOLLOWING TOO CLOSELY,UNABLE TO DETERMINE,0,0,2,2,18,3,5,315,STATE ST,41.984287,-87.548171,05/31/2016 06:25:00 PM,2016
CR00038905,08/05/2020 05:45:00 AM,30,CLEAR,DARKNESS - LIGHTED ROAD,SIDESWIPE SAME DIRECTION,NOT DIVIDED,TRAFFIC SIGNAL,UNABLE TO DETERMINE,FAILING TO REDUCE SPEED,0,0,0,0,5,4,8,2382,63RD ST,41.918614,-87.779711,08/05/2020 06:48:00 AM,2020
CR00038906,03/17/2020 11:57:00 AM,35,CLEAR,DAYLIGHT,TURNING,DIVIDED - W/MEDIAN (NOT RAISED),TRAFFIC SIGNAL,UNABLE TO DETERMINE,FAILING TO REDUCE SPEED,0,0,3,3,11,3,3,466,STONY ISLAND AVE,41.766619,-87.726496,03/17/2020 01:09:00 PM,2020
CR00038907,03/19/2018 02:09:00 PM,30,CLEAR,DAYLIGHT,SIDESWIPE SAME DIRECTION,NOT DIVIDED,STOP SIGN/FLASHER,UNABLE TO DETERMINE,FOLLOWING TOO CLOSELY,0,0,0,0,14,2,3,1396,63RD ST,41.957965,-87.595131,03/19/2018 03:19:00 PM,2018
CR00038908,01/03/2022 05:47:00 PM,30,CLEAR,DARKNESS - LIGHTED ROAD,REAR END,FOUR WAY,STOP SIGN/FLASHER,FAILING TO YIELD RIGHT-OF-WAY,FOLLOWING TOO CLOSELY,0,0,0,0,17,2,1,1794,DAMEN AVE,41.82315,-87.832687,01/03/2022 07:01:00 PM,2022
CR00038909,02/23/2022 09:27:00 AM,35,CLEAR,DAYLIGHT,ANGLE,NOT DIVIDED,NO CONTROLS,UNABLE TO DETERMINE,NOT APPLICABLE,0,0,0,0,9,4,2,1156,ELSTON AVE,41.907167,-87.561878,02/23/2022 10:34:00 AM,2022
CR00038910,02/16/2021 03:59:00 AM,30,CLOUDY/OVERCAST,DARKNESS - LIGHTED ROAD,REAR END,DIVIDED - W/MEDIAN (NOT RAISED),UNKNOWN,FAILING TO YIELD RIGHT-OF-WAY,UNABLE TO DETERMINE,0,0,0,0,3,3,2,875,STONY ISLAND AVE,41.98163,-87.689661,02/16/2021 05:11:00 AM,2021
CR00038911,08/04/2015 05:59:00 PM,30,RAIN,DAYLIGHT,REAR END,DIVIDED - W/MEDIAN (NOT RAISED),STOP SIGN/FLASHER,DISREGARDING TRAFFIC SIGNALS,IMPROPER OVERTAKING/PASSING,0,2,1,3,17,3,8,2067,MICHIGAN AVE,41.98884,-87.575378,08/04/2015 06:42:00 PM,2015
CR00038912,12/10/2016 07:36:00 AM,25,RAIN,DAYLIGHT,SIDESWIPE SAME DIRECTION,NOT DIVIDED,TRAFFIC SIGNAL,DISTRACTION - FROM INSIDE VEHICLE,UNABLE TO DETERMINE,0,0,0,0,7,7,12,924,MILWAUKEE AVE,41.979867,-87.691215,12/10/2016 08:32:00 AM,2016
CR00038913,09/23/2019 05:06:00 PM,30,RAIN,DAYLIGHT,PARKED MOTOR VEHICLE,NOT DIVIDED,NO CONTROLS,UNABLE TO DETERMINE,IMPROPER LANE USAGE,0,0,3,3,17,2,9,532,CLARK ST,41.887728,-87.60933,09/23/2019 06:31:00 PM,2019
CR00038914,10/18/2019 10:41:00 AM,45,SNOW,DAYLIGHT,REAR END,NOT DIVIDED,NO CONTROLS,DRIVING SKILLS/KNOWLEDGE/EXPERIENCE,FAILING TO YIELD RIGHT-OF-WAY,0,0,0,0,10,6,10,554,HALSTED ST,41.888481,-87.65863,10/18/2019 11:35:00 AM,2019
CR00038915,08/15/2018 03:34:00 PM,30,CLEAR,DARKNESS - LIGHTED ROAD,REAR END,NOT DIVIDED,YIELD,UNABLE TO DETERMINE,NOT APPLICABLE,0,0,3,3,15,4,8,914,OGDEN AVE,41.744296,-87.529466,08/15/2018 05:15:00 PM,2018
CR00038916,06/13/2021 05:28:00 PM,35,CLEAR,DARKNESS,REAR END,DIVIDED - W/MEDIAN BARRIER,NO CONTROLS,FAILING TO REDUCE SPEED,UNABLE TO DETERMINE,0,0,0,0,17,1,6,768,STATE ST,41.742168,-87.601636,06/13/2021 05:59:00 PM,2021
CR00038917,12/19/2021 07:46:00 AM,45,RAIN,DAYLIGHT,SIDESWIPE SAME DIRECTION,T-INTERSECTION,NO CONTROLS,UNABLE TO DETERMINE,DISTRACTION - FROM INSIDE VEHICLE,0,0,0,0,7,1,12,2154,STATE ST,41.915722,-87.747228,12/19/2021 08:23:00 AM,2021
CR00038918,10/18/2021 02:08:00 PM,25,CLEAR,DAYLIGHT,ANGLE,NOT DIVIDED,TRAFFIC SIGNAL,DISTRACTION - FROM INSIDE VEHICLE,UNABLE TO DETERMINE,0,0,2,2,14,2,10,2172,LAKE SHORE DR,41.781257,-87.745438,10/18/2021 02:25:00 PM,2021
CR00038919,06/21/2020 04:56:00 AM,15,CLEAR,DARKNESS - LIGHTED ROAD,ANGLE,NOT DIVIDED,NO CONTROLS,FAILING TO YIELD RIGHT-OF-WAY,NOT APPLICABLE,0,0,0,0,4,1,6,1096,DIVISION ST,41.90879,-87.666833,06/21/2020 05:07:00 AM,2020
CR00038920,03/10/2017 06:52:00 PM,35,CLEAR,DAYLIGHT,SIDESWIPE SAME DIRECTION,DIVIDED - W/MEDIAN (NOT RAISED),TRAFFIC SIGNAL,FOLLOWING TOO CLOSELY,FAILING TO YIELD RIGHT-OF-WAY,0,0,2,2,18,6,3,1433,CICERO AVE,41.802174,-87.821545,03/10/2017 07:38:00 PM,2017
CR00038921,07/21/2015 04:08:00 PM,40,RAIN,DAYLIGHT,PARKED MOTOR VEHICLE,NOT DIVIDED,NO CONTROLS,DRIVING SKILLS/KNOWLEDGE/EXPERIENCE,NOT APPLICABLE,0,0,0,0,16,3,7,1248,79TH ST,41.829237,-87.61672,07/21/2015 04:35:00 PM,2015
CR00038922,04/29/2022 06:59:00 PM,35,CLEAR,DARKNESS - LIGHTED ROAD,SIDESWIPE SAME DIRECTION,NOT DIVIDED,TRAFFIC SIGNAL,WEATHER,UNABLE TO DETERMINE,0,0,0,0,18,6,4,1996,MICHIGAN AVE,41.739347,-87.543862,04/29/2022 08:08:00 PM,2022
CR00038923,12/22/2022 02:49:00 PM,30,CLEAR,DAYLIGHT,ANGLE,T-INTERSECTION,TRAFFIC SIGNAL,DISTRACTION - FROM INSIDE VEHICLE,NOT APPLICABLE,0,0,0,0,14,5,12,690,WESTERN AVE,41.894032,-87.585706,12/22/2022 03:30:00 PM,2022
CR00038924,02/03/2022 02:01:00 PM,15,CLOUDY/OVERCAST,DAYLIGHT,TURNING,NOT DIVIDED,UNKNOWN,WEATHER,FOLLOWING TOO CLOSELY,0,0,0,0,14,5,2,1749,DIVISION ST,41.814835,-87.500628,02/03/2022 02:46:00 PM,2022
CR00038925,09/22/2023 05:06:00 PM,25,CLEAR,DAYLIGHT,PARKED MOTOR VEHICLE,NOT DIVIDED,TRAFFIC SIGNAL,FAILING TO REDUCE SPEED,FAILING TO REDUCE SPEED,0,0,0,0,17,6,9,533,79TH ST,41.777121,-87.729773,09/22/2023 06:59:00 PM,2023
CR00038926,03/01/2016 11:19:00 AM,30,CLEAR,DARKNESS,SIDESWIPE SAME DIRECTION,NOT DIVIDED,NO CONTROLS,IMPROPER OVERTAKING/PASSING,FOLLOWING TOO CLOSELY,0,0,0,0,11,3,3,840,ARCHER AVE,41.846137,-87.626174,03/01/2016 12:41:00 PM,2016
CR00038927,12/11/2016 02:07:00 AM,30,RAIN,DARKNESS - LIGHTED ROAD,FIXED OBJECT,NOT DIVIDED,TRAFFIC SIGNAL,DISREGARDING TRAFFIC SIGNALS,NOT APPLICABLE,0,0,0,0,2,1,12,518,HALSTED ST,41.916997,-87.616013,12/11/2016 03:39:00 AM,2016