CRASH_RECORD_ID,CRASH_DATE,POSTED_SPEED_LIMIT,WEATHER_CONDITION,LIGHTING_CONDITION,FIRST_CRASH_TYPE,TRAFFICWAY_TYPE,TRAFFIC_CONTROL_DEVICE,PRIM_CONTRIBUTORY_CAUSE,SEC_CONTRIBUTORY_CAUSE,INJURIES_FATAL,INJURIES_INCAPACITATING,INJURIES_NON_INCAPACITATING,INJURIES_TOTAL,CRASH_HOUR,CRASH_DAY_OF_WEEK,CRASH_MONTH,BEAT_OF_OCCURRENCE,STREET_NAME,LATITUDE,LONGITUDE,DATE_POLICE_NOTIFIED,year
CR00038928,10/02/2019 07:28:00 AM,25,CLEAR,DAYLIGHT,ANGLE,NOT DIVIDED,TRAFFIC SIGNAL,FOLLOWING TOO CLOSELY,UNABLE TO DETERMINE,0,0,0,0,7,4,10,2047,ASHLAND AVE,41.989204,-87.790209,10/02/2019 07:35:00 AM,2019
CR00038929,08/29/2023 11:33:00 AM,40,CLEAR,DAYLIGHT,PEDESTRIAN,DIVIDED - W/MEDIAN (NOT RAISED),STOP SIGN/FLASHER,WEATHER,DISTRACTION - FROM INSIDE VEHICLE,0,0,0,0,11,3,8,1891,DAMEN AVE,41.842546,-87.540352,08/29/2023 12:52:00 PM,2023
CR00038930,06/04/2015 06:41:00 PM,35,CLOUDY/OVERCAST,DAYLIGHT,REAR END,FOUR WAY,STOP SIGN/FLASHER,UNABLE TO DETERMINE,FOLLOWING TOO CLOSELY,0,0,0,0,18,5,6,1006,STONY ISLAND AVE,41.752371,-87.630605,06/04/2015 07:58:00 PM,2015
CR00038931,11/26/2024 07:59:00 AM,30,CLEAR,DAYLIGHT,REAR END,NOT DIVIDED,UNKNOWN,FAILING TO YIELD RIGHT-OF-WAY,NOT APPLICABLE,0,0,0,0,7,3,11,104,MICHIGAN AVE,41.834483,-87.785648,11/26/2024 09:02:00 AM,2024
CR00038932,01/03/2020 02:32:00 AM,30,RAIN,DAYLIGHT,ANGLE,DIVIDED - W/MEDIAN (NOT RAISED),STOP SIGN/FLASHER,FOLLOWING TOO CLOSELY,UNABLE TO DETERMINE,0,0,0,0,2,6,1,530,ASHLAND AVE,41.726438,-87.829011,01/03/2020 03:08:00 AM,2020
CR00038933,07/02/2022 07:11:00 AM,30,CLEAR,DAYLIGHT,REAR END,ONE-WAY,NO CONTROLS,UNABLE TO DETERMINE,UNABLE TO DETERMINE,0,1,1,2,7,7,7,255,79TH ST,41.866221,-87.612254,07/02/2022 08:51:00 AM,2022
CR00038934,01/11/2015 12:03:00 PM,30,CLEAR,DAYLIGHT,FIXED OBJECT,FOUR WAY,UNKNOWN,IMPROPER OVERTAKING/PASSING,IMPROPER LANE USAGE,0,0,0,0,12,1,1,2462,ROOSEVELT RD,41.98849,-87.569376,01/11/2015 02:02:00 PM,2015
CR00038935,01/27/2023 10:55:00 AM,25,CLEAR,DAYLIGHT,SIDESWIPE SAME DIRECTION,FOUR WAY,PEDESTRIAN CROSSING SIGN,WEATHER,WEATHER,0,0,0,0,10,6,1,1576,47TH ST,41.872197,-87.809229,01/27/2023 11:33:00 AM,2023
CR00038936,09/06/2015 01:54:00 AM,25,FOG/SMOKE/HAZE,DARKNESS - LIGHTED ROAD,REAR END,DIVIDED - W/MEDIAN (NOT RAISED),NO CONTROLS,DISTRACTION - FROM INSIDE VEHICLE,DISTRACTION - FROM INSIDE VEHICLE,0,0,1,1,1,1,9,655,LAKE SHORE DR,41.928761,-87.668703,09/06/2015 02:07:00 AM,2015
CR00038937,08/07/2021 06:31:00 AM,15,CLEAR,DAYLIGHT,PARKED MOTOR VEHICLE,DIVIDED - W/MEDIAN (NOT RAISED),STOP SIGN/FLASHER,IMPROPER LANE USAGE,DRIVING SKILLS/KNOWLEDGE/EXPERIENCE,0,0,3,3,6,7,8,1432,ASHLAND AVE,41.748388,-87.556857,08/07/2021 07:21:00 AM,2021
CR00038938,04/16/2020 10:38:00 PM,30,CLEAR,DARKNESS - LIGHTED ROAD,REAR END,DIVIDED - W/MEDIAN (NOT RAISED),STOP SIGN/FLASHER,UNABLE TO DETERMINE,IMPROPER OVERTAKING/PASSING,0,0,0,0,22,5,4,1574,FULLERTON AVE,41.952719,-87.805207,04/16/2020 11:05:00 PM,2020
CR00038939,06/21/2016 09:41:00 AM,25,CLEAR,DAYLIGHT,TURNING,DIVIDED - W/MEDIAN (NOT RAISED),TRAFFIC SIGNAL,FAILING TO REDUCE SPEED,DISTRACTION - FROM INSIDE VEHICLE,0,0,0,0,9,3,6,798,WESTERN AVE,41.742794,-87.665484,06/21/2016 10:27:00 AM,2016
CR00038940,11/13/2018 07:10:00 AM,35,CLEAR,DUSK,SIDESWIPE SAME DIRECTION,NOT DIVIDED,TRAFFIC SIGNAL,FAILING TO REDUCE SPEED,FOLLOWING TOO CLOSELY,0,0,0,0,7,3,11,1320,OGDEN AVE,41.86785,-87.648812,11/13/2018 07:11:00 AM,2018
CR00038941,09/06/2015 01:32:00 PM,45,CLEAR,DARKNESS,PARKED MOTOR VEHICLE,T-INTERSECTION,STOP SIGN/FLASHER,UNABLE TO DETERMINE,UNABLE TO DETERMINE,0,0,0,0,13,1,9,1985,STATE ST,41.927648,-87.535345,09/06/2015 02:54:00 PM,2015
CR00038942,07/11/2019 01:35:00 PM,45,RAIN,DAYLIGHT,REAR END,NOT DIVIDED,TRAFFIC SIGNAL,UNABLE TO DETERMINE,UNABLE TO DETERMINE,0,0,0,0,13,5,7,760,ROOSEVELT RD,41.975678,-87.772748,07/11/2019 03:35:00 PM,2019
CR00038943,12/09/2015 03:57:00 PM,30,CLEAR,DAYLIGHT,TURNING,NOT DIVIDED,NO CONTROLS,DRIVING SKILLS/KNOWLEDGE/EXPERIENCE,WEATHER,0,0,0,0,15,4,12,1677,79TH ST,41.978041,-87.72431,12/09/2015 04:40:00 PM,2015
CR00038944,11/30/2021 04:55:00 PM,30,CLEAR,DAYLIGHT,REAR END,DIVIDED - W/MEDIAN (NOT RAISED),NO CONTROLS,IMPROPER LANE USAGE,NOT APPLICABLE,0,0,0,0,16,3,11,1912,OGDEN AVE,41.704697,-87.623296,11/30/2021 06:40:00 PM,2021
CR00038945,09/01/2019 03:26:00 AM,25,CLEAR,DAYLIGHT,TURNING,FOUR WAY,NO CONTROLS,UNABLE TO DETERMINE,NOT APPLICABLE,0,0,0,0,3,1,9,1130,PULASKI RD,41.932738,-87.532539,09/01/2019 05:08:00 AM,2019
CR00038946,05/09/2024 05:41:00 PM,30,FREEZING RAIN/DRIZZLE,DAWN,ANGLE,ONE-WAY,UNKNOWN,IMPROPER LANE USAGE,IMPROPER LANE USAGE,0,0,0,0,17,5,5,1012,CICERO AVE,41.954658,-87.704903,05/09/2024 07:23:00 PM,2024
CR00038947,11/15/2019 04:48:00 PM,45,CLEAR,DAYLIGHT,REAR END,NOT DIVIDED,NO CONTROLS,DISTRACTION - FROM INSIDE VEHICLE,NOT APPLICABLE,0,0,1,1,16,6,11,1742,79TH ST,41.957129,-87.708843,11/15/2019 05:13:00 PM,2019
CR00038948,10/28/2021 04:17:00 PM,30,CLEAR,DAYLIGHT,REAR END,NOT DIVIDED,TRAFFIC SIGNAL,IMPROPER OVERTAKING/PASSING,FOLLOWING TOO CLOSELY,0,0,0,0,16,5,10,1638,PULASKI RD,41.936598,-87.578849,10/28/2021 04:50:00 PM,2021
CR00038949,06/14/2019 08:11:00 AM,15,RAIN,DAYLIGHT,TURNING,NOT DIVIDED,TRAFFIC SIGNAL,FOLLOWING TOO CLOSELY,UNABLE TO DETERMINE,0,0,0,0,8,6,6,2158,ARCHER AVE,41.957181,-87.827107,06/14/2019 08:32:00 AM,2019
CR00038950,04/14/2015 01:29:00 AM,35,CLEAR,DAYLIGHT,TURNING,ONE-WAY,UNKNOWN,UNABLE TO DETERMINE,NOT APPLICABLE,0,0,0,0,1,3,4,312,ARCHER AVE,41.706129,-87.776885,04/14/2015 01:48:00 AM,2015
CR00038951,12/20/2019 09:35:00 AM,30,FREEZING RAIN/DRIZZLE,DAYLIGHT,REAR END,FOUR WAY,NO CONTROLS,IMPROPER LANE USAGE,UNABLE TO DETERMINE,0,0,0,0,9,6,12,527,DIVISION ST,41.823327,-87.522923,12/20/2019 10:05:00 AM,2019
CR00038952,08/13/2019 08:22:00 PM,15,CLEAR,DAYLIGHT,REAR END,DIVIDED - W/MEDIAN (NOT RAISED),NO CONTROLS,DRIVING SKILLS/KNOWLEDGE/EXPERIENCE,FOLLOWING TOO CLOSELY,0,0,0,0,20,3,8,2152,47TH ST,41.835447,-87.708699,08/13/2019 10:14:00 PM,2019
CR00038953,01/21/2020 06:50:00 AM,45,CLOUDY/OVERCAST,DAYLIGHT,REAR END,NOT DIVIDED,NO CONTROLS,UNABLE TO DETERMINE,UNABLE TO DETERMINE,0,0,1,1,6,3,1,189,STATE ST,41.8349,-87.589665,01/21/2020 07:37:00 AM,2020
CR00038954,05/29/2015 07:22:00 AM,15,CLEAR,DAYLIGHT,TURNING,DIVIDED - W/MEDIAN (NOT RAISED),NO CONTROLS,UNABLE TO DETERMINE,UNABLE TO DETERMINE,0,0,1,1,7,6,5,1350,KEDZIE AVE,41.750242,-87.519117,05/29/2015 08:25:00 AM,2015
CR00038955,03/17/2020 07:13:00 AM,45,CLOUDY/OVERCAST,DARKNESS - LIGHTED ROAD,REAR END,DIVIDED - W/MEDIAN BARRIER,NO CONTROLS,DISTRACTION - FROM INSIDE VEHICLE,FAILING TO REDUCE SPEED,0,0,0,0,7,3,3,880,BROADWAY,41.731613,-87.610357,03/17/2020 08:35:00 AM,2020
CR00038956,01/24/2018 06:31:00 AM,40,CLEAR,DARKNESS,PARKED MOTOR VEHICLE,NOT DIVIDED,STOP SIGN/FLASHER,UNABLE TO DETERMINE,NOT APPLICABLE,0,0,0,0,6,4,1,765,CLARK ST,41.885448,-87.748336,01/24/2018 08:04:00 AM,2018
CR00038957,11/26/2015 06:12:00 PM,40,CLEAR,DARKNESS,TURNING,T-INTERSECTION,STOP SIGN/FLASHER,IMPROPER OVERTAKING/PASSING,NOT APPLICABLE,0,1,1,2,18,5,11,1195,OGDEN AVE,41.700994,-87.80061,11/26/2015 07:11:00 PM,2015
CR00038958,02/24/2016 08:45:00 AM,20,CLEAR,DAYLIGHT,TURNING,DIVIDED - W/MEDIAN (NOT RAISED),UNKNOWN,DISREGARDING TRAFFIC SIGNALS,DISTRACTION - FROM INSIDE VEHICLE,0,0,0,0,8,4,2,1071,KEDZIE AVE,41.810185,-87.631957,02/24/2016 09:04:00 AM,2016
CR00038959,07/13/2020 02:58:00 PM,30,SNOW,DAYLIGHT,REAR END,FOUR WAY,NO CONTROLS,DISREGARDING TRAFFIC SIGNALS,FOLLOWING TOO CLOSELY,0,1,1,2,14,2,7,1156,ROOSEVELT RD,41.868654,-87.849275,07/13/2020 03:00:00 PM,2020
CR00038960,06/30/2019 02:25:00 PM,30,CLEAR,DUSK,TURNING,ONE-WAY,NO CONTROLS,FAILING TO YIELD RIGHT-OF-WAY,FAILING TO REDUCE SPEED,0,0,0,0,14,1,6,366,PULASKI RD,41.898988,-87.694531,06/30/2019 02:39:00 PM,2019
CR00038961,01/29/2024 04:26:00 PM,35,FREEZING RAIN/DRIZZLE,DAYLIGHT,REAR END,FOUR WAY,STOP SIGN/FLASHER,FAILING TO YIELD RIGHT-OF-WAY,DISREGARDING TRAFFIC SIGNALS,0,0,1,1,16,2,1,1864,IRVING PARK RD,41.830803,-87.613423,01/29/2024 04:37:00 PM,2024
CR00038962,01/29/2024 04:36:00 PM,30,CLEAR,DAWN,ANGLE,NOT DIVIDED,TRAFFIC SIGNAL,DISTRACTION - FROM INSIDE VEHICLE,UNABLE TO DETERMINE,0,0,0,0,16,2,1,1409,DIVISION ST,41.776278,-87.735662,01/29/2024 06:22:00 PM,2024
CR00038963,09/23/2022 11:13:00 PM,30,CLEAR,DAYLIGHT,PARKED MOTOR VEHICLE,DIVIDED - W/MEDIAN BARRIER,UNKNOWN,DISTRACTION - FROM INSIDE VEHICLE,FOLLOWING TOO CLOSELY,0,0,0,0,23,6,9,2471,ELSTON AVE,41.891051,-87.56304,09/23/2022 11:15:00 PM,2022
CR00038964,03/27/2015 03:25:00 AM,40,CLEAR,DAYLIGHT,REAR END,ONE-WAY,TRAFFIC SIGNAL,DISTRACTION - FROM INSIDE VEHICLE,NOT APPLICABLE,0,0,0,0,3,6,3,2467,STATE ST,41.859201,-87.662012,03/27/2015 05:16:00 AM,2015
CR00038965,04/27/2020 09:56:00 AM,35,RAIN,DAYLIGHT,REAR END,DIVIDED - W/MEDIAN (NOT RAISED),NO CONTROLS,FOLLOWING TOO CLOSELY,FAILING TO REDUCE SPEED,0,0,0,0,9,2,4,453,STONY ISLAND AVE,41.844287,-87.529249,04/27/2020 11:53:00 AM,2020
CR00038966,05/26/2020 05:21:00 PM,45,CLEAR,DARKNESS - LIGHTED ROAD,ANGLE,ONE-WAY,NO CONTROLS,IMPROPER OVERTAKING/PASSING,FAILING TO YIELD RIGHT-OF-WAY,0,0,0,0,17,3,5,2262,ARCHER AVE,41.974774,-87.768701,05/26/2020 05:50:00 PM,2020
CR00038967,07/22/2019 03:42:00 PM,15,CLEAR,DAYLIGHT,REAR END,NOT DIVIDED,NO CONTROLS,UNABLE TO DETERMINE,WEATHER,0,0,0,0,15,2,7,2459,ROOSEVELT RD,41.985486,-87.519785,07/22/2019 04:15:00 PM,2019
CR00038968,08/12/2023 10:29:00 PM,30,RAIN,DAYLIGHT,ANGLE,T-INTERSECTION,TRAFFIC SIGNAL,FOLLOWING TOO CLOSELY,DISTRACTION - FROM INSIDE VEHICLE,0,0,0,0,22,7,8,525,LAKE SHORE DR,41.992605,-87.658454,08/12/2023 11:08:00 PM,2023
CR00038969,04/05/2021 03:44:00 PM,15,CLEAR,DARKNESS - LIGHTED ROAD,REAR END,ONE-WAY,TRAFFIC SIGNAL,DRIVING SKILLS/KNOWLEDGE/EXPERIENCE,FAILING TO YIELD RIGHT-OF-WAY,0,0,1,1,15,2,4,472,DIVISION ST,41.847744,-87.844469,04/05/2021 05:02:00 PM,2021
CR00038970,03/11/2024 11:50:00 AM,45,CLEAR,DAYLIGHT,REAR END,NOT DIVIDED,TRAFFIC SIGNAL,IMPROPER OVERTAKING/PASSING,NOT APPLICABLE,0,0,0,0,11,2,3,1322,STONY ISLAND AVE,41.774013,-87.782501,03/11/2024 01:03:00 PM,2024
CR00038971,01/23/2016 10:28:00 PM,40,SNOW,DAYLIGHT,REAR END,NOT DIVIDED,UNKNOWN,DRIVING SKILLS/KNOWLEDGE/EXPERIENCE,NOT APPLICABLE,0,0,1,1,22,7,1,822,IRVING PARK RD,41.821831,-87.50179,01/23/2016 10:36:00 PM,2016
CR00038972,09/25/2015 12:49:00 PM,30,CLEAR,DAYLIGHT,TURNING,T-INTERSECTION,NO CONTROLS,FOLLOWING TOO CLOSELY,UNABLE TO DETERMINE,0,0,1,1,12,6,9,568,IRVING PARK RD,41.965061,-87.845406,09/25/2015 01:30:00 PM,2015
CR00038973,03/04/2023 10:00:00 AM,40,CLEAR,DAYLIGHT,TURNING,NOT DIVIDED,NO CONTROLS,FOLLOWING TOO CLOSELY,FOLLOWING TOO CLOSELY,0,0,0,0,10,7,3,560,ELSTON AVE,41.997438,-87.714542,03/04/2023 10:38:00 AM,2023
CR00038974,12/23/2022 08:06:00 AM,35,CLEAR,DAYLIGHT,PARKED MOTOR VEHICLE,FOUR WAY,NO CONTROLS,FAILING TO YIELD RIGHT-OF-WAY,DISTRACTION - FROM INSIDE VEHICLE,0,0,0,0,8,6,12,105,CALIFORNIA AVE,41.781798,-87.531085,12/23/2022 08:36:00 AM,2022
CR00038975,08/28/2019 12:07:00 AM,25,RAIN,DAYLIGHT,REAR TO FRONT,DIVIDED - W/MEDIAN (NOT RAISED),NO CONTROLS,FOLLOWING TOO CLOSELY,FOLLOWING TOO CLOSELY,0,0,0,0,0,4,8,2089,DAMEN AVE,41.882054,-87.774038,08/28/2019 01:32:00 AM,2019
CR00038976,02/03/2019 02:30:00 AM,35,CLEAR,DAYLIGHT,PARKED MOTOR VEHICLE,T-INTERSECTION,TRAFFIC SIGNAL,WEATHER,DRIVING SKILLS/KNOWLEDGE/EXPERIENCE,0,0,3,3,2,1,2,1606,CLARK ST,41.876854,-87.663206,02/03/2019 03:08:00 AM,2019
CR00038977,10/16/2019 06:11:00 AM,35,CLEAR,DAYLIGHT,REAR END,DIVIDED - W/MEDIAN (NOT RAISED),TRAFFIC SIGNAL,FOLLOWING TOO CLOSELY,NOT APPLICABLE,0,0,0,0,6,4,10,2457,63RD ST,41.963177,-87.79262,10/16/2019 06:32:00 AM,2019
CR00038978,05/13/2023 02:18:00 PM,30,CLEAR,DUSK,TURNING,DIVIDED - W/MEDIAN (NOT RAISED),NO CONTROLS,UNABLE TO DETERMINE,FOLLOWING TOO CLOSELY,0,0,0,0,14,7,5,1465,BROADWAY,41.90313,-87.686896,05/13/2023 02:36:00 PM,2023
CR00038979,01/24/2022 09:52:00 PM,30,RAIN,DAYLIGHT,TURNING,ONE-WAY,TRAFFIC SIGNAL,UNABLE TO DETERMINE,FAILING TO YIELD RIGHT-OF-WAY,0,0,0,0,21,2,1,940,ELSTON AVE,41.781086,-87.509418,01/24/2022 10:42:00 PM,2022
CR00038980,08/13/2021 03:35:00 AM,40,FREEZING RAIN/DRIZZLE,DUSK,PARKED MOTOR VEHICLE,DIVIDED - W/MEDIAN BARRIER,NO CONTROLS,FOLLOWING TOO CLOSELY,UNABLE TO DETERMINE,0,0,1,1,3,6,8,478,WESTERN AVE,41.962625,-87.64364,08/13/2021 04:36:00 AM,2021
CR00038981,07/09/2018 01:56:00 PM,25,CLEAR,DARKNESS - LIGHTED ROAD,TURNING,NOT DIVIDED,NO CONTROLS,DISTRACTION - FROM INSIDE VEHICLE,UNABLE TO DETERMINE,0,0,0,0,13,2,7,630,63RD ST,41.835214,-87.730981,07/09/2018 02:40:00 PM,2018
CR00038982,11/30/2017 05:06:00 AM,30,CLEAR,DAYLIGHT,SIDESWIPE SAME DIRECTION,DIVIDED - W/MEDIAN (NOT RAISED),TRAFFIC SIGNAL,WEATHER,DISTRACTION - FROM INSIDE VEHICLE,0,0,0,0,5,5,11,1924,ROOSEVELT RD,41.919066,-87.768038,11/30/2017 05:14:00 AM,2017
CR00038983,08/02/2015 07:01:00 AM,45,CLEAR,DAYLIGHT,SIDESWIPE SAME DIRECTION,DIVIDED - W/MEDIAN BARRIER,NO CONTROLS,FOLLOWING TOO CLOSELY,DRIVING SKILLS/KNOWLEDGE/EXPERIENCE,0,0,0,0,7,1,8,801,ASHLAND AVE,41.967232,-87.580999,08/02/2015 07:38:00 AM,2015
CR00038984,10/17/2023 05:43:00 PM,40,CLEAR,DARKNESS - LIGHTED ROAD,PEDESTRIAN,DIVIDED - W/MEDIAN (NOT RAISED),NO CONTROLS,DISREGARDING TRAFFIC SIGNALS,FOLLOWING TOO CLOSELY,0,0,0,0,17,3,10,2140,OGDEN AVE,41.880697,-87.57955,10/17/2023 07:20:00 PM,2023
CR00038985,03/15/2022 04:46:00 PM,40,CLEAR,DARKNESS - LIGHTED ROAD,PARKED MOTOR VEHICLE,NOT DIVIDED,STOP SIGN/FLASHER,IMPROPER OVERTAKING/PASSING,FOLLOWING TOO CLOSELY,0,0,0,0,16,3,3,1480,BROADWAY,41.763807,-87.692676,03/15/2022 05:50:00 PM,2022
CR00038986,07/16/2020 03:39:00 PM,35,CLEAR,DAYLIGHT,FIXED OBJECT,DIVIDED - W/MEDIAN (NOT RAISED),STOP SIGN/FLASHER,DISREGARDING TRAFFIC SIGNALS,FAILING TO YIELD RIGHT-OF-WAY,0,0,2,2,15,5,7,1831,STONY ISLAND AVE,41.935199,-87.58373,07/16/2020 05:38:00 PM,2020
CR00038987,06/02/2019 07:35:00 PM,35,CLEAR,DAYLIGHT,REAR TO FRONT,NOT DIVIDED,STOP SIGN/FLASHER,FOLLOWING TOO CLOSELY,FOLLOWING TOO CLOSELY,0,0,0,0,19,1,6,188,LAKE SHORE DR,41.831992,-87.628785,06/02/2019 08:26:00 PM,2019
CR00038988,03/06/2016 07:33:00 AM,35,CLEAR,DARKNESS,REAR END,NOT DIVIDED,PEDESTRIAN CROSSING SIGN,FAILING TO YIELD RIGHT-OF-WAY,UNABLE TO DETERMINE,0,0,0,0,7,1,3,339,CICERO AVE,41.872147,-87.54387,03/06/2016 08:57:00 AM,2016
CR00038989,12/16/2015 06:11:00 AM,15,CLEAR,DARKNESS - LIGHTED ROAD,PARKED MOTOR VEHICLE,NOT DIVIDED,STOP SIGN/FLASHER,UNABLE TO DETERMINE,NOT APPLICABLE,0,0,1,1,6,4,12,1028,47TH ST,41.969114,-87.692251,12/16/2015 08:09:00 AM,2015
CR00038990,01/05/2016 08:41:00 AM,15,CLEAR,DAYLIGHT,REAR END,NOT DIVIDED,NO CONTROLS,WEATHER,IMPROPER LANE USAGE,0,0,2,2,8,3,1,551,KEDZIE AVE,41.71628,-87.546464,01/05/2016 08:50:00 AM,2016
CR00038991,02/02/2016 12:11:00 PM,30,CLEAR,DARKNESS - LIGHTED ROAD,TURNING,NOT DIVIDED,TRAFFIC SIGNAL,DRIVING SKILLS/KNOWLEDGE/EXPERIENCE,FOLLOWING TOO CLOSELY,0,0,0,0,12,3,2,1089,DAMEN AVE,41.749734,-87.635645,02/02/2016 12:15:00 PM,2016
CR00038992,07/05/2019 03:28:00 PM,20,CLEAR,DAYLIGHT,FIXED OBJECT,NOT DIVIDED,UNKNOWN,FAILING TO YIELD RIGHT-OF-WAY,DRIVING SKILLS/KNOWLEDGE/EXPERIENCE,0,0,0,0,15,6,7,1560,STATE ST,41.738782,-87.63094,07/05/2019 03:54:00 PM,2019
CR00038993,05/03/2019 03:23:00 PM,30,CLEAR,DAYLIGHT,SIDESWIPE SAME DIRECTION,DIVIDED - W/MEDIAN (NOT RAISED),NO CONTROLS,UNABLE TO DETERMINE,UNABLE TO DETERMINE,0,0,0,0,15,6,5,1183,ARCHER AVE,41.95221,-87.508823,05/03/2019 03:28:00 PM,2019
CR00038994,10/06/2020 07:25:00 AM,25,CLOUDY/OVERCAST,DARKNESS - LIGHTED ROAD,FIXED OBJECT,ONE-WAY,STOP SIGN/FLASHER,FAILING TO YIELD RIGHT-OF-WAY,UNABLE TO DETERMINE,0,0,0,0,7,3,10,687,STATE ST,41.902017,-87.746045,10/06/2020 09:08:00 AM,2020
CR00038995,06/12/2015 03:36:00 PM,35,FOG/SMOKE/HAZE,DAYLIGHT,TURNING,DIVIDED - W/MEDIAN (NOT RAISED),NO CONTROLS,UNABLE TO DETERMINE,DISREGARDING TRAFFIC SIGNALS,0,0,0,0,15,6,6,1914,CLARK ST,41.880684,-87.805068,06/12/2015 05:15:00 PM,2015
CR00038996,03/11/2021 05:01:00 PM,40,RAIN,DAYLIGHT,ANGLE,NOT DIVIDED,NO CONTROLS,UNABLE TO DETERMINE,IMPROPER LANE USAGE,0,0,0,0,17,5,3,2410,MILWAUKEE AVE,41.983151,-87.530933,03/11/2021 05:42:00 PM,2021
CR00038997,03/25/2022 12:25:00 PM,45,CLEAR,DAWN,TURNING,NOT DIVIDED,YIELD,DRIVING SKILLS/KNOWLEDGE/EXPERIENCE,IMPROPER OVERTAKING/PASSING,0,0,0,0,12,6,3,720,63RD ST,41.902208,-87.540167,03/25/2022 01:40:00 PM,2022
CR00038998,02/15/2016 11:42:00 AM,30,CLEAR,DARKNESS - LIGHTED ROAD,TURNING,NOT DIVIDED,TRAFFIC SIGNAL,FOLLOWING TOO CLOSELY,NOT APPLICABLE,0,0,0,0,11,2,2,2408,MICHIGAN AVE,41.78266,-87.712454,02/15/2016 01:01:00 PM,2016
CR00038999,02/23/2020 06:38:00 PM,30,CLEAR,DAYLIGHT,REAR END,NOT DIVIDED,NO CONTROLS,UNABLE TO DETERMINE,UNABLE TO DETERMINE,0,0,0,0,18,1,2,965,ROOSEVELT RD,41.89021,-87.808749,02/23/2020 06:40:00 PM,2020
CR00039000,08/25/2017 07:25:00 AM,20,RAIN,DAYLIGHT,FIXED OBJECT,NOT DIVIDED,STOP SIGN/FLASHER,UNABLE TO DETERMINE,DRIVING SKILLS/KNOWLEDGE/EXPERIENCE,0,0,0,0,7,6,8,691,ELSTON AVE,41.789438,-87.699484,08/25/2017 07:31:00 AM,2017
CR00039001,09/11/2018 12:50:00 PM,30,RAIN,DUSK,SIDESWIPE SAME DIRECTION,T-INTERSECTION,TRAFFIC SIGNAL,UNABLE TO DETERMINE,DRIVING SKILLS/KNOWLEDGE/EXPERIENCE,0,0,0,0,12,3,9,663,BROADWAY,41.716494,-87.77132,09/11/2018 02:02:00 PM,2018
CR00039002,09/07/2024 07:36:00 AM,35,CLEAR,DARKNESS - LIGHTED ROAD,REAR END,DIVIDED - W/MEDIAN BARRIER,STOP SIGN/FLASHER,UNABLE TO DETERMINE,FAILING TO REDUCE SPEED,0,1,1,2,7,7,9,1138,DAMEN AVE,41.820836,-87.783355,09/07/2024 08:06:00 AM,2024
CR00039003,04/19/2024 08:52:00 AM,40,FOG/SMOKE/HAZE,DAYLIGHT,ANGLE,ONE-WAY,STOP SIGN/FLASHER,FOLLOWING TOO CLOSELY,UNABLE TO DETERMINE,0,0,2,2,8,6,4,1018,FULLERTON AVE,41.79758,-87.64795,04/19/2024 10:16:00 AM,2024
CR00039004,09/19/2021 08:24:00 AM,35,CLOUDY/OVERCAST,DAYLIGHT,REAR TO FRONT,ONE-WAY,TRAFFIC SIGNAL,DISTRACTION - FROM INSIDE VEHICLE,UNABLE TO DETERMINE,0,0,0,0,8,1,9,2520,79TH ST,41.814122,-87.693348,09/19/2021 10:17:00 AM,2021
CR00039005,12/03/2019 08:38:00 AM,25,RAIN,DAYLIGHT,TURNING,NOT DIVIDED,PEDESTRIAN CROSSING SIGN,UNABLE TO DETERMINE,UNABLE TO DETERMINE,0,0,1,1,8,3,12,1697,ARCHER AVE,41.738621,-87.661989,12/03/2019 09:13:00 AM,2019
CR00039006,06/02/2022 05:34:00 AM,25,CLEAR,DARKNESS,ANGLE,NOT DIVIDED,STOP SIGN/FLASHER,FOLLOWING TOO CLOSELY,FOLLOWING TOO CLOSELY,0,1,3,4,5,5,6,1049,MICHIGAN AVE,41.975307,-87.763744,06/02/2022 06:00:00 AM,2022
CR00039007,02/12/2022 08:48:00 AM,20,CLEAR,DAYLIGHT,SIDESWIPE SAME DIRECTION,DIVIDED - W/MEDIAN (NOT RAISED),NO CONTROLS,FAILING TO REDUCE SPEED,IMPROPER OVERTAKING/PASSING,0,0,0,0,8,7,2,1495,ROOSEVELT RD,41.733101,-87.726029,02/12/2022 10:40:00 AM,2022
CR00039008,09/20/2015 03:01:00 PM,25,CLEAR,DAYLIGHT,SIDESWIPE SAME DIRECTION,ONE-WAY,STOP SIGN/FLASHER,FAILING TO YIELD RIGHT-OF-WAY,FAILING TO YIELD RIGHT-OF-WAY,0,0,0,0,15,1,9,2451,IRVING PARK RD,41.833734,-87.756531,09/20/2015 03:53:00 PM,2015
CR00039009,04/21/2017 12:55:00 PM,35,CLEAR,DUSK,REAR END,DIVIDED - W/MEDIAN (NOT RAISED),NO CONTROLS,FAILING TO YIELD RIGHT-OF-WAY,WEATHER,0,0,0,0,12,6,4,265,CALIFORNIA AVE,41.869519,-87.789709,04/21/2017 01:11:00 PM,2017
CR00039010,09/27/2015 07:03:00 AM,35,CLEAR,DARKNESS - LIGHTED ROAD,ANGLE,NOT DIVIDED,TRAFFIC SIGNAL,UNABLE TO DETERMINE,IMPROPER OVERTAKING/PASSING,0,0,0,0,7,1,9,2349,HALSTED ST,41.852973,-87.500929,09/27/2015 08:28:00 AM,2015