CRASH_RECORD_ID,CRASH_DATE,POSTED_SPEED_LIMIT,WEATHER_CONDITION,LIGHTING_CONDITION,FIRST_CRASH_TYPE,TRAFFICWAY_TYPE,TRAFFIC_CONTROL_DEVICE,PRIM_CONTRIBUTORY_CAUSE,SEC_CONTRIBUTORY_CAUSE,INJURIES_FATAL,INJURIES_INCAPACITATING,INJURIES_NON_INCAPACITATING,INJURIES_TOTAL,CRASH_HOUR,CRASH_DAY_OF_WEEK,CRASH_MONTH,BEAT_OF_OCCURRENCE,STREET_NAME,LATITUDE,LONGITUDE,DATE_POLICE_NOTIFIED,year
CR00039011,08/10/2020 08:33:00 PM,30,CLEAR,DAYLIGHT,SIDESWIPE SAME DIRECTION,FOUR WAY,TRAFFIC SIGNAL,UNABLE TO DETERMINE,FAILING TO YIELD RIGHT-OF-WAY,0,0,0,0,20,2,8,1027,ELSTON AVE,41.909814,-87.713835,08/10/2020 09:25:00 PM,2020
CR00039012,03/27/2021 09:53:00 AM,35,CLEAR,DAYLIGHT,REAR END,ONE-WAY,NO CONTROLS,FAILING TO REDUCE SPEED,FOLLOWING TOO CLOSELY,0,0,0,0,9,7,3,413,STATE ST,41.852304,-87.824946,03/27/2021 11:15:00 AM,2021
CR00039013,03/22/2023 02:41:00 PM,30,CLEAR,DAYLIGHT,REAR END,ONE-WAY,NO CONTROLS,UNABLE TO DETERMINE,UNABLE TO DETERMINE,0,0,0,0,14,4,3,1812,LAKE SHORE DR,41.939344,-87.553022,03/22/2023 04:39:00 PM,2023
CR00039014,05/31/2024 08:02:00 AM,20,FOG/SMOKE/HAZE,DAYLIGHT,SIDESWIPE SAME DIRECTION,DIVIDED - W/MEDIAN BARRIER,NO CONTROLS,FAILING TO YIELD RIGHT-OF-WAY,WEATHER,0,0,0,0,8,6,5,391,HALSTED ST,41.830939,-87.814928,05/31/2024 08:56:00 AM,2024
CR00039015,02/14/2020 12:30:00 AM,40,CLEAR,DAYLIGHT,ANGLE,ONE-WAY,NO CONTROLS,UNABLE TO DETERMINE,DRIVING SKILLS/KNOWLEDGE/EXPERIENCE,0,0,0,0,0,6,2,800,MILWAUKEE AVE,41.715792,-87.839158,02/14/2020 02:03:00 AM,2020
CR00039016,07/31/2016 08:53:00 AM,15,CLEAR,DAYLIGHT,REAR END,FOUR WAY,NO CONTROLS,DISTRACTION - FROM INSIDE VEHICLE,NOT APPLICABLE,0,0,0,0,8,1,7,641,STATE ST,41.925509,-87.528232,07/31/2016 09:03:00 AM,2016
CR00039017,12/15/2018 03:17:00 PM,20,CLEAR,DAYLIGHT,TURNING,FOUR WAY,NO CONTROLS,FOLLOWING TOO CLOSELY,FOLLOWING TOO CLOSELY,0,0,0,0,15,7,12,292,ASHLAND AVE,41.727551,-87.649997,12/15/2018 03:36:00 PM,2018
CR00039018,07/10/2019 07:49:00 AM,30,CLEAR,DAYLIGHT,TURNING,DIVIDED - W/MEDIAN (NOT RAISED),NO CONTROLS,FOLLOWING TOO CLOSELY,UNABLE TO DETERMINE,0,0,0,0,7,4,7,1259,47TH ST,41.952972,-87.784766,07/10/2019 09:11:00 AM,2019
CR00039019,10/17/2018 10:31:00 AM,20,CLEAR,DAYLIGHT,PEDESTRIAN,ONE-WAY,NO CONTROLS,FAILING TO YIELD RIGHT-OF-WAY,UNABLE TO DETERMINE,0,0,0,0,10,4,10,601,ARCHER AVE,41.93327,-87.546115,10/17/2018 12:01:00 PM,2018
CR00039020,03/15/2015 07:33:00 AM,35,CLEAR,DAYLIGHT,TURNING,T-INTERSECTION,STOP SIGN/FLASHER,DRIVING SKILLS/KNOWLEDGE/EXPERIENCE,NOT APPLICABLE,0,0,0,0,7,1,3,1341,LAKE SHORE DR,41.834938,-87.540954,03/15/2015 08:02:00 AM,2015
CR00039021,06/24/2021 03:41:00 PM,20,CLEAR,DAYLIGHT,PARKED MOTOR VEHICLE,FOUR WAY,TRAFFIC SIGNAL,DRIVING SKILLS/KNOWLEDGE/EXPERIENCE,UNABLE TO DETERMINE,0,0,0,0,15,5,6,1394,DAMEN AVE,41.78669,-87.522549,06/24/2021 04:32:00 PM,2021
CR00039022,10/23/2019 09:00:00 PM,25,CLEAR,DAYLIGHT,PEDESTRIAN,NOT DIVIDED,TRAFFIC SIGNAL,FAILING TO REDUCE SPEED,DRIVING SKILLS/KNOWLEDGE/EXPERIENCE,0,1,0,1,21,4,10,576,ARCHER AVE,41.859103,-87.504035,10/23/2019 09:15:00 PM,2019
CR00039023,02/14/2019 09:17:00 AM,45,CLEAR,DAYLIGHT,ANGLE,DIVIDED - W/MEDIAN BARRIER,UNKNOWN,DRIVING SKILLS/KNOWLEDGE/EXPERIENCE,UNABLE TO DETERMINE,0,0,0,0,9,5,2,2466,LAKE SHORE DR,41.810875,-87.518763,02/14/2019 11:17:00 AM,2019
CR00039024,08/12/2017 03:43:00 PM,40,SNOW,DAYLIGHT,SIDESWIPE SAME DIRECTION,DIVIDED - W/MEDIAN (NOT RAISED),NO CONTROLS,UNABLE TO DETERMINE,UNABLE TO DETERMINE,0,0,0,0,15,7,8,741,OGDEN AVE,41.946305,-87.823697,08/12/2017 05:39:00 PM,2017
CR00039025,11/01/2023 01:10:00 AM,30,CLEAR,DAYLIGHT,SIDESWIPE SAME DIRECTION,ONE-WAY,UNKNOWN,DISTRACTION - FROM INSIDE VEHICLE,UNABLE TO DETERMINE,0,0,1,1,1,4,11,1443,MICHIGAN AVE,41.735501,-87.677171,11/01/2023 01:45:00 AM,2023
CR00039026,04/03/2024 05:57:00 PM,30,CLEAR,DAYLIGHT,REAR END,DIVIDED - W/MEDIAN (NOT RAISED),STOP SIGN/FLASHER,FAILING TO REDUCE SPEED,NOT APPLICABLE,0,0,0,0,17,4,4,2206,ROOSEVELT RD,41.724749,-87.51542,04/03/2024 06:42:00 PM,2024
CR00039027,10/07/2019 12:01:00 PM,40,CLEAR,DARKNESS,ANGLE,NOT DIVIDED,TRAFFIC SIGNAL,DISTRACTION - FROM INSIDE VEHICLE,UNABLE TO DETERMINE,0,0,0,0,12,2,10,1156,MICHIGAN AVE,41.998797,-87.546041,10/07/2019 12:28:00 PM,2019
CR00039028,01/28/2020 08:33:00 PM,35,CLEAR,DAYLIGHT,SIDESWIPE SAME DIRECTION,ONE-WAY,TRAFFIC SIGNAL,IMPROPER OVERTAKING/PASSING,UNABLE TO DETERMINE,0,0,0,0,20,3,1,1262,ASHLAND AVE,41.848548,-87.671484,01/28/2020 09:37:00 PM,2020
CR00039029,11/26/2021 08:06:00 AM,40,CLEAR,DAYLIGHT,ANGLE,DIVIDED - W/MEDIAN (NOT RAISED),NO CONTROLS,FOLLOWING TOO CLOSELY,IMPROPER OVERTAKING/PASSING,0,0,0,0,8,6,11,540,PULASKI RD,41.836269,-87.507323,11/26/2021 09:26:00 AM,2021
CR00039030,08/10/2018 02:21:00 PM,40,FOG/SMOKE/HAZE,DAYLIGHT,TURNING,NOT DIVIDED,NO CONTROLS,UNABLE TO DETERMINE,DISTRACTION - FROM INSIDE VEHICLE,0,0,0,0,14,6,8,537,KEDZIE AVE,41.971268,-87.599373,08/10/2018 03:28:00 PM,2018
CR00039031,10/01/2015 03:25:00 PM,30,RAIN,DAYLIGHT,TURNING,NOT DIVIDED,NO CONTROLS,IMPROPER OVERTAKING/PASSING,UNABLE TO DETERMINE,0,0,0,0,15,5,10,100,CICERO AVE,41.762502,-87.73661,10/01/2015 04:21:00 PM,2015
CR00039032,06/26/2019 01:02:00 AM,15,RAIN,DARKNESS - LIGHTED ROAD,ANGLE,NOT DIVIDED,NO CONTROLS,UNABLE TO DETERMINE,IMPROPER OVERTAKING/PASSING,0,0,0,0,1,4,6,1046,CICERO AVE,41.850136,-87.50787,06/26/2019 01:25:00 AM,2019
CR00039033,01/05/2020 06:05:00 PM,35,CLEAR,DAYLIGHT,REAR TO FRONT,ONE-WAY,STOP SIGN/FLASHER,UNABLE TO DETERMINE,UNABLE TO DETERMINE,0,0,0,0,18,1,1,186,LAKE SHORE DR,41.904653,-87.622658,01/05/2020 06:30:00 PM,2020
CR00039034,01/16/2015 11:03:00 AM,45,RAIN,DARKNESS - LIGHTED ROAD,TURNING,NOT DIVIDED,YIELD,FAILING TO REDUCE SPEED,UNABLE TO DETERMINE,0,0,0,0,11,6,1,510,FULLERTON AVE,41.931734,-87.524151,01/16/2015 12:21:00 PM,2015
CR00039035,03/11/2023 07:07:00 AM,15,CLOUDY/OVERCAST,DAYLIGHT,ANGLE,DIVIDED - W/MEDIAN (NOT RAISED),TRAFFIC SIGNAL,DISREGARDING TRAFFIC SIGNALS,IMPROPER OVERTAKING/PASSING,0,0,0,0,7,7,3,249,HALSTED ST,41.85977,-87.758061,03/11/2023 07:50:00 AM,2023
CR00039036,01/29/2023 01:59:00 PM,20,CLEAR,DARKNESS - LIGHTED ROAD,REAR END,DIVIDED - W/MEDIAN BARRIER,NO CONTROLS,IMPROPER OVERTAKING/PASSING,UNABLE TO DETERMINE,0,0,2,2,13,1,1,1191,WESTERN AVE,41.753065,-87.764024,01/29/2023 03:52:00 PM,2023
CR00039037,03/12/2023 06:44:00 PM,15,CLEAR,DAYLIGHT,PARKED MOTOR VEHICLE,DIVIDED - W/MEDIAN BARRIER,TRAFFIC SIGNAL,UNABLE TO DETERMINE,NOT APPLICABLE,0,0,1,1,18,1,3,2324,LAKE SHORE DR,41.987285,-87.736524,03/12/2023 08:23:00 PM,2023
CR00039038,09/23/2018 07:22:00 AM,35,CLEAR,DAYLIGHT,ANGLE,NOT DIVIDED,STOP SIGN/FLASHER,IMPROPER OVERTAKING/PASSING,UNABLE TO DETERMINE,0,0,1,1,7,1,9,444,KEDZIE AVE,41.974929,-87.837103,09/23/2018 07:44:00 AM,2018
CR00039039,09/12/2023 08:15:00 PM,35,CLEAR,DAYLIGHT,TURNING,ONE-WAY,STOP SIGN/FLASHER,FOLLOWING TOO CLOSELY,UNABLE TO DETERMINE,0,0,0,0,20,3,9,1330,OGDEN AVE,41.887095,-87.713677,09/12/2023 09:55:00 PM,2023
CR00039040,02/19/2016 12:40:00 AM,35,CLEAR,DARKNESS - LIGHTED ROAD,SIDESWIPE SAME DIRECTION,NOT DIVIDED,STOP SIGN/FLASHER,FAILING TO YIELD RIGHT-OF-WAY,UNABLE TO DETERMINE,0,0,1,1,0,6,2,1427,MILWAUKEE AVE,41.873022,-87.694699,02/19/2016 02:00:00 AM,2016
CR00039041,10/28/2016 05:49:00 PM,35,CLEAR,DARKNESS - LIGHTED ROAD,PARKED MOTOR VEHICLE,FOUR WAY,STOP SIGN/FLASHER,DRIVING SKILLS/KNOWLEDGE/EXPERIENCE,FAILING TO YIELD RIGHT-OF-WAY,0,1,2,3,17,6,10,1904,FULLERTON AVE,41.80131,-87.616992,10/28/2016 06:21:00 PM,2016
CR00039042,10/23/2024 05:42:00 PM,35,SNOW,DARKNESS - LIGHTED ROAD,ANGLE,DIVIDED - W/MEDIAN BARRIER,YIELD,UNABLE TO DETERMINE,NOT APPLICABLE,0,0,0,0,17,4,10,275,79TH ST,41.872008,-87.623434,10/23/2024 07:00:00 PM,2024
CR00039043,12/30/2023 01:50:00 PM,35,CLEAR,DAYLIGHT,SIDESWIPE SAME DIRECTION,NOT DIVIDED,PEDESTRIAN CROSSING SIGN,UNABLE TO DETERMINE,FOLLOWING TOO CLOSELY,0,0,0,0,13,7,12,491,IRVING PARK RD,41.724949,-87.504213,12/30/2023 02:45:00 PM,2023
CR00039044,06/01/2020 07:12:00 PM,20,CLOUDY/OVERCAST,DARKNESS - LIGHTED ROAD,ANGLE,FOUR WAY,PEDESTRIAN CROSSING SIGN,IMPROPER OVERTAKING/PASSING,UNABLE TO DETERMINE,0,0,0,0,19,2,6,2449,MILWAUKEE AVE,41.971313,-87.622842,06/01/2020 08:01:00 PM,2020
CR00039045,08/25/2018 12:09:00 AM,40,CLEAR,DARKNESS - LIGHTED ROAD,TURNING,ONE-WAY,UNKNOWN,UNABLE TO DETERMINE,NOT APPLICABLE,0,0,0,0,0,7,8,2503,CICERO AVE,41.789245,-87.806185,08/25/2018 12:10:00 AM,2018
CR00039046,02/10/2024 04:08:00 PM,35,CLEAR,DARKNESS,PARKED MOTOR VEHICLE,T-INTERSECTION,TRAFFIC SIGNAL,UNABLE TO DETERMINE,DISTRACTION - FROM INSIDE VEHICLE,0,0,1,1,16,7,2,1197,OGDEN AVE,41.931464,-87.618842,02/10/2024 04:11:00 PM,2024
CR00039047,01/10/2017 01:49:00 PM,30,CLEAR,DUSK,PARKED MOTOR VEHICLE,FOUR WAY,TRAFFIC SIGNAL,DRIVING SKILLS/KNOWLEDGE/EXPERIENCE,NOT APPLICABLE,0,0,0,0,13,3,1,2290,MICHIGAN AVE,41.862085,-87.846815,01/10/2017 02:56:00 PM,2017
CR00039048,08/27/2021 12:51:00 PM,35,CLEAR,DAYLIGHT,REAR END,NOT DIVIDED,TRAFFIC SIGNAL,DISREGARDING TRAFFIC SIGNALS,NOT APPLICABLE,0,0,0,0,12,6,8,399,MICHIGAN AVE,41.974012,-87.584781,08/27/2021 02:35:00 PM,2021
CR00039049,11/29/2020 04:06:00 PM,20,CLEAR,DAYLIGHT,PARKED MOTOR VEHICLE,ONE-WAY,NO CONTROLS,WEATHER,UNABLE TO DETERMINE,0,0,0,0,16,1,11,2224,47TH ST,41.742133,-87.654233,11/29/2020 04:15:00 PM,2020
CR00039050,10/05/2020 12:09:00 PM,35,CLOUDY/OVERCAST,DARKNESS - LIGHTED ROAD,PARKED MOTOR VEHICLE,DIVIDED - W/MEDIAN BARRIER,NO CONTROLS,DISTRACTION - FROM INSIDE VEHICLE,IMPROPER OVERTAKING/PASSING,0,0,0,0,12,2,10,958,WESTERN AVE,41.720436,-87.69536,10/05/2020 02:09:00 PM,2020
CR00039051,04/15/2022 02:27:00 AM,30,RAIN,DAYLIGHT,ANGLE,ONE-WAY,TRAFFIC SIGNAL,UNABLE TO DETERMINE,UNABLE TO DETERMINE,0,0,0,0,2,6,4,2197,79TH ST,41.711875,-87.786476,04/15/2022 04:11:00 AM,2022
CR00039052,07/05/2019 05:56:00 PM,30,CLEAR,DAYLIGHT,TURNING,DIVIDED - W/MEDIAN BARRIER,STOP SIGN/FLASHER,IMPROPER OVERTAKING/PASSING,FOLLOWING TOO CLOSELY,0,0,0,0,17,6,7,2173,KEDZIE AVE,41.78003,-87.671566,07/05/2019 07:05:00 PM,2019
CR00039053,01/20/2017 07:28:00 AM,30,CLEAR,DAYLIGHT,TURNING,ONE-WAY,TRAFFIC SIGNAL,FAILING TO REDUCE SPEED,UNABLE TO DETERMINE,0,0,0,0,7,6,1,2285,CLARK ST,41.782574,-87.572494,01/20/2017 09:01:00 AM,2017
CR00039054,02/16/2015 10:38:00 AM,40,CLEAR,DAYLIGHT,TURNING,NOT DIVIDED,NO CONTROLS,FOLLOWING TOO CLOSELY,UNABLE TO DETERMINE,0,0,0,0,10,2,2,1622,63RD ST,41.90017,-87.694831,02/16/2015 11:40:00 AM,2015
CR00039055,08/07/2017 08:11:00 AM,35,CLOUDY/OVERCAST,DARKNESS - LIGHTED ROAD,SIDESWIPE SAME DIRECTION,ONE-WAY,TRAFFIC SIGNAL,DISTRACTION - FROM INSIDE VEHICLE,UNABLE TO DETERMINE,0,0,0,0,8,2,8,320,STONY ISLAND AVE,41.932566,-87.845758,08/07/2017 09:02:00 AM,2017
CR00039056,02/02/2022 10:31:00 PM,20,CLEAR,DARKNESS,REAR END,FOUR WAY,PEDESTRIAN CROSSING SIGN,FAILING TO YIELD RIGHT-OF-WAY,UNABLE TO DETERMINE,0,0,0,0,22,4,2,217,CLARK ST,41.889392,-87.84826,02/03/2022 12:06:00 AM,2022
CR00039057,02/26/2019 03:50:00 PM,30,RAIN,DARKNESS - LIGHTED ROAD,PEDESTRIAN,DIVIDED - W/MEDIAN (NOT RAISED),NO CONTROLS,FOLLOWING TOO CLOSELY,FOLLOWING TOO CLOSELY,0,0,0,0,15,3,2,294,IRVING PARK RD,41.905831,-87.626613,02/26/2019 05:40:00 PM,2019
CR00039058,03/23/2015 04:36:00 AM,15,CLEAR,DAYLIGHT,SIDESWIPE SAME DIRECTION,NOT DIVIDED,UNKNOWN,FAILING TO YIELD RIGHT-OF-WAY,IMPROPER OVERTAKING/PASSING,0,0,0,0,4,2,3,1132,STATE ST,41.947548,-87.644458,03/23/2015 05:30:00 AM,2015
CR00039059,11/02/2024 10:55:00 AM,40,CLEAR,DAYLIGHT,TURNING,ONE-WAY,NO CONTROLS,DRIVING SKILLS/KNOWLEDGE/EXPERIENCE,DISTRACTION - FROM INSIDE VEHICLE,0,0,0,0,10,7,11,642,CICERO AVE,41.723586,-87.670296,11/02/2024 12:41:00 PM,2024
CR00039060,11/10/2019 03:48:00 AM,35,CLEAR,DAYLIGHT,TURNING,ONE-WAY,STOP SIGN/FLASHER,IMPROPER LANE USAGE,IMPROPER OVERTAKING/PASSING,0,0,0,0,3,1,11,509,63RD ST,41.749328,-87.619759,11/10/2019 03:56:00 AM,2019
CR00039061,11/21/2023 04:14:00 PM,20,CLEAR,DAYLIGHT,FIXED OBJECT,DIVIDED - W/MEDIAN (NOT RAISED),NO CONTROLS,UNABLE TO DETERMINE,NOT APPLICABLE,0,0,0,0,16,3,11,502,MILWAUKEE AVE,41.702332,-87.617412,11/21/2023 04:43:00 PM,2023
CR00039062,07/22/2019 06:07:00 AM,30,CLEAR,DAYLIGHT,ANGLE,DIVIDED - W/MEDIAN (NOT RAISED),NO CONTROLS,UNABLE TO DETERMINE,UNABLE TO DETERMINE,0,0,0,0,6,2,7,2144,LAKE SHORE DR,41.795113,-87.658248,07/22/2019 07:18:00 AM,2019
CR00039063,04/27/2017 06:18:00 PM,30,CLEAR,DARKNESS - LIGHTED ROAD,PARKED MOTOR VEHICLE,NOT DIVIDED,NO CONTROLS,DISTRACTION - FROM INSIDE VEHICLE,UNABLE TO DETERMINE,0,0,0,0,18,5,4,2038,79TH ST,41.88184,-87.565309,04/27/2017 07:36:00 PM,2017
CR00039064,01/04/2017 09:17:00 PM,30,CLEAR,DARKNESS - LIGHTED ROAD,REAR END,T-INTERSECTION,NO CONTROLS,UNABLE TO DETERMINE,FAILING TO YIELD RIGHT-OF-WAY,0,0,0,0,21,4,1,2191,CALIFORNIA AVE,41.944277,-87.705327,01/04/2017 10:02:00 PM,2017
CR00039065,09/12/2019 12:31:00 PM,35,CLEAR,DUSK,REAR END,DIVIDED - W/MEDIAN (NOT RAISED),NO CONTROLS,DISTRACTION - FROM INSIDE VEHICLE,FAILING TO REDUCE SPEED,0,0,0,0,12,5,9,2349,DIVISION ST,41.91638,-87.726676,09/12/2019 01:22:00 PM,2019
CR00039066,05/05/2018 06:04:00 AM,15,RAIN,DAYLIGHT,TURNING,FOUR WAY,STOP SIGN/FLASHER,FAILING TO REDUCE SPEED,FAILING TO YIELD RIGHT-OF-WAY,0,0,0,0,6,7,5,272,79TH ST,41.864145,-87.580137,05/05/2018 06:34:00 AM,2018
CR00039067,03/30/2023 08:28:00 AM,20,CLEAR,DAYLIGHT,SIDESWIPE SAME DIRECTION,T-INTERSECTION,TRAFFIC SIGNAL,UNABLE TO DETERMINE,FAILING TO REDUCE SPEED,0,0,1,1,8,5,3,2138,MILWAUKEE AVE,41.872687,-87.649239,03/30/2023 09:11:00 AM,2023
CR00039068,10/17/2015 04:46:00 PM,30,SNOW,DARKNESS - LIGHTED ROAD,REAR END,FOUR WAY,NO CONTROLS,DRIVING SKILLS/KNOWLEDGE/EXPERIENCE,NOT APPLICABLE,0,0,0,0,16,7,10,960,LAKE SHORE DR,41.885261,-87.509869,10/17/2015 06:03:00 PM,2015
CR00039069,09/21/2017 02:02:00 PM,40,CLEAR,DAYLIGHT,ANGLE,FOUR WAY,STOP SIGN/FLASHER,DISREGARDING TRAFFIC SIGNALS,DISTRACTION - FROM INSIDE VEHICLE,0,0,0,0,14,5,9,383,CICERO AVE,41.765366,-87.837584,09/21/2017 03:42:00 PM,2017
CR00039070,01/15/2022 04:16:00 PM,15,CLEAR,DAYLIGHT,ANGLE,DIVIDED - W/MEDIAN BARRIER,YIELD,DRIVING SKILLS/KNOWLEDGE/EXPERIENCE,UNABLE TO DETERMINE,0,2,1,3,16,7,1,596,STONY ISLAND AVE,41.884672,-87.56092,01/15/2022 05:59:00 PM,2022
CR00039071,09/16/2023 10:07:00 AM,20,CLEAR,DAYLIGHT,REAR END,T-INTERSECTION,STOP SIGN/FLASHER,FOLLOWING TOO CLOSELY,IMPROPER OVERTAKING/PASSING,0,0,0,0,10,7,9,1996,MILWAUKEE AVE,41.866288,-87.578605,09/16/2023 11:30:00 AM,2023
CR00039072,06/06/2018 01:36:00 PM,30,CLEAR,DAYLIGHT,PARKED MOTOR VEHICLE,DIVIDED - W/MEDIAN (NOT RAISED),TRAFFIC SIGNAL,FOLLOWING TOO CLOSELY,UNABLE TO DETERMINE,0,0,3,3,13,4,6,389,WESTERN AVE,41.822874,-87.772132,06/06/2018 02:53:00 PM,2018
CR00039073,11/20/2021 07:50:00 AM,30,CLEAR,DAYLIGHT,ANGLE,NOT DIVIDED,TRAFFIC SIGNAL,UNABLE TO DETERMINE,FOLLOWING TOO CLOSELY,0,0,0,0,7,7,11,2405,63RD ST,41.93097,-87.838739,11/20/2021 09:48:00 AM,2021
CR00039074,08/17/2015 11:24:00 AM,30,CLEAR,DARKNESS - LIGHTED ROAD,REAR END,ONE-WAY,TRAFFIC SIGNAL,IMPROPER OVERTAKING/PASSING,UNABLE TO DETERMINE,0,0,0,0,11,2,8,1418,BROADWAY,41.765379,-87.552784,08/17/2015 12:05:00 PM,2015
CR00039075,04/29/2023 08:25:00 PM,30,CLEAR,DAYLIGHT,REAR END,NOT DIVIDED,UNKNOWN,DISTRACTION - FROM INSIDE VEHICLE,FAILING TO YIELD RIGHT-OF-WAY,0,0,0,0,20,7,4,2508,63RD ST,41.885801,-87.532564,04/29/2023 09:00:00 PM,2023
CR00039076,07/25/2015 06:51:00 AM,40,CLEAR,DARKNESS - LIGHTED ROAD,ANGLE,T-INTERSECTION,TRAFFIC SIGNAL,FOLLOWING TOO CLOSELY,UNABLE TO DETERMINE,0,2,1,3,6,7,7,1166,BROADWAY,41.957573,-87.803496,07/25/2015 08:50:00 AM,2015
CR00039077,09/20/2016 05:04:00 AM,40,CLEAR,DAYLIGHT,TURNING,FOUR WAY,STOP SIGN/FLASHER,FAILING TO YIELD RIGHT-OF-WAY,NOT APPLICABLE,0,2,3,5,5,3,9,353,DIVISION ST,41.937537,-87.648302,09/20/2016 06:40:00 AM,2016
CR00039078,11/01/2018 05:25:00 PM,30,CLEAR,DAYLIGHT,REAR TO FRONT,DIVIDED - W/MEDIAN BARRIER,NO CONTROLS,FAILING TO YIELD RIGHT-OF-WAY,UNABLE TO DETERMINE,0,0,0,0,17,5,11,2479,ROOSEVELT RD,41.918142,-87.733694,11/01/2018 07:14:00 PM,2018
CR00039079,02/08/2015 03:35:00 PM,35,CLEAR,DAYLIGHT,PARKED MOTOR VEHICLE,DIVIDED - W/MEDIAN (NOT RAISED),UNKNOWN,WEATHER,FAILING TO REDUCE SPEED,0,0,3,3,15,1,2,219,WESTERN AVE,41.883358,-87.713525,02/08/2015 04:05:00 PM,2015
CR00039080,05/12/2016 06:35:00 PM,30,RAIN,DAYLIGHT,REAR TO FRONT,NOT DIVIDED,TRAFFIC SIGNAL,IMPROPER OVERTAKING/PASSING,IMPROPER LANE USAGE,0,0,0,0,18,5,5,1622,ARCHER AVE,41.915702,-87.692836,05/12/2016 07:10:00 PM,2016
CR00039081,03/19/2017 07:53:00 AM,30,RAIN,DAYLIGHT,REAR END,NOT DIVIDED,NO CONTROLS,DISREGARDING TRAFFIC SIGNALS,DISTRACTION - FROM INSIDE VEHICLE,0,0,3,3,7,1,3,1808,ARCHER AVE,41.734934,-87.789893,03/19/2017 09:31:00 AM,2017
CR00039082,02/07/2015 10:01:00 AM,30,CLEAR,DAWN,TURNING,DIVIDED - W/MEDIAN BARRIER,NO CONTROLS,FAILING TO YIELD RIGHT-OF-WAY,UNABLE TO DETERMINE,0,0,0,0,10,7,2,2240,47TH ST,41.924482,-87.654126,02/07/2015 10:34:00 AM,2015
CR00039083,08/11/2016 02:30:00 AM,45,RAIN,DARKNESS - LIGHTED ROAD,SIDESWIPE SAME DIRECTION,DIVIDED - W/MEDIAN BARRIER,NO CONTROLS,UNABLE TO DETERMINE,UNABLE TO DETERMINE,0,0,0,0,2,5,8,101,79TH ST,41.903462,-87.666144,08/11/2016 04:14:00 AM,2016
CR00039084,02/11/2016 05:38:00 PM,40,CLEAR,DAYLIGHT,FIXED OBJECT,FOUR WAY,UNKNOWN,UNABLE TO DETERMINE,FOLLOWING TOO CLOSELY,0,0,0,0,17,5,2,1550,STONY ISLAND AVE,41.740862,-87.608637,02/11/2016 06:34:00 PM,2016
CR00039085,07/07/2019 01:19:00 PM,20,CLEAR,DAYLIGHT,SIDESWIPE SAME DIRECTION,NOT DIVIDED,TRAFFIC SIGNAL,UNABLE TO DETERMINE,NOT APPLICABLE,0,0,0,0,13,1,7,1359,CLARK ST,41.953698,-87.745964,07/07/2019 02:14:00 PM,2019
CR00039086,05/23/2016 05:30:00 PM,30,RAIN,DARKNESS - LIGHTED ROAD,REAR END,ONE-WAY,UNKNOWN,FAILING TO YIELD RIGHT-OF-WAY,IMPROPER LANE USAGE,0,0,0,0,17,2,5,2332,CICERO AVE,41.795033,-87.51074,05/23/2016 06:27:00 PM,2016
CR00039087,02/02/2020 06:01:00 PM,20,SNOW,DARKNESS - LIGHTED ROAD,SIDESWIPE SAME DIRECTION,DIVIDED - W/MEDIAN (NOT RAISED),TRAFFIC SIGNAL,FAILING TO REDUCE SPEED,FOLLOWING TOO CLOSELY,0,0,0,0,18,1,2,1668,47TH ST,41.75323,-87.54874,02/02/2020 07:57:00 PM,2020
CR00039088,12/22/2017 02:27:00 AM,30,CLEAR,DUSK,TURNING,NOT DIVIDED,NO CONTROLS,UNABLE TO DETERMINE,DRIVING SKILLS/KNOWLEDGE/EXPERIENCE,0,0,0,0,2,6,12,398,IRVING PARK RD,41.826498,-87.539539,12/22/2017 03:40:00 AM,2017
CR00039089,01/08/2015 04:41:00 PM,30,CLEAR,DUSK,TURNING,NOT DIVIDED,TRAFFIC SIGNAL,DRIVING SKILLS/KNOWLEDGE/EXPERIENCE,FAILING TO YIELD RIGHT-OF-WAY,0,0,0,0,16,5,1,1578,STATE ST,41.826349,-87.522733,01/08/2015 05:41:00 PM,2015
CR00039090,03/21/2016 01:50:00 PM,30,CLEAR,DAYLIGHT,SIDESWIPE SAME DIRECTION,ONE-WAY,TRAFFIC SIGNAL,FAILING TO REDUCE SPEED,DISTRACTION - FROM INSIDE VEHICLE,0,0,0,0,13,2,3,1128,ASHLAND AVE,41.792166,-87.62378,03/21/2016 02:34:00 PM,2016
CR00039091,12/10/2018 01:28:00 AM,40,CLEAR,DAYLIGHT,TURNING,NOT DIVIDED,NO CONTROLS,FAILING TO YIELD RIGHT-OF-WAY,DISREGARDING TRAFFIC SIGNALS,0,0,1,1,1,2,12,1896,OGDEN AVE,41.73375,-87.843888,12/10/2018 02:01:00 AM,2018
CR00039092,09/27/2022 10:42:00 AM,30,FOG/SMOKE/HAZE,DAYLIGHT,PARKED MOTOR VEHICLE,FOUR WAY,UNKNOWN,DISTRACTION - FROM INSIDE VEHICLE,IMPROPER OVERTAKING/PASSING,0,0,0,0,10,3,9,2268,STATE ST,41.811258,-87.721497,09/27/2022 10:50:00 AM,2022
CR00039093,06/20/2023 04:34:00 PM,30,CLEAR,DAYLIGHT,REAR END,DIVIDED - W/MEDIAN (NOT RAISED),NO CONTROLS,WEATHER,UNABLE TO DETERMINE,0,0,0,0,16,3,6,1304,STATE ST,41.835669,-87.670125,06/20/2023 04:43:00 PM,2023