CRASH_RECORD_ID,CRASH_DATE,POSTED_SPEED_LIMIT,WEATHER_CONDITION,LIGHTING_CONDITION,FIRST_CRASH_TYPE,TRAFFICWAY_TYPE,TRAFFIC_CONTROL_DEVICE,PRIM_CONTRIBUTORY_CAUSE,SEC_CONTRIBUTORY_CAUSE,INJURIES_FATAL,INJURIES_INCAPACITATING,INJURIES_NON_INCAPACITATING,INJURIES_TOTAL,CRASH_HOUR,CRASH_DAY_OF_WEEK,CRASH_MONTH,BEAT_OF_OCCURRENCE,STREET_NAME,LATITUDE,LONGITUDE,DATE_POLICE_NOTIFIED,year
CR00039094,05/22/2019 07:25:00 AM,35,CLOUDY/OVERCAST,DARKNESS - LIGHTED ROAD,PARKED MOTOR VEHICLE,DIVIDED - W/MEDIAN BARRIER,NO CONTROLS,DISTRACTION - FROM INSIDE VEHICLE,IMPROPER OVERTAKING/PASSING,0,0,0,0,7,4,5,2505,CALIFORNIA AVE,41.888321,-87.849765,05/22/2019 09:19:00 AM,2019
CR00039095,01/12/2019 04:00:00 PM,15,CLOUDY/OVERCAST,DAYLIGHT,REAR END,FOUR WAY,NO CONTROLS,UNABLE TO DETERMINE,UNABLE TO DETERMINE,0,0,0,0,16,7,1,2023,IRVING PARK RD,41.827692,-87.639149,01/12/2019 04:07:00 PM,2019
CR00039096,01/26/2024 04:58:00 AM,45,CLEAR,DARKNESS,TURNING,DIVIDED - W/MEDIAN (NOT RAISED),NO CONTROLS,DRIVING SKILLS/KNOWLEDGE/EXPERIENCE,IMPROPER OVERTAKING/PASSING,0,0,0,0,4,6,1,1365,79TH ST,41.731769,-87.606715,01/26/2024 06:14:00 AM,2024
CR00039097,06/12/2023 01:09:00 PM,30,CLEAR,DAYLIGHT,PEDESTRIAN,DIVIDED - W/MEDIAN BARRIER,STOP SIGN/FLASHER,IMPROPER LANE USAGE,DRIVING SKILLS/KNOWLEDGE/EXPERIENCE,0,0,1,1,13,2,6,2114,HALSTED ST,41.703817,-87.78477,06/12/2023 03:05:00 PM,2023
CR00039098,10/27/2015 11:42:00 AM,35,CLEAR,DARKNESS - LIGHTED ROAD,ANGLE,NOT DIVIDED,NO CONTROLS,FAILING TO REDUCE SPEED,DISTRACTION - FROM INSIDE VEHICLE,0,0,0,0,11,3,10,401,MICHIGAN AVE,41.731226,-87.559204,10/27/2015 12:12:00 PM,2015
CR00039099,09/02/2020 08:04:00 AM,30,CLOUDY/OVERCAST,DARKNESS,SIDESWIPE SAME DIRECTION,NOT DIVIDED,TRAFFIC SIGNAL,DRIVING SKILLS/KNOWLEDGE/EXPERIENCE,NOT APPLICABLE,0,0,0,0,8,4,9,1194,OGDEN AVE,41.979502,-87.822426,09/02/2020 09:00:00 AM,2020
CR00039100,04/03/2017 03:53:00 PM,35,CLEAR,DAYLIGHT,REAR END,T-INTERSECTION,STOP SIGN/FLASHER,WEATHER,UNABLE TO DETERMINE,0,0,0,0,15,2,4,2365,IRVING PARK RD,41.999429,-87.63319,04/03/2017 04:52:00 PM,2017
CR00039101,10/26/2015 09:59:00 AM,30,CLEAR,DUSK,REAR END,NOT DIVIDED,STOP SIGN/FLASHER,WEATHER,UNABLE TO DETERMINE,0,0,0,0,9,2,10,922,ASHLAND AVE,41.898538,-87.574651,10/26/2015 11:42:00 AM,2015
CR00039102,03/09/2024 06:21:00 PM,20,CLEAR,DARKNESS - LIGHTED ROAD,TURNING,DIVIDED - W/MEDIAN BARRIER,NO CONTROLS,DISTRACTION - FROM INSIDE VEHICLE,UNABLE TO DETERMINE,0,0,0,0,18,7,3,1334,CLARK ST,41.996798,-87.715051,03/09/2024 06:24:00 PM,2024
CR00039103,03/10/2024 02:08:00 PM,30,CLEAR,DARKNESS,FIXED OBJECT,DIVIDED - W/MEDIAN BARRIER,NO CONTROLS,UNABLE TO DETERMINE,FAILING TO YIELD RIGHT-OF-WAY,0,0,0,0,14,1,3,1405,STATE ST,41.821959,-87.51884,03/10/2024 03:51:00 PM,2024
CR00039104,04/08/2018 07:06:00 AM,20,CLOUDY/OVERCAST,DARKNESS - LIGHTED ROAD,TURNING,DIVIDED - W/MEDIAN (NOT RAISED),STOP SIGN/FLASHER,IMPROPER LANE USAGE,NOT APPLICABLE,0,0,0,0,7,1,4,2073,STATE ST,41.730045,-87.666595,04/08/2018 08:22:00 AM,2018
CR00039105,08/15/2016 08:43:00 PM,35,CLEAR,DAYLIGHT,REAR TO FRONT,DIVIDED - W/MEDIAN BARRIER,NO CONTROLS,UNABLE TO DETERMINE,UNABLE TO DETERMINE,0,0,0,0,20,2,8,1419,MILWAUKEE AVE,41.773506,-87.602594,08/15/2016 09:39:00 PM,2016
CR00039106,05/04/2022 01:50:00 AM,20,CLEAR,DAYLIGHT,REAR END,NOT DIVIDED,TRAFFIC SIGNAL,DRIVING SKILLS/KNOWLEDGE/EXPERIENCE,FAILING TO YIELD RIGHT-OF-WAY,0,0,0,0,1,4,5,1752,LAKE SHORE DR,41.977809,-87.77965,05/04/2022 02:29:00 AM,2022
CR00039107,07/02/2017 09:53:00 PM,20,CLEAR,DARKNESS - LIGHTED ROAD,TURNING,DIVIDED - W/MEDIAN (NOT RAISED),TRAFFIC SIGNAL,DRIVING SKILLS/KNOWLEDGE/EXPERIENCE,FAILING TO YIELD RIGHT-OF-WAY,0,0,0,0,21,1,7,1223,CICERO AVE,41.812945,-87.832977,07/02/2017 11:02:00 PM,2017
CR00039108,12/23/2015 10:49:00 AM,15,SNOW,DAYLIGHT,PARKED MOTOR VEHICLE,ONE-WAY,PEDESTRIAN CROSSING SIGN,IMPROPER LANE USAGE,NOT APPLICABLE,0,0,0,0,10,4,12,753,47TH ST,41.752396,-87.693983,12/23/2015 12:05:00 PM,2015
CR00039109,05/03/2023 02:16:00 AM,20,CLEAR,DAYLIGHT,ANGLE,T-INTERSECTION,NO CONTROLS,FAILING TO YIELD RIGHT-OF-WAY,FAILING TO REDUCE SPEED,0,0,0,0,2,4,5,105,47TH ST,41.980246,-87.677206,05/03/2023 02:46:00 AM,2023
CR00039110,09/16/2023 07:19:00 PM,30,CLEAR,DAYLIGHT,REAR END,ONE-WAY,STOP SIGN/FLASHER,UNABLE TO DETERMINE,FAILING TO REDUCE SPEED,0,0,0,0,19,7,9,2240,KEDZIE AVE,41.91995,-87.800927,09/16/2023 07:21:00 PM,2023
CR00039111,02/02/2021 03:31:00 PM,25,RAIN,DAYLIGHT,REAR END,ONE-WAY,NO CONTROLS,UNABLE TO DETERMINE,UNABLE TO DETERMINE,0,0,0,0,15,3,2,1170,IRVING PARK RD,41.704183,-87.672114,02/02/2021 05:20:00 PM,2021
CR00039112,09/08/2021 07:29:00 AM,25,CLEAR,DAYLIGHT,SIDESWIPE SAME DIRECTION,ONE-WAY,UNKNOWN,UNABLE TO DETERMINE,FAILING TO REDUCE SPEED,0,0,0,0,7,4,9,1764,ASHLAND AVE,41.923107,-87.809723,09/08/2021 07:46:00 AM,2021
CR00039113,02/20/2017 05:36:00 AM,30,CLEAR,DAYLIGHT,REAR END,ONE-WAY,TRAFFIC SIGNAL,FAILING TO YIELD RIGHT-OF-WAY,UNABLE TO DETERMINE,0,0,0,0,5,2,2,2281,MICHIGAN AVE,41.877239,-87.829018,02/20/2017 06:25:00 AM,2017
CR00039114,08/08/2022 03:44:00 PM,35,SNOW,DAYLIGHT,REAR END,DIVIDED - W/MEDIAN (NOT RAISED),NO CONTROLS,FOLLOWING TOO CLOSELY,UNABLE TO DETERMINE,0,0,0,0,15,2,8,766,PULASKI RD,41.92298,-87.710987,08/08/2022 04:48:00 PM,2022
CR00039115,06/10/2017 02:15:00 PM,30,CLOUDY/OVERCAST,DARKNESS - LIGHTED ROAD,TURNING,DIVIDED - W/MEDIAN BARRIER,PEDESTRIAN CROSSING SIGN,DISREGARDING TRAFFIC SIGNALS,FAILING TO REDUCE SPEED,0,0,0,0,14,7,6,2086,ARCHER AVE,41.870963,-87.778589,06/10/2017 02:25:00 PM,2017
CR00039116,04/14/2018 01:01:00 AM,30,CLEAR,DAWN,REAR TO FRONT,NOT DIVIDED,NO CONTROLS,FAILING TO YIELD RIGHT-OF-WAY,UNABLE TO DETERMINE,0,0,1,1,1,7,4,126,ROOSEVELT RD,41.944463,-87.515625,04/14/2018 01:21:00 AM,2018
CR00039117,10/04/2018 01:39:00 PM,15,CLEAR,DAWN,SIDESWIPE SAME DIRECTION,NOT DIVIDED,NO CONTROLS,DISTRACTION - FROM INSIDE VEHICLE,DISREGARDING TRAFFIC SIGNALS,0,0,0,0,13,5,10,1543,KEDZIE AVE,41.941538,-87.708647,10/04/2018 02:51:00 PM,2018
CR00039118,07/19/2015 03:33:00 AM,20,CLEAR,DAYLIGHT,SIDESWIPE SAME DIRECTION,DIVIDED - W/MEDIAN (NOT RAISED),NO CONTROLS,UNABLE TO DETERMINE,FOLLOWING TOO CLOSELY,0,0,0,0,3,1,7,1994,IRVING PARK RD,41.863918,-87.520828,07/19/2015 04:16:00 AM,2015
CR00039119,05/04/2016 04:06:00 PM,15,CLOUDY/OVERCAST,DARKNESS,FIXED OBJECT,DIVIDED - W/MEDIAN BARRIER,STOP SIGN/FLASHER,FAILING TO REDUCE SPEED,NOT APPLICABLE,0,0,0,0,16,4,5,112,CALIFORNIA AVE,41.731741,-87.526076,05/04/2016 05:38:00 PM,2016
CR00039120,08/15/2019 09:20:00 AM,45,CLOUDY/OVERCAST,DAYLIGHT,PARKED MOTOR VEHICLE,DIVIDED - W/MEDIAN (NOT RAISED),STOP SIGN/FLASHER,DISREGARDING TRAFFIC SIGNALS,FAILING TO YIELD RIGHT-OF-WAY,0,0,0,0,9,5,8,424,ASHLAND AVE,41.773245,-87.801997,08/15/2019 09:26:00 AM,2019
CR00039121,08/14/2015 03:30:00 PM,35,RAIN,DAYLIGHT,TURNING,FOUR WAY,NO CONTROLS,UNABLE TO DETERMINE,DISTRACTION - FROM INSIDE VEHICLE,0,0,0,0,15,6,8,477,79TH ST,41.740647,-87.563206,08/14/2015 04:03:00 PM,2015
CR00039122,08/26/2024 01:09:00 PM,30,CLEAR,DAYLIGHT,REAR END,NOT DIVIDED,STOP SIGN/FLASHER,DISREGARDING TRAFFIC SIGNALS,DRIVING SKILLS/KNOWLEDGE/EXPERIENCE,0,0,0,0,13,2,8,661,DIVISION ST,41.907854,-87.778965,08/26/2024 01:45:00 PM,2024
CR00039123,05/25/2018 08:46:00 AM,35,CLEAR,DAYLIGHT,REAR END,DIVIDED - W/MEDIAN (NOT RAISED),STOP SIGN/FLASHER,UNABLE TO DETERMINE,UNABLE TO DETERMINE,0,0,0,0,8,6,5,1875,FULLERTON AVE,41.702966,-87.566193,05/25/2018 10:22:00 AM,2018
CR00039124,10/24/2016 04:59:00 PM,15,RAIN,DAYLIGHT,SIDESWIPE SAME DIRECTION,NOT DIVIDED,NO CONTROLS,IMPROPER LANE USAGE,DISREGARDING TRAFFIC SIGNALS,0,0,0,0,16,2,10,2467,FULLERTON AVE,41.983964,-87.846185,10/24/2016 05:53:00 PM,2016
CR00039125,03/08/2020 11:12:00 AM,35,CLOUDY/OVERCAST,DARKNESS - LIGHTED ROAD,SIDESWIPE SAME DIRECTION,NOT DIVIDED,STOP SIGN/FLASHER,IMPROPER OVERTAKING/PASSING,UNABLE TO DETERMINE,0,0,0,0,11,1,3,543,79TH ST,41.723648,-87.561927,03/08/2020 01:09:00 PM,2020
CR00039126,11/08/2024 01:33:00 PM,30,CLEAR,DAYLIGHT,FIXED OBJECT,DIVIDED - W/MEDIAN (NOT RAISED),TRAFFIC SIGNAL,IMPROPER OVERTAKING/PASSING,UNABLE TO DETERMINE,0,0,0,0,13,6,11,746,BROADWAY,41.74869,-87.768212,11/08/2024 02:10:00 PM,2024
CR00039127,01/18/2019 08:07:00 AM,25,CLEAR,DAYLIGHT,PARKED MOTOR VEHICLE,FOUR WAY,YIELD,FOLLOWING TOO CLOSELY,UNABLE TO DETERMINE,0,2,3,5,8,6,1,907,PULASKI RD,41.892991,-87.503232,01/18/2019 08:22:00 AM,2019
CR00039128,12/13/2023 04:07:00 PM,30,CLEAR,DARKNESS - LIGHTED ROAD,TURNING,NOT DIVIDED,NO CONTROLS,UNABLE TO DETERMINE,FOLLOWING TOO CLOSELY,0,0,0,0,16,4,12,1721,BROADWAY,41.730759,-87.809695,12/13/2023 05:48:00 PM,2023
CR00039129,11/21/2017 01:59:00 PM,30,CLEAR,DARKNESS - LIGHTED ROAD,FIXED OBJECT,ONE-WAY,STOP SIGN/FLASHER,UNABLE TO DETERMINE,DISTRACTION - FROM INSIDE VEHICLE,0,0,0,0,13,3,11,200,MILWAUKEE AVE,41.87947,-87.558971,11/21/2017 02:41:00 PM,2017
CR00039130,12/07/2015 03:39:00 AM,30,CLEAR,DUSK,SIDESWIPE SAME DIRECTION,NOT DIVIDED,TRAFFIC SIGNAL,UNABLE TO DETERMINE,DISREGARDING TRAFFIC SIGNALS,0,0,0,0,3,2,12,2402,47TH ST,41.837186,-87.841542,12/07/2015 04:32:00 AM,2015
CR00039131,08/01/2024 05:03:00 PM,35,CLEAR,DARKNESS - LIGHTED ROAD,REAR END,DIVIDED - W/MEDIAN (NOT RAISED),STOP SIGN/FLASHER,FOLLOWING TOO CLOSELY,UNABLE TO DETERMINE,0,0,0,0,17,5,8,447,HALSTED ST,41.749588,-87.823763,08/01/2024 05:51:00 PM,2024
CR00039132,06/28/2019 07:23:00 AM,15,RAIN,DAYLIGHT,PEDESTRIAN,ONE-WAY,TRAFFIC SIGNAL,FAILING TO YIELD RIGHT-OF-WAY,DRIVING SKILLS/KNOWLEDGE/EXPERIENCE,0,0,0,0,7,6,6,527,63RD ST,41.788105,-87.637038,06/28/2019 07:46:00 AM,2019
CR00039133,06/30/2021 03:49:00 PM,20,CLEAR,DARKNESS - LIGHTED ROAD,REAR TO FRONT,FOUR WAY,NO CONTROLS,DRIVING SKILLS/KNOWLEDGE/EXPERIENCE,WEATHER,0,0,0,0,15,4,6,2390,79TH ST,41.806169,-87.633653,06/30/2021 04:21:00 PM,2021
CR00039134,08/27/2016 10:26:00 PM,30,CLOUDY/OVERCAST,DAYLIGHT,PEDESTRIAN,ONE-WAY,NO CONTROLS,WEATHER,FAILING TO REDUCE SPEED,0,0,0,0,22,7,8,1949,DAMEN AVE,41.990574,-87.597471,08/27/2016 10:46:00 PM,2016
CR00039135,05/12/2024 09:19:00 AM,35,CLEAR,DARKNESS,PARKED MOTOR VEHICLE,NOT DIVIDED,UNKNOWN,WEATHER,UNABLE TO DETERMINE,0,0,0,0,9,1,5,1035,79TH ST,41.920593,-87.667843,05/12/2024 10:34:00 AM,2024
CR00039136,01/27/2022 04:18:00 AM,30,CLEAR,DAYLIGHT,ANGLE,NOT DIVIDED,STOP SIGN/FLASHER,DISTRACTION - FROM INSIDE VEHICLE,FAILING TO YIELD RIGHT-OF-WAY,0,0,0,0,4,5,1,643,CALIFORNIA AVE,41.814197,-87.803919,01/27/2022 05:44:00 AM,2022
CR00039137,08/24/2023 08:09:00 PM,20,CLEAR,DARKNESS - LIGHTED ROAD,ANGLE,ONE-WAY,NO CONTROLS,UNABLE TO DETERMINE,UNABLE TO DETERMINE,0,0,0,0,20,5,8,860,MICHIGAN AVE,41.904569,-87.72715,08/24/2023 08:25:00 PM,2023
CR00039138,10/09/2015 07:10:00 AM,35,CLEAR,DARKNESS - LIGHTED ROAD,REAR TO FRONT,NOT DIVIDED,NO CONTROLS,UNABLE TO DETERMINE,NOT APPLICABLE,0,0,0,0,7,6,10,1213,DIVISION ST,41.829472,-87.81685,10/09/2015 07:44:00 AM,2015
CR00039139,09/19/2020 01:32:00 AM,30,CLEAR,DAWN,REAR TO FRONT,NOT DIVIDED,TRAFFIC SIGNAL,UNABLE TO DETERMINE,FAILING TO YIELD RIGHT-OF-WAY,0,0,0,0,1,7,9,206,WESTERN AVE,41.774156,-87.645123,09/19/2020 02:21:00 AM,2020
CR00039140,11/18/2020 05:53:00 PM,30,RAIN,DARKNESS - LIGHTED ROAD,PARKED MOTOR VEHICLE,NOT DIVIDED,STOP SIGN/FLASHER,FAILING TO YIELD RIGHT-OF-WAY,UNABLE TO DETERMINE,0,0,0,0,17,4,11,695,STONY ISLAND AVE,41.908063,-87.814991,11/18/2020 06:40:00 PM,2020
CR00039141,09/12/2018 01:48:00 PM,30,CLEAR,DAYLIGHT,REAR TO FRONT,ONE-WAY,NO CONTROLS,FAILING TO YIELD RIGHT-OF-WAY,IMPROPER OVERTAKING/PASSING,0,0,2,2,13,4,9,2187,ROOSEVELT RD,41.844148,-87.58764,09/12/2018 01:58:00 PM,2018
CR00039142,04/26/2015 04:20:00 PM,30,CLEAR,DAYLIGHT,REAR END,ONE-WAY,NO CONTROLS,UNABLE TO DETERMINE,UNABLE TO DETERMINE,0,0,0,0,16,1,4,1741,KEDZIE AVE,41.867045,-87.707306,04/26/2015 05:11:00 PM,2015
CR00039143,09/20/2021 10:51:00 PM,30,RAIN,DAYLIGHT,FIXED OBJECT,FOUR WAY,TRAFFIC SIGNAL,DRIVING SKILLS/KNOWLEDGE/EXPERIENCE,DRIVING SKILLS/KNOWLEDGE/EXPERIENCE,0,0,3,3,22,2,9,547,ASHLAND AVE,41.818416,-87.798924,09/20/2021 11:46:00 PM,2021
CR00039144,11/24/2024 05:49:00 PM,35,CLEAR,DARKNESS - LIGHTED ROAD,TURNING,DIVIDED - W/MEDIAN BARRIER,NO CONTROLS,UNABLE TO DETERMINE,UNABLE TO DETERMINE,0,0,0,0,17,1,11,1354,IRVING PARK RD,41.919433,-87.809686,11/24/2024 07:18:00 PM,2024
CR00039145,02/16/2024 09:56:00 AM,20,RAIN,DAYLIGHT,REAR END,FOUR WAY,NO CONTROLS,DISREGARDING TRAFFIC SIGNALS,UNABLE TO DETERMINE,0,0,0,0,9,6,2,174,WESTERN AVE,41.863622,-87.609961,02/16/2024 11:18:00 AM,2024
CR00039146,10/20/2021 02:12:00 PM,45,CLEAR,DAYLIGHT,FIXED OBJECT,NOT DIVIDED,STOP SIGN/FLASHER,DRIVING SKILLS/KNOWLEDGE/EXPERIENCE,NOT APPLICABLE,0,0,0,0,14,4,10,1444,WESTERN AVE,41.932961,-87.811706,10/20/2021 03:31:00 PM,2021
CR00039147,08/11/2022 07:01:00 PM,45,CLEAR,DAYLIGHT,ANGLE,NOT DIVIDED,NO CONTROLS,UNABLE TO DETERMINE,NOT APPLICABLE,0,0,0,0,19,5,8,1760,WESTERN AVE,41.926297,-87.679658,08/11/2022 07:40:00 PM,2022
CR00039148,01/21/2017 08:10:00 AM,15,CLEAR,DAYLIGHT,ANGLE,NOT DIVIDED,NO CONTROLS,FAILING TO YIELD RIGHT-OF-WAY,NOT APPLICABLE,0,0,0,0,8,7,1,437,CALIFORNIA AVE,41.863462,-87.654944,01/21/2017 09:00:00 AM,2017
CR00039149,12/30/2018 04:34:00 PM,35,CLEAR,DAYLIGHT,REAR END,DIVIDED - W/MEDIAN (NOT RAISED),NO CONTROLS,UNABLE TO DETERMINE,FAILING TO YIELD RIGHT-OF-WAY,0,0,0,0,16,1,12,2234,HALSTED ST,41.730119,-87.568886,12/30/2018 05:56:00 PM,2018
CR00039150,02/02/2023 11:18:00 AM,40,SNOW,DUSK,REAR END,FOUR WAY,TRAFFIC SIGNAL,UNABLE TO DETERMINE,DRIVING SKILLS/KNOWLEDGE/EXPERIENCE,0,0,0,0,11,5,2,1703,MILWAUKEE AVE,41.99339,-87.677316,02/02/2023 01:04:00 PM,2023
CR00039151,11/22/2019 03:02:00 AM,20,CLEAR,DAYLIGHT,ANGLE,FOUR WAY,UNKNOWN,DRIVING SKILLS/KNOWLEDGE/EXPERIENCE,UNABLE TO DETERMINE,0,0,0,0,3,6,11,2274,ROOSEVELT RD,41.741954,-87.846574,11/22/2019 04:50:00 AM,2019
CR00039152,10/02/2024 10:54:00 PM,35,CLEAR,DARKNESS,SIDESWIPE SAME DIRECTION,NOT DIVIDED,NO CONTROLS,DISREGARDING TRAFFIC SIGNALS,UNABLE TO DETERMINE,0,0,0,0,22,4,10,1201,PULASKI RD,41.729839,-87.640964,10/02/2024 11:10:00 PM,2024
CR00039153,10/21/2021 12:32:00 PM,25,CLEAR,DARKNESS - LIGHTED ROAD,REAR END,NOT DIVIDED,TRAFFIC SIGNAL,IMPROPER OVERTAKING/PASSING,FOLLOWING TOO CLOSELY,0,0,0,0,12,5,10,1954,ARCHER AVE,41.782735,-87.621788,10/21/2021 01:05:00 PM,2021
CR00039154,10/18/2018 07:43:00 AM,35,CLEAR,DUSK,REAR END,NOT DIVIDED,TRAFFIC SIGNAL,IMPROPER OVERTAKING/PASSING,NOT APPLICABLE,0,0,0,0,7,5,10,1356,KEDZIE AVE,41.978623,-87.839319,10/18/2018 08:30:00 AM,2018
CR00039155,07/31/2015 09:43:00 AM,30,CLEAR,DARKNESS - LIGHTED ROAD,REAR END,NOT DIVIDED,TRAFFIC SIGNAL,DISREGARDING TRAFFIC SIGNALS,UNABLE TO DETERMINE,0,0,0,0,9,6,7,1463,IRVING PARK RD,41.944118,-87.692719,07/31/2015 11:01:00 AM,2015
CR00039156,05/13/2024 02:47:00 PM,15,CLEAR,DAYLIGHT,FIXED OBJECT,DIVIDED - W/MEDIAN (NOT RAISED),NO CONTROLS,IMPROPER OVERTAKING/PASSING,FAILING TO YIELD RIGHT-OF-WAY,0,0,1,1,14,2,5,845,ELSTON AVE,41.76432,-87.839516,05/13/2024 04:30:00 PM,2024
CR00039157,02/04/2024 10:58:00 PM,30,RAIN,DARKNESS - LIGHTED ROAD,PARKED MOTOR VEHICLE,DIVIDED - W/MEDIAN (NOT RAISED),NO CONTROLS,FOLLOWING TOO CLOSELY,FOLLOWING TOO CLOSELY,0,0,0,0,22,1,2,1100,IRVING PARK RD,41.871411,-87.836796,02/04/2024 11:56:00 PM,2024
CR00039158,10/12/2021 11:08:00 AM,20,CLOUDY/OVERCAST,DAYLIGHT,REAR END,NOT DIVIDED,TRAFFIC SIGNAL,FAILING TO YIELD RIGHT-OF-WAY,WEATHER,0,0,0,0,11,3,10,1293,HALSTED ST,41.806602,-87.775208,10/12/2021 12:50:00 PM,2021
CR00039159,11/22/2020 10:18:00 AM,30,CLOUDY/OVERCAST,DAYLIGHT,REAR END,DIVIDED - W/MEDIAN (NOT RAISED),STOP SIGN/FLASHER,UNABLE TO DETERMINE,DISTRACTION - FROM INSIDE VEHICLE,0,0,0,0,10,1,11,2032,KEDZIE AVE,41.715531,-87.721237,11/22/2020 11:55:00 AM,2020
CR00039160,10/27/2017 07:36:00 AM,35,RAIN,DARKNESS,REAR END,FOUR WAY,STOP SIGN/FLASHER,IMPROPER LANE USAGE,FOLLOWING TOO CLOSELY,0,0,0,0,7,6,10,2118,79TH ST,41.865564,-87.739499,10/27/2017 08:18:00 AM,2017
CR00039161,10/12/2021 04:53:00 PM,35,CLEAR,DAYLIGHT,REAR END,ONE-WAY,PEDESTRIAN CROSSING SIGN,FAILING TO REDUCE SPEED,UNABLE TO DETERMINE,0,0,0,0,16,3,10,325,63RD ST,41.840309,-87.798941,10/12/2021 06:03:00 PM,2021
CR00039162,03/27/2020 09:26:00 PM,25,CLEAR,DAYLIGHT,TURNING,DIVIDED - W/MEDIAN (NOT RAISED),STOP SIGN/FLASHER,DISREGARDING TRAFFIC SIGNALS,UNABLE TO DETERMINE,0,0,0,0,21,6,3,369,CALIFORNIA AVE,41.748546,-87.730132,03/27/2020 10:57:00 PM,2020
CR00039163,08/25/2022 01:08:00 PM,30,CLEAR,DARKNESS - LIGHTED ROAD,TURNING,ONE-WAY,TRAFFIC SIGNAL,IMPROPER OVERTAKING/PASSING,IMPROPER OVERTAKING/PASSING,0,0,0,0,13,5,8,681,FULLERTON AVE,41.741522,-87.586986,08/25/2022 01:13:00 PM,2022
CR00039164,04/24/2023 02:56:00 PM,25,CLEAR,DAYLIGHT,REAR TO FRONT,NOT DIVIDED,TRAFFIC SIGNAL,FOLLOWING TOO CLOSELY,UNABLE TO DETERMINE,0,0,0,0,14,2,4,2472,FULLERTON AVE,41.751199,-87.848947,04/24/2023 03:26:00 PM,2023
CR00039165,12/19/2018 04:30:00 PM,30,SNOW,DARKNESS - LIGHTED ROAD,PARKED MOTOR VEHICLE,NOT DIVIDED,NO CONTROLS,WEATHER,FOLLOWING TOO CLOSELY,0,0,0,0,16,4,12,502,ELSTON AVE,41.972106,-87.758992,12/19/2018 06:25:00 PM,2018
CR00039166,04/14/2024 05:05:00 PM,35,CLEAR,DARKNESS - LIGHTED ROAD,SIDESWIPE SAME DIRECTION,NOT DIVIDED,NO CONTROLS,UNABLE TO DETERMINE,DISTRACTION - FROM INSIDE VEHICLE,0,0,0,0,17,1,4,814,KEDZIE AVE,41.873629,-87.543493,04/14/2024 05:08:00 PM,2024
CR00039167,12/09/2023 10:58:00 AM,30,RAIN,DAYLIGHT,REAR TO FRONT,NOT DIVIDED,STOP SIGN/FLASHER,FOLLOWING TOO CLOSELY,UNABLE TO DETERMINE,0,0,0,0,10,7,12,1029,ARCHER AVE,41.930704,-87.683551,12/09/2023 12:48:00 PM,2023
CR00039168,08/20/2019 07:37:00 AM,35,CLEAR,DAYLIGHT,FIXED OBJECT,T-INTERSECTION,NO CONTROLS,FAILING TO YIELD RIGHT-OF-WAY,DISTRACTION - FROM INSIDE VEHICLE,0,0,0,0,7,3,8,1567,OGDEN AVE,41.915152,-87.791425,08/20/2019 08:35:00 AM,2019
CR00039169,03/29/2016 05:18:00 PM,30,RAIN,DARKNESS - LIGHTED ROAD,TURNING,DIVIDED - W/MEDIAN BARRIER,TRAFFIC SIGNAL,UNABLE TO DETERMINE,NOT APPLICABLE,0,0,0,0,17,3,3,2005,PULASKI RD,41.896104,-87.537446,03/29/2016 05:23:00 PM,2016
CR00039170,02/13/2023 01:14:00 AM,30,CLEAR,DAYLIGHT,REAR END,NOT DIVIDED,PEDESTRIAN CROSSING SIGN,UNABLE TO DETERMINE,NOT APPLICABLE,0,0,0,0,1,2,2,1003,63RD ST,41.952771,-87.52245,02/13/2023 01:40:00 AM,2023
CR00039171,03/22/2019 06:44:00 PM,35,SNOW,DARKNESS - LIGHTED ROAD,ANGLE,NOT DIVIDED,NO CONTROLS,IMPROPER OVERTAKING/PASSING,NOT APPLICABLE,0,0,0,0,18,6,3,847,IRVING PARK RD,41.908492,-87.60084,03/22/2019 08:01:00 PM,2019
CR00039172,11/11/2017 03:30:00 PM,30,CLEAR,DARKNESS,SIDESWIPE SAME DIRECTION,NOT DIVIDED,NO CONTROLS,UNABLE TO DETERMINE,FOLLOWING TOO CLOSELY,0,0,0,0,15,7,11,162,WESTERN AVE,41.72263,-87.603124,11/11/2017 03:42:00 PM,2017
CR00039173,08/24/2024 10:40:00 PM,45,CLEAR,DAWN,TURNING,ONE-WAY,STOP SIGN/FLASHER,DRIVING SKILLS/KNOWLEDGE/EXPERIENCE,UNABLE TO DETERMINE,0,0,0,0,22,7,8,965,CALIFORNIA AVE,41.722866,-87.540885,08/24/2024 10:46:00 PM,2024
CR00039174,12/27/2016 07:09:00 AM,15,RAIN,DAYLIGHT,ANGLE,NOT DIVIDED,TRAFFIC SIGNAL,UNABLE TO DETERMINE,IMPROPER OVERTAKING/PASSING,0,0,0,0,7,3,12,667,KEDZIE AVE,41.867648,-87.843067,12/27/2016 07:50:00 AM,2016
CR00039175,04/08/2021 07:04:00 PM,25,CLEAR,DAYLIGHT,FIXED OBJECT,NOT DIVIDED,UNKNOWN,WEATHER,UNABLE TO DETERMINE,0,0,0,0,19,5,4,1022,IRVING PARK RD,41.857802,-87.515165,04/08/2021 07:49:00 PM,2021