CRASH_RECORD_ID,CRASH_DATE,POSTED_SPEED_LIMIT,WEATHER_CONDITION,LIGHTING_CONDITION,FIRST_CRASH_TYPE,TRAFFICWAY_TYPE,TRAFFIC_CONTROL_DEVICE,PRIM_CONTRIBUTORY_CAUSE,SEC_CONTRIBUTORY_CAUSE,INJURIES_FATAL,INJURIES_INCAPACITATING,INJURIES_NON_INCAPACITATING,INJURIES_TOTAL,CRASH_HOUR,CRASH_DAY_OF_WEEK,CRASH_MONTH,BEAT_OF_OCCURRENCE,STREET_NAME,LATITUDE,LONGITUDE,DATE_POLICE_NOTIFIED,year
CR00039176,09/17/2016 08:07:00 AM,30,CLEAR,DUSK,SIDESWIPE SAME DIRECTION,T-INTERSECTION,STOP SIGN/FLASHER,FAILING TO YIELD RIGHT-OF-WAY,DRIVING SKILLS/KNOWLEDGE/EXPERIENCE,0,0,0,0,8,7,9,1593,CALIFORNIA AVE,41.985244,-87.613527,09/17/2016 08:55:00 AM,2016
CR00039177,12/18/2015 12:21:00 PM,30,CLEAR,DAYLIGHT,PARKED MOTOR VEHICLE,T-INTERSECTION,STOP SIGN/FLASHER,FOLLOWING TOO CLOSELY,FAILING TO YIELD RIGHT-OF-WAY,0,1,1,2,12,6,12,2174,CALIFORNIA AVE,41.811261,-87.739641,12/18/2015 01:23:00 PM,2015
CR00039178,11/01/2024 04:06:00 PM,30,CLEAR,DAYLIGHT,SIDESWIPE SAME DIRECTION,NOT DIVIDED,NO CONTROLS,IMPROPER OVERTAKING/PASSING,IMPROPER OVERTAKING/PASSING,0,0,0,0,16,6,11,739,47TH ST,41.907605,-87.825012,11/01/2024 04:18:00 PM,2024
CR00039179,02/09/2024 01:26:00 PM,45,RAIN,DAYLIGHT,SIDESWIPE SAME DIRECTION,FOUR WAY,NO CONTROLS,FAILING TO YIELD RIGHT-OF-WAY,DRIVING SKILLS/KNOWLEDGE/EXPERIENCE,0,2,2,4,13,6,2,872,CICERO AVE,41.86281,-87.561549,02/09/2024 02:18:00 PM,2024
CR00039180,03/30/2022 03:21:00 PM,35,CLEAR,DAYLIGHT,PARKED MOTOR VEHICLE,NOT DIVIDED,NO CONTROLS,FAILING TO YIELD RIGHT-OF-WAY,IMPROPER LANE USAGE,0,0,0,0,15,4,3,2371,STATE ST,41.989954,-87.825305,03/30/2022 04:53:00 PM,2022
CR00039181,11/14/2015 06:42:00 PM,30,CLEAR,DAYLIGHT,REAR END,NOT DIVIDED,TRAFFIC SIGNAL,FAILING TO REDUCE SPEED,UNABLE TO DETERMINE,0,2,3,5,18,7,11,138,WESTERN AVE,41.857306,-87.656854,11/14/2015 08:37:00 PM,2015
CR00039182,04/18/2018 03:22:00 AM,30,CLEAR,DAYLIGHT,ANGLE,NOT DIVIDED,TRAFFIC SIGNAL,FAILING TO YIELD RIGHT-OF-WAY,UNABLE TO DETERMINE,0,0,0,0,3,4,4,496,MILWAUKEE AVE,41.9349,-87.832302,04/18/2018 04:04:00 AM,2018
CR00039183,06/28/2023 08:40:00 AM,35,CLEAR,DARKNESS,ANGLE,NOT DIVIDED,TRAFFIC SIGNAL,DRIVING SKILLS/KNOWLEDGE/EXPERIENCE,FOLLOWING TOO CLOSELY,0,0,1,1,8,4,6,1907,STONY ISLAND AVE,41.842541,-87.739978,06/28/2023 10:14:00 AM,2023
CR00039184,03/17/2023 02:19:00 PM,15,CLEAR,DAYLIGHT,SIDESWIPE SAME DIRECTION,NOT DIVIDED,NO CONTROLS,UNABLE TO DETERMINE,UNABLE TO DETERMINE,0,0,0,0,14,6,3,2196,KEDZIE AVE,41.755874,-87.544453,03/17/2023 02:40:00 PM,2023
CR00039185,03/30/2017 07:39:00 AM,35,FREEZING RAIN/DRIZZLE,DAYLIGHT,TURNING,DIVIDED - W/MEDIAN (NOT RAISED),NO CONTROLS,UNABLE TO DETERMINE,IMPROPER LANE USAGE,0,0,0,0,7,5,3,1074,CALIFORNIA AVE,41.834064,-87.57075,03/30/2017 08:52:00 AM,2017
CR00039186,03/01/2018 04:06:00 PM,45,CLOUDY/OVERCAST,DARKNESS - LIGHTED ROAD,PARKED MOTOR VEHICLE,NOT DIVIDED,NO CONTROLS,FAILING TO YIELD RIGHT-OF-WAY,UNABLE TO DETERMINE,0,0,0,0,16,5,3,1570,IRVING PARK RD,41.724401,-87.711806,03/01/2018 04:45:00 PM,2018
CR00039187,12/25/2022 12:46:00 AM,30,CLOUDY/OVERCAST,DAYLIGHT,PARKED MOTOR VEHICLE,DIVIDED - W/MEDIAN BARRIER,NO CONTROLS,FOLLOWING TOO CLOSELY,IMPROPER OVERTAKING/PASSING,0,0,0,0,0,1,12,1198,DAMEN AVE,41.9772,-87.64525,12/25/2022 02:46:00 AM,2022
CR00039188,10/06/2021 12:32:00 PM,35,CLEAR,DAYLIGHT,TURNING,NOT DIVIDED,STOP SIGN/FLASHER,UNABLE TO DETERMINE,UNABLE TO DETERMINE,0,0,0,0,12,4,10,160,DIVISION ST,41.73033,-87.659917,10/06/2021 12:50:00 PM,2021
CR00039189,03/19/2016 09:22:00 PM,30,CLEAR,DAYLIGHT,TURNING,DIVIDED - W/MEDIAN (NOT RAISED),NO CONTROLS,UNABLE TO DETERMINE,UNABLE TO DETERMINE,0,1,2,3,21,7,3,1529,DIVISION ST,41.756008,-87.710729,03/19/2016 11:10:00 PM,2016
CR00039190,12/08/2020 01:03:00 PM,25,SNOW,DAYLIGHT,REAR END,DIVIDED - W/MEDIAN (NOT RAISED),UNKNOWN,IMPROPER OVERTAKING/PASSING,WEATHER,0,0,0,0,13,3,12,1982,STATE ST,41.854205,-87.582647,12/08/2020 02:16:00 PM,2020
CR00039191,10/31/2020 11:00:00 AM,20,RAIN,DAYLIGHT,SIDESWIPE SAME DIRECTION,NOT DIVIDED,NO CONTROLS,FOLLOWING TOO CLOSELY,UNABLE TO DETERMINE,0,0,0,0,11,7,10,1715,CICERO AVE,41.946026,-87.725181,10/31/2020 11:08:00 AM,2020
CR00039192,06/05/2015 05:01:00 PM,30,RAIN,DAYLIGHT,TURNING,FOUR WAY,UNKNOWN,FAILING TO YIELD RIGHT-OF-WAY,NOT APPLICABLE,0,0,0,0,17,6,6,1360,CICERO AVE,41.930147,-87.633545,06/05/2015 05:29:00 PM,2015
CR00039193,01/01/2018 08:56:00 AM,25,RAIN,DAYLIGHT,ANGLE,DIVIDED - W/MEDIAN (NOT RAISED),NO CONTROLS,IMPROPER OVERTAKING/PASSING,IMPROPER LANE USAGE,0,0,0,0,8,2,1,1478,OGDEN AVE,41.919016,-87.580294,01/01/2018 10:25:00 AM,2018
CR00039194,03/27/2016 08:27:00 PM,40,CLEAR,DARKNESS - LIGHTED ROAD,TURNING,NOT DIVIDED,STOP SIGN/FLASHER,DRIVING SKILLS/KNOWLEDGE/EXPERIENCE,UNABLE TO DETERMINE,0,2,2,4,20,1,3,458,79TH ST,41.850077,-87.684956,03/27/2016 08:48:00 PM,2016
CR00039195,04/21/2020 03:28:00 AM,40,CLEAR,DARKNESS - LIGHTED ROAD,TURNING,ONE-WAY,NO CONTROLS,UNABLE TO DETERMINE,DISTRACTION - FROM INSIDE VEHICLE,0,0,0,0,3,3,4,938,KEDZIE AVE,41.967986,-87.612515,04/21/2020 03:52:00 AM,2020
CR00039196,09/07/2021 08:24:00 PM,15,CLEAR,DAYLIGHT,REAR END,ONE-WAY,UNKNOWN,UNABLE TO DETERMINE,FOLLOWING TOO CLOSELY,0,0,0,0,20,3,9,700,DAMEN AVE,41.931803,-87.846368,09/07/2021 09:02:00 PM,2021
CR00039197,06/19/2020 03:17:00 PM,45,CLEAR,DAYLIGHT,REAR END,ONE-WAY,NO CONTROLS,FOLLOWING TOO CLOSELY,FOLLOWING TOO CLOSELY,0,0,0,0,15,6,6,2014,PULASKI RD,41.894521,-87.584977,06/19/2020 04:19:00 PM,2020
CR00039198,09/25/2024 05:28:00 PM,25,FOG/SMOKE/HAZE,DAYLIGHT,REAR END,NOT DIVIDED,NO CONTROLS,FOLLOWING TOO CLOSELY,UNABLE TO DETERMINE,0,0,0,0,17,4,9,2499,47TH ST,41.969651,-87.648212,09/25/2024 05:30:00 PM,2024
CR00039199,09/18/2023 12:21:00 PM,45,CLEAR,DAYLIGHT,ANGLE,FOUR WAY,TRAFFIC SIGNAL,UNABLE TO DETERMINE,IMPROPER LANE USAGE,0,0,0,0,12,2,9,468,WESTERN AVE,41.832507,-87.550814,09/18/2023 01:35:00 PM,2023
CR00039200,03/14/2023 10:50:00 AM,30,CLEAR,DAYLIGHT,TURNING,ONE-WAY,STOP SIGN/FLASHER,FOLLOWING TOO CLOSELY,FAILING TO YIELD RIGHT-OF-WAY,0,0,0,0,10,3,3,1732,DIVISION ST,41.867921,-87.653721,03/14/2023 12:42:00 PM,2023
CR00039201,03/18/2019 10:53:00 AM,35,CLEAR,DARKNESS - LIGHTED ROAD,FIXED OBJECT,NOT DIVIDED,NO CONTROLS,UNABLE TO DETERMINE,IMPROPER LANE USAGE,0,0,0,0,10,2,3,175,CLARK ST,41.915094,-87.612192,03/18/2019 12:24:00 PM,2019
CR00039202,05/08/2016 02:47:00 PM,15,CLEAR,DARKNESS - LIGHTED ROAD,ANGLE,DIVIDED - W/MEDIAN (NOT RAISED),TRAFFIC SIGNAL,UNABLE TO DETERMINE,UNABLE TO DETERMINE,0,0,0,0,14,1,5,1895,DIVISION ST,41.925838,-87.529069,05/08/2016 03:06:00 PM,2016
CR00039203,07/23/2015 10:37:00 PM,40,CLEAR,DAYLIGHT,FIXED OBJECT,NOT DIVIDED,TRAFFIC SIGNAL,FAILING TO YIELD RIGHT-OF-WAY,UNABLE TO DETERMINE,0,0,1,1,22,5,7,2373,ASHLAND AVE,41.735429,-87.549898,07/23/2015 11:17:00 PM,2015
CR00039204,07/08/2015 06:55:00 PM,20,CLEAR,DUSK,ANGLE,NOT DIVIDED,TRAFFIC SIGNAL,DISREGARDING TRAFFIC SIGNALS,DISTRACTION - FROM INSIDE VEHICLE,0,0,1,1,18,4,7,1800,63RD ST,41.777523,-87.539701,07/08/2015 07:13:00 PM,2015
CR00039205,07/28/2021 08:19:00 AM,25,CLEAR,DAYLIGHT,SIDESWIPE SAME DIRECTION,NOT DIVIDED,NO CONTROLS,UNABLE TO DETERMINE,IMPROPER OVERTAKING/PASSING,0,0,0,0,8,4,7,149,STATE ST,41.840659,-87.601612,07/28/2021 08:48:00 AM,2021
CR00039206,11/25/2016 10:38:00 AM,35,CLEAR,DARKNESS - LIGHTED ROAD,SIDESWIPE SAME DIRECTION,ONE-WAY,NO CONTROLS,IMPROPER OVERTAKING/PASSING,UNABLE TO DETERMINE,0,0,0,0,10,6,11,1846,OGDEN AVE,41.839359,-87.771736,11/25/2016 12:28:00 PM,2016
CR00039207,01/03/2021 08:00:00 AM,40,CLEAR,DARKNESS - LIGHTED ROAD,TURNING,NOT DIVIDED,STOP SIGN/FLASHER,IMPROPER OVERTAKING/PASSING,FAILING TO YIELD RIGHT-OF-WAY,0,0,0,0,8,1,1,216,DIVISION ST,41.899919,-87.602017,01/03/2021 08:02:00 AM,2021
CR00039208,09/05/2017 07:36:00 AM,45,CLEAR,DAYLIGHT,TURNING,DIVIDED - W/MEDIAN (NOT RAISED),UNKNOWN,UNABLE TO DETERMINE,UNABLE TO DETERMINE,0,0,0,0,7,3,9,1481,FULLERTON AVE,41.871851,-87.801783,09/05/2017 08:23:00 AM,2017
CR00039209,09/23/2017 01:45:00 PM,20,CLEAR,DARKNESS - LIGHTED ROAD,REAR END,DIVIDED - W/MEDIAN (NOT RAISED),STOP SIGN/FLASHER,IMPROPER OVERTAKING/PASSING,FAILING TO REDUCE SPEED,0,0,0,0,13,7,9,1820,OGDEN AVE,41.773081,-87.694456,09/23/2017 03:19:00 PM,2017
CR00039210,01/21/2023 07:01:00 AM,30,CLEAR,DAYLIGHT,REAR END,NOT DIVIDED,TRAFFIC SIGNAL,FAILING TO YIELD RIGHT-OF-WAY,WEATHER,0,0,0,0,7,7,1,204,STATE ST,41.77559,-87.686775,01/21/2023 08:08:00 AM,2023
CR00039211,10/14/2020 11:53:00 AM,30,CLEAR,DUSK,ANGLE,NOT DIVIDED,UNKNOWN,UNABLE TO DETERMINE,UNABLE TO DETERMINE,0,0,0,0,11,4,10,696,ROOSEVELT RD,41.954535,-87.666436,10/14/2020 12:09:00 PM,2020
CR00039212,01/12/2022 06:31:00 PM,30,RAIN,DAWN,SIDESWIPE SAME DIRECTION,DIVIDED - W/MEDIAN (NOT RAISED),UNKNOWN,UNABLE TO DETERMINE,DRIVING SKILLS/KNOWLEDGE/EXPERIENCE,0,0,0,0,18,4,1,2124,ASHLAND AVE,41.752086,-87.560859,01/12/2022 07:59:00 PM,2022
CR00039213,11/05/2022 10:07:00 PM,30,CLEAR,DAYLIGHT,TURNING,ONE-WAY,NO CONTROLS,DRIVING SKILLS/KNOWLEDGE/EXPERIENCE,NOT APPLICABLE,0,0,2,2,22,7,11,627,79TH ST,41.709013,-87.589269,11/05/2022 10:54:00 PM,2022
CR00039214,01/17/2017 12:27:00 AM,30,CLEAR,DAYLIGHT,ANGLE,NOT DIVIDED,STOP SIGN/FLASHER,FAILING TO REDUCE SPEED,FOLLOWING TOO CLOSELY,0,0,1,1,0,3,1,786,MILWAUKEE AVE,41.924979,-87.727629,01/17/2017 01:17:00 AM,2017
CR00039215,02/27/2015 01:22:00 AM,35,CLEAR,DAYLIGHT,PARKED MOTOR VEHICLE,DIVIDED - W/MEDIAN BARRIER,NO CONTROLS,FOLLOWING TOO CLOSELY,NOT APPLICABLE,0,0,0,0,1,6,2,2409,OGDEN AVE,41.710447,-87.601718,02/27/2015 01:41:00 AM,2015
CR00039216,08/23/2021 03:22:00 PM,30,CLEAR,DARKNESS - LIGHTED ROAD,FIXED OBJECT,ONE-WAY,STOP SIGN/FLASHER,DRIVING SKILLS/KNOWLEDGE/EXPERIENCE,IMPROPER LANE USAGE,0,0,0,0,15,2,8,126,ARCHER AVE,41.814522,-87.631882,08/23/2021 03:26:00 PM,2021
CR00039217,07/20/2015 07:10:00 AM,15,CLEAR,DAYLIGHT,REAR END,NOT DIVIDED,TRAFFIC SIGNAL,FAILING TO REDUCE SPEED,NOT APPLICABLE,0,0,0,0,7,2,7,2058,BROADWAY,41.741252,-87.764348,07/20/2015 08:26:00 AM,2015
CR00039218,11/25/2022 04:40:00 PM,35,CLEAR,DARKNESS - LIGHTED ROAD,PEDESTRIAN,NOT DIVIDED,NO CONTROLS,FAILING TO YIELD RIGHT-OF-WAY,NOT APPLICABLE,0,0,0,0,16,6,11,1088,MICHIGAN AVE,41.777457,-87.836727,11/25/2022 06:06:00 PM,2022
CR00039219,05/28/2023 07:56:00 AM,30,CLEAR,DAYLIGHT,REAR END,DIVIDED - W/MEDIAN (NOT RAISED),NO CONTROLS,DISTRACTION - FROM INSIDE VEHICLE,FOLLOWING TOO CLOSELY,0,0,0,0,7,1,5,654,BROADWAY,41.972527,-87.524946,05/28/2023 08:55:00 AM,2023
CR00039220,07/24/2017 12:31:00 AM,30,SNOW,DARKNESS - LIGHTED ROAD,REAR END,DIVIDED - W/MEDIAN BARRIER,NO CONTROLS,FAILING TO YIELD RIGHT-OF-WAY,NOT APPLICABLE,0,1,1,2,0,2,7,552,WESTERN AVE,41.875972,-87.750213,07/24/2017 01:43:00 AM,2017
CR00039221,12/30/2015 02:38:00 PM,15,CLEAR,DARKNESS,PARKED MOTOR VEHICLE,NOT DIVIDED,NO CONTROLS,IMPROPER OVERTAKING/PASSING,DRIVING SKILLS/KNOWLEDGE/EXPERIENCE,0,0,0,0,14,4,12,918,CICERO AVE,41.74946,-87.816188,12/30/2015 02:43:00 PM,2015
CR00039222,07/04/2019 08:42:00 PM,45,RAIN,DARKNESS - LIGHTED ROAD,REAR END,ONE-WAY,STOP SIGN/FLASHER,UNABLE TO DETERMINE,UNABLE TO DETERMINE,0,0,0,0,20,5,7,1059,KEDZIE AVE,41.715504,-87.80197,07/04/2019 09:13:00 PM,2019
CR00039223,05/18/2022 08:12:00 PM,25,RAIN,DAYLIGHT,TURNING,DIVIDED - W/MEDIAN (NOT RAISED),NO CONTROLS,FAILING TO YIELD RIGHT-OF-WAY,NOT APPLICABLE,0,0,0,0,20,4,5,2464,IRVING PARK RD,41.834312,-87.644201,05/18/2022 10:09:00 PM,2022
CR00039224,11/25/2021 07:23:00 AM,35,FOG/SMOKE/HAZE,DARKNESS - LIGHTED ROAD,ANGLE,DIVIDED - W/MEDIAN (NOT RAISED),UNKNOWN,UNABLE TO DETERMINE,NOT APPLICABLE,0,0,0,0,7,5,11,2426,CALIFORNIA AVE,41.922937,-87.510527,11/25/2021 08:35:00 AM,2021
CR00039225,04/25/2023 12:26:00 PM,40,CLEAR,DARKNESS - LIGHTED ROAD,PARKED MOTOR VEHICLE,NOT DIVIDED,YIELD,FOLLOWING TOO CLOSELY,FOLLOWING TOO CLOSELY,0,0,0,0,12,3,4,1233,KEDZIE AVE,41.739728,-87.711032,04/25/2023 01:01:00 PM,2023
CR00039226,09/30/2018 12:39:00 PM,30,CLOUDY/OVERCAST,DAYLIGHT,PEDESTRIAN,NOT DIVIDED,NO CONTROLS,FAILING TO REDUCE SPEED,UNABLE TO DETERMINE,0,0,0,0,12,1,9,1880,DAMEN AVE,41.714585,-87.558946,09/30/2018 02:38:00 PM,2018
CR00039227,04/26/2015 07:48:00 AM,35,CLEAR,DAYLIGHT,SIDESWIPE SAME DIRECTION,NOT DIVIDED,NO CONTROLS,UNABLE TO DETERMINE,DISREGARDING TRAFFIC SIGNALS,0,0,0,0,7,1,4,726,ARCHER AVE,41.858836,-87.757259,04/26/2015 09:02:00 AM,2015
CR00039228,07/20/2015 08:14:00 AM,35,CLEAR,DARKNESS - LIGHTED ROAD,REAR TO FRONT,FOUR WAY,TRAFFIC SIGNAL,IMPROPER LANE USAGE,IMPROPER LANE USAGE,0,0,0,0,8,2,7,345,ROOSEVELT RD,41.908376,-87.613191,07/20/2015 09:52:00 AM,2015
CR00039229,12/13/2023 12:35:00 AM,20,CLOUDY/OVERCAST,DAYLIGHT,PARKED MOTOR VEHICLE,ONE-WAY,NO CONTROLS,UNABLE TO DETERMINE,FAILING TO REDUCE SPEED,0,0,0,0,0,4,12,880,BROADWAY,41.850126,-87.825384,12/13/2023 02:00:00 AM,2023
CR00039230,10/13/2015 07:21:00 AM,20,CLOUDY/OVERCAST,DARKNESS - LIGHTED ROAD,ANGLE,NOT DIVIDED,TRAFFIC SIGNAL,UNABLE TO DETERMINE,FAILING TO YIELD RIGHT-OF-WAY,0,1,2,3,7,3,10,417,PULASKI RD,41.720881,-87.506497,10/13/2015 07:55:00 AM,2015
CR00039231,06/24/2015 03:10:00 PM,25,CLEAR,DAYLIGHT,REAR END,ONE-WAY,YIELD,IMPROPER LANE USAGE,UNABLE TO DETERMINE,0,0,0,0,15,4,6,1714,ARCHER AVE,41.715052,-87.532368,06/24/2015 03:33:00 PM,2015
CR00039232,05/31/2022 06:43:00 PM,35,SNOW,DAYLIGHT,PARKED MOTOR VEHICLE,DIVIDED - W/MEDIAN BARRIER,NO CONTROLS,UNABLE TO DETERMINE,FOLLOWING TOO CLOSELY,0,0,0,0,18,3,5,255,ASHLAND AVE,41.891354,-87.640006,05/31/2022 06:46:00 PM,2022
CR00039233,12/23/2023 10:50:00 PM,40,CLEAR,DAWN,PARKED MOTOR VEHICLE,NOT DIVIDED,NO CONTROLS,DISREGARDING TRAFFIC SIGNALS,UNABLE TO DETERMINE,0,0,1,1,22,7,12,386,BROADWAY,41.917866,-87.648836,12/23/2023 11:43:00 PM,2023
CR00039234,09/23/2021 06:04:00 AM,20,CLEAR,DARKNESS - LIGHTED ROAD,ANGLE,NOT DIVIDED,NO CONTROLS,UNABLE TO DETERMINE,NOT APPLICABLE,0,0,0,0,6,5,9,291,63RD ST,41.950644,-87.840015,09/23/2021 07:09:00 AM,2021
CR00039235,05/07/2023 06:47:00 PM,35,CLEAR,DAYLIGHT,FIXED OBJECT,DIVIDED - W/MEDIAN (NOT RAISED),NO CONTROLS,UNABLE TO DETERMINE,UNABLE TO DETERMINE,0,0,0,0,18,1,5,1407,ELSTON AVE,41.931757,-87.807557,05/07/2023 07:34:00 PM,2023
CR00039236,12/05/2015 04:46:00 PM,30,CLOUDY/OVERCAST,DAYLIGHT,TURNING,T-INTERSECTION,STOP SIGN/FLASHER,UNABLE TO DETERMINE,NOT APPLICABLE,0,0,0,0,16,7,12,1302,LAKE SHORE DR,41.979206,-87.709418,12/05/2015 06:03:00 PM,2015
CR00039237,06/14/2017 11:15:00 AM,30,CLEAR,DARKNESS - LIGHTED ROAD,REAR END,DIVIDED - W/MEDIAN BARRIER,NO CONTROLS,FOLLOWING TOO CLOSELY,FAILING TO YIELD RIGHT-OF-WAY,0,0,0,0,11,4,6,2260,DAMEN AVE,41.968991,-87.542725,06/14/2017 11:44:00 AM,2017
CR00039238,07/17/2016 06:24:00 PM,35,CLEAR,DAYLIGHT,REAR END,T-INTERSECTION,TRAFFIC SIGNAL,FAILING TO YIELD RIGHT-OF-WAY,WEATHER,0,0,0,0,18,1,7,117,ASHLAND AVE,41.968063,-87.636908,07/17/2016 07:33:00 PM,2016
CR00039239,05/02/2020 03:50:00 PM,30,SNOW,DAYLIGHT,TURNING,T-INTERSECTION,STOP SIGN/FLASHER,UNABLE TO DETERMINE,NOT APPLICABLE,0,1,0,1,15,7,5,488,ARCHER AVE,41.972029,-87.792854,05/02/2020 04:04:00 PM,2020
CR00039240,06/10/2023 12:45:00 PM,30,CLEAR,DAYLIGHT,TURNING,FOUR WAY,STOP SIGN/FLASHER,DISREGARDING TRAFFIC SIGNALS,UNABLE TO DETERMINE,0,0,0,0,12,7,6,379,DAMEN AVE,41.827465,-87.625571,06/10/2023 02:02:00 PM,2023
CR00039241,09/06/2015 11:16:00 PM,30,CLEAR,DARKNESS - LIGHTED ROAD,REAR TO FRONT,ONE-WAY,TRAFFIC SIGNAL,DISTRACTION - FROM INSIDE VEHICLE,NOT APPLICABLE,0,0,0,0,23,1,9,993,47TH ST,41.825754,-87.695006,09/07/2015 12:51:00 AM,2015
CR00039242,12/25/2024 05:53:00 PM,30,CLEAR,DAYLIGHT,FIXED OBJECT,NOT DIVIDED,NO CONTROLS,FAILING TO YIELD RIGHT-OF-WAY,UNABLE TO DETERMINE,0,0,0,0,17,4,12,1803,63RD ST,41.988483,-87.705958,12/25/2024 06:14:00 PM,2024
CR00039243,07/05/2020 03:17:00 AM,30,CLEAR,DAYLIGHT,FIXED OBJECT,ONE-WAY,STOP SIGN/FLASHER,UNABLE TO DETERMINE,DRIVING SKILLS/KNOWLEDGE/EXPERIENCE,0,0,0,0,3,1,7,522,MICHIGAN AVE,41.844078,-87.641673,07/05/2020 04:58:00 AM,2020
CR00039244,05/09/2016 04:11:00 PM,25,CLEAR,DAYLIGHT,ANGLE,NOT DIVIDED,NO CONTROLS,FAILING TO YIELD RIGHT-OF-WAY,FAILING TO YIELD RIGHT-OF-WAY,0,0,0,0,16,2,5,378,MILWAUKEE AVE,41.961074,-87.513885,05/09/2016 05:42:00 PM,2016
CR00039245,04/16/2018 07:47:00 AM,40,CLEAR,DAYLIGHT,FIXED OBJECT,DIVIDED - W/MEDIAN (NOT RAISED),TRAFFIC SIGNAL,FOLLOWING TOO CLOSELY,FOLLOWING TOO CLOSELY,0,0,0,0,7,2,4,1653,DIVISION ST,41.70966,-87.678954,04/16/2018 08:20:00 AM,2018
CR00039246,12/13/2019 10:16:00 AM,30,CLEAR,DAYLIGHT,TURNING,NOT DIVIDED,TRAFFIC SIGNAL,FAILING TO REDUCE SPEED,UNABLE TO DETERMINE,0,0,0,0,10,6,12,664,OGDEN AVE,41.998003,-87.500752,12/13/2019 11:13:00 AM,2019
CR00039247,12/28/2022 03:34:00 PM,30,CLEAR,DAYLIGHT,REAR END,NOT DIVIDED,TRAFFIC SIGNAL,FOLLOWING TOO CLOSELY,FAILING TO YIELD RIGHT-OF-WAY,0,0,0,0,15,4,12,2487,ELSTON AVE,41.778189,-87.513467,12/28/2022 05:22:00 PM,2022
CR00039248,11/30/2019 06:15:00 AM,30,CLEAR,DARKNESS,ANGLE,ONE-WAY,TRAFFIC SIGNAL,UNABLE TO DETERMINE,IMPROPER OVERTAKING/PASSING,0,0,0,0,6,7,11,2042,DAMEN AVE,41.851817,-87.594109,11/30/2019 07:15:00 AM,2019
CR00039249,11/04/2021 07:36:00 PM,45,CLEAR,DARKNESS - LIGHTED ROAD,REAR END,DIVIDED - W/MEDIAN BARRIER,TRAFFIC SIGNAL,UNABLE TO DETERMINE,UNABLE TO DETERMINE,0,0,0,0,19,5,11,2208,LAKE SHORE DR,41.855571,-87.693639,11/04/2021 08:46:00 PM,2021
CR00039250,11/02/2021 04:22:00 PM,20,CLEAR,DARKNESS - LIGHTED ROAD,FIXED OBJECT,NOT DIVIDED,NO CONTROLS,DRIVING SKILLS/KNOWLEDGE/EXPERIENCE,UNABLE TO DETERMINE,0,0,0,0,16,3,11,322,47TH ST,41.713276,-87.516924,11/02/2021 06:01:00 PM,2021
CR00039251,06/01/2017 12:57:00 AM,30,CLEAR,DAWN,REAR END,NOT DIVIDED,NO CONTROLS,UNABLE TO DETERMINE,NOT APPLICABLE,0,0,0,0,0,5,6,949,HALSTED ST,41.799576,-87.585676,06/01/2017 02:21:00 AM,2017
CR00039252,03/21/2021 01:32:00 PM,35,CLEAR,DAYLIGHT,ANGLE,ONE-WAY,UNKNOWN,FAILING TO YIELD RIGHT-OF-WAY,FAILING TO YIELD RIGHT-OF-WAY,0,1,0,1,13,1,3,2199,63RD ST,41.972008,-87.550597,03/21/2021 02:57:00 PM,2021
CR00039253,02/08/2023 04:22:00 PM,30,CLEAR,DAYLIGHT,SIDESWIPE SAME DIRECTION,NOT DIVIDED,NO CONTROLS,UNABLE TO DETERMINE,DISTRACTION - FROM INSIDE VEHICLE,0,0,0,0,16,4,2,300,OGDEN AVE,41.734649,-87.517964,02/08/2023 05:39:00 PM,2023
CR00039254,10/17/2021 03:25:00 AM,30,CLEAR,DUSK,TURNING,NOT DIVIDED,TRAFFIC SIGNAL,DRIVING SKILLS/KNOWLEDGE/EXPERIENCE,DRIVING SKILLS/KNOWLEDGE/EXPERIENCE,0,0,0,0,3,1,10,1053,LAKE SHORE DR,41.881508,-87.66469,10/17/2021 04:24:00 AM,2021
CR00039255,01/10/2017 10:33:00 AM,30,RAIN,DARKNESS - LIGHTED ROAD,ANGLE,NOT DIVIDED,YIELD,FAILING TO REDUCE SPEED,DRIVING SKILLS/KNOWLEDGE/EXPERIENCE,0,0,0,0,10,3,1,1225,CALIFORNIA AVE,41.813773,-87.790676,01/10/2017 11:47:00 AM,2017
CR00039256,04/09/2017 07:31:00 AM,40,RAIN,DARKNESS,PARKED MOTOR VEHICLE,FOUR WAY,NO CONTROLS,FAILING TO YIELD RIGHT-OF-WAY,FOLLOWING TOO CLOSELY,0,0,0,0,7,1,4,1438,CICERO AVE,41.955706,-87.551787,04/09/2017 08:07:00 AM,2017
CR00039257,08/06/2024 11:21:00 AM,40,CLOUDY/OVERCAST,DAYLIGHT,SIDESWIPE SAME DIRECTION,NOT DIVIDED,STOP SIGN/FLASHER,DISTRACTION - FROM INSIDE VEHICLE,NOT APPLICABLE,0,0,0,0,11,3,8,763,CALIFORNIA AVE,41.892181,-87.785941,08/06/2024 11:49:00 AM,2024
CR00039258,12/06/2022 09:57:00 AM,35,CLEAR,DARKNESS - LIGHTED ROAD,SIDESWIPE SAME DIRECTION,NOT DIVIDED,STOP SIGN/FLASHER,DRIVING SKILLS/KNOWLEDGE/EXPERIENCE,UNABLE TO DETERMINE,0,0,1,1,9,3,12,2033,OGDEN AVE,41.82218,-87.601028,12/06/2022 10:49:00 AM,2022