CRASH_RECORD_ID,CRASH_DATE,POSTED_SPEED_LIMIT,WEATHER_CONDITION,LIGHTING_CONDITION,FIRST_CRASH_TYPE,TRAFFICWAY_TYPE,TRAFFIC_CONTROL_DEVICE,PRIM_CONTRIBUTORY_CAUSE,SEC_CONTRIBUTORY_CAUSE,INJURIES_FATAL,INJURIES_INCAPACITATING,INJURIES_NON_INCAPACITATING,INJURIES_TOTAL,CRASH_HOUR,CRASH_DAY_OF_WEEK,CRASH_MONTH,BEAT_OF_OCCURRENCE,STREET_NAME,LATITUDE,LONGITUDE,DATE_POLICE_NOTIFIED,year
CR00039259,01/11/2020 07:08:00 PM,35,CLOUDY/OVERCAST,DARKNESS - LIGHTED ROAD,TURNING,ONE-WAY,STOP SIGN/FLASHER,FOLLOWING TOO CLOSELY,UNABLE TO DETERMINE,0,0,0,0,19,7,1,436,CALIFORNIA AVE,41.733139,-87.513782,01/11/2020 07:44:00 PM,2020
CR00039260,12/24/2019 01:39:00 PM,30,CLEAR,DAYLIGHT,REAR END,NOT DIVIDED,NO CONTROLS,UNABLE TO DETERMINE,IMPROPER LANE USAGE,0,0,0,0,13,3,12,1032,LAKE SHORE DR,41.844028,-87.611514,12/24/2019 02:52:00 PM,2019
CR00039261,02/16/2023 03:09:00 PM,30,RAIN,DARKNESS - LIGHTED ROAD,SIDESWIPE SAME DIRECTION,DIVIDED - W/MEDIAN BARRIER,NO CONTROLS,FAILING TO REDUCE SPEED,FAILING TO YIELD RIGHT-OF-WAY,0,0,0,0,15,5,2,928,KEDZIE AVE,41.786754,-87.556101,02/16/2023 03:20:00 PM,2023
CR00039262,09/22/2023 02:23:00 AM,35,CLEAR,DAYLIGHT,REAR TO FRONT,ONE-WAY,NO CONTROLS,DISREGARDING TRAFFIC SIGNALS,UNABLE TO DETERMINE,0,0,0,0,2,6,9,667,IRVING PARK RD,41.954978,-87.758049,09/22/2023 03:22:00 AM,2023
CR00039263,10/22/2024 10:20:00 AM,30,CLEAR,DAYLIGHT,ANGLE,FOUR WAY,NO CONTROLS,DRIVING SKILLS/KNOWLEDGE/EXPERIENCE,UNABLE TO DETERMINE,0,0,1,1,10,3,10,988,OGDEN AVE,41.92721,-87.73366,10/22/2024 10:49:00 AM,2024
CR00039264,02/16/2024 07:11:00 PM,30,CLEAR,DUSK,REAR END,NOT DIVIDED,TRAFFIC SIGNAL,UNABLE TO DETERMINE,FAILING TO YIELD RIGHT-OF-WAY,0,0,0,0,19,6,2,451,FULLERTON AVE,41.737633,-87.705891,02/16/2024 08:50:00 PM,2024
CR00039265,06/02/2020 04:44:00 PM,20,CLEAR,DAYLIGHT,PARKED MOTOR VEHICLE,NOT DIVIDED,NO CONTROLS,DISREGARDING TRAFFIC SIGNALS,FOLLOWING TOO CLOSELY,0,0,0,0,16,3,6,1148,ASHLAND AVE,41.720165,-87.536373,06/02/2020 06:04:00 PM,2020
CR00039266,06/14/2015 09:03:00 PM,35,CLEAR,DARKNESS - LIGHTED ROAD,SIDESWIPE SAME DIRECTION,ONE-WAY,STOP SIGN/FLASHER,UNABLE TO DETERMINE,NOT APPLICABLE,0,0,1,1,21,1,6,836,CICERO AVE,41.93742,-87.815591,06/14/2015 10:46:00 PM,2015
CR00039267,02/15/2019 11:07:00 PM,20,FOG/SMOKE/HAZE,DARKNESS - LIGHTED ROAD,TURNING,NOT DIVIDED,UNKNOWN,FOLLOWING TOO CLOSELY,UNABLE TO DETERMINE,0,0,0,0,23,6,2,1643,79TH ST,41.742759,-87.612761,02/16/2019 12:24:00 AM,2019
CR00039268,12/21/2024 03:35:00 PM,30,RAIN,DAYLIGHT,REAR END,FOUR WAY,NO CONTROLS,DISREGARDING TRAFFIC SIGNALS,NOT APPLICABLE,0,2,2,4,15,7,12,2173,MICHIGAN AVE,41.830619,-87.625126,12/21/2024 03:39:00 PM,2024
CR00039269,01/27/2019 12:25:00 AM,35,CLEAR,DAYLIGHT,FIXED OBJECT,DIVIDED - W/MEDIAN (NOT RAISED),YIELD,FOLLOWING TOO CLOSELY,UNABLE TO DETERMINE,0,0,0,0,0,1,1,589,HALSTED ST,41.784816,-87.792008,01/27/2019 12:26:00 AM,2019
CR00039270,08/27/2024 11:04:00 AM,30,CLEAR,DARKNESS,TURNING,ONE-WAY,STOP SIGN/FLASHER,UNABLE TO DETERMINE,FOLLOWING TOO CLOSELY,0,0,0,0,11,3,8,1756,WESTERN AVE,41.828744,-87.839205,08/27/2024 12:07:00 PM,2024
CR00039271,06/07/2020 05:11:00 PM,35,CLEAR,DARKNESS,REAR TO FRONT,DIVIDED - W/MEDIAN (NOT RAISED),NO CONTROLS,FOLLOWING TOO CLOSELY,DRIVING SKILLS/KNOWLEDGE/EXPERIENCE,0,2,3,5,17,1,6,182,KEDZIE AVE,41.854115,-87.728438,06/07/2020 06:52:00 PM,2020
CR00039272,02/08/2016 03:29:00 PM,15,CLEAR,DUSK,ANGLE,NOT DIVIDED,TRAFFIC SIGNAL,FOLLOWING TOO CLOSELY,UNABLE TO DETERMINE,0,0,0,0,15,2,2,2015,DAMEN AVE,41.755508,-87.586599,02/08/2016 04:21:00 PM,2016
CR00039273,03/24/2022 06:47:00 PM,20,CLEAR,DARKNESS - LIGHTED ROAD,REAR END,NOT DIVIDED,TRAFFIC SIGNAL,FAILING TO YIELD RIGHT-OF-WAY,DISREGARDING TRAFFIC SIGNALS,0,0,0,0,18,5,3,1680,79TH ST,41.863723,-87.508966,03/24/2022 08:02:00 PM,2022
CR00039274,12/15/2019 01:30:00 PM,30,CLEAR,DAYLIGHT,REAR END,NOT DIVIDED,STOP SIGN/FLASHER,UNABLE TO DETERMINE,FAILING TO YIELD RIGHT-OF-WAY,0,0,0,0,13,1,12,1984,OGDEN AVE,41.883499,-87.536361,12/15/2019 02:19:00 PM,2019
CR00039275,02/08/2015 01:20:00 PM,30,SNOW,DAYLIGHT,REAR END,ONE-WAY,NO CONTROLS,DISREGARDING TRAFFIC SIGNALS,NOT APPLICABLE,0,0,0,0,13,1,2,905,KEDZIE AVE,41.85598,-87.675494,02/08/2015 03:17:00 PM,2015
CR00039276,06/17/2017 08:46:00 PM,40,CLEAR,DAYLIGHT,REAR END,FOUR WAY,STOP SIGN/FLASHER,UNABLE TO DETERMINE,IMPROPER LANE USAGE,0,0,0,0,20,7,6,1429,HALSTED ST,41.865216,-87.664092,06/17/2017 08:55:00 PM,2017
CR00039277,05/07/2017 01:23:00 PM,30,CLEAR,DAYLIGHT,ANGLE,NOT DIVIDED,TRAFFIC SIGNAL,UNABLE TO DETERMINE,WEATHER,0,0,0,0,13,1,5,1393,HALSTED ST,41.706404,-87.632838,05/07/2017 03:09:00 PM,2017
CR00039278,01/19/2020 05:06:00 PM,40,CLEAR,DAYLIGHT,REAR END,FOUR WAY,NO CONTROLS,UNABLE TO DETERMINE,UNABLE TO DETERMINE,0,1,3,4,17,1,1,2314,MILWAUKEE AVE,41.864088,-87.579352,01/19/2020 06:14:00 PM,2020
CR00039279,08/09/2015 10:14:00 PM,15,CLEAR,DAYLIGHT,REAR END,DIVIDED - W/MEDIAN (NOT RAISED),TRAFFIC SIGNAL,FAILING TO YIELD RIGHT-OF-WAY,WEATHER,0,0,0,0,22,1,8,561,DAMEN AVE,41.864321,-87.733005,08/09/2015 11:15:00 PM,2015
CR00039280,12/25/2022 06:48:00 PM,30,FREEZING RAIN/DRIZZLE,DARKNESS - LIGHTED ROAD,ANGLE,DIVIDED - W/MEDIAN (NOT RAISED),STOP SIGN/FLASHER,IMPROPER OVERTAKING/PASSING,IMPROPER OVERTAKING/PASSING,0,0,0,0,18,1,12,691,CICERO AVE,41.88656,-87.556856,12/25/2022 08:19:00 PM,2022
CR00039281,06/07/2017 08:12:00 AM,35,SNOW,DAYLIGHT,SIDESWIPE SAME DIRECTION,FOUR WAY,PEDESTRIAN CROSSING SIGN,FOLLOWING TOO CLOSELY,DISREGARDING TRAFFIC SIGNALS,0,0,0,0,8,4,6,2515,CICERO AVE,41.974559,-87.791005,06/07/2017 09:56:00 AM,2017
CR00039282,07/12/2015 02:22:00 PM,30,CLEAR,DARKNESS - LIGHTED ROAD,REAR END,NOT DIVIDED,STOP SIGN/FLASHER,UNABLE TO DETERMINE,FOLLOWING TOO CLOSELY,0,0,3,3,14,1,7,1183,CICERO AVE,41.83439,-87.54721,07/12/2015 03:25:00 PM,2015
CR00039283,01/02/2019 08:20:00 PM,25,CLEAR,DARKNESS - LIGHTED ROAD,FIXED OBJECT,T-INTERSECTION,STOP SIGN/FLASHER,DISTRACTION - FROM INSIDE VEHICLE,FOLLOWING TOO CLOSELY,0,0,0,0,20,4,1,749,WESTERN AVE,41.894318,-87.643885,01/02/2019 10:04:00 PM,2019
CR00039284,04/22/2018 10:47:00 PM,30,CLEAR,DARKNESS,REAR END,DIVIDED - W/MEDIAN (NOT RAISED),TRAFFIC SIGNAL,IMPROPER LANE USAGE,WEATHER,0,1,1,2,22,1,4,1504,MICHIGAN AVE,41.971887,-87.652464,04/23/2018 12:03:00 AM,2018
CR00039285,05/11/2020 08:06:00 AM,30,CLEAR,DARKNESS,REAR END,FOUR WAY,STOP SIGN/FLASHER,FAILING TO REDUCE SPEED,UNABLE TO DETERMINE,0,0,0,0,8,2,5,1568,47TH ST,41.866034,-87.598218,05/11/2020 08:57:00 AM,2020
CR00039286,02/01/2024 03:17:00 AM,30,CLEAR,DAYLIGHT,TURNING,DIVIDED - W/MEDIAN BARRIER,PEDESTRIAN CROSSING SIGN,FAILING TO YIELD RIGHT-OF-WAY,WEATHER,0,0,3,3,3,5,2,941,LAKE SHORE DR,41.994739,-87.731171,02/01/2024 05:10:00 AM,2024
CR00039287,02/02/2016 08:07:00 PM,20,CLEAR,DAYLIGHT,REAR END,NOT DIVIDED,TRAFFIC SIGNAL,FAILING TO YIELD RIGHT-OF-WAY,NOT APPLICABLE,0,0,0,0,20,3,2,1289,MILWAUKEE AVE,41.72655,-87.687527,02/02/2016 08:48:00 PM,2016
CR00039288,07/24/2017 12:25:00 PM,15,CLEAR,DAYLIGHT,PARKED MOTOR VEHICLE,T-INTERSECTION,NO CONTROLS,FAILING TO YIELD RIGHT-OF-WAY,NOT APPLICABLE,0,0,0,0,12,2,7,2475,ELSTON AVE,41.807138,-87.538441,07/24/2017 01:34:00 PM,2017
CR00039289,11/11/2021 12:56:00 AM,30,CLEAR,DAYLIGHT,REAR END,ONE-WAY,NO CONTROLS,DRIVING SKILLS/KNOWLEDGE/EXPERIENCE,FOLLOWING TOO CLOSELY,0,0,0,0,0,5,11,1153,DAMEN AVE,41.704886,-87.816338,11/11/2021 02:27:00 AM,2021
CR00039290,10/28/2020 06:51:00 PM,30,RAIN,DARKNESS,REAR TO FRONT,DIVIDED - W/MEDIAN (NOT RAISED),TRAFFIC SIGNAL,DRIVING SKILLS/KNOWLEDGE/EXPERIENCE,NOT APPLICABLE,0,0,0,0,18,4,10,1761,DIVISION ST,41.760687,-87.573674,10/28/2020 07:04:00 PM,2020
CR00039291,01/24/2021 05:12:00 PM,30,CLEAR,DAYLIGHT,ANGLE,DIVIDED - W/MEDIAN BARRIER,NO CONTROLS,UNABLE TO DETERMINE,IMPROPER LANE USAGE,0,0,3,3,17,1,1,423,STATE ST,41.935835,-87.69109,01/24/2021 06:25:00 PM,2021
CR00039292,07/10/2022 05:34:00 PM,15,CLEAR,DARKNESS - LIGHTED ROAD,TURNING,DIVIDED - W/MEDIAN BARRIER,NO CONTROLS,IMPROPER OVERTAKING/PASSING,UNABLE TO DETERMINE,0,0,0,0,17,1,7,137,79TH ST,41.840946,-87.588905,07/10/2022 06:55:00 PM,2022
CR00039293,08/12/2023 10:19:00 PM,20,CLEAR,DARKNESS,ANGLE,ONE-WAY,TRAFFIC SIGNAL,FAILING TO REDUCE SPEED,FOLLOWING TOO CLOSELY,0,0,0,0,22,7,8,2341,MILWAUKEE AVE,41.732245,-87.649079,08/12/2023 11:55:00 PM,2023
CR00039294,01/22/2023 08:41:00 AM,15,SNOW,DAYLIGHT,REAR END,NOT DIVIDED,TRAFFIC SIGNAL,UNABLE TO DETERMINE,FAILING TO YIELD RIGHT-OF-WAY,0,0,0,0,8,1,1,583,DIVISION ST,41.800036,-87.655185,01/22/2023 09:40:00 AM,2023
CR00039295,12/23/2018 08:03:00 PM,30,CLEAR,DAYLIGHT,TURNING,NOT DIVIDED,NO CONTROLS,FOLLOWING TOO CLOSELY,UNABLE TO DETERMINE,0,0,1,1,20,1,12,1059,CLARK ST,41.853457,-87.543605,12/23/2018 08:48:00 PM,2018
CR00039296,08/16/2015 03:11:00 PM,35,CLEAR,DARKNESS - LIGHTED ROAD,REAR END,ONE-WAY,NO CONTROLS,FOLLOWING TOO CLOSELY,DRIVING SKILLS/KNOWLEDGE/EXPERIENCE,0,2,0,2,15,1,8,2024,MICHIGAN AVE,41.767632,-87.512083,08/16/2015 04:22:00 PM,2015
CR00039297,10/04/2020 05:25:00 AM,40,SNOW,DAYLIGHT,TURNING,NOT DIVIDED,NO CONTROLS,UNABLE TO DETERMINE,FOLLOWING TOO CLOSELY,0,2,2,4,5,1,10,1475,ELSTON AVE,41.995029,-87.825443,10/04/2020 06:55:00 AM,2020
CR00039298,07/16/2017 07:43:00 PM,35,RAIN,DARKNESS - LIGHTED ROAD,REAR END,NOT DIVIDED,TRAFFIC SIGNAL,UNABLE TO DETERMINE,NOT APPLICABLE,0,0,0,0,19,1,7,389,CICERO AVE,41.84819,-87.551927,07/16/2017 09:30:00 PM,2017
CR00039299,06/30/2017 04:35:00 PM,25,CLEAR,DAYLIGHT,PARKED MOTOR VEHICLE,NOT DIVIDED,TRAFFIC SIGNAL,FAILING TO REDUCE SPEED,FOLLOWING TOO CLOSELY,0,0,3,3,16,6,6,243,WESTERN AVE,41.899862,-87.795797,06/30/2017 05:42:00 PM,2017
CR00039300,10/19/2018 08:45:00 AM,35,CLEAR,DARKNESS - LIGHTED ROAD,REAR END,T-INTERSECTION,TRAFFIC SIGNAL,FAILING TO YIELD RIGHT-OF-WAY,FAILING TO YIELD RIGHT-OF-WAY,0,0,0,0,8,6,10,2302,CICERO AVE,41.718781,-87.634856,10/19/2018 10:19:00 AM,2018
CR00039301,11/01/2023 10:24:00 AM,45,CLEAR,DAYLIGHT,PARKED MOTOR VEHICLE,FOUR WAY,NO CONTROLS,IMPROPER OVERTAKING/PASSING,UNABLE TO DETERMINE,0,0,0,0,10,4,11,2371,WESTERN AVE,41.92596,-87.537715,11/01/2023 10:40:00 AM,2023
CR00039302,11/06/2017 09:28:00 AM,30,CLEAR,DAWN,REAR END,NOT DIVIDED,STOP SIGN/FLASHER,DISTRACTION - FROM INSIDE VEHICLE,NOT APPLICABLE,0,0,0,0,9,2,11,2378,KEDZIE AVE,41.825913,-87.705119,11/06/2017 11:14:00 AM,2017
CR00039303,09/18/2021 01:38:00 AM,30,CLEAR,DAYLIGHT,ANGLE,DIVIDED - W/MEDIAN (NOT RAISED),NO CONTROLS,UNABLE TO DETERMINE,FAILING TO REDUCE SPEED,0,0,1,1,1,7,9,1829,79TH ST,41.958505,-87.51669,09/18/2021 03:13:00 AM,2021
CR00039304,11/26/2022 03:23:00 AM,20,CLEAR,DAYLIGHT,ANGLE,NOT DIVIDED,TRAFFIC SIGNAL,WEATHER,FOLLOWING TOO CLOSELY,0,0,1,1,3,7,11,2191,LAKE SHORE DR,41.958654,-87.627005,11/26/2022 04:59:00 AM,2022
CR00039305,01/03/2021 06:17:00 PM,15,CLEAR,DAYLIGHT,TURNING,NOT DIVIDED,TRAFFIC SIGNAL,UNABLE TO DETERMINE,DRIVING SKILLS/KNOWLEDGE/EXPERIENCE,0,0,0,0,18,1,1,1356,47TH ST,41.799431,-87.821284,01/03/2021 06:40:00 PM,2021
CR00039306,01/14/2018 04:22:00 PM,30,CLEAR,DAWN,FIXED OBJECT,DIVIDED - W/MEDIAN (NOT RAISED),TRAFFIC SIGNAL,DISREGARDING TRAFFIC SIGNALS,FOLLOWING TOO CLOSELY,0,0,0,0,16,1,1,1026,47TH ST,41.741134,-87.760992,01/14/2018 04:35:00 PM,2018
CR00039307,03/20/2017 07:20:00 PM,30,CLEAR,DAYLIGHT,TURNING,DIVIDED - W/MEDIAN (NOT RAISED),NO CONTROLS,FAILING TO YIELD RIGHT-OF-WAY,UNABLE TO DETERMINE,0,0,0,0,19,2,3,383,79TH ST,41.786287,-87.631878,03/20/2017 07:29:00 PM,2017
CR00039308,04/21/2016 10:13:00 AM,35,CLEAR,DAYLIGHT,PEDESTRIAN,ONE-WAY,TRAFFIC SIGNAL,FAILING TO YIELD RIGHT-OF-WAY,UNABLE TO DETERMINE,0,0,0,0,10,5,4,134,CICERO AVE,41.927234,-87.589253,04/21/2016 10:46:00 AM,2016
CR00039309,07/15/2015 07:09:00 AM,30,SNOW,DAYLIGHT,REAR END,NOT DIVIDED,NO CONTROLS,UNABLE TO DETERMINE,UNABLE TO DETERMINE,0,0,0,0,7,4,7,736,MILWAUKEE AVE,41.803257,-87.516186,07/15/2015 08:43:00 AM,2015
CR00039310,08/27/2020 01:12:00 AM,25,SNOW,DAYLIGHT,REAR END,NOT DIVIDED,TRAFFIC SIGNAL,UNABLE TO DETERMINE,FAILING TO YIELD RIGHT-OF-WAY,0,0,0,0,1,5,8,626,BROADWAY,41.834537,-87.522985,08/27/2020 02:30:00 AM,2020
CR00039311,09/22/2024 11:31:00 AM,20,CLEAR,DAYLIGHT,SIDESWIPE SAME DIRECTION,DIVIDED - W/MEDIAN (NOT RAISED),STOP SIGN/FLASHER,UNABLE TO DETERMINE,NOT APPLICABLE,0,0,0,0,11,1,9,823,HALSTED ST,41.734629,-87.550824,09/22/2024 12:58:00 PM,2024
CR00039312,06/02/2017 05:12:00 PM,35,CLEAR,DUSK,REAR END,NOT DIVIDED,TRAFFIC SIGNAL,IMPROPER LANE USAGE,UNABLE TO DETERMINE,0,0,0,0,17,6,6,271,WESTERN AVE,41.943188,-87.6718,06/02/2017 05:32:00 PM,2017
CR00039313,10/13/2015 06:30:00 PM,40,CLEAR,DUSK,FIXED OBJECT,DIVIDED - W/MEDIAN (NOT RAISED),NO CONTROLS,FAILING TO YIELD RIGHT-OF-WAY,WEATHER,0,0,0,0,18,3,10,822,LAKE SHORE DR,41.709617,-87.701145,10/13/2015 07:26:00 PM,2015
CR00039314,10/14/2022 06:48:00 AM,30,CLEAR,DARKNESS - LIGHTED ROAD,REAR END,ONE-WAY,NO CONTROLS,FAILING TO YIELD RIGHT-OF-WAY,FAILING TO YIELD RIGHT-OF-WAY,0,0,0,0,6,6,10,519,WESTERN AVE,41.902131,-87.710669,10/14/2022 07:42:00 AM,2022
CR00039315,01/04/2021 09:22:00 PM,40,FOG/SMOKE/HAZE,DARKNESS - LIGHTED ROAD,PARKED MOTOR VEHICLE,ONE-WAY,NO CONTROLS,FOLLOWING TOO CLOSELY,UNABLE TO DETERMINE,0,0,0,0,21,2,1,2228,ARCHER AVE,41.908313,-87.617664,01/04/2021 11:06:00 PM,2021
CR00039316,08/01/2015 08:49:00 AM,35,CLEAR,DAYLIGHT,TURNING,DIVIDED - W/MEDIAN (NOT RAISED),UNKNOWN,IMPROPER LANE USAGE,NOT APPLICABLE,0,0,0,0,8,7,8,1148,CALIFORNIA AVE,41.871697,-87.759225,08/01/2015 10:17:00 AM,2015
CR00039317,06/05/2024 07:16:00 AM,30,CLOUDY/OVERCAST,DARKNESS - LIGHTED ROAD,SIDESWIPE SAME DIRECTION,T-INTERSECTION,STOP SIGN/FLASHER,WEATHER,FAILING TO YIELD RIGHT-OF-WAY,0,0,0,0,7,4,6,930,MICHIGAN AVE,41.866629,-87.597965,06/05/2024 08:55:00 AM,2024
CR00039318,02/11/2022 09:33:00 PM,15,CLEAR,DARKNESS - LIGHTED ROAD,TURNING,NOT DIVIDED,NO CONTROLS,UNABLE TO DETERMINE,FOLLOWING TOO CLOSELY,0,0,0,0,21,6,2,2473,LAKE SHORE DR,41.984765,-87.552864,02/11/2022 10:05:00 PM,2022
CR00039319,12/22/2016 11:03:00 AM,35,FREEZING RAIN/DRIZZLE,DUSK,REAR END,ONE-WAY,YIELD,DISTRACTION - FROM INSIDE VEHICLE,NOT APPLICABLE,0,0,0,0,11,5,12,101,FULLERTON AVE,41.765015,-87.715039,12/22/2016 12:58:00 PM,2016
CR00039320,07/15/2024 08:00:00 PM,30,CLEAR,DAYLIGHT,REAR END,NOT DIVIDED,NO CONTROLS,FAILING TO YIELD RIGHT-OF-WAY,DISREGARDING TRAFFIC SIGNALS,0,0,0,0,20,2,7,399,STONY ISLAND AVE,41.788413,-87.607524,07/15/2024 09:45:00 PM,2024
CR00039321,04/13/2022 04:29:00 PM,30,CLEAR,DAYLIGHT,REAR END,NOT DIVIDED,NO CONTROLS,IMPROPER LANE USAGE,IMPROPER OVERTAKING/PASSING,0,0,0,0,16,4,4,1506,BROADWAY,41.959307,-87.735217,04/13/2022 04:49:00 PM,2022
CR00039322,08/05/2015 04:55:00 PM,20,SNOW,DAYLIGHT,REAR TO FRONT,DIVIDED - W/MEDIAN (NOT RAISED),TRAFFIC SIGNAL,IMPROPER OVERTAKING/PASSING,FAILING TO YIELD RIGHT-OF-WAY,0,0,0,0,16,4,8,1340,OGDEN AVE,41.808038,-87.76905,08/05/2015 05:31:00 PM,2015
CR00039323,06/10/2016 04:12:00 PM,30,CLEAR,DAYLIGHT,SIDESWIPE SAME DIRECTION,DIVIDED - W/MEDIAN (NOT RAISED),NO CONTROLS,FAILING TO YIELD RIGHT-OF-WAY,DRIVING SKILLS/KNOWLEDGE/EXPERIENCE,0,0,0,0,16,6,6,1531,ARCHER AVE,41.966738,-87.543361,06/10/2016 04:25:00 PM,2016
CR00039324,01/20/2021 04:05:00 PM,30,CLEAR,DAYLIGHT,ANGLE,FOUR WAY,NO CONTROLS,DRIVING SKILLS/KNOWLEDGE/EXPERIENCE,WEATHER,0,0,0,0,16,4,1,1989,MICHIGAN AVE,41.799588,-87.525503,01/20/2021 05:14:00 PM,2021
CR00039325,07/15/2015 01:55:00 AM,30,RAIN,DAYLIGHT,REAR END,DIVIDED - W/MEDIAN (NOT RAISED),PEDESTRIAN CROSSING SIGN,DISTRACTION - FROM INSIDE VEHICLE,UNABLE TO DETERMINE,0,0,0,0,1,4,7,1429,CLARK ST,41.87316,-87.817098,07/15/2015 02:38:00 AM,2015
CR00039326,09/11/2017 04:12:00 PM,30,CLEAR,DAYLIGHT,REAR END,DIVIDED - W/MEDIAN (NOT RAISED),TRAFFIC SIGNAL,UNABLE TO DETERMINE,UNABLE TO DETERMINE,0,0,0,0,16,2,9,2353,79TH ST,41.749568,-87.545429,09/11/2017 05:06:00 PM,2017
CR00039327,12/19/2018 07:52:00 PM,25,CLEAR,DARKNESS,REAR TO FRONT,DIVIDED - W/MEDIAN (NOT RAISED),NO CONTROLS,UNABLE TO DETERMINE,DISTRACTION - FROM INSIDE VEHICLE,0,0,0,0,19,4,12,1574,STONY ISLAND AVE,41.936932,-87.524855,12/19/2018 09:38:00 PM,2018
CR00039328,07/19/2018 08:54:00 AM,15,RAIN,DARKNESS,REAR END,NOT DIVIDED,UNKNOWN,DRIVING SKILLS/KNOWLEDGE/EXPERIENCE,DRIVING SKILLS/KNOWLEDGE/EXPERIENCE,0,1,2,3,8,5,7,1901,BROADWAY,41.809373,-87.71832,07/19/2018 10:50:00 AM,2018
CR00039329,02/03/2017 08:18:00 PM,35,SNOW,DAYLIGHT,REAR END,FOUR WAY,NO CONTROLS,IMPROPER LANE USAGE,DRIVING SKILLS/KNOWLEDGE/EXPERIENCE,0,0,3,3,20,6,2,975,IRVING PARK RD,41.929139,-87.518539,02/03/2017 10:17:00 PM,2017
CR00039330,05/09/2015 07:05:00 PM,30,RAIN,DARKNESS - LIGHTED ROAD,SIDESWIPE SAME DIRECTION,DIVIDED - W/MEDIAN BARRIER,NO CONTROLS,DRIVING SKILLS/KNOWLEDGE/EXPERIENCE,UNABLE TO DETERMINE,0,0,0,0,19,7,5,2407,MICHIGAN AVE,41.842451,-87.594807,05/09/2015 07:50:00 PM,2015
CR00039331,10/06/2018 08:29:00 PM,35,RAIN,DAYLIGHT,SIDESWIPE SAME DIRECTION,ONE-WAY,NO CONTROLS,FAILING TO YIELD RIGHT-OF-WAY,IMPROPER OVERTAKING/PASSING,0,0,2,2,20,7,10,2394,ASHLAND AVE,41.732149,-87.821877,10/06/2018 09:09:00 PM,2018
CR00039332,06/16/2024 11:24:00 PM,30,CLEAR,DAYLIGHT,SIDESWIPE SAME DIRECTION,ONE-WAY,NO CONTROLS,FAILING TO YIELD RIGHT-OF-WAY,FAILING TO YIELD RIGHT-OF-WAY,0,0,0,0,23,1,6,353,PULASKI RD,41.946901,-87.592498,06/16/2024 11:34:00 PM,2024
CR00039333,08/02/2015 10:39:00 AM,40,RAIN,DARKNESS - LIGHTED ROAD,PARKED MOTOR VEHICLE,DIVIDED - W/MEDIAN (NOT RAISED),NO CONTROLS,FOLLOWING TOO CLOSELY,NOT APPLICABLE,0,0,0,0,10,1,8,1713,IRVING PARK RD,41.792588,-87.513,08/02/2015 11:18:00 AM,2015
CR00039334,08/19/2022 07:13:00 AM,30,CLEAR,DAYLIGHT,REAR END,NOT DIVIDED,NO CONTROLS,UNABLE TO DETERMINE,IMPROPER OVERTAKING/PASSING,0,1,2,3,7,6,8,2193,STATE ST,41.880453,-87.727945,08/19/2022 07:25:00 AM,2022
CR00039335,03/01/2020 08:26:00 AM,25,CLEAR,DAYLIGHT,PEDESTRIAN,DIVIDED - W/MEDIAN BARRIER,NO CONTROLS,FAILING TO REDUCE SPEED,IMPROPER OVERTAKING/PASSING,0,0,0,0,8,1,3,1108,63RD ST,41.898003,-87.770935,03/01/2020 09:41:00 AM,2020
CR00039336,12/20/2022 01:13:00 PM,40,SNOW,DAYLIGHT,PARKED MOTOR VEHICLE,DIVIDED - W/MEDIAN BARRIER,NO CONTROLS,IMPROPER OVERTAKING/PASSING,FOLLOWING TOO CLOSELY,0,0,0,0,13,3,12,247,HALSTED ST,41.874652,-87.721985,12/20/2022 01:30:00 PM,2022
CR00039337,07/31/2018 11:08:00 PM,35,CLEAR,DAYLIGHT,REAR TO FRONT,NOT DIVIDED,STOP SIGN/FLASHER,IMPROPER LANE USAGE,FAILING TO YIELD RIGHT-OF-WAY,0,0,0,0,23,3,7,1675,CICERO AVE,41.981954,-87.507647,08/01/2018 12:18:00 AM,2018
CR00039338,08/19/2016 05:32:00 PM,30,CLEAR,DAYLIGHT,REAR END,NOT DIVIDED,STOP SIGN/FLASHER,FOLLOWING TOO CLOSELY,DRIVING SKILLS/KNOWLEDGE/EXPERIENCE,0,0,0,0,17,6,8,603,STONY ISLAND AVE,41.970818,-87.837834,08/19/2016 05:36:00 PM,2016
CR00039339,04/27/2015 11:59:00 AM,30,CLEAR,DAYLIGHT,FIXED OBJECT,FOUR WAY,STOP SIGN/FLASHER,FOLLOWING TOO CLOSELY,FOLLOWING TOO CLOSELY,0,0,0,0,11,2,4,2232,DIVISION ST,41.832886,-87.703975,04/27/2015 12:43:00 PM,2015
CR00039340,05/24/2021 04:49:00 PM,40,CLEAR,DAYLIGHT,PARKED MOTOR VEHICLE,DIVIDED - W/MEDIAN (NOT RAISED),UNKNOWN,IMPROPER LANE USAGE,UNABLE TO DETERMINE,0,0,3,3,16,2,5,1981,PULASKI RD,41.734576,-87.656172,05/24/2021 06:23:00 PM,2021
CR00039341,01/11/2015 02:02:00 PM,40,RAIN,DARKNESS - LIGHTED ROAD,REAR END,NOT DIVIDED,TRAFFIC SIGNAL,FOLLOWING TOO CLOSELY,UNABLE TO DETERMINE,0,0,1,1,14,1,1,345,ROOSEVELT RD,41.940038,-87.506517,01/11/2015 03:21:00 PM,2015