CRASH_RECORD_ID,CRASH_DATE,POSTED_SPEED_LIMIT,WEATHER_CONDITION,LIGHTING_CONDITION,FIRST_CRASH_TYPE,TRAFFICWAY_TYPE,TRAFFIC_CONTROL_DEVICE,PRIM_CONTRIBUTORY_CAUSE,SEC_CONTRIBUTORY_CAUSE,INJURIES_FATAL,INJURIES_INCAPACITATING,INJURIES_NON_INCAPACITATING,INJURIES_TOTAL,CRASH_HOUR,CRASH_DAY_OF_WEEK,CRASH_MONTH,BEAT_OF_OCCURRENCE,STREET_NAME,LATITUDE,LONGITUDE,DATE_POLICE_NOTIFIED,year
CR00039342,05/06/2016 06:09:00 PM,35,CLEAR,DARKNESS - LIGHTED ROAD,REAR END,ONE-WAY,TRAFFIC SIGNAL,UNABLE TO DETERMINE,DISTRACTION - FROM INSIDE VEHICLE,0,0,0,0,18,6,5,738,STATE ST,41.994324,-87.580728,05/06/2016 08:00:00 PM,2016
CR00039343,03/25/2015 05:41:00 PM,15,CLEAR,DARKNESS,PARKED MOTOR VEHICLE,NOT DIVIDED,UNKNOWN,FAILING TO REDUCE SPEED,DISTRACTION - FROM INSIDE VEHICLE,0,0,3,3,17,4,3,812,47TH ST,41.859864,-87.602875,03/25/2015 05:53:00 PM,2015
CR00039344,09/03/2015 09:15:00 AM,35,CLEAR,DAYLIGHT,TURNING,ONE-WAY,NO CONTROLS,DISTRACTION - FROM INSIDE VEHICLE,DISTRACTION - FROM INSIDE VEHICLE,0,0,1,1,9,5,9,2499,STONY ISLAND AVE,41.711434,-87.803722,09/03/2015 10:12:00 AM,2015
CR00039345,02/26/2024 02:58:00 PM,35,CLEAR,DAYLIGHT,TURNING,DIVIDED - W/MEDIAN (NOT RAISED),NO CONTROLS,FAILING TO YIELD RIGHT-OF-WAY,DISREGARDING TRAFFIC SIGNALS,0,0,0,0,14,2,2,2028,WESTERN AVE,41.78773,-87.629262,02/26/2024 04:35:00 PM,2024
CR00039346,07/15/2021 08:31:00 AM,30,CLEAR,DAYLIGHT,REAR END,NOT DIVIDED,TRAFFIC SIGNAL,IMPROPER OVERTAKING/PASSING,UNABLE TO DETERMINE,0,0,0,0,8,5,7,1614,STONY ISLAND AVE,41.757621,-87.590478,07/15/2021 10:04:00 AM,2021
CR00039347,08/22/2019 07:51:00 AM,30,CLEAR,DAYLIGHT,TURNING,NOT DIVIDED,TRAFFIC SIGNAL,FOLLOWING TOO CLOSELY,IMPROPER OVERTAKING/PASSING,0,0,0,0,7,5,8,2450,BROADWAY,41.716527,-87.70773,08/22/2019 08:44:00 AM,2019
CR00039348,04/26/2015 12:59:00 PM,25,CLEAR,DAYLIGHT,TURNING,NOT DIVIDED,NO CONTROLS,FAILING TO REDUCE SPEED,NOT APPLICABLE,0,0,1,1,12,1,4,1164,HALSTED ST,41.909118,-87.700156,04/26/2015 02:53:00 PM,2015
CR00039349,09/09/2017 12:08:00 PM,35,RAIN,DARKNESS - LIGHTED ROAD,TURNING,NOT DIVIDED,TRAFFIC SIGNAL,UNABLE TO DETERMINE,UNABLE TO DETERMINE,0,0,0,0,12,7,9,2531,DAMEN AVE,41.755582,-87.702804,09/09/2017 12:15:00 PM,2017
CR00039350,12/09/2016 07:27:00 AM,20,CLEAR,DAWN,ANGLE,NOT DIVIDED,NO CONTROLS,IMPROPER LANE USAGE,IMPROPER OVERTAKING/PASSING,0,0,0,0,7,6,12,1428,STATE ST,41.824712,-87.736156,12/09/2016 08:02:00 AM,2016
CR00039351,09/22/2017 06:11:00 PM,35,CLEAR,DAYLIGHT,REAR END,DIVIDED - W/MEDIAN (NOT RAISED),NO CONTROLS,UNABLE TO DETERMINE,DRIVING SKILLS/KNOWLEDGE/EXPERIENCE,0,0,0,0,18,6,9,383,STATE ST,41.718598,-87.589002,09/22/2017 07:35:00 PM,2017
CR00039352,01/09/2022 03:55:00 PM,20,CLEAR,DAYLIGHT,PEDESTRIAN,T-INTERSECTION,NO CONTROLS,IMPROPER OVERTAKING/PASSING,DISREGARDING TRAFFIC SIGNALS,0,0,0,0,15,1,1,1429,CLARK ST,41.850355,-87.525201,01/09/2022 04:13:00 PM,2022
CR00039353,02/26/2020 01:06:00 AM,15,CLOUDY/OVERCAST,DUSK,SIDESWIPE SAME DIRECTION,T-INTERSECTION,NO CONTROLS,DRIVING SKILLS/KNOWLEDGE/EXPERIENCE,UNABLE TO DETERMINE,0,0,1,1,1,4,2,880,LAKE SHORE DR,41.796604,-87.793449,02/26/2020 02:00:00 AM,2020
CR00039354,07/20/2022 09:50:00 AM,20,CLEAR,DAYLIGHT,TURNING,NOT DIVIDED,NO CONTROLS,DISTRACTION - FROM INSIDE VEHICLE,UNABLE TO DETERMINE,0,0,0,0,9,4,7,1803,KEDZIE AVE,41.868322,-87.80867,07/20/2022 11:29:00 AM,2022
CR00039355,11/03/2018 07:18:00 AM,35,CLEAR,DAYLIGHT,TURNING,DIVIDED - W/MEDIAN BARRIER,TRAFFIC SIGNAL,FAILING TO YIELD RIGHT-OF-WAY,NOT APPLICABLE,0,0,3,3,7,7,11,1781,79TH ST,41.853138,-87.712806,11/03/2018 09:11:00 AM,2018
CR00039356,01/07/2019 11:25:00 AM,20,CLEAR,DARKNESS - LIGHTED ROAD,FIXED OBJECT,DIVIDED - W/MEDIAN BARRIER,NO CONTROLS,FAILING TO YIELD RIGHT-OF-WAY,UNABLE TO DETERMINE,0,0,0,0,11,2,1,161,ELSTON AVE,41.773432,-87.752599,01/07/2019 12:16:00 PM,2019
CR00039357,05/16/2021 04:18:00 PM,30,RAIN,DAYLIGHT,TURNING,FOUR WAY,NO CONTROLS,FOLLOWING TOO CLOSELY,FOLLOWING TOO CLOSELY,0,0,0,0,16,1,5,1343,WESTERN AVE,41.795745,-87.614641,05/16/2021 05:34:00 PM,2021
CR00039358,12/16/2016 10:48:00 AM,40,RAIN,DAYLIGHT,ANGLE,DIVIDED - W/MEDIAN (NOT RAISED),UNKNOWN,FOLLOWING TOO CLOSELY,IMPROPER OVERTAKING/PASSING,0,0,1,1,10,6,12,2297,ASHLAND AVE,41.72867,-87.579039,12/16/2016 11:10:00 AM,2016
CR00039359,08/17/2018 10:37:00 AM,30,CLEAR,DARKNESS,REAR END,DIVIDED - W/MEDIAN (NOT RAISED),STOP SIGN/FLASHER,UNABLE TO DETERMINE,NOT APPLICABLE,0,0,1,1,10,6,8,1790,79TH ST,41.80791,-87.804588,08/17/2018 11:00:00 AM,2018
CR00039360,06/23/2023 08:57:00 AM,35,CLEAR,DAYLIGHT,ANGLE,ONE-WAY,TRAFFIC SIGNAL,UNABLE TO DETERMINE,UNABLE TO DETERMINE,0,0,0,0,8,6,6,254,CICERO AVE,41.898958,-87.532485,06/23/2023 09:21:00 AM,2023
CR00039361,10/21/2017 07:24:00 AM,30,RAIN,DAYLIGHT,REAR END,NOT DIVIDED,TRAFFIC SIGNAL,FAILING TO YIELD RIGHT-OF-WAY,NOT APPLICABLE,0,0,0,0,7,7,10,1125,PULASKI RD,41.820048,-87.840599,10/21/2017 07:56:00 AM,2017
CR00039362,06/24/2016 07:40:00 PM,30,CLEAR,DUSK,FIXED OBJECT,NOT DIVIDED,NO CONTROLS,DISREGARDING TRAFFIC SIGNALS,FAILING TO REDUCE SPEED,0,0,1,1,19,6,6,1233,DIVISION ST,41.781253,-87.562008,06/24/2016 09:04:00 PM,2016
CR00039363,12/28/2021 08:09:00 PM,30,CLEAR,DARKNESS,ANGLE,NOT DIVIDED,TRAFFIC SIGNAL,FOLLOWING TOO CLOSELY,FAILING TO REDUCE SPEED,0,0,0,0,20,3,12,125,HALSTED ST,41.966067,-87.582036,12/28/2021 08:36:00 PM,2021
CR00039364,08/20/2018 06:45:00 AM,40,CLEAR,DARKNESS - LIGHTED ROAD,REAR END,DIVIDED - W/MEDIAN (NOT RAISED),TRAFFIC SIGNAL,FAILING TO YIELD RIGHT-OF-WAY,FAILING TO YIELD RIGHT-OF-WAY,0,0,0,0,6,2,8,2265,MICHIGAN AVE,41.797759,-87.650989,08/20/2018 08:40:00 AM,2018
CR00039365,06/16/2017 11:51:00 PM,15,SNOW,DAYLIGHT,FIXED OBJECT,DIVIDED - W/MEDIAN BARRIER,NO CONTROLS,FOLLOWING TOO CLOSELY,FOLLOWING TOO CLOSELY,0,0,0,0,23,6,6,2368,BROADWAY,41.830816,-87.534263,06/17/2017 01:12:00 AM,2017
CR00039366,02/02/2019 10:10:00 AM,30,CLEAR,DARKNESS - LIGHTED ROAD,REAR TO FRONT,DIVIDED - W/MEDIAN (NOT RAISED),NO CONTROLS,FAILING TO YIELD RIGHT-OF-WAY,UNABLE TO DETERMINE,0,0,0,0,10,7,2,895,HALSTED ST,41.939642,-87.630017,02/02/2019 10:19:00 AM,2019
CR00039367,05/18/2024 08:20:00 PM,30,SNOW,DAYLIGHT,REAR END,NOT DIVIDED,STOP SIGN/FLASHER,UNABLE TO DETERMINE,UNABLE TO DETERMINE,0,0,0,0,20,7,5,2175,FULLERTON AVE,41.812991,-87.823005,05/18/2024 09:56:00 PM,2024
CR00039368,03/06/2016 02:08:00 PM,30,CLEAR,DAYLIGHT,TURNING,ONE-WAY,YIELD,DISREGARDING TRAFFIC SIGNALS,NOT APPLICABLE,0,0,0,0,14,1,3,1579,ASHLAND AVE,41.74777,-87.693515,03/06/2016 03:14:00 PM,2016
CR00039369,01/12/2018 04:17:00 PM,30,CLEAR,DAYLIGHT,REAR END,DIVIDED - W/MEDIAN (NOT RAISED),NO CONTROLS,IMPROPER LANE USAGE,FOLLOWING TOO CLOSELY,0,0,0,0,16,6,1,520,BROADWAY,41.955137,-87.742506,01/12/2018 04:54:00 PM,2018
CR00039370,03/28/2022 05:52:00 AM,45,CLEAR,DAYLIGHT,REAR TO FRONT,FOUR WAY,NO CONTROLS,IMPROPER OVERTAKING/PASSING,NOT APPLICABLE,0,0,0,0,5,2,3,2014,ARCHER AVE,41.947523,-87.684909,03/28/2022 07:43:00 AM,2022
CR00039371,11/24/2019 08:08:00 AM,25,SNOW,DAYLIGHT,SIDESWIPE SAME DIRECTION,NOT DIVIDED,TRAFFIC SIGNAL,UNABLE TO DETERMINE,FAILING TO YIELD RIGHT-OF-WAY,0,0,0,0,8,1,11,734,CALIFORNIA AVE,41.790412,-87.576602,11/24/2019 09:09:00 AM,2019
CR00039372,02/25/2020 02:28:00 PM,30,CLEAR,DAYLIGHT,SIDESWIPE SAME DIRECTION,DIVIDED - W/MEDIAN (NOT RAISED),NO CONTROLS,FAILING TO YIELD RIGHT-OF-WAY,UNABLE TO DETERMINE,0,0,3,3,14,3,2,1536,47TH ST,41.840846,-87.619751,02/25/2020 03:01:00 PM,2020
CR00039373,08/24/2016 02:54:00 AM,20,CLEAR,DAYLIGHT,PEDESTRIAN,FOUR WAY,NO CONTROLS,FAILING TO YIELD RIGHT-OF-WAY,NOT APPLICABLE,0,0,1,1,2,4,8,1507,ELSTON AVE,41.767585,-87.793086,08/24/2016 04:13:00 AM,2016
CR00039374,04/17/2021 02:55:00 PM,25,CLOUDY/OVERCAST,DAYLIGHT,SIDESWIPE SAME DIRECTION,DIVIDED - W/MEDIAN (NOT RAISED),TRAFFIC SIGNAL,IMPROPER OVERTAKING/PASSING,FOLLOWING TOO CLOSELY,0,0,0,0,14,7,4,950,MILWAUKEE AVE,41.811684,-87.846512,04/17/2021 03:14:00 PM,2021
CR00039375,04/03/2018 09:46:00 AM,15,CLEAR,DARKNESS,REAR END,DIVIDED - W/MEDIAN (NOT RAISED),TRAFFIC SIGNAL,UNABLE TO DETERMINE,UNABLE TO DETERMINE,0,0,0,0,9,3,4,1849,63RD ST,41.701506,-87.734177,04/03/2018 10:40:00 AM,2018
CR00039376,09/01/2015 06:10:00 PM,35,FREEZING RAIN/DRIZZLE,DARKNESS,ANGLE,DIVIDED - W/MEDIAN (NOT RAISED),NO CONTROLS,FOLLOWING TOO CLOSELY,DISTRACTION - FROM INSIDE VEHICLE,0,0,0,0,18,3,9,2108,CICERO AVE,41.798118,-87.506902,09/01/2015 07:28:00 PM,2015
CR00039377,12/10/2017 01:51:00 PM,30,CLEAR,DAYLIGHT,PARKED MOTOR VEHICLE,ONE-WAY,YIELD,DRIVING SKILLS/KNOWLEDGE/EXPERIENCE,FOLLOWING TOO CLOSELY,0,0,2,2,13,1,12,2023,STONY ISLAND AVE,41.984409,-87.589245,12/10/2017 03:02:00 PM,2017
CR00039378,02/09/2021 10:27:00 AM,35,RAIN,DARKNESS - LIGHTED ROAD,TURNING,NOT DIVIDED,NO CONTROLS,FOLLOWING TOO CLOSELY,NOT APPLICABLE,0,0,0,0,10,3,2,1443,47TH ST,41.92661,-87.574164,02/09/2021 11:09:00 AM,2021
CR00039379,06/19/2024 12:01:00 PM,20,CLEAR,DARKNESS - LIGHTED ROAD,SIDESWIPE SAME DIRECTION,DIVIDED - W/MEDIAN (NOT RAISED),TRAFFIC SIGNAL,DRIVING SKILLS/KNOWLEDGE/EXPERIENCE,WEATHER,0,0,0,0,12,4,6,1633,ARCHER AVE,41.796943,-87.842724,06/19/2024 01:34:00 PM,2024
CR00039380,05/23/2018 06:56:00 PM,35,RAIN,DAYLIGHT,REAR TO FRONT,NOT DIVIDED,NO CONTROLS,FAILING TO YIELD RIGHT-OF-WAY,UNABLE TO DETERMINE,0,0,0,0,18,4,5,2226,79TH ST,41.873392,-87.689748,05/23/2018 07:52:00 PM,2018
CR00039381,06/14/2020 06:24:00 PM,35,RAIN,DAYLIGHT,TURNING,NOT DIVIDED,TRAFFIC SIGNAL,DRIVING SKILLS/KNOWLEDGE/EXPERIENCE,FAILING TO YIELD RIGHT-OF-WAY,0,0,1,1,18,1,6,135,DAMEN AVE,41.74552,-87.513794,06/14/2020 08:00:00 PM,2020
CR00039382,11/17/2015 07:00:00 PM,40,RAIN,DARKNESS,TURNING,NOT DIVIDED,TRAFFIC SIGNAL,FOLLOWING TOO CLOSELY,FOLLOWING TOO CLOSELY,0,0,0,0,19,3,11,284,CALIFORNIA AVE,41.926307,-87.701944,11/17/2015 07:34:00 PM,2015
CR00039383,06/28/2018 09:57:00 AM,35,CLEAR,DARKNESS - LIGHTED ROAD,REAR END,NOT DIVIDED,STOP SIGN/FLASHER,DISREGARDING TRAFFIC SIGNALS,NOT APPLICABLE,0,0,0,0,9,5,6,1918,KEDZIE AVE,41.997314,-87.734588,06/28/2018 10:03:00 AM,2018
CR00039384,03/26/2016 11:48:00 AM,30,FREEZING RAIN/DRIZZLE,DAYLIGHT,REAR END,NOT DIVIDED,STOP SIGN/FLASHER,UNABLE TO DETERMINE,FOLLOWING TOO CLOSELY,0,0,0,0,11,7,3,1390,47TH ST,41.753735,-87.761206,03/26/2016 12:11:00 PM,2016
CR00039385,09/01/2021 07:58:00 PM,45,SNOW,DAYLIGHT,REAR END,NOT DIVIDED,TRAFFIC SIGNAL,IMPROPER OVERTAKING/PASSING,NOT APPLICABLE,0,0,0,0,19,4,9,2377,PULASKI RD,41.855501,-87.593274,09/01/2021 08:26:00 PM,2021
CR00039386,07/27/2023 02:19:00 AM,30,SNOW,DAYLIGHT,TURNING,T-INTERSECTION,TRAFFIC SIGNAL,IMPROPER LANE USAGE,UNABLE TO DETERMINE,0,0,0,0,2,5,7,1397,DAMEN AVE,41.753565,-87.723355,07/27/2023 03:48:00 AM,2023
CR00039387,01/31/2018 03:52:00 AM,25,RAIN,DAYLIGHT,REAR END,T-INTERSECTION,TRAFFIC SIGNAL,IMPROPER LANE USAGE,IMPROPER OVERTAKING/PASSING,0,0,0,0,3,4,1,540,IRVING PARK RD,41.80337,-87.509002,01/31/2018 05:13:00 AM,2018
CR00039388,07/20/2020 07:05:00 AM,45,CLEAR,DAYLIGHT,ANGLE,FOUR WAY,NO CONTROLS,DRIVING SKILLS/KNOWLEDGE/EXPERIENCE,FAILING TO YIELD RIGHT-OF-WAY,0,0,0,0,7,2,7,1302,DIVISION ST,41.920109,-87.722447,07/20/2020 08:56:00 AM,2020
CR00039389,10/16/2024 05:29:00 PM,45,SNOW,DAYLIGHT,PARKED MOTOR VEHICLE,FOUR WAY,NO CONTROLS,DRIVING SKILLS/KNOWLEDGE/EXPERIENCE,FAILING TO REDUCE SPEED,0,0,0,0,17,4,10,2383,ROOSEVELT RD,41.718754,-87.552703,10/16/2024 06:14:00 PM,2024
CR00039390,02/15/2016 08:27:00 AM,35,SNOW,DARKNESS - LIGHTED ROAD,TURNING,ONE-WAY,TRAFFIC SIGNAL,FOLLOWING TOO CLOSELY,IMPROPER OVERTAKING/PASSING,0,0,0,0,8,2,2,1053,LAKE SHORE DR,41.904737,-87.584772,02/15/2016 10:05:00 AM,2016
CR00039391,04/07/2015 12:19:00 PM,40,CLEAR,DARKNESS - LIGHTED ROAD,REAR END,NOT DIVIDED,NO CONTROLS,UNABLE TO DETERMINE,IMPROPER OVERTAKING/PASSING,0,0,1,1,12,3,4,532,STATE ST,41.901276,-87.615428,04/07/2015 01:58:00 PM,2015
CR00039392,07/16/2022 10:13:00 AM,20,SNOW,DAYLIGHT,REAR END,DIVIDED - W/MEDIAN BARRIER,NO CONTROLS,IMPROPER LANE USAGE,FAILING TO YIELD RIGHT-OF-WAY,0,0,0,0,10,7,7,328,ELSTON AVE,41.966234,-87.701268,07/16/2022 11:28:00 AM,2022
CR00039393,05/14/2020 12:18:00 PM,15,CLEAR,DAYLIGHT,SIDESWIPE SAME DIRECTION,NOT DIVIDED,STOP SIGN/FLASHER,UNABLE TO DETERMINE,NOT APPLICABLE,0,0,0,0,12,5,5,1100,47TH ST,41.77955,-87.593729,05/14/2020 12:35:00 PM,2020
CR00039394,07/23/2018 12:36:00 PM,35,RAIN,DARKNESS,ANGLE,DIVIDED - W/MEDIAN (NOT RAISED),NO CONTROLS,UNABLE TO DETERMINE,UNABLE TO DETERMINE,0,0,1,1,12,2,7,1504,ELSTON AVE,41.785405,-87.523446,07/23/2018 01:07:00 PM,2018
CR00039395,02/08/2021 07:05:00 AM,20,CLEAR,DARKNESS - LIGHTED ROAD,ANGLE,DIVIDED - W/MEDIAN (NOT RAISED),STOP SIGN/FLASHER,DISREGARDING TRAFFIC SIGNALS,IMPROPER OVERTAKING/PASSING,0,0,0,0,7,2,2,2074,DIVISION ST,41.965911,-87.578843,02/08/2021 08:16:00 AM,2021
CR00039396,10/31/2022 07:33:00 AM,15,CLEAR,DAWN,REAR END,DIVIDED - W/MEDIAN (NOT RAISED),UNKNOWN,UNABLE TO DETERMINE,DISREGARDING TRAFFIC SIGNALS,0,0,3,3,7,2,10,2491,MILWAUKEE AVE,41.916341,-87.784675,10/31/2022 08:09:00 AM,2022
CR00039397,12/30/2024 11:49:00 AM,30,CLEAR,DAYLIGHT,TURNING,NOT DIVIDED,NO CONTROLS,FOLLOWING TOO CLOSELY,IMPROPER LANE USAGE,0,0,0,0,11,2,12,264,HALSTED ST,41.811889,-87.500737,12/30/2024 12:34:00 PM,2024
CR00039398,04/29/2022 01:52:00 PM,30,CLOUDY/OVERCAST,DARKNESS - LIGHTED ROAD,TURNING,DIVIDED - W/MEDIAN (NOT RAISED),NO CONTROLS,WEATHER,UNABLE TO DETERMINE,0,0,0,0,13,6,4,1500,47TH ST,41.781259,-87.560741,04/29/2022 03:43:00 PM,2022
CR00039399,04/03/2016 09:13:00 AM,15,CLEAR,DAYLIGHT,REAR END,DIVIDED - W/MEDIAN (NOT RAISED),UNKNOWN,FAILING TO REDUCE SPEED,UNABLE TO DETERMINE,0,0,0,0,9,1,4,2332,LAKE SHORE DR,41.820193,-87.532299,04/03/2016 09:45:00 AM,2016
CR00039400,11/10/2017 02:26:00 PM,35,CLEAR,DAYLIGHT,PARKED MOTOR VEHICLE,NOT DIVIDED,YIELD,IMPROPER OVERTAKING/PASSING,NOT APPLICABLE,0,0,0,0,14,6,11,892,ARCHER AVE,41.781518,-87.835607,11/10/2017 04:13:00 PM,2017
CR00039401,04/06/2021 05:50:00 PM,20,RAIN,DAYLIGHT,TURNING,FOUR WAY,STOP SIGN/FLASHER,FAILING TO REDUCE SPEED,NOT APPLICABLE,0,0,0,0,17,3,4,2048,OGDEN AVE,41.855715,-87.687037,04/06/2021 05:58:00 PM,2021
CR00039402,09/04/2021 12:24:00 AM,30,CLEAR,DAYLIGHT,REAR END,FOUR WAY,TRAFFIC SIGNAL,FAILING TO YIELD RIGHT-OF-WAY,IMPROPER OVERTAKING/PASSING,0,0,3,3,0,7,9,2401,ELSTON AVE,41.957239,-87.737517,09/04/2021 12:35:00 AM,2021
CR00039403,12/07/2017 10:14:00 PM,15,CLEAR,DAYLIGHT,REAR END,DIVIDED - W/MEDIAN (NOT RAISED),NO CONTROLS,FAILING TO YIELD RIGHT-OF-WAY,DISTRACTION - FROM INSIDE VEHICLE,0,0,1,1,22,5,12,1149,MICHIGAN AVE,41.92375,-87.697788,12/07/2017 11:49:00 PM,2017
CR00039404,04/14/2020 04:16:00 PM,35,CLEAR,DAYLIGHT,ANGLE,NOT DIVIDED,PEDESTRIAN CROSSING SIGN,IMPROPER OVERTAKING/PASSING,FAILING TO REDUCE SPEED,0,0,0,0,16,3,4,1931,WESTERN AVE,41.974203,-87.533934,04/14/2020 04:34:00 PM,2020
CR00039405,08/13/2019 04:42:00 PM,35,CLEAR,DAYLIGHT,REAR END,NOT DIVIDED,TRAFFIC SIGNAL,DISTRACTION - FROM INSIDE VEHICLE,FOLLOWING TOO CLOSELY,0,0,1,1,16,3,8,1690,DAMEN AVE,41.913851,-87.562617,08/13/2019 05:07:00 PM,2019
CR00039406,12/17/2022 09:48:00 PM,35,CLEAR,DAYLIGHT,SIDESWIPE SAME DIRECTION,ONE-WAY,NO CONTROLS,FAILING TO REDUCE SPEED,DISTRACTION - FROM INSIDE VEHICLE,0,0,0,0,21,7,12,1310,MILWAUKEE AVE,41.907605,-87.682384,12/17/2022 11:06:00 PM,2022
CR00039407,04/02/2017 06:45:00 PM,15,CLEAR,DARKNESS - LIGHTED ROAD,SIDESWIPE SAME DIRECTION,ONE-WAY,NO CONTROLS,FAILING TO REDUCE SPEED,DISREGARDING TRAFFIC SIGNALS,0,0,0,0,18,1,4,2525,47TH ST,41.866921,-87.521552,04/02/2017 08:41:00 PM,2017
CR00039408,06/13/2019 07:35:00 AM,35,CLEAR,DARKNESS - LIGHTED ROAD,PEDESTRIAN,DIVIDED - W/MEDIAN (NOT RAISED),TRAFFIC SIGNAL,FAILING TO YIELD RIGHT-OF-WAY,FAILING TO REDUCE SPEED,0,0,0,0,7,5,6,2072,CICERO AVE,41.815321,-87.746561,06/13/2019 09:21:00 AM,2019
CR00039409,10/22/2020 06:03:00 PM,20,CLEAR,DAYLIGHT,ANGLE,NOT DIVIDED,NO CONTROLS,DRIVING SKILLS/KNOWLEDGE/EXPERIENCE,FOLLOWING TOO CLOSELY,0,0,2,2,18,5,10,1491,OGDEN AVE,41.702199,-87.670073,10/22/2020 06:27:00 PM,2020
CR00039410,01/23/2023 06:52:00 PM,30,CLEAR,DAYLIGHT,REAR END,NOT DIVIDED,NO CONTROLS,IMPROPER OVERTAKING/PASSING,FOLLOWING TOO CLOSELY,0,0,0,0,18,2,1,1234,HALSTED ST,41.718334,-87.596068,01/23/2023 08:04:00 PM,2023
CR00039411,01/13/2020 12:17:00 AM,35,RAIN,DARKNESS,SIDESWIPE SAME DIRECTION,DIVIDED - W/MEDIAN BARRIER,STOP SIGN/FLASHER,IMPROPER OVERTAKING/PASSING,FAILING TO REDUCE SPEED,0,0,0,0,0,2,1,869,DIVISION ST,41.8616,-87.794885,01/13/2020 12:57:00 AM,2020
CR00039412,03/04/2017 07:46:00 PM,35,CLOUDY/OVERCAST,DARKNESS - LIGHTED ROAD,REAR END,DIVIDED - W/MEDIAN (NOT RAISED),TRAFFIC SIGNAL,FAILING TO REDUCE SPEED,NOT APPLICABLE,0,0,0,0,19,7,3,1761,CLARK ST,41.827166,-87.528397,03/04/2017 08:07:00 PM,2017
CR00039413,12/31/2018 03:37:00 PM,45,FREEZING RAIN/DRIZZLE,DARKNESS - LIGHTED ROAD,ANGLE,NOT DIVIDED,TRAFFIC SIGNAL,FAILING TO REDUCE SPEED,DISREGARDING TRAFFIC SIGNALS,0,0,0,0,15,2,12,2450,FULLERTON AVE,41.756482,-87.801653,12/31/2018 05:34:00 PM,2018
CR00039414,11/06/2015 11:29:00 AM,35,CLEAR,DAYLIGHT,SIDESWIPE SAME DIRECTION,NOT DIVIDED,NO CONTROLS,DRIVING SKILLS/KNOWLEDGE/EXPERIENCE,FOLLOWING TOO CLOSELY,0,0,0,0,11,6,11,2151,STATE ST,41.921254,-87.52474,11/06/2015 12:46:00 PM,2015
CR00039415,12/03/2022 02:35:00 AM,40,CLEAR,DUSK,TURNING,DIVIDED - W/MEDIAN (NOT RAISED),NO CONTROLS,FAILING TO YIELD RIGHT-OF-WAY,NOT APPLICABLE,0,0,0,0,2,7,12,187,CLARK ST,41.784844,-87.686148,12/03/2022 03:29:00 AM,2022
CR00039416,03/17/2024 03:16:00 AM,30,SNOW,DAYLIGHT,TURNING,NOT DIVIDED,NO CONTROLS,DRIVING SKILLS/KNOWLEDGE/EXPERIENCE,DRIVING SKILLS/KNOWLEDGE/EXPERIENCE,0,0,0,0,3,1,3,646,ASHLAND AVE,41.897495,-87.742154,03/17/2024 04:48:00 AM,2024
CR00039417,10/23/2021 12:38:00 AM,45,CLEAR,DAYLIGHT,ANGLE,DIVIDED - W/MEDIAN (NOT RAISED),NO CONTROLS,FAILING TO REDUCE SPEED,FAILING TO REDUCE SPEED,0,0,0,0,0,7,10,2461,STONY ISLAND AVE,41.792201,-87.683008,10/23/2021 12:58:00 AM,2021
CR00039418,05/17/2024 02:42:00 AM,25,FREEZING RAIN/DRIZZLE,DAYLIGHT,REAR END,NOT DIVIDED,NO CONTROLS,FOLLOWING TOO CLOSELY,DRIVING SKILLS/KNOWLEDGE/EXPERIENCE,0,0,0,0,2,6,5,1012,STATE ST,41.704088,-87.545202,05/17/2024 03:39:00 AM,2024
CR00039419,04/20/2020 01:03:00 AM,35,RAIN,DARKNESS - LIGHTED ROAD,REAR END,ONE-WAY,NO CONTROLS,UNABLE TO DETERMINE,FOLLOWING TOO CLOSELY,0,0,1,1,1,2,4,839,ARCHER AVE,41.907905,-87.633414,04/20/2020 01:25:00 AM,2020
CR00039420,10/12/2022 08:31:00 PM,35,CLEAR,DAYLIGHT,FIXED OBJECT,ONE-WAY,UNKNOWN,UNABLE TO DETERMINE,FOLLOWING TOO CLOSELY,0,0,3,3,20,4,10,1453,CLARK ST,41.803981,-87.591142,10/12/2022 09:00:00 PM,2022
CR00039421,01/08/2023 08:09:00 AM,25,CLEAR,DAYLIGHT,REAR END,NOT DIVIDED,STOP SIGN/FLASHER,DISTRACTION - FROM INSIDE VEHICLE,WEATHER,0,0,0,0,8,1,1,1462,MILWAUKEE AVE,41.906102,-87.596348,01/08/2023 09:47:00 AM,2023
CR00039422,11/06/2021 05:50:00 PM,45,CLEAR,DAYLIGHT,ANGLE,ONE-WAY,UNKNOWN,UNABLE TO DETERMINE,FOLLOWING TOO CLOSELY,0,0,0,0,17,7,11,1878,KEDZIE AVE,41.971091,-87.537339,11/06/2021 06:23:00 PM,2021
CR00039423,02/01/2022 10:20:00 AM,35,CLOUDY/OVERCAST,DARKNESS - LIGHTED ROAD,SIDESWIPE SAME DIRECTION,DIVIDED - W/MEDIAN (NOT RAISED),STOP SIGN/FLASHER,FOLLOWING TOO CLOSELY,UNABLE TO DETERMINE,0,0,0,0,10,3,2,309,47TH ST,41.712609,-87.661471,02/01/2022 11:40:00 AM,2022