CRASH_RECORD_ID,CRASH_DATE,POSTED_SPEED_LIMIT,WEATHER_CONDITION,LIGHTING_CONDITION,FIRST_CRASH_TYPE,TRAFFICWAY_TYPE,TRAFFIC_CONTROL_DEVICE,PRIM_CONTRIBUTORY_CAUSE,SEC_CONTRIBUTORY_CAUSE,INJURIES_FATAL,INJURIES_INCAPACITATING,INJURIES_NON_INCAPACITATING,INJURIES_TOTAL,CRASH_HOUR,CRASH_DAY_OF_WEEK,CRASH_MONTH,BEAT_OF_OCCURRENCE,STREET_NAME,LATITUDE,LONGITUDE,DATE_POLICE_NOTIFIED,year
CR00039424,09/25/2022 06:46:00 AM,25,CLOUDY/OVERCAST,DUSK,PARKED MOTOR VEHICLE,NOT DIVIDED,UNKNOWN,DISTRACTION - FROM INSIDE VEHICLE,UNABLE TO DETERMINE,0,0,0,0,6,1,9,1709,63RD ST,41.912655,-87.515813,09/25/2022 08:26:00 AM,2022
CR00039425,11/13/2017 08:06:00 AM,20,RAIN,DARKNESS - LIGHTED ROAD,TURNING,DIVIDED - W/MEDIAN (NOT RAISED),TRAFFIC SIGNAL,IMPROPER OVERTAKING/PASSING,NOT APPLICABLE,0,0,0,0,8,2,11,946,STATE ST,41.737237,-87.563108,11/13/2017 08:56:00 AM,2017
CR00039426,04/24/2019 11:16:00 AM,40,RAIN,DAYLIGHT,PARKED MOTOR VEHICLE,FOUR WAY,NO CONTROLS,WEATHER,DISTRACTION - FROM INSIDE VEHICLE,0,0,0,0,11,4,4,583,79TH ST,41.701904,-87.607634,04/24/2019 12:16:00 PM,2019
CR00039427,03/12/2023 04:26:00 PM,25,CLEAR,DAYLIGHT,PARKED MOTOR VEHICLE,DIVIDED - W/MEDIAN (NOT RAISED),STOP SIGN/FLASHER,DRIVING SKILLS/KNOWLEDGE/EXPERIENCE,DISREGARDING TRAFFIC SIGNALS,0,0,3,3,16,1,3,865,KEDZIE AVE,41.997985,-87.64946,03/12/2023 05:29:00 PM,2023
CR00039428,01/09/2024 10:46:00 AM,30,CLEAR,DAYLIGHT,REAR END,ONE-WAY,NO CONTROLS,FAILING TO YIELD RIGHT-OF-WAY,NOT APPLICABLE,0,0,0,0,10,3,1,446,OGDEN AVE,41.955264,-87.768471,01/09/2024 11:46:00 AM,2024
CR00039429,01/21/2022 09:12:00 AM,15,CLEAR,DARKNESS - LIGHTED ROAD,REAR END,DIVIDED - W/MEDIAN BARRIER,NO CONTROLS,FAILING TO REDUCE SPEED,DISTRACTION - FROM INSIDE VEHICLE,0,0,0,0,9,6,1,754,LAKE SHORE DR,41.794576,-87.760616,01/21/2022 10:46:00 AM,2022
CR00039430,07/16/2016 01:27:00 PM,30,CLEAR,DARKNESS,ANGLE,NOT DIVIDED,UNKNOWN,IMPROPER LANE USAGE,UNABLE TO DETERMINE,0,0,0,0,13,7,7,2422,STATE ST,41.772669,-87.755804,07/16/2016 03:27:00 PM,2016
CR00039431,01/17/2016 06:42:00 PM,35,CLEAR,DAYLIGHT,TURNING,NOT DIVIDED,TRAFFIC SIGNAL,UNABLE TO DETERMINE,UNABLE TO DETERMINE,0,0,0,0,18,1,1,2376,ASHLAND AVE,41.820233,-87.630919,01/17/2016 08:39:00 PM,2016
CR00039432,01/01/2016 08:06:00 AM,45,CLEAR,DAYLIGHT,ANGLE,ONE-WAY,TRAFFIC SIGNAL,DISTRACTION - FROM INSIDE VEHICLE,NOT APPLICABLE,0,0,0,0,8,6,1,179,FULLERTON AVE,41.954444,-87.532073,01/01/2016 08:09:00 AM,2016
CR00039433,10/04/2021 07:39:00 AM,35,CLEAR,DAYLIGHT,PARKED MOTOR VEHICLE,FOUR WAY,TRAFFIC SIGNAL,FAILING TO REDUCE SPEED,FOLLOWING TOO CLOSELY,0,0,0,0,7,2,10,494,CICERO AVE,41.868723,-87.728141,10/04/2021 09:37:00 AM,2021
CR00039434,02/19/2021 03:38:00 PM,35,CLEAR,DAWN,ANGLE,T-INTERSECTION,NO CONTROLS,DISTRACTION - FROM INSIDE VEHICLE,NOT APPLICABLE,0,0,0,0,15,6,2,266,63RD ST,41.927018,-87.728295,02/19/2021 04:10:00 PM,2021
CR00039435,06/02/2022 09:46:00 AM,15,CLEAR,DAYLIGHT,ANGLE,FOUR WAY,TRAFFIC SIGNAL,UNABLE TO DETERMINE,UNABLE TO DETERMINE,0,0,0,0,9,5,6,1760,79TH ST,41.864146,-87.627689,06/02/2022 11:10:00 AM,2022
CR00039436,11/01/2019 09:57:00 AM,40,CLEAR,DARKNESS - LIGHTED ROAD,ANGLE,T-INTERSECTION,YIELD,FAILING TO REDUCE SPEED,DRIVING SKILLS/KNOWLEDGE/EXPERIENCE,0,0,0,0,9,6,11,434,63RD ST,41.843468,-87.681662,11/01/2019 10:18:00 AM,2019
CR00039437,03/27/2023 03:33:00 PM,30,CLEAR,DAWN,PARKED MOTOR VEHICLE,NOT DIVIDED,NO CONTROLS,IMPROPER OVERTAKING/PASSING,FAILING TO YIELD RIGHT-OF-WAY,0,0,0,0,15,2,3,2222,MILWAUKEE AVE,41.817067,-87.587022,03/27/2023 04:58:00 PM,2023
CR00039438,09/26/2020 07:38:00 PM,40,CLOUDY/OVERCAST,DARKNESS - LIGHTED ROAD,REAR END,ONE-WAY,NO CONTROLS,IMPROPER OVERTAKING/PASSING,UNABLE TO DETERMINE,0,0,0,0,19,7,9,1318,PULASKI RD,41.838483,-87.565498,09/26/2020 09:12:00 PM,2020
CR00039439,10/02/2022 12:34:00 PM,30,RAIN,DARKNESS - LIGHTED ROAD,PARKED MOTOR VEHICLE,FOUR WAY,NO CONTROLS,UNABLE TO DETERMINE,UNABLE TO DETERMINE,0,0,0,0,12,1,10,1310,79TH ST,41.75393,-87.74711,10/02/2022 12:39:00 PM,2022
CR00039440,10/30/2021 01:23:00 AM,35,CLEAR,DAYLIGHT,SIDESWIPE SAME DIRECTION,DIVIDED - W/MEDIAN BARRIER,NO CONTROLS,FAILING TO YIELD RIGHT-OF-WAY,NOT APPLICABLE,0,0,1,1,1,7,10,771,IRVING PARK RD,41.929032,-87.820352,10/30/2021 03:08:00 AM,2021
CR00039441,06/28/2024 03:43:00 PM,40,CLEAR,DAYLIGHT,REAR TO FRONT,ONE-WAY,NO CONTROLS,UNABLE TO DETERMINE,DISTRACTION - FROM INSIDE VEHICLE,0,0,0,0,15,6,6,117,47TH ST,41.832007,-87.822048,06/28/2024 04:42:00 PM,2024
CR00039442,03/28/2020 07:05:00 PM,35,CLEAR,DARKNESS,ANGLE,DIVIDED - W/MEDIAN (NOT RAISED),NO CONTROLS,DRIVING SKILLS/KNOWLEDGE/EXPERIENCE,FAILING TO REDUCE SPEED,0,0,0,0,19,7,3,2411,HALSTED ST,41.779438,-87.547509,03/28/2020 08:32:00 PM,2020
CR00039443,07/24/2024 05:25:00 AM,30,RAIN,DAYLIGHT,REAR TO FRONT,DIVIDED - W/MEDIAN (NOT RAISED),NO CONTROLS,FAILING TO YIELD RIGHT-OF-WAY,UNABLE TO DETERMINE,0,0,0,0,5,4,7,1782,DAMEN AVE,41.921679,-87.518948,07/24/2024 07:24:00 AM,2024
CR00039444,08/26/2023 07:36:00 AM,35,CLEAR,DARKNESS,PARKED MOTOR VEHICLE,FOUR WAY,NO CONTROLS,DISTRACTION - FROM INSIDE VEHICLE,IMPROPER OVERTAKING/PASSING,0,0,1,1,7,7,8,1039,PULASKI RD,41.834085,-87.640449,08/26/2023 07:46:00 AM,2023
CR00039445,04/10/2023 05:07:00 PM,15,CLEAR,DARKNESS - LIGHTED ROAD,ANGLE,NOT DIVIDED,UNKNOWN,UNABLE TO DETERMINE,UNABLE TO DETERMINE,0,0,0,0,17,2,4,2478,47TH ST,41.780871,-87.577881,04/10/2023 05:24:00 PM,2023
CR00039446,08/19/2015 05:44:00 PM,20,CLEAR,DARKNESS - LIGHTED ROAD,REAR END,NOT DIVIDED,TRAFFIC SIGNAL,DISTRACTION - FROM INSIDE VEHICLE,DRIVING SKILLS/KNOWLEDGE/EXPERIENCE,0,0,0,0,17,4,8,971,HALSTED ST,41.92946,-87.587924,08/19/2015 06:24:00 PM,2015
CR00039447,09/10/2018 05:25:00 PM,30,RAIN,DAYLIGHT,ANGLE,DIVIDED - W/MEDIAN BARRIER,UNKNOWN,FOLLOWING TOO CLOSELY,DRIVING SKILLS/KNOWLEDGE/EXPERIENCE,0,0,0,0,17,2,9,1897,ARCHER AVE,41.879503,-87.689872,09/10/2018 06:56:00 PM,2018
CR00039448,12/05/2016 02:20:00 PM,25,RAIN,DAYLIGHT,REAR END,NOT DIVIDED,YIELD,DRIVING SKILLS/KNOWLEDGE/EXPERIENCE,FOLLOWING TOO CLOSELY,0,0,0,0,14,2,12,2080,MICHIGAN AVE,41.848139,-87.755022,12/05/2016 04:04:00 PM,2016
CR00039449,06/08/2020 09:31:00 AM,45,RAIN,DAYLIGHT,REAR END,NOT DIVIDED,NO CONTROLS,DISTRACTION - FROM INSIDE VEHICLE,UNABLE TO DETERMINE,0,0,0,0,9,2,6,1616,DAMEN AVE,41.773722,-87.679614,06/08/2020 10:02:00 AM,2020
CR00039450,06/07/2023 09:27:00 AM,30,CLEAR,DAYLIGHT,REAR END,T-INTERSECTION,UNKNOWN,FOLLOWING TOO CLOSELY,FAILING TO YIELD RIGHT-OF-WAY,0,0,0,0,9,4,6,847,KEDZIE AVE,41.989322,-87.554576,06/07/2023 10:53:00 AM,2023
CR00039451,01/23/2018 01:22:00 AM,30,RAIN,DARKNESS - LIGHTED ROAD,SIDESWIPE SAME DIRECTION,ONE-WAY,YIELD,UNABLE TO DETERMINE,NOT APPLICABLE,0,0,0,0,1,3,1,1786,ARCHER AVE,41.985976,-87.765076,01/23/2018 01:52:00 AM,2018
CR00039452,08/27/2024 02:19:00 PM,35,CLOUDY/OVERCAST,DAYLIGHT,TURNING,T-INTERSECTION,NO CONTROLS,FOLLOWING TOO CLOSELY,IMPROPER OVERTAKING/PASSING,0,0,0,0,14,3,8,1894,CLARK ST,41.81969,-87.843837,08/27/2024 03:31:00 PM,2024
CR00039453,06/07/2018 07:43:00 AM,30,RAIN,DARKNESS - LIGHTED ROAD,ANGLE,DIVIDED - W/MEDIAN BARRIER,NO CONTROLS,FOLLOWING TOO CLOSELY,FAILING TO REDUCE SPEED,0,0,1,1,7,5,6,844,DIVISION ST,41.849278,-87.683739,06/07/2018 08:12:00 AM,2018
CR00039454,03/05/2019 02:59:00 PM,30,CLEAR,DAYLIGHT,ANGLE,NOT DIVIDED,TRAFFIC SIGNAL,FOLLOWING TOO CLOSELY,FAILING TO REDUCE SPEED,0,0,0,0,14,3,3,1419,ELSTON AVE,41.762348,-87.753185,03/05/2019 03:44:00 PM,2019
CR00039455,08/13/2019 10:20:00 AM,40,CLEAR,DAYLIGHT,ANGLE,NOT DIVIDED,STOP SIGN/FLASHER,UNABLE TO DETERMINE,NOT APPLICABLE,0,0,0,0,10,3,8,1754,WESTERN AVE,41.770178,-87.779605,08/13/2019 10:28:00 AM,2019
CR00039456,05/20/2020 08:35:00 AM,45,CLEAR,DARKNESS - LIGHTED ROAD,FIXED OBJECT,FOUR WAY,NO CONTROLS,FOLLOWING TOO CLOSELY,FAILING TO YIELD RIGHT-OF-WAY,0,0,0,0,8,4,5,294,LAKE SHORE DR,41.715206,-87.734231,05/20/2020 10:04:00 AM,2020
CR00039457,12/17/2015 01:10:00 AM,20,CLEAR,DAYLIGHT,SIDESWIPE SAME DIRECTION,DIVIDED - W/MEDIAN (NOT RAISED),TRAFFIC SIGNAL,IMPROPER LANE USAGE,NOT APPLICABLE,0,0,0,0,1,5,12,752,KEDZIE AVE,41.92472,-87.69817,12/17/2015 02:25:00 AM,2015
CR00039458,10/17/2020 01:36:00 AM,15,SNOW,DAYLIGHT,REAR END,NOT DIVIDED,YIELD,FAILING TO YIELD RIGHT-OF-WAY,NOT APPLICABLE,0,0,0,0,1,7,10,1200,MICHIGAN AVE,41.818744,-87.636025,10/17/2020 02:03:00 AM,2020
CR00039459,01/04/2017 01:03:00 PM,45,CLEAR,DARKNESS,REAR END,DIVIDED - W/MEDIAN (NOT RAISED),STOP SIGN/FLASHER,IMPROPER LANE USAGE,NOT APPLICABLE,0,0,0,0,13,4,1,1210,CALIFORNIA AVE,41.870123,-87.637928,01/04/2017 02:46:00 PM,2017
CR00039460,06/06/2022 02:29:00 PM,30,CLEAR,DAYLIGHT,SIDESWIPE SAME DIRECTION,NOT DIVIDED,STOP SIGN/FLASHER,UNABLE TO DETERMINE,UNABLE TO DETERMINE,0,0,0,0,14,2,6,148,CLARK ST,41.785813,-87.774845,06/06/2022 04:15:00 PM,2022
CR00039461,07/11/2017 10:01:00 AM,35,CLEAR,DAYLIGHT,PARKED MOTOR VEHICLE,NOT DIVIDED,NO CONTROLS,UNABLE TO DETERMINE,UNABLE TO DETERMINE,0,0,0,0,10,3,7,880,STATE ST,41.861823,-87.667173,07/11/2017 11:22:00 AM,2017
CR00039462,04/18/2015 02:10:00 PM,30,CLEAR,DARKNESS - LIGHTED ROAD,REAR END,DIVIDED - W/MEDIAN BARRIER,NO CONTROLS,UNABLE TO DETERMINE,FAILING TO REDUCE SPEED,0,0,0,0,14,7,4,212,CLARK ST,41.971707,-87.739888,04/18/2015 03:06:00 PM,2015
CR00039463,04/01/2019 09:21:00 AM,30,CLOUDY/OVERCAST,DARKNESS - LIGHTED ROAD,PEDESTRIAN,NOT DIVIDED,STOP SIGN/FLASHER,FAILING TO YIELD RIGHT-OF-WAY,NOT APPLICABLE,0,0,0,0,9,2,4,641,ASHLAND AVE,41.990535,-87.667195,04/01/2019 10:46:00 AM,2019
CR00039464,09/25/2022 03:09:00 PM,30,CLEAR,DAYLIGHT,REAR END,ONE-WAY,STOP SIGN/FLASHER,IMPROPER LANE USAGE,DRIVING SKILLS/KNOWLEDGE/EXPERIENCE,0,0,0,0,15,1,9,1090,STONY ISLAND AVE,41.791268,-87.556017,09/25/2022 03:41:00 PM,2022
CR00039465,04/20/2022 07:36:00 PM,30,CLEAR,DAYLIGHT,REAR END,FOUR WAY,NO CONTROLS,FOLLOWING TOO CLOSELY,FAILING TO YIELD RIGHT-OF-WAY,0,0,0,0,19,4,4,861,ASHLAND AVE,41.815789,-87.526904,04/20/2022 08:23:00 PM,2022
CR00039466,07/09/2017 04:41:00 PM,30,RAIN,DARKNESS - LIGHTED ROAD,REAR END,ONE-WAY,NO CONTROLS,FAILING TO REDUCE SPEED,UNABLE TO DETERMINE,0,0,1,1,16,1,7,756,BROADWAY,41.891833,-87.796558,07/09/2017 05:56:00 PM,2017
CR00039467,09/14/2022 01:11:00 PM,35,CLEAR,DARKNESS - LIGHTED ROAD,FIXED OBJECT,ONE-WAY,TRAFFIC SIGNAL,UNABLE TO DETERMINE,NOT APPLICABLE,0,0,1,1,13,4,9,888,MICHIGAN AVE,41.989608,-87.540155,09/14/2022 02:56:00 PM,2022
CR00039468,12/21/2021 06:18:00 PM,30,CLEAR,DAYLIGHT,PEDESTRIAN,NOT DIVIDED,TRAFFIC SIGNAL,DISREGARDING TRAFFIC SIGNALS,UNABLE TO DETERMINE,0,0,3,3,18,3,12,394,WESTERN AVE,41.719825,-87.734113,12/21/2021 07:45:00 PM,2021
CR00039469,07/19/2021 08:04:00 AM,25,SNOW,DARKNESS - LIGHTED ROAD,REAR END,NOT DIVIDED,YIELD,DRIVING SKILLS/KNOWLEDGE/EXPERIENCE,FAILING TO YIELD RIGHT-OF-WAY,0,0,0,0,8,2,7,1917,LAKE SHORE DR,41.947943,-87.650505,07/19/2021 09:48:00 AM,2021
CR00039470,04/17/2023 02:08:00 PM,35,CLEAR,DUSK,TURNING,DIVIDED - W/MEDIAN (NOT RAISED),PEDESTRIAN CROSSING SIGN,FAILING TO REDUCE SPEED,NOT APPLICABLE,0,0,0,0,14,2,4,1138,MICHIGAN AVE,41.73331,-87.584459,04/17/2023 02:41:00 PM,2023
CR00039471,05/01/2017 07:39:00 AM,45,RAIN,DAYLIGHT,TURNING,FOUR WAY,NO CONTROLS,FAILING TO YIELD RIGHT-OF-WAY,NOT APPLICABLE,0,0,0,0,7,2,5,843,DAMEN AVE,41.977153,-87.829282,05/01/2017 08:05:00 AM,2017
CR00039472,02/13/2016 12:55:00 PM,45,CLEAR,DAYLIGHT,SIDESWIPE SAME DIRECTION,NOT DIVIDED,STOP SIGN/FLASHER,UNABLE TO DETERMINE,UNABLE TO DETERMINE,0,1,1,2,12,7,2,1306,WESTERN AVE,41.979906,-87.55673,02/13/2016 01:46:00 PM,2016
CR00039473,05/30/2018 03:34:00 PM,20,CLEAR,DAYLIGHT,ANGLE,ONE-WAY,TRAFFIC SIGNAL,DISREGARDING TRAFFIC SIGNALS,WEATHER,0,0,0,0,15,4,5,1656,HALSTED ST,41.950785,-87.808055,05/30/2018 03:50:00 PM,2018
CR00039474,12/06/2018 02:29:00 PM,15,SNOW,DAYLIGHT,SIDESWIPE SAME DIRECTION,FOUR WAY,NO CONTROLS,IMPROPER LANE USAGE,FOLLOWING TOO CLOSELY,0,0,0,0,14,5,12,335,OGDEN AVE,41.761954,-87.530609,12/06/2018 03:35:00 PM,2018
CR00039475,10/24/2023 04:46:00 AM,40,CLEAR,DAYLIGHT,PARKED MOTOR VEHICLE,FOUR WAY,NO CONTROLS,DISTRACTION - FROM INSIDE VEHICLE,WEATHER,0,0,0,0,4,3,10,1477,KEDZIE AVE,41.977972,-87.689844,10/24/2023 05:38:00 AM,2023
CR00039476,08/01/2021 08:31:00 AM,20,FREEZING RAIN/DRIZZLE,DAYLIGHT,FIXED OBJECT,T-INTERSECTION,NO CONTROLS,UNABLE TO DETERMINE,NOT APPLICABLE,0,0,0,0,8,1,8,481,CALIFORNIA AVE,41.878896,-87.684565,08/01/2021 10:09:00 AM,2021
CR00039477,04/17/2017 07:32:00 PM,40,CLEAR,DAYLIGHT,ANGLE,T-INTERSECTION,UNKNOWN,IMPROPER OVERTAKING/PASSING,IMPROPER OVERTAKING/PASSING,0,0,1,1,19,2,4,2511,WESTERN AVE,41.99687,-87.636536,04/17/2017 09:01:00 PM,2017
CR00039478,10/08/2023 07:44:00 AM,20,CLEAR,DAYLIGHT,PARKED MOTOR VEHICLE,DIVIDED - W/MEDIAN BARRIER,UNKNOWN,FAILING TO YIELD RIGHT-OF-WAY,FAILING TO YIELD RIGHT-OF-WAY,0,0,0,0,7,1,10,386,STONY ISLAND AVE,41.934334,-87.653897,10/08/2023 09:29:00 AM,2023
CR00039479,03/03/2022 02:53:00 PM,35,CLEAR,DAWN,SIDESWIPE SAME DIRECTION,NOT DIVIDED,NO CONTROLS,UNABLE TO DETERMINE,FOLLOWING TOO CLOSELY,0,0,0,0,14,5,3,464,DIVISION ST,41.8036,-87.718951,03/03/2022 04:05:00 PM,2022
CR00039480,02/20/2015 08:25:00 AM,40,SNOW,DAYLIGHT,TURNING,T-INTERSECTION,TRAFFIC SIGNAL,DISTRACTION - FROM INSIDE VEHICLE,WEATHER,0,0,0,0,8,6,2,904,FULLERTON AVE,41.946444,-87.5378,02/20/2015 09:43:00 AM,2015
CR00039481,11/25/2024 08:39:00 PM,30,RAIN,DAYLIGHT,FIXED OBJECT,DIVIDED - W/MEDIAN BARRIER,STOP SIGN/FLASHER,FAILING TO YIELD RIGHT-OF-WAY,FAILING TO YIELD RIGHT-OF-WAY,0,1,2,3,20,2,11,1334,MILWAUKEE AVE,41.822693,-87.715354,11/25/2024 08:40:00 PM,2024
CR00039482,09/28/2020 04:30:00 PM,30,RAIN,DARKNESS - LIGHTED ROAD,TURNING,NOT DIVIDED,NO CONTROLS,WEATHER,FOLLOWING TOO CLOSELY,0,0,1,1,16,2,9,496,DIVISION ST,41.988454,-87.838139,09/28/2020 05:45:00 PM,2020
CR00039483,07/07/2021 05:55:00 PM,40,CLEAR,DAYLIGHT,SIDESWIPE SAME DIRECTION,ONE-WAY,NO CONTROLS,UNABLE TO DETERMINE,UNABLE TO DETERMINE,0,0,0,0,17,4,7,798,LAKE SHORE DR,41.910433,-87.778314,07/07/2021 06:29:00 PM,2021
CR00039484,05/29/2021 12:37:00 AM,45,CLEAR,DAYLIGHT,SIDESWIPE SAME DIRECTION,DIVIDED - W/MEDIAN BARRIER,NO CONTROLS,UNABLE TO DETERMINE,DRIVING SKILLS/KNOWLEDGE/EXPERIENCE,0,0,1,1,0,7,5,1334,DAMEN AVE,41.905303,-87.754448,05/29/2021 01:25:00 AM,2021
CR00039485,12/31/2021 08:19:00 AM,40,RAIN,DAYLIGHT,PARKED MOTOR VEHICLE,NOT DIVIDED,NO CONTROLS,UNABLE TO DETERMINE,IMPROPER LANE USAGE,0,0,0,0,8,6,12,447,HALSTED ST,41.730606,-87.747514,12/31/2021 10:16:00 AM,2021
CR00039486,12/24/2020 09:33:00 AM,30,CLEAR,DARKNESS - LIGHTED ROAD,REAR END,NOT DIVIDED,NO CONTROLS,DISTRACTION - FROM INSIDE VEHICLE,UNABLE TO DETERMINE,0,0,0,0,9,5,12,693,MILWAUKEE AVE,41.929359,-87.826675,12/24/2020 10:03:00 AM,2020
CR00039487,07/11/2015 05:41:00 PM,15,CLEAR,DAYLIGHT,PARKED MOTOR VEHICLE,DIVIDED - W/MEDIAN (NOT RAISED),TRAFFIC SIGNAL,UNABLE TO DETERMINE,NOT APPLICABLE,0,0,0,0,17,7,7,1362,LAKE SHORE DR,41.792475,-87.760995,07/11/2015 06:46:00 PM,2015
CR00039488,05/12/2018 09:34:00 PM,25,CLEAR,DARKNESS - LIGHTED ROAD,SIDESWIPE SAME DIRECTION,DIVIDED - W/MEDIAN (NOT RAISED),TRAFFIC SIGNAL,FOLLOWING TOO CLOSELY,UNABLE TO DETERMINE,0,0,0,0,21,7,5,745,KEDZIE AVE,41.706185,-87.797585,05/12/2018 10:52:00 PM,2018
CR00039489,08/20/2020 09:34:00 AM,15,CLEAR,DAYLIGHT,SIDESWIPE SAME DIRECTION,NOT DIVIDED,YIELD,WEATHER,NOT APPLICABLE,0,0,0,0,9,5,8,1560,WESTERN AVE,41.732736,-87.546213,08/20/2020 11:28:00 AM,2020
CR00039490,01/07/2021 06:05:00 PM,25,RAIN,DARKNESS - LIGHTED ROAD,TURNING,NOT DIVIDED,STOP SIGN/FLASHER,UNABLE TO DETERMINE,FAILING TO YIELD RIGHT-OF-WAY,0,0,0,0,18,5,1,2431,MICHIGAN AVE,41.776271,-87.828698,01/07/2021 06:14:00 PM,2021
CR00039491,06/21/2024 02:49:00 PM,40,CLEAR,DAYLIGHT,ANGLE,DIVIDED - W/MEDIAN (NOT RAISED),NO CONTROLS,IMPROPER LANE USAGE,DISREGARDING TRAFFIC SIGNALS,0,0,2,2,14,6,6,699,STONY ISLAND AVE,41.746472,-87.554172,06/21/2024 03:33:00 PM,2024
CR00039492,12/14/2023 04:28:00 AM,20,CLEAR,DAYLIGHT,PARKED MOTOR VEHICLE,NOT DIVIDED,TRAFFIC SIGNAL,FOLLOWING TOO CLOSELY,UNABLE TO DETERMINE,0,0,0,0,4,5,12,2043,IRVING PARK RD,41.862693,-87.745903,12/14/2023 05:53:00 AM,2023
CR00039493,11/14/2020 09:51:00 PM,30,CLEAR,DAYLIGHT,PARKED MOTOR VEHICLE,DIVIDED - W/MEDIAN (NOT RAISED),NO CONTROLS,FOLLOWING TOO CLOSELY,DRIVING SKILLS/KNOWLEDGE/EXPERIENCE,0,0,0,0,21,7,11,1644,47TH ST,41.985068,-87.833537,11/14/2020 11:10:00 PM,2020
CR00039494,06/06/2024 11:26:00 AM,35,CLEAR,DAYLIGHT,REAR END,DIVIDED - W/MEDIAN (NOT RAISED),TRAFFIC SIGNAL,FAILING TO REDUCE SPEED,FAILING TO REDUCE SPEED,0,0,0,0,11,5,6,1377,ROOSEVELT RD,41.832668,-87.771097,06/06/2024 12:39:00 PM,2024
CR00039495,04/14/2021 05:32:00 PM,30,CLOUDY/OVERCAST,DARKNESS - LIGHTED ROAD,TURNING,NOT DIVIDED,PEDESTRIAN CROSSING SIGN,DISTRACTION - FROM INSIDE VEHICLE,NOT APPLICABLE,0,0,0,0,17,4,4,1999,IRVING PARK RD,41.773611,-87.694768,04/14/2021 06:48:00 PM,2021
CR00039496,01/24/2018 07:44:00 AM,40,RAIN,DARKNESS - LIGHTED ROAD,REAR END,DIVIDED - W/MEDIAN BARRIER,NO CONTROLS,UNABLE TO DETERMINE,DISREGARDING TRAFFIC SIGNALS,0,0,0,0,7,4,1,1280,STATE ST,41.727608,-87.78098,01/24/2018 08:51:00 AM,2018
CR00039497,02/26/2017 08:25:00 AM,20,CLEAR,DAYLIGHT,ANGLE,DIVIDED - W/MEDIAN (NOT RAISED),TRAFFIC SIGNAL,FOLLOWING TOO CLOSELY,IMPROPER OVERTAKING/PASSING,0,0,0,0,8,1,2,343,HALSTED ST,41.888156,-87.71839,02/26/2017 09:42:00 AM,2017
CR00039498,12/13/2021 04:01:00 PM,20,CLEAR,DAYLIGHT,REAR END,NOT DIVIDED,UNKNOWN,FAILING TO REDUCE SPEED,FOLLOWING TOO CLOSELY,0,0,0,0,16,2,12,141,LAKE SHORE DR,41.768315,-87.550514,12/13/2021 05:15:00 PM,2021
CR00039499,06/21/2015 09:36:00 AM,45,CLEAR,DAYLIGHT,REAR TO FRONT,ONE-WAY,NO CONTROLS,IMPROPER OVERTAKING/PASSING,DRIVING SKILLS/KNOWLEDGE/EXPERIENCE,0,0,0,0,9,1,6,134,LAKE SHORE DR,41.966702,-87.76217,06/21/2015 11:35:00 AM,2015
CR00039500,11/12/2019 03:17:00 PM,40,CLEAR,DAYLIGHT,TURNING,DIVIDED - W/MEDIAN (NOT RAISED),YIELD,FAILING TO YIELD RIGHT-OF-WAY,UNABLE TO DETERMINE,0,0,0,0,15,3,11,1175,ELSTON AVE,41.8785,-87.563682,11/12/2019 03:49:00 PM,2019
CR00039501,05/22/2024 07:35:00 PM,45,CLEAR,DAYLIGHT,PEDESTRIAN,T-INTERSECTION,NO CONTROLS,FAILING TO YIELD RIGHT-OF-WAY,IMPROPER LANE USAGE,0,0,0,0,19,4,5,2121,PULASKI RD,41.811741,-87.626753,05/22/2024 09:27:00 PM,2024
CR00039502,11/20/2017 08:10:00 AM,20,CLEAR,DARKNESS - LIGHTED ROAD,REAR END,NOT DIVIDED,NO CONTROLS,FAILING TO YIELD RIGHT-OF-WAY,UNABLE TO DETERMINE,0,0,0,0,8,2,11,1543,WESTERN AVE,41.772517,-87.542915,11/20/2017 09:36:00 AM,2017
CR00039503,05/12/2020 09:21:00 PM,20,SNOW,DAYLIGHT,ANGLE,NOT DIVIDED,TRAFFIC SIGNAL,UNABLE TO DETERMINE,IMPROPER LANE USAGE,0,0,0,0,21,3,5,575,FULLERTON AVE,41.888397,-87.846202,05/12/2020 10:51:00 PM,2020
CR00039504,12/27/2019 12:07:00 PM,35,RAIN,DARKNESS - LIGHTED ROAD,PARKED MOTOR VEHICLE,NOT DIVIDED,NO CONTROLS,FOLLOWING TOO CLOSELY,UNABLE TO DETERMINE,0,0,0,0,12,6,12,1550,ASHLAND AVE,41.743022,-87.663043,12/27/2019 12:39:00 PM,2019
CR00039505,07/15/2016 07:48:00 PM,45,CLOUDY/OVERCAST,DAYLIGHT,REAR END,ONE-WAY,TRAFFIC SIGNAL,UNABLE TO DETERMINE,NOT APPLICABLE,0,0,0,0,19,6,7,1639,WESTERN AVE,41.867298,-87.643045,07/15/2016 09:01:00 PM,2016
CR00039506,02/12/2023 07:26:00 AM,20,CLEAR,DAYLIGHT,TURNING,DIVIDED - W/MEDIAN (NOT RAISED),NO CONTROLS,FOLLOWING TOO CLOSELY,IMPROPER LANE USAGE,0,0,1,1,7,1,2,1634,ROOSEVELT RD,41.706159,-87.636471,02/12/2023 08:20:00 AM,2023