CRASH_RECORD_ID,CRASH_DATE,POSTED_SPEED_LIMIT,WEATHER_CONDITION,LIGHTING_CONDITION,FIRST_CRASH_TYPE,TRAFFICWAY_TYPE,TRAFFIC_CONTROL_DEVICE,PRIM_CONTRIBUTORY_CAUSE,SEC_CONTRIBUTORY_CAUSE,INJURIES_FATAL,INJURIES_INCAPACITATING,INJURIES_NON_INCAPACITATING,INJURIES_TOTAL,CRASH_HOUR,CRASH_DAY_OF_WEEK,CRASH_MONTH,BEAT_OF_OCCURRENCE,STREET_NAME,LATITUDE,LONGITUDE,DATE_POLICE_NOTIFIED,year
CR00039507,06/16/2022 09:38:00 AM,30,CLEAR,DAYLIGHT,REAR END,NOT DIVIDED,STOP SIGN/FLASHER,DRIVING SKILLS/KNOWLEDGE/EXPERIENCE,FAILING TO REDUCE SPEED,0,0,1,1,9,5,6,400,MILWAUKEE AVE,41.817609,-87.691956,06/16/2022 11:30:00 AM,2022
CR00039508,01/05/2022 11:59:00 PM,20,CLEAR,DAYLIGHT,TURNING,FOUR WAY,UNKNOWN,FAILING TO YIELD RIGHT-OF-WAY,UNABLE TO DETERMINE,0,0,0,0,23,4,1,349,OGDEN AVE,41.782509,-87.748692,01/06/2022 01:24:00 AM,2022
CR00039509,08/15/2024 04:42:00 PM,25,RAIN,DAYLIGHT,REAR TO FRONT,DIVIDED - W/MEDIAN (NOT RAISED),TRAFFIC SIGNAL,UNABLE TO DETERMINE,DISTRACTION - FROM INSIDE VEHICLE,0,0,0,0,16,5,8,418,LAKE SHORE DR,41.71463,-87.575519,08/15/2024 06:26:00 PM,2024
CR00039510,08/17/2018 10:43:00 AM,30,RAIN,DARKNESS - LIGHTED ROAD,REAR END,DIVIDED - W/MEDIAN BARRIER,UNKNOWN,FAILING TO YIELD RIGHT-OF-WAY,NOT APPLICABLE,0,0,0,0,10,6,8,304,OGDEN AVE,41.849867,-87.823978,08/17/2018 11:19:00 AM,2018
CR00039511,07/16/2021 07:18:00 PM,45,CLEAR,DARKNESS - LIGHTED ROAD,REAR END,NOT DIVIDED,NO CONTROLS,FAILING TO YIELD RIGHT-OF-WAY,FOLLOWING TOO CLOSELY,0,0,0,0,19,6,7,616,LAKE SHORE DR,41.750763,-87.740671,07/16/2021 08:40:00 PM,2021
CR00039512,12/23/2020 12:02:00 PM,35,CLEAR,DAYLIGHT,REAR END,FOUR WAY,NO CONTROLS,UNABLE TO DETERMINE,FOLLOWING TOO CLOSELY,0,0,1,1,12,4,12,722,WESTERN AVE,41.71667,-87.654986,12/23/2020 12:11:00 PM,2020
CR00039513,03/16/2015 02:54:00 AM,20,CLEAR,DARKNESS - LIGHTED ROAD,TURNING,NOT DIVIDED,UNKNOWN,FAILING TO YIELD RIGHT-OF-WAY,UNABLE TO DETERMINE,0,0,0,0,2,2,3,1571,HALSTED ST,41.907688,-87.834042,03/16/2015 03:31:00 AM,2015
CR00039514,01/11/2022 06:22:00 PM,30,CLEAR,DAYLIGHT,TURNING,NOT DIVIDED,NO CONTROLS,FOLLOWING TOO CLOSELY,DRIVING SKILLS/KNOWLEDGE/EXPERIENCE,0,0,0,0,18,3,1,1115,79TH ST,41.788625,-87.682019,01/11/2022 08:02:00 PM,2022
CR00039515,08/22/2016 07:38:00 AM,30,RAIN,DAYLIGHT,ANGLE,NOT DIVIDED,NO CONTROLS,DISREGARDING TRAFFIC SIGNALS,FAILING TO REDUCE SPEED,0,0,0,0,7,2,8,1426,CICERO AVE,41.753163,-87.665175,08/22/2016 09:14:00 AM,2016
CR00039516,11/20/2023 03:18:00 AM,35,CLEAR,DARKNESS - LIGHTED ROAD,REAR END,FOUR WAY,TRAFFIC SIGNAL,DISTRACTION - FROM INSIDE VEHICLE,IMPROPER LANE USAGE,0,0,0,0,3,2,11,835,PULASKI RD,41.853463,-87.652173,11/20/2023 05:09:00 AM,2023
CR00039517,08/15/2021 03:54:00 PM,20,CLEAR,DARKNESS - LIGHTED ROAD,ANGLE,ONE-WAY,NO CONTROLS,DISTRACTION - FROM INSIDE VEHICLE,UNABLE TO DETERMINE,0,0,0,0,15,1,8,564,STATE ST,41.743174,-87.705887,08/15/2021 04:37:00 PM,2021
CR00039518,06/04/2023 05:15:00 PM,35,CLEAR,DARKNESS - LIGHTED ROAD,TURNING,DIVIDED - W/MEDIAN (NOT RAISED),NO CONTROLS,UNABLE TO DETERMINE,NOT APPLICABLE,0,0,0,0,17,1,6,2209,FULLERTON AVE,41.746088,-87.783867,06/04/2023 05:25:00 PM,2023
CR00039519,09/05/2016 05:17:00 AM,30,CLEAR,DAYLIGHT,PARKED MOTOR VEHICLE,DIVIDED - W/MEDIAN BARRIER,PEDESTRIAN CROSSING SIGN,UNABLE TO DETERMINE,NOT APPLICABLE,0,0,0,0,5,2,9,2255,FULLERTON AVE,41.964308,-87.741472,09/05/2016 05:20:00 AM,2016
CR00039520,02/15/2018 08:06:00 PM,30,CLEAR,DAYLIGHT,REAR END,FOUR WAY,STOP SIGN/FLASHER,IMPROPER LANE USAGE,UNABLE TO DETERMINE,0,0,0,0,20,5,2,360,STONY ISLAND AVE,41.832993,-87.826818,02/15/2018 08:29:00 PM,2018
CR00039521,01/27/2019 07:43:00 AM,15,CLEAR,DARKNESS - LIGHTED ROAD,REAR END,NOT DIVIDED,STOP SIGN/FLASHER,DISTRACTION - FROM INSIDE VEHICLE,UNABLE TO DETERMINE,0,0,0,0,7,1,1,984,STATE ST,41.852961,-87.670154,01/27/2019 08:53:00 AM,2019
CR00039522,09/22/2021 02:37:00 AM,30,CLOUDY/OVERCAST,DAYLIGHT,SIDESWIPE SAME DIRECTION,DIVIDED - W/MEDIAN (NOT RAISED),NO CONTROLS,IMPROPER OVERTAKING/PASSING,DISTRACTION - FROM INSIDE VEHICLE,0,0,0,0,2,4,9,215,WESTERN AVE,41.766512,-87.52371,09/22/2021 04:06:00 AM,2021
CR00039523,07/19/2022 12:16:00 PM,35,FOG/SMOKE/HAZE,DAWN,PEDESTRIAN,NOT DIVIDED,STOP SIGN/FLASHER,UNABLE TO DETERMINE,NOT APPLICABLE,0,0,2,2,12,3,7,1202,ARCHER AVE,41.782345,-87.661135,07/19/2022 12:26:00 PM,2022
CR00039524,02/12/2020 08:58:00 AM,35,CLEAR,DARKNESS - LIGHTED ROAD,REAR END,NOT DIVIDED,STOP SIGN/FLASHER,DRIVING SKILLS/KNOWLEDGE/EXPERIENCE,FAILING TO YIELD RIGHT-OF-WAY,0,0,0,0,8,4,2,2416,79TH ST,41.899087,-87.619611,02/12/2020 10:31:00 AM,2020
CR00039525,06/19/2015 03:25:00 PM,15,RAIN,DAYLIGHT,PARKED MOTOR VEHICLE,NOT DIVIDED,PEDESTRIAN CROSSING SIGN,UNABLE TO DETERMINE,UNABLE TO DETERMINE,0,0,0,0,15,6,6,1653,WESTERN AVE,41.966776,-87.544181,06/19/2015 04:39:00 PM,2015
CR00039526,05/31/2016 07:34:00 AM,30,CLEAR,DAWN,SIDESWIPE SAME DIRECTION,NOT DIVIDED,TRAFFIC SIGNAL,UNABLE TO DETERMINE,IMPROPER LANE USAGE,0,0,1,1,7,3,5,379,DAMEN AVE,41.765054,-87.688073,05/31/2016 09:32:00 AM,2016
CR00039527,07/25/2019 03:53:00 AM,20,RAIN,DARKNESS - LIGHTED ROAD,TURNING,ONE-WAY,STOP SIGN/FLASHER,UNABLE TO DETERMINE,IMPROPER LANE USAGE,0,0,0,0,3,5,7,1269,HALSTED ST,41.87454,-87.832836,07/25/2019 05:00:00 AM,2019
CR00039528,12/31/2022 01:41:00 PM,30,CLEAR,DARKNESS - LIGHTED ROAD,SIDESWIPE SAME DIRECTION,ONE-WAY,TRAFFIC SIGNAL,IMPROPER LANE USAGE,FOLLOWING TOO CLOSELY,0,0,0,0,13,7,12,1895,47TH ST,41.942149,-87.647393,12/31/2022 02:32:00 PM,2022
CR00039529,12/20/2022 03:20:00 PM,30,CLEAR,DARKNESS - LIGHTED ROAD,REAR END,NOT DIVIDED,NO CONTROLS,IMPROPER OVERTAKING/PASSING,IMPROPER OVERTAKING/PASSING,0,0,0,0,15,3,12,1058,MILWAUKEE AVE,41.772652,-87.634165,12/20/2022 04:56:00 PM,2022
CR00039530,03/26/2019 07:12:00 AM,20,CLEAR,DARKNESS,ANGLE,NOT DIVIDED,NO CONTROLS,UNABLE TO DETERMINE,IMPROPER OVERTAKING/PASSING,0,0,0,0,7,3,3,1774,STONY ISLAND AVE,41.880791,-87.729472,03/26/2019 08:39:00 AM,2019
CR00039531,08/14/2019 03:53:00 PM,30,CLEAR,DARKNESS,REAR END,NOT DIVIDED,PEDESTRIAN CROSSING SIGN,DRIVING SKILLS/KNOWLEDGE/EXPERIENCE,UNABLE TO DETERMINE,0,0,0,0,15,4,8,1110,BROADWAY,41.928156,-87.771294,08/14/2019 04:59:00 PM,2019
CR00039532,06/10/2020 06:52:00 PM,35,CLEAR,DAYLIGHT,PEDESTRIAN,DIVIDED - W/MEDIAN BARRIER,TRAFFIC SIGNAL,DISTRACTION - FROM INSIDE VEHICLE,IMPROPER LANE USAGE,0,0,0,0,18,4,6,2171,CICERO AVE,41.769511,-87.755806,06/10/2020 07:37:00 PM,2020
CR00039533,11/02/2022 05:28:00 PM,30,FREEZING RAIN/DRIZZLE,DAYLIGHT,REAR END,FOUR WAY,NO CONTROLS,IMPROPER OVERTAKING/PASSING,IMPROPER OVERTAKING/PASSING,0,0,0,0,17,4,11,2194,79TH ST,41.856375,-87.510327,11/02/2022 05:43:00 PM,2022
CR00039534,10/30/2015 04:30:00 PM,35,CLEAR,DARKNESS - LIGHTED ROAD,SIDESWIPE SAME DIRECTION,ONE-WAY,TRAFFIC SIGNAL,IMPROPER LANE USAGE,NOT APPLICABLE,0,0,1,1,16,6,10,2146,ROOSEVELT RD,41.741853,-87.667001,10/30/2015 05:23:00 PM,2015
CR00039535,07/19/2024 07:22:00 AM,35,CLOUDY/OVERCAST,DARKNESS - LIGHTED ROAD,TURNING,FOUR WAY,STOP SIGN/FLASHER,UNABLE TO DETERMINE,NOT APPLICABLE,0,0,0,0,7,6,7,800,ASHLAND AVE,41.873566,-87.618511,07/19/2024 09:19:00 AM,2024
CR00039536,05/15/2017 04:02:00 AM,30,CLOUDY/OVERCAST,DAYLIGHT,REAR END,ONE-WAY,NO CONTROLS,IMPROPER LANE USAGE,UNABLE TO DETERMINE,0,0,0,0,4,2,5,463,FULLERTON AVE,41.785287,-87.699051,05/15/2017 05:56:00 AM,2017
CR00039537,08/29/2020 06:21:00 PM,30,SNOW,DAYLIGHT,REAR TO FRONT,ONE-WAY,NO CONTROLS,IMPROPER LANE USAGE,UNABLE TO DETERMINE,0,0,0,0,18,7,8,383,DAMEN AVE,41.880913,-87.732699,08/29/2020 07:45:00 PM,2020
CR00039538,02/19/2020 02:17:00 PM,30,CLEAR,DARKNESS - LIGHTED ROAD,REAR END,DIVIDED - W/MEDIAN (NOT RAISED),TRAFFIC SIGNAL,IMPROPER LANE USAGE,UNABLE TO DETERMINE,0,0,0,0,14,4,2,1925,CLARK ST,41.900047,-87.539557,02/19/2020 02:37:00 PM,2020
CR00039539,10/08/2015 11:18:00 AM,30,CLEAR,DARKNESS - LIGHTED ROAD,REAR TO FRONT,FOUR WAY,NO CONTROLS,UNABLE TO DETERMINE,IMPROPER LANE USAGE,0,0,0,0,11,5,10,1992,WESTERN AVE,41.773086,-87.554244,10/08/2015 11:48:00 AM,2015
CR00039540,11/01/2023 08:05:00 AM,30,RAIN,DARKNESS,SIDESWIPE SAME DIRECTION,NOT DIVIDED,NO CONTROLS,DISTRACTION - FROM INSIDE VEHICLE,NOT APPLICABLE,0,0,1,1,8,4,11,2133,DAMEN AVE,41.750824,-87.676578,11/01/2023 09:32:00 AM,2023
CR00039541,04/14/2017 06:20:00 PM,15,CLOUDY/OVERCAST,DAYLIGHT,TURNING,DIVIDED - W/MEDIAN BARRIER,NO CONTROLS,FOLLOWING TOO CLOSELY,UNABLE TO DETERMINE,0,0,0,0,18,6,4,1715,OGDEN AVE,41.981785,-87.519578,04/14/2017 07:59:00 PM,2017
CR00039542,02/23/2022 08:20:00 PM,30,CLEAR,DAYLIGHT,ANGLE,NOT DIVIDED,TRAFFIC SIGNAL,UNABLE TO DETERMINE,NOT APPLICABLE,0,0,0,0,20,4,2,517,OGDEN AVE,41.726085,-87.844434,02/23/2022 09:00:00 PM,2022
CR00039543,08/06/2019 08:34:00 AM,35,CLEAR,DARKNESS - LIGHTED ROAD,REAR TO FRONT,NOT DIVIDED,UNKNOWN,UNABLE TO DETERMINE,FAILING TO YIELD RIGHT-OF-WAY,0,0,1,1,8,3,8,555,FULLERTON AVE,41.861795,-87.649709,08/06/2019 09:43:00 AM,2019
CR00039544,05/12/2017 07:49:00 PM,40,CLEAR,DAYLIGHT,REAR END,NOT DIVIDED,TRAFFIC SIGNAL,UNABLE TO DETERMINE,NOT APPLICABLE,0,0,0,0,19,6,5,2140,CALIFORNIA AVE,41.843322,-87.53424,05/12/2017 09:28:00 PM,2017
CR00039545,03/25/2018 02:50:00 AM,30,CLEAR,DAYLIGHT,TURNING,NOT DIVIDED,STOP SIGN/FLASHER,DISTRACTION - FROM INSIDE VEHICLE,NOT APPLICABLE,0,0,1,1,2,1,3,1747,MICHIGAN AVE,41.935287,-87.612957,03/25/2018 03:20:00 AM,2018
CR00039546,03/18/2016 06:13:00 PM,25,FOG/SMOKE/HAZE,DUSK,TURNING,NOT DIVIDED,NO CONTROLS,IMPROPER OVERTAKING/PASSING,FAILING TO YIELD RIGHT-OF-WAY,0,0,0,0,18,6,3,334,DAMEN AVE,41.967354,-87.683469,03/18/2016 06:19:00 PM,2016
CR00039547,07/05/2024 06:45:00 PM,30,CLEAR,DAYLIGHT,SIDESWIPE SAME DIRECTION,NOT DIVIDED,NO CONTROLS,FAILING TO REDUCE SPEED,NOT APPLICABLE,0,0,0,0,18,6,7,1979,ELSTON AVE,41.707924,-87.747532,07/05/2024 08:38:00 PM,2024
CR00039548,12/27/2019 10:18:00 PM,30,CLEAR,DAYLIGHT,TURNING,ONE-WAY,NO CONTROLS,WEATHER,DISREGARDING TRAFFIC SIGNALS,0,0,0,0,22,6,12,388,MILWAUKEE AVE,41.890549,-87.813723,12/27/2019 10:45:00 PM,2019
CR00039549,01/08/2016 04:44:00 PM,30,CLEAR,DARKNESS - LIGHTED ROAD,SIDESWIPE SAME DIRECTION,DIVIDED - W/MEDIAN (NOT RAISED),TRAFFIC SIGNAL,IMPROPER LANE USAGE,WEATHER,0,0,0,0,16,6,1,1973,STONY ISLAND AVE,41.726123,-87.710805,01/08/2016 05:57:00 PM,2016
CR00039550,04/06/2016 05:41:00 PM,20,CLEAR,DAYLIGHT,TURNING,DIVIDED - W/MEDIAN BARRIER,NO CONTROLS,DRIVING SKILLS/KNOWLEDGE/EXPERIENCE,FAILING TO YIELD RIGHT-OF-WAY,0,0,0,0,17,4,4,2103,ASHLAND AVE,41.90525,-87.789822,04/06/2016 06:16:00 PM,2016
CR00039551,02/05/2018 08:41:00 AM,45,RAIN,DARKNESS - LIGHTED ROAD,ANGLE,FOUR WAY,NO CONTROLS,IMPROPER LANE USAGE,DISREGARDING TRAFFIC SIGNALS,0,0,0,0,8,2,2,287,DAMEN AVE,41.802147,-87.518017,02/05/2018 09:42:00 AM,2018
CR00039552,11/26/2018 11:58:00 AM,15,CLEAR,DARKNESS - LIGHTED ROAD,REAR END,DIVIDED - W/MEDIAN (NOT RAISED),NO CONTROLS,UNABLE TO DETERMINE,UNABLE TO DETERMINE,0,2,3,5,11,2,11,935,KEDZIE AVE,41.859819,-87.827819,11/26/2018 01:03:00 PM,2018
CR00039553,01/06/2021 02:20:00 PM,25,CLEAR,DAYLIGHT,SIDESWIPE SAME DIRECTION,DIVIDED - W/MEDIAN (NOT RAISED),NO CONTROLS,UNABLE TO DETERMINE,UNABLE TO DETERMINE,0,0,0,0,14,4,1,140,DIVISION ST,41.918372,-87.70743,01/06/2021 02:57:00 PM,2021
CR00039554,04/25/2022 02:51:00 PM,15,CLEAR,DAYLIGHT,TURNING,DIVIDED - W/MEDIAN (NOT RAISED),TRAFFIC SIGNAL,FAILING TO REDUCE SPEED,UNABLE TO DETERMINE,0,2,1,3,14,2,4,1815,DAMEN AVE,41.815005,-87.552672,04/25/2022 04:01:00 PM,2022
CR00039555,09/05/2018 04:11:00 PM,30,RAIN,DAYLIGHT,SIDESWIPE SAME DIRECTION,NOT DIVIDED,NO CONTROLS,FAILING TO YIELD RIGHT-OF-WAY,FAILING TO YIELD RIGHT-OF-WAY,0,0,0,0,16,4,9,1596,ELSTON AVE,41.847074,-87.831307,09/05/2018 04:26:00 PM,2018
CR00039556,09/19/2019 07:11:00 AM,35,CLEAR,DARKNESS,TURNING,T-INTERSECTION,NO CONTROLS,DISTRACTION - FROM INSIDE VEHICLE,UNABLE TO DETERMINE,0,0,0,0,7,5,9,573,MICHIGAN AVE,41.991639,-87.841078,09/19/2019 07:14:00 AM,2019
CR00039557,09/21/2015 05:36:00 PM,30,CLOUDY/OVERCAST,DAYLIGHT,SIDESWIPE SAME DIRECTION,FOUR WAY,UNKNOWN,FAILING TO YIELD RIGHT-OF-WAY,UNABLE TO DETERMINE,0,0,1,1,17,2,9,2488,ELSTON AVE,41.917539,-87.806813,09/21/2015 06:18:00 PM,2015
CR00039558,10/23/2022 02:01:00 PM,15,RAIN,DAYLIGHT,PARKED MOTOR VEHICLE,ONE-WAY,NO CONTROLS,FAILING TO REDUCE SPEED,DISREGARDING TRAFFIC SIGNALS,0,0,0,0,14,1,10,1043,CICERO AVE,41.773541,-87.585406,10/23/2022 02:54:00 PM,2022
CR00039559,03/14/2019 08:23:00 AM,35,CLEAR,DAYLIGHT,FIXED OBJECT,NOT DIVIDED,YIELD,UNABLE TO DETERMINE,NOT APPLICABLE,0,0,0,0,8,5,3,155,ARCHER AVE,41.827471,-87.75541,03/14/2019 09:20:00 AM,2019
CR00039560,02/16/2023 12:41:00 AM,15,CLEAR,DAYLIGHT,REAR END,FOUR WAY,UNKNOWN,UNABLE TO DETERMINE,NOT APPLICABLE,0,0,0,0,0,5,2,1536,MICHIGAN AVE,41.865589,-87.714923,02/16/2023 12:42:00 AM,2023
CR00039561,02/07/2016 12:51:00 PM,35,CLEAR,DAYLIGHT,ANGLE,DIVIDED - W/MEDIAN (NOT RAISED),TRAFFIC SIGNAL,UNABLE TO DETERMINE,FOLLOWING TOO CLOSELY,0,0,1,1,12,1,2,101,LAKE SHORE DR,41.731152,-87.824373,02/07/2016 02:03:00 PM,2016
CR00039562,07/30/2022 04:32:00 PM,35,CLEAR,DAYLIGHT,REAR END,DIVIDED - W/MEDIAN (NOT RAISED),NO CONTROLS,IMPROPER OVERTAKING/PASSING,NOT APPLICABLE,0,0,0,0,16,7,7,376,STONY ISLAND AVE,41.741232,-87.780455,07/30/2022 06:00:00 PM,2022
CR00039563,05/28/2016 08:41:00 AM,35,RAIN,DAYLIGHT,REAR END,ONE-WAY,PEDESTRIAN CROSSING SIGN,FAILING TO YIELD RIGHT-OF-WAY,DRIVING SKILLS/KNOWLEDGE/EXPERIENCE,0,0,0,0,8,7,5,1200,ARCHER AVE,41.827364,-87.661791,05/28/2016 09:07:00 AM,2016
CR00039564,07/07/2021 10:51:00 AM,15,CLEAR,DAYLIGHT,REAR END,DIVIDED - W/MEDIAN (NOT RAISED),NO CONTROLS,UNABLE TO DETERMINE,DISREGARDING TRAFFIC SIGNALS,0,0,0,0,10,4,7,2001,DIVISION ST,41.925259,-87.817419,07/07/2021 11:18:00 AM,2021
CR00039565,12/27/2021 10:20:00 PM,30,CLEAR,DARKNESS - LIGHTED ROAD,TURNING,NOT DIVIDED,TRAFFIC SIGNAL,UNABLE TO DETERMINE,NOT APPLICABLE,0,0,0,0,22,2,12,205,47TH ST,41.889553,-87.701979,12/27/2021 11:03:00 PM,2021
CR00039566,08/02/2024 12:13:00 PM,30,CLEAR,DAYLIGHT,TURNING,FOUR WAY,TRAFFIC SIGNAL,DRIVING SKILLS/KNOWLEDGE/EXPERIENCE,NOT APPLICABLE,0,0,0,0,12,6,8,2419,MICHIGAN AVE,41.950491,-87.609906,08/02/2024 02:13:00 PM,2024
CR00039567,06/21/2017 04:43:00 AM,40,CLEAR,DAYLIGHT,FIXED OBJECT,ONE-WAY,YIELD,UNABLE TO DETERMINE,FOLLOWING TOO CLOSELY,0,0,0,0,4,4,6,1854,CALIFORNIA AVE,41.758261,-87.837505,06/21/2017 06:39:00 AM,2017
CR00039568,01/31/2022 11:41:00 AM,30,CLEAR,DAYLIGHT,REAR END,NOT DIVIDED,TRAFFIC SIGNAL,UNABLE TO DETERMINE,UNABLE TO DETERMINE,0,0,0,0,11,2,1,1761,DIVISION ST,41.828845,-87.810122,01/31/2022 01:10:00 PM,2022
CR00039569,07/15/2016 10:04:00 AM,30,CLEAR,DARKNESS - LIGHTED ROAD,REAR END,T-INTERSECTION,UNKNOWN,IMPROPER LANE USAGE,NOT APPLICABLE,0,2,0,2,10,6,7,2396,ELSTON AVE,41.727951,-87.684772,07/15/2016 11:53:00 AM,2016
CR00039570,04/26/2015 01:03:00 AM,15,CLEAR,DARKNESS - LIGHTED ROAD,ANGLE,NOT DIVIDED,NO CONTROLS,IMPROPER LANE USAGE,UNABLE TO DETERMINE,0,0,0,0,1,1,4,1186,BROADWAY,41.979681,-87.544973,04/26/2015 01:40:00 AM,2015
CR00039571,05/08/2020 04:30:00 PM,15,CLEAR,DARKNESS - LIGHTED ROAD,REAR END,DIVIDED - W/MEDIAN (NOT RAISED),NO CONTROLS,FAILING TO YIELD RIGHT-OF-WAY,FOLLOWING TOO CLOSELY,0,0,1,1,16,6,5,1132,MILWAUKEE AVE,41.927879,-87.843115,05/08/2020 06:26:00 PM,2020
CR00039572,01/22/2023 12:02:00 PM,15,CLEAR,DAYLIGHT,SIDESWIPE SAME DIRECTION,NOT DIVIDED,NO CONTROLS,IMPROPER LANE USAGE,UNABLE TO DETERMINE,0,0,0,0,12,1,1,2485,STONY ISLAND AVE,41.830028,-87.585998,01/22/2023 12:38:00 PM,2023
CR00039573,05/07/2015 09:26:00 AM,30,CLEAR,DARKNESS,FIXED OBJECT,T-INTERSECTION,UNKNOWN,DISTRACTION - FROM INSIDE VEHICLE,NOT APPLICABLE,0,0,0,0,9,5,5,1689,MICHIGAN AVE,41.866298,-87.780003,05/07/2015 10:07:00 AM,2015
CR00039574,05/30/2021 03:54:00 PM,45,RAIN,DARKNESS - LIGHTED ROAD,REAR TO FRONT,ONE-WAY,NO CONTROLS,IMPROPER OVERTAKING/PASSING,FOLLOWING TOO CLOSELY,0,0,0,0,15,1,5,801,63RD ST,41.756998,-87.692526,05/30/2021 05:40:00 PM,2021
CR00039575,03/01/2020 08:40:00 AM,25,CLEAR,DAYLIGHT,SIDESWIPE SAME DIRECTION,ONE-WAY,UNKNOWN,FAILING TO YIELD RIGHT-OF-WAY,UNABLE TO DETERMINE,0,0,0,0,8,1,3,883,DAMEN AVE,41.99147,-87.740293,03/01/2020 10:40:00 AM,2020
CR00039576,03/18/2017 06:36:00 PM,30,CLEAR,DAYLIGHT,REAR END,NOT DIVIDED,NO CONTROLS,UNABLE TO DETERMINE,FOLLOWING TOO CLOSELY,0,2,1,3,18,7,3,765,CLARK ST,41.802299,-87.731794,03/18/2017 06:50:00 PM,2017
CR00039577,09/08/2023 04:39:00 PM,35,RAIN,DARKNESS,ANGLE,DIVIDED - W/MEDIAN (NOT RAISED),YIELD,WEATHER,FAILING TO YIELD RIGHT-OF-WAY,0,0,1,1,16,6,9,1671,KEDZIE AVE,41.904123,-87.777697,09/08/2023 05:23:00 PM,2023
CR00039578,12/19/2018 01:52:00 PM,30,FREEZING RAIN/DRIZZLE,DARKNESS - LIGHTED ROAD,SIDESWIPE SAME DIRECTION,NOT DIVIDED,NO CONTROLS,DISTRACTION - FROM INSIDE VEHICLE,NOT APPLICABLE,0,0,1,1,13,4,12,2531,MICHIGAN AVE,41.781303,-87.746504,12/19/2018 02:09:00 PM,2018
CR00039579,12/19/2019 08:09:00 PM,30,CLEAR,DAYLIGHT,REAR TO FRONT,NOT DIVIDED,STOP SIGN/FLASHER,FAILING TO REDUCE SPEED,NOT APPLICABLE,0,0,0,0,20,5,12,2361,ROOSEVELT RD,41.773243,-87.574174,12/19/2019 08:29:00 PM,2019
CR00039580,08/24/2022 09:46:00 AM,35,CLEAR,DAYLIGHT,REAR END,NOT DIVIDED,NO CONTROLS,IMPROPER LANE USAGE,UNABLE TO DETERMINE,0,0,0,0,9,4,8,1947,ARCHER AVE,41.885457,-87.614745,08/24/2022 11:12:00 AM,2022
CR00039581,04/14/2015 11:36:00 AM,30,RAIN,DARKNESS - LIGHTED ROAD,TURNING,NOT DIVIDED,NO CONTROLS,FAILING TO REDUCE SPEED,DISTRACTION - FROM INSIDE VEHICLE,0,0,0,0,11,3,4,545,ELSTON AVE,41.922487,-87.568401,04/14/2015 12:35:00 PM,2015
CR00039582,03/14/2021 06:11:00 PM,45,RAIN,DAYLIGHT,ANGLE,NOT DIVIDED,NO CONTROLS,DRIVING SKILLS/KNOWLEDGE/EXPERIENCE,FOLLOWING TOO CLOSELY,0,0,0,0,18,1,3,2528,MILWAUKEE AVE,41.961787,-87.81778,03/14/2021 07:45:00 PM,2021
CR00039583,06/18/2024 07:36:00 AM,35,RAIN,DUSK,REAR END,FOUR WAY,TRAFFIC SIGNAL,UNABLE TO DETERMINE,FAILING TO YIELD RIGHT-OF-WAY,0,0,0,0,7,3,6,2382,PULASKI RD,41.980121,-87.564812,06/18/2024 07:49:00 AM,2024
CR00039584,11/18/2024 10:28:00 AM,40,CLEAR,DAYLIGHT,ANGLE,DIVIDED - W/MEDIAN (NOT RAISED),NO CONTROLS,DISTRACTION - FROM INSIDE VEHICLE,IMPROPER LANE USAGE,0,0,0,0,10,2,11,1834,STONY ISLAND AVE,41.851844,-87.646691,11/18/2024 11:57:00 AM,2024
CR00039585,02/19/2023 02:30:00 PM,20,CLOUDY/OVERCAST,DAYLIGHT,TURNING,FOUR WAY,STOP SIGN/FLASHER,UNABLE TO DETERMINE,DISTRACTION - FROM INSIDE VEHICLE,0,0,0,0,14,1,2,197,ARCHER AVE,41.832203,-87.835245,02/19/2023 03:58:00 PM,2023
CR00039586,02/17/2023 06:01:00 PM,40,CLEAR,DARKNESS - LIGHTED ROAD,TURNING,T-INTERSECTION,UNKNOWN,UNABLE TO DETERMINE,UNABLE TO DETERMINE,0,0,0,0,18,6,2,969,MILWAUKEE AVE,41.94573,-87.538674,02/17/2023 07:15:00 PM,2023
CR00039587,01/03/2016 06:06:00 AM,45,CLEAR,DAYLIGHT,REAR END,NOT DIVIDED,STOP SIGN/FLASHER,FAILING TO YIELD RIGHT-OF-WAY,NOT APPLICABLE,0,0,0,0,6,1,1,1788,79TH ST,41.723783,-87.573465,01/03/2016 08:04:00 AM,2016
CR00039588,09/23/2015 02:59:00 PM,15,RAIN,DAWN,ANGLE,DIVIDED - W/MEDIAN (NOT RAISED),UNKNOWN,UNABLE TO DETERMINE,UNABLE TO DETERMINE,0,0,0,0,14,4,9,1485,HALSTED ST,41.908881,-87.586012,09/23/2015 03:49:00 PM,2015
CR00039589,04/08/2018 07:26:00 AM,35,CLOUDY/OVERCAST,DARKNESS - LIGHTED ROAD,SIDESWIPE SAME DIRECTION,ONE-WAY,NO CONTROLS,DRIVING SKILLS/KNOWLEDGE/EXPERIENCE,UNABLE TO DETERMINE,0,0,0,0,7,1,4,455,CICERO AVE,41.744514,-87.706777,04/08/2018 07:39:00 AM,2018