CRASH_RECORD_ID,CRASH_DATE,POSTED_SPEED_LIMIT,WEATHER_CONDITION,LIGHTING_CONDITION,FIRST_CRASH_TYPE,TRAFFICWAY_TYPE,TRAFFIC_CONTROL_DEVICE,PRIM_CONTRIBUTORY_CAUSE,SEC_CONTRIBUTORY_CAUSE,INJURIES_FATAL,INJURIES_INCAPACITATING,INJURIES_NON_INCAPACITATING,INJURIES_TOTAL,CRASH_HOUR,CRASH_DAY_OF_WEEK,CRASH_MONTH,BEAT_OF_OCCURRENCE,STREET_NAME,LATITUDE,LONGITUDE,DATE_POLICE_NOTIFIED,year
CR00039590,10/24/2017 07:21:00 AM,35,CLEAR,DAYLIGHT,PEDESTRIAN,DIVIDED - W/MEDIAN (NOT RAISED),NO CONTROLS,FAILING TO YIELD RIGHT-OF-WAY,UNABLE TO DETERMINE,0,0,0,0,7,3,10,384,DAMEN AVE,41.777055,-87.824949,10/24/2017 08:40:00 AM,2017
CR00039591,05/20/2017 03:58:00 PM,35,CLEAR,DARKNESS - LIGHTED ROAD,SIDESWIPE SAME DIRECTION,T-INTERSECTION,NO CONTROLS,UNABLE TO DETERMINE,FAILING TO YIELD RIGHT-OF-WAY,0,0,0,0,15,7,5,1116,MILWAUKEE AVE,41.895423,-87.731636,05/20/2017 05:31:00 PM,2017
CR00039592,07/06/2019 06:40:00 PM,45,CLOUDY/OVERCAST,DAYLIGHT,TURNING,T-INTERSECTION,NO CONTROLS,DRIVING SKILLS/KNOWLEDGE/EXPERIENCE,UNABLE TO DETERMINE,0,0,2,2,18,7,7,2095,CLARK ST,41.945599,-87.554745,07/06/2019 06:55:00 PM,2019
CR00039593,04/14/2018 03:26:00 PM,30,FOG/SMOKE/HAZE,DAYLIGHT,PEDESTRIAN,ONE-WAY,NO CONTROLS,UNABLE TO DETERMINE,UNABLE TO DETERMINE,0,0,0,0,15,7,4,333,STATE ST,41.776273,-87.692038,04/14/2018 03:39:00 PM,2018
CR00039594,11/28/2016 10:39:00 AM,30,CLOUDY/OVERCAST,DAYLIGHT,PARKED MOTOR VEHICLE,ONE-WAY,TRAFFIC SIGNAL,FAILING TO YIELD RIGHT-OF-WAY,FAILING TO YIELD RIGHT-OF-WAY,0,0,0,0,10,2,11,184,BROADWAY,41.810715,-87.701523,11/28/2016 11:01:00 AM,2016
CR00039595,01/21/2023 10:19:00 AM,30,CLEAR,DAYLIGHT,REAR END,DIVIDED - W/MEDIAN (NOT RAISED),NO CONTROLS,UNABLE TO DETERMINE,NOT APPLICABLE,0,1,3,4,10,7,1,557,MICHIGAN AVE,41.892849,-87.564685,01/21/2023 11:20:00 AM,2023
CR00039596,08/18/2018 08:55:00 AM,15,CLEAR,DARKNESS - LIGHTED ROAD,TURNING,ONE-WAY,YIELD,UNABLE TO DETERMINE,IMPROPER OVERTAKING/PASSING,0,0,0,0,8,7,8,255,HALSTED ST,41.830765,-87.767402,08/18/2018 10:32:00 AM,2018
CR00039597,06/21/2021 04:17:00 PM,45,CLOUDY/OVERCAST,DAYLIGHT,REAR END,DIVIDED - W/MEDIAN BARRIER,NO CONTROLS,FAILING TO REDUCE SPEED,FOLLOWING TOO CLOSELY,0,0,0,0,16,2,6,1948,PULASKI RD,41.986253,-87.736109,06/21/2021 06:15:00 PM,2021
CR00039598,10/21/2017 08:32:00 PM,15,SNOW,DAYLIGHT,PARKED MOTOR VEHICLE,NOT DIVIDED,NO CONTROLS,FAILING TO REDUCE SPEED,NOT APPLICABLE,0,0,0,0,20,7,10,548,STATE ST,41.991386,-87.849974,10/21/2017 09:49:00 PM,2017
CR00039599,05/02/2016 09:15:00 AM,35,CLEAR,DUSK,REAR END,T-INTERSECTION,TRAFFIC SIGNAL,UNABLE TO DETERMINE,UNABLE TO DETERMINE,0,0,1,1,9,2,5,1902,DIVISION ST,41.968813,-87.801661,05/02/2016 09:22:00 AM,2016
CR00039600,02/01/2022 08:20:00 PM,30,RAIN,DAYLIGHT,REAR END,NOT DIVIDED,TRAFFIC SIGNAL,UNABLE TO DETERMINE,UNABLE TO DETERMINE,0,2,2,4,20,3,2,880,FULLERTON AVE,41.804891,-87.650372,02/01/2022 09:19:00 PM,2022
CR00039601,07/25/2015 11:19:00 AM,30,CLEAR,DARKNESS - LIGHTED ROAD,REAR END,DIVIDED - W/MEDIAN (NOT RAISED),STOP SIGN/FLASHER,DISREGARDING TRAFFIC SIGNALS,FOLLOWING TOO CLOSELY,0,0,2,2,11,7,7,1905,STONY ISLAND AVE,41.867723,-87.722998,07/25/2015 11:55:00 AM,2015
CR00039602,07/23/2020 03:32:00 PM,40,CLEAR,DARKNESS - LIGHTED ROAD,REAR END,NOT DIVIDED,STOP SIGN/FLASHER,WEATHER,FAILING TO YIELD RIGHT-OF-WAY,0,0,0,0,15,5,7,2421,MICHIGAN AVE,41.711927,-87.846771,07/23/2020 04:55:00 PM,2020
CR00039603,11/28/2016 05:01:00 PM,35,CLEAR,DARKNESS,REAR END,NOT DIVIDED,NO CONTROLS,IMPROPER LANE USAGE,NOT APPLICABLE,0,0,0,0,17,2,11,609,FULLERTON AVE,41.756395,-87.527734,11/28/2016 06:45:00 PM,2016
CR00039604,08/16/2022 11:38:00 AM,45,CLEAR,DARKNESS - LIGHTED ROAD,REAR END,NOT DIVIDED,NO CONTROLS,DISTRACTION - FROM INSIDE VEHICLE,FAILING TO YIELD RIGHT-OF-WAY,0,0,2,2,11,3,8,173,ARCHER AVE,41.877276,-87.535168,08/16/2022 01:37:00 PM,2022
CR00039605,07/18/2017 10:31:00 AM,40,CLOUDY/OVERCAST,DARKNESS - LIGHTED ROAD,TURNING,NOT DIVIDED,NO CONTROLS,IMPROPER LANE USAGE,DISTRACTION - FROM INSIDE VEHICLE,0,0,0,0,10,3,7,799,IRVING PARK RD,41.85587,-87.698568,07/18/2017 10:33:00 AM,2017
CR00039606,01/04/2019 04:21:00 AM,20,CLEAR,DARKNESS - LIGHTED ROAD,REAR END,NOT DIVIDED,NO CONTROLS,UNABLE TO DETERMINE,FOLLOWING TOO CLOSELY,0,1,1,2,4,6,1,1706,ASHLAND AVE,41.735609,-87.531724,01/04/2019 04:30:00 AM,2019
CR00039607,01/03/2019 04:04:00 AM,25,CLEAR,DAYLIGHT,ANGLE,NOT DIVIDED,TRAFFIC SIGNAL,IMPROPER LANE USAGE,FOLLOWING TOO CLOSELY,0,0,0,0,4,5,1,2152,OGDEN AVE,41.895579,-87.809566,01/03/2019 04:30:00 AM,2019
CR00039608,08/26/2023 12:03:00 PM,15,CLEAR,DARKNESS,PARKED MOTOR VEHICLE,FOUR WAY,STOP SIGN/FLASHER,DISTRACTION - FROM INSIDE VEHICLE,FAILING TO YIELD RIGHT-OF-WAY,0,0,0,0,12,7,8,994,ARCHER AVE,41.747404,-87.585617,08/26/2023 01:11:00 PM,2023
CR00039609,02/14/2020 06:30:00 AM,15,CLOUDY/OVERCAST,DAYLIGHT,ANGLE,NOT DIVIDED,TRAFFIC SIGNAL,IMPROPER OVERTAKING/PASSING,IMPROPER LANE USAGE,0,0,0,0,6,6,2,2251,KEDZIE AVE,41.72996,-87.654766,02/14/2020 07:46:00 AM,2020
CR00039610,10/24/2021 12:27:00 PM,40,CLEAR,DARKNESS - LIGHTED ROAD,FIXED OBJECT,NOT DIVIDED,TRAFFIC SIGNAL,FAILING TO YIELD RIGHT-OF-WAY,FAILING TO REDUCE SPEED,0,0,0,0,12,1,10,565,STATE ST,41.885267,-87.825648,10/24/2021 02:10:00 PM,2021
CR00039611,11/12/2020 04:47:00 AM,20,CLEAR,DAYLIGHT,ANGLE,DIVIDED - W/MEDIAN (NOT RAISED),PEDESTRIAN CROSSING SIGN,FAILING TO YIELD RIGHT-OF-WAY,IMPROPER OVERTAKING/PASSING,0,0,0,0,4,5,11,1543,63RD ST,41.988338,-87.637416,11/12/2020 05:18:00 AM,2020
CR00039612,03/05/2016 05:40:00 PM,25,CLEAR,DAYLIGHT,ANGLE,DIVIDED - W/MEDIAN (NOT RAISED),NO CONTROLS,FAILING TO YIELD RIGHT-OF-WAY,FOLLOWING TOO CLOSELY,0,0,0,0,17,7,3,1916,CALIFORNIA AVE,41.961423,-87.692433,03/05/2016 05:54:00 PM,2016
CR00039613,04/15/2015 12:37:00 AM,40,CLEAR,DUSK,REAR END,ONE-WAY,TRAFFIC SIGNAL,FOLLOWING TOO CLOSELY,NOT APPLICABLE,0,0,2,2,0,4,4,743,WESTERN AVE,41.877319,-87.562488,04/15/2015 02:17:00 AM,2015
CR00039614,09/30/2023 01:06:00 PM,30,CLEAR,DAYLIGHT,SIDESWIPE SAME DIRECTION,FOUR WAY,UNKNOWN,UNABLE TO DETERMINE,UNABLE TO DETERMINE,0,0,0,0,13,7,9,574,ROOSEVELT RD,41.86869,-87.829288,09/30/2023 01:21:00 PM,2023
CR00039615,01/18/2023 05:43:00 PM,15,CLEAR,DAYLIGHT,TURNING,NOT DIVIDED,NO CONTROLS,FAILING TO REDUCE SPEED,UNABLE TO DETERMINE,0,0,1,1,17,4,1,2088,DIVISION ST,41.937986,-87.645257,01/18/2023 07:26:00 PM,2023
CR00039616,03/28/2022 02:03:00 PM,20,CLEAR,DARKNESS - LIGHTED ROAD,SIDESWIPE SAME DIRECTION,DIVIDED - W/MEDIAN BARRIER,NO CONTROLS,DRIVING SKILLS/KNOWLEDGE/EXPERIENCE,NOT APPLICABLE,0,0,0,0,14,2,3,314,STONY ISLAND AVE,41.992875,-87.596175,03/28/2022 02:19:00 PM,2022
CR00039617,01/17/2022 07:15:00 PM,25,FOG/SMOKE/HAZE,DAYLIGHT,FIXED OBJECT,NOT DIVIDED,STOP SIGN/FLASHER,DRIVING SKILLS/KNOWLEDGE/EXPERIENCE,UNABLE TO DETERMINE,0,0,0,0,19,2,1,2281,ELSTON AVE,41.932705,-87.656001,01/17/2022 07:46:00 PM,2022
CR00039618,04/02/2017 12:07:00 PM,30,CLEAR,DAYLIGHT,SIDESWIPE SAME DIRECTION,DIVIDED - W/MEDIAN (NOT RAISED),NO CONTROLS,FAILING TO YIELD RIGHT-OF-WAY,NOT APPLICABLE,0,0,0,0,12,1,4,2304,STATE ST,41.86174,-87.564335,04/02/2017 01:36:00 PM,2017
CR00039619,08/05/2017 10:36:00 AM,30,RAIN,DARKNESS - LIGHTED ROAD,SIDESWIPE SAME DIRECTION,FOUR WAY,NO CONTROLS,UNABLE TO DETERMINE,DRIVING SKILLS/KNOWLEDGE/EXPERIENCE,0,0,0,0,10,7,8,2012,ASHLAND AVE,41.903268,-87.733955,08/05/2017 11:18:00 AM,2017
CR00039620,02/10/2023 10:53:00 AM,30,CLEAR,DAYLIGHT,TURNING,DIVIDED - W/MEDIAN (NOT RAISED),STOP SIGN/FLASHER,UNABLE TO DETERMINE,IMPROPER LANE USAGE,0,0,0,0,10,6,2,1501,CALIFORNIA AVE,41.786246,-87.753435,02/10/2023 10:56:00 AM,2023
CR00039621,05/07/2019 04:20:00 AM,45,CLEAR,DARKNESS - LIGHTED ROAD,TURNING,FOUR WAY,NO CONTROLS,UNABLE TO DETERMINE,IMPROPER OVERTAKING/PASSING,0,0,0,0,4,3,5,471,WESTERN AVE,41.835736,-87.603572,05/07/2019 04:33:00 AM,2019
CR00039622,12/05/2021 11:15:00 AM,30,CLEAR,DAYLIGHT,ANGLE,NOT DIVIDED,NO CONTROLS,DISTRACTION - FROM INSIDE VEHICLE,UNABLE TO DETERMINE,0,0,0,0,11,1,12,264,STONY ISLAND AVE,41.826172,-87.642389,12/05/2021 12:03:00 PM,2021
CR00039623,03/16/2015 04:33:00 AM,30,CLEAR,DAYLIGHT,TURNING,ONE-WAY,NO CONTROLS,UNABLE TO DETERMINE,WEATHER,0,0,0,0,4,2,3,1128,ROOSEVELT RD,41.840584,-87.539003,03/16/2015 05:35:00 AM,2015
CR00039624,09/15/2020 11:53:00 PM,25,FOG/SMOKE/HAZE,DARKNESS - LIGHTED ROAD,SIDESWIPE SAME DIRECTION,NOT DIVIDED,TRAFFIC SIGNAL,FAILING TO REDUCE SPEED,NOT APPLICABLE,0,0,0,0,23,3,9,2292,HALSTED ST,41.727922,-87.780963,09/16/2020 01:31:00 AM,2020
CR00039625,08/30/2021 04:49:00 AM,35,CLEAR,DAYLIGHT,FIXED OBJECT,DIVIDED - W/MEDIAN BARRIER,NO CONTROLS,FAILING TO REDUCE SPEED,FAILING TO YIELD RIGHT-OF-WAY,0,0,0,0,4,2,8,1441,CICERO AVE,41.990571,-87.71342,08/30/2021 05:42:00 AM,2021
CR00039626,06/13/2017 03:38:00 PM,25,CLEAR,DARKNESS,ANGLE,DIVIDED - W/MEDIAN (NOT RAISED),NO CONTROLS,FOLLOWING TOO CLOSELY,FOLLOWING TOO CLOSELY,0,1,1,2,15,3,6,1767,47TH ST,41.941859,-87.588275,06/13/2017 04:07:00 PM,2017
CR00039627,02/27/2024 04:44:00 PM,15,CLEAR,DAYLIGHT,SIDESWIPE SAME DIRECTION,DIVIDED - W/MEDIAN (NOT RAISED),TRAFFIC SIGNAL,FAILING TO YIELD RIGHT-OF-WAY,FAILING TO YIELD RIGHT-OF-WAY,0,0,0,0,16,3,2,575,MILWAUKEE AVE,41.824016,-87.687023,02/27/2024 05:33:00 PM,2024
CR00039628,03/12/2016 01:32:00 AM,25,CLEAR,DARKNESS - LIGHTED ROAD,ANGLE,NOT DIVIDED,TRAFFIC SIGNAL,IMPROPER LANE USAGE,NOT APPLICABLE,0,0,0,0,1,7,3,1430,LAKE SHORE DR,41.720188,-87.645357,03/12/2016 03:21:00 AM,2016
CR00039629,03/14/2017 08:46:00 AM,35,CLEAR,DARKNESS - LIGHTED ROAD,REAR END,NOT DIVIDED,NO CONTROLS,DRIVING SKILLS/KNOWLEDGE/EXPERIENCE,DRIVING SKILLS/KNOWLEDGE/EXPERIENCE,0,0,0,0,8,3,3,2133,WESTERN AVE,41.83858,-87.746992,03/14/2017 09:20:00 AM,2017
CR00039630,06/24/2018 04:34:00 PM,40,CLEAR,DARKNESS - LIGHTED ROAD,ANGLE,DIVIDED - W/MEDIAN (NOT RAISED),TRAFFIC SIGNAL,IMPROPER OVERTAKING/PASSING,IMPROPER LANE USAGE,0,0,0,0,16,1,6,1803,HALSTED ST,41.791416,-87.631114,06/24/2018 04:59:00 PM,2018
CR00039631,09/28/2019 08:26:00 PM,25,RAIN,DAYLIGHT,TURNING,DIVIDED - W/MEDIAN (NOT RAISED),TRAFFIC SIGNAL,FAILING TO YIELD RIGHT-OF-WAY,DRIVING SKILLS/KNOWLEDGE/EXPERIENCE,0,0,0,0,20,7,9,2035,PULASKI RD,41.737967,-87.707629,09/28/2019 09:38:00 PM,2019
CR00039632,04/05/2017 08:06:00 AM,30,CLEAR,DARKNESS - LIGHTED ROAD,ANGLE,NOT DIVIDED,NO CONTROLS,FAILING TO REDUCE SPEED,UNABLE TO DETERMINE,0,0,0,0,8,4,4,1841,CALIFORNIA AVE,41.809163,-87.597343,04/05/2017 08:46:00 AM,2017
CR00039633,05/30/2018 04:55:00 PM,35,CLEAR,DAWN,ANGLE,DIVIDED - W/MEDIAN BARRIER,UNKNOWN,FOLLOWING TOO CLOSELY,UNABLE TO DETERMINE,0,0,0,0,16,4,5,258,WESTERN AVE,41.842044,-87.656913,05/30/2018 05:37:00 PM,2018
CR00039634,04/09/2016 12:11:00 PM,30,RAIN,DUSK,TURNING,T-INTERSECTION,TRAFFIC SIGNAL,DISREGARDING TRAFFIC SIGNALS,WEATHER,0,0,0,0,12,7,4,2409,LAKE SHORE DR,41.816089,-87.747392,04/09/2016 01:37:00 PM,2016
CR00039635,03/10/2024 06:04:00 PM,35,CLEAR,DAYLIGHT,ANGLE,DIVIDED - W/MEDIAN (NOT RAISED),TRAFFIC SIGNAL,FAILING TO REDUCE SPEED,NOT APPLICABLE,0,0,0,0,18,1,3,2181,OGDEN AVE,41.989368,-87.751386,03/10/2024 07:17:00 PM,2024
CR00039636,01/27/2019 08:42:00 PM,20,CLEAR,DAYLIGHT,REAR END,DIVIDED - W/MEDIAN (NOT RAISED),NO CONTROLS,FOLLOWING TOO CLOSELY,FAILING TO REDUCE SPEED,0,0,0,0,20,1,1,2450,BROADWAY,41.766933,-87.57886,01/27/2019 09:49:00 PM,2019
CR00039637,05/28/2024 10:19:00 AM,35,CLEAR,DAYLIGHT,ANGLE,NOT DIVIDED,TRAFFIC SIGNAL,IMPROPER OVERTAKING/PASSING,FAILING TO YIELD RIGHT-OF-WAY,0,1,2,3,10,3,5,1512,CICERO AVE,41.79834,-87.84161,05/28/2024 11:13:00 AM,2024
CR00039638,03/02/2021 07:35:00 AM,30,CLEAR,DUSK,TURNING,FOUR WAY,STOP SIGN/FLASHER,FOLLOWING TOO CLOSELY,UNABLE TO DETERMINE,0,0,0,0,7,3,3,1252,LAKE SHORE DR,41.90963,-87.519811,03/02/2021 09:17:00 AM,2021
CR00039639,09/11/2017 02:36:00 AM,35,CLEAR,DARKNESS,TURNING,ONE-WAY,TRAFFIC SIGNAL,FAILING TO REDUCE SPEED,NOT APPLICABLE,0,0,0,0,2,2,9,1897,HALSTED ST,41.950367,-87.598417,09/11/2017 04:26:00 AM,2017
CR00039640,09/24/2023 09:57:00 PM,30,SNOW,DAYLIGHT,REAR END,DIVIDED - W/MEDIAN (NOT RAISED),PEDESTRIAN CROSSING SIGN,UNABLE TO DETERMINE,UNABLE TO DETERMINE,0,0,0,0,21,1,9,1745,STATE ST,41.843386,-87.571197,09/24/2023 10:25:00 PM,2023
CR00039641,01/05/2017 06:19:00 AM,35,CLEAR,DARKNESS - LIGHTED ROAD,TURNING,T-INTERSECTION,TRAFFIC SIGNAL,DISTRACTION - FROM INSIDE VEHICLE,IMPROPER OVERTAKING/PASSING,0,0,0,0,6,5,1,1162,BROADWAY,41.826191,-87.64315,01/05/2017 06:20:00 AM,2017
CR00039642,11/28/2024 04:02:00 AM,30,SNOW,DAYLIGHT,REAR END,NOT DIVIDED,STOP SIGN/FLASHER,DISTRACTION - FROM INSIDE VEHICLE,DRIVING SKILLS/KNOWLEDGE/EXPERIENCE,0,0,0,0,4,5,11,905,DIVISION ST,41.932084,-87.818815,11/28/2024 05:51:00 AM,2024
CR00039643,05/06/2018 02:47:00 PM,25,FOG/SMOKE/HAZE,DARKNESS - LIGHTED ROAD,ANGLE,FOUR WAY,TRAFFIC SIGNAL,FAILING TO REDUCE SPEED,FOLLOWING TOO CLOSELY,0,0,0,0,14,1,5,1473,DAMEN AVE,41.888221,-87.719408,05/06/2018 03:40:00 PM,2018
CR00039644,06/17/2016 08:09:00 PM,25,CLEAR,DAYLIGHT,REAR END,DIVIDED - W/MEDIAN (NOT RAISED),NO CONTROLS,FOLLOWING TOO CLOSELY,FAILING TO YIELD RIGHT-OF-WAY,0,0,0,0,20,6,6,322,BROADWAY,41.73956,-87.540953,06/17/2016 08:16:00 PM,2016
CR00039645,11/09/2023 08:41:00 PM,30,CLEAR,DUSK,TURNING,NOT DIVIDED,STOP SIGN/FLASHER,IMPROPER OVERTAKING/PASSING,UNABLE TO DETERMINE,0,0,0,0,20,5,11,1502,ARCHER AVE,41.866096,-87.724026,11/09/2023 09:52:00 PM,2023
CR00039646,07/13/2015 02:17:00 PM,15,CLEAR,DARKNESS - LIGHTED ROAD,TURNING,FOUR WAY,STOP SIGN/FLASHER,DISTRACTION - FROM INSIDE VEHICLE,UNABLE TO DETERMINE,0,0,0,0,14,2,7,2249,MICHIGAN AVE,41.739856,-87.531933,07/13/2015 02:44:00 PM,2015
CR00039647,03/10/2016 04:00:00 PM,40,CLEAR,DAYLIGHT,TURNING,NOT DIVIDED,NO CONTROLS,FAILING TO YIELD RIGHT-OF-WAY,DISTRACTION - FROM INSIDE VEHICLE,0,1,0,1,16,5,3,2258,DAMEN AVE,41.734494,-87.537825,03/10/2016 05:32:00 PM,2016
CR00039648,06/17/2024 09:36:00 AM,40,CLEAR,DARKNESS - LIGHTED ROAD,TURNING,T-INTERSECTION,NO CONTROLS,FOLLOWING TOO CLOSELY,FAILING TO YIELD RIGHT-OF-WAY,0,0,0,0,9,2,6,1524,LAKE SHORE DR,41.841708,-87.550384,06/17/2024 09:40:00 AM,2024
CR00039649,01/26/2024 03:28:00 PM,35,CLEAR,DAYLIGHT,TURNING,ONE-WAY,NO CONTROLS,FAILING TO YIELD RIGHT-OF-WAY,NOT APPLICABLE,0,0,1,1,15,6,1,242,ASHLAND AVE,41.955572,-87.549835,01/26/2024 04:46:00 PM,2024
CR00039650,12/01/2015 10:23:00 AM,45,CLEAR,DUSK,TURNING,NOT DIVIDED,STOP SIGN/FLASHER,FAILING TO YIELD RIGHT-OF-WAY,NOT APPLICABLE,0,0,0,0,10,3,12,1017,OGDEN AVE,41.889895,-87.573287,12/01/2015 10:32:00 AM,2015
CR00039651,01/03/2023 07:42:00 AM,35,CLEAR,DAYLIGHT,REAR END,FOUR WAY,NO CONTROLS,FOLLOWING TOO CLOSELY,UNABLE TO DETERMINE,0,0,1,1,7,3,1,1495,BROADWAY,41.941351,-87.542985,01/03/2023 08:15:00 AM,2023
CR00039652,06/29/2022 07:54:00 PM,45,CLEAR,DAYLIGHT,PARKED MOTOR VEHICLE,ONE-WAY,TRAFFIC SIGNAL,DISREGARDING TRAFFIC SIGNALS,IMPROPER OVERTAKING/PASSING,0,0,0,0,19,4,6,1715,IRVING PARK RD,41.81579,-87.817069,06/29/2022 08:37:00 PM,2022
CR00039653,07/07/2018 01:27:00 AM,30,CLEAR,DAYLIGHT,PARKED MOTOR VEHICLE,NOT DIVIDED,STOP SIGN/FLASHER,UNABLE TO DETERMINE,NOT APPLICABLE,0,1,0,1,1,7,7,1509,KEDZIE AVE,41.721915,-87.795156,07/07/2018 02:29:00 AM,2018
CR00039654,07/04/2015 11:32:00 AM,35,FOG/SMOKE/HAZE,DARKNESS,SIDESWIPE SAME DIRECTION,NOT DIVIDED,NO CONTROLS,IMPROPER LANE USAGE,NOT APPLICABLE,0,0,0,0,11,7,7,2479,LAKE SHORE DR,41.863121,-87.632534,07/04/2015 11:51:00 AM,2015
CR00039655,11/11/2021 04:00:00 PM,40,CLEAR,DARKNESS - LIGHTED ROAD,FIXED OBJECT,DIVIDED - W/MEDIAN (NOT RAISED),STOP SIGN/FLASHER,UNABLE TO DETERMINE,FAILING TO YIELD RIGHT-OF-WAY,0,0,0,0,16,5,11,1125,ROOSEVELT RD,41.81066,-87.63758,11/11/2021 04:07:00 PM,2021
CR00039656,08/01/2017 03:34:00 PM,45,CLEAR,DUSK,ANGLE,NOT DIVIDED,TRAFFIC SIGNAL,FAILING TO YIELD RIGHT-OF-WAY,FAILING TO YIELD RIGHT-OF-WAY,0,0,0,0,15,3,8,2482,KEDZIE AVE,41.770872,-87.68735,08/01/2017 03:42:00 PM,2017
CR00039657,02/02/2019 09:22:00 AM,15,CLOUDY/OVERCAST,DARKNESS,REAR END,DIVIDED - W/MEDIAN BARRIER,STOP SIGN/FLASHER,FOLLOWING TOO CLOSELY,FOLLOWING TOO CLOSELY,0,0,0,0,9,7,2,889,DAMEN AVE,41.859317,-87.559885,02/02/2019 11:13:00 AM,2019
CR00039658,05/29/2016 06:39:00 PM,30,CLEAR,DAYLIGHT,ANGLE,NOT DIVIDED,NO CONTROLS,DISREGARDING TRAFFIC SIGNALS,NOT APPLICABLE,0,0,0,0,18,1,5,1565,CLARK ST,41.89522,-87.600034,05/29/2016 08:11:00 PM,2016
CR00039659,06/17/2021 06:04:00 PM,40,CLEAR,DARKNESS - LIGHTED ROAD,TURNING,NOT DIVIDED,STOP SIGN/FLASHER,FOLLOWING TOO CLOSELY,NOT APPLICABLE,0,0,0,0,18,5,6,1346,ROOSEVELT RD,41.803723,-87.610694,06/17/2021 07:42:00 PM,2021
CR00039660,04/16/2017 04:21:00 PM,25,RAIN,DAYLIGHT,REAR END,DIVIDED - W/MEDIAN (NOT RAISED),TRAFFIC SIGNAL,DISTRACTION - FROM INSIDE VEHICLE,NOT APPLICABLE,0,0,0,0,16,1,4,2453,WESTERN AVE,41.714937,-87.843925,04/16/2017 06:04:00 PM,2017
CR00039661,12/29/2018 01:54:00 PM,45,CLEAR,DAYLIGHT,TURNING,NOT DIVIDED,NO CONTROLS,UNABLE TO DETERMINE,FAILING TO REDUCE SPEED,0,0,0,0,13,7,12,982,FULLERTON AVE,41.711055,-87.845998,12/29/2018 02:57:00 PM,2018
CR00039662,10/31/2022 08:56:00 PM,15,CLEAR,DAYLIGHT,PARKED MOTOR VEHICLE,NOT DIVIDED,NO CONTROLS,DRIVING SKILLS/KNOWLEDGE/EXPERIENCE,DRIVING SKILLS/KNOWLEDGE/EXPERIENCE,0,0,0,0,20,2,10,1044,47TH ST,41.958919,-87.780953,10/31/2022 10:11:00 PM,2022
CR00039663,11/24/2015 09:01:00 PM,15,CLEAR,DAYLIGHT,REAR END,DIVIDED - W/MEDIAN (NOT RAISED),NO CONTROLS,FAILING TO REDUCE SPEED,NOT APPLICABLE,0,0,0,0,21,3,11,1682,BROADWAY,41.841043,-87.549,11/24/2015 09:16:00 PM,2015
CR00039664,11/11/2020 06:57:00 AM,30,SNOW,DUSK,ANGLE,ONE-WAY,STOP SIGN/FLASHER,DISTRACTION - FROM INSIDE VEHICLE,NOT APPLICABLE,0,0,0,0,6,4,11,2184,ASHLAND AVE,41.76656,-87.507552,11/11/2020 07:44:00 AM,2020
CR00039665,11/22/2019 07:08:00 AM,20,CLEAR,DARKNESS - LIGHTED ROAD,SIDESWIPE SAME DIRECTION,NOT DIVIDED,NO CONTROLS,UNABLE TO DETERMINE,FOLLOWING TOO CLOSELY,0,0,0,0,7,6,11,627,OGDEN AVE,41.971564,-87.556936,11/22/2019 08:16:00 AM,2019
CR00039666,12/18/2018 05:59:00 PM,35,CLEAR,DAYLIGHT,SIDESWIPE SAME DIRECTION,NOT DIVIDED,STOP SIGN/FLASHER,FAILING TO YIELD RIGHT-OF-WAY,DRIVING SKILLS/KNOWLEDGE/EXPERIENCE,0,0,0,0,17,3,12,2083,63RD ST,41.772386,-87.747265,12/18/2018 06:55:00 PM,2018
CR00039667,01/18/2024 03:23:00 PM,30,CLEAR,DAYLIGHT,REAR END,FOUR WAY,NO CONTROLS,IMPROPER LANE USAGE,IMPROPER LANE USAGE,0,0,3,3,15,5,1,403,DAMEN AVE,41.750318,-87.732344,01/18/2024 03:37:00 PM,2024
CR00039668,04/25/2023 05:11:00 AM,35,CLEAR,DARKNESS - LIGHTED ROAD,ANGLE,DIVIDED - W/MEDIAN (NOT RAISED),NO CONTROLS,DRIVING SKILLS/KNOWLEDGE/EXPERIENCE,UNABLE TO DETERMINE,0,0,0,0,5,3,4,406,ARCHER AVE,41.751035,-87.645467,04/25/2023 05:51:00 AM,2023
CR00039669,05/24/2016 04:05:00 AM,40,CLEAR,DAYLIGHT,REAR END,FOUR WAY,TRAFFIC SIGNAL,FAILING TO REDUCE SPEED,DRIVING SKILLS/KNOWLEDGE/EXPERIENCE,0,0,0,0,4,3,5,508,79TH ST,41.709164,-87.829086,05/24/2016 05:18:00 AM,2016
CR00039670,04/13/2023 03:53:00 PM,30,CLEAR,DUSK,TURNING,T-INTERSECTION,TRAFFIC SIGNAL,UNABLE TO DETERMINE,IMPROPER OVERTAKING/PASSING,0,0,0,0,15,5,4,1146,FULLERTON AVE,41.963202,-87.679744,04/13/2023 05:45:00 PM,2023
CR00039671,01/17/2015 05:01:00 PM,30,CLEAR,DARKNESS - LIGHTED ROAD,REAR END,NOT DIVIDED,TRAFFIC SIGNAL,FAILING TO REDUCE SPEED,FAILING TO YIELD RIGHT-OF-WAY,0,0,1,1,17,7,1,541,PULASKI RD,41.807118,-87.534431,01/17/2015 05:20:00 PM,2015