CRASH_RECORD_ID,CRASH_DATE,POSTED_SPEED_LIMIT,WEATHER_CONDITION,LIGHTING_CONDITION,FIRST_CRASH_TYPE,TRAFFICWAY_TYPE,TRAFFIC_CONTROL_DEVICE,PRIM_CONTRIBUTORY_CAUSE,SEC_CONTRIBUTORY_CAUSE,INJURIES_FATAL,INJURIES_INCAPACITATING,INJURIES_NON_INCAPACITATING,INJURIES_TOTAL,CRASH_HOUR,CRASH_DAY_OF_WEEK,CRASH_MONTH,BEAT_OF_OCCURRENCE,STREET_NAME,LATITUDE,LONGITUDE,DATE_POLICE_NOTIFIED,year
CR00039672,04/18/2024 06:27:00 PM,40,CLEAR,DAYLIGHT,PEDESTRIAN,DIVIDED - W/MEDIAN (NOT RAISED),NO CONTROLS,UNABLE TO DETERMINE,UNABLE TO DETERMINE,0,0,0,0,18,5,4,2489,MILWAUKEE AVE,41.957777,-87.552931,04/18/2024 06:39:00 PM,2024
CR00039673,04/05/2017 04:41:00 PM,30,CLEAR,DAYLIGHT,ANGLE,DIVIDED - W/MEDIAN (NOT RAISED),NO CONTROLS,FAILING TO YIELD RIGHT-OF-WAY,DRIVING SKILLS/KNOWLEDGE/EXPERIENCE,0,1,1,2,16,4,4,1525,DIVISION ST,41.907658,-87.648015,04/05/2017 06:17:00 PM,2017
CR00039674,04/07/2021 01:36:00 AM,35,CLEAR,DUSK,ANGLE,NOT DIVIDED,NO CONTROLS,UNABLE TO DETERMINE,DISREGARDING TRAFFIC SIGNALS,0,0,1,1,1,4,4,1544,KEDZIE AVE,41.827857,-87.659312,04/07/2021 03:36:00 AM,2021
CR00039675,12/17/2020 12:13:00 PM,20,CLEAR,DAYLIGHT,SIDESWIPE SAME DIRECTION,DIVIDED - W/MEDIAN BARRIER,NO CONTROLS,FAILING TO REDUCE SPEED,UNABLE TO DETERMINE,0,0,0,0,12,5,12,470,PULASKI RD,41.867062,-87.593308,12/17/2020 12:46:00 PM,2020
CR00039676,04/25/2021 05:44:00 AM,15,CLEAR,DAYLIGHT,PARKED MOTOR VEHICLE,ONE-WAY,STOP SIGN/FLASHER,FAILING TO YIELD RIGHT-OF-WAY,DISREGARDING TRAFFIC SIGNALS,0,0,0,0,5,1,4,245,79TH ST,41.989137,-87.820935,04/25/2021 07:05:00 AM,2021
CR00039677,05/07/2020 01:19:00 PM,30,SNOW,DAYLIGHT,ANGLE,ONE-WAY,NO CONTROLS,DRIVING SKILLS/KNOWLEDGE/EXPERIENCE,UNABLE TO DETERMINE,0,0,0,0,13,5,5,712,BROADWAY,41.965374,-87.611548,05/07/2020 01:33:00 PM,2020
CR00039678,08/26/2019 10:44:00 AM,30,RAIN,DAWN,TURNING,NOT DIVIDED,UNKNOWN,DISTRACTION - FROM INSIDE VEHICLE,UNABLE TO DETERMINE,0,0,0,0,10,2,8,2197,WESTERN AVE,41.89245,-87.672945,08/26/2019 10:45:00 AM,2019
CR00039679,10/11/2022 11:35:00 PM,30,CLEAR,DAYLIGHT,REAR END,NOT DIVIDED,PEDESTRIAN CROSSING SIGN,FAILING TO REDUCE SPEED,NOT APPLICABLE,0,0,0,0,23,3,10,1359,BROADWAY,41.822335,-87.697694,10/12/2022 12:41:00 AM,2022
CR00039680,06/06/2022 05:26:00 PM,30,CLOUDY/OVERCAST,DAYLIGHT,ANGLE,DIVIDED - W/MEDIAN BARRIER,STOP SIGN/FLASHER,DISTRACTION - FROM INSIDE VEHICLE,IMPROPER LANE USAGE,0,0,1,1,17,2,6,2464,CALIFORNIA AVE,41.700207,-87.708506,06/06/2022 07:07:00 PM,2022
CR00039681,10/25/2018 08:09:00 AM,30,RAIN,DAYLIGHT,PARKED MOTOR VEHICLE,ONE-WAY,UNKNOWN,FOLLOWING TOO CLOSELY,FOLLOWING TOO CLOSELY,0,0,1,1,8,5,10,1198,DAMEN AVE,41.968925,-87.781158,10/25/2018 08:52:00 AM,2018
CR00039682,09/06/2017 06:50:00 PM,15,CLEAR,DAYLIGHT,TURNING,NOT DIVIDED,NO CONTROLS,FAILING TO YIELD RIGHT-OF-WAY,UNABLE TO DETERMINE,0,0,0,0,18,4,9,1579,63RD ST,41.777237,-87.780317,09/06/2017 06:57:00 PM,2017
CR00039683,10/05/2021 07:25:00 PM,30,CLEAR,DARKNESS - LIGHTED ROAD,PEDESTRIAN,NOT DIVIDED,NO CONTROLS,DISREGARDING TRAFFIC SIGNALS,FAILING TO YIELD RIGHT-OF-WAY,0,0,0,0,19,3,10,2043,79TH ST,41.759106,-87.545316,10/05/2021 08:21:00 PM,2021
CR00039684,02/25/2022 08:44:00 PM,30,CLEAR,DAYLIGHT,FIXED OBJECT,DIVIDED - W/MEDIAN (NOT RAISED),NO CONTROLS,FAILING TO YIELD RIGHT-OF-WAY,UNABLE TO DETERMINE,0,0,0,0,20,6,2,1929,IRVING PARK RD,41.81984,-87.842959,02/25/2022 09:22:00 PM,2022
CR00039685,07/22/2019 05:05:00 PM,35,CLEAR,DARKNESS - LIGHTED ROAD,REAR END,FOUR WAY,TRAFFIC SIGNAL,FOLLOWING TOO CLOSELY,WEATHER,0,1,3,4,17,2,7,906,CALIFORNIA AVE,41.85506,-87.543431,07/22/2019 05:38:00 PM,2019
CR00039686,04/08/2016 01:13:00 PM,25,CLEAR,DAYLIGHT,REAR END,ONE-WAY,NO CONTROLS,UNABLE TO DETERMINE,FAILING TO YIELD RIGHT-OF-WAY,0,0,0,0,13,6,4,1439,47TH ST,41.783031,-87.756721,04/08/2016 02:33:00 PM,2016
CR00039687,07/14/2023 06:18:00 PM,20,CLEAR,DARKNESS - LIGHTED ROAD,SIDESWIPE SAME DIRECTION,DIVIDED - W/MEDIAN (NOT RAISED),TRAFFIC SIGNAL,IMPROPER OVERTAKING/PASSING,IMPROPER LANE USAGE,0,0,0,0,18,6,7,1217,MICHIGAN AVE,41.864825,-87.606124,07/14/2023 08:11:00 PM,2023
CR00039688,04/04/2016 08:28:00 PM,45,CLEAR,DAYLIGHT,REAR END,DIVIDED - W/MEDIAN (NOT RAISED),TRAFFIC SIGNAL,FAILING TO REDUCE SPEED,FAILING TO YIELD RIGHT-OF-WAY,0,2,3,5,20,2,4,2113,ARCHER AVE,41.75058,-87.653566,04/04/2016 08:57:00 PM,2016
CR00039689,08/13/2020 08:59:00 AM,30,CLEAR,DARKNESS,SIDESWIPE SAME DIRECTION,DIVIDED - W/MEDIAN (NOT RAISED),STOP SIGN/FLASHER,FOLLOWING TOO CLOSELY,FAILING TO YIELD RIGHT-OF-WAY,0,0,0,0,8,5,8,1048,IRVING PARK RD,41.8447,-87.784555,08/13/2020 09:13:00 AM,2020
CR00039690,09/04/2019 08:37:00 AM,35,CLEAR,DARKNESS - LIGHTED ROAD,REAR END,FOUR WAY,UNKNOWN,UNABLE TO DETERMINE,DISTRACTION - FROM INSIDE VEHICLE,0,0,0,0,8,4,9,1365,MILWAUKEE AVE,41.706337,-87.839865,09/04/2019 09:26:00 AM,2019
CR00039691,07/24/2015 08:03:00 AM,40,SNOW,DARKNESS - LIGHTED ROAD,PARKED MOTOR VEHICLE,NOT DIVIDED,YIELD,FOLLOWING TOO CLOSELY,UNABLE TO DETERMINE,0,0,1,1,8,6,7,2214,IRVING PARK RD,41.847696,-87.638468,07/24/2015 09:17:00 AM,2015
CR00039692,03/28/2024 07:38:00 PM,25,CLEAR,DAYLIGHT,TURNING,NOT DIVIDED,NO CONTROLS,FOLLOWING TOO CLOSELY,IMPROPER LANE USAGE,0,0,0,0,19,5,3,1326,OGDEN AVE,41.99948,-87.813843,03/28/2024 09:02:00 PM,2024
CR00039693,09/18/2022 07:50:00 PM,35,CLEAR,DAYLIGHT,ANGLE,NOT DIVIDED,TRAFFIC SIGNAL,IMPROPER OVERTAKING/PASSING,UNABLE TO DETERMINE,0,0,0,0,19,1,9,1792,ROOSEVELT RD,41.781123,-87.752066,09/18/2022 08:34:00 PM,2022
CR00039694,07/18/2023 07:05:00 AM,25,CLEAR,DARKNESS,REAR END,NOT DIVIDED,NO CONTROLS,IMPROPER OVERTAKING/PASSING,FOLLOWING TOO CLOSELY,0,0,3,3,7,3,7,546,OGDEN AVE,41.802464,-87.731999,07/18/2023 07:36:00 AM,2023
CR00039695,10/26/2017 06:37:00 PM,15,CLEAR,DAYLIGHT,SIDESWIPE SAME DIRECTION,NOT DIVIDED,TRAFFIC SIGNAL,IMPROPER LANE USAGE,IMPROPER OVERTAKING/PASSING,0,0,0,0,18,5,10,1175,47TH ST,41.897084,-87.805214,10/26/2017 07:52:00 PM,2017
CR00039696,08/20/2019 05:16:00 PM,40,CLEAR,DAYLIGHT,ANGLE,FOUR WAY,TRAFFIC SIGNAL,IMPROPER OVERTAKING/PASSING,NOT APPLICABLE,0,0,2,2,17,3,8,2035,CALIFORNIA AVE,41.82446,-87.550675,08/20/2019 06:20:00 PM,2019
CR00039697,11/02/2017 02:16:00 AM,30,CLEAR,DAYLIGHT,REAR END,NOT DIVIDED,STOP SIGN/FLASHER,FAILING TO YIELD RIGHT-OF-WAY,IMPROPER OVERTAKING/PASSING,0,0,1,1,2,5,11,576,CLARK ST,41.858994,-87.826132,11/02/2017 03:42:00 AM,2017
CR00039698,09/25/2022 06:40:00 PM,35,CLEAR,DARKNESS - LIGHTED ROAD,REAR END,NOT DIVIDED,STOP SIGN/FLASHER,FAILING TO YIELD RIGHT-OF-WAY,DISREGARDING TRAFFIC SIGNALS,0,0,0,0,18,1,9,1626,MICHIGAN AVE,41.803652,-87.607451,09/25/2022 07:59:00 PM,2022
CR00039699,07/26/2015 11:57:00 AM,40,CLEAR,DAYLIGHT,ANGLE,NOT DIVIDED,NO CONTROLS,UNABLE TO DETERMINE,NOT APPLICABLE,0,0,3,3,11,1,7,1849,WESTERN AVE,41.759511,-87.843083,07/26/2015 01:23:00 PM,2015
CR00039700,09/01/2017 10:33:00 AM,40,CLEAR,DAYLIGHT,REAR END,NOT DIVIDED,TRAFFIC SIGNAL,IMPROPER OVERTAKING/PASSING,UNABLE TO DETERMINE,0,0,0,0,10,6,9,879,MICHIGAN AVE,41.748044,-87.784313,09/01/2017 12:30:00 PM,2017
CR00039701,03/26/2016 08:29:00 PM,35,CLOUDY/OVERCAST,DUSK,TURNING,DIVIDED - W/MEDIAN BARRIER,TRAFFIC SIGNAL,IMPROPER OVERTAKING/PASSING,IMPROPER OVERTAKING/PASSING,0,0,0,0,20,7,3,1339,CICERO AVE,41.723483,-87.781193,03/26/2016 10:06:00 PM,2016
CR00039702,03/13/2016 01:48:00 PM,35,CLEAR,DAYLIGHT,SIDESWIPE SAME DIRECTION,DIVIDED - W/MEDIAN BARRIER,NO CONTROLS,UNABLE TO DETERMINE,NOT APPLICABLE,0,0,0,0,13,1,3,2213,63RD ST,41.975673,-87.837393,03/13/2016 03:31:00 PM,2016
CR00039703,12/12/2020 10:08:00 PM,15,CLOUDY/OVERCAST,DARKNESS - LIGHTED ROAD,PARKED MOTOR VEHICLE,DIVIDED - W/MEDIAN (NOT RAISED),STOP SIGN/FLASHER,IMPROPER OVERTAKING/PASSING,DISTRACTION - FROM INSIDE VEHICLE,0,0,0,0,22,7,12,1667,63RD ST,41.868603,-87.67229,12/12/2020 11:43:00 PM,2020
CR00039704,05/26/2023 05:38:00 PM,30,CLEAR,DUSK,REAR END,DIVIDED - W/MEDIAN (NOT RAISED),STOP SIGN/FLASHER,DISTRACTION - FROM INSIDE VEHICLE,FAILING TO YIELD RIGHT-OF-WAY,0,0,0,0,17,6,5,2077,MILWAUKEE AVE,41.966231,-87.771842,05/26/2023 06:30:00 PM,2023
CR00039705,12/04/2017 07:02:00 AM,20,CLEAR,DARKNESS - LIGHTED ROAD,TURNING,DIVIDED - W/MEDIAN (NOT RAISED),NO CONTROLS,IMPROPER LANE USAGE,NOT APPLICABLE,0,0,0,0,7,2,12,787,STATE ST,41.981292,-87.518731,12/04/2017 07:41:00 AM,2017
CR00039706,09/04/2021 09:50:00 PM,40,CLOUDY/OVERCAST,DAYLIGHT,REAR TO FRONT,T-INTERSECTION,NO CONTROLS,UNABLE TO DETERMINE,FAILING TO YIELD RIGHT-OF-WAY,0,0,0,0,21,7,9,518,63RD ST,41.776284,-87.814157,09/04/2021 11:49:00 PM,2021
CR00039707,02/25/2016 02:37:00 PM,40,CLEAR,DAYLIGHT,TURNING,FOUR WAY,STOP SIGN/FLASHER,FOLLOWING TOO CLOSELY,IMPROPER OVERTAKING/PASSING,0,0,1,1,14,5,2,147,MILWAUKEE AVE,41.86956,-87.71991,02/25/2016 04:36:00 PM,2016
CR00039708,09/10/2018 04:32:00 PM,20,CLEAR,DARKNESS - LIGHTED ROAD,PEDESTRIAN,NOT DIVIDED,STOP SIGN/FLASHER,FAILING TO REDUCE SPEED,FAILING TO YIELD RIGHT-OF-WAY,0,0,0,0,16,2,9,1124,BROADWAY,41.742326,-87.844249,09/10/2018 04:53:00 PM,2018
CR00039709,07/10/2024 01:31:00 PM,15,CLEAR,DARKNESS - LIGHTED ROAD,ANGLE,NOT DIVIDED,NO CONTROLS,IMPROPER OVERTAKING/PASSING,FAILING TO YIELD RIGHT-OF-WAY,0,0,1,1,13,4,7,981,PULASKI RD,41.887603,-87.782349,07/10/2024 02:25:00 PM,2024
CR00039710,01/18/2024 04:25:00 PM,30,CLEAR,DARKNESS - LIGHTED ROAD,ANGLE,NOT DIVIDED,STOP SIGN/FLASHER,IMPROPER LANE USAGE,FOLLOWING TOO CLOSELY,0,0,2,2,16,5,1,173,63RD ST,41.86084,-87.728749,01/18/2024 05:28:00 PM,2024
CR00039711,05/16/2019 06:10:00 PM,30,CLEAR,DAYLIGHT,PARKED MOTOR VEHICLE,DIVIDED - W/MEDIAN BARRIER,TRAFFIC SIGNAL,DISTRACTION - FROM INSIDE VEHICLE,NOT APPLICABLE,0,0,0,0,18,5,5,2473,ELSTON AVE,41.705229,-87.65402,05/16/2019 08:00:00 PM,2019
CR00039712,06/28/2017 09:21:00 AM,15,CLEAR,DAYLIGHT,REAR END,DIVIDED - W/MEDIAN BARRIER,UNKNOWN,UNABLE TO DETERMINE,IMPROPER LANE USAGE,0,0,0,0,9,4,6,2269,CALIFORNIA AVE,41.974213,-87.838754,06/28/2017 10:55:00 AM,2017
CR00039713,07/10/2018 03:16:00 PM,35,RAIN,DARKNESS - LIGHTED ROAD,FIXED OBJECT,FOUR WAY,TRAFFIC SIGNAL,DRIVING SKILLS/KNOWLEDGE/EXPERIENCE,DRIVING SKILLS/KNOWLEDGE/EXPERIENCE,0,0,3,3,15,3,7,2187,CALIFORNIA AVE,41.94787,-87.82929,07/10/2018 04:47:00 PM,2018
CR00039714,05/20/2019 03:23:00 AM,35,SNOW,DARKNESS,PARKED MOTOR VEHICLE,NOT DIVIDED,TRAFFIC SIGNAL,UNABLE TO DETERMINE,UNABLE TO DETERMINE,0,0,0,0,3,2,5,1606,CICERO AVE,41.747711,-87.768986,05/20/2019 05:23:00 AM,2019
CR00039715,09/04/2023 05:51:00 AM,20,SNOW,DAYLIGHT,SIDESWIPE SAME DIRECTION,T-INTERSECTION,TRAFFIC SIGNAL,UNABLE TO DETERMINE,UNABLE TO DETERMINE,0,0,0,0,5,2,9,209,CLARK ST,41.706344,-87.647221,09/04/2023 06:04:00 AM,2023
CR00039716,03/05/2023 09:20:00 PM,40,CLOUDY/OVERCAST,DUSK,REAR TO FRONT,NOT DIVIDED,NO CONTROLS,IMPROPER LANE USAGE,UNABLE TO DETERMINE,0,0,3,3,21,1,3,2481,IRVING PARK RD,41.810251,-87.59402,03/05/2023 09:34:00 PM,2023
CR00039717,10/18/2020 05:26:00 PM,30,FREEZING RAIN/DRIZZLE,DUSK,REAR END,NOT DIVIDED,STOP SIGN/FLASHER,DISTRACTION - FROM INSIDE VEHICLE,FAILING TO REDUCE SPEED,0,0,0,0,17,1,10,324,63RD ST,41.968639,-87.638433,10/18/2020 06:14:00 PM,2020
CR00039718,03/02/2015 04:22:00 AM,40,CLEAR,DARKNESS - LIGHTED ROAD,PARKED MOTOR VEHICLE,NOT DIVIDED,YIELD,FOLLOWING TOO CLOSELY,UNABLE TO DETERMINE,0,0,0,0,4,2,3,752,ASHLAND AVE,41.924118,-87.716927,03/02/2015 04:59:00 AM,2015
CR00039719,03/01/2016 08:59:00 AM,30,CLEAR,DARKNESS - LIGHTED ROAD,FIXED OBJECT,NOT DIVIDED,TRAFFIC SIGNAL,IMPROPER OVERTAKING/PASSING,FOLLOWING TOO CLOSELY,0,0,0,0,8,3,3,1170,OGDEN AVE,41.925138,-87.639056,03/01/2016 10:42:00 AM,2016
CR00039720,04/25/2022 02:15:00 PM,40,RAIN,DAYLIGHT,REAR END,NOT DIVIDED,STOP SIGN/FLASHER,UNABLE TO DETERMINE,NOT APPLICABLE,0,0,3,3,14,2,4,999,ELSTON AVE,41.877997,-87.619111,04/25/2022 03:15:00 PM,2022
CR00039721,03/04/2023 03:01:00 PM,30,CLEAR,DAYLIGHT,PEDESTRIAN,NOT DIVIDED,UNKNOWN,DISREGARDING TRAFFIC SIGNALS,UNABLE TO DETERMINE,0,0,0,0,15,7,3,785,BROADWAY,41.925584,-87.65353,03/04/2023 04:32:00 PM,2023
CR00039722,11/05/2018 03:00:00 PM,45,CLEAR,DARKNESS - LIGHTED ROAD,SIDESWIPE SAME DIRECTION,DIVIDED - W/MEDIAN (NOT RAISED),TRAFFIC SIGNAL,UNABLE TO DETERMINE,NOT APPLICABLE,0,0,0,0,15,2,11,153,WESTERN AVE,41.723757,-87.777245,11/05/2018 04:10:00 PM,2018
CR00039723,05/11/2024 10:30:00 AM,15,CLEAR,DAYLIGHT,PEDESTRIAN,NOT DIVIDED,STOP SIGN/FLASHER,UNABLE TO DETERMINE,FAILING TO YIELD RIGHT-OF-WAY,0,0,0,0,10,7,5,392,CALIFORNIA AVE,41.855095,-87.760847,05/11/2024 12:30:00 PM,2024
CR00039724,12/21/2022 12:27:00 AM,35,CLEAR,DARKNESS - LIGHTED ROAD,SIDESWIPE SAME DIRECTION,DIVIDED - W/MEDIAN (NOT RAISED),NO CONTROLS,DRIVING SKILLS/KNOWLEDGE/EXPERIENCE,DISTRACTION - FROM INSIDE VEHICLE,0,2,1,3,0,4,12,1392,63RD ST,41.862046,-87.514816,12/21/2022 12:48:00 AM,2022
CR00039725,07/25/2019 07:06:00 AM,40,CLEAR,DAYLIGHT,PEDESTRIAN,DIVIDED - W/MEDIAN (NOT RAISED),NO CONTROLS,FAILING TO YIELD RIGHT-OF-WAY,UNABLE TO DETERMINE,0,0,0,0,7,5,7,2460,CLARK ST,41.92145,-87.724104,07/25/2019 07:53:00 AM,2019
CR00039726,07/06/2018 08:51:00 AM,40,CLEAR,DAYLIGHT,SIDESWIPE SAME DIRECTION,NOT DIVIDED,UNKNOWN,IMPROPER LANE USAGE,IMPROPER LANE USAGE,0,1,2,3,8,6,7,706,CALIFORNIA AVE,41.774227,-87.581995,07/06/2018 10:30:00 AM,2018
CR00039727,10/29/2024 12:56:00 AM,20,RAIN,DARKNESS - LIGHTED ROAD,TURNING,FOUR WAY,STOP SIGN/FLASHER,FAILING TO REDUCE SPEED,IMPROPER OVERTAKING/PASSING,0,0,0,0,0,3,10,1207,IRVING PARK RD,41.769465,-87.618357,10/29/2024 12:59:00 AM,2024
CR00039728,07/16/2015 07:21:00 AM,45,RAIN,DAYLIGHT,TURNING,NOT DIVIDED,NO CONTROLS,IMPROPER LANE USAGE,FOLLOWING TOO CLOSELY,0,0,0,0,7,5,7,573,STATE ST,41.813299,-87.556036,07/16/2015 09:12:00 AM,2015
CR00039729,06/05/2019 12:24:00 PM,15,SNOW,DAYLIGHT,REAR END,FOUR WAY,PEDESTRIAN CROSSING SIGN,DISREGARDING TRAFFIC SIGNALS,WEATHER,0,0,0,0,12,4,6,2246,ROOSEVELT RD,41.706423,-87.594398,06/05/2019 02:19:00 PM,2019
CR00039730,04/05/2024 02:25:00 AM,30,CLEAR,DAYLIGHT,REAR END,NOT DIVIDED,STOP SIGN/FLASHER,UNABLE TO DETERMINE,UNABLE TO DETERMINE,0,0,0,0,2,6,4,1431,WESTERN AVE,41.907805,-87.738505,04/05/2024 03:35:00 AM,2024
CR00039731,10/25/2018 09:14:00 AM,35,SNOW,DAYLIGHT,TURNING,NOT DIVIDED,TRAFFIC SIGNAL,UNABLE TO DETERMINE,UNABLE TO DETERMINE,0,0,0,0,9,5,10,215,79TH ST,41.84698,-87.80942,10/25/2018 10:20:00 AM,2018
CR00039732,08/23/2018 05:13:00 PM,20,CLEAR,DARKNESS,SIDESWIPE SAME DIRECTION,NOT DIVIDED,NO CONTROLS,FOLLOWING TOO CLOSELY,DRIVING SKILLS/KNOWLEDGE/EXPERIENCE,0,2,1,3,17,5,8,2404,ARCHER AVE,41.849088,-87.714909,08/23/2018 05:15:00 PM,2018
CR00039733,06/28/2018 05:23:00 PM,45,CLEAR,DAYLIGHT,SIDESWIPE SAME DIRECTION,DIVIDED - W/MEDIAN (NOT RAISED),NO CONTROLS,UNABLE TO DETERMINE,IMPROPER LANE USAGE,0,0,0,0,17,5,6,2234,KEDZIE AVE,41.760807,-87.824874,06/28/2018 06:57:00 PM,2018
CR00039734,03/23/2023 07:52:00 PM,30,RAIN,DARKNESS - LIGHTED ROAD,REAR END,T-INTERSECTION,NO CONTROLS,UNABLE TO DETERMINE,NOT APPLICABLE,0,0,1,1,19,5,3,1522,LAKE SHORE DR,41.789158,-87.801015,03/23/2023 08:29:00 PM,2023
CR00039735,02/28/2016 10:10:00 PM,30,SNOW,DAYLIGHT,PARKED MOTOR VEHICLE,NOT DIVIDED,YIELD,UNABLE TO DETERMINE,DRIVING SKILLS/KNOWLEDGE/EXPERIENCE,0,0,1,1,22,1,2,1887,47TH ST,41.919683,-87.52412,02/28/2016 10:11:00 PM,2016
CR00039736,08/17/2015 07:00:00 AM,20,CLEAR,DAYLIGHT,REAR END,ONE-WAY,STOP SIGN/FLASHER,UNABLE TO DETERMINE,DISREGARDING TRAFFIC SIGNALS,0,0,0,0,7,2,8,904,DAMEN AVE,41.978252,-87.735491,08/17/2015 08:37:00 AM,2015
CR00039737,04/15/2024 01:26:00 PM,30,CLEAR,DARKNESS - LIGHTED ROAD,PARKED MOTOR VEHICLE,NOT DIVIDED,NO CONTROLS,IMPROPER LANE USAGE,DISREGARDING TRAFFIC SIGNALS,0,0,0,0,13,2,4,325,CLARK ST,41.723234,-87.532777,04/15/2024 01:57:00 PM,2024
CR00039738,11/07/2020 02:42:00 AM,40,CLOUDY/OVERCAST,DARKNESS,REAR END,DIVIDED - W/MEDIAN (NOT RAISED),STOP SIGN/FLASHER,DRIVING SKILLS/KNOWLEDGE/EXPERIENCE,DISTRACTION - FROM INSIDE VEHICLE,0,0,0,0,2,7,11,1541,STONY ISLAND AVE,41.709803,-87.697045,11/07/2020 03:29:00 AM,2020
CR00039739,07/18/2019 06:05:00 PM,30,RAIN,DARKNESS - LIGHTED ROAD,REAR END,DIVIDED - W/MEDIAN (NOT RAISED),TRAFFIC SIGNAL,FOLLOWING TOO CLOSELY,UNABLE TO DETERMINE,0,0,3,3,18,5,7,1724,ASHLAND AVE,41.937057,-87.601158,07/18/2019 06:26:00 PM,2019
CR00039740,07/11/2022 01:28:00 PM,45,CLEAR,DAYLIGHT,REAR END,DIVIDED - W/MEDIAN (NOT RAISED),NO CONTROLS,FOLLOWING TOO CLOSELY,UNABLE TO DETERMINE,0,0,3,3,13,2,7,167,OGDEN AVE,41.836101,-87.725318,07/11/2022 01:49:00 PM,2022
CR00039741,03/15/2023 12:18:00 PM,40,RAIN,DUSK,REAR TO FRONT,DIVIDED - W/MEDIAN (NOT RAISED),NO CONTROLS,FOLLOWING TOO CLOSELY,FAILING TO YIELD RIGHT-OF-WAY,0,0,1,1,12,4,3,2060,LAKE SHORE DR,41.85777,-87.526857,03/15/2023 12:40:00 PM,2023
CR00039742,03/25/2023 07:43:00 AM,30,CLEAR,DAYLIGHT,TURNING,DIVIDED - W/MEDIAN (NOT RAISED),STOP SIGN/FLASHER,FAILING TO REDUCE SPEED,FAILING TO REDUCE SPEED,0,0,0,0,7,7,3,1952,ARCHER AVE,41.894138,-87.791827,03/25/2023 09:42:00 AM,2023
CR00039743,12/22/2017 03:48:00 PM,30,FREEZING RAIN/DRIZZLE,DUSK,TURNING,ONE-WAY,TRAFFIC SIGNAL,FAILING TO YIELD RIGHT-OF-WAY,NOT APPLICABLE,0,1,0,1,15,6,12,1145,79TH ST,41.766346,-87.582851,12/22/2017 04:50:00 PM,2017
CR00039744,03/01/2015 03:47:00 PM,30,CLOUDY/OVERCAST,DARKNESS - LIGHTED ROAD,TURNING,NOT DIVIDED,UNKNOWN,UNABLE TO DETERMINE,FOLLOWING TOO CLOSELY,0,0,1,1,15,1,3,2089,CALIFORNIA AVE,41.982014,-87.502124,03/01/2015 05:11:00 PM,2015
CR00039745,01/01/2016 05:06:00 PM,30,CLOUDY/OVERCAST,DAYLIGHT,PARKED MOTOR VEHICLE,NOT DIVIDED,NO CONTROLS,IMPROPER OVERTAKING/PASSING,FOLLOWING TOO CLOSELY,0,0,1,1,17,6,1,1143,HALSTED ST,41.726059,-87.52516,01/01/2016 06:32:00 PM,2016
CR00039746,02/14/2016 12:02:00 AM,35,CLEAR,DARKNESS - LIGHTED ROAD,REAR END,ONE-WAY,TRAFFIC SIGNAL,FOLLOWING TOO CLOSELY,UNABLE TO DETERMINE,0,0,1,1,0,1,2,1871,63RD ST,41.731071,-87.759403,02/14/2016 01:16:00 AM,2016
CR00039747,09/19/2016 06:11:00 PM,30,CLEAR,DUSK,REAR END,DIVIDED - W/MEDIAN (NOT RAISED),NO CONTROLS,UNABLE TO DETERMINE,UNABLE TO DETERMINE,0,0,0,0,18,2,9,1566,IRVING PARK RD,41.881781,-87.622591,09/19/2016 06:40:00 PM,2016
CR00039748,07/21/2021 09:21:00 AM,35,CLEAR,DAYLIGHT,SIDESWIPE SAME DIRECTION,NOT DIVIDED,NO CONTROLS,FAILING TO YIELD RIGHT-OF-WAY,DISREGARDING TRAFFIC SIGNALS,0,0,0,0,9,4,7,1690,DIVISION ST,41.993336,-87.664817,07/21/2021 10:52:00 AM,2021
CR00039749,11/30/2024 03:55:00 PM,30,CLEAR,DAYLIGHT,PEDESTRIAN,DIVIDED - W/MEDIAN (NOT RAISED),UNKNOWN,UNABLE TO DETERMINE,NOT APPLICABLE,0,0,0,0,15,7,11,665,CLARK ST,41.995602,-87.643227,11/30/2024 04:18:00 PM,2024
CR00039750,10/16/2021 01:16:00 AM,40,CLEAR,DUSK,ANGLE,NOT DIVIDED,NO CONTROLS,FAILING TO YIELD RIGHT-OF-WAY,FAILING TO REDUCE SPEED,0,0,0,0,1,7,10,2066,47TH ST,41.801311,-87.670538,10/16/2021 01:28:00 AM,2021
CR00039751,08/22/2020 03:04:00 PM,15,CLEAR,DARKNESS - LIGHTED ROAD,TURNING,ONE-WAY,NO CONTROLS,DRIVING SKILLS/KNOWLEDGE/EXPERIENCE,IMPROPER LANE USAGE,0,0,0,0,15,7,8,1896,HALSTED ST,41.821758,-87.559229,08/22/2020 03:31:00 PM,2020
CR00039752,03/22/2023 01:33:00 AM,40,CLEAR,DAYLIGHT,REAR END,T-INTERSECTION,TRAFFIC SIGNAL,FOLLOWING TOO CLOSELY,IMPROPER OVERTAKING/PASSING,0,0,0,0,1,4,3,1717,HALSTED ST,41.837182,-87.665368,03/22/2023 02:03:00 AM,2023
CR00039753,07/27/2015 11:22:00 AM,30,CLEAR,DAYLIGHT,REAR END,DIVIDED - W/MEDIAN (NOT RAISED),NO CONTROLS,FOLLOWING TOO CLOSELY,UNABLE TO DETERMINE,0,0,0,0,11,2,7,1654,ELSTON AVE,41.839145,-87.6868,07/27/2015 12:50:00 PM,2015