CRASH_RECORD_ID,CRASH_DATE,POSTED_SPEED_LIMIT,WEATHER_CONDITION,LIGHTING_CONDITION,FIRST_CRASH_TYPE,TRAFFICWAY_TYPE,TRAFFIC_CONTROL_DEVICE,PRIM_CONTRIBUTORY_CAUSE,SEC_CONTRIBUTORY_CAUSE,INJURIES_FATAL,INJURIES_INCAPACITATING,INJURIES_NON_INCAPACITATING,INJURIES_TOTAL,CRASH_HOUR,CRASH_DAY_OF_WEEK,CRASH_MONTH,BEAT_OF_OCCURRENCE,STREET_NAME,LATITUDE,LONGITUDE,DATE_POLICE_NOTIFIED,year
CR00039754,01/28/2016 04:52:00 AM,15,CLEAR,DAYLIGHT,PARKED MOTOR VEHICLE,ONE-WAY,STOP SIGN/FLASHER,DRIVING SKILLS/KNOWLEDGE/EXPERIENCE,FOLLOWING TOO CLOSELY,0,0,0,0,4,5,1,231,IRVING PARK RD,41.869583,-87.573645,01/28/2016 05:33:00 AM,2016
CR00039755,06/22/2021 11:30:00 AM,40,CLEAR,DAYLIGHT,PARKED MOTOR VEHICLE,NOT DIVIDED,NO CONTROLS,FAILING TO YIELD RIGHT-OF-WAY,NOT APPLICABLE,0,0,0,0,11,3,6,2439,OGDEN AVE,41.70998,-87.683372,06/22/2021 01:07:00 PM,2021
CR00039756,11/02/2016 08:54:00 AM,45,CLEAR,DAYLIGHT,ANGLE,ONE-WAY,UNKNOWN,FOLLOWING TOO CLOSELY,UNABLE TO DETERMINE,0,0,0,0,8,4,11,512,ASHLAND AVE,41.897984,-87.6122,11/02/2016 10:14:00 AM,2016
CR00039757,06/19/2020 07:42:00 AM,15,CLEAR,DAYLIGHT,PARKED MOTOR VEHICLE,FOUR WAY,TRAFFIC SIGNAL,UNABLE TO DETERMINE,IMPROPER LANE USAGE,0,0,2,2,7,6,6,1785,MILWAUKEE AVE,41.728759,-87.731837,06/19/2020 08:31:00 AM,2020
CR00039758,11/14/2020 07:54:00 AM,30,CLEAR,DAYLIGHT,TURNING,DIVIDED - W/MEDIAN (NOT RAISED),NO CONTROLS,UNABLE TO DETERMINE,FAILING TO YIELD RIGHT-OF-WAY,0,1,1,2,7,7,11,789,STATE ST,41.767788,-87.680502,11/14/2020 08:44:00 AM,2020
CR00039759,04/20/2024 01:36:00 AM,30,RAIN,DARKNESS - LIGHTED ROAD,PEDESTRIAN,ONE-WAY,NO CONTROLS,DRIVING SKILLS/KNOWLEDGE/EXPERIENCE,DISTRACTION - FROM INSIDE VEHICLE,0,1,1,2,1,7,4,110,CICERO AVE,41.710266,-87.847524,04/20/2024 02:32:00 AM,2024
CR00039760,10/23/2018 06:39:00 PM,15,RAIN,DARKNESS - LIGHTED ROAD,REAR END,NOT DIVIDED,TRAFFIC SIGNAL,UNABLE TO DETERMINE,FOLLOWING TOO CLOSELY,0,0,0,0,18,3,10,802,WESTERN AVE,41.769893,-87.7161,10/23/2018 08:10:00 PM,2018
CR00039761,03/08/2022 10:24:00 AM,40,CLEAR,DAYLIGHT,REAR END,NOT DIVIDED,TRAFFIC SIGNAL,UNABLE TO DETERMINE,FAILING TO REDUCE SPEED,0,0,0,0,10,3,3,758,STATE ST,41.793168,-87.629634,03/08/2022 12:13:00 PM,2022
CR00039762,04/14/2020 01:33:00 PM,35,CLEAR,DAYLIGHT,SIDESWIPE SAME DIRECTION,NOT DIVIDED,NO CONTROLS,UNABLE TO DETERMINE,DISTRACTION - FROM INSIDE VEHICLE,0,0,0,0,13,3,4,2105,LAKE SHORE DR,41.929251,-87.631555,04/14/2020 01:58:00 PM,2020
CR00039763,11/30/2017 08:34:00 AM,20,CLEAR,DARKNESS - LIGHTED ROAD,ANGLE,DIVIDED - W/MEDIAN BARRIER,TRAFFIC SIGNAL,FAILING TO YIELD RIGHT-OF-WAY,DISTRACTION - FROM INSIDE VEHICLE,0,0,1,1,8,5,11,1559,CICERO AVE,41.993629,-87.71482,11/30/2017 09:04:00 AM,2017
CR00039764,07/13/2021 12:38:00 AM,45,CLEAR,DAYLIGHT,SIDESWIPE SAME DIRECTION,NOT DIVIDED,TRAFFIC SIGNAL,UNABLE TO DETERMINE,FAILING TO YIELD RIGHT-OF-WAY,0,0,1,1,0,3,7,1956,MICHIGAN AVE,41.712062,-87.695881,07/13/2021 12:55:00 AM,2021
CR00039765,07/08/2018 05:58:00 AM,15,SNOW,DAYLIGHT,PEDESTRIAN,NOT DIVIDED,STOP SIGN/FLASHER,UNABLE TO DETERMINE,FAILING TO YIELD RIGHT-OF-WAY,0,0,0,0,5,1,7,447,STONY ISLAND AVE,41.931024,-87.768575,07/08/2018 06:35:00 AM,2018
CR00039766,08/31/2023 10:28:00 PM,35,RAIN,DUSK,PEDESTRIAN,NOT DIVIDED,STOP SIGN/FLASHER,UNABLE TO DETERMINE,FAILING TO YIELD RIGHT-OF-WAY,0,0,0,0,22,5,8,1724,MICHIGAN AVE,41.977831,-87.597658,08/31/2023 11:06:00 PM,2023
CR00039767,10/02/2016 12:02:00 AM,40,CLEAR,DARKNESS,PEDESTRIAN,DIVIDED - W/MEDIAN (NOT RAISED),TRAFFIC SIGNAL,IMPROPER OVERTAKING/PASSING,NOT APPLICABLE,0,0,0,0,0,1,10,2142,BROADWAY,41.834178,-87.618237,10/02/2016 01:17:00 AM,2016
CR00039768,10/21/2016 07:05:00 AM,35,FOG/SMOKE/HAZE,DARKNESS,REAR END,DIVIDED - W/MEDIAN (NOT RAISED),STOP SIGN/FLASHER,FOLLOWING TOO CLOSELY,FAILING TO REDUCE SPEED,0,0,0,0,7,6,10,1356,ARCHER AVE,41.857175,-87.601101,10/21/2016 08:34:00 AM,2016
CR00039769,08/06/2020 02:35:00 PM,15,CLEAR,DAYLIGHT,REAR END,DIVIDED - W/MEDIAN (NOT RAISED),NO CONTROLS,IMPROPER OVERTAKING/PASSING,DRIVING SKILLS/KNOWLEDGE/EXPERIENCE,0,0,2,2,14,5,8,2081,IRVING PARK RD,41.964555,-87.616321,08/06/2020 04:02:00 PM,2020
CR00039770,02/11/2018 07:58:00 PM,45,CLEAR,DAYLIGHT,TURNING,ONE-WAY,NO CONTROLS,UNABLE TO DETERMINE,FOLLOWING TOO CLOSELY,0,0,0,0,19,1,2,2388,47TH ST,41.969247,-87.699939,02/11/2018 08:19:00 PM,2018
CR00039771,07/18/2016 08:10:00 PM,20,SNOW,DARKNESS - LIGHTED ROAD,SIDESWIPE SAME DIRECTION,DIVIDED - W/MEDIAN (NOT RAISED),STOP SIGN/FLASHER,FAILING TO YIELD RIGHT-OF-WAY,UNABLE TO DETERMINE,0,0,0,0,20,2,7,781,CICERO AVE,41.897262,-87.662826,07/18/2016 09:00:00 PM,2016
CR00039772,07/07/2019 08:58:00 AM,30,CLEAR,DAYLIGHT,TURNING,DIVIDED - W/MEDIAN (NOT RAISED),UNKNOWN,DISTRACTION - FROM INSIDE VEHICLE,FAILING TO REDUCE SPEED,0,0,0,0,8,1,7,1757,DIVISION ST,41.952736,-87.809691,07/07/2019 09:18:00 AM,2019
CR00039773,08/30/2019 08:12:00 PM,15,CLOUDY/OVERCAST,DAYLIGHT,PEDESTRIAN,ONE-WAY,TRAFFIC SIGNAL,UNABLE TO DETERMINE,UNABLE TO DETERMINE,0,0,0,0,20,6,8,2133,63RD ST,41.88469,-87.841059,08/30/2019 09:40:00 PM,2019
CR00039774,08/23/2015 07:49:00 PM,35,RAIN,DAYLIGHT,SIDESWIPE SAME DIRECTION,NOT DIVIDED,TRAFFIC SIGNAL,UNABLE TO DETERMINE,IMPROPER OVERTAKING/PASSING,0,0,0,0,19,1,8,1290,OGDEN AVE,41.728619,-87.807433,08/23/2015 09:25:00 PM,2015
CR00039775,07/16/2015 02:23:00 PM,30,CLEAR,DAYLIGHT,PEDESTRIAN,DIVIDED - W/MEDIAN BARRIER,TRAFFIC SIGNAL,DRIVING SKILLS/KNOWLEDGE/EXPERIENCE,UNABLE TO DETERMINE,0,0,0,0,14,5,7,1105,DIVISION ST,41.803547,-87.658678,07/16/2015 02:34:00 PM,2015
CR00039776,09/27/2022 04:31:00 PM,40,CLEAR,DAYLIGHT,ANGLE,NOT DIVIDED,TRAFFIC SIGNAL,UNABLE TO DETERMINE,DRIVING SKILLS/KNOWLEDGE/EXPERIENCE,0,0,0,0,16,3,9,1296,HALSTED ST,41.818656,-87.715752,09/27/2022 06:25:00 PM,2022
CR00039777,08/07/2018 12:33:00 PM,30,CLOUDY/OVERCAST,DAYLIGHT,PEDESTRIAN,DIVIDED - W/MEDIAN (NOT RAISED),YIELD,DRIVING SKILLS/KNOWLEDGE/EXPERIENCE,IMPROPER OVERTAKING/PASSING,0,0,0,0,12,3,8,563,BROADWAY,41.996728,-87.53031,08/07/2018 01:00:00 PM,2018
CR00039778,11/01/2020 05:17:00 PM,40,CLEAR,DARKNESS - LIGHTED ROAD,FIXED OBJECT,NOT DIVIDED,NO CONTROLS,WEATHER,DRIVING SKILLS/KNOWLEDGE/EXPERIENCE,0,1,1,2,17,1,11,1396,LAKE SHORE DR,41.937702,-87.568459,11/01/2020 06:47:00 PM,2020
CR00039779,02/22/2021 03:47:00 PM,30,CLEAR,DAYLIGHT,TURNING,FOUR WAY,STOP SIGN/FLASHER,FAILING TO YIELD RIGHT-OF-WAY,UNABLE TO DETERMINE,0,0,0,0,15,2,2,705,MILWAUKEE AVE,41.762728,-87.810548,02/22/2021 05:17:00 PM,2021
CR00039780,09/04/2021 06:13:00 PM,15,FOG/SMOKE/HAZE,DAYLIGHT,TURNING,ONE-WAY,STOP SIGN/FLASHER,DISTRACTION - FROM INSIDE VEHICLE,FOLLOWING TOO CLOSELY,0,0,0,0,18,7,9,2353,LAKE SHORE DR,41.87297,-87.513858,09/04/2021 07:02:00 PM,2021
CR00039781,07/17/2015 08:55:00 AM,15,SNOW,DAYLIGHT,TURNING,ONE-WAY,NO CONTROLS,WEATHER,FOLLOWING TOO CLOSELY,0,2,2,4,8,6,7,2118,IRVING PARK RD,41.907953,-87.795297,07/17/2015 08:56:00 AM,2015
CR00039782,12/20/2017 06:16:00 PM,30,CLEAR,DAYLIGHT,SIDESWIPE SAME DIRECTION,ONE-WAY,STOP SIGN/FLASHER,IMPROPER OVERTAKING/PASSING,FOLLOWING TOO CLOSELY,0,1,1,2,18,4,12,234,KEDZIE AVE,41.815132,-87.668941,12/20/2017 06:29:00 PM,2017
CR00039783,10/04/2021 06:03:00 PM,40,CLEAR,DAYLIGHT,SIDESWIPE SAME DIRECTION,DIVIDED - W/MEDIAN BARRIER,TRAFFIC SIGNAL,FAILING TO YIELD RIGHT-OF-WAY,UNABLE TO DETERMINE,0,0,0,0,18,2,10,913,ARCHER AVE,41.890199,-87.641155,10/04/2021 06:07:00 PM,2021
CR00039784,11/03/2023 07:41:00 AM,30,CLEAR,DARKNESS - LIGHTED ROAD,ANGLE,ONE-WAY,NO CONTROLS,FOLLOWING TOO CLOSELY,DISTRACTION - FROM INSIDE VEHICLE,0,0,0,0,7,6,11,1764,CALIFORNIA AVE,41.848869,-87.51692,11/03/2023 09:40:00 AM,2023
CR00039785,04/11/2015 08:57:00 AM,45,CLEAR,DAYLIGHT,ANGLE,DIVIDED - W/MEDIAN BARRIER,TRAFFIC SIGNAL,FAILING TO YIELD RIGHT-OF-WAY,FAILING TO YIELD RIGHT-OF-WAY,0,0,0,0,8,7,4,2469,ELSTON AVE,41.716522,-87.571875,04/11/2015 10:35:00 AM,2015
CR00039786,04/19/2017 08:58:00 AM,35,CLEAR,DAYLIGHT,PEDESTRIAN,ONE-WAY,TRAFFIC SIGNAL,DRIVING SKILLS/KNOWLEDGE/EXPERIENCE,UNABLE TO DETERMINE,0,0,0,0,8,4,4,1863,CICERO AVE,41.887969,-87.779812,04/19/2017 09:15:00 AM,2017
CR00039787,02/23/2022 12:36:00 PM,30,RAIN,DAYLIGHT,ANGLE,NOT DIVIDED,NO CONTROLS,IMPROPER OVERTAKING/PASSING,WEATHER,0,0,1,1,12,4,2,168,ARCHER AVE,41.907914,-87.71366,02/23/2022 02:21:00 PM,2022
CR00039788,04/07/2024 06:45:00 PM,45,CLEAR,DARKNESS - LIGHTED ROAD,REAR TO FRONT,NOT DIVIDED,STOP SIGN/FLASHER,UNABLE TO DETERMINE,NOT APPLICABLE,0,0,0,0,18,1,4,1820,CICERO AVE,41.981696,-87.742864,04/07/2024 08:27:00 PM,2024
CR00039789,09/07/2024 02:56:00 PM,25,CLEAR,DARKNESS - LIGHTED ROAD,ANGLE,ONE-WAY,NO CONTROLS,DISREGARDING TRAFFIC SIGNALS,FAILING TO REDUCE SPEED,0,0,1,1,14,7,9,2324,ROOSEVELT RD,41.936051,-87.536336,09/07/2024 03:21:00 PM,2024
CR00039790,04/05/2024 12:51:00 PM,30,CLEAR,DARKNESS - LIGHTED ROAD,ANGLE,DIVIDED - W/MEDIAN BARRIER,NO CONTROLS,UNABLE TO DETERMINE,UNABLE TO DETERMINE,0,0,0,0,12,6,4,284,63RD ST,41.942627,-87.828568,04/05/2024 02:20:00 PM,2024
CR00039791,02/03/2024 07:02:00 AM,25,CLEAR,DAYLIGHT,PEDESTRIAN,NOT DIVIDED,TRAFFIC SIGNAL,FOLLOWING TOO CLOSELY,DISREGARDING TRAFFIC SIGNALS,0,0,0,0,7,7,2,798,ELSTON AVE,41.780462,-87.585119,02/03/2024 07:50:00 AM,2024
CR00039792,03/19/2023 12:18:00 PM,40,CLOUDY/OVERCAST,DAYLIGHT,REAR END,DIVIDED - W/MEDIAN (NOT RAISED),TRAFFIC SIGNAL,IMPROPER OVERTAKING/PASSING,UNABLE TO DETERMINE,0,0,3,3,12,1,3,502,HALSTED ST,41.971567,-87.699009,03/19/2023 01:54:00 PM,2023
CR00039793,09/09/2018 12:04:00 PM,40,CLEAR,DARKNESS,SIDESWIPE SAME DIRECTION,DIVIDED - W/MEDIAN (NOT RAISED),STOP SIGN/FLASHER,UNABLE TO DETERMINE,NOT APPLICABLE,0,0,0,0,12,1,9,1474,WESTERN AVE,41.736336,-87.623678,09/09/2018 12:57:00 PM,2018
CR00039794,11/25/2015 06:10:00 PM,45,CLEAR,DAYLIGHT,PEDESTRIAN,DIVIDED - W/MEDIAN BARRIER,NO CONTROLS,DISTRACTION - FROM INSIDE VEHICLE,WEATHER,0,2,1,3,18,4,11,2421,OGDEN AVE,41.963755,-87.77226,11/25/2015 07:18:00 PM,2015
CR00039795,08/10/2020 09:09:00 PM,40,RAIN,DAYLIGHT,PARKED MOTOR VEHICLE,DIVIDED - W/MEDIAN BARRIER,TRAFFIC SIGNAL,FAILING TO YIELD RIGHT-OF-WAY,FOLLOWING TOO CLOSELY,0,0,1,1,21,2,8,496,OGDEN AVE,41.736554,-87.69149,08/10/2020 09:24:00 PM,2020
CR00039796,05/24/2018 02:03:00 AM,35,CLEAR,DAYLIGHT,REAR END,NOT DIVIDED,TRAFFIC SIGNAL,DRIVING SKILLS/KNOWLEDGE/EXPERIENCE,NOT APPLICABLE,0,0,0,0,2,5,5,584,ROOSEVELT RD,41.765112,-87.526292,05/24/2018 03:49:00 AM,2018
CR00039797,10/19/2022 12:34:00 PM,15,CLEAR,DARKNESS - LIGHTED ROAD,TURNING,FOUR WAY,NO CONTROLS,FAILING TO YIELD RIGHT-OF-WAY,DISREGARDING TRAFFIC SIGNALS,0,0,0,0,12,4,10,2096,PULASKI RD,41.793432,-87.765631,10/19/2022 02:02:00 PM,2022
CR00039798,07/30/2019 07:21:00 AM,30,CLEAR,DAYLIGHT,REAR END,DIVIDED - W/MEDIAN (NOT RAISED),STOP SIGN/FLASHER,UNABLE TO DETERMINE,UNABLE TO DETERMINE,0,0,0,0,7,3,7,1427,47TH ST,41.982906,-87.744549,07/30/2019 08:18:00 AM,2019
CR00039799,10/23/2022 09:47:00 PM,20,CLEAR,DAYLIGHT,REAR TO FRONT,DIVIDED - W/MEDIAN (NOT RAISED),TRAFFIC SIGNAL,FAILING TO REDUCE SPEED,UNABLE TO DETERMINE,0,0,1,1,21,1,10,1005,LAKE SHORE DR,41.834469,-87.764381,10/23/2022 10:48:00 PM,2022
CR00039800,05/14/2023 10:45:00 PM,35,CLEAR,DAYLIGHT,TURNING,NOT DIVIDED,NO CONTROLS,UNABLE TO DETERMINE,DISTRACTION - FROM INSIDE VEHICLE,0,0,0,0,22,1,5,2408,ASHLAND AVE,41.751341,-87.502793,05/14/2023 10:46:00 PM,2023
CR00039801,10/15/2015 06:05:00 PM,30,RAIN,DARKNESS - LIGHTED ROAD,ANGLE,DIVIDED - W/MEDIAN (NOT RAISED),NO CONTROLS,FAILING TO YIELD RIGHT-OF-WAY,FAILING TO YIELD RIGHT-OF-WAY,0,0,0,0,18,5,10,1610,MICHIGAN AVE,41.890237,-87.711273,10/15/2015 07:06:00 PM,2015
CR00039802,02/06/2019 10:57:00 AM,35,CLEAR,DARKNESS,REAR TO FRONT,NOT DIVIDED,TRAFFIC SIGNAL,FOLLOWING TOO CLOSELY,IMPROPER LANE USAGE,0,0,0,0,10,4,2,1195,OGDEN AVE,41.833699,-87.742901,02/06/2019 11:21:00 AM,2019
CR00039803,10/11/2022 09:15:00 AM,45,CLEAR,DAYLIGHT,TURNING,FOUR WAY,STOP SIGN/FLASHER,UNABLE TO DETERMINE,FAILING TO YIELD RIGHT-OF-WAY,0,0,0,0,9,3,10,2504,DIVISION ST,41.794103,-87.623545,10/11/2022 09:42:00 AM,2022
CR00039804,08/08/2021 09:06:00 AM,45,CLEAR,DAYLIGHT,TURNING,ONE-WAY,NO CONTROLS,WEATHER,FAILING TO YIELD RIGHT-OF-WAY,0,0,1,1,9,1,8,357,CICERO AVE,41.783258,-87.666318,08/08/2021 10:27:00 AM,2021
CR00039805,08/21/2023 07:30:00 PM,30,RAIN,DAWN,REAR TO FRONT,ONE-WAY,TRAFFIC SIGNAL,UNABLE TO DETERMINE,FOLLOWING TOO CLOSELY,0,0,0,0,19,2,8,1470,63RD ST,41.737655,-87.769088,08/21/2023 09:01:00 PM,2023
CR00039806,01/30/2020 04:51:00 PM,25,CLEAR,DAYLIGHT,FIXED OBJECT,NOT DIVIDED,NO CONTROLS,DISTRACTION - FROM INSIDE VEHICLE,FOLLOWING TOO CLOSELY,0,0,1,1,16,5,1,955,ARCHER AVE,41.978429,-87.839777,01/30/2020 06:49:00 PM,2020
CR00039807,04/18/2023 04:12:00 PM,15,CLEAR,DAYLIGHT,REAR END,NOT DIVIDED,TRAFFIC SIGNAL,UNABLE TO DETERMINE,NOT APPLICABLE,0,0,0,0,16,3,4,1309,79TH ST,41.779133,-87.725743,04/18/2023 04:29:00 PM,2023
CR00039808,06/04/2019 04:43:00 PM,35,CLEAR,DAYLIGHT,REAR END,NOT DIVIDED,NO CONTROLS,IMPROPER OVERTAKING/PASSING,UNABLE TO DETERMINE,0,0,0,0,16,3,6,144,DIVISION ST,41.815161,-87.841725,06/04/2019 05:17:00 PM,2019
CR00039809,06/15/2024 12:45:00 PM,35,CLEAR,DARKNESS,TURNING,DIVIDED - W/MEDIAN (NOT RAISED),NO CONTROLS,FOLLOWING TOO CLOSELY,DISTRACTION - FROM INSIDE VEHICLE,0,0,0,0,12,7,6,1388,LAKE SHORE DR,41.894189,-87.527575,06/15/2024 01:45:00 PM,2024
CR00039810,12/03/2020 12:58:00 AM,35,CLEAR,DAWN,TURNING,NOT DIVIDED,TRAFFIC SIGNAL,DRIVING SKILLS/KNOWLEDGE/EXPERIENCE,NOT APPLICABLE,0,0,0,0,0,5,12,1528,STONY ISLAND AVE,41.701057,-87.516833,12/03/2020 02:19:00 AM,2020
CR00039811,11/15/2016 07:05:00 PM,30,CLOUDY/OVERCAST,DUSK,ANGLE,FOUR WAY,NO CONTROLS,DRIVING SKILLS/KNOWLEDGE/EXPERIENCE,NOT APPLICABLE,0,0,2,2,19,3,11,1931,STATE ST,41.986879,-87.585156,11/15/2016 07:11:00 PM,2016
CR00039812,03/09/2019 08:59:00 PM,35,CLEAR,DAYLIGHT,ANGLE,FOUR WAY,TRAFFIC SIGNAL,UNABLE TO DETERMINE,IMPROPER OVERTAKING/PASSING,0,0,0,0,20,7,3,1513,DIVISION ST,41.717733,-87.502818,03/09/2019 10:55:00 PM,2019
CR00039813,06/22/2019 10:49:00 PM,30,RAIN,DARKNESS,PEDESTRIAN,ONE-WAY,STOP SIGN/FLASHER,UNABLE TO DETERMINE,FOLLOWING TOO CLOSELY,0,0,0,0,22,7,6,995,STONY ISLAND AVE,41.870368,-87.629362,06/22/2019 10:56:00 PM,2019
CR00039814,08/01/2022 03:36:00 PM,30,CLEAR,DAYLIGHT,SIDESWIPE SAME DIRECTION,DIVIDED - W/MEDIAN BARRIER,NO CONTROLS,DRIVING SKILLS/KNOWLEDGE/EXPERIENCE,IMPROPER LANE USAGE,0,0,0,0,15,2,8,1702,ASHLAND AVE,41.929928,-87.83315,08/01/2022 05:02:00 PM,2022
CR00039815,12/12/2021 06:03:00 PM,15,CLEAR,DARKNESS - LIGHTED ROAD,SIDESWIPE SAME DIRECTION,ONE-WAY,NO CONTROLS,DISTRACTION - FROM INSIDE VEHICLE,NOT APPLICABLE,0,0,0,0,18,1,12,1153,DAMEN AVE,41.935788,-87.799602,12/12/2021 07:58:00 PM,2021
CR00039816,01/07/2022 08:30:00 AM,30,CLEAR,DAYLIGHT,REAR END,NOT DIVIDED,NO CONTROLS,UNABLE TO DETERMINE,DISTRACTION - FROM INSIDE VEHICLE,0,0,0,0,8,6,1,899,ARCHER AVE,41.754975,-87.770437,01/07/2022 09:15:00 AM,2022
CR00039817,10/27/2022 03:40:00 AM,30,CLEAR,DAYLIGHT,FIXED OBJECT,NOT DIVIDED,TRAFFIC SIGNAL,DISREGARDING TRAFFIC SIGNALS,IMPROPER OVERTAKING/PASSING,0,0,1,1,3,5,10,2259,DAMEN AVE,41.823167,-87.804978,10/27/2022 04:17:00 AM,2022
CR00039818,01/04/2021 09:54:00 AM,35,CLEAR,DUSK,REAR END,NOT DIVIDED,NO CONTROLS,FOLLOWING TOO CLOSELY,FOLLOWING TOO CLOSELY,0,0,3,3,9,2,1,1214,DIVISION ST,41.718061,-87.749206,01/04/2021 11:04:00 AM,2021
CR00039819,09/22/2016 04:44:00 PM,30,CLEAR,DAYLIGHT,TURNING,NOT DIVIDED,NO CONTROLS,DRIVING SKILLS/KNOWLEDGE/EXPERIENCE,FAILING TO YIELD RIGHT-OF-WAY,0,1,2,3,16,5,9,429,IRVING PARK RD,41.847914,-87.574793,09/22/2016 06:32:00 PM,2016
CR00039820,01/10/2015 11:35:00 AM,25,CLEAR,DARKNESS - LIGHTED ROAD,ANGLE,NOT DIVIDED,NO CONTROLS,UNABLE TO DETERMINE,DISREGARDING TRAFFIC SIGNALS,0,0,1,1,11,7,1,2405,DAMEN AVE,41.9971,-87.761542,01/10/2015 01:18:00 PM,2015
CR00039821,09/20/2015 11:53:00 AM,20,RAIN,DAYLIGHT,FIXED OBJECT,ONE-WAY,NO CONTROLS,WEATHER,UNABLE TO DETERMINE,0,0,0,0,11,1,9,1415,CLARK ST,41.846783,-87.745767,09/20/2015 12:01:00 PM,2015
CR00039822,09/17/2024 03:13:00 PM,25,RAIN,DAYLIGHT,FIXED OBJECT,T-INTERSECTION,UNKNOWN,IMPROPER LANE USAGE,UNABLE TO DETERMINE,0,0,0,0,15,3,9,682,DIVISION ST,41.836856,-87.53901,09/17/2024 04:23:00 PM,2024
CR00039823,04/10/2020 02:54:00 AM,30,CLEAR,DARKNESS - LIGHTED ROAD,REAR END,NOT DIVIDED,NO CONTROLS,FOLLOWING TOO CLOSELY,DISREGARDING TRAFFIC SIGNALS,0,0,0,0,2,6,4,1814,CICERO AVE,41.740396,-87.524037,04/10/2020 04:50:00 AM,2020
CR00039824,04/04/2024 06:45:00 PM,30,CLEAR,DARKNESS - LIGHTED ROAD,TURNING,DIVIDED - W/MEDIAN (NOT RAISED),NO CONTROLS,UNABLE TO DETERMINE,UNABLE TO DETERMINE,0,0,0,0,18,5,4,1556,STATE ST,41.838136,-87.715077,04/04/2024 08:30:00 PM,2024
CR00039825,05/17/2018 08:39:00 PM,30,CLEAR,DAYLIGHT,PARKED MOTOR VEHICLE,DIVIDED - W/MEDIAN BARRIER,NO CONTROLS,FOLLOWING TOO CLOSELY,UNABLE TO DETERMINE,0,0,0,0,20,5,5,1908,ASHLAND AVE,41.826851,-87.710366,05/17/2018 08:47:00 PM,2018
CR00039826,11/19/2021 04:28:00 PM,45,CLEAR,DAYLIGHT,ANGLE,NOT DIVIDED,TRAFFIC SIGNAL,DISREGARDING TRAFFIC SIGNALS,FAILING TO REDUCE SPEED,0,0,0,0,16,6,11,974,PULASKI RD,41.71001,-87.743922,11/19/2021 05:19:00 PM,2021
CR00039827,12/24/2021 06:51:00 PM,35,CLEAR,DAYLIGHT,TURNING,DIVIDED - W/MEDIAN (NOT RAISED),TRAFFIC SIGNAL,IMPROPER OVERTAKING/PASSING,FAILING TO YIELD RIGHT-OF-WAY,0,0,0,0,18,6,12,2190,STONY ISLAND AVE,41.997726,-87.830039,12/24/2021 07:30:00 PM,2021
CR00039828,04/17/2023 12:25:00 PM,30,CLEAR,DAYLIGHT,FIXED OBJECT,FOUR WAY,TRAFFIC SIGNAL,UNABLE TO DETERMINE,DRIVING SKILLS/KNOWLEDGE/EXPERIENCE,0,2,2,4,12,2,4,914,STATE ST,41.744755,-87.709312,04/17/2023 01:12:00 PM,2023
CR00039829,12/04/2015 08:57:00 AM,35,CLEAR,DAYLIGHT,PARKED MOTOR VEHICLE,DIVIDED - W/MEDIAN (NOT RAISED),NO CONTROLS,IMPROPER LANE USAGE,NOT APPLICABLE,0,0,0,0,8,6,12,974,CICERO AVE,41.812829,-87.682998,12/04/2015 09:16:00 AM,2015
CR00039830,05/25/2023 04:23:00 PM,30,CLEAR,DAWN,REAR END,NOT DIVIDED,STOP SIGN/FLASHER,FAILING TO REDUCE SPEED,UNABLE TO DETERMINE,0,0,1,1,16,5,5,1831,DAMEN AVE,41.924979,-87.596768,05/25/2023 05:55:00 PM,2023
CR00039831,06/13/2018 11:20:00 AM,30,CLEAR,DARKNESS - LIGHTED ROAD,TURNING,NOT DIVIDED,NO CONTROLS,UNABLE TO DETERMINE,IMPROPER OVERTAKING/PASSING,0,0,1,1,11,4,6,2451,IRVING PARK RD,41.938467,-87.544158,06/13/2018 11:23:00 AM,2018
CR00039832,10/04/2024 06:29:00 PM,30,CLEAR,DAYLIGHT,ANGLE,NOT DIVIDED,STOP SIGN/FLASHER,UNABLE TO DETERMINE,NOT APPLICABLE,0,0,0,0,18,6,10,1437,ARCHER AVE,41.882249,-87.509345,10/04/2024 07:06:00 PM,2024
CR00039833,03/14/2015 06:34:00 AM,45,SNOW,DAYLIGHT,ANGLE,DIVIDED - W/MEDIAN (NOT RAISED),TRAFFIC SIGNAL,UNABLE TO DETERMINE,UNABLE TO DETERMINE,0,0,0,0,6,7,3,1546,KEDZIE AVE,41.771488,-87.545232,03/14/2015 07:36:00 AM,2015
CR00039834,05/28/2022 03:21:00 AM,20,CLEAR,DARKNESS - LIGHTED ROAD,SIDESWIPE SAME DIRECTION,DIVIDED - W/MEDIAN (NOT RAISED),TRAFFIC SIGNAL,UNABLE TO DETERMINE,DRIVING SKILLS/KNOWLEDGE/EXPERIENCE,0,0,0,0,3,7,5,514,ARCHER AVE,41.784658,-87.584985,05/28/2022 04:56:00 AM,2022
CR00039835,06/19/2017 02:19:00 PM,45,CLEAR,DARKNESS - LIGHTED ROAD,REAR END,NOT DIVIDED,TRAFFIC SIGNAL,UNABLE TO DETERMINE,NOT APPLICABLE,0,0,0,0,14,2,6,1392,ARCHER AVE,41.99145,-87.732851,06/19/2017 04:06:00 PM,2017