CRASH_RECORD_ID,CRASH_DATE,POSTED_SPEED_LIMIT,WEATHER_CONDITION,LIGHTING_CONDITION,FIRST_CRASH_TYPE,TRAFFICWAY_TYPE,TRAFFIC_CONTROL_DEVICE,PRIM_CONTRIBUTORY_CAUSE,SEC_CONTRIBUTORY_CAUSE,INJURIES_FATAL,INJURIES_INCAPACITATING,INJURIES_NON_INCAPACITATING,INJURIES_TOTAL,CRASH_HOUR,CRASH_DAY_OF_WEEK,CRASH_MONTH,BEAT_OF_OCCURRENCE,STREET_NAME,LATITUDE,LONGITUDE,DATE_POLICE_NOTIFIED,year
CR00039836,04/14/2022 02:19:00 PM,30,CLEAR,DARKNESS - LIGHTED ROAD,TURNING,NOT DIVIDED,NO CONTROLS,DISREGARDING TRAFFIC SIGNALS,IMPROPER OVERTAKING/PASSING,0,0,0,0,14,5,4,1810,MICHIGAN AVE,41.833019,-87.781361,04/14/2022 03:25:00 PM,2022
CR00039837,06/08/2020 03:16:00 AM,35,CLEAR,DARKNESS - LIGHTED ROAD,TURNING,NOT DIVIDED,TRAFFIC SIGNAL,WEATHER,NOT APPLICABLE,0,0,0,0,3,2,6,590,HALSTED ST,41.783817,-87.556687,06/08/2020 03:25:00 AM,2020
CR00039838,06/14/2019 03:59:00 PM,15,CLEAR,DAYLIGHT,ANGLE,ONE-WAY,NO CONTROLS,FOLLOWING TOO CLOSELY,UNABLE TO DETERMINE,0,0,0,0,15,6,6,1443,ELSTON AVE,41.820223,-87.789483,06/14/2019 04:40:00 PM,2019
CR00039839,02/01/2017 02:30:00 PM,25,CLOUDY/OVERCAST,DAYLIGHT,REAR END,DIVIDED - W/MEDIAN (NOT RAISED),TRAFFIC SIGNAL,IMPROPER OVERTAKING/PASSING,IMPROPER LANE USAGE,0,0,0,0,14,4,2,1832,79TH ST,41.888058,-87.835879,02/01/2017 03:08:00 PM,2017
CR00039840,11/07/2016 08:16:00 PM,40,CLEAR,DAYLIGHT,SIDESWIPE SAME DIRECTION,NOT DIVIDED,TRAFFIC SIGNAL,DISTRACTION - FROM INSIDE VEHICLE,NOT APPLICABLE,0,0,0,0,20,2,11,2289,CALIFORNIA AVE,41.794735,-87.601176,11/07/2016 09:35:00 PM,2016
CR00039841,10/17/2018 09:53:00 AM,30,CLEAR,DARKNESS - LIGHTED ROAD,TURNING,ONE-WAY,YIELD,DISREGARDING TRAFFIC SIGNALS,NOT APPLICABLE,0,0,0,0,9,4,10,877,BROADWAY,41.928638,-87.585453,10/17/2018 10:17:00 AM,2018
CR00039842,10/18/2017 06:25:00 PM,40,CLEAR,DAYLIGHT,REAR TO FRONT,ONE-WAY,NO CONTROLS,DRIVING SKILLS/KNOWLEDGE/EXPERIENCE,FOLLOWING TOO CLOSELY,0,0,0,0,18,4,10,1639,FULLERTON AVE,41.821502,-87.797899,10/18/2017 07:50:00 PM,2017
CR00039843,12/31/2015 10:44:00 AM,30,RAIN,DARKNESS - LIGHTED ROAD,PEDESTRIAN,DIVIDED - W/MEDIAN (NOT RAISED),STOP SIGN/FLASHER,UNABLE TO DETERMINE,DRIVING SKILLS/KNOWLEDGE/EXPERIENCE,0,0,0,0,10,5,12,292,IRVING PARK RD,41.902348,-87.626232,12/31/2015 10:54:00 AM,2015
CR00039844,08/20/2016 03:49:00 PM,30,CLEAR,DAYLIGHT,PEDESTRIAN,DIVIDED - W/MEDIAN (NOT RAISED),UNKNOWN,FAILING TO REDUCE SPEED,IMPROPER OVERTAKING/PASSING,0,0,0,0,15,7,8,1847,FULLERTON AVE,41.837106,-87.604744,08/20/2016 04:33:00 PM,2016
CR00039845,05/04/2016 12:42:00 PM,30,CLEAR,DARKNESS - LIGHTED ROAD,REAR END,DIVIDED - W/MEDIAN (NOT RAISED),TRAFFIC SIGNAL,WEATHER,IMPROPER LANE USAGE,0,0,0,0,12,4,5,1145,ARCHER AVE,41.946037,-87.571765,05/04/2016 02:11:00 PM,2016
CR00039846,06/09/2018 07:01:00 AM,35,CLEAR,DAYLIGHT,SIDESWIPE SAME DIRECTION,DIVIDED - W/MEDIAN (NOT RAISED),YIELD,IMPROPER OVERTAKING/PASSING,IMPROPER LANE USAGE,0,0,0,0,7,7,6,1476,DIVISION ST,41.726922,-87.537254,06/09/2018 08:12:00 AM,2018
CR00039847,04/12/2017 05:21:00 PM,30,CLEAR,DARKNESS - LIGHTED ROAD,REAR END,NOT DIVIDED,TRAFFIC SIGNAL,UNABLE TO DETERMINE,IMPROPER LANE USAGE,0,0,0,0,17,4,4,1210,ELSTON AVE,41.990819,-87.68311,04/12/2017 05:59:00 PM,2017
CR00039848,08/09/2015 02:06:00 PM,25,RAIN,DARKNESS - LIGHTED ROAD,REAR END,ONE-WAY,NO CONTROLS,FAILING TO YIELD RIGHT-OF-WAY,FAILING TO YIELD RIGHT-OF-WAY,0,0,1,1,14,1,8,2522,STATE ST,41.709434,-87.824577,08/09/2015 02:43:00 PM,2015
CR00039849,02/02/2019 03:53:00 PM,15,CLEAR,DAYLIGHT,TURNING,NOT DIVIDED,TRAFFIC SIGNAL,FOLLOWING TOO CLOSELY,UNABLE TO DETERMINE,0,0,0,0,15,7,2,1061,ELSTON AVE,41.717372,-87.522207,02/02/2019 05:42:00 PM,2019
CR00039850,12/14/2021 08:26:00 PM,15,CLEAR,DAYLIGHT,REAR END,ONE-WAY,NO CONTROLS,DRIVING SKILLS/KNOWLEDGE/EXPERIENCE,FAILING TO REDUCE SPEED,0,0,0,0,20,3,12,145,CALIFORNIA AVE,41.972542,-87.806359,12/14/2021 10:23:00 PM,2021
CR00039851,08/19/2017 10:14:00 AM,15,CLEAR,DARKNESS,SIDESWIPE SAME DIRECTION,NOT DIVIDED,NO CONTROLS,UNABLE TO DETERMINE,FAILING TO REDUCE SPEED,0,0,0,0,10,7,8,775,DAMEN AVE,41.891309,-87.731597,08/19/2017 11:21:00 AM,2017
CR00039852,09/04/2024 05:50:00 PM,30,CLOUDY/OVERCAST,DARKNESS - LIGHTED ROAD,SIDESWIPE SAME DIRECTION,DIVIDED - W/MEDIAN (NOT RAISED),UNKNOWN,DISTRACTION - FROM INSIDE VEHICLE,NOT APPLICABLE,0,0,0,0,17,4,9,1120,CICERO AVE,41.705886,-87.764678,09/04/2024 06:45:00 PM,2024
CR00039853,09/11/2021 10:09:00 AM,35,CLEAR,DARKNESS - LIGHTED ROAD,REAR END,DIVIDED - W/MEDIAN (NOT RAISED),NO CONTROLS,DISTRACTION - FROM INSIDE VEHICLE,WEATHER,0,1,2,3,10,7,9,700,47TH ST,41.934007,-87.749547,09/11/2021 11:03:00 AM,2021
CR00039854,08/30/2023 10:27:00 AM,15,SNOW,DARKNESS - LIGHTED ROAD,ANGLE,ONE-WAY,TRAFFIC SIGNAL,UNABLE TO DETERMINE,UNABLE TO DETERMINE,0,0,0,0,10,4,8,1771,CLARK ST,41.784877,-87.613605,08/30/2023 10:40:00 AM,2023
CR00039855,04/23/2021 08:35:00 AM,20,CLEAR,DAYLIGHT,REAR END,FOUR WAY,STOP SIGN/FLASHER,UNABLE TO DETERMINE,UNABLE TO DETERMINE,0,0,0,0,8,6,4,312,DIVISION ST,41.734063,-87.578316,04/23/2021 09:50:00 AM,2021
CR00039856,08/04/2023 07:08:00 AM,20,RAIN,DAYLIGHT,REAR TO FRONT,NOT DIVIDED,NO CONTROLS,FAILING TO REDUCE SPEED,DRIVING SKILLS/KNOWLEDGE/EXPERIENCE,0,0,0,0,7,6,8,2375,PULASKI RD,41.751314,-87.701432,08/04/2023 07:18:00 AM,2023
CR00039857,08/28/2020 03:53:00 PM,15,CLOUDY/OVERCAST,DAYLIGHT,ANGLE,DIVIDED - W/MEDIAN (NOT RAISED),TRAFFIC SIGNAL,DISREGARDING TRAFFIC SIGNALS,DISREGARDING TRAFFIC SIGNALS,0,0,3,3,15,6,8,1039,HALSTED ST,41.775222,-87.772395,08/28/2020 04:58:00 PM,2020
CR00039858,08/06/2017 06:09:00 PM,20,CLEAR,DAYLIGHT,REAR TO FRONT,NOT DIVIDED,TRAFFIC SIGNAL,UNABLE TO DETERMINE,FAILING TO YIELD RIGHT-OF-WAY,0,0,0,0,18,1,8,592,CALIFORNIA AVE,41.768672,-87.580481,08/06/2017 07:58:00 PM,2017
CR00039859,05/07/2015 07:55:00 PM,40,SNOW,DAYLIGHT,SIDESWIPE SAME DIRECTION,DIVIDED - W/MEDIAN (NOT RAISED),NO CONTROLS,IMPROPER OVERTAKING/PASSING,DRIVING SKILLS/KNOWLEDGE/EXPERIENCE,0,0,0,0,19,5,5,1339,IRVING PARK RD,41.70339,-87.786288,05/07/2015 08:06:00 PM,2015
CR00039860,01/23/2019 02:48:00 PM,25,CLEAR,DAYLIGHT,REAR END,T-INTERSECTION,NO CONTROLS,UNABLE TO DETERMINE,WEATHER,0,0,0,0,14,4,1,1435,PULASKI RD,41.711421,-87.501369,01/23/2019 03:33:00 PM,2019
CR00039861,06/02/2020 07:55:00 AM,30,CLEAR,DAYLIGHT,ANGLE,NOT DIVIDED,STOP SIGN/FLASHER,FOLLOWING TOO CLOSELY,NOT APPLICABLE,0,0,0,0,7,3,6,598,ASHLAND AVE,41.9503,-87.586697,06/02/2020 08:49:00 AM,2020
CR00039862,09/09/2021 12:13:00 PM,40,RAIN,DARKNESS,REAR END,NOT DIVIDED,TRAFFIC SIGNAL,IMPROPER LANE USAGE,FOLLOWING TOO CLOSELY,0,0,0,0,12,5,9,128,ELSTON AVE,41.921205,-87.842236,09/09/2021 01:49:00 PM,2021
CR00039863,12/31/2018 03:01:00 PM,30,CLEAR,DARKNESS - LIGHTED ROAD,REAR END,DIVIDED - W/MEDIAN (NOT RAISED),NO CONTROLS,UNABLE TO DETERMINE,FOLLOWING TOO CLOSELY,0,0,0,0,15,2,12,983,ELSTON AVE,41.757889,-87.814019,12/31/2018 04:23:00 PM,2018
CR00039864,07/12/2015 04:37:00 PM,30,FREEZING RAIN/DRIZZLE,DAYLIGHT,FIXED OBJECT,ONE-WAY,NO CONTROLS,IMPROPER OVERTAKING/PASSING,UNABLE TO DETERMINE,0,0,1,1,16,1,7,721,IRVING PARK RD,41.782123,-87.730728,07/12/2015 05:48:00 PM,2015
CR00039865,09/02/2015 12:40:00 PM,30,RAIN,DAYLIGHT,ANGLE,FOUR WAY,NO CONTROLS,FOLLOWING TOO CLOSELY,DISTRACTION - FROM INSIDE VEHICLE,0,0,0,0,12,4,9,2410,LAKE SHORE DR,41.910837,-87.598849,09/02/2015 02:17:00 PM,2015
CR00039866,07/30/2021 09:46:00 AM,15,CLEAR,DAYLIGHT,REAR END,NOT DIVIDED,TRAFFIC SIGNAL,UNABLE TO DETERMINE,IMPROPER OVERTAKING/PASSING,0,0,0,0,9,6,7,1876,63RD ST,41.832262,-87.541048,07/30/2021 09:47:00 AM,2021
CR00039867,02/25/2023 04:34:00 PM,25,CLEAR,DAYLIGHT,SIDESWIPE SAME DIRECTION,ONE-WAY,NO CONTROLS,IMPROPER OVERTAKING/PASSING,IMPROPER OVERTAKING/PASSING,0,0,1,1,16,7,2,2243,ELSTON AVE,41.942719,-87.842405,02/25/2023 05:33:00 PM,2023
CR00039868,07/27/2017 12:28:00 AM,40,CLEAR,DARKNESS,TURNING,DIVIDED - W/MEDIAN (NOT RAISED),NO CONTROLS,WEATHER,NOT APPLICABLE,0,0,0,0,0,5,7,440,KEDZIE AVE,41.759282,-87.6486,07/27/2017 01:34:00 AM,2017
CR00039869,01/09/2017 08:44:00 AM,30,CLEAR,DAYLIGHT,REAR END,NOT DIVIDED,TRAFFIC SIGNAL,UNABLE TO DETERMINE,NOT APPLICABLE,0,0,1,1,8,2,1,2269,STONY ISLAND AVE,41.970259,-87.657523,01/09/2017 08:57:00 AM,2017
CR00039870,07/01/2021 07:00:00 PM,20,CLEAR,DAYLIGHT,REAR END,DIVIDED - W/MEDIAN (NOT RAISED),NO CONTROLS,DISREGARDING TRAFFIC SIGNALS,UNABLE TO DETERMINE,0,0,0,0,19,5,7,496,ROOSEVELT RD,41.881814,-87.747839,07/01/2021 07:16:00 PM,2021
CR00039871,01/02/2015 07:03:00 PM,15,CLEAR,DAYLIGHT,REAR END,NOT DIVIDED,NO CONTROLS,FOLLOWING TOO CLOSELY,DRIVING SKILLS/KNOWLEDGE/EXPERIENCE,0,0,0,0,19,6,1,317,FULLERTON AVE,41.944594,-87.515713,01/02/2015 08:36:00 PM,2015
CR00039872,09/30/2023 10:46:00 AM,30,CLEAR,DAYLIGHT,REAR END,FOUR WAY,NO CONTROLS,IMPROPER OVERTAKING/PASSING,FAILING TO YIELD RIGHT-OF-WAY,0,0,0,0,10,7,9,217,ARCHER AVE,41.905571,-87.673821,09/30/2023 12:07:00 PM,2023
CR00039873,08/15/2015 11:04:00 AM,45,SNOW,DAYLIGHT,TURNING,NOT DIVIDED,TRAFFIC SIGNAL,UNABLE TO DETERMINE,UNABLE TO DETERMINE,0,0,2,2,11,7,8,2063,CALIFORNIA AVE,41.936471,-87.658166,08/15/2015 12:29:00 PM,2015
CR00039874,05/20/2021 12:50:00 PM,40,CLEAR,DAYLIGHT,PEDESTRIAN,NOT DIVIDED,TRAFFIC SIGNAL,FOLLOWING TOO CLOSELY,FOLLOWING TOO CLOSELY,0,0,0,0,12,5,5,899,DIVISION ST,41.730052,-87.822222,05/20/2021 01:35:00 PM,2021
CR00039875,01/08/2020 01:23:00 AM,25,CLEAR,DAYLIGHT,TURNING,NOT DIVIDED,TRAFFIC SIGNAL,FOLLOWING TOO CLOSELY,FAILING TO YIELD RIGHT-OF-WAY,0,0,0,0,1,4,1,1429,MILWAUKEE AVE,41.733404,-87.849838,01/08/2020 02:43:00 AM,2020
CR00039876,10/18/2019 05:08:00 PM,40,FOG/SMOKE/HAZE,DAYLIGHT,REAR TO FRONT,FOUR WAY,STOP SIGN/FLASHER,DISREGARDING TRAFFIC SIGNALS,FAILING TO REDUCE SPEED,0,0,0,0,17,6,10,420,DIVISION ST,41.981215,-87.550868,10/18/2019 07:00:00 PM,2019
CR00039877,09/20/2016 05:56:00 PM,30,CLEAR,DAYLIGHT,REAR END,ONE-WAY,PEDESTRIAN CROSSING SIGN,IMPROPER OVERTAKING/PASSING,UNABLE TO DETERMINE,0,0,0,0,17,3,9,1247,IRVING PARK RD,41.852965,-87.607377,09/20/2016 07:09:00 PM,2016
CR00039878,07/19/2024 08:34:00 AM,40,CLEAR,DAWN,PARKED MOTOR VEHICLE,DIVIDED - W/MEDIAN (NOT RAISED),NO CONTROLS,DRIVING SKILLS/KNOWLEDGE/EXPERIENCE,UNABLE TO DETERMINE,0,0,3,3,8,6,7,634,STONY ISLAND AVE,41.910418,-87.817782,07/19/2024 09:42:00 AM,2024
CR00039879,09/14/2020 06:18:00 AM,15,CLEAR,DAYLIGHT,ANGLE,NOT DIVIDED,NO CONTROLS,UNABLE TO DETERMINE,UNABLE TO DETERMINE,0,0,0,0,6,2,9,322,OGDEN AVE,41.703261,-87.593571,09/14/2020 07:46:00 AM,2020
CR00039880,10/18/2015 07:29:00 PM,30,CLEAR,DAYLIGHT,REAR END,NOT DIVIDED,NO CONTROLS,FOLLOWING TOO CLOSELY,UNABLE TO DETERMINE,0,0,0,0,19,1,10,1311,79TH ST,41.91028,-87.710391,10/18/2015 09:03:00 PM,2015
CR00039881,07/09/2021 05:39:00 AM,20,CLEAR,DAYLIGHT,SIDESWIPE SAME DIRECTION,ONE-WAY,NO CONTROLS,WEATHER,FOLLOWING TOO CLOSELY,0,0,0,0,5,6,7,491,KEDZIE AVE,41.778335,-87.657498,07/09/2021 07:26:00 AM,2021
CR00039882,06/23/2018 08:25:00 AM,35,CLEAR,DAYLIGHT,PARKED MOTOR VEHICLE,DIVIDED - W/MEDIAN (NOT RAISED),STOP SIGN/FLASHER,UNABLE TO DETERMINE,IMPROPER OVERTAKING/PASSING,0,0,0,0,8,7,6,843,ASHLAND AVE,41.752381,-87.516113,06/23/2018 08:53:00 AM,2018
CR00039883,12/06/2018 02:14:00 PM,30,CLOUDY/OVERCAST,DAYLIGHT,SIDESWIPE SAME DIRECTION,NOT DIVIDED,YIELD,DISREGARDING TRAFFIC SIGNALS,UNABLE TO DETERMINE,0,0,0,0,14,5,12,1523,DIVISION ST,41.74749,-87.719085,12/06/2018 02:15:00 PM,2018
CR00039884,11/22/2017 08:40:00 AM,35,CLEAR,DAYLIGHT,ANGLE,FOUR WAY,NO CONTROLS,IMPROPER LANE USAGE,IMPROPER LANE USAGE,0,0,0,0,8,4,11,1279,DAMEN AVE,41.883144,-87.761834,11/22/2017 09:41:00 AM,2017
CR00039885,05/10/2017 01:28:00 AM,30,CLEAR,DARKNESS - LIGHTED ROAD,REAR END,DIVIDED - W/MEDIAN BARRIER,TRAFFIC SIGNAL,FAILING TO YIELD RIGHT-OF-WAY,NOT APPLICABLE,0,0,0,0,1,4,5,691,KEDZIE AVE,41.748428,-87.665897,05/10/2017 03:13:00 AM,2017
CR00039886,07/25/2022 07:53:00 AM,30,CLEAR,DARKNESS - LIGHTED ROAD,ANGLE,ONE-WAY,STOP SIGN/FLASHER,FAILING TO YIELD RIGHT-OF-WAY,NOT APPLICABLE,0,0,2,2,7,2,7,446,79TH ST,41.97908,-87.544376,07/25/2022 08:39:00 AM,2022
CR00039887,02/19/2021 07:26:00 AM,30,CLEAR,DARKNESS - LIGHTED ROAD,TURNING,NOT DIVIDED,UNKNOWN,DRIVING SKILLS/KNOWLEDGE/EXPERIENCE,IMPROPER LANE USAGE,0,0,0,0,7,6,2,1949,HALSTED ST,41.764365,-87.584238,02/19/2021 07:57:00 AM,2021
CR00039888,05/09/2016 09:15:00 AM,15,CLEAR,DAWN,REAR END,NOT DIVIDED,PEDESTRIAN CROSSING SIGN,FAILING TO REDUCE SPEED,NOT APPLICABLE,0,0,0,0,9,2,5,440,LAKE SHORE DR,41.746524,-87.596617,05/09/2016 10:16:00 AM,2016
CR00039889,01/09/2016 06:55:00 PM,35,CLOUDY/OVERCAST,DAYLIGHT,ANGLE,ONE-WAY,NO CONTROLS,FAILING TO YIELD RIGHT-OF-WAY,FOLLOWING TOO CLOSELY,0,0,0,0,18,7,1,1763,CALIFORNIA AVE,41.871079,-87.510718,01/09/2016 07:39:00 PM,2016
CR00039890,10/24/2022 06:48:00 PM,35,RAIN,DUSK,ANGLE,DIVIDED - W/MEDIAN BARRIER,NO CONTROLS,DISTRACTION - FROM INSIDE VEHICLE,IMPROPER LANE USAGE,0,0,0,0,18,2,10,629,79TH ST,41.95787,-87.571081,10/24/2022 08:35:00 PM,2022
CR00039891,12/06/2017 08:19:00 AM,15,CLEAR,DUSK,ANGLE,DIVIDED - W/MEDIAN (NOT RAISED),NO CONTROLS,IMPROPER OVERTAKING/PASSING,UNABLE TO DETERMINE,0,0,0,0,8,4,12,2122,LAKE SHORE DR,41.987567,-87.576592,12/06/2017 09:25:00 AM,2017
CR00039892,06/13/2021 04:42:00 PM,35,CLEAR,DARKNESS - LIGHTED ROAD,REAR END,ONE-WAY,NO CONTROLS,IMPROPER OVERTAKING/PASSING,UNABLE TO DETERMINE,0,0,0,0,16,1,6,520,CALIFORNIA AVE,41.715039,-87.598051,06/13/2021 05:11:00 PM,2021
CR00039893,09/22/2023 04:19:00 AM,15,CLEAR,DAYLIGHT,REAR END,DIVIDED - W/MEDIAN (NOT RAISED),NO CONTROLS,WEATHER,NOT APPLICABLE,0,0,3,3,4,6,9,552,MICHIGAN AVE,41.789928,-87.677606,09/22/2023 04:43:00 AM,2023
CR00039894,03/31/2021 01:39:00 PM,40,CLEAR,DAYLIGHT,PARKED MOTOR VEHICLE,DIVIDED - W/MEDIAN BARRIER,STOP SIGN/FLASHER,UNABLE TO DETERMINE,UNABLE TO DETERMINE,0,0,0,0,13,4,3,2461,DAMEN AVE,41.949761,-87.658895,03/31/2021 02:24:00 PM,2021
CR00039895,04/22/2022 11:50:00 AM,25,CLEAR,DAYLIGHT,ANGLE,NOT DIVIDED,NO CONTROLS,FAILING TO YIELD RIGHT-OF-WAY,FAILING TO YIELD RIGHT-OF-WAY,0,0,0,0,11,6,4,1792,HALSTED ST,41.762691,-87.507367,04/22/2022 01:44:00 PM,2022
CR00039896,06/23/2018 08:13:00 AM,40,CLEAR,DAYLIGHT,REAR END,FOUR WAY,UNKNOWN,IMPROPER OVERTAKING/PASSING,DISTRACTION - FROM INSIDE VEHICLE,0,0,0,0,8,7,6,1566,ASHLAND AVE,41.889699,-87.53339,06/23/2018 08:44:00 AM,2018
CR00039897,11/10/2015 03:42:00 AM,35,CLEAR,DAYLIGHT,TURNING,FOUR WAY,UNKNOWN,FOLLOWING TOO CLOSELY,UNABLE TO DETERMINE,0,0,0,0,3,3,11,2028,63RD ST,41.891594,-87.790103,11/10/2015 04:24:00 AM,2015
CR00039898,04/29/2016 04:06:00 AM,25,CLEAR,DARKNESS - LIGHTED ROAD,TURNING,DIVIDED - W/MEDIAN (NOT RAISED),NO CONTROLS,DISTRACTION - FROM INSIDE VEHICLE,IMPROPER OVERTAKING/PASSING,0,0,0,0,4,6,4,1367,63RD ST,41.980475,-87.536155,04/29/2016 05:15:00 AM,2016
CR00039899,11/13/2021 11:35:00 AM,30,RAIN,DARKNESS - LIGHTED ROAD,REAR END,NOT DIVIDED,NO CONTROLS,FOLLOWING TOO CLOSELY,UNABLE TO DETERMINE,0,0,0,0,11,7,11,2228,BROADWAY,41.751371,-87.674088,11/13/2021 12:37:00 PM,2021
CR00039900,08/31/2021 08:43:00 PM,45,CLEAR,DAYLIGHT,FIXED OBJECT,ONE-WAY,NO CONTROLS,UNABLE TO DETERMINE,DISTRACTION - FROM INSIDE VEHICLE,0,0,0,0,20,3,8,1909,STONY ISLAND AVE,41.814138,-87.672476,08/31/2021 09:18:00 PM,2021
CR00039901,12/17/2024 09:02:00 PM,30,CLEAR,DAYLIGHT,TURNING,NOT DIVIDED,NO CONTROLS,FOLLOWING TOO CLOSELY,UNABLE TO DETERMINE,0,0,0,0,21,3,12,1096,WESTERN AVE,41.82799,-87.666093,12/17/2024 10:49:00 PM,2024
CR00039902,06/08/2021 07:57:00 PM,40,CLOUDY/OVERCAST,DARKNESS - LIGHTED ROAD,TURNING,DIVIDED - W/MEDIAN BARRIER,STOP SIGN/FLASHER,IMPROPER OVERTAKING/PASSING,FAILING TO YIELD RIGHT-OF-WAY,0,0,0,0,19,3,6,1651,ARCHER AVE,41.968328,-87.836546,06/08/2021 09:27:00 PM,2021
CR00039903,03/09/2018 08:29:00 AM,35,CLEAR,DARKNESS - LIGHTED ROAD,TURNING,ONE-WAY,UNKNOWN,IMPROPER OVERTAKING/PASSING,FOLLOWING TOO CLOSELY,0,2,0,2,8,6,3,2460,CALIFORNIA AVE,41.746541,-87.528895,03/09/2018 09:07:00 AM,2018
CR00039904,04/13/2017 07:25:00 AM,40,CLOUDY/OVERCAST,DAYLIGHT,TURNING,FOUR WAY,TRAFFIC SIGNAL,UNABLE TO DETERMINE,FOLLOWING TOO CLOSELY,0,0,0,0,7,5,4,966,CICERO AVE,41.912077,-87.671793,04/13/2017 08:45:00 AM,2017
CR00039905,10/06/2016 08:43:00 AM,35,CLEAR,DAYLIGHT,SIDESWIPE SAME DIRECTION,NOT DIVIDED,UNKNOWN,WEATHER,FAILING TO YIELD RIGHT-OF-WAY,0,0,0,0,8,5,10,2487,FULLERTON AVE,41.832746,-87.834219,10/06/2016 10:26:00 AM,2016
CR00039906,12/16/2019 08:53:00 AM,30,CLEAR,DAYLIGHT,ANGLE,T-INTERSECTION,STOP SIGN/FLASHER,UNABLE TO DETERMINE,DRIVING SKILLS/KNOWLEDGE/EXPERIENCE,0,0,1,1,8,2,12,244,ROOSEVELT RD,41.952485,-87.616497,12/16/2019 09:23:00 AM,2019
CR00039907,04/10/2015 03:56:00 PM,30,CLEAR,DARKNESS,PARKED MOTOR VEHICLE,ONE-WAY,NO CONTROLS,FAILING TO YIELD RIGHT-OF-WAY,FOLLOWING TOO CLOSELY,0,0,0,0,15,6,4,1618,WESTERN AVE,41.988513,-87.70251,04/10/2015 05:53:00 PM,2015
CR00039908,06/15/2022 08:05:00 PM,25,RAIN,DAYLIGHT,SIDESWIPE SAME DIRECTION,NOT DIVIDED,NO CONTROLS,DISREGARDING TRAFFIC SIGNALS,DISREGARDING TRAFFIC SIGNALS,0,0,0,0,20,4,6,2484,STATE ST,41.785479,-87.517357,06/15/2022 09:00:00 PM,2022
CR00039909,01/17/2016 12:16:00 PM,25,CLEAR,DAYLIGHT,SIDESWIPE SAME DIRECTION,NOT DIVIDED,TRAFFIC SIGNAL,IMPROPER OVERTAKING/PASSING,FOLLOWING TOO CLOSELY,0,0,0,0,12,1,1,642,KEDZIE AVE,41.725305,-87.809605,01/17/2016 01:37:00 PM,2016
CR00039910,09/07/2024 03:05:00 PM,40,CLEAR,DAYLIGHT,REAR END,T-INTERSECTION,UNKNOWN,UNABLE TO DETERMINE,UNABLE TO DETERMINE,0,0,0,0,15,7,9,782,CICERO AVE,41.712469,-87.568464,09/07/2024 05:00:00 PM,2024
CR00039911,09/05/2019 11:00:00 PM,45,CLEAR,DUSK,PARKED MOTOR VEHICLE,ONE-WAY,TRAFFIC SIGNAL,IMPROPER OVERTAKING/PASSING,NOT APPLICABLE,0,0,0,0,23,5,9,697,MILWAUKEE AVE,41.986849,-87.752538,09/06/2019 12:05:00 AM,2019
CR00039912,06/11/2018 06:22:00 PM,30,CLEAR,DAYLIGHT,PARKED MOTOR VEHICLE,NOT DIVIDED,NO CONTROLS,DISTRACTION - FROM INSIDE VEHICLE,IMPROPER OVERTAKING/PASSING,0,0,0,0,18,2,6,2160,KEDZIE AVE,41.784003,-87.749431,06/11/2018 07:36:00 PM,2018
CR00039913,02/12/2020 01:55:00 PM,45,CLEAR,DAYLIGHT,PARKED MOTOR VEHICLE,T-INTERSECTION,NO CONTROLS,IMPROPER OVERTAKING/PASSING,DISREGARDING TRAFFIC SIGNALS,0,0,0,0,13,4,2,1653,BROADWAY,41.713806,-87.503632,02/12/2020 03:16:00 PM,2020
CR00039914,08/26/2024 04:08:00 PM,35,FREEZING RAIN/DRIZZLE,DAYLIGHT,REAR END,NOT DIVIDED,NO CONTROLS,UNABLE TO DETERMINE,DRIVING SKILLS/KNOWLEDGE/EXPERIENCE,0,0,0,0,16,2,8,1249,KEDZIE AVE,41.927496,-87.679603,08/26/2024 05:17:00 PM,2024
CR00039915,08/03/2017 07:12:00 PM,40,CLEAR,DARKNESS - LIGHTED ROAD,REAR END,NOT DIVIDED,NO CONTROLS,FAILING TO REDUCE SPEED,UNABLE TO DETERMINE,0,0,0,0,19,5,8,1559,KEDZIE AVE,41.80849,-87.683995,08/03/2017 08:20:00 PM,2017
CR00039916,03/05/2020 05:22:00 PM,35,CLEAR,DARKNESS - LIGHTED ROAD,TURNING,NOT DIVIDED,TRAFFIC SIGNAL,FAILING TO YIELD RIGHT-OF-WAY,UNABLE TO DETERMINE,0,0,0,0,17,5,3,1728,CALIFORNIA AVE,41.769818,-87.522067,03/05/2020 06:15:00 PM,2020
CR00039917,08/04/2023 06:05:00 PM,25,RAIN,DAYLIGHT,REAR END,DIVIDED - W/MEDIAN (NOT RAISED),TRAFFIC SIGNAL,UNABLE TO DETERMINE,UNABLE TO DETERMINE,0,0,0,0,18,6,8,2027,CALIFORNIA AVE,41.776697,-87.606062,08/04/2023 07:19:00 PM,2023
CR00039918,07/16/2022 01:48:00 PM,45,CLEAR,DAYLIGHT,TURNING,DIVIDED - W/MEDIAN (NOT RAISED),NO CONTROLS,UNABLE TO DETERMINE,FAILING TO YIELD RIGHT-OF-WAY,0,0,0,0,13,7,7,2230,WESTERN AVE,41.887301,-87.663976,07/16/2022 03:22:00 PM,2022