CRASH_RECORD_ID,CRASH_DATE,POSTED_SPEED_LIMIT,WEATHER_CONDITION,LIGHTING_CONDITION,FIRST_CRASH_TYPE,TRAFFICWAY_TYPE,TRAFFIC_CONTROL_DEVICE,PRIM_CONTRIBUTORY_CAUSE,SEC_CONTRIBUTORY_CAUSE,INJURIES_FATAL,INJURIES_INCAPACITATING,INJURIES_NON_INCAPACITATING,INJURIES_TOTAL,CRASH_HOUR,CRASH_DAY_OF_WEEK,CRASH_MONTH,BEAT_OF_OCCURRENCE,STREET_NAME,LATITUDE,LONGITUDE,DATE_POLICE_NOTIFIED,year
CR00039919,11/28/2020 03:12:00 AM,25,CLEAR,DARKNESS - LIGHTED ROAD,ANGLE,DIVIDED - W/MEDIAN (NOT RAISED),UNKNOWN,DISREGARDING TRAFFIC SIGNALS,UNABLE TO DETERMINE,0,1,0,1,3,7,11,495,MILWAUKEE AVE,41.756751,-87.63063,11/28/2020 04:33:00 AM,2020
CR00039920,04/03/2018 09:09:00 AM,20,CLOUDY/OVERCAST,DAYLIGHT,TURNING,DIVIDED - W/MEDIAN (NOT RAISED),NO CONTROLS,FAILING TO YIELD RIGHT-OF-WAY,DISREGARDING TRAFFIC SIGNALS,0,0,0,0,9,3,4,283,BROADWAY,41.80787,-87.576378,04/03/2018 10:55:00 AM,2018
CR00039921,03/25/2016 07:27:00 AM,35,CLEAR,DAYLIGHT,REAR END,DIVIDED - W/MEDIAN (NOT RAISED),TRAFFIC SIGNAL,IMPROPER OVERTAKING/PASSING,NOT APPLICABLE,0,0,0,0,7,6,3,476,LAKE SHORE DR,41.763845,-87.564363,03/25/2016 09:13:00 AM,2016
CR00039922,05/12/2023 11:35:00 AM,20,CLEAR,DAYLIGHT,SIDESWIPE SAME DIRECTION,NOT DIVIDED,NO CONTROLS,FOLLOWING TOO CLOSELY,UNABLE TO DETERMINE,0,0,0,0,11,6,5,871,63RD ST,41.72052,-87.69806,05/12/2023 01:05:00 PM,2023
CR00039923,03/23/2015 09:55:00 AM,25,CLEAR,DARKNESS - LIGHTED ROAD,SIDESWIPE SAME DIRECTION,NOT DIVIDED,TRAFFIC SIGNAL,UNABLE TO DETERMINE,FAILING TO REDUCE SPEED,0,0,0,0,9,2,3,1717,KEDZIE AVE,41.882618,-87.582801,03/23/2015 11:17:00 AM,2015
CR00039924,03/04/2020 07:21:00 PM,30,RAIN,DARKNESS - LIGHTED ROAD,REAR END,ONE-WAY,STOP SIGN/FLASHER,FOLLOWING TOO CLOSELY,IMPROPER LANE USAGE,0,0,0,0,19,4,3,1975,CALIFORNIA AVE,41.964989,-87.730779,03/04/2020 08:59:00 PM,2020
CR00039925,08/18/2019 02:46:00 AM,45,CLEAR,DARKNESS,REAR END,NOT DIVIDED,TRAFFIC SIGNAL,IMPROPER LANE USAGE,DISREGARDING TRAFFIC SIGNALS,0,0,0,0,2,1,8,328,STATE ST,41.931673,-87.507078,08/18/2019 03:06:00 AM,2019
CR00039926,05/21/2023 03:30:00 AM,30,CLEAR,DARKNESS,REAR END,NOT DIVIDED,NO CONTROLS,FOLLOWING TOO CLOSELY,FAILING TO YIELD RIGHT-OF-WAY,0,0,0,0,3,1,5,1242,MILWAUKEE AVE,41.780311,-87.577831,05/21/2023 05:15:00 AM,2023
CR00039927,09/09/2023 10:51:00 PM,30,CLEAR,DAWN,REAR END,NOT DIVIDED,STOP SIGN/FLASHER,FOLLOWING TOO CLOSELY,FAILING TO REDUCE SPEED,0,0,0,0,22,7,9,1878,ASHLAND AVE,41.838245,-87.749424,09/10/2023 12:02:00 AM,2023
CR00039928,09/10/2019 11:31:00 AM,35,CLEAR,DAYLIGHT,FIXED OBJECT,DIVIDED - W/MEDIAN (NOT RAISED),STOP SIGN/FLASHER,IMPROPER OVERTAKING/PASSING,UNABLE TO DETERMINE,0,0,1,1,11,3,9,144,MILWAUKEE AVE,41.750694,-87.53055,09/10/2019 12:37:00 PM,2019
CR00039929,05/09/2017 05:50:00 PM,35,CLEAR,DUSK,ANGLE,FOUR WAY,TRAFFIC SIGNAL,FAILING TO YIELD RIGHT-OF-WAY,DRIVING SKILLS/KNOWLEDGE/EXPERIENCE,0,0,1,1,17,3,5,2332,WESTERN AVE,41.80337,-87.668438,05/09/2017 06:53:00 PM,2017
CR00039930,10/09/2017 05:14:00 PM,35,CLEAR,DAYLIGHT,TURNING,ONE-WAY,NO CONTROLS,UNABLE TO DETERMINE,NOT APPLICABLE,0,2,0,2,17,2,10,173,CICERO AVE,41.948749,-87.576978,10/09/2017 06:42:00 PM,2017
CR00039931,09/28/2018 02:55:00 PM,40,CLOUDY/OVERCAST,DARKNESS - LIGHTED ROAD,SIDESWIPE SAME DIRECTION,FOUR WAY,YIELD,UNABLE TO DETERMINE,UNABLE TO DETERMINE,0,0,0,0,14,6,9,1134,ROOSEVELT RD,41.885233,-87.666718,09/28/2018 04:10:00 PM,2018
CR00039932,10/20/2023 03:08:00 PM,35,CLEAR,DAYLIGHT,SIDESWIPE SAME DIRECTION,NOT DIVIDED,NO CONTROLS,UNABLE TO DETERMINE,UNABLE TO DETERMINE,0,1,1,2,15,6,10,413,CALIFORNIA AVE,41.718508,-87.648818,10/20/2023 03:55:00 PM,2023
CR00039933,06/07/2015 08:30:00 PM,30,CLEAR,DARKNESS - LIGHTED ROAD,PARKED MOTOR VEHICLE,ONE-WAY,UNKNOWN,FOLLOWING TOO CLOSELY,FOLLOWING TOO CLOSELY,0,0,0,0,20,1,6,1005,IRVING PARK RD,41.774667,-87.805351,06/07/2015 10:14:00 PM,2015
CR00039934,06/11/2019 05:00:00 AM,35,CLEAR,DAYLIGHT,REAR END,DIVIDED - W/MEDIAN BARRIER,STOP SIGN/FLASHER,FOLLOWING TOO CLOSELY,UNABLE TO DETERMINE,0,0,0,0,5,3,6,676,MILWAUKEE AVE,41.794596,-87.512034,06/11/2019 05:20:00 AM,2019
CR00039935,10/29/2021 09:11:00 PM,35,CLEAR,DAYLIGHT,SIDESWIPE SAME DIRECTION,DIVIDED - W/MEDIAN (NOT RAISED),TRAFFIC SIGNAL,UNABLE TO DETERMINE,FAILING TO REDUCE SPEED,0,0,1,1,21,6,10,141,KEDZIE AVE,41.743269,-87.758557,10/29/2021 10:57:00 PM,2021
CR00039936,07/21/2020 10:01:00 AM,15,SNOW,DAYLIGHT,REAR END,DIVIDED - W/MEDIAN (NOT RAISED),NO CONTROLS,IMPROPER OVERTAKING/PASSING,UNABLE TO DETERMINE,0,0,0,0,10,3,7,2166,WESTERN AVE,41.933309,-87.81132,07/21/2020 11:32:00 AM,2020
CR00039937,04/29/2015 06:04:00 AM,30,CLEAR,DAYLIGHT,REAR END,FOUR WAY,STOP SIGN/FLASHER,UNABLE TO DETERMINE,IMPROPER OVERTAKING/PASSING,0,2,1,3,6,4,4,236,CLARK ST,41.959901,-87.580613,04/29/2015 07:49:00 AM,2015
CR00039938,02/09/2023 07:54:00 PM,30,CLEAR,DAYLIGHT,REAR TO FRONT,DIVIDED - W/MEDIAN (NOT RAISED),NO CONTROLS,FAILING TO YIELD RIGHT-OF-WAY,UNABLE TO DETERMINE,0,0,0,0,19,5,2,915,PULASKI RD,41.782868,-87.678631,02/09/2023 09:34:00 PM,2023
CR00039939,05/29/2017 12:26:00 PM,30,CLEAR,DARKNESS - LIGHTED ROAD,TURNING,NOT DIVIDED,TRAFFIC SIGNAL,UNABLE TO DETERMINE,IMPROPER OVERTAKING/PASSING,0,0,0,0,12,2,5,520,CALIFORNIA AVE,41.784686,-87.738175,05/29/2017 02:10:00 PM,2017
CR00039940,07/03/2019 03:27:00 AM,35,RAIN,DAYLIGHT,REAR END,NOT DIVIDED,NO CONTROLS,FOLLOWING TOO CLOSELY,DISTRACTION - FROM INSIDE VEHICLE,0,0,0,0,3,4,7,1225,ROOSEVELT RD,41.883362,-87.728509,07/03/2019 05:12:00 AM,2019
CR00039941,10/19/2017 07:58:00 AM,30,CLEAR,DARKNESS - LIGHTED ROAD,TURNING,DIVIDED - W/MEDIAN BARRIER,TRAFFIC SIGNAL,IMPROPER LANE USAGE,UNABLE TO DETERMINE,0,0,0,0,7,5,10,2449,ASHLAND AVE,41.732526,-87.742523,10/19/2017 09:51:00 AM,2017
CR00039942,01/11/2020 08:33:00 AM,30,CLEAR,DAWN,REAR END,DIVIDED - W/MEDIAN BARRIER,STOP SIGN/FLASHER,FAILING TO YIELD RIGHT-OF-WAY,IMPROPER OVERTAKING/PASSING,0,0,0,0,8,7,1,817,DIVISION ST,41.912707,-87.601478,01/11/2020 09:58:00 AM,2020
CR00039943,07/30/2019 07:19:00 AM,35,CLEAR,DAYLIGHT,SIDESWIPE SAME DIRECTION,NOT DIVIDED,UNKNOWN,DRIVING SKILLS/KNOWLEDGE/EXPERIENCE,FAILING TO REDUCE SPEED,0,0,0,0,7,3,7,1480,ASHLAND AVE,41.800163,-87.561512,07/30/2019 08:28:00 AM,2019
CR00039944,08/11/2020 06:08:00 PM,15,RAIN,DARKNESS - LIGHTED ROAD,ANGLE,NOT DIVIDED,PEDESTRIAN CROSSING SIGN,DRIVING SKILLS/KNOWLEDGE/EXPERIENCE,NOT APPLICABLE,0,0,0,0,18,3,8,2500,IRVING PARK RD,41.834002,-87.800742,08/11/2020 07:08:00 PM,2020
CR00039945,12/28/2015 12:09:00 PM,15,CLEAR,DAYLIGHT,SIDESWIPE SAME DIRECTION,ONE-WAY,STOP SIGN/FLASHER,FAILING TO REDUCE SPEED,DRIVING SKILLS/KNOWLEDGE/EXPERIENCE,0,0,0,0,12,2,12,1835,OGDEN AVE,41.85959,-87.615393,12/28/2015 12:26:00 PM,2015
CR00039946,11/13/2016 10:44:00 AM,35,RAIN,DARKNESS - LIGHTED ROAD,TURNING,DIVIDED - W/MEDIAN (NOT RAISED),NO CONTROLS,UNABLE TO DETERMINE,DRIVING SKILLS/KNOWLEDGE/EXPERIENCE,0,0,0,0,10,1,11,1200,47TH ST,41.989007,-87.521042,11/13/2016 11:25:00 AM,2016
CR00039947,10/08/2020 04:51:00 AM,40,RAIN,DAYLIGHT,SIDESWIPE SAME DIRECTION,NOT DIVIDED,UNKNOWN,DRIVING SKILLS/KNOWLEDGE/EXPERIENCE,DISREGARDING TRAFFIC SIGNALS,0,0,0,0,4,5,10,303,STATE ST,41.758446,-87.836865,10/08/2020 05:45:00 AM,2020
CR00039948,03/03/2018 08:04:00 AM,45,CLEAR,DARKNESS - LIGHTED ROAD,REAR END,NOT DIVIDED,NO CONTROLS,FAILING TO YIELD RIGHT-OF-WAY,NOT APPLICABLE,0,0,0,0,8,7,3,2201,MILWAUKEE AVE,41.882737,-87.630727,03/03/2018 08:47:00 AM,2018
CR00039949,06/12/2018 05:34:00 PM,15,FREEZING RAIN/DRIZZLE,DARKNESS - LIGHTED ROAD,REAR END,FOUR WAY,NO CONTROLS,IMPROPER OVERTAKING/PASSING,UNABLE TO DETERMINE,0,0,1,1,17,3,6,2291,79TH ST,41.938953,-87.599287,06/12/2018 07:28:00 PM,2018
CR00039950,12/25/2015 04:44:00 PM,25,SNOW,DAYLIGHT,TURNING,DIVIDED - W/MEDIAN (NOT RAISED),STOP SIGN/FLASHER,UNABLE TO DETERMINE,UNABLE TO DETERMINE,0,0,0,0,16,6,12,1757,47TH ST,41.731509,-87.644669,12/25/2015 04:51:00 PM,2015
CR00039951,08/24/2020 10:30:00 AM,20,SNOW,DARKNESS - LIGHTED ROAD,TURNING,DIVIDED - W/MEDIAN (NOT RAISED),TRAFFIC SIGNAL,FOLLOWING TOO CLOSELY,UNABLE TO DETERMINE,0,0,0,0,10,2,8,1439,MILWAUKEE AVE,41.746395,-87.750498,08/24/2020 12:14:00 PM,2020
CR00039952,04/18/2018 07:03:00 AM,30,CLOUDY/OVERCAST,DARKNESS - LIGHTED ROAD,REAR END,NOT DIVIDED,TRAFFIC SIGNAL,FOLLOWING TOO CLOSELY,FAILING TO REDUCE SPEED,0,0,0,0,7,4,4,1785,79TH ST,41.918687,-87.581369,04/18/2018 08:35:00 AM,2018
CR00039953,04/04/2017 06:50:00 AM,35,CLOUDY/OVERCAST,DAYLIGHT,PEDESTRIAN,ONE-WAY,TRAFFIC SIGNAL,FAILING TO YIELD RIGHT-OF-WAY,NOT APPLICABLE,0,0,0,0,6,3,4,533,HALSTED ST,41.925842,-87.742103,04/04/2017 06:54:00 AM,2017
CR00039954,07/19/2021 08:14:00 PM,30,CLEAR,DAYLIGHT,TURNING,FOUR WAY,YIELD,DISTRACTION - FROM INSIDE VEHICLE,UNABLE TO DETERMINE,0,0,1,1,20,2,7,380,HALSTED ST,41.759846,-87.833899,07/19/2021 08:30:00 PM,2021
CR00039955,06/12/2018 09:15:00 AM,25,SNOW,DAYLIGHT,REAR END,DIVIDED - W/MEDIAN BARRIER,TRAFFIC SIGNAL,IMPROPER OVERTAKING/PASSING,UNABLE TO DETERMINE,0,0,0,0,9,3,6,2181,MICHIGAN AVE,41.72003,-87.54285,06/12/2018 10:50:00 AM,2018
CR00039956,07/29/2022 03:10:00 PM,40,CLEAR,DAYLIGHT,FIXED OBJECT,DIVIDED - W/MEDIAN BARRIER,NO CONTROLS,UNABLE TO DETERMINE,UNABLE TO DETERMINE,0,0,0,0,15,6,7,1421,47TH ST,41.991063,-87.573812,07/29/2022 04:22:00 PM,2022
CR00039957,04/17/2019 04:10:00 PM,25,CLOUDY/OVERCAST,DAYLIGHT,REAR END,DIVIDED - W/MEDIAN (NOT RAISED),STOP SIGN/FLASHER,FOLLOWING TOO CLOSELY,FOLLOWING TOO CLOSELY,0,0,0,0,16,4,4,2082,ROOSEVELT RD,41.743758,-87.830723,04/17/2019 04:26:00 PM,2019
CR00039958,03/30/2018 05:39:00 AM,20,SNOW,DAYLIGHT,TURNING,NOT DIVIDED,NO CONTROLS,UNABLE TO DETERMINE,DRIVING SKILLS/KNOWLEDGE/EXPERIENCE,0,0,0,0,5,6,3,1057,LAKE SHORE DR,41.912124,-87.751808,03/30/2018 05:42:00 AM,2018
CR00039959,05/30/2020 01:56:00 PM,45,CLEAR,DAYLIGHT,REAR END,NOT DIVIDED,STOP SIGN/FLASHER,UNABLE TO DETERMINE,UNABLE TO DETERMINE,0,0,0,0,13,7,5,1631,CALIFORNIA AVE,41.994064,-87.525481,05/30/2020 03:34:00 PM,2020
CR00039960,05/07/2015 03:40:00 PM,30,CLEAR,DARKNESS - LIGHTED ROAD,TURNING,NOT DIVIDED,STOP SIGN/FLASHER,UNABLE TO DETERMINE,FOLLOWING TOO CLOSELY,0,0,0,0,15,5,5,1430,CLARK ST,41.888436,-87.561788,05/07/2015 05:38:00 PM,2015
CR00039961,07/18/2017 01:11:00 PM,15,RAIN,DAYLIGHT,TURNING,NOT DIVIDED,NO CONTROLS,UNABLE TO DETERMINE,FOLLOWING TOO CLOSELY,0,0,0,0,13,3,7,2374,47TH ST,41.734112,-87.541352,07/18/2017 02:46:00 PM,2017
CR00039962,10/19/2019 05:06:00 PM,30,CLEAR,DUSK,SIDESWIPE SAME DIRECTION,NOT DIVIDED,NO CONTROLS,IMPROPER LANE USAGE,IMPROPER LANE USAGE,0,0,0,0,17,7,10,1265,DIVISION ST,41.857855,-87.547746,10/19/2019 05:33:00 PM,2019
CR00039963,10/07/2016 02:33:00 PM,30,SNOW,DARKNESS - LIGHTED ROAD,REAR TO FRONT,DIVIDED - W/MEDIAN (NOT RAISED),TRAFFIC SIGNAL,IMPROPER LANE USAGE,UNABLE TO DETERMINE,0,0,1,1,14,6,10,861,DIVISION ST,41.883744,-87.716809,10/07/2016 02:47:00 PM,2016
CR00039964,05/22/2018 05:07:00 PM,35,CLEAR,DARKNESS - LIGHTED ROAD,PARKED MOTOR VEHICLE,DIVIDED - W/MEDIAN (NOT RAISED),TRAFFIC SIGNAL,UNABLE TO DETERMINE,NOT APPLICABLE,0,0,0,0,17,3,5,2206,LAKE SHORE DR,41.92,-87.819589,05/22/2018 05:13:00 PM,2018
CR00039965,06/01/2024 06:12:00 PM,20,CLEAR,DARKNESS - LIGHTED ROAD,REAR TO FRONT,T-INTERSECTION,NO CONTROLS,UNABLE TO DETERMINE,IMPROPER OVERTAKING/PASSING,0,0,0,0,18,7,6,1793,ASHLAND AVE,41.923642,-87.664406,06/01/2024 08:05:00 PM,2024
CR00039966,01/06/2020 07:23:00 AM,45,CLEAR,DAYLIGHT,PARKED MOTOR VEHICLE,NOT DIVIDED,NO CONTROLS,FAILING TO YIELD RIGHT-OF-WAY,NOT APPLICABLE,0,0,0,0,7,2,1,722,63RD ST,41.730679,-87.808428,01/06/2020 07:33:00 AM,2020
CR00039967,11/19/2017 04:43:00 AM,35,CLEAR,DARKNESS - LIGHTED ROAD,TURNING,DIVIDED - W/MEDIAN (NOT RAISED),NO CONTROLS,FOLLOWING TOO CLOSELY,FOLLOWING TOO CLOSELY,0,0,0,0,4,1,11,688,47TH ST,41.763402,-87.566272,11/19/2017 05:20:00 AM,2017
CR00039968,07/25/2020 05:18:00 PM,30,SNOW,DAYLIGHT,TURNING,NOT DIVIDED,NO CONTROLS,UNABLE TO DETERMINE,NOT APPLICABLE,0,0,0,0,17,7,7,1346,47TH ST,41.864187,-87.842785,07/25/2020 07:12:00 PM,2020
CR00039969,12/14/2020 05:32:00 AM,25,CLEAR,DAYLIGHT,FIXED OBJECT,DIVIDED - W/MEDIAN (NOT RAISED),NO CONTROLS,UNABLE TO DETERMINE,UNABLE TO DETERMINE,0,0,0,0,5,2,12,2272,IRVING PARK RD,41.98692,-87.70651,12/14/2020 06:07:00 AM,2020
CR00039970,05/22/2018 06:28:00 PM,25,CLEAR,DAYLIGHT,ANGLE,FOUR WAY,STOP SIGN/FLASHER,FOLLOWING TOO CLOSELY,IMPROPER LANE USAGE,0,0,0,0,18,3,5,294,47TH ST,41.919456,-87.67768,05/22/2018 06:29:00 PM,2018
CR00039971,02/09/2020 07:46:00 PM,25,RAIN,DUSK,TURNING,ONE-WAY,STOP SIGN/FLASHER,FAILING TO YIELD RIGHT-OF-WAY,UNABLE TO DETERMINE,0,0,0,0,19,1,2,139,79TH ST,41.809804,-87.682563,02/09/2020 08:29:00 PM,2020
CR00039972,12/26/2021 03:49:00 PM,35,CLEAR,DAYLIGHT,PEDESTRIAN,NOT DIVIDED,TRAFFIC SIGNAL,FAILING TO YIELD RIGHT-OF-WAY,NOT APPLICABLE,0,0,0,0,15,1,12,2065,MICHIGAN AVE,41.810903,-87.804153,12/26/2021 05:03:00 PM,2021
CR00039973,06/23/2015 09:47:00 AM,30,CLEAR,DAYLIGHT,PARKED MOTOR VEHICLE,T-INTERSECTION,NO CONTROLS,DISTRACTION - FROM INSIDE VEHICLE,FOLLOWING TOO CLOSELY,0,0,0,0,9,3,6,313,CLARK ST,41.741589,-87.819305,06/23/2015 09:53:00 AM,2015
CR00039974,11/11/2016 03:28:00 AM,30,CLEAR,DARKNESS - LIGHTED ROAD,REAR END,DIVIDED - W/MEDIAN (NOT RAISED),STOP SIGN/FLASHER,DISREGARDING TRAFFIC SIGNALS,FAILING TO YIELD RIGHT-OF-WAY,0,0,1,1,3,6,11,714,79TH ST,41.811376,-87.632413,11/11/2016 05:05:00 AM,2016
CR00039975,05/18/2020 10:59:00 AM,40,CLEAR,DARKNESS - LIGHTED ROAD,SIDESWIPE SAME DIRECTION,ONE-WAY,UNKNOWN,UNABLE TO DETERMINE,UNABLE TO DETERMINE,0,0,0,0,10,2,5,1006,ARCHER AVE,41.906777,-87.802908,05/18/2020 11:42:00 AM,2020
CR00039976,11/01/2015 11:52:00 AM,25,CLEAR,DAYLIGHT,TURNING,DIVIDED - W/MEDIAN BARRIER,STOP SIGN/FLASHER,FAILING TO REDUCE SPEED,IMPROPER LANE USAGE,0,0,0,0,11,1,11,2223,DIVISION ST,41.702807,-87.816375,11/01/2015 01:17:00 PM,2015
CR00039977,03/07/2024 09:54:00 AM,20,CLEAR,DARKNESS - LIGHTED ROAD,REAR END,NOT DIVIDED,STOP SIGN/FLASHER,UNABLE TO DETERMINE,NOT APPLICABLE,0,0,0,0,9,5,3,401,ROOSEVELT RD,41.916693,-87.705758,03/07/2024 09:55:00 AM,2024
CR00039978,12/20/2023 04:36:00 PM,40,CLEAR,DAYLIGHT,PEDESTRIAN,NOT DIVIDED,TRAFFIC SIGNAL,IMPROPER OVERTAKING/PASSING,FOLLOWING TOO CLOSELY,0,0,1,1,16,4,12,908,CALIFORNIA AVE,41.803441,-87.747626,12/20/2023 06:27:00 PM,2023
CR00039979,12/11/2015 08:23:00 PM,30,CLEAR,DUSK,REAR END,NOT DIVIDED,STOP SIGN/FLASHER,IMPROPER LANE USAGE,FOLLOWING TOO CLOSELY,0,0,0,0,20,6,12,1370,ROOSEVELT RD,41.925331,-87.57306,12/11/2015 08:58:00 PM,2015
CR00039980,07/03/2024 06:42:00 AM,40,RAIN,DAYLIGHT,SIDESWIPE SAME DIRECTION,NOT DIVIDED,STOP SIGN/FLASHER,UNABLE TO DETERMINE,FAILING TO REDUCE SPEED,0,0,0,0,6,4,7,1052,KEDZIE AVE,41.997576,-87.808195,07/03/2024 06:58:00 AM,2024
CR00039981,12/21/2015 12:39:00 PM,30,CLEAR,DARKNESS - LIGHTED ROAD,PARKED MOTOR VEHICLE,ONE-WAY,NO CONTROLS,UNABLE TO DETERMINE,FAILING TO REDUCE SPEED,0,0,0,0,12,2,12,435,HALSTED ST,41.990195,-87.72839,12/21/2015 01:43:00 PM,2015
CR00039982,04/09/2022 11:45:00 AM,15,CLEAR,DARKNESS - LIGHTED ROAD,PEDESTRIAN,DIVIDED - W/MEDIAN (NOT RAISED),TRAFFIC SIGNAL,FOLLOWING TOO CLOSELY,UNABLE TO DETERMINE,0,0,1,1,11,7,4,249,DIVISION ST,41.859157,-87.521935,04/09/2022 01:29:00 PM,2022
CR00039983,01/01/2024 01:21:00 PM,35,CLOUDY/OVERCAST,DARKNESS,PARKED MOTOR VEHICLE,DIVIDED - W/MEDIAN (NOT RAISED),NO CONTROLS,DISREGARDING TRAFFIC SIGNALS,NOT APPLICABLE,0,0,0,0,13,2,1,2159,ELSTON AVE,41.937203,-87.79558,01/01/2024 01:47:00 PM,2024
CR00039984,09/01/2021 08:18:00 AM,40,CLEAR,DARKNESS - LIGHTED ROAD,REAR END,NOT DIVIDED,TRAFFIC SIGNAL,UNABLE TO DETERMINE,FAILING TO YIELD RIGHT-OF-WAY,0,0,0,0,8,4,9,343,MILWAUKEE AVE,41.756985,-87.622436,09/01/2021 08:37:00 AM,2021
CR00039985,08/17/2016 07:48:00 AM,30,CLEAR,DARKNESS - LIGHTED ROAD,FIXED OBJECT,DIVIDED - W/MEDIAN (NOT RAISED),STOP SIGN/FLASHER,UNABLE TO DETERMINE,DISTRACTION - FROM INSIDE VEHICLE,0,0,0,0,7,4,8,102,CLARK ST,41.926216,-87.676196,08/17/2016 08:41:00 AM,2016
CR00039986,05/24/2019 11:28:00 PM,20,CLOUDY/OVERCAST,DAYLIGHT,REAR END,NOT DIVIDED,STOP SIGN/FLASHER,FAILING TO REDUCE SPEED,DISREGARDING TRAFFIC SIGNALS,0,0,0,0,23,6,5,1693,DAMEN AVE,41.837454,-87.614366,05/25/2019 01:20:00 AM,2019
CR00039987,11/16/2021 09:29:00 AM,15,CLEAR,DAYLIGHT,PARKED MOTOR VEHICLE,NOT DIVIDED,TRAFFIC SIGNAL,UNABLE TO DETERMINE,DRIVING SKILLS/KNOWLEDGE/EXPERIENCE,0,0,0,0,9,3,11,1536,ELSTON AVE,41.821171,-87.538948,11/16/2021 11:28:00 AM,2021
CR00039988,04/05/2016 09:07:00 PM,15,CLEAR,DARKNESS - LIGHTED ROAD,PARKED MOTOR VEHICLE,NOT DIVIDED,NO CONTROLS,IMPROPER OVERTAKING/PASSING,UNABLE TO DETERMINE,0,0,0,0,21,3,4,961,STONY ISLAND AVE,41.986047,-87.628524,04/05/2016 10:18:00 PM,2016
CR00039989,09/30/2023 09:07:00 AM,35,RAIN,DAYLIGHT,REAR TO FRONT,ONE-WAY,TRAFFIC SIGNAL,DISTRACTION - FROM INSIDE VEHICLE,UNABLE TO DETERMINE,0,0,0,0,9,7,9,860,ROOSEVELT RD,41.812178,-87.746109,09/30/2023 09:29:00 AM,2023
CR00039990,07/21/2019 11:28:00 PM,45,CLOUDY/OVERCAST,DARKNESS - LIGHTED ROAD,TURNING,DIVIDED - W/MEDIAN BARRIER,NO CONTROLS,FAILING TO YIELD RIGHT-OF-WAY,FAILING TO YIELD RIGHT-OF-WAY,0,0,0,0,23,1,7,1259,DAMEN AVE,41.711621,-87.59321,07/21/2019 11:44:00 PM,2019
CR00039991,06/29/2017 07:03:00 PM,30,CLOUDY/OVERCAST,DAYLIGHT,REAR END,DIVIDED - W/MEDIAN BARRIER,NO CONTROLS,UNABLE TO DETERMINE,DRIVING SKILLS/KNOWLEDGE/EXPERIENCE,0,0,0,0,19,5,6,1927,IRVING PARK RD,41.760624,-87.724346,06/29/2017 08:15:00 PM,2017
CR00039992,06/04/2021 12:18:00 PM,30,CLEAR,DAYLIGHT,PARKED MOTOR VEHICLE,NOT DIVIDED,TRAFFIC SIGNAL,IMPROPER OVERTAKING/PASSING,IMPROPER LANE USAGE,0,0,0,0,12,6,6,1120,KEDZIE AVE,41.888112,-87.69137,06/04/2021 01:44:00 PM,2021
CR00039993,11/09/2017 08:10:00 AM,30,FREEZING RAIN/DRIZZLE,DARKNESS - LIGHTED ROAD,REAR END,NOT DIVIDED,NO CONTROLS,FAILING TO YIELD RIGHT-OF-WAY,UNABLE TO DETERMINE,0,0,0,0,8,5,11,2068,STATE ST,41.998145,-87.684241,11/09/2017 09:05:00 AM,2017
CR00039994,07/28/2015 02:08:00 PM,20,CLEAR,DARKNESS - LIGHTED ROAD,REAR END,DIVIDED - W/MEDIAN (NOT RAISED),TRAFFIC SIGNAL,UNABLE TO DETERMINE,DRIVING SKILLS/KNOWLEDGE/EXPERIENCE,0,0,0,0,14,3,7,876,47TH ST,41.868797,-87.809071,07/28/2015 02:18:00 PM,2015
CR00039995,01/29/2016 06:01:00 PM,15,CLEAR,DAYLIGHT,REAR END,ONE-WAY,TRAFFIC SIGNAL,FAILING TO YIELD RIGHT-OF-WAY,UNABLE TO DETERMINE,0,0,1,1,18,6,1,2126,MICHIGAN AVE,41.784875,-87.845139,01/29/2016 07:32:00 PM,2016
CR00039996,11/26/2016 05:16:00 PM,35,CLEAR,DAYLIGHT,ANGLE,DIVIDED - W/MEDIAN BARRIER,NO CONTROLS,FAILING TO YIELD RIGHT-OF-WAY,FOLLOWING TOO CLOSELY,0,0,3,3,17,7,11,1690,OGDEN AVE,41.912392,-87.845851,11/26/2016 06:36:00 PM,2016
CR00039997,08/15/2020 07:47:00 AM,40,CLEAR,DARKNESS - LIGHTED ROAD,REAR END,NOT DIVIDED,STOP SIGN/FLASHER,UNABLE TO DETERMINE,UNABLE TO DETERMINE,0,0,0,0,7,7,8,412,BROADWAY,41.874446,-87.620288,08/15/2020 08:26:00 AM,2020
CR00039998,03/13/2020 12:00:00 PM,40,RAIN,DUSK,PEDESTRIAN,DIVIDED - W/MEDIAN BARRIER,NO CONTROLS,DRIVING SKILLS/KNOWLEDGE/EXPERIENCE,FOLLOWING TOO CLOSELY,0,0,0,0,12,6,3,1466,MILWAUKEE AVE,41.736758,-87.816812,03/13/2020 01:32:00 PM,2020
CR00039999,08/24/2018 03:58:00 PM,30,CLEAR,DAYLIGHT,SIDESWIPE SAME DIRECTION,DIVIDED - W/MEDIAN BARRIER,NO CONTROLS,DISTRACTION - FROM INSIDE VEHICLE,UNABLE TO DETERMINE,0,0,0,0,15,6,8,654,63RD ST,41.968047,-87.603026,08/24/2018 05:58:00 PM,2018